# Episodes, Rewards
0.0,-1.2156097560975612
1.0,-1.191086956521739
2.0,-1.17175
3.0,-1.306086956521739
4.0,-1.2050000000000005
5.0,-1.0183333333333338
6.0,-1.1350000000000005
7.0,-1.0209090909090912
8.0,-1.2587500000000005
9.0,-1.2587500000000005
10.0,-1.0923076923076926
11.0,-1.0161538461538466
12.0,-1.1264705882352946
13.0,-1.169166666666667
14.0,-1.0682352941176472
15.0,-1.2106666666666672
16.0,-1.173888888888889
17.0,-1.320526315789474
18.0,-1.1555000000000004
19.0,-1.1847058823529415
20.0,-1.3825000000000003
21.0,-1.2264285714285716
22.0,-1.2429411764705884
23.0,-1.2684210526315791
24.0,-1.2163157894736845
25.0,-1.1835294117647062
26.0,-1.125294117647059
27.0,-1.1968750000000004
28.0,-1.0016666666666667
29.0,-0.707741935483871
30.0,-0.7774074074074077
31.0,-0.2887804878048781
32.0,0.31357142857142856
33.0,0.5822222222222222
34.0,0.6467924528301887
35.0,-0.25886792452830193
36.0,-0.2808163265306122
37.0,-0.4040625000000001
38.0,-0.0008333333333335006
39.0,0.1010526315789471
40.0,0.05999999999999989
41.0,0.2832558139534883
42.0,0.43021276595744673
43.0,0.4610869565217391
44.0,0.4756862745098039
45.0,0.7599999999999999
46.0,0.742456140350877
47.0,0.7854237288135593
48.0,0.6995161290322582
49.0,0.5591071428571428
50.0,0.5526415094339623
51.0,0.5713207547169812
52.0,0.6236363636363638
53.0,0.5820338983050847
54.0,0.3786440677966101
55.0,0.6349999999999999
56.0,0.5713207547169811
57.0,0.678269230769231
58.0,0.6371929824561402
59.0,0.7501960784313725
60.0,0.8054545454545455
61.0,0.7361904761904763
62.0,0.5891666666666666
63.0,0.7501960784313727
64.0,0.6963636363636363
65.0,0.5382258064516129
66.0,0.4422916666666666
67.0,0.5244230769230769
68.0,0.6851999999999999
69.0,0.6905555555555556
70.0,0.6558333333333333
71.0,0.46175438596491225
72.0,0.5244230769230768
73.0,0.6398076923076922
74.0,0.7551923076923076
75.0,0.7815517241379311
76.0,0.7361904761904762
77.0,0.5481355932203389
78.0,0.31729166666666664
79.0,0.6429787234042553
80.0,0.48767857142857135
81.0,0.40903846153846146
82.0,0.5509090909090909
83.0,0.4581132075471698
84.0,0.41625000000000006
85.0,0.5153191489361701
86.0,0.6905555555555556
87.0,0.7599999999999999
88.0,0.64671875
89.0,0.4558333333333333
90.0,0.5915217391304347
91.0,0.6922916666666666
92.0,0.5319298245614035
93.0,0.6371929824561403
94.0,0.3558333333333333
95.0,0.48395833333333327
96.0,0.6089583333333333
97.0,0.5872727272727272
98.0,0.545
99.0,0.632549019607843
100.0,0.7019642857142856
101.0,0.5820338983050847
102.0,0.6905555555555556
103.0,0.7854237288135594
104.0,0.5304918032786884
105.0,0.7167307692307693
106.0,0.6722807017543859
107.0,0.7222641509433962
108.0,0.5558333333333334
109.0,0.6305357142857142
110.0,0.506
111.0,0.5355102040816326
112.0,0.5145454545454544
113.0,0.5794444444444445
114.0,0.5670175438596491
115.0,0.609056603773585
116.0,0.5891666666666667
117.0,0.5424074074074073
118.0,0.49584905660377354
119.0,0.7280851063829787
120.0,0.7073684210526315
121.0,0.5960655737704917
122.0,0.5056896551724137
123.0,0.7602040816326531
124.0,0.6236363636363635
125.0,0.41625000000000006
126.0,0.5509090909090909
127.0,0.023392857142857135
128.0,-0.0359183673469388
129.0,0.29977272727272725
130.0,0.43021276595744673
131.0,0.3942592592592593
132.0,0.425
133.0,0.4859615384615384
134.0,0.49584905660377365
135.0,0.5794444444444444
136.0,0.4519642857142857
137.0,0.5628846153846154
138.0,0.6662499999999999
139.0,0.7376785714285713
140.0,0.6558333333333334
141.0,0.609056603773585
142.0,0.465
143.0,0.5335849056603773
144.0,0.671764705882353
145.0,0.4876785714285714
146.0,0.6164814814814815
147.0,0.5335849056603773
148.0,0.5713207547169811
149.0,0.5713207547169811
150.0,0.46491803278688526
151.0,0.665
152.0,0.6905555555555554
153.0,0.6436206896551725
154.0,0.6305357142857143
155.0,0.6783636363636364
156.0,0.7989655172413792
157.0,0.6995161290322581
158.0,0.3279661016949152
159.0,0.5516666666666666
160.0,0.5915217391304347
161.0,0.7167307692307693
162.0,0.7222641509433962
163.0,0.6616393442622952
164.0,0.742456140350877
165.0,0.42796874999999995
166.0,0.685531914893617
167.0,0.6963636363636363
168.0,0.76
169.0,0.5670175438596491
170.0,0.6398076923076924
171.0,0.7936538461538459
172.0,0.6409523809523809
173.0,0.47818181818181815
174.0,0.6905555555555556
175.0,0.41254237288135587
176.0,0.4649999999999999
177.0,0.6089583333333333
178.0,0.6371929824561403
179.0,0.5670175438596491
180.0,0.7690909090909092
181.0,0.7854237288135594
182.0,0.6944262295081967
183.0,0.5139682539682539
184.0,0.6090566037735848
185.0,0.5794444444444443
186.0,0.5670175438596491
187.0,0.5948214285714286
188.0,0.7199999999999999
189.0,0.43129629629629634
190.0,0.632549019607843
191.0,0.6236363636363635
192.0,0.5872727272727271
193.0,0.5319298245614035
194.0,0.609056603773585
195.0,0.683728813559322
196.0,0.6305357142857143
197.0,0.6436206896551724
198.0,0.6021052631578947
199.0,0.5401724137931033
200.0,0.5872727272727272
201.0,0.6963636363636363
202.0,0.7073684210526315
203.0,0.6225
204.0,0.6905555555555556
205.0,0.6371929824561402
206.0,0.5872727272727272
207.0,0.66625
208.0,0.5794444444444443
209.0,0.4054545454545454
210.0,0.35895833333333327
211.0,0.5541176470588236
212.0,0.66625
213.0,0.5401724137931034
214.0,0.7147272727272728
215.0,0.7019642857142856
216.0,0.7470689655172413
217.0,0.596065573770492
218.0,0.7327272727272728
219.0,0.6837288135593221
220.0,0.6963636363636363
221.0,0.20921874999999995
222.0,0.38264150943396225
223.0,0.5149019607843137
224.0,0.5850000000000001
225.0,0.5233928571428571
226.0,0.5713207547169811
227.0,0.5713207547169811
228.0,0.7125862068965517
229.0,0.4321311475409836
230.0,0.25519230769230766
231.0,0.20886363636363636
232.0,0.5149019607843137
233.0,0.40062499999999995
234.0,0.5794444444444444
235.0,0.4756862745098039
236.0,0.5628846153846154
237.0,0.2512280701754385
238.0,0.16086206896551722
239.0,0.425
240.0,0.4958490566037735
241.0,0.3942592592592592
242.0,0.6467924528301887
243.0,0.6599999999999999
244.0,0.6236363636363635
245.0,0.7073684210526315
246.0,0.6837288135593218
247.0,0.6236363636363635
248.0,0.46175438596491225
249.0,0.4683333333333333
250.0,0.5794444444444445
251.0,0.7004347826086956
252.0,0.7376785714285715
253.0,0.769090909090909
254.0,0.58421875
255.0,0.24611111111111109
256.0,-0.03245283018867926
257.0,0.21673076923076923
258.0,0.6089583333333333
259.0,0.5713207547169812
260.0,0.793653846153846
261.0,0.6891666666666667
262.0,0.7599999999999999
263.0,0.731774193548387
264.0,0.8224999999999999
265.0,0.7183333333333333
266.0,0.683728813559322
267.0,0.38264150943396225
268.0,0.6013461538461539
269.0,0.7222641509433962
270.0,0.6905555555555557
271.0,0.5558333333333333
272.0,0.6013461538461539
273.0,0.66
274.0,0.6722807017543859
275.0,0.6164814814814815
276.0,0.671764705882353
277.0,0.6225
278.0,0.41873015873015873
279.0,0.4859615384615384
280.0,0.5591071428571428
281.0,0.4756862745098039
282.0,0.5933333333333333
283.0,0.7222641509433962
284.0,0.6905555555555557
285.0,0.7125862068965517
286.0,0.6409523809523808
287.0,0.574655172413793
288.0,0.6922916666666666
289.0,0.6236363636363634
290.0,0.6159322033898306
291.0,0.7646296296296294
292.0,0.5960655737704917
293.0,0.5145454545454544
294.0,0.5335849056603774
295.0,0.7073684210526314
296.0,0.66
297.0,0.45583333333333326
298.0,0.6398076923076924
299.0,0.44145161290322577
300.0,0.7804081632653062
301.0,0.7327272727272724
302.0,0.7176271186440677
303.0,0.6159322033898306
304.0,0.7222641509433961
305.0,0.7557142857142856
306.0,0.7558333333333332
307.0,0.4369230769230769
308.0,0.38499999999999995
309.0,0.665
310.0,0.5224999999999999
311.0,0.6535185185185185
312.0,0.5713207547169812
313.0,0.4414516129032258
314.0,0.5149019607843137
315.0,0.4418181818181817
316.0,0.4649999999999999
317.0,0.6467924528301887
318.0,0.7019642857142856
319.0,0.6722807017543859
320.0,0.661639344262295
321.0,0.5424074074074073
322.0,0.48767857142857135
323.0,0.5449999999999999
324.0,0.6164814814814816
325.0,0.5981481481481481
326.0,0.5794444444444445
327.0,0.7501960784313725
328.0,0.7125862068965518
329.0,0.43692307692307686
330.0,0.46833333333333327
331.0,0.5672916666666666
332.0,0.5053703703703704
333.0,0.7376785714285715
334.0,0.7073684210526315
335.0,0.5139999999999999
336.0,0.4876785714285714
337.0,0.665
338.0,0.7073684210526314
339.0,0.6198245614035087
340.0,0.6535185185185184
341.0,0.7275925925925925
342.0,0.6891666666666667
343.0,0.6305357142857142
344.0,0.5292307692307693
345.0,0.4091935483870968
346.0,0.4946938775510204
347.0,0.705
348.0,0.5820338983050848
349.0,0.47818181818181815
350.0,0.6236363636363638
351.0,0.5948214285714285
352.0,0.6305357142857142
353.0,0.45811320754716983
354.0,0.6599999999999999
355.0,0.28631578947368413
356.0,0.41624999999999995
357.0,0.6249999999999999
358.0,0.6305357142857143
359.0,0.5225000000000001
360.0,0.5820338983050847
361.0,0.5820338983050847
362.0,0.7019642857142857
363.0,0.6436206896551724
364.0,0.5558333333333333
365.0,0.5763265306122448
366.0,0.4266666666666667
367.0,0.6987755102040814
368.0,0.6164814814814815
369.0,0.678103448275862
370.0,0.731774193548387
371.0,0.32349206349206355
372.0,0.4581132075471698
373.0,0.6013461538461539
374.0,0.5145454545454544
375.0,0.6090566037735848
376.0,0.5056896551724137
377.0,0.5794444444444444
378.0,0.5056896551724137
379.0,0.6236363636363635
380.0,0.4558333333333333
381.0,0.46833333333333327
382.0,0.5933333333333333
383.0,0.6305357142857143
384.0,0.7222641509433961
385.0,0.8126315789473686
386.0,0.767936507936508
387.0,0.5365151515151516
388.0,0.17489361702127654
389.0,0.1939622641509433
390.0,0.39068181818181813
391.0,0.6089583333333333
392.0,0.6236363636363635
393.0,0.6288524590163934
394.0,0.5319298245614035
395.0,0.4876785714285714
396.0,0.5509090909090909
397.0,0.46018181818181814
398.0,0.5794444444444444
399.0,0.6305357142857142
400.0,0.6485714285714286
401.0,0.7815517241379311
402.0,0.7272131147540982
403.0,0.27492537313432835
404.0,0.26943396226415084
405.0,0.4859615384615384
406.0,0.6171428571428571
407.0,0.609056603773585
408.0,0.5670175438596492
409.0,0.7275925925925926
410.0,0.7327272727272727
411.0,0.7815517241379311
412.0,0.6726984126984127
413.0,0.7176271186440676
414.0,0.5668181818181819
415.0,0.7073684210526315
416.0,0.6905555555555556
417.0,0.58421875
418.0,0.6649999999999998
419.0,0.6722222222222224
420.0,0.5481355932203389
421.0,0.7275925925925928
422.0,0.6558333333333334
423.0,0.7125862068965517
424.0,0.6558333333333334
425.0,0.567017543859649
426.0,0.6535185185185186
427.0,0.6498305084745762
428.0,0.5872727272727274
429.0,0.6021052631578947
430.0,0.6782692307692305
431.0,0.6722807017543858
432.0,0.5304918032786886
433.0,0.47818181818181815
434.0,0.722264150943396
435.0,0.635
436.0,0.6535185185185184
437.0,0.7073684210526315
438.0,0.38318840579710145
439.0,0.19396226415094336
440.0,0.3972549019607843
441.0,0.4942553191489361
442.0,0.45811320754716983
443.0,0.48596153846153844
444.0,0.705
445.0,0.6963636363636362
446.0,0.7515254237288135
447.0,0.7225000000000001
448.0,0.5304918032786885
449.0,0.6305357142857142
450.0,0.4977049180327868
451.0,0.6090566037735848
452.0,0.6781034482758619
453.0,0.7470689655172413
454.0,0.4241791044776119
455.0,0.5142372881355932
456.0,0.6782692307692307
457.0,0.6305357142857143
458.0,0.8054545454545455
459.0,0.8061538461538461
460.0,0.37267605633802814
461.0,0.5481355932203389
462.0,0.46491803278688526
463.0,0.5509090909090908
464.0,0.5891666666666667
465.0,0.6236363636363638
466.0,0.6436206896551724
467.0,0.6558333333333333
468.0,0.43213114754098353
469.0,0.7376785714285715
470.0,0.596065573770492
471.0,0.7376785714285713
472.0,0.8091071428571428
473.0,0.731774193548387
474.0,0.7044444444444443
475.0,0.6672580645161288
476.0,0.7894117647058824
477.0,0.8224999999999999
478.0,0.7446153846153847
479.0,0.731774193548387
480.0,0.6995161290322581
481.0,0.7640322580645162
482.0,0.5734328358208955
483.0,0.25999999999999995
484.0,0.5335849056603772
485.0,0.3942592592592593
486.0,0.5713207547169811
487.0,0.6159322033898303
488.0,0.678103448275862
489.0,0.6159322033898305
490.0,0.7176271186440677
491.0,0.661639344262295
492.0,0.6350000000000001
493.0,0.3942592592592593
494.0,0.5509090909090909
495.0,0.6845283018867925
496.0,0.5591071428571428
497.0,0.7501960784313725
498.0,0.6498305084745762
499.0,0.4504761904761905
500.0,0.5466666666666666
501.0,0.5335849056603773
502.0,0.6436206896551724
503.0,0.7470689655172414
504.0,0.5225000000000001
505.0,0.5591071428571428
506.0,0.6579591836734693
507.0,0.6963636363636363
508.0,0.7019642857142856
509.0,0.8225
510.0,0.7269117647058824
511.0,0.49846153846153846
512.0,0.6013461538461538
513.0,0.6013461538461538
514.0,0.6159322033898305
515.0,0.7327272727272726
516.0,0.667258064516129
517.0,0.7224999999999999
518.0,0.7854237288135593
519.0,0.61546875
520.0,0.635
521.0,0.7515254237288136
522.0,0.6722807017543859
523.0,0.7125862068965516
524.0,0.7815517241379311
525.0,0.7044444444444443
526.0,0.6288524590163934
527.0,0.769090909090909
528.0,0.7962903225806452
529.0,0.74046875
530.0,0.5210294117647057
531.0,0.7646296296296298
532.0,0.6944262295081969
533.0,0.7317741935483869
534.0,0.609206349206349
535.0,0.6722807017543858
536.0,0.2269117647058823
537.0,0.44750000000000006
538.0,0.6013461538461539
539.0,0.6662499999999999
540.0,0.6558333333333334
541.0,0.661639344262295
542.0,0.6616393442622951
543.0,0.5820338983050846
544.0,0.5401724137931034
545.0,0.5891666666666667
546.0,0.7977358490566037
547.0,0.74046875
548.0,0.7092187499999999
549.0,0.0759722222222222
550.0,0.07147540983606554
551.0,0.6089583333333333
552.0,0.6305357142857142
553.0,0.6467924528301887
554.0,0.7327272727272727
555.0,0.7558333333333335
556.0,0.7361904761904764
557.0,0.6092063492063491
558.0,0.5820338983050847
559.0,0.5794444444444443
560.0,0.5794444444444444
561.0,0.6371929824561403
562.0,0.7199999999999999
563.0,0.6944262295081967
564.0,0.6944262295081965
565.0,0.6225
566.0,0.6498305084745761
567.0,0.5652542372881356
568.0,0.6021052631578946
569.0,0.769090909090909
570.0,0.8224999999999998
571.0,0.764032258064516
572.0,0.7486363636363635
573.0,0.513968253968254
574.0,0.66625
575.0,0.7176271186440678
576.0,0.6454098360655736
577.0,0.6837288135593218
578.0,0.6498305084745764
579.0,0.7679365079365079
580.0,0.7515254237288136
581.0,0.4327941176470588
582.0,0.6305357142857142
583.0,0.6224999999999997
584.0,0.6371929824561403
585.0,0.6891666666666667
586.0,-0.15517857142857142
587.0,0.1398076923076923
588.0,0.25431818181818183
589.0,0.14499999999999993
590.0,0.39725490196078433
591.0,0.683728813559322
592.0,0.609056603773585
593.0,0.7125862068965517
594.0,0.6944262295081967
595.0,0.7515254237288135
596.0,0.6350000000000001
597.0,0.6599999999999999
598.0,0.6436206896551724
599.0,0.5558333333333334
600.0,0.678103448275862
601.0,0.796290322580645
602.0,0.5457142857142857
603.0,0.6225
604.0,0.48916666666666664
605.0,0.7327272727272728
606.0,0.6091379310344828
607.0,0.7073684210526314
608.0,0.7962903225806452
609.0,0.8369230769230769
610.0,0.8420895522388059
611.0,0.7823880597014925
612.0,0.735
613.0,0.5980281690140845
614.0,0.5628846153846154
615.0,0.4162499999999999
616.0,0.42037735849056607
617.0,0.6436206896551724
618.0,0.7272131147540983
619.0,0.7640322580645161
620.0,0.46491803278688526
621.0,0.18338709677419354
622.0,0.7551923076923076
623.0,0.5481355932203389
624.0,0.7815517241379311
625.0,0.67796875
626.0,0.74046875
627.0,0.6928358208955223
628.0,0.5668181818181818
629.0,0.7977358490566037
630.0,0.7515254237288135
631.0,0.4540298507462686
632.0,0.5401724137931034
633.0,0.7515254237288136
634.0,0.6092063492063491
635.0,0.7424561403508771
636.0,0.5632786885245902
637.0,0.769090909090909
638.0,0.635
639.0,0.6498305084745761
640.0,0.7515254237288135
641.0,0.77171875
642.0,0.7361904761904762
643.0,0.6672580645161289
644.0,0.8160344827586208
645.0,0.80296875
646.0,0.6726984126984127
647.0,0.3259722222222222
648.0,0.5558333333333334
649.0,0.6783636363636363
650.0,0.7125862068965516
651.0,0.6722807017543859
652.0,0.6837288135593221
653.0,0.6027419354838708
654.0,0.5842187499999999
655.0,0.6371929824561403
656.0,0.52171875
657.0,0.5233928571428572
658.0,0.6905555555555554
659.0,0.7640322580645161
660.0,0.022096774193548375
661.0,0.22959183673469388
662.0,0.6429787234042553
663.0,0.625
664.0,0.8016666666666665
665.0,0.7962903225806451
666.0,0.5288059701492537
667.0,0.602741935483871
668.0,0.7176271186440677
669.0,0.4540298507462686
670.0,0.5509090909090909
671.0,0.7558333333333332
672.0,0.8225
673.0,0.8061538461538461
674.0,0.6577272727272727
675.0,0.7515254237288135
676.0,0.7789393939393939
677.0,0.80296875
678.0,0.6928358208955224
679.0,0.661639344262295
680.0,0.683728813559322
681.0,0.6837288135593218
682.0,0.5292307692307691
683.0,0.3769354838709677
684.0,0.7019642857142857
685.0,0.7073684210526314
686.0,0.6887301587301587
687.0,0.7558333333333332
688.0,0.80296875
689.0,0.46220588235294113
690.0,0.6409523809523809
691.0,0.513968253968254
692.0,0.7125862068965516
693.0,0.7775438596491226
694.0,0.6835483870967741
695.0,0.667258064516129
696.0,0.640952380952381
697.0,0.7558333333333332
698.0,0.635
699.0,0.7558333333333334
700.0,0.7962903225806452
701.0,0.8061538461538461
702.0,0.7753846153846153
703.0,0.5860869565217391
704.0,0.64671875
705.0,0.6498305084745762
706.0,0.5632786885245902
707.0,0.6393333333333334
708.0,0.7125862068965518
709.0,0.7962903225806451
710.0,0.77171875
711.0,0.836923076923077
712.0,0.7889855072463767
713.0,0.6331343283582089
714.0,0.548135593220339
715.0,0.7225
716.0,0.7891666666666667
717.0,0.6092647058823528
718.0,0.7775438596491226
719.0,0.70921875
720.0,0.731774193548387
721.0,0.7600000000000001
722.0,0.764032258064516
723.0,0.699516129032258
724.0,0.7815517241379311
725.0,0.6523076923076921
726.0,0.7558333333333332
727.0,0.7158064516129031
728.0,0.7640322580645161
729.0,0.7486363636363635
730.0,0.7446153846153846
731.0,0.6409523809523807
732.0,0.6722807017543858
733.0,0.6305357142857143
734.0,0.7854237288135593
735.0,0.6523076923076923
736.0,0.6616393442622951
737.0,0.64671875
738.0,0.7726666666666666
739.0,0.77171875
740.0,0.76
741.0,0.5798529411764706
742.0,0.6891666666666667
743.0,0.7522222222222221
744.0,0.8285483870967741
745.0,0.8122388059701493
746.0,0.6629850746268657
747.0,0.6680882352941176
748.0,0.7347457627118644
749.0,0.661639344262295
750.0,0.8255737704918031
751.0,0.7823880597014926
752.0,0.7525373134328357
753.0,0.7789393939393939
754.0,0.6928358208955223
755.0,0.7480645161290321
756.0,0.767936507936508
757.0,0.722686567164179
758.0,0.3558333333333333
759.0,0.08916666666666664
760.0,0.35895833333333327
761.0,0.5591071428571428
762.0,0.7470689655172413
763.0,0.7996825396825396
764.0,0.683076923076923
765.0,0.6842857142857142
766.0,0.7138461538461537
767.0,0.6215384615384615
768.0,0.6891666666666667
769.0,0.38499999999999995
770.0,0.5056896551724137
771.0,0.5382258064516128
772.0,0.5591071428571428
773.0,0.6288524590163934
774.0,0.6722807017543859
775.0,0.6891666666666666
776.0,0.6726984126984126
777.0,0.6027419354838709
778.0,0.7073684210526315
779.0,0.667258064516129
780.0,0.6891666666666667
781.0,0.7996825396825399
782.0,0.7486363636363637
783.0,0.1573972602739726
784.0,0.2354098360655737
785.0,0.5449999999999999
786.0,0.7019642857142857
787.0,0.7600000000000001
788.0,0.7927868852459017
789.0,0.7823880597014925
790.0,0.6440579710144926
791.0,0.67796875
792.0,0.640952380952381
793.0,0.83421875
794.0,0.8061538461538462
795.0,0.8151470588235293
796.0,0.7676119402985075
797.0,0.49046875
798.0,0.41530303030303023
799.0,0.4022413793103448
800.0,0.7275925925925926
801.0,0.7044444444444447
802.0,0.7446153846153846
803.0,0.77171875
804.0,0.7823880597014926
805.0,0.7789393939393939
806.0,0.688030303030303
807.0,0.7962903225806451
808.0,0.5734328358208955
809.0,0.6963636363636363
810.0,0.7424561403508774
811.0,0.7272131147540982
812.0,0.8314285714285715
813.0,0.7889855072463767
814.0,0.6726984126984127
815.0,0.8061538461538461
816.0,0.6629850746268656
817.0,0.3151470588235294
818.0,0.28016129032258064
819.0,0.39425925925925925
820.0,0.6658490566037735
821.0,0.7470689655172413
822.0,0.7753846153846153
823.0,0.3009836065573771
824.0,0.5509090909090909
825.0,0.5628846153846153
826.0,0.7424561403508771
827.0,0.48388059701492553
828.0,0.6091379310344827
829.0,0.6558333333333333
830.0,0.7927868852459017
831.0,0.7138461538461537
832.0,0.74046875
833.0,0.7269117647058824
834.0,0.7962903225806451
835.0,0.6680882352941178
836.0,0.67796875
837.0,0.61546875
838.0,0.6436206896551724
839.0,0.7962903225806451
840.0,0.7765573770491803
841.0,0.8369230769230769
842.0,0.8179710144927536
843.0,0.8151470588235294
844.0,0.7635714285714285
845.0,0.7857352941176471
846.0,0.7857352941176471
847.0,0.41753424657534244
848.0,0.5670175438596491
849.0,0.5713207547169811
850.0,0.7176271186440678
851.0,0.699516129032258
852.0,0.80296875
853.0,0.8548484848484847
854.0,0.7753846153846154
855.0,0.4333333333333334
856.0,-0.19833333333333328
857.0,0.3741304347826087
858.0,0.32140350877192975
859.0,0.6021052631578947
860.0,0.7225
861.0,0.667258064516129
862.0,0.7962903225806452
863.0,0.6680882352941178
864.0,0.6880303030303031
865.0,0.7558333333333331
866.0,0.7996825396825397
867.0,0.80296875
868.0,0.7310144927536232
869.0,0.7525373134328359
870.0,0.7138461538461538
871.0,0.5059677419354839
872.0,0.49000000000000005
873.0,0.678103448275862
874.0,0.67796875
875.0,0.5704838709677418
876.0,0.5746551724137932
877.0,0.6159322033898306
878.0,0.7558333333333331
879.0,0.7138461538461538
880.0,0.70921875
881.0,0.67796875
882.0,0.7640322580645161
883.0,0.6616393442622951
884.0,0.7753846153846154
885.0,0.8571641791044776
886.0,0.8445588235294117
887.0,0.7952112676056338
888.0,0.6122535211267603
889.0,0.4977049180327869
890.0,0.3915789473684211
891.0,0.6963636363636364
892.0,0.683728813559322
893.0,0.7599999999999999
894.0,0.77171875
895.0,0.7486363636363637
896.0,0.74046875
897.0,0.767936507936508
898.0,0.3444155844155844
899.0,0.17287878787878788
900.0,0.51531914893617
901.0,0.7019642857142857
902.0,0.5591071428571428
903.0,0.4822222222222222
904.0,0.6837288135593221
905.0,0.6616393442622952
906.0,0.70921875
907.0,0.6577272727272726
908.0,0.7640322580645161
909.0,0.683076923076923
910.0,0.7044444444444442
911.0,0.67796875
912.0,0.683076923076923
913.0,0.56
914.0,0.5225
915.0,0.69
916.0,0.5907692307692307
917.0,0.6436206896551725
918.0,0.7640322580645161
919.0,0.70921875
920.0,0.7525373134328357
921.0,0.6779687499999999
922.0,0.6616393442622951
923.0,0.6436206896551723
924.0,0.7558333333333334
925.0,0.49846153846153846
926.0,0.5382258064516129
927.0,0.5960655737704917
928.0,0.6781034482758621
929.0,0.6891666666666667
930.0,0.8314285714285714
931.0,0.8314285714285715
932.0,0.7857352941176471
933.0,0.8122388059701493
934.0,0.7823880597014926
935.0,0.8395454545454546
936.0,0.849285714285714
937.0,0.8233802816901407
938.0,0.8151470588235294
939.0,0.7107042253521126
940.0,0.5622222222222222
941.0,0.5224999999999999
942.0,0.5233928571428571
943.0,0.6726666666666667
944.0,0.6891666666666667
945.0,0.6995161290322581
946.0,0.7044444444444443
947.0,0.6523076923076923
948.0,0.8285483870967743
949.0,0.7789393939393938
950.0,0.5135211267605634
951.0,0.6126229508196722
952.0,0.7690909090909092
953.0,0.7317741935483869
954.0,0.609264705882353
955.0,0.6288524590163934
956.0,0.7515254237288136
957.0,0.6880303030303031
958.0,0.7996825396825397
959.0,0.8285483870967741
960.0,0.7310144927536231
961.0,0.70921875
962.0,0.767936507936508
963.0,0.6350000000000002
964.0,0.6726984126984126
965.0,0.6891666666666667
966.0,0.5774603174603175
967.0,0.76
968.0,0.70921875
969.0,0.683076923076923
970.0,0.7486363636363635
971.0,0.7753846153846153
972.0,0.7226865671641791
973.0,0.6523076923076924
974.0,0.76
975.0,0.8255737704918034
976.0,0.8151470588235293
977.0,0.13341772151898734
978.0,0.7515254237288135
979.0,0.74046875
980.0,0.6928358208955223
981.0,0.699516129032258
982.0,0.764032258064516
983.0,0.74046875
984.0,0.7639393939393938
985.0,0.7789393939393939
986.0,0.7789393939393939
987.0,0.8395454545454545
988.0,0.8594117647058824
989.0,0.7670422535211266
990.0,0.8445588235294118
991.0,0.6641095890410958
992.0,0.7310144927536232
993.0,0.6974999999999999
994.0,0.77171875
995.0,0.8151470588235294
996.0,0.77171875
997.0,0.7138461538461538
998.0,0.778939393939394
999.0,0.74046875
1000.0,0.67796875
1001.0,0.7789393939393939
1002.0,0.688030303030303
1003.0,0.6274242424242424
1004.0,0.7996825396825398
1005.0,0.6440579710144926
1006.0,0.7138461538461538
1007.0,0.74046875
1008.0,0.77171875
1009.0,0.77171875
1010.0,0.6830769230769231
1011.0,0.764032258064516
1012.0,0.77171875
1013.0,0.778939393939394
1014.0,0.7839682539682539
1015.0,0.7138461538461538
1016.0,0.64671875
1017.0,0.6482089552238806
1018.0,0.6288524590163933
1019.0,0.67796875
1020.0,0.8255737704918032
1021.0,0.8369230769230769
1022.0,0.8122388059701492
1023.0,0.5980281690140843
1024.0,0.5586567164179105
1025.0,0.6558333333333333
1026.0,0.7225
1027.0,0.83421875
1028.0,0.8151470588235294
1029.0,0.8151470588235294
1030.0,0.7823880597014926
1031.0,0.7310144927536231
1032.0,0.8092424242424242
1033.0,0.8122388059701493
1034.0,0.7889855072463768
1035.0,0.7789393939393939
1036.0,0.8445588235294117
1037.0,0.7599999999999999
1038.0,0.8122388059701492
1039.0,0.17566265060240963
1040.0,0.4737096774193548
1041.0,0.731774193548387
1042.0,0.6629850746268656
1043.0,0.7996825396825397
1044.0,0.7563235294117647
1045.0,0.778939393939394
1046.0,0.7996825396825397
1047.0,0.7789393939393939
1048.0,0.7599999999999999
1049.0,0.6825352112676056
1050.0,0.7558333333333334
1051.0,0.83421875
1052.0,0.8420895522388059
1053.0,0.7670422535211268
1054.0,0.7789393939393939
1055.0,0.47959459459459464
1056.0,0.385
1057.0,0.5991525423728813
1058.0,0.7558333333333334
1059.0,0.80296875
1060.0,0.8342187499999999
1061.0,0.8092424242424242
1062.0,0.7670422535211266
1063.0,0.7249999999999999
1064.0,0.7823880597014926
1065.0,0.6523076923076923
1066.0,0.688030303030303
1067.0,0.513968253968254
1068.0,0.7327272727272727
1069.0,0.23635135135135132
1070.0,0.5820338983050847
1071.0,0.764032258064516
1072.0,0.7558333333333334
1073.0,0.8157142857142856
1074.0,0.8092424242424243
1075.0,0.722686567164179
1076.0,0.77171875
1077.0,0.80296875
1078.0,0.722686567164179
1079.0,0.8342187499999999
1080.0,0.7889855072463767
1081.0,0.8122388059701492
1082.0,0.6730434782608695
1083.0,0.7789393939393939
1084.0,0.7563235294117647
1085.0,0.7183333333333333
1086.0,0.7480645161290321
1087.0,0.7404687499999999
1088.0,0.7942424242424242
1089.0,0.7183333333333333
1090.0,0.7639393939393939
1091.0,0.842089552238806
1092.0,0.7670422535211266
1093.0,0.7891666666666667
1094.0,0.80296875
1095.0,0.6730434782608694
1096.0,0.7753846153846153
1097.0,0.8122388059701492
1098.0,0.8151470588235294
1099.0,0.7310144927536231
1100.0,0.735
1101.0,0.7563235294117647
1102.0,0.8369230769230769
1103.0,0.792142857142857
1104.0,0.735
1105.0,0.7823880597014924
1106.0,0.8245454545454546
1107.0,0.6974999999999999
1108.0,0.7823880597014926
1109.0,0.8299999999999998
1110.0,0.7789393939393939
1111.0,0.8179710144927534
1112.0,0.8179710144927536
1113.0,0.6492857142857144
1114.0,0.5734328358208955
1115.0,0.7183333333333334
1116.0,0.45402985074626856
1117.0,0.67796875
1118.0,0.74046875
1119.0,0.7486363636363635
1120.0,0.7789393939393939
1121.0,0.7183333333333334
1122.0,0.8061538461538462
1123.0,0.842089552238806
1124.0,0.8469565217391305
1125.0,0.8469565217391303
1126.0,0.7736986301369865
1127.0,0.5725000000000001
1128.0,0.6680882352941176
1129.0,0.7525373134328358
1130.0,0.77171875
1131.0,0.842089552238806
1132.0,0.7388732394366198
1133.0,0.8092424242424242
1134.0,0.8122388059701494
1135.0,0.8369230769230769
1136.0,0.8469565217391303
1137.0,0.8207142857142856
1138.0,0.8233802816901407
1139.0,0.31063291139240506
1140.0,0.6150724637681159
1141.0,0.67796875
1142.0,0.7854237288135594
1143.0,0.8061538461538462
1144.0,0.8395454545454546
1145.0,0.8445588235294117
1146.0,0.8492857142857142
1147.0,0.8469565217391303
1148.0,0.8515492957746478
1149.0,0.8259722222222222
1150.0,0.7463013698630138
1151.0,0.6514473684210526
1152.0,0.7635714285714285
1153.0,0.7889855072463767
1154.0,0.7889855072463767
1155.0,0.8207142857142856
1156.0,0.7426388888888888
1157.0,0.6680882352941176
1158.0,0.8092424242424242
1159.0,0.6577272727272727
1160.0,0.7446153846153846
1161.0,0.76
1162.0,0.6629850746268657
1163.0,0.7775438596491226
1164.0,0.80296875
1165.0,0.7525373134328357
1166.0,0.8445588235294118
1167.0,0.8469565217391304
1168.0,0.8515492957746478
1169.0,0.85375
1170.0,0.8400000000000001
1171.0,0.6958108108108109
1172.0,0.7981944444444444
1173.0,0.7
1174.0,0.7670422535211266
1175.0,0.7635714285714285
1176.0,0.8179710144927536
1177.0,0.8369230769230769
1178.0,0.8445588235294117
1179.0,0.792142857142857
1180.0,0.8233802816901408
1181.0,0.7228378378378377
1182.0,0.8492857142857142
1183.0,0.8233802816901408
1184.0,0.664109589041096
1185.0,0.6870833333333333
1186.0,0.7635714285714287
1187.0,0.8369230769230769
1188.0,0.8594117647058822
1189.0,0.7952112676056337
1190.0,0.8351428571428571
1191.0,0.7952112676056338
1192.0,0.7921428571428569
1193.0,0.8492857142857142
1194.0,0.8515492957746477
1195.0,0.8492857142857141
1196.0,0.7736986301369864
1197.0,0.85375
1198.0,0.749864864864865
1199.0,0.7981944444444444
1200.0,0.8492857142857141
1201.0,0.8537500000000001
1202.0,0.8259722222222222
1203.0,0.5461842105263157
1204.0,0.6680882352941175
1205.0,0.7183333333333333
1206.0,0.7942424242424242
1207.0,0.8445588235294117
1208.0,0.8469565217391304
1209.0,0.7981944444444445
1210.0,0.7857352941176472
1211.0,0.785735294117647
1212.0,0.8469565217391304
1213.0,0.6417567567567567
1214.0,0.5933333333333333
1215.0,0.7269117647058823
1216.0,0.6523076923076923
1217.0,0.7996825396825398
1218.0,0.6331343283582088
1219.0,0.7515254237288135
1220.0,0.70921875
1221.0,0.6409523809523808
1222.0,0.83421875
1223.0,0.8151470588235294
1224.0,0.5336486486486487
1225.0,0.6680882352941176
1226.0,0.5774603174603173
1227.0,0.6837288135593218
1228.0,0.828548387096774
1229.0,0.8092424242424241
1230.0,0.7599999999999999
1231.0,0.8395454545454545
1232.0,0.7670422535211266
1233.0,0.8151470588235293
1234.0,0.8420895522388059
1235.0,0.8492857142857142
1236.0,0.7094594594594594
1237.0,0.8259722222222222
1238.0,0.8122388059701492
1239.0,0.7530985915492957
1240.0,0.7599999999999999
1241.0,0.3882894736842106
1242.0,0.4153030303030303
1243.0,0.6891666666666668
1244.0,0.6027419354838709
1245.0,0.76
1246.0,0.7996825396825397
1247.0,0.7486363636363635
1248.0,0.8314285714285714
1249.0,0.8092424242424242
1250.0,0.8151470588235296
1251.0,0.6367123287671234
1252.0,0.8092424242424242
1253.0,0.849285714285714
1254.0,0.7921428571428569
1255.0,0.1450574712643678
1256.0,0.3785897435897437
1257.0,0.7138461538461537
1258.0,0.77171875
1259.0,0.731774193548387
1260.0,0.7996825396825398
1261.0,0.7310144927536232
1262.0,0.7446153846153846
1263.0,0.7020289855072465
1264.0,0.7020289855072461
1265.0,0.7064285714285713
1266.0,0.731774193548387
1267.0,0.7753846153846153
1268.0,0.7310144927536232
1269.0,0.8285483870967741
1270.0,0.8420895522388059
1271.0,0.8207142857142856
1272.0,0.8445588235294118
1273.0,0.8492857142857142
1274.0,0.8259722222222222
1275.0,0.7704166666666666
1276.0,0.8420895522388059
1277.0,0.6231506849315068
1278.0,0.5698591549295775
1279.0,0.6577272727272727
1280.0,0.7996825396825397
1281.0,0.8445588235294119
1282.0,0.8492857142857142
1283.0,0.8469565217391303
1284.0,0.7981944444444444
1285.0,0.8233802816901408
1286.0,0.6251315789473684
1287.0,0.7189041095890412
1288.0,0.7388732394366195
1289.0,0.76
1290.0,0.7753846153846152
1291.0,0.8395454545454545
1292.0,0.8445588235294119
1293.0,0.7952112676056337
1294.0,0.8207142857142855
1295.0,0.8469565217391304
1296.0,0.8233802816901407
1297.0,0.8259722222222222
1298.0,0.7736986301369864
1299.0,0.8233802816901408
1300.0,0.7981944444444445
1301.0,0.8492857142857143
1302.0,0.7736986301369863
1303.0,0.7426388888888888
1304.0,0.7670422535211268
1305.0,0.7670422535211266
1306.0,0.785735294117647
1307.0,0.7310144927536231
1308.0,0.8179710144927534
1309.0,0.8445588235294117
1310.0,0.8515492957746478
1311.0,0.8259722222222223
1312.0,0.7952112676056338
1313.0,0.7981944444444444
1314.0,0.8207142857142855
1315.0,0.8233802816901408
1316.0,0.8376056338028168
1317.0,0.8284931506849316
1318.0,0.5606756756756757
1319.0,0.6492857142857144
1320.0,0.7563235294117647
1321.0,0.8395454545454546
1322.0,0.7857352941176471
1323.0,0.7670422535211265
1324.0,0.788985507246377
1325.0,0.8445588235294119
1326.0,0.8492857142857141
1327.0,0.8492857142857143
1328.0,0.85375
1329.0,0.8558904109589042
1330.0,0.8558904109589041
1331.0,0.8558904109589041
1332.0,0.78
1333.0,0.7533333333333332
1334.0,0.8558904109589041
1335.0,0.8558904109589042
1336.0,0.7799999999999999
1337.0,0.8558904109589042
1338.0,0.8558904109589042
1339.0,0.8284931506849315
1340.0,0.8284931506849316
1341.0,0.6397468354430378
1342.0,0.6301298701298701
1343.0,0.7768918918918919
1344.0,0.8492857142857143
1345.0,0.8469565217391303
1346.0,0.8259722222222223
1347.0,0.8284931506849316
1348.0,0.6349999999999998
1349.0,0.5522077922077921
1350.0,0.7563235294117646
1351.0,0.7753846153846154
1352.0,0.6629850746268657
1353.0,0.8061538461538461
1354.0,0.7599999999999999
1355.0,0.7064285714285715
1356.0,0.8065714285714285
1357.0,0.7226865671641791
1358.0,0.7889855072463768
1359.0,0.8005882352941176
1360.0,0.792142857142857
1361.0,0.8445588235294117
1362.0,0.8492857142857141
1363.0,0.7670422535211266
1364.0,0.7981944444444444
1365.0,0.7952112676056337
1366.0,0.865774647887324
1367.0,0.8233802816901407
1368.0,0.8515492957746478
1369.0,0.8233802816901408
1370.0,0.8284931506849316
1371.0,0.801095890410959
1372.0,0.8515492957746477
1373.0,0.8558904109589042
1374.0,0.8284931506849316
1375.0,0.8445588235294118
1376.0,0.8259722222222222
1377.0,0.8259722222222222
1378.0,0.8515492957746479
1379.0,0.8284931506849315
1380.0,0.8284931506849315
1381.0,0.8284931506849316
1382.0,0.8259722222222223
1383.0,0.7768918918918918
1384.0,0.85375
1385.0,0.8492857142857142
1386.0,0.8233802816901409
1387.0,0.8677777777777779
1388.0,0.7533333333333333
1389.0,0.8515492957746477
1390.0,0.8537500000000001
1391.0,0.8558904109589042
1392.0,0.7679365079365079
1393.0,0.8420895522388059
1394.0,0.7189041095890412
1395.0,0.8259722222222222
1396.0,0.85375
1397.0,0.8558904109589041
1398.0,0.830945945945946
1399.0,0.8309459459459461
1400.0,0.8558904109589041
1401.0,0.8369230769230769
1402.0,0.8395454545454545
1403.0,0.8207142857142855
1404.0,0.5324358974358974
1405.0,0.6958108108108108
1406.0,0.7463013698630138
1407.0,0.7704166666666667
1408.0,0.8400000000000001
1409.0,0.7981944444444445
1410.0,0.8259722222222222
1411.0,0.801095890410959
1412.0,0.8515492957746478
1413.0,0.85375
1414.0,0.7736986301369864
1415.0,0.7498648648648649
1416.0,0.85375
1417.0,0.85375
1418.0,0.8558904109589042
1419.0,0.8284931506849316
1420.0,0.2977906976744186
1421.0,0.5637974683544302
1422.0,0.8284931506849316
1423.0,0.8151470588235293
1424.0,0.7921428571428569
1425.0,0.8233802816901407
1426.0,0.8492857142857142
1427.0,0.7981944444444444
1428.0,0.8515492957746478
1429.0,0.85375
1430.0,0.8537500000000001
1431.0,0.85375
1432.0,0.8284931506849315
1433.0,0.85375
1434.0,0.8558904109589041
1435.0,0.8558904109589042
1436.0,0.8677777777777779
1437.0,0.8039189189189189
1438.0,0.8284931506849316
1439.0,0.776891891891892
1440.0,0.801095890410959
1441.0,0.8515492957746477
1442.0,0.8259722222222222
1443.0,0.8259722222222222
1444.0,0.8233802816901408
1445.0,0.8284931506849315
1446.0,0.7635714285714285
1447.0,0.7921428571428571
1448.0,0.8492857142857142
1449.0,0.85375
1450.0,0.8284931506849316
1451.0,0.8010958904109589
1452.0,0.8326086956521738
1453.0,0.8492857142857141
1454.0,0.85375
1455.0,0.85375
1456.0,0.801095890410959
1457.0,0.7401333333333333
1458.0,0.8259722222222222
1459.0,0.85375
1460.0,0.78
1461.0,0.8558904109589042
1462.0,0.8537500000000001
1463.0,0.8558904109589042
1464.0,0.8558904109589042
1465.0,0.8259722222222222
1466.0,0.15784946236559136
1467.0,0.4760493827160494
1468.0,0.801095890410959
1469.0,0.83421875
1470.0,0.8395454545454546
1471.0,0.8469565217391303
1472.0,0.8492857142857143
1473.0,0.85375
1474.0,0.85375
1475.0,0.8537500000000001
1476.0,0.8558904109589042
1477.0,0.8537500000000001
1478.0,0.8558904109589042
1479.0,0.8558904109589042
1480.0,0.8558904109589042
1481.0,0.8558904109589041
1482.0,0.8309459459459458
1483.0,0.85375
1484.0,0.8284931506849316
1485.0,0.7148611111111111
1486.0,0.7670422535211266
1487.0,0.8515492957746478
1488.0,0.5988157894736842
1489.0,0.7981944444444444
1490.0,0.8259722222222222
1491.0,0.8558904109589042
1492.0,0.7981944444444445
1493.0,0.8284931506849316
1494.0,0.8259722222222222
1495.0,0.8284931506849316
1496.0,0.8469565217391303
1497.0,0.8469565217391304
1498.0,0.85375
1499.0,0.8558904109589042
1500.0,0.8284931506849315
1501.0,0.8558904109589041
1502.0,0.8309459459459458
1503.0,0.8558904109589041
1504.0,0.828548387096774
1505.0,0.7486363636363637
1506.0,0.8151470588235293
1507.0,0.8207142857142856
1508.0,0.8515492957746478
1509.0,0.8284931506849316
1510.0,0.8558904109589042
1511.0,0.85375
1512.0,0.8558904109589042
1513.0,0.8558904109589042
1514.0,0.8558904109589042
1515.0,0.8558904109589042
1516.0,0.8558904109589042
1517.0,0.8558904109589042
1518.0,0.8309459459459458
1519.0,0.8697260273972603
1520.0,0.8423287671232877
1521.0,0.8309459459459458
1522.0,0.8284931506849315
1523.0,0.8284931506849316
1524.0,0.8558904109589041
1525.0,0.85375
1526.0,0.8284931506849315
1527.0,0.8309459459459458
1528.0,0.8558904109589042
1529.0,0.8039189189189189
1530.0,0.8423287671232877
1531.0,0.8284931506849315
1532.0,0.8233802816901409
1533.0,0.801095890410959
1534.0,0.8259722222222222
1535.0,0.8537500000000001
1536.0,0.8558904109589042
1537.0,0.8697260273972603
1538.0,-1.22
1539.0,0.8558904109589041
1540.0,0.8066666666666665
1541.0,0.8558904109589042
1542.0,0.8558904109589042
1543.0,0.8558904109589042
1544.0,0.8558904109589042
1545.0,0.682077922077922
1546.0,0.6397468354430378
1547.0,0.7303947368421051
1548.0,0.8558904109589042
1549.0,0.8469565217391304
1550.0,0.8259722222222222
1551.0,0.8558904109589042
1552.0,0.8558904109589042
1553.0,0.8558904109589042
1554.0,0.830945945945946
1555.0,0.8309459459459458
1556.0,0.8558904109589042
1557.0,0.8558904109589042
1558.0,0.8558904109589041
1559.0,0.830945945945946
1560.0,0.8284931506849315
1561.0,0.8697260273972603
1562.0,0.8558904109589042
1563.0,0.8558904109589041
1564.0,0.8579729729729729
1565.0,0.8558904109589041
1566.0,0.8558904109589041
1567.0,0.8558904109589042
1568.0,0.8558904109589042
1569.0,0.8284931506849315
1570.0,0.8309459459459458
1571.0,0.830945945945946
1572.0,0.8558904109589042
1573.0,0.830945945945946
1574.0,0.8284931506849315
1575.0,0.8558904109589042
1576.0,0.8309459459459458
1577.0,0.8558904109589041
1578.0,0.8558904109589042
1579.0,0.8423287671232877
1580.0,-0.8070000000000004
1581.0,0.78
1582.0,0.8284931506849315
1583.0,0.803918918918919
1584.0,0.8558904109589042
1585.0,0.830945945945946
1586.0,0.8558904109589041
1587.0,-1.0204276315789473
1588.0,0.830945945945946
1589.0,0.8558904109589042
1590.0,0.7498648648648648
1591.0,0.7768918918918918
1592.0,0.8558904109589041
1593.0,0.8284931506849315
1594.0,-0.5653968253968257
1595.0,0.8284931506849315
1596.0,0.8284931506849315
1597.0,0.8558904109589042
1598.0,0.803918918918919
1599.0,0.8284931506849316
1600.0,0.803918918918919
1601.0,0.8558904109589042
1602.0,-1.0250000000000001
1603.0,0.8558904109589042
1604.0,-0.9542857142857143
1605.0,0.8558904109589042
1606.0,0.8284931506849316
1607.0,0.0725
1608.0,0.8284931506849315
1609.0,0.803918918918919
1610.0,-1.0236942675159233
1611.0,0.8515492957746479
1612.0,0.803918918918919
1613.0,0.8558904109589042
1614.0,0.7768918918918919
1615.0,0.8259722222222222
1616.0,0.85375
1617.0,0.8284931506849315
1618.0,0.8558904109589042
1619.0,0.8558904109589041
1620.0,0.8515492957746477
1621.0,-0.944326923076923
1622.0,0.8515492957746477
1623.0,0.8537500000000001
1624.0,0.8558904109589041
1625.0,0.8284931506849315
1626.0,0.8558904109589042
1627.0,0.8284931506849315
1628.0,0.8558904109589042
1629.0,0.8284931506849315
1630.0,0.8558904109589042
1631.0,0.8309459459459458
1632.0,0.8309459459459458
1633.0,0.8558904109589042
1634.0,0.8309459459459458
1635.0,0.830945945945946
1636.0,0.8558904109589042
1637.0,0.8558904109589041
1638.0,0.8558904109589041
1639.0,0.3444594594594595
1640.0,0.8558904109589041
1641.0,0.8558904109589042
1642.0,0.8558904109589042
1643.0,0.8558904109589041
1644.0,0.830945945945946
1645.0,0.830945945945946
1646.0,-0.5635294117647061
1647.0,0.7768918918918918
1648.0,-1.076578947368421
1649.0,0.8697260273972603
1650.0,0.8309459459459458
1651.0,0.8423287671232877
1652.0,0.8579729729729729
1653.0,-0.54078125
1654.0,0.8558904109589042
1655.0,0.8558904109589042
1656.0,0.8309459459459458
1657.0,0.8558904109589041
1658.0,0.8558904109589041
1659.0,0.8558904109589041
1660.0,0.8558904109589042
1661.0,0.8697260273972603
1662.0,-0.9477272727272728
1663.0,0.8558904109589041
1664.0,0.857972972972973
1665.0,0.8309459459459458
1666.0,0.8066666666666665
1667.0,0.8558904109589041
1668.0,0.8558904109589041
1669.0,0.8697260273972603
1670.0,0.8558904109589042
1671.0,0.8558904109589042
1672.0,0.8558904109589042
1673.0,-0.997878787878788
1674.0,0.8579729729729729
1675.0,0.8066666666666665
1676.0,0.8309459459459458
1677.0,0.8579729729729729
1678.0,0.8558904109589042
1679.0,0.8558904109589041
1680.0,0.8558904109589041
1681.0,0.8558904109589041
1682.0,0.8579729729729729
1683.0,0.8558904109589042
1684.0,0.8558904109589041
1685.0,0.8697260273972603
1686.0,-1.0585185185185184
1687.0,0.8697260273972603
1688.0,0.8579729729729729
1689.0,-0.8289423076923078
1690.0,0.8039189189189189
1691.0,0.8579729729729729
1692.0,0.8309459459459458
1693.0,0.8558904109589041
1694.0,0.830945945945946
1695.0,0.8558904109589041
1696.0,0.8697260273972603
1697.0,-0.5148387096774194
1698.0,0.8558904109589042
1699.0,0.8579729729729729
1700.0,0.857972972972973
1701.0,0.8309459459459458
1702.0,-0.9795714285714286
1703.0,-0.54078125
1704.0,-1.0128873239436618
1705.0,0.830945945945946
1706.0,-0.787945205479452
1707.0,-1.0166544117647058
1708.0,0.803918918918919
1709.0,0.8697260273972603
1710.0,0.8423287671232877
1711.0,0.8558904109589042
1712.0,0.8558904109589042
1713.0,0.8039189189189189
1714.0,-0.8430701754385966
1715.0,0.830945945945946
1716.0,0.803918918918919
1717.0,0.8558904109589042
1718.0,0.803918918918919
1719.0,0.7768918918918919
1720.0,0.830945945945946
1721.0,0.8284931506849315
1722.0,0.8558904109589041
1723.0,-1.0514406779661016
1724.0,0.7533333333333333
1725.0,-0.9494017094017093
1726.0,-1.0364285714285715
1727.0,0.803918918918919
1728.0,0.7080519480519479
1729.0,0.8039189189189189
1730.0,0.5837179487179485
1731.0,-1.1149999999999998
1732.0,0.6349999999999998
1733.0,0.6349999999999998
1734.0,0.801095890410959
1735.0,0.801095890410959
1736.0,-1.1910869565217392
1737.0,0.8284931506849315
1738.0,0.8259722222222223
1739.0,-0.9231506849315069
1740.0,-0.9923423423423424
1741.0,0.803918918918919
1742.0,-1.0890566037735847
1743.0,0.7498648648648648
1744.0,0.8558904109589041
1745.0,0.8558904109589041
1746.0,0.8558904109589041
1747.0,0.8558904109589042
1748.0,-0.9743749999999999
1749.0,-1.0190697674418605
1750.0,0.8558904109589041
1751.0,0.8558904109589042
1752.0,-1.0560645161290323
1753.0,0.857972972972973
1754.0,0.857972972972973
1755.0,0.8558904109589042
1756.0,-0.6810377358490567
1757.0,0.8558904109589042
1758.0,0.8558904109589041
1759.0,0.8558904109589041
1760.0,-0.5904098360655737
1761.0,0.857972972972973
1762.0,-0.9443750000000003
1763.0,0.8445588235294118
1764.0,0.8492857142857142
1765.0,0.8039189189189189
1766.0,0.8309459459459458
1767.0,-1.0581818181818181
1768.0,0.7533333333333332
1769.0,-0.8443478260869566
1770.0,-0.3137179487179487
1771.0,0.8558904109589041
1772.0,0.7228378378378378
1773.0,0.7952112676056338
1774.0,-0.8846078431372549
1775.0,0.7823880597014926
1776.0,-1.0197619047619049
1777.0,0.8445588235294117
1778.0,-0.655
1779.0,-0.3561616161616161
1780.0,0.6915068493150685
1781.0,-0.8325925925925926
1782.0,0.7388732394366196
1783.0,0.7823880597014924
1784.0,0.8445588235294117
1785.0,-1.020952380952381
1786.0,0.8122388059701492
1787.0,0.8179710144927537
1788.0,0.7339583333333333
1789.0,0.8233802816901408
1790.0,0.8233802816901408
1791.0,0.8515492957746477
1792.0,-1.0815841584158414
1793.0,-0.635
1794.0,-0.7223529411764706
1795.0,-0.7886725663716815
1796.0,-0.3907352941176471
1797.0,0.8326086956521738
1798.0,0.6171428571428571
1799.0,0.8259722222222222
1800.0,0.8207142857142856
1801.0,-0.09511363636363637
1802.0,0.5933333333333334
1803.0,0.8445588235294118
1804.0,0.7679365079365079
1805.0,0.8314285714285714
1806.0,-0.9249489795918366
1807.0,0.8492857142857141
1808.0,-0.9802597402597403
1809.0,0.6687837837837838
1810.0,0.5988157894736841
1811.0,0.578181818181818
1812.0,0.7533333333333333
1813.0,0.7533333333333332
1814.0,0.7799999999999999
1815.0,0.8284931506849315
1816.0,0.8558904109589041
1817.0,-1.15
1818.0,0.830945945945946
1819.0,-0.9838675958188153
1820.0,-0.9087898089171975
1821.0,0.830945945945946
1822.0,0.8558904109589042
1823.0,0.8423287671232876
1824.0,0.85375
1825.0,0.85375
1826.0,0.8492857142857142
1827.0,0.8515492957746478
1828.0,0.38916666666666655
1829.0,0.85375
1830.0,0.8233802816901408
1831.0,0.8395454545454546
1832.0,-0.9795038167938931
1833.0,0.8420895522388059
1834.0,0.8179710144927537
1835.0,0.8469565217391303
1836.0,0.8400000000000001
1837.0,0.8558904109589041
1838.0,0.7040789473684209
1839.0,0.803918918918919
1840.0,0.803918918918919
1841.0,0.8039189189189189
1842.0,0.8423287671232877
1843.0,0.7501960784313725
1844.0,0.7799999999999999
1845.0,-0.9334523809523809
1846.0,-0.7362121212121212
1847.0,-0.7576190476190477
1848.0,-0.7698507462686568
1849.0,0.8558904109589041
1850.0,-0.22701298701298703
1851.0,0.857972972972973
1852.0,-0.4553846153846154
1853.0,0.8637142857142855
1854.0,0.8469565217391304
1855.0,0.785735294117647
1856.0,-1.0133333333333334
1857.0,0.8445588235294118
1858.0,-0.9862871287128714
1859.0,-0.5679999999999998
1860.0,0.85375
1861.0,-0.6044067796610169
1862.0,-0.4986206896551724
1863.0,-0.22924731182795702
1864.0,0.8515492957746478
1865.0,0.8233802816901408
1866.0,0.7670422535211268
1867.0,0.8326086956521738
1868.0,-0.2947945205479453
1869.0,0.7952112676056338
1870.0,0.8492857142857141
1871.0,0.8445588235294118
1872.0,0.6733333333333333
1873.0,0.7
1874.0,0.7905405405405406
1875.0,-0.23147727272727278
1876.0,0.7533333333333333
1877.0,0.8558904109589041
1878.0,0.5724999999999998
1879.0,-0.4442682926829269
1880.0,0.6733333333333332
1881.0,0.2863157894736842
1882.0,0.7533333333333332
1883.0,0.6561038961038961
1884.0,0.6958108108108109
1885.0,0.8492857142857142
1886.0,0.8558904109589041
1887.0,0.803918918918919
1888.0,-1.0963218390804597
1889.0,-0.5821052631578948
1890.0,0.7
1891.0,0.8010958904109589
1892.0,0.8259722222222223
1893.0,0.8558904109589042
1894.0,0.6733333333333335
1895.0,0.7736986301369863
1896.0,0.7736986301369864
1897.0,0.8284931506849316
1898.0,0.8010958904109589
1899.0,0.8284931506849315
1900.0,0.8284931506849316
1901.0,0.8284931506849316
1902.0,0.8537500000000001
1903.0,-1.0168595041322315
1904.0,0.85375
1905.0,-0.861153846153846
1906.0,0.8284931506849316
1907.0,-0.9381132075471701
1908.0,-0.7345161290322579
1909.0,-1.1167123287671232
1910.0,0.8558904109589042
1911.0,0.8558904109589042
1912.0,-1.0548148148148149
1913.0,0.803918918918919
1914.0,0.26943396226415084
1915.0,0.22913580246913579
1916.0,-1.2051162790697674
1917.0,0.5002597402597402
1918.0,-0.8351492537313433
1919.0,-0.3881481481481482
1920.0,-0.9097761194029852
1921.0,-0.018717948717948723
1922.0,-0.6013636363636363
1923.0,0.10375000000000001
1924.0,0.4676923076923077
1925.0,-0.7198387096774194
1926.0,-1.0581818181818181
1927.0,-1.22125
1928.0,0.6928358208955223
1929.0,-0.7558730158730157
1930.0,0.8061538461538461
1931.0,0.6082142857142856
1932.0,0.44115942028985505
1933.0,0.6730434782608696
1934.0,0.8207142857142854
1935.0,-0.6490909090909094
1936.0,0.7426388888888888
1937.0,-0.8892537313432836
1938.0,0.6825352112676055
1939.0,-0.4327083333333334
1940.0,-1.0441237113402062
1941.0,-0.7198387096774194
1942.0,0.7388732394366195
1943.0,-0.7698507462686567
1944.0,-0.6756617647058824
1945.0,0.8207142857142857
1946.0,-0.0672058823529412
1947.0,-0.9572619047619049
1948.0,0.785735294117647
1949.0,0.8445588235294119
1950.0,0.8010958904109589
1951.0,-0.9633333333333334
1952.0,-0.5352127659574468
1953.0,0.801095890410959
1954.0,0.7498648648648649
1955.0,0.8284931506849316
1956.0,0.85375
1957.0,-0.9590322580645161
1958.0,-0.2694117647058824
1959.0,-0.42674698795180727
1960.0,0.8445588235294118
1961.0,-0.08722222222222226
1962.0,0.85
1963.0,-1.0445112781954886
1964.0,-1.0200324675324677
1965.0,0.6791176470588233
1966.0,-0.714264705882353
1967.0,-0.7980357142857143
1968.0,-0.7730882352941175
1969.0,0.6974999999999999
1970.0,-0.4040625000000001
1971.0,-1.050064935064935
1972.0,0.83421875
1973.0,-0.5446875
1974.0,0.8395454545454545
1975.0,0.7388732394366196
1976.0,0.7889855072463767
1977.0,-0.9770689655172414
1978.0,-0.7706122448979593
1979.0,-0.9964766839378238
1980.0,0.5481944444444444
1981.0,-0.6761702127659575
1982.0,0.7020289855072464
1983.0,-0.9520786516853933
1984.0,-1.02494623655914
1985.0,0.7269117647058824
1986.0,0.8445588235294118
1987.0,0.8515492957746479
1988.0,0.8284931506849316
1989.0,0.7857352941176471
1990.0,-0.8468115942028984
1991.0,0.8515492957746478
1992.0,0.8420895522388059
1993.0,-0.6752941176470588
1994.0,-1.175
1995.0,0.742638888888889
1996.0,-1.0068918918918919
1997.0,-1.0169516728624532
1998.0,0.8445588235294117
1999.0,-0.4844444444444444
2000.0,-0.32163265306122446
2001.0,0.664109589041096
2002.0,-0.4940322580645162
2003.0,0.7670422535211268
2004.0,0.6958108108108109
2005.0,0.8233802816901407
2006.0,-0.7494339622641509
2007.0,-0.89625
2008.0,-0.965225225225225
2009.0,-1.0047727272727272
2010.0,0.8515492957746477
2011.0,-0.8101219512195122
2012.0,-1.1712500000000001
2013.0,-0.775
2014.0,0.8284931506849316
2015.0,-1.118048780487805
2016.0,-0.4096428571428571
2017.0,0.8259722222222222
2018.0,-0.63453125
2019.0,-0.7197979797979799
2020.0,-0.8066666666666668
2021.0,0.8285483870967744
2022.0,-0.8672727272727273
2023.0,0.8255737704918034
2024.0,0.03205882352941169
2025.0,0.8369230769230769
2026.0,0.7962903225806451
2027.0,0.842089552238806
2028.0,0.8445588235294117
2029.0,-1.0083823529411764
2030.0,0.8395454545454546
2031.0,-0.852179487179487
2032.0,-1.0092307692307692
2033.0,0.8207142857142856
2034.0,0.8558904109589042
2035.0,0.8558904109589041
2036.0,0.8677777777777779
2037.0,-0.7660416666666666
2038.0,-0.79078125
2039.0,-1.1117105263157891
2040.0,-0.5866981132075472
2041.0,0.85375
2042.0,-0.05770833333333338
2043.0,0.8515492957746478
2044.0,0.85375
2045.0,-0.5336507936507937
2046.0,-0.7101492537313432
2047.0,0.8537500000000001
2048.0,0.8558904109589042
2049.0,-1.0450847457627117
2050.0,-0.1733333333333334
2051.0,-0.9411111111111112
2052.0,0.8558904109589041
2053.0,0.370576923076923
2054.0,0.8558904109589042
2055.0,0.8126315789473684
2056.0,0.8558904109589042
2057.0,-0.7621962616822431
2058.0,-1.136825396825397
2059.0,0.85375
2060.0,-0.22106060606060612
2061.0,-1.0192721518987342
2062.0,0.8395454545454546
2063.0,-1.0879729729729728
2064.0,0.7857352941176471
2065.0,-1.01615873015873
2066.0,0.825573770491803
2067.0,0.842089552238806
2068.0,-0.5394186046511628
2069.0,0.8010958904109591
2070.0,0.8066666666666665
2071.0,-1.0385074626865671
2072.0,0.5948214285714285
2073.0,0.39068181818181813
2074.0,0.8309459459459458
2075.0,-1.1441666666666668
2076.0,-1.3654545454545457
2077.0,0.8284931506849316
2078.0,0.8558904109589041
2079.0,-1.023273381294964
2080.0,0.830945945945946
2081.0,0.830945945945946
2082.0,0.8558904109589041
2083.0,0.803918918918919
2084.0,0.803918918918919
2085.0,-1.298333333333333
2086.0,-1.262058823529412
2087.0,-1.0617821782178218
2088.0,0.7303947368421052
2089.0,0.42874999999999996
2090.0,-1.1133333333333335
2091.0,0.6777631578947368
2092.0,-0.9425862068965517
2093.0,0.2046666666666666
2094.0,0.6820779220779221
2095.0,-0.365
2096.0,-1.1020689655172418
2097.0,0.708051948051948
2098.0,-0.9288888888888887
2099.0,0.803918918918919
2100.0,-1.0491907514450869
2101.0,0.8284931506849315
2102.0,-0.9766071428571428
2103.0,-1.0481761006289307
2104.0,0.8558904109589041
2105.0,0.24749999999999975
2106.0,0.6922916666666666
2107.0,0.46253164556962006
2108.0,-0.98
2109.0,0.2997727272727272
2110.0,-1.0514406779661019
2111.0,0.4878481012658227
2112.0,0.5591071428571428
2113.0,0.6093589743589742
2114.0,-0.27968253968253975
2115.0,0.5007407407407407
2116.0,0.6958108108108109
2117.0,-0.8144949494949494
2118.0,0.4298717948717948
2119.0,-1.2703030303030303
2120.0,0.5724999999999999
2121.0,0.718904109589041
2122.0,0.8207142857142857
2123.0,0.2735135135135135
2124.0,0.8284931506849316
2125.0,0.76
2126.0,-1.038429319371728
2127.0,-1.004367816091954
2128.0,-1.3726315789473684
2129.0,0.778939393939394
2130.0,-0.9244660194174755
2131.0,-1.1955555555555557
2132.0,0.8395454545454546
2133.0,0.8395454545454544
2134.0,0.72875
2135.0,0.7107042253521126
2136.0,-1.2911764705882354
2137.0,0.6687837837837838
2138.0,-1.1494827586206897
2139.0,0.5863888888888887
2140.0,-1.1787755102040818
2141.0,-1.0139252336448599
2142.0,-1.0655813953488371
2143.0,0.695810810810811
2144.0,-1.0948387096774195
2145.0,-1.0720312500000002
2146.0,-1.0173668639053255
2147.0,0.7981944444444444
2148.0,-1.320357142857143
2149.0,-0.41045454545454557
2150.0,-0.978970588235294
2151.0,0.5877027027027026
2152.0,-1.0975581395348835
2153.0,-0.35538461538461535
2154.0,-0.747246376811594
2155.0,-1.0467484662576687
2156.0,-1.1410416666666665
2157.0,0.6041558441558441
2158.0,0.7952112676056337
2159.0,-1.0225704225352112
2160.0,0.6885714285714285
2161.0,0.5666666666666667
2162.0,-0.9774999999999999
2163.0,0.7228378378378377
2164.0,-1.1476086956521738
2165.0,-1.089462365591398
2166.0,0.5599999999999998
2167.0,0.7426388888888888
2168.0,-0.8079012345679012
2169.0,0.37874999999999986
2170.0,0.803918918918919
2171.0,0.8094366197183097
2172.0,-1.1713725490196079
2173.0,0.2011764705882353
2174.0,-1.0291566265060241
2175.0,-0.9155172413793103
2176.0,-1.1441666666666666
2177.0,0.4727659574468085
2178.0,-0.2511607142857143
2179.0,0.8515492957746478
2180.0,0.15062499999999998
2181.0,0.0019354838709676049
2182.0,-1.0322374429223744
2183.0,-1.0079964850615113
2184.0,0.7356097560975609
2185.0,-0.9231683168316831
2186.0,-0.45428571428571435
2187.0,0.8515492957746478
2188.0,-0.7645454545454544
2189.0,-0.7159036144578312
2190.0,-1.0050602409638554
2191.0,0.7269117647058821
2192.0,0.7317741935483872
2193.0,-0.16553191489361713
2194.0,-1.2194444444444446
2195.0,-1.0399999999999998
2196.0,-0.9831192660550458
2197.0,0.7599999999999999
2198.0,-1.0683582089552237
2199.0,0.8160344827586207
2200.0,-1.055
2201.0,-0.6257142857142857
2202.0,-0.9171641791044777
2203.0,-0.9939344262295082
2204.0,0.08876712328767122
2205.0,-0.7974712643678159
2206.0,0.7891666666666668
2207.0,0.7823880597014925
2208.0,0.8420895522388058
2209.0,0.2871739130434782
2210.0,-0.7792857142857145
2211.0,-0.9732317073170729
2212.0,-0.4723943661971831
2213.0,-0.015000000000000034
2214.0,-1.0843877551020409
2215.0,0.8151470588235293
2216.0,0.8469565217391304
2217.0,-0.546
2218.0,-0.5005633802816901
2219.0,-0.8257843137254903
2220.0,0.6236363636363635
2221.0,-1.0114497041420119
2222.0,0.7704166666666666
2223.0,-1.0773493975903614
2224.0,-0.7568539325842697
2225.0,-0.9512676056338029
2226.0,0.7463013698630137
2227.0,0.7601369863013699
2228.0,0.7736986301369864
2229.0,0.8284931506849315
2230.0,-0.705625
2231.0,-1.0645967741935485
2232.0,0.8010958904109589
2233.0,-0.60328125
2234.0,-1.021818181818182
2235.0,-1.0520805369127517
2236.0,0.8259722222222222
2237.0,-0.7854545454545454
2238.0,0.45999999999999996
2239.0,0.6733333333333332
2240.0,-1.076065573770492
2241.0,-0.7511111111111112
2242.0,-0.6610526315789473
2243.0,-1.2525641025641026
2244.0,0.11135135135135131
2245.0,-0.9951020408163265
2246.0,0.7
2247.0,-1.0371014492753625
2248.0,-0.624074074074074
2249.0,-1.0116666666666667
2250.0,0.7736986301369864
2251.0,-0.5971428571428572
2252.0,-0.9413780918727914
2253.0,0.801095890410959
2254.0,0.8677777777777779
2255.0,-1.0639795918367347
2256.0,-0.9794366197183098
2257.0,-0.8867391304347826
2258.0,-1.0326829268292683
2259.0,-1.0660975609756098
2260.0,-0.5577083333333334
2261.0,-0.32152173913043486
2262.0,0.7981944444444444
2263.0,0.8558904109589041
2264.0,-0.5908771929824561
2265.0,-1.0015217391304347
2266.0,0.7303947368421051
2267.0,-0.808075117370892
2268.0,-0.9256617647058825
2269.0,-0.8319811320754716
2270.0,-1.0214371257485029
2271.0,-0.5533333333333333
2272.0,-0.8997938144329897
2273.0,-0.6756060606060605
2274.0,0.7498648648648649
2275.0,-0.8427397260273973
2276.0,-0.11780487804878054
2277.0,-0.9245454545454546
2278.0,0.5713207547169812
2279.0,-0.13041095890410964
2280.0,0.7040789473684209
2281.0,0.41530303030303023
2282.0,0.6466666666666666
2283.0,-1.027
2284.0,-1.2051162790697674
2285.0,0.7000000000000001
2286.0,-1.0395283018867922
2287.0,0.6958108108108108
2288.0,-1.009160583941606
2289.0,-0.40000000000000013
2290.0,-0.7980357142857143
2291.0,0.5384810126582277
2292.0,0.677945205479452
2293.0,-0.3301162790697674
2294.0,-0.47333333333333344
2295.0,-1.0228282828282826
2296.0,-1.117076923076923
2297.0,-0.88453125
2298.0,-1.0301234567901236
2299.0,0.8179710144927536
2300.0,-0.9803846153846154
2301.0,-1.1028048780487805
2302.0,-1.0364285714285717
2303.0,-0.8461538461538463
2304.0,0.5545205479452056
2305.0,-1.162105263157895
2306.0,0.8151470588235294
2307.0,-0.3720754716981133
2308.0,-0.2528205128205129
2309.0,-0.3025000000000001
2310.0,-0.9784210526315791
2311.0,-0.02169014084507045
2312.0,-0.9105882352941176
2313.0,-0.04487804878048787
2314.0,0.08278481012658227
2315.0,0.4468000000000001
2316.0,0.5759722222222222
2317.0,-0.05343283582089553
2318.0,-0.9381132075471698
2319.0,-0.9733333333333332
2320.0,0.17826923076923068
2321.0,0.04618421052631576
2322.0,-1.1368253968253967
2323.0,0.475
2324.0,0.35753246753246753
2325.0,-0.32208955223880603
2326.0,-0.8126495726495727
2327.0,-1.120281690140845
2328.0,-0.8783333333333333
2329.0,-1.0577570093457942
2330.0,0.8637142857142855
2331.0,-0.7311971830985915
2332.0,-0.39480000000000004
2333.0,0.7670422535211266
2334.0,0.27461538461538465
2335.0,-1.1028048780487805
2336.0,0.8637142857142857
2337.0,-1.050924369747899
2338.0,-0.7603401360544219
2339.0,-0.8377272727272725
2340.0,-0.2529310344827586
2341.0,-0.632241379310345
2342.0,-0.39333333333333337
2343.0,0.2174468085106383
2344.0,-0.7472463768115941
2345.0,0.5872727272727274
2346.0,0.7317741935483869
2347.0,0.7
2348.0,-0.10666666666666667
2349.0,-0.08539473684210527
2350.0,-0.28347826086956524
2351.0,-0.8363855421686746
2352.0,-0.3464705882352942
2353.0,-0.8797902097902098
2354.0,-0.7323076923076922
2355.0,-0.22360655737704918
2356.0,-0.9662962962962963
2357.0,-0.8024999999999999
2358.0,0.5198684210526314
2359.0,-0.3451136363636364
2360.0,-0.39885416666666673
2361.0,-0.879344262295082
2362.0,-0.9097247706422018
2363.0,-0.3031067961165049
2364.0,0.7921428571428571
2365.0,-1.0216265060240963
2366.0,-1.0798058252427183
2367.0,-0.9630392156862744
2368.0,-1.008360655737705
2369.0,-0.9826470588235294
2370.0,0.46833333333333327
2371.0,-1.0101612903225807
2372.0,-0.41164179104477616
2373.0,-0.2049122807017544
2374.0,-1.042919708029197
2375.0,-1.106056338028169
2376.0,-1.1522807017543861
2377.0,-0.7613414634146343
2378.0,-1.0083823529411766
2379.0,-0.9121311475409837
2380.0,0.6641095890410958
2381.0,-0.5514754098360656
2382.0,-0.7942105263157897
2383.0,-1.2703030303030305
2384.0,0.3800000000000001
2385.0,-0.9314893617021275
2386.0,-1.1446666666666667
2387.0,-0.9495588235294117
2388.0,-0.24704225352112674
2389.0,0.785
2390.0,-1.2592592592592593
2391.0,-1.00865671641791
2392.0,-1.0377941176470586
2393.0,-1.0520606060606061
2394.0,-0.9690076335877862
2395.0,-1.1117105263157894
2396.0,-1.2002272727272725
2397.0,-1.0683898305084745
2398.0,-0.46348484848484844
2399.0,-0.5932608695652174
2400.0,0.27874999999999994
2401.0,-0.9523287671232878
2402.0,-1.0381818181818183
2403.0,-1.0475396825396825
2404.0,0.16476190476190472
2405.0,-0.06386363636363639
2406.0,0.5724999999999999
2407.0,-0.3315492957746478
2408.0,0.6649999999999998
2409.0,-0.5132
2410.0,-1.0273563218390804
2411.0,-1.080625
2412.0,-0.923206106870229
2413.0,0.6543661971830985
2414.0,-1.13453125
2415.0,-0.098974358974359
2416.0,-0.9788059701492537
2417.0,0.5516666666666666
2418.0,0.07249999999999997
2419.0,-0.94
2420.0,-0.6988235294117647
2421.0,-0.007857142857142887
2422.0,-0.3220895522388059
2423.0,-1.1552
2424.0,-0.10693548387096777
2425.0,0.2891666666666667
2426.0,-0.30153846153846153
2427.0,-0.6117105263157894
2428.0,-0.6929914529914529
2429.0,-1.034871794871795
2430.0,-0.20562500000000003
2431.0,-0.9683464566929135
2432.0,-0.5501265822784809
2433.0,-1.0096969696969698
2434.0,-0.9226923076923077
2435.0,-0.4198780487804878
2436.0,-0.36500000000000005
2437.0,-0.5672058823529412
2438.0,-0.4538157894736841
2439.0,-0.3863414634146342
2440.0,-0.98
2441.0,-1.2238709677419357
2442.0,-1.0951136363636365
2443.0,0.8515492957746477
2444.0,-0.24428571428571436
2445.0,-0.9405208333333334
2446.0,0.18499999999999997
2447.0,0.6885714285714285
2448.0,-0.8052173913043479
2449.0,-1.0733333333333335
2450.0,0.4874025974025971
2451.0,-1.0370857142857144
2452.0,-0.979463601532567
2453.0,-1.1069354838709677
2454.0,-0.5909615384615384
2455.0,-0.9040298507462686
2456.0,-1.0192721518987342
2457.0,-0.8650000000000001
2458.0,-1.3089655172413797
2459.0,-1.1612962962962958
2460.0,-1.0485443037974682
2461.0,-0.2891803278688524
2462.0,-0.0863636363636364
2463.0,-0.04890909090909091
2464.0,-0.5352586206896551
2465.0,-0.9604968944099378
2466.0,-1.1167123287671235
2467.0,-1.1428358208955225
2468.0,-1.0190178571428574
2469.0,-1.1212499999999999
2470.0,-1.1212499999999999
2471.0,-1.1955555555555555
2472.0,-0.9772881355932203
2473.0,0.36256410256410254
2474.0,-0.4990361445783133
2475.0,-1.0617821782178216
2476.0,-0.6997810218978102
2477.0,-0.6825675675675678
2478.0,0.8255737704918031
2479.0,-1.0916483516483513
2480.0,-0.505625
2481.0,-1.0975581395348837
2482.0,-0.661875
2483.0,-0.9417543859649122
2484.0,-1.1581818181818182
2485.0,0.0725
2486.0,-1.0405464480874316
2487.0,-0.7061016949152542
2488.0,-0.7511111111111111
2489.0,0.819322033898305
2490.0,-1.0119298245614035
2491.0,-0.41142857142857137
2492.0,-1.1522807017543861
2493.0,-0.6483333333333333
2494.0,0.054871794871794805
2495.0,-1.22125
2496.0,-0.5507142857142856
2497.0,-0.9843609022556392
2498.0,-0.6704651162790698
2499.0,-0.28388888888888913
2500.0,-0.32223684210526315
2501.0,-0.8089473684210526
2502.0,-0.9523287671232878
2503.0,-0.9101923076923076
2504.0,-0.8464049586776858
2505.0,-0.5754430379746838
2506.0,-0.3108333333333333
2507.0,-0.29803571428571424
2508.0,-0.8483333333333333
2509.0,-1.0927777777777778
2510.0,0.48395833333333327
2511.0,-0.9613541666666666
2512.0,-1.0824999999999998
2513.0,-1.0520805369127517
2514.0,-1.0127272727272727
2515.0,0.70921875
2516.0,-0.9772881355932203
2517.0,0.7501960784313725
2518.0,-0.26098591549295774
2519.0,-1.0530434782608695
2520.0,0.6784782608695652
2521.0,-0.11349397590361447
2522.0,-0.14773809523809525
2523.0,0.8255737704918031
2524.0,-0.895108695652174
2525.0,-0.8821800947867298
2526.0,0.625
2527.0,-1.0360199004975126
2528.0,-1.1184722222222223
2529.0,-1.0540243902439024
2530.0,-1.126029411764706
2531.0,-1.0649999999999997
2532.0,-0.49831460674157296
2533.0,-0.04985915492957749
2534.0,-1.0496774193548386
2535.0,-1.036474358974359
2536.0,-0.00838235294117652
2537.0,-0.949051724137931
2538.0,-1.0921126760563382
2539.0,0.5265217391304347
2540.0,-0.5269318181818182
2541.0,-1.1069354838709677
2542.0,-0.49657894736842106
2543.0,-1.1869230769230767
2544.0,0.8193220338983049
2545.0,0.3155555555555556
2546.0,0.8224999999999999
2547.0,0.5480434782608694
2548.0,0.29365384615384615
2549.0,-0.11500000000000016
2550.0,-0.8292857142857141
2551.0,-0.5175862068965519
2552.0,-1.0798058252427183
2553.0,-0.41229729729729725
2554.0,-0.5961643835616439
2555.0,-0.9244660194174757
2556.0,0.24484848484848468
2557.0,-1.00984126984127
2558.0,-0.5421978021978022
2559.0,-1.066315789473684
2560.0,-1.0231050228310503
2561.0,-1.0019047619047619
2562.0,0.33594936708860756
2563.0,-0.5907462686567165
2564.0,0.006753246753246768
2565.0,-1.028690476190476
2566.0,0.3064285714285715
2567.0,-1.0257142857142856
2568.0,0.02041666666666663
2569.0,-0.5021311475409836
2570.0,-0.0573076923076923
2571.0,-0.6415957446808511
2572.0,0.7446153846153846
2573.0,0.7857352941176471
2574.0,0.08666666666666661
2575.0,0.1478205128205128
2576.0,-0.7890196078431373
2577.0,-0.5993750000000001
2578.0,-1.0535964912280702
2579.0,-0.0759016393442623
2580.0,0.22153846153846152
2581.0,-0.7722580645161291
2582.0,-1.0190178571428572
2583.0,-0.35637931034482767
2584.0,-0.7151773049645392
2585.0,-1.1787755102040816
2586.0,-0.8417857142857142
2587.0,-0.7020253164556964
2588.0,-0.7516959064327485
2589.0,-0.11740384615384616
2590.0,0.7803225806451612
2591.0,-0.98
2592.0,-0.35562499999999997
2593.0,-1.0600757575757576
2594.0,-1.0081159420289856
2595.0,-1.1668292682926829
2596.0,-0.5005633802816902
2597.0,-1.1260294117647058
2598.0,-1.0880952380952382
2599.0,-1.0825
2600.0,0.5437837837837837
2601.0,-1.1713725490196079
2602.0,-1.0299999999999998
2603.0,-1.0462637362637364
2604.0,-1.1108333333333336
2605.0,-1.014932614555256
2606.0,-1.2156097560975612
2607.0,0.14135593220338977
2608.0,0.8193220338983053
2609.0,-0.3277777777777778
2610.0,-0.8108333333333333
2611.0,-1.0200925925925926
2612.0,-0.7522699386503068
2613.0,-0.884578313253012
2614.0,0.14372093023255808
2615.0,-1.1323076923076922
2616.0,-1.1368253968253967
2617.0,-0.9685714285714287
2618.0,-0.9194354838709677
2619.0,-1.0115517241379313
2620.0,0.02388888888888883
2621.0,-0.08539473684210529
2622.0,0.7501960784313727
2623.0,-1.0939325842696628
2624.0,-0.8014035087719299
2625.0,-0.19098039215686274
2626.0,-1.2703030303030303
2627.0,-1.0320454545454545
2628.0,-1.1085897435897436
2629.0,0.7823880597014926
2630.0,-1.0784146341463414
2631.0,0.4519642857142857
2632.0,-0.6261940298507462
2633.0,0.3151470588235294
2634.0,-0.47897058823529415
2635.0,-1.0935714285714284
2636.0,0.4760493827160494
2637.0,-0.43318181818181817
2638.0,0.08978723404255315
2639.0,-0.6767088607594938
2640.0,-1.051764705882353
2641.0,-0.9918897637795275
2642.0,-0.7091358024691358
2643.0,0.5920689655172413
2644.0,-0.3729113924050633
2645.0,-0.23019607843137255
2646.0,0.36126582278481006
2647.0,0.7483720930232558
2648.0,-0.9045569620253163
2649.0,-1.0206603773584906
2650.0,-1.073703703703704
2651.0,-0.6078571428571429
2652.0,-0.11313432835820897
2653.0,-0.9770689655172414
2654.0,-0.9790873015873014
2655.0,0.03966101694915253
2656.0,-0.11755102040816331
2657.0,-1.122142857142857
2658.0,-1.130151515151515
2659.0,-1.064742268041237
2660.0,-1.0336746987951808
2661.0,-1.130151515151515
2662.0,-1.0504761904761906
2663.0,-0.3620238095238096
2664.0,-1.041418439716312
2665.0,0.5145454545454544
2666.0,-1.0150000000000001
2667.0,-0.939468085106383
2668.0,-0.6390909090909094
2669.0,-1.0242105263157895
2670.0,-1.1015384615384614
2671.0,-0.968
2672.0,0.1145454545454545
2673.0,-0.8905681818181819
2674.0,-1.135
2675.0,-0.029473684210526326
2676.0,-1.084155844155844
2677.0,-0.927857142857143
2678.0,-1.0117065868263473
2679.0,-0.5474324324324324
2680.0,-0.8441666666666666
2681.0,-0.8997938144329896
2682.0,-1.122142857142857
2683.0,0.4676923076923077
2684.0,-1.1416393442622952
2685.0,-1.0086567164179103
2686.0,-1.002135922330097
2687.0,0.24928571428571428
2688.0,-1.0316666666666665
2689.0,-0.8892537313432836
2690.0,-1.059047619047619
2691.0,-0.7448076923076923
2692.0,-1.1446808510638298
2693.0,-0.7698507462686567
2694.0,0.4649180327868851
2695.0,-1.191086956521739
2696.0,-1.1416393442622952
2697.0,-1.1368965517241383
2698.0,0.8193220338983052
2699.0,0.4255405405405405
2700.0,-0.5906493506493506
2701.0,-0.48062499999999997
2702.0,0.06597014925373133
2703.0,-0.6555405405405406
2704.0,-1.0893150684931507
2705.0,-0.05352941176470598
2706.0,-1.1256521739130434
2707.0,-1.0894623655913978
2708.0,0.06281690140845068
2709.0,-1.1581818181818182
2710.0,-1.0131277533039647
2711.0,0.6870833333333333
2712.0,0.5948214285714286
2713.0,0.2011764705882352
2714.0,0.6629850746268656
2715.0,-1.061917808219178
2716.0,0.003243243243243175
2717.0,-0.6352
2718.0,-0.7969565217391307
2719.0,0.2643103448275862
2720.0,0.25671052631578944
2721.0,-0.8867391304347827
2722.0,-1.1041975308641976
2723.0,-0.8875409836065574
2724.0,-1.2096969696969697
2725.0,-0.7871698113207548
2726.0,-1.0655208333333333
2727.0,-1.1650000000000003
2728.0,-1.1280597014925373
2729.0,-0.5425
2730.0,-0.37827586206896574
2731.0,-1.093932584269663
2732.0,-0.9686821705426357
2733.0,-0.6195180722891567
2734.0,-0.9196874999999999
2735.0,-1.0086567164179103
2736.0,-1.185945945945946
2737.0,-0.9992857142857144
2738.0,-1.0464024390243902
2739.0,-0.681372549019608
2740.0,-0.5074418604651164
2741.0,0.39851351351351355
2742.0,-1.0658196721311473
2743.0,-1.2051162790697674
2744.0,0.26
2745.0,-1.1854545454545455
2746.0,-1.1321568627450982
2747.0,-0.46965116279069785
2748.0,-1.0884848484848486
2749.0,0.0877142857142856
2750.0,0.3446153846153846
2751.0,-1.1467796610169492
2752.0,-0.7719767441860467
2753.0,0.7275925925925926
2754.0,-0.7221428571428572
2755.0,-1.016595744680851
2756.0,-0.4861538461538461
2757.0,-0.8488709677419355
2758.0,-1.185945945945946
2759.0,-0.8889361702127659
2760.0,-0.06758620689655184
2761.0,0.36
2762.0,0.7952112676056338
2763.0,-1.1240579710144927
2764.0,-1.0490909090909089
2765.0,-1.0317959183673466
2766.0,-1.035031055900621
2767.0,-0.7691262135922329
2768.0,0.18229729729729724
2769.0,-0.27716216216216216
2770.0,0.8091071428571429
2771.0,0.07578947368421049
2772.0,-0.9155050505050504
2773.0,-0.9678225806451614
2774.0,-1.1910869565217392
2775.0,-0.9798648648648648
2776.0,-0.6344954128440367
2777.0,-1.1581818181818182
2778.0,0.12734693877551018
2779.0,-1.0532530120481927
2780.0,-1.0083823529411764
2781.0,-1.3692592592592594
2782.0,-1.22125
2783.0,-0.5327927927927927
2784.0,-0.7865686274509803
2785.0,-0.6802985074626865
2786.0,-1.2542857142857147
2787.0,-0.7792156862745099
2788.0,0.003902439024390175
2789.0,-1.3361904761904764
2790.0,-1.231538461538462
2791.0,-0.2506382978723404
2792.0,-0.5763636363636363
2793.0,-0.5605128205128206
2794.0,-0.9424050632911389
2795.0,-1.1041975308641976
2796.0,-1.1796969696969697
2797.0,-1.2281395348837207
2798.0,0.8054545454545454
2799.0,0.005762711864406755
2800.0,-1.2002272727272727
2801.0,-0.6177777777777779
2802.0,-1.2703030303030303
2803.0,-1.1194642857142856
2804.0,-0.8292857142857143
2805.0,-1.2304545454545455
2806.0,-0.18078947368421053
2807.0,-0.5366101694915254
2808.0,-0.6810377358490566
2809.0,0.2558333333333333
2810.0,0.4977049180327869
2811.0,0.08196969696969696
2812.0,-0.9786363636363636
2813.0,-0.36847222222222226
2814.0,-0.09096153846153845
2815.0,-0.9302173913043478
2816.0,-1.0425
2817.0,0.7927868852459015
2818.0,-0.924931506849315
2819.0,-0.8374264705882353
2820.0,-1.1149999999999998
2821.0,-0.4635772357723578
2822.0,-0.4006122448979592
2823.0,-1.175
2824.0,-0.8613235294117647
2825.0,-0.5166990291262136
2826.0,-1.2587500000000003
2827.0,-0.9652076677316295
2828.0,-1.0092307692307692
2829.0,0.8016666666666669
2830.0,0.00647887323943662
2831.0,-0.7724675324675325
2832.0,-0.9201470588235294
2833.0,0.8187500000000001
2834.0,-0.9424456521739131
2835.0,-0.8325925925925926
2836.0,-0.9086746987951807
2837.0,-0.902037037037037
2838.0,0.16259740259740255
2839.0,0.7646296296296297
2840.0,-0.8217307692307692
2841.0,-0.768846153846154
2842.0,-1.1551785714285714
2843.0,0.5578723404255318
2844.0,-1.0378504672897195
2845.0,0.74046875
2846.0,-0.0768421052631579
2847.0,0.27171875
2848.0,0.22363636363636366
2849.0,-0.3630769230769231
2850.0,-1.0843877551020409
2851.0,-1.0166393442622952
2852.0,0.047234042553191476
2853.0,-0.4408928571428571
2854.0,0.8369230769230769
2855.0,-0.7650000000000002
2856.0,0.5225000000000001
2857.0,0.7670422535211266
2858.0,0.3558333333333332
2859.0,-0.44224719101123594
2860.0,-0.8424774774774776
2861.0,-0.8404464285714287
2862.0,-1.1041975308641974
2863.0,-1.097558139534884
2864.0,-0.9211594202898551
2865.0,0.27041666666666664
2866.0,0.2088636363636363
2867.0,-0.6392805755395683
2868.0,-0.5907462686567165
2869.0,-1.1612962962962963
2870.0,0.7148611111111112
2871.0,-0.8650000000000002
2872.0,-0.790595238095238
2873.0,0.8445588235294117
2874.0,-0.10280487804878052
2875.0,-0.275
2876.0,0.8515492957746477
2877.0,-0.0853947368421053
2878.0,-0.5159701492537313
2879.0,-0.2963725490196078
2880.0,-1.1301515151515151
2881.0,-0.5697413793103447
2882.0,-1.0805172413793103
2883.0,-0.6095744680851065
2884.0,-1.0407812499999998
2885.0,0.3703896103896104
2886.0,-0.05746031746031746
2887.0,-1.1368965517241378
2888.0,-0.8844444444444444
2889.0,-0.5225
2890.0,0.16340909090909086
2891.0,-0.937802197802198
2892.0,0.0046808510638297355
2893.0,-0.8584745762711864
2894.0,-1.0606106870229008
2895.0,0.27785714285714286
2896.0,0.4422916666666666
2897.0,0.8515492957746478
2898.0,-0.6894382022471911
2899.0,-0.8798026315789474
2900.0,0.10926470588235289
2901.0,0.667258064516129
2902.0,-0.7542045454545455
2903.0,-0.2836046511627907
2904.0,-0.33154929577464787
2905.0,0.46
2906.0,-0.9504545454545454
2907.0,-1.1229870129870128
2908.0,0.40338235294117647
2909.0,0.24369565217391306
2910.0,-0.9240277777777778
2911.0,-0.724126984126984
2912.0,-0.9791304347826087
2913.0,0.4648611111111111
2914.0,0.6845283018867924
2915.0,-1.258518518518519
2916.0,-1.2684210526315793
2917.0,-0.45180555555555557
2918.0,-0.8748684210526315
2919.0,-0.6150000000000001
2920.0,-0.7663157894736843
2921.0,-1.0629166666666667
2922.0,0.44888888888888895
2923.0,-0.8631884057971014
2924.0,-0.3084615384615387
2925.0,-0.4010169491525424
2926.0,-0.9834988179669031
2927.0,-1.266756756756757
2928.0,-1.3040000000000003
2929.0,-1.0212500000000002
2930.0,-0.38754098360655737
2931.0,-0.09365853658536585
2932.0,-1.1787755102040816
2933.0,-1.1167123287671232
2934.0,-1.1281578947368418
2935.0,-0.8488709677419354
2936.0,-0.6092307692307692
2937.0,-0.83375
2938.0,-0.615
2939.0,-1.1645283018867925
2940.0,-1.069268292682927
2941.0,-0.6405681818181819
2942.0,-0.06727272727272732
2943.0,-1.012727272727273
2944.0,-1.0372972972972974
2945.0,-0.5441666666666667
2946.0,-1.0123214285714286
2947.0,-0.9608588957055215
2948.0,0.005614035087719259
2949.0,-0.7916326530612244
2950.0,-1.1184722222222223
2951.0,0.34455882352941175
2952.0,-0.7984415584415584
2953.0,-0.4965789473684212
2954.0,-0.06954545454545455
2955.0,-1.3833333333333333
2956.0,0.5412499999999998
2957.0,0.005614035087719292
2958.0,-1.0516666666666667
2959.0,-0.9610526315789474
2960.0,-0.5961643835616439
2961.0,-1.113333333333333
2962.0,-0.205625
2963.0,-1.0301234567901234
2964.0,-1.1323076923076925
2965.0,0.6523076923076923
2966.0,-1.0408241758241756
2967.0,-0.38351851851851854
2968.0,0.5774603174603173
2969.0,-0.8014035087719298
2970.0,-1.1522807017543857
2971.0,-0.9489552238805969
2972.0,-0.5500775193798451
2973.0,0.7706382978723404
2974.0,-0.805625
2975.0,0.77171875
2976.0,-1.045851063829787
2977.0,0.3641666666666666
2978.0,-0.3863414634146342
2979.0,-1.0081159420289854
2980.0,-1.0031578947368425
2981.0,-1.0590789473684212
2982.0,-0.9972222222222221
2983.0,-0.5376923076923078
2984.0,-1.2400000000000002
2985.0,-1.0226086956521738
2986.0,-0.1953333333333334
2987.0,-1.0611538461538461
2988.0,-1.2890476190476194
2989.0,-0.4240277777777778
2990.0,-1.0316666666666667
2991.0,-1.1525396825396823
2992.0,-0.2191666666666667
2993.0,-0.8921739130434782
2994.0,-0.347843137254902
2995.0,-0.13583333333333336
2996.0,-0.05500000000000003
2997.0,0.7138461538461537
2998.0,0.7775438596491226
2999.0,-0.7015384615384614
3000.0,0.635
3001.0,-1.041675977653631
3002.0,-1.1612962962962963
3003.0,-1.175
3004.0,-0.9034615384615388
3005.0,-0.9371153846153846
3006.0,-1.3060869565217395
3007.0,-1.051046511627907
3008.0,-0.7942452830188679
3009.0,-0.26034883720930235
3010.0,-0.7779310344827586
3011.0,-1.2051162790697676
3012.0,-0.6490909090909092
3013.0,-0.321818181818182
3014.0,-0.1907575757575758
3015.0,-1.130151515151515
3016.0,-0.4878632478632479
3017.0,-0.8844444444444444
3018.0,-1.3678571428571433
3019.0,0.21999999999999995
3020.0,-1.1212499999999999
3021.0,-0.018481012658227883
3022.0,-0.8438732394366198
3023.0,0.83421875
3024.0,-1.1280597014925373
3025.0,-0.9736956521739129
3026.0,-1.1202816901408452
3027.0,0.028749999999999977
3028.0,-1.0419662921348314
3029.0,0.08249999999999985
3030.0,0.4125423728813559
3031.0,0.6928358208955223
3032.0,-1.0449242424242424
3033.0,0.8469565217391304
3034.0,-0.7007843137254902
3035.0,0.3362195121951219
3036.0,-0.6220224719101124
3037.0,0.4084374999999999
3038.0,-1.1323076923076922
3039.0,-0.7831818181818179
3040.0,-1.2200000000000004
3041.0,-1.0296341463414636
3042.0,-1.2592592592592593
3043.0,0.12249999999999998
3044.0,-0.8617391304347826
3045.0,0.25947368421052613
3046.0,-1.0690598290598292
3047.0,-0.8703571428571428
3048.0,-1.0037362637362637
3049.0,0.7927868852459018
3050.0,-0.24375000000000002
3051.0,0.7936538461538459
3052.0,-1.175
3053.0,-0.3393589743589744
3054.0,-0.6007594936708862
3055.0,0.03215189873417716
3056.0,-0.8557894736842108
3057.0,-0.8410101010101012
3058.0,0.8285483870967743
3059.0,-0.2127272727272727
3060.0,-0.6775
3061.0,-0.4431868131868133
3062.0,0.7515254237288136
3063.0,-0.9855555555555555
3064.0,-1.2102380952380953
3065.0,-0.5489622641509434
3066.0,-1.2883870967741937
3067.0,-1.1202816901408452
3068.0,-1.1111111111111114
3069.0,-1.0514406779661019
3070.0,0.778939393939394
3071.0,-0.975576923076923
3072.0,-0.9633333333333333
3073.0,-0.880625
3074.0,-0.9627722772277227
3075.0,-0.923206106870229
3076.0,-0.5733333333333333
3077.0,0.8225
3078.0,-1.0879729729729728
3079.0,-0.5287931034482758
3080.0,-1.1260294117647058
3081.0,0.39157894736842097
3082.0,-0.8515702479338844
3083.0,0.5755384615384616
3084.0,0.16357142857142853
3085.0,-0.9802597402597402
3086.0,-1.122987012987013
3087.0,-1.175897435897436
3088.0,-1.112881355932203
3089.0,-0.18050847457627126
3090.0,-1.186808510638298
3091.0,-0.3913157894736843
3092.0,-0.47333333333333344
3093.0,-0.4144186046511628
3094.0,0.37413043478260866
3095.0,-1.0142857142857147
3096.0,-1.0966176470588234
3097.0,-1.186923076923077
3098.0,-0.5802777777777778
3099.0,-0.06258064516129044
3100.0,-0.2169736842105263
3101.0,-0.9230985915492954
3102.0,-1.1041304347826089
3103.0,0.663409090909091
3104.0,-1.2200000000000002
3105.0,-1.152280701754386
3106.0,0.6781034482758623
3107.0,-0.5027118644067797
3108.0,-0.45562500000000006
3109.0,-1.0863541666666665
3110.0,-1.1345312500000002
3111.0,0.7138461538461538
3112.0,-1.0197619047619049
3113.0,-1.1787755102040816
3114.0,-0.010161290322580693
3115.0,-1.1349122807017544
3116.0,0.05999999999999998
3117.0,-0.5204054054054054
3118.0,0.7706382978723404
3119.0,-0.5677049180327868
3120.0,0.4683333333333334
3121.0,-1.124259259259259
3122.0,0.8016666666666665
3123.0,-0.050810810810810875
3124.0,-1.1827083333333333
3125.0,-0.7254651162790698
3126.0,-0.09069444444444447
3127.0,0.03397260273972601
3128.0,-0.03513888888888889
3129.0,0.7269117647058824
3130.0,0.6791176470588234
3131.0,0.04197674418604649
3132.0,-0.98
3133.0,-0.0966176470588235
3134.0,-0.5831372549019608
3135.0,-1.0789830508474576
3136.0,-1.3325925925925926
3137.0,-0.5834782608695654
3138.0,-0.8382142857142855
3139.0,-0.9360227272727273
3140.0,-0.5811764705882354
3141.0,-1.2315384615384617
3142.0,-0.8546694214876033
3143.0,-0.9372222222222223
3144.0,0.32018518518518513
3145.0,0.5516666666666665
3146.0,-0.13802631578947372
3147.0,-0.6756060606060605
3148.0,0.11915492957746475
3149.0,-1.262058823529412
3150.0,-0.415438596491228
3151.0,-0.916923076923077
3152.0,0.5907692307692307
3153.0,-0.9774999999999999
3154.0,-0.9384732824427481
3155.0,-0.8962499999999998
3156.0,-0.5945918367346938
3157.0,-0.15891891891891896
3158.0,-1.0746774193548387
3159.0,-1.0272363636363637
3160.0,-0.33200000000000013
3161.0,-0.6446610169491527
3162.0,-0.6364285714285713
3163.0,0.2681967213114753
3164.0,0.5053703703703702
3165.0,-0.006986301369863024
3166.0,-0.7254651162790698
3167.0,-0.9365174129353233
3168.0,-0.871578947368421
3169.0,-1.1391935483870965
3170.0,-0.42674698795180716
3171.0,-0.35538461538461535
3172.0,0.1562264150943396
3173.0,-1.0775
3174.0,-0.15780821917808224
3175.0,0.019868421052631566
3176.0,-0.11946428571428573
3177.0,0.16624999999999995
3178.0,-0.54
3179.0,0.025
3180.0,0.602741935483871
3181.0,-0.7209782608695652
3182.0,-1.2929166666666667
3183.0,0.842089552238806
3184.0,-0.9758490566037734
3185.0,0.8369230769230769
3186.0,-0.9007142857142857
3187.0,-0.7761842105263159
3188.0,-0.8935714285714286
3189.0,-1.0489430894308944
3190.0,-1.130151515151515
3191.0,-0.3219672131147541
3192.0,-0.8052173913043479
3193.0,-0.8832926829268294
3194.0,0.7073684210526315
3195.0,-0.9829906542056074
3196.0,-0.5986666666666668
3197.0,-1.0316666666666667
3198.0,-1.014888888888889
3199.0,0.22874999999999993
3200.0,-1.1405882352941177
3201.0,-1.038941798941799
3202.0,-1.1218181818181818
3203.0,0.24611111111111106
3204.0,-0.6699999999999999
3205.0,0.4838805970149253
3206.0,0.6164814814814813
3207.0,0.6266666666666667
3208.0,-0.42181818181818187
3209.0,-0.9775000000000001
3210.0,-1.1467796610169494
3211.0,-1.0717500000000002
3212.0,-1.0397311827956988
3213.0,-0.8724242424242424
3214.0,-0.3905102040816327
3215.0,-0.9468181818181818
3216.0,-0.7372222222222223
3217.0,-0.503235294117647
3218.0,-0.9240350877192981
3219.0,-1.2696153846153846
3220.0,-1.1612962962962965
3221.0,-0.43753086419753084
3222.0,-1.0655813953488371
3223.0,0.4153030303030303
3224.0,-1.24
3225.0,-0.7028099173553718
3226.0,-0.2169736842105264
3227.0,0.30794520547945203
3228.0,0.8395454545454546
3229.0,0.11887096774193547
3230.0,-1.080277777777778
3231.0,0.37538461538461537
3232.0,-0.7980357142857143
3233.0,-1.0011607142857142
3234.0,0.26649350649350645
3235.0,0.6331343283582088
3236.0,-1.154772727272727
3237.0,0.7753846153846153
3238.0,0.0759722222222222
3239.0,0.05044117647058823
3240.0,-0.29803571428571424
3241.0,-0.9876340694006307
3242.0,-0.23999999999999996
3243.0,0.08916666666666663
3244.0,0.25999999999999995
3245.0,-1.2838888888888893
3246.0,-1.233421052631579
3247.0,-1.037794117647059
3248.0,-0.9427027027027027
3249.0,0.6021052631578947
3250.0,-0.8241584158415842
3251.0,-0.91578125
3252.0,0.31633802816901413
3253.0,-0.7441666666666665
3254.0,-0.7095945945945946
3255.0,-1.0028865979381443
3256.0,-0.7198387096774194
3257.0,0.7176271186440678
3258.0,-0.16718446601941744
3259.0,-0.82955223880597
3260.0,-0.51
3261.0,0.6236363636363635
3262.0,-0.37616071428571424
3263.0,-1.0597115384615385
3264.0,-0.996127450980392
3265.0,-0.48013157894736835
3266.0,-1.066315789473684
3267.0,-0.5445977011494254
3268.0,-0.45875000000000005
3269.0,-1.0357920792079207
3270.0,-0.7968181818181818
3271.0,-0.38652173913043486
3272.0,-0.7754938271604938
3273.0,-0.9830555555555555
3274.0,0.8420895522388061
3275.0,-1.0470652173913044
3276.0,0.6928358208955223
3277.0,-0.8728671328671328
3278.0,-0.9801315789473686
3279.0,-0.7331318681318681
3280.0,-0.6117948717948719
3281.0,-0.9081034482758622
3282.0,-1.1859459459459458
3283.0,0.8420895522388059
3284.0,-0.8374264705882352
3285.0,-0.06954545454545462
3286.0,-0.9791304347826085
3287.0,-0.6078571428571429
3288.0,0.034827586206896376
3289.0,0.7699999999999999
3290.0,-0.9533333333333331
3291.0,-0.7542857142857143
3292.0,0.7138461538461538
3293.0,0.70921875
3294.0,-0.9079831932773108
3295.0,0.6409523809523807
3296.0,-1.0288655462184875
3297.0,-0.6223809523809526
3298.0,-0.49499999999999994
3299.0,-0.20388888888888887
3300.0,0.10375000000000001
3301.0,-1.0872222222222223
3302.0,-0.8391379310344828
3303.0,-0.9929268292682929
3304.0,-0.9774999999999998
3305.0,0.26
3306.0,-0.8648717948717948
3307.0,-1.0159999999999998
3308.0,0.792142857142857
3309.0,-1.2051162790697674
3310.0,-0.14202702702702705
3311.0,0.64671875
3312.0,-0.89625
3313.0,-0.7904032258064515
3314.0,-0.2004000000000001
3315.0,-1.2102380952380953
3316.0,0.5158139534883719
3317.0,0.26
3318.0,0.27562499999999995
3319.0,0.8445588235294119
3320.0,-0.144468085106383
3321.0,-0.9288888888888889
3322.0,0.7733928571428571
3323.0,-0.8400000000000002
3324.0,-0.598173076923077
3325.0,-0.7825
3326.0,-1.1713725490196079
3327.0,-0.8740909090909093
3328.0,-1.0789830508474574
3329.0,-1.4176470588235297
3330.0,0.5335849056603773
3331.0,0.39725490196078433
3332.0,-1.1184722222222223
3333.0,-1.0556249999999998
3334.0,-0.8607692307692307
3335.0,-1.0893150684931507
3336.0,-1.0040449438202248
3337.0,0.8469565217391304
3338.0,-0.9735640138408305
3339.0,-1.0966176470588236
3340.0,-0.8364285714285716
3341.0,-0.965
3342.0,-1.1280597014925373
3343.0,-1.1198214285714287
3344.0,-0.15350000000000025
3345.0,-1.0971428571428572
3346.0,-1.0985714285714288
3347.0,0.7486363636363635
3348.0,0.34037037037037027
3349.0,-0.08558823529411774
3350.0,0.15843749999999995
3351.0,0.7225000000000001
3352.0,-1.0127272727272727
3353.0,-1.0432786885245902
3354.0,-0.6366346153846154
3355.0,-1.1379591836734695
3356.0,-1.0476923076923075
3357.0,-0.3852702702702703
3358.0,0.0909859154929577
3359.0,-0.8904629629629631
3360.0,-1.1551785714285714
3361.0,0.83421875
3362.0,0.767936507936508
3363.0,-0.5341176470588237
3364.0,-1.0489430894308944
3365.0,-0.9235593220338981
3366.0,-0.95640625
3367.0,-0.9050000000000002
3368.0,-1.0078571428571428
3369.0,-1.2766666666666668
3370.0,-0.913245614035088
3371.0,-0.03391891891891895
3372.0,0.21522388059701486
3373.0,0.5763265306122448
3374.0,-0.27164556962025316
3375.0,0.27041666666666664
3376.0,0.5907692307692307
3377.0,-1.2983333333333333
3378.0,0.3552380952380953
3379.0,-1.1827083333333335
3380.0,-0.8391379310344828
3381.0,-0.5288888888888889
3382.0,0.7756250000000001
3383.0,-1.0171739130434785
3384.0,0.7361904761904762
3385.0,0.03777777777777779
3386.0,-1.0483333333333333
3387.0,0.5774603174603175
3388.0,0.7962903225806452
3389.0,-0.9865116279069769
3390.0,0.41760869565217384
3391.0,-0.7073076923076923
3392.0,-1.2051162790697674
3393.0,-0.6414084507042254
3394.0,-0.9194545454545454
3395.0,-1.08375
3396.0,-0.7585185185185185
3397.0,-1.0673809523809523
3398.0,0.48395833333333327
3399.0,-1.0843877551020409
3400.0,-0.3332203389830508
3401.0,-0.5059574468085107
3402.0,-0.22958333333333336
3403.0,-0.7573913043478262
3404.0,-0.8019834710743802
3405.0,-1.144255319148936
3406.0,-0.8861702127659575
3407.0,-1.1410416666666667
3408.0,-0.4990361445783132
3409.0,0.597121212121212
3410.0,-1.1171929824561404
3411.0,-0.7213084112149534
3412.0,-0.6712500000000001
3413.0,0.667258064516129
3414.0,-0.9807407407407409
3415.0,-1.0505917159763314
3416.0,-0.6866666666666665
3417.0,0.11326086956521737
3418.0,-0.47493975903614466
3419.0,-1.129423076923077
3420.0,0.5457142857142856
3421.0,0.8445588235294119
3422.0,0.6634090909090907
3423.0,-1.1184722222222223
3424.0,-1.1001190476190477
3425.0,-0.7984415584415586
3426.0,-0.2866666666666667
3427.0,-0.9806249999999999
3428.0,0.5053703703703702
3429.0,-0.9983892617449663
3430.0,-0.5763095238095238
3431.0,-0.9505555555555559
3432.0,0.050697674418604614
3433.0,0.5365151515151516
3434.0,-0.8667605633802816
3435.0,-1.0113333333333336
3436.0,-0.8606140350877193
3437.0,-0.34588235294117653
3438.0,0.5349999999999999
3439.0,-1.1578688524590166
3440.0,0.7361904761904763
3441.0,0.30499999999999994
3442.0,0.2894117647058823
3443.0,-0.6387068965517243
3444.0,-0.22421052631578953
3445.0,-0.7526582278481013
3446.0,-0.4075531914893618
3447.0,-1.2890476190476194
3448.0,0.3542028985507247
3449.0,0.55296875
3450.0,0.8122388059701494
3451.0,-0.4508433734939759
3452.0,0.20921874999999995
3453.0,-1.0982089552238803
3454.0,-0.25449275362318846
3455.0,-0.08615384615384615
3456.0,-0.9811764705882352
3457.0,0.8395454545454546
3458.0,-1.105079365079365
3459.0,-0.009531250000000033
3460.0,-1.0664462809917354
3461.0,0.4564285714285713
3462.0,-1.1050793650793649
3463.0,-0.9803846153846154
3464.0,0.8492857142857142
3465.0,-0.94703125
3466.0,0.8469565217391303
3467.0,-0.8114285714285717
3468.0,-0.6260759493670887
3469.0,-0.6116814159292036
3470.0,0.7327272727272727
3471.0,-0.8410101010101012
3472.0,-0.6595402298850574
3473.0,-0.6615686274509804
3474.0,-0.7095945945945946
3475.0,-0.1673255813953489
3476.0,-0.18117647058823533
3477.0,-0.8626415094339622
3478.0,-0.5577083333333334
3479.0,-0.31333333333333335
3480.0,0.19076923076923077
3481.0,0.76
3482.0,0.6577272727272728
3483.0,-0.4198780487804879
3484.0,0.6784782608695652
3485.0,0.22215189873417712
3486.0,-1.0268525896414342
3487.0,-0.4011842105263158
3488.0,-1.1221428571428573
3489.0,-0.9755769230769229
3490.0,0.809344262295082
3491.0,-0.715
3492.0,-0.3208823529411765
3493.0,0.8061538461538461
3494.0,-1.1444117647058825
3495.0,-0.7735555555555556
3496.0,-0.8125308641975308
3497.0,-0.13080459770114947
3498.0,-0.8077083333333334
3499.0,-0.9463492063492063
3500.0,0.477857142857143
3501.0,0.41254237288135587
3502.0,0.7753846153846153
3503.0,0.310632911392405
3504.0,0.4917073170731707
3505.0,-0.46402298850574725
3506.0,0.3353424657534247
3507.0,-1.0128873239436618
3508.0,0.5304918032786885
3509.0,0.02617021276595739
3510.0,0.8054545454545454
3511.0,0.18307692307692303
3512.0,0.5292307692307692
3513.0,-0.757857142857143
3514.0,-0.4235443037974684
3515.0,-0.9591011235955056
3516.0,-0.620597014925373
3517.0,-0.5352586206896551
3518.0,-0.9725981873111783
3519.0,-0.15025641025641032
3520.0,0.792142857142857
3521.0,-0.7154601226993864
3522.0,0.504047619047619
3523.0,-0.2563934426229508
3524.0,0.7857352941176471
3525.0,-0.33259259259259266
3526.0,0.5541176470588235
3527.0,0.1282432432432432
3528.0,-0.4132954545454546
3529.0,-1.014247491638796
3530.0,-0.8962500000000001
3531.0,-1.0815841584158414
3532.0,-0.7321259842519686
3533.0,-1.1028048780487807
3534.0,-1.0402717391304348
3535.0,0.09437499999999996
3536.0,-1.1345312499999998
3537.0,0.6122535211267606
3538.0,0.04716216216216213
3539.0,0.22363636363636355
3540.0,-0.21426470588235294
3541.0,-1.0746774193548387
3542.0,-0.9978787878787879
3543.0,-1.1410416666666665
3544.0,0.7996825396825397
3545.0,-1.2587500000000005
3546.0,-0.7959210526315789
3547.0,-0.009531250000000033
3548.0,0.7639393939393939
3549.0,0.8224999999999999
3550.0,-0.8101219512195122
3551.0,0.83421875
3552.0,-0.9983582089552239
3553.0,-1.0853947368421053
3554.0,0.8395454545454546
3555.0,-1.0191798107255519
3556.0,-1.0516867469879516
3557.0,-0.18396551724137933
3558.0,0.7602040816326531
3559.0,-0.7996153846153846
3560.0,-0.4170833333333334
3561.0,-1.0415873015873012
3562.0,-0.29319148936170214
3563.0,-1.1551785714285714
3564.0,-1.3833333333333335
3565.0,0.19835616438356163
3566.0,-0.20562500000000003
3567.0,0.842089552238806
3568.0,0.13499999999999998
3569.0,-0.9795833333333334
3570.0,0.7183333333333334
3571.0,-1.0195454545454545
3572.0,-0.7424193548387096
3573.0,-1.041470588235294
3574.0,-0.9984459459459458
3575.0,-0.47138297872340446
3576.0,0.23701149425287363
3577.0,0.1478205128205128
3578.0,-0.8077966101694914
3579.0,-1.308965517241379
3580.0,-0.08939759036144582
3581.0,0.2339583333333333
3582.0,0.7889855072463767
3583.0,-0.6348412698412697
3584.0,0.06281690140845067
3585.0,0.785735294117647
3586.0,0.8469565217391304
3587.0,0.6870833333333334
3588.0,-1.0137587006960556
3589.0,-0.728
3590.0,-1.0512582781456954
3591.0,-1.056546762589928
3592.0,0.7426388888888888
3593.0,-1.2790625
3594.0,-0.943883495145631
3595.0,0.6584374999999999
3596.0,0.5794444444444445
3597.0,-0.4011842105263158
3598.0,-1.1015384615384616
3599.0,-0.7277450980392156
3600.0,0.7183333333333332
3601.0,-0.9071826625386996
3602.0,-0.5096629213483146
3603.0,-1.0474534161490685
3604.0,0.49263888888888885
3605.0,-0.2935714285714287
3606.0,0.788985507246377
3607.0,-0.6505714285714285
3608.0,-0.15313559322033896
3609.0,-1.1612962962962963
3610.0,-0.49431034482758623
3611.0,-0.36284482758620695
3612.0,-0.43607594936708854
3613.0,0.30464285714285716
3614.0,-1.130151515151515
3615.0,-1.1827083333333333
3616.0,0.465
3617.0,0.019146341463414596
3618.0,0.8515492957746476
3619.0,-1.0512582781456954
3620.0,-1.0335744680851062
3621.0,0.24051948051948055
3622.0,0.8469565217391304
3623.0,-1.0035757575757578
3624.0,-0.5936585365853658
3625.0,-0.8077966101694913
3626.0,-0.9522844827586208
3627.0,-0.44548387096774206
3628.0,-0.3216326530612245
3629.0,0.8492857142857141
3630.0,-0.2735365853658537
3631.0,0.10615384615384606
3632.0,-0.9105882352941176
3633.0,-1.1280597014925373
3634.0,-1.0530434782608697
3635.0,-0.7035483870967741
3636.0,0.4483116883116883
3637.0,0.22297297297297297
3638.0,-0.9366292134831461
3639.0,0.8233802816901408
3640.0,-0.7656410256410258
3641.0,-0.8660504201680673
3642.0,-1.116712328767123
3643.0,0.2894117647058823
3644.0,-0.6955084745762711
3645.0,-0.3568831168831169
3646.0,0.7711764705882351
3647.0,-0.8025000000000001
3648.0,0.7148611111111111
3649.0,-1.124057971014493
3650.0,0.8233802816901407
3651.0,-1.0564556962025313
3652.0,-0.4393243243243244
3653.0,-0.6072307692307692
3654.0,-1.1117105263157894
3655.0,-1.1441666666666668
3656.0,0.8445588235294119
3657.0,0.797462686567164
3658.0,-1.0134324942791761
3659.0,0.09231707317073169
3660.0,-1.1184722222222223
3661.0,-1.2102380952380953
3662.0,-1.146779661016949
3663.0,-0.5259999999999999
3664.0,-0.9993283582089549
3665.0,-1.1827083333333335
3666.0,-1.0575182481751824
3667.0,0.8122388059701493
3668.0,-0.18270833333333336
3669.0,-0.9507142857142856
3670.0,-1.191086956521739
3671.0,-1.1796296296296296
3672.0,-0.9236054421768706
3673.0,-0.212972972972973
3674.0,0.8469565217391305
3675.0,-1.0988235294117648
3676.0,-1.1551785714285714
3677.0,-1.0795061728395061
3678.0,-1.1551785714285714
3679.0,-1.3678571428571433
3680.0,0.7138461538461537
3681.0,-1.0081159420289856
3682.0,-0.734140625
3683.0,-0.03642857142857144
3684.0,-0.6268695652173915
3685.0,0.8216923076923077
3686.0,-0.2866666666666667
3687.0,0.7640322580645162
3688.0,0.2558333333333333
3689.0,0.6629850746268657
3690.0,0.7768918918918918
3691.0,0.2733333333333333
3692.0,-0.9912565445026177
3693.0,-0.8617391304347828
3694.0,0.09881578947368419
3695.0,0.8207142857142855
3696.0,-0.48446808510638306
3697.0,0.8207142857142857
3698.0,0.14437499999999998
3699.0,0.683076923076923
3700.0,-1.0019047619047619
3701.0,-0.4088311688311688
3702.0,0.7952112676056338
3703.0,0.34510638297872337
3704.0,-0.11373737373737379
3705.0,-1.2412000000000003
3706.0,-0.8731521739130435
3707.0,-0.5721052631578946
3708.0,-0.14
3709.0,-0.8485526315789474
3710.0,0.745
3711.0,-1.0975581395348835
3712.0,-1.0145098039215688
3713.0,0.7857352941176472
3714.0,-0.9795833333333334
3715.0,-1.2165625000000002
3716.0,-0.286195652173913
3717.0,0.8492857142857142
3718.0,-0.1391935483870968
3719.0,-1.22125
3720.0,0.5062121212121212
3721.0,-0.6195180722891568
3722.0,-0.7640963855421687
3723.0,0.7269117647058824
3724.0,-1.2271794871794874
3725.0,0.4327941176470587
3726.0,0.5948214285714286
3727.0,0.842089552238806
3728.0,-0.1852054794520548
3729.0,-0.665742574257426
3730.0,0.7921428571428569
3731.0,-0.8430701754385965
3732.0,-0.6943269230769231
3733.0,-1.0842222222222222
3734.0,-0.7472463768115941
3735.0,0.8445588235294118
3736.0,0.8179710144927536
3737.0,-0.4505263157894736
3738.0,0.8492857142857141
3739.0,0.49972602739726024
3740.0,-1.0198295454545454
3741.0,0.8469565217391304
3742.0,-1.0121088435374153
3743.0,-0.38814814814814824
3744.0,0.796290322580645
3745.0,-0.9572619047619044
3746.0,-1.1787755102040816
3747.0,0.7446153846153846
3748.0,0.30477611940298505
3749.0,0.19076923076923075
3750.0,-0.4442682926829267
3751.0,-0.3601923076923077
3752.0,-0.4576165803108808
3753.0,-0.22475609756097562
3754.0,-0.8144047619047617
3755.0,0.16808823529411765
3756.0,0.44999999999999996
3757.0,-0.15764705882352945
3758.0,0.8469565217391304
3759.0,0.7640322580645162
3760.0,-0.4925510204081633
3761.0,-0.6513924050632912
3762.0,-0.25562500000000005
3763.0,0.4492857142857143
3764.0,-0.8522448979591838
3765.0,0.33534246575342463
3766.0,0.7317741935483871
3767.0,-1.0395283018867925
3768.0,0.85375
3769.0,0.6150724637681158
3770.0,-0.4713829787234043
3771.0,-1.1476086956521738
3772.0,-1.2489285714285716
3773.0,-0.8656830601092897
3774.0,0.6641095890410958
3775.0,0.05296875
3776.0,0.31743243243243235
3777.0,-1.1416393442622952
3778.0,0.8092424242424243
3779.0,-0.7667857142857143
3780.0,-1.1149999999999998
3781.0,0.67875
3782.0,0.6922916666666666
3783.0,-0.5733333333333333
3784.0,-1.0998484848484849
3785.0,-1.0696703296703296
3786.0,0.7361904761904763
3787.0,0.4822222222222223
3788.0,0.6436206896551724
3789.0,-1.0089393939393938
3790.0,-1.1626190476190477
3791.0,0.4912121212121213
3792.0,-1.1581818181818182
3793.0,-0.022894736842105332
3794.0,0.735
3795.0,0.8515492957746477
3796.0,-1.1056249999999999
3797.0,-0.3553846153846154
3798.0,-1.0834343434343434
3799.0,-0.7906756756756755
3800.0,0.30794520547945203
3801.0,0.8445588235294118
3802.0,-1.0854545454545454
3803.0,-0.33821428571428575
3804.0,-0.6584057971014493
3805.0,-1.0577083333333333
3806.0,0.8515492957746478
3807.0,-1.1684615384615389
3808.0,-0.13999999999999996
3809.0,-0.010161290322580662
3810.0,-1.022100313479624
3811.0,-1.210666666666667
3812.0,0.8326086956521739
3813.0,0.6778571428571428
3814.0,-0.018409090909090972
3815.0,-1.0935714285714284
3816.0,0.25632352941176473
3817.0,-0.5248101265822785
3818.0,-0.9212500000000002
3819.0,-0.8503896103896105
3820.0,-1.1184722222222223
3821.0,0.5254320987654322
3822.0,0.08670454545454542
3823.0,-1.1017021276595744
3824.0,-0.8011814345991561
3825.0,-0.8695061728395063
3826.0,-1.0916483516483517
3827.0,-1.2403030303030302
3828.0,0.4841379310344826
3829.0,-0.6392805755395684
3830.0,-0.9601086956521739
3831.0,0.8469565217391305
3832.0,-0.006025641025641049
3833.0,0.0046808510638297685
3834.0,-1.3204000000000002
3835.0,0.4778571428571429
3836.0,0.25382716049382714
3837.0,0.8395454545454545
3838.0,-0.6827083333333333
3839.0,-0.4089814814814815
3840.0,-1.152280701754386
3841.0,0.6436206896551723
3842.0,-1.2542857142857144
3843.0,-1.152280701754386
3844.0,-1.0161732851985559
3845.0,-0.26960526315789474
3846.0,-0.9942229729729728
3847.0,-1.0299999999999998
3848.0,-0.7966037735849056
3849.0,-0.6557608695652174
3850.0,-1.069268292682927
3851.0,0.4059999999999999
3852.0,-0.9109090909090912
3853.0,-0.7629357798165138
3854.0,0.5822222222222221
3855.0,-1.0939325842696628
3856.0,0.793653846153846
3857.0,-1.175
3858.0,-0.6490909090909088
3859.0,-0.7865116279069767
3860.0,-1.152280701754386
3861.0,0.1634090909090909
3862.0,0.08467532467532464
3863.0,0.80296875
3864.0,-0.6775000000000001
3865.0,-1.0939325842696628
3866.0,-1.0263120567375885
3867.0,0.7376785714285715
3868.0,0.01797872340425529
3869.0,0.28054794520547943
3870.0,-1.1675000000000002
3871.0,0.8420895522388061
3872.0,-1.1028048780487805
3873.0,-0.0364285714285715
3874.0,-1.1955555555555557
3875.0,-0.47284313725490207
3876.0,-0.6866666666666668
3877.0,-0.4622222222222222
3878.0,-0.5003846153846156
3879.0,0.17549295774647883
3880.0,0.1933333333333333
3881.0,-0.955301204819277
3882.0,-1.0349029126213591
3883.0,-0.17402777777777775
3884.0,-1.0672058823529413
3885.0,-1.1581818181818182
3886.0,-1.0155102040816328
3887.0,-1.0110755813953487
3888.0,0.39999999999999986
3889.0,-0.35194029850746267
3890.0,-0.7749650349650349
3891.0,0.5304918032786884
3892.0,0.538225806451613
3893.0,-1.0638636363636365
3894.0,-1.1547727272727273
3895.0,0.8469565217391303
3896.0,-1.1467796610169492
3897.0,-0.9547435897435899
3898.0,-0.8313978494623657
3899.0,-0.9635211267605636
3900.0,-1.0137789203084833
3901.0,-0.608666666666667
3902.0,-1.068358208955224
3903.0,0.4414516129032257
3904.0,-1.1391935483870967
3905.0,0.6288524590163935
3906.0,0.6558333333333333
3907.0,-0.6424390243902439
3908.0,-0.9746938775510203
3909.0,-1.1600000000000004
3910.0,0.8615942028985508
3911.0,-0.6756060606060604
3912.0,-0.9441666666666666
3913.0,-1.0982089552238805
3914.0,-1.0042045454545454
3915.0,-1.2095833333333337
3916.0,-1.2971428571428574
3917.0,0.6680882352941176
3918.0,-0.012321428571428625
3919.0,-0.3671186440677966
3920.0,0.049285714285714224
3921.0,-1.1612962962962963
3922.0,0.780408163265306
3923.0,-1.029194915254237
3924.0,-0.9314893617021275
3925.0,-1.1056249999999999
3926.0,-1.2983333333333336
3927.0,-0.5036363636363637
3928.0,-0.8626415094339622
3929.0,0.7981944444444444
3930.0,-0.303380281690141
3931.0,0.8445588235294118
3932.0,-1.0723863636363637
3933.0,0.7977358490566037
3934.0,-0.20857142857142857
3935.0,-1.3207692307692311
3936.0,0.7155555555555556
3937.0,-0.04416666666666669
3938.0,0.7424561403508771
3939.0,-0.8667605633802816
3940.0,-1.2564516129032257
3941.0,-0.17037974683544313
3942.0,-1.0261290322580643
3943.0,0.4411594202898551
3944.0,-1.0314285714285714
3945.0,-0.29479452054794525
3946.0,0.683728813559322
3947.0,-0.9737288135593218
3948.0,0.16808823529411762
3949.0,0.8245454545454546
3950.0,-1.015
3951.0,0.6535294117647058
3952.0,-1.3921739130434785
3953.0,-0.5333673469387753
3954.0,0.006913580246913549
3955.0,0.5988157894736841
3956.0,-1.3833333333333335
3957.0,0.3542028985507245
3958.0,-1.2334210526315788
3959.0,0.7551923076923077
3960.0,-1.0419662921348316
3961.0,-1.0814285714285714
3962.0,-0.8296739130434783
3963.0,-1.1301515151515151
3964.0,0.20927536231884056
3965.0,0.0346478873239436
3966.0,-1.3011764705882358
3967.0,-1.0982089552238805
3968.0,0.7891666666666668
3969.0,-1.0342073170731707
3970.0,0.85375
3971.0,-0.26427184466019416
3972.0,-0.893061224489796
3973.0,-0.751986301369863
3974.0,0.7823880597014925
3975.0,0.85375
3976.0,0.8537500000000001
3977.0,-0.4132954545454545
3978.0,0.6870833333333333
3979.0,0.77171875
3980.0,-0.3766279069767442
3981.0,-1.1494827586206897
3982.0,-1.0100000000000005
3983.0,-1.0480357142857142
3984.0,0.6032835820895522
3985.0,-1.0695454545454546
3986.0,-0.7845544554455445
3987.0,-1.3825000000000003
3988.0,0.683728813559322
3989.0,0.8469565217391304
3990.0,-1.2002272727272727
3991.0,-1.144166666666667
3992.0,-1.0884042553191489
3993.0,-1.2469444444444446
3994.0,-0.9794366197183098
3995.0,-0.7804040404040404
3996.0,0.7849999999999998
3997.0,-1.2481250000000002
3998.0,-0.7414814814814816
3999.0,-1.2245161290322584
4000.0,0.7962903225806452
4001.0,-1.1678846153846154
4002.0,0.8492857142857143
4003.0,-0.9438834951456311
4004.0,-1.0560714285714288
4005.0,-0.7511607142857143
4006.0,-1.1684615384615389
4007.0,-0.9807407407407407
4008.0,0.8395454545454546
4009.0,-0.9384615384615387
4010.0,0.6199999999999999
4011.0,0.6523076923076923
4012.0,-0.17285714285714288
4013.0,-1.3361904761904764
4014.0,0.8492857142857141
4015.0,-0.35824324324324325
4016.0,0.7088636363636364
4017.0,0.26
4018.0,-1.0128571428571431
4019.0,-0.7448076923076924
4020.0,0.8233802816901409
4021.0,-1.2271794871794874
4022.0,-1.3341666666666667
4023.0,0.11999999999999993
4024.0,0.7148611111111111
4025.0,0.7733928571428572
4026.0,-0.6775000000000001
4027.0,0.7599999999999999
4028.0,-1.13453125
4029.0,0.3921428571428571
4030.0,0.04273809523809523
4031.0,-1.3600000000000003
4032.0,-1.1260869565217388
4033.0,0.55296875
4034.0,-1.0176717557251909
4035.0,-0.0998484848484849
4036.0,0.5759722222222222
4037.0,-0.7636486486486486
4038.0,-0.13402173913043483
4039.0,0.5734328358208954
4040.0,-0.23537037037037034
4041.0,-0.5629166666666667
4042.0,-0.7822297297297296
4043.0,0.8179710144927536
4044.0,-1.0828571428571427
4045.0,-1.1260294117647058
4046.0,0.4370833333333333
4047.0,0.4313698630136986
4048.0,-1.24
4049.0,-0.6960439560439562
4050.0,-0.816233183856502
4051.0,-0.9957339449541281
4052.0,0.0714754098360656
4053.0,-0.7117647058823532
4054.0,-1.0850000000000004
4055.0,0.3289655172413794
4056.0,-0.1773684210526316
4057.0,-0.2018055555555556
4058.0,0.7894117647058825
4059.0,-1.0752941176470585
4060.0,-0.031666666666666766
4061.0,0.07927710843373491
4062.0,0.8615942028985507
4063.0,0.8515492957746477
4064.0,-0.980506329113924
4065.0,-1.2754545454545456
4066.0,-1.124057971014493
4067.0,0.5424074074074073
4068.0,-1.1827083333333333
4069.0,-0.9034615384615384
4070.0,0.8492857142857141
4071.0,0.8193220338983049
4072.0,-0.3766279069767441
4073.0,-1.383846153846154
4074.0,-1.2103030303030307
4075.0,-1.0198165137614679
4076.0,-1.0311650485436892
4077.0,0.83421875
4078.0,-0.4281188118811883
4079.0,0.5399999999999999
4080.0,0.20936708860759493
4081.0,-0.265
4082.0,0.8537500000000001
4083.0,0.5336486486486488
4084.0,0.18028985507246378
4085.0,0.5798529411764705
4086.0,-1.2334210526315788
4087.0,-0.11190476190476195
4088.0,-0.3583035714285715
4089.0,-0.4262745098039216
4090.0,0.6207142857142857
4091.0,-1.0312946428571428
4092.0,-0.6093181818181819
4093.0,-1.0669924812030074
4094.0,0.6702564102564101
4095.0,-1.2051162790697676
4096.0,-0.9505263157894737
4097.0,-0.04416666666666666
4098.0,-0.3729113924050633
4099.0,0.8515492957746477
4100.0,0.09881578947368419
4101.0,-1.4086666666666672
4102.0,0.8637142857142855
4103.0,0.8515492957746478
4104.0,0.8369230769230769
4105.0,-1.032824074074074
4106.0,0.5271232876712328
4107.0,-1.0124460431654676
4108.0,-1.1955555555555555
4109.0,-0.5300943396226416
4110.0,-0.7630769230769229
4111.0,0.8492857142857142
4112.0,-0.8077083333333334
4113.0,-1.246
4114.0,0.385
4115.0,-1.0278787878787878
4116.0,0.8420895522388061
4117.0,-0.8406944444444444
4118.0,0.2531506849315068
4119.0,-1.118472222222222
4120.0,0.6784782608695652
4121.0,-0.9597802197802198
4122.0,-0.113134328358209
4123.0,-0.15428571428571472
4124.0,-1.0198295454545454
4125.0,-1.0524999999999998
4126.0,-1.0177777777777777
4127.0,-0.43696969696969695
4128.0,-0.5850000000000001
4129.0,-0.702890625
4130.0,0.8255737704918034
4131.0,-1.1041304347826086
4132.0,0.1802898550724637
4133.0,0.8160344827586206
4134.0,-0.35944444444444446
4135.0,-0.550126582278481
4136.0,-0.942
4137.0,-1.2684210526315791
4138.0,-1.076923076923077
4139.0,-1.1184722222222223
4140.0,0.5773076923076921
4141.0,-0.8672727272727273
4142.0,-1.0863541666666665
4143.0,0.8420895522388059
4144.0,-1.0679569892473117
4145.0,-1.0850000000000002
4146.0,0.665
4147.0,-0.64625
4148.0,-0.38062500000000005
4149.0,-0.25401869158878504
4150.0,-1.2245161290322581
4151.0,-1.02
4152.0,0.22741935483870954
4153.0,-1.231538461538462
4154.0,0.4492857142857143
4155.0,0.8255737704918032
4156.0,0.581917808219178
4157.0,-0.24416666666666667
4158.0,0.3972549019607842
4159.0,-0.8364912280701754
4160.0,-0.01922077922077921
4161.0,-0.8987804878048781
4162.0,0.2733928571428571
4163.0,-1.0161538461538464
4164.0,-1.0336746987951808
4165.0,-0.24
4166.0,0.09653846153846149
4167.0,0.8179710144927534
4168.0,-1.1612962962962965
4169.0,0.8492857142857143
4170.0,0.819322033898305
4171.0,0.7361904761904762
4172.0,0.7599999999999999
4173.0,0.7109803921568627
4174.0,-1.0321511627906976
4175.0,-1.0609459459459458
4176.0,0.4090384615384615
4177.0,-0.9672727272727274
4178.0,0.5892682926829268
4179.0,-1.2658333333333338
4180.0,-1.1505128205128206
4181.0,0.47014492753623194
4182.0,-1.075294117647059
4183.0,-0.48691358024691356
4184.0,0.8469565217391305
4185.0,-0.41605633802816905
4186.0,-0.8877272727272727
4187.0,-1.1368253968253965
4188.0,0.6207142857142858
4189.0,-0.8557894736842105
4190.0,0.7107042253521126
4191.0,-0.3712500000000001
4192.0,0.3815277777777777
4193.0,-0.30547619047619046
4194.0,-1.0213559322033896
4195.0,-1.1125581395348838
4196.0,-0.8144680851063828
4197.0,-1.0733333333333333
4198.0,-1.08375
4199.0,-1.1147058823529412
4200.0,0.8122388059701492
4201.0,0.7020289855072465
4202.0,0.4492857142857144
4203.0,0.5742857142857142
4204.0,0.7921428571428569
4205.0,0.8207142857142856
4206.0,-0.08444444444444446
4207.0,-0.17154761904761906
4208.0,0.8515492957746477
4209.0,0.6288524590163934
4210.0,-0.8861538461538461
4211.0,0.4121739130434782
4212.0,-1.0372972972972971
4213.0,-0.330625
4214.0,-1.136825396825397
4215.0,-0.968515625
4216.0,0.2648148148148148
4217.0,-1.3600000000000003
4218.0,-1.155714285714286
4219.0,0.3174324324324324
4220.0,0.03777777777777778
4221.0,-1.0338297872340425
4222.0,0.18338709677419354
4223.0,0.6928358208955224
4224.0,-1.3060869565217392
4225.0,-1.1612962962962963
4226.0,-1.1008333333333338
4227.0,-0.9176859504132232
4228.0,-0.8071428571428573
4229.0,-0.32189655172413795
4230.0,-0.30741573033707864
4231.0,-1.262058823529412
4232.0,-0.9946125461254611
4233.0,-0.39714285714285724
4234.0,-1.0436125654450261
4235.0,0.7310144927536232
4236.0,0.27902173913043476
4237.0,0.58421875
4238.0,0.03740740740740727
4239.0,0.6958108108108108
4240.0,0.83421875
4241.0,0.2637878787878788
4242.0,-1.27030303030303
4243.0,-0.7108737864077671
4244.0,-0.5476923076923076
4245.0,0.37693548387096765
4246.0,-0.6400000000000001
4247.0,-0.52125
4248.0,-1.0763095238095237
4249.0,-0.8394897959183673
4250.0,0.8092424242424242
4251.0,-0.32203125
4252.0,-1.0764485981308411
4253.0,0.7977358490566037
4254.0,0.08180851063829787
4255.0,-0.05746031746031748
4256.0,-1.3207692307692314
4257.0,-1.2271794871794872
4258.0,0.7635714285714285
4259.0,-0.8032244897959183
4260.0,0.13999999999999996
4261.0,0.5725
4262.0,-0.42749999999999994
4263.0,0.6641095890410958
4264.0,0.6711111111111111
4265.0,0.26819672131147543
4266.0,-0.74635593220339
4267.0,-1.2542857142857144
4268.0,-0.3386842105263159
4269.0,-1.0004166666666667
4270.0,-0.9164705882352944
4271.0,0.6778571428571428
4272.0,0.3259722222222222
4273.0,0.057468354430379724
4274.0,0.23039473684210518
4275.0,0.7789393939393939
4276.0,0.85375
4277.0,0.842089552238806
4278.0,-0.8182666666666666
4279.0,0.48033898305084743
4280.0,-0.3906410256410256
4281.0,0.83421875
4282.0,-0.21115384615384622
4283.0,0.005098039215686259
4284.0,-1.2165625000000002
4285.0,-0.028690476190476197
4286.0,-1.2790625000000002
4287.0,0.8515492957746478
4288.0,-0.3625
4289.0,-1.0194736842105263
4290.0,-0.10956521739130434
4291.0,-0.6100980392156863
4292.0,0.85375
4293.0,0.7635714285714285
4294.0,0.4162499999999999
4295.0,0.6687837837837837
4296.0,-0.9158474576271189
4297.0,0.8492857142857141
4298.0,0.7356097560975609
4299.0,0.6523076923076923
4300.0,-0.930689655172414
4301.0,-0.05720430107526888
4302.0,-0.9391666666666666
4303.0,0.04055555555555554
4304.0,-0.6536690647482015
4305.0,-0.9561538461538462
4306.0,0.6733333333333332
4307.0,-1.007361111111111
4308.0,0.5461842105263157
4309.0,-1.1441666666666666
4310.0,0.8369230769230769
4311.0,-1.1077011494252873
4312.0,-0.7400000000000001
4313.0,-0.4336274509803922
4314.0,-0.7720183486238532
4315.0,-0.8038888888888889
4316.0,-0.8846428571428571
4317.0,-1.0537254901960786
4318.0,-0.3514130434782609
4319.0,0.45583333333333337
4320.0,0.7107042253521126
4321.0,0.5319298245614035
4322.0,-0.2789610389610389
4323.0,0.36447761194029843
4324.0,0.041249999999999995
4325.0,-0.05159420289855078
4326.0,-0.5005633802816902
4327.0,-0.9993659942363111
4328.0,0.8469565217391304
4329.0,-0.25562500000000005
4330.0,0.6466666666666666
4331.0,-1.1551785714285714
4332.0,0.5424074074074073
4333.0,0.7044444444444445
4334.0,0.8515492957746478
4335.0,0.80296875
4336.0,0.7107042253521126
4337.0,-1.0688043478260867
4338.0,-0.859402985074627
4339.0,-1.025171102661597
4340.0,0.36126582278481023
4341.0,-1.1202816901408446
4342.0,-1.1551785714285714
4343.0,-0.9494907407407406
4344.0,-0.8846280991735539
4345.0,0.7839682539682541
4346.0,0.7889855072463767
4347.0,-1.0399999999999998
4348.0,-1.04316091954023
4349.0,-0.08051724137931036
4350.0,0.7393333333333334
4351.0,-0.9218181818181818
4352.0,-1.0064473684210526
4353.0,-1.0486363636363638
4354.0,-1.4443750000000004
4355.0,0.2558333333333333
4356.0,-1.0415873015873016
4357.0,0.5558333333333334
4358.0,0.8224999999999999
4359.0,-0.8250000000000001
4360.0,0.21522388059701494
4361.0,0.745
4362.0,0.8395454545454546
4363.0,0.7280851063829789
4364.0,0.6371929824561403
4365.0,0.8558904109589042
4366.0,-0.15562499999999999
4367.0,0.06136986301369862
4368.0,-1.05359649122807
4369.0,0.7417647058823529
4370.0,0.3882894736842106
4371.0,-0.10956521739130434
4372.0,-0.7955555555555556
4373.0,-0.7113541666666666
4374.0,0.8515492957746477
4375.0,0.49972602739726024
4376.0,0.3703896103896103
4377.0,-0.6194642857142858
4378.0,-1.15
4379.0,0.8515492957746477
4380.0,-1.2323333333333335
4381.0,0.5304918032786885
4382.0,-0.785
4383.0,-0.6117105263157894
4384.0,-0.41647058823529426
4385.0,-1.0127272727272727
4386.0,-0.1650000000000001
4387.0,0.4492857142857143
4388.0,-0.20136363636363638
4389.0,-0.7455056179775282
4390.0,-1.2446153846153851
4391.0,-0.586846846846847
4392.0,0.8179710144927536
4393.0,0.731774193548387
4394.0,-1.013148148148148
4395.0,-0.08539473684210529
4396.0,-0.08705882352941179
4397.0,0.8065714285714285
4398.0,-0.2457471264367816
4399.0,-1.0929411764705883
4400.0,-0.08635416666666669
4401.0,-0.49949367088607605
4402.0,0.18222222222222217
4403.0,0.4483116883116883
4404.0,-1.1325000000000003
4405.0,-1.1028048780487805
4406.0,-0.2127272727272727
4407.0,0.8314285714285714
4408.0,-0.7613414634146342
4409.0,0.34490566037735837
4410.0,-1.0988235294117645
4411.0,0.02874999999999996
4412.0,0.7224999999999999
4413.0,0.8515492957746478
4414.0,0.2664935064935065
4415.0,0.8537500000000001
4416.0,-0.8156302521008404
4417.0,0.7148611111111111
4418.0,0.85375
4419.0,-1.0242424242424244
4420.0,0.5907692307692308
4421.0,-1.262058823529412
4422.0,-0.9581355932203388
4423.0,-0.6873684210526314
4424.0,-1.1167123287671232
4425.0,0.5198684210526315
4426.0,0.3921428571428571
4427.0,-1.1416393442622952
4428.0,-1.0285638297872342
4429.0,-1.0821052631578947
4430.0,0.7064285714285714
4431.0,0.6730434782608695
4432.0,-0.8410362694300518
4433.0,-0.794421768707483
4434.0,-0.36132352941176477
4435.0,-1.1465
4436.0,-0.8701369863013697
4437.0,-1.0333333333333332
4438.0,0.8515492957746477
4439.0,-1.0798058252427185
4440.0,0.44493150684931515
4441.0,-0.930625
4442.0,0.8179710144927536
4443.0,-1.1626190476190477
4444.0,-1.0161538461538464
4445.0,0.8558904109589041
4446.0,-1.1467796610169492
4447.0,-0.913245614035088
4448.0,0.793653846153846
4449.0,0.4778571428571428
4450.0,-0.9309090909090915
4451.0,-0.9497457627118645
4452.0,-1.0595488721804511
4453.0,-1.1612962962962963
4454.0,0.5635714285714287
4455.0,0.6687837837837838
4456.0,-1.0916483516483517
4457.0,-0.39086206896551723
4458.0,-0.42085106382978726
4459.0,-1.2016000000000002
4460.0,-0.030625000000000034
4461.0,-0.2542045454545455
4462.0,0.7635714285714286
4463.0,-0.8748684210526315
4464.0,-1.3388888888888895
4465.0,0.4118987341772152
4466.0,-1.0489430894308944
4467.0,-1.0297727272727273
4468.0,-1.3089655172413794
4469.0,-1.13453125
4470.0,-0.96636815920398
4471.0,0.5404878048780488
4472.0,-1.0119298245614035
4473.0,-0.43607594936708866
4474.0,0.8420895522388059
4475.0,0.49972602739726024
4476.0,0.03272727272727273
4477.0,-1.092112676056338
4478.0,0.7107042253521126
4479.0,-0.42055555555555546
4480.0,-1.1208000000000002
4481.0,-1.2620588235294117
4482.0,0.7952112676056338
4483.0,-0.5816666666666667
4484.0,0.801095890410959
4485.0,0.047162162162162166
4486.0,-1.2058620689655175
4487.0,-1.0850000000000002
4488.0,0.7952112676056335
4489.0,-1.1612962962962963
4490.0,0.3172916666666666
4491.0,-1.2748275862068967
4492.0,-0.029473684210526326
4493.0,-0.7759459459459459
4494.0,-0.11654320987654325
4495.0,-0.8030000000000003
4496.0,0.85375
4497.0,0.74046875
4498.0,-1.0080555555555557
4499.0,-0.9729545454545455
4500.0,-1.055
4501.0,-1.2002272727272727
4502.0,-0.42750000000000005
4503.0,-1.139193548387097
4504.0,0.040555555555555525
4505.0,-1.0907317073170733
4506.0,-1.1868085106382977
4507.0,-1.1041975308641976
4508.0,-0.5678301886792452
4509.0,0.6784782608695652
4510.0,0.8151470588235296
4511.0,-1.2058620689655173
4512.0,0.7704166666666666
4513.0,-0.8217241379310344
4514.0,0.24437499999999995
4515.0,-0.32187500000000036
4516.0,0.7092592592592593
4517.0,0.8122388059701494
4518.0,0.578181818181818
4519.0,0.8420895522388059
4520.0,-0.06568807339449542
4521.0,0.13499999999999998
4522.0,-0.7436764705882352
4523.0,-1.1476086956521738
4524.0,-0.10956521739130438
4525.0,-0.4923584905660377
4526.0,0.14671875
4527.0,-0.9836440677966101
4528.0,-1.0023762376237624
4529.0,0.6492857142857142
4530.0,-0.5650000000000001
4531.0,-0.8385915492957748
4532.0,0.5367857142857142
4533.0,-0.4198780487804879
4534.0,-1.0998484848484846
4535.0,-0.16905405405405408
4536.0,-0.8690983606557376
4537.0,-0.8896062992125984
4538.0,-1.0058227848101264
4539.0,-0.5869827586206898
4540.0,-0.8339849624060152
4541.0,-1.0344711538461537
4542.0,-0.21500000000000002
4543.0,0.83421875
4544.0,-0.9297321428571428
4545.0,-0.3650000000000001
4546.0,-0.9548148148148147
4547.0,-1.0966176470588234
4548.0,0.5992857142857144
4549.0,-1.0332067510548522
4550.0,0.77171875
4551.0,0.8255737704918032
4552.0,0.6830769230769231
4553.0,-1.0443589743589745
4554.0,0.3279661016949153
4555.0,-1.106935483870968
4556.0,-0.9300000000000002
4557.0,0.3297674418604651
4558.0,-0.5077142857142857
4559.0,0.021343283582089524
4560.0,-1.295925925925926
4561.0,0.8314285714285714
4562.0,-1.105079365079365
4563.0,0.5798529411764706
4564.0,-0.8616216216216218
4565.0,-0.8641610738255033
4566.0,-1.3388888888888895
4567.0,-1.1260294117647058
4568.0,-0.9040000000000002
4569.0,-0.5562393162393162
4570.0,-0.8325925925925926
4571.0,0.23701149425287357
4572.0,0.8091071428571429
4573.0,-1.262058823529412
4574.0,-1.0915625000000002
4575.0,-0.7775000000000001
4576.0,-0.3495890410958904
4577.0,0.07355932203389826
4578.0,0.5287499999999999
4579.0,-0.25293103448275855
4580.0,0.27909090909090906
4581.0,0.6975
4582.0,0.2152238805970149
4583.0,0.8207142857142856
4584.0,-0.7822535211267607
4585.0,-0.6878260869565217
4586.0,0.3131249999999999
4587.0,-0.7624590163934427
4588.0,0.3915789473684211
4589.0,-1.155714285714286
4590.0,-1.256451612903226
4591.0,-0.2177777777777778
4592.0,-1.22125
4593.0,0.7936538461538463
4594.0,0.2778571428571428
4595.0,0.83421875
4596.0,0.34653846153846146
4597.0,-1.0005932203389831
4598.0,-0.8144047619047619
4599.0,0.8395454545454545
4600.0,0.4571830985915492
4601.0,0.8160344827586207
4602.0,-0.03787234042553196
4603.0,-1.1170769230769233
4604.0,-1.1041975308641976
4605.0,-1.0951136363636365
4606.0,-1.155714285714286
4607.0,-1.3457692307692308
4608.0,-0.869032258064516
4609.0,0.6027419354838709
4610.0,0.07985294117647056
4611.0,-0.8653333333333335
4612.0,-0.8861538461538462
4613.0,-1.0381770833333333
4614.0,-1.0489171974522293
4615.0,-1.0861764705882353
4616.0,0.83421875
4617.0,-1.0660869565217392
4618.0,0.425483870967742
4619.0,-1.1710344827586208
4620.0,-1.0884042553191489
4621.0,0.8515492957746477
4622.0,-1.1971428571428573
4623.0,-1.1965
4624.0,0.8445588235294118
4625.0,-1.1441666666666668
4626.0,-1.1551785714285714
4627.0,-1.2050000000000003
4628.0,0.8395454545454546
4629.0,-1.12625
4630.0,-0.6277118644067798
4631.0,0.7704166666666666
4632.0,-1.1490909090909092
4633.0,0.17776315789473682
4634.0,0.5698591549295775
4635.0,-0.6203191489361701
4636.0,0.7515254237288135
4637.0,0.8515492957746478
4638.0,0.36000000000000004
4639.0,-1.0798058252427185
4640.0,-1.067037037037037
4641.0,-0.7538888888888887
4642.0,0.80296875
4643.0,-0.6833333333333333
4644.0,0.6179545454545454
4645.0,0.4778571428571428
4646.0,0.735
4647.0,0.3703896103896103
4648.0,0.7563235294117646
4649.0,0.8515492957746477
4650.0,-0.9058653846153847
4651.0,-1.07125
4652.0,-1.15
4653.0,-0.6107627118644069
4654.0,0.8492857142857142
4655.0,-0.7636111111111114
4656.0,-1.144255319148936
4657.0,0.30296874999999995
4658.0,-1.0314285714285718
4659.0,0.46175438596491225
4660.0,0.7789393939393939
4661.0,-0.11142857142857146
4662.0,0.8469565217391305
4663.0,0.8010204081632653
4664.0,0.8314285714285714
4665.0,-0.41441860465116287
4666.0,0.7640322580645161
4667.0,0.13867647058823526
4668.0,0.5334374999999999
4669.0,0.26000000000000006
4670.0,-0.32533333333333336
4671.0,-1.0183333333333338
4672.0,0.09881578947368418
4673.0,0.8025423728813559
4674.0,-1.1713725490196076
4675.0,0.7823880597014926
4676.0,-1.233421052631579
4677.0,0.8594117647058822
4678.0,-0.6477380952380953
4679.0,-0.5015740740740741
4680.0,0.4125423728813559
4681.0,0.07088888888888885
4682.0,-0.5337837837837839
4683.0,-0.8781578947368421
4684.0,0.7736986301369863
4685.0,-1.1184722222222223
4686.0,-0.3222784810126582
4687.0,0.6124242424242423
4688.0,0.5606756756756757
4689.0,-0.0891780821917808
4690.0,0.8445588235294118
4691.0,0.6498305084745762
4692.0,-0.5127272727272727
4693.0,-0.8451136363636362
4694.0,-1.1085897435897436
4695.0,-1.0923076923076926
4696.0,0.08653061224489789
4697.0,-0.6446610169491525
4698.0,-1.041980198019802
4699.0,0.047162162162162145
4700.0,0.23142857142857137
4701.0,-0.8492105263157894
4702.0,0.36447761194029843
4703.0,-1.1642105263157898
4704.0,0.7823880597014926
4705.0,0.8151470588235294
4706.0,-1.0419801980198018
4707.0,-1.0316666666666665
4708.0,-0.39384615384615385
4709.0,0.6543661971830986
4710.0,-0.4051785714285714
4711.0,-0.9231683168316831
4712.0,0.35333333333333333
4713.0,0.8255737704918032
4714.0,0.12250000000000001
4715.0,-1.0304743083003953
4716.0,-1.0645967741935483
4717.0,-1.14804347826087
4718.0,-0.8467415730337079
4719.0,-0.06710280373831778
4720.0,-0.34958904109589034
4721.0,0.16808823529411762
4722.0,-1.0606106870229008
4723.0,0.6868292682926829
4724.0,0.6593055555555556
4725.0,0.80296875
4726.0,-0.27529411764705886
4727.0,0.7839682539682542
4728.0,-1.1345312500000002
4729.0,-0.9238235294117646
4730.0,-1.132156862745098
4731.0,-1.4104545454545456
4732.0,-0.7323076923076923
4733.0,-1.0223028391167193
4734.0,-1.2103030303030304
4735.0,-0.8521794871794873
4736.0,0.66
4737.0,-1.24
4738.0,-1.232941176470588
4739.0,-0.7267021276595745
4740.0,0.3224999999999999
4741.0,0.7706382978723405
4742.0,-0.08027777777777785
4743.0,-0.05578947368421056
4744.0,0.06207547169811313
4745.0,-1.2260000000000002
4746.0,0.5281159420289854
4747.0,0.7704166666666667
4748.0,-0.7730882352941177
4749.0,0.6498305084745761
4750.0,-1.0496590909090908
4751.0,-0.26469135802469135
4752.0,-0.29696202531645566
4753.0,0.8492857142857143
4754.0,-1.2696153846153848
4755.0,0.8314285714285715
4756.0,0.5504411764705881
4757.0,0.4866666666666667
4758.0,-1.0893150684931507
4759.0,0.6514473684210526
4760.0,-0.48390243902439034
4761.0,0.8492857142857142
4762.0,-1.2142857142857146
4763.0,0.44644067796610165
4764.0,0.85375
4765.0,0.23767857142857143
4766.0,-0.08328358208955222
4767.0,-0.423139534883721
4768.0,0.7981944444444444
4769.0,0.7909230769230768
4770.0,0.4372151898734176
4771.0,-0.9627722772277229
4772.0,-1.0893150684931507
4773.0,0.033972602739726014
4774.0,-1.0829487179487178
4775.0,0.7501960784313725
4776.0,-0.24793650793650795
4777.0,0.6870833333333333
4778.0,0.8515492957746477
4779.0,0.6958108108108108
4780.0,-0.6889795918367349
4781.0,0.7804081632653062
4782.0,-1.191086956521739
4783.0,-0.7744827586206895
4784.0,-1.1612962962962963
4785.0,-1.0575182481751824
4786.0,0.4197222222222221
4787.0,0.8492857142857142
4788.0,0.7815517241379311
4789.0,-0.2586170212765957
4790.0,0.5545205479452056
4791.0,0.832608695652174
4792.0,-0.7573611111111112
4793.0,0.8558904109589042
4794.0,0.33272727272727265
4795.0,0.8492857142857142
4796.0,0.7107042253521125
4797.0,0.8657746478873238
4798.0,-0.6440178571428571
4799.0,0.8445588235294119
4800.0,0.7789393939393939
4801.0,0.6870833333333333
4802.0,-0.916923076923077
4803.0,-1.1947619047619051
4804.0,0.8492857142857142
4805.0,-0.8882558139534882
4806.0,-0.824070796460177
4807.0,-0.2463291139240506
4808.0,0.8207142857142856
4809.0,0.7640322580645162
4810.0,-0.9916107382550335
4811.0,0.7269117647058824
4812.0,-0.7154464285714285
4813.0,0.8092424242424243
4814.0,0.6467924528301887
4815.0,-0.728636363636364
4816.0,0.6514473684210526
4817.0,0.8558904109589042
4818.0,-0.3851612903225807
4819.0,-0.7374489795918369
4820.0,0.6730434782608696
4821.0,0.7498648648648649
4822.0,-0.4920491803278688
4823.0,-1.07192
4824.0,-1.1971428571428568
4825.0,-0.017108433734939796
4826.0,-1.0355974842767297
4827.0,0.54
4828.0,0.5367857142857141
4829.0,0.7269117647058824
4830.0,-1.036875
4831.0,0.8445588235294117
4832.0,0.8558904109589041
4833.0,0.8558904109589041
4834.0,0.23707692307692305
4835.0,0.8558904109589042
4836.0,0.8558904109589043
4837.0,0.7269117647058823
4838.0,0.5734328358208955
4839.0,0.8515492957746478
4840.0,-1.207872340425532
4841.0,0.1574358974358974
4842.0,0.5545205479452054
4843.0,-1.0171739130434783
4844.0,-1.0815841584158414
4845.0,-0.8488709677419354
4846.0,-0.3129166666666666
4847.0,-1.0316666666666667
4848.0,-0.5707142857142857
4849.0,0.5704838709677418
4850.0,-0.051594202898550705
4851.0,-0.05907894736842109
4852.0,-0.26434782608695667
4853.0,-1.1323076923076922
4854.0,-1.0145327102803738
4855.0,-1.1713725490196079
4856.0,-1.2558064516129035
4857.0,0.8615942028985506
4858.0,0.29999999999999993
4859.0,0.8558904109589042
4860.0,-1.055625
4861.0,0.5443749999999999
4862.0,0.8445588235294117
4863.0,-1.3654545454545455
4864.0,-1.1379591836734695
4865.0,-1.042916666666667
4866.0,0.4223376623376624
4867.0,-1.3726315789473689
4868.0,0.792142857142857
4869.0,-1.042857142857143
4870.0,-1.0311392405063289
4871.0,0.6702564102564103
4872.0,-0.16434210526315793
4873.0,-0.9141573033707865
4874.0,-0.13015151515151513
4875.0,-1.3325925925925928
4876.0,0.7483720930232558
4877.0,0.842089552238806
4878.0,0.8558904109589042
4879.0,-1.116712328767123
4880.0,0.5857894736842104
4881.0,-0.1839655172413793
4882.0,-1.0155102040816328
4883.0,0.83421875
4884.0,0.8515492957746477
4885.0,-0.8273786407766992
4886.0,0.83421875
4887.0,0.8492857142857141
4888.0,0.8558904109589041
4889.0,0.24666666666666662
4890.0,0.7266666666666667
4891.0,-1.064742268041237
4892.0,0.7996825396825398
4893.0,-0.9533891213389122
4894.0,-0.6586991869918699
4895.0,-1.0629166666666667
4896.0,0.40197530864197534
4897.0,-0.6918072289156626
4898.0,0.6726984126984127
4899.0,0.7376785714285713
4900.0,0.8492857142857142
4901.0,0.7736986301369863
4902.0,-1.3003030303030305
4903.0,-0.25953125
4904.0,0.6778571428571428
4905.0,-0.7298255813953488
4906.0,-0.8436296296296296
4907.0,-1.1128813559322033
4908.0,-1.095567010309278
4909.0,0.8130769230769229
4910.0,-1.4443750000000004
4911.0,0.8492857142857142
4912.0,-0.8828571428571429
4913.0,-0.7725203252032521
4914.0,0.7804081632653062
4915.0,-1.306086956521739
4916.0,-1.2051162790697674
4917.0,0.4876785714285714
4918.0,-1.099375
4919.0,-0.7542045454545455
4920.0,0.7336363636363635
4921.0,0.22913580246913573
4922.0,-0.6535000000000001
4923.0,0.7962903225806451
4924.0,0.32439393939393935
4925.0,0.7183333333333333
4926.0,0.8054545454545455
4927.0,-0.18210526315789477
4928.0,-0.9786363636363636
4929.0,-0.7670270270270271
4930.0,0.48047619047619045
4931.0,-1.0045116279069766
4932.0,-0.4208510638297873
4933.0,0.8615942028985507
4934.0,-0.8363855421686747
4935.0,-0.27038461538461556
4936.0,0.23183098591549292
4937.0,0.8054545454545454
4938.0,0.8122388059701492
4939.0,0.6150724637681158
4940.0,-0.2707692307692308
4941.0,-0.6923809523809523
4942.0,-0.19075757575757574
4943.0,0.7981944444444444
4944.0,-0.6048648648648651
4945.0,-1.1467796610169494
4946.0,-1.246
4947.0,0.8445588235294118
4948.0,-1.0843877551020409
4949.0,-0.6344954128440368
4950.0,0.722686567164179
4951.0,-1.0161538461538464
4952.0,0.5698591549295774
4953.0,-0.39730337078651684
4954.0,0.3533333333333333
4955.0,0.8492857142857142
4956.0,-1.2489285714285716
4957.0,-0.1554054054054054
4958.0,0.8126315789473684
4959.0,0.5606756756756756
4960.0,-0.006447368421052662
4961.0,0.04684210526315765
4962.0,0.7635714285714285
4963.0,-0.6855555555555555
4964.0,-0.5366101694915254
4965.0,0.8537500000000001
4966.0,0.7952112676056338
4967.0,-0.35328125
4968.0,-0.2578571428571429
4969.0,0.8314285714285715
4970.0,-1.2399999999999998
4971.0,-1.171372549019608
4972.0,-0.7924
4973.0,0.7894117647058825
4974.0,0.00637681159420293
4975.0,-0.9848275862068966
4976.0,-1.107088607594937
4977.0,-0.6848529411764704
4978.0,-1.068358208955224
4979.0,0.8558904109589043
4980.0,-0.8712500000000001
4981.0,0.019146341463414603
4982.0,0.8092424242424242
4983.0,0.17416666666666666
4984.0,0.8515492957746478
4985.0,-0.7427173913043478
4986.0,0.8558904109589042
4987.0,-0.3534259259259261
4988.0,0.8469565217391303
4989.0,0.45402985074626867
4990.0,0.8515492957746477
4991.0,-0.07841463414634149
4992.0,-0.9411688311688311
4993.0,-1.0758333333333334
4994.0,-0.7945454545454546
4995.0,-1.227179487179487
4996.0,-0.5485106382978724
4997.0,-1.375416666666667
4998.0,-0.6362264150943397
4999.0,-1.0273563218390807
