# Episodes, Rewards
0.0,-5.02
1.0,-5.07
2.0,-5.14
3.0,-5.01
4.0,-5.02
5.0,-5.1
6.0,-5.2
7.0,-5.09
8.0,-5.04
9.0,-5.02
10.0,-5.02
11.0,-5.01
12.0,-5.17
13.0,-5.99
14.0,-5.14
15.0,-5.04
16.0,-5.25
17.0,-5.25
18.0,-5.08
19.0,-5.23
20.0,-5.16
21.0,-5.13
22.0,-5.17
23.0,-5.38
24.0,-5.26
25.0,-5.03
26.0,-5.32
27.0,-5.12
28.0,-5.03
29.0,-5.04
30.0,-5.07
31.0,-5.06
32.0,-5.950000000000001
33.0,-5.710000000000001
34.0,-5.05
35.0,-5.800000000000001
36.0,-5.04
37.0,-5.3
38.0,-5.21
39.0,-5.07
40.0,-5.09
41.0,-5.11
42.0,-5.18
43.0,-5.24
44.0,-5.17
45.0,-5.11
46.0,-5.04
47.0,-5.630000000000001
48.0,-5.04
49.0,-5.01
50.0,-5.07
51.0,-5.430000000000001
52.0,-5.04
53.0,-5.07
54.0,-5.61
55.0,-5.06
56.0,-5.2
57.0,-5.5200000000000005
58.0,-5.5200000000000005
59.0,-5.680000000000001
60.0,-5.06
61.0,-5.02
62.0,-5.05
63.0,-5.28
64.0,-5.19
65.0,-5.08
66.0,-5.41
67.0,-5.12
68.0,-5.13
69.0,-5.23
70.0,-5.05
71.0,-5.18
72.0,-5.470000000000001
73.0,-5.24
74.0,-5.03
75.0,-5.12
76.0,-5.24
77.0,-5.05
78.0,-5.14
79.0,-5.02
80.0,-5.09
81.0,-5.02
82.0,-5.05
83.0,-5.09
84.0,-5.04
85.0,-5.04
86.0,-5.16
87.0,-5.01
88.0,-5.34
89.0,-5.09
90.0,-5.46
91.0,-5.73
92.0,-5.07
93.0,-5.26
94.0,-5.11
95.0,-5.25
96.0,-5.46
97.0,-5.800000000000001
98.0,-5.06
99.0,-5.15
100.0,-5.13
101.0,-5.870000000000001
102.0,-5.06
103.0,-5.21
104.0,-5.11
105.0,-5.17
106.0,-5.07
107.0,-5.06
108.0,-5.1
109.0,-5.02
110.0,-5.1
111.0,-5.09
112.0,-5.08
113.0,-5.12
114.0,-5.06
115.0,-1.0000000000000007
116.0,-5.11
117.0,-5.01
118.0,-5.390000000000001
119.0,-5.800000000000001
120.0,-5.18
121.0,-5.09
122.0,-5.09
123.0,-5.06
124.0,-5.03
125.0,-5.16
126.0,-5.03
127.0,-5.02
128.0,-5.06
129.0,-5.04
130.0,-5.760000000000001
131.0,-5.13
132.0,-5.07
133.0,-5.06
134.0,-5.99
135.0,-5.1
136.0,-5.3
137.0,-5.13
138.0,-5.16
139.0,-5.06
140.0,-5.01
141.0,-5.01
142.0,-5.07
143.0,-5.04
144.0,-5.1
145.0,-5.41
146.0,-5.33
147.0,-5.14
148.0,-5.04
149.0,-5.38
150.0,-5.01
151.0,-5.19
152.0,-5.02
153.0,-5.05
154.0,-5.03
155.0,-5.28
156.0,-5.08
157.0,-5.15
158.0,-5.05
159.0,-5.5200000000000005
160.0,-5.1
161.0,-5.02
162.0,-5.07
163.0,-5.08
164.0,-5.3
165.0,-5.04
166.0,-5.07
167.0,-5.02
168.0,-5.03
169.0,-5.44
170.0,-5.14
171.0,-5.13
172.0,-5.54
173.0,-5.06
174.0,-5.01
175.0,-5.8500000000000005
176.0,-5.390000000000001
177.0,-5.3100000000000005
178.0,-5.1
179.0,-5.08
180.0,-5.12
181.0,-5.05
182.0,-5.07
183.0,-5.24
184.0,-5.1
185.0,-5.02
186.0,-5.1
187.0,-5.02
188.0,-5.08
189.0,-5.14
190.0,-5.05
191.0,-5.01
192.0,-5.03
193.0,-5.74
194.0,-5.02
195.0,-5.710000000000001
196.0,-5.1
197.0,-5.07
198.0,-5.630000000000001
199.0,-5.12
200.0,-5.04
201.0,-5.680000000000001
202.0,-5.03
203.0,-5.32
204.0,-5.03
205.0,-5.13
206.0,-5.16
207.0,-5.03
208.0,-5.04
209.0,-5.07
210.0,-5.02
211.0,-5.02
212.0,-5.07
213.0,-5.08
214.0,-5.05
215.0,-5.07
216.0,-5.550000000000001
217.0,-5.02
218.0,-5.12
219.0,-5.37
220.0,-5.42
221.0,-5.15
222.0,-5.03
223.0,-5.17
224.0,-5.14
225.0,-5.06
226.0,-5.3500000000000005
227.0,-5.23
228.0,-5.970000000000001
229.0,-5.06
230.0,-5.06
231.0,-5.17
232.0,-5.09
233.0,-5.02
234.0,-5.12
235.0,-5.38
236.0,-5.02
237.0,-5.680000000000001
238.0,-5.2
239.0,-5.4
240.0,-5.05
241.0,-5.08
242.0,-5.08
243.0,-5.02
244.0,-5.05
245.0,-5.18
246.0,-5.04
247.0,-5.2
248.0,-5.5600000000000005
249.0,-5.4
250.0,-5.3
251.0,-5.05
252.0,-5.01
253.0,-5.37
254.0,-5.17
255.0,-5.03
256.0,-5.14
257.0,-5.44
258.0,-5.02
259.0,-5.2700000000000005
260.0,-5.02
261.0,-5.05
262.0,-5.09
263.0,-5.04
264.0,-5.08
265.0,-5.13
266.0,-5.11
267.0,-5.01
268.0,-5.05
269.0,-5.07
270.0,-5.3100000000000005
271.0,-5.01
272.0,-5.25
273.0,-5.430000000000001
274.0,-5.06
275.0,-5.01
276.0,-5.13
277.0,-5.04
278.0,-5.08
279.0,-5.05
280.0,-5.33
281.0,-5.23
282.0,-5.05
283.0,-5.04
284.0,-5.01
285.0,-5.950000000000001
286.0,-5.05
287.0,-5.69
288.0,-5.17
289.0,-5.04
290.0,-5.57
291.0,-5.02
292.0,-5.01
293.0,-5.74
294.0,-5.05
295.0,-5.09
296.0,-5.13
297.0,-5.04
298.0,-5.73
299.0,-5.01
300.0,-5.09
301.0,-5.390000000000001
302.0,-5.04
303.0,-5.05
304.0,-5.04
305.0,-5.08
306.0,-5.01
307.0,-5.41
308.0,-5.3100000000000005
309.0,-5.73
310.0,-5.34
311.0,-5.07
312.0,-1.0000000000000007
313.0,-5.02
314.0,-5.14
315.0,-5.23
316.0,-5.45
317.0,-5.13
318.0,-5.03
319.0,-5.73
320.0,-5.11
321.0,-5.01
322.0,-5.12
323.0,-5.15
324.0,-5.02
325.0,-5.2
326.0,-5.11
327.0,-5.03
328.0,-5.09
329.0,-5.2700000000000005
330.0,-5.05
331.0,-5.06
332.0,-5.04
333.0,-5.12
334.0,-5.26
335.0,-5.01
336.0,-5.06
337.0,-5.06
338.0,-5.34
339.0,-5.12
340.0,-5.01
341.0,-5.07
342.0,-5.06
343.0,-5.09
344.0,-5.14
345.0,-5.06
346.0,-5.05
347.0,-5.01
348.0,-5.05
349.0,-5.18
350.0,-5.33
351.0,-5.04
352.0,-5.09
353.0,-5.24
354.0,-5.09
355.0,-5.07
356.0,-1.0000000000000007
357.0,-5.06
358.0,-5.11
359.0,-1.0000000000000007
360.0,-5.06
361.0,-5.51
362.0,-5.14
363.0,-5.02
364.0,-5.430000000000001
365.0,-5.08
366.0,-5.07
367.0,-5.07
368.0,-5.02
369.0,-5.05
370.0,-5.1
371.0,-5.01
372.0,-5.09
373.0,-5.36
374.0,-5.02
375.0,-5.01
376.0,-5.17
377.0,-5.02
378.0,-5.07
379.0,-5.12
380.0,-5.02
381.0,-5.08
382.0,-5.06
383.0,-5.3500000000000005
384.0,-5.920000000000001
385.0,-5.09
386.0,-5.08
387.0,-5.1
388.0,-5.1
389.0,-5.06
390.0,-5.07
391.0,-5.08
392.0,-5.19
393.0,-5.08
394.0,-5.62
395.0,-5.02
396.0,-5.19
397.0,-5.26
398.0,-5.03
399.0,-5.05
400.0,-5.11
401.0,-5.04
402.0,-5.5600000000000005
403.0,-5.03
404.0,-5.09
405.0,-5.57
406.0,-5.61
407.0,-5.11
408.0,-5.02
409.0,-5.18
410.0,-5.23
411.0,-5.15
412.0,-5.02
413.0,-5.550000000000001
414.0,-5.44
415.0,-5.01
416.0,-5.38
417.0,-5.53
418.0,-5.05
419.0,-5.02
420.0,-5.07
421.0,-5.16
422.0,-5.07
423.0,-1.0000000000000007
424.0,-5.1
425.0,-5.15
426.0,-5.38
427.0,-5.02
428.0,-5.630000000000001
429.0,-5.09
430.0,-5.6000000000000005
431.0,-5.04
432.0,-5.12
433.0,-5.22
434.0,-5.17
435.0,-5.14
436.0,-5.25
437.0,-5.11
438.0,-5.25
439.0,-5.06
440.0,-5.03
441.0,-5.12
442.0,-5.09
443.0,-5.06
444.0,-5.86
445.0,-5.04
446.0,-5.02
447.0,-5.03
448.0,-5.12
449.0,-5.11
450.0,-5.62
451.0,-1.0000000000000007
452.0,-5.04
453.0,-5.03
454.0,-5.28
455.0,-5.17
456.0,-5.12
457.0,-5.36
458.0,-5.28
459.0,-5.01
460.0,-5.04
461.0,-5.07
462.0,-5.05
463.0,-5.23
464.0,-5.12
465.0,-5.04
466.0,-5.04
467.0,-5.24
468.0,-5.01
469.0,-5.01
470.0,-5.06
471.0,-5.21
472.0,-5.2
473.0,-5.18
474.0,-5.02
475.0,-5.18
476.0,-5.46
477.0,-5.14
478.0,-5.04
479.0,-5.01
480.0,-5.02
481.0,-5.02
482.0,-5.69
483.0,-5.17
484.0,-5.03
485.0,-5.3100000000000005
486.0,-5.06
487.0,-5.03
488.0,-5.09
489.0,-5.24
490.0,-5.680000000000001
491.0,-5.26
492.0,-5.03
493.0,-5.02
494.0,-5.32
495.0,-5.12
496.0,-5.21
497.0,-5.02
498.0,-5.03
499.0,-5.08
500.0,-5.03
501.0,-5.13
502.0,-5.05
503.0,-5.13
504.0,-5.02
505.0,-5.02
506.0,-5.49
507.0,-5.03
508.0,-5.06
509.0,-5.02
510.0,-5.5
511.0,-5.04
512.0,-5.02
513.0,-5.04
514.0,-5.02
515.0,-5.06
516.0,-5.11
517.0,-5.02
518.0,-5.22
519.0,-5.06
520.0,-5.01
521.0,-5.14
522.0,-5.390000000000001
523.0,-5.02
524.0,-5.06
525.0,-5.19
526.0,-5.12
527.0,-5.15
528.0,-5.07
529.0,-5.09
530.0,-5.48
531.0,-5.16
532.0,-5.24
533.0,-5.22
534.0,-5.04
535.0,-5.1
536.0,-5.37
537.0,-5.05
538.0,-5.16
539.0,-5.59
540.0,-5.06
541.0,-5.06
542.0,-5.38
543.0,-1.0000000000000007
544.0,-5.15
545.0,-5.07
546.0,-5.26
547.0,-5.19
548.0,-5.03
549.0,-5.51
550.0,-5.01
551.0,-5.12
552.0,-5.02
553.0,-5.45
554.0,-5.5600000000000005
555.0,-5.03
556.0,-5.16
557.0,-5.07
558.0,-5.03
559.0,-5.08
560.0,-5.02
561.0,-5.05
562.0,-5.24
563.0,-5.09
564.0,-5.03
565.0,-1.0000000000000007
566.0,-5.03
567.0,-5.09
568.0,-5.02
569.0,-5.470000000000001
570.0,-5.38
571.0,-5.08
572.0,-5.17
573.0,-5.15
574.0,-5.07
575.0,-5.13
576.0,-5.08
577.0,-5.19
578.0,-5.03
579.0,-5.390000000000001
580.0,-5.25
581.0,-5.06
582.0,-5.07
583.0,-1.0000000000000007
584.0,-5.04
585.0,-5.02
586.0,-5.62
587.0,-5.1
588.0,-5.23
589.0,-5.18
590.0,-5.09
591.0,-5.29
592.0,-5.17
593.0,-5.82
594.0,-5.05
595.0,-5.09
596.0,-5.01
597.0,-5.09
598.0,-5.15
599.0,-5.04
600.0,-5.12
601.0,-5.03
602.0,-5.09
603.0,-5.22
604.0,-5.01
605.0,-5.1
606.0,-5.06
607.0,-5.06
608.0,-1.0000000000000007
609.0,-5.06
610.0,-5.03
611.0,-5.03
612.0,-5.470000000000001
613.0,-5.04
614.0,-5.03
615.0,-5.42
616.0,-5.01
617.0,-5.03
618.0,-5.06
619.0,-5.2
620.0,-5.01
621.0,-5.09
622.0,-5.2
623.0,-5.03
624.0,-5.11
625.0,-5.04
626.0,-5.22
627.0,-5.14
628.0,-5.09
629.0,-5.08
630.0,-5.04
631.0,-5.790000000000001
632.0,-5.05
633.0,-5.19
634.0,-5.09
635.0,-5.710000000000001
636.0,-5.21
637.0,-5.14
638.0,-5.07
639.0,-5.05
640.0,-5.02
641.0,-5.01
642.0,-5.28
643.0,-5.12
644.0,-5.03
645.0,-5.04
646.0,-5.54
647.0,-5.06
648.0,-5.07
649.0,-5.1
650.0,-5.12
651.0,-5.01
652.0,-5.18
653.0,-5.07
654.0,-5.02
655.0,-5.05
656.0,-5.14
657.0,-5.05
658.0,-5.41
659.0,-5.05
660.0,-5.04
661.0,-5.02
662.0,-5.26
663.0,-5.15
664.0,-5.03
665.0,-5.21
666.0,-5.09
667.0,-5.02
668.0,-5.1
669.0,-5.03
670.0,-5.04
671.0,-5.17
672.0,-5.12
673.0,-5.01
674.0,-5.03
675.0,-5.05
676.0,-5.06
677.0,-5.03
678.0,-5.09
679.0,-5.28
680.0,-5.02
681.0,-5.05
682.0,-5.14
683.0,-5.17
684.0,-5.32
685.0,-5.57
686.0,-5.05
687.0,-5.13
688.0,-1.0000000000000007
689.0,-5.13
690.0,-5.09
691.0,-5.04
692.0,-5.02
693.0,-5.06
694.0,-5.1
695.0,-5.29
696.0,-5.03
697.0,-5.13
698.0,-5.25
699.0,-5.5
700.0,-5.46
701.0,-5.28
702.0,-5.02
703.0,-5.1
704.0,-5.26
705.0,-5.01
706.0,-5.34
707.0,-1.0000000000000007
708.0,-5.04
709.0,-5.06
710.0,-5.04
711.0,-5.09
712.0,-5.66
713.0,-5.02
714.0,-5.01
715.0,-5.26
716.0,-5.1
717.0,-5.1
718.0,-5.49
719.0,-5.99
720.0,-5.16
721.0,-5.04
722.0,-5.19
723.0,-5.1
724.0,-5.470000000000001
725.0,-5.09
726.0,-5.3
727.0,-5.23
728.0,-5.05
729.0,-5.09
730.0,-5.69
731.0,-5.26
732.0,-5.2
733.0,-5.12
734.0,-5.36
735.0,-5.07
736.0,-5.08
737.0,-5.1
738.0,-5.1
739.0,-5.05
740.0,-5.09
741.0,-5.03
742.0,-5.02
743.0,-5.12
744.0,-5.01
745.0,-5.15
746.0,-5.05
747.0,-5.04
748.0,-5.44
749.0,-5.08
750.0,-5.1
751.0,-5.2
752.0,-5.01
753.0,-5.06
754.0,-5.34
755.0,-5.03
756.0,-5.04
757.0,-5.01
758.0,-1.0000000000000007
759.0,-5.2
760.0,-5.02
761.0,-5.29
762.0,-5.14
763.0,-5.06
764.0,-5.94
765.0,-5.02
766.0,-5.390000000000001
767.0,-5.29
768.0,-1.0000000000000007
769.0,-5.06
770.0,-5.05
771.0,-5.01
772.0,-5.12
773.0,-5.33
774.0,-5.25
775.0,-5.28
776.0,-5.890000000000001
777.0,-5.73
778.0,-5.24
779.0,-5.06
780.0,-5.01
781.0,-5.07
782.0,-5.03
783.0,-5.06
784.0,-5.42
785.0,-5.05
786.0,-5.13
787.0,-5.09
788.0,-5.04
789.0,-5.04
790.0,-5.01
791.0,-5.32
792.0,-5.33
793.0,-5.04
794.0,-5.890000000000001
795.0,-5.75
796.0,-5.38
797.0,-5.03
798.0,-5.06
799.0,-5.01
800.0,-5.1
801.0,-5.5600000000000005
802.0,-5.03
803.0,-1.0000000000000007
804.0,-5.07
805.0,-5.02
806.0,-5.02
807.0,-5.04
808.0,-5.7700000000000005
809.0,-5.02
810.0,-5.08
811.0,-5.05
812.0,-5.18
813.0,-5.550000000000001
814.0,-5.06
815.0,-5.21
816.0,-5.14
817.0,-5.06
818.0,-5.24
819.0,-5.98
820.0,-5.11
821.0,-5.49
822.0,-5.640000000000001
823.0,-5.01
824.0,-5.22
825.0,-5.21
826.0,-5.48
827.0,-5.16
828.0,-5.07
829.0,-5.05
830.0,-5.08
831.0,-5.07
832.0,-5.12
833.0,-5.03
834.0,-5.3100000000000005
835.0,-5.03
836.0,-5.15
837.0,-5.17
838.0,-5.49
839.0,-5.09
840.0,-5.11
841.0,-5.16
842.0,-5.44
843.0,-5.23
844.0,-5.18
845.0,-5.07
846.0,-5.04
847.0,-5.01
848.0,-5.32
849.0,-5.11
850.0,-5.01
851.0,-5.01
852.0,-5.03
853.0,-5.01
854.0,-5.75
855.0,-5.02
856.0,-5.05
857.0,-5.05
858.0,-5.5
859.0,-5.12
860.0,-5.06
861.0,-5.02
862.0,-5.03
863.0,-5.12
864.0,-5.25
865.0,-5.03
866.0,-5.1
867.0,-5.07
868.0,-5.08
869.0,-5.07
870.0,-5.07
871.0,-5.05
872.0,-5.46
873.0,-5.03
874.0,-5.32
875.0,-5.08
876.0,-5.21
877.0,-5.23
878.0,-1.0000000000000007
879.0,-5.01
880.0,-5.430000000000001
881.0,-5.23
882.0,-5.03
883.0,-5.06
884.0,-5.02
885.0,-5.34
886.0,-5.5200000000000005
887.0,-5.18
888.0,-5.33
889.0,-5.2
890.0,-5.11
891.0,-5.03
892.0,-5.21
893.0,-5.02
894.0,-5.08
895.0,-5.06
896.0,-5.29
897.0,-5.03
898.0,-5.01
899.0,-5.5
900.0,-5.14
901.0,-5.05
902.0,-5.02
903.0,-5.13
904.0,-5.42
905.0,-5.01
906.0,-5.15
907.0,-5.07
908.0,-5.26
909.0,-1.0000000000000007
910.0,-5.08
911.0,-5.1
912.0,-5.02
913.0,-5.12
914.0,-5.2700000000000005
915.0,-5.69
916.0,-5.24
917.0,-5.16
918.0,-5.06
919.0,-5.2700000000000005
920.0,-5.53
921.0,-5.18
922.0,-5.07
923.0,-5.08
924.0,-5.46
925.0,-5.710000000000001
926.0,-5.7
927.0,-5.1
928.0,-5.16
929.0,-5.15
930.0,-5.09
931.0,-5.11
932.0,-5.32
933.0,-5.86
934.0,-5.19
935.0,-5.46
936.0,-5.09
937.0,-5.22
938.0,-5.8100000000000005
939.0,-5.01
940.0,-5.28
941.0,-5.02
942.0,-5.02
943.0,-5.21
944.0,-5.07
945.0,-5.04
946.0,-5.07
947.0,-5.08
948.0,-5.3100000000000005
949.0,-5.790000000000001
950.0,-5.23
951.0,-5.09
952.0,-5.04
953.0,-5.94
954.0,-5.07
955.0,-5.3100000000000005
956.0,-5.07
957.0,-5.05
958.0,-5.57
959.0,-5.8500000000000005
960.0,-5.29
961.0,-1.0000000000000007
962.0,-5.45
963.0,-5.1
964.0,-5.01
965.0,-5.07
966.0,-5.09
967.0,-5.73
968.0,-5.73
969.0,-5.08
970.0,-5.21
971.0,-5.42
972.0,-5.01
973.0,-5.08
974.0,-5.28
975.0,-5.04
976.0,-5.17
977.0,-5.470000000000001
978.0,-5.06
979.0,-5.06
980.0,-5.630000000000001
981.0,-5.38
982.0,-5.08
983.0,-5.2
984.0,-5.06
985.0,-5.07
986.0,-5.1
987.0,-5.13
988.0,-5.02
989.0,-5.41
990.0,-1.0000000000000007
991.0,-5.7
992.0,-5.02
993.0,-5.23
994.0,-5.02
995.0,-5.03
996.0,-5.15
997.0,-5.4
998.0,-5.08
999.0,-5.18
1000.0,-5.02
1001.0,-5.08
1002.0,-5.15
1003.0,-5.22
1004.0,-5.03
1005.0,-5.09
1006.0,-5.14
1007.0,-5.02
1008.0,-5.21
1009.0,-5.12
1010.0,-5.03
1011.0,-5.08
1012.0,-5.800000000000001
1013.0,-5.46
1014.0,-5.26
1015.0,-5.19
1016.0,-5.09
1017.0,-5.07
1018.0,-5.32
1019.0,-5.01
1020.0,-5.14
1021.0,-5.870000000000001
1022.0,-5.14
1023.0,-5.3500000000000005
1024.0,-5.07
1025.0,-5.18
1026.0,-5.08
1027.0,-5.24
1028.0,-5.03
1029.0,-5.14
1030.0,-5.12
1031.0,-5.05
1032.0,-5.02
1033.0,-5.57
1034.0,-5.04
1035.0,-5.26
1036.0,-5.04
1037.0,-5.58
1038.0,-5.1
1039.0,-5.03
1040.0,-1.0000000000000007
1041.0,-1.0000000000000007
1042.0,-5.02
1043.0,-5.03
1044.0,-5.99
1045.0,-5.08
1046.0,-5.14
1047.0,-5.04
1048.0,-5.01
1049.0,-5.01
1050.0,-5.07
1051.0,-5.05
1052.0,-5.3
1053.0,-5.32
1054.0,-5.41
1055.0,-5.02
1056.0,-5.4
1057.0,-5.02
1058.0,-5.48
1059.0,-5.07
1060.0,-5.550000000000001
1061.0,-5.06
1062.0,-5.14
1063.0,-5.11
1064.0,-5.12
1065.0,-5.3
1066.0,-5.04
1067.0,-5.06
1068.0,-5.05
1069.0,-5.28
1070.0,-5.07
1071.0,-5.02
1072.0,-5.14
1073.0,-5.03
1074.0,-5.17
1075.0,-5.14
1076.0,-5.02
1077.0,-5.46
1078.0,-5.07
1079.0,-5.07
1080.0,-5.01
1081.0,-5.17
1082.0,-5.23
1083.0,-5.04
1084.0,-5.11
1085.0,-5.18
1086.0,-1.0000000000000007
1087.0,-5.03
1088.0,-5.28
1089.0,-5.04
1090.0,-5.01
1091.0,-5.06
1092.0,-5.18
1093.0,-5.01
1094.0,-5.08
1095.0,-5.42
1096.0,-5.19
1097.0,-5.06
1098.0,-5.17
1099.0,-5.06
1100.0,-5.09
1101.0,-5.24
1102.0,-5.14
1103.0,-5.16
1104.0,-5.3
1105.0,-5.13
1106.0,-5.06
1107.0,-5.03
1108.0,-5.15
1109.0,-5.3500000000000005
1110.0,-5.24
1111.0,-5.01
1112.0,-5.13
1113.0,-5.08
1114.0,-5.13
1115.0,-5.14
1116.0,-5.41
1117.0,-1.0000000000000007
1118.0,-5.14
1119.0,-5.960000000000001
1120.0,-5.640000000000001
1121.0,-5.12
1122.0,-5.06
1123.0,-5.59
1124.0,-5.14
1125.0,-5.38
1126.0,-5.03
1127.0,-5.09
1128.0,-5.24
1129.0,-5.12
1130.0,-5.17
1131.0,-5.03
1132.0,-5.16
1133.0,-5.16
1134.0,-5.01
1135.0,-5.21
1136.0,-5.1
1137.0,-5.01
1138.0,-5.03
1139.0,-5.06
1140.0,-5.02
1141.0,-5.14
1142.0,-5.3
1143.0,-5.14
1144.0,-1.0000000000000007
1145.0,-5.640000000000001
1146.0,-5.19
1147.0,-5.2
1148.0,-5.08
1149.0,-5.7
1150.0,-5.3
1151.0,-5.33
1152.0,-5.45
1153.0,-5.04
1154.0,-5.16
1155.0,-5.11
1156.0,-5.710000000000001
1157.0,-5.15
1158.0,-5.550000000000001
1159.0,-5.12
1160.0,-5.21
1161.0,-5.19
1162.0,-5.3100000000000005
1163.0,-5.03
1164.0,-5.3
1165.0,-5.01
1166.0,-5.02
1167.0,-5.14
1168.0,-5.16
1169.0,-5.57
1170.0,-5.15
1171.0,-5.02
1172.0,-5.46
1173.0,-5.05
1174.0,-1.0000000000000007
1175.0,-5.08
1176.0,-5.12
1177.0,-5.08
1178.0,-5.22
1179.0,-5.04
1180.0,-5.2
1181.0,-5.09
1182.0,-5.01
1183.0,-5.02
1184.0,-5.4
1185.0,-5.03
1186.0,-5.01
1187.0,-5.1
1188.0,-5.02
1189.0,-5.78
1190.0,-5.12
1191.0,-5.21
1192.0,-5.680000000000001
1193.0,-5.970000000000001
1194.0,-5.26
1195.0,-5.44
1196.0,-5.07
1197.0,-5.680000000000001
1198.0,-5.790000000000001
1199.0,-5.06
1200.0,-5.12
1201.0,-5.08
1202.0,-5.04
1203.0,-5.07
1204.0,-5.02
1205.0,-1.0000000000000007
1206.0,-5.28
1207.0,-5.23
1208.0,-5.61
1209.0,-5.02
1210.0,-5.720000000000001
1211.0,-5.870000000000001
1212.0,-5.03
1213.0,-5.28
1214.0,-5.1
1215.0,-5.05
1216.0,-5.02
1217.0,-5.26
1218.0,-5.49
1219.0,-5.01
1220.0,-5.01
1221.0,-5.11
1222.0,-5.22
1223.0,-5.25
1224.0,-5.23
1225.0,-5.05
1226.0,-5.04
1227.0,-5.24
1228.0,-5.21
1229.0,-5.12
1230.0,-5.13
1231.0,-5.14
1232.0,-5.17
1233.0,-5.18
1234.0,-5.390000000000001
1235.0,-5.640000000000001
1236.0,-1.0000000000000007
1237.0,-5.25
1238.0,-5.14
1239.0,-5.03
1240.0,-5.06
1241.0,-5.14
1242.0,-5.04
1243.0,-5.23
1244.0,-5.09
1245.0,-5.02
1246.0,-5.13
1247.0,-5.04
1248.0,-5.08
1249.0,-5.08
1250.0,-5.1
1251.0,-5.06
1252.0,-5.05
1253.0,-5.01
1254.0,-5.01
1255.0,-5.5600000000000005
1256.0,-5.14
1257.0,-5.21
1258.0,-5.1
1259.0,-5.06
1260.0,-5.08
1261.0,-5.66
1262.0,-5.6000000000000005
1263.0,-5.14
1264.0,-5.18
1265.0,-5.17
1266.0,-5.2
1267.0,-5.04
1268.0,-5.13
1269.0,-5.3500000000000005
1270.0,-5.08
1271.0,-5.470000000000001
1272.0,-5.06
1273.0,-5.01
1274.0,-5.2700000000000005
1275.0,-5.09
1276.0,-5.04
1277.0,-5.04
1278.0,-5.12
1279.0,-5.3
1280.0,-5.08
1281.0,-5.45
1282.0,-5.2
1283.0,-5.17
1284.0,-5.02
1285.0,-5.12
1286.0,-5.04
1287.0,-5.06
1288.0,-5.01
1289.0,-5.02
1290.0,-5.24
1291.0,-5.04
1292.0,-5.06
1293.0,-5.08
1294.0,-5.03
1295.0,-5.01
1296.0,-5.06
1297.0,-5.15
1298.0,-5.49
1299.0,-5.26
1300.0,-5.11
1301.0,-5.09
1302.0,-5.02
1303.0,-5.04
1304.0,-5.01
1305.0,-5.01
1306.0,-5.01
1307.0,-5.07
1308.0,-5.16
1309.0,-5.14
1310.0,-5.46
1311.0,-5.21
1312.0,-5.05
1313.0,-5.18
1314.0,-5.3
1315.0,-5.01
1316.0,-5.13
1317.0,-5.29
1318.0,-5.32
1319.0,-5.36
1320.0,-5.32
1321.0,-5.34
1322.0,-5.19
1323.0,-5.02
1324.0,-5.02
1325.0,-5.2700000000000005
1326.0,-5.02
1327.0,-5.75
1328.0,-5.03
1329.0,-5.14
1330.0,-5.24
1331.0,-5.12
1332.0,-5.05
1333.0,-5.37
1334.0,-5.16
1335.0,-5.01
1336.0,-5.29
1337.0,-5.86
1338.0,-5.630000000000001
1339.0,-1.0000000000000007
1340.0,-5.15
1341.0,-5.04
1342.0,-5.390000000000001
1343.0,-5.37
1344.0,-5.32
1345.0,-5.08
1346.0,-5.33
1347.0,-5.28
1348.0,-5.02
1349.0,-5.04
1350.0,-5.880000000000001
1351.0,-5.98
1352.0,-5.23
1353.0,-5.5
1354.0,-5.06
1355.0,-5.07
1356.0,-5.15
1357.0,-5.1
1358.0,-5.09
1359.0,-5.29
1360.0,-5.05
1361.0,-5.21
1362.0,-5.18
1363.0,-5.470000000000001
1364.0,-5.02
1365.0,-5.57
1366.0,-5.15
1367.0,-5.86
1368.0,-5.15
1369.0,-5.14
1370.0,-5.04
1371.0,-5.07
1372.0,-5.09
1373.0,-5.51
1374.0,-5.18
1375.0,-5.09
1376.0,-5.03
1377.0,-5.8500000000000005
1378.0,-5.15
1379.0,-5.04
1380.0,-5.12
1381.0,-5.6000000000000005
1382.0,-5.49
1383.0,-5.1
1384.0,-5.17
1385.0,-5.02
1386.0,-5.21
1387.0,-5.1
1388.0,-5.11
1389.0,-5.41
1390.0,-5.13
1391.0,-5.06
1392.0,-5.06
1393.0,-5.14
1394.0,-5.3100000000000005
1395.0,-5.33
1396.0,-5.06
1397.0,-5.36
1398.0,-5.02
1399.0,-5.82
1400.0,-5.03
1401.0,-1.0000000000000007
1402.0,-5.15
1403.0,-5.38
1404.0,-5.03
1405.0,-5.02
1406.0,-5.08
1407.0,-5.01
1408.0,-5.01
1409.0,-1.0000000000000007
1410.0,-5.06
1411.0,-5.1
1412.0,-5.05
1413.0,-5.3
1414.0,-5.03
1415.0,-5.26
1416.0,-5.38
1417.0,-5.920000000000001
1418.0,-5.26
1419.0,-5.02
1420.0,-5.09
1421.0,-5.01
1422.0,-5.05
1423.0,-5.06
1424.0,-5.34
1425.0,-5.02
1426.0,-5.03
1427.0,-5.19
1428.0,-5.75
1429.0,-5.1
1430.0,-5.03
1431.0,-5.01
1432.0,-5.3
1433.0,-5.17
1434.0,-5.720000000000001
1435.0,-5.1
1436.0,-5.08
1437.0,-5.23
1438.0,-5.5
1439.0,-5.02
1440.0,-5.03
1441.0,-5.17
1442.0,-5.05
1443.0,-5.06
1444.0,-5.630000000000001
1445.0,-5.870000000000001
1446.0,-5.3500000000000005
1447.0,-5.36
1448.0,-5.19
1449.0,-5.42
1450.0,-5.23
1451.0,-5.06
1452.0,-5.1
1453.0,-5.12
1454.0,-5.03
1455.0,-5.04
1456.0,-5.07
1457.0,-1.0000000000000007
1458.0,-5.48
1459.0,-5.1
1460.0,-5.17
1461.0,-5.11
1462.0,-5.3500000000000005
1463.0,-5.18
1464.0,-5.640000000000001
1465.0,-5.29
1466.0,-5.04
1467.0,-5.2
1468.0,-5.38
1469.0,-5.46
1470.0,-5.25
1471.0,-5.24
1472.0,-5.03
1473.0,-5.03
1474.0,-5.28
1475.0,-5.710000000000001
1476.0,-5.01
1477.0,-5.02
1478.0,-5.07
1479.0,-5.02
1480.0,-5.05
1481.0,-5.13
1482.0,-5.13
1483.0,-5.03
1484.0,-5.22
1485.0,-5.05
1486.0,-5.04
1487.0,-5.08
1488.0,-5.1
1489.0,-5.01
1490.0,-5.5200000000000005
1491.0,-5.1
1492.0,-5.08
1493.0,-5.02
1494.0,-5.25
1495.0,-5.02
1496.0,-5.04
1497.0,-5.06
1498.0,-5.390000000000001
1499.0,-5.03
1500.0,-5.14
1501.0,-5.02
1502.0,-5.1
1503.0,-5.29
1504.0,-5.03
1505.0,-5.26
1506.0,-5.05
1507.0,-5.09
1508.0,-5.01
1509.0,-5.34
1510.0,-5.05
1511.0,-5.3
1512.0,-5.06
1513.0,-5.28
1514.0,-5.18
1515.0,-5.03
1516.0,-5.25
1517.0,-5.01
1518.0,-5.04
1519.0,-5.06
1520.0,-5.02
1521.0,-5.08
1522.0,-5.44
1523.0,-5.07
1524.0,-5.78
1525.0,-5.02
1526.0,-5.34
1527.0,-5.5200000000000005
1528.0,-5.21
1529.0,-5.02
1530.0,-5.11
1531.0,-5.02
1532.0,-5.19
1533.0,-5.01
1534.0,-5.67
1535.0,-5.45
1536.0,-5.390000000000001
1537.0,-5.03
1538.0,-5.07
1539.0,-5.22
1540.0,-5.03
1541.0,-5.58
1542.0,-5.02
1543.0,-5.02
1544.0,-5.9
1545.0,-5.21
1546.0,-5.03
1547.0,-5.08
1548.0,-5.13
1549.0,-5.01
1550.0,-5.1
1551.0,-5.29
1552.0,-5.23
1553.0,-5.04
1554.0,-5.15
1555.0,-5.09
1556.0,-5.16
1557.0,-5.78
1558.0,-5.28
1559.0,-5.3500000000000005
1560.0,-5.05
1561.0,-5.04
1562.0,-5.04
1563.0,-5.05
1564.0,-5.15
1565.0,-5.430000000000001
1566.0,-5.04
1567.0,-5.03
1568.0,-5.01
1569.0,-5.04
1570.0,-5.1
1571.0,-5.69
1572.0,-5.04
1573.0,-5.08
1574.0,-5.17
1575.0,-5.05
1576.0,-5.06
1577.0,-5.07
1578.0,-5.21
1579.0,-5.28
1580.0,-5.02
1581.0,-5.2700000000000005
1582.0,-5.3500000000000005
1583.0,-5.05
1584.0,-5.02
1585.0,-1.0000000000000007
1586.0,-5.04
1587.0,-5.02
1588.0,-5.02
1589.0,-5.54
1590.0,-5.01
1591.0,-5.11
1592.0,-5.2
1593.0,-5.29
1594.0,-5.470000000000001
1595.0,-5.19
1596.0,-5.19
1597.0,-5.08
1598.0,-5.17
1599.0,-5.03
1600.0,-5.06
1601.0,-5.24
1602.0,-5.03
1603.0,-5.02
1604.0,-5.23
1605.0,-5.05
1606.0,-5.3
1607.0,-5.01
1608.0,-1.0000000000000007
1609.0,-5.17
1610.0,-5.29
1611.0,-5.05
1612.0,-5.840000000000001
1613.0,-5.2
1614.0,-5.02
1615.0,-5.07
1616.0,-1.0000000000000007
1617.0,-1.0000000000000007
1618.0,-5.02
1619.0,-1.0000000000000007
1620.0,-5.13
1621.0,-5.02
1622.0,-5.29
1623.0,-5.08
1624.0,-5.48
1625.0,-5.11
1626.0,-5.06
1627.0,-5.07
1628.0,-5.15
1629.0,-5.01
1630.0,-5.28
1631.0,-5.69
1632.0,-5.11
1633.0,-5.05
1634.0,-5.11
1635.0,-5.17
1636.0,-5.07
1637.0,-5.12
1638.0,-5.24
1639.0,-5.2
1640.0,-5.01
1641.0,-5.02
1642.0,-5.07
1643.0,-5.25
1644.0,-5.02
1645.0,-5.09
1646.0,-5.01
1647.0,-5.53
1648.0,-5.13
1649.0,-5.630000000000001
1650.0,-5.16
1651.0,-5.1
1652.0,-5.470000000000001
1653.0,-5.02
1654.0,-5.02
1655.0,-5.02
1656.0,-5.24
1657.0,-5.2
1658.0,-5.32
1659.0,-5.01
1660.0,-5.29
1661.0,-5.04
1662.0,-5.02
1663.0,-5.08
1664.0,-5.32
1665.0,-5.28
1666.0,-5.33
1667.0,-5.04
1668.0,-5.16
1669.0,-5.18
1670.0,-5.1
1671.0,-5.34
1672.0,-5.08
1673.0,-5.3
1674.0,-5.02
1675.0,-5.5200000000000005
1676.0,-1.0000000000000007
1677.0,-5.04
1678.0,-5.32
1679.0,-5.12
1680.0,-5.23
1681.0,-5.03
1682.0,-5.04
1683.0,-5.13
1684.0,-5.08
1685.0,-5.03
1686.0,-5.58
1687.0,-5.04
1688.0,-5.62
1689.0,-5.12
1690.0,-5.02
1691.0,-5.33
1692.0,-5.02
1693.0,-5.24
1694.0,-5.18
1695.0,-5.05
1696.0,-5.51
1697.0,-5.1
1698.0,-5.67
1699.0,-5.15
1700.0,-5.44
1701.0,-5.19
1702.0,-5.22
1703.0,-5.02
1704.0,-5.26
1705.0,-5.01
1706.0,-5.29
1707.0,-5.29
1708.0,-5.01
1709.0,-5.3100000000000005
1710.0,-5.430000000000001
1711.0,-5.09
1712.0,-5.03
1713.0,-5.07
1714.0,-5.18
1715.0,-5.18
1716.0,-5.3100000000000005
1717.0,-5.25
1718.0,-5.680000000000001
1719.0,-5.03
1720.0,-5.02
1721.0,-5.05
1722.0,-5.17
1723.0,-5.19
1724.0,-1.0000000000000007
1725.0,-5.54
1726.0,-5.01
1727.0,-5.48
1728.0,-5.01
1729.0,-5.12
1730.0,-5.04
1731.0,-5.02
1732.0,-5.02
1733.0,-5.720000000000001
1734.0,-5.550000000000001
1735.0,-5.11
1736.0,-5.04
1737.0,-5.25
1738.0,-5.3
1739.0,-5.430000000000001
1740.0,-5.5200000000000005
1741.0,-5.12
1742.0,-5.03
1743.0,-5.05
1744.0,-5.01
1745.0,-5.07
1746.0,-5.02
1747.0,-5.04
1748.0,-5.05
1749.0,-5.15
1750.0,-5.67
1751.0,-5.2
1752.0,-5.16
1753.0,-5.38
1754.0,-5.09
1755.0,-5.08
1756.0,-5.45
1757.0,-5.04
1758.0,-5.82
1759.0,-5.01
1760.0,-5.38
1761.0,-5.3100000000000005
1762.0,-5.38
1763.0,-5.25
1764.0,-5.26
1765.0,-5.01
1766.0,-5.05
1767.0,-5.01
1768.0,-5.22
1769.0,-1.0000000000000007
1770.0,-5.58
1771.0,-5.3
1772.0,-5.11
1773.0,-5.970000000000001
1774.0,-5.38
1775.0,-5.04
1776.0,-5.14
1777.0,-5.51
1778.0,-5.21
1779.0,-5.14
1780.0,-5.01
1781.0,-5.640000000000001
1782.0,-5.21
1783.0,-5.42
1784.0,-5.08
1785.0,-1.0000000000000007
1786.0,-5.08
1787.0,-5.07
1788.0,-5.61
1789.0,-5.04
1790.0,-5.2700000000000005
1791.0,-5.13
1792.0,-5.28
1793.0,-5.6000000000000005
1794.0,-5.1
1795.0,-5.67
1796.0,-5.05
1797.0,-5.9
1798.0,-5.42
1799.0,-5.03
1800.0,-5.49
1801.0,-5.21
1802.0,-5.19
1803.0,-5.03
1804.0,-5.01
1805.0,-5.02
1806.0,-5.05
1807.0,-5.3
1808.0,-5.09
1809.0,-5.07
1810.0,-5.05
1811.0,-5.01
1812.0,-5.13
1813.0,-5.07
1814.0,-5.03
1815.0,-5.16
1816.0,-5.3100000000000005
1817.0,-5.08
1818.0,-5.02
1819.0,-5.3
1820.0,-5.13
1821.0,-5.680000000000001
1822.0,-5.26
1823.0,-5.05
1824.0,-5.53
1825.0,-5.15
1826.0,-5.09
1827.0,-5.17
1828.0,-5.16
1829.0,-5.46
1830.0,-5.73
1831.0,-5.3500000000000005
1832.0,-5.04
1833.0,-1.0000000000000007
1834.0,-5.04
1835.0,-5.03
1836.0,-5.04
1837.0,-5.470000000000001
1838.0,-5.01
1839.0,-5.38
1840.0,-5.14
1841.0,-5.800000000000001
1842.0,-5.11
1843.0,-5.49
1844.0,-5.21
1845.0,-5.04
1846.0,-1.0000000000000007
1847.0,-5.04
1848.0,-5.09
1849.0,-5.11
1850.0,-5.13
1851.0,-1.0000000000000007
1852.0,-5.28
1853.0,-5.83
1854.0,-5.45
1855.0,-5.23
1856.0,-5.21
1857.0,-5.04
1858.0,-5.45
1859.0,-5.04
1860.0,-5.65
1861.0,-5.2700000000000005
1862.0,-5.69
1863.0,-5.32
1864.0,-5.2700000000000005
1865.0,-5.02
1866.0,-5.01
1867.0,-5.12
1868.0,-5.05
1869.0,-5.04
1870.0,-5.16
1871.0,-5.21
1872.0,-5.02
1873.0,-1.0000000000000007
1874.0,-5.5
1875.0,-5.1
1876.0,-5.16
1877.0,-5.09
1878.0,-5.04
1879.0,-5.05
1880.0,-5.08
1881.0,-5.57
1882.0,-5.01
1883.0,-5.6000000000000005
1884.0,-5.14
1885.0,-5.06
1886.0,-5.05
1887.0,-5.06
1888.0,-5.44
1889.0,-1.0000000000000007
1890.0,-5.42
1891.0,-5.03
1892.0,-5.38
1893.0,-5.01
1894.0,-5.09
1895.0,-5.42
1896.0,-5.11
1897.0,-5.06
1898.0,-5.15
1899.0,-5.23
1900.0,-5.09
1901.0,-5.01
1902.0,-5.02
1903.0,-5.17
1904.0,-5.01
1905.0,-5.07
1906.0,-5.06
1907.0,-5.21
1908.0,-5.09
1909.0,-5.24
1910.0,-5.04
1911.0,-5.15
1912.0,-5.22
1913.0,-5.07
1914.0,-5.09
1915.0,-5.800000000000001
1916.0,-5.53
1917.0,-5.3
1918.0,-5.08
1919.0,-5.22
1920.0,-5.33
1921.0,-5.67
1922.0,-5.29
1923.0,-5.06
1924.0,-5.38
1925.0,-5.24
1926.0,-5.36
1927.0,-5.05
1928.0,-5.06
1929.0,-5.04
1930.0,-5.05
1931.0,-5.02
1932.0,-5.430000000000001
1933.0,-5.5200000000000005
1934.0,-5.01
1935.0,-5.18
1936.0,-5.04
1937.0,-5.45
1938.0,-5.04
1939.0,-5.8100000000000005
1940.0,-5.1
1941.0,-5.12
1942.0,-5.02
1943.0,-5.08
1944.0,-5.890000000000001
1945.0,-5.04
1946.0,-5.46
1947.0,-5.08
1948.0,-5.3
1949.0,-5.15
1950.0,-5.15
1951.0,-5.14
1952.0,-5.02
1953.0,-5.02
1954.0,-5.02
1955.0,-5.04
1956.0,-5.1
1957.0,-5.05
1958.0,-5.14
1959.0,-5.470000000000001
1960.0,-5.22
1961.0,-5.02
1962.0,-5.09
1963.0,-5.870000000000001
1964.0,-5.36
1965.0,-5.37
1966.0,-5.49
1967.0,-5.14
1968.0,-5.1
1969.0,-5.16
1970.0,-5.02
1971.0,-5.38
1972.0,-5.18
1973.0,-5.01
1974.0,-5.04
1975.0,-5.74
1976.0,-5.02
1977.0,-1.0000000000000007
1978.0,-5.07
1979.0,-5.02
1980.0,-5.14
1981.0,-5.51
1982.0,-5.05
1983.0,-5.04
1984.0,-5.02
1985.0,-5.12
1986.0,-5.2700000000000005
1987.0,-5.3
1988.0,-5.630000000000001
1989.0,-5.3
1990.0,-5.07
1991.0,-5.23
1992.0,-5.21
1993.0,-5.04
1994.0,-5.04
1995.0,-5.04
1996.0,-5.29
1997.0,-5.07
1998.0,-5.06
1999.0,-5.06
2000.0,-1.0000000000000007
2001.0,-5.04
2002.0,-5.33
2003.0,-5.04
2004.0,-1.0000000000000007
2005.0,-5.01
2006.0,-5.2
2007.0,-5.01
2008.0,-5.08
2009.0,-5.45
2010.0,-5.21
2011.0,-5.3500000000000005
2012.0,-1.0000000000000007
2013.0,-5.03
2014.0,-5.04
2015.0,-5.08
2016.0,-5.74
2017.0,-5.06
2018.0,-5.24
2019.0,-5.760000000000001
2020.0,-5.19
2021.0,-5.09
2022.0,-5.11
2023.0,-5.26
2024.0,-5.02
2025.0,-5.03
2026.0,-5.74
2027.0,-5.11
2028.0,-5.02
2029.0,-5.41
2030.0,-5.18
2031.0,-5.18
2032.0,-5.03
2033.0,-5.710000000000001
2034.0,-5.01
2035.0,-5.18
2036.0,-5.05
2037.0,-5.02
2038.0,-5.1
2039.0,-5.430000000000001
2040.0,-5.28
2041.0,-5.08
2042.0,-5.25
2043.0,-5.24
2044.0,-5.01
2045.0,-5.02
2046.0,-5.03
2047.0,-5.04
2048.0,-5.26
2049.0,-5.14
2050.0,-5.78
2051.0,-5.38
2052.0,-5.15
2053.0,-5.36
2054.0,-5.15
2055.0,-5.2
2056.0,-5.09
2057.0,-5.28
2058.0,-5.03
2059.0,-5.05
2060.0,-5.05
2061.0,-5.03
2062.0,-5.03
2063.0,-5.04
2064.0,-5.11
2065.0,-5.26
2066.0,-5.9
2067.0,-5.06
2068.0,-5.13
2069.0,-5.06
2070.0,-5.02
2071.0,-5.07
2072.0,-5.02
2073.0,-5.09
2074.0,-5.25
2075.0,-5.4
2076.0,-5.710000000000001
2077.0,-5.01
2078.0,-5.15
2079.0,-5.9
2080.0,-5.02
2081.0,-5.970000000000001
2082.0,-5.12
2083.0,-5.02
2084.0,-5.19
2085.0,-5.15
2086.0,-5.03
2087.0,-5.3500000000000005
2088.0,-5.12
2089.0,-5.05
2090.0,-5.11
2091.0,-5.09
2092.0,-5.04
2093.0,-5.48
2094.0,-5.08
2095.0,-5.46
2096.0,-5.02
2097.0,-5.02
2098.0,-5.03
2099.0,-5.3100000000000005
2100.0,-5.02
2101.0,-5.86
2102.0,-5.02
2103.0,-5.08
2104.0,-5.42
2105.0,-5.03
2106.0,-5.32
2107.0,-5.34
2108.0,-5.02
2109.0,-5.720000000000001
2110.0,-5.1
2111.0,-5.02
2112.0,-5.680000000000001
2113.0,-5.09
2114.0,-5.03
2115.0,-5.19
2116.0,-5.06
2117.0,-5.04
2118.0,-5.07
2119.0,-5.12
2120.0,-5.01
2121.0,-5.3500000000000005
2122.0,-5.04
2123.0,-5.1
2124.0,-5.42
2125.0,-5.4
2126.0,-5.840000000000001
2127.0,-5.25
2128.0,-5.07
2129.0,-5.470000000000001
2130.0,-5.01
2131.0,-5.01
2132.0,-5.06
2133.0,-1.0000000000000007
2134.0,-5.09
2135.0,-5.13
2136.0,-5.02
2137.0,-5.01
2138.0,-5.6000000000000005
2139.0,-5.04
2140.0,-5.09
2141.0,-5.14
2142.0,-5.05
2143.0,-5.3500000000000005
2144.0,-5.62
2145.0,-5.08
2146.0,-5.02
2147.0,-5.24
2148.0,-5.18
2149.0,-5.7
2150.0,-5.1
2151.0,-5.73
2152.0,-5.51
2153.0,-5.01
2154.0,-5.970000000000001
2155.0,-5.38
2156.0,-5.02
2157.0,-5.680000000000001
2158.0,-5.720000000000001
2159.0,-5.05
2160.0,-5.2700000000000005
2161.0,-5.01
2162.0,-5.42
2163.0,-5.01
2164.0,-5.03
2165.0,-5.22
2166.0,-1.0000000000000007
2167.0,-5.46
2168.0,-5.390000000000001
2169.0,-5.18
2170.0,-5.02
2171.0,-5.17
2172.0,-5.29
2173.0,-5.14
2174.0,-5.01
2175.0,-5.36
2176.0,-5.07
2177.0,-5.08
2178.0,-5.1
2179.0,-5.44
2180.0,-5.06
2181.0,-5.12
2182.0,-1.0000000000000007
2183.0,-5.33
2184.0,-5.24
2185.0,-5.15
2186.0,-5.58
2187.0,-5.16
2188.0,-5.33
2189.0,-5.06
2190.0,-5.33
2191.0,-5.29
2192.0,-5.3
2193.0,-5.15
2194.0,-5.2
2195.0,-5.18
2196.0,-5.25
2197.0,-5.07
2198.0,-1.0000000000000007
2199.0,-5.62
2200.0,-5.17
2201.0,-5.98
2202.0,-5.03
2203.0,-5.05
2204.0,-5.04
2205.0,-5.11
2206.0,-5.04
2207.0,-5.02
2208.0,-5.24
2209.0,-5.04
2210.0,-5.17
2211.0,-5.16
2212.0,-5.07
2213.0,-5.46
2214.0,-5.06
2215.0,-5.08
2216.0,-5.19
2217.0,-5.05
2218.0,-5.11
2219.0,-5.09
2220.0,-5.5200000000000005
2221.0,-5.42
2222.0,-5.03
2223.0,-5.15
2224.0,-5.14
2225.0,-5.1
2226.0,-5.04
2227.0,-5.09
2228.0,-5.04
2229.0,-5.11
2230.0,-5.04
2231.0,-5.1
2232.0,-5.08
2233.0,-5.07
2234.0,-5.18
2235.0,-5.01
2236.0,-5.13
2237.0,-5.15
2238.0,-5.5600000000000005
2239.0,-5.03
2240.0,-5.23
2241.0,-5.720000000000001
2242.0,-5.48
2243.0,-5.34
2244.0,-5.470000000000001
2245.0,-5.02
2246.0,-5.1
2247.0,-5.03
2248.0,-5.73
2249.0,-5.01
2250.0,-5.11
2251.0,-5.08
2252.0,-5.24
2253.0,-5.06
2254.0,-5.42
2255.0,-5.25
2256.0,-5.05
2257.0,-5.13
2258.0,-5.01
2259.0,-5.05
2260.0,-1.0000000000000007
2261.0,-5.890000000000001
2262.0,-5.05
2263.0,-5.640000000000001
2264.0,-5.78
2265.0,-5.49
2266.0,-5.99
2267.0,-5.21
2268.0,-5.01
2269.0,-5.2
2270.0,-5.2700000000000005
2271.0,-5.37
2272.0,-5.04
2273.0,-5.67
2274.0,-5.05
2275.0,-5.02
2276.0,-5.04
2277.0,-5.01
2278.0,-1.0000000000000007
2279.0,-5.14
2280.0,-5.12
2281.0,-5.59
2282.0,-5.67
2283.0,-5.1
2284.0,-5.22
2285.0,-5.06
2286.0,-5.03
2287.0,-5.19
2288.0,-5.13
2289.0,-5.01
2290.0,-5.37
2291.0,-5.21
2292.0,-5.09
2293.0,-5.37
2294.0,-5.24
2295.0,-5.33
2296.0,-5.69
2297.0,-5.11
2298.0,-5.03
2299.0,-5.07
2300.0,-5.08
2301.0,-5.05
2302.0,-5.02
2303.0,-5.07
2304.0,-5.04
2305.0,-5.3
2306.0,-5.07
2307.0,-5.09
2308.0,-5.02
2309.0,-5.03
2310.0,-5.800000000000001
2311.0,-5.65
2312.0,-5.09
2313.0,-5.42
2314.0,-5.07
2315.0,-5.03
2316.0,-5.9
2317.0,-5.36
2318.0,-5.21
2319.0,-5.03
2320.0,-5.03
2321.0,-5.4
2322.0,-5.19
2323.0,-5.24
2324.0,-5.94
2325.0,-5.04
2326.0,-5.470000000000001
2327.0,-5.07
2328.0,-5.04
2329.0,-5.470000000000001
2330.0,-5.22
2331.0,-5.44
2332.0,-5.83
2333.0,-5.03
2334.0,-5.04
2335.0,-5.02
2336.0,-5.04
2337.0,-5.04
2338.0,-5.04
2339.0,-5.08
2340.0,-5.1
2341.0,-5.02
2342.0,-5.36
2343.0,-5.07
2344.0,-5.18
2345.0,-5.17
2346.0,-5.29
2347.0,-5.19
2348.0,-5.03
2349.0,-5.04
2350.0,-5.11
2351.0,-5.04
2352.0,-5.01
2353.0,-5.69
2354.0,-5.42
2355.0,-5.53
2356.0,-5.2
2357.0,-5.61
2358.0,-5.14
2359.0,-5.02
2360.0,-5.06
2361.0,-5.02
2362.0,-5.29
2363.0,-5.14
2364.0,-5.01
2365.0,-5.04
2366.0,-5.46
2367.0,-5.05
2368.0,-5.05
2369.0,-5.840000000000001
2370.0,-1.0000000000000007
2371.0,-5.02
2372.0,-5.06
2373.0,-5.950000000000001
2374.0,-5.01
2375.0,-5.04
2376.0,-5.06
2377.0,-5.390000000000001
2378.0,-5.37
2379.0,-5.03
2380.0,-5.44
2381.0,-1.0000000000000007
2382.0,-5.05
2383.0,-5.630000000000001
2384.0,-5.630000000000001
2385.0,-5.04
2386.0,-5.03
2387.0,-5.01
2388.0,-5.03
2389.0,-5.3
2390.0,-5.640000000000001
2391.0,-5.920000000000001
2392.0,-5.61
2393.0,-1.0000000000000007
2394.0,-5.05
2395.0,-5.99
2396.0,-1.0000000000000007
2397.0,-5.07
2398.0,-5.07
2399.0,-5.790000000000001
2400.0,-5.04
2401.0,-5.12
2402.0,-5.41
2403.0,-5.3
2404.0,-1.0000000000000007
2405.0,-5.1
2406.0,-5.03
2407.0,-5.12
2408.0,-5.23
2409.0,-5.54
2410.0,-1.0000000000000007
2411.0,-5.02
2412.0,-5.21
2413.0,-5.15
2414.0,-5.13
2415.0,-5.05
2416.0,-5.01
2417.0,-5.11
2418.0,-5.02
2419.0,-5.05
2420.0,-5.25
2421.0,-5.03
2422.0,-5.11
2423.0,-5.01
2424.0,-5.3500000000000005
2425.0,-5.04
2426.0,-5.710000000000001
2427.0,-5.08
2428.0,-5.53
2429.0,-5.59
2430.0,-5.15
2431.0,-5.21
2432.0,-5.04
2433.0,-5.02
2434.0,-5.08
2435.0,-5.09
2436.0,-5.25
2437.0,-5.12
2438.0,-5.03
2439.0,-5.37
2440.0,-5.07
2441.0,-5.02
2442.0,-5.11
2443.0,-5.08
2444.0,-5.59
2445.0,-5.09
2446.0,-5.15
2447.0,-5.19
2448.0,-5.03
2449.0,-5.03
2450.0,-5.28
2451.0,-5.02
2452.0,-5.13
2453.0,-5.03
2454.0,-5.05
2455.0,-5.07
2456.0,-5.01
2457.0,-5.01
2458.0,-5.680000000000001
2459.0,-5.01
2460.0,-5.710000000000001
2461.0,-5.21
2462.0,-5.05
2463.0,-5.14
2464.0,-5.02
2465.0,-5.430000000000001
2466.0,-5.15
2467.0,-5.44
2468.0,-5.03
2469.0,-5.06
2470.0,-5.03
2471.0,-1.0000000000000007
2472.0,-5.34
2473.0,-5.11
2474.0,-5.04
2475.0,-5.41
2476.0,-5.1
2477.0,-5.04
2478.0,-5.18
2479.0,-5.59
2480.0,-5.42
2481.0,-5.1
2482.0,-5.42
2483.0,-5.04
2484.0,-5.13
2485.0,-5.32
2486.0,-5.02
2487.0,-5.37
2488.0,-5.04
2489.0,-5.19
2490.0,-5.05
2491.0,-5.2700000000000005
2492.0,-5.13
2493.0,-5.08
2494.0,-5.67
2495.0,-5.390000000000001
2496.0,-5.6000000000000005
2497.0,-5.19
2498.0,-5.3100000000000005
2499.0,-5.02
2500.0,-5.73
2501.0,-5.05
2502.0,-5.08
2503.0,-5.57
2504.0,-5.22
2505.0,-5.04
2506.0,-5.550000000000001
2507.0,-5.13
2508.0,-5.02
2509.0,-5.05
2510.0,-5.17
2511.0,-5.13
2512.0,-5.25
2513.0,-5.02
2514.0,-5.22
2515.0,-5.1
2516.0,-5.32
2517.0,-5.36
2518.0,-5.13
2519.0,-5.23
2520.0,-5.01
2521.0,-5.33
2522.0,-5.1
2523.0,-5.02
2524.0,-5.5
2525.0,-5.07
2526.0,-5.04
2527.0,-5.32
2528.0,-5.37
2529.0,-5.2700000000000005
2530.0,-5.06
2531.0,-5.04
2532.0,-5.08
2533.0,-5.07
2534.0,-5.29
2535.0,-5.1
2536.0,-5.07
2537.0,-5.02
2538.0,-5.06
2539.0,-5.05
2540.0,-5.06
2541.0,-5.13
2542.0,-5.01
2543.0,-1.0000000000000007
2544.0,-5.45
2545.0,-5.02
2546.0,-5.44
2547.0,-5.960000000000001
2548.0,-5.36
2549.0,-5.720000000000001
2550.0,-5.06
2551.0,-5.13
2552.0,-1.0000000000000007
2553.0,-5.13
2554.0,-5.2
2555.0,-5.69
2556.0,-5.98
2557.0,-5.08
2558.0,-5.03
2559.0,-5.07
2560.0,-5.5600000000000005
2561.0,-5.03
2562.0,-5.5
2563.0,-5.83
2564.0,-5.44
2565.0,-5.09
2566.0,-5.49
2567.0,-5.09
2568.0,-5.03
2569.0,-5.12
2570.0,-5.01
2571.0,-5.03
2572.0,-5.390000000000001
2573.0,-5.12
2574.0,-5.14
2575.0,-5.23
2576.0,-5.14
2577.0,-5.13
2578.0,-5.24
2579.0,-5.04
2580.0,-5.19
2581.0,-5.19
2582.0,-5.42
2583.0,-5.03
2584.0,-5.28
2585.0,-5.11
2586.0,-5.04
2587.0,-5.02
2588.0,-5.36
2589.0,-5.01
2590.0,-5.26
2591.0,-5.14
2592.0,-5.34
2593.0,-5.02
2594.0,-5.04
2595.0,-5.46
2596.0,-5.2700000000000005
2597.0,-5.01
2598.0,-1.0000000000000007
2599.0,-5.1
2600.0,-5.05
2601.0,-5.45
2602.0,-5.07
2603.0,-5.02
2604.0,-5.05
2605.0,-5.01
2606.0,-5.05
2607.0,-5.04
2608.0,-5.34
2609.0,-5.32
2610.0,-5.630000000000001
2611.0,-5.24
2612.0,-5.3100000000000005
2613.0,-5.54
2614.0,-5.03
2615.0,-5.04
2616.0,-5.03
2617.0,-5.02
2618.0,-5.12
2619.0,-5.34
2620.0,-5.15
2621.0,-5.03
2622.0,-5.08
2623.0,-5.24
2624.0,-5.720000000000001
2625.0,-5.02
2626.0,-5.34
2627.0,-5.01
2628.0,-5.01
2629.0,-5.920000000000001
2630.0,-5.21
2631.0,-5.02
2632.0,-5.14
2633.0,-5.12
2634.0,-5.09
2635.0,-5.06
2636.0,-5.03
2637.0,-5.01
2638.0,-5.58
2639.0,-5.17
2640.0,-5.13
2641.0,-5.05
2642.0,-5.1
2643.0,-5.02
2644.0,-5.11
2645.0,-5.470000000000001
2646.0,-5.04
2647.0,-1.0000000000000007
2648.0,-5.390000000000001
2649.0,-5.01
2650.0,-5.02
2651.0,-5.25
2652.0,-5.33
2653.0,-5.04
2654.0,-5.04
2655.0,-5.05
2656.0,-5.19
2657.0,-5.03
2658.0,-5.01
2659.0,-5.13
2660.0,-5.24
2661.0,-5.01
2662.0,-5.03
2663.0,-5.42
2664.0,-5.03
2665.0,-5.1
2666.0,-5.11
2667.0,-5.01
2668.0,-5.06
2669.0,-5.04
2670.0,-5.790000000000001
2671.0,-5.24
2672.0,-5.09
2673.0,-5.51
2674.0,-5.08
2675.0,-5.28
2676.0,-5.54
2677.0,-1.0000000000000007
2678.0,-1.0000000000000007
2679.0,-5.08
2680.0,-5.1
2681.0,-5.04
2682.0,-5.14
2683.0,-5.430000000000001
2684.0,-5.05
2685.0,-5.74
2686.0,-5.640000000000001
2687.0,-5.46
2688.0,-5.14
2689.0,-5.34
2690.0,-5.01
2691.0,-5.2
2692.0,-5.710000000000001
2693.0,-5.06
2694.0,-5.08
2695.0,-5.02
2696.0,-5.49
2697.0,-5.23
2698.0,-5.15
2699.0,-5.11
2700.0,-5.02
2701.0,-5.640000000000001
2702.0,-1.0000000000000007
2703.0,-5.01
2704.0,-5.05
2705.0,-5.05
2706.0,-5.03
2707.0,-5.18
2708.0,-5.23
2709.0,-5.08
2710.0,-5.32
2711.0,-5.49
2712.0,-5.14
2713.0,-5.04
2714.0,-5.32
2715.0,-5.09
2716.0,-5.13
2717.0,-5.01
2718.0,-5.8100000000000005
2719.0,-5.11
2720.0,-5.01
2721.0,-5.48
2722.0,-5.46
2723.0,-5.06
2724.0,-5.710000000000001
2725.0,-5.13
2726.0,-5.17
2727.0,-5.16
2728.0,-5.03
2729.0,-5.890000000000001
2730.0,-5.14
2731.0,-5.18
2732.0,-5.13
2733.0,-5.51
2734.0,-5.04
2735.0,-5.05
2736.0,-5.04
2737.0,-5.02
2738.0,-5.550000000000001
2739.0,-5.33
2740.0,-5.17
2741.0,-5.02
2742.0,-5.37
2743.0,-5.06
2744.0,-1.0000000000000007
2745.0,-5.86
2746.0,-5.58
2747.0,-5.38
2748.0,-5.2
2749.0,-5.29
2750.0,-5.02
2751.0,-5.48
2752.0,-5.24
2753.0,-5.33
2754.0,-5.42
2755.0,-5.04
2756.0,-5.62
2757.0,-5.17
2758.0,-5.21
2759.0,-5.02
2760.0,-5.16
2761.0,-5.05
2762.0,-5.23
2763.0,-5.12
2764.0,-5.15
2765.0,-5.32
2766.0,-5.36
2767.0,-5.13
2768.0,-5.09
2769.0,-5.02
2770.0,-5.99
2771.0,-5.28
2772.0,-5.07
2773.0,-5.13
2774.0,-5.07
2775.0,-5.45
2776.0,-5.15
2777.0,-5.3100000000000005
2778.0,-5.17
2779.0,-5.470000000000001
2780.0,-5.25
2781.0,-5.13
2782.0,-5.25
2783.0,-5.22
2784.0,-5.24
2785.0,-5.65
2786.0,-5.05
2787.0,-5.05
2788.0,-5.26
2789.0,-5.09
2790.0,-5.04
2791.0,-5.62
2792.0,-5.1
2793.0,-5.04
2794.0,-5.03
2795.0,-5.29
2796.0,-5.41
2797.0,-5.08
2798.0,-5.18
2799.0,-5.02
2800.0,-5.02
2801.0,-5.16
2802.0,-5.02
2803.0,-5.890000000000001
2804.0,-5.03
2805.0,-5.09
2806.0,-5.720000000000001
2807.0,-5.32
2808.0,-5.05
2809.0,-5.02
2810.0,-5.02
2811.0,-5.05
2812.0,-5.2
2813.0,-1.0000000000000007
2814.0,-5.38
2815.0,-5.02
2816.0,-5.1
2817.0,-5.5600000000000005
2818.0,-5.05
2819.0,-5.61
2820.0,-5.03
2821.0,-5.03
2822.0,-5.44
2823.0,-5.09
2824.0,-5.7
2825.0,-5.01
2826.0,-5.05
2827.0,-5.07
2828.0,-5.94
2829.0,-5.890000000000001
2830.0,-5.08
2831.0,-5.04
2832.0,-5.46
2833.0,-5.01
2834.0,-5.2
2835.0,-5.02
2836.0,-5.1
2837.0,-5.7700000000000005
2838.0,-5.03
2839.0,-5.02
2840.0,-5.25
2841.0,-5.06
2842.0,-5.61
2843.0,-5.2700000000000005
2844.0,-5.12
2845.0,-5.13
2846.0,-5.02
2847.0,-5.17
2848.0,-5.04
2849.0,-5.1
2850.0,-5.07
2851.0,-5.01
2852.0,-5.17
2853.0,-5.03
2854.0,-5.04
2855.0,-5.11
2856.0,-5.26
2857.0,-5.08
2858.0,-1.0000000000000007
2859.0,-5.11
2860.0,-5.58
2861.0,-5.53
2862.0,-5.15
2863.0,-5.18
2864.0,-5.03
2865.0,-5.69
2866.0,-5.470000000000001
2867.0,-5.2700000000000005
2868.0,-5.49
2869.0,-5.16
2870.0,-5.1
2871.0,-5.62
2872.0,-1.0000000000000007
2873.0,-5.05
2874.0,-5.11
2875.0,-5.5600000000000005
2876.0,-5.1
2877.0,-5.04
2878.0,-5.430000000000001
2879.0,-5.14
2880.0,-5.21
2881.0,-5.11
2882.0,-5.550000000000001
2883.0,-5.21
2884.0,-5.02
2885.0,-5.02
2886.0,-5.630000000000001
2887.0,-5.01
2888.0,-5.06
2889.0,-5.16
2890.0,-5.08
2891.0,-5.05
2892.0,-5.08
2893.0,-5.01
2894.0,-5.17
2895.0,-5.01
2896.0,-5.14
2897.0,-5.09
2898.0,-5.04
2899.0,-5.04
2900.0,-5.05
2901.0,-5.02
2902.0,-5.05
2903.0,-5.62
2904.0,-5.24
2905.0,-5.13
2906.0,-5.890000000000001
2907.0,-5.06
2908.0,-5.29
2909.0,-5.08
2910.0,-5.36
2911.0,-5.02
2912.0,-5.06
2913.0,-5.05
2914.0,-5.08
2915.0,-5.01
2916.0,-5.02
2917.0,-5.07
2918.0,-5.890000000000001
2919.0,-5.07
2920.0,-5.09
2921.0,-5.36
2922.0,-5.05
2923.0,-5.82
2924.0,-5.07
2925.0,-5.12
2926.0,-5.08
2927.0,-5.09
2928.0,-5.78
2929.0,-5.16
2930.0,-5.630000000000001
2931.0,-5.06
2932.0,-5.37
2933.0,-5.06
2934.0,-5.13
2935.0,-5.470000000000001
2936.0,-5.25
2937.0,-5.48
2938.0,-5.48
2939.0,-5.06
2940.0,-5.19
2941.0,-5.18
2942.0,-5.17
2943.0,-5.02
2944.0,-5.62
2945.0,-5.09
2946.0,-5.21
2947.0,-5.04
2948.0,-5.08
2949.0,-5.58
2950.0,-5.04
2951.0,-5.57
2952.0,-5.03
2953.0,-5.05
2954.0,-5.11
2955.0,-5.32
2956.0,-5.08
2957.0,-5.44
2958.0,-5.08
2959.0,-5.4
2960.0,-5.15
2961.0,-5.07
2962.0,-5.03
2963.0,-5.04
2964.0,-5.3500000000000005
2965.0,-5.1
2966.0,-5.38
2967.0,-5.08
2968.0,-5.3
2969.0,-5.09
2970.0,-5.17
2971.0,-5.23
2972.0,-5.04
2973.0,-5.870000000000001
2974.0,-5.45
2975.0,-5.01
2976.0,-5.2700000000000005
2977.0,-5.06
2978.0,-5.23
2979.0,-5.07
2980.0,-5.26
2981.0,-5.790000000000001
2982.0,-5.3100000000000005
2983.0,-5.62
2984.0,-5.02
2985.0,-5.38
2986.0,-5.21
2987.0,-5.13
2988.0,-5.08
2989.0,-5.48
2990.0,-5.03
2991.0,-5.18
2992.0,-5.19
2993.0,-5.5
2994.0,-5.01
2995.0,-5.34
2996.0,-5.03
2997.0,-5.07
2998.0,-5.48
2999.0,-5.5200000000000005
3000.0,-1.0000000000000007
3001.0,-5.26
3002.0,-5.07
3003.0,-5.8500000000000005
3004.0,-5.05
3005.0,-5.08
3006.0,-5.03
3007.0,-5.02
3008.0,-5.45
3009.0,-5.98
3010.0,-5.03
3011.0,-5.02
3012.0,-5.03
3013.0,-5.02
3014.0,-5.08
3015.0,-5.22
3016.0,-5.3
3017.0,-5.11
3018.0,-5.03
3019.0,-5.22
3020.0,-5.04
3021.0,-5.1
3022.0,-5.12
3023.0,-5.11
3024.0,-5.1
3025.0,-5.6000000000000005
3026.0,-5.13
3027.0,-1.0000000000000007
3028.0,-5.78
3029.0,-5.07
3030.0,-5.15
3031.0,-5.23
3032.0,-5.59
3033.0,-5.430000000000001
3034.0,-5.16
3035.0,-5.02
3036.0,-5.16
3037.0,-5.17
3038.0,-5.05
3039.0,-5.03
3040.0,-5.2700000000000005
3041.0,-5.03
3042.0,-5.03
3043.0,-5.3500000000000005
3044.0,-5.19
3045.0,-5.61
3046.0,-5.25
3047.0,-5.430000000000001
3048.0,-5.01
3049.0,-5.08
3050.0,-5.07
3051.0,-5.07
3052.0,-5.04
3053.0,-5.640000000000001
3054.0,-5.01
3055.0,-5.08
3056.0,-5.24
3057.0,-5.07
3058.0,-5.11
3059.0,-5.14
3060.0,-5.6000000000000005
3061.0,-5.57
3062.0,-5.23
3063.0,-5.04
3064.0,-5.15
3065.0,-5.3100000000000005
3066.0,-5.13
3067.0,-5.12
3068.0,-5.02
3069.0,-5.03
3070.0,-5.03
3071.0,-5.59
3072.0,-5.18
3073.0,-5.2
3074.0,-5.07
3075.0,-5.1
3076.0,-5.01
3077.0,-5.04
3078.0,-5.07
3079.0,-5.05
3080.0,-5.06
3081.0,-5.09
3082.0,-5.13
3083.0,-5.37
3084.0,-1.0000000000000007
3085.0,-5.03
3086.0,-5.48
3087.0,-5.45
3088.0,-5.22
3089.0,-5.890000000000001
3090.0,-5.17
3091.0,-5.23
3092.0,-5.07
3093.0,-5.45
3094.0,-5.04
3095.0,-5.02
3096.0,-5.03
3097.0,-5.5600000000000005
3098.0,-5.03
3099.0,-5.05
3100.0,-5.05
3101.0,-5.05
3102.0,-5.22
3103.0,-5.02
3104.0,-5.42
3105.0,-5.53
3106.0,-5.08
3107.0,-5.13
3108.0,-5.02
3109.0,-5.67
3110.0,-5.02
3111.0,-5.12
3112.0,-5.05
3113.0,-5.5200000000000005
3114.0,-5.02
3115.0,-5.15
3116.0,-5.07
3117.0,-5.05
3118.0,-5.01
3119.0,-5.03
3120.0,-5.05
3121.0,-5.03
3122.0,-5.04
3123.0,-5.02
3124.0,-5.550000000000001
3125.0,-5.04
3126.0,-1.0000000000000007
3127.0,-5.19
3128.0,-5.29
3129.0,-5.04
3130.0,-5.49
3131.0,-5.3100000000000005
3132.0,-5.05
3133.0,-5.03
3134.0,-5.1
3135.0,-5.21
3136.0,-5.02
3137.0,-5.02
3138.0,-5.08
3139.0,-5.03
3140.0,-5.02
3141.0,-5.09
3142.0,-5.3100000000000005
3143.0,-5.33
3144.0,-5.18
3145.0,-5.06
3146.0,-5.28
3147.0,-5.08
3148.0,-5.08
3149.0,-5.16
3150.0,-5.02
3151.0,-5.08
3152.0,-5.22
3153.0,-5.1
3154.0,-5.3500000000000005
3155.0,-5.13
3156.0,-5.04
3157.0,-5.28
3158.0,-5.07
3159.0,-5.53
3160.0,-5.07
3161.0,-5.5
3162.0,-5.07
3163.0,-5.09
3164.0,-5.06
3165.0,-5.82
3166.0,-5.25
3167.0,-5.02
3168.0,-5.16
3169.0,-5.06
3170.0,-5.3500000000000005
3171.0,-5.05
3172.0,-5.04
3173.0,-5.11
3174.0,-5.12
3175.0,-5.02
3176.0,-5.32
3177.0,-5.15
3178.0,-5.05
3179.0,-5.01
3180.0,-5.12
3181.0,-5.01
3182.0,-5.22
3183.0,-5.01
3184.0,-5.23
3185.0,-5.02
3186.0,-5.17
3187.0,-5.14
3188.0,-5.550000000000001
3189.0,-5.36
3190.0,-5.06
3191.0,-5.58
3192.0,-5.6000000000000005
3193.0,-5.37
3194.0,-5.45
3195.0,-5.07
3196.0,-5.41
3197.0,-5.4
3198.0,-5.02
3199.0,-5.02
3200.0,-5.16
3201.0,-5.19
3202.0,-5.07
3203.0,-5.04
3204.0,-5.950000000000001
3205.0,-5.05
3206.0,-5.03
3207.0,-5.12
3208.0,-5.22
3209.0,-5.06
3210.0,-5.04
3211.0,-5.02
3212.0,-5.04
3213.0,-5.11
3214.0,-5.08
3215.0,-1.0000000000000007
3216.0,-5.01
3217.0,-5.04
3218.0,-5.07
3219.0,-5.01
3220.0,-5.7
3221.0,-5.08
3222.0,-5.16
3223.0,-5.07
3224.0,-5.91
3225.0,-5.28
3226.0,-5.12
3227.0,-5.03
3228.0,-5.02
3229.0,-5.06
3230.0,-5.08
3231.0,-5.390000000000001
3232.0,-5.02
3233.0,-5.03
3234.0,-5.1
3235.0,-5.02
3236.0,-5.23
3237.0,-5.08
3238.0,-5.02
3239.0,-5.01
3240.0,-5.06
3241.0,-5.04
3242.0,-5.07
3243.0,-5.07
3244.0,-5.01
3245.0,-5.25
3246.0,-5.19
3247.0,-5.03
3248.0,-5.32
3249.0,-5.02
3250.0,-5.02
3251.0,-5.05
3252.0,-5.07
3253.0,-5.54
3254.0,-5.01
3255.0,-5.05
3256.0,-5.3100000000000005
3257.0,-5.13
3258.0,-5.03
3259.0,-5.22
3260.0,-5.12
3261.0,-5.03
3262.0,-5.09
3263.0,-5.23
3264.0,-5.5200000000000005
3265.0,-5.01
3266.0,-5.09
3267.0,-5.470000000000001
3268.0,-5.09
3269.0,-5.08
3270.0,-5.02
3271.0,-5.18
3272.0,-5.04
3273.0,-5.29
3274.0,-5.21
3275.0,-5.07
3276.0,-5.13
3277.0,-5.05
3278.0,-5.67
3279.0,-5.57
3280.0,-5.16
3281.0,-5.28
3282.0,-5.49
3283.0,-5.05
3284.0,-5.13
3285.0,-5.05
3286.0,-5.03
3287.0,-5.04
3288.0,-5.4
3289.0,-5.19
3290.0,-5.09
3291.0,-5.18
3292.0,-5.17
3293.0,-5.08
3294.0,-5.58
3295.0,-5.09
3296.0,-5.07
3297.0,-5.02
3298.0,-5.01
3299.0,-5.13
3300.0,-5.01
3301.0,-5.390000000000001
3302.0,-5.36
3303.0,-5.03
3304.0,-5.550000000000001
3305.0,-5.23
3306.0,-5.02
3307.0,-5.01
3308.0,-5.04
3309.0,-5.22
3310.0,-5.870000000000001
3311.0,-5.01
3312.0,-5.46
3313.0,-5.04
3314.0,-5.16
3315.0,-5.3
3316.0,-1.0000000000000007
3317.0,-5.17
3318.0,-5.01
3319.0,-5.02
3320.0,-5.78
3321.0,-5.06
3322.0,-5.37
3323.0,-5.4
3324.0,-5.840000000000001
3325.0,-5.23
3326.0,-5.03
3327.0,-5.09
3328.0,-5.57
3329.0,-5.12
3330.0,-5.08
3331.0,-5.58
3332.0,-5.04
3333.0,-5.07
3334.0,-5.03
3335.0,-5.03
3336.0,-5.26
3337.0,-5.1
3338.0,-5.04
3339.0,-5.07
3340.0,-5.1
3341.0,-5.42
3342.0,-5.02
3343.0,-5.01
3344.0,-5.06
3345.0,-5.23
3346.0,-5.02
3347.0,-5.01
3348.0,-5.13
3349.0,-5.14
3350.0,-5.24
3351.0,-5.01
3352.0,-1.0000000000000007
3353.0,-5.19
3354.0,-5.03
3355.0,-5.12
3356.0,-5.07
3357.0,-5.3500000000000005
3358.0,-5.08
3359.0,-5.17
3360.0,-5.28
3361.0,-5.14
3362.0,-5.57
3363.0,-5.25
3364.0,-5.17
3365.0,-5.07
3366.0,-5.08
3367.0,-5.02
3368.0,-5.04
3369.0,-5.11
3370.0,-5.38
3371.0,-5.29
3372.0,-5.07
3373.0,-5.03
3374.0,-5.13
3375.0,-5.48
3376.0,-5.06
3377.0,-5.67
3378.0,-5.05
3379.0,-5.1
3380.0,-5.54
3381.0,-5.15
3382.0,-5.03
3383.0,-5.840000000000001
3384.0,-5.03
3385.0,-5.06
3386.0,-5.09
3387.0,-5.37
3388.0,-5.470000000000001
3389.0,-5.11
3390.0,-5.470000000000001
3391.0,-5.17
3392.0,-5.15
3393.0,-5.22
3394.0,-5.67
3395.0,-5.91
3396.0,-5.04
3397.0,-5.48
3398.0,-5.21
3399.0,-5.62
3400.0,-5.09
3401.0,-5.06
3402.0,-5.03
3403.0,-5.05
3404.0,-5.18
3405.0,-5.02
3406.0,-5.54
3407.0,-5.07
3408.0,-5.470000000000001
3409.0,-1.0000000000000007
3410.0,-5.26
3411.0,-5.17
3412.0,-5.02
3413.0,-5.02
3414.0,-5.07
3415.0,-5.03
3416.0,-5.45
3417.0,-5.23
3418.0,-5.02
3419.0,-5.38
3420.0,-5.03
3421.0,-5.06
3422.0,-5.37
3423.0,-5.3100000000000005
3424.0,-5.14
3425.0,-5.05
3426.0,-5.62
3427.0,-5.08
3428.0,-5.13
3429.0,-5.44
3430.0,-5.01
3431.0,-5.04
3432.0,-5.05
3433.0,-5.04
3434.0,-5.46
3435.0,-5.13
3436.0,-5.02
3437.0,-5.65
3438.0,-5.01
3439.0,-5.21
3440.0,-5.930000000000001
3441.0,-5.16
3442.0,-5.46
3443.0,-5.19
3444.0,-5.05
3445.0,-5.09
3446.0,-1.0000000000000007
3447.0,-5.73
3448.0,-5.09
3449.0,-5.49
3450.0,-5.34
3451.0,-5.12
3452.0,-5.01
3453.0,-5.04
3454.0,-5.01
3455.0,-5.32
3456.0,-5.13
3457.0,-5.02
3458.0,-5.57
3459.0,-5.13
3460.0,-5.05
3461.0,-5.03
3462.0,-5.2
3463.0,-5.01
3464.0,-5.41
3465.0,-5.18
3466.0,-5.01
3467.0,-5.04
3468.0,-5.32
3469.0,-5.16
3470.0,-5.02
3471.0,-5.390000000000001
3472.0,-5.09
3473.0,-5.02
3474.0,-5.550000000000001
3475.0,-5.05
3476.0,-5.3
3477.0,-5.06
3478.0,-5.8100000000000005
3479.0,-5.25
3480.0,-5.17
3481.0,-5.04
3482.0,-5.08
3483.0,-5.03
3484.0,-5.1
3485.0,-5.32
3486.0,-5.61
3487.0,-5.25
3488.0,-5.25
3489.0,-5.03
3490.0,-5.8500000000000005
3491.0,-5.3
3492.0,-5.05
3493.0,-5.37
3494.0,-5.03
3495.0,-5.02
3496.0,-5.2700000000000005
3497.0,-5.2
3498.0,-5.22
3499.0,-5.17
3500.0,-5.09
3501.0,-5.02
3502.0,-5.01
3503.0,-5.25
3504.0,-5.38
3505.0,-1.0000000000000007
3506.0,-5.05
3507.0,-5.05
3508.0,-5.8100000000000005
3509.0,-5.9
3510.0,-5.04
3511.0,-5.46
3512.0,-5.5200000000000005
3513.0,-5.16
3514.0,-5.17
3515.0,-5.02
3516.0,-5.18
3517.0,-5.17
3518.0,-5.05
3519.0,-5.17
3520.0,-5.09
3521.0,-5.06
3522.0,-5.03
3523.0,-5.870000000000001
3524.0,-5.59
3525.0,-5.23
3526.0,-5.01
3527.0,-5.640000000000001
3528.0,-5.14
3529.0,-5.15
3530.0,-5.17
3531.0,-5.02
3532.0,-5.04
3533.0,-5.2
3534.0,-5.19
3535.0,-5.15
3536.0,-5.17
3537.0,-5.05
3538.0,-5.57
3539.0,-5.53
3540.0,-5.22
3541.0,-5.05
3542.0,-5.3
3543.0,-5.48
3544.0,-5.12
3545.0,-5.05
3546.0,-5.930000000000001
3547.0,-5.58
3548.0,-5.03
3549.0,-5.14
3550.0,-5.41
3551.0,-5.04
3552.0,-5.41
3553.0,-5.01
3554.0,-5.02
3555.0,-5.04
3556.0,-5.08
3557.0,-5.01
3558.0,-5.24
3559.0,-5.08
3560.0,-5.11
3561.0,-5.42
3562.0,-5.36
3563.0,-5.16
3564.0,-5.74
3565.0,-5.16
3566.0,-5.05
3567.0,-5.44
3568.0,-5.01
3569.0,-5.18
3570.0,-5.26
3571.0,-5.5600000000000005
3572.0,-5.02
3573.0,-5.05
3574.0,-5.02
3575.0,-5.41
3576.0,-5.720000000000001
3577.0,-5.01
3578.0,-5.09
3579.0,-5.06
3580.0,-5.21
3581.0,-5.04
3582.0,-5.75
3583.0,-5.12
3584.0,-5.680000000000001
3585.0,-5.03
3586.0,-5.04
3587.0,-5.05
3588.0,-5.430000000000001
3589.0,-5.23
3590.0,-5.3100000000000005
3591.0,-5.09
3592.0,-5.41
3593.0,-5.01
3594.0,-5.02
3595.0,-5.28
3596.0,-5.05
3597.0,-5.24
3598.0,-5.11
3599.0,-5.02
3600.0,-5.45
3601.0,-5.02
3602.0,-5.1
3603.0,-5.05
3604.0,-5.01
3605.0,-5.3500000000000005
3606.0,-5.03
3607.0,-5.01
3608.0,-5.03
3609.0,-5.01
3610.0,-5.950000000000001
3611.0,-5.06
3612.0,-5.17
3613.0,-5.3500000000000005
3614.0,-5.07
3615.0,-5.08
3616.0,-5.36
3617.0,-5.03
3618.0,-5.2
3619.0,-5.46
3620.0,-5.02
3621.0,-5.01
3622.0,-5.5
3623.0,-5.19
3624.0,-5.09
3625.0,-1.0000000000000007
3626.0,-5.36
3627.0,-5.03
3628.0,-5.04
3629.0,-5.44
3630.0,-5.5600000000000005
3631.0,-5.3
3632.0,-5.2700000000000005
3633.0,-5.34
3634.0,-5.34
3635.0,-5.44
3636.0,-5.33
3637.0,-5.13
3638.0,-5.01
3639.0,-5.930000000000001
3640.0,-5.02
3641.0,-5.06
3642.0,-5.01
3643.0,-5.23
3644.0,-5.07
3645.0,-5.08
3646.0,-5.03
3647.0,-5.11
3648.0,-5.12
3649.0,-5.28
3650.0,-5.19
3651.0,-5.57
3652.0,-5.21
3653.0,-5.1
3654.0,-5.02
3655.0,-5.08
3656.0,-5.22
3657.0,-5.15
3658.0,-5.11
3659.0,-5.02
3660.0,-5.02
3661.0,-5.04
3662.0,-5.03
3663.0,-5.48
3664.0,-5.12
3665.0,-1.0000000000000007
3666.0,-1.0000000000000007
3667.0,-5.02
3668.0,-5.03
3669.0,-5.26
3670.0,-5.08
3671.0,-5.32
3672.0,-5.01
3673.0,-5.840000000000001
3674.0,-5.14
3675.0,-5.14
3676.0,-5.01
3677.0,-5.54
3678.0,-5.05
3679.0,-5.03
3680.0,-5.680000000000001
3681.0,-5.08
3682.0,-5.5600000000000005
3683.0,-5.22
3684.0,-5.07
3685.0,-5.25
3686.0,-5.07
3687.0,-5.17
3688.0,-5.04
3689.0,-5.03
3690.0,-5.14
3691.0,-5.05
3692.0,-5.02
3693.0,-5.01
3694.0,-5.05
3695.0,-5.49
3696.0,-5.3100000000000005
3697.0,-5.22
3698.0,-5.2700000000000005
3699.0,-5.06
3700.0,-5.06
3701.0,-5.02
3702.0,-5.24
3703.0,-5.42
3704.0,-5.04
3705.0,-5.1
3706.0,-5.48
3707.0,-5.03
3708.0,-5.01
3709.0,-5.21
3710.0,-5.03
3711.0,-5.38
3712.0,-5.34
3713.0,-5.11
3714.0,-5.21
3715.0,-5.12
3716.0,-5.24
3717.0,-5.01
3718.0,-5.28
3719.0,-5.22
3720.0,-5.04
3721.0,-5.18
3722.0,-5.01
3723.0,-5.8100000000000005
3724.0,-5.48
3725.0,-5.09
3726.0,-5.14
3727.0,-5.28
3728.0,-5.550000000000001
3729.0,-5.3
3730.0,-5.58
3731.0,-5.03
3732.0,-5.04
3733.0,-5.25
3734.0,-5.02
3735.0,-5.46
3736.0,-5.38
3737.0,-5.9
3738.0,-5.53
3739.0,-5.7700000000000005
3740.0,-5.23
3741.0,-5.01
3742.0,-5.34
3743.0,-5.11
3744.0,-5.06
3745.0,-5.05
3746.0,-5.09
3747.0,-5.05
3748.0,-5.01
3749.0,-5.08
3750.0,-5.13
3751.0,-5.12
3752.0,-5.32
3753.0,-5.28
3754.0,-5.02
3755.0,-5.28
3756.0,-5.790000000000001
3757.0,-5.24
3758.0,-5.08
3759.0,-5.01
3760.0,-5.05
3761.0,-5.11
3762.0,-5.11
3763.0,-5.15
3764.0,-5.04
3765.0,-5.3100000000000005
3766.0,-5.03
3767.0,-5.06
3768.0,-5.45
3769.0,-5.46
3770.0,-5.26
3771.0,-5.36
3772.0,-5.3500000000000005
3773.0,-5.32
3774.0,-5.03
3775.0,-5.11
3776.0,-5.06
3777.0,-5.05
3778.0,-5.07
3779.0,-5.03
3780.0,-5.2700000000000005
3781.0,-5.13
3782.0,-1.0000000000000007
3783.0,-5.06
3784.0,-5.430000000000001
3785.0,-5.14
3786.0,-5.15
3787.0,-5.26
3788.0,-5.04
3789.0,-5.17
3790.0,-5.03
3791.0,-5.5600000000000005
3792.0,-5.7700000000000005
3793.0,-5.04
3794.0,-5.02
3795.0,-5.37
3796.0,-5.11
3797.0,-5.550000000000001
3798.0,-5.05
3799.0,-5.54
3800.0,-5.3500000000000005
3801.0,-5.02
3802.0,-5.02
3803.0,-5.07
3804.0,-5.24
3805.0,-5.12
3806.0,-5.29
3807.0,-5.02
3808.0,-5.12
3809.0,-5.02
3810.0,-5.2700000000000005
3811.0,-5.3
3812.0,-5.470000000000001
3813.0,-5.41
3814.0,-5.8100000000000005
3815.0,-5.04
3816.0,-5.960000000000001
3817.0,-5.36
3818.0,-5.3500000000000005
3819.0,-5.02
3820.0,-5.710000000000001
3821.0,-5.01
3822.0,-5.03
3823.0,-5.720000000000001
3824.0,-5.03
3825.0,-5.3100000000000005
3826.0,-5.550000000000001
3827.0,-5.7700000000000005
3828.0,-5.17
3829.0,-5.05
3830.0,-5.41
3831.0,-5.41
3832.0,-5.04
3833.0,-5.06
3834.0,-5.01
3835.0,-5.11
3836.0,-5.38
3837.0,-5.720000000000001
3838.0,-5.04
3839.0,-5.17
3840.0,-5.05
3841.0,-5.37
3842.0,-5.48
3843.0,-5.02
3844.0,-5.14
3845.0,-5.02
3846.0,-5.36
3847.0,-5.16
3848.0,-5.41
3849.0,-5.09
3850.0,-5.8500000000000005
3851.0,-5.05
3852.0,-5.32
3853.0,-5.02
3854.0,-5.05
3855.0,-5.26
3856.0,-5.06
3857.0,-5.3500000000000005
3858.0,-5.05
3859.0,-5.470000000000001
3860.0,-5.48
3861.0,-5.46
3862.0,-1.0000000000000007
3863.0,-5.17
3864.0,-5.61
3865.0,-5.09
3866.0,-5.06
3867.0,-5.04
3868.0,-5.640000000000001
3869.0,-5.06
3870.0,-5.17
3871.0,-5.05
3872.0,-5.17
3873.0,-5.05
3874.0,-5.17
3875.0,-5.02
3876.0,-5.01
3877.0,-5.05
3878.0,-5.13
3879.0,-1.0000000000000007
3880.0,-5.08
3881.0,-5.03
3882.0,-5.9
3883.0,-5.36
3884.0,-5.3
3885.0,-5.02
3886.0,-5.13
3887.0,-5.16
3888.0,-5.03
3889.0,-5.3100000000000005
3890.0,-5.390000000000001
3891.0,-5.04
3892.0,-5.640000000000001
3893.0,-5.880000000000001
3894.0,-5.640000000000001
3895.0,-5.04
3896.0,-5.02
3897.0,-5.82
3898.0,-5.25
3899.0,-5.14
3900.0,-5.03
3901.0,-5.16
3902.0,-5.07
3903.0,-5.08
3904.0,-5.49
3905.0,-5.930000000000001
3906.0,-5.3500000000000005
3907.0,-5.02
3908.0,-5.720000000000001
3909.0,-5.82
3910.0,-5.73
3911.0,-5.07
3912.0,-5.09
3913.0,-5.15
3914.0,-5.07
3915.0,-5.04
3916.0,-5.06
3917.0,-5.06
3918.0,-5.1
3919.0,-5.03
3920.0,-5.04
3921.0,-5.04
3922.0,-5.59
3923.0,-5.67
3924.0,-5.14
3925.0,-5.32
3926.0,-5.05
3927.0,-5.01
3928.0,-5.02
3929.0,-5.5200000000000005
3930.0,-5.32
3931.0,-5.05
3932.0,-5.02
3933.0,-5.21
3934.0,-5.02
3935.0,-5.23
3936.0,-5.02
3937.0,-5.4
3938.0,-5.02
3939.0,-5.800000000000001
3940.0,-5.03
3941.0,-5.33
3942.0,-5.04
3943.0,-5.15
3944.0,-5.36
3945.0,-5.06
3946.0,-5.04
3947.0,-5.24
3948.0,-5.19
3949.0,-5.01
3950.0,-5.59
3951.0,-5.07
3952.0,-5.25
3953.0,-5.02
3954.0,-5.7
3955.0,-5.09
3956.0,-5.28
3957.0,-5.07
3958.0,-5.02
3959.0,-5.37
3960.0,-5.07
3961.0,-5.26
3962.0,-5.11
3963.0,-5.09
3964.0,-5.53
3965.0,-5.01
3966.0,-5.32
3967.0,-5.7700000000000005
3968.0,-5.24
3969.0,-5.22
3970.0,-5.17
3971.0,-5.04
3972.0,-5.06
3973.0,-5.17
3974.0,-5.02
3975.0,-5.11
3976.0,-5.960000000000001
3977.0,-5.01
3978.0,-5.54
3979.0,-5.02
3980.0,-5.03
3981.0,-5.57
3982.0,-5.4
3983.0,-5.17
3984.0,-5.12
3985.0,-5.01
3986.0,-5.03
3987.0,-5.07
3988.0,-5.13
3989.0,-5.14
3990.0,-5.24
3991.0,-5.1
3992.0,-5.15
3993.0,-5.02
3994.0,-1.0000000000000007
3995.0,-5.11
3996.0,-5.06
3997.0,-5.07
3998.0,-5.02
3999.0,-5.12
4000.0,-5.03
4001.0,-5.02
4002.0,-5.2
4003.0,-5.03
4004.0,-5.01
4005.0,-5.7700000000000005
4006.0,-5.07
4007.0,-5.18
4008.0,-5.08
4009.0,-5.550000000000001
4010.0,-5.04
4011.0,-5.03
4012.0,-5.02
4013.0,-5.01
4014.0,-5.01
4015.0,-5.3
4016.0,-5.09
4017.0,-5.870000000000001
4018.0,-5.02
4019.0,-5.25
4020.0,-5.5200000000000005
4021.0,-5.3100000000000005
4022.0,-5.51
4023.0,-5.02
4024.0,-5.28
4025.0,-5.390000000000001
4026.0,-5.16
4027.0,-5.33
4028.0,-5.11
4029.0,-5.19
4030.0,-5.1
4031.0,-5.54
4032.0,-5.15
4033.0,-5.15
4034.0,-5.23
4035.0,-5.02
4036.0,-5.1
4037.0,-5.2700000000000005
4038.0,-5.870000000000001
4039.0,-5.06
4040.0,-5.36
4041.0,-5.75
4042.0,-5.07
4043.0,-5.06
4044.0,-5.2
4045.0,-5.01
4046.0,-5.01
4047.0,-5.2700000000000005
4048.0,-5.04
4049.0,-5.03
4050.0,-5.13
4051.0,-5.01
4052.0,-5.08
4053.0,-5.32
4054.0,-5.02
4055.0,-5.61
4056.0,-5.470000000000001
4057.0,-5.03
4058.0,-5.05
4059.0,-5.08
4060.0,-5.03
4061.0,-5.01
4062.0,-5.02
4063.0,-5.1
4064.0,-5.5600000000000005
4065.0,-5.01
4066.0,-5.02
4067.0,-5.44
4068.0,-5.01
4069.0,-5.16
4070.0,-5.5
4071.0,-5.11
4072.0,-5.44
4073.0,-5.02
4074.0,-5.03
4075.0,-5.09
4076.0,-5.08
4077.0,-5.430000000000001
4078.0,-5.13
4079.0,-5.08
4080.0,-5.1
4081.0,-5.01
4082.0,-5.08
4083.0,-5.03
4084.0,-5.01
4085.0,-5.02
4086.0,-5.04
4087.0,-5.05
4088.0,-5.5
4089.0,-5.08
4090.0,-1.0000000000000007
4091.0,-5.13
4092.0,-5.21
4093.0,-5.02
4094.0,-5.09
4095.0,-5.99
4096.0,-5.07
4097.0,-5.59
4098.0,-5.3100000000000005
4099.0,-5.710000000000001
4100.0,-5.08
4101.0,-5.07
4102.0,-5.41
4103.0,-5.03
4104.0,-5.15
4105.0,-5.01
4106.0,-5.03
4107.0,-5.08
4108.0,-5.3
4109.0,-5.26
4110.0,-5.08
4111.0,-1.0000000000000007
4112.0,-5.02
4113.0,-5.05
4114.0,-5.01
4115.0,-5.11
4116.0,-5.2700000000000005
4117.0,-5.42
4118.0,-5.04
4119.0,-5.11
4120.0,-5.04
4121.0,-5.13
4122.0,-5.02
4123.0,-5.3
4124.0,-5.06
4125.0,-1.0000000000000007
4126.0,-5.2
4127.0,-5.04
4128.0,-5.02
4129.0,-5.04
4130.0,-5.03
4131.0,-5.02
4132.0,-5.04
4133.0,-5.36
4134.0,-5.67
4135.0,-5.03
4136.0,-5.09
4137.0,-5.1
4138.0,-5.09
4139.0,-5.45
4140.0,-5.14
4141.0,-5.03
4142.0,-5.65
4143.0,-5.05
4144.0,-5.04
4145.0,-5.03
4146.0,-5.02
4147.0,-5.550000000000001
4148.0,-5.1
4149.0,-5.17
4150.0,-5.4
4151.0,-5.06
4152.0,-5.08
4153.0,-5.26
4154.0,-5.5600000000000005
4155.0,-5.78
4156.0,-5.02
4157.0,-5.03
4158.0,-1.0000000000000007
4159.0,-5.04
4160.0,-5.880000000000001
4161.0,-5.03
4162.0,-5.04
4163.0,-5.470000000000001
4164.0,-5.15
4165.0,-1.0000000000000007
4166.0,-5.01
4167.0,-5.36
4168.0,-5.760000000000001
4169.0,-5.13
4170.0,-5.02
4171.0,-5.16
4172.0,-5.02
4173.0,-5.02
4174.0,-5.2
4175.0,-5.26
4176.0,-5.07
4177.0,-5.16
4178.0,-5.02
4179.0,-5.3500000000000005
4180.0,-5.04
4181.0,-5.05
4182.0,-5.4
4183.0,-5.12
4184.0,-5.03
4185.0,-5.02
4186.0,-5.06
4187.0,-5.03
4188.0,-5.1
4189.0,-5.4
4190.0,-5.06
4191.0,-5.11
4192.0,-5.01
4193.0,-5.37
4194.0,-5.1
4195.0,-5.02
4196.0,-5.1
4197.0,-5.09
4198.0,-5.01
4199.0,-5.9
4200.0,-5.05
4201.0,-5.06
4202.0,-5.07
4203.0,-5.45
4204.0,-5.78
4205.0,-5.02
4206.0,-5.04
4207.0,-5.800000000000001
4208.0,-5.1
4209.0,-5.05
4210.0,-5.42
4211.0,-5.01
4212.0,-5.1
4213.0,-5.57
4214.0,-5.01
4215.0,-5.04
4216.0,-5.01
4217.0,-5.01
4218.0,-5.03
4219.0,-5.74
4220.0,-5.05
4221.0,-5.37
4222.0,-5.02
4223.0,-5.06
4224.0,-5.02
4225.0,-5.13
4226.0,-5.01
4227.0,-5.03
4228.0,-5.1
4229.0,-5.06
4230.0,-5.02
4231.0,-5.12
4232.0,-5.07
4233.0,-5.06
4234.0,-5.710000000000001
4235.0,-5.17
4236.0,-5.04
4237.0,-5.06
4238.0,-5.07
4239.0,-5.02
4240.0,-5.01
4241.0,-5.01
4242.0,-5.03
4243.0,-5.14
4244.0,-5.11
4245.0,-5.08
4246.0,-5.07
4247.0,-5.14
4248.0,-5.630000000000001
4249.0,-5.07
4250.0,-5.24
4251.0,-5.470000000000001
4252.0,-5.17
4253.0,-5.13
4254.0,-5.11
4255.0,-5.09
4256.0,-5.13
4257.0,-5.05
4258.0,-5.09
4259.0,-5.06
4260.0,-5.07
4261.0,-5.41
4262.0,-5.02
4263.0,-5.23
4264.0,-5.01
4265.0,-1.0000000000000007
4266.0,-5.01
4267.0,-5.34
4268.0,-5.33
4269.0,-5.18
4270.0,-5.430000000000001
4271.0,-5.38
4272.0,-5.17
4273.0,-5.430000000000001
4274.0,-5.36
4275.0,-5.06
4276.0,-5.12
4277.0,-5.01
4278.0,-5.49
4279.0,-5.54
4280.0,-5.04
4281.0,-5.49
4282.0,-5.18
4283.0,-5.2
4284.0,-5.08
4285.0,-5.09
4286.0,-5.02
4287.0,-5.09
4288.0,-5.61
4289.0,-5.1
4290.0,-5.7700000000000005
4291.0,-5.1
4292.0,-5.03
4293.0,-5.1
4294.0,-5.02
4295.0,-5.01
4296.0,-5.06
4297.0,-5.02
4298.0,-5.07
4299.0,-5.65
4300.0,-5.17
4301.0,-5.05
4302.0,-5.7
4303.0,-1.0000000000000007
4304.0,-5.02
4305.0,-5.01
4306.0,-5.06
4307.0,-5.05
4308.0,-5.28
4309.0,-5.2700000000000005
4310.0,-5.33
4311.0,-5.06
4312.0,-5.22
4313.0,-5.08
4314.0,-5.19
4315.0,-5.1
4316.0,-5.06
4317.0,-5.09
4318.0,-5.32
4319.0,-5.1
4320.0,-5.36
4321.0,-5.08
4322.0,-5.44
4323.0,-5.02
4324.0,-5.02
4325.0,-5.07
4326.0,-5.12
4327.0,-5.03
4328.0,-5.01
4329.0,-5.02
4330.0,-5.06
4331.0,-5.3100000000000005
4332.0,-5.5200000000000005
4333.0,-5.51
4334.0,-5.05
4335.0,-5.16
4336.0,-5.73
4337.0,-5.06
4338.0,-5.65
4339.0,-5.08
4340.0,-5.7
4341.0,-5.41
4342.0,-5.53
4343.0,-5.65
4344.0,-5.32
4345.0,-5.22
4346.0,-5.11
4347.0,-5.02
4348.0,-5.05
4349.0,-5.15
4350.0,-5.680000000000001
4351.0,-5.19
4352.0,-1.0000000000000007
4353.0,-5.06
4354.0,-5.09
4355.0,-5.23
4356.0,-5.790000000000001
4357.0,-5.02
4358.0,-5.03
4359.0,-5.01
4360.0,-5.08
4361.0,-5.02
4362.0,-5.02
4363.0,-5.1
4364.0,-5.05
4365.0,-5.46
4366.0,-5.06
4367.0,-5.05
4368.0,-1.0000000000000007
4369.0,-5.59
4370.0,-5.390000000000001
4371.0,-5.390000000000001
4372.0,-5.65
4373.0,-5.03
4374.0,-5.11
4375.0,-5.42
4376.0,-5.05
4377.0,-5.390000000000001
4378.0,-5.45
4379.0,-5.07
4380.0,-5.5600000000000005
4381.0,-5.12
4382.0,-5.9
4383.0,-5.34
4384.0,-5.11
4385.0,-5.7700000000000005
4386.0,-5.06
4387.0,-5.57
4388.0,-5.02
4389.0,-5.83
4390.0,-5.01
4391.0,-5.09
4392.0,-5.25
4393.0,-5.01
4394.0,-5.38
4395.0,-5.02
4396.0,-5.3500000000000005
4397.0,-5.02
4398.0,-5.02
4399.0,-5.04
4400.0,-5.51
4401.0,-5.2
4402.0,-5.05
4403.0,-5.06
4404.0,-5.07
4405.0,-5.03
4406.0,-5.42
4407.0,-5.02
4408.0,-5.03
4409.0,-5.02
4410.0,-5.07
4411.0,-5.3500000000000005
4412.0,-5.880000000000001
4413.0,-5.15
4414.0,-5.05
4415.0,-5.29
4416.0,-5.66
4417.0,-5.01
4418.0,-5.02
4419.0,-5.3
4420.0,-5.06
4421.0,-5.51
4422.0,-5.02
4423.0,-5.03
4424.0,-5.57
4425.0,-5.15
4426.0,-5.23
4427.0,-5.36
4428.0,-5.07
4429.0,-5.28
4430.0,-5.05
4431.0,-1.0000000000000007
4432.0,-5.02
4433.0,-5.09
4434.0,-5.45
4435.0,-5.01
4436.0,-5.05
4437.0,-5.09
4438.0,-5.3
4439.0,-5.390000000000001
4440.0,-5.05
4441.0,-5.13
4442.0,-5.06
4443.0,-5.33
4444.0,-5.06
4445.0,-5.09
4446.0,-5.83
4447.0,-5.08
4448.0,-5.14
4449.0,-5.44
4450.0,-5.11
4451.0,-5.1
4452.0,-5.09
4453.0,-5.32
4454.0,-5.09
4455.0,-5.03
4456.0,-5.01
4457.0,-5.04
4458.0,-5.11
4459.0,-5.3100000000000005
4460.0,-5.13
4461.0,-5.06
4462.0,-5.03
4463.0,-5.06
4464.0,-5.25
4465.0,-5.09
4466.0,-5.03
4467.0,-5.04
4468.0,-5.05
4469.0,-5.14
4470.0,-5.01
4471.0,-5.21
4472.0,-5.34
4473.0,-5.21
4474.0,-5.66
4475.0,-5.02
4476.0,-5.02
4477.0,-5.12
4478.0,-5.34
4479.0,-5.08
4480.0,-5.28
4481.0,-5.06
4482.0,-5.04
4483.0,-5.53
4484.0,-5.01
4485.0,-5.02
4486.0,-5.33
4487.0,-5.01
4488.0,-5.04
4489.0,-5.06
4490.0,-5.03
4491.0,-5.13
4492.0,-5.02
4493.0,-5.06
4494.0,-5.1
4495.0,-5.630000000000001
4496.0,-5.32
4497.0,-5.430000000000001
4498.0,-5.4
4499.0,-5.09
4500.0,-5.7
4501.0,-5.57
4502.0,-5.46
4503.0,-5.16
4504.0,-5.01
4505.0,-5.14
4506.0,-5.470000000000001
4507.0,-5.16
4508.0,-5.07
4509.0,-5.02
4510.0,-5.01
4511.0,-5.23
4512.0,-5.03
4513.0,-5.04
4514.0,-5.04
4515.0,-5.54
4516.0,-5.54
4517.0,-5.09
4518.0,-5.4
4519.0,-5.12
4520.0,-5.06
4521.0,-5.03
4522.0,-5.03
4523.0,-5.49
4524.0,-5.23
4525.0,-5.41
4526.0,-5.9
4527.0,-5.24
4528.0,-5.390000000000001
4529.0,-5.1
4530.0,-5.03
4531.0,-5.28
4532.0,-5.3100000000000005
4533.0,-5.38
4534.0,-5.38
4535.0,-5.45
4536.0,-5.08
4537.0,-5.3
4538.0,-5.4
4539.0,-5.760000000000001
4540.0,-5.54
4541.0,-5.05
4542.0,-5.4
4543.0,-5.2
4544.0,-5.03
4545.0,-5.04
4546.0,-5.07
4547.0,-5.62
4548.0,-5.05
4549.0,-5.3500000000000005
4550.0,-5.08
4551.0,-5.800000000000001
4552.0,-5.03
4553.0,-5.12
4554.0,-5.19
4555.0,-5.1
4556.0,-5.38
4557.0,-5.75
4558.0,-5.51
4559.0,-5.02
4560.0,-5.04
4561.0,-5.07
4562.0,-5.29
4563.0,-5.05
4564.0,-5.13
4565.0,-5.08
4566.0,-5.2700000000000005
4567.0,-5.06
4568.0,-5.03
4569.0,-5.09
4570.0,-5.2
4571.0,-5.390000000000001
4572.0,-5.14
4573.0,-5.16
4574.0,-1.0000000000000007
4575.0,-5.07
4576.0,-5.02
4577.0,-5.02
4578.0,-5.01
4579.0,-5.25
4580.0,-5.61
4581.0,-5.06
4582.0,-5.14
4583.0,-5.02
4584.0,-5.05
4585.0,-5.3500000000000005
4586.0,-5.640000000000001
4587.0,-5.73
4588.0,-5.59
4589.0,-5.03
4590.0,-5.08
4591.0,-5.870000000000001
4592.0,-5.1
4593.0,-5.18
4594.0,-5.3100000000000005
4595.0,-5.05
4596.0,-5.23
4597.0,-5.45
4598.0,-5.14
4599.0,-5.08
4600.0,-5.05
4601.0,-5.01
4602.0,-5.04
4603.0,-5.01
4604.0,-5.01
4605.0,-5.13
4606.0,-5.09
4607.0,-5.3100000000000005
4608.0,-5.02
4609.0,-5.02
4610.0,-5.09
4611.0,-5.430000000000001
4612.0,-5.82
4613.0,-5.11
4614.0,-5.02
4615.0,-5.05
4616.0,-5.01
4617.0,-5.04
4618.0,-5.17
4619.0,-5.37
4620.0,-5.01
4621.0,-5.07
4622.0,-5.12
4623.0,-5.46
4624.0,-5.48
4625.0,-5.3
4626.0,-5.05
4627.0,-5.11
4628.0,-5.05
4629.0,-5.11
4630.0,-5.07
4631.0,-5.03
4632.0,-5.51
4633.0,-5.07
4634.0,-5.2
4635.0,-5.14
4636.0,-5.16
4637.0,-5.21
4638.0,-5.01
4639.0,-5.32
4640.0,-5.12
4641.0,-5.25
4642.0,-5.37
4643.0,-5.05
4644.0,-5.37
4645.0,-5.03
4646.0,-5.710000000000001
4647.0,-5.04
4648.0,-5.53
4649.0,-5.01
4650.0,-5.07
4651.0,-5.1
4652.0,-5.03
4653.0,-5.03
4654.0,-5.12
4655.0,-5.02
4656.0,-5.29
4657.0,-5.13
4658.0,-5.08
4659.0,-5.08
4660.0,-5.03
4661.0,-5.34
4662.0,-5.14
4663.0,-5.13
4664.0,-5.44
4665.0,-5.33
4666.0,-5.21
4667.0,-5.32
4668.0,-5.05
4669.0,-5.02
4670.0,-5.14
4671.0,-5.03
4672.0,-5.01
4673.0,-5.02
4674.0,-5.04
4675.0,-5.25
4676.0,-5.17
4677.0,-5.4
4678.0,-5.08
4679.0,-5.08
4680.0,-5.06
4681.0,-5.38
4682.0,-5.03
4683.0,-5.14
4684.0,-5.07
4685.0,-5.04
4686.0,-5.5
4687.0,-5.08
4688.0,-5.17
4689.0,-5.62
4690.0,-5.890000000000001
4691.0,-5.1
4692.0,-5.53
4693.0,-5.07
4694.0,-5.1
4695.0,-5.15
4696.0,-5.01
4697.0,-5.08
4698.0,-5.06
4699.0,-5.04
4700.0,-5.21
4701.0,-5.02
4702.0,-5.2
4703.0,-5.5600000000000005
4704.0,-5.2700000000000005
4705.0,-5.12
4706.0,-5.04
4707.0,-5.67
4708.0,-5.01
4709.0,-5.5600000000000005
4710.0,-5.710000000000001
4711.0,-5.17
4712.0,-5.07
4713.0,-5.24
4714.0,-5.07
4715.0,-5.36
4716.0,-5.5
4717.0,-5.54
4718.0,-5.21
4719.0,-5.15
4720.0,-5.02
4721.0,-5.3100000000000005
4722.0,-5.21
4723.0,-5.01
4724.0,-5.07
4725.0,-5.44
4726.0,-5.550000000000001
4727.0,-5.03
4728.0,-5.1
4729.0,-5.09
4730.0,-5.49
4731.0,-5.06
4732.0,-5.12
4733.0,-5.4
4734.0,-5.04
4735.0,-5.7700000000000005
4736.0,-5.48
4737.0,-5.04
4738.0,-5.14
4739.0,-5.01
4740.0,-5.04
4741.0,-5.41
4742.0,-5.2
4743.0,-5.11
4744.0,-5.05
4745.0,-5.05
4746.0,-5.16
4747.0,-5.06
4748.0,-5.17
4749.0,-5.08
4750.0,-5.21
4751.0,-5.12
4752.0,-5.16
4753.0,-5.26
4754.0,-5.07
4755.0,-5.01
4756.0,-5.18
4757.0,-5.01
4758.0,-5.22
4759.0,-5.07
4760.0,-5.12
4761.0,-5.51
4762.0,-5.01
4763.0,-5.38
4764.0,-5.41
4765.0,-5.37
4766.0,-5.16
4767.0,-5.18
4768.0,-5.01
4769.0,-5.890000000000001
4770.0,-5.04
4771.0,-5.08
4772.0,-5.01
4773.0,-5.48
4774.0,-5.02
4775.0,-5.08
4776.0,-5.09
4777.0,-5.04
4778.0,-5.51
4779.0,-5.02
4780.0,-5.04
4781.0,-5.07
4782.0,-5.06
4783.0,-5.15
4784.0,-5.03
4785.0,-5.680000000000001
4786.0,-5.18
4787.0,-5.15
4788.0,-5.03
4789.0,-5.6000000000000005
4790.0,-5.3
4791.0,-5.61
4792.0,-5.59
4793.0,-5.11
4794.0,-5.430000000000001
4795.0,-5.06
4796.0,-5.05
4797.0,-1.0000000000000007
4798.0,-5.54
4799.0,-5.05
4800.0,-5.06
4801.0,-5.7
4802.0,-5.38
4803.0,-5.11
4804.0,-5.05
4805.0,-5.61
4806.0,-5.5200000000000005
4807.0,-5.42
4808.0,-5.07
4809.0,-5.18
4810.0,-5.01
4811.0,-5.19
4812.0,-5.1
4813.0,-5.07
4814.0,-5.02
4815.0,-5.03
4816.0,-5.41
4817.0,-5.13
4818.0,-5.12
4819.0,-5.03
4820.0,-5.01
4821.0,-5.65
4822.0,-5.08
4823.0,-5.02
4824.0,-5.14
4825.0,-5.4
4826.0,-5.04
4827.0,-5.01
4828.0,-5.05
4829.0,-5.05
4830.0,-5.29
4831.0,-5.02
4832.0,-5.15
4833.0,-5.19
4834.0,-5.42
4835.0,-5.08
4836.0,-5.32
4837.0,-5.3500000000000005
4838.0,-5.29
4839.0,-5.920000000000001
4840.0,-5.42
4841.0,-5.01
4842.0,-5.03
4843.0,-5.920000000000001
4844.0,-5.03
4845.0,-5.04
4846.0,-5.46
4847.0,-5.06
4848.0,-5.12
4849.0,-5.01
4850.0,-5.05
4851.0,-5.36
4852.0,-5.09
4853.0,-5.22
4854.0,-5.32
4855.0,-5.05
4856.0,-5.3100000000000005
4857.0,-5.1
4858.0,-5.790000000000001
4859.0,-5.09
4860.0,-5.07
4861.0,-5.760000000000001
4862.0,-5.02
4863.0,-5.2
4864.0,-5.03
4865.0,-5.18
4866.0,-5.11
4867.0,-5.25
4868.0,-5.04
4869.0,-5.57
4870.0,-5.04
4871.0,-5.11
4872.0,-5.24
4873.0,-5.02
4874.0,-5.44
4875.0,-5.75
4876.0,-5.04
4877.0,-5.710000000000001
4878.0,-5.2700000000000005
4879.0,-5.3
4880.0,-5.640000000000001
4881.0,-5.32
4882.0,-5.790000000000001
4883.0,-5.08
4884.0,-5.2
4885.0,-5.11
4886.0,-5.13
4887.0,-5.48
4888.0,-5.07
4889.0,-5.01
4890.0,-5.17
4891.0,-5.5600000000000005
4892.0,-5.38
4893.0,-5.13
4894.0,-5.03
4895.0,-5.32
4896.0,-5.42
4897.0,-5.08
4898.0,-5.36
4899.0,-5.26
4900.0,-5.69
4901.0,-5.16
4902.0,-5.36
4903.0,-5.04
4904.0,-5.640000000000001
4905.0,-5.8100000000000005
4906.0,-5.08
4907.0,-5.15
4908.0,-5.05
4909.0,-5.54
4910.0,-5.08
4911.0,-5.5600000000000005
4912.0,-5.4
4913.0,-5.13
4914.0,-5.38
4915.0,-5.04
4916.0,-5.870000000000001
4917.0,-5.08
4918.0,-5.04
4919.0,-5.07
4920.0,-5.02
4921.0,-5.2
4922.0,-5.22
4923.0,-5.06
4924.0,-5.01
4925.0,-5.65
4926.0,-5.03
4927.0,-5.16
4928.0,-5.720000000000001
4929.0,-5.02
4930.0,-5.3
4931.0,-5.01
4932.0,-5.08
4933.0,-5.1
4934.0,-5.01
4935.0,-5.01
4936.0,-5.03
4937.0,-5.01
4938.0,-5.86
4939.0,-5.390000000000001
4940.0,-5.45
4941.0,-5.01
4942.0,-5.15
4943.0,-5.62
4944.0,-1.0000000000000007
4945.0,-5.26
4946.0,-5.01
4947.0,-5.3
4948.0,-5.25
4949.0,-5.11
4950.0,-5.5
4951.0,-5.91
4952.0,-5.16
4953.0,-5.02
4954.0,-5.23
4955.0,-5.01
4956.0,-5.01
4957.0,-5.01
4958.0,-5.03
4959.0,-5.04
4960.0,-5.12
4961.0,-5.17
4962.0,-5.48
4963.0,-5.4
4964.0,-5.03
4965.0,-5.09
4966.0,-5.21
4967.0,-5.390000000000001
4968.0,-5.3100000000000005
4969.0,-5.03
4970.0,-5.03
4971.0,-5.38
4972.0,-5.3100000000000005
4973.0,-5.18
4974.0,-5.930000000000001
4975.0,-5.69
4976.0,-5.11
4977.0,-5.62
4978.0,-5.04
4979.0,-5.04
4980.0,-5.21
4981.0,-5.11
4982.0,-5.6000000000000005
4983.0,-5.4
4984.0,-5.03
4985.0,-5.11
4986.0,-5.04
4987.0,-5.29
4988.0,-5.59
4989.0,-5.08
4990.0,-5.01
4991.0,-5.14
4992.0,-5.41
4993.0,-5.22
4994.0,-5.1
4995.0,-5.19
4996.0,-5.3
4997.0,-5.07
4998.0,-1.0000000000000007
4999.0,-5.32
5000.0,-5.49
5001.0,-5.06
5002.0,-5.01
5003.0,-5.4
5004.0,-5.32
5005.0,-5.5600000000000005
5006.0,-5.2700000000000005
5007.0,-5.06
5008.0,-5.57
5009.0,-5.02
5010.0,-5.01
5011.0,-5.1
5012.0,-5.26
5013.0,-5.48
5014.0,-5.65
5015.0,-5.25
5016.0,-5.34
5017.0,-5.04
5018.0,-5.800000000000001
5019.0,-5.01
5020.0,-5.19
5021.0,-5.06
5022.0,-5.01
5023.0,-5.04
5024.0,-5.8500000000000005
5025.0,-5.01
5026.0,-5.04
5027.0,-5.14
5028.0,-5.01
5029.0,-5.49
5030.0,-1.0000000000000007
5031.0,-5.05
5032.0,-5.01
5033.0,-5.32
5034.0,-5.01
5035.0,-5.59
5036.0,-5.16
5037.0,-5.08
5038.0,-5.45
5039.0,-5.710000000000001
5040.0,-5.01
5041.0,-5.24
5042.0,-5.01
5043.0,-5.34
5044.0,-5.550000000000001
5045.0,-5.05
5046.0,-5.03
5047.0,-5.04
5048.0,-5.42
5049.0,-5.07
5050.0,-5.24
5051.0,-5.21
5052.0,-5.07
5053.0,-5.02
5054.0,-5.69
5055.0,-5.8100000000000005
5056.0,-5.930000000000001
5057.0,-5.26
5058.0,-5.04
5059.0,-5.69
5060.0,-5.69
5061.0,-5.5600000000000005
5062.0,-5.04
5063.0,-5.41
5064.0,-5.23
5065.0,-5.09
5066.0,-5.17
5067.0,-5.65
5068.0,-5.42
5069.0,-5.86
5070.0,-5.710000000000001
5071.0,-5.14
5072.0,-5.03
5073.0,-5.05
5074.0,-5.06
5075.0,-5.3
5076.0,-5.05
5077.0,-5.19
5078.0,-5.1
5079.0,-5.1
5080.0,-5.75
5081.0,-5.08
5082.0,-5.17
5083.0,-5.48
5084.0,-5.32
5085.0,-5.710000000000001
5086.0,-5.03
5087.0,-5.13
5088.0,-5.34
5089.0,-5.37
5090.0,-5.03
5091.0,-5.07
5092.0,-5.08
5093.0,-5.640000000000001
5094.0,-5.46
5095.0,-5.16
5096.0,-5.29
5097.0,-5.18
5098.0,-5.45
5099.0,-5.05
5100.0,-5.04
5101.0,-5.82
5102.0,-5.06
5103.0,-5.470000000000001
5104.0,-5.05
5105.0,-5.3
5106.0,-5.86
5107.0,-5.34
5108.0,-5.08
5109.0,-5.03
5110.0,-5.14
5111.0,-5.07
5112.0,-5.34
5113.0,-5.930000000000001
5114.0,-5.3
5115.0,-5.720000000000001
5116.0,-5.01
5117.0,-5.04
5118.0,-5.1
5119.0,-5.34
5120.0,-5.02
5121.0,-5.3500000000000005
5122.0,-5.12
5123.0,-5.41
5124.0,-5.07
5125.0,-5.44
5126.0,-5.15
5127.0,-5.06
5128.0,-5.44
5129.0,-5.59
5130.0,-5.13
5131.0,-5.550000000000001
5132.0,-5.05
5133.0,-5.06
5134.0,-5.29
5135.0,-5.08
5136.0,-5.07
5137.0,-5.08
5138.0,-5.04
5139.0,-5.08
5140.0,-5.08
5141.0,-5.16
5142.0,-5.65
5143.0,-5.09
5144.0,-5.03
5145.0,-5.04
5146.0,-5.03
5147.0,-5.34
5148.0,-5.19
5149.0,-5.680000000000001
5150.0,-5.1
5151.0,-5.41
5152.0,-5.49
5153.0,-5.24
5154.0,-5.3
5155.0,-1.0000000000000007
5156.0,-5.02
5157.0,-5.36
5158.0,-5.51
5159.0,-5.11
5160.0,-5.15
5161.0,-5.03
5162.0,-5.29
5163.0,-5.02
5164.0,-5.01
5165.0,-5.02
5166.0,-5.550000000000001
5167.0,-5.8100000000000005
5168.0,-5.57
5169.0,-5.18
5170.0,-5.390000000000001
5171.0,-5.26
5172.0,-5.91
5173.0,-1.0000000000000007
5174.0,-5.51
5175.0,-5.640000000000001
5176.0,-5.06
5177.0,-5.03
5178.0,-5.3
5179.0,-5.05
5180.0,-5.01
5181.0,-5.03
5182.0,-5.04
5183.0,-5.26
5184.0,-5.45
5185.0,-5.09
5186.0,-5.02
5187.0,-5.44
5188.0,-5.11
5189.0,-5.07
5190.0,-5.01
5191.0,-5.02
5192.0,-5.3500000000000005
5193.0,-5.11
5194.0,-5.13
5195.0,-5.15
5196.0,-5.03
5197.0,-5.02
5198.0,-5.430000000000001
5199.0,-5.44
5200.0,-5.02
5201.0,-5.02
5202.0,-5.15
5203.0,-5.34
5204.0,-5.25
5205.0,-5.34
5206.0,-5.550000000000001
5207.0,-5.37
5208.0,-5.25
5209.0,-5.06
5210.0,-5.01
5211.0,-5.03
5212.0,-5.11
5213.0,-5.13
5214.0,-5.42
5215.0,-5.1
5216.0,-5.11
5217.0,-5.870000000000001
5218.0,-5.3100000000000005
5219.0,-5.17
5220.0,-5.01
5221.0,-5.01
5222.0,-5.02
5223.0,-5.54
5224.0,-5.02
5225.0,-5.03
5226.0,-5.5600000000000005
5227.0,-5.08
5228.0,-5.3500000000000005
5229.0,-5.04
5230.0,-5.09
5231.0,-5.02
5232.0,-5.3500000000000005
5233.0,-5.37
5234.0,-5.54
5235.0,-5.02
5236.0,-5.06
5237.0,-5.720000000000001
5238.0,-5.14
5239.0,-5.11
5240.0,-5.04
5241.0,-5.07
5242.0,-5.69
5243.0,-5.13
5244.0,-5.03
5245.0,-5.53
5246.0,-5.29
5247.0,-5.1
5248.0,-5.430000000000001
5249.0,-5.12
5250.0,-5.11
5251.0,-5.02
5252.0,-5.790000000000001
5253.0,-5.09
5254.0,-5.02
5255.0,-5.41
5256.0,-5.36
5257.0,-5.03
5258.0,-5.33
5259.0,-5.44
5260.0,-5.83
5261.0,-5.59
5262.0,-5.28
5263.0,-5.09
5264.0,-5.17
5265.0,-5.14
5266.0,-5.3500000000000005
5267.0,-5.04
5268.0,-5.02
5269.0,-5.760000000000001
5270.0,-5.18
5271.0,-5.04
5272.0,-5.01
5273.0,-5.05
5274.0,-5.32
5275.0,-5.33
5276.0,-5.14
5277.0,-5.01
5278.0,-5.08
5279.0,-5.36
5280.0,-5.05
5281.0,-5.11
5282.0,-5.01
5283.0,-5.48
5284.0,-5.04
5285.0,-5.21
5286.0,-5.04
5287.0,-5.04
5288.0,-5.33
5289.0,-5.08
5290.0,-5.17
5291.0,-5.07
5292.0,-5.3100000000000005
5293.0,-5.33
5294.0,-5.46
5295.0,-5.08
5296.0,-5.3
5297.0,-5.38
5298.0,-5.15
5299.0,-5.02
5300.0,-5.36
5301.0,-5.03
5302.0,-5.32
5303.0,-5.18
5304.0,-5.05
5305.0,-5.16
5306.0,-5.09
5307.0,-5.08
5308.0,-5.02
5309.0,-5.38
5310.0,-5.11
5311.0,-5.22
5312.0,-5.2
5313.0,-5.44
5314.0,-5.16
5315.0,-5.01
5316.0,-5.550000000000001
5317.0,-5.2
5318.0,-5.01
5319.0,-5.12
5320.0,-5.01
5321.0,-5.15
5322.0,-5.07
5323.0,-5.03
5324.0,-5.42
5325.0,-5.49
5326.0,-5.11
5327.0,-5.720000000000001
5328.0,-5.2700000000000005
5329.0,-5.25
5330.0,-5.16
5331.0,-5.19
5332.0,-5.03
5333.0,-5.38
5334.0,-5.08
5335.0,-5.19
5336.0,-5.23
5337.0,-5.06
5338.0,-5.67
5339.0,-5.46
5340.0,-5.09
5341.0,-5.09
5342.0,-1.0000000000000007
5343.0,-5.54
5344.0,-5.01
5345.0,-1.0000000000000007
5346.0,-5.14
5347.0,-5.17
5348.0,-5.13
5349.0,-5.23
5350.0,-5.07
5351.0,-5.33
5352.0,-5.02
5353.0,-5.04
5354.0,-5.04
5355.0,-5.01
5356.0,-5.45
5357.0,-5.46
5358.0,-5.66
5359.0,-5.28
5360.0,-5.640000000000001
5361.0,-5.03
5362.0,-5.1
5363.0,-5.02
5364.0,-5.02
5365.0,-5.26
5366.0,-5.3
5367.0,-5.36
5368.0,-5.22
5369.0,-5.4
5370.0,-5.01
5371.0,-5.04
5372.0,-5.06
5373.0,-5.03
5374.0,-5.34
5375.0,-5.29
5376.0,-5.06
5377.0,-5.16
5378.0,-5.19
5379.0,-5.41
5380.0,-5.53
5381.0,-5.02
5382.0,-5.04
5383.0,-5.630000000000001
5384.0,-5.04
5385.0,-5.65
5386.0,-5.41
5387.0,-5.03
5388.0,-5.07
5389.0,-5.02
5390.0,-5.08
5391.0,-5.58
5392.0,-5.01
5393.0,-5.11
5394.0,-1.0000000000000007
5395.0,-5.44
5396.0,-5.02
5397.0,-5.08
5398.0,-5.04
5399.0,-5.03
5400.0,-5.1
5401.0,-5.36
5402.0,-5.28
5403.0,-5.2700000000000005
5404.0,-5.19
5405.0,-5.23
5406.0,-5.09
5407.0,-5.01
5408.0,-5.23
5409.0,-5.5600000000000005
5410.0,-5.11
5411.0,-5.23
5412.0,-5.67
5413.0,-5.430000000000001
5414.0,-5.22
5415.0,-5.18
5416.0,-5.13
5417.0,-5.07
5418.0,-5.06
5419.0,-5.640000000000001
5420.0,-5.65
5421.0,-5.2700000000000005
5422.0,-5.05
5423.0,-5.01
5424.0,-5.09
5425.0,-5.22
5426.0,-5.48
5427.0,-5.28
5428.0,-5.13
5429.0,-5.01
5430.0,-5.17
5431.0,-5.09
5432.0,-5.32
5433.0,-5.06
5434.0,-5.04
5435.0,-5.02
5436.0,-5.59
5437.0,-5.19
5438.0,-5.21
5439.0,-5.38
5440.0,-5.11
5441.0,-5.790000000000001
5442.0,-5.18
5443.0,-5.19
5444.0,-5.08
5445.0,-5.18
5446.0,-5.790000000000001
5447.0,-5.3
5448.0,-5.03
5449.0,-5.12
5450.0,-5.05
5451.0,-5.07
5452.0,-1.0000000000000007
5453.0,-5.14
5454.0,-5.05
5455.0,-5.02
5456.0,-5.5200000000000005
5457.0,-5.14
5458.0,-5.06
5459.0,-5.25
5460.0,-5.12
5461.0,-5.5200000000000005
5462.0,-5.42
5463.0,-5.18
5464.0,-5.1
5465.0,-5.04
5466.0,-5.03
5467.0,-5.2
5468.0,-5.18
5469.0,-5.1
5470.0,-5.03
5471.0,-1.0000000000000007
5472.0,-5.17
5473.0,-5.29
5474.0,-5.02
5475.0,-5.94
5476.0,-5.390000000000001
5477.0,-5.03
5478.0,-5.01
5479.0,-5.02
5480.0,-5.04
5481.0,-5.29
5482.0,-5.04
5483.0,-5.7700000000000005
5484.0,-5.22
5485.0,-5.09
5486.0,-5.29
5487.0,-5.22
5488.0,-5.02
5489.0,-5.1
5490.0,-5.08
5491.0,-5.06
5492.0,-5.11
5493.0,-5.01
5494.0,-5.24
5495.0,-5.07
5496.0,-5.18
5497.0,-5.19
5498.0,-5.08
5499.0,-5.03
5500.0,-5.04
5501.0,-5.06
5502.0,-5.44
5503.0,-5.04
5504.0,-5.82
5505.0,-5.11
5506.0,-5.1
5507.0,-5.32
5508.0,-5.21
5509.0,-5.36
5510.0,-5.33
5511.0,-5.05
5512.0,-5.03
5513.0,-5.24
5514.0,-5.05
5515.0,-5.07
5516.0,-5.03
5517.0,-5.08
5518.0,-5.25
5519.0,-5.800000000000001
5520.0,-5.2
5521.0,-5.48
5522.0,-5.5200000000000005
5523.0,-5.06
5524.0,-5.58
5525.0,-5.29
5526.0,-5.2700000000000005
5527.0,-5.09
5528.0,-5.21
5529.0,-5.02
5530.0,-5.41
5531.0,-5.7700000000000005
5532.0,-5.37
5533.0,-5.12
5534.0,-5.02
5535.0,-5.470000000000001
5536.0,-5.15
5537.0,-5.05
5538.0,-5.19
5539.0,-5.12
5540.0,-1.0000000000000007
5541.0,-5.5200000000000005
5542.0,-5.390000000000001
5543.0,-5.05
5544.0,-5.02
5545.0,-5.18
5546.0,-5.01
5547.0,-5.12
5548.0,-5.16
5549.0,-5.5
5550.0,-5.12
5551.0,-5.03
5552.0,-5.12
5553.0,-5.02
5554.0,-5.04
5555.0,-5.550000000000001
5556.0,-5.26
5557.0,-5.11
5558.0,-5.08
5559.0,-5.4
5560.0,-5.15
5561.0,-5.29
5562.0,-5.04
5563.0,-5.14
5564.0,-5.880000000000001
5565.0,-5.15
5566.0,-5.06
5567.0,-5.04
5568.0,-5.3500000000000005
5569.0,-5.32
5570.0,-5.840000000000001
5571.0,-5.16
5572.0,-5.15
5573.0,-5.03
5574.0,-5.28
5575.0,-5.2700000000000005
5576.0,-5.06
5577.0,-5.13
5578.0,-5.33
5579.0,-5.08
5580.0,-5.02
5581.0,-5.29
5582.0,-5.53
5583.0,-5.08
5584.0,-5.3500000000000005
5585.0,-5.05
5586.0,-5.38
5587.0,-5.1
5588.0,-5.41
5589.0,-5.07
5590.0,-5.12
5591.0,-5.24
5592.0,-5.33
5593.0,-5.05
5594.0,-5.02
5595.0,-5.11
5596.0,-5.11
5597.0,-5.1
5598.0,-5.09
5599.0,-5.01
5600.0,-5.760000000000001
5601.0,-5.22
5602.0,-5.07
5603.0,-5.03
5604.0,-5.03
5605.0,-5.09
5606.0,-5.09
5607.0,-5.18
5608.0,-5.3
5609.0,-5.07
5610.0,-5.03
5611.0,-5.04
5612.0,-5.01
5613.0,-5.01
5614.0,-5.04
5615.0,-5.03
5616.0,-5.04
5617.0,-5.05
5618.0,-5.11
5619.0,-5.09
5620.0,-5.01
5621.0,-5.01
5622.0,-5.05
5623.0,-5.17
5624.0,-5.09
5625.0,-5.390000000000001
5626.0,-5.01
5627.0,-5.01
5628.0,-5.4
5629.0,-5.470000000000001
5630.0,-5.05
5631.0,-5.08
5632.0,-5.13
5633.0,-5.08
5634.0,-5.01
5635.0,-5.2700000000000005
5636.0,-5.58
5637.0,-5.05
5638.0,-5.17
5639.0,-5.69
5640.0,-5.01
5641.0,-5.1
5642.0,-5.33
5643.0,-5.470000000000001
5644.0,-5.2700000000000005
5645.0,-5.22
5646.0,-5.75
5647.0,-5.37
5648.0,-5.02
5649.0,-5.02
5650.0,-5.5600000000000005
5651.0,-5.12
5652.0,-5.08
5653.0,-5.02
5654.0,-5.37
5655.0,-5.03
5656.0,-5.02
5657.0,-5.05
5658.0,-5.2700000000000005
5659.0,-5.08
5660.0,-5.01
5661.0,-5.28
5662.0,-5.57
5663.0,-5.03
5664.0,-5.04
5665.0,-5.07
5666.0,-5.14
5667.0,-1.0000000000000007
5668.0,-5.28
5669.0,-5.08
5670.0,-5.58
5671.0,-5.16
5672.0,-5.2
5673.0,-5.02
5674.0,-5.03
5675.0,-5.3
5676.0,-5.03
5677.0,-1.0000000000000007
5678.0,-5.14
5679.0,-5.15
5680.0,-5.04
5681.0,-5.02
5682.0,-5.01
5683.0,-5.08
5684.0,-5.34
5685.0,-5.42
5686.0,-5.04
5687.0,-5.3
5688.0,-5.05
5689.0,-5.54
5690.0,-5.04
5691.0,-5.01
5692.0,-5.05
5693.0,-5.41
5694.0,-5.24
5695.0,-1.0000000000000007
5696.0,-5.38
5697.0,-5.550000000000001
5698.0,-5.07
5699.0,-5.06
5700.0,-5.34
5701.0,-5.02
5702.0,-5.23
5703.0,-5.5
5704.0,-5.09
5705.0,-5.51
5706.0,-5.29
5707.0,-5.3100000000000005
5708.0,-5.04
5709.0,-5.01
5710.0,-5.01
5711.0,-5.34
5712.0,-5.04
5713.0,-5.3
5714.0,-5.16
5715.0,-5.07
5716.0,-5.03
5717.0,-5.2
5718.0,-5.2
5719.0,-5.1
5720.0,-5.38
5721.0,-5.06
5722.0,-5.03
5723.0,-5.04
5724.0,-5.57
5725.0,-5.5
5726.0,-5.01
5727.0,-5.05
5728.0,-5.03
5729.0,-5.37
5730.0,-5.01
5731.0,-5.01
5732.0,-5.32
5733.0,-5.02
5734.0,-5.57
5735.0,-5.38
5736.0,-5.25
5737.0,-5.53
5738.0,-5.5200000000000005
5739.0,-5.08
5740.0,-5.36
5741.0,-5.06
5742.0,-5.06
5743.0,-5.06
5744.0,-5.16
5745.0,-5.05
5746.0,-5.03
5747.0,-5.04
5748.0,-5.01
5749.0,-5.04
5750.0,-5.21
5751.0,-5.69
5752.0,-1.0000000000000007
5753.0,-5.630000000000001
5754.0,-5.03
5755.0,-5.14
5756.0,-5.09
5757.0,-5.45
5758.0,-5.04
5759.0,-5.19
5760.0,-5.33
5761.0,-5.06
5762.0,-5.11
5763.0,-5.37
5764.0,-5.62
5765.0,-5.08
5766.0,-5.09
5767.0,-5.11
5768.0,-5.1
5769.0,-5.05
5770.0,-5.05
5771.0,-5.02
5772.0,-5.28
5773.0,-5.13
5774.0,-5.06
5775.0,-5.38
5776.0,-5.03
5777.0,-5.08
5778.0,-5.2
5779.0,-5.22
5780.0,-5.3500000000000005
5781.0,-5.33
5782.0,-5.02
5783.0,-5.21
5784.0,-5.15
5785.0,-5.14
5786.0,-5.48
5787.0,-5.45
5788.0,-5.08
5789.0,-5.07
5790.0,-5.3100000000000005
5791.0,-5.1
5792.0,-5.21
5793.0,-5.04
5794.0,-5.01
5795.0,-5.17
5796.0,-5.11
5797.0,-5.3500000000000005
5798.0,-5.11
5799.0,-5.02
5800.0,-5.06
5801.0,-5.04
5802.0,-5.05
5803.0,-5.2
5804.0,-5.02
5805.0,-5.07
5806.0,-1.0000000000000007
5807.0,-5.3100000000000005
5808.0,-5.16
5809.0,-5.04
5810.0,-5.04
5811.0,-5.15
5812.0,-5.29
5813.0,-5.3500000000000005
5814.0,-5.05
5815.0,-1.0000000000000007
5816.0,-5.1
5817.0,-5.04
5818.0,-5.45
5819.0,-5.02
5820.0,-5.2
5821.0,-5.05
5822.0,-5.33
5823.0,-5.02
5824.0,-5.01
5825.0,-5.34
5826.0,-5.3
5827.0,-5.08
5828.0,-5.05
5829.0,-5.25
5830.0,-5.05
5831.0,-5.3100000000000005
5832.0,-5.02
5833.0,-5.05
5834.0,-5.2700000000000005
5835.0,-5.2700000000000005
5836.0,-5.6000000000000005
5837.0,-5.06
5838.0,-5.09
5839.0,-5.09
5840.0,-5.05
5841.0,-5.11
5842.0,-5.59
5843.0,-5.74
5844.0,-5.3
5845.0,-5.01
5846.0,-5.29
5847.0,-5.08
5848.0,-5.16
5849.0,-5.66
5850.0,-5.48
5851.0,-5.07
5852.0,-5.66
5853.0,-5.42
5854.0,-5.46
5855.0,-5.09
5856.0,-5.02
5857.0,-5.05
5858.0,-5.18
5859.0,-5.430000000000001
5860.0,-5.11
5861.0,-5.34
5862.0,-5.38
5863.0,-5.04
5864.0,-5.42
5865.0,-5.03
5866.0,-5.08
5867.0,-5.11
5868.0,-5.04
5869.0,-5.01
5870.0,-5.1
5871.0,-5.08
5872.0,-5.430000000000001
5873.0,-5.28
5874.0,-5.1
5875.0,-5.07
5876.0,-5.09
5877.0,-5.390000000000001
5878.0,-5.1
5879.0,-5.3
5880.0,-5.32
5881.0,-5.870000000000001
5882.0,-5.09
5883.0,-5.07
5884.0,-5.390000000000001
5885.0,-5.03
5886.0,-5.04
5887.0,-5.26
5888.0,-5.3500000000000005
5889.0,-5.32
5890.0,-5.01
5891.0,-5.3500000000000005
5892.0,-5.32
5893.0,-5.83
5894.0,-5.34
5895.0,-5.19
5896.0,-5.02
5897.0,-5.03
5898.0,-5.08
5899.0,-5.02
5900.0,-5.07
5901.0,-5.57
5902.0,-5.11
5903.0,-5.24
5904.0,-5.11
5905.0,-5.12
5906.0,-5.33
5907.0,-5.17
5908.0,-5.23
5909.0,-5.62
5910.0,-5.34
5911.0,-5.4
5912.0,-5.41
5913.0,-5.06
5914.0,-5.07
5915.0,-5.08
5916.0,-5.02
5917.0,-5.640000000000001
5918.0,-5.430000000000001
5919.0,-5.05
5920.0,-5.04
5921.0,-5.49
5922.0,-5.01
5923.0,-5.08
5924.0,-5.04
5925.0,-5.2700000000000005
5926.0,-5.05
5927.0,-5.28
5928.0,-5.04
5929.0,-5.05
5930.0,-5.02
5931.0,-5.05
5932.0,-5.36
5933.0,-5.04
5934.0,-5.07
5935.0,-5.430000000000001
5936.0,-5.16
5937.0,-5.03
5938.0,-5.7
5939.0,-5.11
5940.0,-5.430000000000001
5941.0,-5.53
5942.0,-5.34
5943.0,-5.3
5944.0,-5.44
5945.0,-5.28
5946.0,-5.2
5947.0,-5.630000000000001
5948.0,-1.0000000000000007
5949.0,-5.01
5950.0,-1.0000000000000007
5951.0,-5.01
5952.0,-5.06
5953.0,-5.2
5954.0,-5.01
5955.0,-5.04
5956.0,-5.19
5957.0,-5.06
5958.0,-5.02
5959.0,-5.16
5960.0,-5.1
5961.0,-1.0000000000000007
5962.0,-5.02
5963.0,-5.83
5964.0,-5.05
5965.0,-5.08
5966.0,-5.3100000000000005
5967.0,-5.14
5968.0,-5.03
5969.0,-5.06
5970.0,-5.37
5971.0,-5.46
5972.0,-5.09
5973.0,-5.36
5974.0,-5.51
5975.0,-5.16
5976.0,-5.6000000000000005
5977.0,-5.23
5978.0,-5.09
5979.0,-5.12
5980.0,-5.58
5981.0,-5.19
5982.0,-5.02
5983.0,-5.21
5984.0,-5.02
5985.0,-5.69
5986.0,-5.02
5987.0,-5.65
5988.0,-5.02
5989.0,-5.66
5990.0,-5.12
5991.0,-5.38
5992.0,-5.640000000000001
5993.0,-5.630000000000001
5994.0,-5.05
5995.0,-5.24
5996.0,-5.2
5997.0,-5.01
5998.0,-5.61
5999.0,-5.1
6000.0,-5.22
6001.0,-5.01
6002.0,-5.44
6003.0,-5.02
6004.0,-5.24
6005.0,-5.26
6006.0,-5.21
6007.0,-5.12
6008.0,-5.24
6009.0,-5.17
6010.0,-5.01
6011.0,-5.15
6012.0,-5.07
6013.0,-5.24
6014.0,-5.04
6015.0,-5.01
6016.0,-5.05
6017.0,-5.04
6018.0,-5.36
6019.0,-5.07
6020.0,-5.34
6021.0,-5.18
6022.0,-5.23
6023.0,-5.17
6024.0,-5.02
6025.0,-5.17
6026.0,-5.430000000000001
6027.0,-5.07
6028.0,-5.04
6029.0,-5.01
6030.0,-5.46
6031.0,-5.01
6032.0,-5.02
6033.0,-5.3500000000000005
6034.0,-5.03
6035.0,-5.01
6036.0,-5.73
6037.0,-5.03
6038.0,-5.04
6039.0,-5.390000000000001
6040.0,-5.12
6041.0,-5.2
6042.0,-5.08
6043.0,-5.18
6044.0,-5.83
6045.0,-5.53
6046.0,-5.75
6047.0,-5.12
6048.0,-5.930000000000001
6049.0,-5.06
6050.0,-5.69
6051.0,-5.14
6052.0,-5.23
6053.0,-5.3100000000000005
6054.0,-5.02
6055.0,-5.09
6056.0,-5.34
6057.0,-5.17
6058.0,-5.3100000000000005
6059.0,-5.04
6060.0,-5.07
6061.0,-5.08
6062.0,-5.61
6063.0,-5.710000000000001
6064.0,-5.18
6065.0,-5.17
6066.0,-5.33
6067.0,-5.28
6068.0,-5.62
6069.0,-5.1
6070.0,-5.4
6071.0,-5.06
6072.0,-5.33
6073.0,-5.07
6074.0,-5.13
6075.0,-5.09
6076.0,-5.16
6077.0,-5.2
6078.0,-5.11
6079.0,-5.07
6080.0,-5.06
6081.0,-5.67
6082.0,-5.28
6083.0,-5.12
6084.0,-5.61
6085.0,-5.28
6086.0,-5.01
6087.0,-5.02
6088.0,-5.02
6089.0,-5.11
6090.0,-5.2700000000000005
6091.0,-5.02
6092.0,-5.08
6093.0,-5.26
6094.0,-5.51
6095.0,-5.3500000000000005
6096.0,-5.3
6097.0,-5.01
6098.0,-5.67
6099.0,-5.04
6100.0,-5.3
6101.0,-5.94
6102.0,-5.54
6103.0,-5.760000000000001
6104.0,-5.12
6105.0,-5.66
6106.0,-5.15
6107.0,-5.36
6108.0,-5.2700000000000005
6109.0,-5.38
6110.0,-5.33
6111.0,-5.03
6112.0,-1.0000000000000007
6113.0,-5.05
6114.0,-5.05
6115.0,-5.03
6116.0,-5.32
6117.0,-5.01
6118.0,-5.36
6119.0,-5.01
6120.0,-5.82
6121.0,-5.13
6122.0,-5.29
6123.0,-5.74
6124.0,-5.02
6125.0,-5.02
6126.0,-5.09
6127.0,-5.19
6128.0,-5.32
6129.0,-5.21
6130.0,-5.07
6131.0,-5.03
6132.0,-5.12
6133.0,-5.07
6134.0,-5.11
6135.0,-5.34
6136.0,-5.08
6137.0,-5.02
6138.0,-5.46
6139.0,-5.75
6140.0,-5.02
6141.0,-5.02
6142.0,-1.0000000000000007
6143.0,-5.01
6144.0,-5.28
6145.0,-5.05
6146.0,-5.02
6147.0,-5.22
6148.0,-5.02
6149.0,-5.11
6150.0,-5.760000000000001
6151.0,-5.48
6152.0,-5.33
6153.0,-5.19
6154.0,-5.05
6155.0,-5.28
6156.0,-5.26
6157.0,-5.83
6158.0,-5.21
6159.0,-5.11
6160.0,-5.6000000000000005
6161.0,-5.05
6162.0,-5.13
6163.0,-5.09
6164.0,-5.05
6165.0,-5.13
6166.0,-5.28
6167.0,-5.7
6168.0,-5.02
6169.0,-5.28
6170.0,-5.05
6171.0,-5.03
6172.0,-5.34
6173.0,-1.0000000000000007
6174.0,-5.04
6175.0,-5.13
6176.0,-5.06
6177.0,-5.08
6178.0,-5.09
6179.0,-5.15
6180.0,-5.2700000000000005
6181.0,-5.02
6182.0,-5.02
6183.0,-5.1
6184.0,-5.02
6185.0,-5.06
6186.0,-5.14
6187.0,-5.18
6188.0,-5.02
6189.0,-5.08
6190.0,-5.07
6191.0,-5.07
6192.0,-5.17
6193.0,-5.22
6194.0,-5.2700000000000005
6195.0,-5.34
6196.0,-5.02
6197.0,-5.13
6198.0,-5.630000000000001
6199.0,-5.19
6200.0,-5.11
6201.0,-5.29
6202.0,-5.41
6203.0,-5.21
6204.0,-5.03
6205.0,-5.970000000000001
6206.0,-5.09
6207.0,-5.1
6208.0,-5.07
6209.0,-5.04
6210.0,-5.03
6211.0,-5.07
6212.0,-5.23
6213.0,-5.01
6214.0,-5.25
6215.0,-1.0000000000000007
6216.0,-5.54
6217.0,-5.16
6218.0,-5.34
6219.0,-5.11
6220.0,-5.04
6221.0,-5.29
6222.0,-5.11
6223.0,-5.3
6224.0,-5.03
6225.0,-1.0000000000000007
6226.0,-5.38
6227.0,-5.01
6228.0,-5.07
6229.0,-5.37
6230.0,-5.41
6231.0,-5.07
6232.0,-5.06
6233.0,-5.46
6234.0,-5.67
6235.0,-5.21
6236.0,-5.470000000000001
6237.0,-5.8100000000000005
6238.0,-5.2
6239.0,-5.51
6240.0,-5.54
6241.0,-5.08
6242.0,-5.640000000000001
6243.0,-5.870000000000001
6244.0,-5.73
6245.0,-5.13
6246.0,-5.37
6247.0,-5.24
6248.0,-5.05
6249.0,-5.930000000000001
6250.0,-5.04
6251.0,-5.07
6252.0,-5.09
6253.0,-5.890000000000001
6254.0,-5.38
6255.0,-5.02
6256.0,-5.51
6257.0,-5.8500000000000005
6258.0,-5.04
6259.0,-5.05
6260.0,-5.02
6261.0,-5.74
6262.0,-5.3
6263.0,-5.08
6264.0,-5.48
6265.0,-5.11
6266.0,-5.29
6267.0,-5.41
6268.0,-5.16
6269.0,-5.58
6270.0,-5.04
6271.0,-5.04
6272.0,-5.66
6273.0,-5.44
6274.0,-5.07
6275.0,-5.23
6276.0,-5.3500000000000005
6277.0,-5.38
6278.0,-5.74
6279.0,-5.29
6280.0,-5.11
6281.0,-5.08
6282.0,-5.44
6283.0,-5.07
6284.0,-5.54
6285.0,-5.26
6286.0,-5.890000000000001
6287.0,-5.44
6288.0,-5.13
6289.0,-5.17
6290.0,-5.08
6291.0,-5.7
6292.0,-5.640000000000001
6293.0,-5.08
6294.0,-5.16
6295.0,-5.04
6296.0,-5.66
6297.0,-5.21
6298.0,-5.3100000000000005
6299.0,-5.23
6300.0,-5.15
6301.0,-5.04
6302.0,-5.09
6303.0,-5.01
6304.0,-5.38
6305.0,-5.02
6306.0,-5.42
6307.0,-5.710000000000001
6308.0,-5.41
6309.0,-5.26
6310.0,-5.38
6311.0,-5.390000000000001
6312.0,-5.07
6313.0,-5.1
6314.0,-5.470000000000001
6315.0,-5.07
6316.0,-5.04
6317.0,-5.06
6318.0,-5.69
6319.0,-5.04
6320.0,-5.04
6321.0,-5.06
6322.0,-5.59
6323.0,-5.04
6324.0,-5.19
6325.0,-5.01
6326.0,-5.91
6327.0,-1.0000000000000007
6328.0,-5.19
6329.0,-5.06
6330.0,-5.06
6331.0,-5.15
6332.0,-5.3500000000000005
6333.0,-5.3500000000000005
6334.0,-5.04
6335.0,-5.53
6336.0,-5.1
6337.0,-5.37
6338.0,-5.17
6339.0,-5.15
6340.0,-5.3100000000000005
6341.0,-5.06
6342.0,-5.1
6343.0,-5.2
6344.0,-5.28
6345.0,-5.06
6346.0,-5.02
6347.0,-5.1
6348.0,-5.05
6349.0,-5.630000000000001
6350.0,-5.02
6351.0,-5.34
6352.0,-5.02
6353.0,-5.02
6354.0,-5.720000000000001
6355.0,-5.37
6356.0,-5.800000000000001
6357.0,-5.53
6358.0,-5.1
6359.0,-5.17
6360.0,-5.75
6361.0,-5.45
6362.0,-5.14
6363.0,-5.02
6364.0,-5.05
6365.0,-5.48
6366.0,-5.18
6367.0,-5.12
6368.0,-5.08
6369.0,-5.25
6370.0,-5.3
6371.0,-5.02
6372.0,-5.12
6373.0,-5.33
6374.0,-5.01
6375.0,-5.38
6376.0,-5.38
6377.0,-5.790000000000001
6378.0,-5.03
6379.0,-5.03
6380.0,-5.41
6381.0,-5.01
6382.0,-5.07
6383.0,-5.07
6384.0,-5.09
6385.0,-5.2
6386.0,-5.02
6387.0,-5.04
6388.0,-5.45
6389.0,-5.01
6390.0,-5.5
6391.0,-5.5600000000000005
6392.0,-5.06
6393.0,-5.03
6394.0,-5.1
6395.0,-5.4
6396.0,-5.04
6397.0,-5.04
6398.0,-5.12
6399.0,-5.01
6400.0,-5.37
6401.0,-5.04
6402.0,-5.11
6403.0,-5.430000000000001
6404.0,-5.470000000000001
6405.0,-5.37
6406.0,-5.07
6407.0,-5.09
6408.0,-5.12
6409.0,-5.2700000000000005
6410.0,-5.08
6411.0,-5.48
6412.0,-5.51
6413.0,-5.22
6414.0,-5.5200000000000005
6415.0,-5.05
6416.0,-5.1
6417.0,-5.01
6418.0,-5.03
6419.0,-5.36
6420.0,-5.3100000000000005
6421.0,-5.51
6422.0,-5.02
6423.0,-5.02
6424.0,-5.59
6425.0,-5.65
6426.0,-5.12
6427.0,-5.12
6428.0,-5.38
6429.0,-5.04
6430.0,-5.7
6431.0,-5.4
6432.0,-5.05
6433.0,-5.04
6434.0,-5.03
6435.0,-5.05
6436.0,-5.18
6437.0,-5.41
6438.0,-5.3500000000000005
6439.0,-5.22
6440.0,-5.8100000000000005
6441.0,-5.24
6442.0,-5.19
6443.0,-5.630000000000001
6444.0,-5.5200000000000005
6445.0,-5.880000000000001
6446.0,-5.04
6447.0,-5.05
6448.0,-5.07
6449.0,-5.34
6450.0,-5.01
6451.0,-5.11
6452.0,-5.12
6453.0,-5.02
6454.0,-5.02
6455.0,-5.02
6456.0,-5.470000000000001
6457.0,-5.5
6458.0,-5.760000000000001
6459.0,-5.03
6460.0,-5.36
6461.0,-5.24
6462.0,-5.06
6463.0,-5.04
6464.0,-5.02
6465.0,-5.3500000000000005
6466.0,-5.03
6467.0,-5.48
6468.0,-5.4
6469.0,-5.02
6470.0,-5.07
6471.0,-5.49
6472.0,-5.28
6473.0,-5.07
6474.0,-5.04
6475.0,-5.59
6476.0,-5.25
6477.0,-5.09
6478.0,-5.04
6479.0,-5.6000000000000005
6480.0,-5.17
6481.0,-5.11
6482.0,-5.04
6483.0,-5.28
6484.0,-5.08
6485.0,-5.41
6486.0,-5.03
6487.0,-5.26
6488.0,-5.23
6489.0,-5.44
6490.0,-5.29
6491.0,-5.12
6492.0,-5.49
6493.0,-5.54
6494.0,-5.61
6495.0,-5.19
6496.0,-5.05
6497.0,-5.08
6498.0,-5.25
6499.0,-5.21
6500.0,-5.14
6501.0,-5.680000000000001
6502.0,-5.5200000000000005
6503.0,-5.06
6504.0,-5.32
6505.0,-5.5
6506.0,-5.34
6507.0,-5.1
6508.0,-5.13
6509.0,-5.8500000000000005
6510.0,-5.04
6511.0,-5.11
6512.0,-5.19
6513.0,-5.57
6514.0,-5.38
6515.0,-5.4
6516.0,-5.33
6517.0,-5.06
6518.0,-5.550000000000001
6519.0,-5.01
6520.0,-5.03
6521.0,-5.390000000000001
6522.0,-5.03
6523.0,-5.08
6524.0,-5.44
6525.0,-5.65
6526.0,-5.32
6527.0,-5.01
6528.0,-5.12
6529.0,-5.05
6530.0,-5.61
6531.0,-5.22
6532.0,-5.07
6533.0,-5.19
6534.0,-5.16
6535.0,-5.06
6536.0,-5.640000000000001
6537.0,-5.46
6538.0,-5.29
6539.0,-5.04
6540.0,-5.22
6541.0,-5.34
6542.0,-5.5600000000000005
6543.0,-5.01
6544.0,-5.04
6545.0,-5.67
6546.0,-5.29
6547.0,-5.54
6548.0,-5.04
6549.0,-5.07
6550.0,-5.15
6551.0,-5.02
6552.0,-5.53
6553.0,-5.12
6554.0,-5.53
6555.0,-5.06
6556.0,-5.2700000000000005
6557.0,-5.26
6558.0,-5.08
6559.0,-5.15
6560.0,-5.03
6561.0,-5.05
6562.0,-5.22
6563.0,-5.02
6564.0,-5.01
6565.0,-5.53
6566.0,-5.18
6567.0,-5.630000000000001
6568.0,-5.4
6569.0,-5.48
6570.0,-5.04
6571.0,-5.02
6572.0,-5.26
6573.0,-5.33
6574.0,-5.03
6575.0,-5.2
6576.0,-5.01
6577.0,-5.14
6578.0,-5.7700000000000005
6579.0,-5.5
6580.0,-5.15
6581.0,-5.06
6582.0,-5.02
6583.0,-5.26
6584.0,-5.11
6585.0,-5.07
6586.0,-5.5200000000000005
6587.0,-5.14
6588.0,-5.430000000000001
6589.0,-5.04
6590.0,-5.05
6591.0,-5.78
6592.0,-5.03
6593.0,-5.18
6594.0,-5.36
6595.0,-5.53
6596.0,-5.42
6597.0,-5.12
6598.0,-5.02
6599.0,-5.05
6600.0,-5.06
6601.0,-5.3500000000000005
6602.0,-5.07
6603.0,-5.720000000000001
6604.0,-5.62
6605.0,-5.45
6606.0,-5.12
6607.0,-5.1
6608.0,-5.14
6609.0,-5.65
6610.0,-5.2700000000000005
6611.0,-5.04
6612.0,-5.03
6613.0,-5.41
6614.0,-5.16
6615.0,-5.69
6616.0,-5.45
6617.0,-5.37
6618.0,-5.12
6619.0,-5.05
6620.0,-5.42
6621.0,-5.470000000000001
6622.0,-5.4
6623.0,-5.14
6624.0,-5.09
6625.0,-5.09
6626.0,-5.21
6627.0,-5.03
6628.0,-5.11
6629.0,-5.01
6630.0,-5.33
6631.0,-5.05
6632.0,-5.45
6633.0,-5.21
6634.0,-5.1
6635.0,-5.07
6636.0,-5.02
6637.0,-5.37
6638.0,-5.29
6639.0,-5.3100000000000005
6640.0,-5.45
6641.0,-5.02
6642.0,-5.04
6643.0,-5.25
6644.0,-5.32
6645.0,-5.22
6646.0,-5.08
6647.0,-5.03
6648.0,-5.03
6649.0,-5.07
6650.0,-5.04
6651.0,-5.03
6652.0,-5.550000000000001
6653.0,-5.12
6654.0,-5.2
6655.0,-5.54
6656.0,-5.05
6657.0,-5.12
6658.0,-5.18
6659.0,-5.25
6660.0,-5.02
6661.0,-5.07
6662.0,-5.37
6663.0,-5.29
6664.0,-5.17
6665.0,-5.4
6666.0,-5.640000000000001
6667.0,-5.03
6668.0,-5.06
6669.0,-5.17
6670.0,-5.11
6671.0,-1.0000000000000007
6672.0,-5.25
6673.0,-5.44
6674.0,-5.86
6675.0,-5.01
6676.0,-5.02
6677.0,-5.02
6678.0,-5.390000000000001
6679.0,-5.05
6680.0,-5.03
6681.0,-5.5600000000000005
6682.0,-5.06
6683.0,-5.08
6684.0,-5.01
6685.0,-5.2700000000000005
6686.0,-5.02
6687.0,-5.5
6688.0,-5.5200000000000005
6689.0,-5.26
6690.0,-5.54
6691.0,-5.06
6692.0,-5.22
6693.0,-5.19
6694.0,-5.09
6695.0,-5.03
6696.0,-5.07
6697.0,-5.14
6698.0,-5.03
6699.0,-5.02
6700.0,-5.02
6701.0,-5.69
6702.0,-5.01
6703.0,-5.02
6704.0,-5.01
6705.0,-5.45
6706.0,-5.430000000000001
6707.0,-5.01
6708.0,-5.03
6709.0,-5.49
6710.0,-5.01
6711.0,-5.04
6712.0,-5.48
6713.0,-5.13
6714.0,-5.01
6715.0,-5.07
6716.0,-5.04
6717.0,-5.630000000000001
6718.0,-5.01
6719.0,-5.83
6720.0,-5.41
6721.0,-5.16
6722.0,-5.12
6723.0,-5.11
6724.0,-5.05
6725.0,-5.2700000000000005
6726.0,-5.37
6727.0,-5.74
6728.0,-5.13
6729.0,-5.3500000000000005
6730.0,-5.18
6731.0,-5.14
6732.0,-5.02
6733.0,-5.36
6734.0,-5.18
6735.0,-5.09
6736.0,-5.01
6737.0,-5.19
6738.0,-5.01
6739.0,-5.16
6740.0,-5.15
6741.0,-5.17
6742.0,-5.01
6743.0,-5.14
6744.0,-5.09
6745.0,-5.3
6746.0,-5.08
6747.0,-5.4
6748.0,-5.18
6749.0,-5.680000000000001
6750.0,-5.05
6751.0,-5.12
6752.0,-5.41
6753.0,-5.720000000000001
6754.0,-5.42
6755.0,-5.01
6756.0,-5.02
6757.0,-5.24
6758.0,-5.470000000000001
6759.0,-5.01
6760.0,-5.08
6761.0,-5.08
6762.0,-5.26
6763.0,-5.1
6764.0,-5.9
6765.0,-5.09
6766.0,-5.01
6767.0,-5.05
6768.0,-5.01
6769.0,-5.04
6770.0,-5.04
6771.0,-5.03
6772.0,-5.390000000000001
6773.0,-5.05
6774.0,-5.02
6775.0,-5.08
6776.0,-5.16
6777.0,-5.17
6778.0,-5.06
6779.0,-5.03
6780.0,-5.470000000000001
6781.0,-5.41
6782.0,-5.05
6783.0,-5.05
6784.0,-5.29
6785.0,-5.3500000000000005
6786.0,-5.07
6787.0,-5.07
6788.0,-5.390000000000001
6789.0,-5.390000000000001
6790.0,-5.53
6791.0,-5.04
6792.0,-5.3500000000000005
6793.0,-5.3
6794.0,-5.37
6795.0,-5.34
6796.0,-5.2
6797.0,-5.36
6798.0,-5.08
6799.0,-5.37
6800.0,-5.02
6801.0,-5.07
6802.0,-5.630000000000001
6803.0,-5.09
6804.0,-5.01
6805.0,-5.29
6806.0,-5.04
6807.0,-5.86
6808.0,-5.05
6809.0,-5.5
6810.0,-5.29
6811.0,-5.28
6812.0,-5.06
6813.0,-5.16
6814.0,-5.22
6815.0,-5.02
6816.0,-5.12
6817.0,-5.390000000000001
6818.0,-5.04
6819.0,-5.23
6820.0,-5.15
6821.0,-5.07
6822.0,-5.09
6823.0,-5.57
6824.0,-5.49
6825.0,-5.03
6826.0,-5.41
6827.0,-5.03
6828.0,-5.74
6829.0,-5.02
6830.0,-5.42
6831.0,-5.37
6832.0,-5.04
6833.0,-5.04
6834.0,-5.18
6835.0,-5.58
6836.0,-5.32
6837.0,-5.51
6838.0,-5.1
6839.0,-5.44
6840.0,-5.33
6841.0,-1.0000000000000007
6842.0,-5.790000000000001
6843.0,-5.01
6844.0,-5.03
6845.0,-5.07
6846.0,-5.38
6847.0,-5.08
6848.0,-5.4
6849.0,-5.04
6850.0,-1.0000000000000007
6851.0,-5.26
6852.0,-5.32
6853.0,-5.16
6854.0,-5.430000000000001
6855.0,-5.05
6856.0,-5.04
6857.0,-5.05
6858.0,-5.1
6859.0,-5.01
6860.0,-5.06
6861.0,-5.34
6862.0,-5.08
6863.0,-5.14
6864.0,-5.5
6865.0,-5.470000000000001
6866.0,-5.8500000000000005
6867.0,-5.13
6868.0,-5.02
6869.0,-5.02
6870.0,-5.12
6871.0,-5.01
6872.0,-5.37
6873.0,-5.11
6874.0,-1.0000000000000007
6875.0,-5.07
6876.0,-5.05
6877.0,-5.73
6878.0,-5.28
6879.0,-5.06
6880.0,-5.13
6881.0,-5.17
6882.0,-5.02
6883.0,-5.41
6884.0,-5.4
6885.0,-5.14
6886.0,-5.13
6887.0,-5.16
6888.0,-5.24
6889.0,-5.15
6890.0,-5.17
6891.0,-5.470000000000001
6892.0,-5.02
6893.0,-5.07
6894.0,-5.29
6895.0,-5.07
6896.0,-5.3100000000000005
6897.0,-5.21
6898.0,-5.06
6899.0,-5.3
6900.0,-5.18
6901.0,-5.05
6902.0,-5.07
6903.0,-5.3
6904.0,-5.37
6905.0,-5.7
6906.0,-5.09
6907.0,-5.29
6908.0,-5.09
6909.0,-5.06
6910.0,-5.04
6911.0,-5.05
6912.0,-1.0000000000000007
6913.0,-5.02
6914.0,-5.15
6915.0,-5.7
6916.0,-5.07
6917.0,-5.03
6918.0,-5.05
6919.0,-5.44
6920.0,-5.06
6921.0,-5.01
6922.0,-5.45
6923.0,-5.44
6924.0,-5.15
6925.0,-5.06
6926.0,-5.07
6927.0,-5.550000000000001
6928.0,-5.04
6929.0,-5.470000000000001
6930.0,-5.42
6931.0,-5.550000000000001
6932.0,-5.01
6933.0,-5.46
6934.0,-1.0000000000000007
6935.0,-5.03
6936.0,-5.41
6937.0,-5.11
6938.0,-5.41
6939.0,-5.04
6940.0,-5.06
6941.0,-5.44
6942.0,-5.02
6943.0,-5.3
6944.0,-5.32
6945.0,-5.870000000000001
6946.0,-5.18
6947.0,-5.13
6948.0,-5.02
6949.0,-5.890000000000001
6950.0,-5.06
6951.0,-5.24
6952.0,-5.59
6953.0,-5.34
6954.0,-5.19
6955.0,-5.19
6956.0,-5.16
6957.0,-5.15
6958.0,-5.1
6959.0,-5.790000000000001
6960.0,-5.13
6961.0,-5.24
6962.0,-5.09
6963.0,-5.5
6964.0,-5.1
6965.0,-5.58
6966.0,-5.36
6967.0,-5.09
6968.0,-5.05
6969.0,-5.02
6970.0,-5.37
6971.0,-5.57
6972.0,-5.37
6973.0,-5.38
6974.0,-5.18
6975.0,-5.01
6976.0,-5.02
6977.0,-5.13
6978.0,-5.2700000000000005
6979.0,-5.3100000000000005
6980.0,-5.16
6981.0,-5.02
6982.0,-5.49
6983.0,-5.26
6984.0,-5.5200000000000005
6985.0,-5.09
6986.0,-5.09
6987.0,-5.28
6988.0,-5.01
6989.0,-5.24
6990.0,-5.34
6991.0,-5.04
6992.0,-5.01
6993.0,-5.33
6994.0,-5.51
6995.0,-5.05
6996.0,-5.3
6997.0,-5.02
6998.0,-5.4
6999.0,-5.02
7000.0,-5.640000000000001
7001.0,-5.08
7002.0,-5.840000000000001
7003.0,-5.01
7004.0,-5.01
7005.0,-5.790000000000001
7006.0,-5.05
7007.0,-5.4
7008.0,-5.550000000000001
7009.0,-5.7700000000000005
7010.0,-5.28
7011.0,-5.04
7012.0,-5.09
7013.0,-5.02
7014.0,-5.59
7015.0,-5.48
7016.0,-5.02
7017.0,-5.04
7018.0,-5.1
7019.0,-5.14
7020.0,-5.14
7021.0,-5.2700000000000005
7022.0,-5.44
7023.0,-5.01
7024.0,-5.19
7025.0,-5.14
7026.0,-5.01
7027.0,-5.34
7028.0,-5.42
7029.0,-5.12
7030.0,-5.18
7031.0,-5.06
7032.0,-5.66
7033.0,-5.01
7034.0,-5.37
7035.0,-5.46
7036.0,-5.14
7037.0,-5.02
7038.0,-5.74
7039.0,-5.3100000000000005
7040.0,-5.09
7041.0,-5.24
7042.0,-5.36
7043.0,-5.02
7044.0,-5.42
7045.0,-5.23
7046.0,-5.3100000000000005
7047.0,-5.41
7048.0,-5.44
7049.0,-5.11
7050.0,-5.01
7051.0,-5.18
7052.0,-5.3100000000000005
7053.0,-5.550000000000001
7054.0,-5.01
7055.0,-5.53
7056.0,-5.32
7057.0,-5.16
7058.0,-5.01
7059.0,-5.23
7060.0,-5.11
7061.0,-5.59
7062.0,-5.07
7063.0,-5.17
7064.0,-5.48
7065.0,-5.58
7066.0,-5.23
7067.0,-5.720000000000001
7068.0,-5.38
7069.0,-5.19
7070.0,-5.09
7071.0,-5.02
7072.0,-5.1
7073.0,-5.01
7074.0,-5.07
7075.0,-5.16
7076.0,-5.13
7077.0,-5.05
7078.0,-5.65
7079.0,-5.42
7080.0,-5.3500000000000005
7081.0,-5.06
7082.0,-5.48
7083.0,-5.05
7084.0,-5.03
7085.0,-5.34
7086.0,-5.03
7087.0,-5.430000000000001
7088.0,-5.21
7089.0,-5.38
7090.0,-5.13
7091.0,-5.01
7092.0,-5.25
7093.0,-5.07
7094.0,-5.13
7095.0,-5.430000000000001
7096.0,-5.58
7097.0,-5.38
7098.0,-5.67
7099.0,-5.37
7100.0,-5.02
7101.0,-5.09
7102.0,-5.42
7103.0,-5.03
7104.0,-5.02
7105.0,-5.37
7106.0,-5.38
7107.0,-5.01
7108.0,-5.1
7109.0,-5.22
7110.0,-5.25
7111.0,-5.5200000000000005
7112.0,-5.36
7113.0,-5.45
7114.0,-5.42
7115.0,-5.02
7116.0,-5.34
7117.0,-5.07
7118.0,-5.75
7119.0,-5.45
7120.0,-5.04
7121.0,-5.42
7122.0,-5.11
7123.0,-5.32
7124.0,-5.21
7125.0,-5.06
7126.0,-5.11
7127.0,-5.04
7128.0,-5.550000000000001
7129.0,-5.07
7130.0,-5.1
7131.0,-5.45
7132.0,-5.05
7133.0,-5.04
7134.0,-5.29
7135.0,-5.05
7136.0,-5.02
7137.0,-5.05
7138.0,-5.06
7139.0,-5.02
7140.0,-5.08
7141.0,-5.960000000000001
7142.0,-5.17
7143.0,-5.19
7144.0,-1.0000000000000007
7145.0,-5.3100000000000005
7146.0,-5.3100000000000005
7147.0,-5.4
7148.0,-5.18
7149.0,-5.06
7150.0,-5.05
7151.0,-5.34
7152.0,-5.24
7153.0,-5.6000000000000005
7154.0,-5.34
7155.0,-5.48
7156.0,-5.5600000000000005
7157.0,-5.5200000000000005
7158.0,-5.12
7159.0,-5.06
7160.0,-1.0000000000000007
7161.0,-5.26
7162.0,-5.02
7163.0,-5.26
7164.0,-5.550000000000001
7165.0,-5.42
7166.0,-5.14
7167.0,-5.61
7168.0,-5.58
7169.0,-5.42
7170.0,-5.01
7171.0,-5.05
7172.0,-5.09
7173.0,-5.46
7174.0,-5.01
7175.0,-5.18
7176.0,-5.11
7177.0,-5.48
7178.0,-5.83
7179.0,-5.02
7180.0,-5.2
7181.0,-5.48
7182.0,-5.03
7183.0,-5.05
7184.0,-5.13
7185.0,-5.1
7186.0,-5.41
7187.0,-5.430000000000001
7188.0,-5.33
7189.0,-5.12
7190.0,-5.05
7191.0,-5.17
7192.0,-5.04
7193.0,-5.38
7194.0,-5.02
7195.0,-5.03
7196.0,-5.01
7197.0,-5.22
7198.0,-5.02
7199.0,-5.15
7200.0,-5.22
7201.0,-5.04
7202.0,-5.02
7203.0,-5.03
7204.0,-5.04
7205.0,-5.04
7206.0,-5.05
7207.0,-5.08
7208.0,-5.08
7209.0,-5.22
7210.0,-5.5600000000000005
7211.0,-5.12
7212.0,-5.09
7213.0,-5.15
7214.0,-5.37
7215.0,-5.03
7216.0,-5.03
7217.0,-5.41
7218.0,-5.16
7219.0,-5.07
7220.0,-5.16
7221.0,-5.430000000000001
7222.0,-5.3100000000000005
7223.0,-5.1
7224.0,-5.26
7225.0,-5.08
7226.0,-5.5
7227.0,-5.15
7228.0,-5.08
7229.0,-5.02
7230.0,-5.04
7231.0,-5.03
7232.0,-5.01
7233.0,-5.07
7234.0,-5.36
7235.0,-5.2700000000000005
7236.0,-5.08
7237.0,-5.01
7238.0,-5.02
7239.0,-5.5200000000000005
7240.0,-5.02
7241.0,-5.01
7242.0,-5.41
7243.0,-5.66
7244.0,-5.01
7245.0,-5.18
7246.0,-5.05
7247.0,-5.45
7248.0,-5.02
7249.0,-5.01
7250.0,-5.03
7251.0,-5.04
7252.0,-5.22
7253.0,-5.06
7254.0,-5.09
7255.0,-5.49
7256.0,-5.12
7257.0,-5.53
7258.0,-5.36
7259.0,-5.03
7260.0,-5.26
7261.0,-5.61
7262.0,-5.44
7263.0,-5.01
7264.0,-5.15
7265.0,-5.07
7266.0,-5.5600000000000005
7267.0,-5.02
7268.0,-5.17
7269.0,-5.26
7270.0,-5.02
7271.0,-5.630000000000001
7272.0,-5.04
7273.0,-5.04
7274.0,-5.23
7275.0,-5.11
7276.0,-5.04
7277.0,-5.08
7278.0,-5.08
7279.0,-5.08
7280.0,-5.08
7281.0,-5.3500000000000005
7282.0,-5.1
7283.0,-5.3500000000000005
7284.0,-5.3
7285.0,-5.57
7286.0,-5.24
7287.0,-5.02
7288.0,-5.02
7289.0,-5.04
7290.0,-5.720000000000001
7291.0,-5.3500000000000005
7292.0,-5.970000000000001
7293.0,-5.430000000000001
7294.0,-5.02
7295.0,-5.05
7296.0,-5.03
7297.0,-5.16
7298.0,-5.03
7299.0,-1.0000000000000007
7300.0,-5.03
7301.0,-5.24
7302.0,-5.1
7303.0,-5.790000000000001
7304.0,-5.03
7305.0,-5.2700000000000005
7306.0,-5.12
7307.0,-5.03
7308.0,-5.45
7309.0,-5.09
7310.0,-5.34
7311.0,-5.07
7312.0,-5.3
7313.0,-5.48
7314.0,-5.3100000000000005
7315.0,-5.01
7316.0,-5.19
7317.0,-5.51
7318.0,-5.02
7319.0,-5.44
7320.0,-5.01
7321.0,-5.01
7322.0,-5.61
7323.0,-5.26
7324.0,-5.02
7325.0,-5.3500000000000005
7326.0,-5.18
7327.0,-5.48
7328.0,-5.18
7329.0,-5.01
7330.0,-5.1
7331.0,-5.44
7332.0,-5.61
7333.0,-5.04
7334.0,-5.710000000000001
7335.0,-5.25
7336.0,-5.03
7337.0,-5.01
7338.0,-5.3100000000000005
7339.0,-5.6000000000000005
7340.0,-5.02
7341.0,-5.06
7342.0,-5.640000000000001
7343.0,-5.06
7344.0,-5.08
7345.0,-5.19
7346.0,-5.08
7347.0,-5.53
7348.0,-5.4
7349.0,-5.82
7350.0,-5.04
7351.0,-5.1
7352.0,-5.3500000000000005
7353.0,-5.53
7354.0,-5.06
7355.0,-5.02
7356.0,-5.46
7357.0,-5.36
7358.0,-5.03
7359.0,-5.59
7360.0,-5.1
7361.0,-5.18
7362.0,-5.38
7363.0,-5.34
7364.0,-5.11
7365.0,-5.5600000000000005
7366.0,-5.06
7367.0,-5.4
7368.0,-5.18
7369.0,-5.69
7370.0,-5.01
7371.0,-5.03
7372.0,-5.05
7373.0,-5.1
7374.0,-5.06
7375.0,-5.02
7376.0,-5.04
7377.0,-5.16
7378.0,-5.07
7379.0,-5.01
7380.0,-5.08
7381.0,-5.15
7382.0,-5.12
7383.0,-5.07
7384.0,-5.16
7385.0,-5.01
7386.0,-5.65
7387.0,-5.960000000000001
7388.0,-5.01
7389.0,-5.21
7390.0,-5.04
7391.0,-5.62
7392.0,-5.04
7393.0,-5.61
7394.0,-5.46
7395.0,-5.12
7396.0,-5.970000000000001
7397.0,-5.05
7398.0,-5.26
7399.0,-5.07
7400.0,-5.22
7401.0,-5.03
7402.0,-5.28
7403.0,-5.02
7404.0,-5.11
7405.0,-5.16
7406.0,-5.23
7407.0,-5.15
7408.0,-5.01
7409.0,-5.2
7410.0,-5.3
7411.0,-5.5
7412.0,-5.1
7413.0,-5.05
7414.0,-5.18
7415.0,-5.01
7416.0,-5.1
7417.0,-5.46
7418.0,-5.14
7419.0,-5.3
7420.0,-5.890000000000001
7421.0,-5.15
7422.0,-5.05
7423.0,-5.23
7424.0,-5.720000000000001
7425.0,-5.1
7426.0,-5.05
7427.0,-5.23
7428.0,-5.57
7429.0,-5.7
7430.0,-5.710000000000001
7431.0,-5.32
7432.0,-5.07
7433.0,-5.38
7434.0,-5.11
7435.0,-5.49
7436.0,-5.06
7437.0,-5.03
7438.0,-5.44
7439.0,-5.01
7440.0,-5.33
7441.0,-5.03
7442.0,-5.04
7443.0,-5.09
7444.0,-5.02
7445.0,-5.04
7446.0,-5.62
7447.0,-5.02
7448.0,-5.02
7449.0,-5.4
7450.0,-5.58
7451.0,-5.06
7452.0,-5.430000000000001
7453.0,-5.01
7454.0,-5.38
7455.0,-5.05
7456.0,-5.37
7457.0,-5.04
7458.0,-5.38
7459.0,-5.33
7460.0,-5.42
7461.0,-5.06
7462.0,-5.53
7463.0,-5.07
7464.0,-5.45
7465.0,-5.02
7466.0,-5.04
7467.0,-5.06
7468.0,-5.45
7469.0,-5.53
7470.0,-5.08
7471.0,-5.02
7472.0,-5.29
7473.0,-5.4
7474.0,-5.04
7475.0,-5.04
7476.0,-5.02
7477.0,-5.29
7478.0,-5.2
7479.0,-5.4
7480.0,-5.02
7481.0,-5.640000000000001
7482.0,-5.37
7483.0,-5.13
7484.0,-5.02
7485.0,-5.07
7486.0,-5.48
7487.0,-5.19
7488.0,-5.14
7489.0,-5.49
7490.0,-5.04
7491.0,-5.7
7492.0,-5.38
7493.0,-5.02
7494.0,-5.5600000000000005
7495.0,-5.11
7496.0,-5.08
7497.0,-5.470000000000001
7498.0,-5.08
7499.0,-5.13
7500.0,-5.03
7501.0,-5.34
7502.0,-5.44
7503.0,-5.17
7504.0,-5.470000000000001
7505.0,-5.65
7506.0,-5.44
7507.0,-5.01
7508.0,-5.08
7509.0,-5.02
7510.0,-5.16
7511.0,-5.4
7512.0,-5.1
7513.0,-5.34
7514.0,-5.08
7515.0,-5.22
7516.0,-5.42
7517.0,-5.17
7518.0,-5.25
7519.0,-5.26
7520.0,-5.840000000000001
7521.0,-5.18
7522.0,-5.6000000000000005
7523.0,-5.22
7524.0,-5.15
7525.0,-5.05
7526.0,-5.02
7527.0,-5.03
7528.0,-5.23
7529.0,-5.22
7530.0,-5.01
7531.0,-5.09
7532.0,-5.02
7533.0,-5.06
7534.0,-5.05
7535.0,-5.05
7536.0,-5.4
7537.0,-5.2700000000000005
7538.0,-5.08
7539.0,-5.07
7540.0,-5.33
7541.0,-5.3100000000000005
7542.0,-5.12
7543.0,-5.12
7544.0,-5.06
7545.0,-5.08
7546.0,-1.0000000000000007
7547.0,-5.2700000000000005
7548.0,-5.41
7549.0,-5.04
7550.0,-5.05
7551.0,-5.17
7552.0,-5.42
7553.0,-5.65
7554.0,-5.26
7555.0,-5.04
7556.0,-5.04
7557.0,-5.3
7558.0,-5.02
7559.0,-5.11
7560.0,-5.66
7561.0,-5.3500000000000005
7562.0,-5.19
7563.0,-5.08
7564.0,-5.26
7565.0,-5.04
7566.0,-5.5200000000000005
7567.0,-5.22
7568.0,-5.67
7569.0,-5.15
7570.0,-5.17
7571.0,-5.41
7572.0,-5.11
7573.0,-5.38
7574.0,-5.21
7575.0,-5.03
7576.0,-5.03
7577.0,-5.06
7578.0,-5.04
7579.0,-5.09
7580.0,-5.19
7581.0,-5.11
7582.0,-5.19
7583.0,-5.91
7584.0,-5.1
7585.0,-5.02
7586.0,-5.08
7587.0,-5.11
7588.0,-5.12
7589.0,-5.03
7590.0,-5.05
7591.0,-5.32
7592.0,-5.17
7593.0,-5.05
7594.0,-5.3
7595.0,-5.470000000000001
7596.0,-5.42
7597.0,-5.01
7598.0,-5.38
7599.0,-5.04
7600.0,-5.3100000000000005
7601.0,-5.05
7602.0,-5.26
7603.0,-5.07
7604.0,-5.41
7605.0,-5.09
7606.0,-5.15
7607.0,-5.2700000000000005
7608.0,-5.01
7609.0,-5.51
7610.0,-5.26
7611.0,-5.07
7612.0,-5.5200000000000005
7613.0,-5.14
7614.0,-5.2700000000000005
7615.0,-5.02
7616.0,-5.53
7617.0,-5.09
7618.0,-5.73
7619.0,-5.41
7620.0,-5.59
7621.0,-5.74
7622.0,-5.06
7623.0,-5.1
7624.0,-5.06
7625.0,-5.53
7626.0,-5.03
7627.0,-5.15
7628.0,-5.74
7629.0,-5.11
7630.0,-5.430000000000001
7631.0,-5.38
7632.0,-5.02
7633.0,-5.65
7634.0,-5.04
7635.0,-5.15
7636.0,-5.1
7637.0,-5.630000000000001
7638.0,-5.14
7639.0,-5.09
7640.0,-5.07
7641.0,-5.32
7642.0,-5.1
7643.0,-5.6000000000000005
7644.0,-5.01
7645.0,-5.06
7646.0,-5.14
7647.0,-5.890000000000001
7648.0,-5.3500000000000005
7649.0,-5.03
7650.0,-5.34
7651.0,-5.03
7652.0,-5.3
7653.0,-5.25
7654.0,-5.16
7655.0,-5.17
7656.0,-5.29
7657.0,-5.23
7658.0,-5.38
7659.0,-5.46
7660.0,-5.3
7661.0,-5.07
7662.0,-5.3100000000000005
7663.0,-5.01
7664.0,-5.02
7665.0,-5.04
7666.0,-5.58
7667.0,-5.01
7668.0,-5.11
7669.0,-5.01
7670.0,-5.04
7671.0,-5.06
7672.0,-5.11
7673.0,-5.38
7674.0,-5.25
7675.0,-5.02
7676.0,-5.04
7677.0,-5.14
7678.0,-5.04
7679.0,-5.73
7680.0,-5.04
7681.0,-5.3500000000000005
7682.0,-5.01
7683.0,-5.19
7684.0,-5.04
7685.0,-5.17
7686.0,-5.58
7687.0,-5.930000000000001
7688.0,-5.12
7689.0,-5.8500000000000005
7690.0,-5.5200000000000005
7691.0,-5.18
7692.0,-5.02
7693.0,-5.3500000000000005
7694.0,-5.03
7695.0,-5.06
7696.0,-5.03
7697.0,-5.22
7698.0,-5.13
7699.0,-5.14
7700.0,-5.54
7701.0,-5.1
7702.0,-5.38
7703.0,-5.1
7704.0,-5.14
7705.0,-5.32
7706.0,-5.24
7707.0,-5.29
7708.0,-5.02
7709.0,-5.01
7710.0,-5.02
7711.0,-5.04
7712.0,-5.01
7713.0,-5.01
7714.0,-5.45
7715.0,-5.03
7716.0,-5.15
7717.0,-5.390000000000001
7718.0,-5.14
7719.0,-5.390000000000001
7720.0,-5.51
7721.0,-5.4
7722.0,-5.05
7723.0,-5.1
7724.0,-5.01
7725.0,-5.3100000000000005
7726.0,-5.08
7727.0,-5.03
7728.0,-5.42
7729.0,-5.01
7730.0,-5.25
7731.0,-5.66
7732.0,-5.04
7733.0,-5.48
7734.0,-5.18
7735.0,-5.01
7736.0,-5.04
7737.0,-5.02
7738.0,-5.26
7739.0,-5.03
7740.0,-5.800000000000001
7741.0,-5.03
7742.0,-5.54
7743.0,-5.06
7744.0,-5.2700000000000005
7745.0,-5.08
7746.0,-5.42
7747.0,-5.38
7748.0,-5.06
7749.0,-5.07
7750.0,-5.5200000000000005
7751.0,-5.38
7752.0,-5.2700000000000005
7753.0,-5.22
7754.0,-5.03
7755.0,-5.08
7756.0,-5.890000000000001
7757.0,-5.2700000000000005
7758.0,-5.04
7759.0,-5.03
7760.0,-5.14
7761.0,-5.920000000000001
7762.0,-5.28
7763.0,-5.4
7764.0,-5.5
7765.0,-5.03
7766.0,-5.05
7767.0,-5.32
7768.0,-5.11
7769.0,-5.02
7770.0,-5.04
7771.0,-5.59
7772.0,-5.08
7773.0,-5.06
7774.0,-5.37
7775.0,-5.01
7776.0,-5.49
7777.0,-5.06
7778.0,-5.05
7779.0,-5.06
7780.0,-5.01
7781.0,-5.51
7782.0,-5.03
7783.0,-5.37
7784.0,-5.03
7785.0,-5.5
7786.0,-5.12
7787.0,-5.49
7788.0,-5.01
7789.0,-5.06
7790.0,-5.03
7791.0,-5.01
7792.0,-5.7
7793.0,-5.09
7794.0,-5.12
7795.0,-5.04
7796.0,-5.08
7797.0,-5.15
7798.0,-5.430000000000001
7799.0,-5.11
7800.0,-5.36
7801.0,-5.32
7802.0,-5.09
7803.0,-5.06
7804.0,-5.13
7805.0,-5.26
7806.0,-5.74
7807.0,-5.3
7808.0,-5.09
7809.0,-5.45
7810.0,-5.1
7811.0,-5.390000000000001
7812.0,-5.59
7813.0,-5.430000000000001
7814.0,-5.14
7815.0,-5.06
7816.0,-5.07
7817.0,-5.4
7818.0,-5.04
7819.0,-5.04
7820.0,-5.390000000000001
7821.0,-5.3
7822.0,-5.44
7823.0,-5.04
7824.0,-5.02
7825.0,-5.22
7826.0,-5.14
7827.0,-5.12
7828.0,-5.11
7829.0,-5.06
7830.0,-5.390000000000001
7831.0,-5.5600000000000005
7832.0,-5.33
7833.0,-5.470000000000001
7834.0,-5.45
7835.0,-5.38
7836.0,-5.430000000000001
7837.0,-5.28
7838.0,-5.03
7839.0,-5.19
7840.0,-5.74
7841.0,-5.17
7842.0,-5.390000000000001
7843.0,-5.05
7844.0,-5.61
7845.0,-5.49
7846.0,-5.42
7847.0,-5.06
7848.0,-5.53
7849.0,-5.05
7850.0,-5.67
7851.0,-5.06
7852.0,-5.03
7853.0,-5.5600000000000005
7854.0,-5.5600000000000005
7855.0,-5.390000000000001
7856.0,-5.03
7857.0,-5.03
7858.0,-5.06
7859.0,-5.37
7860.0,-5.390000000000001
7861.0,-5.57
7862.0,-5.01
7863.0,-5.550000000000001
7864.0,-5.07
7865.0,-5.04
7866.0,-5.33
7867.0,-5.02
7868.0,-5.48
7869.0,-5.3
7870.0,-5.24
7871.0,-5.11
7872.0,-5.36
7873.0,-5.2700000000000005
7874.0,-5.06
7875.0,-5.02
7876.0,-5.02
7877.0,-5.73
7878.0,-5.46
7879.0,-5.2700000000000005
7880.0,-5.6000000000000005
7881.0,-5.04
7882.0,-5.02
7883.0,-5.6000000000000005
7884.0,-5.05
7885.0,-5.04
7886.0,-5.09
7887.0,-5.24
7888.0,-5.01
7889.0,-5.09
7890.0,-5.34
7891.0,-5.3
7892.0,-5.09
7893.0,-5.06
7894.0,-5.42
7895.0,-5.01
7896.0,-5.03
7897.0,-5.49
7898.0,-5.2700000000000005
7899.0,-5.38
7900.0,-5.7
7901.0,-5.44
7902.0,-5.37
7903.0,-5.24
7904.0,-5.69
7905.0,-5.73
7906.0,-5.41
7907.0,-5.4
7908.0,-5.17
7909.0,-5.3100000000000005
7910.0,-5.24
7911.0,-5.24
7912.0,-5.6000000000000005
7913.0,-5.17
7914.0,-5.2700000000000005
7915.0,-5.02
7916.0,-5.390000000000001
7917.0,-5.53
7918.0,-5.33
7919.0,-5.37
7920.0,-5.2700000000000005
7921.0,-5.07
7922.0,-5.03
7923.0,-5.05
7924.0,-5.550000000000001
7925.0,-5.08
7926.0,-5.28
7927.0,-5.01
7928.0,-5.14
7929.0,-5.03
7930.0,-5.5
7931.0,-5.02
7932.0,-5.1
7933.0,-5.65
7934.0,-5.01
7935.0,-5.390000000000001
7936.0,-5.07
7937.0,-5.69
7938.0,-5.2700000000000005
7939.0,-5.1
7940.0,-5.05
7941.0,-5.01
7942.0,-5.7700000000000005
7943.0,-5.01
7944.0,-5.2
7945.0,-5.03
7946.0,-5.09
7947.0,-5.38
7948.0,-5.22
7949.0,-5.09
7950.0,-5.25
7951.0,-5.13
7952.0,-5.11
7953.0,-5.12
7954.0,-5.01
7955.0,-5.16
7956.0,-5.22
7957.0,-5.08
7958.0,-5.840000000000001
7959.0,-5.62
7960.0,-5.06
7961.0,-5.01
7962.0,-5.26
7963.0,-5.710000000000001
7964.0,-5.11
7965.0,-5.3100000000000005
7966.0,-5.54
7967.0,-5.06
7968.0,-5.32
7969.0,-5.04
7970.0,-1.0000000000000007
7971.0,-5.11
7972.0,-5.07
7973.0,-5.04
7974.0,-5.01
7975.0,-5.04
7976.0,-5.5600000000000005
7977.0,-5.630000000000001
7978.0,-5.05
7979.0,-5.06
7980.0,-5.03
7981.0,-5.390000000000001
7982.0,-5.12
7983.0,-5.06
7984.0,-5.06
7985.0,-5.21
7986.0,-5.03
7987.0,-5.66
7988.0,-5.01
7989.0,-5.62
7990.0,-5.08
7991.0,-5.7700000000000005
7992.0,-5.3
7993.0,-5.4
7994.0,-5.41
7995.0,-5.01
7996.0,-5.680000000000001
7997.0,-5.21
7998.0,-5.32
7999.0,-5.04
8000.0,-5.14
8001.0,-5.06
8002.0,-5.08
8003.0,-5.67
8004.0,-5.16
8005.0,-5.04
8006.0,-5.02
8007.0,-5.04
8008.0,-5.04
8009.0,-5.42
8010.0,-5.04
8011.0,-5.18
8012.0,-5.69
8013.0,-5.09
8014.0,-5.470000000000001
8015.0,-5.02
8016.0,-5.430000000000001
8017.0,-5.21
8018.0,-5.12
8019.0,-5.1
8020.0,-5.06
8021.0,-5.98
8022.0,-5.18
8023.0,-5.09
8024.0,-5.06
8025.0,-5.16
8026.0,-5.18
8027.0,-5.59
8028.0,-5.04
8029.0,-5.04
8030.0,-5.3
8031.0,-5.5200000000000005
8032.0,-5.06
8033.0,-5.07
8034.0,-5.01
8035.0,-5.04
8036.0,-5.4
8037.0,-5.5
8038.0,-5.12
8039.0,-5.4
8040.0,-5.65
8041.0,-5.02
8042.0,-5.14
8043.0,-5.44
8044.0,-5.3
8045.0,-5.5
8046.0,-5.05
8047.0,-5.390000000000001
8048.0,-5.13
8049.0,-5.09
8050.0,-5.2
8051.0,-5.48
8052.0,-5.58
8053.0,-5.32
8054.0,-5.24
8055.0,-5.09
8056.0,-5.36
8057.0,-5.02
8058.0,-5.36
8059.0,-5.03
8060.0,-5.3100000000000005
8061.0,-5.41
8062.0,-5.1
8063.0,-5.36
8064.0,-5.51
8065.0,-5.02
8066.0,-5.02
8067.0,-5.4
8068.0,-5.49
8069.0,-5.05
8070.0,-5.1
8071.0,-5.82
8072.0,-5.19
8073.0,-5.680000000000001
8074.0,-5.18
8075.0,-5.59
8076.0,-5.04
8077.0,-5.53
8078.0,-5.04
8079.0,-5.5600000000000005
8080.0,-5.46
8081.0,-5.1
8082.0,-5.890000000000001
8083.0,-5.15
8084.0,-5.45
8085.0,-5.54
8086.0,-5.06
8087.0,-5.37
8088.0,-5.1
8089.0,-5.430000000000001
8090.0,-5.02
8091.0,-5.09
8092.0,-5.06
8093.0,-5.45
8094.0,-5.4
8095.0,-5.04
8096.0,-5.3
8097.0,-5.09
8098.0,-5.66
8099.0,-5.14
8100.0,-5.03
8101.0,-5.630000000000001
8102.0,-5.06
8103.0,-5.37
8104.0,-5.01
8105.0,-5.4
8106.0,-5.02
8107.0,-5.03
8108.0,-5.970000000000001
8109.0,-5.32
8110.0,-5.4
8111.0,-5.66
8112.0,-5.36
8113.0,-5.23
8114.0,-5.23
8115.0,-5.02
8116.0,-5.11
8117.0,-5.2
8118.0,-5.06
8119.0,-5.25
8120.0,-5.02
8121.0,-5.23
8122.0,-5.54
8123.0,-5.06
8124.0,-5.4
8125.0,-5.03
8126.0,-5.23
8127.0,-5.07
8128.0,-5.550000000000001
8129.0,-5.07
8130.0,-5.29
8131.0,-5.01
8132.0,-5.02
8133.0,-5.14
8134.0,-5.720000000000001
8135.0,-5.02
8136.0,-5.28
8137.0,-5.18
8138.0,-5.3500000000000005
8139.0,-5.62
8140.0,-5.5200000000000005
8141.0,-5.01
8142.0,-5.5600000000000005
8143.0,-5.29
8144.0,-5.09
8145.0,-5.01
8146.0,-5.78
8147.0,-5.8100000000000005
8148.0,-5.54
8149.0,-5.09
8150.0,-5.17
8151.0,-5.06
8152.0,-5.28
8153.0,-5.01
8154.0,-5.22
8155.0,-5.51
8156.0,-5.04
8157.0,-5.4
8158.0,-5.08
8159.0,-5.02
8160.0,-5.470000000000001
8161.0,-5.3100000000000005
8162.0,-5.29
8163.0,-5.16
8164.0,-5.01
8165.0,-5.49
8166.0,-5.02
8167.0,-5.21
8168.0,-5.11
8169.0,-5.02
8170.0,-5.16
8171.0,-5.01
8172.0,-5.15
8173.0,-5.57
8174.0,-5.03
8175.0,-5.470000000000001
8176.0,-5.29
8177.0,-5.01
8178.0,-5.07
8179.0,-5.04
8180.0,-5.2700000000000005
8181.0,-5.5600000000000005
8182.0,-5.07
8183.0,-5.3100000000000005
8184.0,-5.03
8185.0,-5.7700000000000005
8186.0,-5.02
8187.0,-5.78
8188.0,-5.03
8189.0,-5.09
8190.0,-5.07
8191.0,-5.02
8192.0,-5.42
8193.0,-5.07
8194.0,-5.24
8195.0,-5.53
8196.0,-5.14
8197.0,-5.28
8198.0,-5.630000000000001
8199.0,-5.41
8200.0,-5.17
8201.0,-5.26
8202.0,-5.08
8203.0,-5.54
8204.0,-5.51
8205.0,-5.37
8206.0,-5.04
8207.0,-5.09
8208.0,-5.03
8209.0,-5.23
8210.0,-5.41
8211.0,-5.61
8212.0,-5.2
8213.0,-5.2
8214.0,-5.06
8215.0,-5.98
8216.0,-5.12
8217.0,-5.14
8218.0,-5.08
8219.0,-5.07
8220.0,-5.08
8221.0,-5.2700000000000005
8222.0,-5.11
8223.0,-5.02
8224.0,-5.11
8225.0,-5.2
8226.0,-5.22
8227.0,-5.04
8228.0,-5.15
8229.0,-5.15
8230.0,-5.69
8231.0,-5.09
8232.0,-5.2
8233.0,-5.28
8234.0,-5.25
8235.0,-5.44
8236.0,-5.6000000000000005
8237.0,-5.44
8238.0,-5.02
8239.0,-5.640000000000001
8240.0,-5.13
8241.0,-5.13
8242.0,-5.28
8243.0,-5.61
8244.0,-5.46
8245.0,-5.640000000000001
8246.0,-5.36
8247.0,-5.42
8248.0,-5.29
8249.0,-5.45
8250.0,-5.17
8251.0,-5.53
8252.0,-5.03
8253.0,-5.06
8254.0,-5.36
8255.0,-5.28
8256.0,-5.02
8257.0,-5.2
8258.0,-5.2
8259.0,-5.12
8260.0,-5.01
8261.0,-5.6000000000000005
8262.0,-5.17
8263.0,-5.720000000000001
8264.0,-5.25
8265.0,-5.37
8266.0,-5.02
8267.0,-5.640000000000001
8268.0,-5.67
8269.0,-5.04
8270.0,-5.08
8271.0,-5.19
8272.0,-5.13
8273.0,-5.18
8274.0,-5.02
8275.0,-5.44
8276.0,-5.05
8277.0,-5.08
8278.0,-5.42
8279.0,-5.01
8280.0,-5.04
8281.0,-5.3
8282.0,-5.3100000000000005
8283.0,-5.05
8284.0,-5.02
8285.0,-5.06
8286.0,-5.05
8287.0,-5.02
8288.0,-5.19
8289.0,-5.51
8290.0,-5.1
8291.0,-5.28
8292.0,-5.6000000000000005
8293.0,-5.01
8294.0,-5.04
8295.0,-5.550000000000001
8296.0,-5.07
8297.0,-1.0000000000000007
8298.0,-5.53
8299.0,-5.37
8300.0,-5.12
8301.0,-5.75
8302.0,-5.15
8303.0,-5.33
8304.0,-5.23
8305.0,-5.33
8306.0,-5.02
8307.0,-5.5600000000000005
8308.0,-5.03
8309.0,-5.36
8310.0,-5.25
8311.0,-5.07
8312.0,-5.3
8313.0,-5.04
8314.0,-5.04
8315.0,-5.08
8316.0,-5.34
8317.0,-5.1
8318.0,-5.08
8319.0,-5.05
8320.0,-5.800000000000001
8321.0,-5.03
8322.0,-5.82
8323.0,-5.67
8324.0,-5.04
8325.0,-5.29
8326.0,-5.02
8327.0,-5.48
8328.0,-5.07
8329.0,-5.01
8330.0,-5.14
8331.0,-5.07
8332.0,-5.06
8333.0,-5.01
8334.0,-5.62
8335.0,-5.04
8336.0,-5.07
8337.0,-5.04
8338.0,-5.11
8339.0,-5.44
8340.0,-5.25
8341.0,-5.46
8342.0,-5.06
8343.0,-5.01
8344.0,-5.02
8345.0,-5.03
8346.0,-5.26
8347.0,-5.24
8348.0,-5.12
8349.0,-5.01
8350.0,-5.28
8351.0,-5.49
8352.0,-5.04
8353.0,-5.630000000000001
8354.0,-5.3100000000000005
8355.0,-5.15
8356.0,-5.66
8357.0,-5.05
8358.0,-5.02
8359.0,-5.5600000000000005
8360.0,-5.15
8361.0,-5.05
8362.0,-5.01
8363.0,-5.45
8364.0,-5.7
8365.0,-5.680000000000001
8366.0,-5.08
8367.0,-5.45
8368.0,-5.37
8369.0,-5.01
8370.0,-5.3
8371.0,-5.16
8372.0,-5.02
8373.0,-5.12
8374.0,-5.04
8375.0,-5.02
8376.0,-5.06
8377.0,-5.02
8378.0,-5.16
8379.0,-5.04
8380.0,-5.33
8381.0,-5.04
8382.0,-1.0000000000000007
8383.0,-5.32
8384.0,-5.02
8385.0,-5.470000000000001
8386.0,-5.57
8387.0,-5.03
8388.0,-5.02
8389.0,-5.02
8390.0,-5.5
8391.0,-5.03
8392.0,-5.630000000000001
8393.0,-5.05
8394.0,-5.870000000000001
8395.0,-5.01
8396.0,-5.33
8397.0,-5.4
8398.0,-5.17
8399.0,-5.09
8400.0,-5.09
8401.0,-5.41
8402.0,-5.4
8403.0,-5.890000000000001
8404.0,-5.14
8405.0,-5.19
8406.0,-5.66
8407.0,-5.11
8408.0,-5.09
8409.0,-5.15
8410.0,-5.06
8411.0,-5.44
8412.0,-5.41
8413.0,-5.36
8414.0,-5.720000000000001
8415.0,-5.08
8416.0,-5.28
8417.0,-5.3500000000000005
8418.0,-5.890000000000001
8419.0,-5.08
8420.0,-5.23
8421.0,-5.01
8422.0,-5.920000000000001
8423.0,-5.34
8424.0,-5.04
8425.0,-5.26
8426.0,-5.23
8427.0,-5.02
8428.0,-5.44
8429.0,-5.06
8430.0,-5.24
8431.0,-5.08
8432.0,-5.04
8433.0,-5.25
8434.0,-5.29
8435.0,-5.470000000000001
8436.0,-5.06
8437.0,-5.390000000000001
8438.0,-5.01
8439.0,-5.1
8440.0,-5.01
8441.0,-5.02
8442.0,-5.11
8443.0,-5.23
8444.0,-5.41
8445.0,-5.3100000000000005
8446.0,-5.69
8447.0,-5.37
8448.0,-5.22
8449.0,-5.06
8450.0,-5.06
8451.0,-5.03
8452.0,-5.25
8453.0,-5.21
8454.0,-5.45
8455.0,-5.33
8456.0,-5.430000000000001
8457.0,-5.62
8458.0,-5.14
8459.0,-5.390000000000001
8460.0,-5.46
8461.0,-5.07
8462.0,-5.470000000000001
8463.0,-5.42
8464.0,-5.18
8465.0,-5.02
8466.0,-5.61
8467.0,-5.05
8468.0,-5.3
8469.0,-5.67
8470.0,-5.28
8471.0,-5.11
8472.0,-5.04
8473.0,-5.13
8474.0,-5.59
8475.0,-5.04
8476.0,-5.08
8477.0,-1.0000000000000007
8478.0,-5.03
8479.0,-5.41
8480.0,-5.4
8481.0,-5.06
8482.0,-5.470000000000001
8483.0,-5.16
8484.0,-5.37
8485.0,-5.51
8486.0,-5.42
8487.0,-5.3500000000000005
8488.0,-5.12
8489.0,-5.13
8490.0,-5.03
8491.0,-5.18
8492.0,-5.15
8493.0,-5.2
8494.0,-5.3500000000000005
8495.0,-5.03
8496.0,-5.02
8497.0,-5.32
8498.0,-5.05
8499.0,-5.86
8500.0,-5.74
8501.0,-5.03
8502.0,-5.6000000000000005
8503.0,-5.04
8504.0,-5.4
8505.0,-5.36
8506.0,-5.19
8507.0,-5.2700000000000005
8508.0,-5.32
8509.0,-5.13
8510.0,-5.05
8511.0,-5.05
8512.0,-5.32
8513.0,-5.06
8514.0,-5.04
8515.0,-5.48
8516.0,-5.790000000000001
8517.0,-5.42
8518.0,-5.2700000000000005
8519.0,-5.02
8520.0,-5.470000000000001
8521.0,-5.53
8522.0,-5.03
8523.0,-5.09
8524.0,-5.09
8525.0,-5.44
8526.0,-5.32
8527.0,-5.04
8528.0,-5.21
8529.0,-5.46
8530.0,-5.550000000000001
8531.0,-5.69
8532.0,-5.04
8533.0,-5.06
8534.0,-5.06
8535.0,-5.01
8536.0,-5.22
8537.0,-5.38
8538.0,-5.5600000000000005
8539.0,-5.5
8540.0,-5.66
8541.0,-5.08
8542.0,-5.24
8543.0,-5.51
8544.0,-5.3500000000000005
8545.0,-5.02
8546.0,-5.01
8547.0,-5.41
8548.0,-5.41
8549.0,-5.22
8550.0,-5.08
8551.0,-5.430000000000001
8552.0,-5.01
8553.0,-5.06
8554.0,-5.14
8555.0,-5.07
8556.0,-5.04
8557.0,-5.02
8558.0,-5.21
8559.0,-5.5600000000000005
8560.0,-5.49
8561.0,-5.37
8562.0,-5.5200000000000005
8563.0,-5.22
8564.0,-5.04
8565.0,-5.66
8566.0,-5.03
8567.0,-5.01
8568.0,-5.4
8569.0,-5.32
8570.0,-5.09
8571.0,-5.69
8572.0,-5.21
8573.0,-5.03
8574.0,-5.390000000000001
8575.0,-5.08
8576.0,-5.01
8577.0,-5.11
8578.0,-5.46
8579.0,-5.05
8580.0,-5.2700000000000005
8581.0,-5.13
8582.0,-5.05
8583.0,-5.32
8584.0,-5.18
8585.0,-5.04
8586.0,-5.02
8587.0,-5.05
8588.0,-5.1
8589.0,-5.69
8590.0,-5.54
8591.0,-5.91
8592.0,-5.37
8593.0,-5.02
8594.0,-5.45
8595.0,-5.41
8596.0,-5.04
8597.0,-5.24
8598.0,-5.12
8599.0,-5.17
8600.0,-5.01
8601.0,-5.09
8602.0,-5.04
8603.0,-5.15
8604.0,-5.3
8605.0,-5.430000000000001
8606.0,-5.09
8607.0,-5.640000000000001
8608.0,-5.03
8609.0,-5.34
8610.0,-5.09
8611.0,-5.17
8612.0,-5.45
8613.0,-5.24
8614.0,-5.07
8615.0,-5.06
8616.0,-5.09
8617.0,-5.08
8618.0,-5.07
8619.0,-5.3100000000000005
8620.0,-5.32
8621.0,-5.2700000000000005
8622.0,-5.33
8623.0,-5.390000000000001
8624.0,-5.01
8625.0,-5.05
8626.0,-5.41
8627.0,-5.18
8628.0,-5.3
8629.0,-5.630000000000001
8630.0,-5.02
8631.0,-5.01
8632.0,-5.09
8633.0,-5.9
8634.0,-5.3500000000000005
8635.0,-5.09
8636.0,-5.14
8637.0,-5.12
8638.0,-5.05
8639.0,-5.42
8640.0,-5.04
8641.0,-5.26
8642.0,-5.02
8643.0,-5.57
8644.0,-5.38
8645.0,-5.12
8646.0,-5.3100000000000005
8647.0,-5.73
8648.0,-5.880000000000001
8649.0,-5.680000000000001
8650.0,-5.5600000000000005
8651.0,-5.430000000000001
8652.0,-5.4
8653.0,-5.02
8654.0,-5.03
8655.0,-5.25
8656.0,-5.14
8657.0,-5.36
8658.0,-5.32
8659.0,-5.08
8660.0,-5.41
8661.0,-5.26
8662.0,-5.05
8663.0,-5.01
8664.0,-5.46
8665.0,-5.26
8666.0,-5.01
8667.0,-5.15
8668.0,-5.01
8669.0,-5.42
8670.0,-5.36
8671.0,-5.3
8672.0,-5.04
8673.0,-5.41
8674.0,-5.03
8675.0,-5.38
8676.0,-5.390000000000001
8677.0,-5.3
8678.0,-5.03
8679.0,-5.02
8680.0,-5.03
8681.0,-5.41
8682.0,-5.06
8683.0,-5.3100000000000005
8684.0,-5.390000000000001
8685.0,-5.6000000000000005
8686.0,-5.430000000000001
8687.0,-5.05
8688.0,-5.16
8689.0,-5.13
8690.0,-5.08
8691.0,-5.4
8692.0,-5.37
8693.0,-5.06
8694.0,-5.06
8695.0,-5.57
8696.0,-5.720000000000001
8697.0,-5.32
8698.0,-5.18
8699.0,-5.3500000000000005
8700.0,-5.11
8701.0,-5.25
8702.0,-5.25
8703.0,-5.24
8704.0,-5.02
8705.0,-5.15
8706.0,-5.32
8707.0,-5.03
8708.0,-5.04
8709.0,-5.19
8710.0,-5.06
8711.0,-5.1
8712.0,-5.5600000000000005
8713.0,-5.38
8714.0,-5.41
8715.0,-5.41
8716.0,-5.01
8717.0,-5.09
8718.0,-5.34
8719.0,-1.0000000000000007
8720.0,-5.04
8721.0,-5.12
8722.0,-5.25
8723.0,-5.11
8724.0,-5.1
8725.0,-5.08
8726.0,-5.5
8727.0,-5.3100000000000005
8728.0,-5.08
8729.0,-5.01
8730.0,-5.12
8731.0,-5.07
8732.0,-5.02
8733.0,-5.37
8734.0,-5.34
8735.0,-5.1
8736.0,-5.01
8737.0,-5.02
8738.0,-5.13
8739.0,-5.09
8740.0,-5.630000000000001
8741.0,-5.01
8742.0,-5.33
8743.0,-5.51
8744.0,-5.3500000000000005
8745.0,-5.21
8746.0,-5.550000000000001
8747.0,-5.02
8748.0,-5.04
8749.0,-5.18
8750.0,-5.26
8751.0,-5.02
8752.0,-5.48
8753.0,-5.08
8754.0,-5.01
8755.0,-5.12
8756.0,-5.06
8757.0,-5.53
8758.0,-5.18
8759.0,-5.01
8760.0,-5.37
8761.0,-5.11
8762.0,-5.02
8763.0,-5.36
8764.0,-5.42
8765.0,-5.15
8766.0,-5.02
8767.0,-5.06
8768.0,-5.01
8769.0,-5.36
8770.0,-5.05
8771.0,-5.38
8772.0,-5.3500000000000005
8773.0,-5.29
8774.0,-5.11
8775.0,-5.12
8776.0,-5.1
8777.0,-5.82
8778.0,-5.59
8779.0,-5.51
8780.0,-5.28
8781.0,-5.04
8782.0,-5.13
8783.0,-5.03
8784.0,-5.3100000000000005
8785.0,-5.03
8786.0,-5.15
8787.0,-5.06
8788.0,-5.430000000000001
8789.0,-5.36
8790.0,-5.02
8791.0,-5.18
8792.0,-5.36
8793.0,-5.3
8794.0,-5.25
8795.0,-5.37
8796.0,-5.16
8797.0,-5.17
8798.0,-5.65
8799.0,-5.1
8800.0,-5.04
8801.0,-5.710000000000001
8802.0,-5.32
8803.0,-5.46
8804.0,-5.58
8805.0,-5.67
8806.0,-5.04
8807.0,-5.16
8808.0,-5.7
8809.0,-5.04
8810.0,-5.05
8811.0,-5.01
8812.0,-5.11
8813.0,-5.5200000000000005
8814.0,-5.08
8815.0,-5.06
8816.0,-5.01
8817.0,-5.3500000000000005
8818.0,-5.01
8819.0,-5.23
8820.0,-5.3500000000000005
8821.0,-5.03
8822.0,-5.58
8823.0,-5.19
8824.0,-5.3100000000000005
8825.0,-5.03
8826.0,-5.5
8827.0,-5.03
8828.0,-5.65
8829.0,-5.02
8830.0,-5.02
8831.0,-5.46
8832.0,-5.06
8833.0,-5.14
8834.0,-5.640000000000001
8835.0,-5.32
8836.0,-5.01
8837.0,-5.29
8838.0,-5.15
8839.0,-5.04
8840.0,-5.08
8841.0,-5.2
8842.0,-5.14
8843.0,-5.67
8844.0,-5.53
8845.0,-5.37
8846.0,-5.41
8847.0,-5.2
8848.0,-5.3500000000000005
8849.0,-5.06
8850.0,-5.2
8851.0,-5.42
8852.0,-5.28
8853.0,-5.3
8854.0,-5.36
8855.0,-5.08
8856.0,-5.62
8857.0,-5.06
8858.0,-5.2700000000000005
8859.0,-5.33
8860.0,-5.45
8861.0,-5.13
8862.0,-5.05
8863.0,-5.2
8864.0,-5.33
8865.0,-5.3
8866.0,-5.11
8867.0,-5.16
8868.0,-5.4
8869.0,-5.04
8870.0,-5.01
8871.0,-5.07
8872.0,-5.04
8873.0,-5.26
8874.0,-5.09
8875.0,-5.01
8876.0,-5.04
8877.0,-5.12
8878.0,-5.04
8879.0,-5.4
8880.0,-5.3100000000000005
8881.0,-5.3500000000000005
8882.0,-5.44
8883.0,-5.06
8884.0,-5.08
8885.0,-5.15
8886.0,-5.34
8887.0,-5.53
8888.0,-5.26
8889.0,-5.42
8890.0,-5.26
8891.0,-5.33
8892.0,-5.02
8893.0,-5.23
8894.0,-5.12
8895.0,-5.3100000000000005
8896.0,-5.13
8897.0,-5.1
8898.0,-5.430000000000001
8899.0,-5.640000000000001
8900.0,-5.16
8901.0,-5.01
8902.0,-5.04
8903.0,-5.42
8904.0,-5.3
8905.0,-5.34
8906.0,-5.37
8907.0,-5.02
8908.0,-5.13
8909.0,-5.02
8910.0,-5.86
8911.0,-5.16
8912.0,-5.08
8913.0,-5.06
8914.0,-5.06
8915.0,-5.09
8916.0,-5.02
8917.0,-5.24
8918.0,-5.29
8919.0,-5.470000000000001
8920.0,-5.1
8921.0,-5.01
8922.0,-5.02
8923.0,-5.04
8924.0,-5.02
8925.0,-5.32
8926.0,-5.29
8927.0,-5.26
8928.0,-5.04
8929.0,-5.44
8930.0,-5.09
8931.0,-5.06
8932.0,-5.19
8933.0,-5.21
8934.0,-5.67
8935.0,-5.03
8936.0,-5.04
8937.0,-5.04
8938.0,-5.25
8939.0,-5.04
8940.0,-5.04
8941.0,-5.02
8942.0,-5.37
8943.0,-5.78
8944.0,-5.2
8945.0,-5.08
8946.0,-5.01
8947.0,-5.08
8948.0,-5.3500000000000005
8949.0,-5.12
8950.0,-5.01
8951.0,-5.12
8952.0,-5.920000000000001
8953.0,-5.14
8954.0,-5.430000000000001
8955.0,-5.26
8956.0,-5.790000000000001
8957.0,-5.01
8958.0,-5.04
8959.0,-5.34
8960.0,-5.06
8961.0,-5.48
8962.0,-5.03
8963.0,-5.53
8964.0,-5.46
8965.0,-5.14
8966.0,-5.03
8967.0,-5.59
8968.0,-5.07
8969.0,-5.13
8970.0,-5.24
8971.0,-5.09
8972.0,-5.99
8973.0,-5.840000000000001
8974.0,-5.26
8975.0,-5.25
8976.0,-5.3100000000000005
8977.0,-5.46
8978.0,-5.86
8979.0,-5.17
8980.0,-5.24
8981.0,-5.17
8982.0,-5.38
8983.0,-5.06
8984.0,-5.02
8985.0,-5.17
8986.0,-5.3100000000000005
8987.0,-5.01
8988.0,-5.02
8989.0,-5.3500000000000005
8990.0,-5.16
8991.0,-5.04
8992.0,-5.470000000000001
8993.0,-5.23
8994.0,-5.36
8995.0,-5.01
8996.0,-5.05
8997.0,-5.03
8998.0,-5.04
8999.0,-5.09
9000.0,-5.04
9001.0,-5.41
9002.0,-5.65
9003.0,-5.75
9004.0,-1.0000000000000007
9005.0,-5.13
9006.0,-5.01
9007.0,-5.24
9008.0,-5.21
9009.0,-5.02
9010.0,-5.61
9011.0,-5.03
9012.0,-5.01
9013.0,-5.41
9014.0,-5.02
9015.0,-5.5200000000000005
9016.0,-5.28
9017.0,-5.51
9018.0,-5.02
9019.0,-5.05
9020.0,-5.3100000000000005
9021.0,-5.18
9022.0,-5.13
9023.0,-5.24
9024.0,-5.02
9025.0,-5.28
9026.0,-5.470000000000001
9027.0,-5.05
9028.0,-5.32
9029.0,-5.24
9030.0,-5.390000000000001
9031.0,-5.1
9032.0,-5.24
9033.0,-5.03
9034.0,-5.09
9035.0,-5.38
9036.0,-5.19
9037.0,-5.98
9038.0,-5.06
9039.0,-5.09
9040.0,-5.08
9041.0,-5.3100000000000005
9042.0,-5.01
9043.0,-5.33
9044.0,-5.09
9045.0,-5.470000000000001
9046.0,-5.3
9047.0,-5.45
9048.0,-5.680000000000001
9049.0,-5.15
9050.0,-5.23
9051.0,-5.01
9052.0,-5.05
9053.0,-5.08
9054.0,-5.54
9055.0,-5.640000000000001
9056.0,-5.28
9057.0,-5.02
9058.0,-5.640000000000001
9059.0,-5.59
9060.0,-5.28
9061.0,-5.06
9062.0,-5.34
9063.0,-5.14
9064.0,-5.04
9065.0,-5.04
9066.0,-5.18
9067.0,-5.54
9068.0,-5.02
9069.0,-5.66
9070.0,-5.04
9071.0,-5.37
9072.0,-5.19
9073.0,-5.720000000000001
9074.0,-5.18
9075.0,-5.05
9076.0,-5.04
9077.0,-5.67
9078.0,-5.11
9079.0,-5.65
9080.0,-5.430000000000001
9081.0,-5.01
9082.0,-5.26
9083.0,-5.11
9084.0,-1.0000000000000007
9085.0,-5.08
9086.0,-5.08
9087.0,-5.01
9088.0,-5.12
9089.0,-5.32
9090.0,-5.13
9091.0,-5.41
9092.0,-5.04
9093.0,-5.04
9094.0,-5.430000000000001
9095.0,-5.3100000000000005
9096.0,-5.880000000000001
9097.0,-5.08
9098.0,-5.33
9099.0,-5.42
9100.0,-5.32
9101.0,-5.02
9102.0,-5.22
9103.0,-5.5600000000000005
9104.0,-5.550000000000001
9105.0,-5.02
9106.0,-5.3500000000000005
9107.0,-5.46
9108.0,-5.05
9109.0,-5.07
9110.0,-5.550000000000001
9111.0,-5.04
9112.0,-5.02
9113.0,-5.01
9114.0,-5.03
9115.0,-5.720000000000001
9116.0,-5.680000000000001
9117.0,-1.0000000000000007
9118.0,-5.06
9119.0,-1.0000000000000007
9120.0,-5.640000000000001
9121.0,-5.49
9122.0,-5.3
9123.0,-5.41
9124.0,-5.4
9125.0,-5.05
9126.0,-5.23
9127.0,-5.05
9128.0,-5.05
9129.0,-5.03
9130.0,-5.03
9131.0,-5.05
9132.0,-5.12
9133.0,-5.14
9134.0,-5.14
9135.0,-5.62
9136.0,-5.550000000000001
9137.0,-5.640000000000001
9138.0,-5.02
9139.0,-5.05
9140.0,-5.01
9141.0,-5.45
9142.0,-5.59
9143.0,-5.45
9144.0,-5.02
9145.0,-5.23
9146.0,-5.51
9147.0,-5.02
9148.0,-5.04
9149.0,-5.07
9150.0,-5.36
9151.0,-5.28
9152.0,-5.02
9153.0,-5.13
9154.0,-5.02
9155.0,-5.05
9156.0,-5.45
9157.0,-5.04
9158.0,-5.03
9159.0,-5.06
9160.0,-5.59
9161.0,-5.06
9162.0,-5.82
9163.0,-5.29
9164.0,-5.51
9165.0,-5.01
9166.0,-5.15
9167.0,-5.48
9168.0,-5.07
9169.0,-5.01
9170.0,-5.06
9171.0,-5.05
9172.0,-5.1
9173.0,-5.2
9174.0,-5.78
9175.0,-5.5200000000000005
9176.0,-5.01
9177.0,-5.04
9178.0,-5.05
9179.0,-5.59
9180.0,-5.02
9181.0,-5.04
9182.0,-5.51
9183.0,-5.790000000000001
9184.0,-5.09
9185.0,-5.02
9186.0,-5.3500000000000005
9187.0,-5.29
9188.0,-5.24
9189.0,-5.02
9190.0,-5.03
9191.0,-5.06
9192.0,-5.2700000000000005
9193.0,-5.4
9194.0,-5.38
9195.0,-5.41
9196.0,-5.45
9197.0,-5.04
9198.0,-5.3500000000000005
9199.0,-5.470000000000001
9200.0,-5.15
9201.0,-5.26
9202.0,-5.03
9203.0,-5.840000000000001
9204.0,-5.37
9205.0,-5.14
9206.0,-5.07
9207.0,-5.3
9208.0,-5.54
9209.0,-5.38
9210.0,-5.1
9211.0,-5.05
9212.0,-5.24
9213.0,-5.06
9214.0,-5.04
9215.0,-5.470000000000001
9216.0,-5.2
9217.0,-5.09
9218.0,-5.03
9219.0,-5.01
9220.0,-5.02
9221.0,-5.09
9222.0,-5.09
9223.0,-5.02
9224.0,-5.01
9225.0,-5.42
9226.0,-5.51
9227.0,-5.07
9228.0,-5.37
9229.0,-5.03
9230.0,-5.07
9231.0,-5.08
9232.0,-5.33
9233.0,-5.49
9234.0,-5.16
9235.0,-5.23
9236.0,-5.3100000000000005
9237.0,-5.29
9238.0,-5.04
9239.0,-5.5
9240.0,-5.1
9241.0,-5.05
9242.0,-5.630000000000001
9243.0,-5.58
9244.0,-5.05
9245.0,-5.26
9246.0,-5.06
9247.0,-5.03
9248.0,-5.06
9249.0,-5.12
9250.0,-5.33
9251.0,-5.45
9252.0,-5.02
9253.0,-5.62
9254.0,-5.07
9255.0,-5.06
9256.0,-5.22
9257.0,-5.12
9258.0,-5.06
9259.0,-5.05
9260.0,-5.05
9261.0,-5.11
9262.0,-5.07
9263.0,-5.26
9264.0,-5.2700000000000005
9265.0,-5.49
9266.0,-5.02
9267.0,-5.53
9268.0,-5.28
9269.0,-5.06
9270.0,-5.02
9271.0,-5.03
9272.0,-5.16
9273.0,-5.73
9274.0,-5.29
9275.0,-5.18
9276.0,-5.16
9277.0,-5.25
9278.0,-5.03
9279.0,-5.44
9280.0,-5.15
9281.0,-5.01
9282.0,-5.08
9283.0,-5.04
9284.0,-5.66
9285.0,-5.02
9286.0,-5.3500000000000005
9287.0,-5.02
9288.0,-5.5
9289.0,-5.03
9290.0,-5.390000000000001
9291.0,-5.07
9292.0,-5.09
9293.0,-5.29
9294.0,-5.04
9295.0,-5.16
9296.0,-5.05
9297.0,-5.06
9298.0,-5.53
9299.0,-5.12
9300.0,-5.73
9301.0,-5.04
9302.0,-5.16
9303.0,-5.09
9304.0,-5.53
9305.0,-5.14
9306.0,-5.28
9307.0,-5.14
9308.0,-5.04
9309.0,-5.19
9310.0,-5.08
9311.0,-5.53
9312.0,-5.3500000000000005
9313.0,-5.28
9314.0,-5.33
9315.0,-5.02
9316.0,-5.4
9317.0,-5.02
9318.0,-5.02
9319.0,-5.06
9320.0,-5.03
9321.0,-5.390000000000001
9322.0,-5.3500000000000005
9323.0,-5.09
9324.0,-5.22
9325.0,-5.57
9326.0,-5.45
9327.0,-5.78
9328.0,-5.49
9329.0,-5.34
9330.0,-5.05
9331.0,-1.0000000000000007
9332.0,-5.3500000000000005
9333.0,-5.37
9334.0,-5.14
9335.0,-5.48
9336.0,-5.05
9337.0,-5.01
9338.0,-5.04
9339.0,-5.34
9340.0,-5.26
9341.0,-5.3100000000000005
9342.0,-5.03
9343.0,-5.840000000000001
9344.0,-5.26
9345.0,-5.02
9346.0,-5.01
9347.0,-5.5600000000000005
9348.0,-5.21
9349.0,-5.02
9350.0,-5.26
9351.0,-5.22
9352.0,-5.16
9353.0,-5.5200000000000005
9354.0,-5.3
9355.0,-5.22
9356.0,-1.0000000000000007
9357.0,-5.51
9358.0,-5.29
9359.0,-5.14
9360.0,-5.37
9361.0,-5.48
9362.0,-5.45
9363.0,-5.840000000000001
9364.0,-5.02
9365.0,-5.51
9366.0,-5.38
9367.0,-5.02
9368.0,-5.09
9369.0,-5.2700000000000005
9370.0,-5.03
9371.0,-5.23
9372.0,-5.46
9373.0,-5.07
9374.0,-5.16
9375.0,-5.06
9376.0,-5.01
9377.0,-5.37
9378.0,-5.01
9379.0,-5.2
9380.0,-5.02
9381.0,-5.01
9382.0,-5.42
9383.0,-5.3500000000000005
9384.0,-5.04
9385.0,-5.38
9386.0,-5.86
9387.0,-5.41
9388.0,-5.01
9389.0,-5.02
9390.0,-5.04
9391.0,-5.02
9392.0,-5.38
9393.0,-5.36
9394.0,-5.4
9395.0,-5.720000000000001
9396.0,-5.57
9397.0,-5.28
9398.0,-5.3500000000000005
9399.0,-5.01
9400.0,-5.38
9401.0,-5.3500000000000005
9402.0,-5.29
9403.0,-5.37
9404.0,-5.7700000000000005
9405.0,-5.37
9406.0,-5.15
9407.0,-5.04
9408.0,-5.02
9409.0,-5.22
9410.0,-5.470000000000001
9411.0,-5.41
9412.0,-5.2700000000000005
9413.0,-5.61
9414.0,-5.28
9415.0,-5.01
9416.0,-5.760000000000001
9417.0,-5.04
9418.0,-5.01
9419.0,-5.06
9420.0,-5.05
9421.0,-5.12
9422.0,-1.0000000000000007
9423.0,-5.2
9424.0,-5.33
9425.0,-5.430000000000001
9426.0,-5.61
9427.0,-5.12
9428.0,-5.5200000000000005
9429.0,-5.32
9430.0,-5.07
9431.0,-5.01
9432.0,-5.49
9433.0,-5.41
9434.0,-5.99
9435.0,-5.22
9436.0,-5.09
9437.0,-5.36
9438.0,-5.75
9439.0,-5.04
9440.0,-5.06
9441.0,-5.37
9442.0,-5.24
9443.0,-5.1
9444.0,-5.02
9445.0,-5.37
9446.0,-5.06
9447.0,-5.23
9448.0,-5.14
9449.0,-5.710000000000001
9450.0,-5.02
9451.0,-5.17
9452.0,-5.32
9453.0,-5.06
9454.0,-5.37
9455.0,-5.01
9456.0,-5.08
9457.0,-5.23
9458.0,-5.02
9459.0,-5.32
9460.0,-5.49
9461.0,-5.04
9462.0,-5.04
9463.0,-5.11
9464.0,-5.61
9465.0,-5.15
9466.0,-5.23
9467.0,-5.05
9468.0,-5.3100000000000005
9469.0,4.33
9470.0,-5.24
9471.0,-5.17
9472.0,-5.58
9473.0,-5.07
9474.0,-5.02
9475.0,-5.74
9476.0,-5.18
9477.0,-5.32
9478.0,-5.16
9479.0,-5.45
9480.0,-5.01
9481.0,-5.07
9482.0,-5.42
9483.0,-5.07
9484.0,-5.26
9485.0,-5.07
9486.0,-5.5200000000000005
9487.0,-5.02
9488.0,-5.07
9489.0,-5.470000000000001
9490.0,-5.45
9491.0,-5.15
9492.0,-5.550000000000001
9493.0,-5.04
9494.0,-5.29
9495.0,-5.25
9496.0,-5.38
9497.0,-5.04
9498.0,-5.01
9499.0,-5.37
9500.0,-5.42
9501.0,-5.3500000000000005
9502.0,-5.02
9503.0,-5.630000000000001
9504.0,-5.02
9505.0,-5.430000000000001
9506.0,-5.3100000000000005
9507.0,-5.26
9508.0,-5.49
9509.0,-5.49
9510.0,-5.01
9511.0,-5.37
9512.0,-5.04
9513.0,-5.15
9514.0,-5.45
9515.0,-5.08
9516.0,-5.03
9517.0,-5.38
9518.0,-5.720000000000001
9519.0,-5.550000000000001
9520.0,-5.4
9521.0,-5.53
9522.0,-5.02
9523.0,-5.09
9524.0,-5.08
9525.0,-5.19
9526.0,-5.02
9527.0,-5.3
9528.0,-5.67
9529.0,-5.73
9530.0,-5.14
9531.0,-5.01
9532.0,-5.02
9533.0,-5.53
9534.0,-5.09
9535.0,-5.29
9536.0,-5.02
9537.0,-5.880000000000001
9538.0,-5.26
9539.0,-5.09
9540.0,-5.38
9541.0,-5.5200000000000005
9542.0,-5.42
9543.0,-5.04
9544.0,-5.08
9545.0,-5.19
9546.0,-5.22
9547.0,-5.14
9548.0,-5.07
9549.0,-5.29
9550.0,-5.2
9551.0,-5.390000000000001
9552.0,-5.02
9553.0,-5.09
9554.0,-5.23
9555.0,-5.06
9556.0,-5.5200000000000005
9557.0,-5.01
9558.0,-5.3100000000000005
9559.0,-5.02
9560.0,-5.4
9561.0,-5.65
9562.0,-5.04
9563.0,-5.53
9564.0,-5.02
9565.0,-5.07
9566.0,-5.11
9567.0,-5.5200000000000005
9568.0,-5.29
9569.0,-5.36
9570.0,-5.49
9571.0,-5.7
9572.0,-5.05
9573.0,-5.34
9574.0,-5.11
9575.0,-5.42
9576.0,-5.49
9577.0,-5.66
9578.0,-5.3500000000000005
9579.0,-5.11
9580.0,-5.1
9581.0,-5.15
9582.0,-5.710000000000001
9583.0,-5.25
9584.0,-5.04
9585.0,-5.42
9586.0,-5.03
9587.0,-5.01
9588.0,-5.06
9589.0,-5.05
9590.0,-5.42
9591.0,-5.3500000000000005
9592.0,-5.3100000000000005
9593.0,-5.11
9594.0,-5.41
9595.0,-5.2700000000000005
9596.0,-5.13
9597.0,-5.02
9598.0,-5.06
9599.0,-5.51
9600.0,-5.61
9601.0,-5.3100000000000005
9602.0,-5.04
9603.0,-5.3500000000000005
9604.0,-5.38
9605.0,-5.45
9606.0,-5.16
9607.0,-5.08
9608.0,-5.08
9609.0,-5.11
9610.0,-5.05
9611.0,-5.01
9612.0,-5.01
9613.0,-5.16
9614.0,-5.19
9615.0,-5.840000000000001
9616.0,-5.07
9617.0,-5.38
9618.0,-5.09
9619.0,-5.54
9620.0,-5.03
9621.0,-5.720000000000001
9622.0,-5.19
9623.0,-5.3100000000000005
9624.0,-5.07
9625.0,-5.34
9626.0,-5.33
9627.0,-5.41
9628.0,-5.02
9629.0,-5.45
9630.0,-5.25
9631.0,-5.05
9632.0,-5.03
9633.0,-5.12
9634.0,-5.18
9635.0,-5.07
9636.0,-5.33
9637.0,-5.22
9638.0,-5.3100000000000005
9639.0,-5.36
9640.0,-5.49
9641.0,-5.2700000000000005
9642.0,-5.01
9643.0,-5.24
9644.0,-5.36
9645.0,-5.06
9646.0,-5.45
9647.0,-5.05
9648.0,-5.6000000000000005
9649.0,-5.790000000000001
9650.0,-5.58
9651.0,-5.03
9652.0,-5.720000000000001
9653.0,-5.04
9654.0,-5.5
9655.0,-5.02
9656.0,-5.1
9657.0,-5.45
9658.0,-5.06
9659.0,-5.99
9660.0,-5.5
9661.0,-5.4
9662.0,-5.12
9663.0,-5.57
9664.0,-5.33
9665.0,-5.22
9666.0,-5.1
9667.0,-5.680000000000001
9668.0,-5.02
9669.0,-5.5600000000000005
9670.0,-5.25
9671.0,-5.07
9672.0,-5.3500000000000005
9673.0,-5.2700000000000005
9674.0,-5.83
9675.0,-5.3100000000000005
9676.0,-5.720000000000001
9677.0,-5.01
9678.0,-5.03
9679.0,-5.5200000000000005
9680.0,-5.840000000000001
9681.0,-5.46
9682.0,-5.12
9683.0,-5.06
9684.0,-5.48
9685.0,-5.2
9686.0,-5.14
9687.0,-5.46
9688.0,-5.1
9689.0,-5.06
9690.0,-5.13
9691.0,-5.51
9692.0,-5.58
9693.0,-5.24
9694.0,-5.3100000000000005
9695.0,-5.41
9696.0,-5.23
9697.0,-5.3100000000000005
9698.0,-5.430000000000001
9699.0,-5.5600000000000005
9700.0,-5.32
9701.0,-5.2700000000000005
9702.0,-5.550000000000001
9703.0,-5.34
9704.0,-5.6000000000000005
9705.0,-5.1
9706.0,-5.09
9707.0,-5.01
9708.0,-5.09
9709.0,-5.4
9710.0,-5.54
9711.0,-5.470000000000001
9712.0,-5.33
9713.0,-5.02
9714.0,-5.01
9715.0,-5.02
9716.0,-5.04
9717.0,-5.03
9718.0,-5.12
9719.0,-5.2700000000000005
9720.0,-5.05
9721.0,-5.3500000000000005
9722.0,-5.48
9723.0,-5.21
9724.0,-5.08
9725.0,-5.19
9726.0,-5.18
9727.0,-5.25
9728.0,-5.4
9729.0,-5.36
9730.0,-5.05
9731.0,-5.630000000000001
9732.0,-5.05
9733.0,-5.470000000000001
9734.0,-1.0000000000000007
9735.0,-5.19
9736.0,-5.62
9737.0,-5.390000000000001
9738.0,-5.01
9739.0,-5.01
9740.0,-5.21
9741.0,-5.760000000000001
9742.0,-5.08
9743.0,-5.18
9744.0,-5.1
9745.0,-5.960000000000001
9746.0,-1.0000000000000007
9747.0,-5.22
9748.0,-5.54
9749.0,-5.15
9750.0,-5.17
9751.0,-5.08
9752.0,-5.1
9753.0,-5.37
9754.0,-5.23
9755.0,-5.45
9756.0,-5.890000000000001
9757.0,-5.3500000000000005
9758.0,-5.11
9759.0,-5.02
9760.0,-5.32
9761.0,-5.2700000000000005
9762.0,-5.05
9763.0,-5.38
9764.0,-5.08
9765.0,-5.25
9766.0,-5.07
9767.0,-5.44
9768.0,-5.640000000000001
9769.0,-5.01
9770.0,-5.02
9771.0,-5.37
9772.0,-5.2700000000000005
9773.0,-5.17
9774.0,-5.08
9775.0,-5.1
9776.0,-5.01
9777.0,-5.01
9778.0,-5.07
9779.0,-5.07
9780.0,-5.16
9781.0,-5.3100000000000005
9782.0,-5.4
9783.0,-5.3100000000000005
9784.0,-5.05
9785.0,-5.08
9786.0,-5.18
9787.0,-5.09
9788.0,-5.5
9789.0,-5.04
9790.0,-5.38
9791.0,-5.09
9792.0,-5.21
9793.0,-5.01
9794.0,-5.29
9795.0,-5.02
9796.0,-5.03
9797.0,-5.28
9798.0,-5.470000000000001
9799.0,-5.54
9800.0,-5.06
9801.0,-5.54
9802.0,-5.3
9803.0,-5.24
9804.0,-5.5600000000000005
9805.0,-5.5600000000000005
9806.0,-5.22
9807.0,4.09
9808.0,-5.02
9809.0,-5.45
9810.0,-1.0000000000000007
9811.0,-5.01
9812.0,-5.23
9813.0,-5.04
9814.0,-5.29
9815.0,-5.430000000000001
9816.0,-5.3500000000000005
9817.0,-5.13
9818.0,-5.02
9819.0,-5.58
9820.0,-5.4
9821.0,-5.67
9822.0,-5.33
9823.0,-5.5
9824.0,-5.13
9825.0,-5.06
9826.0,-5.67
9827.0,-5.54
9828.0,-5.1
9829.0,-5.390000000000001
9830.0,-5.01
9831.0,-5.42
9832.0,-5.08
9833.0,-5.11
9834.0,-5.37
9835.0,-5.46
9836.0,-5.33
9837.0,-5.26
9838.0,-5.22
9839.0,-5.25
9840.0,-5.390000000000001
9841.0,-5.7700000000000005
9842.0,-5.75
9843.0,-5.3
9844.0,-5.03
9845.0,-5.2700000000000005
9846.0,-5.9
9847.0,-5.22
9848.0,-5.2
9849.0,-5.01
9850.0,-5.03
9851.0,-5.01
9852.0,-5.5
9853.0,-5.01
9854.0,-5.1
9855.0,-5.02
9856.0,-5.21
9857.0,-5.38
9858.0,-5.07
9859.0,-5.34
9860.0,-5.23
9861.0,-5.21
9862.0,-5.8500000000000005
9863.0,-5.06
9864.0,-5.07
9865.0,-5.06
9866.0,-5.4
9867.0,-5.05
9868.0,-5.4
9869.0,-5.02
9870.0,-5.09
9871.0,-5.08
9872.0,-5.16
9873.0,-5.04
9874.0,-5.34
9875.0,-5.03
9876.0,-5.01
9877.0,-5.1
9878.0,-5.23
9879.0,-5.41
9880.0,-5.07
9881.0,-5.03
9882.0,-5.38
9883.0,-5.36
9884.0,-5.24
9885.0,-5.03
9886.0,-5.9
9887.0,-5.28
9888.0,-5.02
9889.0,-5.430000000000001
9890.0,-5.3
9891.0,-5.07
9892.0,-5.03
9893.0,-5.3500000000000005
9894.0,-5.09
9895.0,-5.13
9896.0,-5.3500000000000005
9897.0,-5.04
9898.0,-5.3100000000000005
9899.0,-5.02
9900.0,-5.08
9901.0,-5.06
9902.0,-5.33
9903.0,-5.38
9904.0,-5.01
9905.0,-5.2
9906.0,-5.03
9907.0,-5.720000000000001
9908.0,-5.36
9909.0,-5.04
9910.0,-5.07
9911.0,-5.05
9912.0,-5.05
9913.0,-5.46
9914.0,-5.04
9915.0,-5.07
9916.0,-5.15
9917.0,-5.3
9918.0,-5.25
9919.0,-5.21
9920.0,-5.05
9921.0,-5.05
9922.0,-5.09
9923.0,-5.29
9924.0,-5.29
9925.0,-5.25
9926.0,-5.03
9927.0,-5.13
9928.0,-5.09
9929.0,-5.07
9930.0,-5.5
9931.0,-5.04
9932.0,-5.3500000000000005
9933.0,-5.4
9934.0,-5.51
9935.0,-5.2700000000000005
9936.0,-5.15
9937.0,-5.02
9938.0,-5.48
9939.0,-5.69
9940.0,-5.2700000000000005
9941.0,-5.04
9942.0,-5.58
9943.0,-5.07
9944.0,-5.34
9945.0,-5.03
9946.0,-5.02
9947.0,-5.04
9948.0,-5.04
9949.0,-5.06
9950.0,-5.15
9951.0,-5.3
9952.0,-5.45
9953.0,-5.25
9954.0,-5.25
9955.0,-5.04
9956.0,-5.07
9957.0,-5.01
9958.0,-5.21
9959.0,-5.04
9960.0,-5.01
9961.0,-5.22
9962.0,-5.19
9963.0,-5.01
9964.0,-5.24
9965.0,-5.11
9966.0,-5.05
9967.0,-5.5
9968.0,-5.29
9969.0,-5.26
9970.0,-5.04
9971.0,-5.04
9972.0,-5.01
9973.0,-5.3100000000000005
9974.0,-5.66
9975.0,-5.42
9976.0,-5.09
9977.0,-5.3
9978.0,-5.11
9979.0,-5.02
9980.0,-5.14
9981.0,-5.24
9982.0,-5.23
9983.0,-5.05
9984.0,-5.09
9985.0,-5.37
9986.0,-5.02
9987.0,-5.03
9988.0,-5.36
9989.0,-5.1
9990.0,-5.28
9991.0,-5.28
9992.0,-5.37
9993.0,-5.3
9994.0,-5.04
9995.0,-5.03
9996.0,-5.2700000000000005
9997.0,-5.07
9998.0,-5.01
9999.0,-5.2700000000000005
10000.0,-5.02
10001.0,-5.13
10002.0,-5.05
10003.0,-5.06
10004.0,-5.07
10005.0,-5.7
10006.0,-5.02
10007.0,-5.29
10008.0,-5.04
10009.0,-5.760000000000001
10010.0,-5.07
10011.0,-5.01
10012.0,-5.42
10013.0,-5.08
10014.0,-5.44
10015.0,-5.32
10016.0,-5.04
10017.0,-5.02
10018.0,-5.3
10019.0,-5.82
10020.0,-5.49
10021.0,-5.02
10022.0,-5.57
10023.0,-5.04
10024.0,-5.37
10025.0,-5.65
10026.0,4.159999999999999
10027.0,-5.05
10028.0,-5.06
10029.0,-5.08
10030.0,-5.94
10031.0,-5.550000000000001
10032.0,-5.3100000000000005
10033.0,-5.1
10034.0,-5.32
10035.0,-5.01
10036.0,-5.01
10037.0,-5.04
10038.0,-5.73
10039.0,-5.12
10040.0,-1.0000000000000007
10041.0,-5.14
10042.0,-5.04
10043.0,-5.29
10044.0,-5.21
10045.0,-5.470000000000001
10046.0,-5.02
10047.0,-5.26
10048.0,-5.26
10049.0,-5.930000000000001
10050.0,-5.65
10051.0,-5.03
10052.0,-5.2
10053.0,-5.3500000000000005
10054.0,-5.26
10055.0,-5.5
10056.0,-5.14
10057.0,-1.0000000000000007
10058.0,-5.19
10059.0,-5.22
10060.0,-5.32
10061.0,-5.73
10062.0,-5.01
10063.0,-5.02
10064.0,-5.05
10065.0,-5.02
10066.0,-5.14
10067.0,-5.08
10068.0,-5.03
10069.0,-5.25
10070.0,-5.390000000000001
10071.0,-5.08
10072.0,-5.16
10073.0,-5.66
10074.0,-5.03
10075.0,-5.02
10076.0,-5.1
10077.0,-5.06
10078.0,-5.04
10079.0,-5.59
10080.0,-5.08
10081.0,-5.44
10082.0,-5.05
10083.0,-5.04
10084.0,-5.25
10085.0,-5.09
10086.0,-5.05
10087.0,-5.13
10088.0,-5.32
10089.0,-5.58
10090.0,-5.03
10091.0,-5.12
10092.0,-5.18
10093.0,-5.17
10094.0,-5.22
10095.0,-5.38
10096.0,-5.02
10097.0,-5.03
10098.0,-5.02
10099.0,-5.07
10100.0,-5.08
10101.0,-5.46
10102.0,-5.17
10103.0,-5.5600000000000005
10104.0,-5.36
10105.0,-5.3
10106.0,-5.02
10107.0,-5.36
10108.0,-5.36
10109.0,-5.2
10110.0,-5.28
10111.0,-5.02
10112.0,-5.02
10113.0,-5.15
10114.0,-5.02
10115.0,-5.16
10116.0,-5.06
10117.0,-5.1
10118.0,-5.12
10119.0,-5.2
10120.0,-5.07
10121.0,-5.11
10122.0,-5.05
10123.0,-5.14
10124.0,-5.02
10125.0,-5.3500000000000005
10126.0,-5.02
10127.0,-5.04
10128.0,-5.51
10129.0,-5.02
10130.0,-5.33
10131.0,4.359999999999999
10132.0,-5.630000000000001
10133.0,-5.33
10134.0,-5.02
10135.0,-5.1
10136.0,-5.15
10137.0,-5.05
10138.0,-5.19
10139.0,-5.51
10140.0,-5.1
10141.0,-5.01
10142.0,-5.7700000000000005
10143.0,-5.12
10144.0,-5.15
10145.0,-5.02
10146.0,-5.07
10147.0,-5.04
10148.0,-5.99
10149.0,-5.04
10150.0,-5.33
10151.0,-5.4
10152.0,-5.12
10153.0,-5.24
10154.0,-5.470000000000001
10155.0,-5.5200000000000005
10156.0,-5.800000000000001
10157.0,-5.21
10158.0,-5.02
10159.0,-5.38
10160.0,-5.3100000000000005
10161.0,-5.19
10162.0,-5.09
10163.0,-5.3500000000000005
10164.0,-5.11
10165.0,-5.630000000000001
10166.0,-5.01
10167.0,-5.800000000000001
10168.0,-5.08
10169.0,-5.42
10170.0,-5.36
10171.0,-5.23
10172.0,-5.02
10173.0,-5.19
10174.0,-5.2
10175.0,-5.07
10176.0,-5.05
10177.0,-5.07
10178.0,-5.03
10179.0,-5.17
10180.0,-5.25
10181.0,-5.86
10182.0,-5.640000000000001
10183.0,-5.15
10184.0,-5.44
10185.0,-5.2
10186.0,-5.01
10187.0,4.38
10188.0,-5.09
10189.0,-5.17
10190.0,-5.7700000000000005
10191.0,-5.16
10192.0,-5.02
10193.0,-5.19
10194.0,-5.550000000000001
10195.0,-5.24
10196.0,-5.33
10197.0,-5.14
10198.0,-5.1
10199.0,-5.73
10200.0,-5.13
10201.0,-5.2
10202.0,-5.57
10203.0,-5.02
10204.0,-5.02
10205.0,-5.01
10206.0,-5.1
10207.0,-5.45
10208.0,-5.870000000000001
10209.0,-5.38
10210.0,-5.5200000000000005
10211.0,-5.18
10212.0,-5.05
10213.0,-5.61
10214.0,-5.05
10215.0,-5.38
10216.0,-5.15
10217.0,-5.03
10218.0,-5.03
10219.0,-5.53
10220.0,-5.11
10221.0,-5.32
10222.0,-5.32
10223.0,-5.33
10224.0,-5.02
10225.0,-5.04
10226.0,-5.05
10227.0,-5.33
10228.0,-5.07
10229.0,-5.26
10230.0,-5.08
10231.0,-5.04
10232.0,4.06
10233.0,-5.550000000000001
10234.0,-5.4
10235.0,-5.06
10236.0,-5.3500000000000005
10237.0,-5.5200000000000005
10238.0,-5.3500000000000005
10239.0,-5.04
10240.0,-5.18
10241.0,-5.34
10242.0,-5.23
10243.0,-5.09
10244.0,-5.73
10245.0,-5.02
10246.0,-5.25
10247.0,-1.0000000000000007
10248.0,-5.470000000000001
10249.0,-5.21
10250.0,-5.26
10251.0,-5.19
10252.0,-5.3100000000000005
10253.0,-5.5200000000000005
10254.0,-5.1
10255.0,-5.65
10256.0,-5.19
10257.0,-5.34
10258.0,-5.24
10259.0,-5.37
10260.0,-5.16
10261.0,-5.03
10262.0,-5.59
10263.0,4.209999999999999
10264.0,-5.4
10265.0,-5.57
10266.0,-5.550000000000001
10267.0,-5.23
10268.0,-5.03
10269.0,-5.44
10270.0,-1.0000000000000007
10271.0,-5.09
10272.0,-5.710000000000001
10273.0,-5.17
10274.0,-5.01
10275.0,-5.09
10276.0,-5.3
10277.0,-5.05
10278.0,-5.04
10279.0,-5.09
10280.0,-5.16
10281.0,-5.07
10282.0,-5.23
10283.0,-5.28
10284.0,-5.17
10285.0,-5.15
10286.0,-5.05
10287.0,-5.06
10288.0,-5.13
10289.0,-5.390000000000001
10290.0,-5.26
10291.0,-5.4
10292.0,-5.430000000000001
10293.0,-5.03
10294.0,-5.25
10295.0,-5.3100000000000005
10296.0,-5.04
10297.0,-5.04
10298.0,-5.18
10299.0,-5.08
10300.0,-5.22
10301.0,-5.08
10302.0,-5.01
10303.0,-5.05
10304.0,-5.33
10305.0,-5.720000000000001
10306.0,-5.17
10307.0,-5.05
10308.0,-5.5600000000000005
10309.0,-5.36
10310.0,-5.08
10311.0,-5.32
10312.0,-5.19
10313.0,-1.0000000000000007
10314.0,-5.04
10315.0,-5.01
10316.0,-5.48
10317.0,-5.4
10318.0,-5.03
10319.0,-5.3
10320.0,-5.05
10321.0,-5.29
10322.0,-5.37
10323.0,-5.14
10324.0,-5.09
10325.0,-5.470000000000001
10326.0,-5.02
10327.0,-5.790000000000001
10328.0,-5.26
10329.0,-5.430000000000001
10330.0,-5.06
10331.0,4.35
10332.0,-5.02
10333.0,-5.430000000000001
10334.0,-5.75
10335.0,-1.0000000000000007
10336.0,-5.28
10337.0,-5.5
10338.0,-5.16
10339.0,-5.26
10340.0,-5.34
10341.0,-5.07
10342.0,-5.04
10343.0,-5.58
10344.0,-5.3500000000000005
10345.0,-5.22
10346.0,-5.48
10347.0,-5.22
10348.0,-5.5
10349.0,-5.630000000000001
10350.0,-5.44
10351.0,-5.470000000000001
10352.0,-5.04
10353.0,-5.15
10354.0,-5.59
10355.0,-5.7
10356.0,-5.14
10357.0,-5.12
10358.0,-5.760000000000001
10359.0,-5.34
10360.0,-5.15
10361.0,-5.7700000000000005
10362.0,-1.0000000000000007
10363.0,-5.19
10364.0,-5.2700000000000005
10365.0,-5.12
10366.0,-5.430000000000001
10367.0,-5.390000000000001
10368.0,-5.33
10369.0,-5.57
10370.0,-5.28
10371.0,-5.16
10372.0,-5.69
10373.0,-5.16
10374.0,-5.22
10375.0,-5.6000000000000005
10376.0,-5.05
10377.0,4.1899999999999995
10378.0,-5.680000000000001
10379.0,-5.49
10380.0,-5.01
10381.0,-5.16
10382.0,-5.02
10383.0,-5.15
10384.0,-5.37
10385.0,-5.36
10386.0,-5.41
10387.0,-5.18
10388.0,-5.51
10389.0,-5.22
10390.0,-5.14
10391.0,4.209999999999999
10392.0,-5.29
10393.0,-5.04
10394.0,-5.11
10395.0,-5.15
10396.0,-5.11
10397.0,-5.13
10398.0,-5.12
10399.0,-5.01
10400.0,-5.48
10401.0,-5.2
10402.0,-5.05
10403.0,-5.29
10404.0,-5.880000000000001
10405.0,-5.4
10406.0,-5.46
10407.0,-5.07
10408.0,-5.06
10409.0,-5.07
10410.0,-5.29
10411.0,-5.34
10412.0,-5.22
10413.0,-5.03
10414.0,-5.37
10415.0,-5.01
10416.0,-5.03
10417.0,-5.05
10418.0,-5.41
10419.0,-5.29
10420.0,-5.46
10421.0,-5.42
10422.0,-5.26
10423.0,-5.04
10424.0,-5.3
10425.0,-5.01
10426.0,-5.5
10427.0,-5.5200000000000005
10428.0,-5.33
10429.0,-5.05
10430.0,-5.07
10431.0,-5.53
10432.0,-5.57
10433.0,-5.2
10434.0,-5.06
10435.0,-5.680000000000001
10436.0,-5.49
10437.0,-5.05
10438.0,-5.59
10439.0,-5.61
10440.0,-5.18
10441.0,-5.37
10442.0,-5.12
10443.0,-5.470000000000001
10444.0,-5.15
10445.0,-5.18
10446.0,-5.18
10447.0,-5.2
10448.0,-5.07
10449.0,-5.29
10450.0,-5.04
10451.0,-5.44
10452.0,-5.3500000000000005
10453.0,-5.44
10454.0,-5.03
10455.0,-5.3
10456.0,-5.03
10457.0,-5.06
10458.0,-5.59
10459.0,-5.2700000000000005
10460.0,-5.58
10461.0,-5.38
10462.0,-5.13
10463.0,-5.2
10464.0,-5.37
10465.0,-5.07
10466.0,-5.19
10467.0,-5.470000000000001
10468.0,-5.38
10469.0,-5.470000000000001
10470.0,4.27
10471.0,-5.13
10472.0,-5.38
10473.0,-5.390000000000001
10474.0,-5.11
10475.0,-5.02
10476.0,-5.760000000000001
10477.0,-5.62
10478.0,-1.0000000000000007
10479.0,-5.36
10480.0,-1.0000000000000007
10481.0,-5.26
10482.0,-5.66
10483.0,-5.03
10484.0,-5.5200000000000005
10485.0,-5.02
10486.0,-5.29
10487.0,-5.16
10488.0,-5.09
10489.0,-5.25
10490.0,-5.430000000000001
10491.0,-5.51
10492.0,-5.5600000000000005
10493.0,-5.22
10494.0,-5.430000000000001
10495.0,-5.13
10496.0,-5.74
10497.0,-5.24
10498.0,-5.3500000000000005
10499.0,-5.22
10500.0,-5.02
10501.0,-5.37
10502.0,-5.430000000000001
10503.0,-5.29
10504.0,-5.14
10505.0,-5.57
10506.0,-5.07
10507.0,-5.04
10508.0,-5.11
10509.0,-5.46
10510.0,-5.09
10511.0,-5.38
10512.0,-5.51
10513.0,-5.920000000000001
10514.0,-5.46
10515.0,-5.17
10516.0,-5.5200000000000005
10517.0,-5.22
10518.0,-5.4
10519.0,-5.32
10520.0,-5.13
10521.0,-5.02
10522.0,-5.24
10523.0,-5.01
10524.0,-5.1
10525.0,-5.2700000000000005
10526.0,-5.04
10527.0,-5.01
10528.0,-5.34
10529.0,-5.3500000000000005
10530.0,-5.01
10531.0,-5.06
10532.0,-5.21
10533.0,-5.550000000000001
10534.0,-5.5
10535.0,-5.01
10536.0,-5.66
10537.0,-5.83
10538.0,-5.3100000000000005
10539.0,-5.24
10540.0,-5.48
10541.0,-5.640000000000001
10542.0,-5.880000000000001
10543.0,-5.2700000000000005
10544.0,-5.3100000000000005
10545.0,-5.28
10546.0,-5.18
10547.0,-5.16
10548.0,-5.37
10549.0,-5.36
10550.0,-5.5
10551.0,-5.33
10552.0,-5.23
10553.0,-5.2
10554.0,-5.33
10555.0,-5.57
10556.0,-5.32
10557.0,-5.19
10558.0,-5.2700000000000005
10559.0,-5.03
10560.0,-5.28
10561.0,-5.01
10562.0,-5.07
10563.0,-5.23
10564.0,-5.01
10565.0,4.159999999999999
10566.0,-5.3500000000000005
10567.0,-5.21
10568.0,-5.23
10569.0,-5.66
10570.0,-5.05
10571.0,-5.470000000000001
10572.0,-5.390000000000001
10573.0,-5.57
10574.0,-5.13
10575.0,-5.36
10576.0,-5.800000000000001
10577.0,-5.02
10578.0,-5.59
10579.0,-5.19
10580.0,-5.62
10581.0,-5.44
10582.0,4.22
10583.0,-5.5
10584.0,-5.12
10585.0,-5.74
10586.0,4.159999999999999
10587.0,-5.01
10588.0,-5.7700000000000005
10589.0,-5.25
10590.0,-5.2
10591.0,-5.12
10592.0,-5.28
10593.0,-5.04
10594.0,-5.13
10595.0,-5.09
10596.0,-5.14
10597.0,-5.02
10598.0,-5.21
10599.0,-1.0000000000000007
10600.0,-5.6000000000000005
10601.0,-5.02
10602.0,-5.02
10603.0,-5.07
10604.0,-5.08
10605.0,-5.03
10606.0,-5.02
10607.0,-5.08
10608.0,-5.28
10609.0,-5.09
10610.0,-5.69
10611.0,-5.01
10612.0,-5.430000000000001
10613.0,-1.0000000000000007
10614.0,-5.12
10615.0,-5.38
10616.0,-5.16
10617.0,-5.2
10618.0,-5.04
10619.0,-5.21
10620.0,-5.3
10621.0,-5.69
10622.0,-5.58
10623.0,-5.08
10624.0,-5.04
10625.0,-5.16
10626.0,-5.4
10627.0,-5.13
10628.0,-5.03
10629.0,-5.5
10630.0,-5.950000000000001
10631.0,-5.25
10632.0,-5.3100000000000005
10633.0,-5.53
10634.0,-1.0000000000000007
10635.0,-5.29
10636.0,-5.42
10637.0,-5.04
10638.0,-5.16
10639.0,-5.32
10640.0,-1.0000000000000007
10641.0,-5.41
10642.0,-5.03
10643.0,-5.5
10644.0,-5.1
10645.0,-5.53
10646.0,-5.01
10647.0,-5.38
10648.0,-5.57
10649.0,-5.01
10650.0,-1.0000000000000007
10651.0,-5.32
10652.0,-5.12
10653.0,-5.11
10654.0,-5.01
10655.0,-5.02
10656.0,-5.12
10657.0,-5.41
10658.0,-5.09
10659.0,-5.4
10660.0,-5.06
10661.0,-5.53
10662.0,-5.07
10663.0,-5.08
10664.0,4.27
10665.0,-5.02
10666.0,-5.29
10667.0,-5.12
10668.0,-5.06
10669.0,-5.42
10670.0,-5.08
10671.0,4.14
10672.0,-5.430000000000001
10673.0,-5.65
10674.0,-5.19
10675.0,4.34
10676.0,-5.08
10677.0,-5.01
10678.0,-5.49
10679.0,-5.1
10680.0,-1.0000000000000007
10681.0,-5.19
10682.0,-5.03
10683.0,-5.23
10684.0,-1.0000000000000007
10685.0,-5.49
10686.0,-5.04
10687.0,-5.6000000000000005
10688.0,-5.2
10689.0,-5.22
10690.0,-5.01
10691.0,-5.24
10692.0,-5.48
10693.0,-5.06
10694.0,-5.390000000000001
10695.0,-1.0000000000000007
10696.0,-5.4
10697.0,-5.09
10698.0,-5.03
10699.0,-5.24
10700.0,-5.24
10701.0,-5.04
10702.0,-5.16
10703.0,-5.74
10704.0,-5.01
10705.0,-5.21
10706.0,-5.51
10707.0,-5.16
10708.0,-5.630000000000001
10709.0,-1.0000000000000007
10710.0,-5.3100000000000005
10711.0,-5.54
10712.0,-5.24
10713.0,-5.42
10714.0,-5.49
10715.0,-5.5600000000000005
10716.0,-5.2700000000000005
10717.0,-5.32
10718.0,-1.0000000000000007
10719.0,-5.03
10720.0,-5.04
10721.0,-5.36
10722.0,-5.5200000000000005
10723.0,-5.5600000000000005
10724.0,-5.05
10725.0,-5.880000000000001
10726.0,-5.44
10727.0,-5.49
10728.0,-5.2700000000000005
10729.0,-5.08
10730.0,-5.2700000000000005
10731.0,-5.06
10732.0,-5.29
10733.0,-5.04
10734.0,-5.75
10735.0,-5.22
10736.0,4.09
10737.0,-5.09
10738.0,-1.0000000000000007
10739.0,-5.800000000000001
10740.0,-5.21
10741.0,-5.33
10742.0,-5.02
10743.0,-5.78
10744.0,-5.26
10745.0,-5.4
10746.0,4.09
10747.0,4.25
10748.0,4.18
10749.0,-5.02
10750.0,-5.04
10751.0,-5.01
10752.0,-5.59
10753.0,-5.57
10754.0,-5.8100000000000005
10755.0,-5.630000000000001
10756.0,-5.24
10757.0,4.1
10758.0,-5.02
10759.0,-5.36
10760.0,-5.61
10761.0,-5.01
10762.0,-5.18
10763.0,-5.11
10764.0,-5.3
10765.0,-5.37
10766.0,-5.45
10767.0,-5.03
10768.0,-5.09
10769.0,-5.890000000000001
10770.0,-5.59
10771.0,-5.67
10772.0,-5.02
10773.0,-5.22
10774.0,-5.3
10775.0,-5.01
10776.0,-5.840000000000001
10777.0,-5.9
10778.0,-5.02
10779.0,-5.28
10780.0,-5.69
10781.0,4.029999999999999
10782.0,-5.02
10783.0,-5.02
10784.0,-5.01
10785.0,-5.05
10786.0,-5.04
10787.0,-5.01
10788.0,-5.04
10789.0,-5.17
10790.0,-5.42
10791.0,-5.59
10792.0,4.159999999999999
10793.0,-5.14
10794.0,-5.840000000000001
10795.0,-5.28
10796.0,-5.23
10797.0,-5.53
10798.0,4.199999999999999
10799.0,-5.45
10800.0,-5.14
10801.0,-5.41
10802.0,4.2299999999999995
10803.0,-5.08
10804.0,4.26
10805.0,-5.3100000000000005
10806.0,-5.14
10807.0,-5.58
10808.0,-5.4
10809.0,-5.1
10810.0,-5.05
10811.0,-1.0000000000000007
10812.0,-5.720000000000001
10813.0,-5.23
10814.0,-5.53
10815.0,-5.08
10816.0,4.38
10817.0,-5.16
10818.0,-5.14
10819.0,-5.950000000000001
10820.0,-5.22
10821.0,-5.7700000000000005
10822.0,-1.0000000000000007
10823.0,-5.950000000000001
10824.0,-5.03
10825.0,4.22
10826.0,-5.09
10827.0,-5.23
10828.0,4.17
10829.0,-5.15
10830.0,-5.840000000000001
10831.0,-5.01
10832.0,-5.680000000000001
10833.0,-5.26
10834.0,-5.1
10835.0,-5.61
10836.0,-5.22
10837.0,-5.03
10838.0,-5.12
10839.0,-5.11
10840.0,-5.05
10841.0,-5.02
10842.0,-5.03
10843.0,-5.37
10844.0,-5.1
10845.0,-5.73
10846.0,-5.3
10847.0,-5.03
10848.0,-5.04
10849.0,-5.09
10850.0,-5.46
10851.0,-5.53
10852.0,-5.03
10853.0,-5.09
10854.0,-5.7
10855.0,-5.5200000000000005
10856.0,-5.06
10857.0,-5.550000000000001
10858.0,-5.75
10859.0,-5.6000000000000005
10860.0,-5.06
10861.0,-5.04
10862.0,-5.09
10863.0,-5.1
10864.0,-5.01
10865.0,-5.07
10866.0,-5.58
10867.0,-5.12
10868.0,-5.07
10869.0,-5.02
10870.0,-5.06
10871.0,-5.680000000000001
10872.0,-5.36
10873.0,-5.04
10874.0,4.09
10875.0,-5.960000000000001
10876.0,-5.42
10877.0,-5.08
10878.0,-5.06
10879.0,-5.36
10880.0,-5.22
10881.0,-5.14
10882.0,4.209999999999999
10883.0,-5.01
10884.0,-5.26
10885.0,-5.11
10886.0,-5.26
10887.0,-5.710000000000001
10888.0,-5.42
10889.0,-5.34
10890.0,-5.17
10891.0,-5.04
10892.0,-5.51
10893.0,-5.5600000000000005
10894.0,-5.6000000000000005
10895.0,-5.19
10896.0,-5.06
10897.0,-1.0000000000000007
10898.0,-5.06
10899.0,-5.38
10900.0,-1.0000000000000007
10901.0,-5.34
10902.0,-5.28
10903.0,-5.06
10904.0,-5.32
10905.0,-1.0000000000000007
10906.0,-5.5200000000000005
10907.0,-5.3100000000000005
10908.0,-5.08
10909.0,-1.0000000000000007
10910.0,-5.06
10911.0,-5.1
10912.0,-5.48
10913.0,-5.42
10914.0,-5.28
10915.0,-5.42
10916.0,-5.17
10917.0,-5.41
10918.0,4.34
10919.0,-5.470000000000001
10920.0,-5.05
10921.0,-5.22
10922.0,-5.05
10923.0,-5.03
10924.0,4.09
10925.0,-5.48
10926.0,4.289999999999999
10927.0,-5.01
10928.0,-5.28
10929.0,-5.18
10930.0,-5.01
10931.0,-5.06
10932.0,-5.22
10933.0,-5.12
10934.0,-5.02
10935.0,-5.04
10936.0,-5.08
10937.0,-5.790000000000001
10938.0,-5.7
10939.0,-5.01
10940.0,-5.19
10941.0,-5.3500000000000005
10942.0,-1.0000000000000007
10943.0,-5.1
10944.0,-5.75
10945.0,-5.02
10946.0,-5.02
10947.0,-5.24
10948.0,-5.760000000000001
10949.0,-5.02
10950.0,-5.06
10951.0,-5.01
10952.0,-5.3500000000000005
10953.0,-5.470000000000001
10954.0,-5.07
10955.0,-1.0000000000000007
10956.0,-5.04
10957.0,-5.45
10958.0,-5.5200000000000005
10959.0,-5.61
10960.0,-5.03
10961.0,-5.53
10962.0,-5.3100000000000005
10963.0,-5.05
10964.0,-5.02
10965.0,-5.4
10966.0,-5.7
10967.0,-5.630000000000001
10968.0,4.239999999999999
10969.0,-5.3
10970.0,-5.01
10971.0,-5.550000000000001
10972.0,-5.630000000000001
10973.0,-5.36
10974.0,-5.58
10975.0,-5.12
10976.0,-5.6000000000000005
10977.0,-5.760000000000001
10978.0,-5.02
10979.0,-5.470000000000001
10980.0,-5.51
10981.0,4.039999999999999
10982.0,4.38
10983.0,-5.710000000000001
10984.0,-5.04
10985.0,-5.2
10986.0,-5.03
10987.0,-5.640000000000001
10988.0,4.1
10989.0,-5.02
10990.0,-5.5600000000000005
10991.0,-5.05
10992.0,-5.66
10993.0,-5.08
10994.0,-5.08
10995.0,-5.04
10996.0,-5.3100000000000005
10997.0,-5.06
10998.0,-5.390000000000001
10999.0,-5.630000000000001
11000.0,-5.05
11001.0,-5.8500000000000005
11002.0,-5.36
11003.0,-5.02
11004.0,-5.03
11005.0,-5.06
11006.0,-5.06
11007.0,-5.02
11008.0,-5.09
11009.0,-5.05
11010.0,4.1499999999999995
11011.0,-5.73
11012.0,-5.48
11013.0,-5.02
11014.0,-5.550000000000001
11015.0,-5.33
11016.0,-5.08
11017.0,-5.760000000000001
11018.0,-5.05
11019.0,-5.9
11020.0,-5.01
11021.0,-5.32
11022.0,-5.01
11023.0,-5.01
11024.0,-5.01
11025.0,-5.83
11026.0,-5.01
11027.0,-5.5
11028.0,-5.54
11029.0,4.029999999999999
11030.0,-5.02
11031.0,-5.45
11032.0,-5.23
11033.0,-5.02
11034.0,4.239999999999999
11035.0,-5.5600000000000005
11036.0,-5.03
11037.0,4.22
11038.0,-5.18
11039.0,-5.04
11040.0,-5.05
11041.0,-1.0000000000000007
11042.0,-5.38
11043.0,-5.16
11044.0,-5.02
11045.0,4.049999999999999
11046.0,-5.13
11047.0,-5.44
11048.0,-5.07
11049.0,-5.03
11050.0,-5.01
11051.0,-5.75
11052.0,-5.69
11053.0,-5.03
11054.0,-5.5600000000000005
11055.0,-5.19
11056.0,-5.2
11057.0,-5.75
11058.0,-5.06
11059.0,-5.05
11060.0,-5.82
11061.0,-5.710000000000001
11062.0,-5.01
11063.0,-1.0000000000000007
11064.0,-5.21
11065.0,-5.29
11066.0,-5.3
11067.0,4.199999999999999
11068.0,-5.04
11069.0,-5.390000000000001
11070.0,-5.06
11071.0,-5.03
11072.0,-5.37
11073.0,-5.05
11074.0,-5.28
11075.0,-1.0000000000000007
11076.0,-5.65
11077.0,-1.0000000000000007
11078.0,-5.2
11079.0,-5.4
11080.0,4.289999999999999
11081.0,-5.78
11082.0,-5.02
11083.0,-5.04
11084.0,-5.53
11085.0,-5.640000000000001
11086.0,-5.3100000000000005
11087.0,4.35
11088.0,4.46
11089.0,-5.01
11090.0,4.31
11091.0,-5.12
11092.0,-5.02
11093.0,-5.06
11094.0,-5.67
11095.0,-5.16
11096.0,-5.01
11097.0,-5.11
11098.0,-5.04
11099.0,-5.06
11100.0,-5.880000000000001
11101.0,-5.03
11102.0,-5.05
11103.0,-5.550000000000001
11104.0,-5.18
11105.0,-5.03
11106.0,-5.3500000000000005
11107.0,-5.51
11108.0,-5.01
11109.0,-5.430000000000001
11110.0,-5.02
11111.0,-5.06
11112.0,4.359999999999999
11113.0,-5.25
11114.0,4.09
11115.0,-5.21
11116.0,-5.51
11117.0,4.5
11118.0,-5.05
11119.0,-5.430000000000001
11120.0,-5.01
11121.0,-5.25
11122.0,-5.01
11123.0,-5.03
11124.0,-5.58
11125.0,-5.46
11126.0,-5.06
11127.0,-5.01
11128.0,-5.710000000000001
11129.0,-5.46
11130.0,-5.42
11131.0,-5.06
11132.0,-5.19
11133.0,-5.08
11134.0,-5.760000000000001
11135.0,-1.0000000000000007
11136.0,-5.05
11137.0,-5.53
11138.0,-5.67
11139.0,4.069999999999999
11140.0,-5.13
11141.0,-5.04
11142.0,-5.12
11143.0,4.449999999999999
11144.0,-5.08
11145.0,-5.5600000000000005
11146.0,-5.05
11147.0,-5.06
11148.0,-5.58
11149.0,-5.58
11150.0,-5.5600000000000005
11151.0,-5.16
11152.0,-5.73
11153.0,-5.45
11154.0,-5.22
11155.0,-5.02
11156.0,-5.37
11157.0,-5.05
11158.0,-5.74
11159.0,-5.06
11160.0,4.33
11161.0,-5.01
11162.0,-5.05
11163.0,-5.01
11164.0,4.289999999999999
11165.0,-5.04
11166.0,-5.12
11167.0,-1.0000000000000007
11168.0,-5.3500000000000005
11169.0,-5.06
11170.0,-5.06
11171.0,-5.1
11172.0,-5.01
11173.0,-5.680000000000001
11174.0,-5.45
11175.0,-5.19
11176.0,-5.5
11177.0,-5.34
11178.0,-5.05
11179.0,-5.01
11180.0,-5.29
11181.0,-5.04
11182.0,-5.04
11183.0,4.369999999999999
11184.0,-5.01
11185.0,4.319999999999999
11186.0,-5.02
11187.0,-1.0000000000000007
11188.0,-5.04
11189.0,-5.38
11190.0,-5.4
11191.0,-5.01
11192.0,-5.04
11193.0,-5.51
11194.0,-5.640000000000001
11195.0,-5.630000000000001
11196.0,-5.04
11197.0,-5.640000000000001
11198.0,-5.75
11199.0,-5.03
11200.0,-5.06
11201.0,4.02
11202.0,4.159999999999999
11203.0,-5.38
11204.0,-5.02
11205.0,-5.01
11206.0,-5.01
11207.0,4.029999999999999
11208.0,-5.02
11209.0,-5.07
11210.0,-5.3100000000000005
11211.0,-5.01
11212.0,-5.13
11213.0,-5.73
11214.0,-5.51
11215.0,4.119999999999999
11216.0,-5.12
11217.0,-5.01
11218.0,-5.26
11219.0,-5.04
11220.0,-5.45
11221.0,4.239999999999999
11222.0,-5.01
11223.0,-5.02
11224.0,-5.12
11225.0,-5.67
11226.0,-5.02
11227.0,-5.36
11228.0,-5.59
11229.0,-5.5200000000000005
11230.0,-5.550000000000001
11231.0,-5.01
11232.0,4.239999999999999
11233.0,-1.0000000000000007
11234.0,-5.15
11235.0,-5.04
11236.0,-5.01
11237.0,-5.01
11238.0,-5.02
11239.0,-5.04
11240.0,-5.33
11241.0,4.34
11242.0,-5.890000000000001
11243.0,-5.02
11244.0,-5.14
11245.0,-5.02
11246.0,-5.53
11247.0,-5.04
11248.0,-5.05
11249.0,-5.720000000000001
11250.0,-5.02
11251.0,-5.04
11252.0,-5.01
11253.0,-5.06
11254.0,-5.07
11255.0,4.06
11256.0,-5.02
11257.0,-5.04
11258.0,-5.06
11259.0,-5.66
11260.0,-5.03
11261.0,-5.02
11262.0,-5.02
11263.0,-5.16
11264.0,4.06
11265.0,-5.2
11266.0,-5.12
11267.0,-5.01
11268.0,-5.44
11269.0,-5.08
11270.0,-5.08
11271.0,-5.08
11272.0,-5.33
11273.0,-5.02
11274.0,-1.0000000000000007
11275.0,-5.8500000000000005
11276.0,-1.0000000000000007
11277.0,-5.49
11278.0,-5.01
11279.0,4.26
11280.0,-1.0000000000000007
11281.0,-1.0000000000000007
11282.0,-5.06
11283.0,4.14
11284.0,-5.01
11285.0,-5.04
11286.0,4.079999999999999
11287.0,-5.61
11288.0,-5.11
11289.0,-5.760000000000001
11290.0,-5.01
11291.0,-1.0000000000000007
11292.0,-5.45
11293.0,-5.08
11294.0,-1.0000000000000007
11295.0,-1.0000000000000007
11296.0,-1.0000000000000007
11297.0,-5.44
11298.0,-5.03
11299.0,-5.07
11300.0,-5.19
11301.0,-5.53
11302.0,-5.05
11303.0,-5.04
11304.0,-5.78
11305.0,-5.02
11306.0,-5.2
11307.0,-5.890000000000001
11308.0,4.2299999999999995
11309.0,-5.930000000000001
11310.0,-5.01
11311.0,-5.08
11312.0,-5.03
11313.0,-5.07
11314.0,-5.06
11315.0,-5.24
11316.0,-5.3
11317.0,-5.18
11318.0,-5.03
11319.0,-5.800000000000001
11320.0,4.3
11321.0,-5.01
11322.0,-5.06
11323.0,-5.04
11324.0,-5.57
11325.0,-5.01
11326.0,-5.01
11327.0,-5.01
11328.0,-5.41
11329.0,-5.11
11330.0,-1.0000000000000007
11331.0,-5.01
11332.0,-5.09
11333.0,-5.03
11334.0,-5.02
11335.0,-5.05
11336.0,-5.62
11337.0,-5.550000000000001
11338.0,-5.37
11339.0,-5.04
11340.0,-5.02
11341.0,4.33
11342.0,-5.09
11343.0,-5.3
11344.0,-5.01
11345.0,-5.29
11346.0,4.35
11347.0,-5.7
11348.0,-5.04
11349.0,-5.05
11350.0,4.1899999999999995
11351.0,-5.05
11352.0,-5.02
11353.0,-5.07
11354.0,-5.760000000000001
11355.0,4.14
11356.0,-5.01
11357.0,-5.49
11358.0,4.1499999999999995
11359.0,-5.640000000000001
11360.0,-1.0000000000000007
11361.0,-5.470000000000001
11362.0,-5.09
11363.0,-5.57
11364.0,-5.09
11365.0,4.109999999999999
11366.0,-5.01
11367.0,-5.02
11368.0,-5.960000000000001
11369.0,-5.02
11370.0,-1.0000000000000007
11371.0,-5.02
11372.0,4.2299999999999995
11373.0,4.319999999999999
11374.0,-5.1
11375.0,-5.03
11376.0,-5.13
11377.0,-5.7700000000000005
11378.0,-5.12
11379.0,-5.57
11380.0,-5.59
11381.0,-5.41
11382.0,-5.01
11383.0,-5.02
11384.0,-5.02
11385.0,-5.04
11386.0,-5.18
11387.0,-5.33
11388.0,4.17
11389.0,4.18
11390.0,4.319999999999999
11391.0,-5.02
11392.0,-5.51
11393.0,-5.01
11394.0,-5.5
11395.0,-5.19
11396.0,-5.06
11397.0,-5.06
11398.0,4.01
11399.0,-5.02
11400.0,-5.23
11401.0,-5.25
11402.0,-5.48
11403.0,-5.02
11404.0,-5.04
11405.0,-5.04
11406.0,-5.08
11407.0,-5.05
11408.0,-5.06
11409.0,4.42
11410.0,-5.58
11411.0,-5.42
11412.0,-5.04
11413.0,-5.3
11414.0,-5.28
11415.0,-5.04
11416.0,-5.630000000000001
11417.0,-5.33
11418.0,-5.37
11419.0,-5.2
11420.0,-5.02
11421.0,4.3
11422.0,-5.02
11423.0,-5.03
11424.0,-5.08
11425.0,-5.19
11426.0,-5.05
11427.0,-5.32
11428.0,-5.08
11429.0,4.1899999999999995
11430.0,-5.08
11431.0,-5.01
11432.0,-5.75
11433.0,-5.01
11434.0,-5.09
11435.0,-5.23
11436.0,-5.02
11437.0,-5.04
11438.0,4.06
11439.0,-5.51
11440.0,-5.11
11441.0,-5.630000000000001
11442.0,-5.06
11443.0,-5.24
11444.0,-5.02
11445.0,-1.0000000000000007
11446.0,-5.03
11447.0,-5.49
11448.0,-5.04
11449.0,-5.02
11450.0,-5.12
11451.0,-5.25
11452.0,-5.02
11453.0,4.14
11454.0,-1.0000000000000007
11455.0,4.079999999999999
11456.0,-5.2
11457.0,-5.03
11458.0,-5.2
11459.0,-5.09
11460.0,-5.33
11461.0,-5.58
11462.0,-5.04
11463.0,-5.07
11464.0,4.289999999999999
11465.0,-5.790000000000001
11466.0,-5.04
11467.0,-5.07
11468.0,-5.2
11469.0,-5.49
11470.0,-5.02
11471.0,-5.49
11472.0,-5.02
11473.0,4.029999999999999
11474.0,-5.02
11475.0,-5.01
11476.0,-5.04
11477.0,-5.07
11478.0,-5.05
11479.0,-5.02
11480.0,-5.34
11481.0,-5.3
11482.0,-5.25
11483.0,-5.01
11484.0,-5.1
11485.0,-5.05
11486.0,-5.07
11487.0,-5.34
11488.0,-5.03
11489.0,-5.42
11490.0,-5.02
11491.0,-5.960000000000001
11492.0,4.47
11493.0,4.31
11494.0,-5.09
11495.0,-5.04
11496.0,-5.04
11497.0,-5.22
11498.0,4.239999999999999
11499.0,-5.1
11500.0,-5.7700000000000005
11501.0,-5.08
11502.0,-5.11
11503.0,-5.48
11504.0,-5.01
11505.0,-5.04
11506.0,-5.14
11507.0,-5.06
11508.0,-5.640000000000001
11509.0,-5.46
11510.0,-5.03
11511.0,-5.05
11512.0,4.26
11513.0,-5.01
11514.0,-5.25
11515.0,-5.390000000000001
11516.0,-5.1
11517.0,-5.66
11518.0,-5.62
11519.0,-5.12
11520.0,-5.03
11521.0,-5.21
11522.0,4.2299999999999995
11523.0,-5.06
11524.0,4.369999999999999
11525.0,-5.1
11526.0,-5.28
11527.0,-5.01
11528.0,-5.01
11529.0,-5.790000000000001
11530.0,-5.02
11531.0,-5.57
11532.0,-5.07
11533.0,-5.98
11534.0,-5.03
11535.0,4.02
11536.0,-5.470000000000001
11537.0,-5.03
11538.0,-5.01
11539.0,-5.04
11540.0,-5.04
11541.0,-5.78
11542.0,-5.69
11543.0,-5.6000000000000005
11544.0,-5.22
11545.0,-5.05
11546.0,-5.04
11547.0,-5.07
11548.0,-5.04
11549.0,-5.42
11550.0,-5.26
11551.0,-5.04
11552.0,-5.62
11553.0,-5.04
11554.0,-5.02
11555.0,-5.41
11556.0,-5.17
11557.0,-5.02
11558.0,-1.0000000000000007
11559.0,-5.16
11560.0,-5.4
11561.0,-5.04
11562.0,-5.04
11563.0,-5.25
11564.0,-5.13
11565.0,-5.01
11566.0,-5.25
11567.0,-5.01
11568.0,-5.01
11569.0,-5.06
11570.0,-5.01
11571.0,-5.04
11572.0,-1.0000000000000007
11573.0,-5.08
11574.0,-5.04
11575.0,-5.05
11576.0,-5.640000000000001
11577.0,-5.42
11578.0,-5.06
11579.0,-5.06
11580.0,-5.01
11581.0,-1.0000000000000007
11582.0,-5.24
11583.0,-5.01
11584.0,-5.01
11585.0,-5.32
11586.0,-5.02
11587.0,-5.03
11588.0,-5.08
11589.0,-5.4
11590.0,-5.05
11591.0,-5.09
11592.0,-5.04
11593.0,-5.44
11594.0,-5.02
11595.0,-5.02
11596.0,-5.01
11597.0,-5.54
11598.0,-5.26
11599.0,-5.05
11600.0,-5.02
11601.0,-5.32
11602.0,-5.59
11603.0,-5.2700000000000005
11604.0,-5.17
11605.0,-5.45
11606.0,4.31
11607.0,-5.16
11608.0,4.41
11609.0,-5.61
11610.0,-5.21
11611.0,-5.02
11612.0,-5.06
11613.0,-1.0000000000000007
11614.0,-5.16
11615.0,-5.74
11616.0,-5.3
11617.0,-5.69
11618.0,-5.03
11619.0,4.359999999999999
11620.0,4.239999999999999
11621.0,-5.19
11622.0,-5.05
11623.0,-5.03
11624.0,4.39
11625.0,-5.23
11626.0,-5.13
11627.0,-5.37
11628.0,-5.5600000000000005
11629.0,-5.65
11630.0,-5.05
11631.0,-5.02
11632.0,-5.18
11633.0,-5.04
11634.0,-5.67
11635.0,-5.24
11636.0,-5.1
11637.0,-5.24
11638.0,-5.04
11639.0,-5.66
11640.0,-5.01
11641.0,-5.14
11642.0,-5.04
11643.0,-5.01
11644.0,-5.01
11645.0,-5.02
11646.0,-5.53
11647.0,-5.01
11648.0,-5.5
11649.0,-5.04
11650.0,-5.34
11651.0,-5.28
11652.0,-5.430000000000001
11653.0,-5.02
11654.0,4.119999999999999
11655.0,-5.16
11656.0,-5.04
11657.0,-5.3
11658.0,-5.03
11659.0,-5.5
11660.0,-5.550000000000001
11661.0,-5.6000000000000005
11662.0,4.049999999999999
11663.0,4.129999999999999
11664.0,-5.17
11665.0,-5.01
11666.0,-5.12
11667.0,-5.03
11668.0,-5.01
11669.0,-5.03
11670.0,-5.02
11671.0,-5.14
11672.0,-5.09
11673.0,-5.6000000000000005
11674.0,-5.42
11675.0,-5.09
11676.0,-5.15
11677.0,-5.3100000000000005
11678.0,-5.06
11679.0,-5.02
11680.0,-5.03
11681.0,-5.5200000000000005
11682.0,-5.41
11683.0,-5.430000000000001
11684.0,-5.03
11685.0,-5.03
11686.0,-5.03
11687.0,-5.01
11688.0,-5.54
11689.0,-5.28
11690.0,-5.19
11691.0,-5.29
11692.0,-5.38
11693.0,-5.06
11694.0,-5.390000000000001
11695.0,-5.08
11696.0,4.049999999999999
11697.0,-5.45
11698.0,-5.01
11699.0,-1.0000000000000007
11700.0,-5.02
11701.0,-5.06
11702.0,-5.02
11703.0,-5.57
11704.0,-5.03
11705.0,-5.03
11706.0,-5.03
11707.0,-5.5200000000000005
11708.0,-5.09
11709.0,-5.34
11710.0,-5.2700000000000005
11711.0,-5.03
11712.0,-5.26
11713.0,4.27
11714.0,-5.12
11715.0,-5.05
11716.0,-5.04
11717.0,-5.05
11718.0,-5.3500000000000005
11719.0,-5.02
11720.0,-5.26
11721.0,-5.14
11722.0,-5.06
11723.0,-5.02
11724.0,-5.01
11725.0,-5.12
11726.0,-5.430000000000001
11727.0,-5.48
11728.0,-1.0000000000000007
11729.0,-5.74
11730.0,-5.02
11731.0,-5.13
11732.0,-5.08
11733.0,-5.2
11734.0,4.199999999999999
11735.0,-5.03
11736.0,-5.03
11737.0,-5.01
11738.0,-5.3500000000000005
11739.0,-5.01
11740.0,4.43
11741.0,-5.09
11742.0,-5.07
11743.0,-5.54
11744.0,-5.13
11745.0,-5.800000000000001
11746.0,-5.05
11747.0,-5.02
11748.0,-5.22
11749.0,-5.04
11750.0,-5.07
11751.0,-5.25
11752.0,-5.01
11753.0,4.46
11754.0,-5.04
11755.0,-5.02
11756.0,-5.36
11757.0,-5.05
11758.0,-5.28
11759.0,-5.01
11760.0,-5.04
11761.0,-5.09
11762.0,-5.28
11763.0,-5.18
11764.0,-5.01
11765.0,-5.13
11766.0,-1.0000000000000007
11767.0,-5.11
11768.0,-5.02
11769.0,-5.07
11770.0,-5.3500000000000005
11771.0,-5.03
11772.0,-5.62
11773.0,-5.5600000000000005
11774.0,-5.05
11775.0,-5.02
11776.0,-5.03
11777.0,-5.5
11778.0,-5.36
11779.0,-5.49
11780.0,-5.09
11781.0,-5.9
11782.0,-5.01
11783.0,-5.36
11784.0,-5.17
11785.0,-5.03
11786.0,-5.53
11787.0,-5.03
11788.0,-5.08
11789.0,-5.04
11790.0,-5.01
11791.0,-5.05
11792.0,-5.36
11793.0,-5.34
11794.0,-5.32
11795.0,-5.16
11796.0,-5.26
11797.0,-5.04
11798.0,-5.6000000000000005
11799.0,-5.01
11800.0,-5.05
11801.0,-5.02
11802.0,-5.03
11803.0,-5.01
11804.0,4.159999999999999
11805.0,-5.3500000000000005
11806.0,-5.3
11807.0,-5.01
11808.0,-5.14
11809.0,-5.3
11810.0,-5.5600000000000005
11811.0,-5.14
11812.0,-5.390000000000001
11813.0,-5.550000000000001
11814.0,-5.3500000000000005
11815.0,-5.06
11816.0,-5.23
11817.0,-5.02
11818.0,-5.01
11819.0,-5.01
11820.0,-5.1
11821.0,-5.01
11822.0,-5.3100000000000005
11823.0,-5.02
11824.0,-5.04
11825.0,-5.24
11826.0,-5.06
11827.0,-5.26
11828.0,-5.2
11829.0,-5.32
11830.0,-5.08
11831.0,-5.03
11832.0,-5.15
11833.0,-5.3
11834.0,-5.5200000000000005
11835.0,-5.3500000000000005
11836.0,-5.02
11837.0,-5.12
11838.0,-5.01
11839.0,-5.16
11840.0,-5.21
11841.0,-5.02
11842.0,4.209999999999999
11843.0,-5.32
11844.0,-5.22
11845.0,-1.0000000000000007
11846.0,-5.24
11847.0,-5.06
11848.0,-5.03
11849.0,-5.02
11850.0,-5.01
11851.0,-5.19
11852.0,-5.06
11853.0,-5.08
11854.0,-5.04
11855.0,-5.24
11856.0,-5.470000000000001
11857.0,-5.01
11858.0,-5.01
11859.0,-5.02
11860.0,-5.08
11861.0,-5.21
11862.0,-5.800000000000001
11863.0,-5.08
11864.0,4.279999999999999
11865.0,-5.22
11866.0,-5.03
11867.0,-5.06
11868.0,-5.37
11869.0,-5.12
11870.0,-5.21
11871.0,-5.34
11872.0,-5.53
11873.0,-5.880000000000001
11874.0,-5.36
11875.0,-5.21
11876.0,-5.07
11877.0,4.38
11878.0,-5.24
11879.0,-5.04
11880.0,-5.01
11881.0,-5.17
11882.0,-5.03
11883.0,4.31
11884.0,-5.38
11885.0,-5.34
11886.0,-5.2700000000000005
11887.0,-5.02
11888.0,-5.04
11889.0,-5.67
11890.0,-5.65
11891.0,-5.18
11892.0,-5.01
11893.0,-5.34
11894.0,-5.390000000000001
11895.0,4.369999999999999
11896.0,-5.53
11897.0,-5.3
11898.0,-5.18
11899.0,-5.23
11900.0,-5.04
11901.0,-5.06
11902.0,-5.710000000000001
11903.0,-5.51
11904.0,-5.01
11905.0,-5.02
11906.0,-5.08
11907.0,-5.03
11908.0,-5.06
11909.0,-5.02
11910.0,-5.2700000000000005
11911.0,-5.03
11912.0,-5.09
11913.0,-5.25
11914.0,-5.08
11915.0,-5.12
11916.0,-5.03
11917.0,-5.04
11918.0,-5.62
11919.0,-5.01
11920.0,-5.04
11921.0,-5.1
11922.0,-5.04
11923.0,-5.430000000000001
11924.0,-5.36
11925.0,-5.3100000000000005
11926.0,-5.01
11927.0,-5.33
11928.0,-5.22
11929.0,-5.06
11930.0,-5.02
11931.0,-5.22
11932.0,-5.3100000000000005
11933.0,-5.32
11934.0,-5.05
11935.0,-1.0000000000000007
11936.0,-5.06
11937.0,-5.26
11938.0,-5.04
11939.0,-5.22
11940.0,-5.06
11941.0,4.049999999999999
11942.0,-5.04
11943.0,-5.06
11944.0,-5.840000000000001
11945.0,-5.1
11946.0,-1.0000000000000007
11947.0,4.3
11948.0,-5.16
11949.0,-5.02
11950.0,-5.58
11951.0,-5.18
11952.0,-5.01
11953.0,-5.02
11954.0,-5.03
11955.0,-5.07
11956.0,-5.1
11957.0,-5.2
11958.0,-5.69
11959.0,-5.66
11960.0,-5.16
11961.0,-5.03
11962.0,4.38
11963.0,-5.3100000000000005
11964.0,-5.42
11965.0,-5.02
11966.0,-1.0000000000000007
11967.0,-5.12
11968.0,-5.5200000000000005
11969.0,-5.02
11970.0,-5.51
11971.0,-5.34
11972.0,-5.3
11973.0,-5.22
11974.0,-5.06
11975.0,-5.01
11976.0,-5.390000000000001
11977.0,-5.73
11978.0,-5.02
11979.0,-5.23
11980.0,-5.04
11981.0,-5.05
11982.0,-5.5
11983.0,-5.01
11984.0,-5.13
11985.0,-5.01
11986.0,-5.05
11987.0,-5.2
11988.0,-5.34
11989.0,-5.12
11990.0,-5.02
11991.0,-5.11
11992.0,-5.62
11993.0,4.34
11994.0,-5.59
11995.0,-5.5
11996.0,-5.19
11997.0,4.029999999999999
11998.0,-5.4
11999.0,-5.840000000000001
12000.0,-5.61
12001.0,-5.66
12002.0,-5.1
12003.0,-5.22
12004.0,-5.01
12005.0,-5.06
12006.0,-5.01
12007.0,4.35
12008.0,-5.01
12009.0,-5.4
12010.0,4.31
12011.0,-5.46
12012.0,-5.13
12013.0,-5.04
12014.0,-5.36
12015.0,-5.05
12016.0,-5.07
12017.0,-5.01
12018.0,-5.14
12019.0,-5.14
12020.0,-5.33
12021.0,-5.04
12022.0,-5.3
12023.0,-5.1
12024.0,-5.45
12025.0,-5.45
12026.0,-5.3
12027.0,-5.08
12028.0,-5.05
12029.0,-5.02
12030.0,4.119999999999999
12031.0,-5.01
12032.0,-5.08
12033.0,-5.22
12034.0,-5.49
12035.0,-5.01
12036.0,-5.13
12037.0,-5.33
12038.0,-5.02
12039.0,-5.03
12040.0,-5.19
12041.0,-5.22
12042.0,-5.02
12043.0,-5.16
12044.0,-5.41
12045.0,4.1899999999999995
12046.0,-5.37
12047.0,4.159999999999999
12048.0,-5.07
12049.0,-5.14
12050.0,-5.5200000000000005
12051.0,-5.02
12052.0,-5.03
12053.0,-5.4
12054.0,-5.02
12055.0,-5.42
12056.0,4.2299999999999995
12057.0,-5.03
12058.0,4.079999999999999
12059.0,-5.02
12060.0,-5.04
12061.0,-5.3500000000000005
12062.0,-5.01
12063.0,-5.2700000000000005
12064.0,-5.06
12065.0,-5.86
12066.0,-5.04
12067.0,-5.640000000000001
12068.0,-5.430000000000001
12069.0,-5.41
12070.0,-5.04
12071.0,-5.2
12072.0,-5.6000000000000005
12073.0,-5.08
12074.0,-5.06
12075.0,4.06
12076.0,-5.62
12077.0,-5.54
12078.0,-5.03
12079.0,-5.33
12080.0,-5.02
12081.0,-5.01
12082.0,-5.06
12083.0,-5.04
12084.0,-5.4
12085.0,-5.36
12086.0,-5.22
12087.0,-1.0000000000000007
12088.0,-5.14
12089.0,-5.28
12090.0,-5.07
12091.0,4.279999999999999
12092.0,-5.04
12093.0,-5.66
12094.0,-5.05
12095.0,-5.1
12096.0,4.51
12097.0,-5.7700000000000005
12098.0,-5.550000000000001
12099.0,-5.32
12100.0,-5.42
12101.0,-5.390000000000001
12102.0,-5.3100000000000005
12103.0,-5.04
12104.0,4.1
12105.0,-5.03
12106.0,-5.01
12107.0,-5.6000000000000005
12108.0,-5.26
12109.0,-5.13
12110.0,-5.2
12111.0,-5.01
12112.0,-5.02
12113.0,-5.760000000000001
12114.0,-5.06
12115.0,-5.02
12116.0,4.1499999999999995
12117.0,-5.13
12118.0,-5.07
12119.0,-5.12
12120.0,-5.7
12121.0,4.1
12122.0,-5.04
12123.0,-5.05
12124.0,-5.4
12125.0,-5.08
12126.0,-5.09
12127.0,-5.83
12128.0,-5.32
12129.0,-5.02
12130.0,-5.09
12131.0,-5.26
12132.0,-5.1
12133.0,-5.23
12134.0,-5.03
12135.0,-5.78
12136.0,-5.02
12137.0,-5.05
12138.0,-5.02
12139.0,-5.02
12140.0,-5.710000000000001
12141.0,-5.29
12142.0,4.41
12143.0,-5.2
12144.0,4.4399999999999995
12145.0,-5.08
12146.0,-5.09
12147.0,-5.01
12148.0,-5.06
12149.0,4.239999999999999
12150.0,-5.6000000000000005
12151.0,-5.37
12152.0,-5.04
12153.0,-5.03
12154.0,-5.07
12155.0,-5.06
12156.0,-5.760000000000001
12157.0,-5.13
12158.0,4.199999999999999
12159.0,-5.58
12160.0,-5.01
12161.0,4.27
12162.0,-5.2
12163.0,-5.59
12164.0,-5.4
12165.0,-5.02
12166.0,-5.11
12167.0,-5.75
12168.0,-5.18
12169.0,-5.04
12170.0,-5.24
12171.0,-5.01
12172.0,-5.12
12173.0,-5.33
12174.0,-5.03
12175.0,-5.03
12176.0,-5.03
12177.0,-5.24
12178.0,-5.04
12179.0,-5.07
12180.0,-5.03
12181.0,-5.5200000000000005
12182.0,-5.03
12183.0,-5.4
12184.0,-5.07
12185.0,-5.54
12186.0,-5.430000000000001
12187.0,-5.66
12188.0,-5.04
12189.0,-5.36
12190.0,-5.78
12191.0,4.25
12192.0,4.029999999999999
12193.0,-5.550000000000001
12194.0,-5.54
12195.0,4.02
12196.0,-5.42
12197.0,-5.46
12198.0,4.039999999999999
12199.0,-5.25
12200.0,-5.05
12201.0,-5.04
12202.0,4.039999999999999
12203.0,-5.32
12204.0,-5.04
12205.0,-5.01
12206.0,-5.11
12207.0,-5.06
12208.0,-5.44
12209.0,4.1
12210.0,-5.02
12211.0,-5.1
12212.0,-5.5200000000000005
12213.0,-5.02
12214.0,4.3
12215.0,-5.03
12216.0,-5.36
12217.0,-5.36
12218.0,-5.24
12219.0,-5.02
12220.0,-5.06
12221.0,-5.46
12222.0,4.1499999999999995
12223.0,4.49
12224.0,-5.1
12225.0,-5.22
12226.0,-5.04
12227.0,-5.06
12228.0,-5.06
12229.0,-5.02
12230.0,-5.3100000000000005
12231.0,-5.18
12232.0,-5.24
12233.0,-5.3500000000000005
12234.0,-5.18
12235.0,-5.18
12236.0,-5.26
12237.0,-5.2
12238.0,-5.1
12239.0,-5.01
12240.0,-5.01
12241.0,4.239999999999999
12242.0,-5.29
12243.0,-5.7700000000000005
12244.0,4.1899999999999995
12245.0,-5.51
12246.0,-5.24
12247.0,-5.14
12248.0,-5.1
12249.0,-5.18
12250.0,-5.16
12251.0,-5.470000000000001
12252.0,-5.38
12253.0,-5.04
12254.0,-5.01
12255.0,-5.02
12256.0,-5.02
12257.0,-5.3500000000000005
12258.0,-5.02
12259.0,4.1899999999999995
12260.0,-5.07
12261.0,-5.06
12262.0,-5.03
12263.0,-5.22
12264.0,-5.58
12265.0,-5.02
12266.0,-5.3
12267.0,-5.4
12268.0,-5.04
12269.0,-5.22
12270.0,-5.37
12271.0,-5.760000000000001
12272.0,4.079999999999999
12273.0,-5.02
12274.0,-5.2
12275.0,-5.04
12276.0,-5.3500000000000005
12277.0,-5.18
12278.0,-5.51
12279.0,-5.05
12280.0,-5.01
12281.0,-5.53
12282.0,-5.4
12283.0,-5.04
12284.0,-5.32
12285.0,-5.38
12286.0,-5.08
12287.0,-5.07
12288.0,-5.07
12289.0,-5.02
12290.0,-5.02
12291.0,-5.03
12292.0,-5.05
12293.0,-5.23
12294.0,-5.5600000000000005
12295.0,-5.630000000000001
12296.0,-5.06
12297.0,-5.17
12298.0,-5.02
12299.0,-5.02
12300.0,-5.5600000000000005
12301.0,-5.710000000000001
12302.0,4.41
12303.0,-5.870000000000001
12304.0,-5.09
12305.0,-5.62
12306.0,-5.06
12307.0,-5.01
12308.0,-5.02
12309.0,-5.58
12310.0,-5.36
12311.0,-5.51
12312.0,-5.03
12313.0,-5.04
12314.0,-5.23
12315.0,-5.04
12316.0,-5.04
12317.0,-5.78
12318.0,-5.25
12319.0,-5.2700000000000005
12320.0,4.09
12321.0,-5.06
12322.0,-5.02
12323.0,-5.02
12324.0,-5.06
12325.0,-5.630000000000001
12326.0,-5.65
12327.0,-5.01
12328.0,-5.470000000000001
12329.0,-5.720000000000001
12330.0,-5.28
12331.0,4.1899999999999995
12332.0,-5.59
12333.0,-5.18
12334.0,-5.02
12335.0,-5.38
12336.0,-5.3500000000000005
12337.0,-5.42
12338.0,-5.02
12339.0,-5.41
12340.0,4.02
12341.0,-5.59
12342.0,-5.640000000000001
12343.0,-5.760000000000001
12344.0,-5.49
12345.0,-5.01
12346.0,4.239999999999999
12347.0,-5.01
12348.0,-5.69
12349.0,-5.12
12350.0,-5.04
12351.0,-5.2700000000000005
12352.0,-5.08
12353.0,-5.09
12354.0,-5.16
12355.0,4.09
12356.0,-5.05
12357.0,4.34
12358.0,-5.66
12359.0,-5.02
12360.0,-5.06
12361.0,-5.32
12362.0,-1.0000000000000007
12363.0,-5.02
12364.0,-5.04
12365.0,-5.02
12366.0,-5.38
12367.0,-5.57
12368.0,-5.3500000000000005
12369.0,-5.17
12370.0,-5.03
12371.0,-5.4
12372.0,-5.23
12373.0,-5.44
12374.0,-5.04
12375.0,-5.01
12376.0,-5.2700000000000005
12377.0,-5.46
12378.0,-5.29
12379.0,-5.06
12380.0,4.41
12381.0,-5.44
12382.0,-5.05
12383.0,-5.12
12384.0,-5.28
12385.0,-5.12
12386.0,-5.07
12387.0,4.25
12388.0,-5.07
12389.0,-5.12
12390.0,-5.45
12391.0,-5.06
12392.0,-5.02
12393.0,-5.34
12394.0,-5.69
12395.0,-5.2
12396.0,-5.28
12397.0,-5.870000000000001
12398.0,-5.37
12399.0,-5.15
12400.0,-5.04
12401.0,-5.44
12402.0,-5.03
12403.0,4.029999999999999
12404.0,-5.38
12405.0,-5.5600000000000005
12406.0,-1.0000000000000007
12407.0,-5.550000000000001
12408.0,-5.04
12409.0,-5.4
12410.0,-5.45
12411.0,-5.26
12412.0,-5.06
12413.0,-5.04
12414.0,-5.6000000000000005
12415.0,-5.06
12416.0,-5.470000000000001
12417.0,-5.51
12418.0,-5.04
12419.0,-5.67
12420.0,-5.08
12421.0,-5.04
12422.0,-5.4
12423.0,-5.83
12424.0,-5.73
12425.0,-5.06
12426.0,-5.03
12427.0,-5.02
12428.0,-5.36
12429.0,-5.37
12430.0,4.449999999999999
12431.0,4.38
12432.0,4.14
12433.0,4.239999999999999
12434.0,-5.01
12435.0,-5.1
12436.0,-5.640000000000001
12437.0,-5.01
12438.0,4.1499999999999995
12439.0,-5.08
12440.0,-5.32
12441.0,-5.3
12442.0,-5.09
12443.0,-5.06
12444.0,-5.21
12445.0,-5.65
12446.0,-5.02
12447.0,-5.05
12448.0,-5.23
12449.0,-5.48
12450.0,-5.26
12451.0,-5.61
12452.0,-1.0000000000000007
12453.0,-5.1
12454.0,-5.07
12455.0,4.289999999999999
12456.0,-5.24
12457.0,-5.46
12458.0,-5.26
12459.0,-5.1
12460.0,-5.02
12461.0,-5.18
12462.0,-5.02
12463.0,-5.51
12464.0,-5.58
12465.0,-5.26
12466.0,-5.11
12467.0,-5.19
12468.0,-5.42
12469.0,-5.37
12470.0,-5.45
12471.0,-5.36
12472.0,-5.5
12473.0,-5.42
12474.0,-5.36
12475.0,-5.3
12476.0,-5.12
12477.0,-5.07
12478.0,-5.69
12479.0,-5.3
12480.0,-5.34
12481.0,-5.03
12482.0,-5.3100000000000005
12483.0,-5.550000000000001
12484.0,4.209999999999999
12485.0,-5.34
12486.0,4.25
12487.0,-5.03
12488.0,-5.49
12489.0,-5.34
12490.0,4.33
12491.0,-5.02
12492.0,-5.01
12493.0,-5.36
12494.0,-5.41
12495.0,-5.5
12496.0,-5.11
12497.0,-5.22
12498.0,-5.36
12499.0,-5.04
12500.0,-5.02
12501.0,-5.13
12502.0,-5.08
12503.0,-5.04
12504.0,-5.02
12505.0,4.26
12506.0,-5.3100000000000005
12507.0,-5.07
12508.0,-5.03
12509.0,-5.29
12510.0,-5.04
12511.0,-5.4
12512.0,-5.710000000000001
12513.0,-5.38
12514.0,-5.03
12515.0,-5.01
12516.0,4.47
12517.0,-5.08
12518.0,-5.04
12519.0,-5.14
12520.0,-5.01
12521.0,-5.7
12522.0,-5.1
12523.0,-5.57
12524.0,-1.0000000000000007
12525.0,-5.5
12526.0,-5.630000000000001
12527.0,4.43
12528.0,4.42
12529.0,-5.14
12530.0,-5.28
12531.0,-5.2
12532.0,-5.05
12533.0,-5.22
12534.0,-5.53
12535.0,-5.08
12536.0,-5.42
12537.0,4.2299999999999995
12538.0,-5.1
12539.0,-5.38
12540.0,-5.02
12541.0,-5.01
12542.0,-5.4
12543.0,-5.7
12544.0,4.1499999999999995
12545.0,-5.02
12546.0,-5.5200000000000005
12547.0,-5.01
12548.0,-5.1
12549.0,4.369999999999999
12550.0,-5.05
12551.0,4.18
12552.0,-5.5
12553.0,-5.14
12554.0,-5.02
12555.0,-5.26
12556.0,-5.4
12557.0,-5.08
12558.0,-5.04
12559.0,-5.28
12560.0,-5.05
12561.0,-5.33
12562.0,-5.36
12563.0,-5.880000000000001
12564.0,-1.0000000000000007
12565.0,-5.16
12566.0,-5.470000000000001
12567.0,4.25
12568.0,-5.01
12569.0,-5.6000000000000005
12570.0,-5.03
12571.0,-5.58
12572.0,-5.2
12573.0,-5.44
12574.0,-5.37
12575.0,-5.02
12576.0,-5.640000000000001
12577.0,-5.04
12578.0,-5.32
12579.0,-5.880000000000001
12580.0,4.47
12581.0,-5.04
12582.0,-5.05
12583.0,-5.04
12584.0,-5.45
12585.0,4.159999999999999
12586.0,-5.62
12587.0,-5.42
12588.0,-5.17
12589.0,-5.28
12590.0,-5.02
12591.0,-5.51
12592.0,-5.04
12593.0,-5.37
12594.0,-5.44
12595.0,-5.37
12596.0,-5.3
12597.0,-5.34
12598.0,-5.3500000000000005
12599.0,-5.22
12600.0,-5.34
12601.0,-5.44
12602.0,4.119999999999999
12603.0,-5.390000000000001
12604.0,-5.03
12605.0,-5.54
12606.0,-5.01
12607.0,-5.33
12608.0,-5.05
12609.0,-5.32
12610.0,-5.01
12611.0,-5.01
12612.0,-5.01
12613.0,-5.82
12614.0,-5.02
12615.0,-5.430000000000001
12616.0,-5.01
12617.0,-5.02
12618.0,-5.02
12619.0,-5.34
12620.0,-5.26
12621.0,-5.11
12622.0,-5.15
12623.0,-5.65
12624.0,-5.4
12625.0,-5.38
12626.0,-5.3500000000000005
12627.0,-5.23
12628.0,4.25
12629.0,-5.630000000000001
12630.0,-5.2700000000000005
12631.0,-5.59
12632.0,-5.57
12633.0,-5.09
12634.0,-5.1
12635.0,-5.38
12636.0,-5.04
12637.0,-5.03
12638.0,-5.38
12639.0,4.34
12640.0,-5.02
12641.0,-5.23
12642.0,-5.03
12643.0,-5.48
12644.0,-5.640000000000001
12645.0,-5.3500000000000005
12646.0,-5.04
12647.0,-5.02
12648.0,-5.02
12649.0,-5.01
12650.0,-5.02
12651.0,-5.41
12652.0,-5.33
12653.0,-5.09
12654.0,-5.29
12655.0,-5.46
12656.0,-5.34
12657.0,-5.04
12658.0,-5.58
12659.0,-5.01
12660.0,-5.01
12661.0,-5.02
12662.0,-5.48
12663.0,-5.08
12664.0,-5.02
12665.0,-5.05
12666.0,4.38
12667.0,-5.03
12668.0,-5.33
12669.0,-5.42
12670.0,-5.3
12671.0,-5.05
12672.0,-5.4
12673.0,-5.45
12674.0,-5.02
12675.0,-5.02
12676.0,-5.33
12677.0,-5.48
12678.0,-1.0000000000000007
12679.0,-5.5200000000000005
12680.0,4.17
12681.0,-5.09
12682.0,-5.08
12683.0,4.209999999999999
12684.0,-5.41
12685.0,4.369999999999999
12686.0,-5.02
12687.0,-5.5600000000000005
12688.0,-5.42
12689.0,-5.08
12690.0,4.42
12691.0,-5.36
12692.0,-5.02
12693.0,-5.36
12694.0,-5.26
12695.0,-5.26
12696.0,4.18
12697.0,-5.08
12698.0,-5.04
12699.0,-5.3
12700.0,-5.28
12701.0,-5.38
12702.0,-5.390000000000001
12703.0,-5.25
12704.0,-5.870000000000001
12705.0,-5.03
12706.0,-5.720000000000001
12707.0,-5.07
12708.0,-5.14
12709.0,-5.1
12710.0,-5.01
12711.0,-5.04
12712.0,-5.32
12713.0,-5.08
12714.0,-5.38
12715.0,-5.41
12716.0,4.079999999999999
12717.0,-5.07
12718.0,-5.82
12719.0,-5.05
12720.0,-5.01
12721.0,-5.04
12722.0,-5.32
12723.0,-5.02
12724.0,-5.390000000000001
12725.0,-5.06
12726.0,-5.4
12727.0,-5.5600000000000005
12728.0,4.33
12729.0,-5.640000000000001
12730.0,-5.01
12731.0,-5.61
12732.0,-1.0000000000000007
12733.0,-5.01
12734.0,4.33
12735.0,-5.24
12736.0,-5.04
12737.0,-5.04
12738.0,-5.09
12739.0,-5.38
12740.0,-5.42
12741.0,-5.390000000000001
12742.0,-5.03
12743.0,-5.1
12744.0,-5.06
12745.0,-5.04
12746.0,-5.04
12747.0,-5.02
12748.0,-5.03
12749.0,-5.36
12750.0,-5.06
12751.0,-5.9
12752.0,-5.01
12753.0,-5.01
12754.0,-5.59
12755.0,-5.01
12756.0,-5.720000000000001
12757.0,-5.28
12758.0,-5.48
12759.0,-5.42
12760.0,-5.03
12761.0,-5.03
12762.0,-5.6000000000000005
12763.0,-5.18
12764.0,-5.390000000000001
12765.0,4.129999999999999
12766.0,-5.53
12767.0,-5.41
12768.0,-5.36
12769.0,-5.46
12770.0,-5.28
12771.0,-5.03
12772.0,-5.6000000000000005
12773.0,-5.04
12774.0,-5.28
12775.0,-5.02
12776.0,-5.41
12777.0,-5.58
12778.0,-5.06
12779.0,-5.01
12780.0,-5.08
12781.0,-5.08
12782.0,-5.54
12783.0,-5.07
12784.0,-5.01
12785.0,-5.03
12786.0,-5.03
12787.0,-5.34
12788.0,-5.38
12789.0,-5.38
12790.0,-5.33
12791.0,-5.23
12792.0,-5.05
12793.0,-5.01
12794.0,-5.02
12795.0,-5.03
12796.0,-5.02
12797.0,-5.04
12798.0,-5.03
12799.0,-5.02
12800.0,-5.430000000000001
12801.0,-5.08
12802.0,-5.960000000000001
12803.0,-5.44
12804.0,-5.06
12805.0,-5.03
12806.0,-5.18
12807.0,-5.4
12808.0,-5.4
12809.0,-5.04
12810.0,-5.3
12811.0,-5.61
12812.0,-5.03
12813.0,-5.34
12814.0,-5.41
12815.0,-5.01
12816.0,-5.630000000000001
12817.0,-5.25
12818.0,-5.3
12819.0,-5.5
12820.0,-5.06
12821.0,-5.6000000000000005
12822.0,-5.03
12823.0,-5.12
12824.0,-5.5
12825.0,-5.08
12826.0,-5.04
12827.0,-5.5200000000000005
12828.0,-5.12
12829.0,-5.3100000000000005
12830.0,-5.5
12831.0,4.46
12832.0,-5.01
12833.0,-5.57
12834.0,-5.05
12835.0,-5.32
12836.0,-5.26
12837.0,-5.04
12838.0,4.41
12839.0,-5.26
12840.0,-5.01
12841.0,-5.03
12842.0,-5.08
12843.0,-5.04
12844.0,-5.03
12845.0,-5.11
12846.0,-5.02
12847.0,-5.430000000000001
12848.0,-5.25
12849.0,4.369999999999999
12850.0,-5.29
12851.0,-5.05
12852.0,-5.2
12853.0,-5.23
12854.0,-5.29
12855.0,-5.22
12856.0,-5.08
12857.0,-5.42
12858.0,-5.02
12859.0,-5.26
12860.0,-5.6000000000000005
12861.0,-5.03
12862.0,-5.11
12863.0,-5.33
12864.0,-5.04
12865.0,4.17
12866.0,-5.22
12867.0,-5.08
12868.0,-5.41
12869.0,-5.06
12870.0,4.449999999999999
12871.0,-5.390000000000001
12872.0,-5.07
12873.0,-5.66
12874.0,-5.630000000000001
12875.0,-5.03
12876.0,4.22
12877.0,4.46
12878.0,-5.61
12879.0,-5.54
12880.0,-5.06
12881.0,-5.12
12882.0,-1.0000000000000007
12883.0,-5.02
12884.0,-5.16
12885.0,-5.03
12886.0,-5.01
12887.0,4.38
12888.0,-5.32
12889.0,-5.2
12890.0,-5.65
12891.0,-5.61
12892.0,-5.09
12893.0,-5.53
12894.0,-5.25
12895.0,-1.0000000000000007
12896.0,-5.34
12897.0,-5.04
12898.0,-5.870000000000001
12899.0,-5.430000000000001
12900.0,-5.01
12901.0,-5.16
12902.0,-5.04
12903.0,-5.02
12904.0,-5.02
12905.0,-5.16
12906.0,-5.01
12907.0,-5.11
12908.0,-5.04
12909.0,-5.48
12910.0,-5.710000000000001
12911.0,-5.05
12912.0,-5.18
12913.0,-5.01
12914.0,-5.61
12915.0,-5.470000000000001
12916.0,-5.1
12917.0,-5.04
12918.0,-5.02
12919.0,-5.8100000000000005
12920.0,-5.03
12921.0,-5.26
12922.0,-5.32
12923.0,-5.45
12924.0,-5.11
12925.0,-5.05
12926.0,-5.02
12927.0,-5.5
12928.0,-5.04
12929.0,-5.01
12930.0,-5.01
12931.0,-5.1
12932.0,-5.01
12933.0,-5.28
12934.0,-5.74
12935.0,-5.24
12936.0,-5.24
12937.0,-5.44
12938.0,-5.36
12939.0,-5.22
12940.0,-5.22
12941.0,-5.32
12942.0,-5.04
12943.0,-5.04
12944.0,-5.01
12945.0,-5.42
12946.0,4.39
12947.0,-5.06
12948.0,-5.02
12949.0,-5.4
12950.0,4.209999999999999
12951.0,-5.07
12952.0,-5.390000000000001
12953.0,-5.04
12954.0,4.17
12955.0,-5.07
12956.0,-5.58
12957.0,-5.3500000000000005
12958.0,-5.01
12959.0,-5.42
12960.0,-5.04
12961.0,-5.4
12962.0,-5.02
12963.0,-5.1
12964.0,-5.03
12965.0,-5.34
12966.0,-5.25
12967.0,-5.46
12968.0,-5.550000000000001
12969.0,-5.4
12970.0,-5.42
12971.0,-5.880000000000001
12972.0,-5.4
12973.0,-5.42
12974.0,-5.01
12975.0,-5.06
12976.0,-5.1
12977.0,-5.15
12978.0,-5.25
12979.0,-5.36
12980.0,-5.5
12981.0,-5.09
12982.0,-5.5
12983.0,-5.05
12984.0,-5.03
12985.0,-5.32
12986.0,-5.550000000000001
12987.0,-5.09
12988.0,-5.02
12989.0,-5.5
12990.0,-5.06
12991.0,-5.07
12992.0,-5.3
12993.0,-5.08
12994.0,-5.4
12995.0,-5.1
12996.0,-5.2
12997.0,-5.34
12998.0,-5.1
12999.0,-5.5200000000000005
13000.0,-5.29
13001.0,-5.07
13002.0,-5.34
13003.0,-5.04
13004.0,-5.02
13005.0,-5.02
13006.0,-5.7
13007.0,-5.38
13008.0,-5.28
13009.0,-5.02
13010.0,-5.02
13011.0,-5.41
13012.0,-5.24
13013.0,-5.02
13014.0,-5.01
13015.0,-5.01
13016.0,-5.790000000000001
13017.0,-5.36
13018.0,-5.3
13019.0,-5.04
13020.0,-5.33
13021.0,-5.3500000000000005
13022.0,-5.04
13023.0,4.119999999999999
13024.0,-5.48
13025.0,-5.03
13026.0,-5.07
13027.0,-5.4
13028.0,-5.15
13029.0,-5.390000000000001
13030.0,-5.06
13031.0,-5.640000000000001
13032.0,-5.02
13033.0,-5.3100000000000005
13034.0,-5.28
13035.0,-5.08
13036.0,-5.16
13037.0,-5.37
13038.0,-5.03
13039.0,-5.01
13040.0,-5.06
13041.0,4.279999999999999
13042.0,-5.3500000000000005
13043.0,-5.3
13044.0,-5.42
13045.0,-5.390000000000001
13046.0,-5.470000000000001
13047.0,-5.550000000000001
13048.0,-5.5
13049.0,-5.6000000000000005
13050.0,-5.38
13051.0,-5.34
13052.0,-5.46
13053.0,-5.46
13054.0,-5.02
13055.0,-5.4
13056.0,-5.05
13057.0,-5.04
13058.0,-5.02
13059.0,-5.5
13060.0,-5.390000000000001
13061.0,-5.05
13062.0,-5.4
13063.0,-5.24
13064.0,-5.03
13065.0,-5.04
13066.0,-5.44
13067.0,-5.3
13068.0,-5.02
13069.0,-5.2700000000000005
13070.0,-5.5
13071.0,-5.02
13072.0,-5.4
13073.0,-5.01
13074.0,-5.28
13075.0,-5.390000000000001
13076.0,-5.3100000000000005
13077.0,-5.04
13078.0,-5.390000000000001
13079.0,-5.4
13080.0,-5.02
13081.0,4.22
13082.0,-5.18
13083.0,-5.45
13084.0,-5.05
13085.0,-5.390000000000001
13086.0,-5.32
13087.0,-5.02
13088.0,-5.02
13089.0,-5.01
13090.0,-5.01
13091.0,-5.02
13092.0,-5.23
13093.0,4.14
13094.0,-5.04
13095.0,-5.6000000000000005
13096.0,-5.4
13097.0,-5.65
13098.0,-5.630000000000001
13099.0,-5.01
13100.0,-5.28
13101.0,-5.03
13102.0,-5.05
13103.0,-5.5600000000000005
13104.0,-5.02
13105.0,-5.05
13106.0,-5.15
13107.0,-5.46
13108.0,-5.09
13109.0,-5.09
13110.0,4.35
13111.0,-5.02
13112.0,-5.01
13113.0,-5.04
13114.0,-5.2
13115.0,-5.15
13116.0,-5.21
13117.0,-5.03
13118.0,-5.02
13119.0,-5.44
13120.0,-5.470000000000001
13121.0,-5.32
13122.0,-5.38
13123.0,-5.04
13124.0,-5.05
13125.0,-5.05
13126.0,-5.01
13127.0,-5.08
13128.0,-5.430000000000001
13129.0,-5.03
13130.0,-5.45
13131.0,-5.390000000000001
13132.0,-5.11
13133.0,-5.08
13134.0,-5.02
13135.0,-5.23
13136.0,-5.32
13137.0,-5.5200000000000005
13138.0,-5.22
13139.0,-5.01
13140.0,4.129999999999999
13141.0,-5.53
13142.0,-5.25
13143.0,-5.04
13144.0,-5.41
13145.0,-5.01
13146.0,-5.22
13147.0,-5.48
13148.0,-5.28
13149.0,4.369999999999999
13150.0,-5.53
13151.0,-5.02
13152.0,-5.05
13153.0,-5.01
13154.0,-5.01
13155.0,-5.11
13156.0,-5.45
13157.0,-5.03
13158.0,-5.03
13159.0,-5.32
13160.0,-5.01
13161.0,-5.07
13162.0,-5.07
13163.0,-5.02
13164.0,-5.05
13165.0,4.209999999999999
13166.0,-5.04
13167.0,-5.05
13168.0,-5.37
13169.0,-5.6000000000000005
13170.0,-5.59
13171.0,-5.12
13172.0,-5.3
13173.0,-5.34
13174.0,-5.11
13175.0,-5.42
13176.0,-5.390000000000001
13177.0,-5.1
13178.0,-5.01
13179.0,-5.05
13180.0,-5.07
13181.0,-5.62
13182.0,-5.61
13183.0,-5.3100000000000005
13184.0,-5.41
13185.0,-5.07
13186.0,-5.04
13187.0,-5.06
13188.0,-5.01
13189.0,-5.08
13190.0,-5.03
13191.0,-5.59
13192.0,-5.02
13193.0,-5.07
13194.0,-5.3
13195.0,-5.04
13196.0,-5.24
13197.0,4.02
13198.0,-5.01
13199.0,-5.01
13200.0,4.1899999999999995
13201.0,-5.33
13202.0,-5.23
13203.0,-5.42
13204.0,-5.04
13205.0,-5.03
13206.0,-5.02
13207.0,-5.05
13208.0,-5.02
13209.0,-5.11
13210.0,-5.01
13211.0,-5.5200000000000005
13212.0,-5.61
13213.0,-5.3500000000000005
13214.0,-5.03
13215.0,-5.29
13216.0,-5.06
13217.0,-5.02
13218.0,-5.01
13219.0,-5.49
13220.0,-5.02
13221.0,-5.04
13222.0,-5.02
13223.0,-5.550000000000001
13224.0,-5.06
13225.0,-5.02
13226.0,-5.07
13227.0,-5.3100000000000005
13228.0,-5.66
13229.0,-5.26
13230.0,-5.02
13231.0,-5.06
13232.0,-5.05
13233.0,-5.53
13234.0,-5.54
13235.0,-5.59
13236.0,-5.22
13237.0,-5.8100000000000005
13238.0,-5.04
13239.0,-5.06
13240.0,-5.09
13241.0,-5.5200000000000005
13242.0,-5.430000000000001
13243.0,-5.57
13244.0,-5.1
13245.0,-5.02
13246.0,-5.24
13247.0,-5.03
13248.0,-5.05
13249.0,-5.02
13250.0,-5.42
13251.0,-5.38
13252.0,-5.04
13253.0,-5.2700000000000005
13254.0,-5.28
13255.0,-5.02
13256.0,-5.41
13257.0,-5.36
13258.0,-5.33
13259.0,-5.06
13260.0,-5.17
13261.0,-5.37
13262.0,-5.49
13263.0,-5.08
13264.0,-5.06
13265.0,-5.36
13266.0,-5.03
13267.0,-5.02
13268.0,-5.02
13269.0,-5.4
13270.0,-1.0000000000000007
13271.0,-5.02
13272.0,-5.34
13273.0,-5.73
13274.0,-5.33
13275.0,-5.2700000000000005
13276.0,-5.09
13277.0,-5.02
13278.0,-5.66
13279.0,-5.04
13280.0,-5.1
13281.0,-5.36
13282.0,-5.46
13283.0,-5.01
13284.0,-5.2
13285.0,-5.710000000000001
13286.0,-5.02
13287.0,-5.1
13288.0,-5.06
13289.0,-5.3100000000000005
13290.0,-5.06
13291.0,-5.15
13292.0,-5.390000000000001
13293.0,-5.49
13294.0,-5.98
13295.0,-5.04
13296.0,-5.13
13297.0,-5.02
13298.0,-5.05
13299.0,-5.3100000000000005
13300.0,-5.62
13301.0,-5.01
13302.0,-5.07
13303.0,-5.12
13304.0,-5.01
13305.0,-5.04
13306.0,-5.02
13307.0,-5.04
13308.0,-5.28
13309.0,-5.08
13310.0,-5.3500000000000005
13311.0,-5.07
13312.0,-5.5
13313.0,-5.33
13314.0,-5.46
13315.0,-5.42
13316.0,-5.02
13317.0,-5.38
13318.0,-5.29
13319.0,-5.08
13320.0,-5.22
13321.0,-5.4
13322.0,-5.02
13323.0,-5.1
13324.0,-5.3
13325.0,-5.01
13326.0,-5.24
13327.0,-5.02
13328.0,-5.04
13329.0,-5.02
13330.0,-5.05
13331.0,-5.49
13332.0,-5.45
13333.0,-5.37
13334.0,-5.5600000000000005
13335.0,-5.23
13336.0,-5.5200000000000005
13337.0,-5.430000000000001
13338.0,-5.04
13339.0,-5.37
13340.0,-5.04
13341.0,-5.04
13342.0,-5.24
13343.0,-5.42
13344.0,-5.04
13345.0,-5.5
13346.0,-5.04
13347.0,-5.38
13348.0,-5.61
13349.0,-5.41
13350.0,-5.41
13351.0,-5.08
13352.0,-5.32
13353.0,4.27
13354.0,-5.57
13355.0,4.119999999999999
13356.0,-5.2700000000000005
13357.0,-5.44
13358.0,-5.02
13359.0,-5.01
13360.0,-5.430000000000001
13361.0,-5.01
13362.0,-5.390000000000001
13363.0,-5.38
13364.0,-5.36
13365.0,-5.04
13366.0,-5.42
13367.0,-5.48
13368.0,-5.46
13369.0,-5.04
13370.0,-5.24
13371.0,-5.57
13372.0,-5.4
13373.0,-5.02
13374.0,-5.03
13375.0,-5.08
13376.0,-5.57
13377.0,-5.03
13378.0,4.35
13379.0,-5.37
13380.0,-5.66
13381.0,-5.09
13382.0,-5.02
13383.0,-5.5600000000000005
13384.0,-5.38
13385.0,-5.26
13386.0,-5.36
13387.0,-5.45
13388.0,-5.49
13389.0,-5.13
13390.0,-5.5200000000000005
13391.0,-5.3500000000000005
13392.0,-5.01
13393.0,-5.14
13394.0,-5.800000000000001
13395.0,-5.32
13396.0,-5.74
13397.0,-5.32
13398.0,-5.01
13399.0,-5.04
13400.0,-5.01
13401.0,-5.07
13402.0,-5.57
13403.0,-5.03
13404.0,-5.32
13405.0,-5.04
13406.0,-5.630000000000001
13407.0,-5.680000000000001
13408.0,-5.05
13409.0,-5.04
13410.0,-5.1
13411.0,-5.21
13412.0,-5.29
13413.0,-5.54
13414.0,-5.01
13415.0,-5.02
13416.0,-5.22
13417.0,-5.42
13418.0,-5.38
13419.0,-5.06
13420.0,-5.49
13421.0,-5.06
13422.0,-5.01
13423.0,-5.08
13424.0,-5.2
13425.0,-5.01
13426.0,-5.53
13427.0,-5.3
13428.0,-5.02
13429.0,-5.02
13430.0,-5.38
13431.0,-5.49
13432.0,-5.04
13433.0,-5.02
13434.0,-5.04
13435.0,-5.800000000000001
13436.0,-5.640000000000001
13437.0,-5.04
13438.0,-5.41
13439.0,-5.04
13440.0,-5.02
13441.0,-5.44
13442.0,-5.26
13443.0,-5.41
13444.0,-5.24
13445.0,-5.07
13446.0,-5.03
13447.0,-5.33
13448.0,-5.03
13449.0,-5.01
13450.0,-5.74
13451.0,-5.3100000000000005
13452.0,-5.02
13453.0,-5.01
13454.0,-5.46
13455.0,4.51
13456.0,-5.24
13457.0,-5.01
13458.0,-5.41
13459.0,-5.05
13460.0,-5.07
13461.0,-5.03
13462.0,-5.25
13463.0,-5.38
13464.0,-5.09
13465.0,-5.01
13466.0,-5.04
13467.0,4.3999999999999995
13468.0,-5.03
13469.0,-5.48
13470.0,-5.05
13471.0,-5.06
13472.0,-5.07
13473.0,-5.44
13474.0,-5.37
13475.0,-5.21
13476.0,-5.02
13477.0,-5.33
13478.0,-5.04
13479.0,-5.02
13480.0,-5.34
13481.0,-5.890000000000001
13482.0,-5.01
13483.0,-5.03
13484.0,-5.08
13485.0,-5.45
13486.0,-5.470000000000001
13487.0,-5.02
13488.0,-5.430000000000001
13489.0,-5.01
13490.0,-5.66
13491.0,-5.48
13492.0,-5.49
13493.0,-5.29
13494.0,-5.24
13495.0,-5.34
13496.0,-5.48
13497.0,-5.13
13498.0,-5.37
13499.0,-5.29
13500.0,-5.470000000000001
13501.0,4.289999999999999
13502.0,-5.4
13503.0,-5.390000000000001
13504.0,-5.3
13505.0,-5.51
13506.0,-5.37
13507.0,-5.37
13508.0,-5.01
13509.0,-5.02
13510.0,-5.04
13511.0,-5.03
13512.0,-5.02
13513.0,-5.06
13514.0,-5.04
13515.0,-5.5
13516.0,-5.48
13517.0,-5.05
13518.0,-5.04
13519.0,-5.04
13520.0,-5.03
13521.0,4.33
13522.0,-5.06
13523.0,-5.03
13524.0,-5.13
13525.0,-5.11
13526.0,-5.470000000000001
13527.0,-5.03
13528.0,-5.34
13529.0,-5.3
13530.0,-5.01
13531.0,-5.01
13532.0,-5.01
13533.0,-5.24
13534.0,-5.02
13535.0,-5.05
13536.0,-5.29
13537.0,-5.790000000000001
13538.0,-5.5600000000000005
13539.0,-5.5600000000000005
13540.0,-5.4
13541.0,-5.01
13542.0,-5.02
13543.0,-5.03
13544.0,-5.390000000000001
13545.0,-5.08
13546.0,-5.03
13547.0,-5.32
13548.0,-5.01
13549.0,4.34
13550.0,-5.23
13551.0,-5.630000000000001
13552.0,-5.37
13553.0,-5.42
13554.0,-5.26
13555.0,-5.07
13556.0,-5.3
13557.0,-5.04
13558.0,-5.01
13559.0,-5.5600000000000005
13560.0,-5.04
13561.0,-5.01
13562.0,-5.49
13563.0,-5.2
13564.0,-5.5
13565.0,-5.02
13566.0,-5.680000000000001
13567.0,-5.15
13568.0,-5.02
13569.0,-5.09
13570.0,-5.01
13571.0,-5.5600000000000005
13572.0,-5.01
13573.0,-5.01
13574.0,-5.26
13575.0,-5.53
13576.0,-5.03
13577.0,-5.44
13578.0,-5.02
13579.0,-5.02
13580.0,-5.37
13581.0,-5.37
13582.0,-5.7
13583.0,-5.46
13584.0,-5.470000000000001
13585.0,-5.01
13586.0,-5.2
13587.0,-5.36
13588.0,-5.02
13589.0,-5.3500000000000005
13590.0,-5.470000000000001
13591.0,-5.02
13592.0,-5.06
13593.0,-5.06
13594.0,-5.470000000000001
13595.0,-5.05
13596.0,-5.4
13597.0,-5.01
13598.0,-5.02
13599.0,-5.33
13600.0,-5.11
13601.0,-5.42
13602.0,-5.630000000000001
13603.0,-5.01
13604.0,-5.06
13605.0,-5.1
13606.0,-5.82
13607.0,-5.28
13608.0,-5.03
13609.0,-5.44
13610.0,4.1899999999999995
13611.0,-5.16
13612.0,-5.29
13613.0,-5.24
13614.0,-5.08
13615.0,-5.430000000000001
13616.0,-5.02
13617.0,-5.42
13618.0,-5.03
13619.0,-5.19
13620.0,-5.32
13621.0,-5.12
13622.0,-5.44
13623.0,-5.09
13624.0,-5.05
13625.0,-5.02
13626.0,-5.48
13627.0,-5.02
13628.0,-5.06
13629.0,-5.03
13630.0,4.039999999999999
13631.0,-5.430000000000001
13632.0,-5.04
13633.0,-5.3
13634.0,-5.38
13635.0,-5.33
13636.0,-5.26
13637.0,-5.38
13638.0,-5.36
13639.0,-5.24
13640.0,-5.05
13641.0,-5.4
13642.0,-5.02
13643.0,-5.06
13644.0,-5.58
13645.0,-5.18
13646.0,4.1499999999999995
13647.0,-5.06
13648.0,-5.12
13649.0,-5.01
13650.0,-5.5600000000000005
13651.0,-5.01
13652.0,-5.07
13653.0,-5.02
13654.0,-5.09
13655.0,-5.3500000000000005
13656.0,-5.2700000000000005
13657.0,-5.45
13658.0,-5.08
13659.0,-5.2700000000000005
13660.0,-5.48
13661.0,4.1899999999999995
13662.0,-5.67
13663.0,-5.03
13664.0,-5.02
13665.0,-5.08
13666.0,-5.02
13667.0,-5.02
13668.0,-5.3500000000000005
13669.0,-5.74
13670.0,-5.08
13671.0,-5.08
13672.0,-5.33
13673.0,-5.06
13674.0,-5.2700000000000005
13675.0,-5.07
13676.0,-5.41
13677.0,-5.24
13678.0,-5.12
13679.0,-5.02
13680.0,-5.08
13681.0,4.49
13682.0,-5.22
13683.0,-5.04
13684.0,-5.3500000000000005
13685.0,-5.36
13686.0,-5.53
13687.0,-5.07
13688.0,-5.48
13689.0,-5.01
13690.0,-5.03
13691.0,-5.680000000000001
13692.0,-5.14
13693.0,4.129999999999999
13694.0,-5.46
13695.0,-5.470000000000001
13696.0,-5.49
13697.0,-5.04
13698.0,-5.03
13699.0,-5.550000000000001
13700.0,-5.33
13701.0,-5.04
13702.0,-5.04
13703.0,-5.33
13704.0,-5.06
13705.0,-5.04
13706.0,-5.03
13707.0,-5.29
13708.0,-5.06
13709.0,-5.11
13710.0,-5.01
13711.0,-5.5200000000000005
13712.0,-5.05
13713.0,-5.04
13714.0,-5.16
13715.0,-5.01
13716.0,-5.01
13717.0,-5.5200000000000005
13718.0,-5.32
13719.0,-5.02
13720.0,-5.5200000000000005
13721.0,-5.04
13722.0,-5.14
13723.0,-5.42
13724.0,-5.02
13725.0,-5.34
13726.0,-5.16
13727.0,-5.51
13728.0,-5.3
13729.0,-5.07
13730.0,-5.09
13731.0,-5.640000000000001
13732.0,-5.22
13733.0,-5.07
13734.0,-5.45
13735.0,-5.37
13736.0,-5.03
13737.0,4.26
13738.0,-5.02
13739.0,-5.01
13740.0,-5.3
13741.0,-5.01
13742.0,-5.67
13743.0,-5.4
13744.0,-5.3100000000000005
13745.0,-5.23
13746.0,-5.01
13747.0,-5.34
13748.0,-5.46
13749.0,-5.05
13750.0,-5.34
13751.0,-5.05
13752.0,-5.41
13753.0,-5.75
13754.0,-5.07
13755.0,-5.02
13756.0,-5.38
13757.0,-5.02
13758.0,-5.2700000000000005
13759.0,-5.32
13760.0,-5.01
13761.0,-5.760000000000001
13762.0,-5.03
13763.0,-5.01
13764.0,-5.36
13765.0,-5.29
13766.0,-5.06
13767.0,-5.01
13768.0,-5.06
13769.0,-5.2700000000000005
13770.0,-5.42
13771.0,4.31
13772.0,-5.03
13773.0,-5.01
13774.0,-5.01
13775.0,-5.05
13776.0,-5.58
13777.0,-5.07
13778.0,-5.42
13779.0,-5.49
13780.0,-5.02
13781.0,-5.05
13782.0,-5.34
13783.0,-5.42
13784.0,-5.04
13785.0,-5.46
13786.0,-5.03
13787.0,-5.01
13788.0,-5.51
13789.0,-5.04
13790.0,-5.01
13791.0,-5.390000000000001
13792.0,-5.05
13793.0,-5.45
13794.0,-5.04
13795.0,4.43
13796.0,-5.08
13797.0,-5.34
13798.0,-5.22
13799.0,-5.48
13800.0,-5.41
13801.0,-5.02
13802.0,-5.04
13803.0,-5.11
13804.0,4.3999999999999995
13805.0,-5.07
13806.0,-5.03
13807.0,-5.01
13808.0,-5.34
13809.0,-5.04
13810.0,-5.48
13811.0,-5.34
13812.0,-5.34
13813.0,-5.12
13814.0,-5.06
13815.0,-5.03
13816.0,-5.06
13817.0,-5.4
13818.0,-5.33
13819.0,-5.34
13820.0,-5.02
13821.0,-5.24
13822.0,-5.48
13823.0,-5.34
13824.0,-5.04
13825.0,-5.01
13826.0,-5.42
13827.0,-5.48
13828.0,-5.32
13829.0,-5.59
13830.0,-5.29
13831.0,-5.04
13832.0,-5.03
13833.0,-5.5200000000000005
13834.0,-5.03
13835.0,-5.1
13836.0,-5.66
13837.0,-5.01
13838.0,-5.03
13839.0,-1.0000000000000007
13840.0,-5.02
13841.0,-5.04
13842.0,-5.390000000000001
13843.0,-5.34
13844.0,-5.45
13845.0,-5.1
13846.0,-5.54
13847.0,-5.5
13848.0,-5.01
13849.0,-5.28
13850.0,-5.03
13851.0,-5.57
13852.0,-5.03
13853.0,-5.45
13854.0,-5.02
13855.0,-5.38
13856.0,-5.550000000000001
13857.0,-5.01
13858.0,4.3
13859.0,-5.02
13860.0,-5.1
13861.0,-5.02
13862.0,-5.3500000000000005
13863.0,-5.46
13864.0,-5.3
13865.0,-5.44
13866.0,-5.3100000000000005
13867.0,-5.02
13868.0,-5.430000000000001
13869.0,-5.51
13870.0,-5.04
13871.0,-5.3
13872.0,-5.28
13873.0,-5.44
13874.0,-5.03
13875.0,-5.32
13876.0,-5.16
13877.0,-5.04
13878.0,4.27
13879.0,-5.470000000000001
13880.0,-5.36
13881.0,-5.2700000000000005
13882.0,-5.04
13883.0,-5.01
13884.0,-5.02
13885.0,-5.02
13886.0,-5.02
13887.0,-5.22
13888.0,-5.11
13889.0,-5.01
13890.0,-5.53
13891.0,-5.06
13892.0,-5.44
13893.0,-5.44
13894.0,-5.45
13895.0,-5.02
13896.0,-5.54
13897.0,-5.04
13898.0,-5.65
13899.0,-5.04
13900.0,-5.32
13901.0,-5.44
13902.0,-5.390000000000001
13903.0,-5.430000000000001
13904.0,-5.02
13905.0,-5.29
13906.0,-5.01
13907.0,4.4399999999999995
13908.0,-5.05
13909.0,-5.05
13910.0,-5.32
13911.0,-5.4
13912.0,-5.04
13913.0,-5.02
13914.0,-5.38
13915.0,-5.42
13916.0,-5.08
13917.0,-5.3
13918.0,-5.28
13919.0,-5.06
13920.0,-5.3500000000000005
13921.0,-5.28
13922.0,-5.29
13923.0,-5.42
13924.0,-5.04
13925.0,-5.41
13926.0,-5.46
13927.0,-5.430000000000001
13928.0,-5.1
13929.0,-5.26
13930.0,-5.430000000000001
13931.0,-5.2700000000000005
13932.0,-5.03
13933.0,-5.17
13934.0,-5.02
13935.0,-5.53
13936.0,-5.03
13937.0,-5.11
13938.0,-5.41
13939.0,-5.06
13940.0,-5.44
13941.0,-5.5600000000000005
13942.0,-5.05
13943.0,-5.01
13944.0,-5.02
13945.0,-5.51
13946.0,-5.5
13947.0,-5.26
13948.0,-5.01
13949.0,-5.23
13950.0,-5.41
13951.0,-5.3
13952.0,-5.46
13953.0,-5.3500000000000005
13954.0,-5.73
13955.0,-5.49
13956.0,-5.28
13957.0,-5.02
13958.0,-5.37
13959.0,-5.37
13960.0,-5.05
13961.0,-5.2
13962.0,-5.02
13963.0,-5.08
13964.0,-5.01
13965.0,-5.3500000000000005
13966.0,-5.01
13967.0,-5.34
13968.0,-5.4
13969.0,-5.61
13970.0,-5.28
13971.0,-5.01
13972.0,-5.04
13973.0,-5.390000000000001
13974.0,-5.26
13975.0,4.1899999999999995
13976.0,-5.550000000000001
13977.0,-5.57
13978.0,-5.44
13979.0,-5.09
13980.0,-5.03
13981.0,-5.02
13982.0,-5.04
13983.0,-5.03
13984.0,-5.51
13985.0,-5.550000000000001
13986.0,-5.390000000000001
13987.0,-5.1
13988.0,-5.41
13989.0,-5.02
13990.0,-5.53
13991.0,-5.62
13992.0,-5.06
13993.0,-5.06
13994.0,-5.2700000000000005
13995.0,-5.470000000000001
13996.0,-5.01
13997.0,-5.41
13998.0,-5.02
13999.0,-5.4
14000.0,-5.02
14001.0,-5.03
14002.0,-5.3
14003.0,-5.01
14004.0,-5.17
14005.0,-5.45
14006.0,-5.02
14007.0,-5.430000000000001
14008.0,-5.45
14009.0,-5.02
14010.0,-5.03
14011.0,-5.03
14012.0,-5.26
14013.0,-5.29
14014.0,-5.21
14015.0,-5.05
14016.0,-5.2700000000000005
14017.0,-5.04
14018.0,4.25
14019.0,4.14
14020.0,-5.29
14021.0,-5.32
14022.0,-5.12
14023.0,-5.08
14024.0,-5.58
14025.0,-5.640000000000001
14026.0,-5.44
14027.0,-5.470000000000001
14028.0,-5.08
14029.0,-5.33
14030.0,-5.02
14031.0,-5.32
14032.0,-5.44
14033.0,-5.02
14034.0,-5.36
14035.0,-5.01
14036.0,-5.07
14037.0,-5.41
14038.0,-5.11
14039.0,-5.390000000000001
14040.0,-5.04
14041.0,-5.02
14042.0,-5.03
14043.0,-5.22
14044.0,-5.390000000000001
14045.0,-5.41
14046.0,-5.01
14047.0,-5.74
14048.0,-5.01
14049.0,-5.05
14050.0,-5.04
14051.0,-5.36
14052.0,-5.06
14053.0,-5.3500000000000005
14054.0,-5.3500000000000005
14055.0,-5.2
14056.0,-5.04
14057.0,-5.06
14058.0,-5.33
14059.0,-5.03
14060.0,-5.01
14061.0,-5.5200000000000005
14062.0,-5.02
14063.0,-5.2
14064.0,-5.59
14065.0,-5.42
14066.0,-5.36
14067.0,-5.01
14068.0,-5.5
14069.0,-5.11
14070.0,-5.07
14071.0,-5.53
14072.0,-5.41
14073.0,-5.29
14074.0,-5.720000000000001
14075.0,-5.28
14076.0,-5.04
14077.0,-5.4
14078.0,-5.32
14079.0,-5.04
14080.0,-5.05
14081.0,-5.03
14082.0,-5.28
14083.0,-5.04
14084.0,4.3999999999999995
14085.0,-5.02
14086.0,-5.550000000000001
14087.0,-5.03
14088.0,-5.550000000000001
14089.0,-5.5
14090.0,-5.11
14091.0,-5.15
14092.0,-5.02
14093.0,-5.02
14094.0,-5.5200000000000005
14095.0,-5.02
14096.0,-5.48
14097.0,-5.28
14098.0,-5.74
14099.0,-5.06
14100.0,-5.45
14101.0,-5.01
14102.0,-5.01
14103.0,-5.32
14104.0,-5.33
14105.0,-5.09
14106.0,-5.07
14107.0,-5.3100000000000005
14108.0,-5.22
14109.0,-5.36
14110.0,-5.430000000000001
14111.0,-5.01
14112.0,-5.12
14113.0,-5.03
14114.0,-5.36
14115.0,-5.26
14116.0,-5.37
14117.0,-5.04
14118.0,-5.06
14119.0,-5.05
14120.0,-5.2700000000000005
14121.0,-5.25
14122.0,4.49
14123.0,-5.11
14124.0,-5.02
14125.0,-5.470000000000001
14126.0,-5.37
14127.0,-5.03
14128.0,-5.5200000000000005
14129.0,-5.01
14130.0,-5.08
14131.0,-5.17
14132.0,-5.06
14133.0,-5.02
14134.0,-5.26
14135.0,-5.02
14136.0,-5.01
14137.0,-5.59
14138.0,-5.28
14139.0,-5.28
14140.0,-5.01
14141.0,-5.02
14142.0,4.38
14143.0,-5.18
14144.0,-5.02
14145.0,-5.5
14146.0,-5.07
14147.0,-5.36
14148.0,-5.470000000000001
14149.0,-5.02
14150.0,-5.38
14151.0,-5.37
14152.0,-5.03
14153.0,-5.01
14154.0,-5.48
14155.0,-5.49
14156.0,-5.01
14157.0,-5.08
14158.0,4.449999999999999
14159.0,-5.48
14160.0,-5.470000000000001
14161.0,-5.09
14162.0,-5.02
14163.0,-5.11
14164.0,-5.3100000000000005
14165.0,-5.5
14166.0,-5.36
14167.0,-5.05
14168.0,-5.2700000000000005
14169.0,-5.01
14170.0,-5.11
14171.0,-5.01
14172.0,-5.49
14173.0,-5.48
14174.0,-5.36
14175.0,-5.01
14176.0,-5.3
14177.0,-5.04
14178.0,-5.07
14179.0,-5.37
14180.0,-5.65
14181.0,-5.6000000000000005
14182.0,-5.29
14183.0,-5.1
14184.0,-5.25
14185.0,-5.32
14186.0,-5.04
14187.0,-5.32
14188.0,-5.06
14189.0,-5.25
14190.0,-5.5200000000000005
14191.0,-5.62
14192.0,-5.05
14193.0,-5.41
14194.0,-5.05
14195.0,-5.5200000000000005
14196.0,-5.02
14197.0,-5.02
14198.0,-5.5200000000000005
14199.0,-5.02
14200.0,-5.470000000000001
14201.0,-5.46
14202.0,-5.36
14203.0,-5.390000000000001
14204.0,-5.01
14205.0,-5.04
14206.0,-5.390000000000001
14207.0,-5.09
14208.0,-5.09
14209.0,-5.3
14210.0,-5.05
14211.0,-5.5600000000000005
14212.0,-5.3
14213.0,-5.01
14214.0,-5.02
14215.0,-5.26
14216.0,-5.12
14217.0,-5.38
14218.0,-5.470000000000001
14219.0,-5.430000000000001
14220.0,-5.02
14221.0,-5.01
14222.0,-5.3500000000000005
14223.0,-5.08
14224.0,4.109999999999999
14225.0,-5.470000000000001
14226.0,-5.29
14227.0,-5.34
14228.0,-5.02
14229.0,4.25
14230.0,-5.08
14231.0,-5.01
14232.0,-5.01
14233.0,-5.54
14234.0,-5.02
14235.0,-5.470000000000001
14236.0,-5.02
14237.0,-5.390000000000001
14238.0,-5.07
14239.0,-5.01
14240.0,-5.26
14241.0,-5.390000000000001
14242.0,-5.430000000000001
14243.0,-5.29
14244.0,-5.18
14245.0,-5.03
14246.0,-5.18
14247.0,-5.720000000000001
14248.0,-5.08
14249.0,-5.15
14250.0,-5.02
14251.0,-5.26
14252.0,-5.01
14253.0,-5.66
14254.0,-5.01
14255.0,-5.36
14256.0,-5.05
14257.0,-5.3500000000000005
14258.0,-5.3500000000000005
14259.0,-5.32
14260.0,-5.59
14261.0,-5.02
14262.0,-5.22
14263.0,-5.54
14264.0,-5.09
14265.0,-5.07
14266.0,-5.07
14267.0,-5.01
14268.0,-5.04
14269.0,-5.5
14270.0,-5.05
14271.0,-5.58
14272.0,-5.58
14273.0,-5.44
14274.0,-5.3
14275.0,-5.04
14276.0,-5.2
14277.0,-5.5
14278.0,-5.07
14279.0,-5.01
14280.0,-5.6000000000000005
14281.0,-5.02
14282.0,-5.28
14283.0,-5.36
14284.0,-5.24
14285.0,4.1899999999999995
14286.0,-5.33
14287.0,-5.02
14288.0,-5.01
14289.0,-5.33
14290.0,-5.4
14291.0,-5.53
14292.0,4.369999999999999
14293.0,-5.05
14294.0,-5.03
14295.0,-5.430000000000001
14296.0,4.1899999999999995
14297.0,4.3
14298.0,-5.04
14299.0,-5.28
14300.0,-5.3
14301.0,-5.5200000000000005
14302.0,-5.36
14303.0,-5.01
14304.0,-5.26
14305.0,-5.5600000000000005
14306.0,-5.22
14307.0,-5.4
14308.0,-5.23
14309.0,4.279999999999999
14310.0,-5.25
14311.0,-5.09
14312.0,-5.2700000000000005
14313.0,-5.03
14314.0,-5.05
14315.0,-5.04
14316.0,4.41
14317.0,-5.03
14318.0,-5.04
14319.0,-5.07
14320.0,-5.08
14321.0,-5.390000000000001
14322.0,-5.37
14323.0,-5.03
14324.0,-5.44
14325.0,-5.07
14326.0,-5.03
14327.0,-5.37
14328.0,-5.34
14329.0,-5.58
14330.0,-5.18
14331.0,-5.04
14332.0,-5.09
14333.0,-5.28
14334.0,-5.02
14335.0,-5.06
14336.0,-5.09
14337.0,-5.01
14338.0,-5.04
14339.0,-5.29
14340.0,-5.05
14341.0,-5.37
14342.0,-5.04
14343.0,-5.02
14344.0,-5.58
14345.0,-5.08
14346.0,-5.32
14347.0,-5.15
14348.0,-5.5
14349.0,-5.32
14350.0,-5.03
14351.0,-5.38
14352.0,-5.32
14353.0,-5.33
14354.0,4.3999999999999995
14355.0,-5.04
14356.0,-5.05
14357.0,-5.38
14358.0,-5.07
14359.0,-5.42
14360.0,-5.2700000000000005
14361.0,-5.22
14362.0,-5.21
14363.0,-5.4
14364.0,4.069999999999999
14365.0,-5.2700000000000005
14366.0,-5.42
14367.0,-5.32
14368.0,4.35
14369.0,-5.5
14370.0,-5.06
14371.0,-5.06
14372.0,-5.5200000000000005
14373.0,-1.0000000000000007
14374.0,-5.33
14375.0,-5.5600000000000005
14376.0,-5.1
14377.0,-5.41
14378.0,-5.02
14379.0,-5.58
14380.0,-5.06
14381.0,-5.54
14382.0,-5.5
14383.0,-5.37
14384.0,-5.02
14385.0,-5.550000000000001
14386.0,-5.46
14387.0,-5.550000000000001
14388.0,-5.48
14389.0,-5.02
14390.0,-5.3
14391.0,-5.42
14392.0,-5.09
14393.0,-5.49
14394.0,-5.42
14395.0,-5.38
14396.0,-5.6000000000000005
14397.0,4.38
14398.0,-5.18
14399.0,-5.41
14400.0,4.51
14401.0,-5.3100000000000005
14402.0,-5.04
14403.0,-5.430000000000001
14404.0,-5.720000000000001
14405.0,-5.5200000000000005
14406.0,-5.02
14407.0,-5.390000000000001
14408.0,-5.02
14409.0,4.43
14410.0,-5.05
14411.0,-5.32
14412.0,-5.45
14413.0,-5.38
14414.0,-5.04
14415.0,4.31
14416.0,-5.54
14417.0,-5.38
14418.0,-5.36
14419.0,-5.25
14420.0,-5.04
14421.0,-5.42
14422.0,-5.44
14423.0,-5.24
14424.0,-5.3500000000000005
14425.0,-5.5200000000000005
14426.0,-5.61
14427.0,-5.06
14428.0,-5.06
14429.0,-5.14
14430.0,-5.59
14431.0,-5.01
14432.0,-5.04
14433.0,-5.02
14434.0,-5.430000000000001
14435.0,-5.07
14436.0,-5.05
14437.0,-5.34
14438.0,-5.02
14439.0,-5.48
14440.0,-5.03
14441.0,-5.05
14442.0,-5.49
14443.0,-5.04
14444.0,-5.04
14445.0,-5.430000000000001
14446.0,-5.28
14447.0,-5.3100000000000005
14448.0,-5.5
14449.0,-5.26
14450.0,-5.21
14451.0,-5.5
14452.0,-5.24
14453.0,-5.34
14454.0,-5.840000000000001
14455.0,-5.04
14456.0,4.209999999999999
14457.0,-5.41
14458.0,-5.5600000000000005
14459.0,-5.11
14460.0,-5.25
14461.0,-5.01
14462.0,-5.34
14463.0,-5.36
14464.0,-5.57
14465.0,-5.03
14466.0,-5.03
14467.0,-5.38
14468.0,-5.01
14469.0,-5.54
14470.0,-5.49
14471.0,-5.01
14472.0,-5.06
14473.0,-5.02
14474.0,-5.02
14475.0,-5.45
14476.0,-5.58
14477.0,-5.2700000000000005
14478.0,-5.37
14479.0,-5.32
14480.0,-5.16
14481.0,-5.42
14482.0,-5.04
14483.0,-5.03
14484.0,-5.03
14485.0,-5.2700000000000005
14486.0,-5.02
14487.0,-5.02
14488.0,-5.05
14489.0,-5.05
14490.0,-5.04
14491.0,-5.02
14492.0,-5.02
14493.0,-5.3
14494.0,-5.34
14495.0,-5.22
14496.0,-5.23
14497.0,-5.01
14498.0,-5.46
14499.0,-5.03
14500.0,-5.390000000000001
14501.0,-5.49
14502.0,-5.04
14503.0,-5.3500000000000005
14504.0,-5.02
14505.0,-5.3
14506.0,-5.37
14507.0,-5.430000000000001
14508.0,-5.04
14509.0,-5.710000000000001
14510.0,-5.05
14511.0,-5.46
14512.0,-5.04
14513.0,-5.5200000000000005
14514.0,-5.430000000000001
14515.0,-5.06
14516.0,-5.32
14517.0,-5.3500000000000005
14518.0,-5.45
14519.0,-5.18
14520.0,-5.03
14521.0,-5.05
14522.0,-5.33
14523.0,-5.29
14524.0,-5.06
14525.0,-5.01
14526.0,-5.06
14527.0,-5.04
14528.0,-5.02
14529.0,-5.22
14530.0,-5.630000000000001
14531.0,4.289999999999999
14532.0,-5.06
14533.0,-5.44
14534.0,-5.01
14535.0,-5.03
14536.0,-5.03
14537.0,-5.34
14538.0,-5.32
14539.0,-5.4
14540.0,-5.04
14541.0,-5.26
14542.0,-5.48
14543.0,-5.34
14544.0,-5.01
14545.0,4.4799999999999995
14546.0,-5.03
14547.0,-5.5
14548.0,-5.29
14549.0,-5.26
14550.0,-5.32
14551.0,-5.04
14552.0,-5.45
14553.0,-5.01
14554.0,-5.470000000000001
14555.0,-5.4
14556.0,-5.01
14557.0,-5.46
14558.0,-5.02
14559.0,-5.2700000000000005
14560.0,4.029999999999999
14561.0,-5.42
14562.0,-5.7
14563.0,-5.29
14564.0,-5.2700000000000005
14565.0,-5.28
14566.0,-5.51
14567.0,-5.38
14568.0,-5.3100000000000005
14569.0,-5.720000000000001
14570.0,-5.01
14571.0,-5.01
14572.0,-5.02
14573.0,-5.22
14574.0,-5.28
14575.0,-5.5
14576.0,-5.32
14577.0,-5.05
14578.0,-5.5600000000000005
14579.0,-5.3100000000000005
14580.0,-5.02
14581.0,-5.390000000000001
14582.0,-5.02
14583.0,-5.04
14584.0,-5.28
14585.0,-5.22
14586.0,-5.05
14587.0,-5.48
14588.0,-5.02
14589.0,-5.02
14590.0,-5.01
14591.0,-5.01
14592.0,-5.05
14593.0,-5.29
14594.0,-5.09
14595.0,-5.470000000000001
14596.0,-5.36
14597.0,-5.01
14598.0,-5.36
14599.0,-5.02
14600.0,-5.46
14601.0,-5.5600000000000005
14602.0,-5.28
14603.0,-5.470000000000001
14604.0,-5.01
14605.0,-5.34
14606.0,-5.3
14607.0,-5.630000000000001
14608.0,-5.29
14609.0,-5.03
14610.0,-5.07
14611.0,-5.51
14612.0,-5.390000000000001
14613.0,-5.430000000000001
14614.0,-5.03
14615.0,-5.02
14616.0,-5.29
14617.0,-5.24
14618.0,-5.3100000000000005
14619.0,-5.5600000000000005
14620.0,-5.26
14621.0,-5.32
14622.0,-5.46
14623.0,-5.04
14624.0,-5.5200000000000005
14625.0,-5.01
14626.0,-5.21
14627.0,-5.06
14628.0,-5.83
14629.0,-5.01
14630.0,-5.32
14631.0,-5.06
14632.0,4.369999999999999
14633.0,-5.5200000000000005
14634.0,-5.34
14635.0,-5.02
14636.0,-5.44
14637.0,-5.05
14638.0,-5.03
14639.0,-5.04
14640.0,-5.430000000000001
14641.0,-5.1
14642.0,-5.390000000000001
14643.0,-5.01
14644.0,-5.61
14645.0,-5.29
14646.0,-5.26
14647.0,-5.07
14648.0,-5.04
14649.0,-5.01
14650.0,-5.02
14651.0,-5.04
14652.0,-5.42
14653.0,-5.02
14654.0,-5.02
14655.0,-5.44
14656.0,-5.01
14657.0,-5.37
14658.0,-5.49
14659.0,-5.02
14660.0,-5.2700000000000005
14661.0,-5.82
14662.0,-5.02
14663.0,-5.26
14664.0,-5.42
14665.0,-5.430000000000001
14666.0,-5.48
14667.0,-5.22
14668.0,-5.02
14669.0,-5.4
14670.0,-5.41
14671.0,-5.13
14672.0,-5.09
14673.0,-5.11
14674.0,-5.04
14675.0,4.159999999999999
14676.0,-5.37
14677.0,-5.390000000000001
14678.0,-5.03
14679.0,-5.3
14680.0,-5.3
14681.0,-5.26
14682.0,-5.04
14683.0,-5.390000000000001
14684.0,-5.07
14685.0,-5.33
14686.0,-5.34
14687.0,-5.53
14688.0,-5.44
14689.0,-5.02
14690.0,-5.46
14691.0,-5.24
14692.0,-5.3100000000000005
14693.0,-5.32
14694.0,-5.09
14695.0,-5.01
14696.0,-5.03
14697.0,-5.04
14698.0,-5.8100000000000005
14699.0,-5.5200000000000005
14700.0,-5.4
14701.0,-5.01
14702.0,-5.3500000000000005
14703.0,-5.08
14704.0,-5.960000000000001
14705.0,-5.36
14706.0,-5.36
14707.0,-5.41
14708.0,-5.03
14709.0,-5.48
14710.0,-5.02
14711.0,-5.05
14712.0,4.069999999999999
14713.0,-5.08
14714.0,-5.4
14715.0,-5.05
14716.0,-5.41
14717.0,-5.22
14718.0,-5.3100000000000005
14719.0,-5.26
14720.0,-5.02
14721.0,-5.33
14722.0,-5.5600000000000005
14723.0,-5.390000000000001
14724.0,-5.04
14725.0,-5.02
14726.0,-5.04
14727.0,-5.24
14728.0,-5.01
14729.0,-5.5
14730.0,-5.550000000000001
14731.0,-5.08
14732.0,-5.37
14733.0,-5.470000000000001
14734.0,-5.470000000000001
14735.0,-5.73
14736.0,-5.01
14737.0,-5.02
14738.0,4.359999999999999
14739.0,-5.02
14740.0,-5.07
14741.0,-5.25
14742.0,-5.37
14743.0,-5.430000000000001
14744.0,-5.02
14745.0,-5.06
14746.0,-5.03
14747.0,-5.02
14748.0,-5.4
14749.0,-5.44
14750.0,-5.2700000000000005
14751.0,-5.3
14752.0,-5.29
14753.0,-5.28
14754.0,-5.02
14755.0,-5.06
14756.0,-5.430000000000001
14757.0,-5.41
14758.0,-5.46
14759.0,-5.02
14760.0,-5.3
14761.0,-5.44
14762.0,-5.3500000000000005
14763.0,-5.04
14764.0,-5.13
14765.0,-5.38
14766.0,-5.02
14767.0,-5.1
14768.0,-5.01
14769.0,-5.4
14770.0,-5.09
14771.0,-5.06
14772.0,-5.430000000000001
14773.0,-5.01
14774.0,-5.36
14775.0,4.369999999999999
14776.0,-5.07
14777.0,-5.45
14778.0,-5.41
14779.0,-5.61
14780.0,-5.16
14781.0,-5.4
14782.0,-5.05
14783.0,-5.4
14784.0,-5.02
14785.0,4.289999999999999
14786.0,-5.06
14787.0,-5.08
14788.0,-5.5200000000000005
14789.0,-5.32
14790.0,-5.48
14791.0,-5.03
14792.0,-5.36
14793.0,-5.08
14794.0,-5.470000000000001
14795.0,-5.36
14796.0,-5.03
14797.0,-5.32
14798.0,-5.3
14799.0,-5.05
14800.0,-5.03
14801.0,-5.34
14802.0,-5.05
14803.0,-5.03
14804.0,-5.32
14805.0,-5.34
14806.0,-5.04
14807.0,-5.14
14808.0,-5.06
14809.0,-5.04
14810.0,-5.46
14811.0,-5.2
14812.0,-5.01
14813.0,-5.44
14814.0,-5.01
14815.0,-5.430000000000001
14816.0,-5.3100000000000005
14817.0,-5.34
14818.0,-5.04
14819.0,-5.02
14820.0,-5.04
14821.0,-5.12
14822.0,-5.48
14823.0,-5.04
14824.0,-5.22
14825.0,-5.02
14826.0,-5.03
14827.0,-5.02
14828.0,-5.01
14829.0,-5.21
14830.0,-5.03
14831.0,-5.73
14832.0,-5.3
14833.0,-5.38
14834.0,-5.21
14835.0,-5.29
14836.0,-5.06
14837.0,-5.41
14838.0,-5.02
14839.0,-5.05
14840.0,-5.46
14841.0,-5.03
14842.0,-5.03
14843.0,-5.760000000000001
14844.0,-5.45
14845.0,-5.04
14846.0,-5.36
14847.0,-5.28
14848.0,-5.24
14849.0,-5.45
14850.0,4.55
14851.0,-5.02
14852.0,-5.470000000000001
14853.0,-5.01
14854.0,-5.02
14855.0,-5.02
14856.0,-5.08
14857.0,-5.1
14858.0,-5.22
14859.0,-5.430000000000001
14860.0,-5.5
14861.0,-5.06
14862.0,-5.36
14863.0,-5.04
14864.0,-5.5
14865.0,4.119999999999999
14866.0,-5.01
14867.0,-5.3500000000000005
14868.0,4.3
14869.0,-5.33
14870.0,-5.26
14871.0,-5.390000000000001
14872.0,-5.03
14873.0,-5.29
14874.0,-5.06
14875.0,4.3
14876.0,-5.57
14877.0,-5.2700000000000005
14878.0,-5.720000000000001
14879.0,-5.430000000000001
14880.0,-5.04
14881.0,-5.59
14882.0,-5.24
14883.0,-5.02
14884.0,-5.1
14885.0,-5.32
14886.0,-5.02
14887.0,-5.05
14888.0,-5.17
14889.0,-5.48
14890.0,-5.11
14891.0,-5.470000000000001
14892.0,-5.02
14893.0,-5.23
14894.0,-5.34
14895.0,-5.3100000000000005
14896.0,-5.01
14897.0,-5.04
14898.0,-5.03
14899.0,-5.38
14900.0,-5.02
14901.0,-5.08
14902.0,-5.53
14903.0,-5.01
14904.0,-5.38
14905.0,-5.03
14906.0,-5.42
14907.0,-5.26
14908.0,-5.3500000000000005
14909.0,-5.3
14910.0,-5.02
14911.0,-5.01
14912.0,-5.04
14913.0,-1.0000000000000007
14914.0,-5.01
14915.0,-5.5
14916.0,-5.03
14917.0,-5.1
14918.0,-5.32
14919.0,4.46
14920.0,-5.06
14921.0,-5.2700000000000005
14922.0,-5.02
14923.0,-5.710000000000001
14924.0,-5.08
14925.0,-5.02
14926.0,-5.04
14927.0,-5.5
14928.0,-5.03
14929.0,-5.37
14930.0,-5.45
14931.0,-5.34
14932.0,-5.01
14933.0,-5.390000000000001
14934.0,-5.61
14935.0,-5.45
14936.0,-5.5
14937.0,-5.24
14938.0,-5.45
14939.0,-5.01
14940.0,-5.03
14941.0,-5.02
14942.0,-5.41
14943.0,-5.41
14944.0,-5.06
14945.0,-5.11
14946.0,-5.680000000000001
14947.0,-5.29
14948.0,-5.3100000000000005
14949.0,-5.930000000000001
14950.0,-5.65
14951.0,-5.01
14952.0,-5.38
14953.0,-5.05
14954.0,-5.14
14955.0,4.289999999999999
14956.0,-5.02
14957.0,-5.01
14958.0,-5.26
14959.0,-5.04
14960.0,-5.5200000000000005
14961.0,4.3
14962.0,-5.51
14963.0,-5.5600000000000005
14964.0,-5.36
14965.0,-5.29
14966.0,-5.01
14967.0,-5.4
14968.0,-5.36
14969.0,-5.33
14970.0,-5.29
14971.0,-5.21
14972.0,-5.03
14973.0,-5.470000000000001
14974.0,-5.05
14975.0,-5.69
14976.0,-5.28
14977.0,-5.04
14978.0,-5.01
14979.0,-5.04
14980.0,-5.02
14981.0,-5.08
14982.0,-5.02
14983.0,-5.02
14984.0,-5.02
14985.0,-5.24
14986.0,-5.58
14987.0,-5.02
14988.0,-5.38
14989.0,-5.21
14990.0,-5.34
14991.0,-5.3100000000000005
14992.0,-5.5200000000000005
14993.0,-5.38
14994.0,-5.14
14995.0,4.46
14996.0,-5.02
14997.0,-5.24
14998.0,-5.02
14999.0,-5.12
