0
141991
425266
877557
1001112
1616324
2186192
2613418
3043744
3489589
3934260
4373392
5162903
5515260
5709699
6113434
6506425
6825525
7284171
7411165
7718872
8303375
8461669
9014967
9365499
9458132
9611565
9971807
10588236
10758405
11179787
11671417
12206465
12642571
12865805
13189268
13624558
14128353
14614358
15330703
15515146
15837387
16344830
16537776
16655831
16749151
17108838
17262099
17536259
17905854
18021923
18100982
18326884
19627551
19431443
19634908
19734230
19737362
19884069
20028115
20177977
20312841
20480536
20848111
21179292
21411602
21951066
22358421
22761549
23288756
23536425
24005814
24281005
24460532
24582093
24737360
24919944
25069174
25160349
25471901
25761176
26091142
26507591
26686756
27057030
27598540
28132017
28920008
29525657
29967824
29970728
29975664
29978144
29992246
29993630
30005100
30309225
30842401
31325598
31571742
31843135
31974741
32128551
32340897
32408032
32469633
32500506
32598503
32632135
32764608
33041444
33262585
33719751
34373274
33897956
34390341
34510485
34681630
34729025
34747277
34813932
35013858
35054624
35249643
35807314
35909755
36229871
36798842
36869885
37126720
37456388
37816007
38031583
38426063
38426092
38426347
38426284
38426365
38322910
38741276
38941429
39132724
39182709
39259507
43203835
43220071
43539268
43536175
44118943
44167855
44233539
44279389
44302887
44377395
44423145
44473385
44510167
44552706
44577068
44640714
44696583
44715856
44871784
44949517
45169325
45247211
45627302
45684239
45874802
46150975
46716791
46879263
46926445
46963725
47128633
47178963
47263035
47424751
47548366
47595267
47692530
47871028
48169780
48362730
48382667
48644421
48842363
49121761
49253482
49437464
49563876
49638104
49669743
49929260
50044833
50222716
50361625
50397813
50419597
50431885
50453645
50475757
50527172
50576902
50556531
50767565
50793436
50866903
50920735
51095025
51234835
51469573
51605620
51892627
52158713
52476244
52552683
52798604
53000785
53166960
53756445
54231552
54472825
54608857
54749294
54711541
54756474
54778996
54922186
55043953
55093107
55250442
55253251
55158721
55335819
55633122
55962158
56034583
56167333
56584684
56974429
57034617
57438667
57510954
57603546
59237956
57941753
58051767
58194271
58242798
58295797
58545674
58632775
58508056
58610587
58693021
59015798
59708915
59879431
59973503
60042271
60099495
60149775
60330490
60351540
60399947
60959041
61890547
60971923
60988497
60785039
60787392
60792627
60793893
60796873
60798803
60802131
60804269
60805011
60808081
60809477
60812064
60814551
60814990
60816018
60816630
60819423
60819617
60819654
60824214
60824587
60826908
60828016
60829618
60830453
60831847
60830362
60831847
60833301
60834945
60836628
60835970
60837864
60839120
60839652
60840934
60841211
60842001
60843964
60846199
60847211
60846090
60848173
60849012
60849777
60850739
60849306
60851817
60852428
60852643
60853417
60852927
60853111
60855471
60856003
60859683
60858641
60861090
60860581
60861747
60863145
60862429
60864432
60864679
60864817
60866299
60866679
60865507
60868283
60868747
60867700
60869717
60868391
60871379
60873952
60873826
60874737
60874979
60874025
60876373
60876651
60877246
60875546
60879110
60879441
60881474
60881000
60881219
60880336
60882907
60882055
60886724
60886721
60886208
60888148
60888600
60889173
60890392
60888415
60888994
60888788
60891750
60890251
60892330
60891526
60893053
60892209
60891778
60894662
60895518
60897937
60899869
60896530
60897695
60897431
60899829
60902600
60900752
60901267
60900513
60900697
60901082
60904698
60903581
60902034
60901646
60902957
60902570
60907701
60906524
60908592
60909626
60909855
60909115
60910679
60909741
60909259
60911634
60914779
60911240
60910802
60911853
60913112
60913757
60912606
60914688
60917613
60916657
60917467
60916927
60917331
60922148
60918547
60918181
60919392
60919016
60920227
60919857
60920805
60920603
60921766
60922124
60922459
60922086
60923109
60925636
60926803
60927145
60927809
60928009
60929404
60929919
60930382
60930785
60930984
60934711
60935547
60930939
60931503
60931658
60933571
60932889
60934317
60933633
60934052
60941982
60938335
60943248
60939681
60938252
60944442
60940922
60940958
60940254
60941717
60947060
60943192
60941870
60943333
60948491
60944946
60949115
60945277
60947975
60948592
60953495
60949269
60954245
60950092
60954878
60950879
60955949
60951670
60956823
60952447
60957704
60953271
60958326
60954035
60959253
60954831
60960113
60956941
60956728
60957893
60957800
60958689
60958427
60960282
60959228
60961664
60966941
60961952
60967540
60962730
60968488
60963661
60963857
60962883
60964426
60970336
60966609
60966308
60967526
60967387
60968348
60969885
60969172
60970795
60971206
60969349
60971716
60970667
60972530
60973320
60979192
60979991
60973273
60973366
60974375
60976735
60977867
60979138
60978578
60979887
60986257
60980440
60978831
60980186
60980151
60980394
60982379
60982726
60982927
60989783
60983763
60982152
60983950
60984796
60985950
60987326
60988835
60989210
60988819
60996349
60988799
60989431
60990447
60991425
60991538
60992077
60990782
60992282
61000147
60992930
60993425
60993919
61001211
60997186
60995641
60997891
60998241
60998294
60998960
60997445
60998575
60998322
61007131
61000708
61008500
61002007
60999891
61001278
61002848
61001495
61003509
61011164
61005825
61007334
61007920
61007974
61015994
61008588
61007705
61008799
61008062
61009565
61011032
61019208
61011503
61010024
61011226
61012814
61012888
61012836
61021673
61016210
61017487
61017633
61018025
61026416
61016162
61026878
61018069
61019722
61018536
61020407
61018823
61020052
61021579
61030322
61021734
61020757
61022642
61021235
61024620
61026021
61027182
61027342
61027873
61026900
61027531
61026562
61028423
61029519
61038714
61030102
61030239
61030943
61039761
61030356
61032088
61032292
61032677
61041852
61034983
61036040
61035436
61036927
61037259
61035715
61037153
61038751
61048149
61048254
61039708
61039998
61038545
61040532
61040115
61041179
61040438
61042447
61042473
61040794
61044708
61046319
61044840
61044602
61046254
61056942
61047044
61048198
61047165
61049798
61049255
61060032
61049431
61060343
61060737
61051005
61052112
61050307
61062099
61052827
61066135
61066138
61055863
61056973
61067437
61056425
61058120
61056940
61058727
61057281
61059404
61059799
61058237
61060910
61060882
61060495
61061837
61061361
61060442
61062552
61063510
61066286
61065715
61077034
61066535
61067462
61065656
61068477
61068517
61066849
61069537
61079908
61080382
61070467
61070391
61068818
61071485
61071520
61069975
61074397
61075463
61073637
61075470
61076382
61087814
61076884
61077436
61088916
61076880
61078403
61089802
61078037
61077812
61077608
61080026
61091974
61079559
61081277
61079808
61083372
61083705
61085248
61097115
61084812
61086398
61098539
61086909
61086144
61087834
61088011
61100173
61087719
61089163
61087963
61089773
61088842
61090508
61091536
61106309
61093753
61093430
61093848
61094438
61096386
61095019
61095535
61095800
61096483
61097156
61110460
61097745
61098923
61111623
61099108
61100007
61098383
61100079
61101079
61116653
61103427
61103267
61104999
61105625
61104576
61106222
61105437
61106096
61107405
61107819
61108018
61108477
61107305
61107851
61109518
61108230
61107800
61108222
61110489
61111723
61111685
61112130
61114205
61114917
61114681
61115601
61116183
61114758
61116496
61115061
61117196
61116562
61118352
61131889
61117735
61118941
61118072
61119396
61118697
61120603
61136978
61123233
61124377
61122569
61125253
61125228
61123703
61125834
61124414
61126537
61140830
61126284
61127954
61126457
61126441
61127376
61127323
61129245
61128072
61128757
61133021
61132097
61133901
61148208
61133396
61134878
61149273
61134428
61136016
61150428
61136789
61136531
61135314
61136727
61138059
61152652
61137562
61140155
61154684
61143066
61143091
61144168
61142365
61143526
61144955
61144728
61143989
61144772
61146441
61146790
61146673
61147222
61162596
61147604
61148090
61147112
61147497
61148357
61147300
61152610
61152824
61153254
61168587
61154275
61153038
61154167
61153126
61155071
61155512
61154847
61154842
61155784
61157072
61155496
61157571
61157855
61158481
61157026
61159013
61159462
61160814
61161447
61163116
61161448
61163914
61164128
61162984
61165000
61165163
61164328
61165622
61166530
61166646
61166576
61167198
61167654
61184045
61167002
61168349
61171476
61169639
61188393
61171697
61172754
61173452
61171953
61173889
61174464
61191134
61174447
61174456
61173786
61174984
61176920
61177103
61176996
61177554
61178106
61178302
61181210
61181043
61180656
61181410
61182492
61181183
61181797
61183522
61181809
61182804
61184444
61183435
61184813
61185336
61184186
61185825
61186383
61186911
61185674
61186230
61190579
61207831
61190206
61191589
61190096
61190605
61191289
61193100
61210714
61193062
61195156
61195500
61194053
61195848
61194675
61195070
61195812
61197530
61196239
61196202
61199457
61200301
61201794
61200067
61202320
61202834
61201510
61202844
61202532
61204158
61202426
61204509
61203086
61205244
61205716
61206384
61224933
61206278
61205904
61207592
61208481
61209901
61211093
61210360
61211722
61212180
61212704
61211569
61212204
61213676
61211983
61214284
61214596
61215106
61233818
61215896
61215935
61216547
61235511
61218701
61219980
61220032
61219434
61221100
61220139
61221638
61222131
61221139
61222694
61223201
61223711
61242998
61223722
61224878
61223457
61223715
61224591
61225965
61245094
61248369
61227503
61229612
61230077
61230698
61250147
61230500
61229082
61230279
61251546
61231236
61232106
61231859
61231629
61233909
61234256
61254257
61234215
61254670
61254774
61235470
61237436
61239307
61259341
61240227
61238883
61240444
61239133
61260926
61240396
61241719
61241850
61262541
61243037
61243122
61243595
61263964
61243291
61244541
61245094
61265725
61247594
61248824
61249075
61269774
61248970
61247617
61250077
61248333
61271527
61250889
61251180
61251806
61250728
61250608
61251611
61253036
61253515
61253767
61255481
61253696
61255738
61258973
61259548
61280792
61280552
61281089
61281345
61260783
61259221
61259722
61283248
61262759
61261432
61263130
61262209
61262291
61262569
61263696
61264669
61286252
61265510
61265572
61268773
61267722
61267866
61269832
61269996
61291694
61270769
61270970
61269491
61270878
61271761
61272373
61294068
61271888
61272277
61294875
61271875
61272835
61296432
61275261
61277935
61278480
61300712
61277982
61278541
61301672
61280162
61278961
61279047
61303033
61280666
61281637
61282147
61280618
61304685
61305208
61281874
61282565
61284273
61284575
61309685
61286512
61286634
61288561
61286803
61288875
61288229
61289735
61288937
61312800
61290695
61290941
61291275
61314335
61291740
61291196
61292608
61293118
61292024
61292256
61293799
61296868
61295653
61295989
61297491
61298169
61321349
61298781
61298203
61299593
61300023
61323633
61300122
61300926
61301313
61299690
61325252
61301729
61302330
61300863
61326621
61305295
61306627
61307072
61305212
61331093
61307880
61308220
61308686
61306870
61307592
61308644
61309826
61310283
61309926
61310899
61309158
61310128
61311624
61312134
61336163
61312855
61314822
61316733
61316743
61314893
61316965
61317517
61316270
61342361
61317887
61318732
61319233
61317993
61318860
61319976
61319579
61319646
61320838
61320029
61347756
61323096
61323878
61325353
61325632
61326466
61328081
61326756
61353427
61328085
61329281
61329830
61327880
61328683
61329583
61331086
61329695
61329681
61332107
61331026
61332634
61332855
61358053
61335942
61335496
61336783
61361971
61337154
61337488
61336369
61336856
61338392
61337538
61337498
61365131
61339009
61340304
61340821
61338936
61339767
61341093
61341982
61342329
61367946
61345464
61344930
61346238
61346701
61345769
61346364
61346496
61347847
61348473
61346660
61347551
61348638
61349844
61348534
61376394
61350132
61351052
61351568
61350383
61378092
61354218
61355442
61354225
61382226
61356752
61356821
61357372
61356799
61356390
61357633
61358150
61358751
61358419
61357675
61359189
61359641
61360098
61386730
61360485
61359965
61361797
61364465
61363557
61391569
61365211
61365633
61365966
61392677
61366858
61367075
61367299
61367726
61366205
61395187
61368880
61367546
61369240
61369707
61396567
61368616
61369348
61372797
61372175
61414642
61386150
61415706
61387913
61390391
61389787
61391703
61391785
61392330
61390841
61420782
61393839
61393375
61394851
61393810
61423344
61396782
61396960
61397368
61399011
61428101
61399581
61400480
61399863
61429302
61400789
61401886
61401960
61403691
61403991
61403162
61432337
61404902
61404818
61404469
61405989
61406446
61434573
61407294
61406069
61409789
61410785
61409693
61431899
61432465
61403131
61405410
61404496
61406074
61406381
61404623
61405511
61406608
61409128
61409615
61408370
61408959
61410701
61410983
61410872
61442460
61442790
61443408
61413386
61413781
61415476
61415434
61416025
61416519
61417092
61415156
61415965
61417913
61418328
61418696
61447645
61419322
61417763
61418496
61449247
61420551
61419943
61424154
61424570
61424343
61425224
61423555
61455141
61426505
61425447
61427262
61427524
61425794
61426577
61427964
61428731
61429149
61428094
61427639
61429964
61430412
61429467
61463320
61434301
61433192
61434440
61435032
61435415
61435597
61433898
61466081
61436909
61435807
61435643
61437803
61436974
61468237
61438607
61439280
61439436
61438094
61439774
61439239
61439347
61443609
61444041
61442770
61474701
61443513
61444886
61445847
61446362
61444716
61477212
61447509
61446298
61447802
61448318
61448632
61448938
61479563
61449353
61480048
61450011
61452975
61450840
61451201
61451850
61453117
61483122
61451415
61450860
61483427
61452733
61451922
61452912
61453059
61453152
61483249
61483288
61483597
61451582
61453525
61452559
61451969
61451693
61453199
61453197
61452102
61483526
61483844
61451677
61453647
61452055
61453374
61483690
61453398
61453620
61451948
61453546
61452140
61453142
61484051
61483987
61451904
61453755
61453511
61453581
61453218
61453948
61453915
61452693
61484270
61484246
61484553
61484658
61453893
61453208
61453571
61453002
61452928
61454144
61453820
61452284
61452618
61452365
61484698
61452591
61453106
61453193
61454265
61454371
61454523
61454698
61452748
61485016
61453011
61454757
61453672
61453488
61454570
61454683
61454786
61452815
61484894
61485180
61454513
61454516
61453817
61455222
61454723
61454922
61455071
61454606
61487014
61455176
61456597
61454435
61456581
61456691
61455565
61455453
61455605
61455397
61454778
61457017
61456974
61455438
61487169
61455662
61456028
61456517
61455989
61457136
61456410
61457349
61457440
61457571
61457497
61457062
61487536
61487743
61455766
61456388
61456307
61457417
61457543
61457678
61456359
61456707
61457353
61456620
61457352
61456790
61457793
61457998
61458075
61458107
61458187
61488198
61488632
61456233
61488370
61488699
61457975
61458445
61457309
61457173
61488660
61458287
61458384
61458437
61458506
61458552
61457189
61456511
61488911
61488784
61457394
61457730
61488879
61489047
61489287
61457033
61458440
61457621
61457601
61457328
61458639
61458765
61458927
61458972
61458959
61458263
61488911
61489032
61489259
61457353
61458651
61458696
61457963
61457773
61457517
61459465
61458983
61459162
61459266
61458334
61489307
61459361
61458060
61458225
61459399
61458146
61489596
61459339
61457632
61457475
61489741
61489909
61457942
61459256
61458891
61458306
61458224
61459536
61459153
61459927
61459142
61490011
61490232
61458115
61459638
61460019
61489888
61459607
61459639
61459173
61458690
61459816
61459905
61460135
61460143
61460216
61458918
61458328
61490569
61459682
61460267
61458912
61458858
61460234
61460478
61458696
61490773
61490998
61460554
61459497
61459193
61460518
61459579
61459402
61460447
61459904
61460568
61460962
61460779
61459611
61462379
61459477
61460500
61460905
61459587
61459581
61460667
61460373
61459403
61461097
61459075
61491200
61491501
61459371
61460822
61461337
61460473
61460092
61461114
61460557
61461354
61461472
61459473
61491862
61459224
61460258
61460303
61460349
61461644
61460464
61460962
61461615
61460926
61461655
61461834
61460118
61459756
61492306
61461664
61462154
61461263
61460722
61462276
61461726
61492304
61460027
61492318
61492587
61461923
61463416
61462752
61462842
61462542
61464059
61464019
61464218
61462385
61494577
61494628
61462443
61464229
61463625
61462947
61464166
61462239
61464441
61462440
61494831
61494921
61462673
61464651
61463529
61463161
61464544
61464866
61464826
61463337
61464288
61464408
61464864
61463608
61464783
61464858
61465035
61465081
61495168
61495517
61463431
61463168
61465106
61463492
61465381
61463338
61465104
61464182
61464074
61463952
61465248
61465464
61465485
61465472
61495781
61463744
61465724
61464318
61464127
61463392
61465600
61464037
61495824
61496211
61465381
61465002
61464402
61465484
61463877
61464378
61463720
61496118
61496155
61464062
61464945
61464500
61464580
61464372
61464086
61465100
61466099
61466059
61464418
61496263
61496586
61496573
61464525
61465082
61465069
61466288
61466428
61466505
61464552
61464454
61496787
61497059
61466288
61465899
61465200
61466586
61465818
61465386
61466482
61466201
61466801
61465568
61464685
61497243
61465187
61466954
61465605
61497078
61464721
61496902
61497129
61465108
61467056
61465950
61465667
61466883
61466897
61466993
61465205
61466274
61466682
61465530
61464906
61466215
61466656
61466180
61466044
61467401
61467250
61465725
61466781
61497847
61497884
61467276
61467340
61466246
61467660
61467205
61466502
61468316
61467909
61467941
61468066
61466308
61466001
61498321
61498433
61465452
61466686
61466783
61468046
61468084
61468212
61466820
61466326
61498485
61466629
61498570
61466723
61468037
61467967
61467686
61468388
61466809
61466484
61498866
61466877
61468797
61467394
61468514
61468182
61468680
61468814
61498935
61466885
61468484
61467429
61467317
61468587
61468957
61468284
61469095
61466644
61466826
61499058
61499441
61468848
61469351
61467921
61469031
61468498
61469125
61469154
61467252
61499209
61499615
61468812
61468765
61468129
61469262
61469375
61469500
61469511
61467534
61471228
61468231
61468167
61468055
61467967
61469279
61469395
61469679
61467960
61468019
61468120
61468603
61467666
61500176
61468045
61469968
61469169
61468549
61468157
61470008
61469948
61470090
61472119
61470066
61502717
61471936
61471493
61470941
61472210
61472345
61472470
61470661
61470261
61470776
61474055
61472433
61503132
61503287
61472407
61472639
61471851
61471814
61471630
61472717
61472150
61471164
61470792
61503306
61471148
61472767
61472580
61472749
61471871
61471240
61472665
61472184
61472213
61471814
61503241
61471869
61471901
61471202
61503531
61503562
61471583
61472956
61473470
61473277
61473432
61472216
61472169
61473395
61473381
61473529
61473640
61473614
61473326
61471844
61471839
61473386
61472488
61473053
61472484
61473689
61473689
61473917
61472681
61471938
61471942
61471920
61504434
61472494
61474140
61474145
61472943
61473974
61474090
61474188
61474016
61473903
61472940
61474318
61473587
61473155
61472985
61474324
61474441
61472995
61504899
61505052
61505026
61472908
61474510
61474496
61473423
61474556
61474686
61473334
61472467
61472328
61504660
61504834
61472916
61474437
61473509
61474577
61474645
61474212
61474669
61474214
61473556
61474533
61473047
61474844
61475046
61474237
61474272
61473769
61472963
61474836
61474884
61474908
61474940
61473976
61474689
61505494
61473453
61473780
61475098
61473847
61473903
61475208
61475448
61474833
61475364
61475492
61475521
61475529
61475537
61474232
61505645
61506097
61506134
61475275
61473226
61475396
61474378
61475616
61475799
61474908
61474513
61475558
61475566
61474345
61475606
61475866
61475792
61474615
61506380
61474402
61475772
61476269
61475016
61474874
61474834
61476104
61476080
61473981
61476398
61476181
61476264
61474941
61476239
61476349
61476562
61474561
61506996
61476345
61476445
61476585
61476761
61476615
61476770
61476850
61474753
61474812
61507153
61507030
61507359
61475098
61475511
61477026
61476073
61475668
61476213
61474694
61474795
61507223
61507592
61476762
61476869
61477271
61476407
61476026
61477071
61477174
61477302
61475790
61475414
61507597
61477604
61477564
61475437
61507805
61508048
61475896
61477416
61477779
61476936
61476507
61476368
61476458
61477188
61477153
61477382
61477466
61477447
61477820
61477316
61477405
61475836
61475610
61507963
61477334
61476550
61476963
61476491
61477723
61478276
61478010
61476020
61508063
61475952
61508230
61508341
61476017
61478178
61476281
61508141
61478073
61478064
61477318
61477105
61477171
61477091
61477058
61478233
61478350
61480724
61480814
61480795
61479246
61479649
61511195
61511502
61479367
61480818
61481213
61480506
61479883
61480942
61481096
61481086
61481238
61481260
61479571
61479630
61511527
61479863
61481031
61479882
61481149
61481171
61480053
61480054
61481233
61481263
61481729
61481265
61481354
61481602
61481469
61481611
61481547
61479543
61479626
61479607
61511724
61512002
61480094
61481690
61480550
61480561
61481780
61482085
61481912
61482057
61482089
61482145
61481993
61482107
61482170
61480491
61512522
61480294
61482162
61482180
61481298
61482758
61481492
61481346
61482620
61483072
61482217
61482717
61482797
61481503
61512895
61513181
61513246
61481068
61482601
61481584
61512852
61481638
61482964
61482935
61483141
61481778
61480967
61513416
61481295
61482993
61482491
61481908
61483427
61481980
61483263
61483170
61483325
61483028
61483718
61483503
61482714
61481842
61481566
61513765
61483425
61482273
61482298
61483661
61484084
61483909
61483684
61483709
61483874
61481866
61481799
61513928
61481766
61514136
61514312
61483630
61482931
61482714
61483148
61482729
61482710
61482560
61483728
61483919
61484017
61483881
61483893
61481830
61514181
61514253
61514331
61482303
61484107
61483781
61483534
61482289
61483601
61483727
61483893
61513973
61514208
61514227
61482190
61483614
61483520
61484194
61483200
61482179
61483691
61484243
61482669
61482947
61482376
61482381
61481975
61483042
61483887
61482938
61483213
61484560
61484042
61484665
61483296
61483795
61483408
61483762
61516050
61516365
61516619
61484494
61484707
61486195
61485421
61486816
61486923
61486593
61486714
61486783
61486799
61486931
61486731
61486944
61487043
61487018
61487440
61485316
61487261
61487470
61487478
61487545
61487409
61485758
61486276
61485453
61517703
61517680
61517691
61517726
61517772
61517867
61485564
61487379
61486254
61486286
61486315
61486377
61486481
61486267
61486278
61486993
61486010
61518208
61518449
61486300
61485532
61487805
61487993
61486134
61486156
61486307
61487745
61487849
61485761
61486636
61486900
61487048
61487135
61487129
61487253
61487271
61487108
61487770
61486728
61488364
61488649
61488711
61486999
61487205
61486898
61486896
61518827
61486659
61486718
61486689
61486751
61486745
61486658
61519081
61519223
61487548
61487721
61487730
61488542
61489108
61488644
61488740
61488816
61488824
61488880
61488813
61486727
61489052
61489007
61488989
61489035
61489108
61489054
61487747
61487493
61487377
61489463
61488644
61488887
61489429
61489413
61489459
61489453
61489482
61489658
61489660
61489668
61489816
61489783
61489815
61489868
61489832
61489887
61488075
61520288
61522541
61522776
61522934
61491363
61490568
61490702
61490648
61490673
61494504
61523220
61523043
61523192
61523326
61491100
61491379
61491620
61491689
61491656
61491664
61491710
61491903
61492528
61492683
61492743
61523509
61491374
61523648
61523387
61492334
61492020
61492107
61492094
61492287
61492663
61492603
61492700
61492704
61492309
61492533
61492797
61491955
61492348
61493322
61491911
61492001
61491988
61493347
61493430
61492149
61493487
61493554
61494119
61523954
61494090
61493701
61492504
61492670
61492739
61492816
61493377
61492194
61492147
61492230
61493193
61492325
61493884
61524560
61524448
61493140
61494353
61494091
61492690
61492773
61492720
61493777
61494238
61492968
61492949
61493083
61493201
61493138
61493160
61493182
61494564
61494857
61493887
61493981
61494186
61494898
61494852
61495000
61495062
61495245
61494245
61495082
61495138
61495104
61495360
61495241
61525897
61495763
61495599
61525748
61495598
61495459
61495019
61494942
61495973
61495458
61496010
61495498
61495738
61495581
61495802
61496114
61494381
61495717
61496266
61495644
61495794
61495772
61495780
61495710
61495742
61495750
61496472
61496351
61495911
61495997
61496077
61495970
61494759
61494938
61495189
61495146
61495253
61494886
61495280
61495701
61526661
61494893
61494829
61494861
61494941
61496516
61496524
61496604
61496636
61496620
61495445
61496708
61496740
61496871
61496780
61495101
61495253
61495069
61496792
61495733
61497006
61497038
61496830
61496814
61496535
61495678
61497265
61496688
61495382
61527622
61527536
61527392
61495075
61495134
61527416
61527245
61527277
61495214
61495096
61495101
61527384
61527404
61527555
61527573
61495492
61497360
61496472
61497133
61497189
61495931
61495963
61528008
61495796
61497010
61496560
61496490
61497834
61497504
61497477
61497577
61497935
61496586
61496114
61496259
61497893
61497778
61496569
61496844
61496876
61496914
61496922
61496981
61496890
61496922
61496981
61528440
61496772
61497089
61496527
61497496
61496438
61528535
61496418
61497564
61497189
61498483
61498572
61498595
61498523
61496939
61529019
61528961
61496633
61497844
61497150
61498574
61529224
61529283
61529227
61529347
61529342
61529133
61498338
61497679
61497985
61498457
61498489
61498214
61499363
61499360
61497029
61499202
61497936
61498243
61498486
61498347
61529319
61499393
61498889
61499099
61499080
61497733
61497727
61497656
61497791
61497771
61498066
61497735
61530122
61529938
61529933
61529991
61530021
61529793
61498237
61498532
61499805
61499765
61499641
61498723
61498248
61530269
61530091
61530100
61497992
61497936
61498009
61530236
61499355
61498349
61498251
61499553
61530308
61530244
61530470
61530252
61498176
61498839
61498956
61530515
61530444
61498309
61499127
61500423
61500414
61500522
61500444
61500462
61500529
61500553
61500465
61499893
61500694
61500414
61500446
61500421
61500530
61500394
61500540
61499173
61499263
61499353
61499269
61499495
61499071
61501857
61501763
61501846
61501977
61503443
61502129
61502059
61534334
61534119
61533980
61534206
61534082
61503819
61503957
61503802
61503796
61503882
61503914
61503963
61534134
61504092
61504196
61504067
61504318
61504388
61504393
61504441
61504459
61504535
61504225
61502488
61504323
61502784
61535020
61534750
61534877
61534798
61534725
61534679
61504408
61534898
61502527
61502549
61535072
61535056
61502805
61504598
61535140
61535269
61535242
61535209
61535228
61535236
61503023
61503181
61503876
61503506
61535770
61535527
61535412
61503349
61504104
61505374
61505478
61505417
61505347
61505323
61504111
61506993
61504640
61503755
61505628
61505520
61504166
61504291
61504224
61504352
61504755
61504497
61505427
61505486
61504235
61504291
61504494
61504574
61505001
61504467
61504686
61505467
61505341
61505387
61505134
61504112
61536449
61536267
61504029
61536138
61536105
61503991
61504074
61504134
61506010
61504453
61536470
61505356
61506369
61506490
61506416
61536632
61505623
61504987
61505208
61505305
61505258
61505720
61506509
61505809
61506247
61504951
61504881
61504899
61504849
61504908
61504954
61504982
61505447
61505390
61505500
61506587
61505206
61505452
61507075
61506847
61506233
61506133
61507515
61537268
61507004
61505813
61506054
61506671
61507449
61507252
61505963
61505614
61507432
61506105
61506254
61506372
61537997
61507666
61507647
61507716
61507646
61507766
61507822
61506113
61508098
61508031
61508202
61508111
61508092
61508148
61507269
61506521
61506636
61508300
61508263
61508332
61508234
61507528
61506832
61508396
61508333
61506634
61507723
61506951
61507052
61507453
61507293
61507247
61507797
61508636
61508647
61508327
61506895
61506817
61508465
61507379
61507462
61507269
61539107
61538813
61508404
61508421
61507037
61539296
61539037
61506677
61506781
61507557
61507743
61507752
61507801
61509173
61509144
61507935
61507957
61508003
61508965
61507687
61507626
61507699
61507656
61507637
61507747
61507807
61507914
61507867
61507899
61507917
61509716
61508212
61508768
61509416
61507953
61508036
61540133
61539935
61509611
61508545
61508529
61509897
61508695
61509689
61509988
61509082
61510039
61509582
61508263
61508415
61508359
61540569
61540436
61540522
61540290
61508186
61508146
61508717
61510378
61508358
61509885
61509918
61509875
61509944
61508816
61509253
61510098
61510102
61510132
61510229
61510354
61510331
61510523
61510612
61511100
61510499
61510572
61509074
61510745
61510685
61510594
61509284
61508566
61510671
61510566
61510512
61510441
61510721
61509250
61541088
61510857
61510798
61509793
61509788
61510062
61510403
61511348
61511111
61541349
61509064
61509072
61511137
61511093
61511384
61511443
61511427
61511401
61511467
61511446
61511355
61511260
61511299
61511481
61541744
61511489
61511607
61511625
61511649
61509827
61541951
61541838
61541819
61509437
61509479
61510928
61510032
61511057
61542110
61509746
61512165
61542128
61511212
61510779
61510341
61512134
61510520
61512236
61512111
61512229
61512298
61512234
61512372
61512150
61511574
61512637
61512142
61512180
61512093
61512101
61512175
61512190
61512787
61512309
61512238
61512232
61512250
61512282
61511061
61542732
61542708
61542775
61542666
61510586
61511855
61511403
61511333
61511330
61511430
61512689
61512807
61512667
61543004
61512864
61514951
61514356
61516184
61514999
61514282
61514910
61546452
61514617
61515361
61515510
61516341
61516292
61514996
61515169
61515201
61515724
61516252
61514826
61546988
61546940
61546830
61546721
61546894
61515088
61516200
61546976
61516671
61546759
61514532
61515410
61515154
61547055
61547159
61514743
61514966
61514920
61516198
61515395
61516929
61517039
61516643
61515019
61515264
61516990
61517100
61517057
61517089
61517121
61517030
61517062
61547668
61517256
61517138
61517200
61517232
61517342
61517348
61517444
61547823
61517557
61517568
61517559
61515815
61548151
61517648
61517662
61517482
61517420
61517503
61516231
61516386
61516436
61516372
61516524
61516460
61517906
61517938
61517471
61517284
61516002
61548135
61547911
61548007
61547948
61515775
61515780
61515839
61516615
61516287
61518067
61516450
61516314
61516522
61518062
61517896
61517904
61516365
61516901
61518123
61518230
61518259
61518078
61518080
61516926
61517307
61517688
61518272
61518454
61518551
61517265
61517366
61517681
61517737
61517879
61519247
61518701
61518891
61518691
61517249
61517346
61518742
61519178
61519050
61518969
61519026
61519009
61517672
61518074
61518960
61517591
61518020
61518457
61519242
61550690
61518872
61519037
61551284
61521494
61519451
61519775
61519742
61519798
61521459
61520339
61520203
61521721
61521449
61551742
61520259
61520985
61521431
61521364
61521519
61521613
61519986
61521502
61521483
61522029
61520773
61521400
61520258
61522072
61521925
61522046
61522414
61522116
61522166
61522184
61522267
61522299
61521027
61521049
61521139
61521147
61521216
61522397
61521178
61522397
61521423
61522561
61520842
61522670
61522628
61521035
61520569
61520553
61552776
61552834
61552866
61552772
61552961
61553090
61553170
61552980
61552918
61552863
61553017
61552897
61553053
61552984
61553182
61553279
61553231
61553408
61521301
61521319
61521504
61522706
61521414
61522870
61523185
61521748
61522678
61521157
61521216
61522339
61522877
61522943
61522985
61521850
61521882
61522088
61522055
61523288
61523792
61523430
61523369
61523401
61523467
61523595
61553994
61553976
61553995
61553999
61553847
61554030
61554043
61553971
61521876
61524034
61522533
61523987
61554167
61554241
61522182
61522741
61523025
61523210
61522741
61523117
61523084
61523321
61554258
61523883
61523451
61523519
61524132
61524052
61522828
61524299
61522436
61522547
61524050
61524137
61524183
61524272
61523371
61524302
61524259
61524653
61524278
61524361
61524270
61524353
61524406
61555157
61522769
61524295
61524396
61524420
61524760
61524819
61523771
61524507
61524453
61524410
61524781
61524711
61523641
61523769
61524066
61523685
61523669
61523605
61523562
61523704
61524818
61524901
61524984
61525112
61525082
61523757
61555096
61525152
61524980
61523759
61555567
61555380
61555500
61525060
61524042
61524702
61524267
61555493
61524919
61525513
61525446
61525454
61525190
61525889
61525925
61525772
61525828
61525911
61525943
61526050
61525890
61526069
61526203
61526133
61524879
61526077
61526106
61526117
61526170
61526154
61526282
61526269
61526226
61526282
61524641
61526400
61526261
61526215
61526285
61526317
61526260
61526233
61526306
61526413
61526561
61526593
61524718
61524451
61525209
61525217
61526859
61526345
61525447
61525496
61524825
61525646
61527117
61526739
61525865
61525921
61525929
61525961
61526157
61526199
61526153
61526958
61525694
61525979
61526182
61526412
61527516
61527166
61527327
61525847
61527169
61525836
61525793
61558041
61557972
61557926
61558156
61557726
61526887
61525733
61525591
61557825
61525682
61525779
61558019
61558190
61558241
61557897
61525819
61525926
61527113
61525966
61525974
61527147
61526092
61527067
61525873
61526598
61526643
61527482
61558274
61558184
61561987
61561784
61561912
61561926
61562040
61531742
61531393
61530005
61530051
61530096
61562337
61562073
61532061
61530348
61530826
61532051
61532110
61532136
61532305
61532265
61532283
61532154
61532134
61531773
61532079
61532330
61532245
61532175
61532191
61532264
61532173
61532126
61532274
61531003
61531049
61531272
61531195
61531268
61531262
61530194
61532400
61532395
61532338
61532866
61532490
61530868
61530952
61563138
61530852
61532474
61532335
61531129
61563102
61563169
61563022
61563327
61563333
61532581
61563120
61530843
61563043
61563232
61563298
61563224
61563323
61563112
61531345
61532544
61531937
61532409
61530895
61531824
61532396
61563669
61563688
61533289
61533577
61533215
61532071
61532172
61532043
61533495
61533476
61533395
61532186
61532323
61564244
61564301
61564306
61564312
61564432
61564388
61531923
61531996
61532168
61533243
61531979
61532777
61533602
61532119
61533686
61532692
61532877
61533011
61533016
61532945
61533434
61533473
61564503
61534493
61534494
61534484
61533983
61533940
61534957
61534531
61535124
61533045
61534732
61534833
61534841
61534832
61533548
61565256
61564968
61532699
61534152
61534159
61532899
61534964
61534785
61534725
61534785
61534779
61534787
61534760
61533629
61535021
61535176
61535040
61534874
61535056
61535190
61533417
61535269
61534422
61533441
61533569
61533484
61565540
61533484
61534924
61565636
61533359
61533394
61533810
61535368
61535451
61535387
61535491
61535523
61535432
61535590
61534309
61534080
61534109
61534333
61535780
61535764
61535793
61535750
61534184
61534402
61534386
61535884
61535769
61535750
61534136
61535769
61534176
61535830
61535766
61535801
61535779
61534399
61565980
61534100
61535856
61535655
61535919
61535578
61536011
61534594
61534746
61534934
61535027
61535784
61535984
61534901
61535424
61536232
61536136
61535002
61535928
61534544
61535995
61534608
61566872
61534720
61534752
61534784
61534768
61534797
61534928
61535011
61567398
61567352
61567312
61567251
61567203
61535988
61536994
61536506
61535170
61535178
61535320
61567488
61567502
61567238
61567278
61567286
61567307
61567291
61567374
61567418
61535190
61535075
61535641
61536033
61536509
61536024
61537528
61537443
61537432
61536136
61536545
61536481
61567643
61536188
61536426
61535600
61536913
61536473
61537695
61536137
61536481
61567993
61537851
61537963
61568280
61536355
61538066
61538125
61538103
61537967
61537999
61538013
61537967
61537527
61537970
61538010
61538069
61538166
61538123
61538127
61538214
61538154
61538265
61536945
61537056
61537300
61537509
61538037
61568919
61568735
61568657
61568740
61568815
61568769
61568734
61568652
61568877
61537323
61536795
61538417
61538647
61538514
61537941
61538110
61538906
61538538
61538546
61538445
61538766
61569134
61569295
61569172
61538926
61538995
61538476
61539056
61538853
61537913
61538026
61538049
61537634
61537384
61569453
61569563
61569565
61537115
61538435
61537628
61539384
61539245
61539253
61539302
61539186
61569575
61539353
61539282
61539180
61539072
61539176
61539221
61539253
61539261
61539306
61539222
61539217
61538711
61539495
61539202
61539234
61539167
61537878
61569960
61537904
61570003
61569692
61537595
61537388
61538553
61538274
61539647
61539854
61539854
61540037
61539606
61539917
61539768
61539800
61539767
61539929
61540040
61540003
61538688
61540107
61538351
61570331
61570366
61570296
61570251
61570360
61538059
61538152
61538051
61538816
61538807
61540069
61540327
61540185
61540268
61540009
61539569
61539909
61540414
61540599
61540098
61540232
61540240
61540717
61538324
61540104
61540112
61540397
61540087
61570719
61540319
61540357
61540437
61540445
61540555
61539989
61540031
61540563
61540483
61540590
61540635
61540717
61540712
61540748
61541245
61540767
61540802
61540834
61540842
61540922
61540903
61540876
61540892
61540903
61540986
61539690
61539770
61540090
61571463
61539357
61571731
61571384
61571651
61571523
61541480
61541241
61539809
61572043
61572110
61572006
61571939
61541735
61541774
61542121
61541708
61540322
61541506
61541635
61540547
61540648
61541045
61540877
61541680
61542041
61541966
61540435
61540529
61572713
61572536
61541611
61542442
61542375
61542380
61541978
61542609
61542001
61546818
61546772
61546780
61546839
61546985
61547000
61545496
61546163
61546947
61577347
61577259
61577067
61577096
61545302
61577457
61545094
61545843
61547116
61547175
61547282
61546365
61545907
61545480
61577499
61546150
61547522
61547458
61545784
61547393
61546843
61546715
61547770
61547354
61547410
61547418
61546317
61547632
61546890
61547199
61545890
61545946
61545906
61577970
61578112
61577962
61577994
61577981
61577994
61545773
61546579
61546187
61546627
61547975
61548001
61546219
61546398
61545971
61546871
61548219
61548463
61548375
61548287
61547636
61548201
61548438
61547425
61548386
61548162
61548194
61548315
61548303
61547055
61547361
61578717
61548765
61548626
61548569
61547938
61548537
61549095
61578948
61547964
61547575
61548944
61546820
61547695
61547412
61547293
61548616
61579126
61547047
61548346
61549209
61547809
61548965
61579421
61547318
61547288
61547985
61547444
61549356
61547947
61548092
61548460
61548534
61549831
61549879
61549909
61549811
61548451
61547866
61548586
61548304
61548284
61580081
61549974
61550039
61550465
61550039
61548689
61549266
61549532
61550523
61550107
61550078
61550189
61550245
61549058
61549548
61549641
61549410
61549944
61548597
61548673
61548872
61580974
61580950
61580881
61581137
61550559
61550992
61550504
61550597
61550630
61549292
61549465
61549975
61550844
61550528
61549095
61549015
61548989
61581039
61548597
61550486
61550578
61581261
61548920
61549645
61549454
61551090
61550349
61551131
61551047
61551507
61549736
61549888
61550022
61581365
61550079
61551365
61581385
61551108
61549793
61549993
61550062
61581513
61550154
61550254
61551649
61551298
61549804
61549874
61549851
61549907
61550028
61582211
61582105
61549947
61550558
61549664
61551863
61551898
61551914
61551760
61549985
61551859
61550516
61582073
61550508
61551970
61552176
61552037
61551946
61551933
61552184
61552220
61552020
61550844
61551085
61551216
61551197
61552417
61552141
61550730
61550724
61550698
61550716
61552140
61583029
61550816
61583080
61583080
61550675
61550656
61551240
61552817
61552750
61552710
61552240
61552846
61552164
61552774
61552878
61551708
61551820
61551876
61552399
61551468
61551725
61553243
61552779
61551078
61551829
61552298
61551941
61552936
61551515
61583691
61583590
61583615
61551351
61552090
61553448
61553507
61553341
61553550
61552184
61552862
61553656
61553137
61551890
61551761
61551882
61584108
61583893
61551549
61552095
61553765
61553753
61553642
61553026
61552394
61584040
61584010
61583897
61553309
61553800
61553832
61553929
61553889
61553733
61554059
61553787
61553652
61553852
61552542
61552656
61552637
61552806
61552777
61553697
61553664
61552390
61552303
61552444
61552369
61584617
61584588
61584506
61584455
61584543
61552117
61552042
61552667
61554249
61554209
61552575
61554283
61552681
61584305
61552851
61554199
61554303
61554275
61584585
61552852
61554231
61553135
61553260
61553544
61553101
61554004
61552743
61552710
61585032
61584859
61584880
61585011
61584911
61553949
61553272
61554860
61554721
61554787
61554781
61554647
61553372
61553797
61553679
61553636
61555031
61554786
61553306
61553188
61585258
61585116
61585156
61553400
61554738
61554770
61554895
61554966
61555057
61553683
61553876
61554041
61554243
61553972
61554031
61555311
61555281
61554916
61585826
61585508
61585454
61585448
61553153
61553209
61555280
61555464
61555237
61554231
61554332
61555529
61555170
61553346
61555633
61555821
61554044
61586104
61586272
61586131
61586130
61586175
61586228
61553812
61554639
61554630
61555951
61554798
61556009
61556119
61556052
61555899
61555808
61555739
61556003
61556086
61556156
61556164
61555018
61555106
61555114
61555207
61556157
61556128
61555020
61554947
61554955
61554897
61555210
61556400
61556008
61554617
61554608
61554582
61555439
61554697
61586814
61586982
61586883
61554572
61555824
61556669
61555170
61556422
61586932
61554641
61555513
61556807
61556753
61556973
61556877
61556076
61556809
61555805
61555251
61587401
61587306
61554929
61556177
61556958
61555387
61587257
61557451
61556836
61587513
61555145
61555674
61557221
61557277
61555807
61557222
61556323
61587991
61587643
61555419
61556174
61556017
61587880
61555748
61557810
61557811
61557755
61557749
61557790
61557671
61588033
61557788
61556694
61557263
61558190
61557565
61556236
61588274
61588344
61588379
61588311
61556238
61558119
61558212
61558354
61558212
61558494
61556476
61558545
61558495
61557244
61557358
61588720
61558962
61557573
61557695
61558279
61558610
61557229
61589427
61589300
61589123
61589119
61556965
61558918
61560255
61558954
61591034
61591002
61591084
61558778
61560186
61561157
61561430
61561288
61561261
61561279
61561112
61561326
61561321
61560183
61560199
61564974
61565006
61565512
61566334
61566014
61566121
61566040
61596874
61596754
61596618
61565642
61564980
61597018
61564548
61565451
61565347
61566620
61565211
61565394
61566982
61567027
61566946
61566848
61567028
61566753
61565529
61566902
61566975
61565649
61565852
61597129
61565731
61566043
61565438
61565518
61565526
61565572
61565730
61597815
61597473
61597638
61567376
61567282
61567373
61565626
61567351
61565734
61597881
61597646
61567347
61565489
61567602
61567658
61566692
61565634
61566218
61567923
61567811
61567900
61568245
61566501
61567182
61567738
61566639
61567661
61566154
61566274
61598589
61598439
61598560
61566117
61566668
61567729
61566210
61568251
61568283
61568246
61568176
61568194
61568159
61568215
61568298
61566927
61566983
61567357
61567485
61568610
61566251
61568620
61567322
61568027
61568866
61567024
61599274
61599189
61567439
61568500
61568439
61567130
61567186
61566807
61567577
61599131
61568284
61569163
61569311
61569313
61569153
61569134
61599676
61569230
61569313
61569386
61568011
61568253
61568742
61569639
61569284
61567928
61600072
61599919
61599813
61567686
61568510
61568066
61600310
61600160
61569083
61569764
61569939
61599963
61568314
61569926
61569883
61569880
61570015
61569862
61569918
61569841
61569877
61569824
61568661
61568679
61568906
61569286
61568229
61568234
61568896
61570368
61570328
61570285
61568740
61569541
61569140
61570461
61570643
61568978
61569357
61570668
61570673
61569775
61570452
61569041
61570651
61569517
61601065
61569598
61569345
61570961
61570921
61570725
61570781
61570840
61570834
61569491
61571120
61571083
61571091
61571226
61570588
61571195
61569974
61570263
61570193
61569838
61571348
61571323
61571369
61571387
61571419
61571475
61570244
61570379
61602057
61571608
61571661
61571693
61571688
61571747
61571840
61571803
61572050
61571840
61571879
61570754
61570879
61570962
61571856
61571877
61570363
61570446
61570454
61602674
61570453
61602693
61570466
61571983
61570715
61602849
61572442
61571153
61571614
61572391
61572440
61572451
61602913
61572666
61571046
61572621
61572728
61572592
61572522
61570902
61602884
61572725
61572702
61572939
61572780
61572833
61571612
61571802
61571971
61572123
61603531
61572416
61571710
61572831
61571159
61571517
61572053
61572147
61573515
61573633
61573593
61573550
61573582
61573593
61573550
61573562
61573509
61572288
61572474
61572517
61572903
61572539
61573435
61572081
61604291
61604307
61604248
61604344
61571823
61573061
61572384
61573918
61604091
61571932
61572138
61573994
61574007
61574114
61574095
61572952
61573112
61573624
61573292
61573224
61572684
61572931
61574367
61572993
61573169
61573217
61574594
61574581
61574541
61574637
61574795
61574869
61574690
61574671
61574556
61574755
61574644
61572772
61574933
61574965
61574853
61574906
61575043
61574877
61574998
61575051
61575008
61575067
61573744
61573920
61575241
61575318
61574064
61574246
61574200
61574774
61575654
61575337
61573875
61606150
61606006
61605931
61573653
61573661
61573758
61575775
61575828
61575935
61575991
61576071
61574673
61575007
61575903
61574351
61575850
61574545
61576226
61576330
61576050
61575969
61574554
61574943
61574876
61574884
61575997
61574813
61575760
61574218
61606437
61606317
61574158
61574616
61576132
61576171
61576134
61575995
61576006
61575976
61575989
61606093
61576080
61575715
61576744
61574989
61575305
61575509
61575328
61575797
61576535
61577115
61575627
61576968
61575319
61607489
61575098
61576695
61576602
61575146
61607357
61607157
61607291
61576619
61607309
61607273
61607545
61575196
61575252
61576097
61576255
61577457
61577507
61577546
61577495
61577681
61577577
61576428
61607837
61577543
61577599
61576602
61575702
61577928
61577799
61578008
61577359
61577877
61577945
61576713
61577002
61576880
61576963
61577019
61577430
61576905
61576365
61608731
61608584
61608580
61576228
61576849
61578441
61578411
61578454
61578428
61578299
61578353
61577006
61577244
61577286
61577356
61577865
61577434
61578706
61578510
61577533
61578504
61609020
61576949
61577575
61578872
61579062
61579067
61579040
61579031
61578960
61579023
61609330
61579030
61577803
61609559
61577239
61578478
61577886
61579383
61579551
61577808
61579421
61609579
61577928
61579465
61609719
61579307
61579286
61578291
61578763
61579632
61579168
61609992
61609866
61578823
61579668
61579635
61579718
61579678
61579813
61578339
61578375
61578476
61579013
61580009
61579986
61579554
61579610
61579512
61610354
61578644
61578363
61610223
61578105
61580221
61580120
61580104
61579643
61579662
61580330
61578581
61580337
61580764
61579222
61579296
61580544
61579720
61578907
61610906
61611044
61610667
61578681
61579851
61580604
61580562
61580581
61580640
61579416
61579592
61579797
61580978
61580869
61580419
61580451
61580493
61579184
61611270
61611294
61611491
61611061
61579143
61579985
61611609
61611459
61580345
61579041
61581106
61581409
61580069
61580773
61579406
61611458
61611493
61611322
61611378
61580477
61580010
61580093
61579717
61581350
61581409
61581486
61581285
61581471
61581791
61581204
61581236
61579899
61580249
61611644
61581307
61580776
61581219
61579954
61579935
61579991
61579952
61579973
61612004
61611973
61612061
61581200
61581786
61582018
61612394
61582035
61582003
61581907
61582384
61612589
61580245
61580832
61587673
61587140
61587611
61586438
61587070
61587958
61587515
61586107
61586040
61586219
61618267
61618096
61587267
61586728
61586046
61587242
61586762
61588059
61588046
61588051
61586417
61587999
61587964
61587996
61588116
61588114
61588245
61618745
61586991
61587712
61587316
61588612
61588364
61588375
61586919
61619015
61618932
61618785
61618881
61586668
61586673
61586705
61586713
61587426
61588843
61588845
61588907
61588915
61588878
61588775
61587845
61588663
61619397
61619258
61589081
61589039
61589126
61588950
61587729
61587977
61588009
61588065
61588508
61589591
61589130
61587695
61620037
61620155
61619628
61588850
61588074
61589680
61588144
61589675
61588088
61588311
61589646
61589701
61589710
61589722
61589781
61588492
61589763
61588683
61588814
61588134
61620203
61620488
61620155
61589275
61589974
61590159
61589285
61588166
61590330
61590383
61590364
61590239
61589141
61590381
61590604
61588748
61620895
61620903
61588746
61588543
61588712
61588682
61590956
61590982
61589595
61589918
61590192
61591143
61590727
61621545
61621601
61621354
61621427
61589098
61589216
61589289
61591450
61591369
61591387
61591515
61591353
61591330
61591435
61591518
61591602
61591634
61591666
61621796
61591661
61591528
61591406
61590230
61590320
61590448
61591022
61591420
61590000
61622264
61622114
61622045
61589853
61589874
61590567
61590373
61592111
61591986
61591898
61590604
61590947
61590960
61591476
61592350
61590617
61590533
61622807
61622612
61622412
61622484
61590298
61591177
61592446
61590954
61590635
61592450
61591025
61622451
61592465
61591412
61591513
61591825
61591836
61591118
61592718
61591584
61592952
61592614
61591268
61623436
61623283
61623259
61590957
61591040
61591572
61593205
61593258
61593245
61593116
61623238
61593270
61593183
61593284
61593754
61593161
61591978
61592332
61592661
61592340
61591674
61593249
61591786
61591999
61624133
61624148
61624176
61624008
61624091
61624098
61624131
61591959
61592519
61594011
61593869
61593815
61593697
61593685
61593768
61593690
61593797
61593829
61592506
61592730
61593812
61624443
61594074
61593942
61591818
61594081
61594068
61592366
61593930
61592837
61592938
61624484
61593514
61594134
61624476
61596155
61624631
61592459
61594548
61594713
61594628
61594718
61593235
61593435
61594481
61594540
61594419
61625158
61625241
61625070
61593430
61594823
61594831
61594842
61594823
61594352
61593626
61594770
61593765
61593981
61594400
61595234
61625602
61625370
61594400
61594011
61595206
61595262
61595294
61595233
61594697
61595565
61593896
61625371
61593924
61594927
61593549
61625634
61625420
61595387
61595618
61594387
61595475
61593622
61593614
61593570
61625676
61593209
61593268
61594092
61595461
61595472
61594746
61595353
61594105
61594233
61593593
61595781
61595837
61595663
61595449
61594332
61596040
61595805
61626369
61595761
61595271
61595775
61626551
61626364
61593924
61594745
61626241
61594146
61596211
61596390
61596308
61596259
61596288
61595070
61595270
61595712
61596240
61594763
61594626
61596254
61627153
61626910
61594802
61595419
61627107
61595955
61596780
61596891
61596878
61595321
61596876
61595738
61596333
61596216
61595614
61596950
61627321
61595719
61597427
61595759
61596068
61597296
61595248
61596226
61595634
61595771
61596202
61595911
61628145
61627688
61596724
61597688
61597805
61627808
61595635
61597775
61597858
61597836
61597963
61597712
61596656
61597094
61597708
61597865
61597870
61598154
61598067
61597018
61628605
61596878
61598412
61598324
61597176
61598003
61628780
61597522
61598428
61597555
61598186
61597181
61598341
61598523
61628830
61596360
61596953
61598610
61598601
61598585
61597178
61598913
61598724
61597524
61629250
61596796
61598926
61598916
61598832
61598910
61597812
61597643
61598263
61599184
61598891
61598340
61598747
61629516
61629334
61629465
61597205
61598563
61597787
61597439
61597619
61629776
61629517
61629682
61597408
61598347
61599651
61599741
61599882
61599657
61599135
61599655
61598553
61598358
61599868
61599804
61600014
61598504
61599907
61598530
61598853
61598998
61600362
61599938
61599708
61600182
61600168
61600092
61600301
61600156
61599157
61599340
61599727
61600645
61599334
61598380
61599692
61598721
61600690
61600674
61599629
61600549
61599169
61631377
61631361
61631215
61600648
61599671
61599253
61631281
61600841
61631573
61631298
61601030
61601065
61601076
61601002
61600925
61600906
61600914
61600918
61601039
61599900
61600028
61600327
61600047
61600128
61601149
61599768
61632152
61631957
61631881
61631841
61631961
61631878
61631763
61631966
61600843
61600292
61600297
61600223
61600279
61601816
61601456
61601092
61601896
61601914
61601898
61601199
61601870
61601814
61632466
61602273
61600910
61601137
61602433
61600598
61632773
61603523
61604281
61603028
61603023
61602441
61604253
61603163
61604384
61604101
61604088
61635039
61634952
61604839
61604645
61604496
61604467
61603369
61603572
61604766
61604671
61603065
61603145
61635353
61635142
61604941
61604878
61604862
61604953
61605012
61605020
61605063
61603853
61604039
61604589
61603093
61604135
61605520
61605091
61635939
61636017
61635680
61635799
61604773
61605625
61605647
61604922
61605327
61636206
61636056
61636058
61636050
61605190
61606008
61605948
61606028
61606009
61605921
61605994
61605974
61606028
61605074
61605069
61606329
61606004
61636694
61636515
61604150
61604308
61605095
61605320
61604224
61606265
61604864
61605234
61605771
61605233
61636988
61636659
61604561
61604570
61606723
61605127
61605495
61606768
61606639
61606736
61606723
61606741
61605359
61604814
61605323
61606983
61606368
61605610
61605746
61606320
61607163
61606743
61605212
61605397
61605324
61637609
61637691
61637643
61637360
61606977
61637775
61605477
61605811
61605778
61605549
61606232
61607670
61607750
61607635
61607770
61607720
61607851
61607832
61607789
61606664
61606776
61607299
61638526
61606097
61606163
61607140
61607070
61608415
61608587
61608367
61607802
61608108
61606724
61639138
61638803
61638808
61612604
61613137
61614767
61644982
61613165
61614705
61614867
61614914
61614579
61614625
61614787
61614683
61614612
61614852
61614706
61614721
61613558
61613649
61645087
61614989
61613595
61614245
61615013
61614778
61613175
61645394
61645301
61613828
61613761
61615370
61613739
61615444
61615442
61615539
61614269
61645780
61614285
61615712
61615683
61615574
61615072
61615629
61615726
61615748
61615766
61646262
61614503
61616074
61615945
61616055
61615413
61616391
61615746
61614160
61616174
61616099
61614743
61615080
61614485
61616009
61614985
61646562
61616371
61616307
61615091
61615731
61614658
61646569
61616215
61646940
61615341
61616848
61616636
61617169
61616705
61615535
61615735
61615791
61616010
61616982
61616654
61615230
61647518
61647197
61617101
61617069
61615818
61615823
61615927
61615973
61616125
61616235
61617388
61615547
61647759
61647685
61615331
61617458
61617503
61617439
61647704
61616095
61617470
61615796
61616652
61647544
61617479
61617597
61617737
61617904
61615731
61617587
61616703
61647965
61615742
61617825
61648279
61647945
61615809
61616375
61617960
61617875
61617801
61617931
61617405
61618135
61617881
61617889
61616689
61616889
61617043
61617731
61616419
61648603
61648537
61648366
61616249
61616225
61617532
61618453
61618512
61618499
61617239
61618533
61616892
61617146
61617127
61617471
61618795
61648905
61648772
61617764
61618668
61618850
61618698
61618733
61618690
61618617
61618625
61618756
61618831
61618860
61617565
61617781
61618178
61619010
61618714
61617306
61649378
61649485
61649290
61619100
61619051
61617704
61617952
61618032
61618528
61619456
61619491
61617611
61649907
61649712
61619309
61619514
61617319
61619609
61619494
61619529
61618769
61619424
61619456
61619498
61618223
61618447
61618544
61618600
61618605
61619476
61650217
61650428
61619606
61619174
61620023
61619911
61619830
61618539
61650086
61619821
61618854
61619326
61620209
61619739
61618403
61650750
61650355
61650416
61620650
61618580
61618403
61618705
61620527
61620631
61620564
61620572
61620785
61620534
61619259
61619541
61620726
61619841
61619414
61619497
61620986
61621039
61620828
61621041
61620862
61620867
61619721
61620041
61621265
61618766
61620920
61619947
61620939
61651667
61651379
61619337
61621368
61621403
61620584
61621639
61621274
61621357
61621317
61621349
61620272
61620741
61621221
61619738
61652050
61651866
61619423
61619965
61621694
61621668
61621560
61620200
61620451
61620467
61621862
61621518
61621492
61620221
61652364
61620024
61620000
61621083
61621932
61621878
61621940
61652042
61621681
61620751
61620967
61620365
61652410
61622093
61621758
61652259
61622274
61622030
61620998
61620502
61622287
61621193
61621686
61622644
61620761
61653090
61653095
61653071
61652774
61620650
61622736
61621432
61653022
61622928
61623025
61622763
61622714
61621565
61652904
61622700
61622680
61653385
61621027
61622910
61621835
61653601
61621611
61621173
61623190
61623165
61622126
61623317
61622375
61621633
61653698
61653623
61622626
61621874
61623411
61623416
61623392
61623493
61622301
61622480
61621878
61653732
61653679
61621960
61623422
61653779
61623684
61654144
61622465
61623767
61622838
61621862
61621946
61622695
61624129
61624048
61624008
61624170
61624065
61624097
61624105
61624193
61623178
61623179
61622625
61654714
61622387
61622443
61624535
61624529
61624483
61624498
61623344
61624354
61623106
61623433
61624505
61624793
61655087
61622666
61622712
61624586
61623149
61623469
61624931
61624932
61624936
61623631
61623855
61625068
61624697
61623265
61655487
61655324
61625195
61623115
61625188
61625117
61625234
61625718
61623492
61624131
61625564
61625250
61655937
61655602
61624790
61625591
61625541
61625637
61625452
61625619
61655875
61623909
61656148
61624829
61625589
61625563
61625453
61624266
61625776
61624586
61626135
61624286
61656574
61625837
61626171
61624387
61656581
61656547
61624283
61625158
61626465
61626415
61626300
61626203
61625057
61656709
61626846
61626230
61656797
61624501
61624683
61625185
61626770
61626658
61626690
61624680
61625141
61626681
61626053
61625330
61626829
61626758
61626943
61627065
61625612
61625799
61626094
61626898
61626990
61626112
61627500
61627013
61626897
61657448
61657426
61625111
61625671
61627283
61627042
61626958
61625395
61657713
61657480
61625285
61627497
61627289
61627447
61627243
61626222
61627118
61657702
61625427
61627744
61627681
61627614
61626896
61627472
61658032
61625885
61626437
61658221
61626648
61627897
61627078
61627733
61626677
61627621
61658394
61625885
61628091
61626228
61627933
61627959
61626927
61626509
61658450
61628288
61628344
61628199
61627263
61658954
61627287
61628387
61628425
61627093
61628584
61658778
61627120
61628510
61628458
61627426
61628797
61659239
61659087
61628026
61628851
61628188
61628120
61628467
61627206
61659443
61659355
61659184
61627574
61629204
61626892
61629220
61629153
61629209
61627985
61628281
61628316
61628836
61659596
61629549
61628216
61628509
61628290
61628124
61627922
61627913
61630075
61629811
61660280
61631455
61630184
61660339
61627948
61628603
61628815
61628024
61630191
61630210
61630234
61630240
61628736
61628984
61629043
61629867
61628480
61660894
61660610
61660607
61628357
61628818
61630550
61628930
61630529
61629278
61630681
61630330
61630415
61630439
61661094
61661155
61628783
61631430
61629861
61630775
61661530
61661453
61661242
61630354
61631284
61631306
61631311
61631182
61631160
61629619
61631379
61630170
61631479
61629757
61661933
61661548
61629510
61630283
61631692
61630096
61630018
61661846
61631539
61631463
61630345
61630978
61631759
61631353
61630071
61661953
61661812
61630202
61631760
61631843
61631201
61631617
61630372
61630664
61630601
61631090
61630716
61632299
61631555
61662475
61662390
61662446
61662483
61630713
61632426
61632253
61631536
61632806
61632363
61631152
61631325
61630264
61631074
61632319
61632738
61632422
61632550
61631398
61631437
61630499
61632704
61632964
61631088
61663301
61663256
61663176
61631014
61633065
61633097
61663278
61633169
61633159
61633212
61633063
61631282
61633191
61633226
61631966
61632043
61632617
61633097
61631553
61663777
61663492
61633353
61633256
61631994
61632229
61632748
61633287
61664013
61663941
61631577
61632325
61633776
61632108
61633689
61633773
61633904
61633707
61633366
61633247
61634184
61633764
61632612
61632788
61634224
61632327
61664526
61632861
61664475
61632134
61632904
61664372
61633289
61664747
61664610
61633795
61632957
61634456
61634330
61633087
61633249
61633342
61634139
61664862
61664947
61664680
61632539
61633137
61634677
61664893
61633746
61634656
61634595
61634652
61634932
61634412
61634491
61632578
61634670
61634546
61633370
61633799
61634535
61633031
61665095
61671622
61639364
61639863
61641499
61641387
61641338
61640309
61640458
61641559
61639826
61672149
61672090
61671983
61671839
61671916
61639607
61641891
61641851
61641814
61641823
61640469
61640986
61640623
61672338
61641856
61641795
61640810
61642256
61642258
61642173
61642116
61642121
61642201
61641094
61641590
61672670
61642404
61642463
61642354
61642281
61642259
61642315
61642323
61641051
61641739
61642147
61673046
61673051
61673038
61672816
61641419
61641142
61642826
61642858
61642911
61642815
61642702
61641529
61641633
61641809
61642982
61642656
61641669
61641128
61641154
61642531
61673091
61641350
61642935
61642916
61642667
61642731
61641678
61641949
61643170
61641386
61673645
61673359
61642509
61643385
61643308
61643370
61643313
61641635
61673779
61673683
61641566
61641550
61643367
61643725
61674026
61642994
61642050
61643953
61643958
61643966
61644004
61643964
61644021
61643923
61642720
61643288
61644165
61642315
61674499
61674336
61642831
61643832
61642496
61674934
61642248
61644463
61644372
61644325
61644409
61674527
61644484
61644471
61643799
61644357
61644670
61643436
61643570
61644535
61643052
61643070
61675138
61674855
61644846
61644782
61644903
61644723
61643586
61644598
61643656
61643277
61644910
61644918
61644656
61645096
61643701
61643792
61644370
61644973
61643408
61675686
61675595
61675726
61645353
61645308
61644730
61644188
61676024
61676074
61675974
61675795
61644237
61645760
61675981
61645760
61645628
61644353
61644443
61644710
61675908
61645893
61644464
61644917
61646097
61676604
61676303
61644755
61676563
61645004
61646372
61646403
61646248
61644945
61645076
61646182
61644970
61644549
61676618
61644576
61644930
61644105
61646307
61646205
61646450
61645052
61645187
61645151
61645589
61644909
61677187
61677033
61644830
61645342
61646978
61646980
61646847
61646811
61645721
61646430
61646814
61677477
61677268
61647184
61647111
61646069
61645600
61677602
61645362
61646770
61677902
61645380
61647566
61647481
61647424
61646386
61646456
61647600
61646541
61647571
61647706
61678316
61645939
61646614
61648172
61648443
61648390
61648368
61678653
61648350
61646822
61678831
61647447
61648740
61648802
61648623
61647034
61647473
61648280
61679190
61678913
61647942
61648777
61648912
61646919
61648809
61648683
61678956
61648773
61647369
61647689
61648465
61679298
61646927
61648157
61648973
61648786
61648788
61647564
61647699
61648318
61649113
61679361
61649287
61648631
61649030
61648076
61649273
61647393
61679267
61647193
61647585
61649167
61649319
61648599
61649273
61649262
61648065
61648316
61648860
61649286
61647586
61649219
61649231
61679582
61647972
61649482
61647933
61648404
61649862
61649726
61650197
61648645
61650112
61648181
61680347
61680309
61649017
61648125
61680189
61647853
61649121
61650012
61649261
61650148
61650088
61649049
61650249
61648417
61680681
61680462
61649441
61650143
61650079
61650030
61648782
61649449
61649902
61648470
61648550
61680601
61650407
61650190
61649401
61648692
61680782
61649729
61650846
61649318
61650624
61648846
61681078
61648673
61649344
61650566
61650700
61650732
61650665
61650895
61650934
61649619
61650590
61649155
61681518
61681136
61649467
61651127
61650803
61650497
61651040
61649889
61650071
61649510
61681606
61681402
61649318
61649401
61681655
61650035
61651490
61651456
61681856
61651620
61651325
61650272
61650502
61649845
61682137
61681772
61651580
61651838
61651777
61651575
61651672
61650646
61650774
61650182
61682351
61682026
61649897
61653049
61652587
61684195
61654087
61653975
61653964
61652956
61653452
61654082
61653991
61684743
61652316
61654549
61654499
61654384
61654362
61654322
61653070
61653435
61654197
61684994
61684784
61652616
61654712
61654682
61654543
61654610
61653485
61653699
61654944
61653160
61685510
61685321
61685351
61653383
61655030
61653483
61653522
61654079
61653586
61653495
61655606
61685838
61655608
61655450
61654833
61653510
61655626
61655658
61655591
61655763
61655528
61655479
61654231
61654458
61654576
61685998
61655759
61654792
61655812
61655271
61654276
61656224
61656139
61656333
61656200
61656181
61654786
61656480
61656403
61656940
61655180
61655842
61656408
61687066
61686959
61654471
61656837
61656783
61655999
61655353
61655522
61656059
61656481
61687342
61687283
61686912
61656887
61656888
61657070
61656996
61656812
61656704
61655429
61655701
61655757
61655881
61657043
61655187
61655192
61687507
61656838
61687402
61655474
61657056
61657070
61657031
61655722
61687358
61656515
61656140
61655548
61687462
61655238
61655668
61655681
61657454
61657192
61656082
61657153
61656249
61656732
61657485
61657436
61656185
61656412
61656492
61657687
61656543
61656013
61656270
61688067
61656062
61657940
61658074
61658106
61657889
61657956
61656879
61657083
61657801
61656372
61656333
61657163
61688437
61656723
61658346
61658351
61658341
61658764
61657089
61658436
61688831
61688623
61656759
61658434
61658589
61658522
61656581
61658573
61658897
61658416
61657312
61657696
61688960
61658800
61658455
61689166
61658140
61658866
61658943
61689034
61658915
61659062
61659220
61658985
61659192
61659067
61658059
61657587
61659446
61659264
61657990
61657315
61658050
61689717
61659744
61659626
61658771
61659486
61659569
61659568
61658601
61659596
61658119
61690107
61689976
61657859
61658299
61660028
61659967
61659910
61660066
61658825
61659042
61659521
61659439
61658569
61658558
61659224
61690720
61659287
61660591
61660552
61660520
61659279
61659612
61660737
61660457
61658947
61691026
61658688
61659525
61660836
61661039
61660883
61660870
61660722
61660754
61660786
61660818
61659837
61660306
61660885
61659330
61691333
61659003
61659570
61659739
61661179
61660900
61691791
61660049
61691639
61661330
61660412
61661274
61659856
61691858
61659471
61660007
61661640
61661604
61661592
61660379
61661073
61661528
61661548
61659993
61692265
61692128
61692082
61660997
61661846
61661851
61661790
61660829
61661735
61660583
61660708
61660270
61692046
61661217
61660715
61662015
61662098
61662201
61662005
61659896
61661920
61660991
61661463
61662039
61660889
61692871
61660383
61661170
61662577
61660970
61662507
61662563
61662550
61662672
61662496
61662654
61662669
61661575
61692972
61662760
61662902
61662835
61661512
61662963
61662485
61693283
61692922
61660921
61661214
61661356
61662964
61663071
61663074
61663049
61663003
61661940
61662532
61663012
61661282
61662619
61693106
61661181
61663050
61662797
61662861
61661720
61661851
61662661
61661250
61693373
61693229
61661003
61663208
61661447
61663224
61662958
61663267
61661767
61662053
61662072
61662581
61663525
61694035
61662927
61663548
61663248
61663291
61662214
61663409
61693926
61693808
61662468
61663741
61662332
61661520
61663882
61663924
61662592
61694348
61661873
61662697
61663940
61663924
61663938
61663794
61663673
61662630
61663201
61662714
61663693
61694610
61694444
61662640
61664246
61664380
61664406
61664516
61664240
61664154
61663050
61663645
61664029
61694706
61662464
61663285
61664507
61664563
61663161
61663413
61664699
61662806
61662876
61695161
61694874
61663343
61664783
61664744
61664618
61663861
61664802
61664803
61664610
61663482
61663651
61664747
61664698
61664130
61664709
61663393
61695705
61664525
61665265
61665283
61665205
61665054
61664073
61663604
61664460
61695853
61663255
61664230
61665551
61665504
61665380
61665388
61663304
61665568
61664412
61664963
61665358
61696067
61667379
61664966
61663666
61665752
61665698
61665006
61665602
61664409
61664681
61665190
61664355
61665706
61666074
61665900
61665913
61664665
61664841
61665887
61704207
61673601
61704260
61673060
61672236
61673933
61673015
61671935
61673818
61673770
61672503
61672710
61672878
61672300
61704564
61704372
61672206
61672585
61674266
61673375
61704252
61674362
61674308
61674179
61673107
61673262
61674510
61672486
61674650
61674436
61674519
61674486
61674526
61673566
61673307
61672856
61673413
61673490
61705140
61705055
61672690
61673140
61674835
61674905
61674982
61674873
61674833
61674784
61673803
61674006
61673891
61674715
61675077
61673330
61705274
61673082
61673576
61675335
61675391
61675109
61674076
61675324
61674857
61705700
61705740
61673423
61674025
61674871
61673267
61675332
61675397
61675940
61674169
61674540
61675220
61705884
61705964
61673612
61675800
61674522
61674602
61674317
61675635
61675608
61675522
61674418
61706007
61674197
61674130
61675937
61676272
61674157
61706253
61673882
61674250
61676006
61676134
61675842
61674840
61675333
61675693
61674384
61706480
61674918
61675480
61676425
61676385
61676050
61676344
61706818
61676378
61675837
61676242
61706978
61706655
61675041
61676631
61675439
61674987
61676685
61707419
61676287
61675343
61677007
61677090
61677120
61676064
61677360
61675545
61707625
61676585
61677348
61677373
61676506
61675809
61707225
61677155
61676073
61676372
61676295
61677591
61675745
61707979
61707688
61675631
61677792
61676443
61676544
61677686
61676196
61708202
61675839
61676182
61677994
61677937
61677300
61677630
61676342
61676627
61677661
61677612
61676648
61678053
61676200
61708338
61708226
61708041
61679623
61677026
61677888
61676517
61708708
61676228
61677599
61676816
61678515
61678420
61678500
61678604
61678592
61677211
61677449
61677505
61678281
61709091
61709044
61708918
61677993
61678883
61678639
61677634
61677629
61678549
61709325
61709122
61676821
61678889
61678789
61678831
61677782
61709023
61677659
61709277
61709320
61678479
61677830
61678119
61679525
61678982
61709848
61709891
61679330
61679012
61709551
61677317
61678671
61678135
61709818
61678075
61679585
61679535
61679529
61678522
61679069
61679673
61710312
61709987
61677757
61677806
61679820
61678598
61678238
61679247
61678066
61680254
61680043
61679905
61678647
61679004
61678554
61679978
61678984
61680299
61680085
61679105
61680154
61710860
61678882
61678796
61710782
61678580
61679831
61680803
61680699
61680026
61679898
61680716
61679462
61680919
61679186
61711371
61680240
61680993
61679967
61679893
61680694
61711513
61711475
61679148
61679578
61681218
61681171
61681162
61681123
61679789
61680569
61679530
61711513
61711328
61711356
61680479
61681355
61681408
61681175
61681359
61679941
61680257
61681006
61681302
61681519
61681291
61680437
61681158
61712049
61679575
61679944
61681574
61681323
61680072
61681608
61679793
61712006
61711875
61679629
61680538
61712388
61681790
61680601
61681838
61680105
61712319
61681145
61681874
61682053
61681322
61681936
61682189
61712134
61680489
61682268
61682106
61680620
61680823
61681825
61682186
61682212
61680961
61682495
61682308
61681405
61681864
61681322
61713113
61713028
61680708
61682698
61681483
61681963
61682845
61683022
61681534
61682892
61713469
61713124
61712937
61682952
61681338
61683016
61683078
61713246
61683136
61683073
61681935
61682455
61681549
61713669
61713618
61681443
61683409
61683475
61683417
61683248
61681289
61683193
61681926
61683561
61683186
61714089
61714028
61681663
61682514
61683763
61683597
61683687
61682330
61683018
61683567
61682015
61714378
61714143
61713948
61682266
61683950
61681622
61683649
61683626
61682984
61714057
61683599
61683658
61683763
61682550
61682914
61682169
61714576
61682074
61683370
61684211
61684007
61683958
61682943
61683362
61683809
61714657
61714501
61683020
61684307
61684280
61684258
61683011
61683368
61684230
61682781
61682861
61715176
61682664
61683101
61683138
61684719
61684631
61684680
61684104
61684660
61684767
61683639
61684258
61684591
61715576
61715210
61684360
61685195
61685323
61684582
61685634
61684007
61685306
61715937
61684142
61684811
61715472
61683953
61685161
61684666
61685600
61684057
61684515
61715512
61683200
61685292
61683743
61684123
61685471
61684634
61716074
61685450
61685466
61684242
61684480
61684028
61716124
61715968
61685131
61686045
61686165
61685285
61685943
61684627
61685410
61685791
61716502
61685771
61716368
61685240
61686068
61684174
61685893
61685895
61684719
61684871
61685273
61685526
61684470
61684445
61684923
61716505
61685480
61685089
61685498
61684810
61716753
61684347
61686624
61686519
61686492
61686433
61685240
61685914
61686733
61684850
61686430
61686680
61686677
61686707
61685308
61686047
61685562
61686263
61686855
61685438
61685956
61685463
61717575
61685102
61687325
61687381
61687296
61687225
61686009
61686281
61687598
61685792
61717661
61685843
61687668
61687788
61687564
61687063
61687697
61687726
61687782
61686753
61687338
61688177
61688123
61686329
61718597
61718447
61686216
61686356
61686757
61687914
61687026
61687787
61688315
61686671
61718890
61718632
61686459
61688647
61688618
61688540
61688567
61687545
61687315
61688524
61687983
61687091
61687106
61719349
61688224
61687403
61689204
61689212
61689076
61689650
61688170
61687243
61688108
61687437
61719389
61687216
61689308
61689391
61689345
61688788
61689197
61688216
61688675
61688123
61719875
61719640
61687499
61687939
61688017
61688077
61689217
61688710
61687250
61688317
61719957
61689670
61689746
61689529
61688452
61689173
61689554
61720178
61687908
61689011
61688242
61720241
61688092
61690129
61689942
61689957
61688922
61689834
61688830
61688244
61720394
61720145
61689280
61690182
61690087
61690011
61688760
61689011
61689115
61688512
61690238
61689031
61690040
61690079
61688767
61688463
61688213
61690452
61690265
61690729
61689009
61689700
61690105
61688799
61721036
61721050
61688477
61688598
61690746
61690692
61690850
61690222
61690726
61690728
61689761
61689714
61689177
61689970
61689314
61721468
61689049
61691168
61691128
61691055
61689927
61690218
61691019
61721834
61721695
61721540
61690639
61691512
61691520
61691480
61691458
61690333
61690656
61691402
61691738
61691686
61721886
61689608
61691690
61691784
61691789
61691824
61691090
61691622
61690508
61690639
61690797
61691800
61691616
61690728
61692024
61690464
61722552
61691789
61690108
61692207
61692215
61692086
61690832
61722099
61692189
61691964
61722743
61691103
61722554
61692397
61690293
61691041
61692728
61692637
61722746
61692873
61692720
61692913
61692935
61692966
61692913
61691823
61693063
61691911
61691668
61691512
61691480
61723384
61693416
61692015
61693154
61691894
61692261
61693463
61693257
61692863
61693873
61693568
61692577
61693921
61724228
61691871
61692279
61693930
61693938
61694127
61693910
61692635
61693336
61693745
61724473
61724477
61692136
61692638
61694061
61693795
61692898
61692241
61724494
61692051
61694130
61694213
61694124
61694170
61694263
61694351
61693090
61694083
61694530
61693297
61724886
61694619
61692642
61694495
61692994
61694723
61694590
61693525
61694274
61694363
61724774
61693156
61694928
61694745
61695205
61693244
61694621
61693537
61694599
61725319
61692860
61692933
61693541
61725179
61694936
61694611
61725177
61693848
61695145
61695081
61695174
61693883
61694233
61694378
61693646
61725544
61693443
61695610
61694962
61695381
61694391
61693679
61694711
61695389
61694358
61725855
61695480
61694538
61726127
61694335
61694839
61695691
61695908
61694411
61695051
61695496
61726139
61725980
61694496
61695820
61696087
61695056
61697653
61697831
61728042
61698019
61697979
61697850
61697914
61696813
61698394
61696534
61728580
61696179
61697103
61696823
61698408
61697708
61698469
61698669
61697254
61697498
61698913
61729520
61729104
61697668
61697394
61729400
61698894
61698956
61699355
61697827
61697972
61697404
61729521
61729418
61697323
61699296
61699282
61699233
61698423
61699124
61699407
61698730
61698040
61699491
61697556
61729813
61729666
61697636
61699616
61699597
61698058
61699634
61699614
61699616
61698194
61698571
61699888
61697882
61697704
61699538
61699846
61698514
61698981
61700304
61698352
61730381
61698077
61700217
61700297
61700236
61700173
61698557
61699914
61699032
61700427
61700065
61730691
61699761
61700616
61700576
61700441
61700556
61699816
61700678
61699735
61699548
61731364
61731025
61699671
61700938
61700248
61700777
61699628
61699961
61700673
61731294
61731206
61699986
61701181
61699945
61700994
61731350
61699078
61699638
61701250
61700557
61700990
61699814
61700556
61699977
61731928
61731646
61700620
61701421
61701525
61709885
61709740
61709943
61708662
61708163
61740203
61708146
61708471
61709052
61708847
61710120
61710036
61710130
61708965
61709011
61709917
61740734
61740566
61709070
61710391
61710354
61710278
61710283
61709209
61709371
61709342
61710614
61710464
61741216
61740868
61710736
61710894
61710814
61710938
61710751
61709508
61709746
61709291
61741150
61709042
61709801
61711050
61710353
61710839
61709399
61710395
61708989
61711034
61711025
61709809
61709950
61710700
61741628
61741452
61741660
61710421
61709733
61709919
61711525
61711530
61710980
61711446
61710244
61710427
61711726
61709891
61742000
61741840
61741837
61710898
61711716
61711745
61711831
61711730
61710630
61710781
61710898
61711795
61711559
61742015
61712098
61712173
61711947
61710979
61712173
61710491
61742547
61742411
61710516
61712296
61710658
61712366
61712385
61711542
61712135
61710887
61711039
61711706
61712066
61742904
61742504
61711551
61712455
61712524
61742688
61710559
61711715
61712581
61712719
61742776
61710651
61712839
61712820
61743062
61710882
61713011
61712841
61712852
61712752
61711702
61711789
61713061
61711301
61743424
61743250
61712455
61713301
61713291
61713176
61713596
61711825
61712025
61712599
61713148
61712933
61713058
61713515
61713373
61713382
61713438
61712310
61711628
61712058
61713691
61713757
61713529
61712372
61712878
61712047
61744100
61743987
61711729
61713866
61713997
61713786
61714268
61713779
61713828
61712505
61712811
61714134
61713728
61713185
61713962
61712900
61744586
61713456
61712662
61714401
61714399
61714181
61714259
61713203
61714078
61744906
61744586
61713717
61714518
61714416
61714472
61713893
61714465
61714553
61714684
61713460
61714002
61714741
61713207
61745412
61745447
61712881
61715144
61715139
61714409
61714933
61713679
61714807
61714041
61714972
61745868
61713322
61713714
61715514
61715457
61714764
61715463
61714175
61745590
61714271
61715157
61745961
61714113
61715775
61715735
61715582
61715557
61745900
61714539
61713846
61713736
61714060
61715489
61714532
61715887
61713966
61746127
61746082
61715920
61715829
61715864
61715448
61714465
61716107
61715895
61714852
61715362
61715890
61715877
61746543
61714215
61716610
61716129
61716240
61715109
61715384
61716037
61746792
61746704
61714792
61716610
61716467
61716938
61715181
61715453
61714577
61716489
61746937
61715215
61716902
61747097
61715359
61715500
61717224
61747648
61715563
61747510
61715550
61717258
61717107
61715979
61716230
61747795
61715358
61717348
61717239
61717190
61716134
61717529
61717089
61715855
61747726
61717614
61716230
61716382
61717326
61748006
61748070
61748003
61716528
61717985
61717876
61717749
61716744
61718136
61748376
61748376
61748270
61716574
61718119
61716522
61716912
61717796
61717993
61717892
61716695
61717482
61718034
61716530
61748674
61716431
61718459
61718398
61718209
61717009
61717563
61717995
61748895
61716313
61716633
61716887
61718419
61718474
61718421
61716274
61718404
61718628
61718479
61717327
61718727
61718263
61718370
61749338
61718754
61749197
61719063
61719047
61718997
61717158
61717961
61749401
61719552
61749729
61717348
61718024
61717355
61719828
61718771
61719613
61717904
61750015
61749957
61717767
61719856
61719912
61719329
61718649
61718884
61719197
61720024
61718592
61750679
61719506
61720392
61720365
61720369
61719229
61719823
61719440
61718872
61722288
61719379
61751182
61718760
61718819
61751097
61719158
61720835
61720550
61720050
61719080
61751129
61719044
61720966
61720987
61720869
61720830
61719825
61721169
61719392
61751457
61719127
61719183
61720428
61721406
61721219
61720595
61721226
61720036
61720300
61721440
61721174
61720051
61721012
61751705
61719524
61751620
61721466
61721491
61720169
61721660
61751905
61719435
61721647
61721593
61720822
61721532
61720291
61720955
61721811
61720054
61752301
61719775
61720293
61720199
61721856
61722008
61721884
61720565
61721567
61752396
61752154
61722017
61722028
61722076
61722108
61720745
61721017
61722451
61722322
61722405
61722148
61721136
61721793
61722324
61752829
61720411
61720552
61721353
61721066
61722613
61722679
61722745
61722675
61722599
61721474
61721687
61722918
61722597
61722768
61753199
61722764
61721846
61722981
61721183
61753375
61721099
61721563
61723258
61723146
61723100
61723133
61721871
61721996
61722537
61723031
61721664
61753885
61753586
61722237
61723630
61723566
61723536
61723671
61723519
61723510
61723453
61722380
61722514
61723236
61753685
61721952
61723670
61723688
61723545
61753921
61723504
61722298
61723259
61721850
61753808
61721664
61723729
61723870
61722943
61723784
61722485
61723149
61722826
61722221
61754279
61722192
61722599
61754140
61724212
61724076
61722172
61723979
61722746
61723461
61724000
61754827
61724202
61722669
61754888
61722928
61724759
61724750
61723103
61724530
61724869
61755004
61723956
61724862
61724651
61725098
61723567
61755146
61722842
61723234
61724881
61724890
61724874
61725475
61724022
61723149
61725415
61725331
61724519
61725075
61724056
61724099
61723606
61755651
61723889
61724860
61724572
61725397
61724779
61725386
61724292
61724839
61725650
61756111
61756101
61723720
61725761
61725622
61725597
61724325
61724717
61725941
61724259
61756328
61724069
61725998
61725862
61725912
61724661
61724933
61724862
61724687
61756640
61724326
61726501
61726386
61726500
61725164
61726449
61725315
61724555
61756742
61724304
61726455
61726565
61725597
61725250
61725522
61726654
61726163
61757022
61756711
61725059
61726695
61725632
61757246
61757000
61726905
61726951
61726777
61725740
61726260
61727099
61757588
61757369
61726345
61727208
61727171
61727670
61727120
61725855
61726470
61725551
61726805
61725287
61725679
61725557
61727450
61727362
61727398
61726065
61726364
61726393
61725788
61757907
61725611
61727536
61727494
61726642
61726397
61727426
61726128
61726314
61727814
61727830
61726671
61728022
61758496
61758079
61726106
61726288
61728028
61727995
61728047
61726543
61727519
61726624
61726226
61758305
61726053
61726381
61726481
61728298
61728102
61727931
61726115
61726614
61728298
61728347
61758476
61728351
61728168
61727201
61727680
61726750
61758827
61726537
61758820
61728638
61728944
61727272
61758906
61728652
61758935
61726989
61727152
61727262
61729035
61728914
61728823
61728886
61727758
61727903
61727236
61759356
61726926
61727319
61729225
61727161
61728622
61727954
61728925
61759330
61728906
61728916
61759667
61759561
61727379
61729553
61729414
61729851
61729435
61728200
61728561
61729163
61760059
61760033
61728113
61729773
61729762
61729682
61728478
61729559
61729879
61729684
61729656
61729718
61728727
61728183
61760201
61728522
61728040
61729844
61728546
61729521
61760525
61730277
61730258
61729992
61728744
61729085
61728979
61760552
61760431
61729578
61730379
61729857
61730277
61729077
61729881
61728873
61760883
61728622
61730802
61729805
61730465
61729505
61730879
61760975
61730165
61730901
61730947
61730904
61729787
61731179
61729401
61761450
61730411
61729628
61731196
61731105
61731011
61729996
61731296
61731024
61729667
61729682
61729786
61761701
61729847
61761660
61730153
61761750
61731670
61730378
61729738
61761805
61730264
61731537
61731596
61731547
61730525
61730693
61731480
61762306
61729860
61729841
61731810
61731866
61732001
61731849
61730841
61732185
61730260
61762492
61730060
61731038
61731943
61732333
61730704
61731009
61762551
61730072
61732164
61732298
61732283
61732158
61731150
61731995
61730488
61762731
61730400
61731199
61730311
61732349
61731229
61731493
61732647
61762785
61731148
61732829
61732596
61731617
61730839
61732901
61733012
61733052
61731273
61731092
61733178
61733186
61731833
61732484
61733282
61733647
61733183
61732079
61733423
61731601
61763721
61731503
61731745
61733450
61733386
61733361
61732305
61732879
61733684
61733343
61764172
61731751
61733840
61733674
61732309
61733729
61732697
61733473
61764212
61734112
61733874
61732809
61764399
61734066
61734039
61732796
61732996
61733793
61732521
61732591
61733647
61734451
61733524
61734277
61733269
61734637
61732716
61764874
61764799
61732664
61734825
61734468
61734005
61733764
61734484
61765455
61732820
61734885
61734965
61734224
61734818
61734708
61732919
61734987
61734374
61734882
61733778
61733333
61765287
61734311
61735109
61735093
61734659
61735007
61733965
61733960
61734979
61765776
61733192
61735393
61735398
61735286
61735227
61734034
61735429
61765993
61733635
61734372
61735532
61735529
61735531
61734745
61766238
61734392
61735675
61735522
61734405
61734949
61733907
61766128
61765856
61734459
61733838
61735714
61735967
61734029
61766098
61735958
61735918
61736026
61734871
61734477
61734390
61766430
61736312
61736344
61736383
61735173
61735250
61736044
61734464
61736452
61735935
61736292
61767174
61767047
61734786
61736869
61736733
61736703
61736708
61736850
61735818
61737015
61735289
61734859
61735422
61737103
61737145
61736554
61737134
61735972
61736575
61737516
61735739
61767674
61735330
61767328
61737480
61737255
61737276
61735975
61736233
61737642
61735939
61767862
61735687
61737674
61737682
61737820
61737634
61736421
61736723
61737520
61768345
61735839
61736752
61738012
61737602
61737899
61736860
61737174
61737774
61768544
61768328
61736526
61738142
61736426
61738354
61738244
61737968
61768501
61737981
61738462
61738292
61738264
61737095
61737690
61738382
61736738
61768875
61738735
61737318
61738187
61769020
61768774
61769209
61738733
61738956
61738698
61737571
61738990
61738632
61769582
61737005
61737065
61739086
61737458
61739163
61739126
61739144
61739158
61738006
61739459
61737668
61769811
61769613
61737547
61747862
61749320
61749215
61749165
61749130
61748012
61748359
61749019
61747717
61747797
61779622
61748813
61749590
61747327
61749519
61749523
61749432
61748438
61749372
61779911
61748141
61748522
61748005
61779857
61748135
61747625
61749676
61749813
61750274
61748623
61780100
61748706
61748418
61780335
61750168
61750159
61748905
61750403
61748574
61780894
61780524
61749170
61750440
61750523
61750486
61748379
61750298
61749051
61749296
61749891
61748808
61781080
61781024
61749859
61749086
61749169
61750823
61750301
61749320
61749763
61750952
61750859
61749547
61749589
61781709
61781522
61750542
61751353
61751303
61750404
61751477
61751247
61781713
61749807
61751515
61751451
61751453
61750250
61750645
61751514
61751707
61750570
61781748
61751127
61751654
61782120
61750054
61751996
61752076
61751984
61751873
61750712
61782240
61751943
61751419
61751878
61782683
61750160
61750678
61752455
61752343
61752219
61751187
61752531
61752040
61782846
61752171
61750587
61782761
61751606
61752571
61752510
61752386
61751302
61751355
61751899
61750891
61783062
61751734
61752466
61751061
61752718
61752250
61752683
61751576
61752892
61751084
61783399
61783159
61752080
61751181
61752985
61752825
61752762
61751549
61751728
61753096
61752643
61783211
61752919
61751689
61752712
61783264
61752597
61783318
61750798
61752839
61753176
61751709
61752766
61752743
61751380
61751477
61783553
61751249
61753386
61753418
61753333
61753267
61753238
61752089
61751379
61753188
61752474
61751789
61783701
61752285
61753582
61753515
61752819
61752325
61783971
61752891
61753740
61753772
61753784
61753659
61752542
61752694
61752071
61784138
61752527
61753878
61753930
61753854
61752617
61753764
61752167
61784169
61751943
61754158
61754269
61754322
61754148
61754141
61784615
61754280
61753600
61752441
61754416
61754352
61754326
61753398
61754304
61785152
61784864
61753971
61754737
61754704
61754633
61754536
61753507
61754682
61785255
61785036
61752751
61753191
61754995
61754729
61752486
61754780
61754024
61754764
61754663
61752989
61753853
61753425
61785624
61785430
61753789
61755223
61755149
61755511
61754016
61754662
61754265
61753711
61785728
61753808
61754919
61785404
61755486
61755583
61755371
61755189
61754605
61755447
61754262
61755681
61755300
61786129
61753761
61754431
61755704
61755793
61755847
61755657
61754652
61755568
61786078
61755866
61755841
61754641
61754742
61755327
61754333
61786439
61754184
61756321
61756056
61754949
61755917
61754280
61754391
61754165
61756404
61756238
61756709
61755157
61755728
61756109
61754834
61786765
61756035
61756809
61754803
61756563
61756455
61756244
61756051
61755536
61756141
61757038
61755230
61787655
61755071
61757232
61787400
61755582
61757260
61755445
61755189
61757367
61757456
61757359
61756142
61756174
61757022
61787870
61787825
61756756
61757554
61756114
61757289
61755651
61757668
61757566
61757279
61787795
61756855
61757851
61757787
61757597
61788180
61758150
61758128
61757968
61758003
61758482
61756730
61757071
61757895
61788594
61788487
61757554
61758424
61758336
61758671
61757090
61757383
61757151
61789005
61758396
61758303
61788977
61756789
61757184
61758859
61758942
61758864
61758826
61757746
61758242
61758018
61758957
61757782
61758798
61757390
61789673
61759166
61758321
61757716
61759262
61757903
61789993
61758153
61758317
61790188
61759898
61759034
61759617
61758684
61759105
61759530
61790359
61757801
61759737
61790262
61758826
61759719
61790399
61758007
61761725
61761958
61761154
61760706
61761274
61760764
61792722
61762665
61762679
61762640
61761608
61762080
61762615
61761268
61793580
61793444
61761396
61762126
61793743
61793432
61762513
61763389
61763363
61763769
61763274
61762208
61763617
61761997
61762073
61762143
61794160
61761781
61761896
61763958
61763532
61764043
61764044
61763973
61762791
61762892
61762948
61763031
61763879
61762495
61794861
61794406
61762279
61764470
61762418
61764391
61762370
61764674
61764559
61763593
61795271
61794860
61762835
61764904
61764703
61764745
61764749
61763431
61763832
61764746
61795511
61795466
61763031
61763490
61764438
61765403
61765384
61765231
61764165
61764287
61765131
61796003
61795816
61795805
61763579
61763974
61765748
61765663
61765577
61764569
61765447
61764525
61763771
61765908
61765844
61765794
61765826
61765818
61765898
61765817
61766016
61764703
61765053
61766373
61766017
61764492
61796724
61765521
61766329
61766553
61765846
61765204
61765387
61765921
61766366
61765935
61766728
61797048
61766821
61765629
61797224
61796970
61764645
61766915
61767016
61766435
61767401
61765747
61767139
61766755
61766823
61797185
61767069
61765453
61767192
61767206
61767088
61767077
61765915
61766606
61766929
61765627
61765539
61767474
61765747
61797505
61767528
61765907
61767410
61767401
61767226
61766081
61766326
61767745
61767281
61798057
61797907
61767455
61765699
61767873
61767799
61767752
61766677
61767921
61766174
61798243
61767091
61768154
61767837
61767726
61767827
61766655
61767722
61798570
61766047
61766789
61768304
61767621
61766761
61767180
61767843
61798718
61767349
61798592
61769955
61766525
61767622
61768388
61766352
61767451
61768406
61768275
61798379
61766937
61767612
61768467
61799058
61768531
61767226
61768827
61767032
61799241
61766822
61768863
61768799
61768678
61767478
61767993
61768598
61767289
61799365
61767449
61769065
61769193
61769033
61769027
61767907
61768390
61769417
61767441
61799660
61767985
61769210
61769209
61768078
61768687
61769081
61799544
61768783
61769667
61769600
61767875
61769592
61768575
61800177
61768373
61768285
61769678
61769910
61800336
61769216
61770106
61770048
61769836
61768786
61768932
61768271
61769940
61768383
61768870
61768415
61768573
61768916
61770066
61768805
61769162
61768543
61800478
61800586
61768447
61768946
61770675
61770734
61770680
61769385
61801102
61769625
61771105
61801367
61801303
61769820
61771032
61770948
61770991
61771057
61770001
61770033
61769479
61801575
61801503
61769423
61769689
61771480
61771344
61771335
61770239
61771466
61770738
61769768
61801773
61769608
61771834
61770223
61771939
61771728
61770683
61771558
61771572
61771588
61802084
61770160
61771947
61771746
61770632
61770826
61771971
61802693
61772474
61772141
61772047
61771093
61771430
61771078
61771950
61802647
61771529
61772255
61772218
61772196
61771239
61772436
61802949
61770447
61772516
61772093
61772642
61772993
61772254
61771367
61772510
61771431
61772474
61803250
61802825
61770588
61772629
61772695
61772727
61772635
61802620
61772638
61772647
61771461
61772086
61772453
61803228
61803010
61771565
61773135
61772860
61773273
61771799
61771988
61773333
61771556
61803473
61772562
61773390
61773200
61773109
61803252
61773181
61771914
61773360
61773199
61772077
61803666
61773528
61773417
61772388
61773777
61771945
61773457
61804029
61772501
61773848
61773726
61773250
61773532
61804263
61804177
61774042
61772374
61772668
61804224
61774113
61772750
61773116
61772565
61804487
61772311
61774571
61774504
61774529
61804661
61773776
61772832
61772497
61773197
61774806
61805042
61774676
61773649
61774730
61773301
61773715
61805390
61773671
61775256
61773373
61775160
61774443
61773524
61773713
61773820
61805762
61775698
61775763
61805698
61775564
61774461
61806147
61775964
61775785
61775767
61774138
61774488
61775872
61776254
61806678
61775458
61806565
61774012
61776340
61776265
61776624
61775048
61776440
61806608
61775599
61776363
61806885
61776544
61776990
61775274
61775828
61774820
61806908
61774531
61776819
61776731
61776544
61776637
61775360
61776048
61775091
61807080
61775994
61776795
61776235
61776696
61775650
61776119
61776578
61807369
61774879
61776768
61807365
61807208
61775398
61777100
61777204
61776497
61775255
61777275
61776101
61775613
61807859
61776533
61775895
61808038
61776715
61777663
61777503
61776574
61775629
61777620
61776865
61777464
61808048
61775816
61775545
61777791
61777739
61776652
61776818
61776376
61808672
61776139
61777141
61778144
61777996
61777200
61778011
61778111
61808520
61776584
61778281
61778177
61778453
61778319
61778230
61777225
61778579
61776699
61809103
61776407
61778493
61778568
61777947
61778513
61778497
61777489
61778812
61809217
61776697
61777158
61778962
61778744
61778749
61777717
61779061
61777280
61777362
61809240
61776784
61777248
61778854
61778762
61778928
61778988
61778954
61779004
61777903
61777891
61809794
61779480
61779567
61779370
61778276
61779548
61779252
61810079
61781208
61778416
61810072
61778432
61779780
61779169
61778384
61778744
61778190
61810216
61778227
61780092
61779884
61778423
61779912
61779839
61779026
61779781
61810661
61778858
61810605
61778736
61778996
61810681
61780553
61780414
61779315
61810747
61780573
61779709
61778736
61780839
61780788
61780702
61779697
61780665
61811299
61778918
61781031
61779769
61781030
61779808
61780366
61779259
61811355
61780302
61781103
61781039
61780966
61779985
61779969
61781167
61781128
61780048
61780179
61781149
61781371
61811683
61780619
61781669
61781595
61781498
61780483
61781800
61779975
61811845
61812026
61781739
61781519
61812357
61783617
61812079
61781903
61781132
61781971
61781737
61781169
61781762
61812421
61781255
61782182
61782334
61782329
61781078
61781400
61780628
61812927
61812703
61781152
61782741
61782728
61781034
61782558
61782519
61781626
61782449
61813238
61780911
61782799
61782992
61781010
61782906
61781728
61781718
61813496
61781697
61813236
61783189
61782544
61782118
61813827
61782671
61783328
61783285
61783423
61781937
61783431
61781671
61783211
61814012
61782276
61783617
61783543
61783547
61813826
61782138
61783201
61814155
61782316
61813893
61783536
61782728
61814181
61813900
61782098
61783855
61783737
61782743
61782915
61782279
61814446
61814318
61782450
61784220
61782812
61784430
61784030
61784020
61814385
61782620
61784331
61783673
61784307
61783187
61784537
61782624
61814747
61783715
61784591
61784548
61784446
61783128
61783754
61782797
61814965
61783834
61784601
61814616
61783103
61784181
61784576
61784510
61783519
61784956
61784664
61784623
61815135
61785019
61785106
61784420
61784976
61783773
61783949
61785231
61783423
61783153
61785379
61785294
61785402
61784114
61784655
61785169
61783795
61815871
61783489
61785575
61785702
61785409
61784255
61784912
61785317
61783974
61815885
61784042
61785726
61785764
61786130
61784596
61785804
61785155
61784171
61816489
61786246
61786166
61786035
61784979
61785396
61784730
61816849
61785045
61786232
61785803
61786556
61786387
61816682
61786586
61786757
61784552
61785947
61816949
61784665
61784813
61786790
61786230
61785458
61785703
61786533
61785123
61817016
61785376
61787156
61787126
61787169
61817136
61786927
61786461
61786951
61817538
61785259
61785648
61787380
61787193
61787427
61787489
61786916
61787414
61786112
61786500
61785956
61798158
61828952
61796469
61798664
61798518
61797331
61798645
61798136
61798586
61797581
61797726
61797107
61829107
61797979
61798964
61798852
61797075
61798750
61797862
61797181
61796873
61796847
61798106
61798379
61797665
61797841
61829628
61797146
61799184
61799159
61799551
61797522
61797140
61799314
61799301
61799303
61798233
61799570
61797909
61829999
61798375
61799597
61799755
61800084
61798452
61798999
61797488
61799830
61830017
61798991
61799826
61799786
61799710
61798681
61799252
61799660
61830436
61798068
61799340
61800189
61830358
61800295
61799578
61830666
61799126
61798504
61830579
61799156
61830842
61800704
61831049
61798962
61800530
61831175
61800920
61801054
61800802
61799716
61800418
61801260
61799476
61831545
61799143
61801280
61801376
61801501
61799957
61801272
61800169
61799526
61801364
61801567
61800258
61800860
61799999
61799780
61801869
61800657
61801767
61801398
61832057
61800727
61802136
61801831
61800888
61801866
61832389
61800498
61802145
61802048
61801142
61802397
61800760
61832605
61801584
61800777
61802517
61801276
61801273
61802672
61802612
61801583
61802992
61833430
61833338
61801258
61802963
61803077
61801597
61801818
61803114
61802785
61803056
61801278
61833024
61802731
61833293
61801294
61803095
61801183
61803221
61802549
61801958
61803507
61833742
61801319
61801752
61803335
61802678
61801759
61833684
61803639
61803503
61803403
61802309
61833593
61802209
61803308
61801903
61833999
61801870
61803833
61803889
61802213
61802485
61803594
61804074
61834726
61834242
61802069
61804134
61804098
61802762
61802941
61802912
61834464
61802623
61804352
61804009
61803234
61802546
61802572
61834856
61803269
61804724
61804663
61804720
61804102
61804034
61804517
61835199
61802952
61803664
61805050
61804330
61804910
61803902
61805266
61835738
61803333
61806869
61807146
61806120
61807451
61806241
61806153
61807536
61807303
61806700
61805896
61837947
61837864
61806159
61807817
61807838
61807207
61807855
61806806
61806910
61807687
61838577
61806067
61808248
61808243
61807991
61807956
61806934
61808193
61806510
61838476
61807068
61807416
61808384
61807171
61807982
61838948
61807007
61838856
61807780
61808411
61807355
61808316
61839103
61838849
61807504
61808865
61808716
61809117
61807613
61807655
61808971
61808668
61839502
61839125
61807701
61809097
61808592
61808430
61807791
61808957
61807392
61839467
61807723
61809472
61808132
61807767
61809468
61808037
61808797
61809280
61840180
61840249
61808587
61810096
61807778
61809834
61809635
61840214
61808084
61810275
61810403
61810203
61810154
61809012
61809383
61810169
61841027
61840626
61809685
61810496
61808519
61810289
61809278
61810263
61840899
61809627
61808967
61810648
61810461
61810487
61810529
61810459
61840955
61810504
61809528
61808936
61841158
61809989
61840961
61810921
61810724
61810774
61809766
61810611
61809278
61841566
61841382
61841235
61809886
61811129
61841487
61811292
61811255
61811179
61811438
61810603
61811386
61811310
61810110
61809844
61811187
61841644
61811606
61810349
61810796
61810407
61811535
61810556
61842018
61810270
61811957
61811801
61810681
61811974
61842342
61811228
61812098
61810898
61810411
61812143
61812151
61812070
61810878
61811542
61811977
61810617
61810630
61812315
61812417
61843100
61810681
61812435
61843200
61812906
61812860
61811921
61813166
61843601
61811132
61813245
61813316
61813204
61813055
61811924
61813487
61811474
61812534
61813287
61812088
61812435
61811826
61812354
61844266
61812258
61813662
61812661
61812093
61812262
61813709
61812152
61811886
61812522
61812059
61814200
61814115
61814080
61812949
61813979
61844698
61813578
61814495
61814407
61814358
61814253
61813132
61844943
61844567
61814487
61814460
61814480
61813288
61813497
61812906
61845074
61812720
61813055
61812934
61812946
61814770
61814656
61813794
61815166
61812586
61813628
61815116
61845419
61813052
61815319
61815217
61815089
61814636
61813575
61845582
61814639
61813585
61813758
61815391
61815327
61813574
61815340
61815198
61814279
61814517
61814674
61845859
61814690
61815566
61815912
61846010
61814271
61815616
61815631
61814493
61814690
61815462
61815047
61814063
61846058
61814390
61816020
61816004
61814363
61846242
61814469
61816112
61815270
61814850
61815635
61816450
61814580
61814721
61846878
61846656
61816562
61816474
61846703
61816706
61815419
61815485
61814917
61814841
61846933
61815446
61816866
61816851
61816747
61816541
61847222
61816264
61817157
61816441
61815669
61815917
61817316
61847780
61847641
61816572
61817489
61815694
61817392
61817287
61815229
61817193
61817706
61847781
61816868
61817696
61816896
61815776
61847918
61815539
61816283
61817796
61817760
61817060
61817612
61848106
61817795
61816931
61816140
61848314
61816039
61818176
61818105
61818195
61816832
61817360
61817853
61848817
61848540
61816813
61818515
61818557
61817789
61818448
61817173
61817067
61817432
61848797
61818535
61817302
61818749
61818648
61818293
61818042
61818966
61819194
61817553
61818580
61817668
61849088
61816907
61817190
61818806
61818766
61818738
61817655
61819024
61817716
61818034
61818357
61819141
61819033
61817916
61818788
61849720
61818101
61819011
61849755
61817323
61819429
61819578
61817541
61818066
61818965
61849854
61818206
61850028
61819801
61819533
61818504
61819845
61850231
61817953
61817968
61817763
61818155
61819945
61819773
61818792
61818899
61819696
61850477
61850232
61819304
61820235
61818992
61819932
61850565
61820206
61819144
61850458
61820239
61819682
61820732
61819559
61820844
61820571
61819547
61820792
61819131
61850856
61820847
61820817
61820609
61819343
61820678
61819287
61820050
61818919
61850999
61819610
61851178
61819623
61820947
61819354
61820933
61820834
61819165
61821305
61819127
61821288
61821074
61821281
61820249
61821080
61851803
61819395
61821514
61821471
61821264
61821331
61821500
61820386
61821548
61820400
61820572
61820172
61852133
61820576
61821890
61821672
61821715
61820597
61820897
61821684
61852256
61852192
61820542
61820280
61822080
61820782
61821623
61821881
61821195
61852604
61852471
61820487
61822362
61822202
61822266
61821108
61852563
61820988
61822224
61820720
61852722
61822397
61853000
61821485
61822830
61822729
61821630
61822863
61821794
61853262
61822475
61821852
61822607
61853498
61822494
61823230
61823203
61823554
61822026
61821041
61822121
61823007
61853656
61821765
61823610
61823643
61824007
61822602
61823385
61853780
61823723
61823772
61823783
61822252
61822585
61823466
61822205
61822309
61853920
61822088
61824045
61823783
61823809
61822801
61824148
61854278
61824108
61854284
61824183
61824157
61822793
61823311
61822637
61854756
61822365
61824465
61824267
61824228
61822895
61823358
61854428
61823029
61824182
61854950
61854830
61823329
61824465
61824750
61823188
61824639
61824582
61823600
61824502
61854973
61824439
61822693
61823098
61823470
61855122
61823481
61825114
61825020
61823964
61825376
61855561
61823236
61825506
61825313
61825346
61824613
61825513
61824785
61855841
61823497
61823879
61825707
61824878
61825567
61824333
61825390
61856153
61855887
61824445
61825851
61825793
61825662
61824799
61825552
61824584
61823914
61856160
61824509
61825915
61826094
61824692
61826032
61824128
61856179
61824799
61824812
61824939
61826319
61826306
61824917
61825217
61826555
61826328
61825611
61824277
61826677
61826984
61826666
61826755
61825689
61826558
61857220
61827178
61857192
61826223
61827202
61857419
61826297
61827262
61827143
61827084
61827490
61857611
61825291
61825677
61827350
61827139
61826105
61826389
61857929
61825479
61826736
61827168
61857927
61825624
61827850
61827666
61827909
61826649
61827911
61826076
61826421
61857832
61827835
61827473
61826415
61827910
61825483
61826183
61857938
61825971
61827854
61827236
61827843
61826649
61826054
61825869
61826250
61827983
61827779
61827955
61828144
61858362
61827976
61826915
61826353
61858136
61827990
61827944
61828010
61826660
61828083
61826377
61827685
61826037
61826866
61858725
61828212
61828304
61827136
61827062
61826946
61858943
61826482
61827354
61828736
61828624
61828524
61828048
61827380
61858954
61859045
61827577
61828820
61826746
61828724
61828516
61827279
61827892
61826867
61859008
61826742
61828852
61828973
61828840
61828692
61827636
61828922
61827162
61859225
61827757
61829040
61828546
61828825
61827544
61828683
61827305
61859201
61828324
61829183
61829389
61828497
61859721
61827640
61859683
61828083
61829431
61829412
61828137
61829299
61828165
61829123
61828190
61860149
61829141
61830212
61827869
61830054
61830089
61829934
61828940
61830209
61860496
61828137
61830202
61830279
61830290
61830247
61830259
61829176
61830499
61830519
61829170
61830680
61830549
61829431
61829641
61829001
61860859
61830124
61831000
61830888
61830740
61829605
61830863
61829843
61828854
61830882
61829886
61830389
61829714
61831045
61830670
61861570
61829176
61831031
61861694
61830496
61831352
61831335
61830222
61861734
61830401
61831575
61831441
61830488
61831832
61829976
61830698
61831610
61862123
61830740
61831958
61831949
61831362
61831898
61830770
61831741
61830654
61831526
61862124
61831873
61830292
61830558
61832102
61831448
61832069
61831112
61832395
61832149
61831579
61830817
61862841
61830793
61831840
61862841
61831335
61832560
61832467
61831565
61832475
61831019
61863046
61863025
61830887
61832989
61833022
61833009
61832949
61831785
61831975
61831465
61863678
61834749
61831252
61863522
61831146
61831675
61831735
61833760
61831563
61832024
61833468
61833602
61831938
61832814
61833581
61863983
61835085
61831220
61833346
61832731
61832025
61833428
61833556
61833288
61832106
61833220
61863885
61832802
61833606
61833453
61833400
61832245
61832977
61833385
61864165
61864048
61831860
61834072
61833967
61833175
61832492
61832740
61833785
61832310
61833352
61834085
61832063
61834519
61833110
61832519
61864508
61832631
61834446
61834337
61833698
61864895
61833519
61832783
61834424
61833362
61834040
61834771
61834120
61833319
61865147
61835215
61835189
61833942
61833117
61835159
61835669
61834063
61835321
61834672
61833689
61865449
61833910
61835244
61834320
61835322
61835214
61834111
61834298
61833717
61866015
61835275
61865932
61835652
61834529
61835727
61835905
61834381
61836368
61836267
61866488
61834710
61836370
61836231
61835093
61836386
61834766
61866603
61835187
61835845
61835428
61834922
61835921
61834486
61866718
61866514
61836040
61835525
61836462
61836320
61836361
61836623
61838639
61838569
61839094
61838844
61869787
61839330
61838129
61837113
61839049
61869839
61839674
61838698
61870211
61839508
61869881
61839822
61839758
61838682
61839580
61870132
61839891
61839851
61838679
61838365
61870091
61840002
61837775
61839875
61838682
61840142
61870310
61838747
61840020
61839837
61838802
61839722
61870560
61839333
61840188
61839939
61839003
61838285
61870378
61838034
61840188
61840573
61839149
61838389
61870459
61839134
61840390
61840146
61839141
61840451
61839099
61840348
61840306
61839188
61840162
61870900
61840442
61839132
61840298
61840242
61839752
61838546
61870466
61840430
61838933
61838602
61840574
61840926
61839411
61839086
61871086
61840317
61840032
61840965
61840759
61840008
61839221
61839002
61841068
61841216
61839948
61841134
61871815
61840137
61841383
61841710
61840223
61841762
61839869
61840163
61840397
61841622
61841417
61841781
61841085
61872354
61839985
61842013
61842123
61872317
61842102
61842017
61841783
61841307
61840286
61840202
61872406
61842356
61841981
61841206
61840429
61872322
61840229
61842410
61842373
61842769
61841681
61872994
61841760
61842681
61841685
61841221
61840704
61872705
61842671
61841905
61840863
61872915
61841458
61842836
61841528
61843016
61841272
61873197
61843044
61842908
61873161
61843124
61843044
61842371
61873693
61841922
61843294
61843543
61842025
61843055
61843412
61843553
61873917
61842756
61843647
61844075
61842517
61841905
61874253
61841746
61844033
61874102
61843691
61842724
61841975
61874238
61843804
61843658
61843711
61843739
61874165
61844095
61843994
61842726
61843848
61874205
61844169
61844046
61844229
61842869
61843877
61874559
61844263
61843114
61843891
61842788
61843722
61874354
61854875
61854352
61855370
61856226
61854321
61854950
61854461
61854283
61856348
61856747
61855195
61856385
61886808
61856618
61856531
61855687
61854941
61886937
61855251
61856692
61856664
61856548
61887028
61856948
61856778
61887231
61856839
61855170
61855954
61857102
61856957
61856082
61887585
61887430
61857183
61856999
61855871
61887265
61857481
61887869
61857625
61857629
61856318
61855850
61855570
61857714
61857691
61856588
61887850
61857216
61857652
61857517
61857024
61855993
61888119
61855836
61858160
61857450
61856658
61856364
61856166
61858122
61858107
61858187
61857345
61856702
61856456
61858521
61858542
61857363
61858485
61888977
61857804
61858783
61858833
61888667
61857336
61889129
61857779
61858758
61859157
61857643
61859021
61858141
61889566
61858360
61859287
61858967
61857911
61858830
61858851
61857267
61857198
61859376
61857279
61859478
61858269
61859582
61889958
61889707
61857968
61859670
61859507
61858564
61858572
61890336
61890114
61859034
61859883
61859791
61858832
61858258
61860123
61859811
61858940
61890217
61860187
61860157
61858719
61890234
61860123
61860110
61858805
61858831
61860150
61858447
61858259
61860512
61860418
61859235
61860073
61890745
61859026
61890675
61860349
61860220
61860587
61860429
61860080
61859133
61891034
61859374
61859839
61860647
61859534
61859164
61890968
61860943
61891132
61860921
61859822
61891328
61861082
61859781
61859223
61891442
61861212
61861289
61860986
61860002
61859421
61859189
61861336
61861235
61891402
61861180
61860152
61861243
61892025
61860352
61891680
61861650
61861919
61860425
61861497
61861329
61861649
61861588
61861678
61860701
61861549
61892221
61861931
61861785
61860263
61859921
61862109
61861810
61892000
61862018
61860109
61860952
61862311
61862019
61861605
61860682
61892786
61862593
61862604
61862557
61861454
61893330
61892779
61862743
61862621
61861518
61863017
61861302
61860792
61862932
61862622
61863113
61862042
61861392
61862931
61893338
61861842
61862939
61862804
61861922
61861443
61861173
61863303
61863736
61862079
61863170
61893714
61862582
61863458
61862311
61862024
61862477
61861242
61862357
61893792
61863583
61863611
61863562
61862681
61862078
61893852
61863915
61863755
61862090
61861895
61863813
61863506
61861919
61863742
61863525
61894089
61863875
61863938
61862773
61864141
61894535
61862899
61863663
61864101
61862962
61863780
61894356
61864248
61864160
61863091
61864429
61894712
61863137
61864580
61864442
61863379
61862657
61894646
61864504
61864392
61863242
61864372
61864249
61894533
61894789
61864629
61864612
61863970
61863062
61894928
61864902
61864776
61863622
61864521
61895198
61862833
61865080
61865043
61865055
61864463
61865197
61864894
61863126
61865167
61865220
61863938
61865504
61865199
61865605
61864510
61895819
61895480
61865598
61865589
61863746
61863517
61865517
61865388
61864158
61864427
61863900
61896030
61865839
61865799
61865559
61865492
61864829
61895836
61863663
61865899
61866024
61865857
61865222
61896432
61865169
61866125
61866395
61864856
61864377
61896256
61866097
61865985
61864769
61866237
61896688
61864193
61866317
61866360
61864915
61866550
61865209
61864720
61865855
61866560
61866986
61865922
61864971
61897032
61865104
61866658
61866562
61865831
61866566
61866644
61897419
61866947
61865779
61866271
61865558
61866961
61865793
61866798
61897234
61867127
61867268
61865772
61866432
61865550
61865491
61866754
61867139
61867051
61867125
61866533
61865511
61897665
61865876
61867533
61867500
61865822
61867302
61866734
61865801
61865596
61867661
61867570
61866967
61865841
61897836
61867725
61867675
61867701
61867049
61867961
61866886
61898230
61866490
61867992
61866690
61866794
61898442
61868219
61867478
61866004
61868106
61868015
61868195
61898471
61868194
61866666
61867623
61868653
61868243
61867329
61866837
61868727
61868585
61868793
61899151
61867521
61868722
61868312
61899033
61868634
61899397
61867715
61868953
61867707
61867592
61899256
61868224
61868990
61869037
61867701
61899005
61867813
61868780
61899346
61869102
61867070
61869269
61869112
61869178
61867948
61869196
61899828
61868102
61867543
61869218
61867865
61869308
61899753
61867265
61869474
61869290
61867588
61869512
61868549
61900028
61867615
61869605
61869380
61868383
61867866
61869433
61900029
61869865
61869631
61868565
61869413
61899794
61869713
61869892
61870101
61868448
61900301
61869651
61869033
61869726
61868791
61868891
61869722
61868366
61869979
61868547
61868870
61900510
61867987
61870172
61870462
61868937
61868379
61868164
61870400
61870292
61868864
61868542
61900595
61868887
61870389
61870575
61870392
61869306
61868885
61900741
61869135
61870720
61870608
61870603
61870001
61869089
61869943
61901228
61870961
61871116
61870943
61870891
61870843
61901146
61871211
61871069
61869812
61871167
61870620
61869531
61871119
61871477
61870261
61869782
61901729
61871577
61871441
61870242
61871693
61870246
61871522
61870241
61901843
61871598
61871684
61871700
61871575
61870887
61901959
61871789
61871800
61871731
61870949
61870282
61902244
61871933
61872023
61872094
61870628
61871805
61902375
61870926
61872305
61872088
61871162
61870658
61870191
61871053
61902615
61872413
61872256
61871167
61872128
61902646
61872648
61872320
61872284
61871320
61870575
61872373
61903021
61871037
61872700
61902859
61872686
61871292
61872530
61902959
61872910
61872880
61872804
61871772
61871711
61903427
61870880
61873154
61873132
61871946
61870961
61873159
61871724
61873294
61903427
61871855
61873111
61873323
61903397
61871846
61871036
61873228
61872274
61871740
61903868
61872254
61873678
61873475
61872933
61871820
61903940
61873708
61873609
61872898
61872337
61873644
61904057
61873749
61873709
61873760
61872728
61872160
61904321
61874106
61874001
61871935
61873738
61874018
61904250
61874035
61873855
61872604
61872852
61904612
61904397
61874213
61874104
61872806
61873751
61904385
61874253
61874237
61874245
61872947
61874561
61904645
61873600
61874452
61872901
61904709
61872365
61874547
61874134
61874324
61873484
61872940
61904745
61874646
61875098
61874501
61905253
61872971
61874940
61874740
61874223
61874789
61873766
61905248
61875046
61875057
61874936
61873767
61874687
61905123
61875106
61875080
61873692
61874331
61873627
61905317
61875348
61875223
61873962
61874951
61905392
61875416
61875184
61875186
61874418
61873600
61905624
61875426
61905536
61875275
61874216
61875564
61875377
61874024
61874709
61873735
61873533
61875523
61875510
61874325
61875521
61875565
61905988
61875477
61874848
61876150
61906000
61875641
61875653
61874931
61906206
61874955
61875759
61876054
61875646
61874371
61875661
61905992
61874491
61875792
61874463
61875620
61906322
61874727
61875955
61873774
61875798
61906179
61875839
61875716
61906519
61876235
61876013
61874780
61876210
61906653
61877807
61874323
61874910
61876157
61874780
61875919
61906626
61875074
61876497
61876288
61875733
61874784
61876741
61907024
61876686
61876551
61876651
61875463
61876472
61907080
61876000
61875707
61877004
61876869
61876849
61874903
61877129
61875848
61907491
61877228
61877068
61875712
61875881
61907483
61875126
61877263
61877350
61876175
61875631
61875128
61877398
61877173
61876303
61877569
61907902
61876796
61877535
61877636
61877792
61876728
61877424
61877226
61907704
61877526
61907864
61876520
61876090
61908214
61878042
61877783
61876529
61877293
61876435
61908287
61878200
61878013
61876759
61877988
61877991
61908687
61876257
61878226
61878044
61877046
61876679
61908683
61876970
61878384
61878291
61877282
61878130
61878386
61878647
61908734
61877055
61878644
61877346
61878619
61878408
61877483
61878780
61876934
61877870
61878678
61878533
61877627
61877539
61909288
61878977
61878766
61877718
61878937
61878688
61909344
61877600
61879017
61877889
61877819
61909355
61879257
61879183
61877977
61879517
61909907
61910945
61880971
61880488
61911795
61880258
61881481
61881289
61880574
61881744
61911983
61881073
61881912
61881373
61881812
61880815
61880288
61912096
61880733
61881965
61882178
61880863
61881769
61912524
61880749
61880746
61882073
61882017
61881159
61912858
61912471
61881535
61882497
61881151
61912492
61882422
61882457
61881457
61880847
61882727
61882598
61880952
61881193
61882486
61912954
61882917
61882857
61881480
61881749
61881191
61913169
61883120
61883104
61883048
61882026
61882976
61913602
61913793
61883475
61883446
61882182
61882468
61913690
61881867
61883373
61883344
61882394
61913839
61882530
61883280
61881906
61883286
61883081
61881508
61883509
61883391
61882369
61881951
61913876
61882892
61883583
61883618
61882374
61883093
61914238
61881943
61882506
61883974
61883706
61882880
61882219
61881919
61884077
61914514
61883409
61884300
61884486
61883174
61884587
61882796
61914730
61884571
61884555
61884399
61883428
61884312
61914905
61884841
61884651
61883913
61883126
61915145
61884962
61882603
61885000
61883709
61884567
61915299
61885161
61885037
61885111
61883996
61885457
61915744
61885382
61915588
61885586
61885347
61883337
61885519
61885874
61916024
61885874
61885872
61885931
61884811
61885938
61916329
61886100
61884795
61886348
61916693
61883996
61886184
61886141
61884839
61886215
61916759
61885527
61886284
61886130
61885485
61886348
61885081
61886155
61916666
61884735
61886511
61885035
61886472
61884821
61884982
61916455
61886485
61885217
61886757
61916906
61886906
61886522
61885658
61886414
61917045
61886951
61885037
61886838
61886954
61917252
61887107
61886882
61885553
61885951
61885306
61917275
61885948
61887235
61887066
61886075
61886978
61917397
61887237
61887264
61885097
61887156
61886366
61885286
61917351
61887276
61887375
61887720
61886219
61887321
61917771
61887112
61885371
61887419
61887359
61886194
61886143
61917756
61889271
61886006
61886691
61886454
61887446
61886108
61887839
61917940
61886248
61887816
61887612
61886721
61887916
61886892
61886269
61918189
61888177
61887091
61886671
61888253
61887123
61888329
61887416
61918754
61886431
61888569
61888515
61919003
61887016
61888557
61888531
61887578
61887402
61918946
61888573
61888946
61888725
61918798
61888612
61888566
61888398
61887990
61888767
61887582
61919260
61888831
61889124
61889017
61890644
61886861
61889138
61888929
61887099
61889354
61888324
61919848
61887591
61889657
61889549
61889417
61888499
61920039
61889943
61888585
61889443
61920029
61890120
61889831
61889719
61887937
61890080
61887680
61889901
61888648
61889767
61920509
61888017
61888615
61890323
61890122
61888923
61888804
61920725
61889566
61890370
61890406
61888964
61889676
61920872
61888333
61890449
61888219
61890493
61890699
61890591
61889181
61888944
61888558
61890647
61890976
61889749
61890926
61921271
61889346
61890846
61890769
61890205
61921589
61890328
61891153
61891054
61889877
61891276
61921542
61889448
61891359
61891026
61891245
61889268
61891422
61890261
61921887
61891726
61891502
61891552
61890749
61889687
61891787
61891594
61891471
61890540
61891480
61921933
61892002
61891714
61890347
61890305
61922371
61890750
61892002
61891851
61891038
61891704
61893806
61890039
61891278
61892086
61891994
61890984
61891789
61922386
61892273
61892233
61891900
61891125
61891805
61922468
61890942
61892288
61892345
61891224
61890944
61892212
61892174
61892586
61892475
61891201
61890848
61922667
61892586
61892573
61892359
61891201
61892169
61922839
61892679
61892229
61892623
61891438
61892451
61922845
61892675
61892748
61891230
61892947
61923209
61892004
61892959
61893093
61923278
61892983
61891206
61892918
61893325
61923622
61891772
61893234
61893103
61892266
61891513
61891848
61891013
61893027
61893071
61923497
61893343
61893342
61892070
61892071
61891640
61923599
61892631
61893371
61892221
61923623
61892192
61893513
61893850
61892384
61891860
61923813
61893567
61893547
61893509
61924324
61893826
61892418
61893951
61893891
61892967
61893648
61893218
61923927
61893945
61893728
61893946
61924033
61894110
61924116
61893155
61892016
61894208
61893146
61892160
61894297
61894131
61894387
61894423
61894200
61893345
61892380
61894660
61893712
61925205
61894876
61894942
61894936
61925213
61895001
61893439
61893186
61893698
61894985
61893584
61892754
61893677
61892807
61895029
61894806
61893821
61894738
61925389
61894403
61895388
61895297
61895176
61894195
61895112
61895244
61893634
61894631
61895364
61895246
61925676
61893962
61893839
61893569
61895907
61926129
61895773
61894749
61896124
61926519
61895201
61896125
61896013
61894810
61895468
61895900
61926527
61896033
61894378
61896632
61896437
61896412
61896539
61895596
61894303
61896365
61896639
61926964
61896735
61896626
61895345
61896146
61895189
61927100
61897094
61897126
61896786
61896723
61896268
61927564
61897067
61895810
61897134
61927387
61894981
61897122
61896989
61927502
61895997
61927369
61897240
61897114
61897096
61896226
61927731
61896566
61897589
61897844
61896681
61895708
61895452
61897583
61897529
61897556
61896688
61928235
61896926
61928013
61897712
61896585
61896215
61896170
61898026
61897947
61897985
61928327
61896929
61928257
61898163
61898088
61898114
61897198
61896562
61897082
61897723
61898557
61897935
61928977
61897299
61898647
61898586
61897511
61898383
61928905
61897433
61928907
61898671
61898696
61898828
61897519
61897111
61896828
61899040
61898207
61897866
61897724
61929436
61897842
61899212
61899141
61898058
61897690
61897458
61929494
61897800
61899371
61899390
61898280
61899826
61930079
61898831
61899789
61900027
61897410
61899629
61899955
61930120
61899988
61899839
61899803
61898683
61899705
61899783
61899582
61930274
61900217
61900060
61898626
61899813
61900164
61900124
61900106
61930530
61900414
61900752
61900284
61930694
61900544
61900534
61899103
61900652
61944567
61913412
61914248
61914588
61913036
61913985
61913718
61944504
61914145
61914129
61944299
61914143
61913139
61913962
61944846
61912904
61914540
61914446
61913312
61913275
61944969
61913452
61913012
61914566
61913244
61914356
61944986
61913302
61914750
61914537
61913795
61912495
61945229
61914833
61914762
61913549
61915095
61945544
61914295
61915263
61914923
61913919
61914877
61945200
61914278
61915019
61915011
61945051
61915166
61915248
61913533
61915348
61915398
61915242
61913876
61914322
61913727
61945857
61913297
61915587
61915205
61914491
61946035
61913322
61915598
61915445
61915318
61914749
61913854
61945907
61915728
61915832
61915959
61914406
61915391
61946136
61914928
61915726
61915692
61915627
61914080
61915088
61915851
61913690
61915884
61915886
61915786
61915165
61916270
61916125
61915028
61916081
61946703
61915124
61916472
61916395
61916473
61915785
61914141
61915208
61914259
61916355
61916186
61915783
61914913
61914431
61916619
61946630
61916387
61915328
61914469
61916499
61915742
61916501
61915538
61916397
61918407
61915080
61914776
61916968
61916765
61916062
61915486
61914916
61917090
61917050
61917035
61917155
61915836
61916965
61915457
61916572
61915711
61916665
61917434
61917265
61916294
61915787
61947612
61917466
61917309
61917270
61916722
61915635
61915379
61917430
61917431
61917328
61916296
61917158
61915740
61916310
61947778
61917679
61916836
61916139
61917528
61915795
61947784
61917771
61917605
61916423
61917557
61916484
61948017
61917844
61915751
61917789
61916538
61916222
61917621
61948339
61918264
61915952
61918129
61916797
61917779
61948572
61918278
61918176
61916943
61918318
61948660
61917088
61918892
61918634
61948910
61916537
61917519
61917252
61918529
61917853
61949101
61916817
61918750
61918590
61918688
61917471
61918621
61918431
61916714
61919067
61919436
61917941
61919067
61949564
61919310
61919330
61919216
61918119
61919046
61949787
61919586
61919351
61919354
61918836
61917796
61949913
61919697
61919753
61920042
61918692
61919300
61949883
61919740
61919721
61919638
61918565
61918147
61919996
61918323
61919722
61918550
61920025
61950257
61919983
61919779
61918631
61919840
61950301
61920157
61920145
61920040
61918896
61919789
61950256
61920260
61920131
61920048
61919421
61918481
61920205
61950682
61919485
61920317
61920157
61920500
61919288
61918669
61919082
61950823
61920702
61920519
61920761
61950990
61919928
61920639
61920585
61919575
61919089
61951033
61920891
61920837
61919433
61919588
61951241
61920108
61921005
61921291
61919722
61919256
61951084
61921113
61951369
61921086
61921245
61951447
61921197
61921355
61951324
61921297
61921421
61920243
61920985
61920648
61919283
61921437
61921367
61920462
61919839
61919583
61921736
61921546
61920443
61921904
61952355
61952216
61920328
61921985
61921717
61920685
61921790
61952229
61920502
61920468
61921889
61920790
61921764
61952289
61922216
61922192
61922105
61921502
61920415
61920281
61922254
61922082
61921439
61920455
61920199
61921051
61921113
61922294
61922293
61921213
61922243
61952923
61921446
61922826
61922609
61921921
61922398
61953149
61921310
61922833
61922763
61922809
61922839
61952964
61922599
61921537
61921020
61953020
61922949
61922776
61953408
61922932
61922420
61953537
61921780
61923344
61923065
61922425
61921516
61921137
61923421
61923474
61922248
61922041
61923146
61922837
61923702
61922250
61922279
61921940
61925482
61954172
61923792
61922554
61923417
61953961
61922316
61923566
61922585
61954345
61923070
61923898
61954414
61924006
61921797
61922790
61923181
61923907
61923807
61954309
61924244
61924129
61922902
61924360
61954597
61922240
61924422
61923593
61923046
61924307
61923234
61923519
61922992
61924142
61954729
61924542
61924315
61923430
61924635
61922827
61922608
61924909
61955036
61924854
61924593
61924836
61955315
61925050
61926512
61924642
61927123
61926948
61926117
61957573
61926482
61927484
61927465
61926856
61957891
61927652
61926901
61927713
61926456
61926850
61927770
61926545
61927537
61925844
61927953
61926343
61926498
61957926
61927991
61927111
61927251
61958328
61928068
61927867
61926849
61926217
61926022
61928132
61927939
61926907
61927902
61958387
61927034
61928297
61928155
61928483
61928351
61927729
61958555
61928546
61927925
61927369
61928334
61927341
61926591
61928803
61928689
61927764
61927014
61926795
61928835
61959173
61927364
61928952
61927445
61928934
61927162
61926882
61929166
61928946
61928327
61959346
61929168
61929306
61928059
61928978
61927523
61928934
61929356
61928209
61929646
61960069
61928217
61929613
61929594
61928608
61929541
61960209
61928918
61930188
61930138
61929269
61960518
61930325
61929577
61929011
61960514
61930569
61930614
61930604
61929875
61961082
61929848
61930724
61930610
61930645
61960944
61930577
61930429
61928685
61930866
61930846
61929014
61930989
61929592
61929226
61931048
61961368
61931159
61931311
61929993
61930923
61961566
61931409
61931345
61929687
61931493
61930221
61961594
61931423
61931485
61930119
61931344
61962024
61930096
61931828
61931739
61930322
61931543
61931484
61962221
61931804
61931713
61930568
61931940
61930234
61962146
61932153
61931412
61930880
61931916
61930246
61930332
61932088
61932048
61930863
61932450
61962590
61930441
61932379
61932482
61962786
61930922
61932579
61932509
61931457
61932658
61931886
61932650
61932823
61932695
61932889
61963309
61932873
61932846
61931640
61932799
61963201
61931267
61933251
61933015
61933052
61931069
61933254
61933210
61933274
61932551
61933464
61933076
61931363
61933636
61933750
61932483
61933574
61964029
61932030
61933814
61933669
61933104
61933683
61935713
61932154
61933084
61933977
61932771
61932378
61933359
61934227
61933970
61932908
61932480
61932509
61933202
61964678
61934483
61934218
61933121
61934109
61964740
61934566
61934442
61934370
61933740
61934382
61932926
61934621
61934503
61933505
61965331
61934841
61934828
61933496
61934722
61933200
61933586
61932922
61934412
61934371
61935187
61935045
61933431
61935181
61935417
61965731
61934624
61933877
61935226
61934235
61965704
61935523
61935400
61935372
61934831
61933864
61965811
61935642
61935544
61934581
61933711
61935704
61935552
61935885
61934816
61966180
61936055
61936087
61935221
61966663
61936269
61936225
61934879
61936429
61966719
61934903
61936333
61935145
61934625
61966598
61934591
61936521
61936502
61935512
61936312
61936745
61935398
61935475
61966896
61934696
61936785
61935840
61936623
61935578
61967251
61936814
61936747
61936831
61935539
61935674
61935181
61936168
61938629
61935476
61937202
61937166
61936043
61935542
61935125
61937310
61937202
61936009
61936881
61967657
61935817
61937402
61936925
61937479
61936192
61967554
61937404
61937173
61936581
61967880
61939050
61936221
61936800
61937460
61937507
61937627
61936493
61937431
61967932
61937800
61937722
61937138
61936117
61968082
61938022
61938057
61937957
61938262
61937080
61968860
61938371
61937283
61938274
61968910
61937447
61938562
61938537
61937748
61936774
61937224
61936402
61938533
61968901
61938600
61937446
61938708
61968982
61938664
61937539
61969200
61937760
61939238
61939100
61938382
61939211
61939233
61938326
61937786
61939024
61969393
61939465
61939234
61938138
61939260
61969892
61938257
61938851
61939518
61938391
61938011
61937615
61939827
61939752
61938674
61939707
61970042
61938437
61939167
61940185
61938979
61939711
61970498
61938914
61940174
61940179
61939676
61940271
61940350
61939555
61940294
61939273
61938740
61939796
61940624
61940577
61939821
61940495
61940813
61971028
61940632
61940521
61938747
61940976
61940834
61939772
61939405
61971260
61940613
61940687
61941212
61939763
61940960
61971370
61939651
61940568
61941328
61940036
61940319
61971997
61940304
61941560
61940275
61941309
61972030
61941644
61941441
61941586
61940680
61972335
61940391
61941255
61941742
61939941
61939821
61941951
61942066
61972151
61940745
61940964
61942227
61940911
61940837
61972583
61942262
61941371
61972840
61942423
61940567
61942350
61941311
61942156
61972828
61940924
61942686
61941498
61942552
61972844
61941247
61942698
61942583
61973381
61942967
61942831
61941752
61943151
61973324
61941567
61943080
61941916
61942591
61973723
61941187
61943378
61943311
61943300
61942357
61974137
61942824
61943796
61943760
61942438
61942371
61974075
61941873
61943921
61942812
61942560
61942155
61943112
61943984
61942648
61942453
61942037
61944303
61944254
61943521
61942432
61942077
61974314
61943878
61943690
61943303
61944077
61942724
61943002
61974580
61944242
61943559
61943037
61943936
61974502
61944285
61944416
61944246
61943288
61944505
61974789
61944628
61974948
61942964
61944573
61943453
61944353
61975000
61944745
61944866
61944741
61944697
61943392
61944675
61975216
61945194
61944805
61943822
61944688
61975161
61945063
61944679
61944689
61945094
61975313
61945135
61943830
61975674
61944323
61945262
61945193
61945345
61975715
61943964
61945478
61944162
61943954
61944207
61945646
61944997
61945761
61943734
61945812
61944494
61945828
61976296
61945927
61945959
61945814
61944833
61944676
61976418
61944610
61946417
61946108
61945355
61946111
61976669
61946355
61946297
61976535
61946440
61946335
61945672
61944787
61945795
61946623
61946464
61946720
61976901
61946614
61946574
61946474
61945962
61947202
61945773
61946546
61945130
61947188
61977417
61947321
61946353
61947290
61946119
61977746
61946610
61947531
61947485
61946210
61947370
61977823
61947760
61947388
61947864
61947328
61978357
61947209
61946691
61948125
61946842
61946527
61946024
61948370
61946292
61948342
61947136
61978607
61947005
61948308
61947157
61948125
61978812
61946996
61948540
61948490
61946316
61948451
61947510
61946860
61948637
61947359
61946946
61946663
61948889
61948866
61979073
61949112
61948819
61979095
61949064
61946831
61949019
61949038
61948372
61948525
61979709
61949562
61949420
61948337
61979780
61949587
61949461
61949497
61948695
61947887
61980031
61948605
61949556
61947640
61950181
61949804
61980065
61949890
61949837
61949816
61948757
61949725
61949120
61980499
61950219
61950223
61948836
61948480
61949433
61950186
61950120
61950314
61980532
61948709
61950380
61950378
61949453
61950363
61949425
61950137
61948893
61949973
61980400
61950397
61949188
61980821
61949330
61950487
61949103
61950575
61949993
61981009
61949331
61950699
61949131
61950461
61980774
61950755
61950674
61981142
61950692
61949919
61981340
61949648
61951209
61949671
61949914
61981370
61951189
61951276
61951173
61951546
61949650
61949692
61949340
61951611
61951444
61950351
61951223
61981920
61951654
61951744
61950432
61951504
61982044
61951909
61951739
61950499
61950148
61951952
61982157
61950612
61982443
61950633
61951814
61950594
61951669
61982209
61952079
61951979
61952093
61982512
61952276
61982506
61952278
61952133
61951715
61952182
61982653
61951296
61952561
61952475
61951810
61950815
61950973
61952862
61953000
61951798
61983343
61952146
61952963
61952839
61952179
61983505
61952241
61953189
61952924
61952190
61952822
61983593
61951782
61953236
61951313
61953311
61952201
61953196
61983726
61953583
61953399
61952265
61952545
61952320
61983954
61952812
61953560
61952159
61953377
61983996
61953730
61953549
61952408
61953716
61952664
61984108
61952680
61953844
61952574
61954062
61984190
61954229
61954059
61952820
61954264
61954180
61953128
61954167
61954450
61984872
61954590
61954369
61953283
61952933
61984652
61954678
61954563
61953432
61954295
61985015
61954787
61954843
61953563
61953718
61956686
61953169
61953492
61954871
61955116
61953859
61953629
61954985
61953912
61955314
61985401
61955386
61955376
61954263
61953774
61955262
61985464
61955404
61954184
61955798
61985948
61955798
61955146
61954539
61954070
61953800
61955838
61955673
61955844
61953713
61955993
61955708
61954732
61954064
61953787
61955913
61955714
61954730
61954237
61955966
61955371
61986483
61954496
61956207
61954878
61956393
61986708
61954871
61956387
61954932
61956041
61986494
61956611
61956270
61955362
61956159
61954388
61956699
61955990
61955410
61956405
61956576
61954941
61954770
61956818
61986853
61956783
61955611
61954968
61956051
61956665
61957101
61986950
61956941
61956796
61955764
61987233
61956997
61956963
61957082
61956990
61956332
61957013
61955770
61955452
61956378
61957233
61957201
61957457
61987686
61955483
61956098
61955474
61957409
61956269
61955800
61955469
61957667
61956533
61987714
61957678
61957569
61956569
61988045
61957724
61955474
61956902
61987820
61957780
61987769
61957660
61957991
61957874
61988369
61958102
61957956
61957107
61956412
61956145
61958207
61958048
61958515
61957862
61956019
61958507
61958215
61957133
61958138
61988820
61957714
61958692
61958336
61957232
61988971
61956442
61958579
61958290
61958435
61956762
61958525
61958424
61957338
61958631
61988927
61957759
61958540
61957317
61958733
61989314
61957967
61958792
61958681
61958009
61957432
61958478
61989206
61957441
61957754
61958678
61989182
61958958
61958996
61959156
61957759
61958737
61989372
61959195
61959196
61957983
61959245
61989769
61958000
61959341
61958207
61959192
61959195
61989658
61959710
61989942
61959488
61959710
61990155
61958944
61960018
61959713
61958592
61990216
61958333
61959891
61990414
61959959
61960260
61990399
61960222
61960374
61959148
61960071
61958321
61960461
61960353
61959578
61960326
61990610
61960358
61959358
61958787
61958483
61960534
61960439
61959778
61959344
61990847
61958856
61960705
61960864
61959676
61959361
61959753
61959281
61991470
61961166
61960866
61961186
61961466
61991813
61961639
61961377
61960096
61960680
61992063
61960770
61970245
61963493
61993979
61963686
61963670
61962481
61962156
61961906
61964166
61964205
61962938
61963951
61994727
61962623
61964190
61964063
61963597
61962889
61994374
61964488
61962333
61963855
61963684
61963337
61963132
61963053
61964971
61964874
61964418
61995602
61963984
61965278
61965238
61965288
61965255
61964412
61995943
61964600
61965644
61964027
61965655
61996000
61964082
61965732
61965585
61967487
61964815
61965708
61964636
61964167
61963887
61966000
61965960
61964682
61966099
61964318
61996667
61964769
61966364
61966214
61965115
61964584
61964253
61966390
61966329
61964922
61966061
61966667
61965776
61964151
61966274
61966163
61965571
61966441
61965208
61964729
61965621
61966449
61966280
61965715
61966395
61964532
61966456
61965702
61965278
61966688
61964982
61997019
61966157
61966812
61964706
61967364
61965996
61997219
61967150
61966922
61965820
61966873
61997264
61967119
61967153
61965886
61967299
61997894
61967204
61967328
61966065
61997630
61966104
61967182
61967160
61966552
61967556
61967038
61966593
61967448
61967433
61966152
61967045
61997877
61965949
61967076
61967625
61967510
61967718
61966498
61998237
61966243
61967903
61967833
61966870
61966230
61998414
61966510
61966272
61968226
61968068
61967233
61998582
61966321
61968290
61966862
61968145
61967071
61966704
61966314
61968499
61968665
61967329
61966813
61966584
61968687
61967868
61967513
61968222
61998712
61968700
61999050
61968706
61967863
61968489
61970602
61967821
61967786
61969055
61968782
61967028
61969179
61969061
61967551
61969352
61969081
61968189
61967645
61999596
61969475
61999697
61969499
61969518
61969750
61999778
61968242
61969507
61968384
61967966
61967529
61969693
61999695
61969543
61969365
61999746
61969764
61969633
61968724
62000202
61968553
61967616
61985021
61983730
61985279
62015737
61983236
61985527
61984864
61985210
61985691
61984143
61983928
61985780
61984413
61985601
61983709
61985819
62016056
61984034
61984523
61986043
61984612
61985806
62016306
61986140
61986137
61986075
61984491
62016456
61986015
61985686
61984059
61985980
61984804
61986487
62016863
61984426
61986303
61985265
61986329
61984379
61985141
61985123
61985259
62016968
61984425
61986592
61986888
61985357
61985045
61984635
61986765
61985321
61985468
61986412
61984692
61986877
61986676
61985802
61986688
62017291
61987064
61986911
61985910
61985342
61985086
61987370
61987040
61986124
61986880
62017528
61987420
61986139
61985619
61985448
61987545
61987177
61987846
61987767
61985870
61985651
61987915
61986813
62017866
61987847
61987859
61988034
61987971
61986491
61988068
61986115
61988218
61988018
61987440
62018526
61988309
61988118
62018147
61987298
61986569
61987894
61987371
62018536
61986345
61988298
61988276
61988200
61987765
61986891
61986611
61988677
61988576
61988655
61986583
61988838
61988601
61987668
61988513
62019268
61987538
61989051
61989354
61988063
61987432
61989513
61989204
61988963
61988067
62019383
61989038
61989039
61987827
61988840
62019690
61988617
61989425
61989150
61987578
61989301
61989663
62019859
61988402
61989566
61988298
61989738
61988817
61989543
61988436
62020003
61989751
61988808
61989671
61988342
61988054
62020036
61990054
61989939
61988795
61989756
61987961
61990135
61990021
61988137
61990239
61989236
62020684
61988590
61990076
61988877
61989931
61990148
61988116
61990270
61989064
61989083
62020785
61990512
61990413
61989440
61990261
62020782
61989296
62020867
61990851
61989672
61989159
61988804
61990989
61990919
61989908
61990269
62021381
61991187
61990943
61991226
62021844
61989380
61991585
61991405
61990330
61989772
61991304
62021660
61991559
61991859
61990430
62021974
61990767
61991606
61991666
62021682
62021795
61991758
61990285
61991770
62022050
61991790
61991695
61991823
61991204
62022447
61990503
61991971
61990536
61991766
61990868
62022305
61992287
61992104
61991458
61990447
62022666
61992489
61992363
61991085
62022350
61992498
61990723
61992582
62022983
61992550
61991458
62023269
61991430
61992829
61992721
61991676
62023295
61992984
61993047
61991999
61991219
61991513
61991287
61992896
61991968
61991478
61991034
61993250
61993105
61992289
61993041
61993303
61991703
61991345
61993276
61992180
61993261
62023584
61993418
61991944
61993807
61993809
61993544
61993991
61991642
61993707
61993738
61992826
62024142
61992515
61992268
61994080
61992843
61994451
62024504
61994403
61994216
61993000
61991885
61992941
62024357
61994349
61994224
61993567
62024887
61993197
61994456
61994168
61993651
61994320
62024962
61994705
61993783
61993289
61994202
62024836
61994670
61994263
61994543
61994534
61994610
61994007
61994821
61993458
61994693
62025413
61993057
61995197
61995729
61994133
61993918
62025630
61995429
61995355
61995380
61994364
62025991
61995017
61994549
61995723
61995137
61993551
61995616
61995533
61994378
61995209
62025868
61995718
61995726
61994496
61996254
62026451
61994744
61994978
61995783
61994563
61995595
62026176
61994908
61996256
61994841
61995991
62026489
61996432
61996409
61995184
61996293
61996146
61994399
61996460
61995093
61996423
62026778
61996577
61996511
61995503
61994945
61995464
61996808
61995925
62026924
61996826
61995976
61995460
61995064
61994978
61997037
61997014
61995638
61995793
61995421
61995138
61997397
61997532
61996358
61995882
62027628
61996224
61996678
61995809
61996095
61997649
61996576
61996019
61995663
61997752
61997764
61997194
61996016
61995972
61997065
61998057
61997789
61996922
61996309
61998334
62028380
61998038
61996983
61996339
62028482
61996882
61998354
61998715
61997754
61996656
61998609
61997716
61998509
61998487
61997919
62029041
61997830
61998665
61997274
61998252
61996889
61997418
61997573
61998788
61998849
61997222
61997264
61999048
61997805
61997488
61997095
61999242
61999048
61998484
61997381
61997399
61997095
61999194
61999270
61998614
61999450
61998221
62029896
61998662
61999425
61999442
61999719
61999502
61997545
61999630
61998431
61999299
62029851
61999743
61999703
61999651
61999236
61998287
61998282
62000206
61998534
62000198
62000234
61998952
61999900
62030391
61999381
62000244
61999079
62030591
62000630
62000813
61999344
62000808
62031026
62000766
62000214
61999668
61999262
61999020
62000985
62000993
62001081
62000931
61999067
62001156
62001062
62001290
62031522
62001266
62001119
62001319
61999926
61999467
61999184
62001324
62001661
62000610
62031845
62001359
62000050
62000079
61999665
62000721
62001447
62001326
62000318
62032115
62000049
62001627
62001671
62001917
62031919
62001839
62000400
62001803
62031890
62001957
62001872
62000917
62000256
62001811
62001355
62002207
62000891
62001846
62032350
62002392
62002095
62002016
62000847
62001754
62032629
62002427
62002295
62001484
62002284
62000512
62002702
62002884
62000360
62001276
62000615
62002486
62001441
62002378
62002056
62002806
62001600
62001228
62000797
62002944
62002686
62001878
62033300
62001684
62002977
62001826
62001142
62003046
62003266
62003100
62002171
62033617
62003357
62002586
62002153
62033892
62002647
62003471
62003224
62002666
62033849
62002690
62003494
62002262
62003261
62033670
62003623
62003487
62002216
62003245
62001495
62002333
62034297
62001605
62003676
62003613
62033776
62003537
62034145
62003799
62003509
62002560
62002002
62001678
62003802
62003731
62002693
62002918
62003020
62003144
62034041
62002610
62002356
62003337
62004196
62002326
62003988
62003817
62002025
62001917
62004248
62003575
62002601
62002402
62004358
62004237
62034894
62004479
62004531
62004393
62003347
62034965
62003088
62004601
62003046
62004563
62003154
62003755
62004906
62003724
62004593
62035169
62005112
62005264
62003908
62003378
62035328
62035261
62004994
62004824
62004001
62003391
62003128
62005358
62005226
62004556
62003477
62035614
62005487
62005267
62004538
62003688
62035842
62005675
62005530
62003634
62005121
62004565
62003326
62004205
62003473
62005756
62004618
62005515
62036056
62004416
62005987
62005890
62005253
62036525
62005325
62003697
62004937
62005307
62004360
62006062
62005922
62036552
62006321
62006353
62006253
62005357
62036765
62006268
62036748
62006461
62006613
62005349
62004956
62005947
62006840
62006657
62005526
62005006
62004736
62006675
62006891
62006599
62006147
62005102
62004860
62007089
62006988
62005793
62005365
62004948
62036990
62006862
62005691
62005075
62007145
62005506
62006463
62007444
62006273
62005787
62006046
62007743
62007820
62006631
62006098
62037988
62006285
62005862
62008105
62007933
62007088
62038461
62008297
62008179
62006857
62007990
62006362
62008427
62008363
62007577
62038401
62008387
62008101
62007200
62038825
62007527
62008512
62007362
62006878
62006557
62008673
62008477
62007373
62006669
62038955
62008742
62009056
62008603
62007532
62008904
62008793
62007771
62039229
62007568
62008947
62008812
62007706
62007207
62007624
62006891
62009072
62007804
62009063
62039417
62009240
62006962
62009174
62007845
62009333
62039575
62009551
62009340
62009380
62008904
62039854
62008370
62009019
62009691
62008296
62009449
62039804
62009791
62009631
62009026
62040041
62009781
62009731
62008615
62040330
62010047
62040461
62010009
62010294
62040193
62010115
62009895
62008873
62009958
62008344
62008721
62009380
62008765
62009709
62040366
62010289
62010253
62040366
62008964
62040539
62010091
62010044
62008582
62009948
62040287
62010093
62010005
62008810
62010165
62008571
62008381
62010308
62009110
62010122
62040813
62009280
62010728
62010511
62009438
62009589
62012429
62011626
62043278
62013061
62013052
62011842
62011270
62043187
62011506
62012971
62012892
62011720
62011392
62011036
62013289
62013093
62013387
62013450
62011963
62011990
62011734
62013126
62012323
62011943
62043905
62013738
62013446
62012868
62011861
62044046
62013810
62013763
62012997
62044259
62043909
62014040
62013207
62012719
62013629
62044221
62014085
62013016
62013765
62012743
62012337
62044460
62012962
62012851
62014339
62014231
62012997
62013927
62044467
62012832
62014390
62014385
62014033
62012446
62044578
62014496
62014743
62044960
62014896
62014802
62014197
62045288
62013083
62014771
62013592
62014973
62013689
62045524
62013617
62014949
62013863
62014845
62045467
62015259
62014794
62013210
62015446
62015356
62014297
62045827
62045980
62015600
62015359
62014242
62015562
62045818
62015609
62015004
62014288
62015297
62045974
62014395
62015767
62015687
62014641
62015486
62046319
62015225
62016163
62046101
62015835
62014848
62015901
62046489
62014667
62016282
62014909
62015987
62046629
62016383
62016394
62014665
62016517
62016501
62046756
62015239
62014896
62047040
62014682
62015307
62016596
62015725
62015177
62015006
62016839
62016834
62016270
62015283
62047420
62016552
62014982
62017180
62015971
62047650
62017418
62017423
62017305
62016654
62015674
62047623
62017466
62017416
62016442
62017639
62016269
62047738
62017468
62016266
62047850
62017516
62015851
62017577
62017445
62047704
62016343
62047954
62017828
62017737
62017801
62016557
62016112
62017045
62017958
62017926
62017437
62016343
62048422
62016959
62018068
62016787
62018296
62017964
62017766
62017385
62018258
62016685
62018499
62048666
62017052
62018365
62017129
62018606
62016737
62048729
62018683
62018581
62017273
62018512
62016835
62018228
62017854
62018511
62018619
62018937
62016780
62018824
62017690
62017218
62049319
62019061
62019010
62017770
62019381
62017291
62017608
62049560
62019391
62019374
62017523
62019326
62019018
62049614
62019667
62019545
62018360
62019205
62049813
62018324
62019651
62019470
62019802
62049968
62018938
62019804
62018560
62019480
62018486
62050030
62019716
62019778
62018613
62019861
62050503
62020168
62020108
62019077
62020175
62050742
62020558
62020371
62018173
62020311
62020694
62050902
62020578
62020599
62050962
62020609
62019506
62051101
62020851
62020680
62020299
62021056
62019679
62021033
62021374
62019345
62020482
62021348
62021374
62020524
62051917
62019439
62021576
62021488
62051845
62019936
62019778
62019367
62021678
62021345
62020681
62019967
62051953
62021833
62021705
62021448
62020690
62052265
62020090
62021589
62021656
62021176
62052438
62021826
62052112
62022033
62022000
62020928
62052464
62022284
62022217
62020994
62020594
62052714
62022380
62022452
62022372
62021753
62052999
62021513
62020841
62022275
62021619
62022476
62021250
62052816
62022472
62021849
62022670
62052862
62022901
62022241
62053503
62021001
62023117
62023019
62022312
62021080
62023076
62053288
62023189
62023225
62023128
62022703
62053896
62022169
62023446
62022288
62021792
62053733
62023598
62023509
62022944
62054052
62022947
62023181
62023628
62023609
62022882
62022169
62054159
62024179
62023999
62022824
62023840
62054260
62024168
62024501
62054094
62023845
62023913
62054569
62024319
62024094
62023599
62054769
62022617
62023245
62022136
62024520
62023720
62022845
62054749
62024569
62024533
62023362
62022962
62024602
62054694
62023826
62055018
62024758
62024676
62024713
62023745
62055186
62024975
62024798
62023510
62022724
62024713
62055142
62024897
62024892
62024262
62023226
62055343
62023605
62025094
62024980
62024112
62024416
62025280
62055628
62023874
62025331
62023913
62024068
62055705
62023793
62025545
62025428
62025610
62024913
62055907
62025552
62025829
62056280
62025035
62025839
62024432
62025839
62024349
62025845
62024739
62056297
62025142
62025967
62025787
62024133
62024687
62025529
62024218
62024516
62024948
62026047
62024889
62025826
62026310
62025046
62026172
62024457
62026332
62025422
62026304
62024972
62025913
62024306
62026555
62026250
62026268
62056919
62026704
62026535
62025639
62057100
62026871
62026776
62025537
62024426
62025328
62057079
62027132
62025099
62026732
62027139
62057368
62027138
62026856
62026091
62025314
62024972
62027208
62027570
62026044
62026817
62057303
62026965
62025735
62026703
62057482
62027301
62027117
62025860
62027287
62026942
62026606
62027376
62026119
62027084
62057630
62027419
62026645
62057728
62026124
62025748
62025594
62026277
62025851
62027009
62027769
62026594
62025986
62025850
62026896
62027775
62026385
62027900
62058084
62028019
62027914
62027228
62058396
62027460
62028015
62028190
62058315
62028067
62028170
62027225
62058756
62027559
62028455
62028223
62058433
62028146
62027697
62028405
62027329
62028197
62058800
62027489
62028666
62058746
62027161
62058954
62028624
62028670
62027662
62027271
62026913
62029104
62028921
62028852
62027660
62059265
62029029
62029027
62027931
62028960
62059410
62029294
62029401
62029769
62028338
62059998
62028688
62029342
62029389
62028909
62029751
62029633
62029011
62060227
62029981
62030109
62028962
62060424
62029197
62060031
62029897
62029833
62029089
62028353
62029320
62030121
62030102
62029463
62028391
62060321
62030254
62029544
62060162
62028660
62060705
62030414
62030173
62029845
62061028
62029818
62030584
62029231
62030079
62029094
62030477
62029155
62028737
62028528
62030764
62030043
62061048
62029571
62061148
62029322
62030851
62030983
62031219
62029194
62031249
62031008
62031251
62061548
62031166
62030916
62061448
62031132
62061397
62031319
62031136
62030127
62061677
62030157
62031361
62030095
62031252
62031244
62061759
62030138
62031716
62030353
62030706
62031764
62062193
62032005
62031817
62030985
62031833
62062179
62032185
62032523
62031418
62030316
62031655
62031274
62032112
62030847
62032048
62062395
62032406
62032152
62032058
62031157
62032182
62062708
62032721
62031964
62031411
62032912
62063241
62030717
62032730
62031353
62031698
62032815
62063019
62033096
62032923
62032247
62031300
62031020
62033256
62033323
62062876
62031383
62032699
62033245
62032428
62063428
62033238
62033624
62032525
62063574
62032991
62031248
62033326
62032216
62033164
62063937
62031788
62033602
62033554
62032588
62031975
62031876
62033671
62033564
62032532
62033917
62064041
62033992
62033855
62032766
62033703
62064351
62034257
62034122
62034080
62033563
62032695
62064510
62032201
62034069
62034026
62064561
62034709
62034526
62033790
62065073
62032652
62034792
62034534
62034944
62065004
62033679
62034119
62034565
62033263
62065142
62033446
62034623
62033387
62032894
62065140
62033176
62032498
62034716
62034169
62032870
62034914
62033589
62034758
62065271
62034700
62033613
62035109
62033969
62035211
62035430
62034619
62035282
62034172
62033549
62033368
62035385
62035199
62034218
62035264
62065907
62035757
62035943
62035832
62035731
62035652
62035200
62035939
62034536
62035876
62066165
62036146
62035386
62035973
62034839
62034579
62034056
62036356
62036197
62035619
62066726
62035061
62036512
62034136
62036062
62036092
62034269
62036583
62036499
62035534
62066932
62035043
62034387
62034813
62034831
62034677
62036537
62035032
62035852
62036666
62035427
62036394
62036584
62067273
62036900
62036911
62035651
62036673
62067063
62036994
62037404
62035940
62036824
62036307
62035877
62067553
62037373
62037121
62036526
62067793
62036574
62037525
62037278
62036240
62035910
62035531
62037754
62037635
62036467
62036136
62067844
62037760
62037902
62036731
62036234
62068114
62037859
62037738
62037093
62068352
62036773
62038206
62036618
62037402
62068479
62038291
62036845
62037933
62037552
62038339
62036986
62036712
62036979
62038293
62037678
62036688
62037558
62038671
62068920
62038799
62038637
62037618
62069334
62038182
62038973
62038361
62038668
62039098
62069429
62039149
62038938
62037732
62038898
62069396
62039312
62038465
62038045
62037783
62039326
62039181
62038499
62069451
62039491
62038111
62037523
62038510
62039430
62038067
62038326
62041216
62037515
62039342
62069501
62039198
62038697
62039685
62038356
62039455
62037800
62039913
62039715
62038640
62038131
62038089
62038388
62040101
62038803
62040089
62070385
62040390
62040135
62038489
62040469
62070596
62039965
62040527
62038715
62039259
62040607
62039059
62040211
62038549
62040740
62040657
62039622
62039081
62038729
62040502
62040818
62039489
62071193
62040981
62040869
62039900
62040769
62071331
62041261
62038888
62040970
62039798
62041129
62071561
62041573
62041413
62040249
62041405
62039763
62041716
62041640
62041076
62041370
62039974
62040869
62041755
62041818
62041808
62071994
62041965
62040530
62041797
62072361
62040294
62042101
62041988
62041196
62040470
62041385
62042279
62042072
62041493
62072514
62041398
62042217
62041190
62040063
62041013
62040490
62040247
62042299
62042281
62041451
62040883
62072938
62041216
62072957
62042115
62041972
62073124
62040993
62042687
62041451
62042399
62073007
62042836
62042107
62041752
62044527
62044720
62043524
62043209
62044336
62045321
62043982
62043567
62044551
62045431
62044584
62044219
62043990
62045842
62045643
62075932
62045672
62076240
62045931
62045796
62044620
62043911
62046154
62045954
62045235
62044287
62045123
62046126
62044982
62044537
62044219
62045607
62044975
62045950
62044312
62046376
62045400
62046345
62076617
62046357
62045209
62044693
62045814
62046563
62044307
62045230
62076788
62046552
62046445
62045559
62044697
62046806
62045573
62045960
62046314
62045392
62077135
62046824
62047298
62047220
62046382
62046135
62046864
62045597
62077387
62045582
62046924
62045536
62062384
62062107
62064121
62064375
62063609
62094761
62064528
62064297
62064561
62094672
62064465
62064440
62064699
62064447
62063447
62064685
62063620
62095216
62064849
62064522
62064016
62095411
62063619
62064520
62064754
62063809
62065205
62065202
62063911
62064913
62095585
62065110
62065359
62065096
62065438
62095530
62065527
62065392
62064276
62095723
62065691
62065460
62064401
62096083
62064219
62065502
62063833
62065929
62065747
62065554
62065584
62065093
62065966
62064578
62096348
62064450
62065184
62064676
62064057
62064993
62064080
62064413
62064218
62064050
62066101
62064841
62064348
62063904
62066167
62064742
62065903
62096606
62066260
62064671
62065796
62065113
62066271
62064876
62066009
62064503
62066398
62064961
62066677
62066403
62066399
62066647
62065633
62097001
62066681
62066592
62064671
62066715
62096910
62065128
62067093
62065678
62065230
62065178
62067294
62066088
62065616
62068916
62066374
62067121
62067449
62097580
62067424
62067381
62066461
62097567
62067534
62067312
62066393
62065618
62067809
62066597
62066050
62066952
62067750
62066496
62067629
62065837
62067414
62067598
62067393
62066947
62067891
62066244
62067769
62068256
62066415
62098267
62068217
62067043
62098790
62068504
62068298
62067214
62098656
62068410
62066307
62067220
62098716
62067479
62098848
62068647
62067310
62068724
62098750
62068456
62067544
62068038
62067994
62099243
62068985
62068694
62067700
62099329
62069063
62068986
62067935
62099558
62069250
62068325
62068413
62099682
62068435
62069174
62099453
62068036
62099609
62069367
62069276
62068381
62068711
62067558
62069712
62068438
62069515
62067854
62070124
62069977
62069291
62100353
62070091
62070106
62069076
62100510
62068549
62070146
62069122
62070018
62100492
62070585
62070437
62070462
62069602
62100936
62070758
62070565
62069530
62100988
62070786
62070681
62070900
62100950
62070623
62070466
62101139
62070771
62069631
62070666
62101076
62070268
62070994
62071273
62101234
62071150
62071339
62070011
62070883
62101520
62071473
62071803
62070460
62069723
62069642
62071566
62071359
62071700
62101845
62071785
62071648
62071036
62102308
62070663
62069744
62071726
62070749
62102061
62072086
62070829
62102499
62070653
62072080
62070977
62102863
62071019
62072158
62072041
62072342
62102649
62072314
62071536
62072460
62071276
62072219
62102778
62072619
62072464
62072592
62103068
62072757
62072858
62071590
62072876
62103349
62073122
62071690
62103576
62071671
62073413
62072084
62073295
62071422
62073545
62072196
62071796
62071643
62073732
62073614
62072237
62103927
62073580
62072877
62072396
62071865
62071421
62073674
62073526
62073471
62075487
62103983
62073869
62072365
62072116
62071651
62073965
62072745
62072246
62073073
62104030
62074091
62074029
62073035
62073961
62073919
62074363
62072903
62074130
62104764
62074626
62074631
62073265
62072848
62073758
62074515
62074711
62074712
62104774
62074703
62075041
62074028
62105153
62073559
62074903
62072980
62073343
62074819
62074980
62072771
62074983
62073647
62074043
62074156
62074397
62075173
62074660
62105665
62075540
62105981
62075557
62075347
62075254
62074789
62075386
62074693
62075353
62074975
62075707
62074669
62074094
62075303
62075840
62105970
62074423
62074077
62075024
62075917
62074660
62075693
62106362
62076283
62076082
62075133
62074609
62075490
62076184
62076374
62076049
62074976
62076492
62075368
62106651
62076625
62076429
62075477
62106930
62076737
62075030
62076479
62076718
62106713
62076696
62074975
62075086
62076612
62075550
62075081
62075994
62076637
62075496
62075147
62076524
62075546
62077227
62075983
62107304
62077130
62077134
62076089
62107543
62076613
62107270
62076087
62076838
62075273
62077335
62076215
62075784
62075405
62077620
62077421
62075836
62107686
62077436
62077127
62077231
62075698
62075527
62077668
62077526
62077072
62108265
62076545
62077903
62076554
62077581
62108339
62078007
62078005
62078337
62108555
62078255
62078165
62077157
62108722
62076940
62078316
62076725
62077583
62078415
62078248
62076592
62078270
62078125
62078619
62076461
62078453
62077565
62109031
62077452
62078640
62078279
62109229
62078795
62078977
62108985
62078572
62077726
62109102
62078814
62078711
62078270
62078514
62076764
62078826
62077685
62077345
62078275
62079110
62078927
62079231
62078859
62109433
62079355
62078355
62079243
62077731
62078006
62079559
62078183
62079257
62077582
62079681
62079573
62079336
62081199
62079193
62079575
62079331
62079588
62079739
62079026
62079823
62078854
62110333
62078243
62079854
62078769
62078170
62081623
62109990
62079891
62079663
62079191
62110206
62080012
62080497
62079385
62110503
62078595
62080234
62079028
62078172
62080149
62079151
62078760
62079656
62080444
62079115
62080274
62110910
62080725
62080556
62079676
62111145
62080048
62080851
62079515
62079272
62110890
62080727
62080648
62080139
62111201
62080928
62080201
62111423
62079085
62080921
62081031
62079730
62080340
62080955
62079975
62079650
62111269
62081185
62081546
62078930
62080007
62079304
62081454
62080219
62081434
62111904
62081891
62081589
62080599
62112204
62080001
62081726
62080356
62081358
62081132
62111585
62081741
62080470
62079829
62079611
62081058
62081533
62081915
62080702
62080349
62079899
62082168
62080781
62080299
62112233
62082306
62082090
62081180
62112594
62080348
62082012
62082326
62080168
62082421
62082345
62082605
62080468
62082513
62081163
62080794
62080500
62082819
62081318
62082789
62081168
62082744
62082572
62081413
62080736
62082796
62082614
62082946
62113242
62081310
62082915
62081830
62082911
62113430
62081795
62081814
62083097
62083066
62082028
62081587
62081396
62083522
62083401
62082338
62083146
62113977
62083378
62081985
62083768
62082665
62081624
62082401
62082151
62083105
62083939
62083855
62082533
62083833
62082595
62114312
62083914
62083946
62082724
62082340
62081947
62084026
62083889
62114585
62084130
62084530
62084099
62114534
62082489
62084019
62082731
62083401
62114520
62084298
62084423
62082912
62114942
62083705
62083567
62084625
62083141
62082915
62082734
62084744
62083326
62084458
62115173
62085025
62115186
62084752
62083680
62083263
62084162
62085085
62084071
62083584
62083555
62085130
62085105
62083893
62115722
62085516
62085255
62083966
62085166
62115628
62085295
62084386
62115908
62085506
62115585
62085427
62083667
62084675
62085299
62085550
62085291
62084339
62084990
62084262
62085357
62083736
62085815
62085796
62084748
62084228
62083972
62086137
62083794
62085795
62084666
62116405
62086101
62086044
62085479
62084430
62084078
62086338
62086268
62085162
62116522
62086452
62084969
62086136
62085837
62086554
62085242
62084831
62086794
62116720
62086494
62084857
62085766
62086522
62085413
62084906
62084625
62086602
62086505
62085497
62085827
62116877
62086872
62085716
62087139
62086298
62117402
62087450
62087017
62117459
62087115
62086970
62087291
62117485
62087287
62086844
62085759
62085416
62087207
62087062
62086017
62086172
62117742
62087418
62087358
62087745
62117773
62087802
62087598
62087953
62118041
62087806
62087725
62087765
62087594
62087202
62087275
62087226
62118461
62088020
62088336
62087984
62087800
62086680
62118254
62087988
62088219
62087905
62087344
62088018
62087083
62086656
62086700
62088712
62088515
62087889
62119123
62087252
62088488
62087553
62088566
62087910
62090426
62087753
62087997
62088812
62119421
62089149
62087786
62119410
62089213
62087857
62087602
62088974
62119405
62089184
62088022
62119427
62089326
62089284
62089513
62119547
62089476
62089324
62088430
62089387
62089512
62087293
62089429
62088319
62088806
62089555
62088480
62091408
62088493
62120040
62089893
62088677
62120365
62090060
62088652
62088334
62089280
62090023
62088182
62090020
62089941
62088383
62090205
62088879
62120301
62090183
62089308
62088404
62090270
62088010
62089638
62120883
62090386
62089221
62090307
62088312
62089720
62090964
62121139
62089946
62090844
62090437
62090621
62090670
62088967
62089146
62090688
62090145
62090885
62121278
62090900
62090884
62091310
62089851
62121628
62091060
62121911
62091391
62090539
62093039
62121637
62091328
62089577
62091470
62090268
62091469
62091251
62121754
62091375
62091140
62091415
62091638
62090159
62091675
62090268
62121694
62091566
62091854
62089651
62091682
62090545
62090090
62091047
62092094
62090690
62091964
62090922
62090297
62090757
62122386
62091917
62090773
62092091
62091399
62122450
62100819
62092583
62092589
62093032
62124600
62094224
62092712
62092884
62093218
62124931
62094749
62125045
62094728
62093884
62092794
62094729
62094698
62092879
62095238
62093837
62093485
62093668
62125607
62094074
62095303
62094644
62125721
62095547
62095340
62095386
62125753
62095723
62096002
62094523
62095543
62094826
62126166
62096128
62095521
62094013
62096033
62094968
62126717
62095063
62096213
62096380
62097926
62095013
62094503
62095583
62096513
62095205
62127050
62096650
62095211
62127115
62096698
62095894
62126891
62095614
62096818
62095675
62097131
62095067
62095411
62096862
62095666
62096963
62097093
62096907
62127504
62095330
62097121
62096493
62096560
62097395
62097108
62095337
62097343
62096352
62095549
62095709
62097453
62097624
62096011
62097529
62097481
62097063
62097844
62097970
62097173
62097919
62097703
62096452
62128461
62096844
62098155
62096922
62097931
62096316
62098234
62096974
62098357
62096918
62096346
62098772
62128693
62096985
62098442
62097206
62096552
62098606
62097678
62128793
62098761
62098640
62097790
62097037
62097327
62129141
62098956
62098389
62096915
62099017
62097808
62097301
62098169
62098922
62097764
62096665
62097869
62129164
62099259
62098101
62129567
62099235
62099007
62129647
62099427
62099357
62099246
62099428
62097236
62098355
62097505
62099634
62098887
62098423
62098095
62099620
62098170
62099872
62097729
62099614
62099271
62098839
62099722
62099085
62130103
62099820
62098512
62098160
62098635
62098468
62099898
62099210
62130593
62100234
62100013
62099006
62130773
62099030
62130518
62100297
62099277
62130555
62100467
62100195
62100352
62130625
62100604
62099355
62098820
62098734
62099307
62100478
62098508
62099223
62130959
62100541
62099367
62099460
62099107
62098800
62100930
62100823
62098951
62099670
62131271
62099504
62100310
62101187
62099847
62131569
62101286
62101291
62101252
62100649
62101381
62100319
62100732
62100698
62100678
62101500
62101750
62099582
62101773
62100448
62099890
62100296
62131945
62102000
62101778
62101844
62100734
62100419
62100013
62102280
62100842
62102129
62132602
62102535
62132641
62102388
62101378
62100443
62102648
62101359
62133038
62102750
62101221
62102481
62102786
62100766
62102906
62101505
62101265
62102161
62102296
62102007
62133352
62103192
62132942
62103035
62101781
62101619
62102450
62103286
62102262
62133806
62103261
62101440
62103395
62102183
62133749
62103621
62102829
62102270
62101699
62102610
62103660
62102749
62103321
62103499
62101801
62102453
62101512
62103026
62103019
62134146
62103908
62103872
62102776
62134522
62102707
62101803
62103932
62102870
62134263
62104178
62102689
62134849
62103030
62134382
62104325
62103614
62134593
62104304
62103274
62134553
62104555
62104444
62103399
62104339
62135185
62104572
62103927
62134815
62104811
62104663
62104877
62135126
62104941
62104857
62104022
62135247
62104846
62104623
62104684
62102960
62104970
62103750
62104760
62102995
62105119
62105039
62104086
62135685
62103418
62105256
62105168
62104720
62135838
62104770
62105511
62104296
62103844
62104774
62105502
62105487
62103866
62105718
62105625
62103539
62103905
62105822
62104465
62136178
62105747
62105642
62104922
62136162
62106047
62105912
62106161
62136290
62104765
62104667
62104753
62136363
62106127
62136434
62106203
62105016
62106903
62105419
62104451
62106516
62105388
62104840
62106320
62106475
62106603
62106746
62104653
62106740
62106691
62106777
62137086
62106958
62137173
62106927
62105263
62105676
62105893
62106131
62105611
62106404
62107259
62105954
62107067
62105961
62106437
62106017
62137547
62107171
62107149
62107381
62137628
62107524
62107315
62105833
62107852
62107383
62137966
62107610
62106062
62107362
62105526
62107615
62106457
62107363
62105678
62107794
62106355
62107608
62138037
62107690
62106641
62106152
62107686
62107888
62138154
62107939
62106656
62107762
62106802
62138247
62108011
62107815
62106957
62138295
62108115
62108062
62108146
62107216
62106757
62107109
62106461
62108605
62108600
62107185
62138772
62108767
62108595
62108790
62107298
62106931
62108828
62107995
62107178
62108237
62108973
62107870
62107259
62139339
62109169
62107905
62107294
62108343
62109236
62107929
62109044
62139634
62109433
62109311
62108448
62139836
62109615
62109909
62108178
62108730
62109575
62108523
62139941
62109692
62109788
62108922
62107766
62109458
62109671
62107431
62109676
62108566
62108115
62108562
62109704
62108577
62108033
62108787
62140257
62109423
62108986
62140480
62110045
62110054
62110214
62140346
62108759
62110159
62108998
62140325
62110313
62110110
62110455
62108328
62110366
62110228
62110466
62140763
62110603
62110611
62110531
62109263
62109836
62110637
62109442
62141249
62110854
62110643
62108760
62109484
62140811
62110731
62110573
62110938
62141210
62110995
62110534
62110797
62110441
62141599
62109968
62111142
62110540
62110457
62110998
62110001
62141805
62110296
62111302
62110155
62141696
62111474
62109528
62111203
62111018
62109398
62111576
62110113
62111187
62109604
62111831
62110871
62111488
62110641
62110213
62142196
62111998
62112074
62110906
62142452
62112095
62112069
62111044
62112070
62112363
62142376
62112103
62110681
62110555
62111437
62111599
62111623
62142892
62112468
62111615
62112621
62111539
62142789
62112583
62112441
62112734
62142960
62112656
62142773
62112591
62110894
62110856
62112747
62112673
62111955
62142984
62112783
62112707
62113004
62143127
62113090
62111817
62111811
62143460
62112901
62112726
62111044
62113225
62111811
62112909
62112559
62113226
62113317
62112423
62143849
62113595
62113925
62113730
62143793
62113770
62113560
62113704
62112563
62144186
62113981
62114323
62114073
62144348
62114052
62114046
62144141
62113800
62113681
62114127
62114088
62113352
62144394
62114186
62114136
62112872
62112990
62144636
62112892
62114244
62113132
62144828
62114539
62114309
62114354
62113617
62144814
62114635
62114488
62113453
62112811
62114206
62113908
62114808
62113688
62113298
62113193
62113667
62145319
62115057
62112953
62114703
62113276
62145135
62113855
62114360
62113785
62145660
62115282
62115562
62115314
62113214
62115340
62113639
62115222
62113818
62114737
62115428
62114281
62145880
62113910
62115413
62114324
62115220
62114136
62113955
62116037
62115330
62113654
62115832
62115738
62116121
62146192
62115998
62116031
62116444
62146422
62116051
62115856
62114136
62114691
62115099
62114833
62146280
62116172
62116044
62116403
62114259
62116290
62116165
62115102
62146809
62114944
62116436
62115022
62146715
62116288
62115951
62116562
62116417
62115348
62146878
62115269
62116641
62115212
62147033
62116786
62116614
62116870
62147146
62116873
62115165
62115663
62147261
62116981
62115641
62147524
62116187
62117111
62115888
62115368
62115346
62117413
62117357
62116189
62147729
62117415
62117534
62117437
62115269
62117525
62116258
62116144
62115475
62117798
62117203
62116754
62117507
62116449
62148079
62116383
62117837
62117802
62117009
62117053
62117775
62116737
62148424
62117177
62117909
62116779
62116294
62116214
62116547
62117889
62148610
62118100
62117133
62148351
62118375
62118117
62117542
62148842
62117382
62117435
62118353
62117079
62148618
62118294
62116832
62117995
62117621
62118254
62117634
62117135
62148665
62118240
62117506
62149099
62118422
62118663
62118889
62118061
62118920
62118087
62149268
62118933
62118882
62149015
62117678
62149334
62119031
62118914
62119262
62117046
62119084
62117765
62117444
62117362
62119217
62118912
62119229
62116934
62119023
62118040
62149446
62119310
62119128
62118205
62149497
62119343
62118079
62119161
62117627
62119534
62118318
62118086
62119446
62117760
62119704
62119477
62119278
62118764
62119480
62118800
62149769
62119665
62118459
62118110
62118992
62119765
62118552
62150213
62119758
62119732
62118845
62119264
62120051
62118863
62150585
62120192
62119958
62120193
62150630
62120320
62120151
62119030
62150504
62120403
62120268
62120313
62120163
62119119
62119203
62120302
62118899
62119425
62120814
62119634
62118543
62120690
62120658
62120830
62120961
62118872
62120971
62121095
62120950
62151292
62121037
62120991
62120882
62119004
62120972
62119260
62119686
62121192
62119753
62151548
62119694
62121323
62119984
62121014
62151573
62121430
62121757
62121310
62119573
62121476
62120137
62121284
62121810
62119853
62121608
62120847
62120057
62119685
62121688
62120780
62121787
62152355
62121878
62120490
62120418
62120800
62122073
62121166
62152518
62122231
62121235
62120816
62152624
62120376
62121333
62122137
62122288
62152653
62122510
62121106
62120730
62120347
62122528
62121559
62121204
62153044
62122595
62122539
62122395
62121863
62122670
62123588
62124690
62124817
62155085
62125123
62123777
62123219
62122900
62125103
62125023
62125278
62123828
62155775
62124079
62125240
62124137
62123659
62125113
62125751
62124419
62156080
62125735
62125739
62124640
62125508
62156046
62125911
62125790
62124515
62156457
62126155
62126029
62125209
62156514
62126357
62126116
62126164
62126190
62156705
62126737
62126431
62126755
62126753
62125366
62125634
62157062
62127002
62126504
62125620
62156941
62126853
62126605
62125610
62157100
62126843
62126588
62126730
62126720
62124487
62126712
62126720
62126101
62127033
62126799
62126056
62125172
62125746
62125136
62127128
62126288
62125635
62126653
62127532
62126107
62127353
62157869
62127537
62127406
62127358
62125811
62127577
62126279
62126088
62128012
62126745
62158188
62127907
62127912
62128308
62158495
62128257
62126627
62126619
62127857
62158581
62128452
62128252
62127360
62158876
62127629
62128442
62127243
62158948
62127090
62128706
62127917
62127050
62128041
62128824
62128709
62128522
62128021
62128763
62127623
62159210
62128872
62127993
62158988
62128622
62127477
62129022
62159334
62129335
62127860
62128828
62128879
62129099
62128010
62159513
62129209
62129009
62129357
62159943
62128161
62129399
62129323
62128586
62127874
62127528
62128691
62128282
62129637
62128464
62129658
62160184
62130180
62130501
62129417
62160663
62130298
62130378
62130053
62129916
62130287
62130221
62129498
62160888
62129722
62130489
62129426
62129294
62128632
62129476
62130334
62129331
62160728
62130587
62160717
62130364
62129309
62130393
62128717
62130792
62129518
62129192
62130986
62129664
62129652
62128823
62131143
62130053
62130814
62128840
62130912
62130914
62130421
62161396
62129173
62131008
62130372
62161482
62131331
62131093
62131313
62130702
62161617
62131492
62131643
62130335
62129955
62130851
62131655
62130409
62131452
62130566
62131821
62130592
62162428
62131851
62131633
62130568
62130136
62129884
62131017
62131631
62130982
62162203
62132137
62132025
62131025
62130420
62131195
62162344
62130961
62162637
62132506
62132511
62131343
62130860
62131906
62132830
62132573
62132003
62162988
62132886
62130738
62132987
62130832
62133048
62130910
62133019
62131303
62132311
62133005
62132046
62131461
62163399
62133137
62132010
62131555
62163465
62133399
62133333
62132539
62163876
62133671
62131506
62133384
62133278
62131574
62133800
62133833
62133152
62164360
62151905
62153041
62183009
62153082
62150810
62153081
62151635
62151842
62183382
62153404
62153178
62152033
62183782
62183562
62153626
62153509
62153515
62183865
62153903
62153666
62153950
62183809
62153840
62153151
62183886
62153498
62152967
62153702
62152613
62152199
62151854
62154043
62154279
62151831
62184028
62153929
62153679
62152799
62153415
62153033
62184567
62152446
62154131
62152730
62154403
62184381
62154410
62154624
62154336
62184609
62154366
62154278
62154301
62154077
62152593
62154305
62154162
62153326
62184861
62154534
62153688
62153230
62154190
62152661
62152295
62154678
62153523
62184625
62154507
62154663
62153683
62152944
62152660
62154673
62152965
62153048
62154924
62154840
62153831
62185254
62155139
62155199
62154041
62185561
62153526
62154410
62154331
62185681
62154887
62154180
62155042
62154049
62185654
62155483
62155488
62153392
62155420
62153479
62155423
62155549
62185802
62155638
62155968
62154759
62153945
62153562
62155750
62156073
62154563
62155810
62154124
62155016
62155909
62154587
62154262
62153958
62156245
62156128
62156245
62156011
62154430
62154129
62156153
62154916
62155792
62186327
62156206
62156190
62156378
62186721
62155633
62156420
62156210
62155269
62156239
62156120
62155719
62156554
62155212
62156700
62187127
62155366
62156654
62155504
62155295
62154728
62156868
62156710
62156207
62187592
62155538
62156072
62156876
62187221
62157074
62157376
62156075
62155620
62155197
62157351
62156447
62156494
62187494
62157276
62157724
62156287
62187989
62156772
62157601
62156406
62157439
62187819
62156986
62188162
62157913
62156827
62156219
62156045
62188011
62158083
62157735
62156687
62157669
62188234
62157939
62158087
62157176
62156375
62156019
62158153
62156156
62157371
62156136
62158212
62158706
62157210
62188929
62157636
62158389
62157204
62158355
62158598
62188649
62158598
62158586
62157370
62157120
62157895
62158778
62157545
62156981
62158051
62156963
62158644
62157709
62158066
62158897
62157798
62157435
62157035
62159236
62158982
62158946
62158670
62158204
62159151
62158996
62158138
62189508
62159307
62159161
62159306
62157871
62157429
62189388
62159514
62159526
62159258
62159541
62189780
62159602
62159508
62158583
62157861
62189933
62158367
62190026
62159795
62159572
62159855
62190070
62159976
62160073
62158731
62158173
62158470
62190078
62160274
62160588
62159200
62160155
62158709
62158809
62160583
62159462
62160553
62191106
62159520
62160366
62160864
62160944
62160356
62160325
62160400
62161351
62159844
62161018
62159233
62160618
62161081
62160548
62191603
62161300
62161396
62160662
62191737
62160731
62161704
62160405
62161399
62160159
62159416
62161548
62160589
62161379
62191951
62161757
62161666
62160679
62160238
62192289
62162067
62192207
62161949
62160784
62160455
62161323
62162195
62161985
62161079
62192613
62161099
62160889
62162365
62161653
62192629
62160701
62162259
62161095
62160574
62192544
62162657
62162303
62161426
62160947
62160636
62162605
62161406
62162341
62160525
62162617
62162309
62160366
62162667
62162546
62161612
62193247
62162822
62162865
62161676
62162558
62160872
62162951
62162830
62163213
62193352
62163127
62162794
62162619
62162571
62160758
62162860
62161520
62162861
62193247
62163025
62161244
62163010
62161372
62161538
62163052
62161976
62193619
62161296
62162998
62163157
62162887
62162428
62163372
62162605
62163488
62162740
62161708
62161452
62163152
62163679
62193936
62163783
62163745
62162666
62194330
62163150
62163999
62163843
62163224
62162057
62162198
62163712
62163661
62161940
62162617
62161881
62163908
62162702
62194343
62164154
62164035
62163502
62194654
62163369
62163188
62164002
62164011
62162291
62164431
62163201
62162730
62162252
62164509
62162060
62163171
62194627
62164469
62164386
62164384
62194736
62164817
62164565
62164485
62164236
62163954
62164635
62164746
62163738
62195400
62163490
62165091
62163643
62164721
62195404
62165056
62162894
62163756
62163249
62164342
62165183
62163875
62164850
62195415
62165280
62165202
62165113
62164996
62164625
62165368
62164306
62165216
62195930
62165629
62164933
62164490
62163379
62195946
62165940
62165747
62166116
62196560
62164806
62166007
62165358
62165618
62165852
62164390
62164147
62165144
62165936
62164654
62165989
62166306
62166131
62164998
62165540
62164960
62196424
62166606
62166497
62165210
62166516
62196802
62165107
62166641
62165372
62196913
62166722
62166608
62166143
62197072
62166878
62166888
62165490
62166592
62165463
62196930
62166809
62167148
62197390
62167229
62167278
62167286
62167123
62166745
62167466
62166367
62166655
62198231
62166312
62167801
62166432
62168118
62167428
62167106
62167934
62166774
62166093
62165963
62168004
62168296
62167019
62167889
62167881
62167923
62167936
62168126
62167454
62167090
62166454
62198497
62168325
62167704
62166976
62168091
62167595
62168466
62168413
62168346
62199040
62167872
62168761
62167562
62168722
62167107
62168473
62168898
62167610
62167240
62168337
62169100
62169041
62168524
62199809
62168524
62169181
62167497
62168912
62167416
62168400
62169361
62167990
62169505
62199702
62168019
62167436
62169441
62168038
62168883
62169732
62168943
62169800
62169723
62168049
62167831
62168901
62169712
62168472
62169573
62200044
62169939
62169927
62169883
62168244
62170024
62168983
62200495
62170243
62170136
62169240
62200664
62168315
62168268
62170310
62169388
62168896
62169931
62170635
62169317
62170730
62200964
62171044
62170129
62170748
62170554
62170009
62170652
62169324
62170914
62201117
62171167
62171109
62171081
62170246
62169488
62201312
62170455
62171315
62171796
62170691
62202031
62169829
62171401
62170344
62170045
62170971
62202008
62171569
62170504
62202195
62170217
62171703
62170648
62170114
62169779
62171978
62172098
62171979
62202180
62170282
62170189
62171817
62171581
62171911
62171704
62171963
62202277
62171990
62170079
62171941
62170938
62202224
62170368
62172151
62171890
62170882
62202583
62171894
62171146
62172154
62172297
62172041
62170474
62172611
62171412
62170834
62171869
62172783
62172478
62171010
62172832
62172738
62172529
62202919
62172688
62171554
62203215
62172870
62172785
62171648
62172806
62171267
62172763
62173054
62203010
62173066
62171757
62172831
62174725
62203514
62173336
62173615
62172606
62203839
62171380
62173387
62173338
62172770
62204029
62171610
62171898
62172256
62172507
62173753
62173578
62173153
62173912
62173791
62173375
62203979
62173873
62173679
62173235
62204263
62173758
62174058
62171667
62172218
62174056
62173762
62173194
62204359
62174210
62173432
62172961
62172403
62173411
62174075
62174043
62173959
62173850
62173195
62174040
62172923
62172366
62172164
62174411
62173068
62174373
62174304
62173749
62174426
62173378
62172810
62172352
62174564
62204894
62173216
62204789
62172987
62174637
62173452
62174605
62204962
62174950
62174983
62176121
62175329
62177329
62177346
62177717
62176104
62176705
62177400
62176851
62208624
62177619
62178181
62178499
62176124
62178343
62177085
62176760
62177720
62178524
62208737
62176523
62177018
62178277
62177874
62208962
62178800
62177289
62176998
62177921
62177857
62177499
62209288
62178821
62179062
62179042
62176898
62178976
62177692
62177313
62177663
62178998
62179069
62179373
62177300
62179392
62178039
62177649
62178722
62179478
62178269
62179117
62177395
62179297
62177662
62177974
62179679
62178838
62210059
62177883
62179605
62178254
62209873
62179830
62178425
62179821
62178557
62210290
62177813
62180005
62179873
62180180
62178033
62180289
62178978
62210738
62180331
62180130
62210458
62179249
62210432
62180448
62179135
62178741
62179790
62180581
62179348
62180385
62182370
62210866
62180823
62179443
62211141
62179472
62180790
62179574
62211186
62180736
62179650
62181117
62179816
62181041
62179565
62179288
62180293
62180964
62210845
62179306
62181210
62181105
62180078
62211535
62181206
62180385
62211622
62181615
62181323
62181678
62211881
62181277
62181602
62179981
62179827
62181680
62181468
62181615
62180226
62181248
62182089
62181190
62212045
62182018
62181369
62212307
62182301
62180921
62180452
62183906
62182047
62182007
62182164
62180092
62182307
62181046
62180397
62180147
62182284
62181638
62181555
62181346
62182042
62212621
62182522
62181828
62212696
62182833
62182640
62183087
62212890
62182769
62182690
62181526
62212916
62182844
62181672
62213425
62182980
62183366
62183118
62213374
62183135
62182918
62180845
62213476
62183182
62181822
62181511
62182437
62183287
62182084
62181660
62182746
62182670
62183402
62182268
62213709
62182646
62182227
62213663
62183497
62183428
62183797
62181723
62182032
62183505
62183747
62213972
62183870
62183769
62182756
62182222
62214133
62182719
62183123
62182539
62182143
62183099
62183972
62183207
62214772
62184389
62214501
62183122
62214619
62184463
62184106
62184369
62214473
62182651
62184373
62183462
62215041
62182998
62184727
62183371
62182827
62182530
62184712
62184564
62184988
62215201
62185008
62184901
62184511
62184423
62215424
62183475
62184933
62183871
62183351
62184393
62185213
62215376
62183911
62215612
62185117
62184134
62184910
62183354
62185523
62185378
62183466
62185354
62215837
62185587
62184341
62183872
62184890
62185645
62184354
62183994
62184962
62185892
62184577
62184660
62216319
62186089
62185034
62184450
62184208
62186311
62186214
62185470
62185286
62184388
62186542
62186356
62185376
62216879
62186640
62186557
62186912
62185457
62217027
62186782
62186712
62185765
62217135
62186971
62186843
62185904
62217343
62187068
62186827
62187086
62217260
62187116
62185585
62186949
62186730
62185171
62186457
62217245
62187143
62185847
62187210
62187060
62186419
62187169
62185130
62187313
62186200
62217798
62187437
62187316
62186370
62217949
62187737
62217773
62186951
62217870
62187963
62187637
62187790
62218080
62187864
62187758
62187250
62187806
62218234
62188075
62186719
62186200
62186341
62188004
62186966
62218627
62186992
62188118
62187469
62187054
62218886
62188332
62188234
62187082
62218572
62186694
62188515
62187381
62186899
62187846
62188640
62187462
62219318
62188866
62188670
62187778
62219143
62188902
62188836
62188292
62189001
62219066
62187757
62219311
62189038
62188941
62188537
62219678
62189377
62189774
62188252
62187578
62219689
62189489
62219963
62188342
62188846
62188904
62219796
62189782
62189634
62219713
62189034
62220061
62189889
62190386
62188985
62220176
62190178
62190053
62189314
62220373
62190094
62190092
62189689
62190128
62189956
62189833
62189401
62190290
62189029
62188630
62188543
62189486
62190191
62190530
62220701
62190245
62190608
62220778
62189301
62190735
62190585
62188562
62190088
62190753
62191051
62221080
62191098
62189821
62221165
62191119
62189924
62189442
62189447
62190584
62191004
62190085
62189668
62189324
62191464
62191298
62190356
62221542
62191523
62191389
62221600
62191294
62221691
62191660
62190643
62221974
62191956
62190503
62190020
62190783
62191665
62190470
62191379
62191033
62191873
62190530
62191772
62222259
62192008
62191966
62192331
62191642
62191251
62192230
62191440
62222605
62192585
62192186
62191762
62222890
62192593
62192379
62192439
62191338
62222732
62192702
62192523
62191641
62223032
62192847
62192740
62191886
62223203
62223042
62191554
62223348
62192954
62192812
62193218
62223329
62193194
62193581
62192959
62191736
62223483
62191476
62193187
62192113
62191542
62191555
62193401
62192247
62191870
62193249
62192335
62193489
62193599
62191534
62193550
62192217
62191529
62193559
62223620
62192131
62193777
62192732
62224366
62194051
62193748
62193153
62224312
62194025
62193587
62192146
62192626
62193986
62192863
62192302
62192223
62194263
62193007
62193954
62193934
62193970
62194153
62224520
62193771
62192499
62194465
62193279
62224950
62194653
62193012
62193078
62194685
62193906
62224751
62194815
62193277
62194226
62192604
62194673
62193838
62194585
62194447
62194141
62194870
62193709
62193178
62194087
62193772
62194258
62193767
62225384
62195011
62195464
62194069
62225558
62195453
62194630
62194071
62195514
62194410
62195235
62195207
62194775
62195590
62194278
62193758
62194878
62225671
62195467
62193985
62194805
62195660
62194431
62193901
62194936
62195713
62194497
62194117
62194497
62195920
62195795
62195916
62194275
62194492
62196365
62195095
62194510
62194407
62196075
62196535
62196377
62196747
62198219
62195548
62196849
62196540
62196429
62196360
62194581
62196670
62197076
62196963
62196577
62194626
62196766
62195492
62195283
62227205
62197103
62196982
62196173
62227529
62195683
62197236
62195996
62197039
62195340
62197542
62196032
62195758
62196630
62197447
62227591
62196118
62227825
62197500
62197402
62197258
62195487
62197566
62196309
62227978
62196039
62197623
62197430
62197815
62227887
62197733
62197561
62197807
62228263
62197876
62197733
62196739
62196154
62196034
62197907
62228306
62198077
62197740
62196629
62196006
62198283
62198002
62197032
62228598
62197143
62198321
62197015
62196718
62196370
62198438
62197325
62196870
62196685
62198494
62197295
62198253
62197162
62197135
62197776
62197319
62228648
62198463
62198246
62198564
62198313
62228707
62198711
62198481
62198396
62196618
62197469
62229023
62198821
62198343
62198956
62198762
62198210
62199161
62197874
62197347
62197251
62199132
62197138
62197888
62199163
62229839
62199336
62199090
62198207
62199285
62198316
62229752
62199563
62198727
62197756
62199584
62197681
62199364
62198488
62229850
62199735
62198334
62198009
62197678
62199094
62198596
62198114
62198489
62230118
62199938
62198622
62199720
62199284
62200122
62200038
62199139
62230520
62200302
62200081
62230274
62200459
62230741
62200406
62200326
62200723
62230833
62200677
62200446
62200621
62231035
62200873
62200801
62200805
62199258
62201173
62200961
62231147
62201135
62199793
62199362
62202699
62231289
62200914
62199322
62200811
62198966
62201037
62200487
62231490
62201499
62200314
62232026
62199871
62200927
62200618
62201638
62201607
62200641
62231993
62201800
62199736
62201639
62232003
62201877
62200322
62201513
62200989
62201211
62201025
62232497
62232104
62201989
62201027
62232645
62201168
62201699
62201191
62200722
62201580
62202497
62202155
62232797
62202338
62202146
62201824
62202419
62201330
62200957
62201942
62202647
62201506
62200959
62200819
62202908
62202466
62201699
62233290
62203129
62202960
62203192
62233317
62203233
62201798
62201912
62233493
62203340
62203168
62201794
62201565
62201483
62203353
62202278
62234024
62201951
62203476
62202291
62201672
62203804
62202930
62234320
62203951
62202652
62202195
62202619
62203974
62203836
62202317
62202906
62204063
62204231
62234377
62204272
62204014
62202941
62234741
62202845
62204403
62203540
62234905
62204680
62204719
62204317
62204283
62203800
62204505
62203344
62203063
62234984
62204876
62204891
62203589
62204668
62234966
62204827
62204205
62235323
62205138
62205041
62205222
62235323
62203955
62205133
62203687
62203396
62203674
62204770
62204624
62235488
62205495
62205347
62205277
62205372
62203502
62205489
62205325
62203585
62205653
62204540
62236348
62205786
62205847
62205822
62204207
62206143
62204982
62236657
62204536
62205773
62205280
62204957
62206353
62204726
62206054
62205574
62205667
62205878
62236938
62206743
62206563
62205650
62206200
62205401
62206007
62206022
62237172
62206870
62207066
62206229
62206754
62204722
62206322
62205852
62237381
62207130
62207053
62206909
62205162
62207308
62237219
62205886
62205897
62207133
62206903
62237433
62207317
62207138
62206191
62237632
62207449
62207246
62207608
62205630
62206288
62206756
62206152
62205471
62207488
62206605
62237761
62207543
62206169
62205348
62207764
62207777
62207597
62207426
62207106
62207763
62206551
62207756
62238188
62208081
62208100
62206939
62238433
62208500
62206962
62206586
62206327
62208597
62207337
62238960
62208601
62208068
62208389
62207388
62238809
62208642
62208432
62208302
62206468
62208904
62208283
62238730
62208627
62207239
62208337
62207300
62207428
62207503
62206647
62208841
62207517
62207220
62206885
62208837
62207635
62207238
62208795
62207780
62209397
62209262
62209110
62208021
62239428
62209075
62209032
62239047
62207773
62239175
62209146
62239538
62209061
62207469
62207620
62209188
62209337
62239536
62209407
62208823
62239779
62209811
62208575
62207969
62208329
62209717
62208745
62240359
62208311
62209958
62208855
62240588
62211676
62210460
62242135
62212103
62211013
62242770
62210757
62212708
62211252
62212306
62212021
62212626
62212557
62212017
62210782
62212723
62211538
62243398
62211252
62212267
62211882
62243330
62212654
62212138
62212840
62213108
62243196
62213179
62213027
62211406
62213419
62211060
62213149
62212929
62212059
62213476
62212830
62243907
62213792
62213746
62212503
62211823
62212742
62213553
62213433
62243855
62213857
62214003
62212902
62244360
62214135
62214041
62214417
62212500
62214220
62213837
62214389
62213081
62244762
62214478
62213077
62212797
62213781
62214619
62213266
62214411
62214661
62213476
62245145
62214921
62215214
62214909
62212823
62214840
62214800
62214766
62212964
62214400
62213998
62245489
62215108
62215161
62215336
62245395
62215424
62213822
62213995
62213564
62214584
62214653
62215191
62245842
62214586
62215558
62215395
62214572
62215646
62215516
62245763
62215538
62214585
62245841
62215867
62216022
62215099
62246199
62213883
62214108
62215237
62214051
62216178
62215017
62246753
62216240
62216327
62215060
62246720
62214766
62216139
62215617
62246718
62216557
62216272
62216555
62246803
62216695
62215951
62215384
62215018
62214749
62216934
62216744
62217068
62247118
62217109
62216953
62216058
62247422
62215159
62215658
62247201
62216890
62216875
62216815
62215017
62217085
62215907
62215411
62217140
62217427
62217118
62247608
62217451
62216239
62217484
62216768
62247886
62217575
62247987
62217558
62215414
62217560
62216409
62248207
62216532
62217709
62216685
62216115
62216205
62248108
62218025
62218320
62217763
62248207
62218139
62218240
62217010
62248471
62218257
62216917
62216501
62217533
62218032
62218471
62218554
62217598
62217732
62217817
62248650
62218617
62218397
62218652
62218669
62248805
62218974
62218689
62218993
62249247
62219031
62217558
62216706
62249399
62219201
62217872
62249722
62219420
62219435
62219404
62219427
62218307
62249923
62217856
62217218
62218192
62249417
62219410
62217897
62249780
62217775
62219257
62217400
62218200
62249760
62219570
62219415
62219647
62249857
62219626
62219549
62218679
62219284
62219703
62218777
62250248
62218333
62219726
62219680
62219501
62217716
62219876
62219017
62250346
62218303
62219946
62218909
62218362
62218058
62220311
62219106
62220514
62218450
62220074
62218065
62220165
62218506
62219614
62220284
62219274
62220379
62250693
62220508
62219594
62251114
62220970
62220858
62221061
62220164
62219799
62251210
62219460
62221047
62219687
62251364
62221068
62220920
62220742
62219066
62221199
62219903
62220388
62219050
62221077
62220053
62251482
62221439
62220346
62251891
62220249
62221508
62221633
62220544
62251646
62220409
62221671
62221015
62252113
62221869
62221789
62221618
62219723
62221839
62221688
62252007
62221742
62220836
62252161
62220418
62222016
62220729
62221736
62219896
62222043
62221014
62252402
62222223
62220747
62221918
62220198
62222338
62222131
62221055
62252515
62222308
62222136
62222306
62221624
62221057
62220627
62220422
62220636
62221130
62252853
62222566
62221120
62220782
62221742
62222485
62221526
62221020
62220930
62222817
62222610
62222606
62253158
62223080
62222867
62223157
62253369
62223088
62222991
62222497
62221149
62223258
62222623
62253488
62223416
62223309
62223592
62253570
62223575
62223539
62221839
62223728
62223440
62223374
62221582
62223599
62222264
62223242
62253800
62224149
62223488
62223155
62223908
62222856
62222264
62223231
62223499
62223812
62222102
62224005
62223833
62224167
62254286
62224127
62222894
62254505
62224278
62224191
62224342
62223417
62224170
62223081
62254909
62224638
62224451
62224453
62222774
62224626
62224447
62224474
62222682
62224822
62223535
62223168
62224136
62224987
62255073
62223607
62255009
62224976
62223780
62223336
62224293
62225110
62223936
62223481
62224328
62224344
62225067
62225022
62223391
62225626
62224476
62223881
62223563
62225752
62225532
62224124
62256127
62224013
62225697
62224673
62256320
62224552
62225767
62224760
62226268
62256334
62225965
62224948
62256500
62226074
62225945
62224397
62226232
62224855
62223849
62226000
62225807
62224873
62226653
62226692
62225604
62257172
62225174
62226744
62225734
62226816
62225074
62227028
62225641
62225437
62226397
62227102
62225954
62257638
62225701
62257566
62227114
62226987
62226528
62227230
62226209
62225511
62226124
62227302
62226121
62225731
62227140
62225631
62227820
62225712
62226162
62227387
62226311
62225750
62226696
62227639
62226475
62225860
62227182
62227816
62227636
62226771
62258089
62227872
62227782
62228175
62226094
62226293
62226815
62228024
62228022
62228176
62226926
62228135
62227854
62258370
62228452
62228679
62227537
62226435
62228481
62228407
62228334
62228286
62226517
62228596
62227466
62226932
62227182
62228578
62228597
62228918
62258970
62228958
62228830
62229134
62227396
62229014
62228821
62228753
62227077
62229108
62227701
62227362
62227120
62229225
62229160
62228823
62227996
62229218
62229488
62227272
62229406
62229336
62227701
62229923
62229292
62259855
62229542
62259752
62229601
62228806
62229538
62228748
62260227
62230014
62230314
62230043
62260145
62229851
62229706
62229055
62229812
62228204
62229149
62229774
62229354
62260320
62230164
62230567
62230399
62260548
62230039
62230471
62229750
62260862
62230604
62230411
62229328
62260722
62230650
62228657
62229596
62261219
62229040
62230673
62230797
62261057
62230762
62230583
62229332
62230540
62229173
62230841
62230002
62261396
62231327
62231184
62230641
62261511
62261579
62231169
62231402
62261541
62231535
62231274
62231263
62229412
62231529
62231654
62252260
62283807
62253654
62253427
62253355
62252861
62253566
62252504
62284181
62253603
62253357
62252710
62253726
62253634
62283746
62251940
62253501
62252551
62284151
62252037
62253681
62252602
62283919
62253900
62252678
62284400
62252762
62254049
62252840
62253767
62284554
62254315
62252978
62254388
62253603
62252345
62254594
62253056
62254165
62252505
62254673
62253950
62253541
62253330
62284894
62254843
62253512
62285337
62253702
62254954
62253906
62255006
62253166
62253613
62254965
62254986
62252872
62255012
62253725
62253266
62254271
62254177
62253562
62285579
62253587
62254502
62254217
62285592
62255836
62255118
62254659
62254487
62255101
62253671
62253929
62255517
62254640
62286060
62254434
62255686
62254447
62254174
62253733
62255896
62255868
62254611
62286123
62255983
62286428
62254850
62286423
62256059
62254957
62286648
62256289
62256231
62255030
62254510
62255603
62255605
62256331
62254761
62254638
62256446
62255599
62256614
62287128
62256841
62255571
62287356
62256951
62256888
62256077
62287218
62255657
62255434
62255925
62287421
62257142
62257216
62257387
62287732
62257517
62255371
62257070
62256933
62255331
62255946
62287674
62257491
62256093
62255714
62257443
62256158
62255823
62255976
62257630
62256712
62255583
62257891
62256414
62257502
62255878
62258099
62257091
62256818
62255908
62258188
62256952
62288502
62258295
62258078
62257883
62256812
62258321
62258175
62258178
62256437
62258396
62257348
62256763
62257760
62258025
62258528
62257941
62288822
62257333
62257025
62259240
62259212
62289111
62259061
62257701
62257287
62258306
62259075
62289144
62257745
62257370
62257859
62258537
62258404
62289583
62257630
62259386
62258058
62259211
62258470
62259268
62258048
62257582
62289631
62259661
62289964
62259726
62258352
62258003
62258964
62259819
62258593
62258124
62257917
62258910
62259682
62259908
62290051
62260023
62259875
62260213
62290150
62260069
62260242
62258796
62258571
62258637
62260383
62259208
62290828
62259608
62260473
62258421
62259185
62290908
62259814
62260595
62259485
62291108
62258736
62260715
62291004
62260547
62291016
62260778
62259884
62291157
62260877
62260705
62260968
62291042
62259113
62261088
62259598
62259338
62291272
62260977
62260862
62260813
62258970
62261083
62260041
62260034
62260055
62260739
62261401
62261317
62260491
62291672
62261546
62261542
62261422
62259623
62261777
62260722
62260516
62260513
62260347
62292363
62260495
62261926
62260840
62292342
62260544
62260191
62261872
62261562
62261923
62261489
62260725
62292437
62262092
62262021
62262305
62262456
62260491
62262780
62262274
62261845
62262475
62261492
62293094
62260901
62262544
62262495
62261233
62261107
62262813
62262307
62261980
62262644
62261537
62260952
62262542
62260864
62263052
62261977
62261509
62262452
62263229
62262127
62261583
62262765
62262278
62293942
62263562
62262405
62261900
62293553
62263274
62263605
62263490
62261366
62263311
62262438
62263209
62262181
62263485
62263377
62263512
62261663
62263164
62263533
62263033
62263839
62262313
62294134
62263861
62263805
62263958
62294053
62263947
62263840
62263422
62294326
62262557
62263826
62262725
62261934
62264220
62263005
62294711
62262544
62264601
62263229
62294700
62264427
62264429
62263272
62294665
62264795
62263415
62263015
62262694
62264110
62263773
62295056
62264036
62265166
62267120
62265959
62297486
62267801
62297644
62267557
62266332
62297956
62266379
62267525
62266971
62298143
62267815
62267786
62268067
62298096
62268074
62266761
62267957
62266312
62268010
62268353
62268152
62298393
62268257
62268168
62267082
62298533
62266761
62268417
62298707
62267411
62266678
62268671
62268043
62299096
62268809
62268653
62268810
62299059
62269042
62266646
62268892
62267781
62266925
62269025
62267675
62299466
62267960
62269245
62268006
62268029
62299634
62269538
62269331
62269246
62267617
62269460
62268425
62268022
62269030
62269016
62299992
62268681
62268387
62268582
62269828
62268779
62268128
62270313
62270046
62270424
62300653
62270403
62270188
62270013
62300441
62270238
62269197
62300797
62268717
62270385
62270590
62270186
62268845
62270324
62270490
62270356
62270768
62270833
62268934
62270226
62270032
62301130
62270951
62269796
62268958
62268664
62270665
62301134
62270612
62301212
62270990
62270987
62271118
62301324
62271451
62271067
62269491
62271292
62270613
62270301
62301651
62271463
62271680
62270544
62271363
62301820
62271518
62270797
62301971
62271766
62302131
62271874
62271578
62271581
62273434
62270138
62271793
62271877
62269892
62272076
62271454
62302401
62272203
62272185
62271626
62271939
62272259
62272278
62272284
62272427
62272469
62271274
62271761
62272551
62271619
62303324
62273006
62272881
62272787
62272654
62273254
62272438
62303506
62273480
62272193
62271553
62271780
62273372
62303919
62303367
62273172
62273361
62271275
62273477
62273491
62272959
62271622
62273768
62272642
62304261
62273886
62274033
62272916
62304189
62274088
62273936
62273407
62304493
62274295
62273576
62304702
62274566
62274417
62272825
62273308
62304547
62274455
62273331
62272853
62273707
62274613
62273529
62272988
62273245
62272934
62274634
62274950
62305095
62274929
62274897
62273707
62274708
62304828
62274658
62273648
62273578
62305511
62275070
62274977
62275282
62274361
62305586
62275583
62275458
62275553
62305616
62275559
62275387
62275646
62305792
62275663
62275558
62275417
62274812
62305967
62275817
62274453
62275612
62273943
62273993
62275499
62275790
62273659
62275885
62274644
62274245
62275668
62273888
62275775
62306089
62276074
62274916
62274444
62274555
62276123
62275219
62274614
62275714
62276388
62275319
62274827
62275616
62276462
62276314
62275959
62276466
62276049
62275049
62276617
62275312
62307018
62276667
62276509
62306771
62276638
62275298
62276444
62275523
62276697
62276960
62307071
62277070
62277154
62277410
62275315
62277376
62276082
62276054
62276482
62277272
62277666
62275494
62277501
62276415
62308141
62277765
62277613
62277458
62277424
62277710
62278089
62276638
62307927
62277880
62277635
62276793
62308126
62277885
62277730
62276202
62277826
62277821
62277814
62275971
62278038
62276949
62276283
62277771
62276918
62278198
62278247
62277568
62276230
62278588
62277345
62276838
62276518
62278787
62277504
62276957
62277204
62278564
62278607
62277380
62277134
62277961
62278693
62277563
62309366
62277721
62279059
62277373
62277716
62309064
62278979
62277733
62277548
62278093
62279359
62279511
62279230
62278001
62279469
62278283
62309673
62279520
62279362
62278210
62279324
62309771
62279583
62279540
62279429
62278935
62279752
62310446
62280094
62279094
62278088
62280341
62279573
62310388
62278715
62280005
62278820
62278620
62279424
62280166
62279271
62310954
62280399
62278490
62278943
62310622
62278308
62280287
62279160
62278756
62279624
62280425
62279174
62280262
62278545
62280644
62280588
62279677
62310757
62280738
62279354
62278989
62279987
62280740
62310887
62279783
62311178
62281011
62280839
62280818
62279012
62281031
62279765
62279331
62311560
62281324
62280155
62311895
62281464
62281736
62281128
62311604
62281668
62279272
62281297
62281133
62280776
62281092
62312027
62281905
62281773
62281802
62279909
62281415
62281875
62280619
62312084
62282016
62280457
62280313
62281099
62281845
62280931
62281983
62312387
62282132
62282048
62282433
62312463
62282348
62282183
62281435
62312882
62281418
62282365
62281097
62280742
62281206
62282583
62282832
62312806
62282688
62282498
62282513
62280506
62281387
62313280
62282811
62282936
62281683
62281160
62281303
62282406
62282520
62281715
62282940
62282066
62313660
62283271
62283234
62313258
62283082
62313405
62283344
62282098
62281657
62282575
62283696
62282755
62282525
62282332
62282682
62283739
62282812
62314027
62284131
62282522
62282239
62281907
62284122
62283892
62284176
62283229
62283968
62284324
62314298
62284207
62283066
62314823
62284434
62282593
62283199
62282296
62284317
62283320
62314837
62284663
62284867
62283690
62283629
62283400
62284445
62284919
62314942
62284967
62284802
62283883
62315255
62283548
62283528
62285353
62284671
62283740
62284968
62283543
62283450
62283121
62285025
62283868
62283512
62283948
62285350
62284181
62315938
62285469
62285392
62283509
62285264
62284437
62315802
62284140
62285448
62283967
62284845
62285751
62284621
62316069
62286011
62286331
62285723
62284571
62316110
62286021
62284808
62284627
62286100
62286442
62316565
62286359
62284796
62316379
62286192
62286047
62284895
62284258
62286210
62285100
62284659
62284919
62284653
62286764
62285651
62317496
62287174
62287039
62286686
62285960
62286544
62287089
62287305
62286524
62287245
62286239
62317611
62287341
62287732
62287070
62287351
62285546
62287073
62285919
62286492
62287241
62286175
62285193
62317613
62287414
62286147
62285267
62286779
62287357
62285500
62287719
62317731
62286821
62317886
62287722
62286189
62286065
62286859
62287628
62286498
62287726
62287433
62287954
62287731
62288103
62318228
62288181
62286883
62286456
62287587
62288295
62287179
62286874
62286618
62288340
62288185
62288053
62287102
62288477
62287516
62319046
62288859
62288607
62287699
62319040
62288918
62319021
62288457
62287102
62288641
62288753
62286979
62289033
62287905
62319574
62289186
62288939
62288899
62287102
62288666
62289338
62287747
62289379
62287497
62319518
62289243
62319791
62289569
62288100
62289417
62288685
62319905
62289630
62288670
62320404
62290169
62290665
62290192
62320267
62290246
62288781
62289980
62320255
62290286
62289556
62320688
62290421
62290286
62290293
62320679
62289008
62290462
62289085
62288864
62290478
62290804
62320768
62290828
62289647
62290989
62289936
62290625
62289031
62289107
62290839
62289709
62321422
62289297
62289203
62290800
62289233
62289718
62291021
62290059
62321572
62291386
62291265
62290141
62289661
62289185
62289985
62321783
62290378
62291714
62321827
62290733
62291681
62289475
62291605
62290338
62322344
62290697
62291791
62291121
62322126
62291877
62292323
62290762
62322178
62292218
62292076
62291120
62322664
62292340
62292276
62291965
62292244
62290922
62290668
62290286
62292279
62291231
62292293
62322444
62292303
62291152
62322664
62292593
62292391
62323090
62292472
62291187
62322960
62292826
62291292
62291057
62291476
62292842
62291691
62291014
62291626
62291216
62293353
62293235
62323269
62293047
62291964
62291434
62291065
62293256
62292068
62323725
62293233
62293114
62291744
62293470
62292390
62323582
62293404
62292103
62293367
62293606
62292870
62293625
62292884
62323781
62293759
62292406
62292035
62292343
62293851
62292708
62324047
62293968
62292811
62324255
62294178
62294024
62294221
62293415
62324165
62294269
62294117
62294325
62324495
62294439
62294446
62293214
62324861
62292900
62294404
62293277
62292897
62293419
62294569
62294939
62324924
62294812
62293620
62294518
62293004
62294754
62294865
62294562
62294508
62293942
62294179
62293868
62325059
62295040
62294905
62292787
62294903
62325075
62295565
62325335
62295286
62294122
62325806
62294124
62295321
62294380
62293580
62295018
62295331
62295291
62294647
62325729
62295399
62295258
62293474
62326031
62295609
62294629
62325997
62295818
62294444
62294052
62295152
62295779
62293718
62294532
62326340
62296082
62296476
62295076
62326363
62296156
62295799
62296221
62295746
62294609
62296244
62295482
62326711
62296438
62296317
62296226
62326976
62296573
62296527
62296471
62294553
62296652
62295475
62327074
62295331
62295171
62296709
62296446
62295919
62296778
62295524
62326871
62296808
62296675
62296947
62327132
62297017
62295705
62295456
62295172
62296447
62296116
62295569
62295378
62295631
62297541
62296789
62328009
62297859
62297712
62296715
62328048
62295861
62297671
Peak: 62328742
Average: 61525750.65048459
