0
164865
622848
715025
1659373
2322992
2758360
3049592
3576918
3855132
4381376
5303214
5384492
5730709
6199330
6681051
7117345
7354999
7764092
8321808
8743004
9019817
9338136
9563137
9967449
10668497
11117882
11727403
12415710
12724931
13063753
13543509
14353356
14747791
15390521
15779713
16289128
16509649
16638666
16704014
17048876
17214052
17501057
17888917
18041923
18262845
19562317
19383983
19565340
19673093
19675761
19910421
20102130
20249991
20419844
20820843
21346035
21731380
22141913
22692455
23247526
23493653
23945479
24260081
24424461
24584667
24730623
24930781
25100506
25412615
25818056
26121535
26619238
26994654
27600279
28288842
29150403
29811049
29909195
29914303
29916923
29932092
29942728
30094903
30535698
31203573
31467914
31785249
31947407
32242341
32325738
32429234
32471467
32581582
32776776
33157488
33201307
33785471
33844493
34334732
34549520
34629947
34675934
34647200
34729394
35037957
35192759
35736771
35861563
36264676
36741541
36812527
37069882
37757166
38367201
38367610
38367697
38367527
38179257
38653810
38739399
38991716
39120212
39198650
43143264
43179763
43432891
43569445
44103029
44144069
44220826
44266572
44301550
44368336
44436451
44469913
44533955
44602390
44658700
44653768
44889983
45101591
45188091
45642266
45832805
46091955
46674365
46831579
46867377
47069725
47170677
47229456
47456292
47536095
47653263
47970971
48105719
48347846
48556689
48679741
48939826
49318390
49373692
49375581
49379133
49381725
49384325
49387078
49388788
49392537
49395087
49397714
49399779
49402635
49404883
49407532
49410372
49413545
49416335
49418001
49421552
49423255
49426928
49429528
49431770
49434373
49436954
49439272
49442852
49445502
49447710
49450315
49450341
49451128
49454774
49457232
49380101
49517483
49620908
49763023
49925153
50165599
50256301
50344764
50371356
50406924
50435069
50514014
50499258
50718597
50781965
50863888
51076982
51405990
51544430
51844630
52102440
52501366
52548549
52905934
52945560
53697683
54174127
54415311
54525077
54574056
54755658
54688366
54855145
54982266
55036189
55099366
55564345
55834393
55948626
56093470
56524337
56920602
56995665
57213845
57463083
57481532
57700913
57883095
58018264
58190884
58247861
58462752
58569519
58445227
58547986
58677769
58981619
59745193
59854625
59940889
60012793
60075161
60132987
60292006
60335947
60900825
61832229
60892217
60934778
60728824
60733334
60735206
60738137
60741986
60744780
60746797
60748512
60752309
60754347
60756203
60757510
60759227
60760742
60763004
60762710
60767955
60767986
60769485
60770442
60771548
60772092
60773675
60774510
60774769
60777089
60778316
60779874
60779287
60781033
60782213
60782765
60783890
60786438
60786271
60788079
60789010
60788856
60790986
60790529
60793127
60793739
60794526
60793318
60796294
60796332
60797729
60796497
60800130
60801500
60802849
60803767
60804712
60804199
60806345
60805930
60809499
60808542
60810180
60811791
60812988
60813214
60812500
60817034
60818311
60816484
60817820
60817644
60820243
60821709
60822142
60822685
60822593
60823378
60823345
60824499
60826136
60825232
60827353
60825578
60828009
60828382
60830376
60831341
60831263
60834721
60833832
60832712
60833509
60834091
60836872
60836111
60839666
60838442
60837533
60839283
60839763
60839187
60843566
60843872
60844336
60845267
60847397
60845827
60845917
60845825
60847187
60848178
60850413
60848635
60848556
60849895
60850335
60851048
60856218
60852956
60854042
60855171
60855932
60856353
60854817
60855606
60855932
60857826
60857924
60857978
60857943
60860240
60859526
60859694
60864488
60864540
60865146
60863854
60868880
60866020
60867126
60867849
60868576
60866823
60872412
60868421
60870703
60870131
60871688
60872482
60875519
60876095
60874341
60880485
60875892
60878131
60878423
60878986
60879661
60880163
60880567
60881235
60881664
60881031
60881550
60881920
60886291
60887038
60887499
60886729
60892563
60888882
60889278
60890127
60889432
60890861
60891385
60891911
60891284
60897060
60892868
60892508
60895267
60894300
60896987
60897557
60898147
60898533
60896932
60898278
60899766
60900326
60900769
60901352
60899656
60906984
60907973
60901773
60904543
60906902
60907348
60906475
60907757
60908648
60908264
60908332
60908569
60910251
60910854
60911570
60912019
60911056
60910804
60918671
60922005
60916551
60915103
60917536
60916573
60917078
60918690
60918910
60919685
60920418
60919567
60919842
60921315
60920159
60920129
60922025
60925658
60925376
60925291
60924665
60925044
60933406
60934043
60926751
60928580
60929559
60929001
60928916
60929153
60930835
60931410
60931834
60935347
60935510
60934336
60934696
60935044
60935662
60936122
60937637
60938044
60938557
60938830
60937927
60939786
60938955
60940268
60940390
60943432
60945056
60945494
60944641
60946282
60946907
60947740
60946769
60947212
60947419
60949224
60949516
60950270
60949179
60951037
60951545
60953436
60953630
60962621
60963128
60963669
60954786
60956902
60957543
60957863
60958265
60957523
60958742
60959663
60959998
60960043
60959521
60960326
60963071
60962738
60962824
60973194
60965970
60966297
60966764
60964892
60965484
60965863
60966177
60966662
60977183
60977776
60968729
60968312
60981779
60982135
60982933
60973094
60973421
60975338
60975748
60976099
60976682
60977126
60977546
60978064
60978453
60978783
60979281
60979734
60982892
60983294
60981969
60982045
60982413
60983343
60994745
60995396
60984752
60986887
60986130
60986828
60988365
60988709
60987825
60989624
60992740
60993258
60993679
60992940
60994330
60995358
60993113
60995610
60996179
60996672
60997104
60997684
60998123
60997857
60997445
60997905
61000975
61001486
61001855
61002526
61002142
61014689
61004631
61005374
61005673
61006131
61006612
61007042
61007365
61006964
61008180
61008684
61007750
61010857
61012726
61012995
61011973
61012825
61013523
61013295
61015217
61014881
61015448
61016448
61016761
61017226
61016401
61017200
61017653
61020658
61020744
61021248
61021920
61022400
61022858
61023947
61024042
61024588
61024864
61025447
61025798
61026277
61026728
61027260
61027618
61030674
61031220
61029945
61043417
61044790
61031729
61032066
61032672
61046586
61046968
61047430
61035691
61035973
61036433
61036863
61037316
61040372
61040848
61041222
61041842
61054036
61054411
61054891
61055455
61055852
61056415
61042683
61043020
61043531
61047254
61046058
61046515
61049492
61049959
61050389
61050703
61051065
61051094
61051626
61050974
61051158
61065859
61053415
61053675
61054295
61054493
61053481
61068500
61069082
61072195
61072673
61073309
61058620
61060750
61061368
61061703
61062256
61062732
61062808
61063437
61063810
61064110
61064286
61078577
61078856
61082086
61066944
61068583
61069696
61070249
61070637
61071032
61071512
61071914
61072133
61072651
61072846
61072009
61072641
61073391
61073683
61076013
61092131
61078362
61078676
61079143
61079559
61079873
61080354
61079729
61080320
61080565
61083056
61081734
61082078
61082698
61082951
61085956
61102638
61103149
61103417
61104021
61087723
61089945
61089362
61089880
61090245
61090842
61091545
61091709
61092029
61093237
61092233
61092700
61097332
61097944
61096649
61097093
61097734
61098088
61099211
61099497
61099510
61100876
61099973
61117460
61117801
61100748
61101658
61101988
61106720
61107173
61107668
61106623
61107549
61106712
61108787
61109118
61109520
61108548
61109347
61110190
61111194
61111466
61110564
61128735
61131782
61114061
61115217
61115424
61117276
61116518
61117101
61117698
61119361
61119353
61118528
61118995
61137409
61137850
61119757
61122321
61122749
61125654
61126179
61125045
61125640
61126172
61126336
61127315
61127400
61128666
61127508
61146458
61146905
61128371
61130099
61129580
61147952
61134267
61134731
61135145
61135479
61135882
61135403
61153316
61134861
61137154
61136653
61138090
61156446
61156756
61157891
61138956
61140754
61141979
61144991
61145328
61144383
61143711
61146313
61146872
61147346
61147619
61147948
61147084
61147781
61146872
61149817
61150028
61151030
61149762
61171618
61154143
61152931
61173271
61173538
61154331
61154095
61156699
61157027
61175710
61157782
61157814
61158259
61158757
61159118
61159370
61158824
61178643
61161894
61163345
61182755
61163141
61183552
61163763
61165660
61164268
61166660
61167194
61167439
61167664
61168190
61168671
61169013
61168132
61168743
61171956
61172361
61173549
61173882
61174048
61193903
61173992
61194802
61175866
61174161
61176616
61175911
61197016
61175561
61178160
61178627
61178934
61181840
61182520
61181722
61183257
61183545
61204169
61183772
61185097
61185424
61184887
61186112
61186207
61186993
61185896
61187025
61188227
61188307
61189971
61212173
61212138
61192783
61213177
61193499
61192684
61194126
61193020
61194207
61215909
61193934
61196560
61217212
61197044
61196315
61197260
61198237
61200067
61222537
61202412
61202742
61203178
61204370
61203650
61204398
61205911
61205782
61205302
61204952
61207388
61207927
61208046
61207175
61207814
61212076
61212376
61212701
61211779
61212376
61214060
61214075
61213034
61213405
61213471
61237320
61214979
61216673
61216864
61217486
61217670
61219682
61220610
61220414
61243904
61244259
61220825
61223100
61223862
61224357
61224628
61224926
61222770
61225289
61224664
61224932
61225134
61249384
61228058
61229121
61231102
61231634
61230386
61232044
61232278
61231723
61231679
61232663
61234004
61257369
61257750
61235753
61234400
61236053
61236399
61238247
61239387
61240155
61239526
61239585
61241376
61241743
61265391
61240913
61243417
61242735
61243916
61242400
61243675
61268448
61268586
61246091
61249175
61249474
61249629
61249767
61248221
61250670
61250981
61250130
61250776
61251188
61252587
61276960
61251541
61254011
61254512
61254904
61254996
61256978
61258308
61257238
61283016
61259036
61258718
61260363
61260749
61260029
61260531
61260412
61260763
61286985
61287320
61262001
61264134
61264839
61263746
61267041
61266721
61293105
61280168
61283513
61283484
61282945
61286035
61310821
61287055
61287655
61286886
61313156
61288846
61290781
61315644
61290717
61293618
61294939
61320631
61320909
61295308
61297091
61297615
61298562
61298403
61298750
61298135
61298800
61300206
61326276
61300706
61301966
61302296
61303530
61304466
61304021
61306599
61306030
61307312
61307684
61308198
61307322
61308861
61335012
61308749
61309095
61310914
61311299
61311657
61310920
61312590
61314062
61341839
61314271
61316931
61317384
61317709
61318105
61317368
61317836
61317768
61346069
61318079
61320255
61319415
61320408
61320132
61320048
61325223
61325618
61325849
61325011
61325721
61353287
61326017
61326616
61354987
61326637
61329223
61329382
61330291
61328976
61329949
61329762
61358168
61333205
61334811
61335294
61334427
61335212
61336701
61335556
61364735
61336072
61338587
61338855
61339115
61338622
61338679
61339068
61340467
61371344
61342100
61344904
61345009
61345487
61344797
61346193
61345812
61346676
61375090
61345807
61348314
61348613
61348961
61347680
61349616
61348947
61350590
61352508
61346324
61346859
61347081
61347534
61346988
61348220
61377099
61347993
61347411
61349997
61350252
61349690
61350331
61350021
61352096
61352365
61354780
61355637
61355957
61385026
61354844
61357668
61357798
61356856
61357680
61358836
61388093
61359569
61360145
61360630
61359627
61361227
61361520
61363005
61364174
61365017
61365635
61367614
61396848
61367054
61368953
61368974
61369243
61368760
61399517
61370753
61371015
61370279
61371654
61401715
61372615
61375783
61376234
61375521
61375807
61407427
61377502
61376086
61378413
61377441
61378718
61379422
61409921
61379834
61381349
61381421
61381646
61381147
61385131
61385964
61415958
61384921
61384835
61387261
61387682
61387055
61388691
61388092
61389317
61420134
61389472
61421123
61391288
61391601
61390605
61395056
61425608
61394402
61395205
61394995
61393925
61394773
61425531
61393805
61395259
61392299
61394326
61424813
61393334
61393454
61394213
61393238
61395207
61395467
61394067
61395032
61425849
61393312
61395377
61395327
61394084
61394233
61425860
61393468
61395779
61394743
61393812
61393818
61393555
61425632
61393981
61393773
61394265
61395759
61395707
61425804
61395235
61394046
61395647
61395584
61394643
61395635
61394422
61395814
61394591
61393914
61396002
61396042
61395157
61394384
61393902
61395933
61396232
61396124
61396068
61395698
61394667
61394868
61394357
61395639
61395221
61395151
61394798
61426752
61396870
61396553
61396616
61395533
61396801
61427073
61394703
61397006
61396157
61396237
61395658
61396454
61427349
61397113
61396940
61395720
61396672
61395638
61396877
61427299
61397313
61397145
61396155
61396982
61427432
61427297
61397108
61395887
61397492
61428072
61395499
61397629
61397398
61396609
61397185
61427727
61397504
61397730
61397125
61396097
61397623
61397584
61396501
61398016
61429631
61397832
61399068
61397780
61398196
61397717
61429772
61397939
61399546
61399358
61398213
61399184
61429898
61399822
61399662
61429524
61397999
61397594
61429557
61397957
61397356
61399448
61398748
61430553
61399291
61400109
61429842
61398250
61397924
61397517
61400009
61399764
61398891
61399962
61430704
61398181
61400390
61400398
61399141
61399412
61430766
61398418
61400487
61397800
61398839
61398048
61398237
61399824
61400206
61430464
61430631
61400446
61400526
61399417
61400521
61430893
61400896
61399219
61400442
61400626
61400768
61400856
61399876
61400806
61398852
61431067
61401142
61401101
61399759
61400167
61431677
61400012
61401499
61400846
61399748
61399419
61399005
61399636
61400915
61399781
61399439
61431419
61399739
61401354
61401299
61401235
61400479
61399811
61431598
61401442
61401441
61400423
61401234
61403202
61401117
61401433
61401849
61400410
61401429
61431923
61400042
61401766
61401825
61400830
61401753
61432525
61400064
61402051
61402131
61400645
61401148
61432429
61402132
61402109
61400701
61401192
61400642
61400191
61400142
61400452
61401765
61400059
61402527
61402704
61401860
61400661
61401529
61399894
61432295
61401859
61402079
61432308
61402205
61402117
61402150
61400872
61432576
61402586
61402351
61402237
61401242
61402127
61401999
61432483
61401094
61400905
61432846
61402952
61402765
61401406
61402571
61433078
61402767
61401850
61401075
61400822
61432776
61402910
61402600
61401295
61402861
61433253
61401742
61402994
61402921
61401763
61402683
61433534
61403124
61403117
61401776
61402144
61433151
61402966
61402719
61433151
61401695
61402893
61401768
61403228
61402873
61405055
61405078
61403803
61403187
61435256
61404924
61404898
61404825
61403095
61403960
61435349
61405239
61404399
61403867
61403728
61435510
61405237
61435252
61405022
61403872
61405263
61435821
61403400
61405465
61405401
61405247
61405310
61405220
61435785
61405539
61405615
61404673
61404281
61435783
61405756
61405655
61404457
61405421
61436024
61406012
61406129
61404610
61404195
61436315
61405953
61405967
61404629
61406099
61436649
61403960
61406220
61405842
61405912
61404666
61436631
61405964
61406257
61436435
61406298
61406275
61404573
61405366
61406492
61406361
61405834
61404769
61405176
61406667
61406778
61406199
61437691
61404922
61407186
61407372
61406243
61437269
61405006
61437123
61406749
61406916
61437247
61405941
61407412
61407168
61406989
61405553
61407193
61407334
61407091
61406615
61405788
61437737
61405948
61407365
61407242
61406099
61406760
61405635
61407429
61406252
61407260
61437598
61407646
61407829
61406676
61405729
61437885
61407787
61407549
61406330
61437368
61407533
61405506
61407647
61407553
61438261
61407732
61407613
61406633
61406079
61438181
61438083
61407999
61408360
61406805
61406469
61438372
61408210
61407452
61406776
61406361
61406831
61438278
61406624
61406828
61408150
61407300
61408288
61438844
61407083
61408576
61408533
61407399
61439173
61410119
61438801
61408259
61407139
61408428
61439089
61408962
61408926
61407342
61439239
61439046
61408694
61408818
61407708
61408630
61439161
61408949
61408854
61439736
61409422
61407802
61408900
61439710
61407609
61409400
61408174
61408696
61409062
61409368
61439370
61407916
61409227
61409459
61408298
61407772
61439610
61439531
61409411
61409378
61408327
61409511
61407852
61409450
61408241
61409733
61409667
61408635
61409567
61440187
61409901
61410049
61407706
61408453
61408021
61408990
61409747
61409804
61409001
61409943
61441987
61411840
61411644
61410489
61411402
61442005
61411853
61411758
61410436
61412037
61442217
61409876
61412034
61411826
61410635
61411483
61442211
61411978
61410865
61410345
61409864
61412154
61412090
61412004
61412032
61410041
61411986
61410617
61410736
61411822
61412237
61442483
61411010
61410695
61410412
61412518
61412848
61411462
61412179
61442883
61411064
61412679
61412446
61412506
61411955
61410957
61412423
61412902
61413192
61412050
61411321
61443436
61413103
61413148
61411899
61411509
61413114
61411888
61411341
61443456
61413324
61413222
61411973
61412989
61412258
61443568
61413466
61413321
61412634
61411771
61443688
61413772
61413876
61413892
61413238
61412316
61413399
61411899
61413696
61412501
61414003
61444331
61414412
61414195
61413529
61413894
61444297
61414254
61414303
61413184
61412288
61414050
61445528
61414287
61414555
61414524
61415286
61414869
61415565
61445795
61415647
61446064
61416064
61414888
61414950
61415113
61414586
61416349
61415092
61416223
61446822
61416161
61416747
61416784
61415923
61415464
61415048
61417297
61417114
61416411
61415613
61415579
61417359
61415930
61416409
61447620
61415867
61417342
61416331
61415777
61419020
61415602
61417927
61417694
61448353
61417041
61417701
61416359
61417840
61448256
61417088
61417923
61417522
61417488
61448177
61418027
61417867
61416620
61418152
61418081
61447827
61417749
61448405
61418032
61416816
61416372
61418138
61416730
61417081
61416479
61448692
61416761
61418242
61418142
61417133
61448835
61416453
61418155
61418021
61416961
61448399
61418690
61418285
61418147
61417636
61417579
61448742
61418512
61416813
61418367
61416856
61417494
61418710
61417374
61418694
61449325
61418872
61418947
61418922
61418044
61417359
61417010
61419160
61419300
61418348
61448896
61417452
61418919
61418715
61417825
61417187
61418096
61418954
61448844
61418634
61417383
61416732
61418492
61418904
61419184
61419322
61419670
61418671
61417524
61417440
61417718
61419360
61417701
61419061
61417844
61449727
61419333
61419368
61418029
61418448
61450402
61418164
61420106
61421646
61420506
61421507
61420516
61451947
61421934
61420560
61421806
61452410
61422305
61422138
61421067
61422607
61452928
61422675
61422628
61421367
61422387
61421073
61452675
61422644
61452526
61422329
61421609
61420851
61421400
61422820
61421333
61420923
61421855
61422666
61422394
61421370
61420956
61420812
61422791
61422712
61453028
61422340
61420696
61422810
61453613
61423249
61423036
61421912
61422836
61453514
61423167
61423093
61422229
61421797
61453677
61423682
61423632
61422485
61423890
61454361
61421901
61453745
61423482
61422774
61423630
61454215
61424033
61423902
61423031
61454392
61424130
61424167
61422941
61423909
61454495
61424291
61424167
61424001
61424367
61422756
61422324
61424346
61423430
61424281
61454930
61424649
61424408
61423299
61423088
61422697
61423071
61424447
61424353
61423332
61454502
61424534
61424902
61454559
61423171
61454574
61424473
61424019
61423258
61455111
61424830
61424995
61424194
61424961
61423621
61424636
61455096
61425039
61424954
61424704
61424162
61424007
61423875
61424663
61423680
61424719
61455254
61425098
61425059
61424237
61423461
61424400
61424880
61424909
61424751
61423318
61425352
61425320
61424765
61423883
61455724
61425580
61425386
61425599
61423837
61423070
61424979
61425098
61455651
61423037
61425077
61425181
61455376
61424226
61423083
61424963
61423984
61423777
61455311
61425256
61423146
61425226
61424517
61423672
61427241
61455727
61425534
61424250
61423544
61425424
61425416
61425178
61423399
61425644
61424213
61425205
61455984
61424189
61424810
61423990
61424386
61456093
61425878
61424248
61425766
61426022
61456462
61425112
61425909
61424745
61425761
61456372
61424480
61426029
61424718
61425692
61456262
61426299
61424808
61426105
61424985
61427853
61426310
61426376
61425913
61425043
61456960
61424721
61426737
61426514
61425590
61457442
61424804
61426749
61425548
61425082
61456980
61426629
61426616
61425476
61457237
61425087
61426826
61426668
61427222
61457392
61427221
61457194
61425890
61425887
61427241
61426219
61427639
61426225
61427443
61457961
61425640
61427729
61426834
61458083
61428023
61427801
61426774
61427361
61457794
61427491
61426364
61427310
61457974
61427834
61458084
61427678
61425998
61426115
61427738
61426355
61427115
61458127
61428020
61426643
61427669
61427213
61428044
61426692
61430145
61460882
61430579
61460828
61430294
61429349
61431006
61428525
61430501
61429313
61430284
61461020
61430995
61431019
61461351
61430150
61429694
61430960
61428887
61429582
61461378
61431083
61430970
61429328
61431019
61430770
61431141
61431105
61431047
61430686
61429128
61431402
61431236
61431335
61461652
61431368
61431150
61429948
61428962
61430764
61431179
61429826
61429621
61429143
61431265
61429834
61431071
61461719
61431288
61431119
61430279
61461811
61429544
61431522
61430184
61431272
61461808
61431623
61429840
61431178
61461771
61431615
61431767
61431624
61430915
61462000
61430408
61429771
61430561
61430075
61431904
61432021
61429900
61430759
61432049
61430789
61462664
61431260
61432013
61430640
61430911
61430981
61432374
61462825
61432260
61432544
61432146
61430948
61430530
61431320
61462804
61432247
61432595
61431155
61431416
61432919
61431632
61431297
61431075
61432966
61431556
61432632
61463180
61463160
61432869
61432776
61431033
61433013
61432885
61463187
61432126
61430946
61432311
61431957
61463737
61432245
61433215
61433176
61432656
61431433
61433172
61433638
61463853
61433509
61464262
61433916
61433600
61432605
61432078
61431634
61432127
61433602
61432980
61431836
61432901
61433864
61432795
61432483
61432011
61434070
61433854
61433780
61434120
61433426
61464585
61434352
61434159
61433256
61464363
61434551
61434095
61434436
61432366
61464481
61434177
61433111
61464633
61434450
61434413
61433153
61432708
61464713
61434592
61434494
61433248
61465225
61434760
61434319
61432626
61434852
61433573
61434547
61434511
61434328
61433217
61432643
61464989
61434441
61433232
61432787
61464935
61434737
61434423
61433918
61465368
61432555
61432831
61434614
61434889
61434415
61434803
61433580
61433365
61465073
61434837
61433433
61434761
61465331
61434841
61433704
61432936
61434862
61433346
61433079
61435195
61434945
61433872
61465449
61435242
61435259
61433828
61434961
61434038
61435433
61435634
61435458
61465869
61435400
61435326
61433994
61434876
61465549
61435484
61435471
61434099
61435118
61465818
61435534
61435340
61465778
61434103
61465641
61435485
61435466
61435505
61434480
61434166
61433991
61434386
61465858
61435877
61435660
61434478
61435593
61433822
61435899
61434609
61435430
61433833
61435735
61435658
61434855
61434181
61433963
61436088
61434695
61435912
61434321
61436146
61436055
61435055
61435978
61466507
61436426
61434987
61434706
61436286
61436325
61466730
61436426
61435301
61434794
61466819
61436596
61434760
61436568
61435516
61436530
61467167
61436870
61435579
61435157
61466972
61436960
61436759
61436212
61435303
61435730
61439490
61471214
61441230
61441036
61439892
61439600
61440536
61439640
61441141
61471843
61441286
61441352
61440624
61441352
61471773
61441596
61441478
61441806
61472111
61441730
61441574
61441795
61472063
61442079
61441914
61441374
61472617
61440727
61442093
61441124
61442302
61472822
61442294
61441198
61440626
61440397
61442643
61440366
61441163
61440492
61442590
61442807
61442343
61442583
61440956
61442822
61442783
61441728
61441162
61441456
61472872
61441618
61473067
61442835
61442720
61442149
61441200
61441750
61443071
61441787
61441410
61441116
61443307
61442031
61473434
61443003
61443368
61440980
61441960
61443372
61442552
61473671
61443366
61443170
61442132
61443054
61443423
61442962
61441915
61443413
61441776
61443611
61443445
61442465
61474143
61442063
61473802
61442163
61473764
61443796
61442296
61443469
61474159
61444032
61443961
61442707
61443576
61441979
61444013
61443990
61443964
61441833
61443989
61443577
61444142
61442749
61443955
61441858
61443973
61444077
61474549
61443199
61444234
61442560
61444370
61442919
61474602
61442392
61444108
61442995
61444090
61442418
61444386
61443696
61442719
61444075
61444517
61444270
61444717
61474793
61444608
61444353
61443909
61475076
61443512
61444464
61443416
61444686
61475069
61444780
61444008
61475341
61444859
61445072
61443685
61442761
61444880
61443655
61443135
61475306
61444957
61444761
61475134
61444974
61445139
61445140
61444283
61475449
61443700
61445117
61445287
61444873
61445381
61445311
61445038
61444609
61445516
61445343
61475782
61445701
61444215
61445265
61443808
61476097
61444296
61444950
61476123
61444467
61445976
61445831
61445978
61447758
61446013
61444936
61445416
61446236
61445007
61444692
61444258
61446321
61444855
61446161
61476734
61446513
61446724
61446513
61476884
61446588
61444697
61445786
61445904
61446636
61445397
61445105
61444620
61446665
61446599
61444790
61446588
61445217
61445039
61446867
61445484
61477023
61446798
61445490
61477007
61446721
61446728
61445131
61444763
61445429
61447020
61447028
61444819
61446795
61447001
61445943
61447107
61445956
61445496
61446405
61447206
61445977
61446812
61446527
61447099
61477853
61446015
61477513
61447432
61445949
61447432
61477933
61447553
61446461
61445785
61478026
61447552
61446500
61446055
61445864
61447908
61446443
61447531
61478303
61448053
61478048
61446398
61447994
61478308
61447942
61447739
61447413
61448349
61446744
61447733
61478392
61448392
61446950
61447854
61447587
61448105
61448597
61446229
61446750
61448428
61447126
61448251
61450229
61446293
61447011
61448664
61446478
61447855
61448981
61447819
61448286
61448975
61448829
61447904
61479389
61447295
61448574
61447410
61479167
61448971
61447868
61447399
61479428
61449058
61449260
61479210
61449260
61448082
61447624
61447335
61449553
61448355
61479899
61449553
61449266
61448478
61448296
61447950
61449236
61448311
61479590
61447878
61449175
61449019
61448415
61449246
61448065
61482831
61452349
61452027
61450944
61482542
61452316
61482287
61451154
61482378
61452270
61452101
61451078
61450192
61452386
61450946
61451965
61452227
61450777
61482712
61452840
61451558
61482990
61452816
61452755
61451540
61451648
61450768
61453091
61452384
61483485
61453283
61451886
61452871
61483464
61453301
61453156
61453512
61483717
61453355
61453346
61453290
61483652
61453539
61453196
61452303
61483687
61453325
61452163
61453463
61452667
61483667
61451840
61451904
61451723
61453572
61453314
61452125
61483604
61452697
61451456
61453465
61453147
61483714
61453526
61453271
61452188
61452581
61453669
61483833
61452319
61451541
61453684
61452493
61484372
61452628
61454244
61484268
61453285
61453145
61452041
61453965
61453857
61452273
61453191
61453867
61453211
61484406
61453695
61454013
61453203
61484628
61454048
61453960
61454293
61484418
61454032
61452998
61452046
61454299
61453018
61453991
61454234
61453004
61484651
61451938
61454048
61454051
61484749
61454085
61453150
61484632
61454341
61452625
61454460
61452185
61454328
61453263
61485080
61453120
61454104
61453200
61452456
61454423
61453334
61453018
61454682
61454390
61453392
61484707
61454649
61454347
61454470
61453001
61454488
61452842
61454490
61453155
61453259
61454671
61454616
61452578
61454657
61453434
61452558
61454596
61454741
61484947
61454130
61452786
61454956
61453895
61485395
61455105
61455470
61455372
61485340
61455260
61455067
61455330
61485661
61453705
61455365
61485839
61455360
61454609
61485669
61455468
61453461
61455226
61455693
61454344
61453923
61453680
61455649
61454447
61455420
61485972
61455600
61485694
61485915
61454960
61454814
61486331
61454337
61455818
61454566
61454889
61455801
61455540
61455850
61454379
61455529
61455776
61485832
61454572
61457421
61455856
61455924
61486216
61456061
61455784
61486321
61454656
61454828
61486511
61486383
61456478
61454825
61456365
61455918
61455605
61456335
61455242
61454520
61454261
61455208
61486789
61456478
61486789
61456153
61456862
61486912
61455018
61456787
61455667
61455241
61455421
61456877
61486999
61487090
61456644
61456669
61486979
61456572
61455732
61454998
61456900
61455767
61487185
61456976
61456818
61456903
61487210
61487094
61457023
61455530
61456205
61456781
61455979
61487318
61456750
61456931
61455597
61456356
61456702
61456980
61455343
61457181
61487451
61457100
61455543
61456463
61457318
61456335
61455839
61457665
61457426
61457553
61487793
61457555
61457540
61456648
61455379
61457423
61456187
61487824
61457516
61457822
61456395
61457275
61459279
61457584
61457832
61487824
61457577
61456245
61455878
61455781
61457732
61456167
61488120
61457804
61487778
61456285
61488051
61457788
61457592
61457821
61487979
61458096
61455604
61456435
61488321
61488024
61456339
61488219
61458102
61457831
61458176
61488421
61488437
61457424
61458172
61488529
61458325
61488992
61458639
61457431
61489044
61458589
61458985
61458276
61488818
61458624
61458524
61458460
61488771
61458109
61458496
61457637
61488896
61458904
61458909
61458984
61489181
61459089
61458965
61489319
61458386
61458721
61458503
61458836
61458691
61458852
61457965
61458815
61457452
61457785
61459201
61489692
61459196
61459178
61459557
61457865
61458562
61458311
61489838
61489881
61459378
61459361
61457545
61459469
61458380
61457911
61463053
61462805
61462360
61464413
61464181
61464705
61463338
61463013
61464328
61463547
61464765
61464006
61462736
61463884
61464074
61495507
61465443
61464214
61495872
61495971
61465405
61496073
61465639
61464454
61496155
61465669
61495647
61464680
61465399
61465599
61465486
61463673
61465730
61464651
61464856
61466014
61465228
61496363
61466119
61465820
61496354
61466011
61465015
61464125
61496258
61465884
61464356
61466157
61466101
61464533
61464372
61466167
61464744
61466566
61464988
61465284
61465398
61466634
61466483
61465248
61466585
61466630
61465366
61467060
61496621
61465781
61467044
61496992
61467055
61467092
61465746
61497560
61466028
61466764
61465241
61467141
61466947
61465226
61465614
61465733
61465660
61467014
61465280
61466668
61467388
61497591
61467139
61467025
61497480
61467143
61465985
61465885
61465162
61467333
61466848
61467011
61467306
61467159
61466165
61467388
61466117
61465491
61466126
61466591
61466779
61465897
61466542
61465720
61467024
61467621
61465812
61467955
61467296
61466323
61498186
61467959
61467560
61467913
61467841
61468061
61466287
61468081
61466918
61467320
61468346
61466941
61498462
61466613
61467975
61468135
61468081
61466762
61468688
61467920
61467292
61468680
61467426
61467925
61468531
61467244
61498850
61466859
61468544
61468828
61467941
61467474
61498921
61468700
61467682
61499226
61468768
61468861
61467289
61468799
61466901
61468855
61467448
61499091
61468978
61468024
61498995
61499209
61468837
61468534
61469014
61468760
61468517
61466787
61467940
61469103
61499324
61469142
61468128
61467170
61469317
61468303
61499393
61469232
61468914
61499514
61467999
61471124
61499913
61468204
61468817
61469849
61499830
61469388
61467691
61469320
61469498
61468350
61500113
61469696
61468295
61469407
61468519
61469707
61469628
61500178
61469950
61468289
61468606
61470187
61468684
61500433
61470005
61468735
61500303
61470148
61470020
61469863
61470022
61470116
61468280
61470204
61469077
61500349
61470124
61469346
61500461
61470094
61468957
61470308
61469175
61468971
61468746
61500722
61470365
61468785
61469084
61470526
61469295
61500974
61470555
61469947
61500749
61468625
61469551
61500937
61470637
61470548
61501062
61470751
61469463
61469032
61469602
61470902
61470569
61468823
61468831
61469778
61469048
61470958
61471018
61469541
61470989
61471124
61470442
61471003
61470642
61470767
61470873
61501580
61471229
61470471
61468923
61501483
61470100
61469898
61469903
61469602
61471355
61469927
61469626
61471502
61470730
61471689
61470266
61501879
61471446
61470204
61470390
61471986
61501878
61471546
61470289
61471491
61470254
61471308
61471729
61470886
61473578
61471733
61470081
61471896
61470406
61470129
61471865
61471734
61471722
61470758
61471249
61471898
61472142
61502284
61472009
61471681
61470354
61471187
61503029
61472588
61471260
61503045
61470734
61471549
61472602
61503014
61472652
61471419
61470578
61472770
61502922
61472519
61472965
61470988
61473176
61473335
61471907
61471612
61473437
61473118
61472874
61471815
61473253
61473259
61472045
61473113
61473317
61503682
61473356
61473159
61504084
61473452
61472219
61503784
61473294
61472599
61471472
61473290
61472204
61472219
61471514
61473417
61473372
61473753
61473611
61473427
61473860
61472048
61472375
61471724
61474327
61473716
61472069
61474001
61473783
61474058
61473921
61473469
61474335
61474105
61474407
61472945
61474347
61504705
61474199
61472972
61474556
61473121
61505053
61474663
61474377
61474519
61504749
61473878
61474697
61472774
61505142
61473968
61473897
61474639
61474444
61473275
61474699
61473429
61472945
61474938
61473699
61473935
61473678
61473833
61505174
61474358
61473791
61473205
61473081
61505534
61475261
61475503
61473825
61475523
61478456
61477612
61479328
61479233
61477571
61479372
61479955
61478719
61477856
61478445
61479877
61478096
61479838
61478598
61480091
61478796
61479973
61479797
61478009
61479925
61478512
61510261
61478234
61479589
61478118
61480110
61480072
61479883
61478524
61479999
61478732
61479700
61477899
61478815
61510588
61480294
61479590
61478481
61510355
61478771
61510308
61480198
61480180
61510903
61480349
61510530
61479261
61480503
61479318
61510833
61510594
61479277
61510909
61480681
61480727
61511132
61480883
61480967
61480663
61481045
61479668
61511406
61480817
61511094
61511258
61479500
61480247
61480748
61479395
61479484
61481175
61481066
61481054
61479818
61481292
61481075
61480788
61481258
61481249
61511477
61481884
61481166
61480635
61481566
61481425
61479616
61481246
61481776
61479519
61512083
61481491
61511738
61481513
61480793
61511984
61481870
61512066
61481539
61480671
61480198
61481639
61480922
61480534
61481450
61481573
61479714
61481909
61481602
61479807
61482018
61481561
61480098
61512362
61480537
61479883
61481821
61482030
61482148
61482117
61482100
61480865
61482339
61482540
61480923
61482704
61482478
61481581
61482450
61482901
61480311
61482098
61482264
61480872
61480811
61480692
61482335
61480651
61512967
61482318
61482776
61482722
61482910
61481078
61482651
61482390
61482840
61482743
61490727
61482595
61483005
61483462
61484690
61484075
61515268
61485051
61483543
61483842
61485735
61485318
61515620
61485338
61483523
61483846
61485430
61484547
61485211
61485328
61485568
61484356
61515868
61484081
61484302
61515825
61485658
61485585
61516356
61485778
61484271
61484086
61484965
61485944
61485100
61484946
61485810
61484622
61516190
61486104
61486444
61516628
61486261
61485993
61486225
61486076
61485796
61485484
61486295
61485001
61516495
61486277
61484650
61486298
61484972
61484260
61485156
61516811
61486426
61484998
61484659
61516691
61486386
61485355
61516740
61486587
61517124
61486743
61485181
61486613
61486736
61516826
61486838
61485392
61486354
61485468
61485978
61486725
61485093
61484912
61487021
61485683
61517521
61487015
61487524
61486987
61485151
61485834
61487089
61487163
61485620
61487308
61485660
61486354
61485699
61486123
61517515
61517714
61486307
61518054
61487824
61486359
61518176
61487267
61487533
61518138
61487401
61486422
61487892
61487042
61487412
61486429
61487618
61518173
61487989
61486616
61518401
61488026
61487908
61488046
61487983
61486674
61486274
61486861
61488045
61488230
61518451
61518402
61486943
61518719
61488334
61487049
61486553
61486927
61488460
61518659
61487206
61488252
61518554
61518773
61488353
61486602
61488429
61488301
61487182
61488656
61488920
61519136
61487450
61488555
61488409
61488003
61487926
61487909
61518887
61487368
61488757
61486733
61488732
61488601
61488354
61486654
61488808
61488474
61488961
61519049
61487385
61488853
61487534
61519300
61488818
61488705
61488568
61490483
61488555
61488925
61488571
61488836
61488899
61487656
61519223
61488950
61488773
61486841
61487740
61489112
61487732
61519471
61489064
61488868
61489076
61488478
61489410
61487918
61519797
61489339
61489406
61489119
61519776
61488213
61489626
61519989
61489501
61489940
61488477
61488115
61489417
61489894
61488556
61520394
61489915
61489119
61489924
61489698
61520202
61488674
61489926
61488401
61490202
61490054
61490182
61488469
61490474
61520801
61490203
61488610
61490085
61490592
61490553
61489829
61488972
61490568
61490421
61490019
61490892
61490062
61490050
61490953
61490679
61490677
61521463
61491013
61489753
61521425
61491037
61490952
61491118
61521330
61491073
61489758
61521531
61490470
61491449
61490213
61521751
61491636
61491526
61491215
61490858
61491837
61490959
61490018
61490633
61490205
61521672
61491462
61490318
61491390
61522027
61491599
61490328
61491496
61521987
61491657
61490674
61489818
61490097
61492211
61522253
61491913
61490478
61489991
61521926
61491738
61491699
61489838
61490614
61522081
61491874
61490713
61522487
61490578
61491921
61491292
61522355
61492224
61490777
61491924
61490412
61492093
61492265
61491474
61492422
61492443
61490583
61522625
61492386
61492116
61490903
61522758
61491153
61522949
61491220
61522660
61492412
61491739
61523117
61494999
61496827
61495210
61497236
61496933
61496012
61527651
61497467
61495960
61495683
61496177
61497819
61497138
61527811
61497363
61496349
61527908
61497421
61496263
61495692
61497694
61497823
61497207
61496109
61496208
61496206
61497687
61497454
61528028
61497739
61496500
61497585
61528199
61497768
61498088
61528535
61498148
61496786
61496467
61497119
61498198
61498322
61528712
61498363
61497312
61497009
61498580
61497203
61528722
61498572
61497329
61529079
61498764
61496432
61497492
61498101
61498575
61498817
61496738
61498841
61497769
61497269
61497296
61529329
61498745
61529391
61499074
61497424
61497069
61496966
61498143
61498740
61529391
61499175
61497702
61497463
61497437
61499150
61499266
61529558
61499351
61529388
61498055
61499474
61499475
61499514
61497468
61499225
61498047
61499547
61499140
61498605
61499495
61499172
61529930
61498317
61499695
61498131
61530100
61498285
61499337
61498780
61500007
61498150
61498577
61499475
61499355
61498413
61499710
61499612
61530135
61499704
61499004
61529840
61499652
61499602
61498026
61498571
61499674
61498492
61530046
61499852
61498800
61530451
61499944
61500031
61499751
61499287
61499964
61499860
61530217
61499914
61500079
61499728
61500266
61498789
61530709
61500278
61498805
61530576
61499687
61500040
61499884
61500194
61498528
61500240
61498870
61498548
61500346
61500327
61500156
61498415
61500357
61499080
61498394
61498544
61500141
61498772
61500532
61499142
61500637
61498274
61500270
61499243
61500783
61530913
61499352
61498643
61500759
61499907
61531246
61501078
61499602
61499188
61499528
61500386
61500366
61531441
61501415
61501065
61500830
61501296
61500953
61500772
61499082
61531580
61501071
61531828
61501137
61501320
61501498
61501462
61499777
61499984
61501494
61501536
61531911
61501832
61501757
61503534
61499554
61500460
61499727
61501677
61501817
61501835
61500157
61501961
61500536
61500331
61500072
61501936
61501676
61502033
61502075
61500791
61532284
61502102
61501874
61500851
61500220
61502183
61501341
61501561
61502651
61501443
61532963
61502741
61501385
61500818
61532705
61502418
61500735
61502559
61502870
61502281
61501014
61502568
61502649
61501052
61502986
61501018
61501578
61500874
61503103
61502720
61502299
61533204
61503035
61533317
61503159
61502342
61533390
61503063
61501923
61533470
61503221
61503079
61502812
61502377
61502506
61503194
61503171
61502226
61501523
61502355
61501482
61503455
61502802
61534032
61502361
61504079
61534169
61503874
61502846
61501850
61502945
61502515
61534084
61503663
61502830
61533952
61502586
61503734
61502399
61503736
61503619
61503855
61534390
61502938
61536023
61506089
61504682
61505584
61505841
61537013
61506741
61505242
61507109
61506716
61505460
61506791
61505174
61505524
61506833
61505630
61505047
61507064
61505798
61537436
61506097
61507647
61537735
61506945
61507207
61537548
61507173
61506050
61537802
61507023
61506530
61505581
61506402
61505501
61507604
61507427
61538028
61507166
61537753
61506964
61506349
61507976
61506805
61538290
61508054
61506746
61506318
61506702
61508486
61506805
61506123
61508068
61508230
61538585
61508400
61506935
61506784
61508681
61538674
61507681
61508506
61508755
61506504
61506857
61507858
61506936
61507533
61508109
61507965
61508291
61508050
61508098
61538438
61508219
61507127
61538796
61508609
61507024
61506791
61506959
61508451
61508479
61508427
61507000
61507293
61506464
61508508
61507573
61539246
61508746
61508769
61538968
61507288
61508427
61507697
61508783
61539198
61508910
61507326
61508977
61509349
61506766
61509330
61507356
61507851
61509385
61508769
61507783
61509175
61508803
61507233
61509186
61508117
61507942
61509167
61507899
61509199
61509436
61508541
61539523
61509343
61507909
61507710
61539724
61509343
61507588
61509467
61509319
61508212
61508295
61509230
61509533
61539810
61509763
61509912
61508628
61509979
61510032
61508138
61509148
61509888
61510060
61508018
61510212
61510232
61509724
61510208
61508714
61510296
61510043
61510366
61540724
61510438
61508765
61510507
61509820
61540927
61510203
61508987
61540846
61510514
61509233
61508976
61509057
61510554
61510668
61540956
61510851
61541026
61541168
61510891
61509555
61510203
61511449
61509334
61511272
61510980
61510896
61541538
61511284
61509839
61541613
61509999
61511357
61509507
61511431
61511484
61510613
61509930
61511395
61511183
61509578
61511534
61510264
61541884
61509909
61511410
61511508
61510954
61511609
61510063
61511853
61511663
61511614
61511379
61542073
61511797
61512123
61510789
61509847
61510627
61511315
61511993
61509877
61542257
61512617
61510676
61512366
61542269
61510649
61512428
61511872
61510351
61512511
61512379
61512031
61512347
61511821
61542671
61512693
61517651
61547500
61517296
61516860
61515461
61548011
61516317
61516736
61517459
61517756
61517033
61517528
61517870
61547822
61517420
61517338
61548330
61517065
61518005
61516508
61516055
61516773
61517935
61516541
61517591
61518075
61517311
61516724
61517183
61517970
61516847
61519993
61517802
61518303
61548741
61518441
61517426
61518026
61518090
61516881
61516158
61517030
61516123
61518311
61518252
61516209
61518257
61518412
61549135
61518677
61517983
61548788
61517334
61518661
61518337
61517583
61517372
61518491
61516778
61518873
61518128
61517801
61519185
61517613
61549429
61519018
61518828
61549256
61517602
61549339
61519144
61517775
61549442
61519021
61519118
61549351
61519061
61517843
61519040
61516991
61518168
61549348
61519072
61519218
61549668
61519108
61518289
61549632
61518921
61519439
61549900
61519560
61519893
61518969
61519845
61550003
61519552
61549538
61550114
61519698
61519884
61517633
61519634
61550123
61519796
61519591
61518261
61518671
61517957
61520603
61519869
61518802
61520487
61520323
61518678
61518869
61519111
61518563
61520624
61520312
61520554
61550645
61520705
61519417
61551135
61520476
61520583
61520173
61518539
61520561
61520434
61518496
61520464
61518885
61518646
61550814
61520219
61520205
61519105
61520523
61519527
61519194
61519561
61520867
61519716
61519426
61520844
61520931
61551071
61519596
61520820
61519132
61520194
61521102
61521266
61519057
61551455
61519915
61551573
61521672
61520394
61521404
61519469
61521348
61520105
61521279
61551753
61520163
61519750
61551795
61520696
61520715
61521393
61520180
61520791
61521007
61520570
61551975
61552079
61521584
61520038
61552258
61521636
61520232
61522036
61520536
61520276
61521004
61521888
61521622
61520508
61522195
61521001
61520303
61522160
61522084
61552616
61522325
61521397
61552571
61522148
61522408
61522372
61552671
61552560
61522131
61522289
61552852
61522376
61521130
61520953
61522315
61521576
61521038
61522419
61520450
61552714
61522129
61521382
61522706
61520876
61522768
61522848
61522279
61522562
61553230
61522854
61521063
61522868
61522900
61521338
61522143
61523427
61522032
61553825
61522321
61523235
61523109
61521314
61523375
61523343
61553665
61523449
61523323
61523810
61523562
61521874
61523842
61522352
61553965
61523270
61523715
61553877
61523437
61523042
61524001
61523883
61523476
61523908
61553993
61522688
61521859
61523784
61523657
61523953
61523677
61521858
61523642
61524207
61523213
61554395
61523988
61524093
61523727
61524150
61522804
61522458
61523445
61525790
61526040
61524580
61526169
61556683
61526427
61526340
61557090
61526700
61557018
61526792
61526794
61525751
61557523
61527002
61525919
61557590
61557419
61526003
61525167
61527539
61526998
61526157
61527149
61525511
61527305
61526018
61526464
61526936
61527604
61527435
61527782
61527661
61527298
61527365
61527592
61527816
61527007
61525950
61527748
61558023
61527822
61526930
61525812
61527952
61527000
61528377
61528226
61526976
61558647
61528496
61526167
61527297
61527700
61528222
61526733
61528520
61526383
61527487
61528578
61528179
61528752
61527265
61559166
61528861
61558852
61527872
61528660
61527427
61528560
61527905
61527512
61559207
61528875
61528625
61528379
61528965
61527454
61559334
61528916
61526958
61527937
61527033
61528643
61528599
61559574
61528076
61559617
61529405
61529105
61559486
61529210
61528022
61528050
61529281
61527694
61529522
61528208
61529272
61529513
61528699
61527427
61528952
61529058
61528589
61527863
61528567
61529074
61529806
61529845
61529026
61529810
61529674
61528725
61530040
61529091
61560175
61530133
61529842
61529225
61528639
61528036
61530009
61530183
61530138
61529503
61529192
61529116
61529688
61530506
61530562
61529305
61530648
61530613
61530813
61530158
61530581
61528688
61530549
61529044
61530893
61529920
61530652
61529778
61531015
61529431
61531194
61530938
61531183
61529270
61531660
61529440
61531344
61531390
61531024
61531559
61531363
61531240
61531580
61530272
61531212
61561540
61531381
61529719
61530265
61531002
61530024
61530499
61531856
61530222
61532036
61530461
61562470
61531999
61531708
61562165
61531949
61530832
61532166
61531862
61531588
61532118
61531364
61532221
61530467
61562561
61531305
61532081
61532095
61530535
61532323
61531176
61562658
61532272
61532389
61562664
61532713
61532778
61531692
61532811
61531548
61531527
61532954
61531588
61563407
61532916
61562894
61532586
61532785
61532967
61530799
61532836
61531266
61531731
61532279
61531348
61533135
61532997
61531382
61533196
61532249
61532703
61533190
61531036
61532031
61533487
61531851
61563776
61533290
61530996
61532182
61533372
61532173
61563570
61533337
61533088
61532496
61533637
61533062
61532000
61563710
61533292
61532206
61563680
61532789
61533627
61532828
61532316
61531552
61563955
61533642
61532639
61531562
61534123
61533200
61531568
61533409
61532811
61532375
61533662
61532606
61564200
61533849
61533153
61564057
61533811
61533463
61532787
61534147
61532657
61533924
61564198
61533159
61531966
61533549
61534171
61534105
61534179
61534282
61534372
61532872
61534010
61534201
61533536
61533182
61533675
61564391
61533981
61534441
61533280
61564987
61534612
61533352
61565115
61534322
61533582
61564837
61532626
61534621
61534833
61534120
61533458
61535226
61533718
61534955
61533649
61570950
61540220
61540772
61539958
61540519
61540718
61540770
61540704
61540641
61540585
61539505
61540867
61539201
61541044
61539496
61540764
61540819
61540891
61541228
61539738
61539321
61540741
61540850
61539303
61541172
61571367
61540274
61541337
61540544
61539221
61541367
61540254
61543220
61541293
61541153
61541361
61541243
61541153
61541808
61541543
61541718
61541730
61541090
61541106
61540999
61572156
61541771
61541210
61539801
61539589
61540077
61540706
61541872
61572208
61542182
61541510
61540097
61542250
61542108
61542356
61541202
61540919
61542276
61541123
61541428
61542196
61542181
61540502
61542223
61542075
61542535
61541302
61572723
61542060
61541203
61573058
61542485
61541167
61542497
61541582
61541804
61542547
61542424
61542731
61541388
61573084
61542474
61542775
61542814
61543149
61541174
61542775
61541716
61542784
61542956
61573273
61542937
61542934
61540791
61542979
61541988
61543339
61541727
61541648
61542996
61541779
61573516
61543340
61542592
61543350
61543314
61541837
61542235
61573693
61543458
61542318
61541758
61543501
61542395
61542379
61543854
61542062
61543841
61543903
61541691
61543776
61542104
61544007
61544020
61542574
61542935
61574219
61543884
61542774
61574465
61544056
61543903
61544321
61543136
61546094
61544129
61544095
61544563
61543317
61542430
61544463
61544235
61542763
61543530
61542609
61544691
61544622
61544660
61542889
61542918
61544787
61543923
61546680
61543927
61543295
61545066
61543884
61544824
61545101
61543926
61575380
61545176
61544078
61543399
61543764
61545581
61544348
61544553
61544620
61545394
61543927
61545407
61543594
61544545
61545498
61576080
61545865
61544639
61575882
61545513
61544566
61545422
61545854
61544961
61543698
61545774
61544675
61576222
61545951
61545706
61576138
61545656
61545119
61545169
61545605
61544120
61545935
61546057
61547499
61547195
61547760
61546944
61546959
61548115
61547896
61548297
61547335
61547120
61546379
61548511
61546857
61548682
61547155
61548510
61548444
61547265
61548446
61579036
61547214
61578974
61548327
61547430
61547070
61548811
61579007
61548707
61548882
61546956
61548926
61547410
61547890
61548386
61579917
61549515
61548601
61547406
61549838
61549336
61549276
61548623
61579569
61549484
61549420
61549699
61548397
61547770
61549955
61580023
61549676
61549398
61580118
61549837
61549868
61548548
61549731
61549551
61550048
61549849
61580558
61550068
61549712
61580318
61549984
61549889
61580515
61549733
61549999
61580594
61550177
61580359
61550197
61549926
61548183
61548844
61550030
61548888
61549208
61580910
61550708
61549018
61549176
61550541
61580916
61550680
61549304
61550676
61550653
61548782
61550625
61549120
61550931
61550282
61549764
61551404
61549231
61551032
61581081
61550804
61551165
61549894
61581440
61551089
61550109
61549413
61550380
61550824
61551164
61549914
61551457
61551520
61550375
61551479
61551548
61582068
61550716
61551689
61550862
61549518
61552029
61550368
61549778
61550636
61550193
61551804
61550569
61550512
61551822
61550900
61550540
61551984
61550953
61551590
61582343
61551083
61551450
61552157
61550559
61582513
61552065
61582574
61552210
61552407
61582509
61551048
61551429
61552123
61582701
61552355
61552033
61553994
61552021
61551519
61551203
61551493
61552023
61552492
61551537
61582792
61551689
61551205
61550496
61552602
61552910
61550595
61552606
61551097
61552700
61552606
61551029
61552860
61552053
61552048
61552706
61552725
61550751
61551458
61583380
61552845
61551684
61551212
61552142
61553330
61553339
61551884
61583256
61553150
61552078
61552487
61553138
61552986
61583396
61553194
61583510
61553468
61552075
61553005
61553275
61552212
61583533
61553285
61553012
61553358
61551879
61553261
61552055
61553513
61552693
61551525
61553500
61553430
61583808
61552762
61552189
61584072
61553809
61584079
61553890
61553898
61554035
61554092
61552763
61584590
61554266
61553153
61584590
61554266
61554098
61553858
61554192
61553304
61553688
61554755
61552627
61554380
61554534
61554189
61554299
61553141
61556038
61584760
61553154
61584837
61553977
61552995
61553381
61554664
61585303
61554728
61554700
61553781
61554965
61555060
61553321
61554900
61585297
61585181
61553731
61585155
61554994
61554817
61555064
61556909
61585527
61554125
61553245
61585454
61555082
61555317
61554626
61553453
61555518
61586048
61553622
61554191
61586018
61554809
61554452
61555650
61554420
61555387
61555623
61554414
61586006
61554035
61555683
61586133
61556225
61554030
61555837
61555848
61554183
61555882
61556152
61555931
61555105
61554655
61555829
61555197
61557606
61555994
61555427
61586434
61556042
61556035
61554923
61556193
61554951
61556549
61554991
61556260
61554208
61586951
61556437
61554717
61556474
61556895
61586881
61556171
61555201
61556888
61555628
61555717
61587160
61556780
61556768
61555370
61555588
61558758
61556875
61555330
61555647
61556987
61556101
61556013
61555712
61556029
61587552
61557481
61557021
61557521
61556316
61557514
61587742
61555576
61557602
61557686
61587864
61557623
61557795
61557778
61556545
61555655
61557546
61556805
61556869
61557667
61555782
61557504
61557799
61557718
61557836
61556480
61588371
61557919
61556819
61557928
61557696
61558102
61558072
61557818
61558347
61558245
61558009
61558633
61557775
61557408
61558249
61588784
61557723
61558594
61556890
61558385
61556392
61557215
61558363
61557016
61557370
61589051
61558778
61557770
61558164
61558823
61557081
61558718
61557509
61560383
61558757
61557705
61556821
61558867
61559017
61557228
61558951
61589234
61558878
61589571
61558221
61557952
61557553
61557632
61557977
61558839
61589510
61589397
61559167
61559319
61559087
61589675
61558266
61557791
61558196
61589700
61559051
61589949
61559505
61559427
61559490
61558298
61589621
61557701
61559253
61559461
61558692
61558099
61559470
61589598
61559394
61589895
61559506
61558359
61559618
61589905
61559740
61559528
61557775
61558530
61590443
61560067
61558844
61558839
61560107
61558713
61560379
61559448
61558072
61566051
61565869
61564098
61565093
61566520
61565181
61564445
61566431
61564433
61596962
61566640
61564315
61566055
61597117
61566630
61566421
61567009
61596809
61565713
61567540
61567484
61567217
61567420
61568259
61567922
61599596
61569036
61599477
61569202
61569190
61569286
61599644
61569213
61567729
61569435
61569193
61569581
61569452
61568096
61568337
61569767
61568483
61569727
61569500
61599980
61568462
61599967
61568596
61567795
61567756
61568292
61570039
61570052
61570301
61570014
61570419
61570091
61600246
61570076
61570297
61569276
61570436
61600606
61568163
61569219
61572209
61570425
61570536
61569676
61569732
61568832
61568528
61569530
61568664
61570758
61601059
61570678
61601186
61570843
61570497
61601223
61570846
61601163
61570636
61570374
61571038
61569528
61570331
61570769
61569790
61570881
61569622
61569681
61570765
61569835
61569485
61569562
61568702
61569436
61601164
61570707
61570294
61571164
61571131
61570332
61569964
61569570
61570245
61571542
61570370
61571486
61571550
61569964
61570407
61571639
61571602
61569536
61570405
61569566
61571540
61602036
61571728
61570793
61572121
61571978
61571027
61570139
61571648
61571894
61602468
61572107
61569908
61572267
61572361
61572375
61572454
61571061
61571384
61570437
61572328
61602716
61572270
61602927
61571789
61572348
61572208
61572442
61572390
61572183
61572424
61571471
61572368
61570299
61570316
61571010
61571124
61572329
61570652
61571395
61603076
61572560
61603119
61602782
61603143
61571625
61571875
61572687
61570381
61571509
61571726
61572685
61571056
61572259
61603055
61571732
61603548
61572352
61573243
61572913
61571726
61571976
61571620
61571717
61603587
61573060
61571421
61572280
61571898
61571425
61572126
61571496
61573360
61604286
61572955
61572076
61573672
61573546
61572325
61572150
61572099
61572491
61571891
61573005
61572081
61573629
61573808
61571578
61573532
61573755
61573973
61573663
61574085
61573195
61573169
61572247
61573677
61574041
61573839
61573089
61573706
61604158
61573951
61572529
61573012
61574128
61574160
61572099
61573044
61573711
61573159
61572237
61574310
61573962
61574346
61604951
61574592
61605022
61574446
61574123
61574524
61573121
61574739
61573919
61572850
61573823
61573279
61604737
61574544
61574498
61572657
61573423
61605095
61574855
61574798
61573615
61573763
61574926
61573961
61575057
61574960
61574979
61573440
61573712
61605101
61574829
61605411
61574920
61574852
61575038
61573952
61574962
61575093
61605512
61574989
61605733
61575104
61575050
61574331
61573993
61575083
61575265
61574547
61575254
61605929
61575434
61574325
61573370
61575483
61574564
61573827
61575903
61574433
61576203
61576110
61576427
61575127
61576406
61576053
61606121
61576002
61574429
61576219
61576379
61606589
61575976
61576295
61575222
61576458
61576494
61606921
61576527
61575185
61576519
61576289
61576742
61575632
61607013
61576526
61607139
61576512
61576630
61576067
61575373
61574607
61576680
61607317
61575612
61575818
61575494
61575735
61607266
61577000
61607435
61576992
61576907
61575196
61576997
61576591
61576931
61575573
61575573
61575666
61575773
61575846
61575211
61574838
61575498
61576956
61575561
61577187
61577440
61577111
61577256
61575502
61577295
61576313
61607829
61577356
61575660
61577588
61576246
61575885
61577314
61575646
61577283
61577418
61607693
61576124
61607812
61576380
61577781
61575680
61608324
61577824
61577932
61577842
61578080
61578104
61577959
61577817
61608424
61576390
61576980
61576743
61577127
61576295
61578528
61609024
61578738
61577146
61578477
61578669
61578534
61576815
61577829
61576472
61576786
61577626
61577230
61577627
61578614
61578268
61577830
61577384
61578598
61576960
61578730
61578994
61578688
61577363
61608970
61578925
61609223
61577549
61609133
61578748
61578666
61579139
61578826
61579070
61609169
61578349
61578922
61578836
61577965
61609492
61578898
61609535
61579218
61578867
61579307
61578289
61577344
61579294
61578689
61579385
61609803
61579503
61577770
61579558
61579285
61579717
61579538
61579487
61609972
61610025
61580005
61610219
61579664
61577961
61579789
61578275
61577774
61578456
61577695
61578354
61610148
61579800
61610229
61578245
61578870
61580294
61610282
61580040
61579799
61580360
61579074
61580192
61579171
61579652
61579236
61582052
61610554
61580057
61580400
61579589
61578421
61579447
61579764
61580564
61610965
61580629
61580497
61580972
61580552
61580321
61579543
61580840
61579528
61578820
61578994
61579478
61579190
61580623
61579845
61579944
61580787
61579666
61578964
61579411
61579772
61580832
61578972
61580906
61611365
61582312
61582828
61581571
61580755
61581576
61581707
61583266
61582313
61582192
61581727
61584886
61583161
61583229
61583276
61613596
61583094
61581537
61613374
61583115
61585088
61613677
61582132
61583717
61583664
61581992
61614156
61583758
61581712
61583740
61614418
61614096
61584446
61582672
61582371
61582887
61582075
61584024
61614456
61584121
61614786
61583328
61582492
61583988
61584104
61582564
61614533
61582919
61614359
61584001
61584068
61582118
61584177
61614595
61584277
61582173
61614835
61584250
61615041
61584730
61583817
61583737
61584149
61583334
61582952
61583293
61584393
61583949
61583608
61583170
61583383
61614799
61584470
61583061
61584528
61614840
61584819
61584397
61584874
61614821
61584043
61584731
61615270
61584736
61614932
61583731
61584850
61615235
61584644
61583230
61615345
61583540
61615432
61585056
61583408
61615220
61584986
61583783
61585313
61583192
61585215
61615631
61585344
61585558
61615723
61585404
61585494
61615854
61585630
61584070
61585860
61585959
61585941
61584485
61583756
61585751
61584269
61616024
61585830
61583996
61585998
61584920
61587722
61586024
61586256
61586179
61586317
61586292
61585181
61616392
61616390
61584911
61584041
61584697
61584902
61584773
61584812
61586135
61616733
61586472
61585378
61584679
61586333
61584831
61586117
61586191
61616798
61586419
61585125
61585837
61586484
61585091
61586359
61586750
61584996
61585505
61587356
61617652
61587128
61585337
61587199
61586102
61617482
61587065
61586996
61617421
61587028
61617470
61617361
61585973
61585250
61585884
61585361
61617930
61586386
61586476
61587213
61617996
61587411
61585783
61587471
61587540
61587553
61586238
61586649
61587448
61586263
61585506
61587993
61585869
61585922
61587648
61617993
61586710
61587928
61588044
61587882
61618436
61586010
61586976
61588118
61587247
61586574
61586729
61618275
61588082
61586522
61587155
61586633
61618094
61588061
61586876
61587332
61588195
61618834
61588334
61588223
61588625
61588616
61619090
61588513
61588500
61588755
61587606
61587820
61588642
61588317
61587290
61588891
61587028
61588761
61619379
61587526
61588727
61619223
61587246
61594442
61595714
61594972
61595763
61594393
61593633
61595627
61595720
61594410
61594659
61626080
61595927
61594112
61626247
61595887
61596138
61595996
61626651
61594695
61596632
61596595
61596676
61595249
61627025
61596811
61596430
61595890
61595411
61626920
61596624
61594806
61626939
61596669
61627070
61596825
61596756
61627045
61627225
61597059
61596886
61596093
61595819
61596954
61595343
61594883
61595591
61594852
61596863
61627344
61597114
61595988
61596419
61596000
61597184
61597370
61597428
61597052
61597326
61627694
61596490
61627803
61597621
61596016
61597604
61597564
61597586
61596813
61597560
61596643
61628020
61597660
61597795
61595630
61596085
61597879
61597832
61596966
61628383
61596830
61598175
61597823
61596194
61598426
61628576
61598106
61596444
61628510
61598028
61628381
61598000
61628513
61628189
61596737
61598121
61598320
61596984
61596758
61597641
61598369
61598359
61596372
61597279
61628880
61598389
61628717
61597726
61598150
61596912
61598080
61628737
61598244
61628784
61597628
61597107
61596385
61628890
61597831
61598623
61597328
61597336
61597278
61598505
61598902
61597624
61598067
61597483
61629219
61598850
61598529
61598999
61597958
61597019
61598934
61597818
61597137
61598537
61599086
61598949
61599417
61598164
61599023
61599505
61597864
61599343
61599206
61599498
61599415
61629688
61599373
61599251
61597465
61599454
61630306
61599578
61597944
61597894
61599634
61599771
61599251
61599567
61599275
61598716
61599201
61599386
61599683
61598941
61597580
61598383
61597513
61599470
61597940
61599762
61600096
61630206
61599998
61598271
61599854
61600009
61630312
61600333
61597863
61600164
61600393
61600292
61600298
61630439
61600269
61598450
61599061
61599114
61599771
61599457
61600668
61600310
61600636
61599003
61631029
61598680
61599705
61598897
61601079
61631523
61631350
61600994
61599298
61600349
61601172
61631137
61631480
61601110
61631443
61601161
61631734
61601313
61601427
61601415
61601473
61599905
61599859
61631742
61601263
61601278
61599838
61600264
61599592
61601317
61631992
61601558
61601408
61601772
61600482
61600800
61601493
61631926
61631751
61600269
61601794
61601945
61601923
61600512
61632366
61601907
61632424
61601150
61601683
61602018
61599826
61602241
61601889
61632321
61602017
61632599
61602359
61601454
61600616
61602382
61602387
61632706
61602684
61602379
61600910
61601038
61601145
61601201
61601667
61602180
61633089
61602401
61633081
61602670
61602448
61601720
61601403
61632888
61602523
61602622
61602928
61602664
61602803
61601804
61604134
61603747
61603863
61604648
61604604
61604691
61604514
61604806
61604485
61604921
61604606
61604920
61635410
61605109
61635331
61604945
61604910
61605417
61603403
61604143
61603942
61604090
61603739
61605579
61605344
61605178
61605305
61603609
61603207
61603578
61605701
61635563
61605224
61603999
61603759
61604499
61603960
61604675
61635758
61635727
61605673
61605565
61603753
61605243
61603919
61606125
61635908
61605562
61636002
61605663
61603995
61605973
61605688
61604335
61606025
61605989
61605201
61606002
61636575
61605802
61636384
61606220
61636327
61606047
61636589
61606089
61604462
61606329
61605562
61636575
61605976
61606206
61604677
61606232
61604051
61606461
61636761
61604759
61606556
61604881
61636783
61605347
61606705
61636998
61637147
61605251
61605863
61606800
61606466
61606779
61606322
61605766
61605597
61606798
61605696
61607188
61606827
61607016
61606987
61606655
61637328
61606883
61605802
61605888
61607004
61607582
61637728
61607329
61607208
61607324
61638215
61607624
61605947
61607518
61637869
61607456
61638011
61608057
61607457
61607542
61637843
61638299
61607924
61606527
61607271
61606649
61607211
61638316
61638344
61607769
61638461
61607860
61605913
61606761
61606535
61638464
61606091
61606971
61607048
61607206
61608455
61608424
61608580
61607712
61608449
61608608
61608561
61638950
61608553
61608671
61608655
61639370
61608695
61607129
61608885
61607026
61638941
61608596
61608816
61608941
61608551
61608882
61607217
61639365
61639423
61608978
61607320
61608419
61607424
61609297
61608450
61609180
61639641
61609196
61609044
61611062
61607705
61607665
61608245
61609159
61608144
61608440
61607557
61608420
61639699
61607538
61607672
61609354
61639764
61609329
61639893
61609540
61639722
61608157
61607639
61608247
61608814
61608431
61639866
61608334
61607773
61608485
61608600
61608419
61609630
61609388
61609721
61608953
61609895
61609465
61609820
61608897
61609934
61609924
61640399
61607890
61608799
61608629
61609715
61607935
61608615
61608227
61608645
61608872
61609439
61609044
61609234
61610032
61640454
61609423
61608513
61609362
61609993
61609739
61608628
61609175
61609797
61610545
61610281
61640897
61610505
61641062
61610519
61608813
61641015
61609493
61610704
61610768
61610112
61609560
61608735
61610869
61610534
61610939
61608556
61641218
61609632
61608955
61641407
61609959
61611238
61611162
61609613
61610941
61610023
61611323
61611170
61611449
61611287
61641777
61610024
61609638
61611549
61611566
61642026
61611480
61641972
61611343
61609409
61641692
61611619
61609730
61641808
61642027
61610457
61610243
61611105
61610366
61611633
61642277
61611813
61642204
61611907
61611898
61611939
61642035
61611878
61610594
61612200
61642692
61612690
61611782
61612217
61610385
61612158
61610592
61612130
61610591
61612150
61610652
61612491
61612194
61612815
61612373
61612745
61611676
61610522
61642837
61611056
61612477
61612683
61612906
61643357
61612895
61643547
61612840
61612767
61612866
61643193
61612716
61643394
61643356
61643511
61612921
61643604
61613575
61612393
61613146
61613288
61613244
61643819
61613231
61643761
61613640
61644021
61613372
61612003
61613769
61612172
61613583
61612459
61613562
61613298
61612019
61612827
61613564
61613215
61613592
61612555
61613653
61613359
61613682
61613584
61613767
61613438
61613904
61612098
61613872
61613639
61614260
61612400
61612523
61612871
61612690
61612915
61614317
61612438
61612917
61612736
61613958
61645163
61614651
61613140
61614715
61614324
61612514
61613464
61614990
61613735
61614810
61614591
61614598
61614441
61614853
61614466
61614817
61613418
61614937
61612923
61645172
61614106
61613448
61614957
61613349
61615177
61645498
61615156
61613488
61613997
61614006
61615148
61614080
61614676
61614438
61645696
61614409
61613578
61614471
61613793
61613754
61614332
61614241
61614640
61615869
61615519
61645870
61615614
61645945
61615551
61614588
61615638
61615482
61615985
61614341
61615954
61615801
61615830
61614484
61615381
61614767
61615781
61616060
61614327
61616032
61614391
61615259
61615001
61615631
61615173
61614188
61615203
61615110
61616314
61646695
61616338
61616646
61615474
61616641
61615357
61615338
61615798
61646839
61616452
61614726
61646835
61616724
61616583
61615919
61616629
61615935
61647013
61616811
61616890
61616713
61616999
61616009
61615475
61614820
61614831
61615840
61614990
61616102
61615850
61617003
61618797
61617085
61615368
61617226
61615401
61617322
61616687
61617703
61617695
61619565
61619601
61619717
61619421
61619696
61650181
61620239
61650255
61619810
61619788
61620062
61619738
61620270
61618797
61620286
61650243
61618492
61620163
61619579
61618991
61619618
61620410
61619529
61619937
61620307
61618512
61620343
61620476
61618331
61619590
61620765
61619884
61620655
61618651
61651350
61620707
61650963
61620665
61651398
61621025
61620962
61621155
61618902
61651351
61619985
61619758
61619897
61620405
61621348
61620935
61621288
61651619
61621211
61621189
61621331
61651794
61621191
61651396
61621196
61627851
61628882
61659244
61628854
61628584
61627622
61628933
61659183
61628904
61659391
61629067
61659520
61627050
61628281
61629352
61629424
61629587
61659915
61629450
61659876
61629237
61628322
61629616
61629644
61659998
61630044
61628437
61629863
61628651
61630027
61629841
61660103
61629642
61629816
61630025
61629738
61629011
61629873
61628094
61629969
61660599
61629283
61628483
61630085
61628468
61629777
61660979
61630313
61660576
61630414
61629180
61630279
61660679
61630318
61660825
61630401
61630112
61629769
61660888
61630632
61660846
61630471
61629474
61630525
61661023
61630675
61661057
61630662
61629073
61630727
61629214
61630837
61629196
61630955
61629290
61630869
61630777
61631220
61629213
61630894
61661403
61631013
61629144
61661554
61661472
61630078
61631327
61630145
61631428
61631133
61631352
61631368
61630110
61630265
61631627
61629807
61631506
61630390
61631789
61631297
61631736
61630047
61629461
61631692
61631830
61631728
61631897
61631770
61630627
61631337
61632073
61630987
61631177
61630999
61632217
61631917
61630842
61630079
61632076
61632207
61632292
61632140
61630852
61630150
61662717
61632227
61662509
61632301
61662581
61632229
61662623
61631061
61630274
61631439
61630452
61631255
61632384
61630592
61632242
61631608
61662702
61631260
61663278
61632686
61662857
61632599
61634361
61632850
61663249
61632957
61663174
61631188
61631749
61631944
61633018
61632781
61632141
61631824
61631648
61631923
61631464
61633166
61663883
61633298
61631160
61663573
61632091
61632619
61632125
61633473
61633199
61632816
61632492
61633731
61632526
61631958
61632432
61632371
61633731
61632046
61632662
61632670
61632165
61632278
61634124
61664326
61634567
61632725
61634216
61664489
61634178
61664395
61634201
61664606
61634298
61632950
61633720
61632327
61633261
61664698
61633469
61634745
61633789
61633792
61634221
61634453
61664930
61634660
61665158
61634745
61634699
61635007
61665374
61634948
61634749
61635049
61634442
61634603
61635299
61634535
61635358
61635272
61634710
61634294
61634727
61634467
61634125
61635660
61665925
61634178
61637216
61635702
61635354
61635820
61633922
61635590
61635447
61635799
61635578
61635782
61635888
61635835
61634575
61635715
61635479
61634256
61635696
61634246
61634107
61666185
61634774
61633986
61666270
61634900
61636063
61635234
61636261
61666804
61635941
61636658
61635025
61636095
61666456
61636122
61637831
61636355
61635599
61636592
61636503
61636512
61636749
61634816
61635324
61636664
61636358
61636673
61636380
61636892
61667291
61636918
61667329
61636756
61667262
61636507
61635197
61637015
61635278
61637044
61667580
61637537
61667500
61637040
61636998
61637097
61667407
61636922
61635104
61667209
61636040
61637124
61635233
61636924
61635446
61637259
61637174
61637323
61635555
61635953
61636200
61637639
61637102
61637426
61635542
61637551
61636895
61637268
61637461
61637453
61637453
61637666
61635645
61636688
61637372
61637631
61636879
61636432
61637827
61637639
61667881
61636451
61637529
61637480
61667973
61637728
61635805
61636693
61668072
61636703
61638047
61637618
61637810
61668418
61636960
61637558
61637987
61668348
61637980
61668411
61637429
61638144
61638047
61636515
61638189
61637496
61638655
61638307
61637933
61637895
61638581
61636789
61638436
61636703
61638607
61638324
61638640
61637152
61637920
61669226
61638930
61669330
61638928
61637652
61638634
61636803
61638041
61638882
61639016
61637451
61637445
61638853
61637594
61639158
61639122
61669562
61639124
61669678
61639103
61639066
61639335
61669588
61637114
61637520
61639295
61669838
61639319
61669495
61669239
61637599
61639158
61669555
61638011
61638547
61638664
61669575
61637887
61638708
61638466
61639211
61639315
61637754
61638346
61638191
61638590
61639661
61638262
61639409
61638855
61638405
61639844
61669882
61639041
61639855
61639883
61639415
61640063
61638200
61670104
61639229
61640124
61639642
61639521
61639292
61640111
61639766
61639178
61640302
61640276
61639951
61640333
61639473
61640420
61639401
61639196
61640183
61640231
61640534
61640253
61640598
61640527
61640686
61638409
61640060
61640457
61640643
61671184
61670601
61638615
61639428
61640332
61640822
61671340
61640856
61638919
61638619
61671556
61640835
61671116
61639650
61640326
61640660
61639036
61639693
61640986
61639904
61641016
61641810
61642559
61641932
61641100
61642029
61673710
61643335
61643646
61643369
61673867
61643595
61674099
61643662
61645557
61641845
61641954
61644133
61674006
61643706
61643769
61644026
61642497
61643809
61644127
61643087
61641912
61642921
61643319
61644198
61642327
61643375
61674600
61643043
61642215
61643200
61644448
61644558
61644423
61644520
61675066
61644485
61642439
61644645
61643893
61643011
61643088
61644619
61675125
61644605
61675150
61675190
61643953
61644986
61644692
61644905
61644921
61643988
61644283
61645293
61644900
61645347
61645256
61644755
61644216
61645519
61645405
61675612
61644071
61644691
61644323
61645598
61645515
61643820
61645617
61645817
61645131
61645929
61645879
61645795
61643825
61644605
61645952
61676253
61646370
61644235
61646100
61644175
61645955
61676784
61646087
61676458
61676006
61644372
61646293
61676586
61646074
61676311
61676202
61645847
61646221
61676754
61646384
61676669
61646230
61676890
61646422
61676737
61645270
61676938
61645184
61645898
61646033
61645634
61645300
61644856
61645678
61645445
61646534
61644875
61645777
61646876
61646687
61677067
61645416
61645999
61677096
61677244
61645642
61647021
61645816
61644940
61645763
61647142
61647125
61677270
61677677
61647093
61677582
61647303
61677702
61647378
61646250
61645819
61646338
61646069
61646319
61647907
61647935
61647804
61647435
61646870
61646585
61647847
61677924
61678490
61647930
61647285
61647057
61646939
61648083
61646554
61648453
61678873
61648322
61678654
61646413
61646445
61648246
61647700
61647301
61647620
61647301
61648839
61647020
61648830
61646726
61648503
61648175
61648668
61647065
61648697
61648701
61648740
61646925
61647844
61647026
61648790
61679081
61647444
61648061
61647628
61648231
61647856
61648223
61647824
61648410
61648125
61649230
61649007
61649168
61647637
61648026
61649261
61647793
61679531
61647938
61648623
61648381
61648919
61648479
61648557
61648334
61649792
61649627
61649812
61650127
61649887
61648180
61649031
61648731
61650103
61649134
61650194
61650434
61649408
61649208
61650412
61649930
61650357
61648602
61680558
61649713
61650501
61649286
61650511
61648723
61650380
61650454
61650594
61680794
61650464
61649261
61650647
61648574
61649521
61649217
61649692
61649418
61650106
61649490
61649323
61649248
61650080
61650865
61650833
61650929
61681280
61649556
61650064
61650787
61650823
61650913
61651019
61650836
61650064
61650927
61681189
61649828
61681528
61649961
61651204
61649773
61651295
61650875
61651215
61649639
61650586
61681963
61651296
61649352
61681826
61681664
61650274
61650216
61650393
61682019
61649954
61651783
61682079
61652111
61681953
61651474
61649605
61650738
61651886
61650843
61651685
61681926
61650083
61649703
61682264
61650014
61651820
61651993
61649740
61649871
61650215
61651998
61650845
61650942
61652376
61651883
61652040
61650540
61652245
61650114
61652292
61682615
61652178
61651201
61652401
61652511
61652265
61652500
61650711
61652470
61651248
61652947
61650304
61651203
61650995
61652648
61650596
61652414
61652272
61652550
61650995
61652885
61651089
61652087
61652797
61652284
61683045
61652701
61683069
61653044
61683397
61652842
61683198
61652971
61683380
61651732
61651809
61652260
61653219
61651017
61683292
61651509
61651463
61683757
61651842
61683808
61652042
61652260
61652292
61653694
61652536
61653881
61653560
61683967
61653566
61653681
61684257
61653882
61652496
61653220
61653838
61652319
61653696
61653390
61684606
61652835
61652375
61653201
61684675
61654458
61654405
61684842
61654452
61684828
61654523
61654671
61654661
61684964
61654610
61685211
61654668
61685059
61654694
61652815
61653674
61655042
61654754
61655018
61654728
61654863
61685416
61654983
61685155
61655478
61654460
61685211
61685492
61653398
61655526
61653091
61655110
61653871
61655363
61655399
61655633
61655347
61654461
61655442
61653298
61654013
61653522
61654587
61653370
61654767
61655531
61654672
61655316
61654616
61685664
61654274
61654021
61654203
61655476
61685847
61655463
61685814
61655569
61654260
61655669
61686251
61655800
61653917
61686172
61654564
61655912
61655512
61655825
61654207
61686166
61654737
61655966
61686353
61656214
61655778
61655983
61694848
61664417
61662333
61694862
61695010
61664391
61662519
61664130
61663816
61664556
61662977
61664463
61662747
61663580
61662985
61664703
61662818
61663495
61663167
61695144
61695388
61664610
61664858
61695166
61664995
61662932
61665066
61664209
61664299
61665337
61665443
61665281
61663847
61665209
61695683
61665220
61665456
61663757
61696087
61663883
61666109
61665510
61665460
61664168
61665009
61665828
61665543
61665728
61695938
61665488
61696260
61696303
61665265
61665975
61664180
61665908
61696489
61674243
61665982
61667719
61667873
61667813
61666167
61667944
61665891
61667303
61668043
61668106
61668264
61698509
61668188
61698544
61698614
61668451
61666713
61668264
61667852
61668815
61668744
61699287
61668105
61666662
61667878
61669024
61668806
61668996
61699407
61669066
61699475
61699442
61668442
61669392
61669319
61668818
61668800
61699697
61667604
61669798
61667392
61668157
61668870
61699653
61668671
61700005
61669557
61667653
61668201
61669820
61669697
61669697
61700120
61669833
61700273
61669897
61700074
61668466
61669988
61669267
61670028
61669798
61667855
61668658
61669261
61668893
61669819
61668819
61700486
61668750
61671929
61670170
61669993
61700786
61670241
61668988
61670224
61670439
61670330
61670628
61670759
61670798
61701130
61669417
61670714
61669644
61669325
61670689
61668810
61670047
61670859
61670823
61669836
61669555
61670831
61670948
61701339
61701222
61669598
61669558
61669916
61670883
61671111
61701496
61669762
61669989
61671137
61701402
61670013
61671557
61670429
61670246
61669130
61670128
61671551
61671528
61671564
61671157
61669692
61671652
61670683
61670566
61671718
61671350
61671741
61671566
61671905
61671584
61671825
61671867
61672129
61670398
61672083
61670385
61671279
61670955
61672191
61670532
61672267
61702795
61671912
61671062
61672252
61672050
61672407
61702624
61670942
61672138
61672329
61702838
61671206
61670888
61670472
61702909
61671261
61672719
61672643
61670907
61702986
61671503
61672707
61672637
61670701
61671963
61672589
61671682
61673054
61672705
61672386
61672837
61671760
61673224
61673177
61672927
61673290
61673296
61672051
61672746
61673369
61672564
61672061
61673190
61672772
61671712
61672870
61672328
61673577
61672011
61673661
61673522
61673254
61704035
61672145
61673046
61674100
61704496
61673995
61704186
61671889
61673799
61674187
61704747
61673119
61674202
61673695
61672462
61673559
61673363
61674635
61674736
61672855
61674836
61705227
61674608
61674473
61673903
61672702
61705311
61674792
61674083
61674901
61705011
61705274
61674582
61674805
61705410
61675130
61673898
61675150
61705624
61675541
61674546
61675371
61705607
61675243
61673672
61675419
61705675
61675404
61705889
61673747
61675161
61675460
61706038
61674461
61674362
61675504
61675811
61674531
61675834
61674977
61674735
61676186
61673854
61674678
61675298
61676116
61675710
61674179
61674391
61675992
61674267
61676169
61706365
61675086
61676503
61676089
61676524
61675102
61676525
61676108
61676316
61674681
61676335
61676752
61676440
61706854
61675761
61676755
61676551
61676676
61674891
61676661
61707159
61707257
61707173
61675565
61676605
61675796
61677117
61676803
61677201
61675416
61674928
61675835
61677194
61676838
61707504
61676113
61677072
61707751
61677201
61707623
61677374
61707705
61676087
61677726
61675869
61677527
61708178
61677522
61707809
61676352
61676082
61676351
61677744
61676808
61676135
61676705
61678083
61677445
61678155
61708526
61676547
61677496
61677557
61708462
61677928
61677992
61677455
61676930
61678240
61677658
61678377
61678427
61678262
61678168
61708819
61678241
61676640
61678372
61678376
61677407
61678356
61678507
61708865
61677436
61678740
61677539
61678798
61677755
61679031
61677425
61679222
61677362
61676731
61678693
61679098
61709206
61677818
61677667
61678537
61679448
61677615
61679450
61679103
61679109
61678569
61678102
61679337
61709539
61709759
61679447
61679384
61709484
61677871
61678191
61679443
61709815
61679925
61681393
61679616
61677689
61678865
61679599
61678814
61677853
61678051
61679634
61709910
61679527
61678922
61679581
61679773
61710044
61679851
61710274
61678680
61680014
61679393
61679063
61678880
61679988
61710106
61678781
61680038
61679354
61679500
61678240
61679040
61680292
61680124
61680280
61711005
61680798
61710790
61710775
61680299
61678737
61680446
61679274
61680547
61680772
61679115
61680782
61680838
61679019
61680601
61679502
61680823
61680840
61680699
61680904
61681012
61679295
61711423
61680817
61681073
61711405
61680894
61679049
61679924
61679888
61680085
61681214
61680135
61681291
61680881
61711157
61679471
61681036
61711523
61678976
61711644
61711829
61681312
61679373
61680272
61679476
61680948
61681418
61711617
61680053
61681094
61681511
61681462
61680203
61680272
61681394
61681637
61680177
61712025
61680649
61681597
61681946
61680996
61712155
61681614
61679749
61680566
61680922
61681657
61681304
61712129
61680615
61713422
61714092
61683716
61714003
61682762
61682659
61684235
61682959
61683636
61684772
61684895
61684904
61684491
61684568
61715520
61683781
61685091
61685050
61715217
61715407
61683630
61683198
61684176
61715572
61684849
61685162
61683980
61684746
61685456
61685266
61685240
61685510
61685528
61685694
61683691
61685722
61685853
61685412
61685814
61684214
61685953
61684697
61685368
61716462
61684740
61684663
61686200
61685524
61685211
61686396
61684620
61716361
61685465
61686369
61716742
61686214
61685175
61686267
61716659
61684980
61685145
61716685
61716965
61686606
61717014
61686649
61686116
61685816
61685575
61686805
61685490
61717444
61687069
61686049
61687190
61685028
61686366
61687488
61686968
61685900
61685829
61687116
61685797
61687183
61685991
61687494
61717740
61687508
61687496
61687537
61686496
61686317
61687610
61687740
61687639
61685932
61718008
61686470
61687695
61687439
61687629
61718055
61687531
61687618
61687947
61718503
61687809
61685996
61687911
61688168
61687734
61687849
61718041
61685884
61686194
61687989
61718397
61686845
61688237
61718279
61718337
61718664
61687086
61687587
61687649
61686985
61687315
61688378
61718769
61688830
61688166
61687361
61688607
61688176
61688441
61688324
61688450
61718804
61688364
61690188
61687891
61686447
61687592
61688284
61687551
61688896
61719253
61688204
61688107
61687922
61689068
61687447
61689197
61719545
61689597
61687652
61688964
61688468
61687980
61689304
61689189
61689295
61687459
61689280
61691176
61689236
61719633
61689188
61719780
61689340
61719869
61689261
61719729
61688089
61691349
61689450
61687521
61688263
61689574
61689564
61688248
61688383
61689628
61719859
61689761
61689379
61689644
61720112
61689545
61688060
61689762
61689189
61689691
61688685
61691637
61690001
61688366
61690068
61720648
61690005
61690496
61690347
61688732
61690273
61720421
61690446
61689434
61689947
61689589
61690449
61720821
61689088
61720868
61690527
61721177
61689458
61690732
61692462
61690829
61720998
61689690
61690987
61689655
61690503
61721261
61689429
61721466
61690883
61688854
61689930
61689653
61690608
61691287
61690328
61691290
61689731
61691593
61721862
61691473
61690120
61691223
61689440
61690281
61690719
61691528
61689530
61690086
61691846
61693378
61691693
61721882
61690290
61689639
61722143
61722013
61690787
61692074
61690865
61692100
61691893
61691973
61692175
61691996
61690519
61692277
61722768
61691041
61692157
61690169
61691000
61690203
61692306
61692301
61722802
61692298
61722723
61722932
61690549
61691312
61692677
61692718
61692758
61691420
61692768
61692748
61692889
61692625
61691299
61692934
61693145
61691226
61723360
61693164
61692944
61691419
61691061
61692472
61691743
61691841
61693278
61692970
61693098
61723706
61693391
61723859
61693275
61691301
61692149
61693221
61693365
61691489
61692256
61693332
61692314
61693949
61693735
61724164
61693686
61724102
61692424
61693744
61693805
61693835
61693634
61692875
61693883
61724255
61693797
61692933
61694004
61724376
61693936
61692816
61694000
61693456
61693607
61693008
61694178
61692094
61693065
61694215
61693080
61694343
61694156
61694339
61692728
61693603
61694252
61693234
61694592
61694552
61693312
61694397
61694409
61694640
61725109
61693480
61693056
61693287
61694725
61694611
61694921
61693668
61695095
61725679
61694882
61725314
61694980
61694863
61694879
61725126
61693721
61694304
61694376
61694389
61694854
61695014
61695085
61695204
61725557
61693986
61693768
61695470
61725762
61693706
61695551
61725878
61694337
61695712
61695415
61694866
61693866
61695825
61695098
61695163
61694079
61695729
61695898
61726331
61696034
61726249
61695022
61696120
61694445
61696268
61694546
61694654
61695698
61695384
61696442
61695974
61694224
61726736
61696408
61696374
61726723
61696514
61696856
61696372
61696538
61694666
61695294
61695117
61695727
61696863
61727395
61696732
61695870
61696539
61697106
61696950
61695675
61696825
61697224
61727660
61695581
61695141
61696112
61697385
61696988
61697191
61727649
61727536
61727736
61696951
61697475
61728021
61697544
61699496
61697699
61728068
61696327
61695895
61695562
61697768
61728085
61696564
61697871
61697769
61698044
61696135
61697786
61698115
61696646
61697961
61697315
61698178
61697679
61695946
61696138
61696986
61698307
61698028
61728350
61728748
61698271
61696334
61697113
61696980
61698469
61698495
61728773
61698398
61700198
61698432
61698689
61697872
61698681
61697572
61698803
61697513
61698601
61696743
61697697
61699082
61697641
61698958
61729313
61698756
61729120
61700143
61700539
61700673
61701011
61699931
61701156
61699937
61700036
61701498
61701707
61703333
61700026
61700588
61711099
61711592
61711238
61742046
61711437
61741725
61710297
61709921
61711555
61709725
61710642
61710807
61711914
61710721
61710766
61741993
61710763
61711999
61712041
61712015
61712369
61712340
61710275
61711925
61712080
61711411
61742338
61711078
61711307
61711390
61712340
61710705
61712369
61742738
61712387
61710767
61712219
61712481
61710902
61712752
61712646
61711376
61711733
61713020
61712809
61713098
61711940
61712953
61712286
61743372
61711768
61711841
61712374
61713196
61711510
61713002
61711381
61713147
61713208
61713672
61712584
61712285
61713291
61712229
61713556
61743912
61713194
61715239
61713423
61712801
61712296
61713402
61713536
61712636
61744017
61744071
61712529
61712629
61712648
61744364
61712839
61714137
61713850
61744406
61714232
61713810
61712017
61712871
61713027
61712940
61714088
61744575
61714098
61714310
61712895
61712752
61713535
61714297
61716121
61714243
61714541
61712349
61744685
61712905
61715096
61745019
61714562
61714925
61745132
61714807
61745193
61715310
61712972
61713732
61714645
61715336
61712834
61713760
61715105
61713583
61715184
61714808
61714517
61745665
61714299
61715177
61715185
61714133
61745455
61715695
61715418
61713819
61715324
61713926
61715575
61715494
61713666
61715453
61715172
61715382
61745691
61714158
61713619
61715287
61745665
61715509
61713565
61714619
61715378
61714590
61715903
61713903
61715680
61716176
61715979
61714246
61716116
61746291
61713676
61746235
61714666
61715460
61715436
61716271
61716176
61716368
61715890
61715102
61716330
61714634
61716326
61716781
61716566
61746800
61716863
61714498
61716533
61714413
61715483
61715136
61716098
61747237
61715547
61716848
61747264
61717221
61718595
61716754
61717038
61717137
61716958
61715942
61716855
61747287
61717005
61715061
61717269
61717159
61717092
61717394
61717624
61717297
61715499
61717323
61716271
61715998
61717436
61716791
61717425
61715644
61717592
61717507
61717355
61715395
61716342
61717564
61715466
61715876
61717799
61716971
61748214
61717698
61748145
61716597
61717122
61717035
61718044
61716235
61717962
61717752
61748209
61717775
61715904
61716824
61718145
61716320
61718034
61718251
61717769
61718212
61748698
61717398
61748442
61717220
61718366
61718431
61718019
61716515
61718394
61716204
61717096
61717426
61718553
61718483
61718578
61718866
61718999
61718819
61717071
61716994
61717958
61718919
61716781
61717770
61749066
61717912
61719004
61717274
61716974
61717281
61718995
61717032
61749469
61717575
61719334
61719273
61749594
61719566
61717727
61718618
61719440
61717614
61719353
61719192
61719340
61719509
61719705
61750179
61719534
61717703
61719589
61717583
61718476
61719947
61718549
61750191
61717658
61719887
61719389
61719804
61718272
61720035
61718607
61720144
61720042
61718085
61719114
61750673
61718884
61718816
61720503
61720388
61719462
61720357
61718452
61720272
61720297
61719391
61720381
61720445
61718764
61719422
61720620
61720615
61750858
61720554
61720333
61720699
61750922
61719234
61719568
61719747
61721342
61720823
61720848
61720891
61719641
61720488
61720848
61721013
61721019
61719449
61721110
61751794
61720436
61751615
61751587
61720365
61721477
61721368
61720495
61720619
61721658
61721496
61719701
61719596
61720610
61720056
61721230
61751731
61721424
61721377
61720960
61721208
61751687
61721224
61751717
61721594
61721397
61751988
61721126
61721308
61721505
61751838
61721406
61719959
61721797
61719937
61721817
61719641
61720462
61721673
61720403
61720414
61720804
61721825
61723642
61721817
61719983
61721144
61722140
61721920
61722157
61720215
61722012
61721928
61721910
61720627
61722191
61721969
61722042
61722174
61722070
61720337
61721545
61721102
61720697
61752736
61721043
61721291
61722506
61720786
61722512
61721864
61722753
61753310
61722493
61752916
61722592
61722679
61722765
61753264
61722607
61721398
61722668
61722159
61753028
61721974
61722422
61722629
61753228
61722986
61722030
61722985
61753761
61722859
61722340
61722249
61721390
61723030
61721049
61721843
61721395
61722559
61723497
61753873
61723521
61721625
61723479
61753734
61722169
61722317
61722461
61723847
61722283
61723559
61753962
61723544
61754048
61723729
61754173
61722457
61723068
61754129
61723855
61724874
61723771
61724537
61725078
61756158
61723810
61724727
61725972
61756402
61725972
61724616
61725906
61725195
61724926
61726003
61725314
61726172
61756416
61725998
61724191
61726291
61724334
61725272
61726795
61725978
61726715
61726549
61726768
61757118
61726724
61724903
61725726
61726145
61725116
61726667
61724825
61724987
61757553
61725712
61725868
61726007
61727026
61727505
61727282
61725469
61726255
61725848
61726076
61727613
61725826
61727647
61758171
61727531
61757809
61726614
61728051
61727785
61758032
61758039
61727512
61727759
61758372
61726309
61727637
61727881
61726154
61728033
61758396
61728170
61727398
61758298
61727953
61727371
61728421
61758876
61728294
61758469
61727031
61728539
61758792
61728379
61726825
61728492
61758929
61758986
61758708
61727362
61728601
61728578
61758839
61728370
61728681
61758828
61727287
61726993
61727464
61728641
61727667
61728694
61728622
61727686
61729028
61728988
61726976
61727971
61729217
61729069
61728441
61728540
61729383
61728564
61727225
61727975
61729439
61727569
61727173
61759715
61728001
61728122
61729430
61729431
61727521
61728300
61729423
61759932
61759741
61759894
61728175
61729479
61759991
61729561
61728031
61729572
61760121
61730252
61760123
61728700
61728050
61729478
61730239
61760693
61730034
61728213
61729156
61729029
61729187
61730607
61728812
61730585
61761071
61728703
61728864
61730437
61728520
61729184
61730751
61730494
61730748
61728836
61730704
61730570
61730854
61761404
61729732
61730353
61731079
61729221
61730359
61731209
61729499
61731089
61729166
61731460
61731366
61761952
61729312
61731643
61730311
61731638
61729842
61731520
61731387
61730252
61731805
61731408
61731687
61731026
61731549
61731383
61730227
61732232
61729920
61730965
61731277
61731184
61732199
61762643
61732035
61731577
61732150
61732168
61731979
61732217
61762812
61730194
61762722
61731210
61732480
61732069
61762434
61762771
61731340
61732733
61731754
61731850
61762895
61732143
61732899
61731048
61762904
61763482
61732969
61731001
61731846
61731671
61732764
61732985
61731006
61732042
61763556
61731353
61733309
61733249
61733380
61733780
61732275
61733507
61732746
61731472
61732495
61733754
61733272
61733245
61731715
61733455
61731650
61732633
61732558
61733586
61732190
61732579
61733834
61764178
61733939
61764389
61732667
61732612
61734114
61732763
61732897
61734126
61732556
61734272
61764679
61734271
61732564
61734327
61732720
61733274
61733634
61734487
61732819
61734451
61734281
61734619
61732627
61733454
61734156
61733569
61734772
61733042
61734829
61734293
61734712
61733611
61734952
61734967
61733558
61734929
61765376
61734651
61734690
61734991
61765142
61733834
61734861
61733817
61733818
61735050
61734039
61734418
61765634
61734976
61733032
61734145
61733400
61734035
61735431
61735168
61735306
61734713
61735556
61735564
61735541
61765972
61734353
61735749
61734575
61735852
61766144
61735259
61735445
61735583
61766026
61733975
61735632
61737687
61735859
61734084
61735898
61766203
61734619
61766426
61734756
61736204
61736063
61734583
61735291
61736309
61766818
61735129
61736659
61736166
61735766
61735702
61736647
61734997
61735333
61735549
61736621
61735036
61736632
61734769
61736446
61735313
61736481
61734561
61766993
61735605
61736817
61736784
61735161
61735840
61737090
61737368
61737253
61735394
61735518
61735957
61737127
61735497
61737630
61736006
61737181
61735234
61737430
61735408
61737274
61736838
61768163
61737466
61767778
61737791
61736941
61737406
61737698
61736157
61737870
61737120
61736539
61737757
61768195
61736390
61736436
61738327
61735999
61736848
61738417
61736983
61738181
61768583
61737948
61736219
61768490
61736050
61737589
61738449
61736705
61736679
61768975
61737308
61736689
61737788
61738512
61737403
61738390
61738766
61736987
61738759
61769234
61739203
61736959
61738656
61737319
61738121
61738278
61738975
61738350
61739012
61737089
61737998
61739309
61739066
61739165
61738570
61739333
61737287
61739502
61739391
61769809
61739384
61738736
61739129
61739384
61769699
61739308
61738170
61739483
61738855
61738907
61739612
61739488
61739571
61738203
61739876
61739837
61739767
61739950
61738232
61739828
61738137
61770452
61740130
61739316
61770497
61739694
61738893
61739865
61739507
61739190
61739519
61740371
61740280
61738749
61740450
61740390
61738634
61740464
61739032
61740640
61740522
61738610
61739685
61740933
61740620
61740882
61739977
61740937
61739445
61740222
61740992
61739334
61741062
61739187
61739706
61741051
61740894
61740679
61742562
61743002
61743523
61774059
61742505
61743569
61743910
61774130
61743014
61744240
61744126
61741902
61743105
61744419
61744078
61744295
61744422
61744247
61743249
61743530
61742834
61743244
61744626
61742533
61744470
61743381
61743281
61744598
61744655
61744987
61744257
61744438
61745243
61743376
61744859
61744128
61775694
61745073
61743279
61775250
61775471
61744191
61745276
61744976
61745247
61745433
61745407
61743682
61745880
61743440
61744210
61775919
61744154
61744063
61744901
61745751
61745719
61745918
61745850
61745838
61744476
61745650
61744381
61745511
61745830
61744741
61745837
61744633
61746276
61744778
61746333
61746250
61744245
61745296
61776919
61745646
61746486
61746158
61746471
61777144
61745732
61776940
61745321
61746649
61746796
61746688
61745622
61746564
61776922
61746584
61746649
61745300
61746741
61745106
61746924
61746720
61746564
61746850
61744967
61745764
61745399
61746522
61747207
61777407
61747105
61746823
61746082
61747591
61745887
61747445
61747125
61747547
61746002
61746596
61747985
61746594
61778104
61747365
61747627
61778032
61746480
61747941
61746637
61747886
61747870
61746225
61746169
61747812
61747940
61778336
61747789
61746936
61746793
61748274
61746579
61748248
61778753
61746894
61748512
61748726
61778511
61747147
61748460
61748231
61748213
61746941
61748510
61746662
61747428
61748744
61747475
61748796
61748597
61747989
61748426
61747433
61748391
61748142
61748811
61746768
61747811
61749129
61747701
61747233
61747820
61749192
61747952
61749034
61779428
61749327
61747309
61749042
61749409
61780078
61747879
61779920
61748361
61749703
61749823
61747621
61748196
61749667
61749107
61749847
61780087
61749404
61750278
61747903
61749846
61748019
61749262
61750164
61748355
61750190
61780494
61748348
61780800
61748810
61748537
61750185
61780463
61749158
61750332
61750126
61749469
61750407
61750272
61750290
61750394
61780862
61750281
61748361
61750587
61750479
61749745
61750295
61750581
61750505
61750690
61749929
61749828
61749422
61749141
61749979
61750978
61791985
61761416
61791979
61759443
61791982
61791949
61760324
61761504
61761968
61759741
61760709
61792353
61760626
61761807
61792069
61760906
61761707
61760923
61762116
61792536
61760816
61762288
61762167
61761063
61761065
61762440
61762287
61762401
61792600
61761944
61761630
61762729
61761230
61762500
61762700
61761744
61761794
61760894
61761128
61763299
61762120
61762042
61793125
61761713
61762183
61761644
61793129
61762839
61761859
61763164
61762018
61763054
61761355
61763211
61793843
61763248
61761369
61762265
61793792
61762411
61762218
61763648
61763779
61794348
61763775
61762069
61763806
61794340
61762839
61764219
61762934
61763048
61762299
61764073
61794461
61762962
61763953
61763980
61764164
61763680
61794899
61763179
61762528
61794572
61794727
61764334
61764524
61762486
61764378
61764641
61764706
61762440
61764156
61764455
61794977
61764262
61763936
61794973
61763347
61764093
61763793
61764928
61764610
61764675
61795169
61764634
61764723
61763274
61764018
61764983
61795396
61795656
61795371
61765059
61765277
61763255
61764553
61764040
61764990
61765413
61763886
61764085
61765457
61764649
61765430
61763219
61764149
61765500
61765514
61765544
61764738
61795793
61765581
61764317
61764923
61765524
61766093
61764068
61765895
61765610
61796054
61764337
61765296
61765741
61765162
61764228
61765868
61766132
61765932
61796207
61764716
61764407
61764732
61766101
61766239
61766039
61765861
61766216
61764503
61766672
61764357
61765462
61764922
61766475
61766348
61768311
61766333
61766576
61764435
61765488
61766823
61766606
61766798
61764976
61766728
61797335
61766899
61765426
61766613
61766998
61765324
61766921
61767474
61766147
61767485
61797817
61766160
61765507
61766888
61767604
61797848
61767709
61767929
61767540
61798319
61766443
61766429
61767884
61798021
61766925
61767893
61767795
61767716
61768083
61798571
61768003
61766309
61767691
61768318
61798445
61768013
61767046
61767151
61768444
61766628
61768282
61798895
61766540
61798858
61767409
61768616
61768299
61768547
61766889
61768427
61767077
61798799
61767387
61799040
61767776
61768717
61766795
61767783
61769183
61767694
61768960
61799328
61768816
61767735
61768996
61799427
61768946
61799423
61799465
61768206
61768363
61769093
61799530
61768845
61799786
61769082
61767476
61768211
61800023
61768798
61769480
61799793
61769477
61769107
61801568
61771359
61770805
61770846
61771282
61770528
61771930
61770289
61770722
61771392
61772201
61770645
61772575
61772306
61772821
61770779
61771884
61772804
61771953
61772937
61771101
61772783
61772647
61772871
61770821
61803373
61771876
61773120
61773028
61773201
61803728
61773102
61803507
61772984
61772476
61771726
61773141
61771993
61773023
61772466
61772187
61773319
61773294
61771773
61773083
61773297
61772170
61773514
61773553
61803766
61773928
61773670
61804296
61773636
61771861
61773481
61803976
61773797
61772857
61773947
61804657
61774127
61804697
61772840
61772300
61774064
61772974
61773519
61772971
61773225
61774696
61774330
61774520
61773285
61774668
61773032
61774238
61772909
61774614
61805081
61774442
61773810
61774948
61774007
61774623
61775121
61773477
61773934
61772585
61773645
61774996
61774579
61775060
61774716
61775090
61805658
61775244
61773030
61805520
61805319
61774069
61775427
61775082
61774434
61774105
61775467
61774982
61774642
61805738
61805644
61775424
61775679
61774729
61774821
61805813
61774378
61774345
61775820
61774388
61775110
61775871
61774140
61775737
61806229
61774773
61776138
61775987
61776185
61774312
61806343
61776232
61776070
61774134
61806608
61806591
61806976
61775256
61776711
61776048
61776792
61776918
61776600
61776854
61776537
61776789
61776724
61776841
61776262
61775925
61777245
61807559
61775199
61807509
61775832
61777225
61775981
61777469
61775636
61775786
61807736
61776110
61775789
61777595
61807694
61776338
61777381
61777148
61776815
61777376
61777642
61808142
61777512
61776993
61777586
61775988
61777646
61776227
61776523
61776568
61777831
61808171
61776740
61776559
61776917
61778214
61778027
61778254
61808509
61776568
61808627
61776863
61778458
61778559
61778509
61808952
61778879
61778248
61778695
61808765
61777419
61778493
61777168
61778516
61809027
61778392
61808825
61778677
61778651
61776404
61777525
61778539
61777576
61778723
61778805
61777933
61778911
61779022
61809215
61777495
61778492
61778850
61778119
61777973
61809398
61779127
61778954
61809364
61779021
61777010
61779168
61809674
61779443
61778204
61779460
61779304
61779381
61777393
61778508
61779466
61779470
61778240
61809803
61778328
61778336
61779657
61810265
61779753
61777785
61778622
61779072
61779735
61779175
61779278
61780052
61779848
61779958
61810298
61778808
61778744
61779108
61810431
61778861
61778990
61779155
61780070
61780149
61780118
61780368
61810719
61779061
61778213
61780120
61780456
61778599
61779410
61810741
61780991
61780720
61811160
61780651
61778970
61780732
61811042
61779530
61779380
61781097
61781024
61780052
61780822
61811079
61779778
61780100
61779781
61781039
61781259
61781169
61811742
61781195
61779333
61781449
61781297
61811788
61811368
61779436
61781550
61779249
61780022
61781251
61781474
61779990
61781695
61779874
61780155
61812035
61780510
61781759
61781949
61781001
61780871
61782130
61782097
61782040
61780486
61782190
61779872
61781864
61782099
61782380
61780965
61782276
61780659
61781144
61780944
61780965
61782516
61781211
61782522
61782632
61782739
61780830
61782666
61784406
61782624
61782167
61782652
61782941
61781153
61783010
61781214
61782937
61780952
61780786
61813241
61782780
61780836
61781732
61782978
61782942
61781052
61782233
61783074
61782839
61782954
61782078
61783042
61783206
61782772
61813414
61782257
61783276
61782982
61782810
61781480
61783179
61781434
61782299
61782649
61782337
61783391
61813981
61783880
61783811
61783446
61783685
61783940
61782658
61784041
61784018
61814369
61783980
61782548
61783893
61784099
61814199
61782901
61781917
61784333
61784185
61782463
61784294
61782504
61784285
61784694
61783873
61783168
61782791
61784418
61783189
61784340
61782520
61783597
61784811
61783308
61783428
61784821
61784572
61784727
61784034
61783667
61784905
61783174
61784828
61783634
61783758
61785079
61815566
61815408
61784708
61783974
61783750
61785071
61815349
61785105
61815488
61815546
61785364
61815787
61785640
61783198
61815517
61785367
61815729
61784665
61785457
61784740
61784492
61785539
61784273
61785682
61815963
61784337
61784531
61784560
61785703
61816008
61784740
61785989
61785111
61786234
61816444
61785854
61783951
61785980
61784211
61784456
61785195
61816448
61786393
61816544
61785257
61786557
61786341
61786189
61784771
61786319
61816606
61785168
61785548
61785312
61786543
61817024
61786574
61816866
61784951
61785428
61786489
61816946
61785305
61785417
61786706
61817199
61785673
61785763
61785692
61817016
61785643
61787018
61786735
61787041
61787001
61787120
61785362
61786809
Peak: 62170464
Average: 60990356.94168201
