# Episodes, Rewards
0.0,-5.16
1.0,-5.11
2.0,-5.02
3.0,-5.05
4.0,-5.13
5.0,-5.05
6.0,-5.07
7.0,-5.03
8.0,-5.8100000000000005
9.0,-5.08
10.0,-5.11
11.0,-5.04
12.0,-5.21
13.0,-5.2700000000000005
14.0,-5.11
15.0,-5.13
16.0,-5.15
17.0,-5.16
18.0,-5.01
19.0,-5.02
20.0,-5.06
21.0,-5.07
22.0,-5.02
23.0,-5.18
24.0,-5.02
25.0,-5.04
26.0,-5.07
27.0,-5.01
28.0,-5.09
29.0,-5.470000000000001
30.0,-5.17
31.0,-5.14
32.0,-5.22
33.0,-5.25
34.0,-5.03
35.0,-5.1
36.0,-5.37
37.0,-5.15
38.0,-5.11
39.0,-5.12
40.0,-5.03
41.0,-5.12
42.0,-5.03
43.0,-5.06
44.0,-5.11
45.0,-5.09
46.0,-5.08
47.0,-5.03
48.0,-5.08
49.0,-5.07
50.0,-5.05
51.0,-5.1
52.0,-5.06
53.0,-1.0000000000000007
54.0,-5.04
55.0,-5.15
56.0,-5.25
57.0,-5.04
58.0,-5.17
59.0,-5.23
60.0,-5.06
61.0,-5.04
62.0,-5.25
63.0,-5.06
64.0,-5.19
65.0,-5.37
66.0,-5.16
67.0,-5.09
68.0,-5.03
69.0,-5.8100000000000005
70.0,-5.05
71.0,-5.02
72.0,-5.01
73.0,-5.42
74.0,-5.13
75.0,-5.16
76.0,-5.1
77.0,-5.06
78.0,-5.390000000000001
79.0,-5.04
80.0,-5.07
81.0,-5.16
82.0,-5.23
83.0,-5.17
84.0,-5.16
85.0,-5.67
86.0,-5.14
87.0,-5.01
88.0,-5.03
89.0,-1.0000000000000007
90.0,-5.19
91.0,-5.03
92.0,-5.03
93.0,-5.05
94.0,-5.16
95.0,-5.12
96.0,-5.14
97.0,-5.7
98.0,-5.5600000000000005
99.0,-5.15
100.0,-5.06
101.0,-5.05
102.0,-5.1
103.0,-5.09
104.0,-5.58
105.0,-5.07
106.0,-5.11
107.0,-5.49
108.0,-5.640000000000001
109.0,-5.19
110.0,-5.19
111.0,-5.28
112.0,-5.01
113.0,-5.04
114.0,-5.2700000000000005
115.0,-5.01
116.0,-5.24
117.0,-5.22
118.0,-5.04
119.0,-5.06
120.0,-5.05
121.0,-5.13
122.0,-5.04
123.0,-5.7700000000000005
124.0,-5.17
125.0,-5.14
126.0,-5.04
127.0,-5.04
128.0,-5.01
129.0,-5.2700000000000005
130.0,-1.0000000000000007
131.0,-5.390000000000001
132.0,-5.23
133.0,-1.0000000000000007
134.0,-5.03
135.0,-5.04
136.0,-5.01
137.0,-5.05
138.0,-5.2
139.0,-5.04
140.0,-5.07
141.0,-5.04
142.0,-5.45
143.0,-5.42
144.0,-5.01
145.0,-5.05
146.0,-5.02
147.0,-5.16
148.0,-5.02
149.0,-5.04
150.0,-5.02
151.0,-5.78
152.0,-5.03
153.0,-5.15
154.0,-5.06
155.0,-5.26
156.0,-5.11
157.0,-5.15
158.0,-5.13
159.0,-5.28
160.0,-5.04
161.0,-5.21
162.0,-5.07
163.0,-5.15
164.0,-5.11
165.0,-5.2
166.0,-5.01
167.0,-5.2
168.0,-1.0000000000000007
169.0,-5.01
170.0,-5.24
171.0,-5.03
172.0,-5.03
173.0,-5.02
174.0,-5.03
175.0,-5.02
176.0,-5.01
177.0,-5.05
178.0,-5.07
179.0,-5.19
180.0,-5.04
181.0,-5.2
182.0,-5.04
183.0,-5.04
184.0,-5.05
185.0,-5.03
186.0,-5.03
187.0,-5.06
188.0,-5.01
189.0,-5.08
190.0,-5.23
191.0,-5.05
192.0,-5.02
193.0,-5.62
194.0,-5.03
195.0,-5.09
196.0,-5.870000000000001
197.0,-5.05
198.0,-5.01
199.0,-5.08
200.0,-5.46
201.0,-5.06
202.0,-5.11
203.0,-5.11
204.0,-5.890000000000001
205.0,-1.0000000000000007
206.0,-5.04
207.0,-5.02
208.0,-5.04
209.0,-5.3500000000000005
210.0,-5.3100000000000005
211.0,-5.03
212.0,-5.03
213.0,-5.19
214.0,-5.04
215.0,-5.03
216.0,-5.05
217.0,-5.03
218.0,-5.02
219.0,-5.59
220.0,-5.11
221.0,-5.15
222.0,-5.41
223.0,-5.13
224.0,-5.08
225.0,-5.86
226.0,-5.2
227.0,-5.32
228.0,-5.33
229.0,-5.15
230.0,-5.01
231.0,-5.22
232.0,-5.03
233.0,-5.01
234.0,-5.41
235.0,-5.01
236.0,-5.3500000000000005
237.0,-5.04
238.0,-5.05
239.0,-5.45
240.0,-5.33
241.0,-5.14
242.0,-5.48
243.0,-5.02
244.0,-5.03
245.0,-5.02
246.0,-5.1
247.0,-5.65
248.0,-5.53
249.0,-5.550000000000001
250.0,-5.840000000000001
251.0,-5.06
252.0,-5.2
253.0,-5.73
254.0,-5.01
255.0,-5.09
256.0,-5.17
257.0,-5.01
258.0,-5.07
259.0,-5.11
260.0,-5.13
261.0,-5.11
262.0,-5.11
263.0,-5.04
264.0,-5.16
265.0,-5.12
266.0,-5.34
267.0,-5.3
268.0,-5.02
269.0,-5.86
270.0,-5.46
271.0,-5.02
272.0,-5.11
273.0,-5.04
274.0,-5.19
275.0,-5.15
276.0,-5.24
277.0,-5.17
278.0,-5.05
279.0,-5.1
280.0,-5.06
281.0,-5.21
282.0,-5.05
283.0,-5.04
284.0,-5.22
285.0,-5.3500000000000005
286.0,-5.38
287.0,-5.03
288.0,-5.16
289.0,-5.08
290.0,-5.08
291.0,-5.09
292.0,-5.07
293.0,-5.17
294.0,-5.07
295.0,-5.02
296.0,-5.19
297.0,-5.14
298.0,-5.26
299.0,-5.41
300.0,-5.51
301.0,-5.09
302.0,-5.05
303.0,-5.09
304.0,-5.07
305.0,-5.58
306.0,-5.03
307.0,-5.04
308.0,-5.03
309.0,-5.6000000000000005
310.0,-5.15
311.0,-1.0000000000000007
312.0,-5.12
313.0,-5.66
314.0,-5.12
315.0,-5.14
316.0,-5.11
317.0,-5.12
318.0,-5.12
319.0,-5.1
320.0,-5.430000000000001
321.0,-5.25
322.0,-1.0000000000000007
323.0,-5.15
324.0,-5.07
325.0,-5.74
326.0,-5.02
327.0,-5.26
328.0,-5.51
329.0,-5.04
330.0,-5.07
331.0,-5.07
332.0,-5.04
333.0,-5.05
334.0,-5.13
335.0,-5.02
336.0,-5.05
337.0,-5.04
338.0,-5.09
339.0,-5.12
340.0,-5.1
341.0,-5.08
342.0,-5.51
343.0,-5.2
344.0,-5.04
345.0,-5.430000000000001
346.0,-5.02
347.0,-5.36
348.0,-5.04
349.0,-5.11
350.0,-5.03
351.0,-5.06
352.0,-5.05
353.0,-5.04
354.0,-5.01
355.0,-5.02
356.0,-5.01
357.0,-5.06
358.0,-5.17
359.0,-5.05
360.0,-5.26
361.0,-5.02
362.0,-5.05
363.0,-5.07
364.0,-5.04
365.0,-5.01
366.0,-5.04
367.0,-5.36
368.0,-5.04
369.0,-5.01
370.0,-5.09
371.0,-5.02
372.0,-5.06
373.0,-5.13
374.0,-5.21
375.0,-5.44
376.0,-5.18
377.0,-1.0000000000000007
378.0,-5.15
379.0,-5.02
380.0,-5.07
381.0,-5.25
382.0,-5.720000000000001
383.0,-5.03
384.0,-5.03
385.0,-5.22
386.0,-5.28
387.0,-5.36
388.0,-5.03
389.0,-5.1
390.0,-5.17
391.0,-5.25
392.0,-5.06
393.0,-5.44
394.0,-5.17
395.0,-5.74
396.0,-5.02
397.0,-5.26
398.0,-5.36
399.0,-5.01
400.0,-5.01
401.0,-5.03
402.0,-5.14
403.0,-5.08
404.0,-5.04
405.0,-5.04
406.0,-5.12
407.0,-5.22
408.0,-5.44
409.0,-5.05
410.0,-5.1
411.0,-5.2700000000000005
412.0,-5.25
413.0,-5.09
414.0,-5.15
415.0,-5.09
416.0,-5.02
417.0,-5.01
418.0,-5.01
419.0,-5.05
420.0,-5.25
421.0,-5.05
422.0,-5.06
423.0,-5.01
424.0,-5.49
425.0,-5.02
426.0,-5.07
427.0,-5.01
428.0,-1.0000000000000007
429.0,-5.36
430.0,-5.11
431.0,-1.0000000000000007
432.0,-5.28
433.0,-5.01
434.0,-5.53
435.0,-5.13
436.0,-5.03
437.0,-5.15
438.0,-5.23
439.0,-5.03
440.0,-5.01
441.0,-5.01
442.0,-5.09
443.0,-5.01
444.0,-5.13
445.0,-5.07
446.0,-5.03
447.0,-5.01
448.0,-5.390000000000001
449.0,-5.09
450.0,-5.21
451.0,-5.2700000000000005
452.0,-5.17
453.0,-5.26
454.0,-5.07
455.0,-5.17
456.0,-5.08
457.0,-5.04
458.0,-5.21
459.0,-5.03
460.0,-5.04
461.0,-5.19
462.0,-5.01
463.0,-5.01
464.0,-5.19
465.0,-5.02
466.0,-5.98
467.0,-5.15
468.0,-5.5200000000000005
469.0,-5.02
470.0,-5.01
471.0,-5.28
472.0,-5.430000000000001
473.0,-5.05
474.0,-5.01
475.0,-5.03
476.0,-5.01
477.0,-5.15
478.0,-5.33
479.0,-5.09
480.0,-5.01
481.0,-1.0000000000000007
482.0,-5.02
483.0,-5.14
484.0,-5.15
485.0,-5.01
486.0,-5.07
487.0,-5.02
488.0,-5.09
489.0,-5.59
490.0,-5.54
491.0,-5.23
492.0,-5.15
493.0,-5.05
494.0,-5.02
495.0,-5.1
496.0,-5.08
497.0,-5.11
498.0,-5.2700000000000005
499.0,-5.12
500.0,-5.18
501.0,-5.07
502.0,-5.15
503.0,-5.02
504.0,-5.15
505.0,-5.04
506.0,-5.26
507.0,-5.04
508.0,-5.09
509.0,-5.14
510.0,-5.01
511.0,-5.03
512.0,-5.01
513.0,-5.02
514.0,-5.11
515.0,-5.07
516.0,-5.05
517.0,-5.05
518.0,-5.04
519.0,-5.08
520.0,-5.01
521.0,-5.06
522.0,-5.18
523.0,-5.02
524.0,-5.06
525.0,-5.01
526.0,-5.02
527.0,-5.3
528.0,-5.02
529.0,-5.25
530.0,-5.03
531.0,-5.04
532.0,-5.36
533.0,-5.15
534.0,-5.12
535.0,-5.02
536.0,-5.07
537.0,-5.04
538.0,-5.67
539.0,-5.02
540.0,-5.18
541.0,-5.11
542.0,-5.3
543.0,-5.03
544.0,-5.1
545.0,-5.34
546.0,-5.29
547.0,-5.11
548.0,-5.11
549.0,-5.03
550.0,-5.1
551.0,-5.12
552.0,-5.05
553.0,-5.11
554.0,-5.33
555.0,-5.51
556.0,-5.03
557.0,-5.01
558.0,-5.29
559.0,-5.3100000000000005
560.0,-5.25
561.0,-5.19
562.0,-5.33
563.0,-5.06
564.0,-5.08
565.0,-5.23
566.0,-5.15
567.0,-5.07
568.0,-5.710000000000001
569.0,-5.14
570.0,-5.02
571.0,-5.03
572.0,-5.1
573.0,-5.08
574.0,-5.06
575.0,-5.38
576.0,-5.17
577.0,-5.04
578.0,-5.02
579.0,-5.28
580.0,-5.09
581.0,-5.02
582.0,-5.930000000000001
583.0,-1.0000000000000007
584.0,-5.01
585.0,-5.33
586.0,-5.07
587.0,-5.05
588.0,-1.0000000000000007
589.0,-5.03
590.0,-5.07
591.0,-5.07
592.0,-5.03
593.0,-5.38
594.0,-5.1
595.0,-5.23
596.0,-5.470000000000001
597.0,-5.33
598.0,-5.12
599.0,-5.05
600.0,-5.01
601.0,-5.75
602.0,-5.03
603.0,-5.13
604.0,-5.21
605.0,-5.22
606.0,-5.05
607.0,-5.29
608.0,-5.01
609.0,-5.44
610.0,-5.1
611.0,-5.01
612.0,-5.07
613.0,-5.65
614.0,-5.03
615.0,-5.44
616.0,-5.07
617.0,-5.18
618.0,-5.02
619.0,-5.09
620.0,-5.7
621.0,-5.15
622.0,-5.33
623.0,-5.08
624.0,-5.3
625.0,-5.02
626.0,-5.02
627.0,-5.29
628.0,-5.07
629.0,-5.19
630.0,-5.01
631.0,-5.04
632.0,-5.06
633.0,-5.14
634.0,-5.08
635.0,-5.14
636.0,-5.01
637.0,-5.08
638.0,-5.59
639.0,-5.02
640.0,-5.07
641.0,-5.04
642.0,-5.03
643.0,-1.0000000000000007
644.0,-5.870000000000001
645.0,-5.1
646.0,-5.01
647.0,-5.07
648.0,-5.16
649.0,-5.21
650.0,-5.03
651.0,-5.02
652.0,-5.48
653.0,-5.49
654.0,-5.08
655.0,-5.15
656.0,-5.5200000000000005
657.0,-5.14
658.0,-5.05
659.0,-5.06
660.0,-5.04
661.0,-5.1
662.0,-5.08
663.0,-5.04
664.0,-5.24
665.0,-5.06
666.0,-5.58
667.0,-5.04
668.0,-5.09
669.0,-5.06
670.0,-5.08
671.0,-5.2
672.0,-5.08
673.0,-5.15
674.0,-5.04
675.0,-5.05
676.0,-5.14
677.0,-5.2700000000000005
678.0,-1.0000000000000007
679.0,-1.0000000000000007
680.0,-5.58
681.0,-5.28
682.0,-5.34
683.0,-5.04
684.0,-5.21
685.0,-5.59
686.0,-5.07
687.0,-5.03
688.0,-5.14
689.0,-5.07
690.0,-5.25
691.0,-5.06
692.0,-5.09
693.0,-5.02
694.0,-5.07
695.0,-5.01
696.0,-5.28
697.0,-1.0000000000000007
698.0,-5.13
699.0,-5.1
700.0,-5.03
701.0,-5.08
702.0,-5.06
703.0,-5.16
704.0,-5.19
705.0,-5.04
706.0,-5.34
707.0,-5.21
708.0,-5.3500000000000005
709.0,-5.22
710.0,-5.1
711.0,-5.26
712.0,-5.09
713.0,-5.3100000000000005
714.0,-5.06
715.0,-5.04
716.0,-5.04
717.0,-5.19
718.0,-5.17
719.0,-5.430000000000001
720.0,-5.03
721.0,-5.03
722.0,-5.12
723.0,-5.03
724.0,-5.03
725.0,-5.06
726.0,-5.13
727.0,-5.2
728.0,-5.41
729.0,-5.02
730.0,-5.23
731.0,-5.05
732.0,-5.04
733.0,-5.430000000000001
734.0,-5.22
735.0,-5.3500000000000005
736.0,-5.01
737.0,-5.17
738.0,-5.2
739.0,-5.41
740.0,-5.04
741.0,-5.01
742.0,-5.14
743.0,-5.05
744.0,-5.09
745.0,-5.36
746.0,-5.06
747.0,-5.15
748.0,-5.02
749.0,-5.05
750.0,-5.14
751.0,-5.3100000000000005
752.0,-5.15
753.0,-5.03
754.0,-5.04
755.0,-5.840000000000001
756.0,-5.06
757.0,-5.01
758.0,-5.13
759.0,-5.960000000000001
760.0,-5.04
761.0,-5.04
762.0,-5.3100000000000005
763.0,-5.05
764.0,-5.02
765.0,-5.32
766.0,-5.25
767.0,-5.930000000000001
768.0,-5.13
769.0,-5.840000000000001
770.0,-5.01
771.0,-5.06
772.0,-5.05
773.0,-5.01
774.0,-5.04
775.0,-5.03
776.0,-5.48
777.0,-5.640000000000001
778.0,-5.04
779.0,-5.04
780.0,-5.05
781.0,-5.720000000000001
782.0,-5.06
783.0,-5.23
784.0,-5.17
785.0,-5.09
786.0,-5.57
787.0,-5.23
788.0,-5.05
789.0,-5.01
790.0,-5.2
791.0,-5.720000000000001
792.0,-5.6000000000000005
793.0,-5.01
794.0,-5.13
795.0,-5.04
796.0,-5.18
797.0,-5.790000000000001
798.0,-5.09
799.0,-5.01
800.0,-5.11
801.0,-5.02
802.0,-5.05
803.0,-5.07
804.0,-5.02
805.0,-5.28
806.0,-5.04
807.0,-5.05
808.0,-5.08
809.0,-5.07
810.0,-5.19
811.0,-5.01
812.0,-5.07
813.0,-5.34
814.0,-5.42
815.0,-5.02
816.0,-5.02
817.0,-5.16
818.0,-5.14
819.0,-5.11
820.0,-5.15
821.0,-5.630000000000001
822.0,-5.83
823.0,-5.05
824.0,-5.04
825.0,-5.03
826.0,-5.38
827.0,-5.3100000000000005
828.0,-5.04
829.0,-5.2700000000000005
830.0,-5.19
831.0,-5.01
832.0,-5.67
833.0,-5.1
834.0,-5.13
835.0,-5.03
836.0,-5.04
837.0,-5.48
838.0,-5.21
839.0,-5.2700000000000005
840.0,-5.1
841.0,-5.14
842.0,-5.02
843.0,-5.2
844.0,-5.630000000000001
845.0,-5.12
846.0,-5.12
847.0,-5.11
848.0,-5.07
849.0,-5.42
850.0,-5.05
851.0,-5.21
852.0,-5.17
853.0,-5.08
854.0,-5.29
855.0,-5.22
856.0,-5.01
857.0,-5.800000000000001
858.0,-5.05
859.0,-5.14
860.0,-5.04
861.0,-5.22
862.0,-5.18
863.0,-5.11
864.0,-5.07
865.0,-5.12
866.0,-5.430000000000001
867.0,-5.04
868.0,-5.04
869.0,-5.05
870.0,-5.11
871.0,-5.07
872.0,-5.23
873.0,-5.01
874.0,-5.14
875.0,-5.03
876.0,-5.07
877.0,-5.07
878.0,-5.390000000000001
879.0,-5.06
880.0,-5.04
881.0,-5.13
882.0,-5.05
883.0,-5.25
884.0,-5.550000000000001
885.0,-5.07
886.0,-5.11
887.0,-5.32
888.0,-5.02
889.0,-5.02
890.0,-5.41
891.0,-5.02
892.0,-5.17
893.0,-5.08
894.0,-5.07
895.0,-5.03
896.0,-5.07
897.0,-5.59
898.0,-5.07
899.0,-5.07
900.0,-5.07
901.0,-5.01
902.0,-5.13
903.0,-5.36
904.0,-5.470000000000001
905.0,-5.16
906.0,-5.08
907.0,-5.14
908.0,-5.82
909.0,-5.03
910.0,-5.26
911.0,-5.08
912.0,-5.01
913.0,-5.19
914.0,-5.430000000000001
915.0,-5.08
916.0,-5.18
917.0,-5.06
918.0,-5.21
919.0,-5.7
920.0,-5.02
921.0,-5.01
922.0,-5.06
923.0,-5.05
924.0,-5.16
925.0,-5.01
926.0,-5.08
927.0,-5.24
928.0,-5.08
929.0,-5.03
930.0,-5.06
931.0,-1.0000000000000007
932.0,-5.02
933.0,-5.04
934.0,-5.48
935.0,-5.890000000000001
936.0,-5.02
937.0,-5.11
938.0,-1.0000000000000007
939.0,-5.3500000000000005
940.0,-5.17
941.0,-5.02
942.0,-5.38
943.0,-5.640000000000001
944.0,-5.04
945.0,-5.11
946.0,-5.01
947.0,-5.19
948.0,-5.05
949.0,-5.760000000000001
950.0,-5.13
951.0,-5.14
952.0,-5.12
953.0,-5.19
954.0,-5.07
955.0,-5.09
956.0,-5.07
957.0,-5.04
958.0,-5.13
959.0,-5.04
960.0,-5.22
961.0,-5.02
962.0,-5.06
963.0,-5.16
964.0,-5.06
965.0,-5.06
966.0,-5.03
967.0,-5.51
968.0,-5.19
969.0,-5.05
970.0,-5.08
971.0,-5.12
972.0,-5.42
973.0,-5.16
974.0,-1.0000000000000007
975.0,-5.16
976.0,-5.630000000000001
977.0,-5.7700000000000005
978.0,-5.37
979.0,-5.33
980.0,-5.18
981.0,-5.01
982.0,-5.26
983.0,-5.05
984.0,-5.03
985.0,-5.05
986.0,-5.09
987.0,-5.550000000000001
988.0,-5.13
989.0,-5.22
990.0,-5.03
991.0,-5.14
992.0,-5.49
993.0,-5.3
994.0,-5.16
995.0,-5.13
996.0,-5.05
997.0,-5.02
998.0,-5.16
999.0,-5.05
1000.0,-5.03
1001.0,-5.04
1002.0,-5.5200000000000005
1003.0,-5.25
1004.0,-5.08
1005.0,-5.02
1006.0,-5.02
1007.0,-5.59
1008.0,-5.04
1009.0,-5.05
1010.0,-5.02
1011.0,-5.36
1012.0,-5.06
1013.0,-5.760000000000001
1014.0,-5.15
1015.0,-5.02
1016.0,-5.16
1017.0,-5.04
1018.0,-5.04
1019.0,-5.38
1020.0,-5.1
1021.0,-5.05
1022.0,-5.11
1023.0,-5.14
1024.0,-5.04
1025.0,-5.09
1026.0,-5.11
1027.0,-5.930000000000001
1028.0,-5.02
1029.0,-5.3500000000000005
1030.0,-5.03
1031.0,-5.18
1032.0,-5.03
1033.0,-5.06
1034.0,-5.09
1035.0,-5.07
1036.0,-5.53
1037.0,-5.2
1038.0,-5.03
1039.0,-5.07
1040.0,-5.1
1041.0,-5.640000000000001
1042.0,-5.720000000000001
1043.0,-5.08
1044.0,-5.23
1045.0,-5.16
1046.0,-5.1
1047.0,-5.04
1048.0,-5.17
1049.0,-5.12
1050.0,-5.6000000000000005
1051.0,-5.37
1052.0,-5.21
1053.0,-5.5
1054.0,-5.06
1055.0,-5.22
1056.0,-1.0000000000000007
1057.0,-5.1
1058.0,-5.24
1059.0,-5.08
1060.0,-5.07
1061.0,-5.12
1062.0,-1.0000000000000007
1063.0,-5.470000000000001
1064.0,-5.1
1065.0,-5.8100000000000005
1066.0,-5.03
1067.0,-5.03
1068.0,-5.02
1069.0,-5.07
1070.0,-5.01
1071.0,-5.06
1072.0,-5.15
1073.0,-5.24
1074.0,-5.07
1075.0,-5.710000000000001
1076.0,-5.01
1077.0,-5.15
1078.0,-5.05
1079.0,-5.03
1080.0,-5.06
1081.0,-5.01
1082.0,-5.03
1083.0,-5.24
1084.0,-5.38
1085.0,-5.23
1086.0,-5.3100000000000005
1087.0,-5.09
1088.0,-5.12
1089.0,-5.61
1090.0,-5.38
1091.0,-5.38
1092.0,-5.1
1093.0,-5.11
1094.0,-5.1
1095.0,-5.07
1096.0,-5.48
1097.0,-5.06
1098.0,-5.01
1099.0,-5.8500000000000005
1100.0,-5.02
1101.0,-5.37
1102.0,-5.07
1103.0,-5.05
1104.0,-5.18
1105.0,-5.2
1106.0,-5.01
1107.0,-5.12
1108.0,-5.2
1109.0,-5.03
1110.0,-5.01
1111.0,-5.04
1112.0,-5.26
1113.0,-5.2700000000000005
1114.0,-1.0000000000000007
1115.0,-5.18
1116.0,-5.03
1117.0,-5.01
1118.0,-5.61
1119.0,-5.16
1120.0,-5.51
1121.0,-5.03
1122.0,-5.05
1123.0,-5.46
1124.0,-5.03
1125.0,-5.02
1126.0,-5.970000000000001
1127.0,-5.08
1128.0,-5.04
1129.0,-5.07
1130.0,-5.11
1131.0,-5.28
1132.0,-5.03
1133.0,-5.550000000000001
1134.0,-5.02
1135.0,-5.18
1136.0,-5.17
1137.0,-5.13
1138.0,-5.22
1139.0,-5.15
1140.0,-5.1
1141.0,-5.78
1142.0,-5.05
1143.0,-5.9
1144.0,-5.36
1145.0,-5.03
1146.0,-5.01
1147.0,-5.05
1148.0,-5.14
1149.0,-5.1
1150.0,-5.03
1151.0,-5.36
1152.0,-5.03
1153.0,-5.03
1154.0,-5.42
1155.0,-5.15
1156.0,-5.53
1157.0,-5.09
1158.0,-5.44
1159.0,-5.03
1160.0,-5.21
1161.0,-5.28
1162.0,-5.17
1163.0,-5.17
1164.0,-5.05
1165.0,-5.13
1166.0,-5.38
1167.0,-5.19
1168.0,-5.11
1169.0,-5.3500000000000005
1170.0,-5.04
1171.0,-5.18
1172.0,-5.26
1173.0,-5.01
1174.0,-5.5600000000000005
1175.0,-5.44
1176.0,-5.02
1177.0,-5.6000000000000005
1178.0,-5.1
1179.0,-5.09
1180.0,-5.15
1181.0,-5.2
1182.0,-5.07
1183.0,-5.04
1184.0,-5.02
1185.0,-5.21
1186.0,-5.19
1187.0,-5.16
1188.0,-5.53
1189.0,-5.33
1190.0,-1.0000000000000007
1191.0,-5.02
1192.0,-5.04
1193.0,-5.04
1194.0,-5.03
1195.0,-1.0000000000000007
1196.0,-5.2700000000000005
1197.0,-5.16
1198.0,-5.03
1199.0,-5.09
1200.0,-5.05
1201.0,-5.06
1202.0,-5.01
1203.0,-5.04
1204.0,-5.09
1205.0,-5.07
1206.0,-5.09
1207.0,-5.5600000000000005
1208.0,-5.12
1209.0,-5.01
1210.0,-5.01
1211.0,-5.550000000000001
1212.0,-5.02
1213.0,-5.42
1214.0,-5.04
1215.0,-5.680000000000001
1216.0,-5.25
1217.0,-5.02
1218.0,-5.15
1219.0,-5.44
1220.0,-5.21
1221.0,-5.6000000000000005
1222.0,-5.11
1223.0,-5.03
1224.0,-5.21
1225.0,-5.06
1226.0,-5.01
1227.0,-5.24
1228.0,-5.2
1229.0,-5.12
1230.0,-5.430000000000001
1231.0,-5.06
1232.0,-5.03
1233.0,-5.03
1234.0,-5.01
1235.0,-5.14
1236.0,-5.14
1237.0,-5.17
1238.0,-5.3
1239.0,-5.67
1240.0,-5.48
1241.0,-5.06
1242.0,-5.12
1243.0,-5.05
1244.0,-5.26
1245.0,-5.19
1246.0,-5.02
1247.0,-5.2
1248.0,-5.02
1249.0,-5.38
1250.0,-1.0000000000000007
1251.0,-5.09
1252.0,-5.02
1253.0,-5.02
1254.0,-5.13
1255.0,-5.1
1256.0,-5.02
1257.0,-5.26
1258.0,-5.3
1259.0,-5.11
1260.0,-5.15
1261.0,-5.790000000000001
1262.0,-5.05
1263.0,-5.08
1264.0,-5.2
1265.0,-5.37
1266.0,-5.01
1267.0,-5.37
1268.0,-5.07
1269.0,-5.11
1270.0,-5.8100000000000005
1271.0,-5.14
1272.0,-5.05
1273.0,-5.14
1274.0,-5.05
1275.0,-5.02
1276.0,-5.01
1277.0,-5.01
1278.0,-5.1
1279.0,-5.11
1280.0,-5.14
1281.0,-5.08
1282.0,-5.680000000000001
1283.0,-1.0000000000000007
1284.0,-5.99
1285.0,-5.59
1286.0,-5.02
1287.0,-5.02
1288.0,-5.01
1289.0,-5.05
1290.0,-5.06
1291.0,-5.32
1292.0,-5.32
1293.0,-5.03
1294.0,-5.01
1295.0,-5.19
1296.0,-5.11
1297.0,-5.05
1298.0,-5.06
1299.0,-5.390000000000001
1300.0,-5.41
1301.0,-5.840000000000001
1302.0,-5.16
1303.0,-5.07
1304.0,-5.03
1305.0,-5.4
1306.0,-5.05
1307.0,-5.06
1308.0,-5.02
1309.0,-5.02
1310.0,-5.01
1311.0,-5.25
1312.0,-5.51
1313.0,-5.12
1314.0,-5.06
1315.0,-5.2
1316.0,-5.05
1317.0,-5.26
1318.0,-5.03
1319.0,-5.25
1320.0,-1.0000000000000007
1321.0,-5.08
1322.0,-5.67
1323.0,-5.07
1324.0,-5.02
1325.0,-5.11
1326.0,-5.19
1327.0,-5.5200000000000005
1328.0,-5.02
1329.0,-5.19
1330.0,-5.34
1331.0,-5.62
1332.0,-5.02
1333.0,-1.0000000000000007
1334.0,-5.1
1335.0,-5.4
1336.0,-5.3
1337.0,-5.02
1338.0,-5.07
1339.0,-5.15
1340.0,-5.1
1341.0,-1.0000000000000007
1342.0,-5.29
1343.0,-5.03
1344.0,-5.09
1345.0,-5.05
1346.0,-5.06
1347.0,-5.03
1348.0,-1.0000000000000007
1349.0,-5.15
1350.0,-5.04
1351.0,-5.3500000000000005
1352.0,-5.03
1353.0,-5.2
1354.0,-5.03
1355.0,-5.18
1356.0,-5.04
1357.0,-5.02
1358.0,-5.01
1359.0,-5.4
1360.0,-5.04
1361.0,-5.5
1362.0,-5.74
1363.0,-5.04
1364.0,-5.1
1365.0,-5.1
1366.0,-5.09
1367.0,-5.09
1368.0,-5.21
1369.0,-5.53
1370.0,-5.19
1371.0,-5.91
1372.0,-5.06
1373.0,-5.13
1374.0,-5.11
1375.0,-5.05
1376.0,-5.8100000000000005
1377.0,-5.09
1378.0,-5.06
1379.0,-5.390000000000001
1380.0,-5.02
1381.0,-5.16
1382.0,-5.66
1383.0,-5.34
1384.0,-5.02
1385.0,-5.03
1386.0,-5.44
1387.0,-5.870000000000001
1388.0,-5.06
1389.0,-5.15
1390.0,-5.01
1391.0,-5.2
1392.0,-5.03
1393.0,-5.48
1394.0,-5.02
1395.0,-1.0000000000000007
1396.0,-5.02
1397.0,-5.01
1398.0,-5.9
1399.0,-5.24
1400.0,-5.36
1401.0,-5.04
1402.0,-5.32
1403.0,-5.02
1404.0,-5.1
1405.0,-5.02
1406.0,-5.02
1407.0,-5.04
1408.0,-5.04
1409.0,-5.03
1410.0,-5.01
1411.0,-5.02
1412.0,-5.59
1413.0,-5.04
1414.0,-5.74
1415.0,-5.09
1416.0,-5.14
1417.0,-5.800000000000001
1418.0,-5.25
1419.0,-5.720000000000001
1420.0,-5.07
1421.0,-5.14
1422.0,-5.23
1423.0,-5.22
1424.0,-5.07
1425.0,-5.42
1426.0,-5.04
1427.0,-5.11
1428.0,-5.05
1429.0,-5.17
1430.0,-5.06
1431.0,-5.86
1432.0,-5.26
1433.0,-5.03
1434.0,-5.14
1435.0,-1.0000000000000007
1436.0,-5.03
1437.0,-5.38
1438.0,-5.06
1439.0,-5.05
1440.0,-5.23
1441.0,-5.5600000000000005
1442.0,-5.46
1443.0,-5.02
1444.0,-5.01
1445.0,-5.550000000000001
1446.0,-5.06
1447.0,-1.0000000000000007
1448.0,-5.03
1449.0,-5.26
1450.0,-5.3500000000000005
1451.0,-5.01
1452.0,-5.11
1453.0,-5.4
1454.0,-5.37
1455.0,-5.05
1456.0,-5.48
1457.0,-5.04
1458.0,-5.13
1459.0,-5.05
1460.0,-5.14
1461.0,-5.470000000000001
1462.0,-5.02
1463.0,-5.17
1464.0,-5.61
1465.0,-5.03
1466.0,-5.19
1467.0,-5.06
1468.0,-5.21
1469.0,-5.6000000000000005
1470.0,-5.94
1471.0,-5.08
1472.0,-5.33
1473.0,-5.04
1474.0,-5.24
1475.0,-5.05
1476.0,-1.0000000000000007
1477.0,-5.23
1478.0,-5.15
1479.0,-5.04
1480.0,-5.02
1481.0,-5.26
1482.0,-5.17
1483.0,-5.07
1484.0,-5.05
1485.0,-5.57
1486.0,-5.08
1487.0,-1.0000000000000007
1488.0,-5.17
1489.0,-5.01
1490.0,-5.17
1491.0,-5.3
1492.0,-5.05
1493.0,-5.12
1494.0,-5.42
1495.0,-5.04
1496.0,-5.46
1497.0,-5.15
1498.0,-5.430000000000001
1499.0,-5.46
1500.0,-5.05
1501.0,-5.05
1502.0,-5.14
1503.0,-5.13
1504.0,-5.21
1505.0,-5.430000000000001
1506.0,-5.15
1507.0,-5.03
1508.0,-5.17
1509.0,-5.02
1510.0,-5.38
1511.0,-5.14
1512.0,-5.03
1513.0,-5.48
1514.0,-5.02
1515.0,-5.1
1516.0,-5.08
1517.0,-5.26
1518.0,-5.11
1519.0,-5.16
1520.0,-5.16
1521.0,-5.06
1522.0,-5.46
1523.0,-5.8100000000000005
1524.0,-5.15
1525.0,-5.03
1526.0,-5.13
1527.0,-5.07
1528.0,-5.02
1529.0,-5.26
1530.0,-5.08
1531.0,-5.59
1532.0,-5.02
1533.0,-5.09
1534.0,-5.26
1535.0,-5.13
1536.0,-5.03
1537.0,-5.58
1538.0,-5.01
1539.0,-5.83
1540.0,-5.430000000000001
1541.0,-5.550000000000001
1542.0,-5.04
1543.0,-5.04
1544.0,-5.3
1545.0,-5.1
1546.0,-5.9
1547.0,-5.04
1548.0,-5.04
1549.0,-5.680000000000001
1550.0,-5.28
1551.0,-5.8500000000000005
1552.0,-5.07
1553.0,-5.08
1554.0,-5.11
1555.0,-5.06
1556.0,-5.23
1557.0,-5.04
1558.0,-5.07
1559.0,-5.05
1560.0,-5.25
1561.0,-5.01
1562.0,-5.02
1563.0,-5.09
1564.0,-5.12
1565.0,-5.22
1566.0,-5.03
1567.0,-5.16
1568.0,-5.13
1569.0,-5.03
1570.0,-5.19
1571.0,-5.04
1572.0,-5.01
1573.0,-5.14
1574.0,-5.03
1575.0,-5.29
1576.0,-5.04
1577.0,-5.04
1578.0,-5.2
1579.0,-5.09
1580.0,-5.16
1581.0,-5.19
1582.0,-5.17
1583.0,-5.07
1584.0,-5.15
1585.0,-5.02
1586.0,-5.07
1587.0,-5.22
1588.0,-5.08
1589.0,-5.21
1590.0,-5.12
1591.0,-5.07
1592.0,-5.02
1593.0,-5.01
1594.0,-5.18
1595.0,-5.01
1596.0,-5.58
1597.0,-5.17
1598.0,-5.25
1599.0,-5.19
1600.0,-5.12
1601.0,-5.03
1602.0,-5.23
1603.0,-5.1
1604.0,-5.36
1605.0,-5.07
1606.0,-5.11
1607.0,-5.1
1608.0,-5.06
1609.0,-5.1
1610.0,-5.13
1611.0,-5.07
1612.0,-5.11
1613.0,-5.01
1614.0,-5.04
1615.0,-5.03
1616.0,-5.07
1617.0,-5.1
1618.0,-5.07
1619.0,-5.01
1620.0,-5.09
1621.0,-5.13
1622.0,-5.02
1623.0,-5.03
1624.0,-5.08
1625.0,-5.12
1626.0,-5.45
1627.0,-5.09
1628.0,-5.24
1629.0,-5.3500000000000005
1630.0,-5.48
1631.0,-5.09
1632.0,-5.3100000000000005
1633.0,-5.07
1634.0,-5.26
1635.0,-5.02
1636.0,-5.2700000000000005
1637.0,-5.13
1638.0,-5.61
1639.0,-5.06
1640.0,-5.04
1641.0,-5.03
1642.0,-5.25
1643.0,-5.09
1644.0,-5.01
1645.0,-5.08
1646.0,-5.02
1647.0,-5.13
1648.0,-1.0000000000000007
1649.0,-5.02
1650.0,-5.13
1651.0,-5.760000000000001
1652.0,-5.2700000000000005
1653.0,-5.04
1654.0,-5.07
1655.0,-5.02
1656.0,-5.03
1657.0,-5.12
1658.0,-5.12
1659.0,-5.26
1660.0,-5.17
1661.0,-5.33
1662.0,-5.09
1663.0,-5.1
1664.0,-5.41
1665.0,-5.09
1666.0,-5.02
1667.0,-5.09
1668.0,-5.26
1669.0,-5.02
1670.0,-5.07
1671.0,-5.48
1672.0,-5.04
1673.0,-5.24
1674.0,-5.14
1675.0,-5.02
1676.0,-5.07
1677.0,-5.41
1678.0,-5.53
1679.0,-5.5
1680.0,-5.12
1681.0,-5.8100000000000005
1682.0,-5.8500000000000005
1683.0,-5.02
1684.0,-5.4
1685.0,-5.16
1686.0,-5.630000000000001
1687.0,-5.02
1688.0,-5.19
1689.0,-5.3100000000000005
1690.0,-5.13
1691.0,-5.07
1692.0,-5.24
1693.0,-1.0000000000000007
1694.0,-5.33
1695.0,-5.09
1696.0,-5.02
1697.0,-5.58
1698.0,-5.22
1699.0,-5.02
1700.0,-5.67
1701.0,-5.14
1702.0,-5.03
1703.0,-5.17
1704.0,-5.04
1705.0,-5.21
1706.0,-5.1
1707.0,-5.720000000000001
1708.0,-5.36
1709.0,-5.16
1710.0,-5.01
1711.0,-5.03
1712.0,-5.08
1713.0,-5.02
1714.0,-5.13
1715.0,-5.34
1716.0,-5.33
1717.0,-5.5200000000000005
1718.0,-5.16
1719.0,-5.2700000000000005
1720.0,-5.03
1721.0,-5.32
1722.0,-5.01
1723.0,-5.12
1724.0,-5.02
1725.0,-5.06
1726.0,-5.14
1727.0,-5.46
1728.0,-1.0000000000000007
1729.0,-5.06
1730.0,-5.04
1731.0,-5.38
1732.0,-5.99
1733.0,-5.02
1734.0,-5.02
1735.0,-5.26
1736.0,-5.2
1737.0,-5.49
1738.0,-5.2700000000000005
1739.0,-5.02
1740.0,-5.11
1741.0,-5.06
1742.0,-5.18
1743.0,-5.17
1744.0,-5.21
1745.0,-5.05
1746.0,-5.28
1747.0,-5.16
1748.0,-5.07
1749.0,-5.53
1750.0,-5.1
1751.0,-5.04
1752.0,-5.19
1753.0,-5.12
1754.0,-5.03
1755.0,-5.03
1756.0,-5.12
1757.0,-5.22
1758.0,-1.0000000000000007
1759.0,-5.5600000000000005
1760.0,-5.01
1761.0,-5.86
1762.0,-5.04
1763.0,-5.02
1764.0,-5.06
1765.0,-5.2700000000000005
1766.0,-5.01
1767.0,-5.25
1768.0,-5.49
1769.0,-5.04
1770.0,-5.82
1771.0,-5.09
1772.0,-5.03
1773.0,-5.57
1774.0,-5.07
1775.0,-5.12
1776.0,-5.32
1777.0,-5.04
1778.0,-1.0000000000000007
1779.0,-5.06
1780.0,-5.13
1781.0,-5.07
1782.0,-5.62
1783.0,-5.09
1784.0,-5.4
1785.0,-5.05
1786.0,-5.06
1787.0,-5.37
1788.0,-5.06
1789.0,-5.1
1790.0,-5.390000000000001
1791.0,-5.34
1792.0,-5.14
1793.0,-5.19
1794.0,-5.09
1795.0,-5.02
1796.0,-5.08
1797.0,-5.73
1798.0,-5.07
1799.0,-5.06
1800.0,-5.3500000000000005
1801.0,-5.05
1802.0,-5.33
1803.0,-5.67
1804.0,-5.33
1805.0,-5.03
1806.0,-5.01
1807.0,-5.01
1808.0,-5.07
1809.0,-5.390000000000001
1810.0,-5.12
1811.0,-5.18
1812.0,-5.04
1813.0,-5.28
1814.0,-5.04
1815.0,-5.1
1816.0,-5.05
1817.0,-5.22
1818.0,-5.33
1819.0,-5.03
1820.0,-5.13
1821.0,-5.12
1822.0,-5.16
1823.0,-5.37
1824.0,-5.08
1825.0,-5.06
1826.0,-5.03
1827.0,-5.06
1828.0,-5.06
1829.0,-5.01
1830.0,-5.44
1831.0,-5.49
1832.0,-5.03
1833.0,-1.0000000000000007
1834.0,-5.48
1835.0,-5.7
1836.0,-5.69
1837.0,-5.04
1838.0,-5.02
1839.0,-5.1
1840.0,-5.24
1841.0,-5.16
1842.0,-5.07
1843.0,-5.05
1844.0,-5.8100000000000005
1845.0,-5.21
1846.0,-5.06
1847.0,-5.04
1848.0,-5.1
1849.0,-5.65
1850.0,-5.06
1851.0,-5.15
1852.0,-5.16
1853.0,-5.32
1854.0,-5.44
1855.0,-5.42
1856.0,-5.04
1857.0,-5.04
1858.0,-5.48
1859.0,-5.04
1860.0,-5.15
1861.0,-5.19
1862.0,-5.06
1863.0,-5.03
1864.0,-5.07
1865.0,-5.41
1866.0,-5.07
1867.0,-5.05
1868.0,-5.02
1869.0,-5.32
1870.0,-5.05
1871.0,-5.5
1872.0,-5.14
1873.0,-5.05
1874.0,-5.34
1875.0,-1.0000000000000007
1876.0,-1.0000000000000007
1877.0,-5.04
1878.0,-5.04
1879.0,-5.74
1880.0,-5.3100000000000005
1881.0,-5.05
1882.0,-1.0000000000000007
1883.0,-5.680000000000001
1884.0,-5.06
1885.0,-5.91
1886.0,-5.11
1887.0,-5.44
1888.0,-5.22
1889.0,-5.08
1890.0,-5.12
1891.0,-5.03
1892.0,-5.14
1893.0,-5.02
1894.0,-5.11
1895.0,-5.24
1896.0,-5.01
1897.0,-5.53
1898.0,-5.09
1899.0,-5.01
1900.0,-5.12
1901.0,-5.11
1902.0,-5.14
1903.0,-5.03
1904.0,-5.1
1905.0,-5.1
1906.0,-5.15
1907.0,-5.05
1908.0,-5.25
1909.0,-5.22
1910.0,-5.06
1911.0,-5.04
1912.0,-5.3500000000000005
1913.0,-5.8500000000000005
1914.0,-5.41
1915.0,-5.18
1916.0,-5.16
1917.0,-5.61
1918.0,-5.65
1919.0,-5.15
1920.0,-5.880000000000001
1921.0,-5.46
1922.0,-5.06
1923.0,-5.02
1924.0,-5.04
1925.0,-5.04
1926.0,-5.05
1927.0,-5.18
1928.0,-5.12
1929.0,-5.21
1930.0,-5.83
1931.0,-5.05
1932.0,-5.51
1933.0,-5.05
1934.0,-5.09
1935.0,-5.02
1936.0,-5.32
1937.0,-5.02
1938.0,-5.01
1939.0,-5.19
1940.0,-5.03
1941.0,-5.23
1942.0,-5.03
1943.0,-5.11
1944.0,-5.16
1945.0,-5.13
1946.0,-5.07
1947.0,-5.36
1948.0,-5.32
1949.0,-5.15
1950.0,-5.1
1951.0,-5.18
1952.0,-5.02
1953.0,-5.01
1954.0,-5.12
1955.0,-5.390000000000001
1956.0,-5.01
1957.0,-5.4
1958.0,-5.14
1959.0,-5.1
1960.0,-5.49
1961.0,-5.2700000000000005
1962.0,-5.28
1963.0,-5.09
1964.0,-5.07
1965.0,-5.05
1966.0,-5.67
1967.0,-5.06
1968.0,-5.03
1969.0,-5.03
1970.0,-5.02
1971.0,-5.05
1972.0,-5.06
1973.0,-5.03
1974.0,-5.17
1975.0,-5.02
1976.0,-5.02
1977.0,-5.02
1978.0,-5.05
1979.0,-5.04
1980.0,-5.02
1981.0,-5.03
1982.0,-5.07
1983.0,-5.04
1984.0,-5.04
1985.0,-5.22
1986.0,-5.03
1987.0,-5.07
1988.0,-5.05
1989.0,-5.1
1990.0,-5.29
1991.0,-5.17
1992.0,-5.78
1993.0,-5.3500000000000005
1994.0,-5.06
1995.0,-5.07
1996.0,-5.02
1997.0,-1.0000000000000007
1998.0,-5.26
1999.0,-5.5200000000000005
2000.0,-1.0000000000000007
2001.0,-5.06
2002.0,-5.07
2003.0,-5.34
2004.0,-5.08
2005.0,-5.03
2006.0,-5.3500000000000005
2007.0,-5.07
2008.0,-5.21
2009.0,-5.21
2010.0,-5.16
2011.0,-5.07
2012.0,-5.02
2013.0,-5.07
2014.0,-5.390000000000001
2015.0,-5.01
2016.0,-5.38
2017.0,-5.3
2018.0,-5.04
2019.0,-5.6000000000000005
2020.0,-5.01
2021.0,-5.53
2022.0,-5.22
2023.0,-5.18
2024.0,-5.18
2025.0,-5.07
2026.0,-5.04
2027.0,-5.5600000000000005
2028.0,-5.54
2029.0,-5.07
2030.0,-5.06
2031.0,-5.01
2032.0,-5.21
2033.0,-5.08
2034.0,-5.06
2035.0,-5.17
2036.0,-5.03
2037.0,-5.04
2038.0,-5.5600000000000005
2039.0,-5.1
2040.0,-5.15
2041.0,-5.48
2042.0,-5.04
2043.0,-5.03
2044.0,-5.33
2045.0,-5.04
2046.0,-5.07
2047.0,-5.09
2048.0,-5.98
2049.0,-5.06
2050.0,-5.59
2051.0,-5.01
2052.0,-5.12
2053.0,-5.32
2054.0,-5.03
2055.0,-5.04
2056.0,-5.19
2057.0,-5.22
2058.0,-5.710000000000001
2059.0,-5.390000000000001
2060.0,-5.25
2061.0,-5.32
2062.0,-5.02
2063.0,-5.920000000000001
2064.0,-5.02
2065.0,-5.07
2066.0,-5.09
2067.0,-5.19
2068.0,-5.53
2069.0,-5.06
2070.0,-5.67
2071.0,-5.01
2072.0,-5.07
2073.0,-5.11
2074.0,-5.06
2075.0,-5.02
2076.0,-5.470000000000001
2077.0,-5.13
2078.0,-5.09
2079.0,-5.11
2080.0,-5.02
2081.0,-5.550000000000001
2082.0,-5.02
2083.0,-5.02
2084.0,-5.2
2085.0,-5.58
2086.0,-5.25
2087.0,-5.07
2088.0,-5.06
2089.0,-5.25
2090.0,-5.03
2091.0,-5.07
2092.0,-5.05
2093.0,-5.62
2094.0,-5.05
2095.0,-5.06
2096.0,-5.23
2097.0,-5.26
2098.0,-5.02
2099.0,-5.18
2100.0,-5.04
2101.0,-5.05
2102.0,-5.11
2103.0,-5.24
2104.0,-5.28
2105.0,-5.550000000000001
2106.0,-5.430000000000001
2107.0,-5.13
2108.0,-5.23
2109.0,-5.1
2110.0,-5.86
2111.0,-5.02
2112.0,-5.23
2113.0,-5.05
2114.0,-5.48
2115.0,-5.04
2116.0,-5.12
2117.0,-5.07
2118.0,-5.5200000000000005
2119.0,-5.45
2120.0,-5.14
2121.0,-5.04
2122.0,-5.2
2123.0,-5.48
2124.0,-5.21
2125.0,-5.03
2126.0,-5.02
2127.0,-5.04
2128.0,-5.03
2129.0,-5.13
2130.0,-5.03
2131.0,-5.02
2132.0,-5.5600000000000005
2133.0,-5.4
2134.0,-5.15
2135.0,-5.3100000000000005
2136.0,-5.78
2137.0,-5.01
2138.0,-5.11
2139.0,-5.17
2140.0,-5.51
2141.0,-5.02
2142.0,-5.09
2143.0,-5.07
2144.0,-5.02
2145.0,-5.3500000000000005
2146.0,-5.01
2147.0,-5.02
2148.0,-5.1
2149.0,-5.01
2150.0,-5.13
2151.0,-5.04
2152.0,-5.09
2153.0,-5.04
2154.0,-5.05
2155.0,-5.02
2156.0,-5.6000000000000005
2157.0,-5.21
2158.0,-5.21
2159.0,-5.2
2160.0,-5.04
2161.0,-5.17
2162.0,-5.23
2163.0,-5.17
2164.0,-5.01
2165.0,-5.15
2166.0,-5.26
2167.0,-5.23
2168.0,-5.4
2169.0,-5.32
2170.0,-5.05
2171.0,-5.2
2172.0,-5.2700000000000005
2173.0,-5.01
2174.0,-5.03
2175.0,-5.61
2176.0,-5.5200000000000005
2177.0,-5.28
2178.0,-5.11
2179.0,-5.07
2180.0,-5.07
2181.0,-5.01
2182.0,-5.04
2183.0,-5.42
2184.0,-5.09
2185.0,-5.01
2186.0,-5.25
2187.0,-5.03
2188.0,-5.05
2189.0,-5.15
2190.0,-5.02
2191.0,-5.02
2192.0,-5.02
2193.0,-5.13
2194.0,-5.03
2195.0,-5.01
2196.0,-5.14
2197.0,-5.1
2198.0,-5.46
2199.0,-5.01
2200.0,-5.03
2201.0,-5.02
2202.0,-5.04
2203.0,-5.07
2204.0,-5.26
2205.0,-5.01
2206.0,-5.25
2207.0,-5.21
2208.0,-5.02
2209.0,-5.05
2210.0,-5.960000000000001
2211.0,-5.02
2212.0,-5.14
2213.0,-5.19
2214.0,-5.05
2215.0,-5.25
2216.0,-5.66
2217.0,-5.14
2218.0,-5.22
2219.0,-5.29
2220.0,-5.1
2221.0,-5.12
2222.0,-5.390000000000001
2223.0,-5.03
2224.0,-5.1
2225.0,-5.08
2226.0,-5.03
2227.0,-5.04
2228.0,-5.08
2229.0,-5.29
2230.0,-5.01
2231.0,-5.29
2232.0,-5.05
2233.0,-5.03
2234.0,-5.26
2235.0,-5.36
2236.0,-5.05
2237.0,-5.15
2238.0,-5.07
2239.0,-5.11
2240.0,-5.18
2241.0,-5.470000000000001
2242.0,-5.01
2243.0,-1.0000000000000007
2244.0,-5.25
2245.0,-5.01
2246.0,-5.06
2247.0,-5.09
2248.0,-5.25
2249.0,-5.06
2250.0,-5.29
2251.0,-5.08
2252.0,-5.82
2253.0,-5.09
2254.0,-5.1
2255.0,-5.34
2256.0,-5.16
2257.0,-5.19
2258.0,-5.08
2259.0,-5.01
2260.0,-5.12
2261.0,-5.02
2262.0,-5.05
2263.0,-5.09
2264.0,-5.04
2265.0,-5.18
2266.0,-5.15
2267.0,-5.01
2268.0,-5.45
2269.0,-5.17
2270.0,-5.12
2271.0,-5.08
2272.0,-5.03
2273.0,-5.02
2274.0,-5.7
2275.0,-5.2700000000000005
2276.0,-5.16
2277.0,-5.06
2278.0,-5.46
2279.0,-5.07
2280.0,-5.28
2281.0,-5.13
2282.0,-5.07
2283.0,-5.12
2284.0,-5.04
2285.0,-5.2
2286.0,-5.7700000000000005
2287.0,-5.99
2288.0,-5.05
2289.0,-5.01
2290.0,-5.02
2291.0,-5.07
2292.0,-5.37
2293.0,-5.48
2294.0,-5.470000000000001
2295.0,-5.38
2296.0,-5.18
2297.0,-5.08
2298.0,-5.25
2299.0,-5.33
2300.0,-5.16
2301.0,-5.02
2302.0,-5.46
2303.0,-5.25
2304.0,-5.01
2305.0,-5.01
2306.0,-5.44
2307.0,-5.17
2308.0,-5.4
2309.0,-5.08
2310.0,-5.02
2311.0,-5.11
2312.0,-5.390000000000001
2313.0,-5.15
2314.0,-5.17
2315.0,-5.06
2316.0,-5.03
2317.0,-5.03
2318.0,-5.12
2319.0,-5.25
2320.0,-5.1
2321.0,-5.03
2322.0,-5.29
2323.0,-5.02
2324.0,-5.08
2325.0,-5.07
2326.0,-1.0000000000000007
2327.0,-5.01
2328.0,-5.01
2329.0,-5.550000000000001
2330.0,-5.760000000000001
2331.0,-5.16
2332.0,-5.04
2333.0,-5.430000000000001
2334.0,-5.14
2335.0,-5.01
2336.0,-5.06
2337.0,-5.36
2338.0,-5.02
2339.0,-5.45
2340.0,-5.16
2341.0,-5.01
2342.0,-5.3100000000000005
2343.0,-5.21
2344.0,-5.82
2345.0,-5.04
2346.0,-5.04
2347.0,-5.08
2348.0,-5.11
2349.0,-5.12
2350.0,-5.05
2351.0,-5.54
2352.0,-1.0000000000000007
2353.0,-5.920000000000001
2354.0,-5.02
2355.0,-5.550000000000001
2356.0,-5.1
2357.0,-5.11
2358.0,-5.840000000000001
2359.0,-5.630000000000001
2360.0,-5.04
2361.0,-5.14
2362.0,-5.06
2363.0,-5.01
2364.0,-5.02
2365.0,-5.07
2366.0,-5.02
2367.0,-5.04
2368.0,-5.49
2369.0,-5.38
2370.0,-5.07
2371.0,-5.03
2372.0,-5.12
2373.0,-5.06
2374.0,-5.18
2375.0,-5.18
2376.0,-5.25
2377.0,-5.22
2378.0,-5.15
2379.0,-5.8500000000000005
2380.0,-5.24
2381.0,-5.680000000000001
2382.0,-5.07
2383.0,-5.23
2384.0,-5.16
2385.0,-5.07
2386.0,-5.04
2387.0,-5.42
2388.0,-5.22
2389.0,-5.06
2390.0,-5.34
2391.0,-5.03
2392.0,-5.07
2393.0,-5.01
2394.0,-5.11
2395.0,-5.07
2396.0,-5.16
2397.0,-5.05
2398.0,-5.15
2399.0,-5.78
2400.0,-5.1
2401.0,-5.16
2402.0,-5.03
2403.0,-5.06
2404.0,-5.61
2405.0,-5.99
2406.0,-5.07
2407.0,-5.05
2408.0,-5.22
2409.0,-5.880000000000001
2410.0,-5.05
2411.0,-5.65
2412.0,-5.09
2413.0,-5.760000000000001
2414.0,-5.28
2415.0,-5.02
2416.0,-5.16
2417.0,-5.02
2418.0,-5.02
2419.0,-5.930000000000001
2420.0,-5.950000000000001
2421.0,-5.04
2422.0,-5.950000000000001
2423.0,-5.36
2424.0,-5.09
2425.0,-5.15
2426.0,-5.01
2427.0,-5.12
2428.0,-5.470000000000001
2429.0,-5.04
2430.0,-5.550000000000001
2431.0,-5.05
2432.0,-5.08
2433.0,-5.04
2434.0,-5.12
2435.0,-5.06
2436.0,-5.02
2437.0,-5.03
2438.0,-5.36
2439.0,-5.32
2440.0,-5.02
2441.0,-5.14
2442.0,-5.08
2443.0,-5.28
2444.0,-5.23
2445.0,-5.03
2446.0,-5.16
2447.0,-5.44
2448.0,-5.09
2449.0,-5.14
2450.0,-5.22
2451.0,-5.06
2452.0,-5.03
2453.0,-5.83
2454.0,-5.2
2455.0,-5.11
2456.0,-5.01
2457.0,-5.3
2458.0,-5.74
2459.0,-5.22
2460.0,-5.61
2461.0,-5.1
2462.0,-5.25
2463.0,-5.38
2464.0,-5.22
2465.0,-5.04
2466.0,-5.7
2467.0,-5.05
2468.0,-5.38
2469.0,-5.23
2470.0,-5.37
2471.0,-5.23
2472.0,-5.05
2473.0,-5.45
2474.0,-5.02
2475.0,-5.09
2476.0,-5.12
2477.0,-5.03
2478.0,-5.3100000000000005
2479.0,-5.2
2480.0,-5.01
2481.0,-5.12
2482.0,-5.04
2483.0,-5.15
2484.0,-5.58
2485.0,-5.08
2486.0,-5.73
2487.0,-5.05
2488.0,-5.21
2489.0,-5.45
2490.0,-5.42
2491.0,-5.710000000000001
2492.0,-5.16
2493.0,-5.550000000000001
2494.0,-5.3500000000000005
2495.0,-5.09
2496.0,-5.22
2497.0,-5.02
2498.0,-5.04
2499.0,-5.2
2500.0,-5.02
2501.0,-5.09
2502.0,-5.28
2503.0,-5.03
2504.0,-5.38
2505.0,-5.09
2506.0,-5.62
2507.0,-5.12
2508.0,-5.58
2509.0,-5.02
2510.0,-5.49
2511.0,-5.550000000000001
2512.0,-5.26
2513.0,-5.12
2514.0,-5.05
2515.0,-5.640000000000001
2516.0,-5.25
2517.0,-5.5
2518.0,-5.41
2519.0,-5.25
2520.0,-5.04
2521.0,-5.38
2522.0,-5.59
2523.0,-5.2700000000000005
2524.0,-5.16
2525.0,-5.26
2526.0,-5.09
2527.0,-5.12
2528.0,-5.57
2529.0,-5.5600000000000005
2530.0,-5.03
2531.0,-5.07
2532.0,-5.22
2533.0,-5.06
2534.0,-5.430000000000001
2535.0,-5.04
2536.0,-5.09
2537.0,-5.5
2538.0,-5.430000000000001
2539.0,-5.12
2540.0,-5.01
2541.0,-5.02
2542.0,-5.05
2543.0,-5.02
2544.0,-5.2700000000000005
2545.0,-5.09
2546.0,-5.09
2547.0,-5.24
2548.0,-5.04
2549.0,-5.34
2550.0,-5.09
2551.0,-5.5
2552.0,-5.38
2553.0,-5.430000000000001
2554.0,-5.48
2555.0,-5.4
2556.0,-5.2
2557.0,-5.04
2558.0,-5.01
2559.0,-5.66
2560.0,-5.1
2561.0,-5.01
2562.0,-5.17
2563.0,-5.46
2564.0,-5.04
2565.0,-5.04
2566.0,-5.02
2567.0,-5.11
2568.0,-5.02
2569.0,-5.14
2570.0,-5.2
2571.0,-5.16
2572.0,-5.02
2573.0,-5.04
2574.0,-5.390000000000001
2575.0,-5.06
2576.0,-5.3100000000000005
2577.0,-5.04
2578.0,-5.18
2579.0,-5.25
2580.0,-5.03
2581.0,-5.12
2582.0,-5.08
2583.0,-5.04
2584.0,-5.04
2585.0,-5.24
2586.0,-5.28
2587.0,-5.2
2588.0,-5.2
2589.0,-5.48
2590.0,-5.07
2591.0,-5.04
2592.0,-5.05
2593.0,-5.25
2594.0,-5.12
2595.0,-5.5200000000000005
2596.0,-5.920000000000001
2597.0,-5.01
2598.0,-5.41
2599.0,-5.01
2600.0,-5.02
2601.0,-5.16
2602.0,-5.01
2603.0,-5.14
2604.0,-1.0000000000000007
2605.0,-5.16
2606.0,-5.59
2607.0,-5.06
2608.0,-5.01
2609.0,-5.46
2610.0,-5.11
2611.0,-5.04
2612.0,-5.03
2613.0,-5.760000000000001
2614.0,-5.02
2615.0,-5.08
2616.0,-5.44
2617.0,-5.1
2618.0,-5.01
2619.0,-5.04
2620.0,-5.5600000000000005
2621.0,-1.0000000000000007
2622.0,-5.1
2623.0,-5.5
2624.0,-5.21
2625.0,-5.09
2626.0,-5.11
2627.0,-5.07
2628.0,-5.08
2629.0,-5.66
2630.0,-5.13
2631.0,-5.08
2632.0,-5.01
2633.0,-5.12
2634.0,-5.07
2635.0,-5.14
2636.0,-5.04
2637.0,-5.04
2638.0,-5.02
2639.0,-5.09
2640.0,-5.07
2641.0,-5.13
2642.0,-5.15
2643.0,-5.02
2644.0,-5.03
2645.0,-5.11
2646.0,-5.14
2647.0,-5.04
2648.0,-5.21
2649.0,-5.2
2650.0,-5.930000000000001
2651.0,-5.2700000000000005
2652.0,-5.03
2653.0,-5.86
2654.0,-5.02
2655.0,-5.08
2656.0,-5.08
2657.0,-5.04
2658.0,-1.0000000000000007
2659.0,-5.21
2660.0,-5.04
2661.0,-5.01
2662.0,-5.15
2663.0,-5.02
2664.0,-5.09
2665.0,-5.05
2666.0,-5.07
2667.0,-5.17
2668.0,-5.03
2669.0,-5.09
2670.0,-5.06
2671.0,-5.09
2672.0,-5.19
2673.0,-5.01
2674.0,-5.630000000000001
2675.0,-5.02
2676.0,-5.18
2677.0,-5.03
2678.0,-5.75
2679.0,-5.1
2680.0,-5.14
2681.0,-5.09
2682.0,-5.02
2683.0,-5.1
2684.0,-5.02
2685.0,-5.02
2686.0,-5.03
2687.0,-5.23
2688.0,-5.02
2689.0,-5.05
2690.0,-5.16
2691.0,-5.28
2692.0,-5.33
2693.0,-5.1
2694.0,-5.05
2695.0,-5.01
2696.0,-5.06
2697.0,-5.04
2698.0,-5.02
2699.0,-5.06
2700.0,-5.53
2701.0,-5.12
2702.0,-5.1
2703.0,-5.01
2704.0,-5.01
2705.0,-5.1
2706.0,-5.66
2707.0,-1.0000000000000007
2708.0,-5.15
2709.0,-5.37
2710.0,-5.14
2711.0,-5.34
2712.0,-5.04
2713.0,-5.14
2714.0,-5.12
2715.0,-5.48
2716.0,-5.07
2717.0,-1.0000000000000007
2718.0,-5.15
2719.0,-5.13
2720.0,-5.02
2721.0,-5.15
2722.0,-5.23
2723.0,-5.13
2724.0,-5.640000000000001
2725.0,-1.0000000000000007
2726.0,-5.65
2727.0,-5.16
2728.0,-5.02
2729.0,-5.23
2730.0,-5.15
2731.0,-5.17
2732.0,-5.06
2733.0,-5.02
2734.0,-5.430000000000001
2735.0,-5.2
2736.0,-5.24
2737.0,-5.22
2738.0,-5.02
2739.0,-5.37
2740.0,-5.3100000000000005
2741.0,-5.51
2742.0,-5.54
2743.0,-5.03
2744.0,-5.04
2745.0,-5.66
2746.0,-1.0000000000000007
2747.0,-5.01
2748.0,-1.0000000000000007
2749.0,-5.33
2750.0,-5.14
2751.0,-5.8100000000000005
2752.0,-5.03
2753.0,-5.24
2754.0,-5.13
2755.0,-5.29
2756.0,-5.02
2757.0,-5.19
2758.0,-5.22
2759.0,-5.01
2760.0,-5.41
2761.0,-5.03
2762.0,-5.03
2763.0,-5.13
2764.0,-5.3
2765.0,-5.04
2766.0,-5.23
2767.0,-5.2700000000000005
2768.0,-5.07
2769.0,-5.08
2770.0,-5.06
2771.0,-5.4
2772.0,-5.02
2773.0,-5.5
2774.0,-5.01
2775.0,-5.13
2776.0,-5.19
2777.0,-5.13
2778.0,-5.07
2779.0,-5.04
2780.0,-5.22
2781.0,-5.04
2782.0,-5.2700000000000005
2783.0,-5.4
2784.0,-5.03
2785.0,-5.08
2786.0,-5.34
2787.0,-5.07
2788.0,-5.02
2789.0,-5.03
2790.0,-5.17
2791.0,-5.61
2792.0,-5.04
2793.0,-5.26
2794.0,-5.13
2795.0,-5.23
2796.0,-5.17
2797.0,-5.04
2798.0,-5.04
2799.0,-5.12
2800.0,-5.33
2801.0,-5.11
2802.0,-5.01
2803.0,-5.02
2804.0,-5.11
2805.0,-5.4
2806.0,-5.07
2807.0,-5.04
2808.0,-5.550000000000001
2809.0,-5.12
2810.0,-5.04
2811.0,-5.09
2812.0,-5.05
2813.0,-5.18
2814.0,-5.37
2815.0,-5.78
2816.0,-5.01
2817.0,-5.05
2818.0,-5.04
2819.0,-5.22
2820.0,-5.05
2821.0,-5.06
2822.0,-5.02
2823.0,-5.15
2824.0,-5.1
2825.0,-5.17
2826.0,-5.17
2827.0,-5.06
2828.0,-5.5200000000000005
2829.0,-5.02
2830.0,-5.69
2831.0,-5.19
2832.0,-5.04
2833.0,-5.22
2834.0,-5.46
2835.0,-5.3100000000000005
2836.0,-5.04
2837.0,-5.23
2838.0,-5.07
2839.0,-5.42
2840.0,-5.02
2841.0,-5.2
2842.0,-5.41
2843.0,-5.18
2844.0,-5.2
2845.0,-5.05
2846.0,-5.16
2847.0,-5.840000000000001
2848.0,-5.01
2849.0,-5.03
2850.0,-5.760000000000001
2851.0,-5.91
2852.0,-5.02
2853.0,-5.06
2854.0,-5.1
2855.0,-5.02
2856.0,-5.01
2857.0,-5.06
2858.0,-5.02
2859.0,-5.07
2860.0,-5.680000000000001
2861.0,-5.08
2862.0,-5.53
2863.0,-5.08
2864.0,-5.01
2865.0,-5.38
2866.0,-5.05
2867.0,-5.06
2868.0,-5.630000000000001
2869.0,-5.3500000000000005
2870.0,-5.09
2871.0,-5.11
2872.0,-5.2
2873.0,-5.07
2874.0,-5.37
2875.0,-5.550000000000001
2876.0,-5.390000000000001
2877.0,-5.2700000000000005
2878.0,-5.870000000000001
2879.0,-5.3500000000000005
2880.0,-5.09
2881.0,-5.1
2882.0,-5.02
2883.0,-5.02
2884.0,-5.41
2885.0,-5.04
2886.0,-5.01
2887.0,-5.03
2888.0,-5.09
2889.0,-5.14
2890.0,-5.09
2891.0,-5.17
2892.0,-5.02
2893.0,-5.08
2894.0,-5.58
2895.0,-5.1
2896.0,-5.14
2897.0,-5.25
2898.0,-5.16
2899.0,-5.12
2900.0,-5.03
2901.0,-5.01
2902.0,-5.01
2903.0,-5.34
2904.0,-5.02
2905.0,-5.01
2906.0,-5.44
2907.0,-5.03
2908.0,-5.03
2909.0,-5.2
2910.0,-5.06
2911.0,-5.06
2912.0,-5.62
2913.0,-5.13
2914.0,-5.5600000000000005
2915.0,-5.09
2916.0,-5.5600000000000005
2917.0,-5.4
2918.0,-5.02
2919.0,-5.19
2920.0,-5.03
2921.0,-5.46
2922.0,-5.13
2923.0,-5.390000000000001
2924.0,-5.25
2925.0,-5.12
2926.0,-5.720000000000001
2927.0,-5.3100000000000005
2928.0,-5.06
2929.0,-5.3100000000000005
2930.0,-5.05
2931.0,-5.8500000000000005
2932.0,-5.21
2933.0,-5.03
2934.0,-5.98
2935.0,-5.02
2936.0,-5.82
2937.0,-5.02
2938.0,-5.34
2939.0,-5.05
2940.0,-5.630000000000001
2941.0,-5.03
2942.0,-5.02
2943.0,-5.26
2944.0,-5.54
2945.0,-5.5
2946.0,-5.26
2947.0,-5.18
2948.0,-5.08
2949.0,-5.04
2950.0,-5.05
2951.0,-5.01
2952.0,-5.3100000000000005
2953.0,-5.04
2954.0,-5.04
2955.0,-5.04
2956.0,-5.59
2957.0,-5.03
2958.0,-1.0000000000000007
2959.0,-5.02
2960.0,-5.83
2961.0,-5.05
2962.0,-5.04
2963.0,-1.0000000000000007
2964.0,-5.07
2965.0,-5.11
2966.0,-5.06
2967.0,-5.840000000000001
2968.0,-5.16
2969.0,-5.22
2970.0,-5.04
2971.0,-5.03
2972.0,-5.01
2973.0,-5.430000000000001
2974.0,-5.02
2975.0,-5.470000000000001
2976.0,-5.03
2977.0,-5.09
2978.0,-5.05
2979.0,-5.04
2980.0,-5.04
2981.0,-5.18
2982.0,-5.04
2983.0,-5.3
2984.0,-5.06
2985.0,-1.0000000000000007
2986.0,-5.58
2987.0,-5.3100000000000005
2988.0,-5.19
2989.0,-5.03
2990.0,-5.02
2991.0,-5.15
2992.0,-5.13
2993.0,-5.06
2994.0,-5.99
2995.0,-5.19
2996.0,-5.18
2997.0,-5.34
2998.0,-5.3500000000000005
2999.0,-5.14
3000.0,-5.3100000000000005
3001.0,-5.62
3002.0,-5.33
3003.0,-5.28
3004.0,-5.02
3005.0,-5.16
3006.0,-5.02
3007.0,-5.51
3008.0,-5.3100000000000005
3009.0,-5.41
3010.0,-5.1
3011.0,-5.42
3012.0,-5.17
3013.0,-5.36
3014.0,-5.15
3015.0,-5.06
3016.0,-5.18
3017.0,-5.1
3018.0,-5.2
3019.0,-5.24
3020.0,-5.01
3021.0,-5.22
3022.0,-5.04
3023.0,-5.04
3024.0,-5.83
3025.0,-5.02
3026.0,-5.24
3027.0,-5.44
3028.0,-5.09
3029.0,-5.08
3030.0,-5.06
3031.0,-5.11
3032.0,-5.06
3033.0,-5.36
3034.0,-5.11
3035.0,-1.0000000000000007
3036.0,-5.32
3037.0,-5.04
3038.0,-5.08
3039.0,-5.1
3040.0,-5.02
3041.0,-5.06
3042.0,-5.14
3043.0,-5.44
3044.0,-5.1
3045.0,-5.02
3046.0,-5.04
3047.0,-1.0000000000000007
3048.0,-5.09
3049.0,-5.04
3050.0,-5.2700000000000005
3051.0,-5.01
3052.0,-5.03
3053.0,-5.1
3054.0,-5.06
3055.0,-5.08
3056.0,-5.5
3057.0,-5.16
3058.0,-5.11
3059.0,-5.11
3060.0,-5.04
3061.0,-5.550000000000001
3062.0,-5.950000000000001
3063.0,-5.14
3064.0,-5.07
3065.0,-5.19
3066.0,-5.05
3067.0,-5.01
3068.0,-5.11
3069.0,-5.02
3070.0,-5.09
3071.0,-5.24
3072.0,-5.01
3073.0,-5.09
3074.0,-5.03
3075.0,-5.82
3076.0,-5.01
3077.0,-5.03
3078.0,-5.65
3079.0,-5.09
3080.0,-5.06
3081.0,-5.02
3082.0,-5.680000000000001
3083.0,-5.05
3084.0,-5.2700000000000005
3085.0,-5.28
3086.0,-5.08
3087.0,-5.24
3088.0,-5.760000000000001
3089.0,-5.32
3090.0,-5.12
3091.0,-5.2
3092.0,-5.12
3093.0,-5.18
3094.0,-5.02
3095.0,-5.6000000000000005
3096.0,-5.3
3097.0,-5.74
3098.0,-5.2
3099.0,-5.3
3100.0,-5.08
3101.0,-5.06
3102.0,-1.0000000000000007
3103.0,-5.11
3104.0,-5.840000000000001
3105.0,-5.1
3106.0,-5.22
3107.0,-5.36
3108.0,-5.18
3109.0,-5.6000000000000005
3110.0,-5.18
3111.0,-1.0000000000000007
3112.0,-5.74
3113.0,-5.01
3114.0,-5.02
3115.0,-5.01
3116.0,-5.28
3117.0,-5.01
3118.0,-5.44
3119.0,-5.04
3120.0,-5.36
3121.0,-5.06
3122.0,-5.46
3123.0,-5.44
3124.0,-5.1
3125.0,-5.02
3126.0,-5.06
3127.0,-5.2
3128.0,-5.02
3129.0,-5.03
3130.0,-5.05
3131.0,-5.12
3132.0,-5.03
3133.0,-5.03
3134.0,-5.06
3135.0,-5.08
3136.0,-5.36
3137.0,-5.09
3138.0,-5.5200000000000005
3139.0,-5.03
3140.0,-5.22
3141.0,-5.02
3142.0,-5.78
3143.0,-5.05
3144.0,-5.760000000000001
3145.0,-5.33
3146.0,-5.05
3147.0,-5.14
3148.0,-5.36
3149.0,-5.01
3150.0,-5.02
3151.0,-5.67
3152.0,-5.17
3153.0,-5.15
3154.0,-5.28
3155.0,-5.13
3156.0,-5.04
3157.0,-5.05
3158.0,-5.5200000000000005
3159.0,-5.07
3160.0,-5.08
3161.0,-5.04
3162.0,-5.16
3163.0,-5.550000000000001
3164.0,-5.2
3165.0,-5.01
3166.0,-5.57
3167.0,-5.12
3168.0,-5.04
3169.0,-5.04
3170.0,-5.08
3171.0,-5.11
3172.0,-5.07
3173.0,-5.03
3174.0,-5.15
3175.0,-5.06
3176.0,-5.7
3177.0,-5.05
3178.0,-5.04
3179.0,-5.41
3180.0,-5.32
3181.0,-5.49
3182.0,-5.11
3183.0,-5.09
3184.0,-5.1
3185.0,-5.18
3186.0,-5.01
3187.0,-5.11
3188.0,-5.09
3189.0,-5.05
3190.0,-5.18
3191.0,-5.2700000000000005
3192.0,-5.48
3193.0,-5.38
3194.0,-5.01
3195.0,-5.18
3196.0,-1.0000000000000007
3197.0,-5.04
3198.0,-1.0000000000000007
3199.0,-5.44
3200.0,-5.16
3201.0,-5.14
3202.0,-5.13
3203.0,-5.15
3204.0,-5.11
3205.0,-5.22
3206.0,-5.44
3207.0,-5.01
3208.0,-5.550000000000001
3209.0,-5.44
3210.0,-5.28
3211.0,-5.13
3212.0,-5.04
3213.0,-5.18
3214.0,-5.03
3215.0,-5.33
3216.0,-5.07
3217.0,-5.710000000000001
3218.0,-5.09
3219.0,-5.02
3220.0,-5.36
3221.0,-5.24
3222.0,-5.08
3223.0,-5.26
3224.0,-5.24
3225.0,-5.06
3226.0,-5.07
3227.0,-5.42
3228.0,-5.04
3229.0,-5.51
3230.0,-5.73
3231.0,-5.19
3232.0,-5.58
3233.0,-5.16
3234.0,-5.22
3235.0,-5.02
3236.0,-5.57
3237.0,-5.01
3238.0,-5.18
3239.0,-5.34
3240.0,-5.09
3241.0,-5.21
3242.0,-5.01
3243.0,-5.24
3244.0,-5.03
3245.0,-5.05
3246.0,-5.05
3247.0,-5.17
3248.0,-5.32
3249.0,-5.470000000000001
3250.0,-5.03
3251.0,-5.07
3252.0,-5.1
3253.0,-5.02
3254.0,-5.15
3255.0,-5.02
3256.0,-5.26
3257.0,-5.14
3258.0,-5.02
3259.0,-1.0000000000000007
3260.0,-5.05
3261.0,-5.06
3262.0,-5.11
3263.0,-5.14
3264.0,-5.19
3265.0,-5.18
3266.0,-5.07
3267.0,-5.16
3268.0,-5.07
3269.0,-5.4
3270.0,-5.02
3271.0,-5.73
3272.0,-5.06
3273.0,-5.04
3274.0,-5.78
3275.0,-5.06
3276.0,-5.22
3277.0,-5.29
3278.0,-5.02
3279.0,-5.11
3280.0,-5.16
3281.0,-5.3
3282.0,-5.05
3283.0,-5.710000000000001
3284.0,-5.2
3285.0,-5.07
3286.0,-5.21
3287.0,-5.7700000000000005
3288.0,-5.19
3289.0,-5.16
3290.0,-5.14
3291.0,-5.02
3292.0,-5.02
3293.0,-5.03
3294.0,-5.02
3295.0,-5.13
3296.0,-5.02
3297.0,-5.2
3298.0,-5.390000000000001
3299.0,-5.46
3300.0,-5.870000000000001
3301.0,-5.04
3302.0,-5.13
3303.0,-5.14
3304.0,-5.11
3305.0,-5.28
3306.0,-5.05
3307.0,-5.09
3308.0,-5.7700000000000005
3309.0,-5.01
3310.0,-5.04
3311.0,-5.04
3312.0,-5.3100000000000005
3313.0,-5.15
3314.0,-5.09
3315.0,-5.1
3316.0,-5.38
3317.0,-5.02
3318.0,-5.05
3319.0,-5.18
3320.0,-5.01
3321.0,-5.02
3322.0,-5.09
3323.0,-5.05
3324.0,-5.37
3325.0,-5.01
3326.0,-5.390000000000001
3327.0,-5.9
3328.0,-5.46
3329.0,-5.22
3330.0,-5.03
3331.0,-5.05
3332.0,-5.01
3333.0,-5.44
3334.0,-5.09
3335.0,-5.4
3336.0,-5.05
3337.0,-5.03
3338.0,-5.03
3339.0,-5.69
3340.0,-5.01
3341.0,-1.0000000000000007
3342.0,-5.01
3343.0,-5.08
3344.0,-5.15
3345.0,-5.7
3346.0,-5.01
3347.0,-5.02
3348.0,-1.0000000000000007
3349.0,-5.07
3350.0,-5.03
3351.0,-5.05
3352.0,-5.01
3353.0,-5.01
3354.0,-5.430000000000001
3355.0,-5.04
3356.0,-5.04
3357.0,-1.0000000000000007
3358.0,-5.01
3359.0,-5.1
3360.0,-5.23
3361.0,-5.03
3362.0,-5.29
3363.0,-5.08
3364.0,-5.890000000000001
3365.0,-5.11
3366.0,-5.33
3367.0,-5.06
3368.0,-5.18
3369.0,-5.02
3370.0,-5.390000000000001
3371.0,-5.37
3372.0,-5.5
3373.0,-5.03
3374.0,-5.09
3375.0,-5.75
3376.0,-5.25
3377.0,-5.58
3378.0,-5.46
3379.0,-5.03
3380.0,-5.25
3381.0,-5.05
3382.0,-5.14
3383.0,-5.5600000000000005
3384.0,-5.11
3385.0,-5.550000000000001
3386.0,-5.08
3387.0,-5.23
3388.0,-5.04
3389.0,-5.33
3390.0,-5.3
3391.0,-5.04
3392.0,-5.32
3393.0,-5.18
3394.0,-5.02
3395.0,-5.05
3396.0,-5.470000000000001
3397.0,-5.32
3398.0,-5.01
3399.0,-5.06
3400.0,-5.08
3401.0,-1.0000000000000007
3402.0,-5.02
3403.0,-5.06
3404.0,-5.01
3405.0,-5.34
3406.0,-5.13
3407.0,-5.04
3408.0,-5.28
3409.0,-5.16
3410.0,-5.78
3411.0,-5.05
3412.0,-5.11
3413.0,-5.02
3414.0,-5.13
3415.0,-5.05
3416.0,-5.2700000000000005
3417.0,-5.01
3418.0,-5.470000000000001
3419.0,-5.17
3420.0,-5.02
3421.0,-5.2
3422.0,-5.08
3423.0,-5.02
3424.0,-5.06
3425.0,-5.06
3426.0,-5.13
3427.0,-5.05
3428.0,-5.46
3429.0,-5.1
3430.0,-5.3
3431.0,-5.54
3432.0,-5.38
3433.0,-5.11
3434.0,-5.04
3435.0,-5.2700000000000005
3436.0,-5.02
3437.0,-1.0000000000000007
3438.0,-5.06
3439.0,-5.07
3440.0,-5.05
3441.0,-5.08
3442.0,-5.04
3443.0,-5.05
3444.0,-5.07
3445.0,-5.34
3446.0,-5.04
3447.0,-5.05
3448.0,-5.07
3449.0,-5.57
3450.0,-5.02
3451.0,-5.18
3452.0,-5.54
3453.0,-5.05
3454.0,-5.05
3455.0,-5.14
3456.0,-5.1
3457.0,-1.0000000000000007
3458.0,-5.48
3459.0,-5.09
3460.0,-5.04
3461.0,-5.2
3462.0,-5.06
3463.0,-5.11
3464.0,-5.09
3465.0,-5.03
3466.0,-5.920000000000001
3467.0,-5.16
3468.0,-5.61
3469.0,-5.05
3470.0,-5.03
3471.0,-5.3500000000000005
3472.0,-5.22
3473.0,-5.12
3474.0,-5.03
3475.0,-5.29
3476.0,-5.08
3477.0,-5.04
3478.0,-5.890000000000001
3479.0,-5.09
3480.0,-5.01
3481.0,-1.0000000000000007
3482.0,-5.06
3483.0,-5.2
3484.0,-5.04
3485.0,-5.46
3486.0,-5.3500000000000005
3487.0,-5.430000000000001
3488.0,-5.59
3489.0,-5.14
3490.0,-5.09
3491.0,-5.01
3492.0,-5.13
3493.0,-5.13
3494.0,-5.3
3495.0,-5.06
3496.0,-5.78
3497.0,-5.65
3498.0,-5.17
3499.0,-1.0000000000000007
3500.0,-5.07
3501.0,-5.07
3502.0,-5.05
3503.0,-5.06
3504.0,-5.470000000000001
3505.0,-5.01
3506.0,-5.02
3507.0,-5.15
3508.0,-5.73
3509.0,-5.06
3510.0,-5.06
3511.0,-5.06
3512.0,-5.2700000000000005
3513.0,-5.01
3514.0,-5.75
3515.0,-5.04
3516.0,-5.17
3517.0,-5.33
3518.0,-5.5
3519.0,-5.03
3520.0,-5.09
3521.0,-5.07
3522.0,-5.13
3523.0,-5.65
3524.0,-5.470000000000001
3525.0,-5.02
3526.0,-5.02
3527.0,-5.01
3528.0,-5.09
3529.0,-5.13
3530.0,-5.04
3531.0,-5.17
3532.0,-5.75
3533.0,-5.23
3534.0,-5.05
3535.0,-5.11
3536.0,-5.22
3537.0,-5.28
3538.0,-5.07
3539.0,-1.0000000000000007
3540.0,-5.24
3541.0,-5.05
3542.0,-5.28
3543.0,-5.15
3544.0,-5.13
3545.0,-5.04
3546.0,-5.1
3547.0,-5.1
3548.0,-5.11
3549.0,-5.03
3550.0,-5.2
3551.0,-5.03
3552.0,-5.11
3553.0,-5.38
3554.0,-5.02
3555.0,-5.3100000000000005
3556.0,-1.0000000000000007
3557.0,-5.01
3558.0,-5.01
3559.0,-5.03
3560.0,-5.14
3561.0,-5.05
3562.0,-5.04
3563.0,-5.09
3564.0,-5.41
3565.0,-5.470000000000001
3566.0,-5.01
3567.0,-5.06
3568.0,-5.5
3569.0,-5.03
3570.0,-5.1
3571.0,-5.75
3572.0,-5.28
3573.0,-5.870000000000001
3574.0,-5.6000000000000005
3575.0,-5.2700000000000005
3576.0,-5.2700000000000005
3577.0,-5.07
3578.0,-5.02
3579.0,-5.13
3580.0,-5.37
3581.0,-5.36
3582.0,-5.01
3583.0,-5.08
3584.0,-5.4
3585.0,-5.04
3586.0,-5.01
3587.0,-5.04
3588.0,-5.02
3589.0,-5.54
3590.0,-5.14
3591.0,-5.06
3592.0,-5.03
3593.0,-5.2
3594.0,-5.16
3595.0,-5.11
3596.0,-5.03
3597.0,-5.37
3598.0,-5.02
3599.0,-5.16
3600.0,-5.45
3601.0,-5.02
3602.0,-5.21
3603.0,-5.04
3604.0,-5.15
3605.0,-5.02
3606.0,-5.05
3607.0,-5.44
3608.0,-5.05
3609.0,-5.22
3610.0,-5.07
3611.0,-5.29
3612.0,-5.01
3613.0,-5.4
3614.0,-5.01
3615.0,-5.3500000000000005
3616.0,-5.06
3617.0,-5.07
3618.0,-5.05
3619.0,-5.1
3620.0,-5.02
3621.0,-5.02
3622.0,-5.03
3623.0,-5.1
3624.0,-5.01
3625.0,-5.02
3626.0,-5.07
3627.0,-5.01
3628.0,-5.640000000000001
3629.0,-5.05
3630.0,-5.23
3631.0,-5.06
3632.0,-5.06
3633.0,-5.02
3634.0,-5.02
3635.0,-5.51
3636.0,-5.5
3637.0,-5.22
3638.0,-5.46
3639.0,-5.04
3640.0,-5.02
3641.0,-5.08
3642.0,-5.09
3643.0,-5.1
3644.0,-5.33
3645.0,-5.09
3646.0,-5.28
3647.0,-5.09
3648.0,-5.17
3649.0,-5.03
3650.0,-5.03
3651.0,-5.07
3652.0,-5.07
3653.0,-5.03
3654.0,-5.15
3655.0,-5.06
3656.0,-5.28
3657.0,-5.04
3658.0,-5.36
3659.0,-5.680000000000001
3660.0,-5.13
3661.0,-1.0000000000000007
3662.0,-5.02
3663.0,-5.58
3664.0,-5.12
3665.0,-5.16
3666.0,-5.07
3667.0,-5.06
3668.0,-5.57
3669.0,-5.21
3670.0,-5.02
3671.0,-5.53
3672.0,-5.02
3673.0,-5.2700000000000005
3674.0,-5.03
3675.0,-5.04
3676.0,-5.04
3677.0,-5.1
3678.0,-5.5
3679.0,-5.2700000000000005
3680.0,-5.14
3681.0,-5.33
3682.0,-5.11
3683.0,-5.550000000000001
3684.0,-5.03
3685.0,-5.03
3686.0,-5.15
3687.0,-5.12
3688.0,-5.33
3689.0,-5.11
3690.0,-5.59
3691.0,-5.06
3692.0,-5.05
3693.0,-5.550000000000001
3694.0,-5.01
3695.0,-5.1
3696.0,-5.550000000000001
3697.0,-5.01
3698.0,-5.11
3699.0,-5.04
3700.0,-5.5600000000000005
3701.0,-5.04
3702.0,-5.06
3703.0,-5.12
3704.0,-5.13
3705.0,-5.04
3706.0,-5.01
3707.0,-5.46
3708.0,-5.01
3709.0,-5.42
3710.0,-5.03
3711.0,-5.08
3712.0,-5.07
3713.0,-5.21
3714.0,-5.13
3715.0,-5.630000000000001
3716.0,-5.12
3717.0,-5.53
3718.0,-5.07
3719.0,-5.28
3720.0,-5.06
3721.0,-5.04
3722.0,-5.21
3723.0,-5.1
3724.0,-5.08
3725.0,-5.03
3726.0,-5.06
3727.0,-5.06
3728.0,-5.08
3729.0,-5.19
3730.0,-5.3500000000000005
3731.0,-5.14
3732.0,-5.01
3733.0,-5.3
3734.0,-5.4
3735.0,-5.33
3736.0,-5.4
3737.0,-5.640000000000001
3738.0,-5.05
3739.0,-5.05
3740.0,-5.73
3741.0,-5.2
3742.0,-5.02
3743.0,-5.15
3744.0,-5.01
3745.0,-5.06
3746.0,-5.17
3747.0,-5.13
3748.0,-5.1
3749.0,-5.29
3750.0,-5.14
3751.0,-5.04
3752.0,-5.23
3753.0,-5.14
3754.0,-5.17
3755.0,-5.03
3756.0,-5.05
3757.0,-5.15
3758.0,-5.48
3759.0,-5.1
3760.0,-5.07
3761.0,-5.3
3762.0,-5.2
3763.0,-5.66
3764.0,-5.01
3765.0,-5.02
3766.0,-5.06
3767.0,-5.13
3768.0,-5.03
3769.0,-5.02
3770.0,-5.28
3771.0,-5.46
3772.0,-5.26
3773.0,-5.01
3774.0,-5.13
3775.0,-5.21
3776.0,-5.11
3777.0,-5.06
3778.0,-5.14
3779.0,-5.07
3780.0,-5.02
3781.0,-5.01
3782.0,-5.01
3783.0,-5.06
3784.0,-5.05
3785.0,-5.24
3786.0,-5.02
3787.0,-5.01
3788.0,-5.02
3789.0,-5.05
3790.0,-5.33
3791.0,-5.02
3792.0,-5.15
3793.0,-5.05
3794.0,-5.01
3795.0,-5.42
3796.0,-5.36
3797.0,-5.06
3798.0,-5.67
3799.0,-5.02
3800.0,-5.03
3801.0,-5.21
3802.0,-5.8100000000000005
3803.0,-5.07
3804.0,-5.470000000000001
3805.0,-5.16
3806.0,-5.54
3807.0,-5.04
3808.0,-5.57
3809.0,-5.02
3810.0,-5.640000000000001
3811.0,-5.03
3812.0,-5.58
3813.0,-5.06
3814.0,-5.03
3815.0,-5.09
3816.0,-5.01
3817.0,-5.36
3818.0,-1.0000000000000007
3819.0,-5.640000000000001
3820.0,-5.05
3821.0,-5.02
3822.0,-5.5200000000000005
3823.0,-5.12
3824.0,-5.03
3825.0,-5.36
3826.0,-5.83
3827.0,-5.07
3828.0,-5.18
3829.0,-5.1
3830.0,-5.16
3831.0,-5.44
3832.0,-5.12
3833.0,-5.03
3834.0,-5.03
3835.0,-5.46
3836.0,-5.430000000000001
3837.0,-5.29
3838.0,-5.3500000000000005
3839.0,-5.37
3840.0,-5.15
3841.0,-5.960000000000001
3842.0,-5.4
3843.0,-5.17
3844.0,-5.550000000000001
3845.0,-5.41
3846.0,-5.36
3847.0,-5.25
3848.0,-5.08
3849.0,-5.53
3850.0,-5.61
3851.0,-5.01
3852.0,-5.34
3853.0,-5.09
3854.0,-5.23
3855.0,-5.01
3856.0,-5.04
3857.0,-5.25
3858.0,-5.02
3859.0,-5.06
3860.0,-5.02
3861.0,-5.02
3862.0,-5.12
3863.0,-5.3100000000000005
3864.0,-5.1
3865.0,-5.08
3866.0,-5.67
3867.0,-5.02
3868.0,-5.19
3869.0,-5.42
3870.0,-5.13
3871.0,-5.82
3872.0,-5.15
3873.0,-5.04
3874.0,-5.06
3875.0,-1.0000000000000007
3876.0,-5.1
3877.0,-5.02
3878.0,-5.49
3879.0,-5.19
3880.0,-5.48
3881.0,-5.12
3882.0,-5.12
3883.0,-5.03
3884.0,-5.03
3885.0,-5.02
3886.0,-5.19
3887.0,-5.28
3888.0,-5.06
3889.0,-5.05
3890.0,-5.06
3891.0,-5.04
3892.0,-5.01
3893.0,-5.13
3894.0,-5.01
3895.0,-5.1
3896.0,-5.02
3897.0,-5.38
3898.0,-5.13
3899.0,-5.21
3900.0,-5.03
3901.0,-5.08
3902.0,-5.01
3903.0,-5.78
3904.0,-5.12
3905.0,-5.22
3906.0,-5.01
3907.0,-5.03
3908.0,-5.33
3909.0,-5.48
3910.0,-5.66
3911.0,-5.11
3912.0,-5.12
3913.0,-5.13
3914.0,-5.12
3915.0,-5.5600000000000005
3916.0,-5.12
3917.0,-5.18
3918.0,-5.26
3919.0,-5.32
3920.0,-5.11
3921.0,-5.03
3922.0,-5.18
3923.0,-5.02
3924.0,-5.04
3925.0,-5.3
3926.0,-5.23
3927.0,-5.430000000000001
3928.0,-5.800000000000001
3929.0,-5.09
3930.0,-5.17
3931.0,-5.13
3932.0,-5.07
3933.0,-5.18
3934.0,-5.02
3935.0,-5.32
3936.0,-5.640000000000001
3937.0,-5.16
3938.0,-5.18
3939.0,-5.02
3940.0,-5.25
3941.0,-5.01
3942.0,-5.17
3943.0,-5.53
3944.0,-5.04
3945.0,-5.02
3946.0,-5.02
3947.0,-5.430000000000001
3948.0,-5.44
3949.0,-5.430000000000001
3950.0,-5.03
3951.0,-5.03
3952.0,-5.05
3953.0,-5.07
3954.0,-5.19
3955.0,-5.09
3956.0,-5.05
3957.0,-5.61
3958.0,-5.24
3959.0,-5.13
3960.0,-5.01
3961.0,-5.09
3962.0,-5.01
3963.0,-5.04
3964.0,-5.02
3965.0,-5.25
3966.0,-5.26
3967.0,-5.3
3968.0,-5.67
3969.0,-5.33
3970.0,-5.29
3971.0,-5.03
3972.0,-5.1
3973.0,-5.06
3974.0,-5.01
3975.0,-5.03
3976.0,-5.12
3977.0,-5.05
3978.0,-5.44
3979.0,-5.01
3980.0,-5.04
3981.0,-5.24
3982.0,-5.02
3983.0,-5.430000000000001
3984.0,-5.01
3985.0,-5.38
3986.0,-5.02
3987.0,-5.03
3988.0,-5.5200000000000005
3989.0,-5.19
3990.0,-5.46
3991.0,-5.26
3992.0,-5.470000000000001
3993.0,-5.03
3994.0,-5.08
3995.0,-5.1
3996.0,-5.22
3997.0,-5.22
3998.0,-5.2
3999.0,-5.12
4000.0,-5.28
4001.0,-5.11
4002.0,-5.04
4003.0,-5.01
4004.0,-5.04
4005.0,-5.11
4006.0,-5.22
4007.0,-5.05
4008.0,-5.05
4009.0,-5.11
4010.0,-5.69
4011.0,-1.0000000000000007
4012.0,-5.05
4013.0,-5.29
4014.0,-5.4
4015.0,-5.1
4016.0,-5.09
4017.0,-5.05
4018.0,-5.32
4019.0,-5.03
4020.0,-5.48
4021.0,-5.44
4022.0,-5.07
4023.0,-5.06
4024.0,-5.51
4025.0,-5.08
4026.0,-5.02
4027.0,-5.1
4028.0,-5.13
4029.0,-1.0000000000000007
4030.0,-5.01
4031.0,-5.04
4032.0,-5.1
4033.0,-5.01
4034.0,-5.12
4035.0,-1.0000000000000007
4036.0,-5.49
4037.0,-5.01
4038.0,-5.22
4039.0,-5.05
4040.0,-5.03
4041.0,-5.06
4042.0,-5.53
4043.0,-5.07
4044.0,-5.1
4045.0,-5.04
4046.0,-5.790000000000001
4047.0,-5.02
4048.0,-5.04
4049.0,-5.23
4050.0,-1.0000000000000007
4051.0,-5.870000000000001
4052.0,-5.66
4053.0,-5.82
4054.0,-5.4
4055.0,-5.05
4056.0,-5.02
4057.0,-5.41
4058.0,-5.09
4059.0,-5.51
4060.0,-5.32
4061.0,-5.01
4062.0,-5.21
4063.0,-5.02
4064.0,-5.430000000000001
4065.0,-5.16
4066.0,-5.01
4067.0,-5.32
4068.0,-5.48
4069.0,-5.4
4070.0,-5.37
4071.0,-5.04
4072.0,-5.09
4073.0,-5.18
4074.0,-5.05
4075.0,-5.02
4076.0,-5.28
4077.0,-5.04
4078.0,-5.02
4079.0,-5.03
4080.0,-5.05
4081.0,-5.13
4082.0,-5.06
4083.0,-5.12
4084.0,-5.04
4085.0,-5.04
4086.0,-5.1
4087.0,-5.41
4088.0,-5.07
4089.0,-5.17
4090.0,-5.01
4091.0,-5.04
4092.0,-5.05
4093.0,-5.1
4094.0,-5.15
4095.0,-5.34
4096.0,-5.29
4097.0,-5.470000000000001
4098.0,-5.24
4099.0,-5.34
4100.0,-5.02
4101.0,-5.69
4102.0,-5.1
4103.0,-5.390000000000001
4104.0,-1.0000000000000007
4105.0,-5.3
4106.0,-5.07
4107.0,-5.05
4108.0,-5.12
4109.0,-5.54
4110.0,-5.4
4111.0,-5.1
4112.0,-5.1
4113.0,-5.12
4114.0,-1.0000000000000007
4115.0,-5.37
4116.0,-5.33
4117.0,-5.840000000000001
4118.0,-5.1
4119.0,-5.29
4120.0,-5.5200000000000005
4121.0,-5.28
4122.0,-5.05
4123.0,-1.0000000000000007
4124.0,-5.36
4125.0,-5.7
4126.0,-5.3100000000000005
4127.0,-5.15
4128.0,-5.390000000000001
4129.0,-5.06
4130.0,-5.5
4131.0,-5.710000000000001
4132.0,-5.61
4133.0,-5.04
4134.0,-5.05
4135.0,-5.44
4136.0,-5.3
4137.0,-5.05
4138.0,-5.04
4139.0,-5.720000000000001
4140.0,-5.5
4141.0,-5.07
4142.0,-5.02
4143.0,-5.01
4144.0,-5.2700000000000005
4145.0,-5.25
4146.0,-5.12
4147.0,-5.57
4148.0,-5.05
4149.0,-5.3
4150.0,-5.08
4151.0,-5.02
4152.0,-5.66
4153.0,-5.11
4154.0,-5.57
4155.0,-5.04
4156.0,-5.02
4157.0,-5.06
4158.0,-5.960000000000001
4159.0,-5.07
4160.0,-5.06
4161.0,-5.07
4162.0,-5.03
4163.0,-5.25
4164.0,-5.41
4165.0,-5.04
4166.0,-5.5200000000000005
4167.0,-5.04
4168.0,-5.05
4169.0,-5.08
4170.0,-5.44
4171.0,-5.38
4172.0,-5.09
4173.0,-5.02
4174.0,-5.18
4175.0,-5.01
4176.0,-5.09
4177.0,-5.12
4178.0,-5.01
4179.0,-5.75
4180.0,-5.01
4181.0,-5.1
4182.0,-5.03
4183.0,-5.02
4184.0,-5.05
4185.0,-5.11
4186.0,-5.29
4187.0,-5.59
4188.0,-5.02
4189.0,-5.17
4190.0,-5.16
4191.0,-5.04
4192.0,-1.0000000000000007
4193.0,-5.23
4194.0,-5.2700000000000005
4195.0,-5.09
4196.0,-5.36
4197.0,-5.09
4198.0,-5.59
4199.0,-5.14
4200.0,-5.08
4201.0,-5.53
4202.0,-5.04
4203.0,-5.14
4204.0,-5.09
4205.0,-5.04
4206.0,-5.28
4207.0,-5.07
4208.0,-5.08
4209.0,-5.680000000000001
4210.0,-5.640000000000001
4211.0,-5.680000000000001
4212.0,-5.760000000000001
4213.0,-5.2700000000000005
4214.0,-5.1
4215.0,-5.03
4216.0,-5.16
4217.0,-5.04
4218.0,-5.18
4219.0,-5.32
4220.0,-5.02
4221.0,-5.02
4222.0,-5.36
4223.0,-5.01
4224.0,-5.06
4225.0,-5.07
4226.0,-5.2
4227.0,-5.12
4228.0,-5.08
4229.0,-5.6000000000000005
4230.0,-5.61
4231.0,-5.28
4232.0,-5.12
4233.0,-5.37
4234.0,-5.04
4235.0,-5.06
4236.0,-5.07
4237.0,-5.03
4238.0,-5.01
4239.0,-5.45
4240.0,-5.760000000000001
4241.0,-5.09
4242.0,-5.24
4243.0,-5.59
4244.0,-5.04
4245.0,-5.06
4246.0,-5.04
4247.0,-5.02
4248.0,-5.22
4249.0,-5.630000000000001
4250.0,-5.21
4251.0,-5.01
4252.0,-5.02
4253.0,-5.01
4254.0,-5.29
4255.0,-5.07
4256.0,-5.45
4257.0,-5.58
4258.0,-5.06
4259.0,-5.680000000000001
4260.0,-5.8100000000000005
4261.0,-5.06
4262.0,-5.05
4263.0,-5.02
4264.0,-5.23
4265.0,-5.04
4266.0,-5.62
4267.0,-5.04
4268.0,-5.28
4269.0,-5.05
4270.0,-5.14
4271.0,-5.54
4272.0,-5.23
4273.0,-5.02
4274.0,-5.01
4275.0,-5.82
4276.0,-5.04
4277.0,-5.550000000000001
4278.0,-5.37
4279.0,-5.58
4280.0,-5.05
4281.0,-5.8100000000000005
4282.0,-5.66
4283.0,-5.18
4284.0,-5.7
4285.0,-5.42
4286.0,-5.19
4287.0,-5.07
4288.0,-5.04
4289.0,-5.26
4290.0,-5.02
4291.0,-5.74
4292.0,-5.61
4293.0,-5.07
4294.0,-5.03
4295.0,-5.2700000000000005
4296.0,-5.1
4297.0,-5.5200000000000005
4298.0,-5.13
4299.0,-5.08
4300.0,-5.1
4301.0,-5.65
4302.0,-5.470000000000001
4303.0,-5.86
4304.0,-5.3500000000000005
4305.0,-5.06
4306.0,-5.05
4307.0,-5.01
4308.0,-1.0000000000000007
4309.0,-5.05
4310.0,-1.0000000000000007
4311.0,-5.03
4312.0,-5.04
4313.0,-5.02
4314.0,-5.640000000000001
4315.0,-5.01
4316.0,-5.38
4317.0,-5.470000000000001
4318.0,-5.390000000000001
4319.0,-5.51
4320.0,-5.14
4321.0,-5.08
4322.0,-5.32
4323.0,-5.51
4324.0,-5.3100000000000005
4325.0,-5.5200000000000005
4326.0,-5.69
4327.0,-5.65
4328.0,-5.03
4329.0,-5.1
4330.0,-5.34
4331.0,-5.09
4332.0,-5.11
4333.0,-5.22
4334.0,-5.11
4335.0,-5.01
4336.0,-5.04
4337.0,-5.19
4338.0,-5.15
4339.0,-5.66
4340.0,-5.02
4341.0,-5.16
4342.0,-5.18
4343.0,-5.12
4344.0,-5.21
4345.0,-5.3500000000000005
4346.0,-5.3100000000000005
4347.0,-5.05
4348.0,-5.13
4349.0,-5.5200000000000005
4350.0,-5.34
4351.0,-5.24
4352.0,-5.430000000000001
4353.0,-5.02
4354.0,-5.03
4355.0,-5.17
4356.0,-5.22
4357.0,-5.16
4358.0,-5.04
4359.0,-5.03
4360.0,-5.02
4361.0,-5.14
4362.0,-5.02
4363.0,-5.22
4364.0,-5.390000000000001
4365.0,-5.680000000000001
4366.0,-5.12
4367.0,-5.03
4368.0,-5.04
4369.0,-5.05
4370.0,-5.03
4371.0,-5.12
4372.0,-5.25
4373.0,-5.05
4374.0,-5.2
4375.0,-5.4
4376.0,-5.06
4377.0,-5.69
4378.0,-5.720000000000001
4379.0,-5.01
4380.0,-5.02
4381.0,-5.1
4382.0,-5.66
4383.0,-5.03
4384.0,-5.02
4385.0,-5.13
4386.0,-5.03
4387.0,-5.04
4388.0,-5.86
4389.0,-5.09
4390.0,-5.04
4391.0,-5.09
4392.0,-5.19
4393.0,-5.45
4394.0,-5.5600000000000005
4395.0,-5.02
4396.0,-5.25
4397.0,-5.14
4398.0,-5.03
4399.0,-5.06
4400.0,-5.65
4401.0,-5.08
4402.0,-5.06
4403.0,-1.0000000000000007
4404.0,-5.06
4405.0,-5.03
4406.0,-5.05
4407.0,-5.02
4408.0,-5.03
4409.0,-5.03
4410.0,-5.17
4411.0,-5.05
4412.0,-5.32
4413.0,-5.03
4414.0,-5.390000000000001
4415.0,-5.430000000000001
4416.0,-1.0000000000000007
4417.0,-5.03
4418.0,-5.08
4419.0,-5.09
4420.0,-5.5
4421.0,-5.06
4422.0,-5.5
4423.0,-5.3
4424.0,-5.23
4425.0,-5.4
4426.0,-5.1
4427.0,-5.28
4428.0,-5.3100000000000005
4429.0,-5.02
4430.0,-5.06
4431.0,-5.02
4432.0,-5.06
4433.0,-5.3500000000000005
4434.0,-5.03
4435.0,-5.02
4436.0,-5.34
4437.0,-5.12
4438.0,-5.11
4439.0,-5.13
4440.0,-5.07
4441.0,-5.840000000000001
4442.0,-5.28
4443.0,-5.18
4444.0,-5.48
4445.0,-5.16
4446.0,-5.04
4447.0,-5.62
4448.0,-5.03
4449.0,-5.01
4450.0,-5.4
4451.0,-5.880000000000001
4452.0,-5.06
4453.0,-5.03
4454.0,-5.12
4455.0,-5.1
4456.0,-5.01
4457.0,-5.02
4458.0,-5.06
4459.0,-5.14
4460.0,-5.02
4461.0,-5.2
4462.0,-5.01
4463.0,-5.11
4464.0,-5.02
4465.0,-5.44
4466.0,-5.2
4467.0,-5.2
4468.0,-5.6000000000000005
4469.0,-5.48
4470.0,-5.12
4471.0,-5.36
4472.0,-5.430000000000001
4473.0,-5.3500000000000005
4474.0,-5.05
4475.0,-5.5200000000000005
4476.0,-5.06
4477.0,-5.05
4478.0,-5.02
4479.0,-5.65
4480.0,-5.05
4481.0,-5.01
4482.0,-5.07
4483.0,-5.11
4484.0,-5.08
4485.0,-5.840000000000001
4486.0,-5.02
4487.0,-5.01
4488.0,-5.02
4489.0,-5.38
4490.0,-1.0000000000000007
4491.0,-5.09
4492.0,-5.01
4493.0,-5.11
4494.0,-5.01
4495.0,-5.99
4496.0,-5.06
4497.0,-5.07
4498.0,-5.78
4499.0,-5.430000000000001
4500.0,-5.04
4501.0,-5.430000000000001
4502.0,-5.11
4503.0,-5.65
4504.0,-5.13
4505.0,-5.13
4506.0,-5.1
4507.0,-5.04
4508.0,-5.25
4509.0,-5.08
4510.0,-5.16
4511.0,-5.13
4512.0,-5.720000000000001
4513.0,-5.08
4514.0,-5.03
4515.0,-5.04
4516.0,-5.06
4517.0,-5.550000000000001
4518.0,-5.26
4519.0,-5.32
4520.0,-5.37
4521.0,-5.06
4522.0,-5.24
4523.0,-5.04
4524.0,-5.02
4525.0,-5.02
4526.0,-5.12
4527.0,-5.07
4528.0,-5.34
4529.0,-5.03
4530.0,-5.03
4531.0,-5.09
4532.0,-5.12
4533.0,-5.07
4534.0,-5.5200000000000005
4535.0,-5.06
4536.0,-5.07
4537.0,-5.06
4538.0,-5.28
4539.0,-5.07
4540.0,-5.04
4541.0,-5.05
4542.0,-5.51
4543.0,-5.04
4544.0,-5.13
4545.0,-5.05
4546.0,-5.390000000000001
4547.0,-5.720000000000001
4548.0,-5.17
4549.0,-5.1
4550.0,-5.42
4551.0,-5.05
4552.0,-5.3500000000000005
4553.0,-5.16
4554.0,-5.01
4555.0,-5.02
4556.0,-5.54
4557.0,-5.28
4558.0,-5.08
4559.0,-5.23
4560.0,-5.04
4561.0,-5.04
4562.0,-5.45
4563.0,-5.17
4564.0,-5.06
4565.0,-5.38
4566.0,-5.04
4567.0,-5.07
4568.0,-5.15
4569.0,-5.1
4570.0,-5.09
4571.0,-5.01
4572.0,-5.15
4573.0,-5.5
4574.0,-5.54
4575.0,-5.38
4576.0,-5.02
4577.0,-5.630000000000001
4578.0,-5.14
4579.0,-5.13
4580.0,-5.11
4581.0,-5.06
4582.0,-5.44
4583.0,-5.390000000000001
4584.0,-5.03
4585.0,-5.05
4586.0,-5.23
4587.0,-5.05
4588.0,-5.16
4589.0,-5.29
4590.0,-5.05
4591.0,-5.01
4592.0,-1.0000000000000007
4593.0,-5.75
4594.0,-5.48
4595.0,-5.07
4596.0,-5.470000000000001
4597.0,-5.02
4598.0,-5.04
4599.0,-5.09
4600.0,-5.41
4601.0,-1.0000000000000007
4602.0,-5.03
4603.0,-5.19
4604.0,-5.15
4605.0,-5.470000000000001
4606.0,-5.44
4607.0,-5.02
4608.0,-5.45
4609.0,-5.06
4610.0,-5.04
4611.0,-5.02
4612.0,-5.06
4613.0,-5.38
4614.0,-5.07
4615.0,-5.67
4616.0,-5.6000000000000005
4617.0,-5.14
4618.0,-5.2
4619.0,-5.11
4620.0,-5.09
4621.0,-5.9
4622.0,-5.02
4623.0,-5.07
4624.0,-5.17
4625.0,-5.09
4626.0,-5.06
4627.0,-5.01
4628.0,-5.03
4629.0,-5.02
4630.0,-5.14
4631.0,-5.19
4632.0,-5.41
4633.0,-5.01
4634.0,-5.01
4635.0,-5.09
4636.0,-5.06
4637.0,-5.14
4638.0,-5.19
4639.0,-5.13
4640.0,-5.57
4641.0,-5.08
4642.0,-5.01
4643.0,-5.45
4644.0,-5.05
4645.0,-5.05
4646.0,-5.920000000000001
4647.0,-5.53
4648.0,-1.0000000000000007
4649.0,-5.14
4650.0,-5.17
4651.0,-5.25
4652.0,-5.3100000000000005
4653.0,-5.03
4654.0,-5.430000000000001
4655.0,-5.07
4656.0,-5.01
4657.0,-5.2
4658.0,-5.19
4659.0,-5.11
4660.0,-5.12
4661.0,-5.28
4662.0,-5.06
4663.0,-5.16
4664.0,-5.12
4665.0,-5.48
4666.0,-5.26
4667.0,-5.01
4668.0,-5.11
4669.0,-5.42
4670.0,-5.02
4671.0,-5.16
4672.0,-5.5
4673.0,-5.42
4674.0,-5.1
4675.0,-5.08
4676.0,-5.08
4677.0,-5.37
4678.0,-5.02
4679.0,-5.02
4680.0,-5.21
4681.0,-5.12
4682.0,-5.11
4683.0,-1.0000000000000007
4684.0,-5.680000000000001
4685.0,-5.44
4686.0,-5.03
4687.0,-5.19
4688.0,-5.12
4689.0,-5.03
4690.0,-5.03
4691.0,-5.03
4692.0,-5.26
4693.0,-5.13
4694.0,-5.02
4695.0,-5.3100000000000005
4696.0,-5.53
4697.0,-5.3100000000000005
4698.0,-5.42
4699.0,-5.06
4700.0,-5.02
4701.0,-5.37
4702.0,-5.14
4703.0,-5.13
4704.0,-5.13
4705.0,-5.28
4706.0,-5.01
4707.0,-5.54
4708.0,-5.01
4709.0,-5.22
4710.0,-5.51
4711.0,-5.14
4712.0,-5.18
4713.0,-5.22
4714.0,-5.11
4715.0,-5.1
4716.0,-1.0000000000000007
4717.0,-5.06
4718.0,-5.19
4719.0,-5.42
4720.0,-5.08
4721.0,-5.46
4722.0,-5.15
4723.0,-5.02
4724.0,-5.57
4725.0,-5.03
4726.0,-5.19
4727.0,-5.04
4728.0,-5.3500000000000005
4729.0,-5.18
4730.0,-5.22
4731.0,-5.04
4732.0,-5.8500000000000005
4733.0,-5.03
4734.0,-5.59
4735.0,-5.05
4736.0,-5.48
4737.0,-5.03
4738.0,-5.05
4739.0,-5.03
4740.0,-5.04
4741.0,-5.02
4742.0,-5.07
4743.0,-5.48
4744.0,-5.3
4745.0,-5.07
4746.0,-5.75
4747.0,-5.14
4748.0,-5.17
4749.0,-5.12
4750.0,-5.09
4751.0,-5.36
4752.0,-5.13
4753.0,-5.06
4754.0,-5.3500000000000005
4755.0,-5.6000000000000005
4756.0,-5.630000000000001
4757.0,-5.08
4758.0,-5.04
4759.0,-5.02
4760.0,-5.06
4761.0,-5.4
4762.0,-5.28
4763.0,-5.02
4764.0,-5.34
4765.0,-5.75
4766.0,-5.02
4767.0,-1.0000000000000007
4768.0,-5.04
4769.0,-5.02
4770.0,-1.0000000000000007
4771.0,-5.16
4772.0,-5.6000000000000005
4773.0,-5.38
4774.0,-5.3100000000000005
4775.0,-5.15
4776.0,-5.04
4777.0,-5.8100000000000005
4778.0,-5.1
4779.0,-5.11
4780.0,-5.02
4781.0,-5.44
4782.0,-5.19
4783.0,-5.54
4784.0,-5.36
4785.0,-5.26
4786.0,-5.28
4787.0,-5.05
4788.0,-5.02
4789.0,-5.470000000000001
4790.0,-5.01
4791.0,-5.2
4792.0,-5.11
4793.0,-5.65
4794.0,-5.98
4795.0,-5.46
4796.0,-5.04
4797.0,-5.18
4798.0,-5.48
4799.0,-5.03
4800.0,-5.36
4801.0,-5.03
4802.0,-5.04
4803.0,-5.05
4804.0,-5.7
4805.0,-5.37
4806.0,-5.13
4807.0,-5.25
4808.0,-1.0000000000000007
4809.0,-5.01
4810.0,-5.11
4811.0,-5.94
4812.0,-5.01
4813.0,-5.04
4814.0,-5.59
4815.0,-5.02
4816.0,-5.44
4817.0,-5.05
4818.0,-5.11
4819.0,-5.5200000000000005
4820.0,-5.54
4821.0,-5.15
4822.0,-5.13
4823.0,-5.38
4824.0,-5.03
4825.0,-5.02
4826.0,-5.49
4827.0,-5.8500000000000005
4828.0,-5.01
4829.0,-5.14
4830.0,-5.13
4831.0,-5.3
4832.0,-5.840000000000001
4833.0,-5.3500000000000005
4834.0,-1.0000000000000007
4835.0,-5.06
4836.0,-5.06
4837.0,-5.09
4838.0,-5.07
4839.0,-5.12
4840.0,-5.13
4841.0,-5.07
4842.0,-5.2
4843.0,-5.430000000000001
4844.0,-5.3100000000000005
4845.0,-5.06
4846.0,-5.17
4847.0,-5.11
4848.0,-5.34
4849.0,-5.02
4850.0,-5.04
4851.0,-5.44
4852.0,-5.54
4853.0,-5.12
4854.0,-5.36
4855.0,-5.32
4856.0,-5.05
4857.0,-5.12
4858.0,-5.2
4859.0,-5.01
4860.0,-5.4
4861.0,-5.21
4862.0,-5.69
4863.0,-5.14
4864.0,-5.23
4865.0,-5.17
4866.0,-5.1
4867.0,-5.37
4868.0,-5.14
4869.0,-5.04
4870.0,-5.07
4871.0,-5.99
4872.0,-5.02
4873.0,-5.24
4874.0,-5.01
4875.0,-5.04
4876.0,-5.02
4877.0,-5.12
4878.0,-5.08
4879.0,-5.02
4880.0,-5.09
4881.0,-5.430000000000001
4882.0,-5.07
4883.0,-5.08
4884.0,-5.28
4885.0,-5.01
4886.0,-5.03
4887.0,-5.02
4888.0,-5.04
4889.0,-5.02
4890.0,-5.2700000000000005
4891.0,-5.86
4892.0,-5.14
4893.0,-5.02
4894.0,-5.02
4895.0,-5.02
4896.0,-5.18
4897.0,-5.33
4898.0,-5.12
4899.0,-5.05
4900.0,-5.13
4901.0,-5.03
4902.0,-5.5
4903.0,-5.44
4904.0,-5.49
4905.0,-5.08
4906.0,-5.04
4907.0,-5.99
4908.0,-5.390000000000001
4909.0,-5.05
4910.0,-5.3
4911.0,-5.18
4912.0,-5.430000000000001
4913.0,-5.11
4914.0,-5.01
4915.0,-5.5600000000000005
4916.0,-5.16
4917.0,-5.41
4918.0,-5.05
4919.0,-5.02
4920.0,-5.02
4921.0,-5.04
4922.0,-5.3100000000000005
4923.0,-5.04
4924.0,-1.0000000000000007
4925.0,-5.710000000000001
4926.0,-5.15
4927.0,-5.73
4928.0,-5.08
4929.0,-5.07
4930.0,-5.14
4931.0,-5.29
4932.0,-5.05
4933.0,-5.18
4934.0,-5.02
4935.0,-5.18
4936.0,-5.3
4937.0,-5.03
4938.0,-5.12
4939.0,-5.46
4940.0,-5.08
4941.0,-5.5600000000000005
4942.0,-5.01
4943.0,-5.21
4944.0,-5.05
4945.0,-5.75
4946.0,-5.06
4947.0,-5.25
4948.0,-5.03
4949.0,-5.19
4950.0,-5.86
4951.0,-5.5600000000000005
4952.0,-5.02
4953.0,-5.01
4954.0,-5.37
4955.0,-5.75
4956.0,-5.01
4957.0,-5.12
4958.0,-5.470000000000001
4959.0,-5.11
4960.0,-5.04
4961.0,-5.3100000000000005
4962.0,-5.14
4963.0,-1.0000000000000007
4964.0,-5.98
4965.0,-5.37
4966.0,-5.14
4967.0,-5.13
4968.0,-5.01
4969.0,-5.14
4970.0,-5.28
4971.0,-5.02
4972.0,-5.03
4973.0,-5.13
4974.0,-5.05
4975.0,-5.15
4976.0,-5.42
4977.0,-5.06
4978.0,-5.21
4979.0,-5.2700000000000005
4980.0,-5.08
4981.0,-5.02
4982.0,-5.15
4983.0,-5.2
4984.0,-5.680000000000001
4985.0,-5.05
4986.0,-5.41
4987.0,-5.48
4988.0,-5.11
4989.0,-5.01
4990.0,-5.05
4991.0,-5.01
4992.0,-5.870000000000001
4993.0,-5.06
4994.0,-5.16
4995.0,-5.19
4996.0,-5.05
4997.0,-5.02
4998.0,-5.12
4999.0,-5.02
5000.0,-5.09
5001.0,-5.02
5002.0,-5.03
5003.0,-5.23
5004.0,-5.17
5005.0,-5.28
5006.0,-5.01
5007.0,-5.03
5008.0,-5.920000000000001
5009.0,-5.58
5010.0,-5.62
5011.0,-5.02
5012.0,-5.24
5013.0,-5.75
5014.0,-5.04
5015.0,-5.01
5016.0,-5.04
5017.0,-5.2
5018.0,-5.03
5019.0,-5.62
5020.0,-5.11
5021.0,-5.07
5022.0,-5.15
5023.0,-5.24
5024.0,-5.11
5025.0,-5.17
5026.0,-5.01
5027.0,-5.5600000000000005
5028.0,-5.04
5029.0,-5.36
5030.0,-5.04
5031.0,-5.3100000000000005
5032.0,-5.49
5033.0,-5.01
5034.0,-5.57
5035.0,-5.02
5036.0,-5.99
5037.0,-5.38
5038.0,-5.14
5039.0,-5.13
5040.0,-5.01
5041.0,-5.13
5042.0,-5.54
5043.0,-5.02
5044.0,-5.09
5045.0,-5.22
5046.0,-5.07
5047.0,-5.05
5048.0,-5.05
5049.0,-5.04
5050.0,-5.46
5051.0,-5.13
5052.0,-5.02
5053.0,-5.07
5054.0,-5.12
5055.0,-5.25
5056.0,-5.53
5057.0,-1.0000000000000007
5058.0,-5.02
5059.0,-5.07
5060.0,-5.38
5061.0,-5.07
5062.0,-5.05
5063.0,-5.78
5064.0,-5.17
5065.0,-5.03
5066.0,-5.5600000000000005
5067.0,-5.03
5068.0,-5.05
5069.0,-5.07
5070.0,-5.01
5071.0,-5.34
5072.0,-5.9
5073.0,-5.53
5074.0,-5.640000000000001
5075.0,-5.08
5076.0,-5.04
5077.0,-5.14
5078.0,-5.1
5079.0,-1.0000000000000007
5080.0,-5.06
5081.0,-5.24
5082.0,-5.02
5083.0,-5.11
5084.0,-5.44
5085.0,-5.920000000000001
5086.0,-5.32
5087.0,-5.550000000000001
5088.0,-5.1
5089.0,-5.26
5090.0,-5.07
5091.0,-5.41
5092.0,-5.890000000000001
5093.0,-5.34
5094.0,-5.12
5095.0,-5.03
5096.0,-5.5200000000000005
5097.0,-5.7700000000000005
5098.0,-5.04
5099.0,-5.09
5100.0,-5.09
5101.0,-5.24
5102.0,-5.06
5103.0,-5.06
5104.0,-5.07
5105.0,-1.0000000000000007
5106.0,-5.18
5107.0,-5.32
5108.0,-5.42
5109.0,-5.7700000000000005
5110.0,-5.65
5111.0,-5.18
5112.0,-5.3500000000000005
5113.0,-5.1
5114.0,-5.11
5115.0,-5.3500000000000005
5116.0,-5.02
5117.0,-5.25
5118.0,-5.08
5119.0,-5.11
5120.0,-5.07
5121.0,-5.04
5122.0,-5.23
5123.0,-5.65
5124.0,-5.2700000000000005
5125.0,-5.24
5126.0,-5.06
5127.0,-5.04
5128.0,-5.19
5129.0,-5.08
5130.0,-5.05
5131.0,-5.03
5132.0,-5.41
5133.0,-1.0000000000000007
5134.0,-5.09
5135.0,-5.94
5136.0,-5.36
5137.0,-5.2700000000000005
5138.0,-5.37
5139.0,-5.18
5140.0,-5.09
5141.0,-5.05
5142.0,-5.1
5143.0,-5.01
5144.0,-5.09
5145.0,-5.06
5146.0,-5.390000000000001
5147.0,-5.03
5148.0,-5.34
5149.0,-5.06
5150.0,-5.08
5151.0,-5.02
5152.0,-5.02
5153.0,-5.790000000000001
5154.0,-5.24
5155.0,-5.470000000000001
5156.0,-5.390000000000001
5157.0,-5.12
5158.0,-5.950000000000001
5159.0,-5.760000000000001
5160.0,-5.54
5161.0,-5.12
5162.0,-5.24
5163.0,-5.3100000000000005
5164.0,-5.03
5165.0,-5.24
5166.0,-5.08
5167.0,-5.04
5168.0,-5.73
5169.0,-5.5
5170.0,-5.04
5171.0,-5.05
5172.0,-5.04
5173.0,-5.15
5174.0,-5.03
5175.0,-5.57
5176.0,-1.0000000000000007
5177.0,-5.42
5178.0,-5.05
5179.0,-5.2700000000000005
5180.0,-5.29
5181.0,-5.41
5182.0,-5.5200000000000005
5183.0,-5.06
5184.0,-5.08
5185.0,-5.2700000000000005
5186.0,-5.13
5187.0,-5.08
5188.0,-5.01
5189.0,-5.2700000000000005
5190.0,-5.7700000000000005
5191.0,-5.3100000000000005
5192.0,-5.2700000000000005
5193.0,-5.29
5194.0,-5.02
5195.0,-5.65
5196.0,-5.12
5197.0,-5.02
5198.0,-5.25
5199.0,-5.06
5200.0,-5.37
5201.0,-5.94
5202.0,-5.41
5203.0,-5.02
5204.0,-5.13
5205.0,-5.05
5206.0,-5.28
5207.0,-5.1
5208.0,-5.14
5209.0,-5.02
5210.0,-5.38
5211.0,-5.05
5212.0,-5.07
5213.0,-5.03
5214.0,-5.02
5215.0,-5.1
5216.0,-5.08
5217.0,-5.02
5218.0,-5.03
5219.0,-5.800000000000001
5220.0,-5.46
5221.0,-5.32
5222.0,-5.38
5223.0,-5.19
5224.0,-5.640000000000001
5225.0,-5.04
5226.0,-5.23
5227.0,-5.08
5228.0,-5.01
5229.0,-5.38
5230.0,-5.08
5231.0,-5.37
5232.0,-5.06
5233.0,-5.12
5234.0,-5.09
5235.0,-5.07
5236.0,-5.05
5237.0,-5.26
5238.0,-5.54
5239.0,-5.03
5240.0,-5.38
5241.0,-5.02
5242.0,-5.99
5243.0,-5.04
5244.0,-5.02
5245.0,-5.17
5246.0,-5.49
5247.0,-5.08
5248.0,-5.710000000000001
5249.0,-5.12
5250.0,-5.66
5251.0,-5.03
5252.0,-5.2
5253.0,-5.09
5254.0,-5.17
5255.0,-5.29
5256.0,-5.45
5257.0,-5.5200000000000005
5258.0,-5.29
5259.0,-5.02
5260.0,-5.08
5261.0,-5.07
5262.0,-5.19
5263.0,-5.29
5264.0,-5.65
5265.0,-5.15
5266.0,-5.390000000000001
5267.0,-5.03
5268.0,-5.12
5269.0,-5.02
5270.0,-5.390000000000001
5271.0,-5.840000000000001
5272.0,-5.37
5273.0,-5.59
5274.0,-5.48
5275.0,-5.09
5276.0,-5.5600000000000005
5277.0,-5.550000000000001
5278.0,-5.08
5279.0,-5.05
5280.0,-5.17
5281.0,-5.28
5282.0,-5.19
5283.0,-5.09
5284.0,-5.2
5285.0,-5.4
5286.0,-5.42
5287.0,-5.11
5288.0,-5.4
5289.0,-5.08
5290.0,-5.2
5291.0,-5.48
5292.0,-5.22
5293.0,-5.01
5294.0,-5.13
5295.0,-5.550000000000001
5296.0,-5.59
5297.0,-5.13
5298.0,-1.0000000000000007
5299.0,-5.34
5300.0,-5.41
5301.0,-5.470000000000001
5302.0,-5.13
5303.0,-5.02
5304.0,-5.7
5305.0,-5.02
5306.0,-5.6000000000000005
5307.0,-5.1
5308.0,-5.12
5309.0,-5.44
5310.0,-5.12
5311.0,-5.01
5312.0,-5.04
5313.0,-5.02
5314.0,-5.4
5315.0,-5.66
5316.0,-5.390000000000001
5317.0,-5.45
5318.0,-1.0000000000000007
5319.0,-5.28
5320.0,-5.11
5321.0,-5.48
5322.0,-5.07
5323.0,-5.13
5324.0,-5.03
5325.0,-5.02
5326.0,-5.02
5327.0,-5.04
5328.0,-5.28
5329.0,-1.0000000000000007
5330.0,-5.2
5331.0,-5.3
5332.0,-5.24
5333.0,-5.05
5334.0,-5.470000000000001
5335.0,-5.3500000000000005
5336.0,-5.45
5337.0,-5.02
5338.0,-5.05
5339.0,-5.23
5340.0,-5.66
5341.0,-5.32
5342.0,-5.34
5343.0,-5.13
5344.0,-5.04
5345.0,-5.21
5346.0,-5.3100000000000005
5347.0,-5.05
5348.0,-1.0000000000000007
5349.0,-1.0000000000000007
5350.0,-5.3
5351.0,-5.2
5352.0,-5.2
5353.0,-5.09
5354.0,-5.48
5355.0,-5.1
5356.0,-5.01
5357.0,-5.17
5358.0,-5.29
5359.0,-5.29
5360.0,-5.03
5361.0,-5.45
5362.0,-5.03
5363.0,-5.26
5364.0,-5.13
5365.0,-5.11
5366.0,-5.07
5367.0,-5.13
5368.0,-5.2
5369.0,-5.02
5370.0,-5.24
5371.0,-5.470000000000001
5372.0,-5.09
5373.0,-5.48
5374.0,-5.4
5375.0,-5.51
5376.0,-5.02
5377.0,-5.09
5378.0,-5.45
5379.0,-5.04
5380.0,-5.04
5381.0,-5.06
5382.0,-5.02
5383.0,-5.950000000000001
5384.0,-5.4
5385.0,-5.04
5386.0,-5.430000000000001
5387.0,-5.01
5388.0,-5.19
5389.0,-5.14
5390.0,-5.04
5391.0,-5.06
5392.0,-5.3100000000000005
5393.0,-5.32
5394.0,-5.09
5395.0,-5.09
5396.0,-5.1
5397.0,-5.25
5398.0,-5.1
5399.0,-5.38
5400.0,-5.16
5401.0,-5.13
5402.0,-5.5200000000000005
5403.0,-5.02
5404.0,-5.46
5405.0,-5.24
5406.0,-5.3
5407.0,-5.28
5408.0,-5.2700000000000005
5409.0,-5.04
5410.0,-5.06
5411.0,-5.33
5412.0,-5.1
5413.0,-5.1
5414.0,-5.5200000000000005
5415.0,-5.06
5416.0,-5.550000000000001
5417.0,-1.0000000000000007
5418.0,-5.720000000000001
5419.0,-5.07
5420.0,-5.58
5421.0,-5.02
5422.0,-5.06
5423.0,-5.02
5424.0,-5.06
5425.0,-5.01
5426.0,-5.16
5427.0,-5.14
5428.0,-5.18
5429.0,-5.06
5430.0,-5.24
5431.0,-5.46
5432.0,-5.46
5433.0,-5.1
5434.0,-5.02
5435.0,-5.62
5436.0,-5.12
5437.0,-5.73
5438.0,-5.16
5439.0,-5.41
5440.0,-5.11
5441.0,-5.03
5442.0,-5.02
5443.0,-5.01
5444.0,-5.16
5445.0,-5.03
5446.0,-5.17
5447.0,-5.04
5448.0,-1.0000000000000007
5449.0,-5.02
5450.0,-5.02
5451.0,-5.02
5452.0,-5.2700000000000005
5453.0,-5.18
5454.0,-5.3
5455.0,-5.8500000000000005
5456.0,-5.8500000000000005
5457.0,-5.03
5458.0,-5.05
5459.0,-5.04
5460.0,-5.390000000000001
5461.0,-5.07
5462.0,-5.08
5463.0,-5.840000000000001
5464.0,-5.02
5465.0,-5.04
5466.0,-5.13
5467.0,-5.05
5468.0,-5.01
5469.0,-5.61
5470.0,-5.15
5471.0,-5.06
5472.0,-5.14
5473.0,-5.06
5474.0,-5.06
5475.0,-5.14
5476.0,-5.390000000000001
5477.0,-5.26
5478.0,-5.26
5479.0,-5.12
5480.0,-5.45
5481.0,-5.6000000000000005
5482.0,-5.45
5483.0,-5.07
5484.0,-5.03
5485.0,-5.01
5486.0,-5.38
5487.0,-5.430000000000001
5488.0,-5.41
5489.0,-5.36
5490.0,-5.25
5491.0,-5.24
5492.0,-5.06
5493.0,-5.05
5494.0,-5.08
5495.0,-5.02
5496.0,-5.22
5497.0,-5.29
5498.0,-5.3500000000000005
5499.0,-5.05
5500.0,-5.38
5501.0,-5.14
5502.0,-5.08
5503.0,-5.44
5504.0,-5.03
5505.0,-5.05
5506.0,-5.01
5507.0,-5.41
5508.0,-5.01
5509.0,-5.22
5510.0,-5.42
5511.0,-5.36
5512.0,-5.54
5513.0,-5.51
5514.0,-5.23
5515.0,-5.33
5516.0,-5.390000000000001
5517.0,-5.07
5518.0,-5.3500000000000005
5519.0,-5.16
5520.0,-5.04
5521.0,-5.04
5522.0,-5.04
5523.0,-5.6000000000000005
5524.0,-5.05
5525.0,-5.14
5526.0,-5.06
5527.0,-5.08
5528.0,-5.08
5529.0,-5.05
5530.0,-5.08
5531.0,-5.01
5532.0,-5.07
5533.0,-5.3
5534.0,-5.01
5535.0,-5.06
5536.0,-5.01
5537.0,-5.33
5538.0,-5.16
5539.0,-5.3100000000000005
5540.0,-5.42
5541.0,-5.26
5542.0,-5.04
5543.0,-5.640000000000001
5544.0,-5.09
5545.0,-5.1
5546.0,-5.59
5547.0,-5.49
5548.0,-5.01
5549.0,-5.49
5550.0,-5.13
5551.0,-5.02
5552.0,-5.470000000000001
5553.0,-5.5200000000000005
5554.0,-5.45
5555.0,-5.6000000000000005
5556.0,-5.02
5557.0,-5.21
5558.0,-5.15
5559.0,-5.05
5560.0,-5.08
5561.0,-5.12
5562.0,-5.5
5563.0,-5.69
5564.0,-5.3100000000000005
5565.0,-5.02
5566.0,-5.18
5567.0,-5.2700000000000005
5568.0,-5.73
5569.0,-5.09
5570.0,-5.15
5571.0,-5.1
5572.0,-5.34
5573.0,-5.54
5574.0,-5.25
5575.0,-5.03
5576.0,-5.57
5577.0,-5.430000000000001
5578.0,-5.2700000000000005
5579.0,-5.09
5580.0,-5.02
5581.0,-5.03
5582.0,-5.07
5583.0,-5.21
5584.0,-5.12
5585.0,-5.12
5586.0,-5.07
5587.0,-5.33
5588.0,-5.48
5589.0,-5.25
5590.0,-5.430000000000001
5591.0,-5.38
5592.0,-1.0000000000000007
5593.0,-5.04
5594.0,-5.44
5595.0,-5.04
5596.0,-1.0000000000000007
5597.0,-5.13
5598.0,-5.36
5599.0,-5.24
5600.0,-5.11
5601.0,-5.1
5602.0,-5.1
5603.0,-5.23
5604.0,-5.1
5605.0,-5.14
5606.0,-5.04
5607.0,-5.02
5608.0,-5.02
5609.0,-5.02
5610.0,-5.4
5611.0,-5.07
5612.0,-5.28
5613.0,-5.07
5614.0,-5.02
5615.0,-5.42
5616.0,-5.06
5617.0,-5.710000000000001
5618.0,-5.430000000000001
5619.0,-5.05
5620.0,-5.550000000000001
5621.0,-5.01
5622.0,-5.46
5623.0,-5.32
5624.0,-5.25
5625.0,-5.470000000000001
5626.0,-5.03
5627.0,-5.91
5628.0,-5.03
5629.0,-5.06
5630.0,-5.22
5631.0,-5.37
5632.0,-5.16
5633.0,-5.26
5634.0,-5.29
5635.0,-5.04
5636.0,-5.08
5637.0,-5.02
5638.0,-5.17
5639.0,-5.06
5640.0,-5.23
5641.0,-5.720000000000001
5642.0,-5.06
5643.0,-5.06
5644.0,-5.630000000000001
5645.0,-5.710000000000001
5646.0,-5.12
5647.0,-5.470000000000001
5648.0,-5.36
5649.0,-5.45
5650.0,-5.12
5651.0,-5.83
5652.0,-5.28
5653.0,-5.46
5654.0,-5.01
5655.0,-5.05
5656.0,-5.23
5657.0,-5.02
5658.0,-5.08
5659.0,-5.51
5660.0,-5.390000000000001
5661.0,-5.1
5662.0,-5.390000000000001
5663.0,-5.11
5664.0,-5.13
5665.0,-5.01
5666.0,-5.33
5667.0,-5.41
5668.0,-5.19
5669.0,-5.3100000000000005
5670.0,-5.02
5671.0,-5.38
5672.0,-5.67
5673.0,-5.08
5674.0,-5.33
5675.0,-1.0000000000000007
5676.0,-5.03
5677.0,-5.05
5678.0,-5.840000000000001
5679.0,-5.02
5680.0,-5.13
5681.0,-5.03
5682.0,-5.09
5683.0,-5.1
5684.0,-5.02
5685.0,-5.01
5686.0,-5.04
5687.0,-5.13
5688.0,-5.2700000000000005
5689.0,-5.5600000000000005
5690.0,-5.98
5691.0,-5.02
5692.0,-5.04
5693.0,-5.42
5694.0,-5.01
5695.0,-5.05
5696.0,-5.17
5697.0,-5.9
5698.0,-5.1
5699.0,-5.32
5700.0,-5.07
5701.0,-5.09
5702.0,-5.04
5703.0,-5.03
5704.0,-5.09
5705.0,-5.45
5706.0,-5.66
5707.0,-5.26
5708.0,-5.12
5709.0,-5.29
5710.0,-5.66
5711.0,-5.37
5712.0,-5.01
5713.0,-5.04
5714.0,-5.22
5715.0,-5.24
5716.0,-5.11
5717.0,-5.25
5718.0,-5.3500000000000005
5719.0,-5.04
5720.0,-5.03
5721.0,-5.18
5722.0,-5.21
5723.0,-5.3100000000000005
5724.0,-5.11
5725.0,-5.07
5726.0,-5.04
5727.0,-5.16
5728.0,-5.22
5729.0,-5.05
5730.0,-5.02
5731.0,-5.28
5732.0,-5.02
5733.0,-5.16
5734.0,-5.09
5735.0,-5.790000000000001
5736.0,-5.25
5737.0,-5.21
5738.0,-5.04
5739.0,-5.09
5740.0,-5.11
5741.0,-5.02
5742.0,-5.11
5743.0,-5.19
5744.0,-5.29
5745.0,-5.25
5746.0,-5.03
5747.0,-5.12
5748.0,-5.01
5749.0,-5.06
5750.0,-5.38
5751.0,-5.38
5752.0,-5.54
5753.0,-5.53
5754.0,-5.2
5755.0,-5.04
5756.0,-5.14
5757.0,-5.38
5758.0,-5.02
5759.0,-5.51
5760.0,-5.06
5761.0,-5.1
5762.0,-5.33
5763.0,-5.51
5764.0,-5.2
5765.0,-5.42
5766.0,-5.65
5767.0,-5.24
5768.0,-5.06
5769.0,-5.1
5770.0,-5.41
5771.0,-5.25
5772.0,-5.04
5773.0,-5.06
5774.0,-5.02
5775.0,-5.46
5776.0,-5.430000000000001
5777.0,-5.25
5778.0,-5.41
5779.0,-5.05
5780.0,-5.04
5781.0,-5.1
5782.0,-5.15
5783.0,-5.3
5784.0,-5.840000000000001
5785.0,-5.1
5786.0,-5.01
5787.0,-5.02
5788.0,-5.03
5789.0,-5.05
5790.0,-5.02
5791.0,-5.1
5792.0,-5.01
5793.0,-5.18
5794.0,-5.02
5795.0,-5.04
5796.0,-5.49
5797.0,-5.53
5798.0,-5.58
5799.0,-5.37
5800.0,-5.46
5801.0,-5.54
5802.0,-5.75
5803.0,-5.9
5804.0,-5.5200000000000005
5805.0,-5.02
5806.0,-5.19
5807.0,-5.15
5808.0,-5.05
5809.0,-5.58
5810.0,-5.19
5811.0,-5.02
5812.0,-5.03
5813.0,-5.390000000000001
5814.0,-5.02
5815.0,-5.390000000000001
5816.0,-5.57
5817.0,-5.02
5818.0,-5.41
5819.0,-5.24
5820.0,-5.48
5821.0,-5.08
5822.0,-5.33
5823.0,-5.15
5824.0,-5.48
5825.0,-5.17
5826.0,-5.16
5827.0,-5.06
5828.0,-5.36
5829.0,-5.14
5830.0,-5.66
5831.0,-5.03
5832.0,-5.18
5833.0,-5.2700000000000005
5834.0,-5.09
5835.0,-5.13
5836.0,-5.24
5837.0,-5.12
5838.0,-5.69
5839.0,-5.11
5840.0,-5.550000000000001
5841.0,-5.15
5842.0,-5.04
5843.0,-5.02
5844.0,-5.05
5845.0,-5.05
5846.0,-5.26
5847.0,-5.15
5848.0,-5.18
5849.0,-5.760000000000001
5850.0,-5.49
5851.0,-5.06
5852.0,-5.26
5853.0,-5.42
5854.0,-5.59
5855.0,-5.02
5856.0,-5.5600000000000005
5857.0,-5.17
5858.0,-5.32
5859.0,-5.44
5860.0,-5.02
5861.0,-5.26
5862.0,-5.06
5863.0,-5.04
5864.0,-5.37
5865.0,-5.26
5866.0,-5.09
5867.0,-5.390000000000001
5868.0,-5.800000000000001
5869.0,-5.02
5870.0,-5.680000000000001
5871.0,-5.33
5872.0,-5.25
5873.0,-5.2700000000000005
5874.0,-5.01
5875.0,-5.02
5876.0,-5.17
5877.0,-5.04
5878.0,-5.17
5879.0,-5.430000000000001
5880.0,-5.02
5881.0,-5.33
5882.0,-5.25
5883.0,-5.23
5884.0,-5.21
5885.0,-5.1
5886.0,-5.28
5887.0,-5.04
5888.0,-5.19
5889.0,-5.02
5890.0,-5.01
5891.0,-5.930000000000001
5892.0,-5.14
5893.0,-5.05
5894.0,-5.5200000000000005
5895.0,-5.08
5896.0,-5.02
5897.0,-5.14
5898.0,-5.15
5899.0,-5.15
5900.0,-5.25
5901.0,-5.41
5902.0,-5.05
5903.0,-5.21
5904.0,-5.550000000000001
5905.0,-5.51
5906.0,-5.23
5907.0,-5.05
5908.0,-5.03
5909.0,-5.3
5910.0,-5.45
5911.0,-5.02
5912.0,-5.3100000000000005
5913.0,-5.21
5914.0,-5.1
5915.0,-5.24
5916.0,-5.61
5917.0,-5.5200000000000005
5918.0,-5.5
5919.0,-5.54
5920.0,-5.02
5921.0,-5.08
5922.0,-5.11
5923.0,-5.11
5924.0,-5.18
5925.0,-5.5
5926.0,-5.06
5927.0,-5.57
5928.0,-5.09
5929.0,-5.4
5930.0,-5.02
5931.0,-5.51
5932.0,-5.3500000000000005
5933.0,-5.05
5934.0,-5.04
5935.0,-5.22
5936.0,-5.33
5937.0,-5.24
5938.0,-5.49
5939.0,-5.26
5940.0,-5.4
5941.0,-5.36
5942.0,-5.5600000000000005
5943.0,-5.74
5944.0,-5.05
5945.0,-5.08
5946.0,-5.640000000000001
5947.0,-5.1
5948.0,-5.29
5949.0,-5.07
5950.0,-5.01
5951.0,-5.04
5952.0,-5.7700000000000005
5953.0,-5.12
5954.0,-5.03
5955.0,-5.3100000000000005
5956.0,-5.1
5957.0,-5.42
5958.0,-5.14
5959.0,-5.08
5960.0,-5.7700000000000005
5961.0,-5.8100000000000005
5962.0,-5.1
5963.0,-5.25
5964.0,-5.06
5965.0,-5.390000000000001
5966.0,-5.19
5967.0,-5.14
5968.0,-5.04
5969.0,-5.3100000000000005
5970.0,-5.62
5971.0,-5.04
5972.0,-5.03
5973.0,-5.3100000000000005
5974.0,-5.17
5975.0,-5.07
5976.0,-5.11
5977.0,-5.62
5978.0,-5.470000000000001
5979.0,-5.07
5980.0,-5.1
5981.0,-5.26
5982.0,-5.11
5983.0,-5.33
5984.0,-5.01
5985.0,-5.1
5986.0,-5.16
5987.0,-5.42
5988.0,-5.3100000000000005
5989.0,-5.930000000000001
5990.0,-5.18
5991.0,-5.3100000000000005
5992.0,-5.01
5993.0,-5.07
5994.0,-5.05
5995.0,-5.06
5996.0,-1.0000000000000007
5997.0,-5.02
5998.0,-5.06
5999.0,-5.5200000000000005
6000.0,-5.45
6001.0,-5.09
6002.0,-5.640000000000001
6003.0,-5.33
6004.0,-5.05
6005.0,-5.62
6006.0,-5.06
6007.0,-5.14
6008.0,-5.02
6009.0,-5.06
6010.0,-5.17
6011.0,-5.44
6012.0,-5.28
6013.0,-5.04
6014.0,-5.25
6015.0,-5.09
6016.0,-5.09
6017.0,-5.22
6018.0,-5.01
6019.0,-5.1
6020.0,-5.4
6021.0,-5.48
6022.0,-5.03
6023.0,-5.29
6024.0,-5.02
6025.0,-5.3100000000000005
6026.0,-5.04
6027.0,-5.08
6028.0,-5.3100000000000005
6029.0,-5.01
6030.0,-5.06
6031.0,-5.06
6032.0,-5.65
6033.0,-5.24
6034.0,-5.06
6035.0,-5.01
6036.0,-5.05
6037.0,-5.2
6038.0,-5.07
6039.0,-5.13
6040.0,-5.01
6041.0,-5.04
6042.0,-5.14
6043.0,-5.14
6044.0,-5.01
6045.0,-5.58
6046.0,-5.16
6047.0,-5.32
6048.0,-5.02
6049.0,-5.04
6050.0,-5.03
6051.0,-5.23
6052.0,-5.05
6053.0,-5.470000000000001
6054.0,-5.3500000000000005
6055.0,-5.61
6056.0,-5.51
6057.0,-5.29
6058.0,-5.34
6059.0,-5.16
6060.0,-5.11
6061.0,-5.23
6062.0,-5.08
6063.0,-5.61
6064.0,-5.2
6065.0,-5.430000000000001
6066.0,-5.03
6067.0,-5.680000000000001
6068.0,-5.13
6069.0,-5.11
6070.0,-5.04
6071.0,-5.21
6072.0,-5.07
6073.0,-5.03
6074.0,-1.0000000000000007
6075.0,-5.33
6076.0,-5.13
6077.0,-5.26
6078.0,-5.06
6079.0,-5.05
6080.0,-5.15
6081.0,-5.05
6082.0,-5.06
6083.0,-5.07
6084.0,-5.15
6085.0,-5.49
6086.0,-5.12
6087.0,-5.24
6088.0,-5.1
6089.0,-5.17
6090.0,-5.07
6091.0,-5.06
6092.0,-5.02
6093.0,-5.03
6094.0,-5.02
6095.0,-5.05
6096.0,-5.25
6097.0,-5.12
6098.0,-5.02
6099.0,-5.2700000000000005
6100.0,-5.41
6101.0,-5.23
6102.0,-5.02
6103.0,-5.36
6104.0,-5.8100000000000005
6105.0,-5.28
6106.0,-5.01
6107.0,-5.46
6108.0,-5.24
6109.0,-5.3
6110.0,-5.02
6111.0,-5.11
6112.0,-5.66
6113.0,-5.3100000000000005
6114.0,-5.14
6115.0,-5.54
6116.0,-5.17
6117.0,-5.06
6118.0,-5.53
6119.0,-5.03
6120.0,-5.2
6121.0,-5.24
6122.0,-5.2
6123.0,-5.57
6124.0,-5.390000000000001
6125.0,-5.04
6126.0,-1.0000000000000007
6127.0,-5.01
6128.0,-5.65
6129.0,-5.01
6130.0,-5.08
6131.0,-5.03
6132.0,-5.23
6133.0,-5.09
6134.0,-5.18
6135.0,-5.06
6136.0,-5.19
6137.0,-5.57
6138.0,-5.1
6139.0,-5.11
6140.0,-5.1
6141.0,-5.46
6142.0,-5.09
6143.0,-5.3
6144.0,-5.06
6145.0,-5.53
6146.0,-5.5600000000000005
6147.0,-5.16
6148.0,-5.5
6149.0,-5.03
6150.0,-5.23
6151.0,-5.02
6152.0,-5.09
6153.0,-5.06
6154.0,-5.04
6155.0,-5.07
6156.0,-5.04
6157.0,-5.21
6158.0,-5.4
6159.0,-5.19
6160.0,-5.02
6161.0,-5.09
6162.0,-5.13
6163.0,-5.2700000000000005
6164.0,-5.23
6165.0,-1.0000000000000007
6166.0,-5.5600000000000005
6167.0,-5.03
6168.0,-5.16
6169.0,-5.430000000000001
6170.0,-5.02
6171.0,-5.2
6172.0,-5.04
6173.0,-5.02
6174.0,-5.03
6175.0,-5.48
6176.0,-5.02
6177.0,-5.23
6178.0,-5.04
6179.0,-5.11
6180.0,-5.62
6181.0,-5.21
6182.0,-5.09
6183.0,-5.13
6184.0,-5.01
6185.0,-5.04
6186.0,-5.08
6187.0,-5.34
6188.0,-5.11
6189.0,-5.9
6190.0,-5.26
6191.0,-5.04
6192.0,-5.01
6193.0,-5.12
6194.0,-5.45
6195.0,-5.3500000000000005
6196.0,-5.390000000000001
6197.0,-5.07
6198.0,-5.04
6199.0,-5.470000000000001
6200.0,-5.38
6201.0,-5.13
6202.0,-5.640000000000001
6203.0,-5.12
6204.0,-5.41
6205.0,-5.04
6206.0,-5.38
6207.0,-5.03
6208.0,-5.42
6209.0,-5.53
6210.0,-5.2
6211.0,-5.28
6212.0,-5.25
6213.0,-5.09
6214.0,-5.12
6215.0,-5.28
6216.0,-5.05
6217.0,-5.06
6218.0,-5.2
6219.0,-5.15
6220.0,-5.44
6221.0,-5.19
6222.0,-5.06
6223.0,-5.14
6224.0,-5.15
6225.0,-5.15
6226.0,-5.5
6227.0,-5.42
6228.0,-5.33
6229.0,-5.36
6230.0,-5.05
6231.0,-5.24
6232.0,-5.04
6233.0,-5.890000000000001
6234.0,-5.02
6235.0,-1.0000000000000007
6236.0,-5.01
6237.0,-5.840000000000001
6238.0,-5.26
6239.0,-5.2700000000000005
6240.0,-5.29
6241.0,-5.2700000000000005
6242.0,-5.03
6243.0,-5.02
6244.0,-5.05
6245.0,-5.91
6246.0,-5.01
6247.0,-5.02
6248.0,-5.23
6249.0,-5.86
6250.0,-5.760000000000001
6251.0,-5.01
6252.0,-5.26
6253.0,-5.01
6254.0,-5.06
6255.0,-5.14
6256.0,-5.03
6257.0,-5.45
6258.0,-5.08
6259.0,-5.14
6260.0,-5.62
6261.0,-5.02
6262.0,-5.01
6263.0,-5.06
6264.0,-5.24
6265.0,-5.07
6266.0,-5.03
6267.0,-5.02
6268.0,-5.04
6269.0,-5.65
6270.0,-5.4
6271.0,-5.05
6272.0,-5.02
6273.0,-5.17
6274.0,-5.17
6275.0,-5.16
6276.0,-5.36
6277.0,-5.04
6278.0,-5.11
6279.0,-5.1
6280.0,-5.49
6281.0,-5.24
6282.0,-5.37
6283.0,-5.08
6284.0,-5.74
6285.0,-5.07
6286.0,-5.11
6287.0,-5.3
6288.0,-5.02
6289.0,-5.73
6290.0,-5.06
6291.0,-5.42
6292.0,-5.26
6293.0,-5.2700000000000005
6294.0,-5.5600000000000005
6295.0,-5.57
6296.0,-5.09
6297.0,-5.390000000000001
6298.0,-5.08
6299.0,-5.04
6300.0,-5.45
6301.0,-5.34
6302.0,-5.09
6303.0,-5.01
6304.0,-5.13
6305.0,-5.01
6306.0,-5.24
6307.0,-5.01
6308.0,-5.02
6309.0,-5.07
6310.0,-5.06
6311.0,-5.78
6312.0,-5.03
6313.0,-5.01
6314.0,-5.05
6315.0,-5.02
6316.0,-5.28
6317.0,-5.1
6318.0,-5.14
6319.0,-5.25
6320.0,-5.630000000000001
6321.0,-5.790000000000001
6322.0,-5.1
6323.0,-5.03
6324.0,-5.02
6325.0,-5.09
6326.0,-5.11
6327.0,-5.04
6328.0,-5.12
6329.0,-5.08
6330.0,-5.02
6331.0,-5.03
6332.0,-5.32
6333.0,-5.23
6334.0,-5.11
6335.0,-5.32
6336.0,-5.05
6337.0,-5.13
6338.0,-5.1
6339.0,-5.42
6340.0,-5.25
6341.0,-5.04
6342.0,-5.13
6343.0,-5.02
6344.0,-5.48
6345.0,-5.29
6346.0,-5.2
6347.0,-5.48
6348.0,-5.04
6349.0,-5.02
6350.0,-5.01
6351.0,-5.45
6352.0,-5.05
6353.0,-5.48
6354.0,-5.07
6355.0,-5.09
6356.0,-5.09
6357.0,-5.45
6358.0,-5.04
6359.0,-5.1
6360.0,-5.34
6361.0,-5.02
6362.0,-5.4
6363.0,-5.45
6364.0,-5.2
6365.0,-5.3500000000000005
6366.0,-5.04
6367.0,-5.83
6368.0,-5.33
6369.0,-5.06
6370.0,-5.46
6371.0,-5.24
6372.0,-5.42
6373.0,-5.02
6374.0,-5.02
6375.0,-5.01
6376.0,-5.15
6377.0,-5.54
6378.0,-5.710000000000001
6379.0,-5.26
6380.0,-5.1
6381.0,-5.03
6382.0,-5.2
6383.0,-5.05
6384.0,-5.16
6385.0,-5.07
6386.0,-5.28
6387.0,-5.08
6388.0,-5.15
6389.0,-5.03
6390.0,-5.58
6391.0,-5.13
6392.0,-5.38
6393.0,-5.06
6394.0,-5.7700000000000005
6395.0,-5.02
6396.0,-5.17
6397.0,-5.19
6398.0,-5.04
6399.0,-5.01
6400.0,-5.58
6401.0,-5.16
6402.0,-5.24
6403.0,-5.44
6404.0,-5.08
6405.0,-5.01
6406.0,-5.3500000000000005
6407.0,-5.34
6408.0,-5.01
6409.0,-5.05
6410.0,-5.05
6411.0,-5.5
6412.0,-5.37
6413.0,-5.17
6414.0,-5.03
6415.0,-5.51
6416.0,-5.16
6417.0,-5.09
6418.0,-5.13
6419.0,-5.19
6420.0,-5.03
6421.0,-5.11
6422.0,-5.48
6423.0,-5.07
6424.0,-5.1
6425.0,-5.1
6426.0,-5.680000000000001
6427.0,-5.1
6428.0,-5.18
6429.0,-5.33
6430.0,-5.02
6431.0,-5.3500000000000005
6432.0,-5.58
6433.0,-5.2
6434.0,-5.37
6435.0,-5.12
6436.0,-5.26
6437.0,-5.33
6438.0,-5.03
6439.0,-5.01
6440.0,-5.13
6441.0,-5.38
6442.0,-5.12
6443.0,-5.02
6444.0,-5.53
6445.0,-5.07
6446.0,-5.41
6447.0,-5.640000000000001
6448.0,-5.26
6449.0,-5.59
6450.0,-5.26
6451.0,-5.42
6452.0,-5.09
6453.0,-5.04
6454.0,-1.0000000000000007
6455.0,-5.37
6456.0,-5.05
6457.0,-5.04
6458.0,-5.19
6459.0,-5.3500000000000005
6460.0,-5.3500000000000005
6461.0,-5.13
6462.0,-5.470000000000001
6463.0,-5.04
6464.0,-5.02
6465.0,-5.05
6466.0,-5.57
6467.0,-5.2
6468.0,-5.07
6469.0,-5.38
6470.0,-5.2
6471.0,-5.950000000000001
6472.0,-5.3500000000000005
6473.0,-5.37
6474.0,-5.61
6475.0,-5.11
6476.0,-5.3500000000000005
6477.0,-5.19
6478.0,-5.28
6479.0,-5.08
6480.0,-5.42
6481.0,-5.05
6482.0,-5.04
6483.0,-5.51
6484.0,-5.61
6485.0,-5.01
6486.0,-5.02
6487.0,-5.03
6488.0,-5.42
6489.0,-5.61
6490.0,-5.04
6491.0,-5.01
6492.0,-5.430000000000001
6493.0,-5.46
6494.0,-5.390000000000001
6495.0,-5.02
6496.0,-5.41
6497.0,-5.21
6498.0,-5.02
6499.0,-5.4
6500.0,-5.34
6501.0,-5.01
6502.0,-5.05
6503.0,-5.58
6504.0,-5.01
6505.0,-5.3
6506.0,-5.22
6507.0,-5.67
6508.0,-5.4
6509.0,-5.06
6510.0,-5.06
6511.0,-5.09
6512.0,-5.02
6513.0,-5.04
6514.0,-5.430000000000001
6515.0,-5.09
6516.0,-5.16
6517.0,-5.08
6518.0,-5.14
6519.0,-5.06
6520.0,-5.1
6521.0,-5.26
6522.0,-5.390000000000001
6523.0,-5.5
6524.0,-5.25
6525.0,-5.42
6526.0,-5.06
6527.0,-5.430000000000001
6528.0,-5.13
6529.0,-5.38
6530.0,-5.02
6531.0,-5.07
6532.0,-5.01
6533.0,-5.640000000000001
6534.0,-5.04
6535.0,-5.49
6536.0,-5.59
6537.0,-5.07
6538.0,-5.03
6539.0,-5.04
6540.0,-5.65
6541.0,-5.02
6542.0,-5.04
6543.0,-5.430000000000001
6544.0,-5.22
6545.0,-5.09
6546.0,-5.14
6547.0,-5.42
6548.0,-5.54
6549.0,-5.08
6550.0,-5.07
6551.0,-5.75
6552.0,-5.75
6553.0,-5.45
6554.0,-5.53
6555.0,-5.57
6556.0,-5.38
6557.0,-5.05
6558.0,-5.02
6559.0,-5.02
6560.0,-5.41
6561.0,-5.08
6562.0,-5.01
6563.0,-5.21
6564.0,-5.41
6565.0,-5.51
6566.0,-5.3500000000000005
6567.0,-5.07
6568.0,-5.09
6569.0,-5.45
6570.0,-5.05
6571.0,-5.03
6572.0,-5.46
6573.0,-5.03
6574.0,-5.67
6575.0,-5.04
6576.0,-5.13
6577.0,-5.24
6578.0,-5.01
6579.0,-5.38
6580.0,-5.14
6581.0,-5.04
6582.0,-5.3500000000000005
6583.0,-5.02
6584.0,-5.44
6585.0,-5.07
6586.0,-5.3500000000000005
6587.0,-5.07
6588.0,-5.23
6589.0,-5.1
6590.0,-5.09
6591.0,-5.02
6592.0,-5.02
6593.0,-5.5
6594.0,-5.04
6595.0,-5.04
6596.0,-5.98
6597.0,-5.04
6598.0,-5.09
6599.0,-5.36
6600.0,-5.2700000000000005
6601.0,-5.4
6602.0,-5.05
6603.0,-5.02
6604.0,-5.61
6605.0,-5.22
6606.0,-5.11
6607.0,-5.38
6608.0,-5.74
6609.0,-5.07
6610.0,-5.710000000000001
6611.0,-5.5200000000000005
6612.0,-5.04
6613.0,-5.75
6614.0,-5.01
6615.0,-5.04
6616.0,-5.02
6617.0,-5.03
6618.0,-5.3100000000000005
6619.0,-5.14
6620.0,-5.46
6621.0,-5.08
6622.0,-5.09
6623.0,-5.03
6624.0,-5.22
6625.0,-5.3
6626.0,-5.3100000000000005
6627.0,-5.15
6628.0,-5.2700000000000005
6629.0,-5.5600000000000005
6630.0,-5.01
6631.0,-5.12
6632.0,-5.4
6633.0,-5.02
6634.0,-5.02
6635.0,-5.11
6636.0,-5.42
6637.0,-5.630000000000001
6638.0,-5.51
6639.0,-5.03
6640.0,-5.65
6641.0,-5.58
6642.0,-5.01
6643.0,-5.36
6644.0,-5.05
6645.0,-5.14
6646.0,-5.29
6647.0,-5.11
6648.0,-5.3500000000000005
6649.0,-5.07
6650.0,-5.01
6651.0,-5.06
6652.0,-5.07
6653.0,-5.03
6654.0,-5.45
6655.0,-5.13
6656.0,-5.57
6657.0,-5.06
6658.0,-5.3
6659.0,-5.14
6660.0,-5.02
6661.0,-5.630000000000001
6662.0,-5.66
6663.0,-5.630000000000001
6664.0,-5.09
6665.0,-5.67
6666.0,-5.08
6667.0,-5.46
6668.0,-5.04
6669.0,-5.15
6670.0,-5.22
6671.0,-5.33
6672.0,-5.01
6673.0,-5.02
6674.0,-5.06
6675.0,-5.46
6676.0,-5.44
6677.0,-5.57
6678.0,-5.53
6679.0,-5.02
6680.0,-5.61
6681.0,-5.25
6682.0,-5.32
6683.0,-5.23
6684.0,-5.1
6685.0,-5.37
6686.0,-5.9
6687.0,-5.390000000000001
6688.0,-5.12
6689.0,-5.04
6690.0,-5.86
6691.0,-5.59
6692.0,-5.08
6693.0,-5.38
6694.0,-5.36
6695.0,-5.16
6696.0,-5.12
6697.0,-5.29
6698.0,-5.82
6699.0,-5.08
6700.0,-5.17
6701.0,-5.33
6702.0,-5.32
6703.0,-5.37
6704.0,-5.49
6705.0,-5.04
6706.0,-5.32
6707.0,-5.46
6708.0,-5.01
6709.0,-5.390000000000001
6710.0,-5.5
6711.0,-5.29
6712.0,-5.51
6713.0,-5.03
6714.0,-5.65
6715.0,-5.61
6716.0,-5.08
6717.0,-5.44
6718.0,-5.18
6719.0,-5.11
6720.0,-5.06
6721.0,-5.03
6722.0,-5.02
6723.0,-5.01
6724.0,-5.7
6725.0,-5.54
6726.0,-5.7700000000000005
6727.0,-5.03
6728.0,-5.49
6729.0,-5.04
6730.0,-5.680000000000001
6731.0,-5.01
6732.0,-5.21
6733.0,-5.02
6734.0,-5.02
6735.0,-5.33
6736.0,-5.03
6737.0,-5.06
6738.0,-5.38
6739.0,-5.720000000000001
6740.0,-5.28
6741.0,-5.38
6742.0,-5.01
6743.0,-5.08
6744.0,-5.06
6745.0,-5.36
6746.0,-5.58
6747.0,-5.04
6748.0,-5.2
6749.0,-5.46
6750.0,-5.51
6751.0,-5.08
6752.0,-5.17
6753.0,-5.13
6754.0,-1.0000000000000007
6755.0,-5.49
6756.0,-5.02
6757.0,-5.02
6758.0,-1.0000000000000007
6759.0,-5.02
6760.0,-5.3100000000000005
6761.0,-5.08
6762.0,-5.02
6763.0,-5.6000000000000005
6764.0,-5.2
6765.0,-5.57
6766.0,-5.15
6767.0,-5.630000000000001
6768.0,-5.01
6769.0,-5.2700000000000005
6770.0,-5.15
6771.0,-5.630000000000001
6772.0,-5.09
6773.0,-5.48
6774.0,-5.05
6775.0,-5.01
6776.0,-5.21
6777.0,-5.3
6778.0,-5.14
6779.0,-5.01
6780.0,-5.44
6781.0,-5.11
6782.0,-5.2700000000000005
6783.0,-5.19
6784.0,-5.13
6785.0,-5.02
6786.0,-5.25
6787.0,-5.16
6788.0,-5.22
6789.0,-1.0000000000000007
6790.0,-5.36
6791.0,-5.66
6792.0,-5.26
6793.0,-5.04
6794.0,-5.09
6795.0,-5.01
6796.0,-5.470000000000001
6797.0,-5.65
6798.0,-5.01
6799.0,-5.34
6800.0,-5.38
6801.0,-5.44
6802.0,-5.5600000000000005
6803.0,-5.02
6804.0,-5.470000000000001
6805.0,-5.12
6806.0,-5.01
6807.0,-5.01
6808.0,-5.03
6809.0,-5.02
6810.0,-5.34
6811.0,-5.38
6812.0,-5.710000000000001
6813.0,-5.51
6814.0,-5.75
6815.0,-5.03
6816.0,-5.24
6817.0,-5.78
6818.0,-5.16
6819.0,-5.16
6820.0,-5.2
6821.0,-5.12
6822.0,-5.29
6823.0,-5.46
6824.0,-5.37
6825.0,-5.18
6826.0,-5.09
6827.0,-5.05
6828.0,-5.13
6829.0,-5.08
6830.0,-5.02
6831.0,-5.37
6832.0,-5.02
6833.0,-5.5
6834.0,-5.840000000000001
6835.0,-5.2700000000000005
6836.0,-5.69
6837.0,-5.06
6838.0,-5.36
6839.0,-5.11
6840.0,-5.03
6841.0,-5.33
6842.0,-5.23
6843.0,-5.3
6844.0,-5.06
6845.0,-5.03
6846.0,-5.02
6847.0,-5.06
6848.0,-5.03
6849.0,-5.430000000000001
6850.0,-5.04
6851.0,-5.12
6852.0,-5.5600000000000005
6853.0,-5.69
6854.0,-5.29
6855.0,-5.21
6856.0,-5.36
6857.0,-5.24
6858.0,-5.03
6859.0,-5.04
6860.0,-5.21
6861.0,-5.14
6862.0,-5.05
6863.0,-5.78
6864.0,-5.44
6865.0,-5.29
6866.0,-5.11
6867.0,-5.710000000000001
6868.0,-5.28
6869.0,-5.01
6870.0,-5.02
6871.0,-5.16
6872.0,-5.640000000000001
6873.0,-5.02
6874.0,-5.08
6875.0,-5.1
6876.0,-5.01
6877.0,-5.69
6878.0,-5.05
6879.0,-5.3100000000000005
6880.0,-5.02
6881.0,-5.3
6882.0,-5.09
6883.0,-5.49
6884.0,-5.41
6885.0,-5.16
6886.0,-5.5
6887.0,-5.640000000000001
6888.0,-5.08
6889.0,-5.07
6890.0,-5.5200000000000005
6891.0,-5.03
6892.0,-5.01
6893.0,-5.01
6894.0,-5.17
6895.0,-5.57
6896.0,-5.49
6897.0,-5.06
6898.0,-5.36
6899.0,-5.32
6900.0,-5.07
6901.0,-5.1
6902.0,-5.4
6903.0,-5.4
6904.0,-5.04
6905.0,-5.16
6906.0,-5.46
6907.0,-5.12
6908.0,-5.3100000000000005
6909.0,-5.19
6910.0,-5.75
6911.0,-5.04
6912.0,-5.21
6913.0,-5.550000000000001
6914.0,-5.09
6915.0,-5.44
6916.0,-5.05
6917.0,-5.390000000000001
6918.0,-5.04
6919.0,-5.03
6920.0,-5.11
6921.0,-5.24
6922.0,-5.2
6923.0,-5.37
6924.0,-5.99
6925.0,-5.12
6926.0,-5.03
6927.0,-5.11
6928.0,-5.02
6929.0,-5.02
6930.0,-5.3100000000000005
6931.0,-5.15
6932.0,-5.22
6933.0,-5.32
6934.0,-5.2
6935.0,-5.02
6936.0,-5.3500000000000005
6937.0,-5.13
6938.0,-5.42
6939.0,-5.02
6940.0,-5.02
6941.0,-5.390000000000001
6942.0,-5.3500000000000005
6943.0,-5.03
6944.0,-5.02
6945.0,-5.02
6946.0,-5.13
6947.0,-5.03
6948.0,-5.06
6949.0,-5.2700000000000005
6950.0,-5.890000000000001
6951.0,-5.33
6952.0,-5.3500000000000005
6953.0,-5.08
6954.0,-5.09
6955.0,-5.05
6956.0,-5.34
6957.0,-5.78
6958.0,-5.2700000000000005
6959.0,-5.2
6960.0,-5.29
6961.0,-5.02
6962.0,-5.08
6963.0,-5.18
6964.0,-5.26
6965.0,-5.29
6966.0,-5.02
6967.0,-5.05
6968.0,-5.430000000000001
6969.0,-5.03
6970.0,-5.17
6971.0,-5.15
6972.0,-5.04
6973.0,-5.07
6974.0,-5.53
6975.0,-5.03
6976.0,-5.08
6977.0,-5.46
6978.0,-5.1
6979.0,-5.29
6980.0,-5.430000000000001
6981.0,-5.21
6982.0,-5.5
6983.0,-5.05
6984.0,-5.02
6985.0,-5.59
6986.0,-5.37
6987.0,-5.01
6988.0,-5.5200000000000005
6989.0,-5.01
6990.0,-5.06
6991.0,-5.02
6992.0,-5.26
6993.0,-5.630000000000001
6994.0,-5.08
6995.0,-5.57
6996.0,-5.8500000000000005
6997.0,-5.07
6998.0,-5.11
6999.0,-5.05
7000.0,-5.6000000000000005
7001.0,-5.06
7002.0,-5.1
7003.0,-5.61
7004.0,-5.51
7005.0,-5.04
7006.0,-5.05
7007.0,-5.1
7008.0,-5.3500000000000005
7009.0,-5.430000000000001
7010.0,-5.2700000000000005
7011.0,-5.28
7012.0,-5.03
7013.0,-5.23
7014.0,-5.04
7015.0,-5.08
7016.0,-5.01
7017.0,-5.15
7018.0,-5.16
7019.0,-5.23
7020.0,-5.09
7021.0,-5.03
7022.0,-5.57
7023.0,-5.430000000000001
7024.0,-5.2
7025.0,-5.13
7026.0,-5.19
7027.0,-5.28
7028.0,-5.51
7029.0,-5.01
7030.0,-5.7
7031.0,-5.29
7032.0,-5.04
7033.0,-5.1
7034.0,-5.2700000000000005
7035.0,-5.36
7036.0,-5.14
7037.0,-5.16
7038.0,-5.74
7039.0,-5.08
7040.0,-5.08
7041.0,-5.08
7042.0,-5.02
7043.0,-5.840000000000001
7044.0,-5.02
7045.0,-5.3500000000000005
7046.0,-5.01
7047.0,-5.7700000000000005
7048.0,-5.5600000000000005
7049.0,-5.19
7050.0,-5.41
7051.0,-5.02
7052.0,-5.03
7053.0,-5.08
7054.0,-5.09
7055.0,-5.04
7056.0,-5.5200000000000005
7057.0,-5.3500000000000005
7058.0,-5.01
7059.0,-5.06
7060.0,-5.54
7061.0,-5.01
7062.0,-5.5200000000000005
7063.0,-5.36
7064.0,-5.41
7065.0,-5.390000000000001
7066.0,-5.91
7067.0,-5.13
7068.0,-5.21
7069.0,-5.16
7070.0,-5.08
7071.0,-5.13
7072.0,-5.2
7073.0,-5.09
7074.0,-5.04
7075.0,-5.3500000000000005
7076.0,-5.04
7077.0,-5.07
7078.0,-5.04
7079.0,-5.430000000000001
7080.0,-5.54
7081.0,-5.13
7082.0,-5.45
7083.0,-5.06
7084.0,-5.53
7085.0,-5.08
7086.0,-5.09
7087.0,-5.11
7088.0,-5.630000000000001
7089.0,-5.02
7090.0,-5.5200000000000005
7091.0,-5.01
7092.0,-5.24
7093.0,-5.34
7094.0,-5.12
7095.0,-5.02
7096.0,-5.08
7097.0,-5.06
7098.0,-5.18
7099.0,-5.37
7100.0,-5.04
7101.0,-5.18
7102.0,-5.02
7103.0,-5.06
7104.0,-5.430000000000001
7105.0,-5.06
7106.0,-5.390000000000001
7107.0,-5.2700000000000005
7108.0,-5.14
7109.0,-5.16
7110.0,-5.04
7111.0,-5.34
7112.0,-5.04
7113.0,-5.54
7114.0,-5.19
7115.0,-5.08
7116.0,-5.04
7117.0,-5.3500000000000005
7118.0,-5.02
7119.0,-5.06
7120.0,-5.45
7121.0,-5.82
7122.0,-5.34
7123.0,-5.470000000000001
7124.0,-5.01
7125.0,-5.48
7126.0,-5.02
7127.0,-1.0000000000000007
7128.0,-5.18
7129.0,-5.04
7130.0,-5.98
7131.0,-5.53
7132.0,-5.58
7133.0,-1.0000000000000007
7134.0,-5.01
7135.0,-5.78
7136.0,-5.17
7137.0,-5.22
7138.0,-5.04
7139.0,-5.01
7140.0,-5.16
7141.0,-5.3500000000000005
7142.0,-1.0000000000000007
7143.0,-5.04
7144.0,-5.32
7145.0,-5.42
7146.0,-5.1
7147.0,-5.51
7148.0,-5.3500000000000005
7149.0,-5.430000000000001
7150.0,-5.13
7151.0,-5.390000000000001
7152.0,-5.23
7153.0,-5.05
7154.0,-5.11
7155.0,-5.11
7156.0,-5.03
7157.0,-5.1
7158.0,-5.02
7159.0,-5.01
7160.0,-5.7
7161.0,-5.04
7162.0,-5.14
7163.0,-5.630000000000001
7164.0,-5.06
7165.0,-5.25
7166.0,-5.06
7167.0,-5.4
7168.0,-5.37
7169.0,-5.02
7170.0,-5.18
7171.0,-5.1
7172.0,-5.17
7173.0,-5.37
7174.0,-5.28
7175.0,-5.26
7176.0,-5.24
7177.0,-5.42
7178.0,-5.01
7179.0,-5.3500000000000005
7180.0,-5.57
7181.0,-5.17
7182.0,-5.62
7183.0,-5.04
7184.0,-5.16
7185.0,-5.2
7186.0,-5.28
7187.0,-5.02
7188.0,-5.98
7189.0,-5.37
7190.0,-5.46
7191.0,-5.38
7192.0,-5.09
7193.0,-5.5600000000000005
7194.0,-5.470000000000001
7195.0,-5.5
7196.0,-5.51
7197.0,-5.02
7198.0,-5.05
7199.0,-5.05
7200.0,-5.48
7201.0,-5.02
7202.0,-5.3500000000000005
7203.0,-5.18
7204.0,-5.470000000000001
7205.0,-5.07
7206.0,-5.03
7207.0,-5.3500000000000005
7208.0,-5.32
7209.0,-5.06
7210.0,-5.02
7211.0,-5.03
7212.0,-5.01
7213.0,-5.3100000000000005
7214.0,-5.86
7215.0,-5.12
7216.0,-5.1
7217.0,-5.3500000000000005
7218.0,-5.08
7219.0,-5.4
7220.0,-5.02
7221.0,-5.04
7222.0,-5.11
7223.0,-5.69
7224.0,-5.2
7225.0,-5.680000000000001
7226.0,-5.430000000000001
7227.0,-5.36
7228.0,-5.24
7229.0,-5.21
7230.0,-5.24
7231.0,-5.26
7232.0,-1.0000000000000007
7233.0,-5.48
7234.0,-5.02
7235.0,-5.06
7236.0,-5.25
7237.0,-5.24
7238.0,-5.14
7239.0,-5.550000000000001
7240.0,-5.05
7241.0,-1.0000000000000007
7242.0,-5.3
7243.0,-5.37
7244.0,-5.12
7245.0,-5.16
7246.0,-5.06
7247.0,-5.08
7248.0,-5.550000000000001
7249.0,-5.03
7250.0,-5.05
7251.0,-5.2700000000000005
7252.0,-5.09
7253.0,-5.06
7254.0,-5.44
7255.0,-5.2700000000000005
7256.0,-5.22
7257.0,-5.04
7258.0,-5.82
7259.0,-5.61
7260.0,-5.67
7261.0,-5.28
7262.0,-5.61
7263.0,-5.09
7264.0,-5.390000000000001
7265.0,-5.16
7266.0,-5.04
7267.0,-5.04
7268.0,-5.41
7269.0,-5.18
7270.0,-5.02
7271.0,-5.34
7272.0,-5.11
7273.0,-5.04
7274.0,-5.08
7275.0,-5.07
7276.0,-5.05
7277.0,-5.04
7278.0,-5.4
7279.0,-5.01
7280.0,-5.06
7281.0,-5.42
7282.0,-5.2
7283.0,-5.05
7284.0,-5.470000000000001
7285.0,-5.04
7286.0,-5.01
7287.0,-5.03
7288.0,-5.03
7289.0,-5.3500000000000005
7290.0,-5.45
7291.0,-5.04
7292.0,-5.29
7293.0,-5.38
7294.0,-5.2
7295.0,-5.2
7296.0,-5.26
7297.0,-5.53
7298.0,-5.49
7299.0,-5.5600000000000005
7300.0,-5.08
7301.0,-5.390000000000001
7302.0,-5.03
7303.0,-5.51
7304.0,-5.37
7305.0,-5.33
7306.0,-5.15
7307.0,-1.0000000000000007
7308.0,-5.5600000000000005
7309.0,-5.01
7310.0,-5.16
7311.0,-5.37
7312.0,-5.08
7313.0,-5.19
7314.0,-5.06
7315.0,-5.38
7316.0,-5.25
7317.0,-5.03
7318.0,-5.2
7319.0,-5.19
7320.0,-5.16
7321.0,-5.24
7322.0,-5.46
7323.0,-5.04
7324.0,-5.07
7325.0,-5.15
7326.0,-5.640000000000001
7327.0,-5.3100000000000005
7328.0,-5.2
7329.0,-5.1
7330.0,-5.05
7331.0,-5.13
7332.0,-5.02
7333.0,-5.640000000000001
7334.0,-5.37
7335.0,-5.06
7336.0,-5.29
7337.0,-5.02
7338.0,-5.06
7339.0,-5.17
7340.0,-5.15
7341.0,-5.07
7342.0,-5.38
7343.0,-5.01
7344.0,-5.32
7345.0,-5.02
7346.0,-5.4
7347.0,-5.33
7348.0,-5.04
7349.0,-5.16
7350.0,-5.02
7351.0,-5.07
7352.0,-1.0000000000000007
7353.0,-5.16
7354.0,-5.2
7355.0,-5.11
7356.0,-5.11
7357.0,-5.17
7358.0,-5.19
7359.0,-5.38
7360.0,-5.06
7361.0,-5.25
7362.0,-5.08
7363.0,-5.1
7364.0,-5.390000000000001
7365.0,-5.05
7366.0,-5.07
7367.0,-5.16
7368.0,-5.02
7369.0,-5.03
7370.0,-5.34
7371.0,-5.46
7372.0,-5.02
7373.0,-5.73
7374.0,-5.28
7375.0,-5.15
7376.0,-5.1
7377.0,-5.01
7378.0,-5.29
7379.0,-5.2700000000000005
7380.0,-5.61
7381.0,-5.16
7382.0,-5.53
7383.0,-5.03
7384.0,-5.22
7385.0,-5.08
7386.0,-5.06
7387.0,-5.62
7388.0,-5.44
7389.0,-5.23
7390.0,-5.8100000000000005
7391.0,-5.07
7392.0,-5.03
7393.0,-5.26
7394.0,-5.11
7395.0,-5.02
7396.0,-5.13
7397.0,-5.21
7398.0,-5.37
7399.0,-5.12
7400.0,-5.01
7401.0,-1.0000000000000007
7402.0,-5.08
7403.0,-5.34
7404.0,-5.46
7405.0,-5.03
7406.0,-5.06
7407.0,-5.05
7408.0,-5.29
7409.0,-5.04
7410.0,-5.4
7411.0,-5.44
7412.0,-5.06
7413.0,-5.03
7414.0,-5.23
7415.0,-5.1
7416.0,-5.04
7417.0,-5.02
7418.0,-5.51
7419.0,-5.02
7420.0,-1.0000000000000007
7421.0,-5.09
7422.0,-5.66
7423.0,-5.01
7424.0,-5.44
7425.0,-5.36
7426.0,-5.3500000000000005
7427.0,-5.760000000000001
7428.0,-5.01
7429.0,-5.02
7430.0,-5.2
7431.0,-5.14
7432.0,-5.15
7433.0,-5.01
7434.0,-5.02
7435.0,-5.14
7436.0,-5.760000000000001
7437.0,-5.18
7438.0,-5.02
7439.0,-5.3
7440.0,-5.01
7441.0,-5.06
7442.0,-5.62
7443.0,-5.08
7444.0,-5.390000000000001
7445.0,-5.23
7446.0,-5.06
7447.0,-5.32
7448.0,-5.21
7449.0,-5.05
7450.0,-5.45
7451.0,-5.04
7452.0,-5.3500000000000005
7453.0,-5.15
7454.0,-5.8100000000000005
7455.0,-5.08
7456.0,-5.03
7457.0,-5.13
7458.0,-5.07
7459.0,-5.09
7460.0,-5.3100000000000005
7461.0,-5.02
7462.0,-5.02
7463.0,-5.01
7464.0,-5.04
7465.0,-5.03
7466.0,-5.04
7467.0,-5.03
7468.0,-5.22
7469.0,-5.18
7470.0,-5.21
7471.0,-5.05
7472.0,-5.58
7473.0,-5.07
7474.0,-5.3
7475.0,-5.04
7476.0,-5.5600000000000005
7477.0,-5.33
7478.0,-5.04
7479.0,-5.32
7480.0,-5.4
7481.0,-5.57
7482.0,-5.16
7483.0,-5.07
7484.0,-5.24
7485.0,-5.09
7486.0,-5.06
7487.0,-5.01
7488.0,-5.02
7489.0,-5.48
7490.0,-5.3
7491.0,-5.22
7492.0,-5.22
7493.0,-5.01
7494.0,-5.22
7495.0,-5.1
7496.0,-5.07
7497.0,-5.33
7498.0,-5.05
7499.0,-5.2
7500.0,-5.01
7501.0,-5.16
7502.0,-5.5
7503.0,-5.02
7504.0,-1.0000000000000007
7505.0,-5.13
7506.0,-5.66
7507.0,-5.06
7508.0,-5.3
7509.0,-5.01
7510.0,-5.33
7511.0,-5.32
7512.0,-5.04
7513.0,-5.01
7514.0,-5.11
7515.0,-5.04
7516.0,-5.640000000000001
7517.0,-5.24
7518.0,-5.3500000000000005
7519.0,-5.07
7520.0,-5.08
7521.0,-5.03
7522.0,-5.09
7523.0,-5.53
7524.0,-5.1
7525.0,-5.65
7526.0,-5.45
7527.0,-5.4
7528.0,-5.19
7529.0,-5.430000000000001
7530.0,-5.790000000000001
7531.0,-5.34
7532.0,-5.17
7533.0,-5.02
7534.0,-5.04
7535.0,-5.18
7536.0,-5.04
7537.0,-5.05
7538.0,-5.66
7539.0,-5.04
7540.0,-5.630000000000001
7541.0,-5.01
7542.0,-5.04
7543.0,-5.03
7544.0,-5.28
7545.0,-5.05
7546.0,-5.5200000000000005
7547.0,-5.1
7548.0,-5.11
7549.0,-5.1
7550.0,-5.34
7551.0,-5.06
7552.0,-5.42
7553.0,-5.640000000000001
7554.0,-5.640000000000001
7555.0,-5.14
7556.0,-5.1
7557.0,-5.5200000000000005
7558.0,-5.02
7559.0,-5.37
7560.0,-5.12
7561.0,-5.08
7562.0,-5.02
7563.0,-5.03
7564.0,-5.06
7565.0,-5.1
7566.0,-5.3
7567.0,-5.49
7568.0,-5.3
7569.0,-5.37
7570.0,-5.05
7571.0,-5.3100000000000005
7572.0,-5.01
7573.0,-5.49
7574.0,-5.4
7575.0,-5.09
7576.0,-5.07
7577.0,-5.08
7578.0,-5.5200000000000005
7579.0,-5.03
7580.0,-5.73
7581.0,-5.06
7582.0,-5.05
7583.0,-5.48
7584.0,-5.26
7585.0,-5.05
7586.0,-5.550000000000001
7587.0,-5.2700000000000005
7588.0,-5.08
7589.0,-5.3500000000000005
7590.0,-5.37
7591.0,-5.04
7592.0,-5.16
7593.0,-5.12
7594.0,-5.54
7595.0,-5.08
7596.0,-5.11
7597.0,-5.53
7598.0,-5.07
7599.0,-5.07
7600.0,-5.14
7601.0,-5.49
7602.0,-5.44
7603.0,-5.02
7604.0,-5.13
7605.0,-5.630000000000001
7606.0,-5.2700000000000005
7607.0,-5.05
7608.0,-5.720000000000001
7609.0,-5.22
7610.0,-5.09
7611.0,-5.390000000000001
7612.0,-5.06
7613.0,-5.760000000000001
7614.0,-5.66
7615.0,-5.38
7616.0,-5.06
7617.0,-5.45
7618.0,-5.21
7619.0,-5.430000000000001
7620.0,-5.03
7621.0,-5.01
7622.0,-5.05
7623.0,-5.7
7624.0,-5.01
7625.0,-5.22
7626.0,-5.02
7627.0,-5.13
7628.0,-5.05
7629.0,-5.430000000000001
7630.0,-5.13
7631.0,-5.49
7632.0,-5.19
7633.0,-5.06
7634.0,-5.09
7635.0,-5.4
7636.0,-5.04
7637.0,-5.02
7638.0,-5.04
7639.0,-5.44
7640.0,-5.12
7641.0,-5.3
7642.0,-5.36
7643.0,-5.17
7644.0,-5.25
7645.0,-5.02
7646.0,-5.45
7647.0,-5.37
7648.0,-5.29
7649.0,-5.33
7650.0,-5.09
7651.0,-5.550000000000001
7652.0,-5.03
7653.0,-5.11
7654.0,-5.53
7655.0,-5.04
7656.0,-5.28
7657.0,-5.04
7658.0,-5.2
7659.0,-5.07
7660.0,-5.15
7661.0,-5.54
7662.0,-5.1
7663.0,-5.1
7664.0,-5.1
7665.0,-5.5600000000000005
7666.0,-5.66
7667.0,-5.14
7668.0,-5.430000000000001
7669.0,-5.08
7670.0,-5.06
7671.0,-5.37
7672.0,-5.08
7673.0,-5.390000000000001
7674.0,-5.03
7675.0,-5.42
7676.0,-5.24
7677.0,-5.17
7678.0,-5.07
7679.0,-5.04
7680.0,-5.45
7681.0,-5.01
7682.0,-5.13
7683.0,-5.4
7684.0,-5.07
7685.0,-5.5
7686.0,-5.01
7687.0,-5.01
7688.0,-5.74
7689.0,-5.430000000000001
7690.0,-5.37
7691.0,-5.3500000000000005
7692.0,-5.02
7693.0,-5.03
7694.0,-5.05
7695.0,-5.18
7696.0,-5.34
7697.0,-5.08
7698.0,-5.45
7699.0,-5.08
7700.0,-5.2
7701.0,-5.29
7702.0,-5.57
7703.0,-5.5
7704.0,-5.05
7705.0,-5.09
7706.0,-5.640000000000001
7707.0,-5.3500000000000005
7708.0,-5.06
7709.0,-5.1
7710.0,-5.57
7711.0,-5.37
7712.0,-5.08
7713.0,-5.24
7714.0,-5.720000000000001
7715.0,-5.17
7716.0,-5.54
7717.0,-5.03
7718.0,-5.5
7719.0,-5.01
7720.0,-5.06
7721.0,-5.1
7722.0,-5.01
7723.0,-5.08
7724.0,-5.05
7725.0,-5.26
7726.0,-5.02
7727.0,-5.25
7728.0,-5.04
7729.0,-5.66
7730.0,-5.03
7731.0,-5.2700000000000005
7732.0,-5.32
7733.0,-5.03
7734.0,-5.17
7735.0,-5.36
7736.0,-5.08
7737.0,-5.82
7738.0,-5.28
7739.0,-5.06
7740.0,-5.1
7741.0,-5.14
7742.0,-5.07
7743.0,-5.01
7744.0,-5.26
7745.0,-5.04
7746.0,-5.61
7747.0,-5.03
7748.0,-5.36
7749.0,-5.3
7750.0,-5.41
7751.0,-5.33
7752.0,-5.01
7753.0,-5.34
7754.0,-5.28
7755.0,-5.33
7756.0,-5.4
7757.0,-5.29
7758.0,-5.02
7759.0,-5.32
7760.0,-5.32
7761.0,-5.08
7762.0,-5.1
7763.0,-5.3
7764.0,-5.05
7765.0,-5.06
7766.0,-5.04
7767.0,-5.33
7768.0,-5.03
7769.0,-5.01
7770.0,-5.03
7771.0,-5.640000000000001
7772.0,-5.01
7773.0,-5.16
7774.0,-5.02
7775.0,-5.05
7776.0,-5.19
7777.0,-5.19
7778.0,-5.1
7779.0,-5.01
7780.0,-5.34
7781.0,-5.05
7782.0,-5.1
7783.0,-5.2
7784.0,-5.25
7785.0,-5.02
7786.0,-5.41
7787.0,-5.06
7788.0,-5.05
7789.0,-5.04
7790.0,-5.5600000000000005
7791.0,-5.870000000000001
7792.0,-5.14
7793.0,-5.3100000000000005
7794.0,-5.03
7795.0,-5.04
7796.0,-5.15
7797.0,-5.41
7798.0,-5.550000000000001
7799.0,-5.18
7800.0,-5.24
7801.0,-5.3100000000000005
7802.0,-5.4
7803.0,-5.19
7804.0,-5.5
7805.0,-5.24
7806.0,-5.02
7807.0,-5.08
7808.0,-5.46
7809.0,-5.42
7810.0,-5.75
7811.0,-5.16
7812.0,-5.5600000000000005
7813.0,-5.57
7814.0,-5.09
7815.0,-5.06
7816.0,-5.01
7817.0,-5.42
7818.0,-5.25
7819.0,-5.3500000000000005
7820.0,-5.75
7821.0,-5.04
7822.0,-5.02
7823.0,-5.09
7824.0,-5.08
7825.0,-5.21
7826.0,-5.03
7827.0,-5.02
7828.0,-5.3500000000000005
7829.0,-5.06
7830.0,-5.5200000000000005
7831.0,-5.08
7832.0,-5.05
7833.0,-5.02
7834.0,-5.58
7835.0,-5.34
7836.0,-5.05
7837.0,-5.03
7838.0,-5.01
7839.0,-5.3100000000000005
7840.0,-1.0000000000000007
7841.0,-5.45
7842.0,-5.02
7843.0,-1.0000000000000007
7844.0,-5.04
7845.0,-5.69
7846.0,-5.2
7847.0,-5.550000000000001
7848.0,-5.680000000000001
7849.0,-5.34
7850.0,-5.11
7851.0,-5.06
7852.0,-5.17
7853.0,-5.06
7854.0,-5.51
7855.0,-5.07
7856.0,-5.1
7857.0,-5.34
7858.0,-5.09
7859.0,-5.29
7860.0,-5.01
7861.0,-5.08
7862.0,-5.38
7863.0,-5.02
7864.0,-5.07
7865.0,-5.1
7866.0,-5.29
7867.0,-5.06
7868.0,-5.51
7869.0,-5.04
7870.0,-5.38
7871.0,-5.15
7872.0,-5.22
7873.0,-5.15
7874.0,-5.08
7875.0,-5.49
7876.0,-5.02
7877.0,-5.12
7878.0,-5.05
7879.0,-5.5
7880.0,-5.07
7881.0,-5.2700000000000005
7882.0,-5.3100000000000005
7883.0,-5.37
7884.0,-5.1
7885.0,-5.03
7886.0,-5.45
7887.0,-5.54
7888.0,-5.470000000000001
7889.0,-5.930000000000001
7890.0,-5.07
7891.0,-5.34
7892.0,-5.08
7893.0,-5.03
7894.0,-5.760000000000001
7895.0,-5.32
7896.0,-5.970000000000001
7897.0,-5.04
7898.0,-5.32
7899.0,-5.36
7900.0,-5.09
7901.0,-5.62
7902.0,-5.05
7903.0,-5.05
7904.0,-5.44
7905.0,-5.21
7906.0,-5.38
7907.0,-5.58
7908.0,-5.13
7909.0,-5.12
7910.0,-5.26
7911.0,-5.04
7912.0,-5.14
7913.0,-5.02
7914.0,-5.680000000000001
7915.0,-5.07
7916.0,-5.36
7917.0,-5.75
7918.0,-5.01
7919.0,-5.02
7920.0,-5.11
7921.0,-5.04
7922.0,-5.04
7923.0,-5.4
7924.0,-5.02
7925.0,-5.08
7926.0,-5.2700000000000005
7927.0,-5.41
7928.0,-5.430000000000001
7929.0,-5.05
7930.0,-5.01
7931.0,-5.48
7932.0,-5.41
7933.0,-5.36
7934.0,-5.21
7935.0,-5.42
7936.0,-5.3500000000000005
7937.0,-5.430000000000001
7938.0,-5.2
7939.0,-1.0000000000000007
7940.0,-5.17
7941.0,-5.49
7942.0,-5.03
7943.0,-5.550000000000001
7944.0,-5.29
7945.0,-5.12
7946.0,-5.05
7947.0,-5.470000000000001
7948.0,-5.42
7949.0,-5.07
7950.0,-5.13
7951.0,-5.05
7952.0,-5.46
7953.0,-5.49
7954.0,-5.1
7955.0,-5.45
7956.0,-5.01
7957.0,-5.3
7958.0,-5.21
7959.0,-5.12
7960.0,-5.02
7961.0,-5.33
7962.0,-5.32
7963.0,-5.3100000000000005
7964.0,-5.48
7965.0,-5.07
7966.0,-5.07
7967.0,-5.02
7968.0,-5.65
7969.0,-5.06
7970.0,-5.25
7971.0,-5.01
7972.0,-5.630000000000001
7973.0,-5.09
7974.0,-5.51
7975.0,-5.3100000000000005
7976.0,-1.0000000000000007
7977.0,-5.42
7978.0,-5.01
7979.0,-5.03
7980.0,-5.07
7981.0,-5.38
7982.0,-5.01
7983.0,-5.11
7984.0,-5.19
7985.0,-5.01
7986.0,-5.09
7987.0,-5.03
7988.0,-5.62
7989.0,-5.06
7990.0,-5.390000000000001
7991.0,-5.03
7992.0,-5.02
7993.0,-5.03
7994.0,-5.03
7995.0,-5.04
7996.0,-5.01
7997.0,-5.06
7998.0,-5.02
7999.0,-5.74
8000.0,-5.6000000000000005
8001.0,-5.05
8002.0,-5.1
8003.0,-5.2700000000000005
8004.0,-5.44
8005.0,-5.51
8006.0,-5.930000000000001
8007.0,-5.65
8008.0,-5.69
8009.0,-5.04
8010.0,-5.37
8011.0,-5.23
8012.0,-5.2
8013.0,-5.04
8014.0,-5.13
8015.0,-5.04
8016.0,-5.3
8017.0,-5.04
8018.0,-5.28
8019.0,-5.02
8020.0,-5.66
8021.0,-5.41
8022.0,-5.09
8023.0,-5.840000000000001
8024.0,-5.07
8025.0,-5.06
8026.0,-5.65
8027.0,-5.02
8028.0,-5.38
8029.0,-5.24
8030.0,-5.44
8031.0,-5.49
8032.0,-5.02
8033.0,-5.02
8034.0,-5.430000000000001
8035.0,-5.870000000000001
8036.0,-5.57
8037.0,-5.24
8038.0,-5.06
8039.0,-5.09
8040.0,-5.07
8041.0,-5.16
8042.0,-5.03
8043.0,-5.42
8044.0,-5.23
8045.0,-5.390000000000001
8046.0,-5.75
8047.0,-5.48
8048.0,-5.08
8049.0,-5.02
8050.0,-5.09
8051.0,-5.24
8052.0,-5.16
8053.0,-1.0000000000000007
8054.0,-5.3500000000000005
8055.0,-5.02
8056.0,-5.760000000000001
8057.0,-5.42
8058.0,-5.22
8059.0,-5.32
8060.0,-5.19
8061.0,-5.640000000000001
8062.0,-5.14
8063.0,-5.760000000000001
8064.0,-5.57
8065.0,-5.03
8066.0,-5.23
8067.0,-5.02
8068.0,-5.03
8069.0,-5.06
8070.0,-5.61
8071.0,-5.09
8072.0,-5.45
8073.0,-5.11
8074.0,-5.03
8075.0,-5.75
8076.0,-5.25
8077.0,-5.02
8078.0,-5.44
8079.0,-5.36
8080.0,-5.44
8081.0,-5.04
8082.0,-5.1
8083.0,-5.5600000000000005
8084.0,-5.18
8085.0,-5.02
8086.0,-5.41
8087.0,-5.8100000000000005
8088.0,-5.53
8089.0,-5.12
8090.0,-5.94
8091.0,-5.2700000000000005
8092.0,-5.03
8093.0,-5.470000000000001
8094.0,-5.26
8095.0,-5.44
8096.0,-5.04
8097.0,-5.07
8098.0,-5.19
8099.0,-5.3100000000000005
8100.0,-5.33
8101.0,-5.03
8102.0,-5.550000000000001
8103.0,-5.01
8104.0,-5.06
8105.0,-5.05
8106.0,-5.04
8107.0,-5.07
8108.0,-5.01
8109.0,-5.03
8110.0,-5.21
8111.0,-5.12
8112.0,-5.03
8113.0,-5.13
8114.0,-5.06
8115.0,-5.02
8116.0,-5.28
8117.0,-5.640000000000001
8118.0,-5.15
8119.0,-5.03
8120.0,-5.08
8121.0,-5.2700000000000005
8122.0,-5.5200000000000005
8123.0,-5.17
8124.0,-5.25
8125.0,-5.51
8126.0,-5.16
8127.0,-5.02
8128.0,-5.06
8129.0,-5.12
8130.0,-5.02
8131.0,-5.42
8132.0,-5.3100000000000005
8133.0,-5.03
8134.0,-5.02
8135.0,-5.790000000000001
8136.0,-5.69
8137.0,-5.11
8138.0,-5.07
8139.0,-5.03
8140.0,-5.91
8141.0,-5.25
8142.0,-5.04
8143.0,-5.29
8144.0,-5.23
8145.0,-5.01
8146.0,-5.04
8147.0,-5.32
8148.0,-5.6000000000000005
8149.0,-5.3500000000000005
8150.0,-5.14
8151.0,-5.04
8152.0,-5.02
8153.0,-5.25
8154.0,-5.04
8155.0,-5.06
8156.0,-5.03
8157.0,-5.28
8158.0,-5.08
8159.0,-5.01
8160.0,-5.14
8161.0,-5.02
8162.0,-5.02
8163.0,-5.28
8164.0,-5.11
8165.0,-1.0000000000000007
8166.0,-5.02
8167.0,-5.02
8168.0,-5.5
8169.0,-5.06
8170.0,-5.29
8171.0,-5.29
8172.0,-5.11
8173.0,-5.03
8174.0,-5.4
8175.0,-5.12
8176.0,-5.02
8177.0,-5.08
8178.0,-5.01
8179.0,-5.28
8180.0,-5.03
8181.0,-5.29
8182.0,-5.4
8183.0,-5.02
8184.0,-5.02
8185.0,-5.02
8186.0,-5.760000000000001
8187.0,-5.51
8188.0,-5.37
8189.0,-5.3
8190.0,-5.02
8191.0,-5.36
8192.0,-5.550000000000001
8193.0,-5.16
8194.0,-5.3
8195.0,-5.03
8196.0,-5.1
8197.0,-5.01
8198.0,-5.3100000000000005
8199.0,-5.3
8200.0,-5.01
8201.0,-5.2
8202.0,-5.12
8203.0,-5.98
8204.0,-5.550000000000001
8205.0,-5.07
8206.0,-5.7
8207.0,-5.19
8208.0,-5.470000000000001
8209.0,-5.41
8210.0,-5.49
8211.0,-1.0000000000000007
8212.0,-5.49
8213.0,-5.09
8214.0,-5.19
8215.0,-5.06
8216.0,-5.13
8217.0,-5.07
8218.0,-5.02
8219.0,-5.02
8220.0,-5.02
8221.0,-5.23
8222.0,-5.37
8223.0,-5.17
8224.0,-5.02
8225.0,-5.36
8226.0,-1.0000000000000007
8227.0,-5.07
8228.0,-5.6000000000000005
8229.0,-5.1
8230.0,-5.470000000000001
8231.0,-5.04
8232.0,-5.07
8233.0,-5.23
8234.0,-5.06
8235.0,-5.05
8236.0,-5.3500000000000005
8237.0,-5.3100000000000005
8238.0,-5.42
8239.0,-5.23
8240.0,-5.18
8241.0,-5.16
8242.0,-5.09
8243.0,-5.05
8244.0,-5.02
8245.0,-5.59
8246.0,-5.05
8247.0,-5.16
8248.0,-5.03
8249.0,-5.05
8250.0,-5.28
8251.0,-5.65
8252.0,-5.12
8253.0,-5.04
8254.0,-5.02
8255.0,-5.07
8256.0,-5.44
8257.0,-5.12
8258.0,-5.29
8259.0,-5.11
8260.0,-5.11
8261.0,-5.37
8262.0,-5.09
8263.0,-5.74
8264.0,-5.3500000000000005
8265.0,-5.03
8266.0,-5.21
8267.0,-5.42
8268.0,-5.02
8269.0,-5.02
8270.0,-5.38
8271.0,-5.13
8272.0,-5.630000000000001
8273.0,-5.51
8274.0,-5.02
8275.0,-5.3
8276.0,-5.06
8277.0,-5.2
8278.0,-5.5600000000000005
8279.0,-5.19
8280.0,-5.17
8281.0,-5.01
8282.0,-5.61
8283.0,-5.04
8284.0,-5.29
8285.0,-5.17
8286.0,-5.5200000000000005
8287.0,-5.12
8288.0,-5.18
8289.0,-5.06
8290.0,-5.65
8291.0,-5.49
8292.0,-5.06
8293.0,-5.3500000000000005
8294.0,-5.23
8295.0,-5.3100000000000005
8296.0,-5.08
8297.0,-5.3
8298.0,-5.57
8299.0,-5.13
8300.0,-5.710000000000001
8301.0,-5.33
8302.0,-5.26
8303.0,-5.02
8304.0,-5.3100000000000005
8305.0,-5.18
8306.0,-5.5200000000000005
8307.0,-5.7700000000000005
8308.0,-5.51
8309.0,-5.3500000000000005
8310.0,-5.06
8311.0,-5.01
8312.0,-5.48
8313.0,-5.01
8314.0,-5.03
8315.0,-5.6000000000000005
8316.0,-5.01
8317.0,-5.24
8318.0,-5.32
8319.0,-5.57
8320.0,-5.78
8321.0,-5.550000000000001
8322.0,-5.01
8323.0,-5.29
8324.0,-5.01
8325.0,-5.02
8326.0,-5.2
8327.0,-5.01
8328.0,-5.04
8329.0,-5.62
8330.0,-5.25
8331.0,-5.01
8332.0,-5.4
8333.0,-5.49
8334.0,-5.38
8335.0,-5.2
8336.0,-5.44
8337.0,-5.05
8338.0,-5.05
8339.0,-5.02
8340.0,-5.390000000000001
8341.0,-5.21
8342.0,-5.36
8343.0,-5.04
8344.0,-5.07
8345.0,-5.38
8346.0,-5.74
8347.0,-5.06
8348.0,-5.01
8349.0,-5.36
8350.0,-5.13
8351.0,-5.03
8352.0,-5.32
8353.0,-5.1
8354.0,-5.69
8355.0,-5.2700000000000005
8356.0,-5.2
8357.0,-5.32
8358.0,-5.44
8359.0,-5.58
8360.0,-5.05
8361.0,-5.02
8362.0,-5.05
8363.0,-5.02
8364.0,-5.390000000000001
8365.0,-5.06
8366.0,-5.25
8367.0,-5.37
8368.0,-5.25
8369.0,-5.37
8370.0,-5.19
8371.0,-5.15
8372.0,-5.710000000000001
8373.0,-5.37
8374.0,-5.14
8375.0,-5.13
8376.0,-5.02
8377.0,-5.1
8378.0,-5.34
8379.0,-5.3100000000000005
8380.0,-5.51
8381.0,-5.680000000000001
8382.0,-5.28
8383.0,-5.01
8384.0,-5.08
8385.0,-5.04
8386.0,-5.16
8387.0,-5.470000000000001
8388.0,-5.02
8389.0,-5.36
8390.0,-5.38
8391.0,-5.2
8392.0,-5.04
8393.0,-5.470000000000001
8394.0,-5.28
8395.0,-5.02
8396.0,-5.22
8397.0,-5.36
8398.0,-5.07
8399.0,-5.06
8400.0,-5.720000000000001
8401.0,-5.04
8402.0,-5.16
8403.0,-5.470000000000001
8404.0,-5.03
8405.0,-5.09
8406.0,-5.3
8407.0,-5.1
8408.0,-5.09
8409.0,-5.04
8410.0,-5.15
8411.0,-5.36
8412.0,-5.32
8413.0,-5.05
8414.0,-5.09
8415.0,-5.08
8416.0,-5.03
8417.0,-5.61
8418.0,-5.03
8419.0,-5.61
8420.0,-5.12
8421.0,-5.4
8422.0,-5.3500000000000005
8423.0,-5.04
8424.0,-5.26
8425.0,-5.24
8426.0,-5.08
8427.0,-5.02
8428.0,-5.390000000000001
8429.0,-5.36
8430.0,-5.02
8431.0,-5.29
8432.0,-5.65
8433.0,-5.04
8434.0,-5.2700000000000005
8435.0,-5.04
8436.0,-5.03
8437.0,-5.12
8438.0,-5.390000000000001
8439.0,-5.3100000000000005
8440.0,-5.04
8441.0,-5.66
8442.0,-5.02
8443.0,-5.02
8444.0,-5.23
8445.0,-5.06
8446.0,-5.59
8447.0,-5.02
8448.0,-5.970000000000001
8449.0,-5.1
8450.0,-5.05
8451.0,-5.45
8452.0,-5.22
8453.0,-5.74
8454.0,-5.06
8455.0,-5.11
8456.0,-5.1
8457.0,-5.23
8458.0,-5.21
8459.0,-5.19
8460.0,-5.04
8461.0,-5.2700000000000005
8462.0,-5.11
8463.0,-5.46
8464.0,-5.02
8465.0,-5.02
8466.0,-5.5600000000000005
8467.0,-5.59
8468.0,-5.03
8469.0,-5.01
8470.0,-5.02
8471.0,-1.0000000000000007
8472.0,-5.06
8473.0,-5.01
8474.0,-5.5
8475.0,-5.02
8476.0,-5.51
8477.0,-5.01
8478.0,-5.08
8479.0,-5.15
8480.0,-5.07
8481.0,-5.1
8482.0,-5.82
8483.0,-5.14
8484.0,-5.36
8485.0,-5.66
8486.0,-5.74
8487.0,-5.42
8488.0,-5.11
8489.0,-5.19
8490.0,-5.05
8491.0,-5.41
8492.0,-5.05
8493.0,-5.550000000000001
8494.0,-5.22
8495.0,-5.01
8496.0,-5.640000000000001
8497.0,-5.05
8498.0,-5.36
8499.0,-5.78
8500.0,-5.12
8501.0,-5.18
8502.0,-5.51
8503.0,-5.18
8504.0,-5.45
8505.0,-5.5
8506.0,-5.2
8507.0,-5.1
8508.0,-5.29
8509.0,-5.18
8510.0,-5.03
8511.0,-5.48
8512.0,-5.02
8513.0,-5.04
8514.0,-5.38
8515.0,-5.26
8516.0,-5.41
8517.0,-5.04
8518.0,-5.07
8519.0,-5.41
8520.0,-5.02
8521.0,-5.37
8522.0,-5.08
8523.0,-5.05
8524.0,-5.28
8525.0,-5.05
8526.0,-5.04
8527.0,-5.05
8528.0,-5.04
8529.0,-5.03
8530.0,-5.48
8531.0,-5.05
8532.0,-5.01
8533.0,-5.3
8534.0,-5.23
8535.0,-5.24
8536.0,-5.1
8537.0,-5.22
8538.0,-5.3500000000000005
8539.0,-5.02
8540.0,-5.05
8541.0,-5.09
8542.0,-5.16
8543.0,-5.05
8544.0,-5.13
8545.0,-5.15
8546.0,-5.13
8547.0,-5.19
8548.0,-5.550000000000001
8549.0,-5.01
8550.0,-5.390000000000001
8551.0,-5.01
8552.0,-5.02
8553.0,-5.34
8554.0,-5.02
8555.0,-5.04
8556.0,-5.02
8557.0,-5.13
8558.0,-5.1
8559.0,-5.02
8560.0,-5.03
8561.0,-5.390000000000001
8562.0,-5.14
8563.0,-5.01
8564.0,-5.2
8565.0,-5.33
8566.0,-5.04
8567.0,-5.17
8568.0,-5.29
8569.0,-5.74
8570.0,-5.1
8571.0,-5.36
8572.0,-5.12
8573.0,-5.03
8574.0,-5.34
8575.0,-5.36
8576.0,-5.45
8577.0,-5.17
8578.0,-5.12
8579.0,-5.12
8580.0,-5.06
8581.0,-5.08
8582.0,-5.26
8583.0,-5.01
8584.0,-5.25
8585.0,-5.26
8586.0,-5.33
8587.0,-5.06
8588.0,-5.2700000000000005
8589.0,-5.08
8590.0,-5.430000000000001
8591.0,-5.07
8592.0,-5.37
8593.0,-5.03
8594.0,-5.01
8595.0,-5.22
8596.0,-5.4
8597.0,-5.13
8598.0,-5.04
8599.0,-5.3
8600.0,-5.3100000000000005
8601.0,-5.2700000000000005
8602.0,-5.38
8603.0,-5.03
8604.0,-5.02
8605.0,-5.06
8606.0,-5.12
8607.0,-5.05
8608.0,-5.06
8609.0,-5.03
8610.0,-5.04
8611.0,-5.41
8612.0,-5.59
8613.0,-5.48
8614.0,-5.02
8615.0,-5.8500000000000005
8616.0,-5.57
8617.0,-5.44
8618.0,-5.29
8619.0,-5.38
8620.0,-5.09
8621.0,-5.2
8622.0,-5.29
8623.0,-5.18
8624.0,-5.48
8625.0,-5.36
8626.0,-5.04
8627.0,-5.12
8628.0,-5.41
8629.0,-5.29
8630.0,-5.3100000000000005
8631.0,-5.02
8632.0,-5.07
8633.0,-5.49
8634.0,-5.04
8635.0,-5.04
8636.0,-5.2700000000000005
8637.0,-5.16
8638.0,-5.46
8639.0,-5.550000000000001
8640.0,-5.11
8641.0,-5.03
8642.0,-5.26
8643.0,-5.26
8644.0,-5.18
8645.0,-5.65
8646.0,-5.23
8647.0,-5.04
8648.0,-5.11
8649.0,-5.06
8650.0,-5.32
8651.0,-5.26
8652.0,-5.04
8653.0,-5.06
8654.0,-5.03
8655.0,-5.22
8656.0,-5.23
8657.0,-5.04
8658.0,-5.5
8659.0,-5.08
8660.0,-5.21
8661.0,-5.04
8662.0,-5.390000000000001
8663.0,-5.470000000000001
8664.0,-5.01
8665.0,-5.38
8666.0,-5.3
8667.0,-5.29
8668.0,-5.34
8669.0,-5.630000000000001
8670.0,-5.19
8671.0,-5.470000000000001
8672.0,-5.73
8673.0,-5.38
8674.0,-5.42
8675.0,-5.02
8676.0,-5.08
8677.0,-5.03
8678.0,-5.08
8679.0,-5.05
8680.0,-5.58
8681.0,-5.01
8682.0,-5.03
8683.0,-5.07
8684.0,-5.2
8685.0,-5.2700000000000005
8686.0,-5.02
8687.0,-5.37
8688.0,-5.06
8689.0,-5.01
8690.0,-5.02
8691.0,-5.11
8692.0,-5.07
8693.0,-5.18
8694.0,-5.01
8695.0,-5.390000000000001
8696.0,-5.06
8697.0,-5.09
8698.0,-5.49
8699.0,-5.32
8700.0,-5.24
8701.0,-5.03
8702.0,-5.4
8703.0,-5.61
8704.0,-5.02
8705.0,-5.58
8706.0,-5.23
8707.0,-5.640000000000001
8708.0,-5.28
8709.0,-5.33
8710.0,-5.69
8711.0,-1.0000000000000007
8712.0,-5.430000000000001
8713.0,-5.24
8714.0,-5.07
8715.0,-5.760000000000001
8716.0,-5.44
8717.0,-5.44
8718.0,-5.04
8719.0,-5.02
8720.0,-5.05
8721.0,-5.01
8722.0,-5.15
8723.0,-5.390000000000001
8724.0,-5.26
8725.0,-5.01
8726.0,-5.18
8727.0,-5.03
8728.0,-5.59
8729.0,-5.54
8730.0,-5.790000000000001
8731.0,-5.7
8732.0,-5.11
8733.0,-5.22
8734.0,-5.01
8735.0,-5.42
8736.0,-5.13
8737.0,-5.02
8738.0,-5.390000000000001
8739.0,-5.41
8740.0,-5.19
8741.0,-5.19
8742.0,-5.19
8743.0,-5.06
8744.0,-5.5600000000000005
8745.0,-1.0000000000000007
8746.0,-5.48
8747.0,-5.34
8748.0,-5.08
8749.0,-5.05
8750.0,-5.62
8751.0,-5.46
8752.0,-5.01
8753.0,-5.07
8754.0,-5.710000000000001
8755.0,-5.03
8756.0,-5.04
8757.0,-5.17
8758.0,-5.23
8759.0,-5.38
8760.0,-5.07
8761.0,-5.05
8762.0,-5.02
8763.0,-5.21
8764.0,-5.16
8765.0,-5.05
8766.0,-5.38
8767.0,-5.34
8768.0,-5.06
8769.0,-5.630000000000001
8770.0,-5.5
8771.0,-5.22
8772.0,-5.1
8773.0,-5.42
8774.0,-5.09
8775.0,-5.470000000000001
8776.0,-5.3100000000000005
8777.0,-5.01
8778.0,-5.01
8779.0,-5.04
8780.0,-5.4
8781.0,-5.2700000000000005
8782.0,-5.1
8783.0,-5.5200000000000005
8784.0,-5.21
8785.0,-5.04
8786.0,-5.03
8787.0,-5.2
8788.0,-5.3
8789.0,-5.05
8790.0,-5.32
8791.0,-5.09
8792.0,-5.05
8793.0,-5.2700000000000005
8794.0,-5.24
8795.0,-5.34
8796.0,-5.49
8797.0,-5.34
8798.0,-5.53
8799.0,-5.06
8800.0,-5.66
8801.0,-5.630000000000001
8802.0,-5.09
8803.0,-5.37
8804.0,-5.37
8805.0,-5.01
8806.0,-5.04
8807.0,-5.02
8808.0,-5.430000000000001
8809.0,-5.01
8810.0,-5.5
8811.0,-5.05
8812.0,-5.17
8813.0,-5.24
8814.0,-5.02
8815.0,-5.34
8816.0,-5.09
8817.0,-5.05
8818.0,-5.06
8819.0,-5.21
8820.0,-5.390000000000001
8821.0,-5.02
8822.0,-5.3100000000000005
8823.0,-5.02
8824.0,-5.07
8825.0,-5.07
8826.0,-5.02
8827.0,-5.06
8828.0,-5.02
8829.0,-5.07
8830.0,-5.05
8831.0,-5.17
8832.0,-5.23
8833.0,-5.16
8834.0,-5.890000000000001
8835.0,-5.01
8836.0,-5.03
8837.0,-5.19
8838.0,-5.430000000000001
8839.0,-5.29
8840.0,-5.2
8841.0,-5.6000000000000005
8842.0,-5.26
8843.0,-5.3100000000000005
8844.0,-5.06
8845.0,-5.05
8846.0,-5.17
8847.0,-5.38
8848.0,-5.5
8849.0,-5.04
8850.0,-5.07
8851.0,-5.04
8852.0,-5.15
8853.0,-5.03
8854.0,-5.2700000000000005
8855.0,-5.14
8856.0,-5.02
8857.0,-5.42
8858.0,-5.07
8859.0,-5.17
8860.0,-5.09
8861.0,-5.14
8862.0,-5.45
8863.0,-5.48
8864.0,-5.05
8865.0,-5.3500000000000005
8866.0,-5.05
8867.0,-5.04
8868.0,-5.54
8869.0,-5.16
8870.0,-5.03
8871.0,-5.14
8872.0,-5.07
8873.0,-5.06
8874.0,-5.680000000000001
8875.0,-5.02
8876.0,-5.51
8877.0,-5.03
8878.0,-5.57
8879.0,-5.34
8880.0,-5.22
8881.0,-5.680000000000001
8882.0,-5.25
8883.0,-5.58
8884.0,-5.2700000000000005
8885.0,-5.01
8886.0,-5.25
8887.0,-5.470000000000001
8888.0,-5.07
8889.0,-5.02
8890.0,-5.4
8891.0,-5.17
8892.0,-5.06
8893.0,-5.06
8894.0,-5.53
8895.0,-5.12
8896.0,-5.2
8897.0,-5.28
8898.0,-5.2700000000000005
8899.0,-5.01
8900.0,-5.08
8901.0,-5.04
8902.0,-5.3
8903.0,-5.3
8904.0,-5.870000000000001
8905.0,-5.11
8906.0,-5.3500000000000005
8907.0,-5.58
8908.0,-5.01
8909.0,-5.28
8910.0,-5.4
8911.0,-5.34
8912.0,-5.14
8913.0,-5.02
8914.0,-5.5200000000000005
8915.0,-5.45
8916.0,-5.66
8917.0,-5.3100000000000005
8918.0,-5.16
8919.0,-5.44
8920.0,-5.06
8921.0,-5.03
8922.0,-5.34
8923.0,-5.01
8924.0,-5.03
8925.0,-5.37
8926.0,-5.34
8927.0,-5.67
8928.0,-5.02
8929.0,-5.28
8930.0,-5.06
8931.0,-5.4
8932.0,-5.57
8933.0,-5.430000000000001
8934.0,-5.4
8935.0,-5.23
8936.0,-5.02
8937.0,-5.2
8938.0,-5.5
8939.0,-5.15
8940.0,-5.05
8941.0,-5.5200000000000005
8942.0,-5.550000000000001
8943.0,-5.37
8944.0,-5.01
8945.0,-5.18
8946.0,-5.03
8947.0,-5.45
8948.0,-5.42
8949.0,-5.58
8950.0,-5.03
8951.0,-5.01
8952.0,-5.61
8953.0,-5.28
8954.0,-5.25
8955.0,-5.21
8956.0,-5.03
8957.0,-5.18
8958.0,-5.01
8959.0,-5.2
8960.0,-5.4
8961.0,-5.430000000000001
8962.0,-5.14
8963.0,-5.06
8964.0,-5.19
8965.0,-5.02
8966.0,-5.61
8967.0,-5.24
8968.0,-5.11
8969.0,-5.22
8970.0,-5.07
8971.0,-5.12
8972.0,-5.640000000000001
8973.0,-5.13
8974.0,-5.33
8975.0,-5.01
8976.0,-5.32
8977.0,-5.21
8978.0,-5.42
8979.0,-5.45
8980.0,-5.11
8981.0,-5.05
8982.0,-5.5
8983.0,-5.2
8984.0,-5.430000000000001
8985.0,-5.640000000000001
8986.0,-5.22
8987.0,-5.430000000000001
8988.0,-5.37
8989.0,-5.34
8990.0,-5.08
8991.0,-5.25
8992.0,-5.53
8993.0,-5.12
8994.0,-5.33
8995.0,-5.05
8996.0,-5.42
8997.0,-5.34
8998.0,-5.16
8999.0,-5.12
9000.0,-5.54
9001.0,-5.26
9002.0,-5.14
9003.0,-5.54
9004.0,-5.05
9005.0,-5.75
9006.0,-5.3
9007.0,-5.01
9008.0,-5.1
9009.0,-5.11
9010.0,-5.870000000000001
9011.0,-5.840000000000001
9012.0,-5.470000000000001
9013.0,-5.42
9014.0,-5.28
9015.0,-5.430000000000001
9016.0,-5.51
9017.0,-5.09
9018.0,-5.46
9019.0,-5.2
9020.0,-5.51
9021.0,-5.02
9022.0,-5.53
9023.0,-5.02
9024.0,-5.33
9025.0,-5.09
9026.0,-5.14
9027.0,-5.18
9028.0,-5.2
9029.0,-5.45
9030.0,-5.3100000000000005
9031.0,-5.54
9032.0,-5.04
9033.0,-5.3500000000000005
9034.0,-5.25
9035.0,-5.2
9036.0,-5.390000000000001
9037.0,-5.34
9038.0,-5.33
9039.0,-5.49
9040.0,-5.32
9041.0,-5.4
9042.0,-5.05
9043.0,-5.01
9044.0,-5.24
9045.0,-5.03
9046.0,-5.34
9047.0,-5.44
9048.0,-5.41
9049.0,-5.02
9050.0,-5.15
9051.0,-5.44
9052.0,-5.54
9053.0,-5.06
9054.0,-5.6000000000000005
9055.0,-5.04
9056.0,-5.22
9057.0,-5.02
9058.0,-5.01
9059.0,-5.01
9060.0,-5.07
9061.0,-5.05
9062.0,-5.02
9063.0,-5.02
9064.0,-5.8100000000000005
9065.0,-5.02
9066.0,-5.3100000000000005
9067.0,-5.03
9068.0,-5.09
9069.0,-5.02
9070.0,-5.05
9071.0,-5.38
9072.0,-5.3100000000000005
9073.0,-5.32
9074.0,-5.550000000000001
9075.0,-5.32
9076.0,-5.01
9077.0,-5.38
9078.0,-5.11
9079.0,-5.41
9080.0,-5.66
9081.0,-5.01
9082.0,-5.03
9083.0,-5.33
9084.0,-5.46
9085.0,-5.05
9086.0,-5.25
9087.0,-5.3
9088.0,-5.13
9089.0,-5.4
9090.0,-5.22
9091.0,-5.29
9092.0,-5.23
9093.0,-5.38
9094.0,-5.23
9095.0,-5.390000000000001
9096.0,-5.550000000000001
9097.0,-5.02
9098.0,-5.870000000000001
9099.0,-5.18
9100.0,-5.48
9101.0,-5.38
9102.0,-5.09
9103.0,-5.83
9104.0,-5.02
9105.0,-5.02
9106.0,-5.2700000000000005
9107.0,-5.01
9108.0,-5.02
9109.0,-5.18
9110.0,-5.62
9111.0,-5.430000000000001
9112.0,-5.02
9113.0,-5.13
9114.0,-5.49
9115.0,-5.25
9116.0,-5.03
9117.0,-5.61
9118.0,-5.2
9119.0,-5.49
9120.0,-5.44
9121.0,-5.02
9122.0,-5.26
9123.0,-5.09
9124.0,-5.41
9125.0,-5.44
9126.0,-5.12
9127.0,-1.0000000000000007
9128.0,-5.06
9129.0,-5.22
9130.0,-5.07
9131.0,-5.34
9132.0,-5.1
9133.0,-5.07
9134.0,-5.02
9135.0,-5.21
9136.0,-5.4
9137.0,-5.4
9138.0,-5.14
9139.0,-5.390000000000001
9140.0,-5.02
9141.0,-5.59
9142.0,-5.25
9143.0,-5.26
9144.0,-5.18
9145.0,-5.24
9146.0,-5.03
9147.0,-1.0000000000000007
9148.0,-5.18
9149.0,-5.02
9150.0,-5.05
9151.0,-5.07
9152.0,-5.05
9153.0,-5.02
9154.0,-5.920000000000001
9155.0,-5.06
9156.0,-5.23
9157.0,-5.2
9158.0,-5.49
9159.0,-5.24
9160.0,-5.2
9161.0,-5.03
9162.0,-5.3100000000000005
9163.0,-5.02
9164.0,-5.08
9165.0,-5.08
9166.0,-5.2
9167.0,-5.02
9168.0,-5.3
9169.0,-5.3100000000000005
9170.0,-5.07
9171.0,-5.18
9172.0,-5.01
9173.0,-5.05
9174.0,-5.390000000000001
9175.0,-5.51
9176.0,-5.19
9177.0,-5.19
9178.0,-5.06
9179.0,-5.24
9180.0,-5.4
9181.0,-5.26
9182.0,-5.24
9183.0,-5.23
9184.0,-5.06
9185.0,-5.23
9186.0,-1.0000000000000007
9187.0,-5.06
9188.0,-5.02
9189.0,-5.03
9190.0,-5.29
9191.0,-5.02
9192.0,-5.05
9193.0,-5.12
9194.0,-5.29
9195.0,-5.05
9196.0,-5.1
9197.0,-5.03
9198.0,-5.32
9199.0,-5.02
9200.0,-5.02
9201.0,-5.42
9202.0,-5.17
9203.0,-5.07
9204.0,-5.04
9205.0,-5.25
9206.0,-5.45
9207.0,-5.02
9208.0,-5.11
9209.0,-5.73
9210.0,-5.33
9211.0,-5.57
9212.0,-5.46
9213.0,-5.48
9214.0,-5.42
9215.0,-5.06
9216.0,-5.640000000000001
9217.0,-5.3
9218.0,-5.630000000000001
9219.0,-5.48
9220.0,-5.14
9221.0,-5.17
9222.0,-5.01
9223.0,-5.19
9224.0,-5.470000000000001
9225.0,-5.15
9226.0,-5.29
9227.0,-5.19
9228.0,-5.21
9229.0,-5.38
9230.0,-5.06
9231.0,-5.02
9232.0,-5.53
9233.0,-5.03
9234.0,-5.21
9235.0,-5.550000000000001
9236.0,-5.67
9237.0,-5.05
9238.0,-5.3500000000000005
9239.0,-5.49
9240.0,-5.1
9241.0,-5.02
9242.0,-5.05
9243.0,-5.25
9244.0,-5.29
9245.0,-5.69
9246.0,-5.04
9247.0,-5.21
9248.0,-5.05
9249.0,-5.53
9250.0,-5.5
9251.0,-5.2700000000000005
9252.0,-5.02
9253.0,-5.34
9254.0,-5.05
9255.0,-5.03
9256.0,-5.02
9257.0,-5.46
9258.0,-5.02
9259.0,-5.38
9260.0,-5.58
9261.0,-5.02
9262.0,-5.12
9263.0,-5.15
9264.0,-5.2700000000000005
9265.0,-5.3100000000000005
9266.0,-5.22
9267.0,-5.19
9268.0,-5.44
9269.0,-5.44
9270.0,-5.38
9271.0,-5.19
9272.0,-5.06
9273.0,-5.22
9274.0,-5.16
9275.0,-5.03
9276.0,-5.07
9277.0,-5.03
9278.0,-5.8100000000000005
9279.0,-5.08
9280.0,-5.03
9281.0,-1.0000000000000007
9282.0,-5.02
9283.0,-5.02
9284.0,-5.19
9285.0,-5.390000000000001
9286.0,-5.04
9287.0,-5.13
9288.0,-5.2700000000000005
9289.0,-5.66
9290.0,-5.48
9291.0,-5.29
9292.0,-5.18
9293.0,-5.02
9294.0,-5.22
9295.0,-5.48
9296.0,-5.51
9297.0,-5.25
9298.0,-5.2700000000000005
9299.0,-5.05
9300.0,-5.03
9301.0,-5.28
9302.0,-5.45
9303.0,-5.29
9304.0,-5.41
9305.0,-5.06
9306.0,-5.04
9307.0,-5.04
9308.0,-5.03
9309.0,-5.04
9310.0,-5.54
9311.0,-5.04
9312.0,-5.02
9313.0,-5.07
9314.0,-5.07
9315.0,-5.26
9316.0,-5.2700000000000005
9317.0,-5.01
9318.0,-5.44
9319.0,-5.04
9320.0,-5.02
9321.0,-5.1
9322.0,-5.01
9323.0,-5.1
9324.0,-5.7
9325.0,-5.04
9326.0,-5.04
9327.0,-5.06
9328.0,-5.49
9329.0,-5.3
9330.0,-5.06
9331.0,-5.5
9332.0,-5.2
9333.0,-5.26
9334.0,-5.04
9335.0,-5.21
9336.0,-5.630000000000001
9337.0,-5.07
9338.0,-5.45
9339.0,-1.0000000000000007
9340.0,-5.18
9341.0,-5.25
9342.0,-5.07
9343.0,-5.29
9344.0,-5.02
9345.0,-5.01
9346.0,-5.07
9347.0,-5.06
9348.0,-5.03
9349.0,-5.61
9350.0,-5.02
9351.0,-5.22
9352.0,-5.13
9353.0,-5.21
9354.0,-5.01
9355.0,-5.03
9356.0,-5.36
9357.0,-5.15
9358.0,-5.1
9359.0,-5.4
9360.0,-5.41
9361.0,-5.08
9362.0,-5.18
9363.0,-5.870000000000001
9364.0,-5.25
9365.0,-5.1
9366.0,-5.08
9367.0,-5.02
9368.0,-5.02
9369.0,-5.08
9370.0,-5.66
9371.0,-5.2
9372.0,-5.53
9373.0,-5.3
9374.0,-5.5200000000000005
9375.0,-5.09
9376.0,-5.59
9377.0,-5.1
9378.0,-5.15
9379.0,-5.17
9380.0,-5.12
9381.0,-5.03
9382.0,-5.960000000000001
9383.0,-5.16
9384.0,-5.04
9385.0,-5.01
9386.0,-5.1
9387.0,-5.18
9388.0,-5.02
9389.0,-5.46
9390.0,-5.04
9391.0,-5.33
9392.0,-5.07
9393.0,-5.03
9394.0,-5.17
9395.0,-5.04
9396.0,-5.45
9397.0,-5.04
9398.0,-5.3100000000000005
9399.0,-5.3500000000000005
9400.0,-5.4
9401.0,-5.07
9402.0,-5.48
9403.0,-5.25
9404.0,-5.06
9405.0,-5.25
9406.0,-5.58
9407.0,-5.03
9408.0,-5.02
9409.0,-5.01
9410.0,-5.36
9411.0,-5.09
9412.0,-5.53
9413.0,-5.21
9414.0,-5.1
9415.0,-5.06
9416.0,-5.37
9417.0,-5.29
9418.0,-5.2700000000000005
9419.0,-5.51
9420.0,-5.3
9421.0,-5.07
9422.0,-5.03
9423.0,-5.46
9424.0,-5.44
9425.0,-5.5600000000000005
9426.0,-5.37
9427.0,-5.08
9428.0,-5.02
9429.0,-5.13
9430.0,-5.25
9431.0,-5.07
9432.0,-5.16
9433.0,-5.11
9434.0,-5.09
9435.0,-5.3
9436.0,-5.44
9437.0,-5.25
9438.0,-5.51
9439.0,-5.05
9440.0,-5.08
9441.0,-5.11
9442.0,-5.04
9443.0,-5.06
9444.0,-5.5
9445.0,-5.11
9446.0,-5.06
9447.0,-5.42
9448.0,-5.74
9449.0,-5.03
9450.0,-5.28
9451.0,-5.04
9452.0,-5.26
9453.0,-5.13
9454.0,-5.28
9455.0,-5.3100000000000005
9456.0,-5.25
9457.0,-5.08
9458.0,-5.430000000000001
9459.0,-5.02
9460.0,-5.94
9461.0,-5.01
9462.0,-5.02
9463.0,-5.19
9464.0,-5.3100000000000005
9465.0,-5.32
9466.0,-5.04
9467.0,-5.5
9468.0,-5.53
9469.0,-1.0000000000000007
9470.0,-5.19
9471.0,-5.03
9472.0,-5.02
9473.0,-5.38
9474.0,-5.02
9475.0,-5.61
9476.0,-5.02
9477.0,-5.02
9478.0,-5.5200000000000005
9479.0,-5.28
9480.0,-5.16
9481.0,-5.3100000000000005
9482.0,-5.11
9483.0,-5.67
9484.0,-5.38
9485.0,-5.01
9486.0,-5.26
9487.0,-5.21
9488.0,-5.19
9489.0,-5.08
9490.0,-5.07
9491.0,-5.32
9492.0,-5.05
9493.0,-5.07
9494.0,-1.0000000000000007
9495.0,-5.41
9496.0,-5.23
9497.0,-5.08
9498.0,-5.09
9499.0,-5.13
9500.0,-5.18
9501.0,-1.0000000000000007
9502.0,-5.720000000000001
9503.0,-5.1
9504.0,-5.04
9505.0,-5.25
9506.0,-5.08
9507.0,-5.05
9508.0,-5.8500000000000005
9509.0,-5.08
9510.0,-5.21
9511.0,-5.28
9512.0,-5.26
9513.0,-5.3500000000000005
9514.0,-5.02
9515.0,-5.01
9516.0,-5.2
9517.0,-5.11
9518.0,-5.4
9519.0,-5.01
9520.0,-5.06
9521.0,-5.28
9522.0,-5.03
9523.0,-5.19
9524.0,-5.45
9525.0,-5.26
9526.0,-5.3500000000000005
9527.0,-5.03
9528.0,-5.25
9529.0,-5.13
9530.0,-5.09
9531.0,-5.07
9532.0,-5.950000000000001
9533.0,-5.36
9534.0,-5.01
9535.0,-5.11
9536.0,-5.29
9537.0,-5.3100000000000005
9538.0,-5.640000000000001
9539.0,-5.01
9540.0,-5.09
9541.0,-5.33
9542.0,-5.22
9543.0,-5.550000000000001
9544.0,-5.11
9545.0,-5.04
9546.0,-5.65
9547.0,-5.07
9548.0,-5.07
9549.0,-5.1
9550.0,-5.41
9551.0,-5.390000000000001
9552.0,-5.18
9553.0,-5.2
9554.0,-5.38
9555.0,-5.05
9556.0,-5.04
9557.0,-5.11
9558.0,-5.25
9559.0,-5.15
9560.0,-5.14
9561.0,-5.3100000000000005
9562.0,-5.36
9563.0,-5.14
9564.0,-5.05
9565.0,-5.19
9566.0,-5.630000000000001
9567.0,-5.08
9568.0,-5.3
9569.0,-5.66
9570.0,-5.550000000000001
9571.0,-5.37
9572.0,-5.41
9573.0,-5.26
9574.0,-5.02
9575.0,-5.06
9576.0,-5.09
9577.0,-5.6000000000000005
9578.0,-5.04
9579.0,-5.16
9580.0,-5.640000000000001
9581.0,-5.02
9582.0,-5.13
9583.0,-5.04
9584.0,-5.05
9585.0,-5.01
9586.0,-5.11
9587.0,-5.08
9588.0,-5.02
9589.0,-5.36
9590.0,-5.49
9591.0,-5.42
9592.0,-5.09
9593.0,-5.06
9594.0,-5.34
9595.0,-5.28
9596.0,-5.13
9597.0,-5.38
9598.0,-5.26
9599.0,-5.18
9600.0,-5.4
9601.0,-5.5
9602.0,-5.32
9603.0,-5.08
9604.0,-5.2700000000000005
9605.0,-5.54
9606.0,-5.48
9607.0,-5.16
9608.0,-5.2
9609.0,-5.04
9610.0,-5.33
9611.0,-5.3100000000000005
9612.0,-5.16
9613.0,-5.02
9614.0,-5.06
9615.0,-5.01
9616.0,-5.29
9617.0,-5.3100000000000005
9618.0,-5.390000000000001
9619.0,-5.05
9620.0,-5.45
9621.0,-5.09
9622.0,-5.12
9623.0,-5.75
9624.0,-5.36
9625.0,-5.04
9626.0,-5.2700000000000005
9627.0,-5.48
9628.0,-5.02
9629.0,-5.49
9630.0,-5.02
9631.0,-5.1
9632.0,-5.45
9633.0,-5.41
9634.0,-5.390000000000001
9635.0,-5.08
9636.0,-5.390000000000001
9637.0,-5.06
9638.0,-5.03
9639.0,-5.09
9640.0,-5.13
9641.0,-5.01
9642.0,-5.21
9643.0,-5.26
9644.0,-5.14
9645.0,-5.03
9646.0,-5.2
9647.0,-5.45
9648.0,-5.06
9649.0,-5.45
9650.0,-5.17
9651.0,-5.13
9652.0,-5.23
9653.0,-5.04
9654.0,-5.04
9655.0,-5.28
9656.0,-5.36
9657.0,-5.07
9658.0,-5.05
9659.0,-5.4
9660.0,-5.06
9661.0,-5.09
9662.0,-5.54
9663.0,-5.41
9664.0,-5.05
9665.0,-5.17
9666.0,-5.02
9667.0,-5.37
9668.0,-5.05
9669.0,-5.720000000000001
9670.0,-5.01
9671.0,-5.11
9672.0,-5.04
9673.0,-5.12
9674.0,-5.2
9675.0,-5.03
9676.0,-5.22
9677.0,-5.37
9678.0,-5.44
9679.0,-5.37
9680.0,-5.3
9681.0,-5.04
9682.0,-5.08
9683.0,-5.22
9684.0,-5.33
9685.0,-5.1
9686.0,-5.03
9687.0,-5.03
9688.0,-5.11
9689.0,-5.03
9690.0,-5.07
9691.0,-5.1
9692.0,-5.7
9693.0,-5.46
9694.0,-5.790000000000001
9695.0,-5.02
9696.0,-5.12
9697.0,-5.46
9698.0,-5.69
9699.0,-5.11
9700.0,-5.08
9701.0,-5.14
9702.0,-5.21
9703.0,-5.48
9704.0,-5.06
9705.0,-5.65
9706.0,-5.02
9707.0,-5.42
9708.0,-5.06
9709.0,-5.37
9710.0,-5.65
9711.0,-5.09
9712.0,-5.69
9713.0,-5.02
9714.0,-5.57
9715.0,-5.11
9716.0,-5.04
9717.0,-5.05
9718.0,-5.66
9719.0,-5.37
9720.0,-5.3
9721.0,-5.5600000000000005
9722.0,-5.24
9723.0,-5.14
9724.0,-5.16
9725.0,-5.25
9726.0,-1.0000000000000007
9727.0,-5.37
9728.0,-5.08
9729.0,-5.01
9730.0,-5.640000000000001
9731.0,-5.04
9732.0,-5.36
9733.0,-5.21
9734.0,-5.550000000000001
9735.0,-5.32
9736.0,-5.04
9737.0,-5.05
9738.0,-5.65
9739.0,-5.02
9740.0,-5.03
9741.0,-5.06
9742.0,-5.04
9743.0,-5.02
9744.0,-5.05
9745.0,-5.54
9746.0,-5.49
9747.0,-5.42
9748.0,-5.21
9749.0,-5.07
9750.0,-5.06
9751.0,-5.29
9752.0,-5.03
9753.0,-5.03
9754.0,-5.58
9755.0,-5.29
9756.0,-5.24
9757.0,-5.09
9758.0,-5.42
9759.0,-5.02
9760.0,-1.0000000000000007
9761.0,-5.02
9762.0,-5.7700000000000005
9763.0,-5.09
9764.0,-1.0000000000000007
9765.0,-5.08
9766.0,-5.17
9767.0,-5.3
9768.0,-5.54
9769.0,-5.02
9770.0,-5.2700000000000005
9771.0,-5.05
9772.0,-5.02
9773.0,-5.2
9774.0,-5.57
9775.0,-5.07
9776.0,-5.44
9777.0,-5.02
9778.0,-5.32
9779.0,-5.790000000000001
9780.0,-5.710000000000001
9781.0,-5.04
9782.0,-5.73
9783.0,-5.2
9784.0,-5.02
9785.0,-5.01
9786.0,-5.01
9787.0,-5.6000000000000005
9788.0,-5.390000000000001
9789.0,-5.07
9790.0,-5.42
9791.0,-5.04
9792.0,-5.03
9793.0,-5.06
9794.0,-5.3
9795.0,-5.06
9796.0,-5.59
9797.0,-5.3
9798.0,-5.03
9799.0,-5.36
9800.0,-5.28
9801.0,-5.430000000000001
9802.0,-5.14
9803.0,-5.24
9804.0,-5.920000000000001
9805.0,-5.08
9806.0,-5.32
9807.0,-5.21
9808.0,-5.22
9809.0,-5.03
9810.0,-5.09
9811.0,-5.17
9812.0,-5.920000000000001
9813.0,-5.04
9814.0,-5.12
9815.0,-5.04
9816.0,-5.3
9817.0,-5.2700000000000005
9818.0,-5.44
9819.0,-5.41
9820.0,-5.25
9821.0,-5.01
9822.0,-5.3500000000000005
9823.0,-5.23
9824.0,-5.02
9825.0,-5.44
9826.0,-5.01
9827.0,-5.550000000000001
9828.0,-5.03
9829.0,-5.470000000000001
9830.0,-5.06
9831.0,-5.51
9832.0,-5.3100000000000005
9833.0,-5.02
9834.0,-5.09
9835.0,-5.18
9836.0,-5.01
9837.0,-5.28
9838.0,-5.41
9839.0,-5.02
9840.0,-5.38
9841.0,-1.0000000000000007
9842.0,-5.37
9843.0,-5.41
9844.0,-5.970000000000001
9845.0,-5.2
9846.0,-5.1
9847.0,-5.32
9848.0,-5.1
9849.0,-5.06
9850.0,-5.790000000000001
9851.0,-5.800000000000001
9852.0,-5.02
9853.0,-5.04
9854.0,-5.53
9855.0,-5.48
9856.0,-5.720000000000001
9857.0,-5.02
9858.0,-5.09
9859.0,-5.17
9860.0,4.17
9861.0,-5.640000000000001
9862.0,-5.37
9863.0,-5.14
9864.0,-5.08
9865.0,-5.14
9866.0,-5.21
9867.0,-5.34
9868.0,-5.26
9869.0,-5.2700000000000005
9870.0,-5.29
9871.0,-5.23
9872.0,-5.22
9873.0,-5.2
9874.0,-5.760000000000001
9875.0,-5.32
9876.0,-1.0000000000000007
9877.0,-5.02
9878.0,-5.04
9879.0,-5.08
9880.0,-5.710000000000001
9881.0,-5.34
9882.0,-5.26
9883.0,-5.41
9884.0,-5.08
9885.0,-5.1
9886.0,-5.29
9887.0,-5.62
9888.0,-5.8100000000000005
9889.0,-5.13
9890.0,-5.04
9891.0,-5.14
9892.0,-5.46
9893.0,-5.34
9894.0,-5.12
9895.0,-5.04
9896.0,-5.74
9897.0,-5.04
9898.0,-5.16
9899.0,-5.41
9900.0,-5.3100000000000005
9901.0,-5.14
9902.0,-5.21
9903.0,-5.790000000000001
9904.0,-5.5600000000000005
9905.0,-5.32
9906.0,-5.14
9907.0,-5.3500000000000005
9908.0,-5.2
9909.0,-5.29
9910.0,-5.02
9911.0,-5.470000000000001
9912.0,-5.18
9913.0,-5.34
9914.0,-5.49
9915.0,4.109999999999999
9916.0,-5.03
9917.0,-5.34
9918.0,-5.6000000000000005
9919.0,-5.48
9920.0,-5.9
9921.0,-5.23
9922.0,-5.09
9923.0,-5.57
9924.0,-5.18
9925.0,-5.4
9926.0,-5.07
9927.0,-5.44
9928.0,-5.2700000000000005
9929.0,-5.33
9930.0,-5.1
9931.0,-5.3
9932.0,-5.08
9933.0,-5.38
9934.0,-5.04
9935.0,-5.06
9936.0,-5.33
9937.0,-5.03
9938.0,-5.07
9939.0,-5.13
9940.0,-5.28
9941.0,-5.46
9942.0,-5.430000000000001
9943.0,-5.22
9944.0,-5.41
9945.0,-5.02
9946.0,-5.390000000000001
9947.0,-5.03
9948.0,-5.51
9949.0,-5.32
9950.0,-5.24
9951.0,-5.18
9952.0,-5.1
9953.0,-5.19
9954.0,-5.65
9955.0,-5.5
9956.0,-5.06
9957.0,-5.01
9958.0,-5.05
9959.0,-5.3
9960.0,-5.5600000000000005
9961.0,-5.12
9962.0,-5.24
9963.0,-5.3
9964.0,-5.66
9965.0,-5.32
9966.0,-5.06
9967.0,-5.4
9968.0,-5.73
9969.0,-5.02
9970.0,-5.02
9971.0,-5.09
9972.0,-5.33
9973.0,-5.26
9974.0,-5.02
9975.0,-5.3100000000000005
9976.0,-5.58
9977.0,-5.12
9978.0,-5.16
9979.0,-5.12
9980.0,-5.03
9981.0,-5.470000000000001
9982.0,-5.1
9983.0,-5.38
9984.0,-5.3100000000000005
9985.0,-5.23
9986.0,-5.15
9987.0,-5.07
9988.0,-5.2
9989.0,-5.05
9990.0,-5.11
9991.0,-5.37
9992.0,-5.09
9993.0,-5.8100000000000005
9994.0,-5.24
9995.0,-5.18
9996.0,-5.2700000000000005
9997.0,-5.02
9998.0,-5.5
9999.0,-5.05
10000.0,-5.36
10001.0,-5.03
10002.0,-5.03
10003.0,-5.07
10004.0,-5.65
10005.0,-5.61
10006.0,-5.62
10007.0,-5.04
10008.0,-5.01
10009.0,-5.800000000000001
10010.0,-5.2700000000000005
10011.0,-5.3
10012.0,-5.09
10013.0,-5.8100000000000005
10014.0,-5.09
10015.0,-5.06
10016.0,-5.790000000000001
10017.0,-5.09
10018.0,-5.02
10019.0,-5.01
10020.0,-5.1
10021.0,-5.11
10022.0,-5.15
10023.0,-5.34
10024.0,-5.17
10025.0,-5.08
10026.0,-5.29
10027.0,-5.12
10028.0,-5.33
10029.0,-5.7
10030.0,-5.06
10031.0,-5.3
10032.0,-5.58
10033.0,-5.13
10034.0,-5.05
10035.0,-5.02
10036.0,-5.37
10037.0,-5.36
10038.0,-5.28
10039.0,-5.08
10040.0,-5.36
10041.0,-5.2
10042.0,-5.33
10043.0,-5.44
10044.0,-5.44
10045.0,-5.15
10046.0,-5.11
10047.0,-5.23
10048.0,-5.23
10049.0,-5.51
10050.0,-5.67
10051.0,-5.02
10052.0,-5.13
10053.0,-5.08
10054.0,-5.24
10055.0,-5.53
10056.0,-5.08
10057.0,-1.0000000000000007
10058.0,-5.03
10059.0,-5.65
10060.0,-5.5200000000000005
10061.0,-5.11
10062.0,-5.22
10063.0,-5.07
10064.0,-5.01
10065.0,-5.04
10066.0,-5.5
10067.0,-5.08
10068.0,-5.13
10069.0,-5.49
10070.0,-5.38
10071.0,-5.32
10072.0,-5.02
10073.0,-5.22
10074.0,-5.5
10075.0,-5.1
10076.0,-5.08
10077.0,-5.66
10078.0,-5.6000000000000005
10079.0,-5.01
10080.0,-5.08
10081.0,-5.26
10082.0,-5.07
10083.0,-5.09
10084.0,-5.01
10085.0,-5.83
10086.0,-5.01
10087.0,-5.29
10088.0,-5.430000000000001
10089.0,-5.2700000000000005
10090.0,-5.07
10091.0,-5.3500000000000005
10092.0,-5.53
10093.0,-5.04
10094.0,-5.02
10095.0,-5.06
10096.0,-5.05
10097.0,-5.45
10098.0,-5.14
10099.0,4.14
10100.0,-5.02
10101.0,-5.02
10102.0,-5.4
10103.0,-5.17
10104.0,-5.21
10105.0,-5.42
10106.0,-5.09
10107.0,-5.61
10108.0,-5.21
10109.0,-5.08
10110.0,-5.15
10111.0,-5.390000000000001
10112.0,-5.54
10113.0,-5.950000000000001
10114.0,-5.1
10115.0,-5.4
10116.0,-5.22
10117.0,-5.83
10118.0,-5.04
10119.0,-5.710000000000001
10120.0,-5.7
10121.0,-5.02
10122.0,-5.24
10123.0,-5.04
10124.0,-5.17
10125.0,-5.44
10126.0,-5.25
10127.0,-5.02
10128.0,-5.02
10129.0,-5.06
10130.0,-5.04
10131.0,-5.09
10132.0,-5.14
10133.0,-5.04
10134.0,-5.67
10135.0,-5.04
10136.0,-5.67
10137.0,-5.390000000000001
10138.0,-5.01
10139.0,-5.12
10140.0,-5.02
10141.0,-5.34
10142.0,-5.3100000000000005
10143.0,-5.15
10144.0,-5.46
10145.0,-5.29
10146.0,-5.21
10147.0,-5.16
10148.0,-5.03
10149.0,-5.18
10150.0,-5.48
10151.0,-5.06
10152.0,-5.2
10153.0,-5.05
10154.0,-5.28
10155.0,-5.23
10156.0,-5.470000000000001
10157.0,-5.5200000000000005
10158.0,-5.49
10159.0,-5.06
10160.0,-5.17
10161.0,-5.390000000000001
10162.0,-5.57
10163.0,-5.470000000000001
10164.0,-5.06
10165.0,-5.34
10166.0,-5.29
10167.0,-5.06
10168.0,-5.33
10169.0,-5.62
10170.0,-5.19
10171.0,-5.02
10172.0,-5.04
10173.0,-5.470000000000001
10174.0,-5.06
10175.0,-5.57
10176.0,-5.59
10177.0,-5.02
10178.0,-5.58
10179.0,-5.18
10180.0,-5.430000000000001
10181.0,-5.15
10182.0,-5.07
10183.0,-5.41
10184.0,-5.29
10185.0,-5.08
10186.0,-5.38
10187.0,-5.21
10188.0,-5.920000000000001
10189.0,-5.02
10190.0,-5.18
10191.0,-5.03
10192.0,-5.37
10193.0,-5.75
10194.0,-5.05
10195.0,-5.02
10196.0,-5.28
10197.0,-5.57
10198.0,-5.22
10199.0,-5.21
10200.0,-5.11
10201.0,-5.01
10202.0,-5.3100000000000005
10203.0,-5.45
10204.0,-5.08
10205.0,-5.3500000000000005
10206.0,-5.61
10207.0,-5.07
10208.0,-5.38
10209.0,-5.17
10210.0,-5.02
10211.0,-5.7700000000000005
10212.0,-5.24
10213.0,-5.430000000000001
10214.0,-5.1
10215.0,-5.23
10216.0,-5.01
10217.0,-5.760000000000001
10218.0,-5.09
10219.0,-5.02
10220.0,4.289999999999999
10221.0,-5.06
10222.0,-5.08
10223.0,-5.05
10224.0,-5.21
10225.0,-5.59
10226.0,-5.29
10227.0,-5.2700000000000005
10228.0,-5.02
10229.0,-5.3
10230.0,-5.37
10231.0,-5.61
10232.0,-5.04
10233.0,-5.02
10234.0,-5.03
10235.0,-5.26
10236.0,-5.17
10237.0,-5.54
10238.0,-5.3100000000000005
10239.0,-5.04
10240.0,-5.04
10241.0,-5.26
10242.0,-5.49
10243.0,-5.7
10244.0,-5.06
10245.0,-5.33
10246.0,-5.61
10247.0,-5.04
10248.0,-5.17
10249.0,-5.21
10250.0,-5.04
10251.0,-5.38
10252.0,-5.57
10253.0,-5.8100000000000005
10254.0,-5.45
10255.0,-5.390000000000001
10256.0,-5.19
10257.0,-5.24
10258.0,-5.25
10259.0,-5.3100000000000005
10260.0,-5.46
10261.0,-5.08
10262.0,-1.0000000000000007
10263.0,-1.0000000000000007
10264.0,-5.17
10265.0,-5.08
10266.0,-5.1
10267.0,-5.45
10268.0,-5.19
10269.0,-5.07
10270.0,-5.34
10271.0,-5.630000000000001
10272.0,-5.42
10273.0,-5.04
10274.0,-5.04
10275.0,-5.36
10276.0,-5.19
10277.0,-5.36
10278.0,-5.07
10279.0,-5.29
10280.0,-5.03
10281.0,-5.23
10282.0,-5.32
10283.0,-5.29
10284.0,-5.08
10285.0,-5.1
10286.0,-5.6000000000000005
10287.0,-5.04
10288.0,-5.01
10289.0,-5.16
10290.0,-5.06
10291.0,-5.98
10292.0,-5.19
10293.0,-5.51
10294.0,-5.08
10295.0,-5.36
10296.0,-5.01
10297.0,-5.07
10298.0,-5.3500000000000005
10299.0,-5.45
10300.0,-5.33
10301.0,-5.46
10302.0,-5.37
10303.0,-5.51
10304.0,-5.1
10305.0,-5.32
10306.0,-5.05
10307.0,-5.07
10308.0,-5.04
10309.0,-5.03
10310.0,-5.51
10311.0,-5.08
10312.0,-5.04
10313.0,-5.33
10314.0,-5.29
10315.0,-5.04
10316.0,-5.59
10317.0,-5.12
10318.0,-5.04
10319.0,-5.03
10320.0,-5.01
10321.0,-5.6000000000000005
10322.0,-5.01
10323.0,-5.05
10324.0,-5.08
10325.0,-5.3
10326.0,-5.3100000000000005
10327.0,-5.3
10328.0,-5.06
10329.0,-5.65
10330.0,-5.09
10331.0,-5.06
10332.0,-5.04
10333.0,-5.04
10334.0,-5.720000000000001
10335.0,-5.32
10336.0,-5.05
10337.0,-5.01
10338.0,-5.02
10339.0,-5.07
10340.0,-5.02
10341.0,-5.25
10342.0,-5.09
10343.0,-5.19
10344.0,-5.66
10345.0,-5.04
10346.0,-5.01
10347.0,-1.0000000000000007
10348.0,-5.02
10349.0,-5.32
10350.0,-5.890000000000001
10351.0,-5.03
10352.0,-5.04
10353.0,-5.3
10354.0,-5.04
10355.0,-5.08
10356.0,-5.02
10357.0,-5.390000000000001
10358.0,-5.12
10359.0,-5.33
10360.0,-5.53
10361.0,-5.8100000000000005
10362.0,-5.07
10363.0,-5.54
10364.0,-5.28
10365.0,-5.08
10366.0,-5.01
10367.0,-5.04
10368.0,-5.26
10369.0,-5.37
10370.0,-5.09
10371.0,-5.05
10372.0,-5.3
10373.0,-5.01
10374.0,-5.18
10375.0,-5.11
10376.0,-5.3100000000000005
10377.0,-5.29
10378.0,-5.430000000000001
10379.0,-5.03
10380.0,-5.3500000000000005
10381.0,-5.32
10382.0,-5.7700000000000005
10383.0,-5.36
10384.0,-5.57
10385.0,-5.24
10386.0,-5.01
10387.0,-5.09
10388.0,-5.2
10389.0,-5.890000000000001
10390.0,-5.02
10391.0,-5.03
10392.0,-5.34
10393.0,-5.01
10394.0,-5.2
10395.0,-5.02
10396.0,-5.18
10397.0,-5.33
10398.0,-5.36
10399.0,-5.02
10400.0,-1.0000000000000007
10401.0,-5.14
10402.0,-1.0000000000000007
10403.0,-5.74
10404.0,-5.49
10405.0,-5.05
10406.0,-5.02
10407.0,-5.03
10408.0,-5.34
10409.0,-5.2
10410.0,-5.04
10411.0,-5.34
10412.0,-5.3500000000000005
10413.0,-5.21
10414.0,-5.3500000000000005
10415.0,-5.09
10416.0,-5.29
10417.0,-5.21
10418.0,-5.390000000000001
10419.0,-5.07
10420.0,-5.25
10421.0,-5.05
10422.0,-5.53
10423.0,-5.15
10424.0,-5.08
10425.0,-5.26
10426.0,-5.14
10427.0,-5.13
10428.0,-5.430000000000001
10429.0,-5.05
10430.0,-5.02
10431.0,-5.23
10432.0,-5.33
10433.0,-5.17
10434.0,-5.03
10435.0,-5.390000000000001
10436.0,-5.25
10437.0,-5.49
10438.0,-5.59
10439.0,-5.05
10440.0,-5.03
10441.0,-5.470000000000001
10442.0,-5.550000000000001
10443.0,-5.12
10444.0,-5.930000000000001
10445.0,-5.2
10446.0,-5.37
10447.0,-5.470000000000001
10448.0,-5.1
10449.0,-5.2
10450.0,-5.01
10451.0,-5.41
10452.0,-5.17
10453.0,-5.390000000000001
10454.0,-5.29
10455.0,-5.04
10456.0,-5.430000000000001
10457.0,-5.13
10458.0,-5.51
10459.0,-5.26
10460.0,-5.11
10461.0,-5.04
10462.0,-5.5200000000000005
10463.0,-5.45
10464.0,-5.03
10465.0,-1.0000000000000007
10466.0,-5.5600000000000005
10467.0,-5.4
10468.0,-5.06
10469.0,-5.02
10470.0,-5.37
10471.0,-5.03
10472.0,-5.12
10473.0,-5.05
10474.0,-5.02
10475.0,-5.06
10476.0,-5.34
10477.0,-5.02
10478.0,-5.23
10479.0,-5.470000000000001
10480.0,-5.02
10481.0,-5.02
10482.0,-5.33
10483.0,-5.3100000000000005
10484.0,-5.3500000000000005
10485.0,-5.49
10486.0,-5.51
10487.0,-5.08
10488.0,-5.01
10489.0,-5.11
10490.0,-5.04
10491.0,-5.37
10492.0,-5.28
10493.0,-5.74
10494.0,-5.46
10495.0,-5.470000000000001
10496.0,-5.41
10497.0,-5.3
10498.0,-5.44
10499.0,-5.07
10500.0,-5.2700000000000005
10501.0,-5.430000000000001
10502.0,-5.04
10503.0,-5.1
10504.0,-5.05
10505.0,-5.46
10506.0,-5.62
10507.0,-5.19
10508.0,-5.02
10509.0,-5.24
10510.0,-5.05
10511.0,-5.7
10512.0,-5.05
10513.0,-5.65
10514.0,-5.02
10515.0,-5.06
10516.0,-5.45
10517.0,-5.07
10518.0,-5.22
10519.0,-5.65
10520.0,-5.38
10521.0,-5.04
10522.0,-5.09
10523.0,-5.28
10524.0,-5.49
10525.0,-5.42
10526.0,-5.05
10527.0,-5.34
10528.0,-5.01
10529.0,-5.13
10530.0,-5.01
10531.0,-5.08
10532.0,-5.06
10533.0,-5.25
10534.0,-5.3500000000000005
10535.0,-5.01
10536.0,-5.7
10537.0,-5.640000000000001
10538.0,-5.01
10539.0,-5.08
10540.0,-5.62
10541.0,-5.710000000000001
10542.0,-5.01
10543.0,-5.29
10544.0,-5.22
10545.0,-5.01
10546.0,-5.5200000000000005
10547.0,-5.02
10548.0,-5.01
10549.0,-5.08
10550.0,-5.13
10551.0,-5.01
10552.0,-5.550000000000001
10553.0,-5.01
10554.0,-5.49
10555.0,-5.32
10556.0,-5.28
10557.0,-5.03
10558.0,-5.41
10559.0,-5.37
10560.0,-5.03
10561.0,-5.4
10562.0,-5.45
10563.0,-5.09
10564.0,-5.3
10565.0,-5.05
10566.0,-5.13
10567.0,-5.09
10568.0,-5.37
10569.0,-5.44
10570.0,-5.57
10571.0,-5.12
10572.0,-5.390000000000001
10573.0,-5.470000000000001
10574.0,-5.04
10575.0,-5.3
10576.0,-5.08
10577.0,-1.0000000000000007
10578.0,-5.05
10579.0,-5.01
10580.0,-5.33
10581.0,-5.07
10582.0,-5.06
10583.0,-5.34
10584.0,-5.16
10585.0,-5.62
10586.0,-5.01
10587.0,-5.41
10588.0,-5.05
10589.0,-5.37
10590.0,-5.45
10591.0,-5.920000000000001
10592.0,-5.08
10593.0,-5.12
10594.0,-5.34
10595.0,-5.1
10596.0,-5.34
10597.0,-5.07
10598.0,-5.38
10599.0,-5.53
10600.0,-5.630000000000001
10601.0,-5.5
10602.0,-5.05
10603.0,-5.02
10604.0,-5.18
10605.0,-5.5200000000000005
10606.0,-5.03
10607.0,-5.01
10608.0,-5.28
10609.0,-5.32
10610.0,-5.42
10611.0,-5.41
10612.0,-5.23
10613.0,-5.23
10614.0,-5.26
10615.0,-5.1
10616.0,-5.12
10617.0,-5.2700000000000005
10618.0,-5.74
10619.0,-5.22
10620.0,-5.3
10621.0,-5.41
10622.0,-5.07
10623.0,-5.62
10624.0,-5.01
10625.0,-5.22
10626.0,-5.37
10627.0,-5.28
10628.0,-5.02
10629.0,-5.28
10630.0,-5.01
10631.0,-5.33
10632.0,-5.1
10633.0,-5.05
10634.0,-5.2700000000000005
10635.0,-5.09
10636.0,-5.25
10637.0,-5.54
10638.0,-5.48
10639.0,-5.29
10640.0,-5.26
10641.0,-5.04
10642.0,-5.390000000000001
10643.0,-5.550000000000001
10644.0,-5.01
10645.0,-5.05
10646.0,-5.45
10647.0,-5.09
10648.0,-5.41
10649.0,-5.38
10650.0,-5.01
10651.0,-5.07
10652.0,-5.02
10653.0,-5.51
10654.0,-5.41
10655.0,-5.49
10656.0,-5.49
10657.0,-5.12
10658.0,-5.01
10659.0,-5.06
10660.0,4.26
10661.0,-5.61
10662.0,4.029999999999999
10663.0,-5.03
10664.0,-5.02
10665.0,-5.17
10666.0,-5.02
10667.0,-5.28
10668.0,-5.1
10669.0,-5.550000000000001
10670.0,-5.32
10671.0,-5.02
10672.0,-5.04
10673.0,-5.6000000000000005
10674.0,-5.07
10675.0,-5.11
10676.0,-5.05
10677.0,-5.01
10678.0,-5.38
10679.0,-5.61
10680.0,-5.01
10681.0,-5.53
10682.0,-5.29
10683.0,-5.29
10684.0,-5.61
10685.0,-5.01
10686.0,-5.67
10687.0,-5.17
10688.0,-5.470000000000001
10689.0,-5.01
10690.0,-5.67
10691.0,-5.3100000000000005
10692.0,-5.03
10693.0,-5.06
10694.0,-5.57
10695.0,-5.78
10696.0,-5.62
10697.0,-5.470000000000001
10698.0,-5.02
10699.0,-5.11
10700.0,-5.28
10701.0,-5.950000000000001
10702.0,-5.29
10703.0,-5.03
10704.0,-5.14
10705.0,-5.08
10706.0,-5.01
10707.0,-5.03
10708.0,-5.17
10709.0,-5.03
10710.0,-5.41
10711.0,-5.48
10712.0,-5.51
10713.0,-5.02
10714.0,-5.28
10715.0,-5.2700000000000005
10716.0,-5.21
10717.0,-5.03
10718.0,-5.550000000000001
10719.0,-5.12
10720.0,-5.25
10721.0,-5.26
10722.0,-5.3500000000000005
10723.0,-5.07
10724.0,-5.36
10725.0,-5.25
10726.0,-5.04
10727.0,-5.38
10728.0,-5.6000000000000005
10729.0,-5.11
10730.0,-5.09
10731.0,-5.4
10732.0,-5.3100000000000005
10733.0,-5.05
10734.0,-5.61
10735.0,-5.34
10736.0,-5.5200000000000005
10737.0,-5.3
10738.0,-5.2700000000000005
10739.0,-5.37
10740.0,-5.24
10741.0,-5.03
10742.0,-5.58
10743.0,-5.720000000000001
10744.0,-5.03
10745.0,-5.42
10746.0,-5.66
10747.0,-5.01
10748.0,-1.0000000000000007
10749.0,-5.59
10750.0,-5.550000000000001
10751.0,-5.74
10752.0,-5.04
10753.0,-5.18
10754.0,-5.2700000000000005
10755.0,-5.05
10756.0,-5.01
10757.0,-5.41
10758.0,-5.14
10759.0,-5.32
10760.0,-5.6000000000000005
10761.0,-5.03
10762.0,-5.25
10763.0,-5.24
10764.0,-5.1
10765.0,-5.41
10766.0,-5.05
10767.0,4.25
10768.0,-5.08
10769.0,-5.75
10770.0,-5.05
10771.0,-5.61
10772.0,-5.3500000000000005
10773.0,-5.21
10774.0,-5.04
10775.0,-5.41
10776.0,-5.25
10777.0,-5.04
10778.0,-5.04
10779.0,-5.06
10780.0,-5.800000000000001
10781.0,-5.3100000000000005
10782.0,-5.09
10783.0,-5.05
10784.0,-5.12
10785.0,-5.44
10786.0,-5.6000000000000005
10787.0,-5.26
10788.0,-5.4
10789.0,-5.4
10790.0,-5.49
10791.0,-5.45
10792.0,-5.3
10793.0,-5.2700000000000005
10794.0,-5.21
10795.0,-5.38
10796.0,-5.15
10797.0,-5.82
10798.0,-5.880000000000001
10799.0,-5.1
10800.0,-5.23
10801.0,-5.18
10802.0,-5.05
10803.0,-5.33
10804.0,-5.4
10805.0,-5.54
10806.0,-5.13
10807.0,-5.05
10808.0,-5.5600000000000005
10809.0,-5.36
10810.0,-5.36
10811.0,-5.41
10812.0,-5.09
10813.0,-5.07
10814.0,-5.6000000000000005
10815.0,-5.41
10816.0,-5.2
10817.0,-5.02
10818.0,-5.4
10819.0,-5.59
10820.0,-5.08
10821.0,-5.03
10822.0,-5.21
10823.0,-5.3100000000000005
10824.0,-5.12
10825.0,-5.04
10826.0,-5.02
10827.0,-5.16
10828.0,-5.08
10829.0,-5.3100000000000005
10830.0,-5.28
10831.0,-5.09
10832.0,-5.09
10833.0,-5.03
10834.0,-5.53
10835.0,-5.48
10836.0,-5.29
10837.0,-5.02
10838.0,-5.08
10839.0,-5.22
10840.0,-5.13
10841.0,-5.7
10842.0,-5.11
10843.0,-5.03
10844.0,-5.06
10845.0,-5.6000000000000005
10846.0,-5.710000000000001
10847.0,-5.4
10848.0,-5.02
10849.0,-5.32
10850.0,-1.0000000000000007
10851.0,-5.07
10852.0,-5.02
10853.0,-5.470000000000001
10854.0,-5.26
10855.0,-5.57
10856.0,-5.2
10857.0,-5.03
10858.0,-5.28
10859.0,-5.09
10860.0,-5.1
10861.0,-5.05
10862.0,-5.25
10863.0,4.079999999999999
10864.0,-1.0000000000000007
10865.0,-5.5
10866.0,-5.16
10867.0,-5.3500000000000005
10868.0,-5.54
10869.0,-5.09
10870.0,-5.33
10871.0,-5.3100000000000005
10872.0,-5.17
10873.0,-5.04
10874.0,4.1899999999999995
10875.0,-5.07
10876.0,-5.07
10877.0,-5.32
10878.0,-5.3500000000000005
10879.0,-5.12
10880.0,-5.65
10881.0,-5.2
10882.0,-5.8100000000000005
10883.0,-5.34
10884.0,-5.02
10885.0,-5.04
10886.0,-5.640000000000001
10887.0,-5.12
10888.0,-5.18
10889.0,-5.02
10890.0,-5.12
10891.0,-5.18
10892.0,-5.38
10893.0,-5.02
10894.0,-5.01
10895.0,-5.03
10896.0,-5.07
10897.0,-5.48
10898.0,-5.03
10899.0,-5.1
10900.0,-5.470000000000001
10901.0,-5.2700000000000005
10902.0,-5.09
10903.0,-5.08
10904.0,-5.33
10905.0,-5.34
10906.0,-5.06
10907.0,-5.7700000000000005
10908.0,-5.02
10909.0,-5.01
10910.0,-5.48
10911.0,-5.08
10912.0,-5.01
10913.0,-5.6000000000000005
10914.0,-5.3
10915.0,-5.36
10916.0,-5.24
10917.0,-5.58
10918.0,-5.470000000000001
10919.0,-5.04
10920.0,-5.03
10921.0,-5.46
10922.0,-5.01
10923.0,-5.16
10924.0,-5.46
10925.0,-5.07
10926.0,-5.470000000000001
10927.0,-5.720000000000001
10928.0,-5.390000000000001
10929.0,-5.02
10930.0,4.47
10931.0,-5.73
10932.0,-5.11
10933.0,-5.22
10934.0,-5.18
10935.0,-5.8100000000000005
10936.0,-5.08
10937.0,-5.23
10938.0,-5.37
10939.0,-5.57
10940.0,-5.32
10941.0,-5.1
10942.0,-5.48
10943.0,-5.32
10944.0,-5.45
10945.0,-5.06
10946.0,-5.37
10947.0,-5.06
10948.0,-5.430000000000001
10949.0,-5.05
10950.0,-5.58
10951.0,-5.02
10952.0,-1.0000000000000007
10953.0,-5.970000000000001
10954.0,-5.02
10955.0,-5.07
10956.0,-5.24
10957.0,-5.4
10958.0,-5.34
10959.0,-5.11
10960.0,-5.32
10961.0,-5.51
10962.0,-5.7
10963.0,-5.18
10964.0,-5.7
10965.0,-5.09
10966.0,-5.07
10967.0,-5.01
10968.0,-5.44
10969.0,-5.03
10970.0,-5.22
10971.0,-5.13
10972.0,-5.32
10973.0,-5.24
10974.0,-5.33
10975.0,-5.09
10976.0,-5.03
10977.0,4.52
10978.0,-5.45
10979.0,-5.5200000000000005
10980.0,-5.2
10981.0,-5.430000000000001
10982.0,-5.16
10983.0,-5.16
10984.0,-5.01
10985.0,-5.07
10986.0,-5.07
10987.0,-5.37
10988.0,-5.3100000000000005
10989.0,-5.08
10990.0,-5.04
10991.0,-5.75
10992.0,-1.0000000000000007
10993.0,-5.67
10994.0,-5.28
10995.0,-5.13
10996.0,-5.7700000000000005
10997.0,4.319999999999999
10998.0,-5.390000000000001
10999.0,-5.66
11000.0,-5.45
11001.0,-1.0000000000000007
11002.0,-5.04
11003.0,-5.04
11004.0,-5.29
11005.0,-5.16
11006.0,-5.08
11007.0,-1.0000000000000007
11008.0,-5.66
11009.0,-1.0000000000000007
11010.0,4.43
11011.0,-5.04
11012.0,-5.08
11013.0,-5.14
11014.0,-5.34
11015.0,-5.920000000000001
11016.0,-5.75
11017.0,-5.06
11018.0,-5.32
11019.0,-5.03
11020.0,-5.08
11021.0,-5.02
11022.0,-5.11
11023.0,-5.54
11024.0,-5.53
11025.0,-5.6000000000000005
11026.0,4.079999999999999
11027.0,-5.2700000000000005
11028.0,4.1899999999999995
11029.0,-5.18
11030.0,-5.06
11031.0,-5.73
11032.0,-5.760000000000001
11033.0,-5.14
11034.0,-5.23
11035.0,-5.28
11036.0,-5.04
11037.0,-5.06
11038.0,-5.23
11039.0,4.1499999999999995
11040.0,-5.7
11041.0,-5.01
11042.0,-5.16
11043.0,-5.24
11044.0,-5.550000000000001
11045.0,-5.32
11046.0,4.119999999999999
11047.0,-5.07
11048.0,-5.02
11049.0,4.17
11050.0,-5.14
11051.0,-5.18
11052.0,-5.61
11053.0,-5.32
11054.0,-5.02
11055.0,-5.12
11056.0,-5.3100000000000005
11057.0,-1.0000000000000007
11058.0,-5.11
11059.0,-5.21
11060.0,-5.24
11061.0,-5.61
11062.0,-5.02
11063.0,-5.59
11064.0,-5.26
11065.0,-5.11
11066.0,-5.2
11067.0,-5.37
11068.0,-5.26
11069.0,-5.24
11070.0,-5.44
11071.0,-5.470000000000001
11072.0,-5.34
11073.0,-5.08
11074.0,-5.12
11075.0,-5.11
11076.0,-5.82
11077.0,-5.02
11078.0,-5.25
11079.0,-5.06
11080.0,-5.18
11081.0,-5.640000000000001
11082.0,-5.4
11083.0,-5.15
11084.0,-5.02
11085.0,-5.21
11086.0,-5.01
11087.0,-5.59
11088.0,-5.29
11089.0,-5.17
11090.0,-1.0000000000000007
11091.0,-5.9
11092.0,-5.07
11093.0,-5.32
11094.0,-5.03
11095.0,-5.11
11096.0,-5.2
11097.0,-5.640000000000001
11098.0,-5.16
11099.0,-5.02
11100.0,-5.07
11101.0,-5.1
11102.0,-5.07
11103.0,-1.0000000000000007
11104.0,-5.12
11105.0,-5.26
11106.0,-5.06
11107.0,-5.02
11108.0,-5.02
11109.0,-5.24
11110.0,-5.19
11111.0,-5.04
11112.0,-5.45
11113.0,-5.01
11114.0,-5.02
11115.0,-5.28
11116.0,-5.4
11117.0,-5.14
11118.0,-1.0000000000000007
11119.0,-5.13
11120.0,-5.36
11121.0,-5.09
11122.0,-5.01
11123.0,-5.19
11124.0,-5.5
11125.0,-5.37
11126.0,-1.0000000000000007
11127.0,-5.3500000000000005
11128.0,-5.870000000000001
11129.0,-5.73
11130.0,-5.25
11131.0,-5.58
11132.0,-5.12
11133.0,-5.37
11134.0,-5.3100000000000005
11135.0,-5.34
11136.0,-1.0000000000000007
11137.0,-5.760000000000001
11138.0,-5.32
11139.0,-5.75
11140.0,4.049999999999999
11141.0,-5.78
11142.0,4.1899999999999995
11143.0,-1.0000000000000007
11144.0,-5.22
11145.0,-5.33
11146.0,-5.12
11147.0,-5.03
11148.0,-1.0000000000000007
11149.0,-5.29
11150.0,-5.19
11151.0,-5.3100000000000005
11152.0,-1.0000000000000007
11153.0,-5.5200000000000005
11154.0,-5.04
11155.0,-5.18
11156.0,-5.4
11157.0,-5.3500000000000005
11158.0,-5.91
11159.0,-5.62
11160.0,-5.3500000000000005
11161.0,-5.5
11162.0,-5.03
11163.0,-5.26
11164.0,-5.91
11165.0,-5.03
11166.0,-5.37
11167.0,-5.45
11168.0,-5.390000000000001
11169.0,-5.1
11170.0,-5.02
11171.0,-5.33
11172.0,-5.25
11173.0,-5.05
11174.0,-5.3
11175.0,-5.470000000000001
11176.0,-5.34
11177.0,-5.02
11178.0,-5.09
11179.0,-1.0000000000000007
11180.0,-5.06
11181.0,-5.44
11182.0,-5.03
11183.0,-5.05
11184.0,-5.82
11185.0,4.06
11186.0,-5.15
11187.0,-5.2
11188.0,-5.3100000000000005
11189.0,-5.15
11190.0,-5.02
11191.0,-5.29
11192.0,-5.04
11193.0,-5.920000000000001
11194.0,-5.18
11195.0,-5.11
11196.0,-5.21
11197.0,-5.44
11198.0,-5.83
11199.0,-5.01
11200.0,-5.01
11201.0,-5.05
11202.0,-5.630000000000001
11203.0,-5.78
11204.0,-5.06
11205.0,-5.49
11206.0,-1.0000000000000007
11207.0,-5.07
11208.0,-1.0000000000000007
11209.0,-5.26
11210.0,-5.22
11211.0,-5.08
11212.0,-5.760000000000001
11213.0,-1.0000000000000007
11214.0,-5.34
11215.0,-5.34
11216.0,-5.2700000000000005
11217.0,-5.23
11218.0,-5.05
11219.0,-5.44
11220.0,-5.1
11221.0,-5.51
11222.0,-5.32
11223.0,-1.0000000000000007
11224.0,-5.44
11225.0,-5.37
11226.0,-5.41
11227.0,4.039999999999999
11228.0,-5.54
11229.0,4.22
11230.0,-5.74
11231.0,-5.7700000000000005
11232.0,-5.34
11233.0,-5.05
11234.0,-5.02
11235.0,-5.37
11236.0,4.119999999999999
11237.0,-5.04
11238.0,-5.34
11239.0,-5.25
11240.0,-5.12
11241.0,-5.05
11242.0,-5.11
11243.0,-5.82
11244.0,4.46
11245.0,-5.2
11246.0,4.06
11247.0,-5.02
11248.0,-5.01
11249.0,-5.01
11250.0,-5.02
11251.0,-5.04
11252.0,4.069999999999999
11253.0,-5.25
11254.0,-5.28
11255.0,-5.760000000000001
11256.0,4.049999999999999
11257.0,-5.04
11258.0,-5.02
11259.0,-5.58
11260.0,4.38
11261.0,-5.44
11262.0,-5.02
11263.0,-5.08
11264.0,-5.44
11265.0,-5.06
11266.0,-5.01
11267.0,-1.0000000000000007
11268.0,-5.13
11269.0,-5.29
11270.0,-5.02
11271.0,-5.62
11272.0,4.209999999999999
11273.0,-5.01
11274.0,-5.2700000000000005
11275.0,-5.710000000000001
11276.0,-1.0000000000000007
11277.0,-5.01
11278.0,-5.69
11279.0,-5.05
11280.0,-5.49
11281.0,-5.640000000000001
11282.0,4.029999999999999
11283.0,-5.840000000000001
11284.0,-5.04
11285.0,4.119999999999999
11286.0,-1.0000000000000007
11287.0,-5.1
11288.0,-1.0000000000000007
11289.0,-5.5200000000000005
11290.0,-5.7
11291.0,-5.01
11292.0,-5.9
11293.0,4.17
11294.0,-5.11
11295.0,-5.06
11296.0,-5.51
11297.0,-5.42
11298.0,-5.04
11299.0,-5.09
11300.0,-5.03
11301.0,-5.37
11302.0,-5.58
11303.0,-5.4
11304.0,-5.960000000000001
11305.0,-1.0000000000000007
11306.0,-1.0000000000000007
11307.0,-5.19
11308.0,-5.890000000000001
11309.0,-5.08
11310.0,-5.02
11311.0,-5.890000000000001
11312.0,-5.09
11313.0,-5.25
11314.0,-5.32
11315.0,-5.02
11316.0,-5.66
11317.0,-5.06
11318.0,-5.37
11319.0,-5.07
11320.0,-5.04
11321.0,-1.0000000000000007
11322.0,-5.07
11323.0,-5.12
11324.0,-5.08
11325.0,-5.880000000000001
11326.0,-5.5
11327.0,-5.38
11328.0,-5.02
11329.0,-5.02
11330.0,-1.0000000000000007
11331.0,-5.04
11332.0,-5.05
11333.0,-5.08
11334.0,4.22
11335.0,-5.03
11336.0,-5.16
11337.0,-5.550000000000001
11338.0,4.029999999999999
11339.0,-5.04
11340.0,4.159999999999999
11341.0,-5.45
11342.0,-5.66
11343.0,-5.58
11344.0,-5.37
11345.0,4.18
11346.0,4.39
11347.0,-5.3
11348.0,-5.870000000000001
11349.0,-5.8100000000000005
11350.0,-5.03
11351.0,-5.16
11352.0,-5.05
11353.0,-5.04
11354.0,-5.06
11355.0,-5.680000000000001
11356.0,-5.05
11357.0,-5.75
11358.0,-5.06
11359.0,-5.3
11360.0,4.17
11361.0,-5.04
11362.0,-5.3
11363.0,-5.48
11364.0,-5.22
11365.0,-5.75
11366.0,-1.0000000000000007
11367.0,-5.430000000000001
11368.0,4.2299999999999995
11369.0,-5.69
11370.0,-5.09
11371.0,-5.3
11372.0,-5.19
11373.0,-5.37
11374.0,4.18
11375.0,-1.0000000000000007
11376.0,-5.38
11377.0,4.079999999999999
11378.0,-1.0000000000000007
11379.0,-5.54
11380.0,-5.78
11381.0,-5.06
11382.0,4.22
11383.0,4.359999999999999
11384.0,-5.920000000000001
11385.0,4.27
11386.0,-5.08
11387.0,-5.42
11388.0,-1.0000000000000007
11389.0,-5.16
11390.0,-5.02
11391.0,-5.51
11392.0,-5.390000000000001
11393.0,-5.07
11394.0,4.43
11395.0,4.069999999999999
11396.0,-5.890000000000001
11397.0,-5.74
11398.0,-5.58
11399.0,-5.41
11400.0,-5.02
11401.0,4.14
11402.0,-1.0000000000000007
11403.0,-5.24
11404.0,4.239999999999999
11405.0,-5.3
11406.0,-5.24
11407.0,-5.04
11408.0,-5.59
11409.0,4.039999999999999
11410.0,-5.02
11411.0,-5.41
11412.0,-1.0000000000000007
11413.0,-1.0000000000000007
11414.0,4.129999999999999
11415.0,-5.07
11416.0,-5.03
11417.0,4.319999999999999
11418.0,-5.02
11419.0,4.25
11420.0,4.39
11421.0,-5.4
11422.0,-5.02
11423.0,-5.83
11424.0,-5.91
11425.0,-1.0000000000000007
11426.0,-5.03
11427.0,4.22
11428.0,-5.7700000000000005
11429.0,-5.48
11430.0,-5.04
11431.0,-5.05
11432.0,-5.02
11433.0,-5.74
11434.0,4.449999999999999
11435.0,4.279999999999999
11436.0,-5.24
11437.0,-5.32
11438.0,-5.1
11439.0,-5.62
11440.0,4.02
11441.0,-5.42
11442.0,-5.12
11443.0,-5.03
11444.0,-5.3
11445.0,-5.5600000000000005
11446.0,-5.640000000000001
11447.0,-5.5200000000000005
11448.0,-5.09
11449.0,-5.67
11450.0,-5.1
11451.0,-5.5200000000000005
11452.0,-5.25
11453.0,-5.34
11454.0,-5.21
11455.0,-5.04
11456.0,-5.03
11457.0,-5.03
11458.0,-5.36
11459.0,4.1
11460.0,-5.08
11461.0,-5.06
11462.0,-5.05
11463.0,-5.07
11464.0,-5.04
11465.0,-5.04
11466.0,-5.34
11467.0,4.159999999999999
11468.0,4.289999999999999
11469.0,-5.7
11470.0,-5.02
11471.0,-5.05
11472.0,-5.12
11473.0,-5.05
11474.0,-5.38
11475.0,-5.01
11476.0,-5.03
11477.0,-5.26
11478.0,4.02
11479.0,4.449999999999999
11480.0,4.34
11481.0,-5.6000000000000005
11482.0,4.359999999999999
11483.0,4.09
11484.0,4.1
11485.0,-5.25
11486.0,-5.5200000000000005
11487.0,-5.02
11488.0,-5.02
11489.0,4.47
11490.0,-1.0000000000000007
11491.0,-5.65
11492.0,4.319999999999999
11493.0,-5.8500000000000005
11494.0,-5.4
11495.0,4.369999999999999
11496.0,-5.01
11497.0,-5.920000000000001
11498.0,-5.04
11499.0,4.39
11500.0,-5.26
11501.0,-5.02
11502.0,-5.05
11503.0,4.2299999999999995
11504.0,-5.58
11505.0,-5.29
11506.0,-5.28
11507.0,4.1899999999999995
11508.0,-5.5200000000000005
11509.0,-5.02
11510.0,-5.08
11511.0,-5.33
11512.0,4.25
11513.0,4.049999999999999
11514.0,-1.0000000000000007
11515.0,-5.74
11516.0,-5.65
11517.0,-5.760000000000001
11518.0,-5.1
11519.0,-5.44
11520.0,-5.23
11521.0,-5.3100000000000005
11522.0,-5.28
11523.0,-5.04
11524.0,-5.640000000000001
11525.0,-5.53
11526.0,-5.04
11527.0,-1.0000000000000007
11528.0,4.039999999999999
11529.0,-5.02
11530.0,-5.04
11531.0,4.25
11532.0,-5.680000000000001
11533.0,-5.720000000000001
11534.0,-5.02
11535.0,-5.04
11536.0,-5.2
11537.0,-1.0000000000000007
11538.0,-5.29
11539.0,-5.32
11540.0,-5.23
11541.0,4.199999999999999
11542.0,4.209999999999999
11543.0,-5.03
11544.0,4.1499999999999995
11545.0,-5.18
11546.0,-5.04
11547.0,4.369999999999999
11548.0,4.289999999999999
11549.0,-5.01
11550.0,-5.02
11551.0,-5.36
11552.0,-5.03
11553.0,-5.98
11554.0,-5.5200000000000005
11555.0,4.47
11556.0,-5.550000000000001
11557.0,-5.11
11558.0,-5.59
11559.0,-5.05
11560.0,-5.03
11561.0,-5.06
11562.0,-5.01
11563.0,4.079999999999999
11564.0,-5.470000000000001
11565.0,4.4399999999999995
11566.0,-5.78
11567.0,-1.0000000000000007
11568.0,-5.32
11569.0,-5.65
11570.0,4.069999999999999
11571.0,-5.07
11572.0,-5.06
11573.0,-5.06
11574.0,-5.880000000000001
11575.0,-5.04
11576.0,-5.09
11577.0,-5.07
11578.0,-1.0000000000000007
11579.0,4.289999999999999
11580.0,4.26
11581.0,-5.62
11582.0,4.209999999999999
11583.0,-5.06
11584.0,-5.06
11585.0,-5.04
11586.0,-5.48
11587.0,-5.02
11588.0,-5.09
11589.0,-5.74
11590.0,-5.02
11591.0,-5.03
11592.0,-5.16
11593.0,-5.04
11594.0,4.359999999999999
11595.0,4.3999999999999995
11596.0,-5.18
11597.0,-5.57
11598.0,-5.18
11599.0,-5.04
11600.0,-5.05
11601.0,-5.01
11602.0,-5.04
11603.0,4.3999999999999995
11604.0,-5.04
11605.0,-5.45
11606.0,-5.4
11607.0,-5.34
11608.0,-5.01
11609.0,-5.59
11610.0,-5.28
11611.0,-5.08
11612.0,-5.36
11613.0,-5.01
11614.0,-5.01
11615.0,-5.5
11616.0,-5.3500000000000005
11617.0,-5.1
11618.0,-5.22
11619.0,-5.18
11620.0,-5.24
11621.0,-5.5
11622.0,4.43
11623.0,4.18
11624.0,-5.04
11625.0,-5.07
11626.0,-5.01
11627.0,-5.36
11628.0,-5.5600000000000005
11629.0,4.239999999999999
11630.0,-5.640000000000001
11631.0,4.14
11632.0,-5.02
11633.0,-5.01
11634.0,-5.18
11635.0,-5.48
11636.0,-5.01
11637.0,-5.5600000000000005
11638.0,-5.01
11639.0,-5.17
11640.0,-5.32
11641.0,-5.15
11642.0,-5.42
11643.0,-5.14
11644.0,-5.02
11645.0,4.14
11646.0,-5.4
11647.0,-5.05
11648.0,-5.19
11649.0,-5.01
11650.0,4.039999999999999
11651.0,-5.790000000000001
11652.0,-5.02
11653.0,-5.720000000000001
11654.0,-5.03
11655.0,-5.3500000000000005
11656.0,-5.430000000000001
11657.0,-5.03
11658.0,-5.54
11659.0,-5.01
11660.0,-5.45
11661.0,-5.01
11662.0,-5.15
11663.0,4.279999999999999
11664.0,-5.73
11665.0,-5.720000000000001
11666.0,-5.3100000000000005
11667.0,-5.19
11668.0,-5.62
11669.0,-5.07
11670.0,-5.04
11671.0,4.1899999999999995
11672.0,-5.48
11673.0,-5.03
11674.0,-5.640000000000001
11675.0,-5.67
11676.0,-5.51
11677.0,-5.2
11678.0,-5.01
11679.0,-5.2
11680.0,-5.05
11681.0,-5.02
11682.0,-5.02
11683.0,-5.03
11684.0,-5.53
11685.0,4.41
11686.0,-5.03
11687.0,-5.18
11688.0,-5.22
11689.0,4.33
11690.0,-5.01
11691.0,-5.03
11692.0,-5.09
11693.0,-5.01
11694.0,-5.02
11695.0,-5.61
11696.0,-5.02
11697.0,-5.37
11698.0,-5.02
11699.0,-1.0000000000000007
11700.0,-5.01
11701.0,-5.02
11702.0,-5.01
11703.0,-5.04
11704.0,-5.49
11705.0,-5.430000000000001
11706.0,-5.1
11707.0,-5.14
11708.0,-5.04
11709.0,-5.720000000000001
11710.0,4.31
11711.0,-5.03
11712.0,-5.09
11713.0,-5.48
11714.0,4.35
11715.0,-5.01
11716.0,-5.41
11717.0,-5.03
11718.0,-5.800000000000001
11719.0,-5.7
11720.0,-5.2
11721.0,-5.02
11722.0,-5.12
11723.0,-5.08
11724.0,-5.03
11725.0,4.4399999999999995
11726.0,-5.06
11727.0,-5.14
11728.0,-5.01
11729.0,-5.05
11730.0,-5.07
11731.0,-5.53
11732.0,-5.83
11733.0,-5.02
11734.0,-5.02
11735.0,-5.49
11736.0,-5.12
11737.0,-5.7700000000000005
11738.0,-5.34
11739.0,4.26
11740.0,-5.01
11741.0,-5.7700000000000005
11742.0,-5.02
11743.0,-5.2
11744.0,-5.19
11745.0,-5.54
11746.0,-5.2
11747.0,-5.32
11748.0,-5.06
11749.0,-5.08
11750.0,-5.33
11751.0,-5.07
11752.0,-1.0000000000000007
11753.0,-5.05
11754.0,4.01
11755.0,-5.11
11756.0,-5.1
11757.0,-5.17
11758.0,-5.24
11759.0,-5.16
11760.0,-5.04
11761.0,-5.470000000000001
11762.0,-5.03
11763.0,4.289999999999999
11764.0,-5.12
11765.0,-5.17
11766.0,-5.01
11767.0,4.1899999999999995
11768.0,-5.3
11769.0,-1.0000000000000007
11770.0,-5.04
11771.0,-5.42
11772.0,-5.75
11773.0,-5.24
11774.0,-5.24
11775.0,-5.02
11776.0,-5.02
11777.0,-5.02
11778.0,-5.6000000000000005
11779.0,-5.02
11780.0,-5.22
11781.0,-5.04
11782.0,-5.07
11783.0,-5.01
11784.0,-5.01
11785.0,-5.29
11786.0,-5.22
11787.0,-5.44
11788.0,-5.04
11789.0,4.17
11790.0,4.069999999999999
11791.0,-5.26
11792.0,-5.21
11793.0,-5.02
11794.0,-5.640000000000001
11795.0,-5.02
11796.0,-5.470000000000001
11797.0,-5.34
11798.0,-5.25
11799.0,-5.18
11800.0,-5.02
11801.0,-5.07
11802.0,-5.18
11803.0,-5.05
11804.0,-5.08
11805.0,-5.01
11806.0,-5.06
11807.0,-5.1
11808.0,-5.18
11809.0,-5.17
11810.0,-5.01
11811.0,-5.13
11812.0,-5.21
11813.0,4.33
11814.0,-5.13
11815.0,-5.05
11816.0,-5.06
11817.0,-5.01
11818.0,-5.710000000000001
11819.0,-5.02
11820.0,-5.550000000000001
11821.0,-5.02
11822.0,-5.54
11823.0,-5.01
11824.0,-5.29
11825.0,-5.03
11826.0,-5.04
11827.0,-5.02
11828.0,-5.04
11829.0,-5.02
11830.0,-5.6000000000000005
11831.0,-5.21
11832.0,-5.04
11833.0,-5.06
11834.0,-5.06
11835.0,-5.03
11836.0,-5.11
11837.0,-5.02
11838.0,-5.3
11839.0,-5.06
11840.0,-5.02
11841.0,-5.36
11842.0,-5.640000000000001
11843.0,-5.03
11844.0,-5.02
11845.0,-5.1
11846.0,-5.01
11847.0,-5.59
11848.0,-5.5600000000000005
11849.0,-5.05
11850.0,-5.04
11851.0,4.38
11852.0,-5.01
11853.0,-5.03
11854.0,-5.760000000000001
11855.0,-5.02
11856.0,-5.04
11857.0,-5.02
11858.0,-5.08
11859.0,-5.470000000000001
11860.0,-5.07
11861.0,4.22
11862.0,-1.0000000000000007
11863.0,-5.07
11864.0,-5.2700000000000005
11865.0,-1.0000000000000007
11866.0,-5.38
11867.0,-5.16
11868.0,-5.19
11869.0,-5.25
11870.0,-5.01
11871.0,-5.06
11872.0,4.31
11873.0,-5.25
11874.0,-5.08
11875.0,-5.28
11876.0,-5.07
11877.0,-5.03
11878.0,-5.09
11879.0,-5.710000000000001
11880.0,-5.01
11881.0,-5.03
11882.0,-5.14
11883.0,4.34
11884.0,-5.24
11885.0,-5.02
11886.0,-5.720000000000001
11887.0,-5.2700000000000005
11888.0,4.43
11889.0,-5.12
11890.0,-5.45
11891.0,-5.16
11892.0,4.31
11893.0,-5.640000000000001
11894.0,-5.02
11895.0,-5.01
11896.0,-5.04
11897.0,4.14
11898.0,-5.04
11899.0,-5.03
11900.0,-5.04
11901.0,-5.25
11902.0,-5.02
11903.0,-5.02
11904.0,-5.08
11905.0,-5.32
11906.0,-5.470000000000001
11907.0,-5.46
11908.0,-5.18
11909.0,-5.21
11910.0,-5.02
11911.0,-5.390000000000001
11912.0,-5.2
11913.0,-5.06
11914.0,-5.08
11915.0,-5.21
11916.0,-5.33
11917.0,-5.630000000000001
11918.0,-5.640000000000001
11919.0,4.01
11920.0,-5.54
11921.0,-5.3
11922.0,-5.22
11923.0,-5.06
11924.0,-5.32
11925.0,4.1499999999999995
11926.0,-5.04
11927.0,-5.44
11928.0,-5.19
11929.0,-5.870000000000001
11930.0,-5.04
11931.0,-5.59
11932.0,-5.03
11933.0,-5.04
11934.0,-5.37
11935.0,-5.3500000000000005
11936.0,-5.2
11937.0,-5.37
11938.0,-5.14
11939.0,-5.3
11940.0,-5.37
11941.0,-5.5200000000000005
11942.0,-5.61
11943.0,-5.630000000000001
11944.0,-5.38
11945.0,-5.03
11946.0,-5.02
11947.0,-5.37
11948.0,-5.03
11949.0,-5.65
11950.0,-5.03
11951.0,-5.02
11952.0,-5.02
11953.0,-5.06
11954.0,-5.02
11955.0,-5.38
11956.0,-5.04
11957.0,-5.04
11958.0,-5.02
11959.0,-5.18
11960.0,-5.17
11961.0,-5.48
11962.0,-5.36
11963.0,-5.09
11964.0,-5.19
11965.0,-5.26
11966.0,4.34
11967.0,-5.01
11968.0,-5.09
11969.0,4.06
11970.0,-5.23
11971.0,4.46
11972.0,-5.01
11973.0,-5.06
11974.0,4.069999999999999
11975.0,4.209999999999999
11976.0,-5.02
11977.0,-5.26
11978.0,-1.0000000000000007
11979.0,-5.02
11980.0,4.209999999999999
11981.0,-5.11
11982.0,-5.3100000000000005
11983.0,-5.3100000000000005
11984.0,-5.01
11985.0,-5.03
11986.0,-5.07
11987.0,-5.3500000000000005
11988.0,-5.08
11989.0,-5.04
11990.0,-5.2700000000000005
11991.0,-5.3500000000000005
11992.0,4.1499999999999995
11993.0,-5.710000000000001
11994.0,-5.15
11995.0,-5.02
11996.0,-5.03
11997.0,-5.01
11998.0,-5.03
11999.0,-5.5
12000.0,-5.630000000000001
12001.0,-5.22
12002.0,-5.36
12003.0,-5.02
12004.0,-5.1
12005.0,-5.14
12006.0,-5.28
12007.0,-5.14
12008.0,-5.02
12009.0,-5.01
12010.0,4.279999999999999
12011.0,-5.23
12012.0,-5.28
12013.0,-5.42
12014.0,-5.09
12015.0,-5.04
12016.0,-5.680000000000001
12017.0,-5.07
12018.0,-5.08
12019.0,-5.02
12020.0,-5.04
12021.0,-5.2
12022.0,-5.07
12023.0,-5.11
12024.0,-5.29
12025.0,-5.28
12026.0,-5.5600000000000005
12027.0,-5.16
12028.0,-5.04
12029.0,-5.22
12030.0,-5.16
12031.0,4.26
12032.0,4.38
12033.0,-5.28
12034.0,-5.05
12035.0,-5.01
12036.0,-5.48
12037.0,-5.04
12038.0,-5.02
12039.0,4.39
12040.0,4.33
12041.0,-5.57
12042.0,-5.390000000000001
12043.0,-5.07
12044.0,-5.53
12045.0,-5.05
12046.0,-5.22
12047.0,-5.37
12048.0,-5.3500000000000005
12049.0,-5.2
12050.0,-5.59
12051.0,-5.08
12052.0,-5.57
12053.0,-5.08
12054.0,-5.03
12055.0,-5.38
12056.0,-5.09
12057.0,-5.22
12058.0,-5.03
12059.0,-5.02
12060.0,-5.09
12061.0,-5.2
12062.0,-5.14
12063.0,-5.01
12064.0,-5.720000000000001
12065.0,-5.3500000000000005
12066.0,-5.06
12067.0,-5.07
12068.0,-5.02
12069.0,-5.14
12070.0,-5.02
12071.0,-5.02
12072.0,-5.09
12073.0,-5.37
12074.0,-5.02
12075.0,-5.04
12076.0,-5.11
12077.0,-5.06
12078.0,-5.01
12079.0,-5.36
12080.0,-5.34
12081.0,-5.08
12082.0,-5.05
12083.0,-5.02
12084.0,-5.04
12085.0,-5.26
12086.0,-5.02
12087.0,-5.02
12088.0,-5.04
12089.0,-5.34
12090.0,-5.02
12091.0,4.35
12092.0,-5.75
12093.0,-5.01
12094.0,-5.14
12095.0,-5.06
12096.0,-5.11
12097.0,-5.01
12098.0,-5.06
12099.0,4.18
12100.0,4.119999999999999
12101.0,-5.08
12102.0,4.4399999999999995
12103.0,-5.18
12104.0,-5.2
12105.0,-5.01
12106.0,4.02
12107.0,-5.08
12108.0,4.33
12109.0,-5.48
12110.0,-5.03
12111.0,-5.15
12112.0,4.069999999999999
12113.0,-5.03
12114.0,-5.01
12115.0,-5.04
12116.0,-5.04
12117.0,-5.29
12118.0,-5.02
12119.0,-5.02
12120.0,-5.07
12121.0,-5.18
12122.0,-5.710000000000001
12123.0,-5.01
12124.0,-5.02
12125.0,-5.16
12126.0,-5.24
12127.0,4.3999999999999995
12128.0,-5.05
12129.0,-5.07
12130.0,-5.02
12131.0,-5.16
12132.0,-5.950000000000001
12133.0,-5.02
12134.0,-5.01
12135.0,-5.42
12136.0,-5.54
12137.0,-5.23
12138.0,-5.1
12139.0,-5.02
12140.0,-5.04
12141.0,-5.06
12142.0,-5.13
12143.0,-5.4
12144.0,-5.02
12145.0,-5.3500000000000005
12146.0,-5.3500000000000005
12147.0,-5.05
12148.0,-5.05
12149.0,-5.03
12150.0,-5.33
12151.0,-5.03
12152.0,-5.14
12153.0,-5.04
12154.0,-5.05
12155.0,-5.17
12156.0,-5.03
12157.0,4.09
12158.0,-5.66
12159.0,4.039999999999999
12160.0,-5.01
12161.0,-5.18
12162.0,-5.01
12163.0,-5.470000000000001
12164.0,-5.08
12165.0,-5.01
12166.0,-5.24
12167.0,-5.02
12168.0,-5.58
12169.0,-5.42
12170.0,-5.23
12171.0,-5.58
12172.0,-5.12
12173.0,-5.49
12174.0,-5.51
12175.0,-5.2700000000000005
12176.0,-5.21
12177.0,-5.09
12178.0,-5.32
12179.0,-5.11
12180.0,-5.06
12181.0,-5.11
12182.0,-5.1
12183.0,-5.05
12184.0,-5.01
12185.0,-5.06
12186.0,-5.09
12187.0,-5.69
12188.0,-5.28
12189.0,-5.06
12190.0,-5.2
12191.0,-5.3100000000000005
12192.0,-5.02
12193.0,-5.65
12194.0,-1.0000000000000007
12195.0,-5.13
12196.0,-5.07
12197.0,4.35
12198.0,-5.1
12199.0,-5.06
12200.0,-5.3100000000000005
12201.0,4.359999999999999
12202.0,-5.4
12203.0,-5.36
12204.0,-5.44
12205.0,-5.01
12206.0,-5.01
12207.0,4.209999999999999
12208.0,-5.2
12209.0,-5.33
12210.0,-5.05
12211.0,-5.22
12212.0,-1.0000000000000007
12213.0,-5.75
12214.0,4.449999999999999
12215.0,-5.48
12216.0,-5.02
12217.0,-5.04
12218.0,-5.04
12219.0,-5.37
12220.0,4.159999999999999
12221.0,-5.07
12222.0,-5.44
12223.0,-5.02
12224.0,-5.26
12225.0,-5.02
12226.0,-5.36
12227.0,-5.29
12228.0,-5.03
12229.0,-5.2
12230.0,-5.08
12231.0,-5.15
12232.0,-5.3
12233.0,4.319999999999999
12234.0,-5.390000000000001
12235.0,-5.02
12236.0,-5.01
12237.0,4.239999999999999
12238.0,-5.54
12239.0,-5.3500000000000005
12240.0,-5.18
12241.0,-5.28
12242.0,-5.02
12243.0,-5.28
12244.0,-5.02
12245.0,-5.02
12246.0,-5.65
12247.0,-5.32
12248.0,-5.02
12249.0,-5.06
12250.0,-5.840000000000001
12251.0,-5.790000000000001
12252.0,-5.3
12253.0,-5.2700000000000005
12254.0,-5.53
12255.0,-5.42
12256.0,-5.14
12257.0,-5.6000000000000005
12258.0,-5.06
12259.0,-5.06
12260.0,-5.04
12261.0,-5.02
12262.0,-5.01
12263.0,4.17
12264.0,4.209999999999999
12265.0,4.3
12266.0,-5.32
12267.0,-5.02
12268.0,-5.22
12269.0,-5.49
12270.0,4.2299999999999995
12271.0,-5.01
12272.0,-5.3500000000000005
12273.0,-5.06
12274.0,-5.44
12275.0,-5.2
12276.0,-5.2700000000000005
12277.0,-5.02
12278.0,-5.01
12279.0,-5.870000000000001
12280.0,-5.03
12281.0,-5.04
12282.0,-5.16
12283.0,-5.9
12284.0,-5.1
12285.0,-5.3500000000000005
12286.0,-5.02
12287.0,-5.23
12288.0,-5.11
12289.0,-5.02
12290.0,-5.01
12291.0,-1.0000000000000007
12292.0,-5.01
12293.0,-5.4
12294.0,-5.53
12295.0,-5.02
12296.0,-5.06
12297.0,-5.5
12298.0,-5.3
12299.0,-5.37
12300.0,-5.02
12301.0,-5.49
12302.0,-5.08
12303.0,-5.03
12304.0,4.34
12305.0,-5.32
12306.0,-5.09
12307.0,-5.11
12308.0,-5.16
12309.0,-5.02
12310.0,-5.03
12311.0,-5.2700000000000005
12312.0,-5.22
12313.0,-5.18
12314.0,-5.04
12315.0,-5.22
12316.0,-5.01
12317.0,-5.07
12318.0,-5.01
12319.0,-5.57
12320.0,-5.06
12321.0,4.49
12322.0,-5.390000000000001
12323.0,4.09
12324.0,-5.7700000000000005
12325.0,-5.11
12326.0,-5.23
12327.0,-5.09
12328.0,-5.02
12329.0,-5.06
12330.0,-5.02
12331.0,-5.02
12332.0,-5.01
12333.0,4.26
12334.0,-5.48
12335.0,-5.06
12336.0,4.25
12337.0,-5.07
12338.0,-5.99
12339.0,-5.03
12340.0,-5.24
12341.0,-5.05
12342.0,-5.13
12343.0,-5.430000000000001
12344.0,4.26
12345.0,-5.04
12346.0,-5.01
12347.0,-5.45
12348.0,-5.03
12349.0,-5.07
12350.0,-5.2700000000000005
12351.0,-5.58
12352.0,-5.5
12353.0,-5.02
12354.0,-5.04
12355.0,-5.45
12356.0,-5.02
12357.0,-5.33
12358.0,-5.11
12359.0,-5.11
12360.0,-5.02
12361.0,-5.16
12362.0,-5.2700000000000005
12363.0,-5.14
12364.0,-5.5600000000000005
12365.0,-5.29
12366.0,4.529999999999999
12367.0,-5.01
12368.0,-5.02
12369.0,-5.630000000000001
12370.0,-5.1
12371.0,4.26
12372.0,-5.02
12373.0,-5.04
12374.0,-5.09
12375.0,-5.48
12376.0,-5.05
12377.0,-5.04
12378.0,4.41
12379.0,-5.2
12380.0,-5.640000000000001
12381.0,-5.14
12382.0,-5.3100000000000005
12383.0,-5.01
12384.0,-5.18
12385.0,-5.02
12386.0,-5.12
12387.0,-5.06
12388.0,-5.42
12389.0,-5.4
12390.0,-5.34
12391.0,-5.02
12392.0,-5.26
12393.0,-5.07
12394.0,-5.02
12395.0,-5.24
12396.0,-5.1
12397.0,4.289999999999999
12398.0,-5.21
12399.0,-5.24
12400.0,-5.06
12401.0,-5.470000000000001
12402.0,-5.16
12403.0,-5.17
12404.0,-5.11
12405.0,4.27
12406.0,-5.02
12407.0,-5.02
12408.0,-5.06
12409.0,-5.02
12410.0,-5.54
12411.0,-5.4
12412.0,-5.02
12413.0,-5.46
12414.0,-5.01
12415.0,-5.08
12416.0,-5.04
12417.0,-1.0000000000000007
12418.0,-5.51
12419.0,-5.09
12420.0,-5.01
12421.0,-5.02
12422.0,-5.04
12423.0,-5.02
12424.0,4.449999999999999
12425.0,-5.14
12426.0,-5.44
12427.0,-5.02
12428.0,4.289999999999999
12429.0,4.289999999999999
12430.0,-5.03
12431.0,-5.49
12432.0,-5.23
12433.0,-5.800000000000001
12434.0,-5.2
12435.0,-5.57
12436.0,-5.42
12437.0,-5.01
12438.0,-5.75
12439.0,-5.16
12440.0,-5.49
12441.0,-5.03
12442.0,-5.48
12443.0,-5.28
12444.0,-5.03
12445.0,-5.02
12446.0,-5.02
12447.0,-5.05
12448.0,-5.24
12449.0,-5.36
12450.0,-5.06
12451.0,-5.16
12452.0,-1.0000000000000007
12453.0,-5.02
12454.0,4.129999999999999
12455.0,-5.3
12456.0,-5.22
12457.0,-5.08
12458.0,-5.3500000000000005
12459.0,-5.02
12460.0,-5.62
12461.0,-5.07
12462.0,-5.42
12463.0,-5.18
12464.0,-5.12
12465.0,-5.01
12466.0,-5.37
12467.0,-5.11
12468.0,-5.32
12469.0,-1.0000000000000007
12470.0,-5.640000000000001
12471.0,-5.5200000000000005
12472.0,-5.01
12473.0,4.129999999999999
12474.0,-5.2
12475.0,-5.04
12476.0,-5.06
12477.0,-5.3500000000000005
12478.0,-5.04
12479.0,-5.41
12480.0,-5.18
12481.0,-5.08
12482.0,-5.36
12483.0,-5.34
12484.0,-5.06
12485.0,-5.02
12486.0,-5.02
12487.0,-5.08
12488.0,-5.01
12489.0,-5.36
12490.0,-5.12
12491.0,4.1499999999999995
12492.0,4.029999999999999
12493.0,4.049999999999999
12494.0,-5.15
12495.0,-5.37
12496.0,-5.12
12497.0,-5.5
12498.0,-5.05
12499.0,4.18
12500.0,-5.02
12501.0,-5.02
12502.0,-5.05
12503.0,4.359999999999999
12504.0,-5.08
12505.0,-5.04
12506.0,-5.04
12507.0,-5.03
12508.0,-5.02
12509.0,-5.3
12510.0,4.42
12511.0,4.1899999999999995
12512.0,-5.58
12513.0,-5.02
12514.0,-5.04
12515.0,-5.01
12516.0,-5.09
12517.0,-5.06
12518.0,-5.36
12519.0,4.18
12520.0,-5.23
12521.0,4.27
12522.0,-5.03
12523.0,-5.26
12524.0,-5.03
12525.0,-5.02
12526.0,-5.03
12527.0,-5.04
12528.0,-5.32
12529.0,-5.14
12530.0,-5.22
12531.0,-5.800000000000001
12532.0,-5.430000000000001
12533.0,-5.48
12534.0,-5.05
12535.0,-5.75
12536.0,-5.07
12537.0,-5.29
12538.0,-5.18
12539.0,4.47
12540.0,-5.02
12541.0,-5.04
12542.0,-5.11
12543.0,-5.02
12544.0,-5.36
12545.0,-5.34
12546.0,-5.29
12547.0,-5.680000000000001
12548.0,-5.22
12549.0,-5.13
12550.0,-5.04
12551.0,-5.05
12552.0,-5.45
12553.0,-5.01
12554.0,-5.05
12555.0,-5.4
12556.0,-5.01
12557.0,-5.04
12558.0,-5.02
12559.0,-5.11
12560.0,-5.34
12561.0,-5.1
12562.0,-5.02
12563.0,-5.720000000000001
12564.0,-5.01
12565.0,-5.03
12566.0,-5.66
12567.0,-5.890000000000001
12568.0,-5.08
12569.0,-5.680000000000001
12570.0,-5.4
12571.0,-5.04
12572.0,-5.02
12573.0,-5.14
12574.0,-5.33
12575.0,-5.07
12576.0,-5.04
12577.0,-5.470000000000001
12578.0,-5.02
12579.0,-5.03
12580.0,-5.05
12581.0,-5.24
12582.0,-5.04
12583.0,-5.18
12584.0,-5.32
12585.0,-5.14
12586.0,-5.11
12587.0,-5.04
12588.0,-5.680000000000001
12589.0,-5.37
12590.0,-5.51
12591.0,-5.46
12592.0,4.1499999999999995
12593.0,-5.21
12594.0,-5.01
12595.0,-5.02
12596.0,-5.04
12597.0,-5.02
12598.0,-5.5200000000000005
12599.0,-5.73
12600.0,-5.32
12601.0,-5.57
12602.0,-5.59
12603.0,-5.42
12604.0,-5.28
12605.0,-5.75
12606.0,-5.05
12607.0,-5.34
12608.0,-5.390000000000001
12609.0,-5.06
12610.0,4.209999999999999
12611.0,-5.36
12612.0,-5.04
12613.0,-5.01
12614.0,-5.16
12615.0,-5.06
12616.0,-5.01
12617.0,-5.08
12618.0,-5.54
12619.0,-5.67
12620.0,-5.54
12621.0,-5.04
12622.0,-5.42
12623.0,-5.05
12624.0,4.25
12625.0,-5.04
12626.0,-5.23
12627.0,-5.06
12628.0,-5.7
12629.0,-5.02
12630.0,-5.25
12631.0,-5.53
12632.0,-5.3
12633.0,-5.03
12634.0,-5.01
12635.0,-5.08
12636.0,4.17
12637.0,-5.34
12638.0,-5.02
12639.0,-5.01
12640.0,4.17
12641.0,-5.02
12642.0,-5.54
12643.0,-5.25
12644.0,-5.04
12645.0,-5.01
12646.0,-5.67
12647.0,-5.57
12648.0,-5.14
12649.0,-5.03
12650.0,-5.02
12651.0,-5.760000000000001
12652.0,-5.48
12653.0,-5.5200000000000005
12654.0,-5.37
12655.0,-5.3
12656.0,-5.21
12657.0,-5.18
12658.0,-5.08
12659.0,-5.32
12660.0,-5.05
12661.0,-5.18
12662.0,-5.01
12663.0,-5.04
12664.0,-5.48
12665.0,-5.5
12666.0,-5.03
12667.0,-5.12
12668.0,-5.33
12669.0,-5.02
12670.0,-5.08
12671.0,-5.2
12672.0,-5.04
12673.0,-5.710000000000001
12674.0,-5.18
12675.0,-5.05
12676.0,4.289999999999999
12677.0,-5.73
12678.0,-5.5600000000000005
12679.0,-5.2
12680.0,-5.18
12681.0,-5.04
12682.0,-5.720000000000001
12683.0,-5.01
12684.0,-5.24
12685.0,-5.44
12686.0,-5.03
12687.0,-5.17
12688.0,-5.73
12689.0,-5.44
12690.0,-5.09
12691.0,-5.06
12692.0,-5.02
12693.0,-5.26
12694.0,-5.01
12695.0,-5.09
12696.0,-5.37
12697.0,-5.04
12698.0,4.27
12699.0,-5.28
12700.0,-5.3
12701.0,-5.710000000000001
12702.0,-5.02
12703.0,-5.4
12704.0,-5.62
12705.0,-5.01
12706.0,-5.05
12707.0,-5.02
12708.0,-5.03
12709.0,-5.04
12710.0,4.18
12711.0,-5.4
12712.0,-5.48
12713.0,4.34
12714.0,-5.06
12715.0,-5.36
12716.0,-5.22
12717.0,-5.1
12718.0,-5.640000000000001
12719.0,-5.04
12720.0,-5.02
12721.0,-5.78
12722.0,4.119999999999999
12723.0,-5.44
12724.0,-5.33
12725.0,-5.54
12726.0,-5.01
12727.0,-5.23
12728.0,-5.41
12729.0,-5.42
12730.0,4.27
12731.0,-5.5
12732.0,-5.5200000000000005
12733.0,-5.1
12734.0,-5.42
12735.0,-5.04
12736.0,-5.05
12737.0,-5.12
12738.0,-5.61
12739.0,-1.0000000000000007
12740.0,-5.57
12741.0,-5.54
12742.0,-5.03
12743.0,-5.3100000000000005
12744.0,-5.69
12745.0,-5.01
12746.0,-5.17
12747.0,-5.03
12748.0,-5.02
12749.0,-5.02
12750.0,-5.16
12751.0,-5.08
12752.0,-5.3100000000000005
12753.0,-5.44
12754.0,-5.05
12755.0,-5.5600000000000005
12756.0,-5.03
12757.0,-5.680000000000001
12758.0,-5.3100000000000005
12759.0,4.199999999999999
12760.0,-5.04
12761.0,-5.24
12762.0,4.359999999999999
12763.0,-5.06
12764.0,-5.36
12765.0,-5.01
12766.0,-5.03
12767.0,-5.02
12768.0,-5.07
12769.0,-5.25
12770.0,-5.29
12771.0,-5.01
12772.0,-5.04
12773.0,-5.48
12774.0,4.25
12775.0,-5.02
12776.0,-5.36
12777.0,-5.54
12778.0,-5.640000000000001
12779.0,-5.03
12780.0,-5.09
12781.0,4.49
12782.0,-5.01
12783.0,-5.13
12784.0,-5.38
12785.0,4.34
12786.0,-5.04
12787.0,-5.08
12788.0,-5.19
12789.0,-5.01
12790.0,-5.59
12791.0,-5.06
12792.0,-5.42
12793.0,-5.01
12794.0,-5.36
12795.0,-5.06
12796.0,-5.3500000000000005
12797.0,-5.01
12798.0,-5.19
12799.0,-5.5
12800.0,-5.37
12801.0,-5.3
12802.0,-5.01
12803.0,-5.6000000000000005
12804.0,-5.01
12805.0,-5.14
12806.0,4.3
12807.0,-5.8500000000000005
12808.0,-5.05
12809.0,-5.03
12810.0,-5.12
12811.0,-5.8500000000000005
12812.0,-5.34
12813.0,-5.03
12814.0,4.51
12815.0,-5.05
12816.0,-5.06
12817.0,-5.33
12818.0,-5.3500000000000005
12819.0,-5.54
12820.0,-5.5200000000000005
12821.0,-5.04
12822.0,-5.06
12823.0,-5.02
12824.0,-5.46
12825.0,4.279999999999999
12826.0,-5.04
12827.0,-5.38
12828.0,-5.02
12829.0,-5.49
12830.0,4.2299999999999995
12831.0,-5.69
12832.0,-5.03
12833.0,-5.15
12834.0,-5.06
12835.0,-5.01
12836.0,4.26
12837.0,-5.03
12838.0,-5.17
12839.0,-5.1
12840.0,-5.02
12841.0,-5.02
12842.0,-5.44
12843.0,-5.42
12844.0,-5.01
12845.0,-5.01
12846.0,-5.42
12847.0,-5.06
12848.0,-5.17
12849.0,-5.01
12850.0,-5.13
12851.0,-5.02
12852.0,-5.36
12853.0,-5.1
12854.0,4.26
12855.0,-5.14
12856.0,-5.18
12857.0,4.06
12858.0,-5.02
12859.0,-5.37
12860.0,-5.04
12861.0,4.159999999999999
12862.0,-5.03
12863.0,-5.42
12864.0,-5.59
12865.0,-5.390000000000001
12866.0,-5.01
12867.0,-5.470000000000001
12868.0,-5.62
12869.0,-5.06
12870.0,-5.5
12871.0,4.27
12872.0,-5.6000000000000005
12873.0,-5.12
12874.0,-5.03
12875.0,-5.54
12876.0,-5.45
12877.0,-5.03
12878.0,-5.390000000000001
12879.0,-5.03
12880.0,-5.26
12881.0,-5.02
12882.0,-5.02
12883.0,-5.02
12884.0,-5.37
12885.0,-5.04
12886.0,-5.430000000000001
12887.0,-5.720000000000001
12888.0,-5.470000000000001
12889.0,-5.06
12890.0,-5.7700000000000005
12891.0,4.3999999999999995
12892.0,-5.4
12893.0,-5.05
12894.0,-5.01
12895.0,-5.02
12896.0,-5.04
12897.0,-5.1
12898.0,-5.02
12899.0,-5.06
12900.0,-5.2
12901.0,-5.58
12902.0,-5.14
12903.0,-5.51
12904.0,-5.09
12905.0,-5.2700000000000005
12906.0,-5.07
12907.0,-5.02
12908.0,-5.26
12909.0,-5.01
12910.0,-5.760000000000001
12911.0,-5.02
12912.0,-5.04
12913.0,-5.03
12914.0,4.239999999999999
12915.0,-5.03
12916.0,-5.59
12917.0,-5.05
12918.0,-5.08
12919.0,-5.03
12920.0,-5.07
12921.0,-5.01
12922.0,-5.32
12923.0,-5.36
12924.0,-5.06
12925.0,-5.06
12926.0,-5.02
12927.0,-5.390000000000001
12928.0,-5.2
12929.0,-5.03
12930.0,-5.13
12931.0,-5.2
12932.0,-5.5
12933.0,-5.48
12934.0,-5.390000000000001
12935.0,-5.02
12936.0,-5.01
12937.0,-5.01
12938.0,-5.06
12939.0,-5.3500000000000005
12940.0,-5.1
12941.0,-5.37
12942.0,-5.45
12943.0,-5.38
12944.0,-5.26
12945.0,-5.06
12946.0,-5.06
12947.0,-5.5600000000000005
12948.0,4.18
12949.0,-5.02
12950.0,-5.4
12951.0,-5.5200000000000005
12952.0,-5.32
12953.0,-5.06
12954.0,-5.62
12955.0,-5.02
12956.0,-5.640000000000001
12957.0,-5.02
12958.0,-5.51
12959.0,4.41
12960.0,-5.28
12961.0,-5.07
12962.0,4.41
12963.0,-5.05
12964.0,-5.7
12965.0,-5.44
12966.0,4.119999999999999
12967.0,-5.53
12968.0,4.3
12969.0,4.289999999999999
12970.0,-5.02
12971.0,-5.07
12972.0,-5.19
12973.0,-5.3500000000000005
12974.0,-5.24
12975.0,-5.05
12976.0,-5.5600000000000005
12977.0,-5.03
12978.0,-5.42
12979.0,-5.28
12980.0,-5.62
12981.0,-5.42
12982.0,-5.03
12983.0,-5.44
12984.0,-5.04
12985.0,-5.57
12986.0,-5.36
12987.0,-5.51
12988.0,-5.03
12989.0,-5.04
12990.0,-5.04
12991.0,-5.630000000000001
12992.0,-5.28
12993.0,-5.04
12994.0,-5.710000000000001
12995.0,-5.02
12996.0,-5.82
12997.0,-5.29
12998.0,-5.45
12999.0,4.289999999999999
13000.0,-5.3
13001.0,-5.49
13002.0,-5.04
13003.0,-5.430000000000001
13004.0,-5.4
13005.0,-5.58
13006.0,-5.04
13007.0,-5.03
13008.0,-5.06
13009.0,-5.5200000000000005
13010.0,4.209999999999999
13011.0,-5.470000000000001
13012.0,-5.37
13013.0,-5.18
13014.0,-5.06
13015.0,-5.41
13016.0,-5.640000000000001
13017.0,-5.04
13018.0,-5.46
13019.0,-5.04
13020.0,-5.11
13021.0,-5.53
13022.0,-5.01
13023.0,-5.12
13024.0,-5.06
13025.0,-5.38
13026.0,-5.01
13027.0,-5.03
13028.0,-5.1
13029.0,4.2299999999999995
13030.0,-5.65
13031.0,-5.11
13032.0,-5.44
13033.0,-5.06
13034.0,-5.02
13035.0,-5.5600000000000005
13036.0,-5.03
13037.0,-5.44
13038.0,-5.33
13039.0,-5.14
13040.0,-5.4
13041.0,-5.05
13042.0,-5.49
13043.0,-5.06
13044.0,-5.32
13045.0,-5.08
13046.0,-5.33
13047.0,-5.3100000000000005
13048.0,-5.09
13049.0,-5.02
13050.0,-5.34
13051.0,-5.17
13052.0,-5.02
13053.0,-5.53
13054.0,-5.04
13055.0,-5.02
13056.0,-5.07
13057.0,-5.33
13058.0,4.35
13059.0,-5.45
13060.0,-5.390000000000001
13061.0,-5.5600000000000005
13062.0,-5.28
13063.0,-5.59
13064.0,-5.42
13065.0,-5.3500000000000005
13066.0,-5.01
13067.0,-5.02
13068.0,-5.05
13069.0,-5.3500000000000005
13070.0,-5.48
13071.0,-5.5
13072.0,-5.3100000000000005
13073.0,4.319999999999999
13074.0,-5.01
13075.0,-5.03
13076.0,-5.08
13077.0,-5.83
13078.0,-5.41
13079.0,-5.02
13080.0,-5.44
13081.0,-5.1
13082.0,-5.24
13083.0,-5.01
13084.0,-5.13
13085.0,-5.01
13086.0,-5.08
13087.0,4.09
13088.0,4.279999999999999
13089.0,-5.34
13090.0,-5.18
13091.0,-5.12
13092.0,-5.3100000000000005
13093.0,-5.3500000000000005
13094.0,-5.49
13095.0,-5.06
13096.0,-5.33
13097.0,-5.01
13098.0,-5.08
13099.0,-5.42
13100.0,4.27
13101.0,-5.05
13102.0,-5.53
13103.0,-5.02
13104.0,-5.04
13105.0,-5.05
13106.0,-1.0000000000000007
13107.0,-5.430000000000001
13108.0,-5.04
13109.0,-5.06
13110.0,-5.09
13111.0,-5.34
13112.0,-5.06
13113.0,-5.17
13114.0,-5.04
13115.0,-5.390000000000001
13116.0,-5.5600000000000005
13117.0,-5.04
13118.0,-5.5200000000000005
13119.0,-5.02
13120.0,-5.01
13121.0,-5.04
13122.0,-5.09
13123.0,-5.42
13124.0,-5.34
13125.0,-5.07
13126.0,-5.5
13127.0,-5.6000000000000005
13128.0,-5.01
13129.0,-5.02
13130.0,-5.05
13131.0,-5.44
13132.0,-5.09
13133.0,-5.3
13134.0,-5.03
13135.0,-5.04
13136.0,-5.42
13137.0,-5.04
13138.0,-5.08
13139.0,-5.05
13140.0,-5.37
13141.0,-5.25
13142.0,-5.3100000000000005
13143.0,4.199999999999999
13144.0,-5.22
13145.0,-5.02
13146.0,-5.62
13147.0,-5.15
13148.0,-5.02
13149.0,-5.16
13150.0,-5.04
13151.0,-5.07
13152.0,-5.08
13153.0,-5.3100000000000005
13154.0,-5.03
13155.0,-5.54
13156.0,-5.34
13157.0,-5.09
13158.0,4.49
13159.0,-5.01
13160.0,-5.06
13161.0,-5.24
13162.0,-5.38
13163.0,-5.03
13164.0,-5.1
13165.0,-5.08
13166.0,-5.37
13167.0,-5.550000000000001
13168.0,-5.04
13169.0,-5.41
13170.0,-5.38
13171.0,-5.07
13172.0,-5.08
13173.0,-5.06
13174.0,-5.58
13175.0,-5.04
13176.0,-5.32
13177.0,-5.32
13178.0,-5.03
13179.0,-5.54
13180.0,-5.34
13181.0,-5.33
13182.0,-5.2700000000000005
13183.0,-5.04
13184.0,-5.09
13185.0,-5.04
13186.0,-5.430000000000001
13187.0,-5.390000000000001
13188.0,-5.04
13189.0,-5.01
13190.0,4.279999999999999
13191.0,-5.26
13192.0,-5.54
13193.0,-5.02
13194.0,-5.48
13195.0,-5.02
13196.0,-5.4
13197.0,-5.01
13198.0,-5.06
13199.0,-5.04
13200.0,-5.3100000000000005
13201.0,-5.26
13202.0,-5.680000000000001
13203.0,-5.26
13204.0,-5.01
13205.0,-5.45
13206.0,-5.3
13207.0,-5.03
13208.0,4.369999999999999
13209.0,-5.5
13210.0,-5.65
13211.0,-5.61
13212.0,-5.02
13213.0,-5.58
13214.0,-5.34
13215.0,4.239999999999999
13216.0,-5.29
13217.0,-5.04
13218.0,-1.0000000000000007
13219.0,-5.470000000000001
13220.0,-5.2
13221.0,-5.630000000000001
13222.0,-5.61
13223.0,-5.470000000000001
13224.0,-5.630000000000001
13225.0,-5.02
13226.0,-5.26
13227.0,-5.05
13228.0,-5.05
13229.0,-5.02
13230.0,-5.1
13231.0,-5.03
13232.0,-5.16
13233.0,-5.7700000000000005
13234.0,-5.4
13235.0,-5.22
13236.0,-5.03
13237.0,-5.37
13238.0,-5.04
13239.0,4.51
13240.0,-5.58
13241.0,-5.41
13242.0,-5.470000000000001
13243.0,-5.05
13244.0,-5.01
13245.0,-5.16
13246.0,-5.02
13247.0,-5.34
13248.0,-5.18
13249.0,-5.57
13250.0,-5.5600000000000005
13251.0,-5.37
13252.0,-5.05
13253.0,-5.62
13254.0,-5.430000000000001
13255.0,4.26
13256.0,-5.09
13257.0,-5.11
13258.0,-5.42
13259.0,-5.36
13260.0,-5.04
13261.0,-5.07
13262.0,-5.680000000000001
13263.0,-5.06
13264.0,4.119999999999999
13265.0,-5.13
13266.0,-5.06
13267.0,-5.01
13268.0,-5.03
13269.0,-5.04
13270.0,-5.02
13271.0,-5.02
13272.0,-5.42
13273.0,-5.3
13274.0,-5.03
13275.0,-5.02
13276.0,-5.26
13277.0,-5.11
13278.0,-5.05
13279.0,-5.03
13280.0,-5.02
13281.0,-5.41
13282.0,-5.4
13283.0,-5.11
13284.0,-5.16
13285.0,-5.34
13286.0,4.529999999999999
13287.0,-5.07
13288.0,-5.4
13289.0,-5.02
13290.0,-5.04
13291.0,-5.01
13292.0,-5.09
13293.0,-5.66
13294.0,-5.08
13295.0,-5.04
13296.0,-5.01
13297.0,-5.430000000000001
13298.0,-5.02
13299.0,-5.13
13300.0,-5.470000000000001
13301.0,-5.02
13302.0,-5.01
13303.0,-5.5200000000000005
13304.0,-5.22
13305.0,-5.06
13306.0,-5.01
13307.0,-5.430000000000001
13308.0,-5.12
13309.0,-5.07
13310.0,-5.05
13311.0,-5.23
13312.0,-5.06
13313.0,-5.38
13314.0,-5.3500000000000005
13315.0,-5.05
13316.0,-5.41
13317.0,-5.06
13318.0,-5.34
13319.0,-5.13
13320.0,-5.26
13321.0,-5.34
13322.0,-5.46
13323.0,-5.02
13324.0,-5.37
13325.0,-5.06
13326.0,-5.45
13327.0,-5.4
13328.0,-5.03
13329.0,-5.41
13330.0,-5.34
13331.0,-5.2700000000000005
13332.0,-5.11
13333.0,-5.01
13334.0,-5.630000000000001
13335.0,-5.41
13336.0,-5.08
13337.0,-5.01
13338.0,-5.25
13339.0,-5.04
13340.0,-5.2700000000000005
13341.0,4.47
13342.0,4.06
13343.0,-5.53
13344.0,-5.04
13345.0,-5.3
13346.0,-5.36
13347.0,-5.01
13348.0,-5.2700000000000005
13349.0,-5.3100000000000005
13350.0,-5.51
13351.0,-5.5200000000000005
13352.0,-5.06
13353.0,-5.01
13354.0,-5.02
13355.0,-5.3
13356.0,-5.45
13357.0,-5.470000000000001
13358.0,-5.48
13359.0,-5.29
13360.0,-5.470000000000001
13361.0,-5.4
13362.0,-5.32
13363.0,-5.22
13364.0,4.35
13365.0,-5.04
13366.0,-5.04
13367.0,-5.48
13368.0,-5.01
13369.0,-5.04
13370.0,-5.17
13371.0,-5.01
13372.0,-5.3
13373.0,-5.18
13374.0,-5.05
13375.0,-5.390000000000001
13376.0,-5.430000000000001
13377.0,-5.03
13378.0,-5.36
13379.0,-5.34
13380.0,-5.01
13381.0,-5.430000000000001
13382.0,-5.05
13383.0,-5.550000000000001
13384.0,-5.34
13385.0,-5.33
13386.0,-5.26
13387.0,-5.02
13388.0,-5.06
13389.0,-5.07
13390.0,-5.430000000000001
13391.0,-5.12
13392.0,-5.02
13393.0,-5.3
13394.0,-5.44
13395.0,-5.4
13396.0,-5.06
13397.0,-5.45
13398.0,-5.05
13399.0,-5.45
13400.0,-5.470000000000001
13401.0,-5.33
13402.0,-5.41
13403.0,-5.02
13404.0,-5.01
13405.0,-5.51
13406.0,-5.01
13407.0,-5.38
13408.0,-5.78
13409.0,-5.01
13410.0,-5.390000000000001
13411.0,4.34
13412.0,-5.02
13413.0,-5.65
13414.0,-5.01
13415.0,-5.24
13416.0,-5.02
13417.0,-5.01
13418.0,-5.01
13419.0,-5.54
13420.0,-5.04
13421.0,-5.470000000000001
13422.0,-5.22
13423.0,-5.2700000000000005
13424.0,-5.22
13425.0,-5.42
13426.0,-5.07
13427.0,-5.02
13428.0,-5.25
13429.0,-5.03
13430.0,-5.61
13431.0,-5.06
13432.0,-5.32
13433.0,-5.09
13434.0,-5.640000000000001
13435.0,-5.04
13436.0,-5.3500000000000005
13437.0,-5.58
13438.0,-5.38
13439.0,-5.04
13440.0,-5.4
13441.0,-5.640000000000001
13442.0,4.26
13443.0,-5.760000000000001
13444.0,-5.69
13445.0,-5.7700000000000005
13446.0,-5.61
13447.0,-5.06
13448.0,-5.03
13449.0,-5.04
13450.0,4.319999999999999
13451.0,-5.36
13452.0,-5.28
13453.0,-5.48
13454.0,-5.61
13455.0,-5.04
13456.0,-5.37
13457.0,-5.65
13458.0,-5.18
13459.0,-5.5200000000000005
13460.0,-5.33
13461.0,-5.05
13462.0,-5.02
13463.0,-5.05
13464.0,-5.25
13465.0,-5.49
13466.0,-5.05
13467.0,-5.12
13468.0,-5.74
13469.0,-1.0000000000000007
13470.0,-5.45
13471.0,-5.790000000000001
13472.0,-5.09
13473.0,-5.05
13474.0,-5.06
13475.0,-5.33
13476.0,-5.04
13477.0,-1.0000000000000007
13478.0,-5.2
13479.0,-5.470000000000001
13480.0,-5.02
13481.0,-5.06
13482.0,-5.2
13483.0,-5.04
13484.0,-5.09
13485.0,-5.390000000000001
13486.0,-5.05
13487.0,-5.19
13488.0,-5.42
13489.0,-5.45
13490.0,-5.04
13491.0,-5.46
13492.0,-5.06
13493.0,-5.07
13494.0,-5.21
13495.0,-5.630000000000001
13496.0,-1.0000000000000007
13497.0,-5.880000000000001
13498.0,-5.4
13499.0,-5.03
13500.0,-5.02
13501.0,-5.640000000000001
13502.0,-5.01
13503.0,-5.02
13504.0,-5.46
13505.0,-5.01
13506.0,-5.34
13507.0,-5.58
13508.0,4.2299999999999995
13509.0,-5.01
13510.0,-5.02
13511.0,-5.5600000000000005
13512.0,-5.07
13513.0,-5.5
13514.0,-5.03
13515.0,-5.11
13516.0,-5.04
13517.0,-5.11
13518.0,-5.53
13519.0,-5.11
13520.0,-5.3100000000000005
13521.0,-5.390000000000001
13522.0,-5.06
13523.0,-5.26
13524.0,-5.19
13525.0,-5.05
13526.0,-5.3500000000000005
13527.0,-5.41
13528.0,-5.42
13529.0,-5.01
13530.0,-5.390000000000001
13531.0,-5.46
13532.0,-5.5600000000000005
13533.0,-5.02
13534.0,-5.44
13535.0,-5.37
13536.0,-5.11
13537.0,-5.58
13538.0,-5.01
13539.0,-5.5600000000000005
13540.0,-5.680000000000001
13541.0,-5.06
13542.0,-5.02
13543.0,-5.54
13544.0,-5.02
13545.0,-5.33
13546.0,-5.58
13547.0,-5.470000000000001
13548.0,-5.2
13549.0,-5.470000000000001
13550.0,-5.3
13551.0,-5.33
13552.0,-5.04
13553.0,4.159999999999999
13554.0,-5.58
13555.0,-5.38
13556.0,-5.2700000000000005
13557.0,-5.06
13558.0,-5.640000000000001
13559.0,-5.34
13560.0,-5.34
13561.0,-5.05
13562.0,-5.11
13563.0,-5.01
13564.0,-5.32
13565.0,-5.3
13566.0,-5.45
13567.0,-5.4
13568.0,-5.06
13569.0,-5.02
13570.0,-5.3500000000000005
13571.0,-5.28
13572.0,-5.48
13573.0,-5.32
13574.0,-5.22
13575.0,-5.75
13576.0,-5.33
13577.0,-5.4
13578.0,-5.26
13579.0,-5.29
13580.0,-5.13
13581.0,4.2299999999999995
13582.0,-5.01
13583.0,-5.44
13584.0,-5.3100000000000005
13585.0,-5.03
13586.0,-5.01
13587.0,-5.26
13588.0,-5.41
13589.0,-5.3100000000000005
13590.0,-5.34
13591.0,-5.11
13592.0,-5.06
13593.0,-5.34
13594.0,-5.42
13595.0,-5.01
13596.0,-5.26
13597.0,-5.53
13598.0,-5.22
13599.0,-5.07
13600.0,-5.29
13601.0,-5.02
13602.0,-5.46
13603.0,-5.02
13604.0,-5.430000000000001
13605.0,-5.03
13606.0,-5.41
13607.0,-5.6000000000000005
13608.0,-5.01
13609.0,-5.04
13610.0,-5.03
13611.0,-5.5
13612.0,-5.05
13613.0,-5.880000000000001
13614.0,-5.02
13615.0,-5.02
13616.0,-5.09
13617.0,-5.09
13618.0,-5.03
13619.0,-5.32
13620.0,-5.05
13621.0,-5.24
13622.0,-5.38
13623.0,-5.38
13624.0,-5.04
13625.0,-5.2700000000000005
13626.0,-5.42
13627.0,-5.02
13628.0,-5.03
13629.0,-5.2
13630.0,-5.01
13631.0,-5.04
13632.0,-5.02
13633.0,-5.09
13634.0,-5.24
13635.0,-5.02
13636.0,-5.69
13637.0,-5.46
13638.0,-5.2700000000000005
13639.0,-5.18
13640.0,-5.630000000000001
13641.0,4.49
13642.0,-5.5
13643.0,-1.0000000000000007
13644.0,-5.02
13645.0,-5.01
13646.0,-5.38
13647.0,-5.04
13648.0,-5.36
13649.0,-5.430000000000001
13650.0,-5.57
13651.0,-5.03
13652.0,-5.33
13653.0,-5.09
13654.0,-5.25
13655.0,-5.6000000000000005
13656.0,-5.2
13657.0,-5.02
13658.0,-5.37
13659.0,-5.57
13660.0,-5.42
13661.0,-5.04
13662.0,-5.3
13663.0,-5.04
13664.0,-5.26
13665.0,-5.02
13666.0,-5.02
13667.0,-5.04
13668.0,-5.29
13669.0,-5.390000000000001
13670.0,-5.01
13671.0,-5.36
13672.0,-5.05
13673.0,-5.04
13674.0,-5.08
13675.0,-5.57
13676.0,-5.4
13677.0,-5.36
13678.0,-5.36
13679.0,-5.34
13680.0,-5.03
13681.0,-5.48
13682.0,-5.58
13683.0,-5.430000000000001
13684.0,-5.25
13685.0,-5.37
13686.0,-5.13
13687.0,-5.38
13688.0,-5.36
13689.0,-5.03
13690.0,-5.2700000000000005
13691.0,-5.02
13692.0,-5.26
13693.0,-5.760000000000001
13694.0,-5.470000000000001
13695.0,-5.51
13696.0,4.26
13697.0,-5.09
13698.0,-5.790000000000001
13699.0,-5.4
13700.0,-5.26
13701.0,-5.12
13702.0,-5.1
13703.0,-5.3100000000000005
13704.0,-5.02
13705.0,-5.3100000000000005
13706.0,-5.11
13707.0,-5.3100000000000005
13708.0,-5.390000000000001
13709.0,-5.32
13710.0,-5.3
13711.0,-5.02
13712.0,-5.41
13713.0,-5.28
13714.0,-5.06
13715.0,-5.44
13716.0,-5.03
13717.0,-5.2
13718.0,-5.32
13719.0,-5.4
13720.0,-5.01
13721.0,-5.06
13722.0,-5.04
13723.0,-5.65
13724.0,-5.04
13725.0,-5.45
13726.0,-5.58
13727.0,-5.08
13728.0,-5.34
13729.0,-5.69
13730.0,-5.02
13731.0,-5.21
13732.0,-5.21
13733.0,-5.04
13734.0,-5.02
13735.0,-5.03
13736.0,-5.390000000000001
13737.0,-5.37
13738.0,-5.3100000000000005
13739.0,-5.49
13740.0,-5.04
13741.0,-5.09
13742.0,-5.09
13743.0,-5.640000000000001
13744.0,-5.25
13745.0,-5.46
13746.0,-5.08
13747.0,-5.1
13748.0,-5.51
13749.0,-5.390000000000001
13750.0,-5.45
13751.0,-5.430000000000001
13752.0,-5.73
13753.0,-5.550000000000001
13754.0,-5.34
13755.0,-5.3100000000000005
13756.0,-5.470000000000001
13757.0,-5.5200000000000005
13758.0,-5.22
13759.0,-5.54
13760.0,-5.3100000000000005
13761.0,-5.32
13762.0,-5.33
13763.0,-5.06
13764.0,-5.04
13765.0,-5.3500000000000005
13766.0,-5.04
13767.0,-5.04
13768.0,-5.390000000000001
13769.0,-5.470000000000001
13770.0,-5.34
13771.0,-5.03
13772.0,-5.430000000000001
13773.0,-5.04
13774.0,-5.390000000000001
13775.0,-5.17
13776.0,-5.1
13777.0,-5.04
13778.0,-5.45
13779.0,-5.04
13780.0,-5.36
13781.0,-5.1
13782.0,-5.46
13783.0,-5.34
13784.0,-5.01
13785.0,-5.04
13786.0,-5.470000000000001
13787.0,-5.05
13788.0,-5.3500000000000005
13789.0,-5.28
13790.0,-5.2700000000000005
13791.0,-5.390000000000001
13792.0,-5.44
13793.0,-5.28
13794.0,-5.01
13795.0,-5.37
13796.0,4.4399999999999995
13797.0,-5.07
13798.0,-5.38
13799.0,-5.5200000000000005
13800.0,-5.46
13801.0,4.43
13802.0,-5.26
13803.0,-5.430000000000001
13804.0,-5.3500000000000005
13805.0,-5.08
13806.0,-5.03
13807.0,-5.01
13808.0,-5.48
13809.0,-5.430000000000001
13810.0,-5.02
13811.0,-5.430000000000001
13812.0,-5.550000000000001
13813.0,-5.45
13814.0,-5.470000000000001
13815.0,-5.2
13816.0,-5.34
13817.0,-5.61
13818.0,4.41
13819.0,-5.09
13820.0,-5.61
13821.0,-5.2
13822.0,-5.03
13823.0,-5.02
13824.0,-5.07
13825.0,-5.04
13826.0,-5.05
13827.0,-5.5
13828.0,-5.02
13829.0,-5.3100000000000005
13830.0,-5.5600000000000005
13831.0,-5.45
13832.0,-5.32
13833.0,-5.01
13834.0,-5.02
13835.0,-5.550000000000001
13836.0,-5.42
13837.0,-5.08
13838.0,-5.08
13839.0,-5.02
13840.0,-5.02
13841.0,-5.390000000000001
13842.0,-5.02
13843.0,-5.32
13844.0,-5.04
13845.0,-5.44
13846.0,-5.48
13847.0,-5.3
13848.0,-5.840000000000001
13849.0,-5.430000000000001
13850.0,-5.21
13851.0,-5.2
13852.0,-5.01
13853.0,-5.15
13854.0,-5.5
13855.0,-5.3100000000000005
13856.0,-5.04
13857.0,-5.34
13858.0,-5.06
13859.0,-5.02
13860.0,-5.26
13861.0,-5.430000000000001
13862.0,-5.02
13863.0,-5.390000000000001
13864.0,-5.08
13865.0,-5.32
13866.0,-5.02
13867.0,-5.06
13868.0,-5.03
13869.0,-5.02
13870.0,-5.36
13871.0,-5.48
13872.0,-5.02
13873.0,-5.37
13874.0,-5.3100000000000005
13875.0,-5.45
13876.0,-5.04
13877.0,-5.05
13878.0,-5.08
13879.0,-5.45
13880.0,-5.22
13881.0,-5.2700000000000005
13882.0,-5.1
13883.0,-5.04
13884.0,-5.75
13885.0,-5.3500000000000005
13886.0,-5.29
13887.0,-5.67
13888.0,-5.430000000000001
13889.0,-5.05
13890.0,-5.04
13891.0,-5.33
13892.0,-5.3100000000000005
13893.0,-5.44
13894.0,-5.19
13895.0,-5.3500000000000005
13896.0,-5.42
13897.0,-5.02
13898.0,-5.51
13899.0,-5.3500000000000005
13900.0,-5.06
13901.0,-5.29
13902.0,-5.51
13903.0,-5.46
13904.0,-5.46
13905.0,-5.01
13906.0,-5.390000000000001
13907.0,-5.01
13908.0,-5.33
13909.0,-5.22
13910.0,-5.02
13911.0,-5.390000000000001
13912.0,-5.61
13913.0,-5.61
13914.0,-5.3500000000000005
13915.0,-5.08
13916.0,-5.07
13917.0,-5.29
13918.0,-5.11
13919.0,-5.16
13920.0,4.47
13921.0,-5.01
13922.0,-5.4
13923.0,-5.28
13924.0,-5.22
13925.0,-5.25
13926.0,-5.02
13927.0,-5.04
13928.0,-5.04
13929.0,-5.02
13930.0,-5.04
13931.0,4.27
13932.0,-5.06
13933.0,-5.53
13934.0,-5.390000000000001
13935.0,-5.34
13936.0,-5.6000000000000005
13937.0,-5.01
13938.0,-5.3
13939.0,-5.1
13940.0,-5.01
13941.0,-5.41
13942.0,-5.08
13943.0,-5.03
13944.0,-5.430000000000001
13945.0,-5.470000000000001
13946.0,-5.26
13947.0,-5.3
13948.0,-5.33
13949.0,-5.38
13950.0,-5.08
13951.0,-5.42
13952.0,-5.04
13953.0,-5.4
13954.0,4.35
13955.0,-5.3
13956.0,-5.02
13957.0,-5.05
13958.0,-5.390000000000001
13959.0,-5.01
13960.0,-5.08
13961.0,-5.37
13962.0,-5.17
13963.0,-5.16
13964.0,-5.19
13965.0,-5.05
13966.0,-5.01
13967.0,-5.01
13968.0,-5.03
13969.0,-5.02
13970.0,-5.28
13971.0,-5.18
13972.0,-5.22
13973.0,-5.01
13974.0,-5.15
13975.0,-5.28
13976.0,-5.680000000000001
13977.0,-5.01
13978.0,-5.02
13979.0,-5.02
13980.0,-5.02
13981.0,-5.46
13982.0,-5.5
13983.0,-5.05
13984.0,-5.760000000000001
13985.0,-5.5
13986.0,-5.44
13987.0,-5.66
13988.0,-5.37
13989.0,-5.03
13990.0,-5.01
13991.0,-5.01
13992.0,-5.02
13993.0,-5.11
13994.0,-5.34
13995.0,-5.03
13996.0,-5.5
13997.0,-5.05
13998.0,-5.51
13999.0,-5.05
14000.0,-5.38
14001.0,-5.38
14002.0,-5.49
14003.0,-5.03
14004.0,-5.82
14005.0,-5.04
14006.0,4.39
14007.0,-5.06
14008.0,-5.01
14009.0,-5.44
14010.0,-5.62
14011.0,-5.24
14012.0,-5.59
14013.0,-5.54
14014.0,-5.33
14015.0,-5.5200000000000005
14016.0,-5.32
14017.0,-5.13
14018.0,-5.4
14019.0,-5.06
14020.0,-5.04
14021.0,-5.02
14022.0,-5.04
14023.0,-5.42
14024.0,-5.07
14025.0,-5.6000000000000005
14026.0,-5.04
14027.0,-5.02
14028.0,-5.04
14029.0,-5.3
14030.0,-5.02
14031.0,-5.69
14032.0,-5.2
14033.0,-5.13
14034.0,-5.07
14035.0,-5.2700000000000005
14036.0,-5.23
14037.0,-5.29
14038.0,4.06
14039.0,-5.390000000000001
14040.0,-5.430000000000001
14041.0,-5.67
14042.0,-5.3100000000000005
14043.0,-5.34
14044.0,-5.04
14045.0,-5.38
14046.0,-5.25
14047.0,-5.59
14048.0,-5.11
14049.0,-5.09
14050.0,-5.01
14051.0,-5.41
14052.0,-5.04
14053.0,-5.06
14054.0,-5.06
14055.0,-5.3
14056.0,-5.710000000000001
14057.0,-5.390000000000001
14058.0,-5.3
14059.0,-5.32
14060.0,-5.01
14061.0,-5.02
14062.0,-5.02
14063.0,-5.01
14064.0,-5.470000000000001
14065.0,4.39
14066.0,-5.11
14067.0,-5.16
14068.0,-5.44
14069.0,-5.01
14070.0,-5.09
14071.0,-5.02
14072.0,4.449999999999999
14073.0,-5.03
14074.0,-5.22
14075.0,-5.61
14076.0,-5.02
14077.0,-5.32
14078.0,-5.3100000000000005
14079.0,-5.02
14080.0,-5.69
14081.0,-5.02
14082.0,-5.02
14083.0,-5.28
14084.0,-5.01
14085.0,-5.01
14086.0,-5.3
14087.0,-5.59
14088.0,-5.02
14089.0,-5.02
14090.0,-5.3500000000000005
14091.0,-5.22
14092.0,-5.62
14093.0,-5.28
14094.0,-5.48
14095.0,-5.04
14096.0,-5.22
14097.0,-5.23
14098.0,-5.5200000000000005
14099.0,-5.42
14100.0,-5.53
14101.0,-5.1
14102.0,-5.550000000000001
14103.0,-5.02
14104.0,4.369999999999999
14105.0,-5.07
14106.0,-5.15
14107.0,-5.790000000000001
14108.0,-5.08
14109.0,-5.5
14110.0,-5.34
14111.0,-5.430000000000001
14112.0,-5.04
14113.0,-5.42
14114.0,-5.37
14115.0,-5.06
14116.0,-5.44
14117.0,-5.37
14118.0,-5.02
14119.0,-5.5600000000000005
14120.0,-5.02
14121.0,-5.3500000000000005
14122.0,-5.17
14123.0,-5.58
14124.0,-5.04
14125.0,-5.01
14126.0,-5.41
14127.0,-5.02
14128.0,4.41
14129.0,-5.04
14130.0,-5.38
14131.0,-5.28
14132.0,-5.06
14133.0,-5.04
14134.0,-5.62
14135.0,-5.08
14136.0,-5.02
14137.0,-5.24
14138.0,-5.06
14139.0,-5.34
14140.0,-5.58
14141.0,-5.2700000000000005
14142.0,-5.37
14143.0,-5.09
14144.0,-5.390000000000001
14145.0,-5.02
14146.0,-5.07
14147.0,-5.18
14148.0,-5.28
14149.0,-5.430000000000001
14150.0,-5.46
14151.0,-5.01
14152.0,-5.48
14153.0,-5.06
14154.0,-5.08
14155.0,-5.4
14156.0,-5.67
14157.0,-5.3100000000000005
14158.0,-5.33
14159.0,-5.26
14160.0,-5.5
14161.0,-5.03
14162.0,-5.03
14163.0,-5.02
14164.0,-5.470000000000001
14165.0,4.06
14166.0,-5.06
14167.0,-5.01
14168.0,-5.36
14169.0,-5.02
14170.0,-5.16
14171.0,-5.07
14172.0,-5.02
14173.0,-5.3100000000000005
14174.0,-5.390000000000001
14175.0,-5.06
14176.0,-5.03
14177.0,-5.04
14178.0,-5.01
14179.0,-5.09
14180.0,-5.04
14181.0,-5.41
14182.0,-5.38
14183.0,-5.42
14184.0,-5.06
14185.0,-5.01
14186.0,-5.28
14187.0,-5.54
14188.0,-5.44
14189.0,-5.4
14190.0,-5.01
14191.0,-5.05
14192.0,-5.3500000000000005
14193.0,-5.04
14194.0,4.3999999999999995
14195.0,-5.38
14196.0,-5.03
14197.0,-5.24
14198.0,-5.61
14199.0,-5.03
14200.0,-5.12
14201.0,-5.28
14202.0,-5.5200000000000005
14203.0,-5.5600000000000005
14204.0,-5.06
14205.0,-5.05
14206.0,-5.05
14207.0,-5.37
14208.0,-5.19
14209.0,-5.02
14210.0,-5.2
14211.0,4.159999999999999
14212.0,-5.02
14213.0,-5.19
14214.0,-5.680000000000001
14215.0,-5.32
14216.0,-5.3100000000000005
14217.0,-5.5200000000000005
14218.0,-5.4
14219.0,-5.790000000000001
14220.0,-5.57
14221.0,-5.1
14222.0,-5.02
14223.0,-5.04
14224.0,-5.48
14225.0,-5.22
14226.0,-5.54
14227.0,-5.34
14228.0,-5.03
14229.0,-5.3100000000000005
14230.0,-5.3100000000000005
14231.0,-5.26
14232.0,-5.42
14233.0,-5.4
14234.0,-5.03
14235.0,-5.42
14236.0,-5.01
14237.0,-5.1
14238.0,-5.07
14239.0,-5.28
14240.0,-5.34
14241.0,-5.42
14242.0,-5.1
14243.0,-5.03
14244.0,-5.33
14245.0,-5.03
14246.0,-5.08
14247.0,-5.02
14248.0,-5.3500000000000005
14249.0,-5.24
14250.0,-5.470000000000001
14251.0,-5.36
14252.0,-5.37
14253.0,-5.11
14254.0,-5.3
14255.0,-5.22
14256.0,-5.06
14257.0,-5.3
14258.0,-5.37
14259.0,4.049999999999999
14260.0,-5.6000000000000005
14261.0,-5.48
14262.0,-5.26
14263.0,-5.06
14264.0,-5.46
14265.0,-5.03
14266.0,-5.2
14267.0,-5.08
14268.0,-5.02
14269.0,-5.03
14270.0,-5.04
14271.0,-5.3
14272.0,4.09
14273.0,-5.01
14274.0,-5.07
14275.0,-5.02
14276.0,-5.04
14277.0,-5.45
14278.0,-5.06
14279.0,-5.7700000000000005
14280.0,-5.02
14281.0,-5.390000000000001
14282.0,-5.04
14283.0,-5.3100000000000005
14284.0,-5.04
14285.0,-5.28
14286.0,-5.3500000000000005
14287.0,-5.02
14288.0,-5.32
14289.0,-5.45
14290.0,-5.07
14291.0,-5.04
14292.0,-5.12
14293.0,-5.11
14294.0,4.27
14295.0,-5.390000000000001
14296.0,-5.5
14297.0,-5.33
14298.0,-5.46
14299.0,-5.34
14300.0,-5.16
14301.0,-5.05
14302.0,-5.61
14303.0,-5.06
14304.0,-5.41
14305.0,-5.28
14306.0,-5.07
14307.0,-5.32
14308.0,-5.01
14309.0,-5.04
14310.0,-5.02
14311.0,-5.800000000000001
14312.0,-5.4
14313.0,-5.16
14314.0,-5.02
14315.0,-5.01
14316.0,-5.26
14317.0,-5.2
14318.0,-5.430000000000001
14319.0,-5.33
14320.0,-5.4
14321.0,-5.5200000000000005
14322.0,-5.05
14323.0,-5.02
14324.0,-5.23
14325.0,-5.01
14326.0,-5.01
14327.0,-5.25
14328.0,-5.44
14329.0,-5.32
14330.0,-5.11
14331.0,-5.04
14332.0,-5.41
14333.0,-5.07
14334.0,-5.04
14335.0,-5.38
14336.0,-5.470000000000001
14337.0,-5.02
14338.0,-5.03
14339.0,-5.02
14340.0,4.319999999999999
14341.0,-5.430000000000001
14342.0,-5.04
14343.0,-5.05
14344.0,-5.45
14345.0,-5.05
14346.0,-5.59
14347.0,-5.02
14348.0,-5.01
14349.0,-5.06
14350.0,-5.3100000000000005
14351.0,-5.05
14352.0,-5.48
14353.0,-5.59
14354.0,4.239999999999999
14355.0,-5.16
14356.0,-5.3500000000000005
14357.0,-5.03
14358.0,-5.06
14359.0,-5.23
14360.0,-5.01
14361.0,-5.13
14362.0,-5.06
14363.0,-5.33
14364.0,-5.42
14365.0,-5.01
14366.0,-5.01
14367.0,-5.05
14368.0,-5.53
14369.0,-5.26
14370.0,-5.22
14371.0,4.35
14372.0,-5.06
14373.0,-5.5600000000000005
14374.0,-5.51
14375.0,-5.470000000000001
14376.0,-5.09
14377.0,-5.26
14378.0,-5.05
14379.0,-5.34
14380.0,-5.04
14381.0,-5.36
14382.0,-5.06
14383.0,-5.32
14384.0,-5.08
14385.0,-5.38
14386.0,-5.2
14387.0,-5.5200000000000005
14388.0,-5.58
14389.0,-5.2700000000000005
14390.0,-5.04
14391.0,-5.23
14392.0,-5.6000000000000005
14393.0,-5.48
14394.0,-5.65
14395.0,-5.02
14396.0,-5.01
14397.0,-5.04
14398.0,-5.54
14399.0,-5.12
14400.0,-5.33
14401.0,-5.01
14402.0,-5.550000000000001
14403.0,4.35
14404.0,-5.3
14405.0,-5.06
14406.0,-5.4
14407.0,-5.05
14408.0,-5.02
14409.0,-5.800000000000001
14410.0,-5.15
14411.0,-5.430000000000001
14412.0,-5.05
14413.0,-5.62
14414.0,-5.02
14415.0,-5.44
14416.0,-5.09
14417.0,-5.08
14418.0,-5.46
14419.0,-5.04
14420.0,-5.640000000000001
14421.0,4.079999999999999
14422.0,-5.3100000000000005
14423.0,-5.3100000000000005
14424.0,-5.01
14425.0,-5.14
14426.0,-5.08
14427.0,-5.430000000000001
14428.0,-5.03
14429.0,-5.74
14430.0,-5.04
14431.0,-5.430000000000001
14432.0,-5.04
14433.0,-5.26
14434.0,-5.05
14435.0,-5.1
14436.0,-5.42
14437.0,-5.04
14438.0,-5.22
14439.0,-5.02
14440.0,-5.02
14441.0,-5.430000000000001
14442.0,-5.13
14443.0,-5.14
14444.0,-5.22
14445.0,-5.28
14446.0,-5.01
14447.0,-5.470000000000001
14448.0,-5.3100000000000005
14449.0,-5.390000000000001
14450.0,-5.29
14451.0,-5.51
14452.0,-5.470000000000001
14453.0,-5.15
14454.0,-5.46
14455.0,-5.3
14456.0,-5.51
14457.0,-5.28
14458.0,-5.07
14459.0,-5.07
14460.0,-5.04
14461.0,-5.07
14462.0,-5.4
14463.0,-5.470000000000001
14464.0,-5.3100000000000005
14465.0,-5.01
14466.0,-5.470000000000001
14467.0,-5.390000000000001
14468.0,-5.390000000000001
14469.0,-5.06
14470.0,-5.26
14471.0,-5.24
14472.0,-5.01
14473.0,-5.03
14474.0,-5.02
14475.0,-5.04
14476.0,-5.430000000000001
14477.0,-5.7
14478.0,-5.1
14479.0,-5.5
14480.0,-5.2700000000000005
14481.0,-5.2
14482.0,-5.3
14483.0,-5.1
14484.0,-5.09
14485.0,-5.48
14486.0,-5.06
14487.0,-5.3
14488.0,-5.06
14489.0,-5.4
14490.0,-5.02
14491.0,-5.03
14492.0,-5.390000000000001
14493.0,-5.21
14494.0,-5.25
14495.0,-5.09
14496.0,-5.01
14497.0,-5.6000000000000005
14498.0,-5.710000000000001
14499.0,-5.09
14500.0,-5.45
14501.0,-5.04
14502.0,-5.46
14503.0,-5.28
14504.0,-5.67
14505.0,-5.09
14506.0,-5.29
14507.0,-5.33
14508.0,-5.550000000000001
14509.0,-5.36
14510.0,-5.01
14511.0,-5.61
14512.0,-5.640000000000001
14513.0,-5.04
14514.0,-5.32
14515.0,-5.37
14516.0,-5.02
14517.0,-5.03
14518.0,-5.69
14519.0,-5.37
14520.0,-5.3100000000000005
14521.0,-5.5200000000000005
14522.0,-5.4
14523.0,-5.390000000000001
14524.0,-5.37
14525.0,-5.03
14526.0,-5.26
14527.0,-5.05
14528.0,-5.32
14529.0,-5.05
14530.0,-5.06
14531.0,-5.37
14532.0,-5.04
14533.0,-5.01
14534.0,-5.24
14535.0,-5.32
14536.0,-5.19
14537.0,-5.390000000000001
14538.0,-5.44
14539.0,4.39
14540.0,-5.05
14541.0,-5.46
14542.0,-5.04
14543.0,-5.17
14544.0,-5.2700000000000005
14545.0,-5.05
14546.0,-5.07
14547.0,-5.03
14548.0,-5.48
14549.0,-5.08
14550.0,-5.390000000000001
14551.0,-5.3
14552.0,-5.67
14553.0,-5.49
14554.0,-5.7
14555.0,-5.06
14556.0,-5.3
14557.0,-5.24
14558.0,-5.03
14559.0,-5.29
14560.0,-5.2
14561.0,-5.41
14562.0,-5.01
14563.0,-5.390000000000001
14564.0,-5.65
14565.0,-5.05
14566.0,-5.38
14567.0,-5.48
14568.0,-5.3500000000000005
14569.0,-5.59
14570.0,-5.01
14571.0,-5.41
14572.0,-5.01
14573.0,-5.6000000000000005
14574.0,-5.42
14575.0,-5.34
14576.0,-5.04
14577.0,4.159999999999999
14578.0,-5.07
14579.0,-5.36
14580.0,-5.44
14581.0,-5.02
14582.0,-5.36
14583.0,-5.06
14584.0,-5.3100000000000005
14585.0,-5.08
14586.0,-5.66
14587.0,-5.3
14588.0,-5.09
14589.0,-5.18
14590.0,-5.36
14591.0,-5.07
14592.0,-5.16
14593.0,-5.62
14594.0,-5.01
14595.0,-5.01
14596.0,-5.550000000000001
14597.0,-5.390000000000001
14598.0,-5.04
14599.0,-5.44
14600.0,-5.05
14601.0,-5.36
14602.0,-5.02
14603.0,-5.18
14604.0,-5.37
14605.0,-5.24
14606.0,-5.3
14607.0,-5.4
14608.0,-5.11
14609.0,-5.02
14610.0,-5.3500000000000005
14611.0,-5.02
14612.0,-5.01
14613.0,-5.05
14614.0,-5.21
14615.0,-5.23
14616.0,-5.01
14617.0,-5.5200000000000005
14618.0,-5.3
14619.0,-5.3
14620.0,-5.34
14621.0,-5.03
14622.0,-5.14
14623.0,-5.12
14624.0,4.49
14625.0,-5.09
14626.0,-5.62
14627.0,-5.44
14628.0,-5.23
14629.0,-5.01
14630.0,-5.03
14631.0,-5.08
14632.0,-5.33
14633.0,-5.04
14634.0,-5.02
14635.0,-5.16
14636.0,-5.22
14637.0,-5.34
14638.0,-5.390000000000001
14639.0,-5.02
14640.0,-5.33
14641.0,-5.38
14642.0,-5.680000000000001
14643.0,-5.01
14644.0,-5.26
14645.0,-5.42
14646.0,-5.49
14647.0,-5.5600000000000005
14648.0,-5.42
14649.0,-5.06
14650.0,-5.24
14651.0,-5.04
14652.0,-5.48
14653.0,-5.02
14654.0,-5.24
14655.0,-5.06
14656.0,-5.34
14657.0,-5.5600000000000005
14658.0,-5.28
14659.0,-5.05
14660.0,-5.51
14661.0,4.25
14662.0,-5.1
14663.0,-5.470000000000001
14664.0,-5.04
14665.0,-5.02
14666.0,-5.53
14667.0,-5.05
14668.0,-5.01
14669.0,4.369999999999999
14670.0,-5.2
14671.0,-5.07
14672.0,-5.33
14673.0,-5.45
14674.0,-5.760000000000001
14675.0,-5.3100000000000005
14676.0,-5.23
14677.0,-5.02
14678.0,-5.02
14679.0,-5.03
14680.0,-5.16
14681.0,-5.03
14682.0,-5.430000000000001
14683.0,-5.33
14684.0,-5.430000000000001
14685.0,-5.01
14686.0,-5.3
14687.0,-5.29
14688.0,-5.65
14689.0,-5.430000000000001
14690.0,-5.37
14691.0,-5.02
14692.0,-5.45
14693.0,-5.36
14694.0,-5.53
14695.0,-5.2700000000000005
14696.0,-5.19
14697.0,-5.59
14698.0,-5.15
14699.0,-5.34
14700.0,4.17
14701.0,-5.04
14702.0,-5.24
14703.0,-5.02
14704.0,-5.430000000000001
14705.0,-5.01
14706.0,-5.3
14707.0,-5.11
14708.0,-5.26
14709.0,-5.06
14710.0,-5.02
14711.0,-5.42
14712.0,-5.08
14713.0,-5.61
14714.0,-5.04
14715.0,-5.24
14716.0,-5.02
14717.0,-5.34
14718.0,-5.2700000000000005
14719.0,-5.04
14720.0,-5.06
14721.0,-5.430000000000001
14722.0,4.239999999999999
14723.0,-5.02
14724.0,-5.25
14725.0,-5.01
14726.0,-5.82
14727.0,-5.41
14728.0,-5.09
14729.0,-5.02
14730.0,-5.06
14731.0,-5.54
14732.0,-5.19
14733.0,-5.69
14734.0,-5.5200000000000005
14735.0,-5.08
14736.0,-5.36
14737.0,-5.02
14738.0,-5.58
14739.0,-5.03
14740.0,4.26
14741.0,-5.23
14742.0,-5.4
14743.0,-5.41
14744.0,-5.390000000000001
14745.0,-5.03
14746.0,-5.28
14747.0,-5.38
14748.0,-5.13
14749.0,-5.38
14750.0,-5.3
14751.0,-5.3
14752.0,-5.46
14753.0,-5.06
14754.0,-5.42
14755.0,-5.03
14756.0,-5.5600000000000005
14757.0,-5.07
14758.0,-5.22
14759.0,-5.550000000000001
14760.0,-5.24
14761.0,-5.5200000000000005
14762.0,-5.3100000000000005
14763.0,-5.470000000000001
14764.0,-5.04
14765.0,-5.01
14766.0,-5.04
14767.0,-5.49
14768.0,-5.3100000000000005
14769.0,-5.01
14770.0,-5.25
14771.0,-5.02
14772.0,-5.09
14773.0,-5.61
14774.0,-5.04
14775.0,-5.21
14776.0,-5.02
14777.0,4.279999999999999
14778.0,-5.28
14779.0,-5.640000000000001
14780.0,-5.06
14781.0,-5.53
14782.0,-5.08
14783.0,-5.08
14784.0,-5.11
14785.0,-5.04
14786.0,-5.32
14787.0,-5.4
14788.0,-5.18
14789.0,-5.46
14790.0,-5.07
14791.0,-5.29
14792.0,-5.01
14793.0,-5.02
14794.0,-5.48
14795.0,-5.65
14796.0,-5.33
14797.0,-5.1
14798.0,-5.01
14799.0,-5.760000000000001
14800.0,-5.05
14801.0,-5.05
14802.0,-5.05
14803.0,-5.5
14804.0,-5.34
14805.0,-5.03
14806.0,-5.390000000000001
14807.0,-5.04
14808.0,-5.06
14809.0,-5.02
14810.0,-5.01
14811.0,-5.53
14812.0,-5.1
14813.0,-5.19
14814.0,-5.390000000000001
14815.0,-5.34
14816.0,4.1
14817.0,-5.03
14818.0,-5.62
14819.0,-5.26
14820.0,-5.02
14821.0,-5.11
14822.0,-5.42
14823.0,-5.46
14824.0,-5.32
14825.0,-5.08
14826.0,-5.07
14827.0,-5.3500000000000005
14828.0,-5.49
14829.0,-5.38
14830.0,-5.08
14831.0,-5.06
14832.0,-5.1
14833.0,-5.38
14834.0,-5.37
14835.0,-5.23
14836.0,-5.38
14837.0,-5.03
14838.0,-5.01
14839.0,-5.42
14840.0,-5.06
14841.0,-5.22
14842.0,4.26
14843.0,-5.2700000000000005
14844.0,-5.33
14845.0,-5.7
14846.0,-5.57
14847.0,-5.02
14848.0,-5.14
14849.0,-5.02
14850.0,-5.02
14851.0,-5.38
14852.0,-5.06
14853.0,-5.03
14854.0,-5.3100000000000005
14855.0,-5.2700000000000005
14856.0,-5.28
14857.0,-5.32
14858.0,-5.12
14859.0,-5.470000000000001
14860.0,-5.18
14861.0,-5.04
14862.0,-5.32
14863.0,-5.03
14864.0,-5.06
14865.0,-5.01
14866.0,-5.550000000000001
14867.0,-5.29
14868.0,-5.01
14869.0,-5.03
14870.0,-5.3500000000000005
14871.0,-5.09
14872.0,-5.22
14873.0,-5.04
14874.0,-5.4
14875.0,-5.33
14876.0,-5.5
14877.0,-5.44
14878.0,-5.5
14879.0,-5.03
14880.0,-5.22
14881.0,-5.06
14882.0,-5.02
14883.0,-5.1
14884.0,-5.05
14885.0,-5.3100000000000005
14886.0,-5.02
14887.0,-5.62
14888.0,-5.02
14889.0,-5.29
14890.0,-5.53
14891.0,-5.54
14892.0,-5.28
14893.0,-5.32
14894.0,-5.02
14895.0,4.109999999999999
14896.0,-5.48
14897.0,-5.3500000000000005
14898.0,-5.04
14899.0,-5.01
14900.0,-5.07
14901.0,-5.3
14902.0,-5.01
14903.0,-5.4
14904.0,-5.28
14905.0,-5.42
14906.0,-5.01
14907.0,-5.1
14908.0,-5.06
14909.0,-5.28
14910.0,-5.42
14911.0,-5.3
14912.0,-5.01
14913.0,-5.04
14914.0,-5.04
14915.0,-5.06
14916.0,-5.04
14917.0,-5.05
14918.0,-5.07
14919.0,-5.34
14920.0,-5.05
14921.0,-5.51
14922.0,-5.48
14923.0,4.31
14924.0,-5.54
14925.0,-5.06
14926.0,-5.18
14927.0,-5.05
14928.0,-5.33
14929.0,-5.46
14930.0,-5.65
14931.0,-5.02
14932.0,-5.24
14933.0,-5.3
14934.0,-5.02
14935.0,-5.06
14936.0,-5.5200000000000005
14937.0,-5.430000000000001
14938.0,-5.03
14939.0,-5.04
14940.0,-5.14
14941.0,-5.48
14942.0,-5.44
14943.0,-5.04
14944.0,4.41
14945.0,-5.03
14946.0,-5.36
14947.0,-5.06
14948.0,-5.33
14949.0,-5.24
14950.0,-5.3
14951.0,-5.01
14952.0,-5.630000000000001
14953.0,-5.33
14954.0,-5.28
14955.0,-5.02
14956.0,-5.38
14957.0,-5.02
14958.0,-5.09
14959.0,-5.04
14960.0,-5.29
14961.0,-5.36
14962.0,-5.04
14963.0,-5.05
14964.0,-5.01
14965.0,-5.01
14966.0,4.4799999999999995
14967.0,-5.04
14968.0,-5.36
14969.0,-5.5
14970.0,-5.46
14971.0,-5.03
14972.0,-5.29
14973.0,4.31
14974.0,-5.07
14975.0,-5.22
14976.0,-5.05
14977.0,-5.3
14978.0,-5.69
14979.0,-5.03
14980.0,-5.33
14981.0,-5.26
14982.0,-5.44
14983.0,-5.5
14984.0,-5.19
14985.0,-5.23
14986.0,-5.02
14987.0,-5.01
14988.0,-5.04
14989.0,-5.3
14990.0,-5.48
14991.0,-5.01
14992.0,-5.2
14993.0,-5.03
14994.0,-5.06
14995.0,4.25
14996.0,-5.03
14997.0,-5.03
14998.0,-5.5
14999.0,-5.01
