# Episodes, Rewards
0.0,-1.3599999999999999
1.0,0.31999999999999995
2.0,-3.240000000000003
3.0,0.72
4.0,-1.52
5.0,-1.080000000000001
6.0,-0.880000000000001
7.0,-1.44
8.0,-1.7200000000000002
9.0,0.11999999999999977
10.0,-1.8800000000000003
11.0,0.52
12.0,0.52
13.0,-3.400000000000003
14.0,-1.3599999999999999
15.0,-1.0
16.0,-1.0
17.0,-1.04
18.0,-1.04
19.0,-1.0
20.0,-1.04
21.0,-0.04000000000000026
22.0,-2.08
23.0,-1.0
24.0,-1.16
25.0,-6.560000000000004
26.0,-4.480000000000004
27.0,-1.12
28.0,-1.32
29.0,-1.6400000000000001
30.0,-4.440000000000002
31.0,-2.4800000000000004
32.0,0.56
33.0,-1.6
34.0,-1.24
35.0,-1.04
36.0,-0.7600000000000009
37.0,0.0399999999999997
38.0,-0.2000000000000004
39.0,-1.6
40.0,0.72
41.0,0.6000000000000001
42.0,-1.08
43.0,-1.28
44.0,-1.8400000000000003
45.0,-1.3599999999999999
46.0,-5.520000000000003
47.0,-3.200000000000001
48.0,-1.6400000000000001
49.0,-2.3600000000000003
50.0,-1.6
51.0,-1.7600000000000002
52.0,0.52
53.0,-2.880000000000001
54.0,-1.04
55.0,-2.6000000000000023
56.0,0.6000000000000001
57.0,0.72
58.0,0.4
59.0,0.0399999999999997
60.0,-1.080000000000001
61.0,-1.28
62.0,-1.52
63.0,-2.480000000000002
64.0,-0.28000000000000047
65.0,-1.2
66.0,0.6799999999999999
67.0,-3.7600000000000016
68.0,-3.8000000000000016
69.0,-1.32
70.0,-1.0
71.0,-1.0
72.0,-1.04
73.0,-2.080000000000002
74.0,-1.7200000000000002
75.0,-1.04
76.0,-0.5600000000000007
77.0,-1.16
78.0,0.23999999999999988
79.0,-1.04
80.0,-2.2
81.0,0.0399999999999997
82.0,0.56
83.0,-0.6000000000000008
84.0,-0.12000000000000033
85.0,-1.16
86.0,-0.28000000000000047
87.0,0.8
88.0,-1.6400000000000001
89.0,0.36
90.0,-0.04000000000000026
91.0,-1.6400000000000001
92.0,-1.4
93.0,0.6000000000000001
94.0,-1.56
95.0,-2.0
96.0,-1.44
97.0,-1.16
98.0,-1.3599999999999999
99.0,-1.2
100.0,-1.0
101.0,-0.0800000000000003
102.0,-1.4
103.0,0.23999999999999988
104.0,-2.080000000000002
105.0,-0.36000000000000054
106.0,-2.04
107.0,-1.6
108.0,-0.36000000000000054
109.0,-1.24
110.0,0.36
111.0,-1.24
112.0,-1.0
113.0,-0.4400000000000006
114.0,-1.56
115.0,-1.7200000000000002
116.0,-1.04
117.0,0.44000000000000006
118.0,-1.52
119.0,-1.48
120.0,-0.4400000000000006
121.0,-1.0
122.0,-0.3200000000000005
123.0,-1.32
124.0,-0.0800000000000003
125.0,0.11999999999999977
126.0,-2.220446049250313e-16
127.0,0.23999999999999988
128.0,0.56
129.0,0.11999999999999977
130.0,-1.44
131.0,-1.24
132.0,0.19999999999999984
133.0,-1.12
134.0,-4.440000000000004
135.0,-0.16000000000000036
136.0,-1.44
137.0,-1.32
138.0,-1.44
139.0,-1.28
140.0,-1.56
141.0,-1.2
142.0,-1.04
143.0,-0.880000000000001
144.0,-1.4
145.0,-1.0
146.0,-0.04000000000000026
147.0,-1.4
148.0,-2.6000000000000005
149.0,-0.4400000000000006
150.0,-2.7200000000000006
151.0,0.19999999999999984
152.0,-1.2
153.0,0.07999999999999974
154.0,-1.48
155.0,-1.9600000000000017
156.0,-2.040000000000002
157.0,-1.0
158.0,-1.16
159.0,-1.3599999999999999
160.0,-1.16
161.0,-2.480000000000002
162.0,-2.220446049250313e-16
163.0,0.72
164.0,0.36
165.0,-1.04
166.0,-1.04
167.0,-1.8800000000000003
168.0,-0.2000000000000004
169.0,-1.8800000000000017
170.0,-1.08
171.0,0.11999999999999977
172.0,-2.5200000000000005
173.0,0.52
174.0,0.1599999999999998
175.0,0.64
176.0,0.31999999999999995
177.0,-1.04
178.0,0.19999999999999984
179.0,-1.6800000000000002
180.0,0.2799999999999999
181.0,-1.7200000000000002
182.0,-0.12000000000000033
183.0,-1.28
184.0,-1.16
185.0,-1.6
186.0,-1.44
187.0,0.4
188.0,-1.24
189.0,-1.3599999999999999
190.0,-1.0
191.0,0.64
192.0,0.6799999999999999
193.0,-1.52
194.0,-1.4
195.0,0.11999999999999977
196.0,0.23999999999999988
197.0,-1.9200000000000004
198.0,0.2799999999999999
199.0,-1.6800000000000002
200.0,-1.44
201.0,-1.56
202.0,-2.12
203.0,0.6799999999999999
204.0,-1.6800000000000002
205.0,-1.6800000000000002
206.0,-0.5600000000000007
207.0,0.36
208.0,-1.7200000000000002
209.0,0.11999999999999977
210.0,0.52
211.0,-3.9200000000000035
212.0,-1.56
213.0,-3.280000000000001
214.0,-1.7200000000000002
215.0,-1.12
216.0,-1.4800000000000013
217.0,-1.52
218.0,-1.16
219.0,-6.120000000000005
220.0,-1.48
221.0,-2.08
222.0,0.1599999999999998
223.0,-0.0800000000000003
224.0,-1.0
225.0,-1.8000000000000003
226.0,-1.24
227.0,-1.0
228.0,-1.16
229.0,0.36
230.0,0.19999999999999984
231.0,-1.6800000000000002
232.0,-1.48
233.0,-1.6400000000000001
234.0,-0.0800000000000003
235.0,0.72
236.0,0.56
237.0,-0.28000000000000047
238.0,0.52
239.0,-1.04
240.0,-1.7600000000000002
241.0,0.23999999999999988
242.0,0.1599999999999998
243.0,-3.6800000000000015
244.0,-2.9200000000000026
245.0,-1.12
246.0,-0.9600000000000011
247.0,-0.6400000000000008
248.0,-1.08
249.0,-1.0
250.0,0.72
251.0,-1.5600000000000014
252.0,-1.12
253.0,-1.0
254.0,-0.5200000000000007
255.0,-1.2800000000000011
256.0,0.11999999999999977
257.0,0.1599999999999998
258.0,0.4
259.0,-1.3599999999999999
260.0,-2.08
261.0,-2.08
262.0,-1.04
263.0,-1.08
264.0,0.72
265.0,-1.12
266.0,0.0399999999999997
267.0,-1.08
268.0,-1.16
269.0,0.11999999999999977
270.0,-1.56
271.0,-1.8400000000000003
272.0,-1.3200000000000012
273.0,0.56
274.0,-1.52
275.0,-1.16
276.0,-2.08
277.0,-1.16
278.0,-1.0
279.0,-2.3200000000000003
280.0,-2.220446049250313e-16
281.0,-1.12
282.0,0.4800000000000001
283.0,-1.0
284.0,-0.8000000000000009
285.0,-1.6400000000000001
286.0,-4.280000000000004
287.0,0.8
288.0,0.6000000000000001
289.0,0.4
290.0,0.64
291.0,0.1599999999999998
292.0,0.72
293.0,-0.6000000000000008
294.0,0.64
295.0,-1.12
296.0,-0.16000000000000036
297.0,-2.6000000000000005
298.0,-2.7200000000000024
299.0,-1.44
300.0,-1.0
301.0,-3.160000000000003
302.0,-1.9600000000000017
303.0,-1.0
304.0,-0.920000000000001
305.0,0.2799999999999999
306.0,-1.32
307.0,0.23999999999999988
308.0,0.44000000000000006
309.0,-1.040000000000001
310.0,0.1599999999999998
311.0,-1.48
312.0,-1.7600000000000002
313.0,-1.8000000000000003
314.0,0.6000000000000001
315.0,-1.28
316.0,-1.2
317.0,-1.08
318.0,-1.12
319.0,0.64
320.0,-1.48
321.0,-1.08
322.0,-3.080000000000001
323.0,-1.3599999999999999
324.0,0.19999999999999984
325.0,-2.08
326.0,-1.52
327.0,-1.120000000000001
328.0,0.31999999999999995
329.0,-1.08
330.0,0.52
331.0,-1.48
332.0,-1.0
333.0,-2.3200000000000003
334.0,0.4
335.0,-2.3600000000000003
336.0,-3.280000000000001
337.0,-1.9200000000000004
338.0,-1.04
339.0,-1.08
340.0,0.4800000000000001
341.0,-1.2
342.0,-1.9200000000000004
343.0,-1.08
344.0,-1.48
345.0,-1.12
346.0,-1.4
347.0,-1.4400000000000013
348.0,-0.04000000000000026
349.0,-1.0
350.0,-0.3200000000000005
351.0,-1.4
352.0,-0.5200000000000007
353.0,0.52
354.0,-0.880000000000001
355.0,-1.56
356.0,-0.2000000000000004
357.0,-1.8400000000000003
358.0,0.64
359.0,-0.04000000000000026
360.0,-0.0800000000000003
361.0,0.56
362.0,-1.12
363.0,-2.16
364.0,-1.3599999999999999
365.0,-1.16
366.0,-1.5600000000000014
367.0,-1.0
368.0,-1.04
369.0,-1.120000000000001
370.0,-2.12
371.0,0.07999999999999974
372.0,-2.8800000000000026
373.0,0.44000000000000006
374.0,-1.2
375.0,-1.04
376.0,-1.8000000000000003
377.0,-3.0400000000000027
378.0,-1.04
379.0,-1.04
380.0,-1.28
381.0,-1.44
382.0,-1.0
383.0,-1.080000000000001
384.0,-0.6000000000000008
385.0,-1.200000000000001
386.0,-0.2000000000000004
387.0,-1.52
388.0,-2.220446049250313e-16
389.0,0.19999999999999984
390.0,-1.04
391.0,-1.24
392.0,0.19999999999999984
393.0,-0.48000000000000065
394.0,-1.52
395.0,0.31999999999999995
396.0,-2.880000000000001
397.0,-1.3600000000000012
398.0,-1.56
399.0,-1.2
400.0,-1.4400000000000013
401.0,0.6000000000000001
402.0,-1.0
403.0,-1.3599999999999999
404.0,-0.48000000000000065
405.0,-1.04
406.0,0.6799999999999999
407.0,-0.3200000000000005
408.0,-0.0800000000000003
409.0,0.6799999999999999
410.0,-1.8800000000000003
411.0,0.07999999999999974
412.0,0.64
413.0,-0.36000000000000054
414.0,0.2799999999999999
415.0,-1.7600000000000002
416.0,0.2799999999999999
417.0,-2.0
418.0,-1.12
419.0,-1.0
420.0,0.72
421.0,-2.4400000000000004
422.0,-1.16
423.0,-1.24
424.0,-1.08
425.0,0.36
426.0,-1.56
427.0,0.07999999999999974
428.0,0.31999999999999995
429.0,-1.0
430.0,0.2799999999999999
431.0,-1.24
432.0,-1.08
433.0,0.1599999999999998
434.0,-0.2000000000000004
435.0,-1.0
436.0,-1.3599999999999999
437.0,-1.2
438.0,-0.0800000000000003
439.0,-1.08
440.0,-1.16
441.0,-1.24
442.0,-1.12
443.0,-1.7600000000000002
444.0,-2.040000000000002
445.0,-1.08
446.0,-1.2
447.0,-0.6000000000000008
448.0,-1.8000000000000003
449.0,-1.8800000000000003
450.0,-1.08
451.0,-1.52
452.0,0.0399999999999997
453.0,-0.3200000000000005
454.0,-1.12
455.0,-5.080000000000003
456.0,-1.4
457.0,-1.16
458.0,-3.040000000000001
459.0,-0.16000000000000036
460.0,0.1599999999999998
461.0,-1.24
462.0,-2.3600000000000003
463.0,0.4
464.0,-0.04000000000000026
465.0,0.4
466.0,0.07999999999999974
467.0,-1.04
468.0,-1.8400000000000016
469.0,-1.12
470.0,-0.840000000000001
471.0,0.8
472.0,-0.9600000000000011
473.0,0.19999999999999984
474.0,-1.48
475.0,-2.9600000000000026
476.0,0.4
477.0,-0.04000000000000026
478.0,-1.3599999999999999
479.0,0.4800000000000001
480.0,0.44000000000000006
481.0,-1.5200000000000014
482.0,-0.04000000000000026
483.0,0.07999999999999974
484.0,-1.0
485.0,0.52
486.0,0.36
487.0,-1.3599999999999999
488.0,-1.12
489.0,0.07999999999999974
490.0,0.19999999999999984
491.0,-1.08
492.0,-1.52
493.0,-2.0
494.0,-1.12
495.0,-0.4000000000000006
496.0,-1.0
497.0,-1.080000000000001
498.0,-1.04
499.0,-1.2
500.0,0.6000000000000001
501.0,0.19999999999999984
502.0,-1.08
503.0,-2.360000000000002
504.0,-1.48
505.0,-1.6800000000000002
506.0,-1.2
507.0,-1.9600000000000004
508.0,-1.12
509.0,-2.08
510.0,-1.32
511.0,0.56
512.0,-0.5200000000000007
513.0,-1.8400000000000003
514.0,-2.04
515.0,-1.48
516.0,0.36
517.0,-2.220446049250313e-16
518.0,-0.28000000000000047
519.0,0.64
520.0,-1.24
521.0,-1.48
522.0,-3.320000000000001
523.0,-1.6400000000000001
524.0,0.52
525.0,0.19999999999999984
526.0,-2.5600000000000005
527.0,0.19999999999999984
528.0,-1.8400000000000003
529.0,-3.080000000000001
530.0,0.4
531.0,-3.5200000000000014
532.0,0.56
533.0,-1.16
534.0,-1.0
535.0,0.8
536.0,-1.2
537.0,-2.6800000000000006
538.0,0.11999999999999977
539.0,-0.36000000000000054
540.0,0.72
541.0,-1.16
542.0,-0.5600000000000007
543.0,-1.56
544.0,0.44000000000000006
545.0,-1.8000000000000003
546.0,-1.9200000000000004
547.0,-0.28000000000000047
548.0,-1.2
549.0,0.44000000000000006
550.0,-1.04
551.0,0.2799999999999999
552.0,0.6000000000000001
553.0,-2.3200000000000003
554.0,-1.4800000000000013
555.0,-1.44
556.0,0.36
557.0,-1.08
558.0,-1.3599999999999999
559.0,0.4
560.0,0.07999999999999974
561.0,0.76
562.0,-1.12
563.0,-1.08
564.0,-1.4400000000000013
565.0,0.11999999999999977
566.0,0.6000000000000001
567.0,0.36
568.0,-1.3600000000000012
569.0,0.2799999999999999
570.0,-1.56
571.0,-1.7200000000000002
572.0,-1.16
573.0,0.2799999999999999
574.0,-1.6800000000000002
575.0,-1.0
576.0,-2.8400000000000025
577.0,-0.5600000000000007
578.0,-0.6800000000000008
579.0,0.4
580.0,0.6000000000000001
581.0,-1.32
582.0,0.4800000000000001
583.0,0.6799999999999999
584.0,0.44000000000000006
585.0,-1.4
586.0,-1.6800000000000002
587.0,-2.08
588.0,-1.8000000000000003
589.0,-0.0800000000000003
590.0,-1.24
591.0,-4.320000000000002
592.0,-1.3599999999999999
593.0,-1.04
594.0,0.36
595.0,-1.16
596.0,-1.3599999999999999
597.0,-1.16
598.0,-0.12000000000000033
599.0,0.23999999999999988
600.0,-0.0800000000000003
601.0,-1.12
602.0,0.72
603.0,-2.4000000000000004
604.0,-0.04000000000000026
605.0,-1.32
606.0,-1.32
607.0,-1.28
608.0,-1.4
609.0,-1.2
610.0,-1.44
611.0,-1.04
612.0,0.0399999999999997
613.0,-3.9600000000000017
614.0,0.52
615.0,0.1599999999999998
616.0,-0.04000000000000026
617.0,-0.2000000000000004
618.0,-1.3599999999999999
619.0,0.4800000000000001
620.0,0.19999999999999984
621.0,-1.56
622.0,0.44000000000000006
623.0,-1.16
624.0,0.07999999999999974
625.0,0.4
626.0,-2.08
627.0,0.36
628.0,-1.6
629.0,-1.6400000000000001
630.0,-1.56
631.0,-1.0
632.0,-1.16
633.0,0.19999999999999984
634.0,-2.220446049250313e-16
635.0,-0.0800000000000003
636.0,-0.3200000000000005
637.0,-1.16
638.0,-1.6
639.0,-2.08
640.0,0.64
641.0,0.64
642.0,-1.52
643.0,-1.56
644.0,-1.12
645.0,0.64
646.0,0.19999999999999984
647.0,-1.8000000000000003
648.0,-1.6400000000000001
649.0,-0.8000000000000009
650.0,-3.4400000000000013
651.0,-2.4000000000000004
652.0,-0.6000000000000008
653.0,0.4
654.0,-2.5600000000000005
655.0,-1.16
656.0,-1.0
657.0,-1.04
658.0,-1.04
659.0,0.6000000000000001
660.0,-1.8800000000000003
661.0,0.31999999999999995
662.0,0.2799999999999999
663.0,0.4800000000000001
664.0,-1.08
665.0,-2.2800000000000002
666.0,-1.28
667.0,0.44000000000000006
668.0,0.6000000000000001
669.0,-1.12
670.0,0.07999999999999974
671.0,0.4
672.0,0.11999999999999977
673.0,-1.3599999999999999
674.0,-2.220446049250313e-16
675.0,-1.52
676.0,0.07999999999999974
677.0,-1.9600000000000004
678.0,-2.5200000000000005
679.0,0.6799999999999999
680.0,0.6799999999999999
681.0,-0.0800000000000003
682.0,-1.9600000000000004
683.0,0.2799999999999999
684.0,-2.24
685.0,-1.4
686.0,-1.0
687.0,-1.24
688.0,-1.3599999999999999
689.0,0.6000000000000001
690.0,-2.220446049250313e-16
691.0,-0.5600000000000007
692.0,-0.4000000000000006
693.0,-1.0
694.0,-0.04000000000000026
695.0,-1.48
696.0,-1.04
697.0,-0.2000000000000004
698.0,-1.48
699.0,0.2799999999999999
700.0,0.19999999999999984
701.0,0.52
702.0,0.31999999999999995
703.0,-1.6800000000000002
704.0,-2.2800000000000002
705.0,-1.48
706.0,-0.8000000000000009
707.0,-1.4
708.0,-1.8400000000000016
709.0,0.4800000000000001
710.0,-1.16
711.0,-1.04
712.0,-0.0800000000000003
713.0,-1.9600000000000004
714.0,-1.0
715.0,-0.48000000000000065
716.0,-2.0
717.0,0.4
718.0,0.36
719.0,-5.480000000000003
720.0,-2.7600000000000007
721.0,0.64
722.0,-2.120000000000002
723.0,0.64
724.0,-3.360000000000001
725.0,-0.5600000000000007
726.0,-0.4400000000000006
727.0,-1.8400000000000003
728.0,-0.4400000000000006
729.0,0.36
730.0,-0.12000000000000033
731.0,0.0399999999999997
732.0,0.44000000000000006
733.0,0.6799999999999999
734.0,-1.04
735.0,0.64
736.0,-1.08
737.0,-1.0
738.0,-1.9600000000000004
739.0,0.23999999999999988
740.0,-0.4400000000000006
741.0,-0.24000000000000044
742.0,-2.08
743.0,-1.24
744.0,-1.2
745.0,-3.5200000000000014
746.0,-2.16
747.0,-1.4
748.0,-1.04
749.0,-1.9200000000000004
750.0,0.6000000000000001
751.0,-1.04
752.0,-1.48
753.0,-0.0800000000000003
754.0,-1.3200000000000012
755.0,-1.28
756.0,-1.28
757.0,-1.24
758.0,-0.2000000000000004
759.0,-0.5600000000000007
760.0,0.6799999999999999
761.0,-1.6400000000000001
762.0,-1.3599999999999999
763.0,0.6000000000000001
764.0,0.6799999999999999
765.0,-1.9600000000000004
766.0,-1.08
767.0,-1.8800000000000003
768.0,0.4800000000000001
769.0,-2.220446049250313e-16
770.0,-1.28
771.0,0.11999999999999977
772.0,-3.280000000000001
773.0,-1.24
774.0,0.2799999999999999
775.0,0.6799999999999999
776.0,-1.04
777.0,0.76
778.0,0.2799999999999999
779.0,-0.5200000000000007
780.0,-1.0
781.0,-0.04000000000000026
782.0,-1.4
783.0,0.64
784.0,0.11999999999999977
785.0,0.44000000000000006
786.0,-1.2
787.0,-1.2
788.0,0.4
789.0,-1.7200000000000002
790.0,-1.4
791.0,0.19999999999999984
792.0,-1.12
793.0,-1.12
794.0,0.72
795.0,-1.2
796.0,-1.7200000000000002
797.0,-1.04
798.0,0.56
799.0,0.76
800.0,-1.12
801.0,0.76
802.0,0.52
803.0,-1.9200000000000004
804.0,-2.04
805.0,0.44000000000000006
806.0,-1.04
807.0,0.1599999999999998
808.0,0.56
809.0,0.64
810.0,-1.0
811.0,-1.24
812.0,0.19999999999999984
813.0,-1.08
814.0,0.31999999999999995
815.0,-0.4400000000000006
816.0,-1.16
817.0,0.1599999999999998
818.0,-1.0
819.0,-1.04
820.0,-0.12000000000000033
821.0,-0.7600000000000009
822.0,0.4800000000000001
823.0,0.1599999999999998
824.0,0.36
825.0,0.8
826.0,0.52
827.0,-1.7200000000000002
828.0,0.31999999999999995
829.0,-0.24000000000000044
830.0,0.72
831.0,0.72
832.0,-1.52
833.0,-1.32
834.0,0.6000000000000001
835.0,-1.08
836.0,0.8
837.0,0.8
838.0,0.31999999999999995
839.0,-1.44
840.0,0.72
841.0,-1.08
842.0,-1.6
843.0,-0.4000000000000006
844.0,-0.24000000000000044
845.0,0.52
846.0,0.72
847.0,-0.4000000000000006
848.0,-0.2000000000000004
849.0,0.4800000000000001
850.0,0.44000000000000006
851.0,-1.56
852.0,-2.5200000000000005
853.0,0.2799999999999999
854.0,0.1599999999999998
855.0,0.56
856.0,0.44000000000000006
857.0,-1.0
858.0,0.72
859.0,0.4
860.0,-1.44
861.0,-1.2
862.0,-1.32
863.0,0.52
864.0,-1.16
865.0,0.6000000000000001
866.0,0.11999999999999977
867.0,-1.32
868.0,-1.12
869.0,0.19999999999999984
870.0,-1.44
871.0,-2.6000000000000005
872.0,-2.4800000000000004
873.0,-1.16
874.0,-1.04
875.0,-0.24000000000000044
876.0,0.0399999999999997
877.0,0.72
878.0,-2.08
879.0,0.6799999999999999
880.0,0.76
881.0,0.2799999999999999
882.0,-1.28
883.0,0.4
884.0,-2.880000000000001
885.0,-1.7200000000000002
886.0,-2.6800000000000006
887.0,-2.120000000000002
888.0,-0.5600000000000007
889.0,-1.08
890.0,-1.7200000000000002
891.0,0.31999999999999995
892.0,0.6000000000000001
893.0,0.4
894.0,0.6799999999999999
895.0,0.36
896.0,-1.32
897.0,-2.4800000000000004
898.0,-1.08
899.0,-4.8400000000000025
900.0,-1.52
901.0,-1.24
902.0,-1.08
903.0,-0.4000000000000006
904.0,-1.3599999999999999
905.0,-0.48000000000000065
906.0,-0.16000000000000036
907.0,0.07999999999999974
908.0,-1.6
909.0,-1.12
910.0,-0.28000000000000047
911.0,-1.24
912.0,0.31999999999999995
913.0,0.4
914.0,0.44000000000000006
915.0,0.36
916.0,-0.0800000000000003
917.0,0.6000000000000001
918.0,0.44000000000000006
919.0,-1.2
920.0,0.4
921.0,0.4
922.0,-1.44
923.0,0.64
924.0,-1.0000000000000009
925.0,-1.32
926.0,0.4800000000000001
927.0,0.4800000000000001
928.0,-1.2
929.0,-1.0
930.0,0.0399999999999997
931.0,-1.48
932.0,-1.3599999999999999
933.0,-0.0800000000000003
934.0,0.4800000000000001
935.0,-1.8800000000000003
936.0,0.64
937.0,-1.3599999999999999
938.0,-0.48000000000000065
939.0,-1.2
940.0,-1.52
941.0,-1.48
942.0,0.56
943.0,-1.44
944.0,-1.08
945.0,-1.12
946.0,-1.6800000000000002
947.0,-0.12000000000000033
948.0,-1.04
949.0,0.44000000000000006
950.0,-1.3599999999999999
951.0,-0.12000000000000033
952.0,-0.0800000000000003
953.0,-1.3599999999999999
954.0,-1.28
955.0,-1.080000000000001
956.0,0.07999999999999974
957.0,-1.040000000000001
958.0,-1.04
959.0,-1.32
960.0,-1.2
961.0,-1.04
962.0,-1.04
963.0,-1.6
964.0,-1.3599999999999999
965.0,-0.16000000000000036
966.0,-1.04
967.0,-0.04000000000000026
968.0,-1.2
969.0,-0.880000000000001
970.0,-2.220446049250313e-16
971.0,0.19999999999999984
972.0,-0.04000000000000026
973.0,-0.24000000000000044
974.0,-0.28000000000000047
975.0,-1.6800000000000002
976.0,-0.24000000000000044
977.0,-1.4
978.0,0.72
979.0,-1.04
980.0,-0.16000000000000036
981.0,-1.0
982.0,-0.28000000000000047
983.0,-1.24
984.0,0.07999999999999974
985.0,0.23999999999999988
986.0,0.76
987.0,-1.24
988.0,0.72
989.0,-1.56
990.0,-2.220446049250313e-16
991.0,-1.16
992.0,-1.04
993.0,0.76
994.0,-1.04
995.0,-0.7600000000000009
996.0,-1.48
997.0,-0.7600000000000009
998.0,0.19999999999999984
999.0,0.44000000000000006
1000.0,0.56
1001.0,-1.2
1002.0,-0.48000000000000065
1003.0,-3.8000000000000016
1004.0,0.4
1005.0,-1.6400000000000001
1006.0,-1.16
1007.0,-2.220446049250313e-16
1008.0,-1.080000000000001
1009.0,-1.32
1010.0,-1.16
1011.0,-1.32
1012.0,-1.12
1013.0,0.4
1014.0,-1.52
1015.0,-0.04000000000000026
1016.0,-1.24
1017.0,-0.28000000000000047
1018.0,-0.24000000000000044
1019.0,-0.12000000000000033
1020.0,0.23999999999999988
1021.0,-1.12
1022.0,-0.16000000000000036
1023.0,0.6000000000000001
1024.0,-1.4
1025.0,-1.2
1026.0,-0.880000000000001
1027.0,-1.0
1028.0,0.52
1029.0,-1.12
1030.0,0.76
1031.0,-1.2
1032.0,0.52
1033.0,0.36
1034.0,-0.28000000000000047
1035.0,0.44000000000000006
1036.0,-0.16000000000000036
1037.0,-0.6800000000000008
1038.0,0.6000000000000001
1039.0,-1.24
1040.0,0.23999999999999988
1041.0,0.6799999999999999
1042.0,-1.08
1043.0,0.4800000000000001
1044.0,0.31999999999999995
1045.0,-1.04
1046.0,-0.24000000000000044
1047.0,0.07999999999999974
1048.0,0.56
1049.0,-1.2
1050.0,0.52
1051.0,0.76
1052.0,0.6799999999999999
1053.0,0.4800000000000001
1054.0,-3.8000000000000016
1055.0,0.23999999999999988
1056.0,0.36
1057.0,-1.24
1058.0,-1.24
1059.0,-1.4
1060.0,-1.04
1061.0,-1.28
1062.0,-1.32
1063.0,0.44000000000000006
1064.0,-1.8400000000000003
1065.0,-0.3200000000000005
1066.0,0.23999999999999988
1067.0,-0.04000000000000026
1068.0,-1.3599999999999999
1069.0,-0.12000000000000033
1070.0,-1.16
1071.0,-0.16000000000000036
1072.0,0.19999999999999984
1073.0,-1.0
1074.0,-1.16
1075.0,-1.08
1076.0,0.36
1077.0,0.72
1078.0,-1.7600000000000002
1079.0,0.44000000000000006
1080.0,0.4
1081.0,-1.16
1082.0,-1.44
1083.0,0.07999999999999974
1084.0,-0.12000000000000033
1085.0,0.36
1086.0,-1.0
1087.0,0.72
1088.0,0.72
1089.0,0.8
1090.0,-1.32
1091.0,-1.04
1092.0,0.8
1093.0,-1.08
1094.0,-1.120000000000001
1095.0,0.31999999999999995
1096.0,-1.0
1097.0,-1.44
1098.0,0.36
1099.0,0.6799999999999999
1100.0,-1.44
1101.0,-1.4
1102.0,-0.8000000000000009
1103.0,0.1599999999999998
1104.0,-1.16
1105.0,-2.220446049250313e-16
1106.0,-1.24
1107.0,0.6799999999999999
1108.0,0.76
1109.0,-0.6400000000000008
1110.0,-1.24
1111.0,0.36
1112.0,0.6000000000000001
1113.0,-1.32
1114.0,0.36
1115.0,0.8
1116.0,0.36
1117.0,0.36
1118.0,-0.5200000000000007
1119.0,-1.0
1120.0,-1.04
1121.0,0.31999999999999995
1122.0,0.64
1123.0,0.56
1124.0,0.6799999999999999
1125.0,-0.04000000000000026
1126.0,-1.24
1127.0,-1.24
1128.0,0.6000000000000001
1129.0,0.11999999999999977
1130.0,-1.3599999999999999
1131.0,0.76
1132.0,-0.3200000000000005
1133.0,-1.12
1134.0,-1.08
1135.0,-1.16
1136.0,-1.12
1137.0,-1.28
1138.0,-0.4400000000000006
1139.0,0.64
1140.0,-0.28000000000000047
1141.0,-0.36000000000000054
1142.0,0.6799999999999999
1143.0,0.4800000000000001
1144.0,-1.9600000000000004
1145.0,0.4800000000000001
1146.0,-1.0
1147.0,-1.04
1148.0,-1.16
1149.0,-1.16
1150.0,0.4
1151.0,0.31999999999999995
1152.0,-0.4400000000000006
1153.0,0.6799999999999999
1154.0,-1.040000000000001
1155.0,-1.04
1156.0,0.52
1157.0,-1.2
1158.0,0.1599999999999998
1159.0,-1.0
1160.0,0.4
1161.0,0.44000000000000006
1162.0,-1.6
1163.0,0.6799999999999999
1164.0,-1.0
1165.0,-1.16
1166.0,0.31999999999999995
1167.0,-1.16
1168.0,0.36
1169.0,-1.6
1170.0,0.36
1171.0,-1.08
1172.0,0.11999999999999977
1173.0,0.36
1174.0,-1.32
1175.0,-1.44
1176.0,-1.4
1177.0,0.6000000000000001
1178.0,-1.28
1179.0,-2.04
1180.0,-0.920000000000001
1181.0,-1.240000000000001
1182.0,-1.040000000000001
1183.0,-2.220446049250313e-16
1184.0,0.07999999999999974
1185.0,0.4800000000000001
1186.0,-0.0800000000000003
1187.0,0.23999999999999988
1188.0,-1.04
1189.0,-1.6400000000000015
1190.0,-1.08
1191.0,-1.6
1192.0,0.4
1193.0,-2.04
1194.0,-2.3600000000000003
1195.0,-1.04
1196.0,0.76
1197.0,-1.6800000000000002
1198.0,-4.240000000000002
1199.0,0.52
1200.0,-2.220446049250313e-16
1201.0,0.31999999999999995
1202.0,0.72
1203.0,0.0399999999999997
1204.0,0.23999999999999988
1205.0,-1.6400000000000001
1206.0,0.6000000000000001
1207.0,0.44000000000000006
1208.0,0.56
1209.0,-2.16
1210.0,-0.04000000000000026
1211.0,-0.04000000000000026
1212.0,-1.4
1213.0,0.56
1214.0,0.07999999999999974
1215.0,0.44000000000000006
1216.0,-1.6
1217.0,0.31999999999999995
1218.0,-0.04000000000000026
1219.0,0.44000000000000006
1220.0,-1.48
1221.0,-0.2000000000000004
1222.0,-1.12
1223.0,-0.48000000000000065
1224.0,0.64
1225.0,-2.6400000000000006
1226.0,-0.0800000000000003
1227.0,-1.04
1228.0,-1.32
1229.0,0.56
1230.0,0.07999999999999974
1231.0,0.76
1232.0,-1.56
1233.0,-1.4000000000000012
1234.0,0.56
1235.0,-1.8400000000000003
1236.0,-1.9600000000000004
1237.0,-0.4400000000000006
1238.0,0.72
1239.0,-1.52
1240.0,-0.24000000000000044
1241.0,0.76
1242.0,-1.28
1243.0,-1.56
1244.0,0.64
1245.0,-1.2
1246.0,-2.08
1247.0,-1.2
1248.0,-1.04
1249.0,-1.0
1250.0,0.6000000000000001
1251.0,-1.04
1252.0,0.56
1253.0,-1.08
1254.0,-0.28000000000000047
1255.0,0.44000000000000006
1256.0,0.11999999999999977
1257.0,0.2799999999999999
1258.0,-1.3600000000000012
1259.0,0.2799999999999999
1260.0,0.6000000000000001
1261.0,-1.28
1262.0,0.4800000000000001
1263.0,0.76
1264.0,0.6799999999999999
1265.0,-1.04
1266.0,0.6000000000000001
1267.0,0.72
1268.0,0.19999999999999984
1269.0,-1.08
1270.0,0.52
1271.0,-1.24
1272.0,0.4800000000000001
1273.0,0.2799999999999999
1274.0,0.23999999999999988
1275.0,-0.3200000000000005
1276.0,-1.52
1277.0,0.56
1278.0,-1.12
1279.0,-1.0
1280.0,-1.52
1281.0,-1.44
1282.0,0.6799999999999999
1283.0,-1.7200000000000002
1284.0,-0.0800000000000003
1285.0,-3.120000000000001
1286.0,-1.3200000000000012
1287.0,0.56
1288.0,0.31999999999999995
1289.0,0.2799999999999999
1290.0,-0.840000000000001
1291.0,0.6000000000000001
1292.0,-1.28
1293.0,0.2799999999999999
1294.0,0.4
1295.0,0.56
1296.0,-2.220446049250313e-16
1297.0,0.76
1298.0,-1.12
1299.0,-1.08
1300.0,-1.3599999999999999
1301.0,-1.2
1302.0,-0.04000000000000026
1303.0,-0.7600000000000009
1304.0,0.6799999999999999
1305.0,-1.04
1306.0,0.6799999999999999
1307.0,-3.080000000000001
1308.0,0.36
1309.0,-1.16
1310.0,-1.16
1311.0,0.23999999999999988
1312.0,-0.0800000000000003
1313.0,-1.2800000000000011
1314.0,-2.4000000000000004
1315.0,-0.6400000000000008
1316.0,-1.28
1317.0,0.52
1318.0,0.56
1319.0,-1.0
1320.0,-1.7600000000000002
1321.0,0.19999999999999984
1322.0,-1.6800000000000002
1323.0,0.56
1324.0,0.4800000000000001
1325.0,0.4800000000000001
1326.0,-1.24
1327.0,0.44000000000000006
1328.0,0.6000000000000001
1329.0,-2.12
1330.0,0.4800000000000001
1331.0,0.72
1332.0,-1.04
1333.0,0.23999999999999988
1334.0,-1.6
1335.0,0.31999999999999995
1336.0,-0.2000000000000004
1337.0,-0.2000000000000004
1338.0,0.56
1339.0,0.6000000000000001
1340.0,-1.2
1341.0,-2.6800000000000024
1342.0,0.2799999999999999
1343.0,0.52
1344.0,-0.6800000000000008
1345.0,-1.44
1346.0,0.4800000000000001
1347.0,0.36
1348.0,0.19999999999999984
1349.0,-1.0
1350.0,0.8
1351.0,0.76
1352.0,0.52
1353.0,0.64
1354.0,-1.52
1355.0,-1.52
1356.0,0.52
1357.0,-1.3599999999999999
1358.0,-1.52
1359.0,-0.48000000000000065
1360.0,-1.48
1361.0,0.19999999999999984
1362.0,-1.7600000000000002
1363.0,-1.24
1364.0,0.6000000000000001
1365.0,-1.24
1366.0,0.07999999999999974
1367.0,0.64
1368.0,-1.12
1369.0,0.11999999999999977
1370.0,0.72
1371.0,-1.3599999999999999
1372.0,-1.12
1373.0,-1.4
1374.0,0.64
1375.0,0.31999999999999995
1376.0,-7.640000000000005
1377.0,-0.880000000000001
1378.0,0.6799999999999999
1379.0,0.2799999999999999
1380.0,-0.2000000000000004
1381.0,-1.2
1382.0,0.36
1383.0,0.4
1384.0,-3.7600000000000016
1385.0,-1.12
1386.0,-0.7200000000000009
1387.0,-1.12
1388.0,-0.4000000000000006
1389.0,0.8
1390.0,0.6000000000000001
1391.0,0.6799999999999999
1392.0,-1.8400000000000003
1393.0,0.0399999999999997
1394.0,0.76
1395.0,-0.24000000000000044
1396.0,-1.28
1397.0,0.19999999999999984
1398.0,-1.12
1399.0,0.56
1400.0,-1.04
1401.0,-1.6400000000000001
1402.0,-1.16
1403.0,-1.16
1404.0,-1.16
1405.0,-0.3200000000000005
1406.0,0.6799999999999999
1407.0,-1.04
1408.0,0.07999999999999974
1409.0,0.19999999999999984
1410.0,0.36
1411.0,-1.3599999999999999
1412.0,0.23999999999999988
1413.0,-1.12
1414.0,0.52
1415.0,0.44000000000000006
1416.0,-0.28000000000000047
1417.0,-1.24
1418.0,-0.16000000000000036
1419.0,0.64
1420.0,-2.6800000000000006
1421.0,0.52
1422.0,0.4800000000000001
1423.0,-1.08
1424.0,0.1599999999999998
1425.0,0.6000000000000001
1426.0,0.6000000000000001
1427.0,0.76
1428.0,-1.2
1429.0,-1.16
1430.0,0.6000000000000001
1431.0,-1.08
1432.0,-0.24000000000000044
1433.0,0.72
1434.0,-0.36000000000000054
1435.0,0.56
1436.0,-1.8000000000000003
1437.0,0.4
1438.0,-1.6800000000000002
1439.0,-1.6400000000000001
1440.0,0.56
1441.0,0.0399999999999997
1442.0,0.6799999999999999
1443.0,-2.5200000000000005
1444.0,-1.6400000000000001
1445.0,0.07999999999999974
1446.0,-0.04000000000000026
1447.0,0.23999999999999988
1448.0,-1.0
1449.0,0.0399999999999997
1450.0,0.44000000000000006
1451.0,0.4800000000000001
1452.0,-1.2
1453.0,-1.44
1454.0,0.6000000000000001
1455.0,-1.48
1456.0,0.4
1457.0,-1.24
1458.0,-0.3200000000000005
1459.0,-1.44
1460.0,-1.24
1461.0,-2.5600000000000005
1462.0,-0.2000000000000004
1463.0,0.6799999999999999
1464.0,-1.12
1465.0,0.64
1466.0,-0.0800000000000003
1467.0,0.6000000000000001
1468.0,-1.32
1469.0,-0.04000000000000026
1470.0,-1.6400000000000001
1471.0,0.23999999999999988
1472.0,0.44000000000000006
1473.0,0.4800000000000001
1474.0,-3.4400000000000013
1475.0,0.6799999999999999
1476.0,-1.8800000000000003
1477.0,0.72
1478.0,-0.28000000000000047
1479.0,-0.04000000000000026
1480.0,0.52
1481.0,-0.2000000000000004
1482.0,0.6000000000000001
1483.0,-1.08
1484.0,0.6799999999999999
1485.0,-1.52
1486.0,-1.4
1487.0,0.6799999999999999
1488.0,-1.0000000000000009
1489.0,-1.04
1490.0,0.76
1491.0,0.31999999999999995
1492.0,-0.04000000000000026
1493.0,-1.6800000000000002
1494.0,-1.24
1495.0,-0.2000000000000004
1496.0,0.76
1497.0,0.44000000000000006
1498.0,0.44000000000000006
1499.0,-1.24
1500.0,0.44000000000000006
1501.0,0.44000000000000006
1502.0,-1.28
1503.0,0.31999999999999995
1504.0,-4.720000000000002
1505.0,-1.16
1506.0,-1.8800000000000003
1507.0,0.6000000000000001
1508.0,-1.48
1509.0,0.6000000000000001
1510.0,0.6000000000000001
1511.0,0.23999999999999988
1512.0,-1.0
1513.0,0.6000000000000001
1514.0,0.72
1515.0,0.31999999999999995
1516.0,-1.0
1517.0,-1.0
1518.0,-1.28
1519.0,-0.0800000000000003
1520.0,-1.48
1521.0,-2.12
1522.0,-1.120000000000001
1523.0,0.6799999999999999
1524.0,-1.12
1525.0,-1.12
1526.0,-1.08
1527.0,-1.32
1528.0,-1.6
1529.0,-1.2
1530.0,-1.040000000000001
1531.0,0.23999999999999988
1532.0,0.4800000000000001
1533.0,0.6000000000000001
1534.0,0.6000000000000001
1535.0,-1.08
1536.0,0.2799999999999999
1537.0,0.44000000000000006
1538.0,-1.16
1539.0,-1.2
1540.0,-1.16
1541.0,0.2799999999999999
1542.0,-1.24
1543.0,0.1599999999999998
1544.0,-1.2
1545.0,0.6799999999999999
1546.0,0.2799999999999999
1547.0,-1.12
1548.0,0.4
1549.0,-0.2000000000000004
1550.0,0.31999999999999995
1551.0,-0.6000000000000008
1552.0,-1.16
1553.0,0.44000000000000006
1554.0,0.56
1555.0,0.31999999999999995
1556.0,-0.12000000000000033
1557.0,-4.160000000000002
1558.0,-0.0800000000000003
1559.0,-2.220446049250313e-16
1560.0,0.8
1561.0,-2.220446049250313e-16
1562.0,-0.3200000000000005
1563.0,0.6799999999999999
1564.0,-0.16000000000000036
1565.0,-1.08
1566.0,-0.4400000000000006
1567.0,-1.160000000000001
1568.0,0.11999999999999977
1569.0,-2.08
1570.0,-0.7200000000000009
1571.0,0.31999999999999995
1572.0,0.19999999999999984
1573.0,-1.12
1574.0,-2.220446049250313e-16
1575.0,-1.16
1576.0,-2.5200000000000005
1577.0,0.56
1578.0,0.56
1579.0,-2.4800000000000004
1580.0,0.6000000000000001
1581.0,0.31999999999999995
1582.0,-0.5200000000000007
1583.0,0.64
1584.0,-1.28
1585.0,0.4800000000000001
1586.0,-1.08
1587.0,0.36
1588.0,0.6799999999999999
1589.0,0.6000000000000001
1590.0,0.56
1591.0,-1.0
1592.0,0.6799999999999999
1593.0,0.4800000000000001
1594.0,0.2799999999999999
1595.0,-0.7200000000000009
1596.0,-0.7600000000000009
1597.0,0.2799999999999999
1598.0,0.6000000000000001
1599.0,-1.12
1600.0,0.4800000000000001
1601.0,0.64
1602.0,0.11999999999999977
1603.0,-1.16
1604.0,-1.0
1605.0,-1.16
1606.0,0.8
1607.0,-1.32
1608.0,0.56
1609.0,0.64
1610.0,-1.040000000000001
1611.0,0.72
1612.0,-1.48
1613.0,0.6799999999999999
1614.0,-2.8400000000000007
1615.0,-1.6
1616.0,0.4
1617.0,0.23999999999999988
1618.0,-1.08
1619.0,0.4800000000000001
1620.0,-1.24
1621.0,0.64
1622.0,-1.8400000000000003
1623.0,0.8
1624.0,-0.04000000000000026
1625.0,0.64
1626.0,0.23999999999999988
1627.0,-1.48
1628.0,-1.08
1629.0,0.31999999999999995
1630.0,0.36
1631.0,0.11999999999999977
1632.0,0.0399999999999997
1633.0,0.1599999999999998
1634.0,0.0399999999999997
1635.0,-1.12
1636.0,-1.08
1637.0,-1.7600000000000002
1638.0,-0.04000000000000026
1639.0,-1.0
1640.0,-2.6800000000000006
1641.0,0.36
1642.0,-2.5600000000000005
1643.0,-1.08
1644.0,-1.4
1645.0,0.4800000000000001
1646.0,0.2799999999999999
1647.0,0.0399999999999997
1648.0,0.52
1649.0,-1.24
1650.0,0.44000000000000006
1651.0,-1.6800000000000002
1652.0,-2.16
1653.0,-1.0
1654.0,-1.12
1655.0,0.11999999999999977
1656.0,0.07999999999999974
1657.0,0.6799999999999999
1658.0,-1.6800000000000002
1659.0,-1.12
1660.0,0.31999999999999995
1661.0,-2.04
1662.0,-1.3599999999999999
1663.0,0.07999999999999974
1664.0,-1.9600000000000004
1665.0,-1.12
1666.0,0.8
1667.0,-1.0
1668.0,0.56
1669.0,-1.0
1670.0,-1.16
1671.0,-0.0800000000000003
1672.0,-1.48
1673.0,0.4800000000000001
1674.0,0.6000000000000001
1675.0,0.36
1676.0,-1.12
1677.0,0.0399999999999997
1678.0,-1.0
1679.0,0.6799999999999999
1680.0,-2.3600000000000003
1681.0,0.6799999999999999
1682.0,-1.04
1683.0,0.56
1684.0,0.19999999999999984
1685.0,0.72
1686.0,-1.7600000000000002
1687.0,0.52
1688.0,-1.2
1689.0,-1.0
1690.0,0.72
1691.0,0.44000000000000006
1692.0,-1.08
1693.0,0.36
1694.0,0.56
1695.0,-1.08
1696.0,0.44000000000000006
1697.0,0.56
1698.0,0.23999999999999988
1699.0,0.6799999999999999
1700.0,-1.0
1701.0,0.19999999999999984
1702.0,0.4
1703.0,0.56
1704.0,0.2799999999999999
1705.0,-1.160000000000001
1706.0,0.0399999999999997
1707.0,0.36
1708.0,-1.32
1709.0,-1.44
1710.0,-0.48000000000000065
1711.0,0.52
1712.0,-0.36000000000000054
1713.0,-2.3600000000000003
1714.0,-1.16
1715.0,0.4
1716.0,0.19999999999999984
1717.0,0.23999999999999988
1718.0,0.52
1719.0,-1.4800000000000013
1720.0,0.6799999999999999
1721.0,0.31999999999999995
1722.0,0.2799999999999999
1723.0,0.52
1724.0,0.8
1725.0,0.36
1726.0,0.23999999999999988
1727.0,-1.12
1728.0,-1.56
1729.0,0.56
1730.0,-0.12000000000000033
1731.0,-3.8000000000000016
1732.0,0.07999999999999974
1733.0,-1.48
1734.0,0.72
1735.0,0.6799999999999999
1736.0,-1.3599999999999999
1737.0,0.52
1738.0,-2.04
1739.0,0.23999999999999988
1740.0,0.52
1741.0,0.8
1742.0,0.6799999999999999
1743.0,0.11999999999999977
1744.0,0.36
1745.0,-1.48
1746.0,0.6000000000000001
1747.0,0.36
1748.0,0.4
1749.0,0.2799999999999999
1750.0,-0.0800000000000003
1751.0,-1.08
1752.0,0.6000000000000001
1753.0,-1.2
1754.0,-1.08
1755.0,-2.220446049250313e-16
1756.0,-1.24
1757.0,-0.6400000000000008
1758.0,0.8
1759.0,-1.9600000000000004
1760.0,-0.7200000000000009
1761.0,0.76
1762.0,-1.32
1763.0,-1.7200000000000002
1764.0,0.31999999999999995
1765.0,-0.5200000000000007
1766.0,-1.32
1767.0,0.31999999999999995
1768.0,0.72
1769.0,-1.16
1770.0,0.23999999999999988
1771.0,0.6799999999999999
1772.0,0.31999999999999995
1773.0,-0.04000000000000026
1774.0,0.56
1775.0,0.72
1776.0,-0.5200000000000007
1777.0,-1.12
1778.0,0.36
1779.0,0.4800000000000001
1780.0,-2.7600000000000007
1781.0,0.4
1782.0,-1.8400000000000003
1783.0,-2.12
1784.0,0.72
1785.0,0.64
1786.0,-1.2
1787.0,0.76
1788.0,-1.32
1789.0,-1.4
1790.0,0.36
1791.0,-0.48000000000000065
1792.0,0.19999999999999984
1793.0,0.64
1794.0,-1.04
1795.0,-0.0800000000000003
1796.0,-0.04000000000000026
1797.0,0.4
1798.0,-1.3599999999999999
1799.0,-1.6
1800.0,0.8
1801.0,0.2799999999999999
1802.0,0.36
1803.0,0.07999999999999974
1804.0,0.23999999999999988
1805.0,-1.2
1806.0,0.36
1807.0,-0.24000000000000044
1808.0,-1.4
1809.0,-1.6400000000000001
1810.0,0.6000000000000001
1811.0,0.64
1812.0,0.4
1813.0,0.52
1814.0,0.76
1815.0,0.44000000000000006
1816.0,0.52
1817.0,-2.3200000000000003
1818.0,-1.6800000000000002
1819.0,0.2799999999999999
1820.0,-1.6800000000000002
1821.0,0.64
1822.0,-0.2000000000000004
1823.0,-1.9200000000000004
1824.0,-0.0800000000000003
1825.0,-1.3599999999999999
1826.0,0.23999999999999988
1827.0,-1.08
1828.0,-1.2
1829.0,0.4800000000000001
1830.0,0.0399999999999997
1831.0,-0.0800000000000003
1832.0,-0.4000000000000006
1833.0,-1.0
1834.0,-0.04000000000000026
1835.0,-3.040000000000001
1836.0,0.64
1837.0,-1.0
1838.0,0.8
1839.0,0.8
1840.0,-2.2
1841.0,0.72
1842.0,-1.16
1843.0,0.76
1844.0,-0.0800000000000003
1845.0,0.72
1846.0,-0.5600000000000007
1847.0,-1.16
1848.0,0.36
1849.0,0.72
1850.0,-1.6800000000000002
1851.0,0.36
1852.0,-1.28
1853.0,0.44000000000000006
1854.0,0.4
1855.0,-2.7600000000000007
1856.0,0.23999999999999988
1857.0,-1.24
1858.0,0.6000000000000001
1859.0,-1.0
1860.0,-1.0
1861.0,0.56
1862.0,0.8
1863.0,-1.28
1864.0,0.56
1865.0,-1.56
1866.0,0.72
1867.0,0.6799999999999999
1868.0,-0.4000000000000006
1869.0,0.64
1870.0,0.4800000000000001
1871.0,0.44000000000000006
1872.0,0.6799999999999999
1873.0,0.76
1874.0,-0.8000000000000009
1875.0,0.6799999999999999
1876.0,0.52
1877.0,0.6799999999999999
1878.0,0.23999999999999988
1879.0,-1.9600000000000004
1880.0,-2.220446049250313e-16
1881.0,-0.2000000000000004
1882.0,-1.28
1883.0,-1.2
1884.0,-1.9200000000000004
1885.0,0.72
1886.0,-0.4400000000000006
1887.0,0.72
1888.0,-1.160000000000001
1889.0,0.4800000000000001
1890.0,0.4800000000000001
1891.0,0.76
1892.0,0.4
1893.0,0.6000000000000001
1894.0,-1.0
1895.0,0.64
1896.0,0.0399999999999997
1897.0,0.6000000000000001
1898.0,0.4800000000000001
1899.0,0.76
1900.0,0.72
1901.0,-2.4000000000000004
1902.0,-0.04000000000000026
1903.0,-1.16
1904.0,-1.4
1905.0,-4.280000000000002
1906.0,0.76
1907.0,0.56
1908.0,0.56
1909.0,-1.12
1910.0,-0.16000000000000036
1911.0,-1.4
1912.0,0.44000000000000006
1913.0,0.6000000000000001
1914.0,0.31999999999999995
1915.0,-1.3599999999999999
1916.0,-1.9600000000000004
1917.0,-1.2
1918.0,0.64
1919.0,-0.0800000000000003
1920.0,0.36
1921.0,-1.4
1922.0,0.07999999999999974
1923.0,0.4800000000000001
1924.0,0.31999999999999995
1925.0,0.11999999999999977
1926.0,0.2799999999999999
1927.0,0.4
1928.0,0.76
1929.0,-1.04
1930.0,0.6799999999999999
1931.0,0.72
1932.0,0.11999999999999977
1933.0,0.6799999999999999
1934.0,0.4
1935.0,-2.220446049250313e-16
1936.0,-3.4800000000000013
1937.0,0.4800000000000001
1938.0,-0.36000000000000054
1939.0,0.64
1940.0,-1.9600000000000004
1941.0,-1.3599999999999999
1942.0,-1.8800000000000017
1943.0,0.52
1944.0,0.8
1945.0,-2.2800000000000002
1946.0,0.6799999999999999
1947.0,0.6799999999999999
1948.0,0.4800000000000001
1949.0,0.44000000000000006
1950.0,-1.08
1951.0,-1.12
1952.0,0.6799999999999999
1953.0,0.6000000000000001
1954.0,0.6799999999999999
1955.0,-1.6400000000000001
1956.0,0.31999999999999995
1957.0,0.07999999999999974
1958.0,-2.4400000000000004
1959.0,-0.6800000000000008
1960.0,-1.3599999999999999
1961.0,-1.2
1962.0,0.44000000000000006
1963.0,-5.320000000000003
1964.0,0.56
1965.0,0.72
1966.0,0.19999999999999984
1967.0,-1.6800000000000015
1968.0,-1.0
1969.0,0.31999999999999995
1970.0,0.23999999999999988
1971.0,0.76
1972.0,-0.0800000000000003
1973.0,-1.04
1974.0,0.36
1975.0,0.6799999999999999
1976.0,-2.12
1977.0,0.64
1978.0,0.72
1979.0,-1.04
1980.0,0.72
1981.0,-8.000000000000005
1982.0,-1.12
1983.0,-1.32
1984.0,0.8
1985.0,0.52
1986.0,-1.08
1987.0,-1.16
1988.0,0.11999999999999977
1989.0,0.4
1990.0,0.1599999999999998
1991.0,-1.16
1992.0,0.56
1993.0,0.72
1994.0,0.6799999999999999
1995.0,-1.08
1996.0,0.4800000000000001
1997.0,0.23999999999999988
1998.0,-1.0
1999.0,0.23999999999999988
2000.0,-2.2
2001.0,-1.12
2002.0,-1.6800000000000002
2003.0,-1.24
2004.0,-2.220446049250313e-16
2005.0,0.11999999999999977
2006.0,0.23999999999999988
2007.0,-1.16
2008.0,-1.24
2009.0,0.8
2010.0,-1.0
2011.0,0.6799999999999999
2012.0,-0.24000000000000044
2013.0,-1.08
2014.0,0.56
2015.0,0.23999999999999988
2016.0,-1.6400000000000001
2017.0,0.4
2018.0,0.19999999999999984
2019.0,0.76
2020.0,0.52
2021.0,-1.0
2022.0,0.72
2023.0,-0.0800000000000003
2024.0,0.52
2025.0,0.72
2026.0,-1.2
2027.0,0.76
2028.0,0.56
2029.0,-1.44
2030.0,-1.44
2031.0,0.4
2032.0,-1.3599999999999999
2033.0,0.36
2034.0,-1.080000000000001
2035.0,-1.0
2036.0,0.72
2037.0,0.64
2038.0,-1.08
2039.0,-1.5200000000000014
2040.0,-1.3599999999999999
2041.0,0.07999999999999974
2042.0,-1.6400000000000001
2043.0,0.56
2044.0,0.52
2045.0,-1.56
2046.0,0.36
2047.0,0.72
2048.0,0.4
2049.0,-0.4000000000000006
2050.0,0.4800000000000001
2051.0,0.2799999999999999
2052.0,0.36
2053.0,0.72
2054.0,0.19999999999999984
2055.0,-0.24000000000000044
2056.0,0.56
2057.0,0.11999999999999977
2058.0,0.44000000000000006
2059.0,-1.24
2060.0,-2.16
2061.0,0.72
2062.0,-2.2
2063.0,-1.32
2064.0,0.19999999999999984
2065.0,0.19999999999999984
2066.0,-1.44
2067.0,0.64
2068.0,0.36
2069.0,0.6000000000000001
2070.0,-0.12000000000000033
2071.0,-1.8400000000000003
2072.0,0.72
2073.0,-1.2
2074.0,0.6799999999999999
2075.0,0.4
2076.0,-1.04
2077.0,0.11999999999999977
2078.0,0.8
2079.0,0.76
2080.0,-2.4800000000000004
2081.0,0.56
2082.0,0.4800000000000001
2083.0,-1.16
2084.0,0.6799999999999999
2085.0,0.52
2086.0,0.36
2087.0,0.76
2088.0,-1.8400000000000003
2089.0,0.64
2090.0,-1.32
2091.0,0.31999999999999995
2092.0,0.64
2093.0,-1.3599999999999999
2094.0,0.56
2095.0,-1.04
2096.0,-1.08
2097.0,-3.040000000000001
2098.0,-1.48
2099.0,-1.2
2100.0,0.64
2101.0,0.44000000000000006
2102.0,-1.04
2103.0,0.52
2104.0,0.64
2105.0,-1.2
2106.0,-1.7200000000000002
2107.0,-0.24000000000000044
2108.0,-1.16
2109.0,-0.04000000000000026
2110.0,-1.8000000000000003
2111.0,0.52
2112.0,0.6799999999999999
2113.0,0.2799999999999999
2114.0,-1.4
2115.0,0.4
2116.0,-1.24
2117.0,-1.12
2118.0,-1.12
2119.0,-1.12
2120.0,-1.44
2121.0,0.19999999999999984
2122.0,0.52
2123.0,0.76
2124.0,0.76
2125.0,0.6000000000000001
2126.0,-0.04000000000000026
2127.0,0.8
2128.0,0.72
2129.0,0.1599999999999998
2130.0,-0.2000000000000004
2131.0,0.36
2132.0,0.31999999999999995
2133.0,0.8
2134.0,0.8
2135.0,-1.28
2136.0,-1.28
2137.0,0.72
2138.0,0.6799999999999999
2139.0,-1.0
2140.0,0.56
2141.0,0.76
2142.0,-1.28
2143.0,-1.12
2144.0,0.8
2145.0,-1.16
2146.0,0.36
2147.0,0.31999999999999995
2148.0,0.8
2149.0,-0.7200000000000009
2150.0,-1.12
2151.0,-1.32
2152.0,0.4800000000000001
2153.0,-1.24
2154.0,-1.6400000000000001
2155.0,0.56
2156.0,-1.04
2157.0,0.56
2158.0,0.6000000000000001
2159.0,0.23999999999999988
2160.0,0.6000000000000001
2161.0,0.6000000000000001
2162.0,0.52
2163.0,0.64
2164.0,-1.04
2165.0,-1.16
2166.0,0.4800000000000001
2167.0,-1.52
2168.0,0.4800000000000001
2169.0,-1.24
2170.0,0.0399999999999997
2171.0,0.11999999999999977
2172.0,0.1599999999999998
2173.0,0.4
2174.0,0.64
2175.0,0.6000000000000001
2176.0,0.2799999999999999
2177.0,0.4
2178.0,-1.6
2179.0,0.64
2180.0,0.4800000000000001
2181.0,0.52
2182.0,0.6000000000000001
2183.0,-1.16
2184.0,0.64
2185.0,0.8
2186.0,0.6799999999999999
2187.0,0.56
2188.0,0.11999999999999977
2189.0,-1.8800000000000003
2190.0,-1.32
2191.0,-0.6000000000000008
2192.0,0.56
2193.0,0.4
2194.0,-1.08
2195.0,-1.24
2196.0,-0.4400000000000006
2197.0,-1.6800000000000002
2198.0,0.1599999999999998
2199.0,0.56
2200.0,-1.6
2201.0,0.72
2202.0,-1.8400000000000003
2203.0,-1.32
2204.0,-1.6400000000000001
2205.0,-1.12
2206.0,0.31999999999999995
2207.0,-1.32
2208.0,-1.28
2209.0,0.72
2210.0,0.4
2211.0,-1.44
2212.0,0.72
2213.0,-1.04
2214.0,0.4800000000000001
2215.0,0.8
2216.0,-0.5600000000000007
2217.0,0.44000000000000006
2218.0,0.8
2219.0,0.6799999999999999
2220.0,-0.0800000000000003
2221.0,-1.0
2222.0,0.56
2223.0,-1.08
2224.0,-0.04000000000000026
2225.0,-1.4000000000000012
2226.0,-1.04
2227.0,0.72
2228.0,0.64
2229.0,0.07999999999999974
2230.0,-1.08
2231.0,0.56
2232.0,0.44000000000000006
2233.0,-0.9600000000000011
2234.0,0.52
2235.0,0.6799999999999999
2236.0,0.44000000000000006
2237.0,0.76
2238.0,-0.6000000000000008
2239.0,0.31999999999999995
2240.0,0.56
2241.0,0.56
2242.0,0.56
2243.0,-0.5600000000000007
2244.0,0.72
2245.0,-0.36000000000000054
2246.0,0.23999999999999988
2247.0,0.72
2248.0,0.4800000000000001
2249.0,0.36
2250.0,-3.280000000000001
2251.0,-0.2000000000000004
2252.0,0.6000000000000001
2253.0,-1.16
2254.0,0.1599999999999998
2255.0,-1.12
2256.0,-4.040000000000002
2257.0,-1.7200000000000002
2258.0,-7.240000000000005
2259.0,-1.24
2260.0,-1.0
2261.0,-0.04000000000000026
2262.0,0.31999999999999995
2263.0,-1.04
2264.0,0.31999999999999995
2265.0,0.6000000000000001
2266.0,0.56
2267.0,0.52
2268.0,-1.2
2269.0,0.76
2270.0,0.8
2271.0,0.52
2272.0,0.64
2273.0,0.76
2274.0,0.44000000000000006
2275.0,0.56
2276.0,0.36
2277.0,-1.16
2278.0,0.4
2279.0,0.8
2280.0,0.72
2281.0,-1.2
2282.0,-1.6000000000000014
2283.0,-2.12
2284.0,0.6000000000000001
2285.0,0.64
2286.0,0.52
2287.0,-1.28
2288.0,-0.2000000000000004
2289.0,-1.08
2290.0,0.36
2291.0,0.8
2292.0,-1.08
2293.0,-1.04
2294.0,-1.6
2295.0,0.07999999999999974
2296.0,0.4
2297.0,0.4800000000000001
2298.0,0.72
2299.0,-1.0
2300.0,-1.28
2301.0,-1.2
2302.0,-2.16
2303.0,0.6000000000000001
2304.0,0.23999999999999988
2305.0,-1.04
2306.0,-1.8400000000000003
2307.0,-1.9600000000000004
2308.0,0.36
2309.0,-0.12000000000000033
2310.0,-1.12
2311.0,-1.08
2312.0,0.44000000000000006
2313.0,-1.0000000000000009
2314.0,-1.16
2315.0,-0.3200000000000005
2316.0,0.64
2317.0,0.8
2318.0,-1.32
2319.0,-0.2000000000000004
2320.0,-1.08
2321.0,-1.12
2322.0,0.6799999999999999
2323.0,0.0399999999999997
2324.0,0.76
2325.0,0.52
2326.0,-1.08
2327.0,0.4800000000000001
2328.0,0.76
2329.0,0.72
2330.0,0.72
2331.0,0.4
2332.0,0.56
2333.0,-1.48
2334.0,-1.04
2335.0,0.44000000000000006
2336.0,-1.04
2337.0,0.56
2338.0,-1.7200000000000002
2339.0,0.52
2340.0,0.23999999999999988
2341.0,0.8
2342.0,0.56
2343.0,0.36
2344.0,0.56
2345.0,-1.04
2346.0,0.11999999999999977
2347.0,0.76
2348.0,-0.48000000000000065
2349.0,0.72
2350.0,-1.8400000000000003
2351.0,-1.16
2352.0,0.6799999999999999
2353.0,-2.12
2354.0,-1.24
2355.0,0.2799999999999999
2356.0,0.4800000000000001
2357.0,0.44000000000000006
2358.0,-1.8400000000000003
2359.0,0.56
2360.0,0.44000000000000006
2361.0,0.6799999999999999
2362.0,-0.12000000000000033
2363.0,0.56
2364.0,-1.8000000000000003
2365.0,-1.04
2366.0,-0.840000000000001
2367.0,0.64
2368.0,-0.16000000000000036
2369.0,-0.3200000000000005
2370.0,0.64
2371.0,0.4800000000000001
2372.0,0.1599999999999998
2373.0,0.8
2374.0,0.6000000000000001
2375.0,-1.04
2376.0,-1.56
2377.0,0.6799999999999999
2378.0,-1.16
2379.0,-1.28
2380.0,-1.04
2381.0,-1.08
2382.0,0.72
2383.0,0.76
2384.0,0.72
2385.0,-1.56
2386.0,0.6799999999999999
2387.0,0.6000000000000001
2388.0,0.4
2389.0,-1.56
2390.0,0.64
2391.0,0.6000000000000001
2392.0,0.56
2393.0,-1.16
2394.0,0.6799999999999999
2395.0,0.52
2396.0,0.23999999999999988
2397.0,-1.04
2398.0,0.36
2399.0,0.1599999999999998
2400.0,0.4800000000000001
2401.0,0.4
2402.0,-1.24
2403.0,0.4
2404.0,-2.04
2405.0,-1.0
2406.0,0.44000000000000006
2407.0,0.1599999999999998
2408.0,0.4800000000000001
2409.0,-2.4800000000000004
2410.0,0.4800000000000001
2411.0,0.56
2412.0,0.8
2413.0,0.6000000000000001
2414.0,0.72
2415.0,-1.6
2416.0,-0.12000000000000033
2417.0,-1.12
2418.0,0.6799999999999999
2419.0,-1.28
2420.0,0.36
2421.0,0.31999999999999995
2422.0,-1.8800000000000003
2423.0,0.6799999999999999
2424.0,-1.2
2425.0,0.11999999999999977
2426.0,0.4
2427.0,0.72
2428.0,-3.040000000000001
2429.0,-1.48
2430.0,0.8
2431.0,-1.6800000000000002
2432.0,0.64
2433.0,0.72
2434.0,-0.12000000000000033
2435.0,-1.48
2436.0,-1.28
2437.0,0.11999999999999977
2438.0,0.6000000000000001
2439.0,-2.220446049250313e-16
2440.0,-1.3599999999999999
2441.0,0.0399999999999997
2442.0,0.6000000000000001
2443.0,-1.24
2444.0,0.4
2445.0,-1.44
2446.0,0.36
2447.0,0.0399999999999997
2448.0,0.44000000000000006
2449.0,0.4
2450.0,0.56
2451.0,0.31999999999999995
2452.0,0.4
2453.0,-1.4
2454.0,0.4
2455.0,-1.2
2456.0,-0.2000000000000004
2457.0,0.8
2458.0,-1.0
2459.0,-0.0800000000000003
2460.0,-2.2
2461.0,0.6799999999999999
2462.0,-1.24
2463.0,0.0399999999999997
2464.0,0.19999999999999984
2465.0,0.6000000000000001
2466.0,-1.32
2467.0,-1.12
2468.0,-0.0800000000000003
2469.0,0.1599999999999998
2470.0,0.6799999999999999
2471.0,0.6799999999999999
2472.0,0.76
2473.0,0.52
2474.0,-2.3200000000000003
2475.0,0.6000000000000001
2476.0,0.72
2477.0,0.2799999999999999
2478.0,0.44000000000000006
2479.0,-2.2
2480.0,0.6799999999999999
2481.0,0.31999999999999995
2482.0,-2.220446049250313e-16
2483.0,-1.08
2484.0,0.56
2485.0,0.0399999999999997
2486.0,0.07999999999999974
2487.0,-1.2
2488.0,0.44000000000000006
2489.0,0.8
2490.0,0.4800000000000001
2491.0,0.23999999999999988
2492.0,0.6799999999999999
2493.0,-0.5200000000000007
2494.0,0.64
2495.0,0.76
2496.0,0.4
2497.0,-1.9200000000000004
2498.0,-1.2
2499.0,-2.220446049250313e-16
2500.0,-0.16000000000000036
2501.0,0.44000000000000006
2502.0,-0.28000000000000047
2503.0,0.64
2504.0,-1.56
2505.0,-1.6
2506.0,0.6799999999999999
2507.0,0.19999999999999984
2508.0,-1.08
2509.0,0.64
2510.0,0.2799999999999999
2511.0,-1.56
2512.0,0.4800000000000001
2513.0,-1.8000000000000003
2514.0,0.4
2515.0,0.23999999999999988
2516.0,0.07999999999999974
2517.0,0.1599999999999998
2518.0,0.4
2519.0,0.31999999999999995
2520.0,0.1599999999999998
2521.0,0.8
2522.0,0.6000000000000001
2523.0,0.6799999999999999
2524.0,0.44000000000000006
2525.0,-1.16
2526.0,0.07999999999999974
2527.0,0.64
2528.0,0.8
2529.0,0.72
2530.0,0.44000000000000006
2531.0,0.56
2532.0,0.31999999999999995
2533.0,0.2799999999999999
2534.0,-0.2000000000000004
2535.0,-1.44
2536.0,0.6000000000000001
2537.0,0.6000000000000001
2538.0,-1.3599999999999999
2539.0,0.52
2540.0,0.8
2541.0,0.64
2542.0,-0.48000000000000065
2543.0,-1.3599999999999999
2544.0,0.6799999999999999
2545.0,-1.04
2546.0,0.6000000000000001
2547.0,-1.48
2548.0,-1.08
2549.0,0.1599999999999998
2550.0,0.64
2551.0,0.44000000000000006
2552.0,-0.3200000000000005
2553.0,-0.4000000000000006
2554.0,0.8
2555.0,-0.7200000000000009
2556.0,0.72
2557.0,0.4800000000000001
2558.0,-2.24
2559.0,0.4800000000000001
2560.0,-0.2000000000000004
2561.0,-2.8400000000000007
2562.0,0.44000000000000006
2563.0,0.4800000000000001
2564.0,0.64
2565.0,0.52
2566.0,-2.16
2567.0,0.6000000000000001
2568.0,-1.3599999999999999
2569.0,0.72
2570.0,0.72
2571.0,-1.28
2572.0,-1.4
2573.0,-1.08
2574.0,0.52
2575.0,0.64
2576.0,-0.6000000000000008
2577.0,-1.0
2578.0,-1.2
2579.0,0.4800000000000001
2580.0,-0.0800000000000003
2581.0,0.6000000000000001
2582.0,0.44000000000000006
2583.0,0.23999999999999988
2584.0,-0.0800000000000003
2585.0,0.6799999999999999
2586.0,-1.08
2587.0,0.64
2588.0,0.76
2589.0,-1.16
2590.0,0.6000000000000001
2591.0,0.64
2592.0,-1.32
2593.0,0.6799999999999999
2594.0,0.07999999999999974
2595.0,0.64
2596.0,0.6000000000000001
2597.0,0.64
2598.0,-1.24
2599.0,0.52
2600.0,0.1599999999999998
2601.0,-1.0000000000000009
2602.0,0.56
2603.0,0.6000000000000001
2604.0,0.52
2605.0,0.8
2606.0,0.8
2607.0,-1.0
2608.0,-1.08
2609.0,-0.6000000000000008
2610.0,-1.9200000000000004
2611.0,0.72
2612.0,-2.24
2613.0,0.44000000000000006
2614.0,0.2799999999999999
2615.0,-0.6000000000000008
2616.0,-1.04
2617.0,0.6000000000000001
2618.0,-1.8000000000000003
2619.0,-0.7600000000000009
2620.0,0.31999999999999995
2621.0,0.76
2622.0,0.6799999999999999
2623.0,0.8
2624.0,0.0399999999999997
2625.0,0.6000000000000001
2626.0,0.2799999999999999
2627.0,-1.04
2628.0,-0.2000000000000004
2629.0,0.76
2630.0,0.64
2631.0,0.44000000000000006
2632.0,0.52
2633.0,0.36
2634.0,0.64
2635.0,-1.2
2636.0,0.64
2637.0,-1.32
2638.0,0.64
2639.0,0.23999999999999988
2640.0,0.52
2641.0,0.44000000000000006
2642.0,-1.8400000000000003
2643.0,0.44000000000000006
2644.0,0.8
2645.0,0.11999999999999977
2646.0,0.6000000000000001
2647.0,0.8
2648.0,-1.24
2649.0,-1.2
2650.0,0.44000000000000006
2651.0,0.6799999999999999
2652.0,-1.16
2653.0,-1.56
2654.0,0.76
2655.0,0.64
2656.0,0.64
2657.0,0.4
2658.0,0.19999999999999984
2659.0,-1.0
2660.0,0.6799999999999999
2661.0,0.4
2662.0,0.23999999999999988
2663.0,0.6000000000000001
2664.0,0.44000000000000006
2665.0,0.0399999999999997
2666.0,-1.12
2667.0,-1.24
2668.0,0.8
2669.0,0.6000000000000001
2670.0,0.72
2671.0,0.1599999999999998
2672.0,0.76
2673.0,0.6799999999999999
2674.0,-1.08
2675.0,0.6799999999999999
2676.0,-1.16
2677.0,0.52
2678.0,0.6799999999999999
2679.0,0.56
2680.0,-2.920000000000001
2681.0,-1.2
2682.0,0.4
2683.0,0.4800000000000001
2684.0,0.64
2685.0,-1.52
2686.0,0.72
2687.0,0.07999999999999974
2688.0,0.76
2689.0,0.1599999999999998
2690.0,0.8
2691.0,0.64
2692.0,0.52
2693.0,0.76
2694.0,0.31999999999999995
2695.0,0.6799999999999999
2696.0,0.4
2697.0,-1.0
2698.0,0.36
2699.0,0.8
2700.0,0.19999999999999984
2701.0,0.6000000000000001
2702.0,-1.3599999999999999
2703.0,0.44000000000000006
2704.0,0.23999999999999988
2705.0,0.52
2706.0,0.31999999999999995
2707.0,-0.8000000000000009
2708.0,-0.24000000000000044
2709.0,0.0399999999999997
2710.0,-1.3599999999999999
2711.0,0.4800000000000001
2712.0,0.56
2713.0,0.6000000000000001
2714.0,0.1599999999999998
2715.0,0.6799999999999999
2716.0,0.36
2717.0,-1.0
2718.0,0.6000000000000001
2719.0,0.6799999999999999
2720.0,-1.16
2721.0,0.8
2722.0,0.19999999999999984
2723.0,0.44000000000000006
2724.0,0.8
2725.0,0.56
2726.0,-3.040000000000001
2727.0,0.4
2728.0,0.52
2729.0,0.52
2730.0,0.8
2731.0,0.8
2732.0,0.72
2733.0,0.44000000000000006
2734.0,0.76
2735.0,0.4800000000000001
2736.0,0.4
2737.0,-1.28
2738.0,0.52
2739.0,-1.28
2740.0,0.4800000000000001
2741.0,-1.8400000000000003
2742.0,0.4800000000000001
2743.0,-1.16
2744.0,-2.220446049250313e-16
2745.0,0.36
2746.0,-1.04
2747.0,0.76
2748.0,-3.8800000000000017
2749.0,-1.9200000000000017
2750.0,-0.48000000000000065
2751.0,0.19999999999999984
2752.0,-1.16
2753.0,0.8
2754.0,-1.2
2755.0,-1.48
2756.0,0.6000000000000001
2757.0,0.4
2758.0,0.64
2759.0,0.6799999999999999
2760.0,0.52
2761.0,0.2799999999999999
2762.0,0.6000000000000001
2763.0,-2.5200000000000005
2764.0,0.4800000000000001
2765.0,0.6799999999999999
2766.0,0.8
2767.0,-1.6800000000000002
2768.0,0.6799999999999999
2769.0,0.23999999999999988
2770.0,0.64
2771.0,-1.12
2772.0,-0.3200000000000005
2773.0,0.64
2774.0,-1.24
2775.0,0.19999999999999984
2776.0,0.44000000000000006
2777.0,-2.6800000000000006
2778.0,-1.16
2779.0,-1.080000000000001
2780.0,-1.9600000000000004
2781.0,0.56
2782.0,-1.24
2783.0,0.1599999999999998
2784.0,-1.3599999999999999
2785.0,-1.12
2786.0,-1.12
2787.0,0.44000000000000006
2788.0,0.8
2789.0,0.72
2790.0,-1.08
2791.0,0.19999999999999984
2792.0,0.0399999999999997
2793.0,-1.2
2794.0,-0.3200000000000005
2795.0,-2.7600000000000007
2796.0,0.64
2797.0,0.64
2798.0,0.6799999999999999
2799.0,0.72
2800.0,-0.28000000000000047
2801.0,-0.16000000000000036
2802.0,-0.16000000000000036
2803.0,0.23999999999999988
2804.0,-0.24000000000000044
2805.0,-1.32
2806.0,0.8
2807.0,0.4
2808.0,0.52
2809.0,0.6799999999999999
2810.0,0.64
2811.0,-0.48000000000000065
2812.0,0.6799999999999999
2813.0,0.11999999999999977
2814.0,0.56
2815.0,0.72
2816.0,0.31999999999999995
2817.0,0.8
2818.0,-3.160000000000003
2819.0,0.8
2820.0,-1.28
2821.0,0.4800000000000001
2822.0,-1.56
2823.0,0.6000000000000001
2824.0,0.76
2825.0,0.72
2826.0,-3.160000000000001
2827.0,-1.12
2828.0,0.56
2829.0,0.64
2830.0,0.72
2831.0,0.72
2832.0,0.6000000000000001
2833.0,-1.3599999999999999
2834.0,-1.24
2835.0,0.1599999999999998
2836.0,0.56
2837.0,0.1599999999999998
2838.0,0.31999999999999995
2839.0,0.6799999999999999
2840.0,0.23999999999999988
2841.0,0.64
2842.0,0.8
2843.0,0.19999999999999984
2844.0,0.6799999999999999
2845.0,-1.44
2846.0,0.36
2847.0,-1.04
2848.0,0.11999999999999977
2849.0,-1.0
2850.0,0.64
2851.0,0.56
2852.0,0.11999999999999977
2853.0,0.2799999999999999
2854.0,0.72
2855.0,0.6799999999999999
2856.0,-0.4400000000000006
2857.0,-1.04
2858.0,-1.4
2859.0,-1.12
2860.0,0.23999999999999988
2861.0,0.56
2862.0,0.1599999999999998
2863.0,-0.3200000000000005
2864.0,-1.0
2865.0,0.31999999999999995
2866.0,0.4800000000000001
2867.0,0.52
2868.0,0.6000000000000001
2869.0,0.6799999999999999
2870.0,-2.08
2871.0,0.64
2872.0,0.6000000000000001
2873.0,0.8
2874.0,0.64
2875.0,0.6000000000000001
2876.0,-1.0
2877.0,0.56
2878.0,0.56
2879.0,-0.2000000000000004
2880.0,0.64
2881.0,-1.48
2882.0,0.1599999999999998
2883.0,0.4800000000000001
2884.0,0.72
2885.0,0.44000000000000006
2886.0,-0.6000000000000008
2887.0,0.72
2888.0,-1.08
2889.0,0.6799999999999999
2890.0,0.64
2891.0,-0.28000000000000047
2892.0,0.31999999999999995
2893.0,0.6799999999999999
2894.0,-1.0
2895.0,-1.8000000000000003
2896.0,0.31999999999999995
2897.0,0.44000000000000006
2898.0,-1.240000000000001
2899.0,-1.160000000000001
2900.0,0.6799999999999999
2901.0,0.72
2902.0,-1.08
2903.0,-1.2
2904.0,0.07999999999999974
2905.0,-0.36000000000000054
2906.0,0.64
2907.0,0.64
2908.0,0.52
2909.0,-1.24
2910.0,-1.04
2911.0,0.4
2912.0,0.76
2913.0,0.72
2914.0,-1.52
2915.0,-1.08
2916.0,0.76
2917.0,0.64
2918.0,0.52
2919.0,-1.3599999999999999
2920.0,-1.28
2921.0,0.64
2922.0,0.07999999999999974
2923.0,0.64
2924.0,-1.4
2925.0,0.8
2926.0,-1.0
2927.0,0.8
2928.0,0.6000000000000001
2929.0,0.1599999999999998
2930.0,0.76
2931.0,0.76
2932.0,0.56
2933.0,-1.12
2934.0,0.4800000000000001
2935.0,-1.6400000000000001
2936.0,0.31999999999999995
2937.0,0.52
2938.0,-2.5200000000000005
2939.0,-1.24
2940.0,0.8
2941.0,0.52
2942.0,0.4800000000000001
2943.0,0.56
2944.0,0.76
2945.0,-1.0
2946.0,-1.0
2947.0,0.8
2948.0,0.56
2949.0,0.64
2950.0,0.8
2951.0,-1.04
2952.0,0.72
2953.0,0.72
2954.0,0.76
2955.0,0.4800000000000001
2956.0,0.8
2957.0,0.1599999999999998
2958.0,-1.4
2959.0,0.76
2960.0,-0.6800000000000008
2961.0,0.6799999999999999
2962.0,0.36
2963.0,-1.28
2964.0,-1.2
2965.0,0.1599999999999998
2966.0,0.72
2967.0,0.6799999999999999
2968.0,-1.6400000000000001
2969.0,-1.24
2970.0,-0.840000000000001
2971.0,0.6799999999999999
2972.0,-0.24000000000000044
2973.0,0.36
2974.0,-1.2
2975.0,-1.2
2976.0,0.52
2977.0,-1.6400000000000001
2978.0,0.19999999999999984
2979.0,-1.2
2980.0,0.8
2981.0,0.19999999999999984
2982.0,0.6799999999999999
2983.0,0.56
2984.0,0.4800000000000001
2985.0,0.11999999999999977
2986.0,0.2799999999999999
2987.0,0.6000000000000001
2988.0,-0.12000000000000033
2989.0,0.6000000000000001
2990.0,-1.48
2991.0,0.76
2992.0,0.6799999999999999
2993.0,-1.08
2994.0,0.11999999999999977
2995.0,0.52
2996.0,-1.24
2997.0,0.52
2998.0,-2.220446049250313e-16
2999.0,-1.6400000000000001
3000.0,0.52
3001.0,-1.6800000000000002
3002.0,-1.4
3003.0,0.44000000000000006
3004.0,0.6799999999999999
3005.0,0.76
3006.0,0.8
3007.0,0.64
3008.0,0.72
3009.0,-1.0
3010.0,0.36
3011.0,-1.04
3012.0,-1.04
3013.0,0.72
3014.0,0.64
3015.0,0.6799999999999999
3016.0,0.64
3017.0,0.44000000000000006
3018.0,-1.28
3019.0,0.4800000000000001
3020.0,-1.28
3021.0,0.52
3022.0,0.64
3023.0,0.6799999999999999
3024.0,-1.04
3025.0,-1.04
3026.0,0.4
3027.0,-1.12
3028.0,0.8
3029.0,0.64
3030.0,0.8
3031.0,0.6799999999999999
3032.0,0.76
3033.0,-1.2
3034.0,0.52
3035.0,-1.32
3036.0,0.23999999999999988
3037.0,0.72
3038.0,0.6799999999999999
3039.0,0.64
3040.0,0.72
3041.0,0.64
3042.0,0.4800000000000001
3043.0,0.6799999999999999
3044.0,0.72
3045.0,0.64
3046.0,0.44000000000000006
3047.0,0.31999999999999995
3048.0,0.6799999999999999
3049.0,0.1599999999999998
3050.0,0.72
3051.0,0.56
3052.0,0.31999999999999995
3053.0,-1.04
3054.0,-1.24
3055.0,0.72
3056.0,-1.0
3057.0,-1.48
3058.0,0.19999999999999984
3059.0,0.1599999999999998
3060.0,0.64
3061.0,0.56
3062.0,0.31999999999999995
3063.0,0.72
3064.0,0.11999999999999977
3065.0,0.4
3066.0,0.8
3067.0,-1.9200000000000004
3068.0,-1.28
3069.0,0.72
3070.0,0.76
3071.0,-1.28
3072.0,0.6799999999999999
3073.0,0.2799999999999999
3074.0,0.6000000000000001
3075.0,-1.56
3076.0,0.72
3077.0,0.72
3078.0,-1.0
3079.0,0.72
3080.0,0.6799999999999999
3081.0,0.56
3082.0,0.19999999999999984
3083.0,0.72
3084.0,0.8
3085.0,0.6000000000000001
3086.0,-1.2
3087.0,0.4800000000000001
3088.0,0.8
3089.0,-1.04
3090.0,-1.16
3091.0,0.6799999999999999
3092.0,0.4
3093.0,-0.5600000000000007
3094.0,0.4
3095.0,-1.16
3096.0,0.6000000000000001
3097.0,0.19999999999999984
3098.0,0.8
3099.0,0.4800000000000001
3100.0,0.72
3101.0,0.8
3102.0,0.6799999999999999
3103.0,0.52
3104.0,0.64
3105.0,0.56
3106.0,0.4800000000000001
3107.0,0.44000000000000006
3108.0,0.72
3109.0,-1.04
3110.0,0.6000000000000001
3111.0,-1.9600000000000004
3112.0,0.64
3113.0,0.76
3114.0,0.64
3115.0,-1.32
3116.0,0.6799999999999999
3117.0,0.19999999999999984
3118.0,0.8
3119.0,-1.32
3120.0,-1.6
3121.0,0.4800000000000001
3122.0,0.56
3123.0,0.72
3124.0,-3.000000000000001
3125.0,-0.24000000000000044
3126.0,-1.52
3127.0,0.8
3128.0,-1.08
3129.0,-1.04
3130.0,-1.56
3131.0,-1.08
3132.0,0.31999999999999995
3133.0,0.6799999999999999
3134.0,-2.480000000000002
3135.0,-1.7200000000000002
3136.0,0.07999999999999974
3137.0,-0.04000000000000026
3138.0,0.76
3139.0,0.6799999999999999
3140.0,0.2799999999999999
3141.0,-1.0
3142.0,-1.2
3143.0,-0.6400000000000008
3144.0,0.72
3145.0,-1.44
3146.0,0.64
3147.0,0.4800000000000001
3148.0,0.23999999999999988
3149.0,0.76
3150.0,0.44000000000000006
3151.0,0.64
3152.0,0.36
3153.0,-1.48
3154.0,0.4
3155.0,0.76
3156.0,-1.32
3157.0,0.72
3158.0,0.64
3159.0,-1.16
3160.0,0.8
3161.0,0.64
3162.0,-1.28
3163.0,-1.24
3164.0,-0.0800000000000003
3165.0,0.6000000000000001
3166.0,-3.520000000000003
3167.0,-1.4
3168.0,0.64
3169.0,0.4
3170.0,-1.12
3171.0,0.76
3172.0,0.6799999999999999
3173.0,-3.160000000000001
3174.0,-1.6
3175.0,0.72
3176.0,-1.44
3177.0,0.52
3178.0,0.6000000000000001
3179.0,0.8
3180.0,0.44000000000000006
3181.0,-0.12000000000000033
3182.0,-0.0800000000000003
3183.0,-4.280000000000002
3184.0,0.76
3185.0,-1.16
3186.0,0.0399999999999997
3187.0,0.44000000000000006
3188.0,0.6000000000000001
3189.0,0.6799999999999999
3190.0,0.56
3191.0,-2.880000000000001
3192.0,0.76
3193.0,0.4800000000000001
3194.0,-2.3600000000000003
3195.0,0.11999999999999977
3196.0,-1.44
3197.0,0.4800000000000001
3198.0,0.6799999999999999
3199.0,0.6799999999999999
3200.0,-1.32
3201.0,0.4800000000000001
3202.0,0.76
3203.0,0.72
3204.0,0.8
3205.0,0.6000000000000001
3206.0,-1.04
3207.0,0.72
3208.0,0.76
3209.0,0.64
3210.0,0.31999999999999995
3211.0,-2.0
3212.0,-1.44
3213.0,-1.16
3214.0,0.76
3215.0,0.6000000000000001
3216.0,0.07999999999999974
3217.0,0.6799999999999999
3218.0,0.4800000000000001
3219.0,0.72
3220.0,0.6000000000000001
3221.0,0.8
3222.0,0.8
3223.0,0.6000000000000001
3224.0,0.56
3225.0,0.76
3226.0,0.44000000000000006
3227.0,-0.24000000000000044
3228.0,-1.44
3229.0,0.64
3230.0,0.76
3231.0,0.52
3232.0,0.36
3233.0,0.44000000000000006
3234.0,0.64
3235.0,0.6799999999999999
3236.0,0.1599999999999998
3237.0,-1.080000000000001
3238.0,0.6799999999999999
3239.0,0.4800000000000001
3240.0,0.56
3241.0,0.6000000000000001
3242.0,-1.48
3243.0,-3.240000000000001
3244.0,-1.24
3245.0,-0.0800000000000003
3246.0,0.8
3247.0,-1.04
3248.0,0.76
3249.0,0.52
3250.0,0.72
3251.0,-0.920000000000001
3252.0,-2.16
3253.0,0.2799999999999999
3254.0,0.64
3255.0,0.72
3256.0,0.4800000000000001
3257.0,0.31999999999999995
3258.0,-1.08
3259.0,0.64
3260.0,0.4800000000000001
3261.0,0.4800000000000001
3262.0,0.4800000000000001
3263.0,0.4
3264.0,-1.48
3265.0,0.4800000000000001
3266.0,0.64
3267.0,0.76
3268.0,0.8
3269.0,0.4800000000000001
3270.0,0.44000000000000006
3271.0,0.6799999999999999
3272.0,-1.12
3273.0,0.6799999999999999
3274.0,0.64
3275.0,-1.2
3276.0,0.64
3277.0,-1.12
3278.0,0.6000000000000001
3279.0,-1.2
3280.0,0.56
3281.0,0.6000000000000001
3282.0,0.56
3283.0,-1.24
3284.0,-1.04
3285.0,0.8
3286.0,0.64
3287.0,0.72
3288.0,0.6799999999999999
3289.0,-0.6000000000000008
3290.0,-1.12
3291.0,-1.4
3292.0,0.56
3293.0,-2.6400000000000006
3294.0,0.4800000000000001
3295.0,-1.32
3296.0,0.6000000000000001
3297.0,-0.880000000000001
3298.0,0.64
3299.0,0.76
3300.0,0.8
3301.0,0.4800000000000001
3302.0,0.8
3303.0,0.72
3304.0,0.76
3305.0,0.64
3306.0,0.76
3307.0,0.6799999999999999
3308.0,0.72
3309.0,-1.08
3310.0,-1.28
3311.0,0.64
3312.0,0.64
3313.0,-0.2000000000000004
3314.0,0.56
3315.0,-1.6400000000000001
3316.0,0.6799999999999999
3317.0,0.31999999999999995
3318.0,0.72
3319.0,0.6799999999999999
3320.0,0.6000000000000001
3321.0,0.72
3322.0,0.44000000000000006
3323.0,-1.0
3324.0,0.76
3325.0,0.56
3326.0,0.8
3327.0,0.72
3328.0,0.72
3329.0,0.4
3330.0,0.72
3331.0,-1.32
3332.0,-1.04
3333.0,0.76
3334.0,0.8
3335.0,-1.08
3336.0,-1.28
3337.0,-1.56
3338.0,0.36
3339.0,0.4
3340.0,0.76
3341.0,0.64
3342.0,0.64
3343.0,0.72
3344.0,0.72
3345.0,0.64
3346.0,0.23999999999999988
3347.0,0.76
3348.0,0.56
3349.0,0.72
3350.0,0.44000000000000006
3351.0,-0.0800000000000003
3352.0,0.64
3353.0,-1.08
3354.0,-1.2
3355.0,0.31999999999999995
3356.0,0.72
3357.0,0.11999999999999977
3358.0,0.6000000000000001
3359.0,0.2799999999999999
3360.0,-2.2800000000000002
3361.0,0.52
3362.0,0.4800000000000001
3363.0,-1.28
3364.0,-1.6800000000000015
3365.0,-2.6800000000000006
3366.0,0.56
3367.0,0.72
3368.0,0.8
3369.0,-1.08
3370.0,0.72
3371.0,0.6799999999999999
3372.0,0.76
3373.0,0.4800000000000001
3374.0,0.31999999999999995
3375.0,-1.44
3376.0,-2.6800000000000006
3377.0,-4.200000000000002
3378.0,0.72
3379.0,0.6000000000000001
3380.0,0.56
3381.0,0.8
3382.0,0.76
3383.0,0.4800000000000001
3384.0,0.19999999999999984
3385.0,0.8
3386.0,0.76
3387.0,0.11999999999999977
3388.0,0.6000000000000001
3389.0,0.52
3390.0,-1.04
3391.0,0.2799999999999999
3392.0,0.6799999999999999
3393.0,0.8
3394.0,0.64
3395.0,-5.280000000000003
3396.0,0.8
3397.0,0.8
3398.0,0.56
3399.0,-1.2
3400.0,-1.8000000000000016
3401.0,-1.08
3402.0,-1.2
3403.0,-1.4
3404.0,0.44000000000000006
3405.0,0.6000000000000001
3406.0,-1.7200000000000002
3407.0,-1.44
3408.0,-1.16
3409.0,0.4800000000000001
3410.0,-1.28
3411.0,0.6799999999999999
3412.0,0.4
3413.0,0.72
3414.0,-1.32
3415.0,0.76
3416.0,-1.12
3417.0,0.52
3418.0,0.56
3419.0,0.72
3420.0,0.4
3421.0,0.36
3422.0,0.6799999999999999
3423.0,0.64
3424.0,0.64
3425.0,0.6799999999999999
3426.0,-0.04000000000000026
3427.0,0.8
3428.0,0.31999999999999995
3429.0,-1.2
3430.0,0.52
3431.0,0.56
3432.0,0.64
3433.0,0.72
3434.0,0.44000000000000006
3435.0,0.72
3436.0,0.2799999999999999
3437.0,-1.0
3438.0,-2.5200000000000005
3439.0,-1.7200000000000002
3440.0,-1.32
3441.0,0.72
3442.0,0.6799999999999999
3443.0,0.8
3444.0,0.6799999999999999
3445.0,0.4800000000000001
3446.0,0.4
3447.0,0.11999999999999977
3448.0,-1.04
3449.0,-1.28
3450.0,0.76
3451.0,0.72
3452.0,0.8
3453.0,-1.12
3454.0,-1.52
3455.0,0.6000000000000001
3456.0,0.36
3457.0,0.6799999999999999
3458.0,-1.8800000000000003
3459.0,0.44000000000000006
3460.0,-0.28000000000000047
3461.0,0.44000000000000006
3462.0,0.36
3463.0,-1.16
3464.0,-1.16
3465.0,0.56
3466.0,-0.12000000000000033
3467.0,0.8
3468.0,0.31999999999999995
3469.0,-1.08
3470.0,0.4
3471.0,0.52
3472.0,0.72
3473.0,-1.2
3474.0,0.52
3475.0,0.07999999999999974
3476.0,-1.2
3477.0,0.6000000000000001
3478.0,0.52
3479.0,0.6799999999999999
3480.0,0.4
3481.0,0.6799999999999999
3482.0,-1.2
3483.0,0.72
3484.0,0.8
3485.0,0.6799999999999999
3486.0,-1.7600000000000002
3487.0,-1.9200000000000004
3488.0,-1.24
3489.0,-1.6
3490.0,0.4
3491.0,0.6000000000000001
3492.0,0.64
3493.0,0.07999999999999974
3494.0,0.64
3495.0,0.8
3496.0,0.52
3497.0,0.4
3498.0,-1.16
3499.0,0.52
3500.0,0.72
3501.0,0.56
3502.0,0.72
3503.0,0.6000000000000001
3504.0,0.6000000000000001
3505.0,0.8
3506.0,0.76
3507.0,-1.8800000000000003
3508.0,0.72
3509.0,-1.32
3510.0,-1.4
3511.0,-0.2000000000000004
3512.0,0.72
3513.0,-1.9600000000000004
3514.0,0.6799999999999999
3515.0,-1.16
3516.0,0.72
3517.0,0.6000000000000001
3518.0,-1.08
3519.0,0.4800000000000001
3520.0,-0.24000000000000044
3521.0,0.6000000000000001
3522.0,0.36
3523.0,-1.4
3524.0,0.64
3525.0,-1.6400000000000001
3526.0,0.76
3527.0,-1.0
3528.0,-1.52
3529.0,0.56
3530.0,0.6799999999999999
3531.0,0.44000000000000006
3532.0,-1.8800000000000003
3533.0,0.2799999999999999
3534.0,0.23999999999999988
3535.0,0.72
3536.0,0.64
3537.0,0.72
3538.0,-1.12
3539.0,0.36
3540.0,-1.3599999999999999
3541.0,-0.48000000000000065
3542.0,0.44000000000000006
3543.0,0.4
3544.0,0.76
3545.0,-1.16
3546.0,0.36
3547.0,0.56
3548.0,0.56
3549.0,0.6799999999999999
3550.0,0.76
3551.0,0.8
3552.0,0.19999999999999984
3553.0,-1.3599999999999999
3554.0,0.23999999999999988
3555.0,0.6799999999999999
3556.0,0.6000000000000001
3557.0,0.6799999999999999
3558.0,0.44000000000000006
3559.0,0.56
3560.0,0.64
3561.0,-1.6400000000000001
3562.0,0.56
3563.0,0.76
3564.0,0.76
3565.0,-1.04
3566.0,0.72
3567.0,-0.880000000000001
3568.0,0.52
3569.0,0.19999999999999984
3570.0,0.8
3571.0,-1.24
3572.0,0.6000000000000001
3573.0,0.56
3574.0,0.23999999999999988
3575.0,-1.2
3576.0,0.4
3577.0,0.76
3578.0,0.6000000000000001
3579.0,0.6799999999999999
3580.0,0.4800000000000001
3581.0,-1.32
3582.0,-1.16
3583.0,0.1599999999999998
3584.0,0.6799999999999999
3585.0,0.72
3586.0,0.6799999999999999
3587.0,0.8
3588.0,0.64
3589.0,0.64
3590.0,0.72
3591.0,0.8
3592.0,0.52
3593.0,-1.04
3594.0,-1.12
3595.0,0.76
3596.0,0.31999999999999995
3597.0,-0.6400000000000008
3598.0,-6.720000000000004
3599.0,0.72
3600.0,0.72
3601.0,-1.3599999999999999
3602.0,0.6000000000000001
3603.0,0.44000000000000006
3604.0,-1.56
3605.0,-1.0
3606.0,0.64
3607.0,-1.16
3608.0,0.11999999999999977
3609.0,-1.12
3610.0,0.76
3611.0,0.44000000000000006
3612.0,0.6799999999999999
3613.0,0.52
3614.0,0.72
3615.0,-2.7600000000000007
3616.0,0.8
3617.0,-1.16
3618.0,0.72
3619.0,0.6799999999999999
3620.0,0.72
3621.0,0.64
3622.0,0.56
3623.0,0.64
3624.0,0.76
3625.0,-0.04000000000000026
3626.0,-1.12
3627.0,-1.9200000000000004
3628.0,0.76
3629.0,0.64
3630.0,0.72
3631.0,0.64
3632.0,0.52
3633.0,0.52
3634.0,0.64
3635.0,0.8
3636.0,0.64
3637.0,-1.7200000000000002
3638.0,-0.12000000000000033
3639.0,0.56
3640.0,0.76
3641.0,-1.0
3642.0,-1.08
3643.0,0.23999999999999988
3644.0,0.72
3645.0,0.56
3646.0,0.4
3647.0,0.72
3648.0,0.44000000000000006
3649.0,0.31999999999999995
3650.0,0.44000000000000006
3651.0,-1.28
3652.0,0.64
3653.0,0.72
3654.0,0.56
3655.0,0.76
3656.0,0.56
3657.0,0.6799999999999999
3658.0,-1.080000000000001
3659.0,0.72
3660.0,0.31999999999999995
3661.0,-1.0
3662.0,0.6000000000000001
3663.0,-1.24
3664.0,0.72
3665.0,0.76
3666.0,-1.32
3667.0,0.6799999999999999
3668.0,0.8
3669.0,-1.2
3670.0,0.64
3671.0,0.64
3672.0,0.8
3673.0,0.76
3674.0,0.64
3675.0,0.56
3676.0,-1.6800000000000002
3677.0,0.52
3678.0,-2.360000000000002
3679.0,-1.0
3680.0,-1.2
3681.0,-1.4
3682.0,0.72
3683.0,-1.08
3684.0,0.6799999999999999
3685.0,0.56
3686.0,0.76
3687.0,0.52
3688.0,-1.12
3689.0,0.72
3690.0,0.4800000000000001
3691.0,0.8
3692.0,0.76
3693.0,0.8
3694.0,0.8
3695.0,-0.7200000000000009
3696.0,-3.200000000000001
3697.0,0.64
3698.0,0.72
3699.0,0.76
3700.0,-1.44
3701.0,-0.920000000000001
3702.0,0.8
3703.0,-1.28
3704.0,0.4800000000000001
3705.0,-1.6400000000000001
3706.0,0.6000000000000001
3707.0,-1.08
3708.0,0.72
3709.0,-1.0
3710.0,0.76
3711.0,0.56
3712.0,-1.04
3713.0,0.11999999999999977
3714.0,0.64
3715.0,-7.240000000000005
3716.0,0.64
3717.0,0.72
3718.0,0.64
3719.0,0.23999999999999988
3720.0,-1.0
3721.0,0.64
3722.0,0.8
3723.0,0.52
3724.0,0.4
3725.0,0.4800000000000001
3726.0,-1.24
3727.0,0.64
3728.0,0.2799999999999999
3729.0,0.76
3730.0,0.72
3731.0,0.4800000000000001
3732.0,0.72
3733.0,-1.2
3734.0,0.6000000000000001
3735.0,0.1599999999999998
3736.0,-1.12
3737.0,0.8
3738.0,0.6799999999999999
3739.0,0.8
3740.0,0.4800000000000001
3741.0,0.56
3742.0,0.6799999999999999
3743.0,0.64
3744.0,0.72
3745.0,0.8
3746.0,0.56
3747.0,0.72
3748.0,-1.4
3749.0,-1.48
3750.0,0.64
3751.0,0.4
3752.0,0.8
3753.0,0.6000000000000001
3754.0,-1.08
3755.0,0.52
3756.0,0.72
3757.0,0.8
3758.0,0.76
3759.0,0.72
3760.0,0.8
3761.0,0.64
3762.0,0.36
3763.0,0.8
3764.0,0.6000000000000001
3765.0,0.52
3766.0,-0.4000000000000006
3767.0,0.6799999999999999
3768.0,0.44000000000000006
3769.0,0.72
3770.0,0.44000000000000006
3771.0,0.6799999999999999
3772.0,0.72
3773.0,-1.16
3774.0,0.64
3775.0,0.4800000000000001
3776.0,0.52
3777.0,0.0399999999999997
3778.0,0.76
3779.0,-1.4
3780.0,-1.24
3781.0,0.6799999999999999
3782.0,-2.16
3783.0,0.64
3784.0,0.72
3785.0,0.8
3786.0,0.19999999999999984
3787.0,0.2799999999999999
3788.0,0.6000000000000001
3789.0,-1.24
3790.0,-1.0
3791.0,0.76
3792.0,0.4
3793.0,0.6799999999999999
3794.0,-2.24
3795.0,0.6799999999999999
3796.0,0.6799999999999999
3797.0,0.6799999999999999
3798.0,0.76
3799.0,-1.12
3800.0,-0.16000000000000036
3801.0,0.76
3802.0,0.6799999999999999
3803.0,-1.32
3804.0,0.6799999999999999
3805.0,0.72
3806.0,0.8
3807.0,-1.0
3808.0,-1.56
3809.0,0.72
3810.0,0.44000000000000006
3811.0,0.72
3812.0,-1.08
3813.0,0.52
3814.0,-1.48
3815.0,0.6000000000000001
3816.0,0.64
3817.0,-1.12
3818.0,-1.56
3819.0,-1.28
3820.0,0.4
3821.0,0.44000000000000006
3822.0,0.8
3823.0,0.72
3824.0,-1.12
3825.0,0.72
3826.0,0.8
3827.0,0.23999999999999988
3828.0,0.76
3829.0,0.8
3830.0,0.64
3831.0,0.8
3832.0,0.72
3833.0,-1.12
3834.0,0.6799999999999999
3835.0,0.64
3836.0,0.31999999999999995
3837.0,-1.48
3838.0,0.6000000000000001
3839.0,0.52
3840.0,0.4
3841.0,0.52
3842.0,0.31999999999999995
3843.0,-1.16
3844.0,0.44000000000000006
3845.0,0.72
3846.0,0.56
3847.0,0.52
3848.0,0.56
3849.0,-2.08
3850.0,0.76
3851.0,-1.24
3852.0,0.64
3853.0,0.6000000000000001
3854.0,0.64
3855.0,0.23999999999999988
3856.0,-1.6
3857.0,-1.0
3858.0,0.23999999999999988
3859.0,0.72
3860.0,0.4800000000000001
3861.0,-0.28000000000000047
3862.0,-1.3599999999999999
3863.0,0.72
3864.0,-1.32
3865.0,0.8
3866.0,0.23999999999999988
3867.0,0.4
3868.0,-1.0
3869.0,0.1599999999999998
3870.0,-1.7200000000000002
3871.0,0.4
3872.0,0.0399999999999997
3873.0,0.6799999999999999
3874.0,0.72
3875.0,0.31999999999999995
3876.0,-1.12
3877.0,-1.12
3878.0,0.31999999999999995
3879.0,0.2799999999999999
3880.0,-1.52
3881.0,0.64
3882.0,0.8
3883.0,0.6000000000000001
3884.0,0.72
3885.0,0.4800000000000001
3886.0,-1.12
3887.0,0.76
3888.0,0.72
3889.0,0.72
3890.0,0.4800000000000001
3891.0,0.6799999999999999
3892.0,0.76
3893.0,0.6000000000000001
3894.0,0.6000000000000001
3895.0,0.64
3896.0,0.64
3897.0,0.72
3898.0,0.76
3899.0,0.6799999999999999
3900.0,0.0399999999999997
3901.0,0.6000000000000001
3902.0,0.56
3903.0,0.64
3904.0,0.56
3905.0,0.56
3906.0,0.07999999999999974
3907.0,-1.0
3908.0,-1.16
3909.0,0.36
3910.0,-1.0
3911.0,-0.4400000000000006
3912.0,-1.04
3913.0,-1.0
3914.0,0.8
3915.0,-0.7200000000000009
3916.0,0.64
3917.0,0.72
3918.0,0.6799999999999999
3919.0,0.23999999999999988
3920.0,0.76
3921.0,-1.0
3922.0,0.4800000000000001
3923.0,0.72
3924.0,-1.2
3925.0,0.23999999999999988
3926.0,0.72
3927.0,0.52
3928.0,-1.32
3929.0,0.6799999999999999
3930.0,0.64
3931.0,0.76
3932.0,0.6799999999999999
3933.0,0.52
3934.0,0.64
3935.0,0.76
3936.0,0.1599999999999998
3937.0,0.19999999999999984
3938.0,-1.6800000000000002
3939.0,0.52
3940.0,0.8
3941.0,0.72
3942.0,0.56
3943.0,-1.0
3944.0,0.56
3945.0,0.19999999999999984
3946.0,-1.08
3947.0,0.76
3948.0,0.8
3949.0,-0.6400000000000008
3950.0,-1.16
3951.0,0.64
3952.0,0.6799999999999999
3953.0,-1.28
3954.0,-1.2
3955.0,0.56
3956.0,0.72
3957.0,0.11999999999999977
3958.0,0.64
3959.0,0.36
3960.0,0.44000000000000006
3961.0,0.76
3962.0,0.4
3963.0,-1.32
3964.0,-1.56
3965.0,-1.16
3966.0,-0.12000000000000033
3967.0,-0.7200000000000009
3968.0,0.23999999999999988
3969.0,0.6799999999999999
3970.0,-0.7200000000000009
3971.0,0.8
3972.0,0.72
3973.0,0.4800000000000001
3974.0,-1.24
3975.0,-0.7600000000000009
3976.0,0.64
3977.0,-1.28
3978.0,0.72
3979.0,-2.080000000000002
3980.0,-1.2
3981.0,0.52
3982.0,0.1599999999999998
3983.0,0.6799999999999999
3984.0,-2.3600000000000003
3985.0,0.4
3986.0,-0.28000000000000047
3987.0,0.36
3988.0,-1.7200000000000002
3989.0,0.2799999999999999
3990.0,0.6799999999999999
3991.0,0.76
3992.0,0.72
3993.0,0.8
3994.0,0.76
3995.0,0.72
3996.0,0.72
3997.0,0.64
3998.0,0.6000000000000001
3999.0,0.44000000000000006
4000.0,0.72
4001.0,0.4800000000000001
4002.0,0.52
4003.0,0.52
4004.0,0.8
4005.0,0.44000000000000006
4006.0,0.4800000000000001
4007.0,0.2799999999999999
4008.0,0.8
4009.0,-1.080000000000001
4010.0,0.8
4011.0,0.4800000000000001
4012.0,0.64
4013.0,0.76
4014.0,-5.800000000000003
4015.0,0.64
4016.0,0.6000000000000001
4017.0,0.56
4018.0,-0.48000000000000065
4019.0,0.4
4020.0,-2.3200000000000003
4021.0,0.4800000000000001
4022.0,0.4
4023.0,0.8
4024.0,0.72
4025.0,0.8
4026.0,-1.08
4027.0,0.64
4028.0,0.76
4029.0,0.1599999999999998
4030.0,0.64
4031.0,0.44000000000000006
4032.0,0.76
4033.0,0.6000000000000001
4034.0,0.4800000000000001
4035.0,0.64
4036.0,0.8
4037.0,-1.16
4038.0,-2.2800000000000002
4039.0,0.64
4040.0,0.6799999999999999
4041.0,0.4800000000000001
4042.0,0.76
4043.0,0.72
4044.0,-0.28000000000000047
4045.0,0.31999999999999995
4046.0,0.64
4047.0,0.6000000000000001
4048.0,0.8
4049.0,-1.3599999999999999
4050.0,-1.16
4051.0,0.8
4052.0,0.4800000000000001
4053.0,-2.08
4054.0,0.8
4055.0,0.6799999999999999
4056.0,0.36
4057.0,0.4
4058.0,0.64
4059.0,0.6000000000000001
4060.0,0.56
4061.0,0.76
4062.0,0.6000000000000001
4063.0,0.72
4064.0,-0.6000000000000008
4065.0,0.72
4066.0,0.72
4067.0,-1.7200000000000002
4068.0,-1.4400000000000013
4069.0,0.44000000000000006
4070.0,0.8
4071.0,0.72
4072.0,0.56
4073.0,0.72
4074.0,-1.16
4075.0,-0.12000000000000033
4076.0,0.31999999999999995
4077.0,0.72
4078.0,-1.04
4079.0,-1.3599999999999999
4080.0,0.6799999999999999
4081.0,0.44000000000000006
4082.0,0.44000000000000006
4083.0,0.64
4084.0,-0.7600000000000009
4085.0,-1.04
4086.0,0.52
4087.0,0.8
4088.0,-1.6400000000000001
4089.0,0.6799999999999999
4090.0,-1.3599999999999999
4091.0,-0.04000000000000026
4092.0,0.64
4093.0,-0.5600000000000007
4094.0,-1.12
4095.0,0.56
4096.0,0.64
4097.0,0.72
4098.0,0.76
4099.0,0.56
4100.0,0.6000000000000001
4101.0,-1.3599999999999999
4102.0,0.72
4103.0,-1.08
4104.0,0.6000000000000001
4105.0,0.11999999999999977
4106.0,-1.0
4107.0,0.72
4108.0,0.76
4109.0,-0.24000000000000044
4110.0,0.64
4111.0,-1.56
4112.0,0.76
4113.0,0.72
4114.0,0.76
4115.0,0.23999999999999988
4116.0,0.8
4117.0,-1.0
4118.0,0.8
4119.0,0.6000000000000001
4120.0,0.6000000000000001
4121.0,0.52
4122.0,0.8
4123.0,0.1599999999999998
4124.0,0.76
4125.0,0.2799999999999999
4126.0,0.72
4127.0,0.8
4128.0,0.44000000000000006
4129.0,0.72
4130.0,0.64
4131.0,-1.08
4132.0,0.4800000000000001
4133.0,0.6000000000000001
4134.0,0.36
4135.0,0.6799999999999999
4136.0,0.8
4137.0,0.76
4138.0,0.6799999999999999
4139.0,0.44000000000000006
4140.0,0.1599999999999998
4141.0,-1.4
4142.0,-1.24
4143.0,-1.8000000000000016
4144.0,0.36
4145.0,0.6799999999999999
4146.0,0.4800000000000001
4147.0,0.23999999999999988
4148.0,0.64
4149.0,0.36
4150.0,0.4800000000000001
4151.0,0.6000000000000001
4152.0,0.64
4153.0,-1.0
4154.0,0.8
4155.0,0.19999999999999984
4156.0,0.56
4157.0,0.72
4158.0,-0.5200000000000007
4159.0,0.8
4160.0,-1.7200000000000002
4161.0,-1.8000000000000003
4162.0,0.4800000000000001
4163.0,0.76
4164.0,-2.2800000000000002
4165.0,0.8
4166.0,0.6000000000000001
4167.0,0.56
4168.0,-1.04
4169.0,0.4
4170.0,0.8
4171.0,0.8
4172.0,-1.04
4173.0,0.64
4174.0,-1.0
4175.0,0.8
4176.0,0.23999999999999988
4177.0,0.56
4178.0,0.6000000000000001
4179.0,-1.24
4180.0,0.6000000000000001
4181.0,0.72
4182.0,0.4800000000000001
4183.0,0.76
4184.0,0.6799999999999999
4185.0,-2.24
4186.0,0.6799999999999999
4187.0,0.76
4188.0,-2.12
4189.0,-1.0
4190.0,0.1599999999999998
4191.0,0.72
4192.0,0.4800000000000001
4193.0,-1.16
4194.0,0.64
4195.0,-1.04
4196.0,0.52
4197.0,0.52
4198.0,0.56
4199.0,0.64
4200.0,0.31999999999999995
4201.0,0.8
4202.0,0.8
4203.0,-1.9600000000000004
4204.0,0.2799999999999999
4205.0,-1.16
4206.0,-3.4400000000000013
4207.0,0.6799999999999999
4208.0,-1.2
4209.0,0.36
4210.0,0.1599999999999998
4211.0,0.4800000000000001
4212.0,0.72
4213.0,0.6799999999999999
4214.0,0.36
4215.0,-2.220446049250313e-16
4216.0,-1.0
4217.0,0.76
4218.0,0.56
4219.0,0.76
4220.0,-1.4000000000000012
4221.0,-1.16
4222.0,0.76
4223.0,0.56
4224.0,0.64
4225.0,0.6000000000000001
4226.0,0.56
4227.0,0.6799999999999999
4228.0,0.56
4229.0,0.8
4230.0,0.31999999999999995
4231.0,0.44000000000000006
4232.0,0.64
4233.0,-1.44
4234.0,-1.0
4235.0,0.44000000000000006
4236.0,0.19999999999999984
4237.0,-1.08
4238.0,-1.24
4239.0,0.72
4240.0,0.8
4241.0,-2.6800000000000006
4242.0,0.8
4243.0,0.64
4244.0,0.56
4245.0,-0.840000000000001
4246.0,0.72
4247.0,-1.28
4248.0,0.8
4249.0,0.8
4250.0,-1.04
4251.0,0.72
4252.0,0.6799999999999999
4253.0,0.72
4254.0,0.76
4255.0,0.2799999999999999
4256.0,0.1599999999999998
4257.0,0.4
4258.0,0.56
4259.0,0.8
4260.0,-0.0800000000000003
4261.0,0.31999999999999995
4262.0,0.6799999999999999
4263.0,-0.3200000000000005
4264.0,0.52
4265.0,-1.0
4266.0,0.52
4267.0,-1.12
4268.0,0.76
4269.0,-1.0
4270.0,0.56
4271.0,0.6000000000000001
4272.0,0.44000000000000006
4273.0,0.72
4274.0,0.8
4275.0,-1.52
4276.0,-1.2
4277.0,0.2799999999999999
4278.0,0.19999999999999984
4279.0,0.76
4280.0,0.72
4281.0,0.6000000000000001
4282.0,0.6799999999999999
4283.0,0.4800000000000001
4284.0,0.72
4285.0,-0.12000000000000033
4286.0,0.4800000000000001
4287.0,0.52
4288.0,0.56
4289.0,0.36
4290.0,-1.28
4291.0,0.56
4292.0,0.72
4293.0,0.8
4294.0,0.72
4295.0,0.11999999999999977
4296.0,0.8
4297.0,0.6000000000000001
4298.0,-1.12
4299.0,-0.3200000000000005
4300.0,-1.08
4301.0,0.56
4302.0,0.6799999999999999
4303.0,-1.32
4304.0,-1.08
4305.0,-1.08
4306.0,0.72
4307.0,0.64
4308.0,0.44000000000000006
4309.0,0.76
4310.0,0.6799999999999999
4311.0,0.72
4312.0,0.4800000000000001
4313.0,0.76
4314.0,-1.32
4315.0,-1.16
4316.0,0.56
4317.0,0.56
4318.0,0.8
4319.0,0.72
4320.0,0.8
4321.0,0.31999999999999995
4322.0,-1.9600000000000004
4323.0,0.6799999999999999
4324.0,0.31999999999999995
4325.0,0.44000000000000006
4326.0,0.72
4327.0,0.52
4328.0,-1.04
4329.0,0.44000000000000006
4330.0,0.6799999999999999
4331.0,0.1599999999999998
4332.0,0.4
4333.0,0.6000000000000001
4334.0,-1.08
4335.0,0.8
4336.0,0.72
4337.0,-1.08
4338.0,-1.3599999999999999
4339.0,-1.3599999999999999
4340.0,0.8
4341.0,-0.5200000000000007
4342.0,0.52
4343.0,-1.0
4344.0,0.4
4345.0,0.76
4346.0,0.56
4347.0,0.8
4348.0,0.4800000000000001
4349.0,0.6799999999999999
4350.0,0.76
4351.0,0.64
4352.0,0.6799999999999999
4353.0,0.11999999999999977
4354.0,0.8
4355.0,0.19999999999999984
4356.0,-1.24
4357.0,0.8
4358.0,0.76
4359.0,-1.28
4360.0,0.64
4361.0,-0.12000000000000033
4362.0,0.56
4363.0,0.6000000000000001
4364.0,-1.28
4365.0,0.72
4366.0,-1.32
4367.0,0.52
4368.0,0.4800000000000001
4369.0,-2.220446049250313e-16
4370.0,-1.2
4371.0,-0.7200000000000009
4372.0,0.6799999999999999
4373.0,0.72
4374.0,0.6000000000000001
4375.0,0.4800000000000001
4376.0,0.8
4377.0,-1.8000000000000003
4378.0,0.0399999999999997
4379.0,-0.8000000000000009
4380.0,0.56
4381.0,-1.04
4382.0,-1.040000000000001
4383.0,0.64
4384.0,-2.8000000000000007
4385.0,0.4800000000000001
4386.0,0.6000000000000001
4387.0,0.76
4388.0,0.8
4389.0,-1.12
4390.0,0.6799999999999999
4391.0,0.6799999999999999
4392.0,-2.0
4393.0,0.4800000000000001
4394.0,0.76
4395.0,0.56
4396.0,-1.0
4397.0,-1.04
4398.0,0.72
4399.0,-1.0
4400.0,-0.2000000000000004
4401.0,0.8
4402.0,0.6000000000000001
4403.0,0.1599999999999998
4404.0,0.8
4405.0,-1.4
4406.0,0.64
4407.0,0.8
4408.0,0.8
4409.0,0.52
4410.0,0.64
4411.0,-1.4
4412.0,0.6000000000000001
4413.0,0.8
4414.0,0.8
4415.0,0.72
4416.0,0.8
4417.0,0.6000000000000001
4418.0,0.6799999999999999
4419.0,0.4800000000000001
4420.0,0.52
4421.0,0.8
4422.0,0.72
4423.0,0.8
4424.0,0.8
4425.0,0.76
4426.0,-1.08
4427.0,0.72
4428.0,0.8
4429.0,0.8
4430.0,0.56
4431.0,-1.12
4432.0,0.72
4433.0,0.56
4434.0,0.72
4435.0,0.19999999999999984
4436.0,-1.04
4437.0,-1.08
4438.0,0.6799999999999999
4439.0,-1.24
4440.0,0.64
4441.0,0.76
4442.0,0.72
4443.0,0.64
4444.0,0.72
4445.0,0.64
4446.0,0.72
4447.0,0.72
4448.0,-1.52
4449.0,-0.24000000000000044
4450.0,-1.12
4451.0,0.56
4452.0,-1.12
4453.0,0.76
4454.0,0.4
4455.0,-1.08
4456.0,0.72
4457.0,0.76
4458.0,0.2799999999999999
4459.0,0.72
4460.0,0.64
4461.0,0.76
4462.0,-4.160000000000002
4463.0,-2.5200000000000005
4464.0,-0.6000000000000008
4465.0,0.76
4466.0,-1.04
4467.0,0.36
4468.0,0.8
4469.0,0.6000000000000001
4470.0,0.52
4471.0,0.31999999999999995
4472.0,0.4800000000000001
4473.0,0.64
4474.0,0.56
4475.0,0.8
4476.0,0.8
4477.0,0.6799999999999999
4478.0,0.2799999999999999
4479.0,0.6799999999999999
4480.0,0.19999999999999984
4481.0,-1.2
4482.0,0.8
4483.0,0.76
4484.0,0.64
4485.0,0.11999999999999977
4486.0,-1.12
4487.0,0.44000000000000006
4488.0,0.36
4489.0,0.72
4490.0,0.4800000000000001
4491.0,-1.28
4492.0,-1.04
4493.0,0.72
4494.0,0.72
4495.0,-1.3599999999999999
4496.0,0.07999999999999974
4497.0,0.64
4498.0,0.72
4499.0,-2.16
4500.0,0.8
4501.0,0.6799999999999999
4502.0,-1.08
4503.0,-2.4000000000000004
4504.0,0.52
4505.0,0.64
4506.0,0.72
4507.0,0.72
4508.0,0.76
4509.0,0.6000000000000001
4510.0,0.8
4511.0,0.6799999999999999
4512.0,0.64
4513.0,0.72
4514.0,0.6799999999999999
4515.0,0.6799999999999999
4516.0,0.6799999999999999
4517.0,0.76
4518.0,-0.28000000000000047
4519.0,-1.08
4520.0,0.64
4521.0,-1.24
4522.0,0.44000000000000006
4523.0,-1.16
4524.0,-1.9200000000000004
4525.0,-1.24
4526.0,0.36
4527.0,-2.04
4528.0,-0.28000000000000047
4529.0,0.72
4530.0,0.11999999999999977
4531.0,0.4800000000000001
4532.0,-1.04
4533.0,0.6000000000000001
4534.0,-1.0
4535.0,0.44000000000000006
4536.0,0.72
4537.0,0.72
4538.0,0.52
4539.0,0.8
4540.0,0.6799999999999999
4541.0,0.76
4542.0,0.64
4543.0,0.8
4544.0,-1.48
4545.0,0.56
4546.0,0.07999999999999974
4547.0,0.6799999999999999
4548.0,0.72
4549.0,0.8
4550.0,0.64
4551.0,0.6000000000000001
4552.0,0.64
4553.0,-1.12
4554.0,-1.08
4555.0,-1.12
4556.0,0.0399999999999997
4557.0,-1.04
4558.0,-1.16
4559.0,0.72
4560.0,0.36
4561.0,-1.16
4562.0,-1.8400000000000003
4563.0,0.6799999999999999
4564.0,0.76
4565.0,0.4
4566.0,0.76
4567.0,0.44000000000000006
4568.0,-1.52
4569.0,0.4800000000000001
4570.0,0.6799999999999999
4571.0,0.0399999999999997
4572.0,-1.08
4573.0,0.6799999999999999
4574.0,-1.32
4575.0,0.56
4576.0,0.31999999999999995
4577.0,0.6799999999999999
4578.0,0.76
4579.0,0.72
4580.0,-1.04
4581.0,-1.040000000000001
4582.0,0.8
4583.0,0.56
4584.0,0.72
4585.0,0.64
4586.0,-0.16000000000000036
4587.0,0.8
4588.0,-1.16
4589.0,0.76
4590.0,-1.28
4591.0,0.76
4592.0,0.4800000000000001
4593.0,0.8
4594.0,0.6000000000000001
4595.0,0.6799999999999999
4596.0,-1.12
4597.0,0.6000000000000001
4598.0,0.76
4599.0,0.76
4600.0,0.72
4601.0,0.56
4602.0,0.6000000000000001
4603.0,0.44000000000000006
4604.0,0.8
4605.0,-1.3599999999999999
4606.0,-1.04
4607.0,0.64
4608.0,0.72
4609.0,0.64
4610.0,-1.08
4611.0,0.64
4612.0,0.6799999999999999
4613.0,0.8
4614.0,0.76
4615.0,0.52
4616.0,0.6799999999999999
4617.0,0.56
4618.0,0.6799999999999999
4619.0,0.31999999999999995
4620.0,-1.16
4621.0,0.2799999999999999
4622.0,0.72
4623.0,0.44000000000000006
4624.0,0.4800000000000001
4625.0,0.6799999999999999
4626.0,0.6799999999999999
4627.0,0.76
4628.0,-1.16
4629.0,0.8
4630.0,0.6000000000000001
4631.0,0.72
4632.0,0.72
4633.0,0.72
4634.0,0.64
4635.0,0.56
4636.0,0.64
4637.0,0.56
4638.0,0.56
4639.0,0.6000000000000001
4640.0,-2.220446049250313e-16
4641.0,-1.52
4642.0,0.19999999999999984
4643.0,-3.200000000000001
4644.0,0.4800000000000001
4645.0,-1.32
4646.0,0.6000000000000001
4647.0,0.64
4648.0,-2.12
4649.0,0.76
4650.0,0.8
4651.0,0.72
4652.0,0.6799999999999999
4653.0,0.56
4654.0,-1.6800000000000002
4655.0,-1.6400000000000001
4656.0,0.72
4657.0,0.76
4658.0,-4.920000000000003
4659.0,0.6799999999999999
4660.0,0.52
4661.0,0.76
4662.0,-1.04
4663.0,0.72
4664.0,0.44000000000000006
4665.0,0.64
4666.0,0.6799999999999999
4667.0,-3.440000000000003
4668.0,0.8
4669.0,-1.2800000000000011
4670.0,0.76
4671.0,0.72
4672.0,0.8
4673.0,0.31999999999999995
4674.0,-1.8400000000000003
4675.0,0.72
4676.0,0.8
4677.0,0.6799999999999999
4678.0,0.72
4679.0,-1.04
4680.0,0.2799999999999999
4681.0,0.31999999999999995
4682.0,-1.16
4683.0,-1.6400000000000001
4684.0,0.6799999999999999
4685.0,0.8
4686.0,-1.0
4687.0,0.31999999999999995
4688.0,0.8
4689.0,0.76
4690.0,0.56
4691.0,0.76
4692.0,-1.7200000000000002
4693.0,0.44000000000000006
4694.0,0.52
4695.0,0.72
4696.0,0.6000000000000001
4697.0,0.52
4698.0,0.8
4699.0,0.64
4700.0,0.72
4701.0,0.76
4702.0,0.8
4703.0,0.56
4704.0,0.8
4705.0,0.23999999999999988
4706.0,0.72
4707.0,0.6000000000000001
4708.0,0.72
4709.0,0.72
4710.0,0.8
4711.0,0.52
4712.0,0.76
4713.0,0.6799999999999999
4714.0,0.6799999999999999
4715.0,0.56
4716.0,-1.0
4717.0,0.72
4718.0,0.56
4719.0,0.56
4720.0,0.8
4721.0,0.72
4722.0,0.72
4723.0,0.72
4724.0,-0.16000000000000036
4725.0,0.56
4726.0,0.52
4727.0,0.6000000000000001
4728.0,0.36
4729.0,0.6799999999999999
4730.0,-1.08
4731.0,0.76
4732.0,-1.0
4733.0,0.64
4734.0,0.52
4735.0,0.6000000000000001
4736.0,0.6799999999999999
4737.0,0.76
4738.0,-1.16
4739.0,0.56
4740.0,-1.24
4741.0,0.64
4742.0,0.8
4743.0,0.6799999999999999
4744.0,-1.2
4745.0,0.6799999999999999
4746.0,0.56
4747.0,0.56
4748.0,0.8
4749.0,-0.0800000000000003
4750.0,0.6799999999999999
4751.0,-1.0
4752.0,0.76
4753.0,0.52
4754.0,0.6799999999999999
4755.0,0.6799999999999999
4756.0,-1.4
4757.0,0.76
4758.0,0.6799999999999999
4759.0,0.6000000000000001
4760.0,0.6000000000000001
4761.0,0.4
4762.0,0.8
4763.0,0.6799999999999999
4764.0,0.8
4765.0,0.64
4766.0,-1.8800000000000003
4767.0,-1.28
4768.0,0.11999999999999977
4769.0,0.6000000000000001
4770.0,0.72
4771.0,0.44000000000000006
4772.0,0.6000000000000001
4773.0,0.6799999999999999
4774.0,0.76
4775.0,0.64
4776.0,0.0399999999999997
4777.0,0.6799999999999999
4778.0,0.36
4779.0,0.6799999999999999
4780.0,0.64
4781.0,0.64
4782.0,0.76
4783.0,0.72
4784.0,0.64
4785.0,0.56
4786.0,0.31999999999999995
4787.0,0.6000000000000001
4788.0,0.23999999999999988
4789.0,-1.28
4790.0,-0.36000000000000054
4791.0,-1.28
4792.0,-1.0
4793.0,-1.6400000000000001
4794.0,0.8
4795.0,-1.2
4796.0,-1.24
4797.0,0.56
4798.0,0.23999999999999988
4799.0,0.6799999999999999
4800.0,0.56
4801.0,0.72
4802.0,-1.12
4803.0,-0.0800000000000003
4804.0,0.56
4805.0,0.11999999999999977
4806.0,0.64
4807.0,-1.04
4808.0,0.6799999999999999
4809.0,0.56
4810.0,0.72
4811.0,-1.44
4812.0,0.6799999999999999
4813.0,0.72
4814.0,0.52
4815.0,-1.12
4816.0,0.56
4817.0,0.2799999999999999
4818.0,-1.12
4819.0,0.6799999999999999
4820.0,0.44000000000000006
4821.0,0.6799999999999999
4822.0,0.8
4823.0,0.0399999999999997
4824.0,0.76
4825.0,0.8
4826.0,-1.16
4827.0,0.64
4828.0,0.72
4829.0,0.44000000000000006
4830.0,0.8
4831.0,-1.12
4832.0,0.6000000000000001
4833.0,0.72
4834.0,-1.4
4835.0,0.64
4836.0,0.23999999999999988
4837.0,-1.24
4838.0,0.8
4839.0,-0.36000000000000054
4840.0,0.76
4841.0,-1.32
4842.0,0.52
4843.0,0.6799999999999999
4844.0,0.76
4845.0,0.8
4846.0,0.52
4847.0,0.76
4848.0,0.36
4849.0,0.76
4850.0,-2.0
4851.0,0.72
4852.0,0.56
4853.0,-1.08
4854.0,-1.4000000000000012
4855.0,0.64
4856.0,0.76
4857.0,0.31999999999999995
4858.0,-2.16
4859.0,0.52
4860.0,0.8
4861.0,0.76
4862.0,-1.08
4863.0,0.0399999999999997
4864.0,0.6799999999999999
4865.0,0.8
4866.0,0.44000000000000006
4867.0,0.64
4868.0,0.4800000000000001
4869.0,0.44000000000000006
4870.0,0.6799999999999999
4871.0,0.8
4872.0,0.6000000000000001
4873.0,0.76
4874.0,-1.04
4875.0,-1.2
4876.0,0.64
4877.0,0.72
4878.0,0.72
4879.0,0.44000000000000006
4880.0,-0.36000000000000054
4881.0,-1.3599999999999999
4882.0,-1.16
4883.0,0.52
4884.0,0.6799999999999999
4885.0,0.72
4886.0,-1.08
4887.0,-1.48
4888.0,0.4800000000000001
4889.0,0.8
4890.0,0.6799999999999999
4891.0,0.72
4892.0,0.8
4893.0,0.4800000000000001
4894.0,0.52
4895.0,0.8
4896.0,-1.04
4897.0,0.76
4898.0,0.72
4899.0,-2.220446049250313e-16
4900.0,0.72
4901.0,-1.44
4902.0,0.6000000000000001
4903.0,0.56
4904.0,0.8
4905.0,-1.7200000000000002
4906.0,-1.0
4907.0,0.76
4908.0,0.6799999999999999
4909.0,0.72
4910.0,0.6799999999999999
4911.0,0.72
4912.0,-0.48000000000000065
4913.0,0.76
4914.0,0.56
4915.0,-2.8000000000000007
4916.0,0.72
4917.0,0.76
4918.0,0.72
4919.0,0.76
4920.0,-1.32
4921.0,0.72
4922.0,-1.12
4923.0,0.76
4924.0,0.76
4925.0,0.8
4926.0,0.6799999999999999
4927.0,0.6799999999999999
4928.0,-0.4000000000000006
4929.0,-1.08
4930.0,0.76
4931.0,0.8
4932.0,0.8
4933.0,0.2799999999999999
4934.0,0.8
4935.0,0.52
4936.0,0.64
4937.0,0.56
4938.0,0.64
4939.0,0.4800000000000001
4940.0,0.72
4941.0,0.56
4942.0,0.72
4943.0,0.72
4944.0,-0.24000000000000044
4945.0,-0.12000000000000033
4946.0,0.6799999999999999
4947.0,0.56
4948.0,0.76
4949.0,0.1599999999999998
4950.0,0.76
4951.0,0.56
4952.0,0.76
4953.0,0.72
4954.0,0.72
4955.0,0.56
4956.0,0.64
4957.0,0.36
4958.0,-0.24000000000000044
4959.0,0.8
4960.0,0.56
4961.0,0.36
4962.0,0.6000000000000001
4963.0,0.36
4964.0,0.8
4965.0,0.76
4966.0,-0.4400000000000006
4967.0,0.72
4968.0,0.8
4969.0,0.8
4970.0,0.64
4971.0,0.52
4972.0,0.6799999999999999
4973.0,0.64
4974.0,0.76
4975.0,0.64
4976.0,0.72
4977.0,0.6000000000000001
4978.0,0.8
4979.0,0.72
4980.0,0.6799999999999999
4981.0,0.56
4982.0,-2.12
4983.0,0.56
4984.0,0.76
4985.0,0.56
4986.0,0.4
4987.0,0.8
4988.0,0.56
4989.0,-1.24
4990.0,0.52
4991.0,0.76
4992.0,0.36
4993.0,-1.7600000000000002
4994.0,-1.08
4995.0,0.8
4996.0,0.44000000000000006
4997.0,0.56
4998.0,0.6799999999999999
4999.0,0.23999999999999988
5000.0,0.6000000000000001
5001.0,0.56
5002.0,0.72
5003.0,0.8
5004.0,-1.6
5005.0,0.6000000000000001
5006.0,0.07999999999999974
5007.0,0.56
5008.0,0.64
5009.0,0.72
5010.0,-1.12
5011.0,0.6799999999999999
5012.0,0.72
5013.0,-1.12
5014.0,-1.04
5015.0,0.64
5016.0,0.8
5017.0,0.52
5018.0,-1.52
5019.0,0.6799999999999999
5020.0,0.52
5021.0,0.72
5022.0,-1.0
5023.0,0.76
5024.0,0.8
5025.0,0.23999999999999988
5026.0,0.6799999999999999
5027.0,0.72
5028.0,0.6799999999999999
5029.0,0.64
5030.0,0.8
5031.0,0.72
5032.0,0.6799999999999999
5033.0,0.8
5034.0,0.4800000000000001
5035.0,0.76
5036.0,-2.220446049250313e-16
5037.0,0.6799999999999999
5038.0,0.64
5039.0,0.6799999999999999
5040.0,-1.28
5041.0,-1.52
5042.0,0.56
5043.0,0.6799999999999999
5044.0,0.72
5045.0,0.64
5046.0,0.8
5047.0,0.0399999999999997
5048.0,0.23999999999999988
5049.0,0.64
5050.0,0.4800000000000001
5051.0,0.6000000000000001
5052.0,-1.3599999999999999
5053.0,0.31999999999999995
5054.0,-1.2
5055.0,0.6799999999999999
5056.0,0.72
5057.0,0.72
5058.0,-1.04
5059.0,0.6799999999999999
5060.0,0.4800000000000001
5061.0,0.6799999999999999
5062.0,0.4800000000000001
5063.0,-1.7600000000000002
5064.0,-0.04000000000000026
5065.0,0.52
5066.0,0.6799999999999999
5067.0,0.8
5068.0,0.8
5069.0,0.76
5070.0,0.72
5071.0,-0.16000000000000036
5072.0,0.8
5073.0,0.76
5074.0,0.72
5075.0,0.72
5076.0,-3.240000000000001
5077.0,0.8
5078.0,0.56
5079.0,0.76
5080.0,0.31999999999999995
5081.0,-1.0
5082.0,0.76
5083.0,0.72
5084.0,0.31999999999999995
5085.0,0.64
5086.0,0.2799999999999999
5087.0,0.6000000000000001
5088.0,0.76
5089.0,0.6799999999999999
5090.0,0.07999999999999974
5091.0,0.6799999999999999
5092.0,0.56
5093.0,-1.32
5094.0,0.72
5095.0,0.8
5096.0,-1.6800000000000002
5097.0,0.52
5098.0,0.0399999999999997
5099.0,-1.08
5100.0,-1.2
5101.0,-1.8800000000000017
5102.0,0.6799999999999999
5103.0,0.4800000000000001
5104.0,-0.2000000000000004
5105.0,0.72
5106.0,0.8
5107.0,-3.160000000000001
5108.0,0.8
5109.0,0.4
5110.0,-1.8000000000000003
5111.0,0.4
5112.0,0.4800000000000001
5113.0,0.6000000000000001
5114.0,0.4800000000000001
5115.0,0.52
5116.0,0.8
5117.0,0.8
5118.0,-1.0
5119.0,0.64
5120.0,0.6799999999999999
5121.0,-1.32
5122.0,0.72
5123.0,-2.6400000000000023
5124.0,0.6799999999999999
5125.0,0.6000000000000001
5126.0,-3.4000000000000012
5127.0,0.31999999999999995
5128.0,-0.4000000000000006
5129.0,0.52
5130.0,0.8
5131.0,0.72
5132.0,0.64
5133.0,0.72
5134.0,-0.2000000000000004
5135.0,0.44000000000000006
5136.0,0.8
5137.0,0.6799999999999999
5138.0,0.76
5139.0,0.6799999999999999
5140.0,0.64
5141.0,0.6799999999999999
5142.0,0.6799999999999999
5143.0,0.72
5144.0,0.56
5145.0,0.4800000000000001
5146.0,0.8
5147.0,0.2799999999999999
5148.0,0.76
5149.0,0.72
5150.0,-0.0800000000000003
5151.0,0.64
5152.0,0.36
5153.0,0.72
5154.0,0.8
5155.0,-1.6400000000000015
5156.0,0.76
5157.0,0.64
5158.0,0.76
5159.0,0.64
5160.0,-1.0
5161.0,0.19999999999999984
5162.0,0.6000000000000001
5163.0,0.76
5164.0,0.6799999999999999
5165.0,-2.5200000000000005
5166.0,0.8
5167.0,0.8
5168.0,0.6000000000000001
5169.0,0.8
5170.0,0.8
5171.0,0.72
5172.0,0.8
5173.0,0.64
5174.0,0.72
5175.0,0.56
5176.0,0.8
5177.0,0.72
5178.0,-1.0
5179.0,0.72
5180.0,0.72
5181.0,0.8
5182.0,-1.28
5183.0,0.6000000000000001
5184.0,0.76
5185.0,0.8
5186.0,0.76
5187.0,0.4
5188.0,0.8
5189.0,0.8
5190.0,0.72
5191.0,-1.08
5192.0,0.31999999999999995
5193.0,0.6799999999999999
5194.0,0.19999999999999984
5195.0,0.8
5196.0,0.8
5197.0,-1.6400000000000001
5198.0,0.76
5199.0,0.6000000000000001
5200.0,0.64
5201.0,0.72
5202.0,0.72
5203.0,-1.0
5204.0,0.56
5205.0,0.0399999999999997
5206.0,0.8
5207.0,0.64
5208.0,0.72
5209.0,0.8
5210.0,-1.12
5211.0,0.8
5212.0,0.8
5213.0,-1.0
5214.0,0.6799999999999999
5215.0,0.64
5216.0,0.8
5217.0,-1.44
5218.0,0.6799999999999999
5219.0,0.72
5220.0,0.72
5221.0,0.64
5222.0,-1.0
5223.0,0.72
5224.0,0.64
5225.0,0.4800000000000001
5226.0,0.72
5227.0,0.72
5228.0,-1.3599999999999999
5229.0,-1.04
5230.0,0.8
5231.0,-1.12
5232.0,0.8
5233.0,0.52
5234.0,0.8
5235.0,0.8
5236.0,0.4
5237.0,0.8
5238.0,0.6000000000000001
5239.0,0.72
5240.0,-0.04000000000000026
5241.0,-1.6
5242.0,-1.48
5243.0,0.36
5244.0,0.72
5245.0,-1.0
5246.0,0.56
5247.0,0.72
5248.0,0.76
5249.0,0.8
5250.0,0.6799999999999999
5251.0,0.6000000000000001
5252.0,0.4
5253.0,-1.04
5254.0,-1.32
5255.0,-0.0800000000000003
5256.0,0.36
5257.0,0.8
5258.0,-1.3599999999999999
5259.0,0.76
5260.0,0.76
5261.0,0.64
5262.0,0.76
5263.0,0.52
5264.0,-1.32
5265.0,0.76
5266.0,0.8
5267.0,0.6000000000000001
5268.0,-1.08
5269.0,0.76
5270.0,0.4
5271.0,-1.6400000000000001
5272.0,0.8
5273.0,0.8
5274.0,0.6000000000000001
5275.0,-1.04
5276.0,0.72
5277.0,0.72
5278.0,0.6799999999999999
5279.0,0.8
5280.0,-1.2
5281.0,0.72
5282.0,-1.16
5283.0,0.8
5284.0,-0.16000000000000036
5285.0,0.64
5286.0,0.56
5287.0,-1.0
5288.0,0.6000000000000001
5289.0,0.56
5290.0,0.72
5291.0,-1.0
5292.0,0.72
5293.0,0.52
5294.0,0.76
5295.0,0.4
5296.0,0.4
5297.0,0.8
5298.0,-1.48
5299.0,0.8
5300.0,-2.220446049250313e-16
5301.0,0.56
5302.0,0.64
5303.0,0.6799999999999999
5304.0,-0.0800000000000003
5305.0,0.8
5306.0,0.8
5307.0,0.8
5308.0,0.8
5309.0,0.23999999999999988
5310.0,0.76
5311.0,0.72
5312.0,0.4800000000000001
5313.0,0.72
5314.0,0.52
5315.0,0.8
5316.0,0.72
5317.0,0.6799999999999999
5318.0,0.64
5319.0,0.72
5320.0,0.64
5321.0,0.8
5322.0,-1.4
5323.0,0.19999999999999984
5324.0,0.6799999999999999
5325.0,0.44000000000000006
5326.0,-0.5600000000000007
5327.0,0.8
5328.0,0.64
5329.0,0.72
5330.0,0.8
5331.0,0.6799999999999999
5332.0,0.72
5333.0,0.56
5334.0,0.72
5335.0,0.72
5336.0,0.4800000000000001
5337.0,0.52
5338.0,0.8
5339.0,-1.04
5340.0,0.72
5341.0,0.6000000000000001
5342.0,0.72
5343.0,0.4800000000000001
5344.0,0.8
5345.0,0.4
5346.0,0.8
5347.0,-0.36000000000000054
5348.0,0.6799999999999999
5349.0,-1.48
5350.0,0.07999999999999974
5351.0,0.72
5352.0,0.64
5353.0,0.8
5354.0,0.8
5355.0,0.72
5356.0,0.8
5357.0,0.76
5358.0,-1.2
5359.0,0.07999999999999974
5360.0,-1.0
5361.0,-1.8000000000000003
5362.0,0.6799999999999999
5363.0,-0.16000000000000036
5364.0,0.76
5365.0,-0.3200000000000005
5366.0,0.52
5367.0,0.4800000000000001
5368.0,0.56
5369.0,0.8
5370.0,0.4800000000000001
5371.0,0.76
5372.0,0.72
5373.0,0.64
5374.0,0.36
5375.0,0.8
5376.0,0.8
5377.0,-3.000000000000001
5378.0,0.72
5379.0,0.8
5380.0,0.8
5381.0,-1.16
5382.0,0.72
5383.0,0.72
5384.0,0.64
5385.0,0.19999999999999984
5386.0,-1.24
5387.0,-0.2000000000000004
5388.0,0.72
5389.0,0.6000000000000001
5390.0,0.64
5391.0,0.76
5392.0,0.8
5393.0,-1.16
5394.0,0.8
5395.0,0.72
5396.0,0.6799999999999999
5397.0,0.72
5398.0,0.76
5399.0,-0.4000000000000006
5400.0,0.6000000000000001
5401.0,0.8
5402.0,0.72
5403.0,0.4800000000000001
5404.0,0.56
5405.0,0.6799999999999999
5406.0,0.8
5407.0,0.6799999999999999
5408.0,0.8
5409.0,0.72
5410.0,-1.12
5411.0,0.64
5412.0,0.52
5413.0,0.56
5414.0,0.8
5415.0,0.64
5416.0,0.8
5417.0,-1.8000000000000003
5418.0,0.6799999999999999
5419.0,0.8
5420.0,0.64
5421.0,0.6799999999999999
5422.0,-0.6400000000000008
5423.0,0.72
5424.0,0.8
5425.0,-1.44
5426.0,0.4
5427.0,0.6799999999999999
5428.0,0.72
5429.0,0.6799999999999999
5430.0,0.8
5431.0,0.52
5432.0,0.6799999999999999
5433.0,0.76
5434.0,0.52
5435.0,0.6799999999999999
5436.0,-0.7200000000000009
5437.0,0.31999999999999995
5438.0,0.76
5439.0,0.76
5440.0,0.6000000000000001
5441.0,0.8
5442.0,0.8
5443.0,0.64
5444.0,-1.56
5445.0,0.72
5446.0,0.72
5447.0,0.6799999999999999
5448.0,0.76
5449.0,0.72
5450.0,0.6799999999999999
5451.0,0.8
5452.0,0.8
5453.0,0.6000000000000001
5454.0,0.64
5455.0,-1.52
5456.0,-1.32
5457.0,0.76
5458.0,0.6799999999999999
5459.0,-1.16
5460.0,-3.8000000000000016
5461.0,0.72
5462.0,0.8
5463.0,0.72
5464.0,0.4
5465.0,-1.28
5466.0,-1.04
5467.0,-1.08
5468.0,0.64
5469.0,0.52
5470.0,-1.24
5471.0,0.76
5472.0,0.1599999999999998
5473.0,0.6000000000000001
5474.0,0.23999999999999988
5475.0,0.44000000000000006
5476.0,0.6799999999999999
5477.0,0.8
5478.0,0.76
5479.0,0.2799999999999999
5480.0,0.64
5481.0,0.72
5482.0,0.52
5483.0,0.72
5484.0,0.72
5485.0,-1.2
5486.0,0.76
5487.0,0.56
5488.0,0.6799999999999999
5489.0,0.31999999999999995
5490.0,-1.0
5491.0,0.6799999999999999
5492.0,0.56
5493.0,-1.16
5494.0,0.72
5495.0,0.6799999999999999
5496.0,0.72
5497.0,-1.8000000000000003
5498.0,0.6799999999999999
5499.0,0.76
5500.0,-1.04
5501.0,0.76
5502.0,0.8
5503.0,-1.8000000000000003
5504.0,0.72
5505.0,0.23999999999999988
5506.0,0.2799999999999999
5507.0,0.56
5508.0,0.6000000000000001
5509.0,0.52
5510.0,0.6000000000000001
5511.0,0.8
5512.0,0.76
5513.0,0.76
5514.0,0.64
5515.0,-1.0
5516.0,-1.28
5517.0,0.4
5518.0,0.76
5519.0,0.56
5520.0,0.8
5521.0,0.6799999999999999
5522.0,-1.6
5523.0,0.8
5524.0,0.8
5525.0,0.6799999999999999
5526.0,0.6000000000000001
5527.0,0.56
5528.0,0.2799999999999999
5529.0,0.6799999999999999
5530.0,0.72
5531.0,-1.3599999999999999
5532.0,0.8
5533.0,-0.0800000000000003
5534.0,0.8
5535.0,0.19999999999999984
5536.0,0.56
5537.0,0.72
5538.0,0.76
5539.0,0.6000000000000001
5540.0,0.56
5541.0,0.76
5542.0,0.56
5543.0,0.6000000000000001
5544.0,-2.3200000000000003
5545.0,0.8
5546.0,-1.7200000000000002
5547.0,0.6799999999999999
5548.0,0.76
5549.0,0.8
5550.0,0.52
5551.0,0.72
5552.0,0.4800000000000001
5553.0,0.72
5554.0,0.72
5555.0,-1.12
5556.0,0.4800000000000001
5557.0,0.44000000000000006
5558.0,-1.12
5559.0,0.72
5560.0,0.8
5561.0,-1.4
5562.0,0.8
5563.0,0.52
5564.0,0.6799999999999999
5565.0,0.6799999999999999
5566.0,-1.2
5567.0,0.8
5568.0,0.8
5569.0,-5.160000000000003
5570.0,0.6799999999999999
5571.0,0.8
5572.0,-1.28
5573.0,0.8
5574.0,0.76
5575.0,-1.16
5576.0,0.72
5577.0,-2.220446049250313e-16
5578.0,0.8
5579.0,0.8
5580.0,-1.32
5581.0,-1.8800000000000003
5582.0,-1.08
5583.0,0.8
5584.0,0.76
5585.0,0.72
5586.0,0.6000000000000001
5587.0,0.6799999999999999
5588.0,0.8
5589.0,0.64
5590.0,0.56
5591.0,0.76
5592.0,0.6799999999999999
5593.0,0.64
5594.0,0.8
5595.0,-1.7600000000000002
5596.0,0.76
5597.0,0.64
5598.0,0.52
5599.0,0.72
5600.0,0.8
5601.0,0.72
5602.0,0.64
5603.0,0.8
5604.0,0.6799999999999999
5605.0,0.76
5606.0,0.64
5607.0,0.8
5608.0,0.72
5609.0,0.64
5610.0,0.72
5611.0,0.76
5612.0,0.23999999999999988
5613.0,0.23999999999999988
5614.0,0.72
5615.0,0.6799999999999999
5616.0,0.8
5617.0,0.76
5618.0,-1.6
5619.0,0.64
5620.0,0.72
5621.0,0.72
5622.0,-1.12
5623.0,0.8
5624.0,0.31999999999999995
5625.0,0.76
5626.0,0.6799999999999999
5627.0,0.76
5628.0,0.52
5629.0,0.44000000000000006
5630.0,0.1599999999999998
5631.0,0.8
5632.0,0.72
5633.0,0.72
5634.0,0.4800000000000001
5635.0,-1.3599999999999999
5636.0,0.6000000000000001
5637.0,0.6799999999999999
5638.0,-1.08
5639.0,-1.0
5640.0,0.52
5641.0,0.6799999999999999
5642.0,0.72
5643.0,0.8
5644.0,0.44000000000000006
5645.0,0.72
5646.0,0.72
5647.0,-1.16
5648.0,0.6799999999999999
5649.0,0.72
5650.0,-1.2
5651.0,0.72
5652.0,0.6799999999999999
5653.0,-1.3599999999999999
5654.0,0.6000000000000001
5655.0,0.6000000000000001
5656.0,-1.08
5657.0,0.11999999999999977
5658.0,-1.24
5659.0,0.64
5660.0,0.64
5661.0,0.64
5662.0,0.64
5663.0,0.56
5664.0,0.52
5665.0,-1.24
5666.0,0.8
5667.0,0.76
5668.0,-1.240000000000001
5669.0,0.6799999999999999
5670.0,0.8
5671.0,-1.28
5672.0,0.6799999999999999
5673.0,0.64
5674.0,0.72
5675.0,0.36
5676.0,0.64
5677.0,0.8
5678.0,0.6000000000000001
5679.0,0.56
5680.0,-0.3200000000000005
5681.0,0.8
5682.0,-1.6400000000000001
5683.0,0.0399999999999997
5684.0,-1.4
5685.0,0.64
5686.0,-1.0
5687.0,0.72
5688.0,0.6799999999999999
5689.0,0.52
5690.0,0.6799999999999999
5691.0,0.8
5692.0,-1.4
5693.0,0.72
5694.0,0.8
5695.0,-1.04
5696.0,0.76
5697.0,0.6799999999999999
5698.0,0.52
5699.0,0.4800000000000001
5700.0,-0.04000000000000026
5701.0,0.8
5702.0,0.19999999999999984
5703.0,-0.8000000000000009
5704.0,-0.04000000000000026
5705.0,0.76
5706.0,-1.8000000000000003
5707.0,0.64
5708.0,0.72
5709.0,-0.6000000000000008
5710.0,0.72
5711.0,0.76
5712.0,-2.220446049250313e-16
5713.0,0.76
5714.0,-8.000000000000005
5715.0,0.72
5716.0,0.6000000000000001
5717.0,0.44000000000000006
5718.0,-1.16
5719.0,0.72
5720.0,0.76
5721.0,0.8
5722.0,-1.0
5723.0,0.8
5724.0,0.6799999999999999
5725.0,0.8
5726.0,0.52
5727.0,0.64
5728.0,-1.08
5729.0,0.8
5730.0,0.6799999999999999
5731.0,-1.04
5732.0,0.72
5733.0,0.6799999999999999
5734.0,0.72
5735.0,-1.08
5736.0,0.72
5737.0,0.76
5738.0,-1.52
5739.0,0.64
5740.0,0.64
5741.0,0.8
5742.0,-1.12
5743.0,0.72
5744.0,0.72
5745.0,0.8
5746.0,-1.08
5747.0,-2.4800000000000004
5748.0,0.56
5749.0,0.72
5750.0,0.6799999999999999
5751.0,0.76
5752.0,-1.16
5753.0,0.4800000000000001
5754.0,-0.5600000000000007
5755.0,0.6799999999999999
5756.0,-2.440000000000002
5757.0,-3.6400000000000015
5758.0,0.6799999999999999
5759.0,0.2799999999999999
5760.0,0.72
5761.0,0.6799999999999999
5762.0,-1.2
5763.0,0.76
5764.0,0.6000000000000001
5765.0,0.76
5766.0,0.76
5767.0,0.6799999999999999
5768.0,-1.12
5769.0,0.76
5770.0,0.8
5771.0,0.76
5772.0,0.64
5773.0,0.64
5774.0,0.8
5775.0,0.72
5776.0,0.76
5777.0,0.36
5778.0,0.6799999999999999
5779.0,0.52
5780.0,-1.08
5781.0,0.6799999999999999
5782.0,0.19999999999999984
5783.0,0.52
5784.0,-1.44
5785.0,0.11999999999999977
5786.0,-1.24
5787.0,0.76
5788.0,-1.9600000000000017
5789.0,0.23999999999999988
5790.0,0.56
5791.0,-1.16
5792.0,-2.2800000000000002
5793.0,-1.08
5794.0,0.4800000000000001
5795.0,0.52
5796.0,-1.04
5797.0,0.64
5798.0,0.6799999999999999
5799.0,0.8
5800.0,0.56
5801.0,0.6000000000000001
5802.0,0.72
5803.0,-1.6400000000000001
5804.0,0.8
5805.0,0.6799999999999999
5806.0,-2.220446049250313e-16
5807.0,0.72
5808.0,0.36
5809.0,0.76
5810.0,0.76
5811.0,0.56
5812.0,0.8
5813.0,0.52
5814.0,0.64
5815.0,-1.12
5816.0,0.8
5817.0,0.8
5818.0,-1.9600000000000004
5819.0,-1.28
5820.0,-1.3600000000000012
5821.0,0.6799999999999999
5822.0,0.72
5823.0,0.8
5824.0,-1.12
5825.0,0.8
5826.0,-1.3599999999999999
5827.0,0.64
5828.0,0.8
5829.0,0.72
5830.0,0.64
5831.0,0.31999999999999995
5832.0,0.76
5833.0,0.52
5834.0,0.72
5835.0,-1.16
5836.0,0.76
5837.0,-2.16
5838.0,0.8
5839.0,0.8
5840.0,0.76
5841.0,0.72
5842.0,0.6799999999999999
5843.0,0.72
5844.0,-1.2
5845.0,0.8
5846.0,-1.12
5847.0,0.72
5848.0,0.36
5849.0,0.56
5850.0,0.6000000000000001
5851.0,-1.08
5852.0,0.1599999999999998
5853.0,0.8
5854.0,0.07999999999999974
5855.0,0.4800000000000001
5856.0,-1.2
5857.0,0.8
5858.0,0.6799999999999999
5859.0,0.72
5860.0,0.64
5861.0,-1.04
5862.0,0.76
5863.0,-1.3599999999999999
5864.0,0.76
5865.0,0.72
5866.0,0.8
5867.0,0.6000000000000001
5868.0,0.52
5869.0,0.72
5870.0,0.11999999999999977
5871.0,0.6000000000000001
5872.0,0.36
5873.0,0.6799999999999999
5874.0,0.72
5875.0,0.72
5876.0,-1.0
5877.0,0.8
5878.0,0.72
5879.0,-1.56
5880.0,0.6799999999999999
5881.0,0.52
5882.0,-1.8000000000000003
5883.0,0.52
5884.0,0.8
5885.0,-1.28
5886.0,0.72
5887.0,0.4800000000000001
5888.0,0.6000000000000001
5889.0,0.64
5890.0,0.6000000000000001
5891.0,0.8
5892.0,0.72
5893.0,0.44000000000000006
5894.0,0.8
5895.0,0.72
5896.0,0.64
5897.0,-1.44
5898.0,0.72
5899.0,0.6000000000000001
5900.0,0.6000000000000001
5901.0,0.8
5902.0,0.76
5903.0,0.8
5904.0,-0.24000000000000044
5905.0,0.23999999999999988
5906.0,0.1599999999999998
5907.0,0.44000000000000006
5908.0,0.56
5909.0,0.72
5910.0,0.6799999999999999
5911.0,0.72
5912.0,0.76
5913.0,0.6799999999999999
5914.0,0.64
5915.0,0.72
5916.0,0.6799999999999999
5917.0,0.8
5918.0,0.72
5919.0,0.8
5920.0,0.6000000000000001
5921.0,0.6000000000000001
5922.0,0.4800000000000001
5923.0,0.64
5924.0,-2.3600000000000003
5925.0,0.76
5926.0,-0.4400000000000006
5927.0,0.72
5928.0,0.64
5929.0,0.6799999999999999
5930.0,0.76
5931.0,0.8
5932.0,0.56
5933.0,0.4
5934.0,0.72
5935.0,0.6799999999999999
5936.0,0.72
5937.0,0.6799999999999999
5938.0,0.6000000000000001
5939.0,0.44000000000000006
5940.0,0.64
5941.0,0.8
5942.0,0.76
5943.0,0.8
5944.0,0.8
5945.0,0.76
5946.0,0.72
5947.0,0.8
5948.0,-2.360000000000002
5949.0,0.4
5950.0,0.8
5951.0,0.31999999999999995
5952.0,-1.2
5953.0,0.36
5954.0,0.6799999999999999
5955.0,0.6000000000000001
5956.0,0.64
5957.0,0.64
5958.0,-0.6800000000000008
5959.0,-1.2
5960.0,0.4800000000000001
5961.0,0.8
5962.0,0.72
5963.0,0.4800000000000001
5964.0,0.6000000000000001
5965.0,0.76
5966.0,-1.12
5967.0,0.56
5968.0,0.8
5969.0,0.64
5970.0,-1.08
5971.0,0.8
5972.0,-0.7200000000000009
5973.0,0.1599999999999998
5974.0,0.44000000000000006
5975.0,0.6799999999999999
5976.0,0.64
5977.0,0.8
5978.0,0.6799999999999999
5979.0,0.64
5980.0,0.31999999999999995
5981.0,0.44000000000000006
5982.0,0.8
5983.0,0.4
5984.0,0.6799999999999999
5985.0,0.4800000000000001
5986.0,0.72
5987.0,0.76
5988.0,0.8
5989.0,0.56
5990.0,0.8
5991.0,-1.0
5992.0,0.64
5993.0,0.6000000000000001
5994.0,0.8
5995.0,0.64
5996.0,-1.12
5997.0,-1.0
5998.0,0.8
5999.0,0.8
