0
164002
553789
815371
1547423
2129255
2557610
2987891
3492000
3854984
4337001
5207542
5384277
5727987
6195471
6677149
7119383
7367716
7769293
8328921
8746167
9024001
9345635
9586666
9908343
10665953
11117016
11664303
12414491
12724022
13056082
13510885
14061090
14555647
15159684
15645037
15972287
16287838
16509551
16643617
16971954
17148443
17455865
17705245
17932660
18045363
18272575
19570429
19392965
19579482
19680371
19682763
19921443
20110752
20255120
20423075
20804358
21349515
21654789
22145717
22684716
23230169
23495383
23946891
24260849
24421880
24575577
24731545
24931667
25103213
25413384
25819243
26123441
26620089
27005717
27601535
28289682
29136577
29724247
29910666
29915294
29917914
29933238
29936446
29963461
30537644
31205455
31472824
31794574
31963547
32302429
32371411
32408053
32508720
32563110
32710611
33089673
33204585
33755045
33815643
34335437
34460300
34631782
34677507
34648807
34731216
35039216
35194539
35767417
35864733
36266776
36614752
36744097
36815148
37070508
37759995
37975989
38370620
38370492
38370501
38370557
38233555
38685185
38885409
39065645
39145801
43123124
43187936
43450320
43479789
44071431
44150391
44209906
44270395
44300571
44374881
44440731
44485592
44540483
44604662
44661931
44657387
44893621
45105559
45192116
45635023
45840468
46096008
46678554
46835736
46870220
47063234
47137232
47191483
47388962
47485233
47600070
47667815
47983122
48111019
48353731
48561046
48646030
48789214
49383814
49521477
49644493
49731574
49918923
50164437
50259375
50345606
50370070
50385374
50419078
50473835
50523613
50600558
50732309
50810210
50907393
51079317
51434912
51543540
51845956
52103959
52482016
52634935
52943888
53231095
53701240
54179921
54417096
54527313
54597979
54757883
54690648
54858842
54986886
55023976
55101204
55543111
55838494
56110773
56528248
56950467
56983515
57014642
57370704
57454858
58411706
57726136
57952250
58105053
58198722
58317597
58570939
58446619
58548903
58678667
58982432
59749410
59871362
59956794
60027538
60085010
60268420
60324837
60374988
61377771
60939005
60932968
60727289
60731203
60733526
60733806
60737995
60741422
60744176
60744614
60746653
60749808
60750139
60752578
60751625
60755033
60756138
60759225
60759877
60761668
60762934
60762902
60763285
60765104
60766104
60766965
60767868
60768290
60767535
60770123
60770782
60772566
60772808
60777006
60778018
60778058
60779267
60779673
60780401
60781176
60780836
60782637
60782865
60784921
60784921
60786351
60787372
60788249
60790034
60791675
60792673
60793470
60791706
60794797
60795562
60796229
60797164
60798688
60798945
60798132
60800430
60799804
60800330
60802841
60805365
60805676
60806990
60807754
60806536
60807372
60807630
60808959
60810637
60811966
60812903
60813067
60813869
60812593
60814061
60818483
60818287
60820128
60819052
60820655
60820085
60820595
60820416
60822708
60821863
60823595
60824064
60824513
60822794
60826972
60828263
60827746
60829212
60829607
60828681
60830277
60830811
60831364
60829631
60830458
60831385
60831974
60834012
60834111
60834483
60832880
60840515
60836951
60836933
60837337
60838461
60838044
60838799
60839527
60840353
60844622
60842183
60843136
60842285
60842849
60846683
60843140
60847910
60846997
60847436
60849219
60849775
60850351
60849049
60850796
60851575
60852187
60852660
60851035
60853233
60853799
60854724
60855126
60857807
60858101
60859180
60858489
60858600
60860474
60859996
60864958
60865707
60866287
60861308
60863517
60862785
60862999
60865260
60865382
60868532
60869065
60867522
60873951
60870250
60870873
60871326
60870344
60870934
60871081
60871965
60873838
60873308
60873266
60873645
60880469
60877702
60879623
60878963
60879355
60880784
60880938
60881922
60881327
60882429
60881783
60882769
60882916
60884303
60884920
60883735
60883946
60888758
60887412
60887997
60890327
60890692
60891261
60891923
60891023
60890613
60898204
60891956
60892960
60893451
60893772
60895280
60895411
60898991
60899509
60898156
60898294
60906301
60899591
60899977
60902178
60901089
60902185
60909239
60909350
60904236
60903815
60904894
60905578
60908558
60908893
60909281
60908180
60908181
60917122
60909885
60910631
60911682
60911497
60913100
60912292
60913749
60913488
60914736
60915268
60918412
60917512
60917190
60918599
60918080
60918641
60920813
60921243
60921462
60920766
60921271
60921580
60923204
60923728
60924147
60924761
60927664
60927846
60927279
60928896
60929109
60928300
60930187
60929779
60930376
60930632
60930788
60932412
60933189
60931649
60932263
60934027
60937168
60936839
60937610
60937525
60937797
60939421
60938651
60948096
60939093
60940894
60941433
60941802
60942484
60941637
60942145
60942315
60946681
60947305
60947584
60948096
60948437
60949573
60949924
60950317
60949070
60949064
60959816
60960395
60950742
60952620
60953087
60951792
60956638
60957126
60957490
60957834
60956943
60956814
60957055
60959537
60958681
60960342
60959759
60960116
60960267
60961935
60962313
60963011
60965191
60966300
60966860
60967153
60967606
60966448
60966330
60966807
60978476
60978895
60970116
60970452
60970811
60971270
60971751
60972307
60975250
60975717
60976175
60976591
60976935
60976130
60976097
60977046
60977373
60979121
60978334
60979132
60980263
60980816
60981109
60981634
60982619
60983773
60984268
60984584
60984963
60985358
60985709
60986180
60986510
60988257
60987548
60987991
60988356
61000852
60989338
60989394
60992552
60992941
60995169
60994458
60994888
60996635
60995442
61008311
60998039
60998390
60998830
60999273
60998945
61010811
61011360
61011974
61012297
61015363
61015978
61016412
61003956
61004335
61004737
61006457
61006880
61005755
61007628
61008248
61008688
61009220
61009547
61009888
61010304
61013360
61012626
61012438
61013107
61013386
61013788
61027684
61028191
61028626
61029176
61029410
61029802
61018454
61018819
61017538
61018437
61021423
61022895
61023362
61023829
61022647
61036715
61023672
61037720
61023933
61024247
61024649
61025282
61026333
61027667
61028090
61027169
61028912
61044976
61045387
61045742
61046166
61046619
61047090
61047493
61033613
61048416
61048841
61049340
61050543
61050875
61051199
61036859
61038524
61042063
61042413
61041450
61056894
61057330
61057701
61058087
61058557
61058808
61059265
61044975
61044977
61045305
61045649
61046871
61047136
61047603
61050285
61065964
61066311
61066585
61051562
61052706
61052529
61053264
61068989
61069312
61069819
61055343
61070565
61055534
61057262
61056471
61059585
61059459
61060239
61075752
61060933
61061992
61062436
61062982
61063121
61064634
61065013
61065074
61065504
61065810
61081139
61081508
61081873
61085050
61085269
61069945
61085931
61070735
61072530
61072908
61073338
61073626
61088658
61074578
61075120
61090508
61090747
61091262
61091673
61092033
61095180
61095581
61096007
61096503
61096809
61080005
61082104
61097965
61081060
61081527
61084048
61084392
61084752
61085168
61085584
61085949
61105219
61089871
61089107
61089639
61089966
61090535
61091205
61092255
61092907
61093316
61093052
61094135
61094842
61094849
61095098
61094757
61094204
61112382
61097280
61115680
61115976
61116253
61116944
61117251
61117616
61118275
61118672
61104387
61102781
61120065
61120438
61120817
61121233
61103225
61106281
61106711
61107280
61107645
61107986
61108720
61110991
61109132
61111602
61112062
61112529
61111261
61113388
61113742
61114172
61114434
61115285
61117896
61118312
61118844
61119195
61118103
61118660
61119670
61119618
61119815
61119221
61121844
61139740
61140062
61121078
61122238
61124086
61124474
61125663
61126130
61146006
61146405
61146324
61126940
61127458
61127823
61148160
61129512
61130953
61131262
61130173
61131056
61132716
61132431
61133414
61136441
61136959
61136236
61136583
61136775
61138853
61138689
61137499
61137905
61140238
61140746
61140410
61139214
61141705
61141115
61142485
61142822
61145878
61146294
61146840
61147321
61167251
61148347
61149143
61149578
61168944
61148475
61149761
61151456
61151858
61152150
61152426
61152841
61152345
61156581
61176199
61176482
61156314
61158132
61158434
61159169
61178658
61178774
61157819
61158636
61160948
61161271
61161703
61162047
61162448
61182467
61164919
61165832
61165166
61165480
61187504
61187776
61188167
61188473
61188926
61189507
61167928
61168381
61169156
61169969
61171657
61172124
61175245
61175568
61175888
61176148
61175209
61175885
61177289
61177646
61198673
61199035
61176875
61178894
61179621
61180043
61180647
61180743
61179934
61183062
61183547
61183918
61185345
61185668
61184808
61186948
61186345
61187346
61186370
61209532
61209815
61187062
61210118
61189791
61188811
61188445
61193459
61193773
61193071
61193978
61195266
61195316
61217425
61194554
61195100
61218491
61195558
61196207
61198413
61198973
61199347
61199130
61199902
61202942
61203409
61203774
61202859
61203491
61203958
61205334
61204367
61228465
61205638
61206272
61206739
61207711
61207818
61210017
61210368
61235331
61213304
61212527
61213066
61213895
61214800
61214956
61213637
61216086
61216443
61215835
61215868
61217650
61217879
61216874
61216813
61217154
61217786
61222748
61222987
61223393
61222584
61222860
61224735
61248139
61225533
61224609
61227633
61241257
61242326
61242269
61244352
61243140
61243793
61268682
61246225
61248822
61249759
61248844
61249796
61249237
61274881
61249750
61250142
61252601
61253047
61253807
61252323
61254402
61254594
61279097
61253777
61258880
61259498
61259142
61283945
61260647
61260919
61260258
61261372
61262177
61286959
61261950
61263679
61263992
61264276
61264719
61265356
61290029
61292943
61267792
61269603
61269923
61270835
61269675
61271303
61269903
61296526
61270388
61271302
61273085
61273464
61272679
61273290
61274475
61299996
61276595
61278288
61277821
61279538
61278008
61279269
61305153
61280843
61279831
61281442
61280644
61281241
61283021
61281548
61308744
61284060
61309507
61284561
61286588
61288295
61286988
61314434
61287408
61289936
61290250
61290570
61289677
61290346
61292088
61290746
61318201
61291139
61293599
61293929
61296784
61298068
61297707
61297878
61325789
61297986
61300507
61301041
61301258
61300372
61301396
61302302
61329087
61301193
61303867
61304324
61304404
61306315
61308045
61306573
61335304
61335383
61307906
61309923
61308621
61337130
61311147
61310506
61311767
61312669
61311307
61313038
61311498
61313487
61316546
61315906
61317535
61316316
61345004
61318517
61318953
61317960
61346791
61319373
61347535
61320120
61321257
61321795
61321361
61321295
61322962
61324140
61324247
61326631
61354722
61327708
61328087
61327685
61328528
61328544
61357373
61328133
61330722
61330649
61330083
61331169
61331910
61360400
61331017
61336360
61335216
61336571
61336968
61336314
61365871
61334124
61336606
61337001
61337280
61336239
61338142
61336595
61367025
61339106
61338452
61339620
61371369
61341353
61372050
61344143
61344469
61344803
61344056
61345604
61344745
61346270
61375677
61345285
61347782
61348146
61348430
61347758
61348054
61381470
61352049
61353207
61353633
61352575
61354066
61353520
61353881
61384525
61354364
61354176
61356598
61357551
61356305
61357985
61356585
61388065
61360393
61362208
61362658
61361586
61392556
61362781
61362348
61393773
61363118
61365208
61365606
61364873
61365406
61366895
61367342
61366379
61397592
61371027
61401246
61371849
61372412
61371375
61372881
61373417
61372702
61373774
61406119
61374799
61374372
61376889
61377275
61377797
61377313
61378307
61411855
61381720
61381592
61380494
61381465
61412046
61379976
61382081
61381829
61380682
61380925
61412383
61379889
61380417
61381816
61382122
61380268
61380585
61381467
61412043
61381791
61382169
61380737
61381366
61412014
61381875
61381787
61381800
61380833
61381849
61412572
61380164
61382393
61381683
61380850
61381425
61381833
61412457
61382085
61382053
61381209
61412580
61379846
61382310
61412312
61382013
61380872
61382270
61380548
61380271
61382306
61381687
61380781
61412799
61380671
61382574
61382041
61381082
61381731
61412994
61380536
61412777
61382723
61382447
61381330
61382421
61412930
61380586
61380954
61382654
61382662
61382524
61381710
61382391
61413133
61382983
61382889
61383056
61382942
61381320
61383039
61381854
61382857
61413519
61383276
61382505
61381952
61383385
61413912
61381322
61381625
61383282
61383785
61382287
61381082
61382068
61381822
61383257
61382149
61383494
61413636
61383427
61383408
61381213
61382232
61383118
61413913
61381952
61383476
61383501
61382376
61383402
61381789
61414254
61382126
61383762
61383655
61383766
61383933
61414223
61383912
61382628
61413977
61383963
61383875
61382519
61383703
61414426
61382813
61384182
61383818
61382789
61382702
61414019
61383935
61383796
61383774
61382793
61383851
61414381
61382628
61384039
61384031
61382896
61384144
61414665
61382128
61414477
61384252
61384176
61383171
61384472
61416048
61385869
61416392
61385909
61384680
61385699
61385896
61416208
61386041
61386011
61386102
61385135
61385832
61416282
61386284
61386124
61384809
61385081
61384397
61384916
61384121
61386333
61386116
61386237
61385602
61386350
61386461
61385313
61386624
61385380
61386662
61417104
61384595
61386716
61387030
61385549
61386455
61417095
61386705
61385686
61385658
61386507
61417054
61386694
61386756
61386800
61386262
61386762
61417361
61386919
61386376
61385638
61386816
61417556
61385096
61387376
61387166
61387242
61386094
61417861
61385462
61387576
61387546
61387277
61386253
61386179
61417958
61387719
61386941
61386261
61387273
61385671
61385753
61387520
61387686
61386371
61386688
61387340
61385630
61387788
61387848
61386436
61386694
61418296
61385952
61388113
61388450
61387704
61386204
61388302
61387618
61418448
61385819
61387781
61387703
61386763
61387835
61387521
61385989
61386415
61388058
61387988
61386980
61387968
61418460
61386962
61388331
61386810
61387418
61418770
61389807
61388364
61388157
61386852
61388319
61418748
61387033
61386828
61388266
61388268
61387185
61386545
61418438
61388207
61388337
61418574
61386640
61386702
61388407
61387524
61386860
61418720
61388676
61388618
61386451
61387784
61418859
61387431
61388684
61388467
61387240
61388290
61387263
61386554
61388520
61388495
61387442
61387192
61388675
61387534
61388796
61419291
61389007
61388841
61388816
61389036
61387929
61388983
61387555
61388972
61387832
61387735
61419393
61389251
61389248
61388078
61388957
61419483
61389537
61387966
61389380
61388359
61419904
61389636
61389548
61389635
61419818
61389543
61420023
61391488
61391344
61389760
61391485
61421877
61390690
61391530
61390379
61391915
61422277
61389850
61392138
61391852
61390653
61391730
61422276
61390271
61390666
61391912
61391796
61392137
61422123
61392058
61392072
61392103
61391497
61390447
61392097
61391474
61422692
61390131
61392257
61392224
61391546
61391889
61422603
61390598
61392324
61392203
61392112
61391925
61390235
61392249
61391016
61422847
61390924
61392530
61391105
61392282
61422608
61392466
61392301
61392356
61422741
61391240
61392441
61392341
61391237
61392253
61422912
61390565
61392537
61392437
61391432
61392421
61390952
61390869
61393117
61392152
61423376
61390888
61391583
61392883
61392826
61391730
61391609
61423600
61391187
61393324
61393080
61391928
61391864
61423677
61391963
61393204
61392012
61393381
61391141
61393227
61393306
61391207
61393367
61391963
61392337
61391844
61423793
61423835
61393754
61392986
61392313
61393395
61423985
61392447
61393600
61392271
61393759
61424290
61392223
61393880
61394159
61392648
61392107
61423884
61392549
61393709
61392431
61393844
61424181
61392613
61392408
61394026
61392711
61394360
61424693
61392186
61394275
61392703
61392924
61393917
61392196
61394138
61392761
61394222
61393965
61424593
61394353
61394209
61424312
61392723
61392635
61394291
61392911
61393583
61394422
61393325
61394122
61393029
61393075
61393169
61392995
61394683
61393310
61394367
61425023
61394815
61394730
61392693
61394684
61393648
61393083
61392827
61394940
61394696
61394197
61393189
61425188
61394659
61394839
61395164
61425356
61393577
61395162
61395116
61394023
61394871
61394455
61425602
61395450
61395529
61395504
61395203
61425759
61394096
61395529
61394231
61395730
61426202
61393680
61395893
61425993
61395777
61395811
61426127
61395893
61394228
61395775
61395691
61394598
61394424
61426060
61394522
61395867
61396313
61395184
61395908
61397712
61396040
61396166
61397669
61396546
61397566
61428213
61396726
61396034
61397965
61397873
61396840
61396296
61395977
61396830
61398246
61396925
61397673
61428545
61398155
61398091
61396748
61397955
61396162
61398327
61398191
61398247
61397012
61398082
61428800
61398403
61398318
61398258
61397824
61429080
61397773
61398581
61397799
61398710
61398538
61397515
61398394
61428890
61398618
61398591
61397529
61398285
61397545
61397238
61398706
61397377
61397622
61429281
61398978
61398938
61397537
61398670
61429099
61399039
61398978
61398708
61398665
61398978
61397790
61398713
61429441
61397940
61398621
61398058
61397817
61429460
61397922
61399123
61399098
61398202
61429710
61397225
61399266
61397865
61398137
61397593
61429759
61399477
61399396
61399218
61398237
61399085
61401136
61399105
61399476
61399430
61399711
61398454
61399404
61429961
61399866
61399706
61399538
61398670
61398129
61399828
61399726
61398678
61398665
61430254
61398678
61399930
61399895
61399303
61430578
61430263
61400275
61400139
61398861
61399546
61398307
61400264
61400177
61430665
61399284
61400287
61398666
61400504
61400410
61399862
61398738
61430706
61399069
61400575
61399576
61400615
61430722
61400560
61400448
61399218
61400590
61399063
61400247
61430855
61400520
61400035
61399322
61400287
61430847
61430859
61399309
61398906
61430905
61400626
61400663
61398987
61399862
61400772
61399491
61399756
61431387
61399687
61430934
61399444
61399160
61431053
61399282
61400782
61400921
61400301
61431523
61399030
61401007
61401450
61399898
61400770
61402265
61402714
61432968
61400842
61403221
61401714
61402741
61401899
61403313
61401779
61401176
61401144
61403432
61402853
61401989
61401803
61402478
61403744
61403602
61402635
61403418
61434052
61403869
61403897
61402483
61403981
61434429
61402736
61403835
61403757
61403118
61434398
61401878
61403994
61404040
61402851
61404147
61434419
61404044
61403970
61403945
61403009
61434765
61402130
61404270
61402872
61404432
61402627
61434616
61404490
61404723
61402852
61402875
61434791
61402940
61404525
61405196
61406188
61436617
61406578
61406442
61405233
61406122
61406462
61405232
61406365
61437101
61405472
61406473
61406678
61405298
61406462
61405065
61406755
61404770
61406982
61407148
61406382
61405484
61405533
61407139
61407379
61405965
61407269
61406989
61405416
61407505
61407336
61406277
61407245
61405450
61407542
61407481
61406406
61405838
61407454
61406107
61437912
61408032
61406741
61407589
61438097
61406316
61407945
61406596
61408060
61438519
61405945
61408085
61407672
61407940
61407108
61406325
61408087
61406247
61408329
61406965
61408563
61408230
61408080
61406391
61408576
61408875
61407269
61406605
61438642
61407737
61408134
61406730
61406456
61408545
61406446
61407512
61439385
61407556
61406681
61408777
61406917
61407558
61407696
61408736
61407077
61409166
61409045
61409241
61409060
61409158
61439765
61407932
61409452
61408291
61409235
61407684
61407716
61409667
61409545
61409646
61408679
61409541
61439979
61409405
61409834
61409076
61407766
61409711
61409686
61408565
61408165
61440296
61408441
61410105
61409860
61408818
61409666
61409668
61410190
61410066
61409450
61440550
61408998
61409874
61410331
61410533
61440857
61409166
61440746
61410284
61408700
61410607
61409272
61408795
61440743
61408966
61410428
61409295
61410317
61409109
61440686
61410410
61410726
61409559
61410681
61409122
61408853
61410904
61410848
61409918
61409262
61441197
61411053
61410888
61410761
61410396
61441503
61409095
61411088
61411039
61409969
61410817
61409869
61441658
61411331
61410050
61411084
61441604
61411479
61411329
61410016
61411452
61413116
61441589
61411502
61411518
61410508
61411421
61442129
61410375
61442129
61411733
61410438
61411480
61410720
61409894
61411811
61411782
61410157
61410888
61412078
61411819
61410637
61411608
61442293
61410403
61412217
61442733
61412157
61412298
61412245
61442850
61410866
61412397
61443042
61410653
61412715
61412474
61411637
61411093
61442994
61411331
61412814
61411386
61411688
61411093
61443037
61412902
61412742
61411670
61412453
61412301
61412996
61412762
61412743
61412124
61411140
61410884
61412898
61411788
61411790
61411852
61413030
61412015
61412911
61443505
61413301
61413114
61412028
61413023
61443548
61413320
61411145
61413129
61412121
61443665
61413330
61443534
61412105
61443745
61413506
61413394
61412137
61413543
61443569
61446273
61415755
61415896
61415500
61413852
61415989
61416096
61414818
61414274
61415255
61416131
61414566
61414790
61446497
61414857
61416163
61414845
61416140
61414474
61414218
61414751
61416295
61415037
61414469
61414862
61416296
61416160
61414879
61416528
61446898
61414303
61416679
61416519
61416494
61415779
61446757
61414845
61416246
61416522
61415845
61415650
61414786
61417095
61416909
61416276
61447461
61415798
61417031
61417068
61416423
61416939
61415966
61447364
61416927
61416394
61416880
61417350
61417212
61416300
61415683
61415304
61417568
61417313
61416312
61415800
61416110
61417451
61417344
61417469
61416342
61448129
61417729
61417573
61416545
61417814
61415919
61417888
61416596
61417041
61448376
61416044
61418099
61417802
61416831
61417758
61416113
61418202
61416800
61417375
61448714
61416581
61418405
61417196
61418270
61418408
61416442
61418425
61417144
61418728
61448967
61416566
61418830
61419085
61418668
61417143
61416739
61418831
61417619
61418588
61418380
61418714
61418441
61416775
61449199
61419222
61418961
61449532
61417403
61419265
61419134
61418504
61449453
61419197
61449017
61418962
61419328
61449648
61449648
61419240
61419270
61419200
61417797
61418138
61419706
61419547
61418676
61419503
61449990
61419727
61419584
61418560
61419562
61450133
61420117
61419967
61419945
61418397
61420154
61419093
61420027
61418428
61420296
61420335
61419191
61418893
61420011
61420362
61420452
61419859
61420268
61420153
61420822
61420748
61419874
61419288
61422597
61451181
61421185
61421128
61451330
61421062
61420845
61421114
61419536
61420934
61420838
61419095
61451262
61421169
61421001
61421308
61451387
61451251
61421098
61420473
61451692
61451322
61421154
61421381
61451417
61421264
61421261
61419953
61419927
61451672
61421491
61421295
61420676
61451945
61420217
61421354
61451647
61421609
61419479
61421633
61421614
61420878
61451931
61419940
61420765
61420233
61419227
61420362
61421643
61419893
61420880
61421569
61451966
61421412
61421869
61452300
61421988
61420382
61420766
61452135
61422194
61422232
61452228
61420969
61420053
61422334
61420638
61420979
61422380
61420279
61421265
61452811
61422572
61421640
61422475
61421981
61422586
61421415
61422452
61452966
61452907
61422524
61420232
61452940
61422654
61421582
61421453
61452866
61422819
61422776
61421929
61453394
61420868
61423009
61422265
61422621
61421193
61423155
61423116
61422228
61422992
61423153
61421968
61421489
61422449
61422577
61453634
61421928
61453358
61423312
61422172
61423354
61423073
61423561
61423955
61422899
61454104
61422368
61423607
61423582
61423505
61422862
61453996
61426488
61456785
61426162
61424795
61426432
61424835
61424435
61424437
61425487
61456807
61426569
61424668
61425371
61457128
61426735
61426029
61425486
61457112
61426952
61426742
61427136
61456994
61457138
61426833
61426228
61458580
61427508
61459496
61427291
61429078
61429192
61427824
61428215
61427911
61428509
61429112
61459868
61429417
61429853
61428582
61460299
61429935
61429827
61429160
61427878
61428607
61428845
61428373
61430047
61430020
61429932
61428445
61429029
61428159
61429181
61428244
61430714
61460515
61430438
61429310
61428787
61429822
61429906
61460863
61429464
61428869
61428953
61430644
61428534
61430588
61430747
61430436
61428852
61430920
61430820
61461455
61429870
61430918
61429354
61431336
61431330
61431553
61461530
61431459
61430261
61431097
61461449
61431342
61430348
61461912
61461624
61430154
61429626
61431312
61431592
61462028
61431854
61430819
61462179
61430608
61431255
61430723
61462561
61431955
61431748
61430924
61462138
61431724
61430830
61462095
61432163
61431901
61432359
61429962
61432342
61431000
61462616
61432329
61432221
61462334
61431122
61430756
61431041
61430888
61432312
61432385
61431613
61432330
61462723
61431764
61432655
61431408
61431440
61431523
61432660
61431976
61430718
61432725
61432695
61463017
61432864
61432709
61431266
61432930
61431903
61463697
61432243
61433126
61432977
61432446
61432723
61432140
61463724
61433459
61433361
61463904
61431587
61433184
61432674
61433386
61432595
61433391
61463927
61432356
61431816
61432960
61433695
61432690
61464413
61433848
61432427
61432229
61433910
61433973
61432343
61433033
61434199
61432890
61432497
61433351
61434221
61432902
61434113
61433927
61464431
61434137
61433168
61432607
61432530
61433511
61432373
61434414
61432742
61432939
61433410
61432692
61464581
61434323
61434169
61432568
61434483
61433774
61432734
61434614
61434506
61434851
61464901
61434711
61434532
61433950
61465311
61434846
61434724
61432759
61433601
61434806
61433686
61433207
61434368
61434797
61433800
61465162
61435067
61434853
61434751
61433779
61435028
61434071
61434404
61435201
61465361
61435214
61434003
61435272
61433918
61435504
61435444
61435683
61434358
61433598
61434296
61435853
61435323
61435903
61435631
61435382
61435691
61435700
61435918
61434052
61435805
61435136
61466197
61435372
61466101
61436343
61435967
61466187
61435177
61466412
61436153
61434790
61434146
61436327
61436327
61434231
61436417
61435221
61434726
61436375
61435306
61466569
61434985
61436265
61434866
61436514
61436365
61435231
61434447
61436361
61434352
61466958
61436432
61435520
61434973
61435153
61436881
61435611
61435139
61435548
61436681
61436842
61435641
61437020
61437075
61437070
61437066
61436894
61435510
61467151
61436040
61435232
61436170
61436550
61467453
61435765
61435087
61437108
61437209
61467567
61437054
61437347
61468047
61437404
61437373
61437179
61435884
61437589
61436469
61436155
61436441
61436675
61467927
61437699
61439350
61438826
61439040
61440540
61439467
61438931
61471190
61440973
61439808
61440843
61439208
61440866
61439242
61471454
61441067
61439083
61439529
61441269
61440121
61471833
61441440
61441418
61439633
61441166
61440342
61439625
61472086
61440844
61441261
61441492
61441321
61439711
61441646
61441658
61441593
61441933
61472181
61441798
61441788
61440005
61441856
61441187
61472267
61441857
61441764
61439972
61441954
61472309
61441995
61440123
61441944
61441068
61472773
61442544
61441198
61472861
61442489
61442234
61441273
61441203
61440337
61442354
61441183
61441383
61442659
61441666
61442468
61441863
61442531
61442483
61440752
61442680
61441512
61473395
61441363
61442924
61442027
61473395
61473367
61443251
61442824
61441220
61442420
61443235
61441546
61443248
61441946
61442986
61441263
61443280
61441873
61443436
61441316
61442102
61442148
61473663
61443426
61441509
61443965
61443626
61441853
61443188
61443525
61443775
61441484
61443696
61442343
61443335
61443711
61442247
61443655
61441783
61442041
61443958
61442551
61442727
61443207
61444029
61442305
61441936
61474382
61443882
61442580
61474473
61443924
61444154
61474222
61442449
61443108
61444340
61442322
61444237
61444368
61442496
61443515
61444769
61442899
61444230
61444447
61444153
61444508
61444666
61443412
61443724
61444381
61443292
61444535
61474921
61444608
61443495
61442951
61444593
61474926
61443305
61442764
61443612
61475428
61445006
61443002
61443737
61475345
61445158
61445095
61444986
61445378
61445239
61444432
61443650
61445406
61444231
61475901
61445400
61445456
61445642
61475863
61445791
61445689
61443678
61445545
61444551
61476270
61445644
61445516
61445375
61445936
61476153
61446085
61445145
61476372
61444254
61445727
61444257
61445482
61445795
61444627
61476360
61444688
61445739
61443803
61476445
61446056
61444841
61446062
61443918
61445829
61446043
61444713
61446179
61444359
61445619
61454726
61447604
61478317
61478569
61448204
61446427
61447121
61448185
61446550
61448444
61448356
61448601
61448804
61448011
61448803
61448208
61446929
61447747
61478978
61448969
61448956
61448246
61479390
61447698
61448885
61447642
61449010
61479067
61449074
61449031
61448051
61447861
61479457
61479535
61447834
61479562
61449262
61449270
61449240
61447589
61447895
61449264
61449368
61448343
61448751
61449609
61448253
61449711
61480106
61448517
61449694
61448598
61449494
61480031
61448447
61450110
61448751
61448354
61448108
61450071
61449821
61448797
61448190
61449920
61449496
61447776
61449739
61449730
61480285
61449921
61448520
61449118
61450044
61449810
61448574
61480300
61448638
61449288
61449832
61449964
61480449
61450192
61449007
61448511
61448306
61448497
61450266
61448732
61480433
61450451
61449656
61450416
61450140
61448869
61480946
61450831
61449437
61481066
61450910
61481207
61450933
61449240
61451044
61449064
61449855
61451002
61481374
61451234
61451106
61451213
61449962
61451218
61451336
61451374
61481649
61450311
61451461
61450788
61450437
61450968
61450254
61451488
61482208
61451690
61451981
61481950
61451810
61451695
61451625
61450096
61450067
61449599
61450381
61481962
61451894
61451811
61450530
61482406
61451937
61451671
61451677
61449978
61449872
61452049
61450768
61451708
61482264
61452207
61451894
61482489
61450844
61482562
61452149
61451114
61453485
61453473
61454321
61485847
61455568
61454493
61455300
61454325
61486232
61454600
61486256
61455964
61456301
61455857
61454346
61456120
61456176
61455121
61455447
61455769
61455005
61454523
61454147
61456462
61456279
61454532
61454504
61456378
61456543
61456476
61455373
61456359
61456729
61455206
61456294
61456991
61455178
61455728
61456902
61455761
61455193
61456453
61455216
61487334
61457027
61455408
61457065
61456665
61457234
61457017
61456027
61487663
61456818
61457360
61457677
61455910
61487625
61457467
61457352
61456525
61455904
61457510
61456564
61487954
61456565
61457540
61455878
61457593
61457464
61456297
61456479
61457000
61457165
61457199
61488136
61456427
61457834
61457523
61456462
61457316
61456340
61488025
61455983
61457705
61456373
61456326
61487904
61457641
61488158
61457676
61456539
61456517
61455685
61457797
61456472
61457673
61455960
61457723
61456538
61456075
61488189
61457006
61456390
61455590
61457486
61457754
61457142
61488323
61455878
61458039
61456491
61457908
61488232
61456653
61458076
61458080
61456280
61457344
61458084
61488429
61456585
61458434
61456954
61458354
61456631
61458524
61457601
61458189
61456461
61458331
61456813
61458507
61458495
61458411
61457345
61458381
61456607
61458624
61458503
61457863
61458709
61456743
61458029
61457623
61458385
61457601
61458775
61457110
61457670
61489289
61459091
61458969
61457702
61459098
61457247
61459299
61459131
61489541
61458107
61459774
61489761
61458059
61459383
61457691
61457702
61459390
61489888
61459758
61459716
61458051
61458368
61458992
61459823
61459910
61490552
61459953
61458692
61459770
61458084
61460184
61459990
61458921
61459121
61458227
61460265
61458792
61460041
61459386
61458138
61460326
61459066
61460085
61458494
61460505
61460979
61460992
61458972
61459905
61460805
61458756
61459655
61458772
61460416
61460780
61459571
61459027
61460795
61458916
61460823
61459799
61459084
61491066
61461126
61460921
61459763
61461053
61491186
61461166
61461006
61459773
61459867
61460300
61461183
61461038
61461393
61491652
61491760
61461124
61460540
61491820
61491686
61460626
61460097
61491777
61460308
61461533
61460297
61459729
61461297
61460036
61461740
61460474
61460872
61459986
61461865
61460605
61461511
61460351
61460242
61461800
61461219
61492357
61462094
61461937
61460704
61461782
61461039
61462083
61460136
61462105
61461511
61461332
61462154
61461961
61462269
61492379
61462264
61460407
61462673
61460672
61462440
61461186
61462719
61460359
61462544
61461293
61462516
61462718
61462577
61461787
61464265
61493000
61461614
61461502
61462673
61462095
61493394
61461554
61492885
61462607
61461098
61460705
61462746
61461041
61461638
61493054
61462847
61462777
61462185
61493055
61461418
61462982
61461578
61462663
61460997
61461593
61462264
61463242
61493562
61463061
61462925
61461685
61463294
61461461
61461874
61463256
61463438
61462561
61493494
61462133
61462442
61463201
61461917
61462960
61493530
61463254
61463464
61462751
61463443
61461493
61463753
61462411
61461932
61462239
61463410
61462430
61463169
61463679
61462844
61462469
61463855
61463185
61463662
61463670
61463189
61463950
61494129
61464125
61464206
61464538
61463852
61462795
61464119
61462814
61463567
61494778
61464148
61463092
61464451
61464599
61496445
61466457
61465016
61465517
61466688
61497362
61466918
61465856
61497517
61465965
61467211
61467467
61497622
61497977
61465990
61465689
61466143
61466852
61466272
61467432
61497855
61467551
61467676
61467386
61467668
61465817
61466542
61466995
61467571
61497798
61466544
61465866
61467831
61466612
61467613
61465822
61466626
61467865
61466707
61465841
61466603
61466299
61468123
61466788
61498486
61466481
61468255
61466782
61468031
61466242
61468136
61498579
61471917
61502146
61471348
61471124
61502638
61470561
61472044
61470975
61502344
61472150
61471437
61471048
61502440
61472288
61470956
61471889
61470422
61472173
61471070
61470718
61472662
61472332
61471137
61472496
61502623
61472491
61471460
61502848
61472484
61472478
61472384
61503126
61472725
61472473
61471357
61503286
61472871
61472680
61472144
61471255
61471960
61471152
61472552
61472859
61472114
61503323
61471843
61472326
61471886
61471874
61471738
61473062
61503527
61473277
61472099
61503715
61473438
61473211
61472271
61503891
61473532
61471387
61472410
61471448
61473659
61472389
61473295
61473686
61473544
61472410
61504033
61473588
61473627
61473654
61503830
61473772
61473012
61504133
61473930
61504180
61472437
61473909
61472646
61472153
61472678
61473917
61473924
61471742
61473663
61472488
61472142
61472027
61473569
61472427
61471759
61473643
61472571
61504131
61473732
61474099
61472654
61472495
61471950
61473843
61473828
61473681
61473816
61504342
61473993
61474258
61473895
61504345
61473758
61473776
61473482
61473809
61473968
61504435
61473953
61473744
61472909
61504245
61474084
61472594
61474086
61504405
61473914
61473446
61504290
61474174
61472770
61472325
61473770
61473580
61473738
61473330
61474025
61474218
61474302
61474087
61473183
61474504
61474495
61474690
61472834
61504992
61474892
61474778
61472760
61472850
61473527
61474728
61505322
61474258
61475322
61473347
61473767
61475208
61474760
61505550
61475011
61473859
61473606
61475116
61474337
61473929
61475318
61473547
61475393
61474173
61475186
61475342
61474191
61505427
61475269
61474040
61473633
61475102
61474732
61474438
61474081
61475446
61505866
61474242
61474154
61473617
61474534
61475674
61506016
61474692
61473949
61476042
61506351
61474777
61475178
61475935
61476143
61506169
61474366
61475985
61475905
61506227
61475793
61476116
61474417
61476204
61476107
61506438
61476425
61476383
61475054
61474630
61475210
61474735
61475298
61506996
61476378
61476587
61475402
61507291
61476768
61476680
61475608
61475013
61475083
61475060
61476748
61475357
61476441
61474670
61476670
61475533
61475043
61476930
61476819
61475661
61475124
61476924
61476717
61476844
61475595
61476957
61476815
61507191
61476919
61477001
61475865
61477138
61475857
61475436
61477210
61477084
61476149
61507473
61477259
61476712
61475945
61475212
61507333
61476192
61507352
61477178
61475873
61475500
61476156
61477166
61476182
61475721
61477032
61477342
61476112
61475790
61477417
61507877
61477325
61507482
61477332
61476414
61507931
61477353
61477505
61476852
61479313
61508118
61476902
61475992
61508304
61477696
61508299
61478084
61476707
61508414
61478081
61508208
61477875
61476404
61476059
61478148
61476168
61477162
61477078
61477630
61477071
61476269
61478187
61477074
61478045
61477650
61478507
61477178
61508818
61478630
61478834
61477773
61508722
61476866
61478379
61477280
61508811
61478537
61478816
61477288
61478424
61508818
61478416
61478567
61476426
61478515
61477381
61508758
61478457
61477094
61478546
61478214
61478627
61477650
61477183
61477485
61477322
61509167
61477348
61477363
61478749
61478554
61478495
61478782
61509306
61477541
61478831
61477218
61478893
61477278
61509380
61479057
61479235
61509316
61479228
61477865
61479199
61509644
61479572
61478428
61478234
61478159
61478397
61510027
61477926
61477543
61478832
61477830
61479380
61478882
61477860
61478283
61479409
61479118
61478201
61478832
61478473
61509790
61478175
61479431
61477731
61479409
61479394
61479346
61478794
61478522
61479656
61478072
61477754
61479829
61479112
61479668
61510193
61479785
61478203
61478308
61479999
61479834
61510443
61480068
61478886
61478531
61478885
61510399
61478892
61480045
61479806
61478878
61480559
61480112
61478226
61478591
61480287
61478646
61480574
61480196
61479375
61510676
61480253
61480710
61478469
61480345
61479304
61479181
61480010
61480019
61480653
61480543
61478816
61480135
61480379
61511119
61480857
61478949
61481071
61481042
61481421
61511466
61479074
61479922
61480241
61480587
61479984
61511300
61481138
61481041
61481188
61511562
61481297
61481352
61480092
61480504
61481366
61479232
61480415
61481538
61481733
61481412
61481638
61481457
61481359
61481672
61485839
61486225
61516260
61485798
61485762
61486053
61484266
61516330
61485154
61484599
61484767
61486271
61484266
61485887
61484337
61484379
61485676
61486256
61485739
61487401
61486693
61490227
61518834
61488362
61486932
61488625
61488963
61488143
61488874
61519166
61489097
61489045
61519429
61489163
61488994
61489277
61519282
61489267
61489050
61489082
61487567
61487489
61489146
61488231
61519551
61489341
61489298
61489175
61487305
61489250
61489330
61489252
61489589
61520142
61488388
61519876
61489573
61488319
61519633
61488263
61519823
61488385
61489134
61489385
61487668
61490029
61488906
61488375
61488251
61490166
61488984
61490422
61520679
61489183
61489181
61490454
61490809
61489002
61490450
61490722
61489635
61521251
61490753
61490463
61490688
61521192
61491062
61490763
61489905
61489582
61489206
61489700
61490847
61490993
61489838
61491019
61490931
61489080
61490387
61489864
61521782
61489664
61491273
61490177
61489548
61489635
61491267
61491563
61521832
61491412
61491629
61489984
61491795
61491399
61491630
61490239
61489853
61491702
61490449
61491845
61491611
61491528
61489760
61522271
61491688
61491619
61489800
61491806
61491931
61490711
61489972
61492157
61492229
61522475
61490389
61492114
61491133
61522493
61492110
61492091
61492208
61491788
61492165
61490902
61491845
61491622
61492258
61491094
61522614
61491086
61492380
61491198
61522845
61492380
61492251
61492576
61522562
61491641
61491468
61491336
61492657
61523059
61492738
61491757
61491312
61491912
61493267
61492392
61493828
61524414
61494137
61492836
61493017
61492886
61493611
61524687
61494303
61524681
61494517
61493089
61493485
61494590
61524787
61494474
61524688
61494638
61494827
61492632
61494817
61494726
61494517
61493692
61494914
61493917
61493363
61525545
61494868
61493236
61492908
61493039
61494948
61494684
61493828
61494700
61493967
61493474
61493218
61493199
61493975
61525471
61495235
61494008
61525864
61493592
61495259
61494552
61494310
61493138
61495546
61494851
61493090
61525597
61495058
61525947
61495435
61495549
61494418
61494362
61493917
61494480
61526112
61495767
61495895
61494850
61494081
61526381
61495329
61494005
61495797
61495752
61494035
61495974
61494885
61495811
61494160
61496102
61496162
61496391
61495532
61495629
61495639
61526850
61496603
61495300
61494870
61496572
61496897
61496722
61527001
61496587
61495423
61494902
61496652
61496960
61495464
61526950
61496663
61495837
61496767
61495051
61496496
61496367
61496824
61496597
61496873
61526977
61496832
61495599
61495164
61495663
61497135
61496743
61527044
61496864
61496239
61527535
61497101
61497232
61497215
61497227
61497215
61496343
61527160
61497102
61495498
61497378
61495658
61496972
61497221
61496039
61527743
61497365
61497175
61497405
61527959
61497304
61496321
61495774
61496214
61497542
61496302
61527809
61527747
61497411
61497684
61527798
61497454
61497695
61497638
61497161
61497918
61497173
61495842
61497942
61497834
61496231
61496585
61497885
61496820
61497695
61498053
61498028
61497867
61528661
61498243
61496965
61496541
61496230
61498175
61498263
61498544
61498347
61497227
61528772
61498560
61498375
61528944
61498537
61497379
61529276
61497135
61528997
61498681
61496980
61498794
61498634
61498091
61498662
61529193
61498896
61498727
61497643
61497627
61497694
61498984
61498311
61529409
61499104
61499010
61529103
61497369
61499030
61497365
61529312
61498035
61529191
61499117
61497777
61498899
61497896
61499261
61497960
61499050
61497320
61498050
61497509
61499251
61499226
61499465
61497328
61499280
61498143
61497684
61497513
61529686
61499297
61499108
61497337
61499402
61498289
61497789
61498377
61499647
61499665
61499788
61497698
61498732
61499652
61497843
61499572
61499382
61499713
61529843
61499498
61499527
61529974
61498482
61497572
61499667
61530102
61498968
61529917
61499795
61498555
61530102
61499770
61498051
61498587
61530257
61500018
61499801
61499980
61499782
61500071
61498842
61530488
61500092
61499947
61499088
61498105
61500122
61498787
61499860
61530342
61500226
61530467
61498971
61530496
61500327
61498809
61498406
61500218
61498528
61499106
61498709
61499762
61530855
61500575
61530875
61500564
61499358
61498961
61500905
61500856
61500824
61500591
61500306
61500902
61499768
61499429
61500413
61501160
61501448
61499605
61501254
61499325
61501200
61500027
61531645
61501109
61501422
61499730
61501438
61501317
61500773
61531765
61501601
61531949
61501488
61531826
61501379
61500416
61532011
61500054
61531960
61500208
61532094
61500217
61501730
61500668
61501969
61500958
61502002
61501932
61501897
61501297
61501091
61502079
61500438
61501377
61502178
61500963
61500473
61500615
61501257
61502458
61500427
61501251
61500847
61533111
61507095
61507223
61537778
61507188
61505979
61505612
61505469
61507483
61506226
61537924
61506331
61507498
61507607
61507373
61507318
61537921
61506885
61507569
61505497
61506705
61507064
61507745
61506030
61507946
61506598
61507713
61538174
61507869
61506729
61506137
61506100
61507877
61508077
61507780
61507991
61507996
61508199
61506750
61508071
61506694
61507959
61507172
61506604
61507017
61538713
61508250
61507068
61506953
61507655
61507119
61506311
61508208
61507092
61506623
61508065
61508429
61507079
61539154
61508590
61508370
61508426
61506544
61508868
61507638
61538912
61508625
61507290
61506948
61507347
61508620
61508827
61539013
61508634
61508440
61508681
61508655
61506891
61508779
61507937
61508164
61508122
61508864
61509049
61508248
61539348
61508049
61507264
61508556
61509040
61507478
61509217
61507898
61507429
61507060
61509272
61507700
61508911
61507054
61509320
61539135
61507699
61507031
61509165
61507791
61508872
61539603
61508878
61509232
61508959
61507375
61508684
61509463
61509607
61508781
61509271
61509447
61509102
61509274
61508393
61507489
61539764
61509385
61540004
61509367
61508158
61507795
61507704
61509454
61508296
61540056
61509652
61509815
61508881
61509725
61509359
61507711
61509735
61508547
61510657
61511406
61509959
61511736
61510424
61509483
61510624
61512110
61511881
61511466
61511083
61542843
61512402
61510714
61511212
61542921
61512201
61512623
61511617
61543092
61512853
61512700
61511802
61543230
61513022
61513322
61513108
61543420
61513134
61511815
61511449
61512553
61513591
61513234
61543360
61511894
61513242
61513390
61511262
61513218
61512095
61512062
61511241
61513258
61512210
61543678
61511954
61513871
61513414
61512778
61512288
61513534
61511755
61513720
61543825
61512513
61513535
61513416
61512396
61513697
61512491
61543944
61544091
61512553
61543866
61514018
61513805
61512807
61544138
61513860
61512702
61544166
61513959
61513785
61512798
61544254
61544350
61513969
61513777
61513396
61514081
61512872
61544490
61514207
61514096
61512520
61513042
61514138
61513181
61544581
61514514
61513014
61513176
61544616
61514525
61513410
61512965
61512723
61514692
61513981
61544807
61514688
61514703
61514886
61512720
61515228
61514907
61545114
61514875
61545404
61514873
61515137
61513253
61514722
61513767
61513031
61513910
61545360
61515012
61515061
61513938
61515133
61515185
61514146
61513593
61513063
61515199
61513593
61514953
61514108
61545561
61515257
61513269
61514080
61514563
61515282
61513653
61514535
61515571
61513611
61513976
61515810
61514670
61514232
61515714
61516003
61515703
61515199
61516061
61514791
61546111
61513940
61514764
61514458
61516197
61516086
61516173
61514776
61514712
61514995
61516141
61546653
61516098
61516262
61546661
61516512
61516350
61546525
61514764
61516436
61514373
61516411
61546918
61516351
61515829
61516678
61515367
61514777
61547309
61516728
61516443
61514731
61516725
61516159
61515952
61515738
61515468
61516907
61517112
61515744
61547679
61517163
61516413
61515846
61517218
61547670
61516892
61517228
61515790
61515092
61516497
61517186
61517070
61515309
61517274
61547629
61515689
61516156
61517315
61517434
61515542
61517498
61516433
61547568
61515458
61516323
61515882
61516360
61548061
61516551
61515859
61517774
61517516
61547803
61516495
61517610
61548132
61516014
61518003
61517849
61547881
61517780
61547921
61516305
61516154
61515796
61517837
61517959
61548466
61516529
61518034
61516970
61517396
61548288
61516778
61548610
61518210
61516747
61516508
61517007
61518026
61548658
61517054
61518078
61548746
61518400
61517154
61516699
61548643
61518286
61516804
61517187
61518566
61518491
61517187
61518682
61548827
61518468
61518787
61549079
61517250
61519000
61519059
61518915
61518487
61519806
61519419
61519044
61519435
61519212
61519914
61550060
61519761
61518423
61517882
61519635
61519626
61519765
61518079
61519787
61518527
61519642
61550293
61519726
61519691
61550368
61519720
61518244
61518192
61519975
61518685
61550523
61520137
61518466
61550366
61518595
61519789
61550122
61519186
61518661
61520253
61518745
61518754
61520023
61519887
61518993
61520062
61518818
61518510
61550538
61520152
61520094
61518476
61520370
61519694
61520371
61518931
61519473
61551229
61520822
61550977
61520103
61519362
61520906
61520882
61521231
61521088
61519899
61551597
61519501
61520808
61522987
61519226
61521162
61519608
61519754
61521226
61521021
61520503
61520726
61551799
61521284
61519795
61519941
61519490
61521426
61519554
61519915
61521596
61521734
61551787
61520023
61521639
61520004
61521825
61521622
61551903
61521541
61521824
61520645
61552183
61520271
61522036
61521734
61552352
61522017
61520359
61522090
61522078
61522227
61522275
61520670
61522228
61520954
61520265
61552686
61520885
61552731
61522495
61521153
61522716
61522677
61521351
61552810
61521378
61522493
61520804
61521312
61522807
61522701
61553130
61522675
61522684
61523026
61522778
61522828
61521725
61522837
61521870
61521650
61523125
61521285
61522884
61522669
61521827
61522449
61523142
61521576
61523438
61521951
61521599
61522955
61523429
61522206
61553574
61522133
61523286
61521672
61523422
61523366
61523222
61522680
61553629
61523347
61553935
61521441
61523578
61522311
61554040
61523582
61523608
61523181
61523494
61523238
61523572
61522817
61528185
61528852
61528630
61528525
61527693
61528894
61559221
61529047
61529049
61528307
61527059
61528485
61528519
61559297
61529216
61527932
61527854
61527395
61529673
61529491
61559493
61529378
61528145
61529439
61529345
61559683
61528342
61529362
61529329
61527732
61529598
61560011
61529580
61529845
61529144
61527588
61529605
61528533
61560036
61529862
61528944
61528486
61528894
61529593
61529298
61529820
61529576
61528568
61529884
61529756
61528553
61560452
61530025
61560133
61529843
61528636
61529677
61529931
61529819
61530087
61529862
61560488
61528594
61560429
61528547
61530303
61530174
61529758
61530735
61530742
61560913
61529323
61530607
61530788
61528743
61531766
61532438
61531511
61531249
61530870
61533346
61532820
61531546
61532613
61532447
61531580
61533351
61531998
61533185
61533591
61532484
61564021
61533935
61532592
61532298
61532708
61533804
61532937
61534015
61532737
61564337
61532774
61534044
61532430
61534255
61533981
61533977
61534122
61534388
61533176
61564589
61534487
61532312
61534189
61534364
61533715
61564682
61533237
61534558
61564752
61534671
61533480
61565153
61564973
61533242
61565029
61534837
61533364
61533081
61535008
61533769
61536754
61533260
61533679
61533063
61534731
61535007
61565383
61535152
61534002
61565141
61534035
61534244
61535054
61565480
61535121
61533987
61535537
61535199
61565523
61534889
61535326
61534653
61565700
61533535
61535635
61535399
61565817
61535629
61534556
61566111
61534409
61535912
61534085
61534400
61535883
61536062
61566632
61535928
61534252
61536274
61536069
61534465
61536255
61536444
61536571
61535078
61536441
61536518
61567097
61536728
61535650
61535604
61536781
61567080
61535932
61537195
61535794
61567594
61537274
61535880
61536917
61536304
61537382
61536248
61537548
61537427
61537540
61567726
61537532
61567902
61536314
61536349
61537595
61537544
61537625
61537793
61536888
61536533
61537664
61535744
61536523
61568296
61537996
61537909
61537731
61537311
61568373
61538105
61568526
61538353
61537504
61537931
61538375
61538431
61538499
61568536
61538420
61537046
61536307
61569078
61538497
61537483
61568905
61569206
61537219
61568886
61538562
61568931
61538617
61536625
61537332
61538989
61569358
61539456
61539145
61569335
61539229
61537672
61539315
61537115
61539126
61539126
61538369
61539600
61569634
61539433
61539937
61538854
61569880
61539439
61539854
61539845
61539918
61539114
61538749
61570248
61539575
61539467
61538325
61540048
61539868
61538365
61539138
61538612
61539426
61539343
61540195
61540184
61538288
61540284
61539638
61540267
61540520
61539359
61540737
61571103
61539263
61539010
61539258
61540560
61539590
61571013
61540980
61539678
61539360
61541076
61541204
61540945
61541316
61540704
61541043
61541486
61541167
61540063
61540741
61541577
61540560
61571869
61541542
61540426
61539927
61541584
61540988
61572232
61541653
61540741
61541742
61541825
61540691
61541883
61542058
61572190
61540589
61540298
61572148
61541907
61540248
61542097
61541920
61542098
61541317
61541216
61540913
61572460
61542194
61542060
61542164
61572427
61542147
61542198
61572581
61572921
61541335
61573155
61542442
61541446
61542003
61542833
61541261
61573140
61542610
61541428
61541856
61542668
61541387
61540531
61542537
61542706
61540562
61572933
61541624
61573232
61542914
61541798
61542891
61543052
61541768
61542200
61543037
61543053
61541350
61541811
61543279
61543283
61542553
61543156
61543380
61541688
61543331
61541395
61542219
61574195
61543620
61541530
61574232
61543606
61542672
61542783
61543863
61541636
61543420
61543863
61543969
61542356
61574124
61542641
61541870
61543980
61544148
61574270
61544192
61542709
61543828
61543997
61544067
61544120
61574579
61544454
61543845
61543126
61544292
61542425
61544216
61544119
61544359
61574696
61544262
61543664
61542392
61544412
61543722
61543116
61544427
61543754
61574593
61544526
61543276
61543551
61542582
61544569
61544479
61542906
61544763
61544069
61575061
61544742
61543544
61575352
61543333
61544693
61544656
61544195
61543506
61544929
61544154
61575210
61542917
61543837
61575159
61545217
61545173
61545000
61543483
61544624
61544346
61543147
61543295
61544679
61545334
61545442
61543800
61545512
61543647
61545306
61545736
61544290
61545656
61576226
61545887
61545515
61545042
61545815
61544472
61545667
61545960
61544675
61545739
61544166
61546477
61545193
61546368
61546464
61544611
61546313
61546266
61546393
61546134
61546440
61545374
61546668
61544959
61545337
61544820
61546611
61545522
61546625
61546684
61545567
61544656
61546245
61546910
61577039
61546821
61547033
61545626
61547392
61547081
61545828
61545145
61547194
61547011
61546264
61545683
61547470
61545401
61546114
61545640
61547327
61547034
61547384
61547057
61547120
61577569
61546141
61547199
61577725
61547273
61547548
61577908
61546221
61547300
61545736
61578084
61547563
61547658
61547873
61547656
61547017
61547701
61547996
61548147
61546285
61578432
61548008
61547653
61546303
61547868
61546641
61548160
61548199
61547788
61578196
61548059
61547369
61578281
61548281
61546933
61548127
61546623
61547463
61546396
61549809
61550169
61580615
61549060
61548330
61550466
61550162
61581000
61550562
61581119
61550718
61549922
61550498
61550940
61550664
61550963
61550842
61581143
61549853
61551196
61551009
61551288
61550246
61581562
61551407
61550148
61551080
61551521
61550612
61549316
61551503
61551262
61549807
61549958
61550459
61549891
61551643
61550181
61549732
61550110
61550536
61551932
61552186
61552211
61550415
61552009
61550500
61552142
61552555
61552252
61552493
61551253
61582714
61551236
61552614
61582858
61552477
61552453
61551815
61551419
61552747
61550569
61583258
61552939
61551055
61551190
61552776
61552533
61551374
61552974
61551782
61552039
61553056
61551475
61553317
61553148
61551061
61552633
61553387
61583889
61553383
61553297
61552500
61553496
61553333
61553605
61553518
61584017
61553942
61553924
61552431
61552395
61554040
61552667
61584248
61553985
61552933
61551989
61558216
61559867
61559174
61558695
61590364
61558342
61559327
61590310
61559309
61560030
61558904
61590300
61559078
61590622
61560153
61560403
61559499
61590698
61559149
61558474
61560202
61558367
61590491
61560036
61560284
61560585
61559206
61560571
61560658
61591018
61560562
61591111
61560717
61560892
61559394
61560758
61559498
61559906
61560977
61560499
61560730
61560623
61560723
61590971
61560858
61561105
61558940
61591253
61559714
61559173
61560941
61561307
61559217
61591482
61559762
61591405
61561201
61561604
61591610
61561266
61561074
61591783
61561301
61591821
61561382
61561285
61560109
61560178
61561006
61591879
61561306
61561574
61561178
61560364
61561680
61559964
61560160
61561729
61560046
61561324
61561702
61592177
61560409
61592049
61561786
61561996
61560002
61562119
61561919
61562227
61560164
61562289
61562199
61561502
61562325
61561550
61561278
61560291
61562271
61560722
61561156
61560482
61562601
61562524
61560732
61562335
61562590
61562440
61562729
61561862
61561459
61561402
61562679
61593073
61562815
61562786
61593203
61562183
61563106
61562110
61562863
61562998
61593427
61562956
61561545
61562701
61563069
61562399
61593460
61561972
61563227
61561590
61562164
61563392
61563519
61562701
61563797
61563557
61561560
61563486
61561662
61563802
61561976
61563777
61562595
61594040
61563671
61563683
61593955
61563850
61562109
61563876
61561793
61562583
61563835
61563738
61563525
61562642
61594187
61563855
61594067
61563919
61564090
61594128
61594476
61562763
61564119
61563777
61564111
61563145
61564163
61564245
61563568
61562347
61564457
61564587
61563635
61594722
61563771
61564570
61563145
61563376
61564772
61563457
61594783
61564538
61563884
61595253
61564776
61563049
61564704
61563759
61564125
61564876
61564633
61563756
61564876
61564646
61563808
61564920
61595322
61565301
61595197
61563988
61595371
61565074
61564849
61563252
61563456
61564398
61565111
61563953
61595243
61564943
61564151
61564310
61563510
61564113
61565376
61564028
61595591
61565346
61565255
61595841
61565439
61564294
61564719
61565316
61565372
61565413
61564218
61595709
61565491
61565663
61563375
61565645
61565690
61564291
61565629
61565705
61565696
61565572
61564063
61565693
61564343
61564575
61564499
61565781
61565784
61565786
61565904
61565730
61596481
61566647
61596623
61566095
61565180
61596379
61565162
61564327
61566208
61565989
61564626
61566546
61596879
61566552
61565810
61596793
61566483
61596772
61564837
61566487
61566597
61597028
61565581
61566013
61566808
61565701
61597087
61567019
61565708
61565599
61567139
61597348
61567333
61567096
61597580
61567106
61597431
61567128
61597417
61565495
61567741
61565647
61565663
61567208
61566213
61567438
61566192
61565473
61567504
61567655
61565813
61597860
61566442
61598042
61597981
61567059
61597905
61567772
61567225
61565902
61567229
61568219
61598570
61568009
61598684
61567915
61565995
61598332
61566968
61568234
61568337
61566923
61566993
61567844
61566896
61568360
61598262
61566542
61568158
61567895
61566901
61566667
61568254
61568406
61567057
61598563
61568440
61567153
61566228
61598283
61567047
61566994
61567057
61567277
61566826
61568629
61566694
61568399
61567364
61598705
61568542
61568642
61566852
61566773
61567570
61598882
61568102
61568513
61568765
61568599
61567004
61568856
61568599
61567646
61568676
61567638
61568015
61568754
61567662
61567289
61568997
61567477
61569047
61568303
61567082
61569004
61599333
61569041
61599507
61569197
61567584
61568263
61569443
61599874
61568991
61568207
61569469
61568212
61568582
61569777
61569269
61567424
61599941
61567838
61569173
61569572
61567598
61568562
61599890
61569727
61568689
61600409
61569923
61569815
61600222
61569250
61569612
61568468
61569732
61568745
61570195
61568887
61600205
61569990
61568603
61568100
61568732
61600506
61570021
61568863
61569458
61569440
61570269
61569580
61569119
61569137
61570472
61568636
61570375
61569063
61568437
61568661
61570315
61569274
61570741
61570514
61569411
61569532
61602281
61571254
61572401
61572673
61571395
61571809
61570728
61571654
61603491
61572938
61572327
61603439
61571201
61571977
61571182
61573301
61573435
61572680
61573441
61572122
61571697
61571897
61573421
61573242
61572711
61573606
61573725
61573397
61573761
61573550
61573794
61573027
61572629
61573793
61571763
61572744
61573917
61572541
61573814
61573108
61572632
61572410
61574146
61573974
61572657
61572792
61574043
61572212
61604714
61574018
61574262
61574522
61572290
61573255
61574340
61605006
61574370
61604746
61574532
61574297
61574333
61574754
61574926
61573587
61574554
61574376
61573466
61574711
61573083
61574758
61572794
61574110
61574003
61573470
61575004
61605455
61574980
61573300
61575182
61573491
61573701
61574998
61575241
61573223
61575493
61575190
61605882
61575554
61574257
61573425
61575298
61574725
61605634
61575275
61575424
61605912
61575324
61574262
61573420
61575378
61574249
61574854
61575492
61574506
61575454
61574830
61574420
61606286
61575767
61575436
61574648
61574125
61606334
61574840
61574079
61576085
61576005
61575213
61575528
61574435
61575754
61575788
61575294
61575958
61576357
61606440
61575305
61576037
61574006
61575743
61575642
61576045
61606224
61574704
61606222
61575621
61575916
61575394
61576189
61575997
61606539
61576183
61576452
61574571
61575500
61576492
61576422
61606920
61576718
61576600
61574935
61575306
61576594
61575139
61575498
61575167
61576614
61576784
61575718
61607350
61576883
61575735
61575774
61577334
61576988
61575506
61575829
61577682
61577080
61576514
61577089
61577286
61607654
61577244
61607453
61577246
61577272
61577573
61577686
61575644
61577460
61576910
61575590
61577552
61576753
61577984
61577817
61577157
61577795
61578016
61608599
61576486
61577852
61576893
61576709
61576861
61608824
61578265
61577042
61608694
61577168
61577703
61608677
61578389
61577641
61608638
61578542
61577858
61608813
61578472
61578599
61577729
61609023
61577383
61577239
61578462
61576854
61577551
61578670
61576933
61578734
61578661
61576984
61578850
61609136
61578114
61579019
61578945
61578122
61579001
61577607
61609253
61578940
61579089
61576916
61578989
61578891
61578345
61609365
61578970
61579261
61577559
61579314
61579155
61578962
61578934
61577841
61579066
61579137
61577217
61579115
61577609
61579424
61579303
61579338
61609421
61579125
61579021
61579553
61579309
61579542
61610034
61579851
61578277
61577814
61580249
61579710
61579365
61579643
61610299
61578495
61579770
61579786
61579244
61580121
61579752
61580178
61579044
61578096
61580092
61580268
61578480
61580209
61579095
61579909
61610514
61579031
61578438
61580200
61580619
61578347
61580155
61580166
61580458
61610803
61610444
61580458
61578866
61580202
61578180
61617461
61587097
61617410
61586832
61587447
61585463
61587374
61587208
61585566
61585242
61587276
61587568
61617822
61587359
61587194
61587408
61586668
61586310
61587562
61586257
61618089
61585814
61587414
61618079
61587754
61586487
61585988
61617920
61587435
61585929
61587679
61618085
61586605
61585875
61587825
61587163
61588172
61588074
61587733
61588012
61587752
61588143
61588192
61618763
61588107
61618881
61588297
61586485
61587587
61588372
61588652
61586409
61587182
61586545
61587123
61618611
61586269
61587291
61586432
61588462
61588702
61587496
61588554
61618927
61587249
61588654
61588583
61587507
61589066
61588371
61587470
61618904
61587152
61586641
61588655
61618910
61587963
61588627
61586788
61589137
61588841
61619096
61588574
61587051
61587662
61588871
61588603
61588965
61588967
61588765
61587703
61589703
61589117
61587477
61589375
61588660
61587361
61589693
61587558
61589061
61588748
61589069
61589441
61589374
61589329
61588026
61589426
61589330
61587991
61589984
61589790
61619997
61589728
61588124
61589751
61620224
61589798
61590150
61589920
61620331
61588962
61620364
61588533
61588829
61590006
61588681
61588418
61620647
61590045
61588898
61588724
61590036
61590269
61588518
61590223
61589416
61620484
61590263
61590314
61620668
61590625
61590060
61590445
61589023
61588853
61590421
61590647
61589151
61621049
61589654
61590780
61591041
61589757
61590267
61590932
61591022
61621335
61591040
61590477
61591436
61589331
61590172
61590164
61591134
61590919
61589930
61621557
61590210
61589450
61591013
61591253
61621829
61591371
61590791
61621726
61590817
61591664
61591607
61591751
61590207
61591881
61590921
61590158
61591840
61592027
61589902
61591900
61622496
61592120
61590777
61622422
61591859
61592214
61622574
61592342
61591106
61622691
61622702
61592235
61590540
61592354
61592025
61592136
61592401
61622851
61592201
61592436
61590628
61592428
61590724
61590910
61591042
61592312
61592724
61591234
61590947
61592628
61591450
61592110
61592769
61591464
61623075
61623286
61591487
61623233
61592713
61592132
61623109
61601220
61624913
61593261
61594873
61593251
61593476
61595261
61595650
61625764
61594435
61595694
61594795
61625767
61594393
61593683
61626211
61594863
61596115
61596215
61596203
61594922
61595773
61596078
61594856
61596012
61594693
61594883
61596237
61596196
61596214
61594738
61626766
61626931
61595214
61596514
61595233
61626686
61626687
61595176
61594521
61595214
61596377
61597032
61595087
61595358
61595504
61627283
61627517
61595843
61595926
61595801
61596053
61597212
61596819
61597432
61595464
61627731
61597360
61597559
61595412
61597532
61597119
61597582
61596178
61596348
61597699
61627977
61597312
61596841
61597656
61597041
61595884
61595640
61596881
61597983
61596699
61628502
61598129
61597035
61628390
61597875
61596369
61598061
61596959
61597762
61598335
61596492
61598231
61597527
61598051
61596165
61597358
61597222
61598318
61628875
61598511
61628458
61598072
61598365
61596638
61598507
61597145
61598513
61598600
61597319
61596497
61598658
61598324
61629308
61597704
61598034
61598778
61629437
61599127
61598968
61597636
61599101
61597350
61599137
61598392
61597687
61597944
61597274
61599023
61597354
61598876
61599368
61599104
61599371
61599331
61599383
61597824
61597748
61597417
61599225
61599085
61597947
61629708
61598258
61599582
61598701
61597286
61599531
61599857
61599520
61598167
61630176
61599694
61629880
61598844
61599613
61597870
61598250
61599727
61597739
61630203
61599690
61598184
61598546
61599986
61630430
61630338
61599002
61600271
61598891
61630488
61598973
61598693
61630624
61600323
61598675
61600578
61599444
61600858
61599508
61599725
61598831
61600982
61599914
61631319
61600483
61600286
61631415
61601171
61631535
61599888
61631463
61601107
61599927
61599739
61600032
61631608
61601411
61601405
61600587
61631482
61601166
61601530
61600232
61601775
61632048
61601975
61601861
61601077
61632219
61600422
61631928
61599762
61632145
61600217
61600345
61601936
61602379
61600505
61602244
61600930
61602182
61602320
61602303
61602288
61601004
61632706
61602470
61602520
61632732
61602234
61601914
61602699
61601538
61600778
61603198
61600949
61600975
61603008
61601165
61603105
61603147
61602800
61603533
61601454
61603118
61601995
61602807
61603283
61603284
61602629
61602824
61605300
61602720
61602102
61603532
61602313
61633737
61603494
61603526
61633873
61602109
61633690
61603520
61603655
61634132
61603583
61634052
61603755
61602363
61601870
61603157
61601927
61634260
61603590
61633923
61603664
61602383
61634071
61603304
61603731
61601862
61603965
61602433
61604142
61602830
61602276
61602078
61602683
61634314
61603417
61603974
61603231
61602709
61634276
61604024
61634160
61602823
61604127
61602413
61604177
61602875
61634634
61604278
61603774
61634610
61604341
61602822
61603201
61604618
61603203
61604664
61602928
61603354
61604524
61604752
61603593
61635130
61604765
61603799
61604920
61603806
61604193
61604929
61603301
61604561
61603602
61603785
61604905
61635459
61604307
61603865
61603924
61603826
61603910
61603507
61603905
61635382
61635642
61603685
61604866
61605281
61603998
61603852
61605180
61603644
61605244
61604148
61603350
61603934
61635663
61605358
61635871
61636019
61604687
61605789
61604549
61636165
61605714
61605686
61604516
61604369
61636204
61605917
61604435
61606053
61605942
61636597
61605893
61636225
61605810
61604416
61636278
61606065
61636610
61604403
61606133
61636359
61606014
61604966
61605361
61606003
61606090
61604453
61606181
61636661
61606267
61606205
61604347
61606184
61636852
61604632
61606243
61636760
61606402
61606523
61604528
61606454
61604747
61605313
61606743
61636966
61604974
61607019
61604879
61605378
61604900
61637242
61605439
61637076
61606074
61605614
61605550
61637234
61606953
61606990
61605081
61606856
61637369
61607002
61607251
61637403
61606964
61605396
61605362
61607034
61607307
61637840
61606107
61607562
61607131
61607598
61607617
61638126
61606398
61638233
61607762
61638086
61606351
61607063
61606356
61608153
61607943
61606284
61606745
61608268
61638580
61608154
61608017
61606753
61638294
61607139
61608295
61606874
61638377
61608106
61607131
61608076
61608341
61606713
61608514
61607340
61638750
61608549
61608417
61606664
61608393
61606836
61607816
61608481
61606668
61608780
61607087
61608662
61607310
61606934
61606629
61607477
61606741
61608868
61609063
61608831
61608914
61639388
61606880
61607796
61608967
61607294
61608947
61639483
61609233
61609361
61607587
61609346
61608045
61609575
61608024
61639635
61607776
61608572
61608548
61608471
61608603
61609954
61608539
61608965
61609630
61608475
61610051
61610052
61609785
61609769
61609761
61609327
61610081
61608326
61610079
61608860
61609991
61610029
61608477
61610192
61640508
61609951
61609581
61608599
61610598
61609095
61640508
61608840
61609298
61609349
61640857
61610805
61610763
61610739
61612292
61642829
61612483
61643180
61612856
61612140
61643326
61612953
61643649
61613430
61611596
61612329
61612935
61613610
61613642
61612199
61613797
61613932
61612819
61644218
61613944
61613811
61614021
61612880
61644171
61614099
61613929
61644785
61614142
61644633
61614457
61614482
61614118
61614335
61613009
61612492
61613624
61613375
61613924
61644824
61614941
61614391
61614902
61613646
61613051
61612743
61612995
61614604
61614909
61614459
61614908
61614875
61645228
61615463
61645402
61613845
61615053
61614383
61614029
61613281
61645444
61614538
61615336
61614704
61614593
61615170
61645783
61614956
61614041
61613700
61646031
61615141
61613740
61621352
61623010
61621478
61621239
61622299
61623561
61622157
61653597
61621177
61623498
61623475
61622218
61621450
61623415
61623442
61622346
61622324
61621334
61622825
61623520
61623771
61653969
61654086
61623749
61623682
61623045
61622413
61622014
61621685
61622694
61654091
61623834
61624020
61622217
61622854
61654531
61623634
61622041
61654637
61622842
61654515
61624150
61624188
61654626
61622957
61654816
61624374
61624420
61623144
61624669
61622971
61654907
61623439
61622668
61654931
61624789
61624774
61624499
61624618
61655200
61655381
61624315
61624864
61623679
61623258
61624801
61623606
61624377
61625001
61655744
61625252
61624297
61655550
61624784
61625390
61623729
61625306
61625202
61625573
61624166
61624390
61625602
61625315
61625734
61624419
61656269
61625849
61625998
61624581
61626056
61623576
61625568
61625476
61624991
61624359
61656055
61625857
61625785
61625072
61656226
61624588
61656155
61625828
61625789
61625141
61624636
61656070
61625882
61626186
61624708
61625852
61624295
61624597
61624753
61624480
61625060
61626365
61625759
61624670
61626464
61656662
61626370
61626049
61626010
61626548
61657100
61626755
61626110
61624899
61626668
61626421
61626881
61625638
61624939
61626769
61624618
61626599
61625617
61625449
61625595
61625097
61657114
61625590
61626083
61626755
61625239
61657271
61625603
61624860
61626740
61626631
61627003
61625746
61657365
61625552
61657507
61627489
61627274
61625632
61627194
61626169
61627149
61627190
61625662
61627422
61626326
61657759
61627575
61627388
61627381
61627659
61625778
61627565
61626500
61627536
61625494
61627869
61657936
61627765
61626686
61628037
61627925
61626044
61627932
61626113
61626514
61626273
61627598
61628088
61626996
61626095
61628023
61626099
61658505
61626961
61658658
61628520
61658946
61628497
61628502
61658874
61627588
61626975
61628400
61628667
61658863
61628570
61627559
61628811
61628220
61627006
61628775
61628949
61627088
61627717
61659474
61629059
61629333
61627176
61627969
61659695
61629462
61629466
61629070
61628833
61627617
61627347
61628246
61659999
61629608
61628505
61659776
61629753
61659942
61629537
61659733
61628412
61629645
61627743
61660167
61629730
61660309
61629825
61630049
61628088
61630048
61628406
61630081
61629077
61629484
61629377
61629978
61630431
61629557
61628323
61630719
61628089
61660525
61629131
61660531
61629636
61629696
61660653
61629061
61660753
61630420
61630613
61630291
61630551
61628464
61661233
61629385
61660986
61630616
61630972
61628797
61629717
61661102
61630318
61631026
61629674
61630842
61630996
61630266
61629949
61631161
61629886
61630952
61631175
61629475
61631351
61631402
61631207
61631327
61629247
61629217
61661834
61629511
61661683
61630790
61630074
61631419
61661859
61631383
61631155
61631406
61631359
61661889
61631338
61630183
61631549
61630271
61631446
61629947
61630558
61630409
61630194
61662213
61629716
61631120
61630520
61630203
61631778
61632014
61630246
61632125
61632059
61662217
61631958
61630170
61632108
61630810
61630794
61632241
61630463
61632216
61631018
61630424
61630201
61631121
61632349
61630564
61632204
61632397
61630759
61631094
61632431
61662826
61632498
61663079
61632265
61631227
61631029
61631462
61663069
61632719
61633183
61632031
61663029
61663423
61631744
61632900
61663287
61632998
61663047
61631710
61632040
61663415
61632888
61632961
61631183
61631524
61631632
61633021
61631812
61630932
61632946
61633088
61631155
61633029
61663416
61632466
61632211
61633361
61632091
61663544
61663530
61633550
61633390
61633182
61663871
61632023
61663679
61633766
61632800
61632848
61631599
61632105
61632773
61633520
61631801
61633680
61632430
61633540
61633803
61632066
61633881
61632898
61633620
61634021
61633643
61632526
61632678
61635879
61664212
61633491
61634269
61633957
61634101
61632113
61634108
61664769
61634389
61634363
61664683
61664787
61633243
61632622
61634470
61634557
61632960
61633942
61633606
61634915
61665081
61634683
61665011
61633008
61633595
61634831
61633638
61665215
61635114
61632846
61665467
61665582
61633671
61635095
61665441
61634936
61635701
61636884
61635750
61635548
61667627
61636196
61636381
61636359
61668003
61638012
61637499
61637972
61637880
61668301
61637694
61668217
61637995
61668375
61668474
61637960
61668825
61638411
61637073
61668612
61637803
61638297
61636583
61637333
61638479
61638604
61668779
61639124
61669266
61638696
61638047
61637967
61638551
61636919
61638798
61638053
61638066
61638741
61669213
61637622
61637501
61638637
61638765
61637119
61637861
61639046
61639067
61637208
61638910
61669352
61638925
61638413
61637992
61639299
61639511
61639414
61638181
61669635
61639452
61638397
61641191
61638912
61638939
61639622
61638317
61669857
61639553
61639777
61637577
61670243
61638727
61639792
61639492
61639805
61639837
61670049
61639676
61638106
61639856
61640018
61670255
61639315
61639902
61637846
61670432
61638678
61638110
61640079
61639950
61638906
61640240
61670508
61640243
61670789
61670630
61639105
61640398
61639106
61670757
61639662
61639165
61638487
61639704
61638801
61639757
61639444
61639873
61639532
61638567
61639100
61640786
61640747
61640026
61638975
61638662
61640125
61640931
61639639
61640678
61640200
61639791
61639305
61641083
61641344
61640329
61640551
61640362
61640021
61639330
61671325
61639969
61639113
61641661
61641134
61640029
61641210
61671592
61639854
61641343
61639288
61671755
61640241
61639654
61641330
61640546
61641757
61641039
61640382
61641109
61640168
61641924
61642212
61641737
61639821
61642220
61642052
61642254
61641949
61640002
61642258
61642075
61672225
61640506
61642173
61672789
61641514
61640932
61672706
61642676
61642301
61672601
61641277
61640711
61641327
61672884
61640668
61641532
61642717
61641244
61672884
61641873
61641361
61641159
61642670
61673351
61643019
61642708
61673369
61642797
61673018
61673368
61642942
61673275
61642997
61643191
61640982
61641361
61642949
61643142
61673607
61643533
61643527
61643396
61643276
61643467
61674017
61643809
61642182
61642106
61643805
61674349
61644068
61644148
61642181
61643033
61643904
61644385
61674661
61644332
61644393
61674815
61644464
61644397
61644650
61644377
61644385
61644589
61642911
61644694
61643290
61644570
61644636
61643348
61644543
61644158
61644996
61644582
61644804
61675348
61643736
61643751
61645055
61643860
61643244
61643281
61643492
61645355
61643594
61645350
61645280
61643251
61643863
61675655
61675895
61644328
61645516
61644900
61643550
61644193
61645417
61645634
61644589
61645777
61676206
61646126
61644087
61645915
61644716
61676102
61645826
61645684
61644300
61644651
61643908
61644663
61645681
61645268
61643875
61644716
61645231
61645869
61644175
61644107
61645731
61676394
61645927
61646102
61644859
61644045
61644255
61646233
61676387
61676744
61646160
61676907
61644207
61645052
61644319
61646161
61676848
61646441
61645174
61644884
61644837
61646493
61646317
61645183
61644660
61644342
61676857
61646742
61646522
61677119
61646716
61646773
61646077
61646111
61646944
61646527
61646805
61645089
61677278
61645774
61646417
61646884
61677324
61645004
61647252
61647138
61646519
61646634
61677668
61647013
61647120
61646963
61646369
61645320
61677818
61645734
61647272
61677766
61647496
61647977
61647659
61647437
61647777
61646496
61677810
61647730
61645903
61647667
61647577
61646236
61646617
61645812
61647913
61647591
61647744
61678355
61647756
61647088
61645784
61646906
61678361
61646593
61678117
61647728
61649745
61646501
61648078
61647988
61646792
61646749
61648347
61646487
61678655
61647076
61646662
61678559
61648180
61646816
61647684
61648628
61647224
61647284
61647134
61648517
61646886
61678933
61647567
61648799
61647583
61679000
61648730
61647408
61647433
61647892
61679288
61648736
61649168
61648985
61647947
61647438
61647888
61679304
61647459
61648534
61649220
61648073
61648122
61649556
61679966
61649368
61680001
61649270
61648448
61649748
61649779
61649620
61648499
61648035
61649656
61680057
61649675
61649381
61680017
61648489
61648136
61649685
61680300
61649805
61649724
61680109
61648698
61648010
61649340
61649038
61648878
61648221
61680780
61648977
61680514
61648825
61649100
61650593
61649745
61648463
61650565
61649390
61650701
61650028
61649140
61649375
61650562
61651298
61681009
61650942
61650820
61650326
61650316
61651173
61649851
61681327
61649270
61650665
61650089
61651403
61681896
61651603
61650543
61653258
61652760
61653673
61652338
61654032
61653881
61652121
61653989
61652542
61684630
61653162
61654277
61661738
61662878
61661563
61693171
61662748
61661175
61663018
61662129
61661231
61661561
61663121
61661865
61661835
61693246
61663113
61663298
61662131
61662559
61663403
61693657
61663884
61693994
61663561
61663274
61663611
61661925
61663675
61662462
61663873
61663952
61663879
61662649
61662164
61694240
61662865
61663981
61663288
61663328
61663952
61664338
61664227
61663985
61664226
61662955
61664309
61663608
61663987
61664273
61663133
61694470
61662425
61664725
61664378
61663775
61664385
61664169
61664360
61694898
61664481
61664331
61663242
61663305
61662967
61663249
61694656
61664622
61662343
61662954
61664487
61664434
61663764
61664389
61664461
61695022
61664254
61663347
61664243
61664662
61663288
61664582
61663441
61694993
61662696
61663931
61664865
61663255
61664856
61664745
61695192
61664812
61664889
61695315
61695445
61663768
61665062
61663877
61663082
61695455
61663863
61665136
61664295
61663973
61665021
61695546
61665111
61663394
61665130
61665299
61663434
61664573
61663477
61665794
61665640
61663560
61664493
61663671
61665597
61696053
61665660
61665425
61664849
61665911
61664235
61665892
61664783
61665919
61664624
61665806
61666133
61665273
61664748
61664304
61665907
61666055
61664036
61696617
61666015
61664520
61666280
61664975
61664578
61696550
61665198
61664688
61666172
61664588
61666528
61666373
61696806
61666324
61696798
61664492
61664764
61665341
61664900
61665247
61665502
61666720
61697204
61697247
61666625
61697193
61666842
61697085
61665086
61666918
61665102
61666855
61665334
61697587
61667042
61666667
61697333
61665892
61665876
61665750
61665584
61665570
61667021
61667235
61667363
61697873
61667361
61667246
61667514
61697949
61667533
61667505
61667112
61666256
61666808
61667208
61666482
61667536
61665696
61667384
61667079
61666015
61667617
61667165
61698336
61667940
61667691
61667709
61667509
61698527
61668051
61668200
61666538
61667312
61668344
61666641
61666995
61667729
61668353
61668282
61667736
61667104
61666426
61668824
61668537
61667865
61668703
61699177
61667561
61666777
61668849
61699224
61669003
61699432
61668970
61668625
61667224
61667966
61668978
61667950
61669066
61669037
61699288
61669016
61667429
61669288
61669271
61668575
61667927
61669344
61668749
61668795
61669600
61699862
61668819
61667890
61669653
61667844
61667430
61669638
61669671
61668500
61671595
61669891
61667896
61668532
61667851
61668710
61700350
61668537
61667856
61668436
61669847
61670071
61670164
61670231
61668884
61671952
61670292
61668226
61670128
61700834
61670269
61668518
61700876
61670529
61670583
61669369
61670506
61668622
61670070
61670312
61669081
61669752
61670489
61670521
61701053
61670646
61669270
61670567
61701102
61670316
61670516
61701000
61670682
61670666
61668744
61669667
61670827
61669618
61668882
61669730
61671146
61669722
61669754
61671061
61701614
61671282
61669950
61671301
61670454
61669940
61670003
61670056
61671428
61701882
61671296
61669189
61701739
61670295
61701665
61671473
61671567
61671695
61671777
61671765
61670532
61671478
61671649
61670053
61671779
61670391
61669909
61671539
61671090
61702237
61670589
61671136
61670797
61671849
61670618
61702425
61670898
61672147
61670989
61672268
61671963
61702467
61672173
61670268
61702608
61671158
61672465
61671348
61702914
61672459
61670877
61671925
61671416
61672734
61671549
61672613
61672631
61703030
61672566
61672891
61671110
61672846
61672491
61672924
61671701
61703036
61672951
61672948
61703134
61672836
61703268
61673176
61671319
61673174
61672982
61703307
61673329
61703625
61673262
61673255
61671383
61673308
61703937
61673306
61673264
61703894
61673498
61671847
61672338
61673690
61703999
61673552
61673857
61673014
61673748
61704315
61672211
61674297
61704054
61673858
61704467
61673996
61674005
61674180
61673439
61672554
61672661
61673132
61673027
61673045
61704482
61674796
61704757
61704809
61673291
61673684
61672676
61673404
61674694
61672648
61673520
61674062
61674424
61673537
61673768
61673824
61674194
61673679
61674296
61673364
61674742
61673728
61673804
61673740
61674282
61675364
61675129
61675284
61674134
61674614
61673934
61673993
61675359
61675518
61673582
61674251
61705883
61675409
61674444
61673742
61674463
61673689
61675581
61706101
61675332
61674490
61674508
61674666
61675221
61675567
61674920
61674747
61675915
61706365
61674407
61676069
61706308
61676053
61674401
61676048
61676531
61678179
61708858
61678669
61678456
61677355
61677195
61678529
61678978
61677804
61679019
61677735
61677787
61679102
61677052
61679293
61709296
61679008
61709370
61677208
61678011
61677620
61679355
61709950
61679571
61679557
61678351
61678328
61678312
61710048
61679411
61679639
61679393
61679856
61678483
61677692
61710252
61678682
61679966
61679320
61678981
61680106
61710305
61680020
61677987
61678728
61710493
61680235
61710670
61680353
61680099
61679461
61679185
61678636
61679758
61679298
61680427
61679736
61678716
61678568
61679184
61710690
61680453
61711030
61680807
61710998
61679675
61679356
61679622
61679123
61679589
61680077
61680995
61679072
61680795
61679977
61681188
61680532
61681252
61711639
61711698
61681007
61711726
61711709
61680176
61679701
61711978
61680495
61679903
61680524
61679617
61681815
61680562
61681907
61680972
61680566
61681630
61681033
61682132
61681425
61680842
61712650
61680501
61682240
61682104
61682383
61682407
61681015
61682159
61680324
61682236
61712654
61712902
61681179
61682461
61682534
61712855
61682392
61680364
61680708
61681298
61681877
61681215
61712807
61712930
61682941
61683045
61683129
61713186
61681565
61681690
61683062
61683262
61683359
61682936
61683592
61681248
61683241
61713720
61683236
61682161
61683192
61683110
61682424
61683311
61714114
61683429
61713914
61683402
61713711
61683507
61713858
61683467
61714091
61683631
61682023
61683759
61683932
61713909
61682484
61683878
61683985
61682275
61682784
61683120
61682598
61683886
61682710
61714333
61683859
61714325
61684048
61684098
61683525
61683047
61684211
61684383
61682638
61684514
61684542
61684718
61684454
61682496
61684459
61714832
61714845
61684551
61684692
61684269
61684855
61682615
61682883
61683894
61684932
61685148
61685088
61684420
61715366
61685007
61683784
61683843
61683865
61683091
61684880
61715668
61683647
61684759
61684987
61684690
61685137
61685339
61685180
61684462
61684263
61685297
61715424
61685179
61715975
61684812
61715983
61683414
61684516
61683887
61684210
61684167
61685470
61684031
61685599
61684026
61685820
61685995
61685823
61716236
61686180
61685908
61716386
61685151
61684531
61685179
61685974
61716344
61686102
61684304
61685020
61684974
61684906
61685003
61686436
61686206
61716827
61684957
61685921
61686119
61684041
61684708
61716289
61686103
61716621
61685165
61686394
61684818
61685988
61685039
61686967
61686461
61684988
61686659
61686934
61686907
61686863
61686714
61717153
61686958
61686957
61685233
61686986
61687035
61685550
61687059
61685343
61687123
61686754
61686790
61686916
61717415
61687047
61717534
61687357
61685922
61687247
61685321
61717547
61687412
61686072
61685983
61685478
61687217
61687479
61687318
61687618
61687671
61717851
61686243
61687910
61687887
61688062
61687900
61688099
61688042
61687878
61687270
61686233
61686944
61687068
61688256
61687191
61686311
61688493
61688500
61688427
61688506
61687339
61687450
61686886
61688109
61687720
61686926
61688920
61688937
61688826
61688994
61688981
61689007
61688645
61689061
61688221
61688765
61688032
61689158
61719587
61689126
61688297
61688047
61688241
61688721
61689478
61688744
61689543
61688327
61688766
61688291
61689753
61689665
61688723
61689893
61719977
61688604
61689652
61719885
61690266
61687861
61689909
61690064
61689620
61690107
61689963
61689849
61688897
61690071
61720360
61689896
61690108
61688008
61689985
61720500
61720607
61689103
61689439
61689081
61688637
61688775
61689208
61688396
61689032
61721078
61690632
61688724
61688611
61689432
61689512
61690885
61690988
61688915
61689613
61690649
61690891
61690597
61690783
61689804
61689828
61689871
61721356
61691197
61721480
61721560
61690152
61691353
61690584
61690080
61721834
61691042
61691396
61689720
61691254
61691510
61721795
61691502
61691574
61691753
61691801
61690203
61690475
61689667
61691735
61690070
61691871
61690130
61722268
61691831
61691822
61689861
61691811
61690888
61692014
61691119
61692205
61691044
61691889
61691959
61722609
61692009
61722504
61690063
61690740
61690199
61690759
61690565
61690282
61691205
61692334
61691265
61690828
61690353
61692674
61692539
61692741
61692716
61691075
61723276
61691618
61691537
61691603
61690795
61691420
61692658
61692756
61691101
61693012
61693017
61690920
61691781
61691144
61693015
61723436
61692523
61723661
61691400
61691792
61692463
61691893
61723450
61693787
61691578
61723671
61692036
61692622
61692332
61695075
61697229
61726090
61695887
61695594
61726068
61695661
61694811
61695896
61726253
61696483
61726617
61696111
61696291
61696183
61694518
61696376
61694171
61696421
61696177
61696620
61696638
61694869
61695512
61694824
61696678
61727182
61697121
61696956
61697080
61697087
61697204
61697267
61696451
61696025
61695957
61696027
61695250
61695783
61727364
61697663
61727719
61697538
61695806
61696816
61727823
61697540
61696444
61697726
61695908
61697910
61698061
61698039
61728103
61697940
61697981
61698021
61696954
61696250
61696933
61698209
61696421
61698471
61697366
61697504
61697173
61697037
61696987
61697286
61697813
61728458
61697646
61696954
61698546
61696569
61697174
61696462
61698473
61729152
61698868
61697035
61698839
61697501
61697121
61697469
61696825
61697584
61706492
61708316
61707219
61708539
61706854
61708658
61708444
61738966
61707390
61707880
61707437
61706727
61708570
61708597
61708913
61739535
61708413
61708721
61739319
61707716
61739444
61709234
61707664
61708003
61708059
61709387
61709290
61739700
61709354
61740015
61709526
61707830
61709570
61739935
61709446
61739912
61709464
61708365
61709556
61707970
61740185
61708579
61709017
61708649
61708418
61709732
61709874
61708108
61709786
61710178
61710114
61709401
61708848
61709215
61709449
61740405
61709955
61740398
61710399
61740477
61710105
61709925
61708579
61710185
61740549
61710036
61710141
61710337
61708606
61710171
61708129
61710324
61709129
61708787
61709076
61708692
61709315
61709289
61710361
61741043
61711146
61741076
61709500
61709025
61709749
61711001
61710979
61710215
61709943
61710928
61709842
61711036
61710411
61711247
61711165
61711228
61710422
61741413
61711145
61741553
61711454
61711099
61711529
61711228
61711688
61711529
61741761
61711567
61742249
61710994
61709889
61742030
61710526
61710584
61742090
61742006
61711731
61710234
61711201
61712066
61712071
61710865
61712066
61712078
61710008
61710788
61711422
61742685
61712318
61712300
61710809
61710582
61711107
61711700
61711191
61710585
61712541
61712505
61711131
61711420
61710875
61711388
61711892
61712745
61711179
61713014
61713244
61713136
61713182
61711010
61712285
61713097
61743665
61712509
61712796
61713229
61712508
61713262
61713124
61711242
61712079
61743668
61712649
61713039
61713348
61711711
61713683
61713676
61743798
61713544
61743983
61713740
61713368
61744116
61713656
61711718
61712478
61715522
61713793
61713468
61713860
61711801
61713737
61712740
61713910
61714083
61712750
61744785
61713492
61712541
61712295
61713938
61714375
61713224
61713803
61744796
61745008
61714471
61712982
61714629
61714431
61714559
61713989
61714860
61715144
61713426
61713753
61745053
61714905
61715090
61713428
61745637
61713588
61713338
61714153
61714534
61713583
61745578
61713598
61745764
61715286
61745553
61715404
61745715
61715343
61715354
61715529
61715304
61715620
61715316
61715838
61715593
61714503
61714501
61715764
61715009
61715766
61714400
61714976
61714512
61713772
61714634
61746115
61715782
61746141
61715912
61716106
61716182
61715799
61716270
61714461
61746491
61716041
61716162
61716797
61716459
61715206
61716421
61716585
61746852
61715362
61715359
61715329
61714615
61715125
61714855
61716480
61746715
61716478
61716706
61716725
61746952
61716970
61716551
61716097
61716855
61716130
61715239
61716807
61747171
61716603
61716943
61715264
61716942
61716934
61717023
61747446
61717104
61716979
61717192
61747752
61717177
61716622
61716117
61716125
61715936
61717470
61717157
61717569
61717313
61717619
61715827
61717296
61716423
61715958
61716655
61716940
61748115
61748279
61718306
61718128
61718017
61718072
61718214
61718306
61717853
61717120
61718102
61718345
61718193
61718330
61718372
61716756
61716967
61717355
61718450
61717415
61717206
61718302
61718284
61717721
61718412
61716613
61717156
61718854
61718495
61748931
61718422
61749027
61718575
61718655
61717227
61717441
61718663
61718453
61716632
61717274
61716826
61716639
61717085
61718828
61749460
61718735
61717029
61718638
61717113
61718962
61719073
61749347
61719438
61749309
61719050
61749648
61718437
61717768
61718467
61717894
61718474
61717272
61718923
61719312
61719039
61719284
61717625
61718687
61718176
61717494
61718394
61719670
61719780
61717639
61718871
61718296
61718616
61721143
61752104
61721718
61721059
61722118
61721880
61720865
61720749
61720898
61720691
61722217
61752556
61721788
61752841
61722375
61752700
61722512
61722210
61722412
61722624
61722588
61721850
61722686
61752986
61721070
61722877
61753214
61722747
61721168
61721666
61722144
61722977
61722164
61722914
61723351
61753198
61722840
61753275
61723233
61723082
61753358
61722138
61723363
61723039
61753603
61722006
61722190
61723589
61722006
61723551
61754145
61723663
61722103
61723730
61723675
61721805
61723872
61754168
61723908
61754218
61723254
61722862
61724142
61722247
61722649
61722770
61723209
61722302
61724099
61754609
61723681
61724505
61724293
61724252
61724325
61723058
61724540
61724091
61722219
61724230
61754563
61754746
61724417
61724617
61724324
61724756
61724707
61722525
61723349
61724051
61723436
61722850
61724691
61723003
61724968
61723124
61723869
61725118
61755130
61755114
61723730
61724248
61723945
61725313
61725157
61723506
61755674
61724156
61723790
61724233
61723706
61725370
61755732
61725396
61725452
61724900
61724395
61724297
61724401
61723620
61725703
61723955
61725940
61725881
61756173
61725929
61725970
61725756
61725350
61726111
61756435
61724934
61724280
61726219
61726355
61726591
61726393
61726570
61726734
61726685
61724841
61757271
61726669
61756902
61726763
61757044
61725013
61725675
61726777
61757138
61726744
61757272
61727061
61725870
61727231
61727175
61757541
61727066
61757473
61726837
61727406
61727376
61725661
61727499
61727306
61725788
61725651
61726425
61726258
61726402
61728059
61727859
61726108
61727741
61725624
61758328
61726943
61727856
61726739
61727096
61726573
61726341
61727598
61758545
61727973
61758648
61726902
61726941
61726436
61726498
61728292
61728006
61727198
61726884
61758854
61727393
61728267
61726411
61727102
61727316
61728564
61759067
61728406
61728469
61727005
61727541
61728766
61727645
61727487
61728637
61758962
61728674
61759181
61727554
61728582
61728647
61727122
61728148
61729020
61728911
61727504
61728999
61729157
61728995
61727960
61729039
61727891
61759168
61727753
61728398
61727900
61727054
61759242
61727846
61729105
61728872
61728476
61727809
61727607
61728006
61727990
61729441
61759754
61729686
61729308
61728461
61759599
61728671
61729486
61729385
61759490
61728054
61727376
61728011
61728129
61729413
61759986
61729312
61759981
61760005
61728362
61729614
61729371
61729671
61729553
61728457
61760037
61727898
61729654
61728037
61729859
61728653
61728613
61729283
61730180
61760324
61760515
61729962
61760359
61730386
61760402
61730193
61729947
61730212
61729874
61730327
61730402
61760661
61730215
61760571
61729606
61760743
61730281
61760552
61760509
61729284
61730522
61729449
61730648
61729916
61729870
61729273
61729479
61729446
61730609
61730568
61730777
61730708
61730810
61729826
61731092
61730889
61761174
61730790
61761328
61730918
61731022
61729201
61730001
61731263
61730051
61729243
61731308
61729586
61731342
61731370
61730521
61730430
61729766
61761922
61731659
61731535
61762075
61762109
61730917
61730231
61730985
61762260
61730886
61730921
61732035
61732070
61731921
61731769
61761896
61731710
61762073
61732101
61731844
61732080
61762093
61731415
61732255
61762389
61732151
61731059
61732390
61732397
61732505
61730317
61730284
61731156
61731687
61730644
61731791
61731383
61731367
61731333
61732876
61732858
61763113
61732739
61732730
61730643
61731396
61731835
61763206
61732487
61732892
61733121
61733082
61731996
61733221
61731868
61731561
61733170
61731468
61733197
61732060
61731796
61763755
61733801
61731729
61733581
61733660
61733747
61733696
61733352
61733008
61733895
61733553
61732442
61733869
61764168
61733686
61764157
61733060
61732747
61733264
61734106
61764296
61734062
61764559
61734192
61733602
61734459
61734435
61734529
61734020
61764626
61734237
61732341
61734287
61733169
61733236
61732764
61733815
61734678
61733357
61734630
61734825
61764908
61733341
61732626
61733172
61732604
61734904
61734566
61765347
61733681
61734196
61733841
61734301
61734217
61733249
61734978
61733456
61735171
61733743
61765500
61735270
61765637
61735230
61765541
61735617
61735534
61735777
61734483
61734134
61735726
61765941
61735803
61766240
61765897
61735492
61735907
61734215
61736091
61735898
61733945
61734783
61736073
61736214
61734539
61736121
61734545
61736088
61734400
61736225
61735904
61734044
61734954
61736064
61734246
61736917
61736983
61769610
61769686
61738071
61738079
61738074
61738246
61738706
61738795
61739590
61738708
61737681
61738436
61741451
61739750
61770120
61740412
61770663
61739377
61739020
61740320
61739033
61739492
61739028
61739030
61740135
61770556
61740148
61770818
61740570
61740202
61740392
61739763
61740548
61739288
61740381
61740767
61771093
61740531
61739033
61739181
61739611
61740057
61741050
61771382
61741011
61771355
61739760
61740894
61738939
61739455
61738883
61771071
61740836
61740865
61740691
61739715
61740803
61739947
61741182
61739901
61741018
61741329
61739496
61741283
61740989
61741368
61741427
61739241
61740068
61739694
61739317
61740226
61740556
61740164
61741284
61741475
61771719
61741365
61771762
61741354
61740346
61741694
61741685
61741700
61740320
61741743
61739698
61741438
61741826
61740076
61740838
61741643
61741138
61741052
61740243
61740120
61771980
61741762
61740026
61740645
61740063
61741205
61741910
61742045
61740379
61741995
61740210
61742398
61741159
61742277
61741058
61740597
61741661
61740427
61741111
61742250
61772532
61742271
61740749
61742700
61740901
61741922
61772829
61741192
61742365
61741523
61742824
61743329
61743133
61741561
61742346
61741581
61743156
61773423
61741753
61741082
61773665
61773800
61743318
61741296
61741918
61773499
61743477
61742736
61742299
61742348
61743410
61741473
61743313
61773892
61742866
61773961
61743628
61744106
61743637
61742098
61743608
61742348
61741797
61742669
61742156
61743950
61774111
61743768
61742209
61742378
61742770
61743981
61742758
61742746
61743011
61742885
61744001
61774420
61742974
61744165
61744285
61744246
61744160
61742713
61744370
61742345
61744274
61774510
61744563
61743761
61743310
61744535
61742493
61742528
61743421
61743819
61743505
61742993
61744062
61775302
61744727
61743048
61743629
61745069
61745032
61744711
61744912
61743105
61743837
61745049
61775533
61745034
61744525
61744443
61745279
61743759
61745165
61744991
61745130
61744895
61745256
61744791
61745176
61745231
61745254
61744055
61744039
61744037
61745389
61744118
61745480
61745012
61745495
61743584
61745340
61743672
61745599
61745556
61743733
61743751
61744612
61745602
61745712
61745652
61745520
61745692
61776155
61745746
61775999
61745653
61776249
61745699
61744011
61745777
61776122
61746197
61776157
61746197
61776517
61745958
61746162
61746091
61776490
61746029
61776300
61746018
61776573
61746371
61776541
61746161
61776629
61745465
61776661
61746125
61746132
61746141
61745307
61746345
61746172
61776638
61745148
61745351
61745431
61745343
61745352
61746638
61746783
61746689
61745836
61746705
61746336
61746663
61744970
61746384
61777198
61746520
61745947
61745561
61745021
61745674
61746683
61746328
61746788
61744939
61745714
61746706
61746998
61746911
61747116
61746927
61745854
61745108
61746400
61745372
61745811
61746192
61745738
61746170
61777469
61746982
61747271
61746875
61757702
61757768
61757865
61788568
61757939
61756333
61755943
61757778
61758043
61788453
61758185
61756421
61758075
61756938
61756706
61757610
61757742
61756418
61788963
61758457
61788741
61757026
61756376
61788687
61788596
61757141
61757669
61757109
61758197
61758004
61757145
61758823
61757008
61758764
61789291
61757635
61757848
61758994
61789235
61759001
61789268
61757190
61759154
61759224
61758657
61759250
61758971
61757210
61758368
61759255
61758599
61759391
61759256
61757684
61758291
61757593
61789705
61789845
61759343
61758177
61759676
61757894
61759738
61757931
61789740
61758372
61759809
61758891
61758891
61758538
61758306
61758770
61759947
61758862
61758826
61760041
61790399
61760043
61758268
61759973
61790637
61759031
61760144
61760295
61760320
61759158
61759390
61759975
61760254
61760429
61760465
61759157
61760341
61758635
61759013
61760346
61760531
61759271
61760581
61760582
61758498
61790783
61791137
61760663
61791225
61760807
61759729
61760113
61791144
61760806
61759775
61760794
61758834
61760658
61759160
61760084
61759155
61760952
61791371
61760777
61761096
61761107
61791357
61760964
61759428
61761304
61761031
61761320
61759573
61791401
61760625
61761499
61761031
61761368
61761292
61759498
61761393
61791921
61761414
61759846
61760059
61760499
61761782
61760429
61761767
61761636
61760599
61760417
61792070
61761580
61761136
61760709
61761798
61761943
61759894
61761569
61761878
61761907
61761218
61760915
61760665
61760996
61760994
61761173
61760667
61761615
61762287
61761580
61762279
61761118
61761544
61761103
61760309
61761060
61760300
61761159
61793015
61761062
61762627
61792865
61762543
61760964
61762799
61792803
61762658
61762595
61762831
61760734
61762160
61761837
61763042
61761346
61763147
61762740
61763016
61763225
61763087
61761398
61763103
61763148
61763365
61763119
61763558
61761818
61762613
61762273
61763621
61763715
61763792
61763306
61763493
61761790
61763121
61765577
61764579
61766015
61765908
61765552
61796036
61796545
61766079
61796616
61766095
61765006
61764945
61766290
61765620
61765196
61765146
61766288
61764738
61766497
61764798
61766535
61766365
61797148
61765332
61764791
61765590
61765228
61766827
61766199
61766290
61765493
61765995
61797694
61766516
61767191
61767260
61767269
61766162
61767220
61797700
61767273
61766109
61767350
61797993
61767197
61797733
61797708
61767162
61767475
61797969
61767474
61766227
61767572
61798265
61767550
61798198
61797927
61767865
61767744
61767899
61767898
61768093
61767820
61768099
61768131
61768133
61768397
61766678
61768294
61766845
61768409
61799037
61768425
61766750
61768486
61768216
61799063
61767853
61768648
61767511
61768798
61768639
61768752
61768954
61767208
61767723
61767525
61767952
61767744
61768297
61767054
61767878
61769103
61768444
61768196
61769073
61799381
61769113
61768912
61769145
61799576
61769169
61799568
61769147
61768491
61769365
61799805
61769470
61799691
61767961
61768691
61768308
61767901
61799664
61767821
61769269
61769496
61800087
61769591
61768892
61800036
61769623
61800127
61769936
61768202
61769805
61768253
61770040
61768739
61770002
61769825
61770206
61770330
61770202
61769122
61768620
61769108
61768626
61770388
61770216
61768636
61770365
61770531
61769837
61800611
61770476
61800908
61770427
61800941
61770456
61768991
61770695
61801070
61770635
61801198
61769033
61801215
61769543
61770191
61769792
61770698
61770231
61770968
61769032
61769698
61769031
61769875
61801295
61769572
61770139
61801730
61770767
61771272
61771307
61801691
61801923
61771446
61771735
61771730
61771122
61801910
61771100
61771848
61771592
61769763
61770611
61770523
61770740
61771196
61802641
61771648
61771829
61770059
61770651
61802218
61770879
61770949
61771070
61772151
61770849
61771182
61771129
61772443
61772461
61772583
61771138
61772698
61771550
61772687
61772793
61803070
61772602
61803068
61772669
61773013
61772778
61771088
61772834
61771687
61772950
61772818
61772853
61771973
61771957
61772443
61772581
61773270
61771245
61772093
61772063
61803440
61772998
61772070
61772649
61772270
61772069
61773186
61773518
61803666
61772544
61773505
61773208
61773627
61771424
61771826
61773563
61803939
61803992
61773531
61773943
61804477
61771978
61774278
61774075
61804663
61774433
61773805
61773482
61804404
61774121
61804638
61774149
61804583
61804789
61774219
61804696
61772549
61772740
61774432
61774207
61774640
61773404
61773165
61773922
61774758
61774872
61805127
61774761
61775083
61774965
61773314
61774992
61775092
61775169
61774683
61775108
61773365
61805423
61775324
61775308
61773673
61775444
61773714
61775282
61773795
61775449
61805757
61805672
61773369
61805546
61774150
61774134
61774323
61775535
61775240
61775478
61775562
61775481
61806015
61775474
61775530
61775643
61806154
61774387
61774987
61774540
61773800
61774686
61775962
61774719
61774512
61774636
61774764
61775093
61774262
61775142
61774546
61776049
61806374
61776103
61806422
61774370
61806514
61776098
61806361
61776114
61806600
61776284
61775433
61775254
61776517
61775407
61776594
61776622
61775961
61775977
61776813
61776105
61776911
61776966
61776756
61775033
61776827
61775063
61806898
61807078
61776631
61776607
61774743
61775498
61775504
61775303
61776656
61776031
61775608
61775144
61807273
61775282
61777072
61807413
61807443
61776958
61775737
61775790
61775942
61775209
61776379
61777220
61776059
61777356
61777339
61807310
61775985
61777371
61776021
61777267
61777339
61777369
61807647
61777389
61807701
61777330
61776110
61777458
61775855
61777752
61777465
61777809
61777587
61775988
61776586
61775877
61776827
61775941
61808143
61808421
61776733
61776789
61776893
61777971
61777849
61776111
61776873
61777354
61808498
61808791
61778159
61777130
61808636
61776615
61776776
61778365
61808901
61778474
61778703
61778664
61809005
61779064
61808835
61778687
61778695
61778898
61778649
61779149
61778841
61776883
61777759
61778041
61779228
61777162
61777852
61777353
61779041
61809456
61777970
61779291
61778187
61779368
61779333
61777410
61778354
61810065
61779535
61777880
61778950
61779774
61779834
61779431
61779658
61778572
61779791
61779129
61778565
61779594
61779612
61777716
61778540
61778150
61779095
61779646
61779851
61777955
61778878
61779923
61780141
61778140
61779887
61780121
61780219
61810568
61779144
61780290
61779109
61778761
61780482
61810675
61779100
61779659
61780519
61780303
61780528
61811095
61811089
61779926
61779381
61780833
61779284
61779717
61780795
61779418
61811455
61780344
61811286
61780961
61811299
Peak: 62169349
Average: 61008246.1963201
