0
108588
379930
826563
1133911
1946097
2363617
2771328
3061860
3584215
3867993
4349054
5220566
5397411
5722969
6188936
6684244
7132410
7372832
7778383
8336329
8757668
9033236
9350770
9584912
9918847
10674376
11010705
11618657
12424688
12735436
13036546
13529104
14074900
14569542
15117039
15647047
15988265
16305533
16526949
16657239
16725207
17069312
17233651
17519624
17906762
18053850
18287966
19583014
19402337
19595667
19690642
19694218
19936820
20120940
20266247
20434509
20815629
21361612
21662022
22156873
22706973
23242552
23508699
23960664
24270021
24421404
24574682
24744705
24943914
25176544
25426109
25830746
26133379
26629393
27006068
27620812
28301040
29162852
29823742
29921109
29926265
29928869
29927071
29945092
29956972
30203351
30793319
31294333
31535932
31819519
31980938
32274650
32340384
32432620
32500779
32537432
32626249
32949684
33215974
33765749
33851797
34346836
34465627
34644848
34687550
34658969
34741177
35045600
35154603
35761648
35864516
36191789
36753438
36824402
37068844
37602719
37674633
38379359
38379519
38379398
38379432
38379501
38665211
38750917
39021402
39124062
39210075
43154264
43186950
43474654
43575321
44114155
44161453
44198206
44267871
44330664
44355171
44438484
44478428
44541552
44584196
44649051
44693261
44896020
44996924
45176819
45520927
45637621
45866325
46173953
46697519
46852728
46892637
47084006
47185194
47244075
47469659
47545710
47668014
47985787
48146054
48364410
48567377
48655480
48800315
49394988
49502847
49602272
49627575
49909749
50038675
50197064
50339232
50363277
50386373
50409045
50432269
50489237
50535707
50612101
50743593
50826071
50877176
51056509
51309606
51539282
51835357
52116349
52494743
52580726
52909103
52960408
53721407
54189225
54430457
54538687
54590818
54654227
54713741
54809150
54919080
55047137
55065944
55115073
55557184
55850277
56121414
56539228
56937329
56989261
57384753
57513053
58527309
57740727
57984897
57995423
58208461
58272118
58530479
58587714
58462901
58565373
58690792
58998080
59780680
59911920
60002664
60072272
60117779
60305214
60342320
60915510
61847276
60909348
60757136
60765206
60788221
60801483
60813942
60819136
60866660
60839053
60847645
60879556
60850817
60855122
60856947
60891626
60877364
60880328
60889921
60891783
60923313
60900396
60902340
60942474
60921841
60925137
60927916
60938721
60941970
60946876
60947176
60947921
60989831
60967562
60974836
60997996
60969328
60970698
60971821
60972292
60975136
60975898
60984274
60978834
60982069
60981560
60984381
60985437
61014925
60983460
60988112
60989878
60988789
60986996
60992658
60995765
60994805
60994420
60997181
61000042
60997416
61001262
61010257
61003163
61004265
61004860
61007139
61008898
61010778
61010531
61021500
61043307
61013414
61025305
61012789
61026271
61016052
61052722
61021371
61032542
61021390
61025909
61025828
61058986
61029225
61028324
61040035
61041353
61033073
61036858
61037533
61037236
61039914
61037169
61041267
61042104
61041787
61044498
61047474
61059245
61059556
61049243
61049070
61053057
61051984
61055025
61055571
61069508
61070483
61059550
61060627
61063594
61064449
61063850
61066445
61080097
61068346
61071654
61072495
61073110
61073434
61076006
61075235
61088787
61079932
61081358
61083833
61084742
61084107
61116957
61086364
61084128
61087221
61091981
61105211
61105948
61093494
61096992
61094016
61097867
61110274
61099422
61112035
61099102
61101281
61104996
61104115
61103862
61107549
61107580
61140185
61109499
61109479
61108308
61112588
61115211
61115633
61131805
61117598
61120509
61121271
61120411
61122926
61125024
61140749
61127017
61129789
61127109
61131324
61131442
61131680
61147805
61133293
61138944
61140065
61139380
61141917
61141079
61157848
61143069
61143946
61149451
61148371
61164444
61151416
61152198
61152088
61152455
61151273
61152885
61154731
61153729
61159416
61158594
61189039
61176288
61160413
61160489
61163096
61179883
61165422
61195761
61165050
61165315
61165849
61170116
61170625
61172874
61190254
61173318
61174262
61177013
61176348
61193725
61179507
61197812
61183128
61182949
61181859
61184349
61185716
61203171
61185713
61188603
61190110
61189475
61194177
61211573
61194224
61197325
61196480
61198099
61217382
61217730
61202454
61206195
61205058
61207654
61205028
61209405
61209932
61228256
61210607
61212517
61215772
61214209
61217212
61216067
61218877
61216187
61220194
61221173
61220140
61241242
61221763
61225069
61226056
61226597
61229371
61229962
61229863
61248953
61232226
61250232
61233182
61234063
61236698
61236820
61258500
61238487
61241600
61259678
61242502
61241461
61244467
61277679
61248299
61278837
61280662
61250723
61271607
61250430
61253620
61254042
61274972
61274967
61258524
61257177
61258312
61260463
61262570
61260828
61264225
61265505
61264339
61286810
61266154
61271927
61291653
61272961
61273522
61274905
61273849
61296702
61274211
61275879
61278333
61302660
61281530
61284545
61283609
61285952
61307759
61286114
61289029
61286703
61291209
61290478
61292360
61293296
61316954
61295956
61297886
61298063
61297915
61321802
61304233
61305084
61304477
61305188
61330062
61306960
61308810
61310653
61309657
61337489
61313951
61317105
61338759
61317916
61339747
61319115
61319844
61316655
61319442
61320019
61320044
61323851
61323404
61325790
61326408
61325074
61327943
61352110
61326494
61328568
61329345
61355514
61331721
61365067
61360398
61338722
61337895
61336882
61340637
61342050
61365703
61341597
61344761
61367024
61370705
61348420
61346001
61346901
61348043
61348913
61347352
61351674
61383799
61353547
61351422
61353679
61386300
61359033
61384537
61361213
61361831
61362975
61387697
61362457
61364416
61362586
61365919
61367090
61366996
61370725
61371859
61397272
61372581
61374662
61374694
61401738
61375236
61378230
61380136
61380750
61408696
61381026
61409279
61382135
61385865
61386846
61416690
61414590
61387594
61393250
61418415
61389500
61394824
61421672
61394700
61397737
61396650
61399104
61426005
61401934
61405082
61401838
61402097
61405299
61433638
61406299
61409362
61408475
61409131
61441237
61410847
61442122
61413883
61416702
61417745
61449139
61418416
61419345
61422197
61449080
61425739
61423211
61424185
61426362
61427133
61457192
61430936
61428452
61430429
61429755
61433844
61464696
61436254
61437265
61439975
61467957
61441355
61469106
61442651
61441779
61442476
61442712
61445043
61448926
61477636
61448786
61451797
61451005
61480097
61451425
61454168
61482600
61453842
61452535
61452116
61489376
61489101
61461100
61460301
61458791
61461014
61461807
61492978
61465601
61466120
61466888
61499309
61471681
61471552
61502813
61472093
61474795
61475867
61505923
61476080
61480896
61481683
61512305
61483871
61483065
61483574
61516261
61487434
61486252
61489770
61522324
61493480
61494044
61523857
61525397
61496345
61497008
61498251
61529395
61501833
61503003
61535056
61502566
61505463
61505214
61538761
61506142
61540656
61509837
61513169
61545035
61513026
61515965
61516903
61549021
61516285
61516034
61550592
61520000
61519179
61523243
61522016
61522833
61524118
61524378
61558504
61527463
61528111
61557612
61561812
61531257
61562617
61531753
61566095
61536051
61568825
61538027
61538454
61537770
61538688
61541750
61541495
61576338
61544242
61547231
61546346
61581849
61550158
61548983
61584988
61550490
61553095
61556386
61554201
61555999
61556659
61592515
61560396
61559097
61560028
61592745
61561399
61562034
61567631
61568501
61596907
61567850
61570400
61601645
61606070
61571099
61606965
61574150
61572680
61575234
61575215
61578032
61613599
61580472
61581172
61580404
61617346
61584100
61618768
61583825
61583320
61622967
61586280
61589742
61590253
61627161
61592833
61591637
61592509
61591631
61595616
61631063
61597519
61629606
61636766
61601713
61601336
61638645
61602123
61605313
61640717
61605954
61637724
61643111
61609455
61647853
61611334
61613867
61614710
61651838
61616767
61615766
61616709
61658015
61622985
61622958
61660712
61623755
61661558
61626061
61626589
61664803
61628721
61626681
61627934
61631311
61660953
61662042
61634951
61634210
61673113
61635917
61638982
61637342
61677034
61643664
61642834
61643295
61644193
61646981
61647050
61675420
61646883
61648060
61648195
61649321
61682546
61692789
61655966
61655544
61686269
61654252
61657799
61657025
61659871
61660620
61699609
61663344
61665954
61704800
61663721
61663822
61668087
61707527
61669878
61668311
61709503
61709578
61672009
61673727
61674597
61677441
61708929
61677044
61676213
61678695
61680685
61709250
61720296
61682132
61722141
61683944
61726633
61688535
61728441
61687860
61690162
61690875
61731579
61692995
61689289
61693855
61693327
61698709
61699835
61741066
61701563
61698328
61700500
61732191
61743965
61704150
61735913
61703613
61702966
61738488
61749773
61750148
61708849
61752533
61708981
61712842
61711786
61714408
61714615
61715588
61720746
61721650
61762910
61723424
61723131
61765938
61724095
61726511
61723552
61768361
61726560
61773714
61730738
61733312
61732372
61776374
61732402
61734490
61735210
61737748
61768733
61784260
61742863
61741755
61742576
61743494
61746038
61777536
61745615
61746277
61749208
61752270
61749893
61752926
61797305
61755649
61754957
61754517
61753845
61756358
61755089
61801115
61759329
61760038
61759771
61762283
61807464
61765670
61764735
61765541
61766330
61769281
61770117
61814106
61774414
61775177
61819734
61777144
61776915
61822663
61777743
61777974
61779133
61779109
61781557
61779908
61783605
61830794
61787291
61786539
61819031
61787565
61788220
61787862
61790180
61837030
61794390
61794908
61795848
61796717
61799470
61799998
61845590
61800504
61800946
61848214
61806623
61807526
61853335
61807338
61809877
61841592
61810838
61810043
61812844
61811943
61815487
61817241
61817123
61865095
61865631
61820747
61851541
61820377
61821193
61823922
61827145
61873892
61829287
61830058
61876414
61831684
61831327
61829848
61832063
61880729
61835306
61836945
61869433
61885681
61840156
61839124
61840148
61843065
61843883
61891941
61846877
61846748
61897193
61849531
61899600
61852996
61900053
61854078
61853597
61902846
61854369
61855198
61908173
61861338
61909190
61862501
61863240
61912050
61862524
61864969
61864084
61864910
61915127
61867523
61870001
61870725
61873519
61870852
61905403
61905227
61874085
61874682
61877469
61875716
61876390
61877817
61930472
61882946
61933195
61882808
61883915
61935637
61887354
61886353
61917644
61938071
61890232
61893680
61944012
61895344
61895413
61946726
61897833
61896809
61895755
61930558
61898269
61902757
61901269
61904009
61955604
61904203
61907083
61903347
61957326
61908182
61905622
61908367
61959519
61911073
61910237
61965703
61914522
61916722
61913866
61917960
61969518
61919791
61920312
61971556
61922341
61972630
61925574
61977026
61927095
61926037
61926158
61927323
61927714
61928201
61929056
61928154
61931112
61984379
61936570
61988172
61934765
61938570
61990052
61940101
61991642
61939083
61940003
61993550
61943407
61942926
61945769
62000569
61949245
61946767
61949335
62003167
61952208
61952452
61951748
61954319
61956034
61956143
61958900
62011384
61956727
61960971
62013351
61962106
62014872
61963967
62015751
61964435
61963427
61964315
61969427
61968539
61970147
61970670
62025339
61973735
62026406
61974328
62028624
61976161
61978948
62033856
61979988
61980804
62037436
61984589
61985096
61984194
61984682
61985743
62041988
61991717
61989091
61993040
62047333
61990963
62048443
61995064
61994434
61995107
61996063
61996814
62053004
62002794
62002676
62059117
62005522
62060302
62006003
62062025
62005986
62006951
62007455
62009536
62011418
62011742
62014005
62013219
62015859
62014961
62016662
62018246
62016872
62018394
62075354
62023917
62024578
62079634
62080543
62024540
62082872
62028017
62026721
62029446
62085505
62031093
62029415
62033019
62091514
62032767
62035486
62093865
62038537
62038602
62068824
62096415
62038037
62042044
62101626
62046332
62047136
62075711
62046264
62047465
62106141
62050690
62050130
62108476
62052175
62056225
62054037
62057693
62115483
62059530
62059915
62117643
62061957
62062246
62120394
62067079
62067323
62066966
62069631
62066732
62069492
62128525
62072276
62072711
62072045
62074394
62076122
62076927
62079533
62138674
62081342
62081258
62141399
62141084
62084025
62143820
62088508
62088254
62148216
62090967
62091672
62151301
62093452
62151985
62094485
62092460
62094732
62094907
62098857
62127786
62159403
62101593
62161951
62100806
62103610
62132094
62102882
62103773
62169000
62110051
62110918
62139846
62110223
62111302
62142792
62173382
62114165
62115443
62114816
62118970
62117447
62120845
62119868
62122610
62184119
62122519
62123481
62186332
62127029
62186785
62126022
62191315
62132351
62132748
62193843
62131395
62133950
62196457
62136637
62134913
62135246
62139454
62138452
62143582
62206141
62145378
62145396
62207940
62144095
62148338
62147159
62150508
62212516
62154262
62154246
62152262
62155790
62155582
62155673
62154502
62157853
62157930
62158587
62222027
62161412
62161289
62165194
62193028
62164301
62163964
62164602
62168393
62167084
62168340
62232559
62171667
62171005
62172292
62175318
62239224
62175618
62177113
62241432
62177087
62176358
62178817
62177026
62180947
62244058
62182446
62184054
62184299
62186059
62251016
62189292
62252512
62190039
62254598
62191991
62192707
62259644
62193609
62259969
62194553
62197656
62196592
62195870
62199196
62198609
62231728
62266154
62202816
62202834
62233067
62235945
62206385
62208884
62238618
62274540
62211188
62210213
62211152
62213724
62278624
62215484
62249627
62217011
62218592
62219400
62286285
62222249
62222424
62221520
62222547
62289875
62226263
62229721
62228477
62229288
62228721
62230716
62297986
62233670
62232748
62233447
62234773
62305347
62240622
62239467
62240404
62243082
62309012
62244534
62243413
62244070
62245944
62316605
62251345
62250940
62280084
62280020
62253697
62254412
62253273
62321441
62255697
62322137
62255294
62323247
62258184
62259519
62261943
62258951
62263282
62328622
62261689
62330379
62265072
62265818
62264675
62263984
62268305
62269674
62272224
62340822
62274266
62275250
62342761
62276803
62275767
62276050
62279429
62350175
62283585
62282539
62283136
62284256
62354216
62287655
62286478
62356100
62286656
62287844
62291206
62292897
62291286
62295129
62294038
62296545
62365918
62298583
62299134
62327347
62298293
62302385
62333139
62373760
62303002
62305529
62305529
62307945
62379179
62311498
62310505
62311013
62315006
62386932
62318136
62317141
62388009
62318092
62389709
62317828
62321931
62318155
62321141
62323699
62327171
62396371
62324651
62398597
62329392
62328103
62328954
62358282
62329305
62332292
62402646
62333751
62332729
62336058
62335078
62369496
62410440
62340641
62340741
62337451
62340513
62341090
62342477
62415672
62344614
62379002
62347553
62347581
62421274
62349031
62349813
62423574
62353127
62352047
62352474
62354514
62353756
62356279
62430706
62358359
62431690
62361557
62359795
62362611
62361387
62362558
62436499
62366114
62366378
62368355
62369427
62400992
62444650
62373153
62370223
62370669
62446886
62372971
62405515
62374027
62406202
62375334
62376307
62407371
62381820
62455295
62383501
62455515
62382522
62457706
62385851
62416974
62459240
62387635
62460891
62391862
62392082
62391327
62392365
62391214
62394818
62393834
62469691
62395378
62425987
62395898
62397234
62475259
62402038
62401931
62402630
62478045
62405638
62480398
62407522
62404441
62406605
62407501
62407170
62413450
62441407
62414754
62411621
62489628
62414305
62490566
62418544
62447082
62492412
62419358
62494715
62421225
62420667
62423122
62423964
62425538
62423729
62427658
62427542
62426134
62429665
62428558
62429765
62429350
62433222
62510531
62436471
62435255
62435991
62437419
62436518
62439984
62438705
62440746
62440404
62444215
62476281
62522031
62447870
62524533
62445720
62524470
62450462
62447261
62449155
62452026
62449582
62484144
62454599
62454989
62457234
62456241
62459306
62458001
62458994
62537194
62458945
62462840
62461321
62461951
62464591
62468062
62466961
62545409
62468673
62547235
62471526
62549075
62473356
62472607
62473879
62476336
62555673
62480120
62478882
62479502
62480817
62560561
62483965
62482916
62483809
62489102
62566586
62490382
62568795
62492167
62490906
62493429
62495043
62574299
62497782
62579528
62502132
62502331
62501566
62501129
62502947
62503522
62506170
62584740
62508333
62587279
62512037
62512333
62511772
62512713
62511636
62514980
62514177
62516109
62514746
62517130
62596996
62521837
62601529
62523762
62522486
62523032
62525279
62605858
62527595
62607248
62529428
62562414
62612692
62533837
62613520
62535279
62533447
62535938
62534626
62537566
62566442
62538157
62538043
62536669
62542746
62542002
62544914
62625227
62547117
62627605
62548140
62547437
62547646
62548684
62633890
62551422
62554580
62555800
62555176
62556112
62637279
62556191
62639826
62556292
62558878
62557615
62561067
62560797
62563683
62593051
62566572
62566833
62566290
62565771
62567360
62566033
62600851
62652656
62571955
62572256
62573916
62575317
62658465
62578047
62660749
62576137
62578017
62580687
62581143
62580437
62664119
62583339
62668837
62587729
62586501
62585820
62587627
62590406
62589158
62589903
62673703
62591929
62591414
62592353
62679472
62596336
62681153
62600018
62631161
62630041
62598020
62598025
62599939
62600862
62603652
62605100
62607548
62691882
62609617
62608552
62608982
62609460
62610030
62610677
62612793
62641271
62613609
62615778
62615182
62645813
62619051
62703130
62619852
62620927
62621536
62620223
62622868
62651283
62621799
62622514
62625184
62625212
62622674
62713359
62628615
62714162
62631315
62717108
62633298
62664388
62719072
62633099
62635459
62634273
62635972
62725491
62641336
62726765
62643160
62728853
62644469
62644845
62643921
62645137
62732647
62650759
62737082
62652451
62683150
62738377
62654143
62684266
62740379
62656081
62742012
62657971
62656410
62661674
62660383
62661493
62660100
62663474
62662672
62664553
62665318
62663771
62667165
62666467
62669212
62700118
62671185
62758827
62674140
62673023
62673783
62762477
62677435
62676140
62677073
62679638
62679310
62679730
62770765
62684727
62683527
62681002
62683398
62684254
62685767
62774268
62689416
62776352
62693622
62780734
62694639
62693453
62696147
62695001
62697767
62698417
62697252
62698560
62790639
62706033
62794292
62707725
62706666
62707664
62639154
62639947
62733589
62647520
62648438
62650509
62660479
62753951
62666347
62755332
62667925
62666850
62668006
62697081
62670256
62668983
62669900
62670493
62673913
62676636
62675468
62676464
62706524
62677192
62680332
62678763
62681358
62680717
62681717
62776503
62687919
62686897
62687852
62690468
62690195
62691239
62690617
62692916
62692833
62694740
62697065
62788211
62697162
62788742
62699845
62728325
62701277
62791016
62702135
62700802
62702471
62794000
62705048
62798552
62706243
62708553
62706759
62708947
62711818
62712209
62711139
62714065
62804706
62713849
62807126
62719390
62810695
62718772
62749240
62720172
62812814
62721791
62815064
62723163
62816745
62727372
62821525
62731125
62729931
62728615
62731016
62733608
62732459
62735276
62735362
62732704
62734872
62737678
62740493
62739973
62742394
62742189
62743699
62742963
62744529
62744243
62747230
62746127
62747805
62750478
62751451
62845568
62752589
62847007
62753840
62848650
62757042
62850165
62757942
62854709
62762920
62856216
62764427
62763135
62766027
62766722
62765311
62768202
62796038
62769219
62862458
62770923
62771899
62773607
62772155
62774294
62803611
62774308
62807676
62871570
62776487
62872134
62776541
62779497
62781548
62814772
62781580
62814922
62878891
62784462
62814497
62785362
62788253
62786831
62789678
62788328
62790195
62888390
62793616
62792350
62826243
62890546
62795766
62796024
62797528
62798881
62798142
62830304
62896016
62801765
62802574
62802525
62805672
62806980
62837439
62903012
62808565
62905071
62810504
62809218
62808797
62841850
62810488
62815941
62814653
62815995
62913235
62818926
62915094
62819833
62916904
62822081
62918483
62826339
62825265
62825898
62828066
62824790
62827667
62830374
62829377
62828310
62862954
62928646
62833644
62830988
62835243
62838036
62836696
62839516
62839873
62841143
62839849
62841030
62843393
62840060
62841950
62844937
62846302
62846628
62847740
62850560
62850700
62848498
62881876
62950273
62851628
62850817
62854022
62853471
62858303
62859491
62859707
62858884
62861885
62860217
62859681
62960660
62864122
62894043
62863666
62865151
62966969
62868944
62867355
62869559
62872379
62971528
62873862
62973056
62875345
62874077
62874826
62911152
62978295
62880950
62980355
62882430
62982239
62884089
62883357
62887323
62886157
62987369
62889493
62891021
62893924
62993792
62895340
62995524
62896938
62895765
62898316
62898628
62899772
62900029
62902252
62904343
62905543
62905748
62904560
62906324
62906460
62908430
62909049
62910785
62909500
62914901
62913391
62916159
62914847
62917695
62916666
62917663
62917799
63019874
62919925
62917335
62919233
62922118
62924936
62924141
62923287
63028494
62924454
62926747
62929482
62927817
62930359
62929098
62931815
62930775
62935346
62934799
62936974
62936112
62937496
62938069
63039937
62939825
62940490
62939228
62940038
62942843
62941467
62940488
62945047
62947867
62946694
62949440
63050508
62950393
62950977
63053752
62952501
62982505
62951240
62953731
62951275
63059784
62958138
63060669
62959758
62955922
63062215
62961277
62988658
62962339
63065218
62962322
62962325
62962915
62968372
63070475
62969372
62967868
62970552
62969464
62972379
62974485
63076254
62974232
62973056
62975774
62978592
62977453
62978077
62980843
63084184
62981874
62978154
63086674
62983888
63088000
63087958
62984491
62982983
62987499
62990139
62989027
62991734
62990408
62993228
62993391
62994660
62993412
62996130
63100587
63000649
63027631
63001209
63028231
63001248
63106565
63003658
63109040
63005199
63109960
63005611
63110817
63007489
63010910
63115999
63012191
63117991
63013856
63119699
63015454
63014212
63013437
63121546
63017615
63126466
63021885
63127429
63022884
63129064
63024845
63130525
63024670
63132088
63026264
63025286
63133316
63059100
63137820
63031614
63031257
63033783
63032788
63034010
63033701
63036416
63035229
63035930
63038003
63036018
63146060
63073075
63053362
63054794
63057515
63164125
63058771
63165470
63059573
63167887
63062107
63168837
63063689
63172991
63064013
63096864
63068892
63176026
63070461
63068720
63071692
63070437
63073352
63074253
63181424
63072386
63186153
63077327
63109136
63078695
63187475
63080438
63082443
63111877
63081464
63081577
63082473
63085003
63192865
63083158
63194166
63087871
63199671
63090284
63122114
63091257
63200549
63094330
63095091
63203437
63093220
63204174
63097313
63206070
63098732
63209991
63103174
63212112
63104421
63213912
63104018
63215062
63107208
63215828
63109478
63217442
63108437
63109783
63111950
63114848
63135581
63108153
63218239
63109784
63136906
63110924
63220256
63112581
63110225
63111884
63114626
63115905
63118623
63148971
63117674
63149760
63118603
63121029
63122473
63122553
63124110
63122743
63125536
63126836
63129618
63128367
63131061
63129915
63130107
63129248
63130850
63133539
63243829
63134094
63245834
63137406
63137960
63170301
63250712
63140612
63142254
63139394
63256341
63146255
63173748
63146450
63147487
63179263
63147587
63151073
63153855
63152512
63153787
63266459
63156873
63267379
63155926
63268691
63157361
63157930
63162029
63162389
63163488
63276592
63196886
63164805
63167485
63164635
63279516
63167321
63167927
63170524
63169191
63174623
63172180
63173861
63287755
63176952
63175736
63173731
63289741
63179244
63177860
63180176
63179483
63180100
63185458
63185677
63185164
63187445
63188633
63187450
63190144
63188920
63191777
63191929
63193378
63194810
63197361
63196202
63198985
63312051
63200101
63314362
63200048
63200483
63203145
63201798
63206878
63207964
63206688
63209478
63323245
63210755
63207532
63324790
63242884
63325654
63213055
63326963
63215819
63331181
63217531
63333093
63251103
63334841
63219607
63247880
63222386
63337547
63254728
63220931
63222934
63225420
63342716
63228040
63228469
63230515
63231973
63347341
63233190
63348711
63234409
63349892
63234164
63236566
63239036
63240398
63239262
63242031
63240783
63243579
63359881
63241039
63359693
63244239
63363926
63249583
63250822
63249775
63252366
63367887
63253455
63280588
63254339
63370996
63254724
63372184
63259069
63376502
63260535
63260181
63260924
63263744
63291520
63264785
63381019
63264148
63292550
63266907
63265993
63269939
63269969
63272779
63271108
63389436
63304640
63273534
63273118
63275908
63274687
63277316
63276283
63279117
63280325
63283252
63281911
63400434
63284280
63282494
63284293
63286834
63285668
63288284
63288438
63285903
63410178
63291543
63411071
63293239
63293773
63295444
63295034
63297802
63296303
63416322
63295886
63417868
63298132
63421647
63304107
63423008
63304114
63303893
63304658
63424727
63307724
63306738
63307400
63309978
63428677
63311383
63433587
63311773
63433796
63316511
63435556
63315815
63436899
63318683
63438812
63320224
63317597
63321311
63324739
63323579
63326399
63325059
63327828
63326665
63329434
63448962
63330647
63450386
63331935
63454876
63334658
63335192
63336597
63336364
63368575
63337484
63369060
63338429
63339210
63341955
63462738
63346072
63466663
63346574
63468437
63348586
63345713
63347624
63350031
63470644
63350258
63350524
63351943
63354333
63356995
63358126
63356963
63359579
63390351
63358825
63361425
63360041
63362567
63361673
63365040
63367670
63366535
63369324
63491134
63370514
63491875
63371672
63399861
63371999
63400327
63373953
63370659
63498913
63376625
63375659
63377332
63380281
63376960
63409084
63381240
63378230
63410335
63381102
63505126
63382371
63382758
63384254
63384083
63387559
63390328
63388345
63388698
63513354
63388376
63420858
63392685
63515274
63393863
63392644
63394882
63392597
63394524
63397215
63522777
63399994
63524384
63401028
63401351
63404159
63401375
63433474
63405419
63401257
63528134
63404219
63404684
63409945
63410672
63409393
63412306
63410887
63413742
63412333
63441166
63414193
63413681
63445934
63414783
63444801
63417820
63417659
63419415
63422057
63546594
63421921
63425476
63426966
63427071
63429863
63429412
63430818
63430512
63432951
63432190
63560208
63434248
63434603
63435335
63438155
63563252
63439525
63436006
63564376
63440610
63439560
63470995
63440303
63445181
63446565
63572159
63448037
63572989
63447514
63574450
63449189
63449867
63452475
63450982
63452105
63454575
63457320
63486752
63458381
63583585
63459597
63585127
63460127
63460289
63587088
63460795
63460845
63588180
63494211
63462269
63465849
63468567
63594556
63470376
63595514
63470403
63470779
63472105
63473349
63472111
63474832
63604215
63478476
63506049
63479534
63478722
63481336
63482114
63608576
63483043
63609785
63483908
63483269
63486758
63489452
63616071
63489066
63490320
63491640
63491758
63518958
63492899
63620145
63493652
63493095
63498271
63496842
63626565
63500017
63499242
63501867
63502464
63499190
63531766
63503594
63631513
63505471
63632594
63504706
63507733
63540005
63509795
63511462
63512080
63510958
63513611
63543451
63512706
63513435
63516399
63644811
63520125
63648192
63519312
63521863
63650413
63523095
63550959
63524289
63653520
63523875
63524458
63525910
63525742
63530780
63532085
63530922
63533640
63662721
63535369
63562602
63535933
63664780
63536551
63537901
63669682
63542514
63671618
63541843
63570851
63544388
63674023
63544389
63546726
63545354
63544109
63677559
63548617
63681393
63551738
63582471
63551885
63684146
63555890
63583090
63556154
63585196
63557201
63687277
63555271
63688494
63558991
63561956
63563209
63560555
63694564
63563538
63593748
63566767
63697326
63567836
63698711
63597996
63569678
63700504
63571990
63572206
63574403
63575834
63573562
63574584
63577390
63708707
63608913
63577177
63579131
63580357
63579149
63582375
63585311
63716545
63586535
63587237
63719660
63588487
63720260
63588589
63588622
63589490
63594722
63726745
63594024
63594521
63597334
63596052
63597000
63599620
63732358
63600798
63733043
63603751
63603838
63604326
63607023
63740232
63606654
63606948
63638860
63607580
63608199
63742215
63610289
63611113
63744267
63614023
63616520
63615286
63615167
63617987
63751255
63617741
63618059
63620453
63621513
63754813
63622194
63623344
63759343
63625672
63626047
63628055
63629333
63762753
63630585
63631277
63765724
63633233
63767028
63635202
63635419
63636676
63638896
63772657
63638065
63664611
63641046
63641660
63667707
63641809
63776747
63643394
63644155
63781603
63646155
63646984
63649662
63648328
63648991
63651801
63787355
63653715
63788470
63653715
63655881
63793031
63658458
63794298
63659368
63658760
63659721
63662391
63797881
63661761
63662296
63664953
63802880
63667056
63804300
63670451
63669596
63669854
63672494
63808880
63673597
63809731
63673728
63677622
63677385
63680017
63815960
63681272
63682009
63818933
63682358
63819837
63682859
63683698
63821140
63688520
63689709
63826618
63690828
63827666
63692644
63691223
63693782
63694937
63832067
63696053
63697786
63700389
63701198
63699926
63702590
63840756
63703952
63841944
63705654
63704093
63706485
63707694
63706727
63847701
63709782
63710851
63710951
63713585
63710403
63712034
63712701
63715456
63853305
63716675
63854777
63719439
63719607
63721992
63723300
63862138
63724550
63862921
63725046
63724609
63726809
63728015
63869696
63731809
63730714
63732859
63733790
63872958
63735521
63734875
63734911
63737680
63880671
63740341
63744877
63743734
63746452
63885560
63745798
63747460
63778235
63749182
63778206
63749291
63889235
63751219
63752182
63894895
63755921
63754844
63757369
63756335
63756956
63759575
63900057
63760726
63901831
63760641
63763966
63765883
63767150
63908045
63768221
63908590
63768798
63767055
63911162
63770530
63770024
63771023
63776217
63775372
63917257
63777519
63918433
63779133
63779881
63921153
63778779
63778966
63921738
63781395
63782947
63924437
63785721
63814321
63788505
63786563
63819748
63787296
63930016
63788283
63790683
63789567
63821538
63791537
63934989
63794099
63824428
63797490
63825921
63798789
63940209
63798837
63796068
63829007
63801430
63943093
63802658
63803446
63801418
63945966
63803920
63803474
63803693
63950957
63809389
63951679
63809949
63809798
63812532
63813293
63956538
63813582
63957710
63815140
63818317
63818035
63820893
63963645
63822653
63850475
63823391
63966778
63822666
63824971
63824026
63826730
63973076
63829842
63829156
63829964
63832757
63976578
63832292
63832802
63834760
63836188
63980421
63982631
63838454
63838879
63985053
63841716
63985684
63843394
63844128
63874202
63845126
63842363
63989308
63846396
63847181
63994653
63849133
63995154
63850974
63851159
63851919
63854715
63998937
63853996
63854380
63855233
63858080
64006002
63860100
63860663
63863292
64008276
63864467
63892116
63864787
63893178
63866629
64011646
63896838
63866565
63869754
63872322
64018202
63873537
63872545
64020526
63874057
63874372
63875252
63877802
63906239
63878570
64026768
63912790
63881621
63881702
63884519
64030886
63884102
63884324
63886521
63887916
63885886
63916867
63889529
63887617
63890967
63889776
63918130
63893253
63894585
64041581
63894223
63894405
63895274
63898043
63896710
63899356
64046513
63899117
63901986
63902808
63905488
63902252
64052003
63906033
63907421
63905466
63934408
63907668
63907455
63939313
63907293
63908405
63911126
64060950
63946027
64062928
63914768
63913114
64063904
63915914
63918275
64066259
63917707
63918280
63950166
63920663
63924252
63925701
63923563
63953411
63926518
64074310
63927988
63928530
63927382
63930103
64078656
63930142
63958068
63930767
63933820
64084463
63936892
64085188
63938521
63939213
63937975
63940426
63967222
63939300
63940764
63940615
63946075
63974389
63947092
64096243
63947056
63945774
64098009
63949721
63948678
63951233
63948062
64100522
63952879
63953776
63985515
63957317
64107094
63957427
63957178
64109570
63960782
64110229
63961261
63962846
63961536
63964281
64116501
63966291
63968118
63968995
63970348
64120366
63970092
63970407
63971092
63973669
64124766
63976697
63977359
63977220
63979952
64130975
63979871
63981947
63980637
63983478
64133922
63984414
63983377
63986548
63986866
64140242
63990010
63990678
64141215
63991760
63992473
64144248
63993788
64145013
63995090
64149071
63999328
64000014
64152245
64000228
64029268
64002282
64153774
64003729
64002836
64156455
64005620
64160335
64008653
64008612
64163159
64010688
64163485
64011948
64013663
64166050
64014804
64014469
64168405
64016239
64171309
64018754
64018898
64019828
64022604
64174907
64022769
64022358
64023193
64025962
64024247
64179353
64029877
64028895
64031597
64032286
64186082
64031279
64062490
64034135
64187731
64033563
64035328
64036321
64037599
64068778
64041311
64195041
64040660
64196140
64044175
64042770
64075402
64043923
64200472
64046997
64200900
64051245
64051894
64206006
64051264
64080392
64054087
64208239
64054413
64054419
64211296
64057552
64211971
64059641
64062170
64217038
64062181
64063422
64063209
64066026
64221451
64066276
64221986
64068658
64069446
64227765
64072524
64071406
64072118
64074733
64230162
64075217
64074905
64075802
64078598
64233667
64082455
64083133
64238757
64084253
64243563
64089596
64088621
64246161
64090788
64118297
64091730
64090789
64093064
64089356
64095385
64253138
64095800
64096455
64097641
64099885
64256604
64097391
64257240
64100557
64101057
64101742
64104254
64263357
64107633
64107117
64107830
64110503
64138821
64111418
64138980
64112332
64111833
64113194
64114507
64273868
64116689
64117007
64119135
64118399
64149907
64121104
64278956
64121358
64120718
64121875
64124586
64282683
64127004
64127244
64128086
64130817
64289187
64131911
64289896
64132350
64161104
64134245
64133425
64292459
64134068
64138048
64297274
64138688
64139995
64139801
64142437
64301300
64174238
64302383
64143409
64144301
64174488
64146029
64304705
64149727
64148768
64151341
64152110
64311517
64152722
64311785
64152497
64154996
64152243
64314158
64155532
64156994
64317532
64160285
64158897
64319863
64159845
64320772
64193925
64321721
64162002
64162760
64164171
64163769
64166527
64326070
64165441
64330071
64169855
64169873
64198998
64170600
64171866
64333533
64174301
64334345
64204710
64174075
64204566
64177284
64175372
64337262
64178410
64182193
64342827
64181766
64182078
64184326
64185847
64346459
64186826
64214252
64347308
64348074
64188986
64189678
64189096
64353014
64191977
64354309
64194822
64195812
64357164
64356876
64227205
64197967
64359590
64198535
64197572
64360456
64231252
64201615
64234162
64202811
64365171
64366832
64205981
64205973
64206952
64208294
64370233
64208555
64209101
64372380
64213261
64375484
64215479
64214220
64214927
64215138
64378830
64248935
64216864
64217385
64219938
64218177
64381411
64382782
64221477
64221428
64386239
64256350
64224369
64387750
64225190
64227840
64389812
64229047
64227639
64228492
64231189
64393424
64231934
64235834
64398372
64234877
64399465
64236347
64238677
64268086
64239567
64238946
64402422
64403884
64241145
64239733
64404629
64244394
64409120
64245436
64411582
64249230
64412994
64250422
64414182
64252028
64416355
64253730
64285529
64284295
64257910
64256139
64256724
64259439
64423129
64260719
64425019
64262560
64426946
64260687
64262384
64267790
64264859
64432180
64269015
64434100
64270774
64435165
64272192
64436614
64272063
64438212
64273699
64276648
64278028
64278044
64444293
64279272
64279360
64311907
64310340
64282482
64447556
64283132
64282491
64449691
64284814
64453341
64287949
64286163
64455728
64291003
64288014
64457075
64291532
64322193
64291630
64294007
64295258
64461705
64299366
64464991
64300853
64467287
64301967
64468802
64301687
64330878
64304554
64471052
64305927
64475213
64308131
64308816
64311636
64478086
64313472
64309672
64479862
64314081
64480878
64315456
64482277
64316933
64486304
64319560
64320164
64488054
64322680
64321200
64324118
64324978
64321324
64490874
64323661
64324579
64493516
64326068
64358539
64330753
64360577
64329417
64359973
64332700
64499934
64333851
64363144
64335293
64333953
64336786
64367236
64335807
64341398
64339983
64342913
64341766
64342404
64340876
64512921
64345672
64514610
64347295
64376692
64346573
64516280
64351624
64352974
64521146
64352674
64353118
64355144
64356470
64525224
64355971
64385739
64355535
64527677
64356203
64531423
64362927
64531951
64363663
64364186
64364092
64366874
64365766
64368385
64367212
64369981
64371322
64373981
64544065
64375180
64545451
64376613
64374726
64375540
64378156
64408042
64548010
64549435
64380274
64410577
64383805
64553757
64382282
64555675
64386305
64556186
64387848
64386686
64388104
64387400
64418687
64390552
64561650
64394151
64565588
64395766
64566252
64395850
64396045
64428386
64397141
64430001
64398033
64398799
64401622
64575174
64405659
64576215
64405322
64405722
64436457
64406456
64406430
64409127
64580694
64410354
64582362
64412916
64413556
64416095
64414748
64417014
64418391
64414964
64590105
64416363
64590894
64418859
64592263
64422131
64423534
64424171
64426889
64599370
64426632
64426793
64427489
64430207
64602840
64431275
64604224
64433961
64434121
64432955
64434975
64609249
64468792
64610060
64438650
64439961
64613171
64441438
64614089
64442685
64618350
64447507
64619797
64446683
64446604
64447266
64446482
64623162
64449168
64449648
64452255
64450721
64451607
64456989
64630210
64456212
64456805
64457715
64460286
64633269
64460859
64466225
64640297
64466698
64467050
64469640
64472040
64645830
64472812
64474189
64647743
64474342
64475420
64474154
64474961
64472947
64651817
64474660
64507602
64479103
64655933
64513393
64483327
64482191
64484946
64659415
64486049
64484276
64485370
64488064
64663690
64489328
64667127
64492580
64492184
64669357
64494709
64670046
64496521
64495045
64497953
64498687
64497555
64497317
64499946
64500890
64678617
64504652
64679428
64504163
64504021
64506868
64536449
64505618
64506528
64509202
64506997
64684369
64686169
64507415
64540973
64514154
64689825
64515535
64516125
64692377
64515882
64693741
64518177
64515071
64694025
64695465
64519795
64697080
64519971
64525009
64700530
64554366
64524008
64524704
64527425
64703923
64528531
64556786
64529785
64706987
64527643
64707778
64532850
64712591
64534399
64564248
64537290
64715386
64536606
64715468
64538641
64566720
64539043
64539580
64540374
64543017
64723555
64547044
64724354
64577695
64546246
64547030
64546130
64579383
64548504
64579752
64551490
64580555
64551480
64581550
64552627
64734438
64558006
64735246
64557702
64557840
64736452
64590024
64560077
64738194
64559567
64560405
64562828
64560478
64742249
64564445
64594796
64568198
64747053
64569709
64566513
64747824
64568951
64571439
64599922
64572808
64751399
64573860
64752741
64575513
64580350
64757995
64579663
64759491
64579243
64760240
64582536
64582052
64581952
64582377
64615134
64583593
64588135
64589372
64768777
64588892
64588686
64771032
64590518
64590888
64593601
64592213
64593022
64595754
64779075
64599750
64626658
64599750
64780550
64602164
64600721
64601553
64604537
64784797
64605455
64786591
64609040
64608418
64610642
64612084
64793548
64612566
64793940
64613916
64613321
64614218
64616997
64801254
64621032
64802224
64622256
64621198
64653333
64622669
64805682
64624168
64625804
64807208
64625312
64628566
64811227
64629509
64629599
64629859
64813273
64632893
64814761
64634558
64634121
64634013
64636830
64635593
64638348
64639801
64642522
64825115
64643724
64826564
64643827
64643699
64644735
64647504
64646191
64648995
64834149
64651128
64651701
64654322
64652866
64653712
64656481
64655369
64658036
64840352
64657221
64844870
64662086
64845107
64660600
64847278
64664538
64848047
64662739
64696001
64664716
64850670
64664835
64851861
64667422
64670659
64673014
64670174
64702824
64672642
64673668
64676352
64703593
64677010
64861224
64677373
64676839
64679357
64683371
64867722
64683573
64683149
64685421
64686705
64870950
64687798
64872729
64688351
64689215
64693074
64694307
64879706
64695739
64881063
64695288
64695497
64696333
64699252
64884808
64700259
64701845
64703682
64705124
64703859
64706563
64892049
64706279
64707623
64739055
64707311
64708231
64711086
64899520
64712520
64744741
64714629
64714881
64902356
64715508
64715796
64718222
64715420
64905493
64720034
64906300
64721717
64719962
64910911
64726385
64911923
64727365
64726097
64726853
64729663
64916451
64730108
64759767
64729963
64919286
64735699
64734563
64735384
64738043
64925484
64735390
64767314
64738025
64736704
64738552
64927293
64740950
64741813
64928716
64745888
64744477
64777361
64747744
64935558
64747500
64747458
64748280
64748375
64937345
64750478
64751505
64750561
64751702
64756596
64944985
64757898
64756922
64945691
64757327
64759154
64758809
64761618
64950033
64761129
64761078
64761794
64767169
64955549
64767395
64766953
64767751
64770506
64799182
64771738
64960614
64771465
64771667
64772345
64777928
64775230
64966420
64777215
64777828
64779988
64780751
64969834
64781333
64781887
64781875
64784627
64976672
64788301
64977642
64788645
64790643
64979841
64790978
64790356
64791205
64793936
64983324
64794964
64987302
64799260
64799939
64990169
64800908
64991185
64801321
64801252
64801950
64804671
64833119
64805659
64998256
64809698
64810411
65000570
64809802
65001257
64810262
64812788
65003251
64811895
64843227
64815061
65005828
64817185
64818673
64818359
64821121
65011799
64820560
64822643
64821354
64824287
65015226
64823561
64824078
64827591
64830268
65021408
64829745
64831346
64832329
64833873
64863472
64832576
65027027
64836131
65030280
64838176
64840966
65032755
64838646
65033977
64843294
64841639
64842262
64844980
64873670
64845159
65038613
64847246
64848471
64850770
64852024
65045074
65044741
64851749
64854371
65046949
64855651
65048543
64856245
64856008
64859568
64862351
65055752
64861966
64862422
64862918
64861646
65057819
64864483
64865800
65060784
64868088
64869297
65064239
64868540
65066167
64872255
64872155
64872922
64872323
65068794
64876725
64877438
64875497
64908083
65071481
64877229
64882425
65076028
64881720
64884842
64911671
64885438
64913458
64886499
64883390
65080474
64887290
64887440
65082613
64888930
64895282
64896596
64899335
65093708
64899185
65094249
64929831
64901435
65096108
64902760
64903378
65098231
64904375
65101858
64908709
64907600
64908126
64907730
64939523
64910715
65105795
64908967
65106842
64912743
64913952
65109069
64913247
64916490
64917589
65114618
64916310
65116032
64920781
65116428
64921511
64920954
64921786
64924627
65120656
64925733
65124171
64929540
64930605
65127329
64930941
64930615
64931420
64931676
65129711
64933114
64934635
64934404
64939772
65136112
65136474
64939554
64942439
65138702
64973914
65139710
64944524
64943172
64942617
65142080
64945105
64945226
65146393
64949924
64949833
65149418
64952819
65149914
64953265
64951328
65152304
64954930
64954370
64987670
64955193
65154078
65158266
64961245
65158694
64962477
64963518
65161947
64964922
65162433
64966372
64963403
65164479
64966039
64966313
64969608
64968857
64999690
64972877
65000044
64973995
65001281
64973447
64973839
65005556
64976805
65174940
64978186
64977266
65004327
64977262
64978263
65181221
64983580
64984137
65182531
64985192
64985152
64984774
64985923
65016615
64988102
65187518
64988969
64990199
65191753
64992630
64994175
65194039
64995620
65195659
64996192
64996755
64996480
64999225
65198517
64999768
65032829
65002357
65203883
65004440
65004163
65004984
65007873
65207435
65007873
65009724
65209627
65009211
65012211
65012998
65015794
65215881
65016795
65015881
65017985
65019095
65219777
65020123
65018891
65022387
65025153
65226334
65027128
65023295
65056588
65027566
65055040
65028159
65027976
65229987
65029086
65029105
65060961
65031144
65061179
65033145
65035791
65034206
65034992
65036217
65239092
65036502
65038126
65037806
65037314
65241893
65041165
65242738
65045413
65246428
65045893
65047058
65248411
65048214
65048927
65045988
65250610
65048013
65049444
65049334
65049803
65050087
65254109
65054421
65054602
65055475
65058271
65260248
65059478
65058175
65058956
65061797
65265023
65061287
65059912
65095794
65066830
65268862
65097253
65066167
65065516
65271402
65068718
65066680
65273099
65070957
65069294
65100461
65072351
65068315
65071290
65276199
65072388
65074173
65279894
65107386
65075619
65077510
65281785
65075533
65282408
65078705
65081399
65078150
65284877
65081266
65081417
65287573
65082928
65086191
65292650
65089367
65117510
65090292
65087762
65294221
65089840
65088806
65295759
65089931
65092028
65298617
65093009
65299545
65098791
65302769
65098168
65100721
65099588
65100204
65102757
65101436
65102117
65104883
65310042
65106114
65109539
65314177
65110230
65111333
65316383
65112002
65112900
65112041
65112486
65112925
65145958
65113749
65321118
65117801
65118222
65325682
65119913
65120057
65120913
65123565
65328935
65124989
65329695
65331379
65124606
65125926
65336081
65130850
65158101
65131973
65160155
65132858
65130533
65339825
65134518
65133286
65342077
65136310
65342631
65140678
65141322
65347401
65142350
65140512
65349728
65143947
65142766
65351849
65144425
65145031
65176418
65144408
65174664
65148228
65151705
65358339
65152563
65153652
65360454
65153186
65153881
65155826
65157138
65154526
65363992
65157795
65158408
65369078
65162195
65369440
65163803
65164663
65372781
65165759
65372466
65165053
65167453
65165767
65375750
65167845
65172291
65380186
65173456
65381504
65175241
65173975
65172528
65383534
65177108
65177863
65386332
65177329
65177761
65391340
65183532
65210407
65182841
65182080
65393143
65182601
65184346
65185114
65185462
65395899
65187625
65189476
65218491
65190453
65192177
65401588
65192812
65192973
65193328
65223959
65196022
65194632
65227122
65196144
65194955
65406874
65197093
65199643
65408895
65200753
65204524
65233572
65202209
65413980
65204165
65206759
65415851
65207682
65208809
65236632
65206222
65207994
65419882
65209362
65210715
65424547
65211971
65425470
65216514
65217491
65427317
65218345
65219401
65217406
65429132
65250993
65429965
65430503
65220442
65221330
65223941
65223158
65436462
65227604
65228505
65438877
65260425
65439631
65230158
65231586
65442972
65232197
65231406
65446468
65234679
65237448
65448966
65238849
65239555
65237383
65268659
65240285
65240497
65452283
65242041
65240687
65454700
65240147
65244682
65246064
65458527
65246898
65247069
65278911
65249083
65461186
65250898
65251974
65250730
65464144
65249614
65464876
65252776
65256502
65468924
65254763
65288014
65254920
65470758
65257881
65472166
65257745
65473472
65261957
65262793
65261112
65475253
65262120
65262548
65477462
65265154
65480449
65300273
65296808
65269953
65268084
65482860
65270065
65270318
65485747
65273542
65486178
65273094
65275863
65492078
65279529
65492633
65279325
65282005
65280626
65313397
65281456
65496393
65283134
65284325
65284314
65286762
65502577
65290212
65291154
65504980
65291426
65291239
65506973
65292880
65294227
65508950
65294909
65294725
65514269
65298685
65514593
65331861
65299712
65330411
65302076
65516131
65332676
65303807
65302267
65334233
65305678
65302339
65519620
65521216
65304245
65520963
65310364
65311768
65308677
65310438
65526981
65527519
65312074
65314240
65342770
65314440
65313631
65314493
65316995
65531540
65318397
65321744
65536978
65322748
65321701
65538180
65322100
65538255
65322757
65324159
65540826
65326290
65327177
65355713
65328180
65546307
65361993
65332666
65548366
65332300
65333671
65333477
65336222
65364965
65339265
65340964
65559120
65343637
65340819
65562310
65346606
65348651
65564654
65349351
65346768
65566042
65350651
65350291
65351059
65568201
65353426
65354109
65571076
65357201
65356833
65388543
65359674
65576679
65388405
65361467
65577968
65392925
65361140
65580735
65362880
65363327
65364070
65369260
65586046
65370764
65371549
65588500
65371221
65372435
65402598
65374528
65591374
65405671
65374232
65594369
65378624
65379089
65599350
65382184
65599923
65414123
65383117
65602166
65384569
65386211
65600790
65383932
65384991
65386382
65388465
65386165
65607862
65390561
65391271
65419464
65392175
65419770
65391472
65390534
65611586
65394317
65395574
65613570
65427138
65398713
65429676
65398622
65399058
65619210
65398546
65427897
65402609
65403189
65399266
65401882
65402621
65405150
65623821
65406651
65407313
65629571
65411375
65411687
65629918
65442388
65411951
65411607
65414304
65633434
65412411
65443389
65417024
65415922
65446348
65420346
65419513
65641436
65422446
65423298
65642817
65422927
65422730
65644578
65456435
65454220
65426468
65425544
65457193
65428422
65458459
65430223
65431121
65653549
65430525
65654541
65430622
65434506
65655402
65436740
65437419
65658378
65438539
65661609
65442133
65443486
65663978
65444373
65445457
65666276
65446219
65447403
65474625
65446275
65445105
65668816
65445097
65447849
65482495
65453742
65674464
65452989
65455741
65676561
65455618
65677738
65454278
65678299
65487973
65459024
65487166
65459033
65459347
65684484
65462766
65463060
65463943
65466565
65688132
65467731
65468557
65467341
65499619
65466706
65497176
65469389
65467675
65692503
65472833
65472993
65474065
65504476
65475576
65475038
65475702
65478321
65476619
65700799
65478098
65478279
65703218
65480126
65704439
65483372
65482455
65708029
65486283
65485243
65709458
65488336
65489172
65711920
65489763
65487282
65713520
65491531
65492712
65489928
65491935
65493103
65523027
65494936
65494615
65495231
65495805
65721509
65499139
65500011
65723744
65500194
65502051
65531716
65500713
65728832
65506822
65507355
65731061
65508692
65509479
65508466
65538527
65510763
65509315
65735784
65512231
65511191
65511804
65513309
65740137
65741463
65548208
65517370
65742863
65518424
65744176
65520560
65521219
65745784
65522189
65523251
65747318
65522356
65750941
65752516
65528300
65752890
65559309
65530279
65755387
65531465
65532277
65757436
65563542
65533738
65560889
65532526
65535185
65762696
65537470
65537788
65765195
65539413
65539814
65540609
65543107
65768296
65542592
65545300
65773099
65548657
65549809
65549314
65549042
65551941
65777239
65551061
65552713
65550684
65779343
65553023
65555552
65784479
65558237
65560451
65787291
65561825
65559011
65788683
65563147
65563815
65562363
65594042
65563281
65562611
65792401
65565062
65568068
65600585
65597874
65571698
65572210
65798971
65572832
65574137
65800805
65575224
65575961
65574046
65804240
65580002
65578828
65808711
65578121
65610276
65582654
65581281
65810480
65582453
65582803
65613648
65585678
65584096
65616153
65587357
65817217
65589298
65591561
65591511
65821047
65593634
65592546
65593264
65595931
65823556
65595174
65597908
65595603
65630191
65601261
65829765
65599327
65631810
65600426
65632052
65604088
65601239
65832562
65603448
65602388
65834060
65605495
65605213
65636090
65608470
65610875
65610513
65610792
65842122
65614015
65614895
65844296
65612629
65845042
65616015
65616394
65846689
65618690
65619414
65851760
65621180
65852160
65624350
65625179
65623356
65652854
65625906
65625718
65625489
65624406
65624445
65656927
65628760
65627038
65627279
65858273
65629874
65630970
65863709
65631481
65633182
65865486
65634623
65634853
65666103
65638111
65634872
65868746
65639571
65640290
65668275
65637821
65870777
65642614
65644955
65672516
65643307
65876412
65645124
65647779
65646866
65678302
65648879
65647647
65648379
65650920
65678596
65652017
65682273
65656165
65654403
65655211
65657740
65888514
65658541
65659873
65657161
65890879
65659413
65660578
65892849
65664742
65663917
65896640
65664940
65664500
65899148
65668801
65669364
65900936
65701485
65668763
65700814
65902775
65903807
65670935
65671447
65907927
65677106
65677908
65706300
65678757
65910551
65678277
65680672
65912570
65679749
65682261
65681948
65713087
65681870
65919102
65686174
65684743
65920505
65687377
65690283
65922257
65690857
65692117
65924275
65692716
65693952
65929052
65695804
65697357
65696999
65697591
65700483
65933569
65701679
65702318
65935993
65703535
65704334
65939887
65708187
65706421
65738375
65709130
65707825
65942865
65739337
65710978
65711610
65944411
65946181
65711439
65713629
65947238
65713317
65713512
65952002
65717853
65717997
65748445
65721105
65720583
65955723
65721234
65719751
65958006
65721212
65752710
65725122
65722253
65724103
65963516
65729665
65728289
65965311
65729828
65730331
65763067
65731303
65967253
65732311
65734909
65762713
65735821
65735590
65974839
65738653
65739163
65976977
65740721
65740759
65977586
65743813
65744754
65980136
65744772
65743008
65981242
65748002
65748682
65749452
65987406
65752505
65752435
65782645
65754414
65780671
65754312
65755662
65754692
65755134
65757701
65996314
65761863
65762522
65760635
65999459
65762464
65762475
65792396
65765347
65766099
65762777
66001950
65765312
65768105
66006867
65771569
65772829
66009214
65773331
65774671
65775231
65775623
65776039
65776445
65807070
65777472
65806817
65774996
65775794
65806184
65777741
65806568
65777074
66018919
66018571
66019808
66019345
65781968
66021003
65784628
65785645
65785161
66023585
65786385
65788272
66025473
65787849
65790804
65823294
65792272
66031007
65791561
65793335
66033383
65794106
65824787
65797178
65796598
66036007
65796776
66035999
66037368
65799763
66039888
65830401
65803496
65802664
66042687
65832890
65806457
65805458
66044782
65807318
65806315
65806491
66046199
66047527
65809791
65810559
65840832
65814250
65812707
66053747
65814166
66053963
65847605
65844453
65815828
65818042
65844786
65816789
65815090
65818765
65823973
66064431
65857934
65826281
65860127
65830881
65828988
65829522
66070994
65829909
65832705
66072061
65833811
65832988
66073837
65832739
66074643
65835067
65837647
65839168
66080956
65840266
65840213
66081836
65840104
65841853
65842537
65845192
65841995
65873159
65846094
65843479
65845219
65876348
65848323
66087844
65846894
65851953
65879017
65852353
65853842
66093176
65852667
65854936
65853683
65852705
66096562
65855850
65854241
65884978
65858031
65857854
65855089
65857706
65861027
65863402
65889541
65864272
65864418
65864142
66105930
65864989
65867203
66108277
65868311
65869147
65867239
65898408
65870009
65868374
66113288
65904324
65872134
65901137
65873382
65873163
65903610
65876022
66116944
65905554
65877585
65876168
66120006
65877358
65877964
66121511
65880369
65880344
65910958
65883198
66126551
65884029
65886373
65885237
65885976
65888796
66130477
65890003
65890839
66132578
65891920
65895372
66137196
65894550
65896945
65895798
65896595
65899172
65897813
65898365
65901113
66143237
65901763
65905663
66147888
65905459
65907628
66149867
65908151
65909329
65908001
66153478
65911919
65937831
65911156
65912642
65912143
65941509
65913341
65913922
65945835
65916306
65915191
66161133
65914399
65916740
65916326
66162780
65918173
65918659
66164280
65921358
65922567
65950286
65925878
65923005
65953895
65925601
65925874
66170997
65958476
65926879
66172542
65928102
65930871
66174414
65931558
65932677
65931335
65962559
65936716
65933712
65935730
66182031
65934935
65937020
66183410
65939015
65941034
66185177
65940572
65939407
66186483
66187666
65974755
65943213
66191267
65946181
66192603
65948760
65949067
66193924
65948764
65949276
65949651
65950620
65952316
66197938
65952498
65951539
66202420
65958185
65959446
65957734
65960095
65961393
66206349
65962566
65963447
65989844
65963937
65962678
66210678
65967118
65967286
66215174
65968397
66215923
66001295
65969798
65970367
66217379
66218613
65972192
65974177
66220508
65974966
65973721
66222117
66009701
65977712
66226282
65979351
65981814
65978927
65979172
66228575
65981108
65983620
66230015
65982929
65985749
65982650
66013140
65983834
65983789
65982747
65988270
65988865
65991473
65988861
66238056
66022857
65989479
66239369
65991709
65991931
66241336
65994766
65995794
65994110
66243383
66027031
65993679
66024188
65996221
66000442
65999367
65999498
66248766
66001326
66003615
66001602
66250878
66004881
66005762
66252895
66004998
66007253
66008511
66255180
66009790
66008812
66259189
66260785
66010200
66040330
66012393
66014964
66262787
66014640
66014781
66265477
66017981
66016755
66048360
66022615
66271609
66024108
66020923
66052301
66025221
66022116
66054089
66024435
66053939
66025284
66027792
66275918
66026854
66029445
66277862
66032916
66031787
66282166
66033047
66035624
66035369
66285721
66035489
66036209
66036965
66039608
66038183
66071396
66040993
66040784
66042266
66293544
66293851
66295134
66044338
66045330
66046162
66297610
66047301
66049563
66298770
66300228
66051175
66054438
66053050
66305336
66054232
66054765
66057397
66307144
66056691
66058978
66059819
66309470
66311044
66060812
66063028
66065069
66065771
66064368
66316982
66067561
66068199
66066645
66318932
66069226
66070202
66071043
66321421
66072858
66073391
66073674
66074354
66326801
66076708
66077520
66076416
66329792
66109386
66329851
66077719
66331149
66110874
66080298
66331980
66335728
66083871
66336810
66086477
66087546
66085917
66338954
66086764
66089258
66088263
66088073
66116798
66090962
66122122
66091833
66088997
66343268
66344589
66091973
66094665
66093677
66096168
66348862
66098490
66096599
66096926
66127432
66098919
66100676
66099372
66353070
66102114
66103042
66101764
66358979
66105707
66104602
66360279
66139335
66109430
66107947
66362249
66111258
66108474
66110672
66364416
66111186
66113435
66112217
66145886
66116697
66369884
66371095
66119087
66119447
66118280
66373894
66373990
66121705
66122486
66123399
66376015
66376912
66124513
66127883
66128994
66124945
66127338
66158624
66130134
66128723
66384365
66129769
66129947
66385562
66131365
66133870
66132790
66388591
66134073
66139016
66392096
66167758
66139964
66137652
66393889
66139752
66138867
66395336
66139880
66396644
66143570
66144926
66144496
66175955
66173164
66142533
66402927
66148333
66150538
66149309
66150606
66180244
66151511
66151725
66408059
66153723
66154531
66154280
66410822
66182063
66156881
66155433
66160848
66415122
66416037
66193201
66160602
66416736
66417461
66418961
66161692
66164159
66162948
66193352
66164089
66162737
66164033
66164489
66422124
66168719
66169461
66171856
66170538
66427795
66170275
66172012
66429545
66175028
66175857
66174440
66431720
66206391
66177421
66175881
66437095
66179871
66437300
66180803
66181758
66183999
66183330
66440172
66441410
66184839
66186672
66184714
66186252
66444009
66188391
66189077
66188854
66190420
66449081
66193358
66193739
66192905
66451916
66194048
66194762
66193579
66196232
66454286
66198515
66198175
66197465
66459072
66201506
66202231
66204579
66203127
66462308
66204756
66206839
66205292
66464455
66208209
66209038
66465795
66469914
66213349
66211520
66471135
66212747
66213427
66216004
66473243
66474776
66216171
66218408
66216799
66476415
66216050
66479921
66220236
66220129
66221987
66481538
66482860
66225469
66226109
66223162
66483740
66254390
66227295
66228197
66256662
66229758
66229743
66488000
66228963
66232197
66234849
66492912
66264883
66235547
66234571
66494880
66235881
66236681
66239202
66497620
66238260
66240612
66239286
66502565
66242859
66245251
66246089
66244193
66504015
66505289
66246427
66247400
66246012
66507815
66280061
66247744
66508787
66250363
66247948
66513038
66253242
66253850
66256714
66255187
66517291
66256768
66259111
66258555
66519857
66290799
66258813
66520623
66521946
66264356
66262355
66263827
66525421
66265009
66265668
66268392
66528047
66265823
66267580
66266625
66529561
66301668
66298153
66269741
66531584
66532474
66273464
66275272
66275109
66305429
66275996
66278337
66538776
66540519
66539871
66308705
66281080
66279533
66542475
66282409
66283972
66282013
66315175
66287101
66547806
66549343
66288863
66289480
66288202
66551240
66289344
66291712
66290690
66553412
66323677
66294024
66558375
66295911
66298354
66299274
66560511
66298506
66300925
66299720
66564120
66332893
66300287
66331306
66303646
66304538
66303127
66304863
66569683
66306881
66309232
66307922
66571871
66309273
66310103
66573802
66574143
66313291
66313744
66312524
66312854
66343740
66315514
66319178
66580655
66581441
66319617
66321272
66582689
66583901
66320066
66320739
66323344
66585858
66322726
66323625
66325922
66324532
66592662
66358936
66329443
66327864
66327085
66592930
66329418
66331834
66332726
66595669
66338670
66341103
66340029
66605278
66375460
66346026
66609015
66610075
66347039
66346641
66345049
66610969
66612501
66349386
66349942
66348357
66614597
66349680
66350976
66380125
66352729
66353717
66619953
66355651
66357876
66356984
66387403
66359399
66356611
66386161
66360829
66361114
66358638
66388523
66360653
66363107
66361447
66627770
66362962
66631342
66397093
66368873
66367130
66634289
66368388
66369047
66370330
66635834
66402485
66370791
66370062
66399433
66372127
66374275
66373722
66642154
66643706
66378794
66376410
66378098
66644997
66380820
66381693
66380423
66648140
66381787
66382569
66385122
66650457
66387037
66387751
66390256
66389987
66656107
66391444
66393016
66389498
66420796
66391583
66393821
66392629
66660303
66395338
66392982
66395514
66665678
66398404
66399067
66401689
66667819
66400774
66403091
66402513
66669841
66402866
66403460
66406010
66672176
66675702
66409927
66410694
66409542
66677926
66442001
66412668
66412340
66413871
66412241
66444444
66415569
66444616
66416340
66412260
66414301
66414236
66447612
66418862
66418513
66417587
66419380
66689158
66420926
66423212
66690537
66422924
66423316
66692348
66425751
66427032
66428368
66429001
66431571
66430229
66700589
66431826
66432095
66702102
66433157
66435700
66435284
66705068
66436031
66440813
66708668
66439964
66442517
66710740
66441932
66442540
66443109
66713492
66445330
66447109
66715686
66450190
66451877
66480820
66452556
66450838
66721346
66722112
66454744
66455352
66724050
66454629
66453862
66485147
66454287
66456275
66487260
66459150
66460235
66731963
66462392
66464225
66493047
66465146
66734411
66466022
66467087
66465779
66737979
66467743
66469490
66470959
66743322
66472428
66474829
66744188
66475273
66476516
66475243
66475839
66478498
66478178
66508298
66479851
66481842
66753290
66482586
66481226
66755029
66481347
66484207
66515730
66487184
66757415
66486539
66488239
66516837
66488309
66490715
66490397
66763744
66492702
66495022
66492120
66765913
66494460
66497088
66496946
66528539
66497023
66769059
66497471
66499812
66498730
66775205
66501499
66531813
66505095
66504120
66777443
66507143
66507822
66506349
66779562
66509510
66510164
66508805
66785278
66513856
66512432
66786745
66514310
66515823
66544214
66516191
66518418
66789573
66790383
66550711
66518094
66548971
66520664
66521385
66552494
66524904
66524115
66798364
66525076
66527345
66555105
66528685
66529337
66801757
66528713
66531300
66530017
66805281
66534652
66536458
66809825
66534375
66535833
66810476
66536178
66811672
66538179
66540845
66539732
66540249
66542532
66541283
66819215
66546353
66548022
66821214
66547282
66547173
66822275
66546876
66550733
66824045
66550034
66549127
66826234
66550006
66829262
66554927
66557586
66556055
66586456
66558840
66557798
66834040
66559006
66561559
66835531
66559421
66562290
66592047
66563958
66565298
66842104
66566765
66566899
66843605
66569389
66571203
66845620
66570466
66573183
66572952
66849245
66577577
66578386
66852648
66577441
66580028
66578577
66855606
66579245
66582552
66580738
66858051
66582985
66584744
66862452
66587975
66589170
66588112
66866408
66589360
66590776
66867488
66592412
66594038
66869890
66593278
66596619
66596591
66874410
66630341
66598030
66876113
66599480
66877504
66600413
66602642
66601450
66880030
66603679
66631891
66602641
66606139
66884957
66608192
66610806
66638389
66609814
66612412
66888494
66609812
66640623
66613335
66614704
66614066
66892506
66615962
66895300
66648416
66620400
66647842
66621321
66621777
66620333
66650193
66621933
66619249
66900110
66622535
66623784
66653565
66624696
66625128
66903349
66626948
66630728
66628574
66907891
66909617
66632614
66633170
66660727
66632396
66634518
66912127
66667349
66634141
66913991
66636928
66638181
66639466
66920066
66642623
66639449
66920620
66642076
66642333
66922016
66923410
66646154
66645196
66925039
66645294
66676369
66648325
66646793
66929329
66650583
66930655
66931192
66654155
66655008
66933606
66655660
66656937
66935781
66656414
66659563
66658438
66941525
66661362
66664576
66663568
66942645
66663100
66666450
66662718
66945025
66665124
66667417
66666239
66947709
66672074
66672773
66671306
66952685
66673128
66953499
66673583
66676017
66674571
66956959
66674755
66676263
66957839
66679458
66680434
66961895
66681610
66683876
66683645
66715963
66713638
66685936
66965899
66685529
66685945
66717057
66688897
66687398
66970540
66691813
66691890
66973745
66693008
66696007
66693984
66976991
66695283
66697891
66696449
66978942
66699614
66697794
66727129
66700300
66703873
66702499
66985073
66735465
66701967
66703323
66985731
66986556
66737147
66706241
66987941
66989378
66705344
66736241
66707796
66709989
66708572
66992185
66713465
66995446
66714786
66715961
66714869
66746576
66717795
66999136
66717091
66719303
66718092
67001807
66720183
66722127
67006783
66725490
66726508
66725231
67009373
66728471
66728478
66727567
66727752
67012078
66728782
66731177
66730681
67013576
67017819
66735934
66736425
66735601
67018864
67019766
66734491
66736838
66766368
66737905
66740133
66737254
66738241
67022918
66739638
66742284
66740726
67028500
66744765
66746339
66747369
66746213
67031828
66745604
67031886
66779105
66749610
66747654
66749203
67034189
66751840
66752795
66753379
66750513
67039448
67041097
66756977
66758762
66756563
66785606
66758373
66760182
66758581
66790714
66762117
66759775
66760070
66789907
66761314
66763719
67050235
66765572
66768584
66766458
67052537
66767901
66770166
66768961
67055811
66770182
66772697
66772329
67057628
66777179
66777697
66776451
67063006
66779174
66780071
66779744
67065527
66781663
66782602
67067146
67068031
66782394
66787313
66786102
67073284
66788817
66789834
66788489
67076159
66791667
66792359
66792028
67078118
66794180
66792309
66792792
67083372
66798957
66799509
67084894
66798773
66801801
66799810
66831095
66802609
66802347
67089308
66804355
66802546
66805989
67094137
66807952
66809892
66806807
67095890
66840527
66811187
66838714
67097601
67098175
66811247
66812143
66814432
67100312
67102061
66817898
66819462
66847404
66820021
66817291
66819248
67107753
66822353
66822967
67109556
66853056
66823618
66823110
67111923
66826452
66827408
66829701
66858146
66830381
66829176
66859008
66829359
66832925
66829889
66860985
66832168
66834434
66833207
66865006
66833119
67122925
66867129
66833952
67126691
67128016
66839366
66839707
66872407
66842987
66838992
66841459
67131025
66844153
66845073
66844907
67134286
66846403
66847804
67138310
66849670
66852278
66850915
67141140
66854247
66854813
66881706
66855609
66855994
66882911
66855409
66857677
66887947
67148550
66890587
66862070
66860539
67151580
66861975
66864305
66863076
66863078
67153464
66864158
66866502
66865407
67156261
66868654
66872106
66871570
67161847
66872650
66872791
67162602
66872970
66874609
67165068
66907336
66874683
67166303
66876290
66878802
66907809
66882535
67171780
66913188
66883823
66912316
66882830
66882705
66884701
67175061
66883227
66886075
67177508
66887723
66888761
66915963
66888768
66892723
66891125
67184018
66893930
66895006
67185165
67185679
66896648
66896115
66896730
67188709
66929319
66898045
66927315
66896567
66898403
67193779
67195054
66904140
66905656
67195970
66935482
66907001
67197571
66906241
66905174
66936726
66907130
66906175
67199328
67201105
66912589
66914075
67205040
66913277
66916504
66914154
67206919
66915079
66917759
66917373
67209832
66917909
66920011
66919625
66936800
67215255
67216335
66923605
66925922
66924842
66925986
66925629
67220178
66928323
66929535
66929214
67222190
66929210
66960361
66939581
66938035
67234339
67235151
66942257
66943204
66945643
67238054
66946085
66947218
66974485
66946555
66948867
66947481
67241901
66950720
66953899
66953589
67247870
66952389
66953833
66954460
67248162
66954925
66957331
66956044
66956246
67250988
67252391
66960002
66960574
66987809
67254382
67257109
66964944
66962033
66963936
67259397
66965136
66967467
66966238
66996734
66969842
66967880
66999629
66971232
66969743
67265687
66969624
66974917
67005009
66975897
66975261
67270559
66976294
66978673
66976950
67272890
67273452
66980383
66981020
66979781
67276578
66981131
66986013
66984381
67280948
66986097
66988387
66987134
67283561
66987084
66988565
67019692
66991778
66988943
67018928
66991543
66989792
67020779
66994466
66992530
66994087
67291282
67292171
67029181
66996778
67026198
66999325
67000047
67294707
67295767
67000631
67001530
67000400
67297839
67003850
67004354
67000011
67299813
67004006
67004158
67301231
67302685
67007153
67008817
67036610
67009536
67007112
67009344
67038770
67010241
67010317
67306434
67307207
67015588
67016106
67014491
67044351
67015607
67017902
67017622
67314540
67017914
67048429
67018563
67018810
67317310
67019983
67020516
67019406
67022259
67055610
67026471
67027397
67054028
67027267
67028661
67055419
67029706
67030330
67029876
67327300
67032152
67032862
67060785
67033696
67032035
67333276
67035813
67039035
67036980
67335988
67039716
67040551
67068092
67039692
67041556
67041287
67069910
67040566
67043851
67340710
67345123
67048329
67046684
67346058
67047673
67050102
67049782
67348833
67050196
67052486
67051923
67350201
67351665
67052583
67053359
67053320
67057549
67087152
67059230
67060221
67357843
67059484
67059858
67360153
67060805
67063149
67064143
67361910
67063247
67065083
67067184
67367704
67070341
67068485
67068562
67098401
67069953
67072013
67070842
67371412
67074080
67074502
67073193
67073256
67073756
67374290
67078970
67078743
67378664
67078898
67081113
67081978
67079634
67381601
67083000
67083781
67110597
67084980
67085476
67084640
67084413
67088492
67119333
67090079
67087448
67089205
67390993
67090162
67091079
67093320
67092080
67394188
67095108
67092080
67122239
67094344
67096530
67096087
67400388
67099172
67099804
67102459
67100343
67402124
67101799
67103888
67102842
67404782
67103893
67106507
67105148
67137156
67110943
67138405
67109726
67140084
67112158
67412350
67413558
67111664
67141333
67112930
67113496
67115857
67142509
67115128
67117342
67116075
67419479
67121834
67122523
67120575
67423608
67121897
67124306
67151105
67124087
67125494
67124289
67155374
67126344
67127872
67124623
67126149
67125710
67157275
67127482
67132816
67161252
67131768
67132786
67161962
67132704
67135164
67133817
67436871
67165470
67136261
67163460
67137637
67139130
67137194
67441487
67142575
67143640
67142484
67446876
67143516
67145809
67144684
67448668
67145817
67148199
67147927
67147088
67451193
67148476
67151820
67151665
67150630
67455782
67456884
67155337
67156153
67154743
67459109
67155947
67159144
67156891
67462425
67158532
67159254
67164467
67466988
67163570
67163494
67164396
67166754
67469555
67165928
67165745
67195059
67167166
67169222
67167675
67473530
67171512
67173917
67173693
67478790
67174185
67174790
67175545
67174117
67204085
67480746
67206493
67178345
67179237
67482603
67484378
67179842
67179543
67487337
67183025
67185355
67184622
67184405
67490177
67216514
67187855
67186133
67492235
67189430
67190029
67189890
67221175
67191825
67194079
67499186
67194779
67196506
67193594
67501151
67502741
67195047
67502772
67197753
67199978
67201031
67505449
67232830
67202512
67509735
67511295
67203530
67511469
67512855
67208322
67209175
67207751
67515199
67211082
67209024
67209442
67516281
67517770
67212965
67214136
67215668
67522157
67215963
67218331
67217139
67524768
67219766
67218753
67217753
67249560
67219572
67220861
67251181
67222638
67220986
67528693
67532656
67227608
67226856
67255445
67226907
67228353
67227811
67227902
67227231
67228499
67258432
67229544
67229402
67537898
67230792
67231728
67234035
67540376
67543690
67238319
67238939
67237282
67546612
67238482
67241162
67239473
67239995
67271344
67242751
67242123
67550595
67241279
67241404
67242672
67554136
67554474
67246585
67249031
67276168
67250075
67250882
67250306
67558439
67283348
67253074
67560093
67561260
67253624
67255533
67257617
67566180
67258996
67567003
67568170
67259136
67261545
67260340
67570105
67263182
67264849
67262785
67572847
67266816
67269154
67270046
67578016
67579494
67271843
67579323
67579961
67272573
67273432
67272184
67582129
67583089
67273647
67274190
67279598
67587044
67309178
67277509
67307992
67280611
67279903
67282393
67281854
67313862
67283493
67282004
67312824
67284385
67283059
67315100
67286177
67283137
67284679
67594370
67598778
67598993
67291105
67600052
67600537
67290601
67293212
67292051
67602349
67603595
67293085
67291492
67322381
67295550
67295422
67295299
67295408
67609889
67301054
67301942
67301012
67330250
67303029
67303479
67302280
67613993
67303375
67305729
67304538
67616469
67617059
67339324
67306418
67339520
67310053
67312630
67311000
67342344
67314079
67313509
67624400
67345195
67314827
67343071
67315953
67317033
67317701
67316127
67347195
67315527
67316344
67632393
67321108
67633176
67634645
67324485
67323274
67325758
67636304
67324998
67327301
67324854
67638373
67638697
67327080
67332389
67332147
67645000
67333837
67331130
67334909
67333594
67647178
67335459
67647547
67649097
67338182
67339076
67365328
67338260
67343315
67341253
67341747
67655258
67342885
67343538
67346118
67657653
67377595
67347390
67345635
67347016
67660565
67347368
67348016
67661567
67665885
67353775
67354541
67352931
67668123
67354582
67356991
67355316
67384245
67357916
67358187
67357169
67671795
67358371
67360736
67362381
67677546
67363555
67366559
67364162
67395116
67365726
67367985
67680484
67397198
67368820
67369569
67682285
67368744
67371304
67372814
67688654
67374331
67688722
67689815
67376151
67378176
67376399
67692220
67377644
67380002
67378554
67694274
67381415
67382013
67383065
67382408
67383884
67699108
67416951
67387275
67386591
67701181
67386910
67389241
67387943
67704214
67389232
67391651
67390040
67709251
67394232
67394915
67394895
67396439
67711954
67396589
67395641
67426866
67399420
67713741
67714357
67399243
67401635
67402503
67399398
67402166
67720172
67721548
67405103
67406659
67436344
67408432
67407018
67724195
67408392
67409042
67410377
67409150
67726330
67410420
67415490
67414302
67732163
67415639
67418085
67417639
67415795
67445551
67449391
67417612
67417970
67447614
67419054
67418054
67420835
67737915
67738636
67421237
67421962
67742074
67424007
67743130
67744407
67429175
67427607
67428260
67746301
67429886
67429684
67747444
67430617
67430777
67431458
67461291
67434081
67437484
67753529
67436809
67439249
67440117
67756368
67470816
67441677
67441404
67758478
67442958
67443646
67442444
67764297
67446305
67447263
67447779
67447522
67766267
67448670
67446803
67449215
67768770
67450541
67451293
67453825
67452066
67451387
67771354
67488322
67457279
67775354
67776914
67458182
67488417
67459091
67457937
67459699
67489529
67462624
67463382
67461828
67781218
67464215
67465358
67462154
67466984
67499003
67470192
67470221
67787728
67500787
67471448
67472245
67790055
67791407
67473995
67473319
67474458
67503042
67475795
67476674
67797278
67478478
67478587
67480276
67509216
67479990
67799986
67510833
67481595
67480207
67479717
67510867
67483734
67484060
67483448
67804116
67805655
67487500
67490832
67490413
67810205
67492021
67492805
67491663
67491521
67812560
67494535
67495367
67494216
67815381
67495488
67500561
67499529
67820489
67500550
67502945
67822113
67822449
67533267
67504515
67502940
67824182
67535697
67506327
67504950
67504266
67826492
67509053
67509693
67512150
67510702
67832839
67513996
67512097
67512414
67542083
67515022
67513625
67513990
67515322
67836216
67515542
67517896
67516915
67841477
67520477
67522944
67522603
67521840
67523223
67844608
67523561
67522542
67525216
67846840
67525660
67526374
67528828
67530153
67853001
67532585
67533495
67531863
67531915
67532353
67856068
67533625
67535942
67534782
67857734
67536056
67536589
67539139
67862821
67540933
67543250
67541994
67865127
67543296
67545661
67544704
67867994
67545710
67547976
67546953
67545438
67547778
67580534
67550933
67553708
67553104
67875848
67554640
67555801
67554446
67878741
67555574
67557918
67554810
67585198
67558476
67558267
67881432
67589271
67563118
67564020
67561995
67573081
67571381
67571107
67571798
67572140
67573859
67897846
67573876
67572191
67574276
67899258
67575607
67578026
67577631
67904095
67580682
67581239
67583905
67581186
67907089
67583147
67585398
67585068
67909132
67585469
67587732
67588600
67914263
67590391
67592759
67592562
67590306
67621737
67593619
67591275
67593133
67593690
67919143
67627303
67595078
67920550
67920917
67596430
67598727
67597495
67925849
67601607
67603822
67602841
67927903
67633942
67605972
67606363
67604850
67930855
67607442
67606844
67609133
67605661
67607606
67933297
67642687
67613434
67612098
67939277
67613641
67613930
67614463
67941392
67615740
67617866
67615423
67942684
67944153
67620113
67620662
67617475
67947838
67621162
67622924
67949758
67625531
67626462
67623408
67626660
67952481
67628124
67628953
67625459
67954388
67955332
67630404
67631356
67634984
67662501
67633799
67636421
67961716
67635596
67637964
67637017
67964424
67637557
67638295
67965708
67639204
67639839
67643111
67970936
67972248
67644794
67972260
67973150
67644912
67646512
67678073
67649633
67649185
67976419
67649364
67651732
67650476
67981660
67655883
67656691
67653867
67983482
67984910
67658911
67656092
67985417
67658520
67660837
67657684
67660741
67987965
67988618
67659850
67991987
67662501
67668219
67663542
67992250
67697459
67694429
67664968
67668182
67668748
67665743
67667332
67996924
67668607
67669161
67671813
67699730
67670818
67671706
68002600
67674763
67675454
67677976
67676361
67706303
67677800
67679510
67678137
68007614
67680657
67681711
67678681
68009529
68011168
67683878
67686642
67685718
68015841
67688646
67687345
68017260
68018814
67691089
67689457
68019382
68020897
67691726
67693631
67692355
68025809
67698140
67698795
67697367
68028112
68028989
67700814
67701643
67702556
68030866
67701635
67702154
67704769
68036138
67706618
67707390
67709766
68039062
67709251
67711387
67712174
68041344
68042782
67713971
67714390
67713782
68047235
67716843
67719095
67719950
68049280
67717502
67719073
67719086
67748577
67721924
67722464
67723257
68052685
68054315
67721832
68054379
68058235
67729126
67729647
67726816
67728279
68060823
67729485
67730333
67728782
67730674
68062651
67731799
67732575
67734981
68065145
67736959
67737702
67740022
67738717
68071135
67741655
67739797
67739988
68072815
68074128
67743875
67742198
67742634
68075290
67742347
67743606
68079595
67775545
67748600
67750688
67750670
67747856
67779270
67751652
67751123
67779481
67751609
67754103
67752500
68086371
67753571
67756014
67752987
67758660
68091767
67758767
67757570
68092580
67760285
67761106
67760165
68094610
67762200
67764544
67763428
68097412
68098766
67765980
67770550
67768930
68103783
67770138
67770736
67769657
67801343
67772267
67774607
67774204
67772370
68107364
68108694
67776948
67777188
67774174
68112283
68113596
67781376
67782119
67783099
67811343
67783660
67784460
68116867
68117810
67783029
67785619
68119619
67785859
67788275
67789955
68124960
67789140
67791862
68126061
68127357
67794750
67796122
67795930
67824617
67796697
67795283
68130848
67796619
67801675
67799027
68135311
68136800
67800453
68137427
67802635
67803243
68138823
68139050
67804220
67804900
67807456
67805963
68141798
67807306
67811198
68145979
68147328
67813661
67814155
67813831
68149743
67814037
67816483
67814771
67814959
68151607
67817719
67818662
67817078
67850813
67822803
67819825
67821969
68158653
67823093
67823959
67826252
68161073
67858415
67827713
67825048
68162701
68163880
67826195
68166341
67861271
67833033
67832459
68168568
68170109
67835339
67835918
67834470
68172343
67835778
67836325
67837301
68174113
68178394
67842837
67843501
67842757
68179916
67843519
67845761
67844566
67875162
67846377
67845788
67877239
67844429
67848074
67878586
67849221
67849857
68188789
68190022
67854302
67852160
68190862
68192257
67856113
67856921
67855553
68193974
68195198
67856890
67886804
67859196
67859409
67859955
68200329
67862969
67865235
67864928
68203214
67897777
67865798
68204265
67866612
67868980
67869794
68207073
67869062
67872619
67874956
67874255
68212802
67874758
67876997
67877811
67906764
67876836
67879224
68216333
67909810
67878696
67908060
67880039
67881803
68222015
68223461
67884296
68223695
68225086
67887328
67888208
67887083
68226944
67886415
67888249
68228446
67889596
67890396
67893925
68233042
68234175
67894464
67925058
67897075
67897859
67896431
67928045
67899450
67896484
67926976
67898601
67899537
68239118
68240441
67902417
67902732
67906213
67904796
68245573
67907330
67908430
67906845
68247856
68247854
67909983
67910737
67911769
68250702
68252254
67916278
67916901
67915535
68255922
67948046
67918197
67915097
67946507
67917576
67916580
68258894
67917383
67917607
67919536
67951541
67922243
67920535
68262090
67920730
67954139
67925437
67925480
67926307
68267971
67927414
67928163
67930558
68270319
67929856
67930584
67933140
68272783
68273812
67934425
67938041
67938618
68278947
67936646
67938083
68280504
67939272
67940144
67942484
67939146
67969541
67941639
67944024
67943576
67973022
67944399
67942491
67976703
67947315
67946517
67946306
68290002
68291358
67949113
67949718
68292465
67981532
67952716
67953457
67952945
68294849
67953038
67953944
67956322
67956998
68300501
67990991
67958604
67957409
68301925
67959907
67960851
67963095
67961438
68304889
67994434
67964844
67963472
67996115
67965318
68310806
67968348
68311901
68312127
67969557
67970014
67999281
67971205
67973470
67970598
68315384
68316998
67974649
67975673
68317863
68318597
67976775
67974586
67979718
68009770
67981489
67978863
68009278
67982769
67981982
67982658
68325721
67982716
67985159
67984839
68015300
67983957
68014140
67985769
67988328
67990548
68021246
67992303
68019676
67991598
67993788
67992159
67991005
68336286
68337559
67995408
67996004
67994665
68339708
67996138
67996832
68002301
68346019
68346825
68346317
68346957
68001692
68003548
68348851
68004373
68006765
68007630
68004475
68005995
68351722
68353059
68012598
68011198
68013973
68013304
68357767
68359453
68015909
68016420
68014907
68361064
68016207
68016959
68016906
68017481
68366216
68367614
68022385
68022117
68368696
68023139
68022668
68369745
68370952
68025657
68027473
68028437
68055112
68028366
68028321
68030541
68032480
68062766
68033954
68034907
68033643
68381067
68034614
68035660
68037826
68037078
68383192
68384745
68039857
68040265
68043668
68388648
68390288
68042897
68043469
68390840
68046043
68045352
68047949
68047499
68393712
68395024
68049987
68050556
68051704
68399321
68400182
68053464
68054216
68056721
68054741
68055087
68402868
68404076
68058111
68059070
68059849
68406147
68410266
68064374
68062872
68062113
68063495
68411903
68413250
68067194
68067763
68068265
68095408
68068309
68070342
68070477
68068692
68417046
68420756
68074902
68075228
68075293
68076027
68423196
68106599
68076489
68078148
68076707
68425675
68077630
68076439
68079194
68078598
68427657
68432034
68082690
68431726
68114020
68083984
68086396
68083168
68082759
68086022
68434187
68435606
68435388
68116803
68089504
68088259
68090620
68090180
68439101
68090173
68093757
68093451
68092481
68094957
68444684
68445355
68097878
68097618
68096815
68127030
68099029
68447617
68448160
68449865
68101616
68449697
68451288
68137033
68106307
68454570
68455151
68104611
68106325
68456602
68458049
68110152
68110662
68110242
68459756
68461023
68112327
68113354
68110113
68114679
68465482
68115930
68116631
68119221
68117684
68147679
68120277
68117948
68147758
68121664
68122084
68122655
68121465
68120024
68472580
68476723
68126485
68124511
68126440
68478328
68160649
68128275
68479235
68480406
68131603
68128713
68159654
68131569
68132995
68133812
68133365
68486768
68136128
68136928
68139525
68137971
68168716
68141209
68141296
68140722
68491780
68493327
68143451
68143743
68144560
68146536
68498815
68178944
68149249
68147530
68499946
68500956
68150796
68149543
68151116
68503479
68183552
68152748
68150532
68152348
68505101
68506187
68187528
68157024
68156471
68509187
68188844
68159294
68160312
68511190
68512149
68158726
68161215
68190069
68161554
68164038
68191802
68161385
68163228
68166633
68520379
68521182
68168982
68521341
68522550
68171526
68172739
68170902
68524251
68203665
68174263
68172582
68526320
68527646
68175661
68179394
68177771
68531456
68178794
68179854
68182129
68181579
68534811
68181696
68182619
68184932
68184245
68212663
68185167
68185444
68187806
68541783
68542323
68543271
68191092
68190356
68218713
68189087
68192255
68191444
68219351
68193638
68193694
68195263
68193873
68548526
68228948
68200104
68199215
68198722
68553638
68555189
68202138
68202826
68201695
68556822
68557906
68204863
68204031
68202522
68202606
68205330
68233920
68207204
68207080
68209780
68563992
68564822
68210402
68211243
68213621
68212948
68567425
68568718
68215308
68216804
68216895
68570561
68218665
68219356
68221981
68218887
68221270
68576253
68577691
68223433
68222725
68221554
68223240
68253120
68226027
68222309
68224709
68581125
68582182
68229209
68230108
68232445
68229051
68231278
68232086
68587956
68589127
68588706
68263609
68235548
68232559
68235191
68234368
68234431
68591647
68590912
68235819
68236605
68241708
68240178
68240072
68597445
68598262
68241974
68243044
68245286
68243530
68600794
68602157
68246664
68246137
68248522
68247087
68606892
68608175
68251220
68252164
68254415
68252878
68610353
68611868
68255412
68257756
68255772
68613529
68614610
68260160
68260861
68263342
68261973
68260850
68619568
68620516
68263372
68263628
68264206
68622171
68623451
68265873
68265252
68265877
68624767
68628123
68270828
68629339
68630295
68631000
68274125
68273731
68285110
68285999
68283909
68284432
68285119
68643943
68319063
68287620
68285167
68315643
68289168
68290613
68293136
68292232
68292019
68649441
68321944
68293878
68293563
68295728
68295220
68294132
68323252
68296924
68296109
68298515
68296977
68657052
68298280
68301761
68304074
68302293
68661987
68663438
68306061
68306349
68307241
68306760
68666326
68307023
68308136
68309996
68308611
68671047
68671723
68312948
68313656
68314870
68314629
68316096
68675720
68676794
68318633
68318945
68319773
68319452
68681532
68322246
68322903
68325288
68323222
68323426
68323614
68325155
68684630
68685889
68327284
68327684
68327485
68329345
68327832
68688815
68331555
68330143
68334104
68333704
68362723
68334184
68336578
68336649
68334781
68335335
68697282
68336418
68337218
68339576
68338874
68368853
68339040
68344458
68343164
68705292
68376319
68346315
68344938
68375285
68346011
68347198
68348833
68347858
68347120
68376087
68349338
68348431
68349782
68710918
68714767
68353167
68354042
68356430
68354534
68355336
68717680
68718915
68356890
68357642
68360123
68720525
68721517
68361339
68363264
68365745
68364827
68726741
68727274
68366375
68367822
68368338
68366835
68730122
68368530
68369990
68369999
68370002
68731616
68731812
68370690
68372414
68373635
68373282
68373491
68373034
68402965
68375595
68375648
68377807
68376833
68739689
68741113
68380089
68379607
68377272
68379384
68408515
68381135
68381025
68385918
68746942
68747734
68385242
68386679
68388235
68386892
68386008
68387673
68751467
68386424
68390921
68389432
68389825
68390187
68753877
68391141
68394704
68397068
68393747
68758656
68760262
68429021
68398380
68397113
68761520
68430236
68400503
68399622
68763987
68764859
68402345
68401325
68401576
68402954
68405092
68770076
68406323
68407154
68406931
68407764
68408294
68438316
68406515
68437094
68410665
68408089
68409724
68410066
68775568
68776448
68413653
68415064
68417545
68415615
68416029
68781390
68782567
68419464
68418513
68417476
68419190
68783646
68784681
68785119
68420937
68422219
68449950
68423748
68423087
68427797
68427214
68792061
68793408
68426751
68428170
68429882
68458743
68429981
68431976
68431047
68797522
68431933
68432802
68435043
68437238
68802379
68469973
68439287
68439939
68438552
68805600
68439721
68441304
68441673
68441459
68441462
68808442
68808885
68445021
68446405
68448886
68448415
68814216
68815750
68450576
68451367
68450685
68451077
68479719
68453481
68453252
68455769
68452043
68453917
68821693
68825380
68458446
68825808
68826285
68460279
68461236
68461333
68461748
68829426
68493667
68465168
68465817
68462684
68831620
68832098
68465706
68467370
68471315
68469437
68469807
68499257
68472781
68471669
68473797
68472290
68472556
68472934
68841531
68474059
68475003
68475893
68475654
68844336
68508261
68478304
68479893
68510152
68482043
68479713
68483572
68484057
68482804
68851651
68852318
68517397
68484456
68853115
68515212
68485958
68488562
68486884
68485796
68512390
68857204
68487101
68491035
68490392
68489239
68490560
68858091
68859433
68489533
68493491
68492811
68521473
68494265
68494067
68495999
68494368
68863301
68527819
68496948
68498525
68867894
68868714
68500404
68501222
68503504
68502893
68871218
68503174
68504016
68506308
68504854
68535025
68506064
68504852
68506911
68510077
68878700
68879666
68510883
68511871
68510419
68513386
68882143
68883092
68512517
68883611
68546535
68517106
68514270
68516789
68886273
68889865
68520300
68522641
68523458
68551154
68522885
68524698
68525323
68523913
68554931
68526626
68525289
68895668
68556574
68527610
68529190
68530494
68901915
68531451
68532135
68534640
68532911
68533236
68562921
68534392
68536492
68537100
68536547
68906648
68907728
68538697
68542259
68543076
68570342
68542296
68544468
68541482
68913936
68914884
68544358
68544799
68545330
68917326
68918235
68548984
68550159
68545467
68918826
68922043
68922662
68552129
68554571
68553435
68555607
68552655
68925510
68585302
68554471
68557290
68558148
68556614
68929613
68558053
68558782
68563694
68562101
68934370
68935658
68563752
68563034
68564385
68936843
68937625
68566138
68568846
68566127
68567604
68939981
68940786
68571535
68571676
68571764
68574378
68601347
68574843
68945873
68575255
68946921
68605703
68577421
68575971
68605162
68578627
68578538
68578769
68580190
68578506
68954597
68956069
68584583
68583272
68582494
68583984
68613152
68584608
68585877
68586020
68586458
68959244
68959915
68960893
68589392
68588680
68591185
68965430
68966930
68593525
68594271
68596680
68595101
68624341
68597850
68598347
68599188
68597227
68598912
68972072
68972400
68599486
68973646
68976722
68635731
68606101
68604120
68977906
68604836
68633838
68606037
68608684
68608773
68607818
68636892
68607603
68607932
68982704
68984237
68611306
68610772
68613031
68612426
68645892
68612976
68617423
68615943
68990681
68646628
68617322
68618443
68615784
68618200
68618777
68648588
68619827
68622164
68620865
68621235
68996958
68624985
68626302
68625776
68628719
68626263
68627726
69002032
69003074
68628400
68629306
68631475
68628144
68628998
68659909
68631585
68633109
68633974
68632293
69010797
69011528
68636621
68637541
69012853
69014098
69014765
68639061
68638158
68639711
68669941
68641755
68642922
68643784
68642284
69021227
68677860
68648244
68647612
68676933
68648925
68649489
68650940
68650534
69026006
69027113
68652674
68651665
68654098
68650898
68653177
69031634
69032290
68656613
68657935
68659873
68658736
68688044
68660466
68660485
68660954
69037053
68693898
68663294
68664181
68691363
68665184
68663784
68668932
68668307
68667619
69044812
69045540
68669095
68670090
68672231
68669150
68671816
69048520
69049728
68672568
68673406
69050821
69051745
69054534
68676306
69055511
68711085
68681037
68679272
68710365
68680188
68679243
68682878
68681557
69059813
69060747
68685187
68685520
68686559
68683464
68713167
68687256
68688697
68690842
68689913
69067724
69068936
69069894
68693459
68693918
68694831
68721987
68695486
68695846
68693511
68693487
68693943
69073572
68725240
68699630
68698106
68701666
68698917
69078700
69079357
68733558
68702805
68700575
68704105
69081270
69081883
69082326
68704153
68703370
68705015
69084701
69085580
68710932
68708850
68711328
69089222
69090379
69091018
68741437
68712541
68715415
68715497
68714827
69093591
69094425
68747912
68716709
68716476
68715945
68745158
68716913
68719202
68722357
68720666
69100268
69101480
68754923
68722460
69102406
69103022
68722134
68726284
69104134
69105352
69106155
68727579
68727035
68729261
68727867
69110755
69111520
68733507
68733035
68735060
68735839
68763739
68734575
69114836
69115948
69115677
69116759
68737987
68737437
68739623
68741052
69121836
69123338
68744097
68744935
68745937
68745397
68774942
68747219
68747957
68746396
69128510
68745368
68747806
68748427
69132339
69133255
68752718
68752058
68753433
69134996
69136140
68755010
68756181
68758068
68755131
68755256
68756787
68755950
68758308
69139000
69139763
68793258
68763666
68764290
68762526
68762751
68762190
68792769
68761456
68763907
68764638
69146450
69147582
68766173
68767415
68768889
68769703
68769543
69151321
69154756
68773964
68773129
68775727
68775054
69156685
69157604
69158289
68776327
68777772
68779249
68779826
68778268
69160982
69164307
68782422
68783024
68785556
68783872
69167091
69167974
68787024
68786576
68788892
68787457
69170790
69171838
68789070
68792627
68794748
68795374
68794830
69177363
68827438
68796214
68796615
69179188
69180300
68797260
68796717
69181273
69182060
68799188
68801247
68803745
69186665
69187406
68836805
68805718
68805284
68805791
69189655
69191212
68806055
69191112
68838121
68810142
68810850
68811314
68838319
68813671
68813435
68815628
68812756
68813883
68814419
68844374
68815519
68817784
68818461
68818429
68846378
68819139
68819816
68820397
68818764
69203655
69207535
68824501
68824166
68823242
69209078
69209961
68825614
68827134
68828443
68829294
68828733
69213151
69213663
68829351
68828489
68830950
69218315
68865060
68836125
68833537
68864349
68832912
68835538
69221102
69222233
68837009
68836552
68839077
69223845
68871095
68841265
68839601
69225874
69229155
68845704
68843010
68844042
69231214
69232007
68846888
68847712
68850142
68849589
69235139
68849883
68851521
68852661
68853676
68854724
69241365
69242661
69242554
68856959
68859400
68858736
68860163
68861028
68857388
68860490
68859507
69246241
69246889
68860984
68862120
68866706
68866078
69252448
69253575
68868396
68867798
68870042
68870527
69255866
69256557
68870135
68871069
68873077
68870207
68899009
68876257
68877307
68877619
68878467
68877002
69264674
68878160
68879611
68881318
68880645
68880470
69268597
69269196
68883250
68885352
68885635
68886062
69273888
69275402
68887508
68888246
68890878
68888628
68890130
68920229
68891708
68892641
68891923
68891607
69280605
69284275
68897560
68898183
68899051
68901088
69285786
69286657
68900332
68899689
68902197
68900153
69289625
69290405
68902426
68906047
68908264
68906658
69295763
68940127
68910039
68908358
69297707
69298921
68911650
68911216
68913494
68909849
68913155
68909462
68910880
68913187
69301648
69304855
69306005
68917929
68947523
68916581
68918882
68918557
69308242
68951529
68921780
68948693
68921462
69309831
68950176
68922568
68923158
68923527
68924807
68925323
68953043
68928765
68927650
68928461
68930341
68929496
68929099
68960825
68932176
68930430
68961169
68933044
68933906
68933452
69323081
69324390
68936161
68939168
68936242
68937880
69328913
69329730
68938224
68940412
68969855
68942433
68942235
68943613
68944464
68944160
69334136
68975962
68945478
68944913
69338537
68981095
68951007
68950508
69341037
69341762
69342545
68951438
68952406
68954773
68953116
69344569
68952719
68954298
68955924
69349235
69350709
68961012
68958343
68960019
68989017
68962494
68961977
68963975
68960863
68962867
69355096
69355811
68964414
68965102
68966155
69357241
69360647
68969509
68970378
68972766
68971153
69363468
69364404
68972941
68973858
68976051
68974438
69367148
69368100
68974438
68976312
69371649
69009837
68979247
68979570
68980826
68981389
69011273
68982998
68983917
68983415
69375367
69376082
68984040
68984505
69377755
69378151
68985968
68987856
68990323
69382522
69383296
69023961
69019062
68993572
68992511
68994506
68995264
69386222
69386924
69387377
68993918
68994356
69026425
68998941
68998979
68999944
69393671
69395208
69395498
69003584
69003115
69005119
69005937
69004867
69004638
69397548
69036268
69004069
69005291
69399510
69400418
69007357
69010418
69040156
69011020
69013642
69012462
69013274
69406364
69407293
69012267
69015233
69408534
69409313
69015935
69016228
69410777
69050594
69015984
69018665
69414926
69415716
69021995
69023431
69417174
69418058
69024004
69023031
69024725
69419732
69420488
69026368
69027363
69029470
69030167
69029539
69062420
69031946
69033157
69072707
69044043
69046185
69046760
69045202
69440343
69077552
69048310
69046653
69442218
69443163
69048491
69049384
69051772
69053444
69081817
69051985
69448697
69083183
69054822
69056100
69057548
69056066
69452025
69089268
69059545
69060282
69453799
69091279
69060959
69059047
69060336
69089366
69060527
69063491
69064987
69094946
69064571
69066263
69461487
69462236
69065343
69067022
69464473
69464745
69070262
69069376
69071984
69070487
69071453
69469832
69471284
69074976
69075890
69078412
69076583
69473685
69474389
69078449
69080070
69081907
69082153
69080366
69477778
69481172
69084824
69086469
69088453
69088518
69087906
69086958
69116185
69087786
69090123
69088789
69485908
69119365
69091543
69092435
69089021
69091009
69488938
69124230
69097367
69095873
69493476
69494949
69097046
69097119
69097899
69495615
69496306
69098069
69099488
69100127
69499144
69499547
69101688
69102656
69106471
69104353
69133831
69108260
69105330
69107104
69136668
69108322
69109159
69506554
69507422
69110674
69111394
69509099
69143832
69111687
69112151
69510525
69511393
69116333
69117297
69119409
69117878
69516316
69517077
69119209
69118182
69119715
69120239
69519220
69520063
69121716
69122660
69124791
69121977
69522375
69526335
69160091
69129536
69129181
69159290
69130003
69128947
69129794
69129844
69130145
69530086
69531126
69133198
69132774
69135038
69135667
69132365
69134107
69536937
69537247
69138343
69138716
69538505
69539223
69140132
69141566
69143186
69141704
69542080
69141103
69172428
69145716
69142100
69544316
69547435
69548085
69549585
69149299
69151846
69150605
69152777
69153467
69152045
69552710
69553251
69553023
69153373
69154269
69156620
69157654
69558867
69560011
69161561
69160309
69162721
69161082
69562341
69563092
69162910
69164334
69165849
69164435
69568415
69569269
69569542
69169257
69170123
69172159
69172849
69172227
69572937
69573583
69172978
69173826
69175978
69174782
69177970
69579157
69209272
69180593
69181328
69581142
69210484
69182620
69183297
69210642
69184192
69182861
69185219
69183637
69214063
69186289
69187106
69186457
69217893
69190059
69191263
69192145
69190539
69593497
69594763
69192083
69191172
69192606
69595240
69595907
69194150
69195400
69196880
69197817
69199549
69602235
69602149
69200227
69603210
69604394
69604263
69202154
69203122
69205398
69204636
69607247
69608218
69205514
69206598
69211345
69209885
69613434
69614010
69210251
69212666
69213215
69615876
69616475
69213859
69214892
69216924
69217727
69217233
69622733
69252296
69222204
69220064
69221690
69624892
69625633
69222377
69224958
69225297
69226114
69225292
69252895
69225817
69227680
69225870
69226522
69226336
69228864
69231968
69231466
69260701
69232435
69232659
69234019
69234847
69232768
69233534
69637807
69638711
69235066
69236021
69238032
69238725
69644299
69644943
69645624
69241450
69243098
69244344
69244976
69243250
69648583
69649344
69245071
69246080
69248346
69246385
69250787
69278014
69250864
69253272
69253581
69251219
69252738
69657680
69254043
69254342
69658757
69282211
69253153
69253041
69254343
69257336
69257704
69256290
69286373
69256992
69259276
69262742
69263350
69261631
69667991
69668514
69263494
69265946
69264840
69267469
69267600
69267896
69266561
69672730
69673394
69270619
69272257
69273536
69274364
69274842
69273188
69680040
69680731
69275053
69276443
69277653
69274994
69305055
69278365
69279110
69278216
69279713
69687683
69688275
69282274
69282818
69312812
69283463
69285854
69286408
69284399
69286343
69692700
69693277
69285052
69285670
69316318
69289383
69290354
69291646
69293887
69292670
69293157
69324409
69292943
69292727
69294529
69702468
69702929
69704262
69703878
69704749
69705615
69705569
69298786
69300708
69330435
69303691
69304220
69305160
69304696
69306029
69306870
69304144
69334423
69307252
69307345
69305585
69307840
69307385
69337096
69309269
69308785
69310948
69311693
69312823
69313254
69314485
69722133
69345623
69315633
69317020
69316752
69317875
69316204
69725229
69725695
69317968
69320515
69320926
69321791
69317585
69322827
69323582
69732651
69733430
69325061
69327608
69326184
69325044
69326559
69327259
69736704
69360449
69330780
69331155
69329399
69741882
69742522
69333891
69334832
69336960
69337565
69337132
69746277
69746592
69747939
69338259
69339600
69748541
69370333
69341608
69342284
69345604
69343947
69345539
69754680
69755445
69346201
69347193
69349215
69347995
69758283
69758989
69759557
69350165
69349519
69350886
69353933
69764574
69765164
69355599
69356068
69356153
69386017
69358268
69359522
69360516
69359891
69360472
69770304
69771883
69771680
69364040
69365784
69367073
69367884
69368348
69777463
69778019
69779401
69779209
69368785
69370079
69371631
69372386
69372997
69371419
69785774
69405701
69376235
69377613
69378293
69378644
69378118
69789188
69410380
69379849
69379241
69378905
69379871
69791642
69792260
69793039
69384565
69386271
69385650
69388227
69388705
69387981
69388750
69800040
69801312
69389272
69390654
69390371
69392962
69393375
69391755
69807045
69807502
69807495
69808438
69809973
69398753
69398629
69398573
69398553
69400090
69429592
69398255
69401008
69812947
69813509
69401565
69406671
69405251
69407879
69408380
69407960
69436347
69409804
69408582
69410683
69411493
69410177
69823732
69824095
69411524
69412855
69414064
69416419
69829279
69829832
69417214
69418183
69420218
69419312
69419008
69833094
69833505
69420709
69420250
69835038
69835669
69836948
69839526
69425032
69427338
69426500
69427798
69427425
69842234
69842304
69428783
69430202
69430037
69432281
69432848
69431113
69845729
69846591
69431576
69431841
69461310
69438382
69437147
69436153
69437370
69465739
69439769
69440925
69440732
69440153
69442377
69443060
69441646
69856771
69857435
69858667
69443715
69448779
69447736
69446093
69446564
69448363
69863747
69864379
69450142
69451378
69451269
69453544
69452974
69454695
69453440
69480947
69454080
69457295
69458531
69457869
69460302
69460975
69459371
69459861
69875620
69876420
69461429
69463901
69462755
69464650
69465580
69466013
69468251
69883274
69883990
69468663
69471214
69471485
69472175
69472862
69472339
69887829
69888405
69473023
69474200
69475827
69476601
69478896
69479529
69477872
69894895
69895471
69511418
69481516
69481037
69481518
69508918
69482647
69481797
69483213
69482804
69485366
69485920
69487963
69904476
69905053
69520499
69489779
69491359
69489865
69491634
69908079
69908543
69492058
69493516
69493555
69495697
69496279
69497609
69498799
69915732
69916308
69530724
69502289
69502047
69502693
69528591
69502919
69503765
69501076
69502758
69531566
69504859
69504186
69503331
69505680
69536537
69509789
69510448
69510557
69511618
69512459
69512899
69511050
69539922
69513539
69514661
69513275
69514898
69516271
69514692
69936063
69936772
69937246
69519559
69522192
69522442
69523139
69523720
69522924
69523679
69941687
69942416
69524266
69523217
69553047
69526500
69529976
69947528
69947881
69948596
69561661
69530610
69533006
69531307
69530554
69532991
69951435
69952063
69565595
69535880
69533014
69534546
69535962
69954999
69571135
69537884
69539075
69539135
69539721
69569166
69542254
69539685
69541597
69961427
69961640
69963150
69544487
69543368
69544762
69544327
69964500
69965197
69545975
69548498
69549828
69552154
69552752
69552079
69971812
69972249
69552820
69554140
69554156
69556068
69553127
69554793
69554233
69555222
69555300
69555810
69976213
69980302
69592190
69561262
69562677
69561713
69589510
69563248
69564068
69562657
69564940
69565716
69563990
69985704
69986022
69987254
69566214
69568775
69570283
69572329
69569830
69599083
69572828
69573884
69572673
69572681
69571965
69574155
69995111
69995999
69575252
69576623
69578312
69579040
69578613
70002214
70003282
70003710
69582219
69583966
69583336
69584686
69586308
69585659
69586274
70007454
70008063
69585033
69588917
69587406
70012120
70012863
70013657
69592197
69592227
70014673
70015172
70015826
69593073
69596720
69593939
70017352
70018004
70018756
69597023
69598743
69599849
69603450
69602773
69603354
70025496
70025980
69604105
69603205
69604554
69633618
69606792
69608228
69606965
69605514
70029985
69638283
69608653
69608898
69608722
69611811
69610771
69612669
69641760
69614003
69613601
69614934
69614506
70038167
70038746
70040141
69616559
69617774
69619374
69620188
69620652
69619091
70045651
70046341
69655882
69625960
69622888
69624674
69655187
69625579
69627970
69628610
69626912
70051193
70051726
70053206
69628995
69631665
69632960
69635294
69635742
69634125
69664285
69635081
70059187
69664270
69637863
69636522
69635789
69637973
69641219
69637399
70062391
70063273
70063772
69638551
69641112
69643196
69643644
70068420
70069829
70069575
69645490
69646805
69648336
69649187
69647602
69649365
70073525
70074304
69649829
69652366
69653846
69656039
69656709
69656029
70080585
69686630
69656021
69658721
69659353
69658710
69658512
70084274
70084683
70086112
69660408
69664779
69665877
69666739
69667227
69694352
69665873
69666275
70092448
70093281
69668980
69669489
70094572
70095947
70095719
69670410
69669326
70099632
70101037
70100698
70101898
69675636
69678118
69676694
69679103
69676036
69678791
70104700
70105225
69679441
69682060
69680575
69682147
69682722
69684490
69683520
69686230
70111990
70112737
70113823
70113730
69687477
69686726
69688083
69688745
69718902
69689709
69692104
69692756
69691099
69691416
69690691
69692144
70122274
70122965
69729203
69698747
69695501
69697200
69698622
69698246
70126106
70126615
69699960
69701629
69701971
69703627
69701921
70129697
70133505
70133446
69706358
69705212
69707988
69707420
70135596
69741281
69710768
69711571
69711005
69710755
69710454
69711226
70139389
69743454
69713505
69711171
69713297
69715998
70144769
70145287
69718468
69718165
69718243
69719630
69718279
69720196
70147947
70148575
69720775
69721869
69723760
69724652
69723363
69727470
70155447
70156060
70157332
69728503
69727255
69729234
69728228
69729656
69731440
70159581
69761617
69731623
69730710
69733188
69732788
70162167
70165535
69735327
69739524
69737978
70167628
70169040
70169749
69740208
69741952
69741517
69740054
69741684
69740841
69742133
69743749
70172587
70173275
69744439
69749551
69748305
69749098
69748687
70178730
70179301
69750300
69749215
69750833
69752072
70181614
70182985
69751469
69755075
69755762
69754793
69755233
70183291
69787017
69758887
69760098
69758710
69786412
69760860
69761988
69760513
69762946
69763698
69761996
70192799
69793899
69763790
69765597
69766438
69764904
69769248
70199160
70199872
70201213
69770056
69771252
69771815
70201995
70202700
70203148
69773013
69775785
69774652
69776414
69776923
69775472
69778789
69808532
69778355
69780663
70211287
69811860
69779560
69782159
70213224
70213743
69782959
69785294
69784285
69786409
69787188
69787556
69786993
69818879
69788361
69789763
70222236
70222633
69791621
69794042
69792834
69795069
69795653
69796093
69794436
70226948
70227972
69794637
69796647
69800750
70232453
70233080
70233453
70233564
69801751
69802005
69802617
70235250
69833863
69803856
69802771
69804464
70237410
69836987
69807908
69808588
69806628
69809947
69810080
69810446
69838826
69812663
69813548
69810568
69812295
70245294
70245868
70246385
69814188
69813054
69814712
70248292
70248961
70249602
70250603
69819975
69822519
69821260
69823436
69824133
69824638
69823941
69823557
69824128
70257810
70258432
69825702
69828198
69827059
69828923
69832428
69832841
69831120
69832677
70266048
70266908
69833312
69835739
69835087
69834933
69837312
70269388
70270697
70271445
70271810
69840318
69840523
69841167
69870251
69843865
69842907
69844504
69845270
69845806
69844504
70279642
70280089
69846819
69874429
69848036
69845910
69847208
69848810
70285684
70286267
70287731
69852593
69854211
69852452
69853764
69854337
69854869
70290224
70291059
69855369
69857790
69857060
70292852
70296825
69860176
69863753
69862225
70297828
69893163
69863767
69865366
69862924
69863807
70300344
69894474
69867917
69866247
69867737
69896510
69868056
69868762
69870086
69870924
69871907
69872686
70308881
70309425
70310628
69874690
69876175
69875831
69878114
69878845
69905679
69878988
69879999
69876940
69879212
69891696
69894517
69895467
69895265
70331857
70332644
69896785
69898168
69900488
69900249
69901001
69898961
70336469
70336997
70337542
70341257
69904593
69907065
69905734
69908050
69908703
69906622
69907567
70345017
70345657
70346950
69909545
69912041
69910758
69913130
69916370
69916759
69915249
70353033
70353622
70354932
69917145
69918649
69919987
69921040
69919246
69920907
70358009
69952754
69922591
69925996
69926751
69923410
69926288
70363554
69958407
69925591
69955302
69928604
69929561
69928384
69930224
69931140
69929507
70368331
70368947
69931369
69936556
69935366
69937203
69938140
69936587
69938006
70375899
70376743
69938740
69941308
69940175
69942252
69939232
69942042
70380222
70383577
69977953
69947573
69948122
69947473
70385987
69979853
69949996
69950412
69950923
70388020
70388823
70389178
70390546
69951088
69953653
69952223
69954066
69956515
70395127
70396768
69989748
69959222
69959874
69960481
69960945
69959387
70399491
70400385
69961328
69963528
69962746
69964685
69965658
69966115
69967548
70406745
70407589
69968172
69970013
69971799
69971667
69972449
69970845
69972411
70411869
70411651
70412631
69975549
69976880
69978456
69979417
69979758
69978881
70007506
69980041
69981161
69978250
69980771
69980328
69981590
70421639
70422439
70423794
69982631
69986618
69985885
69987297
70016042
69987863
69989381
69990235
69988983
69989244
70430697
70431683
69990853
69993502
69993118
69994128
69995116
69996614
69996710
70438673
70439233
70440566
69997255
69999051
69999536
70441552
70442226
69999301
70001152
70443543
70444222
70444854
70448555
70006621
70009039
70006249
70008034
70450086
70451622
70451329
70009865
70012399
70011609
70014119
70014077
70014670
70013967
70016368
70458940
70459730
70460722
70018357
70020976
70019480
70021967
70022746
70022100
70022708
70464758
70465398
70466633
70023636
70028919
70027594
70028805
70030533
70031075
70030282
70472720
70473222
70473965
70031488
70029872
70031951
70032149
70062283
70035222
70034684
70037289
70039153
70039853
70040481
70041123
70038064
70039488
70040981
70040377
70039655
70041949
70485047
70486178
70486339
70043000
70045568
70044824
70048848
70049559
70050154
70048858
70047827
70493293
70493779
70494433
70495991
70051361
70053935
70049927
70051562
70081093
70052682
70053651
70054214
70500869
70501497
70057717
70059138
70058840
70057754
70059593
70061062
70089188
70062773
70061717
70063882
70064419
70063450
70063267
70064222
70092483
70062896
70065672
70512886
70099697
70067647
70068768
70069054
70514917
70516320
70516362
70071450
70073987
70072547
70072804
70102302
70074898
70075479
70076582
70075426
70080854
70080901
70080078
70080737
70109268
70082597
70081570
70080909
70081773
70111784
70084716
70082991
70082419
70085032
70113768
70087119
70085953
70084648
70087124
70087762
70535738
70536752
70089758
70093658
70094149
70093322
70094171
70093773
70124559
70096620
70095307
70093011
70095851
70097291
70542960
70543747
70100432
70102904
70102484
70103656
70100199
70103508
70102959
70103048
70104960
70551203
70551688
70553072
70553310
70106828
70105623
70109231
70107874
70105540
70105744
70105829
70109087
70556426
70557141
70109436
70109563
70111026
70111601
70142468
70112810
70113366
70112070
70114134
70113059
70114447
70114983
70562558
70563486
70147868
70116543
70119917
70121836
70122838
70123353
70121584
70123131
70151771
70124946
70122173
70123609
70571956
70155586
70125302
70124738
70126977
70574454
70575059
70130430
70131371
70134156
70134414
70134878
70134010
70134700
70134028
70134006
70582985
70583600
70584417
70585384
70586225
70137280
70141725
70142686
70140336
70140497
70140563
70144099
70142400
70144165
70172646
70145683
70144616
70146723
70147468
70147932
70147375
70175873
70149256
70148663
70151242
70151469
70153493
70154558
70152690
70151628
70154251
70602835
70603888
70603931
70605414
70155758
70158240
70157731
70157331
70159435
70159081
70163476
70163844
70162187
70191515
70164457
70164296
70164661
70166265
70165667
70166305
70166900
70166315
70616512
70617440
70617761
70618815
70622220
70171801
70170686
70173618
70171035
70175006
70175556
70173727
70173437
70174352
70176682
70174773
70176020
70177594
70175791
70176041
70176815
70178046
70628110
70209863
70180987
70181067
70184185
70182964
70184314
70634468
70635073
70636508
70636429
70637560
70184798
70185243
70186579
70188147
70187671
70639076
70640105
70220921
70188438
70191715
70194822
70195238
70193605
70222602
70196507
70193697
70197318
70197838
70198254
70196728
70197514
70199013
70199408
70199684
70200450
70199023
70198202
70199419
70654315
70654786
70203722
70206393
70204994
70207386
70208035
70206698
70207170
70209840
70207399
70210112
70208039
70210676
70207755
70211210
70210112
70211041
70210262
70211429
70665752
70666309
70667256
70215294
70214922
70217202
70217316
70217027
70219113
70219783
70220503
70220988
70220369
70219897
70675625
70676729
70676863
70222538
70677240
70677647
70256778
70225521
70227923
70228414
70228947
70229455
70227816
70256746
70229209
70229106
70231184
70231732
70230954
70235445
70236385
70236841
70235089
70235389
70236045
70265215
70238158
70238075
70239526
70240055
70237003
70691802
70692065
70271142
70238228
70239798
70240019
70241878
70241361
70271014
70244561
70245580
70245210
70245917
70274984
70248218
70247554
70247970
70249852
70250744
70248742
70251420
70248498
70250803
70250176
70250770
70280656
70252266
70251210
70706381
70709385
70285779
70256071
70257652
70257425
70259358
70260165
70259132
70258884
70259324
70259663
70260127
70715018
70715983
70716973
70716740
70717908
70265693
70268152
70268793
70267483
70267700
70269924
70269002
70268677
70269056
70270249
70724427
70724768
70300138
70270855
70272969
70273906
70274151
70300727
70273517
70276081
70278679
70277543
70278031
70278354
70279396
70307706
70280469
70280882
70281534
70281633
70280773
70279755
70281365
70281956
70283395
70738624
70739359
70742301
70743128
70744109
70288103
70290542
70289409
70291308
70291083
70292616
70293005
70291186
70292471
70290656
70292939
70292019
70321622
70295332
70295135
70297192
70752219
70326966
70299860
70297063
70296268
70298972
70300360
70300875
70301342
70300639
70756786
70757349
70301472
70304064
70302992
70304832
70303516
70330936
70304384
70307395
70309671
70309460
70307684
70311148
70311666
70310022
70338659
70768462
70769009
70312534
70312340
70312274
70313497
70313297
70313684
70343940
70316610
70316145
70318383
70320439
70321376
70321768
70318751
70322482
70318409
70321931
70323388
70323825
70323179
70780305
70780783
70782181
70782085
70783293
70325343
70330626
70329394
70331509
70331980
70330906
70331082
70333155
70333845
70334467
70334931
70334282
70334189
70792503
70794010
70793717
70797079
70798101
70798631
70340013
70341255
70341313
70344108
70343058
70344102
70344782
70345458
70345994
70345249
70345881
70345395
70807041
70808447
70808428
70350036
70351032
70349029
70352778
70351007
70351273
70351816
70811352
70383658
70354165
70354783
70351799
70356406
70354585
70356158
70357543
70356630
70356222
70388371
70359870
70361249
70362568
70362933
70361215
70361487
70360957
70363425
70822177
70823481
70823241
70824124
70825197
70365175
70367804
70366644
70371175
70371801
70372505
70371047
70372343
70371840
70373405
70832762
70833168
70833915
70374432
70376955
70376408
70376191
70377520
70379480
70380896
70378564
70379809
70379929
70382076
70841836
70843289
70842937
70381024
70385314
70382530
70384016
70386410
70386805
70385910
70386008
70385866
70386167
70390410
70850940
70851347
70852075
70391686
70391042
70394736
70393492
70393464
70394147
70855666
70426767
70395444
70394670
70394432
70398184
70394767
70398803
70399318
70402491
70402989
70402095
70430539
70402162
70403599
70404977
70403461
70402324
70403738
70404150
70406442
70406107
70867196
70436326
70405682
70407456
70407205
70408380
70412782
70409565
70413313
70411509
70409643
70414137
70412348
70412742
70414275
70875537
70876361
70446897
70415132
70417755
70418246
70418731
70445013
70415271
70418976
70420330
70420623
70423727
70423054
70885292
70885809
70887239
70424454
70426960
70425848
70427904
70428412
70429164
70429604
70425538
70427742
70428568
70430894
70427728
70434095
70433374
70432947
70433565
70896960
70897557
70899013
70435573
70436640
70438557
70435259
70436905
70439361
70439475
70439942
70439826
70441223
70438248
70444322
70444652
70440768
70443037
70440994
70445522
70446130
70444454
70471228
70446583
70444531
70447119
70443946
70447432
70448758
70449198
70447435
70449084
70450534
70450888
70450229
70477482
70453990
70453014
70454939
70455971
70454526
70453842
70457293
70455332
70457129
70456619
70921219
70922019
70921471
70922966
70922917
70923719
70927316
70462663
70465210
70464122
70465986
70467046
70467414
70466158
70467248
70466892
70466060
70468345
70469691
70469138
70468805
70934061
70937247
70938138
70938720
70505637
70476663
70476606
70477241
70477798
70475949
70477917
70942298
70943843
70943542
70944976
70479272
70481765
70484069
70483155
70484797
70482688
70484147
70486487
70485132
70485498
70486127
70952297
70953632
70953303
70486987
70490491
70488825
70490105
70491486
70488134
70492150
70492518
70492494
70494767
70495207
70494704
70961199
70961799
70527369
70496961
70494836
70498200
70498757
70496675
70500276
70498694
70500433
70966210
70966754
70967954
70502463
70506250
70506777
70506172
70505874
70973210
70974108
70974154
70975255
70508326
70507200
70510053
70511430
70508487
70509832
70538564
70511080
70511065
70516194
70542630
70516282
70517076
70517399
70518380
70517295
70519207
70516769
70520122
70517300
70520782
70521174
70519858
70520080
70548579
70521310
70521456
70522725
70525453
70527500
70528203
70528835
70526794
70995129
70995642
70996861
70997600
70997459
70998539
70530547
70533139
70532243
70532059
70536913
70537476
70538128
70538682
70539320
70537758
70536639
71005791
71006432
70567763
70540256
71006792
71007509
70538272
70541906
70542489
70541080
70542431
70542799
71013402
71014513
71014522
71015832
70546989
70547480
70549563
70550259
70549809
70549570
70552371
70551282
71019495
71020436
71021253
70587098
70556888
70557506
70557970
70556415
70585473
70557695
70558867
70556890
70557171
70559756
70561134
70561574
70560778
70561537
71030439
71030780
71031679
71034692
70564441
70567875
70568513
70567790
70567475
71037513
71038950
71038863
71040202
70568745
70570285
70572649
70573017
70573604
70570478
70573984
70571436
70572577
70576967
71046623
71047168
71048191
70578032
70580573
70580057
70579702
70580129
70580890
70581334
70583191
70583827
70584489
70585015
70588170
70586615
70587316
71058439
71059114
71059855
70589228
70591399
70591429
70589499
70618843
70621158
70590728
70590819
70591084
70592197
70591218
70592959
70593003
70594678
70591928
70595824
70597774
70598981
70597945
70597294
70599301
70599840
70599334
70599942
70628652
70599963
70600162
70600149
70603540
70603915
70603271
70631752
70602844
70604721
70605863
70604631
70609329
70610232
70610730
70611215
70609435
70638166
70610856
70610828
70612821
70613866
70612163
70612500
70612964
70614625
70613979
71086248
71090043
71090163
70618555
70621051
70620715
70621110
70621608
70622598
70621519
70623452
70624341
70624856
70623199
71096281
71096868
71100900
71100723
70628755
70631275
70631787
70630507
70629280
70630468
70631928
70633187
70633675
70631997
70633623
71105928
71107037
71107485
71107479
71111090
71112053
70636986
70640788
70641378
70638693
70639804
70641361
70641873
71114593
71116012
71115905
71116749
70643504
70642763
70644022
70644665
70644756
70645600
70648168
70649890
71122968
71123598
71124658
70649715
70653295
70653855
70654319
70652790
70652547
70655234
70654680
70652888
70654145
70654598
70656105
71132197
71132817
71134022
71133875
70659068
70662750
70663176
70660103
70661688
70661628
70664323
70662553
70692055
70664839
70665620
70665019
70666907
70667607
70668314
70671415
70671899
70668808
70669062
70672285
70669437
70671644
70672341
71146452
70702677
70672763
70673265
70672508
70674959
70702940
70676733
70677228
70676143
70678058
70678933
70682096
70682488
70681127
70682282
70680527
70681761
71157116
70683344
70682804
70684228
70683783
70713487
70685744
70686478
70687534
70686428
70688361
70689264
70692392
70690765
70691519
70690434
70691538
70692265
70693809
70721384
70692495
70693876
70695732
70696642
70697579
70694172
70697929
70697180
70696892
70729175
70699457
70699920
70702161
70700387
70701828
70703354
70700773
70704015
70704557
70705024
70705584
70702851
70731297
70704407
70704871
70707240
70708011
70706977
70707071
70706038
70706268
70709968
70712997
70713509
70713887
70712729
70713737
70713357
71190395
71191077
70745285
70715211
70714324
70716292
70714994
70718271
70718828
70715750
70719426
70719887
70720474
70721729
70722710
70723246
70723700
70724308
71201255
71202407
71202049
71203452
70725697
70728193
70728804
70727593
70729481
70730390
70733341
70733894
70734307
70732687
70734423
71211743
71212847
71212750
71213542
70735805
70738260
70737806
70737635
70739681
70740303
70743489
70743977
70744386
70744874
70745301
70743681
70744135
70745724
70745030
71224030
71224827
71225100
71226626
70747658
70746847
70750353
70753501
70753938
70750942
70754530
70753230
70752155
70755838
70752712
70756191
70756692
70754102
70756414
70757727
70758277
70757556
70758078
71236742
71237417
71238406
71241001
70794398
70764277
70764971
70765469
70766070
70765325
70765933
70765399
71245229
71246461
71246320
71247640
71247563
70768442
70770815
70772874
70772903
70774883
70775505
70776137
70776673
70777191
70775435
70775872
70776616
71257171
71258376
71272077
70790794
70790816
70794555
70794998
70797582
70798291
70795237
70798746
70799105
70797571
70798104
70829558
70801095
70801606
70800984
70800779
70802835
70800275
70801557
70803019
70802595
71286407
71287700
70837094
70806380
70807648
70809728
70810422
70808462
70811004
70809446
70810186
70810548
70840820
70811071
70813384
70811014
70814663
70814000
70814570
70817682
70845116
70817482
70820023
70819310
70819302
70821334
70822028
70822732
70823220
70823612
70820617
70820827
70823394
70824761
70822800
70824744
70827045
71309205
71310060
71310598
71311750
71312368
70829973
70832072
70832560
70833250
70832549
70832530
70832826
70831668
70834270
70835797
70834017
70838214
70866867
71320061
70866452
70839918
70837743
70841320
70841797
70842120
70839587
70839743
70841178
70842749
71325206
71326347
71326262
71327468
70844636
70847590
70849477
70850656
70849818
70849874
70850146
70850421
70852858
70853133
70853588
70854288
70854896
70855432
70855845
70853836
70856725
70859791
70857789
70859147
70860538
70858841
70861065
70861580
70861969
70862693
70863421
70862149
70862455
70863754
70863467
71347417
71348225
70897742
70867185
70869341
70868813
70870818
70871545
70868591
70871263
70868964
70871074
70872027
70870089
70871496
70874496
70872876
70873596
70873008
71358538
71358794
71362976
70878393
70878448
70881064
70881638
70878036
70881994
70880024
70882628
70879786
70882344
70879129
70883291
70882409
70882633
70885127
70885797
70886114
70886530
70885895
70885128
70886582
70890658
70889218
70889692
70891765
70892486
70893094
70891877
70892882
70919681
71378488
71378843
70925078
70895700
70896417
70896817
70892925
70896673
70897992
70899619
70897948
70900468
70900195
71384692
70900834
70900331
70902032
70928714
70901529
70903283
70904524
70903371
70905677
70906360
70906947
70905242
70905815
71392056
71395518
71396380
71397208
70911161
70913072
70914128
70912968
70914805
70915694
70912335
70916289
70916831
70913219
70917228
70917740
70915710
70917661
71406189
71407256
70951058
70922190
70923129
70923924
70921396
70924686
70925147
70923369
70923740
70924820
70923156
70924124
70924604
70926532
71413060
70956988
70927184
70929552
70931850
70933292
70933810
70933041
70932620
70934140
70934741
70935153
70963246
70936066
70935122
70937108
70937497
70937082
70939186
70940002
70943319
70943861
70944444
70943655
70943761
70943196
70943765
71431852
71432854
71433374
70977209
70947004
70946689
70948577
70949958
70949854
70950513
70953692
70951957
70953163
70952819
70954472
70982799
70955432
70954402
70954941
70956797
70955008
70956327
70958370
70956339
70957637
70958104
70957632
70988923
70962565
70963347
70964286
70963191
70964991
70965664
70966221
70963420
70966152
70967570
70967293
70966797
71455971
71456722
71457966
71002338
70973058
70973738
70974075
70974731
70975181
70975669
70974975
70975548
70975846
71464798
71465404
71466274
70977194
70979221
70980277
70983333
70982731
70984037
70985234
70985150
70985809
70986300
70986740
70987276
70986408
70986128
71015163
70987225
70987224
70986411
70989936
70990376
70993326
70993961
70992576
70993906
70993499
70994045
71022010
70994594
70995004
70994168
70997798
70998238
70998750
70999317
70997391
70997705
70999378
71491954
71493006
71493542
71493304
71003444
71005304
71006199
71005626
71003390
71007549
71005471
71006922
71006378
71007181
71498574
71038543
71010556
71009819
71013171
71010680
71014706
71015320
71015682
71014127
71014291
71016763
71014731
71017423
71017726
71016776
71018278
71018697
71017118
71018689
71019219
71018675
71019166
71513587
71514238
71515586
71023946
71025782
71026756
71026485
71026108
71026263
71028669
71029394
71029909
71028204
71029666
71029225
71524197
71524713
71525729
71526617
71526388
71526836
71527545
71527712
71527851
71528413
71529680
71036728
71039372
71038702
71038559
71039980
71069924
71042496
71075461
71044085
71045257
71045916
71046380
71044696
71537993
71075423
71047715
71048234
71049274
71540444
71048120
71049640
71077203
71049309
71050820
71052198
71050898
71055335
71055802
71081922
71547269
71086061
71055277
71055792
71056112
71058096
71055250
71056871
71058429
71086327
71059519
71058704
71059088
71552839
71090616
71060327
71059388
71060795
71062294
71066226
71066755
71063516
71066451
71066918
71066039
71067571
71068781
71067421
71561604
71562142
71562958
71563667
71101993
71072055
71072533
71072973
71071442
71102709
71076300
71074248
71077965
71074593
71075841
71078878
71079483
71078547
71079246
71078647
71079375
71574053
71574976
71575779
71576019
71576683
71084832
71087352
71085669
71085398
71086225
71114946
71087608
71087427
71087805
71087201
71090512
71088538
71090173
71091585
71092015
71092581
71092901
71092359
71092997
71092481
71124264
71095708
71097513
71096565
71095376
71096812
71096333
71099858
71100202
71100731
71097810
71101217
71101695
71100144
71101739
71596566
71130782
71103482
71102335
71101233
71104311
71107177
71107976
71603039
71135565
71108107
71106972
71108772
71110078
71109414
71110275
71138862
71112269
71111433
71111781
71112248
71114098
71113221
71112564
71116278
71116313
71117231
71117953
71117231
71119215
71614926
71615782
71616438
71617054
71617382
71617878
71619078
71618678
71619137
71619926
71623251
71624361
71623999
71624618
71625333
71626322
71129314
71131173
71132281
71132882
71132106
71132165
71132567
71132791
71133203
71135612
71138788
71139372
71139887
71139180
71138633
71139073
71139417
71140929
71637942
71638880
71639133
71640388
71142617
71144593
71145625
71147833
71147521
71145659
71149627
71148194
71150589
71151056
71149238
71150758
71149057
71151374
71150754
71649374
71180090
71650827
71650712
71651349
71652088
71655634
71157165
71159549
71160099
71159755
71159187
71159729
71161887
71162499
71160028
71161246
71160575
71161855
71164195
71163477
71192208
71164756
71162906
71164114
71167981
71168619
71170265
71168223
71168806
71170273
71668427
71669659
71669550
71670177
71671014
71204228
71173138
71171866
71175017
71175807
71176391
71177903
71177494
71180063
71180519
71178974
71177835
71678265
71678829
71679531
71680054
71210693
71181933
71182279
71182336
71184587
71185219
71185923
71186332
71186793
71189876
71190292
71190746
71189246
71189509
71190492
71690402
71691360
71692389
71692221
71693109
71693946
71193547
71195574
71196592
71197850
71199389
71198909
71199065
71200659
71200332
71202012
71202380
71202895
71201289
71202980
71202521
71703490
71233044
71204589
71204301
71207308
71207845
71208130
71210371
71210955
71211611
71212270
71210500
71239368
71712400
71211236
71212303
71214914
71215573
71215004
71215659
71219507
71220464
71221048
71217695
71218546
71220383
71219972
71220368
71722261
71723232
71251877
71222704
71222563
71224061
71225302
71225865
71226323
71225578
71226714
71228983
71230323
71229920
71231548
71228433
71232370
71731930
71259918
71232582
71232875
71231709
71230938
71232191
71231172
71233547
71233330
71234604
71234132
71263863
71235699
71236627
71239734
71237517
71239036
71239674
71241311
71742837
71270861
71243426
71242814
71243558
71243335
71243696
71245776
71246692
71247180
71247644
71248228
71247209
71249863
71250262
71249769
71249216
71250378
71251959
71279904
71250364
71251235
71250634
71253419
71253654
71254170
71756624
71757239
71758204
71287936
71255107
71255540
71257904
71256423
71259429
71260653
71261491
71262027
71261472
71262710
71765647
71766316
71767025
71768159
71767927
71768705
71265193
71265834
71267515
71270595
71270250
71269986
71271075
71270669
71270974
71271185
71271557
71301884
71271668
71301153
71274521
71272184
71274054
71275182
71275731
71275109
71278985
71276029
71275352
71276865
71279043
71280611
71784351
71785476
71786202
71786130
71282218
71283258
71285103
71282110
71282937
71285561
71285273
71790224
71791292
71318716
71290397
71291815
71292167
71318994
71292355
71291567
71290486
71291840
71292232
71291706
71294170
71798645
71799300
71800546
71800600
71294220
71298372
71298920
71298271
71299165
71301349
71300891
71300030
71301478
71301894
71303531
71304043
71333097
71304149
71302475
71306481
71306942
71307310
71305554
71305459
71306237
71307907
71336259
71309522
71309117
71313218
71313655
71312006
71312486
71312916
71313517
71313988
71820486
71820920
71346337
71316033
71316316
71318640
71319593
71320084
71320503
71322398
71323029
71323538
71323326
71828632
71829997
71830496
71356654
71325789
71327421
71327831
71324513
71327577
71328995
71327661
71326440
71328127
71328363
71329770
71838847
71839376
71840870
71840499
71841347
71841966
71842611
71334046
71335626
71336180
71336358
71336600
71338315
71337993
71845605
71846280
71340482
71343310
71343774
71344454
71343913
71373923
71345741
71347105
71347596
71348095
71346908
71347413
71347180
71347523
71350133
71348530
71349999
71349482
71352613
71382128
71354808
71355407
71352936
71354560
71357196
71863156
71356645
71356125
71864617
71865281
71864677
71865846
71866953
71867425
71867475
71871192
71362761
71365261
71364278
71364718
71365086
71367046
71367862
71368258
71368815
71369477
71368660
71367034
71369534
71370740
71371167
71370521
71373156
71372133
71372405
71374141
71372695
71376461
71376970
71375951
71375985
71376182
71886224
71886643
71887427
71408948
71377675
71377448
71378278
71381422
71378053
71381861
71382352
71383356
71383664
71384070
71894122
71894638
71417484
71387626
71384808
71386410
71386900
71388564
71389082
71388518
71898732
71900114
71900182
71900966
71904775
71394592
71396989
71393679
71395481
71396953
71425222
71398758
71399266
71396379
71398105
71398558
71428014
71399272
71399788
71401562
71402768
71402476
71405580
71406304
71407339
71407092
71406739
71407124
71409081
71409767
71410183
71410884
71411262
71410049
71411623
71412408
71410757
71411194
71922069
71414562
71414779
71414303
71413398
71414230
71417694
71418589
71417430
71419140
71420048
71419931
71420634
71420882
71421709
71422197
71420692
71421082
71422575
71933368
71426389
71936952
71937556
71938569
71458598
71427034
71427519
71429671
71429120
71430787
71431494
71432081
71432572
71432964
71433312
71433827
71432367
71432154
71437130
71437409
71436254
71434819
71438774
71436909
71438482
71439633
71440453
71440897
71438940
71438255
71439898
71439255
71467702
71440394
71472882
71441008
71440330
71440459
71440799
71445995
71445609
71958670
71959748
71960490
71961125
71960961
71961461
71962447
71963332
71450483
71452422
71452992
71454006
71454395
71455765
71457875
71458572
71459126
71459566
71460156
71460668
71459947
71460342
71462087
71462602
71461867
71462417
71461969
71975685
71978980
71979438
71979886
71980756
71981476
71981749
71982890
71468894
71984091
71469848
71470261
71472357
71472711
71473767
71472631
71472882
71989493
71478029
71478544
71479121
71479625
71480075
71478365
71479622
71480460
71479967
71480983
71482014
71995798
71996568
71997577
71997492
72000905
72001772
72002454
71487564
71489485
71489939
71490451
71489962
71491786
71492469
71492960
71493424
71490275
71493716
71494269
71491178
71494834
71491810
71495307
71498273
71497713
71499396
71499956
71498272
71499963
71500430
72015035
72016011
72016776
72017384
72017224
72017912
71502771
71504593
71507799
71506421
71509144
71509597
71510010
71510576
71511132
71509819
71510947
71510274
71510354
71511154
71512749
71540429
71511844
71513061
71513234
71515999
71519096
71517700
71517738
71518341
71522305
71520785
71521378
71521808
71521099
71521841
71522332
71521805
71523039
72039235
72040172
72043789
72043571
72044536
72044994
72045608
72046371
71529334
71531333
71532389
71531698
71533505
71532700
71534332
71533599
71535362
71534202
71536932
71539132
71539562
71539310
71540864
71541325
71539865
71540969
71542566
71543270
71543758
71542400
71540617
71543890
71544354
71545024
71545560
71546743
71546959
71547546
72064612
71576483
71548704
71547650
71549293
71549784
71550292
71552169
71551033
71551119
71551055
71553739
71554179
71552474
71551835
71555276
71555754
71558769
71558267
72075895
72076461
72077816
72077515
72078440
72079400
71560803
71562854
71562337
71564134
71564666
71564289
71564152
71567197
71567702
71567827
71570278
71571012
71571425
71571913
71571093
71570672
71571112
71572614
71571988
72092077
72092791
72093415
72095805
72096367
72096941
72097591
72098173
72098709
72099309
72100120
72099789
72100669
71581354
71583135
71584065
71583199
71585017
71582069
71585479
71585023
71587986
72106611
72107350
72108587
72108963
71620878
71591198
71591635
71590956
71590393
72110661
71620785
71592724
71590867
71593230
71591292
71593781
71594008
71595317
71596082
71596662
71599629
71601629
71599857
71600519
71598800
71628146
71601366
71600431
71600796
71600952
71601670
71601878
71602591
71603863
71604551
71603961
71604229
71606628
71609739
71610244
71609198
71608374
71608814
71609305
71610849
71639076
71612246
71611383
71611983
71613804
71614922
71615413
72134813
72135387
72135821
72139369
72140014
71650196
71619766
71621467
71620379
71620500
71620735
71620894
71648643
71621738
71621973
71623360
71652675
71624440
71623488
71625344
71625856
71626368
71627475
71629772
71630089
71629887
71631789
71632140
71632628
71633620
71634025
71634523
71634963
71635427
71635853
71633892
71635668
71635788
71637634
71640724
71641188
71639203
71641027
71640435
71641067
71642371
71643996
71644340
71644852
71643299
71643707
72166732
72167360
72167784
72171032
72171633
72172747
72172676
71682931
71649280
71648344
71651989
71651216
71651909
71653904
71655248
71654003
71655443
71656153
71656727
71657170
71657545
71658036
71661239
71661642
71658892
71659661
71662576
71663098
71663586
71660365
71663894
71661053
71662446
71663741
71663358
71665919
71663025
71665474
71663416
71665946
71667412
71667732
71668056
71667800
71671380
71668532
71671069
71671485
71669526
71670974
71672272
71672972
71672380
72196698
72197289
72198278
72199306
72199880
72200164
72200687
72199556
72203203
72203859
72204260
72204796
72205692
72206703
71681938
71683989
71684871
71684109
71684387
71684447
71686701
71687401
71687841
71688295
71691286
71691867
71692355
71692918
71688778
71693033
71693613
71694077
71691109
71694471
71691513
71691780
71695135
71695297
71695119
71695580
71695948
71695783
71695887
71698132
71701257
71701652
71699263
71702642
71700736
71702364
71703683
71704078
71704734
71705228
71705716
71705016
71705540
71705923
71706432
71706041
71706573
71706332
71706441
71706358
71712075
71712467
71711698
71711697
71712835
71712280
71712685
71713310
71714707
71715219
71715739
71716158
71716443
71716126
71744357
71717996
71719675
71720220
71722339
71719066
71722473
71723939
71721941
71722548
71722841
71752361
71724945
71722804
71726261
71723399
71726946
71727317
71727781
71728125
71725270
71728793
71729209
71732310
72257117
72257781
72258290
72258602
71761990
71733876
71731590
71735613
71736131
71736715
71737206
71737660
71734226
71737178
71735940
71737401
71738758
71739006
71737563
72268169
71741090
71743229
72269573
71742952
71744300
71742603
71744315
72270787
72271214
71744142
71746631
71743797
71747189
71745596
71747164
72273927
72275035
71779686
71750192
71749910
71753254
71751903
72280152
71752957
71753684
72281998
72282624
72283298
72284477
72284268
71788910
71756118
71757875
71757342
71758027
71758446
71760240
71762020
71764057
71763071
71764953
71765591
71766653
71765876
71766469
71768308
71767175
71769135
71769043
71770371
71786080
71786654
71787097
71790242
71790778
71790108
71789666
71791039
71790546
71790921
71792262
71792065
71792533
71792934
71793498
72323239
72324514
72325209
72328372
72327860
72328345
72329887
72329643
72330179
72331481
71801663
71803554
71803994
71804390
71805155
71804080
71805653
71805992
71806507
71806879
71810010
71810447
71810761
71811299
71811902
71810094
71810278
71810742
71839052
71811612
71812121
71811403
71812962
71815545
71816074
71816514
71816951
71815082
71820594
71821010
71821614
71821938
71820556
71820471
71820820
71822384
71823880
71824402
71824812
71825323
71825797
71826114
71826619
71827083
71825237
71826334
71829582
72359841
72360392
72360785
72361308
71831020
72362397
72363616
72363572
72364056
72364968
72365344
72366331
71834839
71836774
71838918
71840387
71840676
71841041
71840777
71841268
71841659
71842048
71838805
71839941
71839214
71841427
71842815
71843255
71843671
71844183
71844680
71842604
71844144
71845375
71848581
71848901
71849229
71849837
71850277
71847633
71848795
71848034
71850731
71851999
71850905
71852039
71850421
71850857
71850864
71851707
71851889
71852353
71852762
71852969
71853174
71856366
71857736
71858452
71858988
71859377
71858943
72392135
72392914
72393393
72394305
72394542
72394923
72394827
72396193
72396029
72399270
72399963
72400200
72401341
72401901
71868523
71871118
71870979
71872080
71872660
71873124
71872388
71899902
71873390
71873416
71874984
71875352
71872229
71873683
71877891
71877240
71905801
71878893
71878798
71880585
71881295
71882314
71881243
71881597
71883554
71884042
71884814
71885182
71886039
71886452
71889631
71888000
71889221
71889839
71890004
71890784
71891255
71891747
71891083
71892809
72426452
71893847
72427401
72428107
72428619
72431643
71927648
71898492
71896783
71898305
71899769
71899062
71900059
71901749
71902189
71901430
71902188
71901767
71901091
71929216
71902484
71902986
71903522
71903873
71905705
71906833
71905193
71910205
71910741
71909009
71911507
71908381
71912109
71912528
71912941
71913408
71913845
71914282
71912969
71913137
71913628
71915070
71915561
71914986
71916410
71918565
71918978
71919367
71919978
71921426
71922027
71921439
72457661
72458335
72459538
72459469
72459898
72460397
72461499
72461704
72464663
72465040
72465460
72466274
72466503
72467293
72467313
72467471
72468332
72468328
71964201
71932435
71932992
71933265
71961366
72470924
72470829
72471323
72474907
72475552
72476278
71939669
71939905
71941777
71942166
71942606
71943829
71942170
71944026
71943275
71943626
71945506
71946613
71944741
71947368
71950564
71951226
71951714
71950972
71950223
71953112
71953672
71954067
71954627
71953933
71953417
71954875
71954326
71955782
71955238
71955562
71958707
71960395
71959953
71961473
72498363
72499118
72499844
72500756
72500857
72501233
71993580
71964230
71961657
71965149
71966431
71965999
71966271
71967790
71971147
71970279
71969872
71970367
71971080
71972453
71972158
72510614
72511242
72512292
72512679
72513042
72514098
72514093
72514349
72517911
72518610
72518474
72519024
72519559
72520586
72520562
72521000
72521467
72521850
72522285
72523163
72523443
72524667
72524272
72525046
72528400
72528731
72529023
72529546
72530069
72530164
72531050
72531204
72023595
71994016
71991685
71994246
71995721
71996110
71996530
71997008
71997373
71997977
71998704
72000172
72001536
72002075
72000043
72001788
72001816
72003396
72003788
72004345
72003651
72005115
72005808
72006296
72006805
72007221
72007709
72006351
72010119
72011762
72013646
72012080
72012529
72013173
72013425
72013858
72014490
72014789
72015243
72015734
72015222
72016624
72017190
72015424
72014665
72018705
72019422
72019417
72017488
72022368
72022838
72023227
72023790
72024254
72024595
72025035
72025547
72026014
72026481
72025096
72027241
72027876
72030956
72031420
72028329
72031937
72032568
72571779
72032047
72031382
72032961
72033401
72031484
72032519
72034247
72033787
72034825
72034324
72036660
72032782
72037088
72037561
72038004
72038369
72041551
72041940
72042425
72042865
72043326
72043951
72044298
72043762
72040946
72045433
72045571
72042678
72046396
72046767
72047183
72047408
72047762
72048507
72051556
72052113
72052577
72053301
72053693
72054140
72594340
72081026
72595819
72595909
72085730
72054029
72054534
72054778
72055045
72055444
72055986
72058520
72056447
72058972
72062052
72062468
72063031
72063239
72604210
72604716
72091226
72062765
72063205
72065047
72065709
72066730
72066876
72067671
72068221
72068545
72069156
72069920
72070205
72070804
72071021
72070066
72073718
72074086
72074547
72074987
72075338
72073560
72075941
72076542
72074660
72077001
72077437
72075463
72075649
72078115
72078876
72079016
72079651
72080019
72083123
72083737
72082640
72084737
72085204
72626929
72083563
72085164
72084398
72085921
72085230
72085670
72114490
72086513
72087097
72086015
72085545
72089115
72090869
72091050
72092501
72093689
72094180
72094916
72095380
72095769
72096158
72096687
72097100
72097570
72097682
72098320
72098653
72099739
72100187
72103085
72102597
72102605
72103746
72101636
72105234
72105814
72106110
72106646
72107230
72106788
72107669
72108136
72108600
72109872
72110412
72109996
72109043
72113411
72113892
72111170
72113689
72114118
72115530
72115925
72116416
72116921
72117145
72117616
72117829
72115880
72117419
72118003
72117555
72118016
72121086
72121425
72121012
72123226
72124638
72125177
72124507
72152390
72125799
72124940
72122923
72127492
72128062
72128241
72128643
72129110
72129930
72130487
72130852
72134028
72130213
72134376
72135540
72135889
72135446
72135900
72136685
72137430
72137877
72138392
72138877
72139245
72139709
72140269
72140747
72141129
72144113
72144796
72145236
72145535
72145207
72146449
72147204
72147682
72148112
72148552
72145677
72148043
72146197
72148224
72149852
72150316
72147468
72148091
72149594
72152685
72155156
72151890
72154433
72155780
72156429
72156968
72152950
72156445
72158051
72158419
72158890
72156823
72159300
72159914
72160225
72160723
72161177
72161784
72159673
72164914
72161901
72165761
72165439
72163087
72164260
72164946
72165389
72165647
72714294
72714895
72197568
72169663
72169442
72168490
72717263
72168837
72170891
72174169
72174588
72175658
72175732
72175376
72176793
72175872
72175884
72175872
72177711
72177290
72205151
72178044
72178730
72179167
72181314
72182379
72185330
72184844
72184607
72184876
72185529
72185900
72186613
72187056
72188965
72190237
72189941
72189614
72191170
72191114
72189921
72189945
72190699
72194519
72196240
72194586
72194959
72195598
72195732
72197276
72198167
72197482
72196594
72196787
72199098
72200151
72198854
72201096
72201611
72202147
72202611
72202996
72206028
72205546
72206860
72207406
72206863
72208214
72208668
72209173
72209695
72210036
72210548
72210775
72209527
72210271
72210369
72210231
72212890
72215878
72216417
72216857
72213956
72214247
72217609
72217806
72218205
72218735
72219023
72219538
72219975
72216422
72219777
72218234
72220081
72221679
72221930
72221029
72224082
72224546
72224986
72225426
72227306
72226378
72225558
72225911
72228343
72226216
72229746
72229877
72231176
72227924
72230393
72230925
72232115
72232363
72232802
72233457
72233270
72236551
72236813
72234290
72236779
72238136
72238675
72236318
72236928
72238402
72239591
72239106
72241096
72240664
72241125
72239809
72239008
72241342
72240973
72242227
72242974
72244950
72245390
72246823
72248442
72247898
72248945
72249642
72249921
72247330
72250836
72251156
72249844
72248084
72251602
72252114
72252527
72253279
72253623
72253282
72256770
72257435
72257800
72258195
72258728
72259219
72259656
72260058
72260584
72261000
72261426
72261853
72262515
72262829
72263384
72263749
72266661
72266991
72265970
72266430
72267595
72268935
72266076
72269468
72267997
72268821
72269234
72269749
72270110
72268884
72272377
72272988
72273476
72273919
72276907
72277542
72274663
72277814
72275108
72275349
72277838
72279273
72279806
72276824
72277017
72279434
72280652
72280837
72281379
72281870
72282331
72282730
72284061
72283939
72284633
72287884
72288337
72288815
72287406
72287897
72290121
72290547
72291145
72291455
72291793
72292233
72292748
72293126
72293374
72294191
72294337
72297677
72297953
72298345
72298833
72299139
72298080
72298489
72299738
72300176
72301402
72299861
72300325
72300792
72301318
72301771
72302163
72305260
72305628
72306079
72306481
72306935
72307440
72307853
72308338
72341457
72310695
72308874
72311152
72308331
72308363
72311632
72310301
72311029
72311910
72309292
72310717
72313155
72314498
72314371
72317733
72318272
72317010
72317191
72318007
72319066
72318777
72874568
72875170
72875538
72351398
72321555
72323016
72322369
72323096
72324422
72324886
72881707
72326282
72881716
72356879
72327597
72328526
72328723
72329085
72330344
72330592
72331070
72331549
72330555
72330944
72331118
72333739
72332079
72332372
72333072
72334098
72336565
72338010
72894028
72894459
72366995
72340091
72339088
72339603
72341561
72342193
72342612
72343736
72340452
72342069
72342625
72345013
72345418
72345951
72345574
72347905
72347538
72349001
72348216
72376886
72349918
72349558
72349674
72350165
72350715
72351275
72351744
72909481
72910135
72910695
72384866
72354790
72354435
72359644
72360036
72361287
72360949
72361284
72361745
72362301
72362816
72361263
72363887
72364273
72364884
72365337
72365651
72364882
72364997
72365882
72368015
72368287
72368865
72369356
72369854
72370534
72929381
72401882
72371850
72374246
72373463
72371688
72375191
72373483
72373702
72374248
72933138
72936485
72937236
72938326
72411663
72379848
72381293
72382649
72382987
72383341
72383842
72384166
72384822
72385001
72385178
72385953
72386208
72383889
72386677
72947357
72419032
72947965
72948511
72948909
72949527
72950216
72950699
72951387
72422819
72393706
72395039
72394020
72395201
72395198
72394294
72393532
72396127
72397745
72395788
72400221
72428475
72400213
72400551
72400688
72402868
72403380
72403679
72401104
72404459
72404950
72405339
72403593
72405890
72405072
72404378
72406939
72407427
72407925
72404754
72407144
72408793
72411969
72412457
72410976
72413286
72410715
72410024
72411394
72413064
72412424
72412929
72413567
72414913
72414294
72415742
72416315
72416530
72444923
72420332
72419412
72420005
72420421
72420963
72422757
72423338
72423802
72424098
72423146
72424999
72423883
72426513
72426863
72427420
72428527
72429109
72431368
72431832
72430488
72432736
72433278
72433718
72434107
72434646
72435956
72435828
72435496
72436807
72436983
72437474
72438636
72438447
72441482
72441895
72439159
72441594
72442961
72469192
72442131
72441855
72442336
72444267
72443349
72445219
72445724
72444707
72445243
72445686
72446147
72446614
72449869
72451749
72452220
72451840
72453726
72454132
72454661
72455258
72455606
72455878
72454358
72454870
72455310
72455685
72456146
72456660
72459635
72460297
72462147
72462518
72460014
72461884
72462515
72461142
72464172
72463933
72465958
72462686
72466027
72466419
72464846
73027756
72465008
72465806
72468287
72468727
72469167
72472384
72472738
72473154
72473594
72473928
72474306
72471522
72475059
72475170
72473456
72473595
72475226
72476333
72476584
72474980
72477597
72478133
72478374
72478814
72479227
72482571
72483059
72483430
72483822
72484224
72483821
72484163
72485380
72486108
72486230
72485057
72487426
72487274
72486226
72486741
72487147
72490278
72490416
72490757
72491361
72493088
72493507
72492630
72493101
72493646
72495526
72494806
72494990
72497520
72497906
72498606
72498622
72501561
72500510
72500974
72502905
72503486
72503181
72504714
72504850
72505259
72504433
72504924
72506831
72507529
72506831
72508456
72508947
72509483
72509326
72510428
72511786
72513057
72514048
72512277
72513544
72513304
72513624
72514160
72514483
72515030
72516431
72517767
72518039
72518010
72518351
72518791
72521974
72521059
72520049
72523231
72522220
72522657
72523186
72524129
72524199
72524105
72551959
72526105
72525327
72527237
72526422
72528214
72527389
72527890
72530949
72531348
72531860
72533644
72534196
72534660
72535402
72535650
72534757
72535119
72535801
72537548
72536712
72537196
72537714
72538178
72541166
72541606
72542043
72542371
72542916
72543364
72543920
72544421
72544861
72545250
72545816
72546045
72547850
72546973
72547485
72547822
72552913
72552980
72553276
72553740
72554153
72553324
72553866
72555419
72555985
72555057
72555572
72555440
72555707
72557958
72556507
72557256
72558499
72558807
72588859
73128529
72593172
72561682
72564088
72563411
72565091
72563886
72564350
72562725
72566563
72563752
72567182
72567269
72566291
72567173
72568853
72567824
72567110
73136125
73138911
73139255
73139599
73140426
72603979
72574160
72570849
72575593
72575608
72574346
72574864
72577126
72578521
72578102
72579494
72577420
72578039
72578623
72582492
72582891
72582624
72583622
72583630
72584182
72585272
72586659
72586425
72585460
72585835
72586275
72588299
72587827
72589867
72590313
72593359
72593543
72592375
72592791
72593255
72595159
72595719
72596172
72595193
72597073
72597564
72596612
72597079
72597444
72597884
72598474
72601619
72601970
72603871
72605002
72604895
72605821
72605604
72603328
72605974
72604001
72606342
72606797
72607589
72606490
72608305
72609115
72606882
72609296
72610512
72614234
72612200
72612664
72614912
72613821
72614378
72615544
72615878
72617177
72617776
72617782
72618878
72618229
72618828
72616943
72617536
72620647
72620270
72623721
72623910
72620265
72624828
72625388
72624988
73195284
73195797
73196224
73197712
73197510
73198926
73199238
73199475
73200123
73199918
73203238
72664730
73203699
73204185
73204694
73205142
73205997
73206297
73206915
73207367
73207596
73208119
73208733
72668316
72636091
72639809
72639797
72638315
72640461
72638999
72640589
72642792
72643994
72643981
72645661
72646125
72646028
72646536
72646846
72647779
72647819
72648444
72646875
72647608
72648021
72648475
72648877
72653448
72652554
72653114
72653656
72654065
72654550
72655079
72655345
72655785
72656356
72654509
72658222
72659182
72658296
72658784
72659728
72660243
72662867
72663369
72664482
72664643
72665575
72665688
72667362
72665223
72667861
72668478
72668888
72669200
72669620
72670792
72670418
72670861
73242634
72670238
72675112
72675531
72675961
72676216
72673436
72676633
72676332
72677613
72677458
72676410
72676850
72677180
72679162
72678333
72678878
72677942
72681324
72678058
72678764
72682014
72683430
72684308
72686039
72684417
72684959
72685461
72685925
72686239
72686757
72687299
72688838
72688176
72688650
72688943
72689499
72689646
72692801
72693453
72695196
72694220
72694770
72696476
72697052
72695922
72694617
72697293
72696903
72698241
72699601
72699615
72699965
72698928
72700794
72699904
72703029
72703458
72705293
72704427
72704757
72705313
72705750
72707884
72706702
72707187
72707651
72708064
72708518
72708995
72709435
72709858
72714611
72714863
72713956
72714450
72714849
72715289
72717234
72716343
72716760
72717180
72717599
72718189
72720128
72719128
72719329
72718999
72722252
72725244
72723601
72723863
72726409
72724537
72725858
72726937
72727500
72728898
72727297
72728980
72727245
72725968
72729522
72728365
72730137
72730323
72730736
72731539
72731664
72732299
72735385
72735849
72734405
72734503
72737031
72737495
72737942
73312834
72764451
72738238
72737344
72737477
72739893
72740237
72766351
73316538
73316291
73316533
73317299
73317643
73320891
73321217
73321772
73322332
72746212
72747873
73324116
72747492
72749000
72749392
72748288
72749128
72750296
72749248
72749712
72750200
72750616
72751053
72754256
73332949
73332533
73333128
73333613
73334040
73334536
73335219
73335637
73335986
73336731
73337037
73337611
73338210
72789977
72759694
72761741
72761585
72763301
72765616
72762576
72767127
72767581
72767815
72768228
72767543
72769245
72766499
72769865
72770973
72767652
72770816
72771359
72771792
72772307
72772846
72773376
72773648
72776714
72775432
72776149
72774821
72776114
72778347
72777171
72775973
72776248
72777370
72778768
72779913
72780353
72781213
72781482
72778793
72781225
72782496
72783113
72783520
72780613
72783263
72782062
72784293
72788002
72785957
72784072
72788668
72788943
72789452
72790550
72790209
72789197
72789679
72790272
72792486
72792430
72792945
72793201
72792126
72792665
72791650
72797795
72793869
72797374
72796984
72797691
72798526
72797012
72800218
72800750
72801108
72802203
72797739
72802346
72802577
72799780
72803289
72803626
72799721
72803974
72800408
72804105
72805263
72808115
72808654
72809163
72809836
72810334
72805678
72810329
72806307
72810994
72810251
72808473
72811137
72807988
72812825
72809005
72812585
72813850
72814628
72815041
72815484
72815844
72818822
72819321
72820408
72820331
72820477
72819211
72820275
72821972
72822518
72822360
72819080
72822668
72823969
72824409
72824931
72825149
72825545
72828817
72824864
72829197
72826533
72829863
72828793
72829779
72830075
72831915
72832167
72832717
72833130
72832957
72832053
72832442
72832882
72833281
72832594
72831593
72834824
72837784
72838759
72838012
72837578
72840724
72841304
72841600
72842119
72842394
72841317
72841805
72842386
72844450
72844328
72843304
72842609
72845059
72846391
72847471
72847959
72846926
72848613
72850587
72851102
72849974
72850489
72850929
72851588
72850278
72853702
72854613
72854325
72870200
72870949
72869876
72873409
72873756
72873689
72877181
72877720
72878061
72878519
72878760
72878443
72879805
72880885
72878668
72879413
72880007
72880769
72882418
72882489
72881304
72880705
72883307
72881258
72887383
72887443
72887209
72888571
72888422
72886282
72889691
72890302
72890526
72887976
72891236
72891409
72891469
72890341
72889570
72893189
72893632
72894030
72894207
72897311
72896135
72896863
72897854
72899469
72899409
72898264
72897395
72898568
72898888
72900536
72898040
72901857
72899888
72902397
72903535
72903092
72901672
72901120
72902508
72903875
72903034
72908475
72908983
72908458
73490987
72908209
72907760
72908427
72910761
72911211
72911860
72911793
72910254
72912717
72910708
72910833
72913442
72913543
72912607
72913471
72913871
72918311
72918866
72919228
72919432
72917819
72918305
72919642
72917546
72918750
72919958
72921272
72919736
72919936
72922251
72918170
72922606
72920914
72923619
72923457
72922434
72923039
72923040
72925322
72925732
72926175
72926124
72927209
72928632
72929920
72927424
72928821
72931134
72931577
72932041
72928955
72931695
72932960
72933472
72933960
72934424
72934618
72934849
72935793
72934086
72934865
72938197
72939039
72940623
72940546
72940815
72939959
72940410
72940778
72941293
72941720
72942342
72942734
72942938
72944295
72945700
72946140
72947487
72948197
72948898
72950111
72951114
72951437
72951867
72951086
72949770
72952558
72953766
72952665
72953458
72955237
72954585
72953769
72955094
72955886
72954747
72955334
72958507
72959283
72960891
72961430
72961521
72961383
72960961
72963295
72963711
72964100
72964516
72963911
72962367
72965617
72962655
72963812
72965233
72965707
72967040
72965349
72966798
72970814
72971421
72969653
72969932
72972497
72969207
72969581
72972256
72971572
72972334
72972873
72973201
72971787
72974370
72973665
72975955
72976426
72976802
72977341
72976117
72977394
72978659
72981807
73567691
72980214
72982802
72983308
72983775
72984239
72984775
72985143
72985531
72986090
72985221
72986022
72985118
72985827
72988228
72988781
72987999
72987529
72988498
72992004
72992407
72992823
72993233
72993642
72994708
72992228
72994851
72995286
72996357
72996029
73582778
73583209
72996149
72996496
72995901
72996413
72999776
73000117
73001056
73000920
73002497
73003594
73003924
73002912
73003451
73003881
73004486
73004987
73006142
73007382
73008003
73008222
73008910
73012000
73012252
73010029
73012497
73011338
73011524
73012971
73014368
73012593
73011718
73013496
73013631
73015171
73016528
73017005
73017483
73018340
73018020
73018484
73019012
73019500
73022679
73021503
73022989
73024298
73024594
73023125
73023768
73024149
73024514
73024995
73025448
73026011
73026298
73026854
73027267
73027823
73030811
73620974
73033160
73033777
73034361
73034702
73034171
73035520
73034306
73034178
73035860
73034868
73037206
73037676
73038212
73036136
73037897
73039001
73036327
73039835
73037707
73039326
73043120
73043625
73043815
73042509
73043408
73044549
73045864
73045808
73044863
73046248
73045941
73047476
73045714
73046658
73047987
73048451
73048925
73050114
73051316
73052845
73053264
73050623
73054274
73054765
73051734
73055401
73055656
73056093
73055067
73055648
73056790
73056202
73058502
73057127
73059436
73058454
73059960
73059426
73059571
73062706
73062233
73061969
73064768
73090529
73655773
73655618
73656351
73657100
73657898
73658343
73658802
73659359
73659303
73659308
73094842
73659699
73659449
73659825
73660502
73663817
73069971
73071414
73073089
73074033
73075692
73075010
73074517
73076952
73077440
73078006
73078419
73077844
73079264
73077667
73078443
73079435
73080968
73083716
73084231
73082937
73083568
73083916
73084479
73084939
73086805
73085369
73084355
73086915
73085888
73087599
73087642
73089059
73089201
73089689
73090900
73088791
73089331
73094233
73094378
73093151
73092674
73092396
73093700
73095123
73093029
73094480
73096067
73097161
73095586
73097003
73098343
73098759
73098980
73099687
73100051
73100399
73100678
73101115
73100059
73103272
73104267
73104649
73106281
73106159
73105316
73105641
73106156
73106620
73107197
73107463
73108005
73108356
73108855
73109403
73109615
73112851
73113352
73113551
73114226
73114717
73115147
73115608
73116150
73116485
73117000
73117453
73117743
73118258
73118770
73119302
73119626
73122696
73123153
73123747
73123890
73124561
73124862
73125449
73126022
73124443
73128120
73128543
73129524
73130213
73129770
73128552
73129505
73129970
73133955
73135072
73134995
73134003
73134357
73134872
73135282
73135800
73136367
73136855
73137455
73137632
73138048
73138365
73138915
73139396
73142476
73142964
73143626
73144162
73144452
73145028
73145481
73147204
73146201
73743042
73743045
73743299
73743924
73744508
73744895
73745474
73748688
73749568
73750080
73750315
73751147
73751331
73751683
73187702
73155155
73157873
73156673
73754633
73754145
73156447
73158253
73160293
73160357
73158105
73162134
73162934
73163085
73164526
73165774
73166227
73166467
73165133
73165810
73165997
73167314
73166779
73168260
73169627
73169995
73170359
73168563
73171068
73171487
73171927
73170723
73175214
73173373
73174874
73175335
73176633
73173634
73177181
73177652
73177834
73174701
73177700
73178683
73178994
73177790
73178498
73179352
73177534
73180373
73181788
73182255
73185229
73185703
73186249
73184820
73185449
73185263
73184020
73187529
73185053
73188120
73184208
73188418
73187107
73188596
73186322
73189556
73189352
73190003
73189201
73187221
73191398
73187825
73192140
73190594
73192021
73195593
73193069
73192837
73193492
73195941
73195168
73195913
73196780
73198299
73794982
73196466
73199348
73200312
73198268
73200591
73199408
73201568
73202032
73202468
73203938
73201801
73205135
73206412
73207786
73208403
73205113
73207890
73209041
73209337
73209876
73211306
73207613
73210252
73211062
73208630
73211673
73209250
73212608
73213048
73213608
73213904
73215925
73217377
73216472
73218485
73218870
73217070
73219715
73219942
73220368
73220709
73219184
73219349
73220841
73219749
73221470
73220571
73221989
73223427
73223382
73223820
73225382
73227337
73226406
73227023
73227481
73227890
73828304
73828278
73828846
73829467
73829921
73830334
73830792
73831315
73831921
73832355
73835344
73836320
73267998
73235196
73238172
73236270
73238504
73237293
73238429
73237759
73239001
73240309
73239478
73240329
73241420
73240462
73241076
73241444
73241908
73846830
73846521
73847068
73847425
73847911
73278449
73246676
73247310
73249880
73249898
73248917
73249504
73249314
73250837
73250931
73252538
73252783
73253851
73251760
73253114
73257110
73257195
73257491
73256456
73255525
73258056
73257436
73258444
73259471
73258519
73259006
73259535
73259963
73261264
73262343
73260941
73262299
73263684
73263753
73262714
73265972
73268039
73266325
73268663
73269403
73268081
73269354
73268166
73268606
73269022
73269486
73270049
73270516
73270956
73271474
73271863
73272443
73275519
73276058
73276570
73277204
73277665
73278048
73278372
73278918
73279358
73279805
73280086
73281594
73280441
73280956
73281068
73282231
73282506
73282281
73285522
73285908
73286337
73286764
73287357
73286657
73289035
73288397
73288638
73290906
73291175
73289951
73290586
73289557
73292898
73291303
73895030
73292857
73294512
73295000
73297975
73298544
73297052
73298257
73299370
73298929
73300359
73301112
73298743
73300251
73301166
73300110
73300711
73301630
73904890
73302133
73301696
73303872
73302319
73303156
73305336
73306251
73308598
73307803
73309168
73309515
73309627
73309400
73308189
73307445
73310766
73310901
73309675
73311999
73312386
73309469
73313194
73313702
73314074
73314524
73314898
73315137
73315682
73317081
73319337
73319790
73320298
73318805
73319443
73319740
73320255
73320641
73320242
73323382
73323884
73320655
73324417
73324453
73321806
73325480
73322391
73325056
73322647
73326139
73327702
73328331
73329451
73330814
73327903
73330728
73331954
73332517
73331649
73330040
73331978
73331449
73329545
73332663
73331002
73334562
73334885
73333213
73334700
73332614
73334127
73334786
73336618
73334928
73337626
73338902
73340203
73339302
73339841
73340111
73341704
73342643
73343083
73341931
73342638
73343916
73344557
73343704
73344216
73344595
73345162
73345404
73348542
73348955
73349497
73349978
73350401
73350827
73351154
73351768
73352338
73352721
73353293
73353682
73353768
73960441
73356352
73356624
73356930
73354222
73357838
73361365
73361208
73361059
73360070
73360636
73362379
73361595
73362073
73362544
73362963
73396045
73365480
73362898
73365092
73364553
73366156
73367348
73365886
73368952
73369545
73370078
73370375
73370941
73371401
73371941
73372289
73372640
73373134
73373601
73373987
73375747
73374884
73375553
73375945
73378964
73379459
73379858
73380311
73380700
73381226
73381642
73382041
73382454
73382983
73383419
73383733
73384344
73384736
73385302
73385688
73996262
73996782
73997370
73998019
73998630
73422580
73392131
73391254
74000302
74000480
74001129
74001472
74002244
74002806
74003265
74003969
74004228
74007262
74007782
74008255
74008937
74009128
74009766
74010187
74010785
74011182
74011633
74012198
74012609
74013287
74013272
74013802
74014352
74017606
74018076
74018342
74018902
74019334
74019932
74020468
74020701
74021460
74021919
74022359
74022812
74023855
74023994
74024364
74024961
74027849
74028288
74028950
73448309
73421020
73420191
73420532
73421194
73421697
73422111
73422537
73423175
73423563
73423887
73424416
74035839
74035557
74038637
74039058
74039770
74040084
74040810
74041004
74041602
74042103
74042441
74043135
74043505
74043956
74044398
74044914
74045386
74046019
74049173
74049624
74050899
74051494
74051003
74051482
74051871
74052479
74052911
74053591
74053935
74054498
74055018
74055605
74056000
74056446
74059550
74060129
74060633
74061263
74061569
73479348
73450790
73449581
73454111
73450725
73453901
73454694
73454697
73453464
73454024
73453116
73455711
73457506
73455522
73456565
73459714
73461223
73459727
73460092
73460685
73461098
73461589
73462053
73462405
73462869
73463360
73462628
73465894
73466149
73465169
73463045
73466461
73466716
73466810
73470441
73470741
73471023
73471487
73470605
73471229
73472120
73469919
73473672
73470597
73474369
73474792
73475088
73475678
73474769
73475521
73477211
73477230
73480125
73479487
73481180
73480528
73482105
73481351
73481692
73482234
73482692
73483315
73483608
73483997
73484372
73484956
73485314
73487224
73488946
73489424
73490089
73490447
73490764
73491102
73491556
73492162
73492609
73492886
73493360
73493984
73494325
73494714
73495130
73495600
73496503
73500594
73499092
73499796
73501791
73499408
73502718
73503011
73503232
73502203
73503566
73501869
73505122
73505616
73505916
73502962
73506488
73506610
73504363
73507551
73508258
73510968
73511315
73510084
73510572
73512103
73511895
73513908
73514286
73514401
73513257
73513759
73513082
73514602
73516894
73517402
73514472
73517009
73518606
73518967
73520534
73519248
73521551
73520641
73521108
73521647
73521141
73524241
73524544
73523155
73523814
73522797
73526149
73526260
73525108
74140352
73526675
73528228
73528644
73531497
73530372
73530813
73531411
73531899
73532540
73534597
73534395
73533299
73533892
73534867
73536482
73536625
73534758
73534974
73537290
73536695
73538201
73536620
73539769
73540209
73540663
73541120
73541598
73542226
73541035
73543911
73545663
73543759
73544432
73543994
73542949
73547003
73547192
73544204
73546774
73546262
73545492
73548127
73549806
73551756
73550272
73551743
73549869
73549952
73552287
73553611
73552002
73552507
73552995
73554267
73555721
73556263
73556713
73557191
73557455
73558727
73557582
73557924
73559051
73562020
73561050
73561569
73561917
73562483
73562937
73563292
73563848
73564257
73566140
73565147
73565615
73566657
73568037
73568349
73568651
73568184
73571880
73570816
73571267
73573215
73572147
73572659
73572921
73575439
73575721
73574620
73576684
73577127
73577621
73574744
73577502
73578420
73576856
73578397
73577979
73582758
73581447
73581840
73582211
73582651
73583166
73583651
73584064
73584432
73584903
73585432
73585872
73586305
73586827
73587219
73587731
73590770
73591173
73592970
73592206
73592660
74211048
73592788
73595522
73595739
73596382
73596547
73595320
73595340
73596770
73598079
73596105
73598571
73597066
73599346
73596462
73602492
73602805
73600343
73602815
73604126
73600064
73602629
73603491
73604328
73605995
73606336
73606232
73605478
73605843
73606436
73606774
73607139
73607654
73610728
73610963
73612652
73612258
73613720
73612714
73613250
73613645
73614160
73614648
73615190
73615681
73616172
73618034
73617253
73618857
73619342
73617464
73619088
73622007
74241156
73650634
73622091
73622606
73622934
73623309
73623773
74243616
74245004
74244511
74245231
74245639
74246056
74246560
74247056
74247616
74250780
73661344
73631410
73632085
73633506
73633593
73632690
73634029
73635258
73633759
73633974
74255010
73634726
73637335
73636141
73637834
73634913
73637378
73636961
73636047
73639372
73638041
73639749
73639506
73642143
73641141
73643536
73644243
73642804
73644026
73645381
73644248
73645003
73646298
73644769
73645044
73645498
73646057
73646844
73648528
73649067
73645616
73649550
73650097
74269467
73676908
74270997
74273600
74274083
73685262
73655010
73653714
74275251
73655036
73654510
73654159
73657191
73655356
73657789
73658335
73658727
73659164
73659813
73660068
73657376
73660727
73661346
73658292
73659900
73661619
73664882
73665343
73662556
73665093
73681843
73663368
73666945
73667416
73667822
73668453
73668968
73669771
73670303
73670774
73671193
73671669
73671225
73672245
73671246
73674122
73674586
73675304
73675829
73676293
73677264
73678746
73679141
73679766
73680144
73678515
73678928
73679433
73679880
73680293
73680821
73683939
73684290
73684880
73685320
73685825
73687691
73686739
73687101
73687640
73688019
73688599
73688984
73689451
73688782
73690171
73689319
73691952
73693291
73696807
73694842
73696263
73697452
73696815
73693120
73696115
73696434
73695264
73695728
73697161
73698198
73698692
73699553
73696838
73697992
73700430
73700903
73701017
73701489
73704773
73701829
73705174
73705836
73705220
73705704
73705764
73706778
73707467
73707839
73705372
73708694
73709233
73709775
73710027
73710635
73711075
73710510
73714457
73711544
73714924
73712366
73714917
73712880
73715461
73716550
73717123
73717539
73714742
73715035
73717549
73715665
73718144
73718425
73719723
73715971
73720357
73720557
73721103
73721303
73722749
73724946
73725638
73725901
73723490
73726684
73725832
73727848
73727966
73726840
73727235
73727771
73728061
73728576
73730456
73730920
73731486
73731950
73733703
73734116
73734730
73735286
73735801
73736118
73736531
73737049
73737438
73737386
73737600
73737923
73739356
73739688
73740278
73741558
73741939
73740766
73745531
73744355
73744819
73745448
73745912
73746883
73748515
73748934
73747891
73749814
73749908
73748785
73749276
73749706
73750027
73751435
73750502
73781006
74379820
73784391
73754977
73754976
73755440
73754736
73757317
73755310
73758014
73759320
73759633
73759254
73760650
73761080
73758416
73760449
73762041
73762526
73759244
73763072
73766064
74392672
74391930
73767310
73767077
73765936
73766338
73766778
73767181
73766641
73769018
73768681
73767647
73770929
73770488
73769785
73768382
73770608
73772213
73771284
73774364
73773690
73775947
73775620
73777773
73775077
73778675
73777537
73777823
73777776
73777095
73780477
73779383
73781495
73781268
73780316
73780780
73781284
73781694
73784822
74413069
74413939
74413765
74414352
74414743
74415242
73817383
73788203
73788049
73788492
73788983
73789498
73789986
73790474
73791040
73791456
73794485
73795038
73795502
74425606
74425244
74426396
74426016
73797614
73798899
73800476
73800799
73797945
73801163
73798366
73799837
73802162
73799456
73802451
73800229
73803642
73802257
73806889
73805273
73805713
73806177
73806644
73807033
73806324
73809751
73808530
73810659
73808230
73811636
73811559
73810516
73812837
73811092
73812617
73811091
73814004
73815158
73815670
73816175
73816567
73817130
73817481
73818092
73818388
73818709
73821024
73819855
73821342
73819221
73821598
73821095
73823258
73821840
73822127
73823568
73826105
73827394
73826102
73824070
73826649
73825588
73827175
73829544
73827960
73828489
73827444
73829410
73830807
73829514
73831029
73832282
73831116
73832372
73831465
73832034
73832464
73833038
73836046
73836486
73837001
73837510
73837950
73838438
73838912
73839383
73839925
73840304
73840805
73841170
74473559
74473887
74473500
74474050
74476997
74477492
74478026
74478486
74478983
74479345
74479855
74480261
73849348
73849815
73852486
73852686
73851517
73852989
73851893
73852483
73852974
73855952
74489081
74488820
74489137
74489582
74490334
74490462
74490867
74491441
74491900
74492738
73889965
73860893
73861861
73863281
73863153
74493997
73893782
73862937
73865519
73865727
73867067
74498646
73868932
73866049
73868505
73868211
73868106
73868621
73869061
73869538
73870008
73870633
73871087
73871629
73871956
73905531
73871874
73874945
73877495
73876666
73877154
73877731
73877872
73880484
73880458
73879094
73880507
73881411
73880495
73879557
73883008
73879800
73883072
73883027
74515611
74516204
74516004
74516465
74519464
74520235
74520592
74520904
74521571
74522069
74522665
74522990
74523774
74524142
73892001
73893410
73893682
73891060
73893470
73893218
73892075
73895563
73895647
73897984
73899000
73897904
73898381
73897381
73899895
73899726
73900495
73902006
73900190
73901621
73901965
73902780
73901852
73903783
73902668
73904772
73902054
73905374
73903572
73905055
73903315
73905747
73906079
73906808
73909607
73908586
73909146
73909606
73910101
74545789
74546138
74545776
74546296
74546883
74547481
74547876
74548257
74549102
74549279
74552329
74552686
74553131
74554000
74554136
74554755
74555176
74555662
74556286
74556744
74557048
74557617
74558053
74558590
74559041
74559607
74562845
74563327
74563729
73929789
73931431
73931689
73930522
73932457
73930892
73931544
73931871
73932362
73932662
73933215
73933720
73933921
73934495
73937678
73938015
73936615
73940245
73939989
73939450
73938324
73940016
73940210
74577321
74576983
74577388
74578344
74578195
73942588
73944077
73944462
73943622
73945398
73944873
73946245
73948873
73948429
73945558
73947002
73948640
73950349
73949373
73949714
73951112
73952536
73953444
73949658
73952434
73952600
73952201
73953706
73954836
73954458
73955604
73954172
73955472
73957114
73959479
73958637
73958988
73959025
73958115
73961524
73960821
73960082
73962496
73959765
73963016
73961549
73963853
73962227
73964820
73961712
73963488
73965770
73964383
73964745
73965121
73965714
73968719
73967180
73970111
73971555
73970011
73970472
73970840
73971352
73971915
73971025
73973085
73974826
73974626
73973373
73972698
73975045
73974644
73975337
73975191
73975607
73978810
73978912
73979419
73981744
73980152
73979388
73980840
73983257
73981638
73982246
73982836
73983242
74622481
74622382
74623504
74623169
74623692
74624095
74017161
73989035
74628909
74628355
74629531
74629223
74629746
74630345
74630906
74631261
74631578
74632293
74632648
74633117
74633691
74634077
74635132
74637896
74638277
74638875
74639345
74639907
74640230
74640795
74641216
74031517
74003258
74643206
74642809
74643730
74644853
74644555
74644972
74645316
74648557
74649195
74649429
74650109
74650555
74651142
74651509
74652029
74652410
74042132
74653095
74652857
74654007
74654293
74654660
74044304
74015692
74017455
74019119
74017295
74018808
74041157
74037511
74040841
74041762
74040687
74039380
74040302
74042424
74043780
74042314
74682382
74683180
74683512
74072395
74684006
74684131
74044803
74044817
74045598
74047959
74050683
74049627
74051657
74050218
74049682
74052014
74052953
74053548
74049713
74053118
74053839
74053246
74053768
74054177
74054713
74055123
74055495
74056010
74059165
74059577
74060017
74060471
74060853
74061375
74061815
74062115
74062579
74063135
74063452
74063964
74064442
74097591
74065867
74064938
74067377
74064717
74067124
74069405
74071568
74069890
74068442
74072503
74071837
74072799
74070862
74074681
74072785
74074996
74073401
74716580
74716200
74105601
74075006
74718185
74717891
74719078
74721362
74721744
74722213
74108079
74722929
74723612
74723892
74724323
74724830
74083089
74083654
74085775
74084568
74086571
74085003
74083597
74727829
74087921
74088112
74086789
74089764
74090313
74090737
74091276
74124180
74091014
74093236
74092670
74091978
74094431
74095857
74093317
74096529
74096565
74096547
74097264
74096165
74095308
74095524
74098687
74099375
74101895
74100785
74101338
74101918
74134807
74102486
74102772
74102118
74103559
74102597
74103364
74104306
74103404
74103676
74107122
74106306
74105972
74106364
74106863
74107228
74107770
74110799
74111314
74111625
74112116
74112628
74113069
74113648
74113986
74114440
74114996
74115306
74115770
74116210
74115478
74118688
74115957
74116269
74116513
74119889
74119969
74119952
74122359
74122920
74123702
74124073
74121867
74124036
74124690
74123875
74124417
74124929
74125485
74125925
74126416
74126944
74126299
74128767
74126674
74130104
74130239
74131943
74129692
74132404
74134527
74134303
74133504
74133917
74134354
74132473
74135138
74137265
74133519
74137006
74134291
74137465
74137135
74139199
74137645
74783935
74783626
74137309
74142531
74142203
74140328
74144705
74145444
74145169
74144268
74144818
74145320
74791810
74791749
74791938
74792450
74793535
74793218
74793866
74794298
74797319
74797838
74798530
74798976
74799386
74799893
74800432
74800714
74801250
74802186
74802388
74802701
74803264
74803731
74804227
74804705
74190852
74161683
74162273
74162716
74163162
74163579
74164029
74164506
74164946
74165423
74165860
74166338
74166778
74167317
74167644
74168108
74168569
74171649
74172065
74172529
74173020
74173460
74173951
74174391
74174957
74175346
74175875
74176291
74176782
74175069
74178449
74179473
74178958
74180163
74181587
74182075
74182617
74180648
74185032
74184216
74182743
74185896
74185659
74182677
74186167
74184222
74188200
74183947
74187350
74187019
74184815
74189132
74188884
74189366
74188516
74188830
74191883
74192374
74190694
74194921
74193957
74196018
74194497
74194971
74193401
74196662
74196255
74198370
74196741
74197208
74196462
74195548
74198929
74197849
74199255
74196882
74201290
74202829
74204794
74203026
74203334
74203760
74204265
74204640
74205182
74205527
74206015
74206541
74206916
74207472
74207847
74206908
74210399
74210768
74211792
74861728
74861400
74861819
74862291
74862649
74863223
74863820
74864161
74864759
74865306
74865778
74866287
74248194
74217852
74218278
74218667
74216741
74223795
74224095
74220734
74225012
74221342
74225279
74224571
74222194
74226523
74222693
74226033
74223264
74225757
74228064
74226595
74227151
74225363
74228879
74229770
74227440
74230628
74226924
74229238
74231214
74232614
74233075
74233529
74233955
74234395
74234911
74235435
74235848
74236363
74236881
74237359
74237707
74238297
74238611
74239129
74239467
74240295
74244470
74244051
74894759
74244018
74244428
74244967
74245533
74245871
74246335
74246850
74247413
74247826
74245864
74248399
74250744
74249302
74249691
74250638
74254851
74253493
74254570
74254154
74254618
74255109
74255648
74256139
74256501
74256989
74257480
74256910
74259494
74258991
74261001
74258223
74261657
74260248
74264997
74263456
74261855
74264006
74265740
74265023
74265486
74265961
74264299
74268851
74268849
74267850
74270103
74268350
74266746
74269862
74270446
74271591
74270393
74271463
74274763
74272882
74276132
74274963
74277111
74275806
74274973
74278396
74276969
74275078
74279562
74277824
74280299
74278648
74279115
74279579
74279968
74932089
74282588
74281044
74281186
74285026
74284419
74285394
74284661
74285026
74283965
74287744
74285810
74288398
74286804
74289132
74287659
74288137
74288488
74289116
74289481
74289979
74288904
74292478
74294038
74294902
74294649
74294997
74295700
74296228
74296647
74297238
74298669
74298273
74299759
74298786
74299117
74299795
74301198
74300689
74302215
74298917
74302501
74298897
74302135
74306423
74304841
74305404
74305718
74306209
74306584
74307113
74305202
74309736
74305965
74310044
74310663
74309017
74309433
74309908
74310385
74308760
74312870
74313360
74312377
74316337
74316936
74315365
74315931
74316507
74316947
74317312
74317817
74318203
74318704
74319209
74319598
74320059
74320652
74321065
74321492
74324644
74325050
74325486
74325964
74326404
74326905
74327372
74327887
74328252
74328733
74329183
74329596
74329944
74330473
74330914
74330047
74333408
74335190
74334825
74335330
74334707
74337244
74338575
74336911
74337426
74337828
74338295
74338732
74339196
74339609
74340083
74340537
74341014
74341413
74344619
74343598
74346884
74346534
74344489
74347778
74348595
74348293
74347276
74345474
74345616
74348796
74346235
74350695
74349433
74351449
74349843
74348065
74352165
74351842
74352896
74351663
74354886
74353227
74356583
74356005
74357874
74356723
74357214
74357794
74358220
74358633
74359059
74359499
74360000
75015937
75016809
75017252
75017684
75020885
74365120
74366410
74367894
74366389
74367919
74367083
74367496
74367984
74368437
74368823
74369260
74369813
74370164
75028164
75027805
75028851
75031686
74403554
74375197
74375726
74376176
74376514
74377094
74377340
74376594
74376705
74380056
74377317
74380575
74376742
74381034
74378455
74381810
74380317
74382573
74381054
74381491
74381904
74385034
74385399
74385992
74386531
74384627
74388701
74389153
74387987
74388489
74386482
74390698
74390514
74389722
74389024
74392197
74389752
74392090
74392266
74391757
74391059
74394116
74396776
74397493
74396435
74396875
74397264
74397830
74398243
74398830
74399168
74399605
74400147
74400512
74401078
74401620
74401904
74402395
74405550
74405861
74406397
74406786
74407448
74407864
74408301
74408891
74409304
74409693
74410133
74410519
74410959
74411423
74411914
74412426
74411402
74418170
74414688
74414898
74418062
74417689
74416897
74417310
74416664
74419899
74418894
74420318
74419229
74419883
74420320
74420859
74420254
74420368
74422644
74423972
74422325
74422762
74426043
74426238
74425896
74429173
74429266
74429957
74429631
74428604
74429119
74429634
74430047
74430651
74431013
74431504
74431941
74432381
74432818
74435949
74436413
75097631
75097343
75098343
75098039
75098663
75099014
74440341
74441918
74441456
74440272
74440709
74441163
74441579
74442053
74442565
75106848
75106571
75107873
75107395
75107827
75108363
75108770
75109493
75109695
75110337
75110960
75111149
75111750
75112184
75112895
75113415
75116524
75117047
75117393
75117838
74484102
75118643
74488208
74457613
74459844
74459191
74458910
74459305
75121761
75121510
75122318
75122329
75122764
75123324
75123598
75126710
75127278
75127855
75128287
74495582
74467336
75129322
74470148
74469398
74470774
74469368
74468423
74470127
74470029
74469221
74471422
74471894
74470310
74472857
74473898
74472935
74471426
74471940
74475639
74472173
74473580
74475573
74477860
74475036
74478270
74479847
74478159
74477311
74480563
74481299
74479686
74480099
74480566
74481805
74483365
74483356
74482823
74482516
74482922
74483361
74483637
74485033
74484733
74485644
74489362
74489143
75151590
75151212
74521022
74490454
74489615
74490216
74490806
74491222
74491734
74492048
74492601
74493126
74493665
74493883
74494150
74495292
74496650
74497749
74497093
74500000
74500735
74500501
74499269
74501387
74500508
74499004
74501814
74502288
74500492
74502831
74504158
75165540
74504870
74505808
74504411
74505459
74504510
74505022
74508249
74508683
74509150
74509467
74510003
74510467
74510773
74512069
74513540
74511938
74511120
74513758
74513273
74514676
74546389
74514229
74514240
74514749
74515114
74518423
74518833
74519385
74519873
74520364
74520801
75184258
75185287
75185355
75185953
75186602
75187005
75187765
74553828
74523112
74525304
74526359
74525014
74528166
74528780
74528087
74530036
74528244
74530636
74530141
74530820
74531290
74531679
74532355
74532709
75198781
74532471
74535545
74536185
74534521
74533711
74535196
74537613
74538596
74539101
74539592
74540029
74540619
74541175
74540225
74542681
74541917
74542408
74543022
74543265
74545649
74545581
74544725
74544797
74546667
74544643
74547580
74551067
74549410
74549990
74548027
74552420
74550783
74550566
74552584
74552876
74552459
74553523
74553644
74553141
74552354
74552634
74555147
74554291
74554823
74555263
74555799
74556317
74559391
74559786
74560148
74562388
74562771
74561278
74561718
74562209
74562411
74563864
74563900
74562024
74564735
74565857
74564594
74564802
74566865
74567474
74565957
74566458
74602498
74569518
74568928
74570303
74571604
74572824
74571109
74571788
74572160
74572579
74573098
74573388
74571451
74573079
74575568
74574681
74573306
74576992
74574732
74577112
74576164
74577547
75243405
74579024
74579039
74581997
74580771
74581290
74581649
74582143
74582310
74583464
74584665
74581505
74585085
74583515
74583657
74585165
74586369
74584699
74585139
74585748
74587988
74586636
74588820
74587297
74587665
74587848
74592717
74593264
74591651
74591969
74594004
74594147
74593096
74593581
74593946
74594461
74594925
74595055
74597651
74595978
74598357
74596990
75266280
75266827
74633267
74602975
74601311
74600154
74602289
75270497
75270151
75270929
74631899
74604509
74603806
74604072
74604601
74605024
74605478
74605820
74607274
74606716
74608257
74607237
74610266
75280218
75279805
75280197
74640696
74611305
75282009
74643390
74614714
74613953
74614454
74614867
74615359
75285583
74649221
74616952
74617134
75287331
75287070
74653038
74622178
74622874
74621966
74622379
74622880
74623617
74624804
74624457
74626052
74624956
74625492
74627317
74626240
74627544
74627038
74628633
74626447
74630310
74630099
74631356
74633038
74632100
74632608
74633027
74634460
74635764
74636060
74635021
74634837
74635373
74635830
74636335
74636734
74637198
74637798
74638252
74641267
74641745
75313105
75312801
75313801
75313729
75314249
75315207
75315268
75315550
75316202
75316605
75317002
74647227
74648480
74650033
74649492
74651694
74649170
74651595
74652812
74653869
74652779
74654672
74653782
74654393
74654836
74654625
74655226
74656146
74655934
74657351
74655990
74657267
74657167
74657829
74658282
74661301
74661781
74662317
74662897
74663224
74663715
74664268
74664913
74665254
75337824
75337483
75338286
75338272
75338711
74693931
75339725
75339742
75342902
75343405
74674231
74674747
74672562
74673199
74672149
74673997
74675636
74674495
74674966
74675481
74675996
74675432
74678674
74677299
74678726
74677672
74678088
74678606
75353013
75353681
75354191
74711895
74683241
75356117
75356290
75357253
75356783
74714282
74685584
74717536
75357861
74687965
74686210
74687274
74687226
74687132
74687631
74687910
74688408
74691491
74692129
74692539
74692908
74693406
74693846
75367982
75367710
75368129
75369193
75369043
75369463
75369935
75370663
74697606
74698049
74700607
74703331
74704022
74702331
74702918
74703402
74704002
74704496
74704769
75379669
74738160
74705745
74708046
74706529
75381516
75380977
74739105
74708527
74708443
74710242
74710500
74713566
74714329
74712702
74713169
75388361
75387785
75388603
75388747
75389074
74716392
74717993
74718279
74717719
74718975
74717660
74718226
74718663
74721665
74722054
74722620
74723159
74723548
74723988
74724428
74724997
74725512
74725925
74726287
74726829
74727167
74727556
75403580
75403545
75406174
75406631
75407218
75407363
75407976
74734449
74735759
74735512
74734727
74735215
75411468
75411140
75412466
75411991
75412709
75413295
75413548
75416569
75417164
74770280
75418148
75418600
75418981
75419273
74773931
74743851
75420928
75421648
75421105
75421601
75422199
75422631
75423215
75423813
75424183
75427215
75427764
75428142
74753757
74755454
74755726
74754800
74755954
74755104
74755475
75432650
75432304
75432602
75433159
74757701
74759489
74757819
74760249
74761474
75438844
75438457
75439814
75439366
75439852
75440279
75440946
75441378
74766509
74766702
74768133
74766394
74732944
74783565
74752686
74757600
74757329
74791066
74761415
74763498
74765059
74767180
74767657
74768073
74768684
74769025
74769537
74769994
74770625
74771052
74770200
74773316
74774061
74772537
74773147
74771985
74775339
74777463
74777275
74811870
74780021
74779683
74780211
74779325
74782556
74782051
74781659
74782041
74783609
74783492
74783321
74783836
74784270
74784614
74785099
74785467
74788694
74788629
74789128
74789232
75468501
75468064
74821325
74791983
74790939
74792425
74793888
74793160
74794127
74793271
74793717
74794205
74792103
74795743
74795002
74795415
74798529
74799259
74799590
75478534
75479103
75479349
74803088
74801479
74803721
74802454
75482237
75482602
75482128
74832784
75483701
75483661
75483510
74805526
74807834
74807476
74809944
74808901
74810320
74811592
74810198
74810563
74811017
74811447
74811938
74812402
74812876
74813367
74813756
74814258
74814705
74815186
74817018
74818934
74817071
74820217
74820177
74820184
74820750
74821804
74823117
74822023
74823389
74822662
74822965
74823481
74823972
74824487
74824923
74825411
74825851
74828904
74829371
74829883
74829963
74831931
74831682
74831068
74831631
74832184
75513429
75513077
75512599
75513170
75513835
75514345
75514803
75515478
75518617
75519060
74839223
74841582
74841645
74841526
74840775
74841274
74841632
74842134
74842721
74843365
74843652
74843764
74845080
74844119
74843727
74846267
74845568
74849449
74850838
74851021
74850888
74850110
75532056
75532853
75532340
75532678
74853212
74854670
74854849
74853576
74855288
74852821
74855504
74855985
74855078
74855569
74858570
74857852
74856954
74858387
74861088
74860341
74860727
74861167
74861727
74860865
74864250
74864674
74863041
74863607
74862838
74866308
74864904
74863843
74867067
74864694
74865002
74867152
74867682
74869585
74869821
74870384
74870824
74871414
74871817
75555176
75555534
75555110
75555672
74873707
74876292
74873199
74876396
74876793
74875239
74875730
74875115
74878462
74879621
74881952
74880360
74879840
74882106
74882108
74880625
74882342
74881415
74883712
74881675
74884715
74885310
74883868
74884360
74884824
74885213
74885612
74886213
74886591
74889657
74890097
74890640
74890970
74891400
74893784
74890894
74891118
74891341
74892625
75576504
75577086
74923645
74895397
75578446
75579004
75578564
75579343
74924822
74895806
74929888
74899309
74900276
74932917
74902178
75585642
75585895
75585514
75586036
74931269
74903083
75587243
75587443
74932414
74905063
74905161
74905561
74905915
74906369
75591625
75591116
75594564
75594604
75595196
75595611
74912055
74914696
74913503
74914683
75597614
75597947
75598434
75598893
75599405
75599877
75600293
75600789
75601410
75604386
75604972
75605586
75606160
75606466
75607037
75607536
75607963
75608504
75608963
75609384
75610062
75610379
75610792
75611564
75611974
75615110
74959219
74931931
74929146
74931974
74932725
74931979
74932392
74932979
74933119
74931059
74934532
74934778
74934284
74936457
74935438
74936892
74936012
74936510
74937050
74937602
74940559
74940969
74939857
74943478
74942914
74942296
74942838
74943388
74943688
74944241
74944781
74943998
74946114
74947141
74946205
75633212
75632857
75633764
75636651
75637018
75637418
75638010
74981246
74952481
74950845
74952534
74953699
74986926
74954750
74954608
74955144
74955665
74956054
75642646
74958787
74958727
74959592
74958024
74961122
74961466
74962029
74962582
74963217
74963681
74964192
75652045
75652557
75652649
75652822
75653345
75653587
74967216
74968571
74970001
74968499
74973371
74971728
75660137
75659894
75660390
75661617
75661225
75661694
75662614
75662830
75663086
75663558
75664158
75664502
75664954
74977862
74980498
74983123
74983787
74982188
75671100
75671537
75671202
75671788
75672092
75672626
75673077
75673632
75674082
75674540
75675227
75016747
74987502
75676517
75679319
75679346
75679818
75680215
74991112
74994176
74994640
74994478
74993781
74994054
74992734
74993846
74995014
74995403
74995877
74995050
74995328
74998354
74995797
74997152
74999609
75000729
75001330
75001695
75002210
75002766
75002036
75005203
75002491
75005661
75006319
75003267
75005454
75003782
75005345
75007029
75004840
75006525
75008075
75696960
75696635
75697365
75700199
75700517
75701086
75701359
75701968
75702472
75043132
75013915
75013214
75013444
75016524
75016398
75015559
75016074
75016566
75016917
75016165
75017739
75019457
75018454
75021541
75712451
75712326
75713421
75713198
75023872
75026319
75023082
75023846
75024777
75715924
75058274
75026921
75027794
75026845
75027295
75026635
75029771
75030483
75718716
75031170
75032175
75032921
75032902
75033295
75033731
75034308
75034853
75035362
75035869
75727343
75067706
75035814
75727964
75728804
75728843
75067810
75038729
75730626
75073906
75044351
75042783
75734984
75734628
75735835
75735568
75735999
75736611
75736933
75076920
75046722
75047149
75046315
75048707
75049586
75048634
75740895
75740594
75744204
75082904
75054646
75053759
75054086
75053310
75056494
75057113
75055572
75056138
75055461
75058768
75057482
75059638
75058148
75058524
75058950
75059530
75058679
75060980
75064140
75063478
75063779
75063005
75066127
75066971
75065403
75065806
75758830
75759304
75758880
75759467
75759964
75760442
75760881
75761323
75069943
75072400
75075100
75073051
75766563
75766353
75766963
75767065
75767783
75768108
75768842
75769250
75769746
75770351
75079192
75080601
75079312
75081024
75079931
75083086
75083577
75083963
75084403
75084969
75779086
75778675
75779128
75779547
75779883
75087547
75087443
75090256
75089025
75090500
75783377
75783718
75785880
75093251
75093636
75096156
75094363
75096116
75093839
75095550
75097091
75094902
75095409
75098192
75095403
75097485
75099292
75098071
75098763
75099111
75099565
75099988
75103133
75103535
75104013
75104337
75104917
75105306
75800431
75800141
75801167
75136449
75108484
75140044
75109793
75108072
75108686
75109198
75109580
75110143
75111671
75112340
75112227
75113451
75115407
75115333
75809195
75809875
75809662
75810297
75810745
75811214
75811656
75145387
75813404
75813807
75813353
75121560
75118380
75121585
75120182
75122267
75123432
75819211
75156448
75125332
75123358
75124215
75124224
75127346
75127322
75125461
75126538
75128497
75126049
75128054
75128014
75128639
75126956
75129989
75131519
75130080
75130322
75130797
75133928
75830579
75830053
75830600
75135587
75137953
75138091
75137635
75138531
75137708
75138166
75138606
75139090
75139452
75139943
75140557
75140850
75840549
75840207
75841370
75840852
75146663
75148123
75146416
75148313
75147196
75844409
75844043
75844526
75844793
75845457
75845716
75150339
75151950
75150691
75153267
75153792
75154219
75154724
75155164
75155649
75156017
75156461
75157000
75157532
75157819
75158385
75158723
75159058
75160553
75160040
75161607
75163520
75163919
75164346
75164995
75164995
75167244
75166393
75166380
75166755
75167372
75167879
75168401
75168820
75169206
75169625
75170059
75170550
75173555
75872131
75871808
75205484
75174940
75873708
75208410
75177959
75175269
75178343
75178298
75177493
75177960
75876685
75210112
75177429
75179174
75179429
75878310
75878550
75878221
75881484
75882119
75882338
75882851
75214165
75187012
75185028
75187178
75187562
75187021
75189286
75885817
75190449
75189744
75188973
75189410
75189967
75191129
75192675
75191731
75191942
75192504
75194516
75894116
75893662
75894625
75894641
75894904
75196952
75199600
75199776
75198997
75200773
75199202
75899258
75899449
75899290
75899810
75900436
75903393
75903790
75204960
75208350
75206815
75206424
75206939
75207352
75907656
75907521
75907669
75209086
75211476
75210114
75208025
75210260
75210495
75210734
75212784
75213377
75211916
75216676
75215747
75215692
75216303
75216671
75916437
75219506
75219566
75218654
75218655
75218969
75219583
75219938
75220515
75220955
75221470
75222087
75925624
75925200
75926397
75925885
75926357
75255363
75226074
75927854
75255995
75928979
75928675
75929687
75259754
75231062
75228802
75229625
75231046
75930707
75931247
75931229
75934725
75934861
75935186
75935645
75236645
75238315
75238368
75234627
75237407
75938043
75938367
75939220
75939385
75939807
75940596
75269181
75241566
75942446
75272598
75241199
75945575
75946612
75275033
75245666
75947986
75947525
75948837
75948464
75949048
75949392
75277984
75249049
75250205
75250125
75249974
75250387
75250981
75251384
75251800
75250541
75253527
75255416
75255459
75957326
75258434
75256467
75257953
75259244
75960084
75959711
75960596
75960585
75960977
75961473
75289402
75963084
75963169
75962961
75963407
75264247
75262649
75266929
75265983
75266372
75266935
75267327
75267801
75268348
75268791
75269156
75269743
75270183
75270726
75271104
75270159
75270970
75271878
75272383
75978473
75978260
75978767
75979001
75278165
75279574
75280403
75278745
75280142
75279292
75279732
75280271
75280759
75281124
75281578
75282083
75282547
75989404
75989604
75989620
75990029
75990500
75990922
75991368
75991938
75992435
75993036
75993647
75994066
75994500
75995084
75995490
75294671
75294967
75298110
75296072
75298285
75296996
75298537
75295937
75299696
75299279
75299978
75299002
75299490
75300128
76005208
76004658
76005618
75332619
75303588
76007329
75335384
75302146
75305493
75307385
75306841
75307369
75307892
76013052
76013294
76012967
76013564
75308577
75311100
75310696
75310272
75310865
75311332
75311919
75312335
75312775
75315876
75316343
75316807
75317247
76044751
76044298
76045620
76045295
76045845
76046547
76046773
76047191
75342483
75345399
75344086
75345435
75344486
76053371
76052800
76053274
76053696
76054140
75350691
75352028
75352337
75350925
75351361
75383695
75353245
75351779
75350592
75351879
75352664
75353128
75353589
76060221
75389920
75359353
75357785
75357060
75359467
75360836
75359145
75359657
76066609
76066385
76067396
76067057
76067484
76068049
76068579
76069032
75391783
76070303
75394822
75365833
75367483
76074940
76075050
75400527
75369943
75369558
75369087
75370149
76077251
76078115
75402480
75371605
75371990
75373290
75371382
75374511
75371549
75374472
75373816
76081525
76081928
76081504
76084715
76085160
75408451
75379218
76087187
76086833
76088132
76087647
76088129
75381975
75384389
75383613
75383324
75384858
75383933
75384475
75384738
75384766
75387300
75388321
76096625
75421238
75390115
76097710
76098140
76097801
76098203
75392452
75393837
75392602
75394428
75393170
76101845
76101319
76101919
76102116
76102668
76105820
75427321
76106171
76106136
76107273
75399906
75402395
75400462
75401667
75402785
75402286
75402055
75402522
75402983
75401844
75405431
75405332
75404469
75405026
75405424
75405930
75409010
75409354
76118786
76118362
76119397
75409955
75412741
75411503
75411456
76121110
76120745
76121900
76121545
76121982
76122622
76123121
76123772
76126726
75418578
75421160
75419401
75421418
75420346
75420799
75421215
75421730
75422119
75422624
75421110
75422553
75424918
75424129
75424594
75424921
75425248
75425492
75426159
75428959
75428074
75429139
75427167
75429049
75430000
75429137
75430898
75430848
75431295
75433298
75432510
75432344
75432934
75433347
75433838
75434292
75434804
75435231
75435782
75436158
75439289
75439637
75439811
75442927
75440618
75441936
75441451
75442728
76152513
75441189
75442692
75444617
75443367
75442207
75444822
75444788
75446511
75443733
75445187
75446449
75445357
75446027
75446161
75446646
76160569
76160223
76161316
76161157
76161496
75453843
75454232
75452788
75454319
75453514
75453882
76165306
76165809
75483900
75455156
76166828
76167302
76166993
76170114
76170542
75460535
75462406
75460976
75462889
75463631
75462138
76174104
76173645
76174474
76174402
76175322
76175586
76175889
75465629
75467872
75467972
75467222
75469633
76181684
76181815
76181865
76182385
76182871
76183470
76183926
76184398
75473478
75474289
75476287
75475015
75476528
75475439
75476145
75476579
75479587
76192431
76192759
76192383
75481189
75481352
75483998
75482730
75484725
75483109
75483600
76196637
76197063
75515218
75485333
75485001
75485512
75487264
75486374
76201916
76202209
75490117
75491734
75492264
75489793
75491118
75492521
75491765
75493619
75492440
75495004
75495243
75493729
75494118
75494606
75495019
75495606
75495998
75496483
76212736
76213050
76212976
75501835
75503121
75503563
75503984
75502398
75502869
75503296
75503715
76218039
76217812
76218956
76218583
76219028
75506635
75507771
75511899
75511502
75512075
75511048
75511522
75511986
75512573
75511480
75515338
75515269
75513721
76228355
76228000
76228920
76229128
76229407
76229856
75516642
75519525
75522341
75522258
75522949
75521285
76236475
76236133
76237368
76237029
76237462
76238038
76238734
76239030
76239424
76240202
76240444
75529508
75531925
75532166
75531722
75530906
75531438
75531926
75532315
75532779
75531836
75535067
75532548
75534714
75535548
75534341
75533635
75534137
75535138
76250940
76251196
76250932
76253995
76254643
76255088
75540871
75542072
75543718
75542534
75542419
76258541
76258501
76259114
76258933
76259461
75575219
75544104
75546348
75544846
75546760
75548418
75545714
75547751
75547255
75554107
75552706
76269144
76269576
76269336
75583111
76270883
75583607
76270953
76270843
76271636
76272054
76273022
76273131
76273488
75558582
75559653
75561230
75561664
75562664
75563090
75563579
75565199
75565010
75563550
75566929
75567336
75565744
75598943
75566607
75565475
75567390
75567556
75568081
75568329
75570556
75567031
75568602
75570906
76287115
76286515
76289652
76290012
76290497
76290971
75577243
75578213
75577904
76293631
76293976
76293570
75577771
75578042
75577815
75578133
75579299
75578721
75579270
75579299
75579964
75580405
75580917
75612010
76301146
76301101
76301790
75615331
75584410
75585286
75588418
76304378
76305017
76304657
76305051
75614539
75585433
76304755
76304419
76305692
75619135
75589258
75590523
75588949
75589389
75589496
75594704
75594441
75593358
75593884
75594498
75594996
75593327
75597376
75595035
75597169
75598107
75596922
75597485
75598014
76316979
76316397
76316931
76317264
76320547
75604119
75605699
75604931
75605869
75605013
75605415
76324658
76324132
76324583
76325095
76325479
76326308
76326300
76326807
76327425
76327932
75641138
76331906
76332078
75640588
76331321
76331564
76331829
75616086
75614969
75616333
75614562
75616841
75618343
75616803
75616031
75618355
75619579
75618318
75618744
75619184
75619580
75620187
75623407
75623820
75624295
75624746
75625257
75625697
75626082
75625041
75626751
75626927
75626185
75627536
75629272
75628480
76348696
76349087
75659469
76349738
76349436
76352973
76352759
75635021
75636430
75634846
75636809
75635513
75636052
75636506
75636922
75637338
75637802
75638325
75639652
75639253
75639305
75639906
75640008
75638737
75640937
75642479
75645813
75644068
76365300
76364705
75677578
75646288
75644955
75648104
75648015
75646902
75647404
75647919
75648492
75681194
75650557
76369312
75679729
75651235
75650347
76371677
76374781
76374496
76374788
76375179
75657304
75657405
75656616
75656333
75658833
75656025
75659075
75659054
75658099
75658539
75658938
75659532
75659856
75661118
75662527
75662907
75664153
76386209
76385921
76386308
75696898
75666474
75665425
75668656
75666072
75668482
75666576
75668420
75668350
75667465
75669001
75670700
75669758
75670239
75670703
75671167
75670436
75673310
75674597
75675331
75674452
75676286
75676182
76398990
75676004
75676265
75678434
75679276
76400791
75709530
75679374
76401047
76401232
76401634
76402085
76402503
76403022
76403550
76406865
76407308
76407842
76408479
76408640
75689248
75689311
75688409
75688267
75688693
75689259
75689798
76413342
76413486
76413187
75691539
75693956
75693735
75695641
75695751
76419417
75729039
75696972
75698588
76420796
76420489
76420871
75728625
75698220
75697437
75700582
75698781
75700670
75700681
75698869
75701560
75700314
75700610
75704425
75704298
75702853
75705933
75705048
75705323
75708578
75705763
76429743
75709469
75708805
75706957
75710037
75707375
75708869
75710557
75709629
76434336
76433891
76434749
76434602
76435088
75740721
75713274
75712669
75711916
75713668
75715068
76441050
76440575
76441786
76441597
76442018
75747581
76442455
75750191
75720767
75720893
75721939
75721932
76445484
76445254
76446316
75725275
75722399
75723825
75724991
75723468
75723932
75727081
75727572
75726259
75729795
75729023
75730483
75729386
75730957
75729834
76455325
76454949
76454386
75758305
76455753
76455408
76455695
75732089
75734480
75733287
75734821
75736447
75736708
75738230
75739471
75738014
75738557
75737264
75739951
75740779
75739875
76465859
76466091
76465955
76466336
75742148
75744525
75744461
75744554
75743434
76472338
76472053
76473288
76472837
76473374
76474009
75777743
75750671
76475941
76476269
76475845
76476389
76477008
75753213
75754622
75753270
75753316
76480062
76482217
76482718
76483035
76483469
76483986
75760959
75760947
75760465
75760213
76487054
75792526
75762662
76488016
76488330
76488077
75765131
75761928
75764327
75763890
75763960
75767139
75767712
75768203
75768780
75769425
75769946
75770437
75770874
76497990
76498318
76498213
76498720
76499294
75802529
76499592
75775627
75775277
75774174
75774455
75774932
75777826
76505457
76505105
76506455
76506071
76506388
76506898
76507461
75809789
76509069
75813562
75780408
75782863
75784457
75782903
75783333
75784461
75785511
75784388
75784879
75787663
75789106
75788989
75787804
75788020
75788701
75789657
76517865
76518416
76518067
76518461
75820555
76519008
76519994
76520253
75794314
75795839
75796080
75796453
75794976
76525989
76526564
75828738
75799335
76526920
76527408
75829939
76528718
76529207
76528858
76529354
76529876
76530278
75805032
75804962
75805202
75804003
75802108
75804682
75802609
75805086
75808577
76536274
75810361
75810801
75809394
76538939
76538613
76537908
76538388
75810795
75813140
75813696
75812254
76541630
76541907
76541651
75813937
75816231
75815420
75817484
75818113
75818446
75817355
75820722
75820137
75819590
76548305
75821770
75821739
75820745
75819599
75821588
75823132
75822231
76552482
76552711
76552498
76552866
76553294
75826741
75829407
75830118
75828611
76558690
76559109
76558853
76559274
75830636
75833053
75833034
75832850
75833675
75832812
76563154
76563574
76563208
76563720
76566905
75838840
75838304
75840449
75839369
75840693
75839902
75840270
76571328
76571083
76571617
76571691
76572106
75842663
75845069
75845599
75844031
76575212
76577500
76577905
76578185
76578712
75849951
75851347
75850194
75851639
75850752
75851216
75851602
75851544
75851277
75851573
75852913
76584716
76585017
76584550
76587892
75857697
75859874
75860421
75858925
75859249
75859710
75860311
75860734
75861318
75861703
75862201
75862518
76594788
76594561
76594749
76595017
76598220
75867954
75870327
75868839
75869536
75869431
75870005
76602345
76602676
76602273
75871640
75872797
75874708
75872082
75872359
76603721
75875026
75874666
75906375
75875692
75874223
76609442
76610240
75906283
76610050
75908560
75876982
75879472
75879534
75912606
75880747
75879532
75883232
75881638
75881478
75881891
76614947
75913678
75883370
75915412
75884353
75881587
75884476
75884463
75885039
76620992
76621469
76621235
75888238
75891143
75889986
75890075
76623627
76624040
76623616
76624152
76624542
76625002
75893958
75896041
75895705
75894209
76627961
76630289
76630828
76631053
75900994
75901900
75899085
75900362
75901343
75899828
75900432
76634491
75932140
75901556
76634868
75932231
75902995
75901854
75903854
75902577
76637208
76637902
76637701
76640992
76641529
75937406
76642605
76642917
76643296
76643618
76644172
76644733
76645283
76645806
76646264
76646929
76647246
75914348
75916714
75915065
75916606
75918366
75918659
76653745
75952080
75920394
75920179
75920653
75921135
76655722
76656661
75952866
75923831
75955957
75923482
75923450
76658655
76659105
76659047
76659121
75928424
75928869
75928669
75929988
75931031
75929987
76664640
75960496
75931272
76666527
76666797
75960346
76666824
76667031
76667483
75935595
75932555
75933767
75934189
75934776
76670623
75966160
75936148
76674104
76674406
76674300
75940108
75940862
75941846
75940008
75943133
75943133
75942250
75974864
75943795
75943181
75975362
75944744
75944100
76680380
76679812
76680176
75947685
75945779
75946335
75950471
75949618
76685975
75981239
75951107
75982103
75952318
75950549
76688188
76687806
76688969
76688793
76689069
75954133
75956478
75955021
75955254
76692022
76692414
76694691
75959451
75961796
75960393
75961835
75960883
76697963
76697827
75992027
75961305
76699577
76699103
75992675
75965149
75962293
75964505
75963716
75964063
75997209
75964892
75967781
75966323
76704672
76000914
75969488
75970699
75968169
75967879
75970195
75969549
75970568
75972035
75973530
75972497
75970676
75973291
75972754
76710342
76710542
76002006
76710676
76006008
75976321
76712678
76006097
75977435
76713896
76008647
75975911
75978940
75981419
75980518
76718499
76718243
76718952
76719078
76719550
76720172
76720593
76012919
76722213
76721915
76722110
75985579
75987945
75986608
75986582
76725153
76022803
75992439
75990877
76729100
76729740
76729339
76729626
75994893
75995169
75995617
75993974
75994516
76733374
76733273
76733143
75998054
75996494
75998257
75997212
76738814
76739121
76738771
76001427
76003844
76002377
76003811
76002947
76742289
76741897
76742265
76742656
76007235
76005490
76007192
76006312
76745728
76745731
76748235
76748643
76012049
76013437
76011884
76013698
76012814
76013418
76753003
76752917
76752781
76753763
76753877
76754427
76754771
76755085
76019040
76019374
76018470
76021281
76021137
76020958
76760802
76053909
76022475
76020666
76022931
76022980
76763091
76763531
76763061
76025624
76027170
76022936
76026442
76025787
76766206
76766092
76059203
76026222
76028303
76030375
76770932
76063729
76032032
76771216
76772498
76771910
76772394
76035602
76035685
76036301
76032939
76035905
76035164
76776089
76776396
76066113
76036537
76035860
76037561
76037623
76781351
76781604
76070869
76041698
76782564
76783009
76782721
76783139
76043764
76046058
76043237
76045390
76045944
76045153
76786590
76787030
76046684
76048195
76046711
76048347
76050073
76050731
76792310
76791969
76792425
76792868
76793300
76793856
76054039
76056456
76054845
76056440
76797016
76796583
76796900
76797471
76797820
76060394
76062739
76061093
76063520
76061979
76804008
76803696
76804853
76804651
76064083
76066500
76065742
76065150
76807590
76808068
76807671
76808021
76069263
76069395
76072627
76070939
76071376
76813960
76814499
76814150
76074139
76075490
76073896
76075683
76074665
76075662
76074952
76074380
76076588
76077444
76819129
76818701
76819280
76108222
76822767
76822517
76082302
76083797
76082217
76082409
76825596
76826071
76825394
76085080
76086475
76085056
76085043
76828354
76828682
76828432
76828958
76829413
76090411
76092756
76092768
76091982
76090538
76092033
76092247
76835651
76835831
76835954
76836443
76096392
76096506
76097071
76095581
76095943
76840037
76839632
76840176
76129001
76844108
76843758
76101433
76102429
76102803
76103918
76102557
76845760
76105344
76105634
76104045
76848383
76134988
76103912
76848099
76848900
76849238
76108598
76108647
76109261
76107621
76854954
76854458
76855437
76855592
76856012
76856274
76113480
76115897
76114539
76115062
76114987
76859938
76148275
76114800
76116127
76116453
76116562
76117049
76118857
76117724
76865615
76865246
76866259
76865974
76866509
76125050
76125349
76125677
76124045
76125614
76124454
76123789
76125370
76125327
76869194
76870384
76870540
76871100
76127193
76129589
76129829
76133016
76131639
76132052
76877837
76878209
76877850
76878360
76135255
76136664
76135173
76136727
76135757
76136079
76136607
76137098
76883143
76883632
76885709
76886228
76886992
76142319
76143404
76144899
76145402
76143803
76145710
76144734
76145096
76145610
76892221
76891860
76891949
76148278
76149564
76148268
76150919
76897443
76897518
76897471
76154522
76152836
76153207
76899776
76899873
76154505
76156871
76155561
76153102
76157419
76902537
76902350
76902513
76902945
76157675
76160037
76160980
76158969
76160488
76160827
76160888
76162379
76162417
76909525
76909638
76192745
76162923
76164117
76164392
76164817
76162913
76166456
76165740
76913273
76912820
76913551
76913759
76914306
76917533
76917721
76173870
76172152
76174059
76173065
76920705
76920734
76920784
76921172
76177074
76175462
76175614
76922824
76923229
76176805
76178877
76178675
76177781
76928537
76928399
76928761
76929082
76929742
76930148
76930576
76186074
76185942
76186023
76186504
76932442
76187719
76186070
76187768
76935109
76934709
76935229
76937980
76193116
76192141
76193444
76193912
76192344
76192733
76193269
76193699
76194200
76194722
76195737
76196578
76944134
76944452
76944100
76944528
76199197
76199445
76199924
76199348
76201432
76202962
76202045
76951547
76951160
76951979
76232314
76204411
76234457
76204657
76952662
76952780
76231905
76953308
76236879
76207056
76205890
76205600
76205680
76206689
76209742
76209004
76210597
76960312
76244101
76213585
76212148
76210730
76212694
76213614
76210722
76214099
76215320
76212440
76214185
76213237
76213613
76214809
76214354
76216449
76216059
76965407
76966061
76966232
76217811
76220228
76218747
76221419
76221883
76222412
76972575
76972954
76973023
76973148
76973586
76224713
76227831
76227187
76225923
76226373
76226902
76977472
76977322
76977613
76980954
76980910
76232186
76234071
76234167
76233122
76983936
76984525
76984127
76984738
76984848
76237546
76236016
76237626
76987335
76987488
76987599
76987719
76240341
76241428
76243239
76242068
76993505
76993341
76993517
76994033
76246452
76245028
76244941
76996707
76996963
76274772
76246147
76245539
76246108
76247077
76998514
76998504
76282127
76250194
76252173
76250765
76253890
76251435
76253715
76255073
76253454
77005604
77005884
77005583
77005988
76257817
76254555
76253653
76256196
77008105
76287887
76256042
76257116
76259267
76259195
76257057
76259303
76257904
77013119
77013423
77013874
76295725
76262815
76265286
76264369
76264782
76265308
76265683
76266222
76266737
76267228
76267742
76268196
76268636
76269038
76272132
76272661
76273128
76273517
76273991
76274506
76274306
76275595
76276540
76275471
76275006
76277131
76275399
76276761
76276938
76277000
76279507
76277912
76278417
76278884
77034648
77035160
77034709
76314981
76284863
77035314
77036392
76284230
76286665
76284573
76283910
76284324
76285492
77039067
76285175
76285559
76288740
76288332
76287526
76287651
76288640
76289162
76288720
76289310
76292377
76292627
76294833
76292094
76295195
76295927
76294270
77048192
77047929
77048576
77048630
77049287
77049823
77050292
76327514
76299421
77051643
76330285
76298703
76299454
77056518
76301110
76305141
76303528
76304067
77058622
76302926
76304415
76306900
76306026
77060480
76339394
76308845
76307358
77062089
77061943
77062002
76309116
76311475
76311788
76314903
76311900
76315432
76315788
76314244
76314582
76315046
76315537
76314726
76316266
76317869
76316872
77072083
77071560
76350053
76319322
76318801
76319388
76319705
76321846
76325116
76323755
76322556
76323056
76325310
76326521
76323812
76327118
76327432
76325967
76326379
76326806
76327284
76327769
77083476
77083065
77084135
77083972
77084417
77087566
77087960
77088483
76335320
76336743
76337651
76336243
76335792
77091955
77092280
77092097
76337598
76339913
76340215
76340847
76339132
77095402
77095077
77097943
76344298
76345680
76345869
76346314
76344845
77101340
77101780
77101479
76374296
77102290
77102395
76374527
77103331
77103605
77103909
76376054
77104448
77105298
77105611
76381862
76352329
76354333
76355215
76354236
76354792
77111034
76386829
76356690
76356552
76356292
76357495
76358976
76357411
76357872
76359731
76358881
76360689
76361258
76359881
76361200
76364658
77119249
77119855
77120349
76366634
76366642
76367357
76365642
76366235
76368040
77124144
76399242
76369508
76367766
76368404
77126271
77125806
77126990
77129203
77129662
77130335
76404722
76374430
77132252
76408111
76376891
76375823
76376386
76375586
76377671
76377547
76376843
76379818
76380485
76378869
76379384
77137714
77137245
77140546
77140807
77141300
77141668
77142292
77142748
77143410
77143723
77144338
77144834
77145293
77145670
76390689
76389016
76390755
76389776
77148653
77150952
77151797
77151725
77152204
76394832
76397492
76394371
76398207
76397527
77154807
77155209
77155097
77155583
76399143
76400528
76400615
76401207
76399639
76400342
76403323
77162827
77163131
77162688
77163560
77163663
76407887
76407950
76408703
76407090
76407479
76407970
77167791
77168112
77167570
77167998
76411992
76412007
76414829
76413661
76414186
76414636
77174609
77174913
77174598
77175105
77175665
77176113
76418668
76420128
76420068
76419505
76419140
76419669
77180068
77182420
77182894
76453441
76423014
76423054
76423969
76424025
77185093
77185933
77185431
76426560
76428977
76427543
76429379
76428166
77188971
77188684
77189249
77189296
77192459
76433321
76435711
76434274
76433142
76436291
76436177
76435416
77196497
76468076
76438055
76438297
76437564
76437809
76439730
76438931
76439395
77199125
77200266
77203116
77203612
77204253
77204673
77205078
76447235
76445644
76447342
76447745
76446932
76447355
76447819
76448454
76448750
76450633
76451073
76450070
76453225
76453764
77215369
77215529
77215937
77216404
77217086
77217264
76456889
76459010
76459140
76459255
76458391
77220668
77220441
77221526
77221276
77224266
76463740
76465906
76464473
76465969
76464966
76466836
76466023
76467781
76468309
76466782
76467232
76465347
76469443
76466838
76468453
76468574
77231507
76500768
76470625
76469896
76472952
77236088
76506704
76475119
76473037
76474769
76474841
77237490
76507837
76475119
77238159
77238463
77239125
77239583
77240170
77240482
77241010
77241566
77242108
77245308
77245750
76485955
76484285
76486600
76485035
76485462
77248513
77249076
77249145
77249614
76489635
76489951
76490341
76488551
77252760
77252714
77253383
77255580
77256192
76494869
76496227
76494971
76496950
76495430
77259624
77259285
77259691
77260136
77260735
77261332
77261636
77262222
77262692
76530337
76499884
76499376
76504334
77267662
77267404
76536804
76505803
76506180
76506620
76505654
76507435
76507991
76507114
77270975
76509986
76508574
76509827
76507799
76509150
76510900
76509962
76513131
76514255
76515319
76515704
77279156
77279017
76547787
76517530
76517336
77280330
76518704
76517391
76518746
76517941
77281871
77282468
76547370
77283513
77283649
77283363
77286502
77287013
76525242
76522040
76524502
76524704
76524715
76525217
76525589
76526662
76526488
76527804
76526951
76528759
76527783
76526998
76531237
76530456
76529411
76529926
76531481
76533074
76534277
76533713
76533084
76535549
76532893
76534735
76537240
76535648
76537378
76536426
76537051
76538859
76537972
76538385
76538888
76540195
76541300
76541113
76537955
76540755
76543342
76544651
76545058
76545737
76544925
77311640
77311662
77311948
77312342
77312916
77313190
77313806
77314192
77314693
77315198
77315739
77316302
77319429
76554069
76556360
76555047
76556362
77322287
77321830
77322633
77323138
77323142
76558724
76559970
76560884
76560670
76559102
76559628
76559945
76560613
77330764
77330391
77330890
77331254
76565477
76567362
76567954
76567727
76566799
76567239
76567730
77335663
77336055
77335703
76570404
76571690
76570226
76571835
76573407
76573871
76573862
76575055
77341193
76576526
76576933
76575553
77343907
76608734
76578246
76577085
77345556
77345215
77346701
77346490
76607884
77347695
77348173
77347813
77350687
76583924
76584264
76586825
76585882
76585204
76585232
76586388
76586642
76587910
76587680
76586681
76587812
76586385
77356210
77356008
77356893
77356921
77357482
77357774
76618815
76590766
77362152
77362174
77362717
76623296
77363163
77364336
77363932
77364519
77364819
76599323
76596106
76595632
76596981
77366603
77366136
77366904
77366904
76600299
76601555
76601687
76604384
76604656
76605035
76604168
76605936
76606451
76605510
77375429
77375800
77375437
77375906
77376453
76608131
76610548
76608619
76609942
76609960
76611076
76614231
77383071
77383450
76645905
76614301
76615505
76614540
76615408
76615255
76614206
76615300
76615932
76613974
76617028
77386123
77386296
77386701
77387336
77387801
76647372
77388534
77389263
77389375
77389871
76623484
76625829
76624008
76625160
76626063
76625213
76625701
76626117
77397090
77396591
77397781
77397452
77397898
76630733
76630775
76630796
76629700
77400884
77400532
77404004
77404111
77404606
77404926
77405317
76635780
76638148
76637632
76636874
76637338
77408192
77408946
77408915
77409227
76641451
76639888
76641429
76640477
76643557
76644072
76644621
77416542
77416870
77416467
77416943
76648882
76649069
76648212
76649362
76648420
76648901
77420713
77421220
77421436
77421567
77424441
77424969
76654500
76656938
76654600
76653360
76655938
76655504
77427871
77428086
77427984
77428533
77429063
77429301
77429880
76660059
76661410
76659943
76661439
76660597
76664973
76663997
77436770
77436581
77437451
77437272
76666165
76668698
76669464
76669267
76667651
77440820
76699700
76669721
76668909
77442109
77441720
76701566
76671612
76673431
76674389
76672834
76673126
76675208
76673395
76673146
76675296
76674081
76675737
76675964
77447884
76708125
76676902
76676898
76675712
76679294
76677878
77451433
76676849
76678890
76679847
76679461
76680777
76681591
76680375
76681627
76683467
76685329
76684275
76686260
76685257
76684517
76686792
76685111
76688185
76688490
76687263
76687676
76688191
77462343
77461977
77462923
76718720
76690605
76689487
76691691
76692536
76695602
76694749
76696575
76697036
76695968
76696329
76697497
76697943
76699217
76699031
76698401
77472732
77472509
77473306
76729214
76699260
76701213
76702155
77475579
77474957
77478391
76705107
76707473
76707505
76704788
76706547
76707950
77481598
77481299
77482497
77482200
77482451
76709975
76711261
76708340
76711723
76711197
76712178
76710820
76712143
76712435
76713467
76713488
76715059
76715510
76716922
76717137
76716411
77492036
77491625
77492100
77492609
77492936
76721213
76721245
76721973
76720357
76720896
76722691
76746099
77522097
77524211
77524707
76750419
76752901
76752930
77525770
76753744
76752482
76753848
77528587
77528283
77528803
77529262
77529472
76754974
76757498
76757737
76756271
77532556
77534874
77535362
77535751
76763145
76761565
76763007
77538194
77537893
77538360
77538575
77539105
76766275
76764659
76766180
76765218
77541965
77542344
77541906
77545391
77545773
77546411
76771117
76771703
76773464
76774080
76772461
76771675
76772963
76770834
76775393
76772270
76775817
76773184
76775409
76776264
76774147
76777156
76776647
77552140
76778657
76777535
76777143
76781528
76780549
77556341
77557128
77557575
77558070
77558474
76784767
76784796
76785292
76785253
76782895
76783734
76783378
76785040
76786941
77563299
77563508
76816537
76786834
77566798
77567108
77567793
76821989
76790482
77568797
77569174
77569242
77569738
77570391
76794031
76796376
76793322
76794759
76796447
76794507
76794993
76794898
76795537
76798128
76797080
76800307
77578608
77578459
77579579
77578984
76802283
76804700
76803027
76805379
76803862
76804323
77582819
77583323
76836694
76806134
77583110
77584341
77584365
77587460
76812508
76812448
76812544
76812980
77590336
77590461
77590389
77590885
77591313
76814184
76816257
76814541
76815662
76816555
76816927
76815760
76816182
76817190
76817356
76818460
76817998
76817573
76820443
77599861
77599542
77599890
77600458
77600866
77601413
77602092
77602440
77602780
76826987
76825506
76825425
77605413
77605112
77605623
77606023
77608967
77609527
76859690
77609476
77610286
77610897
76861614
76833377
76832088
76834561
76835224
76835664
76834787
77615035
77614689
77615364
76836487
76838832
76837194
76838523
76839867
76842387
76842683
77621870
77622174
77621661
76871214
77622313
77623589
77623344
76844535
76846901
76845403
76844264
76846893
76844619
76845034
76846553
77626984
77627268
77627005
76876489
77628620
77631172
77631252
77631929
77632397
77632634
77633327
76883408
76853306
76853228
76854679
76854933
77636167
77635812
77636167
77636581
77637051
76857370
76860102
76858780
76860399
76860887
76861392
76860719
76861174
76863150
76862610
76860923
76864538
76862898
77645585
77645835
77645486
76895349
76866983
77647441
77647211
77647725
76867502
76869847
76868318
76869189
76873043
76873022
76872097
76872701
76873073
76873759
77655814
77656179
77656071
77656327
77656876
77657273
77657770
76879191
76877614
76879131
76878319
77663396
77663728
77663406
77663763
76883039
76885384
76883814
76885495
76884420
76884860
76885245
76885750
76886302
76886742
77669667
77669974
77669424
77672565
76893469
76893301
76893477
76892573
77675854
77675448
77675942
77676202
76896810
76895412
76895396
77678652
77678564
77679524
77679548
77679983
77680219
76900520
76901823
76901957
76902547
76899684
76902856
76902671
77686359
76935145
76905266
76904257
76904660
77688343
77688807
77688250
77688707
76908744
76908999
76909040
76907790
77691921
77694169
77694867
77694915
77695641
77695998
77696376
76916001
76914678
76916170
76915219
76915864
77700150
77700492
77700166
77700611
76918011
76920428
76918970
76921731
77706069
77706053
76949950
77706020
76953763
76923959
76922468
76925997
77708942
76956516
76926505
76924330
76927277
76927327
76925227
76926629
76928351
76927409
76929279
77712906
77712577
76930442
76934103
76933780
76932852
77717556
77718209
77717856
77718356
76934758
76937128
76935647
76937215
76937655
77721447
77720829
77721434
76937878
76940193
76940146
76943576
76941810
77727482
77727053
77727597
77728029
77728546
76946371
76944866
76946584
76946976
76945973
77731933
77731456
77732040
77732361
77732687
76950363
76953131
76951504
76952751
76953606
77738457
77738177
77738606
77738985
76956574
76956514
76955725
76955272
76956684
76957563
76956317
76957612
76958679
76957510
76959582
76956097
76960109
76960088
76961902
76962291
77749014
76996045
76962711
76963780
77750436
76963267
76965376
76965561
76965691
76967759
76966153
76966681
76967959
76967252
76969067
76968023
76968449
77755529
77000124
76968455
76971766
76974493
76973234
77760020
77006631
76974905
76975891
77760891
77761306
77761668
76978146
76976497
76978907
76978635
76977493
76978975
76976650
76978639
76978773
77766515
77766263
77009906
76980734
76982493
76983428
77771073
77771438
77771372
77014295
76984352
77772485
77772762
77013482
77772691
77772858
76987478
76989823
76989859
76986183
76989204
76990594
76988226
76989699
76991591
77780651
77780704
77780824
77022395
76995202
76994009
76996039
76996990
77784006
76994150
76997510
76996833
76995967
76996875
76999028
76996523
76998368
76999987
76999025
77001228
77001338
77001565
77002028
77003675
77791158
77006127
77004961
77006193
77004524
77006274
77007102
77003825
77007663
77795017
77038769
77008807
77796579
77038838
77008713
77796461
77009227
77008466
77008586
77010888
77008852
77011228
77009955
77798597
77802002
77802583
77015223
77017691
77017733
77018438
77018184
77806254
77805759
77806361
77017075
77018901
77019944
77019205
77019618
77809216
77052552
77018224
77021215
77809556
77812330
77024070
77026720
77026013
77027396
77025845
77815749
77816146
77815590
77816019
77029696
77030154
77028586
77818453
77818564
77030919
77032462
77030687
77032364
77034114
77034411
77034028
77035050
77825287
77825410
77825480
77825741
77826238
77039692
77039718
77040012
77038933
77829158
77829269
77829176
77830131
77830302
77072704
77834503
77834886
77834426
77834844
77045721
77048447
77048510
77048462
77838025
77080330
77047965
77047573
77048604
77839587
77839361
77840139
77840372
77840599
77052284
77053621
77054708
77056351
77054143
77056474
77057545
77056343
77847400
77847752
77847657
77848228
77848592
77060863
77061231
77059612
77851308
77851462
77851174
77851498
77063607
77064886
77063648
77066728
77066707
77064420
77066226
77067749
77066743
77067193
77859169
77100683
77068683
77067520
77069030
77069089
77860899
77860934
77861257
77099729
77069466
77073116
77863262
77866206
77104567
77074327
77073951
77074910
77075206
77867284
77868119
77868273
77868949
77106601
77869692
77870755
77870850
77109245
77079919
77079136
77081089
77872257
77873004
77083584
77083183
77876431
77087211
77085418
77878063
77877796
77087625
77089157
77086364
77088565
77089763
77088219
77881251
77881678
77881312
77090685
77090320
77090472
77089975
77090746
77090417
77090596
77091955
77092240
77887643
77125927
77094875
77888797
77889442
77126309
77890277
77890715
77097893
77099895
77100390
77098924
77099310
77099937
77893387
77893726
77893461
77894071
77894343
77105140
77107571
77106079
77107797
77899850
77900013
77900212
77900836
77901231
77901748
77111368
77110058
77111397
77110431
77904055
77904133
77112463
77113954
77114234
77116743
77909818
77910095
77145024
77114993
77116793
77909988
77911318
77910966
77118329
77120692
77118684
77118292
77118423
77118721
77121192
77120332
77914839
77915291
77914940
77915466
77125233
77127592
77127703
77127918
77126958
77921478
77921440
77921577
77922054
77130733
77129456
77130762
77129885
77924771
77925045
77159846
77131384
77130841
77160021
77926327
77162454
77134117
77930672
77931118
77166282
77134680
77136578
77136506
77138639
77135859
77137810
77138595
77934011
77171854
77141659
77139058
77139158
77139911
77140672
77936165
77936653
77936355
77936756
77144738
77143387
77143473
77145273
77146846
77147094
77943006
77179776
77149490
77943936
77943951
77944010
77944668
77945213
77945736
77178953
77947113
77947397
77947211
77947744
77948176
77153515
77156007
77157611
77158802
77953807
77953442
77953861
77159125
77161470
77159797
77161458
77161884
77957215
77957079
77957298
77957756
77958189
77163806
77165023
77165047
77168093
77167179
77167694
77964308
77964788
77964757
77170563
77171747
77172054
77170551
77967783
77968135
77199719
77967733
77968088
77173709
77175148
77173835
77173768
77176896
77176143
77176220
77177654
77176623
77179097
77176339
77177157
77178197
77975477
77975677
77975629
77976057
77182369
77180909
77179683
77180580
77180502
77978954
77979333
77212454
77182775
77979908
77218357
77187703
77187055
77186507
77190397
77190143
77188827
77986709
77188368
77191802
77190135
77987942
77988028
77988116
77191798
77194157
77191219
77191361
77192678
77192971
77991291
77991766
77993905
77994398
77199838
77198491
77198424
77996822
77997150
77996909
77200326
77202692
77200989
77202482
77200381
77200742
77202183
77202293
78001085
77234685
77204809
78002447
78002585
77233803
78005238
78005363
77209453
77210670
77209823
77210812
77211429
77210552
78009505
78009330
78009481
78009869
77214407
77213121
77213081
78012153
78012697
78012309
78015413
78015846
77220297
77220077
77220352
77220894
78018830
78019080
78018797
77221032
77223436
77221958
77222158
77221171
77223544
77222948
78022806
78022815
78022859
77254102
78027003
77259264
77229414
78027781
78027771
77229352
77231697
77230360
77230357
78030627
78030414
78030512
78031051
77232525
77235014
77233598
77233603
78034080
78034411
78036886
78037264
77239691
77240916
77241292
77239679
78040281
78040684
78040291
78040817
78041235
78041718
77243793
77245151
77245458
77243859
77243006
77246347
77246688
77243784
77249743
77248130
78049203
78049427
78049240
77277406
78050300
77282599
77250419
78051051
78051129
77280881
77251894
78053070
78053226
78053175
78053759
78054332
78054677
77254917
77258745
77258737
77257178
78057901
78057469
78057005
78057416
78057037
78056954
77259237
77257400
77257047
78058079
78057871
78056871
78056959
77257912
77259094
77258011
77256802
78057636
78057476
78056503
77256702
77258670
77258594
77256597
78057290
78057469
78056533
78056334
77258603
77256909
77257795
78056590
78056355
78056231
77258500
77256868
77256283
78057131
78056454
78056531
78056122
77258340
77258219
77257532
77257516
78057245
77288125
77256385
78055769
77286545
77255994
78056542
78055995
77255747
77257951
77257603
77257075
77255766
77255713
78056745
77287503
77255689
78056888
78056223
77255455
77257963
77256023
77255610
78056557
77288291
77254766
78055790
77285446
77255716
77287888
77255591
77257385
77256143
77255706
77256550
77255629
78056634
78056600
78055590
78055676
77256754
77257977
77257969
77255737
77255937
77257141
77256804
77257957
77257839
77257127
78056631
78056146
78055674
78055564
77257768
77255786
77256909
77256934
78056099
78055319
77255683
77257347
77256839
78055537
78055161
77283825
78054509
78055102
77255241
77257226
77257139
77254810
78055842
78055425
77285051
77254116
77253620
77255081
77254807
77253698
77256748
77256271
78055646
77287184
77256825
77254780
78055740
78054822
77286541
77254584
78055440
78054871
78054455
78054371
77256712
77256587
77254549
78055578
78055397
78054570
77254404
77256732
77253586
77257502
77256272
77254850
78055984
78055688
77256587
77253458
77255021
77253869
77256898
77257167
77254119
77257426
77255241
78055938
78055880
78055384
77256336
77257583
77255937
77256707
78056035
78055851
77284593
77255482
78055831
78055511
78055559
77283037
78056167
78055804
78055442
78055391
77283783
78054726
77286292
77254170
77255534
77255494
78055606
78055487
77256541
77254429
77255503
77256422
77255629
78056038
78055423
77256341
77257537
77255960
77255364
78056092
78055563
77256275
77257508
77257360
77255216
78055909
78056214
77284222
78056149
78055899
77285764
77255935
77254235
77256523
78055292
78055416
77255395
77257524
77257389
77255245
78055885
78055717
78055023
77255121
77257234
77255839
77255007
78055596
78055436
78054940
77254997
77257061
77256020
77256239
78055668
78055108
78054627
77256982
77255264
77254703
78055447
78054719
77255607
77256643
77256511
77254364
78055236
78054706
78054279
77255303
77254424
77254274
78054770
78054215
78054027
77256296
77255535
77254056
77255217
77252779
77256279
77253202
77254499
77254114
78054405
78054371
77254218
77256190
77256270
77254348
77254197
77254793
77254365
77254302
77253636
77254312
77256441
77255933
78055504
78055311
78054522
77255559
77256557
77256114
78055364
78055118
78054434
77255165
77256403
77256251
77254209
78054735
78054122
77255020
77256200
77256096
77253887
78054431
78053863
77253916
77255994
77255986
77252347
77254812
77251605
77253466
77254011
77252442
77253914
77253408
77254007
78054061
78053858
77254990
77256019
77255153
77253855
77253237
77252974
77282889
77253174
77252817
77255095
78053812
77283328
77254495
77253142
77254254
78054092
78054048
78053326
77280790
78052636
78053176
77281123
78052449
78052177
77253321
77253451
77253311
78053821
78053394
77282342
78053424
78053270
77254090
77255279
77254355
77253223
78053859
77285081
77253560
78053687
78053124
78052873
78053245
77280489
78052907
78053266
78052777
78052757
77252886
77255213
77252750
77254374
78053494
78053387
78052669
77280956
78053679
78052868
77282148
77252847
78053265
78052999
78052602
78052450
78052673
77252617
77253247
77254655
77251556
77254531
78052746
77254824
77254449
77252846
77254338
77254294
77251290
77253241
77254216
78053907
77283667
77252002
78053452
78053167
77253084
77255153
77253206
77254301
77251636
77251958
77254140
78053517
78053538
77282510
77252554
78053206
77285185
77253284
77252695
77252676
78053500
78053455
78052516
77252423
77254008
77254503
77252448
78053031
78052860
78052189
77252208
77254412
77252582
77253796
77252347
77251885
77253197
77252812
77252355
78053151
78052236
78052052
78052008
78052014
77254362
77249717
77250846
77252462
77252072
78052686
78052539
78052190
77281785
78053043
78052344
78051856
77252743
77254082
77252459
77253359
78052560
78052832
78051738
78051839
77251858
77253830
77252054
77251705
78052676
78051589
78051516
77279225
78050935
78051973
77251707
77253895
77252106
77250432
77253574
77250659
77251547
77250778
77252014
78053001
77251889
77251999
77251983
77249954
77251028
77250925
77252349
77249774
77251556
78051883
78052116
78051648
77280427
77250190
77252507
78052544
78052537
78051721
78051677
78051879
77280786
78052342
78051825
77251906
77253984
77252430
77252078
77250581
77254496
77253340
78052717
78052369
77279686
78051063
77283133
77252055
78052746
78052471
77279130
78051787
78051055
77251061
77280110
78052119
78052031
78051833
77254034
77253888
77251679
78052690
78051663
78051540
77279650
77251568
78052744
77283487
77253115
78052693
77284150
77253870
77251918
78052883
78052648
77281363
77252289
78051800
78052211
77281239
77253197
78052792
78052703
77282798
77253040
78052604
78052465
78051477
77251411
77253616
77253508
77250278
77253554
77252827
78052223
78051595
77251432
77253449
77252897
78052407
78051974
78051235
78051125
77253364
77251307
77251132
78051577
78051495
78050912
77253165
77251060
77251108
77251047
78051854
78051517
78051063
77250952
77253003
77252885
77250936
78051787
78051712
78050851
78050713
77253033
77251203
77252290
78051817
78051691
78050683
77250798
77252900
77252929
77250772
78051752
78051616
78050845
78050661
77251629
77252918
77251152
77252088
78051605
78051537
78050584
78050747
78050424
77252700
77250783
77251759
77248890
77250466
77251632
78051213
77282624
77250025
77249222
77250031
78051073
77248787
77250336
77251417
77250094
77251236
77252063
77251506
78051098
78050688
78050014
77280036
77251402
78051045
77248674
77249933
77251345
78050748
78050179
77280188
77248847
77250065
77251043
77251418
77249910
77252852
77247490
77249160
77250357
77249428
77249409
77249785
77251154
77249688
77250953
77249666
77250739
77248879
77249120
77248939
78050214
77280869
77251152
77249741
78050637
78050565
78049779
77279062
78050678
78050658
78049669
77277110
78049508
78049017
77248789
77250942
77249782
77250945
78049396
77251665
77250805
77250864
78049510
77251830
77251195
78050742
77282513
77251838
77249841
78050961
78050678
78049833
77249894
77252068
77250982
77251126
78050667
78049584
77279226
77248488
78049334
78049207
77250132
77251400
77251309
78050098
78049709
78049146
77251517
77249711
77249304
78050295
77281733
77248106
77250411
78050396
78049603
77249427
77251580
77247909
77249860
77250759
78050515
78049514
78049351
78049527
77251613
77249912
77250590
78050046
78049785
78049251
77249371
77251457
77249613
77249278
78049822
78049839
78049087
77249141
77251201
77251039
77249209
78050053
78049818
78048963
77277205
78049657
77278605
77248016
77248855
77251028
77250999
77250449
77250423
78049203
77279216
77250468
78049921
78049422
78048786
77250847
77248805
77248573
77249421
78050066
78048988
78049245
78049036
77277294
77280885
77249532
78049644
78049037
78048896
77250278
78048233
77248867
77250969
77250776
77250225
78049691
78049513
78048615
77278512
77250182
78049808
78049062
78048818
78048849
78048654
77278010
78047923
78049256
78048386
77250706
77248916
77249942
77247285
77247954
77249144
78048241
77277152
77249839
78049149
77279999
77250099
78049661
78049429
78048538
78048482
77248602
77250787
77248899
77248865
78048652
78048743
78047908
78047855
78047653
77250045
77248156
77249285
77247880
77247623
77247918
77249235
78048694
77245756
77249026
77248397
77245600
77247030
77247728
78048637
78048450
78047706
78047570
78047535
77249913
77246160
77247046
77246267
77247147
77246667
77249509
77247633
77248724
77248264
77246392
77248027
77248974
78048648
77280682
77249750
77249060
77247446
77246767
78047510
77249881
77246707
77248912
77246717
77246861
77249167
78047822
77250717
77248113
77247655
77248343
77247272
77248860
77248436
78049260
78048752
78048218
78048331
77248051
77250522
77250228
77249923
77248179
78049012
78048635
78047920
77248073
77250253
77248793
77247937
78048732
78048287
78048005
77247947
77250100
77248064
77249173
78048552
78048018
78047726
78047659
77247593
77249730
77249451
77247516
78048364
78048350
78047419
77247334
77249596
77248583
77247414
78048519
78048035
78047323
77247291
77249516
77248465
77248684
78048286
78047374
78047255
77247284
77249437
77247535
77247163
78048229
78047834
78047048
77276085
78048062
78047616
78046901
77246753
77249012
77245715
77247080
77246773
78047248
78046816
78046628
77248846
77246960
77248099
78047739
78046827
78046707
78046691
78046479
77248940
77247126
77246592
78047621
78046675
78047558
78046876
78046362
77248682
77247434
77246530
78047432
78047436
77275549
78047293
78046461
77246276
77248327
77247327
77247641
78046724
78046232
77245978
77247988
77246122
77246413
78045900
77276406
77246303
78045894
77277004
77246395
77245243
78046296
78045306
78045186
78045119
78045130
77244875
77247028
77246728
77246412
77244768
78045613
77276866
77246184
77243785
77244630
77246354
78045943
77243207
77246731
77246150
78045741
78045584
78044512
77244655
77246870
77245624
77245914
78045598
78045362
78044315
77245319
77246347
77246253
77245423
78044674
78044343
78043860
77243748
77246096
77245951
77243510
77245366
77244873
78043942
78043632
77272335
77244829
78043645
78043343
77244482
77245648
77243287
77243935
77244783
78044430
78044257
78043311
77244475
77245706
77243886
77244690
78044258
78044046
77273575
77242292
77242937
77241649
77243628
77243111
78043553
77274368
77244408
78044204
78043310
78043139
77272204
78044145
78043922
77272070
78043280
78043158
77271683
77243326
78044172
78044022
77243433
77245637
77244235
77241900
77242602
77243458
77243691
77243647
78044633
78044410
78043760
78043772
77244812
77242338
77244566
77245020
77243540
78044327
78044369
78043410
78043706
77273314
78044250
78044237
77273467
77243173
77245576
77242401
77242801
77243779
78044421
78044279
78043509
78043341
77243387
77245612
77243702
77244794
78044301
78044212
78043276
77243932
77245370
77245187
77243166
78043758
78043005
77270830
78043861
77274637
77242999
78043615
78043224
78042830
77245048
77242803
77244654
77241496
77242907
77243029
78043154
78042945
78042669
77244887
77241703
77243985
77242707
78043452
78043228
78042718
78042723
77243654
77244837
77242532
77242008
77242193
78043276
78042959
78042169
78042207
78042298
78041998
77244230
77242317
77243442
78042831
78042594
78042199
78041872
77244243
77242413
77243469
78042872
78042854
78042102
78042177
78041890
77244282
77242567
77241969
78042759
78042136
78042290
78041762
78041976
78041815
77241825
77243927
77241870
77243116
77241711
77241644
78041630
78041394
78041283
77243675
77241669
77242757
78042346
78041927
78041215
77270751
78041500
78041113
77269572
78041350
77270728
77240040
78041604
78040930
77269314
78041249
78041041
77268986
78041064
78041263
78040869
78040540
77242860
77242638
77242743
78040417
77242584
77241071
77240643
78040631
78040573
77240351
77242518
77240594
77241678
78040981
78040709
78039989
77241051
77242145
77240022
77241249
77241515
78040981
78040909
77270552
77241317
77241100
77242009
77240051
77238237
77241309
77239141
77238942
77241275
77239965
78040746
78040511
77240989
77242707
77241553
77239943
78041051
78040318
78040023
78039784
77242053
77240164
77238798
77239523
77239869
78040690
77272494
77241193
78040572
78040540
78039771
77239739
77241892
77238799
77241012
77241820
77239762
78040654
77271240
77238920
77237626
77239066
77239912
77239007
77240055
77241427
78041067
77271300
77241273
77241278
77238570
77239430
77241449
78041027
78040285
78040394
78040323
78039828
77242148
77240780
77241313
77239702
77239799
77240954
77238940
77240377
77240103
78040823
78040070
78039923
77238796
77240637
77239525
77239171
78040087
78040216
78039426
78039390
77239478
77241703
77239649
77240932
77238431
77240584
77238614
77241578
77238766
77240292
77239660
77239716
77239108
77240333
78040549
77272533
77238439
77238828
77240299
77237814
77239009
77242048
77240179
78041075
78040706
78040400
78040168
78040108
77242449
77239156
77239844
77240264
77273251
77240760
77241652
78041155
78040442
78040327
77269985
77240285
78041128
78040696
78040250
77269352
78040706
78040099
78039557
77241826
77240081
77239650
78040329
78040270
78039569
77240347
77241564
77241631
77239309
78039949
78040154
78039183
77239151
77241424
77239710
77239241
78040164
78040106
78039119
78039180
77241435
77240370
77239286
78040331
78039921
78039198
78039208
77241398
77241361
77238109
77240964
77238210
77240683
77239370
77238309
77241363
77239506
78040182
77270766
77239756
77238179
77239020
77239414
77272274
77240761
77239717
78040101
78040259
77268109
78039464
78039546
78039463
77240548
77241659
77238417
77239830
77239550
78040299
78040175
78039275
78039199
77239389
77241542
77238361
77238438
77239105
77238773
78039892
78039529
78039446
77241715
77240024
77238347
77239335
77240861
78040399
78040308
78039474
78039364
77239560
77241593
77241660
77240908
78040250
78040286
77268724
77239224
77239342
77240650
77240743
77238416
77238088
77239705
77240755
77239245
78039522
78039413
78039157
78039130
77240045
77241160
77239024
77240067
77240633
78039659
78039293
78039099
77240048
77241244
77239349
77240443
78040083
77271594
77240378
78038343
77268204
78038589
78038609
77267801
78038664
78038939
77239596
77240625
77238976
77240040
77238631
78039605
78039333
78038632
77266813
78038069
78039081
78038621
78038561
77240830
77238828
77238476
77238412
77238247
77238429
77238485
77238576
77240684
77238472
77238480
78039137
77271353
77239988
78038755
78038672
78038588
77238868
77240461
77240272
77240019
77239992
78039266
77268785
77239890
78038932
78038484
77266553
78039342
78038803
77268110
77239318
77238734
77238372
77237314
77238929
77240111
78039386
78039386
77267966
78038840
78038540
78038385
78038562
77267334
78038844
78038828
78038493
78038487
78038352
77240802
77238962
77239844
78039463
78039348
78038334
77238391
77240606
77239014
77238494
78039413
78039063
78038348
78038187
77240572
77238789
77238218
78038834
78038183
77238138
77240363
77239250
77237995
77236590
77238606
77239037
77236665
77238085
77237808
77236648
77238047
77237794
77236706
77236806
77238281
77236775
77239976
78039166
78038106
78037918
77240259
77238329
77239465
77238043
77236795
77238272
77239411
77239470
78039032
77269936
77237058
77237684
77239507
78038559
78038745
78038123
78038266
77267822
78038140
78037603
77267238
77237828
78038063
77268775
77236987
78038276
78037716
77238684
77239987
77238876
77236697
77237004
77237643
77235744
77237235
77237615
78038386
77269334
77238174
77270459
77237112
77238124
78037645
78037499
78037648
78037444
78037500
77239715
77237901
77237217
78037937
78038068
78037268
77239237
77236054
77237542
77237693
78035491
78036185
77236204
77238633
77236942
77238076
77238125
77236394
77236953
77237904
78037537
78036721
78036632
77236515
77238555
77238565
78037523
78036438
78036305
77236327
77238531
77236314
77236249
78036592
78036532
77263880
78035379
78035750
77263342
78036384
77266504
77236264
77233988
77236452
77236230
77237224
77237924
78037459
78037265
78036523
77236414
77238502
77236723
77236392
78037021
78036655
78036108
77236172
77238397
77236652
77236119
78036877
78036451
77236105
77238193
77237415
77236112
77236062
78037060
78036500
78035980
78035771
77237944
77237416
78036963
78036364
78035559
78035431
77237786
77236009
77235574
78036127
78035859
78035203
78035622
78035173
77237493
77235830
77235436
77233913
77237119
77235313
78036172
77266188
77234250
78035588
78035201
77235169
77237370
77235961
77235095
78036215
77266505
77235395
77267722
77237200
77234101
77234710
77234277
77237190
77236675
78035734
78035428
78035257
78035302
78035150
78035005
77237274
77236940
77234179
77236175
77235252
77234531
77236615
78036146
78035394
78035615
78035316
77263837
78036199
78035402
78035217
77237435
77237389
77236136
77237168
77236742
78036355
78036100
78035292
78035263
77235180
77237309
77235924
77235184
77235270
78035976
78035037
78035074
77237415
77235399
77234963
77235920
77234927
78035785
78035483
78034884
77234988
77237069
77233411
77236199
77232610
77235107
78035647
78035018
78034672
77236941
77234021
77235623
77235154
78035973
78034232
77234525
77236664
77234795
77235142
77234721
77235127
77234593
78035092
78034983
77262403
78035569
78035326
77264320
77234634
77235015
77236052
78035559
77266972
77235449
78035722
78035391
78034686
77237006
77235285
77234714
77233949
77235250
78034590
77236910
77236909
77234765
77236007
77235282
78035836
78035587
78034914
77234612
77236984
77235263
77236132
77234745
77236224
78035755
78035530
78034754
78034606
77236875
77235154
77236105
77236130
77235912
78035456
78034499
77263793
78034416
77265055
77233491
77234179
77234539
77233532
77233439
77234337
77234707
78035437
78035288
78034564
77234555
77236780
77234902
77234587
78035485
78035190
78034591
77235594
77236688
77236632
77234594
78035715
78035487
78034503
77234605
77236918
77235843
77234615
78035487
78034553
77234453
77236606
77236430
77234354
78034652
78034160
77234281
77236482
77235035
77234179
78034885
78034685
78033993
77236262
77234445
77234001
77232644
77233241
77234103
78034701
78034815
77262490
78033840
78033905
77262066
78033985
78033967
77233884
77236075
77235970
77232801
77235540
77233869
78034922
78034400
77262340
78034046
77265634
77233020
77233100
77235000
77235461
78035142
78034643
77263465
78035247
78034619
78033945
77233692
77236205
77234813
77235397
77234064
77233068
77234632
77234188
77235443
77234256
78035128
78034789
78034179
78034068
77236351
77233983
77233372
77234092
78035171
78034701
78034085
78033972
77236313
77234551
77235580
78033768
77235965
77235417
78034868
78034616
77233079
77235187
77233941
77232453
77232564
77235354
77232682
77235625
77233828
78034775
77265787
77234511
78034701
78034822
78034395
78034003
78034048
78033836
77236330
77233026
77234892
77235326
78034727
78034567
78033777
78033799
78033786
77233666
77235819
77234465
77234974
78034542
77264748
77233681
78034211
78033675
77233080
77235542
77233848
77234932
78034333
78033986
78033308
78033261
77233348
77235522
77233743
77234533
78034176
78033950
78033337
77233307
77235412
77233704
77234562
77233031
77231905
77233340
77260254
78061114
77291641
77260783
78060825
78060590
78060097
78060311
77262413
77260117
77260155
77261035
78061144
78060822
78060090
77262428
77257995
77260790
77260198
78060897
78060297
78060470
78060065
78059897
78059837
77260326
77260022
77261432
78060915
78060785
78060195
78059759
77262028
77260372
77259917
78060871
77291352
77260328
77259738
77261959
77259904
78060636
78060224
77289900
77260302
78060706
78060394
78059793
77260991
77262010
77261065
77259946
77257968
77258862
77260579
77259823
77260495
77261128
78060720
78060501
78059517
78059564
77261956
77261485
77261648
77261019
78060788
78060342
78059631
77260521
77261687
77260799
77260796
77259289
78060185
78059718
78059334
78059197
77261538
77259553
77260613
77259181
78059483
78059074
77260020
77261114
77260959
77260309
78059874
78059860
78058954
78058899
77258813
77260939
77260821
77258889
78059672
78059415
78058756
78058544
77260936
77259089
78058705
78058439
78057578
78057637
78057516
77259806
77257917
77257158
77259221
77258671
78058249
78057368
77288046
77256606
78058310
78058060
78057290
77257293
77257372
77257838
77259011
77259025
77256108
77257418
77258744
78057892
78057525
78057356
77286430
77257484
77257488
77257110
77256541
77258423
77257765
78058321
77288459
77259136
78058464
78058441
77286612
78058900
78057966
77258827
77259877
77258461
77256071
77257098
77259010
78058513
78058391
77287958
77257834
77256504
77256662
77258873
77255553
77259897
77256780
77259133
78058071
77287820
77258377
78058709
77288860
77259219
77290817
77259166
77257925
78058346
78058090
78057851
77285329
78057453
78058048
77259024
77260241
77258954
77257805
78057365
77259706
77257581
77257599
77258913
78058174
77289670
77259163
78057953
77286681
77258310
78058969
78058704
78057792
78057712
78057698
77257796
77260059
77256745
77258714
77257744
77290352
77259257
77257048
78057448
78058450
78057748
78057705
77258772
77260068
77256685
77256717
77258703
77257901
78058034
78057754
77257866
77258851
77259306
77257853
78058653
78058365
78057783
77260052
77258064
77256729
77259072
77256916
77256574
77258469
77257385
77255771
77259622
77256740
77260185
77258257
78059354
78059149
77287154
78058348
77288604
77259639
78059279
78059065
78057998
77287589
78058056
78058355
77286402
78058987
78058827
77259565
77257037
77259326
77257288
77257218
77257417
77258974
77258539
77257537
77257616
77258799
77258627
77290005
77260057
78058922
78058786
77259388
77260599
77257482
77258997
77258683
77257680
77260644
77259051
77257590
77258227
77257758
78059482
78059396
77288938
77257807
77256498
77260926
78058240
78058666
78058263
77260532
77258550
77257335
77258703
77257440
77257588
77259601
77258615
78059369
78059302
78058483
77287784
77257409
77259908
77257691
77257709
77260794
78059729
77291917
77258047
78058895
78058776
77258781
77261071
77257560
77258978
77258360
77260324
77260305
78059836
78059466
78058912
77259772
77260894
77260759
77258690
78059671
78059535
78058513
78058669
78058615
77258620
77260838
77259090
77258614
77291550
77259808
78058713
78058981
78058661
77259622
77260713
77260339
78059831
78059183
77259690
77260811
77260290
78059407
78058637
77259621
77260540
77258586
78059038
78058477
77259480
77260529
77260432
77258422
78059467
78058440
78058336
78058371
78058135
77260353
77258604
77258224
78059083
78058382
78058425
77258214
77260367
77258985
77258102
78059186
78058907
78057934
77258004
77260208
77259526
78058369
78058230
77257841
77259943
77258582
77259299
77259348
78058841
78058641
78057571
77258732
77259754
77259787
77259066
78058532
77287306
77257220
78057634
78057410
77257213
77259270
78056866
77259237
77257948
77258532
78058087
78058019
78057195
77258264
77259430
77257565
77257205
78058077
78057978
78057045
78056996
77257044
77259430
77259261
77258557
78058149
78057307
78057146
77257206
77259308
77257587
77258520
78058040
78057894
78057005
78056756
77259076
77256606
77258067
77258253
77255643
77255725
77257494
77256862
78057402
78057102
78056843
77259130
77255799
77256248
77256847
78057801
78056895
78056088
78056132
77258640
77256639
77256260
77256162
77256232
77256580
77256270
77255168
77255899
77255478
78057163
78056928
77284094
78056169
77285695
77255229
78055815
78055182
77281864
77287800
77257189
78056131
78056453
78056216
78056072
77256165
77258264
77254981
77258023
77257824
77256275
78057307
77288886
77256275
78056866
78056854
78056089
77258409
77256233
77257564
77257685
77288602
77257830
77256712
78057415
78057317
78056672
78056494
77258763
77259373
77258187
77256672
78057632
78056896
77286083
77255370
78057118
77286459
77256381
78056673
78056310
77257287
77258620
77256496
77256312
77255803
77256478
78057469
78057333
78056455
77284531
78056729
78056543
78056382
78056390
78056456
77258790
77257055
77257917
78057608
78056426
78056503
78056308
77256326
77258530
77256822
77257509
77257469
77256111
78056135
78056158
78055908
77258075
77254443
77256510
77257005
77287161
77257042
78056457
77286228
77256880
78056277
77286636
77255910
78056105
77287826
77257052
78056412
78055949
77284104
78055375
77287733
77257182
78056183
78055780
78055679
77257948
77255683
77255892
77256719
77257279
78056786
78056308
78055665
77256791
77258056
77256956
77257111
78056827
78055730
78055819
78055786
78055692
77256500
77257840
77256493
77254589
77256700
77255580
78056541
78056275
78055256
77283059
77287209
77257385
78055735
78055448
77255515
77257524
77257499
77256948
78056222
78056452
78055513
78055338
77257679
77255838
77253147
77255357
77256644
77254130
77255670
77254105
77255661
77256567
78056262
78054229
77255205
77256674
77256578
77254478
78055393
78055231
78054597
78054321
77256662
77256395
77253325
77254723
77255996
77252756
77254235
77255380
78054578
77284974
77255178
78055610
77286149
77255308
77254567
77254826
77252551
77256060
77256180
78055844
78054830
77285812
77253856
78055541
78055239
77254765
77256795
77255042
77254549
78055519
78054975
78054466
78054241
77256459
77254556
77254122
78054714
78054417
78053987
77256277
77254484
77253889
78054633
78054228
77253818
77255920
77254955
77253758
77253694
77252466
77252979
77253989
78054330
78054003
78053763
78053379
77254318
77255586
77253715
77253386
78054190
78053827
78053285
77280324
78052455
78053382
78053271
77255373
77253628
77253074
77255075
77254543
78054038
78053527
78053086
78053167
77255269
77253990
77253042
78053786
78053467
78052907
77255190
77255144
77253038
78054128
78053579
78053134
78053127
77255215
77253878
77252929
78053825
78053712
78052977
78052867
77255034
77254988
77252895
78053689
78053300
78052817
78052680
77254898
77253169
77252718
78053411
78053060
78052624
78052574
77254806
77253153
77252654
78053487
78053677
78052737
78052745
78052801
78052785
78052573
77254842
77253121
77252577
78053001
78052566
78052476
78052350
77254603
77252085
77254974
77253716
77253052
77254282
77251087
77253182
77252234
78052988
78053065
77252175
77254280
77254210
77252076
78052830
78052617
77279784
78052717
78052816
77251954
77251283
77251221
78052409
77281875
77251831
78051000
77281510
77252696
77251241
77250938
77250276
77252466
77250407
77252571
77252888
78052470
78052095
78052602
78051769
77280056
77251586
77250820
77250756
78052554
78052455
78051441
77252510
77253703
77253606
77251449
77251409
78052369
78052134
78051150
77251416
77253535
77253356
77251188
78051959
78051978
78051128
77252209
77253289
77251400
77251161
78051371
78051909
78051144
77251229
77253201
77251531
77251162
77250349
77250934
78051854
77283445
77252544
77251856
77251176
77250996
78051844
78051799
77279753
77251317
78050390
78049875
77278888
78052024
78051627
77280156
78052187
78051546
77278669
78051355
78051299
77250976
77253252
77253083
77251072
77251433
77251081
78051953
78051593
77279418
78051614
77281280
78051197
78051937
78051025
77252189
77253338
77251452
77252711
77251135
78052191
78052171
78051397
78051145
77253384
77252446
77251171
78051980
78051507
78051155
77280746
77251123
78051475
78051043
77252040
77253257
77253146
77250838
78051011
78050644
77251561
77252748
77252719
77250596
78051444
78051304
78050720
77251477
77252745
77252487
77250367
78051084
78050727
78050207
77251265
77252277
77250789
77250094
78050853
78050265
77251086
77252180
77251011
77250079
78050654
78050326
78049966
78050113
78049911
78049849
77250964
77252085
77250679
77249922
78050804
78050148
78049726
77251944
77250109
77249904
78050546
78049639
78049807
77248685
77251432
77250413
77248954
78049942
78049891
77278405
78048660
78048819
77276726
77280771
77249722
78049520
77279499
77248774
78049271
77279385
77247769
77247513
77250956
77249191
78049868
77280575
77248934
78049450
78049677
78048768
77249744
77251012
77248904
77247739
77249806
77248892
78049754
77280193
77250787
77248838
77247689
77250009
77250333
77247678
77250851
77250507
77248809
78049539
78049149
77280249
77248996
78049640
77281306
77246699
77246898
77248413
77249027
78049990
78049803
78048776
77278282
77248017
78049428
77281047
77247568
77250542
77250312
77248767
78049836
78049189
78048543
77248800
77251007
77249166
77248865
78049811
78049576
78048640
77248421
77250950
77249839
77248650
78049164
78048881
78048513
78048488
77250894
77249128
77248605
78049339
78048872
78048622
78048437
78048853
78048382
77250683
77248834
77249973
77247111
77248422
77248073
78048590
78048375
78048052
77250291
77248405
77246933
77247067
77248412
77247152
77248496
77248268
78049102
77247119
77247243
77250440
77250004
77248455
77245978
77248464
77247391
78047864
78048295
78048216
78048205
78048071
77250391
77248694
77245807
77248398
77247984
78048838
78048712
78047608
78047678
78047400
77248309
77249577
77248638
77247514
78048525
78047570
78047436
78047329
77249688
77246400
77246340
77247855
77247695
78048221
78047928
78047314
78047405
78047365
78047389
78047103
77249458
77246170
77247979
77248768
77246014
77247577
77247122
78048202
78047219
77279565
77245821
77247113
77248420
77248431
77247033
78046341
78046305
77246398
77248497
77246635
77247900
78047489
78046966
78046408
78046210
77246576
77248094
77247843
77247679
78047131
78046926
78046188
78046194
78046243
77247220
77248212
77246556
77247529
78047100
78046889
78046177
78045938
77248153
77245641
77247582
77247670
77245598
78046169
77278371
77247099
77245601
78046484
78045449
78045375
77245464
77247662
77247580
77247633
77246814
77246849
78046486
78045574
77278428
77244940
77246855
77243279
77244879
77243959
77246682
77246970
77243837
77246604
77244176
77246885
77247139
77245875
77244250
77247509
77247091
77245710
78046677
78046493
78045662
77275081
77245518
78045545
77247906
77245877
77247226
77244508
77245997
77247306
77245305
78046240
77248520
77248523
77246386
78047038
78046417
78046892
78046139
77248297
77244992
77245183
77247479
78047119
78046431
77274457
77247442
77244222
77245643
77247551
78047144
78046392
78046248
78046208
77274054
78045518
78045390
77273641
78046357
78045906
77246936
77248348
77246561
77247522
78047234
78046523
78046637
78046215
78046122
77274406
77245121
78046190
78045846
77246050
77248152
77244985
77246576
77246144
78046817
78046486
78046067
77246164
77248332
77246597
77244988
77247494
77246176
78046771
78046676
77275862
77246300
77245078
77245223
77246673
77245208
77247028
77246586
78046849
78046950
77275592
77246290
78047195
78046997
78046336
77246027
77248535
77246595
77247639
78047272
77277573
77245460
78047053
77278323
77247074
78047473
77278542
77247012
77276478
77246982
78047742
78047578
77246519
77248971
77248898
77246860
78047705
78047708
78046946
77247099
77249348
77247709
77246001
77248349
77248628
77246276
77247779
77247365
78048437
78047698
78047591
78047617
78047375
78047267
77249536
77247575
77248735
78048343
78048047
78047105
78047266
78047169
77249401
77246029
77248182
77246229
77250175
77248838
77246420
77246847
77246693
77246552
77248770
77246742
77248104
77246754
77246929
77247423
77248015
78049020
78048100
77279312
77247968
78048232
78048051
77247861
77250065
77248292
77249387
78048927
78048655
78047905
77277265
78049001
78048708
78047810
77248148
77247007
77249950
77249648
78049188
78048284
78048027
77277017
77247027
77247478
77245959
77245977
77248772
77248252
78048473
78048364
77249341
77247409
77247730
77247674
77249006
77247510
77248054
77248605
77247751
77250104
77247831
77248315
77248824
77248716
78049808
78049771
77277605
77247832
77247481
77249983
78049784
78049180
78048970
77248898
77251123
77249357
77248864
78049800
77280214
77250017
78049651
78049392
78048648
77277215
77248581
77248089
77248426
77247992
77248792
77248746
77248475
77249518
77249235
77247481
77248582
77247950
77247713
77249495
77248917
78049138
78048762
77250699
77247686
77249648
77250119
77248358
77250657
77248714
77249468
77250378
78049196
78049028
77276826
78048198
78048949
77248957
77251168
77249423
77247711
77249690
77250212
78049929
78049653
77278389
77248786
77247623
77249279
77248786
77246736
77250115
77250245
78050038
78049079
78049009
78048804
77248778
77251051
77249036
77250172
77248816
77247384
77250128
77247502
77248578
77247759
77248128
77248831
78048885
77251168
77250841
77248066
77248860
77246762
77249051
77248161
78048616
77278310
77247907
78048486
78048046
78048055
78048023
77249026
77250287
77246940
77250006
77249570
78048603
77278701
77249516
78048575
78048276
78047975
77248203
77250349
77248525
77249684
77248321
77247569
77247385
77249162
77247127
77250149
77249751
77280707
77249900
78049147
78048753
78048244
78048059
77250379
77248442
77249619
77248275
78048892
78048402
78048163
78047871
77247865
77250155
77246851
77247511
77247895
78048627
77278899
77246865
78048050
78047765
77248792
77249907
77246579
77247184
77246710
77248962
77249262
77247878
77246885
77248823
77249345
77246660
77249624
77249126
77246745
77246773
77248803
77246800
77250015
77248042
77248047
77247054
77247365
77245913
77250328
77248386
78049380
78048982
78048321
78048231
77250449
77247176
77248586
77248266
78048813
78048297
77248227
77250377
77248317
77249453
78049035
78048923
78047944
77248013
77250231
77247043
77247113
77249962
77248041
78048342
78048311
77276239
78048206
78047587
77248921
77250066
77249001
77247729
78048812
78048302
78047596
77248668
77249885
77248724
77247548
78048379
78048372
78047786
78047605
78047508
77249798
77247875
77247533
78048202
78047551
77247361
77249685
77247854
77247255
78048137
78048244
78047203
78047778
78047286
77247357
77249424
77249303
77247118
78048102
78047918
78047195
77247659
77249165
77248172
77246900
78047932
78046948
78046988
77246841
77249125
77247941
77246815
78047106
78047049
78046746
77276111
77245555
77246291
77246660
78046064
78046035
77247293
77248567
77247697
77246562
77245314
77246850
77246563
78047394
78047445
78046585
78046382
77248672
77248303
77247837
77246375
77245276
77246590
77246306
78046847
77277244
77245543
78046860
78046534
77274206
78046667
78046315
77247355
77248500
77247507
77246243
77248417
77248371
77246320
77245286
77246504
77245275
77246858
77246513
77245404
77245921
77246561
78047074
78046396
77275942
78046353
78046392
77274196
78047261
78047534
78046459
77247498
77248630
77247697
77246471
78047326
78047155
78046128
78046174
77248464
77246698
77247759
77246207
78047290
78047181
77275380
78046226
78046494
78045928
77247005
77248027
77244813
77245654
77246887
77246279
77246023
77246161
78047084
78046849
78046049
77246068
77248293
77246524
77246055
78046850
78045935
77246870
77247686
77245803
78046251
78045753
77245758
77247911
77246135
77245786
78046770
78045825
78045769
77246671
77247837
77246122
77245561
78046695
78046130
78046506
78045719
77245511
77247664
77246440
77245515
78046625
78045782
78046006
78045670
78045499
77245456
77247705
77245641
77246849
78046352
78045984
78045266
77245183
77247432
77247314
77244121
77245363
77244107
77247363
77245165
78046177
78045889
78045253
77245298
77247315
77246956
77246640
77244931
78045891
78045446
78044963
78044995
77245849
77247168
77246223
77244999
78045767
78045079
78045349
78045026
77247230
77243644
77245893
77243705
77245981
77246513
78045910
77274935
77242990
77245105
77244314
78044993
78044537
77275214
77244622
77243039
77244939
77244402
78044967
78045247
77275121
77244513
78045127
78044388
77244279
77246446
77245330
77246242
77245676
77244337
77244539
77245830
78044732
77275726
77245364
77243359
77243312
77243963
77243491
78044262
78043623
78044292
78044425
77244257
77245147
77244641
77244207
77243047
77246238
77245700
77244185
78045346
77275717
78045592
78044763
78044576
78044327
77246607
77243287
77243898
77243631
77243361
77244589
77244378
77242744
77245059
77243620
77245327
77243714
77245625
77245308
78045824
78044871
78044696
77272254
78044272
78043787
77271510
78044153
78043855
77245774
77246899
77246901
77244853
78045181
78044724
78044662
78044699
77246938
77245285
77244932
78045405
77275700
77244758
78045302
78044800
78044565
77244682
77246682
77245712
77244413
78045499
78045149
78044287
78044324
77246593
77244800
77244352
78045524
78045306
78044222
78044115
77245170
77246267
77244584
77245480
77276289
77246191
77244242
78044796
77274990
77244184
78044492
78044052
77271719
78043652
77275035
77244447
78044912
78044588
78043731
77246014
77244101
77243950
78044744
78044501
78043533
78043508
77245726
77244056
77244901
78043933
78043293
77243327
77245549
77244260
77244816
77244814
77243440
78044181
78044046
78043196
77244301
77245525
77244253
77244538
78044055
78043885
78043076
77242903
77245128
77243167
77244347
78043520
78043527
77242910
77244998
77242811
77244080
78043485
78041962
77243064
77244144
77242467
77243384
77240366
77243325
77239807
77242462
77242284
77275080
77241614
77243676
78043093
78043197
78042397
77271527
77241200
77242743
77241319
77242136
77242454
78043102
77273500
77241388
78042462
78042302
77242320
77244573
77242756
77243689
78043233
78043076
78042314
78042268
77244609
77241237
77242722
77242363
78043497
77274656
77243995
78043508
78042991
77274636
77241602
77272915
77243224
78043314
78043109
78042625
77242886
77244974
77242949
77244067
78043659
78043397
78042856
77242686
77244716
77243654
77242365
78043496
78043189
78042328
77242335
77244676
77242811
77243830
78043333
78043279
78042778
78042562
77243440
77244630
77243692
77242605
78043175
78042541
77242371
77244489
77243199
77242255
78042912
78042334
78042120
77244523
77242640
77242299
78043406
78042365
78042204
78042167
78041832
77244224
77242431
77241986
78042175
78041666
77241848
77244028
77243148
77241798
78042590
78042197
77270193
78042480
77273179
77240753
77241426
77242512
77244304
77241583
77242588
77243019
78042720
78042526
77271813
77241758
77243478
77243234
77240652
77242526
77241934
78042952
78042833
78042124
78041967
77241932
77243966
77243723
77240748
77241426
77241878
78042799
77272144
78042983
78042661
77269815
78042524
77272312
77242831
77241216
77241312
77241856
77241481
77244248
77243939
77242606
78043487
78042437
78042392
77242448
77244676
77242938
77242394
77240542
77242998
77242200
77241007
77243477
77241501
78042656
78042630
78042249
77244569
77242655
77241378
78042454
78042498
78041814
78041666
77244021
77242252
77241831
78042473
78042625
78041686
77241797
77243950
77243069
77241862
78042552
78042406
77241840
77244007
77242936
77241828
77241798
78042823
78042772
78041664
77244005
77242926
77241842
78042663
78042502
78041750
78041653
77244096
77242170
77241733
78042541
78042560
78042159
78041714
77241669
77243938
77241988
77243110
78042476
78042546
78041858
78041877
77242740
77244008
77242215
77241746
77239672
77242405
77241257
77241278
78041913
78041792
78041080
78040882
77243148
77242837
77242446
77241030
78041687
78041488
78040792
77241597
77242814
77241869
77240597
78041485
78040549
78040392
77241382
77242585
77242413
77240389
78041237
78040520
78040492
77241383
77242429
77241925
77241778
78041106
78040636
78040202
78040102
77242422
77240698
77242283
77240423
78041051
78040969
77267985
78039450
78040194
77240176
77242305
77242235
77241432
78040986
78040775
78039962
77240172
77242230
77241075
77241229
78040849
78040037
78039789
78039915
77240789
77241073
77238021
77239689
77239413
77239753
77239768
77240875
77241505
77240028
78041036
78040202
78040226
77240929
77242044
77240507
77242248
77240947
78040414
78039955
77268510
78039502
78039952
78039387
77241656
77240378
77239456
78040407
78040164
78039351
78039461
78039424
77240496
77241576
77241496
77240779
77239171
77240252
77241284
77237939
77237947
77240494
77237330
77238716
77237383
77239686
77240120
77237673
77239056
77238703
78039423
78039364
78038456
77240790
77237629
77238898
77238581
78039400
78039317
78038670
78038495
77240815
77239011
77238603
78039384
78039048
78038578
78038254
77240588
77239220
77238453
78039201
78039068
78038406
78038554
77238395
77240497
77239506
77238444
78039401
78039306
78038438
77238390
77240690
77240470
77238350
78039031
78039352
78038292
78038288
77240557
77238668
77238292
78038740
78038638
78038314
78038055
78038008
77240349
77236677
77239648
77236700
77238551
77238274
78038016
78038650
78038015
77238902
77240119
77238515
77237721
78038876
78038335
78037745
77237723
77239890
77238076
77239188
78038865
78038591
78037813
77237767
77239992
77238189
77238989
77237646
78038515
78038501
78037630
77238554
77239720
77237978
77238864
78038521
78037535
78037514
77265485
78036760
78037385
77237426
77239634
77239501
77238935
77238819
77238714
78038435
78037717
78037181
78037061
78037073
77239342
77237641
77238712
78038154
78037935
78037095
78037079
78037175
77237168
77239376
77237254
77238479
77237030
78037878
78037878
78036977
78036806
78036778
77239191
77235672
77237119
77235481
77237943
77237617
78036677
77238960
77236971
77235709
77236692
77237308
78037987
77268118
77236193
78037335
78036839
78036319
77265052
78037552
78037557
78037099
77236995
77239243
77237016
77236753
77237219
78037881
78037387
78037196
77237362
77234920
77237549
77238256
77236629
78037763
78036787
78036626
78036565
77264028
78037428
78036845
78036384
77238667
77238346
77237743
77236297
77267847
77237235
77236185
77238007
77237767
77236115
77237072
77236004
77237077
77237548
78037137
78037007
77265219
77237552
78036590
78036424
77264442
78035780
78036223
78036279
77236250
77238415
77236071
77238123
77237574
78037009
78037029
78036138
78036146
77236144
77238168
77238099
77237446
77234556
77236308
77237481
78036989
78037146
77266084
78037130
78036195
78036305
77236220
77238373
77235169
77237199
77235270
77238350
77238041
78037510
78036700
78036350
78036201
77238542
77236495
77237730
78037459
78036558
78036473
78036420
77238659
77236866
77236558
77235244
77235892
77235169
77235698
77235394
78035972
77268170
77237088
77236412
77234061
77235885
77236259
78037017
78036513
78036328
77236132
77238350
77236543
77237607
77236216
78037097
78036927
78036005
78036296
77235908
77238133
77236405
77235847
78036564
78036303
78035692
77236681
77237949
77235913
77236950
77234510
77236217
77235847
78036364
77267685
77236448
78036811
78036351
78035849
78035826
77238058
77237686
77234622
77236013
77235880
77234727
77234926
77236229
77237434
78037101
78036900
78036087
78035987
77238409
77236501
77236081
78037188
78036932
78036041
78036025
77236054
77238207
77236377
77235833
77235841
78036750
78036342
78035657
78035471
77237740
77236259
77235448
77235610
78036505
78035629
78035369
77236676
77237329
77236733
77233688
77235102
77234846
78035874
78035051
78034994
77264947
77235103
77232852
77237151
77232847
77235938
77235673
77233987
77235513
77234221
77236183
77234285
77235438
77236670
77235208
77235178
77235299
77235238
78036083
78035765
78035181
77235302
77237353
77235512
77235184
78036233
78035297
78035178
78035149
77235182
77237346
77235562
77235210
77235092
77235028
78035837
78035166
77234992
77237043
77236459
78035955
78035693
78034881
78034761
77237081
77236101
77234922
78036081
78035832
78034800
78034835
77234971
77237073
77235229
77234832
78035789
78035701
78034725
78034740
77236958
77236128
77234754
78035237
78034659
77235635
77236893
77236700
77234788
78035554
77267378
77235903
77233780
78035565
78035517
78034676
77234658
77236760
77234888
77234714
78035833
78035018
78035071
78035113
78034798
77234859
77237077
77235164
77234795
78035864
78035540
78034646
77236987
77235216
77234677
77234644
78035533
78034613
77235651
77236694
77236628
77234568
78035168
78034697
77235637
77236810
77235596
77234623
78035716
77267457
77236301
77233098
77233587
77234258
78035379
77267130
77233123
77235273
77235710
78033924
77236207
77235375
77234243
78035121
78034335
78034140
77263423
77234456
77234006
77233245
77235310
77235356
77234034
78033785
77236123
77234381
77232610
77235058
77235379
78035019
78034811
78034051
77264249
77235463
77234110
78035145
78035139
78034183
77235128
77236451
77235109
77233591
78034474
78033808
78033505
77234545
77235690
77235507
77233527
77233521
78034143
78034055
78033424
77234515
77235526
77235579
77233432
78034126
78034191
78033329
77234061
77235373
77235396
77233429
78034247
78034189
78033423
77233368
77235515
77234105
77233181
78033952
78033920
78033348
78033370
78033472
78033250
78033289
77235607
77233529
77233049
77233491
77232130
78033815
78033779
78032948
77234050
77235267
77233735
77233047
77231564
77233910
77234257
78033898
78033088
78032800
77232832
77234999
77233247
77231424
77233416
77232844
78033107
78032840
77262333
77231763
77233623
77233293
77231397
77233246
77232870
77233947
77234332
77231920
77232662
77233083
78033959
77265524
77232580
77233048
77233673
77232319
77233127
77233456
77233259
77233542
77233275
78034304
78034123
77263979
77233782
77265278
77234048
77233200
77234585
77233946
78034503
78034077
78033329
77263702
77234654
77231729
77233176
77234522
77234449
77233369
78034161
77265867
77234073
77233152
78034146
78033986
78033237
77261749
78033341
78032606
78033184
77233230
77235332
77233584
77233016
78033792
78033768
77263045
77233324
78033304
78032864
77232728
77235004
77233581
77235014
77234896
77234188
78033776
78033200
78032621
78032525
77234866
77233213
77232619
77232898
77234044
78033765
78033677
78032751
77232681
77234834
77232972
77232637
78033679
78033495
78032519
78032435
77234776
77232887
77232391
78033139
78032809
77261472
77230111
77233950
77233830
77232141
78031341
78031381
77261816
77232846
78032207
77263051
77231978
78032166
78031736
78031321
78031160
77233429
77233248
77232761
77231367
78032536
78031560
77262911
77232881
78032455
78031613
78031881
78031591
78031321
77231241
77233457
77231294
77231610
77231473
78032193
78032098
78031513
78031547
78031163
77233432
77233165
77232826
77231413
78032261
78032077
78031691
78031381
77233599
77231888
77231409
78032048
78031523
78031183
77233538
77231505
77232808
78032339
78031951
78031148
77232134
77233285
77232641
77231113
78031729
78031885
78031051
78031064
77233453
77231921
77231181
78031974
78031784
78030888
77230619
77233132
77231278
77230833
78031838
78031572
78030793
78030868
78030680
77233021
77229075
77229986
77230633
78030972
78030687
77230604
77232805
77230543
77232753
77232006
77229210
77232562
77232325
77229275
77232003
77232248
78031881
78031038
78031409
78030878
77260394
77231389
77230720
77229421
77232678
77231587
77230898
77231029
78031727
78031125
77262325
77232234
78031746
78031423
78030645
78030629
78030902
78030544
78030555
78030380
77232598
77232376
77229350
77230920
77230625
78031390
77262867
77231180
77230312
78031412
78031320
78030535
78030244
77230226
77232379
77230604
77230125
77228629
77231347
77229794
77230153
77228421
77231861
77231480
77229898
78030666
77228679
77230603
77230032
78030979
78030782
78029931
77229899
77232161
77231910
77229832
77231750
77231284
78029127
78029350
77229213
77231483
77228313
77229823
77230842
77229516
77231380
77228215
77229068
77229714
77229611
77230601
77231893
77231543
77229887
78030811
78030651
78029936
77259663
77230328
78030562
78029796
78029689
77258804
78029988
78029020
77258138
78029841
78030218
78029570
77229589
77231879
77230017
77229665
78030406
78030171
78029662
78029463
77231681
77229857
77230962
78030469
78030011
77229694
77231694
77230099
77229558
77229566
78030342
78030277
78029198
77230193
77231410
77230543
77229247
78030092
78029831
78029003
77231272
77229551
77230372
77229039
78029887
78030003
78028924
78028989
78029063
77231302
77230831
77230477
77228960
78029927
78029202
78029318
78029093
78029164
78029021
78028845
77231258
77229383
77228997
78029479
78029295
78028787
77231056
77227013
77228837
77228683
78029681
78029388
78028544
77229564
77230781
77227398
77230502
77227078
77230461
77230132
77228484
78028911
78028313
78028206
77230472
77229424
77228203
78028947
78028700
78028329
77229241
77230284
77227995
77228359
77229437
77228002
78029109
78028802
78028063
77228879
77230168
77230163
77227954
78028474
78028327
77228998
77230119
77229403
78028581
78027978
77228922
77230074
77229915
77227782
78028428
78028295
77227893
77229981
77229809
77226203
77228168
77227764
78027973
78027765
77227755
77229776
77228347
77227662
78028677
78028496
78027849
77227689
77229884
77228101
77227745
78028426
78026738
77226765
77228225
77229134
77227213
78028187
78027331
78027238
77227312
77229455
77228499
77227203
78028054
78027869
78027175
77228155
77229386
77229456
77227346
78028364
78028108
78027200
78027199
78027310
77228209
77229405
77227719
78028113
78027879
77256353
77228209
78027800
78026997
78026870
77229088
77226700
77226780
77228141
77228321
78027889
78027077
78027035
77256960
77228082
78027821
78027702
78026704
77227786
77228989
77227285
77226748
78027567
78027046
78026544
78026621
77228853
77227543
77226847
78027606
78027411
78026636
78026474
77228757
77226998
77226553
78027422
78026859
78026574
77227524
77228580
77228187
77226428
78027020
78026368
78026258
77228497
77228179
77227672
77226175
78026994
78026956
78026420
78026124
77228349
77228204
77227565
78026955
78027045
78026122
77227013
77228200
77226523
77225979
78026699
78026315
78026076
78025830
78025851
78025680
77227898
77225985
77225412
77225174
77224554
78024961
78025771
78025349
78025488
77227655
77226005
77225495
78026356
78026166
78025346
77226421
77227703
77225910
77225438
78026134
78025842
77225477
77227603
77225885
77225389
78026285
78025557
78025241
77227510
77225762
77225235
78026315
78026128
78025257
78025147
77227413
77225548
77225008
78025955
78025667
78024923
77225865
77227198
77226202
77224995
78025915
78025448
78024895
77227185
77226219
77226312
78024072
78024056
77225199
77226314
77224473
77224025
78025060
78024791
78024378
78024136
77226426
77222542
77224933
77222235
77223842
77225380
77223917
78024598
77256451
77224461
77223877
78024804
78024002
78023994
77223848
77225998
77224211
77223805
77223936
78024456
78024237
78024385
77223864
77226017
77225150
77223851
78024825
78024887
78023897
77224900
77226096
77224906
77223930
78024775
78024034
78024205
78023916
77226185
77224268
77225408
77224075
77224172
78025040
78024754
78024080
77224099
77226273
77224651
77223998
78024573
77255530
77225122
78024573
78024537
78023917
78023322
77225707
77224379
77222476
77224753
77224752
77223683
78024514
78024473
78023473
77255313
77256458
77254449
77254316
78054905
77286742
77256372
77252932
77256545
77254289
77254222
77254870
77254359
78054903
78054462
77283097
78055497
77286784
77255864
78055139
78054856
78054317
77254349
77256502
77256435
77254336
78055389
78055294
78054256
77254066
77256523
77254809
77254265
78055031
78055058
78054567
78054092
77254084
77256288
77256218
77254074
78054196
78054087
77254948
77256093
77255199
77253978
78055007
78054535
78054140
78053754
77282530
77253906
78054227
77284842
77254062
78054655
78054376
78054005
77282886
77254355
77253940
77255089
77255594
77253882
77252488
77253908
77255072
77254612
78054063
78053560
77282836
77255293
77252425
77252505
77255029
77255401
78055164
78054922
78054122
78053954
77256288
77256820
77256247
78054093
78053468
77253590
77255678
77254035
77253628
77253571
77253607
78054561
78054287
78053804
78053542
77255869
77251983
77255502
77253612
78054183
78053924
77283687
77252126
77254465
77253465
77253122
77253488
77253546
78054656
78054567
78053575
77253463
77255530
77253583
77252390
77254881
77252785
77253622
77253343
77252837
78053441
78053827
77254711
77256024
77255020
77253871
78054641
78054129
78053571
77254551
77255847
77255430
77253759
78054515
78053786
78053933
78053598
78053504
77253713
77255764
77254081
77253502
78054195
78054139
78053514
77254479
77255573
77253927
77253295
78053770
78053586
77253344
77255395
77253698
77253304
78053845
78054135
78053237
78053271
78053158
77255550
77253822
77254718
78054225
78053638
78053302
77254118
77255359
77254598
78054169
78053935
78053423
78052963
77255283
77253418
77253216
77250931
77254965
78053893
77283800
77252878
78053060
78053052
77253951
77254994
77255020
77252900
78053644
78053463
78052764
77253777
77254885
77253895
77252732
78053529
78053379
78052833
77281026
78052771
78052740
77254851
77251757
77252843
77254433
77252741
78053485
78053077
78052653
77252755
77255000
77253149
77252667
78053459
78053638
78052587
77253756
77254799
77253324
77252722
78053713
78053553
78052617
77281313
78052923
78052678
77252817
77255069
77254168
77252896
78053829
78053604
78052732
77253804
77254925
77254828
77252633
77252770
78051852
78052042
77253053
77254133
77253907
77252110
78052979
78053020
78052148
78052048
77254215
77252394
77253437
78053121
78053149
78052470
77252181
77254232
77253376
77252234
78052870
78052107
77253172
77254324
77252246
78053248
78053170
78052102
77252097
77254287
77252604
77252081
78052849
78052409
77252154
77254246
77252850
77252195
78053006
78052788
78052078
78051926
77254216
77252447
77252091
77249462
77251303
77250848
78052451
78051710
77252798
77253992
77252100
77251502
77251808
77253214
77284141
77252378
78052648
78052450
78051546
77279477
78050867
78051766
77252619
77253997
77253702
77251780
78052764
78052741
78051698
77252756
77253901
77252345
77251717
78052434
78051665
77279574
77282123
77250526
78050809
78051552
77252586
77253803
77250547
77251533
77251427
77284291
77253851
77251567
78052209
78051852
78051686
78051376
77253717
77250413
77251129
77251505
78051902
78052151
78051439
78051379
77253771
77254226
77253004
77251527
78052223
78052260
78051447
77251304
77253625
77252336
77251360
78051976
78051275
77252390
77249896
77250340
77251199
78050748
77253140
77252943
77250946
78051445
78051784
77280030
78051003
78051000
77250852
77253026
77251236
77250853
77249717
77252046
78051885
78050997
78050671
77250826
77252982
77249776
77251908
77251090
78051822
78051206
78050929
77253270
77249864
77251231
77251013
78051790
77281340
77251053
78052015
78051640
77279469
78052158
78051332
77252053
77253270
77253094
77283961
77250583
77282886
77252204
77250218
78051230
78051019
78050319
78050180
77250648
77252987
77249265
77251453
77250898
77249487
77251445
77250688
78051517
78051629
78050655
78050830
77250951
77253002
77251332
77250897
78051146
78050913
77250984
77253219
77251354
77250831
78051551
78051143
78050584
77253027
77251141
77250858
78051453
78050728
78051378
78050483
77250598
77252874
77251393
77250585
78051457
78051358
78050467
77277878
78050407
78050326
77250409
77252603
77250950
77251993
78051606
78051436
78050538
77251623
77252789
77252548
77250650
77249266
77251526
77249373
77249877
77249705
78051552
78051372
78050531
77250547
77252721
77251109
77251903
78051583
78050915
78050524
78050328
77251410
77252572
77250707
77251671
78050958
78050294
78050156
77278841
78049750
77279346
77248970
78050041
77281081
77249195
78049422
78049766
77278295
77281751
77251242
77249063
77251365
77250145
78050562
78050046
78050212
78049957
77252277
77248929
77249012
77249690
77249249
78049489
77281022
77249059
77250120
78050281
78050190
78050120
77250279
77252348
77250483
77249028
77249108
77249573
77250353
77283179
77250414
77250412
78051465
78051183
78050372
78050156
78050393
77250230
77252434
77250590
77249998
78050593
78050474
78050191
77250031
77251972
77248935
77249565
77249016
77249106
77251782
77249105
77251584
77248972
77251399
77250114
78050909
78050234
78050202
78050149
78050141
78050264
77250201
77252354
77250489
77250212
78050739
78050288
78050460
78050070
77250031
77252184
77250876
78050563
78049989
78049433
77251818
77250200
77249704
78050159
78049680
78049574
77251959
77250138
77251007
78050695
78050279
78049632
77250554
77251579
77251605
77249544
78050201
78050010
78049530
77249290
77251590
77251048
77249465
78050156
78049777
77277320
78049566
77279276
77247872
77248678
77247963
77250133
77248078
77249823
77249402
77248215
77250599
77249477
78050258
78049844
78049399
77277775
78049410
78049302
77250294
77251511
77251468
77249232
78050264
78050046
78049250
77249273
77251542
77251369
77249273
77248137
77248329
77248534
77248525
78048531
78048348
77250192
77251344
77250064
77249243
78050128
78049329
78049172
77249089
77251314
77249446
77248926
77247892
77250183
77248034
77250022
77249241
78049358
78049137
78048962
77251303
77249725
77249079
78049775
78049391
78049145
78049061
77251279
77250251
77248942
78049761
78049553
77248931
77250267
78048941
77250929
78049824
77249914
77249053
77248872
78049536
78048963
77249759
77250013
77250376
78049339
78048730
77248787
77250509
77250172
78049408
78048809
77249633
77250655
77250062
78049510
78048981
78048665
77248467
77250518
77249225
77248389
78049336
78048920
78048816
78048453
78048542
78048365
77250597
77248900
77248455
78049524
78048670
77248548
77250848
77249790
77247167
77248809
77248289
78048833
78048390
77248308
77250512
77247167
77250271
77249794
78049286
78048680
78048292
77250575
77248953
77247282
77248761
77246053
77247812
77247134
77248906
77248322
78048387
77247893
77250132
77248530
77248765
77248040
77249668
77248042
78049085
78048757
78047798
77250169
77249949
77249324
78048763
78048125
77248857
77250155
77249871
77249164
78048848
78048562
78047765
78047591
77249795
77248437
77247578
78048262
78047706
78047478
77249870
77249749
77249048
78048029
78047899
77276023
78048253
78047893
77275704
78048632
77276806
78047788
77276935
77249238
78048397
78047880
77247848
77250022
77248215
77249264
78048968
78047896
78047827
78047574
77249741
77249677
77249590
77248910
78048553
77278594
77248825
77279742
77249601
77248955
78048562
78048506
78047993
78048049
77247694
77250159
77246338
77248642
77248885
78048362
78048406
78047362
78047380
77249700
77247931
77248875
78048627
78048439
78047376
77248547
77249480
77248463
77248730
77247677
78047643
78047512
77248366
77249655
77249431
77248884
78048086
78047422
77248109
77249326
77247536
77248618
78047881
78047861
78047089
77248117
77249320
77248031
77248444
78048142
78047971
78047070
77248049
77249246
77248229
77248390
78047790
78047618
78047383
78047025
78046917
77249237
77247520
77248481
78047744
78046976
77247046
77249046
77247723
77248334
78047686
77277861
77248143
78047415
78047067
77246982
77249084
77247428
77246959
78047615
78047455
78046738
77247834
77248979
77246574
77245711
77246348
77246522
77279522
77248808
77248050
78046898
78046674
78046563
77247648
77248879
77247086
77246734
78046172
77275798
77247254
78046294
78046200
77273883
78046371
78046338
77274806
78046787
78046215
78046335
77248727
77246657
77247388
77248300
77245540
77247695
77246989
77246770
78047290
78046928
78046920
77247740
77248669
77248504
77248152
78047819
78047621
78046557
77247454
77248967
77247153
77248145
78047788
78046971
78046798
78046844
78046460
77248801
77248680
77245464
77245888
77245405
77246848
77246589
78047205
78046867
77246365
77248737
77247792
77247953
77245204
77247744
77247837
78047579
77279088
77247864
78047216
78047196
78046809
78046619
77276186
77244483
77248179
78047542
78047230
78046474
77248743
77247519
77246526
78047452
78047166
78046369
78046323
77248694
77246586
77246212
77246569
77247999
77246482
77247431
77248415
77247983
77246599
78047418
78047502
78046583
77246647
77248728
77247756
77246519
77247476
77247034
78046168
78045669
77246614
77248716
77247019
77246610
78047468
78046912
77246568
77248814
77245369
77247589
77245344
77246593
77246409
78047448
78047383
78046461
77246600
77248788
77247348
77247932
78047585
78046697
78046285
77248575
77248233
77247759
78047241
78047269
78046320
77247282
77248390
77246155
77246762
77246344
78046831
78046486
78045989
77248309
77246530
77246051
78046667
78046032
78045928
77273955
78044896
78045759
77245843
77248098
77247092
77245895
77244797
77244931
77248135
77246074
78046818
78046010
78045950
77248305
77246474
77245971
77246215
77246130
78047141
77278865
77247488
78046875
77276722
77247736
77279184
77248355
78045944
77275703
77246142
78046539
78046368
78045442
77245512
77247761
77245786
77245413
78046191
78045867
77245424
77247564
77247456
77245333
78046287
78045364
78045320
78045156
77247446
77245725
77245184
78045683
78045356
78045192
77247410
77245740
77244760
77244029
77244885
77243872
78044774
77246762
77246432
78045608
78045461
77272608
78044298
78045055
77245888
77246975
77243879
77244532
77245043
78046099
78045778
77273462
78045141
78045256
77272581
77277138
77246147
77245126
78045986
77277514
77244146
77245723
77245179
78046197
78045295
78045441
78045162
78045101
77245181
77247139
77247066
77245021
77243624
77247073
77243901
77246003
77244119
77245597
77245142
78046225
78045460
77273892
77244045
78045073
77275370
77244287
77243694
77245084
77245190
77243836
77244751
77244296
78046132
78045244
78045348
78045397
78044849
77247238
77245574
77243867
77244414
77244945
78045684
78045315
78044937
77245174
77247211
77247042
77245049
78046091
78045684
78044955
77247224
77245386
77243819
77245073
77243832
77245937
77244862
78046017
78045521
77273777
78044713
78045093
77245837
77246952
77245720
77244837
77243787
77243883
77244290
77243797
77246502
78045646
78044955
77244761
77247052
77246921
77244689
78045775
78045621
77272861
78044423
78043754
77244543
77246002
77245194
77243435
77243930
77243732
77243397
77243688
77245108
77244821
78045727
78045656
78044705
77245954
77247048
77247002
77244946
78045812
78045792
78044982
77245843
77247039
77245630
77244753
78045877
78045289
78044566
77244715
77246801
77244765
77244404
78045453
78045375
78044428
78044431
77246751
77244846
77244694
78045235
78045087
78044582
77244266
77246557
77245134
77245773
78044829
78044471
78044365
77272642
78044378
78044437
77244144
77246466
77246525
77244240
77245493
77245450
78044450
78044158
78044046
77246213
77245257
77242729
77243372
77243140
78043622
77272475
78043752
78043809
77243804
77246259
77244757
77244028
78044456
77272630
77242748
77274915
77243829
78044040
78043880
77244688
77245740
77242576
77243866
77242549
77243237
77243695
78044850
77274258
77242833
77275919
77245025
78044209
77275674
77243099
77276839
77245263
77245609
77242881
77244299
77245304
77245977
78045456
78045098
77272743
78045337
78044913
78044313
77245340
77246485
77244736
77245581
78044909
78044641
78044217
78044158
77246427
77246130
77245551
77245607
77244298
78044919
78044658
78044161
78044048
77244080
77246065
77246040
77243992
78044712
77274396
77242904
77275332
77244363
78043685
78043789
78043760
78043822
77245699
77242683
77245592
77245824
77243753
77244465
77245398
78045175
78044711
78044220
77272678
78043525
78043197
77245145
77246143
77246135
77245331
77245390
77243842
78044624
78044501
78043782
77244540
77246083
77244695
77245190
78044581
77274536
77244250
78043764
78043845
77244567
77243863
77245012
78044542
78043829
78043484
77244546
77245749
77243990
77243604
78044449
78043978
78043405
77245674
77244869
77243484
78044394
78044068
78043396
77244321
77245568
77243812
78043313
78042583
77243849
77244959
77244951
77242831
77242941
77275148
77245009
77243101
78043717
78043606
78042889
78042728
77244953
77244193
77242999
78043939
78043177
78043401
78042994
77271393
78043733
78042878
77270790
78042458
77271861
78042745
78042964
78043023
77243693
77245039
77243863
77244032
77245062
77244359
78043814
78043569
78042856
78042693
77245027
77243070
77242848
77243770
77243037
78044106
78043660
78042819
78042926
77243810
77245113
77242647
77242252
77241866
78043537
78043249
78042960
78042782
78042867
78042710
78042833
78042685
77244968
77243141
77242792
78043827
78043428
77271054
78042900
78042482
77242665
77244308
77244484
77275336
77244616
77242558
77274675
77243953
78043658
78043194
78042827
78042433
77242623
77244794
77243695
77242536
78043237
78042638
77242602
77244800
77244540
77244156
77242631
78043172
78043500
78042604
78042563
78042537
77270506
77274547
77243854
77242461
77242990
77242521
78043293
78042854
78042389
77243313
77244451
77242792
77242224
77242386
77274929
77243295
78043376
77273156
77241358
77241638
77241058
77243952
77241897
78043173
78043065
78042558
78042311
77244594
77242569
77242415
78043409
78043242
78042399
78042390
77242756
77242631
77242231
78043063
78042994
78042084
77242135
77244390
77244207
77241985
78043167
78042393
78041907
77241964
77244111
77242256
77241883
78042472
78042114
78041643
77243940
77242870
77241942
78042834
78040790
77241263
77243389
77243425
77241452
78042446
78041518
78041554
77242595
77243648
77242188
77241619
78042043
78041396
77241995
77243501
77243377
77241233
78042043
78041692
78040953
77268564
78041079
78041394
77242144
77243299
77243093
77239473
77241143
77240996
78041665
78041721
78040742
77268365
78041122
78040874
77241966
77242988
77242890
77240852
78041545
78040724
77240878
77243052
77239840
77242986
77242366
77240951
78041748
78041211
78040909
77243250
77241546
77241087
78042228
77271907
77240027
78041180
78040909
77269029
78040999
78040863
77240583
77242949
77239993
77242801
77239952
77243064
77241115
78041818
78041662
78040874
77242075
77243220
77241424
77242395
78041744
78041608
78040893
78040908
77243198
77241446
77240881
78041598
78041566
78040814
77240778
77242982
77242847
77240819
78041213
78040995
77241755
77242951
77242704
77240745
77239484
77241018
77240834
77239501
77241483
78041059
78040771
77270005
77272848
77242199
77238687
77241193
77241033
77273313
77241790
77241057
78041851
78041967
78041153
77241183
77243234
77241420
77242446
78042041
78041324
78041202
77242041
77243272
77241554
77242375
78042039
78041879
77270666
78040620
78041106
77241135
77243277
77238830
77241744
78041182
78040675
78040869
77240920
77242998
77242867
77239736
77241211
77241046
78041484
78041519
77269177
78040537
77272657
77241457
78041347
78041277
77240912
77243014
77241443
77240920
78040936
78040960
78040992
77241022
77243175
77243126
77240982
78040096
77271175
77239300
78040836
78040315
77241241
77242396
77242027
77238930
77241762
77237909
77241305
77240137
78040819
78040435
78040177
77268647
78040145
78039977
77239896
77239989
77239432
77240090
78041136
78040295
78040303
77239972
77242066
77241538
78041130
78040922
78040149
78039928
77242341
77240482
77241480
77272796
77239061
78039199
78038850
78039755
77242075
77240303
77239783
78040890
78040853
78039819
77239882
77241963
77241301
77239902
77239910
78040704
78039997
78039677
77240693
77241808
77240114
77239532
78040465
78040291
78039331
77239593
77241657
77240347
77239754
78040275
78040125
78039543
78039446
77239812
77241507
77241159
77239598
78040267
78039578
78039709
77239393
77241590
77240549
77239154
78039650
77269215
77238772
78039244
78038650
77238706
77240886
77239825
77238505
78039789
78039653
78038761
77238614
77240743
77239142
77238526
78039087
78038868
77266166
78038675
78038296
77239365
77240438
77238223
78038695
78038586
78038124
77239049
77240194
77238500
77239793
77238112
77238113
78039046
78039183
78038426
78038380
78038436
77239082
77240092
77239591
77238183
78038511
78038321
78038096
77240379
77238658
77238261
78039155
78038689
78038241
77265979
78037226
78037913
77265196
78037098
77237152
77239876
77239410
77236841
77239343
77238123
78038533
78038277
77266989
78037933
78037843
77240061
77238652
77237994
78038278
78037854
77238765
77239910
77237699
77237427
78038051
78037710
77237386
77239779
77238428
77237698
78038805
78038474
78037674
77237646
77239909
77238239
77237872
78038386
78038082
78037538
77238541
77239659
77238339
77237531
78038133
78037574
77237171
77239646
77237853
77237432
77269792
77238358
78038381
78038003
78037601
77264380
78037637
77266138
78037245
78037523
77238482
77235368
77236634
77237473
78038305
78037713
77237417
77239642
77237657
77237373
77236233
77237133
77239176
77237469
78039039
78038399
77239426
77240571
77239527
77238344
77237007
77237467
78037874
78037700
77238621
77240866
77237647
77239612
77237918
78038448
78038898
77266459
78038895
77268715
77239377
77237910
77241053
77239182
78039484
78039203
77240370
77241542
77241534
77239513
78039818
77269445
78039593
78039558
77268230
77271589
77240622
78040594
78039877
77239581
77241803
77239558
77240845
77239717
78040145
78039967
77266749
78039736
78039831
77242169
77241356
77239992
78041072
78040226
77239906
77242073
77240325
77239805
78040438
78040158
77239790
77241977
77241340
77239798
78040723
78040274
77239920
77241998
77240695
77239805
78040451
78039842
77240536
77241843
77241329
77239959
78040379
78040514
78039889
77240820
77242058
77239998
77241185
78040839
78040505
78039568
77267556
78039654
77269739
78039826
77269522
77241195
78040561
78040601
77269643
78040910
78040375
78040064
77240951
77242093
77241924
77239039
77239611
77240056
78041054
77272552
77240828
77240244
78040264
78040321
78040021
77242290
77240292
77241421
78041077
78039170
77240463
77241628
77241557
77239656
78040773
78040518
78039715
77239727
77241952
77240176
77241308
78040832
78040743
78039691
77239776
77241885
77241742
77239811
78040459
78039935
78039352
77241795
77240026
77239441
78040128
78039351
77238908
77241312
77241224
77240643
77239069
77238889
77239672
78040182
78040035
78039164
77268066
78039536
78039034
77239965
77241182
77239954
78038776
77241216
77241107
77240627
78040401
77271215
77240623
77239194
78040090
78039575
78039182
77241451
77239357
77240692
77239256
78040158
78040054
78039162
77239140
77241392
77239829
77239103
78039999
78039863
78039110
77240138
77241355
77239946
77239114
78040170
78039698
78039013
78039125
78038825
77241231
77240835
77240447
77239903
77241162
77241198
77239436
78040216
77270984
77240431
77238287
78039237
78039673
78039595
78039215
78039427
77268539
77240672
78040227
77271119
77239892
77239345
78040179
78039575
78039143
77239204
77241204
77239102
77240453
77238976
78039886
77271342
77239709
78039225
78038839
77267122
77239309
78039876
78039703
78038900
78039173
77240795
77236551
77240674
77240308
77238930
77271842
77239194
77239016
77271530
77238032
77239949
77239192
77240179
77239310
78040342
78039758
78039633
77266752
78039645
78039297
77240369
77241484
77241465
77240710
77237948
77238415
77239855
77238455
77240417
77239585
78040246
78040265
78039872
78039606
77241926
77239982
77241084
78040703
78040338
78039634
77239596
77238353
77238744
77240050
78039376
78038783
77238749
77240854
77240015
77240237
78039904
78039460
78038970
78038853
77239541
77241054
77239309
77240219
78039910
78039627
78038778
77239628
77240831
77239718
77240175
78039539
78038883
77238753
77240825
77239106
77240002
77238210
77239529
77239990
77239854
78039446
77269876
77240561
77240266
78039459
78039011
78038695
77240978
77239213
77240157
78039603
77271182
77239149
78039668
78039631
78038695
77267419
78037986
77268288
77239156
77238670
78038663
77240921
77240516
77239015
78040047
78039119
77238983
77241289
77239877
77239195
78039574
78039259
78039047
77241316
77241123
77239006
78039774
78039270
77239015
77241175
77239193
77238954
78039870
78039727
78038873
77267438
78039410
77270130
77238721
77240085
77238123
77236698
77241010
77237536
77241163
77239135
78039855
78039550
78039054
77240044
77241189
77239567
77240470
78040039
78039360
78039187
78039109
77239086
77241335
77240321
77240602
78040180
78039430
78039054
77240196
77241311
77239717
77240708
77240471
77240261
78039354
77268897
78039982
78039061
77240075
77241292
77241051
77238929
78039001
77241120
77241157
77240439
78040168
78039226
78039211
77266990
78039364
78039449
78039348
77241566
77239958
77240956
78040770
78040484
78039779
77239624
77241983
77239977
77241226
77239801
78040873
78040154
78039852
78039699
77239838
77241973
77241948
77239890
78040476
78040295
78039818
77240589
77241877
77240509
77240253
78039927
78039379
78039056
77239022
77241241
77239690
77240607
78040309
78039692
78039386
77239433
77241334
77241229
77239253
78040261
78039617
78039290
78039125
77239152
77241342
77239573
77239244
78040082
78039874
78038960
77239081
77241220
77240234
77239027
77271731
77237996
77237593
77239120
77239951
77238627
77238049
77238545
77238354
77238655
77240084
77240276
78039867
77270655
77239334
78038823
78039383
78038813
77241082
77239423
77238927
78039874
78039572
78038787
77239915
77241091
77240101
77237011
77239157
77238610
78039351
78038936
78038744
77239632
77240777
77239117
77239986
78039216
78038501
77239600
77240766
77239333
77239907
78039300
78039144
78038478
77238562
77240599
77239409
77239771
78039163
78039042
78038809
77266999
78038199
77268091
77239687
78039464
78039427
77266452
78039237
78038960
78038431
77240823
77238411
77238922
77239944
77238456
77237851
77239860
78038892
78038297
77239324
77240490
77239142
77239689
77271198
77238344
77238287
77237901
77237573
78038093
78038459
78038218
77240487
77238673
77238369
78039422
78039259
78038401
77239395
77240567
77239809
78038957
78038523
78038186
77240527
77238731
77238272
78038888
78038677
77238230
77240318
77238790
77240109
77239602
77236749
77237573
77237176
77271090
77237867
77238053
77238539
77238187
78038871
78038194
78037919
77238700
77240176
77238359
77237938
78038807
78038277
77237903
77240091
77238322
77237901
78038746
78038384
77266211
78037827
78037034
77237207
77239366
77239548
77237390
78038086
77268710
77237742
77269329
77238513
78038101
77268027
77238012
78038216
78038038
78037475
77239607
77239435
77237708
78038491
78038293
78037467
77237543
77239672
77239657
77237626
78038216
78038208
78037324
77239644
77238259
77237328
78038425
78038275
78037375
77238504
77239745
78036885
77238379
77236305
77239099
78037990
78037474
77238429
77239697
77237367
77237389
77237410
77236339
77237694
77238803
78037845
78037247
77238322
77239563
77236487
77238702
77239690
77237666
78038458
78038375
78037595
77238742
77240038
77239086
77237906
78038870
78037945
78037892
78037616
77239885
77238023
77237334
77238530
77237437
78037943
78037944
77237503
77239390
77237721
77237341
78038335
78037468
78037460
77238287
77239576
77239331
77237283
78037310
78037018
77239215
77238577
78037859
78037178
77237025
77239274
77237652
78038149
78037203
77238100
77238978
77238607
78037347
78037050
78037184
78037029
78037050
77237083
77239236
77238372
77237132
78037766
78037054
77236853
77239044
77237836
77236937
78037296
78037219
78036840
78036573
77237761
77238673
77237499
77236606
78037177
78036533
77237346
77238505
77238336
77236339
78037045
77265890
78036322
78036447
77264083
78035411
78034877
77235837
77237033
77235966
77234657
77236252
77235807
78036060
78035633
77235700
77237904
77236015
77237076
78036657
78036185
78035676
78035518
77236572
77237741
77236748
77235565
78034995
78035013
77235083
77237383
77235484
77235084
78036031
78035375
78035210
77235039
77237213
77235474
77235136
78036208
78035813
78035037
77235744
77237185
77236872
77234776
78035669
78035652
78034801
77235777
77237045
77235942
77234640
78035675
78035488
78034776
77234686
77236539
77236257
77234565
78035242
78034845
78034580
77236870
77235091
77234636
78035678
78034600
77264769
78035535
77264781
77233699
77266287
77235638
77234634
78035219
78035249
77263448
78033946
78034589
77234428
77236857
77234445
77235515
77235065
78035470
78034921
78034601
77235620
77236909
77235281
77234589
78035461
78035101
78034464
77235366
77236584
77234948
77234538
77234543
78035626
78035302
78034374
77234238
77236463
77234807
77233875
77234920
77234004
78034602
78034349
78034016
77263323
77267139
77235925
78034770
78034583
78034404
78034250
77236591
77234548
77235749
78035375
78035266
78034173
77235231
77236427
77234628
77234129
78035025
78034761
78034137
77235188
77236332
77233011
77235836
77235587
77234026
78034821
77264924
77233123
78034558
77265392
77235602
77266747
77236282
77234309
78034804
78034877
77263243
78035347
78034535
77235469
77236560
77235199
77234177
77235373
77234988
77235258
77234519
77233485
77236536
77233131
77234302
77234808
77233787
77234106
77234756
78035553
78035713
77264087
78034625
77264483
77234537
78035150
77263681
77233579
77233361
77235173
77234567
78035309
77266204
77234601
78035462
78035080
77262262
78033622
78033566
77234606
77236657
77236153
77232341
77235499
77233890
78034340
78034393
77263394
78034469
78034231
77233947
77236299
77236221
77234163
78035335
78035028
78034114
77235082
77236272
77234937
77234136
78034619
78034102
78034027
77236231
77235276
77234130
78034349
78034225
77234088
77232746
77234059
77234022
78034570
78034201
78034096
77234955
77236165
77235840
77233948
78034547
78033936
78033746
77233937
77236039
77234457
77233859
78034492
78034432
78033796
77261877
77264554
77233805
78034005
78033645
77262965
77266728
77234879
77231574
77234586
77233925
78034589
78034683
78034187
77235035
77236263
77235139
77234258
78035239
78034966
78034180
78034163
77236432
77234724
77234198
78034667
78034390
78034131
78033969
77236324
77236193
77233956
77232756
77233241
77234039
78034494
77263530
78034108
78034453
78034083
77235134
77236234
77236158
77234086
78034561
78034466
78034033
77234229
77236195
77236088
77235394
78035014
78034672
77234134
77236397
77234648
77235548
78035011
77265469
77234057
78034083
78033825
77234722
77235969
77234153
77233707
78034773
78034637
78033637
77233501
77235771
77233967
77235018
77232527
77232715
77232655
77233004
77235218
77233827
78034101
78033989
77263052
78033955
78033862
77233651
77235804
77234059
77234955
78034432
78033704
77233528
77234769
77235515
77234829
78034032
78033408
77261584
78032713
78033582
77234504
77235598
77234209
77233357
78033805
78033590
77233328
77235481
77233788
77233268
77232053
77232211
77232779
77264184
77232973
78032982
78032609
77232537
77234728
77234483
77233529
77234038
77232454
77232065
77233074
78033508
78033294
78032307
77234627
77232841
77233741
77232439
77232108
77233835
77230809
77233522
77232456
77230348
77232561
77233858
77232703
77231972
77234230
78033454
78032726
77233742
77234917
77230649
77233783
77232811
77234097
77234411
78033951
78034027
77262610
78034223
78033888
77261696
78032631
77262706
78034312
78033470
77233371
77235596
77234603
77233294
78034374
78034194
78033503
77234394
77235584
77234556
77233332
78034049
78033841
78033307
77233312
77235462
77234534
77233239
78033893
78033736
78033652
78033136
77235368
77235198
77233242
78033471
78032990
77234143
77235148
77234244
77233122
78033977
78033556
78032761
78032818
77234985
77234043
77232771
78033394
78033031
78032663
77233690
77234715
77233213
77232802
78033780
78033279
78033232
77233070
77235199
77235003
77234398
78034038
78033844
78032905
77233021
77235176
77231355
77234704
77234275
77234422
78033910
78034086
78033170
77233199
77235325
77235266
77234640
78033576
78033413
77233305
77235540
77234472
77233203
78033795
78033484
78032911
77235252
77235011
77234352
78033944
78033443
78033190
77232891
77235146
77233987
77234270
78033697
78032918
78032742
78032814
78032640
77235032
77233188
78031987
77234235
77233618
78032958
77263243
77233527
77232078
77231511
77232271
77264461
77233555
77232424
78033330
78033272
77260752
78032311
78031587
77260102
78032472
78031420
77233696
77230460
77232117
77231522
77229799
77232173
77231710
78032657
78032636
78031985
78031609
78031499
77233819
77232122
77231773
78032071
78032519
77261567
77263707
77233869
77231944
78032632
78033056
78032058
77232928
77234210
77232489
77233337
77231953
78032763
78032862
77260998
77229801
77233955
77233320
78032301
78031983
78031750
77232901
77234002
77232161
77233108
78032820
78032615
78031723
78031785
78031703
77233870
77233824
77233096
78032643
78032432
78031472
77232352
77233497
77231656
77232723
78032281
78031814
78031169
77233387
77231978
77232562
78032131
78031626
78031141
77233243
77231443
77232674
77231163
78032144
78031621
78030974
77231925
77233214
77232197
77232314
78031906
78031760
78031063
78030885
77233291
77231713
77232390
78031485
78031451
78031084
78031283
78030993
77231969
77233100
77230732
77231916
77230923
78031667
78030850
77259774
78031375
77262452
77231387
77230882
77230247
77230840
77230947
77232436
78031960
78031913
78030826
77259271
78030988
78030170
77230866
77232998
77231641
77229380
77230806
77230961
77232085
77232535
77231809
77232001
77233325
77231138
77230431
77230343
78030938
77261653
77233167
77231191
78032312
78031703
77260796
77232587
78031039
77233192
77233191
77232381
77230997
77233043
77232566
78032090
78032012
78031120
77231310
77233327
77231715
77232628
78031763
78031161
77232249
77233025
77232713
77232614
78032203
78032019
78031395
78031401
78031377
77233530
77232550
78031476
78031094
78030796
78030637
77233008
77231994
77232203
77230921
78031219
78030888
78030784
77231665
77232947
77232809
77230668
78031359
78030812
78030718
77258557
78029915
77261504
77228732
77231066
77230356
77228251
77232374
77232038
78031582
78031148
78030638
78030430
78030445
77232714
77230921
77231974
78031169
78030823
77259606
77231740
78031381
77262900
77231828
77231127
78030159
78030574
77231491
77232759
77230863
77231950
77230668
78031598
78031254
78030504
77230368
77232617
77230848
77230362
78031227
78030748
77231501
77232646
77232477
77231670
78031273
78030831
78030125
77231280
77232514
77232376
77231839
78031075
77262244
77231404
78031044
78030847
78030031
77259512
77229238
77262166
77230101
77231643
77231610
77230084
77232168
77231814
77231703
78031370
78030468
78030230
78030150
77232426
77230660
77231529
78030958
78030619
78030134
78030068
77230100
77232318
77231297
77231478
77230074
78030946
78030655
78029983
77231034
77232251
77230619
77231518
78031035
78030243
78029944
78029857
77232126
77231211
77231430
78031042
78030141
78030093
77258095
78030675
78029617
77230766
77231997
77230129
77229750
77230621
77231731
77231268
77229935
77229763
77229258
77230298
78029388
78030542
78029768
77258202
78029695
78029790
77229823
77231949
77231890
77229749
77229832
77231259
78030546
78030463
78029748
77230932
77232142
77231159
77231354
78030956
77261947
77230337
77260358
77229592
78029834
78029586
78028839
77256904
77228991
77230240
77227647
77229574
77229293
78029508
78029220
78029307
77229097
77231308
77229261
77230670
78030331
78029645
78029140
77231532
77230459
77230632
78030203
78029630
77259316
77229443
78029433
78028997
78028835
77231111
77229225
77230285
77230214
77227642
77228672
77229919
77230219
78029764
78029652
78028990
77228871
77231126
77229282
77229070
78029715
78029499
78028651
77256951
78029621
78028899
78028585
78028499
77230830
77227238
77230638
77228592
77228079
77230174
78029725
78029480
77257872
77229142
78029418
78029672
78028925
77257419
77230132
78028981
78028532
78028568
78029042
78028725
77230964
77229085
77230148
78029538
78029020
78028957
77258368
77228721
77229866
77229420
78028763
77260726
77228744
77229937
77230247
78029228
77259608
77229485
78029682
78029175
78028697
77256737
78028827
78028385
77228776
77230952
77230845
77228758
78029589
78029429
78029056
78028662
77231072
77229231
77230082
78029289
78028903
77229683
77230879
77230806
77230293
77228392
77229510
77229161
77230409
77229778
77228479
77228918
77229763
78029355
78028400
78028355
77228433
77230500
77228940
77229826
78029367
78029069
78028301
77229277
77230522
77229137
77228431
78029175
78028778
78028263
77229255
77230417
77229773
78029111
77259669
77228592
77226409
77229097
77228293
77228164
77227871
77227223
77228297
77228867
77228480
77228621
77229829
77228525
78028959
78028754
77228666
77230822
77229348
77228564
78029163
78028531
77228587
77226488
77229856
77226894
77227513
78028903
78027954
78027858
78027905
77228801
77230162
77229121
77227006
77228419
77229681
78029300
78029048
78028131
77256464
78028944
78028336
78028186
77230527
77229514
77229777
78029202
77258810
77228728
77260106
77228866
78027854
78028618
78028308
77230547
77228070
77228447
77228154
77229034
77229769
78029095
77257503
78029371
78029176
78028603
77255820
78027580
78028398
77228313
77230442
77230430
77227157
77229124
77229643
78029197
78028481
77228318
77230485
77228257
77229477
77229870
78029479
78028738
78028398
77229431
77230699
77230650
77229908
77229965
78029393
78028658
78028712
78028473
77230793
77229391
77229759
78029447
77258579
77226196
77230412
77228310
78029275
78028933
78028301
77228280
77230505
77228889
77228246
78028913
78028627
78027961
77230329
77228581
77228085
78028533
78028213
78027964
77256486
78029136
77260389
77228114
77227200
77227672
77228937
78029457
78029231
77256199
78029429
78029053
78028316
77229367
77230399
77229287
77228326
78029292
78028726
78028645
77228729
77230903
77229045
77228529
78029297
78028995
78028417
77228385
77230613
77229312
77228467
78029234
78029285
78028400
77228378
77230668
77228711
77228301
78029224
78028891
78028266
78028481
78028384
78028213
77229240
77230406
77228586
77228117
78028296
78028050
78027975
77230091
77229970
77227901
78028733
78028291
78027737
77227849
77229972
77228155
77227734
78028466
78028417
78028062
77227898
77230075
77228773
77227611
77260471
77228480
77226524
78027491
78027426
78027186
77228189
77229406
77227651
78027014
77229280
77229456
77227486
78028532
78028141
77255510
78026747
77256751
77227842
78028121
77255406
78026910
78027258
77227351
77229542
77227266
77226868
77227361
78027953
77257830
77228643
78028355
78028208
78027395
77227251
77227294
77228685
77229379
77225886
77228312
77229368
77227400
77225374
77228855
77227730
77227609
77227045
77226825
77227499
77227882
77226841
77228175
77227872
77227603
77228052
77225639
77229008
78028798
78028579
78027802
78027500
77229885
77227719
77227159
77228267
78027774
78062975
78062501
78062239
78062334
77264675
77262645
77263877
77262394
78063162
78063164
78062242
77262298
77264574
77263483
77262309
78063229
78062842
78062026
77263224
77264338
77260783
77263717
77261876
78062746
78062263
77289241
78062035
78061789
77262531
77264096
77262706
77261909
77295112
77262428
78062974
78061907
77262829
77264046
77260670
77262161
77261843
78062250
78061758
77261375
77263573
77263006
78062367
78062350
78061318
77261471
77263604
77261814
77260138
77261444
77261424
77294465
77262753
77261407
78062538
78062211
78061395
77261577
77263775
77260413
77260720
77259296
77262569
78061664
78061534
77262358
77263548
77263392
77261261
78061882
78061835
78061227
77262118
77263233
77262992
77261002
78061894
77291729
77261037
78060996
78060962
77260831
77263107
77261931
77260811
78061555
78061509
77289869
78060105
78059991
77262014
77263180
77259642
77261922
77261562
78061688
78061607
77260057
77262458
77260173
77260646
77261857
77260361
77260020
77260933
77260354
77261764
77260543
78061378
78061229
78060494
77261706
77262937
77262600
77260682
78061673
78061465
78060590
78060339
77261369
77262637
77262516
77260386
78061167
78061149
77289320
77258068
77259849
77259318
77261100
77259562
77261552
77259820
78061636
78061615
78060807
78060842
78060680
77262970
77261105
77262073
78061552
78061443
78060919
78060483
77262824
77258138
77260249
77261897
78061101
77290212
78060565
78060135
77259519
77261696
77260680
77260935
78061437
78061178
78060240
78060279
77262446
77260629
77261795
77260435
77258020
77260963
77262124
78061760
78061501
78060750
77260632
77262913
77261219
77262040
78061822
78061738
78060567
77261669
77262859
77258521
77261365
77262175
78061527
78061249
77290264
77262224
78061861
78061687
78061163
78060653
77288866
78060114
78060708
77260769
77262946
77261379
77262113
78061684
78061012
78060493
77260668
77262770
77261719
77260474
78060762
78060978
78060434
77261451
77262654
77262434
77261823
78061487
78060863
78060319
78060205
77262546
77261604
77260380
78060948
78060375
77261301
77262532
77262247
77261327
78060960
78060277
78059916
77262185
77261278
77261385
78060916
78060664
78059929
77259982
77262156
77261953
77259809
78060510
78060018
78059677
77259710
77261890
77261574
77259577
78060219
78059876
78059487
77260551
77261624
77260334
77259159
77259369
77259346
78058464
78058424
77259393
77260719
77259668
77258560
77258768
78059339
78058718
77259747
77260903
77260427
77258791
78059078
78058665
78058527
77260912
77259615
77258831
78059616
78059116
78058719
77258813
77261041
77259973
77258790
78059561
78059030
78058638
77258820
77260833
77260851
77258773
78059553
78059051
78058471
77260675
77259757
77258622
77290699
77258847
78057685
78057986
77257989
77260129
77258047
77258589
77257230
77257344
77257487
77258582
78058880
78058394
77285762
77288250
78058640
78057568
77258575
77260598
77259357
77258371
77258492
77258759
78058636
78058677
77259475
77260569
77259661
77258545
78059344
78058810
78058223
78058248
77260480
77259535
77258249
78058865
78058620
78058002
77260357
77259268
77258143
78058591
78058106
77259098
77260315
77259221
77258261
78058772
78058590
78057919
77260304
77258542
77256902
77257545
77256829
77257567
77257985
78058670
77287468
77256107
77259195
77258573
78057394
78057999
77259820
77256807
77258961
77258484
78059106
78058844
77286494
78057293
77288874
77258845
77257180
77258086
77258547
78058763
78058678
78058269
77260371
77259212
77258047
78059148
78058728
77258167
77260215
77260255
77258100
78058370
78057730
77257985
77260207
77258411
77259355
77290585
77258954
77255649
77256742
77257351
77258052
77290913
77260237
77258165
77290332
77258707
78058970
78057876
78057765
77260031
77256793
77258394
77257990
78058964
78058742
78057997
78057942
77260211
77256753
77260756
77256964
77257003
77258221
77257969
77259162
77256963
77257507
77257075
77260143
78057178
78057470
77258386
77259613
77258005
77257547
78058286
78057758
78057637
77258440
77259791
77259748
77257604
78058500
78058490
78057779
77257768
77260082
77259868
77257742
78058166
78058254
77284676
78056803
77286822
78057323
77286123
78057949
78057789
78057433
77259730
77259722
77257460
77258642
77259256
77259045
78058746
78058284
78057502
77257515
77259764
77259643
77258969
78058663
78058497
78057972
78057549
77259747
77257973
77259048
78058321
78057892
78057306
77259510
77259317
77258682
78058261
78057813
78057245
77256992
77259286
77258467
77258577
78057942
78057589
78057035
77285264
78058065
77287686
77258486
78057204
78056993
77257995
77259140
77258913
77256892
78057721
78057825
78056916
78056660
77258864
77257071
77258022
78057542
78057184
78056409
78056397
77258840
77256759
77257889
78057518
78057451
78056525
77257644
77258718
77257545
77257954
78057219
78056591
77257579
77258722
77254659
77257280
77256963
77256211
77254909
77257510
77257139
78056286
78055407
77256349
77258376
77258330
77256347
78057375
78057085
78056360
78056159
77258704
77257462
77257808
78057143
78057030
78056362
77257362
77258565
77258533
77257791
78057191
78057083
78056339
77256389
77258528
77257583
77256475
78057306
78056580
78056392
77258709
77258650
77257755
77257828
78057454
78057438
78056616
77257488
77258633
77257630
77257921
78057384
78057026
77256111
77258715
77257076
77257907
78055673
78055628
77256373
77257916
77256246
77255708
78056159
78055852
78055652
77257637
77256171
77258175
77256815
78056269
78055813
77255448
77257652
77257477
77253877
77256647
77256717
77253985
77254640
77256556
77255220
77256572
78055876
77286138
77255716
78054874
78054651
77254521
77257503
77257419
77256626
78056259
78055470
77287295
77256722
78055504
78055386
77255124
77257356
77255646
77256555
78056116
78055871
78055119
77282718
77286598
77256073
78054606
77284418
78056325
78055854
78055671
77283162
77285576
77255756
78055725
78055805
78055153
77257422
77255752
77253113
77254881
77254471
78055534
78055720
77255297
77255615
77256556
78055460
78055360
77256408
77257197
77255304
78055556
78055225
77256249
77257185
77255337
78055655
78055319
78055328
78055399
77255351
77257525
77257404
77255257
78055558
78055179
77256243
77257083
77257273
77255157
78055384
78055256
77255073
77257349
77256643
78056273
78055502
77255158
77257188
77256581
78055933
78055288
77255030
77256247
77256213
78055832
78054793
77255830
77256777
77256064
78055544
78054766
77254732
77256909
77256719
77254634
78054837
77285158
77252275
77254319
78054542
78054443
77255318
77256532
77255699
77254268
77254649
77255815
78055263
78054420
77255372
77256284
77255831
77287262
77254664
77253522
78054415
78054200
77255230
77256477
77252701
77254590
77254262
78054638
78054546
77254178
77256349
77254104
77254687
77254082
78054468
77284711
77254546
78054534
77284434
77255420
78054461
77283791
77255725
78054189
78053714
78053436
77255705
77255320
77252020
77253239
77253879
78054635
78053979
77282161
78055018
78053951
77254642
78053816
77256208
78053775
77256065
77255345
78054859
78053979
78053849
77256169
77254136
77254429
77254014
77286901
77254122
78055079
78054358
77282568
78054367
78054031
77254087
77254869
77255356
78054759
78053954
78053819
77256139
77253809
77253697
77253102
78053363
78053964
77253994
77256078
77255991
77253841
77254932
77253957
77254952
77253374
78053644
78053888
77253968
77256046
77254301
78054626
78053718
77253566
77255743
77255567
78054502
78054127
77281986
78053677
78053725
77254531
77255618
77253373
77253406
77252563
77252062
77252957
77253648
78053698
78053576
77254617
77255742
77255385
77253645
78054175
78054276
77253753
77255838
77254596
77253713
78054687
78053715
77253527
77255399
77254979
78054377
78054064
78053680
77254520
77255525
77255335
78054406
78053637
77254587
77255654
77255625
77251958
77252492
77252466
77284681
77252632
78052628
77283806
77255040
78054212
78053548
77254558
77255847
77254424
77252534
77254255
77253691
77252525
77255940
77253954
78054205
78053919
77254881
77255944
77255775
77253929
78054298
77285408
77253623
77255630
77253683
78054361
77285532
77254438
77253781
77253710
77254110
78054530
78054051
77255123
77255933
77254613
77254073
78054246
78054219
77255209
77256423
77255638
78055092
78054375
77254340
77256517
77256440
77254317
78054652
78054204
77254196
77256253
77256252
77253824
77253599
77254164
78054540
78054059
77254992
77253724
77254913
77253688
78053234
77283903
77253820
78053544
78053272
77283382
78053364
78053312
77254036
77253048
77254810
77253247
77251749
77255083
77254630
78054006
78054127
78053404
77254166
77255376
77254899
77253299
78053729
78053206
77253399
77255364
77255329
77253318
78053777
78053166
77253005
77255295
77254859
78054044
78053532
77253062
77255054
77252830
77255004
77254479
78053733
78052972
78053137
77255341
77253080
77253276
77253205
78053418
77283328
77253668
78052875
77284010
77253260
77252877
77253497
77251653
77253110
77253508
77252804
77252733
78053075
78053513
77281283
78053123
78053637
77253653
77255686
77255179
77253466
78054437
78053723
77253574
77255621
77254939
77253537
78054230
78053547
77253499
77255556
77253199
77252598
77253225
77253359
77252741
77253488
77253219
77253663
78054184
78053667
77281868
78054744
78053949
77282314
77286232
77254955
78054945
78054229
77281968
78054019
78053474
77254059
77252723
77255732
77255371
78054661
78053842
78053879
77256053
77253708
77254788
77252844
78054085
78053600
77253583
77255653
77255043
78054499
78053790
77254600
77255700
77255825
77253736
78054333
78053932
77253516
77252130
77253215
77253879
77252000
77253534
77253805
77253605
77252504
77253359
77252609
77254042
77254985
77254078
78054574
78054214
77255102
77253964
77255102
77253243
78054284
78053907
77254988
77256126
77253847
77254516
77254003
77252099
77256222
77254005
77255869
77252633
77255466
77252765
77253748
77252726
77254473
77254357
77254340
77255366
77253456
77286163
77255494
78054577
78053333
77254378
77255434
77254748
78055302
78054654
77254162
77256432
77256256
77254255
77252492
77253393
77254678
77254426
77253873
77253466
78053839
78053459
77254387
77255351
77253910
78054318
78054251
78053291
77253468
77255498
77255401
77253501
78054124
78053561
77254586
77256347
77255024
78054374
78053633
77254510
77255662
77255674
77253414
78053862
77283647
77255008
78054164
78053545
77254534
77254549
77253414
77253070
77253402
78054024
78053754
77254606
77255347
77253427
78054183
78053671
77254396
77255490
77254969
78054540
78053588
77254422
77255527
77255286
77253498
78053553
78053401
77282184
78053300
78053496
77254126
77255373
77253091
77254062
77253152
77250989
77254584
77253240
78053487
78053501
77282037
78054268
78053372
77254260
77255501
77255284
77253380
78053807
78053377
77253556
77256233
77253454
78053977
78053503
77254611
77255828
77252144
77253050
77253823
78054330
78054484
77253808
77255880
77255755
77253704
78054248
78053748
77254697
77255733
77255666
77253669
78054021
78053605
77254771
77255742
77255094
78054673
77284207
77254838
78053792
77284435
77254958
78053891
77284205
77254090
78052991
78052757
77280292
78053004
78053453
77253598
77255529
77254918
78054446
78053678
77253671
77255834
77255580
77253618
78054138
78053514
77281635
78052789
78053637
77254380
77255391
77253474
78053877
78053463
77253198
77255553
77255497
77253586
77286418
77254648
78054433
78053884
77254530
77255720
77255585
77253386
77254394
77254105
77252069
77254659
78054549
78054136
78053367
77253479
77253824
77253510
78054051
78053571
77254397
77255614
77253961
78053325
78052813
77252868
77254823
77254158
77252705
78053138
78052708
78052731
77253845
77253891
77253659
77252796
78053057
78052832
78052710
77252818
77254735
77254261
78053901
78052911
77253501
77254980
77254866
77252873
78053468
78052661
77253613
77254549
77254229
78053528
78052875
77253778
77253912
77254012
78053785
78052598
77253725
77255188
77253931
77252104
77251496
77251312
78051393
78051955
77252012
77253969
77253389
77250761
77252038
77252031
77284502
77253070
77250579
77251267
77250965
77252845
77252184
78052779
78052091
77279915
78051550
78052228
77253279
77254119
77252069
77253231
77252040
78053100
78052615
77279215
78051293
78051878
77279434
78052247
78052294
77252365
77254384
77254260
77284971
77251168
77253436
77284826
77254303
78052860
77282836
78053281
78053231
77279832
78052793
77282563
78052889
77283201
78052872
78052135
77252780
77255004
77251814
77251804
77254813
77253037
78053542
78052910
77280216
78053674
77253980
77255023
77250771
77255163
77254458
78053405
78053623
78053010
77253080
77255209
77255211
77253183
78053719
78053295
77253158
77255209
77254995
77252920
78053587
77283679
77253442
77284945
77250867
77252896
78053811
78053300
77280512
78054006
78053082
77255358
77255278
77253103
78053739
77282619
78053155
78052188
77253107
77253937
77253385
78053877
78053071
77252914
77254913
77254166
78053591
78052796
77253654
77254714
77254825
77252582
77285654
77254678
78053804
78052900
77252825
77255122
77254912
77252738
78053191
78052927
77252815
77255115
77253749
77252833
78053108
77252025
77254195
77254080
77252311
78052471
78052425
77253287
77254360
77253159
77252488
78052616
78052442
77253449
77254663
77254193
78053607
78053106
77253575
77254597
77254609
77252475
78052980
78052320
77252309
77254218
77253827
78053358
78053176
77252485
77254686
77254520
77252541
78053061
78052791
78052364
77254633
77254560
77252417
78053445
78052701
78052320
77254624
77254359
77252362
78052469
78052204
77280104
78051732
78050709
77252978
77253716
77251596
78051969
78051683
77252746
77253877
77253458
78052657
78051848
77252382
77253548
77253355
77251471
78051580
78051399
77252474
77253684
77253108
77250089
77251144
77251191
77284137
77252885
78051972
78051331
77251474
77253409
77250354
77252936
78052255
78051626
78051358
77253576
77252232
77251386
77284240
77250628
78051701
78051472
77251704
77253492
77250254
77251446
77251438
77284199
77250334
77252192
77253125
77284543
77250523
77253919
77284727
77251027
77284017
77252408
78052114
77281303
78052245
78051437
77251153
77254234
77253586
78053010
77281533
78051503
78052219
77252236
77254187
77253323
78053171
77283864
77253712
78052530
78052385
78052237
77254557
77254614
77253900
78052905
78052374
77252395
77252908
77253841
78053244
78052519
77253343
77254570
77254097
77253796
78053303
78052468
78052331
77254600
77253091
77285235
77253356
77283649
77252121
77252700
78053342
77279784
78053101
78052477
77252616
77252650
77254032
78052813
78052419
77252623
77254688
77254598
77253918
78053405
78052453
77252213
77254558
77254519
77253838
78051424
78051241
77252023
77253344
77252816
78052315
78051879
78051498
77279421
77282318
77251990
78051696
78051512
77251606
77253780
77253675
77251936
78052354
78051715
77251695
77253773
77253724
77253000
78052311
77279948
78051779
78051006
77252778
77253790
77253454
77250492
77252454
78051767
77281239
78051794
78051011
77251873
77251713
77253952
77253565
78053149
78052789
78052162
77253139
77254249
77254300
77253456
77250755
77252559
77252211
78053219
78052827
78052307
78052207
77254374
77254444
77253562
78053352
78052829
78052224
77279594
78051495
78052230
77251862
77254279
77254271
77253550
78052801
78052115
77252084
77254087
77252702
77251969
78052657
78052121
77252013
77254217
77252893
77253314
78052421
78051767
77252665
77253817
77253634
77252980
78052305
78051462
77252493
77253720
77253404
77252820
78052409
78051668
78051307
77253576
77253455
77252754
78052154
78051839
78051235
77253555
77253479
77252850
78052396
78051811
77251501
77253705
77252487
77251598
78052565
78052545
78051436
77253654
77253570
77252890
78052077
78051324
77252069
77252513
77252735
78052167
77281732
77251257
78051582
78051331
77251332
77253420
77252451
77251234
77252221
77251750
78051507
78051015
77251064
77253101
77252411
78052272
78051870
78050947
77252080
77253313
77253253
77251216
78051592
78050970
77251204
77253241
77253206
77252464
78051882
78051607
78050919
77250905
77252777
77252201
77250477
77251506
77250924
78049783
78049885
77249997
77250022
77251269
77250304
78050653
78050438
78050188
77252471
77252452
77250128
77251078
77251638
78051554
78050541
78050215
77252484
77251174
77251874
78051206
78050615
77250419
77252634
77250201
77250358
77249963
77250751
78049776
78049450
77249312
77250561
77251617
78051189
77282356
77251644
78050817
78050159
77251210
77252444
77252374
77250234
78050882
78050113
77277639
78049248
77279933
78050987
78050079
77251147
77252135
77250057
77251236
77251715
78050186
77280535
77250868
78050372
78050273
77250039
77252282
77251039
77251535
78050735
78050278
77251092
77252237
77252017
77250146
78050448
78050078
77251204
77252247
77252266
77250224
78050577
78050025
77277423
78049986
77249925
77249801
77249151
77249087
77281358
77250645
77282511
77251440
77251531
78051134
78050870
78050208
77251280
77252467
77252390
77251697
78051279
78050422
78050143
77252426
77251284
77251721
78050883
78050280
77251198
77252234
77252293
77251812
78050753
78050355
77250299
77252299
77252184
77251378
78050779
78050226
77251047
77252181
77251492
78051040
78050460
78049910
77250678
77252119
77250514
77251509
78051125
78050965
78049945
77252163
77252018
77251386
78050738
78050842
78049861
77250906
77252057
77251266
78050804
78050219
77249558
77251985
77251843
77251150
78050590
78049680
77276940
78048973
77279430
77249629
77250378
77247623
77250122
77281112
77250441
78049945
77278342
78050453
78049736
77277555
78050830
77277539
78049750
78050192
77250171
77252212
77250076
77250212
77250632
78049394
78049424
77249543
77251672
77251654
77251103
78050842
78050292
78049615
77251884
77250064
77251032
78050283
77279573
78049232
78049897
77250599
77251747
77249622
77249070
77248685
77250687
77251182
77281946
77249797
77249440
77251215
78050138
78049952
77250976
77252077
77251850
77249881
77249382
77251510
78050971
78050152
77250182
77252263
77252142
77251503
78050842
78050047
77251254
77252307
77251716
78051056
78050060
77250091
77252166
77251665
77248734
77249326
77250379
78050506
78050246
77250570
77252062
77250393
77248248
77250140
77251227
77281683
77250454
78049510
78049069
77249874
77252116
77249698
77251884
78050833
78050722
78049938
77249952
77252119
77249816
77248939
77249008
77250885
78050478
78050118
77250979
77252175
77248582
77250921
77251504
78050882
78050373
77250011
77252171
77250771
77251817
77283378
77252725
77282848
77251284
78050174
77278872
78051224
78051338
77251015
77253168
77253061
77251012
77251471
77251011
77251329
77250452
77252815
78051479
78051665
77252431
77253097
77253897
77252132
78052874
78052391
77251921
77254037
77252404
77251959
78052540
78052290
77251988
77254127
77254036
77252165
78052505
78052228
77252769
77253965
77253769
77251697
78052275
78051587
77251914
77252743
77253139
78052467
78051819
77251541
77253622
77252363
77251780
78052509
78051874
77252586
77253557
77253598
77251367
78051567
78051558
77252308
77252572
77252815
78052404
78051530
78051060
77253329
77253187
78051934
78052154
78051283
77251251
77253401
77253348
77251451
78052128
77281555
77252575
78050862
78050517
77250545
77252746
77252297
77250598
78050772
78051302
77251901
77253139
77253065
77283253
77251397
78051479
77280674
78051248
78051664
78051017
77252041
77253385
77251040
77252273
77250340
78052268
77282679
77251793
78051824
78051692
77280194
78050731
77278973
78050817
78051705
77251368
77253852
77253817
77251711
78052514
78051772
78051687
77254035
77252263
77251865
78052614
78051908
77251826
77253924
77253461
77251929
77284537
77252358
78051868
77281353
78051795
78050898
77251720
77253685
77253567
77251540
78051997
78051659
77252679
77253791
77253150
77251853
78052532
78051724
77252689
77253739
77253308
77249794
77251203
77279322
78051949
78051748
77251778
77253881
77251798
77252629
77254095
77251922
77253211
77250977
77254199
77253073
77250974
77254712
77254054
77252182
78053026
78052229
78052435
78051953
78052174
78052118
78051831
77280413
78051955
77283652
77253356
78052921
78052243
77281782
77252566
78051855
78051828
78051332
78051979
77252426
77254259
77251933
77251273
77253500
77252068
77252014
77252165
77252122
77252184
77252116
77252066
77252075
77251869
77253889
77254059
77250846
77253111
77254044
77252047
77252021
77252217
78053123
78052142
78052462
78052113
78052134
78052286
78052030
77281946
77253585
78053283
78052371
78052954
78052253
77281834
77250528
77253536
77252318
77252483
78053149
78052388
78052183
78052234
77252223
77254486
77252439
77253653
77252409
77252386
77252301
77252350
78051666
77282854
77252698
77284167
77251816
77251399
78052183
78051871
78051652
78051490
78051698
78051618
78051572
77251425
77251678
77252538
77252528
77251334
77252731
77252903
77252839
77252775
77252735
77251024
77252220
77251962
77252603
77252549
77252588
78052193
78051400
78051591
78051019
78051197
78051222
78051760
77280208
77251032
78052213
78051363
78051329
77279396
78051302
78050203
78051145
77253483
77253216
77253089
77252860
77252752
77252852
77252863
78052367
78052336
77282111
77252804
78052272
77283676
77251945
78052454
78051556
78051698
78051489
78051768
78051725
78051659
77280176
78052678
78052345
77281239
77251516
77253834
77250362
77252049
77253401
77253480
77252072
77253086
77253358
77254039
77252230
77253475
77253013
77252729
77250120
77252256
77253514
77254348
77252201
78052864
77282719
77252618
77253191
77254354
77254353
77253689
77253721
77253719
78053311
78052381
77253120
77254585
77252635
77253713
77252367
77252277
77253500
77252538
77253695
77254422
78052710
78052601
77253363
77254292
77253918
78052485
78053187
77282830
77252623
78053392
78053346
78052648
78052530
78052392
77254675
77252889
77252372
78053220
78052884
78052300
77252232
77254595
77251236
77253554
77253108
77252252
77252670
77253814
78053430
78053288
78052408
77280315
78051757
77280748
77283935
77251039
77251850
77252593
78052844
78052660
77252660
77254813
77253164
77252641
78053361
78053139
78052427
77252427
77254663
77253418
77253117
78053063
78052394
78052234
78051859
77254244
77252547
77253408
78052952
78052579
78051835
77251789
77254090
77252406
77253374
78052864
78052611
78051684
78051569
77252652
77254396
77253194
77284519
77252256
77283074
77253432
77251384
77251405
77251434
77252391
77252140
78051715
77281504
77251701
78052218
77282025
77253189
78052676
77282659
77252292
78052928
78051828
78051699
78051899
77279852
78051069
77280951
77253274
78052498
78051963
77279794
78052225
78052065
77252856
77253385
78053386
77282971
78052385
78051644
77251216
77252423
77250170
77253392
78052314
78052323
77252986
77252152
77253353
78051987
77282598
77251160
77251001
77254083
77253207
77251973
77252019
77250737
77251503
77251387
77250932
77251417
77251320
77251734
77251437
78053393
78053208
78052208
78052245
77254586
77254367
77253081
77252680
77252609
77252604
77252561
78053318
78053043
78052663
77252522
77252970
77254529
77253277
77252585
77252596
77252464
78053184
78053592
77252344
77249878
77252726
77252454
77251928
78052422
78052104
77281097
77250514
77252948
77253272
78052912
78052302
77282496
77252552
78052840
77283323
77252334
78052785
78052524
78052078
78051805
77254139
77254051
77254043
77252046
78052845
78051899
78052542
78051980
78052079
78051828
78051983
78051946
78051734
77252866
78051592
77253854
77252075
77251573
77253023
77251797
77253638
77253172
78052836
77284327
77253211
78052105
78051931
78051857
78051769
78051849
78051817
78051576
77254586
77249476
77251752
77252859
77249729
77252274
77252102
77249005
77252755
77251093
77251098
77251208
77249940
77251002
77251326
77251712
77251785
77251667
77251804
78052594
78051957
78052582
78051854
78051752
78051664
78051902
78051875
77279757
78050824
77281436
77252964
78052505
77281809
78051604
77281644
77249448
77252784
77250716
77253819
77253544
77252193
78052792
78052461
77282082
77253475
77253260
77251924
77284740
77252221
77251995
77253368
77253352
77253333
77252188
78052821
78052694
78051898
78051872
78051600
77252147
77252860
77253811
77253345
77253230
77253262
77251878
77253251
77253211
77251779
78052732
78052575
78051749
78051794
78051568
77252036
77254305
77253716
77251761
77253065
78052506
78052276
78051734
78051570
77252059
77253731
77253606
77252899
77252910
77252833
77251500
77252903
77251492
77252803
77251299
78051563
78052147
78051222
78051074
77251287
77253279
77251681
77252647
77283918
77250951
77252241
78051997
78051813
78050813
78050827
78050868
78051383
77278783
78050810
78051296
78050864
78050787
78050759
77253046
77251646
77253006
77251775
77251107
77249836
77252468
78051014
77280714
77250197
78051355
77282600
77250221
77283307
77251623
77250302
77250685
77252590
77251207
77251277
78052100
77282844
77250154
77249945
77251601
77250896
77284005
77253162
77249884
77252215
77252576
77249908
77249943
77252061
77249924
77251933
77251108
78052078
77283140
77249017
77251434
77250255
78051260
78050375
77250394
77252636
77252315
77252406
77250570
77250783
78051723
78050777
77280168
78051805
78051003
78050516
78050479
77252820
77249499
77251842
77250571
77249690
77250210
77249899
78051302
77282630
77251274
78051081
78051182
78051524
77280314
78050632
78051406
78050961
77279404
78051688
78051584
78050907
78051292
78050875
78051116
78050937
78050722
78050624
77252914
77249270
77250897
77250668
77251360
77252349
77283753
77250050
77252281
78051736
78050920
78051481
78050728
78050838
77279772
78050957
78050591
78050021
77250889
77253009
77252691
77253076
77251034
78051902
78051103
78050945
78051191
78050953
78050626
77252967
77251030
77252135
77252095
77249244
77250173
77249247
77251147
77252153
77251987
78051702
78051504
77280487
78051565
78051430
77280550
78050923
78051323
78050593
77278652
78050831
78050463
78049998
78050746
77250705
77252914
77252038
77250793
77249576
77251785
77252349
77250777
77250863
78051789
78051724
78050916
78050629
78050766
78050530
77252655
77251783
77252638
77250566
78051598
78050646
78050882
77250583
77252787
77252364
77252695
77250630
77250642
78051612
78050751
78050585
78050532
77250577
77252703
77250900
77250466
77249239
77249875
78050067
77252408
77252101
77251909
77251591
78051200
77283149
77251169
77250397
77249247
77251236
77251796
77250391
78051375
77282684
77251844
78051542
78050822
78050311
77252652
77251345
77252709
77252649
77251921
77283485
77250927
78051030
78050596
78049928
78050038
77278669
78050270
78050143
78050112
78049933
77252274
77248997
77251198
77251039
77251393
77251376
77251364
77248198
77250259
77251604
77251519
77251527
77251638
78051253
78050375
78051067
77280213
78051131
78051046
78050325
78050247
78050326
78050258
77278811
77248715
77249713
77250484
78051437
78050702
78050902
78050475
77250412
77252616
77250810
77251849
78051417
78050652
78050660
78050323
78050511
78050345
78050277
78050382
78050114
78050052
77250357
77252329
77250374
77248876
77248959
77250003
77249891
77249988
78051041
78050666
78050462
77279211
78049270
78049237
78049947
78049188
77250403
77251467
77249602
77250139
78051045
78050182
78050705
78050070
78049960
77252085
77248891
77249530
77249326
78050865
78050954
78050093
77250010
77252133
77251815
77252080
77249991
77250098
77249812
78050765
78050605
78049826
78050088
78049826
77250694
77251827
77251853
77249802
78050861
78049925
78049874
78049861
78049642
77249674
77251950
77251011
77249841
78050822
78050761
78049946
78049847
77249900
77252047
77250014
77251441
77249943
78050839
78050681
78049694
78049785
77251959
77251515
77251818
77249534
78050584
78050014
78049609
78049681
78049515
77251705
77251483
77251636
77249418
77282499
77251511
77282322
77250614
77249529
78050374
77280462
78049562
78048870
77249609
77251848
77249743
77251023
78049269
78049551
78048829
78048750
77249341
77250770
77250352
77248776
77281408
77249910
77247594
77246497
77250061
78050022
77279912
78048463
78048952
77250024
77250963
77250507
78049443
78049111
78049188
78049303
78049362
78049256
78049432
78049011
78048880
77249039
77251773
77250964
77250397
77250415
77250303
77250284
77250367
77250252
77250376
77248958
78049822
78049614
78048987
78048811
78048697
78048528
78048635
78048803
78049118
78048466
77250786
77248964
77250025
77250046
77248345
77250514
77250424
77249881
78049224
78049218
78048413
77248177
77250505
77250228
77249988
77249725
77249682
77249652
77249738
77248197
77249600
77249656
77249544
78049112
78048320
78048717
78048077
77248099
77250252
77248243
77248830
77250232
77249287
77248015
78048674
78048463
78047815
77275941
78048220
78048101
78048048
78048002
77250169
77248187
77250085
77249464
77248039
78049088
78048242
78048605
78048145
78047991
78047853
77248076
77249987
77248112
77249733
77249327
77247994
77249513
77249310
77249321
77249428
78048864
78048547
78047797
78047581
78047490
78047552
77247617
77249826
77249461
77248521
77247597
78048544
78048435
78047709
78047493
77247632
77249809
77248019
77249374
77247801
77247662
77247667
77247743
78048171
78048240
78047368
77248368
77249492
77247294
77248835
77277712
77246963
78047523
78047400
78046427
77246281
77248755
77246508
77246993
77246886
78047755
78047670
77276280
78046748
78046542
78046134
78047151
77248011
77247355
77248845
77247501
77248353
77247126
78048065
78047793
78046792
77247990
77249183
77248094
77246990
78047876
78047883
78046858
78047051
78047136
78047072
77275367
78047181
78046757
78046840
77274630
78047014
77277439
77247659
78047336
77277769
77246318
77248246
77247889
78046945
78047938
77275283
78046866
78047428
78047359
77275745
78048279
78047628
78047321
77249488
77247695
77248940
77247391
77247201
78048058
78047191
78047230
78047467
78047226
78047112
77248187
77249333
77248865
77249127
77247100
78048053
77278389
77247630
77246965
78047269
78047404
78047093
78046964
78046948
78046916
78047016
78046925
78046769
77249100
77247180
77248364
78047949
78047618
78046652
77246832
77249023
77246622
77246972
77247592
77246719
78047826
78046902
78047024
78046493
77246488
77248692
77246670
77247892
77245357
77246174
77246535
78047371
78046747
77274785
78046293
78046886
78046565
77273591
78046063
78045797
78045649
77247816
77246752
77248202
77246647
78047651
78046692
77277144
78046109
78045749
77247476
77248666
77245407
77246177
77245592
78047565
78047304
78046421
77246412
77248771
77247050
77247909
77246405
78047365
78046541
78046402
78046388
77248678
77246419
77246550
77247796
77247432
77245401
77246988
77246677
78047536
78047098
77246033
77247696
77247814
77245837
77245862
77247339
77245694
77247000
77245685
77246916
77246321
77245698
77245812
77247775
77246562
77246009
77247316
77245909
77246989
77246730
77245895
77247300
77247289
77245960
77247064
77247572
78047225
78046185
78046194
77247156
77248333
77245935
77246073
77247978
77247535
78047002
78046815
78046293
78046447
78046221
78045956
78046004
77248280
77246100
77247428
77245951
77247426
77247536
77247762
77247566
78047032
78046810
78046196
78046151
78045955
77248361
77246250
77247451
77247435
77247470
77247314
77246008
77247374
77244012
77244987
77244486
77246283
77247337
78047076
78046667
77274419
78045561
78045330
77246066
77248291
77246186
77246108
77245986
77246021
78046917
78046720
77274084
78045811
77276399
77246623
77279137
77245863
77247584
78046986
78047012
78046265
77245866
77248354
77248047
77248234
77247595
78047310
78046360
78046068
78046059
77246476
77248120
77248277
77247659
77279078
77245491
77246551
78046818
78046743
77276647
78047028
78046539
78045865
78045743
77248027
77244693
77246810
77247893
77247467
78046882
77277581
77247259
77247455
77244795
77245796
77247527
77247548
77247556
77246172
77278902
77246943
77244163
77248256
77246359
77245819
77245488
78046307
78047301
78046933
77247549
77248763
77246942
77245215
77247427
77248100
77247766
78047457
77276601
77247837
78047261
78047072
78046586
77273429
78045550
78046375
77273992
78046486
78046253
77248522
77246684
77247782
77246409
78047520
78045466
78045697
77247805
77278832
77246863
77247357
77278925
77246617
78047065
77276477
77247511
78047137
78046977
78046056
78046139
77247142
77248482
77246566
77246165
78047047
78046177
78046648
78045875
78045816
78045838
78045818
78045838
77248176
77244933
77246892
77246568
78047039
78046807
77275897
78046709
78046275
78045907
77248095
77246298
77247150
77278694
77244961
77246200
77247294
77248060
77246009
77249024
77247794
78047158
77277963
77246266
77245419
77246879
78046383
78045635
77246464
77246686
77246300
77246041
77247074
78046649
78047307
78046677
78046508
78046414
77246508
77248634
77247001
77247843
77247790
77246382
77247782
77247766
77246427
78047278
78047206
78046230
78046105
77248388
77246286
77247494
78047011
78046117
78046102
77246044
77248235
77246294
77247516
77246019
78046763
78046771
78046168
78045857
77246905
77248026
77246740
77247071
78046738
78046524
78045642
78045690
78045685
77245637
77247742
77247520
77247102
77246871
77244211
77247119
77246783
77275012
78044748
78044637
77246957
77245920
77244544
77246091
77245568
78046519
78046207
77245450
77247768
77245578
77246648
77247424
77247209
77247193
77245744
77247147
77245739
77243857
77245319
77247115
78046734
77276804
77246981
78046483
78046132
78045488
77273981
78045685
77276541
77246840
77278258
77246785
77245603
78046673
78046376
78045421
78045510
78045609
78045909
77275720
77246254
78046746
78046597
78045797
77273824
77277514
77246362
78046833
78044916
77244976
77247204
77246313
77245317
77245607
78046432
78045961
78045464
78045469
77245397
77247520
77245699
77245362
77246528
77244551
77246844
77244502
77246260
77245723
77246578
77246494
77245869
78046669
77277333
77247202
77244635
77246273
77245835
78046426
78046088
78045706
77245762
77247864
77246629
77246554
77247631
77245679
78046687
77277801
77246434
78046912
77275798
77244788
78046469
78046543
78045684
77274530
78046078
78045657
77246606
77247785
77247601
77244122
77247613
77247634
77245962
78046909
78045922
78046191
78045824
78045881
77246312
77245709
77245792
77245499
77245855
78046720
77276069
77247386
78047003
78046656
78046070
78046105
77276193
77247343
77279074
77246341
77246024
77245144
77247283
77247131
77247710
77245947
77247839
77248162
77246066
77247148
77248071
77247687
77247760
77247676
77278983
77247028
77247754
77247827
77247770
77245059
77247183
77246352
77246056
77247068
78046657
78047226
78046533
78046702
78046417
77246305
77248671
77247052
77248010
77246660
78047531
78047630
78046784
78046616
78046338
78046561
78046212
78046354
78046233
78046436
78046292
78046222
77247248
77248328
77246710
77247620
78047345
77278678
78046051
77248122
77248202
77246119
77246250
78047077
78046176
78046242
78045980
78045666
77247898
77245967
77247113
78046729
78046692
78045740
78045665
78045616
77245961
77246910
77246357
77245738
78046753
78046400
78046037
78045713
78045724
78045796
78045632
77247871
77246606
77244609
78045692
78045046
78045800
77274546
78045817
77277052
77245634
78045846
78045347
77273513
78045856
78045416
77245965
77247406
77245294
77245090
77244621
78046217
78046062
77273249
78044980
78044684
77272764
77243451
77245266
77246132
77277754
77244278
77245277
77245873
78046782
78045830
78045771
77274034
78046504
78045562
78045890
77275512
78046805
77278470
77247301
78046876
78046074
78045991
77246024
77247938
77245803
77244953
77246205
77245896
77247195
77246544
78046380
78046863
78046339
77274288
78045583
78046291
78046217
77247234
77248263
77246487
77247670
77247654
77247600
77245977
77247339
77247552
77245912
78047046
78046120
78045901
78045893
78045918
78045699
77246967
77248040
77246278
77245802
77247025
77246947
77246982
77246966
78046370
78046247
77273102
78044780
78044275
77245360
77247445
77247488
77246674
78046389
78045670
78045313
78045406
78045276
78045208
78045084
77247476
77245614
77246528
77246590
77246571
78046088
78045509
78045199
78044944
78044996
78045028
77245215
77245492
77247999
77247196
77246636
77245266
77277825
77247321
77245071
78045839
78045452
78044946
77245667
77247082
77246704
78046332
78046053
78045326
78045249
78045160
78045241
78045268
78045463
78045421
78045648
78045514
78045448
78045279
78045562
78045541
77246451
77247661
77245710
77246890
78046376
78046219
78045367
78045151
78045269
77247436
77245246
77244098
78044998
78044395
78044121
78044066
77246451
77246106
77245708
77244255
78045201
78045119
78044282
78044004
77244273
77246498
77245982
77246221
77244159
78045102
78044225
78044102
77245875
77243411
77244730
77243434
77244647
77245060
78044744
78043820
78044221
78043650
78043586
77244699
77245879
77244394
77245009
78044577
78043915
78043907
78043695
77245927
77243973
77245067
77243553
78044374
78043965
78043398
77245602
77243703
77244930
77244785
77244895
78044412
78043790
78043364
78043348
77243250
77245418
77243721
77241069
77244339
77243568
78044516
78043888
78043533
78043423
77245675
77243954
77243489
78043958
78044034
78043545
77244511
77245803
77244776
77243518
78044335
78044427
78043762
78043340
77245715
77245343
77245010
77243420
78044530
78043594
78043500
78043352
77245621
77243876
77244895
78044589
78043749
78043826
78043688
77272193
78043666
78043237
77270845
77274473
77243901
78042638
77273669
78044233
78043417
78043192
77243725
77245253
77242261
77244476
77244981
77243684
78044279
78044525
78043632
78043765
77272622
78044112
78043670
78043735
77245902
77244154
77245115
78044758
78044581
78043717
77243604
77245901
77245502
77245275
77245006
77276515
77241431
77244988
77242868
78044550
78044678
78043827
77272983
78044202
78044335
78044106
78044060
77246278
77242786
77245863
77245417
77243948
78044526
78044663
78044039
78043959
78044135
77242707
77245075
77245217
77242929
78044084
78043900
78043100
78043142
78042978
77245247
77244926
77243585
77243011
78044032
78043848
78042857
77242917
77245375
77243408
77244290
78043909
78043104
78042864
77243888
77245170
77243096
77244386
77242934
78044072
78043373
78042878
78042804
77245073
77243016
77244314
77242827
77242807
78043788
78043628
78042828
77242807
77245032
77243164
77242740
77242772
77242735
78043404
78043153
77270307
78042746
77271285
78041625
78042590
77242661
77244886
77244476
77244660
77242752
78043511
78042780
78042658
77244913
77241509
77242813
77241846
77243876
77241689
77244718
77242736
78043505
78043180
77242935
77243071
77245671
77244404
77241684
77244079
77241654
77242293
77244423
78044084
78043188
77273380
77241290
77243128
77244478
78043835
78043350
77245117
77242002
77243950
77243555
77242233
77275852
77244417
77243952
78043544
78043260
77271985
78043845
78043318
77244310
77245630
77242417
77242955
77242599
77243286
77243472
77243306
77243817
77243434
77242457
77243101
77242556
77244043
77242744
78043878
78044328
78043408
78043259
77270481
78042598
78043573
78043383
77243470
77245658
77243759
77243407
78043866
78043333
77244434
77245343
77244855
78044458
78043778
77243745
77245820
77245213
78043779
78043468
77244615
77244058
77244852
78043596
77273358
77243382
77243671
77243617
78043820
77273758
77242422
77244009
78044480
77272149
78042905
78042746
77269722
77273214
77245077
78043781
78043661
77243797
77244773
77243699
77244681
77243674
77244542
77245033
78044510
78042999
77243055
77245358
77243873
77244772
77243559
77244581
77242650
77245119
78044823
78043852
77271070
78044761
78044139
77244117
77246294
77245656
77242634
77243598
77243191
78043263
78043904
77244965
77245969
77245363
77244033
78044582
78044342
78044045
77245086
77246242
77282047
77282597
77282229
78083661
78083501
78083171
77285526
77283821
77283328
78083647
78083319
78083091
77285439
77285232
77283163
78083505
78083093
78082854
77285158
77284944
77282896
78083541
78083318
77282507
77284918
77283272
77282789
78083717
78083469
78082674
78082646
77284864
77283245
77282760
78083487
78083503
78082791
77283679
77284896
77284443
78083709
78083560
78082682
77283692
77284728
77283116
77282750
78083481
78082775
77283691
77284779
77283660
77282743
78083707
78083198
78082453
77284824
77284748
77282679
78083776
77314162
77282298
77282057
77281626
77281325
77283667
77282546
78083414
77313669
77284016
78083011
78082755
77311911
78082292
78082632
77282547
77284556
77283044
78083292
78082788
78082414
77283421
77284545
77283925
77282445
78083359
78083109
77310074
78082257
78082345
77283348
77284424
77282967
77315364
77282398
77283804
78083113
78082462
77283265
77284489
77284333
77283670
78083086
78082730
77281969
77284382
77282976
77283437
78082893
78083019
78082028
77282149
77284323
77281976
77281930
77282327
78081743
78082039
77310481
78082349
78082291
77309237
77314432
77282910
78081932
77311508
78083438
78082859
78082378
77284712
77284006
78082047
78081943
77309450
78082197
78081660
77281875
77283983
77280847
77282979
77281168
78082383
78082069
77310848
78082293
77313857
77282888
77280224
77283019
77282225
78082622
77314074
77280983
77279691
77283185
77281909
78081921
78081836
77282726
77283954
77281714
77282928
77282626
77282024
78082399
78081838
77282746
77283942
77282966
77281873
78082539
78082288
78081806
77282672
77283852
77283741
77281621
78082141
78082347
77310048
78081478
78082167
77311070
77312127
77282321
77312846
77281239
77313352
77282453
78082403
78082041
78081693
77281915
77281813
77281705
77281091
77280761
77281267
77283398
77282035
78082630
78082601
77309833
78082213
77310325
78082979
78082598
78082140
77284406
77279962
77283292
77281962
78082375
78081841
77281819
77284119
77282490
77282117
78083262
78082309
78082062
77282905
77284356
77284331
77282235
78083126
78083014
77311936
78081361
78082212
77283238
77284346
77283193
77282215
78082704
78082308
77282138
77283935
77283447
78083125
78082784
78082039
77284243
77282752
77282173
78082512
78081848
77281470
77284048
77283421
77281866
78082466
78081955
78081911
77281801
77283992
77283874
77279403
77281647
78082129
78082169
78081617
77283733
77283670
77281575
78082407
78082073
78081401
77281540
77283498
77283380
77281332
78081675
78081289
78081040
77283258
77281989
77281280
78081622
78081087
77282321
77283317
77282375
77281120
78081867
78081699
78081061
77281997
77283180
77283137
77281031
78081496
78081309
78080875
77284354
77281510
77280567
78080889
78080695
77281549
77282685
77281327
77280471
78080961
78080431
78080344
77282634
77281593
77280372
78080892
78080551
77281228
77282322
77282187
77280217
78080812
78080379
77308186
77311193
77279286
78079268
77309524
78080024
78080281
78079968
77282374
77280585
77280062
78080575
77310044
78081276
78081150
78080553
77280488
77279415
77281671
77281988
77279352
77279632
77283358
77280720
78081640
78081032
78080894
77309364
78080234
77309063
78081010
77311567
78081091
77310133
78081125
78080975
77309645
78081519
77280956
77283115
77278829
77282086
77312789
77281923
77281043
78081666
78081444
77309026
78081664
78081548
77309249
78080602
78081340
77282434
77283333
77283598
77281526
78082531
78081894
78081409
77282360
77283601
77282686
77281540
78082271
78081910
78081397
77281389
77283587
77283448
77281520
78081819
78081421
77281638
77283648
77282856
77281659
77280273
77282847
77280292
77283435
77281513
78082566
78082457
78081460
78081649
77281514
77283554
77283487
77281391
78082338
78081761
78081265
77281353
77283434
77283590
77281539
78081916
78081348
77281350
77283503
77279809
77282094
77281700
78081747
77311509
78082135
77311321
77314770
77283011
77281703
78082633
78082130
78081741
78081696
77283900
77281881
77281874
78082387
78082654
78081808
77284026
77282455
77280785
77281561
77281894
78082684
78082786
78082047
77282851
77284184
77284070
77282046
78082841
78082761
78081954
77281997
77284081
77283461
78082953
78082509
77282853
77284070
77283460
78081158
78081215
77281272
77283388
77283304
77281133
78082237
78081777
77281303
77283405
77282484
77281311
78081570
78081167
77282153
77283312
77283266
77281101
78081484
78081034
77280826
77282965
77281986
77280687
78081743
78081250
78080594
77280597
77282897
77281802
77280606
78081408
78080575
77280683
77282874
77282678
77280688
78081280
78080832
77307647
77310480
77281080
78081215
78080358
77281449
77281645
77279485
77280654
77280607
77280207
77281592
77279536
78080863
78080479
77309200
78080706
78080628
78080114
77282383
77281414
77280166
77278840
77280041
77281762
78081426
77312298
77281912
78081147
78080686
77281398
77282752
77280956
77281893
78081556
78080754
78080643
77280634
77282808
77281948
77280601
78081307
78081026
78080767
78080413
77282856
77281364
77280489
78081180
78080684
77281338
77282729
77282344
77280273
77280258
77280929
77280457
78081111
78080409
77281337
77282517
77282403
77280286
77280209
77281491
77281869
77280158
77281126
77280928
77278022
77282108
77281918
78081596
78081340
77309685
77280738
78079743
77310095
77280294
77280876
77279091
77281706
77279194
77281390
77279591
77281124
77282078
78081681
78081284
77309300
78081759
78081278
77280743
77282896
77281288
77282337
78082046
78081337
78080934
77283173
77280812
77281725
77281347
78081609
78081460
78080961
77281011
77283164
77281432
77282314
78081779
78081032
77281933
77283255
77281480
77282328
78081906
78081797
78080888
77281776
77282945
77279018
77279950
77281894
77279282
77280146
77277850
77281060
77279751
77280458
77280159
77279196
77281356
77278983
77280081
77280427
78081483
78081227
78080534
77280492
77282649
77281423
77281738
78080877
78080491
77281117
77282572
77281094
77281729
78081057
78080601
78080294
77281308
77282453
77282335
77281658
78081186
78080692
77280265
77282356
77281165
77281630
78081033
78080532
78080090
77282496
77281444
77280258
78080788
78080497
78080083
77282417
77281421
77280299
78081195
78080416
77280928
77282465
77281056
77280299
78080747
78080302
77281319
77282399
77282049
78081377
78080520
77280115
77282333
77282116
77280113
78080816
78080224
77309487
77278419
77279276
77279920
77279864
77279184
77278521
77280236
77281913
77279847
78080306
77311328
77280295
78080928
78080631
77309570
78080089
78080169
77279877
77282060
77281953
77279956
78080527
78080220
77281129
77282332
77282235
77279775
77280876
77280444
77279880
78080658
78080650
78080243
78079950
77280140
77282030
77280473
77279933
77279548
77279915
77279988
77280996
77280011
77279283
77278924
77280671
77313349
77281784
78080664
78080463
77307236
78080360
77308315
78079884
77311080
77279423
77280232
77282312
77313828
77281536
77280940
77280487
77280064
78082200
78081778
77309806
78082181
78081622
78081108
77281035
77283202
77281385
77281033
78081683
78081057
77282077
77283315
77283077
77282462
77280921
78081727
78081244
78080826
77281891
77283149
77283152
77279318
77281882
77282158
77279372
77280245
77282340
77312640
77281405
78080700
78080139
77279974
77282200
77280658
77281666
77282110
77313438
77281437
78079548
78080304
77280352
77282488
77280428
77281838
77282098
78081349
78080490
77280426
77282758
77282661
77281858
78081463
78081263
78080473
78080641
77280859
77282985
77282840
77313558
77280299
77313611
77281517
77312302
77281532
78080964
78080698
78080331
77308847
78081183
77307388
78081212
78081307
77281322
77283516
77281380
77280803
77282932
78082066
78081862
78081484
77283623
77282238
77283048
78082074
78081509
77282574
77283729
77282869
77281764
78082479
78081826
77282525
77283773
77283484
77282944
77314265
77282264
77280550
78082017
78081741
77281119
77283526
77281704
77282870
77280258
77281849
77282868
77313815
77282093
78081520
78081541
77281480
77283831
77283638
77282930
77314334
77282564
77279263
77281443
77281917
78081117
77311929
77282946
77314480
77282176
77314505
77281396
77280976
77279330
77282798
77279422
77282841
77281655
78082909
77311180
77280902
78081901
78081603
77281776
77283923
77282674
77283094
77281789
78082413
78082224
77281516
77283960
77282906
77283077
78082771
78082625
78081586
77281712
77283937
77283853
77283218
78082594
78082299
78081805
77284074
77282459
77283345
78082849
78082374
77281955
77284122
77282428
77283297
78083026
78081977
78081913
77281942
77284058
77284125
77283332
78082835
78081863
77281791
77284009
77282446
78082861
78082786
78082099
78081757
77284112
77282418
77283301
78082587
78081983
77282960
77284033
77283933
78082645
78082007
77309544
78080698
78081010
77282642
77283883
77283786
77283167
77280477
77282371
78080906
78080875
77281964
77283246
77282155
77281053
78082184
78081952
78081448
78081107
77283394
77283225
77282510
78081988
78081525
78081122
78080941
77309353
78081188
78080389
77281260
77282507
77282876
77279968
77280880
77281763
78081681
78081404
77309473
78081370
78081069
77310071
77311521
77281566
77281124
77281569
77282677
77314068
77282346
77282449
77281106
77282149
77281768
78081111
78081512
77281196
77283363
77281584
77280401
77281281
77282238
77282849
78082475
78082264
78081427
77282382
77283722
77282794
77283003
78082561
78082009
78081513
77282465
77283706
77282761
77282929
78082332
78081502
77282427
77283695
77283341
77282757
78082370
78082210
77310791
78082361
78081634
77309463
78082047
78081726
77282557
77283702
77282307
77282623
77282961
77281580
78082561
78082340
78081737
78081542
77281651
77280155
77282593
77283256
77314522
77281661
77282417
77313718
77280269
77281145
77281837
78082303
77311341
77280955
78082447
78081944
77281872
77284063
77283122
77281847
78082504
78082093
78081940
77282803
77284181
77282714
77281957
78082395
78082131
77281972
77280904
77282869
77283402
77283535
77314120
77283209
77283539
78082749
78082332
78081972
77284292
77282547
77283357
78083086
78082841
78082088
78082010
77284214
77284168
77281901
78082621
78082213
78081657
77283926
77282253
77283101
78082400
78082701
78081790
77282493
77284081
77283813
78082861
78082413
78081741
78081689
77284009
77283180
77283259
78082872
78082400
78081776
77280805
77282847
77282475
77314001
77281728
78081895
78081308
78080800
77283138
77281406
77282264
78082126
78081136
78081134
77281883
77283046
77281701
77282197
78081547
78080994
77280872
77283117
77308656
77311107
78081125
77309866
78081257
78080995
77281126
77283402
77281969
77281026
77281858
77282904
77280999
77281044
77282052
77281145
78082085
77311828
77281654
77279052
77282385
78082258
78081476
77281327
77283360
77282119
77281222
77280066
77280989
77282730
78082295
78082248
77310195
78082055
78081525
78081460
77283736
77282103
77281594
77314465
77282113
77281908
77283060
77283360
78082912
78082363
78081974
77309801
78081592
77282344
77283422
77283338
77282655
78082346
78082942
78082023
77282132
77284358
77282626
77282219
77315117
77283099
77282346
77282388
77281466
77282269
77284380
78083244
77314420
77282526
77282308
77281887
78083744
77314348
77281778
77315051
77281856
77281956
77282659
77283990
77281887
77282761
77282495
77282043
77314075
77283305
78083558
78082850
77282774
77284876
77282870
77284174
78083954
78083276
78082797
77309837
78083756
78082824
77309916
78083304
78082927
78082916
77285222
77282898
77282024
77282470
77282780
78083912
78083099
78083052
78082953
77283004
77285184
77285087
77283070
78083645
78082954
77283998
77285188
77283422
77282950
78083979
78083635
78082783
78082781
77282971
77285148
77283914
78083856
78083048
78082673
77283408
77282990
77284270
78083814
78083746
78082662
77283828
77285093
77283327
77282743
78084055
78083400
78083014
77283798
77284988
77283435
77282603
78083219
78082528
77283579
77284775
77283837
77282031
78082950
78082479
78082264
78082395
77282831
77284177
77283262
77281861
78082572
77311817
78081981
77312873
77283143
78082382
77312326
77282215
78082093
77311535
78082144
78081974
77282869
77283942
77284056
77313281
77283926
77315283
77284329
77282979
78084141
77313568
77283778
78083946
78083579
77284439
77285809
77283265
77284493
77315430
77284635
77284724
78084571
78084378
77311962
78083537
78082953
77283732
77284566
77282566
77283770
77283456
77284819
77284317
77284866
77285987
77285125
77284780
77282803
77285626
77285901
78085343
78085244
78084239
77285406
77286623
77285259
77286425
78084373
77286642
77286593
77285924
77283142
77285706
77285188
77282568
77285002
77286389
77318696
77286316
77285459
78085178
78084994
78084890
77285053
77287278
77282797
77284405
77286434
78085872
77317270
77286475
78086115
77317168
77286643
78085954
78085450
78085212
77286191
77287213
77285444
77285057
77284119
77285697
77286204
77283954
77286478
77286846
78085998
78085862
78085422
77285486
77284161
77285651
77287290
77285728
77285247
77287200
78086785
77317781
77287261
77284870
77286637
77284962
77286464
77286022
78087194
78086735
78085979
78085767
77288152
77286418
77285726
78086560
78086272
78085830
77285694
77288315
77287063
78086717
78086673
78085760
77286750
77287793
77287672
78085619
77287837
77283698
77285063
77285481
77286088
78086632
78085976
77315344
77286011
77286210
77286662
77285370
78086325
78086230
77313615
78086024
78086281
78086510
77315683
78087465
78087254
78086390
78086174
77288580
77287390
77287605
78086960
78086786
78086015
77287302
77288461
77287478
78086384
78085660
77286504
77287844
77287624
77286964
78086604
78086471
78086139
77315094
78086097
77314500
78085694
78085949
77286723
77285667
77285059
77286243
77317841
77287185
77287398
78087041
77317369
77286679
78085807
77314428
77287462
78086796
78086318
78085888
77288208
77286556
77287503
78087082
78087181
78086509
78086193
77288312
77286690
77286368
78086506
77316468
78086311
78086747
78086187
78085924
77288193
77286135
77285599
77286259
78086672
78086410
78086100
77288336
77286416
77286037
78086632
78086638
78086479
77286208
77288183
77286390
77286059
78087128
78086255
78086033
78085933
77285721
77287494
77287199
78086626
78086182
78085403
77286379
77287620
77287488
77286787
78086339
78085701
78085277
78085303
77287593
77284187
77285517
77286530
78085710
78085574
77314602
78085671
78085056
77286172
77287344
77287148
77285179
77286023
77318030
77284436
77285357
78086283
78085839
78085368
78085204
77287487
77285574
77286590
78086274
78085795
78084986
77286157
77287395
77286082
77286423
78086241
78085815
78084982
77287200
77285479
77286399
77286434
77285149
78086206
78085554
78085228
77285207
77287925
77286603
78086066
78085812
78085059
77287325
77286459
77286651
78086222
78085516
78085373
77285197
77287323
77285914
77286573
78086114
78085535
78085498
77286001
77286473
77287124
77286475
78086241
78085980
78085382
78085192
78085146
78085069
77287373
77284066
77284703
77285132
77286236
77286560
78084416
78084746
77285606
77286867
77285698
77284950
78085715
78085293
78085035
77284797
77287002
77285372
77286298
78085625
78085528
78084722
77285733
77286981
77285500
78085859
78084994
78085041
77285828
77286841
77286247
78085873
78085809
78084821
77284644
77287109
77285407
77284833
77283541
77284649
77283734
77284943
78084677
77286872
77283902
77285765
77284947
77285466
77284088
77285320
77285101
77285095
78086079
78085343
77315714
77285754
78085060
78085332
78085188
77312912
78085185
78084836
77312517
78084310
77315460
77283033
77285335
77283056
77286911
78086222
77315780
77284307
77317291
77286728
77285258
77286074
77283279
77287030
77285382
77318334
77284427
77284683
77284760
77283465
77287800
77285845
78086643
78086224
78086103
78086277
77287021
77288231
77286366
77287560
78087053
78086889
78086203
77287131
77288143
77288035
77285994
78087009
78087054
78086051
77285984
77288233
77286615
77286068
78086940
78086738
78086186
77286157
77288256
77288046
77286057
78086821
78086722
77314713
77317626
77286587
78085758
78084630
77285691
77286630
77286089
78085210
78085683
77285674
77284471
77284680
77284605
77317940
77286166
77317025
77285725
78086368
78085841
77286718
77288082
77284565
77287581
77287125
77285645
78086362
77316631
77286931
78085919
78085647
78085493
77287773
77283446
77284794
77285630
78086558
77316070
77287155
77318190
77286244
78085919
78085857
77312934
78085213
78085977
77285901
77288075
77285615
77286856
77285866
78086253
77315240
78085877
78086292
77287227
77288276
77287075
77286196
78086692
78087095
77285051
77287208
77282803
77285886
77317083
77285285
78086166
78085383
78085349
77287618
77287613
77285538
78086331
78085945
78085729
77285670
77287823
77286150
77285729
78086788
78086478
78085601
77285671
77287838
77286517
77285709
78086470
78085751
77285681
77287920
77285935
77287095
78086596
78085954
78086051
77285953
77287915
77286475
77285780
78086816
78086464
78085627
77285517
77287718
77286007
77285623
78085757
78085405
77286511
77287656
77286223
77285421
78086268
78086170
78085282
77313059
78084639
77286042
77287276
77287206
77285244
77317916
77285965
78086252
78085671
77285416
77287627
77284575
77287800
77285759
77317752
77286165
78085532
78084931
77285075
77288090
77284766
77287087
77287376
77285931
78086971
78086669
77286751
77288288
77287374
77284999
77288219
77285199
77286616
77285494
78086136
78085639
77315531
77284345
77287620
77286407
78086770
77316171
77286580
77285530
77287937
77285926
77284593
77287268
77318987
77287354
77318771
77286933
77286101
78086548
78086398
78087131
77287123
77289276
77288959
77288619
78088033
78087980
77288070
77289325
77289330
77287073
78087545
78087097
78087086
77289304
77287394
77288629
78088242
78087824
78087079
77289297
77287552
77287104
78087923
77318325
77285855
77288843
77287145
78087545
77317924
78087191
78086612
78087192
77288016
77289206
77289245
77287064
78088113
78087692
78086929
77287036
77289240
77288432
77287146
78088223
78088149
78087066
78087119
77289395
77287581
77287300
78088092
78085871
77287051
77288169
77288297
77286357
78087057
78086469
77286609
77288673
77286952
77286555
78086684
78086654
77287555
77288419
77288089
78087667
78087583
78086701
77286680
77288885
77287510
77286740
77286796
78087678
78087726
78086777
77286556
77288853
77288007
77286811
78087349
78086983
78086395
77286459
77288585
77287227
77286046
77287657
78087300
78087117
77314319
78086779
78086306
77287302
77288370
77286185
77287197
77286908
78087225
78086683
78086357
77288698
77286681
77286551
78087167
78086388
77286314
77288584
77288589
77286418
78087187
78086392
77287368
77288486
77287264
77286412
78087213
78086508
77287291
77288471
77287404
77286220
78086548
78086400
77286058
77288516
77288559
77286384
77284079
77288294
77286240
78086756
78086251
77287075
77288217
77286544
77286075
78086756
78086346
77314170
78086432
77316198
77286572
78086628
78086337
77286560
77288638
77288517
77286517
78087244
78086966
77286584
77288761
77288619
78087249
78086633
77314225
78087302
78086653
77314176
77317801
77287129
78086755
78086504
78086610
77286383
77288769
77286634
77287890
78087536
78087261
78086499
77287427
77288548
77288123
77286434
78087053
78086510
77286628
77288730
77286745
77286506
77287682
77288224
78088024
78087579
78086927
77287812
77288927
77287182
77286788
78087622
77318997
77285243
77287805
77286657
78087863
78087057
78086792
77286937
77289060
77287239
77286815
78087452
78087022
78086866
77289132
77287578
78087653
78087219
78086544
77287563
77288688
77288683
77286731
78087282
78086916
78086504
77288773
77287940
77288033
78087738
78087649
78086776
77287762
77288945
77287522
77288120
78087472
78086741
77287809
77288978
77288827
77288126
78087882
78087203
78086379
77286487
77288685
77287794
77287938
78087360
78086632
78086281
77288434
77288385
77286385
78086596
78086479
77286233
77288407
77287368
77284838
77287218
77286578
77318773
77287353
78087171
78086981
78086466
78086342
77286294
77288318
77288377
77287625
78086912
78086650
78085940
78085999
78085827
77288093
77286437
77287248
78086864
78086632
77313960
78086792
78086148
78085893
77286772
77287866
77285740
77286323
77284560
77285203
77287280
78086352
78086357
77314656
78086245
78086018
77287069
77288217
77283887
77286525
77287460
78087079
78086967
77315925
78086996
77318172
77286846
77284731
77288317
78087351
78086411
77287337
77288656
77287124
77286394
78087034
78086850
78086346
77288738
77286825
77286524
77285242
77286106
77285791
78085942
78086685
77287482
77288699
77288496
77286424
78087246
78086790
78086505
78086632
78086551
77286442
77288568
77287234
77286378
78087390
78087305
78086382
77286491
77288500
77287852
78087321
78087212
78086235
77287194
77288434
77287176
77286308
78087404
78087132
78086108
77287265
77288571
77287629
77286395
78087254
78086677
77287422
77288486
77287104
77286190
78086791
78086662
77284869
77287264
77286756
77286764
77317930
77285869
78085844
78085319
78084809
77284840
77283824
77284939
77285896
77284016
77284857
77285139
77285160
77287161
77285903
78085393
77315434
77285811
78086254
78085764
77314031
78086550
78086195
78085795
77285862
77288108
77287935
77285866
78086074
78085688
78085731
77285930
77288032
77287206
77285981
78086773
78086700
78085900
78085814
77288053
77287821
77287364
78087073
78086625
78086079
78085833
78085810
77288107
77286471
77285892
78086473
78085660
77285754
77287842
77286610
77285684
78086354
78085841
77285626
77287701
77287730
77285508
78086126
78085615
78085374
77287541
77287396
78086348
78085522
78085330
78085452
77287582
77287557
77285546
78085857
78085728
78085279
77286095
77287336
77287266
77284877
77284986
77284031
78084571
77314530
77283949
77316738
77283846
77284126
77285084
78085762
78085297
78084981
77287250
77285408
77285333
78086270
78085885
78085282
78085074
77287278
77285509
77284965
78085963
78085335
77285008
77287110
77283936
77282699
77284423
77285402
78085334
78085102
78084935
77284889
77287114
77287020
77284972
78086001
78085329
78084849
77285662
77286807
77285390
77286077
78085412
78085148
78084583
77284620
77286773
77286720
77284651
78085393
78085122
78084525
77285229
77286352
77286209
78085361
78085334
78084376
77284376
77286550
77285653
77283115
77284808
77285828
78085431
78085247
78084503
77284559
77286712
77285066
77283412
77283826
77284404
77283315
77284820
78083776
77312998
77283629
77315637
77281793
77284269
77284069
77282073
77285428
77283149
77284353
77283253
77284540
77284444
78085026
78084379
78084269
77286661
77284714
77284595
78085221
78084954
77285499
77286849
77285115
77284684
78085387
78084968
78084555
77284732
77286752
77286778
77284832
78085037
78084665
77284582
77286773
77285807
77284474
78085370
78085138
78084467
77284685
77286846
77285832
77284393
78084878
78084989
78084542
77286811
77285015
77284444
78084994
78084545
77285423
77286541
77285924
77284420
78085188
78084890
78084351
77286671
77285702
77284505
78085085
78085193
78084216
77285355
77286449
77286301
77284085
77316168
77284576
78084584
77314864
77283293
78083823
78084297
77285148
77286207
77286188
77284089
78085169
78084332
78084478
78084290
77284271
77286578
77285284
77284129
78085124
78084663
77285200
77286427
77286282
77284356
78084787
78084326
77284205
77286331
77286278
77284247
78084889
78084351
78084222
77284205
77286294
77286248
77284073
78084419
78084142
78083799
77286140
77284920
77283725
78084176
78084232
78083947
77283797
77286025
77285982
77285254
78084576
78084069
77283704
77285953
77284605
77285067
78084809
78084548
78083844
77283951
77285927
77284542
77283050
77285150
77283318
77282689
77283251
78083959
78083334
77283137
77285212
77283566
77283271
78083651
78083498
77283253
77285352
77284096
77284606
77316150
77283017
77283668
78084259
78083862
77282372
77284346
77283869
77282410
77281152
77284061
78083266
77312657
77281737
77314728
77283392
78083767
77314725
77283135
78083426
77312629
78083471
78082707
78082158
77284427
77283139
77282623
77283364
77284444
77282497
78083079
78084193
78083311
77283442
77285503
77283470
77283456
77283599
78084167
78084047
78083649
78083545
77285876
77284590
77283806
78084676
78084163
78083870
77286109
77286042
77285311
78084893
78084578
78083953
77283905
77286079
77284228
77281988
77283227
77283033
78084551
78083976
78083913
77311358
78084053
77313043
78084032
78083698
77284039
77286035
77284197
77283893
78084746
78084373
78083769
77286110
77284845
77283794
78084610
77315835
77283191
78084301
78084066
77311516
78084961
77285041
77286135
77285870
77285361
78084988
77315388
77285621
78085074
77313799
77284681
78084760
78084192
77311691
77316372
77285568
78084335
78083479
77285614
77284345
77285565
77282928
77284879
77285946
78085463
78085337
77311987
78084280
78084601
77286775
77283510
77284399
77284858
77284849
77284512
77285511
78085590
77316140
77286517
78086041
78085542
77312554
78085905
77316331
77285515
77317113
77285258
77286362
77283182
77286527
77284420
78084988
77315054
77286634
77317753
77286008
77318263
77286219
77317445
77286443
78085421
78085879
77314049
78085523
77316003
77285728
77285164
77284951
78086849
78086760
78085641
77285615
77287987
77286742
77287216
77284642
77285452
77285918
77287115
77286494
78086590
78086484
77286334
77288365
77286602
77286048
77285621
77286114
78086675
78086161
77286163
77288354
77288257
77287556
78087042
78086511
78086136
77288405
77287184
77287802
77317944
77287438
77286803
78086102
77316908
77286909
78086113
78086187
78085509
77286628
77287732
77287737
77287009
78086766
78086726
78085760
77313862
78085476
77315382
77286076
77286674
77286448
78086618
78086424
77286471
77286484
77286656
78087568
78087343
78086815
78086370
77286561
77288622
77286972
77286474
78087035
78086500
77287392
77288660
77287118
77286320
78086474
78086013
77286083
77288308
77286875
77286142
78087062
78086439
78085980
77288212
77288067
77286172
78086734
78086915
78086137
77287112
77288035
77287657
78087215
78086700
77286243
77288359
77287489
77286217
78087246
78087171
78086348
77287075
77288316
77288171
77286300
78087017
78086688
78086278
77286270
77288474
77287038
77286026
77285466
77286660
78086063
78085311
77313349
78087097
78085891
77313392
78086323
78086299
78086163
77288534
77286300
77285652
77285371
78086976
77316510
77285436
77318318
77286840
78086676
78086491
78086392
77288784
77285425
77287643
77285540
77287577
77285628
77286779
77285925
78086556
78086209
78085618
77287782
77286046
77286723
78087199
77316006
78086930
78085838
77286852
77285531
77288417
77285545
77287773
77287111
78087263
78086870
78086559
77286644
77288811
77287446
77286642
77319529
77287875
77286734
77284779
77288197
78087495
78087335
77315698
77317772
77286980
77319800
77288939
78087523
77315748
78086598
77314889
78088039
77313469
78086516
77287177
77288490
77287408
77286160
78087453
78086984
77287753
77289143
77288413
77286209
77285228
77288560
78087551
78087327
77313723
78087990
78087291
77288382
77289463
77287926
78087757
78087501
78086774
77287814
77289103
77287269
77286800
78087619
78087435
77286822
77289023
77285467
77287681
77284490
77288711
78087688
77316480
78087535
78086821
77314360
78086107
77286949
77289072
77285952
77287395
77286147
78086790
78087060
77287076
77289328
77286024
77287527
77287198
77319984
77286488
77285206
77286930
77286417
77319458
77286407
77288498
77286393
77286988
77287464
78087819
78087619
78087292
77289561
77287837
77287368
78088213
78087445
78087193
77289510
77288149
77286425
77287068
77285294
77288666
77286520
78086910
78086438
77287414
77288583
77288403
77287379
78088251
78087524
77287371
77289507
77288117
77286014
78087137
77287653
77287428
77289553
77285498
77289381
78088293
78087989
77287727
77290038
77288372
77287880
78088672
78088522
78087973
78087909
77287957
77290038
77288413
77287862
78088579
78088646
78088000
77287928
77290105
77290113
77288059
78088893
78088537
78088231
78088010
77288066
77290663
77289507
77288048
78088693
78088584
78088072
77288010
77290163
77289215
77288087
78089041
78088589
78087854
77290199
77288636
77288303
78088478
78088551
77314475
78087359
77287876
77289119
77287929
78088177
77315357
78088034
77314388
78087421
77287166
77290152
77289856
77288365
78089010
78088599
78088142
77290357
77288660
77288225
78089022
78088978
78088378
78088546
77288346
77290544
77288836
77288364
77320502
77288589
77320212
77290265
77288310
78088936
78088326
77288366
77290615
77288750
77288333
78089321
78089161
78088348
77288405
77290483
77289231
78088652
78088199
78088147
77290386
77288432
77287105
77288709
77288323
78088657
78088025
77314907
77316229
78088110
78088406
77288161
77290311
77290310
77288235
78089116
78088991
78088110
77289180
77290397
77288628
77288252
78089212
78089012
78088166
78088248
77289136
77290616
77288847
77288317
78089235
78088557
78088387
77289315
77290460
77290452
77287131
77287670
77287519
78088602
77318287
77288711
78088025
78088149
77289227
77290382
77289038
77287931
77290445
77288185
77286128
77289812
77288151
78088914
77320474
77288886
78089051
78088435
77316526
78089271
77288562
77288925
77288473
78088897
78088563
78088261
77290530
77288908
77288440
78089053
78088551
77288402
77290624
77290572
77288421
78088757
78088356
77288123
77290348
77290179
77288038
78088726
78088566
78088247
77288367
77290476
77288549
77288464
78088854
78088363
77289262
77290356
77290297
77288211
78089342
78088745
78088297
77316680
78088319
78088183
77288290
77290368
77290223
77288199
77321124
77288621
77287394
78088668
78088390
77317189
78087631
77318596
77287390
77289056
77286437
77287659
77290091
77288846
78089648
78089598
77317504
78088934
78088873
77289036
77291398
77287876
77290834
77288076
77289403
77289212
78089915
77320694
77289775
78089974
77319308
77288482
78089536
78089304
77289402
77291576
77289806
77288320
77288417
77288810
77289582
77288287
77291613
77322557
77290880
77288945
78090091
78089764
77289834
77291987
77288727
77290966
77290489
77321449
77291316
78090813
78090338
78089946
77292229
77290371
77289881
77291820
77288849
77289408
77289141
78089365
77319877
77289999
78088856
78088681
77288789
77291712
77289794
77290875
77288867
77290445
77290116
78090988
78090541
78090057
77292326
77289093
77290496
77290474
78091083
78090586
77291423
77292578
77292329
77291825
77322985
77291415
77289311
77291403
77290263
78090981
78090416
77317656
78089628
78089724
77290858
77291921
77292795
77289553
77291860
77292176
78091666
77322627
77289749
78091125
78090688
78090638
77292921
77289754
77292807
77292488
78091970
78091322
77318616
78090007
78090805
77290968
77292741
77289763
77289801
77290231
77291111
77323961
77292670
78091780
78091429
77317984
78091374
78091353
78091020
77293300
77291979
77289348
77291245
77290421
78090770
78090821
77291517
77293503
77292124
77291442
78091980
78092020
77320960
78091912
77321489
77291286
78091902
78091331
77291351
77293592
77292385
77291535
78092516
78091889
78091492
78091548
77292503
77293816
77293698
77291569
78092436
78091758
77292572
77293854
77292188
77291538
78092058
78091628
78091361
77292522
77293643
77293429
78092136
78091371
77291424
77293652
77293517
77291466
78092468
78092236
78091118
77292254
77293629
77291812
77291477
78092074
78092021
78091482
77291237
77293537
77291537
77292609
78092163
78092130
78091038
77292006
77293226
77293108
77291033
78091917
78091498
78091177
77291049
77293507
77289468
77291865
77292274
77290941
77323146
77291419
78091911
78091279
77319901
78091312
78091034
77292077
77292406
77290035
77290694
77290367
78091746
78091387
77290070
77288983
77288012
77291678
78090559
78090547
77318907
78089817
77290831
77290871
77291335
78090327
78089660
77289676
77292502
77290705
78091150
78090670
77291351
77292802
77291307
77290773
78091514
78090865
77290817
77292823
77292315
77290688
78091571
78091131
77317101
78090110
78089934
77317206
78091509
78090885
77290424
77292855
77291124
77290805
78091847
78091816
78091013
77291874
77292968
77292922
77290829
78091343
77320489
78091342
77319796
78090318
78090122
77291787
77293028
77293030
77291037
78092113
78091815
78090986
77292203
77293437
77292955
77291237
78092154
78091577
78091196
78090987
77293321
77292287
77291093
78091885
78091258
78090886
77292029
77293233
77293098
77290920
78091066
78090687
77290802
77292955
77292010
77290817
78091459
78091129
77290819
77292986
77291361
77290793
78091282
78090773
77291810
77292955
77292848
77290779
78091675
78091411
78090664
77291663
77292829
77291874
77290654
78090846
78090669
77291595
77292740
77291785
77290503
78090920
77319170
78089569
77290233
77290410
78090329
77291367
77292488
77291875
78091316
78090833
78090431
77292925
77292433
77290650
78091167
78090481
77290615
77292618
77291881
78091385
78090613
77291118
77293213
77291740
78091148
78090345
77318476
77322121
77292253
77290219
78090428
78090207
77290918
77292438
77291643
77290392
78091194
78090204
77291337
77292482
77290788
77290289
77289136
77289168
77289496
77289229
78089584
77318976
78089699
78088934
77290011
77291156
77287864
77290068
77289113
77321545
77289778
78088865
77319450
78090364
78089955
77317604
78089165
77291924
77288508
77290589
77291043
77321518
77290462
78090277
78090164
77290153
77292341
77289098
77292274
77291753
77290362
78091377
78090929
77318830
78089694
78089662
77291090
77292563
77291748
77291876
78091458
78090628
77290212
77292690
77290654
77291916
78091436
78091239
78090433
77290187
77288978
77291368
77290396
77290579
77291172
77289891
77292234
77292382
78091485
77322207
77291631
78092047
78092212
77319678
78090459
78090371
77291309
77292526
77291331
77291203
77292462
77290228
77291226
77289105
77291559
77290249
77291928
77291452
78091822
77322362
77291634
78091980
78091695
78091688
78091561
77293838
77291891
77292931
78092629
78092097
78091726
77294067
77293850
77291833
78092777
78092143
78091725
77291461
77293806
77292613
77291651
78092595
78092310
78091619
78091627
77293749
77293710
77291577
78092571
78092275
78091611
77291590
77293716
77292347
77291625
78091937
78091523
77292406
77293637
77292578
77291417
78091940
78091419
77292495
77293466
77293441
78092329
78091529
77292275
77293492
77293388
77291494
78091987
78091865
78091315
77293533
77291630
77292742
78092169
77321541
77291672
77323163
77290569
77290001
77291393
77289684
77290369
77290465
78090979
78090247
77291309
77292605
77291145
77291267
77289836
77289824
77290714
77291419
78091881
78091754
77318569
78091304
78091339
77292290
77293545
77293516
77289055
77293128
77291217
77290007
77292523
77291569
78092360
78092239
78091396
77319497
78091551
77290477
77291669
77292225
77291179
78091517
78091140
77291170
77293395
77292292
77291103
78091804
78091715
78091464
77291457
77293395
77293493
77291411
78092203
78091427
77291334
77293501
77292327
77291410
78092205
78091479
78091226
77291283
77293371
77293370
77291250
78092110
78091385
77291323
77293446
77292429
77291106
78092026
78091459
77290882
77293268
77291595
77291024
78091796
78091212
77290720
77293035
77291895
77290862
78091447
78090916
78090753
77293073
77291921
77290845
78091083
78090741
77291829
77292939
77293098
77289347
77291504
77290631
77322924
77292097
78091423
78091106
77318179
77321243
77289739
77288522
77289780
77291218
77291050
78091877
78091615
78090792
77291808
77293076
77289819
77291188
77290761
78091353
78090828
77291603
77292916
77292685
77290699
78091588
78091493
78090631
77291614
77292845
77291349
77290761
78091793
78091582
78090702
78090645
77292863
77291190
77290834
78091364
78091067
77291561
77292986
77292814
77290810
78091654
78091143
77291954
77293072
77293167
77291108
78091533
78090838
77290953
77292935
77292233
78091678
78091315
78090599
77290678
77289711
77290032
77290756
78091007
78091010
77290788
77293051
77292855
77289774
77291154
77290932
78091384
78090608
77291618
77292876
77291344
77290509
78090797
78090482
77291469
77292734
77291717
77290517
78091512
78091072
78090468
77292737
77291232
77290647
78091362
78090714
77290618
77292785
77292736
77290592
78090159
78090544
77290248
77292415
77290742
77290161
78090711
78090279
77290170
77292398
77291357
77290133
78090618
78090281
78089906
77292189
77291094
77289979
78090433
78089924
78089814
77292097
77291660
77289812
78091018
78090454
78089898
77289774
77292101
77290366
77289744
78090790
78090750
77318569
78090088
77320952
77289918
78090274
78089853
77290822
77292063
77291728
77289952
78090730
78090301
77318954
78089351
77320724
77290047
78090309
78090081
77318897
78090422
78090198
77291259
77292315
77292348
77290207
78091090
77320941
77289373
77289181
77290799
77290429
77288865
77291670
77289635
78090005
77319764
77290555
77320971
77289823
77291782
77289901
77292678
77289988
77290502
77290917
78091796
77321799
77290164
78091284
78091036
77291017
77293170
77289832
77291920
77291446
78091471
77321299
77290099
78090513
78091437
77290839
77293144
77289946
77291983
77291561
78090480
78090072
77290912
77292146
77291011
77290723
78091232
78090757
78090981
78090848
78090673
77292942
77292738
77290792
78091584
78091774
78090950
77291827
77293068
77291248
77290943
78091657
78090804
77290847
77292922
77291143
77290794
78091246
78090780
78090588
77290760
77292776
77292443
77290422
78090934
78090699
77290078
77292621
77292332
77290356
78091121
78090641
78090243
77292584
77290729
77290343
78091375
78091270
78090471
77318918
77321930
77290146
77290509
77289322
77291016
77290548
78091033
78090685
77318650
78090012
78090813
77290757
77292890
77291172
77290816
78090827
78090530
78090546
77292949
77290909
77292291
78091643
78091088
78090628
77292846
77291197
77290912
78091602
78091167
78090946
78090718
77292933
77291740
77288590
77291382
77290667
78091614
78091108
78090628
77293020
77292014
77290790
77290859
78091523
78091421
78091011
77292010
77293121
77293072
77291093
78091820
78091207
77290762
77293299
77293353
77291267
78091883
78091445
77291156
77293255
77293182
77291124
78091933
78091617
78091081
77291046
77293346
77293228
77291179
78091972
78092162
78091427
77291253
77293334
77293271
77291240
78091880
78091862
78091001
77291807
77293323
77292430
77292621
78092295
78091569
78091035
77292076
77293197
77293100
77291181
78091790
78091682
77319456
78090960
78090889
77318909
78090068
78090061
77290905
77293103
77293030
77291138
77290905
77290474
77291586
78090887
78091289
78090913
77291875
77293127
77291780
77289318
77292806
77292391
77290986
77291019
77290510
77290288
78091985
78091791
77319398
77323076
77290695
77290408
77323847
77290620
77290003
77292602
77292333
77293416
77292895
77291464
77292405
77293508
77291583
77291616
77290125
77291660
77291636
78091896
78091599
77292688
77293884
77292235
77291773
78092375
78092174
78091726
77291752
77293878
77292297
77291814
78092431
78091980
77292553
77294025
77293870
77291863
78092844
78092594
78092120
77292970
77294174
77292477
77291953
78092742
78092364
78091961
77293071
77294096
77293802
78091337
78091388
77292175
77293413
77292112
77291699
78092131
78091638
78091511
77293780
77293734
77291720
78092447
78092059
78092146
77292772
77293787
77292450
77291790
78092220
78091943
78091702
77293920
77292217
77291844
77290221
77290918
77290532
78090669
77320697
77290777
78092333
78091706
78091499
77293891
77291466
77291779
77293647
77291565
78092274
78092408
77321322
77293191
78092489
78091873
77291839
77294057
77291918
77293797
77292426
77290642
77291341
77292013
77294124
77292131
77290261
77293511
77292455
78093233
78092900
78092380
78092364
77292280
77294447
77292750
77292316
78093308
78093097
78092364
77293603
77294762
77292928
77292555
78093296
78092891
78092705
77293491
77294804
77294734
77292628
78093507
78093243
78092904
77293568
77294895
77294468
77292644
78093511
78093165
78093012
77292740
77294893
77293597
77292878
78093831
78093190
78092815
77295077
77293801
77292979
78093020
78092750
77292862
77294943
77294983
77292983
78094091
78093480
78092972
77295262
77293646
77293147
78093534
78092995
77320838
78092329
77292545
77294712
77294605
77292656
78093480
77323505
77291414
77293248
78093969
78092844
77292737
77295154
77293810
77291753
77295033
77292841
78093372
78093273
78092937
77292912
77295191
77293535
77292958
78094132
78093972
78093027
77293027
77295180
77295247
77293076
78094320
78093717
77322153
77324476
77292193
78093895
78093011
78092948
77295203
77295093
77293165
78093685
78092227
77293439
77294760
77294111
77292484
78093530
78093124
77292646
77294799
77293054
77292531
78093557
78093038
77292685
77294811
77293511
77292784
78093133
78092661
78092500
77293455
77294610
77294441
77292530
78093497
78093106
78092608
77292498
77294675
77293675
77292417
78092731
78092593
77320512
77323432
78092536
77322588
78093512
78092465
77292974
77294669
77291509
77291960
77292515
78093595
78093500
78092588
77293745
77295041
77293456
77292987
78094091
78093853
78093120
78092858
77295148
77291609
77291689
77292305
77293040
77325880
77293620
78093154
78092537
77292829
77295057
77293411
77292819
78093329
78093059
77293915
77295694
77294299
78093601
78092940
77294036
77294873
77293042
78093154
78093191
77293028
77293284
77293004
78093465
78092846
77292852
77294861
77293407
77292764
78093556
78092903
77293818
77295080
77294887
77292866
78093714
78093205
78092925
77293765
77294982
77294074
77292802
77324961
77293144
78093643
78093192
77320161
78092476
78091605
77292519
77293825
77292312
77293607
77294137
78093585
78093282
78092438
77293530
77294675
77292854
77292437
78092991
78092442
77292336
77294014
77293561
78093214
78092994
77292294
77294369
77293008
77292354
78092792
78092492
78092162
77294380
77292026
77293381
77291442
78092032
78092281
77294037
77291916
77293058
77293022
77289893
77293801
77292030
78092824
78092127
77320143
78093001
78092067
77291999
77294245
77293194
77291898
77290746
77291635
77291164
77291949
77291475
77293479
78091579
77322176
77292134
77290170
77291643
77291718
77291137
77290298
77291902
77291537
77290985
77289912
77292275
77293614
78093415
77324352
77292506
78092978
77323780
77292681
78093219
78093036
78092758
77321215
78092130
77323277
77292713
78093109
78092702
77293606
77294905
77294712
77290507
77292698
77292813
78093533
77324637
77291978
77324933
77294237
78094099
77323912
77292314
78092511
78093352
77320963
78093059
78092997
77295215
77293634
77293134
78093644
78093157
77292951
77295347
77294012
77291935
77295194
77295217
77293220
78093719
77324202
77291402
77294828
77293557
78093795
78093477
77293518
77295616
77295160
77293540
78094141
78093652
78093474
77295947
77295843
77293833
78094688
78094208
78093756
77294767
77296025
77294728
77293822
78094942
78094004
78093776
77296168
77294156
77293646
78094272
78094013
77293525
77295825
77295680
77293611
78094637
78094405
78093385
77295740
77295095
78094673
78094174
78093529
77293590
77295815
77295574
77293601
78094471
78094071
78093551
77293568
77295718
77295603
77293613
78093851
78093624
77294661
77295806
77295517
77293452
78094495
77324233
77292505
78092719
78092323
77293316
77294557
77292253
77295455
77293383
78093948
78093406
77319832
78093460
77293449
77295469
77295533
77294939
77325185
77293829
78093929
78093653
77293697
77295697
77295617
77326494
77294288
78094340
77323638
78093033
77323192
78094492
78093862
77293865
77296141
77292749
77294851
77293835
77326640
77292848
77293980
77294016
78094792
78094445
78093971
77296363
77293117
77293730
77294572
78094798
77325770
77294548
78093718
77324022
78093543
78092990
77293990
77294861
77295233
78094658
78094705
78094115
77294911
77296475
77295186
77294303
78095041
78094801
78094265
78094049
77296397
77294988
77294221
78094799
78094324
77295208
77296476
77296331
77295630
78095195
78094492
78093837
77296222
77295301
77294040
78094960
77324723
77292973
78093294
78092996
77294837
77295901
77294344
77295141
78094394
78094020
78093540
77295758
77294482
77294966
78094606
78094385
78093885
77294651
77295939
77294583
77293663
78094622
78094238
78093655
77295771
77294778
77293629
78094200
78094430
78093606
77293200
77295515
77295431
77293407
78093668
78093410
77294421
77295529
77295281
77293246
78093649
78093544
77294355
77295412
77295260
77293283
78093893
78093493
77293167
77295422
77294450
77293468
78093872
78093853
78093395
77293401
77295543
77294923
77293344
78093984
77323498
77292240
77325609
77293807
78092763
78092598
77293453
77295290
77294434
77293216
77291894
77292130
77292461
77293464
77293703
77293378
78094345
78094182
77321228
78093348
78092611
77293598
77292508
77293247
77294065
78094109
78093807
77321069
78093032
77294548
77339707
77339586
77338858
78138441
78138471
78137419
77338430
77339596
77337915
77338811
78138499
78138075
78137482
77337562
77339688
77338821
77338911
78138640
78138558
78137496
77337626
77339811
77339664
77337705
78138412
78138078
78137423
77339741
77338621
77338775
78138183
78137992
77335822
77338203
77336665
78137355
78136876
77338090
77339190
77339264
77338461
78137965
78137679
78137162
77338118
77339212
77338857
77338435
78137498
78137119
77337927
77339024
77339036
77336882
78137725
78137434
78136815
77364059
78137539
78136826
77336961
77338765
77338155
78137702
78137604
78136746
77336601
77338754
77337482
77338045
78137617
78137430
78136630
77337508
77338739
77337388
77337879
78137332
78136919
78136661
77336497
77338650
77337004
77337921
77338018
78137620
78137484
78136593
77336687
77338810
77338668
77334830
77338661
77369394
77336898
77338178
78137626
78137170
77338821
77336516
77337729
77338224
78137990
78137840
77337832
77338867
77336623
77337028
77337420
78136696
78136833
77337891
77339060
77337757
77338491
78137942
78137734
78137252
78136911
77339129
77338904
77336919
77336675
77337714
78137127
78138121
78137240
77336963
77336149
77337077
77337740
77335772
77337809
77338770
78138468
78138257
78137394
78137063
77338269
77339503
77337792
77338664
78138226
78137720
78136940
77339209
77337293
77338381
78138021
78137664
78137363
77337187
77339241
77338162
77338416
78137778
77368220
77336220
78137173
78137119
77337172
77339301
77339074
77338869
77338935
78138473
78138314
78137744
77337544
77339718
77337973
77337624
78138567
78138105
78137662
77337627
77339729
77339768
77339037
78138527
78138354
78137551
77338707
77339832
77338036
77339082
77337647
78136809
78136953
77337895
77339075
77338960
77338335
78137815
78137604
78137052
77337981
77339315
77338301
77336957
78137781
78137812
78137061
77337105
77339282
77339205
77337353
78138129
78138088
78137304
78137056
77339325
77338431
77338612
78137882
77367229
77338196
78136838
78136910
77364763
78136242
77364840
78136915
77366582
77337411
78136081
78135979
77336768
77336699
77337889
77338374
77369876
77338014
77337009
78137811
78137342
78136685
77336796
77339015
77338740
77336842
78137584
78137877
78136804
77337855
77339005
77337710
77336900
78137789
78137448
78136672
77336739
77338769
77338685
77336538
78137316
78136994
77363328
78136335
77365252
77368288
77338264
77369496
77337865
78136930
78137179
78136822
77337617
77338807
77337137
77336805
78137623
78137383
78136763
77336939
77338962
77337062
77338328
78138081
78137467
78136899
77338009
77339103
77337921
77337061
78138028
78137257
77337291
77339195
77338093
77337077
78137908
78137307
78136849
77338085
77339189
77339109
77337112
78137880
78137448
78137012
77339165
77338964
77338477
77336956
78138029
78137596
78137289
78136976
77339157
77338301
77337186
78137463
78137028
77337892
77339198
77337853
77336847
78137808
78137452
78136893
77364344
77364770
78137670
78136761
77337836
77338958
77338827
77336909
78137614
78137631
78136827
77364165
77368080
77337361
78136911
78136623
77336800
77338980
77337957
77338224
78137973
78137677
78137122
77337030
77336663
77337874
78137541
78137596
77364881
78136165
78137006
77364730
78136588
77337069
77339187
77335931
77335780
77336264
77337147
78138432
77368146
77337657
78138076
77368121
77337964
77369337
77339677
77337673
78138521
78137721
78137559
77365737
78137141
78137864
78137654
77338617
77339807
77339614
77337433
78137846
78137657
77365574
77368625
77339086
78138138
77366680
78137302
78136871
77364342
78137797
77365269
78137705
78137911
77367286
77368203
77338574
78138652
78138083
77339171
77339936
77337924
77339036
77339011
77368966
77338417
78139131
78138971
77364854
78137458
78137600
77337533
77339652
77338304
77338326
77337965
77339822
77338513
78139091
78138907
78138436
77338283
77340720
77338876
77338023
77337658
77338248
77337598
77337489
78138180
78138728
77366783
78138296
77368358
77337650
78138689
78138607
78138505
77340825
77339049
77340151
78139426
78139156
78138888
77338827
77341055
77340958
77338886
78139454
78139277
78138860
77339890
77341107
77339767
77340389
78139418
78138898
77338735
77341046
77339304
77340422
78139974
78139307
78138899
77339899
77341013
77340889
77340311
78139812
78139767
78138777
77339607
77340949
77340466
77338719
78139625
78138945
78138777
78138671
77340991
77340094
77340241
78139820
78139219
77338878
77340950
77340907
77340262
78139208
78138757
77338800
77340905
77340504
77371460
77338654
78138939
78138597
77339548
77340724
77340723
77340067
78139806
77371002
77338729
77338609
77340005
77339404
78139757
78139341
78138773
77338741
77340945
77339176
77339416
78138933
78138677
77367934
78138503
78138417
77339396
77340613
77338133
77337647
77338472
78138746
77340727
77338858
78138556
77339647
77339102
77338811
78139211
77357006
77338465
77338569
77339533
77340048
78140344
77370869
77371081
77341619
78140699
78140472
77340637
77342931
77340556
77341131
77340808
77373730
77339802
77343071
77341088
78141286
78141228
77341247
77343496
77342022
77341132
78142167
78141891
78141340
77342218
77343405
77343304
77341194
78142154
78141892
77341018
77343373
77342380
77340851
77340800
77340519
77373240
77342519
77341082
77339865
77342890
78142358
78141581
77341362
77343635
77343718
77342936
78142163
78141811
78141594
77343761
77341284
77342480
77340741
78142177
78141894
78141366
77343635
77343640
77341541
78142435
78141898
77341464
77343721
77342752
77341528
78141841
78142055
77342767
77343882
77343839
77341716
78142273
78141977
77341503
77343889
77343795
77341723
78142653
78142162
78141677
77342870
77343999
77343115
77341946
78142667
78142408
78141814
77341670
77343732
77342035
77341419
78142184
78141793
78141429
77343719
77341915
77341443
78142298
78141738
78141773
78141399
77343675
77343440
77341532
78142102
78141373
77342211
77343291
77341906
77341238
77341059
77340664
77339965
77342786
77340026
77342697
78141862
78141620
78141117
77368028
78141470
77342460
77343547
77343566
77341638
78142483
77372680
77340889
78141144
78141693
77369003
78142582
78141861
77343854
77340379
77341136
77342460
78142334
78141991
77341983
77344136
77342511
77342600
78142282
78141502
78141786
78141374
77343541
77342389
77342842
78142513
78141995
77341510
77343636
77341579
77342958
78142574
78142581
78141907
77341835
77343900
77342455
77343070
78142292
78142038
78141582
77343807
77342299
77342934
78142254
78141767
77342686
77343869
77342900
77343194
78142851
78142548
78141711
77341604
77343706
77343612
77343052
78142273
78141796
77341697
77343850
77343678
77343148
78142880
78142697
78141788
77341678
77343924
77342686
77339338
77342060
77340568
77342935
77340720
77342287
77340685
77343816
77343301
78142829
77372640
77341285
77373757
77342633
77374408
77343012
77341358
78142108
78141549
78142165
77342065
77344379
77343217
77342313
78143331
78142731
78142379
77343457
77344575
77344427
77342300
78142912
78142464
78142124
77344530
77343448
77342227
78142401
78142115
77342181
77344471
77343073
77342241
78142706
77369853
78141032
78140996
77341964
77343082
77343984
77341837
78142677
78142406
78141853
77344194
77342929
77341820
78142406
78141889
77342020
77344122
77344008
77341963
78142597
78142108
78141717
77344037
77343926
77341796
78142197
78142058
77342974
77344215
77344094
77341913
78142463
78142103
77342961
77344157
77344098
77341900
78142229
78141802
77342968
77343915
77343350
77341873
78142614
78142220
77341838
77344066
77343979
77341859
78142433
78142038
77341991
77343901
77343473
78143137
78142428
78141875
77344267
77342546
78142311
78142183
77368720
78141029
78140258
77367630
78140702
77342239
77343339
77343122
77342487
78142144
78141923
78141079
77341306
77343596
77343173
77342609
78141983
78141793
78141246
78141068
77343439
77341595
77342611
78141997
77370853
78140631
78141242
77342269
77343420
77343203
77374018
77342289
77340285
78140988
78140362
77341204
77343504
77341636
77341359
78142255
78141665
78141771
78141330
78141314
78141330
77343568
77343423
77341597
78142216
78142015
77341496
77344012
77343747
77343129
78142752
78142544
78141728
77341808
77343961
77342206
77343160
78142759
78142602
78141833
77341802
77344078
77342645
77343191
78142807
78142585
78141912
78141650
77344093
77343189
77341835
78142613
78141986
77342872
77344068
77343902
77343356
77343388
78142675
78142563
78142001
78141877
77344262
77344141
77342117
77374743
77340255
77342081
77342977
77340760
77343178
77340590
77343461
78143016
78142190
78141869
77341904
77344023
77340709
77342811
77340912
77342750
77341966
78142551
78141884
77342023
77344155
77344175
77342076
78143001
78142662
78142130
77344436
77343014
77342179
78142486
78142236
78142085
77344426
77342674
77342185
78142897
78142566
78142184
77343241
77344308
77343827
78143326
78143183
78142284
77343254
77344342
77344075
77342224
78143352
78142880
78142355
77342408
77344569
77343146
77342389
78143309
78142732
78142200
77344541
77343084
77342300
78142850
78142173
77342114
77341627
77341839
78142273
78141592
77342678
77344473
77341820
78142323
77373371
77341581
78142019
77373017
77341878
77339518
77341924
77340849
77373279
77342776
77340872
78142330
78141835
78141645
77343914
77343716
77343137
78142917
78142493
78141868
77370268
78142182
78141932
77343035
77344013
77342754
77341868
78142931
78142314
78142446
78142185
78142068
77344300
77340864
77341237
77342042
78142868
78142564
78142446
78141881
77344273
77344168
77342035
78143104
78142552
78141986
77344378
77342745
77342095
78142722
78142210
77343064
77344353
77344297
77342051
78142608
78142100
77342090
77344141
77343247
77342033
78142876
78142267
77343030
77344271
77344129
77342054
78142911
78142147
77342056
77344319
77344242
77342095
78143027
78142260
78141868
77344195
77342930
77341985
78142354
78142136
78141928
77342993
77344029
77343836
77342065
78143005
78142090
77341927
77344101
77343884
77342000
78142792
77372179
78141558
78141971
77369108
78141696
78142058
77342635
77342122
77343275
77343869
77342531
78143236
77372073
77342455
77375207
77341613
77373810
77341666
78143223
78142820
77343559
77344698
77343569
77342545
78143166
78142525
78142410
77344786
77343748
77342572
78143260
78142908
78142560
77344829
77343108
77342834
78143597
78142767
78142680
77344949
77343276
77342906
78143504
78143727
78142869
77342776
77345004
77345044
77344172
78143106
78142596
77343537
77344724
77343828
77343929
78143200
78141703
77342860
77344332
77342559
77343762
78142768
78142437
77342314
77344577
77341981
77341410
77342533
78142030
78141501
78141088
77342152
77343003
77342448
78142091
78141906
78142039
77343090
77344139
77344059
77343427
78143241
78142566
78142227
78142039
77344373
77342526
77343617
78142841
78142609
78142092
77343079
77344245
77344124
77343358
78142975
78142515
78141928
77342954
77344137
77342461
77343137
78142688
78142235
78141820
77342828
77343915
77343938
77343179
78142874
78142462
78141693
77341788
77343965
77341393
77343658
77374405
77341446
77340775
77343070
78142629
77373960
77342366
78141295
78141693
77341722
77343971
77341703
77341037
77341930
78142683
78141977
77342707
77343924
77342659
77341857
77374677
77342820
77342401
77340176
77343337
77343686
78142807
77371532
78142426
78142194
77370186
78142067
77372820
77341507
77342445
77343731
77341402
77341421
77342016
77341528
77341921
77341743
77344478
77341747
78143313
78143523
77372112
78142594
78142800
77342612
77344833
77342968
77344120
78143788
78143396
78142775
77342869
77345169
77343259
77342952
78143541
78143783
78143231
77342624
77344948
77343775
77344285
78143574
78142872
77342776
77344929
77344907
77342784
78143448
78143250
77342885
77344915
77343074
77342967
78143711
78143382
77342792
77345020
77343008
77344216
78143921
78143352
78143192
78142924
77345193
77343526
77343000
78143880
78143657
78143110
77343084
77345361
77343647
78142960
77345062
77342879
77343478
77342305
77373304
77342050
77341316
77343564
78143180
78142340
78142319
77370649
78141723
78142362
78142451
77343454
77344722
77341326
77343786
77342446
78143212
78142880
78142753
77342745
77344864
77344096
77342872
78143447
78142809
78142826
77344979
77343584
77342916
78143344
78142692
78142795
77343131
77345052
77345129
77343108
78143365
78143099
77342803
77345192
77344568
78143893
78143314
77344227
77345235
77344669
78143794
78143062
77344075
77344990
77343203
78143371
78143277
77344275
77345088
77343216
78143784
78143593
78143379
77345597
77344666
77343534
78144064
78143730
78143297
77345515
77344624
77343349
78144552
78144314
78143452
77344282
77345448
77345430
77342119
77342885
77343316
78143857
77374079
77343153
78143857
78143142
77371287
78143382
77370749
78142753
78142405
77343180
77345405
77344956
77343383
78144175
78144262
78143486
77344428
77345696
77344527
77343596
78144286
78143499
77344401
77345611
77344401
77343350
78143846
78143325
78143229
77345535
77344959
78144452
78144159
78143407
77343310
77345483
77345485
77343389
78144184
77375357
77342110
77343790
77343373
78143462
78143155
77344302
77345543
77345446
77342383
77343599
77343413
78143827
78143472
77343488
77345737
77345541
77343496
77342602
77342730
77345571
77343795
78144032
78143992
77345880
77343824
77344802
77344455
78144046
78143784
78143848
78143928
77346153
77344936
77345468
78145057
78144454
78143903
77343946
77346137
77345975
77345470
78145141
78143451
77344456
77346044
77344408
77343905
78144715
78144323
78143755
77344817
77345983
77345845
77345065
78144791
78144194
77343757
77345934
77344525
77345160
77342360
77343330
77342708
78144189
78144027
78143627
77344624
77345879
77345713
77343638
78144385
78143851
78143459
77345677
77344024
77343547
78143938
78143566
77344312
77345553
77344587
77343408
78144238
78143427
77343282
77345408
77343875
77343676
78143960
78143519
77372188
78142716
77371940
78142597
78143221
77343163
77345193
77344163
77344720
78144394
78143461
78143264
77343433
77345532
77344461
77344877
78144042
78143396
77343364
77345541
77345533
77344778
78144493
78144199
78143232
78143252
77345521
77343594
77344645
78144045
78143589
77343330
77345521
77344624
77344819
77343432
78144403
78143993
78143410
77345700
77345759
77343435
78144443
78143611
77344292
77345482
77345460
77344773
78143853
78143464
78143164
77345403
77344045
77344755
78144026
77373241
77343184
78142566
78142068
77342947
77345084
78142738
77343806
77344817
77344284
78143753
77373852
77342813
78143242
77373640
77344127
78143101
78142907
77369862
78142254
78142043
78143013
77345235
77343657
77343103
77343012
78143525
78143601
77372710
78142240
78142922
77345191
77344014
77344339
78143807
78143289
77369665
78142873
78142108
77343170
77344312
77343911
77343161
78143699
78143945
78143206
77343185
77345366
77343549
77343040
78143849
77374961
77343288
77373885
77341503
78142119
78142536
77370144
78142617
78141821
77343761
77344834
77344907
77342982
78143946
78143810
78142768
77343967
77345061
77343426
77342992
78143831
78143458
78142974
77345250
77343519
77343037
78143523
78143188
77344075
77345316
77345243
77343222
78144149
78143661
78143573
77343188
77345584
77344527
77343364
78144004
78143439
77344343
77345539
77345139
77343464
78144317
78144435
78143581
78143549
77344592
77345956
77344513
77343701
78144208
78143651
77343857
77345908
77343630
77344874
77343661
77345677
77343873
78144495
78144732
77371487
78143507
78143134
77345099
77346360
77345733
77345498
78144722
78144202
77345058
77346254
77346106
77345412
78144775
77374318
77344595
78144732
78144300
77344265
77346330
77343115
77345166
77344211
77343758
77344293
77344324
77344157
77343620
78144539
78144935
78145002
78144296
78144217
77346483
77344272
77345582
77344938
78144121
78144435
77372615
78144009
77372696
78144837
78144471
77344424
77346670
77345800
77344589
78145621
78145458
77374256
78144143
78144835
77344831
77346960
77344720
77347657
77342656
77344959
77344713
77346001
77343987
77345331
77345204
78146056
77378448
77343149
77345805
77344548
78145038
78144700
78145123
77347443
77346440
77344069
77344699
77344367
78145683
78145245
77374251
78144827
77347053
77345312
77346430
77345656
78146393
78146155
77374223
78145120
78144868
77345661
77347763
77346429
77345607
78146758
78146727
78145934
77347023
77346223
77346111
78146854
78146296
77347161
77348279
77346363
77346141
78145666
78145646
78145429
77347851
77346082
77345822
78146563
78146480
78145695
77348036
77346579
77345873
78146691
78146403
78145770
77348090
77347571
77345863
78146553
78146053
78145605
77345706
77347890
77347745
77345855
78146293
78145863
77346752
77347846
77346835
77345721
78146527
78146044
78145541
77345642
77347744
77347719
77345715
78146248
78145615
77345453
77347726
77344174
77344243
77347047
77346894
78146291
77376443
77345623
78146449
77377426
77345954
78146979
78145812
77346940
77347993
77347348
78146811
78146434
77374276
78144962
78145799
77346844
77348150
77347957
77345762
78146169
78145772
77345675
77347749
77344578
77344948
77344549
77345426
77346584
77347140
78146719
78146767
78145764
77374199
78146959
78146385
77347320
77343714
77345031
77345983
78146533
77375514
77344854
78146606
78145888
77346084
77348261
77346804
77345955
78146837
78146387
78146339
78145930
77346984
77348115
77348021
77344201
77347835
78147262
78146508
77347039
77348519
77348289
77346196
78146599
78146049
77372920
78145721
77344897
77347173
77343719
77347220
77378134
77346321
77345247
78146262
78145593
78146131
77346201
77348604
77347471
77347690
78147039
78146978
78146326
77347275
77348588
77347521
77347913
78147516
78147151
78146495
77347556
77348797
77348663
77348048
78147664
78147538
78146847
77347467
77348758
77348880
77348179
78147534
78147291
78147179
78146680
77347604
77348770
77347524
77346430
78147335
78146818
77346611
77348836
77347257
78146889
78146669
78146340
78146203
77348472
77348451
77346420
78147046
78146585
77347447
77348592
77348495
77347777
78147503
78147057
77374182
78145243
77374143
78146269
78146140
77346002
77348259
77346072
77346289
77346105
78147020
78146327
77373646
78146607
77375239
78146630
78146237
77347312
77348502
77347488
77345236
77346685
77345287
77347626
77346406
78147388
78146540
78146217
77348558
77347521
77346233
78147136
78146528
78146267
77347179
77348345
77346974
77346218
78146874
78146339
78146261
77346173
77348364
77348229
77346259
77379117
77347418
78146544
77377564
77345620
78146931
78146393
77347462
77348577
77348497
77346514
78147328
78146950
78146715
78146427
78146348
77348638
77348650
77346391
78147122
78146471
77346501
77348432
77348383
77346448
78147586
78147162
78146501
77346490
77348592
77348375
77346327
78146901
78146663
78146177
77347405
77348588
77348579
77346426
78147261
78147072
78146615
77347403
77348709
77348513
77346489
78147513
78146849
77346546
77348822
77347458
77346680
78147209
78146837
78146251
77347267
77348364
77347791
78147332
78147233
78146267
77347198
77348357
77345091
77347105
77346601
77344043
77348242
77346310
78146649
78146179
77374887
78146616
78146392
77346453
77348553
77347594
77346387
78147075
78146741
78146306
77346329
77348585
77347340
77346658
78147277
78146663
78146698
77346439
77348688
77347261
77346388
78147103
78146738
77347487
77348448
77345764
78146737
78146386
77374060
78146194
78146216
77346015
77347901
77347424
78147016
77378045
77345112
77344757
77346107
77346134
77378958
77346646
77378281
77347828
77346462
77346193
77346787
77379558
77347009
78146092
78145586
77347793
77346487
77346967
77347470
77345785
78146733
78147641
78146815
77374534
78147388
78146714
77347415
77348656
77347471
77348494
77345587
77346284
77347746
77348614
77346694
78147537
77376831
78147623
78146813
77347952
77349186
77345705
77348663
77348481
78148046
78147753
78146791
77349057
77347312
77346963
78147838
78147469
78146879
77346943
77349096
77347827
77347138
78147601
78147536
77347114
77349264
77348418
77347218
78148151
78147879
77374188
78146094
77347154
77348039
77348044
77346937
78147904
78147696
78146905
78146978
77374428
78147619
77374224
78147065
77347954
77349615
77348362
78148033
78147832
78146872
77348002
77349182
77347464
77347135
78147929
78147342
77347995
77349150
77347909
77346971
78147725
78147589
78147205
77347944
77349110
77347368
77348353
77346822
78147378
78147251
78146583
78146616
77346733
77348835
77347028
77346625
78147545
78147545
78146836
77347732
77348730
77348732
77346729
78147428
78147417
78146817
78146616
77348834
77347017
77346740
78146977
78146857
77347569
77348858
77347260
77346593
78147448
78146730
77347757
77348861
77347298
77346771
77379516
77345853
78146686
77375652
78147054
78146705
77374537
78146764
77373053
78146313
77346919
77349012
77347260
77348314
78147957
77377607
77347486
78145415
77375532
77379142
77348489
77346520
77378739
77347271
78147681
78147358
78146673
78146526
77348809
77348607
77348285
78147454
78147391
78146923
77346680
77349060
77348856
77346870
77379305
77347453
78146790
78147150
77375669
77378245
77348830
78147680
77378541
77347416
77347038
77347503
78148458
77378252
77348204
78147621
78147282
77374128
78147940
77377261
78147570
78146930
77347798
77349999
77349006
77347820
77348201
77347991
77349271
77346254
77349327
77347124
77350302
78149557
78149373
78148567
77349603
77348869
77348471
77348393
77350367
77350122
78149571
78149275
77348689
77348692
77349950
77349469
78149010
78148674
78148114
77348039
77350339
77349333
77348960
78149714
78148855
77349054
77351105
77350214
77349000
78149520
78149269
77348934
77351046
77349739
77348843
78149801
78149412
78148818
77350755
78149870
77348982
77350678
78148963
77348938
77348744
77349916
77350288
78148957
77379987
77350463
78149217
77378335
77348270
78148674
78148280
77349254
77348481
77349767
78148583
78149933
78149170
78149142
77351462
77349594
77347106
77349764
77350558
78149779
78149121
77349646
77349452
77350413
78149640
77379421
77348206
77381701
77349792
78148924
78149070
77350023
77351141
77349016
77349674
77350144
77351115
77350839
78150418
78150330
78149450
78149363
77351602
77350303
77349351
78150295
78149543
78149271
77350198
77351439
77351369
77350815
78150629
78150129
78149570
77349239
77351663
77350745
77351012
78150608
78150259
78149677
77349726
77351798
77350392
77349796
77348385
77350930
77349636
77348809
77349659
77349816
77349424
78149945
78149963
77349443
77351644
77351492
77350898
78150562
78150007
78149436
77350586
77351803
77350834
77349649
77351017
77351207
77350011
77350229
77351654
78151104
78151251
77378260
78149624
78150212
77378999
78150706
78150612
78149809
78149685
77351924
77348479
77349802
77351967
78151042
77381091
77352193
78151084
78150870
77350825
77353190
77353045
77351072
78151829
78151166
78150913
77353186
77351718
77351054
77348865
77351789
78151435
78150586
78151184
77351997
77353166
77351469
77351048
78151397
78151141
78150859
77353125
77352932
77350973
78151595
78151480
78151006
77351974
77353287
77352553
78151705
78151049
77350889
77353128
77353178
77351148
78151268
78150860
77351088
77353149
77353151
77351045
78151572
78151004
77350989
77353122
77351449
77351018
78151825
78151402
78150843
77353112
77353080
77350998
78151411
78151001
77352049
77353239
77351892
77351108
78152025
78151761
78151137
77351204
77353405
77351619
77351215
78152237
78151431
77379988
78150483
78150296
77351191
77353395
77352446
77351225
78152041
78151565
78151238
77353572
77351191
77350699
77350440
78151965
77381351
78151617
78151418
78150761
77352928
77351973
77350861
78151447
78151453
78151736
77353852
77352456
77351792
78152680
78152172
78151591
77353841
77351928
77351606
78152027
78151360
77379520
78150415
78151337
77351164
77353194
77351435
77351034
78151734
77382464
77351359
78150477
78150916
77350866
77353067
77350839
77350935
77351994
77352592
78150627
78150427
77350631
77352623
77352690
77350519
78150820
78150746
77350459
77352712
77351344
77350584
78151456
78150886
78150511
77352831
77349551
77351738
77349921
78150465
78150798
77351708
77352925
77352978
77348596
77352848
77349796
77351885
77349857
77352134
77350866
78151338
78151170
77350651
77349997
77352071
77351075
78151211
78151131
77379156
78151946
78151131
77353284
77351132
77350242
77353083
77351364
77383337
77352881
77383679
77352110
77349634
77352574
78151754
77380196
78152556
78151900
77352905
77353945
77352714
77351691
77352782
77351766
77351274
77351983
78153111
77383018
77352472
78152821
78152180
77353106
77354333
77354202
77352384
78153146
78152442
78152136
77354419
77352986
77352264
77384353
77352758
78153103
78152400
77353448
77354548
77354448
77352448
78153160
78152808
78152531
77353504
77354628
77354226
77354087
78153591
78153479
78152850
77352749
77354992
77354970
77353100
77385749
77353291
78152265
78152815
77381962
78153867
77352993
77355170
77351768
77354063
77385798
77353107
78153791
77382909
77352107
78153631
77383689
77352921
77354228
77354612
77354640
77385938
77354708
77351980
77353431
77355662
77353709
78154513
78153735
78153657
77355910
77352537
77355471
77355356
77386811
77355564
77386923
77354670
78154190
78154490
78153954
77354037
77353883
77354386
77354568
77354025
78153074
77355466
77354182
77353495
77354256
77352950
77355920
77354354
78155044
78154385
77381977
78154567
78154690
77354591
77356645
77356766
77356175
77387401
77355549
77355115
78154339
77385026
77355998
78155098
78154629
77355374
77356836
77355474
77356147
78155672
78155456
77358259
77354432
77354449
78155140
78154617
77354468
77356812
77355157
77355895
78155610
78155413
78154514
77354602
77356728
77355408
77356013
78155667
78155320
78154458
77355347
77356405
77354687
78155296
78154720
77354675
77356798
77355217
77355976
78155149
78155069
78154542
77355390
77356559
77356534
77355871
78155006
78154642
77355564
77356805
77356513
78155340
78155124
78154464
77356733
77355060
77355904
78155304
78155022
78154473
77356691
77354850
77354359
77354029
77354952
78154323
78153730
77354660
77356756
77354395
77354075
77355764
78155626
78154914
77385576
77355121
77386420
77354643
77386664
77354033
77356024
78155496
78155184
77383565
78154582
77385161
77354229
78155158
78155213
77355944
77357257
77356370
77356521
78155960
78155440
78155018
77357359
77355641
77355096
77354557
77355535
77386559
77356173
77352951
77356357
78155233
78155143
77356101
77357393
77357262
77356507
78156202
78155649
78155469
77356307
77357569
77357404
77356703
78156449
78155630
78155215
77357484
77355640
77356560
78156164
78155900
78155168
77357488
77355941
77356765
78155794
78155565
77355537
77357639
77355976
77355542
78156147
78156076
78155852
77356762
77358085
77356720
77357339
78156945
78156593
78155789
77358007
77358047
77357418
78157086
78156448
77356107
77358182
77356522
77357398
78157140
78156877
78155847
77358188
77356368
77357292
78156668
78156113
77384468
78156025
77385639
78155329
78154999
77356023
77357158
77354363
77354518
77355656
77353507
77353624
77354470
77356015
77357301
77357032
78156610
78156467
77384042
78155246
78155725
77355752
77357881
77355817
77355585
77357524
78157048
78156411
78156309
77384880
78156261
78156176
77383924
78156115
78155756
77356433
77357671
77356145
77357462
77358328
77357744
78157409
77387505
77356429
77355677
77357077
78156375
78156021
77383566
78156553
78155563
77355638
77356972
77356592
77389304
77356834
77357911
77358358
77356927
77356936
77357469
77389067
77358323
77357619
77390138
77356846
77358803
77388739
77358199
78156955
78157645
77357606
77357685
77359484
77358285
78157246
78157048
77357888
77360000
77358944
77359380
78158549
78157958
77358855
77360109
77358865
77359349
77356826
77357958
77356967
77358547
77359464
78158753
77387420
78157732
78157316
77358224
77360264
77360170
77359459
78159198
78158598
77386085
77388247
77357436
78158520
78158789
78158380
77360598
77359288
77359920
78159499
78159154
78158618
78158616
77358530
77360710
77360264
77359950
78159737
78159334
77359699
77360970
77360897
77360319
78159772
78159474
78158710
77359703
77360913
77359821
77360177
78159485
78159066
77359881
77361040
77360071
77358844
78159989
77390332
77359198
78159461
77388011
78158997
78159045
78158663
77360983
77361539
77358811
77359942
77359479
78159082
78158756
78159154
77360007
77361248
77361199
77359034
78159465
78158996
77359999
77361219
77360619
78160156
78160096
77387967
78159746
78159347
77360028
77361296
77358344
77360535
77359863
78160444
78160305
78159233
77360225
77361319
77359985
78159354
78158881
78158576
77358582
77360759
77359140
77358596
78159324
78158912
77358383
77360656
77360771
77358713
78159632
78159130
77358906
77361045
77360192
77358965
78159608
78159624
78159024
77359016
77361265
77359486
77359063
78160071
78159932
77359287
77361413
77359665
77359364
78159740
78159234
77360306
77361317
77360916
78160196
78159999
78159187
77359655
77361279
77360823
78160076
78159664
78159087
77359197
77361248
77360279
77359254
78160074
77388315
77358046
78158664
77387887
78159403
78159281
77387941
78158629
77387708
77391215
77361500
77392240
77358323
77358672
77358621
77391570
77358574
77359614
77359161
77358797
77360773
77358987
77358945
77360415
77360053
78160300
78159938
77361060
77361222
77358997
77360551
77360144
78160458
77390783
77358098
77361618
77360309
78160685
77390676
77359620
77361725
77359873
78161258
78161074
77360901
77363082
77360858
77360417
77360301
78160419
77391214
77361021
77361374
77360974
77359135
77361731
77361073
77359934
77360116
77362146
77360373
78160687
78160284
77362156
77363319
77361683
78162190
78161294
77361958
77363300
77363380
77361264
78161481
78161083
77362035
77362145
77359505
77360365
77361012
77360156
77360682
77361156
77361081
77361431
77362607
77362079
78160959
78160911
77360714
77361884
77362226
78162643
78162112
78161790
78161660
77363929
77363832
77361838
78162656
78161747
77361827
77364034
77363903
77361835
78162307
78161985
77362015
77364117
77364136
77361986
78162399
78162209
77362828
77364083
77364041
78163092
78162379
77362102
77364287
77363981
78163128
78161064
77362279
77364044
77362835
78161986
78161498
77362437
77362817
77362773
78162256
78162067
77361451
77363505
77363008
78162582
78162494
77390430
78161802
78161766
77362632
77363730
77361489
77362733
77362427
78162352
78161800
77362774
77363820
77363367
78162633
78161699
77361844
77363925
77362324
77361972
78162871
78162481
77390651
78162890
78162177
77361936
77363976
77360514
77362168
77362046
77360395
77364442
77362247
78163436
78162458
77361948
77364345
77364450
77362427
78162643
78162409
77363396
77364356
77363757
78163533
78163210
78162582
77363382
77364592
77364474
77362710
78163213
78162835
77363758
77364906
77364771
77362693
78163461
78162917
77362525
77364043
77364389
78163786
78163589
78162847
77390508
78162710
78162688
77363015
77365456
77364182
77361225
77363914
77361695
78162869
78162659
77363499
77364788
77364622
77362622
77395707
77363011
77362827
77361416
77363841
77361945
78163464
78162984
77391979
77361727
77362989
77363340
78163604
78163204
77364293
77365390
77365317
77363256
77363288
77363344
77362907
77363381
78163381
77365629
77364947
77361816
77363250
77362416
77363503
77363757
77364867
77362616
77363821
77363335
77396704
77364775
77396240
77365459
77364414
78164570
77392738
78163875
78164442
77364485
77366484
77365836
78165551
78165223
77364303
77366784
77366649
77364803
78165051
78164806
77364785
77366836
77366202
78165841
78165787
78164747
77364868
77367125
77365831
77365140
78165337
78165084
77366090
77366024
77367074
77365271
78165558
78165307
77365106
77366286
77366071
78165532
78164919
77364832
77365088
77364836
78165387
78165288
77365973
77367162
77367110
77365110
78165520
78165309
78164924
77367142
77364653
77365648
77363451
77364201
77364109
77364754
77364577
77365223
77398018
77366263
77365077
78166208
77397139
77365842
78165747
77396926
78165394
77367663
77364194
77365056
77365850
78166247
78165945
77394884
78165453
78165070
77365976
77368245
77365967
77366985
77366088
78166468
78165991
77366247
77368421
77368052
77366153
78166419
78166124
77366940
77368181
77367372
78167066
78166582
77366854
77368288
77368051
78167249
77397753
77366635
78166476
77397387
77366003
77367162
77365287
78166566
78166136
77393805
78166746
78166543
77367206
77368416
77368364
77364802
77366061
77366436
77366538
77367124
78166345
78165715
77367503
77368104
77366496
77366770
77366634
77400180
77366156
77366656
78167394
77397456
77368089
78167315
78167242
77366764
77368832
77367542
77366775
78167100
78166752
77366931
77368830
77365423
77366820
77368245
77367881
77366782
77366088
77367047
77399972
77367509
77365721
77368046
77367231
77366599
78167266
77369546
77365995
77369533
77367464
77400235
77368772
77367600
77367270
77366839
77365622
77368999
77366836
78167195
77397215
77369065
77366408
77368944
77366815
78166886
77396262
77368220
78168344
77398273
77369380
77400685
77369307
77368596
77368846
77369830
78168955
78168352
78167845
77368821
77369699
77369325
78168974
78168070
77367961
77369967
77369887
77368004
78168071
78167884
77367759
77370086
77369607
77368058
78168383
77399534
77368378
78167663
78168019
77369033
77370055
77369184
78167026
78166898
77367365
77369561
77369123
78168482
78167731
77368494
77369564
77368148
78168655
78168591
78167646
77369987
77369674
77367746
78168045
78167868
77368882
77369918
77369253
78168782
78168209
78167725
77369994
77369787
77367872
78167909
78167795
77367865
77369881
77369801
77367835
78168328
78168050
77368948
77370080
77370021
77367949
78168449
78167892
77368052
77370027
77369420
78168956
78168374
78167948
77370152
77370206
77368212
78168616
78168331
77368250
77370475
77370210
77367917
77367353
77366571
77368512
77368067
78168518
78168070
77368073
77370277
77370043
77368070
78168603
78167751
77367993
77370670
77369224
78168626
78168404
77369004
77370245
77370124
77368062
78168684
78168462
78168058
77370399
77368630
77368182
78169409
78168686
77369364
77370444
77370505
77368433
78168599
78168728
77368507
77370688
77370392
77368501
78168953
78168608
77396402
78169202
78168391
77368272
77370425
77370064
77368334
77369298
77367457
78168760
77398106
77368927
78167959
77399027
77369239
78168108
78168784
77369610
77370745
77370477
77368563
78169124
78168443
77369467
77370513
77370102
78169563
78169383
78168549
77368528
77370688
77370112
77368464
78168977
78168528
77369392
77369527
77369814
78169604
78168588
77369456
77370676
77370531
77368610
78168928
77398824
77368743
78167754
78167303
77368286
77370129
77369553
78169302
78168902
78168185
77368307
77370378
77369778
78169169
78168306
77368943
77369091
77369474
78169042
78168188
77368921
77370203
77369477
78168980
78168014
77368631
77370051
77369335
77368012
78169157
78168668
77368015
77369994
77369972
77367985
78168062
78167838
77367830
77369839
77369763
77367872
78168118
78167803
77368868
77369890
77369748
77367748
78168732
78168559
77367737
77369890
77369817
77367813
77367603
77367798
77367229
77367641
77368512
77367857
77366148
77367878
77366619
77367372
77367377
78168238
77399315
77367364
77367887
77368545
78169065
78168541
77369538
77370660
77370494
77368484
78168905
78168537
77368551
77370677
77370094
77368515
78168867
78168566
77369541
77370708
77370465
77368498
78169141
78168672
78168456
77370811
77370628
77368580
78169075
78168837
77369805
77369940
77370189
78169965
78169372
78168680
77371021
77370855
77368807
78168844
78168547
77369667
77370531
77370116
78169793
78169718
78168833
77368836
77370794
77370348
77369035
78169671
78169146
77369152
77371023
77371100
77369079
78169545
78169011
77368952
77371009
77370484
77366979
77368073
77368632
78168961
77399400
77369475
77370633
77368668
78169284
78168804
77369627
77370793
77369746
77368911
78169422
78168823
77369799
77370890
77370386
78169851
78168959
77369348
77370693
77368664
77369533
77367858
78168056
78168805
77397057
78168069
78168215
77369120
77370289
77370455
78169566
77400001
77368990
78169244
78168813
77369915
77370988
77367821
77368631
77366909
77370033
78170120
77399231
78169184
78169257
77370151
77371275
77368720
77401572
77369418
78168042
77396618
78168303
78167852
77395279
78168893
78168763
77371185
77370329
77369193
78169976
78169349
77370133
77371233
77370640
77401932
77370477
78169532
78169095
77369086
77371191
77371118
78170227
78169980
77370271
77371570
77371384
77369486
78170150
78169572
77369478
77371754
77371171
78170767
78170602
77398261
78169208
77398840
77370131
78169065
78169876
78169689
77372009
77371861
77369806
78170346
78170629
78169900
77370004
77372034
77371393
78170872
78169931
78169681
77371971
77370130
77371039
78170591
78170154
77369708
77371885
77371836
77369767
78170028
78169741
77370746
77371847
77371671
77369862
78170553
78169752
77370762
77371931
77371506
77370060
78170216
78170077
77369905
77371863
77370131
78170947
78170115
77371155
77372533
77372053
78171405
78170932
77370523
77372574
77371045
77370392
78171516
78171109
77370456
77372698
77372467
77370604
78171444
77402139
77371899
78170941
77398618
78169594
78169651
77369479
77371632
77372148
77403331
77371245
78170863
78170881
77371061
77369858
77371769
77370071
78171219
78171058
77371002
77368791
77371541
77370392
78170647
78170100
77370232
77373192
77373205
77372712
78171367
78171101
77371254
77373219
77373094
78172002
78170970
77372004
77371084
77372377
78171169
78170998
77370980
77372801
77372498
78171503
78171024
77371651
77372811
77371069
78171782
78171272
77371963
77373159
77373106
77370983
78171431
78171322
78170779
77370795
77373044
77371537
78170653
78170338
77371325
77372449
77371997
78171315
78170725
78170253
77371304
77372162
77371805
78171181
78170530
77370312
77372684
77372618
77370587
78171324
78170508
78170470
77372688
77368173
77370663
77369702
77401719
77369681
78169835
78170263
77371430
77372554
77372625
77370481
78171401
78170889
77370575
77372677
77372463
77370518
78170793
78170513
77370644
77372845
77372556
77370529
78170828
78170580
77371580
77372417
77370613
78170877
78170483
77370397
77372580
77372107
78171702
78170719
77370741
77372750
77372030
78171534
78170643
77370421
77372612
77372467
77370484
78171059
78170465
77370460
77372476
77371958
78171475
78170700
77370289
77372630
77372509
77370481
78171401
78170399
77371522
77372571
77371373
77370429
78171072
78170693
77370360
77372232
77367903
77371221
77368480
77370608
77402767
77369262
78169537
78170153
77371147
77371276
77370211
78170394
78170191
77371167
77371571
77371674
78170983
78170367
77370383
77372154
77371778
78170954
78170498
77371311
77372538
77371818
78170850
78170322
77371289
77372369
77372285
77370330
78170836
78170187
77371316
77372300
77372251
77370326
78170434
78170244
77370185
77372221
77371727
77370063
78170439
78170090
77371079
77372173
77371905
77369935
78170619
78170292
77371150
77372168
77372191
77370143
78170407
78170084
77370999
77372093
77371524
78170778
78170372
78170148
77370996
77372066
77368296
77368849
77369531
78170071
78168541
77396368
78168042
77368738
77371327
77368790
78169293
77398653
78168103
77396198
78168266
78168235
77368449
77371243
77370564
78170042
78169309
77370048
77371166
77370799
78170305
78170350
78169636
77370429
77371454
77370936
78170449
78170084
78169389
77370539
77371678
77371128
78170671
78170494
78169908
77370572
77371724
77371507
77369702
78170184
78169663
77369409
77370448
77371137
78170492
78169725
77369818
77371551
77369771
78169969
78169961
77369619
77371844
77371887
77369972
78170229
78169750
77369694
77371919
77371353
77369951
78170368
78169807
77369785
77372021
77370351
77369896
78170468
78170032
77370785
77371324
77369728
77370685
77370078
78170389
77400426
78170166
78169357
77370107
77369557
77367715
77371176
77370055
78171142
78170620
77398186
78170118
77371143
77371922
77371558
78170679
78170326
77397922
78169966
77396819
78169530
77398157
78170969
78170396
77371611
77373330
77372248
78171407
77400956
77372054
78171118
78170865
77370532
77372736
77370536
77371564
77403656
77372149
78171362
78170815
77370817
77372911
77372739
77370718
77403589
77369580
77371044
77371672
77372983
77369907
77372198
78171276
78170594
77370291
77372420
77372001
78171459
78170664
77371194
77372462
77371170
77370071
78170369
78170068
77370141
77372249
77371862
77370125
78171432
77401771
78171304
77399954
78172222
78171721
77371323
77373449
77373427
77371462
77370132
77372624
78171400
78170468
77370596
77372653
77372854
78172645
78172400
78172131
77371595
77373866
77373830
77371894
78172392
78171324
77371291
77373626
77373539
77371501
78171880
78171488
77372466
77373622
77373300
78172539
78172291
78171676
77371678
77373821
77373350
77371644
78172540
78172614
78171790
77371653
77373871
77373716
77371719
78172239
78171631
77371660
77373813
77373298
78172729
78172303
77371764
77373815
77372825
77371628
78172282
78171818
77372725
77373843
77373516
77371598
78172339
78171883
77371587
77373791
77373222
77369271
77372993
78172251
77402786
77371761
77369044
77372791
78171762
78171661
77371601
77370585
77372510
77370812
78170996
78171596
77372626
77373885
77372266
77371635
77373693
77372077
77372342
77370915
77371600
77371416
78171559
78171308
77373020
77374203
77372858
77372037
78172410
78172050
77373013
77374131
77374123
78173089
78172509
77372251
77374377
77374310
77372259
78172827
78172473
77373232
77374401
77374441
77372382
78172426
78172188
77373289
77374479
77374327
77372419
78172655
78172391
77373365
77374513
77374403
78173461
78173107
77373453
77374649
77373995
78173577
78173080
77373583
77374752
77374669
77372662
78173161
78172660
77372740
77374633
77374054
78173790
78173407
78172830
77373817
77371729
77372742
77372944
77405856
77374414
77405957
77373468
78173329
78172972
77374033
77375202
77372971
77373629
77373167
78173663
78173354
77374205
77375497
77373233
77373631
77373206
77406056
77374622
77406163
77374372
77373272
78173747
78173677
77400862
78172773
77401599
77405525
77374565
77406376
77374722
77371433
77374810
78174422
78173654
77374678
77375727
77375203
78173470
77402544
78173210
77402324
78173473
78173490
77374426
77375595
77372465
77372971
77373461
78174558
78173797
77400520
78174513
78173411
77375745
77375613
77373644
77406430
77374275
77405305
77375701
78174631
77404008
77373122
78173302
78174215
77376087
77373980
77375987
77374170
78174455
78174252
77375092
77376429
77376284
77374277
78174746
78174277
77374242
77376323
77375850
78175261
78174757
78174129
77376449
77375514
77374417
78175002
78174556
77375427
77376531
77375749
78175399
77405081
78175470
78174677
77374498
77376525
77374297
77374719
78174521
78174589
77375461
77376349
77374501
78175530
78174687
77375580
77376776
77376658
77374717
78175715
78175303
77375830
77376859
77376803
77374782
78175248
78174739
77375763
77376788
77376519
78175876
78175022
77375799
77377033
77375811
77374939
78175319
78174780
77375810
77377047
77376810
78175834
78175209
78175002
77377169
77374847
77376336
77375149
78175407
78175230
77376091
77377308
77376220
77375071
78175223
78175107
77376016
77373764
77374503
77374021
77406820
77376421
78175743
78175313
78174951
77377169
77373974
77374299
77374317
77405930
77375456
77407136
77376583
78175626
78175282
77375375
77377654
77374071
77375048
77374525
77375413
77376549
77377530
77375729
78176411
78176096
78175576
77376747
77377841
77375765
77375250
77374925
78175424
78174926
77403499
78176227
78175903
77376944
77378271
77378057
77375995
78176522
78175906
78175857
77378147
77377229
77375968
78176557
78175992
77377008
77378209
77378009
77375989
78177058
78176770
77375294
77377142
77376921
78176206
78175929
77375421
77377974
77376519
77377128
78176442
78176023
78175869
77376733
77378097
77377880
77375870
78176510
78176086
78175818
77378108
77376641
77375843
78176659
78176230
77375920
77378015
77377994
77375908
78176116
78175860
77377017
77378066
77377682
78177034
78175988
77403016
78175474
77374775
77376939
77376654
77375950
77407812
77375837
77375816
77376400
77408318
77376429
78176649
78175891
77375947
77377212
77373889
77375115
77377427
78177309
78176341
77378410
77376303
77376752
77376455
77409400
77375794
78177004
78177388
78176885
77404925
78176342
77377043
77378116
77377599
78177074
78176351
77375877
77378081
77376910
77377765
77375939
77376206
77376737
77376351
78177180
78177490
77378288
77379462
77379221
77377453
78178323
78177480
77378429
77379406
77379121
77375517
77378153
77408991
77376726
78178069
78177869
77378048
77379982
77379478
78178985
78178880
78178027
77380252
77379998
77377980
78178329
78178319
77377921
77380047
77379892
77377916
78178453
78177917
77377805
77380027
77379995
78178439
78177980
77377873
77380204
77380241
77376188
77379252
78178198
78177902
77377782
77379866
77379089
77378347
77378276
78179102
78178331
77406227
78179207
77404956
78178308
77379480
77380365
77378534
77378060
77378635
78178873
78178522
77378699
77380260
77380571
77378732
78179459
78178993
78178554
77380772
77380747
77378719
78179690
78178884
77379708
77380946
77380681
77378756
78179539
78178897
77378577
77379794
77380041
78179585
78178961
77378600
77380630
77376398
77378943
78178619
78177785
77404610
78177637
78178148
77380431
77380272
77378235
77410560
77378900
78178028
78178706
77379432
77380626
77378241
77379521
77378301
78178722
77408673
78179375
78179140
77378250
77380529
77379963
77409205
78179977
78179352
77380405
77381523
77381218
77379518
78180014
78179502
77379438
77381636
77381118
77379590
78180113
78179851
77380798
77381833
77381220
78180533
78179805
77380418
77379845
77381165
78180147
78179977
78179545
77381865
77381881
77379685
78179946
78179746
77379666
77381923
77381644
78180794
78180130
78179759
77382014
77381931
77379937
78180354
78179996
77379885
77381915
77381421
78180735
78180647
78179995
77379837
77382028
77381838
77379852
78180399
78180014
77379576
77382110
77381403
78180955
78180152
78179821
77380636
77381904
77379318
77378932
77379521
78179630
78179737
77379561
77381861
77381658
77379713
78179728
78179432
77380500
77381600
77380942
77379520
78180223
78180054
77379764
77381756
77381649
77379611
78180234
78179576
77380443
77381842
77381778
77379628
78180501
78179556
77380706
77381848
77381124
78180439
78179974
77407946
78180332
77379662
77381821
77380241
77379799
77378776
77380369
77377790
77381055
78179588
78179810
77379740
77381869
77381693
77379741
78180251
78179979
77380851
77381958
77379771
78180449
78179833
77380884
77381788
77381209
78180679
78180140
78180004
77380719
77381953
77381336
78180910
78180099
78179997
77380699
77381895
77381497
78179019
78179036
77380278
77381303
77379751
77379162
78179437
78179230
77380185
77381402
77381137
77379273
78179561
78179178
77379331
77381374
77380736
78179530
78179266
77379258
77381445
77379306
78179629
78179295
77379482
77381614
77381520
78180602
78179696
77379648
77381561
77379689
77412082
77378822
78179095
77408730
78179560
78179411
77379518
77381640
77378463
77380500
77378835
78179909
78179986
77379786
77381856
77381928
77380064
78180701
78180270
77381156
77382325
77382269
77380035
78180616
78180168
77381219
77382292
77381696
78181188
78181145
78180093
77382397
77382300
77380204
78180662
78180135
77381166
77382253
77380254
78180984
78180220
77381168
77380365
77380242
78180283
78180139
77380026
77382107
77382061
77380082
78180650
78180248
77380197
77382302
77381034
77379986
78180509
78180050
77379978
77382230
77381493
78180853
78180023
78179795
77382136
77378730
77379058
77378678
77381594
77379808
78180338
78179909
77380845
77382076
77381849
77379913
78180412
78180002
77379911
77382277
77381519
78181097
78180347
77380591
77382199
77381667
78181078
78180401
78180128
77380144
77382249
77382244
77380029
78180129
78180107
77380020
77381930
77381524
78180676
78180175
77381098
77382133
77381416
78180741
78180708
78179995
77380978
77382270
77380758
78181180
78180814
78180030
77380038
77382191
77382018
77380171
78180384
78180156
77380009
77382111
77381956
78180870
78180840
77380001
77382062
77378810
78179372
78178912
77379987
77377767
77380174
77378174
77410959
77378124
77379756
77377253
77378871
77379616
77379794
78179715
77408052
78180255
78179908
77407611
77410500
77379130
78180193
78180154
77407476
78179354
77379435
77381232
77380351
77411710
77379424
78180388
78180163
77380187
77380059
77381235
77379095
77381660
78180913
77408850
78179655
78179590
77406767
77410976
77379907
77412482
77379903
78181068
78181191
77380894
77383020
77380690
77381354
77380773
78180979
77410572
78180443
78179995
77408044
78181417
77408273
78180690
77380428
77382643
77382816
77381339
78181695
78181199
77382346
77383515
77382970
78182445
78181562
77382413
77383675
77383536
77381523
78182013
78181619
77382541
77383277
77382973
78182453
78181648
77381526
77383515
77382928
78182586
78181704
77382720
77383728
77383032
78182560
77411348
77382777
78181929
78181390
77409661
78182383
77409447
78182236
77382650
77384346
77381669
77414543
77382486
77381789
78182594
78181826
77382747
77383930
77383764
77381733
78182576
78182467
78181769
77384103
77382379
77381934
78182615
78181924
77382825
77384021
77383924
77381948
78182274
78181946
77383010
77384193
77383552
78182818
78181928
77381764
77383893
77383122
78182515
78181706
77382846
77383830
77383134
78182525
78181587
77382814
77383950
77383359
77381705
78182159
78181848
77381356
77380262
77382179
77379149
77381075
78181419
78180520
77381369
77382637
77382447
78182323
78181624
77381552
77383524
77383478
77381321
78181885
78181314
77382440
77383623
77383003
78182458
78182034
78181341
77381384
77383353
77383280
78180621
78180818
77381539
77382819
77382376
78181984
78181534
77382142
77383397
77383172
77381111
78181879
78181308
77382186
77383403
77381952
78182186
78181541
77382205
77382497
77382651
78182155
78181867
77382211
77383260
77383211
77381163
78181979
78181269
77382324
77383151
77382838
78182366
78182261
78181277
77381389
77383477
77382808
77380046
77381815
78182043
78181555
77407922
78180302
77380433
77380720
77430357
77430382
77430178
78230569
78230085
77430544
77431761
77431941
78231437
78230672
77430447
77432642
77432035
78231467
78231206
78230733
77431774
77432970
77432904
77430754
78231373
78231120
77430804
77433108
77432443
77430990
78231240
78230857
77430989
77431180
77430886
78231185
78231049
77431992
77433072
77432715
77431047
78231873
78231293
77432046
77433215
77433210
77429653
77430772
77430540
77432637
77463855
77432801
78232033
77462066
77430375
78231440
78231241
77431282
77430224
77432145
77431671
77462992
77431828
77430206
77430323
77432604
77430137
77430832
77430483
78231491
78231318
77431334
77433511
77433345
77464293
77431436
77430986
77431612
78231897
78231660
77459294
77460994
77430781
78231889
77461144
78231874
78231953
77431980
77434079
77433883
77431831
78232340
78231814
77431887
77433948
77433899
77431731
78232571
78231880
77431720
77433927
77433272
78232680
78232079
78231653
77433922
77433842
77431698
78232221
78232055
77431660
77433885
77433620
77431657
78232112
78231459
77432709
77433687
77432841
78232241
78231417
77432468
77433493
77432962
78232482
78230695
77431070
77433380
77433105
77431112
78231755
77460959
78231063
78230128
77457779
78230909
77431106
77433283
77433114
77430174
77430943
77429063
77431532
77430380
77432342
77429261
77433871
77431789
78232477
78232016
78231926
77432944
77434161
77432840
77432054
78232362
78232240
77459140
78231699
77431156
77433319
77430899
77431525
77429835
77433583
78233175
78232606
78231920
77434261
77430974
77433195
77432540
78231872
78231226
77459359
78232172
78231319
77432232
77433336
77431079
77433371
77431184
77431881
77431460
78232342
78231769
78231905
77434174
77432672
77432152
78232600
78232280
77433080
77433321
77433766
78232664
78232253
77432245
77434326
77433949
78233304
78232557
77433255
77434379
77434399
77432313
78233156
78232374
77433251
77434468
77431182
77432195
77434199
77432429
78232690
78232386
77433569
77434714
77434211
78233512
78233032
77432300
77434717
77434195
78233479
78233084
77433807
77434856
77434102
78233633
78232774
77432828
77434967
77434863
78233962
78233908
77461369
78232249
78232086
77433212
77434039
77432053
77432044
77432746
77433327
77431127
77432311
77434511
77432355
77431473
77433835
77433783
78233889
77464953
77433010
78233152
78233260
77460767
78232918
77462205
78233273
78233868
77434668
77436044
77435947
77434118
78234491
77463939
77433010
78233499
78234003
77435088
77436387
77435897
77434259
77467136
77434264
77433728
77432116
77435214
77466361
77435203
78234331
78233871
77434759
77435681
77433898
78234972
78234772
77435873
77436898
77436195
78235744
78235043
77434523
77434632
77435928
77433729
77435511
77433626
77434656
77434166
77467015
77435633
77467279
77437332
78234582
78234715
77435746
77437137
77436030
77437011
77436636
78236036
78235305
77435168
77437342
77437299
77435251
78236044
78235379
77436254
77437372
77437326
77435275
78235647
78235343
77435455
77437619
77435204
77436450
77467252
77436007
78235984
78236154
77435677
77437790
77437801
77435622
77435211
77433592
77437883
77435853
78236281
77463177
78235909
77435995
77438250
77438156
77436047
77467752
77435405
77466639
77435205
78236451
77465581
78236546
77464989
78237023
78236336
77436513
77438519
77438121
77437906
78237410
78236744
77463205
78236502
78235740
77436455
77438519
77435423
77436032
77436465
77437525
77436591
77435380
77438063
77438222
77469797
77438273
78237785
78237308
77437084
77439306
77435811
77437936
77438363
78237587
78237299
77437947
77439102
77437576
77436851
78237777
77466374
77437785
77438752
77436949
77437654
78236295
78237121
77464308
78236475
77437333
77438382
77437187
77437331
77438509
77469206
77437867
78237772
78237521
77437418
77439486
77439467
77438702
78237854
78237431
77437288
77439335
77438063
77438667
78237801
78237614
77465488
77466054
78236723
78236437
77436453
77438534
77437848
78236615
78236466
77437370
77438611
77438544
77438659
78237892
78237397
77438574
77439719
77439526
77438942
78238555
78237839
78237505
77439741
77438611
77438936
78238362
77468800
77436134
77438537
78237361
78237124
78236379
77438597
77435817
77436844
77437812
77469260
77437930
78237212
78236613
77436483
77437174
77438254
77435999
77437023
77438696
78238009
78237302
77438418
77439563
77437839
77438834
78238248
77468020
77436636
78237207
77467408
78237168
78237665
77438852
77439922
77438580
78237890
78237478
77438610
77439923
77439744
77439118
78238246
78237682
77437736
77439766
77439194
78238663
78238029
77437497
77439899
77439781
77439370
78238513
78238089
77437865
77440042
77439812
77437870
78238489
78238036
77438074
77439093
77439650
77439463
77470802
77438508
78237490
78238206
78237810
77439977
77436847
77437894
77437309
77438566
78237793
78237287
77439053
77440229
77440173
77439527
78238933
78238474
78238055
77440157
77440131
77439588
78238679
78238307
77439204
77440305
77440067
77439465
77470739
77437885
77438777
77439436
78239051
78238228
77438336
77440445
77440447
77439637
78238945
78238451
77465189
78237974
77465801
78238281
77438355
77440105
77438389
78238559
77469460
77438285
77438569
77439540
77437791
78237894
77465099
78238619
77438826
77439964
77438712
77438778
77439210
77439450
77438816
77439002
77440252
77440052
77440347
78240307
77470363
78239567
78239867
78239285
77439345
77441655
77441736
77440889
78240121
78239827
78239466
77441865
77440913
77439710
78240343
78239689
77440475
77441811
77441290
77440948
78240462
78239760
77440730
77441862
77441765
77441181
78240632
78239915
77440829
77442197
77441661
78241022
78240906
78239793
77440785
77441996
77441481
78241052
78240246
77441009
77442082
77442146
77441418
78240311
78240124
77440002
77442107
77441655
78240983
78240476
77439836
77442010
77441885
77441311
78240655
78240001
77440943
77442079
77441886
77439766
78240737
77470452
78240453
77470131
77439971
77470525
77440011
78238780
78239802
77438607
77438362
77439379
77440182
78238777
78238675
77439810
77440907
77440789
77438892
78239780
78238913
77438717
77440890
77440266
77440257
78239819
78239607
78238784
77439859
77441028
77440808
77440425
78240055
78239094
77439100
77441328
77441334
77440578
78240068
78239809
78239298
77439009
77440974
77440884
77440180
78239431
78239151
77439904
77440963
77440753
78240040
78239846
78239118
77439083
77440891
77440537
77440150
78239104
78238734
77439472
77440641
77439331
77440106
78239230
78238825
77439462
77440535
77440598
77439977
78239030
77469325
78238652
78237807
77437748
77439596
77439116
78239291
78238840
78238779
77467206
78238829
78238785
77441065
77439044
77441045
77439784
77471423
77439807
77471399
77440192
78240361
77470601
77438777
77471702
77441136
78240421
78240146
77440147
77442201
77440031
77439509
77438529
77441684
78240746
78240507
77440201
77442504
77442407
77441652
78241316
78240617
77441188
77442442
77442300
77441654
78241230
78240866
77441386
77442518
77442413
77440424
78240719
78240650
78240292
77442510
77442452
77441711
78241422
78240826
78240431
77441368
77442441
77442429
77441735
78241186
78241023
78240341
77441536
77442552
77442177
78241533
78241568
78240717
77440624
77442808
77442242
78241639
78241348
77440579
77442872
77442751
77442068
78241216
78240758
78240754
77443146
77442902
78241643
78241034
77442007
77443056
77442439
77440704
77441214
77441477
78241344
78241212
77440909
77443182
77441863
78241384
78240804
77440922
77443117
77442664
78241845
78241418
78240969
77443187
77443346
77442693
78242170
78241780
78241567
78241230
77443448
77443303
77442599
78242175
77472596
78240721
78241296
77441096
77443255
77442587
77441033
77441185
77441786
78240808
77470523
78241479
78240697
77440559
77442647
77443443
77442807
78242519
78242318
77441372
77443714
77443186
78242515
78242383
78241614
77468731
78241278
77440780
77442998
77442488
77443093
78242404
78241664
77442643
77443772
77443165
78242712
78242545
77469872
78241248
77471489
78242868
78241923
77441839
77443057
77440560
77442713
77440933
77441679
77442562
78241693
77471549
78242429
78242533
77469373
78241878
77442358
77443465
77444008
77442408
77441069
77441501
78242162
78242441
77443513
77444979
77444905
77444259
77476118
77444179
78243203
78242466
77442241
77444295
77444201
77443568
78242696
78242074
77443891
77444985
77444984
77444338
78243576
78243224
77444011
77445252
77445083
77444424
78244027
78243576
77443365
77445488
77444216
77444742
78243857
78243211
77444258
77445479
77443983
77443371
78244027
78243529
77443366
77445372
77444683
78244336
78243937
78243188
77445529
77445298
77443390
78243592
78243494
77444146
77445329
77445337
77444723
78243892
78243468
77444406
77445435
77445307
77443331
78244147
78243701
77444417
77444688
77445178
77444898
77442068
77443185
78243463
77470295
78242453
78242293
77442487
77444691
77445309
77444670
78244296
78243875
77442384
77440267
77442288
77440659
77443092
77440777
77442124
77443209
78242481
78241929
77443744
77444755
77442968
78243725
78242916
77443024
77445024
77444893
77444369
78243846
78243091
77442990
77445068
77445059
77443124
78243614
78243025
77443980
77445023
77444658
78244082
78243645
78243085
77443898
77445166
77445075
77444512
78243784
78243358
77444335
77445515
77445483
77444828
78244601
78243974
77443650
77444724
77445046
78244495
77473595
78244286
78243783
77444759
77445997
77445869
77476563
77443582
77444227
78243389
78243008
77443025
77445250
77445005
77445161
78244388
78244020
77444882
77446021
77445968
77445363
78244570
78244481
78244011
77446199
77446108
77445438
77445518
78245135
78245094
78244118
77445161
77446159
77445716
78245090
78244410
77444138
77446278
77444594
77445637
78244982
77475457
77444513
78244106
78243918
77444051
77445180
77445522
77445359
78244731
78244320
77443927
77445313
77446203
77445373
78244532
78243946
77444123
77445911
77445413
78244968
78244152
77443821
77446129
77446035
77445307
78244755
78244285
78243887
77446198
77446035
77444001
78244428
78244017
77443982
77446133
77445981
77445438
78244962
78244698
78243939
77446222
77446053
77445475
78244783
78244498
77444130
77446307
77446176
77445581
77441981
77445874
78244710
78244384
77443692
77446078
77445813
77445243
78244744
77475068
77442979
77441735
77444832
78243649
78242969
77444947
77446085
77444553
77445568
78243720
78243457
77444497
77445704
77445149
77445085
78244175
78243519
77444651
77445659
77444923
78244502
78243918
78243551
77445871
77444650
77443631
78244616
78243937
77444785
77446005
77445874
77445102
78244418
78243772
77443880
77446043
77446155
77445406
78244985
78244709
77444197
77446360
77444605
77445570
78244842
78244494
77445244
77446482
77445875
77444250
78244691
78244179
77444249
77446121
77445764
77445686
78245137
78244318
77444310
77446645
77446496
77445823
77477152
77444756
77475965
77442941
77443659
77444670
78243462
77472306
78243567
77471490
78243611
78243513
77444553
77445740
77444118
77443302
77445470
77443172
77444491
77444428
77446611
77444539
78245459
78245043
77473447
78244527
78244872
77471716
78244176
77444988
78244883
77447152
77446686
78246195
78246056
78245232
77445208
77447415
77446740
78246268
78245510
77446272
77447476
77447437
77446846
78246620
78245832
78245362
77447696
77447524
77445558
77445740
77446996
78246199
78245754
77446649
77446471
77447269
78246703
78245898
77446705
77447785
77447533
77447000
78246169
78245689
77445518
77447548
77443946
77446422
77446932
78246369
78246015
77472270
78244809
77444840
77446146
77447365
78246762
78246580
77446919
77447807
77447519
77447410
78246586
78246099
77446994
77448214
77448066
77447513
78246950
78246246
77446249
77448341
77448192
78247029
78246448
77447119
77448548
77448201
77447538
78247140
78246856
78246107
77448376
77446607
78247039
78246728
78246087
77447200
77448369
77447023
78246164
78245985
77446547
77447889
77447829
77447358
78246397
78246381
77447027
77448238
77446972
77445976
78246410
78246178
77445954
77448104
77447935
77447317
78246589
78245928
77446976
77447912
77447312
77477257
77446183
78245589
77474812
78246396
78245670
77472509
78245250
77445869
77445925
77446445
77446192
78245753
78245694
77472966
78245460
77445350
77448211
77446926
78246417
78245739
77445587
77445348
77447263
77446176
77477302
77445386
78245822
77447603
77447222
78246587
77476170
78245185
78244825
77445870
77447771
77447387
77445701
78245923
78245753
77446487
77447791
77447328
77445608
78246203
78245611
77446734
77446729
77447594
77445648
78246243
78245719
77446662
77447555
77443313
77445637
77443512
77447176
78245938
78245643
77445649
77445571
77446816
78245749
77445693
77447565
77443671
77447846
78246894
78246433
77446446
77447579
77445785
77444514
77445795
77447164
78245777
78245228
77446142
77445369
77446713
77478116
77446199
77445591
77445499
78245750
78245550
77445515
77447743
77447643
77445561
78245916
78246539
77447392
77448807
77448563
77446529
78247203
78246603
77447467
77448585
77448663
77446639
78247258
78246724
77447704
77448784
77448146
78248000
78247063
77447639
77448808
77448714
77446800
78247347
78246761
77447739
77448633
77446608
77447549
77448226
77479766
77448198
77446255
78246670
78247078
77448115
77448966
77449097
77446947
78247107
78247124
77448124
77449191
77448679
77447165
77479919
77448307
77444754
77448245
77446340
78246676
78247188
77474224
78247172
78247633
77446972
77444623
77445643
77446437
78246610
77477306
77447052
78247233
78246667
77473977
78247563
77447330
77448717
77448801
77446712
77477284
78246292
77445930
77447751
77445893
78247267
78246834
77447745
77449605
77446754
78247140
78246727
77447641
77448505
77447953
78246815
78246503
77447564
77448356
77447903
78246956
77476685
78246922
78245805
77446791
77448713
77448148
77445416
77448418
78247886
78246904
77446879
77448960
77448891
77446959
78247775
78247367
77448082
77449320
77449250
77447083
77448128
77446277
77478668
77447713
77479290
77447927
78247348
78246972
77476158
77478015
77446537
78246824
78246854
77474357
78246932
78246860
77447766
77450399
77449272
77480242
77448952
77447981
78248426
78248082
77449081
77450148
77449230
77448221
78248714
78248109
77449019
77449870
77449342
78248924
77478149
78248118
78247908
77448884
77449281
77449925
77448088
78248444
77478688
77448171
77447417
77450978
77449844
78248873
78248610
77449502
77450805
77450734
77448321
77448538
77449800
77481344
77450093
78249713
78248798
77448571
77450748
77447506
77448952
77448738
77481653
77447952
78248197
78248048
77448930
77448987
77448979
77450480
78249981
78249128
77448978
77451104
77450986
77450477
78249554
78249229
77450144
77451382
77451285
77450629
77479984
77481090
77450267
78249438
77478974
77449790
78248419
77477072
78248642
78249315
77449383
77451523
77449231
77448962
77450205
77449765
77450736
78249912
77478616
77449922
78248954
78248714
77449668
77450433
77449400
77449510
77450515
78250754
78249970
78249586
77477971
77479684
77448952
78250093
78249738
77450843
77452258
77449931
77449926
77450539
77448530
77450846
77481108
77449914
78249688
78249668
77449749
77451851
77450653
77451125
78250277
78249789
77449739
77451806
77451860
77451279
78250311
78250004
77449804
77451824
77451145
78250567
78249825
77449892
77451912
77451441
78250964
78250358
77477805
78249679
77451082
77452096
77451592
78250965
77481659
77449576
78249643
77478776
78249501
78249325
77450371
77452518
77452178
77451621
77448869
77451144
78250431
77479924
77481376
77450933
78249738
77479692
77481452
77451191
77482081
77448543
77451969
78251599
78250994
77450831
77452957
77451044
77450839
78251383
78250742
77450687
77452772
77452151
78251303
78250908
77451457
77452826
77452298
78251879
77481431
77451480
78250591
78250353
77449852
77451020
77452634
77450249
78251280
77479701
78251184
78250776
77450302
77452434
77450939
77449146
77452483
77451686
78251855
78251074
77451090
77453339
77453180
77452527
78251804
78251165
78250963
77453283
77452031
77452960
77450056
77450187
77452306
77484428
77453068
78251733
78251645
77452451
77453934
77453853
77453156
78252383
78251775
77451866
77453851
77453863
77453262
77484351
77452535
78252494
78252068
77452475
77453925
77451683
77451037
77452374
78252239
77482335
77453194
77484863
77453435
78253161
78252940
78252130
77452358
77454323
77450697
77453126
77453692
78252952
78252259
77453311
77454391
77454383
77453617
77453659
78253221
78253058
77452594
77454686
77454544
77454001
78253689
78253451
78252518
77453617
77454855
77453422
77452791
78253645
78252965
77453805
77454995
77454860
77454238
78253513
78253209
78252882
77455114
77453537
78252630
78252429
77452516
77452481
77452372
78253431
78253071
78252451
77454741
77453332
77452725
78253104
78252789
77453653
77454819
77454698
77454015
78253568
78253157
78252628
77454846
77453098
77454045
78253496
78252893
78252519
77454737
77452111
77451958
77452315
77452087
77451031
77453625
77453964
77485415
77453179
78252386
78251659
77478285
78253228
77452276
77454783
77454774
77454081
78253675
78252791
77452827
77454902
77454955
77454268
78253495
78252850
77453927
77455008
77455177
77454398
78253923
78253782
78252981
77455199
77455108
77454503
78253667
78253348
77454095
77455165
77454671
78254202
78253700
78252944
77455213
77453820
77454415
78253781
78253256
77453130
77455103
77454770
77454216
78253517
78252917
77452805
77454886
77454689
77452710
78253517
78253006
77452846
77454951
77454419
78254056
78253506
78252825
77455043
77455021
77454334
78253673
78252966
77453840
77455016
77452407
77452928
77454149
77451332
77453324
78252380
78253019
77453955
77454103
77454339
78253955
78253283
78252898
77455116
77452898
77454188
77484942
77454351
77485540
77453685
78253414
77482495
77454207
77455365
77454858
78254034
77484576
77453532
77452729
77454043
77451546
77454750
78253348
78253857
77454734
77455961
77455816
77455180
77451761
77453819
77453206
77454182
77456338
77455559
78254735
78254215
77455269
77455360
77455824
78255298
77484407
77486417
77455012
78254990
78254752
77481388
78255460
78254663
77455589
77456785
77456536
77455904
78255338
78254772
77455648
77456766
77455395
78253928
78253743
77454746
77454408
77455304
78254531
78253990
77481389
78253456
77453254
77453297
77485839
77454800
78254781
78254298
77454400
77456481
77454369
77454976
77454470
78254781
78254367
77455360
77456577
77456462
77454456
78255045
78254480
77454493
77456581
77455936
78255512
78254955
77454600
77456587
77456530
77455881
78255023
77485570
77454750
77486273
77455128
77486295
77454273
77453662
77454546
78254584
78254525
77482346
78255488
78254557
77481811
78254596
77454674
77456724
77456254
78255131
78254700
77482650
78254723
77455168
77456217
77456137
77455703
78255842
78255593
78255117
77482901
78254130
77454933
77455087
77456335
78256013
77484752
78254699
78255245
77455187
77457350
77457236
77455028
77455871
77456660
78255785
78255502
77482176
77484710
78255579
78254997
78254482
77456686
77456637
77455370
77455077
77456894
78255737
78255713
77455675
77457609
77457259
77457027
78256430
78256193
77455859
77458030
77457963
77457460
78256681
78256152
78256064
77458319
77457747
78257311
78256619
77455987
77458431
77455699
77456333
77457416
77487247
77487179
77456206
78256516
78256172
77456075
77458318
77456761
77457643
78257403
78256594
78256185
77458505
77458483
77457741
78257069
77485319
78256324
78255541
77455575
77457516
77457142
77489617
77457569
77456988
77487192
77457947
78257240
77486827
78256431
77485308
77488159
77457490
78256384
78256790
77483930
77485934
78256440
78257083
77457078
77457070
77457976
77458723
78258173
78257713
77484588
78256460
77456385
77459100
77457743
78258003
78257392
77457106
77459235
77457791
77489970
77458216
78257969
78256309
77456194
77458296
77456083
77455584
77455317
77456760
77455509
77488482
77454765
77457817
77488716
77457842
78256777
77486395
77488834
77457371
78256568
77486367
78258016
78257614
77484711
78256387
77457192
77458454
77458240
77488625
77457783
78257792
78257658
78257348
77459682
77457972
77458998
78258447
78257706
77457621
77459716
77459622
77459089
78258863
78258321
78257858
77460073
77459438
78259068
78258699
78258093
77459004
77460289
77460284
77458206
78258884
78258498
78258064
77460293
77460295
77459649
78258895
78258618
77459237
77460376
77457858
77458989
77458523
78257847
78257180
77458077
77460111
77459162
77459587
78259012
78258674
78258296
77457843
77460156
77460224
77456404
77459195
77459446
77459733
78259032
78258619
77458023
77460518
77460390
77459796
78259394
78259306
78258436
77459627
77460831
77459137
77460149
78259074
78258452
77459527
77460768
77459782
77458858
78259305
78258666
77458658
77460870
77460731
77458694
78259094
78258673
77458611
77460788
77459826
77460072
78259050
78258805
77459581
77460696
77460745
77459952
78259490
78259327
78258385
77460726
77460632
77459781
78259007
78258989
78258362
77459140
77460381
77460137
77458164
78259145
78258705
78258163
77460381
77457037
77458470
77457974
77459004
77458322
78259165
77488015
78258197
78257601
78258303
77460470
77458824
77458352
78259144
78258739
77485569
78259336
78258595
77459697
77460709
77458649
77459525
77458395
77457680
77457593
77459275
77459295
77460464
77458623
77459703
77460280
78259682
78258737
77458753
77458575
77458291
78259071
78258934
78258462
78258386
77460604
77459040
77460039
78259074
78258519
77459748
77460948
77460653
77459963
78259363
78258811
78258829
77459616
77460833
77460756
77460008
78259215
78258750
77458516
77460744
77460613
77458493
78258768
78258667
77458427
77459795
77459630
77458617
78259017
78258826
78258614
77458749
77461012
77460854
77458881
78260015
78259394
77459826
77461101
77460994
77460225
78260002
77491343
77459098
78258357
77488328
77457727
78258801
78258587
78258623
77460964
77459193
77460377
78259966
78259854
77488497
78259196
77490154
77459768
78260465
78260220
78259568
77488432
78259928
78259290
77459860
77462109
77458494
77459081
77461294
78261006
78260352
78259972
77460063
77462063
77462038
77461358
78260884
78260271
78260026
77462309
77460962
77461542
78260915
78260337
77460214
77462316
77462171
77461577
78261289
78260865
77460286
77462457
77461464
77461656
77460218
77459809
77459543
78260210
77490432
77459741
78260486
77491466
77461304
78260179
77491299
77459786
77458486
77462714
77462225
78261601
77491159
77461414
78260541
78260993
77460849
77463047
77462177
77462314
78261968
78261163
77461912
77463000
77463083
77462304
77459513
77461043
77462305
78261378
78261076
77489792
78260200
77490816
77461141
77461564
77460143
77461574
77462903
77461218
77462309
77462705
78262280
78262191
78261425
77488321
78260676
77488028
78262182
78261450
77463719
77463653
77461513
77459504
77462189
77460917
78261709
78260981
77460612
77461082
77462483
77461413
78262356
78262213
77462195
77463660
77463539
77462921
78262500
78261756
77461746
77463899
77463091
77463088
78262668
78262387
78261848
77462814
77464065
77463280
78262808
78262153
77463079
77464153
77463232
77463365
78262462
78261863
77462864
77464033
77463939
77463409
78262886
78262524
77462837
77464125
77463819
77463341
78262817
78262457
77462478
77463796
77463675
78262568
78261838
77461788
77463931
77463820
77463086
78262709
78261868
77461388
77463746
77463676
77460192
77461526
77462086
77492966
77463077
78262163
78261962
77489944
78262189
78261562
77489557
78261981
78261257
77462192
77463220
77462832
78262182
78261533
77462256
77464331
77464387
77463737
78262820
78262582
77463416
77463555
77463866
78262973
78262563
77463392
77464582
77464115
77463893
78263540
78262854
77463497
77464666
77463574
77463814
78263214
78263052
77463531
77464690
77464473
77463817
78263217
78262473
77463422
77464554
77464457
77463855
78263356
78262629
77462582
77464578
77464522
77463818
78262915
78262235
77462418
77464177
77464029
77463838
78263050
78262710
78262360
77464585
77462515
77463846
77460876
77463639
78263158
78262289
77463190
77460789
77461458
77461289
77463666
77462232
77463816
78262638
78262527
78262549
77462468
77464631
77464411
77463731
78263131
78262870
78262249
77463350
77464516
77464339
77463618
78263059
78262961
78262448
77462350
77464578
77463378
77463962
78261529
77461648
77463676
77461777
78262151
78262094
77462978
77464123
77463144
77461872
78262429
78262016
77462738
77463650
77463167
78262879
78262658
78261834
77462892
77463863
77463297
78262667
78262038
77461879
77463954
77460511
77462932
77463094
78262301
77491975
78261150
78260986
77461906
77463054
77462461
78262891
78262681
78262196
77461893
77464070
77463128
77463323
78262755
78262192
78261633
77464018
77462318
77463313
78262571
78261899
77462890
77464051
77463879
77462172
78262918
78262603
78261905
77464153
77464128
77463415
78262529
78262444
77462154
77464307
77463909
77462269
78262965
78262474
77463261
77464502
77464368
77463760
78263119
78262608
77462653
77463637
77463711
78263145
78262364
77463330
77464633
77464477
77463794
78263207
78262615
77462557
77464758
77464695
77464043
78263378
77492087
78262438
78261858
77462471
77463844
77463470
77464684
77464344
78263871
78263728
78262690
77463761
77464906
77464296
78263854
77492142
78262369
78261982
77463041
77464200
77464526
77464568
77461818
77464188
77465286
77463970
77462090
77461820
77464310
77463922
77461402
77463022
77462589
77464599
77462616
77464806
77464395
78263461
78262730
77462561
77464747
77463553
77462751
77463337
77464377
77493756
77464379
78263280
78264118
77464080
77465991
77464088
77463286
77463738
77464713
78263789
78263252
77491102
78263957
77464256
77465360
77465020
77496382
77464427
77463898
77465978
78265316
78264493
77492274
78264461
77463622
77465826
77465777
78265419
77495735
78264902
77493913
78264041
78263962
77465784
77467127
77465669
77497326
77466065
78265292
78264988
77465394
77466859
77463634
77465627
77465195
78265405
78264666
77464853
77467006
77467066
77466372
78265520
78265261
77465016
77467118
77467144
77466566
78266043
78265422
77465126
77467249
77466897
77466540
78265945
78265460
78265153
77467167
77465647
77465124
78265394
78265136
77465000
77466982
77466279
78265922
78265414
78265005
77467121
77465824
77466307
78265986
78265177
77465180
77467210
77467116
77466409
77497563
77464859
77464262
78266059
78265408
77464979
77467122
77465679
77465119
77466255
78265735
78265195
77491822
78265002
77464122
77466227
77466020
77497023
77466098
77465538
77496730
77465742
77496054
77464468
78264797
77494569
77463587
77466648
78265830
78265203
77465554
77467854
77466736
77467128
78266772
78265815
77465762
77468083
77467886
77467227
78266348
78266184
77465977
77468133
77467961
77467254
78266734
78265901
77466491
77467962
77467195
78266811
78265904
77465729
77467964
77466483
78266813
78266213
77466945
77468090
77467757
77467022
78266064
78265768
77466606
77467898
77467784
77467097
77498552
77466812
77465484
77465704
77466952
77466263
77466008
78266664
78266085
78265839
77466160
77466209
77467318
78266569
78266014
77466044
77468047
77464744
77466503
77467327
77498301
77466678
78265947
78265392
77466083
77467511
77466621
77467661
78267301
78267029
78266157
77466306
77468401
77468280
77467761
78267422
78266801
77467417
77468583
77466189
77467530
77465652
77497305
77466904
78266179
78266419
77466602
77468830
77467596
78267098
78266445
77466026
77468526
77468668
77467949
78267376
78267150
77467619
77468860
77468041
78267513
78266772
78266504
77468787
77467490
77468034
78267722
78267204
78266962
77466865
77469025
77468931
77468319
78267444
78267029
77467804
77469042
77468835
77468200
78267598
77496999
77467274
78266121
78265716
77466730
77468703
77468196
78267764
78266948
77467660
77468973
77468732
77468161
78267828
78267904
78266903
77466855
77468943
77468257
78267409
78266803
77467796
77469027
77468816
77468351
78267271
78266886
77467863
77468858
77468217
78267747
78267030
77467625
77468712
77468543
77466482
77464684
77467761
78266699
78266675
77467436
77468626
77466272
77466818
77467738
78267124
78266705
78266395
77466791
77468415
77467884
78267664
78267534
78266561
77467503
77468597
77467884
77467817
78267556
78267106
77466522
77468699
77467115
77468038
78267190
78266825
77467581
77468798
77468722
77466626
78266975
78266513
77466543
77468319
77467818
78266768
77467431
77468525
77468626
77467772
78267151
78267066
78266613
77466372
77468429
77468359
77467574
78266984
78266854
78266108
77468275
77466952
77467556
78266996
78267047
78266303
78266004
77466084
77468339
77468263
77467484
78266670
77497711
78266942
77497405
78267020
78266281
77465618
77466770
77467528
78266976
78266394
78265867
77465992
77468159
77467676
77467359
78266556
78266299
78265812
77468132
77467238
78266456
78265931
77465710
77467938
77467875
77467219
78266544
78266080
77466122
77468158
77467726
78267064
78266725
78266117
77467043
77468161
77466656
77467366
78266464
78265955
77466896
77467990
77467978
77467373
78267088
78266751
78265956
77468171
77468187
77467397
78266773
78266043
77466995
77468287
77468019
77467561
78266850
78266049
78265970
77468188
77468214
77467640
78266731
77496934
77466257
77463672
77466450
78266481
78265942
77465779
77468042
77467790
77465893
78266324
78266065
77465948
77468023
77467204
77467410
78266525
78266255
77465968
77467992
77467748
77467235
78266722
78266562
78265824
77466936
77468054
77467981
77465858
78266542
78265936
77466987
77468200
77468145
77467495
78267023
78266367
78266231
77467159
77468400
77466950
77464539
77466439
77467510
78267008
78266324
77467289
77468407
77468156
77467404
78267119
78266630
77466270
77468208
77467719
78267111
78266366
77466285
77468360
77466927
77467596
78266495
78266135
77465994
77468245
77466678
77467400
78267098
78266405
77466246
77468423
77468237
77464967
77465866
77467170
77467327
77464643
77465993
77467343
77466551
78265951
78265166
77466169
77467482
77467351
77466063
77465510
77466588
78265641
78266066
77466935
77468152
77467320
77467423
77498442
77466518
78265622
78265205
77466273
77467203
77465222
77467585
77466855
78265774
78265278
77466278
77467241
77466737
78266188
78266539
78266373
77468591
77466726
77467752
78267080
78265579
78265400
77467799
77467825
77467049
78266887
78266656
78266262
78266217
77467163
77468533
77468193
77467585
78266983
77466351
77467735
78266427
77468592
78267583
78266615
77467663
77467876
78267768
78266763
77467657
77469290
77466024
77468266
77467878
78266852
78266460
78266990
78266602
77468755
77468634
77467972
78266791
78266572
77467548
77468686
77468179
77468070
77466662
77468054
77467994
78267709
78267235
77466706
77468541
77466710
78267182
78267094
78267350
78266793
77467729
77468738
77468223
78267795
78267795
78266903
77466673
77468984
77467325
77467999
78267711
78267083
77467723
77468940
77468808
77468276
78267466
78266983
77466860
77469139
77467490
77467069
78267280
78267219
77467257
77469325
77469210
77468811
78268278
78268050
78267276
77469508
77465734
77467068
77466980
77466725
77467078
78267780
77497538
77465450
77467587
77468085
78268203
78267851
78267356
77469646
77467709
77468933
78268346
78267703
77468446
77470346
77469037
78268656
78268029
77468597
77469814
77469659
77469201
78268875
78268855
78268558
78267993
77469082
77470173
77469977
77469321
78268852
78268347
78267941
77470224
77470100
77469444
78268541
78268195
77468286
77470241
77470332
77469700
78268953
78268452
77468252
77470389
77467701
77465582
77467741
77469287
78268642
77498187
77467164
78268444
77498041
77499759
77468651
78267569
77497839
78268267
77496233
78267789
78267904
78267610
77469777
77468975
77468369
77468990
77467554
77469411
77469879
78267894
78267420
77467575
77469868
77469839
77467829
78268766
78268152
77467927
77470111
77469840
77469224
78268815
78268622
78267981
77468822
77469923
77469819
77469320
78268493
78268107
77468931
77470172
77470016
77469381
78268781
78268933
78268127
77468058
77470361
77470237
77469482
78269187
78268624
77468256
77470433
77470366
77469666
78269255
78268882
78268306
77469350
77469196
77469714
78268794
78268447
78268369
77470638
77470582
77469864
78269213
78269453
78268459
77470716
77468731
77470028
78269228
77498101
78268256
78268233
77469233
77470228
77468314
77467669
77468443
77467835
77470072
78269585
78269005
77469800
77470969
77471039
77470192
78269515
78268936
77469773
77471079
77470992
77467050
77468324
77470271
78269372
78269325
77468957
77471117
77471006
77470432
77467728
77470302
77469649
77501066
77469118
77470723
78270059
78269960
77497472
78268664
78269286
77470310
77471428
77468065
77469099
77470974
77502624
77470949
78269829
78269492
77470561
77469866
77471150
78270783
78270671
78269613
77469646
77471805
77471352
77471192
78270326
78269851
77496955
78269822
78268850
77471170
77471977
77471208
77502690
77469723
77470731
77469954
77469648
77469926
77470023
77471079
77470257
78270596
78270246
77470211
77470231
77471475
77470807
78271350
77502520
77470838
77502531
77470823
78269866
78269621
77470612
77469608
77469927
77470680
77472525
77470970
77502849
77471437
78271585
77501945
78271216
78270568
77471136
77472257
77472297
77470270
78270608
78270445
77471250
77473331
77472912
78271087
77500275
77502908
77471286
78270927
77500741
78271076
78271485
77472125
77473359
77471159
77471464
77473015
78272239
77501059
78271911
77502727
77503913
77473912
77472012
77472544
77472034
78272629
78272273
77473144
77474310
77474168
77473550
78272705
78272494
78272130
77474471
77472788
77472528
78273127
78272634
77473634
77474814
77474816
77474214
78273878
78273684
78273234
77472931
77475054
77475110
77474424
78273832
78273090
77473110
77475243
77475139
77474575
78274222
78273687
78273158
77475397
77475108
77473118
78273934
78273291
77474064
77475260
77474715
78274166
78273966
78273045
77474163
77474281
77474772
78274292
78274126
77501862
77504060
77473643
78272767
77502992
77470913
77474086
78273054
78273306
78272983
77475187
77473593
77474578
78273785
78273110
77473116
77475242
77475217
77474451
78273672
78273163
77473168
77475249
77475200
77473316
78274067
78273604
78273311
77475441
77475423
77473618
78273828
78273417
77474417
77475521
77475496
77474864
78273736
78273549
77501026
78273503
77473396
77475032
77474808
77475038
78274067
78273571
77473632
77473420
77474565
77474126
78273033
78273709
77473725
77475806
77475274
78274811
78274085
77473819
77475846
77475157
78274702
78273832
77473849
77475900
77475919
77475202
78274540
78274255
77473938
77476013
77472495
77473944
77473254
77475431
78274428
78274084
77474026
77475131
77475494
78275039
78274791
78273982
77476323
77475244
77475364
78275151
78274261
77474045
77476315
77476304
77475685
78273887
78273855
77474739
77476123
77474581
77475268
78274564
78274325
77475023
77476192
77473917
77473634
77475505
77506921
77475335
78275141
78274292
77474244
77476507
77475593
77475713
78275353
78275261
77500962
78274206
78273774
77475522
77476664
77475367
77472848
77473800
77474876
78274863
78274442
77474557
77476700
77476699
77475995
78275717
78274983
77475647
77476570
77476275
77506621
77475262
78275275
78274722
77500899
78275313
77502793
78274079
77475765
77476790
77473709
77474917
77476380
78275706
77503581
78274639
78274345
77474994
77476596
77474988
77474435
77475793
78275350
78275640
77475037
77477406
77475709
77475155
77475533
77476662
77507761
77476590
77508157
77475956
78274953
78274593
77475491
77475301
77476689
77476623
77477102
78276660
78276220
78275707
78275635
77477911
77477806
77477208
78276650
78276725
78275883
78275682
77477870
77477643
77477110
78276574
78275842
77476670
77477825
77475871
77475613
77473925
77475831
78276281
77505901
77508690
77477839
77475942
78277130
77506329
78277092
77508222
77476086
77476828
77477244
78278174
78277703
78277238
77477305
77479407
77479395
77477484
78277710
78277275
77478221
77479321
77478804
78278310
77507720
77477712
77509001
77478395
77477903
78278100
77508155
77478875
77509816
77477936
77476026
77478683
77477589
77478152
77479049
78278836
78278581
78278116
78277793
77478073
77477746
77477743
77478881
77478473
78277873
78278141
77479008
77480180
77479813
77479533
78279034
78278908
78278255
77478258
77480357
77480448
77479628
77511209
77479490
77479922
77477160
77477664
77480505
77480186
78278083
78278123
77478327
77480415
77480318
77479748
78279374
78279439
78278513
77478527
77480680
77479759
77479930
78279383
78278727
77479463
77480742
77480693
77479989
78279234
78278746
77479549
77480892
77480683
77480075
78279275
78278782
77479803
77480921
77480947
77480270
77511703
77480170
78279766
77509987
77479054
78279315
77510331
77479368
78279600
78279508
78279230
77481448
77481510
77480789
78280300
78280038
78279227
77480262
77481404
77481337
77480614
78280435
78279312
77479241
77481319
77480729
78280345
78279983
78279855
78279492
77480442
77481560
77479941
77480783
78279962
78279530
77480431
77481597
77480066
77481044
78280461
78280220
78279565
77481732
77480868
77480913
77479019
77478192
77480576
77479941
78279317
77508531
77479808
78278691
78279446
77480449
77481508
77478409
77478874
77480123
78279350
78278844
77506995
77509359
77480163
78279196
77509443
78279460
78278966
77478852
77481162
77480789
77480635
78279777
78280000
77481081
77482308
77482348
77481634
78281007
78280442
77480431
77482410
77481851
78281500
78281211
78280428
77481459
77482545
77481847
78281223
78280663
77481214
77482583
77482076
78281548
78281400
78280624
77481593
77482738
77482179
77482084
78281650
78280970
77481533
77482902
77482330
77482249
78281521
78281702
77481018
77483267
77482674
77482370
77512464
77479733
77478496
77482248
78280951
78280941
77480995
77482089
77482424
77513872
77482992
77482435
78281913
77510624
77480177
78279508
78279697
77480449
77479642
78279976
77481986
78280803
77479952
77481848
77480753
78281273
78280916
77481876
77482671
77482263
77482130
78281893
78281368
78281048
78280820
77483107
77482735
77482402
77482323
77482160
77480954
77480431
77480835
77482088
78281605
77511599
77479847
78281614
77512308
77482283
78282002
77511314
77481588
78281323
78281031
78280383
77508565
78281846
78281838
78281067
78280833
77483065
77481436
77482452
78282145
78281945
78281218
77481227
77483315
77481618
77481132
78281914
78281905
78281114
77482283
77483361
77481680
77481355
78282099
78282091
78281336
77482281
77483176
77480006
77482342
77481961
77483264
77482884
77481250
78282031
78281588
78281103
77481266
77483378
77481421
77481315
78282344
78282160
78281307
78281206
77483452
77481755
77482842
78282232
78281685
78281438
78281426
77483579
77481639
77482848
78282355
78281402
78281821
78281111
78281061
77483248
78282026
77482274
77483362
78282245
77483480
77482831
78281290
77483336
78282551
77482197
77483237
78281612
77483427
78282267
77482299
77482764
78281423
77483316
78281546
78281605
78281428
77483595
77481788
77481357
78282076
78281707
77482456
77483574
77483093
78282411
78282127
77481449
77483385
77483455
77479845
77481468
77480247
78280708
77510653
78281116
78281082
77481971
77483181
77483183
77481525
78281532
78281336
78281206
77483424
77483470
77481405
78281990
78281506
77482367
77483533
77483607
77481613
78281900
78281601
77481421
77481126
77482398
78281861
78281229
77480981
77483230
77483109
77481064
78281643
78281289
77482263
77483367
77483399
77481502
78281755
78281400
77481531
77483633
77483584
77481662
78282331
78281971
78281619
77482347
77483812
77483725
77481680
78282224
78282115
77482405
77483870
77482608
77481910
78282613
78282717
78282053
77482877
77484190
77483949
77514728
77482413
78281598
77511719
77479870
77483240
77480612
77482189
77482283
77482277
77482124
77482975
77514180
77483124
77514041
77483771
78282717
78282577
78282556
77509465
78282164
77510119
78282887
77482889
77484103
77481527
77482751
77483095
78283842
78283525
78283188
77485369
77484410
77483296
78283710
78283228
77484264
77485475
77484471
77483196
78284177
78283889
78283116
77485385
77483691
77483308
78283540
78283843
77483214
77485456
77483756
77483383
77516125
77482218
77482950
77482526
78284180
78283577
77511403
78282642
78282393
77509960
78283066
78282354
77483423
77484602
77484399
77482474
78284070
78283910
77511842
77515212
77484136
77516338
77484411
77482531
77483432
77483529
77482684
78283156
78283950
78283713
77485866
77484122
77485236
78284725
78284686
78283834
77485987
77486143
77483979
78284114
78283877
77484917
77486148
77485911
77484105
77516483
77485411
78285078
77513940
78284217
78283296
77483198
77485317
77485600
77516869
77486310
78285337
78284716
77511522
78283771
77513269
78284469
78283544
77484592
77485888
77485959
77484719
78285878
77516861
77486289
78285479
78285343
77485132
77487180
77486286
77485131
78285582
78284342
77485685
77486860
77486965
77486325
78285426
78284908
77484936
77487021
77486910
77485115
78285743
78285103
77485020
78284879
77487148
77487137
77485051
78286189
78285840
77485154
77487298
77486012
77485194
78285316
78285359
77486255
77487475
77487180
77485286
78285781
78285371
77485285
77487438
77486725
78286280
78286127
78285474
77486447
77487695
77487574
77485550
78286087
78285601
77485747
77487924
77487731
77485748
78285954
78285579
77486532
77487752
77487207
77484216
77486507
78285345
78284355
77512325
78285888
78285521
77513755
78286478
78285707
77486820
77487972
77487803
77485678
77487051
77485875
78286214
78285881
77486521
77487914
77487793
77486011
78286356
78285887
78285873
77488085
77486799
77486062
77518958
77485786
77485377
77485217
78285559
78286521
77513608
78285920
77485441
77487594
77487242
77485579
77519269
77486923
78287274
78286503
77513932
78286924
77487656
77488740
77487321
78287753
78287501
78286637
77487685
77488014
77488350
78287235
78286875
77488003
77489195
77489012
77487081
78288024
78287809
78286994
77489263
77488942
77487310
78287635
78287185
77486867
77489284
77489118
77487153
78287419
78287118
78286789
77489058
77488937
77486916
78287481
78286791
77486860
77488955
77488882
77487053
78287501
78287127
77486617
77489168
77489071
77487061
78287650
78287062
77486862
77489196
77488819
77487236
77485012
77487618
78286500
78286320
77486201
77488542
77488278
77486302
78286733
78284890
77485893
77485754
77486913
77484861
77486462
77487635
78286489
78286331
77487478
77485454
77486942
77488189
78287846
78287366
77514754
77515883
78287938
78287358
77488037
77488915
77488605
77519943
77487701
78287037
78286442
77487268
77488619
77489471
77487501
78287676
78287262
77488286
77489482
77488803
77486146
77486827
77487395
77520277
77488523
77519536
77487353
77488371
77486542
77488521
77486630
77488111
77487722
77487213
77487980
78288963
78288255
78288068
77490286
77485884
77488104
77487191
77520133
77489499
78288368
78288093
77488925
77490180
77488832
77488048
78288750
78288224
77488163
77490238
77490182
77488199
77520868
77488065
77487193
78287607
77517505
78289315
78289087
77488364
77490517
77488262
77490191
77489878
78289251
78288829
77489232
77490697
77490675
77488883
78289099
78288739
77488667
77490844
77490499
77488863
78289287
77519216
78288987
78287988
77515461
78288179
77489076
77490012
77488154
78289544
78289179
78289026
77491295
77487662
77488922
77488333
78289456
78289256
77489273
77491474
77490727
78290343
78290044
78289316
77489441
77491717
77491606
77489579
78290075
78289596
77489496
77491724
77491603
77489531
78290219
78289707
77489608
77491796
77491675
77489624
78290186
78289533
77490621
77491862
77490117
77489618
78290210
78289611
77490611
77489408
77490444
77489461
78289671
78289321
77489326
77489216
77490992
77489523
77489230
77489610
78289847
77518346
78289943
78289103
77490722
77491726
77491181
77487817
77490653
77521546
77489974
78289030
77519526
78290667
77520549
77490396
77522004
77489938
77491035
77489184
78290141
78289584
77488159
77490936
77489834
78289573
78288886
77489753
77492032
77490023
77489319
77489285
78289418
77517532
78289853
77518211
78290043
78289433
77490410
77491565
77490668
77490269
78291175
78290482
78290166
77492486
77491115
77490417
78291003
78290346
77491472
77492706
77492565
77490544
78291336
78290949
77491575
77492932
77492725
77490674
78291544
78290915
77491865
77492956
77492982
77490927
78291211
78290688
77490755
77492932
77492198
78291425
78291193
77491486
77492900
77492785
77490844
78291535
78291170
77490823
77493000
77492920
77491015
78291299
78291027
77491974
77493164
77493012
77491019
78291494
78291393
77490881
77492929
77492664
77490688
78291507
77520108
78290898
78290704
77491477
77492726
77492359
78292099
78291754
78291339
77519638
78290338
77518943
78290972
77491021
77492190
77491504
77489279
77490051
77490423
77490499
78290811
78290735
77491131
77493408
77491023
77491349
77491134
77493079
77489834
77490659
77490489
78291108
78291944
77519296
77523195
77492125
78290880
77519069
78290858
78290804
77518365
78291306
78290869
77492853
77494145
77491764
77492796
77493264
78292149
78291944
77492660
77494276
77494148
77492059
78292723
78292170
77519960
78291998
77492388
77493512
77493757
78293335
78292896
77493477
77494550
77494149
77525279
77493120
77491320
78291977
77520571
78292027
78292373
77492409
77494507
77494194
77525137
77494477
78293512
78293197
78292815
77519974
78291594
77491711
77492468
77493736
77494032
78293574
78293072
77492670
77494912
77494822
77492788
78293455
78293324
77492720
77492291
77492435
78293353
78293191
78292686
77494955
77493983
77492933
78293408
78293210
77493088
77495241
77493688
77493192
78293997
78293541
77493269
77495446
77495452
77493455
78293694
78293416
77493197
77495595
77495574
77493443
78294249
78293480
77493483
77495639
77495423
77493437
78294226
78293354
77493161
77495153
77494755
77493196
78293964
78293221
77494299
77495430
77495261
77493224
78293560
78293282
77493908
77495065
77494667
77526085
77493808
77492145
78292546
78292101
77492978
77494188
77495015
77493121
78293429
78293144
78292977
77495297
77494960
77493008
78293011
78292755
77493521
77495030
77494875
77492899
78293115
78293582
78292888
77495208
77493535
77493012
78293532
78293284
78293056
77495376
77493768
77493221
78293679
78293140
77493306
77495462
77494074
77493317
78293741
78293368
77494317
77495534
77494606
77493454
78293762
78293650
77493603
77495766
77495618
77493594
78294332
78294010
77494650
77495918
77494512
77493777
78293900
78293851
77494766
77496093
78293451
77495672
77495052
78294592
78293901
77493864
77496051
77495810
77493930
78294636
78294265
77494967
77496085
77494477
77494019
78294233
78293872
77494059
77496219
77496053
77494108
78294621
78294331
77521405
78293634
77493038
77495346
77494045
77494439
77492145
77495258
78295213
78294872
78294105
77496388
77495484
77494397
78294869
78294223
77494283
77496340
77496222
77494345
78294834
78293588
77494979
77495926
77495397
78294283
78293920
77493986
77495923
77495535
77493874
78294510
78294121
77494993
77496081
77495990
77494151
78294581
78294055
77493818
77496834
77494119
78294815
78294619
78294117
77495257
77496273
77496138
77494301
78294828
78294483
78294085
77496354
77494996
77494209
78294777
78294685
77494477
77496617
77492239
77495724
78294472
78293504
77493667
77495450
77495822
78294769
78294422
77495286
77496270
77495793
78294870
78294491
77495593
77494824
77494462
78295254
78294733
77494512
77496802
77495471
77496056
78295251
78294792
77494565
77496814
77496744
77493385
77494611
77494745
78295106
78294542
77522105
78295564
77495732
77496847
77496630
77494654
78295273
78295069
77495771
77497042
77496158
77494978
78295522
78295297
77494932
77497151
77497116
77494920
78295594
78295180
77494922
77497020
77496297
78295957
78295176
77494941
77497100
77496333
78296045
78295246
78294954
77497397
77497129
77495279
78295583
78295081
77496327
77497451
77494966
77494683
77494782
78294809
78295252
77522025
78295049
78294969
77497340
77495204
77493072
77496382
78294747
78294584
77496367
77494087
77496931
77495368
78295778
78295032
77495027
77497348
77495276
77496145
77496020
78295538
77525735
77496123
78295337
78295907
78295637
77497855
77496250
77495761
77494033
77497107
78296032
78295524
77495583
77498027
77497218
78296474
78295628
77496744
77497951
77497600
77495723
78296073
78295739
77496712
77497785
77496493
77495801
78295352
78294761
77497044
77497274
77495301
78295905
78295824
77496632
77497729
77496248
77495720
78296192
78295778
77523546
78295933
77525089
78295275
77525533
78296103
78295642
77496886
77497969
77495722
77495504
77495716
78296506
77527386
77496318
78295395
78295631
77496654
77497848
77496565
77495775
78296223
77526949
77497304
77527953
77495144
78296122
78296087
77523759
78297109
78296284
77523109
78295652
77523850
78296044
78295157
77497498
77497520
77496201
78296993
78296605
77496217
77498254
77496019
77497127
77496227
77495777
77528355
77497150
77527592
77496896
78296534
77496524
77498531
77494149
77497456
78296900
78296601
77497598
77496733
77497660
77496064
78296781
77496922
77498153
77496195
77496789
77497289
77499171
77496980
77497162
78298266
78298205
78297650
78297466
78297150
77497546
77499122
77498618
78298162
78298067
78297494
78297182
77499386
77499354
77497268
78298191
78298028
78297266
78297157
77499375
77499113
77496948
77498330
77496154
77496319
77497673
77497855
78298500
77529187
77498182
77529044
77498925
78297680
78297661
78297551
77497429
77499774
77497954
77498973
78298517
78298394
78297607
78297616
78297506
77499721
77497381
77498793
77498559
77496594
78298580
77528020
77497938
78298313
78297904
77525954
78296784
78297745
77526516
77529190
77498415
78298901
78298605
78297826
77497884
77497913
77499055
77497313
78297972
78297919
78297103
78297267
78296999
77499166
77497149
77498415
77497873
78298805
78298608
77525877
78297641
77528393
77498497
78299102
78298942
78297901
77526842
78298146
78298139
77496570
77499005
77499362
77497392
78298502
78298390
78297561
77497630
77499828
77497829
77499191
78298848
78298360
78297816
78297829
77500293
77498449
77498028
78299060
78298903
78298225
78297864
77500351
77498356
77499736
77498383
78299203
78298742
77498138
77500357
77498371
77499606
78299092
78298029
77525861
78297135
78296825
77496970
77497983
77496328
77498916
77499353
77496205
77499167
77497988
77530640
77499961
77498050
78298884
78298959
77526639
78299130
78298367
77527753
78298137
78298834
78298347
77499153
77498521
77500175
77500031
77498311
78299106
78298575
77498242
77500395
77498434
77499694
77498511
78299180
78299156
78298726
78298612
77498462
77500615
77499110
77498531
78299399
78299053
78299165
78298525
77498608
77500785
77499136
77498692
78299707
78298908
78299193
78298603
77500828
77499236
77498764
78299519
78299056
78298528
77500797
77498764
77499924
77498564
78299332
78298546
78298739
78298409
77498970
77500145
77499809
77498100
78299173
78299108
78298190
77499153
77500373
77496919
77497400
77497237
78298068
78298860
78298153
77497994
77500185
77498179
77499274
77498006
78299000
78298376
78298425
78298131
77498119
77499879
77499689
77530911
77499055
77529670
77497958
77499003
77498582
78299009
78298269
78298098
78298124
77500288
77498728
77498403
78299105
78298170
77499347
77500202
77499008
77498053
78298918
78298871
78298220
77497969
77500146
77499060
77497541
78298512
78298625
78297603
78297664
77499882
77498137
77497740
78298701
78298700
78297761
77498428
77499893
77499748
77497754
78298671
78298169
78298105
78297863
77498904
77500008
77498297
77497962
78298665
78298618
78298130
78298162
77497898
77500192
77498474
77498139
78298993
78298863
78298125
78297949
77499048
77500238
77496534
77498985
77498390
78299090
78298998
77526807
78297757
77526217
78298049
78298736
77498753
77499830
77500764
77497343
77498168
77498063
78298892
78299849
78299301
77529010
78298826
78298618
78298890
77499355
77500845
77500488
77499056
78300091
78299745
78299059
77500169
77501218
77501145
77499148
78300099
78299843
77529065
78300177
77530384
77499491
78299128
77529614
77500716
78300264
78300128
78299336
78299267
77501587
77499770
77500330
77499374
77498968
77498676
78299296
78299772
78299498
77501839
77500220
77499646
77500801
77501211
78300886
77532001
77500231
78299423
78299465
78298841
78298541
77501005
77498972
77500970
78300532
78300396
78299509
77528369
78299892
78299778
77499924
77502047
77500384
77499960
78300600
78300344
78299863
77502153
77500168
77499977
78301067
78300818
78300054
78299950
77502284
77501980
77501634
77500229
78300739
78300248
77500077
77502305
77500673
77500150
78300981
78300717
78300048
78300082
77500378
77502102
77502265
77500340
78301074
78300978
78300615
78300080
77502442
77500663
77500153
78301185
78299354
78299228
77501548
77500158
77499849
78300627
78299920
78299793
77502076
77501925
77501425
77499942
78300833
78300353
77500162
77502186
77500273
77498380
77500255
77499749
78300554
78300149
78299974
77527527
78300247
78300215
78300183
78299928
77502334
77497962
77500562
77498802
77499966
77499531
78300154
77530357
77500688
78300622
78300510
78299839
77500465
77501767
77501007
77500804
78301881
78301858
77530294
78300549
78300761
77529100
78300541
78300285
77527895
78300401
78301476
77528851
78300488
78301327
77529130
78301280
78301306
77501701
77503601
77501883
77501371
77502414
77503141
78302512
77533771
77501832
77501145
77501091
77501864
77501568
77501031
77533991
77504137
77502024
78303026
77533393
77501312
78302043
78301434
77502340
77504514
77502820
77502348
78302913
77533335
77502786
78302234
77532997
77502421
77503679
77502549
78303714
78303544
78302468
77502317
77504733
77503060
77502725
77502641
78303570
78303393
78302735
78302683
77505003
77503145
77504062
77501480
77503284
77501891
77502453
77501995
77535031
77502531
77502040
77503699
77503364
78304182
77534441
77502364
77503746
77503423
77503984
77502647
78304118
77534163
77503531
77504604
77504284
78303696
78303597
78302961
78302735
77505113
77503382
77503217
78303867
78304794
78303756
77532813
78303736
77532881
78303980
77532723
77504575
77504078
77504147
77503838
77504207
78305052
78304614
77534009
78304465
77534245
77504848
77502939
77506340
77504364
78305144
78304593
78304406
77532916
77504504
77504181
77504455
77505481
77505329
78305636
77534990
77505203
77503722
77506027
77504946
78304079
77534446
78304949
78304490
77504622
77506864
77504913
77504590
77505957
77506924
77506367
77537935
77505782
77537157
77506038
77503226
77506679
77506077
78305455
78305579
78305752
78305248
78305269
78305204
77506324
77507442
77505499
77506611
77506499
78306176
78306064
78305128
77505117
77507345
77506190
77506801
78306325
78306072
77533065
78304800
77506347
77507513
77505323
77504766
77506894
77505449
77505492
77506164
77507186
78306853
78305935
78306101
77535080
78306334
78306247
77506171
77508375
77506582
77505918
77508184
77507638
77506374
78307264
78307217
78306467
78306225
77508457
77506568
77507691
78307522
78307372
78306324
77506302
77508380
77507214
77507759
78307318
78307199
78306573
78306338
77508577
77506602
77507741
78307453
78307235
78306487
77507255
77508618
77506418
77508303
77506906
78306535
78306321
77534180
77538264
77507119
78306103
78305737
77507540
77508853
77507105
77506712
78307610
78307471
78306468
77507300
77508612
77506945
77507838
77507962
77507967
78307570
78307308
78306587
77507539
77508780
77507539
77506745
78307522
78306916
77506521
77508674
77507062
77506453
78306973
78306790
78306514
77506910
77507041
77507897
78307145
78306385
77506548
77506975
77507916
78306695
78306599
77507859
77508820
77508240
78307584
78307106
77507045
77508123
77508386
78307138
78306989
77508118
77507318
77508984
77506905
78307707
78307796
78306785
77533979
78306917
77507789
77508537
77508087
78306678
77533360
78305135
78306094
77505647
77508272
77508048
77505986
78306433
78306021
77506036
77508083
77507969
77507265
78306414
78305974
77505892
77508018
77507989
77505777
78305969
78305770
77506725
77507915
77507722
77505821
78306365
78305776
77506749
77507078
77505813
78306192
78305880
77534401
78306085
77534926
78305441
77535652
78306068
78305388
77506315
77508359
77506187
77507267
77506889
78306482
78306539
77533977
78305918
77505563
77507792
77507141
77538688
77507890
77505872
78306275
77536330
77507364
78307423
77537310
77507416
78306540
78306225
77506073
77509225
77507056
77508187
77508671
77540229
77508139
77506328
77506489
77507464
77506814
77506221
77509875
78308892
77538704
77508560
78307535
77536196
78307331
78363839
77590584
78363921
77563937
77566087
77565363
78365031
78364430
77564158
77566356
77566200
77564278
78364552
78364238
77564240
77566356
77562001
77564204
77565414
77565800
78365352
78364977
77565596
77566888
77566620
77596572
77566017
78365139
78364702
77565817
77566941
77564871
77565245
77564851
77596443
77564022
78364257
78364997
77566035
77567159
77564983
77564744
77565196
78365791
77593759
78364441
78365470
77565160
77567351
77565191
77565463
77564123
77565128
77563396
77566896
77565574
77597835
77566068
78365868
78365572
78365469
77567789
77564755
77566875
77565683
78366019
78366159
77566881
77568173
77568004
77567327
78366761
77567067
77568154
77567489
78366708
78366183
77565876
77568299
77568202
77566202
78366688
78366090
77565968
77568292
77567891
78367342
78366660
77566199
77568318
77566680
77566232
78366591
78366330
77565887
77565302
77567098
78366552
78366045
77592661
78366485
77593997
77598064
77566457
78365387
78365949
77566900
77567974
77567633
77566136
77598139
77566759
77597904
77566728
78365973
78365573
77565408
77567657
77566794
77565672
78366696
78366317
78366393
77568680
77567000
77566528
78367069
78366602
77567498
77566554
77566394
78366733
78366469
77567538
77567411
77567943
78367143
78366602
77566618
77568894
77568650
77566701
78367443
78366851
77567701
77568999
77568773
77566818
78367610
77598229
77568293
78367322
78367013
77593745
78367036
77593964
77597489
77566340
77565075
77567203
77566437
77569241
77569024
77567552
77566937
77567524
77568123
77567646
77568411
77600613
77569075
78368978
78368778
77596660
78367789
78368124
77569162
77569277
77569736
78369174
78368546
77568274
77570486
77570398
77569708
78369274
78368649
78368399
77569249
77570459
77569343
77570513
77568562
78368976
77597632
78367689
78367810
77570640
77568649
77569757
77568008
78367834
78367684
77595034
78369550
77595952
78368806
77569071
77570237
77570095
77601026
77567666
77570121
77568335
77568930
77569923
78369309
78368927
77597262
78368924
77569579
77571373
77569269
77570393
77570063
77601532
77570846
78370705
77601295
77570246
77598005
78369762
77569121
77570942
77571386
78371173
78371013
78370152
77570158
77572311
77572299
77571469
78370961
78370165
77571077
77572294
77571845
78371132
78370780
77571172
77572427
77572312
77571434
78371221
77602148
77570574
77567924
77570699
77567982
77570771
78370089
78369214
77570327
77571401
77570925
77571575
78370799
78370911
77571392
77572154
77571560
78370945
78369272
77569533
77570951
77569505
78369522
77571626
77571422
78370366
78369867
77569995
77572039
77570687
77571437
77603042
77570799
78369629
78369480
77569547
77569172
77571188
77570316
77569092
77570058
77572070
78371673
78371034
77598298
78370042
77597595
77599683
77572522
78371794
77601345
78372244
78371188
78371112
77573327
77573292
77572629
78372181
78371707
77572245
77573438
77572012
77572658
78372258
78371540
77572304
77573638
77573499
77572840
78372368
77602923
78371499
78371104
78370815
77573033
77574078
77571781
77571345
77572115
78371359
77602613
77572538
77604017
77573164
77569912
77572510
77571164
78371903
78371448
77598241
78372543
77572226
77572167
77573497
77572218
77573438
77572985
78372547
77602376
77573994
78373421
78372571
77573520
77574617
77574072
77572670
78373238
78372909
77573652
77574719
77574577
77572576
78372990
78372547
77573526
77574716
77574710
77572611
78373352
78372522
77572750
77574715
77574389
77572731
78373726
78372917
77573728
77574873
77574827
77573012
78373894
78373371
77572816
77575174
77575101
77573152
78373818
78373400
77574043
77575247
77575064
78373963
78373381
77574165
77575706
77574552
78373773
78373384
77574100
77575395
77575157
77573157
78374138
78373538
78373054
77575344
77574477
77573253
78374138
77604902
77574413
77605844
77574176
77572391
78372563
78372417
77573524
77574577
77574558
77573970
78374386
78373502
77573658
77575682
77574231
77573762
78373958
78373599
77574618
77575692
77575625
77574983
78374797
78374310
78373721
77573455
77573202
77574269
78374178
78373447
78372950
77575168
77573952
77574762
77605453
77573880
77604904
77574153
78373143
78373303
77572791
77575136
77572922
77571644
77573567
77572316
78372596
78372255
77599980
78373942
77600530
78372673
77603514
77573710
78372280
78373166
77574009
77575240
77575232
77573232
78373824
78373397
77573141
77575425
77575313
77573406
78374599
78373846
77574462
77575754
77575158
78374513
78374263
77573668
77575848
77575412
77575047
78374471
78373750
77574761
77575773
77574572
77575167
78374553
78374278
78373743
77575961
77574552
77575235
78374445
78373865
77574936
77576037
77575773
78374780
78374252
78373996
77576402
77576220
77575543
77607175
77574264
77574186
77573791
77575740
78375377
78374534
78374231
77576521
77575616
77574437
78375053
78374506
77574665
77576702
77576766
77574615
78374937
78374708
77575609
77576850
77576725
77574842
78375293
78374753
77574331
77576687
77576484
77574515
78375069
78374916
77575579
77576855
77576692
77574689
78375116
78374444
77574480
77576534
77576574
77574499
78374747
78374625
77574638
77576596
77576041
78375657
77604777
77576137
77607766
77576068
78375034
78374722
77602433
78374077
78373851
77574825
77573911
77575013
77574943
77574546
77575621
78374790
78374774
77575234
77577513
77575786
77576880
78376252
78375634
77576363
77577337
77576871
78375980
78375347
77576399
77577574
77576858
78376388
78375576
77575505
77577535
77577061
77577000
78376268
78375818
77602761
78374947
77577926
77575651
77575409
78374681
77605241
77574971
78375371
78375031
77575862
77577229
77574919
77574914
77607009
77576150
78375252
77605507
77575504
77606490
77576378
78375633
78375026
77604183
77606457
77574367
78375416
77606142
78375460
77603909
78375152
77605227
78375221
78375611
77576689
77578016
77577895
77577266
77608690
77576699
78376710
78376694
78375948
77575948
77577978
77577953
77577300
78377029
78376904
78376134
77576991
77578304
77578285
77576169
78376740
78376360
77577213
77577494
77577898
77576476
78377065
78376622
77576483
77578663
77578566
77577814
78377190
78376998
77577324
77578714
77578521
77578060
78377700
78376782
77577678
77578607
77578100
78377733
78377237
78376890
78376567
78376494
77578763
77578741
77577890
78376853
78376527
77577399
77578568
77578419
77577766
78376966
78376795
78376418
77578687
77577353
77577907
78376963
77606029
77606991
77576781
78375552
77602790
78376184
77577481
77578482
77578142
77609596
77577047
77575710
77578025
78377666
78376767
77577786
77578020
77576970
77576598
77576303
78376484
78376374
77577334
77578393
77577978
78378237
78377389
77577430
77579562
77578849
78378080
78377504
77578433
77579524
77579198
77577701
78378377
78378231
78377353
77578359
77579514
77578743
78378434
78377783
77577415
77579541
77579413
77577485
78377940
78377306
77577234
77579424
77577027
77578152
77576053
77579374
77576182
77578508
77576531
78377866
78377217
77577423
77579600
77578328
77577568
78378181
78377598
77578483
77579796
77579531
77579001
78377048
78376950
77578082
77579093
77578803
77575990
77579375
77577501
78377994
78378225
78377496
77605954
78377031
78376674
77577807
77579615
77577638
77577684
77576883
78377526
78377810
77579024
77580255
77579844
77578197
78378710
78378326
77577937
77580039
77578583
77579786
77579665
77576274
77578773
77578207
77578668
77579751
77579414
78378877
78378234
77578055
77580273
77580087
77578224
78378583
78378141
77606594
77609929
77579129
78379016
78378301
77579294
77580541
77576891
77577674
77578560
77577211
77579720
77577249
77578673
77579787
77579680
77577859
77579848
77578965
77577352
77579444
77579443
78380158
78379840
77579287
77581551
77581399
77580958
78380257
78379659
77580368
77581537
77581553
77580770
78380334
78379728
77580549
77581766
77581857
77581204
78380032
78379819
77580822
77581972
77581837
77581205
78380709
78380156
77579764
77581941
77581943
77581215
78380692
78380111
77579946
77582075
77580853
77580098
78380744
78380192
77607817
78379419
78380039
77580826
77582511
77581186
78380562
78379869
77579834
77581960
77581935
77579914
78380747
78379998
77581033
77582267
77582143
77580119
78380711
78380159
77580227
77582223
77580927
77581620
78380601
78380164
77580036
77582340
77581159
77581672
78381146
78380736
78380150
77582628
77581047
77581792
78381072
78380315
77580447
77582620
77582495
77581942
78381207
78380810
78380579
77582848
77581913
77582160
78381295
78380783
77580671
77582821
77582351
78381799
78381298
77609867
78379992
77607591
78379704
78379799
77580415
77581581
77581231
77581026
78380619
78379824
77580771
77581991
77580860
77579879
78380375
77582196
77581788
78381215
77609905
78380308
77610483
78380737
78379724
77580744
77581999
77580712
77582018
77582366
78382040
78381354
77607892
78380592
77607963
78381320
78381172
77582427
77583736
77582293
77582901
78382311
78382040
78381634
77584091
77582394
77583324
78382500
78382097
77582908
77584026
77584001
77581932
78382356
78382258
77582102
77584217
77584072
78383171
78382418
77583290
77584599
77583893
77583661
78382789
78382109
77582190
77584490
77584283
77583528
78383056
78382671
77610132
78381667
78381783
77582747
77584031
77582618
77583063
78382586
78381864
77581856
77584081
77583061
77583331
78382656
78382013
77609644
78381863
78381781
77584050
77584066
77583403
78382603
78382148
77583137
77584327
77584237
78383479
78382584
77583485
77584621
77584554
77583847
78383241
78382571
78382506
77584738
77583895
77582481
77583836
77584049
78383553
77611815
78382259
77611305
78383994
77613373
78383077
78382406
77583393
77581804
77582622
77583925
78384297
78383774
77611270
78382572
77612797
78384575
77614878
78384633
78384158
77583883
77585940
77585049
78384832
78384714
78383989
77583844
77586073
77585951
78385026
78384289
77583938
77586143
77585870
77585516
78384497
78383977
77585029
77586249
77586090
77584114
78384762
78384423
78383903
77585023
77586263
77585708
77585599
78384843
78384112
77584189
77586292
77586348
77585542
77584271
78383534
78383583
77584703
77585906
77585262
78384693
78383673
77583704
77584809
77585226
77582426
77583479
77583298
77582633
77583864
77583112
77584365
78384366
78383774
78383620
77585889
77583866
77583884
77583234
77582949
77584400
77584359
78384494
78384319
77584180
77586501
77585977
77584170
77583914
77585720
78385350
78384674
78384220
77584379
77586519
77585182
77585841
78385318
78384843
78384332
77586598
77585371
77585900
78385366
78385140
78384482
77584495
77586761
77586520
77585861
78385416
78384839
77612016
78384212
77583591
77584870
77584369
77583550
77585638
77584807
77583142
77587009
78386108
78385087
77585851
77587164
77584901
77585360
77582935
77585562
77586533
77617969
77584318
77586232
77585438
77585104
77583301
77585007
77584703
78385188
77615529
77586419
77617061
77586340
78386601
78386294
77613292
78385879
77614543
78385834
77586317
77587304
77586786
78386402
78387105
78386593
77587377
77588573
77588626
77587829
78387204
78386780
77587516
77588668
77588547
77588082
78387678
78387254
78386635
77588962
77587169
77588110
78387444
78386827
77587705
77588881
77588900
77588234
78387668
78387096
77586843
77586638
77586616
77587200
78385828
77587567
77588726
77585644
77588989
77616993
78386923
77614239
78385947
78386145
77586734
77588052
77587822
77588189
78387599
78386845
78386707
77588990
77587639
77586954
77619647
77587205
77586827
77587611
78387856
78387913
78387463
78387322
77587485
77586470
77587798
77586416
77587374
77586666
78387754
78387693
78387332
77589550
77586396
77587460
77588479
77587556
77587925
77588197
78388041
78387691
78387642
77589860
77588259
77589227
78387728
78387141
77588206
77589330
77589295
78388295
78387961
78387304
77589522
77589350
77587377
78387777
78387649
77588211
77589768
77588421
77588988
78388442
78387775
78387595
77590008
77588623
77589135
78388167
78387679
77588845
77590110
77589794
77588067
78388326
78388741
78387992
77587808
77590033
77589863
77589108
77620217
77587866
78387048
77615778
78386882
78387516
77587676
77590348
77587526
77587647
77587104
77586845
78387221
78387745
77588697
77589887
77589793
77587697
78388156
78387937
77588759
77589928
77589661
77589277
78388477
78387842
77588759
77589904
77589266
78388882
78388770
78388028
77587826
77589208
77589605
77588077
78388522
78388240
77615401
78387554
78388051
77588989
77589369
77589595
77620200
77588729
77619973
77588999
77620358
77589018
78389606
78388920
77617584
78389107
78388713
77588836
77590951
77588829
77588722
77588903
77587618
77590369
78389558
78388923
77590024
77591169
77591123
77589270
78389470
78389168
77589150
77591265
77591222
77589219
78390211
78389492
77589420
77591546
77589257
77590644
77589382
78389643
78389416
77617326
78389407
77588752
77590754
77590157
78389621
78388863
77590676
77591863
77591246
78390794
78389878
77590741
77591835
77591851
77589896
77589881
77591089
77590061
78390662
78390133
77590241
77592271
77592297
77590283
77589124
77590426
77590310
77590663
78391265
77619122
78390755
78390620
77590652
77592682
77592578
77623448
77592238
77622915
77591678
77622970
77592505
78391198
78390996
77619198
78390353
78389966
77589796
77590691
77590062
78391095
77620198
78389699
78389525
77590410
77591548
77591755
77590364
78390884
78390374
77591164
77592303
77592394
77590319
78390988
78390539
77590280
77592499
77592470
77590381
77622666
77592346
78391310
78390806
78390462
77590500
77592417
77592361
77590498
78391036
78391217
77591374
77592629
77592402
77590600
78390986
78390628
77591473
77592618
77592501
77590449
78390907
78390405
77590536
77592676
77591881
78391671
78391129
77591714
77592801
77592632
77590694
78391149
78390879
78390491
77592825
77592851
78391693
78390991
77591703
77592821
77591247
77590802
78391206
78390796
77590935
77593023
77592959
77590853
78391594
78390720
77591648
77592858
77592849
77590877
78391469
78391023
77591013
77593190
77592666
77623871
77592824
77590821
77623465
77591468
78390342
78391031
77590982
77593275
77593182
77592639
78391923
78391625
77591308
77593386
77592628
77591390
78392162
77621908
77592829
77591323
77592572
78391572
78390567
77590666
77593849
77593194
77591570
78392579
78392262
77592830
77593999
77593854
78392705
78391911
77591736
77594129
77593933
77591885
78392853
78392320
77592974
77594215
77593349
77591985
78392577
78392158
78392018
77594335
77594187
77592307
78392887
78392221
77593163
77594284
77594208
77592396
78392998
78392560
77593382
77594599
77594478
77592426
78392956
78392623
77593313
77594482
77594470
77592401
77590132
77592165
78393294
78392259
77593266
77594288
77592054
77592100
77591885
78390996
78391003
77591970
77593122
77593219
77589776
77591913
77591446
77591397
78391594
78391548
77592335
77594270
77592158
77591687
77592203
77593307
77593846
78393260
78392831
77593430
77594678
77594574
77592646
78393163
78393167
77592679
77594791
77594807
77592858
78393498
78393085
77593016
77592703
77593490
77591752
78392203
78391910
77620393
78393229
77592660
77594778
77594899
77592985
78393535
78393084
77593124
77595257
77595364
77593370
78394009
78393826
78393474
77594423
77595537
77593109
77594268
77592257
77592620
77593288
77592758
77592916
77591953
77594177
78393020
78392881
77594859
77595837
77593743
77594818
77592884
77625131
77594384
78393220
78392959
77593952
77594536
77595002
77595838
77594168
78394455
78394365
78393910
77621321
78394492
77595207
77596253
77594204
77595049
77593395
78393744
78393292
77621132
77624581
77594732
78393737
78394436
78394583
78394328
77596597
77594873
77594411
78395215
78394736
78394870
77594591
77596898
77596838
77594681
78394931
78394523
77595585
77596805
77596281
78395753
78394899
77595590
77596780
77596166
78395683
78395155
77595685
77596916
77596795
77594730
78395628
78394946
78394998
77594637
77596763
77596786
77594813
78395605
78394724
77595792
77596852
77596180
78395573
78394804
77595880
77597005
77596633
77594671
78394907
78394630
77594612
77596628
77596531
77594579
78395171
78394775
77595675
77596734
77596706
77594181
77595357
77594784
77626416
77595598
77593512
78394107
77624249
77595111
78394022
78394292
78394655
77594429
77593520
77592977
77593563
77594837
77593872
77594047
77595291
77593181
77596057
77594277
78395132
78394658
78394067
77594226
77596383
77596265
77594459
78394657
78394381
77594270
77596396
77596326
77594275
78395007
78394521
78394259
77596426
77596415
77595827
78395242
78394768
77595346
77596464
77595618
77595810
78394911
78394583
77595493
77596734
77596586
77596029
78394895
78394620
77595664
77596875
77596751
77594791
78395672
78395220
77594858
77597050
77595617
77596290
78395790
78395192
77595060
77597285
77596793
77596422
78395516
78394936
77595108
77597196
77597195
77596539
78396014
78395185
77613087
77595484
77595180
77595967
78396079
78396007
77596943
77598184
77595861
77597858
78397253
78396758
78396411
77597361
77598530
77598406
77596337
78397028
78396854
77597463
77598618
77598446
77596422
78396686
78396278
77597292
77598547
77597971
78397474
78396946
78396471
77597478
77598654
77598475
77596612
78397554
78397544
78397161
77597871
77599047
77598665
77596936
78397466
78397168
77598090
77599167
77599111
77597121
78397668
78397484
77625089
78397524
78397436
77598276
77599564
77599395
77597477
78398089
78397767
77597886
77599916
77599795
77597525
78398270
78397928
77597711
77599734
77599309
78398715
78397608
77597600
77598780
77597689
78398161
78397764
77597462
77599690
77599754
77597655
78398100
78397740
77597668
77599800
77599084
78398687
78398058
77597960
77599984
77598773
77597938
78397520
78397652
77598664
77599686
77599832
77597709
78398335
78398052
77597786
77599963
77598684
77597982
78398478
78398000
77597534
77600091
77599946
77597939
78398227
78398015
77597911
77600123
77596823
77597339
77597956
77599102
77597202
77630093
77600146
77599568
78399147
78398775
77599289
77600434
77600409
77598463
78399047
78398335
77599332
77600600
77600431
77598458
78398842
78398172
77599192
77600433
77600336
77598326
78398704
78398365
77599347
77600585
77600091
77598285
78399063
78398271
77626313
78398030
78397936
77599119
77600795
77596744
77597765
77598105
77598250
77600151
77598293
77596925
77600421
77598490
78399242
78398845
78398297
77600689
77598621
77599545
77598703
77599746
77598893
78399286
78398838
77599035
77601004
77601095
77599033
78399704
78399546
78398954
77601172
77601201
77598944
78399314
78399143
77599008
77601236
77601211
77599019
78399662
78399454
77599134
77601209
77599536
77599166
78399669
78399317
77598894
77601195
77600974
78400059
78399745
77599013
77601255
77601083
77598780
77598836
77598221
77598142
77631078
77599384
77599240
78399476
78399011
77599194
77601347
77600709
77598173
77598789
77598989
77599536
77598183
77599173
77599333
77601431
77599482
78400139
78399960
78399526
77599413
77601652
77601373
77599298
78399780
78399218
77627328
78398598
78398709
77599555
77600536
78399200
77601490
77601468
77599393
77632338
77600695
77599540
78400534
78400511
77627158
78398786
78399649
77600703
77601537
77599682
77599501
77599019
78399289
77628030
78399569
77625999
78399113
77599218
77600518
77601026
77601007
78400509
78399889
78399535
77601790
77600093
77599945
78400509
78399893
78399906
77602263
77601417
77600238
78400350
78400268
77600206
77602431
77602197
77600334
78400765
78400252
77601201
77602336
77602215
77599102
77599096
77599537
77600410
77601439
77601112
77632571
77601653
77632584
77600998
77599358
77601659
77600977
78401867
78401847
77630471
78401282
78401696
77628773
78400891
78401371
77601527
77603519
77602998
78402641
77632739
78401642
78401651
77601147
77603727
77602519
77601935
77600426
77601435
77603231
78402338
77632026
77601022
78401300
78402043
77601844
77604363
77604221
77603503
78403228
78402715
78402055
77604324
77604303
77601928
77602511
77600794
77602867
77603519
78402746
78402284
77629492
78401887
77603131
77604437
77603933
78403428
77634167
77601667
78402208
78401637
77603431
77604628
77604562
77603879
78403225
78402513
78402309
77604647
77604420
77603842
78403424
78403265
78402603
77602457
77604706
77603665
77603870
78402968
78402498
77603413
77604542
77603967
77603785
78403299
78402454
77603203
77604593
77604424
77603765
78403381
78402901
78402259
77604593
77603122
77603717
78403219
77632004
77602725
78401632
78401533
77629024
78402386
77602508
77604589
77604164
77635468
77602176
77603106
77634469
77603310
78403205
77632385
78402405
78401883
77602907
77604052
77604954
77601264
77605188
77604515
78403811
77633509
77603090
78403246
78403122
77603980
77605221
77605028
77604396
78403988
77634324
77602126
78402590
78402847
77606677
77602893
77601440
77602190
77601731
78402070
77632068
78402411
78401884
77601938
77604061
77604255
78403994
78403281
77602940
77605182
77605198
77604504
78403968
78403198
78403031
77605509
77605268
77604625
78403880
78403199
77603280
77605361
77604648
78404461
78404011
78403262
77605596
77603239
77604486
77604085
77634425
77604052
78404098
78403367
77603476
77605838
77605728
77604959
78404797
77635055
77602597
78402903
77632848
77634952
77604247
78404251
77634186
78403883
78404621
77603968
77606159
77605976
77605457
78405012
78404452
77632604
77634241
77604683
78403475
78403473
77603349
77605646
77605943
77605858
78405597
78404592
77604413
77605935
77606247
78405503
78404800
77605420
77606842
77605473
77605972
78405005
78404355
77605296
77606616
77606286
77605681
78404931
78404069
77604137
77606143
77604137
78404527
78404145
77604009
77606285
77605695
77604383
78405217
78404459
77604286
77606388
77606281
77605577
78404585
78404473
77604286
77606439
77606342
77605638
78405203
78404678
77605236
77606296
77605792
78405120
78404496
77604217
77606343
77606321
77605870
78405422
78404900
77631963
78404222
78404086
77604314
77605115
77604281
77605300
77605008
77637414
77605982
78404838
77631576
78404345
77604841
77605184
77606475
77603649
77604758
77603934
77604883
78405995
78405329
77605135
77607298
77604039
77605117
77606421
77605652
78405130
77635367
77605874
77637381
77605576
77604900
77604614
78404968
78404754
77632757
77635629
77604940
78405954
78405864
77605728
77607748
77606693
77607650
77605897
77606977
77605985
78406107
78404876
77605008
77607188
77606898
77605367
78406273
78406050
77606555
77607724
77607504
77606882
78406268
78405859
78405389
77607621
77606411
77606933
78406509
78406178
78405602
77606429
77607721
77607672
77606910
78406314
78405695
77605596
77607862
77607628
77607143
78406605
78406138
78405725
77608189
77606630
77607234
78406699
78406032
77606009
77608309
77607095
77607573
78406872
78406840
78406262
77608501
77608342
77607631
78407134
78406445
77606163
77608292
77608321
77607579
78406803
78406075
77606120
77605762
77605168
77606438
78406639
77635810
77606584
77605182
77607329
77606372
77608521
77606395
78407131
77636779
77607117
77604270
77605745
78406609
78406602
77635552
78406408
77606793
77609730
77608530
77605536
77607877
78407003
77636382
78407264
78407355
77607059
77609264
77609280
77607240
77606811
77606462
77607335
77606247
77609557
77609460
77607316
78408310
77638869
77607918
77607974
77607514
77607152
77606861
77639663
77608429
78407647
78407031
77607000
77607830
77609063
77607218
77639596
77608595
77639252
77609576
78408317
78408184
77635544
78409332
78408350
77610554
77606855
77609361
77609352
77610302
77608522
78408779
78408345
77608425
77610704
77610648
77608675
78409401
78408889
77608636
77610807
77609062
77608566
78409107
78408779
77608603
77610780
77609440
77608683
78409302
78408555
78408657
77610759
77610118
77608805
78409311
78408739
77609609
77610806
77610688
77608640
78408973
78408333
77608595
77610314
77608517
78409136
78408757
77608734
77610809
77609334
78408431
78408221
77609412
77610458
77610457
78408969
78408551
77608554
77610683
77609608
77608777
78409528
78408743
77609767
77610915
77609762
77608914
78409516
77637923
78409491
78409053
77635637
77639674
78409553
77637796
78408921
78409759
77610709
77611821
78410643
77612191
77610059
78409857
77609958
77610190
77609958
78410169
77639706
77610393
78410221
77640140
77610649
77608323
77609697
77610644
78409436
78409270
77610248
77608986
77611347
77612239
78411399
78410444
78410460
77611447
77612592
77612693
77610473
78410859
78410525
77610562
77612804
77612744
77610741
78411405
78410789
77610528
77612961
77612714
77610762
78410869
78410682
77610763
77612821
77612697
77610785
78411110
78410782
77611683
77612938
77612759
77610806
78411210
78411074
77611642
77612811
77612813
77612095
78410716
78410878
78410739
77612957
77612836
77610887
78411397
78410940
77611867
77612971
77612823
77610754
78411349
78410639
77610800
77610456
77610460
77610017
78411241
78410561
77639865
77641874
77611410
77642135
77610081
77609101
77611145
78411272
78411247
77612224
77613369
77613323
77611347
78412040
78411686
78411309
77613513
77613454
77611413
78411933
78411502
77612488
77613486
77612893
78412501
78411706
77638931
78410569
78411296
77612231
77613332
77613166
77611196
78411842
78411506
77611324
77613447
77613329
77611431
78411537
78411531
77612531
77613652
77612379
77611567
78412072
78411625
77611897
77613811
77613669
78412841
78411859
77611770
77613776
78411759
77643044
77612212
78411484
77639973
78410766
78410285
77610146
77612329
77611073
77643950
77611690
78411793
78411388
77638225
78412109
77611452
77613584
77613631
78412661
78412181
77639006
78411072
78410653
77611448
77612694
77613025
77611575
77644613
77612179
78411280
78411730
77611388
77611497
77610817
77610753
78410974
78411622
77612526
77613699
77613769
77611892
78411963
78411814
77612916
77613664
77613225
78412560
78411942
77612827
77613951
77613491
78412658
78411850
77611957
77613874
77611810
78412258
78411837
77612762
77613958
77613437
78412930
78412530
78411924
77614142
77613556
77612007
78412654
78412183
78411992
77614275
77614175
77612130
77644784
77612405
77643887
77611981
77611691
77610234
77612078
77612334
78412565
78412517
77612528
77614483
77614310
78413740
78413441
78412593
77612537
77614636
77614186
78413724
78413178
77612704
77614963
77614589
77612976
78413833
78413206
77613817
77615159
77614652
78414012
78413037
77613927
77615196
77614924
77612893
78413218
78413208
77613879
77615110
77614924
77612972
78413495
78412855
77612922
77614997
77614797
78413835
78412841
77613755
77614718
77612795
78413311
77642065
78413392
78412707
77612672
77614777
77611678
77612173
77612160
77644908
77614136
78413178
78412536
77639943
78413159
78412286
77614467
77614544
77645249
77613839
77614944
78414279
78413599
77613501
78413324
77615539
77615555
77614827
77646425
77614945
78413883
78413916
77640894
78413874
78413887
77614847
77615906
77615394
77612216
77614614
77646552
77614425
77645380
77614475
78412807
78412325
77612433
77614586
77614935
78413837
78413556
77614550
77615242
77615065
78414587
78414041
78413718
77641872
78412947
77612771
77614849
77613611
77614227
77614265
78413274
77642195
78413876
77644130
78414117
77643232
77611839
77615122
78414130
77644990
77614421
78414681
78414313
78414208
77616563
77614958
77615905
78415125
78414565
77615454
77616524
77613333
77614373
77613642
77615849
78414920
77644953
78414939
78413908
77641861
78413973
78414012
77641681
78414727
78415048
77641053
78413964
77613854
77615726
77616238
78415885
78415586
78414834
77615896
77617072
77616944
78415943
78415110
77615877
77617064
77616878
77616362
78415907
78415258
77614931
77617108
77617028
77615124
78415907
78415694
78415068
77616067
77617435
77617293
77615221
78415803
78415673
77616248
77617524
77615745
77615390
78415878
78415288
77616084
77617429
77617052
77648138
77617124
78415676
78415856
77642947
78415507
77615442
77617513
77616920
78416414
78415657
77616668
77617638
77617257
78416666
78415809
77616643
77617720
77617616
77616895
78416257
78415835
77616581
77617733
77617701
77615872
78416029
78415578
77615621
77617661
77617311
77615629
78416077
78415666
77615666
77617774
77617698
77615701
78416187
78415990
77616845
77617977
77617934
77615928
78416195
78415944
77616982
77618049
77616550
77616102
78416694
78416206
77616806
77617175
77617504
78417150
78416027
77616926
77618013
77617912
77615930
78416069
78415687
77615658
77618527
77617098
77647974
77617056
78415701
77615110
77617314
77617292
77648082
77613947
77616405
78416298
78415579
77616293
77617707
77615442
77615163
77616151
78415296
78415519
77616712
77617820
77617667
77615859
78416468
78415875
77616539
77618001
77618092
77616221
78416602
78416087
77616002
77618176
77618044
77616037
78416595
78416063
77616849
77618111
77618116
77615996
78416677
78416041
77616190
77618090
77617599
78416963
78416473
77644100
78415688
77615775
77616965
77615501
77616029
77615766
78416870
77645546
78415941
78415242
77616158
77617225
77614437
77616929
77616920
77616410
77616141
77649268
77617344
77615502
77646990
77616989
78416526
78416881
77617999
77618911
77618459
77649822
77616838
77616546
77615062
77617958
77616976
77616670
77617169
77617356
77617087
77616767
77617765
78418193
78418055
78417398
77619616
77618289
77617532
78418230
78417767
77618866
77619957
77618260
77618034
78418417
78417928
77618901
77620142
77619987
77618021
78418975
78418924
78418238
77618229
77620588
77620494
77619787
78419407
78418540
77618391
77620565
77619045
77618532
78418799
78418807
77618592
77620739
77620775
77618552
78418977
78418433
77618449
77620691
77620088
78419340
78418687
77619620
77620840
77620685
77618829
78419397
78418869
77619533
77620998
77619373
77618925
78419376
78419107
77619012
77621165
77617702
77620729
78419131
78418646
77645974
78418460
78418521
77620790
77620734
77618782
77652497
77620339
78419348
78418860
77619679
77620997
77620431
78420091
78419764
78418884
77619769
77620863
77618534
77618422
77618581
77617936
78418268
78417706
77618966
77620084
77619829
77618017
78418680
78418399
77618146
77620446
77620314
77618078
78419049
78418306
77645961
78417607
77645839
78417339
78418035
77619277
77620446
77616958
77619139
77618218
77650966
77618954
78418533
78418777
77618417
77620567
77619038
77618518
78418993
78418806
77619299
77620642
77620473
77618466
78418876
78418663
77618629
77620929
77618541
77618211
77617841
78417999
78418459
77645752
78418469
77617993
77620026
77620384
77651578
77619867
77617929
78418279
78418141
77618030
77621277
77620804
77619180
78419775
78419176
77620156
77621304
77621255
77619159
78419535
78419182
77620070
77618970
77618835
77619157
78419368
78419131
77619071
77621357
77620836
78420407
78420028
78419607
78419468
77621723
77620403
77619691
78420611
77650034
77619777
77619799
77618614
77620830
77618806
78419171
77648477
77620347
77650748
77620465
78419661
78420249
78419997
77622287
77620390
77621392
78420571
78419776
77620768
77621964
77618516
77619399
77619999
77621303
77652022
77620826
77648971
78420336
78420459
77620232
77622409
77620212
77621394
77621838
78420807
78420902
77620714
77622939
77622886
77622192
78421863
78421707
78421408
78420973
77621673
77623030
77622774
77622455
78421525
78420844
77621892
77622133
77622554
77622346
78422020
78421519
77620977
77623079
77622175
77622336
78421563
78421005
77621954
77623123
77622520
78421989
78421815
78421039
77621042
77623372
77623077
77622298
78421306
78421080
77621021
77623225
77622981
77622322
78420548
78420471
77620415
77621733
77621252
77620684
78421578
77650941
78419882
77648574
77649385
78420000
77649193
78420558
78419913
77648316
78420295
77621069
77622030
77621628
78421860
77651893
77621576
77652632
77621257
78421067
77623283
77652551
78422104
77622177
77623346
77622893
78421959
78421527
77622565
77623412
77622881
77621463
78422134
78422213
78421526
77622591
77623627
77623605
77621399
78422124
77650897
77621884
77652663
77622012
78420902
78420462
77621304
77623365
77621651
77621121
78421778
78421480
78421132
77622132
77623424
77623429
77621343
78422030
78421414
77622318
77623251
77622798
78422005
78421670
77621491
77623651
77623489
78422626
78422097
78421848
77622594
77623726
77623827
77623120
78422392
78422037
77621610
77623918
77623844
78423035
78422152
77622091
77623254
77623463
78422892
78422428
78422127
77623106
77624296
77624271
77622189
78422664
78422243
77622249
77624426
77624329
77622227
78423321
78422692
77622441
77624666
77622993
77623879
77654456
77622747
77654160
77622859
78421777
78422721
77623595
77624660
77624655
77622555
78422869
78422911
77623531
77624724
77624014
78422766
78422745
77623705
77624593
77622786
77621596
77623253
77622771
77622513
77622962
77623851
77624370
77622939
77623131
77622451
77622366
78423388
78423250
77623294
77623290
77624370
77622525
78422973
78422407
77650610
78423583
77622805
77624805
77623399
77623021
77624142
78423297
77652409
78423859
77652860
77624391
78423393
77654684
77623068
78423675
78422966
77623105
77625354
77625250
77623911
77625882
77623310
78424148
78423357
77625626
77624544
77625525
77623686
78424220
78424098
77624738
77625924
77625256
77623698
77624996
77621792
77624080
77624067
77623724
77623109
77624488
77625672
78424930
77655137
77624817
78424364
78423625
77623554
77625471
77624792
78425445
78424828
77625239
77626525
77626411
77625942
78425538
78425010
78424478
77626747
77625245
77626151
78425575
78424983
78424841
77625360
77625502
77626446
78425908
78425526
77626160
77627380
77626057
77626754
78425803
78425550
78425241
77627394
77625574
77626754
78425796
78425349
77626437
77627504
77626525
77626717
78425975
78425277
77625352
77627484
77627333
77626892
78426338
78426093
78425348
77627696
77626794
77626751
78425913
78425362
77626496
77627631
77626708
78426356
77654730
78424840
78425282
77626326
77625269
77626395
77625852
78426419
78425467
77655440
78425284
77655188
78425381
77655856
77625363
77626595
78424663
78425155
77653691
77655631
77626039
78424966
78424638
77625686
77627788
77627585
77627138
77658596
77626473
78426728
78425909
77653708
78426248
77626026
77627768
77626146
78426413
77656581
77627302
78426052
77657014
77625798
77627060
78426132
78426189
77653871
78425978
77653208
78425299
77625135
77626202
77627285
77626327
77628606
77626559
77627456
78427755
78427026
77627779
77628873
77627806
77628318
78427832
78427078
77654707
78426997
77626930
77629274
77629081
77628401
78427900
78427699
78426899
77627418
77627392
77627790
77628825
77628420
78428081
78427495
77654812
78426982
78426563
77626325
77628625
77628405
77625990
77626910
77628900
78428313
78427670
77627395
77626925
77627123
78427735
78427048
77626998
77629292
77629181
77628563
78427973
78427338
77628328
77629518
77628798
78428405
78427986
78427433
77629804
77629659
77629102
78428640
78428272
78428563
78427903
78427889
77630128
77630211
77629531
78428880
78428122
77628101
77630213
77630081
77629446
78428859
78428232
78427940
77630209
77628899
77629432
78429062
78428427
77629043
77630335
77629790
77629647
78429176
78428282
78428231
77630551
77629323
77628576
78429140
78428568
77629405
77630523
77628067
77628222
77627800
77628761
78427851
78427521
77629218
77630459
77630269
77629777
77628277
77628661
77629941
78429069
77658977
77661637
77629859
77628746
77628876
77629960
77630328
78429456
78429362
77657709
77660041
77629198
78429544
78429405
77656509
78428600
77629363
77628563
77628390
77661135
77629822
77661121
77631364
78430508
78429809
78429297
77657770
78429862
77659021
78429435
78428812
77630763
77631672
77631120
77662333
77629205
78429267
78429144
77630185
77631246
77629806
77629896
77629257
77662591
77631290
77630166
77631493
77628735
77631585
77630509
77630371
77630710
77630234
77629786
78430186
77659742
77631280
78431570
78431407
77631829
77633070
77632501
78431976
78431208
77631025
77633072
77631748
77630964
78431450
78430935
77632020
77632226
77632439
78431962
78431690
78430885
77633089
77632944
77630920
78431195
78431041
77630918
77632948
77632097
77630817
78431289
78430969
77631841
77632149
77632198
78431687
78431031
77631085
77633029
77632289
78431949
78431400
77630930
77633302
77632363
78430681
78430357
78430449
77632588
77631718
77630706
78430947
78430978
77630790
77632892
77632849
77629552
77632307
77631190
78431280
77661565
77631108
78430988
77661904
77662694
77631252
78430031
78429925
77657675
78431209
78430671
77630738
77632624
77630616
77629277
77631682
77660815
77631444
77662889
77631572
78430378
77658956
78430635
78431304
77631059
77633014
77631015
77630060
77631132
78432176
78431368
77659073
78431179
78431252
77631257
77633434
77633337
77630136
77630949
77631595
78432194
78431680
77660509
77662859
77630863
78431656
77662229
78432171
78432232
77633069
77634331
77634138
77631080
77632649
77632172
78432589
78432435
77632414
77634591
77633278
77632467
78433406
78432753
77632654
77634879
77634809
77632689
78433041
78432617
77632780
77634786
77634761
77632737
78433356
78432863
77633692
77634995
77634795
77634214
78433453
78433014
77632674
77634779
77634330
77632811
78433373
78432851
77633709
77634905
77634685
77632812
78433875
78433021
77633661
77635087
77634801
77632791
78433246
78433065
77633750
77634874
77634251
78433771
78433147
77633766
77633206
77632659
78433182
78432587
77633635
77634954
77634468
77632707
77632178
77632336
77632328
77632573
78432796
78432532
77632599
77634701
77634497
77632654
78433369
78433001
77660721
78432947
78432816
77635136
77634912
77632939
77632816
77632827
77634045
77631949
78432562
78432254
77632803
77634115
77634045
77632897
78433369
78432753
77633938
77634761
77634332
78433969
78433586
77632857
77635116
77635046
78434094
78433841
78433043
77632919
77632293
77632323
78432340
78432322
77632205
77634173
77632519
78433711
78432903
77632658
77634784
77634786
77632731
78433227
78432707
77632723
77634876
77634875
77632755
78433299
78432656
77632795
77634924
77634118
77632563
78433011
78432620
77633566
77634817
77634199
78433716
78433417
78432643
77634912
77633212
77632842
78433397
78432903
77660140
77663319
78433020
78432746
77632826
77634784
77634403
78433615
78432900
77632657
77634882
77634788
77632620
78433290
77661442
78432338
78431694
77632691
77634440
77632595
77665579
77633233
77664814
77633450
78432554
78431970
77658557
78432164
77632764
77635050
77635128
77633012
78433446
78432950
77634148
77634405
77634697
78434148
78433654
78433098
77635381
77633975
77633441
78433995
78433521
77633371
77635562
77634692
77633478
78433920
78433746
78433512
77635955
77634162
77633677
78433917
78433645
77633570
77635774
77635202
77633626
78434221
78433563
77634516
77635880
77635650
77633575
78434377
78433760
77634609
77635778
77635647
77633722
78434025
78433785
77633805
77635791
77635622
77633670
78434053
78433582
77633634
77635479
77635043
78434325
78433649
77634651
77635922
77632186
77632956
77665425
77634558
77633485
78433973
78433814
77634682
77635953
77631367
77634620
78433511
77661952
78432890
78433795
77661885
77663823
78434207
78433121
77633167
77633807
77635708
77633973
78435070
77666934
77634585
78433983
78433367
77661001
78434238
77634118
77635460
77636304
77634312
78434873
78434747
77662001
78434327
77660952
78433035
78432824
77633985
77632685
77634789
77632976
77665800
77634660
77666269
77636131
77634271
78434941
78434635
77662870
78433926
78433764
77661561
78434070
77665164
77633006
77636040
78435149
78434498
78435443
78435206
77635223
77637321
77637272
77635604
78436111
78435876
78435460
77637743
77636773
77635686
78436168
78435713
77635363
77637618
77636219
77635486
78436078
78435956
78435710
77637928
77637021
77635807
78436395
78435868
77635949
77638061
77637944
77636057
78436542
78436016
77636947
77638130
77638036
77636012
78436536
78436311
78436363
77636735
77638053
77637665
77636277
78436465
78436342
77637199
77638426
77637723
78437278
78437078
78436274
77637371
77638444
77638081
77636505
78437110
77667399
78436432
78435501
77636322
77638403
77637899
78437381
78436415
77636831
77638296
77637679
78437247
78436582
77637260
77638340
77637788
78437441
78436435
77637354
77638369
77638214
77636327
78437094
78437056
78436324
77638542
77636882
77636513
78436777
78436705
77637407
77638590
77637238
77636373
78436815
78436519
77637519
77638565
77638731
77636670
78436679
78436580
77637581
77638750
77638516
77636594
78436740
78436500
77636607
77638747
77638629
77636626
78437300
78436812
77636728
77638867
77638770
77636784
78437800
78437240
77638017
77639204
77636679
77636273
77636044
77668929
77637446
78436444
78436084
77637129
77638171
77638889
78438093
78437217
77638228
77639359
77638745
78438217
78438054
77636953
77639102
77637872
78437673
78437083
78436548
77638803
77637144
77636802
78437164
77666462
78437527
78436763
77636602
77638707
77638118
77636846
78437195
77667971
77668515
77637649
77636819
77638026
77635848
77637189
77637114
78437646
78437268
78437146
77637104
77639206
77637550
77637038
77634994
77636845
77635993
77637847
77637501
78438145
77669518
77636591
77636865
77637653
77636385
78437576
77639773
77639334
78438710
78438346
77666140
78437285
77668126
77636649
77639077
77638184
77638668
77638230
78438685
78438179
77666833
78437786
78437444
77638591
77639736
77640159
77637098
77637630
77638435
77637384
77637942
77637355
77639422
77639116
78438813
78438389
78437719
77639988
77639624
77640162
78439680
78439147
77639920
77640936
77639714
77638625
77639657
77639327
78438445
77670441
77639335
78438621
78438144
77639059
77640249
77640032
77638145
78438528
78438358
77638195
77640406
77641007
77639202
78439923
78439215
77640137
77641532
77641424
77639435
78440159
78439741
77640542
77641783
77641614
77639652
78439814
78439913
77640611
77641917
77641700
77639727
78440414
78440184
77639705
77641964
77641778
77639850
78439953
78439949
78439907
77640804
77641791
77640965
78440529
78440062
78439455
77641673
77641531
77639445
78440091
78439622
77640572
77641696
77641233
78440545
78439790
77639600
77641753
77641468
77639564
77639016
77640110
77639145
77639238
77640390
77637890
77639338
77640397
77638600
78439712
78439742
77640395
77641702
77641051
78440804
78440265
78439674
77641892
77640219
77639777
78440236
78439819
77639604
77639447
77639003
77638683
77639209
77672425
77640130
78439584
78439232
77639224
77641350
77641229
77639205
78439701
78439208
77640163
77641302
77640733
77639160
78439659
78439181
77640194
77641271
77639223
78439498
78439525
77639328
77641505
77641459
77639589
78439810
78439565
77640493
77638488
77640467
77640086
78439159
78438678
77640769
77639565
77638998
77637605
77640988
78440052
78439647
77666020
78439421
77639173
77641137
77640206
78440835
77671064
77640888
78439732
77668322
77671215
77639590
77670976
77640934
78441040
78440993
77640908
77643010
77640673
77641866
77641362
77671661
77640133
78440275
78440139
77640088
77642050
77640835
77640459
77640121
77672988
77641613
78440666
78441233
77640970
77643305
77641013
77641478
77640230
78440667
77668795
78440762
78440365
77641392
77642513
77642868
78442252
78441911
78441324
77642394
77643488
77643538
78442088
78441540
77641543
77643741
77643527
77641698
78442098
78441420
77641662
77643241
77642836
78442018
78441508
77642584
77643706
77643516
77641684
78442012
78441910
77642653
77643720
77643004
77641536
78442393
78441580
77642567
77641983
77641696
78441946
78441664
77642202
77643643
77643672
77641535
78442051
78441593
77642617
77643546
77643154
77641887
77674652
77642167
78440975
78441825
77670019
78441138
77668580
78441137
77640961
77641946
77642025
78442827
78442334
77642024
77644249
77644217
77642063
78442696
78442212
78442035
77644304
77644292
77642210
78442901
78442522
77643285
77644403
77643117
77642409
78443276
78442919
77642391
77641908
77642058
78442670
78442140
77642262
77643350
77643734
78443322
78442939
78442399
77642341
77644371
77644356
77642332
78442636
78442297
77643188
77644426
77644161
77642400
78442436
78442017
77642063
77643609
77643661
78443393
78442483
77643000
77644304
77643013
77642261
78442538
78442416
77643271
77643624
77644394
77642279
77642437
77641991
77642405
77641695
77642381
77642099
77641761
78441994
77672005
77643199
78443403
78442776
77642840
77644826
77644677
77642632
78443132
77672810
77643005
78442064
78441644
77641620
77642368
77643462
77642462
77641731
77642539
77643582
77643334
78442164
77672079
77643303
77675552
77644020
78443047
78442293
77643141
77644256
77643693
78444178
78443545
78442926
77645216
77645187
77642899
78443371
77674192
77644572
78443997
77675249
77643488
78443533
77672894
77641806
77644080
77642501
78442878
78442334
77643175
77645325
77645241
77643170
78443735
78443534
77671044
78442635
78442481
77642569
77642019
77644569
77642771
78442978
77672795
77643543
77643730
77643740
78444192
77674660
77643158
78443436
78443806
77643872
77643817
77645050
77645589
78444519
78444287
77645159
77642883
77644951
77644501
77675970
77645089
77641871
77643734
77675973
77645230
77642816
77645392
77676303
77646490
78445340
78444524
77671839
78443755
78444976
78444451
77646720
77645549
77645970
77676844
77645063
78444301
78444547
77671646
78444415
78444346
77646513
77642206
77644125
77645815
78445378
78444461
77645514
77646560
77646056
78445364
78445086
77644701
77646857
77645858
77645961
78445387
78444781
77645645
77646817
77646093
78445357
78443397
77643744
77645076
77645901
77645368
78444862
78444329
78443773
77646053
77645590
77644031
78444850
78444033
77644862
77646096
77646163
77644081
78444243
78443944
77644131
77645901
77645440
78445142
78444549
78443945
77646286
77646145
77645578
78445026
78444319
77644383
77646454
77644452
78444749
78444434
77645298
77646539
77646394
77645796
78445535
78445162
77671111
77674086
77644885
78444539
78444296
77645347
77646458
77645950
77645862
78445313
78444792
77645442
77646769
77646579
77645974
78445604
78445262
78444598
77644571
77646749
77646376
77646105
78445604
78444778
77644828
77646975
77646908
77646140
77678006
77645409
77676678
77645352
78445858
78445294
77645040
77645083
77646931
77645731
78445983
77675429
77645734
78445292
77675178
78446560
77677136
77645652
77646157
77645716
77646074
77647240
78446416
77676966
78446191
78445268
77646256
77648269
77646182
77646749
77647690
78447385
78446808
77647376
77648401
77646632
77647586
77646625
78446833
77674786
78446050
78445890
77646836
77647876
77647368
77645963
77648212
77646967
77648412
77648388
77647082
77648523
77648368
77648479
77647091
77648526
77648483
77648594
77648677
77648723
77648799
77648940
77648880
77648912
77647627
77648921
77649083
77647624
77649021
77681199
77646768
77647495
77647041
77648970
77648924
77645702
77649399
77648470
78447747
77679021
77649023
78448500
78448467
78447670
78447619
77648730
77649840
77648449
77649132
77649116
78446947
77677466
77646948
78447916
78447750
78446878
77674569
78447016
78446345
78446203
77646599
77648384
77647933
77648667
78448324
78447720
78447438
78447409
78447201
78447264
77648447
77649534
77648029
77648815
77646014
77649131
77647478
77647633
77646913
77647612
77647654
77646420
77646837
77648765
77648510
77645778
77647954
77649435
78448901
78448035
78448070
78447966
77648259
77650388
77650094
77650083
77649550
77649579
77649587
77646975
77648392
77649258
77649879
77648355
77648825
77649920
77681600
77648672
77649041
77647080
77647847
77647890
77646611
77649680
77650842
77647436
77650138
77651088
77648846
77650244
77650931
77648750
77648186
77650356
77650388
77649229
78449762
77681301
77650430
77648958
77650357
77649146
77650229
77649264
77648797
77649759
78450339
77679688
77648493
78449611
78448857
78448810
77677419
78450379
77679166
78449947
78448969
78448945
77651200
77649852
77650010
77650967
77650801
78450383
78450213
77678110
77650181
77650238
77650428
77650874
77649663
78450729
78450634
77679746
77651081
77650603
78451488
77682739
77649219
77650593
77649701
77651090
77651068
77651113
77651929
77652101
77650479
77650537
77650885
77651348
78450872
78450811
77679934
77648753
77649943
77650594
77651131
77650595
77652682
77651187
77650630
77650401
78451047
77681436
77651618
77652422
77650174
77652638
78451342
77682518
77652279
77683490
77650436
77652809
78452006
77649755
77653106
77650906
77651036
77653097
77652719
77651321
77652639
77651920
77653965
77653725
77653496
77653514
77653584
77653589
77653648
77653646
77653579
77653679
77653824
78453395
78452675
78452467
78452450
78452723
77651497
77653808
77652304
77653309
77653341
77652008
77652105
77653468
77653579
77653563
77653540
77653534
77653494
77653577
77653660
77653699
78453268
78453104
78452368
78452058
77653169
77653457
77654334
77653756
77652376
78453305
78452825
78452889
78452369
78452249
77652395
77654583
77654505
77654347
77653824
77653959
77653851
77650289
77651697
77652798
77653683
77652326
77651267
77653599
77651466
77651911
77653156
77650595
77652287
77653258
77650917
77652194
77652743
77654230
77654058
77654442
77654549
77654557
77654592
77654573
77653182
77652049
77653230
77654303
77653865
77654797
77653507
77654652
77654740
77654937
78454027
77685008
77653412
77654746
77653629
77655534
77654563
77655612
77655889
77655185
77653859
78454616
77686556
77654522
78454526
77684912
77655659
78454863
78454556
78454318
78454455
78454314
78454458
77682459
78453758
78453872
77682228
77654918
77686422
77654056
77655188
78454978
78455571
78454727
78455068
78454799
78454644
77655054
77656767
77656511
77656204
77656287
77656449
77656420
77656568
77656586
77656594
77656568
77656600
77656584
77655275
78456083
78455696
78455147
78455105
77656196
77657335
77656366
77656561
77656747
77655322
77656565
77656573
78456250
78456055
78455319
78455126
77684105
78455547
78455262
78455250
77682525
78455837
78455364
78455485
78455303
77657569
77657422
77657568
77656953
78456497
78454855
78455194
78455423
78455238
78455270
77656228
77657263
77657203
77656598
78456180
78455268
78455421
78455391
78455238
78455149
78455320
78455147
78455326
78455323
78455355
78455283
78455322
77657595
77655504
77655906
78456376
78456291
78455488
78455443
78455380
77655302
77657526
77656230
77657054
78456694
78456568
78455680
77655726
77658027
77657774
77657801
77655561
77657804
77657830
77657151
77688674
77654329
77656324
77657340
78456817
78456364
78455688
77655817
77657919
77657707
77657350
77657338
77657349
77657494
78457133
78457027
77684620
78456346
78456091
77682412
78455900
78455860
77656823
77657152
77654509
77656008
77657249
77657535
78457223
77687343
77656626
78455871
77687573
77656698
77654975
77656562
77656204
77654916
77656117
77657865
77658126
77658052
77656522
77657644
77655153
77656300
77657182
78456696
78455920
78456200
78455817
77656784
77658940
77655755
77658063
77656770
77657799
77658324
77688286
77658329
78457543
78457476
78457041
77685721
77687408
77689151
77658291
78458335
78458127
77684764
78456914
78457764
78457700
78457727
78457800
77660018
77690903
77657706
77658347
77659652
77657231
77659155
77660335
77657709
77661219
77660528
77660703
77658322
77661377
77660172
77657478
77660693
77660401
77659864
77662010
77661893
77661562
77693307
77662515
77661733
77661816
77660558
78461468
78461379
78460844
78460462
78460633
78460793
77661329
77662794
77659291
77660951
77659906
77660971
77661524
77661559
77659454
77660715
77662549
77661139
77660619
77662638
77693415
77660277
77660862
77661241
77662575
77661311
77663080
77661358
77662489
77661988
77659373
77662826
77662234
78461560
77690975
77662271
78461262
77690164
78461698
78461764
77662773
77663939
77662967
77661652
77661756
77661199
77663313
78462689
78462790
78462003
78461875
77662944
77664287
77662008
77663491
77663447
77663448
77663347
78463083
78462858
78462011
78462116
78462034
77662230
77663045
77664855
77663772
77663376
77663363
77663306
78463089
78462195
78462111
78461927
78461857
77664061
77661800
77662856
77663256
77662252
77661357
77662667
78463279
78462391
77690059
78461694
78462408
77690194
78462804
77692347
78462266
78461845
77663681
77664990
77663656
77664264
77664293
77664315
77662918
77664448
77663180
78464137
78464121
78463402
78463133
77664248
77665462
77663542
77664733
77664826
77664831
78464443
78463542
78463969
78463573
78463631
78463639
78463514
78463303
78463493
77665762
77663897
77665063
77663652
78464433
78464184
78464139
78463493
78463601
77665768
77662311
77664659
77663697
77665147
78464917
77695948
77664165
77696444
77663632
77664479
77663757
77663952
77665159
77665271
77664755
78464066
78463954
78464307
78464299
78464224
77666428
77666169
77666060
77662695
77662877
77664315
77664766
78463829
78464223
77664082
77666512
77664791
77665882
77664348
77665452
77665287
77663741
77664527
77663833
77665194
78465703
77696299
77665287
77665278
77665313
77664399
77665864
77666679
77666249
77666182
78464038
78464201
78463931
77664216
77666318
77664603
77665718
77665917
77665884
77665953
77666077
77665894
78465562
78465552
78464953
78465032
77664774
77666876
77665155
77664847
77666230
78465046
78465644
77665958
77667031
77667180
77666415
77664942
77665001
77664934
77664942
77664940
77665026
78466058
78465892
78465010
77665085
77665324
77667002
77667107
77665135
78466122
78465370
78465599
78465133
77666157
77667296
77666975
77667141
77665141
78466122
77663795
77666167
77663205
77665207
77664457
78465836
77695452
77665684
78466330
78466207
78465364
77693777
78464786
78465141
77666038
77667385
77667050
77667029
77663504
77665132
77664675
77664248
78464943
78464899
78464312
78465200
77665719
77667271
77666210
77665461
78466202
78466012
78465469
78465389
78465565
78465507
78465459
78465538
77667777
77667614
77667820
77665687
77665590
77666831
77666902
77666294
78466930
78466111
78465886
78466262
78465804
78465903
77668121
77667848
77667491
77666063
78466996
78466141
78466759
78466205
78466501
78466152
78466022
77668240
77667977
77668124
77666298
78466842
78466651
77666358
77668409
77666526
77667542
77666096
78467104
78466211
78466125
78466241
78466134
78466037
77666772
77668935
77668476
77666490
78467498
78466639
78466588
78466121
77666174
77668405
77667955
77667946
77666346
78467368
78465185
78465127
77665625
77667276
77667132
77663810
77666685
77665136
77665346
77666830
77665673
77665694
77665209
77665780
77664485
77665834
77667010
77667022
77665063
77665211
77666048
77667263
77666081
77666531
77667442
77666348
77666278
77667595
77667492
77665472
78467268
78467151
78466765
78466750
78466972
78466867
78466615
77668884
77665461
77668698
77665629
77665971
77664551
77666897
77668135
77668167
77666997
77666920
78467901
77699157
77667806
77668399
77668287
78468030
77699686
77666928
77668138
77668732
77667259
78468363
78468097
78467103
77667266
77669392
77667427
77668584
77667272
78468283
78467485
78467701
78467260
78467385
77669487
77669172
77667746
77667175
78468197
78467432
78467652
78467320
78467064
78467029
77667662
77669073
77668827
77667143
78468154
78467450
78467766
78467345
78467163
78467093
77669260
77667545
77667139
78468198
78468185
78467276
78467218
77669538
77669214
77667009
77668233
77668020
77666409
78467307
77699140
77667613
77666297
78467322
77696624
77667473
77665584
77667231
77667599
77666167
78467679
78467753
78467329
78467196
77667064
77669292
77667519
77668409
77667097
77667129
78468049
78467927
78467191
77667167
77669443
77667362
77667274
78467445
78467257
78467147
77667594
77669071
77668594
77667111
77667160
78467901
78467678
78467307
78467211
77695576
78466587
78466461
77666399
77669305
77669379
77667190
78468012
78467811
78466971
77668162
77669280
77667110
77667665
78467654
78467477
78466752
77666505
77668884
77666950
77668374
77666843
78467939
78467622
78466944
77695744
78466108
78465790
77665810
77668212
77666210
77667394
77667020
78467840
78467854
78466902
77667577
77669042
77668742
77668574
77666854
78467869
78467070
78466916
78466803
77667271
77668809
77668631
77666969
78468138
78467351
78467495
78467184
77667173
77669302
77667333
77668439
77667151
77667183
78467703
78467382
78467138
77669339
77667659
77667262
77667171
77665528
77668801
77668578
77666950
77667184
77669061
77668683
77667278
78467822
78467991
78467339
78467052
77669270
77667405
77667039
77668017
77667666
77666194
78468276
78468044
78467241
78467129
77668191
77669364
77669292
77669031
77667422
78468454
78467515
78467838
78467609
78467669
78467310
77669514
77667775
77668978
78468543
78468407
78467471
78467658
77669832
77669562
77669103
77669090
77667826
78468858
78468548
78467885
78467707
77669939
77668755
78468992
78467989
78467934
77668736
77669998
77668708
77669364
78468372
78468102
77668032
77670118
77669569
78468503
78468252
77669215
77668655
77669698
77668266
78469233
78468369
78468562
77697099
78467755
78467505
78468475
77668155
77670295
77668625
77669641
78469259
78469174
78468259
78468382
77670665
77668834
77669922
78469750
78469522
78468510
78468520
77668937
77670492
77670750
78468719
78468742
78468252
78468362
77668531
77668805
77671144
77669886
77668335
78469449
78468472
78468473
78468355
77670673
77668746
77670019
78468811
78468927
78468311
77668647
77668760
77668723
77669808
77668550
78469456
78469211
78468469
77668447
77670603
77668851
77669929
77668500
77668320
77668441
78469248
78469221
77696774
78468167
78467809
77695687
78467571
77698400
77668865
78469176
77698348
77668659
78468651
77699113
77668994
78468835
78468737
77667618
77668548
77669926
77669261
77667328
77667397
77669991
77669590
78468446
78467996
77669143
77670270
78469934
78468891
77670017
77669238
77670462
78469407
78469396
78469043
78469142
78469237
78469163
77671381
77669588
77670805
77669394
78470458
78469617
78469735
78469649
78469434
77669902
77671403
77670182
77669730
78470820
78469905
78469756
77669406
77671887
77671689
77671185
77671169
77669758
78470753
78470668
78470157
78469985
77669940
77672015
77670249
77671453
77702738
77668475
77671012
77669907
77669394
77669429
78470315
78470307
78470418
78470439
78470431
78470280
77672447
77670657
77671850
77670552
78471635
78470629
78470683
77670570
77672729
77670957
77671918
78471705
78471572
78470675
78470548
77672817
77672557
77672833
77670642
78471725
78470956
78470872
78470754
78470786
78471044
78470746
77670592
77673114
77672848
77671464
77671123
78472022
78471275
78471064
78470910
77669864
77672104
77672376
77670414
77670452
78471371
78470363
78470490
77670317
77672560
77670873
77670598
78471538
77701782
77670577
78470654
78470627
78470072
78469847
77672167
77671846
77671678
77670108
78470580
78470270
78470099
77670166
77672213
77670968
77670259
77670189
77669969
77670508
77668826
77671288
77670689
78471205
78471183
78470489
78470649
78470461
78470379
77672567
77672246
77671992
77670446
78471474
78470607
78470524
77670425
77672431
77670665
77670477
77670482
78471391
78471395
77699195
78470126
78469477
77669493
77671701
77670349
77670548
77671828
78471632
78471363
78470526
77671622
77672842
77671135
77670660
77669467
77671908
77669962
78471089
78471808
78470890
78470999
78470910
77673230
77671317
77672553
77668776
77671605
77671216
77701670
77670421
78470798
78470466
78470363
77672581
77669092
77672602
77671429
78472400
78472160
78471587
78471520
78471590
78471643
77673847
77672078
77671757
78472700
78472383
78471553
77671606
77673848
77671788
77672972
77671547
78472562
78472453
78471790
78471742
77674018
77672071
77673231
77671885
78472879
78472692
78472014
78471851
77674264
77672429
77673619
77672310
78472901
78473018
78472432
78472389
78472398
78472146
77672253
77674553
77672883
77672333
78473263
78472962
77672533
77674745
77673014
77673985
78473509
78472639
78472669
78472566
77672925
77674549
77672361
77671861
77674051
78472006
78472416
78472280
77674614
77673175
77672690
77672409
78473288
78473029
77701015
78472105
78471312
77700905
77670142
77673519
78472509
78472171
78472150
78472409
77674771
77673019
77672779
78472937
78472484
78472330
78472550
77701411
78471997
77702129
77673415
78472861
78472442
77700821
77703468
77673581
78472999
78473173
77672961
77675114
77673481
77672937
78473996
78473962
78473036
78472896
77673394
77674919
77674986
77673031
78474087
78473901
78473251
78473090
78473042
77674243
77675409
77674065
77673326
78474256
78473861
78473479
78473538
78473415
78473329
77673776
77675640
77674008
77674993
78474603
78474145
78473569
77673585
77675885
77673924
77674999
77673673
78474719
78474447
78474007
78473738
78473716
77674075
77674032
77675219
77675186
77673826
78474760
78474385
78474065
78473856
77700508
78473825
78473224
77674180
77675493
77673714
77672457
77675142
77672150
77675304
77673160
78474741
77705546
77674683
78474220
77704762
77675421
77671984
77674916
77674173
78475218
77706276
77675438
77674083
77672716
77675417
77675460
77674756
77674200
77673475
77674796
78474463
77705193
77674913
77673457
78474329
78475253
77705507
77674980
77675321
77676538
77675846
77674316
77675423
77675983
77674363
78475514
77707340
77676566
77674285
78475091
77705576
77674695
77674263
77676311
77675895
77674348
77674872
77675653
77676034
78475495
78475139
77704613
77675388
77674802
77674337
77675367
78475982
77707176
77675820
77676566
77673540
77677093
77675820
78474756
78474696
78475212
78474997
77675160
77676176
77677091
77676895
77676708
78476375
78476239
78475552
77675480
77677852
77675573
77676890
77676871
77675501
78476534
78476384
78475689
78475683
77705211
77676140
78475842
78475776
78475819
77676744
77678006
77676367
77677263
78476937
78476713
78476051
77677023
77678285
77674892
77675932
77677933
77676750
78476301
77673992
77675715
77676147
77677380
77676184
77677278
77677770
78477563
78477406
78476429
77676606
77678783
77676860
77678184
77678028
78477689
78477294
78476668
78476640
77678981
77677376
77678371
78477617
78477483
78476819
78476873
77677604
77679069
77677273
77678316
78478044
78477806
78476950
77677211
77679197
77677267
77678492
77678572
77677311
77676992
77678072
77677773
77677869
78477305
78477257
78476582
78476467
77678699
77678389
77677983
77679021
78478719
78478412
78477625
77677653
77679731
77680217
77679012
77678976
78478248
78478010
78477663
78477462
77679833
77677968
77679128
78478720
78478068
78477921
78477899
77677929
77680052
77678256
77679248
77679318
78478920
78478719
78477925
78477570
77679997
77677533
77678850
77679777
77677504
77677102
77676043
77678733
77678647
77679192
78478720
77710642
77679213
77677728
77677127
77678437
78478967
77710316
77678749
77678726
77679085
77680093
77679667
77679668
77678131
77679501
77679490
77677092
77679370
77679910
78479428
77710328
77679192
78478626
78478435
77677596
77678994
77678192
77679287
77676488
77677580
77678637
78478063
77710189
77677923
77678792
77676732
77677587
77678870
78479404
78479289
78478394
78478512
77680713
77680488
77680169
77680129
77680120
77680128
77680211
78479807
78479383
78478817
78478828
77678851
77681028
77679307
77678845
78479993
78479816
78479168
78479125
78478978
78478886
77679231
77681738
77680495
77680499
78480037
78479722
78479379
78479514
78479163
77679178
77681331
77680100
77680783
78480338
78479792
78479259
78479159
77681479
77679395
77680576
78480192
78480083
78479630
78479475
78479223
77681564
77679483
77680787
77680846
77679108
77678493
77679818
77678176
77678296
77678573
77679945
78480011
78479802
77680525
77681793
77680773
77681105
77681161
78480712
78480627
78479862
78480124
78479879
77682046
77680133
77681270
78480883
78480702
78479906
77708410
78479490
77710430
77681248
78480752
78480902
77708526
77711882
77680954
77678653
77741350
77742771
77743663
77740764
77742907
77774038
77742279
78542426
78543218
77743054
77745252
77743058
77742140
77744524
77775325
77743917
77743372
77744546
77773424
78543848
78543231
77770831
78544014
77772029
78544049
78544399
78544045
78544377
77772992
78543522
78543387
77770566
78543370
77743088
77745505
77744183
77745472
77746364
77745701
77744103
77743581
77744218
77745450
77745708
78545173
78544357
78544284
78544120
77746440
77744431
77745700
77745732
78545036
78544444
78544529
78544294
78544122
77744590
77744307
77745659
77745776
78545334
78543747
77744618
77746083
77744461
77745507
78545093
78544344
78544245
77744184
77746310
77746179
77745499
78545186
78545081
78544353
78544216
77746536
77744424
77745574
78545190
78544982
78543928
77745104
77746315
77744693
77745524
77745511
77745594
78545063
78544399
78544740
78544006
77745194
77746240
77744465
77744095
78545199
77775033
78545069
77775227
78545132
78544567
77744354
77746517
77746533
77744281
77743928
77743527
77744205
77743815
78544444
78544852
78544531
78544565
77746964
77744944
77746070
78545665
78545166
78544658
78544677
77745717
77746886
77745251
77744789
78545787
78545368
77773306
78544297
78543945
77744711
77746278
77744818
77745981
77743980
77744569
77746293
78545696
77776990
77746339
77777651
77745507
77743027
77746422
77745974
78545545
77775478
77746951
78546066
78546030
77773402
78545817
77776097
77746061
78545476
77775446
77746553
78546180
78546095
77774032
78545470
78545936
77747021
77748334
77744673
77747840
77748260
77747597
77747731
77747674
78547553
78547131
78546376
78546275
77748613
77744822
77746437
77747754
78547253
78546794
77774301
78547243
78546812
77774225
78546188
77777215
77747246
78546900
78547312
78546917
78546709
77748999
77747000
77748174
77748134
77746509
77747157
77747637
77747269
77748356
78547701
77778061
77747647
78547284
78547680
78547018
77747125
77749380
77747974
77748675
77747254
77746894
77746508
77747521
77748462
77748430
77748253
78547944
78547781
78547916
78547793
77749983
77748070
77749220
78548997
78547157
77747187
77749497
77749559
77748931
78548608
78547582
77747616
77749372
77748973
78547744
78547480
77747611
77747620
77748762
77748200
77745884
77747524
77779773
77749036
78548105
78547723
77748887
77747786
77745691
77747141
77748493
78547171
78547119
77747217
77748500
77749516
78548271
78548200
78548086
77750301
77748703
77749647
78548820
78548364
77749354
77750496
77749872
78548763
78548674
77748384
77750585
77749985
78549321
78548680
77748695
77750643
77747327
77747445
77748868
77748865
77748843
78549327
78548390
77750305
77749180
77750188
77750642
78549613
78549234
77750213
77751413
77750730
78549589
78549210
77776233
78548607
77749547
77748683
77750778
77781783
77748428
77749188
77749542
77749676
77749112
77749916
77751571
77749060
78549490
78550209
77750982
77752127
77751537
78550986
78550349
77750383
77752399
77752133
78551292
78550369
77750450
77752285
77751986
77782405
77751147
77780818
77751150
78550061
78550868
77751791
77751834
77750593
77750676
77751797
77750771
77752279
77750968
78551294
77781275
78551100
78550354
77752107
77753215
77751148
77750967
77751857
78551728
77781616
78550914
78550794
77751631
77752827
77751599
77751009
77749541
77752864
78552451
78551787
77753060
77754179
77753418
78552600
78552186
77753146
77754035
77753743
78552911
77782443
77752613
78551550
78551396
77750787
77750882
77751433
77752504
78551225
78551044
77752167
77753240
77751961
77752271
77752025
77753338
78552119
78552317
77753148
77754335
77753927
77752306
78552778
78552468
77753022
77754314
77753674
78553096
78552224
77753213
77754262
77753816
78553435
78552256
77753366
77753623
77751143
77751464
78551458
78550800
77751661
77752731
77750199
77751792
77751126
77752396
78551370
78551007
77778723
77781787
78551977
78551259
77751197
77753093
77752589
78551648
78551955
77751376
77753451
77753174
77752978
78552017
78551613
77752294
77753617
77752984
78552780
78552811
77752535
77754784
77754666
78553591
78552834
77752722
77754752
77754255
78553615
78552845
77753709
77753427
77752917
77752381
77753069
77752530
77754517
78553451
77783136
78552911
78552425
77780638
78553297
77752669
77754867
77754707
77753455
77754067
77755125
78553862
78553803
77754747
77754016
77755162
78554368
78553904
77753576
77754863
77755263
78554677
78553741
77754822
77756036
77755415
78554540
78553794
77754770
77756032
77755735
78554783
78553700
77753716
77755773
77755423
78554823
78553798
77753564
77755720
77754959
78554207
78553540
77753556
77755404
77754941
78553983
78553450
77753452
77755731
77755231
78554535
78553836
77754500
77755624
77754836
78554266
78553444
77754199
77755619
77754831
78554245
78553551
77754361
77755677
77754841
78554365
78553518
77754534
77755604
77755582
77753454
77753853
77753569
77752372
77753306
77754675
78553841
78553281
77754093
77756096
77755646
78555033
78554049
77754140
77756293
77754011
77753923
77754843
78553479
78553471
77753384
77755582
77755061
78554296
78553413
77754464
77755483
77755180
78554424
78553905
77781259
78554579
77754416
77754549
77755853
78555146
77785243
77785892
77755214
78554036
78554749
77755787
77756864
77756216
77785822
77754063
77785866
77755502
78554360
78553898
77753570
77753235
77754422
78554740
78554392
77754446
77756428
77756506
78555612
78554671
77755618
77757338
77754733
78554922
78554651
77781873
78554202
77755074
77754127
77755362
78555742
78555074
77782603
78554299
77754058
77755427
77756347
78555574
78555110
77754929
77757236
77756602
78555978
78555231
77756279
77757472
77756944
78556594
78555778
77755334
77757709
77756867
78556226
78555686
77755550
77757727
77757275
78556532
78555749
77755895
77758028
77757903
77757217
78556252
78556039
77756002
77758128
77757374
78556969
78556188
77757071
77758185
77757500
78556932
78556519
77757214
77758332
77758228
77757716
78556646
78556355
77756518
77758569
77757299
77757816
78557112
78556536
77757465
77758641
77758547
77756571
78556640
78556703
77756553
77758720
77756247
77756456
77755602
77756337
77757743
78556633
77785169
78556723
78556638
77757576
77758450
77758011
78557371
78556734
77757735
77758976
77758412
77758178
78557213
78556853
77757693
77759033
77758915
78557840
78557278
78556818
77759108
77759178
77758416
78557613
78556932
77757956
77757895
77758515
78557878
78557969
78557092
77759433
77759267
77758656
78557988
78557309
77757324
77759405
77758760
78558250
78557502
77757257
77759383
77759423
77757461
78557633
78557522
77757255
77759459
77758934
78558355
78557729
77757552
77759671
77758900
78558428
78557973
77758554
77759573
77759093
78558504
78558149
77784581
78556653
77757083
77759212
77758705
78557809
77788470
77757122
77758453
78555674
78556438
77756124
77758683
77755556
77756840
77757399
78556095
77785165
78555933
77784661
78556958
77786765
78557943
78557046
77758134
77759049
77758078
77759234
78558186
78557579
77757430
77759460
77757424
77757921
77759145
77790528
77758362
78557367
78556992
77756944
77756849
77758186
78559104
78558018
78558241
77759162
77759494
77758843
78559296
78558915
77787415
78558775
77787394
78558897
78558452
77758302
77760731
77760286
77758724
78559302
78558830
77759868
77760927
77760468
78559827
78559398
77758766
77761176
77760778
77760635
78560094
77789791
78559273
78558444
77786198
78558659
77789133
78559572
78559313
77760412
77760503
77760841
77758178
77761453
78560443
77790414
77757505
77759297
77761434
78560241
78559919
77760865
77762099
77759869
77759976
77759224
77760074
77761371
77792234
77761346
78561444
78560653
77760408
77762438
77760245
77759938
77760872
78559965
78560438
77760556
77762419
77761979
78560547
78560502
77760518
77762623
77762639
77762096
78561073
78561067
78560655
77762870
77762749
77762134
78561710
78561150
77761777
77762946
77762291
78561771
77791465
78561030
78560111
77760931
77760967
78560593
77762841
77762259
78561677
78560869
77787907
78561316
77762046
77762985
77762631
78561656
77792347
78561214
78560254
77760385
77762281
77761084
77760678
77761223
77760752
77793472
77761134
77762201
78561524
77789969
78561577
78560625
77760866
77762615
77763059
78562328
78561763
77762650
77762882
77763292
77794858
77763320
78562055
78561207
77762261
77763355
77764182
77763489
77760979
77762920
78562139
78561500
77761475
77762358
77761657
77760653
77763195
77793155
77762971
78562166
78561119
77762079
77763197
77761873
77761481
77759941
77763383
78563300
78563117
77791696
78561902
77791187
78562469
78561773
77762763
77764599
77761733
77762831
77762320
77763582
78563032
78562502
77762465
77764475
77765435
77764830
78563757
78563408
77763399
77765647
77764931
78564280
78563858
77764645
77764837
77765183
78564709
78564150
77763765
77765682
77765250
78564537
78564012
77764967
77766157
77765591
77765452
77796428
77764270
77795414
77765253
78563929
78564047
77764841
77765989
77765417
78564917
78563940
77765052
77766256
77765464
78564775
78564914
77764354
77766459
77766338
78565515
78564669
77765432
77766550
77766381
77765971
78565496
78564909
78564610
77766972
77766686
77766099
78565446
78565006
77764942
77767161
77766958
78565883
78565796
78564857
77767126
77767084
77766377
78565320
78564928
77765795
77766028
77766746
78566187
78565608
77766182
77767300
77767306
77766647
78565795
78565217
77765315
77767225
77766885
78565597
78565307
77766368
77767537
77766227
77766695
77798109
77765007
77764580
77764366
78565757
78565534
77765475
77767677
77767443
77765789
78566001
78565554
77765401
77767752
77767293
78566754
78566250
78565837
77767990
77766409
77767244
78566455
78566023
77766969
77768107
77767586
78567127
78566234
77767310
77768028
77767514
78566822
77796395
78567170
78566212
77793689
78566293
78565318
77767652
77766303
77766870
77767814
78566747
77795747
78566079
78565696
77766771
77767793
77767428
77798475
77767609
78566872
78566210
77793071
78565836
77793093
78566635
77765991
77766562
77765101
77767644
77764320
77767848
77797616
77767353
77798945
77768231
78567258
78567605
77767327
77769453
77768829
78568397
78568219
78567456
77767395
77769476
77768787
78568503
78567592
77767470
77769623
77769355
77767532
78568387
78567484
77767678
77767736
77767736
78568064
78567613
77767776
77769755
77769795
77767870
78568544
78567789
77767882
77769802
77769466
78569061
78568028
77767943
77769086
77769633
78568917
78568060
77767986
77770115
77768910
77768161
77799763
77766585
77798282
77799442
77768237
78567091
78567800
77767829
77768016
77768110
77768124
77800930
77768687
78568582
78568212
77769263
77770857
77767032
77768523
78568234
78567400
77768379
77768617
77768455
78568571
78568680
77769435
77770522
77770134
78569392
78568515
77769465
77770483
77770119
78569642
78568799
77768451
77770629
77769441
77769934
78569110
78568995
77768818
77770458
77769903
78568945
78568659
77768663
77770601
77770042
78569603
78568959
77768622
77770778
77769246
78569774
78568958
77768846
77770965
77770300
78569811
78569367
77769742
77771258
77771137
77769171
78569554
78569069
77769149
77771021
77770657
78569360
78569248
77769213
77771376
77770643
78570043
78569428
77769366
77771447
77767002
77769082
77769565
78569543
78569315
77769321
77771399
77769206
77770510
77769448
77770656
77769423
77769553
77769561
77770583
77770243
77767552
77770914
77768952
77769442
77771528
78571219
77802150
77770622
77768098
77771503
77771893
78570970
78570392
77771279
77772465
77772372
77770009
77769640
77770878
77801975
77771363
77770850
78568965
78569135
77769121
77771114
77770682
78570086
78570530
78570041
77772280
77772306
77771701
78571372
77800884
77770753
77768108
77771417
77770836
78570480
77798070
78570351
77800780
77770635
77770654
77802448
77772056
78570773
78570795
77771607
77772786
77772179
77770728
77772062
77772381
78571365
78570975
77772005
77773174
77772725
78572313
78571212
77770882
77773360
77772942
78572486
78571886
77771098
77771751
77772832
78572256
78571941
77771541
77773561
77772930
78572407
78571871
77771469
77773636
77773531
77773083
78572328
78571514
77771728
77773749
77773833
77773187
78572095
78571836
77772905
77773862
77773980
77772052
78572868
78572161
77772113
77774201
77773574
78573193
78572290
77773151
77773316
77773586
78573171
78572936
78572202
77774339
77770712
77771618
77772640
77803060
77771186
78572643
78572165
77772156
77774230
77772216
77772565
77772441
77772151
77774145
78573175
78572723
77772753
77773039
77772569
77771889
77772722
77772895
77773329
78572703
78572164
77772791
77772794
77774771
77773531
78572704
78572285
77773968
77774089
77774841
77774637
78574136
78573615
77774054
77775468
77775384
77774643
78573898
78573333
77774258
77775407
77775081
77774788
78573943
78573844
77773254
77775623
77775218
77775020
78574470
78573713
77774380
77775773
77775078
78574813
77805710
77774325
77771866
77774477
77804790
78574271
77801176
78573810
77802928
77804577
77774655
77806182
77774716
78573698
77802567
78573609
78573605
77773674
77775704
77774988
77773000
77776029
78575043
78574624
77775042
77776369
77776182
77805758
77774878
78574144
77804307
77775615
78575063
77803261
78574375
78573842
77773519
77774214
77775338
77773845
78574156
78574922
77775697
77777010
77774812
77774543
77774809
77776052
77776405
77776597
78575777
78575404
78575154
77777525
77777449
77776819
78576111
78575597
77776775
77777481
77777239
78576673
78576520
78575761
77776584
77777571
77777040
78576120
78575720
77775773
77777188
77777387
78576860
78576351
77777039
77778136
77777372
78576898
78576154
77777205
77778221
77778335
77777901
78576682
78576533
77777560
77778576
77778554
77777888
78577000
78576381
77777394
77778730
77778466
77777813
78577174
78576781
77777431
77778686
77778162
78577531
78577203
78576580
77778870
77777590
77778134
78577385
78576691
77803896
78575841
77802915
78575405
77777682
77777629
77777150
77807773
77777272
78575978
78575802
77776891
77777100
77777323
78577364
78576748
77777901
77779076
77778524
78577942
78576955
77776956
77778932
77778797
77776914
78577050
78576975
77777852
77778242
77778407
78577651
78577084
77777284
77776868
77778833
77777622
78577554
78577456
77804125
78576702
77776989
77778460
77776099
77776529
77778827
78577911
78577498
77778343
77779489
77779521
77777445
78577986
78577341
77778504
77779475
77777228
77777270
77776518
77776567
78577945
77805969
78577834
78577491
77777943
77776685
77778971
77775636
77776826
77777706
77777073
78577276
78577759
77804253
77807357
78577694
78577360
77777884
77779157
77780125
77810609
77778974
78578160
78577490
77805414
78577696
77777750
77779499
77776562
77778165
77780201
78579459
77806618
78578626
77777678
77777207
77776830
77808820
77778358
78577868
77805244
78577155
78577434
77776865
77779302
77779031
78578356
78577534
77777228
77779391
77780174
77778266
78578936
78578668
77779362
77780247
77779972
78579015
78578702
77805225
78577823
77777708
77778263
77777759
77779146
77776930
77778380
78579462
77807677
78578633
78578662
77779673
77780760
77780543
78580850
78580175
77779755
77781881
77781781
77779825
78580344
78579941
77780036
77782258
77782269
77780092
78580201
78580033
77781081
77782285
77782372
77780177
78580252
78580129
77780993
77781929
77780030
78580224
78580264
77780203
77782380
77782228
77780258
78580381
78580386
77780050
77782199
77780490
78580727
78580832
77781538
77781846
77782090
77780593
78580986
78580983
78580595
77782878
77782918
78581245
78580858
77780721
77783001
77782760
77780955
78581164
78581098
78580844
77783062
77782879
77813104
77781125
78580319
78579662
77779539
77781405
77781852
78581482
78580762
77780678
77782605
77782210
77780692
78581270
78580888
77780725
77782779
77782794
77780756
78581516
78580997
77781749
77782864
77782263
77813281
77780820
78580718
78580557
77780715
77782745
77780501
77780239
77779954
78580086
77808522
77811519
77781334
78581342
78580968
77781056
77783216
77782538
77781068
78581704
78581080
77780860
77782914
77782211
78581851
78581502
78580845
77783114
77783113
77781215
78581639
78581117
77782157
77783404
77782736
78582332
78581432
77782269
77782547
77782749
78582274
78581893
77781222
77780917
77780609
78580988
78580711
77781684
77783324
77782272
78581974
78581508
77782096
77783378
77782552
78582143
78581272
77782262
77783305
77783122
78582379
78582030
77782320
77783561
77783549
77781597
78581616
78581478
77782586
77783475
77783053
78582386
78581902
77781738
77781280
77782200
77813352
77781307
77781063
77780658
78580881
78580532
77781419
77782486
77783493
77781674
78581532
78581407
77781563
77783302
77783156
77781339
78581841
78581452
77782492
77783669
77783626
78582486
78581985
77782513
77783617
77783704
77781802
78581827
78581716
77782717
77783856
77783826
77782064
78582493
78582062
77782809
77783138
77783204
78582809
78582087
77783061
77784077
77784007
77781839
78582126
78582055
77781968
77783998
77783761
78583236
78582747
78582332
77784469
77781999
78582002
77784033
77782048
77782126
77782163
77782229
77783714
78583546
78582820
77783388
77784533
77781437
77782056
77782768
77783286
77782951
78582947
78582977
77782854
77784143
77784246
78583608
78582875
77783956
77785087
77785059
77781476
77782069
77782864
77782503
77813272
77783769
78582886
78583297
77783471
77785511
77784983
77816492
77784875
78583947
78583084
77784672
77786008
77785846
77783915
78584104
78584196
77784523
77785076
77785299
77783826
78584134
78583686
77784734
77785944
77785241
78584977
78584339
78583968
77786302
77784995
77784187
78584307
78584387
77785259
77786479
77785841
78585238
78584961
78584277
77786648
77786229
78585439
78584738
77784501
77786558
77785940
78585454
78583602
77784697
77785995
77785618
77784014
78584741
78584304
77785253
77786432
77785736
78585326
78584531
77785534
77786710
77785963
78585035
78584657
77785845
77786912
77784310
77783692
77783577
78584059
78583676
77784539
77785670
77785895
78585583
78584970
77784520
77786790
77785414
77784750
78584809
78584876
77785747
77786811
77786799
77785008
78585555
78584987
77785984
77786983
77786242
78585487
78585201
77786127
77787259
77786902
78586202
78585691
77785285
77787258
77787502
77785567
78585718
78585241
77785548
77785886
77785380
78585522
78585256
77785272
77785518
77786691
78585764
78585401
77785263
77787936
77785205
78585555
78585315
77786216
77787433
77787312
77785413
78585563
78585373
77785208
77787494
77787332
77818281
77785756
77816910
77785506
78584688
78584484
77785356
77786436
77784961
77786442
77784277
78585309
78585131
77785256
77787310
77787119
77783961
77784313
77786676
78585532
77813909
78586526
77815109
78584914
78584934
77812758
78584960
77784976
77787915
77787422
78586797
77816126
78585895
78585214
77787059
77788277
77786035
77788045
77786827
78585856
78585404
77785499
77787676
77787449
77787734
78586937
78586490
77787440
77788681
77788496
77787918
78587265
78586737
77786689
77788903
77788854
77788099
78587424
78586832
77786771
77787876
77788266
78587094
78587070
77787980
77788951
77786959
78587099
78587067
77787942
77788919
77788394
78587056
78587005
77787979
77788867
77788438
78587436
78587155
77787100
77787141
77786851
77785134
77788458
78585714
78585647
77812385
78586279
77785733
77787961
77787426
77818175
77787432
77819139
77787577
78587346
78587361
77787353
77788171
77789477
77789069
77820279
77788423
77788016
77819196
77788104
78587171
78586781
77786722
77785409
77787852
77789026
77820591
77789498
78588973
77817157
78587758
78587237
77787809
77790058
77790071
77789425
78589175
77818868
78589249
77818591
77787582
78587613
78587762
78587446
77789712
77789711
77789743
78589129
78588270
77789361
77790602
77790454
77789843
78588803
78588315
77788392
77790569
77790496
77789846
77821004
77788542
77819977
77788918
78588340
78587761
77787740
77789704
77789341
77787628
78588420
78588111
78588527
77790745
77790774
77788712
78589400
78588821
77788749
77790926
77789565
77788767
78589308
78588711
77788765
77790867
77790838
77788851
78589259
78588900
77788878
77791004
77790521
77788870
77821160
77788006
78589379
78589427
77789230
77791356
77786957
77788818
77789182
77790400
77821263
77788277
77790217
77788134
77789539
77788662
77791022
77789774
78590543
78589944
77790802
77792145
77790441
77789979
78590696
78590227
77791078
77792145
77792059
78591076
77821218
77790601
77822104
77790675
78589568
78589467
77789473
77791647
77792419
77790344
78590839
78590445
77791384
77792523
77792490
77791817
78591068
78590521
77791494
77792663
77792460
77791938
77823455
77791096
78590254
77820830
78589965
78589816
77790945
77792692
77792143
78591783
78591231
78590627
77792845
77792700
77792143
78591664
78590805
77791849
77793015
77792791
77792139
78591609
78590880
77790450
77790380
77791747
78591022
78590714
77791501
77792763
77792594
77791999
78591162
78590755
78590700
77793041
77792072
77790475
77790856
77792125
77822514
77791248
78590254
77818742
78590552
78590526
77790017
77792273
77791872
77791012
77791230
77791789
77823269
77791215
77792437
78591337
78590713
77818297
78590682
77819108
78591288
78590823
77791793
77792822
77793266
78592690
78592517
77792614
77792967
77793046
78592836
78592317
77792709
77793854
77793757
77793029
78592449
78591811
78591651
77792235
77793676
77791431
77792439
77789639
77791812
77791696
77793000
78591938
78591809
77820557
78592104
78592108
77792881
77794173
77792143
77793306
77792905
77791023
77794255
77793339
78592815
77822684
77791282
77789946
77792948
78593076
78592317
77792077
77794329
77793808
77793637
78592922
78592320
77793293
77794390
77793879
78593279
78593144
78592243
77794512
77794528
77793684
78592956
78592469
77793343
77794533
77794412
77793756
78593359
78593068
77792476
77794701
77794481
77793945
78593732
78593183
78592453
77794773
77794697
77794068
78593468
78592716
77792617
77794787
77794287
77792923
78593347
78592800
77793704
77794828
77794280
78593790
78593371
77792856
77795084
77794998
77793073
78593579
78592816
77792880
77794817
77794385
78593824
78593305
77819024
78592188
77792036
77792843
77792163
77793521
78592946
78593230
77794254
77795386
77794895
77794769
78594481
78594294
77821677
77824996
77794085
78592825
77822273
78594534
78594140
77794443
77794890
77793768
77793192
77791706
77795003
78595064
78594222
77792624
77794831
77793092
77792901
77793588
78593753
77823774
78593238
78592808
78593338
77795802
77794019
77793650
77793327
77794247
77825245
77792376
77793403
77792976
78593611
78593045
77793203
77795452
77795310
77793337
78594483
78594194
77794109
77796307
77795762
78595203
78594966
78594133
77796351
77795051
77795635
78595391
78594899
78594044
77796364
77795607
77794561
78594907
78594784
77795598
77796764
77796646
77793203
77795026
77794715
78595314
78594938
77794809
77796805
77795255
77794845
78595380
78594745
77795794
77797460
77796179
78595536
78594674
77795865
77796870
77796421
77794923
78595227
78594560
77794685
77796790
77796720
77794696
78595363
78594685
77795723
77796837
77796316
77794973
78595479
78595060
77795949
77797241
77796252
77795267
78595781
78595151
77794794
77797259
77794787
77794374
77794033
77826509
77794308
78595475
78595184
77795264
77797339
77795098
77796285
77827298
77796083
78596332
77824988
78595096
78594677
77795603
77796625
77796309
78596613
78596032
77795801
77797876
77797806
77795536
78595754
78595731
77796635
77797771
77797827
77795543
78596141
78595602
77796751
77797667
77797187
78596790
78596096
77796904
77798033
77796794
77796007
78596473
78595838
77797028
77798142
77797704
78597152
78596655
77796116
77798358
77798332
77796212
78596650
78596568
77797324
77798524
77797870
77796468
78596615
78596364
77796354
77798340
77797818
78597089
78596633
77796412
77798493
77797179
77796591
78596906
78595738
77796848
77798116
77798093
77829106
77798008
78597144
77826230
77828300
77797463
77828436
77794984
77796415
78596062
77826940
78597253
78596360
77796388
77796436
77798258
77796609
77798019
77795871
78596535
77825191
78596305
78595983
77796824
77798980
77798880
77796869
78597109
78596831
77797845
77799021
77798705
78597771
78596789
77797807
77798671
77798140
77829574
77798406
77828277
77797310
78596401
78597240
77797104
77799281
77799115
77798528
78597854
78597366
77797292
77799442
77796009
77798093
78598338
78597587
77798573
77799732
77797614
77798721
77830799
77799956
78598932
78598458
78597947
77800216
77800362
77799566
78598978
78598055
77798251
77800318
77800498
77799877
77830404
77798292
77797795
77797380
77799110
78598190
78598562
77798583
77800695
77800738
77799900
78599392
78599053
77798603
77800633
77800107
77800218
78599291
78598988
77798636
77801006
77800847
77799042
78599549
78598999
77800323
77801366
77800958
77800702
77797909
77800052
77797922
77799981
77797640
77799992
77800865
77832354
77799921
78598929
78598260
77800241
77801560
77799408
77801412
77801034
78600182
78599680
77800528
77801884
77801927
77801354
78600818
78600372
77800233
77802253
77802026
77801418
78600857
78600715
78600111
77802380
77802458
77801730
78601347
78600705
77801370
77802539
77802510
77800493
78600757
78600656
77801681
77802703
77802127
78601666
78600742
77801783
77803045
77802001
77800903
78601516
78600989
77801975
77803072
77802722
77801132
78601383
78601109
77802166
77803326
77803075
77801198
78601460
78600022
77802495
77802571
78601756
78601573
77800996
77803043
77801333
77801073
78601435
77831091
77832992
77802111
78602050
77831756
77801715
77833089
77801786
78601348
78600730
77829259
78601218
77830646
78601987
78601663
77801754
77803805
77801676
77803635
77801256
78602187
78602479
77829865
78601447
78601426
77828842
78601558
77802213
77804282
77804191
77802095
78602502
78602034
77802013
77804289
77803289
77802363
78603111
78602507
77803167
77804347
77804307
77802355
78602659
78602406
77803355
77804401
77803907
77802427
77833680
77803222
78601965
77832391
78602732
77831879
77832121
78604237
78603901
77803789
77805901
77805325
78604902
78604114
77831399
78603524
77804260
77804503
77804927
78604474
78603868
77804412
77805697
77805713
77803528
78604072
78603734
77804505
77805471
77804834
78604248
78603504
77804593
77805519
77805891
78605339
78604883
77805626
77806881
77806863
77804890
78605110
78604806
77805894
77806973
77806394
78605706
78605187
78604826
77807095
77806899
77804902
78605473
78604895
77805944
77807113
77807057
77804931
78605571
78605480
78604924
77807244
77807195
77805113
78605503
78605073
77804897
77807320
77807213
77805275
78605771
78605376
77805112
77807406
77806509
77805432
77836738
77805619
78604544
78605357
77806432
77807594
77807193
78606579
78605589
77806461
77807630
77807088
78606482
78605909
77805407
77807598
77807638
77805604
78606155
78605682
77805541
77807557
77807043
78606713
78606286
77805683
77807823
77807753
77805801
78605671
78605340
77806069
77807296
77807304
77805379
77803970
77805428
77805116
78605416
78605010
77806023
77807372
77807073
78606490
78605993
77806303
77807628
77807058
78606509
78606076
78605551
77807929
77807719
77805835
78606035
78605922
77805837
77808059
77808098
77805954
78606409
78606002
77805703
77808099
77807967
78606988
78606463
78605902
77833835
78606054
77806319
77808350
77804809
77807250
77807009
78606294
77835796
77806995
77838522
77807340
78606700
78606643
77806696
77808822
77808759
78607677
78607349
78606617
77809009
77808830
77806741
78607237
78606772
77807676
77808612
77806767
78607066
78606983
77807784
77808864
77808614
78608017
78606879
77807890
77808815
77838929
77807477
78606803
78606235
77807072
77808376
77806191
77806944
77806459
77839262
77807905
78607364
78606850
77834355
78607659
78607491
77809897
77809762
77807796
78608097
78607742
77808799
77809944
77809484
78609103
78608587
77808029
77810172
77809981
77807996
78608372
78608069
77808100
77810188
77810141
77807991
78608404
78608204
78607967
77810315
77808878
77808101
78609102
78609027
78607929
77810300
77809403
77808206
78608552
77839092
78608044
78607672
77835000
77838419
77808761
77840291
77809006
78607656
77838591
77806248
77808651
77807601
78607967
77839339
77810084
77841242
77807798
77840480
77809397
78609213
77837875
78608258
78609123
77809969
77811145
77808924
77808504
77808291
78608328
78608584
77809490
77810594
77810568
77808384
78609278
78608779
77808537
77810749
77810628
77809347
77808904
77808381
78608575
78607797
77810179
77810031
77809399
78608951
78608762
78608054
77810395
77808883
77808556
77808156
78608720
77839659
77810669
78610105
78609360
77837137
77839587
77809949
77841967
77810117
78608920
78609636
77809804
77810896
77811207
78610631
78609837
77809865
77812076
77811630
77810057
78610264
77839874
77809286
78610583
78610147
77837790
78610072
77810515
77811274
77810902
77842381
77809884
77809545
78610047
78610648
77838773
77840962
78611058
77838601
77839460
78610236
78610326
77811234
77812294
77811772
77842949
77812427
78611448
77839233
78610799
77841673
77812833
77843678
77811641
78612042
78611784
77811923
77814049
77810704
77812141
77811794
77811938
77811258
77810981
77812500
77811333
78612864
78612324
77812464
77810268
77812663
77811521
77842692
77812403
77844544
77813051
78612091
78612741
77812869
77813533
77814299
77845706
77813468
78613669
78613204
77812824
77815015
77813506
77813058
78613448
78613010
77814061
77815302
77815047
77813290
78613178
78613183
77813122
77815227
77814758
78613886
78613331
77814406
77815271
77814917
78614721
78613995
78613576
77815794
77814897
77813779
78614585
78613919
77814954
77816072
77815287
78614457
78613855
77814665
77816071
77815998
78615064
78614747
77814257
77816359
77815342
77814300
78614967
78614221
77814251
77816356
77816375
77815853
78615025
78614804
77814429
77816613
77816471
77814458
78614689
78614452
77814381
77816534
77812067
77815457
77813307
78613782
78613444
77814057
77815255
77813335
78613634
78614738
77814209
77816500
77816344
78615518
78614849
77815343
77816317
78614689
78614443
77814917
77816249
77815052
77814558
77846772
77847083
77815056
78615256
78614626
77814607
77816760
77814535
77815313
77816049
78615511
78615096
77842869
78614713
77841285
77845238
77815454
78615194
77845764
78615189
77846600
77815734
78614968
78614632
77815790
77816791
77817246
77815696
78616451
78615899
77816881
77817975
77817905
77815956
78616503
78615984
77816957
77818096
77817831
77815834
78616778
77847591
77814823
78616345
78616021
77843747
78615882
78615186
77842164
78615044
77843162
78615459
77816185
77818140
77817889
78617299
78616796
78616245
77816210
77818411
77817507
77816218
78616837
78616540
77816319
77818517
77818461
77816392
78617273
78616790
77817519
77818548
77817084
77816581
78617108
78616675
77817550
77818654
77818281
77816595
78617210
78616635
77817755
77817780
77818833
77816595
77814541
77817358
78616959
77846969
77848807
77817531
77847475
77817018
78617631
78617301
77818060
77819280
77817203
77818229
77817199
77817853
78617471
78617918
77846312
78617854
77845208
77846731
77849653
77818059
78616815
78617754
77844953
78617444
78617880
77820098
77820124
77851198
77819486
77849974
77819690
77850767
77818997
78618614
77818438
77817566
77820396
77818708
78619204
78618576
77819590
77820625
77820210
77818866
78619291
78618566
77818830
77820840
77820756
77818735
77851317
77818950
78618102
78618284
77818402
77820570
77820246
77818321
78618858
78618382
77819508
77820561
77818297
77816213
77818561
78618684
77848548
77817516
77849434
77817734
78618086
78617774
77818972
77819854
77819587
77818900
77818928
78619094
77848336
78618897
78618415
77819955
77821182
77821067
78618271
78618133
77818187
77820415
77819142
77818321
78619036
78618545
78618379
77820583
77818458
77818537
77818811
77817971
77818780
78619311
77850239
77820346
78620181
77851011
77820589
78619745
77849187
78619598
78619861
77820654
77820751
77821128
77818466
77819414
77818757
78619160
78618967
77819747
77820598
77820159
78620176
77849259
78620635
77820746
77822066
77821911
77852159
77821078
77852156
77820748
78619807
77848599
78619924
77819399
77820410
77820477
77819806
78620788
78620891
77849046
78620835
78621002
77820553
77822962
77820809
77821948
77821975
77819575
77821082
77821348
78621376
78621021
77820827
77822806
77822299
78621867
78621291
77820902
77822980
77822931
77820910
78621502
78620993
77822132
77823250
77823269
77821307
78621977
78621494
77822478
77823551
77823550
78621894
78621707
78621381
77823715
77821419
77821099
77821917
77853324
77819338
77821049
77821972
78621458
78621511
77822512
77823753
77823707
77821629
78622066
78621762
77849211
78621657
77821974
77823068
77823378
77854683
77823223
78622070
78622210
77848539
78621657
78622574
77822234
77824387
77824348
77822303
78622742
78622287
77823093
77824644
77824707
77822508
78623097
78622595
77823243
77824671
77824502
77822409
78622454
78622485
77823464
77824561
77824005
78623224
78622520
77822486
77824287
77822397
78622787
78622736
77823435
77824553
77824134
77855248
77822890
78622383
78621645
77821186
77823547
77823032
77854606
77822825
78621904
77850793
78622926
78622611
77822624
77824801
77824731
77822779
78623397
78622728
77823680
77824921
77824947
78622362
78622292
77823405
77824676
77824746
77822704
77855407
77824088
77854318
77823341
78622261
77850880
78622792
77852731
78623266
78622535
77850066
77853550
77823997
78623600
77850741
78622866
78623641
77823555
77825752
77825046
78624523
78624027
77823629
77826045
77824414
77823699
78624267
78623940
77824812
77826118
77823808
77823577
77855705
77824491
78623440
78623038
77824086
77823941
77824903
77824314
78624884
78624359
78623766
77826104
77824575
77823992
78624584
78624256
77850371
78623619
77823238
77824147
77825278
77823392
78623803
78624426
77825453
77826759
77825964
77824795
78625174
78624686
77824664
77826841
77826494
77824857
77856246
77825263
78625012
78624864
77851652
78624200
77851643
78624366
77852370
78624464
77825282
77825423
77824021
77825666
77857265
77826056
78625050
77854436
78625159
78624864
77824827
77826932
77827239
77825735
78626273
78625924
77826845
77827993
77827899
77825810
78626313
78625850
77826765
77827975
77827331
77826025
78626658
78626426
78626063
77827029
77828160
77827690
78627159
78626694
78626358
77826104
77828148
77827818
78627338
77857750
77857992
77826636
78625370
78626699
77826234
77826146
77827335
77824302
77827500
78627243
78626805
77826670
77828906
77828214
78627314
78626940
77827591
77828909
77828268
78627897
78627532
77854481
78626925
78625861
77828130
77826755
77826239
77826859
78627249
78626937
77853004
78627081
77827677
77828456
77828051
78627567
77856697
78626459
77854513
78626458
78626239
77826967
77828504
77828260
77825799
77828447
77826464
78627103
78626596
77827460
77828605
77828532
77826543
78627272
78625804
77826130
77828348
77826922
77828282
77828538
77859077
77826334
78627597
78627361
77827425
77829588
77828623
77827413
78627573
78627577
77828515
77829548
77829290
77827795
78627957
78627610
77827576
77828555
77828842
77827608
78628039
78627781
77827576
77829798
77829816
77827830
78628206
78627789
77827781
77829784
77829529
77827953
78628273
78627788
77828606
77829708
77828865
77827679
78628117
78627454
77827574
77829491
77829480
77828964
78628262
78627962
77854544
78626691
77827501
77828595
77827981
77859104
77828358
78628544
78627859
77854942
78627761
78627801
77830070
77829987
77828086
78628690
78628719
77856340
77857187
78628577
78628332
77856825
78627769
77827613
77829533
77829053
77859796
77829076
78628309
78627821
77828786
77830003
77830771
77829026
78629171
78628992
77829928
77831022
77830969
77829092
78629592
78629051
77829806
77831097
77830429
78629468
78629397
77830116
77831122
77830963
78629804
77858565
78628873
78628614
77856174
78629896
77829348
77829363
77829070
78629435
78629699
77830838
77831712
77829844
77829257
77831395
77862039
77831531
78630283
78630184
77831173
77832404
77830326
78630768
78630419
77831419
77832567
77831971
78631613
78631087
77830508
77832634
77832588
77831929
78631225
78630697
77831633
77832955
77830554
77831775
77830687
77830975
77830805
77831230
78631176
78631135
77831772
77833183
77831000
77830931
77830195
78630571
78630395
77830266
77832371
77831764
78631301
78630898
78630279
77832497
77832499
77830352
78631540
77861079
78630728
78630512
77834039
77830677
77829972
77830581
77830280
78630386
78630232
77831247
77832135
77831655
78631082
78631289
77831203
77833926
77831445
78631807
78631391
77832415
77832315
77832911
78632274
78631425
77832414
77833661
77833014
77863893
78631517
77831745
77831631
77833739
78632503
78632060
77860590
78631867
77832263
77833296
77832919
77864260
77833409
78632292
77860755
78632647
78632776
77833621
77834739
77834706
77831349
77834611
78633938
78633347
77834032
77835228
77833720
77833038
78633593
78632998
77832987
77835164
77834783
77832964
78633867
78633430
78632901
77835232
77834335
77833111
78633498
78633553
78633203
77835486
77833066
77832120
77833774
78632694
78632379
77833294
77833039
77834447
77833864
78632923
78632660
77860711
78632834
77834562
77835689
77835007
77866519
77833659
77832953
78633288
77863561
77865929
77833750
78633826
78633352
77834275
77835495
77833875
77834009
77833674
77834708
77865351
77866420
77834667
78634439
78634188
77835154
77836351
77834116
77833861
77833430
78634008
78633511
77835251
77836414
77836444
77834412
78634656
78634456
77835408
77836625
77836528
77834726
78634800
78634603
77835480
77836721
77835195
77834717
78635199
78634856
77834800
77836875
77836942
77834846
78635328
78634988
77835859
77836959
77836585
77834862
78635689
78634947
77834912
77837161
77836824
77834705
78634971
78634999
78634611
77836815
77836841
77834834
78635436
78634837
77834714
77836963
77836674
77834817
78635306
78634784
77834632
77836785
77836776
77834735
78635207
78634799
77834751
77836928
77834343
77834071
77864362
77834905
78634225
78633578
77833849
77835962
77833629
77833120
77832990
78634928
78634244
77861414
77863377
78633651
78633502
77834570
77835640
77836250
78635848
78635520
77834952
77837078
77837046
77835032
78635872
78635216
77836155
77837444
77837179
77835203
78635924
78635349
77836193
77835409
77835389
78635802
78635345
77836114
77837528
77837643
77835640
78636177
78635554
77836663
77837707
77837165
78636516
78636459
78635731
77835693
77837758
77837407
77835570
78635819
78635495
77862647
78634425
77835385
77834591
77834509
77866145
77834409
78634756
77863918
78635642
77863417
78634897
77863657
78635800
78635120
77837072
77836959
77837542
77836158
78636557
78636127
77836131
77838353
77838342
77836301
78636828
78636260
77837284
77838483
77837777
78637222
78636768
78636411
77838527
77838526
77836464
78636915
78636561
77836641
77838385
77838184
78637721
78636765
77837662
77838759
77838272
78637552
78636938
77837863
77838967
77838404
78637790
78637009
77838046
77838980
77838202
77837003
78637435
78636847
77837704
77839156
77839052
77837155
78637585
78636926
77838022
77839106
77838427
78637828
78637195
77837255
77839401
77839158
77837329
77868753
77837346
78636290
78636209
77837298
77837433
77837844
78637286
78636549
77837500
77838741
77838076
78637446
78636577
77838456
77839467
77837619
78638321
78637717
77838589
77839707
77839275
78638617
78637904
77838742
77838812
77839332
78638866
78638294
78637776
77840103
77839873
78637132
78637340
77838014
77839336
77838664
78638139
78637488
77838286
77839469
77839300
77837474
78637725
78637449
77837429
77839606
77839707
77837570
78637888
78637879
77838447
77839677
77839012
78638364
78637754
77837362
77839539
77838314
77837633
78637745
78637547
77837358
77835780
77836728
77837377
78637571
77867564
78636462
77866324
78637096
78637409
77838429
77839156
77836944
77838103
77837182
77837221
77837832
77838752
78637733
78637427
77837571
77839392
77837509
78637959
78637632
77838642
77839715
77839016
78638216
78637621
77837815
77839821
77838470
77838152
78638399
78637960
77839053
77839369
77839746
77838301
78638615
78638487
77838271
77840459
77839927
78638486
78638422
77839419
77840499
77839922
78639372
78638863
77838645
77840597
77840141
78639787
78639438
78638819
77840986
77839331
77840312
77837086
77838363
78638754
78638127
78638443
77840798
77839399
77840434
77837602
77836540
77839844
78639300
77869101
77839535
78638629
78638256
77866824
78639093
77838248
77840494
77841183
77837958
77840392
77839223
78639654
78639270
77838853
77841385
77840010
77839274
78639901
78639907
78639251
77841520
77840172
77839535
78639984
78639789
77840533
77841384
77841054
78640403
78639618
77866195
78639026
77838962
77841067
77840498
78641020
77869524
77840467
78639670
78640263
77841143
77842193
77842008
77840243
78640870
78640518
77840382
77842583
77842315
77840267
78640817
78640385
77840005
77842472
77841776
78641280
78640458
77840259
77841665
77841785
78641599
78641231
77839630
77839882
77839801
78640668
78640427
77841227
77842465
77842368
77840330
78640584
78640331
77841368
77842479
77842508
77840549
78641117
77870180
78639935
78639244
77840220
77842346
77839059
77840061
77839483
77839320
78639929
78639823
77839653
77841824
77841645
77839795
78640216
78639600
77840550
77840348
77839770
77840374
77841433
77839708
78640108
78639897
77840772
77841996
77840780
77841977
77841315
78641271
78640834
77868186
78640147
77840722
77842830
77841440
78641594
78641063
77841066
77843147
77842794
78642194
78641703
77842295
77843413
77843268
77841442
78641836
78641655
77869343
78642229
78641455
77843724
77843576
77841579
77841010
77842265
77873744
77841156
77872513
77841877
78642085
78641997
77842013
77844361
77842078
77844109
77842387
78642663
78642373
77870866
78642091
77841384
77843489
77843943
78643391
78642767
77843482
77844637
77844581
77843925
78643497
78643124
78642378
77844593
77844633
77842489
78643033
78642512
77843581
77844829
77844670
77842639
78643263
78642504
77843382
77844578
77844171
77842533
78643084
78642684
77843543
77845215
77843903
78643455
78642727
77843538
77844656
77844128
77842514
78643249
78642529
77843469
77844645
77843157
78643534
78642539
77842504
77844753
77844563
77842515
78642923
78642478
77843430
77844257
77843852
78643201
78642481
77843508
77844698
77844625
77842529
77875116
77843945
78643471
77871897
78642296
78642088
77870701
78642886
78642196
77841859
77844337
77844195
77844310
78644015
78643814
78642944
77845231
77843476
78642943
78642568
77842724
77844938
77844013
77843001
78643137
78642997
77844079
77845204
77843843
77843182
78643558
78643093
77844138
77845317
77844909
78644187
78643308
77844260
77845309
77844719
78644112
78643216
77843216
77845300
77844536
78644115
78643696
77843184
77845361
77844078
77843302
78643655
78643704
77844224
77845444
77844779
78644296
78643531
77843457
77845573
77845548
77843462
78644150
78643699
77844551
77845696
77844303
77843698
77876132
77843880
78643011
78642509
77844377
77845687
77843439
77842926
77843663
78643961
78643846
77872281
78644719
77871860
78643869
78643175
77843054
77845080
77843310
77842078
77843797
77876242
77845067
78644176
78643446
77843575
77845601
77845470
78645187
78644366
77844360
77846421
77845948
78645522
78645038
77844437
77846782
77846712
77844767
78645331
78644876
77845450
77846792
77846247
78645910
78645647
78644893
77845893
77847011
77847204
77845088
78645356
78644958
77846037
77846049
77846452
78646348
78645743
78645151
77847376
77845757
78645869
77847530
78646199
77845302
77877959
77845926
78645938
78645639
77875156
78645528
78644818
78645524
78645485
77847826
77846778
77847358
77845654
77845566
78646574
78645839
78646182
78645435
78645606
77845597
77847774
77845902
77847189
77845699
78646502
78646426
78645762
78645677
78645708
77874321
78645836
78645815
77874613
77845725
77846849
77846560
78646032
78645973
78645358
78645400
78646360
78646208
77845932
77847196
77846412
77845229
78646005
78645847
78645090
78645237
78645444
78645555
78645427
78645486
78645482
77846665
77847950
77846913
77845826
77845947
78647116
78646305
78646322
78645997
78645918
77847036
77847170
77846569
77847537
77847583
77846288
78647354
78646586
78646806
78646180
77846173
77848500
77846038
77847131
77847589
78647318
77879332
77847141
78647432
78647382
78646504
78646432
77846879
77849276
77848682
77846607
78647652
78647236
78646851
77847559
77848677
77847028
77846624
78647803
78646992
78647285
78646741
78646670
77846864
77848598
77846511
77847855
77847806
77845949
78647678
78647918
78647054
78647008
78646871
77847246
77849086
77849111
77847111
78648071
78647170
78646999
78646674
77849066
77847177
77848655
77846959
78647977
78647189
78647368
77877094
78647850
78647167
77847025
77849274
77849026
77847088
77848101
77847061
77846576
77848765
77880207
77848539
77879480
77846935
77846679
77845612
77847072
77846949
78647892
78647926
78646949
78647742
78647742
78647814
78647819
78647980
78647746
78647993
77877492
77879917
77848712
78647471
78648092
78647952
77849063
77850156
77850196
77848140
78648618
77877141
78647476
78647711
77847425
77847139
77847834
77847495
78648002
78647859
77875001
78648292
77848901
77848645
77847904
77847854
78647861
78648518
77875603
78647464
77848415
77849635
77849791
77881154
77849128
77879272
77849227
78648222
78647934
77848025
77850216
77848841
77848558
78647920
77877075
78648525
78648217
77848131
77850591
77850515
77848529
77881432
77849006
78648038
77877014
77879913
77847745
77880793
77849443
77880742
77851015
78649996
78649041
77876048
78649023
77848381
77850483
77848412
77880764
77848323
77881296
77848499
78648862
78648274
77850489
77849350
77850379
77848644
78649767
77877860
78649135
78648694
77848836
77849592
77850549
77848776
77881115
77850413
77881365
77850593
77882113
77847947
77850163
77849436
77850013
77849761
77848100
77850290
77849631
77849403
78650837
78650469
77850400
77852656
77851684
77850563
78650832
78650459
77850711
77852622
77852142
78651631
78651550
78650506
77852826
77852801
77850787
78651596
78651024
77851801
77852984
77851383
78651801
78650996
77851583
77852938
77852369
78651849
78650894
77850835
77852851
77849701
77850112
77850794
77852163
77851066
77882581
77851520
77882893
77851554
78650600
77878884
78650501
78650354
77850499
77852560
77852401
77853317
77850625
77851176
77851642
77852874
77883575
77851255
77884242
77852338
78652158
78651817
77879514
78651175
77850716
77851982
77851676
77852623
78651689
78651221
77851949
77853397
77851916
77852193
78652416
78652248
77853387
77853484
77853746
78652915
78652491
77853515
77853636
77854012
78653099
78652691
77853565
77854717
77854730
77852744
78652880
78652920
77853829
77853098
77852770
78653146
78652828
77852844
77855093
77853786
77852951
78653249
78653076
77853886
77855124
77854958
77853218
78653526
78653081
77854164
77854285
77854774
78654297
78653406
78653162
77855482
77855436
77853436
78653781
78653242
77853435
77854700
77854835
78654342
78653772
77854398
77855492
77850931
77853984
78653084
78652818
77852258
77854453
77854380
77852332
78652770
78652836
77853050
77854638
77854469
77852349
78652951
78652767
78652345
77854665
77852992
77852400
78652608
78652638
77852494
77854652
78653194
78652904
77852734
77854983
77854811
77852804
78653321
78652820
77852758
77855454
77852847
78653036
77882251
77884547
77854094
78652855
78653304
77852772
77855021
77854852
77852742
78653044
78652916
77852340
77854674
77854238
78653710
78652972
77879536
78652731
78651852
77854265
77852963
77853511
77852317
78652689
77879608
78653227
78652362
77854700
77853918
78653318
78652638
78652474
77854692
77855377
77852208
77853015
77852584
77885395
77854176
78653134
78653150
77854033
77855120
77854551
78654044
78653748
77881091
78654448
77883693
77884695
78654560
78653926
77854593
77855602
77854466
77855611
77853813
78655451
77885816
77855199
78654121
78654795
77881517
78655240
77854848
77856905
77856568
78656112
78655536
78654915
77857198
77856048
77855176
78656222
78655789
78655466
77855415
77857555
77857495
77855472
78655906
78655513
77856543
77857709
77857574
77855533
78656364
78655595
77856587
77857606
77857036
78656341
78655699
77856514
77857601
77857025
78655694
78655507
77855670
77856908
77857110
78656611
78655993
77856749
77857822
77857537
77856108
78656546
78656108
77856049
77858154
77857688
78657116
78656187
77856025
77858202
77856943
77856132
78656676
78656175
77857122
77858240
77857695
78657235
77885709
77887941
77857162
78656317
78656224
77859541
77856040
77853391
77855205
77856189
77887784
77856370
78656519
78655778
77855872
77858100
77855873
77854533
77855474
77854137
77855918
77855236
77858534
77855363
77854473
77855808
77857752
78657396
78656895
77884314
78655969
77856999
77859085
77856981
77856777
77857117
77856629
77856000
77858352
78658701
78658335
77857696
77859822
77857714
77858729
77856809
78657298
77886309
78657848
77887597
78658127
78657913
77859152
77859216
77857128
77860295
77859701
78659155
77889486
78658386
77887494
78657779
78657535
77857652
77859808
77858478
77858773
77857645
77890670
77859286
77890478
77859254
78658621
78659245
77859057
77861207
77857937
77860169
77857154
77858786
77859784
78658654
78659659
77887639
78659662
78659579
77860501
77861613
77861519
77859495
77857852
77860629
77857270
77861593
78660255
78660152
77859273
77861754
77861606
77859647
78659969
78659793
77860742
77861764
77861195
77859879
78660711
78660287
77860900
77862069
77861634
77859893
78660205
78659917
77859971
77862145
77862092
77859996
78660372
78659990
77860931
77862100
77861702
78660990
78660548
77860084
77862361
77862130
77858899
77860682
78659780
78659510
77859553
77861607
77862424
77860523
78660795
78660531
77861523
77862644
77862051
77860868
78661206
78660632
77860856
77863009
77862875
77861077
78661621
78661134
77861202
77863311
77863300
77861426
78662194
78661425
77861302
77863315
77862691
78662532
78661785
77861585
77863588
77863569
77861740
78662092
78661807
77861475
77863876
77863625
77861714
78661847
78661683
77861852
77862804
77863282
78663035
78662401
77861883
77863968
77862715
78661185
78660999
77861434
77862474
77863536
77861190
77861455
77860532
77893023
77862052
78660983
77891432
78662155
78661614
77889276
77891038
78661451
78661014
77862945
77864296
77863404
78662906
77893096
77862842
78662611
77892769
78663290
78662418
77862523
77864488
77863858
77860490
77863148
78662697
78662107
77863575
77864908
77864948
77862933
78663066
78662861
77863000
77865153
77863816
77863002
78663971
78663471
77863127
77865304
77864687
78663801
78663251
77863129
77865261
77864665
77863082
78663719
78663085
78662995
77865271
77865239
77863129
78663742
78663139
77863118
77865806
77864486
78663833
78663305
77863271
77865376
77865313
77863350
78663853
78663448
77864309
77865406
77864786
77863415
78663884
78663527
77864415
77865677
77865631
77863559
78664079
78663679
77864703
77865872
77864924
77863826
78664618
77895255
77895912
77865744
78664806
78664454
78663725
77866045
77864844
77865917
77864208
78664587
77894541
78664144
78663061
77889720
78663574
77864243
77866396
77864299
77863326
77863979
77864364
77864160
77865594
77865226
77864689
78665484
78664760
77865784
77866600
77864728
78665129
78664690
77865803
77866907
77866402
78665793
78665240
77865026
77867265
77867267
77865079
78665620
78665046
77866222
77867361
77867192
77866659
78665948
78665372
77866113
77867135
77866484
78665926
78665041
77866197
77867250
77867153
77865228
78665505
78665416
77866090
77867259
77865046
77864684
77865670
77896542
77865632
78664747
78664274
77864774
77865009
77866052
77864259
78664473
77892482
78664315
77864151
77866532
77866465
77864800
77897554
77865281
78664946
78664770
77865772
77867085
77864734
77866031
78665036
77894870
77865587
77863041
77866256
77864342
78665875
77895698
78665469
78664920
77892813
78666161
77866227
77867569
77866112
77865633
77864273
77866264
78665597
78665088
77893461
78665887
77895390
78665133
77894697
78665349
77894864
77897827
77866478
78665321
78666098
77865923
77868166
77866103
77866160
77898056
77867491
77865590
78666014
78665522
77894402
77897166
77866900
77897762
77867268
78666446
77866563
77866323
77865827
77898725
77866760
77867768
77864876
77868216
78666312
78667185
77869362
77866062
77866824
78667446
78667321
78667480
77897993
77866176
77868768
77867135
77869294
77867709
77867745
77868760
77867949
77867038
77869137
77869014
77868155
77868102
77868082
77869417
77868006
77868167
78669349
78668332
77900628
77868723
77866966
77870951
77870021
77868554
78669368
77901389
77868162
77868560
77869911
77869506
78668128
77899157
77869243
77866733
77870156
78669615
78668884
77898305
78669326
78669389
77870272
77869158
77868709
77868370
78668551
77898333
78669245
77898911
78670259
77899734
78669775
78669743
77870530
77870220
77867974
77869721
77901974
77870504
78670063
78669477
77868928
77869656
77869208
78669379
77899392
78669476
78670198
77897445
78669353
77869366
77869373
77869959
77870693
78670745
78670572
77870547
77870833
77870711
78670831
78670739
77871678
77869717
77870186
77868700
77870357
78671210
78670967
77871065
77871483
77869997
77871293
78671455
78671486
77872285
77874040
77872676
78671434
78671475
77872237
77873272
77870393
77871432
78671300
77900114
77902187
77872161
78671099
78670803
77871883
77872428
77904644
77872853
78672463
78671997
77875426
77873044
77870095
77871835
77871561
78671908
78671782
77872729
77873501
77870598
77873053
78672022
78671111
77871077
77871377
77872181
78672568
78672245
77899700
78671901
77872014
77871892
77871335
77871135
77871559
77871429
77904122
77872792
78672008
78672337
77872405
77872524
77872429
77905290
77873353
77872574
77872742
78672833
78672708
77873773
77874631
77872882
78672988
78672804
77872919
77874675
77873055
78673239
78673532
77874124
77875150
77873400
78673342
78673296
77874193
77873417
77874505
78673479
78673212
77872922
77875064
77873113
78673702
78673251
77873307
77873605
77873296
78673558
78673273
77873340
77873713
77873494
78673647
78673484
77873462
77873934
77871046
77874378
78672514
78673149
77872608
77874648
77873242
77874080
78672880
77899643
78673076
77872705
77873625
77875031
78673796
77902326
77872493
77873669
78674026
77902378
78674045
78674012
77873988
77875949
77874179
77873831
77874104
77875459
78674500
78673712
77874495
77874219
77873525
77873488
78674510
78674414
77875353
77874553
77874455
77906530
77875089
77903819
78675883
78674885
77874926
77875254
77874961
77907509
77876478
77873750
77875779
78674546
78674434
77874448
77875374
77875054
77874705
78675666
78675535
77876623
77875813
77875769
78675837
78675786
77876837
77875979
77875795
78675958
78675747
77876675
77877622
77875767
78675951
78675815
77875714
77877703
77875903
78676364
78676092
77875980
77876041
77875983
78676268
78675908
77876052
77875782
77875243
77875914
77875512
77874875
77877347
78675664
78675237
77876312
77876138
77875400
77876151
77876699
77876479
78676536
78676366
77877465
77876655
77876522
78676559
77876683
77877831
77877374
78676169
78676047
77877108
77876674
77876233
78676269
78676154
77876156
77876631
77877449
78676418
78676471
77877098
77878010
77876138
78676277
78676264
77876127
77878831
77876229
78676277
78676279
77877092
77876515
77876235
78676459
78676323
77877307
77878141
77877736
78676891
78676492
77876517
77878297
77876565
78676824
78676596
77877726
77876751
77876728
78677158
78676828
77876815
77878516
77876781
78676965
78676943
77876831
77878652
77876855
78677012
77906602
78676547
78675727
77875858
77876689
77877646
77876139
78677280
77905854
78676659
78676367
77876373
77876766
77876548
77875235
77878878
78677650
78677461
77877463
77879410
77877375
77877435
77876504
78676867
77905619
78677122
78676510
77877681
77877959
77877535
77878843
77877694
78677865
78677578
77878677
77876804
77877269
77877222
78677270
78678338
77879074
77879900
77878052
78678196
78678188
77879199
77880276
77878280
78678436
78678273
77878180
77880316
77878262
78678273
78678193
77878288
77878363
77879575
78678610
78678346
77878055
77880023
77879505
78678238
78678079
77878952
77879977
77878180
78678272
78678275
77879365
77879356
77879657
78678304
78678296
77878288
77880902
77878100
78678324
77906827
78677505
78678347
77878249
77880080
77878398
78678546
78678200
77879126
77878588
77879841
78678748
77908013
77910298
77879191
78677854
78677615
77877959
77878336
77879283
78678320
78678092
77878157
77879978
77878255
78678346
78677920
77880046
77878871
77879698
77877835
77880010
78678785
77907066
78678362
77905274
78677641
77878319
77878408
77877995
77879949
78678907
78678873
77879713
77881043
77880245
78679710
78678829
77906291
78678487
77878860
77879820
77878139
77909867
77879474
77910787
77879740
78678453
77907344
78678573
78679443
77879509
77879792
77879461
78679773
78679515
77880485
77881496
77879638
78679935
78679594
77879739
77879947
77879773
78680134
78679848
77880923
77882630
77879915
78680099
78679923
77881025
77881824
77879958
78680152
78680018
77880990
77880423
77881503
78680239
78680139
77907365
78679468
77880122
77879914
77879385
77880069
78680154
78680151
77881135
77880427
77880213
77881374
77881250
77880428
77880101
77879826
78680038
78679619
77880756
77880155
77879803
78680783
78680785
77880829
77882595
77882268
78680996
78680928
77881944
77882695
77880854
78681258
78681038
77881998
77882918
77882324
78681245
78680908
77881744
77882530
77880899
78681098
78680824
77881776
77881078
77880626
78681255
78681028
77880915
77882736
77880870
78681387
78681255
77881987
77882814
77882436
78681289
78681089
77882048
77882926
77881217
78681336
78681254
77882262
77883805
77881425
78681553
78681282
77881225
77883136
77881055
78681736
78681238
77880845
77883118
77882504
77913765
77880744
77880310
77880180
78681331
78681080
77880687
77879843
77880921
77880236
77912086
77881514
77912385
77880488
78680643
78681159
77882172
77881494
77881190
78681326
78681444
77882275
77883903
77881236
78681495
78681312
77882212
77883223
77881348
78681580
78681624
77881603
77884164
77881791
78681934
78682034
77882661
77883546
77882163
78681153
78681220
77882231
77881349
77881302
78681366
78681465
77881495
77883457
77882935
78681716
78681782
77881696
77884397
77881720
78681709
78681704
77881784
77881934
77882000
78682262
78682109
77883048
77883933
77882214
78682254
78682140
77882118
77884007
77882241
78682476
78682442
77882292
77884873
77883752
78682564
77910632
78681771
78681240
77881269
77881721
77881345
77914451
77883848
78682655
78682267
77883387
77884289
77882394
77884866
78683787
78682731
77883766
77884603
77882792
78682959
77912188
78682352
78682801
77882910
77883273
77882836
77882581
77882204
78682257
77911891
78684114
78683095
77882958
77884878
77883016
77882552
77883541
77883166
77884637
78683568
77913231
77915728
77884500
78683410
78682744
77910125
78682960
77882784
77883115
77882797
77915676
77884559
78683068
77912470
78683718
78683019
77883230
77885951
77884055
77916953
77885771
78684594
78684261
77884322
77886194
77884332
78684732
78684397
77884430
77886289
77884430
78684625
78684492
77885529
77886264
77884620
78685160
78684582
77884564
77886519
77885980
78684965
78684601
77884577
77884621
77885524
77883593
77885750
78684803
77913298
77886201
78685243
78685024
77885967
77887383
77885055
78685204
78685103
77886119
77887144
77886664
78685562
78685204
77885285
77887072
77886578
78685841
78685319
77885218
77887258
77885450
78685773
78685525
77885694
77887386
77885490
78685939
78685685
77885509
77885813
77887096
78685773
78685714
77886623
77885918
77885741
78686131
78685749
77886671
77885234
77887195
77884746
78684839
77883574
77885910
77885463
78684425
78684236
77885324
77884719
77885359
78685518
78685236
77885265
77887089
77885292
78685605
78685324
77886439
77887378
77885469
78685482
78685285
77886384
77885598
77885510
78685809
78685467
77913183
78685544
77912224
78684971
78684632
77885873
77885723
77886768
77884968
78685278
78685190
77885168
77887920
77885267
78685376
78686244
77886197
77888042
77886221
78686429
78686272
77887208
77888096
77886336
78686597
78686312
77886373
77886653
77886458
78686632
78686533
77887536
77888226
77886333
78686547
78686469
77886547
77888632
77886370
77919302
77887525
78685839
78685535
77885465
77887276
77887927
78687114
78686440
77886412
77888233
77886541
78686817
78686539
77887644
77888673
77888018
78687216
78686587
77887475
77888261
77886420
78686729
78686333
77886295
77888082
77887793
78686489
78686312
77887116
77888113
77886238
78686511
78686343
77886271
77888092
77886148
78686308
78686086
77886249
77886526
77886273
78686855
78686383
77886641
77886289
77887311
77886326
77885954
77885478
78685544
77914719
78686452
78686552
77887487
77888522
77886728
78686658
78686506
77887479
77888343
77887893
78687199
77917641
77887212
78687021
77916066
78686897
77916728
77886956
78687259
78687262
77914799
78686412
78686404
77888080
77889105
77887373
78687369
77917560
78687423
77917575
78687494
78686687
77887657
77890181
77887643
78687562
78687412
77888562
77890252
77887575
78687834
78687721
77887556
77889634
77887868
78688129
78687787
77888813
77889712
77889457
78688068
77888320
77889893
77889354
78688677
78688151
77887988
77890740
77888012
78688271
78688288
77889214
77890188
77888405
78688948
78688447
77888476
77891177
77888500
78688658
78688596
77889620
77891350
77890052
78689047
78688977
77888686
77891546
77890291
78688995
78688859
77888990
77889411
77889000
78689146
78688997
77889922
77891118
77890504
78689082
78689035
77890065
77890974
77888796
77889235
77889021
77891238
78690351
78689327
77890268
77891146
77889158
77890193
77889563
78689797
78689454
77890420
77892263
77889614
78689768
78689670
77890707
77891544
77889784
78690407
78689893
77890743
77891120
77891284
78690116
78689951
77890895
77892180
77891590
78690661
78690147
77891085
77892850
77891490
78690351
78690138
77891149
77892237
77891746
78690856
78690106
77891217
77892931
77891581
78690846
78690189
77891237
77890632
77890290
78690536
78690337
77890289
77892055
77890070
78690436
78690374
77891042
77892735
77889986
78690194
78689929
77890009
77890306
77890139
78690322
78689975
77889994
77888812
77888942
77889490
77887926
77888135
77889960
78690126
78689370
77917239
78690792
77917991
78689988
77889524
77889670
77890509
78690645
78690404
77890576
77893196
77889504
77890532
77890724
77922616
77891102
78690782
78690203
77889935
77891961
77888832
77890461
77890150
78691114
78691250
77918701
78690711
77890357
77892123
77889072
77892123
78692090
78691422
77918587
78691126
77891306
77893558
77889125
77892501
Peak: 78692747
Average: 74827478.76799262
