# Episodes, Rewards
0.0,-3.240000000000001
1.0,-1.16
2.0,-1.24
3.0,-2.2
4.0,-1.24
5.0,-1.6800000000000002
6.0,-1.0
7.0,-1.04
8.0,-2.880000000000001
9.0,-3.200000000000001
10.0,-1.0
11.0,-1.6400000000000001
12.0,-1.6400000000000001
13.0,-1.4
14.0,-1.04
15.0,-2.24
16.0,-6.120000000000004
17.0,-2.400000000000002
18.0,-1.32
19.0,-1.04
20.0,-1.28
21.0,-2.5200000000000005
22.0,-2.16
23.0,-1.7600000000000002
24.0,-1.4
25.0,-1.28
26.0,-1.8000000000000003
27.0,-1.24
28.0,-1.12
29.0,-1.28
30.0,-3.120000000000001
31.0,-1.44
32.0,-1.2
33.0,-5.440000000000003
34.0,-2.08
35.0,-1.8800000000000003
36.0,-6.520000000000004
37.0,-1.08
38.0,-1.2
39.0,-2.08
40.0,-2.16
41.0,-1.7600000000000002
42.0,-1.56
43.0,-1.24
44.0,-1.12
45.0,-1.9600000000000004
46.0,-1.6400000000000001
47.0,-2.2
48.0,-1.6800000000000002
49.0,-1.2
50.0,-8.000000000000005
51.0,-1.2
52.0,-1.04
53.0,-6.560000000000004
54.0,-3.200000000000001
55.0,-3.7600000000000016
56.0,-1.8000000000000003
57.0,-2.6400000000000006
58.0,-1.32
59.0,-1.8000000000000003
60.0,-1.28
61.0,-1.0
62.0,-1.52
63.0,-3.000000000000001
64.0,-1.24
65.0,-2.16
66.0,-1.7600000000000002
67.0,-1.16
68.0,-2.12
69.0,-1.48
70.0,-1.24
71.0,-1.12
72.0,-1.52
73.0,-5.080000000000003
74.0,-6.840000000000004
75.0,-1.32
76.0,-6.960000000000004
77.0,-2.8000000000000007
78.0,-1.08
79.0,-1.9200000000000004
80.0,-1.7200000000000002
81.0,-1.2
82.0,-1.04
83.0,-1.32
84.0,-1.2
85.0,-2.5600000000000005
86.0,-1.8800000000000003
87.0,-1.6400000000000001
88.0,-1.08
89.0,-2.7200000000000006
90.0,-1.4
91.0,-2.880000000000001
92.0,-2.6000000000000005
93.0,-1.16
94.0,-3.4800000000000013
95.0,-3.9200000000000017
96.0,-1.4
97.0,-1.56
98.0,-1.04
99.0,-2.5600000000000005
100.0,-3.6800000000000015
101.0,-1.0
102.0,-1.2
103.0,-1.44
104.0,-1.0
105.0,-1.6400000000000001
106.0,-1.8000000000000003
107.0,-3.5600000000000014
108.0,-2.16
109.0,-2.5600000000000005
110.0,-2.4800000000000004
111.0,-1.12
112.0,-5.320000000000003
113.0,-1.3599999999999999
114.0,-1.24
115.0,-3.040000000000001
116.0,-2.6000000000000005
117.0,-1.9200000000000004
118.0,-2.6800000000000006
119.0,-1.6800000000000002
120.0,-1.32
121.0,-1.16
122.0,-1.4
123.0,-1.16
124.0,-2.2
125.0,-1.32
126.0,-1.6800000000000002
127.0,-3.080000000000001
128.0,-1.48
129.0,-3.8800000000000017
130.0,-2.0
131.0,-3.080000000000001
132.0,-2.4800000000000004
133.0,-1.0
134.0,-6.240000000000004
135.0,-2.6000000000000005
136.0,-3.4800000000000013
137.0,-1.24
138.0,-2.5600000000000005
139.0,-2.920000000000001
140.0,-5.720000000000003
141.0,-1.08
142.0,-1.2
143.0,-2.6800000000000006
144.0,-1.8000000000000003
145.0,-1.6400000000000001
146.0,-3.6800000000000015
147.0,-2.8400000000000007
148.0,-1.16
149.0,-1.32
150.0,-1.9200000000000004
151.0,-2.4800000000000004
152.0,-2.8000000000000007
153.0,-2.08
154.0,-2.04
155.0,-1.48
156.0,-1.9200000000000004
157.0,-1.0
158.0,-1.28
159.0,-1.08
160.0,-1.04
161.0,-2.960000000000001
162.0,-1.0
163.0,-4.160000000000002
164.0,-1.6
165.0,-1.2
166.0,-1.08
167.0,-1.2
168.0,-4.000000000000002
169.0,-1.8000000000000003
170.0,-1.2
171.0,-2.24
172.0,-1.8000000000000003
173.0,-1.12
174.0,-1.8800000000000003
175.0,-1.6400000000000001
176.0,-2.16
177.0,-2.2
178.0,-1.08
179.0,-2.2
180.0,-5.560000000000003
181.0,-1.7200000000000002
182.0,-2.4000000000000004
183.0,-2.4400000000000004
184.0,-1.4
185.0,-1.08
186.0,-1.52
187.0,-5.280000000000003
188.0,-1.08
189.0,-1.2
190.0,-1.6800000000000002
191.0,-1.16
192.0,-1.6
193.0,-1.7200000000000002
194.0,-1.16
195.0,-1.0
196.0,-1.04
197.0,-1.44
198.0,-1.28
199.0,-1.12
200.0,-1.8800000000000003
201.0,-2.04
202.0,-1.28
203.0,-1.2
204.0,-6.080000000000004
205.0,-1.3599999999999999
206.0,-1.16
207.0,-1.8800000000000003
208.0,-1.56
209.0,-1.12
210.0,-1.7200000000000002
211.0,-1.32
212.0,-4.080000000000002
213.0,-1.0
214.0,-3.120000000000001
215.0,-1.4
216.0,-1.04
217.0,-1.8000000000000003
218.0,-1.28
219.0,-1.6400000000000001
220.0,-1.08
221.0,-1.08
222.0,-2.0
223.0,-1.04
224.0,-3.000000000000001
225.0,-1.24
226.0,-1.4
227.0,-1.08
228.0,-8.720000000000006
229.0,-1.3599999999999999
230.0,-1.08
231.0,-3.6000000000000014
232.0,-1.8400000000000003
233.0,-1.56
234.0,-1.0
235.0,-1.9200000000000004
236.0,-4.640000000000002
237.0,-1.8400000000000003
238.0,-5.000000000000003
239.0,-2.5600000000000005
240.0,-6.280000000000004
241.0,-1.2
242.0,-2.04
243.0,-1.9200000000000004
244.0,-1.32
245.0,-1.32
246.0,-2.2
247.0,-1.12
248.0,-1.8000000000000003
249.0,-1.44
250.0,-1.24
251.0,-1.4
252.0,-1.12
253.0,-1.48
254.0,-1.28
255.0,-2.2800000000000002
256.0,-3.9200000000000017
257.0,-1.7600000000000002
258.0,-1.4
259.0,-1.28
260.0,-1.6800000000000002
261.0,-1.6
262.0,-1.28
263.0,-1.28
264.0,-1.12
265.0,-1.04
266.0,-5.680000000000003
267.0,-2.8400000000000007
268.0,-1.2
269.0,-1.4
270.0,-2.3200000000000003
271.0,-1.12
272.0,-1.3599999999999999
273.0,-3.040000000000001
274.0,-1.44
275.0,-8.000000000000005
276.0,-1.2
277.0,-2.0
278.0,-1.04
279.0,-3.6000000000000014
280.0,-1.04
281.0,-1.0
282.0,-1.04
283.0,-1.16
284.0,-1.24
285.0,-1.6800000000000002
286.0,-1.32
287.0,-1.6800000000000002
288.0,-3.7600000000000016
289.0,-5.040000000000003
290.0,-1.08
291.0,-3.4400000000000013
292.0,-1.2
293.0,-4.480000000000002
294.0,-1.3599999999999999
295.0,-3.4400000000000013
296.0,-1.08
297.0,-1.7200000000000002
298.0,-1.0
299.0,-2.8400000000000007
300.0,-3.6400000000000015
301.0,-2.960000000000001
302.0,-1.12
303.0,-1.32
304.0,-2.4000000000000004
305.0,-1.28
306.0,-3.6800000000000015
307.0,-1.52
308.0,-1.8400000000000003
309.0,-4.320000000000002
310.0,-2.4800000000000004
311.0,-1.28
312.0,-1.12
313.0,-3.5600000000000014
314.0,-2.8400000000000007
315.0,-1.16
316.0,-1.4
317.0,-1.3599999999999999
318.0,-1.04
319.0,-2.4800000000000004
320.0,-1.32
321.0,-1.12
322.0,-1.32
323.0,-4.400000000000002
324.0,-2.7600000000000007
325.0,-2.7600000000000007
326.0,-1.3599999999999999
327.0,-2.08
328.0,-1.16
329.0,-0.840000000000001
330.0,-1.28
331.0,-3.240000000000001
332.0,-3.9600000000000017
333.0,-1.12
334.0,-1.3599999999999999
335.0,-1.9600000000000017
336.0,-3.7600000000000016
337.0,-1.16
338.0,-5.160000000000003
339.0,-5.600000000000003
340.0,-1.12
341.0,-4.560000000000002
342.0,-1.12
343.0,-2.0
344.0,-1.0
345.0,-1.6400000000000001
346.0,-1.9600000000000004
347.0,-1.2
348.0,-1.6
349.0,-1.7200000000000002
350.0,-1.32
351.0,-5.9200000000000035
352.0,-2.0
353.0,-2.7600000000000007
354.0,-1.3599999999999999
355.0,-1.8400000000000003
356.0,-1.0
357.0,-8.000000000000005
358.0,-2.8000000000000007
359.0,-2.7200000000000006
360.0,-2.880000000000001
361.0,-1.2
362.0,-1.9200000000000004
363.0,-2.3200000000000003
364.0,-1.28
365.0,-1.08
366.0,-2.16
367.0,-1.24
368.0,-1.9600000000000004
369.0,-1.44
370.0,-1.44
371.0,-1.6800000000000002
372.0,-1.7200000000000002
373.0,-6.600000000000004
374.0,-2.16
375.0,-1.7600000000000002
376.0,-1.48
377.0,-5.440000000000003
378.0,-1.8800000000000003
379.0,-1.8000000000000003
380.0,-1.48
381.0,-1.2
382.0,-3.120000000000001
383.0,-1.6
384.0,-3.080000000000001
385.0,-6.840000000000004
386.0,-1.12
387.0,-1.24
388.0,-1.16
389.0,-1.44
390.0,-1.4
391.0,-7.680000000000005
392.0,-1.9200000000000004
393.0,-2.4400000000000004
394.0,-2.16
395.0,-2.2
396.0,-1.04
397.0,-1.44
398.0,-1.04
399.0,-1.4
400.0,-1.0
401.0,-4.920000000000003
402.0,-3.9600000000000017
403.0,-3.5600000000000014
404.0,-1.9600000000000004
405.0,-1.52
406.0,-1.3599999999999999
407.0,-1.12
408.0,-1.12
409.0,-1.52
410.0,-1.12
411.0,-1.32
412.0,-1.16
413.0,-1.2
414.0,-1.7200000000000002
415.0,-1.7600000000000002
416.0,-1.12
417.0,-1.8000000000000003
418.0,-1.6400000000000001
419.0,-0.2000000000000004
420.0,-1.8800000000000003
421.0,-1.24
422.0,-4.120000000000002
423.0,-1.8400000000000003
424.0,-2.6400000000000023
425.0,-4.200000000000002
426.0,-2.16
427.0,-8.000000000000005
428.0,-1.0
429.0,-1.6
430.0,-1.9200000000000004
431.0,-2.4800000000000004
432.0,-2.2
433.0,-1.0
434.0,-1.4
435.0,-3.6400000000000032
436.0,-1.24
437.0,-1.3599999999999999
438.0,-1.7600000000000002
439.0,-1.08
440.0,-1.52
441.0,-8.320000000000006
442.0,-1.32
443.0,-1.2
444.0,-2.08
445.0,-2.12
446.0,-1.04
447.0,-1.8800000000000003
448.0,-2.2800000000000002
449.0,-1.04
450.0,-4.520000000000002
451.0,-4.320000000000002
452.0,-1.7200000000000002
453.0,-2.3600000000000003
454.0,-1.32
455.0,-1.9600000000000004
456.0,-3.240000000000001
457.0,-1.28
458.0,-1.04
459.0,-1.24
460.0,-1.0
461.0,-2.0
462.0,-1.7600000000000002
463.0,-3.5600000000000014
464.0,-1.32
465.0,-4.600000000000002
466.0,-1.6
467.0,-1.48
468.0,-1.04
469.0,-8.000000000000005
470.0,-1.28
471.0,-1.08
472.0,-1.0
473.0,-1.3599999999999999
474.0,-3.400000000000003
475.0,-3.200000000000001
476.0,-1.16
477.0,-1.32
478.0,-3.4800000000000013
479.0,-1.56
480.0,-1.08
481.0,-3.5600000000000014
482.0,-1.3599999999999999
483.0,-1.3599999999999999
484.0,-1.52
485.0,-2.0
486.0,-2.16
487.0,-3.120000000000001
488.0,-3.160000000000001
489.0,-1.0
490.0,-1.24
491.0,-2.4000000000000004
492.0,-2.920000000000001
493.0,-1.24
494.0,-1.08
495.0,-1.56
496.0,-6.560000000000004
497.0,-2.24
498.0,-2.0
499.0,-1.24
500.0,-1.32
501.0,-2.0
502.0,-1.24
503.0,-1.8400000000000003
504.0,-2.4000000000000004
505.0,-1.32
506.0,-1.0
507.0,-5.080000000000003
508.0,-1.16
509.0,-1.6
510.0,-2.920000000000001
511.0,-1.44
512.0,-1.8400000000000016
513.0,-1.56
514.0,-4.560000000000002
515.0,-1.6
516.0,-1.08
517.0,-2.4400000000000004
518.0,-2.24
519.0,-1.28
520.0,-1.6800000000000002
521.0,-1.24
522.0,-1.12
523.0,-1.2
524.0,-5.520000000000003
525.0,-1.28
526.0,-1.7600000000000002
527.0,-1.28
528.0,-2.920000000000001
529.0,-1.08
530.0,-1.6
531.0,-1.56
532.0,-8.000000000000005
533.0,-1.6
534.0,-2.4000000000000004
535.0,-1.12
536.0,-2.3200000000000003
537.0,-1.12
538.0,-2.16
539.0,-1.08
540.0,-2.5200000000000005
541.0,-1.6400000000000001
542.0,-1.2
543.0,-1.56
544.0,-1.7600000000000002
545.0,-1.16
546.0,-3.4000000000000012
547.0,-1.16
548.0,-1.52
549.0,-1.7200000000000002
550.0,-3.080000000000001
551.0,-1.3599999999999999
552.0,-2.6000000000000005
553.0,-4.120000000000002
554.0,-2.16
555.0,-1.2
556.0,-7.360000000000005
557.0,-1.16
558.0,-1.6
559.0,-1.2
560.0,-2.6400000000000006
561.0,-3.5200000000000014
562.0,-1.44
563.0,-7.520000000000005
564.0,-2.04
565.0,-4.160000000000002
566.0,-1.7200000000000002
567.0,-8.000000000000005
568.0,-1.24
569.0,-1.7600000000000002
570.0,-1.08
571.0,-5.640000000000003
572.0,-1.2
573.0,-1.7200000000000002
574.0,-1.52
575.0,-2.04
576.0,-1.3599999999999999
577.0,-2.2
578.0,-1.2
579.0,-1.7200000000000002
580.0,-1.48
581.0,-2.2
582.0,-1.08
583.0,-1.6400000000000001
584.0,-2.3600000000000003
585.0,-2.480000000000002
586.0,-1.28
587.0,-1.24
588.0,-1.24
589.0,-1.7200000000000002
590.0,-1.0000000000000009
591.0,-1.56
592.0,-5.240000000000003
593.0,-1.6
594.0,-2.12
595.0,-1.24
596.0,-3.040000000000001
597.0,-2.6800000000000006
598.0,-1.08
599.0,-1.52
600.0,-1.2
601.0,-2.0
602.0,-1.12
603.0,-1.9200000000000004
604.0,-6.440000000000006
605.0,-1.0
606.0,-1.08
607.0,-1.4800000000000013
608.0,-5.520000000000003
609.0,-2.8000000000000007
610.0,-1.8400000000000003
611.0,-1.4
612.0,-1.16
613.0,-1.0
614.0,-1.3599999999999999
615.0,-1.3599999999999999
616.0,-3.7600000000000016
617.0,-1.04
618.0,-3.120000000000001
619.0,-1.56
620.0,-1.16
621.0,-1.8400000000000003
622.0,-1.6
623.0,-3.5200000000000014
624.0,-1.48
625.0,-2.0
626.0,-1.24
627.0,-1.08
628.0,-1.3599999999999999
629.0,-1.8800000000000003
630.0,-2.5200000000000005
631.0,-1.16
632.0,-1.08
633.0,-2.12
634.0,-1.56
635.0,-1.52
636.0,-1.4
637.0,-1.0
638.0,-1.8800000000000003
639.0,-1.52
640.0,-1.3599999999999999
641.0,-1.8000000000000003
642.0,-1.0
643.0,-1.52
644.0,-1.32
645.0,-1.16
646.0,-1.6400000000000001
647.0,-1.56
648.0,-2.24
649.0,-1.8000000000000003
650.0,-1.24
651.0,-1.0
652.0,-1.44
653.0,-1.8000000000000003
654.0,-1.6
655.0,-2.4000000000000004
656.0,-1.32
657.0,-2.5200000000000005
658.0,-1.04
659.0,-1.48
660.0,-1.12
661.0,-1.6
662.0,-1.4
663.0,-1.24
664.0,-1.32
665.0,-1.3200000000000012
666.0,-1.0
667.0,-1.08
668.0,-2.7200000000000006
669.0,-1.3599999999999999
670.0,-1.56
671.0,-1.04
672.0,-1.56
673.0,-1.0
674.0,-1.28
675.0,-1.48
676.0,-1.08
677.0,-1.12
678.0,-1.24
679.0,-1.3599999999999999
680.0,-0.7200000000000009
681.0,-1.9200000000000004
682.0,-1.56
683.0,-1.6400000000000001
684.0,-1.12
685.0,-2.920000000000001
686.0,-1.12
687.0,-1.24
688.0,-2.2800000000000002
689.0,-1.9200000000000004
690.0,-1.52
691.0,-1.0
692.0,-1.12
693.0,-1.2
694.0,-1.04
695.0,-1.8800000000000003
696.0,-1.6400000000000001
697.0,-2.16
698.0,-1.44
699.0,-1.9600000000000004
700.0,-1.12
701.0,-1.04
702.0,-1.9200000000000004
703.0,-4.280000000000002
704.0,-1.08
705.0,-1.48
706.0,-1.24
707.0,-1.32
708.0,-1.7600000000000002
709.0,-1.52
710.0,-1.04
711.0,-1.08
712.0,-1.3599999999999999
713.0,-1.28
714.0,-3.4800000000000013
715.0,-1.8400000000000003
716.0,-1.44
717.0,-3.7200000000000015
718.0,-1.0
719.0,-1.48
720.0,-1.4
721.0,-1.48
722.0,-1.28
723.0,-1.04
724.0,-1.240000000000001
725.0,-1.44
726.0,-1.3599999999999999
727.0,-1.56
728.0,-2.04
729.0,-1.56
730.0,-1.24
731.0,-1.24
732.0,-1.6400000000000001
733.0,-1.4
734.0,-1.16
735.0,-1.8000000000000003
736.0,-1.48
737.0,-1.0
738.0,-1.16
739.0,-1.08
740.0,-1.16
741.0,-3.000000000000001
742.0,-1.44
743.0,-1.12
744.0,-2.5200000000000005
745.0,-2.4400000000000004
746.0,-1.9600000000000004
747.0,-3.240000000000001
748.0,-1.0
749.0,-1.4
750.0,-0.6000000000000008
751.0,-1.2
752.0,-1.6400000000000001
753.0,-1.08
754.0,-1.2
755.0,-1.7200000000000002
756.0,-1.2
757.0,-1.04
758.0,-1.3599999999999999
759.0,-1.04
760.0,-1.44
761.0,-4.960000000000004
762.0,-1.32
763.0,-1.52
764.0,-1.16
765.0,-1.08
766.0,-2.3600000000000003
767.0,-1.08
768.0,-1.8000000000000003
769.0,-2.7200000000000006
770.0,-1.44
771.0,-1.16
772.0,-1.24
773.0,-2.4000000000000004
774.0,-2.4400000000000004
775.0,-1.24
776.0,-3.200000000000001
777.0,-1.2
778.0,-1.9600000000000004
779.0,-2.16
780.0,-3.4800000000000013
781.0,-1.6800000000000002
782.0,-1.0
783.0,-1.56
784.0,-2.2800000000000002
785.0,-2.24
786.0,-2.12
787.0,-1.6800000000000002
788.0,-1.12
789.0,-1.44
790.0,-3.5200000000000014
791.0,-1.24
792.0,-1.04
793.0,-1.0
794.0,-1.3599999999999999
795.0,-1.3599999999999999
796.0,-1.7600000000000002
797.0,-1.16
798.0,-1.0
799.0,-1.32
800.0,-1.44
801.0,-3.4800000000000013
802.0,-1.2
803.0,-1.16
804.0,-1.4
805.0,-1.04
806.0,-3.9600000000000017
807.0,-1.08
808.0,-2.12
809.0,-1.6800000000000002
810.0,-1.12
811.0,-1.6400000000000001
812.0,-1.04
813.0,-1.04
814.0,-1.08
815.0,-1.24
816.0,-1.44
817.0,-1.24
818.0,-1.12
819.0,-4.320000000000002
820.0,-1.08
821.0,-1.32
822.0,-1.2
823.0,-1.24
824.0,-1.16
825.0,-1.16
826.0,-2.8400000000000007
827.0,-1.8000000000000003
828.0,-1.08
829.0,-1.8400000000000003
830.0,-1.08
831.0,-1.4
832.0,-1.04
833.0,-1.44
834.0,-2.5200000000000005
835.0,-1.7200000000000002
836.0,-1.8400000000000003
837.0,-2.3600000000000003
838.0,-1.48
839.0,-1.24
840.0,-1.6
841.0,-1.9600000000000004
842.0,-1.08
843.0,-3.8000000000000016
844.0,-1.12
845.0,-1.2
846.0,-6.2400000000000055
847.0,-1.12
848.0,-1.12
849.0,-2.04
850.0,-2.5200000000000005
851.0,-2.6000000000000005
852.0,-1.0
853.0,-1.44
854.0,-1.04
855.0,-1.9200000000000004
856.0,-2.04
857.0,-1.8000000000000003
858.0,-1.04
859.0,-1.04
860.0,-1.16
861.0,-1.32
862.0,-3.5600000000000014
863.0,-1.7200000000000002
864.0,-1.6400000000000001
865.0,-1.16
866.0,-1.04
867.0,-1.4
868.0,-3.8800000000000017
869.0,-1.12
870.0,-1.48
871.0,-1.08
872.0,-2.16
873.0,-1.8800000000000003
874.0,-1.0
875.0,-2.320000000000002
876.0,-1.16
877.0,-1.2
878.0,-1.0
879.0,-1.9200000000000004
880.0,-1.4
881.0,-0.3200000000000005
882.0,-1.16
883.0,-1.04
884.0,-1.6400000000000001
885.0,-3.7600000000000016
886.0,-2.24
887.0,-1.3599999999999999
888.0,-1.6
889.0,-1.08
890.0,-1.52
891.0,-0.48000000000000065
892.0,-1.28
893.0,-1.16
894.0,-1.12
895.0,-1.8000000000000003
896.0,-1.04
897.0,-1.44
898.0,-1.2
899.0,-1.48
900.0,-1.8400000000000003
901.0,-1.24
902.0,-1.4
903.0,-1.0
904.0,-1.12
905.0,-4.560000000000002
906.0,-1.0
907.0,-2.24
908.0,-1.6400000000000001
909.0,-1.44
910.0,-1.2
911.0,-1.4
912.0,-1.04
913.0,-1.7600000000000002
914.0,-1.28
915.0,-1.120000000000001
916.0,-1.3599999999999999
917.0,-1.12
918.0,-1.3599999999999999
919.0,-2.4400000000000004
920.0,-1.28
921.0,-0.840000000000001
922.0,-1.24
923.0,-1.52
924.0,-1.24
925.0,-1.52
926.0,-1.16
927.0,-1.12
928.0,-1.28
929.0,-3.320000000000003
930.0,-2.2
931.0,-0.28000000000000047
932.0,-1.0
933.0,-1.5600000000000014
934.0,-1.2
935.0,-1.48
936.0,-1.24
937.0,-1.04
938.0,-1.0
939.0,-1.08
940.0,-1.48
941.0,-1.28
942.0,-4.7600000000000025
943.0,-3.4800000000000013
944.0,-1.04
945.0,-1.2
946.0,-1.08
947.0,-1.52
948.0,-1.44
949.0,-2.12
950.0,-1.4
951.0,-2.08
952.0,-1.0
953.0,-1.8400000000000003
954.0,-1.4
955.0,-1.32
956.0,-1.2
957.0,-1.3599999999999999
958.0,-1.8800000000000003
959.0,-1.8000000000000003
960.0,-1.04
961.0,-1.48
962.0,-1.32
963.0,0.1599999999999998
964.0,-1.6400000000000001
965.0,-1.08
966.0,-1.2
967.0,-1.08
968.0,-1.6800000000000002
969.0,-1.16
970.0,-4.320000000000004
971.0,-1.28
972.0,-4.440000000000002
973.0,-1.04
974.0,-1.2
975.0,-1.12
976.0,-1.04
977.0,-1.48
978.0,-1.6800000000000002
979.0,-1.0
980.0,-1.0
981.0,-1.16
982.0,-1.08
983.0,-2.2
984.0,-1.12
985.0,-1.3599999999999999
986.0,-1.48
987.0,-1.9200000000000004
988.0,-1.04
989.0,-1.6400000000000001
990.0,-1.0
991.0,-1.6800000000000002
992.0,-1.7600000000000002
993.0,-1.16
994.0,-1.8000000000000003
995.0,-2.4400000000000004
996.0,-1.7600000000000016
997.0,-0.12000000000000033
998.0,-1.08
999.0,-1.24
1000.0,-1.4
1001.0,-1.08
1002.0,-1.32
1003.0,-2.6400000000000006
1004.0,-1.3599999999999999
1005.0,-1.32
1006.0,-1.08
1007.0,-1.6800000000000002
1008.0,-1.16
1009.0,-1.44
1010.0,-1.16
1011.0,-1.52
1012.0,-2.08
1013.0,-1.16
1014.0,-2.4800000000000004
1015.0,-1.6800000000000002
1016.0,-1.56
1017.0,-2.24
1018.0,-2.04
1019.0,-1.9600000000000004
1020.0,-1.32
1021.0,-1.2
1022.0,-1.08
1023.0,-1.04
1024.0,-1.160000000000001
1025.0,-1.28
1026.0,-1.4
1027.0,-1.04
1028.0,-1.48
1029.0,-1.08
1030.0,-1.24
1031.0,-1.56
1032.0,-1.12
1033.0,-1.04
1034.0,-1.08
1035.0,-1.9200000000000004
1036.0,-1.24
1037.0,-1.32
1038.0,-1.0
1039.0,-1.4
1040.0,-2.04
1041.0,-1.0
1042.0,-1.24
1043.0,-1.52
1044.0,-0.2000000000000004
1045.0,-1.6800000000000002
1046.0,-1.0
1047.0,-1.28
1048.0,-1.4
1049.0,-1.0
1050.0,-2.24
1051.0,-1.0
1052.0,-1.7600000000000002
1053.0,-2.8000000000000007
1054.0,-1.16
1055.0,-1.7600000000000002
1056.0,-0.3200000000000005
1057.0,-1.6800000000000002
1058.0,-2.08
1059.0,-1.8000000000000003
1060.0,-1.08
1061.0,-1.24
1062.0,-2.08
1063.0,-2.6400000000000006
1064.0,-1.24
1065.0,-1.8800000000000003
1066.0,-1.08
1067.0,-1.8400000000000016
1068.0,-1.7600000000000002
1069.0,-1.12
1070.0,-1.08
1071.0,-1.28
1072.0,-1.04
1073.0,-1.08
1074.0,-1.48
1075.0,-1.4
1076.0,-1.08
1077.0,-1.16
1078.0,-1.7600000000000002
1079.0,-1.0
1080.0,-1.32
1081.0,-1.8400000000000003
1082.0,-1.0
1083.0,-1.0
1084.0,-1.04
1085.0,-1.32
1086.0,0.19999999999999984
1087.0,-2.0
1088.0,-1.16
1089.0,-1.12
1090.0,-1.28
1091.0,-3.5200000000000014
1092.0,-1.12
1093.0,-0.28000000000000047
1094.0,-1.2
1095.0,-1.04
1096.0,-1.6800000000000002
1097.0,-1.0
1098.0,-1.56
1099.0,-1.32
1100.0,-1.48
1101.0,-1.32
1102.0,-1.8800000000000003
1103.0,-1.0
1104.0,-1.04
1105.0,-1.7600000000000002
1106.0,-2.960000000000001
1107.0,-1.0
1108.0,-1.6
1109.0,-1.6400000000000001
1110.0,-1.0
1111.0,-1.04
1112.0,-1.8000000000000003
1113.0,-1.6800000000000002
1114.0,-1.56
1115.0,-1.04
1116.0,-1.2
1117.0,-1.6800000000000002
1118.0,-1.120000000000001
1119.0,-1.44
1120.0,-1.04
1121.0,-1.16
1122.0,-1.04
1123.0,-1.24
1124.0,-2.6000000000000005
1125.0,-1.08
1126.0,-1.32
1127.0,-1.6
1128.0,-1.04
1129.0,-0.36000000000000054
1130.0,-1.3599999999999999
1131.0,-2.2
1132.0,-2.5600000000000005
1133.0,-1.9600000000000004
1134.0,-1.9600000000000004
1135.0,-0.3200000000000005
1136.0,-1.6
1137.0,-1.16
1138.0,-1.12
1139.0,-1.08
1140.0,-2.3200000000000003
1141.0,-1.7600000000000002
1142.0,-1.8000000000000003
1143.0,-5.120000000000003
1144.0,-1.0
1145.0,-2.24
1146.0,-1.12
1147.0,-1.08
1148.0,-1.04
1149.0,-1.08
1150.0,-1.4
1151.0,-1.0
1152.0,-2.08
1153.0,-1.2
1154.0,-1.52
1155.0,-4.040000000000002
1156.0,-1.12
1157.0,-2.5200000000000005
1158.0,-1.24
1159.0,-1.44
1160.0,-0.6800000000000008
1161.0,-1.9600000000000004
1162.0,-1.28
1163.0,-1.48
1164.0,-1.56
1165.0,-2.7600000000000007
1166.0,-2.4000000000000004
1167.0,-3.360000000000001
1168.0,-1.48
1169.0,-1.8800000000000003
1170.0,-1.32
1171.0,-2.04
1172.0,-3.000000000000001
1173.0,-2.6000000000000005
1174.0,-1.7600000000000002
1175.0,-1.24
1176.0,-1.16
1177.0,-1.08
1178.0,-1.12
1179.0,-1.48
1180.0,-1.7600000000000002
1181.0,-1.24
1182.0,-1.0
1183.0,-1.32
1184.0,-1.04
1185.0,-1.7200000000000002
1186.0,-1.12
1187.0,-2.5600000000000023
1188.0,-1.56
1189.0,-0.4000000000000006
1190.0,-2.0000000000000018
1191.0,-1.12
1192.0,-1.48
1193.0,-1.7200000000000002
1194.0,-1.12
1195.0,-1.44
1196.0,-4.040000000000002
1197.0,-1.08
1198.0,-1.2
1199.0,-1.44
1200.0,-2.24
1201.0,-1.3599999999999999
1202.0,-1.28
1203.0,-1.32
1204.0,-1.08
1205.0,-1.12
1206.0,-1.12
1207.0,-1.04
1208.0,-1.9600000000000004
1209.0,-1.0
1210.0,-1.7200000000000002
1211.0,-1.52
1212.0,-1.24
1213.0,-1.2
1214.0,-1.7600000000000016
1215.0,-2.24
1216.0,-1.16
1217.0,-1.12
1218.0,-1.6400000000000001
1219.0,-1.04
1220.0,-1.2
1221.0,-1.28
1222.0,-1.16
1223.0,-1.12
1224.0,-1.9200000000000004
1225.0,-1.24
1226.0,-1.56
1227.0,-1.3200000000000012
1228.0,-2.24
1229.0,-1.8000000000000003
1230.0,-1.4400000000000013
1231.0,-1.16
1232.0,-1.2
1233.0,-1.08
1234.0,-1.56
1235.0,-1.7600000000000002
1236.0,-1.7200000000000002
1237.0,-1.12
1238.0,-1.7600000000000002
1239.0,-1.3599999999999999
1240.0,-1.04
1241.0,-1.6400000000000001
1242.0,-1.32
1243.0,-1.0
1244.0,-1.04
1245.0,-1.2
1246.0,-1.7200000000000002
1247.0,-1.2
1248.0,-1.16
1249.0,-1.7200000000000002
1250.0,-2.0
1251.0,-2.5200000000000005
1252.0,-1.3599999999999999
1253.0,-1.0
1254.0,-2.200000000000002
1255.0,-1.04
1256.0,-1.3599999999999999
1257.0,-1.08
1258.0,-1.0
1259.0,-1.04
1260.0,-1.44
1261.0,-2.24
1262.0,-1.7600000000000002
1263.0,-1.48
1264.0,-1.04
1265.0,-1.16
1266.0,0.0399999999999997
1267.0,-1.0
1268.0,-2.24
1269.0,-1.0
1270.0,-1.32
1271.0,-0.24000000000000044
1272.0,-1.8000000000000003
1273.0,-1.56
1274.0,-1.9600000000000004
1275.0,-1.200000000000001
1276.0,-1.0
1277.0,-2.04
1278.0,0.44000000000000006
1279.0,-4.240000000000004
1280.0,-1.6
1281.0,-1.24
1282.0,-1.12
1283.0,-1.3600000000000012
1284.0,-1.28
1285.0,-1.32
1286.0,-1.0
1287.0,-1.16
1288.0,-1.04
1289.0,-2.4400000000000004
1290.0,-1.5600000000000014
1291.0,-1.16
1292.0,-2.2800000000000002
1293.0,-1.0
1294.0,-1.0
1295.0,-1.7200000000000002
1296.0,-1.28
1297.0,-1.28
1298.0,-1.7600000000000002
1299.0,-0.12000000000000033
1300.0,-1.3599999999999999
1301.0,-1.6400000000000001
1302.0,-1.8400000000000003
1303.0,-1.04
1304.0,-1.4
1305.0,-1.7600000000000002
1306.0,-2.4800000000000004
1307.0,-1.0
1308.0,-2.24
1309.0,-1.4
1310.0,-1.3599999999999999
1311.0,-1.28
1312.0,-1.08
1313.0,-1.6400000000000001
1314.0,-1.04
1315.0,-1.6800000000000002
1316.0,-1.6800000000000002
1317.0,-1.04
1318.0,-1.16
1319.0,-1.08
1320.0,-1.48
1321.0,-1.3599999999999999
1322.0,-1.48
1323.0,-1.44
1324.0,-1.44
1325.0,-1.6400000000000001
1326.0,-1.28
1327.0,-2.16
1328.0,-1.8400000000000003
1329.0,-3.400000000000003
1330.0,-1.04
1331.0,-1.6800000000000002
1332.0,-4.040000000000002
1333.0,-1.04
1334.0,-1.9200000000000004
1335.0,0.11999999999999977
1336.0,-1.0
1337.0,-1.3599999999999999
1338.0,-1.12
1339.0,-1.2
1340.0,-1.16
1341.0,-1.24
1342.0,-1.56
1343.0,-1.48
1344.0,-1.44
1345.0,-1.6
1346.0,-1.16
1347.0,-2.6400000000000023
1348.0,-1.12
1349.0,-1.44
1350.0,-1.7600000000000002
1351.0,-1.44
1352.0,-1.4
1353.0,-1.24
1354.0,-1.0
1355.0,-1.8800000000000003
1356.0,-1.3599999999999999
1357.0,-1.32
1358.0,-0.5200000000000007
1359.0,-1.2
1360.0,-1.4
1361.0,-0.4000000000000006
1362.0,-1.04
1363.0,-1.24
1364.0,-1.08
1365.0,-1.6
1366.0,0.19999999999999984
1367.0,-1.4000000000000012
1368.0,-1.6400000000000015
1369.0,-1.32
1370.0,-1.3599999999999999
1371.0,-1.16
1372.0,-0.36000000000000054
1373.0,-0.6400000000000008
1374.0,-1.32
1375.0,-1.04
1376.0,-1.52
1377.0,-1.32
1378.0,-1.4
1379.0,-1.8400000000000003
1380.0,-1.44
1381.0,-1.04
1382.0,-1.0
1383.0,-2.6000000000000005
1384.0,-1.16
1385.0,-1.6400000000000001
1386.0,-1.6
1387.0,-1.5200000000000014
1388.0,-1.12
1389.0,-1.0
1390.0,-1.44
1391.0,-3.560000000000003
1392.0,-1.6400000000000001
1393.0,-1.2
1394.0,-1.08
1395.0,-2.08
1396.0,-0.2000000000000004
1397.0,-0.6000000000000008
1398.0,-1.0
1399.0,-1.0
1400.0,-1.08
1401.0,-2.0
1402.0,-1.4
1403.0,-1.48
1404.0,-2.0
1405.0,-1.32
1406.0,-0.0800000000000003
1407.0,-1.24
1408.0,-1.32
1409.0,-1.04
1410.0,-1.48
1411.0,-0.3200000000000005
1412.0,-1.9600000000000004
1413.0,-1.08
1414.0,-1.120000000000001
1415.0,-1.3599999999999999
1416.0,-1.04
1417.0,-1.0
1418.0,-1.16
1419.0,-1.12
1420.0,-0.04000000000000026
1421.0,-1.28
1422.0,-1.9200000000000004
1423.0,-1.6
1424.0,-1.9600000000000004
1425.0,-0.48000000000000065
1426.0,-1.2
1427.0,-1.2
1428.0,-1.24
1429.0,-1.08
1430.0,-1.28
1431.0,-2.08
1432.0,-2.6400000000000006
1433.0,-1.32
1434.0,-1.48
1435.0,-1.48
1436.0,-1.28
1437.0,-4.0000000000000036
1438.0,-1.0
1439.0,-1.08
1440.0,-1.8400000000000003
1441.0,-1.6400000000000001
1442.0,-1.6400000000000001
1443.0,-1.0
1444.0,-0.6000000000000008
1445.0,-0.28000000000000047
1446.0,-1.52
1447.0,-1.44
1448.0,-2.16
1449.0,-1.12
1450.0,-1.04
1451.0,-2.08
1452.0,-0.7200000000000009
1453.0,-1.04
1454.0,-0.0800000000000003
1455.0,-1.12
1456.0,-1.28
1457.0,-1.3599999999999999
1458.0,-1.04
1459.0,-1.48
1460.0,-2.04
1461.0,-1.04
1462.0,-1.12
1463.0,-0.2000000000000004
1464.0,-1.12
1465.0,-2.12
1466.0,-1.32
1467.0,-2.4000000000000004
1468.0,-2.16
1469.0,-1.04
1470.0,-1.32
1471.0,-1.08
1472.0,-2.24
1473.0,-2.16
1474.0,-1.12
1475.0,-1.0
1476.0,-1.08
1477.0,-2.08
1478.0,-3.040000000000001
1479.0,-1.24
1480.0,-1.0
1481.0,-2.3600000000000003
1482.0,-2.880000000000001
1483.0,-1.7600000000000002
1484.0,-2.5200000000000005
1485.0,-1.3599999999999999
1486.0,0.11999999999999977
1487.0,-1.2
1488.0,-1.2
1489.0,-1.8400000000000003
1490.0,-1.04
1491.0,-1.04
1492.0,-1.9200000000000004
1493.0,-1.48
1494.0,-2.0
1495.0,-1.7600000000000002
1496.0,-1.4
1497.0,-1.0
1498.0,-1.24
1499.0,-1.24
1500.0,-1.48
1501.0,-1.24
1502.0,-1.0
1503.0,-1.24
1504.0,-1.2
1505.0,-1.24
1506.0,-1.24
1507.0,-1.2
1508.0,-1.28
1509.0,-1.16
1510.0,-1.44
1511.0,-1.0
1512.0,-1.24
1513.0,-1.08
1514.0,-1.3599999999999999
1515.0,-1.0
1516.0,-1.44
1517.0,-1.2
1518.0,-1.0
1519.0,-1.9600000000000004
1520.0,-1.52
1521.0,-2.12
1522.0,-1.7600000000000002
1523.0,-1.52
1524.0,0.07999999999999974
1525.0,-1.6
1526.0,-1.48
1527.0,-1.8000000000000003
1528.0,-1.0
1529.0,-1.04
1530.0,-0.16000000000000036
1531.0,-1.16
1532.0,-1.6
1533.0,-0.6800000000000008
1534.0,-1.24
1535.0,-1.16
1536.0,-1.28
1537.0,-1.32
1538.0,-1.52
1539.0,-1.44
1540.0,-1.16
1541.0,-0.6400000000000008
1542.0,-1.0
1543.0,-1.3599999999999999
1544.0,-1.12
1545.0,-2.0
1546.0,-1.2
1547.0,-1.7600000000000002
1548.0,-1.56
1549.0,-1.04
1550.0,-1.24
1551.0,-1.8400000000000003
1552.0,-1.08
1553.0,-1.2
1554.0,-1.44
1555.0,-1.12
1556.0,-1.6400000000000001
1557.0,-0.2000000000000004
1558.0,-1.6400000000000001
1559.0,-1.16
1560.0,-1.12
1561.0,-1.48
1562.0,-1.3599999999999999
1563.0,-1.08
1564.0,-1.12
1565.0,-2.08
1566.0,-1.32
1567.0,0.07999999999999974
1568.0,-2.12
1569.0,-2.2
1570.0,-2.08
1571.0,-1.28
1572.0,-2.08
1573.0,-1.2800000000000011
1574.0,-1.6800000000000002
1575.0,-3.5200000000000014
1576.0,-1.7600000000000002
1577.0,-1.16
1578.0,-2.12
1579.0,-1.6400000000000001
1580.0,-2.04
1581.0,-1.6
1582.0,-1.16
1583.0,-1.52
1584.0,-4.080000000000002
1585.0,-1.04
1586.0,-1.12
1587.0,-1.16
1588.0,-2.4000000000000004
1589.0,-5.720000000000003
1590.0,-1.04
1591.0,-1.28
1592.0,-2.5600000000000005
1593.0,-2.920000000000001
1594.0,-1.4
1595.0,-1.32
1596.0,-1.04
1597.0,-1.2
1598.0,-1.52
1599.0,-1.4
1600.0,-0.920000000000001
1601.0,-2.5600000000000005
1602.0,-1.16
1603.0,-1.3599999999999999
1604.0,-1.32
1605.0,-1.56
1606.0,-1.2
1607.0,-1.12
1608.0,-1.16
1609.0,-1.8400000000000003
1610.0,-2.4400000000000004
1611.0,-1.04
1612.0,-1.7200000000000002
1613.0,-1.24
1614.0,-1.48
1615.0,-1.7600000000000002
1616.0,-1.12
1617.0,-1.7600000000000002
1618.0,-1.8400000000000003
1619.0,-1.04
1620.0,-1.2
1621.0,-2.0
1622.0,-1.52
1623.0,-1.080000000000001
1624.0,-1.6
1625.0,-1.3599999999999999
1626.0,-1.48
1627.0,-2.220446049250313e-16
1628.0,-1.28
1629.0,-1.16
1630.0,-1.4
1631.0,-2.0
1632.0,-1.0
1633.0,-0.840000000000001
1634.0,-1.56
1635.0,-1.16
1636.0,-1.48
1637.0,-2.04
1638.0,-0.7200000000000009
1639.0,-1.56
1640.0,-1.08
1641.0,-1.4
1642.0,-1.0
1643.0,-2.16
1644.0,-1.08
1645.0,-1.44
1646.0,0.1599999999999998
1647.0,-1.16
1648.0,-1.8000000000000003
1649.0,-1.3599999999999999
1650.0,-0.48000000000000065
1651.0,-1.04
1652.0,-0.7200000000000009
1653.0,-1.08
1654.0,-2.8400000000000007
1655.0,-1.08
1656.0,-1.4
1657.0,-2.3200000000000003
1658.0,-1.4
1659.0,-1.32
1660.0,-2.4000000000000004
1661.0,-1.12
1662.0,-2.4800000000000004
1663.0,-1.2
1664.0,-2.920000000000001
1665.0,-1.56
1666.0,-1.4
1667.0,-1.04
1668.0,-1.08
1669.0,-1.44
1670.0,-1.12
1671.0,-2.2
1672.0,-1.0
1673.0,-1.28
1674.0,-1.16
1675.0,-1.0
1676.0,-1.6
1677.0,-1.08
1678.0,-1.04
1679.0,-1.44
1680.0,-0.24000000000000044
1681.0,-2.4000000000000004
1682.0,-0.0800000000000003
1683.0,-1.44
1684.0,-1.08
1685.0,-1.2
1686.0,-0.3200000000000005
1687.0,-1.3599999999999999
1688.0,0.07999999999999974
1689.0,-0.3200000000000005
1690.0,-1.6
1691.0,-1.08
1692.0,-1.6400000000000001
1693.0,-1.6800000000000002
1694.0,-1.0
1695.0,-1.04
1696.0,-1.9200000000000004
1697.0,-1.24
1698.0,-1.3599999999999999
1699.0,-1.16
1700.0,-1.4
1701.0,-1.0
1702.0,-1.04
1703.0,-1.04
1704.0,-1.8000000000000003
1705.0,-1.0
1706.0,-1.12
1707.0,-1.6
1708.0,-1.4
1709.0,-1.6
1710.0,-2.7600000000000007
1711.0,-1.2
1712.0,-1.8400000000000003
1713.0,-1.7200000000000002
1714.0,-0.6800000000000008
1715.0,-1.3599999999999999
1716.0,-1.16
1717.0,-1.32
1718.0,-1.04
1719.0,-1.12
1720.0,-1.4
1721.0,-0.4000000000000006
1722.0,-1.6
1723.0,-1.32
1724.0,-2.08
1725.0,-1.7200000000000002
1726.0,-1.8000000000000003
1727.0,-1.16
1728.0,-0.48000000000000065
1729.0,-0.8000000000000009
1730.0,-1.04
1731.0,0.0399999999999997
1732.0,-0.6400000000000008
1733.0,-0.6400000000000008
1734.0,-1.56
1735.0,-3.8400000000000016
1736.0,-1.04
1737.0,-1.44
1738.0,-0.6000000000000008
1739.0,-0.16000000000000036
1740.0,-1.08
1741.0,-1.28
1742.0,-1.44
1743.0,-1.16
1744.0,-1.0
1745.0,-1.08
1746.0,-1.6400000000000001
1747.0,-3.7600000000000016
1748.0,-0.36000000000000054
1749.0,-1.52
1750.0,-0.24000000000000044
1751.0,-2.4000000000000004
1752.0,-1.24
1753.0,-1.6000000000000014
1754.0,-1.0
1755.0,-1.04
1756.0,-1.12
1757.0,-1.08
1758.0,-1.52
1759.0,-2.080000000000002
1760.0,-1.12
1761.0,-2.08
1762.0,-1.0
1763.0,-1.3599999999999999
1764.0,-1.08
1765.0,-1.04
1766.0,-1.2
1767.0,-1.08
1768.0,-1.16
1769.0,-0.0800000000000003
1770.0,-1.04
1771.0,-1.2
1772.0,-1.28
1773.0,-1.08
1774.0,-1.16
1775.0,-1.08
1776.0,-1.2
1777.0,-1.2
1778.0,-1.24
1779.0,-1.8000000000000003
1780.0,-1.6400000000000001
1781.0,-1.56
1782.0,-1.16
1783.0,-1.9200000000000004
1784.0,-1.12
1785.0,-1.24
1786.0,-2.24
1787.0,-1.7200000000000002
1788.0,-1.3599999999999999
1789.0,-1.12
1790.0,-1.24
1791.0,-1.48
1792.0,-1.6400000000000001
1793.0,-1.04
1794.0,-1.0
1795.0,-1.08
1796.0,-1.4
1797.0,-1.8000000000000003
1798.0,-1.24
1799.0,-1.44
1800.0,-1.24
1801.0,-1.08
1802.0,-0.9600000000000011
1803.0,-1.6800000000000002
1804.0,-1.24
1805.0,-2.4800000000000004
1806.0,-1.16
1807.0,0.19999999999999984
1808.0,-1.2
1809.0,-1.56
1810.0,-1.3599999999999999
1811.0,-1.52
1812.0,-1.0
1813.0,-1.3600000000000012
1814.0,-1.32
1815.0,-1.04
1816.0,-1.120000000000001
1817.0,-1.16
1818.0,-1.8400000000000003
1819.0,-1.16
1820.0,-1.0
1821.0,-1.0
1822.0,-1.32
1823.0,-1.8400000000000003
1824.0,-1.2800000000000011
1825.0,-1.08
1826.0,-1.28
1827.0,-1.04
1828.0,-1.6
1829.0,-1.28
1830.0,-1.0
1831.0,-3.000000000000001
1832.0,-1.04
1833.0,-1.3599999999999999
1834.0,-1.52
1835.0,-1.08
1836.0,-1.7200000000000002
1837.0,-1.04
1838.0,-1.44
1839.0,-0.36000000000000054
1840.0,-1.52
1841.0,-1.4
1842.0,-0.0800000000000003
1843.0,-1.0
1844.0,-1.28
1845.0,-1.32
1846.0,-1.0
1847.0,-1.04
1848.0,-1.08
1849.0,-1.48
1850.0,-0.36000000000000054
1851.0,-1.8800000000000003
1852.0,-2.2
1853.0,-1.3599999999999999
1854.0,-1.2
1855.0,-3.4400000000000013
1856.0,-1.0
1857.0,-1.16
1858.0,-2.12
1859.0,-1.6
1860.0,-1.8000000000000003
1861.0,-1.04
1862.0,-1.8800000000000003
1863.0,-1.3599999999999999
1864.0,-1.52
1865.0,-1.24
1866.0,-1.0
1867.0,-2.960000000000001
1868.0,-1.08
1869.0,-1.04
1870.0,-0.7200000000000009
1871.0,-1.28
1872.0,-1.12
1873.0,-1.44
1874.0,-1.12
1875.0,-1.56
1876.0,-1.04
1877.0,-8.000000000000005
1878.0,-1.7200000000000002
1879.0,-1.16
1880.0,-1.12
1881.0,-1.6
1882.0,-1.4
1883.0,-1.9200000000000004
1884.0,-2.2
1885.0,-1.2
1886.0,-1.0
1887.0,-1.24
1888.0,-1.44
1889.0,-2.5200000000000005
1890.0,-1.04
1891.0,-1.28
1892.0,-1.08
1893.0,-1.04
1894.0,-0.0800000000000003
1895.0,-2.2
1896.0,-1.8000000000000003
1897.0,-3.040000000000001
1898.0,-1.04
1899.0,-1.32
1900.0,-2.16
1901.0,-1.7200000000000002
1902.0,-1.4
1903.0,-1.6800000000000002
1904.0,-2.0
1905.0,-1.6400000000000001
1906.0,-1.08
1907.0,-1.2
1908.0,-1.32
1909.0,-1.44
1910.0,-1.8000000000000003
1911.0,-1.2
1912.0,-2.5200000000000005
1913.0,-1.04
1914.0,-1.8400000000000003
1915.0,-1.6
1916.0,-1.4
1917.0,-1.3600000000000012
1918.0,-1.12
1919.0,-1.56
1920.0,0.19999999999999984
1921.0,-1.28
1922.0,-5.9200000000000035
1923.0,-1.44
1924.0,-1.6400000000000001
1925.0,-1.3599999999999999
1926.0,-1.12
1927.0,-1.28
1928.0,-1.0
1929.0,-1.08
1930.0,-1.4
1931.0,-2.16
1932.0,-2.8000000000000007
1933.0,-2.04
1934.0,-1.04
1935.0,-1.16
1936.0,-1.12
1937.0,-1.4
1938.0,-0.24000000000000044
1939.0,-1.0
1940.0,-1.9600000000000004
1941.0,-1.04
1942.0,-1.32
1943.0,-2.04
1944.0,-1.4
1945.0,-1.8400000000000003
1946.0,-1.28
1947.0,-2.12
1948.0,-1.44
1949.0,-1.24
1950.0,-1.7600000000000002
1951.0,-1.2
1952.0,-1.04
1953.0,-1.04
1954.0,-1.8800000000000003
1955.0,-1.24
1956.0,-1.12
1957.0,-1.0
1958.0,-1.4
1959.0,-1.12
1960.0,-1.08
1961.0,-1.28
1962.0,-1.48
1963.0,-1.7200000000000002
1964.0,-1.08
1965.0,-1.4
1966.0,-1.6
1967.0,-2.08
1968.0,-1.2
1969.0,-2.8400000000000007
1970.0,-0.24000000000000044
1971.0,-1.04
1972.0,-1.32
1973.0,-1.0
1974.0,-1.3599999999999999
1975.0,-1.16
1976.0,-1.08
1977.0,-1.7600000000000002
1978.0,-1.32
1979.0,-1.44
1980.0,-1.04
1981.0,-1.12
1982.0,-1.12
1983.0,-0.24000000000000044
1984.0,-1.7200000000000002
1985.0,-1.6800000000000002
1986.0,-1.32
1987.0,-1.2
1988.0,-1.2
1989.0,-1.8400000000000003
1990.0,-1.7200000000000002
1991.0,-1.12
1992.0,-1.04
1993.0,-1.120000000000001
1994.0,-1.0
1995.0,-1.04
1996.0,-1.44
1997.0,-1.48
1998.0,-0.2000000000000004
1999.0,-1.0
2000.0,-0.36000000000000054
2001.0,-1.3599999999999999
2002.0,-1.44
2003.0,-1.08
2004.0,-1.08
2005.0,-2.8000000000000007
2006.0,-1.6400000000000001
2007.0,-1.08
2008.0,-1.8800000000000003
2009.0,-1.0
2010.0,-4.520000000000002
2011.0,-0.5600000000000007
2012.0,-1.48
2013.0,-1.24
2014.0,-1.2
2015.0,-1.6400000000000001
2016.0,-1.44
2017.0,-0.6800000000000008
2018.0,-1.7200000000000002
2019.0,-1.16
2020.0,-1.44
2021.0,-1.04
2022.0,-1.2
2023.0,-1.32
2024.0,-1.32
2025.0,-2.08
2026.0,-1.3599999999999999
2027.0,-1.48
2028.0,-1.12
2029.0,-0.28000000000000047
2030.0,-1.24
2031.0,-2.4400000000000004
2032.0,-1.52
2033.0,-1.04
2034.0,-1.32
2035.0,-1.12
2036.0,-1.8000000000000003
2037.0,-1.28
2038.0,-1.4
2039.0,-2.16
2040.0,-1.8800000000000003
2041.0,-1.8400000000000003
2042.0,-1.2
2043.0,-2.220446049250313e-16
2044.0,-1.08
2045.0,-2.08
2046.0,-1.44
2047.0,-1.04
2048.0,-1.7200000000000002
2049.0,-1.04
2050.0,-1.12
2051.0,-1.7200000000000002
2052.0,-0.28000000000000047
2053.0,-1.0
2054.0,0.11999999999999977
2055.0,-1.28
2056.0,-0.2000000000000004
2057.0,-1.8400000000000003
2058.0,-1.16
2059.0,-1.08
2060.0,-1.3599999999999999
2061.0,-1.08
2062.0,-1.28
2063.0,-2.0
2064.0,-1.32
2065.0,-1.16
2066.0,-1.6800000000000002
2067.0,0.1599999999999998
2068.0,-1.8800000000000003
2069.0,-1.2
2070.0,-1.16
2071.0,-1.2
2072.0,-0.0800000000000003
2073.0,-1.2
2074.0,-1.12
2075.0,-1.7600000000000002
2076.0,-1.8400000000000003
2077.0,-0.04000000000000026
2078.0,-1.3599999999999999
2079.0,-1.24
2080.0,-1.56
2081.0,-1.04
2082.0,-1.48
2083.0,-1.8000000000000003
2084.0,-1.04
2085.0,-1.04
2086.0,-1.4
2087.0,-1.56
2088.0,-1.48
2089.0,-1.12
2090.0,-1.6
2091.0,-1.28
2092.0,-1.04
2093.0,-1.4400000000000013
2094.0,-1.0
2095.0,-1.16
2096.0,-1.8800000000000003
2097.0,-1.48
2098.0,-1.56
2099.0,-1.2
2100.0,-1.4
2101.0,-1.6400000000000001
2102.0,-1.56
2103.0,-0.12000000000000033
2104.0,-1.08
2105.0,-0.7200000000000009
2106.0,0.07999999999999974
2107.0,-1.6400000000000001
2108.0,-1.08
2109.0,-1.3599999999999999
2110.0,-2.3200000000000003
2111.0,0.2799999999999999
2112.0,-1.2
2113.0,-0.3200000000000005
2114.0,-1.16
2115.0,-1.32
2116.0,-0.24000000000000044
2117.0,-1.56
2118.0,-1.6
2119.0,-1.0
2120.0,-1.08
2121.0,-1.08
2122.0,-1.4
2123.0,-1.08
2124.0,-0.5600000000000007
2125.0,-1.8400000000000003
2126.0,-1.56
2127.0,-0.04000000000000026
2128.0,-1.7200000000000015
2129.0,-1.24
2130.0,-1.0
2131.0,-1.44
2132.0,-1.44
2133.0,-1.56
2134.0,-1.6400000000000001
2135.0,-1.08
2136.0,-1.04
2137.0,-1.8000000000000003
2138.0,-1.32
2139.0,-1.3599999999999999
2140.0,-1.04
2141.0,-1.24
2142.0,-1.3599999999999999
2143.0,-1.24
2144.0,-2.0
2145.0,-1.52
2146.0,-0.36000000000000054
2147.0,-1.8800000000000003
2148.0,-1.04
2149.0,-1.04
2150.0,-5.520000000000003
2151.0,-1.3599999999999999
2152.0,-1.52
2153.0,-1.9200000000000004
2154.0,-1.08
2155.0,-1.0
2156.0,-1.6
2157.0,-1.9600000000000004
2158.0,-1.56
2159.0,-1.28
2160.0,-2.3600000000000003
2161.0,-1.4
2162.0,-0.0800000000000003
2163.0,-0.4000000000000006
2164.0,-0.5200000000000007
2165.0,-1.16
2166.0,-1.6800000000000002
2167.0,-1.16
2168.0,-1.3599999999999999
2169.0,-1.52
2170.0,-1.24
2171.0,-1.6400000000000001
2172.0,-2.4400000000000004
2173.0,-1.7200000000000002
2174.0,-4.920000000000003
2175.0,-1.08
2176.0,-1.2
2177.0,-1.04
2178.0,-1.4
2179.0,-1.2
2180.0,-1.3599999999999999
2181.0,-1.48
2182.0,-1.08
2183.0,-1.52
2184.0,-0.880000000000001
2185.0,0.36
2186.0,-4.080000000000002
2187.0,-1.0
2188.0,-8.240000000000006
2189.0,-1.04
2190.0,-2.16
2191.0,-1.24
2192.0,-1.48
2193.0,-1.8400000000000003
2194.0,-2.0
2195.0,-1.28
2196.0,-1.08
2197.0,-1.24
2198.0,-1.48
2199.0,-1.04
2200.0,-2.5200000000000005
2201.0,-2.12
2202.0,-1.16
2203.0,-1.56
2204.0,-1.08
2205.0,-0.04000000000000026
2206.0,-1.44
2207.0,-1.12
2208.0,-1.4
2209.0,-1.52
2210.0,-2.0
2211.0,-1.16
2212.0,-1.12
2213.0,-0.4000000000000006
2214.0,-1.04
2215.0,-1.12
2216.0,-1.3599999999999999
2217.0,-1.04
2218.0,-2.920000000000001
2219.0,-1.04
2220.0,-1.04
2221.0,0.23999999999999988
2222.0,-1.7600000000000016
2223.0,-1.2
2224.0,-1.2
2225.0,-1.0
2226.0,-1.8400000000000016
2227.0,-1.16
2228.0,-0.6000000000000008
2229.0,-1.08
2230.0,-1.12
2231.0,-1.52
2232.0,0.0399999999999997
2233.0,-1.7200000000000002
2234.0,-1.12
2235.0,-1.0
2236.0,-1.2
2237.0,-0.5200000000000007
2238.0,-1.24
2239.0,-1.08
2240.0,-1.08
2241.0,-1.0
2242.0,-1.52
2243.0,-1.6400000000000001
2244.0,-1.3599999999999999
2245.0,-2.16
2246.0,-1.8000000000000003
2247.0,-1.28
2248.0,-1.2
2249.0,-1.04
2250.0,-1.3599999999999999
2251.0,-1.3599999999999999
2252.0,-1.0
2253.0,-1.6
2254.0,-1.2
2255.0,-0.7200000000000009
2256.0,-1.8400000000000003
2257.0,-1.2
2258.0,-1.16
2259.0,-1.08
2260.0,-1.04
2261.0,-1.08
2262.0,-1.56
2263.0,-1.44
2264.0,-1.32
2265.0,-1.12
2266.0,-1.24
2267.0,-1.12
2268.0,-1.3599999999999999
2269.0,-1.04
2270.0,-1.0
2271.0,-1.16
2272.0,-1.24
2273.0,-2.120000000000002
2274.0,-1.2
2275.0,-1.7600000000000002
2276.0,-1.2
2277.0,-1.2
2278.0,-1.6800000000000002
2279.0,-1.2
2280.0,-1.6
2281.0,-2.24
2282.0,-1.4
2283.0,-1.6400000000000001
2284.0,-1.8800000000000003
2285.0,-1.12
2286.0,-1.6
2287.0,-1.24
2288.0,-1.04
2289.0,-1.9200000000000004
2290.0,-1.04
2291.0,-1.8800000000000003
2292.0,-0.48000000000000065
2293.0,-1.12
2294.0,-1.8400000000000003
2295.0,-1.8400000000000003
2296.0,-2.2
2297.0,0.0399999999999997
2298.0,-3.120000000000001
2299.0,-1.32
2300.0,0.23999999999999988
2301.0,0.2799999999999999
2302.0,-1.04
2303.0,-1.04
2304.0,-1.9200000000000004
2305.0,-1.24
2306.0,-0.5200000000000007
2307.0,-1.8000000000000003
2308.0,-1.48
2309.0,-1.04
2310.0,-1.3599999999999999
2311.0,-1.6
2312.0,-1.0
2313.0,-1.32
2314.0,-1.7200000000000002
2315.0,-1.7600000000000002
2316.0,-1.2
2317.0,-1.12
2318.0,-1.16
2319.0,-1.4
2320.0,-1.0
2321.0,-1.44
2322.0,-1.16
2323.0,-3.5600000000000014
2324.0,-1.0
2325.0,-1.44
2326.0,-1.3599999999999999
2327.0,-0.0800000000000003
2328.0,-1.2
2329.0,-1.24
2330.0,-1.48
2331.0,-1.7600000000000002
2332.0,-1.6800000000000002
2333.0,-1.0
2334.0,-1.08
2335.0,-1.7200000000000002
2336.0,-1.08
2337.0,-1.12
2338.0,-1.12
2339.0,0.23999999999999988
2340.0,-1.12
2341.0,-2.4800000000000004
2342.0,-1.12
2343.0,-1.8800000000000003
2344.0,-1.04
2345.0,0.11999999999999977
2346.0,-1.4
2347.0,-1.48
2348.0,-1.2
2349.0,-2.2
2350.0,-2.12
2351.0,-0.2000000000000004
2352.0,-1.6400000000000001
2353.0,-1.12
2354.0,-0.8000000000000009
2355.0,-1.9600000000000004
2356.0,-1.48
2357.0,-1.8800000000000003
2358.0,-0.28000000000000047
2359.0,-1.240000000000001
2360.0,-1.08
2361.0,-1.0
2362.0,-1.3599999999999999
2363.0,-1.24
2364.0,-0.4400000000000006
2365.0,-1.3599999999999999
2366.0,-1.04
2367.0,-1.0
2368.0,-1.8800000000000003
2369.0,-1.48
2370.0,-2.24
2371.0,0.07999999999999974
2372.0,-2.2800000000000002
2373.0,-1.48
2374.0,-1.12
2375.0,-0.48000000000000065
2376.0,-1.7200000000000002
2377.0,-1.16
2378.0,-1.04
2379.0,-1.4
2380.0,-1.8000000000000003
2381.0,0.0399999999999997
2382.0,-0.16000000000000036
2383.0,-1.8400000000000003
2384.0,-1.0
2385.0,-2.5200000000000005
2386.0,-1.3599999999999999
2387.0,-0.28000000000000047
2388.0,-1.12
2389.0,-2.16
2390.0,-1.48
2391.0,-1.16
2392.0,-1.04
2393.0,-1.6
2394.0,-1.08
2395.0,-1.16
2396.0,-1.16
2397.0,-1.28
2398.0,-1.2
2399.0,-1.7600000000000002
2400.0,-1.6400000000000001
2401.0,-1.12
2402.0,-1.28
2403.0,0.4
2404.0,-0.28000000000000047
2405.0,-2.8400000000000025
2406.0,-2.6000000000000005
2407.0,-1.2
2408.0,-1.28
2409.0,-1.44
2410.0,-8.000000000000005
2411.0,-8.200000000000006
2412.0,-2.220446049250313e-16
2413.0,-1.3599999999999999
2414.0,-1.6800000000000002
2415.0,-1.04
2416.0,-1.04
2417.0,-1.12
2418.0,-1.8000000000000003
2419.0,-2.360000000000002
2420.0,-0.7200000000000009
2421.0,-1.6
2422.0,-1.08
2423.0,-1.6800000000000002
2424.0,-1.04
2425.0,-1.04
2426.0,-1.12
2427.0,-1.08
2428.0,-1.9200000000000004
2429.0,-1.16
2430.0,-1.6800000000000002
2431.0,-1.04
2432.0,-1.0
2433.0,0.19999999999999984
2434.0,-1.2
2435.0,-1.56
2436.0,-1.6
2437.0,-1.0
2438.0,-1.12
2439.0,-0.16000000000000036
2440.0,-1.24
2441.0,-1.12
2442.0,-1.04
2443.0,-1.16
2444.0,-1.24
2445.0,-1.9200000000000004
2446.0,-1.48
2447.0,-0.28000000000000047
2448.0,-1.24
2449.0,-1.2
2450.0,-1.16
2451.0,-1.160000000000001
2452.0,-1.16
2453.0,-1.12
2454.0,-0.5600000000000007
2455.0,-1.6800000000000002
2456.0,-1.12
2457.0,-1.6
2458.0,-1.08
2459.0,-1.0
2460.0,-1.56
2461.0,-1.8400000000000003
2462.0,-0.4400000000000006
2463.0,-1.24
2464.0,-1.0
2465.0,-1.04
2466.0,-1.4
2467.0,-1.24
2468.0,-1.2
2469.0,-1.04
2470.0,-1.0
2471.0,-1.4
2472.0,-1.12
2473.0,-2.08
2474.0,-1.2
2475.0,-1.4
2476.0,-1.24
2477.0,-2.24
2478.0,-1.48
2479.0,-0.6000000000000008
2480.0,-1.3599999999999999
2481.0,-1.04
2482.0,-2.12
2483.0,-1.2
2484.0,-1.0
2485.0,-1.56
2486.0,-1.8000000000000003
2487.0,-1.8000000000000003
2488.0,-1.52
2489.0,-1.3599999999999999
2490.0,-1.4
2491.0,-1.8000000000000003
2492.0,-2.0
2493.0,-1.04
2494.0,-1.16
2495.0,-0.16000000000000036
2496.0,-1.6
2497.0,-1.4
2498.0,-1.4
2499.0,-1.24
2500.0,-1.28
2501.0,-1.4
2502.0,-1.6
2503.0,-2.880000000000001
2504.0,-1.12
2505.0,-1.4
2506.0,-0.4400000000000006
2507.0,-1.16
2508.0,-2.08
2509.0,-1.4
2510.0,-1.52
2511.0,-2.04
2512.0,-1.6
2513.0,-1.44
2514.0,-1.2
2515.0,-1.8400000000000003
2516.0,-1.3599999999999999
2517.0,-1.04
2518.0,-0.36000000000000054
2519.0,-1.04
2520.0,-0.24000000000000044
2521.0,-1.08
2522.0,-1.44
2523.0,-1.32
2524.0,-1.7600000000000002
2525.0,-1.28
2526.0,-1.3599999999999999
2527.0,-1.04
2528.0,-1.56
2529.0,-1.52
2530.0,-1.28
2531.0,-1.24
2532.0,-1.4
2533.0,-1.3599999999999999
2534.0,0.0399999999999997
2535.0,-1.32
2536.0,-2.16
2537.0,-1.3599999999999999
2538.0,-1.6400000000000001
2539.0,-1.08
2540.0,-0.4400000000000006
2541.0,-1.44
2542.0,-1.32
2543.0,-1.8000000000000003
2544.0,-0.36000000000000054
2545.0,-1.32
2546.0,-1.52
2547.0,-2.220446049250313e-16
2548.0,-1.6400000000000001
2549.0,-1.56
2550.0,-1.2
2551.0,-1.4
2552.0,-1.0
2553.0,-1.04
2554.0,-2.08
2555.0,-1.32
2556.0,-1.04
2557.0,-1.08
2558.0,-1.4
2559.0,-1.4000000000000012
2560.0,-1.4
2561.0,-1.8000000000000003
2562.0,-1.08
2563.0,-1.08
2564.0,-2.08
2565.0,-1.52
2566.0,-1.32
2567.0,-2.4800000000000004
2568.0,-0.36000000000000054
2569.0,-0.28000000000000047
2570.0,-0.16000000000000036
2571.0,-1.12
2572.0,-1.4
2573.0,-1.6
2574.0,-1.3599999999999999
2575.0,-2.04
2576.0,-2.2
2577.0,-1.6800000000000002
2578.0,-1.0
2579.0,-3.4400000000000013
2580.0,-1.04
2581.0,0.11999999999999977
2582.0,-1.32
2583.0,-1.08
2584.0,-1.52
2585.0,-1.8800000000000003
2586.0,0.0399999999999997
2587.0,-1.04
2588.0,-1.7200000000000002
2589.0,-1.28
2590.0,0.19999999999999984
2591.0,-2.220446049250313e-16
2592.0,-2.4800000000000004
2593.0,-1.08
2594.0,-1.0
2595.0,-1.6400000000000001
2596.0,-0.36000000000000054
2597.0,-1.9600000000000004
2598.0,-3.000000000000001
2599.0,-1.12
2600.0,-1.3599999999999999
2601.0,-1.0
2602.0,-2.6000000000000005
2603.0,-1.04
2604.0,-1.04
2605.0,-1.16
2606.0,-1.0
2607.0,-1.08
2608.0,-1.24
2609.0,0.4800000000000001
2610.0,-1.04
2611.0,-1.24
2612.0,-1.32
2613.0,0.07999999999999974
2614.0,-1.2
2615.0,-1.6
2616.0,-1.2
2617.0,-1.32
2618.0,-1.24
2619.0,-4.880000000000003
2620.0,-0.4400000000000006
2621.0,-1.56
2622.0,-1.6400000000000001
2623.0,-0.880000000000001
2624.0,-0.2000000000000004
2625.0,-8.000000000000005
2626.0,-1.4
2627.0,-1.0
2628.0,-1.12
2629.0,-1.04
2630.0,-1.08
2631.0,-2.3200000000000003
2632.0,-1.48
2633.0,-1.3599999999999999
2634.0,-1.08
2635.0,-1.12
2636.0,0.44000000000000006
2637.0,-2.2800000000000002
2638.0,-1.7600000000000002
2639.0,-1.24
2640.0,-1.52
2641.0,-1.3599999999999999
2642.0,-1.12
2643.0,-2.24
2644.0,-1.48
2645.0,0.31999999999999995
2646.0,-1.16
2647.0,-1.8800000000000003
2648.0,-0.4000000000000006
2649.0,-1.2
2650.0,-1.16
2651.0,-1.6400000000000001
2652.0,-1.0
2653.0,-1.28
2654.0,-1.0
2655.0,-1.6400000000000001
2656.0,-1.52
2657.0,-1.08
2658.0,-4.280000000000002
2659.0,-1.08
2660.0,-1.0
2661.0,-0.2000000000000004
2662.0,-1.4
2663.0,-1.56
2664.0,-1.44
2665.0,-1.16
2666.0,0.1599999999999998
2667.0,-1.12
2668.0,0.23999999999999988
2669.0,-1.3599999999999999
2670.0,-1.6
2671.0,-1.5200000000000014
2672.0,-1.3599999999999999
2673.0,0.31999999999999995
2674.0,-1.2
2675.0,-1.04
2676.0,-1.32
2677.0,-1.32
2678.0,-1.04
2679.0,-1.6
2680.0,0.07999999999999974
2681.0,-3.200000000000003
2682.0,-1.2
2683.0,-2.220446049250313e-16
2684.0,-0.3200000000000005
2685.0,-1.2
2686.0,-1.3599999999999999
2687.0,0.07999999999999974
2688.0,-1.52
2689.0,-1.08
2690.0,-2.04
2691.0,-1.16
2692.0,-1.12
2693.0,-1.28
2694.0,-1.6800000000000002
2695.0,-1.0
2696.0,-1.12
2697.0,-2.220446049250313e-16
2698.0,-0.04000000000000026
2699.0,-1.52
2700.0,-1.2
2701.0,-1.56
2702.0,-5.400000000000005
2703.0,-4.160000000000002
2704.0,-2.04
2705.0,-1.0
2706.0,-1.08
2707.0,-1.9200000000000004
2708.0,-1.28
2709.0,-1.04
2710.0,-1.04
2711.0,-1.48
2712.0,-1.32
2713.0,-1.6400000000000001
2714.0,-2.220446049250313e-16
2715.0,-1.28
2716.0,0.1599999999999998
2717.0,-2.080000000000002
2718.0,-1.12
2719.0,-2.08
2720.0,-1.7200000000000002
2721.0,-2.3600000000000003
2722.0,-2.2800000000000002
2723.0,-1.7200000000000002
2724.0,-1.0
2725.0,-2.3600000000000003
2726.0,-2.16
2727.0,-1.24
2728.0,-1.28
2729.0,-1.16
2730.0,-1.16
2731.0,-1.8000000000000003
2732.0,-0.16000000000000036
2733.0,0.19999999999999984
2734.0,-1.08
2735.0,-1.56
2736.0,-1.48
2737.0,-1.32
2738.0,-1.44
2739.0,-1.16
2740.0,-1.24
2741.0,-1.6400000000000001
2742.0,-2.200000000000002
2743.0,-1.52
2744.0,-1.7200000000000002
2745.0,-1.44
2746.0,-1.28
2747.0,-0.28000000000000047
2748.0,-1.2
2749.0,-0.24000000000000044
2750.0,-1.08
2751.0,0.4
2752.0,-2.0
2753.0,-1.3599999999999999
2754.0,-1.3599999999999999
2755.0,-1.2
2756.0,-0.4000000000000006
2757.0,-0.3200000000000005
2758.0,-1.48
2759.0,-1.6400000000000001
2760.0,-1.12
2761.0,-1.4
2762.0,-2.4000000000000004
2763.0,-1.2
2764.0,-1.4
2765.0,-1.08
2766.0,-1.4
2767.0,0.23999999999999988
2768.0,-2.220446049250313e-16
2769.0,0.0399999999999997
2770.0,-1.32
2771.0,-0.6000000000000008
2772.0,-1.24
2773.0,-1.08
2774.0,-1.9600000000000004
2775.0,-0.04000000000000026
2776.0,-0.24000000000000044
2777.0,-2.3200000000000003
2778.0,-1.4
2779.0,0.44000000000000006
2780.0,0.0399999999999997
2781.0,-0.12000000000000033
2782.0,-0.2000000000000004
2783.0,-1.48
2784.0,-1.12
2785.0,-1.7200000000000002
2786.0,-1.2
2787.0,-1.6400000000000001
2788.0,-1.6800000000000002
2789.0,-1.56
2790.0,-0.4400000000000006
2791.0,-1.3599999999999999
2792.0,-1.6800000000000002
2793.0,-1.48
2794.0,-2.08
2795.0,-0.04000000000000026
2796.0,-1.7600000000000002
2797.0,-1.28
2798.0,-1.8800000000000003
2799.0,-0.7200000000000009
2800.0,-1.0
2801.0,-1.24
2802.0,-1.28
2803.0,-1.8800000000000003
2804.0,0.2799999999999999
2805.0,-1.44
2806.0,-1.28
2807.0,-0.36000000000000054
2808.0,-0.0800000000000003
2809.0,-1.6800000000000002
2810.0,-2.220446049250313e-16
2811.0,-2.3600000000000003
2812.0,-1.16
2813.0,-0.4400000000000006
2814.0,-0.04000000000000026
2815.0,-1.0
2816.0,-1.08
2817.0,-1.7200000000000002
2818.0,-2.24
2819.0,-1.6400000000000001
2820.0,-1.6400000000000001
2821.0,-1.28
2822.0,-1.9600000000000017
2823.0,-1.0
2824.0,-1.08
2825.0,-1.3599999999999999
2826.0,-4.280000000000004
2827.0,-2.0
2828.0,-1.6
2829.0,-0.12000000000000033
2830.0,-1.12
2831.0,0.0399999999999997
2832.0,-1.16
2833.0,-1.4
2834.0,-0.880000000000001
2835.0,-1.04
2836.0,-2.12
2837.0,-1.12
2838.0,-1.04
2839.0,-1.28
2840.0,-1.2800000000000011
2841.0,-1.6400000000000001
2842.0,-1.32
2843.0,-1.04
2844.0,0.0399999999999997
2845.0,-1.0
2846.0,-1.32
2847.0,-1.24
2848.0,-1.52
2849.0,-1.04
2850.0,-1.0
2851.0,-3.7200000000000015
2852.0,-1.32
2853.0,-1.2
2854.0,-1.3600000000000012
2855.0,-1.28
2856.0,-1.04
2857.0,-3.7200000000000015
2858.0,-1.16
2859.0,-1.7600000000000002
2860.0,-1.3599999999999999
2861.0,-1.2
2862.0,-1.28
2863.0,-1.04
2864.0,-1.08
2865.0,-1.0
2866.0,0.19999999999999984
2867.0,-2.220446049250313e-16
2868.0,-1.3599999999999999
2869.0,-1.0
2870.0,-1.08
2871.0,-1.32
2872.0,-1.08
2873.0,-1.0
2874.0,-3.8800000000000017
2875.0,-0.04000000000000026
2876.0,-1.48
2877.0,-0.48000000000000065
2878.0,-3.000000000000001
2879.0,-2.8000000000000007
2880.0,-1.0
2881.0,0.07999999999999974
2882.0,-3.7200000000000033
2883.0,-3.040000000000001
2884.0,-1.48
2885.0,-1.12
2886.0,-1.24
2887.0,-1.7600000000000002
2888.0,-1.08
2889.0,-1.24
2890.0,-1.28
2891.0,-1.08
2892.0,-1.32
2893.0,-1.24
2894.0,-1.32
2895.0,-1.16
2896.0,-1.0
2897.0,-1.08
2898.0,-2.3200000000000003
2899.0,-1.3599999999999999
2900.0,-1.52
2901.0,-4.080000000000002
2902.0,-1.2
2903.0,-1.24
2904.0,-1.56
2905.0,-1.12
2906.0,-1.28
2907.0,-1.28
2908.0,-1.08
2909.0,-1.28
2910.0,-0.12000000000000033
2911.0,-1.4
2912.0,-1.24
2913.0,-1.2
2914.0,-2.2
2915.0,-1.4
2916.0,-1.08
2917.0,-1.2
2918.0,-3.520000000000003
2919.0,-1.08
2920.0,-1.0
2921.0,-1.6400000000000001
2922.0,-1.0
2923.0,-2.12
2924.0,-7.920000000000005
2925.0,-1.6
2926.0,-1.0
2927.0,-1.04
2928.0,-2.220446049250313e-16
2929.0,-1.6
2930.0,-1.08
2931.0,-1.8800000000000003
2932.0,0.31999999999999995
2933.0,-1.16
2934.0,-1.0
2935.0,-1.52
2936.0,-1.3599999999999999
2937.0,-3.080000000000001
2938.0,-1.52
2939.0,-1.8800000000000003
2940.0,-1.04
2941.0,-1.04
2942.0,-1.12
2943.0,-1.0
2944.0,-1.32
2945.0,-1.6
2946.0,-5.240000000000003
2947.0,-1.0
2948.0,0.23999999999999988
2949.0,-2.880000000000001
2950.0,-1.04
2951.0,-1.52
2952.0,-1.48
2953.0,-1.28
2954.0,-1.08
2955.0,-1.2
2956.0,-1.16
2957.0,-2.4800000000000004
2958.0,-6.120000000000004
2959.0,-1.56
2960.0,-3.240000000000001
2961.0,-1.52
2962.0,0.07999999999999974
2963.0,-2.0
2964.0,-4.0000000000000036
2965.0,-2.16
2966.0,-1.52
2967.0,0.07999999999999974
2968.0,-1.0
2969.0,-1.08
2970.0,-1.28
2971.0,-1.28
2972.0,-1.28
2973.0,-1.04
2974.0,-1.28
2975.0,-2.04
2976.0,-1.3599999999999999
2977.0,-1.12
2978.0,-2.2800000000000002
2979.0,-1.32
2980.0,-1.32
2981.0,-1.0
2982.0,-1.0
2983.0,-1.6
2984.0,-1.28
2985.0,-1.32
2986.0,-1.52
2987.0,-1.0
2988.0,-1.24
2989.0,-1.5200000000000014
2990.0,-1.0
2991.0,-8.000000000000005
2992.0,-0.840000000000001
2993.0,-1.28
2994.0,-0.2000000000000004
2995.0,-1.44
2996.0,-1.24
2997.0,-1.24
2998.0,-1.52
2999.0,-6.880000000000004
3000.0,-1.52
3001.0,-8.480000000000006
3002.0,-1.4
3003.0,-1.52
3004.0,-1.52
3005.0,-1.16
3006.0,-1.48
3007.0,-3.8400000000000016
3008.0,-1.6400000000000001
3009.0,-0.04000000000000026
3010.0,-1.4
3011.0,-1.3599999999999999
3012.0,-1.6
3013.0,-0.28000000000000047
3014.0,-1.08
3015.0,0.11999999999999977
3016.0,-1.0
3017.0,-1.32
3018.0,-1.48
3019.0,-1.3599999999999999
3020.0,-0.28000000000000047
3021.0,-1.48
3022.0,0.4
3023.0,-1.16
3024.0,-1.2
3025.0,-1.08
3026.0,-1.08
3027.0,-1.2
3028.0,-0.8000000000000009
3029.0,-1.08
3030.0,0.4
3031.0,-2.12
3032.0,-1.48
3033.0,-2.160000000000002
3034.0,-1.04
3035.0,-0.04000000000000026
3036.0,0.1599999999999998
3037.0,-1.16
3038.0,-0.0800000000000003
3039.0,0.23999999999999988
3040.0,-1.8800000000000003
3041.0,-1.24
3042.0,-1.08
3043.0,0.36
3044.0,-1.12
3045.0,0.23999999999999988
3046.0,-1.8000000000000003
3047.0,-1.0
3048.0,-1.44
3049.0,-1.3599999999999999
3050.0,-1.0
3051.0,-1.4
3052.0,-1.04
3053.0,-1.12
3054.0,-1.7600000000000002
3055.0,-0.7600000000000009
3056.0,-1.7200000000000002
3057.0,-1.48
3058.0,-2.3600000000000003
3059.0,-2.120000000000002
3060.0,-1.9600000000000004
3061.0,-1.6400000000000001
3062.0,-1.6800000000000002
3063.0,-1.12
3064.0,-1.4
3065.0,-1.04
3066.0,-1.32
3067.0,0.0399999999999997
3068.0,0.23999999999999988
3069.0,-1.12
3070.0,0.1599999999999998
3071.0,-1.4
3072.0,-1.8000000000000003
3073.0,-1.9600000000000004
3074.0,-1.44
3075.0,-1.4
3076.0,-1.12
3077.0,-2.6400000000000006
3078.0,-1.0
3079.0,-1.12
3080.0,-1.04
3081.0,-1.0
3082.0,-1.44
3083.0,-1.28
3084.0,-1.04
3085.0,-1.6400000000000001
3086.0,-1.16
3087.0,-1.28
3088.0,-1.16
3089.0,-1.24
3090.0,-1.24
3091.0,-0.12000000000000033
3092.0,-2.920000000000001
3093.0,-1.04
3094.0,-1.08
3095.0,-1.2
3096.0,-1.3599999999999999
3097.0,-1.12
3098.0,-1.08
3099.0,-1.12
3100.0,-1.4
3101.0,-1.12
3102.0,-1.24
3103.0,-1.8400000000000003
3104.0,-1.32
3105.0,-1.04
3106.0,-1.3599999999999999
3107.0,-1.08
3108.0,-2.0
3109.0,-1.48
3110.0,-1.04
3111.0,-1.7600000000000016
3112.0,-1.04
3113.0,-1.8000000000000003
3114.0,-1.08
3115.0,-0.5600000000000007
3116.0,-1.04
3117.0,-1.56
3118.0,-1.6800000000000002
3119.0,-0.24000000000000044
3120.0,-1.24
3121.0,-1.24
3122.0,-1.12
3123.0,0.1599999999999998
3124.0,-1.04
3125.0,-1.04
3126.0,-1.16
3127.0,-1.6
3128.0,-1.6800000000000002
3129.0,-2.2800000000000002
3130.0,0.1599999999999998
3131.0,-1.7200000000000002
3132.0,-2.0
3133.0,-1.52
3134.0,-1.52
3135.0,-1.52
3136.0,-1.56
3137.0,-8.000000000000005
3138.0,-1.0
3139.0,-1.08
3140.0,-1.6
3141.0,-1.8800000000000003
3142.0,-1.2
3143.0,-1.44
3144.0,-1.08
3145.0,-1.3599999999999999
3146.0,-1.2
3147.0,-1.6800000000000015
3148.0,-1.52
3149.0,-1.28
3150.0,-1.24
3151.0,-1.4
3152.0,-4.520000000000002
3153.0,-1.04
3154.0,0.31999999999999995
3155.0,-1.7600000000000002
3156.0,0.07999999999999974
3157.0,-1.7600000000000002
3158.0,-1.16
3159.0,-1.08
3160.0,-1.08
3161.0,-1.08
3162.0,0.1599999999999998
3163.0,-1.28
3164.0,-1.48
3165.0,-5.560000000000003
3166.0,-1.28
3167.0,-1.48
3168.0,-3.520000000000003
3169.0,-1.0
3170.0,-1.08
3171.0,-1.44
3172.0,-1.48
3173.0,0.31999999999999995
3174.0,-2.12
3175.0,-1.44
3176.0,-1.3599999999999999
3177.0,-1.44
3178.0,-3.040000000000001
3179.0,-1.2
3180.0,-1.2
3181.0,-1.12
3182.0,-1.52
3183.0,-1.4
3184.0,-2.040000000000002
3185.0,-1.08
3186.0,-2.04
3187.0,-1.3599999999999999
3188.0,-1.24
3189.0,-1.04
3190.0,-1.08
3191.0,-1.4
3192.0,-0.0800000000000003
3193.0,-1.24
3194.0,-1.48
3195.0,-1.16
3196.0,-3.040000000000001
3197.0,-1.7600000000000002
3198.0,0.11999999999999977
3199.0,-0.0800000000000003
3200.0,-1.04
3201.0,-1.0
3202.0,-1.3599999999999999
3203.0,-1.0
3204.0,-2.6000000000000005
3205.0,-1.4
3206.0,-3.600000000000003
3207.0,-1.04
3208.0,-1.32
3209.0,-1.7600000000000002
3210.0,-1.52
3211.0,-1.32
3212.0,-1.0
3213.0,-6.0000000000000036
3214.0,-1.8000000000000003
3215.0,-1.4
3216.0,-1.24
3217.0,-1.04
3218.0,-2.4000000000000004
3219.0,-2.920000000000001
3220.0,-1.8400000000000003
3221.0,-1.12
3222.0,-1.6
3223.0,-1.0
3224.0,-1.0
3225.0,-1.08
3226.0,0.07999999999999974
3227.0,-3.280000000000001
3228.0,-1.04
3229.0,0.23999999999999988
3230.0,-1.28
3231.0,-1.12
3232.0,-1.48
3233.0,-2.4800000000000004
3234.0,-3.4800000000000013
3235.0,-1.2
3236.0,-1.12
3237.0,-2.2
3238.0,-1.16
3239.0,-0.4000000000000006
3240.0,-1.04
3241.0,-1.12
3242.0,-1.08
3243.0,-1.7200000000000002
3244.0,-1.3599999999999999
3245.0,-1.32
3246.0,-1.08
3247.0,-1.7600000000000002
3248.0,-1.48
3249.0,-1.28
3250.0,-1.24
3251.0,-1.2
3252.0,-1.16
3253.0,-1.4
3254.0,-1.12
3255.0,-1.7600000000000002
3256.0,-1.9600000000000004
3257.0,-1.3599999999999999
3258.0,-1.12
3259.0,-1.28
3260.0,0.0399999999999997
3261.0,-1.3599999999999999
3262.0,-1.48
3263.0,-2.0
3264.0,-1.32
3265.0,-1.04
3266.0,-1.28
3267.0,-1.0
3268.0,-1.6
3269.0,-1.4
3270.0,-1.4
3271.0,-1.44
3272.0,-1.0
3273.0,-0.16000000000000036
3274.0,-1.12
3275.0,-1.12
3276.0,0.11999999999999977
3277.0,-1.52
3278.0,-2.6800000000000006
3279.0,-1.6800000000000002
3280.0,-1.48
3281.0,-2.12
3282.0,0.1599999999999998
3283.0,-1.24
3284.0,-0.16000000000000036
3285.0,-1.4
3286.0,-1.12
3287.0,-1.32
3288.0,-0.24000000000000044
3289.0,-1.16
3290.0,-0.6400000000000008
3291.0,-1.6400000000000001
3292.0,-1.6800000000000002
3293.0,-1.04
3294.0,-2.2
3295.0,0.23999999999999988
3296.0,0.0399999999999997
3297.0,-1.12
3298.0,-1.24
3299.0,-1.12
3300.0,-1.12
3301.0,-1.08
3302.0,-1.24
3303.0,0.4800000000000001
3304.0,0.23999999999999988
3305.0,-1.7200000000000002
3306.0,-1.08
3307.0,-1.04
3308.0,-1.24
3309.0,0.11999999999999977
3310.0,-1.04
3311.0,-3.9200000000000017
3312.0,-1.16
3313.0,-1.2
3314.0,-1.5600000000000014
3315.0,-1.12
3316.0,-2.4800000000000004
3317.0,-1.7200000000000002
3318.0,-1.6800000000000002
3319.0,-1.04
3320.0,-1.6
3321.0,-1.6
3322.0,-1.32
3323.0,-1.7600000000000002
3324.0,-1.48
3325.0,-1.28
3326.0,-1.4
3327.0,-1.3599999999999999
3328.0,0.11999999999999977
3329.0,-1.7600000000000002
3330.0,-1.0
3331.0,-1.04
3332.0,-1.48
3333.0,-1.04
3334.0,-2.04
3335.0,-1.32
3336.0,-1.08
3337.0,-1.24
3338.0,-1.12
3339.0,0.07999999999999974
3340.0,-1.8400000000000003
3341.0,0.2799999999999999
3342.0,-1.7600000000000002
3343.0,-1.16
3344.0,-1.2
3345.0,-1.44
3346.0,-8.000000000000005
3347.0,-2.8000000000000025
3348.0,-2.04
3349.0,-1.28
3350.0,-1.0
3351.0,-1.04
3352.0,-2.24
3353.0,-2.08
3354.0,-1.12
3355.0,-1.24
3356.0,-0.0800000000000003
3357.0,-1.12
3358.0,-1.8400000000000003
3359.0,-1.4
3360.0,-1.24
3361.0,-1.12
3362.0,-1.6
3363.0,-1.52
3364.0,-0.6400000000000008
3365.0,-1.12
3366.0,-1.56
3367.0,-2.3200000000000003
3368.0,0.0399999999999997
3369.0,-1.6400000000000001
3370.0,-1.28
3371.0,-1.0
3372.0,-1.28
3373.0,-1.12
3374.0,-0.24000000000000044
3375.0,-1.0
3376.0,-1.3599999999999999
3377.0,0.31999999999999995
3378.0,0.11999999999999977
3379.0,-7.600000000000005
3380.0,0.19999999999999984
3381.0,0.1599999999999998
3382.0,-1.4
3383.0,0.11999999999999977
3384.0,-1.12
3385.0,-2.16
3386.0,-1.24
3387.0,-2.08
3388.0,-1.28
3389.0,-3.240000000000001
3390.0,-1.8000000000000003
3391.0,-1.8000000000000003
3392.0,0.0399999999999997
3393.0,-1.6400000000000001
3394.0,-1.12
3395.0,-0.04000000000000026
3396.0,-1.4
3397.0,-1.6400000000000001
3398.0,0.11999999999999977
3399.0,-1.200000000000001
3400.0,-1.2
3401.0,-1.44
3402.0,-1.0
3403.0,-1.3599999999999999
3404.0,-1.12
3405.0,-1.28
3406.0,-2.3600000000000003
3407.0,-1.08
3408.0,-1.12
3409.0,-1.48
3410.0,-3.6000000000000014
3411.0,-1.04
3412.0,-1.3599999999999999
3413.0,-1.16
3414.0,-1.0
3415.0,-1.7600000000000002
3416.0,-1.8800000000000003
3417.0,-1.04
3418.0,-1.8800000000000003
3419.0,-1.16
3420.0,-1.7200000000000002
3421.0,-0.0800000000000003
3422.0,-2.2800000000000002
3423.0,-1.16
3424.0,-1.0
3425.0,-1.7200000000000002
3426.0,-1.16
3427.0,0.11999999999999977
3428.0,0.1599999999999998
3429.0,-1.0
3430.0,-1.4800000000000013
3431.0,-1.24
3432.0,-4.360000000000002
3433.0,-1.28
3434.0,-1.24
3435.0,-1.7600000000000002
3436.0,-1.12
3437.0,-5.440000000000003
3438.0,-1.6000000000000014
3439.0,-1.52
3440.0,-1.04
3441.0,0.11999999999999977
3442.0,-4.120000000000002
3443.0,-1.7200000000000002
3444.0,-1.7200000000000002
3445.0,-1.52
3446.0,-1.4
3447.0,-3.280000000000001
3448.0,-1.4
3449.0,-1.32
3450.0,-1.28
3451.0,-1.08
3452.0,-1.0
3453.0,-1.12
3454.0,-1.08
3455.0,-1.48
3456.0,-1.7600000000000002
3457.0,-1.24
3458.0,-2.04
3459.0,-2.040000000000002
3460.0,-1.16
3461.0,-1.3599999999999999
3462.0,-1.2
3463.0,-1.04
3464.0,-1.6
3465.0,-1.28
3466.0,0.1599999999999998
3467.0,-1.12
3468.0,-1.0
3469.0,0.31999999999999995
3470.0,0.4
3471.0,-1.16
3472.0,-1.04
3473.0,-1.8000000000000003
3474.0,-1.52
3475.0,-1.8400000000000003
3476.0,0.23999999999999988
3477.0,-0.3200000000000005
3478.0,-1.24
3479.0,-1.32
3480.0,-2.08
3481.0,-1.32
3482.0,-1.16
3483.0,-1.08
3484.0,-3.360000000000001
3485.0,-1.04
3486.0,-1.6400000000000001
3487.0,-1.48
3488.0,-1.56
3489.0,0.31999999999999995
3490.0,-1.4
3491.0,-1.2
3492.0,-1.44
3493.0,0.1599999999999998
3494.0,-1.3200000000000012
3495.0,0.19999999999999984
3496.0,-1.48
3497.0,-1.52
3498.0,-1.3599999999999999
3499.0,-1.08
3500.0,0.4
3501.0,-0.36000000000000054
3502.0,-1.08
3503.0,-1.48
3504.0,-1.44
3505.0,-1.0
3506.0,-0.840000000000001
3507.0,0.11999999999999977
3508.0,-0.4000000000000006
3509.0,-3.320000000000003
3510.0,-0.12000000000000033
3511.0,-1.48
3512.0,-1.44
3513.0,-1.04
3514.0,-1.52
3515.0,-1.6800000000000002
3516.0,-1.4
3517.0,-1.08
3518.0,-1.7200000000000002
3519.0,-1.6
3520.0,-1.28
3521.0,-1.16
3522.0,-1.3599999999999999
3523.0,-1.04
3524.0,-0.28000000000000047
3525.0,-1.9200000000000004
3526.0,0.44000000000000006
3527.0,-0.880000000000001
3528.0,0.31999999999999995
3529.0,-1.04
3530.0,-1.32
3531.0,-1.8800000000000003
3532.0,-1.16
3533.0,-1.0
3534.0,0.31999999999999995
3535.0,-0.5200000000000007
3536.0,-1.16
3537.0,-1.12
3538.0,-1.44
3539.0,-0.6000000000000008
3540.0,-1.08
3541.0,-1.2
3542.0,-1.52
3543.0,-1.12
3544.0,-1.44
3545.0,-1.6400000000000001
3546.0,-1.16
3547.0,-3.4400000000000013
3548.0,-0.4400000000000006
3549.0,-2.220446049250313e-16
3550.0,-1.2
3551.0,-2.4400000000000004
3552.0,-0.2000000000000004
3553.0,-1.56
3554.0,-1.44
3555.0,-1.16
3556.0,-1.04
3557.0,-1.28
3558.0,-1.16
3559.0,-2.160000000000002
3560.0,-1.12
3561.0,-1.12
3562.0,-1.16
3563.0,-1.4
3564.0,-1.6800000000000002
3565.0,-2.5600000000000005
3566.0,-1.32
3567.0,-1.28
3568.0,-1.8000000000000003
3569.0,-1.16
3570.0,-1.16
3571.0,-1.12
3572.0,-1.0
3573.0,-1.24
3574.0,-1.04
3575.0,-1.28
3576.0,-1.04
3577.0,-1.08
3578.0,-1.7200000000000002
3579.0,-3.5600000000000014
3580.0,-1.12
3581.0,-1.12
3582.0,-1.0
3583.0,-1.28
3584.0,0.1599999999999998
3585.0,-1.16
3586.0,-1.2
3587.0,-1.08
3588.0,0.11999999999999977
3589.0,-1.12
3590.0,-1.08
3591.0,-1.48
3592.0,-1.4
3593.0,-1.28
3594.0,-1.56
3595.0,-1.04
3596.0,-1.6800000000000002
3597.0,-1.0
3598.0,-1.16
3599.0,0.31999999999999995
3600.0,-1.4
3601.0,-2.12
3602.0,-1.0
3603.0,0.19999999999999984
3604.0,-0.0800000000000003
3605.0,-1.04
3606.0,-1.24
3607.0,-1.48
3608.0,-1.56
3609.0,-1.08
3610.0,-1.8400000000000003
3611.0,-1.120000000000001
3612.0,-1.0
3613.0,-1.12
3614.0,-1.24
3615.0,-1.08
3616.0,-1.3599999999999999
3617.0,-1.8800000000000003
3618.0,0.1599999999999998
3619.0,-1.3599999999999999
3620.0,-1.28
3621.0,-1.2
3622.0,-1.0
3623.0,-1.6400000000000001
3624.0,-3.5600000000000014
3625.0,-1.3599999999999999
3626.0,-1.12
3627.0,-1.9200000000000004
3628.0,-1.08
3629.0,-0.7200000000000009
3630.0,0.0399999999999997
3631.0,-1.2
3632.0,-1.56
3633.0,-1.9600000000000004
3634.0,0.31999999999999995
3635.0,-1.32
3636.0,-1.16
3637.0,-1.56
3638.0,-1.7600000000000002
3639.0,-1.12
3640.0,-2.4000000000000004
3641.0,-1.9200000000000004
3642.0,-1.16
3643.0,-0.6000000000000008
3644.0,-2.160000000000002
3645.0,-2.0
3646.0,-1.04
3647.0,-1.0
3648.0,-2.04
3649.0,-1.7600000000000002
3650.0,-1.7200000000000002
3651.0,-1.8000000000000003
3652.0,-1.28
3653.0,-1.28
3654.0,-4.240000000000004
3655.0,-1.04
3656.0,-1.32
3657.0,-1.16
3658.0,-4.7600000000000025
3659.0,-2.04
3660.0,-1.2
3661.0,-1.32
3662.0,-1.04
3663.0,-1.8400000000000003
3664.0,-1.12
3665.0,-1.56
3666.0,-1.04
3667.0,-2.0
3668.0,-3.6400000000000032
3669.0,-2.320000000000002
3670.0,-1.3599999999999999
3671.0,-1.04
3672.0,-2.6400000000000006
3673.0,-1.2
3674.0,-1.48
3675.0,-1.56
3676.0,-1.44
3677.0,0.07999999999999974
3678.0,-1.16
3679.0,-1.16
3680.0,0.44000000000000006
3681.0,-1.8000000000000003
3682.0,-1.24
3683.0,-1.32
3684.0,-1.28
3685.0,-1.28
3686.0,-1.04
3687.0,-1.08
3688.0,-1.7600000000000002
3689.0,0.1599999999999998
3690.0,0.2799999999999999
3691.0,-1.52
3692.0,-0.0800000000000003
3693.0,-2.16
3694.0,-1.04
3695.0,-1.44
3696.0,-0.04000000000000026
3697.0,-0.6000000000000008
3698.0,-1.2
3699.0,-1.04
3700.0,-1.3599999999999999
3701.0,-1.28
3702.0,-1.44
3703.0,-1.44
3704.0,-1.6400000000000001
3705.0,-1.48
3706.0,-1.7600000000000002
3707.0,-0.4000000000000006
3708.0,-1.08
3709.0,-1.4
3710.0,-1.2
3711.0,-1.7200000000000002
3712.0,-1.7200000000000002
3713.0,-1.16
3714.0,-1.32
3715.0,-1.24
3716.0,-1.16
3717.0,-3.9600000000000017
3718.0,-1.12
3719.0,-1.2
3720.0,-0.36000000000000054
3721.0,-4.680000000000002
3722.0,-1.16
3723.0,-1.24
3724.0,-2.5200000000000005
3725.0,0.2799999999999999
3726.0,0.0399999999999997
3727.0,-1.32
3728.0,-1.2
3729.0,-1.9600000000000004
3730.0,-1.8400000000000003
3731.0,-1.8400000000000003
3732.0,-1.0
3733.0,-1.12
3734.0,-1.12
3735.0,-8.000000000000005
3736.0,-1.12
3737.0,0.36
3738.0,0.19999999999999984
3739.0,-0.28000000000000047
3740.0,-1.44
3741.0,-1.6400000000000001
3742.0,-1.24
3743.0,-1.04
3744.0,-1.6
3745.0,-1.52
3746.0,-1.6
3747.0,-1.28
3748.0,-1.12
3749.0,-1.52
3750.0,-1.2
3751.0,-2.0
3752.0,-1.48
3753.0,-1.2
3754.0,-1.6400000000000001
3755.0,-1.28
3756.0,-1.04
3757.0,-1.56
3758.0,-0.04000000000000026
3759.0,-2.08
3760.0,-1.04
3761.0,0.1599999999999998
3762.0,-1.16
3763.0,-1.0
3764.0,-1.2
3765.0,-1.28
3766.0,-1.08
3767.0,-1.0
3768.0,-1.08
3769.0,-1.6
3770.0,-1.08
3771.0,0.36
3772.0,-1.52
3773.0,-1.4
3774.0,-1.12
3775.0,-1.56
3776.0,-2.5200000000000005
3777.0,-1.52
3778.0,-1.16
3779.0,-1.7600000000000002
3780.0,-1.12
3781.0,-1.04
3782.0,-1.12
3783.0,-1.04
3784.0,-1.44
3785.0,-1.7200000000000002
3786.0,-1.28
3787.0,-1.0
3788.0,-0.0800000000000003
3789.0,-1.32
3790.0,0.4800000000000001
3791.0,-1.04
3792.0,0.07999999999999974
3793.0,-1.44
3794.0,-1.04
3795.0,-1.44
3796.0,-1.48
3797.0,-8.000000000000005
3798.0,-1.44
3799.0,-2.16
3800.0,-6.200000000000004
3801.0,-1.2
3802.0,0.31999999999999995
3803.0,-6.560000000000004
3804.0,-2.5200000000000005
3805.0,-1.32
3806.0,-1.7200000000000002
3807.0,-0.28000000000000047
3808.0,-0.36000000000000054
3809.0,-1.16
3810.0,-1.04
3811.0,-1.2
3812.0,-1.0
3813.0,-1.32
3814.0,-1.32
3815.0,-1.16
3816.0,-1.24
3817.0,-1.04
3818.0,-0.36000000000000054
3819.0,-1.28
3820.0,0.31999999999999995
3821.0,-0.0800000000000003
3822.0,0.4800000000000001
3823.0,-1.32
3824.0,-1.6
3825.0,-7.800000000000005
3826.0,-1.12
3827.0,-2.0
3828.0,-1.12
3829.0,-2.08
3830.0,-0.7200000000000009
3831.0,-1.0
3832.0,-1.0000000000000009
3833.0,-1.08
3834.0,-1.7600000000000002
3835.0,-1.4
3836.0,-1.2
3837.0,-1.0
3838.0,-1.44
3839.0,-1.3599999999999999
3840.0,-1.32
3841.0,-2.5600000000000023
3842.0,-1.2
3843.0,-3.120000000000001
3844.0,-2.5600000000000005
3845.0,-0.5200000000000007
3846.0,-1.2
3847.0,-1.24
3848.0,-1.2
3849.0,0.07999999999999974
3850.0,-1.08
3851.0,-1.48
3852.0,-0.28000000000000047
3853.0,-1.24
3854.0,-1.3599999999999999
3855.0,-2.5600000000000023
3856.0,0.2799999999999999
3857.0,-1.08
3858.0,-0.04000000000000026
3859.0,-1.52
3860.0,-1.2
3861.0,0.36
3862.0,-1.04
3863.0,-1.16
3864.0,-1.44
3865.0,-1.7600000000000002
3866.0,0.0399999999999997
3867.0,-1.28
3868.0,-1.16
3869.0,-1.08
3870.0,-1.48
3871.0,-1.16
3872.0,-1.4
3873.0,-1.24
3874.0,0.0399999999999997
3875.0,-0.28000000000000047
3876.0,-4.040000000000002
3877.0,0.07999999999999974
3878.0,0.31999999999999995
3879.0,-1.04
3880.0,-8.000000000000005
3881.0,-1.28
3882.0,-1.48
3883.0,-1.28
3884.0,0.07999999999999974
3885.0,0.07999999999999974
3886.0,-3.7200000000000015
3887.0,-2.0
3888.0,0.2799999999999999
3889.0,-1.04
3890.0,-1.44
3891.0,-1.0
3892.0,-1.24
3893.0,-1.04
3894.0,-1.4
3895.0,-0.36000000000000054
3896.0,-1.04
3897.0,-1.3599999999999999
3898.0,-1.12
3899.0,-1.56
3900.0,-1.04
3901.0,-1.24
3902.0,-1.0
3903.0,-7.480000000000005
3904.0,-1.3599999999999999
3905.0,-0.7600000000000009
3906.0,-1.0
3907.0,-1.04
3908.0,-1.32
3909.0,-1.56
3910.0,-1.04
3911.0,0.2799999999999999
3912.0,-1.16
3913.0,-1.32
3914.0,-1.44
3915.0,-1.6400000000000001
3916.0,-1.56
3917.0,0.4
3918.0,-1.08
3919.0,-1.2
3920.0,0.0399999999999997
3921.0,-0.12000000000000033
3922.0,-1.0
3923.0,-1.4
3924.0,-0.840000000000001
3925.0,0.4
3926.0,-1.44
3927.0,-1.6000000000000014
3928.0,-1.56
3929.0,0.11999999999999977
3930.0,-1.32
3931.0,-1.44
3932.0,0.11999999999999977
3933.0,-1.16
3934.0,-0.7200000000000009
3935.0,-1.08
3936.0,-1.12
3937.0,-1.24
3938.0,-1.2
3939.0,-1.04
3940.0,-1.0
3941.0,-1.16
3942.0,-0.7200000000000009
3943.0,-1.3599999999999999
3944.0,-2.0
3945.0,-1.7200000000000002
3946.0,-1.32
3947.0,0.11999999999999977
3948.0,-1.16
3949.0,-1.08
3950.0,-0.2000000000000004
3951.0,-0.9600000000000011
3952.0,-1.04
3953.0,-1.16
3954.0,0.36
3955.0,-6.560000000000004
3956.0,-1.44
3957.0,-1.12
3958.0,-1.2
3959.0,-1.4
3960.0,-1.04
3961.0,-1.5200000000000014
3962.0,-1.08
3963.0,-1.2
3964.0,-2.5600000000000005
3965.0,-1.04
3966.0,-1.0
3967.0,-1.200000000000001
3968.0,-1.0
3969.0,-0.24000000000000044
3970.0,-1.32
3971.0,-1.04
3972.0,-1.08
3973.0,-1.04
3974.0,-1.52
3975.0,0.11999999999999977
3976.0,0.23999999999999988
3977.0,-1.6800000000000002
3978.0,-1.2
3979.0,-2.5200000000000022
3980.0,-1.28
3981.0,-1.56
3982.0,-1.04
3983.0,-1.28
3984.0,-1.0
3985.0,-1.04
3986.0,0.07999999999999974
3987.0,-1.0
3988.0,-1.08
3989.0,-1.2
3990.0,-1.2
3991.0,-1.24
3992.0,-1.04
3993.0,0.23999999999999988
3994.0,-1.44
3995.0,-1.04
3996.0,-1.44
3997.0,-0.04000000000000026
3998.0,-1.3599999999999999
3999.0,-0.16000000000000036
4000.0,0.2799999999999999
4001.0,-1.12
4002.0,0.11999999999999977
4003.0,-2.220446049250313e-16
4004.0,-1.04
4005.0,-1.7600000000000002
4006.0,-1.6400000000000001
4007.0,-0.840000000000001
4008.0,-1.08
4009.0,-2.040000000000002
4010.0,-1.44
4011.0,-1.28
4012.0,-2.0
4013.0,-1.16
4014.0,-1.12
4015.0,-1.08
4016.0,-1.6800000000000002
4017.0,-1.6800000000000002
4018.0,-1.12
4019.0,-1.28
4020.0,-1.3600000000000012
4021.0,-1.08
4022.0,-1.24
4023.0,-2.960000000000001
4024.0,-1.16
4025.0,-1.16
4026.0,-0.7600000000000009
4027.0,-1.32
4028.0,-1.0
4029.0,-1.24
4030.0,0.07999999999999974
4031.0,-1.24
4032.0,-1.0
4033.0,-1.56
4034.0,0.07999999999999974
4035.0,-1.9200000000000004
4036.0,-1.0
4037.0,-1.08
4038.0,-1.2
4039.0,0.31999999999999995
4040.0,-1.24
4041.0,-2.12
4042.0,-1.52
4043.0,-1.56
4044.0,0.07999999999999974
4045.0,-1.24
4046.0,-2.220446049250313e-16
4047.0,-1.9200000000000004
4048.0,-1.3599999999999999
4049.0,-1.48
4050.0,-0.2000000000000004
4051.0,-1.12
4052.0,-1.12
4053.0,-1.08
4054.0,-1.04
4055.0,-1.2
4056.0,-1.48
4057.0,-1.04
4058.0,-2.220446049250313e-16
4059.0,0.44000000000000006
4060.0,-1.24
4061.0,0.23999999999999988
4062.0,-1.32
4063.0,-1.16
4064.0,-5.000000000000003
4065.0,-2.12
4066.0,0.4
4067.0,-2.08
4068.0,-2.2
4069.0,-1.6400000000000001
4070.0,-1.8000000000000003
4071.0,0.11999999999999977
4072.0,-1.28
4073.0,0.2799999999999999
4074.0,-1.12
4075.0,-0.36000000000000054
4076.0,-1.3599999999999999
4077.0,-1.24
4078.0,-1.12
4079.0,-8.000000000000005
4080.0,-2.08
4081.0,-1.56
4082.0,-3.7600000000000016
4083.0,-1.2
4084.0,-1.16
4085.0,-1.32
4086.0,-1.6
4087.0,-1.12
4088.0,-0.6800000000000008
4089.0,-1.04
4090.0,-1.28
4091.0,-1.48
4092.0,-1.4
4093.0,-1.3599999999999999
4094.0,0.19999999999999984
4095.0,-1.28
4096.0,-1.16
4097.0,0.31999999999999995
4098.0,-1.2
4099.0,-1.32
4100.0,-1.24
4101.0,-0.6400000000000008
4102.0,-1.04
4103.0,-1.12
4104.0,-2.2
4105.0,-2.6800000000000006
4106.0,-1.2
4107.0,-1.0
4108.0,-1.2
4109.0,-0.12000000000000033
4110.0,-0.3200000000000005
4111.0,-1.24
4112.0,-1.04
4113.0,-1.28
4114.0,-1.04
4115.0,-1.0
4116.0,-1.04
4117.0,-2.04
4118.0,0.1599999999999998
4119.0,-1.28
4120.0,-1.3599999999999999
4121.0,-1.4
4122.0,-1.56
4123.0,-1.6
4124.0,-1.7600000000000002
4125.0,0.07999999999999974
4126.0,-1.3599999999999999
4127.0,-1.56
4128.0,0.0399999999999997
4129.0,0.4
4130.0,-1.7200000000000002
4131.0,-1.08
4132.0,-1.8800000000000003
4133.0,-1.6
4134.0,-1.32
4135.0,-1.2
4136.0,-1.8000000000000003
4137.0,0.4
4138.0,-1.6
4139.0,-1.0
4140.0,-1.16
4141.0,-0.12000000000000033
4142.0,-1.48
4143.0,-1.4
4144.0,-1.44
4145.0,-1.08
4146.0,0.1599999999999998
4147.0,-1.7600000000000002
4148.0,0.31999999999999995
4149.0,-1.16
4150.0,-1.52
4151.0,0.4
4152.0,-1.0
4153.0,-1.0
4154.0,-1.0
4155.0,-1.52
4156.0,-1.9600000000000004
4157.0,-1.16
4158.0,-1.52
4159.0,-1.0
4160.0,-1.48
4161.0,0.19999999999999984
4162.0,-2.08
4163.0,-1.6400000000000001
4164.0,-1.0
4165.0,0.0399999999999997
4166.0,-1.24
4167.0,-1.12
4168.0,-2.16
4169.0,-1.24
4170.0,-1.48
4171.0,-1.04
4172.0,-1.48
4173.0,-1.16
4174.0,-1.9600000000000004
4175.0,-1.32
4176.0,-1.16
4177.0,-1.08
4178.0,-1.3599999999999999
4179.0,-1.04
4180.0,-1.9600000000000004
4181.0,-1.2
4182.0,-1.8000000000000003
4183.0,-1.08
4184.0,-1.52
4185.0,-1.32
4186.0,-1.6
4187.0,-1.52
4188.0,-1.080000000000001
4189.0,-1.0
4190.0,-0.16000000000000036
4191.0,-1.48
4192.0,0.4
4193.0,-2.6800000000000006
4194.0,-1.08
4195.0,-1.8000000000000003
4196.0,-1.08
4197.0,0.23999999999999988
4198.0,0.4
4199.0,-1.56
4200.0,-1.0
4201.0,-1.04
4202.0,-1.24
4203.0,-1.3200000000000012
4204.0,-1.0
4205.0,-0.16000000000000036
4206.0,-1.28
4207.0,-1.24
4208.0,-1.3599999999999999
4209.0,-2.220446049250313e-16
4210.0,-5.360000000000003
4211.0,-1.44
4212.0,-1.16
4213.0,0.4
4214.0,-0.9600000000000011
4215.0,-1.48
4216.0,-2.2
4217.0,-1.2
4218.0,0.31999999999999995
4219.0,-1.2
4220.0,-1.6
4221.0,-1.7200000000000002
4222.0,-1.32
4223.0,-1.16
4224.0,-1.24
4225.0,0.2799999999999999
4226.0,-1.08
4227.0,-1.28
4228.0,-1.8400000000000003
4229.0,-1.48
4230.0,0.31999999999999995
4231.0,-0.5200000000000007
4232.0,-1.28
4233.0,-1.6800000000000002
4234.0,-1.48
4235.0,-0.36000000000000054
4236.0,-1.3599999999999999
4237.0,-1.44
4238.0,-1.0
4239.0,-1.04
4240.0,0.36
4241.0,-1.04
4242.0,-1.16
4243.0,-6.280000000000004
4244.0,0.2799999999999999
4245.0,-1.4
4246.0,-7.000000000000004
4247.0,-1.7600000000000002
4248.0,-5.680000000000003
4249.0,-1.28
4250.0,-1.32
4251.0,-1.04
4252.0,0.4
4253.0,-1.28
4254.0,-1.6
4255.0,-1.28
4256.0,-1.0
4257.0,-1.28
4258.0,0.19999999999999984
4259.0,-1.0
4260.0,-1.52
4261.0,-1.08
4262.0,-2.220446049250313e-16
4263.0,-1.6400000000000015
4264.0,-1.12
4265.0,-1.0
4266.0,0.36
4267.0,-1.16
4268.0,-0.0800000000000003
4269.0,-2.2
4270.0,0.36
4271.0,-1.6
4272.0,-2.24
4273.0,0.4
4274.0,-1.2
4275.0,-1.0
4276.0,-1.4
4277.0,-1.24
4278.0,0.1599999999999998
4279.0,-1.04
4280.0,-2.2800000000000002
4281.0,-1.6800000000000002
4282.0,-1.16
4283.0,-1.6
4284.0,-1.7200000000000002
4285.0,-1.48
4286.0,-1.6
4287.0,-2.6800000000000006
4288.0,-1.0
4289.0,-1.28
4290.0,-0.0800000000000003
4291.0,-2.04
4292.0,-1.6400000000000001
4293.0,-1.48
4294.0,-2.7200000000000006
4295.0,-1.24
4296.0,0.44000000000000006
4297.0,-1.44
4298.0,-2.24
4299.0,-1.52
4300.0,-0.4000000000000006
4301.0,-1.08
4302.0,-1.52
4303.0,-3.0400000000000027
4304.0,-1.8800000000000003
4305.0,-1.08
4306.0,0.36
4307.0,-1.3599999999999999
4308.0,-1.2
4309.0,-1.08
4310.0,0.31999999999999995
4311.0,0.19999999999999984
4312.0,-1.04
4313.0,0.2799999999999999
4314.0,-1.7200000000000002
4315.0,0.23999999999999988
4316.0,-1.9600000000000004
4317.0,-1.16
4318.0,0.31999999999999995
4319.0,-1.12
4320.0,0.36
4321.0,-1.7200000000000002
4322.0,-1.56
4323.0,-1.04
4324.0,-1.08
4325.0,-1.52
4326.0,-1.32
4327.0,-1.28
4328.0,-0.9600000000000011
4329.0,-1.4
4330.0,-1.8400000000000003
4331.0,-1.52
4332.0,-1.3599999999999999
4333.0,-1.3599999999999999
4334.0,-2.4400000000000004
4335.0,-1.3599999999999999
4336.0,-2.0
4337.0,-0.48000000000000065
4338.0,-0.0800000000000003
4339.0,-2.04
4340.0,-1.16
4341.0,-1.4
4342.0,-1.28
4343.0,-1.12
4344.0,0.31999999999999995
4345.0,-1.3599999999999999
4346.0,0.1599999999999998
4347.0,-1.12
4348.0,-1.3599999999999999
4349.0,-1.3599999999999999
4350.0,-1.0
4351.0,-1.4
4352.0,-1.0
4353.0,-1.2
4354.0,-1.32
4355.0,-1.28
4356.0,-1.8400000000000003
4357.0,-1.2
4358.0,-1.3599999999999999
4359.0,-1.24
4360.0,0.4800000000000001
4361.0,-1.0
4362.0,-1.24
4363.0,0.19999999999999984
4364.0,0.1599999999999998
4365.0,-2.16
4366.0,-1.8000000000000003
4367.0,-1.28
4368.0,0.1599999999999998
4369.0,-1.48
4370.0,-0.9600000000000011
4371.0,-1.32
4372.0,-1.12
4373.0,-1.28
4374.0,0.4800000000000001
4375.0,-1.16
4376.0,-1.04
4377.0,-2.040000000000002
4378.0,0.2799999999999999
4379.0,0.31999999999999995
4380.0,-1.3599999999999999
4381.0,-1.4
4382.0,-1.48
4383.0,-1.12
4384.0,-1.04
4385.0,-2.4400000000000004
4386.0,-1.08
4387.0,-1.3599999999999999
4388.0,-1.16
4389.0,-1.12
4390.0,-1.28
4391.0,0.4800000000000001
4392.0,-3.320000000000003
4393.0,-1.28
4394.0,-1.7200000000000002
4395.0,-1.6800000000000002
4396.0,-1.2
4397.0,-1.2
4398.0,-1.56
4399.0,-1.48
4400.0,-1.16
4401.0,-1.28
4402.0,0.11999999999999977
4403.0,0.4
4404.0,-1.08
4405.0,-1.32
4406.0,-1.2800000000000011
4407.0,-1.56
4408.0,0.07999999999999974
4409.0,-1.44
4410.0,-1.52
4411.0,-1.0
4412.0,-4.200000000000002
4413.0,-1.32
4414.0,-1.4
4415.0,-1.3599999999999999
4416.0,-1.4
4417.0,-1.4
4418.0,-1.12
4419.0,-1.48
4420.0,0.07999999999999974
4421.0,-4.920000000000003
4422.0,-1.2
4423.0,-1.28
4424.0,0.36
4425.0,-1.0
4426.0,-1.08
4427.0,-1.0
4428.0,0.36
4429.0,-1.6400000000000001
4430.0,-1.160000000000001
4431.0,-1.04
4432.0,-1.0
4433.0,-1.16
4434.0,-4.360000000000002
4435.0,-1.0
4436.0,0.31999999999999995
4437.0,-1.12
4438.0,-1.2
4439.0,-1.28
4440.0,-1.12
4441.0,-1.16
4442.0,-1.08
4443.0,-1.56
4444.0,-1.04
4445.0,0.11999999999999977
4446.0,-1.04
4447.0,-1.24
4448.0,0.19999999999999984
4449.0,-1.4
4450.0,-0.04000000000000026
4451.0,-0.0800000000000003
4452.0,-0.24000000000000044
4453.0,-1.24
4454.0,-1.3599999999999999
4455.0,0.11999999999999977
4456.0,-1.48
4457.0,-1.12
4458.0,-1.24
4459.0,-1.28
4460.0,0.11999999999999977
4461.0,-1.0
4462.0,-1.2
4463.0,-1.7600000000000002
4464.0,-1.28
4465.0,-1.2
4466.0,-1.12
4467.0,-1.32
4468.0,-1.24
4469.0,-1.12
4470.0,-1.6800000000000002
4471.0,-0.2000000000000004
4472.0,-1.8000000000000003
4473.0,-1.48
4474.0,0.1599999999999998
4475.0,-1.48
4476.0,0.0399999999999997
4477.0,-1.28
4478.0,-8.000000000000005
4479.0,-1.04
4480.0,-1.7200000000000002
4481.0,-1.4
4482.0,0.4800000000000001
4483.0,-1.12
4484.0,-2.08
4485.0,-1.44
4486.0,0.11999999999999977
4487.0,-1.52
4488.0,-1.0
4489.0,-1.0
4490.0,-1.32
4491.0,-1.04
4492.0,-1.6800000000000002
4493.0,-1.12
4494.0,-1.7600000000000002
4495.0,-1.4
4496.0,-1.0
4497.0,-1.16
4498.0,-1.48
4499.0,-1.0
4500.0,-1.6400000000000001
4501.0,0.19999999999999984
4502.0,-1.12
4503.0,0.19999999999999984
4504.0,-1.04
4505.0,-0.7200000000000009
4506.0,-1.0
4507.0,-1.2
4508.0,-1.7200000000000002
4509.0,0.36
4510.0,0.31999999999999995
4511.0,-6.080000000000004
4512.0,-1.12
4513.0,0.11999999999999977
4514.0,-1.2
4515.0,-1.4
4516.0,-1.12
4517.0,-1.28
4518.0,0.07999999999999974
4519.0,-1.08
4520.0,-1.32
4521.0,-2.6000000000000005
4522.0,-1.0
4523.0,-1.3599999999999999
4524.0,-1.28
4525.0,-1.12
4526.0,-0.3200000000000005
4527.0,-1.04
4528.0,0.4
4529.0,-1.32
4530.0,-1.8800000000000003
4531.0,-1.6400000000000001
4532.0,-1.0
4533.0,-1.0
4534.0,-1.28
4535.0,-2.220446049250313e-16
4536.0,-2.6800000000000006
4537.0,-1.16
4538.0,-1.52
4539.0,-1.0
4540.0,-1.12
4541.0,-1.9200000000000004
4542.0,-1.44
4543.0,-1.08
4544.0,-1.04
4545.0,-0.0800000000000003
4546.0,-1.32
4547.0,-1.28
4548.0,-1.52
4549.0,0.44000000000000006
4550.0,0.4
4551.0,-1.24
4552.0,-1.24
4553.0,-1.52
4554.0,-1.16
4555.0,-1.08
4556.0,-1.44
4557.0,-1.3599999999999999
4558.0,0.31999999999999995
4559.0,-1.24
4560.0,-1.8800000000000003
4561.0,-1.16
4562.0,-1.04
4563.0,-1.7600000000000002
4564.0,-1.2
4565.0,-1.16
4566.0,-1.2
4567.0,-1.52
4568.0,-1.0
4569.0,-1.4800000000000013
4570.0,-1.16
4571.0,-1.7200000000000002
4572.0,-1.52
4573.0,-1.7200000000000002
4574.0,-1.24
4575.0,-0.0800000000000003
4576.0,-1.6800000000000002
4577.0,-1.48
4578.0,0.23999999999999988
4579.0,-0.7200000000000009
4580.0,-1.08
4581.0,0.4800000000000001
4582.0,-1.4
4583.0,-1.3599999999999999
4584.0,-1.08
4585.0,-1.24
4586.0,-1.16
4587.0,-2.480000000000002
4588.0,-1.52
4589.0,-1.3599999999999999
4590.0,0.4
4591.0,-1.6
4592.0,-1.44
4593.0,-1.0
4594.0,-1.52
4595.0,-1.52
4596.0,-1.12
4597.0,-1.08
4598.0,0.0399999999999997
4599.0,-8.000000000000005
4600.0,-1.0
4601.0,0.23999999999999988
4602.0,-1.16
4603.0,-1.04
4604.0,-2.04
4605.0,-3.120000000000001
4606.0,-2.5600000000000005
4607.0,-1.56
4608.0,-1.08
4609.0,-1.12
4610.0,0.1599999999999998
4611.0,-1.2
4612.0,-1.04
4613.0,-1.28
4614.0,-0.3200000000000005
4615.0,-1.0
4616.0,-1.12
4617.0,-1.08
4618.0,-1.28
4619.0,-8.000000000000005
4620.0,0.19999999999999984
4621.0,-2.04
4622.0,-1.16
4623.0,0.2799999999999999
4624.0,-1.6400000000000001
4625.0,-0.16000000000000036
4626.0,-1.08
4627.0,-1.4
4628.0,-0.7200000000000009
4629.0,-1.2
4630.0,-1.08
4631.0,-1.2
4632.0,-1.7600000000000002
4633.0,-1.44
4634.0,-1.12
4635.0,-1.4
4636.0,-0.3200000000000005
4637.0,-1.2
4638.0,-1.04
4639.0,0.0399999999999997
4640.0,-1.24
4641.0,-1.04
4642.0,-1.52
4643.0,-1.8800000000000003
4644.0,-1.04
4645.0,-1.6
4646.0,-1.04
4647.0,-1.44
4648.0,-1.0
4649.0,-1.04
4650.0,-3.4400000000000013
4651.0,0.4
4652.0,-1.2
4653.0,-5.0800000000000045
4654.0,-1.08
4655.0,-1.6400000000000001
4656.0,0.0399999999999997
4657.0,-1.16
4658.0,-1.04
4659.0,-0.36000000000000054
4660.0,-1.04
4661.0,-1.24
4662.0,-0.48000000000000065
4663.0,0.23999999999999988
4664.0,-1.0
4665.0,-1.32
4666.0,-1.2
4667.0,0.1599999999999998
4668.0,-1.3599999999999999
4669.0,-1.7600000000000002
4670.0,-1.0
4671.0,-1.44
4672.0,-1.04
4673.0,-1.5200000000000014
4674.0,0.19999999999999984
4675.0,-1.6800000000000002
4676.0,-1.3599999999999999
4677.0,-1.8800000000000003
4678.0,-3.9600000000000017
4679.0,0.36
4680.0,-1.28
4681.0,-0.12000000000000033
4682.0,-1.04
4683.0,-1.16
4684.0,-4.400000000000002
4685.0,-2.220446049250313e-16
4686.0,-1.6400000000000001
4687.0,-1.2
4688.0,-1.32
4689.0,0.19999999999999984
4690.0,-0.48000000000000065
4691.0,-1.28
4692.0,-1.24
4693.0,0.4800000000000001
4694.0,0.19999999999999984
4695.0,-1.24
4696.0,-1.04
4697.0,-1.16
4698.0,-1.08
4699.0,-8.120000000000005
4700.0,-1.28
4701.0,-1.08
4702.0,-0.4400000000000006
4703.0,-1.24
4704.0,-1.9600000000000004
4705.0,-1.24
4706.0,0.44000000000000006
4707.0,-1.4
4708.0,-1.24
4709.0,-1.48
4710.0,-2.7200000000000006
4711.0,0.31999999999999995
4712.0,-3.6400000000000032
4713.0,-1.16
4714.0,-0.04000000000000026
4715.0,-1.16
4716.0,-1.08
4717.0,-1.4
4718.0,-1.16
4719.0,-4.280000000000002
4720.0,-1.56
4721.0,0.19999999999999984
4722.0,-1.04
4723.0,-1.32
4724.0,0.23999999999999988
4725.0,-1.8800000000000003
4726.0,-1.0
4727.0,-1.3599999999999999
4728.0,-1.56
4729.0,-0.5600000000000007
4730.0,0.1599999999999998
4731.0,0.31999999999999995
4732.0,-1.12
4733.0,0.31999999999999995
4734.0,-1.28
4735.0,-1.04
4736.0,-0.12000000000000033
4737.0,0.31999999999999995
4738.0,0.23999999999999988
4739.0,-1.08
4740.0,-1.08
4741.0,-1.12
4742.0,-1.04
4743.0,-1.6400000000000001
4744.0,-1.04
4745.0,-1.4
4746.0,-1.3599999999999999
4747.0,-1.24
4748.0,-1.12
4749.0,-1.4
4750.0,-1.6800000000000002
4751.0,-1.7600000000000002
4752.0,-0.7600000000000009
4753.0,-1.04
4754.0,0.31999999999999995
4755.0,-1.32
4756.0,-1.9200000000000004
4757.0,-1.56
4758.0,-1.12
4759.0,0.23999999999999988
4760.0,-0.24000000000000044
4761.0,-1.08
4762.0,-1.2
4763.0,-2.7600000000000007
4764.0,-1.0
4765.0,-1.44
4766.0,-1.3599999999999999
4767.0,-1.08
4768.0,-1.08
4769.0,-1.6
4770.0,-1.6400000000000015
4771.0,-1.44
4772.0,-1.16
4773.0,-1.44
4774.0,-2.3600000000000003
4775.0,-1.12
4776.0,-2.24
4777.0,-1.04
4778.0,0.1599999999999998
4779.0,-2.3600000000000003
4780.0,-1.4
4781.0,-0.12000000000000033
4782.0,-0.2000000000000004
4783.0,-1.28
4784.0,-1.04
4785.0,0.19999999999999984
4786.0,-4.600000000000002
4787.0,-1.12
4788.0,0.44000000000000006
4789.0,-1.6
4790.0,-1.6400000000000001
4791.0,0.19999999999999984
4792.0,-1.0
4793.0,-1.12
4794.0,-1.2
4795.0,-1.52
4796.0,-1.52
4797.0,-1.48
4798.0,0.4800000000000001
4799.0,-2.04
4800.0,-1.7200000000000002
4801.0,-7.720000000000005
4802.0,-5.160000000000003
4803.0,-1.12
4804.0,-1.16
4805.0,-0.3200000000000005
4806.0,-1.24
4807.0,-1.04
4808.0,0.23999999999999988
4809.0,-1.44
4810.0,-1.9200000000000004
4811.0,-8.000000000000005
4812.0,-1.52
4813.0,-1.4
4814.0,-1.32
4815.0,-1.32
4816.0,-1.2
4817.0,-1.16
4818.0,-2.08
4819.0,-1.2
4820.0,-2.2800000000000002
4821.0,-1.3599999999999999
4822.0,-1.04
4823.0,-1.08
4824.0,-1.04
4825.0,-1.56
4826.0,-1.52
4827.0,-1.12
4828.0,-1.0
4829.0,-1.28
4830.0,-1.24
4831.0,-1.24
4832.0,-1.3599999999999999
4833.0,-3.6000000000000014
4834.0,-8.000000000000005
4835.0,-1.7600000000000002
4836.0,-1.3599999999999999
4837.0,-3.040000000000001
4838.0,-1.04
4839.0,-1.6
4840.0,-1.28
4841.0,-1.240000000000001
4842.0,-1.6
4843.0,0.4800000000000001
4844.0,-1.4
4845.0,-1.04
4846.0,-1.3599999999999999
4847.0,0.31999999999999995
4848.0,-1.04
4849.0,-2.6800000000000006
4850.0,-1.0
4851.0,-1.12
4852.0,-1.3600000000000012
4853.0,-1.48
4854.0,-0.28000000000000047
4855.0,-1.56
4856.0,-2.08
4857.0,-2.5600000000000005
4858.0,-1.16
4859.0,-1.12
4860.0,-1.04
4861.0,-1.08
4862.0,-1.04
4863.0,-1.0
4864.0,-1.16
4865.0,-1.12
4866.0,-1.52
4867.0,-0.04000000000000026
4868.0,-4.360000000000004
4869.0,-1.4
4870.0,-0.5600000000000007
4871.0,-1.6400000000000001
4872.0,-0.04000000000000026
4873.0,-1.04
4874.0,-2.7200000000000006
4875.0,-1.44
4876.0,-1.08
4877.0,-1.04
4878.0,-2.08
4879.0,-1.6400000000000001
4880.0,-1.44
4881.0,-0.04000000000000026
4882.0,-1.4
4883.0,0.2799999999999999
4884.0,-1.44
4885.0,-1.08
4886.0,-1.32
4887.0,-1.3599999999999999
4888.0,-1.52
4889.0,-1.16
4890.0,0.4
4891.0,0.07999999999999974
4892.0,-1.16
4893.0,-1.44
4894.0,0.31999999999999995
4895.0,-1.4
4896.0,-2.920000000000001
4897.0,-1.44
4898.0,-1.3599999999999999
4899.0,-1.28
4900.0,-1.32
4901.0,-1.28
4902.0,-1.16
4903.0,-2.0
4904.0,-1.12
4905.0,-1.48
4906.0,-1.8000000000000003
4907.0,-1.08
4908.0,-1.12
4909.0,-1.32
4910.0,0.0399999999999997
4911.0,-1.04
4912.0,0.4
4913.0,-0.7200000000000009
4914.0,-1.08
4915.0,-1.56
4916.0,-6.280000000000004
4917.0,0.19999999999999984
4918.0,-1.04
4919.0,-0.48000000000000065
4920.0,-3.280000000000003
4921.0,-0.0800000000000003
4922.0,-1.32
4923.0,-1.7600000000000002
4924.0,0.2799999999999999
4925.0,-1.8800000000000003
4926.0,-1.12
4927.0,-1.8400000000000003
4928.0,-1.04
4929.0,-2.220446049250313e-16
4930.0,-1.16
4931.0,-1.24
4932.0,-1.4
4933.0,-1.44
4934.0,-2.16
4935.0,-2.0
4936.0,0.23999999999999988
4937.0,-8.000000000000005
4938.0,-1.32
4939.0,-1.32
4940.0,-1.0
4941.0,0.19999999999999984
4942.0,-1.12
4943.0,-1.6400000000000001
4944.0,-1.4
4945.0,-1.3599999999999999
4946.0,-2.5200000000000005
4947.0,0.11999999999999977
4948.0,-1.04
4949.0,-1.6400000000000001
4950.0,-1.32
4951.0,0.11999999999999977
4952.0,-1.32
4953.0,-1.04
4954.0,-0.6400000000000008
4955.0,-1.7600000000000002
4956.0,-1.44
4957.0,0.44000000000000006
4958.0,-0.36000000000000054
4959.0,-1.4400000000000013
4960.0,-1.3599999999999999
4961.0,-1.8000000000000003
4962.0,0.07999999999999974
4963.0,0.31999999999999995
4964.0,0.23999999999999988
4965.0,0.23999999999999988
4966.0,0.31999999999999995
4967.0,-2.04
4968.0,-1.08
4969.0,-1.12
4970.0,-1.0
4971.0,-1.9600000000000004
4972.0,-1.24
4973.0,-1.3599999999999999
4974.0,-1.16
4975.0,-1.3599999999999999
4976.0,-1.48
4977.0,-1.8400000000000003
4978.0,-2.920000000000001
4979.0,0.4
4980.0,-2.12
4981.0,-1.08
4982.0,-1.28
4983.0,-1.24
4984.0,0.31999999999999995
4985.0,0.0399999999999997
4986.0,-1.12
4987.0,-1.0
4988.0,-1.12
4989.0,-1.0
4990.0,-1.12
4991.0,0.23999999999999988
4992.0,-2.8800000000000026
4993.0,0.11999999999999977
4994.0,-7.1200000000000045
4995.0,0.36
4996.0,-1.6400000000000001
4997.0,0.11999999999999977
4998.0,-1.48
4999.0,0.4
5000.0,-1.44
5001.0,-1.4
5002.0,-1.56
5003.0,-1.44
5004.0,-0.12000000000000033
5005.0,-1.4
5006.0,-1.04
5007.0,-1.08
5008.0,-1.4
5009.0,-1.0
5010.0,-1.44
5011.0,-1.4
5012.0,-1.16
5013.0,-1.04
5014.0,0.4800000000000001
5015.0,-1.24
5016.0,-1.12
5017.0,-2.0
5018.0,0.2799999999999999
5019.0,-1.12
5020.0,-1.6
5021.0,-1.08
5022.0,-1.2
5023.0,-1.6
5024.0,-1.6400000000000001
5025.0,-1.44
5026.0,-1.04
5027.0,-1.52
5028.0,-3.320000000000003
5029.0,-1.6800000000000002
5030.0,-1.04
5031.0,-1.24
5032.0,-1.28
5033.0,-0.28000000000000047
5034.0,-1.0
5035.0,-1.3599999999999999
5036.0,-2.920000000000001
5037.0,0.19999999999999984
5038.0,-1.2
5039.0,-1.2
5040.0,-1.24
5041.0,-1.48
5042.0,-1.0
5043.0,-1.0
5044.0,-4.640000000000002
5045.0,-0.0800000000000003
5046.0,-1.0
5047.0,-1.6800000000000002
5048.0,-1.28
5049.0,-1.04
5050.0,-1.0
5051.0,-1.3599999999999999
5052.0,-1.16
5053.0,-1.12
5054.0,-1.04
5055.0,-1.08
5056.0,-1.44
5057.0,-1.3599999999999999
5058.0,-1.12
5059.0,-1.6400000000000001
5060.0,0.31999999999999995
5061.0,0.07999999999999974
5062.0,-1.08
5063.0,-1.4
5064.0,0.19999999999999984
5065.0,0.07999999999999974
5066.0,-1.6400000000000001
5067.0,-1.3599999999999999
5068.0,0.23999999999999988
5069.0,0.07999999999999974
5070.0,-1.0
5071.0,-1.16
5072.0,-1.28
5073.0,-1.2
5074.0,-1.04
5075.0,-5.560000000000003
5076.0,0.4800000000000001
5077.0,-1.04
5078.0,-3.600000000000003
5079.0,-1.12
5080.0,-1.48
5081.0,-8.480000000000006
5082.0,-1.7200000000000002
5083.0,0.1599999999999998
5084.0,0.2799999999999999
5085.0,-1.56
5086.0,-1.08
5087.0,-1.12
5088.0,-1.12
5089.0,-1.44
5090.0,-1.28
5091.0,-1.2
5092.0,-1.48
5093.0,-1.24
5094.0,-1.04
5095.0,-1.0
5096.0,-2.6800000000000006
5097.0,-1.12
5098.0,-1.6
5099.0,-1.0
5100.0,-1.48
5101.0,-1.08
5102.0,-1.32
5103.0,-1.3599999999999999
5104.0,-1.04
5105.0,-1.6
5106.0,0.23999999999999988
5107.0,-1.08
5108.0,-1.0
5109.0,-1.08
5110.0,-1.2
5111.0,0.2799999999999999
5112.0,-1.4
5113.0,-1.4
5114.0,-1.28
5115.0,-1.56
5116.0,-0.9600000000000011
5117.0,-1.8400000000000003
5118.0,0.2799999999999999
5119.0,-3.280000000000001
5120.0,-1.2
5121.0,-1.04
5122.0,-1.32
5123.0,-1.08
5124.0,0.31999999999999995
5125.0,0.31999999999999995
5126.0,-3.1200000000000028
5127.0,-0.36000000000000054
5128.0,-1.12
5129.0,-3.6400000000000032
5130.0,-1.6
5131.0,-1.44
5132.0,-1.08
5133.0,-1.44
5134.0,-1.3599999999999999
5135.0,0.4800000000000001
5136.0,-1.12
5137.0,-1.6
5138.0,-1.0
5139.0,-0.3200000000000005
5140.0,-1.0
5141.0,-1.08
5142.0,-1.04
5143.0,-1.44
5144.0,-1.12
5145.0,-1.24
5146.0,0.23999999999999988
5147.0,0.23999999999999988
5148.0,-0.04000000000000026
5149.0,0.31999999999999995
5150.0,-1.0
5151.0,0.44000000000000006
5152.0,-1.2
5153.0,-1.04
5154.0,-1.12
5155.0,0.23999999999999988
5156.0,-1.16
5157.0,-1.04
5158.0,0.4
5159.0,-4.480000000000002
5160.0,-2.04
5161.0,-1.4800000000000013
5162.0,-1.6
5163.0,-1.3599999999999999
5164.0,-1.6800000000000002
5165.0,-1.0
5166.0,0.11999999999999977
5167.0,-1.0
5168.0,-1.24
5169.0,-1.4
5170.0,0.31999999999999995
5171.0,-1.56
5172.0,-1.44
5173.0,-1.04
5174.0,-0.0800000000000003
5175.0,-1.12
5176.0,-1.44
5177.0,-1.44
5178.0,-1.3599999999999999
5179.0,-0.6400000000000008
5180.0,-1.16
5181.0,-1.12
5182.0,-2.6800000000000006
5183.0,0.36
5184.0,-1.2
5185.0,0.31999999999999995
5186.0,-4.480000000000002
5187.0,0.2799999999999999
5188.0,-1.16
5189.0,-1.24
5190.0,-1.0
5191.0,-1.0
5192.0,-1.9600000000000004
5193.0,-1.04
5194.0,-3.4000000000000012
5195.0,-1.0
5196.0,-1.12
5197.0,-1.32
5198.0,-1.48
5199.0,-1.28
5200.0,-1.0
5201.0,-1.5200000000000014
5202.0,0.4
5203.0,-1.4
5204.0,0.31999999999999995
5205.0,-1.6800000000000002
5206.0,-1.6
5207.0,-1.08
5208.0,-1.04
5209.0,0.07999999999999974
5210.0,-1.52
5211.0,-1.16
5212.0,-1.120000000000001
5213.0,-1.56
5214.0,-1.7600000000000002
5215.0,-1.0000000000000009
5216.0,-1.16
5217.0,0.19999999999999984
5218.0,-1.08
5219.0,-1.16
5220.0,-1.16
5221.0,-0.6400000000000008
5222.0,0.19999999999999984
5223.0,-1.56
5224.0,-1.28
5225.0,-1.7200000000000002
5226.0,0.23999999999999988
5227.0,-1.12
5228.0,-1.08
5229.0,-1.8800000000000003
5230.0,0.31999999999999995
5231.0,-1.4
5232.0,-3.240000000000003
5233.0,-1.6400000000000001
5234.0,0.23999999999999988
5235.0,-0.04000000000000026
5236.0,-1.28
5237.0,0.0399999999999997
5238.0,0.31999999999999995
5239.0,-1.8400000000000003
5240.0,-1.4
5241.0,-1.04
5242.0,-5.600000000000003
5243.0,-1.08
5244.0,-1.08
5245.0,-1.2
5246.0,-1.4
5247.0,-1.04
5248.0,0.2799999999999999
5249.0,-1.2
5250.0,-1.12
5251.0,-1.9600000000000004
5252.0,-1.04
5253.0,-1.9600000000000004
5254.0,-1.04
5255.0,-1.52
5256.0,-1.44
5257.0,-1.32
5258.0,-2.4800000000000004
5259.0,-1.04
5260.0,-0.6000000000000008
5261.0,-1.6
5262.0,-1.6
5263.0,-1.08
5264.0,-1.28
5265.0,-1.4
5266.0,-1.12
5267.0,-1.7200000000000002
5268.0,-1.16
5269.0,-1.9200000000000004
5270.0,-1.2
5271.0,-1.8000000000000003
5272.0,0.1599999999999998
5273.0,-1.0
5274.0,-1.0
5275.0,-1.56
5276.0,-1.3599999999999999
5277.0,0.19999999999999984
5278.0,-1.28
5279.0,-1.44
5280.0,-1.0
5281.0,-1.08
5282.0,-1.12
5283.0,0.2799999999999999
5284.0,-1.32
5285.0,-2.880000000000001
5286.0,-1.16
5287.0,-1.16
5288.0,0.36
5289.0,-1.2
5290.0,0.31999999999999995
5291.0,-1.4
5292.0,0.23999999999999988
5293.0,-1.160000000000001
5294.0,-1.44
5295.0,0.4
5296.0,-2.400000000000002
5297.0,-2.4400000000000004
5298.0,-1.2
5299.0,-1.12
5300.0,0.4800000000000001
5301.0,-1.2
5302.0,0.1599999999999998
5303.0,-1.24
5304.0,-1.2
5305.0,-1.0
5306.0,-1.3599999999999999
5307.0,-1.24
5308.0,-1.0
5309.0,-1.16
5310.0,0.44000000000000006
5311.0,-1.4
5312.0,-1.24
5313.0,-1.7200000000000002
5314.0,-1.44
5315.0,-2.5600000000000005
5316.0,-0.48000000000000065
5317.0,0.23999999999999988
5318.0,-1.6400000000000001
5319.0,-2.220446049250313e-16
5320.0,-1.56
5321.0,-1.44
5322.0,-1.6
5323.0,-1.3599999999999999
5324.0,-1.32
5325.0,-1.200000000000001
5326.0,0.36
5327.0,-2.16
5328.0,-1.04
5329.0,0.0399999999999997
5330.0,0.2799999999999999
5331.0,-2.220446049250313e-16
5332.0,-1.3599999999999999
5333.0,0.36
5334.0,-1.12
5335.0,-1.7600000000000002
5336.0,-1.16
5337.0,-1.08
5338.0,-1.24
5339.0,-1.0
5340.0,-1.0
5341.0,-1.8000000000000003
5342.0,-1.32
5343.0,-1.08
5344.0,-1.3599999999999999
5345.0,-1.24
5346.0,-0.04000000000000026
5347.0,-1.16
5348.0,-1.32
5349.0,-1.24
5350.0,-1.2
5351.0,-1.24
5352.0,-1.12
5353.0,0.1599999999999998
5354.0,-1.24
5355.0,0.31999999999999995
5356.0,-1.4
5357.0,-1.04
5358.0,-1.6400000000000001
5359.0,-1.44
5360.0,-1.28
5361.0,-1.2
5362.0,-1.0
5363.0,-1.16
5364.0,-1.6800000000000002
5365.0,-1.4
5366.0,0.31999999999999995
5367.0,-1.56
5368.0,-1.12
5369.0,-1.080000000000001
5370.0,-1.08
5371.0,-1.2
5372.0,-1.24
5373.0,-5.9600000000000035
5374.0,-1.16
5375.0,-1.52
5376.0,-5.840000000000003
5377.0,-1.12
5378.0,-1.8800000000000003
5379.0,-1.32
5380.0,-1.08
5381.0,-0.6800000000000008
5382.0,-1.08
5383.0,-1.2
5384.0,-1.12
5385.0,-1.6400000000000001
5386.0,-2.5200000000000005
5387.0,-1.56
5388.0,-1.0
5389.0,-1.12
5390.0,-1.7600000000000002
5391.0,-1.52
5392.0,0.4800000000000001
5393.0,-1.12
5394.0,-1.2
5395.0,0.44000000000000006
5396.0,-4.720000000000002
5397.0,-1.48
5398.0,-1.0
5399.0,-2.360000000000002
5400.0,-2.16
5401.0,-1.08
5402.0,-1.04
5403.0,-1.7200000000000002
5404.0,-1.6400000000000001
5405.0,-1.2
5406.0,-1.0
5407.0,-1.3599999999999999
5408.0,-1.44
5409.0,-1.44
5410.0,-1.04
5411.0,-1.2
5412.0,-1.12
5413.0,0.31999999999999995
5414.0,0.4
5415.0,-1.28
5416.0,-1.0
5417.0,-1.12
5418.0,-1.6400000000000001
5419.0,-1.08
5420.0,-1.24
5421.0,-1.12
5422.0,0.4
5423.0,-1.24
5424.0,0.4800000000000001
5425.0,-1.56
5426.0,-1.080000000000001
5427.0,-1.3599999999999999
5428.0,0.2799999999999999
5429.0,-1.08
5430.0,-2.5200000000000005
5431.0,-1.32
5432.0,0.19999999999999984
5433.0,-1.4800000000000013
5434.0,-1.6
5435.0,-1.28
5436.0,-1.4
5437.0,-1.16
5438.0,-1.16
5439.0,-1.04
5440.0,-1.12
5441.0,-1.0
5442.0,-2.04
5443.0,-0.3200000000000005
5444.0,0.11999999999999977
5445.0,-1.2
5446.0,-2.5600000000000005
5447.0,-1.0
5448.0,0.2799999999999999
5449.0,-1.2
5450.0,-1.24
5451.0,-1.0
5452.0,-1.12
5453.0,-1.12
5454.0,-1.24
5455.0,-1.3599999999999999
5456.0,-1.08
5457.0,-1.04
5458.0,-1.16
5459.0,-1.24
5460.0,-1.12
5461.0,-1.0000000000000009
5462.0,-1.24
5463.0,-1.3599999999999999
5464.0,-1.08
5465.0,-0.2000000000000004
5466.0,-0.7600000000000009
5467.0,-1.08
5468.0,-1.3599999999999999
5469.0,-0.6800000000000008
5470.0,-1.3599999999999999
5471.0,0.31999999999999995
5472.0,-2.16
5473.0,-1.24
5474.0,-1.4
5475.0,-1.3599999999999999
5476.0,-1.3599999999999999
5477.0,-1.24
5478.0,-1.4
5479.0,-1.08
5480.0,-1.24
5481.0,-1.08
5482.0,-1.04
5483.0,-1.3599999999999999
5484.0,-1.8400000000000016
5485.0,-1.16
5486.0,-1.32
5487.0,-1.3200000000000012
5488.0,-1.2
5489.0,0.4
5490.0,-1.0
5491.0,-1.24
5492.0,0.31999999999999995
5493.0,0.31999999999999995
5494.0,-1.48
5495.0,0.4800000000000001
5496.0,-1.28
5497.0,-1.12
5498.0,-1.2
5499.0,-0.12000000000000033
5500.0,0.4
5501.0,-1.04
5502.0,-1.8400000000000003
5503.0,-2.220446049250313e-16
5504.0,-0.16000000000000036
5505.0,-0.7200000000000009
5506.0,-1.4
5507.0,-1.3599999999999999
5508.0,-1.12
5509.0,0.23999999999999988
5510.0,-1.04
5511.0,-1.16
5512.0,-1.4
5513.0,-2.7200000000000006
5514.0,-1.24
5515.0,-1.0
5516.0,-1.28
5517.0,0.1599999999999998
5518.0,-1.3600000000000012
5519.0,-1.12
5520.0,-1.04
5521.0,0.0399999999999997
5522.0,0.4
5523.0,-1.16
5524.0,0.4
5525.0,-5.9200000000000035
5526.0,-0.4000000000000006
5527.0,-1.2
5528.0,0.0399999999999997
5529.0,-1.56
5530.0,-1.24
5531.0,-1.04
5532.0,-1.160000000000001
5533.0,-2.6000000000000005
5534.0,-0.9600000000000011
5535.0,-1.7600000000000002
5536.0,0.2799999999999999
5537.0,-1.28
5538.0,-0.16000000000000036
5539.0,-1.12
5540.0,-1.16
5541.0,-1.28
5542.0,-1.12
5543.0,-3.240000000000003
5544.0,-1.48
5545.0,-2.4000000000000004
5546.0,-1.28
5547.0,-1.28
5548.0,0.4800000000000001
5549.0,-5.080000000000003
5550.0,-1.6400000000000001
5551.0,-1.16
5552.0,-1.2
5553.0,-1.2
5554.0,-1.0
5555.0,0.1599999999999998
5556.0,0.23999999999999988
5557.0,-1.52
5558.0,-1.08
5559.0,-8.320000000000006
5560.0,0.4800000000000001
5561.0,-1.28
5562.0,-1.44
5563.0,0.1599999999999998
5564.0,-0.04000000000000026
5565.0,-1.04
5566.0,-2.3200000000000003
5567.0,0.4
5568.0,0.19999999999999984
5569.0,-1.44
5570.0,-1.3599999999999999
5571.0,-0.04000000000000026
5572.0,0.23999999999999988
5573.0,-1.3599999999999999
5574.0,-1.3599999999999999
5575.0,-1.32
5576.0,-1.32
5577.0,0.4800000000000001
5578.0,-1.24
5579.0,-2.6000000000000005
5580.0,-1.52
5581.0,-1.44
5582.0,-1.2
5583.0,-1.28
5584.0,-1.24
5585.0,-1.24
5586.0,-1.48
5587.0,-1.0
5588.0,-1.56
5589.0,-1.12
5590.0,-1.28
5591.0,0.31999999999999995
5592.0,0.4
5593.0,-1.08
5594.0,-1.44
5595.0,-1.9600000000000004
5596.0,-1.24
5597.0,-1.4
5598.0,-1.04
5599.0,-1.6400000000000001
5600.0,-1.16
5601.0,-2.6800000000000024
5602.0,-1.24
5603.0,-1.24
5604.0,-8.080000000000005
5605.0,0.36
5606.0,-2.16
5607.0,-8.000000000000005
5608.0,-1.3599999999999999
5609.0,-1.2
5610.0,-1.04
5611.0,-1.44
5612.0,-0.0800000000000003
5613.0,0.23999999999999988
5614.0,-1.08
5615.0,-1.3599999999999999
5616.0,-1.16
5617.0,-0.36000000000000054
5618.0,0.4800000000000001
5619.0,-1.48
5620.0,0.4800000000000001
5621.0,0.0399999999999997
5622.0,-1.08
5623.0,-1.08
5624.0,-1.0
5625.0,0.31999999999999995
5626.0,-1.16
5627.0,0.2799999999999999
5628.0,-1.24
5629.0,-1.28
5630.0,-1.12
5631.0,0.31999999999999995
5632.0,0.4
5633.0,-1.04
5634.0,-0.4000000000000006
5635.0,0.19999999999999984
5636.0,-0.4400000000000006
5637.0,-2.16
5638.0,-1.28
5639.0,0.23999999999999988
5640.0,-2.6400000000000006
5641.0,-2.440000000000002
5642.0,-3.8400000000000016
5643.0,-1.4400000000000013
5644.0,-4.0000000000000036
5645.0,-1.2
5646.0,-1.04
5647.0,-1.04
5648.0,0.07999999999999974
5649.0,-1.16
5650.0,0.4
5651.0,-1.28
5652.0,-1.0
5653.0,-1.28
5654.0,-1.04
5655.0,-1.16
5656.0,-1.08
5657.0,-1.12
5658.0,-0.0800000000000003
5659.0,-1.24
5660.0,-1.4
5661.0,-1.08
5662.0,0.4
5663.0,-1.44
5664.0,0.1599999999999998
5665.0,0.4
5666.0,-1.8000000000000003
5667.0,-1.0
5668.0,0.23999999999999988
5669.0,0.4
5670.0,-2.220446049250313e-16
5671.0,-1.44
5672.0,-1.12
5673.0,-1.28
5674.0,-1.24
5675.0,0.4800000000000001
5676.0,-0.12000000000000033
5677.0,-1.0
5678.0,-1.16
5679.0,-1.12
5680.0,0.0399999999999997
5681.0,-0.12000000000000033
5682.0,-1.7200000000000002
5683.0,-1.16
5684.0,-1.28
5685.0,-1.32
5686.0,-1.3599999999999999
5687.0,-1.0
5688.0,-1.6
5689.0,-1.28
5690.0,0.23999999999999988
5691.0,-1.0
5692.0,0.31999999999999995
5693.0,-0.4400000000000006
5694.0,0.11999999999999977
5695.0,-0.8000000000000009
5696.0,0.4800000000000001
5697.0,-1.12
5698.0,-1.08
5699.0,0.36
5700.0,0.11999999999999977
5701.0,-1.6400000000000001
5702.0,-1.52
5703.0,-1.3599999999999999
5704.0,-1.2
5705.0,-1.04
5706.0,-1.04
5707.0,-1.16
5708.0,-1.24
5709.0,-1.3599999999999999
5710.0,-1.44
5711.0,-1.2
5712.0,-1.4
5713.0,-1.04
5714.0,-1.28
5715.0,-1.08
5716.0,-2.0
5717.0,-1.24
5718.0,-1.04
5719.0,-1.0
5720.0,-0.4400000000000006
5721.0,-1.16
5722.0,0.23999999999999988
5723.0,-1.24
5724.0,-0.16000000000000036
5725.0,-1.12
5726.0,-1.52
5727.0,0.11999999999999977
5728.0,-0.4000000000000006
5729.0,-1.0
5730.0,0.2799999999999999
5731.0,-1.04
5732.0,-0.5600000000000007
5733.0,0.31999999999999995
5734.0,0.4
5735.0,-1.28
5736.0,-2.220446049250313e-16
5737.0,-1.4
5738.0,-1.2
5739.0,-1.16
5740.0,0.4800000000000001
5741.0,-1.4
5742.0,-1.8400000000000003
5743.0,-1.04
5744.0,0.44000000000000006
5745.0,-1.24
5746.0,-4.440000000000002
5747.0,-1.3599999999999999
5748.0,-1.08
5749.0,-1.48
5750.0,-1.8000000000000003
5751.0,-1.4
5752.0,-1.08
5753.0,0.4
5754.0,-1.16
5755.0,-1.32
5756.0,-1.28
5757.0,-2.2800000000000002
5758.0,-1.16
5759.0,-1.0
5760.0,0.4
5761.0,-1.56
5762.0,-1.04
5763.0,0.2799999999999999
5764.0,-1.48
5765.0,-1.52
5766.0,-1.16
5767.0,-1.12
5768.0,-1.08
5769.0,-1.3599999999999999
5770.0,-2.5200000000000005
5771.0,0.23999999999999988
5772.0,-1.04
5773.0,-1.3599999999999999
5774.0,-1.04
5775.0,-1.44
5776.0,-1.7600000000000002
5777.0,-4.240000000000002
5778.0,-2.6400000000000006
5779.0,0.31999999999999995
5780.0,0.23999999999999988
5781.0,-1.44
5782.0,-1.8800000000000017
5783.0,-1.12
5784.0,0.4800000000000001
5785.0,-1.56
5786.0,-1.16
5787.0,-1.32
5788.0,-2.5600000000000005
5789.0,-1.24
5790.0,-1.48
5791.0,-1.0
5792.0,0.4
5793.0,-1.56
5794.0,-3.520000000000003
5795.0,-1.48
5796.0,-1.2
5797.0,-1.32
5798.0,-1.24
5799.0,-1.16
5800.0,0.4800000000000001
5801.0,0.4
5802.0,-1.08
5803.0,-0.0800000000000003
5804.0,-1.4
5805.0,-8.000000000000005
5806.0,-2.08
5807.0,-3.4000000000000012
5808.0,-1.52
5809.0,-1.28
5810.0,-1.3599999999999999
5811.0,-1.0
5812.0,-1.9200000000000004
5813.0,0.23999999999999988
5814.0,0.11999999999999977
5815.0,-2.6000000000000023
5816.0,0.44000000000000006
5817.0,-1.48
5818.0,0.07999999999999974
5819.0,-1.08
5820.0,-1.28
5821.0,-2.04
5822.0,-1.9600000000000004
5823.0,-1.04
5824.0,0.36
5825.0,-1.4
5826.0,-0.5600000000000007
5827.0,0.23999999999999988
5828.0,-1.6400000000000001
5829.0,0.44000000000000006
5830.0,0.19999999999999984
5831.0,-1.12
5832.0,-1.04
5833.0,0.1599999999999998
5834.0,-1.24
5835.0,-2.220446049250313e-16
5836.0,-1.2
5837.0,-1.04
5838.0,0.4
5839.0,-1.48
5840.0,-1.4
5841.0,-1.08
5842.0,-1.44
5843.0,-1.04
5844.0,-1.32
5845.0,0.07999999999999974
5846.0,-1.12
5847.0,-1.32
5848.0,-1.0
5849.0,-1.28
5850.0,-1.2
5851.0,-1.08
5852.0,0.4800000000000001
5853.0,-1.24
5854.0,-1.08
5855.0,-1.12
5856.0,-1.6800000000000002
5857.0,0.36
5858.0,0.4800000000000001
5859.0,-1.7600000000000002
5860.0,-1.04
5861.0,-5.240000000000003
5862.0,-1.56
5863.0,-8.000000000000005
5864.0,-0.36000000000000054
5865.0,-1.04
5866.0,-1.0
5867.0,-1.08
5868.0,0.44000000000000006
5869.0,0.19999999999999984
5870.0,-1.28
5871.0,-1.2
5872.0,-1.48
5873.0,-1.2
5874.0,-1.48
5875.0,-1.32
5876.0,-1.3599999999999999
5877.0,-1.32
5878.0,-1.44
5879.0,-1.2
5880.0,-1.7600000000000002
5881.0,0.19999999999999984
5882.0,-0.840000000000001
5883.0,-1.56
5884.0,-0.0800000000000003
5885.0,-1.2
5886.0,-1.08
5887.0,-1.24
5888.0,-1.24
5889.0,-1.08
5890.0,0.4
5891.0,-1.24
5892.0,-3.080000000000001
5893.0,-1.12
5894.0,-1.24
5895.0,0.2799999999999999
5896.0,-1.3599999999999999
5897.0,-1.12
5898.0,-1.48
5899.0,-1.3599999999999999
5900.0,-1.24
5901.0,0.4800000000000001
5902.0,0.4
5903.0,-1.04
5904.0,-2.16
5905.0,-1.44
5906.0,-1.3599999999999999
5907.0,0.1599999999999998
5908.0,-1.48
5909.0,0.4800000000000001
5910.0,-2.6000000000000005
5911.0,-0.6800000000000008
5912.0,-1.6400000000000001
5913.0,-1.32
5914.0,-2.6000000000000005
5915.0,-1.24
5916.0,-0.12000000000000033
5917.0,-1.04
5918.0,-2.220446049250313e-16
5919.0,-0.2000000000000004
5920.0,-1.0
5921.0,-0.2000000000000004
5922.0,-1.16
5923.0,0.19999999999999984
5924.0,-1.08
5925.0,-1.2
5926.0,-4.640000000000002
5927.0,-1.4
5928.0,-1.16
5929.0,0.4
5930.0,-1.52
5931.0,-1.0
5932.0,-0.12000000000000033
5933.0,-1.16
5934.0,0.4800000000000001
5935.0,-3.280000000000001
5936.0,-1.12
5937.0,0.11999999999999977
5938.0,-1.44
5939.0,-3.480000000000003
5940.0,-1.24
5941.0,0.4
5942.0,-1.9200000000000004
5943.0,-0.3200000000000005
5944.0,-2.920000000000001
5945.0,-1.2
5946.0,-1.04
5947.0,0.2799999999999999
5948.0,-1.24
5949.0,-1.4
5950.0,-1.24
5951.0,-0.12000000000000033
5952.0,-1.040000000000001
5953.0,-1.48
5954.0,-1.28
5955.0,0.31999999999999995
5956.0,0.1599999999999998
5957.0,-1.2
5958.0,-1.7600000000000002
5959.0,-1.0
5960.0,0.4800000000000001
5961.0,-1.48
5962.0,-1.3599999999999999
5963.0,-1.08
5964.0,0.36
5965.0,-1.04
5966.0,-1.44
5967.0,0.4800000000000001
5968.0,-1.2
5969.0,-1.3599999999999999
5970.0,-1.32
5971.0,0.1599999999999998
5972.0,-1.28
5973.0,-1.44
5974.0,-1.44
5975.0,-3.9200000000000035
5976.0,-2.0
5977.0,-1.48
5978.0,-1.2
5979.0,-1.16
5980.0,-1.32
5981.0,-1.04
5982.0,-1.48
5983.0,-1.56
5984.0,-4.560000000000002
5985.0,-1.0
5986.0,-1.04
5987.0,-0.5200000000000007
5988.0,-6.040000000000004
5989.0,-1.0
5990.0,-3.5200000000000014
5991.0,-1.6400000000000001
5992.0,-1.2
5993.0,-1.0
5994.0,0.1599999999999998
5995.0,0.4
5996.0,-1.12
5997.0,-1.9600000000000004
5998.0,-1.24
5999.0,-1.08
6000.0,-1.6
6001.0,-1.28
6002.0,-2.2800000000000002
6003.0,-1.2
6004.0,-8.520000000000007
6005.0,-1.8400000000000003
6006.0,-1.4800000000000013
6007.0,0.23999999999999988
6008.0,-2.2
6009.0,0.23999999999999988
6010.0,-1.12
6011.0,0.4800000000000001
6012.0,-3.4800000000000013
6013.0,0.23999999999999988
6014.0,-1.4
6015.0,-1.16
6016.0,-2.8000000000000007
6017.0,-1.12
6018.0,0.31999999999999995
6019.0,-1.12
6020.0,-0.0800000000000003
6021.0,-1.24
6022.0,-1.04
6023.0,-8.360000000000007
6024.0,-1.6400000000000001
6025.0,-1.0
6026.0,0.2799999999999999
6027.0,-1.28
6028.0,-0.04000000000000026
6029.0,-6.760000000000004
6030.0,-0.5600000000000007
6031.0,-1.28
6032.0,0.2799999999999999
6033.0,0.4
6034.0,0.1599999999999998
6035.0,-1.2
6036.0,-1.9600000000000004
6037.0,-1.2
6038.0,-8.000000000000005
6039.0,-0.6400000000000008
6040.0,0.11999999999999977
6041.0,-1.24
6042.0,-1.44
6043.0,-1.0
6044.0,-1.28
6045.0,-1.0
6046.0,-1.56
6047.0,-5.000000000000003
6048.0,-1.24
6049.0,-1.32
6050.0,-1.7200000000000002
6051.0,-1.32
6052.0,-1.240000000000001
6053.0,-1.0
6054.0,-1.48
6055.0,-1.3599999999999999
6056.0,-1.12
6057.0,-1.32
6058.0,-1.04
6059.0,-1.2
6060.0,-1.28
6061.0,0.4
6062.0,-1.08
6063.0,-1.04
6064.0,-1.6400000000000001
6065.0,-1.04
6066.0,-1.08
6067.0,-1.08
6068.0,-1.0
6069.0,-5.640000000000005
6070.0,-2.5600000000000023
6071.0,-1.44
6072.0,-1.24
6073.0,-1.24
6074.0,-1.44
6075.0,-1.52
6076.0,0.4800000000000001
6077.0,0.4800000000000001
6078.0,0.36
6079.0,-1.2
6080.0,-1.56
6081.0,-1.0
6082.0,-1.56
6083.0,-1.44
6084.0,-1.12
6085.0,-1.12
6086.0,-1.16
6087.0,-1.3599999999999999
6088.0,-1.0
6089.0,-1.240000000000001
6090.0,-1.32
6091.0,-4.8000000000000025
6092.0,-1.3599999999999999
6093.0,-0.24000000000000044
6094.0,-1.48
6095.0,-1.08
6096.0,0.11999999999999977
6097.0,-1.44
6098.0,-1.08
6099.0,-1.16
6100.0,-1.2
6101.0,-1.04
6102.0,-1.6800000000000002
6103.0,-3.080000000000001
6104.0,-1.16
6105.0,-1.16
6106.0,-1.56
6107.0,-1.12
6108.0,0.2799999999999999
6109.0,0.2799999999999999
6110.0,-0.28000000000000047
6111.0,-1.44
6112.0,-0.6800000000000008
6113.0,-1.24
6114.0,-1.2
6115.0,-1.16
6116.0,-1.16
6117.0,-1.32
6118.0,-1.040000000000001
6119.0,-1.2
6120.0,-1.28
6121.0,-1.04
6122.0,-1.3599999999999999
6123.0,-1.28
6124.0,-1.12
6125.0,-4.520000000000002
6126.0,-1.2
6127.0,-1.12
6128.0,-1.16
6129.0,-1.28
6130.0,-1.0
6131.0,0.23999999999999988
6132.0,-1.04
6133.0,0.31999999999999995
6134.0,-1.0
6135.0,0.31999999999999995
6136.0,0.36
6137.0,-1.6800000000000002
6138.0,0.4
6139.0,0.19999999999999984
6140.0,-1.04
6141.0,-1.16
6142.0,-3.360000000000001
6143.0,-1.08
6144.0,-1.04
6145.0,-1.6400000000000001
6146.0,-1.08
6147.0,-1.0
6148.0,-1.24
6149.0,-1.16
6150.0,-1.24
6151.0,-1.08
6152.0,-1.08
6153.0,-1.16
6154.0,0.1599999999999998
6155.0,-0.16000000000000036
6156.0,0.4
6157.0,-1.16
6158.0,0.4
6159.0,-1.24
6160.0,-4.520000000000002
6161.0,-0.920000000000001
6162.0,-1.24
6163.0,-1.4
6164.0,-1.32
6165.0,0.1599999999999998
6166.0,-1.04
6167.0,-2.2
6168.0,0.31999999999999995
6169.0,0.23999999999999988
6170.0,-1.16
6171.0,-1.04
6172.0,-0.2000000000000004
6173.0,-1.28
6174.0,-1.6
6175.0,0.36
6176.0,-1.3599999999999999
6177.0,-1.28
6178.0,0.4
6179.0,-1.3599999999999999
6180.0,-1.3599999999999999
6181.0,-1.24
6182.0,-0.0800000000000003
6183.0,0.36
6184.0,-1.2
6185.0,-1.04
6186.0,0.4800000000000001
6187.0,-0.4400000000000006
6188.0,-1.48
6189.0,-1.3599999999999999
6190.0,-1.2
6191.0,0.23999999999999988
6192.0,-2.080000000000002
6193.0,-1.240000000000001
6194.0,-1.6
6195.0,-1.32
6196.0,-0.12000000000000033
6197.0,-1.48
6198.0,-1.16
6199.0,-1.12
6200.0,-1.3599999999999999
6201.0,0.11999999999999977
6202.0,0.4
6203.0,-1.28
6204.0,-1.3599999999999999
6205.0,-2.7600000000000025
6206.0,-1.4
6207.0,-1.24
6208.0,-1.08
6209.0,0.44000000000000006
6210.0,-1.24
6211.0,-1.08
6212.0,-0.12000000000000033
6213.0,-1.6400000000000001
6214.0,-0.48000000000000065
6215.0,-1.32
6216.0,-1.6800000000000002
6217.0,-1.04
6218.0,-1.9600000000000004
6219.0,-1.7200000000000002
6220.0,-1.04
6221.0,0.4800000000000001
6222.0,-1.44
6223.0,-1.04
6224.0,-1.16
6225.0,-1.12
6226.0,-0.5600000000000007
6227.0,-1.56
6228.0,0.19999999999999984
6229.0,0.44000000000000006
6230.0,0.4800000000000001
6231.0,-1.16
6232.0,-1.16
6233.0,-1.4
6234.0,-1.28
6235.0,-1.44
6236.0,-1.0
6237.0,-3.120000000000001
6238.0,-1.6
6239.0,0.07999999999999974
6240.0,-1.12
6241.0,0.44000000000000006
6242.0,-1.28
6243.0,0.44000000000000006
6244.0,-1.32
6245.0,-0.880000000000001
6246.0,-1.24
6247.0,-1.48
6248.0,-1.44
6249.0,-1.4
6250.0,-1.24
6251.0,-1.12
6252.0,-8.600000000000005
6253.0,-0.48000000000000065
6254.0,0.4
6255.0,-1.2
6256.0,-1.3599999999999999
6257.0,-1.48
6258.0,0.31999999999999995
6259.0,0.23999999999999988
6260.0,-1.08
6261.0,-1.28
6262.0,-1.4
6263.0,-1.04
6264.0,-1.0
6265.0,-1.28
6266.0,-1.0
6267.0,-1.2
6268.0,-1.04
6269.0,-1.04
6270.0,-1.2
6271.0,-1.12
6272.0,-1.28
6273.0,-1.0
6274.0,0.36
6275.0,-1.04
6276.0,-7.720000000000005
6277.0,0.4800000000000001
6278.0,-1.12
6279.0,-0.12000000000000033
6280.0,-1.28
6281.0,-0.28000000000000047
6282.0,-1.2
6283.0,0.36
6284.0,-1.28
6285.0,-1.0
6286.0,-1.2
6287.0,-1.08
6288.0,-0.04000000000000026
6289.0,-1.2
6290.0,-1.12
6291.0,-1.16
6292.0,0.4
6293.0,-1.04
6294.0,-1.32
6295.0,-1.52
6296.0,-1.12
6297.0,0.23999999999999988
6298.0,-2.480000000000002
6299.0,0.31999999999999995
6300.0,-1.56
6301.0,-1.04
6302.0,-1.24
6303.0,-1.32
6304.0,-1.2
6305.0,-1.08
6306.0,0.4
6307.0,-1.04
6308.0,-0.04000000000000026
6309.0,-1.4
6310.0,-1.6400000000000015
6311.0,0.4800000000000001
6312.0,-1.32
6313.0,-1.28
6314.0,-1.8000000000000003
6315.0,-1.8400000000000003
6316.0,-1.04
6317.0,-0.16000000000000036
6318.0,-1.28
6319.0,-1.08
6320.0,-1.28
6321.0,0.4
6322.0,-1.04
6323.0,0.31999999999999995
6324.0,-6.920000000000006
6325.0,-1.08
6326.0,0.4800000000000001
6327.0,-1.28
6328.0,-1.04
6329.0,-1.6800000000000002
6330.0,-1.6800000000000002
6331.0,-1.28
6332.0,0.4
6333.0,-1.04
6334.0,-1.16
6335.0,-6.0000000000000036
6336.0,-8.000000000000005
6337.0,0.23999999999999988
6338.0,-1.2
6339.0,-1.0
6340.0,0.2799999999999999
6341.0,-1.6
6342.0,0.4
6343.0,-1.52
6344.0,-1.8000000000000003
6345.0,-1.2
6346.0,-1.240000000000001
6347.0,-1.12
6348.0,0.4
6349.0,-1.32
6350.0,0.4800000000000001
6351.0,0.4
6352.0,-2.6000000000000005
6353.0,-1.32
6354.0,-1.44
6355.0,-1.0
6356.0,0.4800000000000001
6357.0,0.31999999999999995
6358.0,-4.360000000000004
6359.0,-3.200000000000001
6360.0,-1.44
6361.0,-1.32
6362.0,-1.7200000000000002
6363.0,0.36
6364.0,-1.04
6365.0,-1.12
6366.0,-1.2
6367.0,-1.3599999999999999
6368.0,-1.04
6369.0,0.31999999999999995
6370.0,0.4
6371.0,-1.8000000000000003
6372.0,-1.3200000000000012
6373.0,-7.0800000000000045
6374.0,0.23999999999999988
6375.0,0.07999999999999974
6376.0,0.4
6377.0,-1.0
6378.0,-1.12
6379.0,-1.2
6380.0,-2.880000000000001
6381.0,-1.0
6382.0,-0.36000000000000054
6383.0,-4.440000000000004
6384.0,-1.6400000000000001
6385.0,-1.08
6386.0,-1.16
6387.0,-1.08
6388.0,-1.48
6389.0,-1.32
6390.0,-1.04
6391.0,-1.04
6392.0,-1.3599999999999999
6393.0,0.44000000000000006
6394.0,0.11999999999999977
6395.0,-1.44
6396.0,-1.28
6397.0,-2.04
6398.0,-0.4000000000000006
6399.0,-1.48
6400.0,-1.2
6401.0,-1.12
6402.0,-1.08
6403.0,-0.6000000000000008
6404.0,-1.6400000000000001
6405.0,-1.6400000000000001
6406.0,0.31999999999999995
6407.0,-0.16000000000000036
6408.0,-1.3599999999999999
6409.0,-1.4800000000000013
6410.0,-1.08
6411.0,-0.48000000000000065
6412.0,-1.48
6413.0,-1.12
6414.0,-1.0
6415.0,0.2799999999999999
6416.0,-0.48000000000000065
6417.0,-1.3599999999999999
6418.0,0.36
6419.0,-1.16
6420.0,-1.0
6421.0,-3.400000000000003
6422.0,0.4800000000000001
6423.0,-1.04
6424.0,-0.2000000000000004
6425.0,-1.08
6426.0,-1.32
6427.0,-5.400000000000005
6428.0,-1.48
6429.0,-1.6800000000000002
6430.0,-1.16
6431.0,-1.6800000000000002
6432.0,0.23999999999999988
6433.0,-1.04
6434.0,-1.08
6435.0,-1.8400000000000003
6436.0,-1.6400000000000015
6437.0,-1.7600000000000002
6438.0,-1.28
6439.0,-1.16
6440.0,-1.44
6441.0,-1.12
6442.0,0.4
6443.0,-1.6
6444.0,-1.08
6445.0,-1.08
6446.0,-1.56
6447.0,-1.24
6448.0,-2.7200000000000006
6449.0,0.1599999999999998
6450.0,-1.04
6451.0,-2.04
6452.0,0.31999999999999995
6453.0,-1.56
6454.0,0.0399999999999997
6455.0,0.31999999999999995
6456.0,-1.04
6457.0,-0.4400000000000006
6458.0,0.31999999999999995
6459.0,-1.28
6460.0,-1.24
6461.0,-1.4
6462.0,-1.4
6463.0,-1.44
6464.0,0.4800000000000001
6465.0,0.31999999999999995
6466.0,-1.24
6467.0,-1.56
6468.0,-0.04000000000000026
6469.0,-1.04
6470.0,-1.32
6471.0,0.4
6472.0,-1.6
6473.0,-4.240000000000002
6474.0,0.23999999999999988
6475.0,-1.08
6476.0,-1.28
6477.0,-1.08
6478.0,-2.920000000000001
6479.0,-1.08
6480.0,-2.2
6481.0,-1.48
6482.0,-1.8400000000000003
6483.0,0.4
6484.0,-1.48
6485.0,-1.16
6486.0,0.31999999999999995
6487.0,-1.08
6488.0,-1.04
6489.0,-8.000000000000005
6490.0,-1.2
6491.0,-1.28
6492.0,-0.28000000000000047
6493.0,-1.32
6494.0,-1.28
6495.0,-1.52
6496.0,-0.0800000000000003
6497.0,-1.08
6498.0,0.19999999999999984
6499.0,-1.32
6500.0,-1.0
6501.0,-1.44
6502.0,-1.3599999999999999
6503.0,-1.08
6504.0,-1.4
6505.0,-5.640000000000005
6506.0,-2.0
6507.0,-5.9200000000000035
6508.0,-1.0
6509.0,-1.12
6510.0,0.23999999999999988
6511.0,-1.16
6512.0,-1.08
6513.0,0.19999999999999984
6514.0,-1.16
6515.0,-1.16
6516.0,-1.12
6517.0,-2.4800000000000004
6518.0,-1.24
6519.0,-1.7200000000000002
6520.0,0.4
6521.0,0.0399999999999997
6522.0,-1.3599999999999999
6523.0,-1.16
6524.0,-1.12
6525.0,-1.08
6526.0,-1.32
6527.0,-1.28
6528.0,-1.32
6529.0,-1.56
6530.0,-1.04
6531.0,-1.12
6532.0,-1.56
6533.0,-1.04
6534.0,-1.12
6535.0,-1.0
6536.0,-1.3599999999999999
6537.0,-1.16
6538.0,-1.12
6539.0,-1.16
6540.0,-1.8400000000000003
6541.0,-1.12
6542.0,-1.28
6543.0,-1.04
6544.0,-2.5200000000000005
6545.0,0.11999999999999977
6546.0,-1.48
6547.0,-1.56
6548.0,0.19999999999999984
6549.0,-1.56
6550.0,0.4800000000000001
6551.0,-1.04
6552.0,-1.2
6553.0,-1.44
6554.0,-1.44
6555.0,-2.2800000000000002
6556.0,-1.08
6557.0,-1.04
6558.0,-1.08
6559.0,-1.24
6560.0,-1.16
6561.0,-1.48
6562.0,0.4800000000000001
6563.0,-1.04
6564.0,-1.24
6565.0,-0.5200000000000007
6566.0,-0.920000000000001
6567.0,-1.08
6568.0,0.1599999999999998
6569.0,-1.16
6570.0,-1.9600000000000004
6571.0,0.11999999999999977
6572.0,-1.4
6573.0,-1.48
6574.0,-1.52
6575.0,-1.24
6576.0,0.31999999999999995
6577.0,-1.7200000000000002
6578.0,-1.32
6579.0,-1.48
6580.0,-2.8800000000000026
6581.0,-1.3599999999999999
6582.0,-2.4800000000000004
6583.0,0.1599999999999998
6584.0,-1.28
6585.0,-1.6800000000000002
6586.0,-1.52
6587.0,-1.56
6588.0,-1.6800000000000002
6589.0,-1.48
6590.0,-0.28000000000000047
6591.0,-1.2
6592.0,-1.3599999999999999
6593.0,-1.7200000000000002
6594.0,-1.08
6595.0,-1.04
6596.0,-1.32
6597.0,-0.6400000000000008
6598.0,-1.04
6599.0,-1.04
6600.0,0.4800000000000001
6601.0,-1.08
6602.0,0.36
6603.0,0.23999999999999988
6604.0,-1.8800000000000003
6605.0,-1.04
6606.0,-1.56
6607.0,-1.28
6608.0,-1.56
6609.0,-1.12
6610.0,0.23999999999999988
6611.0,0.4
6612.0,-1.08
6613.0,-1.24
6614.0,0.36
6615.0,-1.4
6616.0,-1.12
6617.0,-1.24
6618.0,-1.16
6619.0,-1.6400000000000001
6620.0,-1.24
6621.0,-1.0000000000000009
6622.0,-1.04
6623.0,-0.880000000000001
6624.0,-0.16000000000000036
6625.0,-1.04
6626.0,-7.240000000000005
6627.0,0.19999999999999984
6628.0,0.4800000000000001
6629.0,0.4800000000000001
6630.0,-2.960000000000001
6631.0,-1.12
6632.0,0.1599999999999998
6633.0,-1.44
6634.0,-1.2
6635.0,-1.0
6636.0,-1.04
6637.0,0.31999999999999995
6638.0,-4.960000000000003
6639.0,-1.24
6640.0,0.4800000000000001
6641.0,-1.32
6642.0,0.4
6643.0,0.4
6644.0,-1.48
6645.0,-1.24
6646.0,-4.920000000000003
6647.0,-1.12
6648.0,-0.6000000000000008
6649.0,-2.220446049250313e-16
6650.0,0.2799999999999999
6651.0,0.4
6652.0,-1.04
6653.0,0.11999999999999977
6654.0,-1.04
6655.0,-1.12
6656.0,-1.48
6657.0,0.44000000000000006
6658.0,0.31999999999999995
6659.0,-1.52
6660.0,-1.4
6661.0,-1.2
6662.0,-1.6400000000000001
6663.0,0.31999999999999995
6664.0,-2.220446049250313e-16
6665.0,0.11999999999999977
6666.0,-0.880000000000001
6667.0,-1.04
6668.0,-1.56
6669.0,-3.0000000000000027
6670.0,-0.16000000000000036
6671.0,0.4
6672.0,-0.6000000000000008
6673.0,-1.2
6674.0,-1.160000000000001
6675.0,-1.2
6676.0,-1.44
6677.0,-0.04000000000000026
6678.0,-1.8800000000000003
6679.0,0.23999999999999988
6680.0,-1.44
6681.0,-1.56
6682.0,-1.3599999999999999
6683.0,0.2799999999999999
6684.0,0.44000000000000006
6685.0,-1.12
6686.0,-1.2
6687.0,-2.6000000000000005
6688.0,-1.16
6689.0,-1.08
6690.0,-3.1200000000000028
6691.0,-1.2
6692.0,-1.28
6693.0,-8.000000000000005
6694.0,-1.12
6695.0,-1.24
6696.0,-1.8400000000000003
6697.0,0.31999999999999995
6698.0,0.4
6699.0,-1.8800000000000003
6700.0,-1.16
6701.0,-1.08
6702.0,-1.0
6703.0,0.36
6704.0,-1.0
6705.0,-1.2
6706.0,-1.32
6707.0,-1.32
6708.0,-2.9200000000000026
6709.0,-1.3600000000000012
6710.0,-1.12
6711.0,0.2799999999999999
6712.0,-1.12
6713.0,-1.2
6714.0,-2.6400000000000006
6715.0,-1.32
6716.0,-1.6800000000000002
6717.0,-0.2000000000000004
6718.0,0.44000000000000006
6719.0,-2.4400000000000004
6720.0,0.4
6721.0,-1.9200000000000004
6722.0,-1.44
6723.0,0.11999999999999977
6724.0,0.4
6725.0,-1.28
6726.0,0.23999999999999988
6727.0,-1.24
6728.0,-1.16
6729.0,-1.2
6730.0,0.4800000000000001
6731.0,-1.4
6732.0,-1.08
6733.0,-1.24
6734.0,-1.08
6735.0,0.4800000000000001
6736.0,-1.48
6737.0,-1.8800000000000017
6738.0,0.11999999999999977
6739.0,-1.16
6740.0,-1.4
6741.0,-1.0
6742.0,-2.160000000000002
6743.0,-1.56
6744.0,-8.000000000000005
6745.0,-2.7600000000000007
6746.0,0.44000000000000006
6747.0,-1.3599999999999999
6748.0,-1.24
6749.0,-1.44
6750.0,-1.48
6751.0,-1.24
6752.0,-4.0000000000000036
6753.0,0.23999999999999988
6754.0,-1.28
6755.0,-1.4
6756.0,-8.000000000000005
6757.0,-2.24
6758.0,-1.56
6759.0,-1.12
6760.0,-1.6800000000000002
6761.0,-1.24
6762.0,0.4800000000000001
6763.0,-1.08
6764.0,-2.4800000000000004
6765.0,-1.12
6766.0,-1.16
6767.0,0.31999999999999995
6768.0,-2.040000000000002
6769.0,0.44000000000000006
6770.0,-1.2
6771.0,-1.04
6772.0,-2.6000000000000023
6773.0,-1.56
6774.0,-1.4
6775.0,-1.4
6776.0,-1.4
6777.0,-1.3599999999999999
6778.0,0.23999999999999988
6779.0,-1.2
6780.0,-1.56
6781.0,0.23999999999999988
6782.0,-1.32
6783.0,-1.48
6784.0,0.4800000000000001
6785.0,-1.04
6786.0,0.23999999999999988
6787.0,-1.52
6788.0,0.19999999999999984
6789.0,0.31999999999999995
6790.0,-1.44
6791.0,0.19999999999999984
6792.0,-1.28
6793.0,-1.16
6794.0,-1.4
6795.0,-1.12
6796.0,-1.8000000000000016
6797.0,-0.7600000000000009
6798.0,0.4
6799.0,0.07999999999999974
6800.0,-1.0000000000000009
6801.0,-1.240000000000001
6802.0,-1.160000000000001
6803.0,0.1599999999999998
6804.0,-1.12
6805.0,-1.16
6806.0,-1.3599999999999999
6807.0,-1.52
6808.0,0.23999999999999988
6809.0,-1.44
6810.0,-1.3599999999999999
6811.0,-1.2
6812.0,-0.4400000000000006
6813.0,-1.7600000000000002
6814.0,-1.0
6815.0,-1.0
6816.0,-0.4400000000000006
6817.0,-1.04
6818.0,-0.7200000000000009
6819.0,-1.12
6820.0,-1.0
6821.0,-1.2
6822.0,0.4
6823.0,-1.12
6824.0,-1.12
6825.0,0.11999999999999977
6826.0,-1.04
6827.0,-1.32
6828.0,-1.16
6829.0,-1.2
6830.0,-1.12
6831.0,-1.5200000000000014
6832.0,-1.04
6833.0,0.2799999999999999
6834.0,-1.56
6835.0,-0.4400000000000006
6836.0,0.4
6837.0,0.31999999999999995
6838.0,-1.2
6839.0,-1.0
6840.0,0.4
6841.0,-0.9600000000000011
6842.0,0.23999999999999988
6843.0,-0.5600000000000007
6844.0,-1.56
6845.0,-1.04
6846.0,-1.6800000000000002
6847.0,-1.04
6848.0,0.4
6849.0,-6.040000000000004
6850.0,0.4
6851.0,0.2799999999999999
6852.0,0.4
6853.0,-1.0
6854.0,-1.2
6855.0,-5.120000000000003
6856.0,0.4
6857.0,-1.3599999999999999
6858.0,-1.24
6859.0,-1.2
6860.0,-1.4
6861.0,-1.08
6862.0,-1.4
6863.0,-1.32
6864.0,-1.32
6865.0,-1.0
6866.0,-1.32
6867.0,-1.12
6868.0,-1.44
6869.0,-2.0
6870.0,-8.000000000000005
6871.0,-1.04
6872.0,0.23999999999999988
6873.0,-1.6
6874.0,-1.44
6875.0,-1.2
6876.0,-1.16
6877.0,-1.3599999999999999
6878.0,-3.7600000000000016
6879.0,-1.04
6880.0,0.4
6881.0,-1.08
6882.0,0.2799999999999999
6883.0,-1.0
6884.0,-1.08
6885.0,-1.44
6886.0,-1.28
6887.0,-1.08
6888.0,-1.04
6889.0,-0.3200000000000005
6890.0,0.36
6891.0,-1.24
6892.0,-1.4
6893.0,-1.16
6894.0,-1.6800000000000002
6895.0,-1.5200000000000014
6896.0,0.0399999999999997
6897.0,-1.32
6898.0,-1.2
6899.0,-1.28
6900.0,-1.04
6901.0,-1.8800000000000003
6902.0,0.4
6903.0,-1.3599999999999999
6904.0,-1.44
6905.0,0.4
6906.0,-1.12
6907.0,-1.16
6908.0,-8.000000000000005
6909.0,-1.2
6910.0,-0.8000000000000009
6911.0,-1.08
6912.0,-1.56
6913.0,-1.04
6914.0,-0.48000000000000065
6915.0,0.4800000000000001
6916.0,0.4
6917.0,-1.0
6918.0,-1.16
6919.0,-1.52
6920.0,-1.04
6921.0,-2.7600000000000025
6922.0,-1.08
6923.0,-1.6400000000000001
6924.0,-3.0800000000000027
6925.0,0.44000000000000006
6926.0,0.23999999999999988
6927.0,-1.12
6928.0,0.4
6929.0,0.44000000000000006
6930.0,-1.2
6931.0,0.31999999999999995
6932.0,-1.28
6933.0,-8.000000000000005
6934.0,-2.3600000000000003
6935.0,0.31999999999999995
6936.0,-1.04
6937.0,0.31999999999999995
6938.0,-1.24
6939.0,0.2799999999999999
6940.0,0.0399999999999997
6941.0,-1.28
6942.0,-1.08
6943.0,0.4
6944.0,-1.04
6945.0,-0.6000000000000008
6946.0,-5.840000000000003
6947.0,-1.24
6948.0,0.31999999999999995
6949.0,-1.04
6950.0,-1.4
6951.0,-1.48
6952.0,-1.08
6953.0,-1.32
6954.0,0.4
6955.0,0.23999999999999988
6956.0,-1.12
6957.0,-1.24
6958.0,-1.16
6959.0,-0.4400000000000006
6960.0,-1.56
6961.0,-2.9200000000000026
6962.0,-1.24
6963.0,-1.2
6964.0,0.1599999999999998
6965.0,-2.7200000000000006
6966.0,-1.2
6967.0,-1.28
6968.0,-1.0
6969.0,-1.08
6970.0,-0.5200000000000007
6971.0,-1.08
6972.0,0.31999999999999995
6973.0,-1.0
6974.0,-1.0
6975.0,-1.08
6976.0,-1.08
6977.0,0.36
6978.0,0.31999999999999995
6979.0,-2.0
6980.0,-1.04
6981.0,-1.4
6982.0,-1.28
6983.0,-0.48000000000000065
6984.0,-1.28
6985.0,0.23999999999999988
6986.0,0.19999999999999984
6987.0,-1.28
6988.0,-8.000000000000005
6989.0,-1.12
6990.0,-1.24
6991.0,-1.3599999999999999
6992.0,-1.3599999999999999
6993.0,-1.2
6994.0,-1.2
6995.0,0.4800000000000001
6996.0,-1.3200000000000012
6997.0,-1.48
6998.0,-1.16
6999.0,-1.52
7000.0,0.4
7001.0,-1.0
7002.0,-1.4
7003.0,-1.12
7004.0,-0.5600000000000007
7005.0,-1.24
7006.0,-0.5200000000000007
7007.0,-1.3599999999999999
7008.0,-1.0
7009.0,-1.08
7010.0,-1.28
7011.0,0.23999999999999988
7012.0,0.1599999999999998
7013.0,0.4
7014.0,-1.56
7015.0,-1.16
7016.0,-1.12
7017.0,-1.12
7018.0,-8.000000000000005
7019.0,-1.04
7020.0,-1.16
7021.0,0.19999999999999984
7022.0,-1.52
7023.0,0.4800000000000001
7024.0,-1.3599999999999999
7025.0,-1.8800000000000003
7026.0,-1.0
7027.0,-1.52
7028.0,-1.44
7029.0,-1.28
7030.0,0.07999999999999974
7031.0,-8.000000000000005
7032.0,-1.04
7033.0,-1.0
7034.0,-1.08
7035.0,-1.48
7036.0,-1.24
7037.0,-1.28
7038.0,-1.4000000000000012
7039.0,-1.56
7040.0,-1.08
7041.0,-1.32
7042.0,0.4
7043.0,-8.000000000000005
7044.0,0.4800000000000001
7045.0,-1.16
7046.0,-1.08
7047.0,0.31999999999999995
7048.0,-1.08
7049.0,-1.12
7050.0,0.31999999999999995
7051.0,-1.44
7052.0,0.31999999999999995
7053.0,-1.52
7054.0,-5.240000000000003
7055.0,-1.28
7056.0,-1.08
7057.0,0.4800000000000001
7058.0,-1.12
7059.0,0.4
7060.0,-1.12
7061.0,-1.3599999999999999
7062.0,-1.6
7063.0,-1.0
7064.0,-1.08
7065.0,0.44000000000000006
7066.0,-1.4
7067.0,-0.7200000000000009
7068.0,-1.3599999999999999
7069.0,-1.7200000000000002
7070.0,-1.12
7071.0,0.44000000000000006
7072.0,-1.56
7073.0,0.31999999999999995
7074.0,0.23999999999999988
7075.0,-1.48
7076.0,-1.16
7077.0,-1.12
7078.0,-0.7200000000000009
7079.0,-1.2
7080.0,0.1599999999999998
7081.0,-1.04
7082.0,-1.6
7083.0,0.4800000000000001
7084.0,0.4
7085.0,-1.2
7086.0,-1.04
7087.0,-1.16
7088.0,-1.24
7089.0,-1.2
7090.0,-2.080000000000002
7091.0,-0.5600000000000007
7092.0,-1.5200000000000014
7093.0,-8.000000000000005
7094.0,-2.9200000000000026
7095.0,-1.16
7096.0,-1.48
7097.0,-1.04
7098.0,-0.24000000000000044
7099.0,-8.000000000000005
7100.0,-1.04
7101.0,-1.12
7102.0,-1.16
7103.0,-1.080000000000001
7104.0,-1.9600000000000004
7105.0,0.4
7106.0,-1.12
7107.0,-1.4
7108.0,-1.0
7109.0,-1.04
7110.0,-1.04
7111.0,-0.16000000000000036
7112.0,-1.0
7113.0,-1.24
7114.0,-1.56
7115.0,-1.04
7116.0,-1.16
7117.0,-1.4
7118.0,-1.48
7119.0,0.23999999999999988
7120.0,-1.28
7121.0,-1.6800000000000002
7122.0,-1.08
7123.0,-1.44
7124.0,-1.2
7125.0,-1.2
7126.0,0.07999999999999974
7127.0,-1.48
7128.0,-0.2000000000000004
7129.0,-1.08
7130.0,-1.3599999999999999
7131.0,-1.52
7132.0,-1.3599999999999999
7133.0,-1.4
7134.0,-0.6800000000000008
7135.0,0.19999999999999984
7136.0,-0.12000000000000033
7137.0,-1.32
7138.0,-1.04
7139.0,0.4
7140.0,-1.2
7141.0,-1.12
7142.0,-1.0
7143.0,-1.2
7144.0,0.4800000000000001
7145.0,0.36
7146.0,-1.04
7147.0,-1.16
7148.0,-1.4
7149.0,-1.28
7150.0,0.44000000000000006
7151.0,-1.28
7152.0,-1.04
7153.0,-1.12
7154.0,-1.4
7155.0,-1.0
7156.0,0.1599999999999998
7157.0,-1.28
7158.0,-1.48
7159.0,-1.04
7160.0,-1.16
7161.0,0.4
7162.0,-1.6
7163.0,-1.04
7164.0,-7.360000000000005
7165.0,0.4
7166.0,-1.08
7167.0,-0.12000000000000033
7168.0,-1.44
7169.0,0.19999999999999984
7170.0,-1.4
7171.0,-1.32
7172.0,-1.08
7173.0,-1.04
7174.0,-1.24
7175.0,-1.0
7176.0,-3.8400000000000016
7177.0,-1.3599999999999999
7178.0,-2.8000000000000007
7179.0,-5.960000000000005
7180.0,0.31999999999999995
7181.0,-1.2
7182.0,-1.28
7183.0,-1.12
7184.0,-1.44
7185.0,0.4800000000000001
7186.0,0.23999999999999988
7187.0,0.36
7188.0,-1.04
7189.0,-1.2
7190.0,-1.32
7191.0,0.4800000000000001
7192.0,0.2799999999999999
7193.0,-1.6800000000000002
7194.0,-1.3599999999999999
7195.0,-1.24
7196.0,-1.0
7197.0,-1.24
7198.0,-1.3600000000000012
7199.0,-1.6
7200.0,-1.16
7201.0,-3.240000000000001
7202.0,-2.5200000000000005
7203.0,-2.7600000000000007
7204.0,-1.4
7205.0,-1.24
7206.0,-1.52
7207.0,-1.48
7208.0,-1.24
7209.0,0.4
7210.0,-1.6000000000000014
7211.0,-1.04
7212.0,-8.000000000000005
7213.0,-4.040000000000002
7214.0,-1.0
7215.0,-1.08
7216.0,-1.28
7217.0,-1.24
7218.0,-1.48
7219.0,0.4800000000000001
7220.0,-1.04
7221.0,-1.0
7222.0,-1.32
7223.0,-1.08
7224.0,-1.12
7225.0,-1.28
7226.0,0.31999999999999995
7227.0,0.44000000000000006
7228.0,-0.12000000000000033
7229.0,0.4
7230.0,0.19999999999999984
7231.0,0.19999999999999984
7232.0,-1.3599999999999999
7233.0,-1.28
7234.0,0.1599999999999998
7235.0,-1.8000000000000016
7236.0,-1.44
7237.0,-1.44
7238.0,-1.16
7239.0,0.19999999999999984
7240.0,-1.2
7241.0,-1.24
7242.0,-0.3200000000000005
7243.0,0.4
7244.0,-1.04
7245.0,-1.04
7246.0,-1.3599999999999999
7247.0,-1.24
7248.0,0.4800000000000001
7249.0,-4.920000000000003
7250.0,-1.0
7251.0,-1.08
7252.0,-2.12
7253.0,-3.7600000000000033
7254.0,-1.32
7255.0,0.31999999999999995
7256.0,0.4800000000000001
7257.0,-1.16
7258.0,-1.8400000000000003
7259.0,-6.040000000000004
7260.0,-1.04
7261.0,-1.3599999999999999
7262.0,0.4800000000000001
7263.0,-1.2
7264.0,-1.04
7265.0,0.1599999999999998
7266.0,0.44000000000000006
7267.0,-1.16
7268.0,-8.000000000000005
7269.0,-1.08
7270.0,-1.04
7271.0,-1.8400000000000003
7272.0,-0.3200000000000005
7273.0,-1.08
7274.0,0.19999999999999984
7275.0,-1.04
7276.0,-1.28
7277.0,0.36
7278.0,-1.2
7279.0,-3.6800000000000033
7280.0,-1.6
7281.0,-1.44
7282.0,0.4800000000000001
7283.0,-1.8800000000000003
7284.0,-2.220446049250313e-16
7285.0,0.31999999999999995
7286.0,0.36
7287.0,-1.24
7288.0,-1.3599999999999999
7289.0,-1.3599999999999999
7290.0,0.4
7291.0,0.31999999999999995
7292.0,-3.6400000000000032
7293.0,-1.52
7294.0,-4.640000000000002
7295.0,-0.24000000000000044
7296.0,-1.8000000000000003
7297.0,0.4800000000000001
7298.0,-8.000000000000005
7299.0,0.44000000000000006
7300.0,-1.32
7301.0,0.31999999999999995
7302.0,-1.12
7303.0,-1.6
7304.0,-3.200000000000003
7305.0,-1.12
7306.0,-0.880000000000001
7307.0,0.4800000000000001
7308.0,-1.4
7309.0,-1.32
7310.0,-1.24
7311.0,-1.3599999999999999
7312.0,0.31999999999999995
7313.0,-1.28
7314.0,0.4
7315.0,-1.3599999999999999
7316.0,-1.12
7317.0,-3.8400000000000034
7318.0,-2.8000000000000007
7319.0,0.44000000000000006
7320.0,0.31999999999999995
7321.0,-1.24
7322.0,-1.2
7323.0,-1.24
7324.0,-3.120000000000001
7325.0,-1.48
7326.0,-1.16
7327.0,-1.12
7328.0,0.31999999999999995
7329.0,-1.2
7330.0,-1.16
7331.0,-1.08
7332.0,-1.08
7333.0,-1.12
7334.0,-1.7600000000000002
7335.0,-3.360000000000003
7336.0,-1.2
7337.0,-1.4
7338.0,0.44000000000000006
7339.0,-1.04
7340.0,-1.28
7341.0,-1.8400000000000016
7342.0,0.2799999999999999
7343.0,0.4
7344.0,-1.08
7345.0,-1.52
7346.0,-1.08
7347.0,-3.040000000000001
7348.0,-1.04
7349.0,-3.320000000000003
7350.0,-1.12
7351.0,-1.08
7352.0,-1.16
7353.0,-1.4
7354.0,-1.44
7355.0,0.36
7356.0,-1.2
7357.0,0.1599999999999998
7358.0,-1.3599999999999999
7359.0,0.4
7360.0,-1.4
7361.0,0.2799999999999999
7362.0,-1.16
7363.0,-1.32
7364.0,-2.5200000000000005
7365.0,-1.8000000000000003
7366.0,-1.8800000000000017
7367.0,-1.6800000000000002
7368.0,-1.9200000000000004
7369.0,-1.04
7370.0,0.4800000000000001
7371.0,-1.08
7372.0,-8.000000000000005
7373.0,-1.3599999999999999
7374.0,-1.08
7375.0,-1.2
7376.0,-1.6
7377.0,-1.24
7378.0,-1.44
7379.0,-1.08
7380.0,-1.48
7381.0,0.1599999999999998
7382.0,-1.32
7383.0,0.4
7384.0,-1.16
7385.0,0.4
7386.0,0.4
7387.0,0.4800000000000001
7388.0,0.36
7389.0,0.31999999999999995
7390.0,-1.52
7391.0,-1.16
7392.0,-1.44
7393.0,-2.4800000000000004
7394.0,-1.3599999999999999
7395.0,-1.24
7396.0,-0.0800000000000003
7397.0,-1.28
7398.0,-1.4
7399.0,-1.2
7400.0,-1.0
7401.0,-1.04
7402.0,-1.2
7403.0,-4.000000000000002
7404.0,-1.04
7405.0,-0.880000000000001
7406.0,-1.04
7407.0,-1.48
7408.0,-1.28
7409.0,-1.16
7410.0,-1.08
7411.0,-3.280000000000001
7412.0,-2.040000000000002
7413.0,-3.9600000000000017
7414.0,0.1599999999999998
7415.0,-1.44
7416.0,-1.44
7417.0,-0.04000000000000026
7418.0,-8.000000000000005
7419.0,-1.2
7420.0,-1.9600000000000004
7421.0,-1.04
7422.0,0.23999999999999988
7423.0,-2.2
7424.0,-1.16
7425.0,-1.0
7426.0,-1.12
7427.0,0.4800000000000001
7428.0,-1.24
7429.0,-1.04
7430.0,-1.12
7431.0,-1.04
7432.0,0.23999999999999988
7433.0,-0.36000000000000054
7434.0,-1.24
7435.0,-1.44
7436.0,0.4
7437.0,-1.48
7438.0,-1.56
7439.0,0.19999999999999984
7440.0,0.4800000000000001
7441.0,-1.12
7442.0,-0.4400000000000006
7443.0,-1.3599999999999999
7444.0,-1.3599999999999999
7445.0,-1.44
7446.0,-1.12
7447.0,0.4
7448.0,-1.7200000000000002
7449.0,0.4
7450.0,-1.04
7451.0,0.4
7452.0,-1.08
7453.0,-1.6
7454.0,-1.0
7455.0,0.31999999999999995
7456.0,-1.44
7457.0,-2.16
7458.0,-1.16
7459.0,-4.040000000000002
7460.0,-1.2
7461.0,-1.12
7462.0,-1.9200000000000017
7463.0,-0.48000000000000065
7464.0,0.4800000000000001
7465.0,-1.08
7466.0,0.1599999999999998
7467.0,-1.44
7468.0,-1.08
7469.0,-1.04
7470.0,-1.24
7471.0,-1.12
7472.0,0.23999999999999988
7473.0,-1.08
7474.0,-6.080000000000004
7475.0,-1.0
7476.0,-1.32
7477.0,-1.04
7478.0,0.4800000000000001
7479.0,-1.12
7480.0,-1.44
7481.0,-1.8000000000000003
7482.0,-1.04
7483.0,-1.44
7484.0,-0.24000000000000044
7485.0,-1.3599999999999999
7486.0,0.44000000000000006
7487.0,0.4
7488.0,-1.24
7489.0,-1.2
7490.0,0.07999999999999974
7491.0,-1.0
7492.0,-2.7600000000000025
7493.0,0.19999999999999984
7494.0,-5.720000000000003
7495.0,-1.16
7496.0,-1.24
7497.0,-1.08
7498.0,-1.48
7499.0,0.07999999999999974
7500.0,0.4
7501.0,-1.0
7502.0,-2.5600000000000005
7503.0,0.4800000000000001
7504.0,-0.880000000000001
7505.0,-1.4
7506.0,-1.44
7507.0,-1.6
7508.0,0.31999999999999995
7509.0,-1.0
7510.0,-1.8000000000000016
7511.0,0.4
7512.0,-1.12
7513.0,-2.04
7514.0,-1.04
7515.0,-1.120000000000001
7516.0,-0.7600000000000009
7517.0,0.44000000000000006
7518.0,-1.04
7519.0,-1.7600000000000002
7520.0,-1.12
7521.0,-1.3599999999999999
7522.0,0.31999999999999995
7523.0,-1.16
7524.0,-1.16
7525.0,-1.2
7526.0,-1.3599999999999999
7527.0,-1.2
7528.0,-1.04
7529.0,-1.28
7530.0,-1.48
7531.0,-1.24
7532.0,-0.7600000000000009
7533.0,-1.7200000000000002
7534.0,-1.12
7535.0,-1.24
7536.0,0.36
7537.0,-1.2
7538.0,-1.08
7539.0,-5.0800000000000045
7540.0,-1.0
7541.0,-1.2
7542.0,0.4800000000000001
7543.0,-1.12
7544.0,-1.52
7545.0,-1.04
7546.0,-1.56
7547.0,-1.04
7548.0,0.19999999999999984
7549.0,-1.16
7550.0,-1.12
7551.0,-3.280000000000001
7552.0,-3.8400000000000034
7553.0,0.19999999999999984
7554.0,0.4
7555.0,0.31999999999999995
7556.0,-1.080000000000001
7557.0,-1.12
7558.0,-1.0
7559.0,-1.7600000000000002
7560.0,0.4800000000000001
7561.0,0.2799999999999999
7562.0,-1.2
7563.0,-0.16000000000000036
7564.0,0.4
7565.0,-1.04
7566.0,-1.56
7567.0,-1.24
7568.0,-2.24
7569.0,-1.3200000000000012
7570.0,-1.0
7571.0,-1.28
7572.0,0.4
7573.0,-1.28
7574.0,-1.24
7575.0,0.4
7576.0,-1.3599999999999999
7577.0,-1.28
7578.0,-1.4
7579.0,-1.48
7580.0,-1.7200000000000002
7581.0,0.36
7582.0,-1.04
7583.0,-1.04
7584.0,0.31999999999999995
7585.0,-0.4400000000000006
7586.0,-1.44
7587.0,-0.3200000000000005
7588.0,-1.2
7589.0,-0.4400000000000006
7590.0,-1.04
7591.0,0.31999999999999995
7592.0,0.4
7593.0,0.4
7594.0,0.4
7595.0,-1.16
7596.0,-1.28
7597.0,-2.04
7598.0,-1.4
7599.0,-0.36000000000000054
7600.0,-1.7200000000000002
7601.0,-1.2
7602.0,-1.04
7603.0,-1.08
7604.0,-1.12
7605.0,0.36
7606.0,-1.44
7607.0,-2.08
7608.0,-1.28
7609.0,-1.04
7610.0,-2.0000000000000018
7611.0,-1.04
7612.0,-2.5600000000000005
7613.0,-1.44
7614.0,-1.12
7615.0,-1.32
7616.0,-1.7600000000000002
7617.0,-1.9600000000000004
7618.0,0.44000000000000006
7619.0,-1.6800000000000002
7620.0,-1.16
7621.0,-1.08
7622.0,-8.000000000000005
7623.0,-1.0
7624.0,-2.0
7625.0,-1.08
7626.0,-1.16
7627.0,-1.6800000000000002
7628.0,-1.08
7629.0,-0.8000000000000009
7630.0,-1.04
7631.0,-1.2
7632.0,0.4800000000000001
7633.0,-1.28
7634.0,-0.880000000000001
7635.0,-1.8800000000000003
7636.0,-1.7200000000000015
7637.0,-0.3200000000000005
7638.0,-1.04
7639.0,-2.12
7640.0,0.31999999999999995
7641.0,-1.44
7642.0,-1.52
7643.0,0.31999999999999995
7644.0,-1.04
7645.0,-1.16
7646.0,-1.44
7647.0,-1.56
7648.0,-1.7600000000000002
7649.0,-1.0
7650.0,-1.04
7651.0,-1.08
7652.0,-1.0
7653.0,-1.12
7654.0,-1.2
7655.0,-1.2
7656.0,-1.6
7657.0,-0.3200000000000005
7658.0,-1.16
7659.0,0.4800000000000001
7660.0,-1.12
7661.0,-1.24
7662.0,-1.4400000000000013
7663.0,-2.24
7664.0,0.4800000000000001
7665.0,-1.12
7666.0,-1.2
7667.0,-1.3599999999999999
7668.0,-1.3599999999999999
7669.0,-1.48
7670.0,-1.0
7671.0,-1.12
7672.0,-2.280000000000002
7673.0,0.36
7674.0,0.11999999999999977
7675.0,-3.160000000000001
7676.0,0.4800000000000001
7677.0,-1.08
7678.0,-1.2800000000000011
7679.0,-1.48
7680.0,-1.4
7681.0,-2.6800000000000024
7682.0,-1.2
7683.0,-1.16
7684.0,-1.12
7685.0,-1.7200000000000002
7686.0,0.44000000000000006
7687.0,-1.44
7688.0,-1.3599999999999999
7689.0,0.2799999999999999
7690.0,-1.52
7691.0,-1.44
7692.0,-1.52
7693.0,-1.0
7694.0,-3.520000000000003
7695.0,-1.9600000000000004
7696.0,-1.8400000000000003
7697.0,-1.9200000000000004
7698.0,-1.16
7699.0,-1.6400000000000015
7700.0,0.4800000000000001
7701.0,-1.04
7702.0,0.07999999999999974
7703.0,-1.24
7704.0,-1.24
7705.0,-1.3200000000000012
7706.0,-1.32
7707.0,-1.32
7708.0,-2.6800000000000006
7709.0,-1.44
7710.0,-1.56
7711.0,-0.5600000000000007
7712.0,0.4800000000000001
7713.0,-1.12
7714.0,-1.8000000000000003
7715.0,-1.04
7716.0,-1.52
7717.0,0.44000000000000006
7718.0,-1.24
7719.0,-1.4
7720.0,-1.12
7721.0,-1.2
7722.0,-1.2
7723.0,-1.04
7724.0,-1.28
7725.0,-1.32
7726.0,-0.04000000000000026
7727.0,0.36
7728.0,-1.0
7729.0,-0.28000000000000047
7730.0,-4.120000000000002
7731.0,-1.16
7732.0,-3.280000000000001
7733.0,-1.32
7734.0,-1.4000000000000012
7735.0,-1.4
7736.0,-1.44
7737.0,0.36
7738.0,-1.24
7739.0,-1.4
7740.0,-4.240000000000002
7741.0,-1.24
7742.0,-0.4000000000000006
7743.0,-1.04
7744.0,0.4
7745.0,-1.2
7746.0,-1.28
7747.0,-1.2
7748.0,0.4
7749.0,-1.56
7750.0,0.4
7751.0,-1.08
7752.0,-1.04
7753.0,-1.4
7754.0,0.4
7755.0,-1.24
7756.0,-1.4
7757.0,-1.4
7758.0,0.31999999999999995
7759.0,-1.2
7760.0,-2.220446049250313e-16
7761.0,-1.16
7762.0,-1.3599999999999999
7763.0,0.23999999999999988
7764.0,-1.12
7765.0,-1.3200000000000012
7766.0,-0.16000000000000036
7767.0,-4.080000000000002
7768.0,-1.52
7769.0,-1.2
7770.0,-2.8000000000000007
7771.0,-1.32
7772.0,0.23999999999999988
7773.0,-1.4
7774.0,0.4
7775.0,-1.7200000000000002
7776.0,0.4
7777.0,-1.3599999999999999
7778.0,-1.08
7779.0,-0.16000000000000036
7780.0,0.11999999999999977
7781.0,-1.3599999999999999
7782.0,-1.48
7783.0,-1.120000000000001
7784.0,-1.44
7785.0,-1.0
7786.0,-1.12
7787.0,-1.4
7788.0,0.4800000000000001
7789.0,-1.6400000000000001
7790.0,-1.24
7791.0,-1.0
7792.0,-1.24
7793.0,-1.04
7794.0,-0.6800000000000008
7795.0,-8.000000000000005
7796.0,-0.04000000000000026
7797.0,-1.6
7798.0,-1.4
7799.0,-1.4
7800.0,-1.44
7801.0,-1.24
7802.0,-1.16
7803.0,0.31999999999999995
7804.0,-1.12
7805.0,-1.24
7806.0,-1.0
7807.0,-1.0
7808.0,0.44000000000000006
7809.0,-1.4
7810.0,-1.52
7811.0,-1.7200000000000002
7812.0,-1.04
7813.0,0.4800000000000001
7814.0,-1.08
7815.0,-1.44
7816.0,-1.24
7817.0,-1.56
7818.0,0.4800000000000001
7819.0,-1.12
7820.0,-1.16
7821.0,-4.920000000000004
7822.0,-1.44
7823.0,0.1599999999999998
7824.0,-1.8800000000000017
7825.0,-2.2
7826.0,-1.0
7827.0,-1.4800000000000013
7828.0,-1.04
7829.0,-1.8800000000000003
7830.0,-1.16
7831.0,0.4
7832.0,-1.4
7833.0,-1.3599999999999999
7834.0,-1.6
7835.0,-1.4
7836.0,0.4800000000000001
7837.0,-1.28
7838.0,-1.08
7839.0,-1.4
7840.0,-2.2
7841.0,-1.08
7842.0,0.36
7843.0,-1.24
7844.0,0.4
7845.0,-0.8000000000000009
7846.0,-1.6
7847.0,-1.7600000000000002
7848.0,-1.2
7849.0,-1.24
7850.0,-1.08
7851.0,0.44000000000000006
7852.0,-1.44
7853.0,-2.5600000000000005
7854.0,-1.04
7855.0,-1.52
7856.0,-1.12
7857.0,-1.2
7858.0,-1.52
7859.0,0.2799999999999999
7860.0,-8.000000000000005
7861.0,-1.12
7862.0,-3.9600000000000017
7863.0,-1.12
7864.0,0.4
7865.0,-1.4
7866.0,-1.44
7867.0,0.4800000000000001
7868.0,-1.28
7869.0,-1.08
7870.0,-1.24
7871.0,-1.6
7872.0,-1.52
7873.0,-2.12
7874.0,0.4800000000000001
7875.0,-1.32
7876.0,-1.32
7877.0,-0.36000000000000054
7878.0,-1.04
7879.0,-2.2
7880.0,0.23999999999999988
7881.0,0.44000000000000006
7882.0,-1.48
7883.0,0.19999999999999984
7884.0,-1.52
7885.0,-1.3599999999999999
7886.0,0.31999999999999995
7887.0,-3.240000000000001
7888.0,-1.4
7889.0,-1.04
7890.0,0.4800000000000001
7891.0,-1.4
7892.0,0.4800000000000001
7893.0,-1.52
7894.0,-1.48
7895.0,-1.8400000000000003
7896.0,-1.48
7897.0,-1.08
7898.0,-1.44
7899.0,-1.04
7900.0,0.36
7901.0,-2.880000000000001
7902.0,-2.5200000000000005
7903.0,-1.4
7904.0,-1.8000000000000016
7905.0,0.4
7906.0,-1.3599999999999999
7907.0,-1.08
7908.0,-1.12
7909.0,0.23999999999999988
7910.0,-1.48
7911.0,-1.12
7912.0,0.0399999999999997
7913.0,0.1599999999999998
7914.0,-1.32
7915.0,0.44000000000000006
7916.0,-0.12000000000000033
7917.0,0.44000000000000006
7918.0,-2.5200000000000005
7919.0,-1.08
7920.0,-1.08
7921.0,-1.28
7922.0,-1.16
7923.0,0.4800000000000001
7924.0,-0.36000000000000054
7925.0,-1.12
7926.0,-1.3599999999999999
7927.0,0.11999999999999977
7928.0,0.1599999999999998
7929.0,-1.4000000000000012
7930.0,-1.08
7931.0,-1.48
7932.0,0.23999999999999988
7933.0,-2.04
7934.0,-1.3599999999999999
7935.0,-1.12
7936.0,-1.16
7937.0,-1.12
7938.0,-1.48
7939.0,-1.08
7940.0,-2.280000000000002
7941.0,-1.6800000000000002
7942.0,-1.0
7943.0,-1.2
7944.0,-1.08
7945.0,-1.12
7946.0,-1.12
7947.0,-1.32
7948.0,0.4
7949.0,-4.320000000000004
7950.0,-1.52
7951.0,-1.12
7952.0,-1.04
7953.0,-1.3599999999999999
7954.0,0.19999999999999984
7955.0,-1.24
7956.0,-1.0
7957.0,-1.08
7958.0,-8.000000000000005
7959.0,0.1599999999999998
7960.0,0.44000000000000006
7961.0,0.19999999999999984
7962.0,0.4
7963.0,-4.160000000000004
7964.0,-1.28
7965.0,0.31999999999999995
7966.0,-1.24
7967.0,0.19999999999999984
7968.0,-1.52
7969.0,-1.0
7970.0,-1.56
7971.0,-1.6400000000000001
7972.0,0.4
7973.0,-1.08
7974.0,-2.320000000000002
7975.0,-1.16
7976.0,-1.12
7977.0,0.4800000000000001
7978.0,-1.12
7979.0,-1.28
7980.0,-1.16
7981.0,-0.5600000000000007
7982.0,-0.4400000000000006
7983.0,-1.8400000000000003
7984.0,-1.08
7985.0,-0.16000000000000036
7986.0,0.4800000000000001
7987.0,-0.04000000000000026
7988.0,-1.16
7989.0,0.31999999999999995
7990.0,0.4
7991.0,-8.000000000000005
7992.0,-2.5600000000000005
7993.0,0.4800000000000001
7994.0,-2.040000000000002
7995.0,-1.24
7996.0,-1.44
7997.0,-1.0
7998.0,-1.3599999999999999
7999.0,-1.28
8000.0,-1.3599999999999999
8001.0,-1.04
8002.0,-1.16
8003.0,-1.2
8004.0,-1.56
8005.0,-1.04
8006.0,-1.28
8007.0,-1.04
8008.0,-1.0
8009.0,-1.32
8010.0,0.31999999999999995
8011.0,-2.160000000000002
8012.0,-1.24
8013.0,0.4
8014.0,0.4
8015.0,0.44000000000000006
8016.0,0.4
8017.0,-1.32
8018.0,-1.8400000000000003
8019.0,-1.2
8020.0,-1.0
8021.0,-0.920000000000001
8022.0,-1.3599999999999999
8023.0,-1.44
8024.0,-1.48
8025.0,-1.4
8026.0,-1.28
8027.0,0.4
8028.0,-1.56
8029.0,-8.000000000000005
8030.0,-2.4000000000000004
8031.0,-1.16
8032.0,-1.32
8033.0,0.11999999999999977
8034.0,-0.36000000000000054
8035.0,-2.0
8036.0,-2.4400000000000004
8037.0,-1.52
8038.0,0.36
8039.0,-1.4
8040.0,0.4
8041.0,-1.3599999999999999
8042.0,-1.28
8043.0,-1.04
8044.0,-1.3599999999999999
8045.0,0.0399999999999997
8046.0,-0.24000000000000044
8047.0,-1.44
8048.0,-1.56
8049.0,-1.6800000000000015
8050.0,-1.44
8051.0,-1.24
8052.0,-1.48
8053.0,0.0399999999999997
8054.0,-1.2
8055.0,0.36
8056.0,0.4800000000000001
8057.0,-1.04
8058.0,-1.16
8059.0,-1.2
8060.0,-1.08
8061.0,0.4
8062.0,-1.04
8063.0,-1.0
8064.0,-0.04000000000000026
8065.0,-1.16
8066.0,-0.920000000000001
8067.0,-1.2
8068.0,-1.12
8069.0,-2.3200000000000003
8070.0,-1.28
8071.0,-1.44
8072.0,-2.24
8073.0,-1.48
8074.0,-1.16
8075.0,-6.080000000000004
8076.0,-1.44
8077.0,-1.12
8078.0,0.44000000000000006
8079.0,-2.3200000000000003
8080.0,0.4
8081.0,-1.44
8082.0,-1.16
8083.0,-2.04
8084.0,-1.6400000000000001
8085.0,0.44000000000000006
8086.0,-1.48
8087.0,-1.4
8088.0,-8.000000000000005
8089.0,-1.24
8090.0,-1.6800000000000002
8091.0,-1.28
8092.0,0.4800000000000001
8093.0,-1.4
8094.0,-1.4
8095.0,-1.3599999999999999
8096.0,0.4800000000000001
8097.0,0.4800000000000001
8098.0,-1.48
8099.0,-1.04
8100.0,-1.4
8101.0,-1.08
8102.0,-1.04
8103.0,-1.56
8104.0,0.23999999999999988
8105.0,-1.12
8106.0,-1.08
8107.0,-2.8000000000000007
8108.0,-7.400000000000005
8109.0,-2.3600000000000003
8110.0,-3.160000000000003
8111.0,-1.2
8112.0,-1.56
8113.0,-1.2
8114.0,-1.28
8115.0,-1.04
8116.0,0.4
8117.0,0.4
8118.0,-1.4
8119.0,-1.0
8120.0,-1.48
8121.0,-1.16
8122.0,-1.56
8123.0,-1.0
8124.0,0.11999999999999977
8125.0,-1.2
8126.0,-8.680000000000007
8127.0,-1.2
8128.0,0.4800000000000001
8129.0,0.4
8130.0,0.4800000000000001
8131.0,-1.2
8132.0,-1.56
8133.0,-1.28
8134.0,-1.08
8135.0,-1.16
8136.0,0.4800000000000001
8137.0,-4.360000000000004
8138.0,-1.52
8139.0,-1.0
8140.0,-8.000000000000005
8141.0,-1.56
8142.0,-1.28
8143.0,-1.04
8144.0,-1.0
8145.0,-8.000000000000005
8146.0,-1.0
8147.0,-0.3200000000000005
8148.0,-0.3200000000000005
8149.0,-1.04
8150.0,-3.1200000000000028
8151.0,0.44000000000000006
8152.0,-1.08
8153.0,-1.04
8154.0,0.0399999999999997
8155.0,-1.08
8156.0,-1.24
8157.0,0.4
8158.0,-4.280000000000004
8159.0,0.44000000000000006
8160.0,0.4800000000000001
8161.0,-1.32
8162.0,-1.6800000000000015
8163.0,0.4800000000000001
8164.0,-1.2
8165.0,-1.0
8166.0,0.4800000000000001
8167.0,-1.3599999999999999
8168.0,0.44000000000000006
8169.0,-1.2
8170.0,0.31999999999999995
8171.0,-1.12
8172.0,-1.56
8173.0,-1.24
8174.0,-1.08
8175.0,-1.08
8176.0,-1.28
8177.0,0.44000000000000006
8178.0,-1.28
8179.0,-1.28
8180.0,-5.560000000000003
8181.0,-3.4800000000000013
8182.0,-1.32
8183.0,-1.12
8184.0,-1.8000000000000003
8185.0,-1.32
8186.0,-1.0
8187.0,-1.2
8188.0,-1.160000000000001
8189.0,-2.2
8190.0,-8.000000000000005
8191.0,-1.3599999999999999
8192.0,0.4800000000000001
8193.0,0.31999999999999995
8194.0,-1.4
8195.0,-1.0000000000000009
8196.0,-0.7600000000000009
8197.0,-1.16
8198.0,-1.04
8199.0,0.36
8200.0,-1.52
8201.0,-1.3599999999999999
8202.0,0.4800000000000001
8203.0,-1.04
8204.0,-1.44
8205.0,-1.08
8206.0,-1.24
8207.0,-1.0
8208.0,0.4800000000000001
8209.0,-1.3599999999999999
8210.0,-1.12
8211.0,-4.320000000000004
8212.0,-1.3599999999999999
8213.0,-1.0
8214.0,0.4
8215.0,0.4800000000000001
8216.0,-1.04
8217.0,-2.8000000000000007
8218.0,-1.44
8219.0,0.4800000000000001
8220.0,-2.12
8221.0,-1.44
8222.0,0.4
8223.0,0.4
8224.0,-1.16
8225.0,0.31999999999999995
8226.0,0.4
8227.0,-1.04
8228.0,0.4800000000000001
8229.0,0.31999999999999995
8230.0,-1.16
8231.0,-1.48
8232.0,-1.28
8233.0,-1.44
8234.0,-1.4
8235.0,-1.04
8236.0,-1.08
8237.0,-1.6800000000000002
8238.0,-1.28
8239.0,-1.04
8240.0,-1.28
8241.0,-2.400000000000002
8242.0,-1.24
8243.0,-1.12
8244.0,0.4800000000000001
8245.0,-2.120000000000002
8246.0,-2.6800000000000006
8247.0,-1.32
8248.0,-1.4
8249.0,-1.3599999999999999
8250.0,-1.04
8251.0,0.4
8252.0,-1.2
8253.0,-1.48
8254.0,0.36
8255.0,-1.0
8256.0,-1.0
8257.0,0.23999999999999988
8258.0,-1.0
8259.0,-1.04
8260.0,0.44000000000000006
8261.0,-1.56
8262.0,-1.08
8263.0,-0.48000000000000065
8264.0,-5.360000000000003
8265.0,-1.28
8266.0,-0.3200000000000005
8267.0,-1.04
8268.0,-1.16
8269.0,-1.4
8270.0,-1.56
8271.0,-8.000000000000005
8272.0,-1.0
8273.0,-1.08
8274.0,-1.32
8275.0,0.31999999999999995
8276.0,-2.08
8277.0,0.2799999999999999
8278.0,0.4800000000000001
8279.0,-1.12
8280.0,-1.16
8281.0,-1.0
8282.0,0.4800000000000001
8283.0,-1.12
8284.0,-1.28
8285.0,0.2799999999999999
8286.0,-1.04
8287.0,0.4
8288.0,-1.28
8289.0,-0.880000000000001
8290.0,-1.4
8291.0,-1.24
8292.0,-2.3600000000000003
8293.0,0.4
8294.0,0.4800000000000001
8295.0,-1.16
8296.0,-1.52
8297.0,0.2799999999999999
8298.0,-1.28
8299.0,0.4
8300.0,-1.3599999999999999
8301.0,0.4800000000000001
8302.0,-1.16
8303.0,-1.28
8304.0,-1.04
8305.0,-8.000000000000005
8306.0,-1.3599999999999999
8307.0,0.4800000000000001
8308.0,-1.12
8309.0,-1.16
8310.0,-1.32
8311.0,-1.16
8312.0,-0.48000000000000065
8313.0,-1.2
8314.0,-1.44
8315.0,-1.4
8316.0,-1.44
8317.0,-1.28
8318.0,-1.3599999999999999
8319.0,-1.6800000000000002
8320.0,-1.08
8321.0,-1.28
8322.0,-1.28
8323.0,-1.04
8324.0,-1.8800000000000003
8325.0,-1.08
8326.0,-5.400000000000003
8327.0,-1.32
8328.0,-2.7600000000000007
8329.0,-1.48
8330.0,-1.12
8331.0,-1.04
8332.0,-1.32
8333.0,0.36
8334.0,-1.52
8335.0,-1.0
8336.0,-1.12
8337.0,0.31999999999999995
8338.0,-1.24
8339.0,-1.0
8340.0,-0.24000000000000044
8341.0,0.31999999999999995
8342.0,-1.4
8343.0,-1.16
8344.0,-1.2
8345.0,0.4800000000000001
8346.0,-1.44
8347.0,-2.24
8348.0,0.4800000000000001
8349.0,-2.4400000000000004
8350.0,-1.12
8351.0,-1.24
8352.0,-1.28
8353.0,-1.0
8354.0,0.4800000000000001
8355.0,-1.2
8356.0,-1.2
8357.0,-1.6
8358.0,-2.6800000000000006
8359.0,-1.12
8360.0,0.4800000000000001
8361.0,-1.52
8362.0,-2.7600000000000007
8363.0,0.31999999999999995
8364.0,-1.32
8365.0,-1.52
8366.0,-1.56
8367.0,-1.32
8368.0,0.4
8369.0,-1.2
8370.0,-1.28
8371.0,-1.2
8372.0,-1.0
8373.0,-0.2000000000000004
8374.0,0.36
8375.0,0.31999999999999995
8376.0,-1.7200000000000002
8377.0,0.2799999999999999
8378.0,-1.44
8379.0,-1.0
8380.0,-1.04
8381.0,-1.52
8382.0,-1.48
8383.0,-6.2400000000000055
8384.0,-1.28
8385.0,-1.3599999999999999
8386.0,-1.08
8387.0,-1.2
8388.0,-0.28000000000000047
8389.0,-1.16
8390.0,-1.24
8391.0,-5.840000000000005
8392.0,-2.3200000000000003
8393.0,-1.04
8394.0,-0.04000000000000026
8395.0,-1.0
8396.0,-1.24
8397.0,-1.4
8398.0,-2.4000000000000004
8399.0,-1.28
8400.0,-0.6800000000000008
8401.0,-1.0
8402.0,-1.28
8403.0,0.4800000000000001
8404.0,-1.32
8405.0,-1.0
8406.0,-1.28
8407.0,-1.12
8408.0,-5.400000000000003
8409.0,-1.3599999999999999
8410.0,0.23999999999999988
8411.0,-3.080000000000001
8412.0,-1.12
8413.0,-1.2
8414.0,-1.0
8415.0,-1.7600000000000002
8416.0,0.2799999999999999
8417.0,-1.4
8418.0,-1.28
8419.0,-1.28
8420.0,0.44000000000000006
8421.0,0.4800000000000001
8422.0,-1.04
8423.0,-1.04
8424.0,-1.24
8425.0,-1.4
8426.0,-1.52
8427.0,-1.16
8428.0,-4.000000000000002
8429.0,-0.0800000000000003
8430.0,-1.04
8431.0,-1.24
8432.0,-1.0
8433.0,-1.32
8434.0,-1.16
8435.0,0.44000000000000006
8436.0,-1.52
8437.0,-1.3599999999999999
8438.0,-2.8000000000000007
8439.0,-1.04
8440.0,-1.08
8441.0,-1.08
8442.0,0.4800000000000001
8443.0,-1.56
8444.0,0.4800000000000001
8445.0,0.31999999999999995
8446.0,-1.32
8447.0,-2.04
8448.0,-3.080000000000001
8449.0,-1.04
8450.0,-1.04
8451.0,-1.0
8452.0,-0.2000000000000004
8453.0,-0.2000000000000004
8454.0,-1.3599999999999999
8455.0,-1.32
8456.0,-2.960000000000001
8457.0,-1.28
8458.0,-1.8400000000000003
8459.0,-0.7200000000000009
8460.0,-1.28
8461.0,-1.52
8462.0,-0.0800000000000003
8463.0,-1.04
8464.0,-2.220446049250313e-16
8465.0,-1.52
8466.0,-1.3600000000000012
8467.0,0.4800000000000001
8468.0,0.23999999999999988
8469.0,0.23999999999999988
8470.0,-1.48
8471.0,-1.32
8472.0,0.4
8473.0,0.4
8474.0,0.4
8475.0,-1.120000000000001
8476.0,0.4
8477.0,-1.12
8478.0,-1.4
8479.0,-1.0
8480.0,-1.44
8481.0,0.4
8482.0,-2.12
8483.0,-1.04
8484.0,0.1599999999999998
8485.0,-1.24
8486.0,-3.6000000000000014
8487.0,0.44000000000000006
8488.0,-1.0
8489.0,-1.08
8490.0,-1.6
8491.0,0.4800000000000001
8492.0,-1.48
8493.0,0.19999999999999984
8494.0,-0.3200000000000005
8495.0,-1.04
8496.0,-1.8800000000000003
8497.0,-1.04
8498.0,0.4800000000000001
8499.0,-2.12
8500.0,-5.9600000000000035
8501.0,0.31999999999999995
8502.0,-2.12
8503.0,-2.0000000000000018
8504.0,-1.48
8505.0,0.2799999999999999
8506.0,-1.2
8507.0,0.4
8508.0,0.4800000000000001
8509.0,0.44000000000000006
8510.0,-1.52
8511.0,-1.4
8512.0,-2.7200000000000006
8513.0,-1.16
8514.0,-1.6
8515.0,-1.24
8516.0,-2.5600000000000023
8517.0,-1.32
8518.0,0.4
8519.0,-5.280000000000003
8520.0,0.31999999999999995
8521.0,-1.56
8522.0,-1.9600000000000004
8523.0,-1.160000000000001
8524.0,-1.0
8525.0,-1.8800000000000003
8526.0,-1.12
8527.0,-1.4
8528.0,0.4
8529.0,-1.44
8530.0,-0.6400000000000008
8531.0,-1.12
8532.0,-1.08
8533.0,-1.44
8534.0,0.4
8535.0,-1.16
8536.0,-1.32
8537.0,0.4800000000000001
8538.0,-1.3599999999999999
8539.0,-1.8400000000000016
8540.0,0.4800000000000001
8541.0,-1.52
8542.0,-1.12
8543.0,-1.7600000000000002
8544.0,-1.4
8545.0,0.4800000000000001
8546.0,0.36
8547.0,0.11999999999999977
8548.0,-1.040000000000001
8549.0,0.36
8550.0,-1.08
8551.0,-5.560000000000003
8552.0,-1.04
8553.0,-1.12
8554.0,-1.0
8555.0,-4.880000000000003
8556.0,-4.680000000000004
8557.0,-0.24000000000000044
8558.0,-2.9200000000000026
8559.0,-1.16
8560.0,-0.12000000000000033
8561.0,-1.6
8562.0,-0.4000000000000006
8563.0,-1.52
8564.0,-0.16000000000000036
8565.0,0.4800000000000001
8566.0,0.4
8567.0,-2.3200000000000003
8568.0,0.23999999999999988
8569.0,-1.16
8570.0,-0.04000000000000026
8571.0,-1.3599999999999999
8572.0,0.4800000000000001
8573.0,-1.120000000000001
8574.0,-1.52
8575.0,0.4
8576.0,-1.16
8577.0,-1.4
8578.0,-1.12
8579.0,-2.360000000000002
8580.0,-1.0
8581.0,-1.52
8582.0,-1.3599999999999999
8583.0,-1.3599999999999999
8584.0,-1.240000000000001
8585.0,-1.2
8586.0,0.4800000000000001
8587.0,-1.48
8588.0,-1.44
8589.0,0.31999999999999995
8590.0,-1.0
8591.0,-1.12
8592.0,0.4800000000000001
8593.0,-2.7600000000000007
8594.0,-1.16
8595.0,-3.080000000000001
8596.0,-8.000000000000005
8597.0,0.0399999999999997
8598.0,-1.28
8599.0,-1.2
8600.0,-1.12
8601.0,-1.32
8602.0,-1.2
8603.0,-1.3599999999999999
8604.0,-2.4400000000000004
8605.0,-8.000000000000005
8606.0,-1.44
8607.0,0.44000000000000006
8608.0,-1.08
8609.0,-1.4
8610.0,-1.12
8611.0,-1.32
8612.0,-1.16
8613.0,-1.3599999999999999
8614.0,-1.08
8615.0,0.31999999999999995
8616.0,0.4800000000000001
8617.0,-0.0800000000000003
8618.0,-1.04
8619.0,-1.12
8620.0,-1.08
8621.0,-1.3599999999999999
8622.0,-1.24
8623.0,-1.44
8624.0,-1.12
8625.0,0.4
8626.0,0.23999999999999988
8627.0,-1.32
8628.0,0.4800000000000001
8629.0,0.4800000000000001
8630.0,-8.000000000000005
8631.0,-1.08
8632.0,-3.6000000000000014
8633.0,0.4800000000000001
8634.0,-1.04
8635.0,-1.2
8636.0,-1.12
8637.0,-0.28000000000000047
8638.0,0.2799999999999999
8639.0,0.4
8640.0,-1.16
8641.0,-1.12
8642.0,-1.6
8643.0,-1.3599999999999999
8644.0,0.4
8645.0,0.4800000000000001
8646.0,-1.4
8647.0,-1.6800000000000002
8648.0,0.4
8649.0,-2.8000000000000007
8650.0,0.4800000000000001
8651.0,-1.32
8652.0,-8.000000000000005
8653.0,-8.000000000000005
8654.0,-8.000000000000005
8655.0,0.44000000000000006
8656.0,-1.16
8657.0,0.4
8658.0,-1.56
8659.0,-2.220446049250313e-16
8660.0,0.2799999999999999
8661.0,-1.12
8662.0,-1.3599999999999999
8663.0,0.4
8664.0,-0.0800000000000003
8665.0,-1.3599999999999999
8666.0,-4.240000000000002
8667.0,-1.56
8668.0,0.19999999999999984
8669.0,-1.08
8670.0,0.31999999999999995
8671.0,-1.48
8672.0,-1.44
8673.0,-1.44
8674.0,0.23999999999999988
8675.0,-1.24
8676.0,-1.5200000000000014
8677.0,-1.0
8678.0,-1.08
8679.0,-6.520000000000006
8680.0,-4.960000000000003
8681.0,0.07999999999999974
8682.0,-1.44
8683.0,-1.28
8684.0,-1.08
8685.0,-1.28
8686.0,-3.280000000000001
8687.0,-1.0
8688.0,0.4
8689.0,0.4
8690.0,-1.56
8691.0,-1.3599999999999999
8692.0,-1.32
8693.0,0.36
8694.0,0.36
8695.0,-1.32
8696.0,-1.04
8697.0,-1.0
8698.0,-1.12
8699.0,-1.28
8700.0,-1.0
8701.0,-1.04
8702.0,0.44000000000000006
8703.0,0.4800000000000001
8704.0,-1.04
8705.0,-1.24
8706.0,0.44000000000000006
8707.0,-3.4400000000000013
8708.0,-1.04
8709.0,-1.16
8710.0,0.4800000000000001
8711.0,-1.4
8712.0,0.4800000000000001
8713.0,-1.04
8714.0,-1.0
8715.0,-1.32
8716.0,-1.6
8717.0,0.44000000000000006
8718.0,-1.08
8719.0,-1.56
8720.0,-1.16
8721.0,-1.0
8722.0,-1.4
8723.0,-1.0
8724.0,-1.2
8725.0,-3.6000000000000014
8726.0,-1.52
8727.0,-1.44
8728.0,0.4800000000000001
8729.0,-1.2
8730.0,-1.04
8731.0,-1.56
8732.0,-5.360000000000003
8733.0,-0.6400000000000008
8734.0,-1.0
8735.0,-2.2800000000000002
8736.0,0.31999999999999995
8737.0,-1.0
8738.0,-1.16
8739.0,-1.3599999999999999
8740.0,-1.4800000000000013
8741.0,-1.9600000000000004
8742.0,-2.320000000000002
8743.0,-2.8000000000000007
8744.0,-1.08
8745.0,-1.08
8746.0,-1.4
8747.0,-1.04
8748.0,-3.160000000000003
8749.0,0.4
8750.0,-1.08
8751.0,-1.4800000000000013
8752.0,-1.2
8753.0,-1.04
8754.0,-1.0
8755.0,-1.12
8756.0,-1.44
8757.0,-1.3599999999999999
8758.0,-1.24
8759.0,-1.6800000000000002
8760.0,0.4800000000000001
8761.0,0.2799999999999999
8762.0,-1.04
8763.0,-1.28
8764.0,-0.5600000000000007
8765.0,-1.4
8766.0,0.4800000000000001
8767.0,-8.000000000000005
8768.0,-1.2
8769.0,-1.28
8770.0,-1.24
8771.0,-1.28
8772.0,-1.04
8773.0,-1.08
8774.0,-0.04000000000000026
8775.0,-1.12
8776.0,-1.28
8777.0,-8.000000000000005
8778.0,-1.8400000000000003
8779.0,-1.6800000000000002
8780.0,-1.2
8781.0,0.4800000000000001
8782.0,-1.3599999999999999
8783.0,0.4800000000000001
8784.0,0.4800000000000001
8785.0,-0.36000000000000054
8786.0,-0.5200000000000007
8787.0,0.4
8788.0,0.36
8789.0,0.36
8790.0,-0.5600000000000007
8791.0,-1.32
8792.0,-1.4
8793.0,-2.7600000000000007
8794.0,-1.3599999999999999
8795.0,-1.0
8796.0,-1.28
8797.0,-1.3599999999999999
8798.0,0.31999999999999995
8799.0,-1.3599999999999999
8800.0,-2.24
8801.0,-4.880000000000003
8802.0,-1.04
8803.0,-1.08
8804.0,-1.44
8805.0,-1.04
8806.0,-1.4
8807.0,-1.12
8808.0,-1.04
8809.0,-1.0
8810.0,-0.36000000000000054
8811.0,-3.280000000000001
8812.0,-1.12
8813.0,-1.44
8814.0,-3.5200000000000014
8815.0,-1.0
8816.0,-1.28
8817.0,-1.04
8818.0,-1.12
8819.0,0.31999999999999995
8820.0,-1.44
8821.0,-1.7200000000000015
8822.0,0.4800000000000001
8823.0,-2.6000000000000005
8824.0,-1.7600000000000002
8825.0,-0.6000000000000008
8826.0,-1.48
8827.0,-0.5600000000000007
8828.0,-1.3599999999999999
8829.0,-1.0
8830.0,-1.48
8831.0,0.31999999999999995
8832.0,-4.040000000000002
8833.0,-2.6800000000000006
8834.0,-1.08
8835.0,-1.12
8836.0,-1.56
8837.0,0.4
8838.0,-1.48
8839.0,-8.000000000000005
8840.0,-1.16
8841.0,-1.3600000000000012
8842.0,-1.04
8843.0,0.4
8844.0,-1.12
8845.0,-1.2
8846.0,-2.3600000000000003
8847.0,-1.32
8848.0,-2.280000000000002
8849.0,-8.200000000000006
8850.0,0.4800000000000001
8851.0,-1.08
8852.0,-1.3599999999999999
8853.0,-3.9600000000000017
8854.0,0.31999999999999995
8855.0,-1.24
8856.0,-1.3599999999999999
8857.0,-1.7200000000000002
8858.0,-1.52
8859.0,-2.8400000000000007
8860.0,0.4800000000000001
8861.0,-1.44
8862.0,0.2799999999999999
8863.0,-1.08
8864.0,-1.12
8865.0,-2.5200000000000005
8866.0,-1.24
8867.0,-1.08
8868.0,-1.28
8869.0,-1.28
8870.0,0.4
8871.0,-1.2
8872.0,-1.28
8873.0,-1.24
8874.0,0.4800000000000001
8875.0,-1.4
8876.0,0.31999999999999995
8877.0,-1.12
8878.0,-1.24
8879.0,0.4
8880.0,-1.2
8881.0,-1.08
8882.0,-1.16
8883.0,-2.04
8884.0,-0.3200000000000005
8885.0,-1.28
8886.0,-1.32
8887.0,-0.5600000000000007
8888.0,-1.48
8889.0,0.1599999999999998
8890.0,0.4
8891.0,-1.04
8892.0,-1.12
8893.0,-1.12
8894.0,0.4
8895.0,-1.2
8896.0,-7.520000000000005
8897.0,-1.28
8898.0,-1.24
8899.0,-1.9600000000000004
8900.0,-1.2
8901.0,-1.28
8902.0,-1.16
8903.0,-1.12
8904.0,-1.0
8905.0,-1.48
8906.0,-1.16
8907.0,-1.24
8908.0,-1.16
8909.0,0.44000000000000006
8910.0,-1.44
8911.0,-1.32
8912.0,-1.28
8913.0,-1.12
8914.0,-1.08
8915.0,-1.2800000000000011
8916.0,0.36
8917.0,0.31999999999999995
8918.0,-1.04
8919.0,-1.8800000000000017
8920.0,-1.52
8921.0,-1.04
8922.0,-1.4
8923.0,-1.04
8924.0,-1.2
8925.0,-1.28
8926.0,-1.0
8927.0,0.4800000000000001
8928.0,-1.12
8929.0,-1.08
8930.0,0.4800000000000001
8931.0,-1.24
8932.0,-1.04
8933.0,0.36
8934.0,-1.2
8935.0,-1.52
8936.0,-1.3599999999999999
8937.0,-1.3599999999999999
8938.0,-1.0
8939.0,-1.48
8940.0,-1.6400000000000001
8941.0,-2.920000000000001
8942.0,-1.48
8943.0,-1.28
8944.0,-1.32
8945.0,-0.3200000000000005
8946.0,-1.0
8947.0,-1.32
8948.0,-1.28
8949.0,-1.2
8950.0,-1.08
8951.0,-1.12
8952.0,-1.08
8953.0,-1.24
8954.0,-0.0800000000000003
8955.0,-1.12
8956.0,-1.08
8957.0,-1.48
8958.0,-1.12
8959.0,0.4
8960.0,-1.16
8961.0,-1.04
8962.0,-0.04000000000000026
8963.0,0.07999999999999974
8964.0,-1.16
8965.0,-1.08
8966.0,-1.3599999999999999
8967.0,-1.32
8968.0,-1.52
8969.0,-2.6400000000000006
8970.0,-1.3599999999999999
8971.0,-1.3599999999999999
8972.0,-1.2
8973.0,-1.08
8974.0,-1.52
8975.0,-1.16
8976.0,-1.2
8977.0,0.4800000000000001
8978.0,-1.12
8979.0,-1.16
8980.0,0.44000000000000006
8981.0,0.4800000000000001
8982.0,-8.000000000000005
8983.0,-1.32
8984.0,-1.12
8985.0,0.4
8986.0,-1.9200000000000004
8987.0,-1.2
8988.0,0.4800000000000001
8989.0,0.4800000000000001
8990.0,-0.5600000000000007
8991.0,0.4800000000000001
8992.0,-1.32
8993.0,0.4800000000000001
8994.0,-1.24
8995.0,-1.6400000000000001
8996.0,-1.0
8997.0,-0.840000000000001
8998.0,0.11999999999999977
8999.0,-1.24
9000.0,-1.28
9001.0,-1.4
9002.0,-2.8400000000000025
9003.0,-2.960000000000001
9004.0,-1.32
9005.0,-1.16
9006.0,-1.04
9007.0,-1.3599999999999999
9008.0,-1.12
9009.0,-1.240000000000001
9010.0,-1.2
9011.0,-1.24
9012.0,-1.08
9013.0,-1.32
9014.0,-0.6400000000000008
9015.0,-3.240000000000003
9016.0,0.44000000000000006
9017.0,-1.52
9018.0,-1.4
9019.0,0.44000000000000006
9020.0,-1.24
9021.0,-1.04
9022.0,-1.32
9023.0,-1.12
9024.0,-1.48
9025.0,0.4800000000000001
9026.0,-1.24
9027.0,-2.4400000000000004
9028.0,-1.28
9029.0,0.4800000000000001
9030.0,0.4800000000000001
9031.0,-1.160000000000001
9032.0,-1.32
9033.0,-1.0
9034.0,-1.12
9035.0,0.4800000000000001
9036.0,-0.7200000000000009
9037.0,-1.04
9038.0,-1.28
9039.0,0.4
9040.0,0.4800000000000001
9041.0,-3.160000000000003
9042.0,-1.12
9043.0,-2.04
9044.0,0.2799999999999999
9045.0,-1.32
9046.0,0.4800000000000001
9047.0,-1.16
9048.0,-4.320000000000004
9049.0,-1.32
9050.0,-1.12
9051.0,-1.4
9052.0,0.4800000000000001
9053.0,-1.04
9054.0,-2.4000000000000004
9055.0,-3.280000000000003
9056.0,0.4
9057.0,-1.0
9058.0,-1.4
9059.0,-1.8000000000000003
9060.0,-1.16
9061.0,-8.000000000000005
9062.0,-1.08
9063.0,-1.3599999999999999
9064.0,-1.48
9065.0,-1.44
9066.0,-1.04
9067.0,-1.32
9068.0,-1.8000000000000003
9069.0,-1.6800000000000002
9070.0,-2.920000000000001
9071.0,-0.0800000000000003
9072.0,0.36
9073.0,-1.0
9074.0,-1.28
9075.0,-1.08
9076.0,-1.8400000000000003
9077.0,0.4800000000000001
9078.0,0.4800000000000001
9079.0,-1.44
9080.0,-3.120000000000001
9081.0,0.44000000000000006
9082.0,-0.840000000000001
9083.0,0.4800000000000001
9084.0,-2.6400000000000006
9085.0,-1.6800000000000002
9086.0,-1.2
9087.0,-1.24
9088.0,-1.7600000000000002
9089.0,-8.120000000000005
9090.0,0.19999999999999984
9091.0,-5.520000000000003
9092.0,-1.32
9093.0,-1.2
9094.0,-1.2
9095.0,0.4800000000000001
9096.0,-1.04
9097.0,-1.04
9098.0,-0.0800000000000003
9099.0,-1.12
9100.0,-1.04
9101.0,-1.28
9102.0,-1.6
9103.0,-1.16
9104.0,-3.0400000000000027
9105.0,-1.5200000000000014
9106.0,-1.5600000000000014
9107.0,0.4800000000000001
9108.0,-1.8400000000000003
9109.0,-1.32
9110.0,-1.32
9111.0,-1.24
9112.0,-1.4800000000000013
9113.0,-4.000000000000002
9114.0,-1.24
9115.0,-1.32
9116.0,-1.6800000000000002
9117.0,-1.3599999999999999
9118.0,-1.32
9119.0,0.31999999999999995
9120.0,-1.32
9121.0,-1.16
9122.0,-1.2
9123.0,-1.44
9124.0,-8.000000000000005
9125.0,-1.16
9126.0,-1.4
9127.0,0.4800000000000001
9128.0,0.36
9129.0,-1.24
9130.0,-1.44
9131.0,-5.440000000000005
9132.0,0.4
9133.0,-1.12
9134.0,0.31999999999999995
9135.0,-7.720000000000005
9136.0,-1.6
9137.0,0.4800000000000001
9138.0,-3.320000000000001
9139.0,-1.44
9140.0,0.4
9141.0,-1.04
9142.0,-1.8000000000000003
9143.0,-1.3599999999999999
9144.0,-1.44
9145.0,-1.24
9146.0,-1.48
9147.0,0.4800000000000001
9148.0,-1.32
9149.0,-0.12000000000000033
9150.0,-1.16
9151.0,-2.920000000000001
9152.0,-8.000000000000005
9153.0,-1.04
9154.0,0.4800000000000001
9155.0,-0.24000000000000044
9156.0,-1.4
9157.0,-1.04
9158.0,0.4800000000000001
9159.0,-1.24
9160.0,-1.56
9161.0,0.4800000000000001
9162.0,-1.12
9163.0,-1.24
9164.0,0.31999999999999995
9165.0,-1.4
9166.0,-1.04
9167.0,-1.28
9168.0,-1.28
9169.0,0.4
9170.0,0.2799999999999999
9171.0,0.4800000000000001
9172.0,-1.4
9173.0,-1.32
9174.0,-1.7200000000000015
9175.0,-1.6
9176.0,-1.08
9177.0,-1.16
9178.0,-8.000000000000005
9179.0,-1.6
9180.0,-1.16
9181.0,-1.0
9182.0,-2.12
9183.0,0.1599999999999998
9184.0,-1.12
9185.0,-1.04
9186.0,-0.4400000000000006
9187.0,0.44000000000000006
9188.0,0.4
9189.0,-2.3600000000000003
9190.0,-1.4
9191.0,-2.3200000000000003
9192.0,-1.08
9193.0,-0.840000000000001
9194.0,0.4800000000000001
9195.0,-1.16
9196.0,0.4
9197.0,-1.28
9198.0,-1.08
9199.0,-1.04
9200.0,-8.000000000000005
9201.0,-1.52
9202.0,-1.3599999999999999
9203.0,-1.28
9204.0,-1.3599999999999999
9205.0,-1.04
9206.0,-1.08
9207.0,-1.2
9208.0,-1.2
9209.0,-1.6
9210.0,0.4800000000000001
9211.0,-1.12
9212.0,-1.12
9213.0,-1.12
9214.0,-2.0
9215.0,-2.24
9216.0,0.31999999999999995
9217.0,-2.8000000000000007
9218.0,-1.08
9219.0,0.0399999999999997
9220.0,0.4800000000000001
9221.0,-1.2
9222.0,-1.4
9223.0,0.4800000000000001
9224.0,-1.48
9225.0,-1.32
9226.0,0.19999999999999984
9227.0,-1.08
9228.0,-1.08
9229.0,-0.4000000000000006
9230.0,-0.16000000000000036
9231.0,-1.24
9232.0,-1.24
9233.0,0.4800000000000001
9234.0,-1.0
9235.0,-1.24
9236.0,0.4
9237.0,-1.12
9238.0,-1.48
9239.0,-1.6800000000000015
9240.0,-1.4
9241.0,0.44000000000000006
9242.0,-1.16
9243.0,-1.08
9244.0,-1.12
9245.0,-8.000000000000005
9246.0,-3.200000000000001
9247.0,-1.24
9248.0,-1.4
9249.0,-1.28
9250.0,-1.52
9251.0,-1.44
9252.0,-1.32
9253.0,-1.12
9254.0,-0.48000000000000065
9255.0,0.4
9256.0,-1.2
9257.0,-1.7200000000000002
9258.0,-1.28
9259.0,-1.24
9260.0,-1.12
9261.0,-1.3599999999999999
9262.0,-1.4
9263.0,-1.16
9264.0,-1.7600000000000002
9265.0,-0.48000000000000065
9266.0,-5.560000000000003
9267.0,-1.08
9268.0,-1.16
9269.0,0.2799999999999999
9270.0,-1.44
9271.0,-1.44
9272.0,-1.04
9273.0,-1.6800000000000002
9274.0,-1.08
9275.0,0.4800000000000001
9276.0,-1.6400000000000001
9277.0,-1.04
9278.0,-0.4000000000000006
9279.0,-1.24
9280.0,0.4
9281.0,-1.24
9282.0,0.44000000000000006
9283.0,-0.3200000000000005
9284.0,-1.0
9285.0,-0.9600000000000011
9286.0,-1.0
9287.0,-2.6400000000000023
9288.0,0.19999999999999984
9289.0,-1.2
9290.0,-1.16
9291.0,0.4800000000000001
9292.0,0.4800000000000001
9293.0,-1.52
9294.0,-1.2
9295.0,-4.760000000000004
9296.0,0.4800000000000001
9297.0,-1.0
9298.0,-1.12
9299.0,0.4800000000000001
9300.0,-3.1200000000000028
9301.0,0.1599999999999998
9302.0,-0.12000000000000033
9303.0,-3.8400000000000034
9304.0,0.31999999999999995
9305.0,0.1599999999999998
9306.0,0.19999999999999984
9307.0,-1.24
9308.0,-1.12
9309.0,-4.040000000000004
9310.0,-1.7600000000000002
9311.0,0.4800000000000001
9312.0,-2.4000000000000004
9313.0,-1.04
9314.0,-1.12
9315.0,-3.8000000000000016
9316.0,0.36
9317.0,-1.28
9318.0,-1.0
9319.0,0.4
9320.0,-2.8000000000000025
9321.0,0.4800000000000001
9322.0,-1.08
9323.0,-1.3599999999999999
9324.0,-1.4
9325.0,-1.44
9326.0,0.4
9327.0,-1.28
9328.0,0.44000000000000006
9329.0,-1.0
9330.0,0.4
9331.0,-0.7200000000000009
9332.0,-1.3599999999999999
9333.0,-1.24
9334.0,0.4800000000000001
9335.0,-1.52
9336.0,-1.3599999999999999
9337.0,-1.0
9338.0,0.36
9339.0,-8.000000000000005
9340.0,0.31999999999999995
9341.0,-1.12
9342.0,-1.44
9343.0,-2.8000000000000007
9344.0,-1.16
9345.0,-1.08
9346.0,-1.8400000000000003
9347.0,-1.16
9348.0,-6.080000000000004
9349.0,0.4800000000000001
9350.0,-1.32
9351.0,-1.2
9352.0,-4.8000000000000025
9353.0,0.44000000000000006
9354.0,-1.3599999999999999
9355.0,-1.12
9356.0,0.31999999999999995
9357.0,0.4800000000000001
9358.0,0.4800000000000001
9359.0,-1.4
9360.0,0.2799999999999999
9361.0,0.4800000000000001
9362.0,-1.04
9363.0,-1.24
9364.0,0.4800000000000001
9365.0,-1.08
9366.0,-3.120000000000001
9367.0,-1.44
9368.0,-8.000000000000005
9369.0,-0.2000000000000004
9370.0,-1.08
9371.0,-2.08
9372.0,-2.08
9373.0,-1.52
9374.0,-2.6000000000000005
9375.0,0.19999999999999984
9376.0,-1.0
9377.0,0.4800000000000001
9378.0,-1.0
9379.0,-1.24
9380.0,-1.04
9381.0,-1.04
9382.0,0.4800000000000001
9383.0,0.4
9384.0,0.31999999999999995
9385.0,0.2799999999999999
9386.0,-1.24
9387.0,-1.04
9388.0,-0.8000000000000009
9389.0,-1.4
9390.0,-1.04
9391.0,-1.4
9392.0,-1.3600000000000012
9393.0,-1.12
9394.0,-2.220446049250313e-16
9395.0,-1.0
9396.0,-8.000000000000005
9397.0,0.4800000000000001
9398.0,-1.56
9399.0,0.36
9400.0,-1.0
9401.0,0.4800000000000001
9402.0,-1.44
9403.0,-1.0
9404.0,-1.44
9405.0,-1.12
9406.0,-1.3599999999999999
9407.0,-1.24
9408.0,-1.16
9409.0,-1.0
9410.0,-1.44
9411.0,-2.04
9412.0,-1.44
9413.0,-5.0800000000000045
9414.0,-3.200000000000001
9415.0,-1.12
9416.0,-1.28
9417.0,0.19999999999999984
9418.0,-1.28
9419.0,-1.16
9420.0,-2.220446049250313e-16
9421.0,-1.32
9422.0,0.19999999999999984
9423.0,-1.16
9424.0,-2.2800000000000002
9425.0,-1.28
9426.0,-1.16
9427.0,-1.12
9428.0,0.4800000000000001
9429.0,-1.24
9430.0,0.4
9431.0,-1.3599999999999999
9432.0,0.4800000000000001
9433.0,-1.3599999999999999
9434.0,-1.3599999999999999
9435.0,0.4
9436.0,-1.16
9437.0,0.31999999999999995
9438.0,0.4
9439.0,-1.48
9440.0,-2.12
9441.0,-2.220446049250313e-16
9442.0,-1.2
9443.0,-1.44
9444.0,-1.4
9445.0,0.4
9446.0,-1.12
9447.0,-1.28
9448.0,-1.12
9449.0,-1.04
9450.0,-6.640000000000006
9451.0,0.44000000000000006
9452.0,-4.960000000000004
9453.0,-6.040000000000005
9454.0,-1.4
9455.0,0.4800000000000001
9456.0,0.36
9457.0,-1.32
9458.0,-1.44
9459.0,0.31999999999999995
9460.0,-2.240000000000002
9461.0,-1.12
9462.0,0.4
9463.0,-1.2
9464.0,0.31999999999999995
9465.0,0.31999999999999995
9466.0,0.31999999999999995
9467.0,-1.6400000000000001
9468.0,0.4800000000000001
9469.0,-5.360000000000003
9470.0,-0.3200000000000005
9471.0,-1.2
9472.0,-1.4
9473.0,-0.16000000000000036
9474.0,-3.8400000000000016
9475.0,0.4
9476.0,0.31999999999999995
9477.0,-1.28
9478.0,-1.5600000000000014
9479.0,-1.04
9480.0,-1.240000000000001
9481.0,-1.12
9482.0,-1.04
9483.0,-1.28
9484.0,-2.4800000000000004
9485.0,-1.08
9486.0,-1.24
9487.0,0.4800000000000001
9488.0,-1.48
9489.0,0.4800000000000001
9490.0,-2.220446049250313e-16
9491.0,-1.44
9492.0,-1.56
9493.0,-1.52
9494.0,-1.0
9495.0,-4.960000000000003
9496.0,-1.2
9497.0,-1.12
9498.0,-2.960000000000001
9499.0,0.4800000000000001
9500.0,0.4800000000000001
9501.0,-3.6000000000000014
9502.0,0.4800000000000001
9503.0,-1.48
9504.0,0.4800000000000001
9505.0,-1.48
9506.0,-1.56
9507.0,0.44000000000000006
9508.0,-1.04
9509.0,0.4800000000000001
9510.0,-1.24
9511.0,-1.48
9512.0,-1.08
9513.0,-1.2
9514.0,0.31999999999999995
9515.0,-4.720000000000004
9516.0,0.44000000000000006
9517.0,-1.7600000000000002
9518.0,-1.3599999999999999
9519.0,-1.28
9520.0,-1.28
9521.0,0.07999999999999974
9522.0,-1.12
9523.0,-2.960000000000001
9524.0,-1.6
9525.0,-1.24
9526.0,-4.400000000000002
9527.0,0.4800000000000001
9528.0,-1.08
9529.0,-1.04
9530.0,0.4800000000000001
9531.0,-1.7200000000000002
9532.0,-0.28000000000000047
9533.0,-1.28
9534.0,-1.3600000000000012
9535.0,-1.08
9536.0,0.31999999999999995
9537.0,-8.000000000000005
9538.0,0.4
9539.0,-1.24
9540.0,-1.16
9541.0,-1.28
9542.0,-1.16
9543.0,-0.6000000000000008
9544.0,-1.08
9545.0,0.44000000000000006
9546.0,-1.32
9547.0,0.23999999999999988
9548.0,0.4800000000000001
9549.0,-1.0
9550.0,-1.04
9551.0,-1.32
9552.0,-1.24
9553.0,-1.56
9554.0,-6.840000000000006
9555.0,0.4800000000000001
9556.0,-1.04
9557.0,-1.12
9558.0,0.4
9559.0,-1.56
9560.0,-1.16
9561.0,-1.08
9562.0,-1.16
9563.0,-0.880000000000001
9564.0,-0.5600000000000007
9565.0,-1.12
9566.0,-5.440000000000005
9567.0,-5.440000000000005
9568.0,-1.32
9569.0,-1.08
9570.0,0.23999999999999988
9571.0,-1.12
9572.0,0.4800000000000001
9573.0,0.4800000000000001
9574.0,-1.28
9575.0,-0.9600000000000011
9576.0,-7.240000000000005
9577.0,-1.56
9578.0,0.44000000000000006
9579.0,-1.48
9580.0,0.23999999999999988
9581.0,-2.7200000000000006
9582.0,-1.24
9583.0,-1.04
9584.0,-1.08
9585.0,0.36
9586.0,-1.16
9587.0,0.4800000000000001
9588.0,-1.12
9589.0,-1.2
9590.0,-1.2
9591.0,-1.44
9592.0,0.4800000000000001
9593.0,-1.44
9594.0,-1.48
9595.0,0.4800000000000001
9596.0,-1.7600000000000002
9597.0,0.4800000000000001
9598.0,0.4
9599.0,-1.56
9600.0,-1.24
9601.0,0.4
9602.0,-1.44
9603.0,-1.24
9604.0,-6.080000000000005
9605.0,-1.08
9606.0,0.4800000000000001
9607.0,-1.16
9608.0,0.4
9609.0,0.4800000000000001
9610.0,0.4800000000000001
9611.0,0.4800000000000001
9612.0,-1.48
9613.0,-5.9600000000000035
9614.0,-1.44
9615.0,-1.24
9616.0,0.31999999999999995
9617.0,-8.000000000000005
9618.0,-1.28
9619.0,-4.120000000000002
9620.0,-1.9200000000000004
9621.0,0.4
9622.0,-1.2
9623.0,0.4800000000000001
9624.0,-1.28
9625.0,-3.0400000000000027
9626.0,-1.04
9627.0,-1.04
9628.0,-1.08
9629.0,-1.32
9630.0,-1.28
9631.0,-1.6800000000000015
9632.0,-1.2
9633.0,-1.04
9634.0,-1.48
9635.0,-1.6800000000000002
9636.0,-8.000000000000005
9637.0,0.4800000000000001
9638.0,-1.48
9639.0,-2.24
9640.0,-1.0
9641.0,-1.08
9642.0,0.4800000000000001
9643.0,0.4
9644.0,-1.04
9645.0,-1.32
9646.0,-1.3599999999999999
9647.0,-2.4800000000000004
9648.0,0.4
9649.0,-1.08
9650.0,0.4
9651.0,-1.12
9652.0,-2.440000000000002
9653.0,-1.2
9654.0,-1.2
9655.0,-4.360000000000002
9656.0,-1.2
9657.0,0.4
9658.0,-1.16
9659.0,0.4800000000000001
9660.0,0.1599999999999998
9661.0,-1.2
9662.0,-1.08
9663.0,-1.04
9664.0,-1.04
9665.0,-1.16
9666.0,-1.2
9667.0,-1.2
9668.0,0.4800000000000001
9669.0,-1.12
9670.0,-0.04000000000000026
9671.0,-1.08
9672.0,-1.52
9673.0,-1.32
9674.0,0.4800000000000001
9675.0,-1.8400000000000003
9676.0,0.4800000000000001
9677.0,-2.16
9678.0,-1.12
9679.0,-1.44
9680.0,-1.52
9681.0,-1.04
9682.0,-2.6000000000000005
9683.0,0.4800000000000001
9684.0,-1.08
9685.0,-1.0
9686.0,-1.3599999999999999
9687.0,-1.32
9688.0,-1.32
9689.0,-1.4
9690.0,-1.24
9691.0,-1.08
9692.0,-1.6400000000000001
9693.0,0.4800000000000001
9694.0,0.23999999999999988
9695.0,-0.880000000000001
9696.0,-2.3200000000000003
9697.0,-1.16
9698.0,-3.4800000000000013
9699.0,-1.0
9700.0,-1.32
9701.0,-1.4
9702.0,-1.12
9703.0,0.4
9704.0,-1.16
9705.0,-1.6
9706.0,0.23999999999999988
9707.0,-1.2
9708.0,0.4800000000000001
9709.0,-1.16
9710.0,-1.44
9711.0,-1.3599999999999999
9712.0,-1.0
9713.0,-1.04
9714.0,-1.6800000000000002
9715.0,0.44000000000000006
9716.0,-0.5600000000000007
9717.0,-0.12000000000000033
9718.0,-1.28
9719.0,-1.16
9720.0,0.44000000000000006
9721.0,-1.28
9722.0,0.4
9723.0,-2.16
9724.0,-1.04
9725.0,-0.2000000000000004
9726.0,0.4800000000000001
9727.0,0.07999999999999974
9728.0,0.4800000000000001
9729.0,-1.12
9730.0,-1.3599999999999999
9731.0,0.4
9732.0,-1.12
9733.0,-0.04000000000000026
9734.0,-1.04
9735.0,-1.24
9736.0,-1.44
9737.0,-0.5600000000000007
9738.0,-1.12
9739.0,-1.08
9740.0,-2.920000000000001
9741.0,0.4
9742.0,-1.08
9743.0,0.4800000000000001
9744.0,-1.04
9745.0,-1.6400000000000015
9746.0,-1.2
9747.0,-1.12
9748.0,-1.0
9749.0,0.31999999999999995
9750.0,-1.6400000000000015
9751.0,-1.12
9752.0,0.4800000000000001
9753.0,-1.04
9754.0,-1.08
9755.0,-1.6800000000000002
9756.0,-1.28
9757.0,-6.840000000000006
9758.0,-1.52
9759.0,-1.08
9760.0,-1.28
9761.0,0.4800000000000001
9762.0,-8.000000000000005
9763.0,-1.52
9764.0,0.4
9765.0,0.31999999999999995
9766.0,-1.32
9767.0,-4.960000000000004
9768.0,-1.44
9769.0,-1.16
9770.0,-1.04
9771.0,-1.12
9772.0,0.4800000000000001
9773.0,-1.08
9774.0,0.4
9775.0,-1.08
9776.0,-1.3599999999999999
9777.0,-1.2
9778.0,-7.200000000000005
9779.0,-6.720000000000006
9780.0,-1.0
9781.0,0.4
9782.0,-1.2
9783.0,0.4
9784.0,-5.520000000000003
9785.0,-1.48
9786.0,-1.4
9787.0,-1.08
9788.0,-1.32
9789.0,-1.04
9790.0,0.4800000000000001
9791.0,-1.16
9792.0,-1.12
9793.0,-1.16
9794.0,-1.0
9795.0,-1.56
9796.0,-1.24
9797.0,-0.2000000000000004
9798.0,0.36
9799.0,-1.24
9800.0,-1.44
9801.0,-1.24
9802.0,-1.3599999999999999
9803.0,0.4800000000000001
9804.0,-1.16
9805.0,-1.16
9806.0,-1.12
9807.0,-1.7200000000000002
9808.0,-1.0
9809.0,-1.12
9810.0,0.4800000000000001
9811.0,-0.48000000000000065
9812.0,-0.12000000000000033
9813.0,-1.16
9814.0,0.4800000000000001
9815.0,-1.44
9816.0,-1.12
9817.0,-1.3599999999999999
9818.0,-1.44
9819.0,-1.32
9820.0,-1.12
9821.0,-1.44
9822.0,0.4800000000000001
9823.0,-1.12
9824.0,-1.3599999999999999
9825.0,-1.32
9826.0,-1.56
9827.0,-1.16
9828.0,-2.280000000000002
9829.0,0.4800000000000001
9830.0,-1.08
9831.0,0.36
9832.0,-1.08
9833.0,-1.8400000000000003
9834.0,-1.12
9835.0,-1.3599999999999999
9836.0,-1.04
9837.0,-1.04
9838.0,-1.08
9839.0,-2.12
9840.0,-1.2
9841.0,-1.08
9842.0,-1.08
9843.0,0.4
9844.0,0.4800000000000001
9845.0,-1.28
9846.0,0.4800000000000001
9847.0,-1.52
9848.0,-1.2
9849.0,-1.12
9850.0,0.4800000000000001
9851.0,-1.4
9852.0,-1.2
9853.0,0.36
9854.0,-0.04000000000000026
9855.0,-1.08
9856.0,0.2799999999999999
9857.0,-1.28
9858.0,-1.28
9859.0,-2.12
9860.0,0.4
9861.0,0.4
9862.0,-1.08
9863.0,-1.12
9864.0,-1.12
9865.0,-1.2
9866.0,-1.28
9867.0,-1.32
9868.0,-1.24
9869.0,0.4800000000000001
9870.0,-1.04
9871.0,-1.0
9872.0,-1.12
9873.0,-1.24
9874.0,0.4800000000000001
9875.0,-1.48
9876.0,-1.6000000000000014
9877.0,-1.12
9878.0,-1.52
9879.0,-1.28
9880.0,-1.12
9881.0,-1.16
9882.0,0.4800000000000001
9883.0,-3.8000000000000034
9884.0,-1.12
9885.0,-1.24
9886.0,-8.000000000000005
9887.0,-6.360000000000004
9888.0,0.0399999999999997
9889.0,-1.04
9890.0,-1.08
9891.0,-2.04
9892.0,0.44000000000000006
9893.0,-1.24
9894.0,-1.52
9895.0,-1.24
9896.0,0.0399999999999997
9897.0,-1.32
9898.0,-0.04000000000000026
9899.0,-1.0
9900.0,0.4800000000000001
9901.0,-1.32
9902.0,-1.08
9903.0,0.4800000000000001
9904.0,-1.16
9905.0,-2.8400000000000007
9906.0,0.4800000000000001
9907.0,-1.16
9908.0,0.4800000000000001
9909.0,-1.08
9910.0,-0.5600000000000007
9911.0,0.4800000000000001
9912.0,-2.920000000000001
9913.0,-1.32
9914.0,-1.12
9915.0,-1.48
9916.0,-1.24
9917.0,-1.48
9918.0,-1.3599999999999999
9919.0,-1.0
9920.0,-1.08
9921.0,-1.04
9922.0,-1.48
9923.0,-1.08
9924.0,-1.48
9925.0,0.31999999999999995
9926.0,-0.36000000000000054
9927.0,-1.2
9928.0,0.4
9929.0,-1.0
9930.0,-3.280000000000003
9931.0,-1.32
9932.0,0.4
9933.0,-4.240000000000004
9934.0,-5.640000000000005
9935.0,-1.12
9936.0,-1.0
9937.0,-1.24
9938.0,-1.32
9939.0,-0.880000000000001
9940.0,0.31999999999999995
9941.0,0.4800000000000001
9942.0,0.4
9943.0,-1.44
9944.0,-1.2
9945.0,0.44000000000000006
9946.0,0.44000000000000006
9947.0,-1.44
9948.0,-1.12
9949.0,0.31999999999999995
9950.0,-1.48
9951.0,0.4800000000000001
9952.0,-1.04
9953.0,0.4800000000000001
9954.0,-1.2
9955.0,-1.32
9956.0,-8.000000000000005
9957.0,-1.04
9958.0,-1.52
9959.0,0.44000000000000006
9960.0,0.4
9961.0,-6.200000000000004
9962.0,0.4800000000000001
9963.0,-1.16
9964.0,0.4800000000000001
9965.0,-1.4
9966.0,0.4
9967.0,-1.24
9968.0,-1.04
9969.0,-1.28
9970.0,-0.5600000000000007
9971.0,-1.24
9972.0,-1.12
9973.0,-1.24
9974.0,-1.24
9975.0,0.4800000000000001
9976.0,0.07999999999999974
9977.0,-1.28
9978.0,-1.2
9979.0,-1.12
9980.0,-1.04
9981.0,-0.6400000000000008
9982.0,0.2799999999999999
9983.0,-8.000000000000005
9984.0,-3.080000000000001
9985.0,-1.6
9986.0,0.4800000000000001
9987.0,-1.24
9988.0,-1.24
9989.0,-1.08
9990.0,-1.7600000000000016
9991.0,-1.12
9992.0,0.4800000000000001
9993.0,-5.600000000000005
9994.0,0.31999999999999995
9995.0,-1.32
9996.0,-3.9200000000000017
9997.0,-1.28
9998.0,-0.04000000000000026
9999.0,-6.120000000000004
