0
165089
495042
815425
1547310
2134428
2557418
2987695
3491804
3854878
4340012
5207526
5384482
5726719
6186193
6675053
7118520
7356523
7763548
8324880
8740189
9015856
9332252
9566652
9902826
10652745
10999928
11657672
12407973
12714481
13011978
13504535
14050496
14545395
15093395
15623346
15961723
16280617
16505399
16636105
16699928
17045601
17210381
17503788
17892358
18042692
18265529
19565014
19387412
19566876
19674483
19677779
19917253
20101344
20247023
20465806
20833874
21344195
21763747
22247703
22690531
23226360
23473717
23857356
24180716
24398756
24541354
24686491
24885709
25103411
25446187
25815467
26120365
26616802
26993941
27599010
28292150
29096212
29720573
29908842
29912490
29914554
29913000
29931269
29943907
30248906
30782015
31282427
31525010
31809775
31953120
32301900
32354803
32436576
32502632
32591510
32784709
33203820
33760753
33822929
34332259
34451940
34628131
34673764
34645198
34727490
35036351
35191660
35754689
36158234
36740287
36811328
37074826
37755658
37971703
38366159
38366369
38366259
38366334
38302656
38735283
39006947
39099741
39198881
43134950
43301219
43450768
43879363
44112737
44171484
44231271
44269743
44359490
44389442
44474023
44530204
44571593
44648215
44654201
44890239
45086968
45410717
45656725
45853712
46398603
46807551
46850577
46923956
47149448
47203071
47389549
47477233
47598485
47667791
47982105
48111523
48351397
48574893
48676232
48941784
49247072
49381017
49518486
49603729
49729350
49922322
50188081
50258226
50345715
50371091
50386835
50421395
50498028
50532899
50717388
50775732
50906992
51078555
51406680
51542939
51845774
52103999
52485049
52679950
52939869
53375532
53761176
54318975
54523459
54594377
54676287
54701156
54723799
54877700
55005136
55035794
55101712
55567706
55837839
56109265
56527080
56930715
56976799
57394088
57463973
59083470
57727064
58001936
58104997
58200690
58345151
58573720
58449114
58551365
58674222
58985035
59749833
59869737
59954673
60020001
60080537
60125460
60294734
60338869
60908352
61833135
60893401
60934404
60727780
60734016
60734669
60737575
60739804
60740420
60744986
60746335
60746069
60749583
60750221
60753458
60753416
60757853
60757877
60763968
60763861
60766506
60769695
60771479
60773155
60773721
60774777
60774471
60777934
60778760
60780785
60781742
60783122
60782371
60785366
60789274
60788897
60791497
60790883
60792991
60794461
60795323
60795981
60796457
60798286
60799735
60800644
60800075
60801783
60802592
60805900
60805134
60807128
60807869
60808752
60808657
60808657
60810401
60811311
60809634
60812764
60812283
60812191
60813634
60814904
60815472
60815348
60817927
60820539
60820613
60821125
60822616
60820991
60821674
60823381
60823718
60822353
60823329
60824450
60824858
60826727
60827435
60831729
60830846
60830538
60832537
60832990
60833580
60833583
60834324
60834886
60833100
60834067
60835223
60835632
60837177
60837918
60838327
60843232
60841871
60841512
60842943
60842172
60842495
60844466
60844938
60845439
60846110
60846534
60845801
60849698
60847628
60850394
60847647
60850580
60851177
60853109
60852038
60856355
60853126
60855386
60858298
60856297
60856853
60857304
60855519
60858126
60858709
60859358
60860362
60863477
60863930
60862364
60866321
60863882
60865229
60868988
60869573
60864891
60867440
60870950
60866688
60867535
60867981
60869570
60870139
60870641
60873608
60874122
60873426
60878150
60878839
60873922
60874881
60875362
60876893
60877515
60877934
60878401
60877549
60882907
60883736
60880106
60882417
60881485
60884194
60884428
60883458
60885302
60886091
60885621
60885689
60885880
60887562
60888123
60888584
60889051
60889966
60888733
60891306
60891599
60892906
60894587
60892591
60895708
60895699
60896352
60895869
60897115
60897408
60897861
60896046
60897237
60896950
60904045
60901527
60901749
60902165
60902552
60904213
60904694
60905434
60905661
60906100
60906647
60907042
60905833
60905766
60908020
60906577
60907884
60907497
60910537
60918369
60919146
60919774
60912995
60913491
60913471
60915460
60914920
60916894
60916995
60917691
60917321
60917428
60917772
60917956
60922394
60922890
60923307
60929241
60924029
60924920
60931272
60924128
60925723
60926060
60926694
60927411
60927745
60934468
60928315
60928991
60929137
60932495
60933041
60933170
60933623
60933852
60934459
60934822
60933334
60933597
60935007
60935110
60936873
60936038
60937742
60936247
60936653
60940976
60948976
60942840
60943041
60943238
60944409
60945073
60945056
60945393
60946052
60946572
60946947
60947272
60947621
60947653
60948384
60947361
60950745
60952415
60951676
60953298
60952409
60954014
60954078
60954911
60955047
60955815
60955783
60954683
60956656
60955958
60956483
60958249
60961342
60959822
60962000
60963057
60963422
60963742
60964101
60964242
60973256
60965062
60964644
60965640
60974767
60975296
60965649
60966065
60970548
60970950
60970371
60970979
60971324
60971702
60972206
60972777
60982727
60973163
60973843
60974795
60974761
60975204
60975518
60975906
60976345
60979408
60980819
60979999
60980508
60980910
60982423
60982754
60992296
60982147
60983305
60984717
60985017
60984113
60983672
60984921
60985402
60987625
60989769
60999957
61000336
60989446
61001315
61001929
61002262
60994693
60993268
60992445
61004148
61004576
61005040
61005536
61006048
61006354
60999757
60999965
61000530
61001013
60998967
61001467
61002036
61002480
61002280
61003717
61003988
61004468
61003676
61004272
61004841
61005190
61005455
61008972
61010290
61010747
61011207
61010260
61010662
61011229
61011934
61011900
61012316
61012618
61014241
61013950
61015531
61015448
61015823
61018755
61019223
61019731
61019607
61019972
61021112
61021545
61021140
61020314
61022491
61021570
61022196
61022577
61022870
61023228
61023695
61024074
61028321
61027559
61028030
61028330
61028769
61029236
61031011
61031440
61032027
61031127
61044695
61044943
61045498
61045705
61046204
61046652
61049799
61050239
61050599
61051257
61051698
61052124
61052789
61040811
61039696
61040015
61041747
61042098
61042565
61043083
61043461
61043942
61046982
61047442
61047941
61048227
61048564
61047014
61049242
61050464
61050857
61051098
61050121
61051975
61052135
61052565
61053055
61052682
61053980
61056882
61057261
61057555
61058236
61058272
61058774
61057719
61058084
61073572
61074166
61074389
61074685
61075152
61075816
61076228
61076803
61079791
61080265
61080589
61081021
61066372
61067461
61068814
61069079
61069481
61070075
61084026
61084442
61069204
61085204
61085749
61070495
61072450
61089742
61090217
61090539
61091049
61091506
61091954
61092323
61076919
61076975
61077238
61077668
61079853
61080717
61081137
61081263
61081649
61082116
61083780
61085668
61085984
61086240
61085993
61086825
61102440
61102730
61103217
61103522
61103790
61104234
61088805
61088315
61091075
61091347
61091754
61093113
61095137
61095396
61095863
61096214
61096769
61096000
61097693
61097770
61098165
61098569
61098098
61115583
61100646
61100898
61100114
61100523
61103767
61104118
61104613
61105066
61106279
61105706
61106238
61106733
61107162
61107374
61109235
61109289
61109712
61107914
61126648
61109183
61110662
61113895
61114951
61115367
61115848
61116199
61115311
61115813
61116794
61116111
61134420
61116555
61116971
61117387
61117905
61118657
61119526
61123977
61124335
61124772
61125116
61125576
61126009
61126299
61126701
61127052
61125495
61127049
61127790
61126981
61127281
61127748
61128099
61131220
61150531
61133239
61131940
61134512
61135016
61134642
61133355
61134819
61136636
61136980
61137382
61137415
61136401
61136817
61137233
61137635
61140807
61141186
61161019
61161532
61142460
61161922
61142840
61145069
61144059
61144751
61146585
61147087
61147257
61147635
61147405
61148143
61166878
61152173
61150912
61151472
61151902
61152758
61152617
61152540
61152648
61153352
61155130
61154238
61155964
61156636
61157975
61155918
61177205
61156712
61159909
61162244
61162701
61163035
61163403
61163795
61162978
61164624
61165150
61164024
61164447
61164986
61185379
61165438
61166599
61166050
61168080
61170715
61169481
61170238
61172016
61172896
61172903
61173435
61172531
61173207
61173493
61173922
61174380
61174759
61175592
61175675
61177229
61180063
61180523
61179561
61201633
61201611
61180398
61181547
61182057
61183580
61183989
61184520
61184885
61184683
61185896
61186082
61186441
61185601
61189128
61190092
61189084
61211395
61211788
61190009
61190388
61192871
61191634
61191356
61193910
61194318
61194567
61195592
61194078
61194659
61196077
61197967
61199698
61199711
61198765
61200854
61200932
61199503
61201377
61200986
61201697
61202048
61202969
61204185
61204170
61203302
61226482
61226550
61206712
61209054
61209476
61209868
61210105
61209319
61209965
61210817
61209683
61210546
61210593
61213090
61213643
61213964
61214352
61214754
61217639
61218157
61218508
61218329
61219689
61219684
61221240
61220236
61220793
61244151
61222665
61222113
61221197
61224048
61222692
61224809
61225317
61228128
61227312
61227885
61228370
61228676
61230267
61230365
61229389
61254168
61230610
61254671
61254937
61230894
61232092
61233851
61256944
61233260
61260520
61238219
61238484
61239208
61239853
61239716
61240197
61240613
61239633
61240190
61240606
61241199
61242374
61241354
61241698
61242123
61270000
61270433
61247114
61245689
61248254
61248793
61249069
61249321
61249795
61248891
61249451
61250308
61251223
61250305
61275973
61276267
61250971
61255884
61280168
61256065
61257253
61257655
61258099
61258340
61256741
61259070
61259513
61260025
61260390
61259458
61260018
61260513
61261758
61262301
61265127
61290197
61265537
61266623
61267025
61267485
61267919
61267117
61268701
61269074
61268094
61268726
61269620
61270959
61270828
61296514
61299482
61274696
61275436
61275763
61275917
61275310
61276176
61302088
61276469
61302896
61278429
61277754
61278897
61304954
61279963
61279240
61280157
61279924
61309510
61309857
61310468
61285458
61285892
61286250
61286998
61285646
61286278
61286304
61286548
61286597
61289155
61289377
61288474
61290199
61290543
61293688
61293800
61293830
61295072
61296332
61296690
61296969
61297607
61297966
61297143
61297844
61299497
61297289
61299713
61326780
61299011
61301248
61303176
61304165
61326890
61317469
61320311
61347397
61322244
61322330
61321684
61323651
61323815
61351304
61323391
61325899
61326897
61327452
61328031
61327612
61331130
61331676
61331431
61333281
61360763
61332490
61335127
61335573
61335872
61336435
61335682
61336314
61337478
61365618
61365613
61338866
61339506
61341365
61342604
61342736
61371504
61371772
61344832
61345176
61344956
61345965
61345059
61345640
61346347
61347005
61375399
61346458
61347331
61348795
61352103
61352583
61343964
61344749
61345240
61346689
61375214
61347771
61346798
61348803
61347546
61349440
61350473
61349040
61350585
61349873
61349743
61382873
61383108
61354131
61355856
61356156
61356632
61356854
61357335
61357608
61356967
61356766
61387630
61357221
61359646
61360127
61361027
61359786
61364120
61362812
61393722
61394064
61364411
61363829
61366373
61366837
61367160
61366387
61367980
61368428
61398237
61398620
61367956
61369163
61373562
61373844
61374258
61373460
61374634
61405279
61375591
61405875
61376706
61377026
61376300
61376830
61377420
61378632
61409245
61378836
61379220
61413117
61381298
61382496
61384337
61384486
61384899
61384019
61386378
61387594
61387546
61387695
61418480
61389012
61387141
61389942
61388875
61390741
61423890
61393518
61393519
61394089
61391357
61392029
61393699
61393272
61424226
61424127
61391714
61393639
61393780
61393163
61393610
61392441
61392613
61393552
61392816
61424041
61391689
61393879
61393108
61392730
61392303
61392298
61394043
61393907
61392579
61393863
61394013
61424194
61392354
61393990
61394035
61394028
61392972
61394391
61392525
61392180
61392875
61424562
61394437
61394112
61393891
61392008
61394223
61393513
61394222
61393190
61394507
61392739
61424846
61392511
61394566
61394526
61394561
61393267
61394718
61392613
61393363
61392778
61394785
61394728
61393425
61394641
61394249
61424941
61393694
61394599
61394853
61393670
61392559
61393769
61393767
61394937
61394861
61393750
61395162
61425479
61425354
61395395
61395448
61395306
61395430
61395319
61394150
61395172
61395147
61393538
61425753
61395498
61395624
61394095
61394773
61426103
61393688
61396048
61395932
61395781
61394184
61426283
61395128
61395990
61395071
61426578
61426359
61395246
61394065
61396202
61396081
61395127
61395053
61395887
61426805
61426647
61394313
61396576
61396368
61396767
61395068
61395415
61394751
61396552
61396448
61395351
61396719
61394781
61395198
61394472
61396550
61396394
61396396
61395442
61395484
61396346
61427077
61395799
61396675
61396837
61396604
61395435
61395526
61396425
61427320
61394962
61397027
61397001
61397462
61395838
61397600
61397101
61429147
61398053
61396631
61397711
61397298
61398605
61397366
61428715
61398648
61398499
61397453
61397221
61398777
61397408
61397584
61397091
61428936
61397617
61398833
61398755
61398785
61397757
61398724
61429304
61397033
61429133
61398874
61397794
61397594
61429538
61398243
61399071
61398993
61398957
61397802
61397867
61397435
61397815
61399142
61399093
61398214
61399234
61429943
61397573
61399689
61429736
61399773
61399760
61398527
61430398
61398292
61399934
61399675
61399886
61398765
61399859
61430193
61399828
61430061
61400070
61399889
61399037
61399829
61430444
61430208
61398836
61400211
61400080
61398939
61400368
61399910
61398534
61399097
61398398
61399030
61400096
61400055
61398425
61399987
61430542
61400564
61400500
61399171
61400635
61400293
61430937
61399289
61400723
61400180
61398746
61400472
61399515
61399254
61431136
61399678
61399240
61400931
61400860
61399627
61400950
61398856
61400558
61398974
61401081
61400302
61399420
61399136
61399576
61401168
61401071
61401027
61399740
61400725
61400981
61400981
61399264
61401380
61401337
61401396
61400358
61401814
61400023
61399729
61401794
61401778
61431965
61400434
61401522
61401712
61432261
61401971
61401922
61400740
61400754
61432453
61400917
61402208
61402185
61402097
61400460
61402458
61402622
61402640
61401640
61401515
61433175
61402906
61402742
61402679
61402491
61401367
61402554
61401481
61401924
61400901
61400720
61402734
61402694
61402747
61400794
61402889
61401289
61402936
61402944
61402896
61401695
61402696
61433589
61401491
61403064
61401646
61402286
61402796
61433324
61403237
61403218
61403013
61402978
61403895
61404651
61434986
61405004
61404106
61402756
61403665
61403209
61435254
61403729
61404989
61403639
61435290
61405122
61404974
61403984
61405173
61435671
61403250
61405510
61405361
61404005
61404768
61403903
61435632
61405315
61403517
61404977
61404947
61404377
61436089
61405689
61405737
61403745
61404127
61403706
61435939
61404236
61405831
61405634
61405317
61405862
61404677
61436094
61403874
61405916
61405981
61403691
61405883
61404758
61406083
61405825
61405703
61436264
61404620
61406307
61406100
61405449
61405073
61405908
61405525
61406473
61406159
61405769
61404696
61436672
61406481
61406396
61406234
61405202
61405411
61406373
61405762
61404945
61404614
61406614
61406560
61405255
61436524
61406437
61406223
61436901
61405837
61405322
61406554
61405450
61406931
61405191
61404747
61437087
61407248
61406215
61405235
61437216
61407255
61405249
61407002
61406330
61405541
61437733
61406211
61407453
61407482
61406341
61406239
61405826
61438113
61407053
61406704
61406267
61407525
61437973
61406142
61407479
61407479
61406525
61407453
61407785
61438256
61438015
61406406
61407940
61407856
61405840
61406723
61406203
61406144
61406578
61408311
61408132
61408092
61406958
61408234
61406911
61407141
61438865
61406434
61406655
61408486
61438423
61408788
61407284
61408241
61408552
61407315
61408553
61408593
61408553
61407457
61439106
61407589
61406846
61408777
61408775
61407692
61407495
61439073
61407428
61438910
61408539
61438823
61408423
61406878
61407434
61408779
61408868
61407372
61407497
61407046
61408874
61407665
61408854
61439557
61408995
61407374
61409388
61409532
61409261
61408075
61409118
61409214
61408919
61409299
61440088
61409552
61440117
61408222
61409846
61408742
61409670
61409954
61409736
61408700
61409432
61407760
61409876
61409941
61408312
61409126
61409609
61440276
61409848
61409771
61408664
61410064
61441859
61410234
61411639
61411364
61410439
61411724
61442020
61409708
61411722
61411784
61411745
61410367
61409706
61411750
61411701
61411804
61409810
61411468
61411913
61411402
61410522
61442480
61412467
61412373
61411133
61412245
61411986
61412207
61412486
61412498
61411394
61412242
61442735
61412857
61410473
61412504
61411494
61412664
61443271
61413060
61412922
61412852
61443194
61412578
61410763
61413125
61412609
61411756
61413029
61413052
61412041
61411912
61443636
61411272
61413325
61410953
61413018
61413304
61411119
61443531
61413146
61413341
61413322
61443820
61413460
61413343
61412376
61413282
61412270
61411601
61413755
61413562
61412581
61413587
61444027
61413380
61412481
61413737
61412623
61413536
61414470
61415189
61414087
61445771
61415823
61414419
61415664
61415424
61414777
61416014
61416220
61414540
61415339
61414987
61414195
61415340
61416643
61416998
61447160
61416099
61416549
61416740
61447000
61415586
61447227
61447063
61416848
61415324
61416576
61447139
61416976
61414980
61416628
61416829
61415183
61416852
61417083
61415977
61415271
61417545
61416182
61417242
61415343
61415603
61415978
61417419
61416237
61417047
61447714
61417475
61416197
61415817
61417758
61417584
61417462
61415756
61417649
61418119
61417766
61415875
61417749
61417368
61416565
61448017
61416142
61416038
61417454
61417843
61415730
61417815
61416674
61415468
61416725
61418145
61416720
61417698
61416060
61416332
61418139
61417074
61416468
61417984
61416217
61448464
61417151
61416619
61418701
61416995
61418631
61417518
61417025
61416817
61418424
61418761
61417766
61418689
61417065
61419085
61417894
61418215
61449522
61418042
61417618
61417389
61419395
61419592
61417834
61419656
61419824
61419696
61418133
61418298
61419849
61418650
61419737
61417995
61420183
61450235
61420249
61420209
61450306
61420141
61420004
61418356
61420444
61419793
61420156
61419721
61419910
61419390
61418740
61450879
61450755
61420550
61419542
61451137
61421008
61420761
61421132
61451267
61451364
61421202
61419211
61421230
61420108
61451518
61421473
61453407
61423069
61453559
61423200
61421910
61422851
61421254
61423346
61423348
61421539
61422252
61421601
61422114
61454066
61423556
61423377
61422332
61454086
61423640
61423665
61422566
61422193
61423136
61423871
61422707
61422241
61423058
61423807
61422670
61421828
61454130
61423885
61423906
61422794
61454166
61424096
61424016
61454593
61424312
61422945
61423924
61422454
61424543
61424014
61423936
61422102
61424242
61423041
61422521
61422303
61424600
61423161
61423031
61423261
61423779
61424696
61424168
61423559
61422656
61424878
61423830
61423305
61455075
61423084
61424745
61423679
61424682
61455233
61424986
61424875
61424358
61424936
61423390
61425420
61424255
61423793
61423540
61425482
61424317
61423797
61423542
61425661
61424540
61425405
61455690
61425478
61424341
61424452
61456050
61425788
61455911
61425835
61426000
61425622
61425378
61425739
61425863
61425875
61424700
61424216
61426046
61425997
61425905
61426169
61425147
61456860
61426388
61456659
61426663
61425395
61424898
61424587
61426552
61425325
61425165
61426583
61425575
61425358
61424604
61426016
61425743
61457261
61425204
61426674
61426838
61425462
61426943
61426835
61426890
61457050
61426910
61425629
61425259
61425101
61426943
61425286
61427026
61457187
61425858
61425481
61425376
61427160
61426111
61425140
61427217
61425989
61425953
61427130
61425814
61426595
61457584
61427315
61458023
61427546
61457801
61426401
61427732
61427769
61428086
61458275
61425787
61426604
61458394
61428180
61428041
61427182
61427660
61428258
61428035
61426249
61426803
61426582
61427130
61428232
61427135
61458774
61458566
61428127
61426307
61428268
61427976
61427063
61428051
61428299
61428526
61427029
61428437
61428865
61458989
61428785
61428707
61428479
61458780
61428797
61427161
61428948
61429076
61429083
61459076
61426665
61427694
61427429
61429196
61428594
61428317
61427419
61428901
61428867
61427003
61429164
61428076
61429189
61459693
61429375
61428211
61459714
61429607
61429284
61427660
61429536
61429340
61429049
61428637
61427683
61428250
61459821
61429644
61428516
61428317
61428679
61429945
61429725
61429478
61429935
61460028
61429805
61429149
61428147
61429598
61429834
61428441
61430273
61430251
61430123
61429406
61430098
61428493
61428899
61430091
61429933
61428920
61430322
61430112
61430546
61460588
61430415
61431534
61432435
61430447
61431337
61462966
61432693
61432664
61431600
61463152
61432618
61432718
61463247
61432354
61431663
61463295
61433141
61432196
61462985
61431666
61433018
61430997
61431317
61431737
61433068
61463466
61432738
61433051
61431150
61432611
61433075
61433494
61432361
61464093
61433772
61433630
61433684
61431772
61431910
61433615
61432502
61433440
61433971
61433888
61464206
61433747
61432291
61432474
61434164
61434096
61464412
61432803
61433993
61432236
61434109
61433939
61433119
61464421
61434154
61434037
61433945
61432208
61434236
61434128
61434449
61432948
61434271
61464420
61434039
61434413
61433409
61465025
61432948
61434933
61433615
61434816
61433742
61433544
61432695
61434712
61433678
61434834
61465252
61435000
61433850
61465547
61434482
61434887
61433372
61435323
61435154
61434921
61433621
61434999
61434105
61433290
61433299
61465890
61434325
61433915
61434250
61434740
61435425
61435480
61433584
61435507
61435625
61433622
61465954
61434403
61466163
61436008
61434454
61433415
61435704
61436048
61434667
61435833
61466377
61435892
61435822
61434988
61433921
61434770
61435918
61436226
61466353
61436115
61434957
61466573
61436105
61436058
61435060
61466554
61436314
61434786
61436052
61434890
61434677
61435107
61466762
61436527
61435742
61435636
61434961
61436362
61436278
61466797
61435938
61435734
61435876
61436915
61436650
61435730
61434809
61436806
61436954
61436989
61436930
61467390
61435479
61436892
61436725
61434984
61436174
61437451
61467665
61437176
61435483
61435979
61467459
61437955
61437998
61437277
61436909
61437897
61469576
61439286
61439360
61438390
61438951
61437985
61438682
61439975
61439681
61470089
61439677
61440011
61438479
61470013
61439760
61439631
61439269
61469662
61439009
61439995
61438612
61470172
61437828
61439682
61437985
61437552
61438437
61439095
61470109
61439774
61439661
61470101
61470480
61439974
61439732
61438134
61440240
61438774
61438419
61440274
61440721
61438488
61470482
61439218
61439853
61440449
61470620
61439333
61439223
61440484
61439662
61440673
61440688
61439509
61471269
61439600
61439999
61471065
61440527
61440905
61440872
61439789
61440354
61441002
61440930
61439115
61441324
61441196
61440954
61441297
61441295
61441097
61439615
61439460
61441409
61441515
61440106
61441583
61440811
61439525
61441494
61440319
61439754
61439601
61440280
61441647
61440432
61471813
61441675
61441771
61441934
61441562
61440736
61441940
61440287
61440829
61440360
61442110
61442562
61440541
61442077
61441989
61441313
61442288
61440404
61442245
61442049
61442183
61440494
61440636
61442282
61442442
61440513
61444864
61443655
61446570
61475364
61444762
61445003
61444279
61443793
61443783
61445043
61444797
61443423
61445104
61444574
61444337
61445214
61443929
61445037
61443350
61475839
61445348
61444348
61475583
61444515
61444110
61443343
61445445
61444524
61444333
61445609
61444373
61445462
61476125
61446016
61444661
61476384
61445053
61445891
61444721
61445851
61445910
61445975
61444521
61445867
61446052
61446090
61476102
61445722
61446196
61476425
61445996
61445978
61444385
61446292
61446132
61445831
61444914
61446186
61476174
61445699
61446425
61446331
61445647
61476575
61444369
61446495
61445310
61476908
61444905
61446445
61446482
61445721
61477005
61446717
61445179
61444803
61445853
61446554
61446542
61444955
61444960
61446760
61445909
61446465
61446699
61446458
61444847
61446483
61446767
61446640
61444571
61446714
61477078
61445408
61446868
61444826
61446984
61446746
61446100
61477319
61446797
61446754
61445092
61445727
61444844
61446807
61446785
61446844
61446242
61447129
61447144
61446087
61477428
61447181
61446920
61447258
61445990
61447481
61447182
61447051
61477606
61447068
61447596
61446234
61477657
61446107
61447543
61446405
61447492
61477982
61447663
61447804
61477947
61446854
61447569
61447923
61478046
61447861
61446942
61478175
61447984
61446549
61445596
61446250
61448013
61446674
61446212
61446065
61478594
61448614
61446262
61478559
61448368
61448440
61446890
61478686
61448422
61448168
61446656
61448608
61447434
61479266
61447066
61478864
61447586
61446754
61448586
61447061
61448989
61448708
61479221
61449013
61447606
61447288
61446980
61447442
61447663
61479326
61449122
61448709
61448511
61479808
61449455
61449292
61479253
61449618
61449364
61448220
61479967
61449535
61449602
61449785
61447291
61448118
61447262
61448773
61448292
61479924
61448147
61447490
61448317
61448376
61449721
61448915
61479913
61449698
61449572
61448446
61479985
61448492
61449807
61448502
61479856
61449746
61449632
61480331
61449951
61449956
61449686
61447990
61449972
61448763
61450102
61448338
61450097
61480429
61450177
61449116
61480731
61450373
61450344
61450203
61480742
61450418
61449230
61448544
61480883
61450514
61449272
61448620
61448778
61450589
61449479
61481050
61450794
61451060
61450483
61450408
61449446
61450234
61450455
61480962
61450870
61450697
61450447
61448789
61450993
61450716
61450388
61450923
61481189
61449753
61481324
61451109
61451043
61451027
61481387
61451169
61451252
61449308
61450903
61451290
61450942
61450520
61451204
61450013
61449571
61449277
61481465
61451326
61481640
61451185
61451262
61451214
61451352
61449652
61451282
61451188
61451396
61449324
61450034
61451074
61451313
61451464
61481719
61451208
61481559
61450987
61451429
61481684
61451736
61451375
61449901
61451973
61450984
61482050
61451889
61452263
61451843
61451224
61451703
61450525
61451866
61452004
61451814
61450090
61450656
61451334
61451085
61482446
61450270
61451903
61450814
61450447
61454959
61454963
61454996
61485443
61455063
61454902
61453168
61453663
61454855
61485161
61455097
61453991
61453471
61453167
61455280
61453763
61453356
61453110
61485417
61455072
61485316
61485382
61485591
61454122
61455137
61455673
61454149
61485882
61455646
61453630
61455867
61486005
61455855
61455650
61486068
61455712
61485742
61453977
61455808
61455780
61455435
61455925
61485989
61455305
61456240
61455372
61455872
61456189
61454953
61486331
61456121
61454816
61454470
61455848
61456204
61456000
61455188
61456348
61456424
61454307
61456372
61456128
61456107
61456448
61456418
61456546
61456498
61486780
61454723
61456449
61454906
61454824
61456889
61456141
61456902
61455720
61455023
61455263
61456919
61456689
61487161
61456779
61454861
61455891
61457146
61465036
61457104
61458496
61458803
61456869
61458787
61458915
61489594
61458992
61457114
61457472
61459365
61458108
61459166
61457420
61459571
61459096
61458237
61459561
61458723
61489678
61458306
61459564
61459648
61457545
61459250
61459547
61490145
61459843
61459728
61459030
61490325
61458606
61460016
61460116
61490210
61460166
61460091
61458938
61490234
61460201
61459957
61460259
61490482
61460294
61459543
61490596
61460288
61460389
61459304
61458619
61459120
61459231
61458994
61460417
61460544
61459667
61460345
61460441
61458804
61459391
61460565
61459889
61491064
61460767
61460570
61460888
61491069
61460946
61461085
61460948
61460656
61491271
61461403
61460629
61459025
61460988
61459741
61459183
61491143
61459638
61461000
61459838
61491523
61459902
61461107
61461030
61461218
61461158
61459754
61459467
61459160
61461306
61460043
61458928
61460978
61461377
61461576
61460145
61461603
61460017
61460125
61461599
61460297
61459648
61491771
61461682
61460060
61460997
61462031
61460559
61459614
61461808
61461934
61462207
61460885
61461670
61461627
61461596
61460501
61460190
61492300
61460446
61492135
61461829
61460740
61461636
61461129
61460848
61462251
61492481
61462077
61462485
61461357
61492656
61460946
61462226
61460839
61461151
61460434
61462152
61460885
61492325
61462244
61460672
61460050
61460298
61461955
61462008
61460709
61461935
61461767
61460221
61462382
61460975
61492722
61461063
61462311
61461216
61492734
61462390
61460938
61461018
61460925
61461212
61460794
61462598
61460444
61462129
61462589
61462444
61462446
61460607
61461575
61492916
61462781
61462817
61492931
61462155
61463001
61460998
61463030
61463001
61461686
61461262
61461304
61462888
61461396
61461641
61493270
61463072
61461689
61463017
61493438
61463057
61462070
61461502
61461222
61463335
61462092
61461626
61461370
61462731
61462301
61461604
61461399
61463542
61462268
61463426
61493800
61463407
61463399
61463680
61463764
61463962
61461962
61461830
61462692
61461771
61463911
61463317
61465699
61494586
61463955
61464238
61494441
61494543
61463077
61462455
61463804
61464365
61464452
61463981
61464471
61462917
61462592
61462481
61463581
61464337
61462577
61464381
61463428
61464218
61462325
61463787
61463034
61462781
61464459
61462906
61464731
61464343
61464558
61494910
61464619
61464501
61463858
61462858
61462455
61464616
61463608
61495239
61464721
61464590
61495047
61464495
61464798
61463575
61463752
61462940
61464879
61465117
61495268
61465166
61465140
61463259
61465111
61463833
61463289
61464365
61468499
61466657
61468416
61466130
61498903
61467911
61498792
61468562
61467285
61466738
61468689
61468224
61468609
61468413
61468376
61466526
61498781
61467129
61468452
61466537
61468570
61468636
61468512
61468503
61467411
61466884
61498989
61468569
61467824
61467601
61468970
61468783
61468639
61467021
61499172
61469126
61469192
61499699
61469059
61468977
61468137
61469286
61468672
61499803
61467880
61469604
61469522
61468122
61469853
61469337
61499761
61468567
61469625
61499907
61469610
61468019
61468414
61467517
61470140
61468502
61467979
61469802
61468614
61499958
61469754
61468665
61467974
61468958
61469687
61468608
61469782
61468576
61500096
61500066
61469784
61470016
61470101
61468714
61468667
61468351
61468218
61470307
61468900
61468482
61468967
61468376
61470107
61468322
61470126
61470077
61468466
61468639
61470026
61469735
61470201
61468044
61468943
61470222
61470101
61469995
61470290
61469082
61468151
61470664
61468143
61468750
61469170
61470805
61470438
61470658
61470560
61469714
61470856
61501014
61470634
61470394
61469157
61501014
61469551
61468770
61470753
61469675
61469026
61501159
61469538
61470756
61501083
61470752
61470966
61501309
61471040
61469650
61469603
61469458
61471097
61471251
61469334
61469064
61469733
61469402
61471206
61469391
61470012
61469567
61471061
61470770
61469884
61471235
61501824
61501715
61469998
61501705
61471586
61471588
61470827
61470243
61501979
61471620
61469791
61470952
61469707
61471744
61470549
61471914
61471827
61470277
61472033
61471789
61471076
61469734
61471776
61470792
61502146
61469787
61470775
61471865
61471988
61470996
61502540
61472106
61472046
61471913
61472376
61472247
61471162
61502557
61472422
61470877
61472051
61472531
61502818
61470588
61471240
61470343
61472411
61471591
61502754
61471096
61472484
61472126
61472506
61472359
61470748
61502828
61471079
61472130
61472413
61470842
61472643
61472450
61472300
61472182
61472669
61471999
61503226
61472843
61472985
61471960
61471307
61503520
61471875
61503510
61473194
61473080
61471612
61473430
61473507
61472278
61504035
61472670
61473544
61503959
61473710
61473659
61471946
61473877
61481842
61474546
61473579
61505261
61475402
61474070
61505524
61475521
61474090
61473799
61474800
61475620
61474332
61506170
61475859
61474356
61475106
61506244
61475930
61474703
61474645
61506325
61506551
61476517
61506447
61476238
61475443
61506591
61476166
61475018
61474920
61473986
61474906
61506432
61476121
61474923
61506603
61476242
61476322
61476418
61506525
61476380
61475038
61474665
61474830
61475506
61476141
61506656
61476515
61475138
61474633
61506838
61476941
61476315
61476403
61476753
61476709
61474732
61474587
61476663
61476522
61476893
61476720
61475954
61476794
61507230
61507403
61476702
61476204
61475785
61507243
61507242
61475628
61507506
61475839
61477125
61477215
61507739
61477341
61477212
61476976
61476718
61477423
61475705
61477125
61477273
61507786
61476192
61476788
61477248
61477118
61475425
61476800
61476336
61476337
61477685
61477530
61477239
61476711
61477700
61477921
61476072
61477858
61477842
61476396
61476026
61508392
61477638
61476734
61477740
61477290
61477358
61477344
61478408
61476339
61478311
61477995
61477910
61476073
61477964
61477839
61476914
61478533
61477743
61476255
61476521
61478452
61476711
61477719
61478578
61478610
61476490
61478449
61477950
61478752
61477886
61508979
61478695
61477229
61478399
61477440
61478592
61477879
61477805
61508764
61477794
61477777
61508995
61478727
61477508
61476876
61477958
61478719
61478329
61477832
61478370
61478648
61508914
61478697
61477987
61509289
61478862
61477090
61477302
61478123
61477053
61478977
61509459
61478910
61478124
61509246
61477408
61477584
61478980
61477744
61509336
61482689
61513119
61482746
61482706
61481958
61513033
61482860
61482363
61481156
61481832
61482904
61481721
61480955
61483047
61481694
61482998
61482243
61481818
61481017
61481165
61482016
61483231
61481950
61481540
61481557
61482651
61482508
61513420
61481941
61483153
61513598
61483274
61482065
61481593
61513518
61483742
61481753
61481857
61481660
61483436
61483568
61482119
61481825
61482703
61483834
61514000
61483596
61482164
61481589
61484048
61483928
61513912
61483804
61482469
61482107
61482149
61482627
61514286
61483989
61483783
61483674
61482221
61514401
61483898
61514281
61484115
61482848
61514554
61484273
61483957
61483947
61514538
61484215
61482557
61484423
61484288
61482249
61483073
61514499
61514453
61482957
61482190
61514724
61484457
61484408
61482551
61514609
61483167
61514783
61482361
61483813
61484672
61484345
61483438
61482918
61484607
61484843
61483034
61484821
61483588
61515410
61484835
61484741
61484286
61515267
61484946
61485399
61484705
61483002
61482840
61483851
61515267
61485087
61484418
61483316
61485214
61485182
61484882
61484306
61485004
61483370
61485209
61485265
61483548
61485325
61484041
61483364
61483382
61484571
61485394
61515677
61484336
61485345
61483367
61485435
61484383
61485587
61485732
61515740
61485642
61484344
61515915
61515812
61485646
61485377
61485748
61485596
61483940
61485628
61515908
61484356
61483629
61485595
61484922
61515925
61484990
61485645
61516223
61485661
61484572
61516178
61485798
61484346
61485805
61486014
61484826
61516349
61486075
61484757
61484357
61484440
61485258
61486197
61485838
61484809
61485953
61484331
61484551
61516497
61484993
61484537
61516616
61486078
61484470
61486370
61486269
61516593
61485070
61485184
61486157
61485519
61516635
61485227
61516630
61486469
61485705
61485654
61485718
61486157
61486220
61485071
61485004
61484757
61484810
61486519
61485300
61516719
61486608
61485108
61484831
61485445
61486667
61485572
61516844
61486712
61485452
61517031
61486813
61487046
61485274
61485869
61487141
61485579
61485971
61487097
61487033
61485330
61487323
61486365
61517524
61487296
61487842
61517654
61487522
61487514
61517915
61487399
61487647
61485862
61487711
61486440
61518035
61487826
61486334
61486800
61487602
61486584
61487669
61518029
61488357
61486156
61487974
61486546
61486146
61487902
61487819
61487837
61486505
61486153
61488029
61486793
61518041
61486960
61488013
61489724
61487369
61488028
61518599
61488310
61486954
61518466
61488375
61518659
61488309
61488403
61518676
61488532
61486933
61487119
61488854
61518817
61488978
61486853
61486991
61487971
61489079
61488132
61486965
61487405
61519130
61486784
61487786
61490860
61486913
61488158
61489174
61489005
61488666
61487714
61489024
61489200
61488323
61488628
61488993
61519211
61488956
61487720
61486912
61488358
61488011
61488852
61489038
61488830
61487394
61487845
61488998
61488970
61487506
61487658
61487440
61519538
61489275
61488080
61487488
61519861
61489516
61489446
61487486
61519823
61488130
61519780
61489462
61488315
61519957
61489572
61489550
61489366
61487941
61489507
61488348
61488849
61519797
61488591
61520060
61489958
61488602
61488696
61488248
61520337
61488737
61490088
61488828
61490098
61489021
61488954
61520463
61490330
61489036
61520594
61490526
61520571
61489155
61490465
61488968
61488730
61490654
61490566
61490908
61489817
61489292
61488776
61520941
61490534
61521019
61489523
61489438
61490595
61490889
61490887
61490834
61521049
61490746
61489729
61521257
61490220
61490160
61489912
61489115
61490920
61521535
61491096
61490231
61521159
61489399
61491165
61490227
61521421
61490954
61489295
61491058
61491012
61489587
61490020
61491296
61491399
61490324
61491071
61490879
61489625
61489547
61491345
61521734
61491343
61490769
61521844
61491565
61491376
61489618
61491251
61490333
61521581
61492995
61493484
61492527
61492183
61493095
61493861
61494128
61491902
61494052
61493918
61492379
61494207
61494388
61494424
61492988
61492561
61492353
61494551
61494447
61524739
61494357
61493281
61524921
61494667
61494324
61524568
61494226
61494587
61494606
61494435
61493292
61494875
61494873
61525479
61495176
61495506
61495224
61525290
61495169
61495174
61495427
61494288
61495151
61529309
61497503
61499335
61498652
61497324
61529537
61497914
61529917
61499534
61499429
61499471
61529964
61499801
61498415
61530298
61499832
61499061
61498727
61530215
61530334
61500370
61499859
61530303
61499923
61500339
61499162
61530416
61500030
61499285
61499858
61498779
61500099
61498893
61498946
61500195
61498965
61530610
61498645
61500254
61500299
61499442
61500333
61499073
61530684
61500432
61500188
61500206
61498382
61500909
61500615
61498461
61500012
61500394
61498701
61500457
61500421
61498766
61499062
61500511
61500285
61499256
61499122
61499930
61530985
61499225
61500652
61500842
61531282
61499322
61500729
61500865
61501104
61501140
61499822
61501020
61499540
61499996
61531695
61499183
61501179
61499977
61499433
61500602
61501361
61500078
61499688
61500648
61499372
61500186
61501359
61500212
61499954
61500201
61499742
61499438
61500351
61499788
61499945
61502109
61500003
61500453
61501554
61500441
61500254
61500950
61500813
61532446
61502232
61501943
61501871
61532330
61500130
61502006
61500656
61500797
61501872
61502265
61532538
61500466
61500930
61500533
61502003
61532158
61502096
61502292
61502249
61502165
61502412
61500380
61502415
61502460
61502217
61500345
61501288
61502387
61532877
61502477
61500794
61502769
61502531
61501223
61500709
61502586
61500910
61501446
61502729
61501159
61502816
61502527
61501657
61502770
61502918
61533530
61502958
61502210
61533351
61503113
61502984
61502096
61501724
61501268
61503057
61502841
61501529
61503193
61503330
61501369
61533769
61503180
61501985
61503377
61503450
61502652
61533620
61503675
61502357
61502021
61503492
61502331
61502234
61503534
61502331
61533915
61503804
61502687
61501962
61501675
61502547
61502767
61504037
61502348
61504083
61502926
61504062
61502102
61504338
61502676
61504354
61504505
61503093
61504321
61502646
61504381
61504233
61504364
61534691
61503025
61503577
61503188
61503713
61504428
61502705
61503265
61504340
61534852
61504649
61503210
61534960
61504537
61534845
61535023
61504235
61504470
61504391
61502994
61504517
61504349
61502632
61502467
61503345
61503230
61504237
61503264
61504681
61504811
61502742
61535232
61504705
61502667
61535162
61504635
61504078
61535363
61503763
61505063
61503875
61535582
61505231
61503950
61503505
61503324
61503916
61504457
61535863
61505266
61535679
61505122
61536000
61505440
61536112
61505561
61504126
61503781
61505585
61505939
61535837
61535928
61504270
61535980
61506064
61504640
61506149
61503749
61504535
61504238
61505974
61536127
61504887
61506176
61504358
61504299
61505181
61505918
61505573
61504774
61506010
61536426
61505704
61506158
61504815
61536602
61506314
61506026
61504802
61506044
61505940
61506170
61504626
61506424
61506016
61536533
61506175
61505011
61536883
61506308
61506176
61506405
61505221
61505130
61506563
61506184
61504347
61536588
61506271
61504636
61506563
61505231
61505636
61506481
61536946
61505196
61506292
61506627
61506767
61506551
61506811
61505023
61506659
61506771
61537210
61506868
61505666
61537080
61506974
61506216
61537240
61537408
61507007
61507294
61506277
61507108
61507120
61537738
61507391
61507226
61537826
61507355
61506706
61537885
61507406
61507504
61507357
61507598
61506952
61505704
61507700
61506597
61505581
61537921
61507447
61537975
61507599
61507586
61506018
61507774
61506592
61505760
61507783
61506220
61508016
61507891
61506811
61538448
61506486
61507978
61507609
61508087
61538540
61508103
61538850
61508337
61508120
61508096
61506269
61507144
61508004
61508170
61538746
61508339
61508307
61508088
61506478
61508416
61508351
61538744
61507186
61508929
61538918
61508462
61506902
61508768
61538992
61508751
61507652
61508518
61538845
61539139
61508126
61507433
61508779
61508863
61508074
61507394
61507666
61509161
61507202
61508944
61508957
61539418
61508764
61508320
61509270
61539684
61508159
61509315
61539760
61509382
61508011
61509484
61539776
61509457
61509590
61540192
61509592
61509712
61507653
61539788
61508431
61539857
61509664
61508530
61508059
61539988
61508680
61507811
61540105
61509637
61509845
61510006
61508770
61510075
61510131
61510190
61510225
61510253
61510084
61510239
61510449
61510505
61540819
61510603
61508702
61510554
61509102
61508750
61508813
61541142
61510622
61510366
61509240
61510732
61509406
61541121
61510824
61509522
61509173
61509603
61510148
61510210
61510814
61509132
61510446
61510770
61512721
61511445
61512889
61511816
61512316
61513065
61511317
61512766
61543616
61513250
61511044
61513178
61543559
61513323
61543850
61513417
61513138
61511445
61512407
61513464
61512132
61543773
61513338
61511559
61512293
61512624
61513281
61513576
61513744
61513766
61513570
61513306
61513913
61544377
61512637
61514010
61544299
61517323
61518110
61517528
61519047
61517714
61517572
61518015
61549797
61517682
61519246
61519038
61517576
61518941
61519275
61518045
61517677
61519141
61519601
61518122
61519458
61517415
61519608
61519223
61519608
61519653
61518914
61550148
61519685
61518428
61520124
61518135
61520048
61518106
61519216
61519894
61519293
61517973
61550327
61519934
61518317
61520035
61519379
61519957
61550536
61520762
61550537
61520250
61520177
61550547
61520295
61520273
61550870
61518517
61519770
61519371
61519718
61520498
61519228
61551091
61519008
61520819
61551115
61520817
61519403
61520811
61551190
61520969
61520406
61551358
61521157
61519969
61520561
61521244
61520513
61551673
61521357
61521671
61551632
61521692
61521720
61520051
61521477
61552024
61521644
61520418
61552077
61521091
61520211
61521483
61520376
61521465
61521773
61520859
61519702
61521017
61521925
61552267
61521873
61520485
61520109
61520539
61520203
61521534
61519858
61520726
61522027
61520753
61552321
61522071
61521875
61552296
61522221
61520498
61521471
61522402
61520033
61552469
61520782
61552505
61552381
61522481
61521129
61522262
61520579
61520601
61552919
61521076
61520436
61522895
61521210
61521369
61522502
61552817
61522613
61522550
61522369
61521309
61523023
61521131
61522908
61522034
61553444
61523253
61521798
61521920
61522974
61521822
61553391
61523312
61521695
61522802
61521781
61521645
61521494
61521431
61523626
61521631
61523606
61522332
61554024
61523569
61522237
61553797
61522411
61523855
61522550
61522958
61523661
61523579
61521705
61523538
61523829
61523021
61553864
61523310
61523794
61522225
61522123
61523896
61523151
61522582
61523944
61524167
61523325
61522825
61524337
61554567
61524079
61523457
61554510
61524065
61522465
61554678
61524039
61524127
61554579
61524354
61522614
61522873
61524313
61523502
61523108
61524326
61554890
61524393
61523194
61523359
61524426
61524588
61523254
61524776
61524311
61524659
61524565
61524734
61554868
61524521
61524397
61524878
61524736
61524886
61524485
61524825
61523633
61524929
61555070
61524616
61522781
61523643
61523798
61523013
61525084
61525270
61523026
61524947
61524997
61523458
61524156
61524026
61525497
61555689
61523728
61525338
61523706
61523708
61525365
61523762
61524376
61525826
61524206
61524643
61525715
61525523
61524120
61556422
61525857
61524348
61526036
61525949
61524669
61526044
61524571
61556403
61525927
61524755
61525736
61524707
61524787
61524688
61524719
61526344
61524384
61556555
61524914
61525202
61526561
61525495
61524632
61526543
61524889
61526625
61526391
61556686
61526717
61525749
61526448
61526688
61524981
61526750
61526686
61527033
61525214
61557237
61525646
61557289
61526936
61526993
61557636
61525310
61526716
61526134
61526015
61526071
61557642
61526860
61527343
61527359
61527192
61527467
61527308
61525552
61526704
61525479
61527615
61526411
61526194
61525646
61527531
61527376
61526534
61527688
61527547
61527565
61527995
61526686
61526361
61527913
61528289
61558539
61528145
61526888
61527913
61527999
61526236
61527497
61528483
61558655
61526444
61528296
61527982
61528322
61526538
61558744
61527157
61558814
61528478
61527849
61558735
61527132
61528456
61528015
61528523
61527081
61526634
61558703
61527685
61527243
61528352
61528157
61526767
61528517
61526841
61528412
61528571
61559208
61528673
61527488
61559045
61528625
61528863
61527272
61529029
61527724
61559364
61528933
61528118
61559426
61559453
61528091
61527297
61528644
61528613
61527365
61529277
61529327
61527383
61527669
61528040
61529499
61529783
61528087
61527865
61529696
61528419
61529744
61528476
61529446
61527969
61559914
61529403
61529796
61527771
61560347
61560098
61528905
61530516
61528900
61530377
61530195
61529191
61530252
61530042
61528398
61528135
61529944
61530167
61560480
61529006
61528661
61530619
61529167
61560927
61530499
61530456
61528719
61530547
61529335
61530673
61530011
61530421
61530782
61529279
61528959
61561312
61529621
61528837
61530813
61530632
61530969
61529391
61529684
61530987
61529833
61561156
61530347
61531052
61530394
61531226
61530203
61561249
61529917
61561536
61529511
61530117
61529302
61531362
61531124
61531509
61531367
61530705
61530223
61531146
61531947
61533414
61532344
61563835
61533481
61533277
61533090
61532846
61531864
61533617
61532216
61533624
61533070
61533766
61531628
61564347
61534009
61532390
61534154
61534135
61534266
61532317
61534240
61534334
61564731
61533057
61532444
61533361
61564796
61534673
61533474
61534468
61564847
61533420
61532834
61533541
61565070
61565092
61565209
61534676
61532948
61533535
61533068
61533260
61535191
61533362
61535251
61533844
61535090
61533194
61534360
61535207
61533410
61534084
61533543
61534975
61535367
61535528
61535416
61534881
61534486
61565884
61565897
61534648
61534438
61534064
61535853
61566486
61534448
61536361
61536042
61534319
61536051
61534832
61566352
61534593
61536176
61536502
61566808
61535947
61536332
61535604
61536443
61536340
61536609
61535369
61536650
61566684
61534991
61566902
61536655
61536483
61534663
61536504
61536452
61534607
61536491
61536265
61535468
61536913
61535119
61535216
61536825
61537151
61534986
61567063
61535450
61536977
61536086
61536273
61536607
61537173
61535357
61537257
61536030
61567426
61535799
61537008
61537026
61567534
61537234
61536537
61541119
61542644
61572899
61541412
61541865
61542430
61541942
61542189
61541165
61541870
61542682
61573241
61573211
61541664
61542889
61572993
61542753
61541558
61543026
61541625
61543072
61542910
61541640
61541726
61541737
61542728
61543117
61541905
61573548
61543053
61543171
61541859
61541918
61573601
61573625
61542020
61573986
61573726
61542254
61542256
61543856
61574066
61543806
61543920
61541735
61543776
61543941
61541749
61541889
61542911
61543800
61542495
61574422
61543855
61574211
61543830
61543807
61573902
61542681
61574226
61543961
61543353
61574486
61544296
61574435
61543438
61544236
61543440
61542355
61542846
61544139
61543429
61542947
61574586
61544307
61543139
61574645
61544484
61542492
61543205
61542815
61574898
61543466
61542786
61543421
61544530
61542997
61544787
61543359
61544450
61575100
61543643
61575005
61544918
61544224
61575344
61545140
61543928
61575416
61545284
61544986
61543309
61544901
61545382
61544125
61545337
61544630
61543485
61545227
61544630
61543344
61545481
61543738
61575977
61544582
61545640
61544418
61544275
61545771
61544647
61545808
61576138
61545741
61546015
61545627
61545865
61576382
61576395
61544788
61545247
61544730
61576428
61546056
61545327
61576298
61546097
61545698
61544314
61545962
61576325
61545617
61545522
61544277
61546260
61546082
61576512
61546308
61545290
61545535
61546726
61546041
61544864
61545134
61544283
61546246
61546592
61544213
61545675
61545503
61546219
61576503
61545616
61546105
61544559
61546538
61576911
61546713
61546473
61544675
61546707
61544712
61546774
61545588
61546225
61545275
61544915
61546034
61547181
61545893
61577549
61547129
61546016
61577672
61547270
61577123
61546035
61547448
61547334
61577420
61547229
61577565
61577533
61545892
61545783
61547215
61577657
61547394
61547596
61577533
61547199
61545695
61547372
61545783
61546624
61546057
61545475
61546220
61545702
61578015
61546965
61547686
61546316
61578203
61547784
61547946
61578116
61547813
61546372
61547941
61546809
61548118
61547907
61546540
61547954
61548065
61547335
61548183
61546168
61548187
61546357
61578520
61547321
61548542
61546671
61548389
61578706
61578424
61547531
61547093
61548264
61578661
61548313
61547343
61578830
61578618
61547610
61546872
61548405
61548215
61547134
61548519
61546976
61548774
61547373
61578984
61578692
61547391
61578858
61548640
61546920
61548718
61548648
61548282
61548452
61548495
61579127
61547980
61547383
61579226
61548808
61547194
61547940
61548997
61546873
61546983
61579545
61549415
61547895
61579736
61549344
61547801
61547626
61549759
61549296
61549732
61549625
61548109
61549808
61549673
61548233
61549948
61550009
61549145
61548272
61550340
61548871
61580463
61550268
61549193
61550599
61580913
61580433
61549035
61580396
61550466
61548905
61549008
61550192
61580442
61550437
61580633
61548493
61549320
61550431
61550482
61580684
61549322
61550598
61549784
61549005
61549229
61549204
61550603
61549391
61549621
61550774
61550824
61581327
61549527
61549173
61549228
61550882
61550992
61550324
61550703
61550986
61550905
61551130
61551155
61551253
61581457
61549428
61550860
61551204
61550065
61550578
61549982
61551423
61549735
61549488
61551549
61551499
61549985
61550507
61551330
61549944
61550889
61581868
61551664
61550497
61551572
61553470
61552231
61553450
61553333
61552925
61553897
61553748
61584079
61553648
61553507
61552528
61553734
61553596
61552662
61553796
61552232
61552244
61553955
61584388
61554046
61553622
61553282
61554040
61552140
61554082
61554096
61552722
61554250
61552688
61554649
61554670
61553144
61554750
61553616
61553615
61554733
61585138
61553326
61585612
61554046
61555076
61553860
61556708
61553081
61554125
61555168
61553880
61553234
61585564
61554082
61553263
61554516
61555063
61555358
61554051
61554715
61553551
61554201
61553318
61555389
61554996
61555038
61555242
61553693
61553995
61555475
61555487
61554780
61554317
61553611
61555491
61553898
61586040
61555684
61586100
61555497
61555834
61586208
61555747
61555563
61554299
61555827
61553782
61586197
61555889
61554318
61556071
61554739
61586481
61553782
61554805
61554099
61555912
61555696
61556081
61556119
61554608
61556197
61555422
61554394
61586397
61556158
61556181
61556502
61555352
61586672
61555320
61556562
61587104
61556949
61556195
61556528
61556803
61587117
61554910
61556297
61556819
61555151
61556955
61555096
61556784
61557010
61556238
61587193
61556962
61587165
61556769
61557047
61556326
61587300
61557203
61556404
61557341
61557044
61557106
61557110
61587467
61555967
61557151
61557139
61555896
61587272
61556455
61557225
61557124
61557269
61556419
61555542
61557278
61555232
61555516
61556313
61555580
61557481
61557399
61557767
61557669
61556436
61556465
61587806
61557725
61556489
61587986
61556170
61556954
61557691
61556509
61588135
61557765
61557817
61587990
61556665
61557821
61588388
61557957
61556649
61557166
61557742
61557955
61556475
61556857
61588680
61558114
61556936
61556131
61558679
61556514
61558489
61556962
61588731
61557204
61558160
61557590
61558214
61556668
61558404
61557284
61556637
61558603
61558166
61558437
61558861
61556389
61558250
61556634
61557185
61558257
61588679
61558850
61556685
61556649
61557065
61557969
61557248
61557267
61557357
61557355
61589235
61557461
61558648
61589147
61558424
61557534
61558113
61558761
61556725
61557277
61558712
61557331
61557511
61557951
61559029
61557263
61557614
61559113
61557027
61558997
61559007
61557075
61557861
61559126
61559005
61558687
61558981
61559148
61589293
61558481
61557798
61557123
61559391
61557606
61559468
61558208
61589957
61559608
61559641
61559272
61558269
61558749
61559475
61557891
61558683
61559803
61559825
61557752
61559963
61558262
61559653
61559536
61558690
61559759
61559847
61559992
61558143
61560046
61558762
61558349
61560187
61559733
61560268
61558936
61558539
61560343
61560420
61558660
61560453
61559084
61558331
61560291
61560149
61560223
61559418
61559983
61560740
61558530
61559399
61559879
61560431
61558460
61565300
61565386
61566553
61565354
61565871
61566557
61566246
61566464
61566727
61564915
61566791
61565390
61565337
61566767
61566604
61597374
61565811
61565771
61567031
61566812
61567217
61567080
61566352
61597401
61567287
61567121
61567416
61566077
61566473
61566575
61567462
61567320
61597780
61567288
61567529
61567244
61567507
61565982
61567636
61566328
61597762
61567711
61565945
61598082
61567042
61566156
61566231
61567579
61598146
61567841
61566874
61567830
61598262
61568037
61566681
61598536
61566609
61568120
61566167
61567869
61566322
61567925
61568212
61566304
61568332
61598850
61568070
61567228
61567225
61567041
61598910
61568469
61598797
61567635
61568630
61599102
61568130
61567349
61568724
61567463
61599209
61568871
61567724
61568559
61568917
61599367
61568915
61599091
61568603
61569018
61567193
61569021
61568941
61599654
61569025
61599543
61599326
61568921
61569206
61569234
61568467
61569210
61599523
61569233
61568947
61568084
61569265
61569094
61567978
61569388
61567236
61568385
61599795
61569170
61568856
61568352
61568360
61600086
61568414
61569748
61568444
61569605
61569502
61600041
61568559
61600127
61569094
61568665
61569261
61569957
61569762
61600385
61568657
61570149
61569975
61570293
61568586
61570398
61570222
61570578
61569273
61568369
61570351
61570235
61569695
61570364
61600843
61570422
61569811
61569335
61570710
61570752
61569519
61571039
61568932
61569495
61570708
61570587
61570868
61568991
61569119
61570818
61601421
61571147
61601449
61570012
61570151
61570531
61601601
61569979
61571132
61571148
61571333
61569561
61571242
61571336
61571669
61571160
61571452
61570160
61601822
61571144
61570322
61571464
61571492
61569495
61571308
61571415
61571637
61570846
61571476
61571570
61601920
61571537
61571025
61570549
61571869
61570330
61572008
61570724
61570616
61571995
61570207
61572107
61570700
61602400
61572039
61570580
61602469
61570401
61572246
61570513
61572402
61571597
61602566
61572556
61571224
61603903
61572690
61572629
61572935
61604619
61574492
61574790
61604894
61574622
61574663
61573618
61573705
61574814
61605406
61575020
61573815
61573894
61575219
61574987
61575307
61573121
61575176
61605602
61575198
61575685
61575382
61575430
61574201
61573369
61575106
61575627
61605880
61575438
61605835
61573644
61575424
61574410
61575536
61575677
61575525
61606073
61575759
61575052
61574027
61573809
61574660
61575075
61575643
61575636
61575943
61575141
61574823
61576035
61606139
61574282
61576419
61574353
61606545
61575010
61574589
61576189
61576106
61576430
61576343
61575397
61576703
61575969
61574694
61576670
61575022
61574849
61575532
61576952
61607306
61576907
61575231
61577062
61577112
61607507
61575348
61575881
61577178
61577028
61577266
61575852
61577164
61575628
61607624
61576161
61577280
61607445
61576766
61577355
61575419
61577296
61575680
61577227
61576254
61575464
61577580
61607912
61575920
61576507
61578045
61577809
61577470
61577797
61577028
61608252
61577886
61577967
61577851
61576708
61578182
61608503
61577918
61577830
61608391
61576913
61576138
61576857
61576794
61576499
61576867
61577960
61577954
61608489
61608514
61576997
61577166
61576869
61578374
61578052
61578060
61578272
61577213
61577556
61577295
61578595
61577359
61577753
61578377
61576358
61578044
61609082
61576879
61578500
61609207
61578672
61578396
61577495
61577284
61577596
61578872
61609244
61578875
61578004
61576756
61578079
61578202
61578160
61578845
61578551
61579011
61579064
61609484
61579086
61578333
61577845
61578232
61577645
61579254
61577164
61579213
61609794
61579324
61578142
61578383
61577884
61579298
61579448
61609971
61579637
61577748
61579927
61578287
61579748
61578880
61577954
61579653
61579308
61578551
61579762
61578324
61579054
61578446
61610076
61578424
61580036
61580079
61578785
61610274
61579358
61580107
61580143
61610391
61610456
61580099
61610591
61580317
61579084
61610405
61578342
61580540
61579226
61610890
61610802
61610720
61579736
61578865
61580567
61578593
61579284
61610890
61580675
61579579
61578747
61579129
61580712
61579200
61611283
61579206
61580476
61581005
61579880
61580339
61580259
61581224
61611372
61579818
61581097
61580746
61611538
61579904
61611535
61580450
61581316
61579062
61581511
61579617
61579872
61579550
61580148
61580162
61581180
61579712
61581465
61581355
61579670
61581511
61579701
61581536
61611784
61611915
61581437
61612156
61581613
61580363
61612016
61581561
61580452
61581811
61580526
61580685
61581862
61581955
61612259
61580696
61580697
61582039
61580892
61580430
61582272
61580388
61582120
61581157
61581340
61582287
61612812
61582065
61580532
61582237
61582458
61580532
61582234
61581592
61580295
61581284
61580236
61582261
61581311
61582509
61582550
61581201
61582294
61582153
61582631
61612885
61612972
61581236
61581938
61581895
61582751
61582663
61613053
61582558
61581865
61581169
61581314
61581596
61582790
61581033
61582840
61581700
61581146
61582954
61581285
61580991
61582096
61583235
61581975
61581905
61583263
61582947
61583375
61581755
61613563
61583197
61583431
61613614
61581795
61583039
61583302
61582466
61581978
61581523
61613546
61582149
61613709
61583409
61583339
61581335
61582039
61613802
61581821
61583295
61581779
61613781
61582432
61613795
61583634
61583708
61613943
61583633
61582039
61583837
61582511
61583785
61614321
61582874
61584126
61581838
61583332
61584217
61582444
61583945
61582598
61584230
61583903
61582978
61584122
61582501
61582252
61583309
61582302
61584614
61584090
61583323
61584375
61584376
61614827
61583208
61614738
61584605
61584607
61614771
61584504
61615121
61584686
61583399
61584630
61583484
61584851
61615113
61583360
61584760
61582858
61583518
61582962
61584854
61582965
61583625
61615333
61584895
61585058
61615453
61584941
61615465
61585165
61585108
61615644
61585142
61615787
61585458
61584078
61584162
61585270
61583533
61584659
61585393
61584140
61615699
61585185
61584233
61584244
61585412
61583975
61585674
61584276
61615991
61585328
61584379
61585670
61584062
61585969
61585844
61585227
61586048
61585919
61585918
61586226
61585971
61584900
61586081
61586290
61584156
61586115
61616860
61585256
61586587
61586687
61586569
61586371
61585282
61617032
61586953
61617118
61586762
61585267
61587099
61585589
61617504
61617297
61585837
61617289
61586823
61586543
61587054
61617384
61586803
61586965
61586747
61587094
61587051
61617374
61586940
61617681
61585834
61587274
61587583
61617712
61587332
61617464
61586180
61586384
61617780
61587472
61588644
61589276
61587576
61589428
61588363
61589400
61589660
61589243
61589809
61589913
61587966
61588868
61589946
61588305
61590174
61589967
61588191
61588919
61588303
61589834
61589001
61589100
61589204
61620729
61620878
61590283
61627371
61596011
61597293
61627633
61597162
61596862
61596061
61597139
61595408
61627680
61627958
61596122
61627689
61597643
61597980
61597579
61595735
61627790
61596486
61597735
61597558
61597125
61596686
61597692
61595694
61597926
61597770
61598004
61628168
61596389
61597932
61597560
61597777
61597725
61597913
61597738
61596301
61628388
61597668
61596575
61596919
61598005
61598077
61596141
61596509
61597069
61598280
61598297
61597452
61596755
61598267
61598204
61598087
61596523
61598651
61598506
61596862
61628811
61628555
61628886
61629063
61596305
61628959
61598426
61598321
61598455
61598532
61597723
61598440
61598655
61598783
61598689
61597952
61597468
61597122
61596692
61629071
61598751
61598692
61598781
61598093
61598824
61629395
61599023
61629472
61599127
61599196
61597267
61598170
61599381
61598641
61599166
61599371
61629837
61598406
61599376
61599609
61629985
61598449
61597658
61599832
61599721
61598324
61598311
61599725
61598029
61599165
61599249
61599836
61599977
61598717
61598804
61599800
61599976
61600161
61630279
61598926
61599974
61599099
61598422
61630665
61599957
61600365
61600370
61630567
61630594
61600292
61600310
61630798
61600411
61599151
61600455
61600299
61630688
61600550
61600432
61599566
61598487
61600442
61600523
61599679
61599250
61630747
61600365
61598653
61600287
61599509
61600926
61599666
61600870
61598811
61601176
61599321
61599692
61598911
61631262
61599381
61599652
61601044
61600176
61599154
61599063
61600873
61599706
61600521
61598893
61631428
61599650
61601118
61631314
61631281
61601189
61599809
61601331
61599081
61600978
61599940
61599447
61600193
61599823
61600851
61601448
61599880
61600816
61601568
61601764
61599535
61631911
61600054
61600279
61600256
61599709
61599784
61632186
61600552
61601921
61602003
61600329
61600872
61602206
61601923
61601518
61632568
61602533
61600539
61632635
61601995
61602227
61600593
61602362
61602330
61602521
61600527
61602450
61601965
61602502
61601980
61633131
61602793
61601588
61602745
61602440
61601633
61601552
61602975
61633307
61601715
61601274
61633485
61603202
61603019
61602725
61602242
61602741
61603257
61601619
61602899
61600964
61602010
61601460
61601913
61603237
61603191
61602553
61603175
61602638
61633710
61602724
61603266
61603845
61602401
61602484
61603759
61601653
61602031
61603144
61603430
61602055
61602482
61602336
61602601
61603625
61603772
61634404
61603110
61602668
61603127
61634120
61603587
61601939
61603032
61604058
61603861
61602649
61602558
61602854
61604015
61604042
61604074
61603923
61604258
61602538
61634751
61604122
61604120
61604118
61605990
61604499
61602653
61603767
61604537
61634909
61603336
61603768
61604601
61635151
61602916
61603606
61604708
61635102
61604765
61604526
61603184
61603726
61603505
61603742
61602982
61635233
61604244
61605242
61604289
61602985
61603445
61602824
61605108
61605297
61605049
61605210
61603971
61604054
61603747
61605616
61603509
61605203
61605396
61605184
61605276
61605500
61635899
61604363
61635987
61604013
61603962
61603637
61605005
61603965
61603839
61605816
61636146
61604001
61604561
61607578
61605168
61606030
61605230
61604799
61636391
61606131
61606016
61606090
61605252
61605932
61636292
61606323
61605903
61606370
61606050
61606473
61606280
61606416
61604995
61604314
61605626
61608302
61604845
61606817
61606907
61606600
61637144
61604744
61606786
61606927
61606558
61637222
61637302
61637230
61605983
61606980
61607110
61607241
61637481
61606793
61607240
61605454
61607152
61605305
61637689
61607394
61607356
61607127
61607471
61637723
61607508
61607814
61607452
61607507
61605781
61637747
61609320
61637905
61607378
61606361
61606393
61605490
61607727
61607762
61607679
61607001
61606470
61606577
61606019
61607044
61607681
61638235
61607039
61605861
61606487
61606543
61607987
61608193
61607350
61606860
61608028
61608267
61607444
61608343
61606291
61607264
61607096
61607804
61607181
61608276
61608485
61608130
61607247
61608933
61607284
61608261
61607314
61608338
61608587
61639133
61607434
61607131
61608476
61607428
61606918
61607399
61608417
61639031
61607402
61608655
61606627
61608489
61608612
61608851
61608867
61608154
61639253
61609003
61607004
61607656
61607811
61607898
61607885
61609164
61608904
61639250
61609032
61607730
61609195
61639357
61607714
61609526
61608096
61607614
61609411
61610995
61610085
61611286
61610383
61610322
61610505
61611754
61611002
61611631
61610795
61612009
61612014
61642512
61642545
61612503
61612392
61612491
61612329
61612327
61612541
61611850
61610630
61611001
61642957
61612556
61611604
61611607
61612523
61642986
61612508
61643191
61612688
61611838
61611374
61610648
61611513
61612905
61643027
61611633
61611743
61611988
61613000
61612946
61613111
61643492
61612395
61613105
61613220
61643747
61612019
61613412
61611528
61611441
61613374
61643767
61613187
61643993
61613274
61613599
61644128
61613571
61613568
61614070
61613643
61613737
61613657
61612522
61612019
61612500
61644119
61613532
61612466
61612303
61612787
61613479
61613263
61611903
61613584
61613501
61613730
61644106
61643973
61611989
61613341
61613747
61612439
61612340
61613880
61613783
61613663
61612039
61613841
61613464
61612841
61612660
61613260
61613815
61613155
61613127
61613013
61644706
61644645
61612783
61612938
61612532
61613116
61614403
61612815
61614427
61614574
61613854
61614713
61613981
61613483
61613954
61614718
61614692
61613798
61614855
61614768
61645331
61615006
61614306
61645313
61614620
61614782
61645516
61613992
61614147
61613963
61613271
61615470
61614274
61615505
61614468
61615300
61615485
61614751
61613482
61615351
61645607
61615192
61614141
61615415
61615480
61614186
61614122
61615593
61615632
61615591
61615668
61615119
61615243
61646061
61614452
61646147
61646107
61646355
61615667
61615162
61614056
61614190
61614859
61615632
61615806
61615920
61614670
61616093
61616152
61615982
61614719
61616129
61616161
61616182
61616201
61646631
61646423
61615370
61616221
61615051
61616526
61616514
61615014
61616448
61615823
61616533
61617013
61614889
61615476
61615827
61614954
61647146
61615867
61616672
61615363
61615556
61615780
61616844
61616818
61647030
61616498
61615052
61647013
61616746
61616792
61616626
61616773
61616116
61647337
61617330
61616693
61617111
61615254
61616274
61615897
61615037
61615460
61616296
61617246
61647351
61647686
61615964
61617408
61616253
61616343
61617619
61648165
61617243
61617460
61615301
61615415
61617695
61616544
61617528
61616694
61647840
61616564
61616425
61616313
61617692
61617703
61617555
61617834
61617740
61615841
61618098
61615878
61648179
61617107
61617812
61617742
61617839
61616893
61616683
61616711
61618094
61617897
61618056
61617818
61617034
61618148
61617273
61618201
61617396
61648828
61617586
61618201
61617121
61648785
61648459
61616750
61618362
61618466
61616984
61618459
61618536
61618605
61617201
61616818
61617392
61618545
61618525
61618661
61618631
61618781
61616904
61618564
61617513
61618688
61649415
61616814
61618917
61617344
61617003
61618922
61619360
61617575
61619086
61617893
61618509
61617191
61619314
61649583
61619331
61617732
61618475
61618008
61618952
61618998
61619314
61618139
61619508
61618233
61618139
61617797
61619354
61619565
61619330
61618378
61619729
61619457
61617456
61618539
61619554
61618002
61619627
61618699
61618755
61619866
61619897
61618073
61619925
61619753
61619986
61619904
61619790
61618581
61618411
61620002
61619938
61619112
61618311
61620146
61620202
61620111
61650438
61618975
61620071
61620199
61620156
61620242
61620601
61618381
61620413
61619658
61625818
61626851
61626760
61626680
61628130
61625982
61626878
61627388
61628104
61626374
61626549
61628230
61626884
61628335
61627576
61628235
61658798
61628142
61626459
61628308
61627352
61626936
61658416
61627869
61626320
61626941
61627011
61626923
61626559
61627363
61628492
61628666
61628607
61627739
61628572
61658910
61628966
61659115
61628604
61658883
61628606
61628936
61659207
61627723
61628858
61628304
61629106
61627935
61629242
61659367
61627953
61627282
61628235
61628448
61629174
61627262
61628073
61628068
61627623
61629236
61629395
61627661
61629348
61659932
61629330
61627909
61628308
61629714
61629492
61629889
61629659
61629835
61628716
61627942
61628550
61628642
61629846
61628081
61629912
61660289
61629292
61630200
61629415
61629211
61628626
61660551
61630247
61630323
61628755
61660727
61628901
61660781
61630429
61628674
61630448
61630429
61629735
61630236
61660709
61630444
61629863
61629751
61632294
61660915
61629459
61629395
61629043
61630793
61630078
61631027
61630526
61630999
61628830
61630953
61661564
61630986
61630195
61629696
61661504
61631100
61631350
61631276
61631125
61630005
61630379
61630078
61631242
61631520
61631389
61629926
61630163
61631374
61661888
61631362
61631297
61630091
61629320
61631294
61661656
61661874
61631258
61630378
61631457
61661833
61631945
61662100
61631723
61631738
61630649
61662049
61630497
61631515
61661889
61630938
61662325
61631851
61630775
61631773
61662464
61632057
61631269
61631660
61632134
61631051
61632259
61631221
61632207
61631865
61631235
61632298
61662770
61632171
61631452
61630916
61630769
61632354
61630621
61631342
61630908
61631166
61630351
61640631
61634454
61632995
61633895
61634629
61664962
61635128
61633144
61633686
61634948
61633900
61633599
61665672
61635190
61635303
61635395
61635819
61666017
61635447
61633871
61635757
61635529
61635818
61633964
61666031
61635494
61633866
61635529
61634380
61635604
61635923
61635901
61635905
61635883
61635538
61634419
61633942
61666372
61635849
61634358
61635311
61636188
61634962
61635496
61635046
61635568
61666672
61666685
61636258
61666583
61636264
61636617
61634733
61636424
61634786
61636354
61635149
61666941
61636678
61636490
61636589
61635639
61636718
61634922
61636702
61634719
61635543
61636047
61636543
61637041
61636576
61635765
61637147
61636255
61637091
61635797
61637063
61635418
61635793
61635636
61635836
61639066
61635540
61637467
61637092
61637391
61635633
61667784
61637358
61637564
61637697
61637781
61636983
61637010
61637808
61637369
61637911
61667927
61636788
61637949
61636116
61637835
61636554
61636956
61637999
61668192
61637742
61637945
61637675
61636805
61638183
61636923
61638367
61637014
61638349
61668820
61637077
61636644
61637167
61637828
61637231
61636799
61637480
61638856
61637212
61637914
61639069
61669062
61636865
61637335
61669178
61638597
61638862
61638489
61638874
61638663
61637820
61638197
61669309
61638884
61669460
61639076
61669334
61639119
61669552
61637916
61637776
61639193
61638224
61639111
61669503
61637799
61637220
61639222
61639438
61639671
61639314
61639431
61669971
61639924
61639847
61669733
61639373
61669837
61670077
61639925
61669987
61638606
61639636
61637649
61639598
61669974
61640206
61670241
61639722
61670412
61639170
61639716
61670146
61639899
61640057
61670507
61640571
61670457
61640175
61670743
61640243
61670672
61640233
61670659
61640221
61640107
61638155
61670473
61640159
61640380
61639162
61639218
61639202
61670887
61640354
61638474
61639311
61640595
61638516
61639522
61639026
61639435
61640486
61671005
61639897
61638963
61640069
61640645
61670927
61640917
61640875
61640219
61640963
61641083
61641010
61640297
61639887
61641105
61671584
61639664
61641455
61641281
61671302
61641150
61671737
61641143
61671342
61641213
61641371
61671760
61641422
61671916
61641509
61639909
61640357
61640993
61640211
61639619
61641603
61641860
61641811
61640701
61641823
61672142
61640536
61639868
61640428
61641788
61640163
61640849
61641774
61672233
61672458
61640930
61641759
61639842
61640737
61640094
61640654
61641969
61642189
61641796
61642166
61640528
61641448
61642383
61641102
61640658
61641064
61642283
61642492
61642181
61642604
61641302
61642486
61640434
61641350
61641487
61641414
61641373
61642299
61640406
61641144
61641250
61672905
61642549
61641816
61641276
61642498
61672918
61642103
61642885
61642410
61641270
61642782
61641618
61642867
61673452
61643112
61643120
61642048
61643273
61643379
61643028
61641349
61641815
61643074
61673533
61643370
61643328
61643167
61643452
61673728
61643630
61643529
61641856
61642341
61642872
61674221
61641939
61643781
61673952
61643569
61643854
61643584
61643924
61643600
61642902
61644010
61644210
61643366
61644025
61674288
61642775
61644268
61642571
61642855
61643296
61643848
61644107
61674658
61644222
61674728
61644371
61646123
61644304
61644569
61642774
61643388
61643868
61644563
61644393
61644675
61675076
61643348
61644505
61674964
61644596
61643910
61642460
61643287
61642643
61643478
61644829
61675252
61645198
61675385
61644885
61644172
61675176
61645088
61675520
61644977
61643527
61675463
61645070
61675360
61645596
61644458
61645359
61644693
61645501
61645457
61645049
61645413
61644372
61645706
61675948
61645353
61645536
61675746
61645351
61643996
61644651
61645688
61645635
61645669
61644553
61643847
61644583
61644114
61644743
61646252
61643908
61644441
61645885
61676328
61644799
61646075
61676287
61644788
61645394
61644924
61646272
61644992
61646611
61646314
61645959
61645977
61646225
61646363
61644657
61646495
61646452
61645731
61646384
61676640
61646304
61646690
61646280
61645185
61645917
61645519
61645016
61645494
61645076
61677182
61646823
61646879
61644643
61645645
61646945
61645088
61646817
61645386
61677284
61647484
61647103
61647087
61677446
61646998
61648886
61677532
61647069
61645274
61647164
61647000
61645819
61647287
61646251
61646327
61647445
61647106
61646166
61645665
61646140
61645475
61678017
61647564
61678071
61647645
61678029
61647771
61647898
61647590
61647876
61647627
61647734
61647253
61648165
61646438
61648218
61646275
61649940
61648847
61650048
61680680
61650132
61650291
61650336
61650273
61650437
61650326
61650430
61649666
61649700
61650576
61648781
61650661
61650836
61650446
61650790
61681422
61650669
61650744
61648755
61649699
61648939
61649735
61650952
61681473
61651141
61681441
61651148
61651118
61681598
61651059
61651142
61650438
61681523
61651091
61650575
61650179
61651350
61681915
61651451
61681805
61651555
61651636
61649656
61650165
61651657
61650850
61651689
61650360
61650167
61650233
61649700
61651060
61651998
61650946
61651201
61651917
61652030
61651981
61651755
61649875
61651820
61652136
61652244
61652374
61651658
61650521
61650973
61652195
61650642
61651267
61652409
61652607
61650794
61652468
61682829
61651988
61652523
61652065
61652666
61652357
61650560
61651165
61650641
61683033
61652609
61652914
61651790
61652879
61652653
61653140
61652897
61651715
61652994
61683246
61652302
61653394
61683342
61651975
61653030
61683508
61653104
61651115
61651864
61653240
61651468
61652224
61652265
61653538
61683835
61653466
61653691
61651652
61652643
61652006
61652899
61653883
61654058
61684473
61652825
61653425
61684443
61652798
61653126
61652937
61652705
61653001
61652841
61653417
61684467
61684700
61652956
61654253
61654486
61653176
61654609
61684421
61653186
61652497
61653284
61654437
61654548
61654484
61654386
61653721
61684745
61654698
61684782
61654588
61685044
61654404
61654622
61656575
61654449
61653593
61654917
61653742
61655114
61654270
61654129
61653716
61655294
61654020
61655347
61653625
61655428
61655440
61655570
61655549
61654346
61685986
61655519
61685908
61655460
61653554
61686066
61655740
61686146
61655709
61655751
61655927
61654176
61655938
61686550
61656190
61655983
61654332
61655986
61686636
61656343
61655166
61656237
61656239
61655907
61656223
61656231
61656349
61656488
61686842
61656269
61654755
61656602
61656426
61686694
61656426
61655045
61656616
61654858
61656521
61687079
61656572
61656823
61655812
61656890
61654968
61687114
61655800
61656932
61657069
61657105
61655746
61655641
61656336
61655958
61657248
61656262
61687216
61655764
61655380
61655201
61656162
61657280
61657038
61657457
61657517
61657706
61657609
61657199
61657669
61657473
61655618
61656367
61656637
61656550
61656318
61656069
61657736
61688132
61657007
61657838
61657994
61656103
61657821
61688049
61656710
61657866
61688232
61657907
61656823
61658199
61656028
61656961
61657431
61665500
61666733
61666480
61665481
61666784
61665452
61666847
61666722
61666680
61666845
61666762
61666687
61666870
61665119
61665659
61665708
61666796
61666553
61665663
61664927
61666120
61665453
61667154
61667091
61667257
61697673
61666964
61667250
61665588
61667153
61667452
61667389
61665665
61697757
61666143
61667140
61665642
61667503
61667621
61697612
61667432
61667437
61667268
61666816
61666089
61665435
61666054
61667618
61697900
61697881
61667118
61666142
61697971
61666959
61666303
61665577
61698033
61667637
61667751
61665647
61697967
61667939
61667615
61666201
61667725
61666635
61667929
61667903
61668106
61668230
61666388
61666907
61666990
61666537
61668281
61668340
61668386
61668582
61667718
61666792
61666810
61666842
61666466
61666971
61668567
61668862
61668594
61667538
61668627
61667616
61667432
61668920
61668152
61667264
61668344
61669039
61668996
61668551
61699469
61669389
61669424
61669497
61669502
61669086
61668253
61668299
61668912
61669737
61667667
61669716
61669755
61669838
61700095
61669409
61668365
61669891
61669953
61668444
61669765
61669875
61669929
61700180
61669667
61668736
61700215
61668248
61668897
61670122
61669986
61668835
61669386
61669698
61669301
61670266
61670342
61670186
61670306
61669001
61668489
61669267
61668802
61668806
61670374
61670468
61670588
61670601
61668826
61669373
61700866
61669146
61670836
61700753
61669303
61669882
61669606
61670780
61701135
61670426
61669440
61670764
61670739
61670894
61670771
61670187
61701178
61670827
61671015
61670267
61670897
61669633
61671129
61669090
61701490
61701703
61671725
61671018
61701437
61671305
61670044
61670740
61671479
61669807
61670124
61671306
61671362
61671475
61671705
61671761
61671796
61670819
61671450
61673510
61671795
61671190
61670206
61671945
61671749
61702274
61670914
61670548
61671955
61702431
61702452
61672019
61671433
61670678
61670185
61669941
61672246
61702707
61702662
61670561
61670947
61670533
61671612
61671668
61672436
61670932
61670646
61670570
61670752
61672766
61671496
61703352
61671225
61703074
61702864
61671122
61671062
61672686
61672645
61671594
61672883
61671287
61673152
61673195
61705328
61673676
61674463
61705754
61674250
61675155
61674329
61675489
61673960
61675603
61674323
61674321
61705943
61674641
61676076
61706343
61676098
61675844
61674360
61675933
61675530
61676125
61676277
61676200
61675510
61674504
61675260
61675981
61676137
61675058
61676444
61676364
61676658
61676447
61676477
61676719
61675613
61674957
61675754
61676820
61676601
61707214
61675593
61676893
61676562
61676642
61674803
61676972
61676848
61676890
61707369
61676827
61674900
61675703
61677058
61676982
61675953
61676006
61677313
61676392
61676332
61677205
61707632
61676232
61676052
61708077
61677447
61677745
61676817
61676878
61677803
61677838
61677592
61708166
61676084
61677535
61677834
61675881
61677817
61676545
61676557
61677216
61677064
61708443
61675897
61677213
61676979
61677136
61678147
61676781
61676685
61677497
61678137
61676829
61678345
61677775
61677493
61676517
61678401
61676202
61678312
61677650
61680270
61678442
61678624
61678323
61678427
61676912
61678636
61676805
61679031
61678874
61677038
61678722
61678789
61709081
61678687
61676753
61677529
61678901
61679033
61676967
61677931
61677918
61678046
61679309
61679073
61678067
61679367
61678756
61679467
61679431
61677784
61679485
61679350
61678648
61678372
61678013
61679789
61679501
61678914
61709906
61679458
61709855
61679355
61679788
61678954
61679742
61679045
61710090
61678611
61677854
61679070
61678939
61678166
61679847
61710162
61679820
61679913
61710596
61680315
61680077
61678429
61680101
61678239
61679162
61680199
61710665
61680185
61710545
61680212
61680431
61680561
61679182
61678623
61679286
61678687
61678848
61680532
61678969
61680671
61678993
61680663
61680798
61711166
61680732
61711158
61680695
61681010
61681015
61711329
61679591
61711233
61711633
61681061
61681152
61679644
61681284
61679903
61680265
61681551
61681681
61681512
61680676
61680390
61680113
61681544
61680185
61680025
61681404
61679618
61683284
61681555
61712029
61711938
61679858
61680394
61681801
61681754
61681711
61681686
61681721
61681154
61682027
61682007
61682059
61682126
61681802
61680727
61681873
61682394
61682314
61682294
61712947
61680637
61680306
61682042
61681199
61682301
61680811
61682622
61680803
61681418
61681884
61680652
61682683
61682509
61682080
61682769
61712999
61681594
61682622
61681881
61682893
61713388
61682729
61684706
61681150
61682816
61680998
61681730
61682911
61682976
61713342
61682942
61683349
61681554
61682743
61713805
61683494
61683239
61713713
61681647
61683591
61683436
61682883
61682740
61683770
61683727
61684123
61683895
61683891
61684088
61684119
61684059
61681830
61683167
61684104
61682697
61682752
61683465
61682835
61682095
61684178
61684372
61714769
61684150
61684397
61684364
61684171
61684173
61684481
61683313
61684549
61684797
61684527
61683168
61683743
61684363
61683424
61682493
61684456
61684710
61684510
61684876
61684545
61682455
61683904
61683548
61684701
61684783
61684664
61683048
61683512
61684129
61684099
61683789
61683548
61684773
61684691
61684290
61684873
61684968
61685168
61683203
61683619
61685406
61685184
61715551
61684789
61684997
61684180
61683384
61685579
61685223
61683273
61683826
61683303
61684154
61684772
61715823
61685238
61685636
61685552
61685539
61684542
61684438
61684910
61685617
61685730
61685594
61685444
61685829
61683719
61684221
61685837
61683962
61685799
61686039
61686362
61685955
61684815
61686115
61716487
61685879
61684521
61716458
61684325
61685935
61684448
61686284
61686191
61685159
61685604
61685199
61685162
61717135
61685529
61686484
61688451
61685307
61716867
61686848
61716880
61685401
61685004
61686639
61717015
61685258
61686870
61717230
61685820
61685575
61684965
61685045
61685924
61687235
61685388
61687301
61687142
61717459
61685763
61685943
61685841
61686990
61687297
61686600
61686249
61686233
61687578
61687629
61687703
61717979
61687525
61685691
61686883
61687864
61687488
61687776
61718314
61688125
61685741
61686753
61686558
61687283
61688113
61687521
61687797
61687830
61718427
61687900
61718593
61687162
61688052
61718172
61687843
61686247
61718590
61688227
61686341
61687111
61688232
61718829
61688312
61690058
61688357
61687226
61688539
61688328
61688734
61688373
61688552
61686904
61687486
61688858
61687450
61688856
61687092
61687990
61687684
61689076
61689148
61688914
61719238
61688880
61688997
61719481
61689008
61689138
61689260
61687591
61689214
61719723
61688546
61689546
61688924
61689411
61689178
61689419
61689540
61688017
61719580
61689454
61689335
61689395
61687610
61689342
61719792
61689280
61689390
61719535
61689163
61688187
61689658
61688238
61689705
61689648
61719865
61688194
61691272
61691951
61691832
61692085
61690907
61691800
61692134
61692125
61691555
61692080
61692265
61722827
61722526
61692370
61692542
61722836
61693055
61691520
61723032
61692728
61692642
61692821
61723349
61691650
61692157
61693002
61691245
61692842
61691708
61723476
61692860
61692960
61691886
61693180
61691567
61693166
61723682
61693329
61723776
61693205
61693252
61691192
61691398
61692325
61692370
61693643
61693498
61693495
61724050
61693074
61692695
61694009
61693538
61693930
61693904
61693610
61693923
61692369
61693816
61692720
61692858
61692863
61694139
61692237
61692887
61694385
61694075
61694131
61724551
61692190
61693182
61694319
61724809
61724800
61693630
61694493
61694621
61694444
61694647
61695098
61693391
61693618
61693616
61694797
61694619
61694727
61692836
61725368
61694899
61725227
61693782
61695038
61725574
61725579
61694496
61694581
61695377
61693109
61693511
61695130
61693453
61694162
61695401
61695125
61695400
61725860
61693777
61695403
61725802
61695389
61695461
61695674
61726197
61695555
61693843
61725934
61694498
61695152
61694706
61694765
61694256
61695947
61726329
61726380
61695308
61694892
61696288
61695164
61694982
61696153
61694854
61695918
61696751
61726652
61695108
61696275
61694315
61696475
61695987
61694998
61695735
61726817
61695046
61694502
61726907
61696575
61695903
61695600
61695651
61696602
61727053
61695581
61696895
61727014
61695790
61695486
61695796
61696963
61696971
61727397
61727669
61695935
61697242
61695217
61696491
61697276
61697454
61697313
61695764
61697437
61696205
61697495
61695758
61696908
61697708
61697211
61697682
61695914
61697619
61697751
61696515
61697614
61697033
61728032
61696523
61697532
61696151
61695758
61696726
61696686
61697269
61698008
61728492
61696204
61698359
61728281
61696443
61698056
61698361
61696862
61728670
61728678
61696564
61728706
61698072
61698563
61728930
61697810
61697740
61696578
61698280
61698528
61698639
61697379
61697352
61697381
61698609
61697991
61697927
61698035
61696639
61697048
61696751
61697647
61698800
61698301
61697695
61699180
61697080
61699217
61729453
61699177
61698007
61729842
61699431
61698167
61699684
61699226
61698226
61699396
61699613
61698858
61697914
61698426
61698359
61698436
61699712
61699795
61730020
61699968
61699877
61699759
61697710
61699720
61699947
61730362
61699858
61699860
61698012
61698812
61698517
61700345
61700405
61699248
61700463
61700265
61700608
61698871
61700737
61700626
61699098
61699828
61699417
61699476
61699624
61700510
61700878
61699302
61698806
61700874
61700992
61701048
61731190
61699435
61700902
61731305
61699888
61700029
61731543
61701066
61699173
61701371
61701222
61701234
61701074
61701534
61699835
61701400
61731725
61701755
61699949
61701621
61699765
61700059
61701707
61699746
61700488
61700643
61732238
61701770
61701217
61711491
61710205
61709928
61710746
61711517
61709516
61711625
61711671
61741913
61710873
61710225
61709828
61710463
61711905
61710099
61710628
61711802
61710668
61711688
61742224
61711651
61711924
61742399
61711811
61709947
61710819
61711192
61712251
61742585
61712025
61712231
61742792
61712214
61710533
61742966
61711659
61712478
61710514
61711198
61711271
61711176
61710841
61742882
61711319
61712530
61711800
61710979
61712262
61711211
61711971
61743263
61711231
61711194
61710698
61711660
61712532
61710644
61711516
61711404
61712749
61710652
61712119
61712202
61711286
61743448
61743341
61743330
61743080
61711744
61711376
61711435
61711347
61711787
61713329
61712989
61713353
61713066
61713134
61711438
61712513
61712248
61713340
61712062
61711227
61713364
61713447
61743932
61712486
61712333
61713667
61712817
61713924
61713527
61713604
61744143
61744031
61712630
61743867
61744050
61712507
61713771
61713809
61712682
61714122
61714051
61714115
61714246
61712413
61714293
61744545
61744495
61713920
61714164
61714108
61714341
61714165
61714250
61714209
61714451
61713698
61712792
61714222
61712935
61713536
61744754
61714696
61712853
61714702
61714782
61712664
61714776
61713981
61714742
61714825
61714605
61714787
61713221
61712862
61713138
61713495
61713835
61713360
61713605
61714968
61715019
61715124
61715033
61715263
61713979
61713528
61713696
61713875
61745632
61715515
61715219
61745638
61745901
61715313
61715529
61715661
61716054
61715623
61715658
61746143
61713926
61715700
61715848
61715668
61745940
61746143
61715962
61715481
61746293
61714773
61714781
61714251
61715276
61716023
61714060
61713931
61713976
61746250
61716092
61716311
61714842
61716360
61715555
61714595
61715605
61715303
61715775
61746558
61716527
61715718
61714844
61715864
61747028
61746878
61716338
61715523
61718026
61717561
61718406
61718529
61716678
61717427
61718703
61718780
61717595
61717685
61716846
61719166
61749360
61719121
61719474
61718207
61719257
61718806
61718073
61719404
61720062
61717719
61719969
61720025
61750304
61720052
61750167
61719922
61718838
61719909
61718772
61718769
61720104
61719989
61719085
61720292
61719221
61719956
61719548
61720273
61720592
61720434
61719334
61719510
61720755
61719351
61719506
61718942
61720077
61751087
61720913
61719622
61720974
61719960
61720963
61719715
61751366
61751466
61720970
61721588
61720009
61719942
61721108
61719553
61751584
61751670
61720030
61751630
61719730
61720222
61721255
61720464
61720366
61719774
61721591
61720270
61721444
61719724
61720260
61721961
61721887
61722069
61752288
61722007
61721314
61752460
61722250
61722138
61720998
61720241
61752576
61722338
61722240
61721062
61720665
61752852
61721447
61721255
61722399
61720547
61721059
61722671
61722655
61722636
61720549
61721373
61753069
61753155
61722621
61720822
61722135
61722984
61722914
61722970
61721788
61723135
61723103
61723002
61723133
61721846
61722694
61722870
61722369
61723242
61753390
61753483
61723259
61721203
61722089
61722028
61722654
61723375
61722220
61721484
61721729
61753814
61754044
61722401
61722241
61722276
61721822
61724140
61722929
61723707
61723058
61724017
61723114
61722305
61725785
61723259
61754431
61723921
61722990
61723523
61724165
61723967
61723012
61723508
61754845
61723084
61754724
61723220
61722418
61723500
61724608
61722316
61724254
61724660
61755112
61722594
61724740
61724697
61724764
61723284
61725051
61724860
61724714
61723857
61724072
61724832
61725062
61725056
61755255
61723160
61724231
61755591
61725088
61725062
61723434
61726945
61725076
61723983
61725337
61725424
61725129
61724121
61725250
61725521
61725353
61725449
61725382
61724292
61725542
61725529
61724231
61725938
61724147
61756263
61724719
61725896
61726055
61723944
61756472
61727747
61725241
61725941
61726225
61724721
61724815
61725807
61724335
61726415
61726216
61726086
61726102
61724886
61726347
61726324
61726380
61756650
61726492
61725779
61724801
61757000
61726956
61726516
61726663
61725424
61726608
61756994
61757008
61724671
61724679
61726771
61726048
61725351
61727017
61726189
61757177
61726135
61727087
61726898
61727128
61757671
61726856
61725976
61725984
61726395
61727474
61725281
61757518
61757630
61726604
61727309
61726254
61727554
61757809
61757924
61757812
61727594
61726364
61726282
61727576
61727632
61726877
61727723
61727587
61758026
61725954
61726493
61727561
61727754
61726678
61726947
61727069
61728048
61728235
61758567
61758270
61758500
61727374
61727089
61727046
61728240
61728491
61758856
61758691
61727670
61758680
61727707
61726626
61728450
61728520
61728508
61728098
61759093
61726512
61727069
61758938
61727397
61727374
61728952
61728669
61728883
61729211
61726848
61759147
61728860
61728075
61728972
61729093
61727699
61759175
61727917
61728253
61728955
61728925
61727634
61727800
61729053
61728844
61727851
61727811
61729101
61759438
61759433
61729385
61728033
61729278
61729420
61728149
61729600
61729567
61729650
61727910
61729635
61728039
61729463
61729507
61728923
61728595
61729588
61729890
61729885
61727987
61728427
61729838
61729675
61730076
61729294
61728336
61730445
61730306
61728933
61730175
61730289
61760466
61729197
61730450
61729607
61729307
61730562
61728769
61728893
61730320
61730866
61729893
61761016
61729437
61729493
61729648
61730750
61730939
61729237
61730554
61730651
61761208
61730852
61731076
61729791
61761428
61729633
61729428
61730029
61731282
61731208
61761482
61730267
61731307
61729183
61731579
61731256
61761848
61730158
61731239
61731497
61761744
61731336
61761757
61730213
61731535
61731682
61731519
61731866
61730527
61730519
61762031
61762119
61731879
61731521
61731951
61731911
61731262
61730782
61762293
61730229
61729997
61730941
61730685
61731787
61731822
61732343
61730587
61732299
61731186
61732326
61732512
61732430
61730926
61732762
61730613
61731884
61732625
61763166
61732960
61763304
61763092
61731495
61763010
61763042
61732872
61733101
61731824
61731760
61733026
61731399
61731503
61763396
61731595
61732059
61731666
61731948
61763625
61763915
61732129
61733824
61732795
61733130
61733320
61733462
61733942
61733537
61764141
61763823
61732480
61733637
61733710
61732648
61764397
61732667
61732606
61732566
61733169
61733177
61733838
61734010
61733263
61733222
61732790
61734046
61764335
61734222
61734104
61732905
61733484
61734255
61734009
61732334
61733230
61734623
61732868
61764974
61734357
61734730
61732709
61765031
61733002
61733360
61734609
61734658
61736479
61735256
61734929
61732975
61732727
61732705
61733597
61735068
61734349
61734405
61734709
61734332
61735331
61734997
61735019
61765345
61765395
61735589
61737458
61736402
61737171
61736523
61736240
61736752
61737768
61736757
61737042
61738111
61738361
61737504
61737222
61738432
61738571
61738725
61738546
61738739
61738678
61738054
61736685
61736741
61769421
61737589
61737645
61739164
61738847
61769655
61737979
61738062
61738142
61738027
61739260
61739479
61739476
61737365
61739392
61739595
61769787
61770088
61738979
61739560
61737548
61739800
61739121
61738610
61739777
61739528
61738597
61739747
61739998
61738131
61770157
61739197
61739080
61738848
61740124
61739359
61740106
61738383
61740228
61740369
61739185
61739018
61770567
61740350
61740320
61740065
61740538
61739320
61739352
61740611
61740540
61739789
61739186
61738603
61738447
61740799
61740889
61739474
61740875
61771101
61739485
61739552
61740710
61739578
61740868
61740924
61741028
61741060
61740244
61741165
61741247
61771492
61739447
61771540
61741304
61741112
61741242
61741173
61771829
61741888
61740842
61740341
61741638
61741700
61741825
61741648
61740916
61741846
61741254
61741675
61741184
61741592
61742022
61742150
61742065
61742121
61742194
61742019
61742049
61772352
61742257
61741342
61742508
61742143
61741638
61742594
61742349
61742186
61742492
61742400
61742532
61742564
61742236
61741363
61741535
61742743
61741866
61773150
61740713
61742997
61741473
61773449
61741914
61742808
61742231
61743124
61743177
61743137
61741112
61741974
61742099
61742801
61741886
61743241
61742131
61773585
61743070
61773838
61773830
61742609
61743407
61743579
61741774
61741834
61741780
61742737
61743585
61742486
61742580
61743582
61742849
61743630
61774093
61743743
61743592
61743051
61744222
61742600
61743935
61744032
61742230
61774553
61744090
61743103
61743815
61744159
61743414
61774741
61742541
61742909
61744329
61744690
61742896
61744032
61744373
61742992
61744652
61743179
61744641
61744700
61743063
61775299
61743590
61744686
61745255
61745222
61743790
61745186
61744292
61775460
61745149
61745311
61775580
61744066
61745438
61745290
61744354
61744706
61745165
61744093
61744108
61745566
61744791
61745609
61744005
61745590
61743493
61744754
61745611
61745650
61775964
61745827
61745049
61745772
61776133
61745459
61745433
61776249
61776183
61745209
61744543
61744578
61776169
61745852
61746147
61747882
61746058
61745959
61746214
61745927
61746301
61776409
61744282
61776799
61744274
61776853
61746566
61746298
61746260
61746347
61746342
61744960
61777042
61777078
61745413
61746679
61746907
61746891
61746773
61745597
61746331
61745730
61746850
61745603
61777347
61777795
61747295
61746917
61746914
61745616
61746135
61747236
61747385
61747002
61747462
61745570
61747492
61747387
61746298
61746152
61746905
61778204
61747845
61746104
61778173
61778123
61778197
61747748
61746587
61746787
61748036
61746048
61748195
61778611
61747090
61748253
61748504
61778636
61747500
61746993
61747145
61747607
61747188
61746644
61750110
61778816
61749053
61747258
61747434
61748010
61748586
61779011
61748850
61746779
61747386
61748779
61747189
61748822
61748501
61748814
61748895
61748670
61748486
61748967
61748127
61748938
61749052
61748707
61748888
61779504
61747885
61749257
61747109
61749380
61749309
61749189
61748239
61780043
61749619
61749698
61751454
61748035
61780242
61749351
61747870
61749761
61749892
61748911
61748613
61748453
61750047
61748760
61748555
61749251
61749998
61749904
61748409
61750084
61748761
61749026
61750394
61750571
61780576
61750542
61749285
61748650
61748979
61780643
61750650
61749243
61749309
61780877
61752409
61780770
61780802
61750623
61749934
61748684
61781161
61749754
61748801
61748747
61781203
61749726
61750185
61749615
61749311
61751023
61781473
61749894
61749758
61751044
61751333
61751382
61749526
61749297
61751365
61751062
61751259
61751323
61749553
61751464
61751342
61751134
61751115
61750235
61751583
61782051
61782115
61751772
61750945
61750998
61749718
61750659
61751815
61750068
61751920
61751596
61782580
61751886
61782398
61750795
61782585
61750948
61750655
61750923
61750972
61750962
61750586
61751116
61750287
61751996
61752528
61750380
61751709
61752388
61750713
61752578
61752763
61752683
61751750
61752607
61751470
61783011
61752658
61752943
61750635
61752802
61763303
61763548
61763418
61763732
61763798
61763347
61763062
61763035
61794075
61763202
61764089
61762925
61762690
61764261
61762733
61763989
61763603
61762640
61764725
61763157
61764419
61794751
61763542
61763405
61764284
61763787
61764619
61763447
61762547
61763869
61763570
61763575
61764743
61763182
61763455
61763651
61764191
61763852
61765006
61763694
61764593
61795393
61765123
61765090
61764305
61763721
61764902
61764132
61763372
61764874
61765020
61763621
61795519
61765671
61795912
61764787
61764101
61765586
61763706
61795650
61764349
61764780
61765466
61767372
61765545
61764937
61765793
61765705
61765622
61765936
61765737
61765518
61796246
61796274
61766222
61764792
61766058
61766070
61765513
61765443
61765065
61766279
61796472
61764990
61766410
61766538
61765168
61766235
61766361
61766409
61765231
61766404
61796872
61765327
61796833
61765206
61766770
61765622
61766813
61764675
61765582
61766750
61766914
61765578
61797348
61767075
61767014
61767167
61767117
61767325
61765901
61767213
61797684
61766008
61797536
61767244
61767270
61765584
61767436
61767375
61766249
61767258
61767589
61766485
61767959
61766614
61767791
61766157
61766597
61767675
61767150
61798031
61798114
61767259
61767921
61768144
61768180
61798179
61766836
61767254
61767818
61767359
61766796
61766732
61766194
61768674
61766954
61766266
61768188
61768496
61767687
61798870
61798688
61767175
61767774
61768319
61767370
61767464
61769309
61800523
61800629
61770664
61769534
61770807
61801208
61801275
61769798
61801585
61771123
61769763
61768907
61770305
61801487
61771098
61769504
61771209
61770840
61771472
61769510
61771385
61771658
61769387
61771398
61771525
61770996
61771352
61772053
61771715
61769690
61771864
61770409
61771949
61771209
61771849
61770921
61770929
61770697
61771243
61802585
61772297
61770412
61772136
61802683
61772194
61770298
61771251
61770918
61771162
61771370
61771024
61802804
61772431
61771624
61771677
61772616
61772720
61772683
61772583
61772583
61803124
61771036
61772864
61772692
61803340
61771733
61772952
61772933
61773121
61771171
61773284
61771976
61772101
61772631
61771551
61772696
61773258
61771448
61773657
61772916
61803881
61772248
61772611
61773625
61772509
61773904
61773790
61804061
61771639
61773913
61773223
61773263
61773846
61772775
61773016
61804552
61773777
61772877
61773917
61772516
61774703
61774533
61772214
61774351
61773245
61804659
61773319
61805111
61774596
61773336
61772895
61773430
61774734
61804925
61773414
61773343
61805275
61774785
61805143
61774907
61774704
61774922
61805208
61773790
61774557
61773488
61775128
61773888
61805569
61775279
61774858
61775308
61774048
61774598
61773604
61775436
61773946
61773618
61774674
61775523
61775465
61775586
61774371
61774338
61774325
61774429
61774530
61775043
61774644
61775702
61775929
61775889
61776055
61776039
61773942
61774310
61774726
61774861
61776060
61776259
61775060
61774307
61774634
61806547
61776370
61776402
61774793
61775000
61776129
61776332
61806640
61775138
61776462
61776330
61776362
61776576
61776451
61776633
61806891
61774448
61776208
61774944
61775732
61775388
61775444
61776799
61776809
61777117
61807468
61807305
61776241
61777151
61776983
61777213
61807469
61776978
61776025
61807723
61777310
61777444
61777571
61776037
61777433
61775391
61777344
61777550
61777593
61775946
61807915
61776568
61776524
61777133
61778115
61777892
61808099
61808075
61777892
61777725
61777795
61777854
61776642
61776235
61777704
61776660
61778077
61808596
61777030
61777203
61808818
61777098
61778347
61808573
61778454
61777984
61778333
61778620
61808724
61808983
61778480
61777584
61777703
61777188
61778617
61777094
61776916
61777702
61777080
61777915
61777315
61778297
61777905
61776643
61777430
61778662
61778293
61778815
61776838
61776873
61778959
61809363
61778978
61779066
61779162
61809446
61779295
61779282
61809600
61779065
61778099
61809626
61810100
61779781
61778909
61778053
61778057
61810135
61810013
61778185
61810198
61778667
61779715
61779852
61780021
61779273
61778150
61778526
61810415
61780401
61779985
61780050
61780226
61780162
61780074
61780025
61780333
61778250
61810798
61778551
61779583
61778656
61779367
61780295
61779679
61780231
61780574
61780406
61780761
61779334
61780559
61779869
61779293
61780651
61779959
61779430
61780466
61780797
61780725
61780939
61779034
61779073
61779606
61780783
61810958
61779143
61779247
61779946
61811289
61779528
61781164
61780926
61781023
61780365
61781173
61779172
61780468
61780186
61781078
61781172
61779685
61779292
61780342
61780165
61781456
61781501
61781389
61781626
61781196
61780388
61780860
61780418
61811847
61781496
61781557
61780069
61812029
61780157
61780042
61780420
61781789
61781230
61782041
61812315
61812485
61780319
61812178
61780000
61812641
61781929
61780538
61782528
61781065
61781073
61782155
61780852
61782171
61781310
61780684
61782248
61781300
61812860
61780925
61782347
61782607
61781254
61781430
61781058
61781275
61781660
61781911
61782849
61783010
61782936
61781734
61781667
61783300
61782941
61783045
61783184
61782033
61813557
61782066
61781721
61781876
61782142
61783257
61783351
61783427
61783349
61782442
61782254
61782782
61782133
61783502
61783606
61783755
61781586
61781834
61782658
61782611
61783819
61783899
61783958
61783333
61814547
61782820
61782619
61782435
61782488
61784064
61782552
61814552
61784374
61783517
61784260
61783147
61783165
61814715
61784487
61784468
61782940
61782928
61784687
61784230
61783350
61784554
61784101
61784882
61784791
61784809
61784971
61784530
61784061
61784121
61785030
61784945
61785070
61782997
61782974
61783774
61784240
61785202
61783640
61783065
61815649
61784895
61785167
61785312
61785003
61785236
61785494
61785461
61784467
61785531
61815676
61784716
61785635
61784015
61816186
61783633
61785318
61785543
61785700
61816051
61784944
61785320
61785643
61785833
61785834
61785849
61785905
61784576
61784478
61785943
61784765
61786459
61786210
61786105
61784892
61785103
61786379
61786169
61786341
61784193
61786555
61785183
61785273
61786464
61784360
61786086
61784918
61784733
61786491
61786732
61786546
61786488
61786825
61817216
61786879
61786180
61817276
Peak: 62171535
Average: 61021518.97879858
