0
213723
484891
787122
872165
1803172
2421414
2764618
3131636
3715638
3999475
4599559
5387526
5529015
5871092
6330267
6815469
7262842
7512608
7906084
8467341
8884522
9159868
9492843
9692699
10111930
10812627
11262118
11841412
12559397
12838995
13150783
13656571
14214668
14729087
15304866
15779578
16117827
16432623
16659154
16788663
16855649
17200146
17478154
17653631
18040857
18193123
18414458
18496310
19240926
19553236
19747048
19822053
19825517
20091252
20262722
20482227
20857813
21265018
21495459
22092380
22568762
23297055
23538194
23930569
24238244
24551722
24670940
24812700
25030044
25246910
25553270
25842680
26262121
26760319
27136929
27742140
28431059
29292846
29953737
30051550
30056470
30059782
30073588
30077356
30105037
30506329
31049261
31528470
31723562
32012749
32199727
32448693
32489247
32553165
32617450
32718234
32825585
33078887
33078448
33535657
34457301
33981910
34478522
34655646
34774208
34820177
34791487
34873636
35181705
35287957
35909998
36009567
36414422
36885162
36956466
37183878
37663159
38006764
38510964
38510902
38510822
38510878
38374349
38825653
39025158
39230902
39293201
43261284
43303330
43606860
43707558
44230032
44267754
44298577
44384331
44415735
44493069
44547510
44584389
44668525
44709565
44774793
44918692
44996409
45192059
45463421
45748110
45938466
46197580
46763701
46937628
46975686
47174732
47281486
47428755
47605296
47701498
47769270
48080392
48212995
48455016
48663876
48891393
49170187
49348131
49485358
49593463
49735906
49868637
50060636
50283371
50362695
50450387
50474795
50489627
50523427
50581181
50628826
50748483
50847172
50913924
50971025
51183689
51399862
51599502
51797644
52072792
52322491
52584727
52847902
53041325
53478902
53864066
54454698
54607678
54697242
54779521
54804282
54825557
54969959
55109451
55140202
55296280
55300466
55304452
55308376
55270393
55681140
56010022
56081682
56208310
56683903
57073199
57103124
57321768
57547508
57630671
59071168
57989240
58119781
58289545
58363638
58444415
58674149
58536870
58595654
58680218
59071323
59796035
59953283
60037875
60109779
60165835
60211324
60397925
60435932
61008004
61938922
60998532
61039570
60832041
60838008
60840348
60842953
60843502
60847744
60848579
60852269
60854547
60856193
60856899
60859326
60859786
60862151
60863801
60864950
60868567
60870090
60870152
60872273
60873224
60874261
60873337
60875946
60877116
60877973
60879060
60879710
60880464
60881026
60882298
60881313
60886274
60887258
60887238
60887687
60888163
60889931
60890400
60889401
60889555
60892186
60891095
60892355
60893348
60892838
60894380
60895246
60898238
60900871
60901148
60901720
60902413
60903126
60903619
60902865
60902831
60905945
60906465
60904921
60906750
60907532
60906889
60908937
60910749
60912429
60912889
60912167
60912777
60914497
60914033
60914753
60914756
60915107
60914892
60916328
60917072
60918462
60917645
60919544
60922702
60923266
60923921
60924446
60924778
60925296
60925691
60926960
60927039
60927675
60926764
60930741
60931356
60932052
60932494
60930773
60930316
60936346
60932998
60933435
60933862
60935081
60935290
60935379
60936398
60938228
60937046
60937462
60938394
60938388
60942289
60939064
60941663
60942157
60945157
60945426
60945856
60945953
60946992
60947149
60947667
60948083
60946394
60948714
60947994
60949044
60950434
60947839
60949447
60951229
60954137
60954532
60953556
60958535
60959031
60955092
60955652
60957007
60956061
60961154
60956386
60959095
60957770
60957246
60959992
60960472
60961299
60962737
60963280
60964963
60964767
60965314
60969220
60964065
60966572
60967111
60967499
60967731
60968134
60968424
60968080
60968589
60969145
60970449
60972027
60977819
60978129
60974924
60974126
60975756
60976295
60976382
60977845
60977160
60977929
60978751
60980165
60979224
60985658
60979851
60983438
60984077
60986292
60990812
60986835
60987229
60986480
60987321
60989161
60988201
60988694
60994976
60989663
60991838
60991341
60990308
60991415
61000841
60995161
60996828
60997656
60996568
60997764
60997331
60999536
60999935
60998921
60999581
61001442
61000005
61007281
61000486
61001280
61003589
61004268
61005785
61006173
61013457
61007325
61014427
61008269
61008300
61009080
61010774
61010250
61010272
61011068
61012179
61013022
61013273
61019704
61014581
61017804
61017994
61017210
61018336
61019114
61025913
61018127
61020685
61020968
61021289
61020625
61027999
61022541
61021327
61022000
61023948
61024201
61026193
61027931
61026445
61034916
61028863
61028571
61027612
61036474
61028101
61030731
61031130
61031314
61031404
61038869
61032721
61033117
61031875
61036096
61043570
61037246
61037542
61038017
61045143
61038695
61046399
61038384
61037943
61040365
61041281
61040024
61040638
61041068
61050320
61043508
61046635
61046841
61046128
61047859
61055664
61047259
61048932
61049230
61048562
61049800
61051945
61058485
61051175
61051495
61051933
61051814
61052541
61063724
61056229
61056492
61056756
61065292
61057985
61056639
61056565
61059079
61059239
61059451
61068125
61058620
61059170
61059881
61069925
61062042
61062311
61065287
61064889
61066053
61075156
61067138
61067365
61067770
61068248
61077560
61067636
61069842
61070184
61069499
61071029
61080382
61070122
61072335
61073934
61074576
61074453
61085415
61076921
61077212
61076842
61087487
61076525
61077418
61079487
61079387
61079057
61089842
61081030
61081084
61080570
61083696
61083703
61086252
61086621
61085679
61087123
61097324
61088171
61088542
61088952
61098850
61099506
61088506
61090255
61089320
61091302
61101424
61094682
61094944
61094023
61105743
61096039
61095413
61095449
61107369
61095420
61098057
61098806
61097658
61099044
61098508
61098766
61100478
61099673
61104030
61114835
61103210
61105149
61105412
61105068
61117189
61106782
61107059
61107425
61106813
61108790
61108999
61120201
61108367
61108760
61121315
61113414
61114098
61113456
61113704
61125924
61115281
61115601
61114947
61114787
61114747
61115989
61117570
61116523
61117437
61130002
61117440
61119553
61119693
61121685
61134762
61123603
61123807
61123287
61123031
61123001
61125645
61126367
61125202
61124977
61126474
61126598
61127234
61128942
61128864
61129302
61144626
61133099
61133900
61133222
61146293
61134724
61134942
61134251
61134115
61148026
61136343
61135730
61135645
61135578
61138119
61137034
61137141
61139864
61140709
61142780
61142890
61142747
61142184
61143676
61144410
61144824
61143269
61145694
61144602
61146218
61159768
61147340
61148032
61146802
61150800
61149362
61150114
61152182
61151354
61152877
61154878
61153655
61153918
61153850
61168257
61153786
61155710
61154954
61156210
61154904
61157251
61156508
61160490
61174648
61174955
61161909
61160927
61176377
61162935
61163535
61177519
61164370
61164803
61162957
61165522
61165618
61165236
61180568
61165304
61169886
61169000
61170427
61170854
61170053
61170125
61169993
61172753
61172958
61173530
61188082
61174321
61174461
61175551
61174300
61176039
61176714
61176970
61178920
61195093
61181016
61180106
61180046
61180058
61182655
61197749
61182964
61182175
61182934
61199529
61184951
61185299
61184471
61184514
61184470
61189470
61188800
61190165
61188857
61191371
61190412
61191921
61190498
61193012
61192038
61192004
61192777
61193809
61194576
61193940
61195382
61195968
61194152
61199296
61199334
61199642
61199408
61200533
61199958
61199859
61199915
61202306
61201605
61201830
61203520
61202510
61202583
61203457
61204968
61204235
61204048
61206846
61209237
61208484
61208543
61208747
61210125
61210430
61228008
61211653
61210779
61228852
61211284
61213120
61212443
61212479
61212625
61214706
61217981
61216083
61218487
61217772
61219381
61219643
61219481
61237122
61220916
61219878
61220078
61220888
61222001
61221675
61223269
61223423
61222789
61241616
61227424
61226702
61228369
61227394
61246312
61229583
61229672
61231170
61229461
61231503
61232205
61249789
61232822
61232137
61231994
61231998
61234426
61233642
61237543
61235983
61238322
61237890
61256993
61239644
61238819
61258346
61239037
61241054
61240298
61240185
61242325
61242631
61243194
61241872
61241406
61243931
61246360
61265776
61247934
61245880
61247763
61250451
61247007
61249643
61248969
61248527
61250802
61250073
61250067
61252149
61252979
61251781
61271681
61256285
61255409
61255819
61275870
61257580
61257083
61256817
61259029
61258105
61258140
61259881
61258684
61260838
61261036
61259126
61281031
61262266
61261994
61264316
61266614
61266678
61285970
61266907
61266310
61287450
61268481
61267478
61269132
61268256
61270226
61270174
61290045
61290266
61269650
61271674
61272219
61270322
61274806
61276048
61276284
61275346
61296669
61277542
61277410
61278107
61277357
61298733
61279613
61278049
61279971
61279170
61278677
61280979
61280563
61284247
61284606
61285187
61284170
61284482
61284765
61286065
61285807
61308091
61287832
61286952
61287062
61290161
61289787
61290846
61290523
61312186
61292049
61293837
61316133
61295876
61294894
61317521
61296970
61295916
61296177
61298187
61298352
61298650
61297490
61299994
61297512
61298214
61299268
61299450
61301451
61303194
61326247
61305263
61304204
61305643
61306421
61305569
61328600
61307619
61306804
61329923
61308842
61307948
61331091
61309905
61309347
61332625
61311033
61313167
61336368
61314972
61314134
61337660
61337443
61316055
61316696
61315898
61339402
61316392
61316791
61340378
61318886
61319511
61317641
61320073
61319238
61345824
61323798
61324306
61324455
61323752
61324695
61325902
61348392
61326468
61325847
61325207
61326826
61349845
61350716
61328154
61328669
61327975
61329609
61332448
61331808
61332761
61332739
61332130
61334469
61333997
61358315
61335758
61335020
61359588
61336853
61336103
61337671
61337860
61361022
61338877
61341418
61340748
61342419
61342875
61341159
61343535
61342779
61367959
61344825
61344130
61345472
61345567
61344831
61370093
61347088
61347190
61347433
61348181
61349838
61375535
61351962
61351175
61376534
61353069
61352322
61353729
61354164
61353486
61353249
61379167
61355410
61355487
61354812
61357540
61357681
61356272
61359269
61361468
61361762
61362480
61362657
61361433
61363573
61363785
61389181
61364790
61363835
61390101
61365798
61365571
61364546
61366645
61367434
61365790
61370732
61370051
61370150
61370550
61397076
61372544
61372344
61372063
61372352
61399371
61374534
61373631
61400194
61375135
61374997
61375031
61401732
61377368
61379612
61380408
61380599
61380791
61381601
61379955
61379969
61381129
61408556
61383342
61382916
61409666
61384405
61383246
61383824
61383992
61386095
61384911
61415229
61389726
61388895
61416480
61390940
61390210
61389482
61390394
61390319
61392524
61392642
61391937
61393516
61393708
61394448
61421082
61394026
61394058
61398286
61397506
61399027
61399241
61399840
61400328
61399466
61427605
61401449
61400683
61400077
61402394
61401440
61403355
61403239
61430630
61403683
61404925
61403267
61408107
61408242
61407293
61409243
61409486
61410169
61409272
61437827
61411393
61411435
61410744
61412300
61412594
61413189
61412392
61441206
61414410
61415926
61416367
61445490
61418416
61418189
61446658
61417052
61419428
61420074
61419187
61448514
61421205
61420439
61449703
61422385
61421773
61421222
61423460
61454343
61426880
61426981
61425728
61428085
61456588
61426330
61429154
61428912
61428000
61430381
61429144
61431096
61430127
61460217
61433574
61433325
61462498
61434564
61437469
61438245
61437342
61436949
61439140
61438970
61437931
61440398
61440540
61441069
61441332
61440327
61442207
61442436
61442970
61443088
61442053
61442812
61447170
61446638
61447673
61448007
61448264
61448661
61478285
61449601
61448971
61448133
61451007
61449380
61451445
61450602
61449987
61452317
61451196
61451574
61454829
61486260
61456940
61456937
61487154
61457992
61458544
61456633
61459037
61459292
61458659
61489647
61459942
61458933
61461263
61460128
61462210
61461341
61495540
61465312
61466033
61496448
61466838
61467067
61467747
61467375
61466405
61468865
61467621
61469738
61469208
61500549
61470554
61469340
61471415
61470501
61472442
61473933
61474428
61504947
61504754
61473176
61473340
61473231
61505231
61474098
61504934
61473374
61505273
61475325
61472938
61474730
61473197
61475032
61474304
61473747
61474740
61473610
61475051
61474895
61473325
61475074
61474390
61473295
61475258
61473609
61473822
61475231
61475076
61475434
61474081
61505751
61475211
61475027
61505511
61474521
61475357
61474639
61473391
61505217
61473807
61473125
61475088
61505814
61473874
61475252
61473784
61473946
61475348
61473931
61473110
61474183
61473593
61475532
61506303
61473219
61474835
61475612
61474337
61506375
61475885
61476012
61474660
61474524
61506613
61474804
61474020
61475935
61474276
61474503
61474676
61506460
61476230
61476491
61475080
61476249
61474644
61476401
61475144
61506845
61477830
61477968
61476688
61477465
61508114
61477810
61477947
61476187
61477814
61508439
61477893
61478082
61476686
61477830
61476348
61476596
61476697
61508634
61478187
61507943
61508346
61476688
61508662
61478143
61477406
61476260
61478282
61476697
61477209
61476374
61478329
61476753
61478547
61477260
61508810
61478407
61476895
61478594
61477385
61508816
61478502
61476911
61478733
61477452
61478581
61508988
61478522
61477266
61477064
61477518
61508910
61478761
61478577
61478962
61478665
61479029
61477670
61509137
61478536
61478678
61479117
61478817
61491925
61491584
61493391
61492906
61494845
61494747
61495237
61495602
61494714
61494694
61494012
61494873
61526564
61494598
61496547
61495209
61495649
61494913
61495713
61494867
61495636
61527480
61497619
61527768
61497151
61495578
61497475
61496269
61497467
61496333
61495426
61496109
61527893
61497777
61528077
61497611
61495912
61497600
61496999
61497965
61496780
61498011
61528190
61497806
61528426
61498070
61497535
61496561
61497560
61498431
61497355
61497394
61497453
61497536
61497565
61496767
61497519
61529247
61498904
61529617
61499244
61498985
61499435
61498503
61499606
61498445
61499365
61499579
61499721
61529792
61498160
61498931
61498052
61498740
61498007
61498738
61498040
61500082
61530527
61500653
61500028
61498851
61500429
61500377
61499277
61500492
61499286
61498591
61499288
61498621
61500547
61531080
61501100
61531327
61498515
61499644
61499648
61498956
61500782
61501119
61531380
61499427
61501379
61499854
61500208
61500052
61501240
61499516
61500964
61500197
61500195
61500312
61501275
61501613
61499852
61501732
61501561
61501728
61503203
61503431
61502116
61503499
61502389
61503795
61503588
61534205
61503771
61534262
61503735
61501512
61501858
61502832
61502789
61504077
61534390
61503870
61503160
61502723
61503154
61503997
61502362
61504184
61503702
61504162
61503852
61504226
61503505
61504208
61503477
61504310
61504079
61534638
61504540
61534429
61504056
61534466
61504110
61502438
61502208
61503159
61504445
61504497
61504526
61502861
61504155
61504187
61503868
61504488
61504612
61535018
61504610
61535031
61505071
61502918
61503140
61503673
61504847
61535345
61504869
61535420
61504985
61535409
61505055
61535612
61505075
61535414
61503051
61505378
61505400
61504887
61505149
61503484
61505342
61505498
61503703
61504020
61505317
61505044
61505351
61503727
61505442
61505094
61505434
61505382
61505567
61505287
61505542
61504007
61505722
61505367
61505848
61505957
61536305
61504949
61504324
61504743
61536174
61504841
61504825
61505049
61506034
61536319
61506119
61536446
61506254
61536691
61506119
61536681
61506197
61504481
61505844
61506481
61506298
61504582
61506338
61536724
61506386
61536667
61506290
61536842
61505881
61536976
61506869
61536660
61505133
61536775
61506501
61536930
61506592
61537247
61506591
61537176
61506675
61537294
61506880
61537264
61504812
61506528
61506827
61505265
61507008
61505305
61507024
61505397
61505714
61505039
61505922
61505529
61506185
61507061
61506167
61507416
61506217
61506181
61506251
61507514
61506418
61505863
61506372
61507854
61506797
61507094
61507984
61507625
61507976
61506311
61507982
61507760
61507967
61506367
61508031
61506421
61508187
61507921
61538463
61507855
61508260
61538638
61506991
61508407
61508514
61508461
61508330
61508562
61508468
61508552
61508326
61508481
61506765
61508494
61508300
61508576
61506373
61508789
61539270
61508887
61507157
61508835
61507221
61509046
61508598
61508911
61508998
61510703
61510519
61510928
61509232
61511033
61509316
61510959
61509252
61510424
61541382
61511195
61510896
61511111
61509460
61511138
61510837
61511174
61541566
61509695
61511407
61541728
61510779
61510176
61511248
61509304
61509329
61509724
61511580
61510706
61511685
61511740
61511803
61509940
61511771
61509932
61511664
61510074
61511701
61542244
61511660
61511489
61512068
61511861
61510217
61511949
61510284
61511965
61510273
61542615
61511087
61510108
61510956
61510268
61511016
61510284
61511077
61542754
61512500
61542763
61511222
61510507
61511355
61511982
61511395
61512678
61512528
61512742
61512761
61512960
61512399
61512702
61511061
61512742
61511077
61512857
61543349
61512768
61512806
61511192
61512805
61511025
61510895
61511743
61511757
61511888
61511485
61512269
61513030
61512258
61513118
61511882
61513083
61512810
61513153
61511437
61513217
61512866
61513254
61511538
61513284
61511643
61512692
61511737
61513302
61511726
61513390
61544049
61512774
61543958
61513074
61513382
61513534
61511944
61513526
61511861
61513470
61513272
61513561
61511920
61513780
61513787
61513857
61513365
61513726
61512061
61544303
61512704
61513923
61512762
61512626
61513923
61511997
61512794
61544399
61513248
61514333
61544471
61513208
61514542
61514386
61544910
61514345
61514319
61514290
61516141
61514469
61544699
61514449
61544884
61513274
61514742
61514607
61513068
61514725
61513139
61514718
61513061
61545001
61515036
61514911
61545430
61515345
61545338
61514876
61512952
61513669
61513424
61512825
61513351
61515158
61545342
61513951
61513660
61513981
61513927
61515170
61513162
61514675
61515391
61515405
61515534
61515216
61515457
61514259
61515436
61514391
61513996
61515495
61545890
61514579
61513665
61514588
61515772
61515030
61514170
61514404
61515682
61546209
61515825
61546287
61514558
61515243
61514755
61514604
61516055
61546436
61515999
61514283
61546455
61514883
61516198
61514478
61516238
61515896
61516251
61514586
61516318
61514752
61515708
61515798
61514416
61515312
61516465
61515355
61516529
61516823
61516641
61518710
61518677
61517012
61518615
61516929
61518624
61516803
61516645
61517599
61518806
61549095
61518748
61549299
61518749
61518682
61519035
61518567
61518982
61517280
61518910
61517269
61518297
61549759
61518906
61516999
61517895
61517052
61518436
61517857
61517604
61517849
61517939
61518588
61519202
61519174
61519332
61519131
61519447
61518358
61519634
61549687
61550016
61519437
61517554
61518453
61518300
61518356
61518340
61518471
61518092
61518538
61518522
61518545
61550076
61520223
61550153
61519815
61550225
61519681
61550273
61519713
61550209
61519788
61550391
61519777
61550252
61519745
61550249
61550201
61518375
61520029
61550399
61520466
61550514
61519996
61518702
61520122
61550700
61520169
61550553
61520209
61550724
61520209
61550513
61520094
61519821
61520510
61520716
61518745
61519434
61520094
61520715
61520845
61520833
61520362
61520771
61520504
61520931
61521086
61518989
61519850
61519594
61519791
61519874
61520005
61519938
61520362
61519594
61520816
61520383
61521284
61519941
61521208
61519474
61521203
61519675
61520563
61551834
61521311
61551915
61521095
61521134
61521148
61551507
61521294
61551782
61521382
61551595
61521179
61551726
61521418
61551686
61551961
61521442
61551930
61521482
61551935
61552024
61521318
61521610
61552172
61521569
61551871
61520637
61521624
61521437
61520416
61521863
61522042
61520329
61520862
61521954
61552347
61522013
61552502
61522132
61520171
61521018
61520741
61520994
61552883
61522187
61552545
61522257
61552771
61520860
61520329
61521219
61520870
61521163
61520978
61521247
61520429
61521291
61521795
61521440
61521428
61521951
61521561
61521463
61521591
61522873
61521261
61522126
61521335
61521950
61522994
61521860
61523076
61522880
61553510
61521941
61521253
61521830
61553909
61522308
61523547
61523725
61523860
61521901
61523670
61521880
61523698
61521982
61523762
61522186
61522983
61523276
61523018
61523789
61523930
61522449
61524065
61522373
61524129
61522413
61524193
61554825
61524337
61554772
61524222
61554799
61524756
61524194
61524297
61522438
61523347
61522711
61522644
61522741
61524402
61554744
61523238
61524621
61523606
61524718
61524346
61555009
61524559
61555107
61524660
61554983
61523399
61523573
61524996
61555536
61525074
61555334
61524918
61523002
61523915
61525119
61524094
61525118
61525096
61555291
61526054
61557741
61526039
61557831
61526185
61527458
61526413
61527549
61526787
61526262
61527754
61526582
61527620
61525886
61527529
61557939
61527505
61557763
61527467
61525890
61527538
61557935
61526514
61527831
61526455
61526658
61526687
61526671
61527320
61528123
61558423
61526538
61528290
61528206
61526445
61528150
61526509
61528214
61526627
61528206
61558706
61528208
61558450
61528205
61558482
61528194
61558693
61528258
61528228
61527897
61528627
61527047
61528615
61559086
61528614
61559083
61528611
61559238
61528938
61559378
61528748
61527727
61528016
61527733
61529188
61529282
61527675
61528724
61529432
61527644
61528959
61527858
61529512
61560039
61528974
61560015
61530037
61559991
61529534
61528812
61528947
61529732
61529924
61529823
61529546
61529788
61559963
61528487
61527731
61528767
61528374
61528718
61527910
61528884
61528625
61528948
61530122
61530222
61530186
61528895
61530079
61529973
61530095
61560802
61530338
61560701
61529184
61529175
61529351
61530405
61560591
61528368
61529291
61529326
61529553
61530559
61530775
61530862
61561016
61530592
61560941
61530649
61530446
61530556
61529037
61530719
61529043
61530748
61529337
61529678
61530999
61529913
61531090
61530844
61529433
61530231
61530955
61529688
61530999
61529348
61531090
61529422
61531014
61561350
61531127
61561390
61561723
61529166
61530198
61529843
61529312
61530095
61530079
61530210
61529793
61530284
61530223
61530368
61530287
61561733
61531766
61562242
61531562
61562168
61529840
61529703
61531959
61531937
61562477
61531721
61530210
61531939
61530335
61531952
61562540
61532065
61562403
61532078
61562643
61532241
61562946
61531209
61532602
61531540
61532608
61530943
61532006
61531278
61531881
61532953
61532635
61533047
61563571
61533180
61531386
61533156
61530958
61532936
61563534
61533522
61563498
61533136
61563461
61541316
61533292
61532487
61564714
61532423
61564694
61564917
61533839
61534657
61534572
61534861
61533299
61535205
61565776
61535553
61565616
61535343
61565781
61535404
61565895
61534460
61533867
61534684
61536070
61535945
61533847
61535234
61536078
61534701
61536053
61534309
61536079
61566662
61536110
61534186
61535006
61535042
61535122
61566435
61534957
61534193
61535328
61536294
61535071
61536327
61534851
61566692
61535086
61534730
61535085
61536433
61534696
61536513
61566820
61536946
61566743
61536447
61535514
61536032
61536557
61536697
61534864
61535766
61536182
61536176
61537117
61537193
61537157
61536751
61536656
61567654
61537635
61567699
61537237
61535290
61536090
61536036
61536511
61537299
61536975
61537159
61567585
61537045
61567522
61537031
61569975
61538356
61538319
61539766
61539991
61537986
61539773
61540391
61538085
61540194
61537978
61540342
61540123
61539829
61540533
61538981
61539058
61540235
61538813
61538341
61540015
61540263
61538399
61539298
61538538
61539287
61539010
61539395
61538968
61539384
61540609
61540763
61540673
61540642
61570961
61571109
61539683
61539443
61540020
61540949
61539116
61540848
61539258
61540365
61571407
61541133
61571108
61539789
61540973
61539301
61540585
61571516
61539545
61539151
61540453
61541265
61539504
61541158
61541117
61541650
61571827
61540302
61541373
61571825
61540459
61541561
61572096
61540374
61541842
61572296
61572158
61540611
61540328
61540747
61541945
61541651
61541862
61542047
61542049
61541769
61542034
61540318
61542074
61572646
61542375
61540638
61542775
61544130
61542393
61541036
61542345
61542404
61542604
61542459
61541169
61542856
61542776
61542688
61542894
61541161
61542688
61573162
61542698
61573170
61541777
61542920
61541038
61541698
61541562
61542880
61573234
61541703
61542952
61543116
61542571
61573475
61541979
61541874
61543206
61541191
61541946
61541591
61542154
61541840
61543168
61573733
61543140
61543336
61573975
61543370
61541987
61542285
61543541
61543763
61543697
61543427
61543632
61542096
61542721
61542636
61543937
61542671
61543912
61574293
61543853
61543269
61543245
61541752
61543590
61544043
61542039
61543518
61543258
61543115
61544286
61542516
61574699
61543631
61544248
61544538
61574889
61543310
61544549
61544390
61544487
61544475
61543700
61544613
61542646
61544344
61544569
61542707
61543513
61543275
61544162
61544899
61544842
61544909
61543076
61544737
61575324
61543710
61543406
61545014
61544892
61575261
61543822
61545136
61575246
61543945
61545146
61575559
61544007
61545280
61575735
61544377
61544142
61545524
61543445
61545680
61545367
61544408
61545414
61545716
61544446
61545530
61545634
61544333
61544394
61545456
61545719
61575956
61544450
61576025
61544586
61545031
61545046
61545436
61545668
61576150
61544894
61545927
61576109
61544699
61546187
61576215
61544989
61546022
61543957
61545248
61545900
61543986
61544405
61545723
61545874
61545814
61576204
61545920
61576221
61545467
61576468
61544813
61544495
61545150
61546267
61546153
61544724
61546168
61546398
61544730
61546346
61576898
61545350
61546712
61544934
61545705
61546606
61546837
61576841
61546513
61547107
61545181
61546472
61544968
61545102
61546699
61544673
61545518
61545142
61545608
61546796
61545045
61546686
61577245
61545501
61546921
61545947
61547087
61545258
61546807
61546185
61546267
61547148
61545390
61547095
61577518
61577608
61546784
61547474
61577450
61545909
61545986
61546237
61545813
61546672
61547580
61547187
61546793
61577883
61546227
61547671
61578064
61546440
61547737
61547443
61546977
61545768
61546480
61546590
61546568
61547817
61547448
61547648
61577912
61546754
61547802
61546669
61546557
61547854
61546161
61547774
61578309
61547781
61578243
61549798
61549187
61550784
61550791
61550896
61548962
61550119
61551392
61550882
61551140
61581680
61551072
61551199
61551374
61581797
61550289
61551607
61551389
61550974
61581836
61550364
61550218
61551908
61551507
61551996
61551861
61582356
61552244
61550002
61582195
61582319
61582479
61551469
61552179
61582498
61551970
61582426
61550990
61552239
61550451
61552118
61582454
61551092
61552317
61582731
61551194
61552324
61582781
61552115
61550243
61551095
61550935
61551091
61552378
61552064
61551246
61552573
61582948
61551331
61552580
61582759
61551884
61551917
61554315
61552795
61583077
61552747
61550687
61551696
61552931
61552562
61552390
61583256
61551534
61551710
61552268
61553214
61583584
61552954
61551133
61551930
61553035
61552113
61553109
61583481
61551784
61553317
61552039
61583649
61552124
61551793
61552161
61553327
61583872
61551887
61551716
61552770
61553467
61551837
61553384
61583683
61552345
61553594
61552402
61553726
61552109
61553717
61553768
61554066
61584486
61553319
61553451
61552885
61552917
61554057
61552106
61553928
61553965
61554102
61552351
61552003
61584583
61553417
61554196
61552884
61552793
61554465
61554108
61584589
61553846
61554453
61554079
61554261
61552503
61552820
61554322
61554256
61554221
61552324
61553295
61554572
61553185
61554440
61585103
61554412
61553234
61553101
61552914
61554621
61554603
61553979
61554804
61552957
61554662
61554909
61554520
61585152
61553709
61555071
61554726
61554974
61585357
61554906
61585330
61553916
61553788
61553840
61555370
61554140
61555297
61553310
61553756
61555380
61585742
61554134
61555383
61555062
61553343
61555133
61555405
61553517
61554402
61555651
61585901
61555714
61554422
61555673
61555457
61555645
61586215
61554522
61555720
61553617
61586289
61555929
61555923
61586448
61554602
61554802
61555397
61556182
61554370
61556202
61554343
61556232
61554522
61554650
61556101
61556384
61554311
61555827
61556627
61556159
61556619
61554767
61555154
61556861
61556603
61587026
61556586
61554642
61555856
61556859
61555180
61556831
61554881
61556285
61557019
61555715
61557035
61557067
61587541
61555959
61557112
61555477
61557463
61555192
61556118
61557193
61587742
61555755
61557196
61587563
61556067
61557244
61587667
61556702
61557409
61556125
61557408
61557529
61555724
61556738
61587669
61556177
61556277
61556947
61557681
61588070
61557502
61556208
61557665
61587834
61557621
61557663
61556142
61557734
61588076
61557495
61557661
61556167
61557924
61588220
61588383
61556931
61558241
61556408
61557967
61556302
61558116
61556306
61557639
61558520
61558350
61557728
61588877
61557468
61558732
61558342
61557562
61589216
61558921
61558640
61557131
61559149
61556880
61558212
61559114
61557298
61558470
61589559
61557935
61559071
61558767
61559030
61557432
61559005
61557198
61558142
61557769
61558615
61559335
61589830
61559174
61557391
61558239
61559423
61558710
61559293
61559478
61557731
61558058
61559626
61589878
61558518
61559479
61589967
61559690
61559729
61589777
61558392
61559641
61558552
61559729
61557738
61558685
61560260
61558012
61559672
61559743
61559754
61559083
61560116
61559271
61560055
61559098
61560459
61560358
61559094
61560189
61560370
61558587
61559889
61560547
61591007
61559288
61559410
61559414
61560683
61559001
61560627
61591068
61559600
61560424
61562918
61564205
61563417
61562445
61564233
61562742
61563998
61564260
61564418
61562609
61564247
61564418
61562671
61564295
61562807
61562759
61563049
61564370
61594717
61563363
61564486
61594661
61563093
61564582
61594712
61563357
61563881
61563749
61564496
61564493
61594861
61563432
61564681
61595059
61563968
61564787
61563029
61564844
61564638
61564800
61563747
61565190
61564310
61564670
61564736
61564743
61563648
61565041
61562872
61565155
61565051
61563568
61563360
61564987
61563595
61564971
61565086
61565241
61563432
61565107
61565316
61595560
61595603
61564000
61565327
61565343
61563956
61565212
61563200
61563503
61563963
61565483
61565443
61563950
61563958
61565217
61565329
61565439
61596009
61564217
61564036
61565358
61565446
61564081
61565238
61565634
61564530
61565023
61595990
61564773
61565957
61565684
61565331
61596220
61564871
61564866
61564902
61566127
61596550
61566171
61564176
61565065
61566338
61566277
61596473
61596679
61596710
61565332
61566581
61566609
61566549
61597050
61565317
61566686
61566718
61565581
61566920
61566784
61566476
61566892
61597172
61565516
61566899
61566489
61566846
61597269
61565536
61565362
61567069
61566961
61597258
61566451
61566158
61566916
61565047
61567180
61567069
61597543
61565885
61565904
61567236
61567340
61597722
61566101
61567203
61565274
61567461
61567206
61566134
61597568
61597913
61597958
61566358
61567658
61567334
61567496
61598003
61566510
61566587
61567958
61566462
61566614
61566547
61567895
61567550
61567788
61598286
61566587
61567983
61566377
61567887
61566657
61568049
61567917
61598220
61567753
61565905
61567534
61569293
61599728
61569636
61600236
61568468
61567965
61568888
61570297
61568017
61570307
61568464
61570230
61600523
61570359
61570565
61570134
61570427
61600938
61570424
61568576
61569376
61569123
61569491
61570641
61570440
61569977
61600958
61570520
61600872
61569352
61570786
61569543
61569527
61570020
61570856
61569109
61570600
61570381
61570981
61601462
61570940
61601452
61569816
61571100
61569246
61570421
61571431
61569539
61571388
61601698
61571223
61601656
61571486
61601806
61570347
61571520
61571664
61571611
61571215
61571442
61602009
61571529
61601897
61571481
61601932
61571297
61570878
61571906
61602002
61570469
61571886
61570625
61571932
61602352
61571864
61570029
61570733
61572098
61572030
61571871
61602278
61570814
61571991
61570230
61571490
61602377
61570590
61570896
61570952
61572303
61571952
61572148
61571035
61571136
61572460
61572283
61572480
61571789
61571357
61572732
61602981
61572469
61570546
61603053
61571306
61572777
61572939
61572742
61603428
61572744
61603080
61571625
61571297
61571953
61573082
61571804
61570959
61572851
61572933
61603355
61571768
61573212
61571427
61573208
61603459
61573043
61603619
61573080
61603617
61573274
61571364
61573334
61603824
61573347
61571386
61572234
61573483
61573661
61573543
61573427
61573949
61603821
61572242
61572448
61572630
61573675
61573326
61573550
61573712
61573761
61604133
61572502
61572562
61573157
61573843
61604389
61574250
61572266
61573866
61572021
61574109
61574043
61574126
61573771
61574125
61573005
61572701
61572898
61574342
61572554
61574437
61574261
61574436
61572815
61573861
61604963
61574527
61604860
61573490
61573542
61573392
61574737
61574892
61573299
61575029
61605464
61574875
61572979
61573704
61573526
61573870
61573583
61574946
61573322
61574650
61575090
61605207
61573831
61575179
61573778
61575219
61605592
61605537
61575103
61575228
61605550
61573647
61605656
61573981
61575304
61575468
61605701
61574230
61574015
61574476
61574042
61574355
61575587
61573902
61575771
61605819
61574621
61575693
61575906
61575866
61606024
61574644
61573874
61574726
61574470
61575125
61576077
61606476
61576042
61610020
61579579
61610240
61579820
61610108
61578708
61578692
61610243
61578252
61578799
61579917
61578341
61580009
61579003
61580292
61610680
61580128
61610545
61580312
61578221
61580593
61580308
61578711
61580472
61578405
61579417
61580639
61580618
61579844
61580351
61580540
61610988
61579490
61580711
61579638
61580668
61578829
61580448
61579108
61580626
61578689
61579602
61580813
61580417
61580808
61580850
61611145
61578977
61581137
61580866
61579262
61580864
61611272
61579712
61580878
61580509
61580873
61611332
61580768
61611253
61579613
61579354
61579770
61581118
61611576
61580898
61611507
61581168
61579914
61581299
61581377
61579719
61581270
61611783
61580189
61579510
61580297
61581556
61581337
61581418
61611894
61580430
61580414
61580541
61581735
61580365
61581629
61581239
61581501
61579825
61611684
61581247
61581657
61579717
61580524
61581800
61580677
61581953
61582200
61582281
61581976
61582371
61582002
61582237
61580685
61612547
61582049
61582206
61582281
61580279
61581339
61582376
61582291
61582477
61580326
61612910
61582169
61582393
61612825
61581335
61581151
61581679
61582723
61613201
61582633
61612781
61581497
61581711
61581958
61582597
61581348
61613375
61581607
61581711
61582190
61583022
61582718
61583107
61613403
61581693
61581482
61582168
61583099
61581451
61613554
61582245
61583224
61582927
61583243
61581612
61583262
61613928
61583278
61613776
61582032
61582656
61582237
61582221
61582717
61613923
61582166
61583628
61582665
61583695
61581865
61582911
61581542
61614070
61583701
61582550
61583638
61614026
61582386
61583662
61583789
61583627
61583333
61582962
61583703
61582233
61583740
61581868
61583098
61583955
61582314
61582784
61584297
61583978
61581959
61582858
61582735
61584075
61584297
61582560
61583582
61614525
61614450
61583090
61584253
61614837
61584277
61614530
61584310
61583586
61583204
61584357
61582589
61584431
61614788
61584311
61614772
61583260
61584656
61584687
61584645
61615090
61583303
61582684
61583460
61584832
61584402
61584817
61615109
61584626
61615181
61615274
61615440
61584267
61584899
61584404
61584315
61585076
61583438
61585548
61615275
61583819
61585167
61585318
61585252
61583422
61585229
61615643
61585073
61584000
61584595
61585353
61585155
61584743
61615571
61584123
61585372
61585411
61584024
61584343
61585575
61583835
61583925
61584440
61585758
61585861
61585873
61584589
61585937
61584241
61585905
61616520
61585861
61587664
61584034
61584529
61586064
61584158
61584958
61586238
61585889
61586103
61616593
61586213
61585639
61585438
61586570
61586445
61585196
61585692
61586689
61616668
61586140
61586450
61584455
61585440
61586662
61585520
61586507
61617098
61587052
61617118
61585377
61585324
61586985
61586823
61585137
61586651
61617198
61586894
61617127
61585568
61587108
61586997
61587046
61586687
61586860
61617316
61586997
61617546
61585805
61587150
61586129
61587402
61587003
61586612
61617705
61587279
61585434
61586333
61587668
61586493
61617959
61586465
61587793
61587469
61587560
61586045
61587735
61618143
61618084
61587586
61587883
61585816
61586791
61588143
61586455
61586936
61588153
61586366
61587980
61586653
61588254
61618623
61586974
61588449
61588022
61587894
61588432
61588520
61587210
61587547
61588810
61588486
61588847
61588475
61587294
61619316
61587505
61588888
61588516
61618924
61619155
61587453
61589096
61588713
61588882
61587546
61588963
61587020
61587956
61589028
61587332
61589452
61587063
61588048
61589215
61589117
61589197
61588841
61589335
61619566
61588079
61589314
61589024
61589211
61619810
61587951
61587226
61588159
61588208
61619437
61620007
61589372
61619751
61588262
61588379
61588214
61619954
61588418
61588580
61589664
61620105
61589513
61619913
61588639
61620133
61589096
61589734
61588243
61590075
61620138
61588870
61590051
61589586
61589947
61620546
61588650
61588682
61588885
61590151
61620510
61590226
61620419
61588942
61590012
61590809
61588192
61589163
61590265
61589203
61590541
61589854
61590543
61621017
61589438
61621076
61620698
61620937
61589546
61590757
61590812
61621059
61589119
61590743
61621184
61589742
61589123
61590336
61591193
61590796
61591031
61589390
61591085
61621503
61591078
61589103
61589999
61591282
61589483
61594107
61595459
61625605
61594210
61595469
61595487
61594083
61595759
61595672
61594031
61596127
61594308
61625964
61594135
61594644
61595764
61595829
61595837
61626121
61594591
61594695
61595916
61595925
61595910
61596020
61626144
61594795
61595996
61595661
61595735
61595613
61596121
61595387
61594974
61596199
61595926
61594532
61594252
61595012
61596179
61626612
61595005
61595359
61596294
61595227
61596445
61596525
61626938
61596374
61626608
61595177
61595292
61596064
61596747
61595010
61596480
61626904
61595480
61596152
61596559
61597151
61596681
61596042
61596981
61597337
61596930
61627358
61595790
61595969
61597282
61597062
61627430
61597042
61595122
61597381
61595957
61597350
61597192
61597221
61627757
61597269
61595264
61596355
61597446
61595593
61597195
61627663
61597270
61595303
61596612
61597557
61595700
61596861
61627827
61597528
61596757
61597906
61597829
61597844
61597443
61597732
61628365
61596394
61595805
61596840
61597796
61595766
61627781
61597454
61597715
61628082
61597664
61595816
61596725
61597937
61596741
61597829
61596225
61597822
61598007
61628350
61628175
61628123
61596740
61598136
61597740
61598056
61628260
61597991
61596057
61596892
61598213
61598343
61598205
61596519
61598057
61628628
61598228
61628542
61597070
61598487
61598709
61598643
61598199
61598477
61596514
61597397
61596914
61598855
61598768
61598351
61628888
61598470
61598817
61629374
61597798
61599047
61599095
61599015
61597278
61598929
61596910
61597905
61599151
61598161
61599194
61598825
61599090
61629617
61598990
61629254
61597902
61599130
61598731
61599126
61599062
61598325
61596977
61597149
61597208
61597042
61598010
61599478
61629880
61599744
61629561
61598272
61598257
61598100
61599715
61599846
61599697
61630184
61599040
61629940
61598653
61599980
61598093
61599924
61598476
61600044
61597916
61599303
61600136
61598378
61599376
61630650
61600005
61630458
61600144
61598258
61599069
61600369
61599136
61600512
61598614
61600262
61630825
61599094
61599030
61599604
61600616
61598766
61600601
61630887
61599178
61600662
61600329
61600471
61599840
61599427
61600625
61598898
61600696
61598567
61599494
61600702
61631135
61598990
61600642
61602346
61600644
61599345
61600908
61600684
61630846
61599312
61599114
61599961
61600697
61598987
61600682
61630788
61599442
61600661
61600529
61600680
61599885
61600652
61598678
61599790
61600898
61600634
61600135
61631414
61600846
61631102
61599582
61599470
61599982
61601090
61599281
61600806
61599777
61601119
61600798
61600359
61598956
61599941
61601156
61601225
61601210
61631722
61601140
61631686
61599843
61600397
61600114
61601331
61631874
61600013
61600251
61600304
61601724
61601070
61601411
61599410
61601502
61601202
61601443
61631791
61600049
61601364
61601172
61601452
61631582
61600158
61600238
61600945
61601471
61631862
61601481
61600873
61600642
61601717
61631932
61600523
61601662
61601280
61601801
61631895
61600437
61601027
61601017
61601853
61601631
61601325
61632355
61601793
61632374
61601899
61599917
61600837
61600619
61601110
61602174
61601795
61602156
61632781
61600941
61601056
61602410
61602461
61602092
61632988
61601391
61602541
61602597
61602732
61600668
61602015
61602735
61602294
61602607
61602636
61602900
61633013
61601216
61601573
61601745
61602368
61602941
61603015
61603108
61601477
61603309
61633310
61602056
61603237
61601445
61603263
61633453
61633253
61633461
61602791
61603173
61601253
61602173
61603234
61602913
61603671
61633663
61601692
61602580
61602686
61603420
61603523
61603610
61633725
61603377
61633902
61603390
61603834
61602489
61603663
61603533
61603126
61634215
61602447
61602496
61604023
61634222
61602825
61604012
61602227
61603867
61634285
61602800
61602839
61602912
61604014
61602301
61604163
61603392
61603000
61603952
61604161
61634480
61602870
61602947
61603939
61604132
61634456
61604088
61602974
61604065
61604258
61634558
61602889
61604279
61604310
61604370
61604049
61604366
61634878
61603062
61602974
61603441
61604142
61603577
61604514
61602911
61604691
61635306
61604711
61602850
61603815
61604920
61603183
61604752
61635347
61603766
61603774
61604417
61605168
61603383
61605150
61635493
61604048
61605099
61604010
61605286
61635700
61605060
61635463
61604039
61603756
61603837
61635759
61604335
61605642
61603378
61635875
61604141
61605593
61605457
61635834
61604255
61604174
61604599
61605616
61636258
61605572
61636044
61604404
61605148
61604866
61605984
61605616
61606436
61606013
61606178
61636617
61604871
61604169
61605174
61606560
61605098
61606464
61606215
61606497
61636751
61605258
61606504
61606330
61606475
61636657
61605288
61606486
61606164
61606488
61636927
61605301
61606748
61606465
61606604
61637075
61606662
61604773
61605710
61611566
61611326
61611590
61611808
61611783
61642185
61611712
61610027
61611023
61612018
61610230
61611907
61642381
61611938
61612037
61642315
61610949
61612109
61611826
61612029
61642560
61612118
61610211
61610817
61642623
61611199
61612575
61612227
61612474
61610843
61612546
61611519
61644428
61613060
61614504
61614818
61614648
61645158
61613573
61612944
61613928
61615017
61613168
61614911
61645392
61614937
61614883
61615190
61645421
61614476
61615230
61615283
61613559
61615210
61615074
61615209
61645549
61614241
61615603
61615234
61615701
61645997
61645827
61613990
61615657
61613632
61614477
61615900
61614043
61615608
61645973
61645930
61645996
61615462
61615680
61614563
61615507
61615877
61646276
61614646
61615892
61615571
61616048
61646364
61614871
61616034
61615356
61615332
61616246
61614407
61616287
61646709
61614935
61616448
61616106
61616231
61616109
61615400
61616611
61616215
61616480
61647040
61615207
61614639
61615607
61616736
61616343
61615766
61614610
61615554
61614719
61616807
61616484
61614719
61616202
61617008
61614720
61617052
61647262
61615614
61615766
61615891
61616948
61615393
61617276
61615175
61616218
61617635
61616108
61617456
61617302
61617526
61647863
61615818
61617504
61647967
61617578
61616826
61616584
61616986
61617626
61618021
61648253
61616711
61618035
61617584
61617911
61648336
61616685
61617955
61648327
61616778
61618000
61616266
61617880
61615912
61617337
61618057
61616194
61617845
61648475
61617984
61648336
61617011
61618185
61618264
61618300
61648678
61616582
61617575
61616646
61618337
61648560
61617348
61618549
61618697
61618493
61648940
61617292
61618706
61618337
61618626
61649196
61649206
61649087
61617773
61618909
61649164
61617660
61618843
61649153
61617681
61617767
61619061
61617399
61619204
61649521
61618002
61619317
61618927
61619237
61618127
61619316
61618041
61649533
61619729
61617982
61619715
61649917
61618510
61619772
61617950
61619598
61617763
61618913
61619809
61618089
61619668
61618051
61619653
61619166
61620000
61619759
61650131
61618606
61619924
61619702
61618068
61619092
61619733
61650324
61620244
61619084
61618794
61619763
61650117
61650227
61617744
61620061
61619895
61650379
61618571
61618675
61618714
61619895
61650386
61618574
61620005
61619306
61619006
61620207
61620252
61650503
61620068
61618073
61619233
61620317
61650785
61620180
61650591
61619043
61620497
61619831
61620623
61618824
61620618
61620527
61619205
61620033
61620469
61620871
61651177
61619708
61619816
61620087
61621268
61651791
61621247
61619310
61620196
61621370
61619588
61621225
61620481
61621397
61621235
61651863
61621283
61651803
61651683
61621645
61620176
61621655
61621361
61622014
61620465
61620967
61621763
61621672
61621689
61652122
61620327
61620490
61620645
61621785
61620113
61621725
61619789
61620685
61621969
61620211
61620734
61622016
61652079
61620565
61622064
61621698
61621884
61652097
61620426
61619912
61621173
61622020
61621699
61622074
61652507
61620835
61652398
61621012
61622275
61622026
61621959
61652363
61620707
61620773
61621038
61622166
61621034
61622529
61620600
61622363
61621198
61622403
61652701
61622467
61622670
61653052
61620996
61622620
61653133
61621548
61622856
61623055
61622937
61653333
61621661
61653374
61622692
61623040
61622384
61622283
61623193
61653819
61621909
61621938
61622326
61622177
61622560
61623427
61654076
61623536
61622787
61623390
61623458
61653823
61622416
61623672
61621928
61623784
61654066
61621809
61622111
61623762
61621791
61622786
61623987
61623968
61654439
61623971
61654404
61622858
61624323
61622541
61624645
61623311
61623553
61624185
61623806
61624116
61654552
61622784
61622882
61623026
61624176
61622565
61624157
61622146
61623255
61624363
61654519
61624055
61623522
61624373
61624091
61654575
61622791
61624136
61623246
61622102
61624382
61624223
61654898
61623148
61624664
61623212
61624410
61654884
61624482
61624596
61624808
61655030
61623471
61625021
61624741
61624770
61655137
61624509
61655273
61624002
61625245
61624855
61625144
61655556
61623700
61625230
61625166
61624525
61623835
61623480
61625209
61655517
61624141
61625417
61625083
61624125
61623673
61625372
61623497
61624764
61625717
61623761
61655901
61625775
61625770
61623543
61624562
61625709
61656201
61625578
61624929
61624694
61625574
61656048
61625550
61656002
61624518
61625809
61623965
61625667
61624386
61655910
61624018
61625589
61625026
61624495
61625519
61623983
61623638
61656106
61624559
61656148
61624928
61626009
61656400
61624859
61626255
61626041
61626193
61656608
61626271
61624280
61625436
61626449
61624705
61626485
61626610
61656758
61625190
61626754
61624948
61626831
61656996
61625497
61626866
61626476
61625672
61626721
61626728
61626033
61626558
61626210
61626731
61626798
61657185
61625785
61626996
61625379
61625666
61625385
61625743
61625696
61627122
61627076
61657640
61627148
61625778
61626448
61627370
61625520
61627815
61628940
61627621
61657880
61627377
61625712
61627490
61626209
61626216
61627657
61627480
61627625
61658107
61626328
61627735
61627551
61627235
61629480
61626601
61626596
61627002
61628155
61627955
61628168
61626465
61627100
61628140
61627020
61628127
61626913
61627119
61628423
61626220
61627529
61628427
61658970
61628300
61626342
61627804
61628463
61658964
61628367
61626533
61627559
61628770
61633623
61633711
61664394
61632866
61634143
61632314
61634002
61632239
61634102
61634001
61664416
61632816
61633970
61633080
61634391
61664638
61632978
61634566
61634262
61634364
61664897
61633153
61634705
61633311
61634533
61665185
61634550
61633969
61633202
61634631
61665194
61633328
61664823
61633803
61634614
61665141
61634549
61633989
61633826
61635081
61634861
61634961
61635239
61665360
61633699
61633776
61634811
61635124
61665440
61634006
61635194
61633559
61635391
61633185
61634173
61635477
61633644
61635424
61665731
61665868
61634276
61635645
61635724
61635493
61666170
61634295
61634684
61634500
61635773
61666054
61635526
61665974
61634334
61635922
61635857
61635866
61634293
61635807
61666452
61634606
61635903
61635760
61635752
61634158
61635731
61634363
61635601
61636497
61635085
61666229
61666379
61634612
61635936
61634281
61635973
61633969
61634352
61666773
61634981
61636137
61634256
61635991
61636734
61634228
61636340
61636328
61635000
61636495
61666723
61636371
61635709
61636109
61636360
61666837
61635122
61636641
61636269
61636633
61667005
61635552
61635321
61636056
61636865
61667141
61635715
61636985
61667496
61636653
61667080
61635653
61636902
61635141
61637336
61667055
61635607
61637308
61636795
61636925
61635056
61635928
61637126
61635389
61637029
61667551
61635869
61637382
61637088
61637356
61667592
61667573
61637162
61637496
61635699
61636189
61667944
61636885
61637676
61637684
61637860
61637703
61639480
61637878
61636699
61637356
61638093
61668436
61638157
61637054
61638210
61637597
61637181
61638283
61668869
61637609
61668790
61637277
61638649
61638680
61637937
61637518
61638620
61669288
61637759
61637768
61638749
61638840
61669273
61638829
61637832
61639264
61639205
61637129
61638420
61639205
61669722
61637901
61637861
61638153
61638801
61669574
61638328
61639474
61637751
61639487
61637489
61638498
61639504
61669950
61638799
61639815
61639543
61637528
61638362
61669824
61637965
61639459
61637913
61637849
61637959
61639481
61637681
61638481
61639781
61638006
61639630
61637659
61639196
61639828
61670209
61638579
61639866
61639562
61639861
61670163
61638691
61639991
61637844
61670571
61638390
61640571
61638200
61639512
61640047
61639268
61640272
61638298
61639410
61640392
61670733
61639085
61640502
61639975
61640363
61670786
61639063
61640582
61639322
61640762
61640555
61670959
61639611
61640720
61639123
61641243
61638714
61640882
61640938
61671366
61639593
61640935
61639150
61640876
61638977
61640215
61640927
61671479
61639743
61640393
61640532
61639276
61639623
61641619
61639163
61640571
61641335
61671923
61641420
61639227
61671508
61641396
61639659
61641396
61640028
61641660
61641528
61672140
61641586
61640999
61641513
61641805
61671979
61640443
61641791
61640081
61641678
61639772
61640678
61641900
61639783
61639931
61641873
61642103
61672432
61641286
61642148
61672587
61641049
61642415
61642183
61642311
61672795
61641038
61641235
61642746
61642516
61672990
61640605
61673090
61642498
61640664
61642014
61642938
61673278
61641590
61643089
61641744
61642849
61642905
61673408
61641827
61643163
61642986
61642470
61642122
61643327
61673873
61642201
61643540
61641806
61643369
61641487
61642802
61643635
61641864
61643788
61643766
61674272
61642653
61643800
61674108
61642975
61643851
61674274
61642859
61644149
61642276
61674485
61643422
61643392
61642657
61644035
61674452
61642329
61674802
61643311
61644458
61675063
61643177
61644591
61644423
61644784
61644331
61644635
61642787
61643905
61644836
61675109
61643576
61645007
61644625
61644044
61675113
61643665
61644437
61644432
61645180
61645270
61675554
61644350
61645390
61675552
61643959
61645411
61645004
61645324
61643257
61644150
61645242
61645459
61645576
61675842
61644519
61645789
61643620
61644015
61644356
61644594
61643753
61676444
61644829
61646329
61645386
61645097
61646318
61676599
61646233
61644238
61645260
61646509
61644943
61646453
61645320
61645431
61646495
61677020
61645482
61646628
61644959
61646599
61646530
61646643
61677138
61645586
61646886
61646661
61646892
61677609
61646950
61646288
61647214
61646980
61677427
61646287
61646007
61677525
61645043
61647264
61646029
61647278
61645555
61647179
61645252
61646789
61647462
61677716
61646138
61647483
61647444
61647677
61647274
61647666
61645664
61646506
61647782
61678034
61646478
61646377
61646748
61678179
61646975
61647855
61678610
61647910
61646011
61647439
61648193
61678677
61648182
61648282
61678513
61646985
61678433
61647145
61648465
61646531
61648366
61646759
61648671
61646463
61648647
61648611
61646898
61648476
61646540
61647900
61648634
61678961
61647145
61646731
61648769
61647340
61647616
61648885
61679347
61679371
61647672
61648959
61648785
61649002
61679398
61649057
61679404
61649302
61679576
61679674
61679661
61679906
61648477
61649726
61647965
61649896
61651512
61649875
61680218
61648938
61650214
61680322
61648602
61650190
61649797
61649796
61648023
61649213
61650117
61680591
61649313
61680477
61648898
61650270
61680493
61648948
61650345
61650110
61648123
61649142
61650329
61680795
61681781
61652322
61651572
61682867
61651170
61652809
61650904
61652732
61651655
61651807
61653008
61651173
61652872
61651675
61652838
61653117
61653272
61683740
61652026
61653245
61651549
61653570
61651994
61653379
61653217
61683712
61652091
61653447
61651676
61653211
61651332
61652276
61653525
61651828
61653568
61653449
61654082
61653018
61652687
61653851
61652711
61654011
61684574
61653980
61651961
61652956
61654130
61652825
61654125
61653769
61654002
61652001
61653256
61654299
61684469
61652965
61654406
61654040
61654377
61684658
61653512
61652396
61653855
61654640
61654405
61655050
61653180
61654722
61654536
61684959
61653509
61654655
61685099
61653180
61654445
61654784
61652687
61685231
61653868
61654815
61685031
61653731
61655069
61653097
61655003
61685192
61653980
61655178
61654922
61655249
61685723
61654168
61655517
61685767
61655122
61655333
61654568
61654784
61655528
61653780
61655343
61654239
61685399
61659243
61691709
61660383
61661334
61691818
61660136
61661505
61661235
61661408
61691981
61660480
61661777
61660078
61661572
61660204
61661388
61661428
61659536
61661857
61661735
61691933
61660579
61661982
61660235
61662029
61692135
61660835
61662074
61661804
61661529
61692448
61661146
61662277
61662071
61662201
61661910
61662107
61660119
61661971
61661037
61662355
61661942
61662049
61692636
61660765
61662284
61662559
61662260
61660297
61661494
61662510
61660787
61662475
61692894
61661654
61662612
61693207
61661345
61662735
61660909
61662635
61660589
61661959
61662744
61662350
61662059
61661722
61661855
61660515
61661053
61663122
61693013
61661698
61662882
61661289
61662796
61660951
61662007
61663069
61693444
61661823
61663144
61693543
61663123
61661142
61662211
61663030
61693671
61661935
61663263
61661238
61693228
61663506
61663391
61661630
61663278
61661985
61663218
61663383
61661409
61662820
61662938
61694025
61663465
61662901
61663633
61663618
61661953
61663610
61693937
61662553
61663778
61663628
61663746
61694206
61662483
61663828
61694341
61663824
61661802
61663288
61663926
61694218
61662845
61664132
61694493
61664100
61662208
61664052
61664822
61662470
61663489
61664423
61694939
61663212
61664314
61663788
61664542
61694871
61663437
61664806
61664687
61664873
61695341
61663864
61665223
61664820
61665076
61664160
61664018
61665318
61665323
61663586
61665349
61663402
61664263
61665195
61695853
61665490
61665521
61695998
61665377
61664198
61665613
61665618
61695935
61664092
61665608
61665384
61665854
61696257
61664433
61665795
61665375
61665220
61695954
61664871
61665805
61664157
61665743
61664018
61664781
61666030
61696460
61666016
61696300
61666263
61666272
61666181
61664306
61666319
61666263
61696631
61665065
61666300
61666003
61666235
61665540
61666057
61665537
61696496
61696604
61666423
61664761
61666423
61696902
61666641
61666826
61697030
61665406
61696968
61665953
61667106
61665260
61666833
61664961
61665963
61667206
61667166
61697303
61666002
61667279
61697722
61666233
61665664
61697885
61667555
61666752
61666156
61666343
61667629
61665580
61666975
61667920
61698113
61666552
61667825
61698062
61666233
61667780
61667414
61667618
61665674
61666721
61667947
61667578
61667966
61698279
61666802
61668065
61666365
61667863
61666083
61668301
61667459
61667033
61667024
61668479
61668117
61668284
61666518
61667311
61668405
61698782
61667225
61668518
61666870
61668529
61666558
61667543
61668817
61666946
61669273
61668185
61667768
61668991
61668057
61669578
61667807
61699492
61668077
61669313
61669549
61669421
61699836
61668450
61669652
61669684
61669339
61669563
61667826
61668660
61669728
61699999
61668589
61669886
61669541
61670083
61700180
61668693
61667742
61700299
61668803
61670106
61670059
61670126
61700806
61670095
61700471
61668951
61670302
61670186
61670420
61668145
61669607
61670345
61669792
61668516
61668962
61668854
61670096
61670787
61668312
61670376
61670292
61669599
61669707
61700800
61669224
61670620
61701094
61700872
61670623
61670498
61668651
61670859
61670025
61670787
61668796
61670457
61670674
61700889
61669747
61670903
61701348
61669558
61670924
61670737
61670957
61701442
61669866
61671163
61670712
61670961
61701373
61669883
61671169
61669459
61671032
61669150
61670513
61671260
61701779
61671144
61669875
61670205
61671400
61701751
61670229
61671598
61669786
61671768
61701834
61670400
61671892
61671937
61671850
61702414
61671942
61670787
61671887
61671911
61670887
61671732
61671964
61670888
61672345
61672199
61702619
61671183
61670800
61672146
61671149
61672655
61670918
61672607
61672598
61672834
61672650
61672806
61670764
61671941
61672923
61703356
61672772
61672933
61672636
61672925
61703307
61671590
61673004
61672778
61672972
61671060
61673070
61673061
61671427
61673214
61703528
61673179
61673300
61703678
61673200
61672544
61673574
61673517
61703787
61672043
61673501
61672466
61673612
61704080
61672141
61673729
61673179
61673934
61671614
61672397
61673724
61704064
61673615
61672514
61673578
61674066
61671911
61673146
61674155
61704431
61672944
61674244
61672470
61674757
61672410
61674539
61704827
61704662
61673526
61674447
61674564
61672871
61674795
61673808
61674632
61674552
61704856
61673661
61674593
61704920
61674777
61705218
61673517
61674859
61705018
61673592
61674835
61673053
61674800
61705244
61673637
61674811
61705290
61673579
61675010
61673375
61674886
61674959
61675227
61673271
61674881
61673953
61673993
61675024
61673452
61675236
61675370
61675428
61675468
61673217
61674520
61675382
61705730
61674240
61675465
61673817
61675508
61673563
61674472
61675652
61705954
61674529
61675841
61675475
61675953
61675992
61673799
61706295
61674703
61706213
61674160
61675533
61675788
61675021
61675923
61673837
61675296
61675910
61706195
61674894
61676290
61674382
61675831
61674659
61675805
61676076
61674096
61675307
61676193
61674103
61675463
61676234
61706580
61676183
61674424
61675588
61676531
61707052
61675170
61676659
61674976
61674953
61676275
61676545
61675544
61676919
61676695
61674649
61675555
61676762
61707055
61676584
61676715
61707234
61675373
61676859
61676493
61676864
61677150
61676106
61677054
61707367
61675866
61677105
61678814
61677107
61674990
61707572
61677159
61677485
61676966
61677456
61707975
61676167
61677714
61707819
61676666
61677608
61707863
61676483
61677663
61676485
61676897
61677769
61708267
61676742
61677899
61676186
61677913
61675955
61676844
61678182
61708361
61676769
61678257
61676363
61678045
61676817
61678026
61678246
61708719
61677294
61678475
61678178
61678412
61677306
61678473
61678666
61708969
61677605
61678714
61708963
61677297
61677515
61679260
61678946
61709105
61677670
61678943
61709438
61677598
61679066
61678676
61678989
61709295
61709359
61677769
61679056
61709513
61678943
61678287
61678148
61679257
61709625
61679157
61677145
61678703
61679447
61677776
61679434
61678723
61709478
61709713
61677789
61679498
61678979
61678741
61679603
61709901
61678637
61680027
61679514
61679807
61677813
61679221
61680129
61710535
61678671
61680091
61680011
61680193
61710694
61680286
61710814
61679238
61680583
61680481
61680599
61710915
61679477
61680815
61680454
61680680
61678740
61711127
61679833
61680265
61678995
61680008
61681167
61711568
61679771
61679740
61681391
61681664
61681374
61681272
61679607
61681367
61679492
61680780
61681586
61679852
61681516
61679478
61681747
61681612
61711880
61680456
61681807
61679974
61681614
61681805
61712303
61680329
61680314
61680562
61681896
61712236
61712228
61679902
61682174
61681967
61712235
61680824
61682070
61680987
61682008
61682097
61712379
61680841
61680644
61681893
61682104
61680143
61681074
61682350
61712759
61680970
61680289
61681199
61682317
61719166
61687790
61689090
61687531
61689142
61687061
61689211
61688710
61687491
61687947
61687918
61719794
61719723
61688236
61689670
61688153
61688322
61689804
61688101
61689698
61688553
61689900
61689896
61720397
61688845
61690129
61689921
61690159
61720389
61689084
61690193
61689788
61690029
61690324
61720836
61690494
61688507
61690732
61690562
61720931
61689409
61689208
61690697
61688922
61690597
61689466
61690451
61690632
61688787
61689680
61691042
61689233
61690755
61690485
61721335
61690965
61690830
61721486
61689469
61690899
61690503
61690706
61690153
61690926
61690855
61688841
61689874
61691082
61690672
61691173
61690344
61721673
61688928
61691112
61690396
61721249
61691296
61691192
61689167
61690367
61691305
61721623
61689909
61690364
61689435
61690063
61691435
61689671
61690052
61691504
61691306
61691571
61721938
61690463
61691814
61691394
61691441
61690943
61691421
61691567
61690066
61691687
61689941
61691744
61691935
61722293
61691932
61691379
61691635
61691959
61689937
61692148
61692034
61690079
61722438
61722771
61691030
61690703
61692359
61692361
61722471
61691310
61692511
61692044
61691026
61692491
61691483
61692291
61722583
61691237
61692456
61692371
61722839
61691679
61692470
61722711
61691365
61692539
61692119
61692370
61692434
61691084
61692725
61692563
61722917
61692587
61691415
61692335
61692795
61690773
61692984
61692877
61690794
61691680
61692881
61691243
61692755
61723176
61691870
61692996
61692785
61693166
61690936
61691893
61693180
61723555
61692958
61691864
61723809
61693163
61692582
61691954
61693268
61691267
61692126
61693471
61691638
61693313
61692110
61692358
61693487
61723837
61692289
61693737
61692051
61693621
61693823
61693293
61724261
61692824
61693902
61694126
61724466
61692784
61694239
61692352
61694421
61692080
61692808
61693999
61724405
61693099
61694331
61724781
61693064
61694310
61694343
61694272
61724632
61693259
61694437
61692751
61694378
61693658
61724765
61724933
61694023
61694613
61725084
61693607
61694987
61694789
61694934
61725247
61693757
61694907
61725474
61693613
61693498
61694695
61695077
61693056
61693978
61694998
61694864
61695045
61725289
61693988
61695251
61694913
61725422
61694246
61695225
61693176
61694662
61695276
61725819
61695235
61693397
61693782
61726094
61694439
61695781
61693900
61695640
61693751
61694425
61695530
61726044
61694551
61695636
61725771
61694564
61695783
61693971
61695632
61693726
61695931
61695628
61695532
61695625
61695762
61694025
61726211
61694900
61694781
61696165
61696026
61696232
61726366
61726539
61696410
61726630
61695127
61696438
61696254
61696519
61726822
61695513
61696660
61694947
61696677
61695994
61696411
61696708
61695529
61695684
61696800
61727439
61696896
61695255
61697301
61727463
61695946
61697411
61727824
61695912
61695927
61696615
61697273
61697459
61696714
61696729
61697562
61697700
61695918
61697528
61695571
61697704
61697606
61695506
61697006
61697655
61728001
61696796
61697671
61728043
61696617
61697815
61697470
61697745
61697022
61697443
61697654
61697029
61696640
61697772
61695819
61699400
61696573
61697644
61728107
61696614
61697863
61696075
61697749
61728181
61696715
61697961
61696272
61697869
61695959
61698167
61698005
61728495
61696756
61698272
61697903
61698513
61696239
61697330
61728854
61728999
61697402
61698624
61698303
61697402
61698891
61698899
61729247
61697818
61729351
61698698
61698978
61698322
61699093
61699182
61729730
61697967
61699398
61697671
61698056
61699491
61699268
61699874
61699563
61697720
61699368
61699615
61699444
61699125
61730156
61699472
61699673
61699732
61699616
61699792
61697760
61698732
61699898
61730596
61698988
61700135
61730671
61699314
61698712
61699992
61700243
61698809
61700372
61700404
61730726
61698625
61698392
61699496
61700451
61730998
61699336
61700671
61698937
61700792
61730997
61699873
61700933
61731402
61699578
61700971
61701013
61701361
61702912
61703163
61703506
61733953
61703219
61701309
61703469
61702158
61703386
61701484
61702793
61703670
61733857
61702477
61703873
61702013
61703906
61702120
61703093
61703793
61734230
61702682
61704023
61734456
61702613
61704119
61703678
61703811
61703864
61702883
61704177
61702059
61703080
61703615
61702093
61703171
61704352
61734701
61704266
61702898
61704103
61704330
61703149
61703785
61703353
61704514
61704603
61704568
61704736
61703715
61703600
61704220
61703633
61703802
61704955
61735340
61703778
61705045
61705032
61703651
61705369
61705083
61703555
61703594
61704000
61705533
61705230
61705769
61735923
61704510
61705787
61704013
61705814
61703802
61704933
61705848
61736459
61704845
61706135
61704288
61705952
61704173
61705435
61706148
61736701
61704823
61706401
61705967
61706786
61704340
61705615
61706362
61704632
61706685
61706442
61705748
61706316
61704624
61736846
61705612
61706631
61736907
61736866
61704580
61705139
61706189
61705739
61705667
61737578
61705995
61737797
61705705
61706121
61707575
61737968
61706181
61707622
61707247
61707552
61737983
61706428
61707533
61707694
61705711
61707847
61707780
61738258
61706583
61707904
61738272
61707949
61705954
61708162
61706378
61738403
61707522
61708280
61738422
61707489
61708567
61738465
61707421
61708252
61738642
61707085
61708601
61738909
61707112
61708508
61708268
61707028
61708499
61738678
61707473
61708595
61708831
61708738
61708773
61708406
61708655
61706619
61708102
61708743
61739086
61707806
61708863
61708769
61708999
61706923
61708286
61706912
61707423
61709108
61707226
61708631
61739694
61708429
61709576
61709539
61709989
61709630
61739882
61740264
61708827
61709316
61707736
61709040
61709904
61740282
61710014
61740521
61709457
61710122
61740198
61740347
61710218
61740513
61709092
61709019
61710211
61710351
61740526
61709379
61710529
61708870
61709846
61710583
61740984
61709702
61710844
61741105
61709400
61710916
61740992
61709595
61710721
61740939
61709787
61710724
61741216
61709558
61710971
61741185
61709510
61709206
61710170
61710885
61741450
61709684
61711286
61709378
61711573
61709226
61710524
61711240
61709102
61711241
61710587
61709314
61710650
61711241
61711327
61710015
61709345
61711669
61742028
61710578
61711776
61742268
61709931
61742029
61710326
61710633
61711893
61711719
61711828
61711827
61712072
61710637
61711811
61712094
61711843
61712018
61710900
61710366
61710823
61712363
61709846
61742502
61742489
61712428
61711798
61714043
61712458
61742935
61711595
61712540
61711959
61712532
61743145
61711526
61712727
61743030
61711656
61712755
61742868
61712134
61712827
61711824
61712829
61743124
61710902
61711553
61711308
61712719
61743424
61712495
61713321
61743651
61713381
61712023
61713392
61743899
61712171
61713910
61743955
61712431
61713694
61711834
61713509
61712842
61713308
61713519
61712864
61713428
61713092
61711730
61712854
61713697
61744005
61712755
61713963
61713866
61714066
61714100
61712520
61714235
61713431
61713975
61714072
61744467
61713028
61714212
61744725
61714205
61713419
61712540
61714113
61714346
61712639
61714161
61713060
61714452
61714266
61712292
61713748
61714410
61744732
61713393
61713354
61713269
61714625
61714786
61712954
61713367
61715007
61713099
61715400
61713671
61714584
61714819
61715052
61745336
61713827
61715151
61713429
61715166
61714055
61715279
61715260
61713958
61715467
61715302
61714250
61714337
61715480
61745947
61714457
61715722
61745991
61714418
61715736
61714383
61715680
61746125
61714311
61715704
61715444
61715913
61713838
61715246
61715980
61746331
61714734
61716124
61714857
61716037
61746511
61714898
61716216
61715990
61716130
61746574
61722049
61723049
61723855
61754139
61722475
61723868
61722247
61723624
61723591
61754582
61722821
61724142
61754601
61723006
61724214
61724211
61724397
61724389
61754620
61723211
61724375
61754980
61724535
61755068
61724460
61722947
61723469
61725081
61724490
61724745
61723440
61723605
61723995
61722970
61724330
61755189
61725184
61724953
61755447
61724181
61723974
61723871
61725144
61723918
61724985
61725274
61755844
61724100
61725664
61725162
61725493
61725634
61725169
61725466
61725634
61725193
61725425
61755977
61724500
61725746
61755769
61724668
61725749
61756252
61725722
61724451
61724462
61725876
61756057
61724907
61725799
61756356
61724818
61726067
61726195
61756501
61725223
61726061
61756377
61725165
61726051
61727845
61726334
61724541
61724814
61726175
61726360
61724568
61756534
61756713
61725449
61726215
61756537
61726459
61726133
61724275
61725168
61726345
61725211
61725267
61726729
61756960
61725483
61726753
61757141
61725408
61726681
61724992
61726681
61726842
61725091
61727187
61725584
61725623
61726890
61726252
61725705
61726910
61726255
61726761
61726839
61725608
61726758
61727171
61725749
61727333
61727082
61757535
61727357
61727274
61726285
61726291
61727293
61727438
61727419
61757746
61726221
61727563
61725802
61727590
61726322
61727327
61727514
61726411
61727413
61727505
61727728
61725970
61727563
61727687
61758233
61726513
61727817
61758235
61726649
61727892
61758350
61727799
61726350
61758230
61726609
61727649
61725740
61726606
61727106
61758257
61726770
61727930
61758174
61726883
61728118
61758442
61726849
61728156
61726392
61728054
61726795
61726924
61728200
61758636
61727300
61728237
61758601
61727485
61728416
61758539
61727589
61728292
61727081
61727284
61728656
61759012
61727360
61727344
61728483
61758944
61727491
61728791
61728758
61727072
61728730
61727609
61759468
61727625
61728898
61759100
61728236
61729124
61759280
61728036
61729234
61727500
61729237
61727880
61729026
61729200
61728006
61727786
61727800
61729334
61727525
61727845
61729372
61729246
61729343
61759889
61728337
61729378
61759608
61728208
61729460
61759856
61728286
61729422
61759718
61728358
61729651
61729276
61729542
61729700
61729224
61729473
61728863
61728589
61729630
61760096
61728309
61728012
61728329
61729880
61729572
61730317
61729843
61729953
61728240
61729956
61728739
61728610
61729925
61728070
61728990
61730034
61760289
61728919
61730175
61728380
61730143
61728303
61730412
61730256
61760775
61729172
61730325
61728598
61728942
61730458
61728622
61729607
61728856
61730467
61729821
61729931
61730781
61760997
61729539
61730942
61729229
61730812
61729427
61730628
61730828
61728817
61730228
61730876
61761297
61761144
61761599
61729314
61729603
61731181
61729235
61730920
61729919
61730388
61731191
61761716
61730267
61731400
61761874
61730353
61731581
61731602
61729506
61731632
61731477
61729592
61731428
61731658
61733215
61731716
61761791
61731744
61731660
61762100
61730543
61731744
61762143
61730683
61731840
61730168
61731727
61729735
61730890
61731859
61729953
61732049
61731064
61729837
61730822
61732095
61731251
61730809
61731941
61762087
61731254
61731927
61762137
61731276
61731876
61762323
61731324
61732095
61762286
61730771
61732195
61762541
61731514
61732236
61762534
61730935
61731050
61731967
61732113
61730858
61731013
61732173
61732038
61732490
61732349
61732524
61762919
61762995
61731296
61732559
61762768
61731159
61732508
61730822
61732508
61732751
61732956
61732773
61762997
61732132
61732815
61763282
61731682
61732979
61763282
61731757
61733137
61732840
61732547
61732805
61732816
61732834
61731957
61733368
61763818
61731941
61733252
61763792
61732157
61733478
61731605
61733307
61733482
61763627
61732110
61733332
61731734
61733803
61732685
61732420
61733553
61763760
61732376
61733649
61763929
61732382
61733625
61733501
61734210
61733759
61764239
61732674
61733837
61764097
61732701
61733824
61733880
61733899
61733941
61764356
61732637
61734054
61764388
61732768
61734137
61764731
61734024
61732896
61733819
61734067
61734113
61734286
61764631
61732262
61764886
61733519
61734456
61764652
61733468
61734563
61764762
61733465
61734851
61733028
61734628
61732759
61733515
61733660
61734576
61734912
61734224
61734063
61735004
61733697
61735319
61735368
61733149
61733989
61735142
61735390
61733683
61735528
61735486
61734718
61735655
61735584
61765985
61734678
61735845
61766062
61734534
61735804
61735663
61735936
61734124
61734756
61735930
61734823
61736068
61736501
61735927
61766398
61734918
61736191
61766350
61734726
61736181
61735942
61736350
61735059
61734920
61736169
61735038
61735808
61766635
61766629
61735159
61736374
61766660
61735234
61736408
61766612
61736540
61736583
61736159
61736503
61735807
61736303
61736329
61735749
61735607
61736880
61767222
61736930
61735114
61737284
61737166
61735213
61737069
61737637
61737393
61735649
61737133
61735888
61737347
61737475
61767656
61736277
61737619
61768189
61736281
61737650
61735841
61737619
61736295
61737560
61737553
61737716
61736490
61736976
61737121
61736414
61737675
61737886
61768339
61736901
61768408
61737072
61738073
61738323
61738074
61738244
61736605
61738366
61738476
61769049
61737110
61738500
61736780
61738366
61737758
61738244
61738939
61736566
61737582
61738657
61738644
61737402
61738469
61769010
61737850
61738576
61768857
61737747
61738463
61768715
61737798
61738682
61736483
61768811
61737507
61738499
61738572
61738457
61738636
61736721
61738646
61738780
61769056
61738183
61738798
61769065
61737751
61739038
61739001
61739393
61739082
61738061
61739122
61738087
61739049
61739212
61739185
61738199
61739424
61769719
61769800
61737642
61739491
61739712
61739067
61740103
61740143
61770550
61739796
61738916
61738753
61740228
61740110
61740189
61740338
61770435
61740436
61738891
61738607
61739163
61740478
61770661
61739229
61740492
61770870
61739380
61770918
61738865
61739462
61740540
61739916
61740730
61740807
61739301
61741024
61740855
61771296
61739900
61741092
61739537
61740811
61741034
61771320
61739853
61741057
61738957
61771344
61741208
61739549
61740891
61741055
61741363
61741004
61741135
61739772
61741055
61741119
61739182
61740075
61741351
61771814
61739979
61741495
61741345
61741589
61739462
61740709
61741052
61771945
61741061
61741760
61740530
61772199
61741103
61741846
61771979
61740554
61741782
61771967
61740891
61742062
61772243
61741043
61742227
61772631
61740807
61742265
61739820
61742080
61742175
61740424
61742038
61742199
61772551
61740967
61742435
61742389
61742360
61742682
61742385
61741276
61741719
61773168
61741505
61742737
61773259
61742699
61742905
61741997
61741077
61741336
61741791
61741197
61742855
61740966
61743078
61742943
61742840
61742923
61743094
61741432
61742981
61741098
61751520
61744792
61775117
61743727
61745123
61743594
61745177
61743932
61745217
61745303
61775572
61744814
61744793
61775606
61744269
61745545
61743924
61745456
61743611
61745595
61745852
61744944
61745832
61776195
61776469
61745470
61746239
61776483
61745120
61746108
61776365
61744941
61746426
61776589
61746235
61744210
61744734
61744979
61746420
61776744
61745291
61746561
61777105
61745411
61746683
61744926
61745588
61746156
61746818
61746775
61777230
61777176
61747164
61777328
61745867
61747065
61777488
61745894
61747161
61746572
61746001
61747215
61745828
61745465
61747038
61745183
61747346
61747215
61745053
61746974
61747110
61747223
61777694
61747185
61747295
61745650
61747698
61746136
61747531
61747229
61746533
61747610
61747701
61745495
61746432
61746681
61745618
61746879
61747726
61746192
61746282
61747829
61778139
61747146
61747767
61778028
61746652
61747887
61778474
61747863
61745953
61747033
61748101
61778481
61746969
61748317
61748260
61778656
61747233
61748298
61778495
61747343
61748261
61747661
61748184
61748426
61746565
61748814
61748631
61750499
61748702
61748731
61779291
61747450
61748776
61746967
61747407
61748817
61746943
61748299
61779321
61747550
61748778
61778963
61747693
61749028
61779417
61749100
61747099
61749016
61749046
61748025
61747382
61749044
61749389
61748201
61749341
61749516
61749161
61749393
61748124
61748218
61749630
61779998
61748488
61749802
61749732
61749645
61749816
61748093
61749713
61749809
61748076
61749686
61748427
61780114
61780042
61749302
61750029
61747943
61750192
61749979
61780526
61748976
61750300
61748584
61750361
61748308
61750304
61750351
61750557
61748823
61750433
61748544
61749493
61750561
61780885
61748514
61781155
61750771
61750501
61749502
61750422
61759000
61758406
61757400
61757854
61759264
61789808
61758141
61759424
61789892
61758185
61759530
61759223
61759341
61759533
61789932
61758143
61759646
61789871
61758384
61759582
61790200
61790089
61757419
61759330
61759538
61758317
61758037
61759709
61759976
61758184
61759886
61760110
61759188
61758336
61760032
61758911
61758419
61760042
61758644
61759978
61760247
61758332
61759924
61760281
61758531
61758422
61758955
61760180
61790721
61759054
61760323
61758332
61759149
61760382
61760567
61790999
61759284
61760564
61790966
61759428
61760564
61791161
61759461
61760701
61791118
61759352
61759344
61760425
61760653
61759522
61760575
61760913
61759771
61760637
61760920
61760261
61760966
61761015
61791545
61760447
61761248
61759137
61760942
61761084
61791493
61760166
61761224
61791767
61760191
61761478
61792000
61791981
61760333
61761537
61759451
61761146
61761445
61760387
61759891
61761512
61759739
61761899
61761344
61759924
61761380
61762171
61763736
61762012
61762108
61792598
61760814
61762300
61760512
61760921
61761513
61761071
61762258
61762262
61762280
61762293
61760442
61761816
61762618
61792848
61761612
61762762
61792897
61761839
61762888
61760748
61762613
61762738
61760710
61762000
61761587
61761303
61763450
61761648
61761570
61763191
61761772
61763124
61763306
61762535
61762047
61763231
61761343
61762628
61763512
61793890
61794034
61762388
61764039
61763854
61794298
61763021
61794293
61762168
61763709
61763477
61763544
61763840
61762648
61794153
61762595
61762206
61762306
61763126
61763874
61761757
61763240
61763950
61762034
61763070
61764005
61794458
61762907
61764282
61794373
61764281
61764095
61763461
61764414
61764253
61762903
61764244
61764620
61763942
61763137
61764342
61762213
61763984
61764096
61763523
61764052
61764222
61762433
61764692
61764558
61762406
61763626
61764493
61794776
61763511
61764870
61795036
61763055
61765205
61762732
61795530
61765087
61765114
61764146
61764633
61764875
61762982
61764790
61762848
61795170
61765016
61764846
61763010
61765191
61765125
61762997
61765277
61765128
61795333
61764044
61765389
61795586
61764140
61765437
61795606
61764229
61765471
61763282
61764267
61765447
61763388
61764274
61765580
61795990
61764311
61765567
61763593
61764294
61763719
61765748
61764503
61765659
61796120
61765032
61765950
61796113
61764986
61766118
61796648
61764945
61766140
61796669
61764696
61766325
61764553
61766123
61764779
61766165
61765937
61764320
61765192
61764798
61765955
61764314
61765360
61766311
61765650
61766012
61796463
61766127
61765248
61766510
61765109
61766558
61766730
61796905
61765641
61766760
61764711
61765682
61766797
61796922
61765586
61766086
61765403
61765476
61767044
61797241
61765754
61765976
61767014
61766889
61765190
61765447
61766942
61767103
61766433
61767030
61765759
61765520
61765922
61767264
61765342
61765652
61767079
61765317
61766876
61765823
61766941
61767274
61766099
61766042
61767192
61797439
61766357
61767103
61765068
61766162
61767202
61767135
61765168
61766088
61767196
61767246
61767380
61767525
61797953
61766142
61767607
61797921
61766382
61767778
61798001
61767030
61767641
61765732
61767099
61767891
61798325
61766176
61767848
61766857
61766529
61766835
61768132
61798408
61766859
61767961
61766073
61766377
61768033
61798384
61766795
61768218
61798646
61767000
61768468
61798713
61767213
61768397
61798887
61767357
61768421
61798584
61767651
61768516
61798721
61767795
61768681
61799202
61768122
61768811
61766745
61768293
61768839
61799310
61767881
61769103
61769039
61767686
61767605
61768925
61799219
61768997
61768981
61768878
61768964
61767860
61767340
61769015
61767641
61767436
61767876
61769293
61799836
61768143
61769269
61799702
61768638
61769522
61799634
61768400
61767832
61769328
61769628
61768497
61768069
61769478
61768206
61768090
61769673
61768017
61768118
61768516
61769981
61768207
61769852
61770013
61800573
61768740
61770126
61800377
61770119
61800757
61769085
61770491
61800798
61769696
61800836
61769942
61770682
61769419
61770980
61769651
61769152
61770841
61769518
61768902
61769256
61770810
61771053
61769743
61771108
61771159
61769965
61771064
61771717
61769383
61770756
61769756
61770934
61770590
61771729
61769667
61771902
61771702
61769947
61772135
61771211
61769876
61771650
61771885
61770599
61772234
61771938
61770664
61772433
61772377
61771561
61772098
61772196
61770925
61770961
61772279
61802680
61771229
61772505
61802805
61771167
61802775
61772239
61772532
61771140
61772447
61772594
61771986
61773002
61772871
61770818
61771882
61772987
61771326
61773131
61803402
61772435
61773343
61804020
61772228
61772260
61773629
61803748
61772575
61773729
61804018
61772930
61773643
61804100
61772620
61773992
61804410
61804320
61804455
61773364
61773972
61774116
61772431
61772165
61773983
61773013
61774468
61772752
61774424
61773419
61774532
61804919
61772971
61772856
61773450
61773717
61774615
61774739
61805210
61773431
61774882
61773070
61774718
61805170
61774153
61773359
61774983
61774314
61774896
61775107
61774014
61775170
61775347
61775556
61805923
61774238
61775720
61805866
61774443
61775644
61805933
61774594
61775812
61774632
61806103
61774899
61775855
61805868
61774613
61775742
61775040
61775864
61775658
61774516
61775611
61775744
61774403
61775779
61775859
61773944
61775752
61775912
61774921
61776341
61775054
61775902
61776131
61775126
61776149
61776429
61776525
61776208
61776447
61775199
61776260
61776506
61775501
61776370
61776602
61776862
61807323
61775483
61777027
61807376
61807299
61807233
61775317
61775719
61777040
61775374
61776933
61777132
61776726
61776896
61776987
61775906
61777324
61807572
61776072
61777460
61777057
61777139
61777310
61775227
61807600
61776733
61777456
61808032
61776467
61777637
61775509
61777340
61777583
61776212
61777306
61777680
61776622
61776079
61777877
61778083
61777601
61776560
61776688
61778033
61776323
61777943
61776812
61776330
61778094
61776782
61778246
61778071
61777042
61777959
61778126
61777121
61778485
61778313
61808907
61777819
61778703
61809017
61777777
61778768
61776822
61778836
61778769
61777166
61779031
61779160
61776957
61778707
61778901
61776950
61778375
61779256
61809404
61779381
61779502
61777903
61777712
61777700
61778599
61778110
61778231
61779527
61777681
61778241
61779623
61779220
61779428
61778334
61779497
61779558
61779654
61779517
61778411
61810232
61778379
61779885
61810263
61778735
61779947
61810200
61778901
61780033
61780143
61779818
61780054
61810525
61779962
61778882
61778272
61780279
61778222
61780003
61780710
61779107
61779064
61780341
61810728
61779424
61779353
61780869
61780584
61780930
61779134
61780819
61780173
61780698
61781455
61779775
61780794
61781018
61781180
61811588
61779852
61781149
61811794
61779906
61780443
61780110
61781397
61781130
61781417
61779718
61811529
61781489
61811918
61780292
61781692
61811961
61780467
61781644
61781293
61781474
61779756
61781556
61781534
61812252
61781039
61781781
61812057
61780993
61781637
61811922
61781972
61780530
61780209
61781946
61782066
61781758
61781963
61782148
61812694
61780848
61782107
61812432
61781336
61781977
61812473
61780817
61781970
61780106
61781152
61782125
61781517
61780992
61782200
61781576
61782024
61782355
61781190
61782606
61782673
61781758
61782350
61812978
61813089
61782001
61782724
61782678
61781417
61782542
61782686
61781657
61781134
61782833
61783032
61781404
61783375
61781132
61782375
61783168
61813636
61813687
61813455
61782319
61783219
61781228
61783566
61782764
61781293
61783450
61782897
61782722
61813608
61814009
61814084
61782409
61783586
61781670
61783756
61782492
61814300
61782538
61783842
61814112
61783058
61783958
61783615
61783910
61782056
61782325
61783814
61814220
61782383
61782573
61783582
61783773
61782655
61783551
61783759
61783834
61814188
61782736
61784009
61782388
61782579
61783986
61781875
61784094
61814365
61783372
61784282
61814334
61782982
61784138
61782223
61783556
61784347
61814592
61783136
61784333
61814655
61783248
61784607
61782901
61783324
61784687
61783104
61783342
61784967
61815339
61783448
61784831
61815256
61783668
61785016
61784859
61784947
61785190
61815305
61783842
61785088
61815648
61783965
61785208
61783516
61785102
61784148
61785089
61785674
61783858
61783681
61785164
61785321
61783669
61785677
61783967
61785031
61785239
61784617
61815461
61783640
61783624
61815870
61783406
61783566
61785156
61784562
61785454
61785289
61815934
61784656
61784359
61785560
61783617
61784472
61785389
61785520
61784438
61785906
61783717
61785566
61786227
61784653
61785607
61816309
61786000
61786141
61816633
61784847
61786323
61816869
61785098
61786490
61817040
61785149
61786593
61784730
61786357
61785106
61784754
61784793
61817073
61786871
61786535
61784561
61786735
61786648
61786563
61786403
61786775
61784910
61786900
61786816
61817194
61786228
61784914
61787149
61787042
61785853
61786773
61786926
61785849
61786824
61786898
61785602
61787063
61785693
61787254
61787235
61817667
61787152
61787355
61817920
61786192
61787547
61817819
61786510
61787417
61785450
61787675
61787328
61785392
61787227
61787830
61787487
61785777
61787435
61787637
61785825
61787548
61787487
61787310
61787566
61786486
61785927
61787562
61785676
61787846
61787694
61818023
61818106
61787910
61785820
61786335
61787962
61787276
61788373
61788280
61786265
61787998
61788171
61786992
61788374
61788263
61818686
61787182
61788479
61818678
61787350
61788640
61818618
61787712
61788401
61788897
61788674
61788342
61788563
61788749
61788641
61786496
61788680
61788504
61788697
61818965
61788577
61788714
61818917
61788070
61788735
61819115
61797257
61798373
61828720
61797055
61798270
61828621
61797116
61798204
61828461
61797400
61798378
61828519
61797359
61798618
61828591
61797430
61798423
61796377
61797387
61798704
61797836
61798797
61798658
61800513
61797574
61798799
61829078
61797704
61799045
61829519
61797821
61798898
61796924
61799170
61799138
61829379
61797827
61799284
61829488
61797919
61799294
61829653
61798395
61799192
61797167
61798612
61799332
61799338
61799523
61797769
61798209
61799636
61798008
61799526
61799903
61830173
61798477
61799822
61830125
61798597
61799904
61830416
61798566
61800096
61799772
61800205
61798988
61798524
61798823
61800285
61799857
61800165
61800381
61830670
61799121
61800504
61830890
61799337
61800562
61830809
61799788
61800580
61800490
61830861
61831169
61799525
61800876
61831059
61799686
61800956
61799161
61800833
61799561
61801319
61801586
61799273
61801015
61801090
61801289
61799565
61801149
61799952
61801074
61801513
61800240
61801225
61831870
61801499
61802055
61799564
61800532
61801613
61801731
61800169
61799683
61832214
61801014
61801102
61801048
61832371
61800729
61801964
61800220
61801943
61800003
61802208
61802025
61800110
61801033
61802327
61832504
61802189
61801754
61802469
61832858
61801381
61802438
61832741
61801347
61802582
61833078
61801535
61802778
61833091
61801567
61802984
61833231
61801731
61802984
61833503
61801762
61803093
61833571
61801813
61802302
61833379
61801692
61802935
61803031
61801321
61802891
61801646
61801380
61801573
61803317
61833827
61833797
61802409
61803222
61801145
61803308
61803300
61833478
61802085
61803166
61801247
61802451
61803334
61833639
61802362
61803420
61804010
61803651
61803498
61803619
61834033
61803732
61802663
61803958
61802310
61802599
61804115
61834179
61803303
61803933
61805648
61804159
61804034
61804144
61834657
61802902
61802910
61834771
61803769
61804369
61802538
61803113
61804903
61802409
61803236
61803258
61802614
61804470
61804579
61804788
61835149
61803027
61804624
61803403
61804498
61804880
61805104
61803223
61804946
61805251
61805310
61835386
61804109
61805211
61835509
61804349
61805286
61803787
61804242
61835394
61835734
61805094
61804781
61803385
61805265
61836970
61805753
61806584
61807230
61837792
61806174
61807484
61807442
61805821
61806326
61807844
61807492
61807752
61807967
61807111
61806442
61807131
61808449
61838958
61807206
61808664
61806543
61807116
61806691
61838972
61808611
61808770
61808972
61807259
61809057
61809177
61839604
61808090
61809393
61808755
61809552
61809869
61809497
61809468
61809407
61809562
61809556
61807414
61809769
61809564
61809633
61809815
61840062
61809926
61809855
61809925
61840318
61808601
61810090
61840206
61809005
61810120
61808191
61810012
61808841
61810357
61840900
61809279
61810599
61809931
61808943
61810588
61810865
61809053
61809565
61810721
61808669
61810539
61810586
61810932
61809423
61809537
61810123
61810131
61809252
61809687
61810969
61809050
61810708
61810892
61811196
61841520
61810132
61811018
61810281
61810715
61809592
61811005
61809960
61810024
61811033
61809827
61809352
61809792
61811290
61810571
61810926
61811309
61811470
61811628
61841952
61811485
61811513
61811576
61842125
61810886
61811685
61811689
61842126
61810458
61811803
61809870
61809951
61810511
61811726
61842289
61811087
61812124
61810251
61811951
61812035
61812344
61842750
61810979
61812317
61842794
61811655
61810473
61810118
61812213
61812476
61812709
61842964
61811822
61843199
61811438
61812854
61843010
61812564
61812849
61812747
61810757
61812866
61812751
61812978
61843471
61811842
61812985
61811107
61811253
61811733
61813226
61843363
61812653
61812795
61811423
61813139
61812016
61812483
61813134
61813397
61811756
61813126
61813312
61813450
61811580
61813421
61812085
61843945
61812362
61813649
61811538
61813760
61813616
61813869
61812043
61812373
61814074
61844473
61812809
61814181
61844385
61813200
61812395
61844649
61812936
61814247
61812249
61814430
61814182
61814378
61812628
61813023
61814437
61844969
61813270
61814413
61816206
61814539
61814550
61844865
61813926
61814690
61814671
61845238
61814742
61812607
61813044
61813545
61814863
61812886
61814718
61814864
61815063
61845243
61813855
61814919
61814346
61815041
61814850
61814929
61815152
61845599
61813885
61815272
61845645
61814160
61815240
61813874
61813607
61813914
61815403
61815721
61815353
61845596
61814322
61813566
61813241
61815144
61814007
61815311
61813838
61813730
61814235
61815388
61814750
61815246
61815495
61815728
61846110
61814284
61815824
61813535
61815367
61814196
61815699
61845970
61815037
61815764
61814706
61814765
61814537
61816091
61846164
61814654
61815846
61816047
61813776
61815793
61815867
61815915
61846512
61814662
61816048
61846204
61815331
61816020
61814962
61816238
61814353
61815942
61816191
61816536
61846662
61815502
61816250
61814321
61816180
61816450
61816710
61815518
61816773
61815591
61847249
61815526
61816936
61847204
61815769
61816901
61815804
61816669
61816707
61815570
61815101
61816950
61817036
61847483
61816381
61817501
61817290
61847765
61815952
61817372
61815272
61817681
61817862
61817626
61816773
61817319
61817555
61847933
61816696
61817738
61816580
61848348
61816767
61818019
61848092
61816805
61818258
61816086
61816190
61817053
61818332
61820214
61818360
61818524
61818478
61818650
61818485
61818606
61817516
61849411
61817783
61818997
61818342
61817313
61817774
61819167
61818304
61819091
61819369
61817683
61819251
61819508
61817771
61819558
61819532
61819834
61850030
61818476
61819602
61817635
61819690
61819710
61819943
61819930
61820013
61819122
61817890
61818312
61818382
61818857
61820256
61818108
61819738
61820150
61820356
61818326
61820181
61820297
61820446
61850556
61819207
61820299
61819586
61818642
61820263
61820351
61820467
61820646
61819960
61818944
61819367
61820531
61820706
61820694
61850858
61820261
61820602
61820814
61818687
61820402
61819439
61820925
61851201
61820161
61821000
61820956
61821031
61821350
61851794
61819906
61821569
61819356
61821120
61822068
61820262
61819913
61821637
61821685
61819934
61820364
61821733
61819616
61821800
61821550
61821779
61821725
61821798
61821899
61821958
61852306
61820767
61822040
61821180
61820239
61820642
61821836
61820408
61821544
61820472
61821913
61852456
61820736
61822070
61852485
61822226
61822050
61822287
61852732
61821028
61821156
61820872
61821288
61822283
61822285
61822378
61852609
61852347
61822323
61820606
61822562
61820942
61822143
61822423
61822632
61820820
61822214
61852934
61821403
61822761
61822673
61852979
61822515
61821192
61822801
61853107
61821654
61822913
61820738
61822939
61823068
61824703
61823329
61823211
61853613
61822546
61823095
61823486
61853767
61822111
61823366
61821314
61823026
61822050
61823531
61821414
61822255
61823393
61823731
61853924
61853828
61821518
61854169
61822374
61823752
61822341
61854213
61822834
61823798
61821920
61824077
61823931
61823974
61824238
61854525
61823464
61822635
61854674
61823188
61824396
61826111
61824407
61824401
61822232
61824129
61823105
61823100
61823683
61823660
61822805
61823149
61824491
61822640
61824373
61824482
61824691
61854986
61823517
61824769
61824029
61824440
61824747
61825018
61855383
61823636
61825022
61855239
61825048
61825016
61825130
61823506
61824296
61823726
61855560
61824094
61825274
61825378
61855517
61825387
61825171
61825448
61855583
61824336
61825297
61824583
61825440
61825369
61825642
61823956
61824396
61825837
61825964
61825209
61824713
61825986
61826151
61856539
61826027
61826524
61856784
61825798
61826508
61826568
61856797
61826275
61825069
61826602
61825779
61826169
61826353
61826459
61824767
61825193
61826646
61824642
61826765
61826681
61826594
61826667
61826515
61826659
61824898
61825444
61826549
61826776
61856986
61825517
61826851
61825509
61825126
61826812
61827004
61825624
61826083
61826742
61826804
61857309
61825750
61827061
61826252
61826638
61825563
61827100
61827172
61827050
61827154
61827210
61857524
61826476
61826509
61827255
61827283
61826560
61825680
61826965
61826270
61827652
61826132
61827709
61858234
61827122
61828140
61827960
61857998
61826505
61827670
61827903
61858551
61826729
61825839
61858397
61827190
61828113
61828494
61827951
61828150
61827525
61828003
61827027
61828437
61828415
61825915
61828390
61826231
61828203
61828220
61826925
61828502
61827156
61828453
61827913
61827522
61828675
61828749
61859137
61859026
61826828
61827247
61827585
61828807
61827749
61827934
61829036
61829481
61859939
61828489
61828620
61827457
61829141
61828005
61829542
61828495
61828866
61829439
61829509
61829568
61827932
61828268
61829623
61827683
61829331
61829669
61828397
61860368
61828725
61829929
61829219
61828388
61828814
61830204
61860507
61828952
61830140
61830397
61829936
61828861
61830466
61860501
61830515
61829053
61830460
61829621
61828697
61830444
61830360
61830284
61830507
61830640
61828740
61830394
61829241
61830750
61830077
61829088
61829665
61830825
61861088
61830096
61830860
61830280
61830858
61829687
61831108
61861363
61830364
61831036
61829035
61830942
61831140
61829526
61831258
61829840
61831380
61829991
61830497
61831281
61831295
61831528
61861855
61830740
61831436
61829596
61831484
61831441
61831725
61862130
61831104
61831967
61830241
61831374
61831630
61831890
61831593
61832023
61830526
61862379
61832169
61832076
61832333
61862583
61831109
61832133
61832315
61830632
61832250
61832609
61862794
61831398
61831807
61832642
61863140
61831390
61832697
61830593
61832442
61831391
61832781
61863143
61832839
61832928
61832116
61863445
61831685
61833190
61863334
61833199
61832575
61831653
61832912
61831922
61833315
61831300
61833132
61832180
61832628
61832424
61833542
61863708
61833557
61832112
61833358
61831803
61863829
61864055
61832608
61832927
61831616
61832833
61832476
61833653
61832516
61832050
61832415
61833873
61833211
61833704
61832677
61833987
61864380
61834249
61834107
61834094
61864584
61834056
61834208
61864511
61833181
61834208
61834425
61864852
61833364
61834336
61834179
61833371
61834620
61832523
61834198
61833342
61834669
61833836
61834206
61833247
61834739
61832543
61834242
61834545
61834802
61865061
61833870
61834573
61832582
61834414
61833486
61833518
61834783
61832844
61833370
61833697
61834874
61832921
61834778
61834888
61865263
61833878
61834914
61834164
61833196
61833780
61835059
61833079
61834945
61835033
61835239
61833464
61834016
61835310
61865709
61834082
61835232
61835527
61865854
61834542
61835513
61835618
61833860
61834201
61835474
61837277
61835447
61835925
61866097
61835742
61835652
61835909
61866121
61834633
61835888
61835777
61834774
61836287
61836069
61834057
61866435
61836055
61836278
61834202
61836085
61836074
61836355
61866613
61835427
61834997
61835310
61836644
61836601
61867021
61835499
61836700
61836056
61836631
61836770
61847640
61878041
61846617
61847524
61847781
61877974
61846959
61847696
61845671
61846823
61847786
61847759
61846756
61848245
61846781
61848211
61846045
61847795
61846740
61848188
61878627
61847165
61848304
61847639
61848043
61848322
61848364
61878563
61848663
61848375
61848495
61878755
61848524
61848397
61847087
61848237
61847333
61848592
61846540
61848416
61847231
61879059
61846864
61847591
61848577
61878884
61848873
61848568
61848900
61878977
61879413
61879044
61848983
61878997
61847847
61848398
61848311
61847336
61848947
61847662
61847804
61849155
61847329
61848966
61847802
61849383
61879466
61848708
61849482
61847563
61879634
61880143
61848018
61880088
61848323
61848054
61848473
61849880
61849731
61849893
61850012
61850173
61880404
61849330
61850046
61847994
61850444
61880524
61880500
61850419
61850771
61850467
61880745
61849523
61850422
61848346
61850198
61849198
61850598
61880724
61850819
61850876
61849256
61881321
61849612
61850861
61848873
61851036
61850718
61850831
61850852
61850232
61850625
61851157
61849383
61851279
61849885
61851323
61849137
61850886
61849787
61851303
61881771
61850067
61851481
61881979
61850198
61851663
61882000
61850575
61851704
61850122
61850006
61850534
61851760
61853494
61851836
61850726
61850100
61851823
61852045
61882308
61851223
61851837
61851175
61851647
61851866
61852139
61882532
61850441
61851841
61851870
61850459
61882747
61851390
61852399
61851152
61850653
61851291
61852510
61850355
61852228
61852353
61851071
61852214
61852470
61852720
61883002
61851186
61852841
61852955
61852191
61852642
61852817
61853042
61883442
61852548
61853076
61853242
61851921
61851750
61853028
61853374
61883485
61853330
61853087
61853299
61853406
61853214
61853402
61883832
61852566
61853261
61852063
61853007
61851956
61853448
61883733
61852800
61853445
61851457
61853600
61853589
61884006
61852614
61853650
61851625
61853843
61853576
61853823
61884238
61852917
61853776
61853063
61884330
61852743
61853910
61852019
61853963
61854295
61884395
61853993
61854231
61854410
61852611
61854348
61854683
61885152
61884886
61854267
61854637
61854541
61853962
61854773
61854887
61885359
61854235
61854862
61854980
61854844
61854496
61855117
61885358
61853919
61855103
61885414
61855102
61852953
61853410
61853994
61855058
61885320
61855295
61855130
61855363
61885666
61854585
61855368
61854666
61853732
61854306
61855559
61853493
61854571
61855607
61853674
61853895
61854397
61855718
61854839
61855663
61855688
61854129
61855762
61853713
61855995
61855892
61856197
61856205
61854444
61855007
61856181
61886469
61855328
61856205
61856347
61887009
61856034
61856330
61856393
61856620
61887145
61855596
61856800
61854854
61854959
61855505
61856843
61854767
61856960
61856815
61856051
61856775
61856997
61887540
61855758
61857196
61887690
61856238
61887463
61887756
61856337
61857115
61857376
61887697
61856311
61857318
61857738
61856926
61857594
61855599
61856423
61857690
61858073
61855706
61857466
61856439
61857856
61857834
61857896
61858075
61888498
61856709
61858222
61888586
61857269
61858702
61858414
61888801
61857056
61858455
61856341
61888989
61857409
61858583
61888741
61857443
61857516
61858724
61858794
61889214
61857521
61858955
61856872
61857610
61859333
61858995
61889255
61858064
61889190
61889532
61858469
61859114
61857175
61858976
61859092
61859512
61889710
61858000
61859386
61859171
61859362
61859466
61889937
61858508
61859419
61859383
61859599
61859600
61860562
61891561
61861312
61861557
61861987
61892477
61862438
61862174
61862394
61892733
61861328
61861904
61860773
61861446
61862606
61862692
61892912
61861419
61862664
61862840
61893065
61892944
61862977
61893274
61862005
61862607
61861886
61862196
61893706
61862240
61863210
61863456
61863594
61861436
61894178
61863799
61863831
61863809
61862572
61894525
61864137
61864157
61864522
61894792
61863315
61864284
61864450
61894873
61864561
61862873
61894740
61863066
61863469
61864811
61864063
61864532
61863402
61864976
61894966
61863727
61864955
61863758
61864346
61865016
61865260
61895612
61864233
61865144
61865329
61895824
61864421
61864717
61865006
61864897
61864212
61865183
61865342
61895923
61864280
61865369
61864167
61864394
61865574
61865617
61896217
61864536
61865731
61866036
61864137
61864225
61864823
61866078
61864983
61865132
61865954
61866214
61866267
61865533
61864500
61864988
61866435
61864239
61866149
61865047
61866453
61864517
61866117
61866397
61866596
61864985
61865237
61866808
61896942
61866405
61865446
61866819
61866075
61897424
61866066
61867132
61866845
61897261
61866180
61897086
61897131
61866639
61866623
61865893
61867088
61897291
61867326
61867110
61867254
61897690
61866005
61867134
61867334
61866108
61867285
61867512
61897813
61866713
61867375
61867345
61867729
61866244
61866560
61867769
61867828
61898273
61866641
61867729
61867959
61898080
61867756
61866585
61868060
61898490
61867477
61868190
61867450
61866331
61868253
61868466
61866468
61868389
61867228
61868412
61866469
61868315
61867099
61866861
61867061
61867710
61868847
61899327
61868841
61867896
61869207
61868374
61899600
61868072
61869558
61869394
61899680
61868258
61869319
61867314
61869477
61869336
61868088
61867805
61868406
61869652
61867664
61867781
61868060
61868521
61869732
61867895
61869697
61868406
61870086
61900261
61869749
61869757
61869133
61870041
61870312
61900559
61869012
61869573
61868766
61868957
61870135
61870559
61900725
61869760
61870333
61870572
61900556
61870232
61870464
61870765
61901083
61869449
61870647
61869177
61901314
61869932
61870597
61870906
61869022
61870783
61870903
61901417
61869801
61871066
61870924
61869290
61869864
61871081
61871302
61901522
61871027
61871561
61901406
61871036
61870013
61871228
61870642
61901927
61870221
61871588
61869710
61871327
61871647
61871859
61902046
61870979
61872037
61902076
61870871
61872013
61871249
61902277
61902528
61872146
61872082
61872176
61902644
61871303
61872029
61870730
61870396
61871370
61870852
61870304
61870905
61872403
61871281
61870602
61870895
61870972
61872150
61871093
61872622
61902978
61872816
61872599
61872937
61902959
61872922
61871546
61871624
61872900
61871284
61871400
61872035
61873209
61872106
61872632
61873267
61873517
61871431
61873350
61872135
61873671
61903900
61873821
61873648
61873835
61903946
61873751
61873559
61873846
61903973
61872549
61871635
61903926
61873632
61872649
61873871
61872167
61904364
61904262
61873857
61872718
61874207
61904500
61874211
61874416
61872385
61874196
61874417
61874738
61904864
61873493
61874427
61873467
61872784
61873306
61874449
61874339
61873684
61874648
61874772
61905077
61874059
61874888
61874937
61872939
61874717
61874802
61873509
61873349
61873919
61875102
61873907
61905549
61874371
61874793
61874354
61905610
61874612
61875617
61875351
61905712
61875596
61875581
61875585
61906070
61875772
61875459
61875591
61905846
61874601
61875781
61874541
61874015
61875804
61875999
61906366
61875604
61874398
61874814
61876042
61875330
61906669
61875090
61875994
61874321
61875834
61876143
61876053
61876187
61906562
61876298
61875999
61876344
61906479
61875878
61874991
61875868
61874360
61907145
61876366
61875687
61906906
61876334
61876576
61876877
61876055
61876985
61876666
61906978
61876490
61876650
61876811
61907018
61876874
61876658
61876870
61907154
61875728
61877339
61875654
61875337
61875760
61877063
61876419
61876867
61877037
61875816
61877347
61877441
61877326
61907770
61876381
61877429
61877590
61875568
61875802
61876325
61876849
61876833
61908152
61876360
61877462
61876095
61907885
61907788
61877117
61877421
61877729
61907919
61876682
61877643
61875690
61876068
61908135
61908095
61908311
61878333
61877926
61878074
61908379
61878147
61878105
61878212
61908603
61877649
61878236
61877643
61908883
61876405
61908782
61876822
61877382
61877872
61909007
61877410
61878600
61878711
61908835
61878747
61878819
61877575
61877631
61878999
61878320
61879278
61877031
61877451
61877867
61879383
61879429
61878261
61879441
61879698
61879758
61878179
61878352
61878517
61878258
61879483
61879628
61909790
61879428
61878185
61879692
61879699
61879663
61910257
61879028
61879670
61879757
61910173
61878703
61879928
61878785
61879709
61878856
61879948
61877971
61879731
61880120
61910493
61880323
61880179
61880278
61878379
61878460
61879060
61880278
61879657
61880451
61880388
61880554
61910888
61880730
61880565
61880737
61879832
61878724
61880565
61880782
61879994
61879244
61879630
61880719
61878783
61881104
61881341
61881046
61911214
61880209
61881011
61881078
61880899
61880945
61881243
61879150
61880879
61881114
61881347
61911419
61881365
61881235
61881321
61879320
61880563
61911597
61880606
61881686
61881461
61911835
61880683
61881512
61881500
61911867
61881350
61879995
61881374
61880726
61879741
61880317
61881354
61879387
61881433
61880182
61881455
61881661
61912045
61880457
61881634
61880449
61881735
61880513
61881727
61879733
61880551
61881695
61881928
61912096
61881874
61881768
61882093
61879873
61880166
61880650
61881885
61912270
61880804
61881818
61882013
61912174
61882086
61881894
61882161
61912454
61882347
61880803
61882335
61880136
61882252
61882609
61881332
61880515
61881377
61882439
61880920
61880728
61912894
61881780
61882453
61882560
61880514
61882178
61882380
61882555
61912877
61882381
61881384
61881984
61881161
61913044
61882031
61882693
61882151
61881700
61882824
61883149
61881930
61913709
61883068
61883182
61883203
61881727
61883052
61883179
61882526
61913839
61882089
61882180
61882091
61883665
61883663
61913963
61914074
61881936
61883951
61882442
61883838
61883135
61882253
61882786
61884041
61881924
61883684
61884184
61884353
61914476
61883245
61884752
61884304
61884251
61884246
61884239
61884118
61884270
61884322
61882555
61884099
61882883
61884385
61882329
61884185
61883191
61884591
61882532
61884514
61883381
61884835
61915036
61883956
61884705
61884919
61883467
61885122
61884932
61915293
61883683
61883541
61885234
61915349
61885023
61885021
61884335
61915592
61884643
61885281
61885610
61915672
61885215
61884235
61885532
61884460
61915878
61885695
61885598
61885710
61884281
61916251
61884494
61885695
61885067
61885311
61885910
61886028
61884840
61884909
61886029
61886166
61885972
61916751
61886090
61885111
61886554
61886263
61886475
61916510
61885694
61886428
61886637
61916876
61886943
61885273
61886912
61886049
61885119
61885532
61886883
61884817
61886631
61885580
61885948
61887220
61886916
61886058
61887200
61885172
61885441
61885861
61887206
61885304
61886771
61887735
61887494
61886032
61885868
61887550
61887748
61917941
61887904
61886319
61887808
61885639
61917919
61887831
61887656
61887862
61886559
61918152
61887930
61885933
61888095
61886725
61886555
61886978
61888268
61887531
61886629
61887158
61888338
61890155
61888369
61888602
61888538
61888422
61888502
61888341
61887144
61888547
61886560
61888888
61888677
61888846
61919128
61887549
61888748
61888984
61919270
61888230
61889359
61887697
61919184
61887349
61887988
61889141
61888045
61919740
61888006
61889159
61888470
61888287
61887085
61887374
61919753
61888523
61889345
61889538
61919800
61888412
61888932
61888067
61887934
61888477
61889579
61889002
61887956
61888513
61889642
61887767
61889449
61888545
61889821
61887916
61889824
61889854
61889946
61889158
61888220
61888619
61890018
61890194
61890400
61888919
61920545
61920445
61890287
61890274
61890491
61888528
61890589
61890499
61890571
61920963
61890764
61890599
61890760
61921063
61889836
61891006
61890290
61891197
61889814
61889579
61891254
61890510
61889413
61889925
61891051
61889187
61891350
61889827
61891322
61889219
61891389
61891426
61891635
61889820
61891516
61891838
61889806
61891416
61891681
61892127
61922541
61890974
61892206
61892163
61922617
61891390
61891848
61892369
61890869
61922749
61891962
61891099
61892375
61890234
61892022
61891111
61892603
61890431
61892749
61922920
61892720
61892667
61892805
61922956
61892869
61923131
61923164
61892589
61892821
61891628
61923359
61891981
61892804
61893029
61890868
61893118
61893071
61893199
61923632
61892152
61892325
61891841
61893370
61891780
61893155
61891199
61892911
61892051
61893447
61905610
61935688
61904368
61905178
61905537
61935840
61904800
61905667
61905719
61905453
61905469
61905558
61903414
61905300
61904311
61905756
61936024
61905921
61904405
61905879
61904400
61936417
61904557
61905977
61903887
61905613
61904870
61905972
61905357
61906003
61906437
61906034
61905606
61906279
61906454
61904364
61904588
61905038
61906396
61904372
61906590
61906398
61906559
61904527
61906300
61905321
61906546
61905402
61904858
61905250
61906472
61904679
61904852
61905217
61906709
61904920
61906414
61906643
61906869
61937185
61907069
61906768
61906105
61906216
61906932
61904955
61906739
61905886
61907084
61907335
61905979
61907075
61907260
61905211
61905407
61905933
61907278
61905129
61907241
61907521
61937588
61905079
61937683
61906185
61907324
61906734
61905763
61937717
61907347
61907361
61907496
61937920
61907275
61906347
61907764
61905543
61907386
61906303
61907751
61906313
61905993
61907841
61906393
61907882
61938046
61907864
61908176
61906325
61908369
61908480
61938655
61908490
61908443
61908570
61906397
61906714
61907362
61908587
61908688
61938959
61907551
61908583
61908805
61939295
61907574
61908976
61908917
61908918
61939351
61907899
61908874
61939360
61908763
61908940
61909116
61907985
61939595
61907998
61908569
61909268
61939846
61909122
61909259
61909585
61908690
61907660
61939885
61908479
61909443
61908244
61907833
61908281
61909400
61909490
61907582
61909476
61909760
61909679
61940095
61908588
61909665
61939886
61908054
61908666
61909833
61908061
61908203
61908893
61910104
61908652
61909812
61908791
61910226
61908448
61940459
61910266
61910090
61910232
61940559
61910391
61910623
61910336
61908680
61909366
61909457
61909732
61908801
61909269
61910550
61908458
61908828
61909399
61910678
61909137
61941075
61909466
61910537
61909390
61910540
61910408
61910791
61941103
61910817
61911177
61910820
61910137
61909406
61941246
61911111
61910833
61911179
61941178
61911174
61911103
61911296
61909844
61911016
61911205
61909097
61910929
61909792
61911222
61910482
61909548
61910213
61911500
61910244
61909478
61909561
61909308
61941856
61910447
61911437
61911700
61909515
61911463
61910163
61911586
61909596
61911701
61911598
61911770
61909769
61910106
61909604
61911895
61910374
61942399
61912147
61911894
61912177
61942442
61910987
61912222
61910170
61911881
61910905
61912308
61942606
61912580
61912217
61912477
61942622
61912424
61911014
61912407
61912456
61911288
61912452
61911232
61912751
61911552
61943120
61911579
61913212
61912764
61943049
61912841
61913327
61913093
61943195
61911999
61912847
61943034
61912945
61911323
61912983
61911538
61911806
61912986
61913131
61943324
61913229
61913112
61913501
61911299
61911530
61913393
61913613
61943774
61912316
61913339
61913219
61912159
61913414
61913467
61943650
61913633
61911980
61913529
61913555
61943937
61912676
61912858
61912164
61944089
61912380
61913720
61944033
61913408
61912426
61913705
61913636
61912628
61944401
61914076
61944193
61912238
61912654
61914074
61912049
61913860
61914044
61914277
61944505
61914262
61914073
61914494
61912151
61912522
61913007
61913544
61914205
61944374
61912878
61913916
61914289
61944266
61914301
61913810
61944633
61944743
61912588
61913121
61914390
61914528
61944705
61914540
61914324
61914632
61944641
61914518
61914281
61914616
61944833
61914533
61914630
61944882
61913330
61914300
61914553
61944824
61914815
61915170
61914944
61945044
61922884
61916130
61916690
61914787
61947691
61916472
61917346
61916225
61917490
61916302
61948103
61916285
61917475
61916149
61948061
61916727
61947967
61916768
61948070
61916888
61917700
61915686
61917743
61916575
61918064
61948185
61917007
61918231
61918305
61917519
61916858
61918319
61916773
61948952
61917669
61918407
61948730
61918242
61917084
61918405
61917189
61948973
61917493
61918670
61918517
61949033
61918956
61918997
61918971
61919054
61918194
61917137
61917655
61919010
61916969
61917333
61917890
61918009
61949575
61917550
61918032
61919273
61917831
61949745
61918036
61919189
61918541
61917932
61949663
61919367
61918866
61917762
61918576
61919670
61919391
61919720
61918413
61919774
61918925
61950240
61919005
61919123
61918605
61950274
61918706
61919387
61917944
61918275
61918862
61920015
61920266
61918928
61920118
61920276
61918234
61919970
61919072
61920418
61920314
61919799
61920562
61919849
61918898
61919188
61920413
61919036
61918862
61919333
61920520
61918996
61951119
61919611
61920670
61920605
61920952
61919264
61920829
61918893
61921013
61920973
61920263
61951351
61920360
61921515
61921163
61919049
61921090
61919041
61921379
61921635
61921283
61951393
61920130
61921133
61919927
61919870
61920046
61921628
61921327
61951662
61921486
61921246
61921431
61951616
61921429
61920227
61920737
61921345
61920743
61921161
61920312
61921495
61920729
61919821
61920525
61921530
61921600
61919455
61919864
61921495
61952208
61952336
61952257
61952530
61952586
61922076
61921978
61922061
61952388
61920740
61920689
61922147
61920146
61921956
61922155
61920850
61920693
61921157
61921409
61920642
61921291
61922481
61920412
61922182
61921364
61921689
61920794
61953215
61921834
61923021
61922971
61921164
61922876
61923228
61923233
61923115
61921243
61921838
61922731
61922250
61921686
61922270
61923481
61923578
61921358
61923211
61922409
61923634
61921654
61923895
61924017
61923808
61954201
61923096
61923728
61924114
61954387
61922811
61924040
61924140
61954375
61923386
61924201
61924326
61924365
61922316
61954611
61924049
61924370
61924672
61954797
61924627
61924560
61955161
61923952
61955191
61954887
61924020
61924974
61922929
61924733
61923819
61924002
61923598
61955715
61955853
61924669
61925594
61925609
61955815
61925416
61924255
61925884
61925567
61925848
61925856
61956053
61956480
61924589
61925923
61924505
61956379
61924857
61925921
61924493
61956349
61924879
61926107
61924696
61956583
61925123
61924622
61956645
61925530
61926624
61926385
61956615
61925679
61956654
61926332
61926436
61924441
61926324
61925067
61926484
61956632
61926339
61926550
61926749
61924860
61924982
61925542
61926746
61925253
61925110
61926018
61957341
61957200
61957391
61925231
61925418
61925903
61927203
61927190
61957668
61925959
61927115
61927366
61957813
61926619
61927876
61926001
61926986
61926367
61927179
61926245
61927473
61926275
61957864
61926448
61927547
61927716
61958001
61927745
61957987
61926531
61958166
61927989
61926565
61927883
61927194
61926250
61926834
61928011
61926068
61958658
61927064
61928019
61958631
61928356
61928127
61928360
61958677
61928311
61958732
61927988
61927173
61928186
61958550
61958917
61927387
61927935
61928671
61926509
61926915
61927382
61928892
61928703
61928846
61927470
61928914
61926848
61959393
61927793
61928946
61929160
61959487
61929178
61929085
61929294
61959599
61928069
61929128
61928027
61929208
61929401
61959671
61929493
61929662
61928795
61927960
61928647
61929540
61928755
61928796
61929796
61930013
61960224
61929796
61928943
61930172
61930172
61928140
61928556
61929034
61930136
61930380
61928805
61929732
61930380
61960586
61929250
61928960
61930398
61928747
61960901
61929329
61930861
61930397
61960771
61929694
61930377
61930442
61928318
61930078
61929620
61929535
61960847
61929404
61930720
61930704
61961140
61930715
61930798
61928602
61930424
61930669
61930820
61928723
61929067
61929586
61930558
61928786
61929133
61961280
61929098
61929760
61930940
61931140
61961531
61930076
61930872
61930396
61930960
61931306
61929130
61929406
61929809
61931222
61929969
61929609
61930511
61931458
61930355
61930815
61930426
61931498
61931738
61929700
61929620
61931941
61930529
61930188
61930823
61932074
61930544
61930381
61931082
61932118
61932284
61962580
61932508
61932233
61930986
61962646
61931693
61931004
61962745
61932271
61930452
61932839
61962973
61932443
61931689
61932849
61933087
61963480
61931886
61933090
61932741
61931807
61932954
61931936
61932949
61933234
61963837
61932163
61933126
61933455
61932601
61963890
61932221
61933358
61933451
61931406
61933362
61933501
61933567
61964025
61932721
61933785
61933952
61964303
61933103
61933470
61934289
61932644
61933493
61934556
61934465
61964863
61934717
61934501
61934638
61934292
61933524
61934297
61934547
61932532
61934343
61933374
61934745
61933687
61965201
61933700
61934692
61934064
61933117
61933871
61934919
61933590
61935034
61965268
61934585
61933626
61935080
61933860
61933361
61933927
61935221
61935157
61935298
61935293
61933634
61965754
61934715
61935575
61965655
61935191
61935450
61935795
61933625
61934110
61934493
61935748
61934861
61934009
61934487
61935785
61933623
61934526
61934396
61935185
61935945
61966367
61935795
61936025
61933968
61936217
61936161
61936370
61966645
61936338
61936494
61934934
61935385
61936661
61935945
61936304
61935472
61936207
61935299
61935057
61935671
61935599
61967440
61937089
61936496
61967341
61936968
61936123
61937273
61935454
61936446
61937249
61937282
61967556
61937348
61937204
61937296
61937281
61937417
61936704
61935606
61936122
61935329
61935856
61936440
61937494
61936423
61936338
61937632
61936495
61968357
61936623
61937274
61936475
61936346
61936851
61937980
61938002
61968276
61938188
61937993
61936933
61937026
61938289
61938300
61968544
61937555
61937398
61938438
61938487
61968795
61938205
61938422
61938631
61937329
61937768
61937296
61937970
61937375
61969233
61969171
61936813
61969191
61938766
61938235
61969302
61938971
61939142
61939439
61969905
61939496
61938305
61939625
61937553
61938438
61939664
61938557
61939731
61939852
61969967
61939710
61939911
61938461
61939886
61939945
61939830
61939886
61940007
61970218
61939629
61938725
61939416
61938807
61938767
61940111
61938735
61970759
61939606
61940749
61940396
61940349
61940439
61940570
61970817
61940706
61940504
61940675
61940006
61971434
61940124
61941022
61940951
61971330
61939733
61941057
61940990
61939112
61939388
61939798
61938802
61971257
61940963
61940897
61941082
61971441
61940038
61939646
61941189
61942768
61941579
61941364
61940469
61971775
61940011
61941280
61941237
61941389
61939895
61939687
61940103
61941482
61940098
61971890
61940303
61941565
61940236
61940271
61939961
61940555
61941780
61939830
61941477
61940761
61941863
61941767
61940683
61941115
61941762
61940807
61940822
61942074
61940684
61940442
61940975
61942412
61942083
61942585
61942590
61942705
61973141
61942884
61942801
61942953
61973189
61942955
61942814
61942948
61942994
61941122
61942166
61943007
61973512
61942032
61973614
61943446
61942022
61943384
61943574
61973746
61943648
61942179
61943662
61941616
61941946
61943514
61942024
61943062
61943761
61943940
61943539
61943679
61942541
61943530
61942444
61943669
61943783
61974195
61942729
61943804
61944074
61974201
61943782
61941956
61941988
61941811
61944190
61944171
61944203
61944126
61944240
61974693
61944576
61942930
61944480
61943818
61944524
61944548
61944679
61942422
61944380
61943236
61944704
61943249
61975182
61944930
61943444
61944861
61942740
61944534
61944913
61975358
61943907
61944883
61945068
61945004
61944937
61942888
61943160
61943213
61944293
61975324
61943751
61945016
61945270
61945230
61943934
61975626
61944484
61945698
61945301
61975564
61944206
61945366
61945423
61975766
61975595
61944210
61975965
61944912
61945701
61945643
61975951
61945765
61945576
61945710
61945470
61944503
61945827
61945811
61976168
61945074
61945734
61945851
61975964
61945939
61946019
61946065
61976250
61946080
61945888
61976466
61945875
61944916
61946450
61945234
61945324
61946123
61946332
61945163
61946573
61946476
61944573
61946183
61945378
61946640
61946888
61976979
61945832
61946837
61944764
61946534
61947036
61977053
61946945
61946136
61977596
61945776
61946905
61944915
61945249
61945911
61946883
61947186
61946378
61947118
61947367
61945277
61946979
61946171
61947375
61947479
61977747
61946518
61947452
61947497
61946384
61946907
61947485
61947622
61946909
61947336
61946408
61947627
61946723
61947552
61947853
61945787
61946097
61946657
61948001
61946348
61945951
61946343
61946988
61948025
61947350
61946566
61946918
61948527
61978643
61947386
61948539
61947368
61979036
61947490
61948630
61948685
61978985
61948586
61947398
61948578
61948918
61948772
61948897
61946814
61947206
61947752
61948728
61949139
61979287
61949227
61979462
61949144
61949204
61979651
61979881
61949357
61949079
61949277
61947255
61947514
61948018
61949333
61947397
61947680
61948301
61949482
61949631
61947693
61949398
61948031
61979814
61948347
61949538
61949631
61979905
61949313
61949396
61949653
61949307
61948766
61949374
61979989
61947537
61980009
61949473
61948428
61949763
61949751
61980070
61949219
61949765
61948089
61947700
61947879
61950132
61950126
61980385
61948826
61948882
61950158
61950249
61950284
61949371
61948606
61948786
61950374
61948470
61950383
61948766
61948753
61950684
61950661
61950495
61950712
61980875
61950888
61951148
61951026
61981342
61951062
61950938
61951083
61950301
61952361
61952853
61950834
61952723
61953054
61953171
61983443
61953101
61952125
61953350
61951376
61953177
61953457
61953591
61983928
61952929
61983697
61951624
61984251
61952627
61953828
61953272
61952443
61953102
61954153
61952958
61952558
61953183
61954333
61984628
61954065
61952866
61954451
61953725
61954328
61954411
61954724
61954732
61954819
61985263
61954024
61955152
61954872
61984975
61953671
61954648
61953596
61985386
61954643
61953952
61954883
61955082
61953050
61954666
61955140
61955335
61985408
61954886
61954064
61955009
61985646
61955230
61954282
61955325
61953447
61953747
61954355
61954862
61953515
61953910
61954648
61955777
61954599
61955509
61955830
61955916
61955710
61955718
61955779
61955948
61986310
61968501
61969414
61969626
61999833
61969750
61968552
61968512
61969651
61968288
61968032
61968568
61969429
61968432
61968094
61968621
61968595
61968750
61969924
61970072
62000391
61968967
62000480
61968620
62000682
61969153
61970341
61969628
61968687
61969271
61970335
62000705
61970645
61970354
61970580
61969038
61969259
61970580
61969470
61968988
61969633
61970691
61970897
61968980
61970797
61970938
62000987
61971046
61970900
61971066
62001361
61969704
61970945
61970186
61971330
61969684
61971083
61969054
61970950
61969923
61971361
61969140
61969559
61971242
61971540
62001835
61970827
61971384
61969956
61969678
61970211
61971442
61970096
61969895
61970455
61970538
61971583
61971842
62002380
61970848
61971158
62002668
61971170
61972392
61971542
62002792
61971513
61972507
61972555
62002937
61972325
61972548
61971736
62003017
61971430
61972538
61970687
62003216
61971582
61972919
61970961
61971899
61972964
61972275
62003563
61972454
61973168
61971156
61971328
61971696
61973341
61973499
62003842
61972913
61973702
61972449
62004284
61972598
61973829
62004070
61973630
61973827
61974114
62004272
61971630
61974200
61974190
61974110
61973397
61973866
61974176
61974511
62004694
61973150
61974416
62004636
61974562
61973602
61972593
61973900
61972545
61972889
62004831
61973474
62005087
61974836
61973329
61974699
61974820
62005288
61973715
61974929
61974278
61973262
61974079
61974989
61973104
61973755
61974827
61975115
62005445
61975342
61975177
61975370
62005619
61974343
61975386
61974520
61973665
61974012
61974394
62005678
61975428
61975283
61975291
62005514
61974247
61974911
61974088
61973658
61974224
61975586
61974201
61974304
61975633
61975681
61973974
61975430
61974545
61975884
61973957
61974086
61974670
61974994
61974357
61975572
61975189
61975839
61975925
61976029
61973956
61974269
61974904
61976054
61974818
61974524
62006510
61976063
61976001
61976288
61974801
62006879
61975695
61976374
61974195
61976034
61975078
61976410
61974470
61974882
61975195
61976715
61974653
61976365
61975506
61976894
61974819
61976837
61976708
61975345
61976139
61975185
61975723
61977100
61975946
62007148
61975773
61976935
61975020
61976828
61976399
61975140
61975361
61976099
61975409
61975204
62007639
61977257
61977394
61977550
62007901
61977770
61978006
61977671
62007865
61977943
61977676
61977905
61977859
61977870
62008156
61976816
61978217
61977930
62008473
61977303
61977578
61977514
61976263
61976741
61978038
61976949
61977117
61978065
61977052
61978322
61978312
62008436
61978300
61978108
61978344
62008639
61977444
61978458
61978637
61978400
61977224
61978754
61976629
61977100
61977746
61978899
61977542
62009607
61977932
61979252
61978386
61979422
61979189
61979371
62009876
61978629
61979526
61978423
61979148
61978234
61979383
61977334
61979238
61979429
61979634
62009900
61978972
61980063
61979725
61977751
61979349
61978478
61979953
61979699
62010134
61977921
61978446
61979631
61978832
62010206
61978536
61979614
61978921
61978028
61979659
61979855
62010105
61980058
61979869
61979893
61978586
61978672
61979839
61979375
61979697
61979919
61980032
62010530
61979941
61979105
61980201
61979512
61980066
61980266
61980513
61980222
61980944
61980558
61978570
61980248
61979440
61980746
62010933
61979614
61980704
61980967
62011465
61980713
61980794
61980737
62011217
61979727
61981106
61980285
62011421
61980309
61981043
61981153
62011349
61980126
61981146
61979781
62011501
61980901
61980017
61979822
61981392
61979214
61981462
61981175
61981489
62011484
61981170
61981309
61981433
61979652
61981632
61980045
61981519
61979673
62011913
61980391
61980664
61981679
62011931
61981847
61981550
61981598
61981794
61981826
62012119
61981513
61980615
61981762
61981049
61980078
61981767
61981666
61982012
62012393
61980736
61982093
61980830
62012385
61980785
61982020
61980660
62012593
61981231
61980380
61981034
62012757
61981394
61981689
61981022
62013032
61981411
61982446
61982669
62013036
61981789
61982278
61982739
62012652
61980754
61981382
61982751
61981366
62013072
61981619
61982847
61980843
61981184
61981819
61983146
61982301
61982840
61981888
61983356
61981037
61981545
61983145
61982127
61981618
61983290
61983451
61982738
62013861
61982357
61983510
61982810
62013927
61982901
61983843
61983769
61981937
61984044
61983920
61981724
61983572
61982586
61983904
61981903
61983711
61983888
61984097
62014194
61983819
61982795
61984263
62014384
62014299
61984258
62014601
61984218
61982951
61984266
62014874
61983199
61984400
61984514
61984573
62014762
61983287
62014893
61982678
61983841
62015207
61983634
61984899
61984013
61983314
61983799
61985297
61983360
61984936
61983944
61985155
61983154
61984839
61985197
61985379
62015407
61985319
62015381
61983887
62015659
61984225
61985501
61983315
62016058
61984308
61985407
61985613
62015923
61983809
62015741
61985388
61983824
61985210
61985932
61986047
61985898
62016241
61985770
61984896
61985917
61984693
61985963
61984013
61985923
61984787
61986300
61984442
61986221
61986468
61986405
62016941
61985307
61986440
61985209
61986597
61985142
62017018
61985460
61986709
61984742
62017246
61986934
61986769
61986906
61986158
61985153
61985566
61987088
61984937
61986771
61986943
61987116
62017504
61986310
61987339
61987103
62017419
61986190
61987241
61985751
61985570
62017753
61985265
62017777
61986196
61987206
61987405
62017760
61987564
61987624
61985551
61985860
61986454
61987611
61986881
61987350
61986323
61987549
61987443
62018129
61987418
61987588
61987766
61985590
61986036
61986698
61987674
61986441
62018324
61986778
61987877
61988019
61988034
61986698
61987636
61986807
61988203
61985997
61988084
61988197
61988294
62018403
61988238
61988234
61988456
62018595
61988498
61988734
61988450
62018536
61988100
61987212
61988424
61987786
61988544
61988433
61988683
62018790
61988391
61987476
61988664
61987554
62019136
61988907
61989147
61988852
62019405
61987784
62019192
61987153
61987689
61988257
61987238
62019237
61989022
61987453
61988847
61986860
61987142
61987634
61988917
61987012
61988185
61989140
61988369
61987363
61989090
61988052
61988346
61989384
61989457
61989420
61989733
61988674
61989259
61988403
61989700
61987634
61989504
61989784
62020252
61988801
61990278
61989935
62020254
61988785
61989860
61990218
62020532
61989909
61990154
61990288
62020582
61990485
61990822
61990478
62020686
62020971
61989166
61990449
61990512
61988463
61988769
61989247
61990684
61989940
61990401
61990756
61990941
62021024
61990536
61990883
61990936
61991074
61990316
61992693
61989312
61989947
61991070
61991146
61989121
61989482
61990034
61991023
61989170
61989329
61989906
61990271
62021465
61991142
62021505
61989279
61989038
62021658
61991464
61991571
61989279
61991077
61990175
61991362
61989920
62021886
61990231
61990545
61989754
61990409
61991283
61991481
62021891
61991373
61991608
61991793
61991962
61990747
61991862
61990510
61990826
61992010
61992265
62022530
61992327
61992651
61992388
62022618
61992397
61992307
61992438
62022832
61992332
61990444
61990829
61991279
61992665
61990647
61992490
61991530
61991704
61992722
61990929
61993128
61993017
62023323
61993169
61991792
61993035
61991833
62023671
61992085
61993239
61991698
61992895
61992039
61992095
61993285
61993146
61992047
61992752
61991874
62023888
61992226
61993369
61992160
62024005
61992347
61993548
62023844
61993745
61993607
61993720
61991585
61992070
61992612
61993714
61992436
61991968
61992505
61993839
61993837
62024222
61992793
61993667
61993842
61993674
61993884
61994048
61993215
62024225
61994164
61994050
61994157
61993433
61993843
61992946
61994188
61993369
61992398
61993398
61994063
61992401
61993426
61993110
62024602
61992673
61993281
61994475
61993242
61992927
61993538
61994622
61994832
61994697
61994407
61993803
61994567
61994786
61994092
62025075
61994043
61994948
61994987
62025312
61994250
61994874
61995080
62025411
61994067
61994101
61994372
62025431
61995290
62025337
62025600
61994027
61994620
61994617
62025852
61994796
61995369
61994297
62025881
61994532
61995388
61995680
61993507
61995246
61994414
61995540
61993968
61994761
61995668
61994873
61994040
61995754
61995957
61995989
61994332
62026372
61994758
61996178
61993930
61995660
61994680
61996008
61996081
61994060
62026646
61995094
61996482
61994876
61994068
61996380
61994160
62026846
61995184
61996501
61996489
62026805
61995219
61996324
61996480
62026775
61996642
62026639
61994376
62027053
61996746
61996519
61995527
62027169
61995644
61997312
61996973
61995210
61996955
61997196
62027625
61997474
61997159
61997492
62027790
61997544
61996257
61997428
61996366
61995915
61996540
61997761
61997571
61997620
61996281
61997557
61996389
61997365
61996139
61997467
61997711
62028075
61997746
61997605
61997718
62028085
61996599
61997776
62028322
61998072
61996556
61997914
61998090
61996261
61997947
61996723
61998194
61997156
62028670
61997811
61996835
61998217
61996322
61998533
61998443
61998823
62028872
61998283
61998542
61997323
61996940
61997482
61998974
62029186
61998592
61997640
61998910
61999103
61999036
62029427
61997904
61999084
61997832
62029665
61998202
61999148
61999330
62029684
61999565
61998185
61999550
61998332
61997384
61998830
61999596
61999723
61999868
61998341
62030317
61998856
61999795
61999905
62030475
61998390
61999810
62029972
61999147
62000121
62000157
61999525
61998400
61998881
61998992
61998952
61999079
62000185
61998037
61998264
61998401
61997785
62030432
61999415
62000511
62000208
62030421
62000043
61999005
62000281
61999722
62030771
61999154
62000321
62031577
62000411
62032378
62000663
62001564
62000862
62033239
62033491
62001955
62033423
62033706
62003229
62003111
62003347
62002559
62033840
62002750
62003387
62003695
62001646
62001918
62002566
62003733
62003816
62034124
62003500
62002318
62003869
62004014
62004021
62004206
62002761
62034601
62004076
62003247
62004683
62004885
62003998
62003156
62004556
62004866
62004742
62005083
62004944
62005257
62003664
62035611
62004174
62005156
62005215
62003183
62003490
62004101
62005281
62003880
62003924
62005578
62005284
62005531
62007229
62004939
62005538
62005761
62005907
62035953
62004175
62004831
62005762
62005872
62004447
62036159
62006086
62005905
62006076
62005860
62004906
62006080
62006388
62005328
62036683
62006142
62005187
62006463
62006591
62036763
62006251
62005419
62006695
62006700
62004975
62007294
62006948
62005756
62037483
62005888
62007021
62007094
62006333
62037412
62037393
62037463
62006823
62006879
62007157
62006481
62037707
62006204
62007266
62007410
62005399
62005746
62006306
62007330
62005573
62007201
62006407
62007570
62007889
62005724
62038338
62006714
62007796
62008005
62007168
62038387
62008099
62006692
62007989
62008199
62038406
62007886
62006310
62038649
62038376
62006545
62007042
62008290
62007017
62038633
62007415
62008402
62008577
62007005
62008559
62006568
62008515
62008428
62008456
62007839
62039098
62008815
62008623
62008773
62008904
62039025
62008601
62007563
62008833
62008934
62039133
62039327
62006884
62039219
62009165
62007557
62008902
62008558
62008658
62009264
62007936
62009291
62009241
62007144
62039720
62008960
62007867
62009188
62008451
62007518
62008636
62009252
62009400
62008567
62039727
62009632
62039741
62007909
62039514
62009183
62008559
62009422
62009707
62039807
62008704
62009640
62009835
62009864
62040216
62010006
62008558
62009913
62008167
62009488
62009236
62009690
62010107
62040389
62009139
62010259
62010303
62008045
62008478
62009089
62010201
62010401
62009277
62008964
62010506
62008502
62010194
62041048
62010651
62009326
62010682
62009411
62040907
62010411
62009507
62008778
62041022
62009100
62009656
62010867
62011022
62041351
62011307
62011059
62011180
62009271
62011241
62011170
62011240
62011347
62009274
62011024
62010072
62011273
62009749
62041869
62010173
62011296
62011532
62010234
62041872
62011152
62010295
62009529
62011670
62042043
62011159
62010378
62011606
62011785
62042005
62011558
62010644
62011921
62011916
62042142
62011698
62011910
62010602
62010647
62011210
62012132
62012213
62042583
62012143
62010770
62011080
62012152
62012343
62010929
62042895
62011261
62010371
62011804
62042763
62012564
62011137
62012386
62012562
62011362
62012520
62012649
62011587
62043195
62012974
62012758
62012919
62010823
62011187
62012021
62012781
62013017
62011654
62011788
62012883
62013103
62012233
62043671
62012369
62013462
62013284
62011166
62011534
62012296
62013227
62013459
62011424
62013320
62013423
62013446
62044010
62012770
62013627
62011427
62011795
62012492
62013744
62013732
62043973
62012589
62013626
62013825
62043984
62013488
62012557
62012866
62012472
62013634
62013840
62013752
62013945
62013245
62012202
62014126
62014056
62014402
62044290
62013874
62013008
62013390
62014296
62012898
62044450
62012602
62013498
62014328
62014572
62013672
62044835
62014548
62013039
62044861
62044966
62012779
62013315
62014357
62014608
62012388
62044836
62014341
62013410
62014699
62012944
62045023
62014449
62014633
62014730
62015097
62045218
62014576
62013627
62013969
62015008
62045174
62014711
62013852
62015325
62014134
62015297
62014583
62015382
62015594
62014276
62046046
62014579
62015936
62014697
62015297
62046019
62046364
62015061
62015931
62015593
62014314
62046633
62016294
62014766
62016261
62015175
62046970
62015346
62016387
62016494
62014544
62016276
62015314
62016720
62016797
62016740
62015426
62016059
62016833
62046995
62016623
62016855
62017064
62047507
62016645
62016021
62017089
62017236
62047643
62017129
62016622
62017459
62017724
62017758
62015780
62047905
62017351
62016608
62017801
62018001
62016058
62016238
62017300
62017997
62018206
62017544
62016290
62018292
62018392
62018532
62048890
62048839
62016890
62017706
62017743
62048925
62018415
62049089
62017498
62049289
62017417
62018417
62017739
62018909
62019166
62018379
62049697
62019190
62019065
62019556
62017864
62018262
62019527
62049732
62018066
62017409
62050055
62018488
62019662
62019735
62018502
62018091
62018487
62050082
62050080
62018148
62018796
62018657
62019923
62020072
62050172
62019920
62018879
62019444
62050502
62019765
62019032
62020246
62050764
62018580
62019577
62020209
62020445
62019657
62050785
62020260
62019260
62020816
62020616
62019223
62019426
62020559
62019260
62020642
62020771
62051070
62020657
62020044
62020862
62021178
62018892
62020802
62051366
62021226
62021303
62051358
62021064
62021283
62021379
62019954
62051711
62051663
62051954
62020195
62020515
62021313
62021679
62021705
62019629
62021547
62020533
62021836
62021948
62052114
62021977
62020700
62021949
62022029
62020568
62020805
62021605
62020821
62022077
62022091
62022082
62021244
62021072
62022925
62022443
62020359
62020594
62021202
62022393
62022511
62052694
62021525
62022597
62022642
62022746
62052891
62020694
62053153
62022634
62021757
62053013
62053385
62022817
62022757
62023017
62053354
62022936
62021707
62022873
62023079
62021088
62022850
62022841
62023023
62022252
62053442
62021799
62021927
62023282
62023156
62021892
62053454
62022049
62023285
62022178
62022593
62022955
62053933
62023302
62022275
62023746
62022835
62054123
62022550
62023221
62053994
62054272
62023909
62022437
62022133
62054537
62024177
62023961
62024194
62022136
62022534
62023152
62023884
62024484
62054632
62024353
62022163
62054692
62022811
62023614
62024390
62054853
62022945
62023519
62024658
62024899
62026256
62024922
62039744
62039796
62038381
62039669
62038688
62039838
62040055
62070278
62039830
62038893
62040203
62040255
62070637
62040011
62039049
62039682
62040391
62070505
62040092
62070528
62040301
62038440
62038709
62039232
62040463
62038473
62070935
62039151
62039135
62040405
62038967
62039314
62039465
62041012
62040662
62039428
62070915
62040732
62039321
62040837
62040965
62042519
62040127
62040713
62040762
62040955
62071140
62039129
62039665
62040251
62041017
62041189
62041154
62040951
62039875
62041043
62041330
62071753
62041714
62040068
62041641
62041667
62072035
62041497
62040566
62041780
62040048
62039964
62071968
62042043
62042027
62040530
62072231
62042098
62040674
62042088
62041330
62072471
62041416
62041224
62041324
62072364
62072740
62041985
62042119
62042249
62042350
62072757
62041139
62072705
62042550
62072626
62042522
62041839
62072908
62042329
62041264
62042468
62041293
62073139
62042589
62042642
62042640
62072973
62040493
62042717
62042893
62042619
62041806
62042863
62043127
62043125
62043019
62043134
62044719
62041841
62041759
62043163
62043513
62073856
62043504
62043527
62043623
62042972
62074102
62043110
62043725
62043794
62042263
62074052
62043580
62043722
62043695
62043908
62074259
62043982
62043763
62044050
62042577
62074462
62044159
62043909
62044094
62043119
62043782
62044047
62042951
62044179
62042833
62042673
62043278
62044718
62044452
62043616
62074775
62044558
62044445
62044664
62043496
62043319
62043649
62043404
62044636
62044777
62074995
62043034
62043632
62044669
62045046
62046682
62043602
62044612
62043214
62043334
62044920
62043717
62044942
62043842
62075263
62044815
62043743
62045238
62045087
62044133
62043912
62045383
62045487
62075836
62045735
62044239
62045578
62044372
62045458
62045695
62076028
62075918
62045082
62045684
62043597
62076268
62045429
62046112
62046379
62046003
62045022
62046226
62046378
62044086
62044478
62045021
62046290
62044961
62076587
62046409
62045057
62076822
62044782
62044707
62077030
62044998
62045756
62046842
62046990
62045798
62077173
62046945
62045951
62047098
62045914
62046418
62045883
62047127
62047027
62046212
62077642
62046954
62077503
62077665
62047653
62047485
62047793
62046521
62078209
62047133
62047881
62048182
62046079
62046557
62047086
62048348
62048350
62078720
62045985
62048147
62048376
62048390
62078672
62046715
62047183
62048387
62047721
62078867
62047393
62048537
62048743
62079017
62048417
62047564
62048813
62046781
62048606
62047773
62048861
62047624
62079453
62047781
62048890
62049066
62046955
62079436
62048027
62049032
62049055
62047129
62047541
62048232
62049071
62049270
62049302
62048083
62048613
62047824
62049480
62048104
62049261
62049454
62047422
62047899
62048872
62049432
62048641
62079917
62048125
62048606
62049790
62049774
62080069
62049406
62048547
62049761
62049838
62080047
62049438
62048569
62049749
62050106
62048802
62048679
62049987
62048789
62080357
62049730
62048936
62049990
62050183
62048131
62080411
62049213
62050133
62050246
62050156
62048621
62080498
62049166
62050143
62050403
62048230
62080830
62049304
62048826
62049123
62048732
62049248
62080863
62048781
62049460
62050464
62050589
62050502
62050654
62049346
62080852
62050373
62049858
62050606
62080816
62081084
62050848
62049694
62050595
62050883
62048813
62049205
62049775
62050842
62049681
62081345
62051241
62049544
62049210
62049255
62049965
62049781
62051147
62051216
62049136
62081704
62051448
62049904
62081755
62081514
62051070
62050371
62051344
62051392
62051563
62081963
62051332
62049819
62050646
62051833
62049960
62050097
62050606
62051684
62051812
62082222
62050319
62050722
62051882
62052054
62049916
62051731
62050974
62052202
62052210
62051018
62051273
62051353
62051241
62052613
62052693
62050521
62050951
62051623
62052093
62052864
62083001
62052380
62051609
62052806
62051024
62052629
62083353
62051198
62051785
62051577
62053041
62053339
62051178
62051457
62052253
62051871
62053486
62051389
62051834
62052007
62053123
62053400
62052615
62083783
62052047
62052076
62052423
62052020
62054659
62053723
62085262
62054848
62053951
62055600
62055283
62053336
62053728
62054404
62055723
62054421
62055774
62056194
62055539
62086606
62055982
62056251
62056439
62054424
62054683
62056538
62056149
62055197
62056333
62055599
62086887
62054891
62056669
62056583
62055285
62055615
62056627
62055633
62087096
62056931
62057225
62056951
62054777
62055056
62086718
62055445
62056921
62056881
62057064
62055772
62087507
62055860
62056898
62057145
62087282
62055899
62055808
62057289
62055922
62055895
62056050
62057137
62057309
62087879
62056159
62057411
62056598
62056838
62057579
62057837
62088291
62056924
62057726
62058037
62088174
62057741
62056854
62057980
62056675
62088479
62057879
62058194
62056107
62088608
62057100
62088778
62056605
62057728
62058256
62058535
62088797
62057317
62058505
62058574
62056497
62058516
62057214
62088921
62058290
62057376
62058734
62057549
62056978
62057603
62058831
62056802
62057222
62057628
62058973
62057675
62089544
62058594
62059375
62060837
62059440
62059322
62059450
62089814
62059378
62058144
62059523
62059736
62090113
62058558
62057653
62057505
62090191
62059875
62057839
62090212
62058036
62059149
62059757
62060003
62090289
62058761
62059833
62060042
62057921
62059657
62058698
62059048
62059247
62058280
62059176
62060269
62058698
62060193
62058216
62090778
62059648
62060028
62060288
62090646
62058630
62060287
62090999
62060631
62060528
62060620
62058458
62091058
62059287
62060518
62060595
62090794
62060327
62059354
62060699
62090768
62060759
62060601
62060960
62091192
62061054
62059496
62060994
62060972
62059361
62059846
62060907
62061234
62059055
62059396
62060055
62061232
62060119
62091687
62061006
62091953
62061634
62061418
62061648
62091911
62060447
62061543
62061824
62061804
62060199
62061766
62060957
62092212
62061922
62061604
62062041
62059798
62060231
62060722
62061875
62061979
62060518
62062209
62062000
62062056
62062238
62092528
62062295
62060789
62062215
62062220
62092547
62062630
62062357
62062461
62062541
62061743
62093082
62061891
62062437
62062581
62064196
62062454
62063131
62062777
62060704
62061202
62061649
62062874
62062209
62061313
62061951
62062350
62061675
62093882
62062208
62093692
62062745
62093889
62064153
62062466
62063913
62064170
62094312
62063892
62062910
62064128
62064256
62064515
62062987
62064267
62064258
62094382
62064010
62064081
62064437
62094463
62062625
62063350
62064390
62094441
62064256
62063406
62064624
62065098
62064910
62064149
62063212
62064089
62065394
62065080
62066713
62064733
62064969
62064344
62064833
62063823
62065164
62065292
62095603
62064697
62065308
62065340
62095491
62065269
62065262
62065390
62095538
62065562
62065469
62064926
62065693
62064340
62096066
62064370
62065182
62095954
62096205
62064670
62064534
62065756
62064441
62096361
62065153
62065875
62065958
62063847
62063722
62064843
62066020
62066159
62096430
62066225
62064729
62066156
62065361
62096673
62065489
62096582
62065653
62066559
62096715
62066571
62096926
62066130
62065349
62066553
62065909
62097197
62065641
62066770
62066112
62065376
62066422
62066044
62065673
62067028
62066858
62097156
62066733
62066794
62067017
62097311
62065873
62066983
62067243
62068940
62065889
62066812
62067348
62066193
62066830
62066770
62098082
62066639
62067730
62067647
62065491
62065801
62066525
62067699
62066973
62098344
62066810
62067680
62067846
62066088
62066305
62066090
62068333
62068096
62068302
62067435
62098571
62067915
62068354
62068442
62066533
62068258
62068365
62068389
62066486
62098900
62068357
62067522
62068802
62068779
62098887
62068771
62068617
62068925
62070431
62067840
62067421
62068817
62068856
62099553
62068277
62068885
62069166
62099575
62068945
62067987
62069164
62067279
62069145
62068227
62069449
62099679
62069639
62069351
62069563
62067691
62069369
62069468
62069651
62099899
62068415
62069463
62069678
62067678
62100123
62069870
62068500
62069866
62067766
62068295
62068643
62069950
62067912
62069747
62068785
62100507
62070192
62070041
62070250
62068173
62068510
62069070
62070210
62100437
62070489
62068705
62069364
62070363
62069849
62068891
62069475
62070034
62070818
62101042
62069781
62070866
62070901
62070651
62070858
62071056
62070302
62069300
62069833
62071075
62071066
62101470
62070489
62071097
62071224
62069827
62069590
62070047
62071095
62071352
62101535
62069701
62070118
62071449
62071600
62101598
62071354
62071665
62070004
62069864
62070333
62071486
62069656
62102064
62071752
62071451
62069976
62102291
62070094
62070675
62070584
62071817
62072221
62070164
62070348
62071004
62070688
62102446
62072249
62070198
62070237
62103114
62070880
62071372
62072600
62071381
62103112
62071832
62072793
62072822
62103305
62071820
62072909
62072499
62071859
62071826
62072988
62073126
62103299
62072913
62072918
62073199
62070982
62071401
62072947
62071185
62103620
62072308
62073241
62073493
62073443
62072760
62103886
62072284
62073366
62073551
62075142
62073329
62073776
62073689
62104062
62072536
62073475
62073670
62103958
62073504
62072484
62074017
62073212
62072060
62074049
62073913
62071909
62072318
62072847
62074014
62073437
62104770
62073155
62074380
62073045
62072365
62072588
62073213
62074371
62074440
62072381
62072729
62073922
62074436
62074634
62073815
62105122
62073418
62073651
62074377
62073833
62075127
62074775
62104950
62074999
62073493
62074725
62073618
62105301
62072819
62074153
62074229
62105331
62074654
62073783
62075128
62075263
62105713
62074038
62075177
62074090
62105535
62074045
62075284
62075109
62074802
62075194
62075664
62105769
62074893
62075466
62075707
62105858
62074389
62074523
62075772
62074485
62106142
62075634
62075700
62106147
62075773
62075268
62074675
62076005
62074806
62106387
62074820
62075879
62076101
62106353
62075162
62076180
62076277
62106449
62075951
62075023
62075455
62106596
62074591
62075147
62076355
62075666
62106930
62075474
62076530
62076501
62075053
62076496
62075195
62076509
62076664
62076438
62075552
62076654
62076884
62107203
62075700
62076146
62074903
62107407
62075821
62077015
62077085
62107481
62076035
62077056
62077302
62077368
62077032
62077190
62077338
62107697
62077087
62076234
62077589
62077549
62107601
62077215
62076041
62077581
62107900
62108218
62076036
62076287
62076079
62077486
62076340
62076508
62077682
62077840
62108146
62078064
62077800
62077876
62075806
62076160
62076628
62077815
62077215
62108503
62077848
62078002
62076625
62108567
62077227
62078165
62078265
62108589
62078240
62078123
62078404
62078232
62077323
62078221
62078406
62108661
62078445
62077982
62108914
62078668
62078428
62078640
62076505
62076904
62077539
62078791
62077226
62109315
62077681
62078643
62078737
62079069
62077542
62078938
62077579
62078773
62076694
62077096
62077789
62078830
62079050
62078917
62079199
62109499
62079280
62079067
62079403
62077479
62079311
62079411
62078662
62077709
62078275
62079682
62078702
62077874
62078311
62079468
62079661
62109986
62078686
62079641
62079820
62078915
62079304
62078253
62079598
62078936
62110154
62078634
62079634
62079782
62078031
62079099
62079776
62080087
62110428
62078951
62080036
62078495
62078540
62079056
62080250
62078815
62078573
62079194
62080374
62078214
62110555
62078939
62079194
62080583
62078599
62110891
62079902
62080793
62080828
62079908
62078975
62080881
62080841
62080748
62080896
62081145
62079411
62080735
62080736
62111066
62079648
62079426
62080956
62078773
62079168
62079748
62080991
62079014
62111433
62080091
62081231
62081305
62079136
62081688
62080578
62081494
62111862
62080224
62080122
62081547
62079450
62081702
62081704
62112445
62081162
62081773
62081979
62079807
62080587
62082257
62082015
62081256
62112578
62082199
62080912
62082219
62081058
62112666
62082492
62082351
62082512
62084233
62081294
62082495
62082719
62112733
62082409
62081125
62082661
62081034
62113068
62113084
62080519
62082799
62082975
62113078
62082596
62081778
62083085
62083062
62113450
62082859
62083211
62083256
62081262
62081630
62082536
62083321
62083512
62113581
62083178
62082165
62083390
62082737
62083438
62083599
62083791
62114127
62083119
62083658
62084025
62081901
62082299
62082874
62083835
62084140
62084281
62084100
62083951
62084272
62083314
62083151
62084124
62084350
62083472
62114565
62084478
62084385
62084755
62084376
62083987
62084737
62084951
62114984
62084563
62083662
62085157
62084957
62082980
62115583
62084994
62083388
62083982
62083184
62084528
62115434
62085336
62085096
62085329
62083375
62085475
62115737
62084076
62084087
62085294
62083323
62085035
62084083
62085332
62083979
62115766
62085499
62083985
62085378
62084662
62115833
62083306
62085357
62085700
62083545
62085298
62084438
62085543
62085756
62115808
62085392
62084398
62085764
62085820
62116147
62084983
62084549
62085873
62116296
62085680
62085222
62086248
62085961
62083888
62084283
62084881
62116424
62116218
62084309
62084934
62086022
62086215
62116756
62085230
62085111
62085383
62086331
62086373
62116799
62086180
62085228
62086507
62085128
62086302
62085692
62086578
62086620
62116923
62085787
62086993
62086652
62117027
62086352
62085411
62086120
62086112
62085148
62087106
62087110
62117186
62087014
62087175
62087327
62117672
62117441
62087390
62086632
62117824
62087581
62087351
62087665
62086843
62085824
62086837
62087453
62087761
62085589
62087634
62087765
62087841
62087005
62086085
62086669
62086885
62118247
62118501
62086639
62086712
62087944
62088185
62086040
62086322
62086782
62088014
62086785
62088640
62088250
62086953
62118564
62088257
62087569
62088322
62088490
62088406
62088623
62088668
62086669
62087705
62088536
62088693
62087585
62087135
62088613
62087954
62119298
62087652
62088035
62088705
62087684
62088552
62087904
62088979
62089093
62119201
62087445
62087916
62089150
62087850
62119512
62089178
62087313
62119339
62087380
62087892
62089168
62089293
62119666
62089417
62089116
62089328
62087159
62088967
62088135
62089353
62089444
62088446
62088062
62089530
62088967
62087948
62088481
62089723
62089718
62089667
62089829
62120016
62089917
62089779
62088577
62089105
62088555
62090003
62088880
62120451
62090281
62088651
62090085
62091848
62090058
62090322
62089633
62088631
62089020
62090269
62090469
62120697
62090655
62089135
62090579
62089726
62088832
62098535
62092419
62091013
62092327
62092815
62092672
62093195
62091806
62093196
62093101
62091655
62123398
62092782
62093065
62093212
62093357
62123505
62092897
62093326
62093395
62093564
62123686
62093693
62092379
62093556
62093759
62124037
62093495
62092567
62093864
62094081
62094099
62094045
62092301
62094197
62092845
62094296
62094355
62092240
62124924
62094372
62093073
62094469
62094546
62124722
62094380
62093449
62093912
62093396
62124871
62094585
62093612
62094741
62094831
62125155
62094597
62093816
62094994
62094892
62094736
62094569
62093777
62094907
62095207
62094286
62094965
62093876
62095097
62095314
62094571
62125867
62094464
62095376
62095721
62094276
62125893
62095279
62094279
62095442
62125582
62125883
62095716
62094148
62095568
62095673
62125807
62095360
62094545
62095695
62095802
62094453
62094629
62094613
62094921
62094584
62096001
62096266
62126287
62095802
62095011
62096154
62094856
62096444
62096288
62095082
62095162
62095682
62095136
62096477
62096468
62096677
62126593
62096290
62096426
62096515
62095679
62126990
62095279
62095167
62096642
62096568
62095260
62094766
62096686
62095290
62096628
62096828
62127251
62095644
62096740
62096891
62094749
62127270
62095395
62096246
62095257
62127345
62095321
62096073
62096888
62097298
62127462
62096945
62095743
62097074
62095721
62097125
62095850
62097138
62097412
62095270
62127722
62096604
62127711
62095806
62096335
62097834
62097961
62095837
62128451
62097383
62097944
62128349
62097764
62097052
62096697
62098121
62098122
62128283
62097918
62097089
62098191
62098336
62128457
62096641
62098412
62098399
62098565
62097821
62129005
62097901
62098550
62098636
62097916
62096924
62097457
62098812
62098789
62098753
62097308
62098929
62096812
62129138
62099080
62098806
62099015
62098117
62129285
62128954
62097224
62098803
62098930
62098803
62096944
62097768
62099078
62129541
62099226
62097700
62099123
62099265
62099144
62099131
62097284
62099478
62098665
62099188
62099451
62099398
62097188
62097584
62098315
62099256
62099599
62101275
62099548
62099443
62099666
62097572
62098025
62098523
62099717
62099790
62097755
62098075
62098590
62100014
62100087
62098062
62130483
62130611
62130424
62100005
62100237
62100317
62130761
62099526
62100028
62100189
62098239
62098583
62099427
62099422
62099546
62130721
62100160
62099243
62100382
62100500
62098389
62100187
62099293
62100685
62100638
62100930
62099370
62100429
62100627
62099381
62130973
62100713
62098824
62131149
62100808
62099476
62100914
62099029
62131179
62099405
62099938
62099244
62131473
62100242
62131307
62100103
62101025
62101376
62100438
62131822
62100642
62101270
62101522
62101514
62131771
62100519
62101314
62101506
62101671
62101700
62101893
62099783
62132311
62100783
62100417
62101950
62100762
62132152
62101963
62101819
62101932
62102071
62132460
62100075
62100934
62102044
62102277
62100094
62100472
62101107
62102387
62102532
62132560
62102054
62101188
62102413
62102517
62132634
62132745
62119428
62118119
62150327
62119688
62118682
62119805
62119969
62119779
62150228
62119620
62118867
62120030
62120374
62150363
62150754
62119293
62119044
62120559
62120445
62150670
62120146
62119228
62120275
62120440
62120203
62120337
62120475
62120497
62150882
62120796
62119502
62120757
62121008
62118843
62119232
62119741
62120156
62118890
62151305
62120723
62119788
62121044
62120933
62151872
62121365
62120123
62121273
62121332
62119784
62151798
62121062
62120510
62121363
62121497
62151787
62121276
62120448
62121440
62121708
62120177
62152067
62119628
62152246
62120825
62120406
62121874
62121927
62121883
62120565
62122035
62120574
62121813
62120727
62152083
62120225
62121102
62121806
62122028
62119904
62122109
62122213
62120806
62122379
62122271
62152371
62121859
62121040
62122368
62122420
62120272
62120511
62121500
62121205
62122419
62122620
62122448
62121794
62120854
62153060
62152907
62153172
62122063
62121391
62122824
62122813
62153087
62121299
62122010
62122729
62123068
62122974
62120880
62121200
62122078
62123009
62121365
62122437
62123059
62123223
62123484
62123276
62123431
62123535
62153824
62123120
62122120
62123451
62123627
62153689
62123232
62154033
62122806
62122820
62122002
62122446
62122440
62122516
62124205
62123944
62124123
62121643
62154407
62123972
62122480
62123705
62123817
62125558
62123983
62123756
62123883
62124137
62121951
62122292
62122992
62124224
62124185
62154543
62123948
62123403
62124402
62122566
62154524
62124375
62124289
62124460
62124468
62154698
62155012
62154878
62124635
62123359
62124748
62124789
62122696
62125058
62123930
62124687
62124824
62123327
62122861
62124226
62155381
62123973
62124867
62125068
62124229
62155292
62124873
62125085
62125216
62123853
62155471
62124224
62125095
62125341
62123238
62125239
62125527
62125525
62125557
62124324
62155892
62125440
62124475
62126135
62125776
62125757
62123646
62156177
62125707
62125882
62125965
62125207
62156305
62126094
62124673
62126021
62126033
62156240
62125672
62126109
62126120
62125281
62156599
62125466
62126138
62126430
62125471
62156811
62125251
62126353
62126485
62124644
62156836
62126590
62125221
62126620
62126748
62156978
62126285
62124867
62126425
62125446
62126701
62126679
62124746
62157261
62126962
62126674
62126811
62127010
62157232
62126990
62127032
62125055
62157390
62126044
62126911
62127318
62125798
62157749
62126176
62127146
62127522
62126485
62125983
62126073
62126204
62126270
62127581
62127763
62157959
62127324
62127059
62126322
62127623
62127860
62126315
62157967
62127798
62127690
62127719
62127108
62158153
62127615
62126623
62127705
62127893
62127803
62125788
62126170
62127745
62127835
62128100
62158352
62127911
62126932
62128095
62128056
62128234
62128338
62130165
62128228
62128202
62128378
62128324
62158555
62128039
62127121
62128370
62128542
62158789
62128657
62128451
62128533
62127823
62128607
62128718
62128715
62128870
62126722
62159354
62128050
62159558
62159222
62127430
62128141
62129045
62129203
62128455
62159575
62129058
62128113
62129172
62129496
62127959
62128127
62129175
62129309
62129450
62127506
62159737
62129032
62128210
62129438
62129586
62159835
62129222
62129819
62129731
62129794
62128261
62128491
62128540
62130047
62129819
62129016
62129970
62130002
62160222
62129669
62128871
62160126
62129380
62160487
62129488
62128553
62128968
62130067
62130282
62130472
62160860
62130255
62129330
62130408
62130615
62128381
62128811
62129484
62130564
62130772
62161215
62128660
62130971
62131153
62130847
62130810
62161081
62130446
62129726
62130928
62130844
62131061
62129769
62161172
62130790
62129831
62129722
62131156
62131418
62129273
62161612
62131486
62130243
62131730
62131363
62130202
62131274
62130280
62131372
62131605
62131592
62161903
62131837
62131450
62131635
62131756
62131908
62162128
62130683
62162090
62132132
62132113
62131403
62162492
62130868
62130879
62132200
62132277
62162609
62132111
62131200
62132477
62132537
62130690
62131991
62131275
62132826
62132577
62130679
62163003
62131762
62132561
62132703
62130726
62131101
62131914
62132828
62163092
62163182
62163496
62132070
62133152
62133235
62132467
62163424
62132725
62132046
62132700
62133327
62163475
62133078
62133639
62133132
62133188
62133379
62133408
62132736
62163692
62133509
62132010
62133471
62133376
62132503
62133282
62132314
62132892
62163997
62133329
62132595
62133940
62134026
62133956
62164344
62132686
62164160
62163992
62133118
62164091
62133923
62132619
62133970
62132809
62133869
62132799
62133847
62134230
62132877
62132960
62164487
62134295
62134175
62134240
62134521
62132373
62164754
62134641
62133125
62134502
62134687
62133913
62165127
62134844
62133331
62134899
62132857
62133163
62134205
62135129
62135055
62134257
62133084
62135034
62135036
62135115
62135246
62133077
62165339
62133508
62134416
62135048
62135329
62133184
62134983
62134099
62135130
62134434
62134130
62135392
62135550
62134768
62165958
62135262
62134468
62135707
62135837
62137395
62134572
62134973
62134517
62135691
62135708
62135871
62135120
62166312
62135720
62134573
62135801
62134833
62166181
62166375
62134816
62166370
62135935
62135605
62136189
62136237
62136389
62134251
62166950
62135148
62135225
62136231
62136410
62135772
62134657
62135302
62136544
62136672
62166882
62136537
62135030
62135689
62136734
62167169
62136880
62137035
62137217
62137132
62167266
62135339
62135899
62136990
62137159
62137205
62137345
62137296
62136036
62135633
62137224
62137389
62136287
62137615
62137794
62136961
62168097
62137876
62137660
62137917
62135758
62136191
62167702
62137347
62137896
62136327
62168141
62137451
62137093
62137752
62137854
62137969
62135776
62137716
62136636
62137756
62138095
62137926
62136163
62168480
62136856
62137952
62138185
62138258
62137756
62138390
62137209
62138222
62138339
62137055
62168706
62138337
62138287
62138523
62136501
62136623
62138291
62137864
62138689
62169068
62138448
62137616
62138612
62138884
62138874
62138875
62138944
62169440
62139268
62137899
62139004
62139046
62137834
62139053
62139332
62138379
62169484
62139363
62139223
62139633
62138838
62138976
62138205
62139571
62139559
62138739
62169904
62139643
62139448
62139602
62138803
62137832
62138982
62139512
62139724
62139419
62140114
62138487
62139532
62139744
62138298
62170247
62139101
62139688
62139921
62139525
62140114
62138642
62139430
62140064
62138807
62170439
62139965
62139034
62140500
62140290
62138278
62140227
62140243
62140397
62139143
62170822
62140373
62139212
62140401
62140385
62140627
62140578
62170988
62138346
62140103
62140733
62140786
62138799
62171226
62139672
62139529
62140847
62141039
62171261
62140816
62141095
62141001
62138976
62171338
62140877
62139901
62141280
62141209
62138996
62140892
62140004
62141127
62140831
62139450
62140498
62141178
62141510
62140735
62172023
62141447
62140143
62141807
62141520
62139597
62172035
62139283
62140055
62140063
62171761
62171930
62140213
62171970
62141480
62140507
62142043
62141898
62172194
62141650
62141705
62141804
62141976
62139903
62172308
62142117
62140586
62172407
62140392
62142237
62172475
62140668
62140767
62172415
62141959
62141165
62142506
62172745
62172781
62172963
62141782
62142404
62142725
62140481
62173197
62142834
62142669
62142868
62173124
62173312
62142705
62141499
62142763
62143074
62143085
62140907
62173382
62143246
62143105
62143375
62142536
62173763
62142166
62143340
62144172
62144736
62145381
62175640
62145625
62145589
62145798
62143711
62145595
62144796
62144667
62146123
62146220
62146276
62145542
62176994
62146535
62145019
62146446
62146040
62146186
62145507
62145141
62146585
62146774
62146608
62146725
62146637
62176892
62146440
62144597
62145459
62144630
62177364
62146708
62145539
62146716
62145151
62177239
62145092
62145706
62146368
62145551
62177458
62146858
62145934
62145374
62147290
62147253
62147446
62146648
62177816
62147600
62146104
62147489
62147505
62177759
62147715
62146315
62147615
62146136
62147897
62146417
62146335
62147578
62147836
62147116
62178233
62147193
62147890
62148037
62146029
62178588
62148108
62146646
62148093
62147664
62178608
62146379
62146885
62146934
62147964
62148191
62178210
62146390
62146854
62147358
62147539
62147896
62150049
62147021
62148195
62148335
62148385
62178554
62178826
62148411
62147107
62148237
62148302
62178783
62148131
62147312
62149063
62148672
62147453
62178961
62147171
62147731
62149083
62148795
62146671
62147152
62148036
62148958
62147048
62179312
62148670
62147848
62148441
62149413
62149195
62147300
62179989
62149250
62149242
62147624
62148997
62148288
62148201
62149494
62149564
62148764
62180111
62149868
62148365
62150007
62149879
62148970
62148634
62149702
62149740
62149820
62180130
62180548
62149005
62149833
62149850
62148047
62148188
62148572
62149027
62148216
62148446
62180750
62150340
62149420
62150532
62150677
62149276
62181057
62149415
62149594
62150682
62180758
62181210
62150440
62149518
62149043
62149579
62148747
62181321
62149366
62151286
62149948
62151009
62151202
62149153
62181585
62151431
62181770
62151380
62181560
62181917
62150736
62151344
62151615
62149566
62149910
62150999
62151569
62151877
62150959
62149985
62150568
62152015
62151500
62150503
62153658
62151903
62152043
62152137
62150167
62182237
62182377
62182702
62151186
62152156
62152218
62151040
62151205
62150949
62152138
62152411
62151281
62151365
62152461
62152727
62152763
62150690
62151010
62151659
62152836
62152994
62150863
62152729
62151723
62152886
62153065
62151685
62152173
62151818
62183469
62152852
62153332
62152100
62153173
62153252
62153380
62151355
62183724
62152108
62152157
62152141
62153698
62153535
62153663
62152953
62184196
62153855
62152547
62154008
62153911
62151852
62152274
62153727
62153286
62154156
62154401
62152990
62154624
62154379
62154245
62154427
62154503
62153715
62184591
62154123
62153294
62154404
62154722
62154299
62153552
62153352
62154765
62153563
62185058
62153058
62153806
62154693
62154980
62153033
62155009
62154878
62155004
62153765
62185367
62154887
62153341
62154089
62153838
62185564
62153784
62154225
62155409
62155540
62153597
62186006
62154449
62155494
62155744
62153666
62155268
62154501
62155549
62155686
62154414
62186064
62155928
62155893
62156129
62154896
62153998
62154540
62155772
62155965
62155371
62186376
62154875
62156035
62156183
62186331
62154787
62186360
62154531
62186488
62156242
62155632
62186764
62154827
62155514
62156366
62156644
62156721
62187007
62156788
62154712
62156621
62154623
62187191
62156931
62155617
62155063
62155890
62157276
62157040
62155769
62187326
62155854
62156929
62157148
62187361
62155845
62157024
62157298
62156116
62187676
62157212
62156246
62157437
62156317
62187868
62156295
62156231
62156660
62188013
62157553
62156763
62157637
62157865
62156352
62188255
62158147
62156630
62158088
62157980
62156707
62156951
62157996
62158266
62156868
62157638
62156370
62156429
62189029
62157258
62158296
62158484
62156663
62158187
62158349
62158390
62157047
62188577
62156830
62157391
62157169
62157896
62158758
62188969
62188824
62158684
62156580
62156938
62157559
62157471
62158778
62158971
62157450
62189195
62157825
62158819
62158932
62157840
62157800
62158847
62159193
62159300
62157128
62157558
62158544
62159647
62159370
62189625
62159009
62158482
62159607
62158176
62189768
62159248
62158799
62159852
62190048
62158011
62159086
62158376
62159974
62159887
62190128
62159722
62159132
62159653
62190460
62159664
62158694
62158524
62159869
62160072
62158012
62158357
62159421
62159900
62160150
62158930
62160343
62159005
62160142
62160166
62160263
62190452
62160001
62158943
62160439
62158397
62158853
62159366
62160704
62160730
62160454
62160532
62160795
62160010
62158901
62159499
62160676
62160971
62191220
62159749
62159727
62160989
62161066
62162698
62160946
62161161
62161286
62159192
62159550
62160158
62161403
62161504
62159332
62159775
62160308
62161927
62160171
62161590
62160453
62162026
62161683
62160894
62160511
62159690
62159959
62161088
62161769
62160697
62161521
62161912
62160761
62162014
62162128
62161298
62192254
62162055
62160607
62162130
62192394
62160940
62160578
62162073
62161230
62160396
62161468
62162049
62162288
62192687
62161398
62161225
62162738
62162462
62192712
62162361
62161416
62162689
62162837
62162250
62160951
62162936
62161382
62161380
62162694
62162965
62160790
62193517
62161821
62161726
62163135
62161859
62160931
62193411
62163243
62163081
62163154
62162369
62193540
62163218
62163084
62163259
62161305
62163401
62162087
62193908
62163180
62162279
62163957
62163625
62193739
62163411
62162429
62163633
62163770
62162339
62162175
62163894
62162617
62163918
62164080
62162775
62194519
62164075
62162696
62164123
62164052
62163297
62162854
62163953
62163396
62162889
62164066
62164286
62163002
62194714
62162572
62163183
62164727
62164665
62163338
62163257
62164404
62164678
62163192
62194804
62163379
62163506
62164734
62164913
62166573
62163350
62164918
62164858
62162823
62195471
62163877
62163608
62164977
62165115
62195498
62164826
62164957
62165185
62165319
62165416
62164802
62195820
62165430
62164355
62165707
62165756
62163686
62195877
62165304
62164859
62163637
62196176
62165925
62164604
62165808
62165810
62165705
62165908
62163934
62164244
62196028
62165927
62166021
62164235
62196546
62166290
62164914
62166029
62166195
62164698
62196554
62165365
62166364
62166375
62166383
62196675
62166641
62165265
62166562
62166663
62164470
62197196
62165910
62196785
62196724
62197045
62166879
62165571
62166895
62167023
62164892
62197386
62166032
62166958
62167181
62166276
62167341
62166901
62165620
62167465
62165996
62167269
62167322
62197381
62167060
62166355
62167364
62167595
62166882
62198201
62167616
62167666
62165692
62167790
62167656
62167782
62167900
62167187
62198061
62168129
62168029
62168128
62166727
62198414
62168391
62166929
62198783
62198604
62166757
62167767
62168337
62168549
62168492
62198787
62168121
62167772
62168361
62167151
62198701
62166950
62168921
62168579
62168740
62166807
62167025
62167879
62168769
62168941
62166844
62167311
62168874
62167294
62169041
62168928
62169223
62169037
62169061
62168481
62169166
62167107
62166863
62169134
62169237
62169481
62199665
62169320
62169400
62169459
62167488
62167955
62168495
62169540
62169790
62199844
62167792
62168349
62169618
62169670
62167580
62169330
62168611
62169911
62169990
62167818
62168189
62199871
62169941
62169986
62169201
62200318
62168405
62169439
62170036
62170260
62169499
62200402
62200764
62170086
62170348
62170565
62170488
62168463
62168796
62169586
62170466
62170692
62169806
62201185
62169721
62170746
62170931
62201130
62170653
62170141
62170943
62171295
62169052
62171254
62171289
62169727
62171265
62171055
62171257
62171327
62201449
62169666
62170669
62171315
62171353
62201553
62169752
62170360
62171904
62171579
62170941
62170807
62171618
62171766
62171053
62202379
62170624
62172260
62171987
62171267
62202419
62171168
62202356
62202549
62172327
62171070
62172330
62172279
62172493
62171499
62172303
62172489
62170357
62202761
62171234
62172306
62171705
62172451
62171759
62202970
62171631
62172615
62172916
62171947
62203218
62171871
62172717
62172966
62172689
62172793
62172886
62171765
62171591
62172871
62173043
62203126
62172720
62171813
62173134
62173207
62174962
62172040
62173150
62173448
62172612
62203948
62173335
62172383
62173819
62173500
62172081
62203655
62171870
62173604
62173673
62172936
62204053
62173902
62172515
62172952
62172370
62204497
62173327
62174020
62174099
62173092
62174079
62174249
62174224
62204417
62172495
62173116
62174279
62174626
62172603
62172759
62204695
62174469
62172266
62204826
62173295
62174204
62174509
62172412
62172756
62173597
62204773
62204989
62173049
62173817
62205104
62173148
62173756
62174801
62175051
62174129
62173710
62173756
62175002
62175180
62175181
62205343
62173465
62174438
62175008
62175360
62173147
62173440
62175002
62174559
62175101
62175217
62175249
62173160
62173110
62174142
62175528
62175649
62174902
62205901
62175830
62175669
62175964
62174466
62206240
62176024
62175890
62176061
62175817
62175831
62174766
62175998
62176191
62175334
62206657
62175008
62176118
62176265
62174315
62206888
62176279
62176863
62175297
62206982
62176276
62175452
62176380
62176695
62176751
62176941
62176938
62174766
62175171
62175683
62176720
62176876
62176084
62176164
62207398
62175780
62176879
62177013
62207299
62177189
62175871
62177110
62177286
62207586
62175217
62177149
62177154
62176013
62207566
62177536
62176009
62177418
62177621
62207808
62177613
62177479
62176300
62207713
62177188
62176734
62177615
62177671
62176462
62208013
62177646
62176622
62177847
62177972
62207973
62177889
62178356
62177977
62178183
62177111
62177034
62178082
62178250
62177388
62208606
62178034
62177058
62178259
62177074
62178467
62178536
62176772
62208823
62178246
62208813
62176499
62177378
62178808
62209121
62177679
62177355
62178781
62179070
62178285
62209245
62178769
62177964
62179138
62208992
62177647
62209226
62179235
62177787
62179026
62179208
62179198
62180836
62181025
62179874
62211516
62181361
62180573
62180984
62181782
62179685
62180392
62180205
62180442
62181883
62180170
62181714
62212353
62181726
62181110
62181963
62182244
62181497
62212561
62182462
62180436
62180988
62212677
62182187
62181289
62182484
62182539
62180693
62212865
62182330
62181183
62181370
62182661
62182600
62182718
62180774
62213220
62181792
62182851
62182984
62183016
62213377
62182940
62181806
62181377
62213658
62181001
62213497
62182161
62183121
62183384
62181812
62181628
62182212
62183338
62182125
62213949
62183228
62182444
62181850
62213943
62214066
62182103
62182873
62184149
62182659
62214412
62182935
62183994
62182958
62183572
62184342
62183574
62214518
62182614
62183143
62184305
62184536
62183600
62214907
62183384
62183248
62184494
62184727
62215009
62183344
62183341
62184563
62185118
62182781
62215385
62184526
62184625
62184244
62183586
62184354
62183453
62184556
62184157
62184724
62185261
62184911
62183852
62185026
62184790
62215778
62185138
62184237
62185619
62185692
62183510
62216199
62185117
62185790
62185975
62184667
62184494
62184714
62186474
62185971
62184528
62216330
62186202
62184727
62186294
62184845
62216519
62186181
62186341
62186390
62216538
62184723
62185283
62185034
62185873
62186708
62184461
62217112
62185904
62184890
62186742
62186005
62217087
62186820
62185273
62186707
62185483
62217277
62187096
62186979
62187054
62217340
62187246
62186304
62187166
62185093
62217585
62186920
62186026
62187192
62187269
62185939
62186103
62187197
62186830
62187443
62187655
62186723
62187920
62186913
62217926
62186351
62187451
62186730
62186421
62188026
62187760
62186954
62218165
62186679
62187663
62187995
62186552
62218398
62188015
62218353
62187919
62188160
62186711
62218469
62186681
62187289
62187041
62188324
62188544
62218620
62188129
62187070
62187593
62188496
62187152
62218864
62188242
62187413
62188981
62188844
62187987
62219096
62188644
62187496
62187343
62188598
62187674
62187463
62188835
62189035
62186917
62219498
62219155
62189355
62189014
62189193
62186935
62188686
62187929
62188969
62189213
62219612
62188114
62188070
62189524
62189525
62188993
62189701
62188244
62189812
62189453
62188223
62219788
62189722
62189482
62189726
62187618
62187880
62187887
62189430
62189548
62188770
62220005
62189841
62188393
62189078
62189911
62220179
62189693
62189863
62189967
62189161
62220476
62188375
62189450
62190082
62190305
62188164
62189887
62208271
62209475
62209579
62209765
62209732
62209635
62208546
62239760
62240102
62209769
62208407
62209768
62209944
62207826
62240332
62210053
62208547
62209844
62208350
62209727
62208904
62210000
62210287
62209449
62208718
62209055
62210127
62210472
62208927
62240679
62210070
62209166
62210285
62210526
62240856
62210468
62210448
62210525
62209863
62241270
62209967
62210599
62210825
62210980
62208835
62241357
62209872
62241171
62210874
62210967
62210084
62241355
62211138
62210936
62211237
62209863
62241634
62210228
62210456
62209940
62211252
62210132
62211191
62211325
62210420
62210092
62211426
62211681
62210722
62242030
62210846
62211427
62211690
62211315
62242005
62210072
62210546
62211989
62210537
62242433
62210917
62211845
62212132
62210645
62242528
62211353
62210745
62212012
62212224
62211463
62210707
62211138
62212444
62212411
62242708
62212157
62210684
62211611
62242707
62212238
62212577
62242947
62211524
62211324
62212590
62212742
62242976
62212440
62211614
62212760
62211530
62211065
62243555
62211784
62212924
62213115
62210991
62243461
62213112
62211674
62243144
62243303
62212642
62243664
62212767
62211821
62213187
62212091
62243734
62212441
62213275
62213402
62213033
62211908
62213366
62213329
62212606
62243947
62213687
62212301
62213677
62213935
62212973
62212379
62214176
62213960
62213954
62244318
62213679
62213282
62213926
62214234
62213415
62212237
62213866
62213874
62214104
62212771
62244752
62214314
62214624
62212878
62214171
62212944
62214272
62214382
62212803
62244772
62214162
62213392
62214720
62214796
62212688
62213043
62213819
62212638
62213185
62212517
62213026
62214074
62213375
62214873
62214898
62214930
62215110
62214733
62213612
62213328
62214940
62215117
62213180
62245339
62214850
62213884
62215215
62215158
62245425
62214788
62213918
62213697
62213896
62215118
62215372
62213254
62215367
62215608
62215332
62215560
62214722
62214838
62214649
62214152
62215543
62215635
62214185
62245910
62213886
62214477
62215623
62215775
62246262
62215971
62215965
62216086
62216331
62214756
62215801
62215954
62216008
62246231
62215718
62215290
62216075
62215396
62216402
62215682
62246941
62216637
62215240
62246960
62246942
62214717
62246813
62216225
62215860
62216550
62216660
62215403
62247251
62215583
62216476
62216635
62247541
62216706
62215905
62216969
62217056
62215041
62247597
62216095
62217082
62217278
62216018
62216149
62217238
62217440
62216180
62247651
62215514
62216173
62247906
62247743
62215738
62216397
62217475
62217702
62216896
62248287
62248033
62215799
62215848
62248369
62217640
62216900
62217914
62218075
62217300
62248417
62218225
62217981
62218201
62216923
62217453
62216854
62217122
62218181
62218431
62217796
62218717
62217928
62216641
62218816
62216864
62217918
62217500
62218623
62218888
62219027
62249319
62218625
62217708
62218861
62219037
62217986
62219216
62218000
62219555
62219121
62219132
62216922
62217467
62218556
62219073
62219360
62217771
62217900
62217751
62219109
62219227
62218045
62249814
62219140
62218273
62219332
62219531
62218767
62217499
62217932
62219903
62219486
62219655
62217715
62249979
62219360
62218600
62219613
62219492
62249782
62250050
62219738
62218316
62219824
62220013
62250161
62219742
62219929
62220093
62218435
62219618
62220101
62250397
62219744
62218834
62219950
62220204
62218315
62250769
62219107
62220024
62220148
62250285
62218389
62219085
62220130
62220444
62219248
62250725
62220183
62219344
62220393
62250681
62251036
62251082
62220373
62219469
62220738
62219523
62250995
62220502
62219636
62220876
62220833
62218753
62251493
62220969
62219607
62220880
62220919
62221019
62220282
62251322
62220861
62219909
62221035
62221273
62251340
62219475
62219984
62221109
62221261
62251513
62221362
62219975
62221436
62221510
62251610
62221317
62220211
62221559
62220227
62220225
62221512
62221691
62220971
62251953
62220018
62220742
62222035
62222098
62221319
62252429
62221803
62220950
62220281
62222187
62222096
62219988
62252268
62252477
62221815
62221349
62222223
62222332
62252477
62221221
62220767
62221008
62252517
62222032
62221076
62222394
62222536
62220408
62222288
62221336
62222958
62222115
62252942
62222120
62221390
62222960
62222824
62221378
62253451
62223121
62221724
62222919
62223081
62221408
62222137
62221673
62222929
62223245
62253310
62253833
62222456
62223369
62223483
62223508
62223666
62224951
62223484
62223605
62223825
62222253
62254079
62223485
62222602
62223720
62223875
62221577
62223389
62222489
62223775
62223879
62221860
62223455
62223603
62223810
62223039
62254186
62222600
62222611
62223970
62223271
62254527
62223764
62222994
62221882
62224169
62224276
62254549
62224615
62224232
62224543
62222296
62222753
62223467
62224504
62224646
62254941
62224791
62224637
62224511
62224554
62224709
62254862
62224259
62223454
62225048
62224857
62224766
62224792
62223449
62224665
62224842
62225230
62224286
62225161
62223118
62255701
62224072
62224929
62223615
62255542
62224659
62224278
62223705
62224493
62225263
62255608
62225099
62224077
62225333
62223915
62225374
62224414
62224182
62225617
62225631
62224571
62223950
62224507
62225509
62225815
62256059
62225478
62224619
62225847
62226071
62227710
62225818
62225897
62226199
62225304
62256563
62226281
62225268
62226181
62226343
62224232
62224579
62225177
62256743
62256719
62257018
62225055
62225015
62225882
62226594
62256754
62224937
62225446
62256683
62225852
62226725
62257182
62226727
62227002
62225998
62257142
62226591
62225691
62226940
62227146
62257392
62226292
62226957
62226574
62227232
62257521
62227069
62226141
62227294
62227409
62257537
62227072
62257922
62227585
62226800
62257791
62227366
62226294
62227554
62227781
62257947
62227803
62226331
62225952
62258195
62227945
62227929
62225989
62228360
62227896
62226840
62226807
62228254
62228330
62227504
62258637
62228090
62227176
62228533
62228582
62226291
62258691
62228104
62227166
62228647
62228549
62226599
62258916
62227418
62228605
62228716
62228830
62227320
62259409
62258900
62228867
62227319
62259161
62228511
62227740
62227700
62229327
62229217
62228360
62259407
62229288
62227778
62228409
62227500
62228173
62229204
62229307
62229497
62227426
62259759
62228345
62229468
62229748
62229487
62228421
62228234
62229712
62229806
62229073
62260094
62228545
62228700
62229809
62230111
62228707
62260155
62230122
62228233
62260523
62229441
62230054
62230295
62260366
62228488
62229198
62229897
62230357
62230478
62228340
62260941
62230232
62229307
62230737
62230475
62229091
62229749
62228541
62230370
62230703
62229474
62230775
62230765
62230127
62261268
62229634
62230749
62230963
62228989
62231184
62231219
62229063
62261658
62230954
62230524
62230106
62231406
62231343
62261709
62261741
62231097
62230261
62231691
62231412
62230079
62261822
62231757
62231363
62231733
62229996
62230735
62230465
62230592
62232034
62231774
62230975
62262125
62232068
62230750
62231897
62230130
62229815
62262170
62231222
62232040
62232110
62232118
62262456
62230286
62231422
62231993
62232253
62230554
62262509
62232175
62232293
62232355
62232340
62231097
62262726
62232468
62231091
62232203
62262981
62232431
62230555
62231912
62232652
62230781
62230991
62231565
62232691
62231266
62232247
62232783
62232071
62232918
62231050
62232346
62263498
62231502
62232374
62233199
62233325
62231578
62231754
62232819
62233540
62233670
62232195
62232978
62232426
62233064
62233967
62233243
62233722
62233958
62232178
62234159
62236177
62235098
62236504
62236518
62234540
62267052
62236827
62235389
62236844
62236824
62267143
62234930
62234918
62236238
62267323
62235374
62236163
62237526
62237276
62236057
62267591
62236510
62267727
62235650
62237146
62236293
62237501
62237587
62235525
62235975
62236391
62237551
62268248
62237970
62236604
62237663
62237834
62237982
62268253
62236244
62236944
62237913
62238197
62237241
62236815
62237884
62238069
62238142
62236014
62236358
62237450
62238030
62238148
62236263
62238109
62237041
62238129
62238421
62236348
62236832
62238671
62237775
62268842
62238311
62237503
62238503
62238705
62238009
62268989
62238534
62237633
62239281
62238528
62269183
62269407
62238664
62237770
62239074
62239037
62237924
62237404
62238517
62238990
62239453
62238066
62239336
62239467
62237391
62270110
62239549
62239530
62238395
62269784
62238014
62238437
62239533
62239732
62238895
62270208
62239098
62239734
62270068
62270110
62270327
62239709
62238663
62239160
62240040
62270370
62239693
62238837
62240205
62240220
62240004
62240175
62239017
62240150
62240349
62239605
62270738
62239424
62240341
62240563
62239305
62239863
62239537
62239433
62240916
62240656
62238682
62240319
62239572
62240828
62240778
62242485
62240046
62240871
62271040
62239766
62239696
62240976
62240881
62241165
62240329
62271713
62240495
62241151
62241438
62240537
62271775
62241407
62239980
62271826
62272022
62241163
62240273
62241525
62241694
62239607
62239903
62240361
62240380
62271948
62240389
62239684
62239692
62240009
62240524
62241821
62242086
62272444
62242159
62241733
62240829
62242383
62242110
62272427
62241828
62240726
62241988
62242147
62242203
62240174
62240532
62241315
62242334
62242438
62272603
62272938
62242632
62241130
62242475
62241135
62273056
62242647
62241385
62242829
62242048
62273246
62241617
62241611
62241684
62242794
62242022
62241914
62241919
62243049
62243330
62241181
62241795
62243364
62242035
62273555
62243011
62242176
62242826
62241475
62274054
62242608
62243526
62243660
62241884
62241942
62243705
62243785
62242294
62274083
62242135
62242795
62243843
62243963
62243252
62242315
62244007
62244046
62243436
62274452
62244298
62242970
62243273
62244243
62243407
62274474
62242822
62244127
62243481
62242702
62274531
62244243
62243305
62244417
62243241
62274974
62244272
62244521
62244457
62244650
62274892
62242818
62275122
62243194
62243802
62244993
62245107
62275284
62244657
62243910
62244988
62245102
62243287
62244759
62275446
62244862
62243792
62245158
62245127
62245125
62243202
62243458
62244268
62245642
62245333
62244937
62275604
62243575
62244613
62245334
62245324
62245489
62243430
62243726
62244815
62245437
62245636
62275939
62275772
62243922
62244905
62244233
62245602
62245788
62243623
62244022
62244589
62245626
62276140
62276087
62244189
62244722
62245926
62246156
62243943
62244328
62244851
62246041
62246297
62245925
62244517
62245135
62244556
62245072
62244854
62246298
62246498
62245692
62276710
62244654
62276822
62244697
62245883
62276848
62246507
62245572
62246783
62247099
62245073
62277331
62246869
62245852
62277263
62277305
62277617
62247120
62245600
62247006
62247121
62277427
62247375
62247132
62247242
62246070
62277758
62246592
62247465
62247555
62245986
62277650
62247213
62246405
62247762
62247815
62277980
62246052
62247079
62246857
62246378
62245827
62246120
62246728
62248056
62247819
62247946
62246887
62278497
62246406
62247134
62248151
62248367
62248151
62248329
62248498
62278656
62248233
62247432
62248650
62248904
62246708
62246993
62247540
62248470
62248824
62247984
62248715
62248859
62247451
62279044
62279442
62247485
62279025
62247237
62248196
62248676
62279548
62247039
62279345
62248845
62247890
62248940
62249259
62248471
62279730
62249511
62247889
62279477
62247380
62279710
62249001
62248060
62249446
62249673
62279906
62249343
62248429
62249808
62250073
62280116
62249761
62248600
62250320
62249857
62249985
62248035
62280645
62249201
62248806
62250151
62250078
62249145
62250114
62248863
62248271
62281059
62249322
62249063
62250510
62249007
62280815
62250718
62249141
62250561
62250652
62280865
62250829
62250584
62250852
62248830
62249123
62250324
62250844
62250981
62249786
62281429
62281356
62251318
62251429
62250644
62282069
62251684
62250339
62251734
62250283
62249578
62251598
62251675
62251611
62281704
62249930
62250927
62251583
62251843
62251168
62282259
62252013
62251794
62282013
62251957
62252037
62249841
62282489
62251995
62250588
62251294
62252164
62282285
62251848
62251486
62250526
62252177
62251040
62250891
62252462
62252497
62251582
62282869
62252798
62252493
62252603
62251267
62282975
62250868
62251612
62251289
62252521
62252751
62251404
62283009
62253069
62251607
62252832
62283088
62283470
62252756
62251897
62253050
62251913
62283307
62252875
62252030
62253094
62251538
62283696
62253063
62252190
62283851
62283900
62251844
62252906
62254012
62253639
62253661
62251578
62251963
62252974
62253571
62253815
62253833
62251757
62284143
62253603
62253310
62284342
62253926
62254105
62252797
62284670
62284392
62252070
62284389
62252398
62253586
62252802
62254219
62284608
62284753
62252745
62253848
62253440
62254424
62253617
62254699
62254566
62254687
62254791
62254844
62285006
62253083
62253718
62254755
62255030
62252970
62253328
62254294
62253571
62254185
62255020
62255076
62253003
62285303
62254832
62253877
62255057
62255222
62285663
62254039
62253800
62255118
62254599
62255452
62254601
62254090
62253443
62253719
62285836
62255469
62254802
62254279
62255768
62255683
62255907
62254588
62286127
62254216
62254941
62255859
62256044
62253954
62286424
62254123
62286306
62255981
62255029
62256093
62256286
62286521
62256245
62255199
62255207
62256214
62256221
62256414
62286610
62254808
62255382
62255889
62256687
62258353
62256289
62255907
62256577
62256690
62255196
62287049
62256023
62256773
62256897
62287074
62255083
62255770
62257029
62257092
62287319
62256827
62255875
62257223
62257361
62287613
62256995
62255985
62257566
62257255
62256456
62287559
62257421
62255949
62257369
62257569
62257580
62257602
62287899
62256243
62256221
62256349
62257499
62255562
62257576
62257653
62256390
62257583
62288444
62258043
62256466
62257967
62258140
62255909
62288656
62256997
62256653
62257998
62256789
62288472
62256805
62258082
62258038
62257991
62258146
62288611
62288727
62257989
62257219
62258814
62258653
62257865
62289024
62257331
62258379
62258626
62257192
62258212
62257734
62258417
62258615
62257964
62289134
62258693
62258600
62257873
62288953
62257012
62257843
62258593
62258654
62258762
62288886
62258561
62257476
62258660
62259006
62257877
62257501
62258970
62259033
62259130
62289339
62258329
62257131
62289587
62258607
62259028
62289793
62259135
62258057
62259266
62259489
62259593
62257469
62290018
62259627
62259411
62259668
62289989
62259344
62290122
62258204
62257704
62258024
62258673
62259817
62259082
62258235
62259803
62258827
62259989
62260203
62259148
62258042
62260268
62259534
62290863
62259628
62259941
62260378
62259764
62260411
62259418
62261115
62260665
62260632
62291096
62260425
62259548
62260773
62260963
62291303
62261149
62259687
62260206
62261061
62259057
62291530
62259930
62291556
62291505
62259594
62260637
62291765
62259701
62260804
62261401
62261576
62261533
62261456
62260333
62261480
62261572
62261679
62291800
62261243
62260411
62261493
62261706
62259694
62292160
62261948
62261828
62259867
62292473
62262005
62261056
62262149
62262460
62262394
62261609
62292946
62261324
62262372
62262622
62293073
62262887
62261374
62262100
62262724
62261742
62293126
62263082
62261494
62262914
62261012
62293427
62262890
62261606
62262258
62293352
62293557
62261929
62293712
62263160
62263220
62261198
62261652
62262188
62263529
62263434
62263442
62263608
62262782
62294030
62263320
62263510
62263761
62261688
62294077
62263455
62262712
62263593
62263562
62262939
62263682
62261844
62262438
62263514
62264033
62264314
62262398
62294718
62263022
62264377
62264364
62262216
62262659
62263230
62264533
62262402
62294917
62262826
62263434
62264597
62264776
62264004
62295185
62264928
62263659
62264792
62264259
62263516
62295468
62264758
62263875
62265000
62295550
62264483
62265196
62265491
62265547
62295719
62295940
62265404
62265456
62265724
62264984
62265888
62264447
62265642
62265704
62265811
62265963
62263804
62296418
62264808
62264662
62265866
62264702
62296545
62265951
62264873
62266020
62266160
62266237
62264140
62264509
62265144
62265005
62296582
62296535
62296651
62266260
62265414
62266451
62266658
62264547
62264925
62265536
62266840
62266766
62268425
62265387
62266651
62266860
62266929
62297128
62266616
62265709
62266855
62267000
62297281
62266714
62267105
62265899
62297459
62265398
62265982
62265774
62267194
62266171
62267185
62267411
62267545
62297623
62265578
62267420
62267347
62267328
62266131
62267513
62267744
62266857
62297945
62267672
62266567
62267835
62267899
62266642
62267833
62267991
62267964
62265843
62298272
62268364
62266865
62268111
62268457
62298501
62268146
62268114
62268653
62268167
62266086
62266694
62267141
62268380
62268432
62266383
62266655
62267233
62268283
62268401
62267664
62298931
62267788
62268355
62268502
62267710
62299005
62267754
62268638
62268727
62299198
62267193
62267918
62268739
62268884
62299144
62268551
62267660
62268930
62269119
62267331
62269118
62267742
62269141
62268976
62269072
62269288
62267177
62267624
62299468
62269283
62269403
62299637
62269107
62268173
62269449
62268736
62299787
62269569
62268275
62269524
62269741
62299875
62268893
62268325
62269096
62269958
62269610
62270104
62268978
62270523
62270190
62269351
62268352
62269142
62270046
62270040
62270081
62270257
62271917
62270110
62268910
62270624
62270570
62300833
62270090
62269207
62270500
62270540
62300811
62270247
62269224
62270617
62270587
62268496
62268840
62269708
62270781
62270947
62270145
62301447
62269836
62269492
62301238
62301049
62269198
62269806
62271017
62271240
62271152
62271307
62270420
62269523
62271336
62271327
62269203
62269550
62270083
62271273
62271572
62301752
62271750
62273205
62272228
62273727
62273917
62273111
62304135
62272161
62273002
62273906
62274056
62273956
62273033
62273041
62274612
62274386
62273081
62304555
62274047
62273102
62274367
62274554
62272868
62274795
62273501
62274737
62273579
62305141
62274524
62273624
62275044
62275042
62274257
62274851
62273819
62274966
62275079
62275210
62305294
62274926
62274961
62275122
62274337
62305676
62274519
62275413
62275429
62275587
62274717
62277320
62274145
62275949
62275826
62275636
62275739
62274431
62305897
62275780
62274318
62275741
62275928
62306143
62275954
62274578
62275181
62306281
62306110
62276013
62275913
62276077
62276229
62306445
62275960
62275152
62276189
62276371
62306551
62276360
62275835
62276595
62274560
62307064
62275341
62276443
62276834
62306996
62276364
62275316
62275889
62275972
62307301
62275727
62276676
62276933
62276076
62307266
62276864
62275731
62276969
62275706
62275525
62275876
62275805
62277153
62277243
62307604
62277050
62277375
62277373
62276123
62277369
62307637
62277208
62276359
62276581
62277565
62307868
62277626
62277617
62275728
62276141
62276992
62277855
62277968
62276042
62308642
62278344
62278066
62278302
62277691
62276724
62277809
62278301
62277167
62308715
62276710
62277561
62278472
62278643
62278610
62308886
62278389
62277338
62278788
62278964
62309083
62278549
62277604
62277815
62278626
62276952
62309181
62309023
62277216
62278199
62278896
62278935
62276827
62309154
62279009
62277585
62278251
62279017
62277136
62309166
62277169
62277242
62309321
62277385
62277795
62278822
62309349
62309411
62277361
62278324
62279293
62279151
62278362
62309543
62277859
62278048
62278246
62279220
62277736
62277600
62278019
62278134
62279263
62279367
62309381
62278941
62277893
62279358
62279540
62278171
62278797
62278392
62279535
62279563
62279667
62277593
62310138
62279949
62278423
62279136
62279927
62279162
62310396
62278994
62279892
62280118
62277993
62278334
62278808
62280088
62279474
62310495
62278579
62279655
62280297
62280410
62279694
62310950
62279911
62280529
62280707
62280609
62280624
62310725
62311044
62280836
62280692
62280897
62278940
62279345
62279916
62281117
62281245
62311407
62280939
62280080
62311632
62311356
62279377
62311761
62281101
62280191
62281382
62281596
62311954
62280479
62281369
62311689
62280667
62281671
62281713
62280866
62312146
62282108
62280462
62281779
62281883
62280438
62281553
62281298
62281855
62282040
62279967
62280300
62280860
62282192
62282067
62312386
62281915
62280813
62281925
62312429
62312842
62281441
62282219
62282555
62280506
62280812
62281447
62282604
62282981
62282606
62282683
62281898
62313103
62281504
62282692
62282918
62282981
62281885
62281848
62281764
62282932
62283158
62281695
62313448
62283331
62283039
62283241
62281861
62282880
62283261
62282042
62283209
62283241
62282470
62313827
62282588
62283315
62283527
62282213
62283300
62282647
62283630
62283766
62281978
62282020
62282457
62284024
62283786
62314110
62282242
62282981
62282759
62283871
62283244
62314349
62283802
62282936
62284507
62284073
62282840
62314442
62282829
62283925
62284096
62284176
62314380
62284064
62284523
62284463
62283262
62284313
62284526
62283714
62284665
62315022
62282882
62284663
62284641
62284607
62284684
62283355
62314904
62284847
62283303
62284830
62284985
62315132
62285099
62285054
62284888
62284992
62283834
62315402
62285220
62284969
62285373
62284772
62316007
62285666
62284116
62283703
62283762
62285535
62284303
62285895
62285416
62285612
62315736
62316163
62284931
62316016
62285513
62283614
62283934
62284518
62285849
62285782
62285045
62316336
62285591
62285879
62285801
62284462
62315861
62284049
62284657
62284867
62284704
62284623
62285752
62283707
62316136
62285831
62284954
62285994
62286088
62285279
62316497
62286269
62284797
62286118
62316528
62316573
62316667
62285032
62286402
62286437
62285255
62316719
62286333
62285525
62286570
62286683
62286801
62316950
62284446
62286743
62286840
62286862
62284792
62285249
62285772
62287367
62287066
62284969
62286331
62287020
62287071
62287199
62285801
62317798
62317766
62285688
62286159
62285965
62287320
62286539
62317485
62317794
62286596
62287269
62287430
62285333
62285749
62286539
62287433
62286288
62287671
62287655
62286487
62318179
62287606
62286630
62287834
62286708
62318338
62287746
62286773
62288119
62288079
62318293
62286415
62287352
62288143
62288232
62288432
62318702
62309755
62308940
62310492
62310205
62308255
62308223
62340486
62308728
62309385
62310415
62310439
62310581
62309854
62340894
62310738
62310524
62310591
62309310
62340926
62310826
62309399
62310658
62310933
62309362
62341457
62311066
62309721
62311097
62341157
62341403
62341561
62310953
62309902
62310618
62311413
62341618
62310976
62310196
62310462
62311300
62311392
62309656
62309726
62310334
62311392
62311614
62310795
62309899
62310675
62311630
62311852
62309584
62311404
62310482
62311722
62311893
62310513
62342210
62310330
62311391
62310696
62312130
62312179
62312313
62312352
62342375
62310435
62311444
62312306
62312331
62312534
62342702
62312134
62311302
62312506
62312692
62310950
62311176
62311688
62311370
62312674
62312710
62311887
62343114
62312503
62311631
62312730
62343115
62342950
62311084
62311743
62313548
62313240
62343224
62312808
62312317
62313071
62313093
62313216
62313487
62312685
62343839
62312665
62313348
62313547
62312122
62344045
62313079
62312360
62312657
62313737
62343891
62313393
62312625
62311719
62313223
62344496
62313912
62312960
62314150
62314343
62313558
62312655
62313137
62312628
62344498
62344675
62312727
62313373
62314458
62314692
62313773
62344960
62313474
62313770
62313356
62344782
62313040
62313881
62314836
62315069
62314257
62312925
62314731
62315017
62314980
62313023
62313476
62314163
62315036
62315242
62313271
62313605
62314097
62315325
62315453
62314716
62313942
62313753
62314760
62314236
62315587
62315572
62315562
62315717
62314433
62346081
62315385
62315562
62315762
62315821
62345877
62315200
62314419
62315758
62315837
62315189
62315837
62316335
62315901
62315998
62315336
62346614
62315041
62316024
62316185
62315438
62346822
62314218
62316259
62316342
62315043
62346837
62316552
62315039
62316470
62316724
62315395
62346845
62316446
62315393
62316800
62315495
62347018
62315096
62316167
62316700
62316885
62316216
62347472
62317134
62316316
62347322
62347207
62315415
62316375
62316813
62316405
62317064
62317345
62316488
62347755
62316326
62317296
62317628
62316242
62316589
62316104
62317452
62317580
62316832
62347938
62317366
62316418
62317581
62317832
62317437
62317236
62317752
62318053
62317230
62348318
62316907
62317965
62318099
62316722
62348611
62318321
62318170
62318349
62318336
62348689
62318518
62316923
62318391
62317121
62318358
62318916
62318637
62318618
62316596
62320412
62318491
62318129
62317553
62318710
62318933
62319058
62318249
62349489
62317796
62349258
62318845
62319007
62349308
62318493
62349521
62318727
62318049
62319304
62319330
62349700
62316965
62317792
62318707
62319614
62317442
62317834
62318977
62319571
62319756
62317669
62317969
62318577
62319805
62319780
62319774
62318415
62318586
62319527
62318109
62317904
62350178
62318280
62318683
62320326
62320066
62320105
62350449
62318325
62318396
62319981
62317788
62350326
62320185
62318751
62320188
62320279
62350574
62320428
62320284
62320616
62318677
62351068
62320236
62319294
62320580
62320657
62350777
62318963
62319475
62320556
62320424
62319183
62351238
62351612
62320753
62319873
62320862
62321130
62320355
62351510
62321184
62319688
62318980
62351741
62321157
62320651
62321411
62320169
62321292
62321548
62320171
62352036
62321736
62320408
62321859
62321860
62321051
62321941
62319776
62321617
62321079
62320596
62321909
62322174
62320802
62352715
62320470
62320980
62322349
62322418
62352773
62320813
62321678
62321976
62322787
62320827
62321086
62321578
62322826
62323026
62320888
62321854
62323022
62321612
62322813
62323041
62353077
62322509
62321715
62322212
62322972
62321026
62322745
62353408
62321407
62321926
62321731
62323199
62323238
62353483
62323301
62321829
62322098
62353538
62322947
62322115
62323418
62323597
62321398
62354022
62322514
62323535
62323730
62323507
62324011
62323571
62322933
62323874
62354083
62322032
62322602
62323865
62324003
62354282
62323078
62354369
62324155
62324266
62322155
62322598
62323196
62324502
62323622
62354850
62324621
62324334
62323117
62323648
62324640
62323857
62324370
62324456
62324516
62354824
62324203
62323340
62324490
62324594
62322521
62322841
62324639
62324746
62324778
62324728
62324832
62323627
62324876
62323643
62355346
62323699
62323865
62325148
62325050
62323677
62323757
62323867
62324904
62325097
62324363
62355549
62323924
62324944
62325208
62323877
62323857
62324029
62325090
62325398
62323232
62355605
62325134
62323939
62325421
62324209
62355979
62325571
62323599
62323411
62355792
62323814
62324913
62325504
62325699
62323677
62323977
62324677
62326163
62325466
62356093
62356251
62324217
62324890
62325907
62326092
62326196
62356431
62324374
62324944
62325255
62326335
62326223
62326488
62356589
62324801
62325358
62326518
62326716
62324654
62324256
62326670
62326568
62325824
62356984
62325289
62325427
62326499
62326882
62325577
62326524
62326545
62325246
62326804
62326685
62324663
62326512
62325516
62326817
62326917
62328655
62326932
62327179
62327359
62326410
62357563
62327243
62325822
62327327
62325943
62357710
62327484
62325964
62327593
62327581
62325460
62325869
62325952
62357601
62325482
62326364
62325646
62325966
62326694
62327526
62327776
62326478
62358035
62326001
62327038
62327888
62327103
62358244
62327882
62326535
62327870
62326493
62358282
62325838
62327366
62328273
62327682
62328316
62326795
62358634
62327933
62327419
62328272
62328395
62328259
62358788
62328083
62329608
62328980
62330702
62330649
62330804
62331326
62329954
62331058
62329984
62330861
62331022
62331040
62329015
62329461
62330195
62329762
62331233
62329141
62361610
62331056
62330227
62331248
62331471
62329404
62331161
62330295
62331602
62331549
62330487
62331377
62330978
62331610
62331716
62330390
62362070
62331025
62331684
62331832
62329906
62331892
62330854
62331913
62331988
62332078
62330152
62362616
62332371
62331545
62332223
62331015
62330567
62362540
62362901
62332541
62331285
62363028
62363019
62330955
62332865
62331407
62332222
62332897
62332140
62331265
62332899
62331918
62332963
62333213
62332391
62363449
62332871
62332121
62333244
62333320
62333496
62331937
62333118
62333775
62332324
62333522
62333701
62332841
62364025
62333324
62332564
62333553
62332158
62363976
62333584
62332676
62333764
62333994
62333158
62364232
62334294
62332730
62334003
62334278
62364450
62334341
62332900
62334197
62334475
62332880
62334621
62333444
62333215
62333234
62334442
62334730
62334079
62365241
62334122
62334730
62335007
62333709
62333755
62334868
62335063
62335119
62365438
62334932
62334045
62335300
62335432
62365649
62335095
62365395
62333970
62335538
62333468
62366092
62334468
62334297
62335745
62335025
62366323
62335102
62335713
62335898
62366201
62334286
62335739
62336003
62336066
62335247
62366552
62335939
62334843
62336232
62336272
62337877
62335163
62335054
62336540
62336565
62335535
62334853
62335399
62336500
62336792
62335878
62336597
62338199
62336357
62335496
62335278
62334769
62335452
62335179
62336599
62336762
62336007
62335019
62336653
62336760
62336952
62334643
62367273
62336924
62335425
62336773
62336942
62367344
62337177
62337172
62337129
62337247
62335445
62336818
62335989
62337170
62337455
62335383
62335737
62336396
62337457
62337557
62335505
62337550
62337540
62337549
62337762
62368206
62336043
62336891
62337903
62338034
62337174
62368462
62337206
62337905
62338002
62338109
62337645
62338200
62336961
62337923
62338279
62368475
62337863
62336939
62338034
62338220
62368818
62337901
62368624
62368878
62338626
62337311
62338810
62338613
62337780
62368967
62338446
62338656
62337799
62368981
62338416
62337464
62339249
62338895
62336762
62337157
62337791
62337149
62338133
62369186
62337186
62337797
62338861
62339313
62369514
62338122
62339174
62339270
62338434
62337549
62339408
62339464
62337319
62339528
62369756
62339301
62338414
62339875
62339500
62339676
62337531
62339391
62338199
62339432
62339791
62338832
62337950
62338510
62339759
62338583
62370145
62339628
62338694
62339850
62338815
62339725
62340056
62339958
62338825
62339354
62338641
62340304
62339427
62370703
62340372
62338825
62340239
62338817
62338946
62339042
62340311
62339471
62338847
62340271
62340443
62339634
62370922
62339271
62340322
62338793
62370865
62340297
62339342
62340611
62340729
62339958
62371128
62340968
62339410
62371215
62371157
62371457
62340906
62339954
62341613
62341259
62341291
62339331
62371808
62341496
62340150
62339566
62339252
62371654
62341037
62340181
62341735
62341572
62371569
62341039
62340305
62340456
62341604
62371818
62339999
62340419
62341831
62341864
62341735
62341938
62340441
62372091
62341613
62340757
62341948
62342083
62372215
62342166
62342124
62342214
62342202
62342264
62342388
62372551
62342061
62341041
62342297
62342383
62340453
62340703
62341150
62342401
62341760
62372734
62340873
62341471
62342610
62342861
62341905
62373101
62342902
62342730
62342956
62341580
62373191
62341208
62342087
62343042
62343210
62341991
62373641
62343063
62342227
62343397
62343525
62343166
62343492
62343582
62341946
62343390
62343580
62373648
62343267
62342359
62343639
62343491
62343700
62342669
62343781
62342175
62344088
62342856
62344214
62344161
62343315
62374497
62343973
62343336
62374652
62342692
62342052
62342496
62343104
62344664
62344347
62342884
62374665
62344455
62343007
62342480
62343115
62374871
62342898
62344048
62343397
62345093
62344712
62344782
62346479
62344652
62344609
62344749
62344867
62375258
62344263
62344919
62345125
62344350
62375483
62345315
62344990
62342923
62375376
62343436
62344412
62345136
62345372
62344611
62375936
62344312
62345160
62344435
62344230
62345586
62344209
62345784
62345687
62345851
62345914
62344711
62376273
62344319
62345020
62345951
62345982
62343814
62376413
62345790
62344862
62346430
62346143
62346138
62344102
62376602
62346032
62346434
62346351
62346481
62346516
62344543
62377078
62346775
62345286
62346529
62346841
62346437
62345826
62345635
62346744
62346823
62346927
62377104
62345075
62346225
62345622
62346794
62346996
62346977
62377177
62345300
62345798
62347524
62347127
62345033
62345398
62346263
62347078
62347108
62345924
62345356
62347392
62346095
62347125
62347287
62347291
62347368
62346583
62377777
62347556
62347584
62347565
62345533
62378042
62347861
62346578
62347882
62347900
62347064
62347082
62346526
62347724
62347992
62346708
62378297
62348112
62346691
62347923
62348143
62378240
62347275
62348044
62348210
62346682
62378553
62346663
62347583
62348713
62348616
62346403
62346571
62348479
62346658
62378946
62348743
62347436
62348626
62348758
62347539
62379104
62347112
62347747
62349203
62349036
62348108
62349011
62347778
62349082
62349268
62348339
62379654
62349291
62347822
62349204
62349234
62349238
62348170
62379460
62349032
62348694
62347930
62349347
62349485
62379561
62349114
62349632
62347163
62349570
62347919
62347471
62347836
62349735
62348308
62349663
62349671
62348886
62380372
62349658
62349741
62349845
62347772
62348143
62348898
62349727
62350038
62349253
62380343
62349792
62349072
62350008
62347839
62348159
62349323
62349983
62350168
62348815
62380385
62348546
62380619
62350311
62349129
62380395
62348607
62349194
62380777
62348426
62380759
62350645
62349269
62350566
62350796
62348624
62348954
62381023
62349032
62350744
62350725
62350873
62381385
62349466
62349728
62350871
62351070
62349069
62381597
62349987
62351329
62350427
62381406
62350979
62350667
62349943
62351788
62351474
62350269
62381784
62349896
62350713
62351633
62351950
62351518
62351777
62350562
62351538
62351927
62350643
62382283
62350847
62351868
62352155
62351205
62350802
62351973
62352062
62352242
62350193
62382820
62351592
62352289
62352385
62351115
62382642
62352462
62352255
62352426
62350523
62382784
62352236
62351299
62352395
62352443
62352506
62351947
62351490
62352626
62351499
62352799
62351567
62352741
62352896
62354651
62351503
62352862
62353031
62351486
62383243
62353064
62351760
62352999
62353151
62383322
62352879
62352378
62351112
62383421
62383609
62351626
62352364
62353778
62353474
62352667
62383776
62353249
62353314
62353479
62351454
62353674
62353495
62353635
62353705
62352872
62384125
62353044
62353703
62353912
62353106
62352221
62353869
62353879
62354007
62351838
62353731
62352769
62353943
62354262
62352063
62352424
62384232
62354036
62354121
62354273
62384608
62352918
62384563
62352710
62354510
62353217
62354479
62354627
62352714
62354449
62354619
62354736
62385236
62353165
62353912
62354700
62354940
62354989
62354153
62385313
62353697
62385533
62354176
62385416
62353339
62353896
62355494
62355156
62355311
62385548
62355009
62354504
62355505
62385715
62355288
62354330
62355676
62355586
62355639
62353518
62353910
62354583
62385640
62385828
62353826
62354475
62356159
62355753
62354937
62386036
62355626
62354687
62355756
62355543
62355969
62354606
62355773
62356017
62355294
62354391
62355863
62355276
62354662
62356092
62386348
62354419
62356318
62356317
62356175
62356299
62354161
62386715
62356538
62355117
62356379
62356528
62354629
62354741
62355277
62356423
62356342
62387091
62356515
62355485
62356467
62356756
62354901
62387460
62355873
62355875
62357518
62356693
62355062
62387542
62355445
62357300
62355621
62355956
62357028
62357213
62355226
62387521
62357117
62387498
62357298
62357398
62357451
62387578
62355818
62356388
62356177
62357306
62357475
62356545
62387862
62355883
62356557
62357512
62357775
62357544
62357644
62357810
62388006
62356153
62356593
62357757
62355687
62388188
62356687
62357762
62357998
62356789
62388159
62357727
62356810
62358135
62356442
62388701
62356680
62357028
62358218
62358258
62357500
62388716
62358431
62356908
62357641
62388853
62358170
62357811
62358464
62358601
62356864
62388984
62358884
62358638
62358864
62357528
62356989
62358776
62359020
62356749
62389088
62358711
62357852
62358934
62359105
62358320
62389415
62358509
62359066
62359132
62359140
62357958
62389510
62357511
62358300
62358065
62359377
62359999
62357388
62359630
62358058
62357593
62390251
62358746
62359586
62359696
62358996
62390094
62359538
62359602
62359691
62360048
62360005
62360003
62359265
62390091
62358179
62359241
62359822
62360106
62359348
62358374
62358845
62360613
62360150
62360391
62358208
62390881
62360339
62359209
62360172
62360271
62360146
62360325
62360634
62359835
62391070
62359308
62359463
62360736
62360966
62391153
62360561
62390860
62360684
62360866
62361072
62359130
62391254
62360576
62360245
62360908
62361315
62360164
62360282
62359956
62360039
62360095
62361136
62361328
62361469
62391704
62361241
62360125
62360230
62391595
62391916
62360138
62360242
62361618
62361646
62359771
62392139
62360464
62361791
62392108
62360233
62360838
62360602
62361849
62362064
62362181
62392513
62361868
62392320
62362081
62361326
62392563
62361403
62362001
62362240
62360215
62392762
62361279
62360850
62362418
62361702
62392646
62360742
62361336
62362417
62362596
62392725
62362208
62361451
62362618
62370592
62362965
62364268
62364685
62364972
62364929
62364877
62365083
62363017
62395729
62365118
62365249
62363498
62395526
62363654
62364627
62364033
62365402
62364073
62365884
62363668
62395808
62364878
62363599
62396188
62365753
62364521
62365593
62365842
62363796
62396212
62364270
62364497
62366196
62365757
62365102
62396473
62366098
62364596
62366047
62366226
62396480
62365221
62364859
62366055
62366147
62366474
62396780
62366041
62366304
62366458
62366620
62396968
62364642
62364574
62364990
62365649
62366323
62366909
62397242
62367283
62366972
62367112
62367446
62367550
62365306
62397882
62366247
62367357
62367703
62366819
62398014
62367334
62366505
62367782
62366248
62367329
62366658
62398239
62367914
62366380
62367825
62367977
62398279
62368067
62366633
62368063
62366831
62368397
62367185
62368632
62368439
62367358
62398932
62367257
62368305
62368541
62370135
62368626
62367779
62368594
62368712
62366543
62399009
62368773
62366697
62367059
62367704
62368806
62369006
62368945
62399292
62367217
62367825
62368870
62368976
62369223
62399287
62368869
62368010
62399609
62399724
62367725
62368452
62367545
62400076
62400222
62369766
62369687
62369937
62369839
62400021
62369611
62368693
62369976
62369957
62371599
62368695
62368583
62368759
62369855
62370043
62369244
62400248
62369759
62368855
62370022
62368517
62368512
62370150
62369128
62370192
62370463
62369679
62400895
62369124
62369002
62370498
62370595
62400732
62370360
62369367
62369926
62370751
62401008
62368981
62369787
62370603
62370839
62370674
62369540
62369623
62370879
62371102
62370194
62401322
62369915
62369664
62370350
62371271
62401420
62370337
62370933
62371148
62371245
62370474
62401620
62371340
62370063
62371629
62371270
62371425
62370147
62371608
62370458
62369520
62371797
62370478
62371789
62371113
62402075
62371829
62370904
62371082
62371868
62372138
62372263
62370104
62370161
62370837
62371985
62372207
62370121
62402861
62371429
62372240
62372538
62370574
62402924
62371335
62372399
62372585
62372501
62371825
62402805
62370981
62371630
62372483
62372764
62372700
62372051
62372545
62372092
62372724
62372995
62372071
62403139
62403381
62373139
62371729
62373053
62371803
62403271
62403752
62372155
62373176
62373313
62371254
62371841
62372219
62373344
62373537
62371994
62372075
62373128
62403699
62403720
62373141
62373509
62373480
62373621
62373701
62372878
62371958
62372538
62373681
62373709
62372931
62403758
62372934
62372593
62373713
62373912
62373944
62373231
62404238
62373696
62373243
62373939
62374204
62404602
62372407
62373076
62372824
62374131
62374310
62404452
62373074
62372911
62374307
62372921
62373124
62373300
62374434
62372871
62405109
62374317
62373824
62374581
62374797
62374077
62375063
62374958
62374225
62405388
62374959
62375179
62375142
62375072
62374321
62405294
62375019
62373558
62374978
62373615
62375073
62405503
62374965
62374447
62375154
62375414
62374629
62405807
62375037
62374239
62375379
62375678
62377330
62374340
62375494
62375686
62375825
62373765
62406307
62375022
62376187
62375793
62375897
62375980
62375307
62374827
62376009
62375989
62376175
62376258
62373987
62374587
62375339
62376168
62376353
62375553
62375585
62375153
62376399
62376643
62375122
62406920
62376400
62375548
62376626
62406912
62406995
62374939
62375516
62376023
62376879
62406987
62376661
62375628
62376931
62375507
62375103
62376736
62375718
62375198
62377011
62375769
62376450
62377235
62376340
62376831
62375994
62377011
62377137
62377176
62407430
62375481
62376587
62377028
62377274
62377360
62376595
62375788
62376318
62376137
62377571
62376242
62408012
62377383
62376503
62376511
62377658
62377785
62376275
62408156
62376453
62376536
62377833
62378047
62408150
62377703
62376912
62377236
62378231
62408745
62378366
62378351
62378329
62378312
62378488
62408634
62378066
62377272
62378452
62378433
62380079
62378483
62378407
62378601
62378800
62376566
62376958
62377532
62378679
62378725
62378841
62379041
62409263
62378418
62377582
62378848
62379191
62409579
62378963
62378008
62379246
62379279
62409473
62379157
62379269
62379392
62379257
62377880
62409738
62379616
62378230
62379455
62377885
62409791
62379192
62379358
62379506
62379565
62409875
62379457
62379579
62379727
62378620
62410325
62379997
62410003
62380028
62378212
62410146
62379654
62378832
62380111
62380062
62410237
62379821
62378930
62380179
62379103
62410658
62379162
62378957
62380104
62380436
62378315
62378597
62379232
62380464
62380541
62380491
62380543
62382026
62379299
62379115
62380572
62380663
62380585
62380751
62410968
62411335
62381009
62378949
62379906
62378633
62411324
62381012
62379735
62380841
62379830
62411430
62380889
62380940
62380930
62381023
62379855
62411396
62379292
62380068
62381023
62381314
62380464
62379456
62381672
62380109
62381270
62381362
62381589
62411750
62379713
62380332
62381428
62381749
62380831
62381479
62381454
62381529
62381773
62379813
62412096
62380004
62380821
62380469
62381876
62380688
62380786
62380760
62380589
62381955
62380612
62381929
62382197
62381361
62412724
62381114
62382114
62382350
62380226
62380693
62381438
62382465
62382575
62381204
62412848
62382317
62381341
62382549
62382612
62381851
62413033
62381018
62381599
62382678
62382973
62413053
62382491
62382096
62381657
62382957
62383109
62413281
62382738
62381930
62382964
62382784
62382915
62382363
62381444
62383340
62382087
62383466
62383453
62381959
62381578
62383470
62383448
62383599
62383580
62381496
62413982
62383463
62382436
62383360
62383799
62382491
62413953
62382126
62382858
62382602
62383722
62383778
62383908
62383889
62382088
62382544
62383862
62383894
62383988
62382824
62383385
62382775
62384106
62384248
62383463
62414593
62384015
62383148
62383635
62384470
62382744
62383225
62384402
62384588
62383878
62414988
62383018
62383835
62415355
62415432
62383238
62383781
62383511
62383551
62415268
62415356
62385055
62383641
62384901
62385077
62415441
62385260
62383791
62384572
62383969
62383569
62385458
62384175
62385770
62385609
62384274
62415890
62385414
62384339
62385007
62415723
62416057
62385769
62384458
62385725
62384738
62384434
62385827
62385921
62416093
62385608
62416257
62386042
62386057
62416223
62384430
62384963
62386215
62386292
62384267
62384611
62385219
62386320
62416523
62384729
62386506
62386582
62386720
62384695
62385536
62417168
62385308
62386131
62386725
62386845
62386849
62417279
62385130
62385700
62386871
62386964
62385419
62417213
62386563
62385645
62386713
62386792
62417088
62417112
62417481
62385959
62387133
62387312
62386517
62417744
62387076
62386196
62387483
62387412
62417589
62385789
62386335
62386595
62386305
62418133
62385596
62385701
62418272
62387944
62386458
62387844
62388197
62385947
62418523
62387414
62388002
62386731
62418422
62387686
62387318
62388052
62388138
62388389
62386463
62418677
62388054
62387195
62388454
62386604
62418970
62388227
62387419
62388944
62388683
62386559
62387002
62387538
62388828
62389042
62419208
62387407
62388681
62388903
62387581
62419362
62388674
62387880
62388944
62389085
62387196
62419630
62388062
62387732
62389152
62389406
62388071
62388636
62389162
62389508
62388702
62419715
62389573
62388719
62389322
62388482
62388131
62389524
62389717
62389680
62389757
62388921
62420079
62387499
62389695
62389716
62389949
62388483
62420128
62389589
62388846
62389975
62390103
62420312
62389990
62390295
62390497
62388943
62420696
62388640
62389739
62389064
62390457
62390585
62389837
62421073
62389662
62390535
62390618
62390542
62389851
62389467
62391011
62390840
62390848
62388751
62389167
62389703
62390767
62390960
62390742
62390254
62390961
62391023
62391304
62389177
62421729
62390599
62391129
62391300
62392912
62391193
62391369
62391394
62391313
62391588
62389501
62422002
62391806
62390248
62391522
62391865
62390114
62391989
62390682
62391784
62391977
62391308
62422374
62392346
62390778
62392161
62392234
62391931
62391242
62392324
62392386
62392541
62422740
62392242
62391314
62392587
62394312
62391277
62392691
62392938
62393045
62390969
62392833
62392820
62393068
62392836
62393050
62423150
62391413
62391956
62393136
62393294
62392547
62393307
62392522
62423631
62392279
62393354
62393393
62393332
62391414
62424017
62392406
62393393
62393551
62392828
62393656
62393739
62393809
62391757
62424165
62392938
62393651
62393563
62393857
62394005
62424091
62393658
62392648
62393210
62393943
62395681
62393813
62392811
62393942
62394082
62394183
62394122
62393300
62424728
62393521
62393908
62392661
62392744
62393301
62393165
62394575
62394579
62393485
62424979
62394777
62393178
62394608
62393888
62393531
62393563
62393430
62394943
62395047
62425185
62394642
62393874
62395453
62392939
62425660
62393928
62394076
62395322
62395511
62425856
62393707
62394793
62394141
62395308
62395487
62395495
62425706
62425878
62426082
62395287
62394729
62395565
62395589
62395693
62425909
62395401
62395622
62395705
62394089
62425903
62393958
62394630
62395954
62393776
62426473
62396177
62395940
62396221
62395412
62426652
62394092
62426283
62395956
62394891
62396335
62396460
62426560
62394734
62395797
62395200
62396504
62396690
62396808
62394574
62396762
62396572
62396871
62396838
62427111
62396511
62395679
62396795
62396953
62395812
62427359
62396669
62395802
62396884
62395369
62396073
62395988
62397039
62397406
62396542
62427504
62396603
62427645
62397124
62396203
62397456
62397447
62396098
62396355
62397960
62397510
62397638
62395541
62396117
62396609
62397841
62397993
62395742
62396206
62398037
62398073
62395986
62396408
62396890
62398515
62398270
62396979
62428468
62398505
62398163
62398499
62398066
62397652
62396929
62398277
62398484
62397086
62397616
62397275
62398456
62398788
62400105
62400428
62400695
62425156
62423700
62455569
62425109
62424250
62425540
62425691
62424482
62456023
62423943
62425028
62424243
62425715
62425644
62424294
62455982
62425533
62425796
62424350
62425713
62425829
62424575
62424716
62424415
62426212
62424935
62426287
62426213
62424099
62456750
62426404
62425025
62426639
62426313
62424895
62456680
62426118
62425310
62426347
62424432
62456681
62424797
62425794
62425146
62426668
62425281
62457262
62426993
62425398
62426089
62425972
62425692
62426816
62426980
62427261
62457331
62427086
62426172
62426703
62427484
62457859
62427218
62426386
62426815
62457708
62425931
62426951
62426368
62427925
62427902
62425856
62426197
62426658
62428047
62426256
62426390
62428014
62427174
62428051
62428291
62426331
62426747
62458664
62458947
62427590
62428508
62427216
62426850
62427492
62427322
62428735
62428761
62426787
62427237
62427609
62428755
62427125
62459314
62427086
62427951
62428892
62429104
62426956
62428738
62427930
62428512
62429173
62427073
62427509
62429413
62429373
62429358
62428651
62459820
62428223
62429244
62429501
62428845
62429143
62428482
62429646
62429411
62429974
62429577
62429678
62427779
62460338
62429851
62428472
62429379
62430017
62460338
62429863
62428674
62430029
62430208
62428262
62428496
62429094
62430195
62430399
62430287
62430562
62460483
62428502
62429587
62430335
62430421
62428355
62460654
62430547
62430273
62430434
62428971
62460765
62461027
62430219
62429462
62430509
62430781
62430864
62428695
62429125
62429928
62430869
62461042
62431069
62430287
62461254
62430641
62429884
62431134
62431251
62430343
62461720
62431473
62431087
62431189
62431437
62429868
62461905
62430739
62430149
62461721
62431385
62430406
62431317
62431646
62430413
62461844
62429986
62461970
62431789
62430193
62461800
62430112
62431160
62431816
62432175
62430027
62429946
62430791
62432040
62430859
62432033
62432133
62431348
62462574
62432057
62431034
62432243
62432530
62462860
62431993
62431471
62432273
62432451
62432729
62430581
62431100
62462895
62432193
62431422
62431293
62432799
62432797
62463078
62432594
62431693
62432908
62433019
62432782
62432785
62431959
62433185
62433162
62463346
62433000
62432134
62433403
62433524
62463683
62431354
62433393
62433533
62433568
62431481
62431777
62432333
62433514
62433642
62463804
62433859
62432390
62433164
62432455
62464096
62433722
62434113
62433052
62464192
62464558
62433871
62433012
62434137
62434402
62464525
62432537
62434347
62433070
62434295
62434423
62464511
62434270
62433045
62434479
62433735
62464797
62432828
62433398
62434588
62434693
62464886
62434642
62433567
62434741
62434824
62465148
62433384
62435142
62434871
62434277
62465543
62434084
62434996
62435205
62433248
62433517
62434458
62435211
62435368
62434720
62465779
62435549
62435257
62435433
62435406
62465727
62434133
62434162
62435212
62435405
62433366
62465913
62435473
62435450
62435694
62435743
62435714
62435674
62435904
62434996
62466086
62435863
62434696
62466317
62435937
62436044
62433982
62434326
62435350
62436494
62436170
62435361
62466607
62435479
62436087
62434099
62434247
62466799
62436149
62435245
62436333
62436526
62434637
62467053
62436826
62436561
62436624
62438383
62435966
62435493
62436711
62436866
62436074
62467413
62435677
62436800
62437081
62467347
62436871
62435796
62436351
62435459
62436975
62436594
62437226
62437497
62435314
62467838
62436668
62437324
62437594
62435449
62468073
62467671
62467971
62467871
62468216
62435642
62468200
62437876
62436616
62437675
62437746
62438024
62437188
62436539
62436677
62437824
62438033
62437269
62436301
62436909
62438453
62438275
62436730
62468625
62438112
62438246
62438336
62436263
62468777
62437101
62436951
62438327
62438462
62468661
62438225
62438370
62438573
62438509
62436395
62436718
62437583
62438385
62437356
62438524
62438706
62438561
62436861
62437646
62438667
62438705
62436861
62469081
62437051
62437608
62437421
62438934
62438932
62437476
62469288
62438630
62437836
62438951
62439117
62440787
62438346
62437290
62437953
62439114
62438440
62437685
62438706
62439324
62439499
62439603
62438760
62469995
62439346
62438445
62438323
62438536
62470043
62470364
62438743
62438488
62439188
62439961
62437987
62470378
62439245
62470305
62439239
62470449
62438375
62439020
62440043
62440335
62439505
62470608
62440272
62438896
62439493
62470656
62438632
62439240
62440907
62440730
62439418
62471216
62440111
62440592
62439382
62440453
62440020
62439615
62440710
62440879
62439464
62471244
62440701
62439879
62440964
62441150
62439893
62440899
62440288
62440963
62440352
62441510
62441121
62441164
62440492
62439493
62441236
62441532
62441584
62440276
62471764
62441559
62441346
62441518
62440322
62441458
62441658
62439982
62441854
62440406
62441676
62441587
62472017
62441489
62440513
62441636
62441843
62440549
62441616
62441186
62441845
62441979
62442062
62472367
62440443
62441040
62441028
62442103
62442368
62441382
62441310
62441168
62442793
62442555
62441106
62472946
62441813
62442421
62441318
62441575
62442701
62442689
62441908
62473044
62442453
62441991
62441549
62442898
62442980
62442660
62442986
62442099
62442874
62443134
62443119
62442249
62441859
62443588
62443263
62441876
62473651
62441580
62442614
62443184
62442323
62473631
62441938
62442935
62441591
62442824
62441545
62474140
62443512
62442588
62443820
62443832
62441844
62442191
62474364
62444138
62442228
62474331
62444188
62442863
62444051
62444244
62443421
62474666
62444285
62444440
62444349
62443442
62474871
62443497
62444317
62444574
62443717
62442886
62443429
62444812
62474790
62444414
62444891
62443552
62474898
62475174
62443031
62475230
62443174
62444103
62444914
62445107
62445215
62443056
62475410
62445240
62443701
62445344
62443983
62475462
62443646
62445366
62445473
62445454
62443480
62443865
62444565
62445479
62445668
62445734
62443623
62445699
62445772
62445835
62445894
62475963
62445529
62444707
62445779
62445869
62445980
62444716
62444922
62446501
62446200
62445411
62476672
62446360
62444768
62446127
62446368
62444120
62446329
62446204
62446304
62446449
62476564
62444679
62445441
62446769
62446585
62444598
62446286
62477070
62476909
62476912
62476916
62477196
62446701
62445210
62445777
62446978
62444860
62445252
62446079
62446997
62447261
62445822
62477649
62447281
62445911
62447229
62447350
62447358
62445285
62478086
62447627
62446358
62447600
62445377
62477893
62478198
62447902
62446396
62447744
62446672
62478487
62447858
62446583
62447980
62447943
62447640
62448144
62447803
62447452
62446664
62448009
62448151
62445992
62478732
62447135
62448296
62448482
62448507
62448502
62446562
62446906
62447981
62447384
62448630
62448857
62446845
62447118
62478996
62448815
62448847
62448694
62448939
62449145
62479271
62448897
62447652
62449137
62449286
62447827
62448204
62447963
62449363
62449288
62448099
62479621
62449089
62448422
62449466
62449504
62479664
62479909
62449455
62448548
62450027
62449764
62448315
62480040
62448214
62449255
62449890
62450069
62480245
62449687
62448800
62449961
62449913
62450192
62449307
62480368
62448519
62448983
62450199
62450340
62480402
62448628
62449321
62450123
62450308
62448307
62480662
62448663
62450659
62450448
62450576
62450731
62480814
62449434
62449181
62450828
62449049
62481403
62449377
62450411
62451057
62451338
62450553
62449585
62450255
62449825
62451430
62450769
62481821
62451471
62450307
62451446
62451711
62451650
62451768
62481916
62450012
62450955
62450787
62451680
62451961
62450875
62482443
62482517
62452180
62451871
62452050
62452068
62482263
62451824
62451016
62452371
62452423
62451006
62451984
62452474
62451184
62452294
62452458
62452685
62482686
62450686
62451571
62451760
62450514
62483012
62451364
62451516
62452588
62452653
62452781
62451996
62482889
62451071
62452705
62451721
62451612
62453098
62452976
62453182
62453259
62451039
62483519
62453040
62452098
62453419
62453328
62452051
62452104
62452040
62453231
62453433
62453633
62483859
62451939
62452440
62453569
62453697
62483794
62453584
62453565
62453705
62454024
62484152
62452268
62453068
62452644
62454116
62454066
62453836
62452793
62452801
62454428
62454157
62453382
62484670
62453363
62454258
62453654
62452278
62484812
62454600
62453237
62454524
62454573
62452401
62454419
62454574
62454743
62454703
62452568
62453712
62485072
62454488
62484992
62453088
62454136
62454500
62455008
62455019
62452943
62485546
62455128
62453838
62454948
62454900
62455141
62452897
62454939
62454150
62453901
62455068
62455288
62454055
62485389
62453796
62454237
62453981
62455378
62455482
62457217
62455400
62455564
62455709
62453554
62486281
62454756
62454326
62455607
62456015
62485934
62455493
62455769
62455763
62453689
62486207
62455642
62454878
62455957
62455995
62454495
62457915
62455945
62456137
62456104
62486240
62454478
62454959
62456098
62456250
62486346
62454544
62455541
62454561
62456519
62456352
62456473
62455701
62486720
62454774
62455331
62455199
62456637
62456628
62455426
62455637
62455449
62456784
62456826
62487275
62456630
62455794
62456982
62457144
62456294
62457058
62455869
62457297
62457396
62456054
62487434
62455480
62456023
62456003
62457293
62456017
62456885
62457440
62456085
62457273
62457566
62456362
62457525
62457643
62487743
62457231
62456450
62487765
62457670
62455491
62456051
62456519
62457809
62457865
62455754
62456249
62465968
62459464
62459755
62459903
62458218
62490514
62490385
62490913
62460240
62459404
62460643
62460966
62459966
62459389
62460858
62461047
62461116
62491376
62460925
62460557
62460063
62461452
62461464
62461277
62461398
62461327
62461517
62460622
62459892
62461507
62461700
62461670
62459689
62460231
62460826
62461883
62462071
62461163
62492229
62461788
62462111
62462054
62461385
62492130
62461817
62461266
62462081
62462194
62462223
62462230
62461049
62462590
62462413
62460864
62492624
62462032
62461093
62461659
62462539
62492781
62462411
62461401
62460412
62492797
62462923
62462090
62462231
62493113
62462749
62461913
62463452
62463133
62463171
62463197
62462264
62462867
62462957
62462435
62461777
62463150
62463250
62463412
62463390
62463438
62461884
62463487
62462170
62461932
62463773
62463356
62463412
62493450
62461515
62462123
62463543
62493573
62493738
62462010
62462420
62463700
62463800
62494062
62463607
62462477
62463808
62464110
62494143
62463690
62463813
62464067
62464096
62461999
62463684
62462927
62464573
62464358
62464339
62463929
62463944
62463555
62462942
62464225
62464346
62462386
62494821
62464844
62464488
62494767
62494762
62462887
62464000
62464659
62463483
62464716
62464901
62465056
62495183
62464619
62463518
62464788
62464995
62464234
62495385
62465132
62464943
62465128
62464554
62495856
62465187
62463652
62495536
62465070
62464344
62465217
62465477
62465443
62495680
62465250
62464363
62465551
62495881
62495775
62496227
62465623
62464237
62464915
62465651
62495874
62465375
62464683
62465707
62495917
62496265
62466018
62464619
62466009
62466058
62463865
62496216
62465780
62464876
62464980
62466175
62466241
62466273
62496630
62464674
62465773
62466429
62466584
62465686
62466709
62466573
62496822
62465596
62466468
62465290
62466427
62466564
62466668
62465147
62497037
62466814
62465284
62465065
62497041
62464673
62497121
62466564
62465626
62466657
62466852
62465657
62497369
62466677
62465849
62466825
62467031
62467063
62465552
62468894
62465976
62465957
62465711
62467384
62467488
62465419
62497948
62466445
62466114
62467473
62467550
62467660
62467035
62467705
62467743
62467892
62466334
62498333
62467162
62467832
62467931
62465817
62466727
62466924
62468085
62468219
62467023
62498430
62468030
62467081
62467051
62467244
62468179
62467304
62498574
62498794
62468474
62467053
62467718
62466973
62498778
62468406
62468383
62468555
62498771
62499055
62468822
62467418
62468745
62468887
62466859
62466774
62499320
62469038
62467710
62468826
62469015
62467712
62467808
62468859
62499273
62499545
62499808
62469459
62468196
62469220
62469319
62467967
62468166
62468769
62468279
62469665
62469765
62467641
62469366
62468572
62469790
62469805
62469902
62469812
62468828
62468791
62469908
62470110
62470149
62469343
62500535
62468530
62469306
62469372
62470268
62470198
62470127
62470224
62470410
62469543
62500602
62469965
62470446
62470554
62470660
62469773
62501016
62469293
62469547
62470578
62470630
62470672
62472533
62470679
62469562
62470781
62470942
62469516
62469301
62469694
62470860
62471074
62469820
62501426
62471105
62470979
62471165
62471184
62501420
62470891
62470261
62469940
62471292
62471420
62469296
62473209
62469957
62471035
62471549
62470245
62471266
62471403
62471469
62469484
62501937
62469405
62471610
62471937
62471591
62471770
62470978
62502103
62502127
62469735
62502258
62471616
62471922
62471995
62472072
62469906
62502625
62471951
62472284
62502668
62471992
62471423
62472079
62472380
62470914
62470509
62470955
62472341
62472469
62471824
62502995
62471552
62472563
62472741
62470764
62471142
62471647
62472728
62502884
62472615
62470808
62503319
62472577
62472339
62471578
62472998
62471669
62503223
62471407
62473096
62472974
62473102
62473342
62503418
62471589
62473085
62473199
62472634
62473436
62473576
62471401
62503823
62471985
62472828
62473576
62473748
62472278
62504080
62504080
62504462
62473703
62473654
62473832
62474011
62471849
62504411
62474252
62472815
62474119
62474219
62472898
62504474
62473984
62472802
62474222
62472911
62504696
62472618
62473421
62474250
62474428
62474532
62472496
62504980
62474624
62473306
62474431
62504657
62474670
62473751
62504757
62505105
62474756
62474407
62474558
62474753
62473304
62505041
62473485
62473595
62473408
62474989
62474980
62475012
62475061
62505337
62474797
62474877
62473013
62505646
62475052
62473991
62475130
62475381
62473874
62505655
62474480
62475311
62475247
62475265
62506065
62475089
62474233
62475660
62475688
62473575
62506058
62474362
62505904
62476023
62474345
62475113
62506100
62475583
62474717
62475754
62476021
62476002
62474076
62506420
62474908
62475946
62476152
62476102
62476506
62474754
62475002
62474890
62506703
62475978
62475576
62474997
62476078
62474523
62475456
62474264
62506685
62476101
62476483
62476697
62476769
62476894
62476034
62507063
62475115
62475938
62476709
62476768
62475501
62507096
62475105
62475853
62476887
62476949
62476978
62475631
62474817
62477190
62476384
62478950
62477398
62477451
62476195
62477243
62477479
62477537
62475410
62475621
62476229
62477508
62477660
62507692
62477563
62476331
62476246
62477411
62477524
62477614
62475496
62475953
62476475
62477762
62477821
62507963
62508190
62508378
62508228
62478019
62477986
62508268
62476435
62477070
62476901
62478014
62478178
62478357
62477610
62508909
62478593
62477073
62478432
62478543
62476738
62477875
62478480
62478702
62477846
62509219
62477712
62478626
62478913
62477491
62509256
62478796
62478696
62477668
62478774
62477742
62477657
62478964
62479082
62478399
62509427
62477385
62478989
62477690
62479091
62479153
62479287
62478502
62509512
62477498
62478328
62479253
62479225
62479518
62478271
62509817
62477773
62478858
62478347
62478889
62479793
62478942
62478720
62478418
62479885
62479891
62480091
62510180
62479627
62478795
62479931
62480089
62479582
62479022
62478823
62480273
62480227
62480245
62510390
62479971
62479186
62480363
62480491
62510722
62480713
62480467
62480814
62479341
62510968
62480434
62479636
62481270
62480903
62480980
62480858
62479776
62481031
62479809
62481044
62481250
62481310
62511685
62479683
62481118
62481229
62480411
62481417
62479327
62511835
62481222
62480430
62481569
62481646
62479720
62512221
62480784
62480426
62481809
62480180
62479996
62481146
62481792
62481977
62482118
62481323
62512169
62480288
62481139
62481992
62481605
62512644
62481984
62481008
62482114
62482384
62481453
62512723
62481552
62482405
62481288
62513075
62482346
62482002
62481354
62482798
62483018
62513225
62482677
62481674
62483094
62513057
62513360
62482517
62480738
62513173
62483033
62481664
62482889
62483185
62481311
62483338
62483197
62483418
62482509
62513744
62483569
62482097
62483503
62482404
62513871
62483459
62483471
62483714
62483752
62481754
62482064
62482675
62483784
62483957
62483295
62514350
62482726
62484184
62484274
62482279
62483937
62483105
62484220
62484376
62483591
62514887
62483391
62483888
62483794
62514602
62484165
62483586
62484453
62484724
62484089
62515225
62483129
62482757
62515299
62485052
62483395
62515287
62484154
62482788
62515422
62484836
62483809
62484834
62485339
62483973
62484973
62485193
62484630
62484901
62484262
62485042
62485265
62485478
62483148
62483629
62484707
62485294
62484107
62483779
62515521
62515873
62485325
62484335
62485968
62485544
62485713
62483527
62516148
62485607
62485803
62485759
62485849
62483824
62515948
62516336
62485997
62484679
62485869
62486062
62485012
62484766
62484780
62486054
62486236
62485451
62516547
62486304
62486088
62486177
62484968
62516523
62486164
62486115
62486330
62486434
62516691
62486248
62485317
62485875
62486690
62517069
62486322
62485826
62485376
62486568
62486667
62485493
62516965
62485029
62485701
62487234
62486749
62486966
62485868
62486527
62517169
62485117
62486165
62486821
62486965
62487069
62517196
62485394
62486493
62487046
62487197
62486556
62485218
62517735
62487154
62487202
62485356
62517963
62487494
62486505
62487515
62487751
62486949
62486030
62487799
62487720
62487905
62487116
62518233
62488089
62486658
62488003
62488093
62518356
62488085
62487023
62488671
62488437
62487550
62518819
62488693
62487112
62487668
62488602
62488395
62488435
62488874
62487370
62488946
62488531
62488758
62519061
62488845
62487414
62488760
62488939
62486914
62488904
62488983
62489163
62487110
62487468
62488249
62487953
62489076
62489341
62488469
62519646
62489022
62489298
62489374
62487328
62520112
62488559
62488171
62489392
62487930
62520010
62488378
62489450
62520078
62489291
62488449
62490133
62489696
62488352
62489689
62489006
62488651
62489981
62490035
62490122
62488032
62520560
62489229
62490502
62490213
62488909
62489006
62490102
62490092
62490384
62489479
62520568
62490004
62488678
62490095
62489229
62490557
62488721
62521026
62490232
62489413
62490522
62490694
62490719
62490758
62488869
62521256
62490597
62489562
62490739
62490908
62491045
62488925
62521573
62491247
62489714
62491198
62491286
62489811
62489527
62489589
62490211
62490525
62491240
62521918
62490677
62491475
62491510
62491477
62491639
62491740
62491465
62491428
62491511
62491735
62491729
62489594
62522131
62491841
62491138
62491757
62491972
62492121
62493719
62491827
62492155
62492180
62490011
62522579
62490537
62491094
62491041
62492207
62491005
62492245
62490148
62491738
62522783
62492652
62491142
62492689
62492738
62492674
62492012
62523019
62492399
62522745
62492707
62491416
62523251
62492529
62491220
62492217
62491620
62492989
62493219
62492781
62491814
62492927
62492989
62493171
62492335
62523447
62491498
62492546
62491885
62523546
62493287
62493247
62493416
62493389
62493493
62492701
62523903
62524152
62491869
62493437
62491406
62493378
62493577
62493692
62493697
62493589
62493671
62493745
62493048
62524079
62493415
62493721
62525752
62495255
62494600
62526219
62494163
62494870
62494821
62496005
62496321
62495515
62496081
62495135
62496330
62496587
62496635
62527048
62496196
62495398
62496516
62495163
62526906
62527097
62496676
62496816
62495950
62526950
62496409
62497032
62495626
62497222
62496959
62497053
62495737
62496904
62497104
62496319
62527401
62495447
62496444
62497025
62497237
62497320
62496657
62496170
62497395
62497565
62497645
62495537
62528263
62496926
62498127
62497832
62499591
62497737
62497925
62496573
62496810
62497261
62496730
62498494
62498069
62498302
62496103
62496576
62496965
62496058
62496104
62528463
62528618
62528734
62528563
62496590
62497614
62498321
62498359
62498463
62497742
62497420
62498540
62498618
62498808
62497937
62529046
62497711
62498725
62498893
62497945
62498892
62498948
62499000
62499230
62499173
62499038
62499255
62529633
62499027
62498550
62497974
62499350
62498405
62497384
62529535
62529829
62499373
62498141
62499709
62499545
62499597
62499328
62498225
62498134
62499640
62499528
62498240
62529782
62499274
62498855
62498323
62499504
62529794
62530066
62499576
62499037
62499741
62499991
62498680
62530208
62499734
62500149
62530475
62498513
62500047
62500151
62500279
62500407
62499557
62530827
62499231
62499308
62500461
62500633
62499206
62500488
62499509
62500751
62500828
62531127
62500602
62499861
62500779
62500974
62500959
62501031
62499949
62500935
62501034
62501064
62499065
62531636
62501316
62501216
62501082
62501001
62500681
62499958
62501401
62501564
62501661
62531820
62499925
62500959
62500418
62500430
62501047
62531936
62500169
62502038
62500682
62501282
62502025
62500463
62501259
62501868
62501857
62500856
62501810
62502416
62500982
62502277
62501943
62532524
62500533
62501349
62502325
62502313
62502465
62502130
62502217
62502550
62501496
62502438
62502681
62502767
62533021
62502508
62501563
62502553
62502615
62533287
62502508
62502215
62501645
62502991
62502975
62503209
62501047
62533599
62503324
62501784
62503307
62501183
62533678
62503413
62502232
62503328
62503478
62503493
62502708
62533753
62503103
62533782
62503490
62502917
62534047
62503321
62502499
62503666
62503856
62502602
62501767
62534294
62503951
62502531
62534192
62501827
62534122
62502227
62534408
62502393
62503128
62503988
62504279
62502974
62534571
62502571
62504226
62504401
62504361
62534473
62502609
62503268
62504785
62504521
62504506
62503844
62502757
62504923
62504616
62504628
62503880
62534884
62535117
62504775
62503523
62504667
62503804
62535138
62503198
62505067
62503766
62504943
62505071
62502872
62503329
62504115
62503043
62503051
62535670
62535531
62535604
62505013
62504016
62505043
62505400
62503951
62535718
62503706
62504129
62505431
62505469
62505645
62503599
62505545
62505001
62504518
62506188
62504475
62504384
62505688
62505881
62505964
62505128
62505759
62504867
62505963
62506056
62506211
62503991
62536528
62506156
62506319
62506108
62506287
62506435
62536460
62536564
62504629
62505264
62506932
62506450
62506677
62506437
62505737
62506665
62506764
62506806
62506035
62537179
62506617
62505758
62507038
62507028
62506191
62506743
62506279
62506850
62507100
62507197
62537529
62506891
62506598
62505899
62507306
62507430
62507462
62506208
62537845
62505857
62506840
62506192
62507561
62507761
62506498
62506506
62507718
62507671
62507700
62507844
62507930
62506532
62538206
62507875
62506841
62538343
62507210
62505951
62538369
62508173
62506729
62507801
62507941
62508069
62507170
62506673
62508226
62507121
62506442
62508299
62508465
62508490
62506414
62538619
62506766
62507865
62508381
62508699
62507388
62539058
62539099
62507376
62507645
62508829
62508868
62508958
62539181
62507328
62539246
62508913
62508913
62509010
62509134
62508352
62539495
62509113
62508062
62509287
62509353
62507242
62539853
62509456
62509543
62509411
62508698
62507778
62508643
62508144
62509612
62509826
62509912
62508632
62540392
62508267
62508920
62508906
62510545
62510031
62509991
62510088
62540260
62509827
62509005
62510079
62510323
62509524
62540427
62510437
62509353
62509703
62509199
62510360
62510473
62510591
62509121
62541011
62510269
62509430
62510501
62510729
62510842
62508878
62541289
62510537
62509702
62511239
62511085
62508811
62541358
62510991
62510999
62511205
62509698
62541317
62510749
62509992
62511073
62511150
62541525
62511005
62511242
62511507
62510582
62541771
62510263
62510013
62511396
62510128
62510342
62510313
62511905
62511624
62511861
62541910
62511412
62510553
62511552
62511919
62509682
62509978
62511800
62511763
62511987
62511130
62542250
62511651
62510806
62511967
62512042
62512104
62511943
62512127
62511273
62512032
62512268
62511446
62510588
62511210
62512349
62512542
62514300
62511334
62511171
62512462
62512473
62512532
62512636
62510546
62543034
62512707
62511256
62510571
62512869
62510761
62543074
62512359
62512042
62512623
62512985
62511472
62543338
62513061
62513337
62513005
62513171
62511176
62513235
62511111
62543700
62513279
62512098
62513203
62512602
62512354
62513175
62512525
62513378
62513549
62513632
62511405
62544065
62513663
62512290
62511534
62511703
62512805
62513759
62513876
62513932
62511992
62544195
62512324
62512802
62514400
62514015
62512566
62513998
62512750
62514245
62514434
62513598
62544675
62514550
62514283
62514495
62513638
62512423
62514850
62512655
62513927
62545173
62514472
62513975
62514784
62514955
62512868
62545406
62513867
62514946
62515098
62514313
62512982
62545551
62545486
62513578
62545654
62545689
62513667
62514251
62514043
62515566
62514104
62545751
62546047
62514484
62514417
62515513
62515626
62515754
62513619
62514021
62545922
62545890
62513614
62546094
62515652
62514598
62516225
62515933
62515928
62546140
62515838
62515825
62515994
62515233
62546515
62516164
62514788
62516044
62516251
62546406
62515886
62514756
62516297
62514336
62546821
62516640
62515039
62516312
62516566
62546759
62516216
62515357
62514412
62514533
62547027
62516363
62515569
62516664
62516812
62514797
62547315
62516168
62547235
62516992
62516200
62516974
62515707
62547403
62515418
62516503
62517033
62517255
62516470
62516016
62517154
62517342
62516040
62547560
62515744
62516534
62517438
62517660
62519368
62516412
62516826
62516981
62516505
62518161
62517735
62517863
62548179
62517577
62516676
62515981
62518087
62516587
62517297
62548389
62517722
62517099
62517993
62518113
62517365
62548575
62518328
62518029
62517455
62518125
62518238
62518294
62517581
62548869
62518413
62517197
62518314
62549034
62549066
62517349
62517450
62518576
62518754
62518858
62517598
62518231
62519026
62520716
62517733
62517621
62518690
62519077
62518336
62549469
62519240
62517792
62519089
62518420
62549765
62517482
62518304
62517916
62519701
62519553
62517885
62549565
62517702
62519451
62519292
62518968
62519667
62518744
62549724
62517806
62518479
62519567
62519774
62518000
62520101
62518698
62520104
62520065
62520145
62550152
62519640
62518832
62520043
62518028
62550481
62518527
62519214
62520682
62520423
62518395
62550891
62519431
62520381
62520566
62519913
62519959
62519439
62520562
62550880
62551037
62551075
62520692
62520817
62520049
62551233
62520724
62519999
62520814
62521114
62520187
62520255
62551167
62551319
62519300
62520464
62521083
62521254
62520062
62551584
62520568
62521393
62520235
62519914
62521465
62521517
62520753
62551770
62520211
62520181
62519826
62551839
62521724
62520368
62551826
62519890
62520498
62521781
62521902
62519856
62552306
62519794
62521911
62521919
62522008
62522163
62520591
62552393
62521820
62521181
62522075
62520900
62522114
62521677
62522162
62522398
62520949
62552893
62522565
62522410
62522531
62521130
62522507
62522630
62522625
62521963
62553058
62522860
62521508
62522960
62522905
62522958
62553117
62521232
62521809
62522610
62523107
62523174
62521015
62553487
62523454
62522177
62523236
62523349
62521835
62553691
62523226
62522113
62523222
62523284
62523374
62553573
62521734
62522768
62523430
62523417
62521773
62522531
62522211
62523631
62522470
62523877
62522969
62554081
62523676
62522572
62523910
62523511
62554188
62522108
62522972
62524109
62524158
62522112
62522511
62522969
62524173
62554511
62554417
62522750
62524140
62522678
62523398
62523102
62524399
62524732
62524686
62524458
62523554
62523332
62523835
62524915
62523739
62555147
62524664
62523869
62524867
62555401
62555365
62524921
62524030
62525539
62525325
62524041
62555784
62524439
62525347
62525553
62524139
62525722
62524896
62524248
62525917
62525697
62525825
62556112
62524048
62525785
62525058
62525189
62556058
62524198
62525198
62525779
62553340
62553574
62583550
62552513
62553522
62553588
62553744
62584054
62553280
62552451
62553027
62553933
62584196
62553497
62552675
62553809
62583916
62584131
62583982
62552092
62552765
62552530
62554026
62554054
62552029
62584549
62552940
62552831
62553917
62554342
62554268
62584499
62552614
62553428
62554281
62554469
62554511
62554619
62584954
62552640
62584780
62554377
62553398
62554623
62554754
62584977
62553245
62553883
62554808
62553568
62553859
62554679
62554387
62554958
62555082
62554417
62585721
62554513
62555145
62555357
62553765
62554883
62555439
62554001
62555572
62555570
62554785
62553878
62554893
62555539
62555850
62555831
62554691
62555033
62555689
62555606
62555135
62554761
62556294
62556018
62554593
62586425
62555751
62554929
62555258
62556179
62555308
62586484
62556379
62554856
62556204
62556281
62586637
62556153
62555208
62556395
62556071
62554625
62556508
62555046
62556364
62556522
62555734
62586849
62556668
62555145
62564300
62556084
62558424
62558460
62558316
62557072
62558186
62559122
62559134
62559324
62589378
62557539
62558294
62558100
62559188
62559357
62557780
62557836
62559786
62558359
62559656
62559886
62590079
62558058
62558717
62559966
62560039
62559772
62559673
62559236
62590399
62558451
62560075
62558965
62560075
62560239
62560169
62558796
62558495
62560394
62559042
62560427
62560654
62590628
62560092
62559335
62560498
62559241
62558903
62560519
62560647
62559249
62590987
62559001
62559660
62560673
62560986
62560057
62591434
62560819
62560834
62560989
62559180
62591372
62560722
62560166
62559987
62561124
62561357
62559532
62591638
62560671
62559281
62591970
62560233
62559978
62561398
62561512
62559388
62561431
62561579
62560400
62561639
62561598
62560563
62592027
62561477
62560655
62561705
62561860
62561927
62561132
62592166
62561804
62560636
62561831
62561802
62561834
62561746
62562126
62560581
62560109
62592685
62562128
62562154
62562199
62562460
62561713
62592847
62562518
62561214
62562463
62562628
62561167
62562679
62561852
62561201
62562423
62562646
62562726
62593013
62562457
62561690
62562802
62562834
62561976
62561640
62561823
62561844
62563005
62563213
62563269
62562460
62593443
62561549
62593380
62563297
62563119
62563210
62561898
62593478
62561602
62562687
62563329
62563579
62562692
62594004
62561386
62563452
62563527
62563631
62562804
62593986
62561804
62562866
62563536
62562555
62563616
62562991
62563851
62561716
62594341
62563688
62562584
62563765
62564101
62562454
62594166
62563853
62564009
62564100
62563339
62594266
62562427
62563526
62564158
62564367
62564457
62562584
62564473
62563203
62564256
62564514
62564611
62562698
62595056
62562295
62563841
62564540
62564759
62564784
62564888
62562791
62595140
62564521
62563517
62564722
62564915
62564113
62595353
62595101
62564941
62565120
62564287
62595623
62563927
62563695
62565256
62565311
62565268
62563144
62595584
62564319
62565274
62565312
62565389
62565668
62595805
62595965
62565229
62564469
62565466
62565689
62565721
62595967
62596374
62563986
62564744
62565847
62565772
62566067
62566048
62565351
62596214
62596587
62566233
62564857
62566534
62566247
62565513
62565932
62566381
62565077
62566672
62566340
62566342
62565557
62596533
62566180
62565270
62564617
62596822
62566579
62566638
62564425
62564817
62565879
62565245
62566593
62566772
62565352
62565329
62566642
62565240
62566186
62566753
62567061
62565588
62597233
62565159
62567029
62566968
62566887
62567032
62567078
62567118
62567132
62567431
62597525
62565682
62566221
62567377
62567502
62567507
62566794
62597876
62567226
62566926
62567565
62567699
62565722
62598181
62566608
62567964
62567975
62568044
62598302
62566404
62566998
62566835
62568016
62568188
62568254
62566751
62567890
62568018
62568501
62567248
62568309
62568451
62568555
62598954
62567330
62568429
62568569
62568571
62598740
62566780
62567607
62568474
62568857
62570377
62568696
62569189
62568771
62569385
62569035
62569187
62567251
62599554
62569303
62568013
62569238
62599678
62569296
62569314
62568012
62569228
62569437
62569455
62568721
62599635
62567796
62567359
62568361
62568300
62569796
62569712
62569757
62568993
62600126
62568465
62568452
62569056
62569860
62570039
62570020
62567851
62600540
62568991
62568461
62600494
62600534
62571834
62568990
62570051
62600902
62568702
62569108
62569673
62569097
62570445
62570669
62570715
62569390
62600857
62601260
62570476
62570060
62570706
62570788
62570912
62570134
62601230
62570963
62569649
62601413
62569085
62601384
62570894
62569826
62571144
62571159
62571197
62571103
62571282
62570446
62571163
62571446
62571509
62570720
62570072
62571495
62571497
62601781
62571173
62570365
62571077
62571640
62570458
62569708
62601973
62570098
62571118
62571638
62571700
62571890
62602003
62572124
62570932
62570739
62571927
62572054
62570917
62570973
62572032
62572196
62572372
62572164
62572180
62572372
62571119
62572296
62572519
62572610
62570390
62602998
62572247
62571917
62572535
62571476
62603060
62571019
62572132
62572719
62572989
62571670
62602967
62571128
62573041
62571795
62573051
62571623
62573032
62573160
62573346
62571082
62603605
62573277
62571970
62573298
62572636
62573379
62571347
62603756
62571361
62572172
62573267
62573332
62573511
62572120
62603766
62571871
62572760
62573555
62573703
62573584
62604316
62572149
62572476
62572675
62573771
62573847
62574002
62572127
62604427
62571895
62572667
62573955
62574081
62574281
62573352
62604445
62573781
62572989
62573999
62572873
62574442
62573104
62574135
62574302
62574389
62573653
62604766
62572714
62574610
62573371
62574836
62572852
62605013
62574219
62573411
62574354
62574789
62573492
62575097
62574845
62574901
62605276
62574955
62574810
62574950
62573696
62574994
62575032
62575256
62573162
62605667
62575347
62573878
62574592
62575557
62573395
62606189
62575676
62574495
62575468
62575544
62574181
62606050
62575550
62606098
62575873
62575956
62573794
62574042
62574705
62575793
62576031
62576004
62573880
62606578
62576332
62575198
62576068
62575364
62574505
62606893
62576571
62575047
62576464
62575152
62606596
62576112
62575870
62574958
62574918
62574546
62606953
62576471
62575783
62575108
62576409
62575485
62575349
62576786
62606938
62575058
62576171
62576803
62576857
62577057
62574990
62607563
62577241
62576365
62577166
62576504
62607780
62577107
62576029
62577104
62577268
62577485
62576143
62607735
62577294
62576294
62577594
62607841
62575825
62576866
62577498
62577758
62576237
62608179
62577464
62576731
62577816
62578012
62576588
62576949
62576522
62577891
62577896
62576447
62608402
62577851
62576806
62577375
62578272
62576453
62608559
62608707
62578092
62577208
62578792
62578468
62577129
62608720
62578664
62577218
62578816
62577632
62578676
62578847
62577470
62609189
62577948
62577740
62579109
62577716
62578804
62578957
62577877
62579405
62579175
62577726
62577161
62609702
62579118
62578231
62579480
62579512
62577367
62609960
62579700
62578396
62579665
62579670
62579736
62577690
62579422
62578530
62578641
62578460
62579556
62579659
62579862
62579149
62610170
62579482
62578647
62580016
62579976
62578002
62610404
62580231
62578947
62579947
62580191
62580196
62579524
62610504
62578684
62610334
62580291
62580251
62580417
62579088
62580395
62580639
62610573
62580183
62579402
62580475
62580054
62580828
62579421
62580517
62580006
62580906
62579601
62611046
62579226
62580070
62580953
62581080
62581205
62579328
62581214
62581304
62579769
62611574
62579620
62580603
62581249
62581448
62581544
62579642
62579703
62579430
62611852
62579769
62580493
62580429
62581473
62581755
62580327
62612094
62581560
62580933
62581067
62581855
62581830
62580829
62582017
62582256
62580928
62612544
62581829
62581549
62581008
62582408
62580984
62581272
62582164
62582511
62581344
62581826
62581623
62582564
62582749
62582726
62612778
62582417
62582538
62582779
62581423
62613135
62580993
62581577
62581585
62582718
62582766
62582928
62582531
62582106
62581702
62582849
62582986
62583138
62582254
62613384
62582792
62581936
62583031
62581973
62581569
62582993
62582538
62582217
62583340
62583429
62583441
62581440
62613805
62583344
62583514
62583458
62582724
62613943
62583365
62582461
62583482
62583622
62583777
62582468
62583718
62583669
62583776
62583883
62581745
62614426
62583885
62582882
62583922
62584190
62584198
62585899
62583421
62614548
62582404
62583972
62583020
62584204
62584215
62584295
62584121
62584150
62614500
62584341
62584390
62584401
62582253
62614892
62584278
62583257
62584530
62584760
62584517
62582909
62582941
62584765
62583547
62584619
62584732
62584922
62584174
62615204
62583242
62583901
62584949
62585059
62585156
62584494
62615525
62584947
62584368
62585135
62584913
62583868
62583331
62615841
62583745
62584707
62584224
62585320
62585409
62585585
62583429
62584011
62584375
62585471
62585597
62585581
62585565
62585717
62585845
62585771
62585796
62586012
62584593
62585451
62584718
62584619
62585666
62583888
62616428
62584493
62585237
62585109
62586754
62586430
62586556
62616683
62586535
62586335
62586527
62586727
62585196
62616884
62584948
62585771
62585334
62586703
62617301
62617037
62617197
62585614
62585780
62586919
62587184
62586005
62617631
62587388
62585954
62587412
62586015
62617653
62585633
62587457
62586345
62587294
62587530
62586321
62617913
62586816
62587368
62586598
62586552
62588117
62587761
62587889
62585765
62618298
62587509
62586200
62586671
62588039
62618112
62618412
62587697
62587108
62587988
62588087
62588215
62586067
62618590
62587955
62587171
62588088
62588260
62588463
62587223
62618745
62586732
62587411
62588385
62588621
62588653
62618794
62586991
62588216
62588716
62587498
62586982
62619212
62588989
62588146
62619180
62619480
62589075
62587843
62589064
62589298
62588464
62590861
62589202
62588427
62587902
62589069
62589238
62589212
62619659
62588960
62588315
62589582
62589522
62588911
62619873
62589706
62588302
62588844
62619830
62587782
62589308
62619911
62587956
62589018
62588428
62589620
62589757
62589765
62588127
62589982
62588678
62589774
62589887
62590042
62588031
62588351
62588976
62590243
62590431
62590190
62588940
62589335
62590137
62590404
62589177
62620809
62590197
62589296
62590333
62589754
62590624
62590431
62590722
62590795
62592533
62590750
62590111
62589672
62590809
62591032
62590975
62621336
62591120
62589819
62591150
62589335
62589785
62589053
62621475
62589460
62590457
62589874
62591147
62591364
62621632
62591510
62590278
62591350
62591425
62589911
62590470
62591418
62591320
62590904
62590430
62592255
62591848
62591986
62592152
62622334
62622604
62590455
62591943
62592148
62592252
62590875
62622442
62622843
62592212
62591209
62592537
62592521
62594235
Peak: 62623404
Average: 61781991.229861304
