0
163764
553833
815278
1547344
2129180
2557689
2987974
3491997
3855075
4341823
5207996
5384869
5730526
6186370
6675202
7119135
7356085
7765637
8325521
8742488
9023680
9343376
9575859
9913465
10682518
11009328
11612431
12418284
12724609
13022699
13510954
14056140
14555733
15102742
15633263
15975122
16290852
16512352
16640875
16702978
17048580
17214852
17504318
17891386
18042621
18268522
19568137
19390338
19568413
19676044
19678428
19913938
20097806
20249131
20419389
20800841
21346308
21731864
22142204
22623989
23227943
23493787
23945813
24253669
24411789
24561038
24731246
24930906
25100202
25411066
25704266
26033714
26450282
26804197
27246794
27785727
28576700
29291806
29909882
29913114
29918842
29921018
29935656
29946900
30195041
30783378
31284174
31526919
31811349
31954132
32293322
32350600
32422800
32481103
32582117
32616023
32939042
33206491
33760843
33850001
34340958
34460168
34635843
34681613
34652789
34735024
35043399
35197853
35743016
35870989
36270528
36747661
36818686
37055978
37763851
37950680
38374416
38374155
38374334
38374453
38236976
38688375
38888135
39094512
39156715
43124676
43167087
43429585
43540807
44080259
44139559
44228237
44284842
44335590
44396918
44464868
44490907
44566630
44634163
44665026
44901159
44992264
45178730
45527770
45633069
45845003
46406380
46815586
46856318
46933109
47158559
47211949
47394992
47485815
47581636
47672738
47987806
48115308
48357629
48561278
48684301
48949440
49275293
49388233
49525942
49629528
49771607
49933598
50184784
50264178
50351560
50379064
50415976
50455247
50525960
50580941
50737908
50814899
50928916
51073025
51411376
51549809
51852600
52180462
52488275
52645065
52953232
53238487
53708692
54271118
54424669
54535908
54581412
54630672
54704147
54819612
54911816
55017463
55062386
55108429
55546328
55844068
56018146
56109742
56533738
56956278
56989567
56983039
57400915
57492191
59493237
57821558
57985707
58128569
58206141
58329394
58577492
58452785
58555960
58680540
59071938
59756235
59876083
59959931
60025931
60084971
60128457
60295822
60339668
60910472
61835566
60894410
60939815
60733309
60736229
60740152
60742489
60743336
60747182
60749520
60751693
60752772
60754833
60757750
60757618
60760833
60761673
60765073
60769330
60770843
60771385
60773924
60775436
60775264
60777943
60778462
60779976
60780677
60781705
60782825
60781693
60784618
60784599
60789411
60790206
60790994
60791087
60792769
60794537
60795219
60795093
60795942
60797725
60798838
60799127
60801496
60802624
60803361
60804598
60808436
60809740
60809027
60811068
60812474
60813311
60812832
60813297
60815098
60815922
60814803
60818110
60818857
60819464
60820323
60820870
60821928
60823965
60825842
60826498
60827153
60825549
60826655
60828900
60829459
60830071
60830858
60832518
60831881
60832426
60833368
60833618
60834150
60837498
60837956
60836575
60838605
60839111
60838819
60840313
60840940
60841604
60840632
60844171
60842778
60842522
60842770
60844502
60843325
60849308
60849928
60850751
60848256
60848913
60850687
60851348
60850306
60854327
60854794
60855922
60854151
60854347
60854745
60856631
60859327
60860467
60861121
60859971
60864516
60861638
60863393
60862657
60863266
60864246
60865089
60866348
60865747
60870405
60870866
60871617
60867770
60869812
60871887
60872845
60872760
60874407
60875019
60875517
60873783
60879314
60879704
60877104
60877879
60877379
60877389
60878900
60879904
60878620
60885617
60882999
60883211
60883743
60884049
60884711
60885237
60885741
60886402
60884887
60890871
60886042
60888237
60887389
60887798
60889408
60892686
60892989
60890875
60891532
60892275
60898749
60893676
60895770
60896279
60895786
60896164
60896281
60898167
60898691
60898743
60899368
60902679
60903232
60901981
60904269
60904171
60904695
60905046
60905574
60904079
60904403
60911290
60911784
60912620
60907506
60907390
60909021
60911947
60911014
60911545
60911911
60918258
60913742
60914274
60914617
60914742
60915793
60914751
60916708
60917001
60916458
60916099
60918318
60918966
60920369
60920326
60928112
60928974
60929462
60922545
60924425
60925193
60925783
60924277
60925463
60926426
60926163
60927263
60928504
60928702
60931479
60932213
60932622
60933140
60932347
60931738
60933011
60932696
60941085
60941653
60942212
60942679
60943159
60943108
60937691
60936588
60937213
60940169
60940376
60942086
60942582
60943107
60943805
60943833
60944365
60944540
60945071
60945480
60946028
60946292
60946954
60945666
60945674
60957700
60958089
60958442
60959027
60959700
60960242
60951763
60953673
60954132
60954583
60953271
60953569
60954073
60954642
60954932
60956717
60959752
60960270
60959721
60968974
60969530
60960579
60962271
60962861
60960996
60963803
60963962
60964448
60963271
60964277
60966245
60966770
60969789
60970471
60970813
60970918
60971788
60972074
60972216
60970722
60973294
60973614
60981841
60974415
60974882
60975284
60975721
60976079
60974202
60979401
60979810
60980407
60980858
60981223
60981553
60982208
60982385
60982959
60983056
60983766
60983988
60984316
60984746
60985176
60985671
60988727
60989231
60989661
60990039
60990412
60990800
60991216
60990383
60991018
60992270
60992049
60992185
60992533
60992346
61003923
61003951
61004501
60996198
60996607
60997002
60997455
60998379
60999218
61000916
60999615
61001640
61000675
61002420
61002849
61003265
61001430
61004002
61004438
61004984
61008052
61008733
61019839
61020030
61010063
61009096
61021473
61021907
61022230
61022657
61023086
61023502
61011851
61012944
61012601
61012908
61014331
61018703
61019068
61019498
61019832
61020270
61021117
61020994
61021540
61021928
61022344
61022671
61022953
61021964
61022681
61023162
61023748
61027682
61028296
61026847
61039998
61040395
61029409
61027938
61030493
61030888
61031301
61031747
61031954
61032392
61032892
61033176
61032261
61032800
61035986
61036665
61037769
61037513
61038836
61038879
61039580
61038301
61052003
61038418
61040939
61039733
61041822
61042150
61042631
61043038
61043505
61043986
61047001
61047510
61046718
61047155
61047606
61048138
61048526
61049857
61049185
61049720
61051054
61050094
61064418
61064929
61065949
61066255
61054942
61056184
61056491
61056572
61056424
61058966
61059306
61059808
61059940
61060384
61060850
61061194
61060550
61059477
61062190
61061051
61076024
61064149
61064998
61067069
61066990
61065709
61068368
61067374
61069076
61068784
61068407
61070129
61070435
61069651
61070327
61071223
61072257
61071449
61074069
61074166
61076509
61076933
61077270
61077751
61091868
61078327
61077744
61078276
61079091
61079118
61080398
61079414
61079821
61080042
61096270
61084051
61083452
61085938
61086514
61086636
61087360
61087340
61087844
61088260
61087424
61087981
61088434
61088850
61089010
61090871
61089526
61089801
61093512
61109764
61093511
61095472
61096257
61096528
61096338
61097362
61096335
61113537
61113745
61114159
61097688
61098916
61099340
61099057
61101014
61103112
61104413
61105471
61104639
61105365
61104834
61107410
61107781
61108640
61107984
61124384
61108184
61125276
61108686
61126087
61110989
61111273
61112970
61113666
61114003
61114910
61114694
61114521
61132321
61114972
61116214
61117932
61118361
61118695
61118877
61118078
61118789
61119539
61119459
61122018
61140172
61122302
61122989
61125429
61125691
61126547
61125265
61125809
61126754
61127495
61144861
61144822
61126970
61129454
61129835
61132754
61133197
61133468
61132755
61133671
61134660
61133649
61152517
61133970
61136454
61137007
61137200
61137682
61136823
61138250
61137239
61156497
61140313
61142848
61141961
61142345
61161161
61142296
61143150
61145240
61145505
61145946
61144508
61146850
61145758
61146105
61145448
61146964
61165724
61151441
61151885
61152409
61152615
61152026
61151393
61154072
61154210
61154626
61153770
61154060
61155648
61174344
61154686
61155487
61157463
61157886
61161798
61161006
61161784
61162798
61181961
61182388
61162345
61163552
61165231
61165620
61165907
61165142
61165631
61165501
61186132
61166492
61168217
61171082
61170464
61171017
61172372
61171310
61192028
61172992
61174159
61174814
61174461
61175311
61175545
61175878
61176158
61176855
61177183
61176381
61180521
61179672
61200653
61201041
61180397
61180728
61183314
61183575
61184341
61183105
61183781
61184960
61183819
61185033
61186341
61186094
61187126
61188981
61189469
61189299
61211194
61189750
61190565
61192667
61192994
61192247
61213385
61193313
61214618
61192797
61194046
61195813
61196242
61196499
61198347
61199015
61198709
61221068
61201278
61201615
61202000
61202372
61201622
61202250
61202126
61224371
61204295
61204741
61205499
61205620
61204827
61208193
61208048
61208099
61207831
61209051
61210702
61210798
61232233
61211874
61212095
61212597
61233845
61212174
61213560
61235630
61212677
61213545
61218224
61239583
61218772
61217944
61219655
61219861
61241652
61220974
61221318
61221868
61222091
61223808
61245782
61223992
61223321
61225030
61225336
61224552
61228755
61228121
61229432
61228349
61252359
61229279
61253076
61231596
61231868
61230556
61232639
61232529
61233291
61256002
61232237
61234727
61235019
61238236
61237414
61239136
61237919
61238779
61262140
61240560
61262981
61241130
61241285
61241979
61242429
61241484
61242204
61241871
61266546
61242134
61247288
61247855
61246455
61248379
61247280
61248758
61249448
61273098
61248433
61250926
61251740
61251734
61275368
61251899
61253119
61253371
61252361
61255769
61256189
61280560
61257849
61258401
61257446
61259300
61257814
61283178
61295924
61272154
61274093
61298660
61275875
61275229
61300698
61275495
61276253
61280161
61281865
61282831
61281646
61282084
61308017
61282386
61285256
61285566
61310031
61285430
61285215
61311675
61286329
61288537
61288834
61288832
61316211
61292411
61292836
61293170
61293695
61318300
61294719
61295032
61294159
61295715
61295377
61321046
61295840
61297289
61297681
61297121
61298750
61301517
61300433
61300400
61302910
61303432
61302631
61304506
61329861
61303883
61305554
61303752
61306149
61306154
61305502
61332739
61306684
61306394
61312710
61313004
61312384
61313840
61314222
61312774
61315476
61315266
61314752
61315797
61315507
61315617
61315489
61318170
61318378
61317949
61317967
61348055
61322888
61322472
61323592
61322980
61324314
61350752
61325122
61325288
61325825
61352230
61326636
61325779
61327358
61327988
61329839
61354618
61327216
61331904
61332392
61332119
61331533
61331421
61333832
61334108
61361238
61333736
61361714
61335127
61334901
61336553
61363813
61335100
61337679
61338101
61339786
61341346
61368766
61342236
61342672
61341944
61343613
61371279
61342224
61344752
61345058
61344176
61345598
61344398
61344440
61347019
61347453
61349079
61349836
61349647
61349624
61352115
61352393
61351506
61353416
61381498
61354122
61354346
61353604
61355069
61383357
61356102
61356278
61347093
61352299
61380849
61353363
61353465
61352831
61354175
61382913
61353751
61355570
61354635
61355291
61384939
61355204
61357605
61357977
61357667
61387168
61360623
61360214
61362317
61361605
61363445
61392332
61362487
61364481
61363444
61365064
61394376
61364907
61366551
61366749
61366077
61367405
61396982
61368981
61369735
61371767
61370812
61372859
61402274
61372682
61372299
61374000
61373324
61373489
61375040
61373651
61376114
61376391
61375818
61406763
61376112
61380696
61379721
61381330
61381650
61381970
61380490
61384261
61383437
61384806
61414981
61385706
61386330
61386425
61386783
61386016
61387905
61417937
61389410
61391611
61391823
61391513
61422834
61391250
61393384
61423790
61394130
61394387
61393882
61393714
61393688
61394739
61426686
61396888
61397774
61399376
61399991
61398945
61399765
61430215
61400056
61400091
61399329
61399830
61400711
61400410
61398520
61400189
61399166
61400377
61399164
61400423
61430985
61399390
61400615
61399519
61400483
61430988
61401213
61400635
61431054
61400916
61400749
61400271
61431197
61399598
61431305
61399594
61400967
61399833
61399412
61399013
61399613
61431527
61399564
61401125
61399964
61401045
61399208
61401352
61399622
61399469
61400106
61399873
61401663
61400772
61431898
61400012
61401665
61400446
61401619
61399855
61402087
61401856
61401650
61432154
61400278
61401949
61400657
61401860
61401201
61400714
61401788
61432121
61400643
61399746
61401701
61432294
61401772
61401894
61399822
61401966
61401824
61400655
61432363
61399803
61401857
61400527
61399816
61401915
61432231
61402043
61400885
61401706
61400109
61400855
61400611
61402205
61400834
61400369
61400167
61402253
61401982
61432502
61402280
61401607
61433104
61402577
61402411
61401245
61401271
61432839
61402621
61402594
61402085
61433012
61402848
61403154
61401988
61401048
61400816
61402899
61402822
61400617
61401454
61402336
61401921
61402846
61404768
61401989
61401339
61401186
61403323
61401901
61401136
61402948
61402093
61435050
61404725
61404746
61404025
61435220
61404539
61404936
61435030
61404799
61404534
61434984
61404665
61403476
61404563
61435069
61404895
61404779
61403680
61435317
61404905
61405145
61403751
61403183
61435247
61403415
61404815
61403778
61435326
61405067
61404357
61404002
61404860
61435385
61403646
61405114
61404055
61435823
61403822
61404958
61405257
61405533
61435688
61404884
61435733
61403926
61404915
61404795
61405718
61436040
61405585
61405477
61405819
61436120
61405719
61405569
61404507
61403946
61405696
61403770
61405842
61404681
61404583
61405863
61405281
61436556
61406085
61406136
61436267
61406095
61406001
61405113
61436916
61406479
61406366
61405075
61406263
61436716
61405146
61436899
61406889
61406222
61408364
61405487
61405021
61404752
61406782
61437239
61406804
61406696
61406142
61405209
61407517
61407319
61437406
61407216
61437519
61407112
61405442
61407321
61407278
61405942
61405371
61405190
61407084
61405956
61407189
61407156
61406486
61437681
61407306
61407552
61437720
61407524
61407528
61406824
61438007
61407409
61407625
61405502
61407617
61406128
61407267
61437757
61407649
61407592
61406915
61438157
61406402
61407100
61406629
61406034
61405778
61407870
61438356
61407781
61407758
61407622
61407966
61408117
61438508
61408131
61408169
61407056
61406615
61408341
61408556
61407631
61438799
61406857
61407690
61407625
61408264
61406890
61408416
61408428
61407380
61406897
61406519
61408672
61407350
61408750
61408795
61407713
61408715
61406900
61409037
61407478
61409027
61439309
61408992
61408901
61408167
61439619
61406964
61408352
61439567
61409053
61407703
61409280
61407466
61441327
61411009
61409659
61409626
61409315
61411092
61411181
61409607
61410773
61410385
61411320
61411103
61410026
61409636
61410121
61411233
61411388
61441819
61409872
61441698
61410190
61410060
61410354
61411641
61411807
61411939
61411140
61442265
61409986
61411179
61410643
61410231
61412152
61411814
61410841
61442652
61410452
61411996
61410865
61410911
61412061
61410050
61411072
61410192
61412277
61411099
61412147
61410802
61412513
61411363
61410622
61411127
61412420
61410765
61412573
61412476
61410796
61410988
61412532
61412514
61411532
61442956
61411157
61412769
61411837
61411240
61443538
61412997
61412889
61413230
61443438
61413116
61410951
61412980
61412662
61411109
61413091
61411582
61411679
61411381
61414861
61411117
61413308
61411177
61413221
61411033
61412407
61443345
61413193
61413056
61411559
61411707
61413630
61443557
61413404
61413638
61413310
61412755
61413018
61411339
61413323
61411827
61413475
61443829
61412646
61444176
61413817
61412402
61412544
61444080
61413973
61412511
61412238
61413533
61413655
61414048
61444222
61414018
61414006
61413719
61412788
61411973
61413613
61444522
61414294
61414151
61414505
61444798
61414480
61414287
61414721
61444759
61412730
61414407
61413304
61412459
61444848
61413349
61444979
61445035
61414550
61414422
61414609
61413902
61445219
61414301
61446453
61416136
61416038
61416267
61446607
61416379
61416285
61414314
61416533
61415757
61414756
61446964
61416806
61416838
61415916
61447366
61417202
61417189
61416117
61416819
61417112
61417097
61417479
61447515
61417472
61417334
61416186
61447829
61417518
61417438
61417742
61447923
61417591
61417497
61416523
61447960
61417530
61417358
61417485
61447794
61417535
61417406
61416347
61447736
61417532
61417373
61416861
61447930
61417515
61416828
61447999
61417645
61417813
61416420
61416780
61416476
61448081
61417805
61419353
61418343
61419282
61417460
61417747
61419470
61418528
61418337
61419692
61417753
61418676
61450155
61417739
61419134
61419260
61450302
61420050
61420133
61420339
61450303
61420130
61420220
61420600
61420350
61418870
61420497
61420258
61419518
61419228
61420712
61419685
61451010
61420843
61420753
61420158
61451313
61419230
61420908
61419246
61420913
61451373
61420949
61419650
61419339
61418933
61420930
61451403
61420450
61421214
61420059
61419567
61419914
61421311
61420621
61451634
61421476
61419693
61419962
61421375
61420778
61451884
61421540
61421564
61451895
61421133
61421590
61421485
61451833
61421887
61419699
61421668
61420411
61420062
61419707
61421761
61421636
61420663
61452412
61420665
61421716
61421172
61452276
61421942
61420079
61420851
61420468
61420932
61422575
61421067
61420208
61422359
61421101
61422226
61452608
61420680
61422388
61421268
61453107
61420832
61421106
61422580
61452619
61420806
61422648
61422837
61453194
61422713
61421565
61453203
61422897
61422833
61421734
61453306
61422923
61422800
61421050
61422888
61421694
61453452
61422961
61423251
61422763
61453238
61423007
61422838
61422697
61421670
61423127
61422481
61453524
61423237
61422018
61453743
61423339
61423196
61423267
61421609
61421936
61423374
61422256
61421715
61422132
61423433
61422311
61421904
61421628
61421439
61423848
61421700
61423672
61453923
61423447
61422099
61423578
61453929
61454035
61423712
61422527
61454243
61424000
61423761
61424046
61423620
61424005
61423985
61423237
61423941
61421953
61423926
61423867
61422054
61424177
61422889
61422567
61424317
61424107
61424133
61423067
61424036
61424602
61422669
61423378
61424705
61423396
61424666
61423057
61423229
61424752
61424948
61424830
61423052
61425154
61423660
61424740
61423106
61425206
61423723
61424790
61423268
61424998
61424035
61423368
61424034
61424976
61423705
61455434
61425133
61425041
61455252
61423910
61423623
61425253
61425447
61423105
61425263
61424351
61425107
61423483
61425479
61424393
61425337
61424813
61425555
61424367
61456133
61425792
61425523
61424727
61457866
61427625
61426269
61425346
61457860
61427672
61427096
61427798
61428167
61458227
61428133
61428297
61427879
61428068
61427424
61428160
61427119
61428467
61428597
61458292
61428125
61427060
61458861
61428347
61426104
61427078
61426711
61426566
61428261
61427175
61426757
61426762
61427929
61427481
61458995
61428162
61428431
61427188
61426542
61426361
61428596
61427810
61458995
61428508
61427155
61426656
61427824
61428597
61427409
61458718
61428610
61427213
61428439
61426855
61427391
61428773
61428087
61458950
61426953
61428077
61427730
61427046
61459155
61428820
61427467
61427637
61427360
61427783
61459310
61429066
61428819
61427753
61459406
61429033
61429464
61428904
61427744
61429150
61428060
61427632
61459443
61429176
61428114
61427566
61428501
61429346
61429382
61459771
61427732
61429201
61428224
61427395
61429433
61428620
61459710
61427555
61459544
61429232
61427702
61427368
61429361
61428152
61459949
61427756
61429408
61429265
61427834
61429632
61429595
61429229
61428325
61429989
61429570
61460151
61428578
61428596
61429875
61428179
61429789
61428412
61428155
61428124
61429917
61429655
61428483
61428824
61427965
61430087
61430038
61428387
61428988
61430073
61429134
61460390
61430396
61460802
61430610
61430546
61430494
61429446
61460815
61430631
61429478
61461327
61430924
61430918
61430882
61430116
61431000
61430229
61461143
61430208
61431169
61431125
61429084
61431409
61430104
61429982
61430218
61431206
61429626
61431389
61429988
61431012
61461690
61430188
61431094
61429825
61431445
61429414
61431244
61431401
61429356
61431451
61430437
61429509
61431495
61430986
61431206
61431608
61431449
61431623
61461756
61431589
61429987
61431648
61430397
61431492
61429766
61431797
61430749
61430235
61431958
61431794
61430692
61462431
61431939
61431035
61430738
61462491
61432009
61430827
61462458
61432108
61431535
61432400
61462707
61432257
61430828
61431858
61430402
61462638
61430929
61432357
61431054
61431674
61431283
61432570
61430254
61462672
61431488
61432387
61430491
61431317
61430887
61432599
61432557
61432444
61431424
61432830
61431738
61463110
61432960
61431854
61463435
61433012
61431775
61431241
61430999
61433026
61463139
61432067
61431417
61431764
61433013
61433329
61463496
61433301
61431883
61463814
61433150
61431224
61463776
61432329
61433228
61433316
61435885
61434415
61436114
61466108
61434388
61435697
61433876
61434656
61434154
61466236
61435902
61435998
61435450
61436180
61436236
61434584
61435202
61436399
61434585
61436520
61467101
61436235
61436943
61436588
61436623
61435336
61466779
61436143
61436775
61466806
61436362
61436648
61434860
61436497
61435432
61435210
61435021
61436821
61435704
61467253
61436061
61435358
61435764
61467340
61437010
61435831
61435274
61436922
61436730
61437101
61435772
61434681
61467209
61436859
61436699
61467198
61436920
61467475
61435999
61435256
61437077
61435906
61436560
61437259
61437498
61435999
61437420
61468084
61437730
61436179
61435744
61437487
61437562
61437632
61467772
61437593
61467635
61437813
61437541
61438219
61437749
61436666
61436194
61438043
61437016
61437183
61468173
61438058
61436871
61468650
61438283
61468439
61438101
61468597
61438075
61437013
61436544
61438345
61438298
61438049
61436754
61438312
61438096
61437132
61438497
61438825
61438540
61438243
61437234
61437646
61438654
61436408
61438503
61437479
61469126
61437331
61469067
61437535
61438213
61438769
61437975
61440177
61440351
61440866
61440806
61440729
61440330
61441646
61441264
61439239
61441266
61439713
61441355
61471989
61440283
61471876
61441720
61440942
61443569
61440198
61440614
61472377
61441909
61441941
61472106
61440394
61441706
61442383
61441541
61441736
61441734
61441736
61442496
61442724
61440879
61440126
61440830
61440755
61441112
61472480
61442283
61442234
61472613
61442092
61441362
61441654
61442284
61441038
61472656
61441057
61442258
61442394
61440831
61472857
61443004
61440700
61442649
61441110
61442987
61442922
61443247
61441228
61441297
61443149
61442204
61441036
61443094
61441930
61442474
61441413
61443344
61442828
61442020
61443163
61442136
61473688
61443362
61442300
61443191
61441628
61443381
61442361
61473855
61443580
61442504
61474073
61473501
61443301
61443188
61441458
61443635
61443527
61474135
61443683
61442337
61441902
61443754
61442406
61474092
61443724
61444063
61443953
61473979
61443844
61443698
61442127
61444136
61442800
61443106
61443215
61442602
61444437
61442666
61441902
61444097
61443396
61474406
61444191
61442634
61474256
61443969
61442950
61474489
61474450
61443148
61442262
61444227
61444443
61474637
61444461
61444178
61443003
61444139
61443930
61442233
61444172
61474515
61443583
61443266
61442488
61444468
61444683
61474798
61442879
61442763
61444478
61444418
61474894
61443337
61475234
61444744
61444780
61444935
61475217
61445037
61445042
61445199
61443035
61445186
61443967
61443481
61445367
61445235
61442991
61475315
61445147
61445143
61445428
61478435
61448261
61446422
61446451
61447469
61447118
61478319
61448167
61446965
61446485
61448232
61448021
61445781
61447475
61446475
61478080
61448054
61446736
61447995
61447952
61447832
61446033
61448067
61447445
61478561
61448183
61478699
61448045
61448330
61447060
61478510
61448306
61448148
61478443
61447876
61448494
61447288
61478858
61448654
61447349
61446911
61447447
61448581
61448855
61446718
61448660
61447608
61479127
61448779
61447275
61446902
61447704
61448588
61479009
61448679
61447398
61478942
61448778
61447534
61448762
61448782
61448665
61448527
61447881
61447257
61448639
61448607
61447326
61447172
61448586
61448747
61478923
61448821
61447660
61447446
61448951
61448432
61447573
61448763
61479248
61448804
61447581
61447124
61446860
61447598
61447157
61447381
61448811
61447538
61448155
61448894
61447229
61447476
61449007
61448382
61479361
61447091
61447867
61479707
61449332
61449269
61448066
61479575
61449453
61448248
61479695
61449457
61448288
61480035
61449563
61449370
61449277
61448352
61449571
61447861
61449668
61448648
61479949
61449758
61450259
61447861
61449659
61450009
61449039
61448084
61450439
61449834
61480500
61449812
61449758
61448953
61449980
61449758
61448600
61448544
61448925
61449408
61449236
61450019
61480405
61450246
61449139
61480900
61450413
61449091
61450200
61448786
61450362
61480996
61481002
61450113
61450681
61449123
61451003
61449000
61448864
61450056
61450720
61449929
61451055
61450255
61449806
61450019
61449590
61449492
61450717
61449525
61450811
61450901
61448831
61450797
61449602
61448797
61450219
61450738
61449007
61450315
61449513
61451032
61480985
61450706
61450712
61449067
61450919
61449704
61449085
61450984
61450839
61450668
61451104
61451024
61450916
61449377
61451331
61450098
61481607
61481702
61451322
61449500
61451437
61450074
61449623
61451472
61451772
61451456
61449460
61451466
61451730
61450063
61451498
61451435
61482170
61451704
61451593
61451808
61481895
61452098
61451770
61481895
61451896
61451144
61449716
61449996
61450338
61482086
61451764
61450726
61482299
61452040
61451053
61450801
61449942
61451794
61450725
61451312
61452219
61452142
61450184
61452056
61482611
61452145
61452393
61450334
61452882
61450300
61451199
61452537
61451403
61482847
61452601
61451440
61483041
61452797
61451752
61483276
61452783
61451485
61483233
61452721
61451519
61483314
61452835
61452251
61451470
61452571
61483230
61452762
61451498
61451199
61452939
61452972
61452712
61451105
61452917
61450574
61452669
61452876
61483355
61451384
61453095
61452792
61452985
61452942
61451222
61451844
61453093
61451410
61452674
61453168
61453107
61451312
61452604
61452280
61483512
61453209
61450952
61483187
61453068
61453310
61453455
61451614
61453258
61452412
61452918
61453252
61483654
61453483
61452274
61483775
61453360
61453444
61451761
61453497
61452721
61451387
61453503
61452366
61453010
61453559
61483817
61483748
61452394
61483793
61452816
61456384
61487092
61456587
61455199
61456942
61486816
61456708
61456418
61455232
61457262
61456882
61454745
61456160
61456964
61454833
61455998
61456014
61487207
61456832
61455480
61455234
61457070
61457469
61456849
61455780
61487078
61456171
61456980
61457612
61457213
61455039
61456984
61487618
61457122
61455420
61455449
61457140
61456874
61455593
61456873
61457357
61455788
61455766
61455651
61455758
61455433
61457207
61457164
61457055
61455668
61457256
61455495
61457347
61457181
61456928
61455619
61457245
61457271
61455548
61457314
61455893
61456752
61457166
61457618
61456546
61456827
61457597
61457528
61455860
61487904
61457528
61455878
61456424
61457499
61457273
61455454
61457584
61456871
61456543
61457675
61456719
61488315
61457884
61457871
61457835
61488119
61458093
61456971
61458090
61458016
61456368
61458182
61458160
61456868
61488251
61458111
61457004
61488818
61457810
61458115
61456012
61488556
61456824
61488672
61458149
61457220
61457840
61458392
61458651
61457683
61458453
61458063
61458106
61458227
61458032
61457536
61458391
61457353
61488820
61458699
61457201
61488890
61458474
61457259
61488678
61458580
61457428
61457037
61458631
61458588
61458448
61458614
61457534
61457950
61489145
61458644
61457173
61458998
61489483
61458959
61458849
61489107
61457780
61489296
61458873
61457650
61458818
61456912
61458534
61457407
61459023
61459031
61457958
61458302
61459099
61458997
61457977
61459188
61458133
61458004
61459356
61459459
61457370
61489614
61458366
61458747
61459446
61459637
61489756
61459596
61458469
61490205
61458527
61459796
61459444
61457721
61459731
61459499
61458930
61459837
61458706
61457972
61489926
61460291
61459511
61458376
61459892
61458616
61458675
61459897
61459839
61458764
61460067
61458770
61458503
61460005
61459839
61458764
61490325
61458474
61460233
61459608
61490321
61460131
61460048
61490449
61460167
61458514
61460285
61460102
61490871
61460330
61459770
61459022
61458721
61490843
61459190
61458889
61460642
61460350
61458885
61459568
61460326
61490779
61460441
61461586
61462147
61462081
61460617
61462089
61460481
61462370
61461014
61460611
61461118
61462596
61462976
61461718
61461394
61460831
61461189
61462743
61462972
61460832
61462780
61462258
61493244
61462214
61461545
61461786
61462882
61461393
61461590
61463491
61463288
61461179
61463418
61463012
61461797
61462496
61462773
61461586
61463620
61462944
61461597
61463730
61463816
61494037
61463771
61463935
61464012
61465501
61462050
61462634
61462567
61463906
61462376
61463819
61462093
61462704
61462006
61462857
61462321
61461898
61462978
61494563
61464121
61464422
61462081
61464258
61464344
61462652
61464289
61462491
61462776
61464071
61463883
61462677
61464259
61464066
61462290
61462915
61463282
61464570
61464062
61464369
61464214
61464572
61462507
61464479
61464382
61494729
61463923
61464706
61462559
61464596
61464347
61464660
61463379
61495312
61464860
61463678
61464951
61464813
61464807
61464541
61464473
61464621
61463525
61463292
61465063
61463795
61462973
61464818
61464744
61463834
61463857
61464986
61463062
61464940
61463275
61464698
61463907
61463435
61465104
61464485
61465126
61463979
61495395
61464500
61463091
61464980
61464993
61495446
61465114
61464645
61463257
61465292
61463657
61465475
61464279
61495630
61465526
61465418
61499206
61469130
61467980
61499504
61469229
61467952
61499474
61467189
61499837
61468933
61469488
61468082
61467986
61469684
61468365
61469478
61468599
61467718
61468831
61468016
61469384
61467956
61499783
61469453
61471041
61467344
61469387
61469369
61467899
61469531
61469567
61468509
61499993
61469447
61469676
61500201
61469697
61469438
61468219
61469579
61468430
61469054
61468689
61500356
61470069
61468857
61469214
61469865
61470009
61469184
61469910
61469646
61469980
61468720
61500366
61469983
61470206
61469326
61469926
61468267
61470044
61468622
61500526
61469999
61468763
61469950
61468779
61469886
61500534
61468094
61469425
61470213
61470558
61468190
61468403
61468631
61470312
61469578
61468155
61470764
61500790
61470338
61469231
61500654
61470532
61468934
61468339
61469307
61500833
61470434
61469884
61468745
61470624
61501248
61501103
61470958
61469606
61470893
61501281
61471094
61469717
61468947
61470848
61501523
61468892
61471288
61471202
61469674
61501821
61471277
61469969
61469123
61471058
61471518
61471310
61469590
61501358
61470282
61501596
61470810
61471354
61469652
61471501
61501980
61471445
61471186
61470008
61471368
61469773
61471598
61470458
61502170
61471677
61469676
61469767
61471003
61471400
61470137
61471713
61471582
61470312
61471795
61470221
61471998
61471811
61469858
61471813
61470265
61472052
61471229
61470385
61472183
61470990
61470080
61472097
61470411
61470533
61470952
61502411
61470012
61471877
61471459
61470426
61472162
61471059
61502559
61472286
61502782
61472328
61472456
61472495
61502555
61471175
61472660
61470546
61472543
61503164
61472575
61471444
61502985
61472503
61471372
61472556
61471148
61502880
61472505
61472606
61502951
61472977
61472864
61470768
61471473
61472578
61472904
61470989
61472653
61473137
61471864
61470984
61473494
61503666
61473198
61471515
61473183
61473144
61471752
61472109
61471274
61473104
61503505
61472432
61472917
61473377
61473421
61473353
61472035
61472018
61473320
61471391
61473498
61473241
61472457
61473750
61471975
61473787
61472519
61472463
61473784
61472482
61503966
61473705
61473990
61471822
61473662
61473515
61473855
61473100
61471855
61473890
61472418
61474182
61474127
61504614
61474128
61474326
61472142
61474182
61473985
61472793
61474225
61504835
61474353
61473123
61473671
61472797
61473581
61474441
61473016
61504812
61474499
61474127
61474406
61473310
61474741
61474626
61505030
61474535
61473357
61474931
61474241
61473173
61474837
61474268
61505430
61475201
61473760
61475123
61473313
61475138
61473826
61505837
61475524
61474203
61505585
61475333
61475556
61474130
61475232
61475423
61474092
61475328
61506102
61475566
61475658
61474015
61474221
61505919
61474679
61475330
61473798
61475475
61474362
61473410
61474975
61475345
61475716
61474360
61505928
61475583
61474145
61475835
61475718
61474498
61505896
61475556
61473990
61474444
61475615
61474127
61475921
61474684
61474342
61475230
61506268
61475907
61474439
61474932
61476551
61506450
61474575
61476302
61506840
61476464
61475196
61506741
61476570
61476539
61506443
61476088
61476003
61476399
61475083
61506709
61476364
61476618
61506966
61476535
61476702
61507063
61476923
61476644
61507200
61476706
61475054
61476763
61475582
61477008
61476186
61475602
61507343
61476869
61475333
61476991
61475960
61476963
61477573
61475268
61476098
61507745
61477486
61476431
61475527
61477670
61475810
61477938
61475778
61477477
61476282
61477408
61476513
61475523
61476599
61508135
61476956
61476263
61476468
61508126
61478028
61476842
61478071
61477353
61476631
61476279
61477682
61477968
61476803
61508241
61475958
61476953
61478495
61478439
61508396
61477998
61478240
61478299
61477127
61476251
61478281
61478022
61478482
61477676
61476352
61480293
61482352
61482105
61481387
61481369
61482075
61512624
61482073
61482227
61482414
61480983
61484011
61482456
61512863
61482458
61482257
61482543
61482030
61480629
61482697
61481145
61482847
61481662
61513078
61482245
61481485
61481561
61481476
61513087
61482425
61482956
61483129
61481500
61483138
61482420
61481841
61483084
61481425
61483226
61482044
61513572
61483212
61482235
61481233
61483174
61482963
61481230
61483398
61513887
61483448
61483416
61513934
61483476
61513672
61483527
61482004
61483767
61482654
61482542
61482519
61514000
61483598
61483539
61483663
61483873
61483765
61514279
61483427
61482186
61484011
61482874
61482786
61484018
61482424
61484133
61482879
61482228
61482754
61514650
61484224
61482940
61482159
61514084
61482940
61482105
61484119
61483497
61482636
61483223
61484448
61484428
61482956
61482567
61484053
61484452
61484498
61514868
61484878
61484238
61484658
61483851
61483302
61483203
61514920
61484542
61484408
61483060
61483246
61482811
61483022
61483438
61482537
61484462
61483486
61484717
61483208
61482702
61484842
61483333
61485056
61483784
61485054
61485010
61483351
61483568
61485126
61515600
61485038
61515566
61484282
61483826
61483042
61485062
61515683
61485188
61485444
61485231
61484097
61486964
61485378
61484139
61483862
61485345
61483812
61485685
61485360
61515857
61485570
61485578
61484441
61485583
61485489
61515695
61485199
61485694
61484539
61483619
61485606
61516107
61485785
61485505
61485801
61484643
61516208
61485849
61484733
61486057
61516501
61516413
61486424
61484306
61486046
61485147
61486185
61516449
61516386
61486053
61484466
61486297
61486227
61484205
61485032
61516490
61486015
61484762
61485061
61485707
61486540
61485126
61516899
61486479
61486502
61517027
61486698
61517289
61486677
61486592
61517139
61486711
61485104
61486632
61486919
61486822
61485514
61516933
61486780
61485860
61487086
61518772
61487631
61487480
61519401
61489299
61519688
61489290
61488859
61488039
61489666
61490042
61520112
61489875
61487389
61520170
61490064
61488712
61489958
61488950
61520250
61489950
61490026
61488746
61488122
61489421
61488780
61488898
61520735
61490593
61489240
61520823
61490499
61489356
61489203
61488974
61490275
61488394
61490357
61521038
61490635
61490462
61490936
61490559
61489581
61491042
61489600
61491092
61490875
61489277
61489552
61490974
61489315
61491116
61489760
61521640
61491403
61489996
61521372
61491188
61491432
61490254
61521871
61489753
61491471
61491319
61490075
61491539
61491383
61491726
61490337
61489792
61491884
61490250
61492223
61490894
61490024
61492306
61491764
61491821
61491952
61490770
61490244
61522388
61491959
61490212
61492255
61490968
61522413
61492023
61491450
61491750
61492241
61491131
61492328
61492405
61492469
61522979
61492502
61492711
61490533
61490744
61491808
61492637
61492402
61492383
61492898
61523057
61492674
61491308
61490668
61491279
61523111
61492631
61492385
61492620
61491565
61523109
61492805
61494493
61491208
61492624
61492862
61491639
61522966
61523221
61491992
61523395
61492648
61491550
61493258
61492138
61492589
61493197
61492489
61491186
61493211
61491617
61493456
61493335
61492242
61491410
61523822
61493548
61491787
61493622
61493613
61492108
61493762
61492577
61493658
61493971
61492632
61491871
61493826
61492178
61493901
61492780
61524441
61494197
61493221
61493516
61493057
61492256
61493788
61524352
61494462
61524638
61494142
61492919
61492138
61494254
61494005
61494231
61492844
61493938
61494386
61492993
61494358
61492786
61494324
61494068
61494501
61493408
61525082
61494590
61494399
61494716
61493523
61525052
61494041
61494609
61524937
61494635
61492975
61493202
61494873
61494712
61494909
61493546
61525309
61494892
61495156
61493280
61492775
61495027
61494988
61493816
61525397
61495011
61495165
61494953
61495175
61493942
61493185
61495182
61494908
61493515
61495244
61494004
61525596
61495363
61494738
61493490
61495531
61526090
61494347
61494683
61495689
61495469
61493844
61495159
61495568
61494596
61526051
61495905
61495916
61495788
61525900
61495602
61494185
61526051
61495631
61494543
61526232
61495286
61495717
61494518
61494697
61526532
61496095
61526285
61494819
61496174
61496181
61496078
61494605
61530726
61500094
61499608
61498128
61500155
61500030
61500544
61499239
61498720
61530770
61500467
61500438
61500563
61499360
61531230
61530850
61500113
61500490
61500707
61500101
61498775
61500949
61499298
61501010
61500296
61498853
61500877
61499437
61501273
61499945
61499882
61499756
61531457
61499919
61531691
61501429
61499600
61499853
61501300
61499730
61500163
61531890
61501582
61499923
61501608
61500423
61499924
61499421
61501147
61501638
61500824
61499401
61501562
61501457
61501557
61499915
61501729
61500517
61500192
61501107
61501347
61501746
61500540
61532011
61501862
61500131
61501731
61500522
61500296
61501717
61532271
61501692
61501578
61501912
61500604
61531991
61501949
61501849
61500153
61501985
61500844
61532368
61501414
61532742
61500968
61502217
61501035
61501149
61501485
61500621
61502275
61502128
61502591
61501697
61501030
61501275
61533088
61502706
61501982
61501235
61501630
61502839
61502734
61503050
61502956
61501246
61503023
61501841
61501750
61503020
61501307
61503156
61502076
61502982
61503098
61501382
61503384
61502594
61502406
61503173
61503283
61502474
61533495
61501647
61503492
61502529
61501530
61502057
61503447
61503479
61503749
61502730
61503357
61533837
61533917
61502183
61534299
61503659
61502999
61533997
61503764
61502544
61502298
61503791
61502278
61504178
61502962
61534403
61504076
61503957
61503566
61504238
61502716
61504660
61503391
61502596
61504552
61502843
61504117
61504399
61504780
61503585
61535062
61504708
61503718
61503205
61504818
61535375
61534966
61503276
61534926
61505030
61535424
61505014
61503696
61535239
61504385
61505199
61503337
61503591
61535267
61505029
61504882
61504989
61502950
61535212
61503716
61506736
61504960
61504704
61503423
61504988
61504927
61505267
61504457
61535694
61505476
61503112
61504545
61504115
61503334
61505230
61503710
61505316
61504080
61505370
61504240
61505180
61505402
61504384
61503651
61505514
61505585
61503905
61504417
61536079
61505776
61505789
61505845
61505524
61505923
61504891
61504083
61506264
61536831
61506294
61505570
61504970
61504858
61505928
61506106
61505104
61505653
61506308
61536513
61506155
61536787
61506295
61506103
61536513
61505996
61505924
61506299
61505069
61536447
61505686
61505957
61504806
61506374
61536798
61506568
61505444
61505801
61506548
61505357
61504555
61505286
61537111
61506264
61505555
61504675
61506678
61506453
61505518
61505474
61537039
61537087
61505978
61505266
61505693
61505783
61537611
61507220
61507129
61505573
61537624
61506179
61507527
61506235
61507396
61537969
61506561
61506937
61506094
61537678
61507023
61506498
61507768
61506536
61538097
61506801
61507647
61507724
61506971
61506386
61507661
61538071
61507664
61508150
61507804
61506770
61505917
61508126
61507767
61508063
61507990
61505971
61507972
61538391
61508031
61507422
61506238
61506028
61508349
61508265
61507131
61506947
61506438
61507951
61508371
61507028
61538492
61507597
61508049
61507317
61508224
61538806
61508396
61508446
61538992
61507821
61506543
61508423
61539090
61508624
61508011
61508736
61507728
61508885
61509087
61507225
61507497
61509197
61508984
61539629
61509164
61508123
61539526
61539489
61508615
61509488
61508231
61509305
61509381
61507607
61507796
61508079
61539895
61509466
61507907
61509620
61508336
61508691
61509638
61508119
61509951
61540277
61509208
61510187
61508327
61509927
61509212
61509614
61509842
61509837
61510235
61508852
61510029
61510177
61508488
61510072
61540477
61510189
61509902
61510366
61510366
61509601
61508873
61540582
61540772
61508991
61510068
61510427
61541059
61510699
61510606
61508587
61509616
61510940
61509618
61509167
61509563
61509724
61541310
61510995
61509257
61510174
61509632
61509129
61511160
61511099
61510420
61510095
61513051
61510112
61510199
61513090
61510547
61510271
61509340
61512761
61513284
61513373
61513909
61513764
61515844
61513341
61514305
61512614
61512932
61544337
61544455
61513622
61514376
61513892
61512714
61513169
61512707
61514518
61514358
61514664
61513533
61544823
61514417
61514322
61514746
61514292
61545266
61514933
61513144
61514979
61515119
61514341
61515081
61545631
61545547
61514163
61513115
61513645
61516721
61515136
61514551
61515192
61515029
61515250
61514204
61513267
61515763
61514120
61514596
61515603
61546049
61515690
61514546
61513763
61514195
61545690
61515850
61515466
61545886
61514592
61514597
61513802
61545713
61514855
61514369
61514466
61513655
61513636
61515508
61515780
61515705
61515830
61515971
61546068
61516443
61546473
61546279
61514771
61516167
61515795
61516067
61515048
61514735
61514788
61513932
61514775
61516145
61516218
61515140
61515494
61514951
61515612
61516236
61514766
61516429
61514839
61515232
61515801
61515039
61519520
61521018
61519546
61521321
61520167
61521570
61551920
61551798
61521240
61519666
61521443
61521603
61551693
61521383
61519783
61521542
61520425
61519405
61521593
61551981
61521635
61521698
61520009
61552164
61551883
61521553
61552177
61521802
61521644
61521950
61521157
61520208
61521137
61552632
61521354
61521755
61522096
61520935
61552180
61520834
61552589
61522015
61521808
61522065
61521891
61522201
61521024
61522311
61521002
61520156
61522073
61520590
61522209
61521143
61522171
61552350
61520123
61521646
61521758
61552542
61552911
61522340
61521866
61521426
61520557
61522609
61521168
61522727
61522612
61522828
61523007
61553401
61522965
61521296
61522930
61522489
61521022
61522947
61521032
61553239
61521407
61521816
61523179
61521997
61521961
61523114
61521497
61523323
61522660
61523280
61523477
61521956
61523754
61523044
61522115
61522609
61553750
61523801
61523569
61553710
61523421
61554165
61523604
61523740
61523674
61522450
61522593
61522307
61522682
61554273
61522922
61522841
61522188
61524157
61522947
61522557
61522617
61524279
61524069
61522757
61524336
61522498
61524324
61524564
61524460
61554461
61522645
61523517
61524089
61523132
61523216
61554728
61524524
61524292
61524602
61523393
61523353
61524622
61524322
61524563
61524643
61554748
61524617
61522933
61524577
61524549
61523015
61523431
61523648
61524902
61524779
61525078
61523674
61525002
61524924
61523686
61524854
61525150
61525190
61524288
61523672
61525452
61523708
61525269
61525447
61525244
61524677
61523149
61524099
61523473
61524116
61555604
61526033
61525340
61525569
61524668
61555919
61524673
61525654
61525682
61556274
61525702
61524979
61556448
61525295
61556610
61526056
61525885
61524341
61525934
61524549
61526218
61526112
61524279
61525167
61525514
61526400
61526606
61526505
61525464
61524358
61525109
61556786
61526507
61524873
61525443
61525513
61525734
61526545
61525199
61526471
61525011
61526941
61526994
61557501
61526915
61525438
61527082
61527216
61527112
61527082
61525358
61527008
61527200
61525547
61526171
61557478
61557545
61526021
61525076
61527555
61525948
61526489
61525904
61557256
61527008
61526032
61527328
61527099
61526042
61525491
61526011
61557894
61526633
61525914
61527599
61525978
61527711
61526519
61527552
61526397
61526347
61527610
61525866
61526577
61527215
61558276
61527873
61527864
61527954
61558260
61528005
61526296
61528060
61558262
61527963
61558771
61528416
61526865
61528200
61558721
61528370
61527189
61528377
61528542
61528516
61527669
61528478
61528329
61527397
61527388
61526278
61527133
61528416
61528554
61526268
61527352
61526521
61528608
61527000
61528787
61529091
61527329
61527953
61527331
61527825
61529054
61559106
61528895
61526875
61527725
61559375
61529093
61529447
61529150
61529089
61529275
61528216
61527385
61529263
61527676
61529511
61528295
61529633
61527561
61559805
61529359
61559554
61529188
61527725
61527417
61529530
61560148
61529675
61527985
61529609
61529442
61529683
61559785
61529388
61529835
61529865
61527908
61529673
61560128
61530219
61560312
61529964
61528141
61528490
61529920
61528410
61530249
61529528
61529970
61530122
61528233
61528880
61528109
61529028
61560397
61530190
61529469
61530213
61529478
61530461
61528377
61529385
61528289
61529030
61529616
61528960
61560412
61530109
61529924
61528759
61528929
61560660
61530446
61529291
61529256
61530297
61560928
61530672
61529247
61528871
61529731
61529727
61528850
61529493
61530011
61529411
61561152
61531268
61530646
61530712
61529308
61531085
61531100
61531043
61530677
61531137
61530559
61531002
61530060
61531159
61530318
61529736
61530166
61529218
61529870
61561627
61531228
61561738
61531501
61529066
61531395
61531331
61531435
61561684
61562236
61531727
61531854
61531807
61530577
61531641
61530102
61531780
61532877
61531501
61533289
61564079
61533861
61532328
61534084
61534351
61534217
61533561
61534309
61533018
61533563
61533318
61532387
61533214
61533116
61533192
61533019
61533558
61533915
61533502
61565043
61534506
61564708
61534516
61532816
61534559
61533527
61533253
61533519
61532914
61534889
61534650
61534957
61565311
61533591
61534908
61535013
61565429
61535029
61533316
61535080
61534498
61534828
61534037
61533777
61534066
61533156
61534799
61535016
61535367
61535562
61535534
61534399
61533676
61534487
61565995
61534815
61534739
61535641
61535674
61534052
61534634
61535672
61534428
61534038
61534481
61534838
61534253
61534179
61534625
61565987
61536201
61566156
61533534
61535338
61534469
61534527
61535657
61566155
61535744
61535206
61535012
61534542
61534745
61534242
61536087
61534456
61536148
61535953
61534138
61535439
61536258
61536102
61536287
61566798
61534675
61566919
61535233
61535162
61535300
61538490
61536713
61567015
61535507
61534996
61567134
61537162
61536765
61536662
61536904
61535708
61536137
61535789
61536738
61536782
61535394
61535606
61535076
61537029
61537226
61537178
61537010
61535695
61536094
61536030
61567479
61567411
61537194
61567693
61537175
61536081
61537536
61567879
61537232
61537309
61536020
61537416
61537279
61537578
61536658
61535509
61536179
61567832
61535750
61568126
61536584
61568151
61538102
61537782
61536044
61536841
61536101
61538041
61568639
61537581
61568767
61568570
61537935
61538219
61538051
61538259
61538410
61538481
61537190
61574090
61543676
61574090
61543983
61543273
61544047
61544092
61544183
61544290
61544140
61544292
61544012
61544175
61574703
61544581
61574885
61544238
61544064
61544610
61544322
61542494
61543420
61542749
61544695
61575113
61544813
61544240
61543397
61575288
61575193
61575285
61544055
61545082
61575593
61543801
61544432
61543827
61575285
61545078
61543593
61545292
61545083
61545339
61544078
61545214
61544005
61543146
61545221
61575441
61545161
61543606
61545485
61543615
61545320
61543907
61544123
61545120
61575632
61575699
61545566
61545401
61545702
61545626
61544356
61545567
61544958
61545668
61575962
61544720
61544493
61543610
61544512
61545037
61545134
61544284
61546082
61545689
61546039
61545070
61546004
61546039
61544347
61545307
61544301
61545842
61544821
61547876
61546338
61546019
61546340
61546548
61546479
61546510
61546519
61545091
61546194
61545524
61546153
61544652
61546273
61576879
61545714
61546298
61544755
61546470
61546553
61544899
61546019
61546957
61577278
61577513
61547054
61577454
61544945
61545683
61577518
61547001
61577566
61547301
61577647
61545155
61546996
61547384
61547081
61547418
61546182
61546764
61545732
61578095
61547511
61549526
61547739
61578347
61547018
61547901
61547194
61547259
61546590
61548069
61546356
61548010
61546815
61547610
61547138
61547027
61547131
61547590
61578626
61578661
61546882
61578786
61548380
61578928
61579026
61547590
61548842
61548709
61547416
61548778
61579401
61548764
61579158
61549128
61547728
61547637
61547683
61548959
61547396
61549146
61548557
61549213
61548444
61547182
61547705
61547191
61547748
61549118
61549357
61547812
61579505
61548188
61549379
61548420
61549300
61549468
61547761
61549487
61547424
61548422
61547968
61548257
61548785
61548787
61549361
61549623
61547616
61547665
61548687
61549944
61550252
61548374
61550018
61547785
61548532
61548948
61549695
61550418
61549438
61549733
61549191
61548403
61549066
61549755
61550570
61550225
61550658
61550371
61550681
61550702
61580807
61550616
61550750
61548770
61549522
61550693
61550923
61549195
61550843
61550135
61549847
61551086
61581127
61581579
61550525
61551174
61550558
61549945
61550283
61551117
61549366
61581455
61549893
61553068
61551455
61551459
61551284
61549593
61581642
61551256
61551452
61581989
61550935
61582181
61551138
61582282
61551796
61551304
61551726
61550043
61551851
61550602
61549773
61551723
61582218
61551959
61582460
61550812
61551986
61551150
61550665
61550796
61551973
61551856
61552140
61550460
61552152
61550412
61552141
61551403
61552236
61551454
61551028
61551598
61552230
61550987
61582456
61552163
61582472
61552189
61552479
61552443
61550829
61552614
61552523
61552654
61550564
61550596
61551796
61552172
61551474
61551009
61551743
61550935
61552199
61551723
61552930
61552217
61552990
61553118
61552767
61553196
61551504
61553287
61553062
61553369
61552583
61551373
61551984
61583824
61551631
61553185
61553366
61584028
61551958
61553095
61553829
61553935
61551812
61552584
61551797
61553836
61584399
61553992
61584613
61554100
61553509
61554154
61552574
61554342
61552828
61552297
61553237
61552776
61552736
61553460
61553321
61553831
61552916
61553372
61552376
61553279
61552416
61554625
61584739
61554548
61553900
61554586
61552985
61554570
61552867
61554539
61555053
61554575
61554647
61553213
61554941
61553444
61554409
61585046
61554630
61585134
61552678
61553677
61554827
61555111
61555539
61586716
61556602
61587317
61557429
61587301
61556491
61587592
61556803
61557555
61556352
61555477
61556172
61557305
61588046
61557577
61555980
61556920
61555771
61557739
61587730
61588075
61557603
61557647
61556815
61558016
61557802
61558283
61555974
61556808
61556387
61557064
61558343
61557021
61556216
61558209
61556994
61557104
61558305
61557195
61556823
61558333
61556674
61558673
61558359
61558279
61557684
61558240
61588838
61588868
61558216
61588809
61558175
61558416
61556628
61558464
61558044
61558480
61558104
61558558
61558610
61558676
61558677
61558696
61558819
61558405
61558770
61557551
61558800
61558769
61556670
61557614
61558757
61559013
61557247
61559054
61589339
61559043
61589330
61559076
61589580
61558572
61589569
61558163
61559194
61557887
61559241
61559332
61559086
61559102
61559149
61557382
61589928
61558846
61559555
61589901
61559475
61590018
61559043
61559808
61558168
61559065
61559840
61558745
61559874
61558758
61558518
61557933
61590228
61559895
61560218
61558337
61559696
61558888
61558032
61558920
61560180
61558906
61560008
61560250
61558889
61560216
61590471
61559063
61558701
61558387
61559307
61558435
61559131
61558477
61560465
61590945
61558540
61590804
61560466
61590830
61560329
61559379
61559116
61558661
61560707
61560680
61559865
61560666
61558884
61560565
61560946
61560926
61559618
61560693
61560506
61559266
61559891
61561041
61559923
61561266
61559775
61560351
61559972
61591842
61561100
61560444
61560131
61560125
61560054
61560059
61561176
61559245
61559659
61591880
61561365
61561505
61559371
61560003
61560360
61563302
61561822
61592227
61561501
61591924
61561581
61591997
61561635
61560086
61561822
61560160
61560682
61559751
61561816
61592370
61561842
61592277
61560175
61560718
61560801
61562101
61561039
61560695
61592647
61562333
61562240
61562413
61562321
61562405
61562533
61592547
61562412
61592584
61562537
61561911
61562612
61562010
61562768
61561682
61561601
61562600
61592770
61561221
61562432
61562655
61593218
61562934
61593390
61561822
61562293
61562072
61561504
61562067
61562724
61561614
61563302
61562957
61563273
61562530
61561623
61561991
61561378
61593981
61562498
61563756
61563740
61563814
61563538
61562916
61561905
61563682
61593980
61563569
61594049
61593940
61562505
61563891
61594413
61563811
61562122
61563714
61562087
61594354
61563636
61563979
61561924
61564187
61594733
61564074
61562429
61564240
61562581
61564334
61564320
61564350
61563370
61564674
61564494
61564698
61564828
61564762
61594900
61563149
61563835
61565105
61563780
61564954
61564137
61563550
61563926
61571081
61569049
61601380
61569620
61570027
61569781
61571736
61570670
61570302
61570122
61570424
61569976
61570448
61569566
61570230
61570726
61570144
61570008
61601628
61569664
61571468
61602045
61571428
61601710
61601705
61571079
61571222
61601588
61570020
61601793
61571562
61601847
61571540
61571481
61571744
61601995
61571566
61601928
61570891
61601784
61570417
61569541
61569984
61570596
61571120
61602082
61571873
61602048
61570930
61602213
61571787
61570638
61572100
61570298
61602532
61572322
61570943
61571016
61572289
61572412
61571040
61572323
61572502
61572107
61572662
61570332
61571269
61571785
61571777
61570244
61571860
61571743
61572448
61602891
61572683
61602817
61572585
61570995
61572748
61571058
61573173
61603119
61572814
61603386
61572747
61603369
61573019
61572772
61572958
61603191
61573024
61603358
61572554
61571376
61573159
61603202
61572862
61603427
61573053
61572990
61572669
61603222
61571879
61572003
61571994
61571237
61572089
61571257
61572176
61571466
61571925
61574915
61603458
61571798
61573812
61603651
61573372
61571464
61571325
61572128
61603760
61573012
61573633
61603851
61573307
61572279
61573748
61603839
61572201
61571507
61572313
61572478
61573615
61572279
61573880
61573517
61572719
61603731
61573493
61573546
61573276
61573890
61573799
61571763
61572855
61573950
61574032
61573083
61572767
61573928
61574095
61573300
61572820
61574233
61572952
61574379
61573116
61575799
61574264
61573407
61573127
61574140
61573143
61574177
61573948
61574446
61574290
61574161
61604724
61574122
61604452
61573464
61572439
61572193
61604769
61574270
61604835
61574441
61574212
61574383
61574347
61574450
61573692
61573508
61574563
61573495
61573016
61575063
61573888
61573935
61573472
61574656
61574822
61574136
61573247
61574565
61574803
61574009
61574931
61575083
61575220
61575232
61575072
61575111
61574742
61575034
61575010
61575122
61573879
61574988
61605564
61573066
61573425
61573710
61575082
61575368
61573764
61575589
61573810
61605776
61575260
61575607
61573959
61575698
61574387
61575804
61574169
61575772
61574008
61575611
61577538
61608402
61578100
61608326
61576659
61608411
61578027
61576874
61577503
61608760
61577265
61608636
61577125
61578670
61578541
61578673
61577870
61577198
61577446
61578246
61577554
61578766
61577995
61577589
61578239
61578970
61579283
61579034
61577777
61577627
61578063
61609370
61578082
61577744
61578122
61577584
61577843
61579114
61577805
61578528
61578112
61579340
61579291
61609542
61578068
61579291
61579828
61578513
61579725
61578762
61580172
61579266
61580027
61580021
61579969
61579777
61579982
61578365
61580340
61579899
61580311
61579024
61578822
61580380
61610731
61580037
61611014
61579585
61580516
61610795
61579465
61580602
61580462
61580748
61578915
61580740
61611138
61579295
61578792
61580738
61582484
61580888
61578884
61579521
61579906
61581053
61581135
61581045
61579860
61581208
61581170
61579188
61580115
61580720
61581396
61581500
61581374
61611871
61581411
61581721
61581389
61611935
61580065
61581105
61581604
61580297
61580329
61580548
61581756
61580278
61581972
61611699
61611760
61579830
61580396
61579606
61581590
61612020
61581708
61583508
61582108
61579747
61580547
61581129
61580655
61612203
61580815
61580511
61580804
61580383
61580155
61581221
61581804
61579926
61580647
61582085
61581983
61580043
61580966
61582277
61581287
61581418
61581602
61582336
61582021
61612825
61582159
61581470
61581443
61581052
61581237
61580968
61581789
61580911
61582240
61582371
61580817
61612940
61582225
61580168
61581046
61580235
61581253
61581268
61582257
61581014
61612894
61581471
61582629
61582500
61582799
61580771
61612910
61582422
61582862
61613153
61581291
61581863
61583124
61613406
61582945
61613222
61582841
61613163
61581642
61581819
61583037
61582842
61583632
61583209
61581099
61583433
61582965
61583268
61613737
61583451
61613596
61583297
61613527
61583114
61613720
61583219
61582092
61583358
61613861
61583380
61583193
61583441
61582287
61583485
61583612
61581740
61583523
61583111
61582968
61582301
61614515
61582850
61584161
61614467
61584387
61583081
61584626
61582156
61583465
61584252
61584417
61584282
61583035
61584167
61614971
61584289
61614608
61584214
61582291
61614607
61614760
61584379
61614837
61584467
61615109
61584401
61614654
61585005
61614987
61584584
61614851
61583290
61584564
61583922
61584746
61584500
61584724
61582995
61583670
61583907
61583240
61583598
61583243
61584974
61585031
61584600
61584913
61583142
61583667
61584339
61583824
61583003
61583710
61615590
61585030
61585494
61585138
61615561
61585124
61583163
61583771
61583553
61583907
61584312
61584104
61585255
61615569
61615353
61584069
61584498
61584089
61615571
61585644
61585529
61585721
61584375
61585696
61615936
61585564
61584430
61583779
61584600
61585059
61585872
61585120
61585923
61585823
61585696
61583749
61584483
61585715
61585812
61585950
61616400
61585624
61584846
61585398
61585320
61584789
61586179
61616622
61586756
61616771
61586273
61586386
61586388
61586139
61586383
61616709
61584952
61586085
61586476
61616810
61586417
61616855
61586485
61616894
61586471
61617088
61586688
61617050
61586712
61616873
61586776
61617046
61586655
61617065
61585377
61617018
61586577
61617073
61586856
61586421
61586677
61617177
61586968
61616892
61585409
61616894
61586449
61617062
61586706
61586677
61586866
61617215
61587012
61585708
61586984
61587080
61586949
61586843
61586089
61587284
61585800
61586448
61586080
61586290
61586787
61585516
61587344
61585716
61587469
61587228
61587530
61585807
61618088
61586676
61587812
61587819
61618052
61586557
61586658
61586725
61588001
61587032
61588079
61586933
61587949
61588294
61618582
61588557
61618548
61588084
61618306
61588046
61618582
61588598
61586040
61586809
61586661
61587106
61587049
61588496
61586379
61619026
61587784
61587400
61587178
61586387
61587382
61587132
61588734
61619068
61589230
61619172
61587306
61588016
61587494
61587135
61587530
61588725
61588564
61588684
61619158
61588935
61619053
61588729
61619127
61588665
61587584
61588904
61588433
61588749
61588665
61588909
61587100
61619318
61587921
61588965
61588997
61586893
61587700
61587303
61587983
61587676
61587950
61588004
61588959
61587084
61589098
61619303
61588884
61589370
61589112
61587498
61589331
61589472
61588202
61589796
61589474
61589727
61589650
61620076
61588455
61588932
61589384
61620320
61589791
61620401
61589930
61591634
61620233
61590062
61589394
61620590
61590093
61589865
61588604
61589229
61590328
61592128
61590563
61620759
61589074
61588445
61589224
61589824
61589408
61589888
61589595
61590697
61588501
61588924
61588939
61589663
61589506
61589316
61590033
61621057
61590818
61621061
61590834
61589179
61589175
61596563
61597877
61597460
61597848
61628320
61597738
61596674
61597806
61597443
61597732
61596166
61597862
61598422
61597184
61596812
61595939
61596790
61596318
61596793
61597172
61597952
61595984
61596709
61596160
61596348
61597837
61598215
61628678
61598207
61628585
61598070
61628532
61598273
61598336
61598334
61596436
61596218
61596613
61598075
61598298
61598375
61598105
61597212
61597106
61596603
61597943
61598704
61606375
61600686
61599355
61599676
61599549
61601206
61601299
61601349
61600659
61600858
61601492
61601169
61601556
61631981
61601515
61632049
61601548
61632103
61601656
61601679
61601762
61603499
61632033
61601969
61601814
61600128
61601191
61632286
61601887
61632497
61601365
61600353
61602007
61600384
61601445
61602368
61602179
61601958
61602151
61600534
61602202
61600642
61632753
61601777
61602589
61602622
61602518
61604363
61601801
61602745
61601691
61601984
61633043
61601666
61601399
61602194
61601404
61601823
61602952
61602861
61602992
61601245
61602854
61633364
61603044
61633131
61601422
61600995
61602818
61602312
61601548
61601613
61601853
61603284
61603276
61633557
61602234
61601732
61602234
61602048
61602138
61603398
61603296
61603530
61633849
61603281
61633561
61602104
61602310
61602312
61633848
61602067
61601348
61602285
61601543
61603479
61633852
61602313
61602965
61602528
61602258
61634327
61602408
61602926
61602572
61603907
61603733
61603809
61603774
61602139
61603406
61602308
61634338
61634327
61602427
61602826
61603647
61634109
61603958
61602278
61603477
61634353
61602096
61602604
61604710
61634627
61603207
61604555
61603288
61604539
61634929
61604407
61606164
61604453
61602678
61604403
61634887
61604383
61634924
61603217
61602642
61603493
61603956
61603229
61602777
61603550
61604854
61603819
61604911
61603709
61605143
61634953
61602993
61603879
61605128
61603362
61604955
61603413
61605067
61635658
61603000
61605262
61604559
61635425
61603833
61604945
61604684
61605383
61605309
61605290
61603679
61605511
61635700
61604059
61604658
61604757
61605576
61604463
61605654
61603893
61605447
61636065
61605630
61605316
61605661
61603633
61604573
61604721
61605029
61605760
61603964
61605772
61636095
61605631
61604801
61606300
61603840
61604817
61604513
61605816
61604547
61605004
61605909
61604733
61604936
61606065
61604860
61606173
61604378
61606041
61604588
61605500
61636677
61606023
61636303
61605998
61604068
61604961
61636498
61605475
61606236
61606364
61604735
61606812
61636514
61606302
61606259
61604694
61605002
61605988
61606277
61604354
61605755
61636639
61605304
61605054
61605849
61637182
61605318
61636897
61637096
61637433
61605669
61606517
61637264
61606959
61637206
61606880
61637478
61607080
61605044
61605870
61605131
61605835
61606042
61606236
61607350
61606612
61607244
61606974
61607328
61607105
61605209
61606057
61605454
61606257
61607458
61607623
61607605
61607151
61607598
61607123
61607484
61637940
61607470
61606724
61607438
61638011
61607438
61605515
61605668
61607287
61607681
61638113
61638291
61638091
61606796
61606993
61638636
61607770
61608183
61638460
61608192
61638401
61607780
61638473
61606856
61606720
61608245
61606962
61608320
61607804
61608219
61606466
61608174
61608231
61608248
61608328
61608409
61638598
61607249
61607265
61608438
61638952
61608375
61638863
61606591
61608681
61608597
61639161
61608591
61606807
61607396
61606564
61607876
61608873
61638776
61607420
61608497
61608906
61608849
61607122
61609124
61609115
61639771
61609173
61607199
61607951
61609323
61608018
61609216
61609024
61609136
61639666
61609166
61609300
61639544
61607925
61609201
61609256
61609214
61607562
61609001
61639500
61609212
61639403
61607815
61607827
61608552
61609197
61608296
61608472
61607459
61609090
61639522
61609007
61639391
61609159
61607776
61609219
61639760
61608183
61608683
61608782
61608502
61609554
61608640
61639550
61609115
61639477
61609189
61607660
61609257
61608081
61610042
61608849
61608457
61609685
61607562
61608166
61608721
61609834
61609035
61609507
61609209
61609844
61609124
61609339
61608664
61640477
61609435
61610196
61609971
61610311
61610343
61608657
61610438
61640771
61610267
61608261
61609675
61610338
61610454
61610538
61610091
61609529
61640566
61610273
61640731
61609176
61608799
61610612
61641145
61610438
61609830
61609686
61610796
61610363
61610655
61609052
61610696
61610535
61610638
61609973
61609957
61611001
61609108
61610963
61610539
61608873
61641620
61609305
61610954
61610491
61641438
61611006
61611083
61611388
61610923
61611407
61609748
61610892
61611219
61611377
61641799
61611397
61641842
61610301
61641711
61610259
61611738
61610550
61610202
61610056
61611701
61609842
61610655
61610759
61610760
61610793
61610855
61612081
61611377
61610568
61610901
61612099
61610270
61611879
61642453
61611730
61642186
61610576
61611245
61610746
61609911
61610639
61642390
61610604
61610718
61642200
61610062
61611505
61612324
61612252
61612117
61610397
61610101
61612063
61610892
61612326
61611519
61610850
61611449
61612381
61611103
61612496
61610683
61612425
61642951
61611126
61612512
61612225
61610896
61611360
61611620
61612920
61610873
61611902
61612878
61612775
61613194
61611345
61611824
61612007
61611952
61613318
61613200
61612592
61611878
61614988
61643617
61613621
61613241
61611747
61612924
61612228
61613476
61643849
61613045
61613656
61644220
61613727
61611600
61612500
61611617
61613072
61613338
61612882
61614134
61612307
61613803
61612390
61614181
61614149
61614359
61644703
61612702
61614475
61614366
61612676
61614408
61644704
61612456
61612697
61614631
61645000
61614702
61613452
61614557
61612919
61614703
61645270
61614532
61612578
61613573
61613282
61613675
61645005
61613373
61616489
61614964
61645354
61613156
61645230
61613895
61615158
61615451
61614557
61614527
61613905
61614678
61615316
61615394
61613539
61646091
61613615
61615020
61614717
61614337
61615788
61614639
61615824
61615988
61616027
61615930
61615680
61614506
61614211
61615892
61614288
61615856
61614317
61615770
61646473
61616000
61646426
61616180
61646337
61616420
61614914
61616054
61646568
61616654
61646756
61616224
61614259
61615176
61615071
61615717
61615183
61615740
61616067
61616391
61646682
61615237
61616339
61616453
61646536
61615054
61616409
61616202
61616455
61614899
61615359
61616686
61616280
61616606
61614972
61616017
61646969
61616561
61647146
61617169
61615885
61649000
61617348
61618853
61617078
61619046
61618780
61619541
61649181
61617838
61617014
61618108
61619159
61619633
61617796
61618230
61619335
61619473
61619553
61617751
61619677
61649933
61618278
61618447
61619785
61649895
61618605
61619746
61619753
61650304
61619933
61650315
61619410
61620018
61618326
61620554
61617964
61619263
61650367
61618455
61618823
61620387
61618328
61619537
61618821
61619935
61620014
61650612
61618938
61620066
61619311
61619011
61618806
61618978
61620282
61619929
61620171
61650382
61620143
61650590
61619567
61620478
61618543
61620384
61619689
61620383
61620413
61618997
61620212
61620408
61650590
61620517
61651196
61619297
61618726
61619602
61619624
61619868
61621199
61621206
61621021
61651322
61621451
61620593
61620855
61620312
61620117
61621152
61619929
61621199
61619479
61621204
61651809
61620178
61621400
61651494
61621180
61620324
61621535
61620633
61651903
61620456
61621752
61621534
61621392
61652198
61620547
61621977
61620069
61620943
61622137
61619768
61620540
61622274
61622316
61652843
61622287
61620498
61622717
61624048
61622415
61620746
61622411
61620498
61621870
61652909
61622018
61622793
61620981
61622642
61620721
61653032
61630332
61629124
61629067
61629652
61630365
61660814
61630286
61628401
61629711
61630567
61629269
61629826
61630721
61628953
61630738
61630017
61629711
61630741
61630471
61631045
61629041
61630913
61628974
61630147
61661208
61629886
61631084
61630743
61631158
61661420
61629226
61629556
61631665
61661620
61630101
61631330
61630138
61631340
61630556
61630423
61631480
61631384
61631692
61631237
61631533
61662018
61631590
61661905
61662066
61629755
61630948
61631975
61631558
61632052
61630167
61632076
61662485
61631917
61662325
61632115
61662482
61631113
61632338
61632137
61632426
61632353
61632490
61662872
61632411
61631892
61632612
61632739
61632818
61632690
61663098
61632738
61630750
61631725
61630535
61632872
61632839
61663360
61632946
61630881
61632020
61633074
61632032
61633015
61631254
61632983
61663653
61633008
61632434
61632120
61633091
61633158
61631943
61633178
61631529
61633282
61663582
61633494
61631373
61663476
61631786
61632401
61633517
61633494
61633379
61633783
61631931
61633728
61664016
61633750
61664230
61632621
61633832
61633538
61633888
61664317
61632653
61632298
61634173
61634041
61632325
61634118
61664400
61632894
61633467
61633163
61632907
61632960
61634311
61664488
61632987
61632752
61634157
61633543
61633052
61634457
61632825
61634996
61632808
61633467
61634550
61632753
61665158
61634464
61634523
61634935
61665439
61634765
61635462
61634850
61635413
61632970
61665301
61634900
61633228
61635630
61633109
61633708
61633413
61635239
61633900
61634971
61635119
61633562
61635418
61633338
61633988
61633695
61633898
61635240
61665603
61635126
61634641
61634590
61633777
61634281
61635295
61665798
61635684
61633713
61635632
61633291
61665691
61665783
61633975
61634154
61635275
61635311
61634343
61635461
61665914
61635536
61635368
61635777
61666199
61635438
61634163
61635852
61634018
61634880
61634637
61636156
61635416
61666466
61636117
61666562
61635206
61636527
61636253
61636148
61666500
61666991
61634739
61634715
61636517
61636539
61636816
61635070
61636973
61667505
61636938
61634943
61635919
61637307
61637065
61636748
61667362
61637269
61635398
61637192
61667553
61636124
61637493
61635701
61636839
61667592
61636411
61637517
61637210
61637420
61637258
61637644
61668059
61636271
61637570
61636316
61635834
61636568
61636305
61636347
61637703
61635354
61637062
61637934
61637724
61668050
61667877
61636038
61637782
61637120
61637988
61636064
61637136
61637695
61668275
61638038
61636771
61638153
61636001
61668555
61637360
61636595
61668550
61637218
61638460
61638350
61638548
61668741
61638352
61636654
61637582
61638602
61637009
61668740
61637751
61636816
61637529
61638522
61669184
61638568
61637992
61638062
61638834
61638623
61637276
61638521
61638770
61669086
61637658
61638952
61638780
61638921
61669152
61638602
61636733
61637803
61638915
61669081
61637474
61639165
61639153
61637416
61639251
61637017
61669467
61669531
61637781
61637659
61638545
61639241
61637456
61639136
61669464
61637915
61637797
61639064
61637138
61638109
61639358
61638100
61639540
61639234
61669836
61639352
61669559
61639239
61669482
61638057
61637801
61638206
61639305
61639355
61669798
61639394
61638619
61669410
61637893
61639752
61639486
61669631
61638257
61639417
61639048
61669460
61639464
61639292
61638650
61639465
61669861
61638079
61637651
61638608
61669955
61639123
61639812
61670136
61638429
61638538
61639886
61670432
61639515
61639731
61640465
61637920
61638851
61640004
61639823
61670105
61638842
61640118
61639773
61640315
61640169
61640061
61670518
61640030
61639470
61639003
61640196
61640201
61640101
61638205
61638231
61670933
61640176
61640534
61640492
61639573
61640836
61640014
61640828
61671258
61639709
61639853
61639977
61641203
61671520
61639644
61640263
61640994
61641104
61639500
61640391
61639431
61640350
61641123
61641076
61638979
61640315
61671546
61639510
61641113
61640529
61640529
61641276
61641224
61639946
61641389
61641425
61640131
61641393
61639931
61641604
61641397
61641617
61641506
61671929
61641628
61672229
61640464
61641864
61640151
61641818
61641608
61641819
61640345
61640715
61642006
61641034
61642330
61672952
61642405
61672551
61641479
61643551
61644247
61674516
61642755
61644317
61642618
61643808
61674875
61644590
61675148
61644115
61644948
61644939
61643053
61675258
61643941
61645001
61644752
61645198
61643602
61643356
61645016
61643064
61644413
61645287
61643487
61644475
61675510
61643940
61644272
61644802
61645648
61645211
61645589
61644176
61644283
61644331
61644751
61645748
61676235
61645694
61645810
61645411
61645666
61644644
61644487
61676179
61676442
61644953
61646144
61644393
61646365
61676270
61644051
61676784
61644968
61646149
61676472
61645212
61644994
61646246
61646598
61644959
61646442
61646606
61646746
61644616
61645505
61646679
61644894
61646629
61646757
61647001
61677394
61646851
61645054
61646210
61647053
61645353
61647548
61645761
61646535
61647169
61646685
61647431
61647377
61647210
61647277
61647336
61649081
61647410
61677649
61646676
61645549
61647501
61647454
61677633
61645711
61677886
61646186
61646365
61646264
61645970
61646568
61647776
61646239
61647878
61645910
61646597
61647910
61647616
61647962
61646877
61648051
61648161
61646465
61648650
61647529
61647095
61678633
61647222
61648495
61648458
61648620
61678764
61647347
61648609
61648733
61646401
61647591
61648860
61648403
61648908
61648146
61649002
61647830
61647699
61648895
61646851
61647897
61648851
61648764
61648885
61647062
61648209
61649031
61649088
61649058
61649231
61649508
61649247
61649582
61649560
61680126
61649500
61648002
61649651
61649848
61648241
61649799
61649814
61649097
61649882
61649831
61648366
61649060
61649797
61648326
61650141
61648858
61648807
61650067
61680375
61648767
61650085
61648752
61649023
61680310
61680333
61648956
61649613
61680730
61650420
61681032
61649441
61650640
61650383
61650669
61681153
61649400
61649451
61651149
61651116
61681213
61649857
61651113
61680960
61649103
61649394
61651401
61649023
61650011
61651270
61649496
61651238
61649125
61649925
61649795
61651280
61651333
61681693
61651787
61649365
61650405
61651571
61650334
61651515
61649904
61651737
61650685
61650797
61651582
61649808
61650562
61650936
61651155
61651295
61649483
61681900
61649492
61651713
61651681
61652034
61649719
61651794
61682212
61650996
61652064
61651808
61651862
61649881
61650784
61651947
61651223
61651053
61652167
61651835
61652226
61682491
61651080
61682529
61682635
61650875
61652558
61650600
61652374
61650542
61652702
61652639
61650664
61650751
61650882
61650410
61652331
61651816
61651921
61652543
61682894
61651324
61651452
61651821
61652611
61682930
61652555
61651872
61651719
61652906
61651139
61683200
61683239
61651011
61653119
61651960
61652565
61653072
61653444
61683598
61652488
61652992
61652187
61651889
61653084
61652296
61653412
61652696
61653576
61653354
61653409
61652640
61652453
61653484
61684145
61652888
61653468
61652661
61653790
61653442
61653833
61655596
61653234
61651736
61652539
61651961
61654175
61654225
61684402
61654166
61653053
61652874
61654324
61652519
61684836
61652869
61654517
61652546
61653619
61652879
61653691
61654062
61685189
61653541
61654958
61654760
61655327
61653497
61655145
61653269
61655438
61653829
61655122
61655379
61655548
61655502
61655705
61654186
61654400
61655714
61685983
61655724
61655126
61655720
61655711
61653634
61686210
61654298
61654521
61655726
61655605
61685976
61654307
61655697
61654076
61655948
61656128
61656091
61655118
61654903
61656183
61656068
61655868
61655228
61654932
61654600
61656190
61655416
61686241
61655261
61686400
61654648
61655053
61656772
61656200
61656342
61656408
61656284
61654878
61656073
61656430
61655624
61655723
61656474
61686889
61656313
61654390
61656553
61656544
61686662
61656514
61656494
61656445
61656633
61656665
61655020
61656569
61658509
61656096
61656791
61655054
61656782
61687010
61656235
61655313
61656838
61657094
61656411
61656088
61657305
61655424
61657307
61656919
61657031
61656464
61656580
61655858
61656142
61657289
61687720
61657311
61655369
61656391
61657511
61657121
61657903
61687852
61656273
61656011
61655458
61655898
61655741
61656219
61656548
61657848
61688203
61656879
61687955
61656667
61657796
61656059
61657128
61657540
61657902
61657173
61657146
61657162
61658130
61658015
61658011
61657342
61688357
61656995
61658244
61658414
61656228
61658505
61656681
61657553
61657585
61659090
61657653
61657924
61659112
61659069
61657382
61659111
61657227
61657814
61659042
61689554
61666429
61666218
61667534
61697884
61666621
61667815
61666078
61698168
61667685
61667981
61667230
61666967
61668213
61698585
61668130
61666275
61668249
61698661
61667095
61668529
61666927
61698474
61698588
61699014
61666739
61668489
61666539
61666826
61666899
61668649
61667062
61668874
61668057
61668919
61668896
61699326
61666836
61699230
61667486
61668882
61668891
61668857
61667171
61667248
61667719
61669016
61699517
61699191
61699455
61668459
61668892
61668189
61669284
61667784
61668872
61669648
61668045
61669219
61668485
61668507
61669433
61669230
61669187
61667755
61669440
61667820
61669880
61700100
61669420
61669619
61669903
61668976
61670221
61670000
61669451
61668892
61700274
61669451
61670294
61700806
61668336
61668778
61670214
61668430
61669431
61668967
61670398
61670464
61669817
61670461
61668578
61670440
61700855
61670166
61668351
61669527
61670547
61670262
61670438
61700752
61669061
61670564
61670483
61671457
61672489
61702939
61672753
61671095
61672441
61671850
61671844
61673015
61703365
61672448
61673172
61672036
61673267
61703572
61672346
61673633
61672288
61673709
61703931
61672568
61672682
61673727
61673937
61671622
61674145
61704431
61672828
61674025
61674003
61672520
61672747
61673541
61672107
61673064
61672774
61674454
61674182
61704406
61674116
61673416
61673085
61674327
61674184
61673646
61674012
61674271
61704906
61674516
61673819
61674573
61704944
61674591
61672480
61674918
61674731
61673994
61672911
61674864
61705196
61673703
61674973
61673675
61674914
61705557
61675131
61675193
61705514
61705293
61673661
61674347
61675569
61673886
61674986
61675720
61675464
61675572
61675736
61677429
61675703
61673658
61676009
61706306
61675065
61675982
61674210
61676119
61674289
61676424
61677836
61676229
61675029
61674304
61706576
61675275
61675869
61674458
61675102
61676277
61676089
61676429
61706953
61676463
61674861
61676899
61675039
61676041
61675039
61677053
61674982
61676934
61676170
61676663
61676982
61707354
61674884
61675303
61676968
61674946
61677392
61677029
61707431
61677213
61675694
61677215
61677226
61707631
61707561
61707978
61677463
61677379
61708093
61677530
61708141
61677471
61677479
61677582
61677476
61677875
61677015
61675807
61677004
61677922
61675927
61708375
61676810
61676845
61676959
61677928
61708148
61676871
61676767
61676799
61677973
61708642
61676397
61678188
61708479
61677530
61678393
61708731
61678300
61708724
61677345
61678488
61676768
61677977
61708604
61678407
61708729
61677428
61678524
61678360
61678580
61708899
61678515
61676476
61677512
61708905
61677747
61678634
61676911
61678554
61676700
61676945
61708921
61709212
61677620
61678714
61709273
61678820
61680569
61679055
61679060
61709497
61678026
61679077
61679136
61679141
61709464
61679103
61677962
61679511
61679219
61709489
61677836
61677302
61679462
61679512
61709983
61679221
61677632
61709884
61677671
61679370
61677490
61679623
61679604
61710253
61678146
61679802
61679637
61710030
61678378
61679784
61679698
61679776
61709931
61678599
61678567
61678693
61680033
61680181
61678124
61710248
61710504
61678570
61680197
61679582
61679255
61679137
61679265
61680496
61710683
61710923
61678690
61678616
61680725
61680579
61679426
61680736
61710851
61679316
61680801
61678907
61680609
61678614
61679540
61680663
61680277
61680859
61711102
61710979
61711511
61680862
61711378
61679913
61681087
61680691
61681089
61679047
61680213
61681315
61679656
61680609
61681043
61681242
61681328
61680935
61681197
61711403
61680140
61681348
61679614
61679941
61711655
61680170
61681583
61681283
61681733
61680275
61681699
61712163
61681542
61679927
61680507
61681929
61680018
61680874
61681907
61681786
61679874
61680957
61680627
61682071
61712518
61681933
61680707
61681919
61680580
61680770
61712581
61681049
61682294
61680472
61712795
61712698
61681050
61712894
61681198
61682495
61680846
61682382
61681218
61682576
61682548
61680863
61682589
61712973
61681559
61682142
61683574
61681864
61683157
61682502
61683010
61683131
61713410
61682002
61683353
61681650
61683123
61681919
61683302
61681325
61682176
61683398
61683183
61683441
61683698
61683488
61681487
61682345
61713862
61683773
61714295
61682478
61683837
61683599
61683717
61714223
61682594
61683129
61684175
61714249
61714594
61682805
61684139
61682626
61683996
61684227
61714855
61684349
61682450
61714462
61714857
61684195
61682791
61682860
61684522
61683962
61714627
61684584
61682946
61684672
61683893
61684799
61684011
61714863
61683354
61684818
61684494
61684052
61715007
61715102
61682785
61684593
61684830
61684632
61684819
61683672
61685094
61684931
61715258
61683392
61715216
61684235
61715277
61684720
61685094
61684484
61684327
61685292
61683230
61683310
61715608
61684179
61685353
61685062
61685286
61683509
61684667
61715976
61715899
61684910
61685379
61684262
61685617
61715885
61684934
61715964
61684618
61685850
61685433
61685948
61716092
61684623
61686085
61685887
61685247
61684324
61685279
61716630
61684721
61686003
61684994
61686271
61684786
61686375
61686487
61686549
61686502
61688143
61686496
61686709
61685005
61685641
61717097
61685674
61685421
61687111
61686805
61717527
61686921
61688718
61687184
61717485
61686414
61687369
61685625
61717418
61686987
61687307
61685765
61687411
61687354
61687209
61687559
61686545
61687235
61687555
61685434
61686727
61717946
61717845
61686848
61685612
61685740
61718361
61686597
61687880
61686116
61687856
61685844
61686969
61688289
61687778
61688083
61686003
61686913
61686551
61687924
61688103
61718675
61686939
61688257
61687949
61688238
61718723
61686968
61687069
61686994
61687603
61688111
61688332
61687751
61687848
61688718
61686304
61687226
61688324
61689116
61688015
61688469
61688702
61718809
61719020
61719363
61687726
61687282
61689170
61689004
61687231
61688303
61719495
61688096
61689301
61687489
61689279
61688675
61689208
61687840
61689195
61719723
61688910
61688479
61689721
61689033
61689882
61720295
61720398
61688908
61690024
61720549
61689774
61688014
61688798
61688988
61689077
61690204
61720654
61720574
61720638
61689185
61690367
61688472
61690283
61688179
61690424
61689731
61691319
61689761
61690292
61692000
61691615
61691826
61722742
61691465
61692645
61723035
61691494
61691356
61692639
61692971
61691659
61693202
61692519
61690803
61693124
61723579
61691799
61693138
61693079
61693154
61693305
61693136
61693348
61691536
61693268
61691384
61693280
61693148
61723253
61691766
61691782
61691934
61692903
61692513
61692447
61693267
61723610
61691925
61693134
61693018
61693351
61693269
61693389
61693499
61693044
61693470
61723996
61692132
61724036
61693396
61693706
61692704
61693949
61693982
61692296
61693840
61691888
61692388
61693295
61693623
61693981
61693003
61694269
61694093
61724543
61693161
61693444
61693892
61694093
61692997
61693199
61694575
61692649
61694172
61694360
61692321
61693289
61694397
61692534
61693515
61694487
61692764
61694401
61692577
61692514
61694797
61724772
61693599
61694842
61725367
61693804
61693051
61695077
61695010
61725056
61725349
61693083
61694815
61694996
61693302
61694082
61695433
61725688
61693866
61693692
61695230
61695275
61695628
61693515
61693739
61694166
61694006
61693513
61726118
61695329
61726262
61695909
61696321
61695023
61694155
61695693
61694538
61694559
61726364
61726505
61694977
61696065
61694299
61696171
61726696
61696112
61695466
61694105
61693983
61695104
61696431
61726961
61695107
61695090
61696216
61696503
61696339
61726861
61695656
61696737
61727064
61727104
61695091
61696739
61697243
61695356
61726883
61694612
61695648
61727120
61697102
61697038
61695048
61727164
61695142
61696602
61696952
61696080
61697225
61696317
61696142
61697277
61727433
61695956
61697226
61695543
61697191
61696484
61695625
61696295
61696577
61695663
61697260
61695401
61697575
61697341
61727756
61695750
61697351
61697521
61697012
61697687
61695786
61697128
61697899
61728079
61696605
61698046
61697578
61698051
61696183
61728081
61696120
61697876
61696089
61728112
61696251
61696667
61698183
61728658
61696786
61696725
61728481
61696180
61697124
61697008
61698162
61698451
61698513
61696715
61698280
61696467
61697274
61698622
61696834
61698809
61729200
61698637
61697924
61698101
61698544
61697722
61698995
61697618
61698583
61698776
61698703
61698936
61729482
61697426
61698840
61698630
61698799
61696807
61698239
61698922
61729447
61698938
61698378
61699323
61697771
61699025
61699600
61698540
61698335
61699530
61729961
61699648
61698890
61699027
61699665
61729957
61698412
61699901
61698652
61699785
61698099
61699801
61730107
61698733
61699944
61730463
61699754
61697905
61730436
61699327
61698745
61698522
61698877
61699047
61699025
61700102
61700130
61698907
61700490
61699475
61699394
61700780
61698491
61699596
61700768
61698805
61699760
61701040
61731332
61699650
61699385
61701201
61701096
61731248
61699957
61701182
61700711
61701225
61699238
61731151
61731439
61699418
61699783
61700253
61699971
61700580
61699208
61700622
61701407
61731862
61701331
61700576
61700331
61731666
61731890
61700194
61701840
61701625
61701469
61701518
61699623
61701511
61701648
61700676
61700369
61701871
61701886
61732331
61701028
61699949
61701005
61702025
61702386
61702175
61700887
61702382
61701696
61700337
61702199
61701034
61701872
61702155
61700358
61700909
61700379
61702556
61701938
61700508
61701463
61702541
61732895
61701192
61702657
61702408
61702547
61733143
61701431
61732775
61702897
61702830
61733146
61701622
61700874
61703194
61703038
61733234
61701990
61703188
61700768
61703048
61703196
61701072
61702582
61703279
61701586
61701496
61703470
61702630
61712809
61711326
61713078
61713015
61711197
61713449
61713248
61711799
61712989
61713367
61711270
61713471
61713182
61743581
61711987
61713322
61712912
61713217
61711739
61713159
61711850
61713034
61713795
61711434
61712218
61713398
61743695
61711856
61711291
61743554
61712674
61743891
61713514
61712780
61713385
61713605
61743884
61712463
61713671
61712641
61712443
61711947
61714073
61711743
61713617
61713819
61744448
61712477
61712485
61713218
61713952
61712266
61713927
61712066
61713289
61714200
61744709
61714192
61713070
61714319
61713500
61713210
61745018
61714357
61714889
61713944
61713003
61713670
61714836
61714023
61715229
61713236
61714522
61714008
61712871
61714234
61745196
61713705
61713783
61714967
61713057
61713932
61714949
61745431
61713748
61715071
61714702
61714854
61716672
61714957
61745267
61713481
61713160
61745688
61713931
61714017
61714283
61715556
61745838
61714481
61713839
61715403
61715614
61715778
61715505
61715189
61746078
61714579
61714398
61714698
61716020
61746272
61716076
61714160
61714875
61746186
61714435
61714725
61716299
61714517
61716233
61716022
61716418
61715663
61716556
61716472
61716651
61716471
61716747
61717155
61716766
61747259
61715697
61716820
61747272
61715485
61716851
61747373
61747194
61747156
61715876
61716990
61747210
61715909
61717161
61716840
61717064
61716379
61715939
61717106
61747382
61715936
61715491
61715074
61717286
61747846
61715952
61717447
61715635
61717597
61715461
61716149
61717299
61747753
61715333
61747806
61716083
61715948
61716058
61717492
61747658
61716072
61747864
61747706
61715760
61717680
61716445
61715966
61716395
61717833
61717539
61718243
61717136
61717859
61716587
61748323
61717755
61717952
61717160
61716830
61716265
61715904
61718187
61718038
61748290
61716930
61718346
61716569
61718310
61717132
61717988
61718409
61748609
61717092
61716788
61718110
61718268
61748785
61717297
61718669
61717313
61718664
61748916
61717292
61718640
61749142
61717281
61717454
61717309
61718735
61748864
61717665
61718698
61749203
61718609
61717977
61718798
61718703
61716906
61718761
61749035
61717905
61718860
61749430
61717637
61718884
61717249
61718846
61718118
61718841
61718640
61717760
61718824
61749009
61717824
61717997
61719071
61717835
61719046
61717258
61719333
61717064
61717957
61719206
61717469
61718705
61717248
61719256
61717807
61719039
61719379
61718365
61718133
61718141
61719471
61719646
61719568
61719686
61749938
61718656
61718453
61720391
61721316
61721057
61751955
61720816
61720426
61719931
61720194
61720633
61722308
61721293
61721912
61722724
61753094
61722593
61724253
61722671
61722523
61752898
61721448
61722641
61722496
61722477
61720527
61721672
61722798
61753125
61721480
61721934
61722071
61722134
61722703
61722933
61753466
61721358
61722938
61722360
61723342
61722588
61721371
61722917
61721888
61722836
61721021
61721494
61722015
61723405
61723074
61722080
61722217
61723565
61721489
61723736
61754246
61722384
61754144
61722742
61724227
61754444
61722876
61724190
61722681
61724114
61724139
61723988
61723618
61724840
61724503
61724188
61724569
61723150
61723260
61724348
61722620
61724481
61754667
61723201
61724618
61724304
61724977
61723476
61755091
61754908
61755026
61723542
61724780
61755205
61724575
61723431
61723989
61722647
61723578
61724375
61724547
61723215
61723556
61724659
61723222
61724857
61725191
61722628
61723866
61725022
61725173
61725572
61723770
61724783
61722814
61755337
61723871
61724943
61755457
61724374
61755329
61724458
61724887
61724052
61725205
61725343
61755754
61724825
61723707
61724085
61725731
61725271
61724903
61755990
61724570
61723463
61725680
61725582
61756129
61724631
61756203
61726158
61724574
61725501
61725739
61725121
61726113
61725120
61725404
61725474
61723791
61724902
61724743
61726108
61726242
61724570
61726180
61726452
61726103
61725359
61756188
61724730
61756637
61725763
61726022
61724703
61724872
61726329
61756605
61726165
61726177
61726195
61726589
61726043
61726379
61725399
61726447
61728255
61726522
61756817
61725474
61726696
61725367
61726691
61726700
61726995
61757255
61725770
61727142
61725299
61726898
61757193
61725937
61727114
61725305
61727106
61725340
61727146
61727384
61727300
61726175
61727420
61727476
61757858
61726296
61726096
61726476
61727472
61757844
61726199
61727677
61725804
61726296
61725704
61728015
61725917
61727685
61727023
61726703
61727607
61725953
61726549
61727785
61726016
61727996
61728052
61758529
61727651
61728111
61726517
61728192
61727430
61728493
61728597
61728091
61728296
61726316
61727308
61728621
61726710
61728324
61727163
61728548
61758778
61727657
61759196
61727605
61728981
61727291
61728405
61727147
61727607
61727004
61729041
61729080
61727177
61728909
61728094
61728662
61728920
61759263
61727869
61729186
61727370
61729541
61728492
61729460
61729157
61759483
61727994
61729373
61729085
61727967
61728914
61729378
61727889
61728044
61729269
61759716
61729419
61759770
61729520
61729482
61728327
61728548
61729437
61728429
61729097
61727319
61729192
61728305
61729936
61728022
61729802
61760321
61728721
61730018
61730098
61730017
61728304
61730295
61727967
61729433
61730286
61730039
61728722
61728651
61730438
61730297
61730550
61729744
61730551
61730706
61760813
61729457
61730351
61729258
61730658
61760989
61729375
61729345
61760905
61729790
61760870
61729682
61729221
61730755
61730913
61728868
61731031
61730308
61729592
61731355
61730899
61730941
61731200
61730753
61731284
61729139
61731076
61729657
61761409
61730828
61731227
61730357
61731272
61729532
61729726
61731428
61730403
61731644
61729651
61731736
61731607
61761812
61730506
61731765
61731638
61731737
61729838
61731937
61731703
61762043
61730611
61731949
61730150
61731869
61762414
61730721
61731973
61730250
61730484
61762460
61730933
61732382
61731039
61730150
61762585
61730956
61732380
61762845
61731172
61730930
61731280
61732436
61762869
61731164
61731156
61731512
61732633
61762895
61731463
61732658
61732636
61732709
61732439
61732751
61730839
61731623
61762950
61763254
61732817
61731511
61763404
61731828
61733063
61732715
61733036
61733269
61731497
61733057
61732490
61732327
61733357
61763532
61732115
61733463
61733255
61731259
61764036
61732340
61733418
61733830
61732385
61733743
61764148
61732337
61733760
61733601
61733906
61733873
61733997
61731897
61732817
61733885
61764402
61733848
61732606
61733774
61734079
61733413
61734301
61734340
61734162
61734287
61735976
61734403
61764847
61733593
61764999
61734030
61734668
61733399
61734681
61732738
61734789
61734696
61733230
61734114
61734840
61734881
61735030
61765434
61733842
61734077
61733112
61734803
61734257
61734740
61735084
61765237
61734375
61733111
61733423
61735033
61765406
61734709
61735350
61765778
61734419
61765694
61734743
61735643
61735699
61733825
61734723
61765901
61734511
61735784
61766044
61734530
61734067
61735963
61735968
61733714
61734688
61734026
61735970
61735749
61735885
61735492
61737784
61736338
61734303
61735527
61736100
61766643
61766577
61734699
61736340
61736495
61735999
61736278
61736317
61736075
61735467
61736411
61736316
61736315
61735112
61735045
61736503
61766763
61735305
61735242
61735672
61736740
61767117
61735608
61736908
61735465
61736771
61767122
61738020
61739122
61739037
61739227
61737865
61737625
61737137
61769945
61738334
61739610
61769931
61737280
61769814
61738316
61739718
61769996
61737995
61769999
61738503
61739875
61769979
61739631
61769953
61739104
61739931
61738307
61739910
61738908
61739083
61770443
61739770
61740091
61738638
61738940
61740162
61770681
61739023
61739322
61740056
61738986
61740018
61740302
61770604
61740231
61770641
61739111
61739332
61740440
61770729
61739380
61740673
61739393
61740648
61738620
61739485
61740327
61739464
61740719
61771123
61739689
61739784
61740886
61739464
61740418
61741302
61739466
61771621
61740458
61741162
61741302
61739589
61771730
61740311
61741512
61739991
61741623
61740415
61740648
61741227
61739852
61740615
61772266
61740621
61740669
61740074
61741927
61742297
61740475
61741049
61742298
61740096
61741105
61742070
61742690
61740508
61741537
61742676
61741433
61742716
61741099
61742651
61740731
61742776
61743002
61742259
61743158
61743125
61773288
61741798
61743163
61741647
61743272
61773469
61773249
61742196
61741419
61743022
61741651
61742821
61743253
61741158
61742623
61743357
61741603
61743329
61742027
61743317
61742444
61742906
61743496
61745241
61742709
61741528
61742382
61743477
61742816
61743835
61742832
61742502
61743762
61774184
61742493
61744097
61742244
61742156
61774312
61744257
61744074
61742937
61744097
61742038
61743641
61744101
61741993
61774052
61774421
61743025
61742820
61744009
61742964
61744007
61744282
61742649
61744384
61742338
61742703
61744300
61743705
61743155
61774920
61743974
61744626
61775134
61775218
61742734
61745028
61744104
61774991
61743771
61744938
61744044
61745030
61745303
61743804
61743828
61745156
61775444
61744082
61743891
61745405
61745028
61744471
61745334
61745498
61743436
61744318
61745557
61744688
61745611
61743463
61744398
61745598
61743454
61745703
61745799
61776156
61744420
61745864
61745723
61745740
61745820
61745792
61746027
61745944
61745210
61744317
61745965
61746069
61746233
61776415
61745063
61746295
61745104
61746284
61746398
61776728
61745131
61744801
61744743
61746479
61745393
61745575
61746595
61777037
61746786
61746818
61777089
61745692
61746962
61746973
61745617
61747208
61777516
61745737
61747235
61746143
61747017
61745714
61746049
61747293
61746478
61746878
61747239
61745561
61746861
61747331
61745516
61746690
61747403
61745399
61746803
61746789
61777784
61746548
61747735
61778161
61746774
61748003
61747655
61746944
61746524
61745651
61747880
61747416
61748151
61748166
61778273
61748077
61748180
61778541
61748050
61748300
61748208
61778842
61778732
61746269
61748326
61748519
61747705
61748607
61778814
61747489
61748902
61747128
61748690
61748403
61748958
61748718
61748903
61748782
61749053
61779477
61747923
61749091
61748326
61749210
61748289
61749607
61749230
61747597
61747303
61779698
61748232
61749610
61747770
61779719
61747784
61749575
61779963
61748790
61748409
61749978
61749594
61750066
61779996
61749947
61750091
61750042
61749926
61748096
61750177
61750295
61748266
61748799
61748307
61750440
61750294
61780625
61750349
61749516
61750381
61750433
61750428
61750583
61748683
61749115
61780779
61749457
61750462
61780965
61749247
61750671
61750292
61750663
61781136
61749514
61750763
61781191
61749421
61748727
61749489
61751029
61748986
61749937
61781132
61751123
61751111
61749205
61750122
61751350
61751300
61751489
61749701
61751328
61750157
61750178
61751724
61749696
61751454
61749525
61781998
61782022
61750679
61751068
61751804
61750220
61752090
61749890
61782073
61751881
61752108
61793229
61761260
61762790
61762695
61762874
61762836
61762067
61762106
61762670
61762192
61761633
61793243
61762152
61762766
61793140
61763134
61793416
61762329
61762977
61793234
61763239
61761114
61763011
61763238
61762013
61761325
61761261
61793578
61763525
61763507
61762084
61763472
61763890
61763679
61761579
61763570
61763779
61794291
61762413
61764018
61794256
61762656
61763953
61762277
61762963
61764153
61794394
61764037
61763507
61764047
61764095
61794366
61763144
61764232
61762979
61762960
61764399
61794561
61763270
61763181
61762578
61764240
61762818
61764362
61763080
61764545
61764641
61762515
61763411
61764520
61764031
61763033
61763398
61764795
61795207
61763693
61762677
61763288
61763690
61765141
61764945
61765154
61764388
61764817
61765212
61795494
61764287
61765461
61765602
61795729
61765499
61765435
61795473
61764200
61765527
61763812
61764385
61765620
61796199
61765678
61764317
61764198
61765750
61764622
61765177
61765261
61763848
61774024
61767595
61766033
61767180
61768158
61766409
61768400
61798834
61767135
61768336
61798687
61798710
61798923
61767321
61768737
61768424
61798859
61767013
61768620
61769234
61768731
61767835
61768833
61768919
61799430
61767961
61769183
61767326
61769600
61767963
61769240
61767961
61769516
61769548
61767428
61768128
61769366
61769440
61767643
61769054
61769498
61769634
61769935
61767859
61800129
61800117
61768789
61769651
61768774
61770149
61800478
61768886
61770121
61768947
61770005
61768634
61769910
61770161
61769817
61770488
61768684
61769777
61800849
61769252
61770509
61770586
61770659
61801144
61770488
61770717
61770588
61770785
61801165
61769640
61769323
61770711
61770460
61770076
61770583
61770995
61770945
61769167
61769651
61769576
61771079
61771087
61771195
61771172
61770073
61771131
61771507
61771676
61801636
61770335
61771663
61802028
61770140
61769980
61769844
61771369
61770358
61771486
61771571
61770323
61772061
61770249
61771927
61802386
61770897
61772095
61772039
61772344
61802423
61771160
61772429
61770709
61772664
61770608
61771046
61770451
61771179
61772654
61770910
61771628
61802567
61772600
61772509
61772455
61772618
61771171
61772475
61772743
61772823
61772545
61771485
61772552
61772718
61771237
61771578
61773023
61773082
61770982
61772410
61773068
61803352
61771775
61773048
61803578
61771805
61773229
61772662
61773255
61772340
61773308
61773122
61773034
61772061
61773451
61773079
61773552
61772784
61772560
61804091
61804050
61772493
61773906
61804291
61773598
61772025
61803920
61773381
61804242
61804213
61772774
61774149
61804624
61772715
61772428
61804509
61773392
61773035
61774147
61773042
61774037
61774238
61773017
61772731
61773044
61774676
61805215
61774478
61804845
61773635
61774753
61805021
61773656
61775031
61773216
61773242
61774417
61775050
61775359
61775170
61773557
61775442
61775094
61775690
61774792
61775850
61773627
61774633
61806342
61775948
61775674
61775992
61774163
61775011
61774604
61774462
61775909
61806367
61775923
61774803
61775322
61775983
61775291
61775073
61776028
61806489
61774985
61776289
61774306
61776048
61775377
61776327
61775533
61774482
61774876
61776532
61806886
61776250
61775595
61776156
61776350
61775851
61775483
61776510
61806645
61775267
61776581
61807046
61776515
61806888
61776466
61776768
61806960
61775584
61776810
61775642
61775695
61776933
61775299
61776096
61807367
61775330
61775365
61775733
61776060
61807711
61776000
61777356
61807635
61777363
61777497
61807869
61776032
61777513
61777279
61776807
61777575
61776858
61776391
61777158
61776119
61807871
61807981
61776777
61776836
61777756
61777273
61808013
61776640
61776638
61777202
61777806
61808087
61776758
61778117
61777931
61776203
61778219
61777687
61808526
61778036
61776069
61808374
61778266
61778049
61808505
61777022
61778391
61776507
61808684
61808766
61778016
61777136
61778514
61776672
61776402
61778138
61778362
61776385
61778604
61778601
61778623
61809039
61777278
61809109
61777105
61777473
61778876
61776789
61778915
61777618
61778771
61779179
61809489
61777869
61779255
61777402
61777914
61779176
61809650
61778047
61779360
61779150
61779219
61809477
61778066
61779273
61779243
61779358
61809623
61778048
61779437
61809822
61778585
61809691
61778224
61779616
61809806
61777470
61777776
61779527
61810024
61778000
61779461
61779445
61779629
61778590
61779582
61779099
61778395
61779582
61779871
61778017
61780167
61780173
61778138
61810636
61779089
61780386
61780373
61779029
61778957
61780245
61810741
61779330
61780589
61778706
61779765
61779797
61780136
61781054
61778568
61779491
61780688
61810967
61779522
61780945
61811242
61779408
61779318
61780652
61779979
61780623
61780843
61810856
61780084
61778974
61780868
61780821
61779562
61780496
61779997
61780187
61779710
61780851
61781216
61780962
61781078
61779588
61779329
61780737
61779983
61779779
61781195
61779369
61781089
61811462
61811544
61781322
61779636
61781283
61781562
61811878
61780401
61781841
61781406
61781497
61781842
61781895
61780004
61779920
61779966
61781044
61781754
61812326
61781312
61780417
61782087
61782030
61780853
61782096
61782222
61780536
61782684
61782265
61781684
61781600
61782735
61782440
61782412
61782604
61812859
61781289
61782768
61782510
61782770
61781033
61782592
61781922
61782856
61781985
61781130
61781444
61782778
61781282
61782944
61782908
61813427
61781776
61783062
61813516
61781556
61782997
61813489
61782922
61781101
61780936
61781283
61782823
61783130
61781285
61782059
61783161
61781259
61782158
61783335
61781673
61783256
61783339
61781406
61781647
61782015
61783501
61781784
61782194
61783624
61814130
61783538
61785440
61782487
61783787
61782531
61782347
61783743
61782500
61782617
61814400
61814543
61782762
61784191
61784013
61784126
61783338
61783011
61784307
61782224
61783045
61782107
61782628
61784171
61783142
61784104
61785430
61785487
61787023
61785439
61787618
61786571
61817431
61785923
61785606
61787254
61785525
61787478
61787616
61786046
61787591
61786990
61817703
61785684
61786028
61786396
61787837
61787434
61787741
61818080
61786830
61787432
61787766
61787621
61786619
61788056
61818276
61786893
61818190
61818476
61786938
61788187
61818740
61788258
61788559
61788359
61786958
61788233
61788493
61786609
61788198
61787284
61787274
61788554
61818848
61787565
61788694
61786824
61787308
61788759
61787060
61787756
61786894
61789108
61789035
61788171
61788291
61819420
61787867
61787818
61788491
61789119
61791110
61789422
61788522
61788935
61788422
61787556
61788075
61789662
61787901
61788776
61787517
61789438
61788598
61820158
61788929
61789723
61820259
61789876
61788718
61789597
61790293
61789854
61790016
61789176
61789461
61787960
61820255
61788082
61789431
61790246
61788488
61790208
61788635
61790198
61789257
61790478
61790484
61820886
61789521
61790713
61789126
61790740
61821176
61789644
61791037
61821380
61789655
61791099
61790803
61791184
61821460
61790061
61791330
61821693
61791203
61792975
61791325
61789337
61790175
61790765
61789513
61791137
61790570
61790263
61790495
61821802
61791436
61789966
61789464
61791641
61821947
61790484
61791464
61790360
61790461
61791628
61821965
61790894
61790404
61791756
61790981
61791685
61791750
61791521
61791896
61790646
61791728
61791913
61789854
61791379
61791639
61792095
61822387
61790949
61792198
61790330
61792234
61791542
61792294
61792426
61791535
61792294
61792156
61790924
61790763
61792205
61790522
61792160
61791159
61792631
61792418
61790288
61791659
61792155
61792523
61790549
61792556
61790426
61790906
61791686
61791943
61794331
61792674
61823025
61791442
61790802
61791975
61790855
61792922
61792835
61790816
61823113
61791540
61792532
61793244
61791063
61791362
61793388
61792970
61791150
61793116
61791729
61823570
61792241
61793298
61792257
61793336
61823965
61792179
61793124
61792568
61793490
61792416
61792699
61823735
61793309
61792182
61792057
61793432
61793629
61792419
61793682
61793311
61793671
61793503
61792908
61791633
61823912
61792080
61792598
61793940
61792398
61793816
61793944
61824326
61792770
61794057
61824474
61794036
61793879
61793067
61794391
61824851
61793190
61792280
61794156
61794511
61824885
61794498
61825208
61793056
61794581
61793912
61794907
61794964
61824983
61793204
61794217
61795228
61793467
61794934
61793538
61794849
61795039
61794606
61794938
61794010
61795184
61794368
61794557
61795232
61825409
61794045
61793903
61794051
61795681
61794122
61794341
61795272
61825577
61794235
61795553
61794279
61795344
61793442
61794317
61794376
61794524
61795496
61793925
61794253
61795469
61795530
61794189
61795767
61794441
61795032
61795945
61794287
61795784
61795152
61796096
61795889
61793789
61794736
61796060
61826322
61794927
61796036
61826253
61794728
61796114
61794230
61795942
61796091
61826295
61796106
61796013
61794782
61796154
61794953
61795002
61796101
61794655
61796280
61795612
61795029
61796270
61826451
61795173
61795211
61794722
61795733
61796575
61794595
61794692
61796512
61795894
61796250
61796614
61827018
61827071
61795482
61795117
61797024
61795489
61795655
61795063
61795996
61797230
61827420
61796023
61797317
61796505
61797534
61827748
61796787
61797387
61799171
61797462
61827885
61796357
61797528
61827972
61797568
61827780
61796571
61797653
61828058
61797416
61796717
61796691
61797847
61828026
61796725
61797862
61796807
61796804
61798220
61828334
61797555
61796113
61797982
61798227
61797117
61798270
61828493
61798268
61798569
61828888
61797296
61798733
61828864
61798643
61797126
61829182
61797467
61798754
61796952
61799139
61796876
61798779
61829288
61797444
61798987
61796913
61828874
61829257
61797714
61798998
61797312
61798891
61797110
61797624
61798956
61797270
61799071
61829526
61798038
61799354
61829499
61798078
61799273
61799690
61799146
61799527
61797721
61798648
61797596
61799842
61799765
61797999
61799800
61830226
61798619
61798456
61798261
61798659
61797730
61798190
61798499
61797890
61830016
61797817
61799775
61799828
61799129
61798467
61830555
61798928
61800228
61798477
61798191
61830562
61800335
61800221
61800073
61800182
61798440
61830428
61798893
61798859
61800335
61831032
61799893
61800582
61800823
61800687
61800209
61800686
61800739
61799570
61800590
61800862
61799680
61800723
61801029
61800384
61801157
61800308
61831418
61799941
61801211
61799365
61801098
61799652
61800823
61801269
61799512
61799684
61801309
61801407
61801349
61801330
61801478
61801414
61799671
61801482
61831945
61800366
61801540
61831921
61799836
61799939
61801549
61800421
61801382
61801682
61799536
61800644
61801658
61800793
61833839
61802634
61803532
61801860
61802503
61803313
61803639
61803948
61834315
61803257
61803387
61802967
61803670
61803606
61802802
61834929
61804707
61804718
61834922
61803397
61803433
61804667
61804996
61835261
61804719
61803639
61803850
61804856
61835207
61803666
61804942
61834966
61803326
61803674
61804502
61805250
61803629
61804954
61803048
61805099
61805227
61803669
61803632
61804846
61805058
61805073
61805228
61835363
61805356
61805360
61807058
61805268
61803907
61804313
61805458
61835685
61835756
61805715
61804308
61805752
61835923
61835954
61805339
61805696
61806259
61804282
61804942
61836438
61804995
61806083
61805322
61836083
61836235
61836502
61804788
61806337
61804504
61836575
61806196
61806336
61805262
61806046
61805025
61836600
61806539
61806516
61806175
61806366
61805714
61806202
61806458
61806293
61805353
61805115
61805315
61806694
61806004
61836913
61836861
61806876
61805394
61807015
61806941
61805241
61807049
61837181
61805663
61807079
61806934
61806986
61807158
61807184
61805650
61807184
61807063
61807436
61807477
61807261
61807333
61806102
61807235
61805942
61837703
61806279
61807575
61805919
61805774
61837904
61806651
61807845
61838062
61806705
61807890
61806638
61808146
61807984
61806175
61807545
61807730
61808163
61808348
61806539
61808310
61806240
61807563
61808391
61838710
61808197
61807570
61808034
61808476
61838594
61807471
61838785
61807804
61806379
61808176
61808768
61808312
61808721
61809247
61807513
61808967
61809034
61806820
61807924
61808342
61808217
61807644
61809372
61839650
61808030
61807641
61807849
61809395
61839665
61820236
61821311
61851765
61820683
61820119
61821032
61821229
61820251
61821110
61819890
61821646
61821600
61820935
61820382
61820968
61852195
61820506
61822022
61852365
61821926
61821651
61821928
61821194
61821241
61821949
61852292
61820553
61822101
61820895
61822249
61852530
61821109
61852603
61821006
61822306
61822306
61822408
61822572
61822124
61821788
61822627
61820725
61821874
61822381
61823102
61820734
61822607
61853018
61853131
61821692
61823022
61853113
61821781
61822898
61853184
61821675
61822975
61823191
61821755
61823017
61821428
61821751
61823069
61853349
61821952
61853527
61853226
61822338
61823171
61853623
61822192
61823624
61823306
61822115
61823289
61822037
61823121
61823479
61821763
61822715
61822365
61822851
61823507
61821908
61823592
61822200
61822097
61823694
61821954
61822722
61823750
61822103
61823970
61854225
61822974
61824247
61854470
61822162
61822438
61824161
61822844
61824196
61824443
61823051
61822966
61824434
61854722
61854738
61823327
61822896
61823357
61825005
61824761
61823768
61824746
61854837
61823532
61824756
61824639
61823418
61823461
61823534
61824663
61855016
61823708
61824851
61823118
61855175
61823240
61825004
61823961
61822956
61825096
61855429
61823915
61823872
61825158
61825222
61855476
61824485
61825375
61855562
61824186
61825423
61823467
61824868
61825468
61825801
61825656
61856176
61824621
61825945
61823539
61825655
61856046
61824907
61826194
61824339
61826075
61824276
61825951
61826238
61825934
61826087
61826519
61856843
61824411
61824248
61857023
61825275
61826502
61825124
61826639
61825785
61825486
61826729
61825913
61857026
61826496
61826752
61825811
61825804
61826481
61826298
61825923
61827065
61825724
61825845
61827251
61857436
61825988
61825770
61826947
61827389
61827432
61827288
61825425
61826140
61827362
61826130
61826206
61827493
61857764
61827492
61827798
61826048
61827910
61858092
61827098
61827865
61827788
61827785
61828101
61827640
61827956
61828050
61827747
61827821
61828173
61828034
61827931
61826613
61827883
61826068
61827565
61826528
61827898
61828184
61827962
61826578
61827069
61828476
61828145
61858761
61828518
61858631
61827344
61828565
61858943
61827292
61827296
61827462
61828272
61829110
61827475
61828712
61827241
61828819
61828229
61827102
61828879
61828965
61829272
61829148
61829129
61827062
61827945
61827296
61828876
61828126
61829561
61827193
61829302
61827546
61859575
61828721
61829414
61859874
61828295
61829568
61859943
61828217
61829862
61827653
61828651
61828266
61859927
61828659
61828310
61829100
61829924
61829145
61829710
61830200
61829012
61830351
61830362
61860680
61829247
61830556
Peak: 62173977
Average: 61077423.1853754
