0
195019
253415
497687
668931
993223
1253343
1814819
2394381
2713031
3134658
3548293
4033899
4477476
4954752
5631565
5808225
6212124
6530600
6878672
7273586
7507399
7674315
8230699
8485598
8897490
9108685
9452144
9549918
9703272
10062379
10672738
10848614
11158315
11761658
12297555
12736309
12959493
13267873
13662811
14203095
14550806
14881669
15299830
15786846
15934262
16444315
16636640
16750113
16841912
17200922
17329518
17603407
17859021
18066373
18195464
18397481
18466749
19235474
19567852
19724830
19832687
19834547
19833312
20095168
20257785
20364141
20487669
20800506
21074775
21504879
21917872
22300181
22705130
23309173
23502275
23710869
24145596
24416980
24556721
24678809
24827682
24931279
25167760
25258093
25568522
25828287
26081040
26421224
26780003
27029876
27563627
28144026
28771237
29382290
29967116
30064251
30066211
30071451
30074843
30087421
30088701
30099886
30346414
30742816
31359142
31589147
31735761
32005869
32110118
32354901
32462746
32531241
32592270
32643108
32709746
32796498
32944737
33095668
33543719
34473226
33996348
34489677
34607798
34778680
34820730
34833026
34865774
34975608
35192254
35294676
35799676
36004675
36311206
36761935
36820487
36847808
36895018
36966020
37212513
37673986
38016912
38127641
38522606
38522639
38522721
38522581
38522800
38384602
38836751
39035763
39205100
39250677
39367118
43299053
43314351
43635446
43631152
44224191
44243300
44298797
44317653
44391577
44426431
44481671
44531743
44568405
44602406
44637425
44709437
44729933
44795589
44930226
45006808
45136400
45288685
45597594
45742595
45928193
46040149
46517717
46903565
46978230
46993164
47188575
47238162
47306562
47444298
47608708
47651009
47754176
47930392
48233323
48425643
48444194
48671327
48742040
48907148
49185766
49317465
49319737
49321807
49324594
49326430
49328207
49332808
49335971
49338785
49341024
49342944
49344982
49348839
49361924
49364070
49366244
49369720
49513902
49515600
49556357
49558385
49560074
49566700
49568473
49569537
49572097
49572135
49572554
49575289
49576641
49579439
49581559
49582616
49585575
49588557
49591052
49593664
49595872
49598076
49600284
49602871
49605646
49553957
49657776
49724712
49850381
50062722
50185266
50310272
50444259
50469093
50491485
50504229
50535653
50560611
50625970
50650471
50763828
50833560
50916504
50986301
51161661
51345758
51536484
51680030
52027569
52226845
52552337
52621260
52863498
53036993
53232018
53828541
54296313
54537698
54674844
54813068
54762960
54773389
54811049
55027764
55023981
55153754
55179857
55312047
55315278
55317657
55321878
55323781
55269264
55699680
56062538
56096232
56193489
56646611
57033562
57103466
57096690
57487373
57541219
57620232
58653242
58003710
58086443
58266010
58334134
58249676
58457880
58688123
58690806
58553473
58609605
58671092
58700082
58997364
59214565
59840044
59955868
60028836
60088284
60135972
60179228
60196420
60391805
60411405
60450240
60495269
61498158
60901936
61018345
61062837
61070939
60861605
60865381
60866619
60869898
60870692
60869750
60870518
60871839
60872475
60873346
60874603
60875241
60876330
60877302
60876480
60879249
60883062
60883818
60884671
60885472
60886405
60886895
60888075
60888779
60889464
60890252
60891173
60891802
60892355
60893174
60894193
60894824
60895526
60894431
60896552
60897257
60897958
60898864
60899356
60899977
60900888
60901627
60902435
60903009
60903626
60902822
60903361
60904043
60908878
60909033
60909061
60908105
60908493
60908800
60909069
60909341
60909715
60910066
60910338
60910547
60911332
60911508
60911485
60912437
60914728
60915109
60915685
60914948
60915735
60916054
60916825
60917162
60917485
60917873
60918094
60918482
60918652
60918140
60919673
60919428
60923212
60923305
60921385
60921708
60921782
60924893
60925149
60925391
60925899
60926170
60926454
60926797
60927638
60926825
60927930
60928176
60928313
60926385
60928874
60929194
60929420
60929749
60929895
60930136
60930473
60928985
60929603
60930355
60931757
60932124
60932505
60932251
60932509
60936785
60936935
60934452
60935202
60937131
60937505
60937921
60938025
60938188
60938251
60938550
60937350
60938446
60939985
60939758
60938566
60941835
60942030
60942134
60939291
60942116
60942388
60942639
60942932
60941146
60943381
60941493
60943841
60943751
60942632
60943779
60943798
60944678
60943475
60948556
60948691
60948953
60948177
60949216
60947821
60948905
60950147
60950004
60948965
60952291
60952320
60949867
60952012
60952335
60952388
60951123
60951881
60953219
60951654
60955019
60955214
60952837
60954838
60954983
60953773
60954590
60956157
60956010
60954848
60958454
60955257
60955849
60957973
60961008
60961263
60961493
60961583
60960044
60960727
60961447
60962802
60962752
60965769
60962178
60964520
60964864
60965064
60965096
60965632
60965018
60965607
60966180
60967966
60966604
60966553
60967061
60965097
60965441
60967586
60965617
60966681
60967857
60968416
60968634
60966676
60967359
60969353
60967363
60969668
60970357
60967944
60972141
60970625
60970826
60973433
60972356
60974252
60973833
60977100
60972806
60975250
60975573
60975776
60975710
60974698
60975961
60978905
60977280
60977501
60977605
60977617
60976540
60978480
60978061
60981148
60977092
60979485
60979859
60979984
60980098
60979773
60980493
60983388
60981392
60979671
60982022
60981633
60985144
60983594
60985595
60985894
60985858
60984439
60985341
60987141
60990642
60985874
60988267
60987270
60986941
60987923
60987237
60992289
60989832
60990104
60990280
60990292
60989967
60990710
60994327
60989532
60991888
60992232
60991520
60992348
60991148
60993181
60991827
60993951
60994103
60994387
60992770
61000809
60998077
60998421
60997477
60996770
60997590
60998708
61002782
61002560
60998324
61000448
61000857
61000865
61000901
60999608
61000408
61001373
61005797
61000441
61002769
61003092
61002721
61003280
61002152
61003976
61002267
61008096
61002690
61005097
61005492
61005312
61005859
61004027
61009936
61004921
61009610
61009505
61008329
61009732
61014062
61008684
61011077
61011325
61012121
61010086
61011910
61010201
61016369
61012780
61013133
61013299
61011524
61014702
61014197
61019266
61013446
61015738
61013993
61015708
61020356
61014567
61016909
61017085
61017097
61015969
61017807
61022377
61016300
61018663
61021530
61021572
61020342
61022333
61020471
61027100
61021914
61023338
61023527
61023563
61022435
61024310
61022564
61022715
61025108
61023507
61025670
61023903
61030694
61026396
61026740
61026130
61025249
61026156
61026033
61028031
61027998
61027638
61028198
61033310
61029445
61029543
61029746
61029833
61028787
61038276
61034102
61034305
61032589
61035107
61033296
61039924
61035840
61036241
61036232
61035104
61036965
61035307
61042501
61038023
61038151
61038950
61036966
61038372
61043838
61037702
61039754
61039084
61040289
61045384
61040764
61040073
61041343
61039395
61046525
61042076
61042327
61042318
61041071
61043090
61043970
61044999
61047304
61047617
61047543
61046415
61048059
61054115
61048027
61047431
61047376
61047541
61049883
61049294
61048578
61050301
61056007
61049466
61051395
61051075
61050138
61052085
61050325
61058226
61051133
61053308
61053409
61053496
61054087
61059747
61054620
61054796
61053120
61055355
61054915
61063923
61056992
61058897
61057272
61059572
61057791
61065686
61060335
61060385
61058856
61060947
61059279
61059065
61061837
61061804
61061469
61060458
61068398
61063002
61063346
61064097
61062113
61063916
61064218
61064281
61063057
61064580
61070950
61063636
61065610
61065359
61072086
61066504
61066776
61064932
61067775
61067926
61068319
61070366
61071059
61071443
61069972
61072158
61070398
61078861
61073159
61073370
61073337
61072961
61072030
61080833
61074792
61075152
61075453
61082416
61074200
61076461
61077134
61075639
61075184
61083805
61077779
61078129
61078018
61076941
61077309
61086853
61078117
61080459
61080731
61081506
61082669
61090973
61082709
61084641
61084581
61084035
61084934
61092235
61084083
61086344
61086547
61084967
61086956
61085203
61087591
61087531
61086379
61088131
61095398
61086886
61089205
61089410
61087970
61089579
61097266
61090494
61090838
61090682
61090306
61090933
61098866
61092006
61090906
61093011
61100194
61096214
61096486
61096402
61095651
61095131
61104367
61097798
61098070
61098770
61098362
61096506
61105882
61099166
61099510
61099354
61099730
61098086
61107447
61100630
61100782
61100794
61100146
61100994
61109231
61100482
61102270
61100834
61102723
61110479
61103430
61103630
61103546
61103014
61103811
61112298
61105586
61107782
61107971
61106261
61108517
61106634
61116578
61109468
61108100
61110574
61108793
61109009
61111300
61111609
61120025
61110217
61112506
61112466
61111636
61111065
61111281
61113862
61113484
61112554
61114306
61122879
61112834
61115227
61114573
61113973
61115514
61124451
61116515
61116715
61116973
61119304
61118992
61121422
61119824
61121843
61130318
61120598
61122740
61122791
61121612
61123364
61132017
61122263
61124336
61124276
61123073
61124587
61133574
61125783
61125856
61124334
61126353
61134979
61126879
61127178
61125769
61127148
61136582
61128170
61128411
61126844
61128935
61138119
61127377
61129805
61129940
61131476
61131031
61141892
61133661
61133741
61132404
61133876
61143503
61132984
61135057
61135024
61135400
61144816
61133907
61136321
61136452
61134995
61146084
61137080
61137427
61135874
61137343
61147306
61138467
61138715
61136895
61139048
61148490
61137687
61140054
61140636
61139127
61139903
61149783
61141147
61144035
61143975
61143650
61154194
61145051
61144104
61143671
61145266
61155042
61146195
61144447
61146607
61145032
61147490
61146050
61145986
61146188
61148581
61148767
61147522
61148604
61158964
61149878
61149958
61148647
61149858
61160399
61151182
61151361
61151454
61150833
61151500
61161840
61152703
61152835
61152376
61155448
61165846
61156535
61156793
61156943
61155068
61157605
61155840
61157825
61156555
61158467
61158612
61169298
61159705
61158582
61159143
61160079
61171052
61161588
61161806
61160351
61162774
61173350
61162249
61164956
61165053
61164705
61163924
61164154
61166677
61166922
61165639
61167361
61177856
61165993
61168542
61170944
61170333
61171348
61182473
61172421
61172699
61170900
61173125
61184058
61171553
61173946
61174231
61174222
61173990
61174487
61185877
61175834
61176096
61176059
61175697
61174815
61187434
61177496
61177651
61175968
61178166
61189264
61176572
61179056
61179864
61178025
61179376
61190783
61180621
61180848
61182127
61183541
61195257
61184671
61184908
61184852
61184462
61185075
61196760
61186162
61186331
61185770
61197938
61187144
61187248
61186967
61189823
61187790
61186470
61188014
61199798
61189015
61189119
61187758
61200611
61189976
61188358
61188921
61201606
61190903
61191151
61189382
61191566
61203514
61190087
61192617
61195412
61193736
61195848
61207621
61193976
61196697
61196832
61195536
61197045
61209254
61198009
61198281
61198152
61197776
61198310
61197059
61199452
61199344
61198696
61199739
61211901
61198672
61200961
61201712
61200480
61199622
61199712
61202105
61202312
61200995
61202481
61214931
61203345
61203312
61202936
61204667
61204934
61207225
61205837
61207068
61219373
61208169
61208352
61207464
61221042
61209120
61207327
61209415
61221791
61210040
61209400
61208930
61223037
61211080
61209407
61211375
61223938
61211949
61212176
61212463
61226509
61212375
61214592
61214487
61213722
61213151
61213418
61215736
61215703
61214938
61214469
61231311
61219616
61219717
61218311
61219852
61232609
61220808
61221152
61221061
61220296
61219790
61234240
61222334
61221694
61221173
61222638
61235779
61223540
61223943
61222097
61222262
61224220
61224832
61237933
61223413
61225586
61224095
61239015
61224511
61226504
61224906
61226659
61240071
61227656
61227804
61226200
61230504
61243948
61231563
61231888
61230609
61230323
61232707
61230904
61231861
61246515
61231586
61233965
61234035
61233607
61232633
61232914
61235103
61235388
61234065
61235516
61249212
61236579
61236732
61235206
61236743
61250674
61237713
61237940
61236336
61238404
61238740
61238905
61238006
61252975
61238122
61240051
61240840
61243140
61256483
61243614
61243901
61257488
61244471
61244698
61243145
61245134
61258751
61245862
61245987
61244506
61260116
61246864
61244996
61247015
61260700
61245840
61247913
61247870
61247494
61246650
61262206
61249208
61249236
61248785
61247862
61263490
61250383
61250600
61249129
61251199
61265607
61249311
61254737
61254618
61255049
61253319
61253306
61255829
61254060
61256244
61270260
61256869
61257045
61255543
61257182
61271970
61258023
61258216
61256564
61258580
61272964
61259256
61259469
61257856
61258477
61274368
61260517
61259737
61260846
61259683
61259796
61258698
61258807
61260923
61260585
61259543
61258848
61277442
61263764
61261992
61278080
61263836
61263861
61263564
61264631
61279105
61265464
61265400
61263789
61264832
61263502
61265590
61265368
61264780
61264958
61279501
61265726
61265662
61264016
61265289
61280036
61265783
61265815
61265682
61265066
61263903
61264768
61266080
61265780
61264860
61264052
61264022
61266124
61265902
61266107
61264035
61264107
61266332
61264964
61280631
61266442
61264577
61265743
61280493
61266516
61266294
61265187
61264413
61264434
61266682
61266371
61265693
61264544
61264592
61266694
61266455
61264697
61267006
61266669
61266357
61280884
61267059
61266977
61267052
61280984
61265256
61267229
61265340
61265049
61267359
61266973
61267284
61281625
61267395
61267235
61266117
61281389
61265701
61267382
61267644
61265463
61267605
61267514
61266730
61282117
61265826
61267840
61265831
61267580
61281764
61267917
61267928
61265984
61267877
61282423
61266074
61268051
61268740
61266825
61266130
61270276
61268064
61266501
61267500
61282172
61268333
61268180
61267018
61266360
61282321
61268506
61268391
61266608
61268086
61282782
61268409
61267315
61282447
61268659
61266715
61268334
61282733
61268739
61268815
61267242
61266835
61266814
61268930
61269637
61267748
61267004
61266717
61267093
61268657
61283247
61269246
61269726
61269257
61283309
61269361
61267561
61268690
61268114
61269235
61267616
61268869
61283521
61269442
61269306
61267797
61269101
61283538
61269657
61269536
61283453
61269715
61269545
61269770
61283826
61269960
61269920
61269736
61268690
61267981
61268336
61270190
61269869
61268877
61284466
61270222
61270233
61268303
61270140
61268220
61270330
61270055
61268331
61270494
61269106
61284769
61268775
61270567
61268826
61271580
61286264
61272369
61272182
61270557
61271710
61286570
61272361
61272297
61270693
61271825
61286424
61272521
61272258
61271315
61270520
61270578
61272629
61272380
61271389
61270629
61270622
61272789
61270756
61272183
61286532
61272821
61272572
61271580
61286785
61272949
61287045
61272938
61272631
61272815
61287258
61272984
61272735
61272991
61271021
61271079
61273130
61272908
61273113
61271143
61271164
61273266
61273868
61272466
61271330
61271047
61273690
61273011
61287545
61273539
61272717
61271756
61271596
61273835
61273514
61272977
61271828
61271746
61273985
61274533
61274012
61288400
61272181
61274144
61271991
61273949
61288176
61274214
61274109
61273304
61274262
61274222
61273421
61288811
61272685
61274446
61272509
61274381
61288800
61274430
61274561
61272789
61274216
61288549
61274659
61275245
61273282
61289010
61274838
61274777
61273125
61272578
61272701
61274854
61274615
61273989
61272891
61272680
61274732
61274824
61272950
61275103
61273057
61274511
61288841
61275149
61273126
61273103
61273084
61275181
61273566
61273108
61273231
61275333
61275060
61275220
61289796
61273498
61275520
61275220
61275401
61289940
61273823
61275626
61273644
61273995
61289846
61275620
61275361
61275572
61289803
61275836
61274857
61274110
61275198
61290110
61275887
61275874
61274270
61273564
61275666
61275417
61275686
61290003
61275828
61275788
61274067
61275350
61275956
61276008
61274404
61275450
61274181
61276218
61275969
61274992
61290805
61276384
61276197
61274404
61275852
61276341
61274736
61291019
61276587
61276472
61276522
61290791
61276613
61276415
61276599
61290919
61276768
61277327
61276775
61291242
61275167
61277024
61275207
61276346
61290895
61277200
61276807
61277063
61275042
61275114
61277240
61275207
61277079
61291546
61277344
61277311
61276114
61275282
61275279
61277432
61277183
61276127
61275367
61277300
61279416
61277434
61279255
61293708
61279448
61279432
61279547
61293726
61279689
61279553
61278000
61277528
61277586
61279739
61277720
61279216
61293864
61279833
61279824
61278768
61277870
61277942
61279993
61279744
61280000
61280212
61279233
61280072
61294590
61280193
61279920
61280104
61294163
61280297
61280236
61278275
61280417
61280219
61280352
61294528
61280545
61279740
61278979
61278466
61278582
61280619
61280426
61294893
61280691
61280418
61280725
61294806
61280771
61279164
61294799
61280610
61280505
61279010
61280207
61294569
61280845
61280555
61279708
61278780
61278842
61280957
61280657
61280772
61295202
61281072
61281038
61279458
61280727
61279123
61281221
61280986
61279261
61281403
61279490
61280715
61279381
61281555
61281234
61281555
61279550
61282167
61281216
61279578
61281731
61281482
61281666
61295811
61281859
61281870
61281373
61279885
61281912
61279954
61281546
61296095
61282019
61281719
61282026
61296247
61282123
61282032
61280455
61281420
61296277
61282304
61282151
61282341
61296781
61280562
61282518
61281597
61296669
61282672
61280827
61282035
61280715
61282868
61282496
61282752
61280731
61280728
61282881
61282632
61282888
61296904
61282985
61282921
61281416
61281245
61280992
61283196
61281190
61281148
61283190
61281627
61282724
61281353
61283527
61283257
61283363
61297638
61283607
61283307
61283614
61297811
61283660
61283283
61283687
61283783
61281750
61283622
61298089
61283887
61283758
61282606
61298334
61282166
61284071
61283822
61284078
61298374
61284322
61282884
61298385
61282303
61283903
61284039
61298284
61284197
61284093
61282314
61283786
61298464
61284522
61298670
61283529
61284567
61282427
61283862
61282835
61284503
61284733
61298582
61284566
61282806
61284615
61284716
61298891
61284555
61283158
61299177
61284903
61284890
61283265
61284425
61298953
61285039
61284776
61285083
61299513
61283294
61285199
61283214
61283177
61285319
61284518
61299636
61285463
61283454
61283417
61283614
61285519
61284007
61285067
61283733
61285712
61283703
61285626
61299809
61285792
61285481
61285737
61301954
61287848
61287575
61287535
61302223
61286130
61288137
61286140
61287444
61302028
61288037
61287764
61287876
61301932
61286346
61288059
61288007
61302234
61288200
61288136
61286871
61302599
61288352
61287744
61287167
61286403
61286345
61288461
61288212
61302817
61288564
61288414
61288670
61303137
61286939
61288796
61286859
61288430
61303024
61288924
61288699
61287619
61303521
61289124
61289015
61287462
61303062
61289159
61288858
61289091
61303510
61289260
61289220
61289324
61289407
61287246
61303270
61303445
61303797
61287334
61288881
61288430
61291660
61290040
61289512
61303702
61289705
61289521
61289484
61287687
61287708
61289861
61289537
61289697
61303796
61289890
61289877
61289849
61304006
61290069
61289943
61288329
61289375
61303849
61290106
61289833
61290089
61304344
61290306
61290194
61288617
61289540
61288220
61290370
61290056
61290349
61304365
61290467
61290410
61289581
61290494
61288653
61290029
61304687
61290718
61289426
61304709
61290811
61290730
61289925
61305134
61288898
61290875
61290677
61290810
61288850
61291147
61289261
61289124
61289131
61291182
61289221
61290546
61305138
61291358
61291845
61291242
61305876
61289541
61291299
61289797
61290690
61289486
61291625
61289514
61291437
61305986
61291678
61291594
61290346
61305880
61291803
61291482
61291738
61305649
61290912
61291180
61289529
61291934
61290255
61291288
61290952
61292220
61290259
61291707
61306026
61292276
61292784
61290230
61292478
61292371
61306787
61292663
61291622
61290707
61292567
61291494
61306846
61292711
61292671
61291115
61292161
61306751
61292892
61292646
61292830
61307297
61292609
61291849
61307062
61290968
61292747
61291898
61290698
61290922
61292964
61291171
61292505
61307046
61293041
61293648
61293123
61307580
61293337
61293204
61291627
61292571
61291227
61293329
61293029
61293309
61307821
61293454
61293516
61293365
61293673
61293637
61292576
61308168
61293948
61293884
61292341
61293323
61292945
61294139
61293873
61308222
61294290
61294226
61292636
61292317
61292809
61295056
61292287
61294487
61293515
61293325
61308930
61294368
61292667
61294874
61293805
61309135
61294898
61293582
61309091
61295001
61293366
61309043
61295197
61293212
61294602
61309048
61295360
61295111
61295295
61309498
61295577
61296198
61295598
61309955
61295695
61295693
61294469
61293709
61293781
61298238
61297989
61298245
61312603
61298352
61298284
61296643
61296264
61297320
61298465
61296778
61297732
61312482
61298644
61298450
61298545
61312565
61298677
61298619
61298604
61312566
61298790
61298503
61298838
61313106
61298917
61297172
61296721
61297020
61298874
61297283
61296814
61299041
61299015
61298094
61313371
61297560
61297671
61296873
61296538
61299033
61297363
61298393
61297093
61299164
61299290
61313274
61299370
61297310
61298902
61313115
61299385
61297544
61298718
61313287
61299493
61297909
61297498
61297100
61313862
61299687
61299438
61299673
61313619
61299815
61299566
61298574
61314046
61299991
61299670
61314235
61299830
61299662
61313899
61300231
61298424
61298086
61298195
61300297
61300062
61300073
61314321
61300377
61300142
61300302
61300487
61300190
61299905
61298519
61300591
61298486
61299910
61299110
61300551
61298758
61298481
61298606
61300586
61298958
61298558
61298630
61300807
61300558
61300742
61315230
61298990
61300970
61299054
61300382
61298931
61301033
61300726
61301033
61314958
61301103
61301022
61300238
61315019
61301183
61301174
61300742
61299318
61301273
61301334
61315566
61301431
61301264
61300136
61315878
61299638
61301652
61299966
61300910
61299566
61301791
61301480
61301623
61315712
61301771
61301512
61301768
61299761
61299758
61301962
61300111
61299916
61302041
61301970
61301914
61315839
61302107
61301764
61315910
61301991
61301989
61301923
61316168
61302164
61301980
61302164
61316313
61302388
61301300
61301265
61300251
61300425
61302555
61300494
61302520
61316360
61302617
61302323
61302596
61316798
61302745
61302451
61302707
61316875
61302777
61302699
61301225
61300804
61300627
61302964
61301127
61302664
61317367
61303195
61303022
61301914
61317218
61303361
61303297
61301744
61301363
61303547
61301840
61301392
61303612
61303497
61302489
61301510
61301670
61303670
61303593
61317503
61303618
61301623
61303047
61301624
61303726
61303477
61303514
61301629
61303833
61303482
61303397
61317920
61303873
61303860
61302801
61302091
61301931
61304098
61303965
61304235
61318562
61304318
61304401
61303364
61302252
61302437
61304414
61302398
61304256
61318642
61304169
61302407
61302727
61304560
61303048
61302688
61303621
61304676
61303151
61302791
61302747
61304900
61304702
61304866
61319009
61304898
61304724
61319289
61305052
61304019
61305070
61318971
61305263
61305192
61303598
61304542
61303249
61305094
61305305
61307395
61304871
61305086
61319430
61305275
61305266
61305221
61319338
61305472
61305955
61305322
61319295
61305491
61305413
61303809
61303538
61303480
61305719
61305384
61305595
61319719
61305723
61305720
61306708
61307894
61322215
61308523
61308325
61308550
61322544
61308756
61306693
61308038
61322796
61308744
61308588
61308786
61322966
61308825
61308600
61307506
61323344
61309025
61308963
61307843
61307068
61307038
61309284
61307155
61307643
61323181
61309329
61309847
61309161
61323127
61309258
61308218
61307699
61307171
61309273
61307404
61308786
61307275
61309428
61309244
61309353
61323424
61309505
61308673
61308429
61307494
61307552
61309705
61307672
61309602
61323700
61309795
61309704
61308154
61323649
61309601
61309785
61324204
61309930
61309681
61308713
61310026
61308017
61309568
61308321
61310133
61308892
61324350
61310360
61308303
61309761
61309346
61308385
61308246
61310463
61308505
61308444
61310637
61310313
61310459
61324357
61310614
61308633
61309958
61308430
61310626
61309841
61308574
61308734
61310922
61310011
61310746
61310460
61310798
61325238
61311022
61310094
61325127
61310813
61310969
61325303
61311275
61309530
61309184
61309154
61311379
61309298
61310557
61309223
61311349
61309611
61310723
61309393
61311645
61309537
61310903
61325543
61311698
61311528
61311849
61326029
61311761
61311817
61311227
61311977
61312570
61311888
61326499
61312105
61311880
61312112
61326304
61312257
61310632
61326624
61312548
61310553
61311864
61311370
61312580
61311666
61326439
61312700
61312513
61312512
61326931
61312729
61312507
61312640
61326840
61312878
61311160
61310709
61311368
61312865
61311722
61326845
61313057
61312712
61313043
61311011
61313185
61311320
61312357
61311088
61313241
61311160
61313018
61327509
61313334
61313072
61313352
61327597
61313473
61313433
61311904
61311432
61311555
61313729
61313408
61313592
61328080
61311994
61313827
61312120
61313173
61311816
61313918
61312125
61311848
61312808
61313939
61312376
61313371
61311986
61314225
61312336
61313554
61312182
61314329
61314008
61314178
61328456
61314494
61314358
61328128
61313398
61312949
61328626
61314471
61312822
61328486
61314529
61314359
61314447
61328412
61314637
61314388
61314719
61329213
61314912
61314786
61313775
61329068
61314944
61314420
61314079
61312807
61313103
61315008
61313266
61314354
61313967
61315112
61313319
61312991
61313063
61315213
61313327
61314727
61313153
61315296
61315836
61315058
61329521
61315400
61315127
61315383
61329682
61315480
61315231
61315018
61329287
61315488
61313572
61313459
61313415
61315619
61313703
61330031
61315664
61315586
61314359
61329751
61315789
61315755
61314872
61313716
61314047
61315575
61315673
61329648
61315996
61314200
61313926
61313998
61316172
61314382
61315593
61314126
61316210
61314366
61315621
61314995
61316140
61314638
61314255
61314364
61316487
61314478
61315788
61314198
61316543
61314894
61330924
61316738
61316551
61315627
61314666
61314622
61316847
61316526
61316857
61330988
61317013
61316596
61316989
61330927
61317021
61316981
61316180
61331540
61317245
61317160
61315505
61315224
61315104
61317049
61315266
61317394
61316097
61331290
61320228
61319934
61320111
61334527
61320362
61320103
61319935
61320448
61320435
61319506
61334922
61320699
61320330
61320418
61334484
61320608
61318647
61320409
61335048
61320972
61320627
61320804
61334908
61321028
61320758
61319715
61335201
61321060
61321611
61321132
61335671
61321188
61321148
61320188
61319253
61321388
61321832
61321152
61335592
61321441
61321120
61321208
61335440
61321548
61319529
61321373
61335838
61321687
61319633
61321262
61335518
61321920
61319863
61321246
61319717
61321980
61320184
61319859
61320149
61321889
61320702
61336299
61322046
61320209
61319966
61320038
61322161
61320224
61321507
61320050
61322186
61322085
61320248
61322425
61320458
61320202
61319970
61322379
61321381
61320432
61320518
61322692
61322320
61320973
61320598
61322748
61320931
61321858
61320538
61322780
61320936
61322201
61321640
61322737
61321766
61337449
61322980
61322844
61321843
61320894
61320947
61322999
61321824
61337432
61323113
61322236
61322227
61321078
61321174
61323348
61321555
61322571
61321251
61321206
61322729
61321111
61323996
61337761
61323538
61323241
61321935
61322132
61323450
61321849
61322997
61321575
61323701
61323476
61323783
61338384
61324021
61324404
61323764
61337914
61323933
61322198
61323368
61321566
61323855
61322367
61324005
61323285
61338506
61324296
61324780
61324033
61337949
61324239
61323956
61324140
61338276
61324381
61324286
61324247
61338268
61324362
61324041
61324069
61338353
61324565
61322409
61323713
61322713
61324474
61324572
61338844
61324789
61324468
61324132
61324861
61323068
61338814
61324577
61322705
61324898
61339233
61324989
61324892
61322918
61324718
61324354
61325039
61323390
61338998
61325049
61323811
61339535
61325142
61324968
61325179
61339368
61325423
61325326
61324105
61339369
61325551
61326051
61324259
61323543
61325580
61325259
61325515
61339583
61325612
61325603
61324321
61340172
61325689
61325676
61324814
61323730
61324779
61325910
61324996
61339960
61325989
61325832
61324611
61323967
61326069
61324348
61325415
61324044
61326197
61324188
61325585
61324148
61326250
61324388
61325764
61326261
61326049
61340665
61326394
61324694
61340758
61324500
61340537
61326677
61324980
61324430
61326650
61326586
61326684
61340865
61326856
61326532
61326839
61341044
61326909
61326701
61326524
61341311
61327109
61326887
61327023
61341394
61327141
61327077
61325836
61341396
61327245
61325236
61326756
61341097
61327349
61327100
61327335
61341073
61327330
61327081
61327340
61341249
61327629
61325740
61326944
61325573
61327726
61325933
61325721
61327860
61327724
61327822
61341794
61327967
61326099
61327355
61325969
61328140
61327843
61327955
61341990
61328223
61327251
61326091
61328223
61328246
61342569
61328463
61326595
61326246
61326323
61328324
61328395
61342614
61328618
61328270
61328454
61342390
61328647
61326662
61328161
61326646
61328871
61326862
61326780
61326974
61328687
61327614
61342980
61328831
61329414
61328691
61342905
61328884
61328611
61328846
61343109
61329015
61327342
61343076
61328570
61329062
61343460
61329132
61327510
61327110
61327331
61329263
61329208
61343480
61329329
61329107
61329342
61343624
61329497
61328568
61327225
61329378
61327605
61327335
61327604
61329461
61329648
61343512
61327989
61327704
61329806
61328154
61327757
61328077
61329913
61329933
61343933
61333398
61331437
61347642
61333422
61333898
61333357
61347568
61333499
61348053
61333686
61333413
61333272
61331664
61333766
61332066
61331669
61331794
61333747
61332970
61347719
61333994
61332046
61334202
61334686
61333566
61332081
61334183
61332468
61332113
61332310
61334317
61332963
61348599
61334499
61334110
61334314
61348257
61334463
61332625
61333792
61333384
61334522
61333676
61348947
61334697
61335208
61333056
61332565
61334660
61333947
61332896
61334660
61333368
61348632
61334876
61332720
61334147
61332779
61335004
61333091
61334344
61348947
61335108
61333315
61333089
61335201
61334259
61349273
61335132
61333195
61333086
61334019
61335215
61334067
61349678
61335407
61334364
61335424
61349605
61335566
61335413
61349834
61335539
61333848
61333469
61334077
61335602
61335570
61334570
61335694
61334501
61350013
61335920
61333839
61335287
61334797
61335873
61335072
61350435
61336075
61335749
61349949
61336072
61335847
61335487
61350018
61336245
61334764
61334167
61336320
61334620
61350663
61336317
61334479
61335639
61334486
61336472
61334607
61334443
61334399
61336603
61334903
61334455
61335496
61336608
61335055
61334610
61334927
61335817
61335365
61350801
61336753
61336504
61336440
61350968
61336857
61336581
61336788
61334811
61336913
61334853
61336366
61334485
61337017
61335848
61334971
61335384
61336124
61336173
61351062
61337207
61337198
61337146
61351405
61337353
61337008
61336053
61351327
61337361
61337153
61337327
61351446
61337506
61335569
61335425
61337513
61335816
61335469
61337530
61337464
61335466
61337602
61336484
61351661
61337743
61337545
61337650
61351970
61337915
61335810
61337090
61335746
61337861
61336226
61352177
61338077
61337674
61337455
61336882
61337979
61338077
61352002
61338161
61337851
61337333
61336023
61338190
61337123
61352474
61338385
61338855
61338262
61352359
61338414
61338421
61338509
61352383
61338675
61338331
61338529
61352601
61338735
61338486
61337607
61353127
61338939
61338664
61352882
61338891
61337098
61336821
61336855
61339008
61337122
61338396
61352807
61338941
61338368
61337108
61337765
61339100
61353498
61339341
61339119
61338076
61337332
61339499
61337826
61337327
61338188
61339408
61338215
61337359
61337533
61339560
61337911
61353527
61339745
61340290
61339690
61354034
61339688
61339340
61338963
61339693
61338281
61353913
61339837
61338029
61337692
61338135
61339872
61338799
61340128
61339769
61339854
61337993
61340143
61338569
61338070
61338318
61340223
61338313
61340530
61338905
61354897
61340701
61340326
61340585
61354799
61340778
61340769
61339790
61355122
61340896
61340545
61355194
61341122
61339233
61338806
61339270
61340959
61340158
61355404
61341229
61341046
61341134
61355313
61341378
61341067
61341169
61355489
61341362
61339370
61340821
61340252
61341448
61339844
61339423
61339905
61341450
61339873
61339476
61339650
61341605
61340532
61355948
61341773
61341572
61341670
61339731
61341970
61339852
61341453
61340078
61342115
61341764
61341725
61340117
61342270
61340488
61340010
61342028
61341309
61340184
61339896
61342307
61340517
61341807
61341351
61342376
61340823
61356839
61342637
61342268
61356884
61342589
61342652
61342500
61340516
61342720
61341099
61340675
61341297
61342866
61342003
61356864
61342945
61342679
61357350
61343083
61342520
61343242
61341932
61357280
61343365
61341757
61357244
61343389
61341483
61342729
61342263
61343401
61342569
61341516
61341274
61343536
61342219
61357807
61343587
61343684
61343580
61357937
61343677
61343469
61342477
61357751
61343767
61343570
61343764
61358108
61343930
61343821
61343954
61358026
61344123
61342347
61343596
61342514
61344216
61342561
61358700
61344405
61344149
61342301
61344515
61344393
61343128
61358852
61344575
61344345
61344625
61362262
61348537
61346504
61348027
61346525
61348613
61346727
61347757
61346525
61348641
61346958
61346523
61346202
61348563
61348620
61362395
61348721
61347075
61346750
61346771
61348924
61347042
61348130
61346759
61349114
61347297
61348272
61347040
61349129
61348945
61349252
61363435
61349224
61348900
61349159
61363156
61348903
61347696
61347168
61349410
61347765
61363716
61349486
61349548
61348233
61363483
61349666
61349537
61349577
61363622
61349865
61348958
61347736
61349807
61349023
61364075
61349937
61350544
61349995
61364098
61350000
61349035
61350034
61364333
61350080
61349882
61350281
61350019
61349744
61350350
61350111
61350271
61364522
61350577
61350242
61348984
61348274
61350581
61348908
61348549
61349116
61350613
61349578
61365186
61350781
61350532
61350846
61349644
61365119
61350186
61350915
61350056
61364839
61351049
61350773
61350697
61365454
61351276
61351027
61350544
61349203
61351462
61349642
61350586
61349368
61351494
61349728
61349386
61349383
61351584
61349955
61365488
61351759
61350038
61349604
61350171
61351794
61351828
61365456
61351778
61349844
61351436
61349869
61351950
61350708
61365896
61351964
61351780
61351885
61366154
61352130
61351956
61351993
61349913
61350361
61350289
61350568
61352340
61352291
61366656
61352508
61350485
61351942
61350114
61352533
61351072
61350484
61352714
61353278
61351521
61367113
61352866
61351073
61350344
61352743
61351231
61366887
61352904
61352655
61352325
61350759
61352840
61351815
61350866
61351402
61352975
61352991
61366967
61353074
61351003
61367361
61353146
61351185
61367516
61353314
61353185
61353225
61367473
61353418
61353172
61352980
61367225
61353450
61351441
61352721
61351452
61353554
61351870
61351473
61351705
61353538
61352036
61352588
61352907
61368127
61353818
61354425
61353585
61367601
61353812
61351889
61353193
61352062
61353868
61353019
61368125
61354180
61352065
61351881
61351977
61354106
61352447
61352050
61352108
61354186
61352393
61352089
61352277
61354290
61352682
61352357
61351985
61354421
61354396
61368812
61354573
61354368
61354501
61352544
61354632
61354511
61352476
61354731
61353007
61352583
61352954
61354787
61353615
61369223
61354842
61354689
61353601
61368977
61354946
61354724
61354857
61353881
61355077
61353377
61352980
61353321
61355133
61353505
61353057
61353990
61355183
61354110
61353131
61352926
61355287
61355283
61369276
61355458
61353689
61353412
61353382
61355586
61353526
61355118
61357700
61355026
61353451
61355624
61354578
61370138
61355747
61355474
61355610
61353749
61355923
61354058
61353843
61354437
61355996
61355113
61370252
61356140
61355952
61356133
61370194
61356286
61356382
61354798
61370435
61356464
61355253
61370448
61356622
61355017
61370955
61356619
61356522
61355498
61356670
61356149
61356857
61355483
61354394
61356669
61355845
61356723
61371339
61357105
61356812
61356962
61355029
61357271
61355574
61355188
61354956
61357416
61356216
61371735
61357543
61357294
61357009
61371551
61357647
61357398
61357575
61371627
61357775
61356150
61355654
61355736
61357879
61356734
61372280
61357985
61357976
61357910
61372254
61358100
61357918
61372335
61358209
61356485
61372093
61358257
61357715
61358348
61358123
61358242
61372159
61358435
61356762
61356392
61356559
61358515
61357520
61372927
61358680
61358602
61358519
61372938
61358763
61356727
61358175
61357695
61358771
61358818
61372871
61358939
61358663
61357695
61373317
61359160
61358890
61358577
61357206
61358003
61359232
61359288
61359320
61358104
61359291
61358752
61359481
61359011
61359473
61358641
61359175
61359283
61357309
61359366
61359131
61373621
61359593
61359248
61359432
61373683
61359577
61359379
61359467
61373712
61359783
61357956
61357748
61359941
61358796
61374431
61360208
61360072
61360068
61374340
61360240
61359981
61360267
61374152
61360409
61358784
61374677
61360508
61360997
61359216
61374621
61360650
61360449
61360630
61374671
61360778
61358691
61360265
61358814
61360820
61359774
61375385
61360964
61360869
61361046
61358966
61361068
61359220
61359149
61361266
61361044
61361170
61375298
61361547
61359570
61359375
61359188
61361289
61360580
61375926
61361481
61361543
61359939
61359553
61360372
61359703
61359832
61361689
61361616
61379835
61364027
61379889
61366132
61364534
61364062
61366204
61365931
61366043
61380191
61366383
61364323
61365771
61365195
61366391
61365267
61380746
61366532
61366283
61366371
61364459
61366684
61364747
61365979
61364662
61366839
61365115
61364694
61366935
61366748
61365555
61380912
61366943
61367539
61366988
61381209
61367140
61366846
61365840
61380891
61367162
61366937
61367186
61369262
61364965
61366433
61365974
61367047
61365476
61364977
61365294
61367130
61365526
61365245
61367346
61365622
61381710
61367466
61367381
61366645
61381868
61367498
61368059
61367371
61381512
61367711
61365836
61382211
61367749
61367538
61367924
61381991
61367768
61365930
61365828
61365770
61367960
61367812
61366049
61367834
61367901
61365968
61368094
61366510
61382506
61368214
61368778
61367021
61382675
61368390
61368326
61366821
61366489
61368665
61368478
61368467
61382526
61368636
61367007
61366655
61368780
61368695
61368660
61382759
61368788
61368464
61368672
61382886
61368841
61368643
61368321
61367776
61368924
61367635
61366983
61367558
61369019
61382881
61369041
61368792
61369000
61383467
61369295
61368995
61369244
61367233
61369297
61368355
61383675
61369455
61369928
61368128
61383451
61369575
61367710
61367440
61367526
61369635
61367677
61367640
61367654
61369742
61367901
61369201
61367816
61369942
61368293
61369326
61367993
61370132
61369164
61384724
61370343
61370784
61370083
61384585
61370348
61370123
61370396
61372496
61368312
61369665
61369185
61370299
61369171
61384929
61370586
61371075
61370449
61368714
61370738
61369020
61368757
61370861
61370585
61370156
61370957
61369953
61385246
61370951
61370801
61371033
61385135
61371199
61370953
61371113
61369050
61371357
61369383
61370861
61369161
61371383
61370540
61385355
61371495
61369603
61385975
61371492
61371377
61370163
61386082
61371743
61371556
61371603
61385745
61371724
61371475
61370483
61385707
61371924
61370860
61370814
61369910
61372151
61371779
61372035
61386328
61372156
61371931
61372166
61386161
61372308
61370248
61370388
61370483
61372340
61371539
61386684
61372559
61373024
61372494
61370435
61372588
61372515
61370619
61372574
61370984
61387075
61372756
61372555
61372640
61387035
61372833
61373440
61372905
61387043
61373012
61371027
61372379
61371038
61373236
61371491
61371094
61371115
61373217
61371427
61372557
61372104
61373201
61372155
61371480
61371544
61373500
61371800
61371468
61372387
61373532
61373477
61387798
61373724
61373523
61373659
61387792
61373852
61371819
61371497
61373695
61372638
61388171
61373969
61373819
61373958
61372046
61374148
61372379
61372033
61371952
61374115
61372082
61373790
61372158
61374270
61374269
61388398
61374414
61372662
61372392
61372949
61373545
61373645
61389043
61374611
61374475
61373038
61372587
61372368
61374678
61373478
61388806
61374822
61374683
61373181
61372624
61373543
61374862
61373090
61372830
61374934
61374661
61374910
61389138
61375086
61374837
61373845
61389361
61375214
61374965
61375310
61389438
61375489
61373333
61374753
61374229
61374374
61375366
61373331
61375559
61374092
61389692
61375580
61375355
61375187
61373704
61375691
61375847
61389796
61375876
61375702
61375859
61376055
61375056
61390248
61376011
61375904
61374955
61376004
61376003
61374019
61376247
61374547
61374188
61376316
61376016
61376093
61390074
61376471
61376422
61376604
61374499
61375875
61376652
61376403
61375264
61390574
61376575
61374926
61390823
61376749
61376473
61376636
61375385
61376778
61375249
61374903
61374569
61376820
61376457
61375809
61376920
61376167
61391092
61377160
61376759
61391068
61377072
61376837
61376976
61391525
61377326
61375314
61376642
61376285
61376542
61376482
61391770
61377622
61378050
61376872
61375149
61377558
61377386
61377697
61377421
61375539
61375907
61377651
61377174
61375710
61377935
61376238
61375906
61376131
61377943
61377166
61392550
61378255
61378009
61378094
61376086
61378239
61376593
61376169
61376756
61378308
61378263
61392161
61378753
61376625
61377737
61376417
61378594
61376674
61378036
61377505
61378752
61378717
61392659
61378804
61378579
61393345
61379013
61377453
61376875
61377174
61378141
61379127
61393167
61379299
61378975
61379183
61393238
61379390
61377535
61377307
61378315
61379412
61377859
61377462
61377505
61379383
61378889
61377858
61379458
61393631
61379875
61377948
61379118
61378710
61379920
61378782
61394554
61380061
61380692
61378840
61394370
61380233
61380063
61380220
61394237
61380498
61380455
61380420
61378361
61380589
61378676
61378567
61378898
61380611
61379346
61394559
61380741
61380516
61380727
61394762
61380859
61380634
61380722
61395070
61381073
61378537
61378739
61380831
61379206
61378962
61381166
61381604
61380855
61394863
61381110
61379231
61383674
61385792
61385779
61384751
61383839
61384033
61385804
61385741
61399800
61383869
61385248
61384101
61386009
61385981
61399991
61386174
61384333
61384106
61384009
61384401
61385991
61386478
61385933
61386416
61386205
61386365
61384367
61386534
61385258
61400506
61386633
61386292
61386404
61384618
61386744
61385912
61401040
61386813
61386564
61386365
61384866
61387019
61385435
61401400
61387126
61387031
61386655
61401076
61387096
61386823
61386993
61384983
61385224
61385098
61385170
61387344
61385650
61401615
61387269
61387260
61386080
61401524
61387424
61387223
61387287
61385528
61387528
61385807
61386359
61387555
61385924
61401991
61387645
61388172
61387586
61401612
61387824
61385959
61385727
61387995
61388050
61386791
61402040
61388184
61386391
61386322
61388331
61388154
61386879
61402386
61388363
61388063
61388319
61402487
61388389
61388164
61388324
61402599
61388640
61386535
61388106
61386495
61388648
61388423
61387994
61387511
61387731
61402741
61388710
61388376
61388748
61403037
61388886
61388637
61388821
61402930
61389038
61387005
61388435
61387064
61389217
61387832
61402960
61389166
61387403
61387366
61386960
61388073
61389272
61403157
61389465
61387638
61388873
61388014
61389559
61387910
61387564
61387558
61389738
61388100
61387652
61388284
61389754
61388276
61387852
61387596
61390056
61390029
61404045
61390300
61389993
61390167
61388255
61390275
61389037
61404335
61390415
61390231
61389905
61388478
61390553
61388917
61388445
61390635
61389523
61390426
61389505
61390499
61389650
61404615
61390735
61390370
61390136
61388621
61390675
61389149
61404728
61390942
61391354
61390052
61388746
61390971
61389116
61390306
61389132
61390200
61389765
61389204
61391050
61391032
61405194
61391256
61391826
61391109
61389234
61391299
61389763
61405371
61391443
61391324
61391508
61405486
61391544
61389648
61389546
61389590
61391757
61390077
61406072
61391726
61392394
61391322
61405689
61391881
61390715
61389722
61391963
61391151
61391967
61405999
61392112
61391771
61391486
61391948
61390323
61390108
61390387
61391037
61392223
61406656
61392440
61392218
61391961
61406254
61392616
61390864
61390413
61390406
61392477
61391448
61406988
61392792
61392735
61392778
61407153
61392920
61391760
61406660
61393061
61391984
61407204
61393157
61393172
61391919
61406891
61393213
61391478
61391204
61391422
61393258
61392420
61407335
61393328
61393092
61393204
61391264
61393331
61392032
61407495
61393547
61391586
61392719
61391780
61393541
61392369
61407872
61393699
61391834
61391564
61391319
61393199
61391881
61393714
61393145
61393874
61393893
61393837
61391853
61394027
61392432
61391943
61394198
61393110
61392958
61408416
61394401
61394343
61394332
61408618
61394416
61394176
61394329
61392315
61394468
61392510
61408814
61394687
61392952
61408832
61394646
61392702
61394137
61392864
61394850
61394694
61392833
61394922
61393389
61408908
61394946
61393063
61394490
61392910
61395063
61394169
61408990
61395159
61394910
61393563
61409428
61395287
61393467
61393091
61395383
61395295
61394174
61409425
61395391
61395378
61393784
61393285
61395374
61395322
61409684
61395618
61394581
61395669
61393637
61395739
61394114
61410130
61395859
61395658
61394666
61409850
61396011
61394098
61395556
61410011
61396187
61395986
61395926
61394354
61396367
61396297
61394337
61396490
61395078
61410337
61396538
61394838
61394468
61394513
61396717
61394801
61394521
61395129
61396677
61395337
61394553
61394585
61396638
61396657
61410625
61396901
61396753
61396890
61394953
61411113
61396962
61396923
61410811
61397095
61396099
61411326
61397236
61396915
61396627
61411016
61397292
61397099
61395358
61397443
61397017
61396387
61397398
61396621
61411394
61397590
61397440
61397453
61395667
61397769
61396048
61395559
61396629
61397801
61396677
61412106
61397976
61395943
61395783
61396154
61397096
61397322
61398123
61397785
61397986
61395937
61398114
61396129
61396119
61397025
61398146
61396881
61412654
61398389
61398089
61398321
61412480
61398367
61398993
61397956
61412449
61398522
61396798
61412670
61398570
61396561
61396626
61396817
61398650
61397876
61412686
61398818
61398572
61398705
61398541
61398384
61398582
61412482
61398809
61398625
61398912
61412980
61399050
61397038
61398591
61397117
61399127
61397286
61398476
61397156
61399282
61397633
61397236
61397430
61398314
61399265
61413297
61399410
61398475
61413486
61399471
61399320
61413288
61399444
61399398
61397683
61400139
61399009
61397800
61397880
61413416
61399734
61399200
61397643
61399868
61398198
61397750
61398019
61399869
61398769
61414404
61400085
61399949
61400109
61413970
61400251
61398506
61399546
61398226
61400379
61398631
61414448
61400414
61400141
61399907
61399352
61400473
61399067
61414885
61400641
61398543
61398417
61400586
61399846
61399384
61415105
61400793
61400633
61400236
61398406
61400852
61399807
61414865
61400922
61400799
61400881
61415068
61401101
61399956
61415052
61401026
61400505
61399143
61401173
61401193
61415294
61401365
61399670
61399423
61399878
61400607
61401395
61415454
61401591
61401342
61401475
61415795
61401668
61399779
61416008
61401743
61400019
61415966
61401839
61400614
61415787
61401815
61401718
61400742
61399867
61399806
61401972
61400992
61399344
61401883
61401034
61416047
61402085
61401778
61400482
61416005
61407531
61405738
61405566
61405178
61407539
61406438
61421834
61407731
61405962
61405565
61405637
61407739
61406011
61407099
61405803
61407980
61407755
61407908
61421961
61408108
61406459
61406035
61406283
61408188
61407339
61422144
61408284
61406539
61406139
61408308
61408193
61406952
61422656
61408508
61408345
61407275
61406494
61406515
61408692
61423124
61408764
61408512
61408761
61407761
61408772
61408843
61423088
61408937
61408763
61408995
61422816
61409157
61407899
61423449
61409229
61408905
61408993
61423409
61409207
61407465
61423145
61409282
61407273
61408601
61408217
61409314
61408241
61423414
61409482
61409209
61408822
61407433
61409559
61408638
61423998
61409658
61408642
61408353
61423793
61409807
61407894
61407638
61407457
61409890
61409089
61424479
61410058
61409809
61409993
61424089
61410186
61408489
61424196
61410097
61408249
61410466
61410193
61409953
61410524
61408704
61424696
61410521
61410515
61410370
61424677
61410710
61408773
61408239
61410546
61409027
61408770
61408726
61410828
61409573
61425165
61411150
61410897
61411132
61424901
61411281
61409511
61409177
61409249
61411337
61409729
61409332
61411481
61411133
61411317
61425712
61411561
61409761
61426054
61411633
61411435
61411582
61425867
61411857
61409920
61409753
61411929
61412373
61411792
61425920
61411982
61411757
61411664
61410032
61412185
61410272
61411576
61410480
61411343
61412305
61426304
61412423
61410719
61426598
61412399
61412278
61410369
61412450
61412446
61410441
61412498
61412494
61426419
61412639
61412390
61412574
61426549
61412743
61411121
61410622
61410745
61412871
61411078
61410825
61412967
61412694
61412508
61410891
61413068
61411443
61427459
61413140
61412867
61413051
61427262
61413230
61411560
61411287
61411491
61413532
61413425
61411492
61413543
61411634
61411446
61413601
61413534
61413197
61411214
61413650
61412475
61427659
61413774
61412094
61428110
61413750
61413593
61412983
61411989
61413771
61412922
61427899
61414011
61413818
61412842
61413467
61412722
61428272
61414131
61412259
61411674
61413820
61414072
61428138
61414118
61412414
61412264
61412389
61414273
61414269
61428147
61414441
61412597
61412293
61414534
61415093
61412406
61414534
61414261
61414461
61412767
61414804
61413077
61412731
61412424
61413969
61414589
61412714
61414915
61413936
61429176
61415052
61412903
61412968
61413282
61414081
61415056
61413151
61415424
61413580
61413231
61413695
61415175
61415260
61414239
61415384
61429703
61415271
61413423
61415688
61415607
61415551
61415712
61415463
61414191
61413444
61415724
61415420
61413769
61415813
61415439
61414743
61415048
61415815
61429807
61416032
61414383
61430495
61416128
61415951
61416258
61430164
61416352
61416127
61415770
61414863
61416459
61415631
61430919
61416648
61416447
61416210
61415511
61416707
61415831
61414682
61414951
61416695
61416687
61430836
61416904
61417468
61416460
61415740
61416984
61415836
61431277
61417104
61415092
61416324
61415106
61417307
61415658
61415159
61417451
61417079
61417198
61431305
61417528
61415807
61415434
61417648
61415711
61415557
61415826
61417659
61416807
61432146
61417297
61417505
61415521
61417674
61416313
61432062
61417722
61417473
61417585
61431828
61417898
61417705
61415913
61417761
61417305
61418055
61417847
61417652
61416095
61418125
61418172
61416092
61418245
61416572
61432385
61418457
61417768
61418494
61418272
61418073
61416537
61418676
61416962
61416644
61418694
61417753
61418701
61432565
61418849
61417203
61433308
61418873
61418651
61418288
61416950
61419004
61418962
61432989
61419097
61417136
61419103
61417526
61433301
61419168
61418030
61433209
61419271
61417283
61433611
61419350
61419118
61418836
61417366
61419492
61417945
61417558
61418129
61419650
61419697
61434212
61419917
61419600
61419760
61433684
61420018
61417958
61417760
61420141
61419917
61419847
61417890
61420067
61418391
61434527
61420187
61419911
61419826
61434196
61420315
61418402
61419784
61418464
61420368
61419447
61434360
61420464
61420191
61419972
61418466
61420523
61418946
61435027
61420664
61421244
61420588
61434748
61420781
61418961
61418633
61420853
61420590
61420254
61421007
61421491
61420593
61419542
61420830
61420548
61421141
61419399
61419310
61419432
61420408
61419136
61421885
61420616
61421342
61421963
61420166
61435200
61421586
61419619
61419530
61419836
61420840
61421655
61454162
61437140
61436224
61438781
61437234
61436990
61437861
61439108
61437579
61437223
61438309
61439607
61438860
61454148
61440000
61438912
61439764
61437984
61440045
61438036
61439378
61440008
61440184
61440243
61440045
61440263
61454319
61440756
61438726
61440724
61438877
61440924
61440916
61455047
61441258
61441042
61440789
61455435
61441417
61439504
61440982
61455716
61441589
61441380
61441636
61439578
61439796
61441748
61440209
61439891
61440088
61441852
61440364
61441353
61440856
61441974
61440174
61441450
61440953
61442221
61440510
61440189
61440312
61442489
61440470
61441867
61440327
61442580
61440564
61441765
61442515
61441700
61456716
61442734
61441554
61456715
61442731
61440620
61440484
61440658
61442760
61440690
61442230
61440766
61443101
61441085
61442440
61457246
61441150
61457067
61443358
61441370
61442615
61442177
61443411
61457728
61443546
61443146
61443258
61445406
61457165
61443312
61443297
61442470
61443609
61442409
61458095
61443917
61443781
61443062
61441876
61442853
61443926
61443036
61458345
61442430
61444098
61442528
61442377
61444325
61444049
61444349
61458769
61444542
61444317
61443275
61459041
61444602
61443743
61444136
61444036
61444971
61459270
61445119
61444856
61444605
61443198
61445126
61443603
61443145
61444150
61445397
61443502
61444733
61443311
61445488
61445239
61445416
61459712
61445537
61445363
61445568
61460041
61445740
61443848
61460155
61445908
61445638
61445908
61459857
61446002
61445825
61444822
61460121
61446157
61444549
61444115
61443770
61446295
61444636
61460210
61446323
61446930
61446299
61460510
61446567
61444497
61445852
61444235
61446593
61445706
61460950
61452609
61453148
61451461
61466754
61452720
61452776
61452359
61466661
61452847
61452533
61452385
61450682
61452859
61450877
61452810
61467338
61453152
61453168
61451119
61453470
61451481
61451276
61451809
61453573
61451590
61453041
61451553
61453757
61451940
61453400
61451963
61453969
61453117
61455980
61453586
61453759
61451949
61454231
61452459
61453601
61453238
61454571
61452504
61454400
61452764
61454692
61452683
61454014
61452783
61455056
61454732
61454423
61452959
61455163
61453298
61454434
61453165
61455390
61453411
61453261
61453384
61455558
61453840
61454835
61454352
61455500
61454648
61469846
61455641
61453872
61469966
61455686
61455372
61455631
61469879
61455817
61455517
61455701
61470144
61455795
61455597
61455805
61470139
61455923
61455760
61455985
61469806
61456082
61455782
61455928
61470173
61456169
61454458
61455508
61454775
61456196
61456332
61470539
61456514
61456252
61456463
61470356
61456557
61454716
61456095
61455540
61456777
61455752
61454687
61455322
61456932
61455095
61456364
61455802
61456992
61456084
61471073
61457077
61456791
61456978
61471073
61457243
61455368
61455143
61457409
61457369
61457377
61455325
61471634
61471525
61471672
61471925
61455548
61455607
61457103
61457795
61457570
61457169
61456764
61457947
61456192
61455891
61456052
61458212
61456296
61456159
61456101
61458227
61456242
61457851
61472280
61458403
61456483
61455962
61458314
61457244
61472646
61458485
61458161
61458390
61472724
61458548
61458549
61457132
61458060
61472710
61458858
61456870
61458129
61457817
61458925
61457759
61472844
61458952
61458601
61458856
61472799
61459019
61457277
61458437
61457055
61459194
61457548
61458544
61458208
61459141
61459481
61473165
61458663
61459297
61457801
61459404
61457497
61459599
61457593
61458921
61457611
61459788
61459553
61458308
61473808
61459854
61459629
61459864
61473944
61460006
61459757
61460057
61474118
61460251
61460105
61460268
61458348
61460495
61460123
61459787
61474315
61460511
61458796
61459962
61458618
61460720
61458780
61460196
61458644
61460845
61459151
61475088
61460951
61460562
61460811
61458762
61460891
61459214
61458849
61461076
61460967
61459312
61460372
61459981
61461091
61459474
61459155
61459423
61461222
61460207
61459259
61460315
61461364
61459838
61459428
61459775
61461629
61460547
61475794
61461711
61461681
61461660
61475739
61461764
61461778
61460112
61461241
61475688
61461951
61459990
61459857
61459485
61461894
61461982
61461859
61460901
61460684
61475890
61462097
61461060
61460394
61461478
61460018
61462294
61460138
61461795
61476232
61462278
61462020
61462337
61476256
61462406
61460387
61461849
61460347
61462514
61462279
61462675
61476512
61462615
61462513
61461791
61460652
61462689
61461112
61460626
61460722
61462926
61461270
61462235
61460682
61463003
61461350
61462456
61461997
61463241
61462392
61461257
61462176
61463345
61461792
61461409
61461416
61463665
61461920
61477847
61461754
61463659
61462010
61478050
61463731
61461880
61461754
61462016
61463729
61462152
61461885
61463948
61463960
61462578
61463508
61462225
61464327
61462369
61463732
61462316
61464493
61462556
61463802
61462505
61464635
61464359
61464639
61478846
61464832
61464703
61464705
61479021
61464860
61464871
61463356
61462867
61462939
61465068
61463340
61464479
61462902
61465326
61463300
61465086
61479266
61465375
61465116
61464687
61465468
61465178
61465485
61479517
61465552
61465368
61465367
61463543
61465669
61463636
61465539
61479859
61465845
61465473
61479359
61465694
61465002
61465738
61465577
61465683
61463828
61465879
61464041
61464590
61463908
61466055
61464022
61463903
61463910
61466159
61464054
61466012
61480054
61466143
61466028
61465057
61464116
61464225
61466276
61466054
61465062
61480490
61466595
61466388
61465665
61480888
61465032
61466580
61465534
61464634
61464665
61466777
61464966
61466954
61464945
61464949
61465009
61466952
61466192
61481442
61465356
61467217
61465376
61465618
61465066
61467271
61467032
61467233
61481459
61467333
61467060
61467278
61481957
61467536
61467499
61467594
61465678
61467794
61465833
61467517
61481967
61467953
61465845
61467416
61465805
61467958
61467757
61467886
61465909
61468137
61466060
61467644
61482104
61468351
61466336
61482732
61465888
61468223
61468008
61468271
61482512
61468573
61468464
61467561
61466385
61466508
61468559
61468348
61466365
61468731
61467195
61466798
61466972
61468756
61468523
61482852
61469091
61468773
61468980
61483300
61469098
61468849
61468475
61469282
61468328
61483541
61469246
61468997
61469256
61471578
61467940
61468312
61469215
61468988
61467569
61469743
61467774
61469249
61483514
61469850
61469665
61469843
61467795
61467580
61469931
61468296
61469380
61468111
61470374
61468680
61469622
61468243
61470335
61468446
61469531
61468289
61470442
61468403
61468972
61468444
61470591
61468459
61470382
61484311
61470633
61470435
61484842
61470856
61469289
61484834
61471092
61469962
61468783
61471010
61470905
61470151
61485364
61471117
61470858
61469397
61468833
61469180
61470941
61470127
61485460
61469624
61471157
61469224
61471326
61469680
61469256
61469576
61471550
61469736
61470759
61471344
61471210
61469578
61471707
61470085
61471026
61469692
61471971
61471596
61471882
61486216
61472202
61471792
61472027
61486487
61472156
61472129
61471803
61486166
61472356
61470398
61470381
61470582
61472313
61472142
61472486
61470549
61486365
61486888
61471800
61471421
61470585
61472552
61472711
61472620
61486413
61470615
61472590
61471019
61472691
61472914
61472909
61470751
61470606
61471779
61472485
61472774
61472501
61472865
61472013
61487322
61473057
61472859
61473006
61487064
61473161
61471128
61472580
61475422
61472933
61473063
61487052
61473286
61473130
61472091
61487243
61473260
61472442
61473554
61473565
61473255
61473367
61487783
61473642
61472027
61473261
61471774
61474009
61472251
61471840
61471912
61474004
61473059
61487883
61474103
61474118
61472771
61488290
61474217
61473412
61474378
61488245
61474342
61472706
61473664
61472344
61474497
61472667
61473820
61472527
61474625
61472692
61472600
61472566
61474706
61474467
61474544
61489074
61474896
61474674
61474793
61488889
61475013
61474812
61475194
61489203
61475172
61473345
61473140
61474185
61475231
61474372
61473309
61474228
61475462
61473793
61474764
61474318
61475500
61475561
61489712
61475724
61475499
61474554
61489726
61475821
61475559
61475842
61489560
61475812
61474125
61475134
61474113
61475898
61474397
61490311
61474215
61476003
61475116
61490308
61475589
61476029
61489950
61476322
61474457
61474272
61475113
61476333
61474341
61476490
61475170
61490635
61476723
61474930
61474646
61476723
61476477
61476004
61474523
61476799
61474934
61474619
61474691
61476766
61474561
61482109
61483343
61481739
61481397
61481703
61483597
61481894
61497652
61483567
61481657
61481654
61481545
61483722
61481895
61482918
61497703
61483813
61481906
61483224
61481853
61483971
61482357
61481973
61481980
61484106
61483919
61484343
61498213
61484337
61482455
61482154
61483220
61484245
61482716
61498204
61484547
61482593
61482546
61483451
61484425
61484472
61483592
61484771
61482923
61484200
61498687
61484814
61484664
61484937
61499360
61483229
61485069
61482957
61484843
61499042
61485291
61483368
61484707
61499320
61485553
61485205
61485027
61499322
61485483
61485336
61485500
61499981
61483834
61485687
61484674
61483737
61484663
61485805
61484077
61485329
61483913
61485950
61484232
61483907
61483989
61486167
61484285
61485684
61484043
61486271
61484300
61486121
61484287
61486338
61486075
61486444
61500874
61486637
61484563
61486086
61484550
61486724
61484749
61484732
61484667
61486769
61485627
61500621
61486919
61486804
61485275
61487213
61487769
61487199
61501023
61487242
61485593
61485186
61484892
61485450
61485002
61485586
61487247
61486126
61485324
61484993
61487378
61485886
61486854
61486467
61487612
61485669
61486835
61486523
61487743
61485902
61487038
61486130
61487867
61486215
61485839
61485986
61488136
61486418
61486048
61486981
61488297
61486426
61486149
61486445
61488179
61487327
61502113
61488285
61488009
61488145
61502294
61488509
61488385
61502341
61488803
61486986
61486538
61487122
61488640
61487015
61486731
61486714
61488921
61488669
61488877
61502726
61489070
61487136
61488957
61503241
61489283
61487363
61488745
61487323
61489551
61489251
61489486
61503585
61489631
61487667
61487462
61487534
61489687
61487795
61487494
61487641
61489887
61487731
61489002
61487500
61489797
61488141
61487789
61488085
61489953
61488047
61489344
61488936
61490087
61488949
61488048
61487870
61490198
61488501
61488015
61487845
61490315
61488501
61488221
61488242
61490395
61488695
61504551
61490440
61490482
61490539
61504555
61490598
61490343
61490479
61504786
61490753
61490402
61490562
61488503
61490830
61490584
61490365
61490489
61490523
61490646
61504732
61490794
61490700
61490839
61504727
61491056
61489266
61488952
61489024
61491139
61489490
61505506
61491283
61491198
61489645
61489265
61489866
61490462
61490460
61505775
61491429
61491442
61490498
61505775
61491805
61491595
61491662
61505926
61491879
61491606
61491835
61506207
61492055
61492019
61491518
61490081
61492258
61490483
61491669
61492252
61490438
61490233
61490385
61492376
61491152
61506464
61492602
61490875
61506515
61492572
61490590
61492038
61490550
61492652
61491057
61490620
61490729
61492780
61490997
61492106
61491749
61492948
61492794
61507035
61493116
61491997
61506805
61493092
61492731
61492874
61506912
61493118
61491181
61492561
61491052
61493178
61491487
61491108
61491204
61493408
61492071
61507850
61493477
61493204
61493457
61507780
61493653
61493401
61493612
61507983
61493805
61493556
61493740
61507772
61494083
61492211
61492034
61492272
61494060
61494169
61508048
61494244
61494032
61491874
61493996
61494118
61508417
61494239
61493953
61493654
61508105
61494357
61492776
61492183
61494408
61492444
61493864
61493391
61494488
61493281
61508979
61494718
61495250
61494157
61494698
61492665
61494228
61508779
61494877
61493046
61494134
61493689
61493960
61494884
61508769
61494930
61494793
61494875
61508869
61495057
61493853
61492928
61495009
61494878
61493102
61495720
61494638
61495418
61494920
61495056
61494152
61494249
61495337
61509568
61495431
61495134
61495345
61509131
61495674
61493728
61493430
61493400
61495553
61493972
61509753
61495632
61495359
61495666
61509475
61495657
61495709
61495827
61493626
61493397
61495878
61494256
61493757
61493880
61496180
61494459
61495403
61494185
61496185
61494416
61495453
61494160
61496238
61494664
61494141
61495248
61496444
61494603
61495814
61494494
61496596
61494697
61494700
61494867
61496775
61495902
61494685
61495608
61495072
61494771
61496964
61496654
61496862
61510883
61497127
61497025
61497113
61511166
61497207
61496951
61497033
61511374
61497226
61495241
61495156
61496089
61497223
61511310
61497470
61497119
61497508
61511722
61497585
61498060
61497630
61497158
61497446
61496194
61511526
61497522
61495670
61497183
61495472
61497517
61497140
61497737
61511586
61497415
61495874
61497704
61497835
61511759
61497322
61495941
61497846
61497920
61511882
61497434
61497018
61497784
61497912
61496266
61497303
61496943
61498043
61496442
61496045
61496951
61498198
61497152
61496197
61496347
61498596
61496563
61498113
61496990
61496947
61496585
61496708
61498933
61496979
61498268
61496972
61498770
61498807
61512836
61499048
61497128
61498548
61512924
61499340
61497191
61498471
61513103
61499489
61499168
61499444
61513296
61499548
61497803
61497417
61497438
61499615
61497928
61498882
61498556
61499458
61497763
61498125
61499838
61498272
61497912
61497986
61498800
61499951
61514061
61500097
61498111
61498599
61498122
61500251
61498373
61499482
61514184
61498339
61514798
61500615
61501209
61500161
61498580
61500706
61499173
61498660
61499740
61500927
61499080
61500096
61498738
61500956
61499276
61498941
61499895
61500885
61499040
61498945
61501197
61499192
61500543
61515110
61501394
61499323
61500624
61515139
61501289
61501095
61515352
61501255
61500955
61501152
61500190
61501431
61499425
61500938
61499334
61501521
61501265
61499918
61515439
61501543
61501307
61501195
61515958
61501633
61501487
61501620
61516104
61501851
61501629
61501874
61499866
61501917
61499904
61501803
61515853
61502089
61502179
61501259
61516186
61502279
61501202
61501353
61516177
61502431
61502875
61502256
61516552
61502491
61503084
61502227
61516688
61502553
61500839
61516487
61502745
61502424
61500587
61502756
61502644
61501406
61517144
61502798
61502573
61502733
61517173
61503025
61502735
61502967
61517276
61503101
61503759
61502971
61517000
61503308
61503155
61503133
61517584
61503244
61503875
61503227
61517427
61503516
61503404
61501916
61501468
61501513
61503710
61502548
61517951
61503742
61503571
61503615
61501682
61503859
61501847
61503181
61501759
61503885
61502068
61503169
61501887
61504040
61502418
61501953
61502314
61504096
61502594
61503586
61502047
61504381
61502612
61502308
61504522
61503159
61504289
61502503
61504530
61503596
61518713
61504661
61502607
61502159
61504691
61502805
61502614
61502999
61504744
61503221
61519306
61504901
61504669
61504607
61518848
61505036
61503363
61502966
61503011
61505188
61503155
61504654
61503190
61505367
61503283
61504782
61503543
61505396
61505184
61505317
61519698
61505510
61505261
61505373
61519519
61505528
61505279
61505326
61503428
61505707
61503647
61505074
61519521
61505784
61503724
61504287
61519799
61505960
61505660
61505940
61519979
61506197
61505825
61503990
61506108
61505920
61506107
61520172
61506284
61504611
61505654
61504293
61506494
61504787
61504387
61505371
61506468
61504990
61504491
61504614
61506791
61504830
61506062
61505675
61506871
61505051
61506190
61504846
61506999
61505275
61521158
61506972
61506675
61505659
61521305
61507168
61506892
61507049
61521420
61507245
61505198
61506739
61520976
61507311
61505446
61506681
61506273
61507381
61506106
61521310
61507474
61507952
61507323
61505390
61507522
61505723
61505377
61505859
61507356
61506382
61521354
61507561
61505706
61505628
61505547
61507775
61507550
61507221
61509875
61507465
61507881
61521942
61508095
61507939
61507982
61522008
61508103
61507779
61507614
61506057
61508183
61506243
61507427
61507046
61507454
61507259
61506235
61508428
61508490
61515895
61529999
61516040
61515726
61515988
61530097
61516079
61514193
61515401
61514030
61516183
61514558
61530601
61516279
61514542
61530264
61516543
61516216
61516379
61530430
61516513
61514467
61516038
61515050
61516713
61514736
61514497
61516690
61516606
61516598
61530905
61516801
61516483
61516718
61530677
61516911
61516871
61515935
61530881
61517074
61516739
61516913
61531176
61517221
61516393
61531307
61517413
61517188
61517444
61531447
61517681
61517330
61516047
61515495
61517594
61517393
61517605
61531879
61517845
61516769
61532199
61518149
61517812
61516916
61532514
61518342
61517292
61518232
61518387
61532575
61518223
61517327
61518132
61518421
61518606
61516036
61517916
61518597
61518306
61518021
61532388
61518696
61518449
61532365
61518748
61516907
61516719
61516879
61518975
61518654
61519023
61533035
61518959
61518710
61517796
61533388
61519063
61517492
61517358
61518858
61518036
61533430
61518937
61518688
61518523
61516915
61519068
61517059
61518862
61516827
61519172
61517499
61517143
61517174
61519405
61517749
61518943
61517281
61519591
61518248
61533577
61519759
61519432
61519742
61533878
61520106
61519785
61519894
61534426
61520162
61518201
61518041
61518409
61520039
61519573
61518328
61520293
61519874
61520459
61520132
61520490
61534359
61520635
61518701
61518589
61518957
61520796
61519165
61518795
61519626
61520948
61519242
61518971
61519989
61521113
61520295
61535539
61521236
61521179
61521342
61535560
61521409
61521061
61520827
61519363
61521516
61519599
61519995
61535433
61521658
61519985
61519462
61519520
61521724
61520459
61536163
61519944
61521855
61520251
61519875
61520171
61521935
61521107
61519907
61522199
61521992
61522032
61520008
61520406
61522284
61520416
61521600
61520624
61522392
61522435
61536173
61522685
61521659
61536916
61522748
61521759
61521764
61520780
61521223
61523017
61521839
61537157
61523035
61522786
61521643
61537478
61523204
61523030
61523132
61522873
61521090
61522582
61537095
61523390
61521456
61522873
61522393
61523415
61522318
61537444
61523501
61524116
61523480
61537362
61523653
61523431
61523789
61537703
61523856
61523748
61522906
61521767
61522170
61524081
61522354
61521957
61521677
61524227
61522362
61522020
61523076
61524125
61523303
61522127
61522447
61524280
61522703
61522129
61524373
61524881
61524233
61538254
61524378
61524177
61524443
61538492
61524588
61524257
61524441
61538462
61524754
61524532
61524417
61539153
61524919
61523842
61524820
61538868
61525061
61524905
61524138
61539124
61525227
61523159
61524388
61523133
61525248
61524093
61539578
61525331
61525430
61524306
61539777
61525509
61525223
61525359
61523375
61525579
61524631
61539593
61525634
61525409
61525100
61523636
61525895
61524140
61539895
61525861
61525537
61525820
61539817
61526037
61525905
61525897
61523660
61526117
61524393
61540097
61526210
61525817
61526025
61540468
61526242
61526044
61526105
61524193
61526370
61526220
61526401
61540861
61526594
61524585
61526556
61540521
61526181
61525380
61540591
61526558
61524861
61524622
61524980
61526867
61526812
61541041
61527128
61526999
61525497
61525169
61526023
61527216
61526381
61525246
61524949
61527417
61525819
61525477
61525602
61527438
61527536
61541185
61527479
61525460
61527369
61541401
61527658
61527545
61526435
61525954
61526076
61526092
61542324
61528056
61526101
61527492
61541864
61528181
61526436
61542281
61528184
61527860
61527999
61525662
61528291
61526156
61528124
61542231
61528416
61528047
61527717
61527255
61528547
61526610
61527938
61526399
61528675
61526742
61526438
61528747
61529303
61528662
61542585
61528807
61526819
61528006
61528906
61528801
61528766
61542512
61528788
61528641
61528774
61526817
61528991
61527321
61526897
61527953
61529077
61527473
61527025
61526964
61529325
61527676
61527204
61527026
61529306
61528503
61543553
61529429
61529365
61527809
61528872
61527477
61529654
61527960
61544099
61529948
61529544
61529168
61527413
61529836
61529757
61544056
61529809
61527917
61527613
61528624
61529973
61528267
61544396
61530090
61529809
61544119
61529828
61529654
61529886
61544319
61530079
61528307
61529541
61527990
61530138
61529173
61544140
61530183
61528294
61529597
61544167
61530386
61530089
61529986
61528101
61530439
61528519
61529850
61528458
61530611
61530284
61530584
61544541
61530715
61529117
61530058
61529773
61530948
61529994
61544946
61531092
61531645
61531000
61544834
61531292
61529349
61530461
61529162
61531462
61529744
61545733
61531555
61531162
61531431
61529481
61531508
61531436
61531665
61545814
61531813
61531465
61531700
61545575
61531917
61530031
61531126
61530790
61531853
61530279
61531487
61530082
61532366
61532117
61532314
61546635
61532483
61533114
61532322
61546330
61532600
61530810
61532245
61530753
61532841
61530805
61532878
61532907
61532918
61533124
61533054
61530931
61530925
61530597
61531078
61531059
61531242
61533268
61531283
61532614
61531318
61533519
61531603
61532964
61532430
61533680
61532313
61547614
61533722
61531830
61531564
61532579
61533748
61532174
61531675
61531822
61533975
61532203
61531902
61532151
61534311
61532518
61533470
61532302
61532853
61531891
61532187
61534027
61533998
61548305
61534229
61533980
61534266
61548460
61534333
61534084
61534021
61548105
61534413
61532404
61532292
61532364
61534493
61532820
61532396
61534637
61534436
61534449
61548674
61534669
61532920
61534125
61532668
61534896
61533082
61532891
61533780
61534856
61534852
61548956
61534887
61532854
61532848
61532944
61535032
61533332
61532884
61533976
61535040
61535162
61548938
61535181
61534983
61535287
61549209
61535391
61533396
61534724
61534463
61535512
61534711
61549924
61535687
61535582
61535430
61549535
61535722
61533782
61533618
61534612
61536324
61535743
61549863
61535984
61535783
61536048
61550064
61536283
61535911
61536235
61550096
61536411
61536039
61536250
61550231
61536405
61534540
61535765
61534571
61536697
61534658
61536146
61550508
61536835
61534949
61534639
61535698
61536744
61536791
61551189
61537059
61536687
61535808
61534936
61535032
61537182
61535601
61551432
61537322
61535419
61536559
61536376
61537398
61537394
61551834
61537590
61537215
61536903
61535415
61537691
61535281
61535015
61537414
61535980
61535457
61535567
61537768
61535927
61537039
61535859
61537859
61536234
61551856
61538020
61536038
61537435
61537040
61538080
61536554
61552622
61536097
61538427
61536922
61536580
61536573
61538531
61538320
61538519
61552876
61538736
61536779
61538076
61537024
61538795
61538675
61552687
61539036
61537274
61536959
61537478
61539129
61538205
61553144
61539174
61539048
61539122
61537159
61539486
61538194
61553898
61539555
61539265
61539459
61553582
61539703
61537780
61553886
61539789
61537767
61553823
61539896
61539027
61554067
61540092
61539819
61539941
61537994
61540195
61539098
61554333
61540337
61538527
61539762
61539327
61540496
61539708
61554477
61540708
61540647
61539080
61538632
61539051
61540214
61539421
61555223
61540987
61540831
61540973
61554636
61540944
61539127
61540503
61554815
61541096
61539186
61540391
61539959
61541056
61539527
61540519
61539226
61541403
61541127
61540999
61539391
61541445
61540372
61555473
61541589
61541265
61540891
61540325
61541511
61541507
61555548
61541741
61541339
61555830
61541518
61539811
61539411
61540491
61541735
61541727
61555748
61541893
61539949
61540396
61556087
61542158
61541909
61541717
61556311
61542409
61542075
61542283
61540168
61542452
61540707
61540331
61541339
61542590
61540872
61540646
61541637
61542659
61541837
61557245
61542983
61542745
61541665
61557081
61543224
61543026
61542591
61541860
61543376
61542394
61541334
61542239
61543357
61542119
61557420
61543552
61541687
61541404
61542165
61543659
61542746
61541733
61542615
61543712
61542911
61558028
61543931
61544535
61543815
61558282
61544176
61543842
61544050
61542144
61544297
61542532
61542111
61542285
61544486
61542611
61542194
61543301
61544299
61544370
61558306
61544422
61543690
61558546
61544761
61544448
61544618
61558989
61544985
61542901
61544205
61542717
61544792
61543770
61559104
61544888
61543116
61542744
61543112
61544999
61544160
61558919
61545088
61543343
61543120
61545160
61545013
61545173
61544302
61544142
61545413
61559440
61545596
61543512
61543502
61545644
61545635
61544403
61543571
61545721
61545450
61543514
61545630
61543943
61543581
61544589
61545024
61545066
61543807
61545984
61545207
61560327
61546248
61544167
61544041
61544488
61546239
61544682
61560770
61546430
61546205
61546365
61560346
61546654
61554856
61554992
61553029
61555182
61553280
61553051
61553635
61555180
61554371
61569680
61555396
61555872
61555198
61569144
61555449
61553430
61554734
61553540
61555649
61553931
61553534
61553592
61555780
61553997
61553498
61553976
61556288
61555742
61569800
61555911
61553998
61553688
61555959
61555752
61554643
61553862
61555875
61554144
61553870
61554050
61555966
61554317
61553920
61554890
61556012
61555211
61570587
61556218
61556098
61555065
61570121
61556448
61556209
61556393
61570610
61556569
61556221
61556572
61554486
61556663
61554795
61556057
61554659
61556863
61555163
61571033
61556898
61554899
61556402
61555935
61557128
61555706
61571355
61557302
61556900
61557005
61570956
61557225
61555360
61571650
61557379
61555682
61555357
61555722
61557220
61557222
61557479
61557182
61557522
61556516
61557664
61556135
61557544
61556862
61556447
61571623
61557918
61557686
61557744
61571725
61557937
61556195
61557438
61556958
61558045
61557295
61572528
61558284
61557946
61558232
61558318
61557389
61556443
61556157
61558470
61557655
61572460
61558672
61558303
61558538
61572648
61558769
61558469
61558728
61572730
61558932
61559022
61557743
61573145
61559248
61557093
61557097
61557530
61558123
61557984
61573226
61559291
61559770
61559277
61573306
61559381
61559111
61559162
61573564
61559540
61558585
61573295
61559585
61558691
61573396
61559708
61559510
61559543
61557586
61559733
61557868
61559045
61557687
61559765
61558191
61557835
61557818
61559866
61558148
61557837
61558777
61559946
61558228
61559432
61557668
61560248
61558740
61574148
61560293
61560068
61560296
61574617
61560506
61560353
61560499
61574540
61560736
61560514
61559295
61575095
61560755
61561311
61560851
61574838
61560962
61560737
61560446
61575149
61561190
61559195
61560725
61575011
61561352
61560642
61561550
61559662
61559423
61559952
61561501
61560023
61559500
61559768
61560771
61559294
61559758
61561450
61559897
61560964
61575484
61561746
61559918
61560328
61575697
61561997
61561823
61561980
61576420
61562197
61562047
61561879
61561180
61562475
61561452
61560303
61561269
61562388
61561204
61560259
61560682
61561932
61560540
61562840
61561623
61577060
61562720
61562818
61560858
61562912
61561236
61577041
61563077
61561359
61560901
61561341
61563030
61562202
61577517
61563273
61563080
61563342
61577266
61563446
61561876
61563449
61561752
61577515
61563692
61561800
61561612
61563775
61562673
61562624
61578112
61563830
61563554
61563690
61561778
61563917
61562260
61561686
61563951
61563852
61563027
61577832
61562243
61562033
61564114
61563134
61578313
61564368
61562455
61563615
61562055
61564273
61564128
61578289
61564509
61563786
61563459
61564547
61564543
61578749
61564838
61564453
61564651
61578981
61564874
61564295
61565123
61564755
61564567
61562804
61565025
61563987
61579318
61565071
61564890
61564951
61563100
61565288
61563272
61563201
61565350
61563389
61563311
61565117
61564812
61565630
61566090
61565414
61567566
61565248
61565449
61579838
61565687
61565551
61564586
61579818
61566075
61565703
61564697
61563833
61564495
61580338
61566428
61566056
61566154
61564290
61565276
61580795
61566578
61566267
61566591
61580520
61566706
61566457
61566221
61580714
61566824
61565151
61566184
61564942
61566955
61565111
61564845
61567072
61566219
61565992
61581478
61564971
61581333
61567192
61565831
61581484
61567250
61567001
61567273
61565842
61581619
61567581
61565500
61581435
61567581
61565938
61566913
61567639
61567677
61567683
61581356
61567838
61566072
61567061
61566660
61566485
61566417
61582137
61567863
61566001
61565933
61566825
61567970
61567135
61581971
61568192
61568705
61568216
61567100
61568074
61566620
61567755
61566319
61568346
61566580
61582137
61568223
61567942
61566522
61568648
61566831
61568124
61566557
61567023
61568343
61566931
61569084
61567216
61568386
61567045
61569120
61567471
61567074
61567661
61569114
61568140
61583153
61569306
61569323
61568369
61567268
61567364
61569455
61568743
61567600
61569720
61567930
61567578
61569894
61569573
61583435
61569901
61568201
61567831
61570045
61569035
61569993
61584307
61570152
61570238
61569400
61584466
61570356
61570120
61570452
61584529
61570621
61568657
61569953
61568888
61570472
61569667
61584873
61570728
61571249
61570427
61584638
61570647
61568669
61568512
61569445
61570713
61569078
61585098
61570871
61570831
61569306
61570390
61585155
61571028
61570803
61569109
61571148
61571150
61569306
61570983
61585252
61571471
61571416
61569360
61571513
61571029
61571752
61570528
61585882
61571913
61570192
61569720
61570160
61571677
61585748
61571995
61570970
61586369
61572094
61571784
61572122
61586165
61572387
61570320
61571826
61586277
61572402
61570564
61571714
61571306
61572438
61571443
61570423
61571482
61572614
61571585
61586660
61572857
61572611
61571237
61570537
61572673
61572396
61570729
61573149
61571401
61587424
61573143
61573750
61587486
61573280
61571387
61573499
61573075
61572926
61571486
61573486
61572553
61587454
61573787
61573419
61573045
61572530
61573672
61571682
61573822
61571947
61573861
61573908
61587816
61574002
61572150
61571790
61573852
61572206
61571868
61572005
61574182
61573664
61574243
61572549
61573641
61572423
61574583
61573617
61588279
61574559
61572900
61588632
61574570
61573697
61588709
61574724
61574586
61574774
61574525
61574172
61572861
61574960
61573119
61572812
61573327
61574968
61573058
61575296
61573434
61573069
61573451
61574389
61574370
61589421
61575468
61573350
61574733
61573114
61575480
61573567
61574891
61574493
61575549
61574813
61589889
61575843
61575478
61575676
61573716
61575941
61574052
61575379
61574855
61574031
61574141
61576352
61576164
61576194
61575143
61576141
61575362
61574365
61576504
61575576
61574450
61576620
61576695
61590515
61576799
61574820
61576185
61574889
61577060
61575826
61590933
61577755
61576806
61577254
61577482
61577220
61576288
61577447
61577528
61576289
61577167
61576906
61575629
61577462
61577628
61575463
61577678
61576772
61591925
61577822
61576056
61575861
61577870
61575714
61592280
61577798
61577859
61575595
61576155
61576022
61578150
61578135
61578803
61592067
61578035
61578372
61576407
61576422
61576838
61576856
61578617
61575989
61577280
61592095
61578290
61592751
61578247
61592615
61578236
61592838
61578317
61592937
61577942
61578787
61578819
61578902
61592975
61593174
61576926
61577301
61579004
61577225
61579176
61578926
61578006
61578669
61579234
61593662
61579421
61577398
61579389
61579466
61593184
61579184
61577352
61578641
61579386
61579576
61579372
61579380
61580225
61577473
61578140
61577726
61579042
61579761
61578844
61579770
61578000
61578279
61579892
61580100
61578103
61580317
61579796
61578383
61580417
61580317
61580577
61578661
61578569
61580735
61580445
61580002
61578879
61578791
61595256
61580937
61579031
61595386
61581012
61579089
61595424
61581064
61580815
61595242
61581369
61581086
61580908
61579190
61579604
61595959
61581541
61581193
61581349
61579327
61581610
61579920
61595881
61581641
61580040
61595871
61581774
61580088
61596149
61581874
61581663
61579795
61582019
61580867
61596129
61582043
61581980
61595961
61582214
61581317
61596495
61582241
61580212
61582405
61580684
61596652
61582590
61580920
61596991
61582672
61582457
61582182
61581407
61582830
61582689
61596522
61582844
61582530
61582652
61580726
61582906
61581131
61580843
61583084
61582441
61596808
61582780
61581497
61581847
61582893
61583015
61596753
61582989
61582791
61596996
61583259
61581490
61581251
61583376
61583435
61582112
61597448
61583620
61583395
61581574
61581595
61583745
61583696
61597917
61583913
61583843
61581736
61583793
61581784
61583953
61583704
61583326
61581672
61584600
61598456
61584354
61582996
61598529
61584474
61582705
61582305
61582452
61584533
61584297
61598465
61584690
61582945
61582746
61582970
61583088
61599136
61585125
61583408
61598839
61585105
61584581
61583444
61585085
61584718
61585303
61583380
61583343
61583550
61585394
61585451
61599499
61585524
61585571
61599939
61585832
61583844
61583660
61585880
61585580
61585418
61584668
61585775
61584950
61583798
61583972
61585937
61585040
61600167
61586067
61584432
61583989
61584288
61586169
61585810
61599930
61586252
61584257
61584759
61584943
61586404
61586403
61600566
61586541
61586278
61586472
61600662
61586627
61586354
61586514
61600328
61586693
61584694
61586193
61584729
61586937
61585083
61586267
61585801
61587039
61585366
61585000
61585405
61585386
61585037
61586145
61587259
61587269
61601326
61587373
61587117
61587270
61601278
61587429
61585872
61585922
61587306
61586419
61587417
61587180
61586467
61587636
61585819
61587988
61585942
61585867
61586149
61587866
61587803
61601887
61587996
61587709
61602399
61588047
61586079
61585950
61588143
61588060
61588125
61585974
61588150
61587984
61585789
61587914
61587602
61588372
61588000
61587797
61586681
61589053
61588421
61602632
61588600
61586553
61586406
61586846
61588505
61602770
61588750
61586811
61586643
61586891
61588434
61588580
61588795
61588547
61588484
61586954
61587955
61588413
61589166
61588828
61588618
61587601
61589026
61589138
61603345
61589194
61587384
61603434
61589190
61588890
61589091
61603061
61589243
61587621
61587238
61587306
61589357
61588389
61603249
61589470
61589184
61589447
61603468
61589698
61588601
61603854
61589705
61589493
61589722
61603864
61589918
61588125
61589264
61588805
61589936
61589139
61604310
61590146
61590055
61588183
61590434
61590641
61590136
61588285
61590438
61589862
61590643
61590350
61590075
61590380
61589245
61588395
61590452
61589730
61588629
61588679
61590475
61590764
61590788
61600078
61599752
61598344
61599604
61599247
61614962
61600644
61600518
61600120
61598567
61600720
61598889
61615046
61600888
61598903
61600344
61599973
61601070
61599706
61615407
61601242
61600235
61615420
61601424
61599768
61615350
61601654
61600022
61615980
61601688
61599837
61599619
61601884
61600898
61601723
61615795
61601892
61600150
61601187
61600115
61601999
61600772
61615835
61602092
61600395
61599957
61600167
61602007
61602180
61616142
61602226
61601963
61602123
61616040
61602457
61600626
61600212
61602426
61602225
61602189
61616418
61602557
61600877
61601927
61600084
61602534
61602646
61600758
61602914
61601990
61616684
61602856
61602604
61602805
61600612
61602933
61603119
61616848
61603148
61601530
61601031
61603374
61603112
61603334
61617212
61603376
61601404
61602969
61602321
61603520
61602335
61617735
61603589
61603575
61602650
61603747
61602581
61617681
61603887
61603577
61603853
61617724
61604043
61602414
61618475
61604187
61604597
61617545
61603958
61601976
61602563
61602031
61604174
61602474
61618453
61604233
61603847
61604096
61617957
61604200
61618188
61604343
61603163
61618390
61604601
61602613
61602545
61603023
61604794
61604645
61603686
61604516
61604727
61618917
61604878
61602907
61602819
61603899
61604897
61604172
61619343
61605199
61604902
61605110
61619409
61605327
61603496
61603224
61605227
61603471
61605538
61605289
61604283
61603355
61604023
61620183
61605991
61603999
61603850
61604496
61606041
61606067
61620240
61606270
61604446
61605533
61604496
61605318
61604978
61620327
61606411
61604669
61604351
61604692
61604562
61604423
61606637
61606343
61604522
61604791
61606590
61606525
61620581
61606821
61605111
61620636
61606846
61606573
61606670
61621069
61607024
61605002
61606720
61604852
61606913
61607134
61621033
61607266
61606294
61621516
61607413
61605627
61621363
61607582
61605830
61622133
61607876
61607599
61621761
61608088
61606247
61605930
61606920
61607809
61607377
61606137
61607725
61608105
61605991
61608175
61608133
61622350
61608388
61606657
61607700
61606841
61606850
61622571
61606403
61606631
61622774
61608448
61606490
61606402
61608520
61608329
61608417
61609095
61607412
61609776
61610058
61608098
61610104
61610151
61624015
61610224
61610366
61609390
61610305
61610113
61608657
61610329
61624883
61610821
61609924
61625068
61610917
61609668
61608890
61610968
61610895
61625068
61611091
61609295
61624919
61610156
61611152
61609184
61611348
61609733
61625749
61611529
61611304
61610872
61610049
61611550
61611689
61610809
61611793
61611888
61612031
61610043
61610006
61612097
61611824
61611443
61612220
61611968
61612128
61611152
61612280
61626723
61612443
61610821
61626943
61612552
61610636
61610482
61612645
61612399
61610554
61612717
61610820
61610834
61612990
61610954
61627336
61613059
61611218
61626985
61613120
61613143
61612130
61612302
61613178
61611208
61613426
61611781
61611355
61613437
61613464
61611476
61613653
61612780
61627975
61613917
61613279
61613885
61611927
61611842
61613984
61613735
61613868
61611959
61614077
61613266
61628359
61614115
61611993
61614111
61614110
61613143
61612344
61611696
61614168
61613835
61612438
61612883
61628296
61614148
61612591
61628088
61614321
61612603
61611976
61615070
61613864
61613210
61614410
61612274
61614443
61612581
61612502
61614593
61615021
61628947
61614748
61613075
61628942
61614946
61613704
61613781
61614741
61614408
61615062
61614666
61628986
61615127
61614631
61615130
61614887
61614329
61613329
61614804
61614545
61613233
61613344
61629352
61615380
61613467
61613307
61615572
61615326
61614921
61615794
61614598
61629561
61615746
61615656
61629717
61615948
61615711
61613706
61614971
61615813
61629846
61616020
61614902
61629856
61616194
61614460
61630089
61616253
61614595
61630134
61616395
61615964
61615271
61617086
61616501
61614807
61616533
61615352
61614619
61616766
61616600
61615053
61617440
61616179
61617028
61616704
61616272
61615282
61617210
61631618
61617300
61615370
61615264
61617478
61617429
61615383
61617478
61617480
61616343
61617416
61617292
61616412
61617516
61616950
61617860
61616061
61632066
61617888
61616194
61615795
61617860
61616522
61615939
61617102
61617597
61632206
61618162
61617649
61618315
61616317
61632498
61618319
61618029
61615807
61617906
61615972
61618165
61616533
61616152
61618319
61617661
61618404
61616703
61632306
61618476
61616423
61616362
61618384
61617383
61616522
61618592
61618198
61618694
61616932
61617624
61618701
61616870
61619039
61617342
61632976
61619221
61617613
61633403
61619310
61617476
61633509
61619303
61619143
61633339
61619529
61617822
61633380
61618692
61618919
61618596
61619356
61619060
61634167
61634100
61619210
61619687
61619557
61619781
61633448
61633879
61619077
61618077
61619602
61619990
61633651
61617742
61619757
61620589
61619238
61634119
61618070
61618335
61620202
61618182
61619182
61618648
61620433
61634655
61620209
61634260
61620304
61634615
61620502
61620102
61620751
61621179
61619992
61618251
61620589
61620771
61620413
61620714
61635019
61619354
61621009
61620987
61620164
61618998
61619336
61621145
61620504
61620184
61621289
61621120
61621281
61620124
61619276
61620445
61621522
61619321
61621233
61619049
61619849
61621538
61635256
61621184
61635704
61620716
61635747
61619757
61635410
61621437
61635831
61621734
61621103
61620038
61621926
61619812
61621746
61620997
61620396
61622109
61619941
61620437
61622324
61621523
61622043
61621161
61621711
61620485
61622250
61622638
61636695
61620922
61622635
61621157
61622733
61636123
61620640
61636584
61623363
61637209
61622949
61620865
61623205
61636907
61621465
61621477
61621327
61637155
61623192
61622839
61623414
61621880
61623213
61637234
61623519
61623615
61623552
61621411
61621841
61623688
61638023
61623745
61623186
61623892
61621871
61624034
61623469
61624126
61622131
61638428
61624287
61622107
61624375
61638625
61624299
61638476
61624205
61622370
61624525
61623079
61622679
61623410
61638553
61624610
61624591
61638536
61624743
61623437
61624656
61622682
61622802
61624876
61624707
61623710
61624574
61622598
61624899
61625006
61622921
61625039
61624614
61625038
61624301
61625030
61622852
61624834
61623050
61623474
61624101
61623335
61625306
61639685
61623846
61625583
61625014
61625240
61623565
61624843
61624579
61625181
61625893
61625393
61625879
61625861
61626059
61625493
61626034
61625906
61626211
61625895
61626224
61640457
61624943
61626402
61640559
61626156
61626344
61640642
61624631
61626515
61624427
61626473
61640691
61626387
61640629
61624821
61640715
61626508
61640515
61626644
61640925
61626667
61640803
61625081
61640747
61626686
61625541
61626967
61627172
61625985
61626072
61627035
61625179
61625373
61641122
61626372
61626714
61627676
61625664
61629467
61626007
61625239
61626527
61641624
61627342
61627347
61627440
61625260
61641282
61627097
61641428
61627270
61641937
61627605
61626882
61627755
61627472
61627118
61627950
61627839
61626220
61627690
61642432
61626323
61626724
61627722
61642114
61628059
61627316
61628096
61626386
61642244
61628131
61626437
61628054
61628197
61626216
61628219
61628290
61642223
61628380
61627990
61626753
61628531
61627993
61628575
61626827
61642590
61628561
61628608
61627464
61628485
61628290
61628926
61642621
61628908
61628531
61629106
61626936
61643003
61628678
61643390
61629105
61627929
61642944
61629098
61629131
61642982
61629239
61627874
61643366
61629310
61643802
61629449
61627472
61627442
61627742
61629294
61643381
61628468
61627795
61627659
61643595
61629681
61629294
61629735
61643693
61629788
61643806
61629545
61644054
61629801
61629228
61629882
61628569
61643927
61628783
61630181
61644424
61629851
61643915
61629198
61629046
61629614
61630196
61628156
61630370
61629835
61630478
61630402
61628318
61629148
61630285
61629213
61630248
61630360
61628888
61628851
61629499
61629787
61630742
61630806
61630895
61630158
61631071
61629656
61631033
61630276
61631057
61631147
61631032
61631132
61630021
61644962
61629173
61645124
61631281
61629504
61631478
61630844
61631552
61629876
61629158
61631340
61645641
61630715
61631618
61631722
61629624
61631762
61646086
61630268
61630027
61631705
61646249
61630348
61630203
61631885
61646343
61632178
61632132
61632283
61630672
61630642
61631017
61632432
61632218
61632595
61632477
61632512
61630537
61630531
61632608
61630959
61646534
61632635
61631939
61632740
61630968
61646672
61632836
61632694
61630725
61632916
61632808
61632921
61632093
61630960
61633068
61632693
61647047
61633188
61631058
61633229
61632680
61633358
61633989
61632711
61631567
61633355
61633255
61633392
61632629
61631475
61633601
61633518
61631789
61633365
61632922
61633753
61631670
61633935
61632929
61647924
61633109
61633287
61634008
61632839
61633997
61633799
61634157
61634074
61634190
61632490
61647951
61634146
61632740
61633963
61648812
61634404
61633507
61632388
61634394
61634444
61632388
61634446
61632536
61634774
61634480
61634165
61633099
61634573
61634215
61632519
61635572
61634588
61634981
61634953
61635186
61635137
61635363
61633543
61634170
61633490
61633402
61634984
61635371
61634274
61633261
61633742
61633162
61633661
61633296
61633719
61635343
61649431
61635431
61649675
61635918
61650052
61635183
61635882
61634044
61636048
61636299
61650137
61634093
61636191
61634510
61636244
61636293
61636229
61636309
61635255
61635338
61634119
61635863
61634376
61650876
61635423
61650422
61636604
61636017
61635977
61636622
61651308
61651169
61650907
61634705
61650677
61634497
61651131
61635761
61636946
61637122
61635735
61637042
61637074
61651211
61636902
61635166
61637233
61637040
61636385
61635259
61637131
61635334
61637623
61635683
61651363
61637492
61651868
61637848
61636746
61636688
61636156
61652196
61638120
61637057
61652188
61638202
61638326
61638368
61638041
61637883
61638328
61636799
61652526
61638632
61638696
61638854
61639362
61638146
61638923
61638704
61638286
61638975
61638993
61638999
61639176
61638972
61638889
61637269
61639226
61638482
61637584
61639433
61639293
61653578
61639547
61637871
61653907
61639797
61638125
61637904
61638059
61639738
61654152
61639908
61638228
61637898
61640093
61654449
61640256
61638559
61654356
61640277
61638268
61654535
61640397
61640076
61639740
61639335
61640555
61639170
61654220
61640491
61638475
61638329
61640782
61640499
61639981
61638879
61638707
61654563
61639656
61640057
61638817
61641107
61654640
61640793
61640919
61654789
61640886
61640688
61640773
61638936
61641014
61640799
61640925
61641332
61641032
61640723
61639606
61641097
61641281
61655272
61641594
61639832
61655862
61641694
61640800
61640335
61641820
61640565
61639801
61641955
61640669
61656263
61642119
61641808
61642026
61640028
61641815
61640100
61642365
61642020
61641403
61642217
61640565
61656498
61642347
61640623
61656663
61642456
61642156
61653045
61651002
61651951
61667348
61653453
61651660
61651407
61653648
61654207
61653593
61652638
61653735
61652785
61667774
61654008
61652017
61651778
61651940
61653962
61653485
61654300
61653423
61668135
61652294
61668673
61654433
61652739
61652384
61652755
61654424
61654573
61668458
61654817
61669173
61654827
61653846
61653723
61654983
61653819
61654909
61654521
61652966
61654840
61653008
61655360
61655250
61669173
61655324
61653688
61653213
61655344
61653492
61655634
61653796
61653540
61655754
61654901
61655593
61669443
61655690
61655483
61655911
61654139
61669812
61655774
61654176
61669644
61655859
61653150
61655592
61654183
61669887
61655688
61654025
61653813
61655976
61655901
61655838
61654876
61655871
61655945
61669977
61656192
61654340
61655839
61654300
61654488
61670515
61656613
61654937
61670802
61656525
61656503
61656735
61654819
61654549
61656766
61654706
61671133
61656910
61656625
61656981
61655271
61671069
61655506
61657908
61657770
61657218
61658468
61657410
61656379
61657384
61658536
61656616
61658744
61656793
61658128
61656507
61656954
61656941
61659069
61657941
61659124
61673330
61659430
61657311
61658708
61673188
61659568
61659085
61657941
61659613
61657501
61659790
61658168
61673725
61659913
61659558
61659451
61658868
61659989
61659181
61660074
61659942
61659603
61673863
61660294
61658303
61658048
61660188
61660204
61658598
61660155
61659319
61660979
61659806
61658369
61660458
61658812
61674782
61660409
61660158
61659633
61660139
61659626
61674901
61659367
61675381
61661134
61660347
61675384
61661589
61659317
61675434
61661360
61660842
61661544
61661397
61660879
61660546
61660756
61661706
61659564
61660383
61676159
61662132
61660295
61660107
61664202
61661685
61661567
61659904
61660127
61676287
61662318
61660645
61660221
61660513
61661439
61676615
61662674
61661640
61677068
61662743
61662508
61662869
61662818
61661316
61660957
61661401
61663035
61663082
61677412
61663008
61661283
61663486
61663161
61662918
61677401
61663651
61661440
61663568
61663346
61677866
61663691
61663677
61677688
61663835
61662663
61662095
61663538
61663417
61661697
61664007
61662087
61664264
61662241
61678459
61664274
61664825
61664116
61662125
61662457
61662375
61664466
61664395
61664291
61662502
61664730
61662766
61663912
61662240
61664660
61663158
61662710
61663123
61664876
61663875
61678989
61665081
61664753
61664910
61678873
61665109
61679564
61665215
61665159
61664046
61664501
61664175
61665621
61663924
61679940
61665731
61663759
61663719
61665751
61665832
61665702
61663355
61664139
61679725
61665884
61663899
61663865
61664822
61664238
61680305
61666076
61665284
61680089
61666127
61665905
61666175
61680197
61666286
61665975
61664754
61680164
61666376
61666381
61666672
61664564
61664524
61664724
61680953
61666682
61666174
61666975
61666006
61666759
61667452
61666258
61667044
61665470
61681104
61667298
61665625
61681214
61665308
61681780
61667413
61665675
61665200
61665476
61667541
61666324
61681505
61667610
61667461
61667535
61667621
61666827
61681837
61667966
61667715
61681859
61668011
61666928
61682228
61668179
61667885
61668008
61668125
61666287
61666219
61667213
61668487
61667021
61682341
61668379
61668419
61666714
61668561
61668556
61682541
61668766
61668013
61668742
61666770
61668330
61667601
61668890
61668321
61668934
61668813
61667888
61668961
61666831
61669104
61668221
61683368
61668782
61683518
61669421
61668974
61669198
61668321
61669268
61669302
61683550
61668142
61667811
61668281
61669652
61668523
61669875
61668321
61684185
61668182
61667791
61668793
61667743
61667687
61668671
61669963
61669909
61670000
61683807
61669087
61670147
61668351
61669810
61670168
61670251
61670406
61670294
61669138
61667981
61669615
61668680
61669502
61670617
61670358
61668467
61668538
61668485
61670711
61668561
61668519
61668994
61670902
61670210
61670819
61685058
61668914
61669795
61670080
61671150
61685204
61670982
61671047
61685152
61669104
61669526
61670976
61669118
61671383
61671278
61671212
61671407
61671368
61669384
61671554
61670938
61671872
61669200
61671420
61671133
61670955
61669189
61671342
61671142
61670013
61671712
61671714
61669716
61671842
61670042
61671380
61669936
61672223
61670882
61672088
61670884
61672200
61671900
61670197
61670303
61670170
61672261
61672036
61672134
61670161
61672464
61672242
61672340
61672573
61672644
61686513
61672918
61686723
61672959
61671790
61686739
61673034
61672479
61673174
61672120
61673057
61672794
61671034
61673203
61671132
61673304
61672042
61671052
61673183
61671276
61673531
61672125
61672328
61673301
61672757
61673644
61671659
61671537
61673692
61672382
61671648
61673592
61671328
61673568
61688033
61673683
61673292
61674100
61673124
61673996
61672097
61688411
61674250
61673929
61673500
61672521
61672395
61672166
61674359
61674021
61674323
61672090
61675007
61674335
61688368
61674494
61674197
61672519
61674733
61674409
61674034
61672785
61674659
61674511
61673282
61674800
61674871
61688954
61675139
61673137
61672758
61672553
61674938
61673988
61673814
61675061
61674158
61689057
61675209
61674939
61674705
61674048
61675342
61675065
61673132
61675446
61673653
61677214
61673375
61674436
61673191
61675341
61673716
61673298
61674194
61675492
61674514
61689485
61675633
61675618
61689969
61675794
61674917
61675534
61689521
61675802
61673946
61673936
61673984
61675799
61676034
61689995
61676210
61675089
61676223
61676039
61676274
61690663
61676491
61674568
61674459
61674827
61675581
61675580
61674515
61674573
61676846
61675471
61691304
61677078
61675915
61674984
61675427
61676287
61677208
61675568
61676588
61677400
61691915
61677647
61678021
61677576
61691974
61677823
61677822
61691847
61678008
61676232
61677584
61676198
61678102
61678077
61676104
61678329
61677336
61677265
61678267
61678342
61692336
61678555
61677235
61692809
61678621
61676937
61676585
61678798
61677098
61676691
61678884
61679579
61678778
61693149
61678923
61677229
61676904
61679220
61679183
61678178
61693077
61679287
61678424
61678854
61693142
61679220
61679369
61677334
61679490
61679435
61677771
61679302
61678921
61677283
61679635
61679394
61678466
61679515
61678565
61693613
61679635
61679712
61677728
61679576
61679168
61679918
61679570
61678093
61679245
61678933
61678453
61679467
61679322
61677228
61679856
61678042
61694208
61680218
61678467
61694121
61680276
61679349
61694732
61680509
61678747
61694702
61680616
61678892
61694932
61680514
61681234
61695278
61680860
61680635
61680339
61679794
61680956
61680963
61695097
61681207
61679544
61679175
61679492
61679233
61679131
61681375
61681171
61679375
61681561
61681349
61681160
61681691
61680130
61695846
61681988
61681877
61679770
61681878
61680497
61696033
61681906
61682048
61680023
61682176
61680260
61680068
61682340
61680589
61696609
61682492
61681034
61681421
61681753
61682490
61696591
61682573
61680778
61696444
61682629
61680969
61696913
61682663
61680722
61680619
61682863
61681912
61696862
61682932
61681297
61697224
61683029
61683100
61680983
61683174
61681466
61681069
61681677
61683324
61681355
61681557
61683325
61683344
61681079
61683191
61682749
61680933
61683502
61697926
61683625
61681619
61682988
61681506
61684254
61683372
61681672
61683863
61682819
61698014
61683812
61683614
61683849
61697839
61683970
61682318
61681952
61682960
61684268
61697492
61683865
61683940
61698069
61684341
61683697
61682639
61684183
61683745
61682113
61684461
61682774
61682326
61683334
61684256
61684491
61682593
61684872
61683076
61682676
61684845
61684596
61684239
61683790
61685075
61684379
61683020
61682839
61685190
61685281
61699434
61685566
61685293
61685474
61699917
61685585
61685576
61685215
61684648
61685591
61685515
61683869
61685841
61685902
61684020
61686071
61686022
61700076
61686170
61687152
61685416
61685198
61685532
61686440
61687295
61687637
61686083
61702129
61688093
61687922
61687658
61686149
61688377
61688307
61687376
61688572
61687689
61703117
61688833
61688704
61688785
61702783
61688957
61687617
61703057
61688978
61687188
61687062
61687106
61689232
61689360
61703248
61689548
61689296
61689387
61703627
61689854
61687989
61703948
61689867
61689208
61704541
61690276
61688243
61688203
61689160
61690335
61688782
61688334
61690503
61688926
61704891
61690733
61690457
61689444
61704991
61690813
61691326
61690201
61688478
61690812
61689776
61688878
61688626
61690987
61690829
61705098
61691145
61688477
61689037
61691305
61705105
61690882
61689167
61688918
61691067
61690760
61705458
61691091
61689123
61689700
61689172
61691336
61689437
61690874
61689143
61691604
61691066
61689301
61691529
61691600
61705677
61691762
61690448
61690624
61691673
61691754
61705651
61691961
61691691
61706269
61692047
61690360
61689942
61692070
61692561
61689857
61692262
61692117
61692170
61706637
61692473
61690365
61691929
61691326
61692447
61691168
61706474
61692638
61692300
61690431
61692717
61692464
61692608
61690702
61692777
61690946
61690594
61692961
61692627
61692688
61706782
61692990
61690882
61690845
61691402
61692110
61691901
61691037
61691259
61692989
61691734
61707291
61693020
61691206
61691090
61691934
61693079
61692397
61707096
61693223
61692953
61691354
61693578
61693220
61693581
61707364
61693672
61691978
61691508
61693873
61692663
61708025
61693867
61692205
61707895
61693939
61691913
61708183
61694032
61692287
61708279
61694062
61693837
61708432
61694206
61692269
61693573
61692044
61694272
61692524
61692127
61692786
61694283
61694330
61696321
61693256
61692875
61692298
61694336
61693283
61692502
61692894
61694521
61694656
61693072
61694638
61694791
61709080
61694960
61693640
61708964
61695035
61694646
61694892
61708974
61695167
61694959
61695181
61693248
61695462
61693677
61709768
61695326
61693848
61693441
61694360
61695468
61693674
61694501
61695707
61694116
61710156
61695861
61694692
61710217
61695970
61695800
61695477
61693887
61696071
61694038
61710006
61696170
61694188
61710212
61696294
61695217
61710523
61696444
61696347
61694363
61696393
61696099
61710637
61696465
61694658
61710965
61696708
61694528
61694502
61695342
61696302
61696726
61710879
61696840
61696540
61696351
61694801
61696903
61695189
61694878
61695325
61694966
61694854
61697095
61696365
61695705
61711154
61697216
61697608
61697011
61697247
61696988
61697172
61695239
61697293
61696974
61695397
61697588
61696302
61696347
61697379
61697659
61711955
61697818
61696883
61711762
61697896
61696186
61697270
61695886
61697956
61698105
61711960
61698199
61697858
61712143
61698241
61696506
61696044
61695778
61698297
61695908
61696413
61698109
61696593
61695988
61696431
61696274
61712650
61698488
61696295
61712517
61698534
61696833
61696457
61697390
61698698
61696968
61696461
61696274
61698696
61698268
61698904
61697221
61713265
61699065
61699019
61696933
61698778
61698380
61699119
61698482
61697420
61699060
61699097
61712907
61699215
61697648
61713390
61699198
61698694
61697937
61697685
61713602
61699526
61697699
61697402
61698424
61699525
61697248
61699743
61697960
61697826
61699907
61700018
61699801
61697702
61698082
61697831
61697852
61700005
61699566
61700179
61698232
61698140
61698741
61698582
61714340
61700340
61700016
61714101
61700076
61699726
61700599
61700287
61700399
61714404
61700476
61699999
61698607
61700729
61699815
61714726
61700770
61700494
61700678
61714646
61701093
61700212
61698916
61700922
61699796
61714894
61701069
61700500
61701229
61699868
61715108
61701250
61699206
61700555
61700102
61700608
61700193
61702159
61701429
61699469
61701314
61716166
61701806
61701581
61701765
61716013
61702019
61700127
61701215
61700431
61700295
61716319
61702181
61700316
61699526
61701744
61700124
61702417
61702509
61702321
61700220
61700853
61716534
61700530
61700640
61700662
61700814
61700818
61702215
61700855
61702163
61700868
61700835
61717505
61703181
61701084
61703169
61701977
61702091
61703610
61702619
61700827
61703102
61702934
61701203
61703260
61703211
61700923
61703380
61702435
61717501
61703377
61703032
61703226
61717488
61703767
61703619
61702123
61703486
61703150
61702676
61703845
61702996
61718233
61703917
61703427
61704279
61704236
61704033
61718139
61704161
61702319
61718743
61716429
61714804
61730497
61716522
61716201
61716580
61714267
61714877
61730958
61716698
61716476
61716718
61730569
61716647
61716746
61730912
61716887
61716725
61717023
61715014
61714868
61714913
61717141
61715396
61715123
61717234
61716323
61715901
61717353
61716501
61731506
61717532
61715622
61716923
61715042
61717514
61731477
61717700
61715770
61715503
61715381
61717670
61716069
61732071
61717526
61717782
61716741
61717790
61716965
61731821
61717957
61717582
61717711
61718016
61716360
61716008
61718194
61718118
61718249
61716507
61732633
61718249
61718061
61716206
61718488
61716832
61716237
61717854
61717408
61716986
61718175
61718082
61732090
61718254
61718191
61718234
61732458
61718256
61718031
61716251
61718461
61718504
61718349
61732373
61718484
61718272
61718136
61732813
61718588
61718376
61718382
61716484
61718346
61718181
61718808
61718565
61718154
61732487
61718860
61717105
61716706
61717625
61718608
61716808
61719011
61718108
61717895
61716932
61717065
61719167
61718894
61719081
61719290
61718952
61718640
61717152
61719312
61719149
61719382
61718993
61719207
61733644
61719503
61719193
61719015
61733667
61719546
61717924
61717490
61718074
61719583
61717739
61719813
61718178
61717883
61718861
61719921
61718395
61734281
61718373
61720000
61719810
61718263
61719815
61719671
61718076
61720037
61719557
61720160
61719839
61719407
61720184
61718172
61734497
61720317
61718545
61719481
61720450
61718716
61734262
61720416
61720391
61718355
61718780
61718423
61720634
61719212
61718389
61718779
61734778
61720836
61719163
61734610
61721589
61719113
61721075
61720853
61720975
61718861
61719128
61735469
61721260
61719221
61720177
61721826
61735027
61721308
61719224
61720606
61735404
61721296
61719348
61721124
61719263
61721488
61721326
61719377
61721369
61721409
61719483
61721684
61719891
61719668
61719713
61721914
61720268
61719858
61719246
61721140
61735794
61722010
61721961
61735877
61722113
61720406
61721449
61721011
61721030
61722458
61720278
61720217
61722291
61722440
61722154
61736443
61722573
61722239
61722354
61736876
61722554
61722295
61722492
61736474
61722576
61722458
61722712
61722663
61737034
61722811
61720703
61722687
61720673
61722866
61721070
61720868
61720889
61722940
61721099
61722451
61736787
61723020
61721374
61723012
61721534
61737248
61723447
61722928
61722571
61721134
61723370
61723111
61723209
61737169
61723426
61723225
61722359
61737753
61723677
61722801
61722481
61722388
61723563
61721654
61723903
61722131
61721707
61721846
61723897
61721875
61723179
61737942
61724090
61722150
61723409
61721881
61722737
61738372
61724245
61722497
61722073
61724303
61724041
61724101
61738157
61724342
61722343
61723863
61738172
61724510
61722703
61722413
61722536
61724063
61724332
61722318
61724546
61722726
61722473
61724639
61722719
61723972
61723519
61722980
61739017
61724858
61724647
61724756
61722901
61724877
61724992
61725163
61723298
61723018
61723236
61725038
61724210
61739627
61725251
61725227
61724242
61739653
61725430
61724369
61725317
61739450
61725329
61725159
61725261
61739241
61725454
61739973
61725573
61725276
61725528
61739444
61725742
61723733
61725016
61724557
61724800
61725642
61739860
61725709
61723964
61723690
61724668
61725792
61724164
61725966
61726524
61725959
61723937
61726039
61724198
61725423
61724992
61726167
61724628
61724231
61724187
61726415
61726139
61726216
61740283
61726430
61726205
61726512
61740901
61726630
61726573
61725413
61740832
61726734
61726461
61725168
61740645
61726742
61724709
61726301
61724645
61726822
61725101
61724653
61724800
61726902
61724989
61726207
61724856
61726934
61725264
61726448
61724984
61727110
61725190
61726806
61725085
61727214
61725709
61741461
61727310
61727264
61727446
61727221
61727077
61727686
61726789
61742227
61727854
61727653
61741731
61727748
61727475
61727686
61741955
61727852
61727596
61727831
61741812
61727973
61727676
61727791
61725865
61728053
61726092
61725826
61726810
61728030
61726368
61726019
61725768
61727360
61742716
61728466
61728203
61728219
61742536
61728460
61728211
61728070
61726270
61728355
61727875
61727091
61728667
61728611
61742907
61728893
61728847
61727402
61728537
61728108
61728652
61728309
61727874
61728944
61729052
61743287
61729115
61728839
61729016
61743175
61729144
61728946
61728678
61729414
61727522
61727283
61729411
61728456
61729424
61727368
61727762
61743847
61729579
61730288
61729117
61728541
61727906
61743602
61729870
61728105
61727729
61729943
61729721
61728206
61729211
61727969
61730044
61729672
61729893
61730054
61728285
61744271
61730171
61729922
61728101
61729222
61730933
61731666
61730840
61731861
61731609
61746078
61731978
61746337
61732090
61731820
61731621
61730122
61732262
61730472
61731581
61731224
61732444
61731758
61732433
61730568
61730312
61730553
61732560
61730792
61730395
61730808
61731572
61732472
61732657
61730672
61730466
61732697
61731644
61746800
61733135
61732766
61732960
61747311
61733204
61732853
61732592
61731032
61733134
61732237
61747167
61733192
61731111
61732597
61747050
61733214
61733013
61733269
61747633
61733482
61733188
61733482
61747809
61733610
61734204
61733404
61747420
61733645
61733420
61733594
61747496
61733622
61733387
61733557
61747731
61733777
61733504
61732297
61731704
61733881
61731875
61733230
61733959
61733928
61731998
61734196
61732434
61732037
61732429
61734108
61732579
61733598
61732254
61734428
61732299
61733849
61732283
61734532
61733832
61734596
61732638
61748954
61734789
61732993
61748801
61734690
61734342
61734757
61734481
61734791
61748649
61734978
61733209
61734946
61733009
61734439
61733157
61735122
61733473
61733039
61732769
61735313
61749204
61735396
61733651
61749657
61735423
61735123
61733851
61735519
61734131
61749354
61735577
61735366
61735532
61733532
61735637
61734714
61733663
61733260
61734669
61735644
61735883
61735556
61734308
61733869
61735738
61750549
61736213
61734303
61734377
61735346
61736143
61735239
61735192
61736232
61735049
61750356
61736372
61736333
61735200
61736280
61735527
61750962
61736654
61736593
61735091
61734657
61735343
61736690
61735662
61735692
61736622
61736360
61735850
61735249
61751399
61737227
61735362
61734956
61737676
61736435
61736068
61737165
61735293
61737455
61735683
61735290
61737490
61736562
61735076
61737670
61736594
61751983
61737688
61737672
61736844
61751641
61737792
61737519
61737628
61751550
61737813
61737782
61751723
61737920
61735884
61737174
61736780
61736244
61752007
61738037
61736439
61751889
61737914
61736117
61738317
61737996
61752540
61738207
61738346
61736321
61738525
61752860
61738658
61736964
61752890
61738685
61738666
61736628
61738754
61737180
61736681
61737049
61738981
61738172
61739045
61737228
61736889
61737227
61737355
61753251
61739124
61737526
61753242
61739329
61738984
61737992
61738099
61737680
61753819
61739497
61739299
61739507
61739572
61739691
61754104
61739972
61739614
61739476
61739736
61739920
61737987
61740215
61738395
61754164
61740051
61739832
61739136
61739516
61740283
61740567
61739598
61754419
61740591
61739880
61739263
61740285
61754583
61740619
61738898
61754445
61738701
61738688
61740932
61740560
61754909
61739233
61755438
61741221
61740948
61755279
61741138
61740805
61740274
61741598
61740346
61740381
61740373
61755396
61739783
61756042
61741774
61741498
61741151
61741829
61741280
61742204
61740154
61739895
61742139
61742636
61742060
61756221
61742172
61741861
61756395
61740347
61740166
61742342
61742230
61742256
61740002
61741464
61756380
61742667
61742370
61742178
61740597
61742795
61757133
61742715
61741463
61740677
61742815
61743027
61741090
61740981
61743048
61743626
61740967
61742884
61742716
61741019
61743244
61742494
61742198
61742639
61757580
61743811
61741802
61741734
61741996
61742610
61742105
61743753
61743916
61741881
61744109
61742217
61744146
61742998
61758492
61744218
61758118
61744357
61743033
61743143
61742453
61758886
61744630
61742371
61744671
61743767
61758812
61742921
61759012
61744837
61743239
61759228
61743238
61759148
61744973
61743399
61742900
61743908
61745032
61743091
61745387
61743279
61759631
61745531
61745138
61745390
61759282
61744726
61743512
61745740
61744837
61745522
61743396
61745617
61745403
61744523
61744820
61745946
61744102
61760391
61744967
61759852
61746160
61745191
61760441
61746431
61746049
61746281
61760238
61746484
61744275
61746404
61746365
61744181
61745720
61760984
61746737
61746437
61746176
61746785
61746924
61745757
61746806
61746894
61746874
61746900
61745801
61746788
61746369
61747242
61745620
61747207
61746665
61747322
61747290
61745316
61747480
61747499
61745286
61745549
61761781
61747568
61745895
61747608
61747359
61747543
61745545
61747838
61745747
61747865
61747592
61747505
61745583
61746411
61746038
61746923
61748071
61747168
61762216
61747976
61747547
61746104
61748329
61746224
61748393
61746504
61747688
61747169
61748508
61762547
61748743
61747025
61762966
61747712
61748143
61747239
61749024
61747303
61746890
61746898
61749097
61763549
61749254
61747283
61748754
61747303
61749320
61763655
61749497
61749451
61748280
61747939
61763520
61749585
61749615
61763948
61749746
61748148
61763585
61747966
61747812
61750026
61749668
61747871
61750171
61748477
61764360
61750017
61750075
61749201
61749274
61764556
61750432
61764563
61750384
61750043
61750083
61750190
61749402
61764169
61750354
61750122
61750446
61764263
61750465
61750323
61749382
61750318
61749838
61750656
61750727
61764801
61750958
61749017
61750160
61748740
61751017
61750205
61751108
61749185
61750355
61749059
61751120
61749327
61750394
61750000
61749416
61765682
61751435
61751128
61750799
61750240
61749413
61765902
61751614
61749474
61751113
61750531
61751710
61749996
61749457
61751470
61751130
61750822
61751899
61751474
61752213
61750252
61749934
61752192
61752094
61752198
61752133
61750532
61766530
61752314
61750316
61751684
61750277
61752297
61750843
61766832
61752623
61752254
61750501
61752620
61750737
61767105
61752670
61767049
61752789
61751578
61750531
61752810
61751855
61751641
61751713
61766964
61753070
61752439
61750548
61752988
61752569
61751822
61752977
61752176
61766928
61752765
61750989
61751360
61753118
61767477
61753421
61752054
61752140
61751896
61767655
61753668
61751889
61751409
61751703
61751577
61752585
61753497
61753003
61751811
61753531
61768010
61753948
61752979
61768058
61754020
61753950
61755982
61752041
61768009
61753878
61751818
61754062
61753962
61751892
61754035
61753114
61767911
61754107
61768583
61754291
61754066
61754178
61752269
61754453
61752362
61752455
61753272
61754465
61753667
61768421
61754304
61752685
61753084
61753943
61754728
61768760
61754859
61754661
61754832
61768922
61755151
61755091
61755011
61768909
61755108
61753099
61755040
61769384
61755233
61755709
61753952
61769248
61755312
61753554
61754645
61753325
61755502
61754381
61753405
61755619
61753839
61769620
61755485
61753490
61769811
61754684
61755779
61754666
61755599
61755711
61754468
61755558
61769747
61755957
61754051
61753809
61754102
61755753
61755827
61753699
61754401
61770152
61756204
61755891
61754491
61756194
61756090
61770054
61756379
61754469
Peak: 62290983
Average: 60885848.53010679
