0
142036
424284
877556
1140107
1988629
2403560
2813896
3104350
3627444
3911326
4393455
5263960
5440852
5783055
6242665
6731443
7176428
7419901
7821086
8381255
8799083
9075949
9394633
9640225
9963201
10719940
11170880
11662786
12467628
12775855
13111111
13584772
14124089
14610352
15214470
15689192
16030414
16346116
16570569
16699697
16939059
17108913
17273345
17561193
17949611
18104028
18325207
19623145
19444072
19623836
19731043
19734843
19975806
20166783
20319308
20475596
20856873
21403042
21788535
22199859
22738943
23284838
23549926
24001788
24316020
24475884
24614841
24784702
24984118
25154414
25466480
25870750
26175656
26669762
27058624
27654531
28343172
29149960
29777213
29963094
29968194
29970786
29969081
29987066
29999078
30302148
30835689
31363287
31582955
31862101
32006437
32354201
32401612
32473438
32531310
32631858
32665191
32989004
33255642
33809567
33866969
34389413
34565768
34684249
34728089
34702486
34784633
35093558
35248805
35821526
35923788
36798069
36869019
37132898
37813679
38030023
38424637
38424526
38424673
38424455
38347191
38739205
38939035
39145773
39197065
43156084
43244330
43516751
43534507
44125149
44181563
44267550
44313356
44366796
44431669
44456297
44532076
44575941
44639408
44704852
44731523
44948238
45168294
45245254
45688215
45892525
46149468
46738509
46889902
46924773
47117703
47177458
47245818
47447830
47535045
47630921
47711333
48037314
48163697
48406351
48614936
48842993
49121794
49436730
49573532
49696529
49783955
49969874
50214040
50377259
50404462
50429286
50462590
50482944
50557084
50586626
50771748
50824202
50920128
51133023
51488846
51598216
51900916
52158603
52536293
52678857
52998088
53285839
53755666
54234395
54471602
54581770
54653579
54694574
54777072
54946003
55015634
55070578
55141077
55157203
55596200
55892571
56163818
56581242
56981043
57037149
57030513
57414730
57545033
59030865
57783307
58057828
58186733
58234466
58307355
58542455
58733508
58506002
58608342
58734525
59041589
59822428
59956620
60051252
60123044
60166449
60346882
60383992
60959244
61890788
60956582
60995202
60787051
60792117
60793267
60795432
60798625
60799730
60803376
60805242
60805189
60809201
60809907
60812750
60813729
60814961
60815248
60818394
60820128
60821314
60823374
60824430
60823382
60825150
60826059
60827317
60827168
60827010
60828956
60828598
60829152
60831044
60834755
60834233
60836437
60837811
60839062
60838889
60841812
60843171
60845004
60845257
60847631
60849050
60850247
60849196
60852114
60852428
60854798
60855871
60857801
60858519
60859514
60858913
60861211
60860293
60862753
60863795
60863512
60863418
60867064
60868364
60868120
60869727
60872434
60872491
60875052
60875810
60876657
60874737
60876623
60877600
60877795
60878470
60879459
60879250
60879094
60879718
60880552
60882564
60885840
60886974
60886960
60887491
60888167
60889223
60889845
60889996
60889366
60890148
60890708
60892580
60893182
60893776
60894450
60895044
60898332
60897690
60898220
60899096
60900862
60901331
60901881
60902362
60902821
60903459
60903912
60903102
60903343
60903903
60904227
60904751
60907859
60910217
60910604
60911247
60911745
60912307
60913020
60913566
60914070
60914580
60915469
60916098
60916443
60920092
60915768
60916370
60919563
60920218
60921488
60921471
60923610
60924300
60924663
60925206
60925170
60926471
60926739
60925975
60926481
60927055
60927655
60928787
60930604
60936300
60936706
60931614
60934337
60934674
60933933
60934948
60936313
60936268
60935445
60941386
60937319
60938542
60937749
60938478
60939459
60941931
60943486
60944051
60944657
60945036
60945489
60946071
60945156
60945896
60946866
60946879
60953404
60953445
60947876
60950428
60950858
60952264
60958280
60952464
60953518
60955603
60956068
60956339
60957213
60955882
60961756
60957791
60958596
60958804
60963886
60958403
60960084
60960414
60963599
60963964
60964402
60963573
60964170
60963305
60966165
60966362
60965469
60967416
60966127
60973334
60966360
60968932
60968120
60969924
60972894
60973265
60974107
60972814
60979841
60974744
60974469
60975613
60974719
60975689
60976674
60977448
60976522
60977532
60978498
60985088
60978034
60983232
60983813
60984141
60984462
60983669
60984328
60986121
60984737
60992779
60985731
60987837
60988081
60988364
60987593
60988624
60989618
60999314
60990999
60993520
60992598
61000819
60992677
60995198
60995542
60995883
60995271
60995841
60997203
61004483
60996115
60998574
60998969
60999375
61001347
61002900
61010053
61002185
61004287
61011807
61002929
61003780
61005791
61006135
61005299
61005876
61007289
61009406
61006909
61008698
61007287
61019249
61011155
61012781
61013095
61012563
61014257
61012857
61012803
61015345
61015700
61015934
61016372
61015798
61018256
61016668
61026627
61017843
61022273
61022491
61021723
61022484
61022290
61025864
61023469
61024832
61033796
61023862
61026170
61025523
61026960
61035786
61027916
61028284
61039462
61031732
61032243
61031632
61032909
61042208
61031859
61034352
61033975
61033823
61035733
61044535
61035870
61035992
61036631
61046230
61035752
61039226
61041407
61050522
61040679
61042476
61042701
61042118
61043900
61053521
61042507
61044991
61045288
61045726
61045106
61046974
61056558
61045365
61050605
61050556
61049099
61051634
61051299
61052406
61062272
61053316
61053588
61053121
61054787
61052991
61055777
61054687
61056124
61066527
61055626
61060286
61061281
61061640
61061819
61061630
61064288
61060742
61063151
61061481
61063905
61064234
61062895
61064191
61065134
61065824
61064902
61065026
61067064
61069005
61070454
61070701
61071020
61082155
61070837
61070754
61083484
61072009
61073646
61074018
61073536
61073222
61073220
61075741
61076027
61075792
61090482
61080003
61091354
61079537
61080466
61080551
61081834
61093586
61082947
61083332
61083547
61083451
61083090
61082907
61085432
61086173
61085431
61087694
61087562
61090004
61090375
61090683
61090086
61091291
61103480
61092578
61092850
61091984
61093433
61092583
61094404
61106552
61095144
61095448
61097903
61097391
61097335
61099736
61098791
61100377
61098962
61099902
61101840
61114109
61102361
61102235
61103764
61102629
61104681
61104123
61117917
61105949
61107764
61107642
61108092
61110239
61109392
61123771
61111261
61111144
61110897
61110668
61111703
61111594
61111780
61114380
61114483
61113821
61115200
61116511
61119055
61116973
61132936
61119255
61133306
61120597
61118583
61120604
61121765
61121753
61122348
61136433
61121324
61121651
61123565
61122424
61123829
61138163
61126586
61141979
61128566
61142895
61129374
61128648
61143857
61130540
61130976
61130271
61145527
61132114
61131320
61132562
61147202
61133696
61133986
61136037
61137337
61138034
61137068
61152967
61138964
61139473
61154244
61140116
61139329
61139577
61140195
61139459
61141870
61141281
61141210
61143474
61143263
61145392
61146899
61146063
61147947
61146265
61148265
61163475
61149011
61148155
61147676
61150053
61150663
61166484
61152032
61151532
61152936
61151324
61153269
61155162
61156534
61155877
61156731
61158015
61156104
61158395
61159020
61159333
61159596
61158475
61160352
61160761
61161074
61159933
61162341
61162414
61161448
61161481
61164325
61166733
61166711
61166077
61166084
61165864
61166760
61168633
61167955
61169341
61169908
61170394
61186444
61169548
61170156
61187700
61171101
61188482
61191558
61174746
61192578
61176648
61176496
61177103
61176470
61178157
61177517
61179380
61179186
61179757
61179464
61197035
61180876
61180283
61179990
61180074
61185221
61185787
61184805
61184799
61184766
61184864
61187152
61187849
61186860
61187022
61188637
61189079
61206617
61189941
61207561
61190773
61190019
61191648
61193364
61193694
61195537
61193714
61193815
61196261
61196656
61195465
61196781
61197673
61198069
61197450
61199019
61199034
61199019
61200224
61199348
61200780
61199139
61203396
61204035
61205200
61224227
61205584
61207067
61206348
61206277
61206247
61208795
61207857
61209250
61227656
61208691
61210218
61210223
61229492
61211705
61214781
61214066
61233790
61214452
61216146
61215383
61216739
61235585
61217924
61218142
61217995
61237526
61219423
61219546
61219158
61238949
61220725
61224116
61242587
61224435
61223648
61225064
61224247
61225860
61224935
61224538
61226902
61226132
61226290
61226086
61228586
61227857
61227813
61227862
61232890
61232263
61233835
61233792
61234663
61234874
61234426
61255020
61236122
61236363
61236261
61256657
61236081
61237898
61236998
61238514
61237194
61239599
61241372
61241244
61243101
61243478
61263358
61242070
61241792
61242615
61243688
61242947
61244993
61245267
61244726
61246427
61245397
61245769
61246006
61247656
61268299
61248718
61250550
61250499
61251251
61252857
61252268
61273952
61254183
61274719
61254733
61254106
61254202
61254063
61256403
61255718
61255528
61257566
61257280
61257974
61261015
61260970
61260921
61262527
61262528
61264300
61264576
61264884
61286111
61265820
61265033
61264836
61264803
61267269
61266495
61288925
61268287
61270280
61292898
61270368
61270133
61271495
61294232
61273468
61272639
61272684
61273241
61275250
61274371
61275616
61274282
61275106
61276677
61277250
61275394
61280650
61279856
61303255
61280163
61280964
61282525
61282229
61281157
61283935
61283878
61306244
61284925
61283757
61284004
61284726
61284515
61286429
61285789
61289935
61289449
61288727
61291436
61290563
61290557
61290919
61293015
61292637
61316227
61293329
61292355
61294687
61294323
61318166
61295354
61295295
61319293
61299783
61299908
61298685
61300795
61301000
61301350
61299812
61302107
61302166
61302863
61303177
61302488
61302040
61304438
61304213
61303473
61305644
61305656
61307340
61309241
61308477
61310069
61309347
61334189
61311222
61310479
61335535
61312469
61311603
61336930
61313601
61312786
61337755
61314615
61313979
61339264
61342221
61317700
61319359
61319971
61319869
61318373
61321146
61320362
61345501
61322018
61321340
61347102
61323242
61322413
61322472
61324284
61348730
61325033
61326996
61328852
61327170
61329361
61329929
61329793
61329046
61330652
61330979
61334079
61357570
61331661
61333727
61332118
61334380
61333535
61359755
61335371
61337238
61363700
61339249
61364349
61338206
61340065
61339374
61338933
61341423
61341817
61340022
61342437
61341726
61342032
61343481
61344255
61344374
61343760
61346300
61348174
61348422
61348960
61348702
61375129
61349500
61349530
61376529
61351352
61351042
61377432
61352397
61351296
61350858
61352093
61352942
61353594
61379815
61356491
61357567
61358006
61358097
61358613
61384948
61359188
61359589
61359686
61359018
61360587
61360988
61387466
61387729
61360748
61362378
61362020
61363230
61362480
61361772
61366620
61365703
61367720
61366911
61366897
61395147
61368905
61368242
61367710
61370200
61369370
61397800
61371337
61370391
61399092
61372471
61371755
61402727
61376186
61375885
61403640
61376669
61377857
61375967
61378873
61378882
61378480
61379444
61379726
61378099
61407884
61378675
61379506
61380842
61381901
61409803
61385254
61413254
61385996
61414094
61386773
61387096
61387656
61386930
61388313
61388078
61389128
61388753
61389959
61389695
61390201
61390668
61389857
61389327
61390699
61393546
61395326
61394295
61395712
61396591
61395405
61424905
61397011
61425603
61397533
61396825
61397176
61396631
61397833
61399434
61398678
61400198
61399580
61428653
61400410
61403241
61403261
61434554
61406559
61405562
61407113
61436236
61408037
61407331
61437303
61409164
61409361
61408779
61410814
61410620
61411167
61410226
61440775
61443288
61414527
61414098
61415812
61413827
61445549
61416941
61446206
61416670
61447322
61418486
61417766
61448373
61419640
61419905
61419070
61420748
61421019
61419975
61424926
61424732
61425471
61424296
61455787
61426465
61425578
61457034
61427613
61426654
61458047
61428728
61429198
61427897
61429822
61428714
61430238
61433367
61432198
61432676
61434592
61434934
61433532
61435672
61433915
61436290
61435145
61437374
61436570
61468155
61438362
61438706
61438466
61439456
61439225
61438306
61472914
61442624
61441494
61443258
61442025
61441237
61443487
61443064
61443329
61442182
61443499
61443011
61473484
61443253
61443055
61443617
61442390
61473884
61443556
61443638
61442355
61443469
61443342
61443696
61442474
61443632
61442140
61443876
61442728
61474209
61444046
61443866
61442746
61474243
61443285
61444208
61442640
61443014
61474538
61444221
61443275
61443482
61444154
61444129
61444501
61442935
61443856
61444272
61444143
61444378
61443186
61474660
61443848
61444849
61443425
61444662
61444405
61443084
61443926
61475012
61444484
61444444
61475324
61444754
61443365
61445187
61444966
61443825
61443096
61443999
61443235
61445226
61443686
61444779
61475955
61445318
61475699
61443577
61445187
61443860
61444121
61443337
61444308
61443964
61445384
61443791
61445752
61445586
61445867
61447226
61460286
61459992
61459875
61459185
61459428
61460053
61491802
61461970
61461758
61462269
61492574
61461851
61463152
61462605
61462025
61462208
61493624
61463502
61462113
61463763
61462588
61462990
61464205
61463034
61494707
61464157
61494569
61464305
61464213
61464791
61463654
61462640
61464573
61495321
61464953
61463244
61465103
61465018
61465283
61464324
61464048
61463911
61495529
61465349
61496042
61465427
61463957
61465686
61465469
61465377
61465698
61465456
61464624
61465630
61464772
61465882
61465181
61463875
61464538
61464016
61465605
61466246
61465025
61466090
61464919
61464237
61466060
61496773
61466273
61466117
61466327
61466359
61465215
61465175
61464546
61465095
61496843
61466487
61465166
61466995
61466687
61465715
61465798
61466907
61466976
61497265
61466880
61465384
61467124
61466923
61465635
61465889
61465235
61467259
61467394
61467422
61467284
61465057
61467282
61465675
61466112
61467505
61466248
61467524
61466243
61467220
61467452
61466181
61497873
61467938
61465937
61467853
61466647
61465975
61465769
61467153
61468054
61466883
61468204
61466395
61468202
61466475
61468119
61467942
61468446
61499054
61468325
61468511
61468550
61468586
61468638
61467385
61466895
61467398
61466593
61468570
61499218
61468691
61467533
61467140
61468903
61499487
61468960
61468943
61469229
61468132
61469190
61499391
61468471
61467765
61468005
61499675
61469305
61500013
61468845
61469228
61469634
61468892
61468028
61468407
61467513
61469497
61500186
61469638
61469365
61469764
61468078
61469777
61467727
61469436
61468970
61469751
61469895
61468388
61500487
61468863
61500289
61469668
61468788
61471559
61469932
61471753
61470605
61471817
61470546
61470506
61470544
61469805
61471615
61502314
61471838
61502501
61471547
61472102
61470839
61472112
61471305
61472024
61502547
61472079
61502591
61472143
61502554
61470930
61502747
61472797
61502817
61472474
61472150
61472494
61471814
61471844
61472659
61472652
61472651
61471538
61472715
61472356
61472176
61503382
61472880
61503293
61472779
61470806
61471770
61472995
61472749
61473086
61472800
61473092
61503207
61471387
61473184
61503840
61473071
61471608
61473313
61473499
61473542
61472278
61503704
61472229
61471605
61473439
61503986
61472979
61473616
61474098
61472506
61473701
61504370
61471876
61473476
61473878
61473670
61473990
61474015
61504457
61473101
61474032
61474071
61504547
61472976
61472229
61473019
61472269
61473213
61474240
61473332
61473128
61474428
61474255
61474339
61473580
61474516
61504765
61504762
61474699
61474510
61505230
61474631
61474729
61474261
61474619
61474520
61504976
61474689
61474913
61474794
61474895
61474520
61473366
61472814
61473710
61474737
61505190
61474890
61472889
61473767
61474926
61472968
61473939
61473707
61474467
61475453
61475379
61475319
61505879
61475301
61505683
61475171
61505986
61473654
61475410
61505921
61475393
61474120
61473908
61475601
61475633
61473761
61475747
61475639
61505963
61475601
61506112
61475539
61506121
61475657
61506429
61474177
61475814
61475504
61475855
61475661
61476138
61476227
61476321
61475177
61476354
61475432
61476295
61475190
61474947
61474986
61474229
61476104
61506718
61474943
61474289
61475048
61478000
61474632
61476334
61476184
61476579
61475309
61476749
61506692
61476599
61507130
61477103
61506910
61476641
61476928
61475311
61477359
61507405
61477162
61475317
61477156
61477006
61477220
61477435
61477049
61475245
61477192
61507798
61477429
61475891
61477515
61508009
61477517
61509851
61479409
61509940
61479626
61509909
61479577
61479328
61479654
61479255
61479715
61478373
61479718
61479465
61510225
61479486
61510170
61479678
61510168
61510365
61479975
61510223
61479885
61510258
61479860
61478859
61510518
61479972
61480230
61478339
61480378
61478700
61480268
61479995
61480411
61480504
61480431
61479218
61478488
61480435
61511077
61480607
61478891
61480699
61480867
61480780
61479646
61478715
61479618
61481034
61479634
61478942
61479471
61478749
61480972
61511279
61480953
61480784
61479112
61480765
61479263
61480836
61511265
61481098
61479364
61481498
61511492
61481209
61511711
61481049
61511618
61481510
61481211
61511749
61481411
61482929
61479758
61481480
61479777
61481482
61482968
61511780
61481294
61511921
61481436
61481214
61481623
61479400
61511892
61480332
61479626
61480402
61480677
61481101
61481126
61512058
61479794
61482220
61481850
61482022
61482024
61481844
61480652
61480687
61482135
61480590
61479971
61480339
61482259
61512688
61512822
61512694
61480975
61480420
61482527
61482521
61482332
61482687
61482628
61482500
61482640
61481405
61482065
61481684
61481398
61482826
61482864
61480918
61513264
61481263
61482311
61483215
61513363
61513572
61513356
61513585
61483021
61483022
61483139
61483335
61483500
61482954
61483198
61483316
61483085
61483495
61513496
61481392
61483042
61482111
61482266
61482110
61483554
61481334
61481664
61481699
61483120
61482408
61483235
61482355
61514094
61482504
61513904
61483641
61483031
61483689
61481739
61483376
61483883
61482528
61482686
61483779
61483929
61483982
61482776
61483899
61483866
61484041
61484073
61482285
61484062
61483971
61483269
61484205
61514707
61483770
61484029
61484300
61482203
61482928
61482682
61483057
61484474
61483069
61483376
61484200
61484369
61483386
61484317
61514963
61483389
61484499
61514975
61483898
61484697
61515214
61483960
61484769
61515214
61483557
61484929
61483045
61484849
61484433
61484913
61485018
61484848
61482850
61483170
61484066
61485102
61483080
61485121
61485198
61485107
61483280
61483189
61485312
61485317
61486056
61517654
61485383
61487574
61486294
61517998
61486032
61487321
61487506
61517879
61485882
61487394
61486710
61486524
61486231
61487519
61486610
61486563
61486465
61487837
61487911
61518481
61487649
61487789
61485845
61486241
61487864
61488049
61486061
61488232
61486575
61488221
61518414
61488169
61487814
61487535
61488238
61518509
61488042
61487627
61486920
61488069
61488396
61486968
61487366
61487446
61488613
61518910
61486895
61488802
61487152
61487563
61488898
61519249
61488949
61489055
61488725
61489208
61488819
61519291
61488909
61519485
61489014
61519369
61489054
61488016
61489614
61519562
61489295
61519888
61489845
61520062
61490035
61487729
61488347
61520182
61489833
61489444
61489822
61488058
61489910
61489541
61490089
61489664
61489984
61488935
61488981
61488955
61489849
61488616
61489724
61489965
61520372
61488280
61520550
61488786
61490214
61488360
61489919
61490175
61488095
61490239
61520571
61489031
61490393
61488635
61490203
61488640
61490308
61490021
61490451
61490082
61490515
61490498
61490496
61488721
61489332
61490479
61490416
61490532
61490606
61490066
61489360
61490585
61520861
61490146
61489341
61489298
61490646
61490787
61490696
61489511
61490668
61490823
61489353
61490989
61521458
61490684
61490751
61490891
61491016
61490928
61491005
61491113
61521402
61521193
61489772
61491172
61491299
61521757
61521748
61489888
61491510
61491580
61522144
61491168
61491564
61491969
61491548
61491534
61492068
61489609
61490055
61490956
61491966
61492012
61522435
61490825
61490010
61491275
61490689
61492154
61522556
61490455
61492311
61492267
61490030
61492088
61492551
61491178
61491489
61522511
61492401
61492556
61492383
61492501
61492482
61492099
61490739
61491281
61492421
61491290
61491439
61492164
61491834
61491261
61492609
61490656
61492717
61491392
61491962
61492895
61492889
61492819
61492847
61493149
61493110
61492411
61493157
61493138
61491517
61492500
61493384
61523641
61492179
61493318
61493314
61523774
61492055
61493215
61492299
61493107
61491192
61492928
61492185
61491713
61493633
61493393
61493640
61523799
61492343
61493558
61492859
61493779
61493720
61491694
61493605
61493586
61492362
61493847
61524056
61493456
61492249
61492464
61492496
61494063
61493901
61492544
61494050
61492155
61494082
61492648
61494146
61492976
61494000
61493366
61495311
61496587
61496608
61496644
61496364
61496708
61495451
61496643
61496900
61496627
61497015
61496619
61496938
61495259
61496886
61527195
61496293
61497102
61494989
61494997
61496081
61495534
61495137
61497342
61496663
61527687
61497658
61497422
61497157
61495217
61497473
61497349
61495718
61497495
61497439
61497576
61497544
61496976
61497794
61528149
61528346
61496338
61497542
61497899
61528145
61495763
61497928
61498397
61497896
61496981
61496674
61498088
61528583
61496688
61496789
61496906
61497266
61498053
61528567
61496639
61496126
61496190
61497772
61496305
61498089
61498042
61497780
61498089
61497772
61498300
61496903
61496956
61498110
61498288
61497366
61528686
61528826
61496877
61496943
61496273
61498694
61498286
61497272
61498340
61497105
61496619
61528751
61498640
61498409
61528842
61528754
61498200
61497600
61497180
61498559
61496527
61496871
61497390
61498537
61498743
61496680
61529011
61497976
61529370
61529181
61497178
61498707
61497318
61498733
61497841
61498939
61498547
61498771
61499056
61498729
61498675
61497880
61499057
61499185
61529557
61529852
61498928
61529640
61530030
61498157
61499301
61499295
61498721
61529962
61499105
61498484
61497496
61498580
61498881
61499556
61499749
61499955
61498064
61499434
61498502
61499943
61498045
61498832
61497770
61499918
61499487
61498117
61499881
61498870
61499966
61530331
61498923
61498925
61499521
61500234
61498870
61530697
61498400
61500127
61500326
61500497
61499175
61500383
61499263
61499415
61500736
61499901
61500677
61531224
61500854
61500627
61500761
61498688
61499656
61499664
61500763
61531162
61500627
61499624
61500972
61531224
61499792
61531435
61500265
61499901
61501031
61499938
61499709
61501231
61499454
61531603
61500145
61501390
61501167
61501390
61532320
61501054
61500651
61502584
61502914
61503274
61533811
61503218
61533754
61502689
61503413
61503619
61501539
61501955
61503537
61503698
61534156
61502542
61503774
61502452
61503831
61503849
61505339
61503688
61502012
61501849
61534339
61502752
61503889
61504232
61503692
61504041
61502940
61503721
61503093
61504445
61504535
61504522
61534903
61503485
61534900
61503307
61504436
61534804
61503321
61504621
61535197
61503248
61503441
61505062
61504804
61502864
61503709
61504838
61535213
61503661
61503731
61503324
61504687
61505204
61504778
61504963
61505005
61502516
61504444
61505010
61535025
61504105
61504835
61503018
61504814
61535289
61504300
61504994
61505169
61505181
61504841
61504938
61503903
61503198
61505496
61503849
61504001
61535696
61504919
61503448
61505458
61505459
61535921
61505330
61503444
61505431
61536055
61507981
61538402
61507524
61508104
61507828
61508066
61508190
61506514
61508106
61507005
61507936
61506762
61508257
61538603
61538389
61506921
61508277
61506851
61538693
61538982
61507265
61508310
61508485
61538599
61506900
61539178
61506831
61507443
61508599
61506923
61539108
61508493
61507599
61508889
61539149
61508763
61509013
61539249
61508295
61508946
61508092
61507741
61508930
61509125
61507265
61507063
61539537
61508412
61539709
61507588
61509337
61509335
61507763
61539862
61508144
61509341
61540054
61509215
61539549
61508140
61508058
61509478
61509620
61539845
61509248
61507747
61507172
61508433
61509569
61509669
61509487
61507611
61539878
61539886
61509481
61509523
61509670
61509830
61540068
61508831
61509291
61508426
61540213
61509684
61508688
61509943
61509595
61509162
61509998
61509886
61540108
61539949
61509783
61540375
61508709
61510016
61508249
61510458
61508017
61510198
61510134
61540514
61508967
61510202
61508530
61510739
61508330
61510443
61510493
61540781
61509401
61510588
61509748
61509244
61509702
61510833
61541351
61509461
61510884
61541336
61510717
61508957
61541553
61510775
61510959
61509110
61510313
61511101
61509521
61510950
61541460
61509916
61510061
61511109
61511353
61509592
61511273
61541809
61511397
61509512
61510469
61510361
61511739
61511268
61510467
61511698
61510561
61511438
61511794
61510700
61511796
61509856
61511685
61511662
61542208
61510619
61511068
61510396
61511912
61510175
61511866
61509889
61511052
61512072
61542522
61510569
61510038
61510441
61542434
61542287
61512079
61510751
61511696
61510840
61510982
61510670
61511975
61512322
61510389
61511629
61512537
61512260
61512455
61510865
61511455
61511518
61511732
61510857
61512696
61512016
61512936
61512838
61510896
61513073
61511573
61513284
61511592
61512742
61513451
61513201
61511921
61511336
61511701
61513121
61543534
61511968
61513100
61511256
61513003
61513323
61511624
61513072
61513088
61513255
61511254
61512017
61512017
61511566
61512798
61543284
61511756
61512914
61512914
61512973
61513214
61511871
61513380
61543624
61512032
61513243
61543653
61512039
61513472
61512089
61513229
61543623
61512298
61513509
61543919
61512505
61513664
61515389
61512280
61511717
61513583
61512747
61513986
61544166
61512796
61514082
61544578
61513942
61512056
61544213
61544438
61512838
61514255
61513094
61514449
61514501
61513761
61544725
61513400
61514537
61513168
61514645
61544999
61513526
61513510
61514475
61515151
61514529
61513113
61512927
61514478
61513347
61514610
61514777
61513286
61514580
61513015
61513302
61514875
61545424
61513615
61513821
61513970
61513810
61514990
61545618
61514990
61545562
61513771
61513984
61515325
61515309
61515263
61513728
61545517
61545579
61513677
61545733
61545605
61514373
61515659
61515445
61515689
61514154
61516087
61513743
61545921
61546172
61514018
61516216
61546146
61514432
61513785
61514815
61516135
61515664
61515934
61514939
61515718
61514667
61517091
61517531
61518786
61517382
61519033
61519266
61549627
61517702
61517851
61518843
61519591
61517373
61518316
61519405
61549667
61518125
61519472
61549994
61518114
61519411
61517650
61519274
61549626
61518237
61519441
61549723
61519139
61549790
61549994
61549669
61519629
61519389
61519574
61519379
61549544
61519356
61519481
61519717
61519544
61519713
61518493
61517487
61519972
61550484
61519794
61519718
61520066
61520153
61519805
61520077
61521846
61519983
61520176
61550631
61520025
61520146
61550413
61519061
61520337
61520413
61520469
61518592
61519369
61520392
61520577
61519351
61520487
61520608
61550996
61520631
61520561
61520920
61520777
61520813
61519604
61520123
61520861
61520715
61519499
61521495
61519758
61519025
61521233
61521460
61551416
61521449
61520849
61521090
61551692
61520043
61519252
61520079
61519340
61520623
61521515
61520265
61521528
61520786
61521504
61520199
61551776
61521500
61521747
61519603
61521668
61519955
61521780
61521645
61552250
61521803
61520595
61521739
61521547
61522072
61521863
61552613
61522151
61522135
61522147
61520932
61552357
61522369
61552379
61552435
61521224
61522387
61522142
61522407
61522410
61522630
61520597
61520992
61521924
61522518
61553122
61521539
61522549
61522632
61553173
61521560
61522962
61523016
61523021
61553300
61522250
61522217
61521005
61522505
61522812
61522925
61523008
61523136
61523062
61553416
61522938
61523051
61521746
61522308
61522994
61523114
61523052
61523435
61523416
61521535
61523329
61522076
61523461
61523189
61521348
61521488
61523224
61521860
61521412
61522305
61523560
61553897
61522377
61522522
61522974
61524234
61522580
61523873
61523915
61554413
61522831
61522829
61524006
61522362
61524027
61522093
61523075
61524293
61554708
61524283
61522792
61524545
61524491
61522274
61524136
61522080
61523346
61524454
61523968
61523765
61522256
61524440
61524336
61524515
61524866
61524623
61522512
61555235
61524424
61524512
61522630
61523901
61524788
61522925
61554893
61523651
61524625
61555164
61523702
61524975
61523118
61524718
61524903
61524606
61524902
61523037
61555294
61524572
61524843
61555317
61523656
61524992
61525204
61555528
61524038
61525413
61523553
61525187
61523253
61524197
61525473
61555800
61524146
61525198
61525102
61523163
61525408
61525167
61555624
61524401
61524251
61525581
61525463
61525714
61555952
61524039
61524353
61525660
61525751
61555926
61524052
61524510
61525657
61525722
61523724
61525157
61524652
61524375
61525978
61523761
61526021
61525896
61525976
61524527
61525887
61525779
61526080
61525336
61525860
61526134
61526166
61525405
61556613
61525786
61524909
61526141
61526313
61556581
61524581
61525090
61526237
61556598
61525234
61525026
61526542
61526355
61524542
61526696
61526615
61556760
61525435
61526663
61525431
61525309
61526472
61526644
61526748
61524974
61525233
61526619
61525966
61528519
61526818
61526799
61527080
61527078
61557419
61526731
61526787
61557385
61557344
61527280
61527217
61557524
61526576
61527327
61526475
61526731
61527550
61525922
61525728
61526288
61527414
61527559
61525595
61527681
61525543
61527317
61526365
61528050
61558433
61526604
61527809
61525784
61526254
61527926
61527352
61528238
61526454
61526483
61558280
61558755
61526109
61558569
61527523
61527849
61527915
61526822
61527542
61528176
61530931
61531404
61529855
61562301
61531622
61531471
61562309
61531881
61531978
61531916
61532170
61532058
61562474
61562345
61531778
61562525
61531493
61532635
61562654
61531586
61531212
61532354
61562705
61531444
61532431
61532436
61531455
61532371
61532691
61531461
61532695
61531265
61532626
61530810
61531148
61531196
61532508
61530801
61563012
61562738
61531018
61530546
61530934
61563278
61532435
61531555
61531542
61532849
61530899
61533156
61531449
61563369
61531002
61533153
61532922
61532957
61531069
61532792
61532952
61531118
61531490
61533175
61531492
61533481
61533425
61563926
61532118
61533532
61533241
61533670
61532383
61533712
61533517
61533651
61531975
61533585
61531751
61532623
61533752
61564272
61533330
61533981
61564423
61532747
61534113
61534165
61534132
61564337
61532948
61533983
61532134
61533371
61534279
61532893
61534221
61564465
61532968
61534391
61534019
61534699
61534391
61534423
61533273
61534312
61534546
61534544
61534466
61534358
61534479
61534371
61534687
61534726
61534864
61533022
61534760
61534789
61534825
61533793
61533869
61565452
61533735
61534298
61535058
61532944
61532938
61532939
61534200
61565222
61533388
61534738
61533363
61535038
61535343
61535327
61565458
61565672
61534059
61565585
61534263
61533918
61565927
61534435
61534856
61534361
61535229
61566144
61534400
61533706
61533617
61535493
61535477
61535760
61535835
61534594
61534421
61566314
61535395
61534726
61534844
61536264
61566325
61533967
61534095
61534583
61534501
61535881
61534781
61536168
61536367
61566665
61534077
61536416
61534860
61534600
61536436
61534727
61535513
61536540
61536773
61534902
61536475
61534630
61567054
61535006
61535419
61536740
61536323
61536555
61535932
61536854
61534754
61567106
61535733
61536886
61535200
61535733
61537108
61567296
61537024
61536842
61537003
61567469
61535826
61537003
61538694
61535041
61535382
61535980
61537262
61536445
61535304
61535888
61537296
61536415
61535534
61536142
61537158
61535678
61536064
61567675
61535779
61537380
61535547
61535789
61537305
61536936
61537235
61567678
61536192
61537533
61567771
61536120
61537543
61537154
61537372
61535688
61537647
61535843
61536468
61537744
61568116
61537380
61537658
61535685
61537665
61568119
61536511
61536660
61537848
61568298
61536770
61538293
61538042
61568425
61537476
61538189
61568570
61538529
61538450
61536500
61538513
61538382
61538655
61537110
61537232
61536462
61536785
61538363
61537738
61568941
61568967
61537400
61538602
61537366
61537072
61538098
61538295
61538782
61538751
61537565
61569333
61537238
61569336
61539060
61538795
61539007
61569484
61569384
61536944
61538690
61537861
61537536
61537864
61539215
61569480
61538032
61539263
61569860
61539369
61569709
61547783
61539460
61541129
61540238
61541733
61541698
61542135
61540200
61540558
61541029
61542247
61572416
61541015
61542256
61572671
61541268
61542302
61542328
61542448
61542117
61542624
61572748
61541297
61541308
61542554
61542367
61542687
61572927
61542618
61540729
61541591
61541668
61543022
61542756
61542912
61573194
61541975
61543065
61541711
61543165
61543306
61573662
61542006
61542206
61542275
61543579
61541890
61543811
61543631
61573920
61542759
61543854
61543420
61543394
61543911
61543773
61574423
61541873
61542867
61543911
61542188
61543906
61574274
61542801
61544136
61574493
61543793
61541996
61574208
61542986
61544102
61543836
61544146
61544083
61543915
61542846
61544315
61542738
61544278
61543220
61544387
61574954
61544479
61574757
61543421
61544582
61542598
61542695
61543543
61544878
61544845
61544541
61544085
61542736
61543608
61544833
61542839
61544641
61544139
61575151
61543457
61544841
61543071
61543817
61545151
61544734
61545206
61545046
61545331
61575538
61544806
61544022
61548459
61548174
61548297
61549266
61548750
61549145
61547191
61548009
61549354
61547572
61549668
61547303
61549479
61548550
61549446
61549410
61579814
61548227
61549557
61549155
61549573
61549674
61549131
61549681
61547833
61548315
61549560
61580110
61548630
61549789
61547926
61548414
61549930
61549363
61549684
61547699
61548190
61579987
61548700
61549973
61580311
61549465
61580335
61548037
61580632
61549351
61548905
61550001
61550240
61548236
61549921
61549583
61548884
61550400
61550494
61548853
61549983
61549377
61550774
61550490
61550412
61548401
61548796
61550335
61580808
61549428
61550741
61550318
61549476
61550514
61549424
61549339
61550739
61552340
61550813
61549031
61551025
61581004
61549066
61549551
61550731
61550469
61550490
61549627
61550969
61549358
61550859
61551149
61581491
61550958
61548987
61549996
61551098
61581575
61550395
61551032
61581354
61550952
61551056
61550980
61549911
61551254
61550233
61551417
61549522
61551644
61551879
61551435
61551796
61582120
61550396
61551878
61549991
61551611
61549739
61551091
61582137
61550568
61551862
61582351
61551872
61550298
61551915
61551351
61550892
61551973
61550159
61551224
61552234
61552160
61550333
61550705
61551275
61550581
61552475
61552674
61550892
61552947
61552650
61551016
61552462
61552633
61550737
61551657
61552927
61583158
61551705
61552889
61551240
61552802
61552475
61552011
61552901
61552611
61583234
61552244
61551675
61552852
61550992
61551938
61553078
61583536
61552001
61552689
61583468
61552148
61553373
61553166
61553881
61552115
61553412
61551910
61552327
61553487
61552021
61553216
61552151
61553820
61584025
61552466
61553906
61553586
61554195
61584183
61552666
61552458
61553021
61554180
61551999
61553260
61554123
61584584
61553978
61584447
61552860
61552658
61554188
61554080
61584530
61552817
61554053
61584316
61553364
61552935
61553741
61552143
61553998
61553931
61553696
61553235
61552744
61554267
61554404
61553923
61554111
61553151
61553194
61554432
61554231
61554664
61554706
61554693
61554774
61552653
61553144
61554640
61553238
61552811
61556404
61554819
61554895
61555153
61555312
61555242
61555239
61555240
61555293
61555280
61553932
61555154
61555155
61555327
61555131
61555077
61555458
61585774
61554243
61554154
61555417
61553996
61553410
61557016
61555354
61555489
61555490
61555669
61553449
61586087
61554347
61554059
61555323
61555383
61555120
61556116
61554627
61555900
61556133
61555807
61555295
61555959
61554758
61554405
61556166
61556064
61554311
61556231
61554079
61556093
61556550
61554614
61554594
61556358
61556387
61556151
61555179
61556319
61556234
61586700
61556249
61554995
61555171
61554640
61556321
61556218
61555237
61555357
61555294
61556070
61586798
61555837
61556272
61555300
61555201
61586942
61556602
61555902
61555460
61556576
61556874
61556917
61554737
61587292
61587105
61555771
61556103
61555436
61556944
61554745
61556478
61555745
61556453
61556118
61555838
61557069
61555038
61555838
61557189
61556889
61555913
61557439
61555284
61557366
61557385
61556590
61555703
61555819
61557030
61557340
61556606
61557529
61557262
61555492
61556374
61557651
61557481
61557671
61556026
61556192
61556103
61557911
61556682
61557889
61557531
61556532
61557712
61557898
61588284
61587996
61588202
61557605
61557938
61557821
61557904
61557947
61556932
61556178
61588288
61556312
61556361
61556937
61557004
61556793
61558151
61558132
61557229
61588356
61557981
61556810
61558340
61556444
61588599
61557964
61558258
61558405
61556393
61558642
61558582
61589266
61557402
61558772
61557243
61558690
61556842
61557690
61559072
61556904
61557973
61559058
61589541
61557690
61559189
61557394
61559182
61557773
61559456
61557289
61557893
61559255
61589721
61557889
61559426
61589670
61557851
61557989
61559258
61559235
61589744
61559215
61558545
61559428
61559262
61589406
61558386
61559285
61589508
61558054
61559471
61559150
61559445
61589937
61558125
61559199
61560002
61559619
61559288
61559427
61589866
61558130
61559697
61589973
61558315
61559718
61558019
61559571
61560007
61557693
61558507
61560084
61559252
61560141
61560054
61590409
61559011
61560319
61559937
61560215
61560362
61560296
61560310
61560230
61558262
61559244
61560380
61590812
61564328
61562466
61563622
61564628
61562864
61564563
61562670
61564738
61564783
61595286
61563470
61565018
61563956
61563614
61564805
61595362
61563511
61564859
61563044
61565223
61565030
61564388
61564633
61562860
61564094
61564906
61595466
61562998
61595297
61564887
61563102
61563253
61563824
61565082
61563771
61595552
61595569
61563391
61565010
61564809
61595387
61595589
61563918
61565266
61563166
61563225
61565266
61565165
61565344
61565301
61565408
61563410
61564333
61563735
61595863
61565185
61564817
61565748
61565484
61565867
61565028
61565921
61565814
61596292
61564788
61566102
61564958
61565777
61564662
61565870
61566641
61566303
61566308
61596592
61565100
61566310
61596505
61565553
61566341
61565724
61565336
61566386
61566114
61564400
61566317
61566394
61565565
61564366
61566472
61566453
61596771
61565225
61597114
61565022
61565721
61566576
61597137
61564769
61566496
61564682
61565057
61566539
61566873
61597144
61566164
61566134
61566977
61567001
61597352
61597168
61597296
61567116
61567055
61566523
61566861
61597398
61566777
61566977
61567006
61565888
61566184
61565987
61565080
61566475
61565907
61567393
61567227
61566069
61565038
61567277
61567150
61566036
61566534
61567200
61565168
61567343
61567457
61567294
61566166
61567408
61565397
61567384
61567638
61567390
61567602
61567631
61567762
61566564
61597956
61565977
61566534
61567633
61567641
61568164
61566617
61567839
61567877
61567930
61598225
61566777
61567828
61568061
61567976
61566569
61566601
61565988
61598527
61566514
61567785
61566943
61568141
61568114
61568125
61568273
61566932
61566868
61568231
61568371
61568646
61567101
61598762
61566781
61568586
61567343
61568708
61567490
61567720
61568917
61568949
61567709
61568845
61568891
61567466
61567519
61599397
61566887
61566946
61567616
61567714
61567800
61568284
61568896
61599533
61567291
61599505
61569157
61569199
61567219
61569350
61567565
61568996
61568003
61568698
61569384
61568848
61600016
61600168
61569244
61568900
61569630
61568975
61569837
61569600
61568291
61569026
61569742
61600360
61568778
61569722
61567882
61600159
61600127
61568812
61569992
61600351
61569282
61568268
61568804
61570080
61569834
61570273
61600696
61569015
61570332
61570581
61569607
61570154
61568719
61569767
61570445
61568557
61570314
61570777
61568969
61569627
61570798
61570622
61569667
61571062
61570523
61571171
61568975
61569775
61569352
61571017
61569787
61571429
61570944
61571424
61570016
61571157
61571283
61601605
61570202
61571526
61571018
61571848
61571677
61571573
61570021
61571619
61571577
61601953
61571712
61569715
61570611
61571774
61570716
61571640
61570171
61570353
61571895
61572227
61602492
61572052
61572364
61602800
61571538
61602825
61572375
61570879
61572490
61571131
61572504
61602612
61570730
61572327
61572598
61572342
61572519
61572779
61571004
61571270
61572252
61572525
61572812
61571098
61571608
61603293
61571631
61573030
61570917
61572705
61603319
61572400
61572987
61572007
61572879
61571793
61573254
61603493
61571896
61573206
61571232
61572565
61573151
61571164
61573457
61573150
61571952
61571432
61573155
61573302
61571592
61573114
61572160
61573187
61573186
61573432
61573168
61572067
61573317
61572518
61571792
61572919
61572124
61573544
61573606
61573724
61571648
61604130
61571962
61572320
61573907
61572350
61573462
61572674
61573748
61572573
61573793
61574053
61604284
61573740
61572905
61573280
61572324
61604475
61573022
61574084
61574275
61572182
61604841
61573001
61574271
61574309
61572335
61573505
61575940
61572342
61604560
61573594
61573141
61573074
61574401
61574652
61604762
61572660
61573759
61574502
61574541
61604686
61574129
61573222
61574597
61574653
61572790
61573412
61575162
61573143
61605132
61574068
61575105
61574837
61605116
61573129
61574750
61572959
61574655
61574646
61573612
61575128
61605655
61605515
61574028
61575311
61573605
61574069
61575582
61605593
61574056
61575175
61573451
61575464
61574786
61605984
61606053
61575617
61575683
61575420
61573556
61574291
61575774
61606221
61574559
61575685
61575703
61574543
61575704
61575965
61575248
61575925
61606612
61576123
61574461
61575221
61606597
61576049
61576478
61574608
61576134
61606870
61606691
61576018
61576097
61575165
61574930
61576242
61576598
61576698
61606897
61576783
61575310
61574700
61576759
61576749
61576778
61607108
61574899
61576628
61576830
61576705
61575662
61576643
61606977
61576864
61574903
61576637
61575384
61577060
61576952
61576058
61577200
61577000
61577029
61607311
61577034
61576917
61577102
61607288
61576618
61575645
61576972
61608429
61578639
61578713
61578878
61579196
61609598
61578510
61579708
61579287
61579533
61609575
61609827
61577710
61578280
61578353
61579441
61579607
61579615
61584220
61584348
61584377
61582331
61614835
61583296
61584368
61584648
61614872
61614956
61583223
61582624
61614797
61583315
61584605
61584480
61584978
61584431
61584600
61583733
61584381
61583434
61584690
61584667
61584675
61615036
61584410
61615017
61583266
61615284
61584569
61585076
61615404
61615368
61615591
61583460
61615647
61585180
61585373
61615586
61615897
61584156
61584698
61615803
61585453
61585054
61585787
61585840
61583889
61584087
61584650
61585803
61583928
61585964
61584662
61585193
61585508
61585940
61586048
61585659
61585906
61585976
61585819
61586020
61586093
61584101
61585629
61616338
61616443
61584940
61584865
61586186
61586304
61585161
61585192
61617107
61616835
61586231
61585293
61585329
61586830
61586596
61616934
61617079
61584936
61587064
61617073
61584699
61586897
61586677
61586971
61617292
61617126
61585672
61586876
61587003
61585651
61585265
61585579
61585812
61586929
61586943
61587080
61584956
61617455
61587213
61617441
61585493
61587385
61586265
61587374
61585977
61587729
61587737
61587574
61587654
61587532
61587688
61586413
61587600
61587957
61585737
61586282
61586665
61587992
61586870
61618583
61618557
61618770
61618741
61586559
61588404
61588252
61588424
61587191
61588087
61588552
61586546
61588769
61588555
61587534
61587961
61588045
61588679
61586715
61588640
61589096
61619389
61587923
61588322
61587001
61588371
61619820
61587947
61589459
61587636
61619608
61619756
61588241
61589470
61587372
61587994
61589647
61587650
61589346
61589431
61587732
61588127
61588149
61588647
61589498
61619996
61588403
61589703
61620195
61588403
61589837
61588561
61589904
61620132
61588927
61590049
61587999
61589711
61589882
61620101
61620408
61588864
61589207
61590090
61588045
61590301
61589608
61589070
61590271
61620473
61589260
61590297
61588543
61588331
61589198
61590507
61589227
61590431
61588410
61620735
61590592
61589301
61590560
61590732
61621315
61590592
61588723
61590008
61589793
61589953
61590370
61590583
61589358
61590751
61589164
61590491
61590675
61591066
61590580
61591335
61589672
61591012
61621112
61589747
61591122
61621492
61589709
61591071
61589262
61589606
61591122
61621518
61589023
61621575
61589420
61589404
61589487
61589969
61591095
61589906
61591473
61589643
61591138
61591238
61589630
61591149
61589290
61589415
61591128
61590004
61590053
61591093
61621519
61590029
61591414
61591018
61591199
61590639
61590205
61591402
61621646
61590294
61591666
61589857
61591910
61590768
61590297
61591481
61589880
61591467
61590123
61590440
61591730
61622204
61591710
61589916
61590939
61591910
61590130
61590249
61591046
61591973
61622792
61590693
61592308
61592106
61592366
61622651
61592348
61622710
61592009
61592738
61590791
61591056
61591143
61592377
61591018
61592301
61590866
61622971
61591009
61592354
61622805
61590968
61592398
61591213
61592388
61592498
61623090
61591277
61592779
61591492
61592819
61623295
61592791
61592108
61593086
61593145
61623440
61592923
61591546
61592830
61593191
61591052
61592998
61593174
61623717
61593238
61591802
61591979
61593416
61623529
61592108
61591335
61592111
61593177
61591258
61592271
61593475
61591730
61593327
61592224
61592259
61593516
61623816
61592240
61593441
61623920
61592106
61593646
61591936
61593509
61593756
61591851
61593587
61591528
61592547
61593734
61593616
61593543
61593779
61624253
61623993
61591845
61624389
61592746
61594110
61592285
61593895
61592013
61593832
61624402
61624760
61592803
61594336
61592537
61594059
61592313
61593110
61592713
61593700
61594512
61624967
61593571
61594844
61593066
61594653
61593997
61594802
61595162
61625307
61593670
61593681
61594940
61594822
61595703
61595191
61594040
61595261
61625732
61595292
61595603
61595467
61595483
61593773
61595394
61594382
61595254
61595417
61625712
61594472
61595786
61593998
61595624
61626036
61594684
61595937
61626051
61594143
61594569
61596173
61595668
61595983
61595192
61594787
61595898
61626126
61594766
61626177
61626606
61595203
61596070
61626392
61594928
61596399
61596013
61596560
61596579
61594574
61596212
61594483
61596483
61596382
61626586
61595058
61596484
61596318
61594683
61596280
61595724
61595355
61596467
61626826
61595202
61596561
61596058
61596249
61595196
61594805
61594950
61596325
61626573
61596177
61595207
61596199
61596359
61594476
61595174
61626830
61626812
61595899
61596694
61627143
61596909
61596773
61627229
61595610
61596328
61597044
61595104
61597162
61597068
61627566
61595014
61595128
61596181
61596494
61596471
61596960
61597173
61595237
61596570
61597259
61597183
61595402
61596531
61597293
61596175
61595711
61597335
61596499
61597322
61596167
61597845
61597452
61597867
61595876
61597080
61598049
61595795
61597128
61597957
61628517
61597016
61596360
61597942
61598251
61596274
61597266
61598371
61596483
61597744
61598443
61629112
61597369
61598509
61629299
61598642
61597043
61598027
61598801
61596827
61598957
61600603
61598150
61599070
61597466
61598893
61599003
61599260
61597716
61599159
61629719
61599201
61597788
61599664
61599658
61629920
61598081
61629769
61597865
61598267
61599673
61629937
61598461
61599867
61630425
61598413
61600059
61598309
61599752
61597842
61600139
61599868
61598584
61600189
61600205
61630669
61598823
61600294
61598482
61600098
61599573
61599484
61600101
61630551
61598985
61598833
61604194
61605568
61604564
61604234
61604679
61635872
61604159
61605312
61635724
61604021
61605363
61636077
61605266
61605534
61604134
61605209
61604269
61603746
61636095
61604290
61605775
61603926
61605577
61607390
61604475
61605816
61603877
61605962
61605933
61604546
61606231
61605818
61606187
61604273
61605945
61604529
61605676
61605983
61604967
61605922
61606023
61604694
61606264
61606234
61636681
61605440
61606107
61636405
61604961
61606418
61636464
61605926
61606284
61605800
61606321
61604851
61605909
61604834
61606339
61636783
61606096
61604866
61604442
61606168
61604167
61605883
61606175
61636903
61605228
61606405
61606598
61604865
61605360
61606694
61636949
61605421
61637017
61604605
61606300
61606886
61607171
61605865
61605708
61607036
61637313
61606517
61607186
61605490
61607036
61607282
61605967
61607240
61637439
61607287
61607462
61605804
61607462
61606776
61607395
61607483
61606142
61607227
61607872
61605751
61607118
61607845
61638097
61606712
61608036
61606152
61607800
61605853
61606296
61607604
61607911
61606495
61608206
61608235
61638602
61607065
61608382
61638602
61607478
61607808
61607167
61608545
61608318
61638847
61607333
61608665
61608272
61609027
61606622
61608960
61607393
61606896
61609016
61608816
61609379
61609026
61639356
61608930
61608285
61608051
61608557
61639341
61608064
61609460
61639801
61608019
61609453
61639722
61609029
61610848
61609198
61608877
61609119
61607247
61608040
61609364
61609147
61609248
61607257
61608517
61609479
61639776
61608091
61609083
61608289
61609428
61608243
61609500
61609610
61607961
61608203
61609668
61609312
61609520
61608193
61640238
61609650
61608309
61609863
61609942
61640281
61608643
61609929
61640414
61609854
61608736
61610066
61609907
61640229
61609252
61609965
61610165
61640252
61609383
61609925
61640292
61608516
61640327
61610255
61610137
61640487
61609131
61610356
61640809
61610329
61608907
61610091
61610323
61610579
61641057
61610603
61609883
61610478
61611154
61609500
61610974
61611202
61609263
61610919
61641263
61610898
61610684
61608922
61611028
61610927
61608806
61609886
61610298
61641428
61610164
61610978
61641620
61609780
61611061
61641495
61609719
61611051
61641463
61610852
61609813
61610795
61610892
61609570
61610918
61610928
61610296
61611332
61609228
61611410
61611343
61611420
61611024
61610192
61611284
61641668
61610415
61611636
61642090
61611390
61610388
61611504
61611697
61642058
61610513
61611936
61642087
61610578
61611827
61610765
61611296
61611314
61611598
61611942
61611220
61611996
61610029
61611066
61612320
61610043
61611188
61612242
61642537
61611329
61612383
61642959
61611034
61612413
61610632
61612229
61610555
61612510
61612450
61611607
61612671
61612498
61642733
61611373
61612563
61610693
61612370
61642917
61611535
61612496
61642838
61611603
61612582
61642970
61612296
61612504
61611112
61612820
61643195
61611325
61612768
61610854
61613070
61612810
61612421
61612509
61611368
61611816
61612604
61612759
61612914
61643166
61611755
61613076
61643525
61611642
61613040
61643252
61611900
61613152
61643356
61611767
61613091
61643787
61611722
61613368
61611367
61612923
61613180
61611362
61613623
61611579
61613210
61613231
61611339
61611972
61613378
61612714
61613538
61613440
61612088
61612675
61613625
61643855
61613008
61613554
61612485
61613381
61612989
61644085
61612535
61613746
61615221
61613881
61613816
61615386
61646103
61646140
61614141
61615725
61615217
61646571
61616118
61616177
61646445
61616199
61616162
61615388
61616070
61614819
61616366
61646735
61615114
61646884
61614650
61616899
61616746
61614892
61616971
61615073
61616322
61616434
61614616
61615956
61616803
61616205
61615851
61617008
61647496
61616884
61614988
61617111
61616823
61647343
61615610
61615344
61616933
61615613
61617085
61615996
61617224
61647781
61617176
61615945
61617249
61617343
61619239
61616167
61617446
61648043
61616392
61617545
61647599
61616354
61617624
61616154
61615936
61616198
61617598
61648128
61616410
61616436
61617535
61617802
61615752
61617906
61617740
61648062
61616536
61617911
61648355
61616456
61617941
61616418
61617784
61616629
61617371
61617716
61615933
61617296
61618140
61648387
61616720
61618164
61616468
61617993
61616797
61617048
61617958
61648463
61617301
61648880
61648581
61618439
61618342
61620251
61618686
61618520
61620337
61618666
61618692
61649001
61617675
61619037
61649412
61617846
61649616
61619274
61619251
61617857
61619117
61619388
61649717
61618167
61617935
61619650
61617927
61619538
61618997
61619741
61619236
61650021
61618573
61650032
61618462
61620444
61617860
61619320
61619455
61650370
61618852
61618812
61618248
61619693
61620057
61619313
61619870
61620186
61650643
61619064
61620347
61650749
61619050
61620323
61619930
61620162
61618818
61618919
61620154
61650642
61619193
61620603
61619030
61618998
61620514
61618845
61650586
61618817
61619360
61620647
61651063
61619278
61620859
61619138
61620776
61619457
61619961
61621001
61651283
61620078
61651569
61619518
61619862
61621244
61621231
61619168
61620480
61620766
61651639
61620245
61621251
61651773
61620077
61621473
61651512
61651733
61619929
61619786
61621511
61651977
61620673
61621706
61651908
61621702
61621778
61619732
61621865
61620974
61652022
61620721
61621922
61652584
61619902
61652548
61620775
61622216
61622193
61622365
61622024
61622146
61620816
61622448
61622380
61620325
61622401
61620256
61622464
61622270
61622229
61622359
61621718
61622601
61622633
61652917
61653174
61622789
61653258
61621543
61622877
61653389
61622409
61623326
61623250
61621139
61621761
61653581
61622171
61623331
61621528
61623101
61621472
61622015
61623844
61621468
61622292
61623421
61653980
61622155
61623513
61621752
61622137
61623616
61623357
61623543
61623804
61623385
61622507
61623804
61654056
61622517
61623865
61623544
61624107
61622013
61622773
61624063
61622038
61654568
61622430
61623824
61622484
61623881
61623062
61622995
61624134
61623099
61654724
61623308
61624522
61624475
61623998
61623330
61624462
61630572
61660889
61630270
61629218
61630536
61629830
61628766
61630452
61629053
61629541
61630748
61661106
61630677
61629520
61630458
61630673
61660932
61630019
61630838
61661390
61629668
61631060
61629350
61630947
61629137
61631160
61631127
61661371
61629984
61631217
61629538
61630009
61631095
61630025
61630047
61631207
61630933
61631254
61631514
61629640
61631345
61661686
61631566
61630504
61630335
61631515
61631564
61661880
61630391
61631766
61662079
61630408
61631582
61631590
61631222
61630539
61631600
61632334
61629961
61631711
61631849
61630355
61630802
61632155
61662738
61630799
61632065
61662744
61631014
61632102
61630379
61632003
61631726
61630726
61631937
61662476
61630705
61632259
61662359
61631364
61630617
61632037
61632223
61662330
61631112
61632363
61630368
61632476
61630989
61632678
61631262
61632636
61632828
61663042
61631764
61632945
61632790
61633022
61630994
61632857
61632883
61631595
61632892
61631693
61632764
61631353
61632945
61633129
61631929
61632873
61663332
61632927
61633666
61632307
61631955
61633319
61631412
61633521
61633297
61633530
61631858
61633390
61633637
61633251
61633631
61635192
61631498
61663882
61632204
61633723
61633282
61634007
61631542
61633679
61631576
61633298
61632900
61664090
61633866
61633696
61631941
61632626
61633710
61664187
61632742
61633187
61633855
61632599
61632747
61634007
61633249
61632233
61632752
61634130
61664361
61632878
61632952
61633086
61634338
61664775
61633045
61634383
61664798
61633513
61634496
61664924
61633161
61634466
61632769
61634319
61633012
61634617
61634547
61632470
61634665
61634560
61665023
61633376
61634824
61634941
61634877
61633341
61634833
61633048
61633392
61633588
61634655
61634794
61634856
61632856
61633840
61635079
61633182
61634806
61633468
61633172
61633526
61635152
61665715
61633917
61633968
61634819
61632879
61665339
61634794
61634971
61633928
61634845
61634961
61633740
61633497
61633745
61635217
61665589
61633749
61635182
61665539
61633787
61635277
61635034
61635290
61634122
61633592
61635342
61635462
61665895
61635270
61635482
61633646
61633825
61634358
61635634
61635594
61634827
61635347
61634329
61634334
61635754
61633774
61635958
61635686
61635137
61666150
61636035
61635996
61634851
61634355
61636145
61634334
61635960
61636294
61635567
61636340
61636304
61666884
61635206
61636588
61634807
61636431
61636616
61667053
61636517
61634669
61635981
61636828
61667357
61635360
61636777
61667123
61667187
61636619
61636717
61636878
61635107
61636693
61635332
61636974
61635943
61637351
61636325
61636654
61636925
61636196
61636647
61636964
61637122
61667439
61635863
61637245
61667754
61637183
61636066
61637496
61637440
61635484
61636671
61637697
61668307
61636544
61637875
61668180
61637728
61635767
61637230
61638082
61668365
61636656
61636558
61638064
61636293
61637917
61636837
61638058
61638100
61636595
61637012
61638066
61637305
61637674
61638013
61636091
61636936
61638014
61638063
61668626
61636893
61638382
61668822
61636982
61638522
61668828
61637390
61638419
61668845
61668797
61637371
61638459
61668916
61637666
61637274
61638669
61636712
61636451
61638799
61638631
61638082
61639012
61638777
61638967
61637196
61669350
61637609
61638828
61639007
61638538
61639013
61638257
61639054
61638874
61636870
61638284
61639015
61669558
61637897
61639128
61669134
61669294
61638065
61639332
61637166
61638274
61639171
61669379
61637997
61639221
61669546
61638072
61639321
61669918
61637949
61639297
61637608
61639309
61637308
61638153
61639300
61638689
61638180
61639321
61637503
61639223
61639407
61639619
61638297
61637873
61638142
61639593
61670070
61638374
61639935
61638239
61639747
61638004
61640059
61640002
61670511
61638833
61640133
61670433
61638946
61640355
61638543
61640196
61640413
61638795
61640306
61638417
61639320
61640486
61670905
61639267
61640612
61640514
61670877
61639290
61639597
61640357
61638498
61640675
61640978
61640543
61640892
61639090
61640752
61640964
61639200
61640862
61641033
61639343
61639814
61641101
61671490
61639965
61641234
61671633
61640006
61641460
61639664
61639693
61640247
61641393
61641603
61639691
61640526
61641747
61672025
61640618
61641935
61672155
61640395
61641990
61672177
61640577
61642069
61672274
61640944
61642007
61672313
61641165
61640390
61641620
61639737
61642017
61641854
61672338
61640810
61642059
61640295
61641967
61640164
61640991
61642199
61672561
61672623
61641247
61642404
61640776
61641044
61642478
61641198
61642474
61640568
61641571
61642101
61640988
61642558
61642560
61672914
61641325
61642700
61640494
61642678
61642618
61642722
61672987
61641566
61642767
61642755
61673064
61641666
61643076
61673331
61641811
61642911
61673155
61642236
61642946
61640843
61642244
61642892
61673177
61641739
61643186
61673515
61642786
61642983
61642379
61643179
61643095
61641220
61643254
61641505
61643231
61643368
61641631
61641962
61641933
61643360
61673660
61642296
61643756
61641437
61642395
61643595
61674094
61642888
61643770
61641694
61643167
61643247
61643761
61642774
61643856
61643987
61643275
61641940
61642441
61644118
61644330
61644447
61644110
61643246
61644561
61642752
61675105
61643412
61644658
61675127
61643093
61643755
61645042
61675322
61643899
61645179
61675554
61643886
61645176
61675267
61643951
61645100
61675329
61643732
61645190
61645134
61645295
61643595
61645230
61645501
61645187
61645245
61643877
61645133
61645317
61643455
61645357
61645490
61675747
61644638
61644126
61645652
61676091
61644619
61645916
61676342
61644838
61646210
61676563
61644841
61645627
61645049
61645020
61646212
61646097
61644478
61646540
61646405
61644514
61645489
61646618
61644614
61646822
61646741
61677016
61645619
61645501
61646709
61677258
61646203
61646988
61646958
61645179
61646769
61646677
61646844
61645044
61646708
61646933
61646325
61645402
61647036
61645654
61647112
61677612
61646116
61647365
61677787
61646064
61647251
61647129
61646622
61646971
61647278
61645971
61647603
61647502
61646817
61647299
61647639
61645467
61645270
61645637
61647237
61647422
61645672
61647334
61646798
61645682
61647293
61645373
61646341
61649447
61679916
61648399
61649862
61680403
61680330
61649294
61650137
61648852
61648898
61650044
61650084
61649082
61649951
61649040
61650433
61648733
61649064
61650508
61650122
61650419
61650509
61649787
61650698
61650703
61650807
61649007
61651079
61650887
61650602
61650856
61681488
61649614
61649725
61651247
61649246
61651106
61651695
61649943
61651587
61651194
61651568
61651781
61650034
61651659
61650451
61651560
61651941
61682038
61650765
61651742
61652015
61682545
61650878
61652253
61650495
61651966
61650094
61652155
61652140
61682602
61651158
61652328
61682585
61682828
61651768
61652583
61651401
61652866
61683065
61658636
61659533
61659488
61657684
61658028
61659700
61658633
61659523
61659711
61660097
61657700
61690430
61658772
61660188
61658496
61658669
61659003
61660434
61660323
61690789
61659725
61660465
61662259
61690795
61659496
61660604
61690936
61659567
61660696
61660691
61659808
61659544
61660992
61660238
61659588
61691530
61659882
61661158
61691472
61660298
61660386
61660952
61659302
61660656
61661557
61691933
61659469
61661930
61661508
61659780
61662029
61662145
61659913
61660195
61661778
61662055
61692394
61660728
61662052
61692491
61660762
61660863
61662283
61692605
61661109
61662313
61692533
61661408
61662297
61692725
61692649
61662277
61662584
61661840
61662229
61662440
61662755
61693004
61661284
61662605
61660882
61662530
61661935
61662466
61662337
61662607
61662816
61661106
61662856
61662759
61661384
61663034
61663025
61660870
61661876
61663018
61662985
61661272
61662920
61661112
61662446
61663135
61661014
61663222
61663176
61663000
61663230
61693762
61661926
61662584
61663300
61661442
61663045
61663301
61662693
61663223
61662202
61663657
61661930
61663537
61662437
61663765
61694049
61662690
61663771
61694032
61663163
61664042
61662349
61664035
61662992
61664333
61664232
61694600
61694684
61663269
61664326
61666256
61662296
61663414
61664618
61664705
61662649
61663504
61664623
61664840
61695379
61663416
61664867
61662870
61695265
61663476
61664906
61665037
61695143
61664300
61665147
61695367
61663987
61665260
61695538
61663946
61665212
61663184
61665303
61665357
61663191
61664917
61665685
61663387
61665536
61665049
61665332
61664703
61665179
61665274
61665488
61665799
61663864
61664327
61665659
61695983
61664823
61665525
61667253
61695893
61665754
61665649
61664286
61665271
61664322
61665667
61696109
61664381
61664853
61664908
61665780
61696285
61664565
61665923
61696103
61665090
61665824
61664970
61665936
61665560
61665741
61663985
61666033
61665905
61665968
61664269
61665845
61666057
61664245
61665893
61666078
61696600
61664805
61664919
61666035
61696330
61665408
61666185
61665448
61666307
61666124
61664157
61665493
61666144
61664905
61696668
61696541
61696800
61666376
61666441
61666484
61664627
61665136
61666388
61666396
61696894
61665590
61666543
61664577
61666310
61666360
61666658
61696947
61665372
61666621
61697033
61697138
61665878
61666890
61697316
61666197
61666886
61697325
61666327
61666958
61666321
61666762
61666722
61666964
61665836
61666893
61667542
61667245
61665573
61666074
61667379
61697877
61667204
61666075
61665707
61665801
61666224
61667722
61698225
61667648
61666527
61667680
61668315
61667912
61698372
61666672
61667969
61667875
61697923
61666595
61667710
61697940
61667667
61667782
61667135
61667499
61668162
61667123
61668057
61667913
61666044
61667835
61667015
61667223
61667154
61666278
61668083
61667448
61667985
61668716
61666904
61668594
61698804
61698690
61667556
61668506
61666481
61668614
61668394
61668589
61666660
61668308
61668579
61666783
61668380
61668627
61668330
61668701
61668382
61668607
61668587
61668391
61668631
61699046
61667359
61668683
61666600
61668456
61668787
61668193
61669007
61668998
61699399
61699497
61668438
61669192
61667215
61669385
61669662
61669501
61669057
61669299
61667980
61669550
61699551
61669610
61669835
61669647
61699758
61668341
61669710
61667602
61700154
61667423
61667829
61668293
61669710
61667332
61668543
61669712
61667588
61668969
61669682
61700166
61668456
61669846
61700417
61668737
61669983
61700289
61669222
61670010
61669718
61667900
61670054
61669928
61669164
61669653
61669817
61670029
61700434
61668756
61669967
61669855
61668715
61669165
61700552
61668808
61670132
61700427
61669219
61669489
61669555
61670254
61700450
61669022
61670158
61669211
61670331
61670622
61668962
61668682
61700961
61669265
61670325
61700689
61669515
61670394
61700678
61669828
61670609
61670685
61670190
61669166
61670658
61701074
61669444
61669422
61670701
61668748
61670495
61670689
61670901
61668788
61701348
61669987
61671089
61669194
61671030
61701942
61670155
61671530
61701483
61670383
61671383
61671369
61671701
61701979
61670387
61671554
61701915
61670325
61671686
61670949
61671305
61671465
61671739
61671380
61671607
61669814
61670571
61671789
61669774
61670643
61671823
61702147
61671197
61671991
61672280
61671256
61671608
61671901
61670896
61670185
61702607
61670887
61672136
61670600
61672183
61672269
61702764
61670900
61671148
61672619
61702791
61671508
61671609
61672772
61672776
61670556
61672716
61673002
61672747
61672498
61672586
61672760
61670972
61671367
61672781
61671068
61672644
61672748
61672984
61703183
61671831
61673032
61703375
61671804
61673131
61673270
61671101
61672468
61673208
61672372
61672548
61703914
61672181
61673474
61703829
61673408
61673750
61671895
61673021
61673305
61673578
61671328
61704113
61672407
61673649
61673783
61673860
61673984
61704455
61674092
61672572
61674118
61674120
61704292
61673732
61673061
61674037
61674321
61673574
61672545
61704725
61674124
61673151
61674840
61674553
61674633
61674616
61672979
61674586
61672601
61705028
61673772
61674816
61705167
61674264
61675001
61705355
61674391
61675080
61705375
61674184
61675261
61675055
61673902
61673475
61675075
61674074
61675162
61675325
61674098
61675045
61674961
61705626
61705662
61675488
61675339
61673567
61675714
61675527
61673526
61675686
61675599
61673611
61675344
61674488
61675795
61677215
61673508
61675678
61675642
61705862
61674599
61675797
61706271
61676011
61676105
61675132
61706403
61674580
61676004
61674219
61675973
61674640
61676221
61675914
61676232
61674792
61674563
61676126
61674867
61676270
61706432
61675483
61676268
61676160
61676427
61675911
61674873
61676327
61706502
61675812
61675028
61676550
61676507
61675582
61674737
61676385
61675113
61706942
61675284
61676721
61707125
61675407
61676734
61706882
61676519
61675058
61675498
61676942
61707213
61676130
61676214
61675469
61675261
61676566
61675919
61677079
61707526
61676206
61677212
61707584
61675936
61677041
61707554
61676323
61677311
61677081
61675743
61707671
61676055
61677420
61707974
61676207
61677545
61707957
61675425
61677346
61677129
61675624
61707955
61678032
61677900
61675875
61676641
61677987
61676555
61676474
61676118
61676526
61678172
61708283
61676793
61676518
61678345
61677384
61678291
61678054
61678308
61676561
61678321
61676371
61708542
61678229
61677283
61678580
61709120
61677280
61678673
61709026
61709189
61677610
61678897
61709039
61677881
61679019
61676896
61677188
61678719
61679447
61679358
61709679
61679145
61678381
61678853
61679728
61679393
61709573
61678485
61679362
61681145
61709607
61679280
61679423
61679339
61679514
61709963
61678491
61679565
61678472
61677938
61679637
61679029
61678299
61678087
61678513
61679960
61677788
61679655
61678439
61680006
61678204
61679815
61680000
61710354
61710334
61680174
61680016
61679944
61678402
61678781
61680225
61710656
61678925
61680174
61680251
61678202
61680400
61680146
61680331
61680384
61710644
61679821
61680445
61678533
61680803
61680466
61679897
61678891
61680604
61678735
61680331
61680665
61680765
61680420
61679159
61679573
61680921
61678875
61679771
61680964
61681062
61679459
61711421
61680109
61679952
61680004
61681441
61681297
61680019
61679472
61680018
61712778
61681345
61681863
61683594
61681568
61713873
61683809
61682323
61683907
61714055
61683991
61683449
61682614
61683886
61681909
61684074
61714455
61682907
61683031
61684259
61682241
61684551
61684791
61683201
61684522
61715064
61683451
61684806
61684719
61683396
61684617
61684701
61684834
61685019
61715479
61684799
61691411
61692728
61723119
61691959
61692888
61690686
61692641
61692678
61692577
61692830
61723138
61692723
61723471
61691686
61693128
61723551
61691807
61693162
61693239
61723475
61693425
61692773
61692019
61693340
61695238
61691470
61693202
61692205
61693704
61724090
61692479
61693622
61723927
61692452
61693803
61693720
61691728
61693813
61693763
61693109
61693608
61693870
61694028
61692182
61693816
61693766
61694077
61724322
61693920
61693928
61692656
61693836
61694146
61694270
61724476
61693585
61692494
61694077
61692860
61694389
61694466
61692427
61694214
61693166
61694652
61725174
61693451
61694604
61692664
61694944
61693518
61693621
61694822
61725042
61694961
61694867
61692767
61694637
61694889
61694937
61725229
61692852
61695087
61694957
61694960
61693645
61693300
61695074
61695509
61695446
61725715
61694348
61695412
61693462
61694453
61695621
61693997
61695339
61695724
61693617
61695332
61695506
61695619
61725973
61725895
61695341
61695611
61694391
61695887
61694126
61694494
61695911
61726329
61695011
61696068
61693978
61695285
61696150
61726428
61695179
61696311
61694282
61696648
61696371
61696614
61696626
61726774
61695442
61696605
61727090
61696012
61696643
61694728
61695672
61696729
61696846
61694962
61727144
61695473
61696725
61694799
61694688
61694942
61696679
61695437
61695219
61695724
61697138
61697097
61727379
61696239
61697196
61695178
61696990
61697198
61697400
61727635
61695956
61697263
61697110
61695668
61696790
61697111
61695815
61695504
61697200
61696195
61695675
61695988
61697432
61727703
61727609
61697220
61697876
61696772
61695869
61697408
61696174
61695894
61696334
61697727
61727910
61697941
61697535
61697756
61697821
61696167
61696699
61697767
61695766
61728352
61696779
61698227
61699839
61696196
61697970
61696648
61698196
61700017
61728627
61698459
61698523
61698340
61696540
61698371
61696902
61697390
61698776
61698696
61698865
61697032
61698737
61697492
61697379
61729391
61697774
61698940
61700545
61696834
61699104
61698959
61697399
61697205
61697690
61698969
61699087
61697714
61697537
61697840
61699352
61697255
61698014
61699322
61697948
61699156
61699466
61698338
61699482
61699624
61698863
61699290
61698167
61699868
61730284
61698513
61699785
61699896
61698000
61699670
61699788
61730078
61730198
61698735
61699936
61730157
61699353
61699987
61697883
61699394
61699994
61730354
61698900
61697876
61730534
61698924
61699961
61698323
61699013
61700248
61730776
61699572
61700199
61730618
61730528
61698047
61698504
61700203
61700524
61730672
61699152
61700350
61698637
61700295
61699147
61700332
61700712
61730869
61700272
61699252
61700741
61699093
61699348
61700888
61699461
61700721
61700936
61731114
61699674
61700850
61731241
61700724
61701097
61731304
61699813
61701113
61701101
61699062
61700809
61700976
61700111
61699915
61701136
61731606
61700454
61700463
61699935
61701330
61701567
61731832
61700786
61701485
61699696
61701310
61701504
61700411
61700531
61701786
61700954
61700136
61700453
61732020
61702121
61702188
61700554
61700202
61701891
61702089
61700400
61701960
61702172
61732793
61700936
61702326
61702263
61700241
61732760
61701728
61702483
61700355
61702587
61702322
61702320
61700434
61700727
61701041
61702594
61733018
61701243
61702711
61733060
61701527
61702687
61733080
61701721
61732715
61701840
61700502
61702265
61702456
61702764
61733136
61701488
61702737
61733166
61701789
61700714
61700986
61701413
61702980
61701649
61702772
61702995
61733290
61702210
61702800
61703054
61701106
61733373
61733279
61733592
61701269
61702989
61702997
61733464
61702028
61702075
61702223
61703154
61701272
61703309
61703055
61703342
61733586
61702344
61702433
61701836
61703199
61703582
61701602
61702005
61703380
61701280
61702941
61701807
61703425
61701616
61703226
61701440
61703707
61703621
61733845
61702392
61703617
61702904
61734069
61703710
61702835
61701995
61733974
61701669
61734037
61702696
61703695
61701820
61703577
61703775
61703960
61702274
61734306
61701749
61703628
61702543
61703960
61734437
61703006
61704042
61734419
61702924
61704231
61704136
61702369
61702785
61704073
61703045
61702652
61704413
61704584
61735081
61703359
61704454
61704150
61703369
61704586
61704704
61735158
61703489
61704735
61734976
61703579
61704663
61704439
61704800
61703381
61703245
61704917
61705222
61703413
61703959
61705300
61735448
61704485
61705412
61735626
61735415
61705467
61705318
61704703
61703764
61704090
61703510
61704351
61705169
61703887
61703686
61735604
61704583
61703697
61735886
61735644
61705339
61705465
61705625
61736099
61704517
61705574
61703576
61704606
61705698
61735953
61705867
61704241
61703772
61704201
61704481
61705972
61736222
61705109
61705873
61736264
61706029
61705684
61703946
61705798
61706106
61736450
61704898
61706198
61705857
61704898
61706321
61705131
61705190
61705415
61705148
61704615
61706253
61704919
61704847
61736556
61704820
61705208
61706762
61705149
61706758
61706964
61705230
61706851
61707060
61707044
61737446
61705891
61707037
61737460
61706340
61704857
61706792
61707174
61707332
61705649
61706024
61707530
61705715
61706131
61707500
61705389
61707642
61705641
61707573
61708176
61706564
61708120
61707767
61705958
61707722
61707904
61738134
61706997
61707701
61705759
61706994
61707887
61738542
61706682
61708017
61707855
61708335
61708100
61706353
61708075
61707464
61706547
61706875
61707629
61707166
61708214
61708408
61708390
61707279
61708431
61706539
61708611
61708411
61708751
61706781
61708589
61708876
61709034
61708656
61708900
61709024
61707205
61708891
61709086
61708864
61709171
61709294
61739628
61708543
61709256
61707374
61709174
61709308
61709329
61739912
61708268
61707622
61709597
61709942
61709757
61740214
61708518
61709665
61739867
61708491
61709741
61707705
61740126
61709014
61710059
61709951
61740102
61710056
61709819
61710049
61707915
61708348
61709868
61708850
61710140
61708689
61709224
61710124
61740743
61709067
61710307
61710475
61740701
61709205
61710502
61740612
61709799
61708275
61708460
61710258
61710786
61710597
61709311
61709024
61710570
61710782
61741068
61709980
61710413
61710113
61709488
61711152
61710175
61710963
61709146
61711013
61711053
61711351
61711033
61711374
61711374
61741886
61741392
61711166
61741623
61710522
61711252
61741671
61710380
61710661
61711445
61709715
61711261
61710321
61709695
61711343
61710057
61711581
61710234
61742073
61710284
61711831
61742131
61710572
61711598
61742013
61709636
61742135
61711479
61711652
61711814
61710476
61711605
61710549
61710533
61711868
61742214
61742355
61711827
61711939
61711862
61712430
61712205
61742669
61711165
61712321
61742793
61712601
61712337
61712567
61712706
61712429
61712717
61712321
61712521
61710770
61711192
61712673
61711658
61712843
61713045
61713170
61711330
61712851
61743743
61711958
61713430
61713207
61711080
61711581
61713024
61713349
61743936
61713352
61713527
61711783
61713377
61712868
61713457
61713569
61713804
61744080
61713590
61715140
61715359
61714291
61715592
61715568
61715989
61714279
61714606
61716126
61715888
61714732
61716365
61718083
61715137
61716408
61716548
61716724
61716615
61716647
61715521
61715716
61716746
61716898
61747187
61716971
61715475
61716782
61717053
61747661
61747362
61715748
61747707
61716418
61717403
61716002
61717084
61717490
61717429
61719276
61717806
61715607
61717532
61717593
61717925
61716044
61716385
61717874
61748284
61716769
61717895
61718131
61748408
61716877
61716007
61717822
61718092
61718290
61718591
61718265
61716963
61716861
61717335
61718509
61717331
61717090
61718647
61717543
61718458
61718716
61748997
61718827
61718665
61718881
61717422
61749360
61717650
61718886
61718546
61717583
61718951
61718853
61749282
61717033
61749330
61719141
61719075
61719438
61719126
61718969
61719189
61749558
61749511
61749707
61749875
61718371
61719493
61717315
61719202
61719530
61719654
61750124
61718979
61720011
61719032
61718577
61719676
61719858
61750078
61719106
61719957
61717835
61718615
61719933
61720180
61720043
61720402
61750436
61720380
61720068
61720464
61718145
61719929
61718925
61719289
61719393
61720618
61718610
61718831
61719496
61720554
61718556
61720207
61720625
61720495
61720728
61720600
61720772
61751221
61720917
61721019
61720982
61751104
61720786
61721078
61751388
61719743
61720947
61719495
61719327
61719812
61721147
61719095
61721062
61721261
61751444
61720863
61721022
61721261
61751534
61720393
61720653
61721263
61751737
61721312
61721120
61721356
61720113
61721229
61721449
61727786
61729635
61728539
61730055
61729212
61729616
61728698
61729827
61730055
61760434
61760322
61728236
61728389
61760706
61730216
61728143
61729151
61730154
61730395
61730564
61729071
61730439
61730450
61728586
61730285
61730630
61730931
61729119
61729744
61730870
61761189
61729940
61730813
61731094
61761433
61730422
61729059
61730213
61729396
61729734
61731082
61730924
61730000
61731089
61731306
61761460
61731345
61731163
61731461
61761564
61731014
61730254
61730839
61731596
61731389
61731565
61761521
61731443
61731391
61731702
61761903
61731711
61731444
61731796
61729682
61729989
61762052
61762006
61731621
61730490
61732027
61731195
61730234
61730794
61731947
61731044
61730351
61730901
61732102
61732278
61762594
61731958
61731109
61732484
61762482
61732083
61731035
61732502
61730276
61731117
61731077
61732408
61730895
61731026
61732310
61731190
61730868
61731329
61732543
61732702
61763304
61731659
61732354
61763061
61731953
61732646
61732886
61732795
61763262
61731628
61732716
61732078
61731175
61731625
61732864
61732223
61731231
61731791
61733142
61731090
61733089
61733495
61733208
61731417
61731908
61733335
61733213
61733451
61733387
61763936
61732330
61732449
61733652
61763755
61732383
61734061
61733640
61764135
61732487
61733681
61732490
61732186
61732609
61732761
61733975
61732831
61732823
61732789
61733796
61733810
61732951
61734144
61734112
61764487
61733138
61734582
61734230
61764591
61733502
61734755
61734532
61732408
61732820
61764614
61732545
61765242
61733706
61734558
61733263
61734986
61734630
61734922
61733693
61734920
61735103
61765670
61734315
61735069
61735084
61765377
61734323
61735040
61735116
61733111
61735021
61735176
61765329
61735188
61734962
61735010
61765209
61733946
61734857
61735090
61733402
61733783
61734845
61735081
61733073
61734974
61765752
61734325
61735191
61735424
61735064
61735032
61734213
61735507
61735580
61765834
61735554
61735314
61735574
61765701
61734661
61735499
61735686
61735704
61734279
61734657
61735930
61733758
61735662
61736030
61735361
61766604
61735238
61736038
61736247
61766470
61736280
61736040
61736276
61734374
61736469
61736324
61766682
61735618
61736485
61736476
61766666
61736036
61736152
61734884
61735173
61735023
61736596
61735134
61766838
61736631
61736480
61736908
61766967
61735911
61736511
61735944
61735433
61735397
61735710
61735235
61735816
61737105
61735592
61737028
61736276
61767362
61735994
61737018
61735904
61736878
61735848
61737079
61735994
61767671
61735983
61737190
61737339
61767514
61737330
61737314
61767429
61737279
61735817
61737251
61735233
61737066
61736010
61737481
61767489
61737453
61737299
61735993
61735771
61736156
61737515
61739301
61737512
61737864
61768005
61737400
61736448
61737560
61737708
61737788
61737258
61735925
61737705
61737516
61737650
61767811
61736438
61737516
61735477
61735885
61736319
61737766
61735591
61736514
61738301
61736599
61737837
61739552
61738307
61738020
61768277
61738131
61737859
61738052
61768612
61736854
61737983
61736043
61738510
61738096
61736818
61768519
61737198
61737586
61738116
61737027
61738040
61738627
61768738
61738639
61738501
61738560
61768772
61737946
61738772
61737278
61737049
61737507
61738735
61738421
61737428
61738776
61736816
61738898
61739287
61739072
61769113
61739125
61738861
61738981
61737359
61738977
61737699
61738985
61737835
61769790
61738218
61739320
61739502
61769813
61739637
61738094
61739486
61737375
61769641
61739540
61739484
61739594
61769838
61739792
61739910
61770261
61737866
61739907
61740072
61770282
61739581
61738725
61739963
61738037
61739818
61740054
61740314
61770630
61739131
61740314
61739499
61740156
61739444
61740313
61740580
61740359
61739280
61740304
61740618
61770899
61739561
61740514
61740713
61771023
61739536
61740662
61738901
61740695
61740571
61741012
61738840
61740973
61741400
61741072
61740205
61739227
61740290
61739394
61771346
61741010
61740818
61740944
61740166
61739311
61739875
61741056
61740424
61741221
61741202
61771402
61741035
61740079
61739425
61741094
61740502
61741359
61741336
61741597
61740392
61741548
61741703
61771931
61740888
61742027
61741842
61739587
61740432
61740433
61772220
61740716
61740454
61742045
61772230
61742068
61740538
61742030
61740001
61740846
61742034
61742208
61742356
61742102
61742263
61772450
61742067
61742302
61740327
61741580
61742497
61740979
61772836
61742595
61742451
61742557
61773024
61741920
61743089
61742802
61773062
61741727
61742805
61741467
61741657
61743196
61743252
61773470
61742248
61773561
61741151
61741465
61773750
61742846
61742027
61743218
61742057
61741596
61743178
61743336
61773821
61743492
61743651
61773941
61743007
61744089
61743891
61773893
61743381
61742408
61743718
61774165
61743594
61743743
61743894
61743786
61744402
61744065
61741890
61743691
61742849
61744108
61743344
61742349
61742833
61743446
61744227
61743938
61743912
61744443
61744055
61744087
61743000
61742200
61744422
61744526
61774783
61744281
61743487
61744572
61744928
61746373
61744119
61744600
61744742
61744703
61744697
61745012
61745021
61743599
61743561
61744053
61745207
61743957
61743427
61745239
61744551
61744901
61744107
61745386
61745537
61775829
61744262
61745455
61745566
61744282
61744286
61745556
61744283
61745678
61744182
61745626
61743539
61743948
61744433
61745548
61743534
61745345
61745758
61745906
61775990
61746018
61745778
61746017
61744641
61744826
61746267
61744109
61746286
61746411
61776776
61746130
61746090
61746575
61746675
61744516
61746416
61745406
61746895
61746001
61746080
61746704
61746903
61776993
61747110
61746679
61746887
61745438
61745473
61777346
61746541
61746770
61777140
61746980
61746678
61746982
61777220
61746983
61746958
61746896
61777150
61746680
61746830
61747076
61777602
61746346
61747032
61747142
61746620
61745767
61747105
61747383
61745799
61746159
61747363
61747429
61746487
61745629
61746203
61747404
61746835
61745826
61746201
61747559
61745613
61747581
61746291
61747680
61747589
61777705
61747138
61746155
61747029
61745668
61746115
61747624
61777892
61747800
61747570
61747857
61778082
61747724
61746843
61777899
61747179
61746336
61747486
61747614
61747622
61777959
61746860
61745874
61778160
61747443
61746600
61747767
61745814
61777947
61747387
61746596
61747783
61746481
61778355
61778271
61748089
61778211
61747216
61748709
61748422
61778666
61748157
61747613
61748346
61748630
61746818
61747248
61747926
61778756
61779021
61778665
61747811
61748897
61779299
61747765
61748197
61747435
61747291
61747813
61748410
61749105
61779371
61749914
61750865
61749474
61750854
61781655
61749991
61751421
61751421
61781711
61751525
61749961
61751611
61750850
61750062
61750547
61751783
61749918
61749513
61751769
61751955
61751194
61753814
61752092
61750814
61750610
61751105
61752401
61752443
61782834
61751208
61752385
61750292
61752028
61750994
61752516
61750252
61752437
61752370
61752545
61782880
61752315
61751195
61752748
61751923
61783214
61751518
61752148
61783136
61752885
61751365
61752833
61751480
61783280
61753110
61751573
61752870
61752153
61751844
61751714
61753056
61750938
61752753
61752992
61753255
61753535
61753183
61753235
61752447
61752884
61751922
61753390
61754962
61753188
61753371
61783692
61752682
61783793
61783900
61751861
61784096
61783823
61753328
61752256
61753686
61751760
61751848
61752771
61752019
61783985
61752593
61753682
61753880
61751705
61752243
61752866
61753875
61753207
61752323
61752767
61754088
61753127
61753897
61754106
61752234
61752946
61752895
61754193
61753148
61784544
61753171
61754345
61754585
61784871
61785088
61754480
61754590
61754608
61754511
61754420
61754745
61754442
61753675
61754907
61755031
61785254
61754599
61753719
61754325
61755109
61785364
61754056
61754921
61755124
61785562
61754425
61754971
61755258
61785609
61755198
61755121
61753943
61753130
61753284
61754834
61785203
61755256
61753304
61753512
61754123
61755246
61753872
61753760
61754032
61755281
61753273
61755067
61753876
61755330
61754993
61755527
61755383
61755602
61785793
61755299
61754395
61755644
61754260
61754055
61754564
61755693
61755029
61755597
61753761
61754334
61786025
61755950
61756310
61754849
61755865
61756160
61786508
61755093
61756201
61754078
61755886
61756145
61756268
61786665
61786655
61754754
61755266
61756584
61755179
61787059
61755462
61754748
61756647
61755108
61756204
61755830
61755630
61756769
61756070
61755126
61755737
61756904
61754865
61756722
61757113
61755957
61787544
61755961
61757149
61756477
61755550
61757232
61757281
61755242
61755514
61755954
61757289
61755302
61755653
61756055
61756194
61757322
61757701
61757537
61787589
61757491
61756121
61757487
61756733
61755751
61755536
61788259
61756800
61757642
61757765
61788375
61757959
61757003
61756172
61756756
61758018
61756167
61757740
61756928
61758118
61757349
61788690
61756786
61788717
61758060
61757104
61757807
61758454
61756405
61758658
61756373
61756299
61758644
61758715
61788959
61758729
61758554
61758705
61756690
61757010
61757591
61758967
61758110
61789171
61757661
61758037
61789052
61758735
61758994
61758371
61759015
61759327
61759137
61759309
61789694
61759413
61759289
61759474
61757217
61757660
61758512
61789487
61757638
61758440
61759310
61759522
61757384
61757875
61758250
61758596
61789802
61759511
61759383
61759678
61789775
61759249
61758506
61759734
61759424
61758510
61759721
61759941
61757858
61759758
61758786
61760117
61760132
61759796
61758726
61760108
61760225
61758989
61758085
61758682
61759099
61760378
61760468
61758211
61758510
61758957
61759537
61758644
61758961
61758921
61790841
61759689
61760618
61759066
61800560
61769797
61768824
61770087
61768861
61768920
61770176
61768789
61769167
61770197
61770312
61768800
61770547
61770480
61800858
61769327
61770507
61768530
61770582
61770719
61770027
61800957
61769702
61771037
61770969
61770078
61770427
61769560
61770614
61769227
61801190
61770643
61801267
61801299
61770762
61769628
61770973
61771087
61771146
61770190
61769036
61770776
61769830
61771176
61801492
61770227
61771026
61771307
61801503
61770984
61769850
61771157
61771261
61801601
61769190
61771384
61801460
61770221
61771245
61771494
61771274
61771255
61771403
61801805
61771600
61771288
61771462
61769454
61771163
61770369
61771549
61771509
61770438
61771745
61770454
61772357
61771650
61771818
61802025
61771943
61802227
61802260
61772083
61771737
61772093
61802217
61771250
61771885
61770682
61772122
61770722
61772070
61771257
61770338
61802296
61802709
61771642
61772365
61772486
61772662
61774184
61772630
61772662
61803021
61771499
61772789
61772780
61770910
61772913
61771378
61771080
61773118
61773123
61772891
61803440
61771793
61772868
61773067
61770946
61772850
61771692
61773112
61771736
61803520
61772201
61773050
61773249
61803544
61773497
61773243
61773410
61771704
61773067
61772389
61773262
61773643
61773528
61773464
61772028
61771577
61771993
61773557
61771457
61803992
61772423
61773430
61773676
61775284
61773288
61772620
61771487
61772937
61804386
61773903
61772445
61773937
61771837
61773624
61772195
61773948
61771752
61771808
61773101
61773981
61804193
61773572
61772754
61773842
61771964
61773817
61774025
61774258
61773391
61774301
61773574
61773018
61804351
61773987
61772970
61774202
61772903
61804595
61774492
61774142
61804883
61773252
61773126
61774550
61774746
61773435
61774667
61773906
61773010
61773594
61774180
61773462
61805358
61773835
61774308
61773590
61775032
61774264
61773591
61775186
61775136
61775264
61805636
61774951
61774149
61775214
61773915
61805834
61774099
61775259
61775294
61774815
61775455
61774179
61775158
61773924
61774832
61774018
61774102
61774814
61775758
61775978
61773891
61774222
61774884
61775876
61773934
61776070
61774488
61776018
61775329
61776136
61774958
61775714
61774936
61776233
61774095
61775917
61774989
61775055
61776297
61774211
61774459
61774985
61774197
61774582
61775531
61776692
61776461
61775286
61776844
61776557
61806793
61776815
61775158
61776605
61776679
61807197
61775495
61776713
61776821
61775213
61775503
61776983
61776057
61776904
61777086
61775061
61776773
61775902
61777289
61775157
61776487
61776519
61776272
61777299
61777494
61776237
61807956
61777658
61777456
61777668
61808022
61777714
61777549
61808040
61808173
61776142
61776716
61777424
61808110
61777618
61776858
61778062
61777383
61777134
61778013
61778170
61778295
61776174
61778338
61777457
61808473
61778015
61776889
61778429
61776343
61776933
61777322
61778605
61777872
61778385
61777669
61778822
61776780
61777038
61778942
61779052
61777621
61778406
61809486
61778158
61777868
61779124
61778408
61777478
61778076
61779232
61777855
61777609
61778532
61809772
61779566
61781008
61779542
61779393
61778064
61809875
61778924
61779939
61810187
61779978
61779673
61779906
61777713
61779504
61778788
61780119
61780021
61810372
61779860
61780036
61779251
61810284
61779823
61778940
61780233
61780320
61810545
61779804
61810151
61780043
61779467
61810820
61779152
61780291
61780313
61810554
61780292
61780396
61780294
61780484
61780283
61810928
61780288
61779528
61778509
61810906
61780632
61780576
61780823
61811043
61780989
61779455
61780937
61781144
61811444
61780987
61781138
61779679
61779488
61781193
61781074
61780925
61781279
61782941
61781573
61781295
61781474
61811528
61779712
61780268
61781326
61781556
61811560
61780639
61781553
61779545
61779811
61780374
61781510
61781693
61812054
61781428
61779815
61779949
61779906
61781070
61781712
61781781
61783669
61781866
61781976
61812180
61781550
61780817
61781998
61782074
61781314
61782217
61780810
61812617
61780928
61812303
61782230
61812332
61782244
61782072
61782377
61780095
61780477
61781072
61781097
61782461
61781918
61781329
61782730
61782453
61812570
61781149
61781301
61781470
61782623
61782493
61781460
61782518
61782771
61813004
61782492
61813394
61780763
61781216
61781701
61782929
61782155
61781352
61781997
61783253
61781924
61781230
61781690
61783416
61783342
61813633
61783139
61783226
61783360
61813939
61783277
61782242
61783557
61782129
61781883
61814162
61781991
61814237
61783474
61782562
61783531
61783795
61781599
61782947
61783987
61783968
61784160
61783814
61784074
61782257
61814590
61782904
61782790
61783983
61783291
61782947
61784563
61784303
61814654
61784538
61784312
61784449
61784306
61784578
61782382
61785124
61784286
61785010
61786039
61786521
61816746
61785986
61785239
61785747
61785183
61786787
61785393
61786837
61784881
61817234
61817279
61785367
61785866
61787043
61787212
61785832
61786797
61786335
61787183
61785628
61817917
61786841
61787479
61786283
61786384
61787409
61787621
61785630
61787267
61786452
61787876
61787091
61787841
61787928
61788106
61787222
61786439
61786862
61788299
61787120
61788011
61788075
61788116
61786752
61818834
61787371
61788281
61788361
61818574
61787112
61818628
61786562
61819022
61818914
61786878
61787468
61788382
61788544
61818811
61786801
61787753
61788566
61787215
61788719
61789118
61788639
61787974
61819348
61787679
61788866
61786776
61788501
61787652
61788651
61788833
61788763
61788679
61789001
61786880
61787152
61787534
61788903
61788994
61787240
61788924
61789001
61819328
61788319
61789131
61789197
61819422
61789209
61789044
61788875
61787935
61789125
61788427
61787534
61787943
61789284
61787249
61787590
61788126
61787212
61819798
61789086
61788158
61789397
61789375
61789532
61788221
61819971
61789584
61789462
61788554
61789707
61788543
61820279
61789122
61789781
61789840
61788418
61820339
61819875
61787801
61789183
61820303
61788850
61789844
61789991
61820400
61789254
61789988
61788710
61790049
61788774
61790119
61789430
61788551
61788950
61790226
61788249
61788655
61789119
61790317
61789139
61789229
61790409
61790537
61820878
61789759
61790472
61790583
61788476
61788857
61789455
61790488
61790851
61789022
61789593
61790862
61789043
61789706
61790804
61789478
61821323
61789779
61790806
61791012
61821301
61791059
61790893
61791061
61791028
61788993
61790743
61789770
61791163
61791202
61788927
61791355
61791075
61791319
61790593
61789686
61790205
61791273
61791695
61789630
61791373
61791641
61821843
61791841
61791570
61791741
61790926
61789975
61790545
61791629
61790988
61791875
61791777
61822016
61791071
61791784
61791963
61822233
61822278
61791989
61791766
61791886
61822222
61791960
61791244
61790540
61822436
61790943
61792021
61790129
61790425
61790958
61792275
61791408
61790358
61792336
61792470
61790356
61790866
61792423
61791207
61822633
61823133
61791431
61792440
61791853
61792511
61792133
61791600
61790543
61792899
61790881
61792689
61793042
61792226
61792226
61792062
61792795
61791838
61793131
61792367
61792152
61793191
61793440
61792573
61791557
61792134
61793482
61791447
61791794
61792583
61793592
61793727
61823731
61793237
61792719
61793506
61791913
61792449
61793492
61792139
61823979
61792751
61793508
61792231
61791773
61792789
61793924
61824187
61793645
61792663
61793836
61793137
61824476
61792787
61794045
61794286
61793133
61794635
61794314
61824577
61824766
61793572
61794207
61794320
61824519
61794256
61794091
61793371
61824700
61793031
61793989
61792077
61792615
61793097
61794254
61794330
61794410
61792629
61794278
61794743
61793105
61793604
61794770
61792690
61793429
61795068
61794994
61793421
61793865
61794475
61795211
61825710
61825308
61825414
61825385
61794890
61793845
61795334
61794597
61793646
61794141
61795561
61825907
61795762
61795536
61795813
61826133
61794369
61795847
61793760
61795571
61794582
61795958
61793953
61795703
61794614
61796154
61794115
61795875
61795002
61794129
61826772
61827172
61796787
61796621
61796605
61826924
61796850
61794848
61826788
61795092
61795834
61796679
61796953
61827081
61797089
61795470
61796976
61796078
61796716
61796767
61797011
61794852
61796585
61795370
61796059
61796668
61795962
61797139
61795346
61796922
61796011
61797212
61795838
61796925
61797067
61797475
61795309
61795752
61796411
61797640
61797668
61827915
61797465
61796390
61827670
61827934
61797384
61796641
61797705
61797547
61797848
61798105
61796069
61796253
61828514
61797247
61797879
61798115
61796029
61828502
61797777
61828236
61796892
61828519
61798483
61798725
61798411
61796290
61796685
61797269
61798371
61798485
61797163
61797294
61798351
61798551
61828905
61797479
61798507
61798652
61828813
61798411
61798526
61798746
61828915
61796945
61797508
61798562
61796623
61796967
61797616
61798650
61829196
61797061
61797799
61798645
61798806
61829013
61798657
61797503
61829095
61829303
61797849
61799268
61799051
61796817
61797298
61797687
61798280
61799115
61829621
61797997
61829459
61797502
61798011
61799335
61797221
61797741
61799332
61799511
61799639
61829747
61797595
61799674
61798889
61797979
61798515
61799692
61798431
61830380
61799993
61800141
61798682
61830517
61799908
61798719
61800259
61799525
61800205
61800386
61798889
61830924
61799556
61800401
61800515
61802069
61799092
61800608
61799700
61800361
61800454
61800712
61798809
61831084
61799823
61800781
61798855
61831359
61830921
61800926
61801194
61831369
61800878
61799991
61801192
61799348
61799644
61800138
61801459
61799445
61831973
61831444
61801322
61800588
61799497
61801468
61801497
61801505
61801550
61831749
61801278
61800470
61801626
61801706
61803158
61800314
61801590
61800898
61799992
61801777
61802010
61800473
61801856
61801921
61802097
61801174
61802112
61802275
61832786
61802209
61802324
61832739
61801600
61802289
61802407
61832793
61802508
61802402
61802710
61832975
61801492
61833157
61801939
61832965
61802819
61801412
61802894
61833230
61802828
61801817
61803097
61801932
61802064
61803180
61801227
61801756
61802049
61803397
61801283
61802073
61833712
61801556
61801911
61802873
61803712
61802870
61802902
61802050
61802518
61803869
61802958
61803704
61803801
61801886
61804346
61803849
61804176
61834719
61834222
61802753
61802024
61802498
61804182
61804101
61804304
61803468
61834789
61803224
61804308
61804416
61834615
61804589
61802442
61804664
61834991
61804772
61804648
61804833
61806431
61803413
61804699
61804790
61835192
61803784
61805280
61804993
61835251
61804038
61804899
61804974
61804177
61804272
61805020
61805291
61804407
61803429
61803944
61805169
61805345
61805335
61803959
61805400
61803399
61805039
61804063
61805354
61805532
61805486
61835918
61804848
61805486
61804362
61836241
61804776
61805963
61805913
61835941
61805853
61804371
61805788
61805099
61805781
61805747
61806001
61803928
61814875
61816782
61816694
61815341
61815136
61815669
61816795
61817049
61847202
61817055
61816688
61816937
61847280
61815304
61816115
61816864
61817153
61815388
61815933
61817118
61816432
61817149
61816196
61817284
61817436
61847840
61816849
61817487
61816767
61815915
61817649
61817669
61847940
61817415
61816501
61817565
61816496
61817748
61816919
61848077
61817827
61848151
61816739
61817702
61817829
61817154
61816391
61816749
61817728
61816282
61848597
61817198
61818144
61818333
61816546
61816923
61818155
61818376
61849059
61817542
61818705
61818689
61819024
61817550
61818652
61817900
61849422
61819007
61817731
61818956
61819197
61849464
61819386
61819245
61819368
61849543
61819141
61817089
61849556
61819021
61819229
61819363
61849732
61819276
61818036
61819367
61818668
61819463
61819439
61819663
61849931
61819747
61818377
61819753
61819512
61819674
61819897
61850330
61819994
61850322
61819282
61819876
61818481
61818300
61818754
61820075
61818568
61819133
61818608
61819481
61818871
61818817
61820107
61818106
61818934
61819958
61820204
61819490
61818818
61818212
61850471
61819058
61818758
61818622
61819137
61819111
61851001
61851033
61820444
61819225
61820762
61850964
61820624
61819341
61851215
61820730
61819833
61820857
61821035
61851536
61821245
61821101
61821259
61821075
61821165
61820042
61821377
61821532
61851866
61820854
61821390
61821575
61851768
61851840
61821791
61820831
61852031
61821086
61821894
61821746
61821784
61820485
61852330
61852134
61821990
61819890
61821698
61820729
61822060
61820052
61852436
61852393
61821797
61823853
61824296
61822822
61822888
61824028
61824347
61854669
61824444
61824727
61824416
61854550
61824442
61824539
61822514
61822895
61823404
61824707
61823170
61822852
61823425
61824626
61822724
61824454
61824678
61824761
61854984
61823399
61824693
61824755
61855010
61823623
61824834
61824931
61824885
61825001
61855146
61824730
61823630
61825197
61823271
61855690
61855698
61855398
61824886
61824585
61824137
61825389
61823721
61855956
61825574
61825361
61825693
61824268
61824262
61825607
61823616
61824011
61824438
61825831
61825118
61856142
61824638
61824131
61824825
61856482
61825222
61826139
61825125
61825177
61825445
61825152
61826192
61825257
61826605
61824594
61825078
61825731
61827018
61827286
61857616
61825023
61827502
61825213
61827162
61827125
61827318
61857897
61826718
61827417
61827559
61857711
61827285
61827497
61826709
61858123
61826366
61827840
61827596
61857987
61827659
61827579
61858026
61827403
61826431
61826730
61827678
61827860
61858211
61828022
61826509
61827806
61826815
61826886
61828063
61828187
61827341
61858573
61827330
61828240
61826836
61827087
61828264
61828327
61828249
61828418
61828412
61858806
61827699
61828463
61828639
61858877
61828613
61827264
61859135
61826917
61827546
61828675
61828960
61859335
61827609
61828571
61828845
61859402
61827720
61828835
61859274
61829097
61829004
61829190
61827055
61827721
61828164
61828746
61828375
61826975
61829266
61829418
61859665
61829468
61828174
61829297
61829407
61828594
61829374
61828145
61827908
61828349
61829550
61829637
61828080
61828401
61829677
61829631
61860150
61828454
61860012
61860085
61829749
61829683
61829756
61828947
61828180
61828621
61829754
61829929
61859981
61828553
61829799
61827900
61828268
61828705
61829930
61828796
61828324
61828822
61829340
61827971
61828870
61830024
61830206
61828836
61830197
61828821
61830169
61828168
61829901
61828904
61830393
61828433
61828705
61829266
61828529
61860658
61830339
61829322
61830612
61828529
61830214
61829406
61830535
61829326
61861070
61830767
61830728
61830784
61829975
61861311
61830903
61829383
61830690
61830038
61861177
61829613
61830069
61828816
61829314
61829710
61830863
61830225
61861680
61830336
61829349
61829134
61829409
61829969
61831307
61829367
61861869
61830691
61831250
61831433
61829360
61829775
61831553
61831609
61829508
61829955
61831003
61830410
61831659
61830802
61829310
61831598
61831794
61829587
61831357
61830450
61831754
61831769
61861906
61831531
61831814
61831924
61862293
61830774
61831808
61831993
61862349
61832016
61832089
61832214
61862341
61862391
61831871
61830943
61832281
61831062
61862849
61831359
61832444
61832421
61831611
61831093
61832537
61830725
61862947
61831870
61832809
61832773
61863002
61831603
61832538
61832996
61832566
61831494
61832812
61830883
61832585
61831729
61832981
61831265
61833099
61831757
61833246
61831234
61831651
61833203
61833450
61863491
61833193
61833366
61833462
61831385
61833272
61832833
61833630
61863992
61832993
61833478
61833701
61832944
61832013
61832775
61833641
61864025
61833988
61833803
61833940
61864339
61833301
61834095
61834168
61834227
61832983
61833606
61834343
61834413
61832388
61834165
61834289
61834633
61832485
61832857
61833498
61834762
61834667
61834873
61864980
61834030
61832895
61833061
61865314
61833677
61833417
61834724
61833529
61865278
61832657
61834746
61834990
61865105
61834865
61833482
61834899
61832751
61834656
61834670
61834911
61834054
61865352
61833594
61834723
61833130
61865265
61834852
61865340
61835030
61865301
61834694
61833574
61835021
61835036
61835075
61833708
61833671
61833994
61835179
61835357
61834079
61834201
61834116
61834440
61866113
61834377
61834313
61835733
61835656
61865935
61835473
61834603
61833717
61834290
61834823
61836027
61834061
61866575
61835367
61836161
61834079
61834488
61835007
61836274
61834835
61835333
61836343
61836501
61834236
61836085
61835020
61836355
61835177
61835342
61836430
61836548
61834523
61834921
61835214
61836727
61835254
61867254
61835298
61836917
61836177
61867516
61836009
61836761
61836992
61867153
61837049
61837009
61835639
61867685
61835963
61835515
61836963
61835654
61839100
61837204
61837012
61836644
61837156
61836189
61836019
61837374
61836168
61835741
61836838
61837786
61868089
61836626
61838172
61837952
61868183
61836791
61837849
61838114
61868366
61837966
61838056
61836751
61868482
61836935
61838290
61838339
61868537
61836052
61838312
61838416
61868727
61837119
61837137
61837606
61836906
61837367
61838619
61837266
61838515
61837460
61838771
61836719
61838555
61837661
61838978
61837937
61837949
61837792
61839161
61837836
61869659
61839356
61839129
61839239
61837128
61837571
61837178
61838478
61869880
61839536
61839334
61839652
61838816
61839662
61839561
61838767
61839693
61839821
61870116
61838908
61839703
61840014
61839753
61840024
61840045
61838713
61838155
61838791
61839911
61840089
61840118
61839980
61838989
61840358
61840236
61870826
61839116
61840293
61840479
61870743
61840414
61840576
61839863
61840301
61839407
61839779
61840678
61840642
61840783
61871105
61839884
61840780
61840762
61839682
61840911
61841096
61840353
61839473
61841043
61841375
61871675
61839927
61841205
61841445
61840633
61840110
61841155
61841354
61840821
61841524
61841713
61871844
61839864
61840012
61840896
61841571
61840396
61841717
61840344
61841812
61840503
61872381
61841155
61842441
61841938
61839875
61841799
61872384
61840077
61872691
61841398
61842057
61842287
61872624
61842391
61842147
61842284
61842180
61841227
61842503
61841058
61872993
61841345
61842553
61842639
61872958
61841421
61842483
61873129
61842795
61841412
61842914
61842130
61873353
61842083
61842858
61841495
61841880
61843431
61843329
61841788
61842380
61843032
61843265
61840969
61841604
61841939
61843208
61843255
61842144
61843175
61843230
61843173
61843352
61873696
61843593
61843291
61843554
61843313
61843353
61843527
61842742
61874054
61842566
61842541
61842889
61842885
61842084
61842529
61843682
61841930
61844043
61843786
61843741
61842364
61843137
61844407
61844144
61874407
61843873
61842825
61843837
61843350
61874648
61843000
61844204
61844329
61874689
61843138
61844219
61844001
61843688
61844768
61844532
61874785
61843484
61844420
61844650
61874853
61843558
61844558
61844335
61844460
61843539
61844743
61844741
61842818
61843244
61844036
61844742
61844918
61844950
61844845
61842888
61843208
61843868
61844751
61845022
61844725
61844133
61845108
61845112
61875599
61845392
61845455
61875686
61845355
61845681
61845655
61847174
61845501
61845750
61843626
61845434
61844527
61845807
61845846
61843797
61844110
61845873
61845881
61845788
61844780
61846036
61844772
61876398
61846036
61844813
61846428
61876704
61845299
61846338
61846786
61876923
61846302
61845278
61846743
61845982
61846763
61846587
61846799
61846588
61877003
61845050
61877212
61845444
61845428
61846821
61876956
61846932
61845676
61846750
61846751
61846955
61877258
61845843
61846877
61846911
61877365
61845909
61846981
61847214
61845504
61845982
61847135
61845713
61877545
61846062
61847134
61847424
61845270
61846913
61845807
61846937
61877730
61846250
61847360
61847548
61845481
61845945
61846454
61846377
61878171
61846936
61847520
61847732
61845632
61847405
61846549
61847798
61846435
61847268
61847862
61847958
61847269
61846400
61846964
61848230
61848403
61878654
61848096
61847068
61848601
61848556
61847298
61848616
61848716
61879136
61848588
61847749
61848824
61847310
61879165
61848861
61848672
61848870
61847524
61879239
61848911
61878868
61846669
61879135
61848861
61847437
61848998
61879279
61849119
61849029
61849211
61879389
61848816
61847233
61879550
61847537
61847905
61849322
61848573
61879788
61848407
61849236
61849492
61879602
61879981
61879674
61849208
61848154
61849547
61851326
61848613
61849493
61849651
61847659
61880208
61848930
61848986
61849886
61851700
61849985
61850020
61850028
61880341
61850129
61848756
61850125
61851978
61852337
61851062
61851888
61851461
61852461
61850624
61852963
61851490
61853003
61852978
61853142
61853318
61853216
61851654
61883561
61852990
61851873
61852430
61851796
61852377
61852196
61853616
61853764
61884126
61853620
61853760
61853979
61851906
61884379
61853749
61852722
61853895
61884288
61853651
61852771
61852614
61853473
61854012
61853044
61884652
61854053
61854170
61854141
61884474
61853917
61852986
61854552
61854321
61852725
61854160
61854725
61854264
61854628
61884826
61854617
61853265
61854651
61854762
61884982
61854401
61854721
61854825
61885073
61885040
61885257
61853177
61853785
61855048
61855086
61885340
61854845
61854984
61855115
61852980
61853400
61854059
61854924
61854451
61855266
61855308
61854051
61885604
61855323
61853988
61855190
61854292
61854603
61853769
61855590
61855388
61855675
61854502
61885880
61855753
61853948
61854871
61886141
61855854
61855886
61856155
61886348
61856146
61854698
61856238
61855402
61886589
61856544
61856360
61856255
61854554
61886824
61856028
61856470
61855681
61856342
61886862
61854353
61856322
61854277
61854387
61886973
61855542
61855369
61855377
61856972
61856610
61855774
61855779
61856635
61856742
61856628
61855613
61856733
61856945
61856980
61887019
61855170
61855764
61856924
61887221
61887659
61856861
61855769
61856892
61857094
61856952
61887172
61855281
61855943
61856700
61856756
61887703
61856837
61856128
61857203
61857128
61857321
61856461
61887525
61857256
61857288
61856045
61887493
61855187
61856045
61857441
61857559
61887982
61857249
61856198
61857629
61857651
61856109
61887790
61857653
61857285
61857882
61856501
61857693
61857731
61856597
61888154
61888098
61856302
61857210
61858491
61857931
61856131
61888458
61858017
61858042
61857271
61888425
61856417
61856970
61858072
61858217
61857008
61858151
61857657
61858598
61856320
61888872
61857647
61858330
61858553
61856579
61888966
61858543
61858582
61858713
61856565
61857124
61857736
61858571
61858869
61857300
61889052
61857354
61858887
61859026
61889493
61857413
61858128
61859008
61859073
61859167
61857725
61857407
61857929
61857803
61859319
61859318
61857269
61889835
61858286
61858043
61859337
61889637
61857701
61858336
61859495
61858163
61859467
61859646
61889708
61859378
61858426
61859705
61858305
61858890
61858341
61859471
61859862
61857594
61858380
61858892
61858228
61859868
61859832
61857797
61858082
61858797
61860008
61860053
61858700
61858743
61859386
61859994
61858702
61890399
61890643
61860056
61859124
61858940
61860234
61860345
61890518
61858801
61860340
61860364
61860550
61858456
61859239
61860621
61859416
61860617
61860759
61859653
61859263
61872569
61871699
61872900
61872299
61871499
61872472
61873032
61873330
61871230
61871669
61873326
61871644
61873207
61871942
61873365
61873367
61871328
61903870
61873262
61873342
61873664
61903788
61871897
61872406
61873521
61873639
61872967
61872346
61873552
61873620
61873738
61904137
61872221
61873032
61873675
61873086
61873550
61872941
61873920
61874016
61871980
61872324
61872871
61874072
61873302
61904678
61872800
61873047
61873691
61874339
61904398
61874091
61873102
61874162
61904796
61872258
61904876
61874525
61873286
61874583
61874820
61872658
61873290
61873875
61873087
61874572
61874577
61872576
61874288
61873408
61874404
61873462
61874868
61872696
61905372
61874953
61874894
61875029
61874951
61905366
61874624
61873744
61873560
61874792
61873891
61874996
61875176
61875016
61873807
61874489
61875225
61905463
61874895
61873850
61874504
61873904
61874290
61905469
61873171
61875125
61875211
61874542
61875398
61905755
61874107
61874139
61875429
61875622
61873902
61874603
61875555
61875791
61874414
61906118
61875277
61875742
61875848
61873847
61875988
61875713
61876018
61874791
61906495
61876123
61874904
61875855
61876062
61874288
61876058
61876083
61876193
61876162
61876161
61874723
61874580
61875253
61876273
61876504
61906665
61875816
61876784
61876309
61876537
61906880
61876412
61875416
61876579
61876673
61875320
61907077
61876529
61875505
61876703
61876821
61876108
61907330
61875679
61876142
61907610
61877135
61875642
61877104
61877057
61875216
61907560
61876475
61877131
61875990
61876886
61876017
61907760
61907598
61876990
61876649
61875950
61877305
61877457
61907824
61877342
61876219
61907887
61876084
61876021
61876489
61877655
61877722
61877754
61907956
61908074
61877743
61876682
61877768
61877939
61877922
61908249
61877767
61876871
61876783
61877767
61876993
61908191
61877025
61877684
61908059
61908143
61877614
61876635
61877836
61877977
61908104
61877661
61876822
61877766
61877341
61908358
61877879
61878055
61877909
61876535
61876557
61908809
61878601
61878481
61878601
61876702
61876889
61879164
61878821
61878880
61876944
61909550
61878404
61879033
61879259
61877122
61877579
61878382
61879098
61879171
61878365
61909647
61878176
61877858
61879296
61877847
61879579
61879062
61879440
61879355
61879555
61909957
61878651
61879422
61879539
61877394
61878574
61879478
61878225
61879365
61879568
61909750
61879816
61879501
61879615
61878166
61878960
61879043
61878615
61879785
61879865
61880050
61910130
61879898
61879842
61879946
61878040
61878251
61878812
61880116
61880175
61879000
61878572
61910761
61880326
61879073
61880288
61878908
61910774
61880103
61879268
61880814
61880682
61911075
61910973
61879335
61879165
61880564
61880556
61911135
61880471
61879349
61879066
61879180
61880091
61880696
61881069
61879500
61880948
61882717
61881330
61881133
61881251
61880524
61911863
61881311
61879952
61911555
61911534
61911742
61880142
61880047
61881382
61881335
61911595
61881604
61880180
61881405
61880333
61881240
61880178
61881547
61881681
61880184
61883325
61881702
61881758
61879795
61880198
61882029
61882231
61880129
61912273
61881845
61881178
61882605
61882298
61881492
61882279
61882222
61882388
61881155
61912589
61880734
61881632
61882312
61881686
61912703
61880939
61882730
61882707
61913432
61882983
61881497
61882829
61881578
61882870
61881571
61882926
61913166
61880994
61913639
61883245
61881735
61883053
61883157
61913689
61882464
61881881
61913862
61882051
61913746
61883284
61883393
61883615
61881477
61881929
61884075
61883726
61883779
61913997
61882153
61882853
61883686
61883826
61883859
61883812
61883831
61883920
61884171
61914284
61882407
61884218
61882705
61884087
61914298
61882389
61883176
61883998
61884306
61883326
61914483
61884312
61882912
61882727
61882783
61883414
61883081
61883556
61884591
61883851
61914993
61884382
61883426
61883680
61884854
61882655
61883197
61883956
61915143
61915087
61882863
61883591
61883791
61884852
61885000
61885173
61915227
61884822
61883979
61885269
61915735
61883756
61884647
61884047
61885269
61885448
61884660
61915708
61885061
61884250
61885349
61885414
61885467
61883370
61915892
61883962
61885420
61885603
61884370
61885548
61884846
61884524
61885780
61885894
61916245
61885616
61885075
61885879
61916047
61916250
61885481
61884758
61886193
61886081
61885320
61916306
61885875
61916071
61886137
61886272
61886143
61886093
61916490
61885948
61885075
61886157
61886318
61885068
61916519
61916754
61884733
61885399
61886376
61885635
61916726
61884901
61885649
61886092
61886948
61884987
61917465
61887159
61885869
61884948
61886381
61917447
61885383
61886496
61887018
61887193
61885092
61885018
61887258
61887424
61885303
61917893
61886446
61887392
61887450
61886689
61917918
61887490
61886189
61887647
61918038
61887392
61886779
61917964
61918427
61888023
61886592
61887851
61887897
61885714
61886112
61886679
61887843
61918321
61918583
61888215
61886881
61888463
61888104
61887357
61886485
61886953
61886573
61888371
61886465
61886353
61918832
61888090
61887436
61888507
61888645
61918715
61888352
61887729
61888524
61886971
61887013
61888885
61888693
61888902
61887367
61919061
61887232
61888232
61888915
61889049
61890830
61888924
61921293
61890828
61890521
61891562
61889980
61891715
61890519
61921857
61891825
61892062
61891987
61890546
61890899
61890948
61892470
61892103
61892111
61922310
61890468
61892118
61892195
61890094
61890585
61891382
61892238
61892273
61890823
61891762
61892445
61892555
61892608
61890439
61892552
61892564
61892568
61892610
61892789
61923151
61890992
61891549
61892637
61891821
61892184
61891656
61892725
61892954
61893120
61923347
61893146
61893127
61893258
61891024
61891491
61893224
61893293
61923359
61893059
61892357
61891845
61893203
61893366
61891872
61892268
61891916
61893264
61893245
61923502
61892932
61892175
61893150
61893459
61893441
61894024
61893809
61892990
61924171
61892401
61892398
61924258
61924203
61892131
61892855
61893811
61893948
61894004
61924131
61893691
61894086
61893291
61924422
61894198
61892726
61894188
61894089
61924564
61924657
61893915
61893182
61894363
61894364
61894461
61924766
61894282
61894225
61893376
61924800
61893799
61892896
61893638
61894491
61894772
61892555
61892960
61924930
61892733
61892741
61925149
61894519
61893639
61894908
61895057
61892936
61895103
61895012
61895140
61925411
61894998
61893909
61895247
61895350
61897047
61895175
61895453
61894686
61925915
61894268
61895381
61895521
61895666
61894070
61895632
61895759
61894320
61926349
61895919
61894848
61896461
61896088
61895166
61926486
61895790
61895960
61894531
61895295
61926224
61895851
61895183
61896128
61896326
61894727
61926668
61895202
61895233
61894005
61926480
61895982
61894969
61896152
61896201
61894299
61894531
61896332
61894296
61927006
61895511
61895400
61926950
61894446
61896713
61896821
61927028
61895801
61896732
61896754
61895407
61926955
61895094
61895627
61896982
61896931
61895383
61896661
61896764
61895496
61927287
61896647
61895839
61897013
61897095
61895207
61927616
61897233
61897354
61897438
61927912
61897324
61896245
61897662
61897687
61928195
61897432
61897722
61897685
61898021
61895825
61896234
61897082
61896463
61928223
61897162
61898209
61896012
61928492
61897124
61896783
61898043
61898123
61928501
61898098
61898130
61928395
61898105
61897123
61898426
61896939
61928717
61897411
61898436
61898508
61898615
61898572
61898600
61897672
61929227
61929093
61898755
61898911
61897410
61929317
61898592
61897910
61899025
61899204
61929237
61898861
61899222
61898324
61897562
61898040
61899396
61899496
61897392
61897863
61898699
61899221
61929914
61898011
61898466
61899629
61899894
61898332
61899810
61899025
61930183
61899440
61898697
61930162
61898120
61899079
61899540
61899687
61898265
61899668
61899779
61899982
61898509
61930242
61899653
61898883
61900177
61900205
61898118
61900081
61900209
61900121
61898246
61930662
61900206
61898929
61900154
61900231
61900344
61899061
61899041
61930644
61900333
61898349
61931003
61900354
61899376
61900581
61900678
61930868
61900471
61900771
61900802
61898726
61931023
61899133
61899789
61900840
61900967
61900192
61931309
61898626
61900923
61901020
61901162
61900398
61931850
61899140
61931596
61899502
61899098
61901321
61900492
61931700
61900107
61900146
61901402
61900193
61932158
61901190
61900831
61901227
61900795
61931801
61899828
61900863
61900437
61901044
61901752
61901980
61900363
61900577
61901659
61901772
61900350
61932205
61901969
61900589
61900684
61932494
61900391
61901378
61900706
61901965
61902134
61900109
61900750
61932447
61932495
61900244
61900221
61932934
61901440
61901020
61902365
61900258
61932781
61902683
61902453
61902593
61902663
61932710
61902549
61902670
61902750
61900714
61933142
61933107
61901116
61901652
61903243
61902970
61901738
61901811
61903022
61933460
61933327
61901092
61933674
61902037
61903034
61903452
61901876
61933732
61903023
61903286
61903140
61902377
61903043
61902289
61903442
61902024
61903626
61903836
61903687
61902505
61934131
61902117
61903886
61902438
61903848
61904000
61901803
61902452
61903084
61904148
61904266
61904488
61902904
61903913
61904160
61934521
61903950
61902926
61904062
61904333
61902954
61903106
61903028
61934654
61934734
61902924
61904646
61903317
61904591
61904571
61904426
61904512
61904712
61904553
61903938
61903290
61904570
61904827
61904784
61934897
61903219
61904928
61904813
61902675
61935415
61903729
61903548
61904856
61904997
61906746
61904902
61905042
61905129
61902967
61905148
61903833
61905131
61905381
61905338
61903289
61903633
61904636
61903608
61903355
61935856
61905133
61904466
61905860
61905589
61903724
61936060
61905445
61904479
61904196
61935900
61905364
61904676
61906360
61905912
61906108
61905152
61905837
61904542
61936185
61905803
61905995
61906058
61906003
61936396
61904861
61904599
61906135
61905349
61906032
61906073
61904645
61936450
61906166
61906099
61906254
61904658
61936608
61906363
61906154
61906401
61904859
61905575
61905157
61906187
61906380
61904542
61936901
61906550
61905321
61904479
61936831
61905043
61906766
61906972
61905622
61937184
61906513
61905620
61907071
61907011
61906138
61906308
61905841
61907090
61907235
61905574
61937451
61905624
61937590
61907266
61905796
61937442
61905732
61906654
61907208
61907423
61906296
61907507
61906450
61907333
61907641
61906706
61937952
61907613
61905948
61905443
61906054
61907594
61907639
61937664
61907399
61906433
61907559
61907687
61909463
61906486
61907596
61907761
61906483
61938328
61907866
61906843
61908044
61908295
61906898
61906964
61907988
61908012
61908229
61907522
61938721
61908033
61907081
61908423
61908441
61908600
61908515
61938598
61906810
61907497
61908537
61907208
61939077
61908875
61907403
61908683
61908835
61907609
61907624
61907683
61909241
61908999
61906878
61939474
61907785
61907625
61907224
61939382
61939612
61909222
61907860
61909120
61909251
61909187
61939635
61939739
61908906
61908129
61907945
61908261
61908300
61908209
61939883
61908803
61939853
61907904
61908928
61908321
61909741
61909989
61907728
61940393
61909857
61909940
61907891
61940265
61909577
61908769
61910025
61910101
61909277
61908790
61910167
61910359
61910412
61908960
61909105
61910388
61908912
61910486
61909284
61910254
61910627
61909178
61940895
61910736
61909343
61910718
61909807
61910338
61909833
61909236
61910694
61910911
61941021
61910475
61909640
61910961
61941283
61909495
61910183
61911087
61911259
61941589
61941638
61910964
61910094
61910567
61911402
61941615
61911447
61911642
61911630
61911751
61910422
61941996
61910074
61911752
61911825
61911833
61912042
61909795
61942246
61911594
61910549
61911877
61910600
61942281
61910526
61910517
61911828
61911956
61942187
61911718
61910910
61911954
61912068
61910057
61910568
61912373
61912196
61912242
61910145
61910550
61911069
61910717
61912185
61912433
61942784
61911525
61942595
61942430
61942596
61910516
61912287
61912340
61912399
61911590
61942830
61911216
61912277
61912498
61942894
61911094
61910440
61910818
61911880
61912488
61912649
61911213
61942962
61911997
61911984
61912734
61912824
61912025
61943212
61912889
61912750
61912925
61913098
61911741
61943154
61911243
61912346
61943556
61943663
61943764
61912918
61912625
61913206
61913415
61911256
61911576
61913354
61913481
61912002
61943628
61911781
61912829
61913512
61913711
61912176
61944255
61912898
61944272
61944243
61944470
61914092
61912579
61914036
61913431
61912839
61914187
61912948
61913495
61912777
61913373
61914267
61914339
61912883
61913678
61914387
61914446
61916058
61946441
61914675
61915607
61916263
61916472
61915075
61914856
61915375
61916474
61916491
61916369
61916425
61915873
61916945
61917394
61915471
61915730
61916544
61917376
61917626
61948262
61915893
61916501
61916289
61915687
61948119
61917431
61916880
61917862
61917986
61916640
61916049
61917689
61917933
61916433
61948265
61917974
61916762
61917502
61918252
61916093
61916639
61917302
61917447
61916246
61948656
61918516
61917596
61918451
61916378
61948995
61917531
61917146
61918539
61918657
61916648
61918655
61918800
61918880
61918840
61918899
61918934
61918084
61949200
61918889
61917568
61917627
61920460
61917565
61918730
61919031
61919152
61949342
61917341
61917911
61919164
61919165
61917987
61918238
61919091
61919235
61919226
61918673
61919305
61919446
61919559
61919762
61917463
61917869
61918985
61949953
61919717
61950106
61919455
61918496
61919872
61919887
61917872
61918257
61918804
61919128
61918728
61919720
61919570
61919101
61920083
61920217
61919722
61919378
61918898
61920273
61920497
61950661
61920061
61919157
61950594
61950620
61918763
61919169
61920763
61919661
61920682
61920897
61934510
61932348
61932580
61934408
61934618
61934599
61964878
61932918
61933419
61933754
61934714
61936449
61933420
61934014
61934897
61932738
61965334
61935095
61934893
61935180
61933056
61935012
61934980
61935096
61935272
61933130
61933416
61934188
61934797
61965376
61933581
61934516
61933841
61935138
61965965
61935513
61934048
61935471
61935671
61934140
61965972
61935370
61934507
61935667
61935740
61935317
61934993
61934232
61935639
61935808
61966121
61935484
61965884
61935952
61933859
61936099
61933965
61966493
61935890
61934867
61935462
61935682
61936118
61934110
61934540
61935011
61936630
61936244
61934223
61966861
61966640
61936503
61936511
61966563
61936037
61935242
61936395
61936516
61934347
61934903
61936382
61936681
61934423
61967085
61936804
61935438
61936510
61936600
61936731
61934569
61936655
61937106
61936828
61936918
61936134
61967386
61936716
61935822
61937023
61937069
61935956
61935935
61937059
61937043
61937077
61937229
61936185
61938937
61937069
61937177
61937336
61936452
61967500
61967796
61936596
61967716
61937265
61937517
61935635
61967797
61936005
61936933
61936261
61937729
61937977
61939588
61937883
61937945
61937940
61937316
61968531
61937830
61937462
61938132
61936796
61937873
61937324
61936847
61968366
61968254
61968476
61937908
61937031
61938014
61938226
61936753
61938102
61938255
61938221
61938451
61968609
61938487
61938543
61938671
61938037
61969091
61937772
61938732
61938893
61938757
61938837
61937409
61938894
61938726
61938917
61937558
61937689
61939102
61937804
61938943
61939139
61939117
61937092
61939232
61940790
61937772
61939028
61939194
61937673
61969305
61937425
61938497
61939105
61938032
61969720
61938611
61939096
61939397
61939507
61938746
61969658
61939127
61938783
61939510
61939577
61938771
61969881
61939279
61938450
61939730
61938511
61939558
61938688
61939835
61939825
61940031
61970373
61939955
61938945
61940098
61938793
61970508
61939412
61940268
61940415
61939480
61970675
61940097
61939265
61940310
61940477
61970602
61970965
61970948
61940712
61971100
61971180
61940786
61939201
61939758
61940893
61939423
61940837
61938815
61970972
61938486
61940097
61940884
61939874
61940906
61939763
61941008
61940258
61971469
61940841
61939937
61941529
61939412
61940863
61941319
61940087
61941234
61941374
61941526
61939736
61972056
61941625
61941548
61941690
61941807
61941959
61940349
61972269
61941815
61941828
61941172
61942001
61972275
61940385
61941325
61942006
61942119
61942326
61940550
61941109
61941134
61941063
61940495
61942706
61940630
61973148
61941548
61941549
61943269
61942864
61972949
61942446
61942150
61941525
61943038
61943015
61942278
61942993
61942337
61942969
61943099
61942992
61941950
61941519
61942575
61943386
61942545
61942553
61942196
61943306
61943542
61942248
61942751
61942052
61943500
61943751
61973861
61942050
61942785
61943676
61943827
61943052
61974172
61944025
61942732
61943790
61943940
61944102
61974152
61942257
61942639
61942677
61943887
61944099
61944022
61941901
61942498
61943374
61944583
61944264
61942357
61942541
61943098
61944255
61944411
61942238
61974720
61943930
61943057
61944443
61944451
61943778
61944297
61944796
61943526
61944622
61943919
61943471
61945205
61944776
61943389
61945049
61945095
61944119
61944474
61943179
61944651
61943939
61944843
61945004
61943513
61943340
61943629
61944945
61943858
61945243
61945460
61943271
61975936
61945136
61945364
61945244
61945372
61944312
61975579
61945118
61944292
61943728
61943983
61975973
61945261
61944344
61945069
61945713
61943643
61944038
61945072
61946275
61945541
61944710
61976340
61944254
61944797
61944962
61946481
61946109
61946220
61976183
61944385
61946182
61945015
61946076
61946320
61946352
61976727
61946088
61945050
61946384
61945165
61946261
61946467
61944418
61976984
61946644
61945238
61946703
61946786
61944638
61946350
61945552
61946705
61945276
61977276
61946153
61946785
61946874
61945529
61977436
61946700
61945847
61947202
61946909
61977617
61947044
61946370
61947818
61947493
61946058
61977943
61946635
61946342
61977822
61945481
61977881
61947287
61946837
61946227
61947562
61947813
61946919
61946998
61945918
61978016
61947384
61947018
61947675
61947993
61946643
61947962
61946763
61947811
61948020
61948249
61978349
61946459
61978475
61948146
61948209
61948217
61946314
61978704
61948370
61946949
61948297
61948442
61978783
61948047
61947164
61948560
61946412
61978956
61948628
61947204
61948638
61948838
61946717
61979127
61948968
61948822
61949100
61948270
61979452
61947451
61948003
61947683
61979492
61979439
61979504
61947359
61949240
61947869
61979637
61947573
61948359
61949303
61949434
61949545
61951140
61949375
61949389
61949609
61980041
61948134
61949106
61949868
61949937
61948330
61980212
61949753
61949843
61949974
61951760
61949957
61950022
61950100
61950267
61950467
61980472
61948652
61949199
61950222
61950582
61950474
61949282
61949369
61949360
61948442
61949221
61948698
61981232
61950949
61948873
61949433
61948879
61950787
61950786
61950864
61951070
61949045
61951206
61949174
61949494
61951062
61951395
61950596
61981710
61949496
61950558
61951214
61951480
61981779
61951107
61950340
61951339
61951706
61949360
61949803
61950312
61951663
61951812
61953386
61951678
61951902
61951919
61952088
61950959
61982292
61951721
61950780
61951444
61951173
61982358
61951773
61950944
61950880
61951389
61950835
61982058
61951223
61982258
61951484
61950741
61951943
61952094
61952139
61950049
61950870
61952235
61952192
61952378
61951672
61982719
61952511
61951282
61952322
61952553
61952348
61951710
61952356
61952541
61951195
61983024
61950902
61951010
61952489
61950491
61982757
61950867
61951547
61952523
61952701
61952808
61983132
61952605
61952857
61952961
61952131
61983200
61952687
61951903
61952807
61952896
61953000
61953093
61951867
61952912
61953001
61953201
61952443
61983796
61953354
61951913
61983463
61983652
61952546
61955180
61952029
61953223
61983817
61952135
61983994
61953261
61952416
61953498
61953621
61953766
61951809
61953683
61953733
61953774
61953974
61954098
61952886
61953958
61954194
61954223
61952075
61984503
61962535
61955926
61956090
61956245
61954823
61986692
61956261
61955234
61956212
61986949
61987109
61956471
61955485
61956720
61957077
61957187
61957185
61956589
61987666
61987354
61955066
61987616
61955602
61956295
61956047
61957344
61957537
61956800
61987889
61955769
61957454
61957649
61957808
61956482
61956514
61957907
61955673
61957773
61958329
61957932
61958146
61958010
61988171
61956397
61957163
61957291
61988534
61956533
61957191
61957066
61958469
61958580
61957723
61988937
61958217
61988503
61958484
61958608
61957919
61989070
61958392
61957776
61958649
61958971
61957858
61957926
61957427
61957874
61989348
61958727
61958294
61958888
61959271
61959217
61958518
61989817
61959288
61959292
61959200
61959109
61958098
61989673
61959140
61958393
61959443
61957436
61989809
61959248
61958361
61959983
61959508
61958460
61990086
61959415
61959664
61959679
61958274
61958769
61958369
61960059
61958803
61959889
61960122
61958635
61959764
61959168
61958665
61960081
61960363
61958287
61990708
61960093
61959453
61960271
61959454
61959274
61959285
61959315
61960478
61960612
61959043
61990926
61960219
61960149
61960378
61960468
61958392
61990862
61960738
61960348
61960557
61960784
61990911
61960333
61959126
61960447
61960763
61959375
61990760
61958976
61960538
61960591
61960784
61959999
61991191
61960879
61960598
61960807
61959457
61960426
61959470
61960644
61960808
61960676
61960804
61960908
61991101
61959723
61960963
61961004
61961111
61961266
61959036
61991559
61960852
61960985
61961098
61961298
61960441
61991701
61961362
61960034
61961471
61961397
61960721
61961115
61960481
61960150
61960155
61960193
61960618
61961643
61959652
61992139
61961705
61961678
61961806
61960533
61961029
61960638
61961822
61962083
61992309
61960498
61960924
61962104
61962304
61960207
61960647
61961495
61961997
61992636
61962109
61992796
61960544
61960480
61993217
61962795
61961371
61962770
61962858
61962638
61961685
61963220
61962772
61962991
61962807
61963010
61960974
61993238
61962973
61962885
61962965
61962156
61961275
61963154
61963254
61961757
61993640
61963161
61962171
61963345
61963449
61963161
61962283
61963794
61963516
61963773
61961646
61962092
61962574
61964030
61962590
61961982
61963734
61962655
61964086
61963968
61963059
61994155
61962773
61962419
61963791
61963922
61962676
61962680
61963973
61964162
61963411
61994400
61962379
61963190
61964124
61964244
61963815
61963184
61963233
61994965
61962806
61963326
61963415
61964583
61963407
61964623
61964746
61964932
61963529
61963625
61963589
61965301
61965065
61964376
61995467
61962981
61964885
61965115
61963717
61995560
61963568
61964409
61965147
61965287
61965415
61964420
61965404
61964151
61965189
61965463
61964041
61995627
61963661
61965622
61965767
61964311
61996248
61966047
61964695
61965981
61966219
61964149
61964514
61996392
61966139
61964018
61966196
61966200
61966198
61966422
61964671
61965231
61965266
61966762
61966763
61966822
61964743
61997220
61965712
61965573
61966572
61966450
61997221
61965327
61965986
61967058
61967243
61967320
61967208
61967274
61966954
61965986
61966872
61967081
61967161
61965033
61997691
61966857
61967170
61967096
61967272
61966343
61997663
61967298
61965881
61967195
61965698
61967202
61967299
61967361
61967465
61965515
61965845
61967112
61966433
61967515
61997807
61998302
61967877
61966542
61967627
61967820
61998192
61967725
61966879
61968468
61998232
61998378
61998604
61967023
61968143
61968328
61968411
61998789
61968459
61967399
61966651
61998831
61967735
61998713
61966822
61967887
61968383
61968605
61966645
61968515
61967519
61968546
61967473
61968705
61969066
61966795
61999393
61968641
61968845
61968904
61966801
61999315
61969003
61967739
61968856
61967752
61969287
61968021
61967971
61969234
61969587
61999949
61967776
61968374
61967708
61969546
61968070
61999558
61967719
61968535
61969436
61969607
61968823
61968410
61969622
61969239
61967755
62000043
61969397
61968705
61969793
61969999
61969058
61969328
61968872
61970484
61970224
61970298
61969424
62000624
61967810
61970363
61970299
61968765
62000482
61968657
61969484
61970312
61970518
61970026
61969014
61970277
61969255
61970707
61970618
61970598
61970654
62001112
61969011
61970628
61970461
61970589
61968543
62001320
61970909
61969530
61970626
61969840
61968928
61970052
61970722
61970870
61971099
61971107
61970220
61970179
61969875
61968952
61969836
62001473
61969728
61970599
61971695
61971422
61971553
61969429
62001973
61971170
61971381
61971566
61970459
62001761
61969910
61970811
61970235
61971556
61971831
61973358
61971531
61971747
61971773
61970591
62002056
61970208
61970783
61971865
61972196
61971867
61970839
61971894
61970889
61970821
61972317
61972270
61970711
62002442
61970419
61972152
61972574
61970402
61972145
61971299
61972509
62002916
61970671
61971797
61972347
61971277
61970384
62002949
62003080
61972101
61972576
61972617
61972800
61972432
61971920
61972603
61972737
61973045
62003246
61970738
61973017
61973076
61973221
61971035
62003509
61973018
61972111
61973250
61973446
61971515
61972361
61972086
61973372
61973487
61972726
61973527
61973516
61973704
61973754
61972801
62004114
61973582
61972750
61974119
61972398
61973769
61972552
61973922
62004743
62004492
61972567
61974398
61973108
61972106
61972768
61972245
62004605
61974036
61973194
61974207
61974424
61973293
61972638
61974490
61974528
61974728
61974715
61972499
62004909
61974280
61974559
61974560
61973474
61972543
62005119
61974834
61973386
61974752
61973892
62005314
61974885
61973588
61973373
61973477
61973626
61972948
61974826
62005549
61972989
62005419
62005418
61974846
61974032
61975008
61973991
61973752
61975247
61973768
62005645
61973557
61974216
61974281
61975554
61975497
61975247
61975705
61974072
61974754
62005939
61974291
61974470
61975518
61975594
61974451
61975496
61975674
61975839
61973868
61974219
61975284
61975940
61975110
61975946
61976022
61976194
61974183
62006570
61975985
61975102
62006570
61975870
61975488
61974912
61976171
61976447
62006842
61976117
61975237
61976335
61976538
61975138
61975317
61976536
61976577
61975224
61974619
62006909
61975094
61975555
61976640
61976795
61975264
62007168
61975126
61975795
61976942
61977274
61975843
62007433
61977056
61977064
61977315
61976543
61976046
61977658
61977895
61977407
61977520
61977590
61976319
62008211
61977764
61977786
61977965
61976470
61976552
61976773
61976585
61977411
61978096
61976761
61976612
61977316
61976706
61977894
61978332
62008566
61976501
61977637
61978208
61978362
61977239
62008955
61976905
61978379
61977866
61978575
61977043
62008816
61977011
61977667
61977370
61978791
61977380
61976928
62009410
61978997
61977690
61978800
61978954
61978126
62009188
62009520
61979160
61978006
61979116
61979250
61977883
61977879
61978299
61977860
61978542
61979398
61977188
62009750
61977259
62009854
61979541
61979405
61979550
61978406
62009791
61977794
61978743
61979402
61979696
61979171
61979179
61978463
61978515
61980120
61979897
61977811
61978172
61978851
61979674
61979863
61979984
61980157
61979330
61979967
61980282
61979002
61980597
61980163
61978995
62010720
61978704
61978766
61978345
62010911
61979461
61979312
61980684
61980555
61982205
61980520
61980566
62010741
61978994
61979448
61981248
61980998
61980877
61978838
61980692
61980793
61980800
61980958
61978725
62011480
61980951
61980831
61981064
61989266
61982673
61982148
61983024
61981832
62013673
61981752
61982360
61982883
61983696
61981548
62014359
61982221
61982890
61982483
61983879
61983908
61985568
61982738
61983966
61984036
61984205
62014580
61984073
61983089
61984226
61984419
61982934
61983546
61984332
61984603
61984686
61982466
61982762
61983397
61984471
61984664
61984891
61984407
61984083
61983455
61985032
61984934
61983650
62015245
61984660
61983811
61985604
61982834
62015447
61984716
61983965
61985686
61985125
61983625
62015519
62015174
61983945
61983716
61984474
61985538
61985337
61984047
62015579
62015883
61985561
61985341
61985673
61984211
62016046
61983676
61985477
61985529
61985639
61983577
62016004
61985844
61984345
61984003
61984918
62016018
61984174
61984731
61985962
61986012
61983973
61984456
61985402
61983847
61984482
61983928
62016197
61984637
61984854
61986363
61985813
62016424
61984337
61984949
61984734
61986025
61986265
61986396
61985078
61986043
61985585
61984958
61986252
61986557
61985180
62016716
61984812
61986809
61986532
61986681
61985235
62016792
61984956
61985956
61986313
61986452
61986744
61986834
61986571
62017387
61985273
61986311
61985762
61986827
61987071
61985713
62017217
61985265
61987083
61985728
61986410
61987211
61986446
62017654
61986953
61987355
61987469
61985409
62017578
61987136
61986188
61986804
61987476
61989074
61987524
61987715
61987908
61985805
61986142
61986870
61986538
61987869
61988011
61987950
62018097
61987034
62018016
61986231
61987269
61987761
61987901
61986161
62018462
61987884
61987133
61987695
61988319
61986219
61986686
61987669
61987180
61986681
62018600
61986717
62018665
61988122
61987484
61988460
61988586
61987453
61988083
61987425
61987313
61988387
61988621
61988616
62018857
61987018
61987066
61986947
61986795
61988691
61989149
61988698
61988787
61988966
61986815
61988526
61987667
61988031
61988200
61986885
62019422
61989174
62004876
62004663
62004691
62002564
62002887
62004024
62003277
62004649
62034946
62035055
62002532
62004771
62003397
62034903
62004504
62003936
62004819
62004932
62004985
62003021
62035269
62005057
62005168
62005100
62005204
62035480
62004960
62004059
62004630
62004006
62005352
62035769
62035778
62004986
62004632
62005264
62005497
62004027
62035688
62005617
62005532
62005633
62003672
62004388
62005637
62005641
62004165
62003771
62004968
62035950
62004124
62005720
62006106
62006173
62036283
62004399
62005225
62005922
62006182
62005779
62006254
62004796
62006075
62006193
62004117
62036782
62004846
62005118
62005974
62036553
62004654
62005290
62005034
62006529
62006554
62004355
62006216
62006323
62006410
62005005
62036710
62006241
62005624
62006664
62006945
62006120
62037098
62006971
62006448
62006823
62007040
62005714
62037209
62005209
62006284
62005256
62005921
62037404
62005519
62007545
62006053
62007221
62007214
62007318
62007227
62006176
62007176
62007426
62007697
62037684
62007244
62006394
62005607
62038051
62006000
62007051
62006451
62007813
62008023
62007228
62038440
62007017
62007920
62007952
62005715
62038225
62007599
62006778
62007823
62008032
62007667
62006920
62006808
62008564
62008366
62007058
62038409
62007920
62007190
62008176
62038839
62008181
62007391
62008431
62008606
62008777
62006789
62008732
62007257
62007593
62038928
62008416
62008767
62008796
62006903
62039381
62008889
62007707
62008816
62008919
62007758
62007677
62007873
62007810
62008905
62008970
62007838
62039452
62009290
62007843
62007885
62008328
62039571
62009003
62008270
62009075
62009349
62008809
62007668
62009510
62008373
62009589
62009674
62009754
62039833
62007956
62008069
62009742
62007645
62040155
62009341
62009034
62009618
62008406
62008049
62008668
62008364
62009911
62009939
62008395
62008143
62009937
62009193
62009915
62010073
62040200
62007895
62040435
62009851
62040457
62008164
62009453
62040538
62008603
62009282
62009099
62010568
62010480
62009323
62010305
62009496
62009419
62010788
62010700
62009251
62040975
62010669
62010564
62010685
62010996
62010072
62040927
62041282
62010177
62010768
62041320
62041352
62010660
62010993
62009737
62010903
62011120
62010308
62041543
62011019
62009843
62011161
62011202
62011378
62009926
62041482
62011324
62011080
62011323
62011362
62010649
62041820
62010347
62011497
62009688
62041956
62009967
62041876
62011001
62009769
62009770
62010405
62009773
62010298
62010869
62010722
62042198
62042065
62042394
62012002
62010811
62011995
62012260
62011368
62042639
62012406
62042672
62011137
62010326
62042800
62011014
62011115
62012683
62012560
62012694
62012080
62011852
62012545
62012723
62013011
62010721
62011177
62012287
62011588
62013069
62013228
62011685
62012883
62013037
62013353
62012048
62011138
62011506
62012458
62011546
62011982
62011134
62011751
62012648
62013288
62013572
62013652
62012398
62012451
62012380
62013653
62013790
62013894
62013126
62044219
62044342
62013623
62013843
62013858
62013941
62014051
62013171
62044291
62014004
62014176
62013343
62044542
62012396
62012943
62012909
62014039
62014311
62012982
62014300
62014441
62013246
62014247
62014449
62014611
62013833
62044889
62014542
62013597
62014914
62013825
62014788
62014868
62014900
62045267
62014521
62013750
62015194
62015273
62015330
62015242
62014224
62045786
62013669
62014390
62015311
62015697
62013686
62046150
62015995
62015029
62045746
62015243
62014424
62015803
62015828
62014920
62046088
62014847
62015800
62015906
62014455
62015718
62015082
62015784
62013834
62014345
62015343
62014767
62015571
62015244
62014621
62015472
62016205
62015372
62046537
62015938
62015095
62016464
62015044
62016481
62016496
62015684
62047098
62016687
62016717
62016837
62014948
62015081
62015815
62016744
62016741
62015522
62016720
62016980
62016069
62047520
62017120
62016489
62016917
62015750
62017245
62017185
62015208
62015555
62047334
62015718
62016306
62017231
62017569
62016237
62017425
62017553
62015538
62047941
62017802
62015711
62017162
62016419
62016451
62018046
62017673
62017828
62016331
62017856
62016654
62015897
62048593
62018225
62048489
62017849
62016948
62017985
62018393
62019964
62018307
62017637
62048900
62018548
62017292
62018000
62018603
62016458
62049168
62018869
62017394
62018572
62017518
62018620
62018664
62018782
62016757
62049285
62048659
62048924
62018316
62017439
62018680
62018798
62049093
62049373
62018613
62049047
62017244
62017739
62017531
62019054
62019160
62018198
62049324
62018805
62049520
62049697
62018950
62018104
62019172
62019152
62017768
62019253
62019367
62017918
62049731
62017848
62018845
62019377
62019466
62019349
62020020
62019719
62018832
62049877
62019278
62018374
62019537
62019628
62018656
62019546
62019861
62019872
62019070
62050292
62018518
62050111
62019474
62018680
62019752
62020063
62018024
62018334
62019059
62020561
62018713
62020007
62020216
62018461
62050447
62019959
62019226
62020199
62020418
62020396
62020935
62020788
62020783
62020033
62051356
62020978
62019660
62020786
62020965
62020276
62021036
62019707
62051296
62020755
62019827
62020342
62021262
62021035
62021053
62020193
62051444
62021019
62020067
62021408
62021389
62019292
62019615
62020704
62051925
62021564
62020095
62020910
62021643
62021798
62021779
62021041
62052113
62020356
62021941
62021946
62021110
62052380
62021781
62052212
62020262
62020744
62020553
62021958
62022151
62052347
62021934
62021222
62022109
62022339
62020180
62020640
62020149
62052625
62021266
62021236
62022238
62022509
62021188
62052842
62022728
62052995
62022364
62021419
62022572
62022820
62020774
62021333
62021672
62031668
62023529
62055556
62024948
62024218
62025263
62024713
62025664
62025646
62025930
62024799
62025901
62026104
62056581
62025866
62024959
62026661
62026243
62024838
62056632
62025332
62056694
62024727
62025314
62025130
62025955
62026743
62057053
62026478
62025547
62026524
62025693
62025526
62026813
62026955
62026167
62057362
62026767
62057377
62026677
62026005
62027251
62027204
62025281
62057544
62057814
62027444
62057478
62026975
62025954
62027411
62027683
62026761
62057785
62026647
62057947
62027773
62026445
62027814
62027839
62026697
62058203
62027412
62027776
62025703
62026071
62025757
62026203
62027334
62058708
62028188
62026819
62027273
62028247
62026195
62026505
62027229
62026521
62027146
62028518
62028676
62058863
62028264
62027838
62028056
62028515
62027142
62028702
62028826
62026866
62027177
62027816
62028473
62029144
62029053
62029081
62027797
62059343
62028817
62027858
62029100
62029251
62029294
62059380
62029180
62027666
62059440
62027671
62028200
62029531
62029697
62031422
62029468
62059722
62027852
62028702
62029657
62029893
62028372
62029954
62029965
62028052
62060410
62028323
62029178
62028955
62029388
62028970
62030130
62028915
62030004
62030154
62030285
62029651
62060682
62030572
62029152
62030312
62029479
62030877
62030797
62029342
62061009
62030855
62029308
62030666
62029489
62030542
62030934
62028707
62029024
62030062
62030669
62029487
62030727
62030969
62031036
62029058
62061498
62029764
62029919
62031175
62031330
62030969
62031346
62029966
62061643
62030945
62030137
62029905
62031311
62031525
62031253
62031528
62061822
62031222
62030561
62031467
62031828
62030256
62062008
62030376
62029616
62062075
62030108
62031853
62030717
62031854
62032066
62031771
62031266
62032176
62029966
62030542
62031475
62032088
62032322
62030345
62030600
62062297
62062684
62031658
62030973
62032345
62032565
62031801
62062985
62032633
62031387
62032550
62032815
62031462
62062995
62031160
62030482
62063056
62032443
62032051
62032710
62032064
62031710
62033344
62033042
62030942
62063182
62031246
62030652
62063178
62031192
62031906
62032957
62032995
62033212
62063216
62031823
62031001
62063519
62033429
62031926
62033264
62033494
62031295
62063799
62031079
62031288
62063725
62031739
62032296
62033395
62033649
62032385
62063946
62032303
62063879
62033231
62032498
62033696
62033919
62033083
62064265
62033604
62064280
62032277
62033050
62034210
62034331
62033525
62064541
62032675
62033307
62033203
62033327
62034358
62034573
62034578
62032416
62065054
62033382
62033215
62033989
62033242
62034597
62034645
62033415
62064969
62034343
62033490
62032954
62034029
62034763
62034955
62033530
62065272
62034794
62034351
62033847
62065741
62035196
62033874
62035195
62035347
62065423
62033673
62034103
62034791
62035548
62035811
62035390
62035613
62034753
62066194
62035701
62034428
62035707
62034411
62034333
62035579
62035754
62035769
62035001
62066338
62033846
62066469
62036116
62034860
62036072
62036161
62036310
62034090
62034305
62034604
62066494
62036402
62034281
62066898
62035639
62036346
62036496
62035277
62066773
62036612
62035421
62036291
62035455
62036779
62035343
62067226
62035003
62067424
62036720
62035846
62037471
62037257
62036407
62035303
62037077
62037324
62036243
62036065
62035236
62067571
62067840
62037248
62037420
62035460
62067840
62035825
62037591
62036355
62037136
62036923
62036296
62038016
62037553
62037674
62037614
62036833
62068103
62035493
62035761
62068356
62036675
62036916
62038073
62038261
62038324
62036262
62038218
62038407
62038446
62068995
62036858
62037521
62038473
62038562
62037113
62038596
62037824
62069144
62037271
62038320
62069220
62037027
62037844
62037591
62038871
62039094
62037573
62037270
62036976
62069484
62039157
62037911
62039143
62037670
62069568
62037456
62039264
62038014
62037844
62037351
62039669
62038686
62069870
62039603
62039530
62039535
62038110
62069803
62070155
62039204
62069894
62039771
62039793
62039835
62038951
62069833
62039345
62038950
62070057
62038311
62037944
62070440
62039760
62038880
62040376
62039969
62040148
62038810
62039853
62039563
62038963
62040767
62040302
62040505
62040626
62039567
62040067
62040137
62039274
62039244
62040289
62040504
62040632
62038769
62039946
62039449
62040726
62040774
62041039
62038781
62071210
62039235
62038717
62040966
62040895
62041243
62039866
62039010
62071485
62039838
62039246
62041329
62040098
62040080
62040132
62041256
62041399
62041500
62040616
62040139
62041534
62040281
62040132
62041517
62041584
62040789
62071823
62040611
62040444
62041642
62041704
62041856
62040934
62072201
62041636
62040742
62040117
62041825
62041133
62072406
62042116
62041106
62040765
62042240
62042272
62042240
62042216
62041056
62040152
62040307
62072467
62072822
62042455
62041059
62042410
62042532
62042919
62041885
62072836
62041013
62042947
62041523
62040699
62042962
62041287
62042619
62043143
62041839
62073540
62042780
62041849
62042945
62043109
62043141
62073378
62043305
62042106
62043202
62042846
62043562
62043624
62041425
62041555
62042180
62043433
62043546
62043698
62042207
62041711
62074478
62042667
62042274
62043746
62043780
62043915
62043971
62041919
62074450
62043663
62043980
62043978
62044055
62044179
62043394
62074292
62042308
62042957
62044168
62044309
62042525
62042999
62043151
62044797
62044537
62043616
62074983
62074640
62043892
62043179
62042786
62043260
62043896
62044851
62044978
62043333
62044650
62043569
62043793
62043859
62044948
62045157
62043115
62075453
62045200
62045434
62044180
62075739
62043651
62044310
62044139
62045512
62076079
62045220
62044624
62045756
62044575
62045606
62045760
62044425
62076377
62044148
62044870
62045739
62045830
62045048
62076384
62045970
62046077
62044690
62076318
62044452
62045166
62046159
62046382
62045621
62076795
62046574
62046681
62046853
62045921
62077141
62046498
62045580
62047170
62046977
62045169
62046969
62045493
62046687
62046815
62045548
62077150
62047023
62045719
62046644
62045414
62047160
62045564
62047569
62047253
62047445
62046212
62077773
62045933
62046513
62046203
62045457
62077782
62078182
62047952
62046500
62047712
62047826
62045825
62078380
62045636
62047718
62047873
62047840
62047171
62078315
62046327
62047310
62078041
62045749
62045927
62078400
62047851
62047884
62047901
62048118
62045983
62046368
62046788
62048610
62048093
62078595
62046344
62047106
62047165
62048377
62048600
62047041
62079059
62048640
62048509
62048455
62048805
62047921
62079004
62048400
62047558
62048772
62048727
62078941
62046747
62049004
62047537
62047211
62048998
62049288
62049304
62047193
62079695
62049009
62048033
62048831
62047141
62079634
62047630
62048600
62048027
62049567
62049520
62047873
62048104
62048259
62049530
62049684
62049747
62048873
62079914
62047988
62048497
62047600
62080065
62080434
62048162
62049248
62048463
62049924
62050052
62049236
62048698
62050080
62050174
62048951
62080527
62049933
62048961
62050340
62048518
62080752
62048572
62049337
62049197
62050370
62050649
62050589
62080797
62048710
62050576
62050659
62049159
62048652
62050704
62048716
62081114
62049058
62081097
62051145
62050137
62081343
62049475
62050008
62049923
62051254
62051506
62051245
62050889
62083680
62052080
62052624
62053500
62051427
62051795
62052352
62052250
62053570
62053807
62052095
62052876
62052580
62053856
62054206
62053306
62084623
62054415
62053135
62054764
62052668
62084641
62052663
62084607
62052806
62053288
62054454
62054657
62052670
62054609
62053352
62054622
62054748
62053200
62085272
62053166
62053725
62054797
62053248
62085410
62085287
62053299
62054207
62053681
62054920
62054072
62085488
62053381
62054466
62053496
62054104
62054061
62055216
62085633
62053591
62054309
62055325
62055436
62055701
62053553
62085908
62055434
62086037
62055751
62054987
62085917
62054092
62054700
62054454
62055788
62055434
62086369
62055649
62054855
62055892
62056166
62056123
62054187
62086508
62055846
62055116
62056512
62055628
62086843
62056300
62055382
62056396
62056704
62055163
62056832
62055552
62056597
62056375
62055059
62087272
62055211
62055717
62055683
62056127
62057108
62055097
62055321
62087151
62055039
62056424
62087465
62055502
62056137
62055788
62057411
62057336
62057427
62056577
62088023
62056289
62056139
62087706
62087671
62055861
62056743
62057902
62057999
62056575
62057956
62088192
62057091
62088498
62057996
62058117
62058186
62057093
62088427
62056592
62057667
62056944
62058340
62058431
62056344
62088647
62058037
62057707
62058363
62058732
62088906
62057037
62057931
62057208
62058676
62058804
62058777
62089131
62089273
62089412
62058776
62059037
62059035
62059156
62059147
62059158
62059082
62058514
62058113
62059248
62059136
62059729
62058360
62060095
62059801
62059683
62059739
62089825
62059687
62059756
62058932
62057643
62058090
62058605
62058542
62058049
62058235
62059191
62058759
62060306
62060166
62058840
62090394
62058384
62058581
62058959
62058175
62090527
62059847
62059029
62060043
62060153
62060212
62059433
62058881
62060164
62060333
62058308
62090579
62059109
62059339
62060258
62058681
62058778
62060486
62059233
62060417
62060562
62062297
62060429
62060443
62060796
62058648
62090880
62058874
62059915
62060741
62060773
62060675
62060922
62061112
62058913
62091540
62059443
62060932
62061023
62061078
62061260
62061446
62061492
62059187
62091896
62061400
62061542
62061505
62061513
62091723
62059866
62060539
62060366
62060855
62060244
62059721
62092054
62061321
62060605
62061640
62061893
62060917
62060217
62061729
62060842
62061815
62061951
62062096
62060701
62092197
62060204
62061919
62060769
62061121
62061252
62061132
62060954
62060805
62060809
62062537
62060406
62061417
62061614
62060837
62060989
62061562
62092598
62060588
62061646
62060940
62060392
62061794
62092660
62060872
62061944
62061399
62061916
62061494
62061204
62060561
62061977
62093006
62060956
62061564
62061483
62062787
62062945
62062456
62061006
62062932
62061638
62063276
62062987
62062872
62064584
62062869
62061786
62062920
62063036
62063201
62061896
62093419
62061484
62063210
62063495
62063575
62062356
62093767
62062266
62093947
62063489
62062602
62093774
62063657
62063662
62063622
62061494
62093929
62063754
62062471
62063548
62063806
62094114
62094243
62062140
62063109
62062379
62064015
62064115
62062212
62063889
62064044
62062562
62062912
62062961
62062692
62062977
62063060
62064054
62064139
62062441
62063192
62062919
62064667
62064555
62064389
62062491
62094771
62094980
62062328
62064727
62064657
62062707
62063014
62063584
62063544
62064619
62064769
62064422
62064379
62063612
62095193
62095345
62064644
62064139
62063720
62065531
62064519
62064794
62064983
62064287
62064165
62065261
62065425
62064141
62095679
62065399
62065550
62065531
62063482
62095903
62065250
62064260
62065407
62065069
62063695
62065608
62064492
62065604
62065711
62095883
62063956
62065750
62065860
62064325
62065910
62064512
62096194
62065575
62064798
62066105
62096426
62064451
62066255
62064852
62066080
62066232
62066288
62064236
62066406
62066255
62065828
62066550
62066483
62065437
62096829
62064763
62065778
62066729
62066836
62064664
62065049
62065957
62065315
62066688
62066381
62065021
62066613
62065777
62066822
62067021
62065524
62097153
62097559
62067196
62065199
62066471
62097565
62065734
62067184
62066152
62067456
62067583
62097626
62065289
62067627
62067594
62066297
62097923
62066337
62066403
62067542
62066614
62066779
62066689
62066676
62066821
62066637
62067333
62068144
62068115
62067895
62067968
62068183
62068222
62067548
62098613
62068081
62067300
62068796
62068656
62067103
62067309
62068952
62068545
62068919
62067491
62098781
62066867
62067933
62068731
62083925
62116234
62085703
62084696
62085955
62086080
62116174
62084293
62084538
62084847
62116316
62084448
62085380
62086063
62086323
62084210
62085987
62116624
62084291
62116727
62086036
62085324
62086276
62086412
62086489
62085301
62117064
62085001
62085530
62085415
62086620
62086952
62085647
62086672
62085602
62085754
62085672
62086712
62087021
62087050
62084953
62087015
62086855
62087055
62087108
62085178
62117592
62087292
62085950
62087442
62087456
62086241
62086338
62086332
62087452
62087643
62087720
62085725
62086056
62087101
62087560
62087853
62087825
62086793
62086818
62086929
62087963
62088271
62086942
62089775
62088075
62088257
62088234
62088314
62088274
62087544
62118571
62088431
62088470
62088492
62086470
62119036
62088652
62087276
62088624
62087433
62119108
62087188
62088730
62086909
62119077
62087094
62088480
62087024
62088964
62087541
62088310
62086566
62119022
62088321
62087704
62088850
62089067
62089157
62119172
62088924
62088911
62089093
62089122
62087011
62119666
62088858
62087899
62088439
62087132
62119530
62088938
62088096
62089222
62089538
62087574
62088411
62089367
62089471
62089661
62089627
62089667
62087632
62120128
62089551
62119976
62089773
62089784
62089105
62120184
62089626
62088739
62089797
62089961
62088763
62089819
62088999
62088887
62090109
62090295
62088266
62088637
62089112
62088092
62088563
62088408
62120617
62088524
62120857
62088966
62089781
62089123
62090574
62090202
62088835
62089789
62089417
62090717
62090933
62088792
62121344
62088821
62091085
62090143
62121320
62089436
62090058
62091299
62091280
62121475
62091073
62121514
62089853
62090486
62121857
62091134
62090298
62091441
62091531
62091243
62090005
62091840
62091488
62090446
62089597
62122006
62091228
62090327
62121684
62121863
62122063
62091321
62090345
62091506
62091776
62089772
62122214
62091947
62091869
62091987
62092083
62090007
62122494
62091786
62091379
62090012
62122399
62091552
62092454
62090211
62122676
62090553
62122660
62091091
62091496
62122692
62090605
62122877
62092239
62091382
62092765
62092773
62091550
62092921
62091675
62092641
62092891
62092974
62123269
62091218
62091443
62092854
62092988
62091821
62093043
62093020
62093202
62091870
62123369
62091410
62093193
62091755
62091397
62123643
62093037
62092772
62092203
62093462
62093611
62091837
62093565
62092916
62092385
62093532
62093645
62093749
62124055
62092133
62093941
62093932
62093926
62092525
62124514
62092472
62093216
62094383
62124701
62093906
62094285
62092819
62094708
62094325
62094501
62092732
62093287
62093168
62094681
62094754
62094786
62093412
62124902
62092990
62093676
62125163
62094879
62093406
62093015
62125185
62093326
62094820
62093586
62125168
62095176
62093164
62125398
62093318
62093929
62094945
62095042
62093384
62125301
62125599
62094834
62094077
62093955
62095248
62095369
62094916
62125821
62093947
62095679
62094293
62095813
62095899
62094156
62094938
62095093
62126289
62094551
62095220
62126249
62094249
62094904
62094776
62094571
62095731
62095861
62094695
62096017
62095501
62096237
62094839
62126756
62096022
62094984
62096348
62098139
62097074
62097628
62098312
62128754
62097310
62129025
62129230
62098661
62098101
62097477
62098367
62099148
62097435
62129601
62097434
62099169
62097923
62099019
62099261
62099386
62098960
62129491
62129826
62098263
62099249
62099458
62097464
62129836
62130148
62099329
62098473
62099644
62099918
62099899
62099162
62130200
62097688
62098625
62098612
62099681
62099842
62098513
62129927
62130308
62098517
62098668
62100367
62098842
62098703
62099925
62100038
62100176
62098138
62100030
62098998
62098828
62100341
62100294
62100469
62098339
62130839
62100128
62130485
62100463
62100570
62100612
62098649
62131245
62100864
62099636
62100718
62101040
62099489
62100488
62100428
62099796
62099852
62100111
62100535
62100580
62099813
62100816
62100930
62099017
62099194
62099918
62099964
62099612
62101234
62099658
62099090
62131616
62100800
62100291
62100546
62099922
62101104
62101360
62101491
62100669
62131768
62101369
62100078
62101300
62101427
62099519
62101580
62101756
62099707
62132103
62100087
62101642
62101661
62101179
62101854
62101083
62099977
62132371
62102093
62101900
62102316
62101960
62102013
62100808
62132506
62100378
62100094
62102262
62102154
62102230
62102423
62101228
62132750
62100839
62101432
62101280
62102632
62102578
62101276
62101155
62102814
62101599
62102770
62102787
62102915
62101544
62133466
62102306
62102938
62103127
62103138
62101921
62133524
62101407
62103341
62102061
62103457
62103321
62133589
62133789
62103249
62102478
62102322
62103533
62103708
62103689
62133856
62102228
62133929
62134277
62103692
62103582
62103216
62104075
62102719
62101857
62134302
62103957
62103857
62103867
62103437
62102861
62104093
62104364
62104396
62105868
62104248
62103585
62103088
62104084
62103697
62102338
62134931
62104168
62103302
62104398
62104685
62104792
62104763
62103777
62103716
62104812
62104928
62104970
62103514
62106676
62105077
62104924
62105069
62105173
62104436
62103708
62135345
62103337
62105323
62105187
62105352
62104489
62135523
62103614
62104348
62104124
62135592
62103880
62104627
62105527
62105658
62103459
62135915
62105251
62135791
62105596
62105672
62104761
62135961
62103911
62104949
62105581
62135914
62136365
62105590
62105174
62105765
62105929
62106084
62104291
62136413
62104357
62105997
62106169
62106441
62105539
62136600
62104587
62105635
62104973
62105147
62104341
62136854
62105197
62105349
62106958
62106547
62106686
62104908
62106807
62105493
62106664
62106804
62107055
62104856
62137425
62106065
62106903
62107225
62107148
62106901
62107164
62107166
62105645
62137415
62107262
62107103
62106771
62107395
62107390
62105341
62137885
62105730
62106006
62107605
62107466
62106250
62106278
62107049
62107758
62107838
62107029
62138022
62107464
62107099
62105530
62107783
62107145
62137987
62138431
62106769
62106794
62107727
62107891
62106271
62107691
62106392
62138584
62108276
62107597
62107127
62138435
62108442
62108351
62106391
62138754
62108179
62107671
62107191
62107182
62138772
62139109
62106839
62108735
62107510
62108606
62108695
62108700
62107190
62108144
62107647
62108742
62108886
62108022
62139333
62139329
62108576
62108232
62108915
62108977
62109248
62108063
62108447
62107981
62108078
62109064
62109290
62107955
62139401
62107123
62109331
62109459
62109413
62107463
62139820
62107922
62108502
62139683
62108131
62109638
62108154
62139887
62140224
62109905
62108508
62109720
62109998
62109126
62107899
62109257
62109648
62109759
62108975
62108770
62110289
62110430
62109101
62108877
62109059
62110427
62109174
62110232
62110396
62110473
62108349
62108813
62109284
62109309
62140789
62109353
62109744
62108464
62108864
62109563
62110635
62110812
62110742
62109197
62108602
62141315
62110105
62110936
62110999
62111068
62111107
62109007
62141407
62109472
62111269
62109687
62109044
62109164
62141356
62109383
62111252
62109924
62111071
62141654
62141580
62109613
62110282
62110154
62111218
62109998
62141782
62110866
62111431
62111514
62111581
62110334
62141877
62142205
62111499
62110678
62110525
62111781
62111905
62109904
62110194
62111769
62111938
62111994
62111209
62142305
62111785
62111297
62110721
62112004
62112146
62112243
62111080
62112146
62111320
62111127
62112746
62112401
62112529
62111717
62142791
62111621
62111512
62112533
62111370
62111234
62112546
62112710
62112777
62143141
62111093
62110864
62143120
62143335
62112503
62111623
62111100
62143439
62143337
62111346
62112122
62111674
62113030
62113260
62143501
62113158
62113303
62112882
62113458
62111958
62112248
62112420
62112387
62113397
62113561
62113641
62112632
62143944
62112009
62112982
62113760
62113765
62111716
62143823
62111975
62113047
62112399
62112722
62144431
62111943
62144231
62144487
62113815
62112911
62114027
62114250
62114415
62114222
62114238
62114378
62114448
62112913
62112294
62144711
62116132
62113265
62114436
62114573
62114691
62144948
62112948
62113748
62114703
62114853
62114147
62113163
62114652
62113816
62113602
62114442
62115226
62113935
62114852
62115277
62113980
62115089
62115055
62115364
62114412
62117131
62114415
62114320
62115398
62115313
62115468
62114272
62145717
62113893
62114868
62115583
62115527
62115640
62115795
62113777
62113655
62146191
62115031
62115846
62115909
62115875
62115955
62115095
62146057
62114138
62116178
62115407
62116034
62116066
62115404
62146677
62115881
62116170
62116226
62116170
62114957
62116223
62116306
62116362
62115476
62116259
62115177
62116348
62116341
62116503
62115786
62146879
62115734
62116719
62116649
62116671
62115909
62147067
62114963
62115520
62115435
62147077
62115444
62114925
62147470
62115284
62115995
62117553
62117111
62116339
62116830
62116407
62115882
62117114
62117307
62117325
62117262
62116305
62117405
62117541
62117567
62115740
62147862
62116720
62116947
62116520
62148053
62116094
62117142
62117764
62117979
62116790
62117943
62118311
62117344
62118094
62118177
62116087
62116610
62148413
62116362
62117372
62116093
62116847
62148727
62118077
62117300
62118317
62116264
62148765
62118008
62117241
62118436
62118563
62117389
62116719
62118599
62118675
62118720
62117477
62116679
62149269
62118471
62117029
62118667
62118769
62118945
62117568
62149053
62149381
62119120
62117795
62118901
62149238
62149492
62119174
62119173
62119307
62118498
62119320
62119295
62119384
62119536
62118066
62117509
62150061
62118197
62149744
62119581
62118036
62117516
62149996
62117847
62119781
62118477
62149955
62118650
62118628
62119795
62120032
62121749
62119953
62118432
62119900
62119926
62119861
62119972
62120192
62118092
62119200
62118914
62120058
62120441
62120350
62118288
62150747
62119548
62120280
62120333
62119562
62150615
62150906
62120139
62119730
62120234
62119790
62118501
62151032
62119000
62119485
62121149
62120694
62120907
62120429
62120977
62120182
62119664
62120862
62121082
62121186
62119398
62121134
62121203
62121198
62119315
62151609
62119569
62121544
62120199
62119878
62121418
62121689
62120252
62121333
62120927
62120526
62120671
62121109
62120639
62121974
62121985
62121387
62121977
62120881
62121353
62121999
62122163
62122192
62121407
62152385
62122141
62121027
62121051
62122188
62122422
62120874
62152861
62120811
62121669
62122634
62122533
62122705
62121890
62152815
62122387
62152840
62122784
62122720
62122227
62124021
62122870
62155251
62155593
62124792
62124323
62123803
62124335
62124657
62155628
62123751
62124349
62124213
62125712
62124407
62156283
62125824
62125051
62125855
62125992
62126086
62126220
62125640
62126062
62125123
62126260
62126281
62126359
62125619
62126723
62128177
62126366
62126304
62125992
62126732
62125462
62157127
62157257
62126634
62125063
62126859
62126867
62126154
62157161
62125554
62125682
62126466
62124753
62157233
62126634
62125901
62126446
62127353
62126394
62157346
62157751
62127087
62127257
62127282
62126497
62157544
62125458
62126179
62126132
62127295
62125336
62157809
62127196
62126337
62127470
62127628
62127435
62127028
62127802
62126265
62157945
62158375
62127578
62127001
62127633
62127579
62125950
62158279
62126343
62128277
62126973
62128327
62126951
62128258
62128314
62127543
62158719
62128047
62127833
62127192
62128451
62126409
62158812
62159140
62128374
62127641
62129223
62128956
62128897
62130474
62128725
62127549
62128840
62128980
62129111
62129146
62128218
62128858
62127643
62128739
62128930
62129130
62129053
62128391
62159599
62129268
62129146
62129226
62127612
62159501
62127461
62129381
62128101
62128827
62127459
62129242
62127986
62129160
62129249
62129275
62128442
62159810
62129189
62159855
62127775
62128730
62128151
62129661
62129750
62129766
62128933
62159928
62129862
62128673
62129030
62127737
62160185
62128164
62130040
62129234
62128346
62128166
62129734
62128912
62129094
62129045
62128857
62130617
62130257
62129142
62129408
62128880
62128888
62130104
62130150
62130201
62130458
62130388
62129241
62130385
62130844
62130437
62129813
62130733
62128914
62160801
62129023
62129912
62128779
62161426
62129624
62129851
62130831
62130431
62131116
62130900
62131353
62130970
62131087
62131418
62131089
62131019
62131222
62130400
62161554
62129539
62130546
62130141
62129946
62131323
62161605
62161977
62129989
62131799
62130585
62130394
62131637
62130053
62130925
62130984
62131986
62131902
62131873
62132001
62131954
62132037
62130753
62130868
62130876
62131010
62130700
62132076
62162640
62131971
62131958
62132076
62132511
62131272
62131171
62162861
62162833
62162776
62163004
62132267
62131765
62131258
62132442
62132409
62132495
62130994
62132794
62162827
62130761
62162851
62163122
62163349
62131023
62132967
62131687
62132858
62132896
62131858
62131736
62133027
62133216
62133070
62133341
62133373
62132599
62133387
62133457
62132819
62163727
62164126
62131918
62133728
62132943
62131963
62133271
62133491
62133020
62132550
62133762
62133851
62133993
62132684
62133804
62133893
62134021
62132538
62131959
62164453
62131843
62134397
62134241
62134440
62134284
62132612
62164667
62134278
62134483
62134203
62134428
62134348
62132366
62134630
62134562
62134638
62134681
62134614
62165235
62164821
62164867
62165133
62165237
62165125
62165211
62133094
62133051
62134838
62135345
62134930
62135218
62135103
62134205
62165318
62133604
62135398
62135127
62135353
62135231
62135312
62133839
62165626
62134972
62134212
62135407
62135445
62135528
62135587
62165992
62133438
62165787
62133824
62134483
62134597
62135590
62133629
62135841
62135812
62135895
62135788
62135201
62134709
62134926
62136022
62135305
62136187
62134903
62166484
62166452
62166716
62136269
62136315
62134982
62166565
62166697
62166734
62134719
62135021
62136299
62136666
62136065
62136788
62135148
62167141
62167347
62135110
62134840
62134640
62167129
62167389
62136495
62137112
62136027
62136141
62137273
62135784
62137167
62137082
62137158
62137166
62137516
62137452
62136259
62137407
62137548
62136203
62136677
62136195
62136275
62136351
62137122
62137362
62136809
62136428
62136282
62137457
62137737
62137714
62137842
62138001
62137822
62137977
62137823
62137883
62138041
62138124
62137114
62168154
62138040
62138123
62136893
62136037
62168343
62168570
62137827
62168593
62168586
62168811
62136792
62138514
62137595
62137228
62138273
62138098
62137565
62138293
62138382
62138561
62138620
62138499
62138501
62138505
62138684
62138730
62136969
62136750
62169196
62137041
62138582
62138882
62169402
62136949
62138266
62137688
62139276
62169538
62139374
62139436
62139336
62137703
62137741
62139026
62139009
62139061
62139189
62137740
62137244
62169596
62137747
62139264
62139392
62139400
62138789
62169620
62170026
62137706
62138691
62138004
62138676
62169938
62169967
62137919
62139453
62138576
62138396
62138277
62137980
62137703
62170055
62138490
62138570
62137927
62170087
62138275
62170321
62138193
62139249
62139324
62139955
62140329
62140136
62138515
62139488
62140239
62140329
62140456
62139699
62139331
62171102
62140564
62140345
62140703
62140594
62139943
62139572
62139980
62139649
62139245
62138750
62140859
62141083
62141051
62141072
62139733
62139093
62171384
62171739
62139604
62139095
62171694
62139593
62140198
62140199
62141381
62141429
62141619
62140909
62139774
62171849
62172082
62172105
62140361
62141733
62140010
62141903
62139758
62140593
62141965
62140272
62141229
62172265
62140588
62140767
62142218
62142168
62172636
62142524
62141441
62141492
62142328
62140554
62142296
62172705
62140948
62142464
62142130
62142462
62172895
62142265
62141633
62141289
62142493
62172900
62141265
62142760
62142306
62141739
62140690
62141562
62142862
62141146
62142803
62142845
62140865
62141686
62143058
62173430
62143013
62142330
62143226
62143317
62141749
62142369
62143621
62141734
62143374
62142699
62143643
62143637
62173741
62142454
62143754
62141901
62143759
62174171
62143651
62143070
62143180
62143951
62174446
62142791
62144221
62174500
62142894
62144194
62142536
62144111
62174558
62142787
62144375
62142775
62144192
62143568
62143309
62144479
62174634
62143231
62144582
62175047
62144456
62142944
62143271
62144544
62174863
62143357
62144924
62142927
62144618
62142655
62145000
62144954
62144186
62143896
62145159
62175540
62144947
62144264
62144360
62145196
62143299
62145096
62145013
62143704
62145243
62145183
62175459
62144078
62145426
62175942
62144273
62145522
62175822
62144782
62145573
62144782
62145291
62145496
62145753
62176171
62144579
62145828
62143752
62145864
62145688
62144616
62145960
62145900
62176296
62144576
62146164
62145696
62146211
62144059
62144952
62146273
62144464
62146220
62176560
62144968
62146433
62146088
62146329
62176843
62146360
62145728
62145824
62146609
62144961
62146752
62144658
62145509
62146758
62145086
62146754
62146058
62145926
62146990
62145130
62146829
62145800
62146690
62147235
62145053
62145874
62147195
62145342
62147190
62147014
62177309
62145885
62147206
62146926
62147492
62145412
62146298
62147670
62178144
62147560
62145637
62146598
62147758
62178058
62146461
62147905
62146131
62147757
62147082
62147626
62147867
62178138
62146714
62148158
62147755
62148105
62178533
62147021
62148321
62149991
62178549
62146995
62148244
62146381
62148072
62147469
62147053
62147601
62146736
62146624
62148264
62148478
62146669
62148360
62146397
62148677
62148569
62146904
62148501
62147061
62148765
62148705
62146725
62148061
62148825
62179077
62147693
62148942
62179515
62148880
62148197
62149093
62149033
62179403
62148315
62149204
62147275
62147609
62147963
62149428
62179552
62149601
62149404
62147560
62149201
62149443
62148168
62147881
62148184
62149772
62149875
62149818
62180059
62148611
62149932
62148201
62150057
62147803
62148747
62149996
62148310
62150094
62149347
62149891
62150211
62148779
62149819
62150700
62150413
62148259
62149917
62150755
62150532
62150064
62150579
62149862
62149344
62150671
62180992
62149374
62150869
62150385
62150735
62181024
62149606
62150927
62150480
62150844
62181139
62149787
62151108
62181531
62150896
62149312
62151088
62151079
62181272
62149944
62150543
62181528
62149995
62151388
62149658
62151758
62151535
62151177
62151418
62181694
62150238
62151559
62182156
62151572
62150889
62151806
62151872
62182070
62150401
62151917
62151945
62152032
62182249
62151868
62151236
62150855
62152131
62182380
62150711
62152227
62150453
62152524
62150164
62152286
62152175
62154122
62150652
62152227
62150918
62152666
62152490
62182961
62151313
62152829
62151099
62152617
62152925
62151441
62152764
62151468
62152806
62152968
62183161
62151860
62153109
62151351
62152940
62152439
62152463
62153197
62183767
62153132
62152500
62152156
62153411
62183681
62152156
62153579
62151921
62153439
62152756
62152426
62153586
62184132
62152268
62153907
62153429
62153524
62184041
62152644
62153893
62152192
62153622
62153942
62153246
62152895
62154055
62184601
62153966
62153334
62153191
62154215
62184523
62153062
62154311
62152666
62154283
62153638
62154599
62154351
62184595
62153222
62154666
62152922
62154539
62152582
62153454
62154805
62153031
62154873
62152742
62153614
62154914
62153167
62155009
62152878
62153726
62155026
62154719
62154386
62185243
62153838
62155210
62153610
62155134
62153198
62154262
62155442
62185793
62155158
62153238
62154182
62155554
62153954
62155865
62153494
62155702
62155570
62153590
62154438
62155759
62154196
62155806
62153726
62154598
62155970
62154291
62155815
62186219
62154614
62156058
62155792
62156193
62158089
62186705
62154847
62156486
62156169
62175762
62205904
62174603
62175954
62174115
62175712
62174416
62176041
62175865
62206269
62174938
62176108
62206560
62174921
62176153
62174056
62175065
62176249
62206600
62175216
62176249
62174344
62175417
62176345
62174416
62176600
62176883
62176668
62206963
62175402
62176825
62175068
62176643
62176040
62175689
62176944
62207144
62175689
62177061
62207158
62176386
62177061
62176393
62176793
62177049
62177408
62207657
62176098
62177330
62207676
62176057
62177480
62207932
62176095
62177662
62177143
62177442
62175530
62177349
62177576
62175736
62176557
62177908
62176260
62177747
62177123
62176980
62177932
62208210
62176851
62178182
62178159
62176378
62177751
62178058
62178366
62176571
62178205
62176960
62177970
62178226
62178585
62178349
62178509
62176603
62177424
62177222
62178954
62178809
62209232
62178640
62176776
62177662
62178911
62209248
62177614
62179007
62209553
62178918
62177046
62179230
62179245
62209537
62179054
62178545
62178105
62179405
62179081
62179295
62209886
62179302
62179559
62179142
62179606
62209819
62178422
62179722
62177934
62179058
62209883
62178417
62178698
62178697
62180045
62210152
62178718
62180018
62210347
62178584
62178619
62180042
62180006
62210378
62178672
62178491
62210125
62178824
62180268
62178452
62180652
62179417
62180375
62180318
62210622
62178950
62180445
62178722
62180370
62180555
62180210
62180509
62179077
62180713
62180626
62178992
62181047
62179943
62180976
62180728
62210972
62179527
62180992
62211164
62179777
62180892
62179532
62180761
62181009
62179281
62180525
62181173
62179169
62180556
62181218
62211406
62180065
62181386
62211825
62180017
62181605
62211985
62180343
62181664
62211900
62180295
62181739
62212082
62180586
62181835
62211983
62180631
62181931
62212111
62182114
62181880
62212327
62180888
62182174
62180427
62182167
62182246
62212748
62182092
62182349
62182155
62182218
62212574
62180962
62181148
62181252
62182354
62212670
62181187
62182580
62180370
62182698
62182515
62212881
62181218
62182734
62213173
62181533
62182734
62181381
62182493
62182857
62181504
62182575
62182823
62182271
62182743
62182970
62181079
62182935
62183141
62183457
62181423
62183156
62181775
62182911
62183326
62182607
62183165
62182753
62213660
62182322
62183454
62213692
62182452
62183708
62213880
62183812
62183055
62181635
62182929
62183951
62183599
62183898
62181955
62182831
62184189
62182394
62184134
62214334
62182769
62182948
62183557
62184349
62182619
62184805
62183577
62183243
62184495
62184157
62184442
62214787
62184412
62182849
62182839
62184487
62183804
62183914
62184750
62184354
62184667
62215165
62184739
62182938
62183650
62184899
62184619
62184969
62215314
62184874
62183138
62183925
62185174
62184980
62185142
62215538
62185214
62184538
62184077
62184091
62184425
62185492
62183680
62185538
62215840
62185406
62184846
62184471
62185655
62185259
62185558
62185823
62185492
62185935
62185102
62185075
62185911
62216478
62185836
62185139
62185249
62186157
62216385
62184932
62186167
62216593
62184894
62186461
62186329
62186488
62216925
62186282
62184727
62184977
62186430
62185682
62185843
62186737
62185068
62186665
62186857
62186649
62186702
62216997
62185710
62186945
62185273
62187057
62184987
62187209
62187135
62217309
62185918
62187348
62186915
62187207
62217675
62187265
62185328
62187392
62187281
62217661
62186070
62187449
62187292
62187570
62217915
62187489
62186107
62187329
62186996
62217981
62186369
62187820
62186073
62188193
62187045
62187510
62188340
62187069
62186766
62187881
62188009
62187678
62188516
62188228
62187774
62188145
62218464
62186814
62187000
62187132
62188343
62186620
62188362
62190309
62219020
62188487
62187739
62187900
62188722
62187125
62188930
62187995
62187644
62188936
62219262
62189076
62188930
62188262
62187986
62188989
62219420
62187692
62187857
62188023
62189285
62187576
62189216
62219639
62189352
62187449
62188185
62189441
62189260
62189511
62219811
62188156
62189607
62189225
62188760
62187574
62188467
62189788
62189385
62188818
62187704
62188555
62189804
62189040
62220581
62188529
62189908
62189072
62220521
62188801
62189940
62190140
62220649
62189049
62190068
62190196
62188548
62190196
62190316
62188593
62190335
62190484
62188689
62190388
62190559
62192306
62221077
62189357
62190664
62221063
62190530
62189898
62190008
62190779
62221274
62190704
62190123
62190168
62190939
62189267
62190813
62189784
62189823
62191150
62221391
62191024
62190378
62190474
62191331
62189618
62191666
62190511
62190232
62191566
62221938
62191419
62190808
62190382
62191617
62191221
62191685
62189591
62190514
62191784
62190002
62191707
62221951
62190520
62191964
62222331
62191752
62191171
62190977
62192124
62222344
62191963
62191331
62191052
62192314
62222707
62192072
62190827
62192121
62192232
62190299
62192572
62192396
62222787
62191267
62192588
62192425
62192604
62222920
62191379
62192823
62192537
62192764
62191411
62192510
62192809
62192185
62193030
62192905
62193170
62191436
62193033
62193341
62191481
62193193
62192620
62193414
62193225
62193461
62223854
62193321
62192663
62223586
62192350
62193657
62223973
62193496
62192272
62193832
62193649
62223925
62192541
62193862
62193965
62193806
62224037
62192632
62192400
62193957
62193802
62193157
62194125
62194038
62224389
62194000
62193389
62193000
62194351
62192326
62194432
62193726
62193509
62193995
62194251
62193171
62194549
62194417
62224872
62193237
62194660
62225072
62193429
62194780
62225021
62193483
62194927
62192728
62194936
62195197
62193205
62194981
62194945
62225309
62194928
62195113
62225584
62194323
62195287
62225701
62193573
62195230
62195145
62195219
62197094
62225842
62195309
62193941
62195149
62195448
62194896
62194429
62195705
62226079
62194394
62195910
62226258
62195637
62195873
62226248
62194576
62196020
62226464
62195880
62194851
62195755
62195982
62195358
62196275
62196092
62226483
62195086
62196437
62194598
62196246
62195166
62195358
62196549
62194899
62196248
62195887
62226966
62195246
62195239
62195635
62196898
62227321
62197166
62194899
62195734
62196986
62196611
62196978
62227291
62196859
62195174
62195825
62197245
62196921
62197090
62227371
62195895
62197346
62195983
62197293
62227649
62197198
62196515
62196638
62197546
62195884
62197830
62195537
62197684
62197562
62227926
62197494
62196862
62197074
62197866
62228182
62197617
62197036
62196733
62197965
62196231
62197936
62228383
62197878
62197318
62197049
62198301
62196390
62198248
62228422
62196843
62198308
62196499
62198283
62196326
62197441
62198447
62228899
62198358
62197726
62197331
62198709
62228907
62197238
62198754
62196915
62198657
62198548
62198131
62198555
62198790
62197545
62197163
62198862
62199047
62229542
62197843
62199215
62197392
62197709
62199174
62229354
62197984
62199305
62229560
62198028
62199407
62229504
62198203
62199524
62229891
62198104
62199497
62229920
62199336
62198307
62199299
62199534
62198043
62199467
62199738
62230166
62198606
62199975
62199112
62199741
62199989
62199221
62200080
62199969
62230453
62198840
62200212
62198461
62200101
62199426
62200394
62200286
62230506
62199205
62200454
62230925
62200392
62198808
62200339
62199665
62230789
62199403
62200751
62231318
62200611
62199531
62200523
62200966
62200147
62199796
62200949
62231423
62199789
62201168
62199445
62201164
62231551
62201232
62200556
62200092
62201392
62201140
62201486
62231687
62200303
62201603
62231751
62200584
62201597
62232036
62201508
62200927
62200648
62201757
62232324
62201668
62201061
62199715
62201920
62201774
62202090
62201732
62202073
62201985
62200385
62202041
62202306
62201828
62202070
62200825
62202485
62202193
62200884
62200795
62202327
62202584
62202116
62202517
62202710
62200871
62202570
62202806
62202510
62202686
62232962
62201694
62203001
62233395
62201752
62203001
62200904
62202709
62202893
62203150
62233504
62201825
62202357
62203390
62203340
62233835
62203251
62203559
62203198
62202772
62201475
62203690
62203551
62234073
62202337
62203730
62203399
62203698
62234145
62202432
62203876
62203466
62203830
62233987
62203162
62203896
62205631
62234259
62203233
62203973
62201993
62203108
62204114
62234540
62204025
62203444
62202970
62203546
62202177
62203049
62204298
62235053
62204266
62203642
62203634
62204502
62234976
62203205
62204619
62204900
62204748
62202967
62204470
62204676
62204073
62204189
62204981
62235361
62204820
62204137
62204298
62205134
62203527
62205102
62235498
62205160
62203261
62204133
62205454
62204876
62205240
62235484
62204039
62205534
62203760
62205451
62235740
62204199
62205715
62205182
62204965
62235950
62204308
62205773
62203964
62206194
62205031
62205052
62206011
62205557
62205856
62236471
62205938
62205378
62204938
62206187
62205877
62206077
62236430
62205040
62206347
62204559
62206250
62236583
62205108
62206531
62236975
62205204
62206597
62236951
62205221
62206693
62206341
62206691
62237044
62206861
62206808
62206047
62205717
62207102
62205423
62206917
62205932
62206141
62207139
62237615
62207074
62205727
62207021
62207227
62237484
62206023
62207395
62205607
62207339
62207659
62206539
62205786
62206247
62207554
62237651
62206200
62207497
62237899
62206179
62206358
62207833
62207711
62238078
62206746
62207930
62206142
62208049
62206329
62207723
62207994
62238224
62206900
62208251
62208064
62208243
62238687
62206895
62207146
62207322
62208547
62238991
62208909
62206463
62207335
62208758
62208663
62208678
62239058
62207402
62208969
62208536
62208852
62239347
62207555
62207806
62208374
62209231
62207422
62209329
62239389
62207752
62209340
62208008
62209356
62239888
62208066
62209468
62207585
62209303
62209564
62208452
62208613
62209500
62209255
62209557
62240105
62209564
62209004
62209021
62209915
62208155
62209775
62208407
62210067
62209928
62209260
62208995
62210075
62208081
62209008
62210294
62208167
62209305
62210222
62208167
62209159
62210411
62240660
62210536
62210754
62210539
62240999
62210313
62209017
62209361
62210541
62210669
62208830
62209270
62210786
62209028
62210617
62208838
62209598
62210734
62210906
62209183
62210831
62211190
62210671
62210919
62210367
62210316
62211101
62241527
62211179
62210496
62210237
62211551
62209058
62209577
62209880
62211519
62211014
62211205
62211390
62209862
62211560
62210741
62211702
62211556
62241749
62210589
62211748
62242085
62211659
62211048
62211086
62211929
62210157
62211913
62242191
62210565
62210672
62210869
62211947
62209946
62212233
62212108
62210179
62212428
62212333
62242454
62210979
62212423
62210614
62212419
62210349
62211235
62212484
62242811
62211766
62212658
62243027
62213025
62212802
62212355
62212647
62242987
62211374
62212890
62212963
62213050
62243379
62213377
62212206
62211811
62213210
62243708
62213022
62212339
62213307
62213226
62243579
62212118
62213490
62243785
62212022
62213538
62243779
62213347
62212715
62212927
62213661
62211894
62213663
62213654
62243879
62212365
62213758
62213485
62213750
62244216
62213733
62213101
62213234
62213968
62244624
62212739
62214139
62212546
62214258
62244375
62212951
62214395
62244695
62212831
62214347
62213989
62214353
62244693
62213296
62214689
62212822
62214578
62244816
62213353
62214869
62213824
62214783
62213068
62214491
62214757
62212861
62215011
62214835
62245429
62214198
62215210
62214491
62214816
62215259
62214563
62214563
62215399
62213611
62215467
62213336
62214208
62215508
62213771
62215627
62213496
62214419
62215791
62215481
62215762
62246184
62215643
62215828
62214156
62215688
62214227
62216089
62216018
62246283
62214835
62216135
62214412
62215223
62246347
62214995
62216346
62246587
62216104
62214859
62216433
62216459
62214955
62215688
62216596
62214715
62216369
62246888
62215291
62216633
62216288
62216580
62247099
62216587
62215291
62216448
62215403
62216868
62215166
62215133
62216781
62215578
62216672
62216934
62247429
62215753
62215932
62216057
62217378
62217392
62217305
62215619
62217273
62247712
62216264
62217420
62215576
62216827
62217516
62216140
62216459
62217780
62247952
62216555
62217948
62247984
62216600
62217972
62248416
62218283
62216075
62217238
62218023
62248569
62217977
62248433
62216718
62218183
62217975
62218151
62217462
62217985
62218241
62218375
62216638
62218337
62217020
62218601
62218425
62216561
62218222
62218542
62216585
62217945
62218730
62248929
62218015
62218877
62249121
62217673
62218922
62217410
62218992
62249409
62218897
62218337
62217999
62219422
62218341
62218069
62219153
62249661
62219184
62219441
62217755
62219768
62218648
62218744
62219529
62217768
62219459
62218387
62219707
62219722
62249923
62218539
62219788
62219652
62219831
62250147
62218555
62219999
62218429
62219859
62218470
62220188
62220159
62250729
62220094
62219014
62218988
62220247
62250530
62219190
62220541
62251108
62220401
62220781
62218863
62220497
62219519
62220423
62220636
62219961
62220922
62220746
62251041
62219587
62220938
62251318
62220777
62219532
62220963
62220903
62251243
62219798
62221197
62251566
62221098
62220018
62220980
62221326
62251666
62220116
62221488
62219700
62221879
62219959
62220156
62221531
62219500
62220887
62221723
62219905
62221264
62221512
62220419
62221432
62221608
62219747
62220712
62221916
62252208
62221776
62221216
62220878
62222301
62222292
62222256
62220584
62222326
62252671
62220951
62222539
62222157
62222384
62252788
62221183
62222699
62222604
62222595
62253154
62221295
62221546
62222860
62222875
62253181
62222735
62222103
62222076
62222933
62222478
62222893
62253310
62221518
62221481
62221972
62223214
62221001
62221935
62223235
62222812
62222646
62253452
62221852
62223317
62254007
62223487
62222719
62222252
62223579
62254098
62223412
62222903
62222412
62223661
62223740
62223725
62222039
62223846
62254191
62223802
62223464
62254172
62222725
62224097
62254269
62222910
62224202
62254523
62222715
62224252
62224331
62224295
62254587
62224257
62223646
62223347
62224404
62254907
62223203
62224404
62224388
62222846
62223235
62224700
62255030
62223526
62224826
62255241
62223577
62225051
62255393
62224860
62223471
62225179
62224938
62255168
62223751
62225153
62223393
62225184
62224344
62224201
62225231
62255463
62224072
62225546
62225437
62225473
62223627
62225202
62224650
62224261
62225561
62224294
62225628
62256219
62225576
62255936
62224317
62225956
62225085
62225993
62224198
62225940
62256306
62225845
62224058
62224896
62226145
62225208
62225310
62226023
62256403
62225024
62226307
62256751
62226655
62225260
62225167
62226518
62226092
62226459
62256882
62226340
62225780
62226676
62226517
62256967
62225477
62226726
62226456
62226769
62257224
62225568
62227033
62226616
62226929
62257376
62226936
62226355
62226400
62227287
62257782
62225918
62227434
62225472
62227163
62257496
62226158
62227479
62257897
62226110
62227626
62225889
62227414
62227773
62227401
62227687
62227923
62227565
62227711
62258038
62226561
62228005
62226354
62228024
62258262
62226772
62228216
62227783
62228031
62258358
62226881
62228274
62228343
62228263
62258638
62227161
62228359
62228079
62228327
62238920
Peak: 62259379
Average: 61513904.08150741
