# Episodes, Rewards
0.0,-1.16
1.0,-1.08
2.0,-2.2800000000000002
3.0,-1.44
4.0,-2.6000000000000005
5.0,-4.7600000000000025
6.0,-2.8000000000000007
7.0,-1.3599999999999999
8.0,-1.2
9.0,-1.56
10.0,-1.16
11.0,-1.48
12.0,-1.56
13.0,-3.240000000000001
14.0,-1.9200000000000004
15.0,-4.720000000000002
16.0,-1.4
17.0,-1.08
18.0,-1.32
19.0,-2.6000000000000005
20.0,-1.32
21.0,-1.2
22.0,-1.16
23.0,-1.0
24.0,-1.52
25.0,-2.5200000000000005
26.0,-0.5200000000000007
27.0,-1.44
28.0,-2.5600000000000005
29.0,-1.4
30.0,-3.9600000000000017
31.0,-1.0
32.0,-2.4000000000000004
33.0,-2.4400000000000004
34.0,-2.12
35.0,-1.48
36.0,-1.9600000000000004
37.0,-1.24
38.0,-1.32
39.0,-2.12
40.0,-1.12
41.0,-2.04
42.0,-1.24
43.0,-1.8800000000000003
44.0,-2.4400000000000004
45.0,-1.44
46.0,-2.2800000000000002
47.0,-2.2800000000000002
48.0,-1.16
49.0,-1.2
50.0,-1.32
51.0,-2.7200000000000006
52.0,-1.24
53.0,-1.0
54.0,-1.08
55.0,-1.2800000000000011
56.0,-1.04
57.0,-3.4800000000000013
58.0,-1.8000000000000003
59.0,-3.320000000000001
60.0,-2.5200000000000005
61.0,-1.6
62.0,-1.9600000000000004
63.0,-1.04
64.0,-2.2800000000000002
65.0,-2.3200000000000003
66.0,-1.28
67.0,-1.08
68.0,-3.120000000000001
69.0,-1.44
70.0,-1.3599999999999999
71.0,-1.7600000000000002
72.0,-1.2
73.0,-8.840000000000007
74.0,-1.24
75.0,-1.6400000000000001
76.0,-2.8000000000000007
77.0,-7.0400000000000045
78.0,-1.52
79.0,-2.2800000000000002
80.0,-1.04
81.0,-1.3600000000000012
82.0,-1.0
83.0,-1.6400000000000001
84.0,-3.080000000000001
85.0,-2.920000000000001
86.0,-4.8000000000000025
87.0,-1.24
88.0,-1.9200000000000004
89.0,-2.16
90.0,-1.9200000000000004
91.0,-1.24
92.0,-1.44
93.0,-1.32
94.0,-1.44
95.0,-1.12
96.0,-3.040000000000001
97.0,-8.000000000000005
98.0,-3.5600000000000014
99.0,-3.6000000000000014
100.0,-1.28
101.0,-1.56
102.0,-1.12
103.0,-3.9200000000000017
104.0,-1.12
105.0,-1.7600000000000002
106.0,-2.6000000000000005
107.0,-1.9200000000000004
108.0,-1.6400000000000001
109.0,-1.28
110.0,-2.920000000000001
111.0,-3.040000000000001
112.0,-1.4
113.0,-1.56
114.0,-1.28
115.0,-8.000000000000005
116.0,-1.32
117.0,-1.6800000000000002
118.0,-2.08
119.0,-1.16
120.0,-2.16
121.0,-2.880000000000001
122.0,-1.7600000000000002
123.0,-1.28
124.0,-1.6800000000000002
125.0,-1.04
126.0,-4.080000000000002
127.0,-1.6
128.0,-1.9600000000000004
129.0,-1.56
130.0,-4.880000000000003
131.0,-7.800000000000005
132.0,-1.9200000000000004
133.0,-1.24
134.0,-1.6
135.0,-1.8400000000000003
136.0,-3.9200000000000017
137.0,-1.7200000000000002
138.0,-1.7200000000000002
139.0,-2.6400000000000006
140.0,-4.640000000000002
141.0,-2.3200000000000003
142.0,-8.360000000000007
143.0,-2.9600000000000026
144.0,-1.6400000000000001
145.0,-1.24
146.0,-2.960000000000001
147.0,-1.28
148.0,-1.56
149.0,-1.8000000000000003
150.0,-1.3599999999999999
151.0,-1.4
152.0,-1.56
153.0,-1.2
154.0,-1.56
155.0,-1.08
156.0,-2.3600000000000003
157.0,-1.12
158.0,-4.080000000000002
159.0,-1.6
160.0,-1.32
161.0,-1.48
162.0,-2.0
163.0,-1.3599999999999999
164.0,-1.2
165.0,-3.5200000000000014
166.0,-1.28
167.0,-2.7200000000000006
168.0,-1.6800000000000002
169.0,-3.4000000000000012
170.0,-1.0
171.0,-1.2
172.0,-1.0
173.0,-1.12
174.0,-1.0
175.0,-8.000000000000005
176.0,-1.7200000000000002
177.0,-1.16
178.0,-1.04
179.0,-1.44
180.0,-1.3599999999999999
181.0,-6.720000000000004
182.0,-1.0
183.0,-1.6
184.0,-1.2
185.0,-1.44
186.0,-4.400000000000002
187.0,-1.2
188.0,-1.7600000000000002
189.0,-3.240000000000001
190.0,-3.120000000000001
191.0,-1.24
192.0,-2.4800000000000004
193.0,-1.32
194.0,-1.8000000000000003
195.0,-1.0
196.0,-2.16
197.0,-6.720000000000004
198.0,-1.6800000000000002
199.0,-2.4400000000000004
200.0,-1.12
201.0,-1.28
202.0,-1.6800000000000002
203.0,-1.2
204.0,-1.08
205.0,-2.960000000000001
206.0,-1.12
207.0,-1.12
208.0,-1.8800000000000003
209.0,-1.16
210.0,-1.0
211.0,-1.44
212.0,-1.44
213.0,-1.7600000000000002
214.0,-1.3599999999999999
215.0,-1.6
216.0,-2.3600000000000003
217.0,-1.0
218.0,-2.08
219.0,-1.3599999999999999
220.0,-3.0000000000000027
221.0,-1.44
222.0,-7.880000000000005
223.0,-1.2
224.0,-1.0
225.0,-1.24
226.0,-1.28
227.0,-1.48
228.0,-1.16
229.0,-1.44
230.0,-1.52
231.0,-2.6800000000000006
232.0,-1.28
233.0,-3.5200000000000014
234.0,-1.52
235.0,-1.4
236.0,-1.12
237.0,-1.32
238.0,-3.160000000000001
239.0,-1.3599999999999999
240.0,-2.6400000000000006
241.0,-4.520000000000002
242.0,-1.2
243.0,-1.9200000000000004
244.0,-2.04
245.0,-1.2
246.0,-6.0000000000000036
247.0,-1.08
248.0,-1.08
249.0,-4.440000000000002
250.0,-1.8800000000000003
251.0,-5.120000000000003
252.0,-3.7600000000000016
253.0,-1.24
254.0,-1.16
255.0,-1.8800000000000003
256.0,-1.3599999999999999
257.0,-1.44
258.0,-2.0
259.0,-1.52
260.0,-1.4
261.0,-1.24
262.0,-1.08
263.0,-1.0
264.0,-3.4000000000000012
265.0,-1.24
266.0,-1.44
267.0,-1.28
268.0,-1.08
269.0,-2.4800000000000004
270.0,-1.28
271.0,-1.08
272.0,-2.4000000000000004
273.0,-1.48
274.0,-8.600000000000005
275.0,-1.6400000000000001
276.0,-1.7600000000000002
277.0,-1.08
278.0,-1.2
279.0,-1.12
280.0,-1.7200000000000002
281.0,-1.8400000000000003
282.0,-1.24
283.0,-2.7600000000000007
284.0,-1.52
285.0,-1.08
286.0,-1.04
287.0,-1.6
288.0,-1.6400000000000001
289.0,-1.44
290.0,-1.6
291.0,-2.8000000000000007
292.0,-4.480000000000002
293.0,-1.52
294.0,-1.2
295.0,-1.32
296.0,-1.2
297.0,-3.7600000000000016
298.0,-1.08
299.0,-1.56
300.0,-1.32
301.0,-2.12
302.0,-4.640000000000002
303.0,-2.7600000000000007
304.0,-2.7600000000000007
305.0,-1.2
306.0,-1.4
307.0,-1.8800000000000003
308.0,-1.08
309.0,-4.000000000000002
310.0,-1.24
311.0,-4.400000000000002
312.0,-1.48
313.0,-1.8400000000000003
314.0,-6.640000000000004
315.0,-1.44
316.0,-1.48
317.0,-3.8000000000000016
318.0,-1.04
319.0,-2.0
320.0,-1.4
321.0,-5.9200000000000035
322.0,-1.08
323.0,-1.6
324.0,-2.7200000000000006
325.0,-1.0
326.0,-3.6000000000000014
327.0,-1.4
328.0,-2.04
329.0,-1.48
330.0,-1.32
331.0,-1.32
332.0,-1.2
333.0,-2.4800000000000004
334.0,-1.28
335.0,-1.12
336.0,-2.3600000000000003
337.0,-1.16
338.0,-1.0
339.0,-1.08
340.0,-4.8000000000000025
341.0,-1.44
342.0,-1.3599999999999999
343.0,-3.4800000000000013
344.0,-1.6400000000000001
345.0,-1.16
346.0,-3.280000000000001
347.0,-1.0
348.0,-1.12
349.0,-1.56
350.0,-1.08
351.0,-1.44
352.0,-1.48
353.0,-4.000000000000002
354.0,-1.04
355.0,-0.9600000000000011
356.0,-1.04
357.0,-2.6000000000000005
358.0,-3.080000000000001
359.0,-1.2
360.0,-1.7200000000000002
361.0,-2.960000000000001
362.0,-1.0
363.0,-1.08
364.0,-1.12
365.0,-4.680000000000002
366.0,-1.08
367.0,-2.4400000000000004
368.0,-1.12
369.0,-1.6400000000000001
370.0,-1.24
371.0,-1.08
372.0,-1.9200000000000004
373.0,-7.600000000000005
374.0,-1.48
375.0,-2.4800000000000004
376.0,-1.9600000000000004
377.0,-1.0
378.0,-2.2
379.0,-1.04
380.0,-2.880000000000001
381.0,-1.48
382.0,-1.16
383.0,-2.12
384.0,-2.6800000000000006
385.0,-1.7600000000000002
386.0,-2.960000000000001
387.0,-1.08
388.0,-1.32
389.0,-1.44
390.0,-1.44
391.0,-1.12
392.0,-1.8000000000000003
393.0,-1.6800000000000002
394.0,-1.6800000000000002
395.0,-3.160000000000001
396.0,-1.12
397.0,-2.24
398.0,-1.24
399.0,-2.08
400.0,-2.6000000000000005
401.0,-1.6800000000000002
402.0,-1.52
403.0,-1.44
404.0,-4.400000000000002
405.0,-1.28
406.0,-1.08
407.0,-1.0
408.0,-1.08
409.0,-1.08
410.0,-1.7200000000000002
411.0,-1.0
412.0,-1.28
413.0,-1.9200000000000004
414.0,-1.7200000000000002
415.0,-3.120000000000001
416.0,-1.08
417.0,-1.08
418.0,-1.2
419.0,-1.04
420.0,-2.960000000000001
421.0,-1.200000000000001
422.0,-1.08
423.0,-1.08
424.0,-8.000000000000005
425.0,-1.48
426.0,-1.44
427.0,-1.44
428.0,-1.44
429.0,-1.04
430.0,-1.9600000000000004
431.0,-1.16
432.0,-1.7200000000000002
433.0,-2.4800000000000004
434.0,-2.24
435.0,-2.8000000000000007
436.0,-1.28
437.0,-1.32
438.0,-1.16
439.0,-1.24
440.0,-1.24
441.0,-1.2
442.0,-4.160000000000002
443.0,-4.840000000000004
444.0,-4.400000000000002
445.0,-2.5600000000000005
446.0,-1.0
447.0,-1.04
448.0,-2.04
449.0,-3.7200000000000033
450.0,-1.0
451.0,-1.9600000000000004
452.0,-2.08
453.0,-2.5600000000000005
454.0,-2.4400000000000004
455.0,-1.12
456.0,-1.2
457.0,-1.56
458.0,-3.000000000000001
459.0,-1.8400000000000003
460.0,-1.08
461.0,-2.16
462.0,-1.44
463.0,-2.16
464.0,-4.8000000000000025
465.0,-3.6000000000000014
466.0,-1.48
467.0,-1.16
468.0,-1.08
469.0,-1.52
470.0,-2.7200000000000006
471.0,-1.9200000000000004
472.0,-1.3599999999999999
473.0,-1.28
474.0,-1.0
475.0,-2.16
476.0,-8.440000000000005
477.0,-1.8800000000000003
478.0,-2.4800000000000004
479.0,-1.0
480.0,-1.6800000000000002
481.0,-1.56
482.0,-1.28
483.0,-1.56
484.0,-1.6400000000000001
485.0,-1.0
486.0,-1.2
487.0,-4.360000000000002
488.0,-1.56
489.0,-8.000000000000005
490.0,-1.0
491.0,-1.6800000000000002
492.0,-1.0000000000000009
493.0,-1.6
494.0,-1.08
495.0,-1.08
496.0,-1.32
497.0,-1.0
498.0,-1.08
499.0,-2.04
500.0,-1.24
501.0,-1.04
502.0,-1.8800000000000003
503.0,-3.320000000000001
504.0,-1.32
505.0,-3.4800000000000013
506.0,-4.760000000000004
507.0,-1.9600000000000004
508.0,-1.08
509.0,-1.2
510.0,-1.6400000000000001
511.0,-1.8000000000000003
512.0,-1.32
513.0,-1.32
514.0,-3.160000000000001
515.0,-1.2
516.0,-1.16
517.0,-1.24
518.0,-2.08
519.0,-1.24
520.0,-1.04
521.0,-1.2
522.0,-1.4
523.0,-1.12
524.0,-1.24
525.0,-1.8800000000000003
526.0,-1.0
527.0,-0.16000000000000036
528.0,-1.44
529.0,-1.44
530.0,-1.28
531.0,-1.2
532.0,-1.3599999999999999
533.0,-1.48
534.0,-1.12
535.0,-1.2
536.0,-1.24
537.0,-1.16
538.0,-1.08
539.0,-2.24
540.0,-1.56
541.0,-1.8800000000000003
542.0,-1.6800000000000002
543.0,-1.24
544.0,-1.3599999999999999
545.0,-1.0000000000000009
546.0,0.4800000000000001
547.0,-1.7200000000000002
548.0,-3.5600000000000014
549.0,-1.32
550.0,-1.04
551.0,-1.0
552.0,-1.6800000000000002
553.0,-2.8400000000000007
554.0,-2.08
555.0,-1.0000000000000009
556.0,-1.6800000000000002
557.0,-1.52
558.0,-1.4
559.0,-3.7600000000000016
560.0,-2.4400000000000004
561.0,-1.6800000000000002
562.0,-2.5600000000000005
563.0,-2.08
564.0,-1.2
565.0,-1.24
566.0,-1.6400000000000001
567.0,-1.24
568.0,-1.48
569.0,-2.880000000000001
570.0,-3.7200000000000015
571.0,-1.4
572.0,-1.0
573.0,-1.04
574.0,-1.9600000000000004
575.0,-5.360000000000003
576.0,-1.28
577.0,-1.52
578.0,-1.56
579.0,-4.240000000000004
580.0,-1.6400000000000001
581.0,-1.8000000000000003
582.0,-1.16
583.0,-3.360000000000001
584.0,-1.24
585.0,-2.24
586.0,-1.9600000000000004
587.0,-1.16
588.0,-1.7200000000000002
589.0,-4.320000000000002
590.0,-1.0
591.0,-1.12
592.0,-1.32
593.0,-1.08
594.0,-1.6800000000000002
595.0,-1.12
596.0,-1.8800000000000003
597.0,-1.28
598.0,-1.4
599.0,-2.3200000000000003
600.0,-1.2
601.0,-3.040000000000001
602.0,-1.0
603.0,-2.16
604.0,-1.6400000000000001
605.0,-0.7200000000000009
606.0,-1.6
607.0,-1.7600000000000002
608.0,-2.2800000000000002
609.0,-2.4800000000000004
610.0,-1.56
611.0,-1.9200000000000004
612.0,-1.28
613.0,-1.0
614.0,-1.7200000000000002
615.0,-1.7600000000000002
616.0,-2.920000000000001
617.0,-2.080000000000002
618.0,-1.7600000000000002
619.0,-1.8000000000000003
620.0,-1.12
621.0,-2.8400000000000007
622.0,-1.16
623.0,-1.04
624.0,-1.08
625.0,-3.200000000000001
626.0,-2.5600000000000005
627.0,-1.16
628.0,-1.44
629.0,-1.2
630.0,-2.12
631.0,-1.0
632.0,-1.48
633.0,-6.840000000000004
634.0,-2.880000000000001
635.0,-1.0
636.0,-1.08
637.0,-1.7600000000000002
638.0,-2.4000000000000004
639.0,-1.32
640.0,-1.04
641.0,-1.56
642.0,-2.08
643.0,-1.16
644.0,-3.4400000000000013
645.0,-1.04
646.0,-4.360000000000002
647.0,-1.9600000000000004
648.0,-2.0
649.0,-1.2
650.0,-1.04
651.0,-1.48
652.0,-2.08
653.0,-1.12
654.0,-1.08
655.0,-2.920000000000001
656.0,-2.7200000000000006
657.0,-1.44
658.0,-1.08
659.0,-1.04
660.0,-2.24
661.0,-1.32
662.0,-1.6800000000000002
663.0,-1.2
664.0,-1.04
665.0,-1.8800000000000003
666.0,-1.6400000000000001
667.0,-2.16
668.0,-1.4
669.0,-1.52
670.0,-2.16
671.0,-1.44
672.0,-1.24
673.0,-1.32
674.0,-1.52
675.0,-2.7200000000000006
676.0,-1.2
677.0,-1.32
678.0,-2.12
679.0,-1.32
680.0,-1.7200000000000002
681.0,-1.2
682.0,-1.2
683.0,-2.2800000000000002
684.0,-2.880000000000001
685.0,-1.7200000000000002
686.0,-1.08
687.0,-2.6000000000000005
688.0,-1.0
689.0,-1.44
690.0,-0.28000000000000047
691.0,-1.12
692.0,-1.6400000000000001
693.0,-1.52
694.0,-1.7600000000000002
695.0,-2.160000000000002
696.0,-1.16
697.0,-8.000000000000005
698.0,-2.4000000000000004
699.0,-1.3599999999999999
700.0,-5.9200000000000035
701.0,-1.48
702.0,-1.16
703.0,-1.56
704.0,-1.12
705.0,-1.16
706.0,-1.2
707.0,-1.3599999999999999
708.0,-1.48
709.0,-2.8000000000000007
710.0,-2.2800000000000002
711.0,-4.080000000000002
712.0,-1.4
713.0,-1.3599999999999999
714.0,-1.44
715.0,-1.48
716.0,-2.0
717.0,-1.24
718.0,-8.000000000000005
719.0,-1.56
720.0,-1.08
721.0,-1.7200000000000002
722.0,-2.08
723.0,-1.7600000000000002
724.0,-1.04
725.0,-1.16
726.0,-1.08
727.0,-1.0
728.0,-1.12
729.0,-0.7600000000000009
730.0,-1.16
731.0,-1.8000000000000003
732.0,-2.4400000000000004
733.0,-1.0
734.0,-1.12
735.0,-2.6800000000000006
736.0,-4.600000000000004
737.0,-1.08
738.0,-1.5600000000000014
739.0,-1.4
740.0,-1.120000000000001
741.0,-1.56
742.0,-1.08
743.0,-3.280000000000001
744.0,-1.04
745.0,-2.0
746.0,-1.16
747.0,-1.24
748.0,-1.32
749.0,-1.24
750.0,-1.2
751.0,-2.7600000000000007
752.0,-1.08
753.0,-1.8800000000000003
754.0,-1.7200000000000002
755.0,-4.520000000000002
756.0,-1.56
757.0,-2.920000000000001
758.0,0.23999999999999988
759.0,-1.56
760.0,-1.52
761.0,-1.56
762.0,-1.8800000000000003
763.0,-1.32
764.0,-1.0
765.0,-2.5200000000000005
766.0,-1.12
767.0,-1.56
768.0,-3.4000000000000012
769.0,-2.4400000000000004
770.0,-3.8000000000000016
771.0,-2.0
772.0,-1.16
773.0,-1.6800000000000002
774.0,-1.04
775.0,-4.240000000000002
776.0,-1.8400000000000003
777.0,-1.8000000000000003
778.0,-3.040000000000001
779.0,-1.4
780.0,-3.240000000000001
781.0,-1.32
782.0,-1.56
783.0,-1.7600000000000002
784.0,-4.560000000000002
785.0,-1.3599999999999999
786.0,-1.32
787.0,-1.7600000000000002
788.0,-1.160000000000001
789.0,-1.56
790.0,-2.8400000000000007
791.0,-1.48
792.0,-2.8400000000000007
793.0,-2.3600000000000003
794.0,-1.24
795.0,-1.7600000000000002
796.0,-5.840000000000003
797.0,-1.48
798.0,-2.7200000000000006
799.0,-1.0
800.0,-1.28
801.0,-2.24
802.0,-2.2
803.0,-2.4400000000000004
804.0,-1.4
805.0,-2.08
806.0,-1.0
807.0,-2.3200000000000003
808.0,-3.040000000000001
809.0,-1.16
810.0,-1.2
811.0,-1.8800000000000003
812.0,-1.12
813.0,-2.24
814.0,-1.52
815.0,-1.0
816.0,-1.12
817.0,-1.6
818.0,-0.8000000000000009
819.0,-1.7200000000000002
820.0,-1.2
821.0,-1.16
822.0,-1.0
823.0,-2.2800000000000002
824.0,-1.2
825.0,-1.52
826.0,-1.32
827.0,-1.6400000000000001
828.0,-1.2
829.0,-1.44
830.0,-2.2800000000000002
831.0,-2.7600000000000007
832.0,-1.52
833.0,-1.0
834.0,-1.56
835.0,-1.48
836.0,-2.4400000000000004
837.0,-3.9200000000000017
838.0,-1.08
839.0,-1.32
840.0,-2.3600000000000003
841.0,-1.28
842.0,-1.04
843.0,-1.04
844.0,-2.4800000000000004
845.0,-2.12
846.0,-1.8000000000000003
847.0,-1.0
848.0,-1.24
849.0,-2.4800000000000004
850.0,-1.24
851.0,-1.8000000000000003
852.0,-1.44
853.0,-1.28
854.0,-1.24
855.0,-1.8400000000000003
856.0,-1.6400000000000001
857.0,-1.8400000000000003
858.0,-1.12
859.0,-3.8400000000000016
860.0,-1.7200000000000002
861.0,-1.7200000000000002
862.0,-1.08
863.0,-1.24
864.0,-1.6400000000000001
865.0,-1.9200000000000004
866.0,-1.52
867.0,-1.44
868.0,-1.04
869.0,-1.4
870.0,-1.8000000000000003
871.0,-1.8800000000000003
872.0,-1.04
873.0,-1.8800000000000003
874.0,-1.28
875.0,-1.24
876.0,-1.12
877.0,-2.3600000000000003
878.0,-1.8800000000000003
879.0,-2.220446049250313e-16
880.0,-1.6800000000000002
881.0,-4.280000000000004
882.0,-1.16
883.0,-2.7200000000000006
884.0,-1.6
885.0,-1.56
886.0,-1.12
887.0,-1.08
888.0,-1.28
889.0,-2.480000000000002
890.0,-2.5200000000000005
891.0,-1.12
892.0,-1.04
893.0,-1.28
894.0,-3.5600000000000014
895.0,-3.7200000000000015
896.0,-1.44
897.0,-2.7200000000000006
898.0,-1.6
899.0,-1.4
900.0,-4.440000000000002
901.0,-1.12
902.0,-1.0
903.0,-2.0000000000000018
904.0,-1.56
905.0,-1.12
906.0,-1.04
907.0,-2.24
908.0,-2.5600000000000005
909.0,-1.24
910.0,-1.6
911.0,-1.0
912.0,-1.24
913.0,-1.16
914.0,-2.6000000000000023
915.0,-2.3200000000000003
916.0,-1.2
917.0,-1.56
918.0,-1.04
919.0,-2.04
920.0,-6.600000000000004
921.0,-1.12
922.0,-1.56
923.0,-1.56
924.0,-1.16
925.0,-1.24
926.0,-1.32
927.0,-1.12
928.0,-2.04
929.0,-4.440000000000004
930.0,-1.2
931.0,-1.28
932.0,-1.24
933.0,-1.04
934.0,-1.44
935.0,-1.48
936.0,-2.0
937.0,-1.12
938.0,-1.12
939.0,-1.8000000000000003
940.0,-1.6800000000000002
941.0,-1.16
942.0,-1.48
943.0,-1.2
944.0,-2.7600000000000007
945.0,-1.28
946.0,-4.560000000000002
947.0,-2.0
948.0,-2.12
949.0,-1.24
950.0,-1.4
951.0,-1.7200000000000002
952.0,-1.08
953.0,-1.16
954.0,-2.2800000000000002
955.0,-1.32
956.0,-1.48
957.0,-1.2
958.0,-1.3599999999999999
959.0,-1.2
960.0,-1.28
961.0,-1.3600000000000012
962.0,-1.44
963.0,-1.12
964.0,-1.32
965.0,-1.3599999999999999
966.0,-1.3599999999999999
967.0,-1.32
968.0,-1.0
969.0,-1.2
970.0,-2.3200000000000003
971.0,-1.2
972.0,-0.2000000000000004
973.0,-1.04
974.0,-1.3599999999999999
975.0,-2.2800000000000002
976.0,-1.6
977.0,-1.52
978.0,-2.240000000000002
979.0,-1.6
980.0,-1.4
981.0,-1.2
982.0,-1.0
983.0,-2.3600000000000003
984.0,-1.44
985.0,-1.4
986.0,-1.0
987.0,-1.3599999999999999
988.0,-1.24
989.0,-1.9200000000000004
990.0,-0.0800000000000003
991.0,-1.0
992.0,-1.7200000000000002
993.0,-1.6400000000000001
994.0,-0.6400000000000008
995.0,-1.6400000000000001
996.0,0.07999999999999974
997.0,-4.160000000000002
998.0,-3.120000000000001
999.0,-1.8400000000000003
1000.0,-1.24
1001.0,-1.3599999999999999
1002.0,-1.7600000000000002
1003.0,-1.32
1004.0,-1.48
1005.0,-2.3200000000000003
1006.0,-3.6400000000000015
1007.0,-1.28
1008.0,-1.7600000000000002
1009.0,-1.08
1010.0,-1.2
1011.0,-1.48
1012.0,-1.2
1013.0,-1.6400000000000001
1014.0,-2.0
1015.0,-0.8000000000000009
1016.0,-1.2
1017.0,-1.3599999999999999
1018.0,-2.4400000000000004
1019.0,-1.0000000000000009
1020.0,-2.4400000000000004
1021.0,-1.24
1022.0,-2.7200000000000006
1023.0,-1.12
1024.0,-4.400000000000002
1025.0,-1.24
1026.0,-1.12
1027.0,-1.28
1028.0,-1.3599999999999999
1029.0,-2.960000000000001
1030.0,-1.16
1031.0,0.19999999999999984
1032.0,-1.16
1033.0,-1.2
1034.0,-2.04
1035.0,-1.4
1036.0,-2.4800000000000004
1037.0,-1.12
1038.0,-1.12
1039.0,-4.320000000000002
1040.0,-1.48
1041.0,-1.0
1042.0,-1.6
1043.0,-2.16
1044.0,-1.6
1045.0,-2.4000000000000004
1046.0,-1.6400000000000001
1047.0,-2.7600000000000007
1048.0,-1.56
1049.0,-1.08
1050.0,-1.8000000000000003
1051.0,-1.08
1052.0,-1.9600000000000004
1053.0,-2.16
1054.0,-1.7200000000000002
1055.0,-1.7200000000000002
1056.0,-1.28
1057.0,-1.4
1058.0,-1.16
1059.0,-0.24000000000000044
1060.0,-1.16
1061.0,-1.0
1062.0,-1.7600000000000002
1063.0,-1.4400000000000013
1064.0,-1.4
1065.0,-1.24
1066.0,-1.08
1067.0,0.11999999999999977
1068.0,-1.16
1069.0,-1.28
1070.0,-1.6400000000000001
1071.0,-1.7200000000000002
1072.0,-3.280000000000001
1073.0,-1.0
1074.0,-2.4000000000000004
1075.0,-1.04
1076.0,-1.08
1077.0,-1.3599999999999999
1078.0,-1.2
1079.0,-1.16
1080.0,-1.16
1081.0,-1.7600000000000002
1082.0,-1.0
1083.0,-1.08
1084.0,-1.0
1085.0,-1.9600000000000017
1086.0,-1.2
1087.0,-1.28
1088.0,-2.0
1089.0,-1.0
1090.0,-1.24
1091.0,-1.2
1092.0,-1.12
1093.0,-0.2000000000000004
1094.0,0.44000000000000006
1095.0,-2.880000000000001
1096.0,-2.2
1097.0,-1.48
1098.0,-1.8400000000000003
1099.0,-1.04
1100.0,-1.12
1101.0,-1.4
1102.0,-2.7200000000000006
1103.0,-1.4400000000000013
1104.0,-1.52
1105.0,-1.32
1106.0,-3.5600000000000014
1107.0,-1.8000000000000003
1108.0,-1.24
1109.0,-3.5600000000000014
1110.0,-2.24
1111.0,-1.16
1112.0,-1.0
1113.0,-1.08
1114.0,-1.9600000000000017
1115.0,-1.48
1116.0,-1.0
1117.0,-0.3200000000000005
1118.0,-1.24
1119.0,-0.5200000000000007
1120.0,-1.08
1121.0,-1.2
1122.0,-1.6800000000000002
1123.0,-1.0
1124.0,-1.9200000000000004
1125.0,-1.2
1126.0,-1.12
1127.0,-1.28
1128.0,-1.9600000000000004
1129.0,-1.16
1130.0,-1.3599999999999999
1131.0,-1.44
1132.0,-0.5200000000000007
1133.0,-1.0
1134.0,-1.200000000000001
1135.0,-1.3599999999999999
1136.0,-1.7600000000000002
1137.0,-1.2
1138.0,-1.12
1139.0,-1.24
1140.0,-2.16
1141.0,-1.8000000000000003
1142.0,-1.28
1143.0,-1.6
1144.0,-2.8400000000000007
1145.0,-1.24
1146.0,-1.8800000000000003
1147.0,-1.08
1148.0,-8.000000000000005
1149.0,-1.08
1150.0,-1.04
1151.0,-1.9200000000000004
1152.0,-1.16
1153.0,-1.28
1154.0,-1.04
1155.0,-2.6800000000000006
1156.0,-1.0
1157.0,-0.0800000000000003
1158.0,-1.04
1159.0,-1.4
1160.0,-1.12
1161.0,-1.28
1162.0,-2.0
1163.0,-1.48
1164.0,-1.04
1165.0,-0.28000000000000047
1166.0,-1.32
1167.0,-1.52
1168.0,-1.4
1169.0,-2.4400000000000004
1170.0,-1.24
1171.0,-1.08
1172.0,-1.56
1173.0,-1.7200000000000002
1174.0,-1.3599999999999999
1175.0,-0.4000000000000006
1176.0,-1.4
1177.0,-2.5200000000000005
1178.0,-1.3599999999999999
1179.0,-1.32
1180.0,-1.44
1181.0,-2.08
1182.0,-1.6
1183.0,-8.000000000000005
1184.0,-1.08
1185.0,-1.48
1186.0,-1.0
1187.0,-1.24
1188.0,-1.28
1189.0,-1.56
1190.0,-3.6000000000000014
1191.0,-1.32
1192.0,-0.24000000000000044
1193.0,-1.48
1194.0,-1.9200000000000004
1195.0,-0.7200000000000009
1196.0,-1.16
1197.0,-1.52
1198.0,-1.0
1199.0,-1.0
1200.0,-2.4800000000000004
1201.0,-1.4000000000000012
1202.0,-7.600000000000005
1203.0,-2.08
1204.0,-1.12
1205.0,-1.56
1206.0,-1.12
1207.0,-1.6
1208.0,-1.52
1209.0,-1.32
1210.0,-2.7600000000000007
1211.0,-1.16
1212.0,-2.24
1213.0,-2.960000000000001
1214.0,-2.6000000000000005
1215.0,-1.28
1216.0,-1.2
1217.0,-1.08
1218.0,-1.04
1219.0,-1.12
1220.0,-1.04
1221.0,-1.8400000000000003
1222.0,-1.52
1223.0,-1.7600000000000002
1224.0,-1.6800000000000002
1225.0,-1.48
1226.0,-1.9200000000000004
1227.0,-1.12
1228.0,0.23999999999999988
1229.0,-0.4400000000000006
1230.0,-2.9200000000000026
1231.0,-1.04
1232.0,-1.12
1233.0,-1.04
1234.0,-2.6400000000000023
1235.0,-1.8000000000000003
1236.0,-1.4
1237.0,-1.8800000000000003
1238.0,-1.16
1239.0,-1.44
1240.0,-1.24
1241.0,-1.28
1242.0,-1.7200000000000002
1243.0,-1.16
1244.0,-0.48000000000000065
1245.0,-1.8400000000000003
1246.0,-1.6
1247.0,-1.16
1248.0,-1.32
1249.0,-0.04000000000000026
1250.0,-2.2
1251.0,-1.7600000000000002
1252.0,0.19999999999999984
1253.0,-1.4
1254.0,-1.5600000000000014
1255.0,-1.04
1256.0,-1.04
1257.0,-1.08
1258.0,-1.16
1259.0,-1.24
1260.0,-1.04
1261.0,-2.04
1262.0,-1.6
1263.0,-1.8000000000000003
1264.0,-2.3200000000000003
1265.0,-1.08
1266.0,-2.04
1267.0,-1.08
1268.0,-1.28
1269.0,-2.12
1270.0,-1.6
1271.0,-1.28
1272.0,-1.24
1273.0,-1.6
1274.0,-1.04
1275.0,-2.3600000000000003
1276.0,-1.08
1277.0,-1.44
1278.0,-1.08
1279.0,-1.12
1280.0,-0.6400000000000008
1281.0,-2.08
1282.0,-3.4800000000000013
1283.0,-1.8800000000000003
1284.0,-1.8400000000000003
1285.0,-1.04
1286.0,-1.0
1287.0,-2.220446049250313e-16
1288.0,-1.32
1289.0,-2.6000000000000005
1290.0,-1.08
1291.0,-2.5200000000000005
1292.0,-1.2
1293.0,-1.8000000000000003
1294.0,-1.2
1295.0,-1.0
1296.0,-3.6800000000000015
1297.0,-1.08
1298.0,-1.6800000000000002
1299.0,-1.28
1300.0,-1.0
1301.0,-1.24
1302.0,-2.04
1303.0,-1.52
1304.0,-2.16
1305.0,-0.6400000000000008
1306.0,-2.12
1307.0,-1.8000000000000003
1308.0,-2.8000000000000007
1309.0,-1.04
1310.0,-1.6800000000000002
1311.0,-2.6000000000000005
1312.0,-1.28
1313.0,-2.3600000000000003
1314.0,-0.7200000000000009
1315.0,-1.12
1316.0,-1.9600000000000004
1317.0,-2.08
1318.0,-1.0
1319.0,-1.8400000000000003
1320.0,-1.24
1321.0,-1.04
1322.0,-1.56
1323.0,-1.04
1324.0,-1.7200000000000002
1325.0,-1.3599999999999999
1326.0,-1.0
1327.0,-2.7200000000000006
1328.0,-1.28
1329.0,-1.2
1330.0,0.1599999999999998
1331.0,-1.2
1332.0,-2.0
1333.0,-2.2800000000000002
1334.0,0.19999999999999984
1335.0,-2.08
1336.0,-1.12
1337.0,-1.04
1338.0,-1.3599999999999999
1339.0,-1.08
1340.0,-1.04
1341.0,-1.0
1342.0,-1.0
1343.0,-1.48
1344.0,-1.6
1345.0,-1.6
1346.0,-1.16
1347.0,-1.8000000000000003
1348.0,-2.3600000000000003
1349.0,-1.9200000000000004
1350.0,-1.6
1351.0,-1.16
1352.0,-1.8800000000000003
1353.0,0.23999999999999988
1354.0,-2.08
1355.0,-1.6800000000000002
1356.0,-0.9600000000000011
1357.0,-1.9200000000000004
1358.0,-1.32
1359.0,-1.32
1360.0,-1.4
1361.0,-2.4000000000000004
1362.0,-1.6800000000000002
1363.0,-1.48
1364.0,-1.6400000000000001
1365.0,-1.6400000000000001
1366.0,-1.0
1367.0,-1.6800000000000002
1368.0,-1.4
1369.0,-1.04
1370.0,-1.32
1371.0,-2.5200000000000022
1372.0,-1.56
1373.0,-1.16
1374.0,-1.08
1375.0,-1.04
1376.0,-2.08
1377.0,-1.04
1378.0,-1.08
1379.0,-1.0
1380.0,-1.44
1381.0,-1.44
1382.0,-1.7600000000000002
1383.0,-2.3600000000000003
1384.0,-1.8800000000000003
1385.0,-1.04
1386.0,-1.32
1387.0,-1.4000000000000012
1388.0,-1.24
1389.0,-1.48
1390.0,-1.2
1391.0,-1.3599999999999999
1392.0,-0.16000000000000036
1393.0,-1.04
1394.0,-1.8000000000000003
1395.0,-1.44
1396.0,-1.04
1397.0,-1.48
1398.0,-1.08
1399.0,-1.44
1400.0,-2.16
1401.0,-0.24000000000000044
1402.0,-1.8000000000000003
1403.0,-2.4800000000000004
1404.0,-5.360000000000003
1405.0,-2.4000000000000004
1406.0,-1.4
1407.0,-1.08
1408.0,-1.56
1409.0,-1.04
1410.0,-1.12
1411.0,-2.8000000000000007
1412.0,-1.04
1413.0,-1.44
1414.0,-1.48
1415.0,-1.56
1416.0,-1.16
1417.0,-1.32
1418.0,-2.3200000000000003
1419.0,-1.2
1420.0,-1.48
1421.0,-1.6
1422.0,-1.56
1423.0,-1.28
1424.0,-1.04
1425.0,-1.04
1426.0,-4.160000000000004
1427.0,-1.0
1428.0,-2.220446049250313e-16
1429.0,-1.0
1430.0,-1.0
1431.0,-2.0
1432.0,-1.04
1433.0,-2.4000000000000004
1434.0,-1.04
1435.0,-1.3599999999999999
1436.0,0.1599999999999998
1437.0,-1.48
1438.0,-2.7600000000000007
1439.0,-1.8800000000000003
1440.0,-1.16
1441.0,-1.04
1442.0,-1.32
1443.0,-1.48
1444.0,-1.9200000000000004
1445.0,-1.28
1446.0,-1.04
1447.0,-1.4400000000000013
1448.0,-1.16
1449.0,-1.04
1450.0,-2.8000000000000007
1451.0,-5.360000000000003
1452.0,0.31999999999999995
1453.0,-1.12
1454.0,-1.28
1455.0,-1.8800000000000017
1456.0,-0.7200000000000009
1457.0,-1.8400000000000003
1458.0,-1.2
1459.0,-2.6800000000000006
1460.0,-1.52
1461.0,-1.0
1462.0,-1.16
1463.0,-1.2
1464.0,-1.0
1465.0,-1.0
1466.0,-1.56
1467.0,-1.28
1468.0,-1.48
1469.0,-3.320000000000001
1470.0,-1.12
1471.0,-1.24
1472.0,-1.16
1473.0,-1.6
1474.0,-1.12
1475.0,-3.040000000000001
1476.0,-1.8800000000000003
1477.0,-3.4800000000000013
1478.0,-1.9600000000000004
1479.0,-2.6000000000000005
1480.0,-1.12
1481.0,-1.44
1482.0,-1.9200000000000004
1483.0,-1.24
1484.0,-1.120000000000001
1485.0,-1.2
1486.0,-3.5600000000000014
1487.0,-1.6000000000000014
1488.0,-4.960000000000003
1489.0,-1.44
1490.0,-1.44
1491.0,-1.0
1492.0,-1.2
1493.0,-1.08
1494.0,-1.24
1495.0,-1.4
1496.0,-0.4000000000000006
1497.0,-1.12
1498.0,-1.24
1499.0,-1.0
1500.0,0.4
1501.0,-1.32
1502.0,-2.7600000000000007
1503.0,-1.24
1504.0,-1.08
1505.0,-1.16
1506.0,-1.7600000000000002
1507.0,-1.4
1508.0,-1.7200000000000002
1509.0,-1.32
1510.0,-1.8000000000000003
1511.0,-1.8000000000000003
1512.0,-1.3599999999999999
1513.0,-1.08
1514.0,-1.6400000000000001
1515.0,-1.0
1516.0,-1.28
1517.0,-1.44
1518.0,-3.200000000000001
1519.0,-1.3599999999999999
1520.0,-1.9200000000000004
1521.0,-1.04
1522.0,-1.2
1523.0,-1.6
1524.0,-1.3599999999999999
1525.0,-1.7600000000000002
1526.0,-1.4
1527.0,-8.000000000000005
1528.0,0.0399999999999997
1529.0,-1.04
1530.0,-1.08
1531.0,-1.04
1532.0,-0.3200000000000005
1533.0,-1.16
1534.0,-2.0
1535.0,-1.08
1536.0,-1.12
1537.0,-1.28
1538.0,-1.0
1539.0,-1.32
1540.0,-1.24
1541.0,-1.56
1542.0,-2.08
1543.0,-1.04
1544.0,-1.4
1545.0,-1.32
1546.0,-1.0000000000000009
1547.0,-1.28
1548.0,-1.6
1549.0,0.19999999999999984
1550.0,-1.4
1551.0,-3.320000000000001
1552.0,-1.8800000000000003
1553.0,-2.7200000000000006
1554.0,-1.32
1555.0,-2.3200000000000003
1556.0,-1.32
1557.0,-1.32
1558.0,-1.6800000000000002
1559.0,-1.7200000000000002
1560.0,-1.24
1561.0,-2.04
1562.0,-1.04
1563.0,-1.16
1564.0,-1.7200000000000002
1565.0,-2.16
1566.0,-5.240000000000005
1567.0,-1.48
1568.0,-1.2
1569.0,-1.04
1570.0,-0.0800000000000003
1571.0,-2.2
1572.0,-1.16
1573.0,-1.2
1574.0,0.1599999999999998
1575.0,-1.6800000000000002
1576.0,-2.08
1577.0,-1.7200000000000002
1578.0,-1.2
1579.0,-1.2
1580.0,-1.6800000000000002
1581.0,-1.9200000000000004
1582.0,-1.0
1583.0,-1.48
1584.0,-1.160000000000001
1585.0,-1.12
1586.0,-1.08
1587.0,-1.32
1588.0,-1.12
1589.0,-1.12
1590.0,-1.6400000000000001
1591.0,-1.9200000000000004
1592.0,-1.04
1593.0,-1.12
1594.0,-2.6400000000000006
1595.0,0.31999999999999995
1596.0,-1.12
1597.0,-1.04
1598.0,-1.24
1599.0,-1.04
1600.0,-1.0
1601.0,-1.2
1602.0,-2.7200000000000006
1603.0,-1.32
1604.0,-1.8000000000000003
1605.0,-1.7200000000000002
1606.0,-1.8000000000000003
1607.0,-3.4000000000000012
1608.0,-1.6800000000000002
1609.0,-0.2000000000000004
1610.0,-1.04
1611.0,-1.56
1612.0,-1.3599999999999999
1613.0,-1.3599999999999999
1614.0,-1.12
1615.0,-1.04
1616.0,-1.04
1617.0,-1.56
1618.0,-1.0
1619.0,-1.08
1620.0,-1.0
1621.0,0.11999999999999977
1622.0,-1.44
1623.0,-2.0
1624.0,-1.2
1625.0,-1.08
1626.0,-1.0
1627.0,-1.24
1628.0,-1.6400000000000001
1629.0,0.0399999999999997
1630.0,-1.16
1631.0,-1.48
1632.0,-1.52
1633.0,-2.220446049250313e-16
1634.0,-1.24
1635.0,-6.560000000000004
1636.0,-1.48
1637.0,-1.56
1638.0,-1.04
1639.0,-1.24
1640.0,-1.2
1641.0,-4.160000000000002
1642.0,-2.4000000000000004
1643.0,-1.48
1644.0,-1.28
1645.0,-1.56
1646.0,-1.44
1647.0,-1.32
1648.0,-1.2
1649.0,-1.12
1650.0,-1.28
1651.0,-1.28
1652.0,-1.4
1653.0,-1.56
1654.0,-1.08
1655.0,-7.000000000000004
1656.0,0.1599999999999998
1657.0,-1.16
1658.0,-1.32
1659.0,-2.6000000000000005
1660.0,-1.32
1661.0,-1.2
1662.0,-1.28
1663.0,-3.160000000000001
1664.0,-1.16
1665.0,-1.52
1666.0,-1.08
1667.0,-1.24
1668.0,-1.24
1669.0,-0.9600000000000011
1670.0,-1.16
1671.0,-1.48
1672.0,-1.9200000000000004
1673.0,-1.0
1674.0,-1.2
1675.0,-1.32
1676.0,-1.04
1677.0,-1.6400000000000001
1678.0,-1.9200000000000004
1679.0,-1.04
1680.0,-1.08
1681.0,-2.8400000000000007
1682.0,-1.44
1683.0,-1.12
1684.0,-1.8000000000000003
1685.0,-1.9200000000000004
1686.0,-1.2
1687.0,0.19999999999999984
1688.0,-1.52
1689.0,-1.16
1690.0,-1.24
1691.0,-2.12
1692.0,-1.4
1693.0,-2.0
1694.0,-2.0
1695.0,-1.4
1696.0,-4.120000000000002
1697.0,-1.16
1698.0,-1.04
1699.0,-2.220446049250313e-16
1700.0,-1.56
1701.0,-1.6400000000000001
1702.0,-1.0
1703.0,-1.24
1704.0,-1.04
1705.0,-2.3200000000000003
1706.0,-1.04
1707.0,-3.160000000000001
1708.0,-2.2800000000000002
1709.0,-1.7200000000000015
1710.0,-1.08
1711.0,0.11999999999999977
1712.0,-4.800000000000004
1713.0,-0.5200000000000007
1714.0,-2.04
1715.0,-1.8000000000000003
1716.0,-2.5200000000000005
1717.0,-1.52
1718.0,-1.3599999999999999
1719.0,-1.52
1720.0,-1.12
1721.0,-1.44
1722.0,-1.16
1723.0,-1.7600000000000002
1724.0,-1.24
1725.0,-2.5200000000000005
1726.0,-1.44
1727.0,-1.7600000000000002
1728.0,-1.48
1729.0,-1.0
1730.0,-2.08
1731.0,-1.4
1732.0,-1.28
1733.0,-0.16000000000000036
1734.0,-1.16
1735.0,-0.8000000000000009
1736.0,-0.3200000000000005
1737.0,-1.8400000000000003
1738.0,-2.04
1739.0,-1.28
1740.0,-1.08
1741.0,-1.48
1742.0,-1.48
1743.0,-1.16
1744.0,-1.12
1745.0,-1.08
1746.0,-0.7600000000000009
1747.0,-1.6800000000000002
1748.0,-1.28
1749.0,-1.16
1750.0,-1.0
1751.0,-2.16
1752.0,-2.0
1753.0,-1.0
1754.0,-1.7600000000000002
1755.0,-1.4
1756.0,-1.08
1757.0,-1.12
1758.0,-1.0
1759.0,-1.24
1760.0,-1.2
1761.0,-2.6400000000000006
1762.0,-1.0
1763.0,-2.12
1764.0,-0.5200000000000007
1765.0,-1.04
1766.0,-1.8000000000000003
1767.0,-1.0
1768.0,-1.12
1769.0,-1.8000000000000003
1770.0,-1.52
1771.0,-1.04
1772.0,-1.0
1773.0,-2.220446049250313e-16
1774.0,-1.3600000000000012
1775.0,-2.08
1776.0,-1.28
1777.0,-1.56
1778.0,-2.4000000000000004
1779.0,-1.04
1780.0,-1.4
1781.0,0.4
1782.0,-1.12
1783.0,-1.2
1784.0,-1.24
1785.0,-1.24
1786.0,-1.8400000000000003
1787.0,-1.24
1788.0,-1.6800000000000002
1789.0,-1.28
1790.0,-1.12
1791.0,-1.08
1792.0,-3.4000000000000012
1793.0,-1.7600000000000002
1794.0,-1.0
1795.0,-1.04
1796.0,-1.6800000000000002
1797.0,-1.2
1798.0,-1.12
1799.0,-2.2
1800.0,-1.0
1801.0,-1.48
1802.0,-1.04
1803.0,-1.6800000000000002
1804.0,-1.4
1805.0,-1.44
1806.0,-1.04
1807.0,-1.16
1808.0,-1.0
1809.0,-1.8400000000000003
1810.0,-1.04
1811.0,-5.0800000000000045
1812.0,-1.12
1813.0,-1.28
1814.0,-1.08
1815.0,-1.3599999999999999
1816.0,-1.2
1817.0,-1.52
1818.0,-1.0
1819.0,-1.7600000000000002
1820.0,-3.6400000000000015
1821.0,-4.920000000000003
1822.0,-1.24
1823.0,-1.6800000000000002
1824.0,-1.7200000000000002
1825.0,-1.04
1826.0,-1.0000000000000009
1827.0,-1.8000000000000003
1828.0,-1.28
1829.0,-1.0
1830.0,-1.32
1831.0,-1.0
1832.0,-1.28
1833.0,-1.8000000000000003
1834.0,-1.32
1835.0,-0.5200000000000007
1836.0,-1.04
1837.0,-1.52
1838.0,-1.04
1839.0,-3.240000000000001
1840.0,-1.3599999999999999
1841.0,-1.28
1842.0,-1.12
1843.0,-1.0
1844.0,-2.12
1845.0,0.1599999999999998
1846.0,-1.52
1847.0,-1.08
1848.0,-1.56
1849.0,-3.5200000000000014
1850.0,-1.4
1851.0,-1.3599999999999999
1852.0,-1.44
1853.0,-1.32
1854.0,-2.960000000000001
1855.0,-1.24
1856.0,-1.04
1857.0,-5.400000000000003
1858.0,-1.28
1859.0,-2.04
1860.0,-1.24
1861.0,-1.8400000000000003
1862.0,-1.4800000000000013
1863.0,-1.3599999999999999
1864.0,-1.4
1865.0,-2.4000000000000004
1866.0,-1.32
1867.0,-1.8800000000000003
1868.0,-1.2
1869.0,-1.16
1870.0,-1.6400000000000001
1871.0,-1.24
1872.0,-1.3599999999999999
1873.0,-1.08
1874.0,-1.08
1875.0,-1.44
1876.0,-0.28000000000000047
1877.0,-1.12
1878.0,-1.4
1879.0,0.07999999999999974
1880.0,-1.2
1881.0,-1.2
1882.0,-1.04
1883.0,-1.24
1884.0,-1.8400000000000003
1885.0,-0.2000000000000004
1886.0,-1.24
1887.0,-1.12
1888.0,-1.2
1889.0,-1.56
1890.0,-0.920000000000001
1891.0,-0.36000000000000054
1892.0,-1.56
1893.0,-1.9600000000000004
1894.0,-1.6800000000000002
1895.0,-1.04
1896.0,-1.6400000000000001
1897.0,-1.4
1898.0,-1.28
1899.0,-1.08
1900.0,-1.52
1901.0,-6.200000000000004
1902.0,-1.3599999999999999
1903.0,-1.240000000000001
1904.0,-1.12
1905.0,-1.4
1906.0,-1.0
1907.0,-1.8800000000000003
1908.0,-1.44
1909.0,-1.6800000000000002
1910.0,-1.0
1911.0,-0.48000000000000065
1912.0,-1.0
1913.0,-2.04
1914.0,-1.24
1915.0,-2.2
1916.0,-1.16
1917.0,-0.880000000000001
1918.0,0.0399999999999997
1919.0,-0.880000000000001
1920.0,-2.5200000000000005
1921.0,-1.16
1922.0,-1.44
1923.0,-4.400000000000004
1924.0,-1.7600000000000002
1925.0,-3.080000000000001
1926.0,-1.4
1927.0,0.1599999999999998
1928.0,-1.4
1929.0,-1.52
1930.0,-1.3599999999999999
1931.0,-1.12
1932.0,-1.24
1933.0,-1.48
1934.0,-1.12
1935.0,-1.8000000000000003
1936.0,-1.3599999999999999
1937.0,-1.08
1938.0,-1.6800000000000002
1939.0,-1.4
1940.0,-1.6400000000000001
1941.0,-1.16
1942.0,0.2799999999999999
1943.0,-1.16
1944.0,-0.2000000000000004
1945.0,-1.7200000000000002
1946.0,-3.280000000000001
1947.0,-1.48
1948.0,0.36
1949.0,-1.56
1950.0,-2.4800000000000004
1951.0,-1.6
1952.0,-1.3599999999999999
1953.0,-1.08
1954.0,-3.320000000000001
1955.0,-1.52
1956.0,-1.04
1957.0,-8.000000000000005
1958.0,-1.04
1959.0,-1.56
1960.0,-1.8400000000000003
1961.0,-1.32
1962.0,-1.6
1963.0,-1.24
1964.0,-1.44
1965.0,-1.28
1966.0,-1.16
1967.0,-1.52
1968.0,-1.16
1969.0,-1.56
1970.0,-2.08
1971.0,-1.3599999999999999
1972.0,-1.08
1973.0,-1.7600000000000002
1974.0,-1.56
1975.0,-1.12
1976.0,-1.08
1977.0,-1.12
1978.0,-1.56
1979.0,-1.48
1980.0,-1.3599999999999999
1981.0,-1.28
1982.0,-1.12
1983.0,-1.04
1984.0,-2.7200000000000006
1985.0,-1.6
1986.0,-8.000000000000005
1987.0,-1.48
1988.0,-1.08
1989.0,-1.28
1990.0,-1.16
1991.0,-1.16
1992.0,-2.880000000000001
1993.0,-0.36000000000000054
1994.0,-4.280000000000002
1995.0,-1.2
1996.0,-1.7200000000000002
1997.0,-1.56
1998.0,-1.0
1999.0,-2.08
2000.0,-1.7200000000000002
2001.0,-1.6800000000000002
2002.0,-2.7600000000000007
2003.0,-1.7200000000000002
2004.0,-8.120000000000005
2005.0,-0.920000000000001
2006.0,-1.7600000000000002
2007.0,-1.7200000000000002
2008.0,-1.9600000000000004
2009.0,-1.32
2010.0,-1.16
2011.0,-1.3599999999999999
2012.0,-1.0
2013.0,-1.48
2014.0,-1.04
2015.0,-1.52
2016.0,-1.6800000000000002
2017.0,-1.16
2018.0,-1.9200000000000004
2019.0,-1.52
2020.0,0.0399999999999997
2021.0,-1.44
2022.0,-1.44
2023.0,-1.4
2024.0,-1.08
2025.0,-1.3599999999999999
2026.0,-1.7200000000000002
2027.0,-1.2
2028.0,-2.400000000000002
2029.0,-1.3599999999999999
2030.0,-1.12
2031.0,-1.12
2032.0,-4.360000000000002
2033.0,-1.0
2034.0,-1.8400000000000003
2035.0,-1.24
2036.0,-1.4
2037.0,-1.28
2038.0,-1.08
2039.0,-1.44
2040.0,-1.4
2041.0,-0.24000000000000044
2042.0,-1.08
2043.0,-2.2
2044.0,-1.6800000000000002
2045.0,-1.24
2046.0,-1.8000000000000003
2047.0,-0.36000000000000054
2048.0,-1.8000000000000003
2049.0,-1.28
2050.0,-1.2
2051.0,-1.6
2052.0,-1.48
2053.0,-1.9200000000000004
2054.0,-0.920000000000001
2055.0,-2.6400000000000006
2056.0,-1.04
2057.0,-1.3599999999999999
2058.0,-1.2
2059.0,-1.08
2060.0,-1.08
2061.0,-2.3200000000000003
2062.0,-1.16
2063.0,-2.08
2064.0,-2.0
2065.0,-1.12
2066.0,-8.000000000000005
2067.0,-0.12000000000000033
2068.0,-1.32
2069.0,-1.0
2070.0,-1.0
2071.0,-0.7600000000000009
2072.0,-1.48
2073.0,-1.08
2074.0,-1.28
2075.0,-1.32
2076.0,-2.480000000000002
2077.0,-1.3599999999999999
2078.0,-1.12
2079.0,-1.4
2080.0,-1.28
2081.0,-1.12
2082.0,-1.08
2083.0,-0.12000000000000033
2084.0,-1.2
2085.0,-0.28000000000000047
2086.0,-1.08
2087.0,-1.6000000000000014
2088.0,-1.28
2089.0,-1.08
2090.0,-1.24
2091.0,-1.52
2092.0,-1.3200000000000012
2093.0,-1.12
2094.0,-0.0800000000000003
2095.0,-1.4400000000000013
2096.0,-1.6800000000000002
2097.0,-1.04
2098.0,0.07999999999999974
2099.0,-3.040000000000001
2100.0,-1.6
2101.0,-1.8000000000000003
2102.0,-1.24
2103.0,-5.640000000000003
2104.0,-2.24
2105.0,-1.8000000000000003
2106.0,-1.6
2107.0,-1.7200000000000002
2108.0,-1.12
2109.0,-1.08
2110.0,-1.32
2111.0,-1.04
2112.0,-1.16
2113.0,-0.24000000000000044
2114.0,-1.7200000000000002
2115.0,-0.4000000000000006
2116.0,-1.44
2117.0,-1.08
2118.0,-1.12
2119.0,-1.28
2120.0,0.23999999999999988
2121.0,-1.0
2122.0,-1.28
2123.0,-0.4000000000000006
2124.0,-1.2
2125.0,-1.9600000000000004
2126.0,-5.040000000000003
2127.0,-7.680000000000005
2128.0,-1.48
2129.0,-1.0
2130.0,-1.04
2131.0,-5.480000000000003
2132.0,-1.44
2133.0,-1.08
2134.0,-1.4
2135.0,-1.24
2136.0,-1.8800000000000003
2137.0,-1.04
2138.0,-5.640000000000003
2139.0,-1.08
2140.0,-1.16
2141.0,-1.52
2142.0,-1.0
2143.0,-0.840000000000001
2144.0,-1.04
2145.0,-0.12000000000000033
2146.0,-1.52
2147.0,-0.04000000000000026
2148.0,-1.4
2149.0,-1.8800000000000003
2150.0,-1.48
2151.0,-2.6400000000000006
2152.0,-1.12
2153.0,-1.48
2154.0,-1.12
2155.0,-1.3599999999999999
2156.0,-1.48
2157.0,-1.04
2158.0,-1.32
2159.0,-1.7200000000000002
2160.0,-0.12000000000000033
2161.0,-1.6400000000000001
2162.0,-1.24
2163.0,-1.04
2164.0,-1.6800000000000002
2165.0,-1.44
2166.0,-1.0
2167.0,-1.0
2168.0,-1.7600000000000002
2169.0,-1.3599999999999999
2170.0,-1.6
2171.0,-1.48
2172.0,-1.28
2173.0,-3.8400000000000016
2174.0,-2.2
2175.0,-1.7200000000000002
2176.0,-1.0
2177.0,0.23999999999999988
2178.0,-1.44
2179.0,-1.44
2180.0,-1.6800000000000002
2181.0,-2.6000000000000005
2182.0,-1.3599999999999999
2183.0,-1.08
2184.0,-1.24
2185.0,-1.7600000000000002
2186.0,-0.7600000000000009
2187.0,-1.32
2188.0,0.11999999999999977
2189.0,-1.0
2190.0,-1.44
2191.0,-1.48
2192.0,-0.28000000000000047
2193.0,-1.16
2194.0,0.44000000000000006
2195.0,-6.000000000000005
2196.0,-1.16
2197.0,-1.8400000000000003
2198.0,-1.32
2199.0,-1.08
2200.0,-1.04
2201.0,-1.6400000000000001
2202.0,-1.0
2203.0,-1.3599999999999999
2204.0,-1.48
2205.0,-1.3599999999999999
2206.0,-1.2
2207.0,-3.040000000000001
2208.0,-1.08
2209.0,-1.24
2210.0,-2.080000000000002
2211.0,-1.48
2212.0,-1.04
2213.0,-1.04
2214.0,-1.3599999999999999
2215.0,-1.08
2216.0,-1.7600000000000002
2217.0,-1.16
2218.0,-1.04
2219.0,-1.16
2220.0,-0.7200000000000009
2221.0,-1.24
2222.0,-1.4
2223.0,-5.840000000000003
2224.0,-1.2
2225.0,-1.0
2226.0,-1.56
2227.0,-1.24
2228.0,-1.16
2229.0,-1.7200000000000002
2230.0,-2.4000000000000004
2231.0,-1.04
2232.0,-4.600000000000002
2233.0,-2.4000000000000004
2234.0,-3.0000000000000027
2235.0,-1.44
2236.0,-1.2
2237.0,-1.2
2238.0,-1.4
2239.0,-1.2
2240.0,-1.56
2241.0,-0.5200000000000007
2242.0,-1.8800000000000017
2243.0,-1.5200000000000014
2244.0,-1.32
2245.0,-1.0
2246.0,-1.0
2247.0,-1.08
2248.0,-1.48
2249.0,-1.08
2250.0,-0.6800000000000008
2251.0,-1.9200000000000004
2252.0,-1.12
2253.0,-1.2800000000000011
2254.0,-2.7200000000000006
2255.0,-1.28
2256.0,-1.12
2257.0,-0.0800000000000003
2258.0,-1.3599999999999999
2259.0,-1.52
2260.0,-1.28
2261.0,-1.04
2262.0,-1.28
2263.0,-1.44
2264.0,-1.48
2265.0,-1.6
2266.0,-1.8400000000000003
2267.0,-1.24
2268.0,-1.12
2269.0,-1.44
2270.0,-1.12
2271.0,-1.56
2272.0,-2.24
2273.0,-1.04
2274.0,-1.3599999999999999
2275.0,-1.44
2276.0,-1.0
2277.0,-1.16
2278.0,-1.28
2279.0,-1.3600000000000012
2280.0,-1.3599999999999999
2281.0,-5.560000000000003
2282.0,-1.0
2283.0,-3.160000000000001
2284.0,-1.52
2285.0,-0.04000000000000026
2286.0,-2.960000000000001
2287.0,-5.240000000000003
2288.0,0.4800000000000001
2289.0,-0.4000000000000006
2290.0,-1.32
2291.0,-1.6800000000000002
2292.0,-0.5600000000000007
2293.0,-1.48
2294.0,-8.080000000000005
2295.0,-3.120000000000001
2296.0,-1.28
2297.0,-1.0
2298.0,-1.24
2299.0,-1.7600000000000002
2300.0,-1.52
2301.0,-2.16
2302.0,-1.04
2303.0,-1.4000000000000012
2304.0,0.11999999999999977
2305.0,-1.8000000000000003
2306.0,-1.8400000000000003
2307.0,-1.08
2308.0,-1.2
2309.0,-1.44
2310.0,-0.04000000000000026
2311.0,-2.0
2312.0,-1.44
2313.0,-7.640000000000005
2314.0,-4.7600000000000025
2315.0,-1.9600000000000004
2316.0,-1.4000000000000012
2317.0,-1.2
2318.0,-1.16
2319.0,-1.44
2320.0,-1.8000000000000003
2321.0,-1.9200000000000004
2322.0,-1.12
2323.0,-1.44
2324.0,-1.16
2325.0,-1.6400000000000001
2326.0,0.11999999999999977
2327.0,-1.200000000000001
2328.0,-5.320000000000005
2329.0,-3.000000000000001
2330.0,0.23999999999999988
2331.0,-1.4
2332.0,-1.04
2333.0,-1.56
2334.0,-1.24
2335.0,-1.12
2336.0,-1.12
2337.0,0.23999999999999988
2338.0,-0.3200000000000005
2339.0,-0.3200000000000005
2340.0,-1.28
2341.0,-1.3599999999999999
2342.0,-1.0
2343.0,-1.28
2344.0,-1.6400000000000001
2345.0,-1.48
2346.0,-0.5200000000000007
2347.0,-1.48
2348.0,-1.04
2349.0,-1.0
2350.0,-1.8800000000000003
2351.0,-2.7200000000000006
2352.0,-1.2
2353.0,-1.12
2354.0,-1.3599999999999999
2355.0,-2.12
2356.0,-0.7200000000000009
2357.0,-0.16000000000000036
2358.0,-1.32
2359.0,-1.0
2360.0,-1.24
2361.0,-1.48
2362.0,-2.12
2363.0,-2.6000000000000005
2364.0,-1.16
2365.0,-1.32
2366.0,-0.36000000000000054
2367.0,-1.3599999999999999
2368.0,-1.4
2369.0,-1.6400000000000001
2370.0,-1.48
2371.0,-1.04
2372.0,-2.5600000000000005
2373.0,-2.24
2374.0,-1.2
2375.0,-1.7600000000000002
2376.0,-1.56
2377.0,-0.5200000000000007
2378.0,-1.48
2379.0,-1.8000000000000003
2380.0,-1.04
2381.0,-1.3599999999999999
2382.0,-3.200000000000001
2383.0,-0.04000000000000026
2384.0,-1.44
2385.0,-1.04
2386.0,-1.16
2387.0,-1.28
2388.0,-1.2
2389.0,-1.6800000000000002
2390.0,-4.240000000000004
2391.0,-1.32
2392.0,-1.9600000000000004
2393.0,-1.08
2394.0,-1.16
2395.0,-1.12
2396.0,-1.24
2397.0,-1.32
2398.0,-1.2
2399.0,-1.44
2400.0,-1.0
2401.0,-3.7200000000000015
2402.0,-1.6400000000000001
2403.0,-1.0
2404.0,-1.6
2405.0,-1.0
2406.0,-1.6400000000000001
2407.0,-4.920000000000004
2408.0,-1.0
2409.0,-0.8000000000000009
2410.0,-1.04
2411.0,-1.4
2412.0,-2.2
2413.0,-1.4
2414.0,-1.08
2415.0,-0.4000000000000006
2416.0,-1.16
2417.0,-2.16
2418.0,-1.24
2419.0,-2.04
2420.0,-1.2
2421.0,-1.04
2422.0,0.07999999999999974
2423.0,0.0399999999999997
2424.0,-1.160000000000001
2425.0,-1.3599999999999999
2426.0,0.0399999999999997
2427.0,-1.16
2428.0,-1.28
2429.0,-1.8000000000000003
2430.0,-1.8000000000000003
2431.0,-0.16000000000000036
2432.0,-6.800000000000006
2433.0,-1.08
2434.0,-1.16
2435.0,-0.0800000000000003
2436.0,-1.3599999999999999
2437.0,0.0399999999999997
2438.0,-1.08
2439.0,-1.08
2440.0,-1.04
2441.0,-2.7200000000000006
2442.0,-1.4
2443.0,-1.8800000000000003
2444.0,-1.28
2445.0,-1.24
2446.0,-1.0
2447.0,0.19999999999999984
2448.0,-1.2
2449.0,-1.12
2450.0,-1.24
2451.0,-0.7600000000000009
2452.0,-1.44
2453.0,-1.9600000000000004
2454.0,-1.16
2455.0,-1.12
2456.0,-1.3599999999999999
2457.0,-1.08
2458.0,-1.24
2459.0,-1.28
2460.0,-1.28
2461.0,-1.32
2462.0,-1.2800000000000011
2463.0,-1.16
2464.0,-0.6000000000000008
2465.0,-1.04
2466.0,-1.0
2467.0,-1.48
2468.0,-1.4
2469.0,-1.04
2470.0,-1.52
2471.0,-1.6
2472.0,-1.7200000000000002
2473.0,-0.28000000000000047
2474.0,-1.04
2475.0,-1.56
2476.0,-1.04
2477.0,-2.04
2478.0,-1.04
2479.0,-1.32
2480.0,0.0399999999999997
2481.0,-3.080000000000001
2482.0,-1.0
2483.0,-0.3200000000000005
2484.0,-1.12
2485.0,-1.04
2486.0,-1.28
2487.0,-1.04
2488.0,-3.4000000000000012
2489.0,-2.04
2490.0,-1.04
2491.0,-2.16
2492.0,-0.36000000000000054
2493.0,-2.0
2494.0,-1.44
2495.0,-1.0
2496.0,-1.2
2497.0,-3.080000000000001
2498.0,-1.0000000000000009
2499.0,-1.9600000000000004
2500.0,-1.12
2501.0,0.1599999999999998
2502.0,-1.7600000000000002
2503.0,-1.3599999999999999
2504.0,-1.6800000000000002
2505.0,-2.08
2506.0,-1.2
2507.0,-1.16
2508.0,-1.16
2509.0,-1.04
2510.0,-1.04
2511.0,-1.52
2512.0,-1.28
2513.0,-1.0
2514.0,-2.880000000000001
2515.0,-1.6
2516.0,-1.2
2517.0,-1.44
2518.0,-1.3599999999999999
2519.0,-1.160000000000001
2520.0,-1.32
2521.0,-1.52
2522.0,-0.04000000000000026
2523.0,0.2799999999999999
2524.0,-1.24
2525.0,-1.3599999999999999
2526.0,-3.280000000000001
2527.0,-1.52
2528.0,-1.04
2529.0,-1.2
2530.0,-1.12
2531.0,-1.52
2532.0,-1.24
2533.0,-1.6400000000000001
2534.0,-1.6400000000000001
2535.0,-1.52
2536.0,-1.04
2537.0,-1.16
2538.0,-1.48
2539.0,0.1599999999999998
2540.0,-0.48000000000000065
2541.0,-1.3599999999999999
2542.0,-1.08
2543.0,-1.2
2544.0,-1.24
2545.0,-1.12
2546.0,-1.04
2547.0,-1.28
2548.0,-1.28
2549.0,-1.08
2550.0,-1.52
2551.0,-2.2800000000000002
2552.0,-0.4000000000000006
2553.0,-1.48
2554.0,-2.4400000000000004
2555.0,-2.12
2556.0,-0.24000000000000044
2557.0,-8.000000000000005
2558.0,-2.16
2559.0,-1.04
2560.0,-1.04
2561.0,-1.4
2562.0,-1.3599999999999999
2563.0,-1.6800000000000002
2564.0,-0.0800000000000003
2565.0,-1.9200000000000004
2566.0,-1.7600000000000002
2567.0,-2.16
2568.0,-8.000000000000005
2569.0,-1.32
2570.0,-1.12
2571.0,-3.5200000000000014
2572.0,-1.08
2573.0,-1.6800000000000002
2574.0,-1.04
2575.0,-1.52
2576.0,-1.08
2577.0,-1.7200000000000002
2578.0,-1.44
2579.0,-1.04
2580.0,-2.040000000000002
2581.0,-2.920000000000001
2582.0,-3.9600000000000035
2583.0,0.07999999999999974
2584.0,-1.6
2585.0,-1.28
2586.0,-1.7600000000000002
2587.0,-1.2
2588.0,-1.44
2589.0,-0.36000000000000054
2590.0,-1.48
2591.0,-1.08
2592.0,-1.3599999999999999
2593.0,-5.240000000000005
2594.0,-1.12
2595.0,-1.56
2596.0,-0.7200000000000009
2597.0,-1.0
2598.0,-0.04000000000000026
2599.0,-1.24
2600.0,-4.680000000000002
2601.0,-1.48
2602.0,-1.4
2603.0,-1.04
2604.0,-1.16
2605.0,-8.440000000000005
2606.0,-1.6
2607.0,-1.24
2608.0,-1.0
2609.0,-1.8400000000000003
2610.0,-1.28
2611.0,-1.52
2612.0,-1.12
2613.0,-1.0
2614.0,0.36
2615.0,-1.52
2616.0,-2.04
2617.0,-1.48
2618.0,-2.04
2619.0,-1.12
2620.0,0.1599999999999998
2621.0,-3.080000000000001
2622.0,-0.7200000000000009
2623.0,-1.12
2624.0,-1.0
2625.0,-1.120000000000001
2626.0,-1.28
2627.0,-1.32
2628.0,-1.44
2629.0,-8.000000000000005
2630.0,-1.48
2631.0,-1.08
2632.0,-3.6400000000000015
2633.0,-1.4
2634.0,-1.6
2635.0,-1.48
2636.0,-1.08
2637.0,-1.2
2638.0,-1.8000000000000003
2639.0,-1.7200000000000002
2640.0,-1.04
2641.0,-1.32
2642.0,-3.280000000000001
2643.0,-1.44
2644.0,-1.32
2645.0,-1.2
2646.0,-1.12
2647.0,-0.24000000000000044
2648.0,-2.2
2649.0,-1.12
2650.0,-1.52
2651.0,0.1599999999999998
2652.0,-1.2
2653.0,-1.16
2654.0,-1.0
2655.0,-2.12
2656.0,-3.280000000000001
2657.0,-1.2
2658.0,-2.4400000000000004
2659.0,-1.12
2660.0,-1.6400000000000001
2661.0,-1.32
2662.0,0.07999999999999974
2663.0,0.44000000000000006
2664.0,-1.08
2665.0,-1.4
2666.0,-1.6400000000000001
2667.0,-1.6
2668.0,-1.120000000000001
2669.0,-1.48
2670.0,-0.4400000000000006
2671.0,-1.12
2672.0,-1.04
2673.0,-1.08
2674.0,-1.3599999999999999
2675.0,-1.12
2676.0,-2.0
2677.0,-1.24
2678.0,-4.680000000000002
2679.0,-5.9600000000000035
2680.0,-1.24
2681.0,-2.5600000000000005
2682.0,-1.080000000000001
2683.0,-1.28
2684.0,-3.160000000000001
2685.0,-4.240000000000004
2686.0,-1.52
2687.0,0.31999999999999995
2688.0,-1.28
2689.0,-2.6000000000000005
2690.0,-1.28
2691.0,-1.16
2692.0,-1.08
2693.0,-1.32
2694.0,-1.0
2695.0,-1.16
2696.0,-1.4
2697.0,-1.24
2698.0,-1.28
2699.0,-1.44
2700.0,-2.8000000000000007
2701.0,-1.8400000000000003
2702.0,-1.24
2703.0,-1.2
2704.0,-2.4800000000000004
2705.0,-1.6400000000000001
2706.0,-1.44
2707.0,-1.48
2708.0,-1.28
2709.0,-3.6000000000000014
2710.0,-1.0
2711.0,-8.000000000000005
2712.0,-2.04
2713.0,-1.32
2714.0,-1.0
2715.0,-1.8000000000000003
2716.0,-1.56
2717.0,-1.08
2718.0,-1.2
2719.0,-2.4000000000000004
2720.0,-1.24
2721.0,-0.28000000000000047
2722.0,-2.2800000000000002
2723.0,-1.28
2724.0,-1.0
2725.0,-8.000000000000005
2726.0,-0.48000000000000065
2727.0,-1.16
2728.0,-4.680000000000002
2729.0,-1.6800000000000002
2730.0,-3.4000000000000012
2731.0,-2.5600000000000005
2732.0,-1.3599999999999999
2733.0,-6.520000000000004
2734.0,-1.0
2735.0,-1.12
2736.0,-0.6400000000000008
2737.0,-1.6400000000000001
2738.0,-1.9200000000000004
2739.0,-0.4400000000000006
2740.0,-1.3599999999999999
2741.0,-1.7600000000000002
2742.0,-1.44
2743.0,-1.5600000000000014
2744.0,-1.7600000000000002
2745.0,-2.5600000000000005
2746.0,-1.44
2747.0,-1.8000000000000003
2748.0,-1.28
2749.0,-2.8400000000000007
2750.0,-1.12
2751.0,-1.4
2752.0,-1.08
2753.0,-1.08
2754.0,-2.04
2755.0,-1.2
2756.0,-1.04
2757.0,-1.48
2758.0,-1.7600000000000002
2759.0,0.4
2760.0,-1.240000000000001
2761.0,-1.28
2762.0,-1.12
2763.0,-1.2
2764.0,-1.24
2765.0,-2.0000000000000018
2766.0,-7.640000000000005
2767.0,0.0399999999999997
2768.0,-2.220446049250313e-16
2769.0,-1.3599999999999999
2770.0,-1.2
2771.0,-1.2
2772.0,-2.4800000000000004
2773.0,-1.52
2774.0,-1.0
2775.0,-0.3200000000000005
2776.0,-1.24
2777.0,-1.04
2778.0,-1.2
2779.0,-1.24
2780.0,-1.2
2781.0,-1.6400000000000015
2782.0,-1.32
2783.0,-1.12
2784.0,0.07999999999999974
2785.0,-1.8400000000000003
2786.0,-1.0
2787.0,-1.0
2788.0,-1.6800000000000002
2789.0,-1.52
2790.0,-1.9600000000000017
2791.0,-1.8800000000000003
2792.0,-1.6400000000000001
2793.0,-1.04
2794.0,-1.52
2795.0,-0.16000000000000036
2796.0,-1.3599999999999999
2797.0,-1.28
2798.0,0.07999999999999974
2799.0,-1.44
2800.0,-1.7200000000000002
2801.0,-1.2
2802.0,-3.080000000000001
2803.0,-2.5600000000000005
2804.0,-2.08
2805.0,-1.9600000000000004
2806.0,-1.2
2807.0,-1.08
2808.0,-1.08
2809.0,-1.12
2810.0,-1.0
2811.0,-2.0
2812.0,-2.3600000000000003
2813.0,-1.0
2814.0,-1.28
2815.0,-0.2000000000000004
2816.0,-1.2
2817.0,-1.0
2818.0,-1.0
2819.0,-5.160000000000003
2820.0,-8.000000000000005
2821.0,-1.08
2822.0,-0.840000000000001
2823.0,-1.4
2824.0,-0.5600000000000007
2825.0,-1.32
2826.0,-1.56
2827.0,-1.12
2828.0,-1.04
2829.0,-1.16
2830.0,-2.6800000000000006
2831.0,-1.4
2832.0,0.0399999999999997
2833.0,-1.56
2834.0,-1.2
2835.0,-1.3599999999999999
2836.0,-6.120000000000004
2837.0,-2.0
2838.0,-3.8400000000000016
2839.0,-1.28
2840.0,-1.24
2841.0,-1.4
2842.0,-1.56
2843.0,-1.3599999999999999
2844.0,-1.2
2845.0,-1.0
2846.0,-2.8000000000000007
2847.0,-1.2
2848.0,-8.920000000000005
2849.0,-1.9600000000000004
2850.0,-1.24
2851.0,-1.120000000000001
2852.0,-4.920000000000003
2853.0,-1.4
2854.0,-1.7200000000000002
2855.0,-1.2
2856.0,-1.12
2857.0,-2.240000000000002
2858.0,-1.2
2859.0,-1.28
2860.0,-1.32
2861.0,-2.220446049250313e-16
2862.0,-2.24
2863.0,-1.28
2864.0,-1.24
2865.0,-1.56
2866.0,-1.08
2867.0,-1.24
2868.0,-1.2
2869.0,-1.24
2870.0,-1.0
2871.0,-1.2
2872.0,-1.12
2873.0,-4.120000000000002
2874.0,-1.12
2875.0,-1.4
2876.0,-3.9200000000000017
2877.0,-2.08
2878.0,-1.04
2879.0,-1.7600000000000002
2880.0,-3.7200000000000015
2881.0,-1.16
2882.0,-3.8000000000000016
2883.0,-1.32
2884.0,-2.16
2885.0,-1.08
2886.0,-2.5200000000000022
2887.0,-3.080000000000001
2888.0,-1.16
2889.0,-1.28
2890.0,-2.220446049250313e-16
2891.0,-1.52
2892.0,-1.8000000000000003
2893.0,0.31999999999999995
2894.0,-1.7200000000000002
2895.0,-8.000000000000005
2896.0,-0.24000000000000044
2897.0,-1.080000000000001
2898.0,-1.04
2899.0,-2.7600000000000007
2900.0,-1.3599999999999999
2901.0,-1.7200000000000002
2902.0,-1.04
2903.0,-3.000000000000001
2904.0,-1.04
2905.0,-1.0
2906.0,-1.2
2907.0,-1.28
2908.0,-0.6800000000000008
2909.0,-0.6400000000000008
2910.0,-2.5200000000000005
2911.0,-2.12
2912.0,-1.04
2913.0,-1.08
2914.0,-1.4
2915.0,-1.08
2916.0,-4.320000000000002
2917.0,-4.600000000000004
2918.0,-1.6800000000000015
2919.0,-1.12
2920.0,-1.04
2921.0,-1.9600000000000004
2922.0,-1.0
2923.0,-4.280000000000004
2924.0,-1.48
2925.0,-1.44
2926.0,0.44000000000000006
2927.0,-1.28
2928.0,-1.8800000000000003
2929.0,-1.44
2930.0,-1.6
2931.0,-1.6
2932.0,-1.4
2933.0,-1.48
2934.0,-1.08
2935.0,-1.4
2936.0,-1.16
2937.0,-1.8000000000000003
2938.0,-1.04
2939.0,-1.8800000000000003
2940.0,-1.2
2941.0,-1.3599999999999999
2942.0,-1.04
2943.0,-1.0
2944.0,-1.12
2945.0,-2.0
2946.0,-1.28
2947.0,0.4
2948.0,-0.4000000000000006
2949.0,-1.12
2950.0,-1.12
2951.0,-1.32
2952.0,-1.28
2953.0,-1.4
2954.0,-1.52
2955.0,-1.6
2956.0,-1.32
2957.0,-1.32
2958.0,-1.6800000000000002
2959.0,-1.2
2960.0,-0.28000000000000047
2961.0,-1.08
2962.0,-7.800000000000005
2963.0,-1.16
2964.0,-1.04
2965.0,-1.08
2966.0,-1.8800000000000003
2967.0,0.1599999999999998
2968.0,-3.4400000000000013
2969.0,-1.04
2970.0,-2.6000000000000023
2971.0,-3.080000000000001
2972.0,0.36
2973.0,-1.32
2974.0,-2.04
2975.0,-1.12
2976.0,-2.8000000000000007
2977.0,-1.16
2978.0,-1.24
2979.0,-1.44
2980.0,-1.32
2981.0,-1.8000000000000003
2982.0,-2.24
2983.0,-1.08
2984.0,-1.8400000000000003
2985.0,-3.8000000000000016
2986.0,-1.04
2987.0,-4.440000000000002
2988.0,-2.24
2989.0,-1.4
2990.0,-2.4000000000000004
2991.0,-2.0
2992.0,-1.28
2993.0,-1.08
2994.0,-1.7200000000000002
2995.0,-1.32
2996.0,-2.4000000000000004
2997.0,-1.3600000000000012
2998.0,-1.6400000000000001
2999.0,-4.640000000000002
3000.0,-2.04
3001.0,-2.16
3002.0,-1.24
3003.0,-6.360000000000004
3004.0,-4.680000000000002
3005.0,-1.08
3006.0,-1.16
3007.0,-1.48
3008.0,-1.04
3009.0,-1.3599999999999999
3010.0,-0.2000000000000004
3011.0,-0.6000000000000008
3012.0,-1.32
3013.0,-1.08
3014.0,-0.0800000000000003
3015.0,-1.04
3016.0,-1.3599999999999999
3017.0,0.4
3018.0,-1.12
3019.0,-3.8000000000000016
3020.0,-1.0
3021.0,-1.28
3022.0,-4.520000000000002
3023.0,-1.0
3024.0,-1.28
3025.0,-1.16
3026.0,-1.7200000000000002
3027.0,-2.04
3028.0,-1.32
3029.0,-1.2
3030.0,-0.12000000000000033
3031.0,-1.56
3032.0,-1.28
3033.0,0.0399999999999997
3034.0,0.1599999999999998
3035.0,-1.24
3036.0,-1.52
3037.0,-1.160000000000001
3038.0,-3.120000000000001
3039.0,0.2799999999999999
3040.0,-1.16
3041.0,-1.28
3042.0,-1.0
3043.0,-2.880000000000001
3044.0,-2.5200000000000022
3045.0,-1.24
3046.0,-1.56
3047.0,-1.48
3048.0,-1.12
3049.0,0.1599999999999998
3050.0,-1.2
3051.0,-3.0000000000000027
3052.0,-1.7600000000000002
3053.0,-1.2
3054.0,-3.7600000000000016
3055.0,-1.48
3056.0,-3.160000000000001
3057.0,0.23999999999999988
3058.0,-1.08
3059.0,0.2799999999999999
3060.0,-1.2
3061.0,-3.120000000000001
3062.0,-1.2
3063.0,-2.3600000000000003
3064.0,-1.04
3065.0,-1.16
3066.0,-1.16
3067.0,-1.0
3068.0,-1.44
3069.0,-1.6
3070.0,-0.0800000000000003
3071.0,-1.12
3072.0,-1.4
3073.0,-1.04
3074.0,-1.32
3075.0,-1.24
3076.0,-1.32
3077.0,-1.0
3078.0,-1.8400000000000003
3079.0,-1.48
3080.0,-1.24
3081.0,0.11999999999999977
3082.0,-1.08
3083.0,-1.4
3084.0,-2.360000000000002
3085.0,-1.12
3086.0,-1.8400000000000003
3087.0,-1.24
3088.0,-0.6800000000000008
3089.0,-1.08
3090.0,-1.2
3091.0,0.23999999999999988
3092.0,-1.44
3093.0,-1.44
3094.0,-4.400000000000002
3095.0,-1.08
3096.0,-1.12
3097.0,-1.2
3098.0,-2.08
3099.0,-1.6400000000000001
3100.0,-1.24
3101.0,0.23999999999999988
3102.0,-1.6800000000000002
3103.0,-3.200000000000001
3104.0,-2.04
3105.0,-1.08
3106.0,-4.040000000000002
3107.0,-1.12
3108.0,-1.6400000000000001
3109.0,-1.04
3110.0,0.07999999999999974
3111.0,-1.2
3112.0,-1.2
3113.0,-1.24
3114.0,-1.32
3115.0,-1.28
3116.0,-1.32
3117.0,-1.04
3118.0,-0.24000000000000044
3119.0,-1.16
3120.0,-1.24
3121.0,0.11999999999999977
3122.0,-2.6000000000000005
3123.0,-2.4400000000000004
3124.0,-1.7600000000000002
3125.0,-1.2
3126.0,-1.56
3127.0,-1.8800000000000017
3128.0,-1.52
3129.0,-1.0
3130.0,-1.12
3131.0,-0.5200000000000007
3132.0,-1.28
3133.0,-1.4
3134.0,-1.8800000000000003
3135.0,-1.8000000000000003
3136.0,-6.040000000000004
3137.0,-2.6000000000000005
3138.0,-1.16
3139.0,-2.8400000000000025
3140.0,-1.4
3141.0,-1.3599999999999999
3142.0,-1.04
3143.0,-1.48
3144.0,-8.640000000000006
3145.0,-1.08
3146.0,-1.3599999999999999
3147.0,-1.0
3148.0,-1.0
3149.0,-1.12
3150.0,-1.24
3151.0,-6.720000000000004
3152.0,-1.24
3153.0,-1.0
3154.0,-2.04
3155.0,-1.8000000000000003
3156.0,-0.6400000000000008
3157.0,-1.7600000000000002
3158.0,-2.5600000000000005
3159.0,-1.7600000000000002
3160.0,-1.16
3161.0,-1.6400000000000001
3162.0,-1.3599999999999999
3163.0,-1.04
3164.0,-1.32
3165.0,-1.0
3166.0,-2.0
3167.0,-1.28
3168.0,-2.2
3169.0,-1.16
3170.0,-2.0
3171.0,-1.6400000000000001
3172.0,-1.16
3173.0,0.19999999999999984
3174.0,-1.7600000000000002
3175.0,-1.08
3176.0,-1.04
3177.0,-0.3200000000000005
3178.0,-4.880000000000003
3179.0,-1.48
3180.0,-1.7600000000000002
3181.0,-0.16000000000000036
3182.0,-1.0
3183.0,-0.8000000000000009
3184.0,-1.52
3185.0,-1.44
3186.0,-1.7200000000000002
3187.0,-2.16
3188.0,-0.04000000000000026
3189.0,-0.0800000000000003
3190.0,-1.4
3191.0,-1.16
3192.0,-1.04
3193.0,0.4
3194.0,-1.4
3195.0,-1.12
3196.0,0.11999999999999977
3197.0,-1.04
3198.0,-1.0
3199.0,-1.8400000000000016
3200.0,-1.52
3201.0,-1.2
3202.0,-1.08
3203.0,-1.8400000000000003
3204.0,-1.8800000000000003
3205.0,-1.24
3206.0,-1.12
3207.0,-0.12000000000000033
3208.0,-1.6
3209.0,-1.04
3210.0,-1.6400000000000001
3211.0,-0.48000000000000065
3212.0,-1.24
3213.0,-1.04
3214.0,-1.16
3215.0,-1.6800000000000002
3216.0,-3.200000000000001
3217.0,-1.48
3218.0,-1.16
3219.0,-1.2
3220.0,0.1599999999999998
3221.0,-1.48
3222.0,-1.16
3223.0,-1.0
3224.0,-1.12
3225.0,0.11999999999999977
3226.0,-1.24
3227.0,-1.16
3228.0,-1.0
3229.0,-1.04
3230.0,-1.4
3231.0,-0.04000000000000026
3232.0,-2.7600000000000007
3233.0,-2.04
3234.0,-1.12
3235.0,-1.52
3236.0,-1.08
3237.0,-1.3599999999999999
3238.0,-0.2000000000000004
3239.0,-1.7200000000000002
3240.0,-1.56
3241.0,-5.000000000000004
3242.0,-1.08
3243.0,-2.04
3244.0,-1.56
3245.0,-8.000000000000005
3246.0,-1.56
3247.0,-1.4
3248.0,-1.28
3249.0,0.19999999999999984
3250.0,-1.08
3251.0,-1.3599999999999999
3252.0,-1.4
3253.0,-1.04
3254.0,-1.16
3255.0,-1.28
3256.0,0.1599999999999998
3257.0,-2.8400000000000007
3258.0,-2.880000000000001
3259.0,-1.52
3260.0,-1.32
3261.0,-1.04
3262.0,-1.3599999999999999
3263.0,0.4
3264.0,-4.520000000000004
3265.0,-1.32
3266.0,-2.440000000000002
3267.0,-1.28
3268.0,-1.08
3269.0,-1.16
3270.0,0.44000000000000006
3271.0,-1.48
3272.0,-2.5200000000000005
3273.0,-0.880000000000001
3274.0,-0.24000000000000044
3275.0,-0.0800000000000003
3276.0,-1.08
3277.0,-1.16
3278.0,-2.220446049250313e-16
3279.0,-1.04
3280.0,-1.0
3281.0,-1.080000000000001
3282.0,-1.0
3283.0,-1.08
3284.0,-1.56
3285.0,-5.320000000000003
3286.0,-1.32
3287.0,-1.6
3288.0,-4.320000000000002
3289.0,-1.48
3290.0,-1.28
3291.0,-6.080000000000004
3292.0,-1.6800000000000002
3293.0,-1.6400000000000001
3294.0,-2.2
3295.0,-2.2800000000000002
3296.0,0.11999999999999977
3297.0,-1.08
3298.0,-1.4
3299.0,-1.04
3300.0,-1.08
3301.0,-1.32
3302.0,-1.2
3303.0,-1.3599999999999999
3304.0,-0.920000000000001
3305.0,-1.2
3306.0,-1.16
3307.0,-1.24
3308.0,-1.52
3309.0,-1.24
3310.0,-1.32
3311.0,-1.08
3312.0,-1.16
3313.0,-1.04
3314.0,-0.4400000000000006
3315.0,-1.24
3316.0,0.36
3317.0,-0.24000000000000044
3318.0,-2.200000000000002
3319.0,-1.28
3320.0,-1.44
3321.0,-1.16
3322.0,-2.7600000000000007
3323.0,-1.0
3324.0,0.11999999999999977
3325.0,-1.3599999999999999
3326.0,-2.4000000000000004
3327.0,-0.6000000000000008
3328.0,-1.0
3329.0,-1.08
3330.0,-1.04
3331.0,-1.12
3332.0,-1.08
3333.0,0.23999999999999988
3334.0,-2.12
3335.0,-1.48
3336.0,-1.08
3337.0,-5.520000000000003
3338.0,0.1599999999999998
3339.0,-8.560000000000006
3340.0,-2.8800000000000026
3341.0,-1.0
3342.0,-1.4
3343.0,-1.12
3344.0,0.11999999999999977
3345.0,-1.2
3346.0,-1.6
3347.0,-3.6800000000000015
3348.0,-2.220446049250313e-16
3349.0,-1.2
3350.0,-1.56
3351.0,-1.04
3352.0,-1.28
3353.0,-1.32
3354.0,-1.16
3355.0,-1.4
3356.0,-1.0
3357.0,-1.04
3358.0,-8.000000000000005
3359.0,-2.2800000000000002
3360.0,-1.08
3361.0,-1.52
3362.0,-0.16000000000000036
3363.0,-1.4
3364.0,-1.0
3365.0,-1.16
3366.0,-2.2
3367.0,-1.0
3368.0,-1.0
3369.0,-0.48000000000000065
3370.0,-1.44
3371.0,-1.16
3372.0,-1.4
3373.0,-1.0
3374.0,-2.2
3375.0,-1.32
3376.0,-1.16
3377.0,-1.0
3378.0,-1.0
3379.0,0.31999999999999995
3380.0,-1.2
3381.0,-1.12
3382.0,-2.04
3383.0,-1.04
3384.0,-1.56
3385.0,0.31999999999999995
3386.0,-1.04
3387.0,-0.0800000000000003
3388.0,0.2799999999999999
3389.0,-1.7600000000000016
3390.0,-1.32
3391.0,-1.32
3392.0,-0.2000000000000004
3393.0,-2.0
3394.0,-1.2
3395.0,-0.4400000000000006
3396.0,-1.16
3397.0,-1.12
3398.0,-1.16
3399.0,-1.28
3400.0,-1.16
3401.0,-3.400000000000003
3402.0,-1.6
3403.0,-1.24
3404.0,0.31999999999999995
3405.0,-1.32
3406.0,-1.04
3407.0,-1.08
3408.0,-1.32
3409.0,-1.52
3410.0,-1.08
3411.0,-3.040000000000001
3412.0,-2.920000000000001
3413.0,-1.08
3414.0,-1.0
3415.0,-1.0
3416.0,-1.08
3417.0,-1.4
3418.0,-1.2
3419.0,-1.8000000000000003
3420.0,-1.2
3421.0,-2.8400000000000007
3422.0,-1.0
3423.0,0.23999999999999988
3424.0,-2.880000000000001
3425.0,-1.200000000000001
3426.0,-1.6
3427.0,-1.3599999999999999
3428.0,-6.320000000000004
3429.0,-0.4400000000000006
3430.0,-1.08
3431.0,-1.0
3432.0,-1.04
3433.0,-8.000000000000005
3434.0,-1.04
3435.0,-1.6
3436.0,-1.16
3437.0,-1.16
3438.0,-1.5200000000000014
3439.0,-8.000000000000005
3440.0,-1.0
3441.0,-1.08
3442.0,-1.16
3443.0,0.0399999999999997
3444.0,-1.44
3445.0,-3.000000000000001
3446.0,-1.4
3447.0,-5.160000000000005
3448.0,-1.4
3449.0,-1.200000000000001
3450.0,-1.16
3451.0,-1.12
3452.0,-1.04
3453.0,-1.7200000000000002
3454.0,-1.7200000000000002
3455.0,0.1599999999999998
3456.0,-0.4000000000000006
3457.0,-1.8000000000000003
3458.0,-1.4
3459.0,0.1599999999999998
3460.0,-1.32
3461.0,-1.2
3462.0,-1.04
3463.0,-2.7200000000000006
3464.0,-1.12
3465.0,-5.040000000000003
3466.0,-1.04
3467.0,-0.24000000000000044
3468.0,-1.04
3469.0,-1.12
3470.0,-1.2
3471.0,-2.2800000000000002
3472.0,-2.3200000000000003
3473.0,-1.6
3474.0,-1.04
3475.0,-1.2
3476.0,-0.6000000000000008
3477.0,-1.08
3478.0,-7.240000000000005
3479.0,-1.0
3480.0,-2.480000000000002
3481.0,-1.32
3482.0,-2.24
3483.0,-2.5600000000000005
3484.0,-1.56
3485.0,-1.08
3486.0,-0.48000000000000065
3487.0,-1.2
3488.0,-1.0000000000000009
3489.0,-1.16
3490.0,-2.880000000000001
3491.0,-2.220446049250313e-16
3492.0,-1.12
3493.0,-1.04
3494.0,0.11999999999999977
3495.0,-1.56
3496.0,-2.220446049250313e-16
3497.0,-0.5600000000000007
3498.0,-1.04
3499.0,-1.24
3500.0,0.07999999999999974
3501.0,-1.0
3502.0,-4.400000000000002
3503.0,-1.08
3504.0,-1.48
3505.0,-3.080000000000001
3506.0,-1.52
3507.0,-1.52
3508.0,-1.6400000000000001
3509.0,-1.120000000000001
3510.0,-1.2
3511.0,-1.9600000000000004
3512.0,-1.28
3513.0,-1.0
3514.0,-1.16
3515.0,-1.08
3516.0,-1.24
3517.0,-1.04
3518.0,-2.6800000000000006
3519.0,0.23999999999999988
3520.0,-1.4
3521.0,-1.2
3522.0,-1.12
3523.0,-1.4
3524.0,-2.0
3525.0,-1.4
3526.0,-2.08
3527.0,-1.6
3528.0,-4.320000000000002
3529.0,-1.52
3530.0,-1.16
3531.0,-1.52
3532.0,-0.0800000000000003
3533.0,-1.04
3534.0,-1.6400000000000001
3535.0,-6.560000000000006
3536.0,-1.08
3537.0,-1.12
3538.0,-8.000000000000005
3539.0,-2.24
3540.0,-1.08
3541.0,-1.04
3542.0,-1.7600000000000002
3543.0,-1.44
3544.0,-1.12
3545.0,0.11999999999999977
3546.0,-1.6
3547.0,-1.08
3548.0,-1.12
3549.0,-1.12
3550.0,-1.32
3551.0,-1.24
3552.0,0.4800000000000001
3553.0,-1.0
3554.0,-1.56
3555.0,-1.3599999999999999
3556.0,-1.16
3557.0,-1.16
3558.0,-4.040000000000002
3559.0,-0.24000000000000044
3560.0,-1.24
3561.0,-1.0
3562.0,-1.04
3563.0,-1.32
3564.0,-1.16
3565.0,-2.6800000000000006
3566.0,-1.28
3567.0,-1.44
3568.0,-1.08
3569.0,-1.08
3570.0,-0.24000000000000044
3571.0,-1.6400000000000001
3572.0,-6.160000000000004
3573.0,-1.3599999999999999
3574.0,-4.240000000000004
3575.0,-1.32
3576.0,-1.04
3577.0,-1.24
3578.0,-1.2
3579.0,-1.28
3580.0,-1.12
3581.0,-1.08
3582.0,-1.24
3583.0,-2.24
3584.0,0.36
3585.0,-1.7200000000000002
3586.0,0.4
3587.0,-1.8400000000000003
3588.0,-1.08
3589.0,-1.12
3590.0,-1.24
3591.0,-5.200000000000005
3592.0,-1.52
3593.0,-1.24
3594.0,-1.44
3595.0,-1.6800000000000002
3596.0,-1.8000000000000003
3597.0,-1.08
3598.0,-1.48
3599.0,-0.0800000000000003
3600.0,-2.16
3601.0,0.36
3602.0,-1.8000000000000003
3603.0,-1.0
3604.0,-1.0
3605.0,-1.200000000000001
3606.0,-1.04
3607.0,-1.16
3608.0,-1.0
3609.0,-1.16
3610.0,-1.16
3611.0,-1.8000000000000003
3612.0,-3.0000000000000027
3613.0,-1.5200000000000014
3614.0,-0.0800000000000003
3615.0,-3.320000000000001
3616.0,-1.0
3617.0,-1.12
3618.0,-8.000000000000005
3619.0,-1.08
3620.0,0.44000000000000006
3621.0,-1.28
3622.0,-2.4000000000000004
3623.0,-1.24
3624.0,-1.7200000000000015
3625.0,-1.24
3626.0,0.2799999999999999
3627.0,-1.04
3628.0,-1.16
3629.0,-1.0
3630.0,-1.0
3631.0,-1.44
3632.0,-1.12
3633.0,-1.32
3634.0,-1.48
3635.0,-2.5600000000000005
3636.0,-1.48
3637.0,-1.28
3638.0,-1.6400000000000001
3639.0,-1.8800000000000003
3640.0,-1.0
3641.0,-1.08
3642.0,0.31999999999999995
3643.0,-1.32
3644.0,-1.44
3645.0,-1.08
3646.0,-1.6
3647.0,-1.3599999999999999
3648.0,-1.8000000000000003
3649.0,-1.4
3650.0,-1.08
3651.0,-1.6400000000000001
3652.0,-1.4
3653.0,-1.28
3654.0,-1.24
3655.0,0.1599999999999998
3656.0,-1.08
3657.0,-1.12
3658.0,-0.2000000000000004
3659.0,-1.200000000000001
3660.0,-1.04
3661.0,-1.16
3662.0,-1.12
3663.0,-2.220446049250313e-16
3664.0,-1.52
3665.0,-1.4
3666.0,-1.04
3667.0,-1.9200000000000004
3668.0,-2.220446049250313e-16
3669.0,-1.04
3670.0,0.11999999999999977
3671.0,-4.400000000000002
3672.0,-1.56
3673.0,-1.7600000000000002
3674.0,-1.12
3675.0,-1.2
3676.0,-8.000000000000005
3677.0,-1.6800000000000002
3678.0,-1.3599999999999999
3679.0,-1.04
3680.0,-1.04
3681.0,-2.220446049250313e-16
3682.0,-1.0
3683.0,-2.400000000000002
3684.0,-1.08
3685.0,-0.04000000000000026
3686.0,-1.08
3687.0,-1.28
3688.0,-1.2
3689.0,-1.7600000000000002
3690.0,-1.6400000000000001
3691.0,-1.08
3692.0,-3.9200000000000017
3693.0,-1.7600000000000002
3694.0,-1.2
3695.0,-8.720000000000006
3696.0,-1.04
3697.0,-1.7200000000000002
3698.0,-1.28
3699.0,0.4
3700.0,0.11999999999999977
3701.0,-1.56
3702.0,-1.3599999999999999
3703.0,-1.44
3704.0,0.11999999999999977
3705.0,-1.04
3706.0,-1.0000000000000009
3707.0,-1.7600000000000002
3708.0,-1.32
3709.0,-1.2
3710.0,-0.4000000000000006
3711.0,0.23999999999999988
3712.0,-1.8000000000000003
3713.0,-1.16
3714.0,-1.8000000000000016
3715.0,-5.680000000000003
3716.0,0.2799999999999999
3717.0,-1.24
3718.0,-1.0
3719.0,-1.32
3720.0,-1.04
3721.0,-1.28
3722.0,-0.3200000000000005
3723.0,0.19999999999999984
3724.0,-0.4000000000000006
3725.0,-1.12
3726.0,-1.16
3727.0,-2.2
3728.0,-1.12
3729.0,-1.12
3730.0,-1.0
3731.0,-1.52
3732.0,-1.6
3733.0,0.4
3734.0,-1.04
3735.0,-1.9600000000000004
3736.0,-1.32
3737.0,-1.4
3738.0,-4.000000000000002
3739.0,-1.6400000000000001
3740.0,-1.8400000000000003
3741.0,-1.04
3742.0,-1.12
3743.0,-2.4000000000000004
3744.0,-1.9200000000000004
3745.0,0.0399999999999997
3746.0,-0.24000000000000044
3747.0,0.4
3748.0,-1.32
3749.0,-1.04
3750.0,-1.16
3751.0,-1.6800000000000002
3752.0,-1.16
3753.0,-1.56
3754.0,-1.0
3755.0,-1.08
3756.0,-1.2
3757.0,-1.28
3758.0,-2.6800000000000006
3759.0,-1.7200000000000002
3760.0,0.2799999999999999
3761.0,-4.280000000000002
3762.0,0.0399999999999997
3763.0,-1.48
3764.0,-1.6400000000000001
3765.0,-1.56
3766.0,-1.9200000000000004
3767.0,-1.7600000000000002
3768.0,0.19999999999999984
3769.0,-1.8000000000000003
3770.0,-1.4
3771.0,0.23999999999999988
3772.0,-1.44
3773.0,-3.320000000000001
3774.0,-1.28
3775.0,-1.2
3776.0,-4.160000000000002
3777.0,-1.0
3778.0,-1.0
3779.0,-1.16
3780.0,-1.12
3781.0,-1.16
3782.0,-1.8800000000000003
3783.0,-1.44
3784.0,-1.9200000000000004
3785.0,-0.840000000000001
3786.0,-1.8000000000000003
3787.0,0.07999999999999974
3788.0,-1.0
3789.0,-1.28
3790.0,-1.08
3791.0,-1.0
3792.0,-1.04
3793.0,-3.000000000000001
3794.0,-1.24
3795.0,-4.120000000000004
3796.0,-1.08
3797.0,0.0399999999999997
3798.0,-1.48
3799.0,-2.6400000000000006
3800.0,-1.08
3801.0,-1.2
3802.0,-1.08
3803.0,0.23999999999999988
3804.0,0.4
3805.0,-1.08
3806.0,-1.24
3807.0,-1.56
3808.0,-1.0
3809.0,-1.8400000000000016
3810.0,-1.08
3811.0,-8.000000000000005
3812.0,-8.000000000000005
3813.0,-1.32
3814.0,-1.2
3815.0,-5.120000000000003
3816.0,-1.2
3817.0,-1.28
3818.0,-3.560000000000003
3819.0,-1.0
3820.0,-1.2
3821.0,-1.3600000000000012
3822.0,-1.08
3823.0,-2.6800000000000024
3824.0,-0.04000000000000026
3825.0,-1.12
3826.0,-1.0
3827.0,-7.840000000000005
3828.0,-1.2
3829.0,-0.840000000000001
3830.0,-1.32
3831.0,-1.6800000000000002
3832.0,-1.24
3833.0,-1.56
3834.0,-5.560000000000003
3835.0,-1.8000000000000003
3836.0,-4.920000000000003
3837.0,-1.28
3838.0,-1.12
3839.0,-1.52
3840.0,-1.6
3841.0,-1.32
3842.0,-1.08
3843.0,-1.12
3844.0,-1.04
3845.0,-1.24
3846.0,-1.6400000000000001
3847.0,-1.16
3848.0,-1.4
3849.0,-0.48000000000000065
3850.0,-1.04
3851.0,-1.6
3852.0,0.1599999999999998
3853.0,0.44000000000000006
3854.0,-1.3599999999999999
3855.0,-1.08
3856.0,-8.000000000000005
3857.0,-1.8000000000000016
3858.0,-1.12
3859.0,-1.12
3860.0,-5.120000000000003
3861.0,-1.4
3862.0,-1.6
3863.0,-1.56
3864.0,-1.0
3865.0,-1.4
3866.0,-1.56
3867.0,-1.16
3868.0,-1.0
3869.0,-1.28
3870.0,-1.48
3871.0,-1.4
3872.0,0.23999999999999988
3873.0,-1.12
3874.0,-1.24
3875.0,-1.08
3876.0,-1.6400000000000001
3877.0,-1.04
3878.0,-1.16
3879.0,-1.08
3880.0,-8.000000000000005
3881.0,-1.2
3882.0,-1.24
3883.0,-1.12
3884.0,-1.2
3885.0,-1.16
3886.0,-1.7200000000000002
3887.0,-1.8800000000000003
3888.0,-1.56
3889.0,-1.6400000000000001
3890.0,-1.16
3891.0,-1.3599999999999999
3892.0,-1.08
3893.0,-1.04
3894.0,-1.7600000000000002
3895.0,-1.08
3896.0,-1.6800000000000002
3897.0,-1.32
3898.0,-1.56
3899.0,-1.28
3900.0,-1.48
3901.0,-1.04
3902.0,-1.48
3903.0,-6.480000000000004
3904.0,-1.3599999999999999
3905.0,-1.2
3906.0,-1.6400000000000001
3907.0,-3.200000000000001
3908.0,-1.04
3909.0,-1.48
3910.0,-1.08
3911.0,-1.04
3912.0,-1.0
3913.0,-1.28
3914.0,-1.52
3915.0,-1.48
3916.0,0.07999999999999974
3917.0,-1.8400000000000003
3918.0,-1.48
3919.0,-1.48
3920.0,-1.3599999999999999
3921.0,-1.08
3922.0,-1.04
3923.0,0.4
3924.0,-1.32
3925.0,-1.24
3926.0,-1.0
3927.0,-1.52
3928.0,-5.120000000000003
3929.0,-1.0
3930.0,-1.2
3931.0,-1.48
3932.0,-3.280000000000001
3933.0,-1.08
3934.0,-1.08
3935.0,-1.7600000000000002
3936.0,-1.12
3937.0,-1.2
3938.0,-1.04
3939.0,-1.0
3940.0,-1.2
3941.0,-1.24
3942.0,-1.6
3943.0,-1.7200000000000002
3944.0,-1.2
3945.0,-1.16
3946.0,-1.08
3947.0,-1.24
3948.0,-3.280000000000001
3949.0,-0.36000000000000054
3950.0,-1.7200000000000002
3951.0,-1.4
3952.0,-1.24
3953.0,-1.6400000000000001
3954.0,-2.280000000000002
3955.0,-1.04
3956.0,-1.24
3957.0,-1.0
3958.0,-1.16
3959.0,-2.5600000000000005
3960.0,-1.24
3961.0,-1.2
3962.0,0.1599999999999998
3963.0,-1.2
3964.0,-1.16
3965.0,-1.12
3966.0,-1.9200000000000004
3967.0,-1.32
3968.0,-1.2
3969.0,-2.4800000000000004
3970.0,0.31999999999999995
3971.0,-1.24
3972.0,0.2799999999999999
3973.0,-1.6
3974.0,-1.7600000000000002
3975.0,-5.280000000000003
3976.0,-1.16
3977.0,-1.4
3978.0,-1.12
3979.0,-1.4
3980.0,-1.3599999999999999
3981.0,-1.0
3982.0,-1.8400000000000003
3983.0,-1.16
3984.0,-1.0
3985.0,-1.24
3986.0,-1.0
3987.0,-1.52
3988.0,-1.08
3989.0,-1.3599999999999999
3990.0,-1.08
3991.0,-5.080000000000003
3992.0,-8.000000000000005
3993.0,-1.08
3994.0,-1.56
3995.0,-1.04
3996.0,-4.960000000000003
3997.0,-1.7600000000000016
3998.0,-1.4
3999.0,-1.04
4000.0,-1.12
4001.0,-1.7600000000000002
4002.0,-1.12
4003.0,-2.04
4004.0,-1.6400000000000001
4005.0,-1.4
4006.0,-1.28
4007.0,-5.720000000000003
4008.0,-1.32
4009.0,-1.08
4010.0,-0.5600000000000007
4011.0,0.11999999999999977
4012.0,-1.8000000000000003
4013.0,0.4
4014.0,-1.28
4015.0,-6.080000000000004
4016.0,-0.8000000000000009
4017.0,-1.04
4018.0,-0.6000000000000008
4019.0,-1.08
4020.0,-2.2
4021.0,-2.24
4022.0,-1.08
4023.0,-1.08
4024.0,-1.16
4025.0,-8.000000000000005
4026.0,-1.12
4027.0,-1.28
4028.0,-1.08
4029.0,-1.16
4030.0,0.36
4031.0,-4.280000000000004
4032.0,-1.6
4033.0,-1.12
4034.0,-6.800000000000004
4035.0,-1.6400000000000001
4036.0,-1.6800000000000002
4037.0,-4.160000000000004
4038.0,0.4800000000000001
4039.0,-1.12
4040.0,-8.000000000000005
4041.0,-0.920000000000001
4042.0,-1.16
4043.0,0.23999999999999988
4044.0,-1.12
4045.0,0.2799999999999999
4046.0,0.4
4047.0,-1.32
4048.0,-1.04
4049.0,-1.24
4050.0,-1.32
4051.0,-1.52
4052.0,-2.4000000000000004
4053.0,-3.4000000000000012
4054.0,-1.16
4055.0,0.2799999999999999
4056.0,0.44000000000000006
4057.0,0.2799999999999999
4058.0,0.31999999999999995
4059.0,-2.16
4060.0,-1.0
4061.0,-1.16
4062.0,-1.8800000000000017
4063.0,-5.160000000000003
4064.0,-1.32
4065.0,-5.040000000000003
4066.0,-1.6
4067.0,-3.120000000000001
4068.0,-1.08
4069.0,-1.28
4070.0,-1.2
4071.0,-4.160000000000002
4072.0,-1.12
4073.0,-1.6400000000000001
4074.0,-8.000000000000005
4075.0,0.31999999999999995
4076.0,-2.220446049250313e-16
4077.0,-2.4800000000000004
4078.0,-1.4
4079.0,-0.2000000000000004
4080.0,-5.720000000000005
4081.0,-1.6
4082.0,-1.9600000000000004
4083.0,-1.28
4084.0,-1.12
4085.0,-0.6000000000000008
4086.0,0.23999999999999988
4087.0,0.31999999999999995
4088.0,-1.12
4089.0,-1.12
4090.0,-1.12
4091.0,-0.2000000000000004
4092.0,-1.16
4093.0,-1.28
4094.0,-1.12
4095.0,0.31999999999999995
4096.0,-1.6
4097.0,-1.04
4098.0,-1.2
4099.0,-1.04
4100.0,-1.3599999999999999
4101.0,-1.24
4102.0,-1.12
4103.0,-2.3200000000000003
4104.0,-1.16
4105.0,-6.2000000000000055
4106.0,-1.0
4107.0,-5.320000000000003
4108.0,-1.04
4109.0,-1.08
4110.0,-6.320000000000006
4111.0,-1.3599999999999999
4112.0,-1.6
4113.0,-1.12
4114.0,-1.16
4115.0,-1.28
4116.0,-1.52
4117.0,-1.28
4118.0,0.23999999999999988
4119.0,0.23999999999999988
4120.0,-1.6
4121.0,-1.0
4122.0,-1.44
4123.0,-1.08
4124.0,-1.12
4125.0,-1.3599999999999999
4126.0,0.11999999999999977
4127.0,-1.24
4128.0,-0.3200000000000005
4129.0,-0.840000000000001
4130.0,-1.04
4131.0,-1.44
4132.0,-2.08
4133.0,-1.28
4134.0,-1.0
4135.0,-1.52
4136.0,-1.7600000000000016
4137.0,-1.16
4138.0,-1.9600000000000004
4139.0,-5.760000000000003
4140.0,-2.12
4141.0,-1.12
4142.0,-1.8000000000000003
4143.0,0.2799999999999999
4144.0,-1.9600000000000004
4145.0,-1.0
4146.0,-3.9600000000000017
4147.0,-3.280000000000003
4148.0,-1.44
4149.0,-0.12000000000000033
4150.0,-1.56
4151.0,-1.32
4152.0,0.36
4153.0,-1.2
4154.0,-1.120000000000001
4155.0,-1.28
4156.0,-1.08
4157.0,-1.24
4158.0,-1.08
4159.0,-1.3599999999999999
4160.0,-1.6
4161.0,-6.720000000000004
4162.0,-1.0
4163.0,-2.08
4164.0,-1.3599999999999999
4165.0,0.23999999999999988
4166.0,-1.16
4167.0,-1.32
4168.0,-1.28
4169.0,-1.4
4170.0,-2.3200000000000003
4171.0,-1.0
4172.0,-5.8800000000000034
4173.0,-1.28
4174.0,-1.160000000000001
4175.0,-1.44
4176.0,-1.08
4177.0,0.2799999999999999
4178.0,-1.7200000000000002
4179.0,-1.08
4180.0,-1.3599999999999999
4181.0,-4.280000000000002
4182.0,-1.52
4183.0,-1.08
4184.0,-1.32
4185.0,-0.5600000000000007
4186.0,-2.220446049250313e-16
4187.0,-2.4800000000000004
4188.0,-1.0
4189.0,-1.8800000000000003
4190.0,-2.5200000000000005
4191.0,-1.8400000000000003
4192.0,-1.16
4193.0,-1.04
4194.0,-1.7200000000000002
4195.0,-1.08
4196.0,-5.840000000000005
4197.0,-1.2
4198.0,-1.4
4199.0,-1.16
4200.0,-1.08
4201.0,-1.0
4202.0,-1.0
4203.0,-2.6400000000000023
4204.0,-1.08
4205.0,-3.080000000000001
4206.0,-1.6800000000000002
4207.0,-1.28
4208.0,-3.4400000000000013
4209.0,-1.16
4210.0,-3.5600000000000014
4211.0,-1.08
4212.0,0.1599999999999998
4213.0,-1.4
4214.0,-1.24
4215.0,-1.28
4216.0,-1.28
4217.0,-1.08
4218.0,-1.04
4219.0,-1.2
4220.0,-1.3599999999999999
4221.0,-1.6400000000000001
4222.0,-1.04
4223.0,-1.0
4224.0,-1.16
4225.0,-0.5600000000000007
4226.0,-1.48
4227.0,0.4
4228.0,-1.0
4229.0,-1.7200000000000002
4230.0,-1.4
4231.0,-2.5200000000000005
4232.0,-2.4800000000000004
4233.0,-1.32
4234.0,-1.3599999999999999
4235.0,0.07999999999999974
4236.0,-2.220446049250313e-16
4237.0,0.4
4238.0,-1.080000000000001
4239.0,-1.08
4240.0,-1.32
4241.0,-0.0800000000000003
4242.0,-1.08
4243.0,-1.0
4244.0,0.23999999999999988
4245.0,0.31999999999999995
4246.0,-1.24
4247.0,-1.32
4248.0,-1.2
4249.0,-1.08
4250.0,-1.0
4251.0,-1.08
4252.0,0.2799999999999999
4253.0,-1.04
4254.0,-2.200000000000002
4255.0,-1.12
4256.0,-1.04
4257.0,-1.32
4258.0,-1.52
4259.0,-3.7200000000000015
4260.0,-1.16
4261.0,-3.0000000000000027
4262.0,-1.44
4263.0,-1.08
4264.0,-1.24
4265.0,-1.32
4266.0,-1.28
4267.0,-1.6000000000000014
4268.0,0.31999999999999995
4269.0,0.4800000000000001
4270.0,-1.48
4271.0,-1.32
4272.0,-1.4
4273.0,-1.52
4274.0,-1.32
4275.0,-1.2
4276.0,-1.08
4277.0,-1.44
4278.0,-4.120000000000004
4279.0,-0.12000000000000033
4280.0,0.0399999999999997
4281.0,0.44000000000000006
4282.0,0.4
4283.0,-1.08
4284.0,-1.08
4285.0,-0.24000000000000044
4286.0,-1.0
4287.0,-1.0
4288.0,0.44000000000000006
4289.0,-2.6800000000000006
4290.0,-1.08
4291.0,-1.04
4292.0,-1.0
4293.0,-1.12
4294.0,-1.6800000000000002
4295.0,0.19999999999999984
4296.0,-1.2
4297.0,-1.24
4298.0,-1.0
4299.0,-1.24
4300.0,-1.52
4301.0,-4.640000000000002
4302.0,-1.0
4303.0,-1.04
4304.0,-1.28
4305.0,-1.8000000000000003
4306.0,-1.04
4307.0,-4.080000000000002
4308.0,-1.32
4309.0,-1.32
4310.0,0.4
4311.0,0.19999999999999984
4312.0,-1.12
4313.0,-1.0
4314.0,-1.0
4315.0,-1.08
4316.0,-1.48
4317.0,0.31999999999999995
4318.0,-1.0
4319.0,-1.12
4320.0,-2.4000000000000004
4321.0,-1.16
4322.0,-1.08
4323.0,-2.5200000000000005
4324.0,-1.0
4325.0,-1.24
4326.0,-1.16
4327.0,0.36
4328.0,-1.44
4329.0,-1.8800000000000003
4330.0,0.19999999999999984
4331.0,-1.3599999999999999
4332.0,-1.24
4333.0,-5.600000000000003
4334.0,-1.12
4335.0,-1.12
4336.0,-1.04
4337.0,-8.000000000000005
4338.0,-1.24
4339.0,-1.04
4340.0,-1.6400000000000001
4341.0,-8.000000000000005
4342.0,0.36
4343.0,-0.0800000000000003
4344.0,-1.6800000000000002
4345.0,0.4800000000000001
4346.0,0.31999999999999995
4347.0,0.23999999999999988
4348.0,-1.16
4349.0,-2.08
4350.0,-3.040000000000001
4351.0,0.19999999999999984
4352.0,-1.9200000000000004
4353.0,-1.44
4354.0,-1.48
4355.0,-5.0800000000000045
4356.0,-1.12
4357.0,0.07999999999999974
4358.0,-1.04
4359.0,-1.44
4360.0,-2.5200000000000022
4361.0,0.4800000000000001
4362.0,-1.2
4363.0,-1.3599999999999999
4364.0,-1.12
4365.0,-1.48
4366.0,-1.7600000000000002
4367.0,-1.56
4368.0,-1.24
4369.0,-1.3599999999999999
4370.0,-1.56
4371.0,-1.3599999999999999
4372.0,-1.0
4373.0,-1.08
4374.0,0.36
4375.0,-1.0
4376.0,-1.0
4377.0,-1.12
4378.0,-1.12
4379.0,-1.04
4380.0,-1.08
4381.0,-1.04
4382.0,-1.3599999999999999
4383.0,-1.04
4384.0,-1.04
4385.0,-8.240000000000006
4386.0,-1.08
4387.0,-1.7600000000000002
4388.0,-1.2
4389.0,-1.04
4390.0,-1.12
4391.0,-1.08
4392.0,0.23999999999999988
4393.0,-8.000000000000005
4394.0,-2.6800000000000006
4395.0,-1.7600000000000002
4396.0,-1.0
4397.0,-1.16
4398.0,-1.0
4399.0,0.2799999999999999
4400.0,-1.44
4401.0,-1.2
4402.0,-1.12
4403.0,0.36
4404.0,0.31999999999999995
4405.0,-1.9600000000000004
4406.0,-1.32
4407.0,-1.0
4408.0,-1.28
4409.0,-1.4400000000000013
4410.0,-2.240000000000002
4411.0,-5.160000000000005
4412.0,-1.6800000000000002
4413.0,-1.0
4414.0,-8.000000000000005
4415.0,-1.04
4416.0,-0.24000000000000044
4417.0,0.1599999999999998
4418.0,-1.12
4419.0,-1.04
4420.0,-1.04
4421.0,-1.28
4422.0,-1.04
4423.0,-3.4400000000000013
4424.0,-1.24
4425.0,-1.04
4426.0,0.31999999999999995
4427.0,-1.48
4428.0,-1.2
4429.0,-2.2
4430.0,-1.040000000000001
4431.0,0.4800000000000001
4432.0,-1.12
4433.0,-1.24
4434.0,-1.12
4435.0,-1.56
4436.0,-2.880000000000001
4437.0,-1.52
4438.0,-1.3599999999999999
4439.0,-1.48
4440.0,-1.04
4441.0,-1.2
4442.0,-1.08
4443.0,0.1599999999999998
4444.0,-1.16
4445.0,-1.12
4446.0,-2.2800000000000002
4447.0,-1.0
4448.0,-1.28
4449.0,-6.360000000000004
4450.0,-5.560000000000003
4451.0,-1.16
4452.0,-1.7600000000000002
4453.0,0.19999999999999984
4454.0,-1.0
4455.0,-0.24000000000000044
4456.0,-0.9600000000000011
4457.0,-1.32
4458.0,-1.2
4459.0,-1.32
4460.0,-1.12
4461.0,-1.6400000000000001
4462.0,-1.04
4463.0,-2.2800000000000002
4464.0,-4.120000000000002
4465.0,-1.04
4466.0,-3.360000000000001
4467.0,-1.56
4468.0,-1.04
4469.0,-1.0
4470.0,-0.28000000000000047
4471.0,-1.08
4472.0,0.1599999999999998
4473.0,-1.2
4474.0,-0.3200000000000005
4475.0,-1.0
4476.0,-1.08
4477.0,-3.240000000000001
4478.0,-1.24
4479.0,-1.44
4480.0,-1.16
4481.0,-2.220446049250313e-16
4482.0,-1.44
4483.0,-1.0
4484.0,-4.120000000000002
4485.0,-1.52
4486.0,0.19999999999999984
4487.0,-1.04
4488.0,-1.56
4489.0,-1.04
4490.0,-1.04
4491.0,-0.920000000000001
4492.0,-0.48000000000000065
4493.0,-0.5600000000000007
4494.0,-1.24
4495.0,-1.7200000000000002
4496.0,-1.2
4497.0,-1.4
4498.0,-1.52
4499.0,-1.24
4500.0,-1.12
4501.0,-2.16
4502.0,-1.2
4503.0,-1.0
4504.0,-1.0
4505.0,-0.0800000000000003
4506.0,-1.32
4507.0,-0.3200000000000005
4508.0,-1.4
4509.0,-1.04
4510.0,-1.3599999999999999
4511.0,-1.2
4512.0,-1.2
4513.0,-1.08
4514.0,-1.0
4515.0,-3.5200000000000014
4516.0,-0.840000000000001
4517.0,-1.3599999999999999
4518.0,-1.48
4519.0,-3.000000000000001
4520.0,-1.3599999999999999
4521.0,-1.16
4522.0,0.19999999999999984
4523.0,-1.7200000000000002
4524.0,-1.44
4525.0,0.4800000000000001
4526.0,-1.0
4527.0,-1.28
4528.0,-1.16
4529.0,0.4800000000000001
4530.0,-1.12
4531.0,-1.7200000000000002
4532.0,-1.0
4533.0,-1.3599999999999999
4534.0,-1.12
4535.0,-0.4400000000000006
4536.0,-1.24
4537.0,-1.08
4538.0,-1.16
4539.0,-0.840000000000001
4540.0,-4.560000000000002
4541.0,-1.28
4542.0,-1.08
4543.0,0.19999999999999984
4544.0,-1.48
4545.0,-1.12
4546.0,-1.28
4547.0,0.44000000000000006
4548.0,-1.0
4549.0,-0.3200000000000005
4550.0,-1.16
4551.0,-2.24
4552.0,-1.4
4553.0,-1.0
4554.0,-1.0
4555.0,-1.2
4556.0,-1.28
4557.0,0.36
4558.0,-1.32
4559.0,0.2799999999999999
4560.0,-1.28
4561.0,-1.12
4562.0,-2.0
4563.0,-1.08
4564.0,-1.0
4565.0,-0.3200000000000005
4566.0,0.4800000000000001
4567.0,0.31999999999999995
4568.0,-1.24
4569.0,-1.08
4570.0,-1.08
4571.0,-1.04
4572.0,-1.2
4573.0,-1.12
4574.0,-1.24
4575.0,-4.560000000000002
4576.0,-1.24
4577.0,-1.28
4578.0,-1.04
4579.0,-1.32
4580.0,-1.48
4581.0,0.19999999999999984
4582.0,-1.04
4583.0,-1.04
4584.0,-1.2
4585.0,-1.16
4586.0,-1.08
4587.0,-1.32
4588.0,-1.12
4589.0,0.2799999999999999
4590.0,-1.08
4591.0,-8.000000000000005
4592.0,-1.16
4593.0,-1.12
4594.0,-1.32
4595.0,-1.44
4596.0,0.11999999999999977
4597.0,-1.4
4598.0,-2.440000000000002
4599.0,-1.08
4600.0,-1.0
4601.0,-1.28
4602.0,-1.28
4603.0,-1.6400000000000001
4604.0,-1.2
4605.0,-1.0000000000000009
4606.0,-1.12
4607.0,0.36
4608.0,-8.000000000000005
4609.0,-1.04
4610.0,-1.4
4611.0,-1.12
4612.0,0.2799999999999999
4613.0,-1.32
4614.0,-1.12
4615.0,-4.080000000000002
4616.0,-1.6
4617.0,-3.6800000000000015
4618.0,-1.28
4619.0,-1.4
4620.0,-1.0
4621.0,0.31999999999999995
4622.0,-4.440000000000002
4623.0,-1.04
4624.0,-1.6
4625.0,-1.0
4626.0,-1.6
4627.0,-1.12
4628.0,-1.0
4629.0,0.11999999999999977
4630.0,-1.2
4631.0,-1.04
4632.0,-1.04
4633.0,0.23999999999999988
4634.0,-1.8400000000000016
4635.0,-1.16
4636.0,-1.0
4637.0,-2.360000000000002
4638.0,-1.32
4639.0,-1.8000000000000016
4640.0,-1.7200000000000002
4641.0,0.23999999999999988
4642.0,-1.3599999999999999
4643.0,-2.0
4644.0,-1.24
4645.0,-1.6800000000000002
4646.0,-1.7600000000000002
4647.0,0.19999999999999984
4648.0,-1.4
4649.0,-1.12
4650.0,-0.920000000000001
4651.0,-1.12
4652.0,-1.16
4653.0,-1.12
4654.0,-1.5200000000000014
4655.0,0.1599999999999998
4656.0,-1.6400000000000001
4657.0,-1.3599999999999999
4658.0,-1.2
4659.0,-1.6
4660.0,0.31999999999999995
4661.0,-1.12
4662.0,-1.3600000000000012
4663.0,-1.48
4664.0,-6.960000000000006
4665.0,-1.04
4666.0,-1.04
4667.0,-1.04
4668.0,-1.2
4669.0,-1.0
4670.0,-6.640000000000004
4671.0,0.4
4672.0,-1.16
4673.0,-1.04
4674.0,-1.3599999999999999
4675.0,-1.28
4676.0,-1.6
4677.0,-1.2
4678.0,-1.08
4679.0,-1.0
4680.0,-1.48
4681.0,-2.16
4682.0,-1.44
4683.0,0.19999999999999984
4684.0,-1.2
4685.0,-1.24
4686.0,-1.04
4687.0,-1.16
4688.0,-1.0
4689.0,-2.8800000000000026
4690.0,-1.44
4691.0,-7.600000000000005
4692.0,-1.32
4693.0,-1.48
4694.0,0.31999999999999995
4695.0,-0.04000000000000026
4696.0,-1.04
4697.0,-1.32
4698.0,-1.0
4699.0,-1.12
4700.0,-2.880000000000001
4701.0,-1.52
4702.0,-1.08
4703.0,-0.12000000000000033
4704.0,-1.6400000000000001
4705.0,-1.0
4706.0,-1.52
4707.0,-1.16
4708.0,-1.04
4709.0,-1.0
4710.0,-1.0
4711.0,0.19999999999999984
4712.0,0.31999999999999995
4713.0,-1.24
4714.0,-1.08
4715.0,-1.7200000000000002
4716.0,-7.800000000000005
4717.0,-1.6800000000000002
4718.0,-1.28
4719.0,-2.220446049250313e-16
4720.0,-1.04
4721.0,-1.04
4722.0,-1.08
4723.0,-1.32
4724.0,-1.24
4725.0,-3.0000000000000027
4726.0,-1.9200000000000004
4727.0,-2.400000000000002
4728.0,-1.24
4729.0,-1.8000000000000003
4730.0,0.1599999999999998
4731.0,-1.4
4732.0,-1.24
4733.0,-1.12
4734.0,-1.04
4735.0,-1.08
4736.0,-1.08
4737.0,-1.08
4738.0,-3.8800000000000017
4739.0,-1.28
4740.0,-1.2
4741.0,-1.16
4742.0,0.4800000000000001
4743.0,-1.04
4744.0,-2.920000000000001
4745.0,-1.04
4746.0,-1.16
4747.0,-1.24
4748.0,-3.320000000000003
4749.0,-1.04
4750.0,-1.04
4751.0,-1.28
4752.0,-1.4000000000000012
4753.0,-1.6800000000000002
4754.0,-2.9200000000000026
4755.0,-0.840000000000001
4756.0,-1.2
4757.0,-1.48
4758.0,-2.880000000000001
4759.0,-1.2
4760.0,-1.44
4761.0,-1.16
4762.0,-1.6400000000000001
4763.0,-1.32
4764.0,0.07999999999999974
4765.0,-1.6
4766.0,-6.640000000000006
4767.0,-1.12
4768.0,-1.04
4769.0,-1.04
4770.0,-1.32
4771.0,0.0399999999999997
4772.0,-1.08
4773.0,0.4800000000000001
4774.0,-1.3599999999999999
4775.0,0.11999999999999977
4776.0,-1.32
4777.0,-2.04
4778.0,-0.0800000000000003
4779.0,-2.220446049250313e-16
4780.0,-1.6400000000000001
4781.0,-1.08
4782.0,-1.16
4783.0,-1.48
4784.0,-1.0
4785.0,0.1599999999999998
4786.0,-1.24
4787.0,-1.24
4788.0,-2.2
4789.0,0.0399999999999997
4790.0,-1.2
4791.0,-3.7600000000000016
4792.0,-1.04
4793.0,-1.28
4794.0,-1.24
4795.0,0.23999999999999988
4796.0,-1.0
4797.0,0.4
4798.0,-1.0
4799.0,-1.44
4800.0,-1.56
4801.0,-1.24
4802.0,-1.0
4803.0,-1.24
4804.0,-1.04
4805.0,-1.0
4806.0,-1.52
4807.0,-1.9600000000000004
4808.0,-1.04
4809.0,-1.12
4810.0,-1.12
4811.0,-2.6000000000000005
4812.0,-1.4
4813.0,-1.04
4814.0,-8.000000000000005
4815.0,-1.08
4816.0,-1.24
4817.0,0.11999999999999977
4818.0,-1.2
4819.0,-1.32
4820.0,-1.16
4821.0,-1.16
4822.0,-2.08
4823.0,-8.000000000000005
4824.0,-1.04
4825.0,-1.8000000000000003
4826.0,-1.52
4827.0,-1.04
4828.0,-1.28
4829.0,-1.08
4830.0,-1.0000000000000009
4831.0,-1.48
4832.0,-1.08
4833.0,-2.12
4834.0,-1.6
4835.0,-1.24
4836.0,-1.16
4837.0,-1.0
4838.0,-1.0
4839.0,-1.08
4840.0,-2.7200000000000006
4841.0,-1.08
4842.0,-1.08
4843.0,-1.16
4844.0,-1.12
4845.0,-1.08
4846.0,-1.2
4847.0,-1.12
4848.0,-1.24
4849.0,-1.2
4850.0,-1.4
4851.0,0.23999999999999988
4852.0,-1.2
4853.0,-1.44
4854.0,-8.200000000000006
4855.0,-1.08
4856.0,-2.960000000000001
4857.0,0.11999999999999977
4858.0,-8.520000000000007
4859.0,-1.08
4860.0,-1.08
4861.0,-1.48
4862.0,-1.4
4863.0,-4.400000000000002
4864.0,-1.08
4865.0,0.1599999999999998
4866.0,-1.04
4867.0,-1.0
4868.0,-1.2
4869.0,-1.2
4870.0,-1.0
4871.0,-1.16
4872.0,-1.7200000000000002
4873.0,-1.16
4874.0,-1.0
4875.0,0.0399999999999997
4876.0,-1.12
4877.0,-1.9200000000000004
4878.0,0.2799999999999999
4879.0,-1.2
4880.0,0.4
4881.0,-1.48
4882.0,-1.32
4883.0,-3.560000000000003
4884.0,-2.6800000000000006
4885.0,-1.2
4886.0,0.23999999999999988
4887.0,-1.04
4888.0,-1.0
4889.0,-1.12
4890.0,-1.52
4891.0,-1.3599999999999999
4892.0,-1.6400000000000001
4893.0,-1.12
4894.0,-1.3599999999999999
4895.0,-1.16
4896.0,-1.16
4897.0,-0.920000000000001
4898.0,-0.920000000000001
4899.0,-8.000000000000005
4900.0,-1.28
4901.0,0.4800000000000001
4902.0,-1.04
4903.0,-1.52
4904.0,-1.04
4905.0,-3.0800000000000027
4906.0,-1.2
4907.0,0.44000000000000006
4908.0,-1.04
4909.0,-1.0
4910.0,-1.2
4911.0,-0.04000000000000026
4912.0,-1.0
4913.0,-1.12
4914.0,-3.360000000000001
4915.0,-1.24
4916.0,-0.4400000000000006
4917.0,-1.16
4918.0,-1.0
4919.0,-3.240000000000001
4920.0,-1.04
4921.0,-3.6800000000000015
4922.0,-1.12
4923.0,-1.32
4924.0,0.1599999999999998
4925.0,-1.04
4926.0,0.31999999999999995
4927.0,-1.24
4928.0,-1.04
4929.0,-1.08
4930.0,0.19999999999999984
4931.0,-1.08
4932.0,-1.2
4933.0,-1.04
4934.0,-1.12
4935.0,-2.220446049250313e-16
4936.0,0.1599999999999998
4937.0,-1.08
4938.0,-1.0
4939.0,-1.28
4940.0,-1.2800000000000011
4941.0,-1.32
4942.0,-1.28
4943.0,-7.960000000000005
4944.0,-2.08
4945.0,-1.08
4946.0,-1.0
4947.0,-1.44
4948.0,-4.400000000000002
4949.0,-1.04
4950.0,-0.4400000000000006
4951.0,-0.2000000000000004
4952.0,-1.0
4953.0,-1.16
4954.0,-1.0
4955.0,-1.08
4956.0,-1.08
4957.0,-1.04
4958.0,0.1599999999999998
4959.0,-1.2
4960.0,-1.44
4961.0,-1.2
4962.0,-1.04
4963.0,-1.24
4964.0,-1.28
4965.0,-1.6800000000000002
4966.0,-1.24
4967.0,-1.2
4968.0,0.23999999999999988
4969.0,-1.24
4970.0,-1.3599999999999999
4971.0,0.31999999999999995
4972.0,-1.44
4973.0,-1.0
4974.0,-1.0000000000000009
4975.0,-1.04
4976.0,-1.0
4977.0,-1.04
4978.0,-1.16
4979.0,-1.32
4980.0,-2.160000000000002
4981.0,-1.04
4982.0,0.4
4983.0,-1.16
4984.0,-1.56
4985.0,-5.680000000000005
4986.0,-1.32
4987.0,-0.3200000000000005
4988.0,-5.000000000000003
4989.0,-1.04
4990.0,-1.0
4991.0,-1.04
4992.0,-1.28
4993.0,-1.0
4994.0,-1.0
4995.0,-1.0
4996.0,-0.6000000000000008
4997.0,-1.8400000000000003
4998.0,-1.16
4999.0,-1.04
5000.0,0.23999999999999988
5001.0,-1.04
5002.0,-1.04
5003.0,-2.3200000000000003
5004.0,-2.480000000000002
5005.0,-1.4
5006.0,-1.3599999999999999
5007.0,-1.28
5008.0,-1.2
5009.0,-1.12
5010.0,0.4
5011.0,-1.08
5012.0,-1.3599999999999999
5013.0,-1.4
5014.0,-1.7600000000000002
5015.0,-2.2
5016.0,0.4
5017.0,-1.12
5018.0,0.1599999999999998
5019.0,-2.220446049250313e-16
5020.0,-1.32
5021.0,-1.24
5022.0,-1.0
5023.0,-3.360000000000001
5024.0,-1.16
5025.0,-1.56
5026.0,-8.520000000000007
5027.0,-1.16
5028.0,-1.0
5029.0,-1.8000000000000003
5030.0,-0.36000000000000054
5031.0,-1.0
5032.0,-1.16
5033.0,-1.6800000000000002
5034.0,-1.28
5035.0,-1.6400000000000001
5036.0,-1.08
5037.0,0.4
5038.0,0.4
5039.0,-2.880000000000001
5040.0,-1.16
5041.0,-1.24
5042.0,-1.0
5043.0,-2.6000000000000005
5044.0,-2.4000000000000004
5045.0,-6.520000000000006
5046.0,0.2799999999999999
5047.0,-1.2
5048.0,-1.04
5049.0,-1.2
5050.0,-1.3599999999999999
5051.0,-3.160000000000001
5052.0,-1.2
5053.0,-1.52
5054.0,-2.8000000000000007
5055.0,-1.04
5056.0,-1.2
5057.0,-1.08
5058.0,-3.360000000000001
5059.0,-1.24
5060.0,-1.24
5061.0,-1.28
5062.0,-1.0
5063.0,-1.48
5064.0,-1.2
5065.0,0.4
5066.0,-1.4
5067.0,-1.8000000000000003
5068.0,-8.280000000000005
5069.0,-1.7600000000000002
5070.0,-1.52
5071.0,-1.16
5072.0,-1.12
5073.0,-2.120000000000002
5074.0,-1.08
5075.0,-0.4000000000000006
5076.0,0.31999999999999995
5077.0,-1.44
5078.0,-1.52
5079.0,-8.000000000000005
5080.0,-8.840000000000007
5081.0,-1.16
5082.0,-1.0
5083.0,-3.6800000000000033
5084.0,-1.48
5085.0,-1.12
5086.0,-1.04
5087.0,-1.52
5088.0,0.36
5089.0,0.19999999999999984
5090.0,-1.48
5091.0,-1.7200000000000002
5092.0,-1.4000000000000012
5093.0,-1.28
5094.0,-8.000000000000005
5095.0,-1.0
5096.0,-1.2
5097.0,-1.48
5098.0,-2.2800000000000002
5099.0,-1.08
5100.0,0.4800000000000001
5101.0,0.4
5102.0,-1.24
5103.0,-1.04
5104.0,-7.840000000000005
5105.0,-1.12
5106.0,-1.24
5107.0,-1.24
5108.0,-1.3600000000000012
5109.0,-1.04
5110.0,-1.24
5111.0,-1.44
5112.0,-1.04
5113.0,-1.0
5114.0,-1.04
5115.0,-2.240000000000002
5116.0,-1.0
5117.0,-1.4
5118.0,-7.400000000000005
5119.0,-1.2
5120.0,-0.48000000000000065
5121.0,-1.48
5122.0,-1.0
5123.0,-3.000000000000001
5124.0,-1.08
5125.0,-0.3200000000000005
5126.0,-1.28
5127.0,-1.48
5128.0,-1.08
5129.0,-1.7200000000000002
5130.0,-1.56
5131.0,-1.04
5132.0,-1.48
5133.0,-1.0
5134.0,-1.04
5135.0,0.1599999999999998
5136.0,0.4
5137.0,-1.08
5138.0,-1.04
5139.0,-1.04
5140.0,-5.600000000000003
5141.0,0.36
5142.0,-1.16
5143.0,-1.28
5144.0,-1.0
5145.0,-1.24
5146.0,-0.7200000000000009
5147.0,-8.000000000000005
5148.0,-1.2
5149.0,-1.2
5150.0,-1.44
5151.0,-2.2
5152.0,-8.600000000000005
5153.0,-1.52
5154.0,-1.2
5155.0,-2.2
5156.0,-1.48
5157.0,-1.8400000000000003
5158.0,-0.7200000000000009
5159.0,-1.12
5160.0,0.23999999999999988
5161.0,-1.28
5162.0,-1.2
5163.0,-1.12
5164.0,0.31999999999999995
5165.0,-1.2
5166.0,-1.0
5167.0,-0.3200000000000005
5168.0,-1.04
5169.0,-1.12
5170.0,-2.6800000000000006
5171.0,-1.2
5172.0,-1.52
5173.0,-1.08
5174.0,-1.08
5175.0,-1.6
5176.0,-4.360000000000004
5177.0,-2.24
5178.0,-1.3599999999999999
5179.0,-0.04000000000000026
5180.0,-1.04
5181.0,-0.0800000000000003
5182.0,-1.44
5183.0,-1.04
5184.0,-1.52
5185.0,-1.12
5186.0,-2.04
5187.0,-1.16
5188.0,-1.04
5189.0,-1.32
5190.0,-1.08
5191.0,-1.08
5192.0,-1.16
5193.0,-8.000000000000005
5194.0,-1.0
5195.0,-1.0
5196.0,-5.040000000000003
5197.0,-1.08
5198.0,-1.8800000000000003
5199.0,0.2799999999999999
5200.0,-2.220446049250313e-16
5201.0,-1.08
5202.0,0.4
5203.0,-1.16
5204.0,0.23999999999999988
5205.0,-1.16
5206.0,-1.04
5207.0,-8.000000000000005
5208.0,-1.52
5209.0,-1.48
5210.0,0.44000000000000006
5211.0,0.4
5212.0,-1.04
5213.0,-2.6800000000000006
5214.0,-1.28
5215.0,-1.16
5216.0,-2.920000000000001
5217.0,-0.12000000000000033
5218.0,-1.0
5219.0,-1.2
5220.0,-1.32
5221.0,-1.04
5222.0,-1.12
5223.0,-1.04
5224.0,-1.32
5225.0,-1.7200000000000015
5226.0,0.31999999999999995
5227.0,-1.0
5228.0,-1.16
5229.0,-1.16
5230.0,-1.04
5231.0,-1.2
5232.0,0.31999999999999995
5233.0,-2.6000000000000005
5234.0,-1.52
5235.0,-1.24
5236.0,0.36
5237.0,-1.3200000000000012
5238.0,-1.48
5239.0,-1.6
5240.0,-8.000000000000005
5241.0,-1.8000000000000003
5242.0,0.31999999999999995
5243.0,-1.6400000000000001
5244.0,-0.04000000000000026
5245.0,-1.16
5246.0,-1.16
5247.0,-1.28
5248.0,-1.08
5249.0,-1.12
5250.0,0.44000000000000006
5251.0,-1.0
5252.0,-1.48
5253.0,-1.24
5254.0,-0.9600000000000011
5255.0,0.07999999999999974
5256.0,-1.24
5257.0,-1.16
5258.0,-1.12
5259.0,-1.04
5260.0,-1.08
5261.0,-1.08
5262.0,-1.0
5263.0,-1.24
5264.0,-0.16000000000000036
5265.0,-1.08
5266.0,0.19999999999999984
5267.0,-4.560000000000004
5268.0,-1.12
5269.0,-5.640000000000003
5270.0,-0.24000000000000044
5271.0,-1.04
5272.0,-1.16
5273.0,-1.24
5274.0,-1.2
5275.0,-0.3200000000000005
5276.0,-1.16
5277.0,-0.2000000000000004
5278.0,-2.220446049250313e-16
5279.0,-1.6800000000000002
5280.0,-0.4000000000000006
5281.0,0.31999999999999995
5282.0,-2.6000000000000005
5283.0,-1.12
5284.0,-2.8800000000000026
5285.0,-1.28
5286.0,-1.6
5287.0,-1.28
5288.0,-1.16
5289.0,-1.12
5290.0,-1.32
5291.0,-1.04
5292.0,-1.16
5293.0,-1.16
5294.0,-1.16
5295.0,-1.24
5296.0,-1.8000000000000003
5297.0,-1.48
5298.0,-1.32
5299.0,-1.08
5300.0,-1.24
5301.0,0.4800000000000001
5302.0,0.4
5303.0,-1.0
5304.0,0.1599999999999998
5305.0,0.2799999999999999
5306.0,0.4800000000000001
5307.0,-1.04
5308.0,0.0399999999999997
5309.0,-0.28000000000000047
5310.0,-1.12
5311.0,-1.24
5312.0,-1.2
5313.0,-1.0
5314.0,-1.12
5315.0,-2.920000000000001
5316.0,0.31999999999999995
5317.0,-1.4
5318.0,-1.0
5319.0,-1.7200000000000002
5320.0,-2.4400000000000004
5321.0,-1.24
5322.0,-1.08
5323.0,-1.08
5324.0,-1.04
5325.0,-1.48
5326.0,-8.000000000000005
5327.0,-1.04
5328.0,-1.12
5329.0,-1.9200000000000004
5330.0,0.31999999999999995
5331.0,0.36
5332.0,-1.08
5333.0,-1.6
5334.0,-1.0
5335.0,-8.000000000000005
5336.0,-1.44
5337.0,-1.4
5338.0,0.31999999999999995
5339.0,-1.24
5340.0,-8.000000000000005
5341.0,-1.48
5342.0,-1.04
5343.0,-1.4
5344.0,-1.16
5345.0,-1.24
5346.0,-1.48
5347.0,-1.16
5348.0,-1.04
5349.0,0.23999999999999988
5350.0,-1.04
5351.0,0.2799999999999999
5352.0,-1.3599999999999999
5353.0,0.1599999999999998
5354.0,0.36
5355.0,-1.16
5356.0,-5.720000000000005
5357.0,-5.680000000000005
5358.0,-1.7200000000000002
5359.0,-4.8400000000000025
5360.0,-1.12
5361.0,-1.32
5362.0,-1.2
5363.0,-1.48
5364.0,-1.6
5365.0,0.31999999999999995
5366.0,-1.08
5367.0,-1.12
5368.0,-1.32
5369.0,-1.28
5370.0,-1.24
5371.0,-1.44
5372.0,-1.04
5373.0,-1.24
5374.0,-1.3599999999999999
5375.0,-1.12
5376.0,-2.6400000000000006
5377.0,-1.44
5378.0,-1.08
5379.0,-1.12
5380.0,-1.3599999999999999
5381.0,-1.44
5382.0,-0.16000000000000036
5383.0,0.31999999999999995
5384.0,-1.04
5385.0,-1.2
5386.0,-1.12
5387.0,-1.28
5388.0,-1.4
5389.0,-1.52
5390.0,-1.28
5391.0,-1.12
5392.0,-1.04
5393.0,0.1599999999999998
5394.0,-1.2
5395.0,0.2799999999999999
5396.0,-1.48
5397.0,-1.04
5398.0,-1.3599999999999999
5399.0,-1.16
5400.0,-1.24
5401.0,-1.16
5402.0,-1.0
5403.0,0.11999999999999977
5404.0,-1.24
5405.0,-1.16
5406.0,-1.2
5407.0,-1.0
5408.0,0.31999999999999995
5409.0,-1.44
5410.0,-1.3599999999999999
5411.0,-1.32
5412.0,-1.8000000000000016
5413.0,-3.6400000000000015
5414.0,0.44000000000000006
5415.0,-2.4400000000000004
5416.0,-1.7200000000000002
5417.0,-1.24
5418.0,-1.48
5419.0,-1.0
5420.0,-1.32
5421.0,-1.48
5422.0,-1.08
5423.0,-1.0
5424.0,-1.04
5425.0,-1.24
5426.0,0.4
5427.0,-1.08
5428.0,-1.04
5429.0,-1.28
5430.0,-1.2
5431.0,-1.8400000000000003
5432.0,-1.16
5433.0,-1.24
5434.0,-1.32
5435.0,-0.5200000000000007
5436.0,-1.4
5437.0,0.07999999999999974
5438.0,-1.48
5439.0,-1.4
5440.0,-1.04
5441.0,-1.3599999999999999
5442.0,-1.44
5443.0,0.1599999999999998
5444.0,-1.04
5445.0,-1.16
5446.0,-1.48
5447.0,0.36
5448.0,-1.040000000000001
5449.0,-1.24
5450.0,-1.2
5451.0,-1.28
5452.0,-1.16
5453.0,-1.04
5454.0,-4.440000000000004
5455.0,-1.9200000000000004
5456.0,-1.44
5457.0,-0.04000000000000026
5458.0,-1.12
5459.0,-1.24
5460.0,-1.52
5461.0,-2.12
5462.0,0.23999999999999988
5463.0,-1.4
5464.0,-1.08
5465.0,-1.12
5466.0,-2.12
5467.0,-1.08
5468.0,-1.04
5469.0,-2.360000000000002
5470.0,0.31999999999999995
5471.0,0.1599999999999998
5472.0,-1.12
5473.0,-1.0
5474.0,-1.04
5475.0,-1.04
5476.0,-2.0000000000000018
5477.0,-1.44
5478.0,-1.0
5479.0,0.31999999999999995
5480.0,-0.4000000000000006
5481.0,-1.04
5482.0,-1.04
5483.0,-1.6400000000000001
5484.0,-1.52
5485.0,0.1599999999999998
5486.0,-1.0
5487.0,-6.640000000000004
5488.0,-1.32
5489.0,-1.24
5490.0,-1.28
5491.0,-1.2
5492.0,-1.6
5493.0,-1.04
5494.0,-1.56
5495.0,-8.000000000000005
5496.0,-1.04
5497.0,0.4800000000000001
5498.0,-1.24
5499.0,-1.28
5500.0,0.31999999999999995
5501.0,-1.0
5502.0,0.0399999999999997
5503.0,-1.0
5504.0,0.31999999999999995
5505.0,-1.44
5506.0,-1.12
5507.0,0.4800000000000001
5508.0,-1.7600000000000002
5509.0,-1.08
5510.0,-1.6400000000000015
5511.0,-1.0000000000000009
5512.0,-1.32
5513.0,-1.32
5514.0,-1.12
5515.0,-5.360000000000003
5516.0,-2.0
5517.0,-1.28
5518.0,-1.04
5519.0,-1.2
5520.0,-1.32
5521.0,0.44000000000000006
5522.0,-1.3599999999999999
5523.0,-0.6000000000000008
5524.0,-1.16
5525.0,-0.36000000000000054
5526.0,-1.0
5527.0,-6.0000000000000036
5528.0,-1.08
5529.0,-1.04
5530.0,-1.0
5531.0,-1.32
5532.0,-1.4
5533.0,0.19999999999999984
5534.0,-1.04
5535.0,-1.0
5536.0,-1.08
5537.0,-1.8400000000000003
5538.0,-2.160000000000002
5539.0,-1.0
5540.0,-1.12
5541.0,-1.04
5542.0,-1.24
5543.0,-1.2
5544.0,-1.32
5545.0,-1.6
5546.0,-1.32
5547.0,-1.12
5548.0,-1.0
5549.0,-1.8000000000000003
5550.0,-1.16
5551.0,-1.0000000000000009
5552.0,-1.6
5553.0,-1.2
5554.0,-1.52
5555.0,-1.8800000000000017
5556.0,-1.08
5557.0,-1.12
5558.0,0.31999999999999995
5559.0,-1.7200000000000002
5560.0,-1.44
5561.0,-1.7600000000000002
5562.0,-1.08
5563.0,-1.0
5564.0,-1.4
5565.0,-1.08
5566.0,0.44000000000000006
5567.0,-1.4
5568.0,0.23999999999999988
5569.0,-1.52
5570.0,-0.7200000000000009
5571.0,0.31999999999999995
5572.0,-1.2
5573.0,-1.0
5574.0,-3.240000000000003
5575.0,-1.48
5576.0,0.11999999999999977
5577.0,-1.24
5578.0,-1.28
5579.0,-1.12
5580.0,-1.48
5581.0,-1.04
5582.0,0.4
5583.0,0.4800000000000001
5584.0,-1.32
5585.0,-1.28
5586.0,-1.12
5587.0,-1.56
5588.0,-1.04
5589.0,-1.08
5590.0,-2.7200000000000024
5591.0,-1.2
5592.0,-1.0
5593.0,-1.04
5594.0,0.23999999999999988
5595.0,0.31999999999999995
5596.0,-1.0
5597.0,-1.28
5598.0,-1.0
5599.0,-8.000000000000005
5600.0,-1.32
5601.0,-1.28
5602.0,-1.4
5603.0,-1.28
5604.0,-1.48
5605.0,-1.12
5606.0,-1.44
5607.0,-1.32
5608.0,-1.6800000000000002
5609.0,-1.4
5610.0,0.23999999999999988
5611.0,0.2799999999999999
5612.0,-0.2000000000000004
5613.0,-1.3599999999999999
5614.0,-1.52
5615.0,0.4800000000000001
5616.0,-1.56
5617.0,-3.6800000000000033
5618.0,-1.24
5619.0,-1.32
5620.0,-0.6800000000000008
5621.0,-1.0
5622.0,-1.0
5623.0,0.31999999999999995
5624.0,-1.0
5625.0,-1.24
5626.0,-1.24
5627.0,-1.44
5628.0,-0.48000000000000065
5629.0,-0.920000000000001
5630.0,-1.28
5631.0,-0.0800000000000003
5632.0,-1.2
5633.0,-1.48
5634.0,-1.04
5635.0,-1.9600000000000004
5636.0,-1.24
5637.0,-1.08
5638.0,-2.6800000000000006
5639.0,0.31999999999999995
5640.0,-1.28
5641.0,-1.44
5642.0,-1.0
5643.0,-1.12
5644.0,-4.080000000000004
5645.0,-1.52
5646.0,-1.24
5647.0,-1.08
5648.0,-1.0
5649.0,-1.12
5650.0,-1.4
5651.0,-1.08
5652.0,-1.24
5653.0,-0.3200000000000005
5654.0,-6.240000000000004
5655.0,-1.52
5656.0,-1.0
5657.0,-1.08
5658.0,-1.32
5659.0,-1.32
5660.0,-2.920000000000001
5661.0,-1.04
5662.0,-4.600000000000002
5663.0,0.11999999999999977
5664.0,-1.24
5665.0,-1.08
5666.0,-0.6000000000000008
5667.0,-1.6
5668.0,-3.4000000000000012
5669.0,-1.4
5670.0,-1.9200000000000004
5671.0,-1.16
5672.0,-1.0
5673.0,-2.3200000000000003
5674.0,-1.6
5675.0,-1.6400000000000001
5676.0,-2.6000000000000005
5677.0,-1.52
5678.0,-1.3599999999999999
5679.0,-0.8000000000000009
5680.0,-1.12
5681.0,-1.3599999999999999
5682.0,-1.16
5683.0,-1.0
5684.0,-1.2
5685.0,-2.5200000000000005
5686.0,-1.04
5687.0,-1.16
5688.0,-2.920000000000001
5689.0,-2.4800000000000004
5690.0,-1.3599999999999999
5691.0,-1.08
5692.0,-1.08
5693.0,-1.04
5694.0,-8.000000000000005
5695.0,-1.12
5696.0,-1.04
5697.0,-1.7200000000000002
5698.0,-5.240000000000003
5699.0,-1.32
5700.0,-1.44
5701.0,-1.08
5702.0,0.4800000000000001
5703.0,0.2799999999999999
5704.0,-1.6400000000000001
5705.0,-1.56
5706.0,-1.6
5707.0,-1.4
5708.0,0.2799999999999999
5709.0,-6.200000000000004
5710.0,-1.04
5711.0,-1.12
5712.0,-2.3600000000000003
5713.0,-1.12
5714.0,-1.7200000000000002
5715.0,-1.04
5716.0,-1.28
5717.0,-1.32
5718.0,-1.0
5719.0,-1.9200000000000017
5720.0,-1.12
5721.0,-1.4
5722.0,0.23999999999999988
5723.0,-8.000000000000005
5724.0,-1.12
5725.0,-1.0
5726.0,-1.04
5727.0,-2.220446049250313e-16
5728.0,-1.24
5729.0,-1.6
5730.0,-1.24
5731.0,-1.12
5732.0,-8.000000000000005
5733.0,-3.360000000000001
5734.0,-1.16
5735.0,-1.0
5736.0,-0.16000000000000036
5737.0,-1.16
5738.0,-2.040000000000002
5739.0,-0.28000000000000047
5740.0,-1.32
5741.0,-1.32
5742.0,-1.04
5743.0,-5.440000000000005
5744.0,-2.220446049250313e-16
5745.0,-1.16
5746.0,-1.08
5747.0,-1.04
5748.0,-1.12
5749.0,-1.24
5750.0,-1.08
5751.0,-1.44
5752.0,0.44000000000000006
5753.0,-1.12
5754.0,-1.4
5755.0,-0.7600000000000009
5756.0,-1.04
5757.0,-1.48
5758.0,-1.12
5759.0,-1.2
5760.0,0.31999999999999995
5761.0,-1.52
5762.0,-1.12
5763.0,-1.08
5764.0,-1.12
5765.0,-1.2
5766.0,-1.9200000000000004
5767.0,-1.24
5768.0,-1.4
5769.0,-3.8000000000000016
5770.0,-1.24
5771.0,-1.08
5772.0,0.0399999999999997
5773.0,-1.6800000000000002
5774.0,-1.3599999999999999
5775.0,-1.2
5776.0,-1.4
5777.0,-1.52
5778.0,-1.52
5779.0,-1.12
5780.0,0.23999999999999988
5781.0,-1.12
5782.0,-1.12
5783.0,-1.52
5784.0,-1.24
5785.0,-1.12
5786.0,-2.0
5787.0,-1.12
5788.0,-1.24
5789.0,-5.480000000000005
5790.0,-1.0
5791.0,-1.3599999999999999
5792.0,-1.2
5793.0,-1.44
5794.0,-3.040000000000001
5795.0,-1.5200000000000014
5796.0,-1.4
5797.0,-1.04
5798.0,-1.44
5799.0,-1.08
5800.0,-1.28
5801.0,-4.7600000000000025
5802.0,-1.28
5803.0,-0.2000000000000004
5804.0,-1.12
5805.0,-1.16
5806.0,-1.52
5807.0,-1.3599999999999999
5808.0,-0.04000000000000026
5809.0,-1.4
5810.0,-1.16
5811.0,-0.8000000000000009
5812.0,-1.5200000000000014
5813.0,-1.12
5814.0,0.4800000000000001
5815.0,-1.0
5816.0,-4.200000000000004
5817.0,-1.16
5818.0,-1.16
5819.0,-1.28
5820.0,-1.7600000000000002
5821.0,-2.0
5822.0,-1.2
5823.0,-1.6800000000000002
5824.0,-1.44
5825.0,-1.24
5826.0,-1.08
5827.0,-8.000000000000005
5828.0,-1.08
5829.0,-1.16
5830.0,-1.3599999999999999
5831.0,-1.04
5832.0,-1.32
5833.0,-2.4000000000000004
5834.0,-1.24
5835.0,-1.08
5836.0,-0.36000000000000054
5837.0,-1.0
5838.0,-1.28
5839.0,-1.3599999999999999
5840.0,-6.0000000000000036
5841.0,-1.12
5842.0,0.1599999999999998
5843.0,-8.000000000000005
5844.0,-1.52
5845.0,-1.0
5846.0,-1.3599999999999999
5847.0,-1.28
5848.0,0.2799999999999999
5849.0,-1.16
5850.0,-1.08
5851.0,-1.04
5852.0,0.19999999999999984
5853.0,-1.6400000000000001
5854.0,0.4800000000000001
5855.0,-1.12
5856.0,-1.32
5857.0,-1.16
5858.0,-1.04
5859.0,-2.3600000000000003
5860.0,0.23999999999999988
5861.0,-1.3599999999999999
5862.0,-1.04
5863.0,-2.0
5864.0,0.1599999999999998
5865.0,-1.0
5866.0,-1.16
5867.0,-1.12
5868.0,-1.3599999999999999
5869.0,-1.4
5870.0,-1.0
5871.0,-1.4
5872.0,-1.2
5873.0,-8.000000000000005
5874.0,-1.0
5875.0,-1.4
5876.0,-1.0
5877.0,-1.44
5878.0,-1.3599999999999999
5879.0,-1.12
5880.0,-2.880000000000001
5881.0,0.4800000000000001
5882.0,-1.16
5883.0,-1.0
5884.0,-1.24
5885.0,0.11999999999999977
5886.0,0.4800000000000001
5887.0,0.4800000000000001
5888.0,-1.32
5889.0,-1.08
5890.0,0.4800000000000001
5891.0,-1.04
5892.0,-1.0
5893.0,-2.12
5894.0,-1.48
5895.0,-1.6400000000000001
5896.0,0.07999999999999974
5897.0,0.31999999999999995
5898.0,-0.2000000000000004
5899.0,-1.3599999999999999
5900.0,-1.6
5901.0,0.4800000000000001
5902.0,-1.28
5903.0,-1.4
5904.0,-5.680000000000003
5905.0,-2.2800000000000002
5906.0,-1.32
5907.0,-8.000000000000005
5908.0,-1.56
5909.0,-4.440000000000004
5910.0,-2.3200000000000003
5911.0,-1.4400000000000013
5912.0,0.1599999999999998
5913.0,-1.16
5914.0,-3.160000000000001
5915.0,-1.0
5916.0,-1.32
5917.0,-1.52
5918.0,-1.16
5919.0,-1.08
5920.0,0.31999999999999995
5921.0,-0.7600000000000009
5922.0,-8.000000000000005
5923.0,-1.52
5924.0,0.4800000000000001
5925.0,-8.000000000000005
5926.0,0.2799999999999999
5927.0,-8.000000000000005
5928.0,-1.24
5929.0,-1.52
5930.0,-1.08
5931.0,0.44000000000000006
5932.0,-1.12
5933.0,0.19999999999999984
5934.0,-1.16
5935.0,-1.24
5936.0,-8.000000000000005
5937.0,-1.04
5938.0,-1.32
5939.0,-1.16
5940.0,-1.0
5941.0,-1.16
5942.0,-1.04
5943.0,-1.3599999999999999
5944.0,-1.12
5945.0,-1.0
5946.0,-1.2
5947.0,0.1599999999999998
5948.0,0.4
5949.0,-1.2
5950.0,-1.12
5951.0,0.07999999999999974
5952.0,-1.3599999999999999
5953.0,-1.0
5954.0,-1.0
5955.0,-1.04
5956.0,-1.3599999999999999
5957.0,0.4800000000000001
5958.0,-1.0
5959.0,-1.4
5960.0,-1.2
5961.0,-1.2
5962.0,-1.12
5963.0,-1.24
5964.0,-1.3599999999999999
5965.0,-1.08
5966.0,-1.12
5967.0,0.4800000000000001
5968.0,-0.9600000000000011
5969.0,-1.2
5970.0,-1.8000000000000003
5971.0,-4.120000000000004
5972.0,-1.08
5973.0,-1.9600000000000017
5974.0,-1.3599999999999999
5975.0,-1.48
5976.0,-1.56
5977.0,-1.28
5978.0,-1.32
5979.0,0.31999999999999995
5980.0,-3.280000000000001
5981.0,-8.000000000000005
5982.0,-1.16
5983.0,-1.2
5984.0,-0.36000000000000054
5985.0,-1.4
5986.0,-1.3599999999999999
5987.0,-1.08
5988.0,-1.3599999999999999
5989.0,-0.0800000000000003
5990.0,-0.6400000000000008
5991.0,-1.6400000000000001
5992.0,-1.08
5993.0,0.31999999999999995
5994.0,-2.440000000000002
5995.0,-1.7200000000000002
5996.0,-0.04000000000000026
5997.0,-1.32
5998.0,0.4800000000000001
5999.0,0.4800000000000001
6000.0,0.4800000000000001
6001.0,-1.2
6002.0,-1.48
6003.0,-1.16
6004.0,-8.000000000000005
6005.0,-1.04
6006.0,-1.12
6007.0,-1.24
6008.0,-1.04
6009.0,-1.08
6010.0,-1.3599999999999999
6011.0,-1.24
6012.0,-1.2
6013.0,-1.08
6014.0,-1.6800000000000002
6015.0,0.1599999999999998
6016.0,-2.120000000000002
6017.0,-1.16
6018.0,-1.48
6019.0,-2.8000000000000007
6020.0,-1.32
6021.0,-1.24
6022.0,0.4
6023.0,-1.0
6024.0,-1.2
6025.0,-4.160000000000002
6026.0,-1.16
6027.0,0.44000000000000006
6028.0,-1.12
6029.0,-1.16
6030.0,-1.6400000000000001
6031.0,-1.24
6032.0,-2.220446049250313e-16
6033.0,-1.2
6034.0,-1.7200000000000002
6035.0,-1.08
6036.0,-1.0
6037.0,-1.52
6038.0,-1.0
6039.0,-3.200000000000003
6040.0,-1.6400000000000001
6041.0,-8.000000000000005
6042.0,-1.0
6043.0,0.4
6044.0,0.19999999999999984
6045.0,-1.48
6046.0,-0.840000000000001
6047.0,-1.24
6048.0,0.36
6049.0,-1.08
6050.0,-1.6800000000000002
6051.0,-1.8000000000000003
6052.0,-1.16
6053.0,-1.2
6054.0,-1.2
6055.0,-1.24
6056.0,-1.4
6057.0,0.36
6058.0,-1.16
6059.0,0.4800000000000001
6060.0,-5.360000000000003
6061.0,0.19999999999999984
6062.0,-1.0
6063.0,-1.4
6064.0,-1.08
6065.0,-4.480000000000004
6066.0,-3.120000000000001
6067.0,-1.2
6068.0,0.31999999999999995
6069.0,-1.28
6070.0,-1.04
6071.0,0.4800000000000001
6072.0,-1.28
6073.0,-2.0
6074.0,-2.880000000000001
6075.0,-1.28
6076.0,-1.44
6077.0,-1.08
6078.0,0.44000000000000006
6079.0,0.4800000000000001
6080.0,-1.24
6081.0,-1.0
6082.0,-1.8800000000000003
6083.0,-1.28
6084.0,-1.32
6085.0,0.4
6086.0,-1.52
6087.0,-1.48
6088.0,-2.6000000000000005
6089.0,-1.08
6090.0,-1.24
6091.0,-1.4
6092.0,-1.08
6093.0,-1.0
6094.0,-1.28
6095.0,-1.3200000000000012
6096.0,-1.0
6097.0,-1.12
6098.0,-1.2
6099.0,-1.3599999999999999
6100.0,-1.16
6101.0,-1.04
6102.0,-1.04
6103.0,-1.2
6104.0,-1.04
6105.0,-1.7200000000000002
6106.0,-1.3599999999999999
6107.0,-1.8000000000000003
6108.0,0.4
6109.0,-1.16
6110.0,-2.3200000000000003
6111.0,-1.04
6112.0,-1.4
6113.0,-1.3599999999999999
6114.0,-2.880000000000001
6115.0,-1.08
6116.0,-1.32
6117.0,-1.0
6118.0,0.44000000000000006
6119.0,0.44000000000000006
6120.0,-1.8800000000000017
6121.0,-1.08
6122.0,-1.48
6123.0,-1.12
6124.0,-1.0
6125.0,-1.6800000000000002
6126.0,-1.2
6127.0,-1.0
6128.0,-3.040000000000001
6129.0,-1.08
6130.0,-1.08
6131.0,-1.12
6132.0,-1.0
6133.0,0.23999999999999988
6134.0,0.36
6135.0,-7.320000000000005
6136.0,-1.52
6137.0,-1.0
6138.0,-3.0400000000000027
6139.0,-1.08
6140.0,-4.160000000000002
6141.0,0.31999999999999995
6142.0,-0.16000000000000036
6143.0,-1.24
6144.0,0.44000000000000006
6145.0,-1.16
6146.0,-6.400000000000004
6147.0,-1.12
6148.0,-1.08
6149.0,-1.28
6150.0,-1.16
6151.0,-8.000000000000005
6152.0,-1.0
6153.0,-8.000000000000005
6154.0,0.2799999999999999
6155.0,-1.0
6156.0,0.31999999999999995
6157.0,-1.2
6158.0,-1.04
6159.0,-1.4
6160.0,-1.8800000000000003
6161.0,0.2799999999999999
6162.0,-1.4
6163.0,-4.280000000000004
6164.0,-1.08
6165.0,-1.0
6166.0,0.23999999999999988
6167.0,-1.56
6168.0,-1.52
6169.0,-1.12
6170.0,-1.32
6171.0,-2.12
6172.0,-8.000000000000005
6173.0,0.4
6174.0,-1.32
6175.0,-1.3599999999999999
6176.0,-1.32
6177.0,0.2799999999999999
6178.0,-1.3599999999999999
6179.0,-1.52
6180.0,-1.08
6181.0,-1.4400000000000013
6182.0,-1.44
6183.0,-1.24
6184.0,0.31999999999999995
6185.0,0.4
6186.0,-1.12
6187.0,-3.9200000000000017
6188.0,-1.0
6189.0,-1.48
6190.0,-1.6
6191.0,-1.08
6192.0,-1.04
6193.0,-1.0
6194.0,-1.04
6195.0,-2.280000000000002
6196.0,-1.12
6197.0,-1.24
6198.0,-1.24
6199.0,-0.7200000000000009
6200.0,-1.24
6201.0,-1.160000000000001
6202.0,-1.12
6203.0,0.31999999999999995
6204.0,-1.24
6205.0,-0.24000000000000044
6206.0,-1.12
6207.0,-1.2
6208.0,-1.0
6209.0,-1.2
6210.0,-1.2
6211.0,0.36
6212.0,-1.12
6213.0,-1.0
6214.0,-1.52
6215.0,0.23999999999999988
6216.0,-1.08
6217.0,-2.360000000000002
6218.0,-1.52
6219.0,-1.0
6220.0,-1.44
6221.0,-1.2
6222.0,0.31999999999999995
6223.0,-1.08
6224.0,-1.2
6225.0,-1.16
6226.0,-2.04
6227.0,0.07999999999999974
6228.0,0.19999999999999984
6229.0,-1.12
6230.0,0.0399999999999997
6231.0,-1.28
6232.0,-1.24
6233.0,-1.6400000000000001
6234.0,-0.8000000000000009
6235.0,-1.48
6236.0,-0.04000000000000026
6237.0,-1.12
6238.0,-1.04
6239.0,-1.2
6240.0,-1.52
6241.0,-1.12
6242.0,-1.04
6243.0,-1.12
6244.0,-1.56
6245.0,-3.280000000000003
6246.0,-1.24
6247.0,-1.16
6248.0,0.31999999999999995
6249.0,-1.2
6250.0,-5.200000000000005
6251.0,-1.0
6252.0,-1.0
6253.0,-1.12
6254.0,-0.8000000000000009
6255.0,-1.04
6256.0,0.36
6257.0,-1.32
6258.0,0.44000000000000006
6259.0,-1.28
6260.0,-1.3599999999999999
6261.0,-1.16
6262.0,-1.24
6263.0,0.4800000000000001
6264.0,-1.04
6265.0,-1.8400000000000003
6266.0,-1.16
6267.0,-1.12
6268.0,0.31999999999999995
6269.0,-8.360000000000007
6270.0,-1.0
6271.0,-1.5200000000000014
6272.0,-1.0
6273.0,0.23999999999999988
6274.0,-1.08
6275.0,-1.32
6276.0,-1.0
6277.0,-1.04
6278.0,-1.24
6279.0,-1.24
6280.0,-1.04
6281.0,-1.04
6282.0,0.4800000000000001
6283.0,-1.8800000000000017
6284.0,-1.28
6285.0,-1.16
6286.0,-1.0
6287.0,-1.12
6288.0,-0.3200000000000005
6289.0,-1.3599999999999999
6290.0,-1.4
6291.0,-1.0
6292.0,0.11999999999999977
6293.0,-1.44
6294.0,-1.2
6295.0,-1.4
6296.0,-1.2
6297.0,-1.24
6298.0,-1.44
6299.0,-1.04
6300.0,-1.08
6301.0,0.4
6302.0,-0.880000000000001
6303.0,-1.12
6304.0,0.2799999999999999
6305.0,0.4800000000000001
6306.0,-1.28
6307.0,-1.08
6308.0,-1.4
6309.0,-1.16
6310.0,-1.16
6311.0,-1.08
6312.0,-0.2000000000000004
6313.0,-1.0
6314.0,-1.0
6315.0,-3.240000000000001
6316.0,-1.28
6317.0,-3.240000000000003
6318.0,-1.0
6319.0,-1.32
6320.0,-1.48
6321.0,-2.6000000000000005
6322.0,-1.0
6323.0,-1.12
6324.0,-1.24
6325.0,-1.3599999999999999
6326.0,0.2799999999999999
6327.0,-1.0
6328.0,-1.16
6329.0,0.4
6330.0,0.4800000000000001
6331.0,-1.44
6332.0,-1.24
6333.0,-5.360000000000003
6334.0,-1.4000000000000012
6335.0,-1.12
6336.0,-1.04
6337.0,-1.2
6338.0,-1.44
6339.0,-1.28
6340.0,0.31999999999999995
6341.0,-1.6400000000000001
6342.0,-1.04
6343.0,-1.44
6344.0,-1.24
6345.0,-8.000000000000005
6346.0,-1.12
6347.0,-1.28
6348.0,-0.5600000000000007
6349.0,-8.000000000000005
6350.0,0.23999999999999988
6351.0,-1.08
6352.0,-1.32
6353.0,-1.56
6354.0,-1.7600000000000002
6355.0,-1.16
6356.0,-6.720000000000004
6357.0,-2.3600000000000003
6358.0,-0.36000000000000054
6359.0,0.4800000000000001
6360.0,0.1599999999999998
6361.0,-1.04
6362.0,-1.6
6363.0,-1.44
6364.0,-2.360000000000002
6365.0,-1.04
6366.0,-1.16
6367.0,-1.08
6368.0,-1.2
6369.0,-1.48
6370.0,-1.2
6371.0,-1.28
6372.0,-1.0
6373.0,-1.04
6374.0,-1.2
6375.0,-1.24
6376.0,-1.16
6377.0,-1.24
6378.0,-1.04
6379.0,0.4
6380.0,-1.28
6381.0,0.1599999999999998
6382.0,-1.28
6383.0,-1.16
6384.0,-1.2
6385.0,-1.0
6386.0,-1.4
6387.0,-1.6
6388.0,0.19999999999999984
6389.0,-1.0
6390.0,-1.04
6391.0,-1.32
6392.0,-1.0
6393.0,0.2799999999999999
6394.0,-1.08
6395.0,-7.560000000000005
6396.0,-1.32
6397.0,-1.44
6398.0,-1.12
6399.0,-1.16
6400.0,-1.0
6401.0,-1.28
6402.0,-1.24
6403.0,0.31999999999999995
6404.0,-1.3599999999999999
6405.0,-1.16
6406.0,-1.32
6407.0,-1.56
6408.0,-1.6
6409.0,-1.56
6410.0,-1.24
6411.0,0.44000000000000006
6412.0,-1.12
6413.0,-1.44
6414.0,-1.16
6415.0,-1.0
6416.0,-2.4800000000000004
6417.0,0.2799999999999999
6418.0,-3.040000000000001
6419.0,-1.28
6420.0,-1.2
6421.0,-1.3599999999999999
6422.0,-1.24
6423.0,0.36
6424.0,-1.44
6425.0,-1.44
6426.0,-1.0
6427.0,-1.8000000000000003
6428.0,-1.56
6429.0,-1.0
6430.0,-1.6800000000000002
6431.0,-1.32
6432.0,0.31999999999999995
6433.0,0.36
6434.0,-1.28
6435.0,-1.08
6436.0,-2.4800000000000004
6437.0,-1.16
6438.0,-1.04
6439.0,-1.32
6440.0,-1.12
6441.0,0.31999999999999995
6442.0,-1.16
6443.0,-1.52
6444.0,-1.16
6445.0,-1.52
6446.0,-1.52
6447.0,-1.8400000000000016
6448.0,0.4800000000000001
6449.0,-1.04
6450.0,-1.6
6451.0,-1.04
6452.0,-1.0
6453.0,-1.04
6454.0,-1.32
6455.0,0.31999999999999995
6456.0,-1.3599999999999999
6457.0,-1.04
6458.0,-1.48
6459.0,-1.4
6460.0,-1.5200000000000014
6461.0,-1.0
6462.0,-3.200000000000003
6463.0,-1.0
6464.0,-1.08
6465.0,-1.0
6466.0,-1.4
6467.0,-1.12
6468.0,-1.0
6469.0,-1.0
6470.0,0.4
6471.0,-1.0
6472.0,-1.0
6473.0,-1.08
6474.0,-1.12
6475.0,-1.04
6476.0,-2.7600000000000007
6477.0,-1.24
6478.0,-1.04
6479.0,-1.4800000000000013
6480.0,-1.56
6481.0,-1.2
6482.0,-1.24
6483.0,-1.24
6484.0,-1.28
6485.0,-1.4
6486.0,-2.0
6487.0,-1.7600000000000002
6488.0,-1.0
6489.0,-1.24
6490.0,-1.12
6491.0,-8.000000000000005
6492.0,-1.44
6493.0,-1.16
6494.0,-1.48
6495.0,-1.24
6496.0,-1.16
6497.0,-1.3599999999999999
6498.0,0.07999999999999974
6499.0,-1.24
6500.0,-1.16
6501.0,-2.2
6502.0,-0.16000000000000036
6503.0,-0.16000000000000036
6504.0,-1.12
6505.0,-1.04
6506.0,-1.2
6507.0,-1.08
6508.0,-1.3599999999999999
6509.0,-1.32
6510.0,-1.08
6511.0,-2.08
6512.0,-1.24
6513.0,-1.44
6514.0,-1.4
6515.0,-1.56
6516.0,-1.3599999999999999
6517.0,-1.16
6518.0,-1.16
6519.0,0.4800000000000001
6520.0,-1.08
6521.0,-0.36000000000000054
6522.0,-1.04
6523.0,0.1599999999999998
6524.0,0.1599999999999998
6525.0,-1.44
6526.0,-1.2
6527.0,-1.0
6528.0,-1.12
6529.0,-5.480000000000003
6530.0,-1.4
6531.0,-1.16
6532.0,-8.160000000000005
6533.0,-4.880000000000003
6534.0,-1.24
6535.0,-1.04
6536.0,-1.44
6537.0,-2.8400000000000025
6538.0,-0.3200000000000005
6539.0,-1.08
6540.0,-1.28
6541.0,-3.9200000000000035
6542.0,-1.4
6543.0,-1.08
6544.0,-1.0
6545.0,-1.0000000000000009
6546.0,-1.3599999999999999
6547.0,-1.24
6548.0,-1.08
6549.0,-1.0
6550.0,-1.4
6551.0,0.23999999999999988
6552.0,-1.8000000000000003
6553.0,0.4
6554.0,-1.04
6555.0,-1.0
6556.0,-1.2
6557.0,-1.28
6558.0,-1.28
6559.0,-1.0
6560.0,-1.04
6561.0,0.4800000000000001
6562.0,-4.600000000000002
6563.0,-1.0
6564.0,-0.3200000000000005
6565.0,-1.52
6566.0,-3.120000000000001
6567.0,-1.32
6568.0,0.23999999999999988
6569.0,-1.2
6570.0,-1.24
6571.0,-1.28
6572.0,-1.52
6573.0,-1.12
6574.0,-1.0
6575.0,-1.0
6576.0,-1.12
6577.0,-1.3599999999999999
6578.0,-1.7600000000000002
6579.0,0.31999999999999995
6580.0,-1.44
6581.0,-1.0
6582.0,-1.0
6583.0,-1.16
6584.0,-1.12
6585.0,-1.16
6586.0,-3.000000000000001
6587.0,0.31999999999999995
6588.0,0.36
6589.0,-1.24
6590.0,-3.8800000000000017
6591.0,-1.08
6592.0,-1.9200000000000004
6593.0,-1.04
6594.0,-2.240000000000002
6595.0,-1.3599999999999999
6596.0,0.4800000000000001
6597.0,-1.08
6598.0,-1.16
6599.0,-2.8400000000000025
6600.0,-1.28
6601.0,0.23999999999999988
6602.0,-1.2
6603.0,-1.2
6604.0,-1.3599999999999999
6605.0,-2.12
6606.0,0.2799999999999999
6607.0,-1.48
6608.0,-1.16
6609.0,-8.000000000000005
6610.0,-1.44
6611.0,-1.04
6612.0,-2.3600000000000003
6613.0,-1.3599999999999999
6614.0,0.44000000000000006
6615.0,-1.6800000000000002
6616.0,-1.08
6617.0,-1.2
6618.0,-1.48
6619.0,0.1599999999999998
6620.0,-1.2
6621.0,-0.48000000000000065
6622.0,-1.4
6623.0,-1.04
6624.0,-1.7600000000000002
6625.0,-1.2
6626.0,-1.0
6627.0,-1.56
6628.0,-2.200000000000002
6629.0,-1.28
6630.0,-1.6400000000000001
6631.0,-1.4
6632.0,-0.5200000000000007
6633.0,-1.0
6634.0,-1.24
6635.0,-1.12
6636.0,-1.2
6637.0,-1.44
6638.0,-3.320000000000001
6639.0,-1.8400000000000003
6640.0,-1.6
6641.0,-1.44
6642.0,-1.08
6643.0,-8.000000000000005
6644.0,-1.04
6645.0,-4.960000000000004
6646.0,-1.44
6647.0,-1.04
6648.0,-1.24
6649.0,-1.08
6650.0,0.4
6651.0,-1.04
6652.0,-1.32
6653.0,0.36
6654.0,-4.160000000000004
6655.0,-1.04
6656.0,-1.44
6657.0,0.4
6658.0,-1.24
6659.0,-1.16
6660.0,-4.360000000000002
6661.0,-1.52
6662.0,-1.6
6663.0,-3.040000000000001
6664.0,-1.0
6665.0,-1.44
6666.0,-1.2
6667.0,-8.000000000000005
6668.0,-1.16
6669.0,-1.0
6670.0,-1.12
6671.0,-0.12000000000000033
6672.0,-1.16
6673.0,-1.6
6674.0,-3.040000000000001
6675.0,0.31999999999999995
6676.0,-1.4
6677.0,-1.32
6678.0,-1.3600000000000012
6679.0,-2.6000000000000023
6680.0,-1.24
6681.0,-1.04
6682.0,0.44000000000000006
6683.0,-1.2
6684.0,-2.220446049250313e-16
6685.0,-1.48
6686.0,-1.04
6687.0,-1.04
6688.0,-1.44
6689.0,0.4800000000000001
6690.0,0.19999999999999984
6691.0,-1.12
6692.0,-7.760000000000005
6693.0,0.23999999999999988
6694.0,-1.08
6695.0,-1.12
6696.0,-2.160000000000002
6697.0,-1.6
6698.0,-1.24
6699.0,-1.0
6700.0,-1.2
6701.0,-1.4
6702.0,-3.200000000000001
6703.0,0.31999999999999995
6704.0,-1.04
6705.0,-1.16
6706.0,-1.44
6707.0,-1.0
6708.0,-1.12
6709.0,-1.56
6710.0,0.4
6711.0,-1.6800000000000002
6712.0,-1.32
6713.0,-1.9200000000000004
6714.0,-1.16
6715.0,-2.920000000000001
6716.0,0.44000000000000006
6717.0,0.4
6718.0,-1.4000000000000012
6719.0,-0.3200000000000005
6720.0,-1.04
6721.0,-1.12
6722.0,-1.32
6723.0,-1.16
6724.0,-0.840000000000001
6725.0,-2.5600000000000005
6726.0,0.4800000000000001
6727.0,-8.000000000000005
6728.0,-1.32
6729.0,-1.08
6730.0,-2.880000000000001
6731.0,-1.28
6732.0,0.0399999999999997
6733.0,-1.08
6734.0,-1.0
6735.0,-1.44
6736.0,0.11999999999999977
6737.0,-0.6000000000000008
6738.0,-6.280000000000004
6739.0,-1.16
6740.0,-2.3200000000000003
6741.0,-0.8000000000000009
6742.0,-6.840000000000006
6743.0,-1.0
6744.0,0.4800000000000001
6745.0,-2.08
6746.0,-1.08
6747.0,-1.4
6748.0,-1.56
6749.0,-5.400000000000003
6750.0,0.44000000000000006
6751.0,-1.04
6752.0,-4.080000000000002
6753.0,0.11999999999999977
6754.0,0.4800000000000001
6755.0,-1.9200000000000004
6756.0,-1.2
6757.0,-1.2
6758.0,-1.12
6759.0,-1.2
6760.0,-1.08
6761.0,-1.0
6762.0,-1.48
6763.0,-0.6800000000000008
6764.0,-1.4
6765.0,0.4
6766.0,-1.8000000000000003
6767.0,-8.000000000000005
6768.0,-1.4
6769.0,-1.52
6770.0,-1.24
6771.0,-1.0
6772.0,-1.3599999999999999
6773.0,-1.12
6774.0,-1.5200000000000014
6775.0,-1.24
6776.0,-1.44
6777.0,-1.08
6778.0,-3.160000000000001
6779.0,0.4800000000000001
6780.0,-1.4
6781.0,0.36
6782.0,-1.2
6783.0,-1.04
6784.0,-1.28
6785.0,0.44000000000000006
6786.0,-1.4
6787.0,-0.0800000000000003
6788.0,-1.12
6789.0,-2.0
6790.0,0.44000000000000006
6791.0,-1.44
6792.0,-4.200000000000004
6793.0,-1.08
6794.0,-1.08
6795.0,0.31999999999999995
6796.0,-1.48
6797.0,-1.32
6798.0,0.44000000000000006
6799.0,-1.16
6800.0,-5.280000000000005
6801.0,-1.24
6802.0,-1.3599999999999999
6803.0,-1.08
6804.0,-1.8800000000000003
6805.0,-1.3600000000000012
6806.0,-1.0
6807.0,-1.6800000000000002
6808.0,-1.04
6809.0,-1.04
6810.0,-1.44
6811.0,-1.4
6812.0,0.23999999999999988
6813.0,-1.24
6814.0,-1.32
6815.0,-2.0
6816.0,0.4800000000000001
6817.0,-1.2
6818.0,-0.48000000000000065
6819.0,0.11999999999999977
6820.0,-6.480000000000006
6821.0,-1.04
6822.0,-1.4
6823.0,-1.4800000000000013
6824.0,-1.2800000000000011
6825.0,-1.28
6826.0,-0.2000000000000004
6827.0,-1.2
6828.0,-0.7200000000000009
6829.0,0.4
6830.0,-6.2000000000000055
6831.0,-1.48
6832.0,-1.12
6833.0,-1.28
6834.0,-3.360000000000001
6835.0,-2.4800000000000004
6836.0,-1.3599999999999999
6837.0,-8.000000000000005
6838.0,-1.0
6839.0,-1.24
6840.0,-1.12
6841.0,-1.16
6842.0,-1.28
6843.0,-1.32
6844.0,-0.16000000000000036
6845.0,-2.16
6846.0,-1.08
6847.0,-1.52
6848.0,-1.32
6849.0,-1.4
6850.0,-1.08
6851.0,-1.04
6852.0,-1.3599999999999999
6853.0,0.4800000000000001
6854.0,-1.12
6855.0,-1.52
6856.0,-1.0
6857.0,-1.08
6858.0,-1.16
6859.0,-1.04
6860.0,-8.000000000000005
6861.0,-2.6800000000000006
6862.0,-1.4
6863.0,0.44000000000000006
6864.0,-2.04
6865.0,-1.0
6866.0,0.4800000000000001
6867.0,-1.2
6868.0,-1.12
6869.0,-4.720000000000002
6870.0,-1.4
6871.0,-1.2
6872.0,-1.56
6873.0,-1.04
6874.0,-1.32
6875.0,0.1599999999999998
6876.0,-1.24
6877.0,-1.2
6878.0,-1.16
6879.0,-1.04
6880.0,-2.2
6881.0,0.07999999999999974
6882.0,-1.4
6883.0,0.07999999999999974
6884.0,-1.28
6885.0,0.36
6886.0,-1.48
6887.0,-1.2
6888.0,-1.12
6889.0,-1.04
6890.0,-1.0
6891.0,-2.0
6892.0,-1.24
6893.0,0.4800000000000001
6894.0,-1.04
6895.0,-1.2
6896.0,-1.0
6897.0,-1.16
6898.0,0.4
6899.0,-1.04
6900.0,-1.3599999999999999
6901.0,0.4800000000000001
6902.0,-1.56
6903.0,-1.12
6904.0,-1.04
6905.0,-1.04
6906.0,0.23999999999999988
6907.0,-1.16
6908.0,0.07999999999999974
6909.0,-1.04
6910.0,-0.5600000000000007
6911.0,-1.2
6912.0,-1.0
6913.0,0.4
6914.0,-1.4
6915.0,-8.000000000000005
6916.0,-1.4
6917.0,-1.16
6918.0,-2.960000000000001
6919.0,-1.24
6920.0,-1.44
6921.0,0.36
6922.0,-1.0
6923.0,-1.44
6924.0,-2.920000000000001
6925.0,0.44000000000000006
6926.0,-1.52
6927.0,-1.52
6928.0,-1.32
6929.0,-8.000000000000005
6930.0,-3.120000000000001
6931.0,0.31999999999999995
6932.0,-1.12
6933.0,-4.320000000000004
6934.0,-1.04
6935.0,0.4800000000000001
6936.0,-1.3599999999999999
6937.0,-1.48
6938.0,-1.16
6939.0,-1.24
6940.0,-1.12
6941.0,-0.16000000000000036
6942.0,-1.04
6943.0,-0.4400000000000006
6944.0,-1.04
6945.0,0.4800000000000001
6946.0,-1.8000000000000003
6947.0,-1.32
6948.0,-1.08
6949.0,-1.04
6950.0,0.4800000000000001
6951.0,-1.32
6952.0,-6.400000000000004
6953.0,-1.48
6954.0,-3.9200000000000035
6955.0,-4.240000000000002
6956.0,-6.920000000000006
6957.0,0.4
6958.0,-1.16
6959.0,-1.8400000000000003
6960.0,-1.0
6961.0,0.23999999999999988
6962.0,-1.08
6963.0,-1.04
6964.0,-1.12
6965.0,-1.2
6966.0,0.4
6967.0,-2.220446049250313e-16
6968.0,-1.56
6969.0,-1.04
6970.0,-1.240000000000001
6971.0,-2.4400000000000004
6972.0,-1.6
6973.0,-0.4000000000000006
6974.0,-2.4000000000000004
6975.0,-1.0
6976.0,-3.280000000000003
6977.0,0.31999999999999995
6978.0,0.23999999999999988
6979.0,-1.04
6980.0,-1.0
6981.0,-1.24
6982.0,-1.6
6983.0,-1.3599999999999999
6984.0,-1.08
6985.0,-1.04
6986.0,-1.52
6987.0,-1.6
6988.0,-0.6800000000000008
6989.0,-2.920000000000001
6990.0,-1.32
6991.0,-1.2
6992.0,-1.04
6993.0,-1.08
6994.0,-1.0
6995.0,-1.6800000000000002
6996.0,0.36
6997.0,-6.080000000000004
6998.0,-1.16
6999.0,-1.16
7000.0,-1.16
7001.0,-7.640000000000005
7002.0,-1.16
7003.0,-1.04
7004.0,-1.08
7005.0,-1.4
7006.0,-1.2
7007.0,-4.480000000000004
7008.0,-1.04
7009.0,-1.12
7010.0,-1.48
7011.0,-1.48
7012.0,0.36
7013.0,-1.44
7014.0,-1.16
7015.0,0.19999999999999984
7016.0,-5.520000000000003
7017.0,-1.24
7018.0,-1.28
7019.0,-1.08
7020.0,-1.48
7021.0,-1.4800000000000013
7022.0,-1.24
7023.0,-1.56
7024.0,-1.2
7025.0,-1.56
7026.0,-1.24
7027.0,-1.44
7028.0,-1.48
7029.0,-1.16
7030.0,-1.56
7031.0,-8.000000000000005
7032.0,-1.32
7033.0,-1.2
7034.0,0.4
7035.0,0.2799999999999999
7036.0,-2.5600000000000005
7037.0,-2.3600000000000003
7038.0,-1.16
7039.0,-1.16
7040.0,-1.16
7041.0,-1.6800000000000002
7042.0,-1.3599999999999999
7043.0,-1.04
7044.0,-1.16
7045.0,0.1599999999999998
7046.0,-1.52
7047.0,-8.000000000000005
7048.0,-1.48
7049.0,-1.44
7050.0,-1.0
7051.0,0.4
7052.0,-1.0
7053.0,-0.12000000000000033
7054.0,-1.0
7055.0,-1.0
7056.0,-3.200000000000003
7057.0,0.4800000000000001
7058.0,-1.6400000000000001
7059.0,0.4
7060.0,-1.24
7061.0,-1.16
7062.0,-1.16
7063.0,-1.12
7064.0,-5.280000000000005
7065.0,-1.48
7066.0,-1.12
7067.0,-1.08
7068.0,-1.0
7069.0,-1.28
7070.0,-1.24
7071.0,-1.2
7072.0,-8.000000000000005
7073.0,-1.32
7074.0,-1.0
7075.0,-3.6800000000000033
7076.0,-1.4
7077.0,-1.04
7078.0,-1.2
7079.0,-1.04
7080.0,-1.3599999999999999
7081.0,-1.16
7082.0,-1.0
7083.0,-3.4000000000000012
7084.0,0.4
7085.0,-1.04
7086.0,-1.32
7087.0,-1.16
7088.0,0.44000000000000006
7089.0,0.4
7090.0,0.4800000000000001
7091.0,0.4
7092.0,0.31999999999999995
7093.0,-1.04
7094.0,-1.44
7095.0,-0.4400000000000006
7096.0,0.2799999999999999
7097.0,-1.44
7098.0,-1.28
7099.0,-3.6400000000000032
7100.0,-1.8800000000000017
7101.0,-0.36000000000000054
7102.0,-1.4000000000000012
7103.0,-1.0
7104.0,-1.08
7105.0,-1.44
7106.0,-1.08
7107.0,-1.16
7108.0,-1.0
7109.0,-1.28
7110.0,-1.04
7111.0,-0.28000000000000047
7112.0,0.4800000000000001
7113.0,-1.0
7114.0,-1.08
7115.0,-1.44
7116.0,-1.4000000000000012
7117.0,-1.08
7118.0,-1.04
7119.0,-1.08
7120.0,-1.04
7121.0,-1.16
7122.0,-1.08
7123.0,-1.04
7124.0,-1.04
7125.0,0.07999999999999974
7126.0,-2.6400000000000023
7127.0,-3.080000000000001
7128.0,-2.6000000000000005
7129.0,-1.16
7130.0,-1.04
7131.0,-1.08
7132.0,0.4800000000000001
7133.0,-1.0
7134.0,-1.32
7135.0,-1.28
7136.0,-1.2
7137.0,-1.48
7138.0,-1.0
7139.0,-1.08
7140.0,-1.44
7141.0,0.4800000000000001
7142.0,-1.24
7143.0,-1.04
7144.0,0.4800000000000001
7145.0,-1.3599999999999999
7146.0,-1.32
7147.0,-2.16
7148.0,0.4800000000000001
7149.0,-1.0
7150.0,0.4800000000000001
7151.0,-1.04
7152.0,-1.04
7153.0,-1.52
7154.0,0.44000000000000006
7155.0,-1.0
7156.0,-1.04
7157.0,-1.2
7158.0,-1.0
7159.0,-1.56
7160.0,-1.0
7161.0,-1.04
7162.0,-1.0
7163.0,-0.24000000000000044
7164.0,-1.2
7165.0,0.4800000000000001
7166.0,0.07999999999999974
7167.0,-1.0
7168.0,-1.08
7169.0,-1.04
7170.0,-1.44
7171.0,-1.120000000000001
7172.0,-1.0
7173.0,-1.08
7174.0,-1.08
7175.0,-1.0
7176.0,-1.8000000000000003
7177.0,-1.04
7178.0,-3.480000000000003
7179.0,-1.3599999999999999
7180.0,-0.6800000000000008
7181.0,-1.24
7182.0,-1.12
7183.0,-1.32
7184.0,-1.6
7185.0,-1.3599999999999999
7186.0,-1.32
7187.0,0.44000000000000006
7188.0,0.4
7189.0,-1.4
7190.0,-1.12
7191.0,-1.4
7192.0,-2.24
7193.0,-1.16
7194.0,-1.24
7195.0,-1.16
7196.0,-1.12
7197.0,-1.6
7198.0,-8.000000000000005
7199.0,-2.16
7200.0,0.23999999999999988
7201.0,-1.4000000000000012
7202.0,-2.2800000000000002
7203.0,-3.5200000000000014
7204.0,-1.04
7205.0,-1.04
7206.0,-1.0
7207.0,-1.28
7208.0,-1.04
7209.0,-1.0
7210.0,-2.220446049250313e-16
7211.0,-1.12
7212.0,0.44000000000000006
7213.0,-1.48
7214.0,-4.200000000000002
7215.0,-1.7600000000000002
7216.0,0.31999999999999995
7217.0,-1.24
7218.0,-1.08
7219.0,-1.28
7220.0,-3.7200000000000015
7221.0,-1.16
7222.0,0.4
7223.0,-1.16
7224.0,-8.000000000000005
7225.0,-1.24
7226.0,-1.0
7227.0,-1.16
7228.0,-1.16
7229.0,-1.04
7230.0,-1.12
7231.0,-1.2
7232.0,0.4
7233.0,-1.7600000000000002
7234.0,-1.56
7235.0,0.4800000000000001
7236.0,-1.44
7237.0,0.4800000000000001
7238.0,0.4800000000000001
7239.0,-1.0
7240.0,-1.04
7241.0,-1.12
7242.0,-1.16
7243.0,-1.2
7244.0,-1.0
7245.0,-1.4
7246.0,-1.08
7247.0,-1.04
7248.0,-0.8000000000000009
7249.0,-1.44
7250.0,0.2799999999999999
7251.0,-1.12
7252.0,0.4800000000000001
7253.0,-8.000000000000005
7254.0,-1.08
7255.0,-2.440000000000002
7256.0,-2.5200000000000005
7257.0,-1.3599999999999999
7258.0,-1.12
7259.0,0.4
7260.0,-2.880000000000001
7261.0,-1.56
7262.0,-8.000000000000005
7263.0,-1.04
7264.0,-1.6400000000000001
7265.0,-1.24
7266.0,-0.2000000000000004
7267.0,-1.0
7268.0,-1.0
7269.0,-1.12
7270.0,-1.0
7271.0,-2.320000000000002
7272.0,-1.56
7273.0,-1.0
7274.0,-1.12
7275.0,-1.24
7276.0,0.4
7277.0,-1.24
7278.0,-8.000000000000005
7279.0,-1.16
7280.0,-5.440000000000003
7281.0,-1.04
7282.0,-1.04
7283.0,-1.12
7284.0,-4.320000000000004
7285.0,-3.080000000000001
7286.0,-1.8000000000000016
7287.0,-1.0
7288.0,-1.12
7289.0,-1.3599999999999999
7290.0,0.4
7291.0,0.4
7292.0,-1.2
7293.0,-1.24
7294.0,-1.04
7295.0,-1.28
7296.0,-1.2
7297.0,-1.12
7298.0,-1.0
7299.0,-1.48
7300.0,-1.08
7301.0,-5.520000000000005
7302.0,-1.32
7303.0,-1.0
7304.0,-3.6400000000000015
7305.0,-1.9600000000000004
7306.0,-1.08
7307.0,-1.24
7308.0,0.36
7309.0,-1.24
7310.0,-4.680000000000002
7311.0,-1.3599999999999999
7312.0,-1.4
7313.0,-1.0
7314.0,-1.6400000000000001
7315.0,-1.0
7316.0,-1.0000000000000009
7317.0,-1.32
7318.0,-1.16
7319.0,-1.2
7320.0,-1.4
7321.0,-1.52
7322.0,-1.6
7323.0,-1.28
7324.0,-1.48
7325.0,-1.6400000000000001
7326.0,-1.04
7327.0,0.4800000000000001
7328.0,-1.12
7329.0,0.4800000000000001
7330.0,-1.52
7331.0,-2.7600000000000007
7332.0,0.23999999999999988
7333.0,0.4
7334.0,-1.08
7335.0,-1.2
7336.0,0.36
7337.0,-2.320000000000002
7338.0,-1.08
7339.0,-1.0
7340.0,-1.0
7341.0,-2.5200000000000022
7342.0,-1.28
7343.0,-1.16
7344.0,0.4800000000000001
7345.0,-1.0
7346.0,-1.0
7347.0,-1.0
7348.0,-1.16
7349.0,0.4800000000000001
7350.0,-2.5600000000000023
7351.0,0.23999999999999988
7352.0,-1.0
7353.0,-1.0
7354.0,-1.28
7355.0,0.36
7356.0,-8.000000000000005
7357.0,-1.0
7358.0,0.4
7359.0,-1.28
7360.0,-3.8400000000000016
7361.0,-1.3599999999999999
7362.0,0.0399999999999997
7363.0,-1.04
7364.0,-1.0
7365.0,-2.3600000000000003
7366.0,-1.2
7367.0,-1.4
7368.0,-1.48
7369.0,-0.48000000000000065
7370.0,-1.08
7371.0,-1.4
7372.0,-2.960000000000001
7373.0,0.31999999999999995
7374.0,-1.2
7375.0,-1.44
7376.0,0.4
7377.0,-1.2
7378.0,-1.04
7379.0,-1.28
7380.0,-1.08
7381.0,-1.0
7382.0,-1.0
7383.0,-1.32
7384.0,-2.6400000000000023
7385.0,-4.040000000000004
7386.0,0.19999999999999984
7387.0,0.4
7388.0,-0.0800000000000003
7389.0,-1.48
7390.0,-1.4
7391.0,-4.160000000000002
7392.0,-1.04
7393.0,-1.04
7394.0,-1.04
7395.0,-1.4
7396.0,-1.12
7397.0,-1.44
7398.0,-2.2
7399.0,-1.32
7400.0,0.4
7401.0,-1.24
7402.0,-1.2
7403.0,-1.12
7404.0,-1.3599999999999999
7405.0,-8.360000000000007
7406.0,-1.32
7407.0,-1.32
7408.0,-1.32
7409.0,-1.0
7410.0,-8.000000000000005
7411.0,-1.0
7412.0,-0.840000000000001
7413.0,0.07999999999999974
7414.0,-4.7600000000000025
7415.0,-1.04
7416.0,-1.4
7417.0,-1.12
7418.0,-1.04
7419.0,0.0399999999999997
7420.0,0.23999999999999988
7421.0,-1.0
7422.0,-1.48
7423.0,-1.04
7424.0,-1.12
7425.0,-1.0
7426.0,0.4
7427.0,0.36
7428.0,-1.0
7429.0,-1.08
7430.0,-1.32
7431.0,0.23999999999999988
7432.0,-1.44
7433.0,-1.0
7434.0,-1.08
7435.0,0.2799999999999999
7436.0,-1.16
7437.0,-1.0
7438.0,-2.220446049250313e-16
7439.0,-1.32
7440.0,-1.7200000000000002
7441.0,-1.12
7442.0,-1.16
7443.0,0.31999999999999995
7444.0,-1.44
7445.0,-1.16
7446.0,-1.6000000000000014
7447.0,-0.48000000000000065
7448.0,0.4800000000000001
7449.0,-0.16000000000000036
7450.0,-1.0
7451.0,-1.4
7452.0,-1.16
7453.0,-1.3599999999999999
7454.0,-1.12
7455.0,-1.24
7456.0,-1.16
7457.0,-1.6
7458.0,-1.7600000000000002
7459.0,0.4800000000000001
7460.0,-1.2
7461.0,-1.6400000000000001
7462.0,0.4800000000000001
7463.0,0.0399999999999997
7464.0,-1.12
7465.0,-2.220446049250313e-16
7466.0,0.4800000000000001
7467.0,-1.4
7468.0,-1.08
7469.0,-1.28
7470.0,0.4800000000000001
7471.0,-1.12
7472.0,-3.320000000000003
7473.0,-2.960000000000001
7474.0,-1.3599999999999999
7475.0,-8.000000000000005
7476.0,-1.16
7477.0,-1.08
7478.0,-1.12
7479.0,-1.16
7480.0,-5.320000000000003
7481.0,-1.28
7482.0,-1.0
7483.0,-1.08
7484.0,0.4800000000000001
7485.0,0.31999999999999995
7486.0,0.4
7487.0,-1.52
7488.0,-1.08
7489.0,-1.08
7490.0,-1.2
7491.0,-8.000000000000005
7492.0,0.07999999999999974
7493.0,-1.12
7494.0,-1.08
7495.0,-1.16
7496.0,-1.0
7497.0,-1.16
7498.0,-1.8800000000000003
7499.0,-3.000000000000001
7500.0,-1.32
7501.0,-1.28
7502.0,-1.6800000000000002
7503.0,-0.12000000000000033
7504.0,-1.6400000000000001
7505.0,-1.16
7506.0,-8.000000000000005
7507.0,-1.0
7508.0,-1.56
7509.0,0.4800000000000001
7510.0,-0.6400000000000008
7511.0,-1.08
7512.0,-1.2800000000000011
7513.0,-2.2
7514.0,-1.2
7515.0,-1.04
7516.0,-0.3200000000000005
7517.0,-1.28
7518.0,-1.08
7519.0,0.4800000000000001
7520.0,-1.04
7521.0,-3.440000000000003
7522.0,-1.08
7523.0,-1.0
7524.0,-3.6000000000000014
7525.0,-1.32
7526.0,0.4800000000000001
7527.0,-1.56
7528.0,-1.0
7529.0,0.4800000000000001
7530.0,-0.9600000000000011
7531.0,-1.0
7532.0,-1.0
7533.0,-1.16
7534.0,-6.480000000000004
7535.0,-1.12
7536.0,-1.44
7537.0,-1.2
7538.0,-4.360000000000002
7539.0,-1.0
7540.0,-1.24
7541.0,-0.9600000000000011
7542.0,-1.12
7543.0,-1.44
7544.0,-1.6400000000000001
7545.0,-1.6800000000000002
7546.0,-1.0
7547.0,-1.2
7548.0,-1.3599999999999999
7549.0,-1.2
7550.0,-1.08
7551.0,-1.7200000000000002
7552.0,-1.0
7553.0,-1.32
7554.0,-1.48
7555.0,-1.48
7556.0,-1.32
7557.0,-8.120000000000005
7558.0,-1.2
7559.0,-1.08
7560.0,-3.040000000000001
7561.0,0.31999999999999995
7562.0,-1.32
7563.0,0.4800000000000001
7564.0,0.4800000000000001
7565.0,-0.16000000000000036
7566.0,-1.12
7567.0,-1.4
7568.0,-2.6000000000000023
7569.0,0.19999999999999984
7570.0,-1.04
7571.0,-1.0
7572.0,-1.0
7573.0,-8.000000000000005
7574.0,0.36
7575.0,-8.000000000000005
7576.0,0.2799999999999999
7577.0,-1.04
7578.0,-1.16
7579.0,0.36
7580.0,-1.2
7581.0,0.4800000000000001
7582.0,-1.24
7583.0,-1.44
7584.0,-1.44
7585.0,0.36
7586.0,-1.08
7587.0,0.4800000000000001
7588.0,-1.44
7589.0,0.4
7590.0,-1.6400000000000001
7591.0,-1.4
7592.0,-1.0
7593.0,-1.24
7594.0,-1.08
7595.0,-2.04
7596.0,-1.04
7597.0,-1.7200000000000015
7598.0,0.4800000000000001
7599.0,-1.12
7600.0,-1.16
7601.0,-1.52
7602.0,-1.48
7603.0,-0.24000000000000044
7604.0,-1.08
7605.0,-1.3599999999999999
7606.0,-1.32
7607.0,-1.48
7608.0,-1.08
7609.0,-1.16
7610.0,-3.000000000000001
7611.0,-1.32
7612.0,0.23999999999999988
7613.0,-1.0
7614.0,-1.12
7615.0,-1.0
7616.0,-1.2
7617.0,-1.16
7618.0,-1.2
7619.0,-1.24
7620.0,-1.04
7621.0,-1.160000000000001
7622.0,-1.08
7623.0,-1.04
7624.0,-1.0
7625.0,0.23999999999999988
7626.0,0.4
7627.0,-1.16
7628.0,-1.24
7629.0,-1.48
7630.0,-1.04
7631.0,-1.16
7632.0,-1.2
7633.0,-1.0
7634.0,-1.0
7635.0,-1.0
7636.0,-1.28
7637.0,-1.0
7638.0,-1.12
7639.0,-1.28
7640.0,-1.08
7641.0,-1.28
7642.0,-1.56
7643.0,-1.32
7644.0,-1.0
7645.0,-1.6
7646.0,-1.48
7647.0,-0.28000000000000047
7648.0,0.4
7649.0,0.4
7650.0,0.4
7651.0,-1.04
7652.0,-1.44
7653.0,-1.08
7654.0,0.4800000000000001
7655.0,-1.24
7656.0,-1.28
7657.0,-0.6000000000000008
7658.0,-1.2
7659.0,-1.6000000000000014
7660.0,-1.0
7661.0,-1.12
7662.0,0.4
7663.0,-4.000000000000002
7664.0,-1.32
7665.0,-1.3599999999999999
7666.0,-1.08
7667.0,-1.08
7668.0,-1.48
7669.0,-1.16
7670.0,-1.0
7671.0,-1.44
7672.0,-1.3599999999999999
7673.0,-1.24
7674.0,0.44000000000000006
7675.0,-1.2
7676.0,-1.2
7677.0,-1.08
7678.0,-1.0
7679.0,-1.04
7680.0,-1.3599999999999999
7681.0,-8.000000000000005
7682.0,-8.000000000000005
7683.0,-1.0
7684.0,-1.0
7685.0,-1.08
7686.0,-1.24
7687.0,-1.08
7688.0,0.44000000000000006
7689.0,-1.48
7690.0,-1.28
7691.0,-1.04
7692.0,-1.3599999999999999
7693.0,-1.12
7694.0,-1.2
7695.0,-1.200000000000001
7696.0,-1.16
7697.0,0.1599999999999998
7698.0,-1.08
7699.0,-1.04
7700.0,-1.16
7701.0,-0.7200000000000009
7702.0,-1.04
7703.0,-1.4
7704.0,-1.04
7705.0,-1.32
7706.0,-1.24
7707.0,-1.7200000000000002
7708.0,-0.3200000000000005
7709.0,-1.24
7710.0,0.31999999999999995
7711.0,-1.2
7712.0,-1.52
7713.0,-2.6800000000000006
7714.0,-1.0
7715.0,-1.12
7716.0,0.4
7717.0,-1.48
7718.0,-1.16
7719.0,0.31999999999999995
7720.0,-1.04
7721.0,-0.0800000000000003
7722.0,-1.08
7723.0,0.11999999999999977
7724.0,-8.000000000000005
7725.0,-1.04
7726.0,-2.220446049250313e-16
7727.0,-1.9600000000000004
7728.0,-1.7200000000000002
7729.0,-1.8800000000000003
7730.0,-2.8000000000000007
7731.0,-1.16
7732.0,0.4
7733.0,-1.04
7734.0,-1.32
7735.0,-1.28
7736.0,-1.44
7737.0,-1.04
7738.0,-0.3200000000000005
7739.0,-1.04
7740.0,-3.040000000000001
7741.0,-1.3599999999999999
7742.0,-2.5200000000000005
7743.0,-1.0
7744.0,-7.600000000000005
7745.0,-1.12
7746.0,-1.0
7747.0,-3.280000000000001
7748.0,0.23999999999999988
7749.0,-1.24
7750.0,-1.12
7751.0,-1.52
7752.0,-1.2
7753.0,-1.28
7754.0,0.07999999999999974
7755.0,-8.000000000000005
7756.0,-1.32
7757.0,-0.920000000000001
7758.0,0.36
7759.0,0.4800000000000001
7760.0,-1.4800000000000013
7761.0,-1.2800000000000011
7762.0,-2.920000000000001
7763.0,0.23999999999999988
7764.0,-1.0
7765.0,-6.680000000000006
7766.0,-0.6400000000000008
7767.0,-1.2
7768.0,-1.0
7769.0,-1.2
7770.0,-1.6400000000000001
7771.0,-1.0
7772.0,-1.0
7773.0,-1.52
7774.0,0.4800000000000001
7775.0,-1.0
7776.0,-0.16000000000000036
7777.0,-1.28
7778.0,-1.3599999999999999
7779.0,-1.04
7780.0,-1.16
7781.0,-1.16
7782.0,-0.16000000000000036
7783.0,-1.12
7784.0,0.44000000000000006
7785.0,0.4
7786.0,0.19999999999999984
7787.0,0.4
7788.0,-1.12
7789.0,-1.0
7790.0,-1.56
7791.0,-1.32
7792.0,-1.16
7793.0,-1.0
7794.0,-1.44
7795.0,0.36
7796.0,-1.04
7797.0,-3.440000000000003
7798.0,-1.28
7799.0,0.4
7800.0,-1.12
7801.0,-1.4
7802.0,-1.28
7803.0,-1.12
7804.0,-0.4400000000000006
7805.0,-1.16
7806.0,-1.24
7807.0,-2.5200000000000022
7808.0,-1.48
7809.0,-1.08
7810.0,-1.4
7811.0,-1.44
7812.0,-1.48
7813.0,-1.4
7814.0,-1.32
7815.0,-1.2
7816.0,-1.040000000000001
7817.0,-1.28
7818.0,0.11999999999999977
7819.0,-2.3200000000000003
7820.0,-2.6400000000000023
7821.0,-1.44
7822.0,-2.7600000000000007
7823.0,-1.2
7824.0,-1.9600000000000004
7825.0,0.4
7826.0,0.31999999999999995
7827.0,-1.48
7828.0,-1.4
7829.0,-1.28
7830.0,-1.04
7831.0,0.23999999999999988
7832.0,-1.12
7833.0,-1.52
7834.0,-1.52
7835.0,-1.04
7836.0,-1.4
7837.0,-1.2
7838.0,-1.4
7839.0,-1.16
7840.0,-1.56
7841.0,-7.920000000000005
7842.0,-1.32
7843.0,-1.12
7844.0,-0.48000000000000065
7845.0,-1.32
7846.0,-1.3599999999999999
7847.0,-6.2400000000000055
7848.0,-1.0
7849.0,-1.08
7850.0,-1.12
7851.0,0.4800000000000001
7852.0,0.36
7853.0,0.11999999999999977
7854.0,-1.4
7855.0,-1.4
7856.0,-1.16
7857.0,-1.24
7858.0,-1.2
7859.0,0.4
7860.0,-1.48
7861.0,-7.840000000000005
7862.0,-3.5600000000000014
7863.0,-1.4
7864.0,-1.04
7865.0,-1.04
7866.0,0.36
7867.0,-2.7600000000000007
7868.0,-1.04
7869.0,-1.0
7870.0,-1.2
7871.0,-1.0
7872.0,-1.0
7873.0,-1.0
7874.0,-1.28
7875.0,-8.200000000000006
7876.0,-1.32
7877.0,-1.12
7878.0,-1.04
7879.0,-2.160000000000002
7880.0,-1.3599999999999999
7881.0,-0.28000000000000047
7882.0,-1.04
7883.0,-1.2
7884.0,0.4800000000000001
7885.0,-1.0
7886.0,-1.04
7887.0,-1.04
7888.0,-1.6
7889.0,-1.0
7890.0,-1.12
7891.0,-1.24
7892.0,-0.12000000000000033
7893.0,-1.6400000000000001
7894.0,-1.080000000000001
7895.0,-2.04
7896.0,-0.28000000000000047
7897.0,-1.52
7898.0,-1.12
7899.0,-1.48
7900.0,-1.12
7901.0,-1.2
7902.0,-6.920000000000004
7903.0,-1.04
7904.0,-1.08
7905.0,0.44000000000000006
7906.0,-1.04
7907.0,-4.080000000000004
7908.0,-1.44
7909.0,-1.48
7910.0,-1.52
7911.0,-1.44
7912.0,0.4
7913.0,-2.3600000000000003
7914.0,-8.000000000000005
7915.0,-1.28
7916.0,-1.4
7917.0,-1.32
7918.0,0.4800000000000001
7919.0,-8.000000000000005
7920.0,0.4800000000000001
7921.0,-1.2
7922.0,-1.2
7923.0,-1.4
7924.0,-1.56
7925.0,-1.04
7926.0,-1.08
7927.0,0.4800000000000001
7928.0,-1.28
7929.0,-1.0
7930.0,-1.12
7931.0,-1.12
7932.0,-1.6
7933.0,-1.6400000000000001
7934.0,-1.9600000000000004
7935.0,0.4800000000000001
7936.0,-1.16
7937.0,0.31999999999999995
7938.0,-1.16
7939.0,-1.3599999999999999
7940.0,-1.12
7941.0,-1.0
7942.0,-2.360000000000002
7943.0,-2.7600000000000025
7944.0,-2.080000000000002
7945.0,-1.08
7946.0,-2.8000000000000007
7947.0,-0.24000000000000044
7948.0,-1.0
7949.0,-1.04
7950.0,-1.32
7951.0,-3.040000000000001
7952.0,-1.44
7953.0,-8.000000000000005
7954.0,0.4800000000000001
7955.0,-1.12
7956.0,-1.2800000000000011
7957.0,-1.12
7958.0,-1.12
7959.0,-1.24
7960.0,-1.8400000000000003
7961.0,-1.7200000000000002
7962.0,-1.4
7963.0,-1.3599999999999999
7964.0,-1.28
7965.0,0.4800000000000001
7966.0,-1.12
7967.0,-4.080000000000002
7968.0,-1.16
7969.0,0.31999999999999995
7970.0,-1.44
7971.0,-1.8400000000000003
7972.0,0.4800000000000001
7973.0,-1.3599999999999999
7974.0,-1.0
7975.0,0.4800000000000001
7976.0,-1.0
7977.0,-8.000000000000005
7978.0,-2.0
7979.0,-4.320000000000004
7980.0,-1.0
7981.0,-0.16000000000000036
7982.0,-2.08
7983.0,-8.000000000000005
7984.0,-1.0
7985.0,-1.16
7986.0,-2.240000000000002
7987.0,-3.320000000000001
7988.0,-1.04
7989.0,-1.12
7990.0,-1.0
7991.0,-1.7200000000000002
7992.0,-1.2
7993.0,-1.24
7994.0,-7.360000000000005
7995.0,-1.04
7996.0,-1.08
7997.0,-1.0
7998.0,-1.32
7999.0,-1.32
8000.0,0.44000000000000006
8001.0,-2.7600000000000007
8002.0,0.4
8003.0,0.4
8004.0,-1.08
8005.0,0.4800000000000001
8006.0,-0.5600000000000007
8007.0,-1.7600000000000002
8008.0,-1.0
8009.0,-1.12
8010.0,-1.52
8011.0,0.4
8012.0,-2.200000000000002
8013.0,0.4800000000000001
8014.0,-1.04
8015.0,0.4
8016.0,-1.08
8017.0,-1.04
8018.0,-1.04
8019.0,0.4800000000000001
8020.0,-1.0
8021.0,-1.16
8022.0,-1.04
8023.0,-1.08
8024.0,-1.28
8025.0,-1.44
8026.0,-1.08
8027.0,-1.16
8028.0,-1.0
8029.0,-1.32
8030.0,-1.08
8031.0,-4.360000000000002
8032.0,-1.08
8033.0,0.11999999999999977
8034.0,-1.2
8035.0,-1.120000000000001
8036.0,-1.08
8037.0,-1.04
8038.0,-1.12
8039.0,0.4800000000000001
8040.0,-0.6000000000000008
8041.0,-1.0
8042.0,-1.32
8043.0,-1.28
8044.0,-1.44
8045.0,-1.16
8046.0,0.19999999999999984
8047.0,-1.44
8048.0,-1.6
8049.0,-1.16
8050.0,-3.7600000000000033
8051.0,-1.32
8052.0,-1.56
8053.0,-1.04
8054.0,-1.48
8055.0,0.4800000000000001
8056.0,-1.2
8057.0,-1.7200000000000002
8058.0,-1.56
8059.0,-1.6800000000000002
8060.0,-1.56
8061.0,-1.0
8062.0,-2.24
8063.0,-8.000000000000005
8064.0,-1.16
8065.0,0.4
8066.0,-1.0
8067.0,0.4800000000000001
8068.0,-1.04
8069.0,-8.000000000000005
8070.0,-1.32
8071.0,-1.0
8072.0,-1.16
8073.0,-1.04
8074.0,-1.32
8075.0,-1.0
8076.0,-1.16
8077.0,-1.52
8078.0,-1.32
8079.0,-1.2
8080.0,0.0399999999999997
8081.0,-8.000000000000005
8082.0,-1.32
8083.0,0.4800000000000001
8084.0,0.23999999999999988
8085.0,0.31999999999999995
8086.0,-1.44
8087.0,-1.0
8088.0,-5.000000000000003
8089.0,-1.28
8090.0,0.23999999999999988
8091.0,-1.44
8092.0,-1.24
8093.0,-1.4
8094.0,-1.0
8095.0,-1.32
8096.0,-1.0
8097.0,-1.04
8098.0,0.2799999999999999
8099.0,0.4800000000000001
8100.0,-1.28
8101.0,0.4800000000000001
8102.0,-1.2
8103.0,-0.6000000000000008
8104.0,-1.08
8105.0,-1.2
8106.0,0.36
8107.0,-0.2000000000000004
8108.0,-1.4800000000000013
8109.0,-1.24
8110.0,-1.2
8111.0,-1.0
8112.0,0.31999999999999995
8113.0,-0.48000000000000065
8114.0,-1.48
8115.0,-1.04
8116.0,-2.6400000000000023
8117.0,-8.040000000000006
8118.0,-1.32
8119.0,-1.16
8120.0,-1.04
8121.0,-3.040000000000001
8122.0,-1.3599999999999999
8123.0,-1.12
8124.0,-1.04
8125.0,-1.3599999999999999
8126.0,-1.24
8127.0,-1.4400000000000013
8128.0,0.11999999999999977
8129.0,-1.24
8130.0,-1.28
8131.0,-1.44
8132.0,-1.04
8133.0,-1.12
8134.0,-1.08
8135.0,-1.04
8136.0,-8.000000000000005
8137.0,-1.12
8138.0,-1.24
8139.0,-1.4
8140.0,-1.32
8141.0,-2.4400000000000004
8142.0,-1.2
8143.0,-1.04
8144.0,-1.08
8145.0,-1.08
8146.0,0.4
8147.0,0.31999999999999995
8148.0,-1.56
8149.0,-1.3200000000000012
8150.0,-1.32
8151.0,-1.32
8152.0,-0.8000000000000009
8153.0,-3.320000000000001
8154.0,0.36
8155.0,-1.28
8156.0,0.4
8157.0,-1.24
8158.0,0.07999999999999974
8159.0,-1.04
8160.0,-1.56
8161.0,-1.04
8162.0,-1.04
8163.0,-5.440000000000003
8164.0,-1.08
8165.0,-1.16
8166.0,-1.9200000000000004
8167.0,-1.52
8168.0,-1.08
8169.0,-1.28
8170.0,-1.16
8171.0,-1.48
8172.0,-1.24
8173.0,-1.0
8174.0,-1.52
8175.0,-1.2
8176.0,-1.3599999999999999
8177.0,-1.0
8178.0,-1.08
8179.0,0.23999999999999988
8180.0,-1.16
8181.0,-1.32
8182.0,-1.48
8183.0,0.07999999999999974
8184.0,-1.4000000000000012
8185.0,-1.0
8186.0,-1.6800000000000002
8187.0,-0.7600000000000009
8188.0,-1.12
8189.0,-1.04
8190.0,-1.0
8191.0,0.4
8192.0,-1.2
8193.0,-8.000000000000005
8194.0,0.4
8195.0,-1.32
8196.0,-0.880000000000001
8197.0,0.4800000000000001
8198.0,0.4800000000000001
8199.0,0.4
8200.0,-1.28
8201.0,-0.48000000000000065
8202.0,-3.4800000000000013
8203.0,-1.120000000000001
8204.0,0.4800000000000001
8205.0,-2.12
8206.0,-4.120000000000002
8207.0,-1.04
8208.0,-1.28
8209.0,-1.32
8210.0,-1.16
8211.0,-0.4000000000000006
8212.0,-1.08
8213.0,-1.04
8214.0,-1.28
8215.0,-4.840000000000004
8216.0,0.4800000000000001
8217.0,-1.24
8218.0,-1.0
8219.0,-1.0
8220.0,0.4
8221.0,-8.000000000000005
8222.0,-1.0
8223.0,-1.2
8224.0,-1.04
8225.0,-1.04
8226.0,0.44000000000000006
8227.0,-5.600000000000003
8228.0,-1.32
8229.0,-1.0
8230.0,0.31999999999999995
8231.0,-1.2
8232.0,-1.4
8233.0,-1.0
8234.0,-1.2
8235.0,-1.28
8236.0,0.4800000000000001
8237.0,-1.32
8238.0,-1.2
8239.0,-1.28
8240.0,-1.0
8241.0,-1.2
8242.0,0.4800000000000001
8243.0,-1.6800000000000002
8244.0,-1.08
8245.0,-4.160000000000002
8246.0,-1.48
8247.0,-1.12
8248.0,-1.28
8249.0,-1.52
8250.0,-1.0
8251.0,0.1599999999999998
8252.0,0.4
8253.0,-1.7200000000000002
8254.0,-1.2
8255.0,-1.48
8256.0,-1.3599999999999999
8257.0,-1.0
8258.0,-1.2
8259.0,-1.12
8260.0,0.4800000000000001
8261.0,-8.000000000000005
8262.0,0.4800000000000001
8263.0,-1.32
8264.0,-1.4
8265.0,-1.12
8266.0,-3.6000000000000014
8267.0,-8.000000000000005
8268.0,-2.2800000000000002
8269.0,-1.12
8270.0,-1.0
8271.0,-1.08
8272.0,-1.08
8273.0,-8.000000000000005
8274.0,-1.16
8275.0,-0.6000000000000008
8276.0,-1.3599999999999999
8277.0,-1.0
8278.0,-1.28
8279.0,0.44000000000000006
8280.0,-1.04
8281.0,0.44000000000000006
8282.0,-1.04
8283.0,-1.8400000000000003
8284.0,0.4
8285.0,-0.48000000000000065
8286.0,-1.08
8287.0,0.31999999999999995
8288.0,-8.400000000000006
8289.0,0.36
8290.0,-1.4
8291.0,-1.12
8292.0,-0.6400000000000008
8293.0,-2.12
8294.0,-5.800000000000005
8295.0,-1.04
8296.0,-1.0
8297.0,-1.3599999999999999
8298.0,-1.04
8299.0,-1.04
8300.0,-8.000000000000005
8301.0,-1.28
8302.0,0.4800000000000001
8303.0,-8.000000000000005
8304.0,-1.24
8305.0,-1.0
8306.0,-2.2800000000000002
8307.0,-1.16
8308.0,-1.12
8309.0,-1.12
8310.0,-6.040000000000004
8311.0,0.31999999999999995
8312.0,0.36
8313.0,-1.16
8314.0,-4.440000000000002
8315.0,-1.04
8316.0,-1.4
8317.0,-1.12
8318.0,-1.44
8319.0,0.23999999999999988
8320.0,-1.08
8321.0,-1.04
8322.0,-1.0
8323.0,-1.0
8324.0,-1.08
8325.0,0.36
8326.0,-1.2
8327.0,-1.2
8328.0,-1.24
8329.0,0.4800000000000001
8330.0,-1.04
8331.0,-1.24
8332.0,0.4800000000000001
8333.0,-1.56
8334.0,-8.000000000000005
8335.0,-1.24
8336.0,-1.04
8337.0,-1.0
8338.0,-1.52
8339.0,-1.48
8340.0,-1.48
8341.0,-8.000000000000005
8342.0,-6.240000000000004
8343.0,-5.520000000000003
8344.0,-1.32
8345.0,0.1599999999999998
8346.0,-1.48
8347.0,-1.08
8348.0,-1.16
8349.0,-1.4
8350.0,-1.16
8351.0,-1.24
8352.0,0.4800000000000001
8353.0,-8.000000000000005
8354.0,-1.0
8355.0,0.2799999999999999
8356.0,-1.04
8357.0,-1.04
8358.0,0.23999999999999988
8359.0,-1.08
8360.0,-1.0
8361.0,-1.28
8362.0,-1.3599999999999999
8363.0,0.4
8364.0,-1.04
8365.0,-1.32
8366.0,-1.04
8367.0,-1.24
8368.0,-1.4
8369.0,-1.0
8370.0,0.4800000000000001
8371.0,-1.12
8372.0,-1.32
8373.0,-1.7200000000000002
8374.0,-3.480000000000003
8375.0,-1.04
8376.0,-8.000000000000005
8377.0,-1.04
8378.0,-1.4
8379.0,-1.24
8380.0,-1.28
8381.0,-1.24
8382.0,-1.28
8383.0,-1.04
8384.0,-1.24
8385.0,-1.0
8386.0,-1.44
8387.0,-1.12
8388.0,0.4800000000000001
8389.0,-6.240000000000004
8390.0,-2.8400000000000007
8391.0,-1.28
8392.0,-1.24
8393.0,-1.12
8394.0,-1.4
8395.0,-1.48
8396.0,-2.400000000000002
8397.0,-8.360000000000007
8398.0,0.4800000000000001
8399.0,-1.3599999999999999
8400.0,-1.24
8401.0,0.4
8402.0,-1.4
8403.0,0.4
8404.0,0.4
8405.0,-1.04
8406.0,-1.24
8407.0,-1.6
8408.0,-1.04
8409.0,-1.44
8410.0,-1.12
8411.0,-1.56
8412.0,-1.28
8413.0,-1.04
8414.0,-2.880000000000001
8415.0,-1.24
8416.0,-1.12
8417.0,-2.16
8418.0,0.19999999999999984
8419.0,0.44000000000000006
8420.0,0.31999999999999995
8421.0,-1.24
8422.0,-2.960000000000001
8423.0,-8.000000000000005
8424.0,-1.08
8425.0,-1.56
8426.0,-0.920000000000001
8427.0,-1.04
8428.0,-1.08
8429.0,0.4800000000000001
8430.0,-1.08
8431.0,0.31999999999999995
8432.0,-0.7200000000000009
8433.0,-1.04
8434.0,-1.2
8435.0,-4.480000000000002
8436.0,-1.32
8437.0,0.4800000000000001
8438.0,-1.24
8439.0,-5.840000000000003
8440.0,-1.3599999999999999
8441.0,-1.04
8442.0,0.4800000000000001
8443.0,0.36
8444.0,-1.4
8445.0,-1.16
8446.0,-1.16
8447.0,-4.000000000000002
8448.0,0.4800000000000001
8449.0,-1.0
8450.0,-1.04
8451.0,-3.5600000000000014
8452.0,-1.6800000000000002
8453.0,-1.0
8454.0,-1.6400000000000001
8455.0,-1.12
8456.0,-1.32
8457.0,-1.12
8458.0,-1.28
8459.0,0.4
8460.0,0.1599999999999998
8461.0,-1.0
8462.0,-1.2
8463.0,0.4
8464.0,0.4800000000000001
8465.0,-1.16
8466.0,-1.0
8467.0,-1.12
8468.0,-1.04
8469.0,-1.08
8470.0,-1.4
8471.0,0.4
8472.0,0.4800000000000001
8473.0,-1.0
8474.0,0.4800000000000001
8475.0,-8.000000000000005
8476.0,0.23999999999999988
8477.0,-1.28
8478.0,-1.44
8479.0,-1.04
8480.0,-1.24
8481.0,0.36
8482.0,-8.000000000000005
8483.0,-2.16
8484.0,-6.080000000000004
8485.0,0.23999999999999988
8486.0,-1.16
8487.0,-1.16
8488.0,-1.040000000000001
8489.0,-1.48
8490.0,-0.6000000000000008
8491.0,-1.16
8492.0,-1.3599999999999999
8493.0,-1.56
8494.0,-1.3599999999999999
8495.0,-3.6400000000000032
8496.0,-1.12
8497.0,0.4
8498.0,0.4800000000000001
8499.0,-1.2
8500.0,-1.48
8501.0,0.4800000000000001
8502.0,-1.4
8503.0,-1.8400000000000003
8504.0,-1.28
8505.0,0.23999999999999988
8506.0,-3.4400000000000013
8507.0,-1.12
8508.0,-1.08
8509.0,-0.2000000000000004
8510.0,0.4800000000000001
8511.0,-1.3599999999999999
8512.0,-1.08
8513.0,-1.4
8514.0,-1.08
8515.0,-8.320000000000006
8516.0,-1.0
8517.0,0.4800000000000001
8518.0,0.4
8519.0,-1.08
8520.0,0.4800000000000001
8521.0,-1.4
8522.0,-1.080000000000001
8523.0,0.4
8524.0,-1.4
8525.0,0.4
8526.0,-1.08
8527.0,-1.52
8528.0,0.4800000000000001
8529.0,-1.0
8530.0,-2.4800000000000004
8531.0,-1.0
8532.0,-8.000000000000005
8533.0,-1.0
8534.0,-1.4
8535.0,-1.8800000000000017
8536.0,-1.0
8537.0,-1.32
8538.0,-1.24
8539.0,-1.04
8540.0,-1.08
8541.0,-2.0
8542.0,-1.44
8543.0,0.4800000000000001
8544.0,-0.4000000000000006
8545.0,-1.08
8546.0,-1.04
8547.0,-2.960000000000001
8548.0,-1.0
8549.0,-1.32
8550.0,-1.4
8551.0,0.4800000000000001
8552.0,-0.9600000000000011
8553.0,-1.28
8554.0,0.4800000000000001
8555.0,-1.16
8556.0,0.2799999999999999
8557.0,-1.56
8558.0,-1.32
8559.0,-1.3599999999999999
8560.0,-1.48
8561.0,-1.16
8562.0,-1.0
8563.0,-1.32
8564.0,-1.12
8565.0,-1.08
8566.0,-1.08
8567.0,-2.200000000000002
8568.0,-1.0
8569.0,-1.0
8570.0,-1.32
8571.0,-2.2
8572.0,-3.120000000000001
8573.0,0.4
8574.0,-1.0
8575.0,-1.08
8576.0,-1.16
8577.0,-1.56
8578.0,-1.0
8579.0,-1.24
8580.0,0.4800000000000001
8581.0,-1.0
8582.0,0.4800000000000001
8583.0,-1.4
8584.0,-1.08
8585.0,-1.44
8586.0,0.36
8587.0,-1.08
8588.0,-1.44
8589.0,0.44000000000000006
8590.0,-1.28
8591.0,-1.0
8592.0,-1.2
8593.0,-1.32
8594.0,-1.3599999999999999
8595.0,-1.0
8596.0,-1.08
8597.0,-1.4000000000000012
8598.0,-2.8000000000000025
8599.0,-1.08
8600.0,0.4800000000000001
8601.0,0.4
8602.0,-1.08
8603.0,-1.4
8604.0,-2.16
8605.0,-1.32
8606.0,-0.04000000000000026
8607.0,-1.28
8608.0,-0.8000000000000009
8609.0,-1.4
8610.0,-1.04
8611.0,-1.4
8612.0,-1.08
8613.0,0.19999999999999984
8614.0,-2.440000000000002
8615.0,-1.8000000000000016
8616.0,0.4800000000000001
8617.0,-1.08
8618.0,-1.08
8619.0,-1.24
8620.0,-1.48
8621.0,-1.08
8622.0,-1.28
8623.0,-1.6400000000000015
8624.0,-1.0
8625.0,-1.28
8626.0,-0.6400000000000008
8627.0,0.19999999999999984
8628.0,-1.16
8629.0,-1.2
8630.0,-1.3599999999999999
8631.0,-1.08
8632.0,-1.04
8633.0,-1.28
8634.0,-1.32
8635.0,0.4
8636.0,-1.04
8637.0,-2.5200000000000005
8638.0,-1.24
8639.0,-3.040000000000001
8640.0,-1.32
8641.0,-0.8000000000000009
8642.0,-1.6400000000000001
8643.0,0.36
8644.0,-1.24
8645.0,-0.24000000000000044
8646.0,-1.16
8647.0,-4.040000000000004
8648.0,-1.16
8649.0,-1.44
8650.0,-1.04
8651.0,-1.28
8652.0,-1.24
8653.0,-1.6
8654.0,-8.000000000000005
8655.0,-1.6000000000000014
8656.0,-1.04
8657.0,-1.4
8658.0,0.31999999999999995
8659.0,-1.16
8660.0,-1.4
8661.0,-0.48000000000000065
8662.0,-1.6
8663.0,-1.3599999999999999
8664.0,-8.000000000000005
8665.0,-1.28
8666.0,-1.24
8667.0,-0.3200000000000005
8668.0,-1.4
8669.0,0.4800000000000001
8670.0,-3.360000000000003
8671.0,-1.08
8672.0,-1.44
8673.0,-0.04000000000000026
8674.0,0.4800000000000001
8675.0,-1.32
8676.0,-1.4
8677.0,-1.08
8678.0,-1.32
8679.0,-1.16
8680.0,-3.9200000000000017
8681.0,0.4800000000000001
8682.0,-1.04
8683.0,-1.4
8684.0,-2.5200000000000005
8685.0,0.2799999999999999
8686.0,0.4800000000000001
8687.0,-1.04
8688.0,0.44000000000000006
8689.0,-8.000000000000005
8690.0,-1.2
8691.0,-1.08
8692.0,-8.000000000000005
8693.0,-1.24
8694.0,-1.12
8695.0,-7.520000000000005
8696.0,-1.24
8697.0,0.44000000000000006
8698.0,-1.0
8699.0,0.11999999999999977
8700.0,-1.08
8701.0,-1.16
8702.0,-2.6000000000000005
8703.0,-1.08
8704.0,-8.640000000000006
8705.0,-1.52
8706.0,-3.040000000000001
8707.0,-1.7200000000000015
8708.0,0.4
8709.0,0.4800000000000001
8710.0,-1.4400000000000013
8711.0,-1.12
8712.0,-1.12
8713.0,-1.24
8714.0,-1.28
8715.0,0.4
8716.0,-1.0
8717.0,-1.08
8718.0,0.4800000000000001
8719.0,-1.04
8720.0,-1.6800000000000002
8721.0,-8.000000000000005
8722.0,-1.4
8723.0,0.23999999999999988
8724.0,-1.28
8725.0,-1.08
8726.0,-1.08
8727.0,0.4800000000000001
8728.0,-1.3599999999999999
8729.0,-1.24
8730.0,-1.08
8731.0,-1.12
8732.0,-1.6400000000000001
8733.0,0.23999999999999988
8734.0,-1.2
8735.0,0.4
8736.0,-1.2
8737.0,-1.3599999999999999
8738.0,-1.0
8739.0,-1.08
8740.0,-2.7600000000000007
8741.0,-1.2
8742.0,-1.32
8743.0,-0.8000000000000009
8744.0,-1.08
8745.0,-1.04
8746.0,-1.24
8747.0,0.4800000000000001
8748.0,-1.0
8749.0,-1.08
8750.0,-1.3599999999999999
8751.0,0.4
8752.0,-0.6400000000000008
8753.0,-1.16
8754.0,0.11999999999999977
8755.0,-1.04
8756.0,-1.28
8757.0,-8.000000000000005
8758.0,-1.16
8759.0,-1.0
8760.0,-1.16
8761.0,-0.7200000000000009
8762.0,0.4
8763.0,-6.520000000000004
8764.0,-1.04
8765.0,-1.3599999999999999
8766.0,-1.04
8767.0,-0.0800000000000003
8768.0,-1.0
8769.0,-1.12
8770.0,-1.24
8771.0,-1.04
8772.0,-8.000000000000005
8773.0,-2.220446049250313e-16
8774.0,0.4800000000000001
8775.0,-1.3599999999999999
8776.0,-1.28
8777.0,-2.160000000000002
8778.0,-1.16
8779.0,0.4
8780.0,-1.16
8781.0,-2.220446049250313e-16
8782.0,-1.4
8783.0,-1.04
8784.0,-1.0
8785.0,-2.16
8786.0,0.31999999999999995
8787.0,0.4
8788.0,-1.16
8789.0,0.4
8790.0,-1.3599999999999999
8791.0,0.4
8792.0,-1.16
8793.0,-1.24
8794.0,0.44000000000000006
8795.0,0.31999999999999995
8796.0,-1.56
8797.0,-1.16
8798.0,0.4800000000000001
8799.0,-1.04
8800.0,-1.3599999999999999
8801.0,-1.44
8802.0,-1.0
8803.0,-1.32
8804.0,0.31999999999999995
8805.0,-1.24
8806.0,-1.24
8807.0,-1.0
8808.0,-1.12
8809.0,0.4800000000000001
8810.0,-1.6
8811.0,0.4800000000000001
8812.0,0.4800000000000001
8813.0,-1.4
8814.0,0.31999999999999995
8815.0,0.4800000000000001
8816.0,-0.880000000000001
8817.0,-1.2
8818.0,-8.000000000000005
8819.0,-1.04
8820.0,0.4800000000000001
8821.0,-1.44
8822.0,0.31999999999999995
8823.0,-1.3599999999999999
8824.0,0.4
8825.0,-6.280000000000004
8826.0,-1.56
8827.0,-1.16
8828.0,-0.920000000000001
8829.0,0.4800000000000001
8830.0,-1.04
8831.0,-1.04
8832.0,-8.000000000000005
8833.0,-1.16
8834.0,-1.08
8835.0,-1.32
8836.0,-2.6400000000000006
8837.0,-1.2
8838.0,-1.32
8839.0,-1.3599999999999999
8840.0,-1.2
8841.0,-1.12
8842.0,-1.44
8843.0,-3.8400000000000034
8844.0,0.4
8845.0,0.36
8846.0,-1.04
8847.0,-1.24
8848.0,-1.3599999999999999
8849.0,-1.3599999999999999
8850.0,-1.28
8851.0,-1.3599999999999999
8852.0,-1.0
8853.0,-1.32
8854.0,0.4800000000000001
8855.0,0.4800000000000001
8856.0,-3.520000000000003
8857.0,-1.3599999999999999
8858.0,0.4
8859.0,0.4800000000000001
8860.0,-1.2
8861.0,-1.0
8862.0,-1.6400000000000001
8863.0,-8.000000000000005
8864.0,-2.3200000000000003
8865.0,0.4
8866.0,-1.32
8867.0,0.2799999999999999
8868.0,-1.44
8869.0,0.4
8870.0,0.44000000000000006
8871.0,-1.28
8872.0,-1.0
8873.0,-1.16
8874.0,-1.28
8875.0,-4.680000000000004
8876.0,-7.240000000000005
8877.0,0.31999999999999995
8878.0,-3.6800000000000033
8879.0,-1.04
8880.0,-1.0
8881.0,-1.32
8882.0,-1.2
8883.0,-1.04
8884.0,0.4
8885.0,-1.32
8886.0,-1.4
8887.0,-1.08
8888.0,-2.8000000000000025
8889.0,-1.2
8890.0,-1.6
8891.0,-1.08
8892.0,-1.16
8893.0,-3.9600000000000017
8894.0,-6.200000000000004
8895.0,0.4
8896.0,-1.32
8897.0,-1.2
8898.0,-1.44
8899.0,-3.9200000000000017
8900.0,-1.12
8901.0,-1.0
8902.0,-3.160000000000003
8903.0,0.4800000000000001
8904.0,-1.08
8905.0,0.4800000000000001
8906.0,-1.0
8907.0,-1.08
8908.0,-1.04
8909.0,-1.6400000000000001
8910.0,-1.12
8911.0,-1.16
8912.0,-1.08
8913.0,0.4800000000000001
8914.0,-1.04
8915.0,-1.48
8916.0,-1.9600000000000017
8917.0,-3.8400000000000016
8918.0,-8.000000000000005
8919.0,-1.6800000000000015
8920.0,-1.16
8921.0,-1.8800000000000003
8922.0,-2.0
8923.0,-1.0
8924.0,0.4800000000000001
8925.0,-1.12
8926.0,0.1599999999999998
8927.0,-1.04
8928.0,-1.32
8929.0,-2.8800000000000026
8930.0,-4.160000000000004
8931.0,-1.2
8932.0,0.31999999999999995
8933.0,0.4
8934.0,-1.0
8935.0,-1.7600000000000002
8936.0,-1.52
8937.0,0.2799999999999999
8938.0,-1.32
8939.0,0.31999999999999995
8940.0,-4.440000000000004
8941.0,0.4800000000000001
8942.0,0.4800000000000001
8943.0,0.4800000000000001
8944.0,-1.56
8945.0,-1.4
8946.0,-1.04
8947.0,-1.04
8948.0,0.23999999999999988
8949.0,-1.16
8950.0,-1.6
8951.0,-1.2
8952.0,-1.28
8953.0,-1.2
8954.0,-1.4
8955.0,-1.2
8956.0,-1.24
8957.0,0.0399999999999997
8958.0,-1.2
8959.0,-1.04
8960.0,0.4
8961.0,-1.04
8962.0,-1.04
8963.0,-1.44
8964.0,-1.0
8965.0,-1.12
8966.0,-1.16
8967.0,-1.3599999999999999
8968.0,-1.08
8969.0,-2.6000000000000005
8970.0,-1.04
8971.0,0.4
8972.0,-1.4
8973.0,-1.2
8974.0,-1.48
8975.0,0.4
8976.0,-0.4400000000000006
8977.0,-1.0
8978.0,-1.24
8979.0,-1.2
8980.0,-1.08
8981.0,-1.52
8982.0,0.44000000000000006
8983.0,-2.3200000000000003
8984.0,-3.360000000000001
8985.0,-1.44
8986.0,-1.04
8987.0,-1.08
8988.0,-1.52
8989.0,-1.0
8990.0,-1.08
8991.0,0.4800000000000001
8992.0,-1.08
8993.0,-1.24
8994.0,-4.7600000000000025
8995.0,-1.2
8996.0,-1.24
8997.0,-1.04
8998.0,-1.08
8999.0,-1.2
9000.0,0.2799999999999999
9001.0,-1.0
9002.0,0.36
9003.0,-1.2
9004.0,-1.0
9005.0,-1.32
9006.0,0.4800000000000001
9007.0,-1.44
9008.0,-1.56
9009.0,-1.16
9010.0,-1.24
9011.0,-1.0
9012.0,-1.24
9013.0,0.4800000000000001
9014.0,-1.48
9015.0,0.4
9016.0,-1.32
9017.0,0.4800000000000001
9018.0,-1.2
9019.0,-8.000000000000005
9020.0,-1.04
9021.0,-1.0
9022.0,-1.28
9023.0,0.4800000000000001
9024.0,0.4800000000000001
9025.0,0.4800000000000001
9026.0,-1.08
9027.0,0.4800000000000001
9028.0,-1.0
9029.0,-1.12
9030.0,-1.04
9031.0,-1.28
9032.0,-1.2
9033.0,-1.6
9034.0,-0.5200000000000007
9035.0,-1.0
9036.0,-1.56
9037.0,-1.04
9038.0,0.4800000000000001
9039.0,-1.0
9040.0,-1.0
9041.0,-1.04
9042.0,-1.3599999999999999
9043.0,-1.0
9044.0,-1.0
9045.0,-1.0
9046.0,0.4800000000000001
9047.0,-1.04
9048.0,-1.48
9049.0,-1.0
9050.0,-1.7600000000000002
9051.0,-1.56
9052.0,0.4800000000000001
9053.0,-1.3599999999999999
9054.0,-1.08
9055.0,-1.16
9056.0,-1.12
9057.0,-1.08
9058.0,-1.08
9059.0,-1.8400000000000016
9060.0,-1.3599999999999999
9061.0,-1.24
9062.0,-8.000000000000005
9063.0,-1.04
9064.0,-1.0
9065.0,-3.8400000000000016
9066.0,-1.04
9067.0,-1.0
9068.0,-1.48
9069.0,0.4800000000000001
9070.0,0.4800000000000001
9071.0,-1.04
9072.0,-1.0
9073.0,-1.04
9074.0,-1.32
9075.0,0.4800000000000001
9076.0,-1.4
9077.0,-1.0
9078.0,-1.04
9079.0,-1.0
9080.0,0.4800000000000001
9081.0,-1.04
9082.0,-1.08
9083.0,-1.12
9084.0,-1.24
9085.0,-1.04
9086.0,-1.3599999999999999
9087.0,-1.16
9088.0,-1.08
9089.0,-0.6400000000000008
9090.0,0.4
9091.0,-1.16
9092.0,-1.0
9093.0,-1.32
9094.0,-1.08
9095.0,-1.28
9096.0,-1.4000000000000012
9097.0,-1.9600000000000004
9098.0,-1.4
9099.0,-1.48
9100.0,0.1599999999999998
9101.0,-1.16
9102.0,-1.240000000000001
9103.0,-1.3600000000000012
9104.0,0.4800000000000001
9105.0,-1.16
9106.0,-1.16
9107.0,-1.04
9108.0,-1.08
9109.0,-1.32
9110.0,-1.08
9111.0,-1.4
9112.0,-1.32
9113.0,-1.3599999999999999
9114.0,-1.04
9115.0,-4.320000000000002
9116.0,-1.0
9117.0,-1.2
9118.0,-1.3599999999999999
9119.0,-1.04
9120.0,-1.0
9121.0,0.4
9122.0,-2.920000000000001
9123.0,-1.2
9124.0,-1.12
9125.0,-1.3200000000000012
9126.0,-1.12
9127.0,-1.24
9128.0,-1.4
9129.0,-1.28
9130.0,-1.12
9131.0,0.31999999999999995
9132.0,-4.600000000000002
9133.0,-1.16
9134.0,0.23999999999999988
9135.0,-1.08
9136.0,-1.24
9137.0,-2.7600000000000025
9138.0,-1.04
9139.0,-1.48
9140.0,-7.000000000000004
9141.0,-1.28
9142.0,-1.08
9143.0,-1.3599999999999999
9144.0,-1.0
9145.0,-2.12
9146.0,-2.920000000000001
9147.0,0.4800000000000001
9148.0,-1.24
9149.0,-1.08
9150.0,-1.04
9151.0,-1.24
9152.0,-1.2
9153.0,-1.28
9154.0,-1.8800000000000003
9155.0,-1.48
9156.0,-1.0
9157.0,0.4800000000000001
9158.0,-1.52
9159.0,-1.08
9160.0,-1.04
9161.0,-1.6400000000000001
9162.0,0.2799999999999999
9163.0,-1.08
9164.0,-8.000000000000005
9165.0,-1.2
9166.0,0.4
9167.0,-1.2
9168.0,-1.08
9169.0,-2.5200000000000022
9170.0,0.4800000000000001
9171.0,-1.16
9172.0,-8.000000000000005
9173.0,-1.04
9174.0,-1.44
9175.0,-1.28
9176.0,0.4
9177.0,-0.4000000000000006
9178.0,-6.760000000000004
9179.0,-1.0
9180.0,-1.0
9181.0,-3.360000000000001
9182.0,-2.2
9183.0,-2.220446049250313e-16
9184.0,-1.44
9185.0,-1.32
9186.0,0.4800000000000001
9187.0,-1.12
9188.0,-2.2
9189.0,-1.32
9190.0,-0.4000000000000006
9191.0,-1.32
9192.0,-4.000000000000002
9193.0,-0.0800000000000003
9194.0,0.36
9195.0,-1.04
9196.0,0.31999999999999995
9197.0,-8.000000000000005
9198.0,-1.0
9199.0,-1.08
9200.0,-1.12
9201.0,-1.04
9202.0,-1.08
9203.0,-1.04
9204.0,-1.4
9205.0,-2.080000000000002
9206.0,-1.04
9207.0,-1.2
9208.0,0.44000000000000006
9209.0,-2.400000000000002
9210.0,-1.08
9211.0,0.4
9212.0,-1.56
9213.0,-1.04
9214.0,-1.2
9215.0,-1.16
9216.0,-1.12
9217.0,-0.7200000000000009
9218.0,-1.3599999999999999
9219.0,-1.3599999999999999
9220.0,-1.32
9221.0,-1.2
9222.0,-1.16
9223.0,0.44000000000000006
9224.0,-1.3599999999999999
9225.0,-1.08
9226.0,-1.160000000000001
9227.0,-1.12
9228.0,0.4800000000000001
9229.0,-1.12
9230.0,-0.3200000000000005
9231.0,-1.0
9232.0,-1.12
9233.0,-1.32
9234.0,-1.3599999999999999
9235.0,-1.32
9236.0,-1.3599999999999999
9237.0,-1.04
9238.0,-1.04
9239.0,-0.880000000000001
9240.0,-1.16
9241.0,0.4800000000000001
9242.0,-1.04
9243.0,-1.0
9244.0,-1.04
9245.0,0.36
9246.0,0.4800000000000001
9247.0,-1.0
9248.0,-1.0
9249.0,-1.6
9250.0,-1.0
9251.0,0.36
9252.0,0.4800000000000001
9253.0,-1.3599999999999999
9254.0,-1.16
9255.0,-8.000000000000005
9256.0,-1.2
9257.0,-1.04
9258.0,0.4800000000000001
9259.0,-1.48
9260.0,-1.4
9261.0,-0.6400000000000008
9262.0,-1.44
9263.0,-1.08
9264.0,-1.0
9265.0,-1.08
9266.0,-1.28
9267.0,-2.6400000000000023
9268.0,-1.4
9269.0,-1.16
9270.0,-1.2
9271.0,-1.12
9272.0,-1.24
9273.0,-1.24
9274.0,-1.3599999999999999
9275.0,-1.0
9276.0,-1.16
9277.0,0.4
9278.0,-1.28
9279.0,-0.5200000000000007
9280.0,-1.52
9281.0,-1.08
9282.0,-1.44
9283.0,0.19999999999999984
9284.0,-1.32
9285.0,-1.7600000000000002
9286.0,-1.0
9287.0,-1.12
9288.0,-1.16
9289.0,-2.3600000000000003
9290.0,-1.32
9291.0,-1.04
9292.0,-1.24
9293.0,-1.28
9294.0,-1.0
9295.0,-1.04
9296.0,0.31999999999999995
9297.0,-1.32
9298.0,-1.04
9299.0,-8.000000000000005
9300.0,-0.4400000000000006
9301.0,-1.04
9302.0,-1.32
9303.0,-3.7600000000000033
9304.0,-1.24
9305.0,-2.5200000000000005
9306.0,0.4
9307.0,-1.4
9308.0,-2.920000000000001
9309.0,-2.960000000000001
9310.0,-1.12
9311.0,-1.0
9312.0,-2.24
9313.0,-1.48
9314.0,-1.24
9315.0,-1.04
9316.0,-0.4400000000000006
9317.0,-1.0
9318.0,-1.3599999999999999
9319.0,0.4
9320.0,-1.4
9321.0,-1.3599999999999999
9322.0,-1.04
9323.0,-1.4
9324.0,-1.16
9325.0,-1.12
9326.0,-1.44
9327.0,-1.2
9328.0,-1.0
9329.0,-8.000000000000005
9330.0,-1.16
9331.0,-1.3599999999999999
9332.0,-1.0
9333.0,-1.32
9334.0,-1.24
9335.0,-1.04
9336.0,-1.2
9337.0,-4.520000000000004
9338.0,-1.32
9339.0,-1.0
9340.0,-1.08
9341.0,-1.08
9342.0,0.36
9343.0,-1.24
9344.0,-1.16
9345.0,-0.12000000000000033
9346.0,-1.04
9347.0,0.44000000000000006
9348.0,-0.5600000000000007
9349.0,-1.08
9350.0,-1.7200000000000002
9351.0,-1.6
9352.0,-1.24
9353.0,-8.000000000000005
9354.0,-1.04
9355.0,-1.0
9356.0,-1.24
9357.0,-1.2
9358.0,-1.44
9359.0,0.31999999999999995
9360.0,-1.16
9361.0,0.4800000000000001
9362.0,-2.24
9363.0,-1.28
9364.0,0.36
9365.0,-1.4
9366.0,-1.16
9367.0,-8.440000000000005
9368.0,0.4
9369.0,-5.840000000000003
9370.0,-1.04
9371.0,-1.04
9372.0,0.4
9373.0,-1.12
9374.0,0.44000000000000006
9375.0,-1.56
9376.0,-1.0
9377.0,-1.0
9378.0,-1.04
9379.0,-1.12
9380.0,0.19999999999999984
9381.0,-0.24000000000000044
9382.0,-1.08
9383.0,0.4
9384.0,-1.2
9385.0,-1.0
9386.0,-1.08
9387.0,-1.48
9388.0,-1.08
9389.0,0.4800000000000001
9390.0,0.4
9391.0,-1.28
9392.0,0.4
9393.0,-1.3599999999999999
9394.0,-1.08
9395.0,-1.08
9396.0,-1.2
9397.0,-1.4
9398.0,-1.0
9399.0,-1.0
9400.0,-1.2
9401.0,-1.0
9402.0,-1.08
9403.0,0.4
9404.0,-1.04
9405.0,-1.08
9406.0,-8.000000000000005
9407.0,0.4800000000000001
9408.0,-0.880000000000001
9409.0,-0.0800000000000003
9410.0,0.4
9411.0,-1.24
9412.0,-5.080000000000003
9413.0,-1.04
9414.0,-1.4
9415.0,-1.2
9416.0,-0.12000000000000033
9417.0,-0.6400000000000008
9418.0,-1.04
9419.0,-1.08
9420.0,-8.000000000000005
9421.0,-1.2
9422.0,-1.2
9423.0,-1.16
9424.0,-1.32
9425.0,-1.4000000000000012
9426.0,-1.0
9427.0,0.4800000000000001
9428.0,-1.0
9429.0,-1.4
9430.0,-1.12
9431.0,0.4800000000000001
9432.0,-1.08
9433.0,-1.16
9434.0,-1.08
9435.0,-1.04
9436.0,-1.12
9437.0,-5.560000000000003
9438.0,-1.2
9439.0,-1.4
9440.0,-1.04
9441.0,-1.4
9442.0,-1.6400000000000015
9443.0,-1.28
9444.0,-1.04
9445.0,-1.32
9446.0,-1.08
9447.0,-1.4
9448.0,-1.12
9449.0,0.44000000000000006
9450.0,-1.04
9451.0,-1.04
9452.0,-1.24
9453.0,-1.2
9454.0,-8.000000000000005
9455.0,-1.08
9456.0,-1.04
9457.0,-1.12
9458.0,-1.32
9459.0,-1.0
9460.0,-1.32
9461.0,-1.2
9462.0,0.36
9463.0,-1.12
9464.0,-2.220446049250313e-16
9465.0,-0.5200000000000007
9466.0,-1.08
9467.0,-1.2
9468.0,0.31999999999999995
9469.0,-1.0
9470.0,0.36
9471.0,0.4800000000000001
9472.0,-1.04
9473.0,0.2799999999999999
9474.0,-1.12
9475.0,-2.7200000000000024
9476.0,-1.04
9477.0,-1.0
9478.0,-2.7600000000000007
9479.0,-1.04
9480.0,0.4800000000000001
9481.0,0.4800000000000001
9482.0,-1.04
9483.0,-8.000000000000005
9484.0,0.44000000000000006
9485.0,-1.04
9486.0,-1.04
9487.0,-2.7200000000000006
9488.0,-0.28000000000000047
9489.0,0.4800000000000001
9490.0,-1.32
9491.0,-1.0
9492.0,-1.12
9493.0,-2.12
9494.0,-1.0
9495.0,-1.32
9496.0,-0.0800000000000003
9497.0,-1.08
9498.0,-1.04
9499.0,-1.12
9500.0,-1.4
9501.0,-1.32
9502.0,-1.52
9503.0,0.4800000000000001
9504.0,-1.08
9505.0,-2.7600000000000007
9506.0,-8.000000000000005
9507.0,-2.880000000000001
9508.0,-1.28
9509.0,-1.08
9510.0,-1.08
9511.0,-1.16
9512.0,0.4800000000000001
9513.0,-1.08
9514.0,-1.48
9515.0,0.4800000000000001
9516.0,-1.12
9517.0,-1.08
9518.0,-1.4
9519.0,-8.000000000000005
9520.0,-1.04
9521.0,0.4800000000000001
9522.0,-1.16
9523.0,-1.52
9524.0,-1.0
9525.0,-1.12
9526.0,0.4
9527.0,-1.16
9528.0,-0.28000000000000047
9529.0,-1.04
9530.0,-1.28
9531.0,-1.6400000000000001
9532.0,-2.3600000000000003
9533.0,-5.520000000000003
9534.0,-1.04
9535.0,-1.44
9536.0,-1.2
9537.0,-1.32
9538.0,-1.32
9539.0,-1.28
9540.0,0.1599999999999998
9541.0,0.4
9542.0,0.4
9543.0,-1.04
9544.0,0.4800000000000001
9545.0,-1.12
9546.0,0.4800000000000001
9547.0,0.4800000000000001
9548.0,-1.44
9549.0,-1.0
9550.0,0.4800000000000001
9551.0,-1.0
9552.0,-5.0400000000000045
9553.0,-1.0
9554.0,-5.720000000000003
9555.0,-1.04
9556.0,-1.24
9557.0,0.4800000000000001
9558.0,-1.4
9559.0,-1.32
9560.0,0.4800000000000001
9561.0,-1.28
9562.0,-1.48
9563.0,-1.24
9564.0,-8.000000000000005
9565.0,-8.000000000000005
9566.0,0.4800000000000001
9567.0,-1.4
9568.0,-5.9200000000000035
9569.0,-1.32
9570.0,-1.08
9571.0,-1.12
9572.0,-1.16
9573.0,-1.12
9574.0,-1.04
9575.0,-1.16
9576.0,-1.3599999999999999
9577.0,-1.32
9578.0,-1.3599999999999999
9579.0,-1.08
9580.0,-1.12
9581.0,-1.08
9582.0,-3.8000000000000016
9583.0,-1.0
9584.0,-1.08
9585.0,-0.0800000000000003
9586.0,-1.16
9587.0,-1.08
9588.0,-1.08
9589.0,-1.0
9590.0,-1.3599999999999999
9591.0,-1.16
9592.0,-1.28
9593.0,-1.44
9594.0,-1.12
9595.0,-1.32
9596.0,-1.12
9597.0,-0.0800000000000003
9598.0,0.4
9599.0,-1.0
9600.0,-1.04
9601.0,-1.08
9602.0,-1.04
9603.0,0.44000000000000006
9604.0,-1.24
9605.0,-8.000000000000005
9606.0,-1.2
9607.0,-1.44
9608.0,0.0399999999999997
9609.0,-2.6000000000000005
9610.0,0.44000000000000006
9611.0,-2.7200000000000006
9612.0,-1.9600000000000017
9613.0,-1.6400000000000001
9614.0,-1.04
9615.0,-1.32
9616.0,0.4
9617.0,-1.12
9618.0,0.2799999999999999
9619.0,0.23999999999999988
9620.0,-1.04
9621.0,-1.44
9622.0,-1.2
9623.0,-8.000000000000005
9624.0,-1.0
9625.0,-1.3599999999999999
9626.0,-1.0
9627.0,-1.3599999999999999
9628.0,-1.8000000000000016
9629.0,0.4
9630.0,-1.6400000000000001
9631.0,-1.56
9632.0,-1.32
9633.0,0.44000000000000006
9634.0,0.4800000000000001
9635.0,-1.28
9636.0,-8.000000000000005
9637.0,-0.7600000000000009
9638.0,-3.200000000000003
9639.0,0.4
9640.0,-1.3599999999999999
9641.0,-1.0
9642.0,0.4800000000000001
9643.0,-1.04
9644.0,0.4800000000000001
9645.0,-1.3599999999999999
9646.0,0.4800000000000001
9647.0,-1.2
9648.0,-1.0
9649.0,-1.2
9650.0,-8.040000000000006
9651.0,-1.7600000000000002
9652.0,-1.0
9653.0,0.44000000000000006
9654.0,-1.2
9655.0,-8.000000000000005
9656.0,0.23999999999999988
9657.0,-1.2800000000000011
9658.0,-2.16
9659.0,-1.32
9660.0,-1.04
9661.0,-1.16
9662.0,-1.080000000000001
9663.0,-1.2
9664.0,-7.560000000000005
9665.0,-1.04
9666.0,-1.08
9667.0,-1.04
9668.0,-8.000000000000005
9669.0,-1.04
9670.0,-2.4400000000000004
9671.0,0.36
9672.0,-1.28
9673.0,-8.000000000000005
9674.0,-1.24
9675.0,-8.080000000000005
9676.0,-1.12
9677.0,-1.44
9678.0,-8.000000000000005
9679.0,0.4800000000000001
9680.0,-0.7600000000000009
9681.0,-1.160000000000001
9682.0,-1.12
9683.0,0.4800000000000001
9684.0,0.4800000000000001
9685.0,-0.920000000000001
9686.0,0.4800000000000001
9687.0,-0.12000000000000033
9688.0,-1.44
9689.0,-1.08
9690.0,-1.0
9691.0,-1.28
9692.0,-1.28
9693.0,-1.24
9694.0,-1.28
9695.0,-1.12
9696.0,-1.44
9697.0,-1.24
9698.0,-1.0
9699.0,-2.8800000000000026
9700.0,-1.08
9701.0,-8.000000000000005
9702.0,0.23999999999999988
9703.0,0.4
9704.0,-1.08
9705.0,-1.4
9706.0,0.31999999999999995
9707.0,-2.6400000000000023
9708.0,-2.16
9709.0,-1.24
9710.0,-1.12
9711.0,-1.08
9712.0,-1.12
9713.0,-2.04
9714.0,-1.16
9715.0,-1.0
9716.0,-1.08
9717.0,-1.24
9718.0,0.31999999999999995
9719.0,-1.48
9720.0,-1.12
9721.0,-1.32
9722.0,-1.04
9723.0,-8.000000000000005
9724.0,-1.2
9725.0,-1.16
9726.0,0.44000000000000006
9727.0,0.44000000000000006
9728.0,-1.12
9729.0,-1.04
9730.0,-1.0
9731.0,-1.2
9732.0,0.4800000000000001
9733.0,-1.12
9734.0,0.4800000000000001
9735.0,-1.28
9736.0,-1.12
9737.0,-1.04
9738.0,0.4800000000000001
9739.0,-1.2
9740.0,0.4800000000000001
9741.0,-1.3599999999999999
9742.0,0.4800000000000001
9743.0,-1.16
9744.0,0.31999999999999995
9745.0,-1.04
9746.0,-2.6000000000000005
9747.0,-1.08
9748.0,-1.28
9749.0,0.4800000000000001
9750.0,-0.3200000000000005
9751.0,-1.16
9752.0,-1.16
9753.0,-3.040000000000001
9754.0,-1.3599999999999999
9755.0,0.4
9756.0,0.4800000000000001
9757.0,-8.000000000000005
9758.0,-1.12
9759.0,-1.12
9760.0,-1.2
9761.0,-1.0
9762.0,-1.3599999999999999
9763.0,-8.000000000000005
9764.0,-1.16
9765.0,-1.48
9766.0,-1.2
9767.0,-2.08
9768.0,-1.44
9769.0,-1.44
9770.0,-1.32
9771.0,0.36
9772.0,-1.48
9773.0,0.1599999999999998
9774.0,-8.000000000000005
9775.0,-1.12
9776.0,-1.28
9777.0,-1.48
9778.0,-1.04
9779.0,-1.0
9780.0,-8.000000000000005
9781.0,-1.160000000000001
9782.0,-1.0
9783.0,-1.28
9784.0,-2.8000000000000007
9785.0,-1.28
9786.0,-8.000000000000005
9787.0,0.4
9788.0,-1.44
9789.0,-1.08
9790.0,-1.16
9791.0,-1.3599999999999999
9792.0,-4.160000000000002
9793.0,0.4800000000000001
9794.0,-1.32
9795.0,-1.16
9796.0,0.4
9797.0,-1.2
9798.0,-1.4
9799.0,-1.12
9800.0,0.4800000000000001
9801.0,-1.56
9802.0,-1.12
9803.0,-1.12
9804.0,-1.04
9805.0,0.4800000000000001
9806.0,0.31999999999999995
9807.0,-1.44
9808.0,-1.4
9809.0,-1.4
9810.0,-2.880000000000001
9811.0,-1.24
9812.0,-1.24
9813.0,-1.08
9814.0,-1.32
9815.0,0.4800000000000001
9816.0,-1.4
9817.0,-1.08
9818.0,-1.04
9819.0,-1.08
9820.0,-1.04
9821.0,-1.2
9822.0,-1.52
9823.0,-1.24
9824.0,-6.280000000000006
9825.0,-1.12
9826.0,-1.24
9827.0,-1.0
9828.0,-1.04
9829.0,-1.12
9830.0,-1.32
9831.0,-1.12
9832.0,-1.04
9833.0,-1.3599999999999999
9834.0,0.31999999999999995
9835.0,-2.8400000000000007
9836.0,-1.4
9837.0,-1.16
9838.0,-1.9600000000000017
9839.0,-1.08
9840.0,-8.000000000000005
9841.0,-4.560000000000002
9842.0,-1.7600000000000016
9843.0,0.4800000000000001
9844.0,0.4800000000000001
9845.0,-1.3599999999999999
9846.0,-1.2
9847.0,-1.28
9848.0,-1.08
9849.0,-1.2
9850.0,-1.12
9851.0,-8.000000000000005
9852.0,-1.4
9853.0,0.23999999999999988
9854.0,-8.000000000000005
9855.0,-1.04
9856.0,-8.000000000000005
9857.0,-1.0
9858.0,-1.08
9859.0,-1.16
9860.0,0.4
9861.0,-1.0
9862.0,-1.44
9863.0,-1.32
9864.0,-0.4000000000000006
9865.0,-1.0
9866.0,-1.48
9867.0,-1.08
9868.0,-1.44
9869.0,-1.0
9870.0,-1.28
9871.0,-1.0
9872.0,-1.3599999999999999
9873.0,-1.4
9874.0,-1.16
9875.0,-8.000000000000005
9876.0,-1.24
9877.0,-1.04
9878.0,-1.28
9879.0,-1.32
9880.0,-1.0000000000000009
9881.0,-1.08
9882.0,-1.16
9883.0,-1.08
9884.0,-1.6
9885.0,0.4800000000000001
9886.0,-1.08
9887.0,-4.0000000000000036
9888.0,-1.44
9889.0,-1.08
9890.0,0.36
9891.0,-1.2
9892.0,-1.32
9893.0,-2.8400000000000007
9894.0,-8.000000000000005
9895.0,-1.3599999999999999
9896.0,0.4800000000000001
9897.0,-6.840000000000004
9898.0,-1.04
9899.0,-1.0
9900.0,-4.320000000000002
9901.0,-1.52
9902.0,-1.44
9903.0,-1.12
9904.0,-1.32
9905.0,-1.12
9906.0,0.4800000000000001
9907.0,0.31999999999999995
9908.0,-1.12
9909.0,-1.4
9910.0,-1.28
9911.0,0.36
9912.0,0.2799999999999999
9913.0,-1.44
9914.0,-1.24
9915.0,-1.08
9916.0,-1.28
9917.0,-1.12
9918.0,-1.08
9919.0,0.4800000000000001
9920.0,-1.16
9921.0,0.4800000000000001
9922.0,0.4800000000000001
9923.0,-1.2
9924.0,-1.0
9925.0,-8.000000000000005
9926.0,-1.0
9927.0,-1.08
9928.0,-8.000000000000005
9929.0,-8.000000000000005
9930.0,-1.08
9931.0,-1.0
9932.0,0.1599999999999998
9933.0,-1.0000000000000009
9934.0,-1.08
9935.0,-8.000000000000005
9936.0,-1.04
9937.0,-0.48000000000000065
9938.0,-1.32
9939.0,-0.24000000000000044
9940.0,-1.28
9941.0,-1.6
9942.0,0.4
9943.0,-1.0
9944.0,-1.12
9945.0,-0.16000000000000036
9946.0,-1.24
9947.0,0.4800000000000001
9948.0,-1.12
9949.0,-1.04
9950.0,0.4800000000000001
9951.0,-1.3599999999999999
9952.0,-1.48
9953.0,-1.48
9954.0,-1.32
9955.0,-1.04
9956.0,-1.0
9957.0,-1.56
9958.0,-1.28
9959.0,-1.08
9960.0,-1.0
9961.0,-2.9600000000000026
9962.0,-1.12
9963.0,-1.12
9964.0,-1.3599999999999999
9965.0,-1.16
9966.0,-1.6
9967.0,-0.3200000000000005
9968.0,-1.12
9969.0,-1.08
9970.0,-1.2
9971.0,0.4800000000000001
9972.0,-2.7600000000000007
9973.0,-1.0
9974.0,-1.16
9975.0,-1.04
9976.0,-1.32
9977.0,-1.4
9978.0,-1.08
9979.0,-1.12
9980.0,-0.5200000000000007
9981.0,-1.12
9982.0,-1.24
9983.0,-1.24
9984.0,-1.0
9985.0,-1.4
9986.0,-1.16
9987.0,-0.6400000000000008
9988.0,-1.48
9989.0,-1.12
9990.0,-1.12
9991.0,0.07999999999999974
9992.0,-1.4
9993.0,0.4800000000000001
9994.0,-0.36000000000000054
9995.0,-1.04
9996.0,-1.2
9997.0,-1.12
9998.0,-3.0400000000000027
9999.0,-1.16
