# Episodes, Rewards
0.0,-5.01
1.0,-5.02
2.0,-5.1
3.0,-5.07
4.0,-5.53
5.0,-5.05
6.0,-5.08
7.0,-5.17
8.0,-5.17
9.0,-5.04
10.0,-5.86
11.0,-5.22
12.0,-5.3500000000000005
13.0,-5.09
14.0,-5.33
15.0,-5.02
16.0,-5.08
17.0,-5.61
18.0,-5.15
19.0,-5.3
20.0,-5.01
21.0,-5.02
22.0,-5.16
23.0,-5.06
24.0,-5.03
25.0,-5.04
26.0,-5.04
27.0,-5.05
28.0,-5.02
29.0,-5.04
30.0,-5.34
31.0,-5.03
32.0,-5.16
33.0,-5.29
34.0,-5.06
35.0,-5.01
36.0,-5.24
37.0,-5.24
38.0,-5.13
39.0,-5.12
40.0,-5.12
41.0,-5.08
42.0,-5.05
43.0,-5.03
44.0,-5.53
45.0,-5.25
46.0,-5.08
47.0,-5.04
48.0,-5.03
49.0,-5.5600000000000005
50.0,-5.26
51.0,-5.11
52.0,-5.25
53.0,-5.04
54.0,-5.32
55.0,-5.86
56.0,-5.3100000000000005
57.0,-5.02
58.0,-5.01
59.0,-5.1
60.0,-5.01
61.0,-5.05
62.0,-5.02
63.0,-5.07
64.0,-5.04
65.0,-1.0000000000000007
66.0,-5.02
67.0,-5.07
68.0,-5.4
69.0,-5.02
70.0,-5.25
71.0,-5.3100000000000005
72.0,-1.0000000000000007
73.0,-5.01
74.0,-5.14
75.0,-5.16
76.0,-5.06
77.0,-5.04
78.0,-5.09
79.0,-5.470000000000001
80.0,-5.02
81.0,-5.17
82.0,-5.18
83.0,-5.14
84.0,-5.03
85.0,-1.0000000000000007
86.0,-5.01
87.0,-5.03
88.0,-5.5
89.0,-5.02
90.0,-5.83
91.0,-5.36
92.0,-5.970000000000001
93.0,-5.15
94.0,-1.0000000000000007
95.0,-5.11
96.0,-5.02
97.0,-5.12
98.0,-5.07
99.0,-5.760000000000001
100.0,-5.03
101.0,-5.02
102.0,-5.02
103.0,-5.01
104.0,-5.06
105.0,-5.01
106.0,-5.13
107.0,-5.06
108.0,-5.02
109.0,-5.06
110.0,-5.15
111.0,-5.04
112.0,-5.5200000000000005
113.0,-5.06
114.0,-5.15
115.0,-5.32
116.0,-5.03
117.0,-5.1
118.0,-5.12
119.0,-5.05
120.0,-5.01
121.0,-5.04
122.0,-5.7
123.0,-5.03
124.0,-5.05
125.0,-5.07
126.0,-5.21
127.0,-5.02
128.0,-5.05
129.0,-5.08
130.0,-5.02
131.0,-5.11
132.0,-5.470000000000001
133.0,-5.08
134.0,-5.11
135.0,-5.18
136.0,-5.16
137.0,-5.1
138.0,-5.03
139.0,-5.08
140.0,-5.45
141.0,-5.04
142.0,-5.07
143.0,-5.02
144.0,-5.01
145.0,-5.23
146.0,-5.06
147.0,-5.37
148.0,-5.07
149.0,-5.390000000000001
150.0,-5.06
151.0,-5.12
152.0,-5.7700000000000005
153.0,-5.08
154.0,-5.2700000000000005
155.0,-5.17
156.0,-5.07
157.0,-5.2700000000000005
158.0,-5.08
159.0,-5.06
160.0,-5.07
161.0,-5.22
162.0,-5.36
163.0,-5.03
164.0,-5.34
165.0,-5.02
166.0,-5.06
167.0,-5.01
168.0,-5.02
169.0,-5.03
170.0,-5.15
171.0,-5.2
172.0,-5.06
173.0,-5.04
174.0,-5.06
175.0,-5.06
176.0,-5.04
177.0,-5.05
178.0,-5.04
179.0,-5.42
180.0,-5.36
181.0,-5.01
182.0,-5.33
183.0,-5.07
184.0,-5.08
185.0,-5.03
186.0,-5.05
187.0,-5.02
188.0,-5.61
189.0,-5.23
190.0,-5.5200000000000005
191.0,-5.08
192.0,-5.02
193.0,-5.680000000000001
194.0,-5.11
195.0,-5.11
196.0,-5.05
197.0,-1.0000000000000007
198.0,-1.0000000000000007
199.0,-5.02
200.0,-5.03
201.0,-5.51
202.0,-5.05
203.0,-5.01
204.0,-5.03
205.0,-5.1
206.0,-5.02
207.0,-5.06
208.0,-5.12
209.0,-1.0000000000000007
210.0,-5.05
211.0,-5.15
212.0,-5.6000000000000005
213.0,-5.09
214.0,-5.9
215.0,-5.13
216.0,-1.0000000000000007
217.0,-5.06
218.0,-5.1
219.0,-5.78
220.0,-5.23
221.0,-5.04
222.0,-5.13
223.0,-5.02
224.0,-5.02
225.0,-5.08
226.0,-5.430000000000001
227.0,-5.15
228.0,-5.16
229.0,-5.1
230.0,-5.12
231.0,-5.08
232.0,-5.22
233.0,-5.02
234.0,-5.09
235.0,-5.08
236.0,-5.04
237.0,-5.03
238.0,-5.04
239.0,-5.12
240.0,-5.800000000000001
241.0,-5.33
242.0,-5.3500000000000005
243.0,-5.34
244.0,-5.04
245.0,-5.08
246.0,-5.02
247.0,-5.15
248.0,-5.2
249.0,-5.01
250.0,-5.1
251.0,-5.67
252.0,-5.45
253.0,-5.08
254.0,-5.3100000000000005
255.0,-5.05
256.0,-5.54
257.0,-5.13
258.0,-5.02
259.0,-5.13
260.0,-5.05
261.0,-5.67
262.0,-5.08
263.0,-5.09
264.0,-5.13
265.0,-5.06
266.0,-5.08
267.0,-5.54
268.0,-5.12
269.0,-5.05
270.0,-5.04
271.0,-5.02
272.0,-5.12
273.0,-5.07
274.0,-5.04
275.0,-5.04
276.0,-5.02
277.0,-5.2700000000000005
278.0,-5.02
279.0,-5.06
280.0,-5.57
281.0,-5.28
282.0,-5.19
283.0,-5.16
284.0,-5.48
285.0,-5.24
286.0,-5.08
287.0,-5.07
288.0,-5.390000000000001
289.0,-5.08
290.0,-5.2
291.0,-5.04
292.0,-5.17
293.0,-5.32
294.0,-5.05
295.0,-5.05
296.0,-5.32
297.0,-5.03
298.0,-5.17
299.0,-5.24
300.0,-5.06
301.0,-5.06
302.0,-5.17
303.0,-5.18
304.0,-5.09
305.0,-5.710000000000001
306.0,-5.57
307.0,-5.01
308.0,-5.2700000000000005
309.0,-5.16
310.0,-5.02
311.0,-5.01
312.0,-5.07
313.0,-5.25
314.0,-5.28
315.0,-5.1
316.0,-5.13
317.0,-5.14
318.0,-5.26
319.0,-5.04
320.0,-5.13
321.0,-5.26
322.0,-5.04
323.0,-1.0000000000000007
324.0,-5.03
325.0,-5.870000000000001
326.0,-5.8100000000000005
327.0,-5.16
328.0,-5.920000000000001
329.0,-5.3
330.0,-5.05
331.0,-5.08
332.0,-5.1
333.0,-5.11
334.0,-5.03
335.0,-5.05
336.0,-5.470000000000001
337.0,-5.12
338.0,-5.13
339.0,-5.470000000000001
340.0,-5.07
341.0,-5.22
342.0,-5.02
343.0,-5.19
344.0,-5.23
345.0,-5.04
346.0,-5.02
347.0,-5.09
348.0,-5.02
349.0,-5.34
350.0,-5.41
351.0,-5.03
352.0,-5.29
353.0,-5.02
354.0,-5.05
355.0,-5.14
356.0,-5.06
357.0,-5.05
358.0,-5.04
359.0,-5.04
360.0,-5.04
361.0,-5.03
362.0,-5.2700000000000005
363.0,-5.03
364.0,-5.01
365.0,-5.1
366.0,-5.29
367.0,-5.03
368.0,-5.12
369.0,-5.03
370.0,-5.06
371.0,-5.11
372.0,-5.23
373.0,-5.1
374.0,-5.02
375.0,-5.3100000000000005
376.0,-5.06
377.0,-5.74
378.0,-5.05
379.0,-5.01
380.0,-5.11
381.0,-5.22
382.0,-5.2700000000000005
383.0,-5.19
384.0,-5.1
385.0,-5.3100000000000005
386.0,-5.25
387.0,-5.69
388.0,-5.04
389.0,-5.04
390.0,-5.23
391.0,-5.02
392.0,-5.05
393.0,-5.11
394.0,-5.02
395.0,-5.04
396.0,-5.23
397.0,-5.19
398.0,-5.98
399.0,-5.1
400.0,-5.1
401.0,-5.24
402.0,-5.8100000000000005
403.0,-5.11
404.0,-5.02
405.0,-5.24
406.0,-5.01
407.0,-5.59
408.0,-5.430000000000001
409.0,-5.04
410.0,-5.4
411.0,-5.03
412.0,-5.01
413.0,-5.08
414.0,-5.02
415.0,-5.07
416.0,-5.46
417.0,-5.37
418.0,-5.1
419.0,-5.05
420.0,-5.26
421.0,-5.14
422.0,-5.2
423.0,-5.01
424.0,-5.15
425.0,-5.02
426.0,-5.1
427.0,-5.710000000000001
428.0,-5.3100000000000005
429.0,-5.07
430.0,-5.08
431.0,-5.01
432.0,-5.11
433.0,-5.3500000000000005
434.0,-5.3100000000000005
435.0,-5.78
436.0,-5.08
437.0,-5.04
438.0,-5.470000000000001
439.0,-5.07
440.0,-5.04
441.0,-5.1
442.0,-5.05
443.0,-5.04
444.0,-5.01
445.0,-5.03
446.0,-5.05
447.0,-5.03
448.0,-5.03
449.0,-5.18
450.0,-5.36
451.0,-5.2
452.0,-5.48
453.0,-5.04
454.0,-5.13
455.0,-5.06
456.0,-5.17
457.0,-5.19
458.0,-5.04
459.0,-5.02
460.0,-5.08
461.0,-5.01
462.0,-5.02
463.0,-5.15
464.0,-5.38
465.0,-5.710000000000001
466.0,-5.09
467.0,-5.07
468.0,-5.05
469.0,-5.11
470.0,-5.3
471.0,-5.12
472.0,-5.06
473.0,-5.45
474.0,-5.01
475.0,-5.2
476.0,-5.21
477.0,-5.32
478.0,-5.24
479.0,-5.24
480.0,-5.12
481.0,-5.04
482.0,-5.03
483.0,-5.49
484.0,-5.54
485.0,-5.12
486.0,-5.01
487.0,-5.03
488.0,-5.05
489.0,-5.05
490.0,-5.2
491.0,-5.02
492.0,-5.48
493.0,-5.05
494.0,-5.01
495.0,-5.05
496.0,-5.02
497.0,-5.05
498.0,-5.1
499.0,-5.1
500.0,-5.29
501.0,-5.09
502.0,-5.23
503.0,-5.37
504.0,-5.7700000000000005
505.0,-5.3
506.0,-5.05
507.0,-5.11
508.0,-5.99
509.0,-1.0000000000000007
510.0,-5.06
511.0,-5.08
512.0,-5.24
513.0,-5.15
514.0,-5.06
515.0,-5.03
516.0,-5.01
517.0,-5.2
518.0,-5.02
519.0,-5.18
520.0,-5.02
521.0,-5.03
522.0,-5.04
523.0,-1.0000000000000007
524.0,-5.14
525.0,-5.09
526.0,-5.86
527.0,-5.74
528.0,-5.3500000000000005
529.0,-5.01
530.0,-5.470000000000001
531.0,-5.06
532.0,-5.04
533.0,-5.5200000000000005
534.0,-5.680000000000001
535.0,-5.83
536.0,-5.01
537.0,-5.07
538.0,-1.0000000000000007
539.0,-5.02
540.0,-5.12
541.0,-5.03
542.0,-5.01
543.0,-5.25
544.0,-5.16
545.0,-5.03
546.0,-5.11
547.0,-5.1
548.0,-1.0000000000000007
549.0,-5.04
550.0,-5.06
551.0,-5.05
552.0,-5.18
553.0,-5.21
554.0,-5.02
555.0,-5.11
556.0,-5.07
557.0,-5.12
558.0,-5.02
559.0,-5.04
560.0,-5.06
561.0,-5.15
562.0,-5.3500000000000005
563.0,-5.17
564.0,-5.04
565.0,-5.07
566.0,-5.5
567.0,-5.22
568.0,-5.01
569.0,-5.02
570.0,-5.03
571.0,-5.16
572.0,-5.06
573.0,-5.04
574.0,-5.02
575.0,-5.1
576.0,-5.33
577.0,-5.11
578.0,-5.23
579.0,-5.02
580.0,-5.03
581.0,-5.06
582.0,-5.09
583.0,-5.38
584.0,-5.03
585.0,-5.3500000000000005
586.0,-5.09
587.0,-5.21
588.0,-5.02
589.0,-5.04
590.0,-5.12
591.0,-5.1
592.0,-5.04
593.0,-5.03
594.0,-5.09
595.0,-5.75
596.0,-5.14
597.0,-5.04
598.0,-5.02
599.0,-5.05
600.0,-5.08
601.0,-5.13
602.0,-5.470000000000001
603.0,-5.17
604.0,-5.04
605.0,-5.02
606.0,-5.05
607.0,-5.14
608.0,-5.48
609.0,-5.03
610.0,-5.11
611.0,-5.04
612.0,-5.21
613.0,-5.03
614.0,-5.06
615.0,-5.25
616.0,-5.02
617.0,-5.02
618.0,-5.98
619.0,-5.07
620.0,-5.03
621.0,-5.25
622.0,-5.01
623.0,-5.16
624.0,-5.02
625.0,-5.09
626.0,-5.03
627.0,-5.36
628.0,-5.04
629.0,-5.23
630.0,-5.03
631.0,-5.04
632.0,-5.3500000000000005
633.0,-5.06
634.0,-5.24
635.0,-5.29
636.0,-5.01
637.0,-5.3500000000000005
638.0,-5.46
639.0,-5.02
640.0,-5.16
641.0,-5.09
642.0,-5.03
643.0,-5.1
644.0,-5.430000000000001
645.0,-5.890000000000001
646.0,-5.02
647.0,-5.11
648.0,-5.14
649.0,-5.04
650.0,-5.02
651.0,-5.32
652.0,-5.04
653.0,-5.14
654.0,-5.03
655.0,-5.06
656.0,-5.3100000000000005
657.0,-5.04
658.0,-5.09
659.0,-5.07
660.0,-5.33
661.0,-5.01
662.0,-5.22
663.0,-5.08
664.0,-5.48
665.0,-5.430000000000001
666.0,-5.02
667.0,-5.04
668.0,-5.13
669.0,-5.08
670.0,-5.6000000000000005
671.0,-5.08
672.0,-5.22
673.0,-5.05
674.0,-5.02
675.0,-5.04
676.0,-5.03
677.0,-5.14
678.0,-5.19
679.0,-5.01
680.0,-1.0000000000000007
681.0,-5.02
682.0,-5.34
683.0,-5.02
684.0,-5.36
685.0,-5.16
686.0,-5.36
687.0,-5.3
688.0,-5.05
689.0,-5.02
690.0,-5.08
691.0,-5.06
692.0,-5.03
693.0,-5.03
694.0,-5.07
695.0,-5.05
696.0,-5.32
697.0,-5.840000000000001
698.0,-5.21
699.0,-5.19
700.0,-5.44
701.0,-5.02
702.0,-5.02
703.0,-5.06
704.0,-5.07
705.0,-5.08
706.0,-5.11
707.0,-5.1
708.0,-5.08
709.0,-5.04
710.0,-5.14
711.0,-5.03
712.0,-5.01
713.0,-5.2
714.0,-5.01
715.0,-5.34
716.0,-5.05
717.0,-5.01
718.0,-5.2
719.0,-5.83
720.0,-5.05
721.0,-5.14
722.0,-5.06
723.0,-5.02
724.0,-5.880000000000001
725.0,-5.73
726.0,-5.36
727.0,-5.13
728.0,-5.1
729.0,-1.0000000000000007
730.0,-5.08
731.0,-5.05
732.0,-5.12
733.0,-5.04
734.0,-5.03
735.0,-1.0000000000000007
736.0,-5.17
737.0,-1.0000000000000007
738.0,-5.05
739.0,-5.19
740.0,-5.13
741.0,-5.04
742.0,-5.05
743.0,-5.05
744.0,-5.14
745.0,-5.15
746.0,-5.34
747.0,-5.05
748.0,-5.01
749.0,-5.21
750.0,-5.5200000000000005
751.0,-5.13
752.0,-5.42
753.0,-5.06
754.0,-5.14
755.0,-5.01
756.0,-5.36
757.0,-5.33
758.0,-5.12
759.0,-5.19
760.0,-5.3100000000000005
761.0,-5.01
762.0,-5.03
763.0,-5.390000000000001
764.0,-5.07
765.0,-5.18
766.0,-5.18
767.0,-5.03
768.0,-5.630000000000001
769.0,-5.54
770.0,-5.17
771.0,-5.13
772.0,-5.12
773.0,-5.11
774.0,-5.16
775.0,-5.09
776.0,-5.01
777.0,-5.16
778.0,-5.03
779.0,-5.2
780.0,-5.28
781.0,-5.640000000000001
782.0,-5.1
783.0,-5.07
784.0,-5.07
785.0,-5.06
786.0,-5.32
787.0,-5.02
788.0,-5.790000000000001
789.0,-5.01
790.0,-5.09
791.0,-5.2
792.0,-5.16
793.0,-5.01
794.0,-5.15
795.0,-5.08
796.0,-5.09
797.0,-5.01
798.0,-5.11
799.0,-5.06
800.0,-5.950000000000001
801.0,-5.07
802.0,-5.02
803.0,-5.1
804.0,-5.05
805.0,-5.86
806.0,-5.04
807.0,-5.14
808.0,-5.04
809.0,-5.03
810.0,-5.14
811.0,-5.06
812.0,-5.01
813.0,-5.22
814.0,-5.03
815.0,-5.16
816.0,-5.29
817.0,-5.01
818.0,-5.07
819.0,-5.49
820.0,-5.430000000000001
821.0,-5.04
822.0,-5.13
823.0,-5.13
824.0,-5.61
825.0,-5.01
826.0,-5.25
827.0,-5.02
828.0,-5.05
829.0,-5.02
830.0,-5.53
831.0,-5.1
832.0,-5.02
833.0,-5.09
834.0,-5.02
835.0,-5.17
836.0,-5.01
837.0,-5.02
838.0,-5.3500000000000005
839.0,-5.01
840.0,-5.14
841.0,-5.26
842.0,-5.29
843.0,-5.15
844.0,-5.04
845.0,-5.17
846.0,-5.32
847.0,-1.0000000000000007
848.0,-5.7700000000000005
849.0,-5.01
850.0,-5.14
851.0,-5.01
852.0,-5.5
853.0,-5.37
854.0,-5.800000000000001
855.0,-5.48
856.0,-5.41
857.0,-5.04
858.0,-5.02
859.0,-5.01
860.0,-5.07
861.0,-5.03
862.0,-5.61
863.0,-5.05
864.0,-5.06
865.0,-5.3100000000000005
866.0,-5.04
867.0,-5.58
868.0,-5.2700000000000005
869.0,-5.67
870.0,-5.09
871.0,-5.3
872.0,-5.21
873.0,-5.02
874.0,-5.02
875.0,-5.15
876.0,-5.24
877.0,-5.03
878.0,-5.07
879.0,-5.02
880.0,-5.3100000000000005
881.0,-5.09
882.0,-5.22
883.0,-5.06
884.0,-5.13
885.0,-5.800000000000001
886.0,-5.02
887.0,-5.970000000000001
888.0,-5.03
889.0,-5.61
890.0,-5.02
891.0,-5.06
892.0,-5.04
893.0,-5.04
894.0,-5.15
895.0,-5.01
896.0,-5.07
897.0,-5.04
898.0,-5.3
899.0,-5.36
900.0,-5.28
901.0,-5.08
902.0,-5.02
903.0,-5.4
904.0,-5.08
905.0,-5.53
906.0,-5.58
907.0,-5.710000000000001
908.0,-5.3500000000000005
909.0,-5.29
910.0,-5.08
911.0,-5.08
912.0,-5.04
913.0,-5.4
914.0,-5.24
915.0,-5.04
916.0,-5.09
917.0,-5.05
918.0,-5.05
919.0,-5.01
920.0,-5.03
921.0,-5.14
922.0,-5.01
923.0,-5.04
924.0,-5.08
925.0,-5.42
926.0,-5.06
927.0,-5.38
928.0,-5.1
929.0,-5.13
930.0,-5.26
931.0,-5.390000000000001
932.0,-5.32
933.0,-5.07
934.0,-5.1
935.0,-5.07
936.0,-5.21
937.0,-5.630000000000001
938.0,-5.15
939.0,-5.05
940.0,-1.0000000000000007
941.0,-5.03
942.0,-5.49
943.0,-5.12
944.0,-5.19
945.0,-5.02
946.0,-5.06
947.0,-5.04
948.0,-5.13
949.0,-5.08
950.0,-5.16
951.0,-5.32
952.0,-5.430000000000001
953.0,-5.06
954.0,-5.15
955.0,-5.22
956.0,-5.05
957.0,-5.24
958.0,-5.06
959.0,-5.05
960.0,-5.02
961.0,-5.08
962.0,-1.0000000000000007
963.0,-5.23
964.0,-5.05
965.0,-5.05
966.0,-5.01
967.0,-5.34
968.0,-5.41
969.0,-5.25
970.0,-5.630000000000001
971.0,-5.26
972.0,-5.02
973.0,-5.3100000000000005
974.0,-5.07
975.0,-1.0000000000000007
976.0,-5.1
977.0,-5.03
978.0,-5.26
979.0,-5.05
980.0,-5.08
981.0,-5.03
982.0,-5.550000000000001
983.0,-5.04
984.0,-5.24
985.0,-5.04
986.0,-5.08
987.0,-5.04
988.0,-5.04
989.0,-5.05
990.0,-5.03
991.0,-5.06
992.0,-5.58
993.0,-5.09
994.0,-5.07
995.0,-5.1
996.0,-5.17
997.0,-5.09
998.0,-5.06
999.0,-5.37
1000.0,-5.15
1001.0,-5.75
1002.0,-5.08
1003.0,-5.32
1004.0,-5.11
1005.0,-5.06
1006.0,-5.29
1007.0,-5.57
1008.0,-5.03
1009.0,-5.15
1010.0,-5.04
1011.0,-5.05
1012.0,-5.41
1013.0,-5.13
1014.0,-5.29
1015.0,-5.16
1016.0,-5.26
1017.0,-5.07
1018.0,-5.18
1019.0,-5.11
1020.0,-5.25
1021.0,-5.32
1022.0,-5.16
1023.0,-5.05
1024.0,-5.3
1025.0,-5.11
1026.0,-5.1
1027.0,-5.03
1028.0,-5.22
1029.0,-5.550000000000001
1030.0,-5.01
1031.0,-5.13
1032.0,-5.1
1033.0,-5.1
1034.0,-5.03
1035.0,-5.430000000000001
1036.0,-5.44
1037.0,-5.28
1038.0,-5.14
1039.0,-5.12
1040.0,-5.19
1041.0,-5.07
1042.0,-5.2700000000000005
1043.0,-5.22
1044.0,-5.790000000000001
1045.0,-5.07
1046.0,-5.03
1047.0,-5.36
1048.0,-5.53
1049.0,-5.430000000000001
1050.0,-5.04
1051.0,-5.01
1052.0,-5.22
1053.0,-5.02
1054.0,-5.04
1055.0,-5.01
1056.0,-5.16
1057.0,-5.1
1058.0,-5.01
1059.0,-5.13
1060.0,-5.02
1061.0,-5.11
1062.0,-5.1
1063.0,-5.04
1064.0,-5.1
1065.0,-5.11
1066.0,-5.01
1067.0,-5.08
1068.0,-5.02
1069.0,-5.46
1070.0,-5.19
1071.0,-5.18
1072.0,-5.33
1073.0,-5.12
1074.0,-5.06
1075.0,-5.06
1076.0,-5.13
1077.0,-5.04
1078.0,-5.06
1079.0,-5.73
1080.0,-5.05
1081.0,-5.01
1082.0,-5.04
1083.0,-5.03
1084.0,-5.65
1085.0,-5.13
1086.0,-5.04
1087.0,-5.07
1088.0,-5.550000000000001
1089.0,-5.15
1090.0,-5.19
1091.0,-5.08
1092.0,-5.03
1093.0,-5.09
1094.0,-5.61
1095.0,-5.04
1096.0,-5.01
1097.0,-5.2
1098.0,-5.16
1099.0,-5.49
1100.0,-5.890000000000001
1101.0,-5.04
1102.0,-5.28
1103.0,-5.720000000000001
1104.0,-1.0000000000000007
1105.0,-5.58
1106.0,-5.04
1107.0,-5.11
1108.0,-5.03
1109.0,-5.05
1110.0,-5.04
1111.0,-5.36
1112.0,-5.760000000000001
1113.0,-5.11
1114.0,-5.32
1115.0,-1.0000000000000007
1116.0,-5.06
1117.0,-5.08
1118.0,-1.0000000000000007
1119.0,-5.02
1120.0,-5.970000000000001
1121.0,-5.01
1122.0,-5.02
1123.0,-5.24
1124.0,-5.07
1125.0,-5.18
1126.0,-5.04
1127.0,-5.24
1128.0,-5.3
1129.0,-5.23
1130.0,-5.720000000000001
1131.0,-1.0000000000000007
1132.0,-5.05
1133.0,-5.04
1134.0,-5.09
1135.0,-5.3500000000000005
1136.0,-5.45
1137.0,-5.01
1138.0,-5.04
1139.0,-5.03
1140.0,-5.2
1141.0,-5.17
1142.0,-5.09
1143.0,-5.930000000000001
1144.0,-5.03
1145.0,-5.06
1146.0,-5.02
1147.0,-5.16
1148.0,-5.83
1149.0,-5.02
1150.0,-5.2
1151.0,-5.15
1152.0,-5.13
1153.0,-5.07
1154.0,-5.14
1155.0,-5.11
1156.0,-5.22
1157.0,-5.01
1158.0,-1.0000000000000007
1159.0,-5.42
1160.0,-5.870000000000001
1161.0,-5.02
1162.0,-5.01
1163.0,-5.08
1164.0,-5.02
1165.0,-5.04
1166.0,-5.24
1167.0,-5.09
1168.0,-5.23
1169.0,-5.03
1170.0,-5.19
1171.0,-5.710000000000001
1172.0,-5.09
1173.0,-5.3500000000000005
1174.0,-5.02
1175.0,-5.03
1176.0,-5.73
1177.0,-5.19
1178.0,-5.02
1179.0,-5.02
1180.0,-5.02
1181.0,-5.48
1182.0,-5.470000000000001
1183.0,-5.760000000000001
1184.0,-5.02
1185.0,-5.03
1186.0,-5.13
1187.0,-5.430000000000001
1188.0,-5.59
1189.0,-5.2
1190.0,-5.03
1191.0,-5.16
1192.0,-5.01
1193.0,-5.53
1194.0,-1.0000000000000007
1195.0,-5.09
1196.0,-5.34
1197.0,-5.04
1198.0,-5.83
1199.0,-5.05
1200.0,-5.07
1201.0,-5.04
1202.0,-5.28
1203.0,-5.82
1204.0,-5.07
1205.0,-5.09
1206.0,-5.11
1207.0,-5.02
1208.0,-5.3100000000000005
1209.0,-5.19
1210.0,-5.12
1211.0,-5.02
1212.0,-5.5
1213.0,-5.17
1214.0,-5.36
1215.0,-5.08
1216.0,-5.14
1217.0,-5.04
1218.0,-5.11
1219.0,-5.06
1220.0,-5.32
1221.0,-5.02
1222.0,-5.08
1223.0,-5.49
1224.0,-5.28
1225.0,-5.01
1226.0,-5.03
1227.0,-5.03
1228.0,-5.09
1229.0,-5.01
1230.0,-5.03
1231.0,-5.03
1232.0,-1.0000000000000007
1233.0,-5.12
1234.0,-5.02
1235.0,-5.1
1236.0,-5.03
1237.0,-5.83
1238.0,-5.21
1239.0,-1.0000000000000007
1240.0,-5.05
1241.0,-5.83
1242.0,-5.19
1243.0,-5.19
1244.0,-5.13
1245.0,-5.02
1246.0,-5.04
1247.0,-5.04
1248.0,-5.02
1249.0,-1.0000000000000007
1250.0,-5.05
1251.0,-1.0000000000000007
1252.0,-5.07
1253.0,-5.37
1254.0,-5.04
1255.0,-5.08
1256.0,-5.08
1257.0,-5.04
1258.0,-1.0000000000000007
1259.0,-5.08
1260.0,-5.2
1261.0,-5.03
1262.0,-5.800000000000001
1263.0,-5.38
1264.0,-5.04
1265.0,-5.19
1266.0,-5.86
1267.0,-1.0000000000000007
1268.0,-5.25
1269.0,-5.22
1270.0,-5.04
1271.0,-5.03
1272.0,-5.04
1273.0,-5.61
1274.0,-5.29
1275.0,-5.12
1276.0,-5.21
1277.0,-5.02
1278.0,-5.45
1279.0,-5.2700000000000005
1280.0,-5.74
1281.0,-5.03
1282.0,-5.16
1283.0,-5.07
1284.0,-5.12
1285.0,-5.33
1286.0,-5.3500000000000005
1287.0,-5.03
1288.0,-5.12
1289.0,-5.16
1290.0,-5.38
1291.0,-5.950000000000001
1292.0,-5.02
1293.0,-5.02
1294.0,-5.2
1295.0,-5.09
1296.0,-5.26
1297.0,-5.58
1298.0,-5.04
1299.0,-5.2
1300.0,-5.2
1301.0,-5.44
1302.0,-5.17
1303.0,-5.07
1304.0,-5.09
1305.0,-5.01
1306.0,-5.08
1307.0,-5.01
1308.0,-5.03
1309.0,-5.14
1310.0,-5.04
1311.0,-5.23
1312.0,-5.02
1313.0,-5.07
1314.0,-5.01
1315.0,-5.02
1316.0,-5.69
1317.0,-5.03
1318.0,-5.21
1319.0,-5.11
1320.0,-5.03
1321.0,-5.03
1322.0,-5.04
1323.0,-5.1
1324.0,-5.11
1325.0,-5.04
1326.0,-5.26
1327.0,-5.09
1328.0,-5.08
1329.0,-5.98
1330.0,-5.22
1331.0,-5.36
1332.0,-5.07
1333.0,-5.390000000000001
1334.0,-5.21
1335.0,-5.07
1336.0,-5.3100000000000005
1337.0,-5.630000000000001
1338.0,-5.06
1339.0,-5.04
1340.0,-5.470000000000001
1341.0,-5.4
1342.0,-5.390000000000001
1343.0,-5.970000000000001
1344.0,-5.06
1345.0,-5.05
1346.0,-5.02
1347.0,-5.02
1348.0,-5.65
1349.0,-5.01
1350.0,-5.12
1351.0,-5.04
1352.0,-5.09
1353.0,-5.17
1354.0,-5.05
1355.0,-5.17
1356.0,-5.05
1357.0,-5.1
1358.0,-5.24
1359.0,-5.21
1360.0,-5.44
1361.0,-5.18
1362.0,-5.22
1363.0,-5.06
1364.0,-5.1
1365.0,-5.16
1366.0,-5.1
1367.0,-5.01
1368.0,-5.03
1369.0,-5.42
1370.0,-5.04
1371.0,-5.01
1372.0,-5.02
1373.0,-5.01
1374.0,-5.03
1375.0,-5.02
1376.0,-5.62
1377.0,-5.07
1378.0,-5.430000000000001
1379.0,-5.15
1380.0,-5.28
1381.0,-5.04
1382.0,-5.880000000000001
1383.0,-5.34
1384.0,-5.13
1385.0,-5.04
1386.0,-5.32
1387.0,-5.05
1388.0,-5.06
1389.0,-5.08
1390.0,-5.08
1391.0,-5.28
1392.0,-5.65
1393.0,-5.13
1394.0,-5.62
1395.0,-1.0000000000000007
1396.0,-5.28
1397.0,-5.13
1398.0,-1.0000000000000007
1399.0,-5.07
1400.0,-5.07
1401.0,-5.05
1402.0,-5.14
1403.0,-5.09
1404.0,-5.05
1405.0,-5.05
1406.0,-5.01
1407.0,-5.03
1408.0,-5.19
1409.0,-5.11
1410.0,-5.02
1411.0,-5.06
1412.0,-5.3100000000000005
1413.0,-5.06
1414.0,-5.03
1415.0,-5.19
1416.0,-5.09
1417.0,-5.430000000000001
1418.0,-5.21
1419.0,-5.03
1420.0,-5.01
1421.0,-5.1
1422.0,-5.07
1423.0,-5.2700000000000005
1424.0,-5.26
1425.0,-5.02
1426.0,-5.07
1427.0,-5.05
1428.0,-5.390000000000001
1429.0,-5.3100000000000005
1430.0,-5.05
1431.0,-5.2700000000000005
1432.0,-5.03
1433.0,-5.12
1434.0,-5.02
1435.0,-5.49
1436.0,-5.720000000000001
1437.0,-5.01
1438.0,-5.08
1439.0,-5.12
1440.0,-5.26
1441.0,-5.16
1442.0,-5.05
1443.0,-5.91
1444.0,-5.05
1445.0,-5.02
1446.0,-5.41
1447.0,-5.33
1448.0,-5.12
1449.0,-5.54
1450.0,-5.06
1451.0,-5.38
1452.0,-5.03
1453.0,-5.1
1454.0,-5.18
1455.0,-5.1
1456.0,-5.19
1457.0,-5.1
1458.0,-5.08
1459.0,-5.16
1460.0,-5.18
1461.0,-5.3
1462.0,-5.54
1463.0,-5.03
1464.0,-1.0000000000000007
1465.0,-5.1
1466.0,-5.19
1467.0,-5.03
1468.0,-5.74
1469.0,-5.19
1470.0,-5.03
1471.0,-5.26
1472.0,-5.06
1473.0,-5.04
1474.0,-5.4
1475.0,-5.08
1476.0,-5.19
1477.0,-5.08
1478.0,-5.01
1479.0,-5.16
1480.0,-5.05
1481.0,-5.02
1482.0,-5.3500000000000005
1483.0,-5.02
1484.0,-5.01
1485.0,-5.01
1486.0,-5.430000000000001
1487.0,-5.08
1488.0,-5.57
1489.0,-5.06
1490.0,-5.17
1491.0,-5.12
1492.0,-5.12
1493.0,-5.12
1494.0,-5.09
1495.0,-5.02
1496.0,-5.06
1497.0,-5.38
1498.0,-5.51
1499.0,-5.03
1500.0,-5.05
1501.0,-5.7700000000000005
1502.0,-5.09
1503.0,-5.05
1504.0,-1.0000000000000007
1505.0,-5.22
1506.0,-5.01
1507.0,-5.14
1508.0,-5.2
1509.0,-5.23
1510.0,-5.04
1511.0,-5.37
1512.0,-5.33
1513.0,-5.32
1514.0,-5.12
1515.0,-5.11
1516.0,-5.1
1517.0,-5.5
1518.0,-5.04
1519.0,-5.08
1520.0,-5.470000000000001
1521.0,-5.2700000000000005
1522.0,-5.08
1523.0,-5.11
1524.0,-5.06
1525.0,-5.5200000000000005
1526.0,-5.41
1527.0,-5.06
1528.0,-5.03
1529.0,-5.6000000000000005
1530.0,-5.03
1531.0,-5.2
1532.0,-5.07
1533.0,-5.18
1534.0,-5.03
1535.0,-5.12
1536.0,-5.51
1537.0,-5.01
1538.0,-5.04
1539.0,-5.5
1540.0,-5.44
1541.0,-5.25
1542.0,-5.06
1543.0,-5.46
1544.0,-5.11
1545.0,-5.08
1546.0,-5.08
1547.0,-5.03
1548.0,-5.14
1549.0,-5.02
1550.0,-5.22
1551.0,-5.02
1552.0,-5.03
1553.0,-5.3
1554.0,-5.03
1555.0,-5.09
1556.0,-5.28
1557.0,-5.02
1558.0,-5.12
1559.0,-5.17
1560.0,-5.08
1561.0,-5.01
1562.0,-5.1
1563.0,-5.17
1564.0,-5.05
1565.0,-5.13
1566.0,-5.04
1567.0,-5.07
1568.0,-5.09
1569.0,-5.22
1570.0,-5.950000000000001
1571.0,-5.12
1572.0,-5.01
1573.0,-5.17
1574.0,-5.550000000000001
1575.0,-5.19
1576.0,-5.8100000000000005
1577.0,-5.41
1578.0,-5.5
1579.0,-5.24
1580.0,-5.07
1581.0,-5.14
1582.0,-5.3
1583.0,-5.2
1584.0,-5.16
1585.0,-5.2
1586.0,-5.34
1587.0,-5.01
1588.0,-5.07
1589.0,-5.03
1590.0,-5.06
1591.0,-5.18
1592.0,-5.1
1593.0,-5.01
1594.0,-5.26
1595.0,-5.41
1596.0,-5.42
1597.0,-5.05
1598.0,-5.33
1599.0,-5.08
1600.0,-5.21
1601.0,-5.950000000000001
1602.0,-5.12
1603.0,-5.04
1604.0,-5.02
1605.0,-5.08
1606.0,-5.17
1607.0,-5.28
1608.0,-5.430000000000001
1609.0,-5.2
1610.0,-5.2
1611.0,-5.02
1612.0,-5.12
1613.0,-5.630000000000001
1614.0,-5.04
1615.0,-5.01
1616.0,-5.16
1617.0,-5.01
1618.0,-5.38
1619.0,-5.2
1620.0,-1.0000000000000007
1621.0,-5.550000000000001
1622.0,-5.17
1623.0,-1.0000000000000007
1624.0,-5.22
1625.0,-5.67
1626.0,-5.08
1627.0,-5.25
1628.0,-5.5600000000000005
1629.0,-5.28
1630.0,-5.08
1631.0,-5.07
1632.0,-5.05
1633.0,-5.02
1634.0,-5.01
1635.0,-5.06
1636.0,-5.03
1637.0,-5.02
1638.0,-5.07
1639.0,-5.02
1640.0,-5.03
1641.0,-5.8500000000000005
1642.0,-5.23
1643.0,-5.18
1644.0,-5.06
1645.0,-5.18
1646.0,-5.12
1647.0,-5.41
1648.0,-5.04
1649.0,-5.13
1650.0,-5.08
1651.0,-5.5
1652.0,-5.12
1653.0,-5.3
1654.0,-5.03
1655.0,-5.13
1656.0,-5.2
1657.0,-5.03
1658.0,-5.06
1659.0,-5.04
1660.0,-5.06
1661.0,-1.0000000000000007
1662.0,-5.07
1663.0,-5.13
1664.0,-5.06
1665.0,-5.470000000000001
1666.0,-5.06
1667.0,-5.06
1668.0,-1.0000000000000007
1669.0,-5.2
1670.0,-5.33
1671.0,-5.05
1672.0,-5.970000000000001
1673.0,-5.05
1674.0,-5.03
1675.0,-5.04
1676.0,-5.2700000000000005
1677.0,-5.14
1678.0,-5.07
1679.0,-5.02
1680.0,-5.720000000000001
1681.0,-5.78
1682.0,-5.06
1683.0,-5.8100000000000005
1684.0,-5.16
1685.0,-5.2700000000000005
1686.0,-5.14
1687.0,-5.4
1688.0,-5.05
1689.0,-5.37
1690.0,-5.790000000000001
1691.0,-5.12
1692.0,-5.07
1693.0,-5.21
1694.0,-5.13
1695.0,-5.24
1696.0,-5.04
1697.0,-5.04
1698.0,-5.09
1699.0,-5.19
1700.0,-5.4
1701.0,-5.12
1702.0,-5.37
1703.0,-5.7700000000000005
1704.0,-5.5
1705.0,-5.37
1706.0,-5.5600000000000005
1707.0,-5.28
1708.0,-5.04
1709.0,-5.22
1710.0,-5.03
1711.0,-5.6000000000000005
1712.0,-5.05
1713.0,-5.390000000000001
1714.0,-5.09
1715.0,-5.8500000000000005
1716.0,-5.05
1717.0,-5.03
1718.0,-5.05
1719.0,-5.08
1720.0,-5.04
1721.0,-5.14
1722.0,-5.11
1723.0,-5.18
1724.0,-5.04
1725.0,-5.01
1726.0,-5.12
1727.0,-5.02
1728.0,-5.04
1729.0,-5.07
1730.0,-5.870000000000001
1731.0,-5.2
1732.0,-5.03
1733.0,-5.03
1734.0,-5.16
1735.0,-5.01
1736.0,-5.430000000000001
1737.0,-5.13
1738.0,-5.16
1739.0,-5.3
1740.0,-5.06
1741.0,-1.0000000000000007
1742.0,-5.04
1743.0,-5.69
1744.0,-5.08
1745.0,-5.7
1746.0,-5.32
1747.0,-5.390000000000001
1748.0,-5.11
1749.0,-5.5600000000000005
1750.0,-5.07
1751.0,-5.3
1752.0,-5.51
1753.0,-1.0000000000000007
1754.0,-5.23
1755.0,-5.14
1756.0,-5.11
1757.0,-5.04
1758.0,-5.17
1759.0,-5.01
1760.0,-5.18
1761.0,-5.3
1762.0,-5.06
1763.0,-5.3
1764.0,-5.05
1765.0,-5.23
1766.0,-5.06
1767.0,-5.17
1768.0,-5.02
1769.0,-5.11
1770.0,-5.01
1771.0,-5.5600000000000005
1772.0,-5.680000000000001
1773.0,-5.15
1774.0,-5.01
1775.0,-5.24
1776.0,-1.0000000000000007
1777.0,-5.57
1778.0,-5.21
1779.0,-5.15
1780.0,-5.5600000000000005
1781.0,-5.22
1782.0,-5.18
1783.0,-5.04
1784.0,-5.05
1785.0,-5.04
1786.0,-5.16
1787.0,-5.36
1788.0,-5.5
1789.0,-5.07
1790.0,-5.16
1791.0,-5.22
1792.0,-5.15
1793.0,-5.1
1794.0,-5.19
1795.0,-5.09
1796.0,-5.02
1797.0,-5.19
1798.0,-5.11
1799.0,-5.15
1800.0,-5.13
1801.0,-5.04
1802.0,-5.09
1803.0,-5.04
1804.0,-5.12
1805.0,-5.390000000000001
1806.0,-5.04
1807.0,-5.06
1808.0,-1.0000000000000007
1809.0,-5.13
1810.0,-5.13
1811.0,-5.19
1812.0,-5.18
1813.0,-5.02
1814.0,-5.42
1815.0,-5.82
1816.0,-5.4
1817.0,-5.09
1818.0,-5.4
1819.0,-5.19
1820.0,-5.04
1821.0,-5.07
1822.0,-5.59
1823.0,-5.13
1824.0,-5.28
1825.0,-5.06
1826.0,-5.02
1827.0,-5.12
1828.0,-5.03
1829.0,-5.22
1830.0,-5.390000000000001
1831.0,-5.34
1832.0,-5.25
1833.0,-5.01
1834.0,-5.06
1835.0,-5.29
1836.0,-5.36
1837.0,-5.44
1838.0,-5.05
1839.0,-5.73
1840.0,-5.390000000000001
1841.0,-5.01
1842.0,-5.3100000000000005
1843.0,-5.08
1844.0,-5.02
1845.0,-5.13
1846.0,-5.3
1847.0,-5.06
1848.0,-5.37
1849.0,-5.04
1850.0,-5.44
1851.0,-5.18
1852.0,-5.17
1853.0,-5.2700000000000005
1854.0,-5.01
1855.0,-5.07
1856.0,-5.03
1857.0,-5.07
1858.0,-5.17
1859.0,-5.22
1860.0,-5.01
1861.0,-5.01
1862.0,-5.550000000000001
1863.0,-5.49
1864.0,-5.16
1865.0,-5.08
1866.0,-5.12
1867.0,-5.42
1868.0,-5.02
1869.0,-5.38
1870.0,-5.26
1871.0,-5.03
1872.0,-5.12
1873.0,-5.03
1874.0,-5.32
1875.0,-5.12
1876.0,-5.470000000000001
1877.0,-1.0000000000000007
1878.0,-5.5
1879.0,-5.2
1880.0,-5.2
1881.0,-5.19
1882.0,-5.05
1883.0,-5.02
1884.0,-5.23
1885.0,-5.08
1886.0,-5.430000000000001
1887.0,-5.02
1888.0,-5.09
1889.0,-5.67
1890.0,-5.25
1891.0,-5.03
1892.0,-5.05
1893.0,-5.02
1894.0,-5.08
1895.0,-5.05
1896.0,-5.21
1897.0,-5.5600000000000005
1898.0,-5.18
1899.0,-5.11
1900.0,-5.07
1901.0,-5.26
1902.0,-5.15
1903.0,-5.17
1904.0,-5.01
1905.0,-5.08
1906.0,-5.51
1907.0,-5.99
1908.0,-5.19
1909.0,-5.02
1910.0,-5.08
1911.0,-5.83
1912.0,-5.21
1913.0,-5.08
1914.0,-5.430000000000001
1915.0,-5.550000000000001
1916.0,-5.03
1917.0,-5.48
1918.0,-5.07
1919.0,-5.390000000000001
1920.0,-5.07
1921.0,-5.06
1922.0,-5.25
1923.0,-5.1
1924.0,-5.04
1925.0,-5.16
1926.0,-5.1
1927.0,-5.08
1928.0,-5.02
1929.0,-5.01
1930.0,-5.75
1931.0,-5.14
1932.0,-5.05
1933.0,-5.59
1934.0,-5.05
1935.0,-5.05
1936.0,-5.38
1937.0,-5.05
1938.0,-5.02
1939.0,-5.01
1940.0,-5.14
1941.0,-5.08
1942.0,-5.01
1943.0,-5.19
1944.0,-5.14
1945.0,-1.0000000000000007
1946.0,-5.1
1947.0,-5.02
1948.0,-1.0000000000000007
1949.0,-5.06
1950.0,-5.01
1951.0,-1.0000000000000007
1952.0,-5.04
1953.0,-5.11
1954.0,-5.07
1955.0,-5.05
1956.0,-5.02
1957.0,-5.02
1958.0,-5.37
1959.0,-5.14
1960.0,-5.12
1961.0,-5.07
1962.0,-5.2700000000000005
1963.0,-5.5600000000000005
1964.0,-5.430000000000001
1965.0,-5.33
1966.0,-5.02
1967.0,-5.34
1968.0,-5.15
1969.0,-5.15
1970.0,-5.17
1971.0,-5.21
1972.0,-5.1
1973.0,-5.03
1974.0,-5.02
1975.0,-5.16
1976.0,-5.15
1977.0,-5.12
1978.0,-5.2
1979.0,-5.12
1980.0,-5.74
1981.0,-5.11
1982.0,-5.05
1983.0,-5.05
1984.0,-5.02
1985.0,-5.04
1986.0,-5.65
1987.0,-1.0000000000000007
1988.0,-5.02
1989.0,-5.01
1990.0,-5.15
1991.0,-5.17
1992.0,-5.03
1993.0,-5.06
1994.0,-5.32
1995.0,-5.15
1996.0,-5.08
1997.0,-5.7
1998.0,-5.01
1999.0,-5.06
2000.0,-5.14
2001.0,-5.880000000000001
2002.0,-5.13
2003.0,-5.17
2004.0,-5.430000000000001
2005.0,-5.45
2006.0,-5.04
2007.0,-5.12
2008.0,-5.48
2009.0,-5.25
2010.0,-5.23
2011.0,-5.09
2012.0,-5.03
2013.0,-5.04
2014.0,-5.22
2015.0,-5.17
2016.0,-5.38
2017.0,-5.29
2018.0,-5.01
2019.0,-5.02
2020.0,-5.3
2021.0,-5.15
2022.0,-5.04
2023.0,-5.08
2024.0,-5.15
2025.0,-5.07
2026.0,-5.02
2027.0,-5.870000000000001
2028.0,-5.29
2029.0,-5.02
2030.0,-5.11
2031.0,-5.07
2032.0,-5.06
2033.0,-5.28
2034.0,-5.22
2035.0,-5.07
2036.0,-5.930000000000001
2037.0,-5.22
2038.0,-5.14
2039.0,-5.09
2040.0,-5.430000000000001
2041.0,-5.02
2042.0,-5.15
2043.0,-5.01
2044.0,-5.41
2045.0,-5.23
2046.0,-5.23
2047.0,-5.790000000000001
2048.0,-5.07
2049.0,-5.01
2050.0,-5.05
2051.0,-5.07
2052.0,-5.02
2053.0,-5.02
2054.0,-5.15
2055.0,-5.09
2056.0,-5.02
2057.0,-5.24
2058.0,-5.02
2059.0,-5.1
2060.0,-5.14
2061.0,-5.01
2062.0,-5.06
2063.0,-5.49
2064.0,-5.46
2065.0,-5.01
2066.0,-5.02
2067.0,-5.45
2068.0,-5.62
2069.0,-5.5
2070.0,-5.24
2071.0,-5.09
2072.0,-5.17
2073.0,-5.8100000000000005
2074.0,-5.04
2075.0,-5.4
2076.0,-5.41
2077.0,-5.03
2078.0,-5.22
2079.0,-5.22
2080.0,-5.03
2081.0,-5.02
2082.0,-5.03
2083.0,-5.04
2084.0,-5.66
2085.0,-5.02
2086.0,-5.49
2087.0,-5.03
2088.0,-5.08
2089.0,-5.26
2090.0,-5.02
2091.0,-5.01
2092.0,-5.2
2093.0,-5.15
2094.0,-5.02
2095.0,-5.09
2096.0,-5.01
2097.0,-5.08
2098.0,-5.04
2099.0,-5.23
2100.0,-5.03
2101.0,-5.82
2102.0,-5.3
2103.0,-5.03
2104.0,-5.38
2105.0,-5.99
2106.0,-5.01
2107.0,-5.16
2108.0,-5.19
2109.0,-5.5
2110.0,-5.86
2111.0,-5.23
2112.0,-1.0000000000000007
2113.0,-5.17
2114.0,-5.23
2115.0,-5.33
2116.0,-5.5
2117.0,-5.2700000000000005
2118.0,-5.03
2119.0,-5.3
2120.0,-5.22
2121.0,-5.36
2122.0,-5.2700000000000005
2123.0,-5.02
2124.0,-5.44
2125.0,-5.18
2126.0,-5.03
2127.0,-5.07
2128.0,-5.12
2129.0,-5.16
2130.0,-5.950000000000001
2131.0,-5.840000000000001
2132.0,-5.29
2133.0,-5.14
2134.0,-5.2700000000000005
2135.0,-5.1
2136.0,-5.05
2137.0,-5.03
2138.0,-5.7
2139.0,-5.16
2140.0,-5.11
2141.0,-5.07
2142.0,-5.12
2143.0,-5.32
2144.0,-5.630000000000001
2145.0,-5.720000000000001
2146.0,-5.02
2147.0,-5.48
2148.0,-5.930000000000001
2149.0,-5.2700000000000005
2150.0,-5.28
2151.0,-5.1
2152.0,-5.02
2153.0,-5.04
2154.0,-5.05
2155.0,-5.18
2156.0,-5.06
2157.0,-5.5200000000000005
2158.0,-5.1
2159.0,-5.12
2160.0,-5.05
2161.0,-5.04
2162.0,-5.03
2163.0,-5.22
2164.0,-5.02
2165.0,-5.02
2166.0,-5.05
2167.0,-5.970000000000001
2168.0,-5.08
2169.0,-5.06
2170.0,-5.11
2171.0,-5.06
2172.0,-5.46
2173.0,-5.17
2174.0,-5.14
2175.0,-5.19
2176.0,-5.05
2177.0,-5.09
2178.0,-5.48
2179.0,-5.18
2180.0,-5.01
2181.0,-5.01
2182.0,-1.0000000000000007
2183.0,-5.05
2184.0,-5.04
2185.0,-5.01
2186.0,-5.06
2187.0,-5.07
2188.0,-5.3
2189.0,-5.06
2190.0,-5.02
2191.0,-5.46
2192.0,-5.05
2193.0,-5.04
2194.0,-5.01
2195.0,-5.29
2196.0,-5.37
2197.0,-5.02
2198.0,-5.07
2199.0,-5.07
2200.0,-5.03
2201.0,-5.05
2202.0,-5.02
2203.0,-5.74
2204.0,-5.21
2205.0,-5.13
2206.0,-5.37
2207.0,-5.75
2208.0,-5.03
2209.0,-5.1
2210.0,-5.09
2211.0,-5.11
2212.0,-5.06
2213.0,-5.07
2214.0,-5.51
2215.0,-5.5
2216.0,-5.12
2217.0,-5.02
2218.0,-5.04
2219.0,-5.11
2220.0,-5.06
2221.0,-5.02
2222.0,-5.51
2223.0,-5.03
2224.0,-5.41
2225.0,-5.38
2226.0,-5.01
2227.0,-5.09
2228.0,-5.16
2229.0,-5.07
2230.0,-5.06
2231.0,-5.73
2232.0,-5.13
2233.0,-5.91
2234.0,-5.22
2235.0,-5.36
2236.0,-5.21
2237.0,-5.1
2238.0,-5.32
2239.0,-5.1
2240.0,-5.1
2241.0,-5.25
2242.0,-5.390000000000001
2243.0,-5.02
2244.0,-5.02
2245.0,-5.640000000000001
2246.0,-5.02
2247.0,-5.67
2248.0,-5.11
2249.0,-5.05
2250.0,-5.05
2251.0,-5.12
2252.0,-5.02
2253.0,-5.51
2254.0,-5.01
2255.0,-5.04
2256.0,-5.11
2257.0,-5.53
2258.0,-5.760000000000001
2259.0,-5.12
2260.0,-5.02
2261.0,-5.3
2262.0,-5.03
2263.0,-5.25
2264.0,-5.470000000000001
2265.0,-5.09
2266.0,-5.05
2267.0,-5.03
2268.0,-5.08
2269.0,-5.02
2270.0,-5.6000000000000005
2271.0,-5.08
2272.0,-5.58
2273.0,-5.12
2274.0,-5.38
2275.0,-5.02
2276.0,-5.34
2277.0,-5.11
2278.0,-5.13
2279.0,-5.14
2280.0,-5.03
2281.0,-5.04
2282.0,-5.09
2283.0,-5.36
2284.0,-5.09
2285.0,-5.04
2286.0,-5.01
2287.0,-5.23
2288.0,-5.1
2289.0,-5.02
2290.0,-5.24
2291.0,-5.07
2292.0,-5.22
2293.0,-5.08
2294.0,-5.01
2295.0,-5.08
2296.0,-5.07
2297.0,-5.03
2298.0,-5.07
2299.0,-5.06
2300.0,-5.12
2301.0,-5.5
2302.0,-5.11
2303.0,-5.8100000000000005
2304.0,-5.14
2305.0,-5.13
2306.0,-5.44
2307.0,-5.630000000000001
2308.0,-5.13
2309.0,-5.02
2310.0,-5.09
2311.0,-5.15
2312.0,-5.08
2313.0,-5.04
2314.0,-5.09
2315.0,-5.01
2316.0,-5.36
2317.0,-5.03
2318.0,-5.1
2319.0,-5.62
2320.0,-5.03
2321.0,-5.02
2322.0,-5.23
2323.0,-5.19
2324.0,-5.02
2325.0,-5.04
2326.0,-5.05
2327.0,-5.07
2328.0,-5.4
2329.0,-5.07
2330.0,-5.02
2331.0,-5.03
2332.0,-5.07
2333.0,-5.32
2334.0,-5.2
2335.0,-5.07
2336.0,-5.04
2337.0,-5.12
2338.0,-5.02
2339.0,-5.03
2340.0,-5.1
2341.0,-5.34
2342.0,-5.07
2343.0,-5.18
2344.0,-5.03
2345.0,-5.86
2346.0,-5.14
2347.0,-5.06
2348.0,-5.08
2349.0,-5.1
2350.0,-5.07
2351.0,-5.08
2352.0,-5.11
2353.0,-5.06
2354.0,-5.26
2355.0,-5.05
2356.0,-5.05
2357.0,-5.02
2358.0,-5.11
2359.0,-5.06
2360.0,-5.09
2361.0,-5.61
2362.0,-5.04
2363.0,-5.29
2364.0,-5.24
2365.0,-5.08
2366.0,-5.46
2367.0,-5.34
2368.0,-5.13
2369.0,-5.07
2370.0,-5.01
2371.0,-5.1
2372.0,-5.3100000000000005
2373.0,-1.0000000000000007
2374.0,-5.08
2375.0,-5.02
2376.0,-5.02
2377.0,-5.6000000000000005
2378.0,-5.86
2379.0,-5.21
2380.0,-5.640000000000001
2381.0,-5.04
2382.0,-5.09
2383.0,-5.01
2384.0,-5.5200000000000005
2385.0,-5.04
2386.0,-5.06
2387.0,-5.390000000000001
2388.0,-5.33
2389.0,-5.12
2390.0,-5.1
2391.0,-5.07
2392.0,-5.24
2393.0,-5.49
2394.0,-5.08
2395.0,-5.46
2396.0,-5.1
2397.0,-5.42
2398.0,-5.01
2399.0,-5.03
2400.0,-5.3500000000000005
2401.0,-5.03
2402.0,-5.03
2403.0,-5.04
2404.0,-5.1
2405.0,-5.05
2406.0,-5.32
2407.0,-5.17
2408.0,-5.03
2409.0,-5.680000000000001
2410.0,-5.42
2411.0,-5.16
2412.0,-5.07
2413.0,-5.3100000000000005
2414.0,-5.950000000000001
2415.0,-5.2
2416.0,-5.14
2417.0,-5.49
2418.0,-5.06
2419.0,-5.21
2420.0,-5.01
2421.0,-1.0000000000000007
2422.0,-5.37
2423.0,-5.54
2424.0,-5.880000000000001
2425.0,-5.09
2426.0,-5.02
2427.0,-5.05
2428.0,-5.2
2429.0,-5.38
2430.0,-5.62
2431.0,-5.29
2432.0,-5.06
2433.0,-5.11
2434.0,-5.550000000000001
2435.0,-5.3100000000000005
2436.0,-5.16
2437.0,-5.58
2438.0,-5.03
2439.0,-5.03
2440.0,-5.03
2441.0,-5.5200000000000005
2442.0,-5.03
2443.0,-5.01
2444.0,-5.09
2445.0,-5.01
2446.0,-1.0000000000000007
2447.0,-5.01
2448.0,-5.05
2449.0,-5.25
2450.0,-1.0000000000000007
2451.0,-5.07
2452.0,-5.02
2453.0,-5.840000000000001
2454.0,-5.04
2455.0,-5.41
2456.0,-5.02
2457.0,-5.430000000000001
2458.0,-5.760000000000001
2459.0,-5.07
2460.0,-5.04
2461.0,-5.04
2462.0,-5.12
2463.0,-5.48
2464.0,-5.04
2465.0,-5.640000000000001
2466.0,-5.09
2467.0,-5.44
2468.0,-5.08
2469.0,-5.06
2470.0,-5.390000000000001
2471.0,-5.13
2472.0,-5.28
2473.0,-5.7700000000000005
2474.0,-5.08
2475.0,-5.1
2476.0,-5.61
2477.0,-5.13
2478.0,-5.430000000000001
2479.0,-5.04
2480.0,-5.04
2481.0,-5.11
2482.0,-5.01
2483.0,-5.02
2484.0,-5.21
2485.0,-5.1
2486.0,-5.44
2487.0,-5.69
2488.0,-5.7
2489.0,-5.2700000000000005
2490.0,-5.16
2491.0,-5.680000000000001
2492.0,-5.04
2493.0,-1.0000000000000007
2494.0,-5.470000000000001
2495.0,-5.13
2496.0,-5.02
2497.0,-5.02
2498.0,-5.22
2499.0,-5.44
2500.0,-5.67
2501.0,-5.37
2502.0,-5.37
2503.0,-5.12
2504.0,-5.06
2505.0,-5.2
2506.0,-5.1
2507.0,-5.02
2508.0,-5.01
2509.0,-5.44
2510.0,-5.02
2511.0,-5.28
2512.0,-5.46
2513.0,-5.02
2514.0,-5.07
2515.0,-5.38
2516.0,-5.06
2517.0,-5.05
2518.0,-5.3
2519.0,-5.970000000000001
2520.0,-5.02
2521.0,-5.07
2522.0,-5.13
2523.0,-5.13
2524.0,-5.49
2525.0,-5.02
2526.0,-5.02
2527.0,-5.11
2528.0,-5.04
2529.0,-5.05
2530.0,-5.3
2531.0,-5.01
2532.0,-5.08
2533.0,-5.06
2534.0,-5.24
2535.0,-5.66
2536.0,-5.01
2537.0,-5.17
2538.0,-5.12
2539.0,-5.04
2540.0,-5.02
2541.0,-5.75
2542.0,-5.04
2543.0,-5.02
2544.0,-5.12
2545.0,-5.04
2546.0,-5.12
2547.0,-5.02
2548.0,-5.11
2549.0,-5.12
2550.0,-5.04
2551.0,-5.21
2552.0,-5.06
2553.0,-5.05
2554.0,-5.890000000000001
2555.0,-5.04
2556.0,-5.470000000000001
2557.0,-5.02
2558.0,-5.08
2559.0,-5.02
2560.0,-5.13
2561.0,-5.17
2562.0,-5.19
2563.0,-5.86
2564.0,-5.04
2565.0,-5.15
2566.0,-5.1
2567.0,-5.02
2568.0,-5.1
2569.0,-5.01
2570.0,-5.04
2571.0,-5.01
2572.0,-5.2
2573.0,-5.02
2574.0,-5.29
2575.0,-5.06
2576.0,-1.0000000000000007
2577.0,-5.15
2578.0,-5.45
2579.0,-5.3100000000000005
2580.0,-5.01
2581.0,-5.1
2582.0,-5.12
2583.0,-5.05
2584.0,-5.94
2585.0,-5.12
2586.0,-5.67
2587.0,-5.02
2588.0,-5.01
2589.0,-5.1
2590.0,-5.14
2591.0,-5.2
2592.0,-1.0000000000000007
2593.0,-5.02
2594.0,-5.09
2595.0,-5.14
2596.0,-5.1
2597.0,-5.01
2598.0,-5.02
2599.0,-5.08
2600.0,-5.04
2601.0,-5.1
2602.0,-5.14
2603.0,-5.09
2604.0,-5.01
2605.0,-5.26
2606.0,-5.02
2607.0,-5.15
2608.0,-5.07
2609.0,-5.04
2610.0,-5.16
2611.0,-5.12
2612.0,-5.04
2613.0,-5.15
2614.0,-5.45
2615.0,-5.38
2616.0,-5.08
2617.0,-5.1
2618.0,-1.0000000000000007
2619.0,-5.09
2620.0,-5.13
2621.0,-5.15
2622.0,-5.1
2623.0,-5.05
2624.0,-5.06
2625.0,-5.11
2626.0,-5.69
2627.0,-5.02
2628.0,-5.06
2629.0,-5.04
2630.0,-5.09
2631.0,-5.02
2632.0,-5.06
2633.0,-5.26
2634.0,-5.07
2635.0,-5.04
2636.0,-5.26
2637.0,-5.04
2638.0,-5.41
2639.0,-5.02
2640.0,-5.06
2641.0,-5.09
2642.0,-5.26
2643.0,-5.23
2644.0,-5.14
2645.0,-5.18
2646.0,-5.06
2647.0,-5.69
2648.0,-5.3500000000000005
2649.0,-5.08
2650.0,-5.07
2651.0,-5.01
2652.0,-5.33
2653.0,-5.2
2654.0,-5.3100000000000005
2655.0,-5.07
2656.0,-5.470000000000001
2657.0,-5.05
2658.0,-5.49
2659.0,-5.03
2660.0,-5.24
2661.0,-5.11
2662.0,-5.11
2663.0,-5.18
2664.0,-5.15
2665.0,-5.04
2666.0,-5.07
2667.0,-5.09
2668.0,-5.01
2669.0,-5.01
2670.0,-5.17
2671.0,-5.41
2672.0,-5.11
2673.0,-5.11
2674.0,-5.05
2675.0,-5.13
2676.0,-5.01
2677.0,-5.65
2678.0,-5.04
2679.0,-5.03
2680.0,-1.0000000000000007
2681.0,-5.02
2682.0,-5.2
2683.0,-5.08
2684.0,-5.02
2685.0,-5.04
2686.0,-5.86
2687.0,-5.09
2688.0,-5.74
2689.0,-5.04
2690.0,-5.07
2691.0,-5.22
2692.0,-5.2
2693.0,-5.11
2694.0,-5.03
2695.0,-5.2700000000000005
2696.0,-5.07
2697.0,-5.1
2698.0,-5.05
2699.0,-5.19
2700.0,-5.24
2701.0,-1.0000000000000007
2702.0,-5.09
2703.0,-5.14
2704.0,-5.5
2705.0,-5.02
2706.0,-5.04
2707.0,-5.09
2708.0,-5.57
2709.0,-5.12
2710.0,-5.02
2711.0,-5.14
2712.0,-5.11
2713.0,-5.04
2714.0,-5.03
2715.0,-5.2700000000000005
2716.0,-5.1
2717.0,-5.06
2718.0,-5.5200000000000005
2719.0,-5.12
2720.0,-5.37
2721.0,-5.19
2722.0,-5.03
2723.0,-5.1
2724.0,-5.05
2725.0,-5.42
2726.0,-5.03
2727.0,-5.09
2728.0,-5.04
2729.0,-5.11
2730.0,-5.2700000000000005
2731.0,-1.0000000000000007
2732.0,-5.12
2733.0,-5.11
2734.0,-5.02
2735.0,-5.23
2736.0,-5.07
2737.0,-5.37
2738.0,-5.03
2739.0,-5.28
2740.0,-5.07
2741.0,-5.680000000000001
2742.0,-5.14
2743.0,-5.09
2744.0,-5.17
2745.0,-5.680000000000001
2746.0,-5.54
2747.0,-5.07
2748.0,-5.01
2749.0,-5.02
2750.0,-5.02
2751.0,-5.08
2752.0,-5.21
2753.0,-5.05
2754.0,-5.17
2755.0,-5.13
2756.0,-5.1
2757.0,-5.09
2758.0,-5.21
2759.0,-5.06
2760.0,-5.65
2761.0,-5.1
2762.0,-5.29
2763.0,-5.640000000000001
2764.0,-5.05
2765.0,-5.01
2766.0,-5.04
2767.0,-5.09
2768.0,-5.12
2769.0,-5.03
2770.0,-5.04
2771.0,-5.11
2772.0,-5.01
2773.0,-5.890000000000001
2774.0,-5.950000000000001
2775.0,-5.09
2776.0,-5.08
2777.0,-5.1
2778.0,-5.05
2779.0,-5.02
2780.0,-5.03
2781.0,-5.2700000000000005
2782.0,-5.03
2783.0,-5.08
2784.0,-5.01
2785.0,-5.13
2786.0,-5.48
2787.0,-5.07
2788.0,-5.470000000000001
2789.0,-5.12
2790.0,-5.02
2791.0,-5.19
2792.0,-5.3100000000000005
2793.0,-5.12
2794.0,-5.14
2795.0,-5.18
2796.0,-5.33
2797.0,-5.45
2798.0,-5.04
2799.0,-5.07
2800.0,-5.17
2801.0,-5.11
2802.0,-5.03
2803.0,-5.91
2804.0,-5.02
2805.0,-5.14
2806.0,-5.03
2807.0,-5.790000000000001
2808.0,-5.01
2809.0,-5.16
2810.0,-5.05
2811.0,-5.01
2812.0,-5.05
2813.0,-5.05
2814.0,-5.5600000000000005
2815.0,-5.38
2816.0,-5.53
2817.0,-5.02
2818.0,-5.17
2819.0,-5.1
2820.0,-5.12
2821.0,-5.25
2822.0,-5.21
2823.0,-5.05
2824.0,-5.03
2825.0,-5.04
2826.0,-5.53
2827.0,-5.37
2828.0,-5.02
2829.0,-5.04
2830.0,-5.04
2831.0,-5.5600000000000005
2832.0,-5.14
2833.0,-5.02
2834.0,-5.09
2835.0,-5.11
2836.0,-5.02
2837.0,-5.02
2838.0,-5.12
2839.0,-5.07
2840.0,-5.09
2841.0,-5.14
2842.0,-5.01
2843.0,-5.15
2844.0,-5.03
2845.0,-5.26
2846.0,-5.09
2847.0,-5.13
2848.0,-5.12
2849.0,-5.2
2850.0,-5.01
2851.0,-5.02
2852.0,-5.02
2853.0,-5.37
2854.0,-5.04
2855.0,-5.470000000000001
2856.0,-5.03
2857.0,-5.13
2858.0,-5.37
2859.0,-5.15
2860.0,-5.04
2861.0,-5.02
2862.0,-5.3
2863.0,-5.02
2864.0,-5.02
2865.0,-5.59
2866.0,-5.24
2867.0,-5.03
2868.0,-5.14
2869.0,-5.3100000000000005
2870.0,-5.840000000000001
2871.0,-5.5200000000000005
2872.0,-5.53
2873.0,-5.12
2874.0,-5.02
2875.0,-5.29
2876.0,-5.04
2877.0,-5.24
2878.0,-5.12
2879.0,-5.03
2880.0,-5.21
2881.0,-5.5200000000000005
2882.0,-5.06
2883.0,-5.22
2884.0,-5.19
2885.0,-5.07
2886.0,-5.04
2887.0,-5.02
2888.0,-5.02
2889.0,-5.13
2890.0,-5.12
2891.0,-5.3500000000000005
2892.0,-5.02
2893.0,-5.75
2894.0,-5.07
2895.0,-5.04
2896.0,-5.02
2897.0,-5.05
2898.0,-5.02
2899.0,-5.890000000000001
2900.0,-5.03
2901.0,-5.07
2902.0,-5.73
2903.0,-5.24
2904.0,-5.33
2905.0,-5.12
2906.0,-5.17
2907.0,-5.02
2908.0,-5.12
2909.0,-5.930000000000001
2910.0,-5.11
2911.0,-5.06
2912.0,-5.44
2913.0,-5.2
2914.0,-5.03
2915.0,-5.04
2916.0,-5.14
2917.0,-5.04
2918.0,-5.44
2919.0,-5.83
2920.0,-5.08
2921.0,-5.22
2922.0,-5.12
2923.0,-5.36
2924.0,-5.33
2925.0,-5.28
2926.0,-5.25
2927.0,-5.800000000000001
2928.0,-5.04
2929.0,-5.02
2930.0,-5.42
2931.0,-5.21
2932.0,-5.06
2933.0,-5.22
2934.0,-1.0000000000000007
2935.0,-5.05
2936.0,-5.49
2937.0,-5.470000000000001
2938.0,-1.0000000000000007
2939.0,-5.07
2940.0,-5.08
2941.0,-5.430000000000001
2942.0,-5.23
2943.0,-5.02
2944.0,-1.0000000000000007
2945.0,-5.42
2946.0,-5.01
2947.0,-5.12
2948.0,-5.02
2949.0,-5.32
2950.0,-5.03
2951.0,-5.04
2952.0,-5.73
2953.0,-5.5600000000000005
2954.0,-5.06
2955.0,-5.08
2956.0,-5.02
2957.0,-5.02
2958.0,-5.08
2959.0,-5.36
2960.0,-5.01
2961.0,-5.3100000000000005
2962.0,-5.06
2963.0,-5.1
2964.0,-5.03
2965.0,-5.01
2966.0,-5.08
2967.0,-5.2
2968.0,-1.0000000000000007
2969.0,-5.13
2970.0,-5.02
2971.0,-5.04
2972.0,-5.7
2973.0,-5.08
2974.0,-5.14
2975.0,-5.45
2976.0,-5.03
2977.0,-5.32
2978.0,-5.01
2979.0,-5.13
2980.0,-5.17
2981.0,-1.0000000000000007
2982.0,-5.05
2983.0,-5.03
2984.0,-5.02
2985.0,-5.24
2986.0,-5.26
2987.0,-5.02
2988.0,-5.720000000000001
2989.0,-5.36
2990.0,-5.33
2991.0,-5.19
2992.0,-5.3100000000000005
2993.0,-5.38
2994.0,-5.3
2995.0,-5.390000000000001
2996.0,-5.03
2997.0,-5.2700000000000005
2998.0,-5.13
2999.0,-5.3
3000.0,-5.920000000000001
3001.0,-5.03
3002.0,-5.17
3003.0,-5.1
3004.0,-5.08
3005.0,-5.880000000000001
3006.0,-5.07
3007.0,-5.01
3008.0,-5.06
3009.0,-5.02
3010.0,-5.02
3011.0,-5.16
3012.0,-5.3
3013.0,-5.02
3014.0,-5.01
3015.0,-5.18
3016.0,-5.680000000000001
3017.0,-5.54
3018.0,-5.06
3019.0,-5.02
3020.0,-5.640000000000001
3021.0,-5.57
3022.0,-5.06
3023.0,-5.46
3024.0,-5.13
3025.0,-5.25
3026.0,-5.11
3027.0,-5.09
3028.0,-5.33
3029.0,-5.49
3030.0,-5.11
3031.0,-5.6000000000000005
3032.0,-5.08
3033.0,-5.01
3034.0,-5.01
3035.0,-5.03
3036.0,-5.23
3037.0,-5.12
3038.0,-5.9
3039.0,-5.01
3040.0,-5.42
3041.0,-5.11
3042.0,-5.26
3043.0,-5.3
3044.0,-5.13
3045.0,-5.760000000000001
3046.0,-5.94
3047.0,-5.29
3048.0,-5.05
3049.0,-5.05
3050.0,-5.73
3051.0,-5.18
3052.0,-5.45
3053.0,-5.58
3054.0,-5.07
3055.0,-5.07
3056.0,-5.08
3057.0,-5.06
3058.0,-5.05
3059.0,-5.06
3060.0,-5.86
3061.0,-5.840000000000001
3062.0,-5.16
3063.0,-5.06
3064.0,-5.17
3065.0,-5.06
3066.0,-5.83
3067.0,-5.58
3068.0,-5.07
3069.0,-5.550000000000001
3070.0,-5.25
3071.0,-5.1
3072.0,-5.01
3073.0,-5.58
3074.0,-5.05
3075.0,-5.5600000000000005
3076.0,-5.04
3077.0,-5.2700000000000005
3078.0,-5.3500000000000005
3079.0,-5.12
3080.0,-5.17
3081.0,-5.3500000000000005
3082.0,-5.02
3083.0,-5.04
3084.0,-5.13
3085.0,-5.390000000000001
3086.0,-5.05
3087.0,-5.12
3088.0,-5.01
3089.0,-5.15
3090.0,-5.54
3091.0,-5.17
3092.0,-5.02
3093.0,-5.06
3094.0,-5.06
3095.0,-5.45
3096.0,-5.36
3097.0,-5.2
3098.0,-5.22
3099.0,-5.07
3100.0,-5.3100000000000005
3101.0,-5.06
3102.0,-5.23
3103.0,-5.13
3104.0,-5.03
3105.0,-5.13
3106.0,-5.17
3107.0,-5.08
3108.0,-5.23
3109.0,-5.1
3110.0,-5.05
3111.0,-5.1
3112.0,-1.0000000000000007
3113.0,-5.02
3114.0,-5.69
3115.0,-5.59
3116.0,-5.760000000000001
3117.0,-5.930000000000001
3118.0,-5.09
3119.0,-5.38
3120.0,-5.46
3121.0,-5.15
3122.0,-5.23
3123.0,-5.45
3124.0,-5.07
3125.0,-5.14
3126.0,-5.04
3127.0,-5.23
3128.0,-5.1
3129.0,-5.04
3130.0,-5.46
3131.0,-5.25
3132.0,-5.21
3133.0,-5.1
3134.0,-5.07
3135.0,-5.04
3136.0,-5.11
3137.0,-5.12
3138.0,-5.06
3139.0,-5.05
3140.0,-5.470000000000001
3141.0,-5.04
3142.0,-5.17
3143.0,-5.6000000000000005
3144.0,-5.01
3145.0,-5.09
3146.0,-5.01
3147.0,-5.05
3148.0,-5.11
3149.0,-5.14
3150.0,-5.33
3151.0,-5.22
3152.0,-5.04
3153.0,-5.390000000000001
3154.0,-5.15
3155.0,-5.02
3156.0,-5.1
3157.0,-5.38
3158.0,-5.25
3159.0,-5.16
3160.0,-5.09
3161.0,-5.390000000000001
3162.0,-5.05
3163.0,-5.38
3164.0,-5.22
3165.0,-5.07
3166.0,-5.74
3167.0,-5.12
3168.0,-5.16
3169.0,-5.05
3170.0,-5.11
3171.0,-5.07
3172.0,-5.5
3173.0,-5.03
3174.0,-5.02
3175.0,-5.36
3176.0,-5.41
3177.0,-5.12
3178.0,-5.3500000000000005
3179.0,-5.03
3180.0,-5.44
3181.0,-5.41
3182.0,-5.11
3183.0,-5.1
3184.0,-5.04
3185.0,-5.550000000000001
3186.0,-5.24
3187.0,-5.19
3188.0,-5.58
3189.0,-5.09
3190.0,-5.02
3191.0,-5.25
3192.0,-5.05
3193.0,-5.13
3194.0,-5.37
3195.0,-5.16
3196.0,-5.34
3197.0,-5.07
3198.0,-5.05
3199.0,-5.02
3200.0,-5.48
3201.0,-5.16
3202.0,-5.07
3203.0,-5.36
3204.0,-5.11
3205.0,-5.03
3206.0,-5.15
3207.0,-5.34
3208.0,-5.86
3209.0,-5.840000000000001
3210.0,-5.02
3211.0,-5.01
3212.0,-5.05
3213.0,-5.02
3214.0,-5.14
3215.0,-5.66
3216.0,-5.07
3217.0,-5.16
3218.0,-5.04
3219.0,-5.69
3220.0,-5.51
3221.0,-5.1
3222.0,-5.36
3223.0,-5.11
3224.0,-5.61
3225.0,-5.02
3226.0,-5.51
3227.0,-5.02
3228.0,-5.34
3229.0,-5.04
3230.0,-5.02
3231.0,-5.32
3232.0,-5.02
3233.0,-5.04
3234.0,-5.37
3235.0,-5.03
3236.0,-5.11
3237.0,-5.05
3238.0,-5.65
3239.0,-5.45
3240.0,-5.05
3241.0,-5.03
3242.0,-5.05
3243.0,-1.0000000000000007
3244.0,-5.04
3245.0,-5.2
3246.0,-5.13
3247.0,-5.57
3248.0,-5.09
3249.0,-5.01
3250.0,-5.09
3251.0,-5.05
3252.0,-5.06
3253.0,-5.6000000000000005
3254.0,-5.21
3255.0,-5.03
3256.0,-5.06
3257.0,-5.26
3258.0,-5.3
3259.0,-5.46
3260.0,-5.03
3261.0,-5.05
3262.0,-5.02
3263.0,-5.26
3264.0,-5.28
3265.0,-5.24
3266.0,-5.36
3267.0,-5.09
3268.0,-5.03
3269.0,-5.02
3270.0,-5.04
3271.0,-5.01
3272.0,-5.86
3273.0,-5.3500000000000005
3274.0,-5.42
3275.0,-5.01
3276.0,-5.02
3277.0,-5.12
3278.0,-5.26
3279.0,-5.07
3280.0,-5.07
3281.0,-5.29
3282.0,-5.34
3283.0,-5.04
3284.0,-5.550000000000001
3285.0,-5.15
3286.0,-5.16
3287.0,-5.04
3288.0,-5.2
3289.0,-5.19
3290.0,-5.12
3291.0,-5.05
3292.0,-5.06
3293.0,-5.12
3294.0,-5.01
3295.0,-5.06
3296.0,-5.24
3297.0,-5.08
3298.0,-5.13
3299.0,-5.09
3300.0,-5.07
3301.0,-5.02
3302.0,-5.02
3303.0,-5.02
3304.0,-1.0000000000000007
3305.0,-5.01
3306.0,-5.3
3307.0,-5.02
3308.0,-5.09
3309.0,-5.14
3310.0,-5.14
3311.0,-5.01
3312.0,-5.65
3313.0,-5.19
3314.0,-5.710000000000001
3315.0,-5.08
3316.0,-5.15
3317.0,-5.04
3318.0,-5.04
3319.0,-5.19
3320.0,-5.15
3321.0,-5.01
3322.0,-5.46
3323.0,-5.13
3324.0,-5.14
3325.0,-5.28
3326.0,-5.18
3327.0,-5.53
3328.0,-5.06
3329.0,-5.36
3330.0,-5.11
3331.0,-5.29
3332.0,-5.07
3333.0,-5.05
3334.0,-5.08
3335.0,-5.1
3336.0,-5.1
3337.0,-5.25
3338.0,-5.01
3339.0,-5.18
3340.0,-5.33
3341.0,-5.01
3342.0,-5.02
3343.0,-5.06
3344.0,-5.24
3345.0,-5.02
3346.0,-5.09
3347.0,-5.07
3348.0,-5.04
3349.0,-5.26
3350.0,-5.680000000000001
3351.0,-5.21
3352.0,-5.21
3353.0,-5.51
3354.0,-5.05
3355.0,-5.550000000000001
3356.0,-5.13
3357.0,-5.02
3358.0,-5.32
3359.0,-5.390000000000001
3360.0,-5.06
3361.0,-5.05
3362.0,-5.07
3363.0,-5.470000000000001
3364.0,-5.19
3365.0,-5.04
3366.0,-5.08
3367.0,-5.12
3368.0,-5.69
3369.0,-5.42
3370.0,-5.15
3371.0,-5.03
3372.0,-5.2
3373.0,-5.36
3374.0,-5.44
3375.0,-5.17
3376.0,-5.840000000000001
3377.0,-5.25
3378.0,-5.06
3379.0,-5.07
3380.0,-5.02
3381.0,-5.07
3382.0,-5.12
3383.0,-5.09
3384.0,-5.12
3385.0,-5.02
3386.0,-5.390000000000001
3387.0,-5.19
3388.0,-5.390000000000001
3389.0,-5.02
3390.0,-5.16
3391.0,-5.24
3392.0,-5.45
3393.0,-5.470000000000001
3394.0,-5.02
3395.0,-5.18
3396.0,-5.05
3397.0,-5.06
3398.0,-5.02
3399.0,-5.04
3400.0,-5.11
3401.0,-5.5600000000000005
3402.0,-5.3500000000000005
3403.0,-5.07
3404.0,-5.03
3405.0,-5.06
3406.0,-5.05
3407.0,-5.67
3408.0,-5.03
3409.0,-5.07
3410.0,-5.2
3411.0,-5.14
3412.0,-5.04
3413.0,-5.19
3414.0,-5.06
3415.0,-5.12
3416.0,-5.02
3417.0,-5.07
3418.0,-5.01
3419.0,-5.07
3420.0,-5.17
3421.0,-1.0000000000000007
3422.0,-5.09
3423.0,-5.09
3424.0,-5.21
3425.0,-5.17
3426.0,-5.28
3427.0,-5.01
3428.0,-5.12
3429.0,-5.45
3430.0,-5.01
3431.0,-5.05
3432.0,-5.6000000000000005
3433.0,-5.02
3434.0,-5.03
3435.0,-5.630000000000001
3436.0,-5.18
3437.0,-5.01
3438.0,-5.680000000000001
3439.0,-5.03
3440.0,-5.2
3441.0,-5.04
3442.0,-5.26
3443.0,-5.44
3444.0,-5.04
3445.0,-5.06
3446.0,-5.12
3447.0,-5.12
3448.0,-5.02
3449.0,-5.02
3450.0,-5.07
3451.0,-5.53
3452.0,-5.06
3453.0,-5.04
3454.0,-5.04
3455.0,-5.28
3456.0,-5.08
3457.0,-5.03
3458.0,-5.03
3459.0,-5.04
3460.0,-5.78
3461.0,-5.32
3462.0,-5.34
3463.0,-5.33
3464.0,-5.05
3465.0,-5.06
3466.0,-5.21
3467.0,-5.07
3468.0,-5.04
3469.0,-5.26
3470.0,-5.09
3471.0,-5.3
3472.0,-5.3500000000000005
3473.0,-5.3100000000000005
3474.0,-5.24
3475.0,-5.09
3476.0,-5.08
3477.0,-5.24
3478.0,-5.04
3479.0,-5.05
3480.0,-5.54
3481.0,-5.04
3482.0,-5.05
3483.0,-5.86
3484.0,-1.0000000000000007
3485.0,-5.1
3486.0,-5.15
3487.0,-5.36
3488.0,-5.9
3489.0,-5.07
3490.0,-5.01
3491.0,-5.21
3492.0,-5.58
3493.0,-5.49
3494.0,-5.13
3495.0,-5.33
3496.0,-5.12
3497.0,-5.29
3498.0,-5.65
3499.0,-5.06
3500.0,-5.34
3501.0,-5.18
3502.0,-5.44
3503.0,-5.02
3504.0,-5.23
3505.0,-5.05
3506.0,-5.73
3507.0,-5.07
3508.0,-5.02
3509.0,-5.29
3510.0,-5.04
3511.0,-5.07
3512.0,-5.21
3513.0,-5.02
3514.0,-5.37
3515.0,-5.05
3516.0,-5.33
3517.0,-5.34
3518.0,-5.07
3519.0,-5.4
3520.0,-5.24
3521.0,-5.13
3522.0,-5.23
3523.0,-5.33
3524.0,-5.8100000000000005
3525.0,-5.02
3526.0,-5.01
3527.0,-5.21
3528.0,-5.06
3529.0,-5.710000000000001
3530.0,-5.960000000000001
3531.0,-5.1
3532.0,-5.11
3533.0,-5.07
3534.0,-5.19
3535.0,-5.08
3536.0,-5.2
3537.0,-5.08
3538.0,-5.2
3539.0,-5.01
3540.0,-5.17
3541.0,-5.18
3542.0,-5.09
3543.0,-1.0000000000000007
3544.0,-5.970000000000001
3545.0,-5.02
3546.0,-5.65
3547.0,-5.24
3548.0,-5.11
3549.0,-5.15
3550.0,-5.09
3551.0,-5.02
3552.0,-5.26
3553.0,-5.33
3554.0,-5.06
3555.0,-5.04
3556.0,-5.02
3557.0,-5.46
3558.0,-5.5
3559.0,-5.470000000000001
3560.0,-5.25
3561.0,-5.33
3562.0,-5.640000000000001
3563.0,-5.02
3564.0,-5.73
3565.0,-5.03
3566.0,-5.03
3567.0,-5.01
3568.0,-5.04
3569.0,-5.01
3570.0,-5.11
3571.0,-5.01
3572.0,-5.840000000000001
3573.0,-5.23
3574.0,-5.19
3575.0,-5.53
3576.0,-5.03
3577.0,-5.1
3578.0,-5.09
3579.0,-5.05
3580.0,-5.04
3581.0,-5.57
3582.0,-5.04
3583.0,-5.82
3584.0,-5.07
3585.0,-5.09
3586.0,-1.0000000000000007
3587.0,-5.04
3588.0,-5.02
3589.0,-5.07
3590.0,-5.02
3591.0,-5.470000000000001
3592.0,-5.02
3593.0,-5.11
3594.0,-5.08
3595.0,-5.920000000000001
3596.0,-5.430000000000001
3597.0,-5.41
3598.0,-5.03
3599.0,-5.2700000000000005
3600.0,-5.06
3601.0,-5.1
3602.0,-5.09
3603.0,-5.3
3604.0,-5.2700000000000005
3605.0,-5.14
3606.0,-5.14
3607.0,-5.06
3608.0,-5.2
3609.0,-5.13
3610.0,-5.01
3611.0,-5.37
3612.0,-5.760000000000001
3613.0,-5.04
3614.0,-5.06
3615.0,-5.36
3616.0,-5.94
3617.0,-5.02
3618.0,-5.920000000000001
3619.0,-5.430000000000001
3620.0,-5.09
3621.0,-5.390000000000001
3622.0,-5.16
3623.0,-5.02
3624.0,-5.09
3625.0,-5.33
3626.0,-1.0000000000000007
3627.0,-5.09
3628.0,-5.48
3629.0,-5.13
3630.0,-5.19
3631.0,-5.32
3632.0,-5.03
3633.0,-5.28
3634.0,-5.32
3635.0,-5.02
3636.0,-5.07
3637.0,-5.3
3638.0,-5.03
3639.0,-5.38
3640.0,-5.62
3641.0,-5.02
3642.0,-5.15
3643.0,-5.02
3644.0,-5.44
3645.0,-5.16
3646.0,-5.69
3647.0,-5.03
3648.0,-5.3
3649.0,-5.08
3650.0,-5.04
3651.0,-5.04
3652.0,-5.21
3653.0,-5.26
3654.0,-5.06
3655.0,-5.03
3656.0,-5.01
3657.0,-5.44
3658.0,-5.03
3659.0,-5.11
3660.0,-5.1
3661.0,-5.16
3662.0,-5.08
3663.0,-5.04
3664.0,-5.38
3665.0,-5.04
3666.0,-5.01
3667.0,-5.640000000000001
3668.0,-5.07
3669.0,-5.01
3670.0,-5.03
3671.0,-5.07
3672.0,-5.07
3673.0,-5.05
3674.0,-5.13
3675.0,-5.06
3676.0,-5.550000000000001
3677.0,-5.12
3678.0,-5.15
3679.0,-5.11
3680.0,-5.08
3681.0,-5.5600000000000005
3682.0,-5.16
3683.0,-5.02
3684.0,-5.91
3685.0,-5.09
3686.0,-5.29
3687.0,-5.16
3688.0,-5.970000000000001
3689.0,-5.02
3690.0,-5.86
3691.0,-5.15
3692.0,-5.05
3693.0,-5.03
3694.0,-5.13
3695.0,-5.7700000000000005
3696.0,-5.13
3697.0,-5.74
3698.0,-5.390000000000001
3699.0,-5.08
3700.0,-5.06
3701.0,-1.0000000000000007
3702.0,-5.51
3703.0,-1.0000000000000007
3704.0,-5.09
3705.0,-5.06
3706.0,-5.09
3707.0,-1.0000000000000007
3708.0,-5.07
3709.0,-5.22
3710.0,-5.49
3711.0,-5.06
3712.0,-5.05
3713.0,-5.880000000000001
3714.0,-5.710000000000001
3715.0,-5.01
3716.0,-5.1
3717.0,-5.640000000000001
3718.0,-5.67
3719.0,-5.62
3720.0,-5.11
3721.0,-5.32
3722.0,-5.390000000000001
3723.0,-5.07
3724.0,-5.38
3725.0,-5.44
3726.0,-5.01
3727.0,-1.0000000000000007
3728.0,-5.14
3729.0,-5.16
3730.0,-5.760000000000001
3731.0,-5.5600000000000005
3732.0,-5.33
3733.0,-5.11
3734.0,-5.15
3735.0,-5.02
3736.0,-5.06
3737.0,-5.21
3738.0,-5.42
3739.0,-5.13
3740.0,-5.05
3741.0,-5.06
3742.0,-5.1
3743.0,-5.06
3744.0,-5.32
3745.0,-5.03
3746.0,-5.04
3747.0,-5.9
3748.0,-5.59
3749.0,-5.24
3750.0,-5.08
3751.0,-5.06
3752.0,-5.02
3753.0,-5.5
3754.0,-5.13
3755.0,-5.07
3756.0,-5.4
3757.0,-5.28
3758.0,-5.09
3759.0,-5.760000000000001
3760.0,-5.03
3761.0,-5.12
3762.0,-5.2
3763.0,-5.41
3764.0,-5.44
3765.0,-5.36
3766.0,-5.19
3767.0,-5.02
3768.0,-5.1
3769.0,-5.45
3770.0,-5.07
3771.0,-5.04
3772.0,-5.18
3773.0,-5.02
3774.0,-5.04
3775.0,-5.1
3776.0,-5.01
3777.0,-5.02
3778.0,-5.13
3779.0,-1.0000000000000007
3780.0,-5.08
3781.0,-5.02
3782.0,-5.01
3783.0,-5.19
3784.0,-5.02
3785.0,-5.54
3786.0,-5.45
3787.0,-5.54
3788.0,-5.3
3789.0,-5.42
3790.0,-5.13
3791.0,-5.05
3792.0,-5.82
3793.0,-5.45
3794.0,-5.06
3795.0,-5.03
3796.0,-5.3
3797.0,-5.03
3798.0,-5.1
3799.0,-5.15
3800.0,-5.33
3801.0,-5.37
3802.0,-5.04
3803.0,-5.34
3804.0,-5.14
3805.0,-5.06
3806.0,-5.08
3807.0,-5.29
3808.0,-5.05
3809.0,-5.06
3810.0,-5.2700000000000005
3811.0,-5.06
3812.0,-5.05
3813.0,-5.7
3814.0,-5.02
3815.0,-5.45
3816.0,-5.07
3817.0,-5.53
3818.0,-5.7
3819.0,-5.04
3820.0,-5.21
3821.0,-5.13
3822.0,-5.25
3823.0,-5.09
3824.0,-5.16
3825.0,-5.17
3826.0,-5.07
3827.0,-5.03
3828.0,-5.03
3829.0,-5.02
3830.0,-5.06
3831.0,-5.02
3832.0,-5.15
3833.0,-5.08
3834.0,-5.05
3835.0,-5.59
3836.0,-5.75
3837.0,-5.3
3838.0,-5.37
3839.0,-5.29
3840.0,-5.11
3841.0,-5.05
3842.0,-5.12
3843.0,-5.18
3844.0,-5.04
3845.0,-5.75
3846.0,-5.19
3847.0,-5.05
3848.0,-5.01
3849.0,-5.08
3850.0,-5.3500000000000005
3851.0,-5.11
3852.0,-5.06
3853.0,-5.04
3854.0,-5.26
3855.0,-5.05
3856.0,-5.11
3857.0,-5.08
3858.0,-5.01
3859.0,-5.04
3860.0,-5.22
3861.0,-5.1
3862.0,-5.48
3863.0,-5.02
3864.0,-5.3100000000000005
3865.0,-5.11
3866.0,-5.04
3867.0,-5.41
3868.0,-5.01
3869.0,-5.08
3870.0,-5.03
3871.0,-5.46
3872.0,-5.430000000000001
3873.0,-5.32
3874.0,-1.0000000000000007
3875.0,-5.390000000000001
3876.0,-5.05
3877.0,-5.13
3878.0,-5.04
3879.0,-5.11
3880.0,-5.34
3881.0,-5.38
3882.0,-5.3100000000000005
3883.0,-5.08
3884.0,-5.18
3885.0,-5.13
3886.0,-5.29
3887.0,-5.15
3888.0,-5.3
3889.0,-5.3100000000000005
3890.0,-5.13
3891.0,-5.02
3892.0,-5.42
3893.0,-5.67
3894.0,-5.01
3895.0,-5.04
3896.0,-5.04
3897.0,-5.04
3898.0,-5.470000000000001
3899.0,-5.790000000000001
3900.0,-5.02
3901.0,-5.05
3902.0,-5.16
3903.0,-5.02
3904.0,-5.01
3905.0,-5.37
3906.0,-5.03
3907.0,-5.550000000000001
3908.0,-5.05
3909.0,-5.14
3910.0,-5.28
3911.0,-1.0000000000000007
3912.0,-5.51
3913.0,-5.44
3914.0,-5.16
3915.0,-5.04
3916.0,-5.15
3917.0,-5.01
3918.0,-5.03
3919.0,-5.11
3920.0,-5.12
3921.0,-5.08
3922.0,-5.06
3923.0,-5.08
3924.0,-5.760000000000001
3925.0,-5.3500000000000005
3926.0,-5.04
3927.0,-5.66
3928.0,-5.02
3929.0,-5.51
3930.0,-5.09
3931.0,-5.26
3932.0,-5.04
3933.0,-5.32
3934.0,-5.22
3935.0,-5.24
3936.0,-5.05
3937.0,-5.38
3938.0,-5.04
3939.0,-5.07
3940.0,-5.710000000000001
3941.0,-5.38
3942.0,-5.07
3943.0,-5.28
3944.0,-5.66
3945.0,-5.04
3946.0,-5.01
3947.0,-5.44
3948.0,-5.2700000000000005
3949.0,-5.02
3950.0,-5.22
3951.0,-5.08
3952.0,-5.25
3953.0,-5.13
3954.0,-5.07
3955.0,-5.66
3956.0,-5.28
3957.0,-5.11
3958.0,-5.17
3959.0,-5.06
3960.0,-5.05
3961.0,-5.02
3962.0,-5.01
3963.0,-5.36
3964.0,-5.09
3965.0,-5.07
3966.0,-5.01
3967.0,-5.02
3968.0,-5.04
3969.0,-5.02
3970.0,-5.25
3971.0,-5.06
3972.0,-5.11
3973.0,-5.04
3974.0,-5.04
3975.0,-5.41
3976.0,-5.03
3977.0,-5.18
3978.0,-5.06
3979.0,-5.04
3980.0,-5.06
3981.0,-5.06
3982.0,-5.01
3983.0,-5.17
3984.0,-5.13
3985.0,-5.04
3986.0,-5.12
3987.0,-5.29
3988.0,-5.01
3989.0,-5.430000000000001
3990.0,-5.33
3991.0,-5.8500000000000005
3992.0,-5.18
3993.0,-5.16
3994.0,-5.5200000000000005
3995.0,-5.03
3996.0,-5.24
3997.0,-5.680000000000001
3998.0,-5.66
3999.0,-5.11
4000.0,-5.02
4001.0,-5.32
4002.0,-5.37
4003.0,-5.59
4004.0,-5.05
4005.0,-5.08
4006.0,-5.06
4007.0,-5.07
4008.0,-5.390000000000001
4009.0,-5.19
4010.0,-5.04
4011.0,-5.12
4012.0,-5.1
4013.0,-5.22
4014.0,-5.44
4015.0,-5.18
4016.0,-5.08
4017.0,-5.5
4018.0,-1.0000000000000007
4019.0,-5.04
4020.0,-5.22
4021.0,-5.1
4022.0,-5.3500000000000005
4023.0,-5.3500000000000005
4024.0,-5.15
4025.0,-5.02
4026.0,-5.14
4027.0,-5.42
4028.0,-5.04
4029.0,-5.13
4030.0,-5.07
4031.0,-5.05
4032.0,-5.06
4033.0,-5.49
4034.0,-5.38
4035.0,-5.6000000000000005
4036.0,-5.04
4037.0,-5.5
4038.0,-5.38
4039.0,-5.800000000000001
4040.0,-5.38
4041.0,-5.01
4042.0,-5.07
4043.0,-5.32
4044.0,-5.01
4045.0,-5.06
4046.0,-5.12
4047.0,-5.16
4048.0,-5.05
4049.0,-5.42
4050.0,-5.15
4051.0,-5.07
4052.0,-5.24
4053.0,-5.5
4054.0,-5.18
4055.0,-5.06
4056.0,-5.09
4057.0,-5.01
4058.0,-5.04
4059.0,-5.2700000000000005
4060.0,-5.01
4061.0,-5.05
4062.0,-5.470000000000001
4063.0,-5.42
4064.0,-5.02
4065.0,-5.09
4066.0,-5.03
4067.0,-5.870000000000001
4068.0,-5.04
4069.0,-5.17
4070.0,-5.51
4071.0,-5.09
4072.0,-5.01
4073.0,-5.390000000000001
4074.0,-5.07
4075.0,-5.25
4076.0,-5.6000000000000005
4077.0,-5.12
4078.0,-5.03
4079.0,-5.38
4080.0,-5.01
4081.0,-5.02
4082.0,-5.66
4083.0,-5.15
4084.0,-5.04
4085.0,-5.3500000000000005
4086.0,-5.59
4087.0,-5.01
4088.0,-5.03
4089.0,-5.33
4090.0,-5.5200000000000005
4091.0,-5.04
4092.0,-5.32
4093.0,-5.01
4094.0,-5.18
4095.0,-5.32
4096.0,-5.05
4097.0,-5.2
4098.0,-5.07
4099.0,-5.09
4100.0,-5.02
4101.0,-5.01
4102.0,-5.38
4103.0,-5.06
4104.0,-5.08
4105.0,-1.0000000000000007
4106.0,-5.04
4107.0,-5.36
4108.0,-5.54
4109.0,-5.15
4110.0,-5.58
4111.0,-5.09
4112.0,-5.44
4113.0,-5.04
4114.0,-5.48
4115.0,-5.12
4116.0,-5.2700000000000005
4117.0,-5.03
4118.0,-5.04
4119.0,-5.32
4120.0,-5.36
4121.0,-5.1
4122.0,-5.02
4123.0,-5.05
4124.0,-5.73
4125.0,-5.02
4126.0,-5.03
4127.0,-5.23
4128.0,-5.19
4129.0,-5.3
4130.0,-5.04
4131.0,-5.09
4132.0,-5.32
4133.0,-5.48
4134.0,-5.54
4135.0,-5.04
4136.0,-5.11
4137.0,-5.11
4138.0,-5.02
4139.0,-5.2
4140.0,-5.3500000000000005
4141.0,-5.06
4142.0,-5.03
4143.0,-5.13
4144.0,-5.07
4145.0,-5.14
4146.0,-5.03
4147.0,-5.28
4148.0,-5.01
4149.0,-5.17
4150.0,-5.38
4151.0,-5.02
4152.0,-5.07
4153.0,-5.04
4154.0,-5.04
4155.0,-5.74
4156.0,-5.02
4157.0,-5.03
4158.0,-5.07
4159.0,-5.19
4160.0,-5.01
4161.0,-5.57
4162.0,-5.06
4163.0,-1.0000000000000007
4164.0,-5.3500000000000005
4165.0,-5.12
4166.0,-5.01
4167.0,-5.22
4168.0,-5.14
4169.0,-5.8100000000000005
4170.0,-5.14
4171.0,-5.01
4172.0,-5.07
4173.0,-5.11
4174.0,-5.48
4175.0,-5.03
4176.0,-5.42
4177.0,-5.07
4178.0,-1.0000000000000007
4179.0,-5.21
4180.0,-5.03
4181.0,-5.430000000000001
4182.0,-5.15
4183.0,-5.16
4184.0,-5.29
4185.0,-5.11
4186.0,-5.02
4187.0,-5.62
4188.0,-5.36
4189.0,-5.26
4190.0,-5.04
4191.0,-5.03
4192.0,-5.11
4193.0,-5.550000000000001
4194.0,-5.03
4195.0,-5.49
4196.0,-5.16
4197.0,-1.0000000000000007
4198.0,-5.03
4199.0,-5.54
4200.0,-5.05
4201.0,-5.07
4202.0,-5.41
4203.0,-5.53
4204.0,-5.21
4205.0,-5.38
4206.0,-1.0000000000000007
4207.0,-5.14
4208.0,-5.02
4209.0,-5.470000000000001
4210.0,-5.08
4211.0,-5.09
4212.0,-5.640000000000001
4213.0,-5.03
4214.0,-5.36
4215.0,-5.05
4216.0,-5.48
4217.0,-5.16
4218.0,-5.67
4219.0,-5.02
4220.0,-5.18
4221.0,-5.8500000000000005
4222.0,-5.01
4223.0,-5.04
4224.0,-5.3100000000000005
4225.0,-5.08
4226.0,-5.01
4227.0,-5.18
4228.0,-5.32
4229.0,-5.11
4230.0,-5.37
4231.0,-5.09
4232.0,-5.34
4233.0,-5.61
4234.0,-5.38
4235.0,-5.18
4236.0,-5.06
4237.0,-5.48
4238.0,-5.23
4239.0,-5.54
4240.0,-5.59
4241.0,-5.01
4242.0,-5.19
4243.0,-5.05
4244.0,-5.16
4245.0,-5.3100000000000005
4246.0,-5.22
4247.0,-5.05
4248.0,-5.04
4249.0,-5.3100000000000005
4250.0,-5.03
4251.0,-5.07
4252.0,-5.07
4253.0,-5.01
4254.0,-5.430000000000001
4255.0,-5.03
4256.0,-5.08
4257.0,-5.01
4258.0,-5.61
4259.0,-5.06
4260.0,-5.01
4261.0,-5.01
4262.0,-5.7700000000000005
4263.0,-5.07
4264.0,-5.07
4265.0,-5.14
4266.0,-5.01
4267.0,-5.14
4268.0,-5.430000000000001
4269.0,-5.09
4270.0,-5.09
4271.0,-5.49
4272.0,-5.29
4273.0,-1.0000000000000007
4274.0,-5.57
4275.0,-5.06
4276.0,-5.08
4277.0,-5.16
4278.0,-5.03
4279.0,-5.2700000000000005
4280.0,-5.640000000000001
4281.0,-5.26
4282.0,-5.13
4283.0,-5.710000000000001
4284.0,-5.13
4285.0,-5.04
4286.0,-5.14
4287.0,-5.08
4288.0,-5.38
4289.0,-5.2700000000000005
4290.0,-5.23
4291.0,-5.07
4292.0,-5.33
4293.0,-5.18
4294.0,-5.03
4295.0,-5.3500000000000005
4296.0,-5.23
4297.0,-5.22
4298.0,-5.02
4299.0,-5.08
4300.0,-5.920000000000001
4301.0,-5.760000000000001
4302.0,-5.28
4303.0,-5.07
4304.0,-5.73
4305.0,-5.05
4306.0,-5.470000000000001
4307.0,-5.6000000000000005
4308.0,-5.07
4309.0,-5.74
4310.0,-5.03
4311.0,-5.19
4312.0,-5.11
4313.0,-5.07
4314.0,-5.49
4315.0,-5.970000000000001
4316.0,-5.13
4317.0,-5.08
4318.0,-5.02
4319.0,-5.2
4320.0,-5.06
4321.0,-5.3
4322.0,-5.04
4323.0,-5.28
4324.0,-5.02
4325.0,-5.1
4326.0,-5.1
4327.0,-5.91
4328.0,-5.03
4329.0,-5.680000000000001
4330.0,-5.18
4331.0,-5.01
4332.0,-5.02
4333.0,-5.02
4334.0,-5.57
4335.0,-5.2700000000000005
4336.0,-5.46
4337.0,-5.4
4338.0,-5.550000000000001
4339.0,-5.01
4340.0,-5.14
4341.0,-5.04
4342.0,-5.09
4343.0,-5.44
4344.0,-5.41
4345.0,-5.03
4346.0,-5.53
4347.0,-5.1
4348.0,-5.86
4349.0,-5.05
4350.0,-1.0000000000000007
4351.0,-5.02
4352.0,-5.19
4353.0,-5.04
4354.0,-5.29
4355.0,-5.09
4356.0,-5.42
4357.0,-5.07
4358.0,-5.22
4359.0,-5.05
4360.0,-5.03
4361.0,-5.17
4362.0,-5.06
4363.0,-5.05
4364.0,-5.03
4365.0,-5.03
4366.0,-5.12
4367.0,-5.1
4368.0,-5.03
4369.0,-5.05
4370.0,-5.550000000000001
4371.0,-5.19
4372.0,-5.33
4373.0,-5.03
4374.0,-5.01
4375.0,-5.38
4376.0,-5.03
4377.0,-5.550000000000001
4378.0,-5.04
4379.0,-5.57
4380.0,-5.06
4381.0,-5.18
4382.0,-5.07
4383.0,-5.11
4384.0,-5.58
4385.0,-5.62
4386.0,-5.5200000000000005
4387.0,-5.06
4388.0,-5.09
4389.0,-5.13
4390.0,-5.18
4391.0,-5.840000000000001
4392.0,-5.33
4393.0,-5.4
4394.0,-5.5200000000000005
4395.0,-5.04
4396.0,-5.26
4397.0,-5.04
4398.0,-5.09
4399.0,-5.470000000000001
4400.0,-5.550000000000001
4401.0,-5.05
4402.0,-5.26
4403.0,-5.2
4404.0,-5.01
4405.0,-5.05
4406.0,-5.33
4407.0,-5.07
4408.0,-5.17
4409.0,-5.12
4410.0,-5.24
4411.0,-5.2
4412.0,-5.73
4413.0,-5.4
4414.0,-5.19
4415.0,-5.870000000000001
4416.0,-5.16
4417.0,-5.32
4418.0,-5.2700000000000005
4419.0,-5.05
4420.0,-5.470000000000001
4421.0,-5.16
4422.0,-5.33
4423.0,-5.11
4424.0,-5.54
4425.0,-5.14
4426.0,-5.02
4427.0,-5.83
4428.0,-5.16
4429.0,-5.3
4430.0,-5.02
4431.0,-5.01
4432.0,-5.21
4433.0,-1.0000000000000007
4434.0,-5.04
4435.0,-5.02
4436.0,-5.23
4437.0,-5.03
4438.0,-5.5
4439.0,-5.05
4440.0,-5.05
4441.0,-5.890000000000001
4442.0,-5.28
4443.0,-5.09
4444.0,-5.32
4445.0,-5.01
4446.0,-5.09
4447.0,-5.36
4448.0,-5.29
4449.0,-5.22
4450.0,-5.01
4451.0,-5.24
4452.0,-5.03
4453.0,-5.37
4454.0,-5.1
4455.0,-5.790000000000001
4456.0,-5.17
4457.0,-5.23
4458.0,-5.2700000000000005
4459.0,-5.470000000000001
4460.0,-5.1
4461.0,-5.710000000000001
4462.0,-5.01
4463.0,-5.11
4464.0,-5.02
4465.0,-5.03
4466.0,-5.24
4467.0,-5.38
4468.0,-5.1
4469.0,-5.05
4470.0,-5.03
4471.0,-5.15
4472.0,-5.3
4473.0,-5.01
4474.0,-5.49
4475.0,-5.24
4476.0,-5.21
4477.0,-5.13
4478.0,-5.390000000000001
4479.0,-5.03
4480.0,-5.18
4481.0,-5.24
4482.0,-5.2
4483.0,-1.0000000000000007
4484.0,-5.32
4485.0,-5.42
4486.0,-5.07
4487.0,-5.01
4488.0,-5.91
4489.0,-5.7700000000000005
4490.0,-5.06
4491.0,-5.01
4492.0,-5.04
4493.0,-5.13
4494.0,-5.23
4495.0,-5.08
4496.0,-5.08
4497.0,-5.2700000000000005
4498.0,-5.07
4499.0,-5.3
4500.0,-5.03
4501.0,-5.2700000000000005
4502.0,-5.14
4503.0,-5.02
4504.0,-5.61
4505.0,-5.59
4506.0,-5.12
4507.0,-5.26
4508.0,-5.18
4509.0,-5.950000000000001
4510.0,-5.02
4511.0,-5.62
4512.0,-5.24
4513.0,-5.2700000000000005
4514.0,-5.61
4515.0,-5.28
4516.0,-5.01
4517.0,-5.49
4518.0,-5.16
4519.0,-5.01
4520.0,-5.2700000000000005
4521.0,-5.34
4522.0,-5.03
4523.0,-5.390000000000001
4524.0,-5.37
4525.0,-5.18
4526.0,-5.01
4527.0,-5.430000000000001
4528.0,-5.630000000000001
4529.0,-5.41
4530.0,-5.22
4531.0,-5.3
4532.0,-5.09
4533.0,-5.09
4534.0,-5.53
4535.0,-5.15
4536.0,-5.09
4537.0,-5.02
4538.0,-5.03
4539.0,-5.48
4540.0,-5.01
4541.0,-5.06
4542.0,-5.24
4543.0,-5.12
4544.0,-5.53
4545.0,-5.53
4546.0,-5.06
4547.0,-5.04
4548.0,-5.19
4549.0,-5.07
4550.0,-5.32
4551.0,-5.44
4552.0,-5.26
4553.0,-5.05
4554.0,-5.61
4555.0,-5.16
4556.0,-5.01
4557.0,-5.07
4558.0,-5.34
4559.0,-5.28
4560.0,-5.33
4561.0,-5.02
4562.0,-5.01
4563.0,-5.07
4564.0,-5.37
4565.0,-5.07
4566.0,-5.42
4567.0,-5.42
4568.0,-5.1
4569.0,-5.14
4570.0,-5.17
4571.0,-5.44
4572.0,-5.07
4573.0,-5.99
4574.0,-5.04
4575.0,-5.04
4576.0,-5.05
4577.0,-5.15
4578.0,-5.04
4579.0,-5.03
4580.0,-5.08
4581.0,-5.08
4582.0,-5.24
4583.0,-5.02
4584.0,-5.1
4585.0,-5.2
4586.0,-5.04
4587.0,-5.06
4588.0,-5.550000000000001
4589.0,-5.33
4590.0,-5.06
4591.0,-5.430000000000001
4592.0,-5.46
4593.0,-5.05
4594.0,-5.12
4595.0,-5.15
4596.0,-5.74
4597.0,-5.04
4598.0,-5.470000000000001
4599.0,-5.06
4600.0,-5.04
4601.0,-5.18
4602.0,-5.28
4603.0,-5.54
4604.0,-1.0000000000000007
4605.0,-5.21
4606.0,-5.45
4607.0,-5.1
4608.0,-5.14
4609.0,-5.02
4610.0,-5.03
4611.0,-5.1
4612.0,-5.09
4613.0,-5.14
4614.0,-5.15
4615.0,-5.44
4616.0,-5.05
4617.0,-5.03
4618.0,-5.05
4619.0,-5.04
4620.0,-5.74
4621.0,-5.04
4622.0,-5.04
4623.0,-5.94
4624.0,-5.23
4625.0,-5.48
4626.0,-5.840000000000001
4627.0,-5.06
4628.0,-5.5
4629.0,-5.17
4630.0,-5.2700000000000005
4631.0,-5.02
4632.0,-5.57
4633.0,-5.12
4634.0,-5.08
4635.0,-5.02
4636.0,-5.01
4637.0,-5.16
4638.0,-5.58
4639.0,-5.45
4640.0,-5.17
4641.0,-5.2
4642.0,-5.01
4643.0,-5.02
4644.0,-5.08
4645.0,-5.470000000000001
4646.0,-5.53
4647.0,-5.22
4648.0,-5.550000000000001
4649.0,-5.06
4650.0,-5.49
4651.0,-5.19
4652.0,-5.1
4653.0,-5.02
4654.0,-5.06
4655.0,-5.18
4656.0,-5.02
4657.0,-5.11
4658.0,-5.48
4659.0,-5.2
4660.0,-5.06
4661.0,-5.69
4662.0,-5.54
4663.0,-5.03
4664.0,-5.760000000000001
4665.0,-5.06
4666.0,-5.28
4667.0,-5.1
4668.0,-5.03
4669.0,-5.760000000000001
4670.0,-5.58
4671.0,-5.01
4672.0,-5.06
4673.0,-5.22
4674.0,-5.01
4675.0,-5.05
4676.0,-5.38
4677.0,-5.33
4678.0,-5.48
4679.0,-5.760000000000001
4680.0,-5.15
4681.0,-5.09
4682.0,-5.3500000000000005
4683.0,-5.02
4684.0,-5.04
4685.0,-5.34
4686.0,-5.05
4687.0,-5.3500000000000005
4688.0,-5.1
4689.0,-5.11
4690.0,-5.07
4691.0,-5.28
4692.0,-5.1
4693.0,-5.06
4694.0,-5.06
4695.0,-5.04
4696.0,-5.640000000000001
4697.0,-5.12
4698.0,-5.67
4699.0,-5.15
4700.0,-5.32
4701.0,-5.02
4702.0,-5.13
4703.0,-5.02
4704.0,-5.54
4705.0,-5.03
4706.0,-5.7
4707.0,-5.01
4708.0,-5.02
4709.0,-5.02
4710.0,-5.3500000000000005
4711.0,-5.22
4712.0,-5.26
4713.0,-5.03
4714.0,-5.06
4715.0,-5.2
4716.0,-5.550000000000001
4717.0,-5.5
4718.0,-5.2
4719.0,-5.05
4720.0,-5.720000000000001
4721.0,-5.01
4722.0,-5.01
4723.0,-5.48
4724.0,-5.3
4725.0,-5.32
4726.0,-5.5
4727.0,-5.38
4728.0,-5.09
4729.0,-5.06
4730.0,-5.3100000000000005
4731.0,-5.1
4732.0,-5.86
4733.0,-5.69
4734.0,-5.2700000000000005
4735.0,-5.04
4736.0,-5.61
4737.0,-5.04
4738.0,-5.12
4739.0,-5.66
4740.0,-5.390000000000001
4741.0,-5.49
4742.0,-5.19
4743.0,-5.48
4744.0,-5.07
4745.0,-5.640000000000001
4746.0,-5.04
4747.0,-5.02
4748.0,-5.03
4749.0,-5.18
4750.0,-5.14
4751.0,-5.42
4752.0,-5.01
4753.0,-5.07
4754.0,-5.42
4755.0,-5.33
4756.0,-5.01
4757.0,-5.15
4758.0,-5.51
4759.0,-5.12
4760.0,-5.05
4761.0,-5.720000000000001
4762.0,-5.28
4763.0,-5.09
4764.0,-5.04
4765.0,-5.13
4766.0,-5.41
4767.0,-5.46
4768.0,-5.11
4769.0,-5.02
4770.0,-5.2700000000000005
4771.0,-5.08
4772.0,-5.26
4773.0,-5.11
4774.0,-5.03
4775.0,-5.66
4776.0,-5.09
4777.0,-5.33
4778.0,-5.05
4779.0,-5.32
4780.0,-5.06
4781.0,-5.08
4782.0,-5.24
4783.0,-5.59
4784.0,-5.08
4785.0,-5.12
4786.0,-5.16
4787.0,-5.29
4788.0,-5.07
4789.0,-5.15
4790.0,-5.18
4791.0,-5.02
4792.0,-5.04
4793.0,-5.04
4794.0,-5.02
4795.0,-5.45
4796.0,-5.4
4797.0,-5.2
4798.0,-5.680000000000001
4799.0,-5.16
4800.0,-5.16
4801.0,-5.6000000000000005
4802.0,-5.550000000000001
4803.0,-5.11
4804.0,-5.66
4805.0,-5.03
4806.0,-5.04
4807.0,-5.17
4808.0,-5.880000000000001
4809.0,-5.08
4810.0,-5.05
4811.0,-5.49
4812.0,-5.04
4813.0,-5.1
4814.0,-5.06
4815.0,-5.26
4816.0,-5.02
4817.0,-5.11
4818.0,-5.3
4819.0,-5.07
4820.0,-5.12
4821.0,-5.4
4822.0,-5.26
4823.0,-5.02
4824.0,-5.760000000000001
4825.0,-5.07
4826.0,-5.2
4827.0,-5.390000000000001
4828.0,-5.22
4829.0,-5.13
4830.0,-5.46
4831.0,-5.8500000000000005
4832.0,-5.29
4833.0,-5.05
4834.0,-5.02
4835.0,-5.01
4836.0,-5.04
4837.0,-1.0000000000000007
4838.0,-5.16
4839.0,-5.16
4840.0,-5.7
4841.0,-5.16
4842.0,-5.05
4843.0,-5.11
4844.0,-5.08
4845.0,-5.41
4846.0,-5.03
4847.0,-5.390000000000001
4848.0,-5.02
4849.0,-5.06
4850.0,-5.5200000000000005
4851.0,-5.16
4852.0,-5.08
4853.0,-5.5200000000000005
4854.0,-5.24
4855.0,-5.33
4856.0,-5.24
4857.0,-5.3100000000000005
4858.0,-5.02
4859.0,-5.23
4860.0,-5.03
4861.0,-5.09
4862.0,-5.06
4863.0,-1.0000000000000007
4864.0,-5.8500000000000005
4865.0,-5.03
4866.0,-5.13
4867.0,-5.11
4868.0,-5.45
4869.0,-5.14
4870.0,-5.03
4871.0,-5.02
4872.0,-5.05
4873.0,-5.44
4874.0,-5.06
4875.0,-5.62
4876.0,-5.05
4877.0,-5.04
4878.0,-5.08
4879.0,-5.4
4880.0,-5.57
4881.0,-5.15
4882.0,-5.950000000000001
4883.0,-5.05
4884.0,-5.51
4885.0,-5.07
4886.0,-5.34
4887.0,-5.23
4888.0,-5.01
4889.0,-5.18
4890.0,-5.28
4891.0,-5.24
4892.0,-5.02
4893.0,-5.01
4894.0,-5.05
4895.0,-5.01
4896.0,-5.04
4897.0,-5.09
4898.0,-5.04
4899.0,-5.1
4900.0,-5.42
4901.0,-5.02
4902.0,-5.06
4903.0,-5.28
4904.0,-5.19
4905.0,-5.05
4906.0,-1.0000000000000007
4907.0,-5.54
4908.0,-5.11
4909.0,-5.45
4910.0,-5.07
4911.0,-5.24
4912.0,-5.01
4913.0,-5.06
4914.0,-5.15
4915.0,-5.25
4916.0,-5.14
4917.0,-5.05
4918.0,-5.48
4919.0,-5.08
4920.0,-5.11
4921.0,-1.0000000000000007
4922.0,-5.01
4923.0,-5.08
4924.0,-5.06
4925.0,-5.21
4926.0,-5.13
4927.0,-5.37
4928.0,-5.06
4929.0,-5.02
4930.0,-5.42
4931.0,-5.03
4932.0,-5.2700000000000005
4933.0,-5.710000000000001
4934.0,-5.11
4935.0,-5.06
4936.0,-5.02
4937.0,-5.32
4938.0,-5.06
4939.0,-5.69
4940.0,-5.06
4941.0,-5.25
4942.0,-5.02
4943.0,-5.03
4944.0,-5.5600000000000005
4945.0,-5.01
4946.0,-5.02
4947.0,-5.03
4948.0,-5.25
4949.0,-5.2
4950.0,-5.2700000000000005
4951.0,-5.3100000000000005
4952.0,-5.02
4953.0,-5.04
4954.0,-5.04
4955.0,-5.06
4956.0,-5.37
4957.0,-5.11
4958.0,-5.24
4959.0,-5.19
4960.0,-5.29
4961.0,-5.800000000000001
4962.0,-5.02
4963.0,-5.03
4964.0,-5.18
4965.0,-5.03
4966.0,-5.34
4967.0,-5.57
4968.0,-5.02
4969.0,-5.5600000000000005
4970.0,-5.02
4971.0,-5.07
4972.0,-5.22
4973.0,-5.03
4974.0,-5.37
4975.0,-5.66
4976.0,-5.03
4977.0,-5.01
4978.0,-5.08
4979.0,-5.5600000000000005
4980.0,-5.04
4981.0,-5.24
4982.0,-5.25
4983.0,-5.06
4984.0,-5.53
4985.0,-5.15
4986.0,-5.05
4987.0,-5.54
4988.0,-5.02
4989.0,-5.09
4990.0,-5.17
4991.0,-5.36
4992.0,-5.02
4993.0,-5.09
4994.0,-1.0000000000000007
4995.0,-5.59
4996.0,-5.04
4997.0,-5.03
4998.0,-5.62
4999.0,-5.09
5000.0,-5.21
5001.0,-5.06
5002.0,-5.34
5003.0,-5.07
5004.0,-5.950000000000001
5005.0,-5.04
5006.0,-5.02
5007.0,-5.28
5008.0,-5.1
5009.0,-5.07
5010.0,-5.02
5011.0,-5.04
5012.0,-5.640000000000001
5013.0,-5.06
5014.0,-5.46
5015.0,-5.59
5016.0,-5.13
5017.0,-5.59
5018.0,-5.05
5019.0,-5.34
5020.0,-5.08
5021.0,-5.29
5022.0,-5.550000000000001
5023.0,-5.33
5024.0,-5.25
5025.0,-5.05
5026.0,-5.29
5027.0,-5.42
5028.0,-5.7700000000000005
5029.0,-5.05
5030.0,-5.34
5031.0,-5.2700000000000005
5032.0,-5.5600000000000005
5033.0,-5.1
5034.0,-5.08
5035.0,-5.6000000000000005
5036.0,-5.54
5037.0,-5.22
5038.0,-5.15
5039.0,-5.15
5040.0,-5.11
5041.0,-5.28
5042.0,-5.49
5043.0,-5.05
5044.0,-5.02
5045.0,-5.34
5046.0,-5.37
5047.0,-5.16
5048.0,-5.45
5049.0,-5.01
5050.0,-5.4
5051.0,-1.0000000000000007
5052.0,-5.15
5053.0,-5.01
5054.0,-5.61
5055.0,-5.470000000000001
5056.0,-5.7700000000000005
5057.0,-5.07
5058.0,-5.66
5059.0,-5.94
5060.0,-5.01
5061.0,-5.01
5062.0,-5.14
5063.0,-5.05
5064.0,-5.710000000000001
5065.0,-5.37
5066.0,-5.2700000000000005
5067.0,-5.04
5068.0,-5.18
5069.0,-1.0000000000000007
5070.0,-5.550000000000001
5071.0,-5.32
5072.0,-5.06
5073.0,-5.51
5074.0,-5.12
5075.0,-5.53
5076.0,-5.12
5077.0,-5.08
5078.0,-5.45
5079.0,-5.41
5080.0,-5.01
5081.0,-5.26
5082.0,-5.91
5083.0,-5.07
5084.0,-5.14
5085.0,-5.15
5086.0,-5.07
5087.0,-5.07
5088.0,-5.65
5089.0,-5.7
5090.0,-5.03
5091.0,-5.38
5092.0,-5.15
5093.0,-5.45
5094.0,-5.05
5095.0,-5.03
5096.0,-5.67
5097.0,-5.16
5098.0,-5.03
5099.0,-5.24
5100.0,-5.41
5101.0,-5.13
5102.0,-5.05
5103.0,-5.01
5104.0,-5.65
5105.0,-5.08
5106.0,-5.23
5107.0,-5.09
5108.0,-5.22
5109.0,-5.550000000000001
5110.0,-5.4
5111.0,-5.08
5112.0,-5.4
5113.0,-5.06
5114.0,-5.2
5115.0,-5.38
5116.0,-5.06
5117.0,-5.03
5118.0,-5.06
5119.0,-5.03
5120.0,-5.5200000000000005
5121.0,-5.3
5122.0,-5.25
5123.0,-5.26
5124.0,-5.01
5125.0,-5.01
5126.0,-5.24
5127.0,-5.11
5128.0,-5.5200000000000005
5129.0,-5.05
5130.0,-5.36
5131.0,-5.05
5132.0,-5.03
5133.0,-5.24
5134.0,-5.48
5135.0,-5.03
5136.0,-5.21
5137.0,-5.07
5138.0,-5.02
5139.0,-5.06
5140.0,-5.98
5141.0,-5.2700000000000005
5142.0,-5.05
5143.0,-5.13
5144.0,-5.37
5145.0,-5.22
5146.0,-1.0000000000000007
5147.0,-5.1
5148.0,-5.02
5149.0,-5.46
5150.0,-5.11
5151.0,-5.02
5152.0,-5.25
5153.0,-5.5
5154.0,-5.17
5155.0,-5.07
5156.0,-5.24
5157.0,-5.02
5158.0,-5.22
5159.0,-5.17
5160.0,-5.17
5161.0,-5.390000000000001
5162.0,-5.46
5163.0,-5.22
5164.0,-5.11
5165.0,-5.29
5166.0,-5.05
5167.0,-5.08
5168.0,-5.5200000000000005
5169.0,-5.21
5170.0,-5.54
5171.0,-5.66
5172.0,-5.06
5173.0,-5.01
5174.0,-5.08
5175.0,-5.18
5176.0,-5.01
5177.0,-5.02
5178.0,-5.04
5179.0,-5.12
5180.0,-5.37
5181.0,-5.08
5182.0,-5.05
5183.0,-5.02
5184.0,-5.13
5185.0,-5.32
5186.0,-5.1
5187.0,-5.04
5188.0,-5.15
5189.0,-5.720000000000001
5190.0,-5.13
5191.0,-5.67
5192.0,-5.57
5193.0,-5.03
5194.0,-5.07
5195.0,-5.46
5196.0,-5.07
5197.0,-5.21
5198.0,-5.06
5199.0,-5.05
5200.0,-1.0000000000000007
5201.0,-5.16
5202.0,-5.61
5203.0,-5.14
5204.0,-5.62
5205.0,-5.29
5206.0,-5.45
5207.0,-5.04
5208.0,-5.01
5209.0,-5.07
5210.0,-5.550000000000001
5211.0,-5.1
5212.0,-5.02
5213.0,-5.01
5214.0,-5.11
5215.0,-5.22
5216.0,-5.36
5217.0,-5.5200000000000005
5218.0,-5.23
5219.0,-5.07
5220.0,-5.03
5221.0,-5.03
5222.0,-5.22
5223.0,-5.02
5224.0,-5.01
5225.0,-5.16
5226.0,-5.32
5227.0,-5.03
5228.0,-5.24
5229.0,-5.34
5230.0,-5.26
5231.0,-5.02
5232.0,-5.25
5233.0,-5.06
5234.0,-5.06
5235.0,-5.05
5236.0,-5.36
5237.0,-5.18
5238.0,-5.01
5239.0,-5.04
5240.0,-5.06
5241.0,-5.18
5242.0,-5.3100000000000005
5243.0,-5.03
5244.0,-5.09
5245.0,-5.53
5246.0,-5.3
5247.0,-5.04
5248.0,-5.08
5249.0,-5.06
5250.0,-5.33
5251.0,-5.23
5252.0,-5.25
5253.0,-5.05
5254.0,-5.03
5255.0,-5.06
5256.0,-5.01
5257.0,-5.09
5258.0,-5.38
5259.0,-5.42
5260.0,-5.45
5261.0,-5.02
5262.0,-5.13
5263.0,-5.02
5264.0,-5.29
5265.0,-5.06
5266.0,-5.07
5267.0,-5.720000000000001
5268.0,-5.08
5269.0,-5.38
5270.0,-5.01
5271.0,-5.25
5272.0,-5.61
5273.0,-5.21
5274.0,-5.01
5275.0,-5.12
5276.0,-5.930000000000001
5277.0,-5.73
5278.0,-5.3100000000000005
5279.0,-5.06
5280.0,-5.41
5281.0,-5.01
5282.0,-5.630000000000001
5283.0,-5.02
5284.0,-5.02
5285.0,-5.3500000000000005
5286.0,-5.02
5287.0,-5.14
5288.0,-5.03
5289.0,-5.36
5290.0,-5.06
5291.0,-5.19
5292.0,-5.1
5293.0,-5.550000000000001
5294.0,-5.16
5295.0,-5.16
5296.0,-5.29
5297.0,-5.14
5298.0,-5.08
5299.0,-5.02
5300.0,-5.03
5301.0,-5.26
5302.0,-5.16
5303.0,-5.19
5304.0,-5.07
5305.0,-5.17
5306.0,-5.02
5307.0,-5.26
5308.0,-5.03
5309.0,-1.0000000000000007
5310.0,-5.01
5311.0,-5.07
5312.0,-5.19
5313.0,-5.4
5314.0,-5.760000000000001
5315.0,-5.11
5316.0,-5.01
5317.0,-5.21
5318.0,-5.01
5319.0,-5.15
5320.0,-5.67
5321.0,-5.69
5322.0,-5.26
5323.0,-5.3100000000000005
5324.0,-5.02
5325.0,-5.02
5326.0,-5.07
5327.0,-5.6000000000000005
5328.0,-5.2
5329.0,-5.44
5330.0,-5.02
5331.0,-5.4
5332.0,-5.5600000000000005
5333.0,-5.04
5334.0,-5.02
5335.0,-5.02
5336.0,-5.01
5337.0,-5.23
5338.0,-5.640000000000001
5339.0,-5.920000000000001
5340.0,-5.01
5341.0,-5.800000000000001
5342.0,-5.09
5343.0,-5.18
5344.0,-5.33
5345.0,-5.12
5346.0,-5.05
5347.0,-5.37
5348.0,-5.15
5349.0,-5.49
5350.0,-5.02
5351.0,-5.01
5352.0,-5.04
5353.0,-5.02
5354.0,-5.14
5355.0,-5.21
5356.0,-5.29
5357.0,-5.16
5358.0,-5.430000000000001
5359.0,-5.03
5360.0,-5.3
5361.0,-5.04
5362.0,-1.0000000000000007
5363.0,-5.4
5364.0,-5.14
5365.0,-5.1
5366.0,-5.54
5367.0,-5.07
5368.0,-5.41
5369.0,-5.08
5370.0,-5.01
5371.0,-5.08
5372.0,-5.51
5373.0,-5.04
5374.0,-5.12
5375.0,-5.15
5376.0,-5.34
5377.0,-5.04
5378.0,-5.37
5379.0,-5.8500000000000005
5380.0,-5.02
5381.0,-5.09
5382.0,-5.1
5383.0,-5.28
5384.0,-5.08
5385.0,-5.05
5386.0,-5.32
5387.0,-5.02
5388.0,-5.07
5389.0,-5.22
5390.0,-5.07
5391.0,-5.24
5392.0,-5.2
5393.0,-5.04
5394.0,-5.03
5395.0,-5.05
5396.0,-5.28
5397.0,-5.05
5398.0,-5.18
5399.0,-5.34
5400.0,-5.34
5401.0,-5.16
5402.0,-5.05
5403.0,-5.08
5404.0,-5.02
5405.0,-5.4
5406.0,-5.59
5407.0,-5.01
5408.0,-5.02
5409.0,-5.11
5410.0,-5.02
5411.0,-5.3100000000000005
5412.0,-5.09
5413.0,-5.29
5414.0,-5.1
5415.0,-5.1
5416.0,-5.09
5417.0,-5.7700000000000005
5418.0,-5.03
5419.0,-5.02
5420.0,-5.41
5421.0,-5.08
5422.0,-5.09
5423.0,-5.01
5424.0,-5.02
5425.0,-5.02
5426.0,-5.07
5427.0,-5.41
5428.0,-5.02
5429.0,-5.05
5430.0,-5.37
5431.0,-5.1
5432.0,-5.04
5433.0,-5.12
5434.0,-5.17
5435.0,-5.12
5436.0,-5.1
5437.0,-5.23
5438.0,-5.02
5439.0,-1.0000000000000007
5440.0,-5.05
5441.0,-5.01
5442.0,-5.01
5443.0,-5.18
5444.0,-5.06
5445.0,-5.3
5446.0,-5.630000000000001
5447.0,-5.12
5448.0,-5.1
5449.0,-5.3
5450.0,-5.01
5451.0,-5.21
5452.0,-5.06
5453.0,-5.02
5454.0,-5.06
5455.0,-5.1
5456.0,-1.0000000000000007
5457.0,-5.4
5458.0,-5.3500000000000005
5459.0,-5.03
5460.0,-5.07
5461.0,-5.07
5462.0,-5.04
5463.0,-5.02
5464.0,-5.02
5465.0,-5.33
5466.0,-5.17
5467.0,-5.2
5468.0,-5.02
5469.0,-5.06
5470.0,-5.05
5471.0,-5.49
5472.0,-5.06
5473.0,-5.06
5474.0,-5.5
5475.0,-5.06
5476.0,-5.12
5477.0,-5.550000000000001
5478.0,-5.09
5479.0,-5.02
5480.0,-5.37
5481.0,-5.03
5482.0,-5.06
5483.0,-5.03
5484.0,-5.06
5485.0,-5.430000000000001
5486.0,-5.01
5487.0,-5.14
5488.0,-5.04
5489.0,-5.19
5490.0,-5.01
5491.0,-5.08
5492.0,-5.04
5493.0,-5.73
5494.0,-5.08
5495.0,-5.09
5496.0,-5.04
5497.0,-5.13
5498.0,-5.14
5499.0,-5.03
5500.0,-5.08
5501.0,-1.0000000000000007
5502.0,-5.45
5503.0,-5.09
5504.0,-5.1
5505.0,-5.3
5506.0,-5.51
5507.0,-5.07
5508.0,-5.840000000000001
5509.0,-5.800000000000001
5510.0,-5.760000000000001
5511.0,-5.11
5512.0,-5.41
5513.0,-5.12
5514.0,-5.73
5515.0,-5.25
5516.0,-5.01
5517.0,-5.78
5518.0,-5.02
5519.0,-5.57
5520.0,-5.54
5521.0,-1.0000000000000007
5522.0,-5.01
5523.0,-5.28
5524.0,-5.65
5525.0,-5.8500000000000005
5526.0,-5.02
5527.0,-5.3100000000000005
5528.0,-5.25
5529.0,-5.11
5530.0,-5.23
5531.0,-5.03
5532.0,-5.430000000000001
5533.0,-5.24
5534.0,-5.1
5535.0,-5.4
5536.0,-5.41
5537.0,-5.06
5538.0,-5.03
5539.0,-5.3500000000000005
5540.0,-5.13
5541.0,-5.02
5542.0,-5.32
5543.0,-5.06
5544.0,-5.5
5545.0,-5.7700000000000005
5546.0,-5.53
5547.0,-5.16
5548.0,-5.01
5549.0,-5.01
5550.0,-5.29
5551.0,-5.51
5552.0,-5.01
5553.0,-5.01
5554.0,-5.12
5555.0,-5.01
5556.0,-5.01
5557.0,-5.3
5558.0,-5.04
5559.0,-5.550000000000001
5560.0,-5.03
5561.0,-5.02
5562.0,-5.04
5563.0,-5.05
5564.0,-5.1
5565.0,-5.09
5566.0,-5.470000000000001
5567.0,-5.3100000000000005
5568.0,-5.36
5569.0,-5.7700000000000005
5570.0,-5.08
5571.0,-5.19
5572.0,-5.03
5573.0,-5.06
5574.0,-5.390000000000001
5575.0,-5.09
5576.0,-5.01
5577.0,-5.06
5578.0,-5.02
5579.0,-5.4
5580.0,-5.5
5581.0,-5.18
5582.0,-5.04
5583.0,-5.01
5584.0,-5.15
5585.0,-5.09
5586.0,-5.99
5587.0,-5.800000000000001
5588.0,-5.44
5589.0,-5.02
5590.0,-1.0000000000000007
5591.0,-5.22
5592.0,-5.02
5593.0,-5.03
5594.0,-5.430000000000001
5595.0,-5.01
5596.0,-5.05
5597.0,-5.2
5598.0,-5.32
5599.0,-5.04
5600.0,-5.07
5601.0,-5.03
5602.0,-5.16
5603.0,-5.28
5604.0,-5.05
5605.0,-5.390000000000001
5606.0,-5.06
5607.0,-5.07
5608.0,-5.02
5609.0,-5.45
5610.0,-5.19
5611.0,-5.18
5612.0,-5.02
5613.0,-5.6000000000000005
5614.0,-5.1
5615.0,-5.03
5616.0,-5.13
5617.0,-5.01
5618.0,-5.16
5619.0,-5.07
5620.0,-5.16
5621.0,-5.49
5622.0,-5.86
5623.0,-5.01
5624.0,-5.54
5625.0,-1.0000000000000007
5626.0,-5.05
5627.0,-5.18
5628.0,-5.390000000000001
5629.0,-5.02
5630.0,-5.3100000000000005
5631.0,-5.08
5632.0,-5.03
5633.0,-5.46
5634.0,-5.28
5635.0,-5.04
5636.0,-5.59
5637.0,-5.04
5638.0,-5.17
5639.0,-5.04
5640.0,-5.03
5641.0,-5.05
5642.0,-5.12
5643.0,-5.03
5644.0,-5.430000000000001
5645.0,-5.01
5646.0,-5.24
5647.0,-5.42
5648.0,-5.01
5649.0,-5.06
5650.0,-5.03
5651.0,-5.7
5652.0,-5.06
5653.0,-5.390000000000001
5654.0,-5.04
5655.0,-5.3
5656.0,-5.1
5657.0,-5.03
5658.0,-5.18
5659.0,-5.36
5660.0,-5.02
5661.0,-5.07
5662.0,-5.41
5663.0,-5.15
5664.0,-5.51
5665.0,-5.05
5666.0,-5.11
5667.0,-5.02
5668.0,-5.08
5669.0,-5.05
5670.0,-5.04
5671.0,-5.01
5672.0,-5.05
5673.0,-5.06
5674.0,-5.24
5675.0,-5.36
5676.0,-5.48
5677.0,-5.8100000000000005
5678.0,-5.03
5679.0,-5.59
5680.0,-5.24
5681.0,-5.04
5682.0,-5.11
5683.0,-5.49
5684.0,-5.61
5685.0,-5.1
5686.0,-5.01
5687.0,-5.06
5688.0,-5.25
5689.0,-5.11
5690.0,-5.02
5691.0,-5.86
5692.0,-5.550000000000001
5693.0,-5.06
5694.0,-5.760000000000001
5695.0,-5.06
5696.0,-5.09
5697.0,-5.51
5698.0,-5.54
5699.0,-5.08
5700.0,-5.48
5701.0,-5.710000000000001
5702.0,-5.08
5703.0,-5.07
5704.0,-5.01
5705.0,-5.29
5706.0,-5.28
5707.0,-5.58
5708.0,-5.02
5709.0,-5.02
5710.0,-5.42
5711.0,-5.07
5712.0,-5.09
5713.0,-5.42
5714.0,-5.430000000000001
5715.0,-5.05
5716.0,-5.02
5717.0,-5.2700000000000005
5718.0,-5.03
5719.0,-5.41
5720.0,-5.13
5721.0,-5.03
5722.0,-5.67
5723.0,-5.390000000000001
5724.0,-5.05
5725.0,-5.67
5726.0,-5.54
5727.0,-5.29
5728.0,-5.03
5729.0,-5.03
5730.0,-5.44
5731.0,-5.05
5732.0,-5.25
5733.0,-5.02
5734.0,-5.14
5735.0,-5.11
5736.0,-5.02
5737.0,-5.09
5738.0,-5.19
5739.0,-5.390000000000001
5740.0,-5.1
5741.0,-5.05
5742.0,-5.11
5743.0,-5.07
5744.0,-5.02
5745.0,-1.0000000000000007
5746.0,-5.05
5747.0,-5.02
5748.0,-5.880000000000001
5749.0,-5.01
5750.0,-5.5
5751.0,-5.45
5752.0,-5.11
5753.0,-5.1
5754.0,-5.08
5755.0,-5.05
5756.0,-5.14
5757.0,-5.23
5758.0,-5.34
5759.0,-5.470000000000001
5760.0,-5.4
5761.0,-5.11
5762.0,-5.06
5763.0,-5.06
5764.0,-5.04
5765.0,-5.13
5766.0,-5.04
5767.0,-5.11
5768.0,-5.18
5769.0,-5.74
5770.0,-5.5
5771.0,-5.51
5772.0,-5.02
5773.0,-5.02
5774.0,-5.11
5775.0,-5.11
5776.0,-5.03
5777.0,-5.59
5778.0,-5.05
5779.0,-5.16
5780.0,-5.51
5781.0,-5.02
5782.0,-5.21
5783.0,-5.41
5784.0,-5.02
5785.0,-5.08
5786.0,-5.29
5787.0,-5.11
5788.0,-5.470000000000001
5789.0,-1.0000000000000007
5790.0,-5.1
5791.0,-5.04
5792.0,-5.14
5793.0,-5.12
5794.0,-5.550000000000001
5795.0,-5.45
5796.0,-5.23
5797.0,-5.04
5798.0,-5.04
5799.0,-5.3100000000000005
5800.0,-5.18
5801.0,-5.06
5802.0,-5.01
5803.0,-5.11
5804.0,-5.09
5805.0,-5.05
5806.0,-5.57
5807.0,-5.12
5808.0,-5.02
5809.0,-5.15
5810.0,-5.06
5811.0,-5.4
5812.0,-5.38
5813.0,-5.07
5814.0,-5.02
5815.0,-5.390000000000001
5816.0,-5.06
5817.0,-5.3
5818.0,-5.06
5819.0,-5.7
5820.0,-5.22
5821.0,-5.14
5822.0,-5.04
5823.0,-5.36
5824.0,-5.07
5825.0,-5.14
5826.0,-5.3100000000000005
5827.0,-5.01
5828.0,-5.06
5829.0,-1.0000000000000007
5830.0,-5.03
5831.0,-5.5600000000000005
5832.0,-5.24
5833.0,-5.2
5834.0,-5.01
5835.0,-5.01
5836.0,-5.800000000000001
5837.0,-5.1
5838.0,-5.12
5839.0,-5.13
5840.0,-5.19
5841.0,-5.86
5842.0,-5.04
5843.0,-5.73
5844.0,-5.22
5845.0,-5.29
5846.0,-5.02
5847.0,-5.03
5848.0,-5.03
5849.0,-5.06
5850.0,-5.23
5851.0,-5.13
5852.0,-5.57
5853.0,-5.03
5854.0,-5.14
5855.0,-5.08
5856.0,-5.34
5857.0,-5.98
5858.0,-5.53
5859.0,-5.59
5860.0,-5.02
5861.0,-5.18
5862.0,-5.37
5863.0,-5.16
5864.0,-5.08
5865.0,-5.05
5866.0,-5.06
5867.0,-5.02
5868.0,-5.390000000000001
5869.0,-5.04
5870.0,-5.37
5871.0,-5.5
5872.0,-5.1
5873.0,-5.36
5874.0,-5.57
5875.0,-5.08
5876.0,-5.57
5877.0,-5.880000000000001
5878.0,-5.33
5879.0,-5.2
5880.0,-5.51
5881.0,-5.950000000000001
5882.0,-5.15
5883.0,-5.32
5884.0,-5.22
5885.0,-5.02
5886.0,-5.04
5887.0,-5.04
5888.0,-5.720000000000001
5889.0,-5.65
5890.0,-5.03
5891.0,-5.08
5892.0,-5.04
5893.0,-5.13
5894.0,-5.03
5895.0,-5.57
5896.0,-5.69
5897.0,-5.32
5898.0,-5.16
5899.0,-5.3500000000000005
5900.0,-5.53
5901.0,-5.41
5902.0,-5.630000000000001
5903.0,-1.0000000000000007
5904.0,-5.25
5905.0,-5.65
5906.0,-5.01
5907.0,-5.04
5908.0,-5.58
5909.0,-5.33
5910.0,-5.2700000000000005
5911.0,-5.01
5912.0,-5.04
5913.0,-5.680000000000001
5914.0,-5.02
5915.0,-5.02
5916.0,-5.05
5917.0,-5.13
5918.0,-5.01
5919.0,-5.26
5920.0,-5.03
5921.0,-5.34
5922.0,-5.62
5923.0,-5.58
5924.0,-5.51
5925.0,-5.17
5926.0,-1.0000000000000007
5927.0,-5.45
5928.0,-5.3
5929.0,-5.57
5930.0,-5.01
5931.0,-5.8500000000000005
5932.0,-5.03
5933.0,-5.4
5934.0,-5.66
5935.0,-5.36
5936.0,-5.32
5937.0,-5.7
5938.0,-5.02
5939.0,-5.06
5940.0,-5.5200000000000005
5941.0,-5.640000000000001
5942.0,-5.02
5943.0,-5.82
5944.0,-5.36
5945.0,-5.01
5946.0,-5.23
5947.0,-5.05
5948.0,-5.08
5949.0,-5.02
5950.0,-5.04
5951.0,-5.02
5952.0,-5.2700000000000005
5953.0,-5.28
5954.0,-5.01
5955.0,-5.04
5956.0,-5.390000000000001
5957.0,-5.08
5958.0,-5.840000000000001
5959.0,-5.03
5960.0,-5.08
5961.0,-5.07
5962.0,-5.04
5963.0,-5.12
5964.0,-5.09
5965.0,-5.13
5966.0,-5.800000000000001
5967.0,-5.07
5968.0,-5.630000000000001
5969.0,-5.54
5970.0,-5.05
5971.0,-5.41
5972.0,-5.06
5973.0,-5.54
5974.0,-5.01
5975.0,-5.02
5976.0,-5.53
5977.0,-5.08
5978.0,-5.03
5979.0,-5.07
5980.0,-5.48
5981.0,-5.18
5982.0,-5.07
5983.0,-5.57
5984.0,-5.25
5985.0,-5.2700000000000005
5986.0,-5.01
5987.0,-5.04
5988.0,-5.01
5989.0,-5.25
5990.0,-5.12
5991.0,-5.19
5992.0,-5.01
5993.0,-5.08
5994.0,-5.760000000000001
5995.0,-5.41
5996.0,-5.34
5997.0,-5.01
5998.0,-5.94
5999.0,-5.44
6000.0,-5.1
6001.0,-5.04
6002.0,-5.03
6003.0,-5.710000000000001
6004.0,-5.4
6005.0,-5.34
6006.0,-5.04
6007.0,-5.12
6008.0,-5.28
6009.0,-5.06
6010.0,-5.07
6011.0,-5.29
6012.0,-5.04
6013.0,-5.42
6014.0,-5.06
6015.0,-5.630000000000001
6016.0,-5.06
6017.0,-5.59
6018.0,-5.42
6019.0,-5.01
6020.0,-5.630000000000001
6021.0,-5.800000000000001
6022.0,-5.48
6023.0,-5.02
6024.0,-5.07
6025.0,-5.06
6026.0,-5.53
6027.0,-5.33
6028.0,-5.37
6029.0,-5.16
6030.0,-5.29
6031.0,-5.11
6032.0,-5.640000000000001
6033.0,-5.73
6034.0,-5.03
6035.0,-5.49
6036.0,-5.1
6037.0,-5.5600000000000005
6038.0,-5.44
6039.0,-5.12
6040.0,-5.05
6041.0,-5.03
6042.0,-5.550000000000001
6043.0,-5.26
6044.0,-5.15
6045.0,-5.390000000000001
6046.0,-5.22
6047.0,-5.75
6048.0,-5.05
6049.0,-5.12
6050.0,-5.11
6051.0,-5.02
6052.0,-5.18
6053.0,-5.12
6054.0,-5.25
6055.0,-5.36
6056.0,-5.15
6057.0,-5.390000000000001
6058.0,-5.02
6059.0,-5.06
6060.0,-5.57
6061.0,-5.02
6062.0,-5.02
6063.0,-5.02
6064.0,-5.53
6065.0,-5.41
6066.0,-5.33
6067.0,-5.21
6068.0,-5.29
6069.0,-5.19
6070.0,-5.03
6071.0,-5.01
6072.0,-5.44
6073.0,-5.18
6074.0,-5.13
6075.0,-5.03
6076.0,-5.09
6077.0,-5.4
6078.0,-5.02
6079.0,-5.13
6080.0,-5.34
6081.0,-1.0000000000000007
6082.0,-5.15
6083.0,-5.05
6084.0,-5.5200000000000005
6085.0,-5.19
6086.0,-5.09
6087.0,-5.5
6088.0,-5.04
6089.0,-1.0000000000000007
6090.0,-5.59
6091.0,-5.04
6092.0,-5.03
6093.0,-5.03
6094.0,-5.42
6095.0,-5.03
6096.0,-5.05
6097.0,-5.08
6098.0,-5.04
6099.0,-5.08
6100.0,-5.15
6101.0,-5.48
6102.0,-5.08
6103.0,-5.02
6104.0,-5.01
6105.0,-5.02
6106.0,-5.01
6107.0,-5.3
6108.0,-5.19
6109.0,-5.2700000000000005
6110.0,-5.710000000000001
6111.0,-5.38
6112.0,-5.6000000000000005
6113.0,-5.08
6114.0,-5.14
6115.0,-5.08
6116.0,-5.07
6117.0,-5.870000000000001
6118.0,-5.57
6119.0,-5.550000000000001
6120.0,-5.04
6121.0,-5.07
6122.0,-5.07
6123.0,-5.04
6124.0,-5.02
6125.0,-5.36
6126.0,-5.67
6127.0,-5.06
6128.0,-5.19
6129.0,-5.2
6130.0,-5.08
6131.0,-5.04
6132.0,-5.24
6133.0,-5.07
6134.0,-5.1
6135.0,-5.45
6136.0,-5.1
6137.0,-5.01
6138.0,-5.470000000000001
6139.0,-5.22
6140.0,-5.32
6141.0,-5.550000000000001
6142.0,-5.02
6143.0,-5.17
6144.0,-5.11
6145.0,-5.14
6146.0,-5.66
6147.0,-5.05
6148.0,-5.07
6149.0,-5.2700000000000005
6150.0,-5.09
6151.0,-5.04
6152.0,-5.15
6153.0,-1.0000000000000007
6154.0,-5.2
6155.0,-5.75
6156.0,-5.2700000000000005
6157.0,-5.01
6158.0,-5.02
6159.0,-5.14
6160.0,-5.02
6161.0,-5.49
6162.0,-5.1
6163.0,-5.4
6164.0,-5.05
6165.0,-5.05
6166.0,-5.62
6167.0,-5.01
6168.0,-5.05
6169.0,-5.4
6170.0,-5.3
6171.0,-5.5
6172.0,-5.5
6173.0,-5.04
6174.0,-5.04
6175.0,-5.61
6176.0,-5.42
6177.0,-5.06
6178.0,-5.02
6179.0,-5.890000000000001
6180.0,-5.02
6181.0,-5.03
6182.0,-5.02
6183.0,-5.34
6184.0,-5.42
6185.0,-5.53
6186.0,-5.08
6187.0,-5.23
6188.0,-5.05
6189.0,-5.22
6190.0,-5.3500000000000005
6191.0,-5.01
6192.0,-1.0000000000000007
6193.0,-5.21
6194.0,-5.32
6195.0,-5.04
6196.0,-5.08
6197.0,-5.06
6198.0,-5.2700000000000005
6199.0,-5.57
6200.0,-5.12
6201.0,-5.2700000000000005
6202.0,-5.5600000000000005
6203.0,-5.17
6204.0,-5.25
6205.0,-5.07
6206.0,-5.19
6207.0,-5.03
6208.0,-5.08
6209.0,-5.1
6210.0,-5.02
6211.0,-5.21
6212.0,-5.08
6213.0,-5.46
6214.0,-5.49
6215.0,-5.390000000000001
6216.0,-5.1
6217.0,-5.390000000000001
6218.0,-5.1
6219.0,-5.05
6220.0,-5.14
6221.0,-5.53
6222.0,-5.41
6223.0,-5.1
6224.0,-5.41
6225.0,-5.3500000000000005
6226.0,-5.01
6227.0,-5.02
6228.0,-5.26
6229.0,-5.58
6230.0,-5.5600000000000005
6231.0,-5.73
6232.0,-5.5
6233.0,-5.09
6234.0,-5.14
6235.0,-5.2
6236.0,-5.44
6237.0,-5.34
6238.0,-5.02
6239.0,-5.02
6240.0,-5.05
6241.0,-5.1
6242.0,-5.04
6243.0,-5.790000000000001
6244.0,-1.0000000000000007
6245.0,-5.02
6246.0,-5.53
6247.0,-5.1
6248.0,-5.390000000000001
6249.0,-5.14
6250.0,-5.44
6251.0,-5.02
6252.0,-5.02
6253.0,-5.01
6254.0,-5.49
6255.0,-5.34
6256.0,-5.1
6257.0,-5.11
6258.0,-5.12
6259.0,-5.02
6260.0,-5.550000000000001
6261.0,-5.02
6262.0,-5.19
6263.0,-5.17
6264.0,-5.01
6265.0,-5.06
6266.0,-5.03
6267.0,-5.890000000000001
6268.0,-5.03
6269.0,-5.03
6270.0,-5.880000000000001
6271.0,-5.86
6272.0,-5.3100000000000005
6273.0,-5.17
6274.0,-5.29
6275.0,-5.01
6276.0,-5.04
6277.0,-5.29
6278.0,-5.5
6279.0,-5.02
6280.0,-5.36
6281.0,-5.01
6282.0,-5.5200000000000005
6283.0,-5.02
6284.0,-5.05
6285.0,-5.22
6286.0,-5.930000000000001
6287.0,-5.03
6288.0,-5.25
6289.0,-5.3100000000000005
6290.0,-5.28
6291.0,-5.02
6292.0,-5.41
6293.0,-5.640000000000001
6294.0,-5.21
6295.0,-5.6000000000000005
6296.0,-5.02
6297.0,-5.12
6298.0,-5.21
6299.0,-5.23
6300.0,-5.7700000000000005
6301.0,-5.04
6302.0,-5.33
6303.0,-5.98
6304.0,-5.74
6305.0,-5.5
6306.0,-5.550000000000001
6307.0,-5.1
6308.0,-5.09
6309.0,-5.02
6310.0,-5.06
6311.0,-5.04
6312.0,-5.7
6313.0,-5.5200000000000005
6314.0,-5.06
6315.0,-5.02
6316.0,-5.14
6317.0,-5.05
6318.0,-5.67
6319.0,-5.25
6320.0,-5.5600000000000005
6321.0,-5.22
6322.0,-5.69
6323.0,-5.61
6324.0,-5.8100000000000005
6325.0,-5.06
6326.0,-5.08
6327.0,-5.01
6328.0,-5.04
6329.0,-5.08
6330.0,-5.680000000000001
6331.0,-5.06
6332.0,-5.24
6333.0,-5.07
6334.0,-5.2
6335.0,-5.34
6336.0,-5.26
6337.0,-5.03
6338.0,-5.12
6339.0,-5.65
6340.0,-5.06
6341.0,-5.15
6342.0,-5.25
6343.0,-5.02
6344.0,-5.01
6345.0,-5.09
6346.0,-5.05
6347.0,-5.12
6348.0,-5.02
6349.0,-5.04
6350.0,-5.23
6351.0,-5.02
6352.0,-5.3100000000000005
6353.0,-5.19
6354.0,-1.0000000000000007
6355.0,-5.57
6356.0,-5.470000000000001
6357.0,-5.08
6358.0,-5.42
6359.0,-5.03
6360.0,-5.02
6361.0,-5.48
6362.0,-5.06
6363.0,-5.3100000000000005
6364.0,-5.17
6365.0,-5.02
6366.0,-5.33
6367.0,-5.42
6368.0,-5.03
6369.0,-5.24
6370.0,-5.29
6371.0,-5.18
6372.0,-5.36
6373.0,-5.04
6374.0,-5.07
6375.0,-5.6000000000000005
6376.0,-5.04
6377.0,-5.02
6378.0,-5.06
6379.0,-5.38
6380.0,-1.0000000000000007
6381.0,-5.08
6382.0,-5.49
6383.0,-5.970000000000001
6384.0,-5.470000000000001
6385.0,-5.3100000000000005
6386.0,-5.19
6387.0,-5.18
6388.0,-5.28
6389.0,-5.65
6390.0,-5.06
6391.0,-5.7
6392.0,-5.11
6393.0,-5.1
6394.0,-5.29
6395.0,-5.2700000000000005
6396.0,-5.01
6397.0,-5.28
6398.0,-5.02
6399.0,-5.16
6400.0,-5.41
6401.0,-5.08
6402.0,-5.24
6403.0,-5.680000000000001
6404.0,-5.07
6405.0,-5.430000000000001
6406.0,-5.33
6407.0,-5.01
6408.0,-5.07
6409.0,-5.58
6410.0,-5.5200000000000005
6411.0,-5.32
6412.0,-5.25
6413.0,-5.05
6414.0,-5.65
6415.0,-5.12
6416.0,-5.02
6417.0,-5.7700000000000005
6418.0,-5.13
6419.0,-5.29
6420.0,-5.57
6421.0,-5.22
6422.0,-5.5
6423.0,-5.2700000000000005
6424.0,-5.23
6425.0,-5.13
6426.0,-5.5
6427.0,-5.08
6428.0,-5.04
6429.0,-5.41
6430.0,-5.640000000000001
6431.0,-5.02
6432.0,-5.720000000000001
6433.0,-5.48
6434.0,-5.18
6435.0,-5.48
6436.0,-5.07
6437.0,-5.41
6438.0,-5.5600000000000005
6439.0,-5.2700000000000005
6440.0,-5.48
6441.0,-5.18
6442.0,-5.29
6443.0,-5.920000000000001
6444.0,-5.23
6445.0,-5.62
6446.0,-5.04
6447.0,-5.04
6448.0,-5.430000000000001
6449.0,-5.11
6450.0,-5.470000000000001
6451.0,-5.03
6452.0,-5.74
6453.0,-5.01
6454.0,-5.17
6455.0,-5.05
6456.0,-5.03
6457.0,-5.430000000000001
6458.0,-5.05
6459.0,-5.45
6460.0,-5.430000000000001
6461.0,-5.04
6462.0,-5.49
6463.0,-5.38
6464.0,-5.57
6465.0,-5.37
6466.0,-5.28
6467.0,-5.16
6468.0,-5.11
6469.0,-5.32
6470.0,-5.08
6471.0,-5.14
6472.0,-5.11
6473.0,-5.06
6474.0,-5.3500000000000005
6475.0,-5.06
6476.0,-5.04
6477.0,-5.14
6478.0,-5.1
6479.0,-5.04
6480.0,-5.01
6481.0,-5.49
6482.0,-5.59
6483.0,-5.720000000000001
6484.0,-5.02
6485.0,-5.28
6486.0,-5.41
6487.0,-5.45
6488.0,-5.17
6489.0,-5.04
6490.0,-5.53
6491.0,-5.02
6492.0,-5.06
6493.0,-5.3
6494.0,-5.29
6495.0,-5.03
6496.0,-5.34
6497.0,-5.59
6498.0,-5.49
6499.0,-5.57
6500.0,-5.41
6501.0,-5.04
6502.0,-5.62
6503.0,-5.14
6504.0,-5.09
6505.0,-5.3100000000000005
6506.0,-5.28
6507.0,-5.15
6508.0,-5.42
6509.0,-5.15
6510.0,-5.08
6511.0,-5.07
6512.0,-5.46
6513.0,-5.53
6514.0,-5.46
6515.0,-5.16
6516.0,-5.03
6517.0,-5.14
6518.0,-5.04
6519.0,-5.11
6520.0,-5.42
6521.0,-5.02
6522.0,-5.03
6523.0,-5.48
6524.0,-5.49
6525.0,-5.11
6526.0,-5.09
6527.0,-5.54
6528.0,-5.3100000000000005
6529.0,-5.49
6530.0,-5.16
6531.0,-5.04
6532.0,-5.08
6533.0,-5.07
6534.0,-5.05
6535.0,-5.03
6536.0,-5.15
6537.0,-5.11
6538.0,-5.06
6539.0,-5.23
6540.0,-5.41
6541.0,-5.06
6542.0,-5.04
6543.0,-5.05
6544.0,-5.18
6545.0,-5.720000000000001
6546.0,-5.08
6547.0,-5.390000000000001
6548.0,-5.5
6549.0,-5.01
6550.0,-5.33
6551.0,-5.03
6552.0,-5.48
6553.0,-5.02
6554.0,-5.04
6555.0,-5.12
6556.0,-5.04
6557.0,-5.08
6558.0,-5.36
6559.0,-5.890000000000001
6560.0,-5.16
6561.0,-5.01
6562.0,-5.09
6563.0,-5.13
6564.0,-5.920000000000001
6565.0,-5.7
6566.0,-5.390000000000001
6567.0,-5.33
6568.0,-5.3500000000000005
6569.0,-5.03
6570.0,-5.8500000000000005
6571.0,-5.1
6572.0,-5.11
6573.0,-5.710000000000001
6574.0,-5.25
6575.0,-5.05
6576.0,-5.3100000000000005
6577.0,-5.3
6578.0,-5.14
6579.0,-5.04
6580.0,-5.46
6581.0,-5.05
6582.0,-5.25
6583.0,-5.02
6584.0,-5.13
6585.0,-5.3
6586.0,-5.83
6587.0,-5.41
6588.0,-5.06
6589.0,-5.1
6590.0,-5.06
6591.0,-5.01
6592.0,-5.06
6593.0,-5.3
6594.0,-5.05
6595.0,-5.16
6596.0,-5.5200000000000005
6597.0,-5.07
6598.0,-5.16
6599.0,-5.09
6600.0,-5.02
6601.0,-5.01
6602.0,-5.53
6603.0,-5.08
6604.0,-5.33
6605.0,-5.24
6606.0,-5.45
6607.0,-5.05
6608.0,-5.04
6609.0,-5.13
6610.0,-5.44
6611.0,-5.03
6612.0,-5.04
6613.0,-5.44
6614.0,-5.45
6615.0,-5.06
6616.0,-5.23
6617.0,-5.32
6618.0,-5.14
6619.0,-5.02
6620.0,-5.83
6621.0,-5.05
6622.0,-5.32
6623.0,-5.01
6624.0,-5.13
6625.0,-5.22
6626.0,-5.07
6627.0,-5.48
6628.0,-5.12
6629.0,-5.470000000000001
6630.0,-5.49
6631.0,-5.53
6632.0,-5.2
6633.0,-5.51
6634.0,-5.45
6635.0,-5.03
6636.0,-5.04
6637.0,-5.09
6638.0,-5.26
6639.0,-5.06
6640.0,-5.4
6641.0,-5.13
6642.0,-5.430000000000001
6643.0,-5.16
6644.0,-5.59
6645.0,-5.33
6646.0,-5.44
6647.0,-1.0000000000000007
6648.0,-5.800000000000001
6649.0,-5.15
6650.0,-5.11
6651.0,-5.65
6652.0,-5.02
6653.0,-5.09
6654.0,-5.49
6655.0,-5.04
6656.0,-5.07
6657.0,-5.760000000000001
6658.0,-5.02
6659.0,-5.58
6660.0,-5.12
6661.0,-5.23
6662.0,-5.06
6663.0,-5.04
6664.0,-5.02
6665.0,-5.1
6666.0,-5.2
6667.0,-5.01
6668.0,-5.02
6669.0,-5.13
6670.0,-5.05
6671.0,-5.32
6672.0,-5.17
6673.0,-5.03
6674.0,-5.46
6675.0,-5.02
6676.0,-5.09
6677.0,-5.720000000000001
6678.0,-5.800000000000001
6679.0,-5.01
6680.0,-5.430000000000001
6681.0,-5.03
6682.0,-5.09
6683.0,-5.65
6684.0,-5.3
6685.0,-5.03
6686.0,-5.23
6687.0,-5.01
6688.0,-5.11
6689.0,-5.06
6690.0,-5.16
6691.0,-5.42
6692.0,-5.5200000000000005
6693.0,-5.21
6694.0,-5.08
6695.0,-5.54
6696.0,-5.5
6697.0,-5.2
6698.0,-5.03
6699.0,-5.02
6700.0,-5.2
6701.0,-5.07
6702.0,-5.02
6703.0,-5.57
6704.0,-5.550000000000001
6705.0,-5.42
6706.0,-5.75
6707.0,-5.61
6708.0,-5.04
6709.0,-5.01
6710.0,-5.09
6711.0,-5.07
6712.0,-5.21
6713.0,-5.62
6714.0,-5.21
6715.0,-5.03
6716.0,-5.45
6717.0,-5.1
6718.0,-5.02
6719.0,-5.470000000000001
6720.0,-5.11
6721.0,-5.14
6722.0,-5.01
6723.0,-5.07
6724.0,-5.26
6725.0,-5.08
6726.0,-5.36
6727.0,-5.07
6728.0,-5.53
6729.0,-5.58
6730.0,-5.02
6731.0,-5.07
6732.0,-5.44
6733.0,-5.06
6734.0,-5.4
6735.0,-5.01
6736.0,-5.03
6737.0,-5.04
6738.0,-5.08
6739.0,-1.0000000000000007
6740.0,-5.06
6741.0,-5.65
6742.0,-5.05
6743.0,-5.06
6744.0,-5.5600000000000005
6745.0,-5.02
6746.0,-5.26
6747.0,-5.15
6748.0,-5.07
6749.0,-5.41
6750.0,-5.07
6751.0,-5.3
6752.0,-5.01
6753.0,-5.03
6754.0,-5.08
6755.0,-5.05
6756.0,-5.17
6757.0,-5.06
6758.0,-5.6000000000000005
6759.0,-1.0000000000000007
6760.0,-5.03
6761.0,-5.11
6762.0,-5.51
6763.0,-5.04
6764.0,-5.01
6765.0,-5.04
6766.0,-5.950000000000001
6767.0,-5.5600000000000005
6768.0,-5.02
6769.0,-5.33
6770.0,-5.1
6771.0,-5.29
6772.0,-5.33
6773.0,-5.1
6774.0,-5.21
6775.0,-5.06
6776.0,-5.18
6777.0,-5.02
6778.0,-5.11
6779.0,-5.02
6780.0,-5.33
6781.0,-5.19
6782.0,-5.13
6783.0,-5.07
6784.0,-5.13
6785.0,-5.04
6786.0,-5.07
6787.0,-5.09
6788.0,-5.08
6789.0,-5.04
6790.0,-5.11
6791.0,-5.24
6792.0,-5.390000000000001
6793.0,-5.53
6794.0,-5.16
6795.0,-5.13
6796.0,-5.4
6797.0,-5.69
6798.0,-5.760000000000001
6799.0,-5.5
6800.0,-5.430000000000001
6801.0,-5.04
6802.0,-5.06
6803.0,-5.3
6804.0,-5.470000000000001
6805.0,-5.2700000000000005
6806.0,-5.430000000000001
6807.0,-5.1
6808.0,-5.430000000000001
6809.0,-5.02
6810.0,-5.05
6811.0,-5.34
6812.0,-5.04
6813.0,-5.05
6814.0,-5.24
6815.0,-5.02
6816.0,-5.34
6817.0,-5.03
6818.0,-5.16
6819.0,-5.3100000000000005
6820.0,-5.470000000000001
6821.0,-5.02
6822.0,-5.02
6823.0,-5.44
6824.0,-5.36
6825.0,-5.470000000000001
6826.0,-5.03
6827.0,-5.67
6828.0,-5.05
6829.0,-5.01
6830.0,-5.840000000000001
6831.0,-5.03
6832.0,-5.710000000000001
6833.0,-5.02
6834.0,-5.41
6835.0,-5.29
6836.0,-5.04
6837.0,-5.3
6838.0,-5.08
6839.0,-5.14
6840.0,-5.21
6841.0,-5.2700000000000005
6842.0,-5.09
6843.0,-5.390000000000001
6844.0,-5.04
6845.0,-5.08
6846.0,-5.09
6847.0,-5.34
6848.0,-5.49
6849.0,-5.38
6850.0,-5.02
6851.0,-5.930000000000001
6852.0,-5.14
6853.0,-5.1
6854.0,-5.390000000000001
6855.0,-5.32
6856.0,-5.2700000000000005
6857.0,-5.2
6858.0,-5.32
6859.0,-5.26
6860.0,-5.09
6861.0,-5.1
6862.0,-5.65
6863.0,-5.24
6864.0,-5.03
6865.0,-5.07
6866.0,-5.3100000000000005
6867.0,-5.41
6868.0,-5.03
6869.0,-5.630000000000001
6870.0,-5.49
6871.0,-5.02
6872.0,-5.12
6873.0,-5.12
6874.0,-5.390000000000001
6875.0,-5.51
6876.0,-5.37
6877.0,-5.04
6878.0,-5.08
6879.0,-5.09
6880.0,-5.5600000000000005
6881.0,-5.03
6882.0,-5.34
6883.0,-5.09
6884.0,-5.06
6885.0,-5.06
6886.0,-5.07
6887.0,-5.05
6888.0,-5.36
6889.0,-5.73
6890.0,-5.21
6891.0,-5.09
6892.0,-5.09
6893.0,-5.32
6894.0,-5.06
6895.0,-5.02
6896.0,-5.01
6897.0,-5.550000000000001
6898.0,-5.2
6899.0,-5.51
6900.0,-5.2700000000000005
6901.0,-5.5
6902.0,-5.24
6903.0,-5.29
6904.0,-5.3500000000000005
6905.0,-5.02
6906.0,-5.49
6907.0,-5.07
6908.0,-5.08
6909.0,-5.15
6910.0,-5.01
6911.0,-5.08
6912.0,-5.14
6913.0,-5.54
6914.0,-5.08
6915.0,-5.1
6916.0,-5.25
6917.0,-5.04
6918.0,-5.08
6919.0,-5.11
6920.0,-5.67
6921.0,-5.53
6922.0,-5.34
6923.0,-5.54
6924.0,-5.99
6925.0,-5.01
6926.0,-5.05
6927.0,-5.28
6928.0,-5.14
6929.0,-5.45
6930.0,-5.630000000000001
6931.0,-5.02
6932.0,-5.02
6933.0,-1.0000000000000007
6934.0,-5.1
6935.0,-5.06
6936.0,-5.62
6937.0,-5.62
6938.0,-5.15
6939.0,-5.02
6940.0,-5.46
6941.0,-5.06
6942.0,-5.5600000000000005
6943.0,-5.470000000000001
6944.0,-5.01
6945.0,-5.1
6946.0,-5.5600000000000005
6947.0,-5.17
6948.0,-5.03
6949.0,-5.04
6950.0,-5.06
6951.0,-5.02
6952.0,-5.37
6953.0,-5.05
6954.0,-5.18
6955.0,-5.82
6956.0,-5.15
6957.0,-5.06
6958.0,-5.41
6959.0,-5.390000000000001
6960.0,-5.5200000000000005
6961.0,-5.3500000000000005
6962.0,-5.14
6963.0,-5.34
6964.0,-5.470000000000001
6965.0,-5.5
6966.0,-5.15
6967.0,-1.0000000000000007
6968.0,-5.01
6969.0,-5.36
6970.0,-5.38
6971.0,-5.03
6972.0,-5.5
6973.0,-5.03
6974.0,-5.09
6975.0,-5.08
6976.0,-5.18
6977.0,-5.3500000000000005
6978.0,-5.01
6979.0,-5.05
6980.0,-5.17
6981.0,-5.03
6982.0,-5.29
6983.0,-5.42
6984.0,-5.3100000000000005
6985.0,-5.05
6986.0,-5.07
6987.0,-5.36
6988.0,-5.48
6989.0,-5.11
6990.0,-5.05
6991.0,-5.58
6992.0,-5.840000000000001
6993.0,-5.02
6994.0,-5.13
6995.0,-5.02
6996.0,-5.15
6997.0,-5.01
6998.0,-5.44
6999.0,-5.16
7000.0,-5.36
7001.0,-5.3100000000000005
7002.0,-5.7
7003.0,-5.18
7004.0,-5.44
7005.0,-5.07
7006.0,-5.01
7007.0,-5.5
7008.0,-5.28
7009.0,-5.13
7010.0,-5.03
7011.0,-5.21
7012.0,-5.24
7013.0,-5.12
7014.0,-5.03
7015.0,-5.14
7016.0,-5.54
7017.0,-5.04
7018.0,-5.06
7019.0,-5.21
7020.0,-5.49
7021.0,-5.03
7022.0,-5.12
7023.0,-5.930000000000001
7024.0,-5.29
7025.0,-5.02
7026.0,-5.66
7027.0,-5.08
7028.0,-5.15
7029.0,-5.22
7030.0,-5.33
7031.0,-5.04
7032.0,-5.09
7033.0,-5.5200000000000005
7034.0,-5.02
7035.0,-5.5200000000000005
7036.0,-5.01
7037.0,-5.37
7038.0,-5.630000000000001
7039.0,-5.44
7040.0,-5.06
7041.0,-5.28
7042.0,-5.02
7043.0,-5.02
7044.0,-5.44
7045.0,-5.11
7046.0,-5.75
7047.0,-5.790000000000001
7048.0,-5.07
7049.0,-5.01
7050.0,-5.09
7051.0,-5.13
7052.0,-5.05
7053.0,-5.07
7054.0,-5.45
7055.0,-5.08
7056.0,-5.3500000000000005
7057.0,-5.2
7058.0,-5.04
7059.0,-5.09
7060.0,-5.21
7061.0,-5.06
7062.0,-5.38
7063.0,-5.08
7064.0,-5.06
7065.0,-5.03
7066.0,-5.24
7067.0,-1.0000000000000007
7068.0,-5.12
7069.0,-5.05
7070.0,-5.08
7071.0,-5.04
7072.0,-5.3100000000000005
7073.0,-5.04
7074.0,-5.02
7075.0,-5.45
7076.0,-5.5
7077.0,-5.16
7078.0,-5.15
7079.0,-5.02
7080.0,-5.01
7081.0,-5.26
7082.0,-5.32
7083.0,-5.03
7084.0,-5.07
7085.0,-5.34
7086.0,-5.640000000000001
7087.0,-5.21
7088.0,-5.91
7089.0,-5.03
7090.0,-5.800000000000001
7091.0,-5.15
7092.0,-5.02
7093.0,-5.3
7094.0,-5.03
7095.0,-5.14
7096.0,-5.26
7097.0,-5.04
7098.0,-5.11
7099.0,-5.07
7100.0,-5.05
7101.0,-5.32
7102.0,-5.05
7103.0,-5.16
7104.0,-5.59
7105.0,-5.16
7106.0,-5.04
7107.0,-5.02
7108.0,-5.22
7109.0,-5.33
7110.0,-5.03
7111.0,-5.2700000000000005
7112.0,-5.01
7113.0,-5.550000000000001
7114.0,-5.05
7115.0,-5.67
7116.0,-5.02
7117.0,-5.720000000000001
7118.0,-5.51
7119.0,-5.09
7120.0,-5.22
7121.0,-5.05
7122.0,-5.05
7123.0,-5.21
7124.0,-5.78
7125.0,-5.13
7126.0,-5.11
7127.0,-5.28
7128.0,-5.23
7129.0,-5.970000000000001
7130.0,-5.04
7131.0,-5.01
7132.0,-5.22
7133.0,-5.12
7134.0,-5.09
7135.0,-1.0000000000000007
7136.0,-5.14
7137.0,-5.22
7138.0,-5.5200000000000005
7139.0,-5.3
7140.0,-5.09
7141.0,-5.32
7142.0,-5.03
7143.0,-5.12
7144.0,-5.05
7145.0,-5.41
7146.0,-5.23
7147.0,-5.42
7148.0,-5.06
7149.0,-5.12
7150.0,-5.49
7151.0,-5.04
7152.0,-5.06
7153.0,-5.38
7154.0,-5.07
7155.0,-5.07
7156.0,-5.02
7157.0,-5.41
7158.0,-5.5600000000000005
7159.0,-5.09
7160.0,-5.26
7161.0,-1.0000000000000007
7162.0,-5.1
7163.0,-5.19
7164.0,-5.17
7165.0,-5.2
7166.0,-5.3500000000000005
7167.0,-5.04
7168.0,-5.75
7169.0,-5.02
7170.0,-5.800000000000001
7171.0,-5.78
7172.0,-5.04
7173.0,-5.04
7174.0,-5.760000000000001
7175.0,-5.4
7176.0,-5.04
7177.0,-5.36
7178.0,-5.14
7179.0,-5.07
7180.0,-5.48
7181.0,-5.11
7182.0,-5.06
7183.0,-5.61
7184.0,-5.03
7185.0,-5.19
7186.0,-5.26
7187.0,-5.550000000000001
7188.0,-5.26
7189.0,-5.07
7190.0,-5.04
7191.0,-5.01
7192.0,-5.16
7193.0,-5.2
7194.0,-5.65
7195.0,-5.390000000000001
7196.0,-5.37
7197.0,-5.16
7198.0,-5.06
7199.0,-5.07
7200.0,-5.01
7201.0,-5.29
7202.0,-5.06
7203.0,-5.04
7204.0,-5.58
7205.0,-5.03
7206.0,-5.04
7207.0,-5.06
7208.0,-5.07
7209.0,-5.05
7210.0,-5.34
7211.0,-5.45
7212.0,-5.53
7213.0,-5.34
7214.0,-5.78
7215.0,-5.42
7216.0,-5.630000000000001
7217.0,-5.26
7218.0,-5.34
7219.0,-5.01
7220.0,-5.03
7221.0,-5.05
7222.0,-5.01
7223.0,-1.0000000000000007
7224.0,-5.02
7225.0,-5.49
7226.0,-5.1
7227.0,-5.74
7228.0,-5.04
7229.0,-5.09
7230.0,-5.02
7231.0,-5.02
7232.0,-5.36
7233.0,-5.22
7234.0,-5.1
7235.0,-5.3100000000000005
7236.0,-5.12
7237.0,-5.48
7238.0,-5.03
7239.0,-5.6000000000000005
7240.0,-5.25
7241.0,-5.33
7242.0,-5.3100000000000005
7243.0,-5.630000000000001
7244.0,-5.65
7245.0,-5.5
7246.0,-5.15
7247.0,-5.33
7248.0,-5.1
7249.0,-5.01
7250.0,-5.06
7251.0,-5.12
7252.0,-5.920000000000001
7253.0,-5.02
7254.0,-5.06
7255.0,-5.7
7256.0,-5.5600000000000005
7257.0,-5.23
7258.0,-5.03
7259.0,-5.06
7260.0,-5.3
7261.0,-5.04
7262.0,-5.1
7263.0,-5.05
7264.0,-5.5600000000000005
7265.0,-5.19
7266.0,-5.25
7267.0,-5.38
7268.0,-5.07
7269.0,-5.05
7270.0,-5.11
7271.0,-5.15
7272.0,-5.33
7273.0,-5.04
7274.0,-5.16
7275.0,-5.640000000000001
7276.0,-5.09
7277.0,-5.34
7278.0,-5.04
7279.0,-5.02
7280.0,-5.950000000000001
7281.0,-5.06
7282.0,-5.33
7283.0,-5.630000000000001
7284.0,-5.18
7285.0,-5.2700000000000005
7286.0,-5.01
7287.0,-5.680000000000001
7288.0,-5.26
7289.0,-5.38
7290.0,-5.05
7291.0,-5.5
7292.0,-5.390000000000001
7293.0,-5.5200000000000005
7294.0,-5.5600000000000005
7295.0,-5.57
7296.0,-5.5200000000000005
7297.0,-5.02
7298.0,-5.24
7299.0,-5.8500000000000005
7300.0,-5.34
7301.0,-5.41
7302.0,-5.13
7303.0,-5.3100000000000005
7304.0,-5.51
7305.0,-5.470000000000001
7306.0,-5.13
7307.0,-5.02
7308.0,-5.65
7309.0,-5.02
7310.0,-5.11
7311.0,-5.37
7312.0,-5.1
7313.0,-5.1
7314.0,-5.14
7315.0,-5.03
7316.0,-5.3100000000000005
7317.0,-5.5200000000000005
7318.0,-5.32
7319.0,-5.45
7320.0,-5.470000000000001
7321.0,-5.2
7322.0,-5.06
7323.0,-5.8100000000000005
7324.0,-5.04
7325.0,-5.01
7326.0,-5.02
7327.0,-5.41
7328.0,-5.06
7329.0,-5.4
7330.0,-5.05
7331.0,-5.3500000000000005
7332.0,-5.5600000000000005
7333.0,-5.37
7334.0,-5.14
7335.0,-5.3500000000000005
7336.0,-5.08
7337.0,-5.470000000000001
7338.0,-5.08
7339.0,-5.800000000000001
7340.0,-5.36
7341.0,-5.01
7342.0,-5.02
7343.0,-5.02
7344.0,-5.2700000000000005
7345.0,-5.5600000000000005
7346.0,-5.3100000000000005
7347.0,-5.12
7348.0,-5.17
7349.0,-5.06
7350.0,-5.03
7351.0,-5.04
7352.0,-5.53
7353.0,-5.23
7354.0,-5.04
7355.0,-5.05
7356.0,-5.2700000000000005
7357.0,-5.04
7358.0,-5.950000000000001
7359.0,-5.01
7360.0,-5.33
7361.0,-5.08
7362.0,-5.01
7363.0,-5.01
7364.0,-5.470000000000001
7365.0,-5.16
7366.0,-5.17
7367.0,-5.02
7368.0,-5.06
7369.0,-5.33
7370.0,-5.36
7371.0,-5.870000000000001
7372.0,-5.06
7373.0,-5.01
7374.0,-5.01
7375.0,-5.61
7376.0,-5.11
7377.0,-5.04
7378.0,-5.15
7379.0,-5.14
7380.0,-5.07
7381.0,-5.1
7382.0,-5.38
7383.0,-5.8100000000000005
7384.0,-5.36
7385.0,-5.16
7386.0,-5.01
7387.0,-5.02
7388.0,-5.07
7389.0,-5.6000000000000005
7390.0,-1.0000000000000007
7391.0,-5.41
7392.0,-5.03
7393.0,-5.5600000000000005
7394.0,-5.02
7395.0,-5.45
7396.0,-5.15
7397.0,-5.03
7398.0,-5.12
7399.0,-5.53
7400.0,-5.48
7401.0,-5.14
7402.0,-5.09
7403.0,-5.59
7404.0,-5.23
7405.0,-5.09
7406.0,-5.6000000000000005
7407.0,-5.26
7408.0,-5.75
7409.0,-5.34
7410.0,-5.1
7411.0,-5.04
7412.0,-5.03
7413.0,-5.13
7414.0,-5.46
7415.0,-5.3100000000000005
7416.0,-5.44
7417.0,-5.45
7418.0,-5.73
7419.0,-5.29
7420.0,-5.26
7421.0,-5.73
7422.0,-5.08
7423.0,-5.390000000000001
7424.0,-5.03
7425.0,-5.5600000000000005
7426.0,-5.44
7427.0,-5.02
7428.0,-5.42
7429.0,-5.3100000000000005
7430.0,-5.09
7431.0,-5.29
7432.0,-5.840000000000001
7433.0,-5.2700000000000005
7434.0,-5.04
7435.0,-5.36
7436.0,-5.5
7437.0,-5.430000000000001
7438.0,-5.7
7439.0,-5.03
7440.0,-5.12
7441.0,-5.2
7442.0,-5.03
7443.0,-5.26
7444.0,-5.1
7445.0,-5.37
7446.0,-5.37
7447.0,-5.06
7448.0,-5.29
7449.0,-5.760000000000001
7450.0,-5.02
7451.0,-5.37
7452.0,-5.36
7453.0,-5.23
7454.0,-5.1
7455.0,-5.2
7456.0,-5.01
7457.0,-5.03
7458.0,-5.45
7459.0,-5.12
7460.0,-5.24
7461.0,-5.4
7462.0,-5.29
7463.0,-5.550000000000001
7464.0,-5.06
7465.0,-5.16
7466.0,-5.430000000000001
7467.0,-5.03
7468.0,-5.7
7469.0,-5.86
7470.0,-5.3100000000000005
7471.0,-5.26
7472.0,-5.01
7473.0,-5.08
7474.0,-5.05
7475.0,-5.7700000000000005
7476.0,-5.23
7477.0,-5.36
7478.0,-5.5600000000000005
7479.0,-5.1
7480.0,-5.630000000000001
7481.0,-5.32
7482.0,-5.05
7483.0,-5.74
7484.0,-5.550000000000001
7485.0,-5.430000000000001
7486.0,-5.13
7487.0,-5.03
7488.0,-5.28
7489.0,-5.22
7490.0,-5.69
7491.0,-5.15
7492.0,-5.02
7493.0,-5.14
7494.0,-5.04
7495.0,-5.02
7496.0,-5.08
7497.0,-5.04
7498.0,-5.04
7499.0,-5.54
7500.0,-5.38
7501.0,-5.26
7502.0,-5.3
7503.0,-5.800000000000001
7504.0,-5.59
7505.0,-5.7
7506.0,-1.0000000000000007
7507.0,-5.04
7508.0,-5.04
7509.0,-5.430000000000001
7510.0,-5.34
7511.0,-5.5200000000000005
7512.0,-5.08
7513.0,-5.04
7514.0,-5.11
7515.0,-5.06
7516.0,-5.03
7517.0,-5.06
7518.0,-5.06
7519.0,-5.15
7520.0,-5.16
7521.0,-5.930000000000001
7522.0,-5.12
7523.0,-5.02
7524.0,-5.42
7525.0,-5.01
7526.0,-5.02
7527.0,-5.41
7528.0,-5.08
7529.0,-5.41
7530.0,-5.06
7531.0,-5.1
7532.0,-5.2700000000000005
7533.0,-5.15
7534.0,-5.62
7535.0,-5.1
7536.0,-5.3
7537.0,-5.45
7538.0,-5.03
7539.0,-5.01
7540.0,-5.22
7541.0,-5.54
7542.0,-5.04
7543.0,-5.16
7544.0,-5.07
7545.0,-5.04
7546.0,-5.38
7547.0,-5.41
7548.0,-5.3100000000000005
7549.0,-5.57
7550.0,-5.36
7551.0,-5.23
7552.0,-5.78
7553.0,-5.19
7554.0,-5.38
7555.0,-5.5200000000000005
7556.0,-5.51
7557.0,-5.04
7558.0,-5.06
7559.0,-5.5
7560.0,-5.16
7561.0,-5.390000000000001
7562.0,-5.640000000000001
7563.0,-5.02
7564.0,-5.45
7565.0,-5.4
7566.0,-5.06
7567.0,-5.06
7568.0,-5.38
7569.0,-5.5
7570.0,-5.34
7571.0,-5.01
7572.0,-5.06
7573.0,-5.34
7574.0,-5.13
7575.0,-5.09
7576.0,-5.5200000000000005
7577.0,-5.13
7578.0,-5.02
7579.0,-5.04
7580.0,-5.01
7581.0,-5.03
7582.0,-5.430000000000001
7583.0,-5.67
7584.0,-5.05
7585.0,-5.65
7586.0,-5.04
7587.0,-5.23
7588.0,-5.01
7589.0,-5.23
7590.0,-5.05
7591.0,-5.03
7592.0,-5.03
7593.0,-5.41
7594.0,-5.21
7595.0,-5.12
7596.0,-5.11
7597.0,-5.06
7598.0,-5.03
7599.0,-5.21
7600.0,-5.12
7601.0,-5.62
7602.0,-5.08
7603.0,-5.800000000000001
7604.0,-5.02
7605.0,-5.08
7606.0,-5.03
7607.0,-5.57
7608.0,-5.05
7609.0,-5.3500000000000005
7610.0,-5.02
7611.0,-5.42
7612.0,-5.15
7613.0,-5.04
7614.0,-5.41
7615.0,-5.19
7616.0,-5.22
7617.0,-5.02
7618.0,-5.74
7619.0,-5.06
7620.0,-5.550000000000001
7621.0,-5.3500000000000005
7622.0,-5.14
7623.0,-5.06
7624.0,-5.37
7625.0,-5.3500000000000005
7626.0,-5.66
7627.0,-5.42
7628.0,-5.45
7629.0,-5.06
7630.0,-5.09
7631.0,-5.5200000000000005
7632.0,-5.2
7633.0,-5.18
7634.0,-5.25
7635.0,-5.13
7636.0,-5.73
7637.0,-5.07
7638.0,-5.1
7639.0,-5.46
7640.0,-5.02
7641.0,-5.14
7642.0,-5.880000000000001
7643.0,-5.03
7644.0,-5.22
7645.0,-5.02
7646.0,-5.630000000000001
7647.0,-5.32
7648.0,-5.25
7649.0,-5.48
7650.0,-5.44
7651.0,-5.29
7652.0,-5.22
7653.0,-5.430000000000001
7654.0,-5.45
7655.0,-5.23
7656.0,-5.1
7657.0,-5.51
7658.0,-5.09
7659.0,-5.06
7660.0,-5.9
7661.0,-5.28
7662.0,-5.02
7663.0,-5.04
7664.0,-5.26
7665.0,-5.06
7666.0,-5.23
7667.0,-5.08
7668.0,-5.21
7669.0,-5.3
7670.0,-5.09
7671.0,-5.38
7672.0,-5.58
7673.0,-5.42
7674.0,-5.14
7675.0,-5.12
7676.0,-5.41
7677.0,-5.12
7678.0,-5.08
7679.0,-5.67
7680.0,-5.5600000000000005
7681.0,-5.57
7682.0,-5.470000000000001
7683.0,-5.12
7684.0,-5.15
7685.0,-5.09
7686.0,-5.1
7687.0,-5.3500000000000005
7688.0,-5.02
7689.0,-5.430000000000001
7690.0,-5.1
7691.0,-5.44
7692.0,-5.37
7693.0,-5.3100000000000005
7694.0,-5.12
7695.0,-5.51
7696.0,-5.01
7697.0,-5.09
7698.0,-5.3500000000000005
7699.0,-5.02
7700.0,-5.53
7701.0,-5.69
7702.0,-5.840000000000001
7703.0,-5.21
7704.0,-5.08
7705.0,-5.15
7706.0,-5.14
7707.0,-5.11
7708.0,-5.04
7709.0,-5.08
7710.0,-5.470000000000001
7711.0,-5.09
7712.0,-5.8100000000000005
7713.0,-5.51
7714.0,-5.04
7715.0,-5.61
7716.0,-5.69
7717.0,-5.3100000000000005
7718.0,-5.17
7719.0,-5.11
7720.0,-5.14
7721.0,-5.13
7722.0,-5.710000000000001
7723.0,-5.04
7724.0,-5.06
7725.0,-5.2
7726.0,-5.04
7727.0,-5.2
7728.0,-5.02
7729.0,-5.41
7730.0,-5.51
7731.0,-5.06
7732.0,-5.04
7733.0,-5.04
7734.0,-5.390000000000001
7735.0,-5.2700000000000005
7736.0,-5.04
7737.0,-5.06
7738.0,-5.640000000000001
7739.0,-5.37
7740.0,-5.46
7741.0,-5.04
7742.0,-5.28
7743.0,-5.17
7744.0,-5.09
7745.0,-5.22
7746.0,-5.61
7747.0,-5.390000000000001
7748.0,-5.05
7749.0,-5.04
7750.0,-5.23
7751.0,-5.3500000000000005
7752.0,-5.390000000000001
7753.0,-5.61
7754.0,-5.36
7755.0,-5.02
7756.0,-5.48
7757.0,-5.67
7758.0,-5.09
7759.0,-5.1
7760.0,-5.02
7761.0,-5.03
7762.0,-5.03
7763.0,-5.05
7764.0,-5.17
7765.0,-1.0000000000000007
7766.0,-5.06
7767.0,-5.02
7768.0,-5.1
7769.0,-5.01
7770.0,-5.790000000000001
7771.0,-5.430000000000001
7772.0,-5.3100000000000005
7773.0,-5.34
7774.0,-5.41
7775.0,-5.54
7776.0,-5.14
7777.0,-5.69
7778.0,-5.69
7779.0,-5.05
7780.0,-5.550000000000001
7781.0,-5.36
7782.0,-5.12
7783.0,-5.37
7784.0,-5.05
7785.0,-5.18
7786.0,-1.0000000000000007
7787.0,-5.15
7788.0,-5.53
7789.0,-5.14
7790.0,-5.54
7791.0,-5.24
7792.0,-5.07
7793.0,-5.01
7794.0,-5.5600000000000005
7795.0,-5.03
7796.0,-5.14
7797.0,-5.29
7798.0,-5.02
7799.0,-5.05
7800.0,-5.03
7801.0,-5.04
7802.0,-5.01
7803.0,-5.02
7804.0,-5.32
7805.0,-5.12
7806.0,-5.21
7807.0,-5.06
7808.0,-5.24
7809.0,-5.1
7810.0,-5.15
7811.0,-5.04
7812.0,-5.37
7813.0,-5.03
7814.0,-5.04
7815.0,-5.06
7816.0,-5.41
7817.0,-5.22
7818.0,-5.14
7819.0,-5.91
7820.0,-5.44
7821.0,-5.08
7822.0,-5.5
7823.0,-5.12
7824.0,-5.05
7825.0,-5.04
7826.0,-5.02
7827.0,-5.19
7828.0,-5.05
7829.0,-5.22
7830.0,-5.02
7831.0,-5.59
7832.0,-5.04
7833.0,-5.04
7834.0,-5.37
7835.0,-5.470000000000001
7836.0,-5.550000000000001
7837.0,-5.08
7838.0,-5.550000000000001
7839.0,-5.75
7840.0,-5.08
7841.0,-5.470000000000001
7842.0,-5.5
7843.0,-5.5600000000000005
7844.0,-5.710000000000001
7845.0,-5.06
7846.0,-5.21
7847.0,-5.05
7848.0,-5.2
7849.0,-5.03
7850.0,-5.11
7851.0,-5.04
7852.0,-5.05
7853.0,-5.05
7854.0,-5.25
7855.0,-5.48
7856.0,-5.37
7857.0,-5.45
7858.0,-5.38
7859.0,-5.48
7860.0,-5.09
7861.0,-5.41
7862.0,-5.840000000000001
7863.0,-5.41
7864.0,-5.07
7865.0,-5.5600000000000005
7866.0,-5.14
7867.0,-5.05
7868.0,-5.02
7869.0,-5.21
7870.0,-5.03
7871.0,-5.3100000000000005
7872.0,-5.61
7873.0,-5.06
7874.0,-5.32
7875.0,-5.5600000000000005
7876.0,-5.38
7877.0,-5.38
7878.0,-5.57
7879.0,-5.08
7880.0,-5.25
7881.0,-5.1
7882.0,-5.41
7883.0,-5.01
7884.0,-5.07
7885.0,-5.23
7886.0,-5.26
7887.0,-5.09
7888.0,-5.05
7889.0,-5.1
7890.0,-5.19
7891.0,-5.03
7892.0,-5.54
7893.0,-5.03
7894.0,-5.01
7895.0,-5.630000000000001
7896.0,-5.26
7897.0,-5.3500000000000005
7898.0,-5.07
7899.0,-5.06
7900.0,-5.06
7901.0,-5.4
7902.0,-5.74
7903.0,-5.05
7904.0,-5.06
7905.0,-5.16
7906.0,-5.24
7907.0,-5.4
7908.0,-1.0000000000000007
7909.0,-5.390000000000001
7910.0,-5.38
7911.0,-5.2700000000000005
7912.0,-5.42
7913.0,-5.01
7914.0,-5.57
7915.0,-5.32
7916.0,-5.04
7917.0,-5.04
7918.0,-5.11
7919.0,-5.11
7920.0,-5.61
7921.0,-5.33
7922.0,-5.32
7923.0,-5.03
7924.0,-5.07
7925.0,-5.42
7926.0,-5.09
7927.0,-5.16
7928.0,-5.03
7929.0,-5.04
7930.0,-5.04
7931.0,-5.22
7932.0,-5.65
7933.0,-5.01
7934.0,-5.5
7935.0,-5.03
7936.0,-5.02
7937.0,-5.6000000000000005
7938.0,-5.26
7939.0,-5.05
7940.0,-5.13
7941.0,-5.430000000000001
7942.0,-5.37
7943.0,-5.04
7944.0,-5.36
7945.0,-5.05
7946.0,-5.21
7947.0,-5.37
7948.0,-5.1
7949.0,-5.22
7950.0,-5.2
7951.0,-5.01
7952.0,-5.2700000000000005
7953.0,-5.3
7954.0,-5.33
7955.0,-5.630000000000001
7956.0,-5.23
7957.0,-5.16
7958.0,-5.01
7959.0,-1.0000000000000007
7960.0,-5.08
7961.0,-5.470000000000001
7962.0,-5.13
7963.0,-5.11
7964.0,-5.32
7965.0,-5.09
7966.0,-5.57
7967.0,-5.49
7968.0,-5.03
7969.0,-5.04
7970.0,-5.09
7971.0,-5.710000000000001
7972.0,-5.04
7973.0,-5.41
7974.0,-5.05
7975.0,-5.44
7976.0,-5.37
7977.0,-5.5600000000000005
7978.0,-5.28
7979.0,-5.37
7980.0,-5.33
7981.0,-5.45
7982.0,-5.32
7983.0,-5.12
7984.0,-5.22
7985.0,-5.02
7986.0,-5.03
7987.0,-5.03
7988.0,-5.07
7989.0,-5.470000000000001
7990.0,-5.03
7991.0,-5.06
7992.0,-5.3500000000000005
7993.0,-5.05
7994.0,-5.710000000000001
7995.0,-5.04
7996.0,-5.5200000000000005
7997.0,-5.34
7998.0,-5.33
7999.0,-5.06
8000.0,-5.08
8001.0,-5.07
8002.0,-5.15
8003.0,-5.23
8004.0,-5.38
8005.0,-5.760000000000001
8006.0,-5.1
8007.0,-5.430000000000001
8008.0,-5.04
8009.0,-5.3100000000000005
8010.0,-5.01
8011.0,-5.33
8012.0,-5.09
8013.0,-5.66
8014.0,-5.69
8015.0,-5.4
8016.0,-5.32
8017.0,-5.29
8018.0,-5.2700000000000005
8019.0,-5.25
8020.0,-5.42
8021.0,-5.430000000000001
8022.0,-5.54
8023.0,-5.16
8024.0,-5.09
8025.0,-5.04
8026.0,-5.45
8027.0,-5.09
8028.0,-5.5200000000000005
8029.0,-5.01
8030.0,-5.01
8031.0,-5.23
8032.0,-5.46
8033.0,-5.06
8034.0,-5.12
8035.0,-5.02
8036.0,-5.4
8037.0,-5.720000000000001
8038.0,-5.3100000000000005
8039.0,-5.24
8040.0,-5.550000000000001
8041.0,-5.36
8042.0,-5.2700000000000005
8043.0,-5.03
8044.0,-5.390000000000001
8045.0,-5.36
8046.0,-5.2
8047.0,-5.02
8048.0,-5.12
8049.0,-5.06
8050.0,-5.04
8051.0,-5.05
8052.0,-5.3
8053.0,-5.14
8054.0,-5.880000000000001
8055.0,-5.430000000000001
8056.0,-5.720000000000001
8057.0,-5.06
8058.0,-5.06
8059.0,-5.48
8060.0,-5.23
8061.0,-5.21
8062.0,-5.4
8063.0,-5.28
8064.0,-5.03
8065.0,-5.04
8066.0,-5.17
8067.0,-5.73
8068.0,-5.06
8069.0,-5.05
8070.0,-5.470000000000001
8071.0,-5.34
8072.0,-5.25
8073.0,-5.41
8074.0,-5.46
8075.0,-5.02
8076.0,-5.720000000000001
8077.0,-5.44
8078.0,-5.03
8079.0,-5.06
8080.0,-5.760000000000001
8081.0,-5.48
8082.0,-5.12
8083.0,-5.01
8084.0,-5.1
8085.0,-5.02
8086.0,-5.04
8087.0,-5.03
8088.0,-5.28
8089.0,-5.61
8090.0,-5.13
8091.0,-5.37
8092.0,-5.44
8093.0,-5.03
8094.0,-5.07
8095.0,-5.08
8096.0,-5.57
8097.0,-5.48
8098.0,-5.4
8099.0,-5.32
8100.0,-5.37
8101.0,-5.04
8102.0,-5.760000000000001
8103.0,-5.07
8104.0,-5.34
8105.0,-5.25
8106.0,-5.48
8107.0,-5.07
8108.0,-5.1
8109.0,-5.59
8110.0,-5.28
8111.0,-5.08
8112.0,-5.02
8113.0,-5.06
8114.0,-5.46
8115.0,-5.06
8116.0,-5.38
8117.0,-5.06
8118.0,-5.01
8119.0,-5.3100000000000005
8120.0,-5.02
8121.0,-5.03
8122.0,-5.17
8123.0,-5.470000000000001
8124.0,-5.01
8125.0,-5.04
8126.0,-5.28
8127.0,-5.16
8128.0,-5.02
8129.0,-5.390000000000001
8130.0,-5.14
8131.0,-5.17
8132.0,-5.01
8133.0,-5.41
8134.0,-5.57
8135.0,-5.05
8136.0,-5.3500000000000005
8137.0,-5.2700000000000005
8138.0,-5.05
8139.0,-5.04
8140.0,-5.05
8141.0,-5.26
8142.0,-5.01
8143.0,-5.5600000000000005
8144.0,-5.01
8145.0,-5.03
8146.0,-5.06
8147.0,-5.05
8148.0,-5.01
8149.0,-5.73
8150.0,-5.26
8151.0,-5.13
8152.0,-5.25
8153.0,-5.17
8154.0,-5.680000000000001
8155.0,-5.5200000000000005
8156.0,-5.08
8157.0,-5.09
8158.0,-5.640000000000001
8159.0,-5.01
8160.0,-5.04
8161.0,-5.640000000000001
8162.0,-5.57
8163.0,-5.19
8164.0,-5.05
8165.0,-5.02
8166.0,-5.08
8167.0,-5.16
8168.0,-5.14
8169.0,-5.06
8170.0,-5.6000000000000005
8171.0,-5.11
8172.0,-5.07
8173.0,-5.04
8174.0,-5.12
8175.0,-5.42
8176.0,-5.19
8177.0,-5.57
8178.0,-5.34
8179.0,-5.03
8180.0,-5.07
8181.0,-5.5600000000000005
8182.0,-5.28
8183.0,-5.03
8184.0,-5.58
8185.0,-5.28
8186.0,-5.34
8187.0,-5.03
8188.0,-5.19
8189.0,-5.05
8190.0,-5.44
8191.0,-5.37
8192.0,-5.04
8193.0,-5.11
8194.0,-5.16
8195.0,-5.6000000000000005
8196.0,-1.0000000000000007
8197.0,-5.430000000000001
8198.0,-5.05
8199.0,-5.07
8200.0,-5.5
8201.0,-5.32
8202.0,-5.28
8203.0,-5.3100000000000005
8204.0,-5.42
8205.0,-5.710000000000001
8206.0,-5.2
8207.0,-5.06
8208.0,-5.28
8209.0,-5.33
8210.0,-5.640000000000001
8211.0,-5.14
8212.0,-5.04
8213.0,-5.08
8214.0,-5.04
8215.0,-5.1
8216.0,-5.3500000000000005
8217.0,-5.09
8218.0,-5.28
8219.0,-5.02
8220.0,-5.04
8221.0,-5.02
8222.0,-5.36
8223.0,-5.69
8224.0,-5.3
8225.0,-5.01
8226.0,-5.390000000000001
8227.0,-5.06
8228.0,-5.790000000000001
8229.0,-5.02
8230.0,-5.07
8231.0,-5.2700000000000005
8232.0,-5.23
8233.0,-5.720000000000001
8234.0,-5.3100000000000005
8235.0,-5.470000000000001
8236.0,-5.2
8237.0,-5.04
8238.0,-5.07
8239.0,-5.34
8240.0,-5.01
8241.0,-5.42
8242.0,-5.11
8243.0,-5.5600000000000005
8244.0,-5.02
8245.0,-5.1
8246.0,-5.3500000000000005
8247.0,-5.640000000000001
8248.0,-1.0000000000000007
8249.0,-5.78
8250.0,-5.3100000000000005
8251.0,-5.05
8252.0,-5.04
8253.0,-5.94
8254.0,-5.38
8255.0,-5.12
8256.0,-5.470000000000001
8257.0,-5.01
8258.0,-5.07
8259.0,-5.04
8260.0,-5.28
8261.0,-5.24
8262.0,-5.05
8263.0,-5.01
8264.0,-5.03
8265.0,-5.41
8266.0,-5.03
8267.0,-5.04
8268.0,-5.05
8269.0,-5.04
8270.0,-5.26
8271.0,-5.01
8272.0,-5.14
8273.0,-5.13
8274.0,-5.04
8275.0,-5.06
8276.0,-5.03
8277.0,-5.470000000000001
8278.0,-5.45
8279.0,-5.19
8280.0,-5.02
8281.0,-5.07
8282.0,-5.04
8283.0,-5.02
8284.0,-5.02
8285.0,-5.11
8286.0,-5.67
8287.0,-5.16
8288.0,-5.01
8289.0,-5.02
8290.0,-5.04
8291.0,-5.11
8292.0,-5.04
8293.0,-5.03
8294.0,-5.61
8295.0,-5.07
8296.0,-5.32
8297.0,-5.3
8298.0,-5.5
8299.0,-5.07
8300.0,-5.17
8301.0,-5.38
8302.0,-5.5
8303.0,-5.5200000000000005
8304.0,-5.09
8305.0,-5.07
8306.0,-5.05
8307.0,-5.08
8308.0,-5.29
8309.0,-5.34
8310.0,-5.5
8311.0,-5.02
8312.0,-5.28
8313.0,-5.22
8314.0,-5.05
8315.0,-5.12
8316.0,-5.03
8317.0,-5.45
8318.0,-5.02
8319.0,-5.04
8320.0,-5.04
8321.0,-5.03
8322.0,-5.15
8323.0,-5.02
8324.0,-5.01
8325.0,-5.29
8326.0,-5.09
8327.0,-5.640000000000001
8328.0,-5.07
8329.0,-5.04
8330.0,-5.06
8331.0,-5.28
8332.0,-5.25
8333.0,-5.430000000000001
8334.0,-5.07
8335.0,-5.9
8336.0,-5.02
8337.0,-5.1
8338.0,-5.01
8339.0,-5.16
8340.0,-5.06
8341.0,-5.08
8342.0,-5.7
8343.0,-5.62
8344.0,-5.1
8345.0,-5.06
8346.0,-5.11
8347.0,-5.02
8348.0,-5.4
8349.0,-5.3500000000000005
8350.0,-5.32
8351.0,-5.06
8352.0,-5.23
8353.0,-5.09
8354.0,-5.640000000000001
8355.0,-5.22
8356.0,-5.01
8357.0,-5.3100000000000005
8358.0,-5.23
8359.0,-5.51
8360.0,-5.09
8361.0,-5.3100000000000005
8362.0,-5.02
8363.0,-5.01
8364.0,-5.51
8365.0,-5.18
8366.0,-5.15
8367.0,-5.06
8368.0,-5.11
8369.0,-5.32
8370.0,-5.01
8371.0,-5.46
8372.0,-5.12
8373.0,-5.51
8374.0,-5.550000000000001
8375.0,-5.05
8376.0,-5.08
8377.0,-5.06
8378.0,-5.2
8379.0,-5.42
8380.0,-5.01
8381.0,-5.11
8382.0,-5.960000000000001
8383.0,-5.1
8384.0,-5.08
8385.0,-5.05
8386.0,-5.45
8387.0,-5.49
8388.0,-5.01
8389.0,-5.28
8390.0,-5.41
8391.0,-5.23
8392.0,-5.67
8393.0,-5.05
8394.0,-5.46
8395.0,-5.4
8396.0,-5.1
8397.0,-5.33
8398.0,-5.08
8399.0,-5.57
8400.0,-5.1
8401.0,-5.54
8402.0,-5.57
8403.0,-5.08
8404.0,-5.01
8405.0,-5.06
8406.0,-5.7700000000000005
8407.0,-5.04
8408.0,-5.05
8409.0,-5.37
8410.0,-5.07
8411.0,-5.99
8412.0,-5.41
8413.0,-5.3
8414.0,-5.06
8415.0,-5.03
8416.0,-5.28
8417.0,-5.720000000000001
8418.0,-5.02
8419.0,-5.21
8420.0,-5.2
8421.0,-5.45
8422.0,-5.12
8423.0,-5.26
8424.0,-5.17
8425.0,-5.04
8426.0,-5.26
8427.0,-5.04
8428.0,-5.11
8429.0,-5.710000000000001
8430.0,-5.02
8431.0,-5.04
8432.0,-5.29
8433.0,-5.33
8434.0,-5.23
8435.0,-5.05
8436.0,-5.03
8437.0,-5.01
8438.0,-5.02
8439.0,-5.38
8440.0,-5.08
8441.0,-5.05
8442.0,-5.07
8443.0,-5.05
8444.0,-5.62
8445.0,-5.05
8446.0,-5.5200000000000005
8447.0,-5.42
8448.0,-5.21
8449.0,-5.2700000000000005
8450.0,-5.14
8451.0,-5.53
8452.0,-5.04
8453.0,-5.8500000000000005
8454.0,-5.34
8455.0,-5.3
8456.0,-5.09
8457.0,-5.44
8458.0,-5.01
8459.0,-5.07
8460.0,-5.11
8461.0,-5.08
8462.0,-5.46
8463.0,-5.04
8464.0,-5.01
8465.0,-5.04
8466.0,-5.07
8467.0,-5.3
8468.0,-5.12
8469.0,-1.0000000000000007
8470.0,-5.430000000000001
8471.0,-5.2700000000000005
8472.0,-5.550000000000001
8473.0,-5.07
8474.0,-5.1
8475.0,-5.74
8476.0,-5.3500000000000005
8477.0,-5.65
8478.0,-5.34
8479.0,-5.18
8480.0,-5.02
8481.0,-5.32
8482.0,-5.28
8483.0,-5.25
8484.0,-5.46
8485.0,-5.01
8486.0,-5.11
8487.0,-5.09
8488.0,-5.04
8489.0,-5.09
8490.0,-5.28
8491.0,-1.0000000000000007
8492.0,-5.13
8493.0,-5.02
8494.0,-5.11
8495.0,-5.3100000000000005
8496.0,-5.9
8497.0,-5.02
8498.0,-5.25
8499.0,-5.05
8500.0,-5.22
8501.0,-5.08
8502.0,-5.04
8503.0,-5.02
8504.0,-5.9
8505.0,-5.22
8506.0,-5.1
8507.0,-5.03
8508.0,-5.01
8509.0,-5.07
8510.0,-5.32
8511.0,-5.4
8512.0,-5.32
8513.0,-5.26
8514.0,-5.1
8515.0,-5.390000000000001
8516.0,-1.0000000000000007
8517.0,-5.03
8518.0,-5.01
8519.0,-5.37
8520.0,-5.01
8521.0,-5.02
8522.0,-5.630000000000001
8523.0,-5.08
8524.0,-5.14
8525.0,-5.38
8526.0,-5.2
8527.0,-5.2
8528.0,-5.03
8529.0,-1.0000000000000007
8530.0,-5.1
8531.0,-5.37
8532.0,-5.2700000000000005
8533.0,-5.01
8534.0,-5.550000000000001
8535.0,-5.45
8536.0,-5.37
8537.0,-5.2700000000000005
8538.0,-5.04
8539.0,-5.03
8540.0,-5.04
8541.0,-5.05
8542.0,-5.800000000000001
8543.0,-5.51
8544.0,-5.06
8545.0,-5.02
8546.0,-5.44
8547.0,-5.14
8548.0,-5.26
8549.0,-5.51
8550.0,-5.05
8551.0,-5.13
8552.0,-5.02
8553.0,-5.28
8554.0,-5.03
8555.0,-5.49
8556.0,-5.08
8557.0,-5.07
8558.0,-5.45
8559.0,-5.07
8560.0,-5.09
8561.0,-5.04
8562.0,-5.3100000000000005
8563.0,-5.48
8564.0,-5.37
8565.0,-5.14
8566.0,-5.03
8567.0,-5.02
8568.0,-5.14
8569.0,-5.09
8570.0,-5.03
8571.0,-5.02
8572.0,-5.04
8573.0,-5.5
8574.0,-5.49
8575.0,-5.04
8576.0,-5.59
8577.0,-5.13
8578.0,-5.6000000000000005
8579.0,-5.05
8580.0,-5.34
8581.0,-5.02
8582.0,-5.08
8583.0,-5.38
8584.0,-5.2
8585.0,-5.01
8586.0,-5.44
8587.0,-5.37
8588.0,-5.18
8589.0,-5.06
8590.0,-5.51
8591.0,-5.01
8592.0,-5.54
8593.0,-5.53
8594.0,-5.1
8595.0,-1.0000000000000007
8596.0,-5.17
8597.0,-5.22
8598.0,-5.33
8599.0,-5.430000000000001
8600.0,-5.04
8601.0,-5.05
8602.0,-5.04
8603.0,-5.33
8604.0,-5.28
8605.0,-5.2700000000000005
8606.0,-5.01
8607.0,-5.02
8608.0,-5.03
8609.0,-5.17
8610.0,-5.33
8611.0,-5.33
8612.0,-5.15
8613.0,-5.01
8614.0,-5.08
8615.0,-5.05
8616.0,-5.61
8617.0,-5.38
8618.0,-5.12
8619.0,-5.17
8620.0,-5.12
8621.0,-5.04
8622.0,-5.02
8623.0,-5.04
8624.0,-5.04
8625.0,-5.3100000000000005
8626.0,-5.2
8627.0,-5.25
8628.0,-5.05
8629.0,-5.02
8630.0,-5.01
8631.0,-5.24
8632.0,-5.02
8633.0,-5.34
8634.0,-5.48
8635.0,-5.29
8636.0,-5.21
8637.0,-5.5600000000000005
8638.0,-5.02
8639.0,-5.03
8640.0,-5.5600000000000005
8641.0,-5.36
8642.0,-5.04
8643.0,-5.37
8644.0,-5.51
8645.0,-5.03
8646.0,-5.46
8647.0,-5.06
8648.0,-5.42
8649.0,-5.04
8650.0,-5.32
8651.0,-5.02
8652.0,-5.66
8653.0,-5.01
8654.0,-5.49
8655.0,-5.05
8656.0,-5.550000000000001
8657.0,-5.36
8658.0,-5.37
8659.0,-5.4
8660.0,-5.11
8661.0,-5.640000000000001
8662.0,-5.08
8663.0,-5.06
8664.0,-5.02
8665.0,-5.23
8666.0,-5.82
8667.0,-1.0000000000000007
8668.0,-5.08
8669.0,-5.09
8670.0,-5.54
8671.0,-5.09
8672.0,-5.06
8673.0,-5.02
8674.0,-5.07
8675.0,-5.2
8676.0,-5.03
8677.0,-5.86
8678.0,-5.3100000000000005
8679.0,-5.32
8680.0,-5.06
8681.0,-5.5
8682.0,-5.06
8683.0,-5.02
8684.0,-5.04
8685.0,-5.37
8686.0,-5.37
8687.0,-5.12
8688.0,-5.3
8689.0,-5.45
8690.0,-5.05
8691.0,-5.25
8692.0,-5.01
8693.0,-5.5200000000000005
8694.0,-5.5
8695.0,-5.390000000000001
8696.0,-5.22
8697.0,-5.51
8698.0,-5.1
8699.0,-5.03
8700.0,-5.41
8701.0,-5.11
8702.0,-5.51
8703.0,-5.51
8704.0,-5.2700000000000005
8705.0,-5.07
8706.0,-5.07
8707.0,-5.4
8708.0,-5.48
8709.0,-5.04
8710.0,-5.03
8711.0,-5.12
8712.0,-5.11
8713.0,-5.33
8714.0,-5.25
8715.0,-5.720000000000001
8716.0,-5.36
8717.0,-5.03
8718.0,-5.65
8719.0,-5.3
8720.0,-5.470000000000001
8721.0,-5.01
8722.0,-5.21
8723.0,-5.21
8724.0,-5.2
8725.0,-5.03
8726.0,-5.5
8727.0,-5.05
8728.0,-5.5
8729.0,-5.02
8730.0,-5.36
8731.0,-5.09
8732.0,-5.2700000000000005
8733.0,-5.25
8734.0,-5.51
8735.0,-5.02
8736.0,-5.17
8737.0,-5.29
8738.0,-5.15
8739.0,-5.02
8740.0,-5.6000000000000005
8741.0,-5.07
8742.0,-5.06
8743.0,-5.46
8744.0,-5.02
8745.0,-5.41
8746.0,-5.06
8747.0,-5.3500000000000005
8748.0,-5.01
8749.0,-5.34
8750.0,-5.1
8751.0,-5.78
8752.0,-5.640000000000001
8753.0,-5.45
8754.0,-5.29
8755.0,-5.790000000000001
8756.0,-5.04
8757.0,-5.49
8758.0,-5.49
8759.0,-5.26
8760.0,-5.04
8761.0,-5.21
8762.0,-5.21
8763.0,-5.12
8764.0,-5.28
8765.0,-5.32
8766.0,-5.3100000000000005
8767.0,-5.09
8768.0,-5.430000000000001
8769.0,-5.2
8770.0,-5.02
8771.0,-5.4
8772.0,-5.42
8773.0,-5.16
8774.0,-5.04
8775.0,-5.1
8776.0,-5.680000000000001
8777.0,-5.03
8778.0,-5.04
8779.0,-5.08
8780.0,-5.04
8781.0,-5.4
8782.0,-5.05
8783.0,-5.25
8784.0,-5.37
8785.0,-5.23
8786.0,-5.59
8787.0,-5.29
8788.0,-5.91
8789.0,-5.28
8790.0,-5.03
8791.0,-5.42
8792.0,-5.01
8793.0,-5.73
8794.0,-5.66
8795.0,-5.3500000000000005
8796.0,-5.04
8797.0,-5.02
8798.0,-5.07
8799.0,-5.680000000000001
8800.0,-5.66
8801.0,-5.91
8802.0,-5.03
8803.0,-5.1
8804.0,-5.09
8805.0,-5.15
8806.0,-5.06
8807.0,-5.37
8808.0,-1.0000000000000007
8809.0,-5.04
8810.0,-5.9
8811.0,-5.14
8812.0,-5.22
8813.0,-5.470000000000001
8814.0,-5.2
8815.0,-5.390000000000001
8816.0,-5.25
8817.0,-1.0000000000000007
8818.0,-5.8500000000000005
8819.0,-5.37
8820.0,-5.02
8821.0,-5.14
8822.0,-5.11
8823.0,-5.36
8824.0,-5.03
8825.0,-5.02
8826.0,-5.02
8827.0,-5.8500000000000005
8828.0,-5.04
8829.0,-5.28
8830.0,-5.19
8831.0,-5.01
8832.0,-5.18
8833.0,-5.03
8834.0,-5.37
8835.0,-5.58
8836.0,-5.46
8837.0,-5.57
8838.0,-5.12
8839.0,-5.58
8840.0,-5.550000000000001
8841.0,-5.15
8842.0,-5.01
8843.0,-5.53
8844.0,-5.42
8845.0,-5.12
8846.0,-5.32
8847.0,-5.02
8848.0,-5.14
8849.0,-5.03
8850.0,-5.4
8851.0,-5.44
8852.0,-5.4
8853.0,-5.59
8854.0,-5.45
8855.0,-5.3500000000000005
8856.0,-5.41
8857.0,-5.09
8858.0,-5.2
8859.0,-5.22
8860.0,-5.05
8861.0,-5.02
8862.0,-5.790000000000001
8863.0,-5.2700000000000005
8864.0,-5.16
8865.0,-5.04
8866.0,-5.36
8867.0,-5.44
8868.0,-5.17
8869.0,-5.03
8870.0,-5.720000000000001
8871.0,-5.29
8872.0,-5.18
8873.0,-5.25
8874.0,-5.09
8875.0,-5.680000000000001
8876.0,-5.09
8877.0,-5.07
8878.0,-5.23
8879.0,-5.07
8880.0,-5.06
8881.0,-5.16
8882.0,-5.67
8883.0,-5.37
8884.0,-5.13
8885.0,-5.2
8886.0,-5.26
8887.0,-5.710000000000001
8888.0,-5.2
8889.0,-5.07
8890.0,-5.28
8891.0,-5.49
8892.0,-5.58
8893.0,-5.02
8894.0,-5.05
8895.0,-5.49
8896.0,-5.8100000000000005
8897.0,-5.09
8898.0,-5.02
8899.0,-5.34
8900.0,-5.41
8901.0,-5.02
8902.0,-5.82
8903.0,-5.390000000000001
8904.0,-5.82
8905.0,-5.26
8906.0,-5.13
8907.0,-5.01
8908.0,-5.09
8909.0,-5.29
8910.0,-5.05
8911.0,-5.04
8912.0,-5.15
8913.0,-1.0000000000000007
8914.0,-5.34
8915.0,-5.08
8916.0,-5.29
8917.0,-5.33
8918.0,-5.33
8919.0,-5.01
8920.0,-5.07
8921.0,-5.05
8922.0,-5.02
8923.0,-5.2700000000000005
8924.0,-5.42
8925.0,-5.44
8926.0,-5.02
8927.0,-5.470000000000001
8928.0,-1.0000000000000007
8929.0,-5.08
8930.0,-5.07
8931.0,-5.02
8932.0,-5.37
8933.0,-5.1
8934.0,-5.41
8935.0,-5.430000000000001
8936.0,-5.09
8937.0,-5.2700000000000005
8938.0,-5.58
8939.0,-5.42
8940.0,-5.4
8941.0,-5.08
8942.0,-5.59
8943.0,-5.32
8944.0,-5.16
8945.0,-5.06
8946.0,-5.01
8947.0,-5.01
8948.0,-5.03
8949.0,-5.34
8950.0,-5.1
8951.0,-5.3500000000000005
8952.0,-5.06
8953.0,-5.48
8954.0,-5.74
8955.0,-5.3100000000000005
8956.0,-5.26
8957.0,-5.2
8958.0,-5.58
8959.0,-5.02
8960.0,-5.05
8961.0,-5.02
8962.0,-5.01
8963.0,-5.5
8964.0,-5.22
8965.0,-5.01
8966.0,-5.03
8967.0,-5.57
8968.0,-5.26
8969.0,-5.06
8970.0,-5.06
8971.0,-5.14
8972.0,-5.08
8973.0,-5.3500000000000005
8974.0,-5.03
8975.0,-5.06
8976.0,-5.22
8977.0,-5.08
8978.0,-5.430000000000001
8979.0,-5.38
8980.0,-5.02
8981.0,-5.62
8982.0,-5.18
8983.0,-5.04
8984.0,-5.1
8985.0,-5.2700000000000005
8986.0,-5.5600000000000005
8987.0,-5.1
8988.0,-5.03
8989.0,-5.29
8990.0,-5.3100000000000005
8991.0,-5.26
8992.0,-5.26
8993.0,-5.07
8994.0,-5.5600000000000005
8995.0,-5.550000000000001
8996.0,-5.11
8997.0,-5.1
8998.0,-5.03
8999.0,-5.59
9000.0,-5.6000000000000005
9001.0,-5.2
9002.0,-5.760000000000001
9003.0,-5.3
9004.0,-5.23
9005.0,-5.28
9006.0,-5.02
9007.0,-5.17
9008.0,-5.02
9009.0,-5.11
9010.0,-5.1
9011.0,-5.36
9012.0,-5.02
9013.0,-5.19
9014.0,-5.1
9015.0,-5.930000000000001
9016.0,-5.45
9017.0,-5.09
9018.0,-5.1
9019.0,-5.44
9020.0,-5.17
9021.0,-5.26
9022.0,-5.02
9023.0,-5.3500000000000005
9024.0,-5.45
9025.0,-5.38
9026.0,-5.19
9027.0,-5.29
9028.0,-5.720000000000001
9029.0,-5.02
9030.0,-5.33
9031.0,-5.12
9032.0,-5.04
9033.0,-5.08
9034.0,-5.4
9035.0,-5.840000000000001
9036.0,-5.24
9037.0,-5.390000000000001
9038.0,-5.49
9039.0,-5.09
9040.0,-5.3500000000000005
9041.0,-5.16
9042.0,-5.19
9043.0,-5.09
9044.0,-5.06
9045.0,-5.41
9046.0,-5.13
9047.0,-5.57
9048.0,-5.42
9049.0,-5.59
9050.0,-5.08
9051.0,-5.02
9052.0,-5.2700000000000005
9053.0,-5.7
9054.0,-5.470000000000001
9055.0,-5.45
9056.0,-5.24
9057.0,-5.01
9058.0,-5.06
9059.0,-5.22
9060.0,-5.470000000000001
9061.0,-5.07
9062.0,-5.2
9063.0,-5.38
9064.0,-5.11
9065.0,-5.26
9066.0,-5.53
9067.0,-5.06
9068.0,-5.09
9069.0,-5.03
9070.0,-5.550000000000001
9071.0,-5.02
9072.0,-5.41
9073.0,-5.32
9074.0,-5.41
9075.0,-5.800000000000001
9076.0,-5.58
9077.0,-5.01
9078.0,-5.03
9079.0,-5.34
9080.0,-5.41
9081.0,-5.02
9082.0,-5.390000000000001
9083.0,-5.390000000000001
9084.0,-5.09
9085.0,-5.32
9086.0,-5.24
9087.0,-5.06
9088.0,-5.33
9089.0,-1.0000000000000007
9090.0,-5.44
9091.0,-5.32
9092.0,-5.4
9093.0,-5.34
9094.0,-5.550000000000001
9095.0,-5.03
9096.0,-5.04
9097.0,-5.05
9098.0,-5.3100000000000005
9099.0,-5.550000000000001
9100.0,-5.46
9101.0,-5.32
9102.0,-5.04
9103.0,-5.26
9104.0,-5.08
9105.0,-5.01
9106.0,-5.03
9107.0,-5.2
9108.0,-5.06
9109.0,-5.02
9110.0,-5.14
9111.0,-5.06
9112.0,-5.5600000000000005
9113.0,-5.01
9114.0,-5.1
9115.0,-5.430000000000001
9116.0,-5.05
9117.0,-5.83
9118.0,-5.26
9119.0,-5.03
9120.0,-5.470000000000001
9121.0,-5.5200000000000005
9122.0,-5.05
9123.0,-5.02
9124.0,-5.16
9125.0,-5.2700000000000005
9126.0,-5.36
9127.0,-5.21
9128.0,-5.04
9129.0,-5.05
9130.0,-5.840000000000001
9131.0,-5.34
9132.0,-5.03
9133.0,-5.12
9134.0,-5.51
9135.0,-5.38
9136.0,-5.04
9137.0,-5.5600000000000005
9138.0,-5.04
9139.0,-5.03
9140.0,-5.37
9141.0,-5.22
9142.0,-5.23
9143.0,-5.760000000000001
9144.0,-5.3500000000000005
9145.0,-5.04
9146.0,-5.16
9147.0,-5.22
9148.0,-5.29
9149.0,-5.07
9150.0,-5.04
9151.0,-5.38
9152.0,-5.4
9153.0,-5.02
9154.0,-5.54
9155.0,-5.14
9156.0,-5.78
9157.0,-5.48
9158.0,-5.09
9159.0,-5.15
9160.0,-5.34
9161.0,-5.82
9162.0,-5.49
9163.0,-5.3500000000000005
9164.0,-5.42
9165.0,-5.23
9166.0,-5.08
9167.0,-5.11
9168.0,-5.59
9169.0,-5.2700000000000005
9170.0,-5.13
9171.0,-5.14
9172.0,-5.05
9173.0,-5.06
9174.0,-5.05
9175.0,-5.01
9176.0,-5.2700000000000005
9177.0,-5.7
9178.0,-5.08
9179.0,-5.07
9180.0,-5.06
9181.0,-5.11
9182.0,-5.24
9183.0,-5.46
9184.0,-5.01
9185.0,-5.03
9186.0,-5.08
9187.0,-5.1
9188.0,-5.02
9189.0,-5.07
9190.0,-5.07
9191.0,-5.1
9192.0,-5.03
9193.0,-5.06
9194.0,-5.790000000000001
9195.0,-5.16
9196.0,-5.49
9197.0,-5.09
9198.0,-5.01
9199.0,-5.3100000000000005
9200.0,-5.08
9201.0,-5.04
9202.0,-5.06
9203.0,-5.06
9204.0,-5.07
9205.0,-5.07
9206.0,-5.46
9207.0,-5.7
9208.0,-5.07
9209.0,-5.08
9210.0,-5.19
9211.0,-5.17
9212.0,-5.44
9213.0,-5.01
9214.0,-5.3
9215.0,-5.06
9216.0,-5.32
9217.0,-5.26
9218.0,-5.26
9219.0,-5.33
9220.0,-5.2700000000000005
9221.0,-5.29
9222.0,-5.29
9223.0,-5.01
9224.0,-5.15
9225.0,-5.29
9226.0,-5.01
9227.0,-5.06
9228.0,-5.5
9229.0,-5.82
9230.0,-5.65
9231.0,-5.36
9232.0,-5.05
9233.0,-5.04
9234.0,-5.03
9235.0,-5.05
9236.0,-5.01
9237.0,-5.01
9238.0,-5.04
9239.0,-5.05
9240.0,-5.37
9241.0,-5.34
9242.0,-5.02
9243.0,-5.01
9244.0,-5.21
9245.0,-5.15
9246.0,-5.66
9247.0,-5.760000000000001
9248.0,-5.19
9249.0,-5.3500000000000005
9250.0,-5.16
9251.0,-5.5
9252.0,-5.3
9253.0,-5.11
9254.0,-5.2
9255.0,-5.19
9256.0,-5.01
9257.0,-5.3500000000000005
9258.0,-5.04
9259.0,-5.1
9260.0,-1.0000000000000007
9261.0,-5.07
9262.0,-5.01
9263.0,-5.4
9264.0,-5.15
9265.0,-5.07
9266.0,-5.24
9267.0,-5.32
9268.0,-5.38
9269.0,-5.15
9270.0,-5.49
9271.0,-5.05
9272.0,-5.430000000000001
9273.0,-5.1
9274.0,-5.28
9275.0,-5.3
9276.0,-5.03
9277.0,-5.08
9278.0,-5.48
9279.0,-5.02
9280.0,-5.3500000000000005
9281.0,-5.3
9282.0,-5.37
9283.0,-5.28
9284.0,-5.3500000000000005
9285.0,-5.03
9286.0,-5.03
9287.0,-5.01
9288.0,-5.38
9289.0,-5.05
9290.0,-5.32
9291.0,-5.08
9292.0,-5.07
9293.0,-5.14
9294.0,-5.09
9295.0,-5.07
9296.0,-5.09
9297.0,-5.26
9298.0,-5.07
9299.0,-5.800000000000001
9300.0,-5.08
9301.0,-5.630000000000001
9302.0,-5.04
9303.0,-5.41
9304.0,-5.14
9305.0,-5.59
9306.0,-5.09
9307.0,-5.34
9308.0,-5.08
9309.0,-5.08
9310.0,-5.26
9311.0,-5.05
9312.0,-5.45
9313.0,-5.22
9314.0,-5.550000000000001
9315.0,-5.08
9316.0,-5.05
9317.0,-5.06
9318.0,-5.46
9319.0,-5.29
9320.0,-5.12
9321.0,-5.03
9322.0,-5.04
9323.0,-5.04
9324.0,-5.2
9325.0,-5.03
9326.0,-5.03
9327.0,-5.28
9328.0,-5.04
9329.0,-5.19
9330.0,-5.02
9331.0,-5.02
9332.0,-5.46
9333.0,-5.08
9334.0,-5.13
9335.0,-5.25
9336.0,-5.37
9337.0,-5.07
9338.0,-5.19
9339.0,-5.07
9340.0,-5.12
9341.0,-5.720000000000001
9342.0,-5.07
9343.0,-5.38
9344.0,-5.02
9345.0,-5.01
9346.0,-5.04
9347.0,-5.86
9348.0,-5.430000000000001
9349.0,-5.51
9350.0,-5.470000000000001
9351.0,-5.2
9352.0,-5.34
9353.0,-5.73
9354.0,-5.3100000000000005
9355.0,-5.04
9356.0,-5.42
9357.0,-5.390000000000001
9358.0,-5.01
9359.0,-5.04
9360.0,-5.19
9361.0,-5.550000000000001
9362.0,-5.09
9363.0,-5.05
9364.0,-5.03
9365.0,-5.02
9366.0,4.289999999999999
9367.0,-5.1
9368.0,-5.02
9369.0,-1.0000000000000007
9370.0,-5.07
9371.0,-5.800000000000001
9372.0,-5.29
9373.0,-5.02
9374.0,-5.03
9375.0,-5.5200000000000005
9376.0,-5.12
9377.0,-5.08
9378.0,-5.32
9379.0,-5.12
9380.0,-5.4
9381.0,-5.24
9382.0,-5.11
9383.0,-5.16
9384.0,-5.02
9385.0,-5.11
9386.0,-5.04
9387.0,-5.01
9388.0,-5.05
9389.0,-5.24
9390.0,-5.46
9391.0,-5.02
9392.0,-5.13
9393.0,-5.02
9394.0,-5.13
9395.0,-5.07
9396.0,-5.5200000000000005
9397.0,-5.04
9398.0,-5.67
9399.0,-5.02
9400.0,-5.38
9401.0,-5.05
9402.0,-5.34
9403.0,-5.01
9404.0,-5.3
9405.0,-5.5600000000000005
9406.0,-5.3100000000000005
9407.0,-5.04
9408.0,-5.26
9409.0,-5.960000000000001
9410.0,-5.03
9411.0,-5.51
9412.0,-5.25
9413.0,-5.53
9414.0,-5.04
9415.0,-5.09
9416.0,-5.01
9417.0,-5.04
9418.0,-5.26
9419.0,-5.41
9420.0,-5.05
9421.0,-5.05
9422.0,-5.470000000000001
9423.0,-5.12
9424.0,-5.02
9425.0,-5.01
9426.0,-5.08
9427.0,-5.05
9428.0,-5.28
9429.0,-5.21
9430.0,-5.2700000000000005
9431.0,-5.07
9432.0,-5.5200000000000005
9433.0,-5.73
9434.0,-5.3100000000000005
9435.0,-5.54
9436.0,-5.1
9437.0,-5.25
9438.0,-5.07
9439.0,-5.790000000000001
9440.0,-5.03
9441.0,-5.06
9442.0,-5.33
9443.0,-5.45
9444.0,-5.37
9445.0,-5.01
9446.0,-5.24
9447.0,-5.2700000000000005
9448.0,-5.28
9449.0,-5.32
9450.0,-5.04
9451.0,-5.21
9452.0,-5.26
9453.0,-5.58
9454.0,-5.33
9455.0,-5.01
9456.0,-5.58
9457.0,-5.86
9458.0,-5.16
9459.0,-5.05
9460.0,-5.710000000000001
9461.0,-5.3500000000000005
9462.0,-5.32
9463.0,-5.26
9464.0,-5.67
9465.0,-5.61
9466.0,-5.09
9467.0,-5.32
9468.0,-5.1
9469.0,-5.17
9470.0,-5.34
9471.0,-5.01
9472.0,-5.37
9473.0,-1.0000000000000007
9474.0,-5.790000000000001
9475.0,-5.4
9476.0,-5.06
9477.0,-5.37
9478.0,-5.01
9479.0,-5.920000000000001
9480.0,-5.470000000000001
9481.0,-5.3500000000000005
9482.0,-5.12
9483.0,-5.01
9484.0,-5.2700000000000005
9485.0,-5.430000000000001
9486.0,-5.5
9487.0,-5.430000000000001
9488.0,-5.08
9489.0,-5.4
9490.0,-5.37
9491.0,-5.49
9492.0,-5.09
9493.0,-5.37
9494.0,-5.870000000000001
9495.0,-5.02
9496.0,-5.05
9497.0,-5.1
9498.0,-5.25
9499.0,-5.02
9500.0,-5.5
9501.0,-5.3100000000000005
9502.0,-5.48
9503.0,-5.19
9504.0,-5.42
9505.0,-5.32
9506.0,-5.05
9507.0,-5.470000000000001
9508.0,-5.23
9509.0,-5.33
9510.0,-5.13
9511.0,-5.59
9512.0,-5.4
9513.0,-5.54
9514.0,-5.430000000000001
9515.0,-5.960000000000001
9516.0,-5.12
9517.0,-5.11
9518.0,-5.03
9519.0,-5.42
9520.0,-5.04
9521.0,-5.41
9522.0,-5.3
9523.0,-5.2700000000000005
9524.0,-5.01
9525.0,-5.03
9526.0,-5.08
9527.0,-5.26
9528.0,-5.33
9529.0,-5.03
9530.0,-5.26
9531.0,-5.08
9532.0,-5.46
9533.0,-5.37
9534.0,-5.08
9535.0,-5.01
9536.0,-5.04
9537.0,-5.2
9538.0,-5.04
9539.0,-5.65
9540.0,-5.26
9541.0,-5.19
9542.0,-5.05
9543.0,-5.13
9544.0,-5.01
9545.0,-5.48
9546.0,-5.1
9547.0,-5.07
9548.0,-5.07
9549.0,-5.78
9550.0,-5.34
9551.0,-5.04
9552.0,-5.62
9553.0,-5.3
9554.0,-5.01
9555.0,-5.67
9556.0,-5.37
9557.0,-5.28
9558.0,-5.46
9559.0,-5.22
9560.0,-5.26
9561.0,-5.3
9562.0,-5.26
9563.0,-5.05
9564.0,-5.58
9565.0,-5.41
9566.0,-5.5600000000000005
9567.0,-5.34
9568.0,-5.05
9569.0,-5.01
9570.0,-5.03
9571.0,-5.1
9572.0,-5.44
9573.0,-5.19
9574.0,-5.720000000000001
9575.0,-5.12
9576.0,-5.07
9577.0,-5.3500000000000005
9578.0,-5.1
9579.0,-5.07
9580.0,-5.05
9581.0,-5.13
9582.0,-5.54
9583.0,-5.58
9584.0,-5.3500000000000005
9585.0,-5.29
9586.0,-5.32
9587.0,-5.37
9588.0,-5.17
9589.0,-5.07
9590.0,-5.58
9591.0,-5.38
9592.0,-5.02
9593.0,-5.21
9594.0,-5.2
9595.0,-5.37
9596.0,-5.17
9597.0,-5.23
9598.0,-5.67
9599.0,-5.12
9600.0,-5.28
9601.0,-5.16
9602.0,-5.18
9603.0,-5.41
9604.0,-5.73
9605.0,-5.23
9606.0,-5.04
9607.0,-5.32
9608.0,-5.24
9609.0,-5.41
9610.0,-5.21
9611.0,-5.24
9612.0,-5.470000000000001
9613.0,-5.04
9614.0,-5.58
9615.0,-5.54
9616.0,-5.29
9617.0,-1.0000000000000007
9618.0,-5.33
9619.0,-5.1
9620.0,-5.32
9621.0,-5.3100000000000005
9622.0,-5.21
9623.0,-5.08
9624.0,-5.26
9625.0,-5.04
9626.0,-5.2700000000000005
9627.0,-5.02
9628.0,-5.04
9629.0,-5.44
9630.0,-5.49
9631.0,-5.08
9632.0,-5.3100000000000005
9633.0,-5.08
9634.0,-5.3
9635.0,-5.02
9636.0,-5.1
9637.0,-5.06
9638.0,-5.28
9639.0,-5.09
9640.0,-5.06
9641.0,-5.06
9642.0,-5.01
9643.0,-5.2700000000000005
9644.0,-5.09
9645.0,-5.32
9646.0,-5.32
9647.0,-5.04
9648.0,-5.11
9649.0,-5.41
9650.0,-5.16
9651.0,-5.16
9652.0,-5.03
9653.0,-5.630000000000001
9654.0,-5.01
9655.0,-5.390000000000001
9656.0,-5.02
9657.0,-5.51
9658.0,-5.07
9659.0,-5.05
9660.0,-5.5
9661.0,-5.04
9662.0,-5.870000000000001
9663.0,-5.16
9664.0,-5.12
9665.0,-5.18
9666.0,-5.02
9667.0,-5.05
9668.0,-5.01
9669.0,-5.5200000000000005
9670.0,-5.04
9671.0,-5.02
9672.0,-5.19
9673.0,-5.2
9674.0,-5.38
9675.0,-5.02
9676.0,-5.34
9677.0,-5.390000000000001
9678.0,-5.07
9679.0,-5.58
9680.0,-5.01
9681.0,-5.01
9682.0,-5.3
9683.0,-5.04
9684.0,-5.33
9685.0,-1.0000000000000007
9686.0,-5.470000000000001
9687.0,-5.390000000000001
9688.0,-5.02
9689.0,-5.33
9690.0,4.31
9691.0,-5.03
9692.0,-5.42
9693.0,-5.05
9694.0,-5.37
9695.0,-5.38
9696.0,-5.42
9697.0,-5.04
9698.0,-5.470000000000001
9699.0,-5.38
9700.0,-5.16
9701.0,-5.07
9702.0,-5.48
9703.0,-5.25
9704.0,-5.3100000000000005
9705.0,-5.46
9706.0,-5.05
9707.0,-5.04
9708.0,-5.06
9709.0,-5.7
9710.0,-5.48
9711.0,-5.38
9712.0,-5.07
9713.0,-5.06
9714.0,-5.870000000000001
9715.0,-5.59
9716.0,-5.57
9717.0,-5.18
9718.0,-5.49
9719.0,-5.29
9720.0,-5.22
9721.0,-5.75
9722.0,-5.3100000000000005
9723.0,-5.06
9724.0,-5.02
9725.0,-5.08
9726.0,-5.18
9727.0,-5.390000000000001
9728.0,-5.12
9729.0,-5.680000000000001
9730.0,-5.02
9731.0,-5.28
9732.0,-5.23
9733.0,-5.59
9734.0,-5.53
9735.0,-5.8100000000000005
9736.0,-5.2
9737.0,-5.59
9738.0,-5.01
9739.0,-5.34
9740.0,-5.16
9741.0,-5.02
9742.0,-5.38
9743.0,-5.880000000000001
9744.0,-5.4
9745.0,-5.1
9746.0,-5.46
9747.0,-5.26
9748.0,-5.26
9749.0,-5.01
9750.0,-5.25
9751.0,-5.960000000000001
9752.0,-1.0000000000000007
9753.0,-5.51
9754.0,-5.550000000000001
9755.0,-5.66
9756.0,-5.2
9757.0,4.14
9758.0,-5.02
9759.0,-5.16
9760.0,-5.21
9761.0,-5.23
9762.0,-5.11
9763.0,-5.02
9764.0,-5.34
9765.0,-5.42
9766.0,-5.11
9767.0,-5.34
9768.0,-5.08
9769.0,-5.37
9770.0,-5.03
9771.0,-5.16
9772.0,-5.08
9773.0,-5.67
9774.0,-5.15
9775.0,-5.01
9776.0,-5.36
9777.0,-5.04
9778.0,-5.01
9779.0,-5.800000000000001
9780.0,-5.13
9781.0,-5.62
9782.0,-5.25
9783.0,-5.03
9784.0,-5.5600000000000005
9785.0,-5.05
9786.0,-5.41
9787.0,-5.61
9788.0,-5.29
9789.0,-5.34
9790.0,-5.02
9791.0,-5.59
9792.0,-5.04
9793.0,-5.07
9794.0,-5.17
9795.0,-5.01
9796.0,-5.19
9797.0,-5.16
9798.0,-5.36
9799.0,-5.05
9800.0,-1.0000000000000007
9801.0,-5.3
9802.0,-5.04
9803.0,-5.03
9804.0,-5.73
9805.0,-5.23
9806.0,-5.02
9807.0,-5.29
9808.0,-5.51
9809.0,-5.66
9810.0,-5.01
9811.0,-5.51
9812.0,-5.12
9813.0,-5.430000000000001
9814.0,-5.760000000000001
9815.0,-5.12
9816.0,-5.3
9817.0,-5.23
9818.0,-5.11
9819.0,-5.99
9820.0,-5.51
9821.0,-5.37
9822.0,-5.51
9823.0,-5.57
9824.0,-5.16
9825.0,-5.14
9826.0,-5.07
9827.0,-5.13
9828.0,-5.02
9829.0,-5.45
9830.0,-5.16
9831.0,-5.25
9832.0,-5.12
9833.0,-5.29
9834.0,-5.2700000000000005
9835.0,-5.25
9836.0,-5.1
9837.0,-5.24
9838.0,-1.0000000000000007
9839.0,-5.29
9840.0,-5.6000000000000005
9841.0,-5.07
9842.0,-5.05
9843.0,-5.1
9844.0,-5.25
9845.0,-5.01
9846.0,-5.630000000000001
9847.0,-5.1
9848.0,-5.01
9849.0,-5.34
9850.0,-5.24
9851.0,-5.16
9852.0,-5.18
9853.0,-5.45
9854.0,-5.04
9855.0,-5.02
9856.0,-5.02
9857.0,-5.430000000000001
9858.0,-5.05
9859.0,-5.38
9860.0,-5.550000000000001
9861.0,-5.18
9862.0,-5.04
9863.0,-5.54
9864.0,-5.02
9865.0,-5.36
9866.0,-5.38
9867.0,-5.06
9868.0,-5.390000000000001
9869.0,-5.09
9870.0,-5.05
9871.0,-5.13
9872.0,-5.08
9873.0,-5.04
9874.0,-5.28
9875.0,-5.29
9876.0,-5.3100000000000005
9877.0,-5.62
9878.0,-5.02
9879.0,-5.15
9880.0,-5.29
9881.0,-5.46
9882.0,-5.07
9883.0,-5.01
9884.0,-5.01
9885.0,-5.07
9886.0,-5.4
9887.0,-5.2
9888.0,-5.3500000000000005
9889.0,-5.48
9890.0,-5.22
9891.0,-5.4
9892.0,-5.720000000000001
9893.0,-5.02
9894.0,-5.04
9895.0,-5.470000000000001
9896.0,-5.45
9897.0,-5.18
9898.0,-5.760000000000001
9899.0,-5.03
9900.0,-5.25
9901.0,-5.06
9902.0,-5.11
9903.0,-5.15
9904.0,-5.04
9905.0,-5.13
9906.0,-5.48
9907.0,-5.04
9908.0,-5.23
9909.0,-5.07
9910.0,-5.36
9911.0,-5.3
9912.0,-5.16
9913.0,-5.02
9914.0,-5.12
9915.0,-5.08
9916.0,-5.02
9917.0,-5.13
9918.0,-5.69
9919.0,-5.44
9920.0,-5.29
9921.0,-5.48
9922.0,-5.13
9923.0,-5.870000000000001
9924.0,-5.04
9925.0,-5.6000000000000005
9926.0,-5.4
9927.0,-5.16
9928.0,-5.54
9929.0,-5.02
9930.0,-5.36
9931.0,-5.01
9932.0,-5.3
9933.0,-5.06
9934.0,-5.03
9935.0,-5.04
9936.0,-5.42
9937.0,-5.5
9938.0,-5.23
9939.0,-5.04
9940.0,-5.07
9941.0,-5.54
9942.0,-5.33
9943.0,-5.04
9944.0,-5.04
9945.0,-5.02
9946.0,-5.37
9947.0,-5.5
9948.0,-5.04
9949.0,-5.51
9950.0,-5.01
9951.0,-5.09
9952.0,-5.02
9953.0,-5.36
9954.0,-5.18
9955.0,-5.42
9956.0,-5.29
9957.0,-5.23
9958.0,-5.08
9959.0,-5.07
9960.0,-5.22
9961.0,-5.5600000000000005
9962.0,-5.23
9963.0,-5.19
9964.0,-5.44
9965.0,-5.2700000000000005
9966.0,-5.22
9967.0,-5.59
9968.0,-5.06
9969.0,-5.09
9970.0,-5.49
9971.0,-5.3
9972.0,-5.03
9973.0,-5.05
9974.0,-5.02
9975.0,-5.29
9976.0,-5.25
9977.0,-5.21
9978.0,-5.07
9979.0,-5.36
9980.0,-5.02
9981.0,-5.04
9982.0,-5.11
9983.0,-5.03
9984.0,-5.07
9985.0,-5.32
9986.0,-5.03
9987.0,-5.26
9988.0,-5.08
9989.0,-5.2700000000000005
9990.0,-5.05
9991.0,-5.09
9992.0,-5.11
9993.0,-5.02
9994.0,-5.430000000000001
9995.0,-5.21
9996.0,-5.14
9997.0,-5.02
9998.0,-5.1
9999.0,-5.3100000000000005
10000.0,-5.57
10001.0,-5.46
10002.0,-5.38
10003.0,-5.470000000000001
10004.0,-5.07
10005.0,-5.45
10006.0,-5.06
10007.0,-5.02
10008.0,-5.01
10009.0,-5.04
10010.0,-5.33
10011.0,-5.23
10012.0,-5.15
10013.0,-5.29
10014.0,-5.16
10015.0,-5.01
10016.0,-5.2
10017.0,-5.22
10018.0,-5.24
10019.0,-5.02
10020.0,-5.33
10021.0,-5.05
10022.0,-5.16
10023.0,-5.19
10024.0,-5.04
10025.0,-5.54
10026.0,-5.390000000000001
10027.0,-5.09
10028.0,-5.02
10029.0,-5.32
10030.0,-5.5200000000000005
10031.0,-5.86
10032.0,-5.34
10033.0,-5.25
10034.0,-5.3100000000000005
10035.0,-5.33
10036.0,-5.640000000000001
10037.0,-5.03
10038.0,-5.17
10039.0,-5.04
10040.0,-5.02
10041.0,-5.02
10042.0,-5.08
10043.0,-5.03
10044.0,-5.26
10045.0,-5.3
10046.0,-5.02
10047.0,-5.04
10048.0,-5.78
10049.0,-5.390000000000001
10050.0,-1.0000000000000007
10051.0,-5.36
10052.0,-5.23
10053.0,-5.42
10054.0,-5.22
10055.0,-5.22
10056.0,-5.37
10057.0,-5.07
10058.0,-5.48
10059.0,-5.69
10060.0,-5.8500000000000005
10061.0,-5.19
10062.0,-5.430000000000001
10063.0,-5.06
10064.0,-5.04
10065.0,-5.09
10066.0,-5.01
10067.0,-5.1
10068.0,-5.09
10069.0,-5.11
10070.0,-5.22
10071.0,-5.04
10072.0,-5.2700000000000005
10073.0,-5.07
10074.0,-5.28
10075.0,-5.32
10076.0,-5.32
10077.0,-5.02
10078.0,-5.15
10079.0,-5.04
10080.0,-5.19
10081.0,-5.03
10082.0,-5.41
10083.0,-5.2700000000000005
10084.0,-5.3500000000000005
10085.0,-5.13
10086.0,-5.08
10087.0,-5.07
10088.0,-5.3100000000000005
10089.0,-5.2700000000000005
10090.0,-5.13
10091.0,-5.38
10092.0,-5.3
10093.0,-5.2700000000000005
10094.0,-5.03
10095.0,-5.02
10096.0,-5.05
10097.0,-5.58
10098.0,-5.02
10099.0,-5.390000000000001
10100.0,-5.09
10101.0,-5.550000000000001
10102.0,-5.14
10103.0,-5.03
10104.0,-5.22
10105.0,-5.34
10106.0,-5.04
10107.0,-5.3100000000000005
10108.0,-5.06
10109.0,-5.62
10110.0,-5.24
10111.0,-5.03
10112.0,-5.05
10113.0,-5.1
10114.0,-5.36
10115.0,-5.5600000000000005
10116.0,-5.01
10117.0,-5.37
10118.0,-5.3
10119.0,-5.25
10120.0,-5.710000000000001
10121.0,-5.13
10122.0,-5.24
10123.0,-5.34
10124.0,-5.82
10125.0,-5.390000000000001
10126.0,-5.16
10127.0,-5.05
10128.0,-1.0000000000000007
10129.0,-5.15
10130.0,-5.02
10131.0,-5.760000000000001
10132.0,-5.3100000000000005
10133.0,-5.4
10134.0,-5.02
10135.0,-5.05
10136.0,-5.83
10137.0,-5.03
10138.0,-5.550000000000001
10139.0,-5.01
10140.0,-5.01
10141.0,-5.05
10142.0,-5.73
10143.0,-5.21
10144.0,-5.04
10145.0,-5.29
10146.0,-5.01
10147.0,-5.25
10148.0,-5.45
10149.0,-5.3
10150.0,-5.01
10151.0,-5.04
10152.0,-5.06
10153.0,-5.08
10154.0,-5.5
10155.0,-5.06
10156.0,-5.75
10157.0,-5.04
10158.0,-5.22
10159.0,-5.03
10160.0,-5.04
10161.0,-5.67
10162.0,-5.05
10163.0,-5.06
10164.0,-5.17
10165.0,-5.34
10166.0,-5.3500000000000005
10167.0,-5.21
10168.0,4.159999999999999
10169.0,-5.29
10170.0,-5.25
10171.0,-5.550000000000001
10172.0,-5.7
10173.0,-5.02
10174.0,-5.03
10175.0,-5.02
10176.0,-5.02
10177.0,-5.02
10178.0,-1.0000000000000007
10179.0,-5.02
10180.0,-5.03
10181.0,-5.3
10182.0,-5.04
10183.0,-5.760000000000001
10184.0,-5.13
10185.0,-5.09
10186.0,-5.38
10187.0,-5.24
10188.0,-5.58
10189.0,-5.470000000000001
10190.0,-5.11
10191.0,-5.04
10192.0,-5.33
10193.0,-5.950000000000001
10194.0,-5.02
10195.0,-5.7
10196.0,-5.23
10197.0,-5.37
10198.0,-5.720000000000001
10199.0,-5.890000000000001
10200.0,-5.78
10201.0,-5.470000000000001
10202.0,-5.5200000000000005
10203.0,-5.16
10204.0,-5.5200000000000005
10205.0,-5.640000000000001
10206.0,-5.5200000000000005
10207.0,-5.16
10208.0,-5.29
10209.0,-5.58
10210.0,-5.03
10211.0,-5.11
10212.0,-5.08
10213.0,-5.16
10214.0,-5.3
10215.0,-5.02
10216.0,-5.09
10217.0,-5.41
10218.0,-5.07
10219.0,-5.4
10220.0,-5.03
10221.0,-5.3500000000000005
10222.0,-5.91
10223.0,-5.25
10224.0,-5.11
10225.0,-5.28
10226.0,-5.44
10227.0,-1.0000000000000007
10228.0,-5.33
10229.0,-5.5
10230.0,-5.18
10231.0,-5.2700000000000005
10232.0,-5.2
10233.0,-5.08
10234.0,-5.32
10235.0,-5.3
10236.0,-5.02
10237.0,-5.62
10238.0,-5.09
10239.0,-5.78
10240.0,-5.07
10241.0,-5.01
10242.0,-5.16
10243.0,-5.28
10244.0,-5.02
10245.0,-5.06
10246.0,-5.04
10247.0,-5.22
10248.0,-5.02
10249.0,-5.3500000000000005
10250.0,-5.3
10251.0,-5.11
10252.0,-5.41
10253.0,-5.03
10254.0,-5.3100000000000005
10255.0,-5.94
10256.0,-5.07
10257.0,-5.5
10258.0,-5.32
10259.0,-5.03
10260.0,-5.04
10261.0,-5.03
10262.0,-5.09
10263.0,-5.04
10264.0,-5.3500000000000005
10265.0,-5.960000000000001
10266.0,-5.57
10267.0,-5.54
10268.0,-5.05
10269.0,-5.34
10270.0,-5.15
10271.0,-5.04
10272.0,-5.05
10273.0,-5.630000000000001
10274.0,-5.42
10275.0,-5.03
10276.0,-5.61
10277.0,-5.09
10278.0,-5.05
10279.0,-5.390000000000001
10280.0,-5.870000000000001
10281.0,-5.02
10282.0,-5.07
10283.0,-5.33
10284.0,-5.06
10285.0,-5.07
10286.0,-5.02
10287.0,-5.19
10288.0,-5.24
10289.0,-5.38
10290.0,-5.02
10291.0,-5.11
10292.0,-5.11
10293.0,-5.9
10294.0,-5.08
10295.0,-5.22
10296.0,4.31
10297.0,-5.02
10298.0,-5.04
10299.0,-5.11
10300.0,-5.640000000000001
10301.0,-5.36
10302.0,-5.3100000000000005
10303.0,-5.15
10304.0,-5.48
10305.0,-5.62
10306.0,-5.4
10307.0,-5.02
10308.0,-5.45
10309.0,-5.34
10310.0,-5.630000000000001
10311.0,-5.720000000000001
10312.0,-5.22
10313.0,-5.62
10314.0,-5.36
10315.0,-5.59
10316.0,-5.41
10317.0,-5.37
10318.0,-5.51
10319.0,-5.26
10320.0,-5.54
10321.0,-5.08
10322.0,-5.16
10323.0,-5.83
10324.0,-5.03
10325.0,-5.7700000000000005
10326.0,-5.23
10327.0,-5.08
10328.0,-5.03
10329.0,-5.01
10330.0,-5.34
10331.0,-5.12
10332.0,-5.03
10333.0,-5.09
10334.0,-5.4
10335.0,-5.03
10336.0,-5.11
10337.0,-5.03
10338.0,-5.13
10339.0,-5.37
10340.0,-5.11
10341.0,-5.05
10342.0,-5.58
10343.0,-5.05
10344.0,-5.11
10345.0,-5.11
10346.0,-1.0000000000000007
10347.0,-5.21
10348.0,-5.390000000000001
10349.0,-5.24
10350.0,-5.36
10351.0,-5.34
10352.0,-5.38
10353.0,-5.74
10354.0,-5.44
10355.0,-5.06
10356.0,-5.16
10357.0,-5.23
10358.0,-5.2700000000000005
10359.0,-5.48
10360.0,-5.19
10361.0,-5.28
10362.0,-5.2700000000000005
10363.0,-5.5
10364.0,-5.09
10365.0,-5.18
10366.0,-5.08
10367.0,-5.470000000000001
10368.0,-5.18
10369.0,-5.3100000000000005
10370.0,-5.16
10371.0,-5.25
10372.0,-5.24
10373.0,-5.49
10374.0,-5.2700000000000005
10375.0,-5.470000000000001
10376.0,-5.19
10377.0,-5.2
10378.0,-5.12
10379.0,-5.33
10380.0,-5.15
10381.0,4.029999999999999
10382.0,-5.3500000000000005
10383.0,-5.9
10384.0,-5.18
10385.0,-5.2
10386.0,-5.5600000000000005
10387.0,-5.07
10388.0,-5.24
10389.0,-5.06
10390.0,-5.45
10391.0,-5.03
10392.0,-5.45
10393.0,-5.24
10394.0,-5.38
10395.0,-5.32
10396.0,-5.06
10397.0,-5.6000000000000005
10398.0,-5.05
10399.0,-5.550000000000001
10400.0,-5.01
10401.0,-5.37
10402.0,-5.4
10403.0,-5.36
10404.0,-5.82
10405.0,-5.15
10406.0,-5.28
10407.0,-5.1
10408.0,-5.29
10409.0,-5.09
10410.0,-5.1
10411.0,-5.49
10412.0,-5.09
10413.0,-5.54
10414.0,-5.34
10415.0,-5.06
10416.0,-5.03
10417.0,-5.02
10418.0,-5.58
10419.0,-5.9
10420.0,-5.34
10421.0,-5.36
10422.0,-5.28
10423.0,-5.21
10424.0,-5.58
10425.0,-1.0000000000000007
10426.0,-5.05
10427.0,-5.34
10428.0,-5.3500000000000005
10429.0,-5.18
10430.0,-5.32
10431.0,-5.29
10432.0,-5.21
10433.0,-5.04
10434.0,-5.36
10435.0,-5.07
10436.0,-5.02
10437.0,-5.3500000000000005
10438.0,-5.23
10439.0,-5.24
10440.0,-5.12
10441.0,-5.58
10442.0,-5.01
10443.0,-5.25
10444.0,-5.390000000000001
10445.0,-5.48
10446.0,-5.42
10447.0,-5.05
10448.0,-5.04
10449.0,-5.14
10450.0,-5.04
10451.0,-5.02
10452.0,-5.680000000000001
10453.0,-5.29
10454.0,-5.02
10455.0,-5.09
10456.0,-5.03
10457.0,4.569999999999999
10458.0,-5.49
10459.0,-5.07
10460.0,-5.41
10461.0,-5.03
10462.0,-5.26
10463.0,-5.22
10464.0,-5.04
10465.0,-5.03
10466.0,-5.430000000000001
10467.0,-5.05
10468.0,-5.04
10469.0,-5.48
10470.0,-5.29
10471.0,-5.11
10472.0,-5.02
10473.0,-5.51
10474.0,-5.06
10475.0,-5.08
10476.0,-5.32
10477.0,-5.3100000000000005
10478.0,-5.24
10479.0,-5.14
10480.0,-5.59
10481.0,-5.11
10482.0,-5.05
10483.0,-5.78
10484.0,-5.29
10485.0,-5.03
10486.0,-5.06
10487.0,-5.3
10488.0,-5.09
10489.0,-5.5200000000000005
10490.0,-5.17
10491.0,-5.3
10492.0,-5.630000000000001
10493.0,-5.08
10494.0,-5.33
10495.0,-5.26
10496.0,-5.04
10497.0,-5.3100000000000005
10498.0,-5.48
10499.0,-5.06
10500.0,-5.62
10501.0,-5.550000000000001
10502.0,-5.640000000000001
10503.0,-5.59
10504.0,-5.760000000000001
10505.0,-5.09
10506.0,-5.640000000000001
10507.0,-5.2700000000000005
10508.0,-5.36
10509.0,-5.48
10510.0,-5.37
10511.0,-5.86
10512.0,-5.470000000000001
10513.0,-5.51
10514.0,-5.02
10515.0,-5.6000000000000005
10516.0,-5.2700000000000005
10517.0,-5.33
10518.0,-5.06
10519.0,-5.04
10520.0,-5.21
10521.0,-5.21
10522.0,-5.61
10523.0,-5.38
10524.0,-5.48
10525.0,-5.29
10526.0,-5.1
10527.0,-5.02
10528.0,-5.03
10529.0,-5.15
10530.0,-5.430000000000001
10531.0,-5.33
10532.0,-5.28
10533.0,-5.7
10534.0,-5.640000000000001
10535.0,-5.54
10536.0,-5.08
10537.0,-5.5600000000000005
10538.0,-5.29
10539.0,4.2299999999999995
10540.0,-5.03
10541.0,-5.03
10542.0,-5.26
10543.0,-5.28
10544.0,-5.02
10545.0,-5.04
10546.0,-5.3500000000000005
10547.0,-5.28
10548.0,-5.390000000000001
10549.0,-5.08
10550.0,-5.21
10551.0,-5.41
10552.0,-5.390000000000001
10553.0,-5.06
10554.0,-5.34
10555.0,-5.02
10556.0,-5.01
10557.0,-5.8100000000000005
10558.0,-5.38
10559.0,-5.04
10560.0,-5.22
10561.0,-5.06
10562.0,-5.02
10563.0,-5.04
10564.0,-5.73
10565.0,-5.26
10566.0,-5.04
10567.0,-5.3
10568.0,4.39
10569.0,-5.3
10570.0,-5.17
10571.0,-5.06
10572.0,-5.34
10573.0,-5.23
10574.0,-5.09
10575.0,-5.29
10576.0,-5.74
10577.0,-5.02
10578.0,-5.5
10579.0,-5.44
10580.0,-5.22
10581.0,-5.17
10582.0,-5.08
10583.0,-5.17
10584.0,-5.28
10585.0,-5.22
10586.0,-5.16
10587.0,-5.04
10588.0,-5.28
10589.0,-5.42
10590.0,-1.0000000000000007
10591.0,-5.46
10592.0,-5.36
10593.0,-5.29
10594.0,-5.17
10595.0,-5.2700000000000005
10596.0,-5.36
10597.0,-5.23
10598.0,-5.33
10599.0,-5.61
10600.0,-1.0000000000000007
10601.0,-5.59
10602.0,-5.790000000000001
10603.0,-5.03
10604.0,-5.01
10605.0,4.319999999999999
10606.0,-5.26
10607.0,-5.430000000000001
10608.0,-5.32
10609.0,-5.29
10610.0,-5.32
10611.0,-5.66
10612.0,-5.25
10613.0,-5.32
10614.0,-5.02
10615.0,-5.3
10616.0,-5.29
10617.0,-5.05
10618.0,-5.24
10619.0,-5.01
10620.0,-5.28
10621.0,-5.04
10622.0,-5.29
10623.0,-5.08
10624.0,-5.18
10625.0,-5.3100000000000005
10626.0,-5.3100000000000005
10627.0,-5.32
10628.0,-5.42
10629.0,-5.45
10630.0,-5.45
10631.0,-5.36
10632.0,-5.06
10633.0,-5.19
10634.0,-5.91
10635.0,-5.19
10636.0,-5.02
10637.0,-5.21
10638.0,-5.1
10639.0,-5.53
10640.0,-5.26
10641.0,-5.01
10642.0,4.06
10643.0,-5.19
10644.0,-5.5
10645.0,-5.01
10646.0,-5.36
10647.0,-5.05
10648.0,-5.04
10649.0,-5.390000000000001
10650.0,-5.38
10651.0,-5.07
10652.0,-5.36
10653.0,-5.25
10654.0,-5.54
10655.0,-5.41
10656.0,-5.05
10657.0,-5.32
10658.0,-5.2700000000000005
10659.0,-5.17
10660.0,-5.28
10661.0,-5.02
10662.0,-5.02
10663.0,-5.04
10664.0,-5.24
10665.0,-5.41
10666.0,-5.48
10667.0,-5.470000000000001
10668.0,-5.21
10669.0,-5.08
10670.0,-5.680000000000001
10671.0,-5.21
10672.0,-5.2
10673.0,-5.3500000000000005
10674.0,-5.16
10675.0,-5.15
10676.0,-5.1
10677.0,-5.91
10678.0,-5.33
10679.0,-5.720000000000001
10680.0,-5.23
10681.0,-5.29
10682.0,-5.05
10683.0,-5.54
10684.0,-5.5
10685.0,-5.45
10686.0,-5.38
10687.0,-5.4
10688.0,-5.29
10689.0,-5.48
10690.0,-5.38
10691.0,-5.2
10692.0,-5.15
10693.0,-5.3500000000000005
10694.0,-5.390000000000001
10695.0,-5.49
10696.0,-5.12
10697.0,-5.02
10698.0,-5.470000000000001
10699.0,-5.390000000000001
10700.0,-5.45
10701.0,-5.06
10702.0,-5.01
10703.0,-5.960000000000001
10704.0,-5.15
10705.0,-5.8500000000000005
10706.0,-5.03
10707.0,-5.37
10708.0,-5.430000000000001
10709.0,-5.69
10710.0,-5.01
10711.0,-5.02
10712.0,-5.37
10713.0,-5.5
10714.0,-5.1
10715.0,-5.12
10716.0,-5.23
10717.0,-5.05
10718.0,-5.04
10719.0,-5.45
10720.0,-5.3100000000000005
10721.0,-5.37
10722.0,-5.21
10723.0,-5.2700000000000005
10724.0,-5.48
10725.0,-5.45
10726.0,-5.01
10727.0,-5.37
10728.0,-5.74
10729.0,-5.04
10730.0,-5.02
10731.0,-5.19
10732.0,-5.02
10733.0,-5.720000000000001
10734.0,-5.38
10735.0,-5.5200000000000005
10736.0,-5.22
10737.0,-5.36
10738.0,-5.06
10739.0,-5.02
10740.0,-5.42
10741.0,-5.22
10742.0,-5.06
10743.0,-5.4
10744.0,-5.42
10745.0,-5.41
10746.0,-5.02
10747.0,-5.05
10748.0,-5.04
10749.0,-5.37
10750.0,-5.02
10751.0,-5.24
10752.0,-5.28
10753.0,-5.21
10754.0,-5.19
10755.0,-5.13
10756.0,-5.05
10757.0,-5.28
10758.0,-5.06
10759.0,-5.3100000000000005
10760.0,-5.18
10761.0,-5.34
10762.0,-5.11
10763.0,-5.02
10764.0,-5.04
10765.0,-5.46
10766.0,4.069999999999999
10767.0,-5.07
10768.0,-5.42
10769.0,-5.58
10770.0,-5.03
10771.0,-5.04
10772.0,-5.3100000000000005
10773.0,-5.2
10774.0,-5.550000000000001
10775.0,-5.2
10776.0,-5.04
10777.0,-5.09
10778.0,-5.02
10779.0,-5.25
10780.0,-5.470000000000001
10781.0,-5.18
10782.0,-5.25
10783.0,-5.07
10784.0,-5.42
10785.0,-5.29
10786.0,-5.14
10787.0,-5.07
10788.0,-5.390000000000001
10789.0,-5.3500000000000005
10790.0,-5.03
10791.0,-5.14
10792.0,-5.07
10793.0,-5.09
10794.0,4.209999999999999
10795.0,-5.21
10796.0,-5.02
10797.0,-5.41
10798.0,-5.22
10799.0,4.109999999999999
10800.0,-5.3
10801.0,-5.09
10802.0,-5.03
10803.0,-5.34
10804.0,-5.5
10805.0,-5.4
10806.0,-5.04
10807.0,-5.5600000000000005
10808.0,-5.01
10809.0,-5.37
10810.0,-5.48
10811.0,-5.24
10812.0,-5.19
10813.0,-5.26
10814.0,-5.09
10815.0,-5.34
10816.0,-5.25
10817.0,-5.37
10818.0,-5.11
10819.0,-5.21
10820.0,-5.01
10821.0,-5.49
10822.0,-5.38
10823.0,-5.02
10824.0,-5.38
10825.0,-5.01
10826.0,-5.16
10827.0,-5.24
10828.0,-5.23
10829.0,-5.29
10830.0,-5.14
10831.0,-5.23
10832.0,-5.5600000000000005
10833.0,-5.37
10834.0,-5.3500000000000005
10835.0,-5.2700000000000005
10836.0,-5.01
10837.0,-5.04
10838.0,-5.33
10839.0,-5.34
10840.0,-5.54
10841.0,-5.430000000000001
10842.0,-5.06
10843.0,-5.06
10844.0,-5.2700000000000005
10845.0,-5.45
10846.0,-5.02
10847.0,-5.03
10848.0,-5.51
10849.0,-5.24
10850.0,-5.550000000000001
10851.0,-5.2
10852.0,-5.05
10853.0,-5.1
10854.0,-5.38
10855.0,-5.12
10856.0,-5.04
10857.0,-5.26
10858.0,-5.03
10859.0,-5.16
10860.0,-5.09
10861.0,-5.24
10862.0,-5.03
10863.0,-5.11
10864.0,-5.03
10865.0,-5.49
10866.0,-5.5200000000000005
10867.0,-5.02
10868.0,-5.06
10869.0,-5.67
10870.0,-5.49
10871.0,-5.16
10872.0,-5.83
10873.0,-5.51
10874.0,-5.03
10875.0,-5.12
10876.0,-5.36
10877.0,-5.3500000000000005
10878.0,-5.06
10879.0,-5.2
10880.0,-5.04
10881.0,-5.36
10882.0,-5.24
10883.0,-5.04
10884.0,-5.07
10885.0,-5.03
10886.0,-5.19
10887.0,-5.390000000000001
10888.0,-5.5200000000000005
10889.0,-5.03
10890.0,-5.46
10891.0,-5.3500000000000005
10892.0,-5.02
10893.0,-5.5
10894.0,-5.08
10895.0,4.2299999999999995
10896.0,-5.02
10897.0,-5.430000000000001
10898.0,-5.03
10899.0,-5.01
10900.0,-5.33
10901.0,-5.32
10902.0,-5.02
10903.0,-5.36
10904.0,-5.65
10905.0,-5.12
10906.0,-5.430000000000001
10907.0,-5.02
10908.0,-1.0000000000000007
10909.0,-5.02
10910.0,-5.59
10911.0,-5.1
10912.0,-5.04
10913.0,-5.25
10914.0,-5.03
10915.0,4.039999999999999
10916.0,-5.61
10917.0,-5.04
10918.0,-5.1
10919.0,-5.2
10920.0,-5.02
10921.0,-5.05
10922.0,-5.1
10923.0,-5.19
10924.0,-5.3100000000000005
10925.0,-5.23
10926.0,-5.5
10927.0,-5.5200000000000005
10928.0,-5.02
10929.0,-5.03
10930.0,-5.470000000000001
10931.0,-5.09
10932.0,-5.23
10933.0,-5.23
10934.0,-5.23
10935.0,-5.22
10936.0,-5.16
10937.0,-5.02
10938.0,-5.04
10939.0,-5.03
10940.0,-5.05
10941.0,-5.02
10942.0,-5.34
10943.0,4.22
10944.0,-5.41
10945.0,-5.430000000000001
10946.0,-5.4
10947.0,-5.03
10948.0,-5.49
10949.0,-5.23
10950.0,-5.13
10951.0,-5.5
10952.0,-5.18
10953.0,-5.3500000000000005
10954.0,-5.75
10955.0,-5.03
10956.0,-5.58
10957.0,-5.28
10958.0,-5.54
10959.0,-5.34
10960.0,-5.46
10961.0,-5.02
10962.0,-5.51
10963.0,-5.01
10964.0,-5.36
10965.0,-5.57
10966.0,-5.41
10967.0,-5.02
10968.0,-5.5
10969.0,-5.58
10970.0,-5.38
10971.0,-5.04
10972.0,-5.62
10973.0,-5.32
10974.0,-5.05
10975.0,-5.16
10976.0,-5.760000000000001
10977.0,-5.53
10978.0,-5.01
10979.0,-5.29
10980.0,-5.24
10981.0,-5.05
10982.0,-5.720000000000001
10983.0,-5.07
10984.0,-5.65
10985.0,-5.14
10986.0,-5.15
10987.0,-5.760000000000001
10988.0,-5.02
10989.0,-5.01
10990.0,-5.1
10991.0,-5.390000000000001
10992.0,-5.46
10993.0,-5.02
10994.0,-5.14
10995.0,-5.01
10996.0,-5.13
10997.0,-5.42
10998.0,-5.01
10999.0,-5.01
11000.0,-5.04
11001.0,-5.29
11002.0,-5.2
11003.0,-5.06
11004.0,4.289999999999999
11005.0,-5.5200000000000005
11006.0,-5.28
11007.0,-5.73
11008.0,-5.2
11009.0,-5.65
11010.0,4.069999999999999
11011.0,-5.06
11012.0,-5.37
11013.0,-5.36
11014.0,-5.62
11015.0,-5.11
11016.0,-5.1
11017.0,-5.49
11018.0,-5.01
11019.0,-5.3
11020.0,-5.470000000000001
11021.0,-5.44
11022.0,-5.38
11023.0,-5.02
11024.0,-5.18
11025.0,-1.0000000000000007
11026.0,-5.46
11027.0,-5.61
11028.0,-5.3
11029.0,-5.3
11030.0,-5.24
11031.0,-5.22
11032.0,-5.25
11033.0,-5.01
11034.0,-5.51
11035.0,-5.46
11036.0,4.33
11037.0,-5.08
11038.0,-5.28
11039.0,-5.44
11040.0,-5.11
11041.0,-5.42
11042.0,-5.02
11043.0,-5.42
11044.0,-5.02
11045.0,-5.04
11046.0,-5.07
11047.0,-5.08
11048.0,-5.02
11049.0,-5.67
11050.0,-5.01
11051.0,-5.08
11052.0,-5.26
11053.0,-5.21
11054.0,-5.28
11055.0,4.129999999999999
11056.0,-5.02
11057.0,-1.0000000000000007
11058.0,4.41
11059.0,-5.07
11060.0,-5.7
11061.0,-5.11
11062.0,-5.22
11063.0,-5.3100000000000005
11064.0,-5.2
11065.0,-5.32
11066.0,-5.2
11067.0,-5.25
11068.0,-5.34
11069.0,-5.05
11070.0,-5.19
11071.0,-5.12
11072.0,-5.21
11073.0,-5.18
11074.0,-5.390000000000001
11075.0,-5.630000000000001
11076.0,-5.21
11077.0,-5.21
11078.0,-5.11
11079.0,-5.550000000000001
11080.0,-5.04
11081.0,-5.66
11082.0,-5.5600000000000005
11083.0,-5.06
11084.0,-5.680000000000001
11085.0,-5.07
11086.0,-5.34
11087.0,-5.32
11088.0,-5.2700000000000005
11089.0,-5.25
11090.0,-5.21
11091.0,-5.28
11092.0,-5.44
11093.0,-5.32
11094.0,-5.38
11095.0,-5.24
11096.0,-5.38
11097.0,-5.29
11098.0,-5.08
11099.0,-5.2700000000000005
11100.0,-5.26
11101.0,-5.6000000000000005
11102.0,-5.45
11103.0,-5.23
11104.0,-5.02
11105.0,-5.04
11106.0,-5.02
11107.0,-5.69
11108.0,-5.38
11109.0,-5.36
11110.0,-5.33
11111.0,-5.15
11112.0,-5.58
11113.0,-5.5
11114.0,-5.42
11115.0,-5.05
11116.0,-5.49
11117.0,-5.02
11118.0,-5.25
11119.0,-5.33
11120.0,-5.04
11121.0,-5.26
11122.0,-5.03
11123.0,-5.5200000000000005
11124.0,-5.14
11125.0,-1.0000000000000007
11126.0,-5.01
11127.0,-5.12
11128.0,-5.06
11129.0,4.359999999999999
11130.0,-5.61
11131.0,-5.28
11132.0,4.079999999999999
11133.0,4.239999999999999
11134.0,-5.5
11135.0,-5.51
11136.0,-5.86
11137.0,-5.5
11138.0,-5.3100000000000005
11139.0,-5.21
11140.0,-5.02
11141.0,-5.430000000000001
11142.0,-5.09
11143.0,-5.24
11144.0,-5.02
11145.0,-5.02
11146.0,-5.26
11147.0,4.17
11148.0,-5.07
11149.0,-5.02
11150.0,-5.34
11151.0,-5.42
11152.0,-5.470000000000001
11153.0,-5.2700000000000005
11154.0,-5.22
11155.0,-5.01
11156.0,-5.04
11157.0,-5.5
11158.0,-5.18
11159.0,-5.390000000000001
11160.0,-5.05
11161.0,-5.03
11162.0,-5.1
11163.0,-5.1
11164.0,-5.49
11165.0,-5.33
11166.0,-5.02
11167.0,-5.42
11168.0,-5.29
11169.0,-5.08
11170.0,-5.21
11171.0,-5.18
11172.0,-5.09
11173.0,-5.25
11174.0,-5.04
11175.0,-5.32
11176.0,-5.03
11177.0,-5.920000000000001
11178.0,-5.05
11179.0,-5.4
11180.0,-5.36
11181.0,-5.08
11182.0,-5.13
11183.0,-5.470000000000001
11184.0,-5.37
11185.0,-5.06
11186.0,-5.3100000000000005
11187.0,-5.22
11188.0,-5.32
11189.0,-5.46
11190.0,-5.86
11191.0,-5.16
11192.0,-5.09
11193.0,-5.83
11194.0,-5.29
11195.0,-5.34
11196.0,-5.42
11197.0,-5.62
11198.0,-5.05
11199.0,-5.790000000000001
11200.0,-5.14
11201.0,-5.710000000000001
11202.0,-5.01
11203.0,4.39
11204.0,-5.5600000000000005
11205.0,-5.02
11206.0,4.4399999999999995
11207.0,-5.48
11208.0,-5.25
11209.0,-5.7700000000000005
11210.0,-5.23
11211.0,-5.05
11212.0,-5.06
11213.0,-5.29
11214.0,-5.15
11215.0,-5.04
11216.0,-1.0000000000000007
11217.0,-5.01
11218.0,4.18
11219.0,-5.45
11220.0,-5.45
11221.0,-5.14
11222.0,-5.46
11223.0,-5.02
11224.0,-5.1
11225.0,-5.11
11226.0,4.25
11227.0,-5.09
11228.0,-5.02
11229.0,-5.45
11230.0,-5.3
11231.0,-5.45
11232.0,-5.16
11233.0,-5.26
11234.0,-5.21
11235.0,4.09
11236.0,-5.26
11237.0,-5.08
11238.0,-5.06
11239.0,-5.5
11240.0,-5.2700000000000005
11241.0,-5.26
11242.0,-5.05
11243.0,-5.430000000000001
11244.0,-5.32
11245.0,-5.29
11246.0,-5.3500000000000005
11247.0,-1.0000000000000007
11248.0,-5.19
11249.0,-5.03
11250.0,-5.86
11251.0,-5.11
11252.0,-5.28
11253.0,-5.470000000000001
11254.0,-5.33
11255.0,-5.12
11256.0,-5.53
11257.0,-5.630000000000001
11258.0,-5.26
11259.0,-5.06
11260.0,-5.26
11261.0,-5.720000000000001
11262.0,-5.01
11263.0,-5.11
11264.0,-5.6000000000000005
11265.0,-5.33
11266.0,4.46
11267.0,-5.2
11268.0,-5.86
11269.0,-5.42
11270.0,-5.5200000000000005
11271.0,-5.24
11272.0,-5.44
11273.0,-5.05
11274.0,-5.3
11275.0,-5.01
11276.0,-5.46
11277.0,-5.640000000000001
11278.0,-5.3
11279.0,-5.08
11280.0,-5.37
11281.0,4.33
11282.0,-5.45
11283.0,-5.18
11284.0,-5.19
11285.0,-5.41
11286.0,-5.11
11287.0,4.239999999999999
11288.0,-5.19
11289.0,-5.7
11290.0,-5.1
11291.0,-5.62
11292.0,4.079999999999999
11293.0,-5.41
11294.0,-5.57
11295.0,-5.07
11296.0,-5.29
11297.0,-5.05
11298.0,-5.24
11299.0,-5.07
11300.0,4.27
11301.0,-5.960000000000001
11302.0,-5.15
11303.0,-5.390000000000001
11304.0,-5.74
11305.0,-5.470000000000001
11306.0,-5.66
11307.0,-5.24
11308.0,-5.5200000000000005
11309.0,-5.3500000000000005
11310.0,-5.680000000000001
11311.0,-5.3
11312.0,-5.3
11313.0,-5.83
11314.0,4.1
11315.0,-5.54
11316.0,-5.06
11317.0,4.369999999999999
11318.0,-5.28
11319.0,-5.630000000000001
11320.0,-5.03
11321.0,-5.98
11322.0,-5.17
11323.0,-5.42
11324.0,-5.5200000000000005
11325.0,-5.26
11326.0,-5.1
11327.0,4.449999999999999
11328.0,-5.5600000000000005
11329.0,-5.48
11330.0,-5.01
11331.0,-5.18
11332.0,4.159999999999999
11333.0,-5.74
11334.0,-5.390000000000001
11335.0,-1.0000000000000007
11336.0,-5.41
11337.0,-5.62
11338.0,4.359999999999999
11339.0,-5.4
11340.0,-5.29
11341.0,-5.2
11342.0,-5.5600000000000005
11343.0,-5.11
11344.0,-5.01
11345.0,-5.54
11346.0,4.2299999999999995
11347.0,-5.44
11348.0,-5.18
11349.0,-5.28
11350.0,-5.74
11351.0,-5.07
11352.0,-5.28
11353.0,4.26
11354.0,4.049999999999999
11355.0,-5.720000000000001
11356.0,-5.54
11357.0,-5.630000000000001
11358.0,-5.5600000000000005
11359.0,-5.02
11360.0,-5.57
11361.0,4.01
11362.0,-5.04
11363.0,-5.3
11364.0,-5.03
11365.0,-5.840000000000001
11366.0,-5.69
11367.0,-5.98
11368.0,-5.16
11369.0,4.209999999999999
11370.0,-5.04
11371.0,4.34
11372.0,-5.19
11373.0,4.17
11374.0,-5.3100000000000005
11375.0,-5.48
11376.0,-5.03
11377.0,-5.51
11378.0,-5.5200000000000005
11379.0,-5.26
11380.0,-5.8500000000000005
11381.0,4.25
11382.0,-5.24
11383.0,-5.16
11384.0,-5.7700000000000005
11385.0,-5.53
11386.0,-1.0000000000000007
11387.0,4.1
11388.0,-5.5
11389.0,-5.06
11390.0,-5.65
11391.0,-5.29
11392.0,-5.34
11393.0,-5.7
11394.0,-5.28
11395.0,-5.51
11396.0,-5.720000000000001
11397.0,-5.33
11398.0,-5.04
11399.0,-5.54
11400.0,-5.5600000000000005
11401.0,-5.45
11402.0,-5.06
11403.0,4.38
11404.0,-5.46
11405.0,-5.04
11406.0,-5.54
11407.0,-5.48
11408.0,-5.09
11409.0,-5.34
11410.0,-5.930000000000001
11411.0,-5.66
11412.0,-5.94
11413.0,-5.42
11414.0,-1.0000000000000007
11415.0,-5.45
11416.0,-5.19
11417.0,-5.37
11418.0,4.27
11419.0,-5.37
11420.0,-5.8100000000000005
11421.0,-5.33
11422.0,-5.6000000000000005
11423.0,-5.58
11424.0,-5.12
11425.0,-5.49
11426.0,-5.54
11427.0,-5.5
11428.0,-5.550000000000001
11429.0,-5.49
11430.0,-5.32
11431.0,-5.11
11432.0,-5.26
11433.0,4.039999999999999
11434.0,-5.48
11435.0,4.119999999999999
11436.0,-5.640000000000001
11437.0,-5.67
11438.0,-5.13
11439.0,-5.36
11440.0,-5.03
11441.0,4.109999999999999
11442.0,-5.01
11443.0,-5.3
11444.0,-5.4
11445.0,-5.22
11446.0,-5.03
11447.0,-5.32
11448.0,-5.930000000000001
11449.0,-5.5600000000000005
11450.0,-5.83
11451.0,4.27
11452.0,-5.61
11453.0,-5.710000000000001
11454.0,4.39
11455.0,-5.01
11456.0,-5.14
11457.0,-5.3
11458.0,-1.0000000000000007
11459.0,-5.02
11460.0,-5.02
11461.0,-5.05
11462.0,-5.74
11463.0,-5.04
11464.0,-5.01
11465.0,-5.04
11466.0,-5.08
11467.0,-1.0000000000000007
11468.0,-5.04
11469.0,-5.54
11470.0,-5.36
11471.0,-5.470000000000001
11472.0,-5.01
11473.0,-5.58
11474.0,-5.34
11475.0,-5.57
11476.0,-5.17
11477.0,-5.11
11478.0,4.449999999999999
11479.0,-5.760000000000001
11480.0,-5.01
11481.0,-5.49
11482.0,4.369999999999999
11483.0,-5.11
11484.0,-5.630000000000001
11485.0,-5.21
11486.0,-5.430000000000001
11487.0,-5.06
11488.0,-5.42
11489.0,-5.2700000000000005
11490.0,-5.5600000000000005
11491.0,-5.46
11492.0,-5.05
11493.0,-5.640000000000001
11494.0,-5.680000000000001
11495.0,-5.54
11496.0,-5.680000000000001
11497.0,4.1499999999999995
11498.0,-5.5200000000000005
11499.0,-5.3
11500.0,-5.03
11501.0,-5.13
11502.0,-5.29
11503.0,-5.28
11504.0,-5.4
11505.0,-5.58
11506.0,-5.42
11507.0,-5.48
11508.0,-5.05
11509.0,-5.28
11510.0,-5.550000000000001
11511.0,-1.0000000000000007
11512.0,-5.2
11513.0,-1.0000000000000007
11514.0,4.31
11515.0,-5.78
11516.0,-1.0000000000000007
11517.0,-5.06
11518.0,-5.22
11519.0,-5.7
11520.0,-5.67
11521.0,-1.0000000000000007
11522.0,4.039999999999999
11523.0,-5.720000000000001
11524.0,4.289999999999999
11525.0,-5.430000000000001
11526.0,-5.28
11527.0,-5.51
11528.0,-5.07
11529.0,-5.19
11530.0,-5.24
11531.0,-5.49
11532.0,-5.41
11533.0,-5.640000000000001
11534.0,-5.8100000000000005
11535.0,-5.02
11536.0,-5.24
11537.0,-5.3
11538.0,-5.4
11539.0,-5.2
11540.0,-5.24
11541.0,-5.67
11542.0,4.3999999999999995
11543.0,-5.48
11544.0,4.239999999999999
11545.0,-5.18
11546.0,-5.09
11547.0,-5.2
11548.0,4.35
11549.0,4.199999999999999
11550.0,-5.04
11551.0,-5.86
11552.0,-5.02
11553.0,-5.06
11554.0,-5.07
11555.0,-5.02
11556.0,-5.33
11557.0,-5.09
11558.0,-5.04
11559.0,-5.08
11560.0,-5.05
11561.0,-5.53
11562.0,-5.680000000000001
11563.0,-5.2700000000000005
11564.0,-5.26
11565.0,-5.21
11566.0,-5.2700000000000005
11567.0,-5.11
11568.0,-5.3100000000000005
11569.0,-5.28
11570.0,-5.09
11571.0,4.27
11572.0,4.35
11573.0,-5.59
11574.0,-5.430000000000001
11575.0,-5.710000000000001
11576.0,4.31
11577.0,-5.03
11578.0,-5.33
11579.0,4.43
11580.0,-5.02
11581.0,-5.74
11582.0,-5.02
11583.0,-5.04
11584.0,-5.04
11585.0,-5.74
11586.0,-5.680000000000001
11587.0,-5.01
11588.0,-5.46
11589.0,-5.34
11590.0,-5.24
11591.0,-5.03
11592.0,-5.32
11593.0,-5.33
11594.0,-5.840000000000001
11595.0,-5.94
11596.0,-5.61
11597.0,-5.550000000000001
11598.0,-5.870000000000001
11599.0,-5.42
11600.0,-5.09
11601.0,-5.34
11602.0,-5.38
11603.0,-5.02
11604.0,-5.4
11605.0,-5.48
11606.0,-5.18
11607.0,-5.36
11608.0,4.34
11609.0,-5.69
11610.0,-5.7
11611.0,-5.59
11612.0,-5.45
11613.0,-5.800000000000001
11614.0,-5.04
11615.0,-5.3100000000000005
11616.0,-5.57
11617.0,-5.01
11618.0,-5.430000000000001
11619.0,-5.09
11620.0,-5.34
11621.0,4.289999999999999
11622.0,-5.57
11623.0,-5.49
11624.0,-5.430000000000001
11625.0,-5.26
11626.0,-5.02
11627.0,-5.7700000000000005
11628.0,-5.4
11629.0,-5.12
11630.0,-5.04
11631.0,-5.3
11632.0,-5.02
11633.0,-5.36
11634.0,-5.61
11635.0,4.43
11636.0,-1.0000000000000007
11637.0,-5.03
11638.0,-5.37
11639.0,-5.03
11640.0,-5.51
11641.0,-5.19
11642.0,-5.33
11643.0,-5.54
11644.0,-5.58
11645.0,-5.66
11646.0,-5.470000000000001
11647.0,-5.24
11648.0,4.22
11649.0,-5.640000000000001
11650.0,-5.21
11651.0,-5.6000000000000005
11652.0,-5.65
11653.0,-5.57
11654.0,-5.7700000000000005
11655.0,4.18
11656.0,-5.57
11657.0,-5.18
11658.0,-5.7700000000000005
11659.0,-5.74
11660.0,-5.2
11661.0,-5.03
11662.0,-5.73
11663.0,-5.28
11664.0,-5.69
11665.0,-5.36
11666.0,-5.01
11667.0,-5.37
11668.0,-5.74
11669.0,-5.53
11670.0,-5.12
11671.0,-5.7
11672.0,-5.23
11673.0,-5.57
11674.0,-5.3500000000000005
11675.0,4.049999999999999
11676.0,4.129999999999999
11677.0,-5.49
11678.0,-5.21
11679.0,-5.6000000000000005
11680.0,-5.82
11681.0,-5.38
11682.0,-5.65
11683.0,-5.25
11684.0,-5.720000000000001
11685.0,-5.75
11686.0,-1.0000000000000007
11687.0,-5.7
11688.0,4.319999999999999
11689.0,-5.760000000000001
11690.0,4.22
11691.0,4.38
11692.0,-5.5600000000000005
11693.0,-5.51
11694.0,-5.640000000000001
11695.0,-5.2
11696.0,-5.03
11697.0,4.14
11698.0,-5.34
11699.0,-5.06
11700.0,4.129999999999999
11701.0,-5.65
11702.0,-5.67
11703.0,-5.6000000000000005
11704.0,4.06
11705.0,-5.5600000000000005
11706.0,-1.0000000000000007
11707.0,-5.51
11708.0,-5.22
11709.0,4.39
11710.0,-5.19
11711.0,-5.630000000000001
11712.0,-5.06
11713.0,4.279999999999999
11714.0,-5.02
11715.0,-5.640000000000001
11716.0,-5.26
11717.0,4.319999999999999
11718.0,-5.26
11719.0,-5.42
11720.0,-5.65
11721.0,-5.800000000000001
11722.0,-5.26
11723.0,-5.06
11724.0,-5.36
11725.0,-5.16
11726.0,-5.59
11727.0,-5.36
11728.0,-5.12
11729.0,-5.34
11730.0,-5.02
11731.0,-5.02
11732.0,-5.37
11733.0,-5.05
11734.0,-5.54
11735.0,-5.03
11736.0,-5.430000000000001
11737.0,-5.57
11738.0,-5.21
11739.0,-5.34
11740.0,-5.04
11741.0,-5.57
11742.0,-5.16
11743.0,-5.02
11744.0,-5.73
11745.0,-5.03
11746.0,-5.14
11747.0,-5.01
11748.0,-5.73
11749.0,-5.06
11750.0,-5.710000000000001
11751.0,-5.48
11752.0,-5.02
11753.0,-5.57
11754.0,-5.08
11755.0,-5.32
11756.0,-5.46
11757.0,-5.59
11758.0,-5.970000000000001
11759.0,4.18
11760.0,-5.32
11761.0,-5.02
11762.0,-5.03
11763.0,-5.1
11764.0,-5.69
11765.0,-5.02
11766.0,-5.05
11767.0,-5.840000000000001
11768.0,-5.01
11769.0,-5.42
11770.0,-5.75
11771.0,-5.03
11772.0,-5.38
11773.0,-5.7700000000000005
11774.0,-5.02
11775.0,-5.5200000000000005
11776.0,-5.06
11777.0,-5.390000000000001
11778.0,-5.02
11779.0,-5.02
11780.0,-5.06
11781.0,-5.41
11782.0,-5.29
11783.0,-5.29
11784.0,-5.73
11785.0,-5.94
11786.0,-5.1
11787.0,-5.32
11788.0,-5.6000000000000005
11789.0,4.529999999999999
11790.0,-5.5200000000000005
11791.0,-5.11
11792.0,4.2299999999999995
11793.0,-5.06
11794.0,-5.08
11795.0,-5.02
11796.0,-5.62
11797.0,4.09
11798.0,-5.02
11799.0,-5.02
11800.0,-5.38
11801.0,-5.08
11802.0,-5.800000000000001
11803.0,-5.06
11804.0,-5.42
11805.0,-5.82
11806.0,4.35
11807.0,-5.53
11808.0,-5.22
11809.0,-5.06
11810.0,-5.5
11811.0,-5.05
11812.0,-5.33
11813.0,4.1499999999999995
11814.0,-5.24
11815.0,-5.5200000000000005
11816.0,-5.06
11817.0,-5.08
11818.0,-5.28
11819.0,-5.26
11820.0,-5.06
11821.0,-5.02
11822.0,4.27
11823.0,-5.01
11824.0,-1.0000000000000007
11825.0,-5.02
11826.0,-5.34
11827.0,-5.18
11828.0,-5.74
11829.0,-5.28
11830.0,-5.01
11831.0,-5.02
11832.0,-5.23
11833.0,-5.01
11834.0,-1.0000000000000007
11835.0,-5.01
11836.0,-5.03
11837.0,-5.01
11838.0,-5.06
11839.0,-5.36
11840.0,-5.07
11841.0,-5.54
11842.0,-5.09
11843.0,-5.680000000000001
11844.0,-5.05
11845.0,-5.04
11846.0,-5.33
11847.0,-5.4
11848.0,-5.02
11849.0,-5.18
11850.0,-5.04
11851.0,-5.04
11852.0,-5.1
11853.0,-5.02
11854.0,-5.02
11855.0,-5.07
11856.0,-5.25
11857.0,-5.06
11858.0,-5.03
11859.0,-5.05
11860.0,-1.0000000000000007
11861.0,-5.5
11862.0,-5.08
11863.0,-5.06
11864.0,-5.07
11865.0,-5.48
11866.0,-5.470000000000001
11867.0,-5.06
11868.0,-5.08
11869.0,-5.51
11870.0,4.3
11871.0,-5.07
11872.0,-5.07
11873.0,-5.03
11874.0,-5.05
11875.0,-5.08
11876.0,-5.02
11877.0,-5.04
11878.0,-5.01
11879.0,-5.18
11880.0,-5.03
11881.0,-5.22
11882.0,-5.07
11883.0,-5.29
11884.0,-5.29
11885.0,-5.06
11886.0,-5.51
11887.0,-5.12
11888.0,-5.59
11889.0,-5.24
11890.0,-5.19
11891.0,-5.04
11892.0,-5.01
11893.0,-5.38
11894.0,4.5
11895.0,-5.06
11896.0,-5.2
11897.0,4.3999999999999995
11898.0,-5.26
11899.0,-5.67
11900.0,-5.06
11901.0,-5.16
11902.0,-5.3100000000000005
11903.0,-5.75
11904.0,-5.03
11905.0,-5.05
11906.0,-5.36
11907.0,-5.02
11908.0,-5.01
11909.0,-5.550000000000001
11910.0,-5.02
11911.0,-5.62
11912.0,-5.430000000000001
11913.0,-5.45
11914.0,-5.01
11915.0,-5.07
11916.0,-5.22
11917.0,-5.02
11918.0,-5.6000000000000005
11919.0,4.33
11920.0,-5.03
11921.0,-5.22
11922.0,-5.06
11923.0,-5.550000000000001
11924.0,4.06
11925.0,-5.06
11926.0,-5.12
11927.0,-5.07
11928.0,-5.38
11929.0,-5.3
11930.0,-5.02
11931.0,-5.03
11932.0,-5.16
11933.0,-5.15
11934.0,-5.390000000000001
11935.0,4.26
11936.0,-5.03
11937.0,-5.12
11938.0,-5.1
11939.0,-5.12
11940.0,4.079999999999999
11941.0,-5.04
11942.0,-5.12
11943.0,-5.04
11944.0,-5.08
11945.0,4.17
11946.0,-5.14
11947.0,-5.01
11948.0,-5.02
11949.0,-5.03
11950.0,-5.5600000000000005
11951.0,-5.02
11952.0,-5.4
11953.0,-5.01
11954.0,-5.58
11955.0,-5.6000000000000005
11956.0,-5.11
11957.0,-5.22
11958.0,-5.04
11959.0,-5.24
11960.0,-5.06
11961.0,-5.02
11962.0,-5.07
11963.0,-5.19
11964.0,-5.91
11965.0,-5.02
11966.0,-5.04
11967.0,-5.09
11968.0,-5.22
11969.0,-5.04
11970.0,-5.430000000000001
11971.0,-5.32
11972.0,-5.24
11973.0,-5.07
11974.0,-5.02
11975.0,-5.51
11976.0,-5.75
11977.0,-5.630000000000001
11978.0,-5.09
11979.0,-5.01
11980.0,-5.05
11981.0,-5.02
11982.0,-5.51
11983.0,-5.04
11984.0,-5.32
11985.0,-5.01
11986.0,-5.04
11987.0,-5.5
11988.0,-5.49
11989.0,-5.760000000000001
11990.0,-5.03
11991.0,-5.06
11992.0,-5.5600000000000005
11993.0,-5.01
11994.0,-5.3
11995.0,-5.630000000000001
11996.0,-5.05
11997.0,-5.22
11998.0,-5.29
11999.0,-5.54
12000.0,-5.14
12001.0,-5.04
12002.0,-5.09
12003.0,-5.06
12004.0,-5.44
12005.0,-5.2
12006.0,-5.06
12007.0,-5.03
12008.0,-5.05
12009.0,-5.02
12010.0,-5.74
12011.0,-5.75
12012.0,-5.02
12013.0,-5.54
12014.0,-5.59
12015.0,-5.36
12016.0,-5.16
12017.0,-5.01
12018.0,-5.01
12019.0,-5.06
12020.0,-5.03
12021.0,-5.02
12022.0,-5.06
12023.0,-5.58
12024.0,-5.04
12025.0,-5.4
12026.0,-5.46
12027.0,-5.02
12028.0,-5.46
12029.0,4.27
12030.0,-5.05
12031.0,-5.06
12032.0,4.449999999999999
12033.0,-5.12
12034.0,-5.05
12035.0,-5.03
12036.0,-5.550000000000001
12037.0,4.069999999999999
12038.0,4.3
12039.0,-5.04
12040.0,-5.640000000000001
12041.0,-5.02
12042.0,-5.01
12043.0,-5.02
12044.0,-5.04
12045.0,-5.430000000000001
12046.0,-5.36
12047.0,-5.17
12048.0,-5.51
12049.0,-5.09
12050.0,-5.02
12051.0,-1.0000000000000007
12052.0,-5.12
12053.0,-5.12
12054.0,-5.65
12055.0,-5.51
12056.0,-5.26
12057.0,-5.05
12058.0,-5.18
12059.0,-5.2
12060.0,-5.07
12061.0,-5.21
12062.0,-5.790000000000001
12063.0,-5.04
12064.0,-5.06
12065.0,-5.78
12066.0,-5.05
12067.0,-5.06
12068.0,-5.44
12069.0,-5.1
12070.0,-5.62
12071.0,-5.04
12072.0,-5.03
12073.0,-5.65
12074.0,-5.01
12075.0,-5.09
12076.0,-5.46
12077.0,-5.08
12078.0,-5.07
12079.0,-5.710000000000001
12080.0,-5.18
12081.0,-5.5600000000000005
12082.0,4.2299999999999995
12083.0,-5.04
12084.0,-5.02
12085.0,-5.53
12086.0,-5.04
12087.0,-5.15
12088.0,-5.62
12089.0,-5.02
12090.0,-5.57
12091.0,-5.01
12092.0,4.199999999999999
12093.0,-5.06
12094.0,-5.02
12095.0,-5.01
12096.0,-5.22
12097.0,-5.06
12098.0,-5.04
12099.0,-5.18
12100.0,-5.02
12101.0,-5.03
12102.0,-5.48
12103.0,4.22
12104.0,-5.11
12105.0,-5.06
12106.0,-5.28
12107.0,-5.09
12108.0,-5.16
12109.0,-5.04
12110.0,-5.01
12111.0,-5.06
12112.0,-5.22
12113.0,-5.16
12114.0,-5.48
12115.0,-5.54
12116.0,-5.09
12117.0,-5.05
12118.0,-5.24
12119.0,-5.42
12120.0,-5.19
12121.0,-5.04
12122.0,-5.4
12123.0,-5.05
12124.0,4.3999999999999995
12125.0,-5.05
12126.0,-5.03
12127.0,-5.04
12128.0,-5.02
12129.0,-5.470000000000001
12130.0,-5.36
12131.0,-5.3500000000000005
12132.0,-5.02
12133.0,-5.01
12134.0,-5.01
12135.0,-5.23
12136.0,-5.2
12137.0,-5.06
12138.0,-5.36
12139.0,-5.51
12140.0,-5.32
12141.0,4.25
12142.0,-5.14
12143.0,-5.04
12144.0,-5.08
12145.0,-5.01
12146.0,-5.14
12147.0,-5.1
12148.0,-5.04
12149.0,-5.54
12150.0,-5.04
12151.0,-5.41
12152.0,-5.07
12153.0,-5.3500000000000005
12154.0,-5.21
12155.0,-5.11
12156.0,-5.26
12157.0,-1.0000000000000007
12158.0,-5.01
12159.0,-5.08
12160.0,-5.02
12161.0,-5.74
12162.0,-5.03
12163.0,-5.03
12164.0,-1.0000000000000007
12165.0,-5.38
12166.0,4.35
12167.0,-5.51
12168.0,-5.03
12169.0,-5.02
12170.0,-5.26
12171.0,-5.390000000000001
12172.0,-5.06
12173.0,-5.04
12174.0,-5.37
12175.0,-5.06
12176.0,-5.04
12177.0,-5.6000000000000005
12178.0,-5.16
12179.0,-5.22
12180.0,-5.680000000000001
12181.0,-5.34
12182.0,-1.0000000000000007
12183.0,4.35
12184.0,-5.01
12185.0,-5.800000000000001
12186.0,-5.04
12187.0,-5.04
12188.0,-5.04
12189.0,-5.41
12190.0,-5.2
12191.0,-5.03
12192.0,-5.28
12193.0,-5.19
12194.0,-5.04
12195.0,4.22
12196.0,-5.44
12197.0,-5.2
12198.0,-5.28
12199.0,-5.01
12200.0,-5.32
12201.0,-5.38
12202.0,-5.18
12203.0,-5.04
12204.0,-5.02
12205.0,-5.03
12206.0,-5.1
12207.0,-5.25
12208.0,-5.33
12209.0,-5.05
12210.0,-5.06
12211.0,4.47
12212.0,4.4399999999999995
12213.0,-5.12
12214.0,-5.09
12215.0,-5.44
12216.0,-5.45
12217.0,-5.25
12218.0,-5.01
12219.0,-5.51
12220.0,-5.25
12221.0,-5.02
12222.0,-5.08
12223.0,-5.26
12224.0,-5.45
12225.0,-5.58
12226.0,-5.04
12227.0,-5.06
12228.0,-5.02
12229.0,-5.06
12230.0,4.199999999999999
12231.0,-5.470000000000001
12232.0,4.199999999999999
12233.0,-5.01
12234.0,-5.24
12235.0,-5.54
12236.0,-5.1
12237.0,-5.4
12238.0,-1.0000000000000007
12239.0,-5.48
12240.0,-5.09
12241.0,-5.48
12242.0,-5.3
12243.0,-5.21
12244.0,-5.02
12245.0,-5.05
12246.0,-5.01
12247.0,-5.54
12248.0,-5.26
12249.0,-5.02
12250.0,-5.65
12251.0,-5.1
12252.0,-5.01
12253.0,-5.2700000000000005
12254.0,-5.05
12255.0,-5.59
12256.0,-5.42
12257.0,-5.16
12258.0,-5.04
12259.0,-5.03
12260.0,-5.01
12261.0,-5.06
12262.0,-5.4
12263.0,-5.970000000000001
12264.0,-5.04
12265.0,-5.3
12266.0,-5.14
12267.0,-5.61
12268.0,-5.04
12269.0,-5.01
12270.0,-5.02
12271.0,-5.04
12272.0,-5.33
12273.0,-5.1
12274.0,-5.08
12275.0,-5.02
12276.0,-5.05
12277.0,-5.05
12278.0,-5.550000000000001
12279.0,-5.26
12280.0,-5.82
12281.0,-5.04
12282.0,-5.24
12283.0,-5.59
12284.0,-5.5200000000000005
12285.0,-5.02
12286.0,-5.24
12287.0,-5.42
12288.0,-5.02
12289.0,-5.04
12290.0,-5.04
12291.0,-5.02
12292.0,-5.32
12293.0,-5.58
12294.0,-5.02
12295.0,-5.34
12296.0,4.22
12297.0,-5.5600000000000005
12298.0,-5.32
12299.0,-5.07
12300.0,-5.34
12301.0,-5.2
12302.0,-5.12
12303.0,-5.21
12304.0,-5.01
12305.0,-5.01
12306.0,-5.24
12307.0,-5.41
12308.0,-5.04
12309.0,-5.42
12310.0,-5.02
12311.0,-5.5200000000000005
12312.0,-5.06
12313.0,4.2299999999999995
12314.0,-5.04
12315.0,-5.23
12316.0,-5.24
12317.0,-5.54
12318.0,-5.2
12319.0,-5.02
12320.0,-5.45
12321.0,-5.26
12322.0,-5.550000000000001
12323.0,-5.03
12324.0,-5.06
12325.0,-5.46
12326.0,-5.6000000000000005
12327.0,-5.760000000000001
12328.0,-5.08
12329.0,-5.13
12330.0,-5.02
12331.0,-5.08
12332.0,-5.51
12333.0,-5.02
12334.0,-5.02
12335.0,-5.02
12336.0,-5.41
12337.0,-5.25
12338.0,4.1
12339.0,-5.45
12340.0,-5.15
12341.0,-5.3
12342.0,-5.5
12343.0,-5.07
12344.0,-5.01
12345.0,-5.01
12346.0,-5.05
12347.0,-5.02
12348.0,-5.45
12349.0,-5.04
12350.0,-5.06
12351.0,-5.09
12352.0,-5.07
12353.0,-5.38
12354.0,-5.4
12355.0,-5.22
12356.0,-5.54
12357.0,4.129999999999999
12358.0,-5.62
12359.0,-5.04
12360.0,4.35
12361.0,-5.44
12362.0,-5.32
12363.0,-5.01
12364.0,-5.12
12365.0,-5.02
12366.0,-5.01
12367.0,-5.01
12368.0,-5.06
12369.0,-5.12
12370.0,4.35
12371.0,-5.44
12372.0,-5.4
12373.0,-5.04
12374.0,-5.13
12375.0,-5.21
12376.0,-5.73
12377.0,-5.06
12378.0,-5.74
12379.0,-5.05
12380.0,-5.24
12381.0,-5.48
12382.0,-5.51
12383.0,-5.03
12384.0,-5.01
12385.0,-5.01
12386.0,-5.05
12387.0,-5.37
12388.0,-5.02
12389.0,-5.09
12390.0,-5.04
12391.0,-5.36
12392.0,-5.02
12393.0,-5.42
12394.0,-5.760000000000001
12395.0,-5.3100000000000005
12396.0,-5.720000000000001
12397.0,4.25
12398.0,4.2299999999999995
12399.0,-5.3
12400.0,-5.390000000000001
12401.0,-5.15
12402.0,-5.06
12403.0,-5.01
12404.0,-5.07
12405.0,-5.46
12406.0,4.3
12407.0,-5.59
12408.0,-5.03
12409.0,-5.69
12410.0,-5.5600000000000005
12411.0,-5.01
12412.0,4.39
12413.0,-5.01
12414.0,-5.630000000000001
12415.0,-5.02
12416.0,-5.4
12417.0,-5.390000000000001
12418.0,-5.640000000000001
12419.0,-5.26
12420.0,-5.18
12421.0,-5.01
12422.0,-5.430000000000001
12423.0,-5.19
12424.0,-5.38
12425.0,-5.430000000000001
12426.0,-5.22
12427.0,-5.01
12428.0,-5.48
12429.0,-5.02
12430.0,-5.11
12431.0,-5.04
12432.0,-5.08
12433.0,-5.41
12434.0,-5.04
12435.0,-5.04
12436.0,4.38
12437.0,-5.42
12438.0,-5.25
12439.0,-5.02
12440.0,-5.02
12441.0,-5.02
12442.0,-5.48
12443.0,-5.02
12444.0,-5.03
12445.0,-5.01
12446.0,-5.01
12447.0,-5.46
12448.0,-5.01
12449.0,-5.470000000000001
12450.0,-5.16
12451.0,-5.04
12452.0,-5.04
12453.0,-5.02
12454.0,-5.09
12455.0,-5.02
12456.0,-5.54
12457.0,4.43
12458.0,-5.49
12459.0,-5.06
12460.0,-5.04
12461.0,-5.02
12462.0,-5.37
12463.0,-5.01
12464.0,-5.67
12465.0,-5.4
12466.0,-5.11
12467.0,-5.44
12468.0,-5.02
12469.0,-5.03
12470.0,-5.02
12471.0,-5.4
12472.0,-5.640000000000001
12473.0,4.109999999999999
12474.0,-5.36
12475.0,-5.03
12476.0,-5.32
12477.0,-5.57
12478.0,-5.24
12479.0,-5.04
12480.0,-5.5600000000000005
12481.0,-5.36
12482.0,-5.08
12483.0,-5.2700000000000005
12484.0,-5.42
12485.0,-5.26
12486.0,-5.01
12487.0,-5.23
12488.0,-5.680000000000001
12489.0,-5.58
12490.0,-5.680000000000001
12491.0,-5.04
12492.0,-5.01
12493.0,-5.74
12494.0,-5.09
12495.0,-5.34
12496.0,-5.1
12497.0,-5.44
12498.0,-5.17
12499.0,-5.62
12500.0,-5.01
12501.0,-5.62
12502.0,-5.640000000000001
12503.0,-5.1
12504.0,-5.51
12505.0,-5.550000000000001
12506.0,-5.07
12507.0,-5.01
12508.0,-5.03
12509.0,-5.390000000000001
12510.0,4.31
12511.0,-5.07
12512.0,4.3999999999999995
12513.0,-5.41
12514.0,-5.36
12515.0,-5.14
12516.0,-5.53
12517.0,-5.02
12518.0,-5.44
12519.0,-5.01
12520.0,-5.6000000000000005
12521.0,-5.61
12522.0,4.3
12523.0,-5.08
12524.0,-5.680000000000001
12525.0,-5.19
12526.0,-5.03
12527.0,-1.0000000000000007
12528.0,-5.02
12529.0,-5.02
12530.0,4.199999999999999
12531.0,-5.02
12532.0,-5.36
12533.0,-5.67
12534.0,-5.33
12535.0,-5.6000000000000005
12536.0,-5.38
12537.0,-5.02
12538.0,-5.01
12539.0,-5.03
12540.0,-5.17
12541.0,-5.51
12542.0,-5.57
12543.0,-5.38
12544.0,-5.06
12545.0,-5.3500000000000005
12546.0,-5.04
12547.0,-5.32
12548.0,-5.48
12549.0,-5.48
12550.0,-5.11
12551.0,-5.01
12552.0,-5.640000000000001
12553.0,-5.01
12554.0,-5.02
12555.0,4.49
12556.0,-5.42
12557.0,-5.02
12558.0,-5.53
12559.0,-5.04
12560.0,-5.53
12561.0,4.41
12562.0,-5.02
12563.0,-5.03
12564.0,-5.04
12565.0,-5.49
12566.0,-5.2
12567.0,-5.02
12568.0,-5.01
12569.0,-5.02
12570.0,-5.05
12571.0,-5.470000000000001
12572.0,-5.01
12573.0,-1.0000000000000007
12574.0,-5.6000000000000005
12575.0,-5.04
12576.0,-5.01
12577.0,-5.37
12578.0,-5.01
12579.0,4.209999999999999
12580.0,-5.04
12581.0,-5.59
12582.0,-5.44
12583.0,-5.65
12584.0,-5.28
12585.0,-5.44
12586.0,-5.470000000000001
12587.0,-5.54
12588.0,-5.38
12589.0,-5.26
12590.0,-5.46
12591.0,-5.41
12592.0,-5.01
12593.0,-5.5200000000000005
12594.0,-5.04
12595.0,-5.710000000000001
12596.0,-5.28
12597.0,-5.42
12598.0,-5.5600000000000005
12599.0,4.109999999999999
12600.0,4.43
12601.0,-5.41
12602.0,-5.07
12603.0,-5.720000000000001
12604.0,4.39
12605.0,-5.5600000000000005
12606.0,-5.53
12607.0,-5.08
12608.0,-5.04
12609.0,-5.02
12610.0,-5.02
12611.0,-5.2
12612.0,-5.02
12613.0,4.35
12614.0,-5.01
12615.0,-5.01
12616.0,-5.02
12617.0,-5.05
12618.0,-5.19
12619.0,-5.01
12620.0,-5.36
12621.0,-5.12
12622.0,-5.680000000000001
12623.0,-5.05
12624.0,-5.25
12625.0,-5.05
12626.0,-5.14
12627.0,4.1499999999999995
12628.0,-5.04
12629.0,-5.08
12630.0,-5.08
12631.0,-5.01
12632.0,-5.15
12633.0,-5.08
12634.0,-5.01
12635.0,-5.69
12636.0,4.14
12637.0,-5.550000000000001
12638.0,-5.09
12639.0,-5.550000000000001
12640.0,-5.33
12641.0,-5.1
12642.0,-5.32
12643.0,-5.05
12644.0,-5.15
12645.0,-5.03
12646.0,-5.36
12647.0,-5.53
12648.0,-5.42
12649.0,-5.790000000000001
12650.0,-1.0000000000000007
12651.0,-5.08
12652.0,-5.07
12653.0,-5.430000000000001
12654.0,-5.48
12655.0,-5.1
12656.0,4.119999999999999
12657.0,-5.09
12658.0,-5.3100000000000005
12659.0,-5.49
12660.0,-5.02
12661.0,-5.33
12662.0,-5.07
12663.0,-5.04
12664.0,4.22
12665.0,-5.05
12666.0,-5.01
12667.0,-5.02
12668.0,4.41
12669.0,-5.02
12670.0,-5.26
12671.0,-5.46
12672.0,-5.02
12673.0,-5.01
12674.0,-5.5600000000000005
12675.0,-5.630000000000001
12676.0,-5.07
12677.0,-5.42
12678.0,-5.08
12679.0,-5.98
12680.0,-5.59
12681.0,-5.03
12682.0,-5.11
12683.0,-5.06
12684.0,-5.29
12685.0,-5.28
12686.0,-5.06
12687.0,-5.02
12688.0,-5.6000000000000005
12689.0,-5.17
12690.0,-5.5200000000000005
12691.0,-5.09
12692.0,-5.5
12693.0,-5.04
12694.0,-5.03
12695.0,-5.3
12696.0,-5.03
12697.0,-5.32
12698.0,-5.02
12699.0,-5.57
12700.0,-5.5200000000000005
12701.0,-5.45
12702.0,-5.01
12703.0,-5.02
12704.0,-5.48
12705.0,-5.01
12706.0,-5.03
12707.0,-5.41
12708.0,-5.29
12709.0,-5.5600000000000005
12710.0,-5.02
12711.0,-5.12
12712.0,-5.01
12713.0,-5.34
12714.0,-5.05
12715.0,-5.01
12716.0,-5.01
12717.0,-5.41
12718.0,-5.11
12719.0,-5.06
12720.0,-5.51
12721.0,4.369999999999999
12722.0,-5.02
12723.0,-5.09
12724.0,-5.38
12725.0,-5.08
12726.0,-5.03
12727.0,-5.37
12728.0,-5.5600000000000005
12729.0,-5.33
12730.0,-5.45
12731.0,-5.2700000000000005
12732.0,-5.02
12733.0,-5.05
12734.0,-5.07
12735.0,-5.02
12736.0,-5.11
12737.0,-5.04
12738.0,-5.01
12739.0,-5.26
12740.0,-5.12
12741.0,-5.01
12742.0,-5.59
12743.0,-5.7
12744.0,-5.26
12745.0,-5.44
12746.0,-5.44
12747.0,-5.18
12748.0,-5.02
12749.0,-5.29
12750.0,-5.03
12751.0,-5.44
12752.0,-5.03
12753.0,-5.02
12754.0,-5.28
12755.0,-5.03
12756.0,-5.06
12757.0,4.049999999999999
12758.0,-5.25
12759.0,-5.02
12760.0,-5.1
12761.0,-5.390000000000001
12762.0,-5.430000000000001
12763.0,-5.03
12764.0,-5.32
12765.0,-5.1
12766.0,-5.67
12767.0,-5.32
12768.0,4.27
12769.0,-5.21
12770.0,-5.03
12771.0,-5.26
12772.0,-5.550000000000001
12773.0,-5.01
12774.0,-5.02
12775.0,-5.3500000000000005
12776.0,-5.03
12777.0,-5.02
12778.0,-5.02
12779.0,-5.01
12780.0,-5.02
12781.0,-5.04
12782.0,-5.33
12783.0,-5.08
12784.0,-5.03
12785.0,-5.550000000000001
12786.0,-5.06
12787.0,-5.04
12788.0,-5.01
12789.0,-5.02
12790.0,-5.07
12791.0,-5.7700000000000005
12792.0,-5.22
12793.0,-5.07
12794.0,-5.02
12795.0,-5.26
12796.0,-5.44
12797.0,-5.01
12798.0,-5.4
12799.0,-5.44
12800.0,-5.04
12801.0,-5.2
12802.0,-5.04
12803.0,-5.01
12804.0,-5.2700000000000005
12805.0,-5.06
12806.0,-5.09
12807.0,-5.86
12808.0,-5.2700000000000005
12809.0,-5.01
12810.0,-5.640000000000001
12811.0,-5.03
12812.0,-5.07
12813.0,-5.42
12814.0,-5.46
12815.0,-5.470000000000001
12816.0,-5.01
12817.0,-5.09
12818.0,-5.02
12819.0,-5.06
12820.0,-5.8500000000000005
12821.0,-5.3
12822.0,-5.24
12823.0,4.369999999999999
12824.0,-5.04
12825.0,-5.02
12826.0,-5.53
12827.0,-5.34
12828.0,-5.03
12829.0,-5.09
12830.0,-5.3500000000000005
12831.0,-5.44
12832.0,-5.42
12833.0,-5.03
12834.0,-5.02
12835.0,-5.57
12836.0,-5.12
12837.0,-5.04
12838.0,-5.49
12839.0,-5.57
12840.0,-5.01
12841.0,-5.1
12842.0,-5.46
12843.0,-5.470000000000001
12844.0,-5.02
12845.0,-5.03
12846.0,-5.14
12847.0,-5.02
12848.0,-5.02
12849.0,-5.03
12850.0,-5.65
12851.0,-5.57
12852.0,-5.12
12853.0,-5.06
12854.0,-5.46
12855.0,-5.11
12856.0,-5.01
12857.0,-5.6000000000000005
12858.0,-5.11
12859.0,-5.29
12860.0,-5.05
12861.0,4.319999999999999
12862.0,-5.37
12863.0,-5.32
12864.0,-5.04
12865.0,-5.91
12866.0,-5.15
12867.0,-5.390000000000001
12868.0,-5.37
12869.0,-5.5200000000000005
12870.0,-5.36
12871.0,-5.08
12872.0,-5.44
12873.0,-5.21
12874.0,-5.41
12875.0,4.279999999999999
12876.0,-5.29
12877.0,-5.48
12878.0,-5.02
12879.0,-5.37
12880.0,-5.03
12881.0,-5.06
12882.0,-5.02
12883.0,-5.46
12884.0,-5.83
12885.0,-5.02
12886.0,-5.04
12887.0,-5.04
12888.0,-5.69
12889.0,-5.37
12890.0,-5.48
12891.0,-5.710000000000001
12892.0,-5.12
12893.0,-5.36
12894.0,-5.630000000000001
12895.0,-5.07
12896.0,-5.5200000000000005
12897.0,-5.5
12898.0,-5.01
12899.0,-5.44
12900.0,-5.08
12901.0,-1.0000000000000007
12902.0,-5.12
12903.0,-5.01
12904.0,-5.03
12905.0,-5.06
12906.0,-5.06
12907.0,-5.36
12908.0,-5.01
12909.0,-5.33
12910.0,-5.48
12911.0,-5.01
12912.0,-5.04
12913.0,-5.12
12914.0,-5.02
12915.0,-1.0000000000000007
12916.0,-5.34
12917.0,-5.1
12918.0,-5.65
12919.0,-5.44
12920.0,-5.19
12921.0,-5.01
12922.0,-5.3
12923.0,4.42
12924.0,-5.03
12925.0,-5.01
12926.0,-5.53
12927.0,-5.24
12928.0,-5.630000000000001
12929.0,-5.01
12930.0,-5.65
12931.0,-5.2700000000000005
12932.0,-5.03
12933.0,-5.03
12934.0,-5.05
12935.0,-5.03
12936.0,-5.16
12937.0,-5.5
12938.0,-5.2700000000000005
12939.0,-5.5600000000000005
12940.0,-5.57
12941.0,-5.760000000000001
12942.0,-5.46
12943.0,-5.06
12944.0,-5.3
12945.0,-5.1
12946.0,-5.44
12947.0,-5.3
12948.0,-5.05
12949.0,-5.01
12950.0,-5.02
12951.0,-5.11
12952.0,-5.22
12953.0,-5.470000000000001
12954.0,-5.03
12955.0,-5.5600000000000005
12956.0,-5.44
12957.0,-5.03
12958.0,-5.2
12959.0,-5.02
12960.0,-5.01
12961.0,-5.02
12962.0,-5.12
12963.0,-5.07
12964.0,-5.45
12965.0,-5.29
12966.0,-5.1
12967.0,-5.02
12968.0,-5.3100000000000005
12969.0,-5.04
12970.0,-5.37
12971.0,-5.390000000000001
12972.0,-5.07
12973.0,-5.06
12974.0,-5.05
12975.0,-5.41
12976.0,-5.03
12977.0,-5.34
12978.0,-5.45
12979.0,-5.08
12980.0,-5.46
12981.0,-5.680000000000001
12982.0,-5.07
12983.0,-5.02
12984.0,-5.02
12985.0,-5.04
12986.0,-5.470000000000001
12987.0,-5.28
12988.0,-5.12
12989.0,-5.61
12990.0,-5.51
12991.0,-5.54
12992.0,-5.54
12993.0,-5.06
12994.0,-5.03
12995.0,-5.01
12996.0,-5.26
12997.0,-5.45
12998.0,-5.78
12999.0,-5.37
13000.0,-5.57
13001.0,-5.06
13002.0,-5.57
13003.0,-5.65
13004.0,-5.37
13005.0,-5.04
13006.0,-5.05
13007.0,-5.05
13008.0,-5.07
13009.0,-5.710000000000001
13010.0,-5.01
13011.0,-5.54
13012.0,-5.02
13013.0,-5.1
13014.0,-5.46
13015.0,-5.04
13016.0,-5.38
13017.0,-5.48
13018.0,-5.74
13019.0,-5.04
13020.0,-5.18
13021.0,-5.22
13022.0,-5.02
13023.0,-5.02
13024.0,-5.34
13025.0,-5.02
13026.0,-5.01
13027.0,-5.02
13028.0,-5.3500000000000005
13029.0,-5.3500000000000005
13030.0,-5.05
13031.0,-5.4
13032.0,-5.48
13033.0,-5.03
13034.0,-5.01
13035.0,-5.38
13036.0,-5.06
13037.0,4.119999999999999
13038.0,-5.05
13039.0,-5.5200000000000005
13040.0,-5.48
13041.0,-5.02
13042.0,-5.640000000000001
13043.0,-5.33
13044.0,-5.04
13045.0,-5.01
13046.0,-5.49
13047.0,-5.38
13048.0,-5.08
13049.0,-5.04
13050.0,-5.03
13051.0,-5.05
13052.0,-5.01
13053.0,-5.45
13054.0,-5.01
13055.0,-5.44
13056.0,-5.98
13057.0,-5.59
13058.0,-5.65
13059.0,-5.28
13060.0,-5.38
13061.0,-5.65
13062.0,-5.04
13063.0,-5.11
13064.0,-5.430000000000001
13065.0,-5.91
13066.0,-5.24
13067.0,-5.02
13068.0,-5.2700000000000005
13069.0,-5.3
13070.0,-5.07
13071.0,-5.03
13072.0,-5.05
13073.0,-5.26
13074.0,-5.48
13075.0,-5.28
13076.0,-5.02
13077.0,-5.25
13078.0,-5.03
13079.0,-5.430000000000001
13080.0,-5.08
13081.0,-5.38
13082.0,-5.3100000000000005
13083.0,-5.04
13084.0,-5.3500000000000005
13085.0,-5.65
13086.0,-5.05
13087.0,-5.06
13088.0,-5.430000000000001
13089.0,-5.36
13090.0,-5.04
13091.0,-5.430000000000001
13092.0,-5.3
13093.0,-5.01
13094.0,-5.6000000000000005
13095.0,-5.2700000000000005
13096.0,-5.1
13097.0,-5.6000000000000005
13098.0,-5.15
13099.0,-5.42
13100.0,-5.09
13101.0,-5.58
13102.0,-5.26
13103.0,-5.25
13104.0,-5.01
13105.0,-5.38
13106.0,-5.46
13107.0,-5.3500000000000005
13108.0,-5.51
13109.0,-5.03
13110.0,-5.5200000000000005
13111.0,-5.06
13112.0,-5.07
13113.0,-5.02
13114.0,-5.01
13115.0,-5.01
13116.0,-5.07
13117.0,-5.41
13118.0,-5.61
13119.0,-5.33
13120.0,-5.01
13121.0,4.129999999999999
13122.0,-5.25
13123.0,-5.61
13124.0,-5.34
13125.0,-5.04
13126.0,-5.390000000000001
13127.0,4.1899999999999995
13128.0,-5.15
13129.0,-5.3100000000000005
13130.0,-5.550000000000001
13131.0,-5.5200000000000005
13132.0,-5.04
13133.0,-5.02
13134.0,-5.08
13135.0,-5.25
13136.0,-5.04
13137.0,-5.01
13138.0,-5.6000000000000005
13139.0,-5.3500000000000005
13140.0,-5.44
13141.0,-5.880000000000001
13142.0,-5.41
13143.0,-5.2700000000000005
13144.0,-5.14
13145.0,-5.22
13146.0,-5.32
13147.0,-5.12
13148.0,-5.51
13149.0,-5.5
13150.0,-5.34
13151.0,-5.59
13152.0,-5.430000000000001
13153.0,-5.44
13154.0,-5.03
13155.0,-5.07
13156.0,-5.32
13157.0,-5.02
13158.0,-5.08
13159.0,-5.840000000000001
13160.0,-5.36
13161.0,-5.01
13162.0,-5.09
13163.0,-5.75
13164.0,-5.02
13165.0,-5.38
13166.0,-5.01
13167.0,4.079999999999999
13168.0,-5.42
13169.0,-5.57
13170.0,-5.34
13171.0,-5.06
13172.0,-5.02
13173.0,-5.34
13174.0,-5.06
13175.0,-5.24
13176.0,-5.02
13177.0,-5.51
13178.0,-5.44
13179.0,-5.05
13180.0,-5.04
13181.0,-5.02
13182.0,-5.01
13183.0,-5.1
13184.0,-5.390000000000001
13185.0,-5.51
13186.0,-5.03
13187.0,-5.61
13188.0,-5.09
13189.0,-5.03
13190.0,-5.02
13191.0,-5.02
13192.0,4.279999999999999
13193.0,-5.28
13194.0,-5.23
13195.0,-5.05
13196.0,-5.01
13197.0,-5.18
13198.0,-5.02
13199.0,-5.42
13200.0,-5.51
13201.0,-5.390000000000001
13202.0,-5.42
13203.0,-5.83
13204.0,-5.69
13205.0,-5.38
13206.0,-5.5200000000000005
13207.0,-5.01
13208.0,-5.29
13209.0,-5.5600000000000005
13210.0,-5.640000000000001
13211.0,-5.05
13212.0,-5.02
13213.0,4.25
13214.0,-5.12
13215.0,-5.34
13216.0,-5.54
13217.0,-5.3500000000000005
13218.0,-5.7700000000000005
13219.0,-5.53
13220.0,-5.44
13221.0,-5.46
13222.0,-5.02
13223.0,-5.05
13224.0,-5.37
13225.0,-5.34
13226.0,-5.01
13227.0,-5.41
13228.0,-5.430000000000001
13229.0,-5.08
13230.0,-5.33
13231.0,-5.5600000000000005
13232.0,-5.03
13233.0,-5.42
13234.0,-5.13
13235.0,-5.58
13236.0,-5.12
13237.0,-5.05
13238.0,-5.02
13239.0,-5.53
13240.0,-5.02
13241.0,-5.02
13242.0,-5.08
13243.0,4.34
13244.0,-5.04
13245.0,-5.05
13246.0,-5.06
13247.0,-5.33
13248.0,-5.37
13249.0,-5.02
13250.0,-5.5
13251.0,-5.06
13252.0,-5.05
13253.0,-5.2700000000000005
13254.0,-5.03
13255.0,-5.28
13256.0,-5.02
13257.0,-5.02
13258.0,-5.44
13259.0,-5.01
13260.0,-5.5
13261.0,-5.37
13262.0,-5.3
13263.0,-5.3
13264.0,-5.51
13265.0,-5.710000000000001
13266.0,-5.29
13267.0,-5.04
13268.0,-5.04
13269.0,-5.41
13270.0,-5.41
13271.0,-5.04
13272.0,-5.28
13273.0,-5.42
13274.0,-5.01
13275.0,-5.04
13276.0,-5.44
13277.0,-5.02
13278.0,-5.01
13279.0,-5.7
13280.0,-5.44
13281.0,-5.390000000000001
13282.0,-5.33
13283.0,-5.07
13284.0,-5.32
13285.0,-5.3500000000000005
13286.0,-5.21
13287.0,-5.11
13288.0,-5.44
13289.0,-5.02
13290.0,-5.3500000000000005
13291.0,-5.01
13292.0,-5.06
13293.0,-5.22
13294.0,-5.05
13295.0,-5.02
13296.0,-5.01
13297.0,-5.470000000000001
13298.0,-5.34
13299.0,-5.14
13300.0,-5.59
13301.0,-5.37
13302.0,-5.23
13303.0,-5.33
13304.0,-5.57
13305.0,-5.02
13306.0,-5.06
13307.0,-5.1
13308.0,-5.33
13309.0,-5.69
13310.0,-5.34
13311.0,-5.06
13312.0,-5.3
13313.0,-5.48
13314.0,-5.06
13315.0,-5.01
13316.0,-5.44
13317.0,-5.2700000000000005
13318.0,-5.02
13319.0,-5.07
13320.0,-5.02
13321.0,-5.01
13322.0,-5.07
13323.0,-5.03
13324.0,-5.630000000000001
13325.0,-5.33
13326.0,-5.01
13327.0,-5.5600000000000005
13328.0,-5.4
13329.0,-5.01
13330.0,-5.26
13331.0,-5.45
13332.0,-5.37
13333.0,-5.3
13334.0,-5.42
13335.0,-5.22
13336.0,-5.26
13337.0,-5.53
13338.0,-5.07
13339.0,-5.05
13340.0,-5.36
13341.0,-5.38
13342.0,-5.02
13343.0,-5.06
13344.0,-5.430000000000001
13345.0,-5.02
13346.0,-5.4
13347.0,-5.01
13348.0,-5.34
13349.0,-5.01
13350.0,-5.48
13351.0,-5.54
13352.0,-5.3500000000000005
13353.0,-5.4
13354.0,-5.08
13355.0,-5.01
13356.0,-5.5
13357.0,-5.3500000000000005
13358.0,-5.08
13359.0,-5.02
13360.0,-5.07
13361.0,-5.920000000000001
13362.0,4.129999999999999
13363.0,-5.04
13364.0,-5.04
13365.0,-5.09
13366.0,-5.62
13367.0,-5.09
13368.0,-5.01
13369.0,-5.46
13370.0,-5.01
13371.0,-5.01
13372.0,-5.15
13373.0,-5.1
13374.0,-5.02
13375.0,-5.37
13376.0,-5.02
13377.0,-5.46
13378.0,-5.06
13379.0,-5.4
13380.0,-5.29
13381.0,-5.06
13382.0,-5.02
13383.0,-5.07
13384.0,-5.28
13385.0,-5.48
13386.0,-5.01
13387.0,-5.01
13388.0,-5.5200000000000005
13389.0,-5.5
13390.0,-5.51
13391.0,-5.41
13392.0,-5.01
13393.0,-5.53
13394.0,-5.25
13395.0,-5.28
13396.0,-5.5600000000000005
13397.0,-5.08
13398.0,4.129999999999999
13399.0,-5.08
13400.0,-5.33
13401.0,-5.05
13402.0,-5.38
13403.0,-5.2700000000000005
13404.0,-5.62
13405.0,-5.390000000000001
13406.0,-5.470000000000001
13407.0,-5.29
13408.0,-5.05
13409.0,4.33
13410.0,-5.14
13411.0,-5.3100000000000005
13412.0,-5.01
13413.0,-5.03
13414.0,-5.33
13415.0,-5.02
13416.0,-5.5
13417.0,-5.03
13418.0,-5.38
13419.0,-5.430000000000001
13420.0,4.209999999999999
13421.0,-5.01
13422.0,-5.34
13423.0,-5.26
13424.0,-5.01
13425.0,-5.01
13426.0,-5.06
13427.0,-5.02
13428.0,-5.02
13429.0,-5.38
13430.0,-5.4
13431.0,-5.06
13432.0,-5.470000000000001
13433.0,-5.38
13434.0,-5.02
13435.0,-5.09
13436.0,-5.23
13437.0,-5.08
13438.0,-5.45
13439.0,-5.04
13440.0,-5.24
13441.0,-5.34
13442.0,-5.65
13443.0,-5.65
13444.0,-5.02
13445.0,-5.61
13446.0,-5.34
13447.0,-5.41
13448.0,-5.02
13449.0,-5.5600000000000005
13450.0,-5.02
13451.0,-5.38
13452.0,-5.01
13453.0,-5.430000000000001
13454.0,-5.07
13455.0,-5.05
13456.0,-5.51
13457.0,4.069999999999999
13458.0,-5.6000000000000005
13459.0,-5.04
13460.0,-5.01
13461.0,-5.01
13462.0,-5.01
13463.0,-5.09
13464.0,-5.32
13465.0,-5.05
13466.0,-5.12
13467.0,-5.02
13468.0,-5.02
13469.0,-5.02
13470.0,-5.32
13471.0,-5.69
13472.0,-5.01
13473.0,-5.04
13474.0,-5.36
13475.0,-5.05
13476.0,-5.5200000000000005
13477.0,-5.04
13478.0,-5.04
13479.0,-5.03
13480.0,-5.51
13481.0,-5.04
13482.0,-5.07
13483.0,-5.05
13484.0,-5.02
13485.0,-5.02
13486.0,-5.38
13487.0,-5.46
13488.0,-5.12
13489.0,-5.42
13490.0,-5.2700000000000005
13491.0,-5.04
13492.0,-5.04
13493.0,-5.11
13494.0,-5.08
13495.0,-5.550000000000001
13496.0,-5.4
13497.0,-5.02
13498.0,-5.14
13499.0,-5.32
13500.0,-5.12
13501.0,-5.18
13502.0,-5.470000000000001
13503.0,-5.06
13504.0,-5.21
13505.0,-5.1
13506.0,-5.03
13507.0,-5.680000000000001
13508.0,-5.01
13509.0,-5.11
13510.0,-5.42
13511.0,-5.41
13512.0,-5.03
13513.0,-5.03
13514.0,-5.01
13515.0,-5.3500000000000005
13516.0,-5.26
13517.0,-5.5600000000000005
13518.0,-5.37
13519.0,-5.59
13520.0,-5.32
13521.0,-5.02
13522.0,-5.34
13523.0,-5.46
13524.0,4.199999999999999
13525.0,-5.12
13526.0,-5.45
13527.0,-5.5200000000000005
13528.0,-5.37
13529.0,-5.04
13530.0,-5.18
13531.0,-5.29
13532.0,-5.49
13533.0,-5.18
13534.0,-5.08
13535.0,-5.720000000000001
13536.0,-5.74
13537.0,-5.53
13538.0,-5.28
13539.0,-5.51
13540.0,-5.02
13541.0,-5.05
13542.0,-5.01
13543.0,-5.03
13544.0,-5.05
13545.0,-5.42
13546.0,-5.03
13547.0,-5.04
13548.0,-5.06
13549.0,4.3
13550.0,-5.470000000000001
13551.0,-5.04
13552.0,-5.08
13553.0,-5.26
13554.0,-5.01
13555.0,-5.28
13556.0,-5.25
13557.0,-5.58
13558.0,-5.05
13559.0,-5.02
13560.0,-5.02
13561.0,-5.19
13562.0,-5.04
13563.0,-5.03
13564.0,-5.02
13565.0,-5.26
13566.0,-5.08
13567.0,-5.3
13568.0,-5.05
13569.0,-5.32
13570.0,-5.550000000000001
13571.0,-5.06
13572.0,-5.09
13573.0,-5.1
13574.0,-5.38
13575.0,-5.33
13576.0,-5.26
13577.0,-5.02
13578.0,-5.24
13579.0,-5.28
13580.0,-5.02
13581.0,-5.37
13582.0,4.17
13583.0,-5.02
13584.0,-5.32
13585.0,-5.04
13586.0,-5.02
13587.0,-5.22
13588.0,-5.2
13589.0,-5.57
13590.0,-5.45
13591.0,-5.29
13592.0,-5.33
13593.0,-5.09
13594.0,-5.33
13595.0,-5.02
13596.0,-5.51
13597.0,-5.06
13598.0,-5.04
13599.0,-5.01
13600.0,-5.48
13601.0,-5.07
13602.0,-5.38
13603.0,-5.03
13604.0,-5.37
13605.0,-5.42
13606.0,-5.42
13607.0,-5.09
13608.0,-5.01
13609.0,-5.46
13610.0,-5.07
13611.0,-5.3500000000000005
13612.0,-5.1
13613.0,-5.03
13614.0,-5.53
13615.0,-5.630000000000001
13616.0,-5.34
13617.0,-5.53
13618.0,-5.01
13619.0,-5.58
13620.0,-5.1
13621.0,-5.62
13622.0,-5.01
13623.0,-5.45
13624.0,-5.33
13625.0,-5.48
13626.0,-5.74
13627.0,-5.04
13628.0,-5.390000000000001
13629.0,-5.08
13630.0,-5.550000000000001
13631.0,-5.07
13632.0,-5.44
13633.0,-5.06
13634.0,-5.01
13635.0,-5.02
13636.0,-5.390000000000001
13637.0,-5.73
13638.0,-5.26
13639.0,-5.6000000000000005
13640.0,-5.390000000000001
13641.0,-5.02
13642.0,-5.51
13643.0,-5.550000000000001
13644.0,-5.17
13645.0,-5.04
13646.0,-5.04
13647.0,-5.05
13648.0,-5.38
13649.0,-5.06
13650.0,-5.390000000000001
13651.0,-5.6000000000000005
13652.0,-5.32
13653.0,-5.03
13654.0,-5.06
13655.0,-5.51
13656.0,-5.34
13657.0,-5.06
13658.0,-5.04
13659.0,-5.49
13660.0,-5.07
13661.0,-5.41
13662.0,-5.14
13663.0,-5.5200000000000005
13664.0,-5.07
13665.0,-5.54
13666.0,-5.06
13667.0,-5.02
13668.0,-5.630000000000001
13669.0,-5.69
13670.0,-5.04
13671.0,-5.24
13672.0,-5.04
13673.0,-5.28
13674.0,-5.24
13675.0,-5.03
13676.0,-5.06
13677.0,-5.02
13678.0,-5.11
13679.0,-5.02
13680.0,-5.02
13681.0,-5.24
13682.0,-5.54
13683.0,-5.07
13684.0,-5.04
13685.0,-5.61
13686.0,-5.01
13687.0,-5.3
13688.0,-5.07
13689.0,-5.42
13690.0,-5.42
13691.0,-5.32
13692.0,-5.04
13693.0,-5.390000000000001
13694.0,-5.6000000000000005
13695.0,-5.04
13696.0,-5.5
13697.0,-5.05
13698.0,-5.33
13699.0,-5.42
13700.0,-5.03
13701.0,-5.04
13702.0,-5.26
13703.0,-5.5200000000000005
13704.0,-5.01
13705.0,-5.06
13706.0,-5.1
13707.0,-5.390000000000001
13708.0,-5.2700000000000005
13709.0,-5.640000000000001
13710.0,-5.04
13711.0,-5.07
13712.0,-5.07
13713.0,-5.390000000000001
13714.0,-5.05
13715.0,-5.630000000000001
13716.0,-5.01
13717.0,-5.02
13718.0,-5.28
13719.0,-5.29
13720.0,-5.01
13721.0,-5.03
13722.0,-5.720000000000001
13723.0,-5.13
13724.0,-5.26
13725.0,-5.3
13726.0,-5.02
13727.0,-5.62
13728.0,-5.41
13729.0,-5.33
13730.0,-5.07
13731.0,-5.7
13732.0,-5.48
13733.0,-5.470000000000001
13734.0,-5.2
13735.0,-5.01
13736.0,-5.01
13737.0,-5.2700000000000005
13738.0,-5.02
13739.0,-5.03
13740.0,-5.03
13741.0,-5.37
13742.0,-5.04
13743.0,-5.34
13744.0,-5.06
13745.0,-5.61
13746.0,-5.06
13747.0,-5.6000000000000005
13748.0,-5.01
13749.0,-5.28
13750.0,-5.03
13751.0,-5.04
13752.0,-5.5
13753.0,4.119999999999999
13754.0,-5.06
13755.0,-5.04
13756.0,-5.28
13757.0,-5.11
13758.0,-5.37
13759.0,-5.59
13760.0,4.369999999999999
13761.0,-5.03
13762.0,-5.630000000000001
13763.0,-5.3500000000000005
13764.0,-5.2700000000000005
13765.0,4.1
13766.0,-5.49
13767.0,-5.470000000000001
13768.0,-5.05
13769.0,-5.41
13770.0,-5.34
13771.0,-5.03
13772.0,-5.34
13773.0,-5.22
13774.0,-5.34
13775.0,-5.38
13776.0,-5.5200000000000005
13777.0,-5.800000000000001
13778.0,-5.24
13779.0,-5.69
13780.0,-5.5
13781.0,-5.03
13782.0,-5.680000000000001
13783.0,-5.3100000000000005
13784.0,-5.07
13785.0,-5.01
13786.0,-5.41
13787.0,-5.05
13788.0,-5.03
13789.0,-5.29
13790.0,-5.01
13791.0,-5.01
13792.0,-5.32
13793.0,-5.41
13794.0,-5.33
13795.0,-5.1
13796.0,-5.37
13797.0,-5.06
13798.0,-5.44
13799.0,-5.06
13800.0,-5.32
13801.0,4.38
13802.0,-5.01
13803.0,-5.01
13804.0,-5.3500000000000005
13805.0,-5.430000000000001
13806.0,-5.54
13807.0,-5.11
13808.0,-5.1
13809.0,-5.01
13810.0,-5.05
13811.0,-5.02
13812.0,-5.46
13813.0,-5.01
13814.0,-5.36
13815.0,-5.3
13816.0,-5.06
13817.0,-5.3
13818.0,-5.02
13819.0,-5.09
13820.0,-5.09
13821.0,-5.09
13822.0,-5.04
13823.0,-5.03
13824.0,-5.06
13825.0,-5.42
13826.0,-5.57
13827.0,-5.4
13828.0,-5.34
13829.0,-5.02
13830.0,-5.36
13831.0,-5.03
13832.0,-5.01
13833.0,-5.37
13834.0,-5.26
13835.0,-5.3
13836.0,-5.44
13837.0,-5.430000000000001
13838.0,-5.630000000000001
13839.0,-5.01
13840.0,-5.01
13841.0,-5.07
13842.0,-5.32
13843.0,-5.37
13844.0,-5.19
13845.0,-5.03
13846.0,-5.04
13847.0,-5.05
13848.0,-5.04
13849.0,-5.390000000000001
13850.0,-5.29
13851.0,-5.03
13852.0,-5.02
13853.0,-5.04
13854.0,-5.02
13855.0,-5.34
13856.0,-5.06
13857.0,-5.01
13858.0,-5.05
13859.0,-5.46
13860.0,-5.07
13861.0,-5.6000000000000005
13862.0,-5.05
13863.0,-5.21
13864.0,-5.08
13865.0,-5.06
13866.0,-5.4
13867.0,-5.3100000000000005
13868.0,-5.44
13869.0,-5.12
13870.0,-5.45
13871.0,-5.44
13872.0,-5.4
13873.0,-5.08
13874.0,-5.02
13875.0,-5.02
13876.0,-5.42
13877.0,-5.6000000000000005
13878.0,-5.02
13879.0,-5.390000000000001
13880.0,-5.05
13881.0,-5.430000000000001
13882.0,-5.02
13883.0,-5.22
13884.0,-5.03
13885.0,-5.01
13886.0,-5.430000000000001
13887.0,-5.29
13888.0,-5.6000000000000005
13889.0,-5.7700000000000005
13890.0,-5.02
13891.0,-5.48
13892.0,-5.14
13893.0,-5.04
13894.0,-5.05
13895.0,-5.44
13896.0,-5.4
13897.0,-5.42
13898.0,-5.62
13899.0,-5.58
13900.0,-5.710000000000001
13901.0,-5.37
13902.0,-5.04
13903.0,-5.06
13904.0,-5.02
13905.0,-5.06
13906.0,-5.59
13907.0,-5.11
13908.0,-5.32
13909.0,-5.37
13910.0,-5.01
13911.0,-5.48
13912.0,-5.02
13913.0,-5.760000000000001
13914.0,-5.3
13915.0,-5.73
13916.0,-5.07
13917.0,-5.33
13918.0,-5.57
13919.0,-5.73
13920.0,-5.04
13921.0,-5.5
13922.0,-5.46
13923.0,-5.02
13924.0,-5.34
13925.0,-5.04
13926.0,-5.66
13927.0,-5.28
13928.0,-5.03
13929.0,-5.19
13930.0,-5.01
13931.0,-5.49
13932.0,-5.1
13933.0,-5.41
13934.0,-5.08
13935.0,-5.01
13936.0,-5.06
13937.0,-5.5
13938.0,-5.870000000000001
13939.0,-5.25
13940.0,-5.48
13941.0,-5.03
13942.0,-5.03
13943.0,-5.01
13944.0,-5.41
13945.0,-5.02
13946.0,-5.36
13947.0,-5.24
13948.0,-5.07
13949.0,-5.3500000000000005
13950.0,-5.51
13951.0,-5.01
13952.0,-5.710000000000001
13953.0,-5.02
13954.0,4.43
13955.0,-5.01
13956.0,-5.58
13957.0,-5.45
13958.0,-5.5
13959.0,-5.01
13960.0,-5.48
13961.0,4.049999999999999
13962.0,-5.49
13963.0,-5.37
13964.0,-5.51
13965.0,-5.02
13966.0,-5.61
13967.0,-5.24
13968.0,-5.5
13969.0,-5.07
13970.0,-5.38
13971.0,-5.05
13972.0,-5.11
13973.0,-5.04
13974.0,-5.32
13975.0,-5.16
13976.0,-5.38
13977.0,-5.02
13978.0,-5.59
13979.0,-5.94
13980.0,-5.06
13981.0,-5.08
13982.0,-5.26
13983.0,-5.41
13984.0,-5.02
13985.0,-5.42
13986.0,-5.29
13987.0,-5.01
13988.0,-5.3
13989.0,-5.22
13990.0,-5.2700000000000005
13991.0,-5.25
13992.0,-5.41
13993.0,-5.5600000000000005
13994.0,-5.03
13995.0,-5.04
13996.0,-5.41
13997.0,-5.1
13998.0,-5.58
13999.0,-5.38
14000.0,-5.34
14001.0,-5.21
14002.0,-5.470000000000001
14003.0,-5.38
14004.0,-5.02
14005.0,-5.02
14006.0,-5.22
14007.0,-5.03
14008.0,-5.3100000000000005
14009.0,-5.65
14010.0,-5.03
14011.0,-5.46
14012.0,-5.430000000000001
14013.0,-5.42
14014.0,-5.18
14015.0,-5.41
14016.0,-5.46
14017.0,-5.65
14018.0,-5.01
14019.0,-5.46
14020.0,-5.4
14021.0,4.239999999999999
14022.0,-5.550000000000001
14023.0,-5.34
14024.0,-5.46
14025.0,-5.06
14026.0,-5.4
14027.0,-5.49
14028.0,-5.36
14029.0,-5.8500000000000005
14030.0,-5.2700000000000005
14031.0,-5.3100000000000005
14032.0,-5.32
14033.0,-5.430000000000001
14034.0,-5.5
14035.0,-5.3500000000000005
14036.0,-5.36
14037.0,-5.05
14038.0,-5.28
14039.0,-5.02
14040.0,-5.04
14041.0,-5.51
14042.0,-5.5
14043.0,-5.02
14044.0,-5.470000000000001
14045.0,-5.01
14046.0,-5.46
14047.0,-5.41
14048.0,-5.2700000000000005
14049.0,-5.08
14050.0,-5.02
14051.0,-5.5200000000000005
14052.0,-5.390000000000001
14053.0,-5.3500000000000005
14054.0,-5.06
14055.0,-5.48
14056.0,-5.12
14057.0,-5.04
14058.0,-5.46
14059.0,-5.06
14060.0,-5.4
14061.0,-5.02
14062.0,-5.38
14063.0,-5.02
14064.0,-5.21
14065.0,-5.01
14066.0,-5.02
14067.0,-5.01
14068.0,-5.01
14069.0,-5.61
14070.0,-5.01
14071.0,-5.390000000000001
14072.0,-5.29
14073.0,-5.08
14074.0,-5.03
14075.0,-5.08
14076.0,-5.2
14077.0,-5.32
14078.0,-5.12
14079.0,-5.2700000000000005
14080.0,4.42
14081.0,-5.04
14082.0,-5.42
14083.0,-5.01
14084.0,4.279999999999999
14085.0,-5.07
14086.0,-5.01
14087.0,-5.02
14088.0,-5.53
14089.0,-5.07
14090.0,-5.04
14091.0,-5.03
14092.0,-5.24
14093.0,-5.06
14094.0,-5.38
14095.0,-5.3
14096.0,-5.07
14097.0,-5.05
14098.0,-5.06
14099.0,-5.28
14100.0,-5.51
14101.0,-5.02
14102.0,-5.07
14103.0,-5.48
14104.0,-5.08
14105.0,-5.07
14106.0,-5.04
14107.0,-5.550000000000001
14108.0,-5.02
14109.0,-5.4
14110.0,-5.01
14111.0,-5.3
14112.0,-5.06
14113.0,-5.05
14114.0,-5.02
14115.0,-5.32
14116.0,-5.45
14117.0,-5.2700000000000005
14118.0,-5.01
14119.0,-5.04
14120.0,-5.46
14121.0,-5.06
14122.0,-5.06
14123.0,-5.3100000000000005
14124.0,-5.390000000000001
14125.0,-5.790000000000001
14126.0,-5.59
14127.0,-5.04
14128.0,-5.5200000000000005
14129.0,-5.61
14130.0,-5.36
14131.0,-5.02
14132.0,-5.3500000000000005
14133.0,-5.08
14134.0,-5.05
14135.0,-5.03
14136.0,-5.430000000000001
14137.0,-5.22
14138.0,-5.69
14139.0,-5.04
14140.0,-5.41
14141.0,-5.46
14142.0,-5.04
14143.0,-5.06
14144.0,-5.03
14145.0,-5.06
14146.0,-5.51
14147.0,-5.58
14148.0,-5.02
14149.0,-5.36
14150.0,-5.2
14151.0,-5.03
14152.0,-5.07
14153.0,-5.33
14154.0,-5.25
14155.0,4.39
14156.0,-5.390000000000001
14157.0,-5.48
14158.0,-5.03
14159.0,4.31
14160.0,-5.32
14161.0,-5.45
14162.0,-5.03
14163.0,-5.22
14164.0,-5.38
14165.0,-5.3100000000000005
14166.0,-5.3500000000000005
14167.0,-5.37
14168.0,-5.390000000000001
14169.0,-5.06
14170.0,-5.05
14171.0,-5.74
14172.0,-5.32
14173.0,-5.32
14174.0,-5.1
14175.0,-5.16
14176.0,-5.04
14177.0,-5.470000000000001
14178.0,-5.04
14179.0,-5.42
14180.0,-5.18
14181.0,-5.49
14182.0,-5.25
14183.0,-5.01
14184.0,-5.66
14185.0,-5.02
14186.0,-5.01
14187.0,-5.470000000000001
14188.0,-5.24
14189.0,-5.2
14190.0,-5.38
14191.0,-5.41
14192.0,-5.33
14193.0,-5.05
14194.0,-5.01
14195.0,-5.38
14196.0,-5.2
14197.0,-5.67
14198.0,-5.41
14199.0,-5.22
14200.0,-5.4
14201.0,-5.03
14202.0,-5.48
14203.0,-5.14
14204.0,-5.4
14205.0,-5.03
14206.0,-5.04
14207.0,-5.3500000000000005
14208.0,-5.01
14209.0,-5.04
14210.0,-5.16
14211.0,-5.41
14212.0,-5.04
14213.0,-5.32
14214.0,-5.49
14215.0,4.199999999999999
14216.0,-5.04
14217.0,-5.34
14218.0,-5.02
14219.0,-5.44
14220.0,-5.01
14221.0,-5.32
14222.0,-5.01
14223.0,-5.41
14224.0,-5.54
14225.0,-5.41
14226.0,-5.48
14227.0,-5.01
14228.0,-5.22
14229.0,-5.02
14230.0,-5.01
14231.0,-5.03
14232.0,-5.24
14233.0,-5.01
14234.0,-5.03
14235.0,-5.3
14236.0,-5.25
14237.0,-5.42
14238.0,-5.36
14239.0,-5.38
14240.0,-5.42
14241.0,-5.36
14242.0,-5.21
14243.0,-5.02
14244.0,-5.2700000000000005
14245.0,-5.470000000000001
14246.0,-5.5
14247.0,-5.4
14248.0,-5.04
14249.0,-5.44
14250.0,-5.36
14251.0,-5.34
14252.0,-5.640000000000001
14253.0,-5.01
14254.0,-5.29
14255.0,4.449999999999999
14256.0,-5.05
14257.0,-5.19
14258.0,-5.24
14259.0,-5.01
14260.0,-5.36
14261.0,-5.05
14262.0,4.27
14263.0,-5.49
14264.0,-5.04
14265.0,-5.06
14266.0,-5.6000000000000005
14267.0,-5.7
14268.0,-5.08
14269.0,-5.470000000000001
14270.0,-5.3100000000000005
14271.0,-5.01
14272.0,-5.06
14273.0,-5.73
14274.0,-5.05
14275.0,-5.41
14276.0,-5.28
14277.0,-5.470000000000001
14278.0,-5.29
14279.0,-5.58
14280.0,-5.06
14281.0,-5.37
14282.0,-5.36
14283.0,-5.38
14284.0,-5.41
14285.0,-5.3500000000000005
14286.0,-5.78
14287.0,-5.48
14288.0,-5.05
14289.0,-5.28
14290.0,-5.7
14291.0,-5.04
14292.0,-5.25
14293.0,-5.28
14294.0,-5.09
14295.0,-5.04
14296.0,-5.02
14297.0,-5.02
14298.0,-5.33
14299.0,-5.470000000000001
14300.0,-5.14
14301.0,-5.08
14302.0,4.199999999999999
14303.0,-5.01
14304.0,-5.51
14305.0,-5.02
14306.0,-5.07
14307.0,-5.03
14308.0,-5.02
14309.0,-5.2700000000000005
14310.0,-5.6000000000000005
14311.0,-5.08
14312.0,-5.45
14313.0,-5.01
14314.0,-5.38
14315.0,-5.04
14316.0,-5.04
14317.0,-5.06
14318.0,-5.38
14319.0,-5.65
14320.0,4.209999999999999
14321.0,-5.6000000000000005
14322.0,-5.05
14323.0,-5.36
14324.0,-5.34
14325.0,-5.41
14326.0,-5.02
14327.0,-5.25
14328.0,-5.02
14329.0,4.26
14330.0,-5.07
14331.0,-5.42
14332.0,-5.5600000000000005
14333.0,-5.5200000000000005
14334.0,-5.32
14335.0,-5.21
14336.0,-5.01
14337.0,-5.01
14338.0,-5.17
14339.0,-5.44
14340.0,-5.02
14341.0,-5.38
14342.0,-5.42
14343.0,-5.04
14344.0,-5.04
14345.0,-5.630000000000001
14346.0,-5.45
14347.0,-5.46
14348.0,-5.430000000000001
14349.0,-5.32
14350.0,-5.29
14351.0,-5.33
14352.0,-5.3500000000000005
14353.0,-5.36
14354.0,-5.34
14355.0,-5.36
14356.0,-5.01
14357.0,-5.07
14358.0,-5.3
14359.0,-5.14
14360.0,-5.01
14361.0,-5.5
14362.0,-5.4
14363.0,-5.390000000000001
14364.0,-5.41
14365.0,-5.04
14366.0,-5.28
14367.0,-5.03
14368.0,-5.53
14369.0,-5.08
14370.0,-5.01
14371.0,-5.11
14372.0,-5.07
14373.0,-5.36
14374.0,-5.01
14375.0,-5.46
14376.0,-5.42
14377.0,-5.28
14378.0,-5.02
14379.0,-5.04
14380.0,-5.49
14381.0,-5.34
14382.0,-5.08
14383.0,-5.62
14384.0,-5.24
14385.0,-5.78
14386.0,-5.02
14387.0,-5.15
14388.0,-5.6000000000000005
14389.0,-5.07
14390.0,-5.07
14391.0,-5.03
14392.0,-5.430000000000001
14393.0,-5.18
14394.0,-5.26
14395.0,-5.28
14396.0,-5.11
14397.0,-5.48
14398.0,-5.21
14399.0,-5.54
14400.0,-5.54
14401.0,-5.44
14402.0,-5.25
14403.0,-5.3500000000000005
14404.0,-5.22
14405.0,-5.2700000000000005
14406.0,-5.03
14407.0,-5.28
14408.0,-5.04
14409.0,-5.28
14410.0,-5.29
14411.0,-5.430000000000001
14412.0,-5.61
14413.0,-5.470000000000001
14414.0,-5.02
14415.0,-5.1
14416.0,-5.41
14417.0,-5.7700000000000005
14418.0,-5.04
14419.0,-5.46
14420.0,-5.3
14421.0,-5.3
14422.0,-5.550000000000001
14423.0,-5.01
14424.0,-5.05
14425.0,-5.26
14426.0,-5.38
14427.0,-5.19
14428.0,-5.2
14429.0,-5.3100000000000005
14430.0,-5.01
14431.0,-5.02
14432.0,-5.33
14433.0,-5.38
14434.0,-5.54
14435.0,-5.430000000000001
14436.0,-5.29
14437.0,-5.46
14438.0,-5.07
14439.0,-5.37
14440.0,-5.02
14441.0,-5.04
14442.0,-5.09
14443.0,-5.470000000000001
14444.0,-5.08
14445.0,-5.46
14446.0,-5.54
14447.0,-5.5600000000000005
14448.0,-5.37
14449.0,-5.26
14450.0,-5.01
14451.0,-5.01
14452.0,-5.08
14453.0,-5.01
14454.0,-5.03
14455.0,-5.430000000000001
14456.0,-5.04
14457.0,-5.04
14458.0,-5.01
14459.0,-5.54
14460.0,-5.16
14461.0,-5.42
14462.0,-5.26
14463.0,-5.33
14464.0,-5.01
14465.0,-5.08
14466.0,-5.6000000000000005
14467.0,-5.04
14468.0,-5.34
14469.0,-5.01
14470.0,-5.24
14471.0,-5.01
14472.0,-5.08
14473.0,-5.01
14474.0,-5.46
14475.0,-5.01
14476.0,-5.390000000000001
14477.0,-5.11
14478.0,-5.65
14479.0,-5.01
14480.0,-5.02
14481.0,-5.03
14482.0,-5.36
14483.0,-5.37
14484.0,4.39
14485.0,-5.02
14486.0,-5.38
14487.0,-5.29
14488.0,-5.22
14489.0,-5.41
14490.0,-5.49
14491.0,-5.33
14492.0,-5.24
14493.0,-5.01
14494.0,-5.01
14495.0,-5.01
14496.0,-5.03
14497.0,-5.74
14498.0,-5.38
14499.0,-5.470000000000001
14500.0,-5.07
14501.0,-5.390000000000001
14502.0,-5.3500000000000005
14503.0,-5.11
14504.0,-5.09
14505.0,-5.05
14506.0,-5.13
14507.0,-5.09
14508.0,-5.41
14509.0,-5.61
14510.0,-5.07
14511.0,-5.04
14512.0,-5.02
14513.0,-5.65
14514.0,-5.46
14515.0,-5.1
14516.0,-5.2700000000000005
14517.0,-5.5200000000000005
14518.0,-5.02
14519.0,-5.5200000000000005
14520.0,-5.01
14521.0,-5.51
14522.0,-5.09
14523.0,-5.02
14524.0,-5.28
14525.0,-5.48
14526.0,-5.01
14527.0,-5.04
14528.0,-5.16
14529.0,-5.54
14530.0,-5.04
14531.0,-5.36
14532.0,-5.28
14533.0,-5.42
14534.0,-5.2700000000000005
14535.0,4.279999999999999
14536.0,-5.3100000000000005
14537.0,-5.1
14538.0,-5.02
14539.0,-5.38
14540.0,-5.06
14541.0,-5.16
14542.0,-5.05
14543.0,-5.03
14544.0,4.319999999999999
14545.0,-5.02
14546.0,-5.3100000000000005
14547.0,-5.24
14548.0,-5.45
14549.0,-5.470000000000001
14550.0,-5.51
14551.0,-5.01
14552.0,-5.36
14553.0,-5.03
14554.0,-5.3500000000000005
14555.0,-5.02
14556.0,-5.36
14557.0,-5.02
14558.0,-5.41
14559.0,-5.5
14560.0,-5.48
14561.0,-5.38
14562.0,-5.44
14563.0,-5.67
14564.0,-5.57
14565.0,-5.62
14566.0,-5.57
14567.0,-5.07
14568.0,-5.3500000000000005
14569.0,-5.36
14570.0,-5.19
14571.0,-5.05
14572.0,-5.3
14573.0,-5.33
14574.0,-5.51
14575.0,-5.29
14576.0,-5.5
14577.0,-5.65
14578.0,-5.01
14579.0,-5.32
14580.0,-5.58
14581.0,-5.1
14582.0,-5.4
14583.0,-5.06
14584.0,-5.3
14585.0,-5.28
14586.0,-5.21
14587.0,-5.470000000000001
14588.0,-5.01
14589.0,-5.08
14590.0,-5.48
14591.0,-5.680000000000001
14592.0,-5.03
14593.0,-5.36
14594.0,-5.4
14595.0,-5.3
14596.0,-5.02
14597.0,-5.390000000000001
14598.0,-5.08
14599.0,-5.06
14600.0,-5.22
14601.0,-5.33
14602.0,-5.03
14603.0,-5.3500000000000005
14604.0,-5.04
14605.0,-5.07
14606.0,-5.07
14607.0,-5.33
14608.0,-5.470000000000001
14609.0,-5.4
14610.0,-5.3
14611.0,-5.02
14612.0,-5.02
14613.0,-5.1
14614.0,-5.04
14615.0,-5.01
14616.0,-5.04
14617.0,-5.390000000000001
14618.0,-5.49
14619.0,-5.3100000000000005
14620.0,-5.49
14621.0,-5.12
14622.0,-5.29
14623.0,-5.02
14624.0,-5.44
14625.0,-5.05
14626.0,-5.01
14627.0,-5.3
14628.0,-5.02
14629.0,-5.57
14630.0,-5.26
14631.0,-5.05
14632.0,-5.01
14633.0,-5.5200000000000005
14634.0,-5.05
14635.0,-5.46
14636.0,-5.05
14637.0,-5.3
14638.0,-5.02
14639.0,-5.59
14640.0,-5.03
14641.0,-5.07
14642.0,-5.02
14643.0,-5.59
14644.0,-5.41
14645.0,-5.04
14646.0,-5.720000000000001
14647.0,-5.04
14648.0,-5.03
14649.0,-5.390000000000001
14650.0,-5.33
14651.0,-5.470000000000001
14652.0,-5.430000000000001
14653.0,-5.02
14654.0,-5.5200000000000005
14655.0,-5.3
14656.0,-5.3100000000000005
14657.0,-5.03
14658.0,-5.02
14659.0,-5.01
14660.0,-5.61
14661.0,-5.02
14662.0,-5.03
14663.0,-5.4
14664.0,-5.26
14665.0,-5.22
14666.0,-5.09
14667.0,-5.04
14668.0,-5.03
14669.0,-5.01
14670.0,-5.15
14671.0,-5.02
14672.0,-5.32
14673.0,-5.26
14674.0,-5.33
14675.0,-5.41
14676.0,-5.390000000000001
14677.0,-5.5
14678.0,-5.390000000000001
14679.0,-5.12
14680.0,-5.02
14681.0,-5.37
14682.0,-5.430000000000001
14683.0,-5.03
14684.0,-5.05
14685.0,-5.05
14686.0,-5.3
14687.0,-5.28
14688.0,4.02
14689.0,-5.33
14690.0,-5.01
14691.0,-5.5
14692.0,-5.42
14693.0,-5.44
14694.0,-5.42
14695.0,-5.720000000000001
14696.0,-5.32
14697.0,-5.03
14698.0,4.41
14699.0,-5.01
14700.0,-5.01
14701.0,-5.66
14702.0,-5.390000000000001
14703.0,-5.32
14704.0,-5.28
14705.0,-5.03
14706.0,-5.02
14707.0,-5.6000000000000005
14708.0,-5.02
14709.0,-5.33
14710.0,-5.42
14711.0,-5.2700000000000005
14712.0,-5.4
14713.0,-5.02
14714.0,-5.2
14715.0,-5.05
14716.0,-5.02
14717.0,-5.07
14718.0,-5.05
14719.0,-5.04
14720.0,-5.390000000000001
14721.0,-5.640000000000001
14722.0,-5.06
14723.0,-5.02
14724.0,-5.2
14725.0,-5.38
14726.0,-5.83
14727.0,-5.42
14728.0,-5.4
14729.0,-5.44
14730.0,-5.02
14731.0,-5.09
14732.0,4.34
14733.0,-5.02
14734.0,-5.05
14735.0,-5.3100000000000005
14736.0,-5.01
14737.0,-5.11
14738.0,-5.46
14739.0,-5.28
14740.0,-5.2700000000000005
14741.0,-5.4
14742.0,4.25
14743.0,-5.11
14744.0,-5.01
14745.0,-5.02
14746.0,-5.38
14747.0,-5.02
14748.0,-5.38
14749.0,-5.02
14750.0,-5.390000000000001
14751.0,-5.37
14752.0,-5.01
14753.0,-5.02
14754.0,-5.14
14755.0,-5.04
14756.0,-5.02
14757.0,-5.7700000000000005
14758.0,-5.41
14759.0,-5.22
14760.0,-5.25
14761.0,-5.36
14762.0,-5.28
14763.0,-5.02
14764.0,-5.41
14765.0,-5.5600000000000005
14766.0,-5.21
14767.0,-5.38
14768.0,-5.11
14769.0,-5.37
14770.0,-5.16
14771.0,-5.53
14772.0,-5.05
14773.0,-5.23
14774.0,-5.07
14775.0,-5.49
14776.0,-5.390000000000001
14777.0,-5.01
14778.0,-5.25
14779.0,-5.05
14780.0,-5.13
14781.0,-5.41
14782.0,-5.01
14783.0,-5.04
14784.0,-5.04
14785.0,-5.06
14786.0,-5.44
14787.0,-5.03
14788.0,-5.05
14789.0,-5.04
14790.0,-5.01
14791.0,-5.26
14792.0,-5.4
14793.0,-5.04
14794.0,-5.01
14795.0,-5.01
14796.0,-5.37
14797.0,-5.25
14798.0,-5.42
14799.0,-5.28
14800.0,-5.46
14801.0,-5.45
14802.0,-5.03
14803.0,-5.02
14804.0,4.42
14805.0,-5.49
14806.0,-5.29
14807.0,-5.4
14808.0,-5.03
14809.0,-5.29
14810.0,-5.37
14811.0,-5.32
14812.0,-5.01
14813.0,-5.01
14814.0,4.41
14815.0,-5.02
14816.0,-5.390000000000001
14817.0,-5.01
14818.0,-5.390000000000001
14819.0,-5.04
14820.0,-5.22
14821.0,-5.390000000000001
14822.0,-5.57
14823.0,-5.05
14824.0,-5.25
14825.0,-5.17
14826.0,-5.18
14827.0,-5.02
14828.0,-5.38
14829.0,-5.1
14830.0,-5.03
14831.0,-5.17
14832.0,-5.03
14833.0,-5.42
14834.0,-5.09
14835.0,-5.390000000000001
14836.0,-5.5200000000000005
14837.0,-5.04
14838.0,-5.28
14839.0,-5.05
14840.0,-5.54
14841.0,-5.54
14842.0,-5.04
14843.0,-5.23
14844.0,-5.26
14845.0,-5.02
14846.0,-5.32
14847.0,-5.04
14848.0,-5.25
14849.0,-5.34
14850.0,-5.02
14851.0,-5.01
14852.0,4.31
14853.0,-5.02
14854.0,-5.04
14855.0,-5.38
14856.0,-5.04
14857.0,-5.5
14858.0,-5.06
14859.0,-5.28
14860.0,4.52
14861.0,-5.01
14862.0,-5.24
14863.0,-5.25
14864.0,-5.26
14865.0,-5.05
14866.0,-5.3
14867.0,-5.37
14868.0,-5.3
14869.0,-5.430000000000001
14870.0,-5.5
14871.0,-5.62
14872.0,-5.02
14873.0,-5.14
14874.0,-5.26
14875.0,-5.02
14876.0,-5.790000000000001
14877.0,4.1899999999999995
14878.0,-5.01
14879.0,-5.25
14880.0,-5.3
14881.0,-5.3500000000000005
14882.0,-5.02
14883.0,-5.34
14884.0,-5.42
14885.0,-5.02
14886.0,-5.36
14887.0,-5.01
14888.0,-5.48
14889.0,-5.36
14890.0,-5.1
14891.0,-5.38
14892.0,-5.5
14893.0,-5.34
14894.0,-5.3100000000000005
14895.0,-5.32
14896.0,-5.01
14897.0,-5.57
14898.0,-5.32
14899.0,4.25
14900.0,-5.09
14901.0,-5.07
14902.0,-5.25
14903.0,-5.23
14904.0,-5.3
14905.0,-5.34
14906.0,-5.02
14907.0,-5.3
14908.0,-5.5600000000000005
14909.0,-5.11
14910.0,-5.02
14911.0,-5.2700000000000005
14912.0,-5.23
14913.0,-5.51
14914.0,-5.51
14915.0,-5.44
14916.0,-5.14
14917.0,-5.5
14918.0,-5.14
14919.0,-5.49
14920.0,-5.5
14921.0,-5.26
14922.0,-5.470000000000001
14923.0,-5.01
14924.0,-5.23
14925.0,-5.1
14926.0,-5.07
14927.0,-5.19
14928.0,-5.32
14929.0,-5.1
14930.0,-5.24
14931.0,-5.04
14932.0,-5.44
14933.0,-5.49
14934.0,-5.5
14935.0,-5.26
14936.0,-5.82
14937.0,-5.01
14938.0,-5.05
14939.0,-5.22
14940.0,-5.03
14941.0,-5.02
14942.0,-5.06
14943.0,-5.41
14944.0,-5.390000000000001
14945.0,-5.32
14946.0,-5.04
14947.0,-5.03
14948.0,4.25
14949.0,-5.33
14950.0,-5.36
14951.0,-5.2700000000000005
14952.0,-5.32
14953.0,-5.01
14954.0,-5.720000000000001
14955.0,-5.08
14956.0,-5.390000000000001
14957.0,-5.3
14958.0,-5.2700000000000005
14959.0,-5.22
14960.0,-5.53
14961.0,-5.08
14962.0,-5.3
14963.0,-5.38
14964.0,-5.36
14965.0,-5.02
14966.0,-5.45
14967.0,-5.25
14968.0,-5.06
14969.0,-5.5600000000000005
14970.0,-5.7
14971.0,-5.46
14972.0,-5.44
14973.0,-5.08
14974.0,-5.02
14975.0,-5.2700000000000005
14976.0,-5.08
14977.0,-5.02
14978.0,-5.33
14979.0,-5.03
14980.0,-5.05
14981.0,-5.36
14982.0,-5.32
14983.0,-5.2700000000000005
14984.0,-5.46
14985.0,-5.3500000000000005
14986.0,4.33
14987.0,-5.5
14988.0,-5.38
14989.0,-5.02
14990.0,-5.06
14991.0,-5.390000000000001
14992.0,-5.01
14993.0,-5.09
14994.0,-5.02
14995.0,-5.02
14996.0,-5.24
14997.0,-5.04
14998.0,-5.01
14999.0,-5.03
