# Episodes, Rewards
0.0,-3.6400000000000015
1.0,-1.12
2.0,-1.04
3.0,-1.0000000000000009
4.0,-2.080000000000002
5.0,-1.08
6.0,-1.04
7.0,-2.0
8.0,-1.6
9.0,-2.2800000000000002
10.0,-2.8000000000000025
11.0,-0.9600000000000011
12.0,-1.0
13.0,-1.16
14.0,-1.3599999999999999
15.0,-0.0800000000000003
16.0,-1.6
17.0,-2.16
18.0,-5.760000000000005
19.0,-1.3599999999999999
20.0,-2.12
21.0,-1.040000000000001
22.0,0.4
23.0,0.56
24.0,-2.220446049250313e-16
25.0,-2.320000000000002
26.0,-1.04
27.0,-1.040000000000001
28.0,-1.040000000000001
29.0,0.36
30.0,-0.2000000000000004
31.0,-1.7600000000000002
32.0,-1.12
33.0,-1.44
34.0,-2.120000000000002
35.0,-1.12
36.0,-1.24
37.0,-2.220446049250313e-16
38.0,-6.720000000000006
39.0,0.19999999999999984
40.0,-4.800000000000004
41.0,-0.4400000000000006
42.0,-1.0
43.0,-0.24000000000000044
44.0,-1.16
45.0,-1.44
46.0,-0.2000000000000004
47.0,-1.52
48.0,-1.6400000000000001
49.0,-1.08
50.0,-1.12
51.0,-0.7600000000000009
52.0,-1.56
53.0,-1.2
54.0,-1.48
55.0,0.76
56.0,-1.24
57.0,-2.0
58.0,0.44000000000000006
59.0,-1.6800000000000015
60.0,-1.5600000000000014
61.0,-2.04
62.0,-1.2
63.0,-1.08
64.0,0.8
65.0,-0.12000000000000033
66.0,-1.48
67.0,0.36
68.0,-2.24
69.0,-1.16
70.0,-1.04
71.0,-1.24
72.0,-1.6400000000000001
73.0,-1.4
74.0,-0.7200000000000009
75.0,-1.0
76.0,-1.2
77.0,-0.04000000000000026
78.0,-0.4400000000000006
79.0,-1.56
80.0,-0.6000000000000008
81.0,-5.720000000000005
82.0,-0.28000000000000047
83.0,-1.2
84.0,-0.8000000000000009
85.0,-1.3599999999999999
86.0,-2.0
87.0,-1.24
88.0,-0.6400000000000008
89.0,-1.28
90.0,-1.28
91.0,-1.2
92.0,-1.52
93.0,-1.2
94.0,-1.3599999999999999
95.0,0.11999999999999977
96.0,-1.08
97.0,-1.12
98.0,-1.08
99.0,-1.120000000000001
100.0,-1.08
101.0,-1.12
102.0,0.07999999999999974
103.0,0.07999999999999974
104.0,-1.240000000000001
105.0,-1.7600000000000002
106.0,-1.24
107.0,0.6799999999999999
108.0,-1.2
109.0,-1.8000000000000003
110.0,-1.12
111.0,-1.6
112.0,-1.8800000000000003
113.0,-1.6800000000000002
114.0,-2.0
115.0,-1.56
116.0,-1.8800000000000003
117.0,-3.240000000000001
118.0,0.0399999999999997
119.0,-1.12
120.0,0.31999999999999995
121.0,-1.04
122.0,-1.04
123.0,-0.7600000000000009
124.0,-1.08
125.0,-3.080000000000001
126.0,-1.44
127.0,-2.3200000000000003
128.0,-1.04
129.0,-3.000000000000001
130.0,-0.36000000000000054
131.0,-1.08
132.0,-1.32
133.0,-1.0
134.0,-0.880000000000001
135.0,-1.16
136.0,0.56
137.0,-1.3599999999999999
138.0,-2.220446049250313e-16
139.0,-1.04
140.0,-1.12
141.0,-1.32
142.0,-1.6400000000000001
143.0,-1.0
144.0,-2.5600000000000005
145.0,-2.080000000000002
146.0,0.72
147.0,-1.3599999999999999
148.0,-1.52
149.0,0.72
150.0,-0.6400000000000008
151.0,0.11999999999999977
152.0,-1.7200000000000002
153.0,-3.7200000000000015
154.0,-2.480000000000002
155.0,-0.6400000000000008
156.0,-1.32
157.0,-3.1200000000000028
158.0,-1.9600000000000004
159.0,-1.16
160.0,-1.04
161.0,-1.08
162.0,-1.6000000000000014
163.0,-1.24
164.0,-1.04
165.0,-1.0
166.0,-1.4
167.0,-2.4000000000000004
168.0,-1.080000000000001
169.0,-1.32
170.0,-1.6
171.0,-1.7200000000000015
172.0,-0.7600000000000009
173.0,-1.28
174.0,-1.08
175.0,0.36
176.0,-1.0000000000000009
177.0,-1.04
178.0,-1.48
179.0,-2.12
180.0,-1.04
181.0,0.44000000000000006
182.0,-2.0
183.0,0.4800000000000001
184.0,-1.16
185.0,-1.9600000000000004
186.0,-0.4000000000000006
187.0,-2.16
188.0,-1.32
189.0,-0.4400000000000006
190.0,-1.48
191.0,-1.16
192.0,-1.120000000000001
193.0,-2.24
194.0,-1.8000000000000003
195.0,-1.04
196.0,0.36
197.0,-2.2
198.0,-1.56
199.0,-1.2
200.0,0.19999999999999984
201.0,-1.6800000000000002
202.0,-1.08
203.0,-1.48
204.0,-0.4000000000000006
205.0,-2.24
206.0,-3.360000000000001
207.0,-1.0
208.0,-1.6
209.0,0.6799999999999999
210.0,-1.52
211.0,-1.0
212.0,0.2799999999999999
213.0,-0.880000000000001
214.0,-1.08
215.0,-1.52
216.0,-1.24
217.0,-1.24
218.0,-1.2
219.0,0.4800000000000001
220.0,0.72
221.0,-1.44
222.0,-1.44
223.0,-1.2
224.0,-1.44
225.0,-1.28
226.0,-1.08
227.0,-1.48
228.0,-1.2
229.0,-1.28
230.0,-1.4000000000000012
231.0,-0.24000000000000044
232.0,-1.2
233.0,-1.32
234.0,-3.000000000000001
235.0,-1.16
236.0,-1.200000000000001
237.0,0.56
238.0,-1.48
239.0,-1.24
240.0,0.19999999999999984
241.0,0.23999999999999988
242.0,-1.04
243.0,-0.920000000000001
244.0,-1.8000000000000003
245.0,0.4800000000000001
246.0,-1.12
247.0,-0.2000000000000004
248.0,-1.6400000000000001
249.0,-1.0
250.0,-2.0
251.0,-1.8000000000000003
252.0,-1.12
253.0,-2.5600000000000005
254.0,0.36
255.0,-1.12
256.0,-1.6800000000000002
257.0,-1.7600000000000016
258.0,-1.24
259.0,-1.08
260.0,0.36
261.0,-1.6400000000000001
262.0,-1.4
263.0,0.1599999999999998
264.0,-0.4400000000000006
265.0,-1.6800000000000002
266.0,-1.28
267.0,-1.160000000000001
268.0,-1.12
269.0,-1.4
270.0,0.2799999999999999
271.0,0.36
272.0,-4.400000000000002
273.0,-2.24
274.0,-1.5200000000000014
275.0,0.6000000000000001
276.0,-1.8000000000000003
277.0,-0.880000000000001
278.0,-1.4
279.0,-1.0
280.0,0.36
281.0,-1.04
282.0,-1.52
283.0,-1.12
284.0,0.52
285.0,-1.44
286.0,-1.0
287.0,-1.040000000000001
288.0,-1.6000000000000014
289.0,-1.48
290.0,-1.12
291.0,-1.0
292.0,-0.4000000000000006
293.0,-2.8000000000000007
294.0,-1.4
295.0,-0.24000000000000044
296.0,-1.12
297.0,-2.0
298.0,-0.6800000000000008
299.0,-0.6000000000000008
300.0,-1.0
301.0,-1.44
302.0,-1.08
303.0,-1.0
304.0,-1.28
305.0,-1.2
306.0,-0.3200000000000005
307.0,0.6000000000000001
308.0,-1.16
309.0,-1.24
310.0,-2.04
311.0,0.0399999999999997
312.0,-1.0
313.0,-2.5200000000000005
314.0,-1.8400000000000003
315.0,-1.04
316.0,-1.28
317.0,-1.6400000000000001
318.0,-1.12
319.0,0.11999999999999977
320.0,-1.28
321.0,-1.4
322.0,-2.16
323.0,0.23999999999999988
324.0,-1.6400000000000001
325.0,-1.16
326.0,0.4
327.0,-1.240000000000001
328.0,-1.08
329.0,0.4
330.0,0.11999999999999977
331.0,-1.44
332.0,-0.0800000000000003
333.0,-1.08
334.0,0.2799999999999999
335.0,-1.4
336.0,-1.3599999999999999
337.0,0.4800000000000001
338.0,-2.880000000000001
339.0,-1.8000000000000003
340.0,-1.6400000000000015
341.0,-1.28
342.0,-0.16000000000000036
343.0,-1.12
344.0,-3.200000000000003
345.0,0.11999999999999977
346.0,-2.0
347.0,0.6000000000000001
348.0,-2.160000000000002
349.0,-0.16000000000000036
350.0,-2.12
351.0,0.6000000000000001
352.0,0.31999999999999995
353.0,0.64
354.0,-0.6400000000000008
355.0,-1.2
356.0,-0.7600000000000009
357.0,-1.24
358.0,-0.6000000000000008
359.0,0.36
360.0,-1.8800000000000003
361.0,-1.28
362.0,-2.2800000000000002
363.0,-1.4
364.0,0.1599999999999998
365.0,-1.04
366.0,0.56
367.0,0.31999999999999995
368.0,-1.48
369.0,0.4
370.0,-2.240000000000002
371.0,0.52
372.0,-1.16
373.0,-0.7200000000000009
374.0,-0.12000000000000033
375.0,-1.16
376.0,-1.7600000000000002
377.0,-1.16
378.0,-1.2
379.0,-0.16000000000000036
380.0,-1.6800000000000002
381.0,-1.04
382.0,-1.04
383.0,-1.8000000000000003
384.0,-1.28
385.0,-2.7600000000000007
386.0,-1.28
387.0,-1.160000000000001
388.0,0.1599999999999998
389.0,-1.04
390.0,-1.3599999999999999
391.0,-1.04
392.0,-0.7200000000000009
393.0,0.23999999999999988
394.0,-0.04000000000000026
395.0,-1.28
396.0,-1.7600000000000002
397.0,0.23999999999999988
398.0,0.36
399.0,-1.8000000000000003
400.0,0.52
401.0,-1.04
402.0,-1.8800000000000003
403.0,-1.0
404.0,0.6000000000000001
405.0,-2.6800000000000024
406.0,0.64
407.0,-0.16000000000000036
408.0,-1.24
409.0,-1.6400000000000001
410.0,-1.9600000000000004
411.0,-1.16
412.0,0.19999999999999984
413.0,0.44000000000000006
414.0,-2.0
415.0,0.72
416.0,-1.48
417.0,-1.2
418.0,-4.440000000000002
419.0,-1.28
420.0,-1.04
421.0,0.4800000000000001
422.0,-1.16
423.0,0.64
424.0,-1.04
425.0,-1.16
426.0,0.31999999999999995
427.0,-0.0800000000000003
428.0,-1.0
429.0,-2.880000000000001
430.0,-1.12
431.0,-1.8400000000000003
432.0,-1.2
433.0,-1.56
434.0,-4.320000000000004
435.0,-1.12
436.0,-0.8000000000000009
437.0,-0.3200000000000005
438.0,-0.36000000000000054
439.0,0.07999999999999974
440.0,-0.5600000000000007
441.0,-1.2
442.0,-2.360000000000002
443.0,-1.4
444.0,-1.0
445.0,-2.5200000000000005
446.0,0.6000000000000001
447.0,-1.08
448.0,0.1599999999999998
449.0,-1.56
450.0,-0.6400000000000008
451.0,-0.2000000000000004
452.0,-1.6400000000000001
453.0,-1.28
454.0,-1.6400000000000001
455.0,-0.880000000000001
456.0,0.4
457.0,0.4
458.0,-0.920000000000001
459.0,-2.08
460.0,-1.56
461.0,-1.4
462.0,0.31999999999999995
463.0,0.2799999999999999
464.0,-1.4
465.0,-0.04000000000000026
466.0,-0.2000000000000004
467.0,-1.6400000000000001
468.0,-1.8000000000000003
469.0,-2.3200000000000003
470.0,-2.6400000000000006
471.0,0.8
472.0,-0.4000000000000006
473.0,-1.6
474.0,0.64
475.0,-0.3200000000000005
476.0,-1.4400000000000013
477.0,0.36
478.0,-1.04
479.0,0.36
480.0,-1.9200000000000017
481.0,-1.2
482.0,-0.12000000000000033
483.0,0.11999999999999977
484.0,0.4
485.0,0.52
486.0,-1.3599999999999999
487.0,0.8
488.0,-1.52
489.0,0.44000000000000006
490.0,-1.28
491.0,-3.0000000000000027
492.0,-1.3599999999999999
493.0,-0.6800000000000008
494.0,0.56
495.0,-0.920000000000001
496.0,-1.7600000000000002
497.0,-1.4
498.0,-0.6800000000000008
499.0,0.23999999999999988
500.0,-1.6800000000000002
501.0,0.64
502.0,-2.4400000000000004
503.0,0.64
504.0,-1.32
505.0,-1.7200000000000002
506.0,-1.8800000000000003
507.0,-1.3599999999999999
508.0,-1.12
509.0,-1.28
510.0,-1.32
511.0,0.36
512.0,-0.8000000000000009
513.0,-0.04000000000000026
514.0,-1.16
515.0,-1.24
516.0,-1.24
517.0,-1.6
518.0,-1.0
519.0,0.72
520.0,-2.8000000000000007
521.0,0.64
522.0,-1.28
523.0,-1.04
524.0,-0.8000000000000009
525.0,-2.24
526.0,0.19999999999999984
527.0,-0.0800000000000003
528.0,-1.12
529.0,-1.52
530.0,0.76
531.0,-1.12
532.0,0.4
533.0,-1.48
534.0,-1.6800000000000002
535.0,-1.56
536.0,0.64
537.0,-1.28
538.0,-0.16000000000000036
539.0,-1.12
540.0,-2.3600000000000003
541.0,0.4
542.0,0.64
543.0,0.36
544.0,-0.0800000000000003
545.0,0.52
546.0,0.11999999999999977
547.0,-1.16
548.0,-1.12
549.0,-1.6800000000000002
550.0,0.0399999999999997
551.0,-1.6800000000000002
552.0,-1.24
553.0,0.31999999999999995
554.0,-0.4000000000000006
555.0,0.4800000000000001
556.0,0.19999999999999984
557.0,-2.3200000000000003
558.0,-1.9200000000000017
559.0,-1.8400000000000003
560.0,-1.08
561.0,-2.440000000000002
562.0,-1.44
563.0,-2.4000000000000004
564.0,-1.08
565.0,-1.52
566.0,0.44000000000000006
567.0,0.4
568.0,0.44000000000000006
569.0,-1.4
570.0,-1.2
571.0,0.76
572.0,-0.0800000000000003
573.0,0.2799999999999999
574.0,0.52
575.0,-1.16
576.0,0.6799999999999999
577.0,-5.1200000000000045
578.0,-1.56
579.0,0.6799999999999999
580.0,-4.360000000000004
581.0,-0.0800000000000003
582.0,-1.0
583.0,-1.4
584.0,0.64
585.0,-1.08
586.0,-1.16
587.0,0.52
588.0,-1.04
589.0,-2.220446049250313e-16
590.0,-1.24
591.0,-0.6800000000000008
592.0,-1.44
593.0,0.6000000000000001
594.0,-2.5600000000000023
595.0,-1.7200000000000002
596.0,-1.48
597.0,0.44000000000000006
598.0,-1.04
599.0,-1.040000000000001
600.0,-1.32
601.0,-1.2
602.0,-1.8800000000000003
603.0,-2.6800000000000006
604.0,0.36
605.0,-0.12000000000000033
606.0,0.52
607.0,0.56
608.0,-1.44
609.0,-1.0
610.0,-1.28
611.0,-1.08
612.0,-1.0
613.0,-1.6
614.0,-1.0
615.0,-1.56
616.0,0.72
617.0,-1.8400000000000003
618.0,-1.3599999999999999
619.0,0.36
620.0,0.64
621.0,0.44000000000000006
622.0,-0.04000000000000026
623.0,0.23999999999999988
624.0,0.56
625.0,-1.24
626.0,-1.0
627.0,0.07999999999999974
628.0,-1.24
629.0,-3.320000000000001
630.0,-2.4000000000000004
631.0,-1.8000000000000003
632.0,-1.04
633.0,-1.12
634.0,-1.52
635.0,-0.24000000000000044
636.0,0.19999999999999984
637.0,-1.4
638.0,-1.04
639.0,0.56
640.0,-1.0
641.0,-1.08
642.0,-1.6
643.0,-1.12
644.0,-1.44
645.0,0.52
646.0,0.19999999999999984
647.0,-1.4
648.0,0.19999999999999984
649.0,-1.12
650.0,-0.3200000000000005
651.0,0.6799999999999999
652.0,0.31999999999999995
653.0,-1.8000000000000003
654.0,-1.0
655.0,-1.4
656.0,-1.0
657.0,0.76
658.0,0.31999999999999995
659.0,0.31999999999999995
660.0,0.1599999999999998
661.0,-1.08
662.0,-1.44
663.0,-1.32
664.0,-1.32
665.0,-1.48
666.0,-1.3600000000000012
667.0,-2.08
668.0,0.52
669.0,-0.3200000000000005
670.0,-1.04
671.0,0.36
672.0,-1.8400000000000003
673.0,0.07999999999999974
674.0,0.6000000000000001
675.0,-1.2
676.0,-1.8400000000000003
677.0,-0.880000000000001
678.0,-1.28
679.0,0.56
680.0,-1.7200000000000002
681.0,0.31999999999999995
682.0,0.72
683.0,-1.48
684.0,-0.4400000000000006
685.0,-0.6400000000000008
686.0,0.64
687.0,-1.3599999999999999
688.0,-1.56
689.0,-2.220446049250313e-16
690.0,0.52
691.0,0.64
692.0,-1.08
693.0,0.6000000000000001
694.0,-1.12
695.0,0.19999999999999984
696.0,0.4
697.0,0.64
698.0,-1.0
699.0,0.6000000000000001
700.0,-0.7200000000000009
701.0,-1.3599999999999999
702.0,0.4
703.0,-1.08
704.0,-0.2000000000000004
705.0,-1.16
706.0,-1.0000000000000009
707.0,-1.6400000000000001
708.0,-1.9200000000000017
709.0,-1.32
710.0,0.4
711.0,0.64
712.0,0.1599999999999998
713.0,-0.24000000000000044
714.0,-1.16
715.0,0.0399999999999997
716.0,0.56
717.0,0.56
718.0,-2.4400000000000004
719.0,-0.920000000000001
720.0,0.52
721.0,-2.3200000000000003
722.0,0.52
723.0,-1.56
724.0,-1.0
725.0,-2.8400000000000007
726.0,-1.7200000000000015
727.0,-1.48
728.0,0.2799999999999999
729.0,0.23999999999999988
730.0,-2.0000000000000018
731.0,0.52
732.0,0.23999999999999988
733.0,0.36
734.0,-2.7600000000000007
735.0,-1.6
736.0,-1.28
737.0,0.4
738.0,0.4800000000000001
739.0,-2.16
740.0,-1.24
741.0,-0.0800000000000003
742.0,-1.0
743.0,0.6799999999999999
744.0,0.19999999999999984
745.0,0.72
746.0,-2.12
747.0,-1.3599999999999999
748.0,-1.16
749.0,-1.2
750.0,-1.6800000000000002
751.0,-1.040000000000001
752.0,-1.2
753.0,0.2799999999999999
754.0,0.56
755.0,0.31999999999999995
756.0,-0.12000000000000033
757.0,0.4800000000000001
758.0,-1.16
759.0,-1.28
760.0,-1.2
761.0,-1.8400000000000003
762.0,-1.3599999999999999
763.0,-1.7600000000000002
764.0,-0.6400000000000008
765.0,-1.9600000000000004
766.0,0.1599999999999998
767.0,0.72
768.0,0.64
769.0,-0.3200000000000005
770.0,-1.080000000000001
771.0,-1.24
772.0,-1.240000000000001
773.0,0.4
774.0,-1.12
775.0,-1.56
776.0,-1.24
777.0,-1.8800000000000003
778.0,0.44000000000000006
779.0,-1.0
780.0,-1.7200000000000002
781.0,-1.08
782.0,-0.5200000000000007
783.0,-1.2
784.0,0.1599999999999998
785.0,-1.9600000000000004
786.0,0.56
787.0,0.44000000000000006
788.0,0.2799999999999999
789.0,-1.0
790.0,-0.2000000000000004
791.0,-1.2
792.0,-1.04
793.0,-2.5600000000000005
794.0,0.72
795.0,0.44000000000000006
796.0,-1.28
797.0,-2.220446049250313e-16
798.0,-1.4
799.0,-1.16
800.0,-1.44
801.0,-1.3599999999999999
802.0,-2.04
803.0,-1.44
804.0,-1.08
805.0,-1.0
806.0,0.64
807.0,-1.08
808.0,0.56
809.0,-1.040000000000001
810.0,-1.16
811.0,0.2799999999999999
812.0,-1.0
813.0,-1.24
814.0,-1.7600000000000016
815.0,-1.08
816.0,-2.2
817.0,0.56
818.0,0.36
819.0,-1.8400000000000003
820.0,-1.3599999999999999
821.0,-1.04
822.0,-1.200000000000001
823.0,-1.04
824.0,-1.04
825.0,0.56
826.0,-1.4
827.0,0.4800000000000001
828.0,-1.24
829.0,0.4800000000000001
830.0,-0.5200000000000007
831.0,-1.28
832.0,-1.4
833.0,-1.52
834.0,0.6799999999999999
835.0,-1.6
836.0,0.36
837.0,0.4
838.0,-1.56
839.0,0.72
840.0,-1.0
841.0,-1.04
842.0,-1.48
843.0,-1.28
844.0,-0.48000000000000065
845.0,0.64
846.0,0.11999999999999977
847.0,0.8
848.0,-2.08
849.0,-1.0
850.0,0.56
851.0,-1.04
852.0,-1.24
853.0,-2.5600000000000005
854.0,0.52
855.0,-1.32
856.0,-2.220446049250313e-16
857.0,-1.8400000000000003
858.0,0.6799999999999999
859.0,-1.32
860.0,-0.36000000000000054
861.0,0.4800000000000001
862.0,0.72
863.0,-1.0
864.0,-1.48
865.0,-1.04
866.0,-0.12000000000000033
867.0,0.4800000000000001
868.0,-0.5200000000000007
869.0,-1.4
870.0,-1.7200000000000002
871.0,-1.32
872.0,0.64
873.0,-2.220446049250313e-16
874.0,-1.04
875.0,-1.7200000000000002
876.0,-2.2800000000000002
877.0,-2.3600000000000003
878.0,-1.08
879.0,0.64
880.0,-1.12
881.0,-1.3599999999999999
882.0,0.52
883.0,-1.48
884.0,-1.9200000000000004
885.0,-2.12
886.0,-1.56
887.0,-1.2
888.0,-2.0
889.0,-1.3599999999999999
890.0,0.72
891.0,0.44000000000000006
892.0,0.1599999999999998
893.0,-1.9200000000000004
894.0,0.72
895.0,0.11999999999999977
896.0,-1.0
897.0,-1.6
898.0,0.56
899.0,-1.12
900.0,-1.12
901.0,-1.0
902.0,0.6799999999999999
903.0,0.4
904.0,0.36
905.0,-0.8000000000000009
906.0,0.4800000000000001
907.0,-2.220446049250313e-16
908.0,-1.04
909.0,0.72
910.0,0.23999999999999988
911.0,0.1599999999999998
912.0,0.72
913.0,-1.28
914.0,-1.56
915.0,-1.7200000000000015
916.0,-1.8000000000000003
917.0,0.6799999999999999
918.0,0.36
919.0,0.0399999999999997
920.0,-0.12000000000000033
921.0,-0.04000000000000026
922.0,0.23999999999999988
923.0,-3.9600000000000017
924.0,-1.2
925.0,0.36
926.0,-0.16000000000000036
927.0,0.2799999999999999
928.0,-0.3200000000000005
929.0,0.52
930.0,-0.3200000000000005
931.0,-1.32
932.0,0.8
933.0,-1.16
934.0,-1.0
935.0,0.72
936.0,0.19999999999999984
937.0,-1.6
938.0,-1.24
939.0,-1.3599999999999999
940.0,-1.8400000000000003
941.0,0.4800000000000001
942.0,-1.7200000000000002
943.0,0.19999999999999984
944.0,-2.0
945.0,0.4800000000000001
946.0,-1.6400000000000001
947.0,0.72
948.0,-1.0
949.0,-0.04000000000000026
950.0,0.56
951.0,-1.6800000000000002
952.0,-0.3200000000000005
953.0,-1.2800000000000011
954.0,-1.12
955.0,0.36
956.0,-1.3600000000000012
957.0,-0.4000000000000006
958.0,-0.3200000000000005
959.0,0.64
960.0,-1.52
961.0,-1.04
962.0,0.56
963.0,-1.12
964.0,-1.04
965.0,-0.5200000000000007
966.0,-2.24
967.0,-1.24
968.0,-1.12
969.0,-1.2
970.0,0.23999999999999988
971.0,-1.8400000000000003
972.0,0.76
973.0,-0.840000000000001
974.0,-1.2
975.0,-1.16
976.0,0.72
977.0,-1.16
978.0,-0.8000000000000009
979.0,0.36
980.0,0.8
981.0,0.56
982.0,0.6799999999999999
983.0,-1.8800000000000003
984.0,0.56
985.0,0.11999999999999977
986.0,-1.48
987.0,0.56
988.0,0.6799999999999999
989.0,0.56
990.0,-0.6000000000000008
991.0,-1.16
992.0,-1.0
993.0,-1.04
994.0,0.64
995.0,-1.6800000000000002
996.0,-1.040000000000001
997.0,-2.24
998.0,0.31999999999999995
999.0,-0.7200000000000009
1000.0,0.36
1001.0,-1.16
1002.0,-1.08
1003.0,0.76
1004.0,-1.24
1005.0,-1.32
1006.0,-0.12000000000000033
1007.0,0.6000000000000001
1008.0,0.6799999999999999
1009.0,-0.7200000000000009
1010.0,-0.24000000000000044
1011.0,0.4
1012.0,0.44000000000000006
1013.0,0.6799999999999999
1014.0,-1.0
1015.0,0.6799999999999999
1016.0,0.44000000000000006
1017.0,-1.24
1018.0,0.72
1019.0,0.56
1020.0,0.56
1021.0,0.6799999999999999
1022.0,-1.0
1023.0,0.52
1024.0,-1.24
1025.0,-1.3600000000000012
1026.0,-1.7200000000000002
1027.0,-1.08
1028.0,-0.7200000000000009
1029.0,0.2799999999999999
1030.0,-1.4
1031.0,-2.4000000000000004
1032.0,-1.6
1033.0,-1.4
1034.0,0.64
1035.0,-1.2
1036.0,-1.24
1037.0,-1.7200000000000002
1038.0,-1.12
1039.0,-1.04
1040.0,-0.2000000000000004
1041.0,0.44000000000000006
1042.0,-1.28
1043.0,0.56
1044.0,0.8
1045.0,-1.04
1046.0,-2.220446049250313e-16
1047.0,0.4800000000000001
1048.0,-1.32
1049.0,-2.160000000000002
1050.0,-1.0
1051.0,-2.08
1052.0,0.36
1053.0,-1.200000000000001
1054.0,-1.48
1055.0,-0.2000000000000004
1056.0,-2.3200000000000003
1057.0,-1.08
1058.0,-1.240000000000001
1059.0,0.8
1060.0,-1.8000000000000003
1061.0,-0.0800000000000003
1062.0,0.36
1063.0,0.6799999999999999
1064.0,-0.04000000000000026
1065.0,-0.880000000000001
1066.0,-1.6
1067.0,0.2799999999999999
1068.0,-2.880000000000001
1069.0,-1.24
1070.0,0.4
1071.0,0.56
1072.0,-1.12
1073.0,0.07999999999999974
1074.0,-1.12
1075.0,-1.48
1076.0,-1.240000000000001
1077.0,-1.32
1078.0,-1.08
1079.0,0.44000000000000006
1080.0,-1.04
1081.0,0.64
1082.0,0.76
1083.0,-1.56
1084.0,-0.12000000000000033
1085.0,0.2799999999999999
1086.0,0.76
1087.0,-1.4
1088.0,0.64
1089.0,-1.0
1090.0,-0.24000000000000044
1091.0,0.23999999999999988
1092.0,0.8
1093.0,-0.4000000000000006
1094.0,0.56
1095.0,0.52
1096.0,-1.6400000000000001
1097.0,0.56
1098.0,0.56
1099.0,-2.220446049250313e-16
1100.0,-1.24
1101.0,0.31999999999999995
1102.0,-1.4800000000000013
1103.0,-1.28
1104.0,-1.28
1105.0,0.72
1106.0,0.52
1107.0,0.4
1108.0,-2.220446049250313e-16
1109.0,0.2799999999999999
1110.0,0.4800000000000001
1111.0,-1.32
1112.0,0.4
1113.0,-1.12
1114.0,-1.12
1115.0,0.36
1116.0,0.52
1117.0,0.36
1118.0,0.11999999999999977
1119.0,0.64
1120.0,-0.12000000000000033
1121.0,0.2799999999999999
1122.0,0.6000000000000001
1123.0,-1.3599999999999999
1124.0,-0.0800000000000003
1125.0,0.2799999999999999
1126.0,0.76
1127.0,-0.0800000000000003
1128.0,-1.32
1129.0,0.0399999999999997
1130.0,0.6799999999999999
1131.0,0.6000000000000001
1132.0,0.6000000000000001
1133.0,-1.4
1134.0,-1.32
1135.0,0.64
1136.0,0.56
1137.0,-1.28
1138.0,0.36
1139.0,-1.12
1140.0,-1.2
1141.0,-1.8400000000000003
1142.0,0.52
1143.0,-0.28000000000000047
1144.0,0.52
1145.0,-3.4800000000000013
1146.0,0.44000000000000006
1147.0,0.19999999999999984
1148.0,-1.24
1149.0,0.19999999999999984
1150.0,-1.3599999999999999
1151.0,-0.16000000000000036
1152.0,-2.220446049250313e-16
1153.0,0.4
1154.0,-1.08
1155.0,-2.220446049250313e-16
1156.0,-3.8800000000000017
1157.0,-1.04
1158.0,-1.6800000000000002
1159.0,-1.2
1160.0,-0.2000000000000004
1161.0,-1.12
1162.0,-1.2
1163.0,-0.5600000000000007
1164.0,-1.8800000000000003
1165.0,0.44000000000000006
1166.0,-0.3200000000000005
1167.0,-1.08
1168.0,-0.7600000000000009
1169.0,0.6000000000000001
1170.0,0.76
1171.0,0.72
1172.0,0.44000000000000006
1173.0,0.36
1174.0,-1.12
1175.0,-1.8800000000000003
1176.0,-2.4000000000000004
1177.0,-1.28
1178.0,0.8
1179.0,-1.3599999999999999
1180.0,-0.0800000000000003
1181.0,-0.16000000000000036
1182.0,-0.7200000000000009
1183.0,0.52
1184.0,0.31999999999999995
1185.0,-1.0
1186.0,-1.8800000000000003
1187.0,0.64
1188.0,-0.12000000000000033
1189.0,-1.7600000000000002
1190.0,0.11999999999999977
1191.0,-1.52
1192.0,0.0399999999999997
1193.0,0.64
1194.0,0.76
1195.0,0.4
1196.0,-1.04
1197.0,-1.08
1198.0,0.07999999999999974
1199.0,-1.9600000000000004
1200.0,-1.2
1201.0,0.76
1202.0,-1.08
1203.0,0.64
1204.0,-1.7600000000000002
1205.0,-0.0800000000000003
1206.0,-1.6400000000000001
1207.0,-1.9600000000000004
1208.0,0.36
1209.0,0.4
1210.0,0.23999999999999988
1211.0,-0.16000000000000036
1212.0,-2.5200000000000005
1213.0,0.56
1214.0,-1.04
1215.0,0.4800000000000001
1216.0,0.8
1217.0,0.4
1218.0,-1.2
1219.0,0.23999999999999988
1220.0,-1.3600000000000012
1221.0,0.52
1222.0,0.4800000000000001
1223.0,-1.32
1224.0,-0.0800000000000003
1225.0,-1.0
1226.0,0.76
1227.0,-1.32
1228.0,0.4800000000000001
1229.0,-1.12
1230.0,-0.6800000000000008
1231.0,-0.6800000000000008
1232.0,-1.04
1233.0,0.4
1234.0,-1.44
1235.0,-1.7600000000000002
1236.0,-1.08
1237.0,-1.52
1238.0,0.1599999999999998
1239.0,-1.04
1240.0,0.64
1241.0,-1.48
1242.0,0.36
1243.0,-2.04
1244.0,0.6799999999999999
1245.0,0.0399999999999997
1246.0,-2.08
1247.0,0.0399999999999997
1248.0,-1.12
1249.0,-2.220446049250313e-16
1250.0,-0.5600000000000007
1251.0,0.52
1252.0,-1.48
1253.0,0.8
1254.0,0.44000000000000006
1255.0,-1.9600000000000017
1256.0,0.8
1257.0,-0.6800000000000008
1258.0,0.72
1259.0,-1.08
1260.0,0.72
1261.0,-1.0
1262.0,0.8
1263.0,-1.0
1264.0,-2.220446049250313e-16
1265.0,-2.220446049250313e-16
1266.0,0.19999999999999984
1267.0,0.44000000000000006
1268.0,-3.160000000000003
1269.0,0.2799999999999999
1270.0,0.31999999999999995
1271.0,0.31999999999999995
1272.0,0.56
1273.0,0.4800000000000001
1274.0,-1.4
1275.0,-1.6
1276.0,-0.5600000000000007
1277.0,-1.28
1278.0,-1.6800000000000002
1279.0,0.36
1280.0,0.2799999999999999
1281.0,-1.2
1282.0,-1.52
1283.0,0.4800000000000001
1284.0,-2.220446049250313e-16
1285.0,-1.08
1286.0,0.11999999999999977
1287.0,0.72
1288.0,0.31999999999999995
1289.0,-1.48
1290.0,-0.4000000000000006
1291.0,0.44000000000000006
1292.0,0.64
1293.0,0.4800000000000001
1294.0,0.44000000000000006
1295.0,0.56
1296.0,-1.08
1297.0,-0.6000000000000008
1298.0,0.56
1299.0,0.1599999999999998
1300.0,0.6799999999999999
1301.0,0.52
1302.0,0.52
1303.0,-1.0
1304.0,-1.6400000000000001
1305.0,0.52
1306.0,0.76
1307.0,-1.32
1308.0,-1.32
1309.0,-1.16
1310.0,-1.120000000000001
1311.0,-1.6400000000000001
1312.0,-4.8400000000000025
1313.0,0.8
1314.0,0.11999999999999977
1315.0,-1.08
1316.0,-1.0
1317.0,-1.56
1318.0,-1.3599999999999999
1319.0,-0.7200000000000009
1320.0,-1.2
1321.0,-1.04
1322.0,-1.9200000000000004
1323.0,0.56
1324.0,0.07999999999999974
1325.0,0.19999999999999984
1326.0,-1.16
1327.0,0.0399999999999997
1328.0,0.72
1329.0,0.52
1330.0,-1.16
1331.0,-0.0800000000000003
1332.0,0.1599999999999998
1333.0,0.72
1334.0,0.07999999999999974
1335.0,-1.12
1336.0,-1.6800000000000002
1337.0,0.0399999999999997
1338.0,-1.3599999999999999
1339.0,-1.08
1340.0,-1.6800000000000002
1341.0,0.72
1342.0,0.4
1343.0,-2.16
1344.0,-1.6800000000000002
1345.0,-1.4
1346.0,0.36
1347.0,0.72
1348.0,0.4800000000000001
1349.0,-1.3599999999999999
1350.0,0.2799999999999999
1351.0,0.76
1352.0,0.56
1353.0,0.64
1354.0,-1.16
1355.0,-1.16
1356.0,0.6799999999999999
1357.0,-1.2
1358.0,-1.4
1359.0,0.6799999999999999
1360.0,0.31999999999999995
1361.0,-1.08
1362.0,-3.160000000000001
1363.0,-2.220446049250313e-16
1364.0,0.6799999999999999
1365.0,0.52
1366.0,-0.7200000000000009
1367.0,0.0399999999999997
1368.0,0.19999999999999984
1369.0,0.1599999999999998
1370.0,0.23999999999999988
1371.0,0.52
1372.0,-1.44
1373.0,-1.48
1374.0,0.6799999999999999
1375.0,-1.08
1376.0,-1.16
1377.0,0.36
1378.0,0.4
1379.0,-1.6800000000000002
1380.0,-1.2
1381.0,-0.0800000000000003
1382.0,0.31999999999999995
1383.0,0.56
1384.0,0.31999999999999995
1385.0,0.1599999999999998
1386.0,0.4
1387.0,0.1599999999999998
1388.0,-1.28
1389.0,-1.44
1390.0,0.19999999999999984
1391.0,-1.7600000000000002
1392.0,-1.12
1393.0,0.76
1394.0,-0.5600000000000007
1395.0,0.6799999999999999
1396.0,-1.4
1397.0,-1.8000000000000003
1398.0,-0.16000000000000036
1399.0,-1.12
1400.0,-1.24
1401.0,-1.56
1402.0,-1.0
1403.0,-1.7200000000000002
1404.0,-1.6400000000000001
1405.0,-1.32
1406.0,0.6799999999999999
1407.0,0.44000000000000006
1408.0,0.23999999999999988
1409.0,-0.920000000000001
1410.0,0.6799999999999999
1411.0,-0.6800000000000008
1412.0,0.56
1413.0,-1.12
1414.0,-1.12
1415.0,0.72
1416.0,0.64
1417.0,0.19999999999999984
1418.0,0.8
1419.0,-1.16
1420.0,0.6000000000000001
1421.0,0.4
1422.0,-1.7600000000000002
1423.0,0.4800000000000001
1424.0,0.36
1425.0,0.56
1426.0,0.64
1427.0,0.56
1428.0,0.4800000000000001
1429.0,-0.2000000000000004
1430.0,0.44000000000000006
1431.0,0.44000000000000006
1432.0,0.52
1433.0,-1.08
1434.0,0.56
1435.0,-0.2000000000000004
1436.0,-2.220446049250313e-16
1437.0,-1.0000000000000009
1438.0,0.4
1439.0,-1.8400000000000003
1440.0,-1.04
1441.0,0.1599999999999998
1442.0,-1.04
1443.0,0.6000000000000001
1444.0,-1.0
1445.0,-1.24
1446.0,0.6799999999999999
1447.0,-1.12
1448.0,0.8
1449.0,0.56
1450.0,0.8
1451.0,-1.12
1452.0,-0.16000000000000036
1453.0,0.31999999999999995
1454.0,-1.48
1455.0,-1.08
1456.0,-1.16
1457.0,-1.7600000000000002
1458.0,-1.28
1459.0,0.64
1460.0,0.4800000000000001
1461.0,0.4800000000000001
1462.0,-0.12000000000000033
1463.0,-2.6000000000000005
1464.0,-1.0
1465.0,0.6799999999999999
1466.0,-1.04
1467.0,0.52
1468.0,0.6000000000000001
1469.0,-2.2800000000000002
1470.0,-0.6800000000000008
1471.0,0.6799999999999999
1472.0,-1.04
1473.0,-1.04
1474.0,0.19999999999999984
1475.0,0.6799999999999999
1476.0,0.6000000000000001
1477.0,-2.5200000000000005
1478.0,0.76
1479.0,0.4
1480.0,-1.28
1481.0,-1.4
1482.0,0.4
1483.0,0.31999999999999995
1484.0,-1.0
1485.0,-1.04
1486.0,0.31999999999999995
1487.0,0.11999999999999977
1488.0,-1.0
1489.0,-1.48
1490.0,-1.2
1491.0,0.31999999999999995
1492.0,0.6799999999999999
1493.0,0.44000000000000006
1494.0,0.31999999999999995
1495.0,-1.04
1496.0,-1.08
1497.0,0.2799999999999999
1498.0,0.1599999999999998
1499.0,-2.220446049250313e-16
1500.0,-1.28
1501.0,0.56
1502.0,0.44000000000000006
1503.0,-0.24000000000000044
1504.0,-2.12
1505.0,-1.9200000000000004
1506.0,-0.5200000000000007
1507.0,0.31999999999999995
1508.0,0.6799999999999999
1509.0,-0.12000000000000033
1510.0,0.6000000000000001
1511.0,-1.12
1512.0,0.8
1513.0,0.6000000000000001
1514.0,0.23999999999999988
1515.0,0.2799999999999999
1516.0,-1.6
1517.0,-1.08
1518.0,-0.3200000000000005
1519.0,0.6000000000000001
1520.0,0.44000000000000006
1521.0,-1.2
1522.0,0.4
1523.0,0.8
1524.0,0.72
1525.0,-0.840000000000001
1526.0,-1.12
1527.0,-1.24
1528.0,0.44000000000000006
1529.0,-1.08
1530.0,0.6799999999999999
1531.0,0.56
1532.0,0.07999999999999974
1533.0,0.6000000000000001
1534.0,0.1599999999999998
1535.0,-0.6400000000000008
1536.0,-2.8400000000000007
1537.0,0.52
1538.0,-1.08
1539.0,-0.12000000000000033
1540.0,0.6799999999999999
1541.0,-1.16
1542.0,-0.04000000000000026
1543.0,0.76
1544.0,0.56
1545.0,0.8
1546.0,0.1599999999999998
1547.0,-1.240000000000001
1548.0,-0.24000000000000044
1549.0,0.23999999999999988
1550.0,0.44000000000000006
1551.0,0.64
1552.0,-1.16
1553.0,0.4800000000000001
1554.0,0.0399999999999997
1555.0,-1.04
1556.0,0.4800000000000001
1557.0,-1.32
1558.0,0.72
1559.0,0.44000000000000006
1560.0,0.4
1561.0,0.6000000000000001
1562.0,-1.7200000000000015
1563.0,-1.9200000000000004
1564.0,-1.28
1565.0,0.6799999999999999
1566.0,0.52
1567.0,0.64
1568.0,0.64
1569.0,-1.16
1570.0,-1.9600000000000004
1571.0,-1.44
1572.0,0.4
1573.0,0.36
1574.0,0.23999999999999988
1575.0,-3.280000000000001
1576.0,-0.28000000000000047
1577.0,0.11999999999999977
1578.0,-1.04
1579.0,-2.220446049250313e-16
1580.0,0.72
1581.0,-1.16
1582.0,0.6000000000000001
1583.0,-1.6
1584.0,0.64
1585.0,0.6799999999999999
1586.0,0.2799999999999999
1587.0,-1.04
1588.0,-1.08
1589.0,0.4800000000000001
1590.0,0.6000000000000001
1591.0,-1.52
1592.0,-1.24
1593.0,-1.0
1594.0,0.4
1595.0,-1.28
1596.0,0.4800000000000001
1597.0,-2.400000000000002
1598.0,0.56
1599.0,0.07999999999999974
1600.0,0.2799999999999999
1601.0,0.36
1602.0,0.56
1603.0,0.76
1604.0,-1.4
1605.0,0.56
1606.0,0.31999999999999995
1607.0,-1.12
1608.0,0.72
1609.0,0.11999999999999977
1610.0,0.36
1611.0,-3.6400000000000015
1612.0,-0.12000000000000033
1613.0,-1.44
1614.0,-1.8400000000000003
1615.0,0.6799999999999999
1616.0,0.6799999999999999
1617.0,0.72
1618.0,-1.04
1619.0,0.64
1620.0,0.4800000000000001
1621.0,-1.04
1622.0,-1.8000000000000003
1623.0,0.56
1624.0,-1.04
1625.0,-1.24
1626.0,-0.880000000000001
1627.0,0.4
1628.0,0.6799999999999999
1629.0,-1.0
1630.0,0.36
1631.0,0.6000000000000001
1632.0,0.4
1633.0,0.23999999999999988
1634.0,0.76
1635.0,0.6000000000000001
1636.0,-1.16
1637.0,0.76
1638.0,0.6799999999999999
1639.0,0.36
1640.0,0.07999999999999974
1641.0,0.4800000000000001
1642.0,-1.6400000000000001
1643.0,0.36
1644.0,-1.16
1645.0,-1.08
1646.0,0.52
1647.0,-1.0
1648.0,0.44000000000000006
1649.0,-1.6800000000000002
1650.0,0.6799999999999999
1651.0,0.44000000000000006
1652.0,-1.0
1653.0,0.0399999999999997
1654.0,0.72
1655.0,-1.3600000000000012
1656.0,-0.6400000000000008
1657.0,0.2799999999999999
1658.0,-1.7600000000000002
1659.0,0.72
1660.0,0.6799999999999999
1661.0,-1.48
1662.0,-1.04
1663.0,-1.8000000000000003
1664.0,0.4800000000000001
1665.0,0.72
1666.0,0.4
1667.0,0.6000000000000001
1668.0,0.36
1669.0,0.56
1670.0,-1.6400000000000001
1671.0,0.23999999999999988
1672.0,-0.16000000000000036
1673.0,-1.0
1674.0,-3.000000000000001
1675.0,0.1599999999999998
1676.0,0.64
1677.0,-0.04000000000000026
1678.0,0.64
1679.0,0.4
1680.0,0.36
1681.0,0.76
1682.0,0.4
1683.0,0.76
1684.0,-1.04
1685.0,-1.08
1686.0,0.36
1687.0,-1.16
1688.0,-0.04000000000000026
1689.0,0.36
1690.0,-1.0
1691.0,-1.6800000000000002
1692.0,0.36
1693.0,-1.0
1694.0,-0.28000000000000047
1695.0,0.4800000000000001
1696.0,0.44000000000000006
1697.0,0.4
1698.0,0.36
1699.0,-1.24
1700.0,0.52
1701.0,0.52
1702.0,-2.5200000000000005
1703.0,-1.04
1704.0,-1.2
1705.0,-1.52
1706.0,-3.4400000000000013
1707.0,0.31999999999999995
1708.0,0.4800000000000001
1709.0,-1.3600000000000012
1710.0,0.64
1711.0,0.4
1712.0,0.6000000000000001
1713.0,-1.04
1714.0,-0.7200000000000009
1715.0,0.4800000000000001
1716.0,0.23999999999999988
1717.0,-1.32
1718.0,-1.56
1719.0,-1.8400000000000003
1720.0,-1.0
1721.0,0.1599999999999998
1722.0,0.6000000000000001
1723.0,-0.04000000000000026
1724.0,0.6799999999999999
1725.0,0.23999999999999988
1726.0,0.72
1727.0,0.8
1728.0,-1.6400000000000001
1729.0,-1.8800000000000003
1730.0,-0.16000000000000036
1731.0,0.72
1732.0,-0.4000000000000006
1733.0,0.4
1734.0,0.6000000000000001
1735.0,0.64
1736.0,0.19999999999999984
1737.0,-1.04
1738.0,0.07999999999999974
1739.0,0.31999999999999995
1740.0,-2.0
1741.0,-1.04
1742.0,-1.12
1743.0,0.64
1744.0,0.31999999999999995
1745.0,0.4800000000000001
1746.0,-1.6400000000000001
1747.0,0.4
1748.0,-0.2000000000000004
1749.0,0.64
1750.0,0.6799999999999999
1751.0,-0.4400000000000006
1752.0,0.72
1753.0,-1.3599999999999999
1754.0,0.52
1755.0,0.2799999999999999
1756.0,0.2799999999999999
1757.0,0.8
1758.0,-0.2000000000000004
1759.0,0.6799999999999999
1760.0,0.72
1761.0,-1.12
1762.0,0.6799999999999999
1763.0,-1.12
1764.0,0.56
1765.0,0.56
1766.0,0.76
1767.0,-1.08
1768.0,0.4800000000000001
1769.0,0.11999999999999977
1770.0,-1.12
1771.0,-0.2000000000000004
1772.0,0.4800000000000001
1773.0,0.36
1774.0,-1.04
1775.0,0.72
1776.0,-1.08
1777.0,0.6799999999999999
1778.0,-1.2
1779.0,-1.200000000000001
1780.0,-1.56
1781.0,-1.32
1782.0,0.64
1783.0,-1.16
1784.0,0.64
1785.0,-0.12000000000000033
1786.0,-1.16
1787.0,0.6000000000000001
1788.0,-1.08
1789.0,0.76
1790.0,-2.6000000000000005
1791.0,0.56
1792.0,-1.8000000000000003
1793.0,0.2799999999999999
1794.0,-1.12
1795.0,0.6000000000000001
1796.0,0.36
1797.0,0.64
1798.0,-0.48000000000000065
1799.0,0.72
1800.0,0.6000000000000001
1801.0,0.52
1802.0,-2.8400000000000007
1803.0,-0.28000000000000047
1804.0,0.07999999999999974
1805.0,-1.4
1806.0,0.6799999999999999
1807.0,0.4800000000000001
1808.0,0.07999999999999974
1809.0,-1.0
1810.0,-1.9200000000000004
1811.0,-1.44
1812.0,0.76
1813.0,0.31999999999999995
1814.0,0.56
1815.0,-2.16
1816.0,-1.2
1817.0,0.6000000000000001
1818.0,0.36
1819.0,0.52
1820.0,0.1599999999999998
1821.0,-1.28
1822.0,0.52
1823.0,-1.04
1824.0,-1.28
1825.0,-1.4
1826.0,-2.08
1827.0,-1.9200000000000017
1828.0,-1.0
1829.0,-0.5200000000000007
1830.0,-2.120000000000002
1831.0,-1.16
1832.0,0.52
1833.0,0.07999999999999974
1834.0,0.4
1835.0,0.31999999999999995
1836.0,0.52
1837.0,-1.12
1838.0,-2.08
1839.0,-0.24000000000000044
1840.0,0.44000000000000006
1841.0,0.6799999999999999
1842.0,0.44000000000000006
1843.0,-2.0
1844.0,0.6799999999999999
1845.0,0.1599999999999998
1846.0,0.0399999999999997
1847.0,0.31999999999999995
1848.0,-1.28
1849.0,-1.2
1850.0,-0.2000000000000004
1851.0,-1.08
1852.0,0.11999999999999977
1853.0,-1.48
1854.0,0.44000000000000006
1855.0,0.4800000000000001
1856.0,-1.3599999999999999
1857.0,0.2799999999999999
1858.0,-1.24
1859.0,0.4800000000000001
1860.0,0.52
1861.0,0.6799999999999999
1862.0,-2.2800000000000002
1863.0,0.19999999999999984
1864.0,-2.6800000000000006
1865.0,-1.24
1866.0,0.76
1867.0,-1.16
1868.0,0.6799999999999999
1869.0,0.6799999999999999
1870.0,-1.44
1871.0,0.4
1872.0,0.52
1873.0,0.64
1874.0,0.56
1875.0,0.72
1876.0,0.8
1877.0,-1.12
1878.0,-0.04000000000000026
1879.0,-1.04
1880.0,0.36
1881.0,0.36
1882.0,0.1599999999999998
1883.0,0.4800000000000001
1884.0,0.56
1885.0,-0.04000000000000026
1886.0,-1.28
1887.0,-1.04
1888.0,0.76
1889.0,-1.28
1890.0,-0.5200000000000007
1891.0,-1.0
1892.0,-1.08
1893.0,0.64
1894.0,0.36
1895.0,0.8
1896.0,0.6799999999999999
1897.0,0.4800000000000001
1898.0,0.6000000000000001
1899.0,0.4
1900.0,0.8
1901.0,0.36
1902.0,0.56
1903.0,0.72
1904.0,0.76
1905.0,0.6000000000000001
1906.0,0.6000000000000001
1907.0,0.6000000000000001
1908.0,0.76
1909.0,0.2799999999999999
1910.0,-1.08
1911.0,0.76
1912.0,0.11999999999999977
1913.0,0.56
1914.0,0.4
1915.0,0.6000000000000001
1916.0,0.72
1917.0,0.6000000000000001
1918.0,0.36
1919.0,0.6799999999999999
1920.0,0.72
1921.0,0.56
1922.0,0.11999999999999977
1923.0,0.6000000000000001
1924.0,0.56
1925.0,-1.32
1926.0,0.2799999999999999
1927.0,-1.08
1928.0,-0.0800000000000003
1929.0,-1.04
1930.0,0.44000000000000006
1931.0,0.4800000000000001
1932.0,-1.8000000000000003
1933.0,-4.040000000000002
1934.0,-1.4
1935.0,0.76
1936.0,0.11999999999999977
1937.0,-0.16000000000000036
1938.0,0.11999999999999977
1939.0,0.6799999999999999
1940.0,-1.0
1941.0,0.4800000000000001
1942.0,-0.24000000000000044
1943.0,0.72
1944.0,-0.4000000000000006
1945.0,0.6000000000000001
1946.0,-2.04
1947.0,-1.44
1948.0,-0.880000000000001
1949.0,0.52
1950.0,-1.2
1951.0,-2.7200000000000006
1952.0,0.36
1953.0,-1.2
1954.0,0.6000000000000001
1955.0,-0.12000000000000033
1956.0,-1.0
1957.0,0.8
1958.0,0.2799999999999999
1959.0,-1.4
1960.0,-1.6800000000000002
1961.0,-2.4000000000000004
1962.0,0.6000000000000001
1963.0,0.72
1964.0,0.31999999999999995
1965.0,-1.56
1966.0,0.1599999999999998
1967.0,-1.48
1968.0,-1.8000000000000003
1969.0,0.52
1970.0,-1.6400000000000001
1971.0,-1.28
1972.0,0.1599999999999998
1973.0,0.8
1974.0,0.72
1975.0,0.0399999999999997
1976.0,0.36
1977.0,0.2799999999999999
1978.0,0.56
1979.0,-1.16
1980.0,0.72
1981.0,-1.16
1982.0,-1.48
1983.0,0.6000000000000001
1984.0,-0.7600000000000009
1985.0,-1.6400000000000001
1986.0,0.56
1987.0,-1.28
1988.0,-1.04
1989.0,0.19999999999999984
1990.0,-1.8800000000000003
1991.0,0.56
1992.0,-1.4
1993.0,-1.0
1994.0,0.31999999999999995
1995.0,-1.08
1996.0,0.64
1997.0,0.56
1998.0,0.52
1999.0,0.64
2000.0,-1.32
2001.0,0.72
2002.0,0.4800000000000001
2003.0,0.44000000000000006
2004.0,-1.0
2005.0,-1.0
2006.0,0.6799999999999999
2007.0,0.72
2008.0,0.76
2009.0,-2.220446049250313e-16
2010.0,0.8
2011.0,-1.04
2012.0,-1.12
2013.0,-1.32
2014.0,-1.16
2015.0,0.19999999999999984
2016.0,-1.32
2017.0,0.44000000000000006
2018.0,0.6799999999999999
2019.0,-1.08
2020.0,0.64
2021.0,0.6799999999999999
2022.0,-3.4800000000000013
2023.0,-2.4000000000000004
2024.0,0.6799999999999999
2025.0,0.23999999999999988
2026.0,0.72
2027.0,-1.7200000000000002
2028.0,0.6799999999999999
2029.0,-1.0
2030.0,-1.6
2031.0,0.07999999999999974
2032.0,-1.0
2033.0,-1.8000000000000003
2034.0,-1.16
2035.0,0.56
2036.0,0.52
2037.0,-4.320000000000002
2038.0,0.76
2039.0,0.31999999999999995
2040.0,-1.12
2041.0,0.72
2042.0,-1.7600000000000002
2043.0,-3.040000000000001
2044.0,0.44000000000000006
2045.0,-1.2
2046.0,-0.0800000000000003
2047.0,-1.04
2048.0,0.6000000000000001
2049.0,0.76
2050.0,-1.12
2051.0,0.72
2052.0,-2.2
2053.0,0.4800000000000001
2054.0,-1.3599999999999999
2055.0,-0.0800000000000003
2056.0,-1.04
2057.0,-0.6000000000000008
2058.0,0.11999999999999977
2059.0,0.64
2060.0,0.4
2061.0,0.72
2062.0,0.76
2063.0,-1.04
2064.0,0.6000000000000001
2065.0,-1.4
2066.0,-0.6000000000000008
2067.0,-1.3599999999999999
2068.0,-1.3599999999999999
2069.0,0.44000000000000006
2070.0,0.56
2071.0,-0.48000000000000065
2072.0,-1.4
2073.0,0.72
2074.0,0.6799999999999999
2075.0,0.4800000000000001
2076.0,0.8
2077.0,0.8
2078.0,0.56
2079.0,0.36
2080.0,0.56
2081.0,-1.32
2082.0,-1.2
2083.0,0.52
2084.0,-0.04000000000000026
2085.0,0.11999999999999977
2086.0,0.36
2087.0,-1.04
2088.0,0.2799999999999999
2089.0,-0.0800000000000003
2090.0,0.07999999999999974
2091.0,0.2799999999999999
2092.0,0.8
2093.0,0.72
2094.0,0.44000000000000006
2095.0,-1.4
2096.0,-3.8800000000000017
2097.0,0.76
2098.0,-1.04
2099.0,-1.4
2100.0,-1.04
2101.0,0.56
2102.0,0.6000000000000001
2103.0,0.19999999999999984
2104.0,-0.3200000000000005
2105.0,0.8
2106.0,0.72
2107.0,0.56
2108.0,0.19999999999999984
2109.0,-1.08
2110.0,-1.2
2111.0,0.31999999999999995
2112.0,0.6000000000000001
2113.0,0.76
2114.0,0.44000000000000006
2115.0,-1.04
2116.0,-1.0
2117.0,-1.04
2118.0,0.72
2119.0,0.52
2120.0,0.56
2121.0,-1.8400000000000003
2122.0,0.52
2123.0,-1.44
2124.0,0.19999999999999984
2125.0,-1.08
2126.0,0.6799999999999999
2127.0,0.6000000000000001
2128.0,0.8
2129.0,0.36
2130.0,-1.08
2131.0,-0.28000000000000047
2132.0,-1.28
2133.0,-0.04000000000000026
2134.0,0.0399999999999997
2135.0,0.44000000000000006
2136.0,0.6799999999999999
2137.0,-1.0
2138.0,0.72
2139.0,-0.3200000000000005
2140.0,-1.16
2141.0,-1.56
2142.0,-1.6800000000000002
2143.0,-1.56
2144.0,-1.16
2145.0,0.76
2146.0,-1.7600000000000002
2147.0,0.56
2148.0,0.36
2149.0,0.19999999999999984
2150.0,0.52
2151.0,-2.6000000000000005
2152.0,-1.04
2153.0,0.2799999999999999
2154.0,0.4800000000000001
2155.0,-1.16
2156.0,0.64
2157.0,0.07999999999999974
2158.0,-1.56
2159.0,0.2799999999999999
2160.0,-1.04
2161.0,0.6000000000000001
2162.0,0.2799999999999999
2163.0,-2.6800000000000006
2164.0,0.31999999999999995
2165.0,-1.0
2166.0,0.64
2167.0,-3.240000000000001
2168.0,-0.880000000000001
2169.0,-2.220446049250313e-16
2170.0,-0.04000000000000026
2171.0,0.6799999999999999
2172.0,-1.0
2173.0,0.6799999999999999
2174.0,-1.24
2175.0,0.72
2176.0,0.44000000000000006
2177.0,0.23999999999999988
2178.0,-0.0800000000000003
2179.0,0.64
2180.0,0.6000000000000001
2181.0,-1.16
2182.0,0.11999999999999977
2183.0,-1.0
2184.0,-2.2800000000000002
2185.0,-1.12
2186.0,0.64
2187.0,0.31999999999999995
2188.0,0.8
2189.0,0.56
2190.0,-1.16
2191.0,-1.24
2192.0,0.76
2193.0,-1.12
2194.0,0.56
2195.0,-0.48000000000000065
2196.0,0.56
2197.0,-1.9200000000000004
2198.0,0.76
2199.0,-1.48
2200.0,0.4800000000000001
2201.0,0.64
2202.0,0.64
2203.0,0.6799999999999999
2204.0,-1.28
2205.0,0.76
2206.0,0.36
2207.0,0.4
2208.0,0.76
2209.0,0.6000000000000001
2210.0,0.64
2211.0,0.36
2212.0,-1.56
2213.0,0.2799999999999999
2214.0,0.8
2215.0,0.31999999999999995
2216.0,0.4
2217.0,0.4800000000000001
2218.0,0.8
2219.0,0.6799999999999999
2220.0,0.72
2221.0,-1.4
2222.0,0.23999999999999988
2223.0,-0.6800000000000008
2224.0,0.8
2225.0,0.0399999999999997
2226.0,0.6799999999999999
2227.0,0.64
2228.0,-1.28
2229.0,-1.0
2230.0,0.52
2231.0,-1.2
2232.0,0.56
2233.0,0.0399999999999997
2234.0,-3.9600000000000017
2235.0,-3.120000000000001
2236.0,0.6799999999999999
2237.0,0.31999999999999995
2238.0,0.4800000000000001
2239.0,0.23999999999999988
2240.0,0.4
2241.0,0.72
2242.0,0.72
2243.0,-0.2000000000000004
2244.0,0.8
2245.0,0.64
2246.0,0.6799999999999999
2247.0,-1.08
2248.0,0.2799999999999999
2249.0,-1.12
2250.0,-1.6800000000000015
2251.0,0.8
2252.0,0.31999999999999995
2253.0,0.23999999999999988
2254.0,0.64
2255.0,0.1599999999999998
2256.0,0.23999999999999988
2257.0,-2.220446049250313e-16
2258.0,0.72
2259.0,-1.12
2260.0,0.2799999999999999
2261.0,0.0399999999999997
2262.0,0.6799999999999999
2263.0,0.19999999999999984
2264.0,0.52
2265.0,0.8
2266.0,0.4800000000000001
2267.0,-1.56
2268.0,0.8
2269.0,-1.08
2270.0,-1.4
2271.0,0.76
2272.0,0.44000000000000006
2273.0,-1.12
2274.0,-1.16
2275.0,0.36
2276.0,-7.0400000000000045
2277.0,0.07999999999999974
2278.0,0.23999999999999988
2279.0,-1.52
2280.0,0.56
2281.0,-1.2
2282.0,-1.8400000000000003
2283.0,-1.08
2284.0,-1.24
2285.0,0.76
2286.0,0.44000000000000006
2287.0,0.72
2288.0,0.56
2289.0,0.6799999999999999
2290.0,-2.120000000000002
2291.0,-1.0
2292.0,-1.08
2293.0,0.6000000000000001
2294.0,-1.0
2295.0,-1.04
2296.0,-1.28
2297.0,-1.12
2298.0,-0.28000000000000047
2299.0,-0.36000000000000054
2300.0,-2.0
2301.0,0.52
2302.0,0.64
2303.0,0.6799999999999999
2304.0,-1.12
2305.0,-0.28000000000000047
2306.0,0.36
2307.0,0.52
2308.0,0.2799999999999999
2309.0,-1.2
2310.0,0.72
2311.0,-1.2
2312.0,0.64
2313.0,0.6799999999999999
2314.0,-1.12
2315.0,0.52
2316.0,-1.2
2317.0,0.72
2318.0,0.56
2319.0,0.56
2320.0,-1.04
2321.0,0.8
2322.0,-2.220446049250313e-16
2323.0,0.6000000000000001
2324.0,0.23999999999999988
2325.0,0.44000000000000006
2326.0,-1.2
2327.0,0.56
2328.0,0.56
2329.0,-1.04
2330.0,0.23999999999999988
2331.0,-4.120000000000002
2332.0,0.6799999999999999
2333.0,-1.0
2334.0,-1.52
2335.0,-1.24
2336.0,-1.28
2337.0,-1.04
2338.0,0.72
2339.0,0.72
2340.0,0.1599999999999998
2341.0,-1.2
2342.0,0.31999999999999995
2343.0,0.6000000000000001
2344.0,-1.32
2345.0,0.56
2346.0,0.6000000000000001
2347.0,-1.4
2348.0,0.64
2349.0,0.4800000000000001
2350.0,-1.4
2351.0,0.23999999999999988
2352.0,0.11999999999999977
2353.0,-1.56
2354.0,0.44000000000000006
2355.0,0.76
2356.0,0.8
2357.0,0.36
2358.0,0.4
2359.0,-1.24
2360.0,-1.12
2361.0,-1.08
2362.0,0.23999999999999988
2363.0,0.64
2364.0,0.56
2365.0,0.56
2366.0,-1.24
2367.0,-1.08
2368.0,0.52
2369.0,-1.04
2370.0,0.76
2371.0,-2.220446049250313e-16
2372.0,0.6000000000000001
2373.0,0.36
2374.0,0.6000000000000001
2375.0,-1.6400000000000001
2376.0,-1.28
2377.0,0.44000000000000006
2378.0,0.4
2379.0,0.44000000000000006
2380.0,0.64
2381.0,0.07999999999999974
2382.0,-1.28
2383.0,0.2799999999999999
2384.0,0.6000000000000001
2385.0,-2.3200000000000003
2386.0,0.56
2387.0,-1.04
2388.0,-1.0
2389.0,-1.04
2390.0,-0.04000000000000026
2391.0,0.11999999999999977
2392.0,-1.16
2393.0,0.52
2394.0,-1.24
2395.0,0.64
2396.0,-1.6
2397.0,-1.3599999999999999
2398.0,0.6799999999999999
2399.0,0.76
2400.0,0.4800000000000001
2401.0,-3.080000000000001
2402.0,0.72
2403.0,-1.28
2404.0,0.64
2405.0,-0.12000000000000033
2406.0,-1.16
2407.0,-0.04000000000000026
2408.0,0.64
2409.0,-0.36000000000000054
2410.0,-1.24
2411.0,-0.04000000000000026
2412.0,-1.44
2413.0,-2.4000000000000004
2414.0,0.8
2415.0,0.8
2416.0,0.64
2417.0,-1.2
2418.0,-1.6000000000000014
2419.0,-1.04
2420.0,-1.28
2421.0,-1.8000000000000003
2422.0,0.11999999999999977
2423.0,-1.44
2424.0,-1.6400000000000001
2425.0,0.4800000000000001
2426.0,0.44000000000000006
2427.0,0.36
2428.0,-1.48
2429.0,-1.44
2430.0,0.07999999999999974
2431.0,0.6000000000000001
2432.0,0.6000000000000001
2433.0,0.44000000000000006
2434.0,-5.1200000000000045
2435.0,0.2799999999999999
2436.0,0.36
2437.0,-2.220446049250313e-16
2438.0,-1.04
2439.0,0.56
2440.0,0.76
2441.0,-2.6000000000000005
2442.0,0.56
2443.0,0.31999999999999995
2444.0,-1.52
2445.0,0.56
2446.0,-2.220446049250313e-16
2447.0,0.6000000000000001
2448.0,0.31999999999999995
2449.0,0.8
2450.0,0.36
2451.0,-0.8000000000000009
2452.0,0.64
2453.0,0.64
2454.0,-1.2
2455.0,0.8
2456.0,-1.8000000000000003
2457.0,0.4
2458.0,-1.12
2459.0,-0.36000000000000054
2460.0,-1.4000000000000012
2461.0,0.4800000000000001
2462.0,-1.3599999999999999
2463.0,-1.56
2464.0,-1.08
2465.0,-1.12
2466.0,-1.12
2467.0,0.56
2468.0,0.72
2469.0,0.76
2470.0,-2.220446049250313e-16
2471.0,0.6799999999999999
2472.0,-0.8000000000000009
2473.0,0.2799999999999999
2474.0,0.6000000000000001
2475.0,0.36
2476.0,-2.220446049250313e-16
2477.0,-2.880000000000001
2478.0,-1.0
2479.0,0.64
2480.0,-1.16
2481.0,0.52
2482.0,-1.7600000000000002
2483.0,0.72
2484.0,0.56
2485.0,0.64
2486.0,-1.52
2487.0,0.56
2488.0,0.6000000000000001
2489.0,0.0399999999999997
2490.0,-1.2
2491.0,0.56
2492.0,0.4800000000000001
2493.0,-0.24000000000000044
2494.0,-2.5200000000000005
2495.0,0.6000000000000001
2496.0,-1.04
2497.0,-0.12000000000000033
2498.0,-2.240000000000002
2499.0,0.64
2500.0,0.76
2501.0,-1.6400000000000001
2502.0,0.44000000000000006
2503.0,-1.3599999999999999
2504.0,0.19999999999999984
2505.0,0.72
2506.0,0.52
2507.0,0.6000000000000001
2508.0,0.64
2509.0,-0.16000000000000036
2510.0,0.8
2511.0,-1.12
2512.0,-1.3599999999999999
2513.0,-1.0
2514.0,0.19999999999999984
2515.0,0.8
2516.0,0.56
2517.0,0.4800000000000001
2518.0,-3.240000000000001
2519.0,0.64
2520.0,-1.04
2521.0,0.8
2522.0,0.2799999999999999
2523.0,0.4800000000000001
2524.0,0.2799999999999999
2525.0,-1.32
2526.0,-0.7200000000000009
2527.0,0.76
2528.0,-1.0
2529.0,0.6000000000000001
2530.0,0.64
2531.0,-1.12
2532.0,0.72
2533.0,-0.6000000000000008
2534.0,0.64
2535.0,-3.160000000000001
2536.0,0.56
2537.0,0.72
2538.0,0.4800000000000001
2539.0,-0.2000000000000004
2540.0,-1.12
2541.0,0.23999999999999988
2542.0,0.4
2543.0,-1.6400000000000001
2544.0,-1.8000000000000003
2545.0,0.56
2546.0,0.2799999999999999
2547.0,0.72
2548.0,-1.44
2549.0,0.72
2550.0,0.36
2551.0,-0.12000000000000033
2552.0,0.72
2553.0,0.56
2554.0,0.64
2555.0,-1.08
2556.0,0.4
2557.0,-1.2
2558.0,-1.4
2559.0,0.6000000000000001
2560.0,0.56
2561.0,-2.4000000000000004
2562.0,-0.28000000000000047
2563.0,0.07999999999999974
2564.0,0.2799999999999999
2565.0,-2.3600000000000003
2566.0,0.72
2567.0,0.8
2568.0,-0.36000000000000054
2569.0,0.56
2570.0,-4.000000000000002
2571.0,-1.6
2572.0,0.56
2573.0,0.76
2574.0,-1.04
2575.0,0.23999999999999988
2576.0,0.31999999999999995
2577.0,0.64
2578.0,0.8
2579.0,-2.4000000000000004
2580.0,-1.48
2581.0,0.36
2582.0,-1.4
2583.0,0.64
2584.0,0.56
2585.0,-1.6
2586.0,-2.6000000000000005
2587.0,0.72
2588.0,-5.160000000000003
2589.0,-2.220446049250313e-16
2590.0,0.72
2591.0,0.6799999999999999
2592.0,0.4800000000000001
2593.0,-1.6400000000000001
2594.0,0.44000000000000006
2595.0,-1.12
2596.0,0.56
2597.0,0.36
2598.0,0.8
2599.0,-0.12000000000000033
2600.0,0.6000000000000001
2601.0,-0.24000000000000044
2602.0,0.4800000000000001
2603.0,-6.680000000000004
2604.0,0.6000000000000001
2605.0,0.8
2606.0,-0.4000000000000006
2607.0,0.23999999999999988
2608.0,-1.2
2609.0,0.6799999999999999
2610.0,0.4800000000000001
2611.0,-1.44
2612.0,0.44000000000000006
2613.0,0.76
2614.0,-1.24
2615.0,0.56
2616.0,0.8
2617.0,0.64
2618.0,0.19999999999999984
2619.0,0.23999999999999988
2620.0,0.36
2621.0,-2.920000000000001
2622.0,-1.28
2623.0,0.56
2624.0,0.76
2625.0,0.56
2626.0,0.72
2627.0,0.64
2628.0,0.4800000000000001
2629.0,-0.24000000000000044
2630.0,0.72
2631.0,0.4
2632.0,0.72
2633.0,0.72
2634.0,0.8
2635.0,0.1599999999999998
2636.0,0.56
2637.0,-1.48
2638.0,0.64
2639.0,0.76
2640.0,0.4
2641.0,0.19999999999999984
2642.0,0.6799999999999999
2643.0,-1.12
2644.0,0.56
2645.0,-0.12000000000000033
2646.0,-1.6800000000000002
2647.0,-2.08
2648.0,0.72
2649.0,0.72
2650.0,0.4800000000000001
2651.0,-1.16
2652.0,0.64
2653.0,0.56
2654.0,0.6000000000000001
2655.0,-1.44
2656.0,0.07999999999999974
2657.0,0.52
2658.0,-1.24
2659.0,-1.52
2660.0,0.56
2661.0,0.11999999999999977
2662.0,-1.2
2663.0,0.56
2664.0,0.56
2665.0,-1.24
2666.0,0.07999999999999974
2667.0,-1.48
2668.0,-1.04
2669.0,0.6000000000000001
2670.0,0.31999999999999995
2671.0,0.1599999999999998
2672.0,0.4
2673.0,0.44000000000000006
2674.0,0.4
2675.0,0.76
2676.0,-3.5200000000000014
2677.0,0.6000000000000001
2678.0,0.56
2679.0,0.2799999999999999
2680.0,-0.28000000000000047
2681.0,-3.160000000000001
2682.0,0.72
2683.0,0.8
2684.0,0.44000000000000006
2685.0,-1.2
2686.0,-1.0
2687.0,0.6000000000000001
2688.0,-0.2000000000000004
2689.0,0.6000000000000001
2690.0,-1.08
2691.0,0.6799999999999999
2692.0,0.0399999999999997
2693.0,0.8
2694.0,-2.04
2695.0,0.64
2696.0,-1.12
2697.0,0.8
2698.0,-0.0800000000000003
2699.0,0.4
2700.0,0.76
2701.0,0.72
2702.0,0.72
2703.0,0.8
2704.0,0.6000000000000001
2705.0,0.64
2706.0,-1.0
2707.0,0.64
2708.0,0.4800000000000001
2709.0,0.72
2710.0,0.6799999999999999
2711.0,0.6000000000000001
2712.0,0.56
2713.0,-1.28
2714.0,0.8
2715.0,-0.16000000000000036
2716.0,0.44000000000000006
2717.0,0.8
2718.0,-1.0
2719.0,0.31999999999999995
2720.0,0.11999999999999977
2721.0,0.6000000000000001
2722.0,0.76
2723.0,0.56
2724.0,0.64
2725.0,0.6000000000000001
2726.0,0.0399999999999997
2727.0,0.72
2728.0,0.19999999999999984
2729.0,0.8
2730.0,-2.3600000000000003
2731.0,-1.0
2732.0,0.72
2733.0,0.8
2734.0,-1.04
2735.0,0.8
2736.0,0.8
2737.0,0.76
2738.0,0.0399999999999997
2739.0,-1.3599999999999999
2740.0,0.4
2741.0,0.23999999999999988
2742.0,0.6000000000000001
2743.0,0.56
2744.0,0.72
2745.0,-2.4400000000000004
2746.0,0.8
2747.0,0.6799999999999999
2748.0,0.4
2749.0,-1.12
2750.0,0.36
2751.0,0.64
2752.0,0.72
2753.0,-1.2
2754.0,0.07999999999999974
2755.0,0.56
2756.0,0.76
2757.0,-1.32
2758.0,0.72
2759.0,-1.08
2760.0,0.4800000000000001
2761.0,0.8
2762.0,-1.04
2763.0,0.8
2764.0,-1.16
2765.0,-1.44
2766.0,-1.7200000000000002
2767.0,0.8
2768.0,0.64
2769.0,0.4
2770.0,0.36
2771.0,-2.920000000000001
2772.0,-1.6800000000000002
2773.0,0.4
2774.0,0.64
2775.0,-1.56
2776.0,0.11999999999999977
2777.0,0.64
2778.0,0.6799999999999999
2779.0,-1.9600000000000004
2780.0,0.6799999999999999
2781.0,0.6799999999999999
2782.0,0.72
2783.0,-1.04
2784.0,-1.32
2785.0,0.0399999999999997
2786.0,0.64
2787.0,0.4
2788.0,0.44000000000000006
2789.0,0.4
2790.0,0.56
2791.0,-0.6400000000000008
2792.0,0.4800000000000001
2793.0,0.4800000000000001
2794.0,0.4
2795.0,0.52
2796.0,0.6799999999999999
2797.0,0.6799999999999999
2798.0,-2.220446049250313e-16
2799.0,0.52
2800.0,0.52
2801.0,-1.16
2802.0,0.8
2803.0,-1.28
2804.0,-0.28000000000000047
2805.0,-1.9200000000000004
2806.0,0.6799999999999999
2807.0,0.23999999999999988
2808.0,-1.04
2809.0,0.76
2810.0,0.56
2811.0,-1.48
2812.0,0.64
2813.0,0.6799999999999999
2814.0,0.4800000000000001
2815.0,0.52
2816.0,0.64
2817.0,-1.4
2818.0,-1.4
2819.0,-1.56
2820.0,-1.04
2821.0,0.6000000000000001
2822.0,0.31999999999999995
2823.0,0.52
2824.0,-1.0
2825.0,0.4
2826.0,-1.2
2827.0,0.6000000000000001
2828.0,0.8
2829.0,0.64
2830.0,0.52
2831.0,0.6799999999999999
2832.0,0.44000000000000006
2833.0,-1.12
2834.0,0.07999999999999974
2835.0,-1.08
2836.0,0.56
2837.0,0.8
2838.0,-1.04
2839.0,-1.32
2840.0,0.76
2841.0,0.36
2842.0,0.64
2843.0,0.64
2844.0,0.8
2845.0,0.8
2846.0,-2.220446049250313e-16
2847.0,-1.28
2848.0,-0.16000000000000036
2849.0,-0.3200000000000005
2850.0,0.72
2851.0,0.6799999999999999
2852.0,0.6000000000000001
2853.0,0.56
2854.0,-1.16
2855.0,-1.16
2856.0,0.52
2857.0,-1.16
2858.0,0.6000000000000001
2859.0,0.44000000000000006
2860.0,0.72
2861.0,-2.3200000000000003
2862.0,0.6000000000000001
2863.0,-1.4
2864.0,0.64
2865.0,0.6000000000000001
2866.0,-2.8400000000000007
2867.0,0.72
2868.0,0.6000000000000001
2869.0,-0.12000000000000033
2870.0,0.4800000000000001
2871.0,0.56
2872.0,0.8
2873.0,-1.080000000000001
2874.0,-0.7600000000000009
2875.0,-1.44
2876.0,0.8
2877.0,0.8
2878.0,0.6799999999999999
2879.0,-1.0
2880.0,0.4800000000000001
2881.0,-1.4
2882.0,0.76
2883.0,0.56
2884.0,0.6799999999999999
2885.0,0.76
2886.0,0.8
2887.0,0.6000000000000001
2888.0,0.44000000000000006
2889.0,-1.32
2890.0,-1.24
2891.0,0.8
2892.0,0.8
2893.0,-3.8400000000000016
2894.0,-1.16
2895.0,0.6799999999999999
2896.0,0.76
2897.0,0.6799999999999999
2898.0,-1.28
2899.0,0.56
2900.0,-2.220446049250313e-16
2901.0,0.8
2902.0,-1.56
2903.0,-1.4
2904.0,0.72
2905.0,0.23999999999999988
2906.0,-1.24
2907.0,0.52
2908.0,0.64
2909.0,0.52
2910.0,-3.280000000000001
2911.0,-1.2
2912.0,0.76
2913.0,-1.12
2914.0,0.8
2915.0,-1.48
2916.0,0.72
2917.0,-2.220446049250313e-16
2918.0,-1.44
2919.0,-1.6800000000000002
2920.0,0.76
2921.0,-1.12
2922.0,0.6000000000000001
2923.0,0.8
2924.0,0.64
2925.0,0.6000000000000001
2926.0,0.64
2927.0,0.64
2928.0,-1.0
2929.0,0.44000000000000006
2930.0,0.56
2931.0,0.1599999999999998
2932.0,0.8
2933.0,0.72
2934.0,0.23999999999999988
2935.0,0.64
2936.0,0.44000000000000006
2937.0,0.76
2938.0,-1.24
2939.0,-1.6800000000000002
2940.0,-1.08
2941.0,-1.24
2942.0,0.11999999999999977
2943.0,-1.52
2944.0,0.72
2945.0,-1.12
2946.0,0.64
2947.0,0.72
2948.0,0.76
2949.0,0.4800000000000001
2950.0,-1.44
2951.0,-1.04
2952.0,0.64
2953.0,-6.440000000000004
2954.0,0.4800000000000001
2955.0,0.72
2956.0,-3.200000000000001
2957.0,0.64
2958.0,0.6000000000000001
2959.0,-1.2
2960.0,-1.52
2961.0,-1.0
2962.0,0.72
2963.0,0.23999999999999988
2964.0,0.31999999999999995
2965.0,-0.4400000000000006
2966.0,-1.2800000000000011
2967.0,-0.12000000000000033
2968.0,0.56
2969.0,0.56
2970.0,0.52
2971.0,-2.04
2972.0,-1.9600000000000004
2973.0,0.56
2974.0,0.64
2975.0,0.76
2976.0,-2.220446049250313e-16
2977.0,-1.7600000000000002
2978.0,0.76
2979.0,0.19999999999999984
2980.0,0.56
2981.0,0.6000000000000001
2982.0,-1.0
2983.0,-1.52
2984.0,-1.48
2985.0,-1.8000000000000003
2986.0,0.8
2987.0,-1.9600000000000004
2988.0,0.8
2989.0,0.6000000000000001
2990.0,0.76
2991.0,0.52
2992.0,0.52
2993.0,0.8
2994.0,-1.4
2995.0,0.8
2996.0,0.56
2997.0,0.64
2998.0,0.56
2999.0,0.8
3000.0,-0.36000000000000054
3001.0,0.36
3002.0,-1.200000000000001
3003.0,-1.56
3004.0,-0.04000000000000026
3005.0,-2.0000000000000018
3006.0,0.6799999999999999
3007.0,0.56
3008.0,-1.48
3009.0,0.44000000000000006
3010.0,0.8
3011.0,-0.04000000000000026
3012.0,-0.36000000000000054
3013.0,0.72
3014.0,0.72
3015.0,-1.04
3016.0,0.44000000000000006
3017.0,0.36
3018.0,0.64
3019.0,0.4
3020.0,-1.0
3021.0,-2.08
3022.0,-1.48
3023.0,0.64
3024.0,0.31999999999999995
3025.0,0.72
3026.0,-0.0800000000000003
3027.0,-1.04
3028.0,-1.28
3029.0,0.6799999999999999
3030.0,0.64
3031.0,-1.6
3032.0,-1.16
3033.0,0.19999999999999984
3034.0,0.6000000000000001
3035.0,0.4
3036.0,-2.16
3037.0,-1.0000000000000009
3038.0,0.19999999999999984
3039.0,0.6799999999999999
3040.0,-0.24000000000000044
3041.0,0.6799999999999999
3042.0,-1.28
3043.0,-1.3599999999999999
3044.0,0.76
3045.0,-1.28
3046.0,0.76
3047.0,0.4800000000000001
3048.0,0.72
3049.0,0.19999999999999984
3050.0,-1.6
3051.0,-1.04
3052.0,-1.08
3053.0,-1.2
3054.0,0.36
3055.0,-2.220446049250313e-16
3056.0,0.4800000000000001
3057.0,0.23999999999999988
3058.0,0.56
3059.0,-1.44
3060.0,0.6799999999999999
3061.0,0.4
3062.0,0.2799999999999999
3063.0,0.4800000000000001
3064.0,0.2799999999999999
3065.0,-1.8800000000000003
3066.0,0.76
3067.0,0.2799999999999999
3068.0,0.31999999999999995
3069.0,0.64
3070.0,-0.12000000000000033
3071.0,0.56
3072.0,0.8
3073.0,0.31999999999999995
3074.0,0.76
3075.0,-1.120000000000001
3076.0,0.6799999999999999
3077.0,0.76
3078.0,0.64
3079.0,0.4
3080.0,-1.04
3081.0,0.2799999999999999
3082.0,-1.04
3083.0,-1.0
3084.0,0.23999999999999988
3085.0,0.76
3086.0,0.56
3087.0,0.6799999999999999
3088.0,-1.04
3089.0,0.19999999999999984
3090.0,0.52
3091.0,0.76
3092.0,0.72
3093.0,-1.0
3094.0,-1.08
3095.0,0.72
3096.0,0.31999999999999995
3097.0,-1.16
3098.0,0.6799999999999999
3099.0,-1.6
3100.0,0.52
3101.0,0.76
3102.0,0.6799999999999999
3103.0,0.0399999999999997
3104.0,-1.04
3105.0,-2.04
3106.0,0.76
3107.0,0.19999999999999984
3108.0,-1.8800000000000003
3109.0,-0.28000000000000047
3110.0,0.8
3111.0,0.6799999999999999
3112.0,-1.24
3113.0,-1.32
3114.0,0.6799999999999999
3115.0,0.6000000000000001
3116.0,0.44000000000000006
3117.0,0.6799999999999999
3118.0,0.76
3119.0,0.8
3120.0,0.2799999999999999
3121.0,0.36
3122.0,0.23999999999999988
3123.0,0.44000000000000006
3124.0,0.64
3125.0,0.6799999999999999
3126.0,0.76
3127.0,0.76
3128.0,-1.0
3129.0,0.4
3130.0,-1.0
3131.0,0.44000000000000006
3132.0,0.44000000000000006
3133.0,0.36
3134.0,-1.08
3135.0,0.6000000000000001
3136.0,0.64
3137.0,-1.32
3138.0,0.4
3139.0,0.64
3140.0,-2.08
3141.0,-1.6
3142.0,-1.6
3143.0,0.23999999999999988
3144.0,-1.04
3145.0,-2.220446049250313e-16
3146.0,0.76
3147.0,-0.04000000000000026
3148.0,0.4
3149.0,0.8
3150.0,0.56
3151.0,0.76
3152.0,0.64
3153.0,-1.16
3154.0,0.56
3155.0,-1.2
3156.0,-1.0
3157.0,0.72
3158.0,0.56
3159.0,0.56
3160.0,-1.0
3161.0,0.72
3162.0,0.76
3163.0,-0.2000000000000004
3164.0,0.64
3165.0,-2.04
3166.0,0.4
3167.0,-4.280000000000002
3168.0,0.72
3169.0,-1.7200000000000002
3170.0,0.36
3171.0,0.72
3172.0,0.64
3173.0,0.8
3174.0,-1.04
3175.0,0.56
3176.0,0.6799999999999999
3177.0,0.64
3178.0,0.8
3179.0,-2.16
3180.0,0.72
3181.0,-2.5600000000000005
3182.0,0.44000000000000006
3183.0,0.44000000000000006
3184.0,-1.3599999999999999
3185.0,0.64
3186.0,0.4
3187.0,0.8
3188.0,0.36
3189.0,0.52
3190.0,0.64
3191.0,0.31999999999999995
3192.0,-0.48000000000000065
3193.0,0.19999999999999984
3194.0,0.76
3195.0,0.0399999999999997
3196.0,0.31999999999999995
3197.0,0.72
3198.0,0.6000000000000001
3199.0,0.44000000000000006
3200.0,0.2799999999999999
3201.0,0.6799999999999999
3202.0,0.4
3203.0,-1.04
3204.0,-1.24
3205.0,0.44000000000000006
3206.0,0.72
3207.0,0.23999999999999988
3208.0,-1.24
3209.0,-0.04000000000000026
3210.0,-1.28
3211.0,0.07999999999999974
3212.0,0.31999999999999995
3213.0,0.8
3214.0,0.6799999999999999
3215.0,0.76
3216.0,0.6799999999999999
3217.0,0.72
3218.0,0.64
3219.0,0.76
3220.0,-1.08
3221.0,0.76
3222.0,0.4
3223.0,0.72
3224.0,0.64
3225.0,0.4800000000000001
3226.0,0.52
3227.0,0.76
3228.0,0.8
3229.0,0.72
3230.0,0.2799999999999999
3231.0,0.76
3232.0,0.76
3233.0,0.11999999999999977
3234.0,0.8
3235.0,0.76
3236.0,0.1599999999999998
3237.0,-1.3599999999999999
3238.0,0.64
3239.0,0.56
3240.0,0.4
3241.0,0.72
3242.0,0.56
3243.0,-1.12
3244.0,0.52
3245.0,0.19999999999999984
3246.0,0.4800000000000001
3247.0,0.19999999999999984
3248.0,-1.08
3249.0,0.44000000000000006
3250.0,0.8
3251.0,0.64
3252.0,0.4
3253.0,-1.32
3254.0,0.64
3255.0,0.52
3256.0,-1.3599999999999999
3257.0,0.31999999999999995
3258.0,-1.3599999999999999
3259.0,0.6799999999999999
3260.0,0.07999999999999974
3261.0,0.4
3262.0,-1.16
3263.0,0.8
3264.0,0.64
3265.0,0.72
3266.0,0.6799999999999999
3267.0,0.72
3268.0,-1.12
3269.0,0.76
3270.0,-3.120000000000001
3271.0,0.6799999999999999
3272.0,0.8
3273.0,0.6000000000000001
3274.0,0.64
3275.0,-0.2000000000000004
3276.0,0.19999999999999984
3277.0,0.56
3278.0,0.44000000000000006
3279.0,0.76
3280.0,-1.32
3281.0,-1.3599999999999999
3282.0,0.31999999999999995
3283.0,0.72
3284.0,0.72
3285.0,0.64
3286.0,0.23999999999999988
3287.0,0.6799999999999999
3288.0,0.6799999999999999
3289.0,0.72
3290.0,-1.0
3291.0,0.6000000000000001
3292.0,0.76
3293.0,-1.24
3294.0,-1.28
3295.0,0.76
3296.0,0.52
3297.0,-1.2
3298.0,0.76
3299.0,0.64
3300.0,-0.24000000000000044
3301.0,-0.28000000000000047
3302.0,0.4800000000000001
3303.0,-1.0
3304.0,0.72
3305.0,-1.28
3306.0,0.44000000000000006
3307.0,0.52
3308.0,0.56
3309.0,0.72
3310.0,0.11999999999999977
3311.0,0.56
3312.0,0.76
3313.0,-1.44
3314.0,-1.24
3315.0,0.64
3316.0,-1.32
3317.0,0.44000000000000006
3318.0,0.8
3319.0,0.6000000000000001
3320.0,0.44000000000000006
3321.0,0.6799999999999999
3322.0,0.8
3323.0,0.6000000000000001
3324.0,0.2799999999999999
3325.0,0.56
3326.0,0.6799999999999999
3327.0,0.44000000000000006
3328.0,0.76
3329.0,-1.24
3330.0,0.6799999999999999
3331.0,0.76
3332.0,0.8
3333.0,0.72
3334.0,0.8
3335.0,-2.3600000000000003
3336.0,0.64
3337.0,-3.200000000000001
3338.0,0.2799999999999999
3339.0,0.8
3340.0,0.36
3341.0,0.23999999999999988
3342.0,0.8
3343.0,0.4800000000000001
3344.0,0.6799999999999999
3345.0,0.31999999999999995
3346.0,0.52
3347.0,0.23999999999999988
3348.0,0.44000000000000006
3349.0,-1.08
3350.0,0.56
3351.0,0.76
3352.0,-1.16
3353.0,-1.6800000000000002
3354.0,0.8
3355.0,0.76
3356.0,-1.2
3357.0,0.72
3358.0,0.64
3359.0,0.76
3360.0,0.19999999999999984
3361.0,0.6799999999999999
3362.0,-1.08
3363.0,-1.24
3364.0,0.72
3365.0,0.72
3366.0,0.36
3367.0,0.76
3368.0,-1.3599999999999999
3369.0,0.6000000000000001
3370.0,0.76
3371.0,0.64
3372.0,0.36
3373.0,-1.24
3374.0,0.72
3375.0,0.6799999999999999
3376.0,0.36
3377.0,-1.24
3378.0,0.76
3379.0,0.0399999999999997
3380.0,-1.04
3381.0,-2.2
3382.0,0.4800000000000001
3383.0,0.8
3384.0,-1.52
3385.0,-2.220446049250313e-16
3386.0,0.8
3387.0,-1.6
3388.0,0.72
3389.0,-1.48
3390.0,0.52
3391.0,0.56
3392.0,-1.3599999999999999
3393.0,0.31999999999999995
3394.0,-1.16
3395.0,0.72
3396.0,-1.48
3397.0,0.4
3398.0,0.72
3399.0,0.6799999999999999
3400.0,0.36
3401.0,0.52
3402.0,0.56
3403.0,0.6799999999999999
3404.0,-0.7600000000000009
3405.0,0.6000000000000001
3406.0,-1.2
3407.0,-1.32
3408.0,-1.28
3409.0,0.19999999999999984
3410.0,0.6799999999999999
3411.0,-0.36000000000000054
3412.0,0.11999999999999977
3413.0,0.44000000000000006
3414.0,0.64
3415.0,0.64
3416.0,0.72
3417.0,0.4
3418.0,0.8
3419.0,0.44000000000000006
3420.0,0.72
3421.0,-0.16000000000000036
3422.0,-1.16
3423.0,0.6799999999999999
3424.0,0.6000000000000001
3425.0,0.1599999999999998
3426.0,0.72
3427.0,0.72
3428.0,-0.6000000000000008
3429.0,0.76
3430.0,-2.16
3431.0,-1.12
3432.0,0.19999999999999984
3433.0,0.72
3434.0,0.72
3435.0,0.8
3436.0,-0.16000000000000036
3437.0,-6.520000000000004
3438.0,-1.04
3439.0,0.44000000000000006
3440.0,0.64
3441.0,0.64
3442.0,0.2799999999999999
3443.0,-1.0
3444.0,0.8
3445.0,-1.16
3446.0,0.72
3447.0,0.56
3448.0,-1.6400000000000001
3449.0,0.6000000000000001
3450.0,0.8
3451.0,0.8
3452.0,-0.7200000000000009
3453.0,0.72
3454.0,0.19999999999999984
3455.0,-1.56
3456.0,-1.24
3457.0,0.8
3458.0,-0.5200000000000007
3459.0,0.76
3460.0,0.2799999999999999
3461.0,0.4800000000000001
3462.0,0.72
3463.0,-0.16000000000000036
3464.0,0.72
3465.0,0.72
3466.0,-1.28
3467.0,0.72
3468.0,-1.24
3469.0,0.6000000000000001
3470.0,0.6799999999999999
3471.0,0.8
3472.0,0.36
3473.0,0.64
3474.0,-1.0
3475.0,-1.56
3476.0,-1.44
3477.0,0.6799999999999999
3478.0,0.6799999999999999
3479.0,0.76
3480.0,0.8
3481.0,0.44000000000000006
3482.0,0.6799999999999999
3483.0,-2.4000000000000004
3484.0,0.6000000000000001
3485.0,0.6000000000000001
3486.0,0.8
3487.0,0.6000000000000001
3488.0,0.4
3489.0,-1.8800000000000003
3490.0,0.4
3491.0,-1.6
3492.0,-1.16
3493.0,0.52
3494.0,-1.0
3495.0,0.64
3496.0,-1.04
3497.0,0.64
3498.0,0.8
3499.0,0.64
3500.0,0.36
3501.0,0.8
3502.0,0.44000000000000006
3503.0,-3.8000000000000016
3504.0,0.2799999999999999
3505.0,-2.6400000000000006
3506.0,-4.640000000000002
3507.0,0.6799999999999999
3508.0,0.72
3509.0,0.72
3510.0,0.72
3511.0,0.56
3512.0,0.31999999999999995
3513.0,0.4
3514.0,0.64
3515.0,0.64
3516.0,0.4800000000000001
3517.0,0.8
3518.0,0.72
3519.0,-1.32
3520.0,0.6000000000000001
3521.0,0.23999999999999988
3522.0,0.8
3523.0,0.64
3524.0,0.64
3525.0,0.64
3526.0,0.6000000000000001
3527.0,0.31999999999999995
3528.0,-1.12
3529.0,0.1599999999999998
3530.0,-1.2
3531.0,-1.8400000000000003
3532.0,-1.16
3533.0,-1.0
3534.0,0.72
3535.0,-0.3200000000000005
3536.0,-1.6800000000000002
3537.0,0.56
3538.0,0.76
3539.0,0.56
3540.0,0.8
3541.0,0.23999999999999988
3542.0,0.64
3543.0,0.6799999999999999
3544.0,0.76
3545.0,-1.32
3546.0,0.44000000000000006
3547.0,-1.2
3548.0,-0.6800000000000008
3549.0,0.31999999999999995
3550.0,-1.44
3551.0,0.8
3552.0,0.4800000000000001
3553.0,0.44000000000000006
3554.0,0.4
3555.0,-0.28000000000000047
3556.0,0.72
3557.0,0.76
3558.0,-2.040000000000002
3559.0,0.6000000000000001
3560.0,0.07999999999999974
3561.0,0.72
3562.0,0.72
3563.0,0.6000000000000001
3564.0,0.76
3565.0,0.4
3566.0,0.11999999999999977
3567.0,0.8
3568.0,0.8
3569.0,0.52
3570.0,0.6799999999999999
3571.0,0.4
3572.0,0.64
3573.0,0.6000000000000001
3574.0,0.72
3575.0,0.36
3576.0,-1.04
3577.0,0.44000000000000006
3578.0,0.44000000000000006
3579.0,-5.1200000000000045
3580.0,0.44000000000000006
3581.0,-1.04
3582.0,-1.32
3583.0,0.64
3584.0,0.23999999999999988
3585.0,-0.04000000000000026
3586.0,0.8
3587.0,0.72
3588.0,0.6799999999999999
3589.0,0.44000000000000006
3590.0,-1.04
3591.0,0.72
3592.0,-0.3200000000000005
3593.0,0.56
3594.0,-0.7600000000000009
3595.0,0.72
3596.0,0.72
3597.0,0.6799999999999999
3598.0,0.72
3599.0,0.19999999999999984
3600.0,0.4
3601.0,0.72
3602.0,0.8
3603.0,0.56
3604.0,0.72
3605.0,0.6799999999999999
3606.0,0.56
3607.0,0.56
3608.0,0.31999999999999995
3609.0,0.72
3610.0,-1.0
3611.0,-1.32
3612.0,0.6799999999999999
3613.0,0.8
3614.0,0.76
3615.0,0.76
3616.0,0.6799999999999999
3617.0,0.72
3618.0,0.31999999999999995
3619.0,0.23999999999999988
3620.0,0.19999999999999984
3621.0,0.6000000000000001
3622.0,0.72
3623.0,0.52
3624.0,0.6799999999999999
3625.0,0.8
3626.0,-1.56
3627.0,0.8
3628.0,0.6000000000000001
3629.0,0.64
3630.0,0.4
3631.0,0.56
3632.0,0.31999999999999995
3633.0,0.72
3634.0,0.6000000000000001
3635.0,0.72
3636.0,0.6799999999999999
3637.0,0.6000000000000001
3638.0,0.4
3639.0,0.52
3640.0,0.6799999999999999
3641.0,-1.6
3642.0,0.6000000000000001
3643.0,-1.08
3644.0,0.8
3645.0,0.6000000000000001
3646.0,0.8
3647.0,0.6799999999999999
3648.0,0.56
3649.0,-1.040000000000001
3650.0,0.2799999999999999
3651.0,0.72
3652.0,0.8
3653.0,0.72
3654.0,0.44000000000000006
3655.0,0.6000000000000001
3656.0,-1.0
3657.0,0.56
3658.0,0.76
3659.0,0.36
3660.0,0.64
3661.0,-1.08
3662.0,0.64
3663.0,0.72
3664.0,0.8
3665.0,0.76
3666.0,-1.3599999999999999
3667.0,0.8
3668.0,-1.8000000000000003
3669.0,0.64
3670.0,0.6799999999999999
3671.0,0.6000000000000001
3672.0,0.19999999999999984
3673.0,-1.2
3674.0,0.4800000000000001
3675.0,0.52
3676.0,0.8
3677.0,0.44000000000000006
3678.0,0.4800000000000001
3679.0,0.72
3680.0,0.44000000000000006
3681.0,0.8
3682.0,-1.56
3683.0,0.4800000000000001
3684.0,0.2799999999999999
3685.0,0.6000000000000001
3686.0,0.52
3687.0,0.56
3688.0,-1.28
3689.0,0.8
3690.0,0.56
3691.0,0.6799999999999999
3692.0,0.8
3693.0,0.56
3694.0,0.36
3695.0,0.23999999999999988
3696.0,-1.28
3697.0,0.8
3698.0,0.72
3699.0,-0.7200000000000009
3700.0,0.76
3701.0,-0.5200000000000007
3702.0,-1.6400000000000001
3703.0,0.11999999999999977
3704.0,0.44000000000000006
3705.0,0.56
3706.0,-1.12
3707.0,-2.7200000000000006
3708.0,0.64
3709.0,0.72
3710.0,0.72
3711.0,-1.28
3712.0,0.31999999999999995
3713.0,0.6000000000000001
3714.0,0.6000000000000001
3715.0,0.6799999999999999
3716.0,-1.0
3717.0,0.0399999999999997
3718.0,0.56
3719.0,0.6799999999999999
3720.0,0.4
3721.0,0.72
3722.0,-1.4
3723.0,-1.56
3724.0,0.8
3725.0,0.72
3726.0,-1.44
3727.0,0.6799999999999999
3728.0,0.8
3729.0,0.64
3730.0,-1.52
3731.0,0.72
3732.0,0.76
3733.0,0.6799999999999999
3734.0,-0.6400000000000008
3735.0,0.6799999999999999
3736.0,0.19999999999999984
3737.0,0.36
3738.0,0.52
3739.0,0.6000000000000001
3740.0,-1.48
3741.0,0.64
3742.0,-2.04
3743.0,0.8
3744.0,0.44000000000000006
3745.0,-1.56
3746.0,0.36
3747.0,0.36
3748.0,0.0399999999999997
3749.0,0.6799999999999999
3750.0,0.6799999999999999
3751.0,-1.28
3752.0,-1.2
3753.0,0.44000000000000006
3754.0,0.8
3755.0,0.6799999999999999
3756.0,-0.16000000000000036
3757.0,0.6799999999999999
3758.0,-0.4400000000000006
3759.0,0.44000000000000006
3760.0,0.64
3761.0,0.4800000000000001
3762.0,0.19999999999999984
3763.0,0.56
3764.0,0.6000000000000001
3765.0,0.4800000000000001
3766.0,0.72
3767.0,0.56
3768.0,0.6000000000000001
3769.0,-1.3599999999999999
3770.0,-2.8400000000000007
3771.0,0.64
3772.0,0.6799999999999999
3773.0,-1.6800000000000002
3774.0,0.72
3775.0,0.64
3776.0,0.56
3777.0,0.4
3778.0,-1.24
3779.0,0.6000000000000001
3780.0,-1.08
3781.0,-1.12
3782.0,0.6000000000000001
3783.0,0.64
3784.0,-2.220446049250313e-16
3785.0,0.64
3786.0,0.56
3787.0,0.8
3788.0,0.64
3789.0,0.76
3790.0,0.6000000000000001
3791.0,0.76
3792.0,0.4800000000000001
3793.0,0.8
3794.0,0.4
3795.0,0.76
3796.0,0.56
3797.0,0.64
3798.0,0.23999999999999988
3799.0,0.76
3800.0,-1.08
3801.0,0.76
3802.0,0.4800000000000001
3803.0,0.72
3804.0,0.6799999999999999
3805.0,0.8
3806.0,0.56
3807.0,0.52
3808.0,-1.24
3809.0,0.64
3810.0,-1.24
3811.0,0.56
3812.0,0.4
3813.0,-1.24
3814.0,0.6000000000000001
3815.0,0.76
3816.0,-1.32
3817.0,0.6000000000000001
3818.0,0.4
3819.0,-1.6
3820.0,0.31999999999999995
3821.0,0.52
3822.0,0.52
3823.0,-1.9200000000000004
3824.0,0.56
3825.0,0.4800000000000001
3826.0,0.4800000000000001
3827.0,0.36
3828.0,0.56
3829.0,0.56
3830.0,0.64
3831.0,0.6000000000000001
3832.0,0.36
3833.0,0.6799999999999999
3834.0,0.44000000000000006
3835.0,-1.8000000000000003
3836.0,0.56
3837.0,-1.04
3838.0,-1.16
3839.0,0.72
3840.0,0.4
3841.0,-0.3200000000000005
3842.0,0.72
3843.0,-1.04
3844.0,-1.08
3845.0,0.07999999999999974
3846.0,0.8
3847.0,0.72
3848.0,0.4800000000000001
3849.0,-1.04
3850.0,-1.6400000000000001
3851.0,0.1599999999999998
3852.0,-1.2
3853.0,0.8
3854.0,0.56
3855.0,0.76
3856.0,0.64
3857.0,0.6000000000000001
3858.0,0.19999999999999984
3859.0,0.07999999999999974
3860.0,0.2799999999999999
3861.0,0.52
3862.0,0.52
3863.0,-0.4400000000000006
3864.0,0.72
3865.0,0.64
3866.0,0.56
3867.0,0.6799999999999999
3868.0,0.4800000000000001
3869.0,0.56
3870.0,0.36
3871.0,0.64
3872.0,0.56
3873.0,0.56
3874.0,0.64
3875.0,0.23999999999999988
3876.0,0.64
3877.0,-2.8000000000000007
3878.0,0.6799999999999999
3879.0,0.52
3880.0,0.64
3881.0,-0.4400000000000006
3882.0,-1.08
3883.0,0.19999999999999984
3884.0,0.6799999999999999
3885.0,0.72
3886.0,-1.24
3887.0,0.52
3888.0,0.6000000000000001
3889.0,0.6799999999999999
3890.0,0.8
3891.0,0.4
3892.0,0.64
3893.0,0.64
3894.0,0.52
3895.0,-0.8000000000000009
3896.0,-0.04000000000000026
3897.0,0.8
3898.0,0.52
3899.0,0.6799999999999999
3900.0,0.76
3901.0,0.8
3902.0,0.76
3903.0,0.72
3904.0,-1.2
3905.0,0.64
3906.0,-0.2000000000000004
3907.0,-1.0
3908.0,0.64
3909.0,-1.7200000000000002
3910.0,0.6799999999999999
3911.0,0.6799999999999999
3912.0,0.72
3913.0,-0.8000000000000009
3914.0,0.64
3915.0,0.72
3916.0,-0.28000000000000047
3917.0,-1.12
3918.0,-1.32
3919.0,0.31999999999999995
3920.0,0.52
3921.0,0.4
3922.0,0.44000000000000006
3923.0,0.64
3924.0,-1.04
3925.0,0.0399999999999997
3926.0,-1.32
3927.0,0.8
3928.0,0.76
3929.0,0.8
3930.0,0.4800000000000001
3931.0,-2.6000000000000005
3932.0,0.64
3933.0,0.72
3934.0,0.72
3935.0,0.56
3936.0,-1.0
3937.0,0.36
3938.0,0.72
3939.0,0.31999999999999995
3940.0,0.64
3941.0,0.52
3942.0,-1.8400000000000003
3943.0,-8.000000000000005
3944.0,0.76
3945.0,0.72
3946.0,-1.08
3947.0,0.0399999999999997
3948.0,0.56
3949.0,0.52
3950.0,-0.04000000000000026
3951.0,0.64
3952.0,0.8
3953.0,0.31999999999999995
3954.0,0.6799999999999999
3955.0,-0.5600000000000007
3956.0,0.8
3957.0,0.6000000000000001
3958.0,0.52
3959.0,0.23999999999999988
3960.0,0.64
3961.0,0.6000000000000001
3962.0,0.56
3963.0,0.6799999999999999
3964.0,-0.04000000000000026
3965.0,-0.16000000000000036
3966.0,0.64
3967.0,0.23999999999999988
3968.0,0.76
3969.0,-1.04
3970.0,-1.04
3971.0,0.6000000000000001
3972.0,-1.8000000000000003
3973.0,-2.12
3974.0,-4.680000000000002
3975.0,-0.0800000000000003
3976.0,0.76
3977.0,0.56
3978.0,0.31999999999999995
3979.0,0.72
3980.0,0.2799999999999999
3981.0,0.72
3982.0,0.6799999999999999
3983.0,-1.08
3984.0,-1.44
3985.0,0.64
3986.0,0.64
3987.0,0.4800000000000001
3988.0,0.6000000000000001
3989.0,-4.200000000000002
3990.0,0.8
3991.0,0.72
3992.0,0.52
3993.0,0.0399999999999997
3994.0,0.76
3995.0,-1.32
3996.0,0.6799999999999999
3997.0,0.6799999999999999
3998.0,-1.08
3999.0,-3.4800000000000013
4000.0,0.4800000000000001
4001.0,0.72
4002.0,0.44000000000000006
4003.0,-1.9600000000000004
4004.0,-2.220446049250313e-16
4005.0,0.8
4006.0,0.8
4007.0,0.56
4008.0,-1.04
4009.0,0.72
4010.0,0.72
4011.0,-0.4400000000000006
4012.0,-1.08
4013.0,0.76
4014.0,-1.16
4015.0,0.6799999999999999
4016.0,0.4
4017.0,0.6799999999999999
4018.0,0.6799999999999999
4019.0,0.76
4020.0,0.11999999999999977
4021.0,0.4
4022.0,0.8
4023.0,-1.2
4024.0,0.72
4025.0,0.76
4026.0,0.64
4027.0,0.6799999999999999
4028.0,0.56
4029.0,0.8
4030.0,-1.4400000000000013
4031.0,0.72
4032.0,0.8
4033.0,0.8
4034.0,0.76
4035.0,-1.12
4036.0,0.44000000000000006
4037.0,0.64
4038.0,0.19999999999999984
4039.0,0.6799999999999999
4040.0,-1.0
4041.0,-1.04
4042.0,-1.04
4043.0,-1.24
4044.0,-1.04
4045.0,0.56
4046.0,0.4800000000000001
4047.0,0.76
4048.0,0.8
4049.0,0.6000000000000001
4050.0,0.8
4051.0,0.64
4052.0,-1.16
4053.0,-0.28000000000000047
4054.0,0.23999999999999988
4055.0,0.2799999999999999
4056.0,-2.7200000000000006
4057.0,0.56
4058.0,0.64
4059.0,0.76
4060.0,0.76
4061.0,0.6799999999999999
4062.0,-2.0
4063.0,0.8
4064.0,0.8
4065.0,0.8
4066.0,0.8
4067.0,0.72
4068.0,0.72
4069.0,0.31999999999999995
4070.0,0.4800000000000001
4071.0,0.4
4072.0,0.6799999999999999
4073.0,-1.0
4074.0,0.72
4075.0,0.6000000000000001
4076.0,0.52
4077.0,-1.44
4078.0,0.44000000000000006
4079.0,0.56
4080.0,0.52
4081.0,0.2799999999999999
4082.0,0.72
4083.0,0.52
4084.0,0.44000000000000006
4085.0,0.6799999999999999
4086.0,0.76
4087.0,-0.04000000000000026
4088.0,-1.6400000000000001
4089.0,-1.2
4090.0,0.72
4091.0,0.4
4092.0,0.6000000000000001
4093.0,0.76
4094.0,0.6799999999999999
4095.0,0.72
4096.0,0.72
4097.0,0.6000000000000001
4098.0,0.6799999999999999
4099.0,0.56
4100.0,-1.04
4101.0,0.52
4102.0,0.64
4103.0,0.11999999999999977
4104.0,-1.52
4105.0,0.8
4106.0,0.6799999999999999
4107.0,-1.24
4108.0,0.8
4109.0,0.56
4110.0,0.36
4111.0,0.4
4112.0,0.8
4113.0,0.52
4114.0,0.8
4115.0,0.56
4116.0,0.11999999999999977
4117.0,0.6000000000000001
4118.0,0.6000000000000001
4119.0,0.2799999999999999
4120.0,0.8
4121.0,-1.52
4122.0,0.8
4123.0,0.36
4124.0,0.76
4125.0,0.52
4126.0,0.52
4127.0,0.52
4128.0,0.8
4129.0,0.44000000000000006
4130.0,0.64
4131.0,-1.24
4132.0,0.72
4133.0,-1.0
4134.0,0.72
4135.0,-3.000000000000001
4136.0,0.4800000000000001
4137.0,0.76
4138.0,-1.08
4139.0,0.8
4140.0,-1.04
4141.0,0.72
4142.0,-0.8000000000000009
4143.0,-1.08
4144.0,0.6000000000000001
4145.0,0.19999999999999984
4146.0,0.6000000000000001
4147.0,0.64
4148.0,0.8
4149.0,0.72
4150.0,-1.2
4151.0,0.4800000000000001
4152.0,0.6000000000000001
4153.0,0.8
4154.0,0.8
4155.0,-1.0000000000000009
4156.0,0.64
4157.0,-0.0800000000000003
4158.0,0.4
4159.0,0.31999999999999995
4160.0,-1.12
4161.0,-1.9200000000000004
4162.0,0.72
4163.0,0.76
4164.0,0.72
4165.0,0.52
4166.0,0.11999999999999977
4167.0,-0.12000000000000033
4168.0,-1.12
4169.0,0.6799999999999999
4170.0,-0.24000000000000044
4171.0,0.31999999999999995
4172.0,0.76
4173.0,-1.04
4174.0,0.6000000000000001
4175.0,0.72
4176.0,-0.4000000000000006
4177.0,-1.0
4178.0,0.6000000000000001
4179.0,-1.12
4180.0,-1.44
4181.0,-1.4
4182.0,0.64
4183.0,0.8
4184.0,-1.24
4185.0,0.76
4186.0,-0.7200000000000009
4187.0,-1.04
4188.0,0.2799999999999999
4189.0,0.8
4190.0,0.64
4191.0,0.64
4192.0,0.76
4193.0,0.56
4194.0,-1.08
4195.0,0.4800000000000001
4196.0,0.36
4197.0,0.52
4198.0,0.64
4199.0,-0.12000000000000033
4200.0,-3.7600000000000016
4201.0,-1.04
4202.0,0.11999999999999977
4203.0,0.6000000000000001
4204.0,-1.32
4205.0,0.6799999999999999
4206.0,0.56
4207.0,0.8
4208.0,-1.12
4209.0,-0.7200000000000009
4210.0,0.4
4211.0,0.8
4212.0,0.72
4213.0,0.6000000000000001
4214.0,-2.080000000000002
4215.0,0.8
4216.0,0.52
4217.0,-1.08
4218.0,0.52
4219.0,0.6000000000000001
4220.0,0.72
4221.0,0.6799999999999999
4222.0,0.6000000000000001
4223.0,-1.24
4224.0,0.6000000000000001
4225.0,0.8
4226.0,-1.12
4227.0,0.72
4228.0,0.4800000000000001
4229.0,0.8
4230.0,0.8
4231.0,-0.7200000000000009
4232.0,0.4800000000000001
4233.0,-1.08
4234.0,0.8
4235.0,0.72
4236.0,0.76
4237.0,-1.12
4238.0,-0.12000000000000033
4239.0,0.11999999999999977
4240.0,0.72
4241.0,0.4
4242.0,-1.04
4243.0,0.56
4244.0,0.64
4245.0,0.4800000000000001
4246.0,-1.04
4247.0,0.76
4248.0,0.72
4249.0,0.44000000000000006
4250.0,0.8
4251.0,0.4
4252.0,0.23999999999999988
4253.0,-0.3200000000000005
4254.0,0.64
4255.0,0.8
4256.0,0.36
4257.0,0.72
4258.0,0.6000000000000001
4259.0,0.8
4260.0,0.76
4261.0,0.6000000000000001
4262.0,0.76
4263.0,0.6799999999999999
4264.0,-1.12
4265.0,0.8
4266.0,0.6799999999999999
4267.0,0.72
4268.0,-2.16
4269.0,0.72
4270.0,0.76
4271.0,0.4
4272.0,0.36
4273.0,0.52
4274.0,0.6799999999999999
4275.0,0.4
4276.0,0.52
4277.0,0.72
4278.0,0.64
4279.0,-1.08
4280.0,0.56
4281.0,-1.6800000000000002
4282.0,0.8
4283.0,-1.12
4284.0,0.6000000000000001
4285.0,0.64
4286.0,0.76
4287.0,-1.0
4288.0,0.56
4289.0,0.56
4290.0,0.6799999999999999
4291.0,0.72
4292.0,0.72
4293.0,0.64
4294.0,0.36
4295.0,0.4
4296.0,0.19999999999999984
4297.0,-1.32
4298.0,0.56
4299.0,0.56
4300.0,0.8
4301.0,0.36
4302.0,-0.6000000000000008
4303.0,0.4
4304.0,0.52
4305.0,-1.3599999999999999
4306.0,0.31999999999999995
4307.0,-1.0
4308.0,0.56
4309.0,0.6799999999999999
4310.0,-3.6400000000000015
4311.0,0.4800000000000001
4312.0,0.64
4313.0,0.64
4314.0,0.36
4315.0,0.64
4316.0,0.52
4317.0,0.8
4318.0,0.72
4319.0,-1.7200000000000002
4320.0,0.8
4321.0,0.8
4322.0,0.56
4323.0,-1.44
4324.0,0.52
4325.0,0.4800000000000001
4326.0,0.6799999999999999
4327.0,0.56
4328.0,-2.16
4329.0,-1.0
4330.0,0.31999999999999995
4331.0,0.4
4332.0,-1.08
4333.0,-1.9600000000000004
4334.0,0.44000000000000006
4335.0,-1.0
4336.0,0.56
4337.0,0.4800000000000001
4338.0,0.8
4339.0,-1.44
4340.0,0.8
4341.0,0.6799999999999999
4342.0,0.52
4343.0,-1.3599999999999999
4344.0,-0.12000000000000033
4345.0,-0.3200000000000005
4346.0,0.44000000000000006
4347.0,0.76
4348.0,0.56
4349.0,0.52
4350.0,-1.0
4351.0,0.8
4352.0,0.8
4353.0,-1.12
4354.0,0.6799999999999999
4355.0,0.72
4356.0,-0.6000000000000008
4357.0,0.6799999999999999
4358.0,0.23999999999999988
4359.0,0.56
4360.0,0.8
4361.0,0.6799999999999999
4362.0,-4.360000000000004
4363.0,-1.16
4364.0,-1.4
4365.0,0.76
4366.0,0.64
4367.0,-1.16
4368.0,0.6799999999999999
4369.0,0.4800000000000001
4370.0,0.76
4371.0,-1.7200000000000002
4372.0,0.6000000000000001
4373.0,0.6799999999999999
4374.0,-1.08
4375.0,-0.4400000000000006
4376.0,0.76
4377.0,0.4
4378.0,0.4800000000000001
4379.0,0.64
4380.0,0.8
4381.0,0.56
4382.0,0.36
4383.0,0.44000000000000006
4384.0,0.8
4385.0,-0.6800000000000008
4386.0,0.8
4387.0,0.76
4388.0,0.6000000000000001
4389.0,0.23999999999999988
4390.0,0.56
4391.0,0.6000000000000001
4392.0,0.72
4393.0,-1.12
4394.0,-1.08
4395.0,0.76
4396.0,-1.2
4397.0,0.64
4398.0,0.2799999999999999
4399.0,0.4800000000000001
4400.0,0.8
4401.0,-1.12
4402.0,0.76
4403.0,0.4800000000000001
4404.0,0.72
4405.0,0.6000000000000001
4406.0,0.64
4407.0,0.52
4408.0,-1.04
4409.0,0.64
4410.0,0.44000000000000006
4411.0,-3.280000000000001
4412.0,-1.28
4413.0,0.72
4414.0,-0.6400000000000008
4415.0,0.56
4416.0,0.56
4417.0,0.64
4418.0,-1.04
4419.0,0.44000000000000006
4420.0,0.8
4421.0,0.07999999999999974
4422.0,-1.6800000000000002
4423.0,0.6000000000000001
4424.0,0.4
4425.0,0.72
4426.0,0.64
4427.0,-0.7600000000000009
4428.0,-1.44
4429.0,0.4
4430.0,-1.0
4431.0,0.6799999999999999
4432.0,0.6799999999999999
4433.0,-0.5200000000000007
4434.0,-1.08
4435.0,-1.16
4436.0,0.76
4437.0,0.76
4438.0,0.8
4439.0,-1.240000000000001
4440.0,-1.56
4441.0,-1.44
4442.0,0.07999999999999974
4443.0,-1.9200000000000004
4444.0,0.8
4445.0,0.44000000000000006
4446.0,0.72
4447.0,0.6000000000000001
4448.0,0.76
4449.0,0.64
4450.0,0.6000000000000001
4451.0,0.56
4452.0,-1.52
4453.0,0.64
4454.0,0.64
4455.0,-1.12
4456.0,0.72
4457.0,0.6000000000000001
4458.0,0.76
4459.0,0.64
4460.0,0.6000000000000001
4461.0,0.2799999999999999
4462.0,0.64
4463.0,0.72
4464.0,0.72
4465.0,0.6799999999999999
4466.0,0.8
4467.0,-2.220446049250313e-16
4468.0,0.2799999999999999
4469.0,0.72
4470.0,-0.04000000000000026
4471.0,0.6799999999999999
4472.0,0.6799999999999999
4473.0,0.8
4474.0,0.64
4475.0,0.6000000000000001
4476.0,0.76
4477.0,-0.8000000000000009
4478.0,0.6000000000000001
4479.0,0.6799999999999999
4480.0,-1.16
4481.0,0.6000000000000001
4482.0,0.2799999999999999
4483.0,0.76
4484.0,0.72
4485.0,-1.28
4486.0,0.8
4487.0,0.8
4488.0,-1.32
4489.0,0.64
4490.0,0.6799999999999999
4491.0,-0.3200000000000005
4492.0,0.6799999999999999
4493.0,0.31999999999999995
4494.0,0.76
4495.0,0.8
4496.0,0.4
4497.0,0.52
4498.0,0.4
4499.0,-1.0
4500.0,0.72
4501.0,0.6799999999999999
4502.0,0.64
4503.0,0.64
4504.0,0.72
4505.0,0.56
4506.0,-1.04
4507.0,0.76
4508.0,0.44000000000000006
4509.0,0.07999999999999974
4510.0,0.8
4511.0,-1.04
4512.0,-1.4
4513.0,0.72
4514.0,0.72
4515.0,0.44000000000000006
4516.0,0.52
4517.0,0.52
4518.0,0.8
4519.0,0.6000000000000001
4520.0,0.76
4521.0,0.4800000000000001
4522.0,0.76
4523.0,-1.56
4524.0,0.76
4525.0,0.4800000000000001
4526.0,0.72
4527.0,0.72
4528.0,0.72
4529.0,0.52
4530.0,0.52
4531.0,0.72
4532.0,0.6000000000000001
4533.0,0.64
4534.0,0.23999999999999988
4535.0,0.64
4536.0,0.8
4537.0,-1.3599999999999999
4538.0,-1.6400000000000001
4539.0,-1.52
4540.0,0.23999999999999988
4541.0,0.6799999999999999
4542.0,-1.44
4543.0,-1.7200000000000002
4544.0,0.76
4545.0,0.64
4546.0,0.76
4547.0,0.6799999999999999
4548.0,0.4800000000000001
4549.0,-1.48
4550.0,0.31999999999999995
4551.0,-1.12
4552.0,0.56
4553.0,0.8
4554.0,0.72
4555.0,-1.28
4556.0,0.56
4557.0,0.44000000000000006
4558.0,0.44000000000000006
4559.0,0.8
4560.0,-1.12
4561.0,0.72
4562.0,0.2799999999999999
4563.0,0.19999999999999984
4564.0,0.8
4565.0,0.56
4566.0,0.8
4567.0,0.72
4568.0,-0.0800000000000003
4569.0,0.64
4570.0,-1.04
4571.0,0.6799999999999999
4572.0,0.64
4573.0,0.4
4574.0,0.52
4575.0,0.72
4576.0,0.64
4577.0,0.6000000000000001
4578.0,0.64
4579.0,-1.3599999999999999
4580.0,-1.24
4581.0,-0.24000000000000044
4582.0,-1.32
4583.0,0.6799999999999999
4584.0,-1.3599999999999999
4585.0,0.64
4586.0,0.4800000000000001
4587.0,0.6799999999999999
4588.0,-0.04000000000000026
4589.0,0.8
4590.0,0.44000000000000006
4591.0,0.44000000000000006
4592.0,0.72
4593.0,0.44000000000000006
4594.0,0.72
4595.0,0.56
4596.0,0.6000000000000001
4597.0,0.6000000000000001
4598.0,0.8
4599.0,0.6799999999999999
4600.0,0.6799999999999999
4601.0,-0.28000000000000047
4602.0,0.4
4603.0,0.56
4604.0,0.52
4605.0,-2.08
4606.0,0.8
4607.0,0.07999999999999974
4608.0,-2.2800000000000002
4609.0,0.4
4610.0,-1.32
4611.0,0.64
4612.0,0.36
4613.0,-0.48000000000000065
4614.0,0.72
4615.0,0.07999999999999974
4616.0,0.11999999999999977
4617.0,0.2799999999999999
4618.0,0.36
4619.0,0.72
4620.0,-1.4
4621.0,0.76
4622.0,-1.52
4623.0,0.76
4624.0,0.64
4625.0,0.4800000000000001
4626.0,-2.12
4627.0,0.72
4628.0,-1.0
4629.0,0.6799999999999999
4630.0,0.6000000000000001
4631.0,0.52
4632.0,0.64
4633.0,0.64
4634.0,-1.12
4635.0,-1.44
4636.0,-2.0
4637.0,0.56
4638.0,0.56
4639.0,0.8
4640.0,0.76
4641.0,0.6799999999999999
4642.0,0.44000000000000006
4643.0,0.8
4644.0,0.8
4645.0,0.8
4646.0,0.44000000000000006
4647.0,0.36
4648.0,-1.12
4649.0,0.72
4650.0,0.56
4651.0,0.6799999999999999
4652.0,0.8
4653.0,0.8
4654.0,0.76
4655.0,0.56
4656.0,0.8
4657.0,-1.52
4658.0,0.64
4659.0,0.8
4660.0,0.8
4661.0,0.72
4662.0,-1.04
4663.0,0.64
4664.0,0.6000000000000001
4665.0,-1.08
4666.0,0.64
4667.0,0.64
4668.0,-1.3599999999999999
4669.0,0.8
4670.0,0.6799999999999999
4671.0,0.6799999999999999
4672.0,-0.4000000000000006
4673.0,0.8
4674.0,0.56
4675.0,0.6799999999999999
4676.0,-1.0000000000000009
4677.0,0.36
4678.0,0.76
4679.0,-1.2
4680.0,0.72
4681.0,0.76
4682.0,0.44000000000000006
4683.0,0.72
4684.0,0.6000000000000001
4685.0,-1.16
4686.0,0.64
4687.0,0.72
4688.0,0.1599999999999998
4689.0,0.76
4690.0,0.36
4691.0,0.31999999999999995
4692.0,0.1599999999999998
4693.0,0.56
4694.0,0.76
4695.0,0.31999999999999995
4696.0,0.6799999999999999
4697.0,0.76
4698.0,0.19999999999999984
4699.0,0.72
4700.0,0.8
4701.0,-0.0800000000000003
4702.0,-1.2
4703.0,0.4800000000000001
4704.0,0.8
4705.0,-0.4400000000000006
4706.0,-0.2000000000000004
4707.0,0.8
4708.0,0.8
4709.0,0.64
4710.0,0.64
4711.0,0.52
4712.0,0.8
4713.0,0.2799999999999999
4714.0,0.64
4715.0,0.8
4716.0,-1.44
4717.0,0.72
4718.0,-1.080000000000001
4719.0,0.36
4720.0,0.64
4721.0,0.6799999999999999
4722.0,0.4800000000000001
4723.0,0.6000000000000001
4724.0,0.72
4725.0,0.72
4726.0,0.6000000000000001
4727.0,0.56
4728.0,0.6799999999999999
4729.0,-1.4
4730.0,0.6000000000000001
4731.0,0.56
4732.0,-1.32
4733.0,0.76
4734.0,0.44000000000000006
4735.0,0.56
4736.0,0.56
4737.0,-0.36000000000000054
4738.0,0.52
4739.0,0.76
4740.0,0.72
4741.0,0.6799999999999999
4742.0,0.19999999999999984
4743.0,0.6799999999999999
4744.0,0.72
4745.0,0.8
4746.0,0.8
4747.0,0.23999999999999988
4748.0,-0.0800000000000003
4749.0,0.6799999999999999
4750.0,-1.04
4751.0,0.8
4752.0,0.8
4753.0,0.8
4754.0,-1.12
4755.0,0.4800000000000001
4756.0,0.72
4757.0,0.8
4758.0,0.8
4759.0,0.19999999999999984
4760.0,0.72
4761.0,0.8
4762.0,0.76
4763.0,0.6799999999999999
4764.0,0.56
4765.0,0.8
4766.0,0.4
4767.0,0.76
4768.0,0.64
4769.0,0.72
4770.0,0.11999999999999977
4771.0,-1.04
4772.0,0.56
4773.0,0.72
4774.0,-1.04
4775.0,0.6799999999999999
4776.0,-1.2
4777.0,0.76
4778.0,0.4
4779.0,0.76
4780.0,0.8
4781.0,0.36
4782.0,0.64
4783.0,-1.0
4784.0,-1.12
4785.0,0.8
4786.0,-0.12000000000000033
4787.0,0.19999999999999984
4788.0,-2.360000000000002
4789.0,0.76
4790.0,0.72
4791.0,0.36
4792.0,0.1599999999999998
4793.0,0.8
4794.0,-1.12
4795.0,-1.12
4796.0,-1.16
4797.0,0.44000000000000006
4798.0,0.07999999999999974
4799.0,0.8
4800.0,-1.08
4801.0,0.8
4802.0,-1.3600000000000012
4803.0,0.72
4804.0,0.56
4805.0,0.72
4806.0,0.76
4807.0,0.64
4808.0,0.6799999999999999
4809.0,0.72
4810.0,0.44000000000000006
4811.0,-1.0
4812.0,0.6799999999999999
4813.0,0.56
4814.0,0.56
4815.0,-1.04
4816.0,0.6799999999999999
4817.0,-1.24
4818.0,0.72
4819.0,-1.7200000000000002
4820.0,-1.08
4821.0,0.72
4822.0,0.72
4823.0,-1.2
4824.0,-1.6800000000000002
4825.0,0.6000000000000001
4826.0,-1.32
4827.0,0.6000000000000001
4828.0,-1.3599999999999999
4829.0,0.44000000000000006
4830.0,0.52
4831.0,0.72
4832.0,0.76
4833.0,0.44000000000000006
4834.0,0.44000000000000006
4835.0,0.6000000000000001
4836.0,-0.12000000000000033
4837.0,0.6799999999999999
4838.0,0.56
4839.0,0.72
4840.0,0.52
4841.0,0.56
4842.0,0.8
4843.0,-1.32
4844.0,0.52
4845.0,0.31999999999999995
4846.0,-1.48
4847.0,-1.48
4848.0,0.72
4849.0,-1.0
4850.0,-1.52
4851.0,0.64
4852.0,0.6799999999999999
4853.0,0.72
4854.0,0.8
4855.0,0.72
4856.0,0.76
4857.0,-2.12
4858.0,0.6000000000000001
4859.0,0.31999999999999995
4860.0,0.72
4861.0,0.72
4862.0,-1.04
4863.0,0.8
4864.0,-1.24
4865.0,0.0399999999999997
4866.0,0.4800000000000001
4867.0,0.6000000000000001
4868.0,0.4800000000000001
4869.0,0.72
4870.0,0.76
4871.0,0.11999999999999977
4872.0,0.31999999999999995
4873.0,0.6000000000000001
4874.0,0.44000000000000006
4875.0,0.56
4876.0,-1.08
4877.0,0.72
4878.0,-1.24
4879.0,-1.08
4880.0,-1.4
4881.0,0.8
4882.0,0.76
4883.0,0.72
4884.0,0.8
4885.0,-1.0
4886.0,-0.4400000000000006
4887.0,0.8
4888.0,0.8
4889.0,0.1599999999999998
4890.0,0.64
4891.0,-1.08
4892.0,0.56
4893.0,0.36
4894.0,0.19999999999999984
4895.0,0.52
4896.0,0.72
4897.0,-1.24
4898.0,0.6000000000000001
4899.0,0.64
4900.0,-1.24
4901.0,0.6000000000000001
4902.0,-1.04
4903.0,0.56
4904.0,-0.0800000000000003
4905.0,-1.4
4906.0,0.72
4907.0,-1.0
4908.0,-0.5600000000000007
4909.0,-1.12
4910.0,-1.08
4911.0,0.72
4912.0,0.72
4913.0,0.72
4914.0,0.6000000000000001
4915.0,0.6799999999999999
4916.0,-1.24
4917.0,0.6799999999999999
4918.0,-1.28
4919.0,-2.16
4920.0,-1.48
4921.0,0.8
4922.0,-0.0800000000000003
4923.0,0.6000000000000001
4924.0,0.8
4925.0,0.19999999999999984
4926.0,-0.28000000000000047
4927.0,0.76
4928.0,0.4
4929.0,0.76
4930.0,-1.0
4931.0,0.4
4932.0,0.8
4933.0,-1.24
4934.0,0.6799999999999999
4935.0,0.64
4936.0,0.72
4937.0,0.6000000000000001
4938.0,-1.12
4939.0,-3.5600000000000014
4940.0,0.8
4941.0,0.6799999999999999
4942.0,0.76
4943.0,-1.04
4944.0,0.76
4945.0,0.19999999999999984
4946.0,-0.24000000000000044
4947.0,0.8
4948.0,0.64
4949.0,0.6799999999999999
4950.0,0.8
4951.0,0.52
4952.0,0.6000000000000001
4953.0,0.31999999999999995
4954.0,0.44000000000000006
4955.0,-2.220446049250313e-16
4956.0,0.56
4957.0,0.6799999999999999
4958.0,0.76
4959.0,0.6799999999999999
4960.0,0.8
4961.0,0.56
4962.0,-1.04
4963.0,-0.12000000000000033
4964.0,0.31999999999999995
4965.0,-1.48
4966.0,0.6799999999999999
4967.0,0.72
4968.0,0.76
4969.0,0.76
4970.0,0.6799999999999999
4971.0,0.6799999999999999
4972.0,0.1599999999999998
4973.0,0.64
4974.0,0.72
4975.0,-1.8800000000000003
4976.0,0.64
4977.0,0.0399999999999997
4978.0,0.64
4979.0,0.72
4980.0,0.72
4981.0,0.4800000000000001
4982.0,0.8
4983.0,0.8
4984.0,-1.24
4985.0,0.36
4986.0,-1.3600000000000012
4987.0,0.11999999999999977
4988.0,0.8
4989.0,-1.04
4990.0,0.64
4991.0,0.72
4992.0,-1.3599999999999999
4993.0,0.64
4994.0,0.8
4995.0,-0.6000000000000008
4996.0,0.4800000000000001
4997.0,0.64
4998.0,0.4
4999.0,-0.16000000000000036
5000.0,0.64
5001.0,0.6000000000000001
5002.0,-1.3599999999999999
5003.0,0.64
5004.0,0.76
5005.0,0.8
5006.0,0.8
5007.0,-1.4
5008.0,-2.3600000000000003
5009.0,0.76
5010.0,0.76
5011.0,-1.16
5012.0,0.72
5013.0,0.64
5014.0,-1.04
5015.0,0.76
5016.0,0.56
5017.0,-1.48
5018.0,-1.120000000000001
5019.0,0.6000000000000001
5020.0,0.72
5021.0,0.6799999999999999
5022.0,-1.8000000000000003
5023.0,-0.12000000000000033
5024.0,0.31999999999999995
5025.0,0.6799999999999999
5026.0,-1.2
5027.0,0.8
5028.0,-1.32
5029.0,0.8
5030.0,0.72
5031.0,0.56
5032.0,0.8
5033.0,0.64
5034.0,-1.32
5035.0,0.76
5036.0,0.56
5037.0,-1.8800000000000003
5038.0,0.23999999999999988
5039.0,0.52
5040.0,0.4
5041.0,0.64
5042.0,0.76
5043.0,0.6000000000000001
5044.0,0.8
5045.0,-0.12000000000000033
5046.0,0.52
5047.0,0.44000000000000006
5048.0,0.76
5049.0,-1.0
5050.0,0.56
5051.0,0.6799999999999999
5052.0,0.56
5053.0,-1.08
5054.0,0.6799999999999999
5055.0,0.76
5056.0,0.4800000000000001
5057.0,0.64
5058.0,-0.36000000000000054
5059.0,0.56
5060.0,0.64
5061.0,0.2799999999999999
5062.0,-6.080000000000004
5063.0,0.8
5064.0,0.6000000000000001
5065.0,-1.28
5066.0,0.76
5067.0,-1.0
5068.0,0.6799999999999999
5069.0,0.72
5070.0,-1.160000000000001
5071.0,0.8
5072.0,-0.04000000000000026
5073.0,-1.0
5074.0,0.76
5075.0,-0.7600000000000009
5076.0,0.72
5077.0,0.76
5078.0,-1.0
5079.0,0.8
5080.0,0.64
5081.0,-1.04
5082.0,0.4800000000000001
5083.0,0.64
5084.0,-1.12
5085.0,0.19999999999999984
5086.0,0.8
5087.0,-1.04
5088.0,0.64
5089.0,-1.48
5090.0,0.72
5091.0,0.8
5092.0,-0.36000000000000054
5093.0,-1.0
5094.0,0.6000000000000001
5095.0,0.56
5096.0,-1.08
5097.0,0.6000000000000001
5098.0,0.76
5099.0,0.6799999999999999
5100.0,0.6799999999999999
5101.0,0.64
5102.0,0.56
5103.0,0.72
5104.0,0.4800000000000001
5105.0,-2.5200000000000005
5106.0,0.56
5107.0,0.8
5108.0,-1.04
5109.0,-1.32
5110.0,0.76
5111.0,0.19999999999999984
5112.0,-1.2
5113.0,0.36
5114.0,0.72
5115.0,0.31999999999999995
5116.0,0.4
5117.0,0.8
5118.0,0.72
5119.0,0.19999999999999984
5120.0,0.76
5121.0,0.64
5122.0,0.8
5123.0,0.8
5124.0,0.72
5125.0,0.8
5126.0,-1.0
5127.0,-1.0
5128.0,0.76
5129.0,0.56
5130.0,0.4800000000000001
5131.0,-1.04
5132.0,-0.0800000000000003
5133.0,0.64
5134.0,-1.16
5135.0,0.8
5136.0,-1.44
5137.0,0.6799999999999999
5138.0,0.6000000000000001
5139.0,0.76
5140.0,0.56
5141.0,0.64
5142.0,0.76
5143.0,0.4
5144.0,-1.44
5145.0,0.6799999999999999
5146.0,0.8
5147.0,-1.12
5148.0,-1.2
5149.0,0.4800000000000001
5150.0,0.6799999999999999
5151.0,0.64
5152.0,0.8
5153.0,0.4
5154.0,0.8
5155.0,0.52
5156.0,0.64
5157.0,0.44000000000000006
5158.0,0.72
5159.0,0.6000000000000001
5160.0,0.23999999999999988
5161.0,0.64
5162.0,0.76
5163.0,0.52
5164.0,0.07999999999999974
5165.0,-0.5600000000000007
5166.0,0.8
5167.0,-1.28
5168.0,-1.12
5169.0,0.76
5170.0,-1.04
5171.0,0.76
5172.0,0.8
5173.0,-1.12
5174.0,-1.0
5175.0,-1.44
5176.0,-1.0
5177.0,-1.8400000000000003
5178.0,0.64
5179.0,-1.3599999999999999
5180.0,0.6799999999999999
5181.0,0.8
5182.0,0.76
5183.0,0.76
5184.0,-1.52
5185.0,-1.0
5186.0,0.76
5187.0,0.1599999999999998
5188.0,-1.8800000000000003
5189.0,0.8
5190.0,0.72
5191.0,0.8
5192.0,0.64
5193.0,0.52
5194.0,0.72
5195.0,0.56
5196.0,0.36
5197.0,-1.12
5198.0,0.76
5199.0,0.8
5200.0,0.76
5201.0,0.8
5202.0,0.8
5203.0,0.72
5204.0,0.6799999999999999
5205.0,0.64
5206.0,0.76
5207.0,-1.32
5208.0,0.8
5209.0,0.8
5210.0,0.6000000000000001
5211.0,-1.04
5212.0,0.76
5213.0,-1.52
5214.0,0.8
5215.0,0.44000000000000006
5216.0,0.64
5217.0,0.6000000000000001
5218.0,0.76
5219.0,-0.8000000000000009
5220.0,0.8
5221.0,0.56
5222.0,0.6000000000000001
5223.0,0.8
5224.0,0.6000000000000001
5225.0,0.6799999999999999
5226.0,0.8
5227.0,0.6000000000000001
5228.0,0.72
5229.0,0.64
5230.0,0.76
5231.0,0.6799999999999999
5232.0,-1.16
5233.0,-1.0
5234.0,0.72
5235.0,0.36
5236.0,0.76
5237.0,0.72
5238.0,0.6799999999999999
5239.0,0.72
5240.0,0.52
5241.0,0.72
5242.0,0.8
5243.0,0.72
5244.0,0.6000000000000001
5245.0,0.72
5246.0,0.4800000000000001
5247.0,0.72
5248.0,0.8
5249.0,0.56
5250.0,0.6000000000000001
5251.0,0.64
5252.0,0.64
5253.0,0.64
5254.0,0.8
5255.0,-1.16
5256.0,0.72
5257.0,0.72
5258.0,-1.04
5259.0,0.6799999999999999
5260.0,0.64
5261.0,-1.0
5262.0,0.8
5263.0,0.6799999999999999
5264.0,0.44000000000000006
5265.0,0.8
5266.0,0.6799999999999999
5267.0,0.76
5268.0,-2.12
5269.0,-2.220446049250313e-16
5270.0,0.56
5271.0,0.6000000000000001
5272.0,0.64
5273.0,0.8
5274.0,0.64
5275.0,-1.32
5276.0,0.76
5277.0,0.4800000000000001
5278.0,0.6799999999999999
5279.0,-0.16000000000000036
5280.0,-1.12
5281.0,0.8
5282.0,0.76
5283.0,0.6799999999999999
5284.0,0.76
5285.0,0.64
5286.0,0.72
5287.0,0.56
5288.0,0.8
5289.0,0.72
5290.0,0.6000000000000001
5291.0,0.52
5292.0,0.72
5293.0,-0.16000000000000036
5294.0,0.64
5295.0,0.8
5296.0,-1.16
5297.0,-1.52
5298.0,0.64
5299.0,0.4
5300.0,0.4
5301.0,0.8
5302.0,-1.0
5303.0,0.4
5304.0,-1.08
5305.0,0.64
5306.0,0.72
5307.0,0.6799999999999999
5308.0,0.72
5309.0,-1.32
5310.0,-1.16
5311.0,0.8
5312.0,0.8
5313.0,0.0399999999999997
5314.0,0.6799999999999999
5315.0,-0.0800000000000003
5316.0,0.8
5317.0,0.6799999999999999
5318.0,0.72
5319.0,0.6000000000000001
5320.0,0.8
5321.0,0.8
5322.0,0.8
5323.0,0.76
5324.0,0.6799999999999999
5325.0,-1.04
5326.0,0.72
5327.0,-1.2
5328.0,-1.12
5329.0,0.56
5330.0,0.8
5331.0,0.56
5332.0,-1.2
5333.0,-1.04
5334.0,0.52
5335.0,0.64
5336.0,0.72
5337.0,0.6000000000000001
5338.0,0.56
5339.0,-1.2
5340.0,0.8
5341.0,0.6799999999999999
5342.0,0.36
5343.0,0.6000000000000001
5344.0,-0.12000000000000033
5345.0,0.64
5346.0,-8.000000000000005
5347.0,-1.0
5348.0,0.4800000000000001
5349.0,0.6000000000000001
5350.0,0.52
5351.0,0.6799999999999999
5352.0,0.8
5353.0,0.44000000000000006
5354.0,0.8
5355.0,-1.28
5356.0,0.64
5357.0,0.64
5358.0,-0.16000000000000036
5359.0,-1.16
5360.0,0.8
5361.0,0.64
5362.0,0.0399999999999997
5363.0,0.8
5364.0,0.6000000000000001
5365.0,0.8
5366.0,0.76
5367.0,0.8
5368.0,0.31999999999999995
5369.0,0.4800000000000001
5370.0,0.4
5371.0,-1.04
5372.0,0.6799999999999999
5373.0,0.44000000000000006
5374.0,0.2799999999999999
5375.0,0.6799999999999999
5376.0,0.52
5377.0,-0.24000000000000044
5378.0,-1.12
5379.0,-0.12000000000000033
5380.0,0.76
5381.0,0.64
5382.0,0.64
5383.0,0.76
5384.0,0.56
5385.0,0.72
5386.0,0.44000000000000006
5387.0,0.8
5388.0,0.6000000000000001
5389.0,0.52
5390.0,0.72
5391.0,0.64
5392.0,0.44000000000000006
5393.0,0.8
5394.0,0.6799999999999999
5395.0,0.6000000000000001
5396.0,0.4800000000000001
5397.0,0.76
5398.0,0.6799999999999999
5399.0,-1.32
5400.0,0.56
5401.0,0.72
5402.0,-1.08
5403.0,0.72
5404.0,0.72
5405.0,0.8
5406.0,0.76
5407.0,0.6799999999999999
5408.0,-0.0800000000000003
5409.0,0.44000000000000006
5410.0,-1.04
5411.0,-1.4
5412.0,0.72
5413.0,-1.04
5414.0,0.0399999999999997
5415.0,0.72
5416.0,0.8
5417.0,0.44000000000000006
5418.0,0.72
5419.0,0.56
5420.0,-1.24
5421.0,0.52
5422.0,0.64
5423.0,0.76
5424.0,-1.4
5425.0,0.6000000000000001
5426.0,0.6799999999999999
5427.0,0.6799999999999999
5428.0,0.56
5429.0,-1.12
5430.0,0.64
5431.0,0.8
5432.0,0.44000000000000006
5433.0,0.6799999999999999
5434.0,-1.28
5435.0,0.6799999999999999
5436.0,0.6000000000000001
5437.0,-1.16
5438.0,0.8
5439.0,-1.16
5440.0,0.6799999999999999
5441.0,0.52
5442.0,0.72
5443.0,-1.3599999999999999
5444.0,0.8
5445.0,0.72
5446.0,0.6000000000000001
5447.0,0.76
5448.0,-0.04000000000000026
5449.0,-1.04
5450.0,0.72
5451.0,0.8
5452.0,0.8
5453.0,-1.4
5454.0,0.76
5455.0,0.8
5456.0,0.4800000000000001
5457.0,0.56
5458.0,0.8
5459.0,0.76
5460.0,0.4
5461.0,0.64
5462.0,0.56
5463.0,0.6000000000000001
5464.0,0.64
5465.0,0.56
5466.0,0.72
5467.0,0.76
5468.0,0.64
5469.0,0.64
5470.0,0.52
5471.0,0.6799999999999999
5472.0,-1.16
5473.0,0.64
5474.0,-1.28
5475.0,0.76
5476.0,0.72
5477.0,0.76
5478.0,0.56
5479.0,0.64
5480.0,0.72
5481.0,0.56
5482.0,-1.16
5483.0,-0.6000000000000008
5484.0,0.64
5485.0,0.6799999999999999
5486.0,0.72
5487.0,0.6000000000000001
5488.0,0.52
5489.0,-1.48
5490.0,0.8
5491.0,0.8
5492.0,0.6799999999999999
5493.0,0.8
5494.0,0.76
5495.0,0.07999999999999974
5496.0,-1.0
5497.0,-0.840000000000001
5498.0,-1.08
5499.0,0.23999999999999988
5500.0,0.6799999999999999
5501.0,-1.24
5502.0,0.6799999999999999
5503.0,0.72
5504.0,0.31999999999999995
5505.0,0.4
5506.0,0.76
5507.0,-1.12
5508.0,0.72
5509.0,0.72
5510.0,0.6000000000000001
5511.0,0.4800000000000001
5512.0,0.72
5513.0,0.6000000000000001
5514.0,-1.6800000000000002
5515.0,0.4800000000000001
5516.0,0.8
5517.0,-0.48000000000000065
5518.0,-1.6400000000000001
5519.0,0.72
5520.0,0.64
5521.0,0.8
5522.0,0.72
5523.0,0.6799999999999999
5524.0,0.6799999999999999
5525.0,0.8
5526.0,-1.16
5527.0,0.6000000000000001
5528.0,-1.6400000000000001
5529.0,0.72
5530.0,-2.0
5531.0,0.76
5532.0,-2.4000000000000004
5533.0,-1.08
5534.0,0.64
5535.0,0.4
5536.0,0.64
5537.0,0.8
5538.0,0.4800000000000001
5539.0,0.36
5540.0,0.44000000000000006
5541.0,0.6799999999999999
5542.0,0.4800000000000001
5543.0,0.72
5544.0,0.1599999999999998
5545.0,0.6799999999999999
5546.0,0.72
5547.0,0.8
5548.0,0.72
5549.0,0.56
5550.0,0.64
5551.0,0.8
5552.0,0.64
5553.0,0.6000000000000001
5554.0,-1.12
5555.0,0.36
5556.0,0.8
5557.0,-1.08
5558.0,0.4800000000000001
5559.0,0.56
5560.0,0.72
5561.0,-1.12
5562.0,0.64
5563.0,0.64
5564.0,0.52
5565.0,-1.0
5566.0,0.64
5567.0,0.76
5568.0,0.8
5569.0,0.11999999999999977
5570.0,0.0399999999999997
5571.0,0.8
5572.0,0.72
5573.0,0.8
5574.0,0.72
5575.0,-1.12
5576.0,0.6799999999999999
5577.0,0.56
5578.0,0.72
5579.0,0.6799999999999999
5580.0,0.72
5581.0,0.56
5582.0,0.8
5583.0,0.64
5584.0,0.2799999999999999
5585.0,0.6799999999999999
5586.0,0.64
5587.0,0.6799999999999999
5588.0,0.56
5589.0,0.8
5590.0,0.64
5591.0,0.8
5592.0,0.8
5593.0,0.6799999999999999
5594.0,0.8
5595.0,0.8
5596.0,0.6799999999999999
5597.0,-1.32
5598.0,0.72
5599.0,0.72
5600.0,-1.08
5601.0,0.8
5602.0,0.64
5603.0,0.2799999999999999
5604.0,0.72
5605.0,0.8
5606.0,-0.24000000000000044
5607.0,0.8
5608.0,0.76
5609.0,0.8
5610.0,-1.32
5611.0,0.8
5612.0,0.72
5613.0,0.64
5614.0,0.4800000000000001
5615.0,0.6799999999999999
5616.0,0.76
5617.0,0.8
5618.0,0.52
5619.0,-1.08
5620.0,0.4800000000000001
5621.0,-1.08
5622.0,0.56
5623.0,0.6799999999999999
5624.0,0.11999999999999977
5625.0,0.52
5626.0,0.64
5627.0,0.8
5628.0,0.2799999999999999
5629.0,-1.08
5630.0,-6.600000000000006
5631.0,-1.28
5632.0,0.76
5633.0,-1.04
5634.0,0.6000000000000001
5635.0,0.56
5636.0,0.36
5637.0,-1.0
5638.0,0.8
5639.0,0.6000000000000001
5640.0,0.36
5641.0,0.76
5642.0,-2.220446049250313e-16
5643.0,0.6799999999999999
5644.0,0.6799999999999999
5645.0,-1.24
5646.0,0.76
5647.0,0.4800000000000001
5648.0,-0.04000000000000026
5649.0,0.72
5650.0,0.76
5651.0,0.8
5652.0,0.8
5653.0,0.6799999999999999
5654.0,0.4800000000000001
5655.0,0.64
5656.0,0.76
5657.0,0.8
5658.0,0.8
5659.0,0.44000000000000006
5660.0,0.72
5661.0,-1.08
5662.0,0.8
5663.0,-1.08
5664.0,0.4
5665.0,-0.0800000000000003
5666.0,0.8
5667.0,0.6000000000000001
5668.0,0.19999999999999984
5669.0,-1.12
5670.0,-1.12
5671.0,0.64
5672.0,0.44000000000000006
5673.0,-1.28
5674.0,0.8
5675.0,0.8
5676.0,0.8
5677.0,0.76
5678.0,-1.240000000000001
5679.0,0.6000000000000001
5680.0,0.72
5681.0,0.76
5682.0,-0.7200000000000009
5683.0,0.64
5684.0,0.76
5685.0,0.6000000000000001
5686.0,0.6799999999999999
5687.0,0.8
5688.0,0.72
5689.0,0.8
5690.0,0.4
5691.0,-1.7600000000000002
5692.0,0.6799999999999999
5693.0,0.36
5694.0,0.8
5695.0,-1.24
5696.0,0.76
5697.0,0.64
5698.0,0.6000000000000001
5699.0,0.4800000000000001
5700.0,-0.0800000000000003
5701.0,0.8
5702.0,0.19999999999999984
5703.0,0.8
5704.0,-0.0800000000000003
5705.0,-1.52
5706.0,-0.4000000000000006
5707.0,0.64
5708.0,0.72
5709.0,-1.16
5710.0,0.8
5711.0,-1.16
5712.0,-1.08
5713.0,0.72
5714.0,0.56
5715.0,0.72
5716.0,0.72
5717.0,0.6000000000000001
5718.0,0.2799999999999999
5719.0,0.8
5720.0,-1.04
5721.0,0.44000000000000006
5722.0,0.64
5723.0,0.11999999999999977
5724.0,-1.16
5725.0,-1.8800000000000017
5726.0,-0.8000000000000009
5727.0,0.8
5728.0,0.8
5729.0,0.76
5730.0,0.72
5731.0,0.8
5732.0,-1.32
5733.0,0.76
5734.0,0.6799999999999999
5735.0,0.23999999999999988
5736.0,0.4800000000000001
5737.0,-0.24000000000000044
5738.0,0.6799999999999999
5739.0,0.6799999999999999
5740.0,0.8
5741.0,0.8
5742.0,-1.52
5743.0,0.8
5744.0,-1.12
5745.0,0.6799999999999999
5746.0,0.64
5747.0,-1.32
5748.0,0.8
5749.0,0.6799999999999999
5750.0,0.6000000000000001
5751.0,0.8
5752.0,0.8
5753.0,0.6799999999999999
5754.0,0.8
5755.0,0.6799999999999999
5756.0,0.76
5757.0,0.8
5758.0,0.72
5759.0,0.8
5760.0,0.64
5761.0,0.72
5762.0,0.6799999999999999
5763.0,-2.2
5764.0,0.6799999999999999
5765.0,0.8
5766.0,0.76
5767.0,-1.24
5768.0,0.6799999999999999
5769.0,0.8
5770.0,0.72
5771.0,0.52
5772.0,0.6799999999999999
5773.0,0.19999999999999984
5774.0,-1.16
5775.0,0.8
5776.0,0.52
5777.0,0.4800000000000001
5778.0,0.72
5779.0,0.56
5780.0,0.6799999999999999
5781.0,0.6000000000000001
5782.0,0.8
5783.0,0.6799999999999999
5784.0,0.76
5785.0,0.8
5786.0,0.6799999999999999
5787.0,-1.24
5788.0,0.8
5789.0,0.8
5790.0,0.8
5791.0,0.6799999999999999
5792.0,0.76
5793.0,0.8
5794.0,0.8
5795.0,-0.04000000000000026
5796.0,0.8
5797.0,0.6799999999999999
5798.0,0.8
5799.0,-1.24
5800.0,0.8
5801.0,0.8
5802.0,0.8
5803.0,0.76
5804.0,0.64
5805.0,-2.3600000000000003
5806.0,-1.0
5807.0,0.72
5808.0,0.8
5809.0,0.64
5810.0,0.8
5811.0,0.64
5812.0,0.4800000000000001
5813.0,0.44000000000000006
5814.0,0.72
5815.0,0.6000000000000001
5816.0,0.52
5817.0,0.1599999999999998
5818.0,0.72
5819.0,0.76
5820.0,-1.6400000000000001
5821.0,-1.3599999999999999
5822.0,-5.9600000000000035
5823.0,-2.220446049250313e-16
5824.0,0.76
5825.0,0.76
5826.0,0.72
5827.0,0.56
5828.0,0.76
5829.0,-1.08
5830.0,0.4
5831.0,0.72
5832.0,0.8
5833.0,-1.32
5834.0,0.6000000000000001
5835.0,0.44000000000000006
5836.0,0.8
5837.0,0.8
5838.0,-1.9200000000000004
5839.0,0.8
5840.0,-1.04
5841.0,0.2799999999999999
5842.0,0.4800000000000001
5843.0,0.76
5844.0,0.19999999999999984
5845.0,0.11999999999999977
5846.0,0.8
5847.0,0.76
5848.0,0.8
5849.0,0.8
5850.0,0.8
5851.0,-1.0
5852.0,0.72
5853.0,0.8
5854.0,0.76
5855.0,0.72
5856.0,-1.32
5857.0,0.6000000000000001
5858.0,0.8
5859.0,0.6799999999999999
5860.0,-1.0
5861.0,0.64
5862.0,0.76
5863.0,0.72
5864.0,0.6799999999999999
5865.0,0.8
5866.0,0.64
5867.0,0.76
5868.0,0.64
5869.0,0.4800000000000001
5870.0,0.4800000000000001
5871.0,0.52
5872.0,-1.12
5873.0,-1.44
5874.0,-0.9600000000000011
5875.0,0.8
5876.0,0.64
5877.0,0.64
5878.0,0.64
5879.0,0.56
5880.0,0.52
5881.0,0.8
5882.0,0.64
5883.0,0.72
5884.0,0.6000000000000001
5885.0,0.64
5886.0,0.76
5887.0,-1.6800000000000002
5888.0,0.72
5889.0,-2.0
5890.0,0.72
5891.0,0.6799999999999999
5892.0,0.8
5893.0,0.8
5894.0,0.8
5895.0,0.6000000000000001
5896.0,0.72
5897.0,0.72
5898.0,0.72
5899.0,-1.04
5900.0,0.64
5901.0,0.36
5902.0,0.76
5903.0,0.64
5904.0,-1.24
5905.0,0.72
5906.0,-1.6400000000000001
5907.0,-0.6800000000000008
5908.0,0.44000000000000006
5909.0,0.56
5910.0,-1.24
5911.0,0.6799999999999999
5912.0,0.72
5913.0,0.6799999999999999
5914.0,-1.28
5915.0,-0.28000000000000047
5916.0,0.72
5917.0,0.76
5918.0,0.64
5919.0,0.72
5920.0,0.4800000000000001
5921.0,-2.16
5922.0,-1.0
5923.0,0.64
5924.0,-2.080000000000002
5925.0,0.72
5926.0,0.4
5927.0,0.31999999999999995
5928.0,0.76
5929.0,0.19999999999999984
5930.0,0.6799999999999999
5931.0,0.72
5932.0,0.76
5933.0,0.6000000000000001
5934.0,0.64
5935.0,-0.16000000000000036
5936.0,0.72
5937.0,0.8
5938.0,0.8
5939.0,0.72
5940.0,0.8
5941.0,0.6000000000000001
5942.0,0.56
5943.0,0.44000000000000006
5944.0,0.8
5945.0,0.64
5946.0,-1.32
5947.0,0.56
5948.0,-1.8800000000000003
5949.0,0.72
5950.0,0.76
5951.0,0.8
5952.0,0.36
5953.0,0.72
5954.0,-1.08
5955.0,0.23999999999999988
5956.0,-0.7600000000000009
5957.0,0.76
5958.0,0.0399999999999997
5959.0,-1.04
5960.0,0.64
5961.0,0.19999999999999984
5962.0,0.8
5963.0,0.72
5964.0,0.64
5965.0,0.4800000000000001
5966.0,0.52
5967.0,0.8
5968.0,0.64
5969.0,0.11999999999999977
5970.0,0.56
5971.0,0.2799999999999999
5972.0,0.6799999999999999
5973.0,0.6000000000000001
5974.0,0.4800000000000001
5975.0,0.8
5976.0,0.6799999999999999
5977.0,0.76
5978.0,0.64
5979.0,0.8
5980.0,0.76
5981.0,0.72
5982.0,0.8
5983.0,0.4800000000000001
5984.0,0.8
5985.0,0.72
5986.0,0.72
5987.0,0.64
5988.0,0.11999999999999977
5989.0,0.8
5990.0,0.6000000000000001
5991.0,0.36
5992.0,0.8
5993.0,0.72
5994.0,0.76
5995.0,0.56
5996.0,0.6799999999999999
5997.0,-1.16
5998.0,0.76
5999.0,0.6000000000000001
