0
142036
424187
877505
1140100
1664060
2403553
2813898
3104397
3627446
3911328
4396141
5263976
5440823
5783273
6242793
6731557
7176124
7412930
7820797
8379626
8796662
9073802
9394200
9629816
9967331
10707971
11058880
11666696
12202247
12638271
12879150
13370655
14099380
14527980
14800442
15443133
15831356
16340615
16566667
16699695
16765611
17125449
17275368
17561982
17950801
18102051
18324943
19623897
19444108
19631203
19731149
19736005
19973711
20164773
20304674
20473967
20874984
21400420
21699337
22195958
22678553
23282080
23546887
23998675
24309197
24465791
24615005
24786109
24989274
25157187
25468667
25874462
26180473
26673400
26932294
27465968
28130795
28918974
29653699
29967607
29970439
29975883
29974356
29992625
30003949
30308415
30840951
31342992
31605012
31864950
32009629
32359588
32417772
32490358
32539871
32639961
32706035
33009539
33261582
33810913
33886430
34390676
34510190
34689788
34732713
34704120
34786540
35094552
35248784
35822350
35919339
36321335
36798826
36869973
37121470
37814599
38030146
38424653
38424724
38424736
38424816
38287242
38738772
38938994
39118339
39199513
43176180
43227964
43472268
43534578
44146270
44204312
44242647
44323564
44382748
44405691
44484842
44517615
44581474
44638772
44693964
44711855
44948214
45160086
45246836
45689544
45894793
46150315
46739664
46890907
46925650
47117702
47177957
47246313
47448440
47535714
47654944
47711837
48029471
48169119
48407634
48610468
48842057
49437168
49574684
49698334
49785745
49974430
50221643
50314251
50401450
50425250
50440098
50472810
50515847
50577688
50632030
50766273
50829498
50922237
51135095
51490486
51599868
51893700
52159618
52537817
52691148
53000244
53288113
53758318
54320384
54473917
54580812
54654922
54814603
54747803
54916556
55045222
55078814
55254965
55159843
55600631
55895633
56009486
56096864
56508228
56972491
57056311
57274502
57447411
57557977
58298010
57938883
58040378
58250413
58288538
58546495
58732245
58505073
58607530
58737561
59040610
59813315
59935595
60028091
60095979
60124267
60328641
60383983
60431923
61434722
60934182
60990018
60784322
60788995
60790162
60792569
60794337
60797849
60800666
60800985
60805315
60805739
60808961
60808240
60811724
60811851
60814373
60816814
60817449
60819087
60821448
60822489
60822954
60822930
60825015
60825038
60826852
60827083
60829109
60829249
60830341
60831614
60830722
60835958
60837183
60837072
60838929
60838691
60838815
60840066
60841640
60842311
60843141
60842885
60843822
60843537
60843661
60845923
60849191
60848421
60849949
60849400
60849524
60851773
60852419
60851064
60853759
60854211
60854637
60855322
60855693
60857017
60855422
60856459
60860482
60861248
60860603
60863267
60861869
60861937
60864699
60864583
60863785
60866492
60864515
60865591
60866267
60868804
60869511
60870180
60874547
60874134
60873354
60875058
60875721
60875079
60878461
60876223
60877003
60878794
60879699
60879674
60878918
60881715
60882479
60883047
60886194
60888664
60889546
60888067
60888190
60888312
60890081
60890702
60889660
60893508
60890549
60891680
60891986
60893551
60894089
60897074
60895937
60900177
60896802
60899194
60897829
60899555
60899933
60900532
60901238
60902059
60900465
60905760
60901999
60902503
60903100
60903351
60910187
60908332
60908662
60909194
60909566
60908016
60913426
60909236
60911255
60912007
60911537
60911424
60912904
60912796
60913752
60914240
60917419
60917763
60916410
60916613
60922255
60923058
60917861
60920331
60920665
60918639
60919997
60921197
60921047
60921233
60923059
60922979
60926784
60925689
60925936
60932579
60933183
60927916
60930002
60930212
60929908
60931125
60931364
60931674
60931911
60933621
60934210
60934661
60937682
60938310
60937343
60937042
60943924
60944727
60938837
60940953
60940238
60941106
60942384
60942808
60942218
60942692
60944367
60944991
60947961
60953345
60948907
60949286
60948148
60948223
60955629
60956209
60949808
60951762
60951463
60952081
60951968
60953266
60953521
60954009
60957376
60957626
60958372
60958378
60959153
60958459
60959965
60959057
60959672
60960009
60960564
60960697
60961157
60962881
60963686
60963886
60964340
60968024
60968512
60969000
60969358
60969825
60970153
60970736
60969473
60969323
60977975
60978487
60970839
60971780
60972521
60972937
60973288
60976279
60976739
60978332
60978754
60979231
60977265
60979939
60980348
60980678
60981268
60980279
60980985
60981093
60982648
60983118
60983059
60984723
60985231
60985777
60986380
60988028
60988618
60988959
60989310
60988694
60989332
60989346
60998454
60991632
60999051
60991743
60993271
60993099
60996226
60996960
60997624
60997393
60997939
60998327
60998932
60999200
60999554
61000096
61000257
61008553
61001269
61001452
61001576
61002592
61001304
61002969
61005057
61006270
61005499
61006117
61006444
61015877
61008418
61007575
61008213
61008527
61008957
61009424
61009840
61010358
61011537
61011947
61012414
61012830
61015937
61016302
61014637
61017188
61017605
61018072
61018488
61018904
61019589
61019787
61020152
61020721
61021086
61021567
61022404
61022348
61025390
61025922
61025056
61035683
61025771
61027575
61027229
61026510
61027309
61028939
61029376
61029771
61030187
61030603
61031039
61031455
61034511
61034913
61035329
61035643
61036226
61036642
61037095
61037437
61037737
61036717
61048622
61049180
61049358
61049595
61038197
61039692
61051189
61044008
61044452
61055672
61045019
61046061
61046500
61046995
61047462
61047767
61048276
61048678
61049122
61049640
61050070
61050458
61050925
61053986
61054518
61055027
61055415
61055947
61054329
61056711
61057250
61056472
61056981
61057276
61058170
61058985
61059693
61060269
61060501
61060838
61064203
61064332
61064813
61065141
61065673
61065987
61066454
61066921
61067011
61067693
61068524
61068380
61067321
61069180
61070062
61070057
61073113
61073464
61073917
61072752
61074848
61075132
61074138
61074640
61075274
61075755
61076199
61076573
61076914
61077381
61078237
61078148
61081241
61082635
61082900
61095720
61095994
61082348
61082887
61083372
61085845
61086205
61084891
61086948
61086898
61087872
61088043
61088524
61088977
61092714
61093186
61092350
61093790
61093402
61094258
61094342
61095438
61096121
61096434
61096837
61097008
61096242
61097196
61097447
61098484
61098904
61115059
61101747
61103227
61103289
61103206
61116880
61102278
61103397
61103546
61105812
61106293
61106781
61107056
61107421
61107930
61105719
61108550
61110139
61110764
61111361
61112570
61112869
61127213
61127645
61112583
61113767
61113584
61115673
61115861
61114997
61115670
61116192
61116693
61118182
61119579
61135769
61135917
61120176
61121446
61123164
61123730
61123914
61124023
61124423
61123726
61124286
61124825
61125691
61126877
61124625
61127244
61145135
61129481
61129739
61131903
61132493
61132684
61133093
61133420
61133942
61134287
61133745
61149923
61135599
61135994
61136461
61136207
61140150
61140210
61140510
61141028
61142272
61142688
61141780
61142418
61143461
61143854
61143094
61160309
61143313
61144123
61146424
61146754
61147293
61150154
61150503
61149687
61150107
61150639
61151164
61150470
61152994
61153308
61153410
61152657
61154566
61154486
61153589
61171962
61172178
61157059
61158380
61158313
61158456
61160336
61161015
61160149
61177957
61161463
61161030
61179598
61179939
61162126
61164299
61164560
61164916
61163929
61164997
61168464
61167495
61186373
61169816
61187002
61169582
61169785
61169824
61188966
61189049
61171545
61171426
61173566
61173924
61174327
61173542
61174471
61178401
61177038
61196272
61179595
61178596
61180342
61180704
61179829
61180488
61180845
61182323
61200423
61200489
61181356
61182808
61201679
61184510
61205198
61186767
61188201
61206597
61187034
61189633
61189940
61190719
61189191
61190042
61191756
61190298
61210402
61190770
61193260
61193727
61196763
61196971
61196415
61198358
61199230
61217553
61198538
61200409
61200627
61201080
61200279
61200570
61200431
61200938
61201878
61203268
61222530
61203677
61225658
61205930
61208312
61207344
61227792
61209309
61209556
61209842
61210234
61209392
61210120
61211334
61231257
61231293
61211163
61213217
61213653
61216477
61215765
61216475
61236920
61216077
61218656
61219014
61219347
61218539
61219048
61220725
61220812
61241139
61241291
61220236
61222655
61225711
61226133
61226417
61225625
61226877
61226257
61226445
61248444
61226817
61227562
61229679
61230050
61230423
61229566
61230140
61230538
61252206
61255329
61235650
61256161
61236539
61236678
61257409
61236159
61238128
61258857
61238653
61259441
61238178
61237665
61239088
61238353
61261212
61241266
61241926
61243214
61244037
61243367
61244445
61243898
61246546
61246924
61247311
61246665
61247896
61247767
61269916
61247202
61249648
61250224
61250363
61250770
61253128
61253978
61276108
61252927
61255434
61255833
61256116
61255359
61278256
61257243
61279323
61258276
61259702
61260013
61259050
61282308
61259651
61264335
61263363
61264459
61265334
61288016
61264427
61266746
61267176
61267406
61266809
61267348
61268571
61269338
61267866
61291902
61268647
61270582
61273492
61272833
61272746
61272999
61297173
61275295
61275934
61276620
61275412
61276816
61300041
61275840
61278317
61278589
61278995
61278088
61279667
61282555
61280893
61283383
61282335
61283804
61282863
61283170
61284931
61308492
61285603
61285461
61284925
61310021
61286244
61287925
61288235
61287414
61287909
61287878
61315850
61290830
61291786
61293906
61293436
61293156
61293948
61295142
61319417
61319679
61295392
61297122
61297545
61297729
61298074
61297039
61325119
61301184
61302141
61300614
61303049
61303379
61303751
61303060
61304689
61303455
61329099
61305534
61305882
61305028
61306514
61331442
61305988
61307957
61310986
61310246
61310908
61310663
61336891
61311352
61313516
61312896
61314164
61314031
61313380
61315673
61314581
61316426
61341519
61341689
61317568
61319937
61320710
61320243
61321606
61346717
61322260
61322544
61321872
61323726
61322384
61349291
61324861
61323213
61325094
61325142
61326036
61352052
61327841
61330314
61331930
61330807
61331264
61332043
61358675
61333609
61333902
61332900
61334546
61334822
61334059
61335919
61333968
61334425
61362533
61335956
61340119
61366491
61339834
61341719
61341746
61341324
61342680
61369176
61343618
61343867
61344072
61343591
61345345
61371926
61343950
61346396
61346780
61348664
61349131
61349953
61350660
61349071
61351664
61351919
61351200
61353068
61351571
61380117
61354183
61354480
61353566
61355102
61382531
61354089
61359001
61359355
61358725
61359044
61387360
61360988
61361260
61361660
61361012
61362306
61390132
61361241
61362157
61364063
61364411
61363524
61392316
61368203
61368317
61367668
61369348
61397137
61368697
61370411
61370640
61370094
61371736
61372034
61370585
61400204
61373145
61373348
61373704
61374313
61402441
61375987
61378018
61378265
61377631
61379478
61408022
61408269
61380678
61380926
61379879
61381054
61380584
61384005
61381188
61382105
61383829
61384164
61386017
61387444
61416242
61386706
61388856
61389046
61388369
61389600
61419009
61389527
61391115
61390064
61390481
61390345
61390394
61392915
61393219
61395392
61395092
61395022
61397475
61397760
61397037
61398335
61398959
61398960
61398566
61399991
61400843
61400162
61399446
61430642
61401981
61401604
61404099
61405958
61435868
61404607
61407090
61405159
61407431
61406997
61439487
61408815
61410431
61410690
61410254
61412050
61411792
61410262
61411332
61416043
61416408
61415644
61417086
61447650
61416790
61417192
61418894
61419170
61418558
61419697
61450422
61419233
61421116
61420358
61422240
61452978
61423244
61425316
61425306
61425013
61423797
61424315
61423836
61438711
61441352
61442034
61442087
61441275
61472753
61440588
61442477
61441677
61443005
61441942
61442944
61441221
61441545
61443838
61443174
61473750
61441798
61443472
61442287
61443417
61474194
61443815
61443730
61442374
61443489
61474065
61444053
61443917
61442612
61443857
61474328
61444079
61443937
61443318
61474588
61444179
61444407
61442931
61444053
61474739
61444637
61444642
61443220
61444873
61475228
61444941
61445007
61443733
61443820
61475491
61445212
61445108
61444503
61475711
61444058
61445334
61445261
61444636
61476109
61444392
61445617
61445510
61444993
61476009
61445885
61445093
61445522
61444501
61444981
61444496
61444024
61443771
61445812
61445712
61476245
61445900
61444028
61446174
61444671
61445879
61444798
61445048
61446082
61445232
61446285
61476898
61446790
61447206
61445586
61446509
61444899
61446940
61446652
61446067
61446869
61445739
61446764
61477270
61447179
61447231
61445995
61445523
61445181
61447322
61445883
61447033
61477531
61447443
61447530
61446211
61447324
61445381
61447377
61446353
61445874
61447427
61447721
61447780
61446757
61446059
61478131
61446370
61448080
61446683
61448174
61448080
61479623
61449437
61447781
61448868
61448325
61447920
61447586
61449600
61449789
61448526
61447988
61449716
61449405
61448031
61449108
61479728
61449716
61449571
61448269
61449306
61479882
61449739
61449573
61448319
61448843
61480223
61449985
61449886
61448062
61448673
61448241
61480209
61450101
61449854
61449262
61480310
61448529
61450165
61448638
61448742
61480524
61448929
61450133
61448780
61450406
61448441
61449281
61448692
61450411
61449185
61450187
61448460
61450576
61450496
61450542
61449498
61480698
61450511
61450105
61449577
61450853
61450732
61450099
61481460
61449631
61450884
61449785
61450989
61449863
61450960
61481445
61451415
61451167
61450228
61449615
61449658
61451408
61451232
61450084
61449232
61451448
61451415
61450759
61449826
61449494
61451696
61451377
61450579
61450021
61451458
61449640
61451063
61450568
61451482
61449857
61450689
61452363
61450981
61482484
61450549
61452134
61451024
61452164
61450985
61450606
61451231
61452596
61482737
61452704
61452657
61482706
61452629
61452517
61451435
61450795
61451260
61451202
61452633
61452670
61452583
61451363
61450908
61450650
61452787
61452591
61452088
61451229
61450800
61451481
61452870
61451792
61483445
61452942
61452952
61451692
61452815
61451294
61451676
61452997
61451750
61452787
61483431
61453228
61452981
61452157
61483462
61451629
61453217
61451437
61452051
61451466
61452094
61453359
61452109
61451510
61451291
61453356
61453375
61452552
61483859
61453521
61453368
61452673
61453613
61483947
61453660
61453444
61483742
61453452
61452072
61453115
61483889
61453781
61453777
61452505
61484252
61452020
61453701
61453428
61453601
61455545
61453955
61453468
61455467
61453947
61454280
61485941
61455510
61455511
61454449
61455321
61457310
61485941
61455828
61455509
61455905
61485961
61455873
61455768
61454628
61454237
61453852
61456016
61455772
61455197
61455683
61454215
61453962
61456099
61456029
61455171
61486688
61456209
61455513
61455005
61455853
61486429
61456393
61454359
61456242
61486679
61454479
61456136
61454930
61455922
61454151
61486641
61456272
61455159
61456133
61486784
61456598
61456541
61455837
61454904
61454549
61456874
61455542
61456818
61456697
61456078
61455196
61454913
61457005
61486893
61456746
61456978
61487231
61455902
61457118
61455912
61487768
61455283
61456774
61457084
61457092
61487492
61457309
61457290
61456599
61457307
61487985
61457530
61456249
61456096
61456338
61457373
61457359
61457491
61456411
61457311
61455679
61457802
61457732
61457076
61456245
61456127
61457856
61456524
61456424
61488238
61456493
61458092
61457020
61456199
61455960
61458001
61456751
61458212
61456878
61456141
61458240
61457039
61458278
61456332
61458497
61458355
61456435
61458499
61457294
61456811
61456572
61458607
61457268
61458274
61456643
61458736
61456990
61458531
61458825
61489019
61458755
61458798
61458107
61457480
61489531
61458967
61457761
61457272
61456879
61457735
61459155
61459115
61458445
61489774
61459313
61489473
61458071
61457644
61459027
61458194
61459433
61458640
61489850
61457385
61459464
61458149
61459138
61457469
61459643
61459478
61458446
61490073
61459726
61459611
61458392
61459617
61489946
61459801
61458004
61458581
61490380
61458561
61459773
61459775
61459221
61490418
61458726
61459345
61458778
61458169
61459293
61460120
61460233
61460235
61460214
61460138
61459853
61458147
61460123
61460441
61459783
61458298
61459854
61460395
61459230
61460116
61490706
61490623
61460252
61460487
61490652
61458687
61459664
61461471
61492690
61462192
61462570
61461479
61460597
61460177
61462365
61461009
61460618
61460359
61462335
61461006
61461998
61460377
61462322
61461014
61462177
61460382
61462621
61462870
61462430
61492934
61462794
61461208
61462484
61492896
61462692
61462691
61462301
61461523
61462082
61461550
61460985
61460702
61462969
61462878
61463107
61493373
61461382
61463066
61461851
61463100
61461867
61462913
61461163
61463255
61461875
61462942
61463408
61463220
61463078
61462510
61493766
61463378
61463225
61462150
61461681
61461884
61463520
61462284
61461890
61462844
61463528
61462364
61463430
61494204
61463749
61463524
61462838
61494209
61461985
61493899
61462430
61494359
61462290
61463937
61462725
61463974
61463164
61494427
61464056
61463903
61463797
61494202
61464068
61463995
61463031
61494486
61462430
61464309
61463097
61464164
61494604
61464322
61464309
61463714
61494874
61464580
61464393
61463369
61464495
61464560
61494712
61464727
61463306
61462814
61462633
61464626
61464440
61464369
61462457
61464563
61463323
61495161
61463544
61494992
61463390
61495132
61463323
61464856
61463771
61463439
61462985
61464971
61463759
61464675
61495325
61465195
61465050
61464202
61495579
61465285
61465654
61464399
61495727
61465379
61464649
61464935
61464029
61463456
61465319
61464200
61465253
61463478
61465652
61464152
61465254
61495768
61465694
61465573
61464541
61496173
61464166
61464042
61464245
61464070
61465003
61465783
61464348
61464183
61463737
61465575
61464623
61465875
61464612
61464191
61463917
61466024
61465855
61465287
61464747
61464568
61466280
61465569
61465925
61464172
61465556
61464311
61464556
61466342
61465127
61464685
61464378
61466494
61465039
61466551
61496906
61466616
61466498
61466843
61496824
61466805
61466598
61465781
61496832
61466861
61466660
61465400
61466563
61497157
61464637
61465392
61497251
61465576
61466893
61466133
61497551
61465912
61466617
61466389
61497695
61467120
61465550
61467166
61497635
61466512
61466449
61467025
61465503
61467100
61466935
61497735
61467427
61465535
61466334
61497636
61497796
61468504
61500251
61470007
61469806
61470022
61500254
61469892
61469747
61469179
61500275
61469996
61470134
61469283
61500123
61470028
61469886
61469014
61500278
61470183
61469843
61470123
61468145
61470069
61469978
61468868
61500388
61470005
61468604
61469740
61468146
61470067
61468855
61468502
61469764
61468623
61469819
61470038
61500718
61468697
61470515
61469244
61501035
61470662
61470458
61469420
61470278
61500905
61470650
61501207
61470773
61470535
61469123
61469928
61500970
61470655
61470552
61470284
61468660
61470654
61469472
61501142
61470892
61470706
61470618
61468884
61469524
61470933
61471310
61501498
61469678
61471403
61470256
61469723
61471538
61471410
61471741
61501947
61470006
61471575
61470434
61469971
61469606
61471722
61471324
61469782
61471508
61471356
61471585
61501710
61471738
61470758
61470426
61471798
61471407
61471666
61501799
61471799
61471650
61471916
61470319
61471697
61471123
61502197
61470366
61471900
61470838
61470267
61470076
61472155
61470726
61470556
61472124
61502650
61470508
61471590
61471083
61471964
61470194
61472218
61471183
61470577
61471561
61472290
61471140
61470658
61470384
61472381
61471164
61470668
61471603
61472239
61471655
61502949
61470963
61472983
61471875
61503025
61472701
61472581
61471677
61503315
61471192
61473054
61471777
61503232
61471210
61473161
61472381
61503071
61472942
61471109
61472910
61472856
61471802
61503130
61473035
61472936
61471834
61472787
61471425
61471667
61471249
61471041
61473229
61471729
61472844
61471773
61473165
61472025
61471583
61473117
61503831
61473325
61471801
61471929
61471357
61473326
61472025
61471604
61471303
61472603
61472211
61471653
61471757
61473342
61473437
61504022
61473551
61473505
61473785
61473072
61503647
61473480
61472304
61473395
61473008
61473685
61472473
61473417
61471772
61472169
61472479
61503860
61473913
61473669
61473826
61471658
61473870
61473756
61473681
61471913
61473810
61472721
61472368
61474074
61473956
61473041
61473921
61473869
61474230
61473253
61474151
61504823
61473787
61472784
61473251
61473737
61474377
61473827
61505038
61473454
61505102
61472774
61475185
61475007
61505105
61474986
61474841
61475179
61473616
61475183
61473902
61505689
61473752
61475334
61475523
61475300
61475568
61475165
61473955
61475379
61474478
61505624
61475589
61474651
61473994
61478075
61476617
61477687
61477727
61478008
61476701
61476229
61477240
61477483
61477086
61477966
61508456
61478190
61476930
61508604
61478214
61508637
61478118
61476654
61476604
61478223
61477168
61476573
61476265
61478416
61477135
61478191
61508950
61478642
61478586
61478938
61476726
61478602
61509388
61478869
61477742
61478734
61476987
61479062
61477987
61477364
61477928
61478534
61478896
61477383
61477473
61478474
61478264
61509661
61477804
61479365
61479319
61479494
61478837
61479480
61478503
61477918
61478916
61479809
61478789
61510367
61479854
61479760
61479982
61510062
61478509
61480715
61481283
61481276
61480276
61481512
61481265
61481789
61480480
61512255
61481830
61480638
61512408
61482070
61481315
61480084
61481889
61482143
61481339
61481963
61481743
61480663
61482058
61482420
61481672
61512807
61482543
61512928
61480043
61480314
61481489
61480671
61482600
61481520
61482535
61512985
61482642
61513322
61481376
61482655
61513098
61482790
61482685
61483022
61481600
61481623
61483094
61483170
61483086
61481853
61513688
61483182
61482010
61513554
61483181
61482115
61481324
61483489
61483003
61483429
61482131
61513747
61483446
61482357
61513880
61483446
61482319
61513965
61483480
61482456
61481634
61483703
61483402
61481851
61483513
61514485
61483739
61482623
61481743
61484010
61483562
61483896
61483703
61483511
61482367
61484322
61514127
61482986
61483948
61513828
61483609
61484011
61483772
61484181
61482876
61514583
61484157
61482972
61514770
61484307
61483603
61482307
61484252
61483235
61482950
61484277
61482591
61484413
61483197
61514864
61484574
61483047
61484709
61484841
61483509
61515323
61484769
61483536
61484427
61483508
61484727
61515330
61484824
61484581
61484816
61484663
61483279
61484875
61484642
61485123
61484879
61515530
61515529
61484205
61485238
61484892
61484388
61484467
61483644
61484032
61515559
61485367
61484176
61484570
61485396
61484221
61485480
61484899
61484956
61483890
61516146
61484481
61515901
61486043
61484584
61483920
61485791
61516405
61485888
61516479
61484626
61486036
61484797
61484548
61486139
61484700
61484271
61516617
61484882
61516596
61486536
61484594
61484535
61485046
61516743
61486512
61486787
61485003
61486517
61517051
61486661
61485435
61517030
61486873
61485901
61517119
61486907
61486918
61486399
61486613
61485006
61485215
61486812
61485228
61487029
61485742
61517153
61485017
61485913
61485183
61485617
61517545
61485366
61485761
61517580
61486250
61487430
61487404
61517731
61487619
61487195
61487553
61486313
61518182
61487754
61487626
61487322
61487495
61487673
61486270
61487581
61518229
61487621
61520666
61490300
61489091
61490586
61520585
61490205
61490720
61520841
61490627
61489613
61488596
61490049
61490544
61489297
61491130
61489060
61489308
61490679
61489143
61490923
61489605
61488803
61490736
61490684
61489331
61491037
61489371
61491267
61489744
61521413
61490695
61520934
61489568
61489359
61490683
61521247
61490080
61489510
61489825
61489676
61521219
61490886
61489608
61489646
61521344
61490982
61489797
61521360
61491022
61491098
61489869
61491013
61489534
61491270
61490037
61521693
61491363
61491459
61489326
61490700
61491202
61489303
61491295
61489794
61491503
61490116
61521798
61491397
61491620
61489935
61491453
61490138
61490453
61490434
61491390
61491787
61491938
61491929
61490491
61490463
61491876
61490118
61491830
61490631
61522095
61491843
61490778
61489963
61491932
61491752
61492256
61490671
61490367
61492247
61490887
61522527
61492223
61522366
61490594
61491116
61492395
61522591
61491290
61490400
61492285
61492233
61492619
61492432
61522816
61492658
61491125
61491109
61492634
61490445
61523056
61491457
61523116
61492854
61492803
61491440
61492827
61491330
61491557
61491541
61523240
61492417
61491615
61493059
61491583
61523637
61493107
61491959
61492838
61493101
61491889
61491012
61493519
61492862
61491661
61493111
61523763
61493089
61492000
61491192
61493222
61492963
61491729
61493254
61493035
61491843
61493422
61491886
61493663
61493491
61493385
61492100
61493638
61493678
61491820
61493775
61495613
61493785
61491746
61492659
61491803
61493783
61492250
61494027
61492815
61524434
61493976
61492986
61493466
61494076
61492522
61492695
61494151
61493908
61494320
61493012
61524679
61494467
61493276
61524604
61493685
61494615
61493164
61494847
61492453
61494138
61494349
61524786
61494470
61493770
61524809
61495032
61525256
61492492
61525221
61493306
61525085
61494611
61494010
61524989
61494758
61494762
61493272
61494605
61493024
61494726
61524930
61493738
61494867
61493685
61494701
61494810
61525435
61494985
61494285
61493301
61493285
61495041
61493849
61493806
61493670
61493547
61495406
61494002
61525554
61494572
61495369
61494537
61495185
61493717
61495467
61495356
61495092
61495453
61494169
61493313
61495634
61495505
61494994
61495226
61525730
61495422
61495349
61526131
61494917
61493972
61495708
61494328
61526048
61526118
61495489
61494025
61494414
61494504
61495992
61495124
61493882
61496293
61494272
61496046
61494762
61526314
61495851
61496005
61494725
61495869
61495705
61494395
61496157
61494464
61496190
61496263
61494170
61496017
61496039
61496367
61495083
61496401
61495219
61526801
61495898
61496610
61494476
61496657
61496007
61496321
61495572
61494367
61496310
61494740
61496657
61496251
61496475
61496814
61494923
61496186
61495708
61496792
61496937
61495013
61496827
61496041
61494871
61497156
61494987
61495309
61496840
61495208
61495408
61495605
61527341
61497081
61495917
61527373
61496986
61495712
61497159
61495684
61527585
61497095
61498942
61498630
61499861
61530409
61499976
61499700
61500188
61498835
61530319
61499965
61500057
61498753
61499921
61498589
61500074
61499705
61498790
61500009
61498476
61500332
61500275
61530773
61500910
61500219
61500631
61500683
61498416
61500659
61500256
61499393
61500523
61500379
61530924
61499447
61531075
61498703
61500887
61501183
61499682
61499708
61531247
61500947
61501098
61498927
61500866
61500650
61499362
61500962
61499866
61501217
61500920
61499659
61501187
61499822
61501401
61500072
61532164
61501490
61500401
61499932
61501508
61501405
61500138
61501685
61501549
61501794
61500564
61503537
61501871
61532516
61500631
61500882
61500671
61532600
61502099
61501791
61501111
61500821
61500064
61501968
61501910
61502217
61500813
61532600
61502244
61501173
61500926
61502127
61532799
61502494
61502512
61502585
61502365
61501716
61502552
61502380
61502520
61533135
61502563
61502266
61502750
61502691
61501236
61502846
61501637
61502736
61501419
61502576
61501693
61502969
61501743
61533391
61502980
61502799
61503187
61501896
61533562
61503211
61502552
61501962
61501953
61503275
61503208
61502962
61503361
61502217
61501385
61503378
61503231
61503524
61502188
61533869
61503637
61502459
61502497
61503546
61534109
61503052
61503446
61503738
61502395
61534051
61503902
61503529
61502337
61502510
61534391
61503770
61503894
61503957
61502529
61534303
61504077
61502694
61534086
61503882
61502076
61502798
61534190
61504075
61504226
61502113
61504044
61503121
61534263
61502815
61534570
61504247
61502568
61504305
61534558
61504405
61504676
61503050
61503165
61534921
61504589
61504785
61503062
61504645
61535163
61504824
61504900
61502646
61504647
61503063
61504840
61503781
61535065
61504740
61504594
61503261
61504588
61503011
61504881
61503671
61503513
61503260
61504648
61505105
61504768
61535325
61504841
61504667
61505103
61504815
61504446
61503311
61503457
61504790
61503737
61503910
61503057
61505564
61503511
61503876
61503266
61505191
61503666
61505491
61504654
61505161
61504045
61503575
61505484
61536159
61505653
61505059
61503701
61505726
61536449
61505902
61504546
61536230
61505960
61506022
61505983
61504637
61536203
61505904
61506028
61506040
61504869
61536358
61506043
61504732
61504938
61503914
61505583
61506019
61506392
61506281
61504997
61536563
61504191
61505165
61506417
61505013
61536763
61506294
61504800
61506535
61505224
61536715
61506437
61504768
61506569
61506624
61506405
61536960
61506580
61506800
61506716
61505429
61506654
61537152
61506632
61505032
61506833
61506671
61536977
61506946
61506546
61506931
61504820
61506659
61504886
61505750
61507005
61505160
61506337
61505374
61507297
61538009
61507335
61507271
61507440
61505288
61506212
61507226
61506048
61505371
61507202
61537816
61507405
61506982
61507504
61506209
61537592
61507329
61507261
61537674
61507276
61507218
61507614
61506429
61537966
61506896
61538305
61507040
61507829
61538381
61507591
61507790
61506666
61508034
61538768
61508291
61507983
61506808
61538717
61507185
61508444
61538993
61507150
61508505
61508483
61538882
61508567
61508386
61508846
61507473
61539392
61508730
61507304
61508982
61507770
61506917
61508872
61508674
61509155
61507864
61507042
61508954
61507288
61509000
61507959
61507712
61508685
61507459
61509222
61509184
61508965
61509363
61511627
61512801
61512419
61512636
61511012
61512775
61512830
61511132
61542780
61512411
61512929
61511966
61511130
61513202
61511472
61513232
61512171
61511171
61513632
61511519
61543608
61512532
61513436
61512289
61543617
61513569
61513132
61513541
61512414
61514092
61543988
61513498
61512082
61513808
61512838
61512569
61513826
61544557
61513984
61513657
61514035
61513642
61512085
61514053
61513332
61512145
61514105
61512709
61512736
61512648
61512079
61514202
61544412
61514187
61514362
61514449
61513237
61544629
61514402
61512811
61544658
61514130
61512696
61514446
61513172
61544777
61514370
61513035
61513046
61513273
61544972
61514564
61513390
61512804
61514791
61545439
61515008
61514287
61513039
61514962
61514350
61513660
61513734
61545692
61515426
61515026
61515524
61514390
61515652
61545957
61515565
61515460
61515602
61514363
61513586
61515426
61515312
61515479
61546082
61515638
61515923
61514434
61515854
61514319
61515628
61515854
61515941
61514578
61546461
61516010
61515798
61516378
61515411
61514262
61516145
61514596
61516295
61515523
61514227
61514979
61546371
61516177
61515042
61516630
61546454
61516274
61515950
61514747
61516176
61546846
61516239
61515867
61516378
61516307
61516295
61515035
61514737
61516139
61514630
61516455
61515294
61514636
61514699
61516391
61516663
61516547
61516508
61516381
61547032
61516758
61516684
61516459
61516796
61516044
61515526
61515582
61514839
61516737
61547193
61516338
61516510
61515225
61515607
61547188
61516960
61516998
61515430
61515606
61547294
61516952
61517110
61517143
61516010
61515720
61515683
61516783
61517102
61515910
61517090
61515820
61547297
61517000
61515528
61517319
61517019
61517397
61516075
61515294
61517169
61547815
61516678
61517205
61517408
61516135
61547537
61517671
61517142
61517579
61516572
61515538
61517288
61517735
61516817
61519475
61517682
61516661
61517910
61517821
61517897
61548384
61518253
61517636
61516382
61519277
61519644
61518884
61519077
61518308
61518638
61519904
61518733
61550148
61520133
61518314
61520143
61518920
61550547
61520474
61550666
61520278
61520178
61550429
61519544
61519999
61518748
61518972
61518863
61520639
61520669
61551074
61520611
61519017
61520866
61519516
61520085
61519388
61550968
61520774
61519100
61520901
61520279
61518994
61520905
61519362
61521126
61519732
61519099
61520956
61520940
61551320
61520977
61551589
61521303
61521030
61521328
61520166
61521582
61551943
61520443
61520358
61521540
61519830
61521682
61520985
61520453
61519749
61521727
61521790
61522030
61521981
61520720
61520531
61520425
61520800
61519968
61521990
61552534
61522179
61521958
61522212
61521492
61521090
61520989
61552535
61522397
61520741
61522563
61521789
61521317
61522620
61521236
61521404
61520636
61522593
61553049
61522796
61520550
61522833
61521189
61522935
61521773
61520934
61522980
61553576
61522605
61522718
61523243
61522904
61521480
61522152
61522584
61523259
61553605
61523632
61553725
61523287
61523282
61523242
61523486
61523179
61523645
61522088
61554050
61523613
61554408
61523911
61523656
61523993
61523176
61521982
61523963
61554587
61524255
61524136
61524151
61522840
61522121
61524060
61554376
61523562
61523857
61524177
61523083
61522740
61524228
61524352
61522784
61522936
61554670
61524307
61555003
61524623
61524512
61554802
61524429
61554939
61524631
61524222
61524614
61524573
61524636
61523448
61555008
61524815
61523122
61524936
61523670
61524799
61522642
61523486
61524205
61523333
61524829
61524758
61525129
61523954
61523190
61525193
61525029
61555519
61525123
61524980
61525337
61525057
61523225
61525048
61523461
61525166
61525345
61523907
61525259
61524541
61524279
61524312
61523926
61524995
61523877
61525487
61525654
61524200
61525599
61523869
61529471
61529564
61528335
61528268
61559764
61529487
61527952
61529715
61528690
61528188
61528388
61559819
61530114
61560228
61529773
61527927
61529728
61528495
61527591
61529623
61560103
61530021
61527522
61527876
61528244
61529015
61529663
61560082
61529893
61528674
61529971
61528642
61560277
61528778
61529979
61529658
61530047
61529898
61560469
61530102
61529740
61529244
61530229
61560690
61530875
61528859
61530609
61530285
61530724
61529635
61530665
61529456
61529212
61530653
61530359
61530942
61529616
61531060
61530315
61530283
61531030
61561622
61531178
61531297
61529200
61529929
61530686
61531638
61530309
61531726
61530581
61530160
61531637
61530010
61531664
61531473
61531765
61531909
61530355
61530442
61561978
61531661
61562114
61531917
61562508
61531230
61562387
61530739
61562516
61532273
61532059
61532334
61530546
61530422
61532268
61531998
61532290
61532378
61530442
61531146
61562757
61532455
61562854
61532585
61531582
61532947
61532900
61532827
61531697
61530810
61532726
61563168
61532269
61531885
61531581
61531908
61532402
61531807
61563353
61533229
61533168
61533094
61531867
61531816
61533212
61531564
61533180
61533051
61533409
61532176
61532184
61532301
61533306
61533580
61533656
61532053
61532373
61531729
61533617
61564251
61533727
61532954
61563973
61533876
61564442
61534031
61533601
61534085
61532873
61534149
61532913
61532098
61564756
61534352
61564637
61534091
61532570
61534282
61533111
61533389
61534143
61532814
61533811
61532816
61534517
61534267
61532607
61532988
61534449
61534217
61534677
61533444
61532721
61534582
61565079
61534212
61534757
61565084
61534773
61533178
61534784
61533068
61534486
61534702
61534872
61565382
61534938
61533912
61535068
61534272
61534874
61533083
61533451
61535306
61535006
61533841
61534014
61565582
61535391
61535114
61535395
61533746
61535547
61534239
61535570
61534217
61534167
61535501
61533826
61535579
61535251
61534094
61534088
61535064
61535848
61534653
61535957
61534748
61535378
61535603
61566168
61536102
61536111
61536163
61535415
61536152
61535383
61534186
61536085
61566535
61536306
61534565
61536291
61534496
61536283
61533944
61566617
61534929
61534405
61566817
61535333
61535358
61535660
61536666
61535317
61535827
61536636
61535891
61534506
61536438
61567008
61536508
61534819
61536569
61536648
61536711
61535939
61535171
61535539
61534748
61536729
61567378
61536802
61535723
61536931
61535831
61536944
61535954
61535348
61535764
61535069
61535505
61537070
61536941
61537213
61537343
61537304
61535699
61535695
61537499
61537268
61537423
61537643
61537172
61537680
61537237
61536161
61536799
61536253
61567957
61537600
61568063
61537769
61568179
61537033
61535949
61537380
61536572
61536512
61536482
61535855
61536649
61535987
61537852
61568307
61537460
61537886
61538116
61537292
61537980
61536874
61536004
61538012
61536569
61538192
61538367
61538304
61538037
61536955
61538447
61537181
61538430
61538813
61536779
61538487
61536870
61538554
61538611
61538708
61537742
61538580
61568931
61538483
61536894
61536912
61538049
61538984
61537751
61569148
61538920
61569300
61538918
61538697
61537402
61537801
61536962
61539086
61569755
61539167
61537608
61539481
61539230
61537176
61537887
61569466
61539184
61569568
61539558
61539135
61570097
61538362
61537667
61537604
61539367
61539806
61539739
61539953
61538874
61540016
61538790
61570336
61540054
61538540
61540347
61540010
61539008
61539033
61538536
61539093
61538560
61570884
61540098
61540616
61540176
61540612
61540702
61539124
61539276
61539586
61540776
61540564
61539728
61539355
61539740
61540299
61539643
61571261
61540973
61539355
61541193
61541300
61541384
61540461
61539275
61539965
61571739
61540775
61539841
61541615
61541195
61541606
61541668
61541622
61540365
61539554
61540186
61541263
61541574
61541191
61541733
61541279
61541787
61541319
61541707
61540055
61541736
61541511
61541950
61541178
61539879
61541818
61572466
61541864
61541615
61542102
61542175
61542064
61540927
61572450
61542120
61572335
61542678
61572677
61542192
61572607
61540121
61540828
61572478
61542121
61542183
61572736
61542233
61540609
61542338
61541993
61542402
61541329
61542565
61572594
61542218
61541440
61542341
61542945
61572897
61546673
61577132
61546226
61544982
61546954
61546062
61546799
61545617
61544737
61545489
61577297
61546993
61577417
61546906
61545265
61547175
61545452
61545991
61545084
61545929
61545145
61545924
61545260
61545892
61577532
61547137
61547745
61547405
61577972
61547537
61547237
61547656
61546540
61546256
61546573
61545703
61545565
61577890
61546513
61547406
61547116
61547898
61547669
61547938
61578405
61547835
61578248
61547597
61547356
61546347
61548001
61547850
61548331
61578895
61578488
61578741
61547634
61546754
61548394
61546808
61548651
61546982
61548725
61547592
61548892
61547625
61549008
61549197
61549130
61548320
61547010
61547847
61547084
61549122
61579565
61548991
61548251
61549236
61547468
61547650
61548009
61548537
61548042
61579664
61549357
61579784
61549647
61548590
61549598
61549486
61549662
61548566
61549722
61548438
61548524
61548618
61549023
61548638
61548736
61550026
61548508
61550100
61549758
61549517
61548343
61550401
61580452
61550347
61580745
61550478
61580883
61550583
61581245
61550558
61550764
61550595
61580929
61550543
61581130
61550853
61549188
61550934
61551082
61549296
61550730
61548735
61549562
61548979
61549054
61549161
61551257
61581198
61550726
61581350
61550898
61550598
61550938
61550991
61549908
61550015
61549453
61550154
61581633
61551097
61581756
61551230
61581697
61551368
61549741
61551518
61551122
61551719
61551468
61582008
61551740
61549945
61551660
61551449
61551748
61550563
61549704
61550668
61582241
61550801
61552005
61582409
61551491
61550308
61551914
61551641
61582280
61551312
61552124
61552340
61552119
61552123
61552234
61550947
61582387
61552075
61582774
61552322
61550644
61552533
61551205
61552594
61552571
61552535
61552676
61552578
61582626
61582992
61552332
61552663
61550767
61551564
61550831
61551549
61583336
61550784
61583216
61552860
61583524
61552517
61583556
61552957
61551268
61553069
61552721
61553037
61551678
61553203
61552135
61551992
61552040
61552660
61552064
61552079
61552511
61552064
61552072
61552104
61553452
61583728
61551139
61583933
61553896
61583826
61553338
61583981
61553712
61583917
61553322
61553319
61552907
61552051
61553756
61553507
61553796
61552100
61553963
61553950
61553887
61552726
61551822
61552563
61584096
61553814
61551768
61552595
61584187
61552459
61554284
61553893
61553669
61553999
61552801
61584257
61553922
61584487
61554047
61584391
61554224
61552473
61554219
61554138
61554368
61553170
61554566
61553316
61554513
61553411
61552918
61553379
61553377
61554766
61554927
61554891
61554892
61554699
61553698
61554763
61554990
61554915
61554766
61554049
61553658
61553574
61552718
61553001
61553946
61554830
61553236
61554876
61553101
61554888
61553103
61554955
61554522
61554674
61553701
61553054
61553810
61553872
61554276
61554944
61555145
61553737
61555181
61554498
61553808
61554139
61555200
61585440
61555179
61585608
61555758
61585897
61555841
61585718
61555641
61585927
61555031
61554050
61555717
61555534
61555915
61555635
61555959
61555597
61555995
61555599
61555973
61555949
61557422
61555768
61557080
61557967
61556829
61588297
61558268
61588607
61558273
61558288
61558265
61556498
61558165
61556331
61588605
61556608
61558176
61558536
61557747
61557339
61557155
61558719
61556298
61556450
61557298
61556616
61588908
61558456
61558703
61558430
61558815
61558966
61559039
61557758
61559274
61589061
61558445
61558905
61559056
61558918
61558162
61557736
61558958
61558682
61559217
61558046
61559257
61558309
61557257
61557958
61589586
61559239
61557846
61559709
61559187
61557544
61559093
61589644
61559282
61589900
61559499
61559620
61559605
61558447
61557519
61559380
61589970
61559237
61559502
61557416
61558267
61558374
61558001
61558297
61589940
61559620
61558213
61558961
61558265
61558612
61590172
61559815
61590265
61559181
61557632
61559892
61560108
61560007
61559235
61557939
61558708
61590251
61560246
61558468
61560084
61560158
61559499
61558624
61590472
61560238
61590734
61560380
61560155
61558801
61558992
61590651
61559265
61558559
61559137
61590905
61560460
61559026
61560793
61559547
61559441
61559758
61591494
61561111
61591657
61561133
61560809
61561259
61561290
61561374
61560226
61561301
61591596
61561226
61559417
61591701
61560227
61559440
61560075
61559411
61560208
61560051
61560440
61559488
61560288
61559552
61561464
61592209
61560953
61561374
61561810
61561486
61561871
61561967
61561935
61561976
61561988
61561922
61592406
61561958
61560674
61561963
61560353
61562062
61562131
61562123
61560811
61561226
61560680
61592164
61561970
61592565
61562090
61561831
61562253
61562139
61560916
61592423
61592698
61562008
61592415
61561952
61562302
61592536
61561374
61561050
61560722
61561162
61560439
61561020
61592652
61561471
61597547
61566907
61567347
61597745
61566604
61565543
61567303
61565628
61567268
61566961
61567394
61567472
61567505
61566286
61566187
61566202
61565456
61566150
61597908
61567739
61567447
61566795
61566444
61565948
61566354
61598038
61567669
61566217
61567973
61566836
61566925
61566570
61566054
61568030
61598686
61568176
61598647
61568161
61566459
61568311
61568411
61567120
61567204
61598592
61568857
61598928
61567958
61566468
61568237
61566757
61566337
61568535
61568594
61568550
61568548
61567216
61568748
61568903
61599083
61567174
61567693
61569065
61568155
61599324
61568902
61569016
61568828
61569144
61569183
61567100
61567903
61567290
61569124
61599312
61569014
61599686
61569060
61568835
61569223
61569264
61569218
61568552
61567293
61569192
61599835
61569429
61567662
61569429
61568165
61569497
61567753
61568190
61568649
61568322
61567463
61569529
61600297
61569814
61569507
61569796
61568087
61568448
61569520
61599767
61570049
61600235
61569722
61569641
61569796
61570070
61569888
61569642
61570047
61568958
61568298
61570173
61568680
61568904
61570256
61569935
61570368
61570351
61570336
61570418
61570454
61569218
61568311
61570209
61600710
61570289
61600871
61570783
61568735
61570454
61570167
61570504
61569107
61568470
61569386
61568623
61569269
61568656
61570637
61601152
61570860
61569120
61571017
61570949
61569456
61569557
61601240
61570880
61601333
61570960
61570824
61571325
61570048
61569192
61601269
61570090
61569786
61571474
61602040
61571462
61571336
61571724
61571425
61601889
61571393
61601932
61571951
61602079
61571534
61571625
61569641
61570547
61569625
61571300
61571549
61602049
61572077
61602190
61571765
61570076
61571764
61572055
61570227
61570892
61570700
61570615
61570701
61570836
61570038
61571975
61602430
61572154
61602759
61572208
61571908
61572262
61572499
61572669
61571326
61570531
61572406
61602666
61571290
61571328
61571175
61571655
61571253
61602730
61570755
61571796
61572437
61602784
61572960
61570901
61571868
61572815
61572899
61572871
61572928
61571719
61603295
61572898
61603117
61572965
61572712
61573097
61573159
61571621
61573101
61571412
61573144
61573415
61573304
61603554
61573143
61603671
61573696
61603701
61571204
61572964
61573406
61573250
61573593
61573693
61572080
61603785
61571572
61572492
61573528
61572241
61572039
61572209
61603721
61573545
61604149
61573710
61573431
61573403
61573913
61573925
61573997
61574060
61572941
61572733
61573204
61572229
61573852
61604375
61573919
61604204
61573901
61604402
61573996
61604561
61574219
61574248
61573487
61573020
61572092
61572950
61604541
61604492
61572765
61574542
61572613
61574491
61572856
61574588
61573050
61574662
61572949
61574860
61574850
61605252
61574753
61574691
61574891
61573777
61572918
61573612
61605268
61575023
61605604
61575043
61574712
61575193
61574175
61573735
61574274
61573356
61574782
61573926
61575363
61575031
61575443
61575385
61575346
61605515
61575246
61605692
61574305
61575540
61606038
61574314
61573516
61575465
61573591
61574299
61573734
61575656
61606112
61575742
61606195
61573706
61574725
61575950
61575157
61574821
61575869
61606563
61576370
61606937
61576190
61606895
61576284
61576272
61574933
61575727
61576641
61575310
61574478
61575381
61576015
61576830
61607372
61576178
61577038
61576208
61606995
61575155
61607023
61576667
61607066
61576706
61607333
61576698
61607418
61576874
61607407
61576859
61576730
61576875
61575159
61576843
61575130
61606951
61576689
61576957
61575724
61575478
61575873
61577077
61607441
61577021
61575404
61577034
61575345
61577266
61577118
61577126
61575413
61577347
61576581
61577328
61576085
61575335
61577271
61607719
61577359
61607823
61577909
61607703
61576327
61608002
61577525
61576038
61577815
61577354
61577736
61576266
61577761
61577263
61577726
61576064
61578184
61576341
61577922
61576633
61577778
61576319
61577948
61577912
61576484
61577846
61576109
61577889
61576677
61578145
61578133
61576272
61576973
61576308
61577153
61577663
61577148
61608665
61578396
61608745
61578361
61608849
61576477
61578699
61578660
61577488
61608780
61578591
61578760
61577378
61578668
61609188
61578582
61609319
61577191
61609227
61578970
61609576
61579350
61578255
61579364
61609689
61579394
61609929
61579533
61610151
61579730
61610068
61579592
61579278
61579711
61579438
61579847
61578494
61579866
61610305
61579167
61579397
61581714
61580023
61578587
61578859
61579945
61610304
61579951
61610382
61580028
61578612
61580266
61579993
61580576
61578586
61580284
61578605
61580218
61578594
61580388
61580033
61580507
61579487
61580475
61579215
61578506
61579241
61579810
61580233
61580401
61578946
61580441
61580179
61580611
61579764
61580525
61580676
61580776
61580443
61580778
61580875
61580764
61579483
61579470
61579553
61579955
61579470
61578793
61579387
61611091
61581207
61611057
61580983
61611370
61580810
61579329
61580880
61579134
61579594
61579475
61579014
61579571
61580294
61579902
61579862
61579877
61579059
61579824
61580298
61579848
61579060
61579706
61580324
61579917
61580326
61611399
61580284
61580291
61581223
61580443
61579460
61581278
61611617
61581332
61611616
61581857
61611881
61581524
61611959
61581710
61581348
61581941
61580651
61580309
61580691
61581051
61611927
61612045
61581684
61612135
61582184
61612266
61582159
61612177
61581609
61587332
61586809
61587135
61585459
61587291
61585993
61585263
61587124
61617577
61587164
61617806
61587514
61585322
61617845
61587396
61617656
61587460
61617987
61587530
61587038
61587508
61587792
61587750
61587429
61587930
61587510
61587946
61587595
61588096
61587153
61586673
61586643
61587225
61586638
61585926
61586553
61618095
61587947
61618536
61587987
61618464
61588163
61618562
61588137
61586418
61588219
61587908
61586835
61586964
61586309
61586829
61618696
61588313
61619060
61588404
61588147
61588287
61618836
61588410
61618938
61588637
61618994
61588684
61586991
61588600
61619129
61588701
61586937
61588762
61588817
61586895
61587545
61588370
61587435
61589006
61619294
61589286
61619193
61588857
61619193
61589452
61619213
61589276
61619689
61589383
61619641
61589321
61588972
61589453
61589580
61589514
61588346
61589578
61589490
61589519
61589147
61589439
61587825
61588307
61588345
61588350
61587566
61588321
61619833
61588214
61619972
61588346
61619991
61589574
61620407
61589794
61620457
61589260
61620268
61589724
61620047
61589727
61620135
61589596
61587917
61589885
61620114
61589884
61620129
61589848
61588245
61589998
61590128
61588344
61588781
61588058
61588869
61590016
61590201
61588862
61590258
61589575
61589221
61590246
61620632
61590297
61620697
61590908
61620809
61590588
61621025
61590498
61620897
61590740
61588948
61590691
61588985
61590656
61590369
61591010
61590970
61590924
61590990
61591019
61589821
61591169
61590226
61589760
61590749
61621339
61591305
61621340
61591197
61621519
61590981
61621535
61591360
61621429
61590815
61621309
61590831
61621443
61591010
61589297
61591002
61621339
61590940
61621377
61591421
61621416
61591197
61589357
61591397
61590683
61591167
61621749
61591239
61589566
61589849
61590545
61589985
61591501
61621753
61591524
61589732
61591584
61591438
61591675
61591252
61591640
61591268
61591605
61589796
61591613
61591310
61591575
61591494
61591786
61590148
61591802
61590195
61591756
61591663
61590522
61591107
61591943
61591174
61592082
61591361
61592194
61591033
61590921
61591926
61591342
61591352
61592188
61592168
61592300
61590182
61622699
61622723
61622883
61590683
61590667
61590723
61592120
61592461
61622936
61591424
61591000
61591320
61591607
61592554
61622895
61592616
61592708
61591040
61592772
61592606
61592922
61592676
61593105
61592754
61593026
61592811
61591776
61593306
61593205
61593305
61591328
61592170
61591516
61592141
61592063
61592178
61593389
61592218
61591917
61592145
61593363
61592338
61593389
61592617
61593405
61592052
61593106
61593470
61623765
61592451
61592842
61592450
61592513
61592719
61591843
61592742
61591934
61592912
61592355
61592990
61592504
61592869
61594016
61592117
61593416
61594092
61624570
61592759
61624418
61594154
61624551
61594194
61624698
61594816
61624816
61593162
61594374
61624757
61594339
61624884
61594321
61624926
61594622
61624830
61594511
61624879
61624985
61593435
61594612
61594828
61594836
61625042
61625214
61593780
61593689
61593769
61594321
61594227
61593944
61594543
61625630
61595090
61593438
61595140
61595308
61595386
61595105
61595596
61594442
61593589
61594280
61593571
61594282
61595753
61594661
61593858
61595608
61626011
61595812
61597673
61596023
61595668
61596291
61595906
61596250
61594765
61596237
61594621
61596278
61626748
61596393
61594677
61595631
61594789
61596381
61596243
61596385
61626962
61597160
61627071
61596789
61627146
61596723
61627055
61595343
61594751
61595575
61595716
61595756
61595805
61595858
61595557
61627161
61627161
61595768
61595137
61595979
61595164
61627538
61627598
61596025
61597308
61627870
61597297
61627849
61597514
61599197
61597740
61598534
61599079
61598847
61599225
61598750
61598915
61598786
61600035
61599807
61600043
61598480
61600080
61630821
61600211
61630554
61600094
61630756
61600212
61630855
61600228
61630561
61598820
61600306
61598957
61598886
61599206
61600302
61599790
61599288
61598528
61599134
61598654
61599325
61598544
61599375
61600531
61599479
61599710
61599407
61600683
61600437
61600654
61600656
61600846
61600456
61600961
61599824
61600980
61599768
61601030
61600586
61600878
61599213
61600894
61600642
61599501
61599930
61601046
61601194
61601083
61600075
61601051
61601236
61601300
61600235
61600550
61600134
61601506
61600339
61599918
61600262
61601227
61600398
61601821
61600537
61601936
61600625
61601925
61600754
61601938
61600889
61601981
61601561
61601826
61632273
61600625
61600388
61601672
61632080
61601883
61603798
61602226
61600177
61601388
61602400
61600516
61602197
61600403
61600928
61632882
61602242
61632714
61602293
61632757
61602261
61632858
61602421
61632949
61602549
61632954
61602589
61600626
61601258
61600642
61601346
61600744
61602632
61633008
61602777
61633176
61602835
61603160
61601838
61603255
61602551
61602133
61602254
61602717
61602482
61601914
61602760
61602239
61602555
61602063
61602557
61602959
61602375
61601663
61602487
61602400
61603729
61601867
61602743
61601959
61603308
61603983
61634241
61603358
61634823
61603150
61604034
61602897
61603100
61603129
61603089
61603145
61603690
61603322
61602602
61603269
61603573
61603508
61603166
61604717
61603484
61603896
61605015
61605012
61604990
61605373
61605036
61604863
61635383
61604770
61604981
61635590
61605056
61604161
61605331
61635738
61605414
61605087
61603333
61604342
61604035
61604390
61605625
61604860
61605829
61604895
61605661
61604527
61605844
61605794
61604715
61605991
61606163
61606226
61605258
61604206
61605003
61606365
61606073
61606494
61604952
61605388
61606467
61604710
61606305
61604729
61606417
61637117
61606874
61636885
61605301
61604751
61606460
61604914
61605794
61606740
61606823
61606886
61605407
61606748
61604999
61606834
61605107
61606928
61637236
61606260
61606997
61637519
61606884
61605793
61606710
61607091
61637326
61606875
61637315
61606851
61637341
61607236
61637549
61605904
61605205
61605955
61605661
61606156
61607220
61606212
61607352
61607464
61607415
61606971
61607353
61607046
61607335
61637874
61613164
61643668
61613191
61612945
61613214
61612664
61612259
61613470
61611483
61612334
61612150
61612432
61611747
61612523
61612517
61612779
61612409
61613166
61612323
61612756
61613981
61614091
61614045
61612764
61613907
61612283
61613861
61613846
61614130
61614223
61614218
61612315
61644529
61644516
61613119
61614409
61614131
61614176
61614638
61644724
61614477
61644957
61644709
61614627
61614057
61644944
61614408
61644885
61614429
61644894
61614459
61612491
61613270
61612729
61613526
61612715
61613563
61614860
61614939
61614906
61645209
61614954
61613183
61612923
61614316
61614948
61615333
61645457
61613975
61613102
61645620
61613921
61614637
61645761
61614158
61614583
61615493
61615254
61615461
61645828
61615490
61645698
61614838
61614071
61615579
61646230
61614339
61613747
61614622
61613883
61615051
61614245
61614297
61646136
61614224
61613563
61614435
61615800
61615850
61646025
61614505
61613769
61614562
61613795
61614855
61614267
61615332
61616246
61615426
61616218
61614111
61616142
61615962
61616196
61646686
61616223
61646491
61615100
61614336
61615321
61615336
61615832
61614831
61615350
61616516
61646804
61615237
61646684
61615280
61614613
61647281
61616676
61647222
61616860
61647137
61616975
61615780
61615615
61616897
61615466
61617019
61617146
61617008
61616933
61615406
61616974
61617167
61647785
61617162
61647605
61617235
61647597
61615899
61615742
61616595
61617356
61616219
61617444
61617612
61617532
61617256
61617524
61648112
61617485
61617745
61617753
61617512
61648039
61617525
61647909
61616105
61615554
61616487
61617674
61617901
61617827
61617513
61617741
61648311
61617590
61616058
61618026
61648245
61616425
61648420
61616876
61618080
61617855
61618247
61618371
61618311
61616741
61617501
61616683
61618425
61649024
61618840
61618636
61616971
61618762
61649239
61618697
61649196
61617529
61618156
61617689
61618097
61617681
61617623
61617892
61617122
61618138
61619147
61618003
61619187
61618432
61617712
61618179
61619404
61619555
61619406
61617734
61619033
61619468
61619363
61617661
61618972
61649854
61619386
61619609
61618216
61619499
61649985
61618472
61621517
61619586
61617993
61618918
61619767
61619368
61619735
61650160
61619686
61649965
61618317
61617736
61619713
61650086
61619702
61650243
61619646
61650168
61619744
61617776
61618744
61619905
61650460
61620016
61650278
61620013
61650317
61618749
61620166
61650150
61650346
61619008
61620284
61619362
61620365
61618669
61620323
61620372
61620418
61650917
61620244
61650618
61619042
61618474
61619264
61618562
61619437
61620275
61619371
61618744
61619462
61619322
61620852
61620867
61620892
61620839
61620470
61620834
61651206
61620769
61651073
61619438
61651279
61619707
61621247
61621173
61621235
61651668
61619989
61619216
61620294
61621498
61621564
61620081
61620534
61621681
61621712
61621659
61621328
61621607
61621776
61621805
61621888
61652316
61621703
61652012
61620597
61619896
61622182
61622071
61652632
61622073
61652382
61622492
61621203
61622386
61622342
61622276
61620525
61621659
61621247
61621832
61652796
61622389
61622900
61622476
61653047
61621402
61621108
61622901
61621107
61622007
61622819
61652857
61652986
61621578
61622884
61622557
61622941
61653261
61623030
61622634
61622967
61653582
61653118
61621158
61622884
61653287
61621740
61621895
61622060
61621819
61621689
61623219
61653656
61621888
61623356
61623425
61623399
61653651
61622960
61623192
61625080
61623253
61623489
61623120
61623457
61653877
61623341
61621496
61622197
61621652
61622527
61623647
61621879
61623536
61621960
61623613
61654074
61623586
61653911
61622223
61621706
61622421
61621637
61622815
61623798
61622610
61623982
61623514
61623806
61621754
61623820
61624090
61654459
61624076
61654563
61622884
61623467
61623144
61624375
61624268
61654540
61623129
61624432
61624505
61624592
61623359
61624458
61624314
61622704
61623532
61623324
61624915
61623031
61624230
61655359
61624866
61622984
61655293
61623957
61623689
61625069
61624543
61624343
61623791
61624645
61625590
61625546
61625654
61624013
61625677
61656193
61625645
61655784
61624184
61623632
61624464
61624550
61624706
61625927
61625818
61625799
61624134
61625737
61624222
61625295
61625993
61625645
61625944
61623919
61656374
61626211
61626079
61625878
61626239
61656577
61626175
61656849
61626426
61624523
61624910
61624450
61626645
61626520
61624800
61625763
61624751
61626555
61626279
61626763
61625040
61626372
61657347
61626998
61657369
61627442
61657621
61627007
61627152
61657544
61627072
61657560
61627024
61657424
61625767
61625802
61626590
61625788
61626668
61625991
61625998
61625705
61626265
61627613
61627569
61627575
61658152
61627478
61657895
61626153
61626055
61626838
61627634
61627679
61627674
61626053
61627560
61657985
61626357
61627703
61626512
61627994
61627515
61627971
61627263
61628101
61658448
61628480
61658395
61627983
61658334
61626787
61626273
61627459
61626841
61627550
61628252
61626502
61628289
61626958
61626971
61626293
61627258
61628486
61628610
61628590
61626377
61628500
61628416
61626653
61626979
61628635
61628695
61628536
61626732
61659305
61627346
61628937
61659165
61627712
61628910
61628541
61629049
61627312
61629045
61659595
61629167
61659683
61659263
61627437
61629350
61627435
61628060
61628215
61629484
61629448
61629128
61629199
61627429
61628246
61628670
61628851
61659925
61628344
61627795
61629005
61629961
61629483
61629140
61660452
61629897
61660257
61629993
61660174
61629910
61628038
61630032
61629384
61630328
61630316
61628681
61630533
61628844
61630372
61630185
61629188
61630731
61630008
61629219
61661038
61629385
61629958
61630057
61630907
61630545
61630755
61629138
61630840
61661186
61661199
61629722
61629891
61629971
61629619
61630335
61631308
61630488
61631235
61630890
61631193
61629562
61661578
61630797
61631329
61661545
61631346
61629433
61630449
61631632
61631684
61631744
61629884
61631120
61661895
61630367
61630829
61630527
61631923
61631855
61631836
61662188
61631736
61631030
61631923
61630156
61631864
61630349
61632028
61662498
61631911
61662491
61630617
61630559
61632239
61631957
61632136
61630488
61632094
61632001
61632344
61662742
61632101
61662589
61630926
61631102
61632156
61632325
61662645
61632236
61662583
61631106
61630906
61632194
61631318
61631763
61632514
61632220
61632584
61663233
61632567
61662954
61631478
61630673
61631566
61632073
61632056
61632916
61632992
61633093
61631367
61632652
61663487
61633405
61663365
61631875
61631989
61632533
61633369
61632274
61633560
61633273
61633477
61664119
61631535
61664015
61632494
61633784
61664317
61633984
61633873
61633565
61633956
61664530
61633847
61633830
61634125
61633705
61634090
61664626
61634006
61664347
61632771
61632291
61634349
61634361
61639133
61640889
61671429
61640821
61638853
61639749
61641063
61640219
61640655
61639826
61641019
61639484
61641237
61639596
61641301
61671760
61641249
61671716
61641338
61643055
61640612
61639910
61641424
61671818
61640240
61640306
61640864
61641515
61639703
61641658
61672039
61642085
61639447
61640343
61640303
61671844
61671941
61640529
61640204
61640958
61640356
61640442
61641855
61641907
61641967
61640665
61641869
61640648
61642023
61672593
61640982
61642101
61672473
61641982
61672342
61640865
61641236
61642317
61642185
61672824
61642184
61672653
61642331
61641170
61641163
61641147
61642728
61642644
61640969
61642178
61673166
61642817
61673086
61673036
61640825
61642185
61644748
61645222
61675668
61645167
61675890
61645739
61644222
61644141
61644778
61645778
61645314
61645658
61645548
61645635
61643701
61644686
61645918
61646191
61646237
61645852
61644680
61676668
61645364
61646544
61645191
61646751
61644936
61646651
61677266
61647225
61645507
61646639
61645878
61645240
61646503
61644574
61645483
61646892
61646277
61646005
61676886
61645180
61644502
61645412
61646651
61646244
61646643
61677060
61646428
61676889
61645208
61645763
61645478
61646634
61644853
61677118
61645719
61646827
61644967
61646723
61646790
61677048
61646563
61677011
61645252
61644630
61645662
61646876
61646442
61646843
61677226
61646880
61646960
61645540
61646984
61647186
61646439
61647298
61647262
61677581
61647238
61645318
61645899
61647483
61646879
61645909
61647011
61647324
61677782
61647371
61645655
61647414
61677936
61645326
61647695
61645859
61647521
61646862
61646964
61647739
61678313
61647544
61647052
61646496
61646449
61647619
61646351
61648303
61678173
61646636
61648131
61646505
61647410
61647997
61648014
61646564
61648224
61678412
61648322
61648310
61646598
61648444
61678516
61647092
61648618
61648387
61648624
61648156
61647929
61679053
61647395
61648774
61648464
61648650
61647224
61648902
61647155
61648925
61679464
61679264
61647287
61648973
61647892
61648314
61649123
61649250
61649286
61648842
61649203
61679906
61649288
61648181
61679920
61648389
61649668
61679941
61649309
61647399
61648312
61649502
61649602
61648336
61648385
61649894
61649580
61649694
61647504
61649519
61649800
61648701
61648191
61649903
61649306
61649244
61650176
61649759
61650058
61680430
61650092
61680417
61648870
61648192
61649280
61650456
61649276
61680459
61649121
61680826
61649455
61650587
61681049
61649266
61648701
61649546
61650771
61649507
61649134
61649523
61650850
61681219
61650764
61681259
61651390
61651031
61681477
61651000
61649104
61649781
61651228
61650357
61651172
61649820
61651186
61651344
61681855
61651327
61681754
61650039
61650960
61650810
61651742
61681687
61682054
61651294
61651836
61681974
61650409
61650540
61650634
61651917
61650197
61651865
61682426
61650639
61650098
61650844
61652195
61651967
61652079
61652264
61650719
61682623
61650622
61652382
61651088
61650976
61652485
61652260
61652453
61682793
61651122
61651188
61651289
61682800
61650893
61652493
61650740
61651985
61652961
61652849
61652765
61650980
61652787
61683103
61651508
61683122
61652929
61652223
61651511
61653006
61651731
61650923
61652289
61653098
61651316
61653121
61683773
61652991
61652421
61652053
61651605
61651967
61653328
61683654
61653017
61651299
61652188
61652056
61653458
61653494
61651678
61653318
61651701
61653314
61652754
61652434
61653727
61652388
61653616
61683778
61652179
61651679
61651753
61653404
61652738
61652612
61653697
61653264
61653494
61651881
61653569
61651928
61654032
61683979
61652353
61651819
61652731
61653946
61653441
61653101
61653627
61653887
61651897
61653513
61653802
61684144
61652217
61684341
61653886
61654277
61684509
61652974
61654312
61654371
61654393
61652666
61654173
61684611
61652824
61653383
61653441
61684446
61653119
61654365
61684788
61654234
61684607
61652930
61653650
61653346
61654657
61653800
61653442
61653884
61654843
61653350
61654647
61652886
61654669
61653052
61654805
61685246
61654593
61684993
61653405
61654047
61654040
61654914
61652807
61652859
61654698
61654861
61653271
61655219
61685385
61655037
61685429
61653815
61653664
61654088
61655326
61653479
61655581
61685335
61653922
61655188
61654515
61655290
61685650
61654932
61655088
61653416
61653733
61653624
61654064
61655425
61653753
61655407
61686083
61655376
61653572
61653978
61655527
61686013
61654568
61655913
61655168
61656028
61686366
61655748
61686012
61654535
61655096
61655034
61655995
61686124
61653329
61685927
61654370
61655632
61655684
61655726
61655266
61655743
61655626
61655817
61654673
61656034
61656162
61656033
61656271
61686540
61656342
61656223
61656171
61654217
61655130
61686567
61655335
61656614
61656652
61686651
61687149
61656490
61654672
61655339
61655939
61655942
61655003
61656088
61656655
61655862
61655337
61656832
61656914
61656793
61655278
61656916
61656826
61656909
61657046
61657169
61657113
61687632
61657571
61687699
61655805
61656531
61687451
61687705
61657064
61657119
61687639
61656194
61655503
61656515
61657839
61657696
61656259
61656243
61657473
61655553
61656626
61656309
61656756
61657967
61688372
61658367
61688329
61657935
61659898
61657048
61658133
61688748
61656391
61688483
61657303
61656650
61657203
61657276
61658746
61688642
61657331
61658689
61657818
61688956
61688970
61657549
61657115
61657133
61657782
61657800
61659090
61689609
61659171
61689464
61657733
61658212
61658361
61659193
61659283
61659121
61689614
61659104
61689481
61657614
61658344
61657966
61658052
61659000
61659417
61656939
61657814
61689419
61689648
61657968
61657838
61658120
61659321
61659373
61659361
61659132
61659242
61657826
61659069
61659372
61689909
61659522
61689745
61658249
61657574
61658835
61659728
61658111
61659840
61658175
61660031
61690132
61659826
61690220
61658750
61658724
61658804
61658791
61659798
61659989
61658864
61658691
61659892
61660013
61658091
61659775
61690179
61658550
61658345
61659895
61659763
61658572
61658556
61657868
61659180
61660088
61659295
61659502
61690706
61660138
61658160
61659169
61660415
61658688
61660386
61691026
61660550
61658490
61659502
61659085
61659818
61660579
61690965
61659704
61660788
61660731
61661003
61691161
61660930
61691108
61659355
61659339
61661002
61660850
61660881
61660777
61690899
61659982
61660764
61691180
61660704
61691134
61659414
61659377
61660148
61661107
61659223
61660897
61659304
61661023
61661175
61659156
61661276
61660467
61660264
61660169
61661408
61660589
61660131
61661592
61691799
61661336
61691778
61660205
61659568
61660511
61660192
61661548
61659836
61691856
61661586
61661255
61661109
61692164
61661595
61661035
61660939
61661792
61660004
61661438
61692228
61660501
61661111
61661094
61661978
61661982
61661799
61692241
61660745
61660914
61661016
61662056
61692465
61662667
61692480
61662267
61692610
61661284
61661432
61661564
61662604
61662683
61662647
61660859
61662523
61692825
61661366
61661049
61662561
61662731
61662312
61662836
61661119
61662659
61660809
61661882
61662242
61661355
61662764
61662952
61662827
61662688
61664491
61662895
61693316
61661742
61661081
61661956
61663202
61663452
61663386
61661577
61663511
61693486
61662057
61661825
61662190
61662225
61662374
61663578
61661903
61662808
61693764
61663409
61661513
61662262
61662095
61662392
61663901
61662161
61662598
61663864
61663553
61663599
61694259
61663776
61662166
61661845
61661907
61665648
61664079
61664097
61663970
61664152
61664166
61662189
61663103
61664358
61663385
61664320
61664074
61664233
61664456
61663378
61664672
61662670
61663481
61663703
61695017
61695012
61671489
61672319
61671953
61672215
61702782
61671594
61702750
61671225
61672190
61671676
61672688
61671095
61672593
61674573
61672732
61672866
61672990
61673029
61672268
61671897
61673152
61673201
61673357
61671038
61672522
61671225
61673334
61673280
61703727
61673202
61703510
61673423
61671995
61673606
61673437
61703838
61673617
61704231
61674012
61703924
61671749
61673099
61673857
61673703
61673777
61704417
61673838
61704599
61673942
61704323
61672638
61673938
61673994
61672373
61673228
61704460
61673932
61673238
61673276
61674307
61672852
61674235
61704562
61673895
61673482
61674165
61673653
61673797
61673006
61674498
61674530
61672724
61674378
61704882
61673769
61704987
61674470
61704993
61673508
61673554
61673791
61674882
61674644
61674888
61705537
61674881
61705401
61673686
61675195
61675244
61675136
61705596
61673832
61673720
61674283
61675313
61673391
61674491
61705469
61675158
61705593
61674044
61673830
61675411
61675412
61675095
61675480
61706127
61675586
61706138
61674624
61675790
61706068
61706219
61706241
61674603
61675903
61706275
61675759
61674963
61674567
61675816
61674048
61706068
61674309
61676351
61675275
61674995
61676162
61706620
61674586
61706367
61674767
61676241
61706386
61706603
61675138
61676551
61676096
61675879
61676650
61674811
61675973
61707164
61675332
61676004
61675851
61676865
61676609
61676980
61707492
61677541
61675311
61676871
61707325
61677164
61707588
61675990
61707520
61676871
61677058
61707656
61676116
61677450
61677030
61676612
61707699
61676145
61676123
61677118
61676723
61677596
61675753
61677887
61707891
61676322
61675733
61677018
61677881
61676041
61677821
61708168
61675678
61708385
61676547
61676452
61676735
61677936
61676178
61677920
61676177
61677776
61708136
61676742
61678053
61678122
61678086
61676517
61678027
61676526
61677988
61708727
61678159
61708444
61676882
61676279
61677148
61678349
61677092
61678392
61708676
61708784
61678074
61677747
61678504
61708646
61678332
61676653
61678334
61708694
61677332
61678543
61678636
61678645
61676911
61678647
61708901
61677330
61677269
61709117
61677679
61678928
61679010
61678233
61709179
61677627
61677710
61678603
61677750
61678876
61677646
61679018
61709462
61678803
61676907
61677851
61677670
61709287
61709758
61709717
61679259
61677363
61678139
61679412
61679094
61679479
61709838
61678134
61678731
61678476
61679663
61679453
61679526
61710096
61678157
61679676
61678736
61679500
61709677
61709747
61678974
61679788
61679824
61678197
61680279
61710315
61678780
61680012
61678943
61680124
61710491
61679939
61678094
61678891
61678626
61680013
61680300
61680246
61679079
61680430
61680475
61680651
61710934
61680415
61680504
61678325
61679392
61680477
61678686
61678478
61679583
61680623
61680466
61680714
61680501
61680574
61679456
61679747
61680836
61711176
61680699
61711042
61679579
61681006
61711062
61711605
61681086
61711380
61679963
61681277
61711367
61711656
61680317
61681529
61681317
61681818
61712211
61681589
61679768
61681748
61681791
61712231
61681434
61681493
61681749
61679753
61682015
61680444
61681031
61681868
61681709
61711910
61680604
61681856
61679945
61681711
61712259
61680507
61681969
61683588
61683589
61681852
61683749
61713921
61682551
61683841
61683965
61683929
61682192
61683860
61714461
61683921
61714457
61683993
61714372
61682323
61714662
61683026
61683109
61683414
61684404
61714902
61684374
61683827
61684644
61684776
61684435
61684037
61715129
61684610
61715021
61684661
61682878
61683716
61682884
61683941
61685257
61685111
61685349
61715642
61685051
61683045
61683941
61683801
61715208
61683258
61685380
61685512
61715709
61684253
61715764
61684444
61685505
61684354
61685542
61684677
61685902
61684635
61685788
61716235
61686225
61685118
61684726
61686046
61685585
61685976
61716449
61685846
61716430
61684657
61684572
61685302
61686234
61685814
61686154
61716780
61686086
61716558
61684945
61686485
61686492
61686483
61684598
61685132
61686268
61685343
61686602
61686281
61686696
61717134
61686553
61716998
61685577
61686799
61686956
61686965
61685081
61686813
61717134
61686670
61684678
61685649
61685060
61686977
61686917
61685266
61687098
61717175
61685503
61685490
61685951
61686933
61687034
61685879
61686724
61686951
61687028
61685476
61687102
61685145
61686758
61687068
61686056
61687288
61687403
61685755
61687532
61717711
61687443
61685605
61686614
61687709
61718105
61687985
61685601
61686736
61687910
61687624
61687766
61718249
61687715
61718133
61686735
61686064
61687451
61686704
61688378
61688239
61718785
61688697
61718536
61687150
61688451
61686557
61688135
61686271
61687143
61688498
61688283
61688619
61718993
61688438
61686617
61687418
61688632
61688222
61686767
61687637
61688086
61719080
61687248
61686618
61687637
61688776
61687641
61688583
61687440
61688805
61686811
61687867
61688888
61687151
61688973
61719258
61688742
61689056
61688387
61688105
61689234
61689220
61689071
61719685
61689188
61687213
61688195
61687867
61689439
61687427
61689635
61689595
61719764
61689157
61687810
61689393
61688217
61689617
61689506
61719996
61689478
61719844
61688557
61688613
61688252
61689709
61720157
61688323
61687768
61689183
61689862
61720309
61689745
61720074
61689816
61687893
61688779
61690076
61690154
61690132
61720439
61688054
61720570
61688934
61690490
61690032
61720682
61690380
61690183
61690386
61720750
61689017
61690434
61690462
61690442
61720958
61690388
61720758
61689706
61721014
61690560
61721122
61689402
61689650
61690167
61691099
61689215
61690906
61721277
61689671
61689466
61689967
61691097
61721565
61690813
61689043
61689928
61691126
61690832
61690384
61721383
61721262
61690247
61691456
61721679
61691390
61689453
61690202
61690391
61690379
61691586
61721768
61690228
61721604
61690620
61690188
61689935
61690805
61691665
61722064
61691558
61690851
61690459
61691653
61722017
61691585
61691647
61689796
61690815
61691968
61691644
61691751
61722107
61690441
61690550
61691244
61692029
61722425
61691812
61689873
61690673
61691925
61690075
61691506
61722464
61690589
61692119
61691323
61692039
61690316
61692172
61722580
61692079
61690258
61691052
61690850
61691327
61692395
61692400
61692624
61722737
61691265
61692535
61692652
61692565
61722892
61692401
61691758
61691394
61692512
61690789
61692494
61691477
61692702
61690917
61692584
61690594
61691624
61692756
61690937
61692573
61722911
61691588
61692753
61693006
61691543
61723281
61691820
61693195
61692875
61693072
61690872
61691939
61693031
61692590
61692907
61723275
61691630
61691786
61692147
61693139
61723658
61693563
61723402
61691968
61693402
61693180
61693260
61723656
61693329
61691406
61692254
61691987
61691276
61693399
61692073
61693596
61691835
61693492
61693581
61692559
61693958
61693578
61694110
61693788
61693728
61692483
61693216
61694028
61691979
61694397
61693414
61694453
61694328
61724620
61692932
61692963
61694378
61693190
61694134
61694294
61724800
61693390
61694612
61694646
61694706
61725423
61693365
61692694
61694458
61693458
61694957
61695006
61695089
61693191
61694829
61725306
61694954
61692942
61693975
61695224
61694267
61695240
61693568
61695131
61693283
61694120
61695748
61725833
61695253
61694669
61694823
61695567
61695245
61695491
61694726
61694628
61695682
61694465
61695561
61694022
61695957
61726277
61694680
61696022
61695899
61695324
61726085
61696062
61696046
61695626
61696113
61726426
61696096
61695413
61695584
61696256
61695929
61695555
61726799
61696194
61695128
61696468
61696538
61727040
61696486
61726892
61696644
61696754
61695559
61696517
61696867
61696810
61727131
61695740
61697187
61696726
61696464
61727466
61695896
61694989
61697198
61697138
61727584
61697107
61727514
61696042
61695885
61696154
61697494
61727925
61697419
61727711
61696186
61696427
61697843
61697595
61696067
61697670
61728117
61696424
61728264
61696560
61696455
61698049
61698146
61728488
61698406
61698085
61698011
61696987
61698158
61728375
61698024
61696325
61697491
61698293
61696477
61698244
61728808
61698203
61697554
61697196
61728818
61697205
61698430
61697173
61697711
61698204
61698027
61698723
61697061
61698855
61728971
61697472
61698943
61728993
61697071
61697577
61698637
61697106
61698931
61729207
61697562
61697069
61697914
61699193
61699123
61699500
61698957
61699232
61729498
61698192
61699417
61697581
61698220
61698918
61699282
61697397
61698464
61699617
61697805
61698980
61698493
61699557
61697621
61698837
61698453
61698467
61699696
61697962
61698375
61699621
61699110
61700130
61698250
61699126
61699911
61706680
61708653
61738670
61707318
61708690
61708266
61708774
61708558
61708812
61706732
61739293
61707451
61708776
61708715
61708819
61739280
61707553
61708156
61707832
61709061
61739322
61707569
61708945
61709028
61708957
61709044
61709117
61707510
61709638
61709381
61707442
61708057
61709169
61707516
61709164
61709391
61739554
61708067
61708759
61708766
61709640
61708022
61709872
61739858
61708379
61709646
61709390
61709583
61740308
61739974
61709822
61709507
61709737
61709792
61709681
61708142
61709622
61739979
61708609
61708497
61709889
61709864
61708686
61709952
61740423
61709876
61740423
61708849
61710371
61710202
61708318
61708031
61708114
61740292
61708233
61710509
61709903
61741089
61710440
61709145
61710722
61708642
61709903
61710760
61741166
61710671
61708810
61709600
61710924
61709074
61711142
61708777
61710639
61709644
61710940
61741299
61709736
61709819
61711214
61711127
61741562
61711045
61741531
61709997
61709333
61710229
61710096
61711602
61711590
61710982
61711463
61711696
61711666
61711640
61710067
61711615
61741948
61710479
61710418
61710859
61711827
61742130
61710506
61712025
61712024
61710037
61711410
61712318
61712326
61710657
61712117
61742514
61712390
61711615
61711216
61712479
61712630
61712577
61742800
61712385
61710397
61711406
61712709
61712636
61711964
61711896
61712759
61743189
61711575
61713225
61713122
61713094
61743584
61713309
61710989
61711803
61713052
61712734
61712588
61743600
61713081
61743397
61711948
61713269
61712486
61711759
61712124
61713558
61713066
61713413
61743946
61713922
61715349
61713668
61713826
61744070
61713491
61711993
61713961
61712255
61714120
61713944
61712231
61714104
61712099
61713323
61714073
61744455
61712852
61714104
61744572
61713177
61713752
61714397
61714415
61744632
61713211
61714405
61712852
61713214
61714719
61714351
61714680
61745055
61714725
61744975
61713719
61715009
61745582
61714783
61745198
61714125
61714933
61714625
61714887
61745601
61715006
61713264
61714003
61715228
61713556
61715247
61745694
61715155
61713232
61714159
61715405
61714455
61713228
61715026
61715451
61745847
61714147
61714309
61715640
61715515
61746141
61715587
61713650
61714587
61715747
61714098
61715697
61713696
61715812
61715845
61714954
61715034
61715553
61715767
61746031
61714514
61716051
61714927
61716002
61714332
61715935
61746711
61716068
61746441
61714753
61715007
61715446
61716429
61715947
61716260
61715995
61716408
61714081
61716370
61716154
61746775
61716116
61714226
61715065
61716341
61715009
61716486
61747029
61716490
61714546
61746702
61714912
61715404
61716749
61716329
61716573
61747172
61715297
61714732
61716017
61715561
61716885
61716458
61716115
61747009
61715556
61715735
61717031
61716974
61747461
61717056
61715133
61715906
61715636
61717176
61717160
61717086
61747410
61717100
61715217
61715495
61714893
61717162
61717075
61747762
61717346
61717096
61717406
61716784
61716870
61717713
61748040
61717667
61747836
61717632
61747998
61716704
61717813
61717308
61717607
61748231
61717778
61748074
61716782
61718058
61716236
61718207
61748109
61716801
61716507
61717074
61718186
61718374
61718335
61718060
61718287
61748398
61717154
61718510
61718018
61718341
61749058
61718447
61716586
61717550
61718795
61717024
61719106
61749004
61717573
61718859
61718463
61718007
61749139
61749276
61717374
61717290
61718674
61718780
61717177
61718868
61748952
61717565
61718910
61718465
61718292
61749066
61717564
61719002
61718210
61719202
61718963
61719126
61749435
61719290
61718480
61718976
61719312
61749625
61719439
61719477
61717422
61718417
61718113
61718244
61719548
61719329
61719862
61717758
61718565
61719868
61717614
61719837
61750171
61718615
61718703
61719575
61720004
61750297
61718808
61718090
61719604
61720225
61718611
61720258
61719374
61720189
61718548
61720103
61718602
61719807
61719129
61718425
61719090
61719584
61720368
61750788
61720180
61719613
61718833
61750613
61719548
61720557
61751073
61720602
61750986
61719527
61720803
61720421
61720772
61751320
61720755
61751078
61719632
61721131
61721248
61721219
61719050
61719963
61721298
61720850
61721156
61751444
61719842
61721407
61721048
61719833
61721202
61721282
61751817
61721227
61719365
61720227
61721561
61721305
61721409
61751749
61720256
61721700
61721646
61721508
61752090
61721477
61719594
61720552
61721791
61752433
61721753
61719737
61720671
61721903
61720094
61722241
61721954
61752141
61752372
61752070
61722092
61721946
61720143
61752617
61720258
61722316
61722266
61720573
61722095
61721514
61721207
61721008
61752763
61720955
61722348
61721282
61722678
61722285
61722814
61752914
61721408
61722873
61722288
61723046
61720552
61721506
61722782
61721212
61722850
61722927
61722778
61720855
61722167
61723010
61723175
61722135
61722967
61753661
61753783
61721621
61723418
61723020
61753812
61722360
61723568
61721769
61723826
61721797
61722922
61723693
61721881
61723674
61753997
61722994
61723856
61754450
61723964
61724027
61724285
61724331
61754501
61722898
61724300
61722478
61724094
61754339
61722979
61724300
61722924
61724272
61754588
61722828
61723079
61723954
61723205
61724200
61724655
61755051
61723417
61724598
61723029
61724666
61723990
61724066
61724987
61755380
61724865
61722873
61723844
61723450
61755248
61723516
61724635
61724986
61723019
61724296
61725208
61723536
61725068
61725041
61755625
61725106
61724433
61724055
61725266
61725431
61725416
61755743
61725162
61723235
61724340
61725371
61755628
61724084
61723759
61724000
61725749
61725795
61756253
61724786
61724773
61725195
61726263
61756488
61724904
61724853
61724927
61726269
61725562
61725109
61726433
61726235
61726240
61756612
61726233
61724306
61725584
61726300
61756624
61724976
61724942
61725389
61726467
61726446
61725803
61725581
61726674
61724875
61726472
61725644
61725673
61726984
61757311
61726871
61725108
61725625
61757257
61725881
61727157
61726836
61727159
61757435
61726146
61727385
61726989
61727504
61757718
61726580
61727597
61757943
61726125
61727689
61727816
61727726
61758270
61727650
61758015
61725887
61728026
61725768
61726954
61727903
61726306
61727861
61758452
61727936
61725972
61726960
61728209
61726373
61727835
61727915
61728285
61758526
61727204
61728555
61726743
61728289
61728405
61758649
61727225
61728426
61758865
61728069
61727545
61727450
61728918
61728402
61728694
61759114
61727466
61728862
61728698
61729248
61759101
61727944
61729025
61728830
61728286
61759482
61759527
61759541
61728210
61729366
61728898
61729313
61727669
61729336
61727451
61729581
61729473
61760072
61729480
61727851
61729793
61759997
61728517
61728168
61728533
61729827
61729899
61729894
61728154
61729880
61728003
61728884
61729931
61728917
61729934
61760499
61730016
61728181
61728992
61730313
61738536
61730904
61731492
61731785
61731283
61731607
61732335
61730554
61732491
61730233
61731420
61732655
61732365
61732713
61762930
61731285
61731434
61731725
61732779
61763392
61732837
61730863
61731878
61733011
61733087
61733294
61731584
61733426
61763613
61732369
61733687
61732595
61733766
61732312
61733874
61764275
61732851
61734199
61732379
61733793
61734192
61732323
61733818
61733454
61734166
61764897
61732903
61734416
61734061
61734220
61733166
61733153
61734682
61732884
61734422
61734632
61734356
61734576
61734432
61734633
61732632
61733590
61734735
61765150
61733599
61735012
61765356
61734851
61734267
61733789
61734908
61765223
61733717
61733149
61735149
61735198
61736722
61735191
61765532
61734185
61734156
61734527
61735558
61733848
61735376
61733415
61735688
61735516
61766013
61735550
61765913
61735762
61734247
61735999
61736076
61766496
61735943
61734838
61766546
61735240
61735990
61734360
61736034
61766659
61736105
61734193
61734255
61766627
61735143
61736358
61734696
61736309
61734482
61735317
61736695
61734845
61736900
61735711
61736572
61736413
61766974
61735160
61736617
61735378
61736678
61767002
61736447
61734603
61735813
61736683
61736276
61736614
61767366
61736734
61736174
61735683
61767306
61735826
61737150
61735399
61737071
61735943
61767561
61737043
61737147
61737240
61736051
61737121
61737302
61735460
61736831
61737715
61768271
61737639
61735791
61736793
61737884
61768232
61736584
61738055
61737772
61737955
61736359
61738198
61768640
61736997
61737155
61738356
61768405
61737182
61738428
61768835
61737083
61737136
61737171
61738294
61738425
61768869
61738360
61736437
61737384
61737233
61738904
61738871
61768920
61737664
61738799
61738366
61737438
61738810
61738661
61738752
61737672
61738968
61738905
61769197
61737704
61739001
61739179
61738972
61737366
61738986
61769442
61738072
61739366
61737533
61739106
61738678
61738246
61739430
61769963
61739481
61737544
61738320
61738019
61739768
61739786
61770072
61739739
61739179
61739966
61739995
61770222
61738942
61740119
61740123
61738996
61740225
61770787
61740256
61739173
61739171
61740447
61738657
61739857
61740768
61771111
61740601
61771076
61740657
61740829
61740828
61738881
61739941
61741032
61771385
61739938
61741245
61740876
61741216
61739301
61740279
61741548
61739818
61741754
61739365
61740302
61741612
61741295
61741553
61741330
61741420
61741609
61772087
61740250
61740083
61741308
61741581
61772352
61741755
61741565
61741648
61742004
61740198
61741920
61739888
61740437
61740929
61741930
61741000
61742013
61740084
61741312
61742276
61742315
61740636
61742050
61742207
61741144
61742085
61742449
61740372
61741193
61742367
61740558
61742147
61772615
61742187
61742531
61741592
61742450
61742376
61772847
61741148
61742592
61742596
61742587
61773130
61742587
61741196
61742914
61742841
61773250
61741602
61752438
61752110
61752635
61750483
61751468
61750997
61752690
61752647
61783207
61752391
61750522
61751737
61782891
61751978
61752803
61752524
61752759
61750870
61752209
61753080
61751322
61752820
61783193
61752033
61752365
61753040
61783503
61753067
61751058
61752084
61752830
61753099
61751141
61752515
61753204
61783597
61751890
61753461
61753009
61753261
61783882
61752248
61753641
61753700
61753514
61783844
61752392
61752461
61753847
61753739
61783867
61752538
61752337
61754003
61753980
61783970
61784319
61754104
61754160
61753977
61784448
61754035
61753516
61753025
61754089
61784637
61752727
61752642
61752222
61754269
61752258
61753226
61754502
61784993
61753370
61754609
61752779
61754290
61753149
61754592
61754433
61784903
61753146
61752708
61754071
61754771
61785031
61754030
61754832
61754061
61752726
61753761
61754871
61785249
61753559
61754949
61754608
61754893
61785273
61753518
61754983
61755164
61755039
61785249
61753640
61755033
61785644
61755566
61754387
61755262
61755148
61785646
61754912
61753261
61754839
61754997
61754679
61755218
61754378
61755319
61753808
61755587
61755470
61785856
61755205
61755522
61753517
61754413
61754370
61755664
61755579
61786152
61754477
61754653
61755501
61755797
61753936
61754925
61756006
61754293
61755502
61786218
61754896
61754905
61786571
61755102
61754863
61756119
61755697
61755241
61756640
61786836
61756369
61755194
61756682
61756657
61787063
61756520
61754733
61755984
61756704
61756401
61755271
61756698
61754989
61756715
61755693
61756959
61756848
61787295
61755338
61787388
61756673
61757110
61787541
61757314
61757291
61787655
61756739
61757634
61787871
61757470
61757046
61757908
61757711
61787951
61756446
61755788
61757419
61757814
61755724
61756620
61757814
61756271
61757915
61788171
61756748
61757994
61757553
61757849
61788094
61756638
61758013
61758154
61757978
61756961
61757430
61758071
61758079
61756115
61757059
61758380
61757939
61758136
61756238
61757158
61756686
61758178
61757786
61788975
61758284
61788625
61758597
61758745
61757164
61758132
61758298
61756345
61757299
61758528
61758248
61758736
61758744
61756623
61757680
61758812
61789229
61757629
61759063
61758612
61758891
61789214
61757847
61759230
61759183
61759379
61789673
61789726
61757451
61789571
61758162
61759298
61757462
61759134
61758433
61758202
61759297
61759181
61759384
61789908
61759367
61789617
61758251
61759510
61759291
61759731
61789964
61757724
61759577
61759982
61790185
61758740
61760050
61758152
61759790
61758583
61759520
61759846
61759639
61760254
61758417
61759533
61760105
61790063
61758768
61760140
61758318
61760566
61759317
61759409
61760105
61790655
61759955
61758374
61758220
61790581
61759128
61760367
61758644
61760712
61759666
61759237
61760427
61758650
61790961
61758915
61759229
61760713
61758953
61760601
61791021
61759573
61760911
61759027
61761099
61758867
61760094
61760914
61759129
61760681
61758884
61791241
61760167
61761167
61791513
61760921
61759251
61759091
61761214
61761185
61791415
61760428
61761216
61759433
61760930
61759377
61761558
61761487
61791915
61761320
61759403
61760392
61761569
61792085
61761334
61760811
61760574
61761716
61761444
61761715
61792054
61760507
61761951
61792203
61761712
61759979
61760784
61762040
61760479
61760679
61762020
61760318
61761938
61762023
61761826
61761595
61792483
61761099
61762310
61761818
61762415
61761681
61761155
61762353
61792569
61761630
61762469
61792710
61762233
61760958
61761287
61762374
61762614
61762635
61760590
61762875
61761387
61762695
61792899
61761861
61760838
61793519
61761522
61763001
61762745
61762936
61762229
61763265
61763164
61793616
61762011
61763240
61793551
61762039
61763387
61761544
61763310
61793578
61762422
61763626
61793895
61763495
61762870
61762317
61763521
61763393
61793986
61794042
61762624
61763846
61763953
61762247
61763730
61761794
61762829
61763993
61794228
61762703
61762783
61762722
61764095
61763183
61763252
61763879
61794600
61762766
61762215
61794557
61763393
61764211
61794853
61764453
61762572
61762751
61764563
61763151
61794771
61763425
61764749
61795148
61764708
61762839
61763807
61765101
61764756
61764108
61764021
61765103
61765107
61765194
61764852
61765537
61763335
61764129
61765447
61795562
61765322
61765365
61764600
61765386
61765224
61795567
61764143
61765443
61763661
61765199
61795615
61764255
61765600
61764182
61765527
61795862
61764326
61765698
61796097
61765513
61763881
61765449
61765543
61795958
61764510
61765807
61765581
61765631
61795955
61764340
61765853
61765522
61765798
61764609
61766066
61765982
61767816
61764569
61765265
61765713
61765150
61764872
61766104
61796592
61764986
61764754
61766540
61766285
61796646
61766279
61765798
61765528
61766926
61765976
61764743
61765502
61766546
61797003
61765540
61766957
61766547
61766707
61766010
61766667
61765557
61767011
61797244
61765992
61766960
61797379
61765708
61765921
61766829
61767148
61797612
61766994
61765194
61766090
61767404
61766861
61767301
61797538
61766148
61765959
61797861
61766603
61767674
61798227
61766593
61767927
61798262
61767975
61767983
61766232
61766394
61766293
61768059
61798472
61768266
61768312
61768386
61767207
61766029
61766042
61798474
61767542
61768472
61798604
61766853
61768369
61766598
61768096
61766998
61768056
61768448
61798809
61767106
61766967
61768610
61768502
61798670
61767332
61768680
61766983
61766944
61766935
61766885
61768557
61766795
61768798
61768902
61799173
61767619
61769036
61767786
61767786
61769056
61799321
61767779
61768153
61768086
61769410
61799844
61768049
61769298
61767650
61769783
61767477
61768677
61769612
61800046
61768192
61769937
61768906
61769491
61769774
61799930
61769604
61768580
61769656
61768411
61770002
61769177
61800237
61768738
61770001
61768274
61769987
61769413
61770064
61769467
61769482
61769885
61769943
61771868
61770617
61768960
61770117
61770376
61768224
61770515
61768939
61768752
61769192
61770619
61800943
61770338
61768418
61769338
61800774
61769920
61770671
61768526
61770694
61769902
61770360
61769072
61770127
61769503
61771258
61801507
61769667
61771183
61770927
61770961
61769894
61770954
61771127
61801478
61770012
61771357
61801762
61771127
61769481
61771112
61771230
61801689
61801589
61770190
61771337
61801792
61770180
61771460
61769788
61771768
61771367
61770464
61771572
61802027
61770566
61771941
61802388
61771729
61771073
61770705
61772090
61770193
61771908
61769948
61770841
61772192
61770851
61771851
61770504
61772235
61772116
61802547
61770882
61772179
61770373
61770368
61771494
61802467
61802512
61771593
61772450
61770462
61771788
61772453
61770401
61771272
61772545
61770666
61772497
61772577
61770656
61772347
61802696
61771417
61772799
61770977
61772679
61771198
61772345
61772761
61802982
61772656
61771794
61773080
61803139
61772075
61773163
61771381
61772968
61772295
61773150
61773039
61803453
61773104
61771637
61771779
61773291
61803572
61772073
61773374
61772459
61772777
61771347
61772251
61773321
61803573
61773512
61771439
61772939
61773577
61804027
61772629
61772161
61773499
61772290
61771675
61772430
61773115
61804390
61772496
61773865
61772206
61773974
61804190
61772708
61774077
61773789
61773868
61773263
61773687
61773942
61804252
61772844
61774165
61773847
61774133
61804478
61773124
61774379
61772529
61773014
61774659
61772406
61773670
61774485
61804702
61774665
61774717
61774253
61775043
61773926
61774579
61774900
61805008
61805026
61773754
61774818
61773228
61774995
61805287
61773904
61775208
61774955
61805719
61805756
61775322
61773971
61773994
61775444
61773429
61774298
61775652
61773813
61775376
61773678
61774530
61775810
61775588
61775670
61773795
61775308
61776186
61775008
61776056
61776388
61776309
61776174
61806469
61775219
61776471
61806661
61774925
61776363
61776195
61775526
61774453
61775298
61775048
61776342
61776378
61776677
61774474
61776244
61776492
61806805
61775469
61776721
61774974
61777131
61807104
61775629
61776926
61776910
61776966
61807078
61775837
61776939
61807201
61776077
61777281
61807600
61775717
61777281
61776888
61777190
61807517
61777392
61775384
61777000
61777238
61775431
61776759
61777535
61777156
61777647
61775441
61776436
61777490
61775756
61777455
61807778
61776483
61777773
61776039
61777660
61775753
61777988
61777799
61808134
61776574
61775804
61777930
61777908
61778159
61777794
61778065
61808272
61776746
61808249
61808507
61776369
61776931
61778215
61777672
61778044
61777846
61776441
61776782
61778298
61808673
61778038
61777587
61778055
61776607
61777245
61778481
61776782
61778430
61777017
61776956
61779114
61778041
61778793
61778607
61809008
61777755
61778828
61776989
61778533
61777386
61778456
61776922
61809208
61809045
61776928
61778843
61809160
61808981
61778934
61779206
61809404
61777855
61779111
61779010
61779056
61779357
61777696
61779510
61777464
61779248
61779478
61809812
61778309
61779561
61810048
61779517
61777573
61779309
61779625
61779440
61779588
61778419
61777923
61810127
61777733
61778254
61779964
61778809
61779699
61779940
61810382
61779326
61779982
61778977
61780294
61780108
61810418
61779528
61780316
61810511
61779283
61779536
61780230
61780591
61779072
61780661
61780669
61810697
61779537
61780768
61811113
61780655
61780601
61779461
61780781
61780704
61811068
61779777
61781040
61811519
61779853
61779604
61781325
61781197
61811318
61780143
61781369
61811918
61779918
61779683
61781234
61781390
61811875
61780240
61781582
61781624
61779667
61781164
61781720
61779565
61780705
61781727
61812141
61780307
61781700
61812140
61811745
61812119
61780364
61781795
61812167
61780154
61781624
61780208
61781844
61781821
61811978
61780726
61781921
61781610
61782356
61780765
61781987
61782070
61812103
61780889
61782210
61781834
61782185
61812851
61782770
61784251
61781031
61812959
61781485
61781400
61782601
61781001
61782550
61780678
61781512
61782788
61780976
61782603
61781091
61782915
61782705
61813018
61781627
61782927
61783025
61782889
61813333
61782837
61783022
61782663
61783025
61780945
61781892
61783018
61813661
61781727
61781420
61782618
61782309
61813490
61783020
61781865
61781825
61783351
61783164
61781201
61781713
61783351
61783330
61783036
61783511
61782564
61783436
61783376
61783409
61783498
61781610
61783045
61783803
61813852
61782629
61783830
61781919
61783610
61781623
61782986
61783774
61813772
61782498
61783774
61781962
61783999
61782125
61783802
61783745
61813851
61782535
61783750
61814077
61782491
61783935
61783419
61783858
61814429
61783947
61814373
61814597
61782736
61782621
61784373
61784238
61783600
61783460
61783589
61784564
61784292
61782442
61783325
61784567
61815035
61784338
61782456
61783455
61783952
61783535
61782906
61784491
61814942
61784121
61785128
61786587
61817206
61785799
61785484
61785705
61787053
61817449
61785866
61787286
61787058
61786782
61796794
61797077
61798261
61796181
61797234
61797498
61797518
61798441
61828885
61797313
61798640
61796739
61798883
61797334
61798511
61798654
61828888
61798611
61828938
61797783
61798721
61828980
61798596
61799122
61799198
61829330
61829726
61829550
61798757
61799381
61829582
61829816
61799567
61830086
61798294
61798521
61799578
61799625
61830171
61798556
61798756
61798274
61799760
61799865
61798665
61799575
61799822
61830292
61798810
61799970
61798648
61800115
61830363
61799045
61800280
61830755
61800252
61798414
61798293
61800286
61799799
61799291
61800475
61831127
61798883
61798514
61800439
61800625
61798747
61799780
61800807
61800486
61800874
61831334
61799454
61798927
61799775
61800866
61831348
61801009
61831220
61800136
61831338
61831675
61800078
61801324
61831648
61800674
61799530
61801281
61801389
61831728
61800382
61801693
61832154
61801471
61800925
61800780
61801768
61800498
61800344
61801627
61801841
61831893
61800578
61801838
61800227
61801406
61799925
61800941
61802131
61832465
61801959
61800046
61801072
61802099
61832565
61800798
61801453
61801198
61802382
61802510
61832632
61801200
61802664
61802326
61802690
61832950
61802355
61833298
61801493
61802958
61802654
61802349
61800949
61801914
61801616
61802965
61803130
61833403
61803365
61801927
61803480
61802121
61801982
61803433
61802276
61803570
61834143
61803569
61801809
61803524
61803688
61834375
61803644
61802170
61804080
61834241
61802732
61804080
61803247
61834294
61802887
61804133
61803883
61804036
61802137
61803412
61804275
61834795
61804230
61834570
61804496
61802423
61803343
61804602
61804559
61803260
61804749
61835312
61803397
61804910
61835090
61804755
61804818
61835437
61804770
61802908
61804306
61805139
61803231
61804844
61804721
61805000
61804368
61804908
61805347
61803100
61804140
61805334
61804077
61805462
61835726
61804226
61805684
61805363
61805539
61835778
61804547
61805731
61804055
61806216
61804983
61804567
61805798
61836032
61805171
61806025
61804305
61804889
61836513
61804497
61806342
61806107
61804178
61805037
61806429
61836718
61805064
61806485
61806489
61806446
61836803
61805193
61805369
61836817
61804409
61806654
61806533
61836715
61805318
61806807
61806554
61806676
61804798
61806134
61806932
61837194
61805704
61837173
61806718
61806789
61805414
61806731
61806897
61807224
61837738
61806550
61807481
61807510
61807518
61805805
61807439
61805631
61807832
61807482
61805594
61806653
61807595
61838096
61806367
61807849
61807490
61807971
61837989
61806602
61806397
61808077
61807262
61807807
61807213
61807805
61808163
61838413
61807020
61806726
61807647
61806853
61807203
61808339
61838667
61807084
61807164
61807148
61808579
61839173
61807138
61808309
61807422
61808647
61807033
61809217
61806857
61807828
61809074
61808049
61809186
61839625
61809251
61807673
61809306
61808522
61839470
61807953
61807766
61809562
61808781
61839488
61808432
61807757
61809365
61808261
61809509
61809384
61807482
61808718
61809734
61807976
61808916
61809771
61807637
61809038
61809881
61809502
61809842
61807844
61808840
61809975
61809943
61808171
61809856
61840199
61808874
61810157
61808523
61809609
61840627
61809028
61810304
61840864
61810205
61809583
61809641
61840771
61809358
61810621
61810286
61810646
61840818
61809299
61810781
61809725
61811168
61808861
61809696
61810900
61841379
61809493
61809018
61810805
61809822
61809013
61809971
61811233
61809387
61811011
61809184
61810137
61810477
61841398
61809926
61811280
61809441
61810428
61810378
61811214
61841773
61809965
61811447
61811074
61811108
61810120
61811119
61811257
61841896
61811261
61810653
61811576
61811331
61811419
61809595
61810750
61811586
61841787
61810245
61810338
61811696
61811609
61842283
61811725
61809751
61812061
61811878
61811809
61811780
61811114
61812013
61811273
61811996
61842331
61811322
61811288
61811644
61811987
61842397
61810937
61812217
61810480
61812130
61842463
61811104
61812261
61812402
61812369
61842685
61811052
61812448
61812171
61812283
61811761
61812684
61812422
61842630
61811365
61812730
61842971
61811139
61812791
61812454
61812798
61811552
61811536
61812860
61811195
61812808
61811820
61812549
61811669
61813408
61812307
61812943
61813041
61843523
61812152
61813209
61843628
61811710
61813282
61813293
61811190
61812389
61813194
61843766
61813273
61812364
61812156
61813696
61811898
61813589
61811513
61813762
61813630
61843988
61812423
61813672
61812278
61813797
61844142
61812706
61813863
61844305
61812569
61844248
61813006
61814313
61813875
61814225
61812307
61813381
61814452
61844739
61813107
61812902
61814254
61814495
61844891
61814441
61813795
61814643
61814525
61844760
61813489
61814700
61812950
61814686
61813952
61814499
61814979
61813672
61814825
61845424
61813528
61813258
61814631
61815540
61813077
61845609
61845357
61813966
61815194
61813598
61813838
61815248
61813371
61815381
61814196
61815551
61813804
61815517
61813648
61815778
61815550
61814536
61815632
61815858
61815526
61815809
61814514
61815947
61815901
61846354
61815966
61814329
61816340
61816184
61846370
61815089
61816301
61846748
61816133
61814301
61815453
61816385
61846781
61814958
61815100
61815297
61816439
61846821
61816599
61814530
61816019
61816995
61814968
61816681
61815974
61818629
61815612
61817319
61815596
61816920
61816843
61847242
61815525
61817042
61816580
61816855
61814834
61816035
61817057
61815399
61816459
61847314
61815927
61817227
61847736
61815886
61817358
61817402
61817294
61847545
61816162
61817496
61815565
61817264
61817357
61817234
61817537
61815699
61816523
61817832
61848445
61816699
61818027
61817835
61818217
61817097
61818349
61816637
61818210
61816611
61818689
61818486
61849042
61817138
61817187
61817971
61818684
61848991
61817458
61818690
61816919
61818802
61820315
61818573
61818738
61816942
61818511
61817412
61818907
61818891
61849191
61817601
61817373
61819190
61819068
61819128
61819153
61817173
61818182
61819447
61817282
61818226
61819451
61849781
61818189
61819513
61817841
61819325
61817528
61818561
61819639
61849907
61818294
61819639
61819849
61818310
61818120
61819908
61818025
61818873
61819815
61850286
61818627
61818563
61820061
61819182
61819705
61819963
61819472
61819558
61820223
61850827
61820195
61819488
61819635
61820513
61820014
61820289
61819662
61820366
61820333
61850721
61818907
61820546
61820506
61820363
61820413
61818552
61819568
61820697
61850917
61819472
61820844
61818960
61820584
61818970
61819383
61820718
61851240
61820758
61820024
61820848
61820737
61820937
61821067
61819770
61820926
61851408
61819851
61821172
61820776
61820171
61851618
61819433
61819928
61819991
61821387
61819513
61821203
61820504
61820987
61821307
61819278
61820195
61821351
61851814
61820099
61821570
61819871
61821410
61820754
61820898
61821690
61852073
61820307
61851985
61820553
61820297
61821883
61821931
61822021
61819883
61820452
61852510
61820503
61822076
61820444
61822056
61822352
61852756
61821169
61822418
61822128
61822496
61820600
61821435
61822793
61852998
61821370
61822694
61820885
61822562
61820671
61822072
61822854
61853245
61821602
61822974
61822217
61822953
61820989
61823102
61823018
61822945
61822928
61820989
61823149
61823068
61853464
61821932
61823435
61823282
61823417
61821392
61822659
61823334
61853530
61822339
61823468
61854011
61822209
61822046
61823268
61823557
61821994
61823553
61822911
61823858
61823693
61854210
61822608
61824052
61854151
61823503
61822623
61824163
61854546
61823879
61822007
61822917
61824108
61823230
61824373
61824189
61854735
61823081
61824624
61822876
61824391
61822441
61823340
61824446
61823757
61824157
61824432
61823671
61823805
61824713
61824796
61823175
61824764
61822900
61825091
61824973
61855321
61823834
61825059
61823435
61825127
61822944
61824323
61825215
61824951
61825034
61825110
61823475
61825321
61825487
61855797
61824218
61825504
61825081
61825561
61855675
61824121
61824412
61825206
61824836
61823463
61824338
61825563
61856016
61824338
61824130
61825830
61825617
61855957
61824437
61825857
61825895
61825754
61826038
61825690
61825890
61856212
61824884
61826082
61856751
61824956
61826181
61824468
61826017
61825508
61826197
61826266
61856914
61825226
61826571
61824498
61826362
61825761
61856668
61825442
61826616
61857186
61825247
61826883
61826415
61826744
61857164
61826748
61827038
61824860
61826958
61826191
61826199
61826716
61827450
61826455
61827177
61827333
61857497
61825985
61827309
61857788
61826053
61827504
61827227
61827362
61825447
61826878
61827773
61858102
61827548
61826974
61826961
61827933
61826172
61827633
61825873
61827087
61827868
61827441
61826564
61858393
61827943
61828061
61826183
61827625
61828390
61858717
61827083
61828267
61828592
61828433
61858634
61826935
61828325
61828339
61827984
61828763
61826569
61828480
61828430
61827211
61828518
61828544
61826515
61827776
61828599
61858944
61827521
61828747
61859218
61828726
61826827
61827846
61828900
61827276
61828851
61827028
61827852
61829183
61827803
61829237
61859740
61829127
61827731
61829641
61829256
61859399
61828227
61829411
61859914
61828110
61827957
61829709
61829523
61860090
61829547
61828408
61829931
61829323
61859796
61828560
61829847
61828124
61829700
61828572
61830039
61829724
61830049
61827870
61828962
61830358
61860229
61830157
61828826
61830075
61828451
61830665
61829033
61829929
61830222
61828176
61829065
61830437
61828647
61830111
61828215
61829561
61830520
61828793
61830663
61828583
61829462
61830858
61828974
61830724
61830113
61830913
61830775
61861118
61830788
61830810
61860953
61830131
61830988
61861290
61829853
61831177
61829502
61831075
61830518
61831161
61861786
61829720
61831317
61829369
61830479
61831548
61831190
61831582
61829488
61830545
61831613
61862057
61831562
61830951
61831905
61831558
61862153
61830460
61830725
61831317
61832150
61830914
61831957
61832082
61830266
61831329
61832232
61862765
61831076
61862335
61862800
61832079
61831526
61832470
61830370
61862700
61862577
61832397
61863015
61831141
61832510
61832189
61832431
61830395
61832456
61832500
61830841
61832856
61832632
61830542
61831991
61832912
61863166
61831716
61832750
61832768
61831678
61832794
61832895
61863186
61831858
61833083
61831649
61831219
61863537
61832358
61833426
61863747
61832157
61833519
61864110
61831930
61863833
61831970
61833642
61832911
61833807
61833709
61831695
61833626
61864019
61831873
61834143
61833885
61864431
61832804
61834131
61864607
61832660
61834302
61833848
61834100
61832180
61833107
61834288
61864422
61833039
61834360
61834118
61834482
61832439
61834794
61834570
61864671
61833360
61834585
61833077
61834568
61833593
61834992
61833184
61833240
61833660
61835104
61834872
61834498
61865265
61833951
61835316
61833482
61835174
61833241
61835391
61835286
61865563
61833894
61835215
61865734
61835225
61833278
61835561
61835576
61865882
61834129
61835669
61833847
61835141
61865889
61834529
61835863
61835868
61835975
61834654
61835206
61836130
61834098
61836000
61836202
61867015
61835839
61836374
61866845
61836901
61835002
61834506
61835818
61836510
61866863
61835450
61836822
61867090
61835207
61836719
61836361
61836359
61835338
61866998
61835656
61836167
61834747
61836103
61836751
61867348
61835690
61836939
61835113
61867403
61837042
61867454
61835803
61837131
61835380
61836908
61835101
61836830
61836938
61836458
61837094
61836967
61837120
61837224
61835011
61867418
61837017
61837223
61837088
61837722
61837292
61835850
61867836
61837014
61837396
61835698
61836974
61837727
61867965
61836722
61837755
61868339
61836489
61837961
61837629
61838001
61836040
61838108
61837969
61868311
61836687
61837960
61868482
61836447
61836647
61838032
61838088
61868211
61868376
61835985
61837895
61837901
61836523
61836417
61837990
61837430
61838340
61838287
61868431
61837083
61838445
61838008
61838178
61868433
61838015
61838199
61838101
61838150
61838359
61838086
61838307
61836452
61837812
61838228
61838698
61837793
61837624
61838927
61869155
61837614
61837465
61838919
61838387
61837493
61837744
61838613
61838831
61839050
61837439
61839144
61837300
61838592
61839217
61869639
61838088
61839511
61837736
61839309
61838010
61839152
61839822
61838643
61839450
61851439
61850152
61851099
61851331
61849445
61849648
61881720
61881576
61850595
61851284
61881555
61850258
61851427
61850007
61851621
61851538
61850359
61851330
61851589
61881844
61850474
61851825
61849927
61851575
61849751
61850644
61851797
61882148
61851783
61850281
61851527
61851853
61849754
61851612
61851871
61849887
61850711
61851259
61852053
61882446
61850633
61852077
61882521
61850393
61882334
61851446
61852135
61882555
61851287
61852374
61882530
61850903
61852254
61882566
61850855
61852278
61882664
61860676
61853719
61853946
61884436
61852912
61854341
61884390
61853478
61854208
61884634
61853700
61854368
61852442
61854627
61854662
61854882
61885268
61854258
61854971
61885392
61854293
61854561
61853213
61855240
61854989
61853656
61855248
61853993
61854132
61853810
61854165
61855681
61885960
61854391
61855517
61886101
61855026
61855657
61853762
61855529
61854612
61854555
61855749
61854630
61855126
61855431
61853923
61854662
61856350
61856002
61854340
61855947
61854678
61855801
61856070
61856282
61854397
61855970
61854520
61854436
61856121
61856180
61854559
61854968
61855058
61854658
61856286
61854962
61856122
61856320
61856515
61854713
61856385
61855569
61855996
61856760
61855262
61887196
61855635
61856695
61887174
61886941
61856857
61854811
61856141
61856953
61854973
61857136
61857440
61857177
61887659
61855829
61857249
61887664
61887848
61857495
61888014
61856301
61857505
61887872
61887963
61856702
61857814
61888152
61856589
61857991
61888510
61857905
61856791
61858013
61858254
61856493
61858080
61857075
61858184
61858495
61888643
61857662
61858303
61856251
61857853
61858682
61856483
61858504
61858670
61857021
61857101
61858656
61856706
61858688
61858739
61857446
61889261
61857716
61859054
61889479
61857877
61859177
61889458
61857980
61859342
61889645
61857569
61859147
61889865
61857930
61859353
61889450
61858603
61858700
61857192
61889812
61858102
61859495
61889771
61858260
61859519
61889689
61858521
61859423
61858139
61857958
61859512
61859483
61858578
61858017
61859703
61889953
61858718
61859990
61857907
61858875
61859953
61858706
61860079
61860055
61890387
61859352
61859473
61859266
61859820
61860039
61860221
61858545
61858985
61860378
61858706
61860224
61858966
61860236
61860372
61859099
61860171
61860823
61858842
61860879
61860612
61859179
61861030
61860782
61860547
61860786
61860958
61891486
61859918
61861142
61859331
61861169
61859007
61860938
61859105
61891573
61859549
61859585
61861577
61891893
61860411
61861786
61861569
61861631
61861181
61861927
61861371
61861148
61860554
61861864
61892122
61892431
61862169
61862127
61860839
61861869
61862285
61860205
61862396
61861340
61860421
61862452
61860821
61861744
61892912
61861600
61862701
61892910
61861630
61862694
61862685
61862003
61862489
61862676
61862847
61861559
61862873
61860845
61862533
61862741
61862984
61861141
61862878
61862256
61862704
61863130
61862277
61862790
61863111
61861270
61862799
61862592
61861676
61863286
61863396
61893905
61862209
61863578
61893900
61862089
61863468
61893718
61862715
61894054
61862331
61863676
61893875
61862867
61863532
61861692
61863510
61863533
61862439
61861970
61863567
61862199
61862001
61863590
61863727
61861966
61863475
61893983
61862838
61863603
61863860
61863494
61864262
61862760
61862765
61863942
61894471
61862946
61864281
61894483
61863073
61862979
61864303
61894437
61863123
61864433
61894713
61863245
61864258
61894505
61863654
61862715
61862489
61895154
61864604
61863287
61863626
61864647
61863566
61895382
61863908
61864947
61863226
61864703
61864911
61865096
61865063
61863745
61865226
61863290
61864897
61863931
61865412
61895485
61864597
61865439
61865492
61863548
61863817
61864428
61864169
61865637
61895836
61865509
61865429
61865632
61863874
61865525
61895972
61864316
61864485
61865659
61895941
61865097
61865079
61863867
61865576
61865825
61864471
61865628
61866348
61865313
61866127
61866417
61864553
61864420
61896508
61866249
61896522
61896842
61864886
61896857
61865251
61864405
61866289
61866558
61866798
61896901
61865867
61866859
61897046
61897332
61865564
61897454
61865679
61867175
61866960
61865702
61865460
61865763
61867307
61897318
61866376
61867293
61865104
61866110
61866784
61865265
61867470
61867075
61866277
61866825
61866717
61867387
61867396
61865597
61866277
61868081
61867846
61867449
61867872
61865693
61867810
61867931
61865886
61868060
61867785
61868012
61866227
61867875
61868135
61898593
61866732
61868122
61868026
61868101
61867109
61866688
61866889
61868514
61898937
61867269
61868740
61868371
61868549
61868026
61867553
61868709
61867104
61868989
61866817
61868591
61868792
61867561
61868833
61868993
61869433
61869269
61899641
61867900
61869307
61899407
61868478
61869136
61867357
61868839
61869071
61867580
61867447
61869170
61869256
61899606
61867976
61869201
61899507
61868003
61869228
61867176
61868614
61869026
61868317
61869450
61868330
61867978
61869622
61868254
61869934
61870063
61869217
61870041
61870084
61869303
61869761
61870482
61869388
61868873
61870130
61868751
61868629
61870276
61870424
61870213
61870472
61869167
61869127
61870444
61868450
61870412
61868997
61869674
61901270
61870510
61869456
61870528
61869146
61868904
61869224
61870675
61900999
61869694
61870740
61868685
61870151
61870293
61870158
61870743
61871303
61870914
61901409
61869634
61871034
61901251
61871148
61871379
61869622
61870707
61871004
61871148
61869462
61871045
61870133
61870715
61902038
61870358
61871607
61901915
61870416
61871272
61870099
61871386
61872008
61871762
61902233
61870448
61871772
61901880
61871018
61871618
61869661
61871703
61871766
61902292
61870866
61872033
61870065
61872171
61871913
61870817
61871862
61872191
61870636
61871943
61870898
61902976
61871212
61902437
61870608
61871069
61872519
61902595
61872528
61872366
61871087
61872268
61872551
61872660
61902982
61871409
61872821
61903140
61872602
61872869
61903065
61872892
61872465
61872068
61872680
61873400
61873176
61873222
61872546
61872943
61873113
61872006
61873053
61873376
61873457
61872743
61871936
61872126
61871295
61903655
61872680
61872737
61872769
61871688
61873424
61872070
61871890
61872285
61873750
61904256
61872587
61873644
61871714
61873947
61873764
61904042
61872985
61874045
61904275
61873349
61874038
61873913
61873036
61874240
61904516
61873303
61874408
61872393
61874215
61874426
61874536
61905090
61873410
61874704
61904971
61873445
61874732
61905000
61873446
61874767
61905113
61873507
61905204
61873037
61873573
61874584
61874602
61874889
61873115
61873418
61874873
61873091
61874704
61873474
61873214
61874845
61873453
61874624
61874907
61873515
61873256
61872969
61905397
61874901
61873853
61875321
61905751
61875242
61875475
61905794
61874127
61875492
61905693
61874189
61875307
61873279
61875336
61874814
61873409
61874417
61875605
61873509
61875597
61875918
61875604
61905760
61874462
61875635
61873470
61875889
61875621
61875787
61875866
61875504
61875577
61875697
61906353
61874585
61875919
61906200
61874777
61875981
61873928
61874739
61875830
61875757
61875867
61874294
61875939
61876168
61875748
61876045
61874900
61906652
61874988
61876264
61906364
61875476
61876264
61875575
61876068
61876180
61874990
61876529
61875181
61876656
61874984
61876680
61875141
61875080
61875445
61876838
61907470
61875764
61877091
61907313
61875969
61876893
61875066
61875819
61877013
61907284
61877268
61876929
61875468
61876841
61875981
61877202
61875273
61877357
61907686
61907482
61877167
61877282
61877553
61876774
61876857
61876829
61876131
61876910
61875726
61875734
61908026
61877745
61877084
61877980
61878009
61908245
61876733
61877965
61878027
61876119
61876679
61877934
61875930
61877362
61878072
61876388
61877889
61878145
61877041
61876736
61878255
61878528
61876815
61877105
61878607
61909006
61877619
61878631
61876852
61877609
61876695
61909096
61878102
61878968
61879355
61879258
61909322
61879311
61879179
61909482
61879435
61879270
61879495
61909819
61878339
61879584
61909723
61878545
61879441
61877788
61879296
61909984
61910075
61878804
61879756
61877926
61879639
61879772
61879984
61910214
61878773
61879926
61879995
61880120
61878277
61910541
61878934
61880199
61878253
61878430
61879052
61879019
61880233
61879589
61878740
61878951
61880406
61910677
61879109
61880474
61910574
61879710
61880464
61880220
61880287
61878854
61880295
61880592
61880828
61910986
61879512
61880737
61911104
61880944
61880303
61878862
61881054
61880953
61878969
61879837
61880361
61878981
61881132
61881450
61880782
61880366
61881405
61881070
61911293
61880271
61880950
61880932
61881527
61881224
61911818
61880095
61881272
61879209
61881268
61881265
61881413
61881363
61880088
61881136
61881341
61881676
61911848
61880761
61881528
61881715
61879447
61881330
61881632
61880954
61881440
61881634
61880341
61912225
61880436
61881802
61912130
61880625
61881098
61879892
61881615
61881909
61882159
61912510
61881020
61881708
61880258
61882418
61881999
61880663
61880479
61882137
61881097
61912731
61881117
61882376
61880482
61882214
61882469
61912743
61881124
61881682
61881517
61880610
61882357
61882587
61881361
61882562
61880722
61881303
61882672
61882728
61913178
61881688
61883019
61913167
61880933
61881188
61881704
61882973
61882089
61882571
61881534
61881172
61913574
61881843
61882996
61881268
61883429
61883091
61882451
61881575
61883182
61882126
61881705
61883326
61882321
61881942
61882094
61883511
61913694
61883734
61883472
61882047
61883419
61913959
61914287
61882645
61884020
61881896
61883967
61883799
61884083
61882257
61883943
61882578
61884021
61884186
61914515
61883534
61884439
61914573
61883251
61884620
61884573
61882579
61884838
61884464
61882641
61884342
61884612
61883135
61883074
61883391
61884784
61914947
61884800
61915213
61883623
61885016
61915295
61883839
61885088
61915431
61883962
61885256
61883302
61885092
61885325
61915871
61884100
61885397
61915732
61884220
61885445
61883628
61885200
61885381
61885566
61915955
61884221
61885398
61883365
61885495
61885477
61884213
61883741
61885365
61885457
61883819
61885491
61884451
61883244
61885468
61885694
61883888
61883951
61884415
61885838
61916034
61885197
61885924
61916275
61884744
61886068
61916488
61884912
61886185
61884160
61885066
61886219
61885533
61886070
61886224
61886573
61886683
61916856
61885528
61886516
61884502
61886713
61886828
61886751
61886663
61884730
61917084
61885614
61886162
61885318
61885185
61886809
61886718
61886931
61887129
61917250
61885891
61886326
61886290
61886803
61886984
61885928
61886851
61887131
61887206
61885315
61885649
61887392
61887567
61885354
61887661
61887509
61887657
61917949
61886669
61887678
61885650
61887988
61888295
61888029
61886336
61887020
61887923
61886663
61887634
61887966
61888090
61918432
61886827
61888167
61887329
61887852
61888071
61888314
61886529
61918830
61887323
61888482
61887742
61886555
61888292
61886863
61886744
61886454
61886458
61888865
61888830
61888089
61888438
61888735
61887383
61888530
61889231
61887391
61919391
61887537
61889002
61919302
61887777
61889026
61919310
61887822
61889248
61888763
61887948
61889088
61887210
61888873
61887775
61889254
61919872
61888125
61889497
61919735
61888207
61889648
61919958
61888430
61889881
61920285
61888834
61889843
61920237
61890183
61889874
61888829
61889729
61890023
61890232
61888673
61888925
61890390
61890274
61920552
61888275
61889708
61890409
61890578
61890189
61890588
61890671
61889047
61890375
61890055
61890614
61888712
61890428
61889380
61890848
61888761
61890470
61890705
61888905
61891014
61890964
61890238
61889726
61891606
61889971
61890908
61891738
61890091
61890215
61890709
61890768
61891168
61891359
61890021
61922015
61890343
61891546
61921777
61890665
61891714
61889751
61892028
61891948
61892144
61922492
61891232
61892061
61890040
61892174
61922394
61890538
61890978
61892491
61922663
61891293
61892549
61890483
61922960
61891230
61892605
61892473
61890558
61892708
61892522
61891103
61892808
61892707
61892155
61892562
61892832
61891371
61891215
61891545
61893051
61892703
61891641
61923239
61891352
61891744
61893236
61923395
61892127
61893560
61923484
61892471
61892978
61891857
61891718
61893366
61892163
61891817
61892247
61893548
61924166
61892371
61893572
61891646
61893731
61893668
61891790
61893123
61893888
61893247
61893712
61893992
61894249
61891882
61893093
61893590
61894414
61892743
61893060
61894600
61925017
61893321
61894816
61924993
61893547
61894727
61893069
61925045
61925158
61893662
61894590
61894882
61925039
61893486
61894735
61894046
61894398
61894753
61893310
61894593
61894822
61894983
61925502
61925544
61895161
61893904
61893350
61893739
61895145
61925381
61895253
61894124
61893793
61894985
61895276
61895106
61893708
61894083
61895206
61895442
61925825
61894142
61895383
61893307
61895655
61895329
61925710
61895429
61895669
61893593
61895729
61895663
61894052
61895609
61895708
61894326
61895524
61894476
61896088
61926353
61895265
61895944
61926275
61895423
61896188
61896263
61894142
61894161
61894951
61896334
61926698
61895170
61896414
61894523
61895757
61896487
61926827
61896622
61896912
61895116
61895434
61896686
61894634
61895797
61897070
61896230
61896836
61896950
61895289
61895935
61897194
61895248
61927430
61897326
61897412
61895517
61897749
61897422
61896041
61895375
61897424
61897537
61927828
61897716
61897442
61895895
61895964
61896844
61897986
61896115
61928025
61896567
61897703
61928023
61897954
61898293
61896350
61897682
61897776
61897964
61928306
61897190
61897996
61896237
61897824
61896944
61896760
61898227
61928565
61897044
61898175
61928450
61896978
61897179
61896960
61896502
61898228
61897676
61898079
61898338
61897170
61898110
61898352
61911981
61911776
61911957
61912125
61942442
61910907
61912300
61942688
61911438
61912173
61910346
61912452
61912707
61910908
61910748
61912222
61910953
61910762
61912349
61912469
61910838
61912369
61912551
61912511
61912567
61910418
61912120
61910976
61912516
61910426
61912648
61912374
61912624
61943177
61911653
61912614
61942933
61912035
61912181
61911566
61912613
61911730
61912874
61913110
61943610
61911981
61913158
61912466
61912890
61943546
61912547
61913325
61911348
61913228
61943651
61943719
61913413
61913197
61911873
61913318
61913590
61911626
61911847
61913492
61913639
61912056
61912153
61913797
61944310
61912774
61913821
61944236
61914175
61913961
61914167
61913041
61914355
61944694
61914567
61914548
61944803
61913268
61914596
61945118
61914841
61914733
61913993
61915032
61914792
61913867
61914898
61915008
61945351
61913687
61915018
61945265
61913745
61914874
61913043
61913841
61914932
61914978
61915072
61945625
61913775
61915154
61945498
61914045
61915308
61945589
61914207
61915401
61914575
61913607
61914037
61915368
61945719
61914352
61915334
61915381
61916019
61915669
61946026
61914578
61915800
61945827
61915477
61915597
61915735
61913919
61915666
61914651
61914166
61914459
61916074
61946374
61946426
61914299
61915856
61916074
61914767
61916191
61916303
61916525
61914690
61915082
61916577
61946809
61946710
61915497
61916681
61915937
61916334
61917132
61916938
61915102
61915607
61916688
61916150
61916629
61916898
61917059
61915356
61915708
61917135
61915590
61916931
61915945
61917043
61947482
61916624
61916708
61915350
61917086
61917205
61947817
61947628
61916944
61917204
61917444
61917509
61917079
61917345
61917568
61947969
61916387
61917663
61947880
61916638
61917585
61915629
61916113
61916828
61917392
61917260
61916207
61916551
61919038
61920006
61950019
61920089
61920023
61920184
61950551
61918966
61920433
61918323
61919501
61920451
61920620
61951131
61919449
61920971
61951136
61921039
61920917
61921209
61951509
61920359
61921127
61951424
61921282
61921201
61921263
61951576
61920117
61921661
61921548
61919685
61921381
61920366
61921347
61921477
61921688
61951985
61920856
61921220
61952028
61919956
61920023
61921994
61951981
61921168
61921235
61921274
61920323
61922144
61921752
61921067
61922316
61921661
61922058
61921205
61921197
61922317
61922438
61922648
61953141
61921475
61922789
61920927
61921139
61921588
61922991
61920912
61922896
61922914
61923072
61923023
61921713
61922945
61923100
61953609
61921793
61923189
61953362
61922982
61923121
61923279
61953676
61922006
61923207
61921339
61922963
61923194
61923355
61921745
61923250
61923633
61953962
61922549
61923103
61921537
61923352
61923392
61922476
61922410
61923665
61923845
61923928
61954418
61922912
61923849
61922029
61923557
61923466
61921869
61954616
61922653
61924159
61954620
61922992
61924200
61954457
61923225
61924251
61923583
61923996
61924276
61954973
61923750
61924066
61954818
61924852
61924612
61923327
61923517
61924807
61923388
61924531
61924763
61923758
61923149
61923541
61925046
61955472
61924099
61925111
61923069
61924706
61925457
61923453
61924154
61925512
61924002
61924095
61924812
61923906
61924332
61925752
61955891
61924000
61924817
61925584
61925806
61924037
61924178
61925859
61925142
61924455
61925694
61925950
61924578
61925824
61926107
61926268
61956361
61926430
61926240
61924331
61926437
61926333
61925355
61926266
61926405
61926767
61924891
61926553
61926700
61957176
61925717
61956841
61925940
61956782
61924794
61957151
61925095
61925706
61926305
61925650
61925454
61925724
61927030
61927295
61927293
61926050
61927360
61926562
61926976
61925925
61927304
61957673
61925419
61925876
61927327
61957735
61926430
61927671
61958190
61926741
61927758
61927820
61958259
61926630
61927810
61926044
61925762
61927563
61927870
61926729
61958427
61926728
61927932
61927257
61928004
61927961
61926902
61927815
61928054
61926772
61926464
61928112
61926926
61926546
61927068
61928739
61928276
61927197
61928805
61927972
61929076
61927198
61927065
61928761
61927540
61929029
61959126
61928980
61929138
61959342
61928511
61928056
61928451
61927486
61929171
61929380
61959806
61928189
61929444
61959715
61928326
61929441
61927652
61928838
61929600
61959860
61928378
61929729
61960100
61929255
61930019
61928001
61929010
61929979
61960298
61930210
61929029
61929037
61930214
61929440
61928547
61928864
61930343
61960718
61929231
61930483
61960706
61929303
61930456
61960946
61930725
61930659
61930865
61930421
61928799
61928675
61930470
61961319
61961045
61928723
61930156
61931039
61961207
61930743
61929735
61931074
61961221
61929934
61931354
61961536
61930078
61931388
61961546
61930634
61931364
61961832
61930328
61931638
61962133
61930413
61931556
61961971
61930660
61930738
61930444
61931546
61931769
61962222
61930970
61931700
61930950
61931483
61931700
61929767
61931907
61930627
61930502
61932018
61962288
61930786
61931943
61931274
61930810
61962532
61932306
61931699
61930269
61932388
61932178
61932446
61962701
61931272
61932535
61962775
61932616
61932638
61962837
61931867
61963258
61963170
61931728
61933008
61930894
61932779
61931612
61933067
61931439
61932940
61931658
61931402
61932964
61933187
61931449
61931872
61933307
61963711
61932054
61931514
61932136
61933412
61932350
61932860
61932277
61931829
61932481
61933610
61931603
61933766
61933217
61932387
61932210
61933803
61934047
61932299
61932972
61932864
61933521
61932622
61932418
61932909
61933967
61932014
61932131
61933220
61964499
61932873
61934169
61964321
61933160
61934145
61933025
61932632
61932993
61934355
61964717
61933247
61934598
61964585
61933261
61934622
61964871
61933552
61934519
61932505
61934440
61933306
61934720
61932637
61934865
61934553
61933147
61965281
61933547
61965092
61934660
61933654
61935101
61965372
61934014
61935129
61933722
61933503
61933447
61935089
61935177
61935434
61965692
61965382
61935232
61934611
61933688
61934158
61935821
61966046
61966164
61966319
61935063
61934974
61933882
61966300
61934508
61934452
61934418
61934573
61936013
61935324
61934775
61935967
61936296
61966401
61935112
61936042
61934014
61935898
61936133
61936383
61934557
61934898
61936291
61966374
61935135
61936452
61935599
61934658
61934988
61936444
61966781
61935468
61936738
61935502
61936156
61935939
61934930
61935312
61936927
61934677
61936799
61936804
61936098
61936707
61936778
61935852
61935264
61935553
61937096
61935034
61935663
61936957
61937153
61936695
61936988
61935743
61936938
61936120
61935888
61937435
61967671
61936311
61937243
61939108
61937397
61937548
61936174
61936001
61937553
61937717
61968199
61936482
61937851
61937556
61937391
61936469
61936213
61937836
61968614
61936839
61937917
61936385
61936348
61936788
61938205
61937047
61936554
61938127
61936453
61936626
61937159
61938462
61937732
61938605
61938544
61938563
61936827
61937233
61938797
61969147
61937517
61938598
61938008
61938405
61938579
61938767
61937075
61938678
61937863
61937147
61937851
61938959
61937139
61938859
61939530
61937689
61969529
61969540
61939392
61939138
61939210
61938962
61939311
61937808
61939006
61937944
61939463
61969584
61969374
61938418
61937587
61937992
61939457
61937425
61938229
61939190
61939625
61938393
61939549
61969793
61938527
61939677
61939883
61970162
61938746
61940121
61970319
61938839
61940252
61970653
61939261
61939042
61938930
61938424
61940109
61940335
61970364
61938991
61940267
61938070
61939947
61940177
61938337
61938661
61940866
61938495
61940412
61940713
61970946
61939635
61940883
61971012
61939778
61939414
61971487
61939930
61939938
61941040
61940375
61940977
61941140
61941448
61971674
61971799
61941496
61941752
61941373
61971837
61940378
61941462
61939482
61941328
61941392
61941577
61971941
61940338
61941682
61972087
61940485
61939571
61941328
61941673
61940977
61940074
61940565
61941831
61939918
61941990
61941886
61942050
61972182
61942165
61941927
61941327
61940434
61940839
61942090
61972728
61941070
61942172
61942255
61942264
61942184
61941052
61941948
61972727
61942512
61940343
61972940
61941299
61942585
61940561
61972527
61972772
61972796
61942660
61941517
61942517
61941448
61940979
61941265
61942808
61973021
61941502
61942884
61973071
61942024
61942785
61973063
61941800
61942864
61941211
61942945
61943399
61941785
61941279
61943040
61941795
61942931
61943739
61941915
61941618
61942171
61941216
61974007
61942492
61943071
61941809
61942131
61943735
61942378
61974276
61942419
61943986
61942172
61942721
61974392
61974376
61941861
61942290
61942610
61944102
61944086
61974453
61942834
61944278
61974426
61943067
61944213
61974738
61943330
61943820
61943291
61944184
61944729
61943504
61944684
61942704
61944484
61944654
61943282
61945004
61945412
61945110
61975563
61943947
61945110
61942996
61945075
61943701
61975349
61945050
61944896
61945071
61975551
61944062
61945359
61975425
61944096
61945297
61943528
61945067
61944019
61945583
61975667
61944259
61944964
61944733
61945075
61945345
61945619
61943964
61945530
61944224
61945938
61945683
61944625
61945583
61945777
61943779
61945658
61945822
61946079
61976510
61944868
61946216
61976550
61945465
61945703
61945612
61945937
61946244
61946497
61976543
61976607
61945069
61946307
61944947
61944674
61944981
61946487
61976782
61945395
61946368
61946676
61944882
61945442
61946667
61976890
61946077
61946694
61977240
61946693
61946824
61977292
61977069
61944771
61977265
61946956
61946848
61945464
61977271
61945237
61945797
61946977
61946384
61945382
61947129
61945669
61947230
61947211
61945416
61945729
61946008
61947446
61977969
61946265
61947501
61977694
61946829
61947480
61946367
61945984
61946352
61947643
61945656
61947720
61947667
61947771
61978088
61946769
61947802
61947058
61947879
61947959
61978283
61946779
61948042
61945966
61947159
61948114
61948285
61978372
61947061
61947783
61947597
61947990
61948188
61946826
61948122
61948802
61948402
61978806
61947126
61948471
61978646
61947662
61947722
61947734
61946800
61947230
61948671
61979070
61947596
61948938
61979206
61947614
61948890
61946814
61949213
61948914
61947548
61948711
61948991
61949125
61979420
61947968
61949214
61949073
61949180
61949443
61979622
61948713
61948695
61949374
61948270
61949498
61948662
61949069
61949311
61948100
61949274
61947853
61948436
61949593
61948537
61949732
61949993
61950021
61947969
61949630
61950103
61949836
61948505
61950018
61948861
61950260
61980581
61949018
61950110
61950076
61948428
61950073
61948358
61949926
61950182
61949017
61950162
61950343
61949057
61948459
61950494
61950935
61981100
61950089
61950816
61950154
61949135
61949490
61951078
61981228
61949781
61950992
61949318
61950940
61951189
61949137
61950777
61950999
61951161
61981535
61950063
61951188
61950180
61950930
61951169
61950213
61951338
61949941
61951416
61981932
61950167
61950731
61951369
61981835
61950360
61951510
61951668
61981992
61950539
61950793
61950536
61952120
61951841
61982417
61950783
61951922
61951231
61951727
61951933
61952065
61982653
61950875
61952343
61982499
61951531
61952343
61950465
61952513
61952321
61950919
61952223
61952431
61952643
61983213
61951360
61952746
61983038
61951937
61952701
61950856
61952548
61952836
61983195
61951542
61952982
61950879
61952584
61951707
61951726
61952883
61953079
61983398
61951926
61953459
61983461
61951991
61953308
61983456
61952306
61953267
61952503
61951535
61951903
61953330
61983689
61951423
61953162
61953367
61952071
61953255
61952354
61984122
61953457
61952385
61953973
61953937
61953921
61953291
61952312
61953902
61954203
61984661
61952893
61954409
61984584
61954099
61954440
61954639
61984928
61953336
61954551
61984883
61954672
61952968
61984885
61953278
61954764
61984963
61954919
61954700
61954960
61985326
61954914
61955439
61955149
61985468
61954092
61955111
61953271
61955421
61953243
61955367
61985655
61955519
61955255
61955515
61953693
61954153
61955659
61954132
61954885
61956030
61954194
61955381
61954137
61955847
61955994
61986363
61954646
61956111
61986067
61954967
61955263
61955129
61986422
61954568
61956098
61986216
61954934
61955873
61954605
61954349
61954823
61955997
61954081
61955884
61955967
61956066
61954655
61954396
61956235
61956212
61986755
61955172
61956359
61955584
61956193
61956302
61955030
61956248
61956483
61956617
61987149
61955495
61956607
61954592
61956342
61956612
61955333
61955122
61956831
61955563
61955204
61955805
61957054
61955053
61957213
61957116
61957179
61955322
61957021
61955253
61955299
61956723
61955747
61956438
61987315
61956069
61956039
61957060
61957341
61955452
61955564
61955932
61957396
61987663
61956151
61957465
61955351
61957200
61957309
61955968
61957135
61956162
61957579
61987647
61956337
61957600
61987855
61956887
61956982
61956433
61957193
61957735
61956399
61957655
61956638
61958141
61957379
61958024
61958111
61957336
61958079
61958322
61988764
61958413
61958455
61957017
61956885
61958593
61958630
61956983
61989151
61957489
61958717
61958855
61989141
61957687
61958988
61989384
61957058
61958159
61989498
61957326
61957896
61959039
61959321
61958543
61959541
61959251
61959471
61958611
61957793
61958329
61959650
61957502
61959611
61959470
61959754
61959698
61958442
61959052
61957652
61959874
61959839
61958794
61959512
61958680
61959908
61958696
61957747
61959939
61958356
61990209
61959013
61959249
61959124
61960087
61960197
61990404
61958938
61960131
61958642
61990514
61958757
61960133
61958897
61990502
61958950
61960199
61990609
61959571
61960362
61958393
61960457
61960227
61990872
61960116
61959215
61960580
61958559
61960302
61959014
61959498
61960675
61960775
61958874
61959266
61960908
61990916
61960618
61960686
61959614
61959040
61959531
61960921
61991226
61959965
61961548
61961137
61991461
61991297
61961329
61959836
61960904
61959846
61961252
61991420
61961496
61961215
61961380
61991824
61960238
61961511
61992191
61960420
61961693
61963568
61960571
61961785
61960418
61960125
61960709
61961951
61992460
61992214
61962121
61962072
61961332
61960398
61960838
61962279
61960182
61962356
61962033
61960737
61960457
61960897
61962389
61992414
61961062
61962158
61962237
61962442
61992707
61961180
61962611
61960562
61961752
61962830
61962646
61962096
61961367
61963192
61962956
61960907
61963064
61963302
61962102
61962712
61962957
61963067
61993336
61962344
61963135
61962419
61961410
61961768
61963219
61993607
61962268
61963317
61961398
61961199
61963380
61961331
61963638
61963950
61962061
61961921
61962248
61963750
61994023
61962765
61963254
61962322
61963520
61963748
61963933
61994442
61962647
61963995
61962063
61964079
61964061
61962649
61963836
61962521
61962491
61963950
61972741
61964600
61964669
61966211
61964803
61996875
61965183
61966554
61964430
61966341
61966441
61965324
61965074
61965303
61966768
61997133
61965725
61966265
61964818
61965035
61966638
61965372
61965229
61965860
61965751
61967366
61997693
61966313
61967568
61997791
61966978
61965602
61966627
61965792
61966187
61967697
61998175
61967754
61967949
61967941
61998433
61966739
61968169
61967405
61966358
61966894
61968235
61998503
61967042
61968513
61998799
61967854
61968580
61967392
61999175
61967340
61968691
61999152
61968150
61968941
61968749
61969064
61999284
61968310
61969074
61967159
61968842
61968909
61969224
61967051
61968958
61968920
61969194
61999630
61967982
61969255
61999334
61968408
61969271
61967165
61968005
61969146
61968021
61967816
61968034
61984513
61983845
61984221
62014875
61984618
62014899
61983870
61984736
62015070
61983863
61985081
61983125
61985329
61985137
61985397
62015785
61984097
61985301
61983177
61985006
61985328
61985585
62015909
62015600
61985623
62015806
61984886
61985738
61983969
61985668
61985927
61986160
61984324
61985972
61986355
61984033
62016548
62016605
61986448
61986236
61986564
62017019
61985261
61986516
61985827
62017064
61985320
61986644
62017064
61985176
61986695
62017019
61985104
61986709
61985751
61986511
61986798
62017043
61985752
61986860
62017251
61985762
61986943
62017589
62017475
61986031
61987178
61985121
61987377
61987548
61986417
61985524
61986132
61987258
61986569
61985736
61987241
61985989
62017973
61986279
61987662
62018202
61986482
61987803
62018346
61986482
61987902
62018026
61986670
61986391
61987968
62018268
61987269
61986890
62018345
61986271
61987293
61988365
61988051
62018420
61987549
61987443
61987359
61986415
61986999
61988148
62018382
61987537
61987683
61986921
61986671
61986962
61988338
62018938
61987253
61988399
61986323
61988525
61988452
61988535
61986859
61987162
61988641
61986972
61987269
62019320
61987665
61989152
61987324
61987877
61989260
61987393
61989088
61989337
61987549
61988157
61988055
61989268
61989541
62019850
61988303
61989603
62019858
61989786
61989495
61989734
61987760
61987937
61988614
61990110
61989863
61987957
61988250
61988272
62020422
61989826
61989549
61988604
61989179
61989966
62020239
62020114
61989882
61989240
61989722
61988620
61990270
62020255
61990189
61989531
61988214
61990388
61990434
61990392
61990247
61989129
61990524
62020908
61988457
62020930
61990383
61989345
61990719
61988679
61990610
61990732
61991094
62021482
61989850
61990968
61988888
61989212
61990887
61989594
61989206
62021268
62021373
61989337
61991128
61989956
61991406
61991520
61989620
61990073
61991319
61990848
61989840
61990211
61991791
62022129
61990592
61991697
61991008
61991857
62022481
61990769
61992090
62022241
61990910
61992274
61990914
61992026
61990927
61992405
62022631
61991242
61992490
61990707
61992407
61990223
61991921
61991045
61991305
61992905
61992216
61990824
61992998
61992911
61992917
61992125
61991252
61991607
61993089
62023666
61991905
61993249
62023597
61991991
61993345
61992506
62024057
61992287
61993399
62023600
61993566
61993369
61993521
62024055
61992333
61993597
62024044
61992488
61993662
61992367
61992186
61992565
61994061
61991817
61991758
61993737
61992332
62024261
62024317
61993856
61992827
61994179
61992456
61992323
61993995
62024528
61992579
61993183
61994528
62024764
61994762
61994638
61994720
62024832
61993963
61994628
61992590
61994750
61994568
61993275
61993207
61994712
61993437
62025598
61993854
61995072
62025518
61993953
61995001
61995237
62025457
61994422
61995186
61994421
61993491
61995101
61995228
62025647
61994365
61995236
61995472
62026046
61994295
61995637
62026123
61994521
61995848
62026062
61994774
61995440
61994969
61995786
61995758
61996072
62026420
61994943
61993880
62026735
61995942
62026493
62026667
61995640
61996357
61994376
61996144
61996352
61995080
62026981
61995285
61996585
62027122
61995893
61996694
61994877
61996382
61996558
61996751
62027163
61995639
61996792
61995336
61995083
61996808
61995523
61996704
61996858
61997121
62027595
61997276
61995811
61997303
62027585
61997400
61997758
61996319
61995923
61996120
61997762
62027787
61996950
61997837
62027966
61996518
61997725
61997060
61997388
61997743
61998024
62028228
61997113
61997881
61997861
62028380
61996544
61997830
61998030
62028445
62028302
61998169
61998017
61998234
61996893
61997000
61998279
61996374
61998630
61998571
61997019
61998312
61997248
61998767
62028990
61998974
61998838
61997414
61997220
61997612
61999053
62029438
61997691
61999087
61999149
61997300
61997651
61999115
61997026
61999111
61999015
61999235
61997590
61997887
61997247
62029620
61999201
61999654
61999713
62029861
61999871
61997788
61999565
61998658
62000108
61998135
61999177
62000256
61999529
61998531
61999142
62000428
62030453
61999593
61999797
61999197
62000063
62000343
61998985
62000618
61998804
61998940
61999407
62000818
62031041
61999439
62000665
61999660
62000626
62000592
61999637
62001047
62031425
61999958
62001137
62000103
62000949
62001205
62001373
62031702
62000086
62001447
62031592
62001518
62001343
62001504
62032066
62000961
62001718
62031662
61999929
62000479
62001781
62000522
62000437
62000455
62001892
62032195
62001505
62000651
62001999
62000084
62001953
62002086
62002305
62032736
62001005
62002236
62001499
62001951
62000910
62002330
62000288
62001949
62002157
62002369
62032613
62001254
62001170
62002341
62002656
62002217
62002237
62002449
62032699
62001456
62002443
62002751
62032947
62002804
62002465
62002674
62002655
62002755
62001139
62033248
62001435
62002992
62033237
62002815
62033302
62003078
62003129
62001511
62001494
62001931
62003258
62002566
62002898
62003133
62003492
62002994
62003226
62003547
62033589
62003351
62003261
62003500
62033744
62002173
62003262
62003584
62001742
62001823
62003374
62033645
62002336
62003264
62003464
62033922
62002720
62002975
62002453
62001940
62001788
62002426
62034261
62002918
62003964
62002527
62004019
62034327
62004055
62003578
62034453
62004264
62004062
62004319
62004144
62003786
62004487
62004611
62035144
62003308
62004629
62034822
62003315
62004393
62003308
62002897
62003378
62004701
62003722
62003469
62003615
62003695
62003849
62004219
62003745
62004910
62005063
62035318
62003825
62005114
62003069
62004911
62005078
62035234
62003390
62004214
62004770
62003964
62005095
62004029
62005617
62036048
62004266
62005689
62035837
62004434
62005803
62004480
62005784
62004630
62006074
62036246
62006217
62005953
62006117
62006017
62004850
62005935
62004864
62006257
62006262
62005873
62006544
62004866
62006020
62005559
62037261
62006964
62007060
62007116
62037554
62005796
62007102
62007278
62037503
62005948
62007158
62006555
62005518
62007139
62007300
62037766
62006021
62007136
62005878
62005684
62006128
62007517
62037532
62005540
62005613
62005750
62007071
62007141
62005990
62006447
62007813
62007034
62005971
62006223
62007613
62005720
62007494
62006423
62007838
62005708
62007581
62006482
62008022
62038153
62006884
62007965
62006103
62007795
62006618
62007963
62038413
62007118
62006790
62007305
62038473
62006533
62007052
62008246
62006453
62008098
62008342
62008572
62038784
62007715
62008532
62006528
62008435
62007141
62008657
62007869
62008782
62008757
62007496
62006914
62007370
62008973
62039331
62007604
62008733
62006916
62008735
62008851
62009036
62039292
62008908
62009213
62039284
62007433
62009305
62007778
62009485
62007334
62009532
62009303
62009563
62040157
62008485
62009600
62007739
62040141
62008458
62009693
62007473
62009818
62009599
62009791
62040230
62008659
62009777
62009884
62040430
62008567
62008578
62008428
62009723
62008586
62008936
62009803
62010080
62040489
62008797
62010220
62008062
62010208
62009814
62008399
62009929
62008892
62010236
62008774
62009993
62008253
62040647
62010616
62040673
62040948
62009956
62010556
62010749
62041220
62009572
62010773
62010285
62010433
62010719
62009562
62009130
62041170
62011175
62010224
62011209
62010468
62009487
62009909
62011292
62041513
62010722
62011384
62009339
62011728
62011545
62009551
62011178
62011383
62010052
62011284
62010195
62011660
62041997
62010667
62011768
62011886
62011900
62009735
62011658
62011668
62010375
62010116
62011627
62009694
62011407
62010328
62011829
62009857
62042494
62010832
62011663
62010687
62011915
62011236
62011606
62010564
62012053
62042473
62011272
62012176
62010172
62010852
62012129
62010899
62042643
62010963
62012338
62010289
62011281
62012441
62012402
62042825
62011009
62042821
62042629
62012445
62012341
62012526
62043072
62011178
62012427
62011218
62010964
62011302
62012838
62043031
62011559
62012759
62012002
62011484
62012715
62012149
62010983
62010645
62043200
62043273
62012534
62012814
62013027
62043429
62012338
62012409
62011969
62012972
62013282
62012619
62013275
62013548
62043794
62012876
62013637
62012768
62013230
62013561
62014057
62012060
62011905
62044125
62013504
62013974
62014251
62044417
62014373
62014136
62014257
62012894
62014351
62013379
62012527
62013009
62014251
62012373
62014182
62014378
62012991
62012923
62014469
62014712
62044926
62013436
62013424
62013031
62013615
62014990
62014287
62014855
62015018
62015217
62045519
62015260
62045531
62013676
62014109
62015313
62014886
62014157
62014438
62015500
62015532
62015626
62015437
62015715
62015092
62014581
62015882
62015182
62014255
62014586
62016068
62046365
62015966
62016008
62046293
62014783
62015946
62015394
62014559
62016101
62016350
62046928
62014289
62016079
62016390
62016575
62046747
62015510
62016473
62016531
62016642
62016625
62046851
62015394
62015542
62016522
62016752
62047034
62015651
62016749
62015636
62015161
62016727
62016912
62047401
62015902
62016289
62014951
62016797
62016813
62017087
62047523
62016013
62016985
62015875
62047416
62017289
62017475
62017172
62015637
62017384
62017463
62047661
62016454
62016674
62017250
62017673
62048132
62016533
62017863
62017044
62017458
62017745
62016363
62016135
62017664
62017771
62048247
62018014
62017705
62017863
62016150
62017887
62018198
62048632
62016824
62018206
62048591
62016063
62016448
62017158
62018260
62017524
62017979
62016981
62018460
62016384
62018422
62018376
62018517
62048867
62017312
62018440
62017176
62016913
62017142
62018719
62048949
62017460
62018687
62017896
62018348
62018598
62018825
62049091
62017045
62017457
62018888
62049299
62016639
62049269
62017755
62019113
62018225
62018643
62017756
62019282
62049441
62018347
62018653
62017145
62017968
62019170
62019472
62049734
62018305
62019355
62017577
62019348
62018573
62018586
62049757
62018130
62019488
62049564
62019503
62019246
62019468
62049934
62018785
62019522
62018983
62019659
62019513
62019803
62050228
62018545
62019851
62019129
62019556
62019788
62018520
62018860
62019918
62020257
62050618
62050558
62019411
62050630
62020462
62020423
62019217
62050864
62019164
62020391
62020729
62050751
62019887
62020555
62019938
62020311
62019273
62021017
62018842
62020795
62021121
62020773
62051420
62019609
62019681
62020882
62051228
62019771
62020968
62019899
62020843
62021024
62020010
62020203
62052020
62020668
62021292
62021437
62051660
62021586
62021366
62020725
62019801
62021354
62021754
62051731
62020894
62019792
62051884
62019506
62021619
62020448
62021758
62019805
62020200
62020709
62021852
62020855
62022461
62022119
62052342
62052478
62020143
62022338
62022077
62021932
62021364
62022108
62022260
62022258
62022369
62052494
62021622
62022523
62020998
62020753
62021046
62022586
62053099
62021636
62021757
62020939
62021311
62022793
62052997
62022898
62023160
62022898
62053222
62021694
62022898
62020832
62023280
62022923
62023060
62053541
62021856
62053542
62021647
62022034
62023266
62021179
62023076
62023226
62021847
62021759
62022195
62023475
62053674
62022346
62023550
62021734
62023553
62023651
62023774
62022064
62022501
62023750
62021831
62053900
62023091
62022726
62054262
62054326
62023348
62023657
62022639
62054655
62054558
62024510
62024157
62024294
62054594
62023519
62024318
62022780
62054798
62023183
62024490
62022451
62024297
62024604
62024772
62054871
62024731
62024864
62024987
62023350
62023650
62024992
62023144
62025274
62025071
62025434
62023673
62023898
62023931
62055681
62024237
62025337
62025498
62055608
62024177
62025417
62055747
62024099
62025393
62025629
62056134
62024496
62025724
62025886
62056117
62024749
62025904
62024242
62056355
62024618
62025897
62025184
62024315
62024599
62026323
62024753
62026026
62026337
62056466
62024557
62025141
62024831
62026316
62056859
62056894
62025789
62026389
62026609
62057203
62025375
62026681
62025469
62025246
62026772
62026902
62057367
62026114
62026433
62025820
62025682
62027454
62027167
62057366
62027104
62026939
62025595
62025264
62025680
62027189
62026356
62025412
62025729
62027221
62027352
62025674
62057754
62026388
62027170
62027379
62057842
62026567
62027544
62058138
62026395
62027687
62026451
62057965
62026403
62027668
62026892
62027579
62026155
62027647
62057851
62026580
62027703
62027984
62058099
62026756
62026479
62026510
62027968
62027886
62026833
62028198
62028288
62058516
62028246
62028057
62028354
62028284
62028208
62028447
62058670
62026797
62027302
62028558
62028562
62028669
62058798
62026859
62027497
62028534
62028799
62028007
62059025
62028649
62027649
62028197
62028663
62027392
62028833
62058964
62027361
62028630
62027648
62028456
62027339
62028753
62030475
62028889
62029007
62026896
62027182
62027598
62029021
62028182
62059521
62028262
62028988
62028423
62027407
62027874
62027879
62029187
62029294
62027221
62029430
62028645
62027872
62059791
62029071
62028287
62029472
62028147
62028325
62028818
62028416
62029563
62029601
62029893
62060250
62060022
62060331
62028838
62029826
62060126
62029993
62028449
62029841
62030150
62028577
62060374
62028350
62029347
62030105
62030365
62029577
62060446
62029558
62028598
62030446
62029028
62030511
62030294
62030377
62030562
62030486
62030355
62028747
62030721
62029509
62030672
62030721
62029940
62030526
62029986
62030804
62030932
62029435
62061302
62030820
62029367
62028950
62031175
62030942
62031119
62029715
62030939
62031199
62031402
62029083
62061513
62029208
62061883
62030990
62030134
62029988
62031405
62031481
62029807
62029541
62061832
62061685
62031607
62031431
62031613
62029499
62031575
62030222
62061884
62031345
62031529
62031639
62031589
62031376
62061917
62030474
62031039
62031892
62062351
62031960
62031915
62031964
62031983
62031937
62031595
62032054
62030633
62032242
62032298
62031028
62031402
62031475
62032285
62032413
62032391
62031531
62030050
62031643
62030861
62031635
62062946
62062815
62031939
62032496
62030790
62031360
62032745
62031583
62031653
62033067
62032668
62063034
62031896
62032472
62032638
62063077
62032472
62032576
62031603
62031423
62032759
62033078
62031042
62030941
62063399
62031951
62033206
62031835
62032895
62063494
62032546
62031153
62063924
62033041
62032676
62063685
62032143
62033258
62032378
62033456
62032298
62031963
62032311
62034098
62033695
62034151
62033933
62031723
62033586
62033753
62033921
62064333
62033936
62033469
62035379
62034625
62035928
62035307
62034439
62034801
62036275
62036352
62035096
62066690
62036064
62036547
62036283
62036771
62067109
62036749
62036646
62036711
62067175
62035531
62036670
62036774
62035630
62036099
62035859
62035477
62036826
62035927
62035946
62037150
62067354
62037227
62037028
62067734
62067694
62067802
62036764
62036672
62067689
62037806
62037678
62037714
62037575
62036868
62037769
62037948
62037857
62037759
62037965
62037751
62037742
62037743
62037792
62036109
62035823
62068062
62037732
62037882
62036777
62036892
62068452
62068502
62038184
62036989
62037004
62038471
62068644
62036950
62038617
62037134
62038673
62036838
62038711
62037254
62038791
62038840
62038896
62038026
62037528
62069140
62038048
62038784
62039098
62037543
62069234
62069235
62069446
62038014
62039054
62037550
62037366
62037796
62038987
62039038
62039190
62038432
62069589
62038913
62038156
62039148
62037368
62069565
62038537
62039485
62038217
62069755
62038793
62039690
62038262
62038750
62038353
62040247
62039970
62070083
62039995
62039851
62040135
62038062
62038283
62038918
62040105
62040226
62039318
62070332
62040188
62038695
62040280
62040168
62070466
62039863
62038965
62040272
62040427
62040456
62038978
62040204
62038933
62040094
62040405
62070838
62039300
62040316
62038990
62040680
62038508
62038829
62039296
62040754
62070812
62040861
62040771
62040861
62040921
62071192
62039846
62040869
62038729
62040614
62041203
62040959
62071183
62039752
62039599
62040236
62041047
62039272
62039267
62039518
62071343
62071389
62041143
62041139
62041232
62071600
62040045
62041368
62039954
62071892
62040135
62041390
62039413
62071885
62040250
62041490
62041557
62040471
62041557
62040714
62040017
62041576
62040649
62071961
62040754
62040082
62041488
62040989
62039978
62040343
62041794
62072170
62040778
62040628
62040417
62040785
62040793
62040619
62042217
62042066
62042179
62040140
62041145
62042397
62041178
62040668
62040693
62041163
62041795
62042432
62040780
62042588
62041855
62042602
62042704
62041441
62041024
62073064
62040782
62073104
62042384
62042614
62041721
62042673
62042841
62041653
62073291
62043091
62043291
62042964
62041224
62042872
62041809
62042974
62043320
62073396
62043058
62043136
62073712
62041492
62042038
62043228
62042553
62043439
62073809
62043559
62043570
62042334
62042331
62043611
62042348
62043549
62043495
62043647
62074008
62043033
62043766
62042046
62041827
62074174
62043798
62043038
62044225
62044055
62044149
62042451
62043091
62074615
62042220
62042228
62042788
62044445
62043645
62043465
62044294
62044042
62043275
62044330
62044436
62044451
62043751
62042447
62074786
62043450
62043435
62044650
62044541
62075099
62043114
62043479
62044645
62042914
62075160
62075192
62044643
62043627
62044812
62045099
62044960
62075637
62044792
62075391
62075482
62045349
62043514
62044500
62045250
62045467
62075534
62075623
62044021
62044173
62045135
62045484
62044552
62075649
62075714
62045040
62092860
62062207
62061691
62062315
62061129
62092841
62092886
62061383
62061839
62062671
62062052
62093244
62061539
62062848
62061513
62063190
62062831
62062898
62062916
62062233
62061630
62062814
62061585
62062048
62062425
62062987
62063094
62093298
62063620
62061121
62063302
62063303
62093880
62062308
62093959
62063223
62062421
62063458
62062068
62093972
62063677
62062194
62063632
62063626
62093849
62063342
62063412
62063622
62063571
62094229
62061811
62094285
62063614
62062792
62063866
62064142
62062007
62062546
62062849
62064160
62064592
62064190
62064369
62064496
62064504
62094719
62063615
62064536
62064386
62064664
62094885
62063750
62062446
62064730
62064762
62064639
62064893
62064828
62064701
62095171
62095160
62095335
62095365
62063578
62063136
62065191
62064362
62095296
62063446
62064181
62065638
62065444
62063150
62063494
62063982
62065347
62065530
62063399
62065587
62095742
62063872
62064391
62065507
62065734
62095764
62063961
62064934
62064299
62065125
62065079
62063591
62065879
62065976
62065875
62065978
62096016
62065976
62065753
62066020
62065126
62064192
62065019
62064616
62096472
62064419
62065055
62066283
62066448
62064983
62066543
62066327
62066522
62066652
62066616
62065229
62065271
62066784
62066553
62066704
62066674
62064999
62097123
62066777
62065670
62066752
62067000
62067076
62066766
62066757
62066983
62067036
62066241
62097781
62065492
62065768
62066002
62067482
62067115
62067171
62067436
62067412
62067274
62067055
62097804
62065949
62067496
62067528
62065830
62067813
62066527
62066767
62067407
62067240
62066387
62066744
62067229
62067570
62067783
62067993
62066293
62067856
62068004
62067199
62098396
62066740
62067951
62068120
62098308
62067821
62066757
62066717
62068065
62067961
62068016
62066653
62066421
62067005
62067149
62068316
62068458
62067673
62066318
62098680
62098936
62068624
62067132
62068385
62066721
62098813
62068573
62068521
62068781
62068591
62068578
62068807
62067784
62099184
62067533
62069262
62068991
62069023
62067094
62099400
62099256
62099358
62068902
62069328
62068075
62068158
62067832
62069160
62067981
62069176
62067942
62069281
62067907
62069248
62069561
62069331
62069499
62068116
62068364
62068440
62069254
62069850
62100192
62067646
62100324
62069951
62068847
62069126
62069960
62068682
62068189
62070153
62100481
62100480
62100610
62069545
62070316
62070329
62068536
62069244
62101039
62069871
62070428
62070688
62070645
62070902
62070152
62069136
62069600
62069457
62070839
62070882
62071098
62070166
62101144
62101328
62071041
62071111
62071218
62069712
62071027
62070987
62071046
62071475
62071161
62071496
62071231
62071253
62071445
62070060
62071189
62071181
62071275
62071358
62071294
62069821
62070239
62071458
62101814
62071447
62071640
62070782
62069900
62070601
62071400
62070930
62070600
62069954
62070562
62071506
62071421
62072020
62102342
62070910
62071039
62072346
62070967
62071332
62070818
62071864
62071874
62070038
62072232
62071055
62072127
62072175
62072279
62071395
62102884
62102817
62102748
62072303
62102919
62070854
62102731
62071767
62103208
62102804
62103026
62072078
62102893
62070923
62072331
62070957
62071992
62072859
62071829
62103171
62103281
62103241
62103271
62071608
62072573
62071955
62072898
62071856
62072034
62073120
62073046
62073136
62072882
62071726
62071662
62071825
62072948
62073147
62071067
62072906
62072057
62071876
62073253
62073448
62073439
62073508
62072518
62073299
62072268
62072218
62071783
62104248
62104077
62104151
62073727
62072048
62073220
62072391
62073717
62073693
62073760
62072917
62074232
62074017
62071930
62072240
62072824
62073343
62072668
62074428
62072654
62072137
62072471
62074370
62072991
62074219
62074422
62072223
62104559
62104545
62072600
62104802
62104944
62074088
62072576
62074529
62072524
62072978
62073140
62072613
62073147
62074449
62074667
62074819
62074940
62073680
62074976
62076705
62074908
62074953
62073789
62073872
62105595
62075324
62075325
62073180
62105465
62073399
62075200
62075379
62075219
62075361
62075813
62073867
62105824
62075588
62074293
62075668
62075680
62106293
62075471
62106024
62105890
62075457
62074097
62074708
62075488
62074135
62075121
62074603
62074165
62075197
62074668
62075405
62075810
62075282
62074895
62074940
62076448
62076265
62076098
62076066
62075426
62075008
62074563
62106827
62075627
62076524
62075359
62106900
62076124
62074842
62074429
62106961
62106875
62076271
62076455
62076705
62075168
62075697
62075465
62075331
62075227
62076614
62076716
62076967
62076839
62076895
62077023
62077055
62077245
62077205
62075081
62107585
62107703
62075516
62075209
62077411
62077214
62077328
62077299
62075788
62077489
62077449
62075376
62107836
62076372
62076247
62077572
62077634
62075966
62076942
62076712
62076219
62077588
62075597
62077419
62077726
62077836
62077365
62076539
62076780
62076716
62077860
62077966
62078043
62077432
62108575
62077858
62076892
62078384
62078396
62077560
62077667
62077528
62108694
62077974
62078281
62078463
62108742
62076177
62077674
62078345
62076169
62108684
62078492
62078314
62078673
62076483
62076807
62078601
62078811
62078740
62078776
62078774
62077978
62076753
62078688
62078002
62109118
62077607
62078657
62109149
62078021
62078785
62079094
62077259
62079067
62079423
62079455
62078181
62109533
62109629
62109846
62079021
62078435
62077946
62078638
62079446
62078775
62109605
62109813
62079662
62078741
62109861
62079707
62078403
62078213
62078853
62079780
62079628
62079831
62078374
62078222
62078997
62110088
62110190
62079475
62078603
62079778
62110201
62079605
62079182
62078674
62079998
62079397
62080115
62078770
62079485
62079517
62078361
62080351
62080311
62080541
62080628
62079132
62110666
62080623
62080546
62080420
62080905
62080026
62080568
62079218
62080625
62080667
62080720
62080868
62080948
62080830
62078936
62080893
62080784
62079580
62111116
62111124
62111036
62080808
62080604
62080543
62079176
62080497
62079652
62080924
62081045
62111222
62080873
62079846
62081228
62079937
62079390
62079857
62081264
62080524
62111734
62080116
62111775
62081475
62081343
62080650
62111975
62079927
62081326
62081391
62081485
62080372
62080164
62081337
62111921
62080191
62112331
62080858
62081685
62081892
62081900
62112094
62112246
62081736
62081679
62082200
62081943
62081980
62081416
62081374
62081454
62080490
62112799
62081211
62080994
62082397
62082488
62080387
62112678
62080733
62112768
62081050
62082683
62081897
62112868
62112940
62082272
62081388
62081486
62081350
62081526
62082598
62082696
62082423
62082860
62082075
62113192
62082681
62082113
62082846
62083154
62083049
62082877
62082933
62083046
62083187
62081721
62083339
62081980
62113372
62081491
62082123
62083427
62083257
62083436
62081465
62114011
62113918
62083283
62083787
62082507
62084115
62083863
62082390
62114334
62082800
62083763
62083996
62083980
62084039
62082566
62081971
62082555
62084068
62081947
62084166
62084023
62084357
62084146
62083447
62084213
62083114
62084162
62084247
62084242
62083098
62083998
62082679
62082961
62084460
62084417
62084694
62084241
62084697
62083294
62084435
62084605
62084637
62084765
62082641
62082931
62083641
62084775
62084970
62084089
62084135
62115086
62082850
62085195
62115249
62084818
62085063
62085358
62115558
62085205
62084311
62083841
62085309
62084010
62085376
62084641
62085230
62085547
62083471
62085225
62084338
62085589
62085766
62083396
62083846
62084379
62085427
62085775
62084183
62116094
62085245
62084837
62085566
62085382
62084454
62085853
62085909
62085925
62085957
62116108
62085633
62084788
62086183
62084335
62085442
62086150
62086169
62086245
62085037
62084924
62085212
62085098
62086660
62086245
62086345
62086588
62086472
62085002
62086369
62084771
62084518
62085286
62086595
62085884
62086761
62085548
62086751
62086768
62085494
62086924
62086804
62086847
62086956
62087267
62085164
62117516
62117761
62086575
62087359
62086670
62117640
62087526
62086150
62087498
62086611
62087422
62086713
62086379
62086626
62087684
62086604
62118342
62087239
62086694
62088096
62086436
62118385
62088159
62087911
62088101
62088211
62086985
62088252
62088349
62118508
62086520
62087346
62088519
62087406
62088260
62087277
62119003
62087832
62087363
62086856
62087610
62088746
62087768
62087505
62088742
62087761
62119230
62087811
62088825
62089041
62089269
62089033
62119432
62089417
62089190
62089060
62089395
62088494
62119676
62087548
62119740
62087608
62087702
62089220
62089472
62089543
62089565
62089504
62089485
62087978
62087643
62088060
62088362
62088885
62088421
62088672
62088512
62088736
62089904
62090526
62090151
62088000
62120668
62089089
62090173
62088437
62089117
62088810
62089442
62088668
62090082
62090417
62120495
62089951
62088999
62090569
62089696
62088814
62089633
62089454
62090630
62090823
62090954
62088796
62121134
62090460
62089580
62089402
62090820
62090883
62089365
62121293
62088991
62090442
62089713
62089437
62090735
62088644
62121301
62090443
62089663
62090915
62091070
62091109
62088975
62121482
62090152
62090021
62089960
62091229
62091176
62091512
62090567
62091528
62090206
62089357
62089790
62090411
62090760
62091464
62091799
62091828
62089659
62089688
62121914
62090057
62122118
62122187
62091928
62091763
62092123
62090370
62122250
62090314
62092020
62090687
62092238
62092389
62091589
62091143
62092644
62092393
62092384
62092334
62091125
62092443
62092535
62090971
62122981
62090914
62123260
62092482
62091115
62092400
62092965
62091576
62091536
62123191
62091936
62093058
62091945
62091449
62091910
62093340
62093242
62123756
62092353
62093413
62091546
62091801
62124038
62092913
62124006
62093448
62093646
62092401
62124191
62092728
62093782
62093897
62124209
62093646
62092505
62093898
62123984
62093134
62093720
62092723
62124481
62092774
62094194
62094362
62094059
62092565
62124654
62092911
62093387
62093129
62094456
62094649
62094537
62094563
62094667
62094651
62093815
62094742
62093893
62092613
62094114
62125240
62094958
62094187
62095152
62094109
62095165
62125358
62094262
62095114
62093287
62125696
62094471
62095065
62095130
62093198
62125496
62093179
62093221
62125862
62095575
62094020
62094822
62125665
62093783
62094527
62094474
62095570
62095776
62126089
62095690
62094466
62095931
62094674
62095202
62126349
62096021
62094885
62095979
62094189
62095783
62094663
62096152
62094736
62126580
62126526
62095476
62096145
62096330
62126616
62094296
62098023
62096318
62095208
62126886
62095293
62096351
62096652
62126759
62096329
62094890
62127088
62096852
62095476
62096752
62096931
62096119
62096861
62097083
62095703
62097410
62097585
62127765
62096476
62097060
62097317
62096412
62127854
62096117
62097246
62096653
62097247
62097407
62097671
62096819
62127998
62097196
62096514
62097923
62097901
62097044
62128277
62098219
62096849
62128273
62097928
62097062
62098212
62098352
62098378
62097518
62128675
62098043
62097101
62098343
62098608
62098656
62098453
62097127
62128828
62097681
62098612
62098767
62128947
62097374
62129035
62098765
62097976
62098638
62097302
62099153
62096988
62096999
62098894
62098998
62097469
62098398
62129560
62098053
62098408
62099805
62097254
62099415
62129574
62099505
62099367
62097335
62097880
62098126
62099669
62130060
62098543
62099537
62099804
62099763
62099939
62098250
62130078
62099939
62099825
62100085
62100162
62099401
62098059
62098379
62099267
62098883
62099982
62100074
62100202
62100286
62099300
62130704
62098538
62099259
62099103
62100526
62100490
62098506
62100143
62099119
62100554
62098481
62098681
62099804
62099177
62100495
62100659
62100661
62131076
62099724
62100812
62098954
62099298
62099708
62100852
62100908
62101205
62131436
62099909
62101125
62101262
62099186
62131744
62100461
62101179
62101278
62101502
62100109
62100271
62101448
62101627
62131769
62101201
62100423
62100982
62101718
62100197
62132014
62100193
62099663
62099824
62101604
62101663
62100631
62102234
62101979
62101958
62101993
62102015
62102191
62102127
62102098
62101518
62101038
62102257
62102298
62102412
62102506
62101201
62102601
62101867
62100800
62102415
62101179
62102647
62101961
62102445
62102515
62102547
62102589
62101502
62101749
62102659
62133350
62133317
62133057
62102183
62103036
62133276
62101260
62102244
62102260
62102755
62133411
62133619
62103525
62103110
62101908
62101226
62102146
62103165
62103607
62102378
62103541
62103830
62133863
62101927
62103851
62103979
62102002
62134251
62103121
62103830
62104176
62134305
62103204
62102481
62104079
62102744
62104026
62103884
62103988
62104116
62104213
62103565
62134572
62104021
62103141
62103009
62134604
62102688
62102669
62104531
62103478
62104228
62104509
62104670
62104477
62105031
62104551
62104450
62103779
62104549
62104607
62104868
62104695
62104649
62104622
62103314
62104576
62104950
62103653
62105000
62103666
62103688
62105016
62105105
62105158
62105418
62104760
62135463
62105088
62104823
62103794
62103984
62103409
62105282
62104045
62104887
62103527
62103661
62105103
62104055
62104685
62105421
62135713
62104329
62105200
62105498
62103582
62103708
62104316
62105589
62105621
62135852
62105387
62104588
62105852
62104420
62105656
62103816
62136289
62105834
62136326
62104311
62136521
62105829
62105488
62104579
62105177
62106297
62106578
62108200
62106536
62104350
62106028
62105288
62106411
62106638
62136941
62106684
62106292
62105292
62106588
62106778
62136992
62106390
62105304
62106611
62105323
62105149
62106227
62107311
62107220
62106206
62137374
62107220
62105662
62107082
62107248
62137342
62105430
62107415
62106074
62105395
62106634
62107169
62107453
62107417
62107545
62137742
62105398
62137856
62105400
62107509
62137821
62137860
62105698
62106607
62107311
62106397
62106453
62106382
62107628
62107714
62106429
62107744
62107669
62107869
62107894
62107082
62138442
62107871
62138516
62105899
62106778
62108218
62108356
62107417
62106841
62108153
62108327
62108504
62107122
62138733
62106744
62138917
62108331
62107451
62108714
62108708
62106734
62107051
62108027
62108096
62107664
62108783
62108760
62108966
62106825
62139239
62108782
62107874
62107711
62109196
62109246
62107992
62107095
62109218
62109038
62108703
62139810
62109768
62107618
62139785
62139961
62109321
62109705
62139986
62109558
62140152
62108408
62109751
62109946
62140273
62108834
62109837
62108758
62110279
62110016
62140180
62110116
62109866
62110116
62107914
62108253
62110156
62110230
62140380
62110167
62109498
62110221
62110414
62110242
62108967
62110381
62110470
62109805
62108756
62109785
62109946
62108840
62109034
62109707
62110945
62111025
62108939
62110246
62110981
62111133
62108913
62141574
62111180
62109873
62110127
62109923
62110017
62111272
62111348
62110611
62141808
62141777
62111185
62141768
62141792
62109355
62111582
62111412
62111676
62110233
62109624
62109968
62110501
62142272
62111432
62110460
62111807
62111881
62111964
62111598
62142192
62111862
62110378
62111771
62113241
62113624
62113619
62113918
62113769
62144350
62114205
62114179
62113192
62114366
62114838
62114683
62114520
62114559
62113510
62113244
62113211
62112804
62112853
62114884
62113785
62114705
62145377
62114332
62115253
62114461
62114032
62114112
62145640
62114476
62115387
62113866
62115348
62115677
62115221
62115542
62114300
62115525
62115533
62115476
62145982
62115643
62114379
62114356
62115851
62114254
62115525
62146154
62114451
62114370
62115934
62115932
62115209
62115781
62115795
62114744
62115130
62116246
62114891
62115942
62116159
62114679
62116172
62116167
62115036
62114962
62115229
62116386
62116332
62146707
62146670
62146438
62146748
62114608
62115452
62116520
62116566
62116416
62146632
62146833
62116046
62116260
62115833
62115234
62147022
62116719
62116714
62115585
62116684
62115179
62116240
62115866
62115868
62117463
62116991
62117139
62117199
62117179
62117205
62117141
62117302
62116463
62147551
62116953
62147687
62115594
62116656
62116200
62117756
62117290
62147476
62115591
62115341
62116706
62117671
62117733
62117714
62117644
62117631
62117615
62116238
62117810
62117827
62117931
62147949
62117523
62116674
62118039
62116755
62148392
62116936
62118059
62118275
62116738
62118124
62117545
62118030
62118412
62118464
62117798
62117293
62118573
62116709
62116992
62117446
62118818
62118040
62149447
62117752
62117569
62117604
62117619
62119282
62117672
62117162
62119165
62119228
62118760
62119278
62119368
62119243
62119323
62119252
62117553
62119107
62149769
62117852
62149831
62119595
62119351
62150085
62149787
62119567
62149793
62118868
62118236
62118316
62118187
62117657
62150315
62118605
62118469
62119144
62118527
62118722
62119900
62119956
62120101
62120355
62119434
62120176
62119763
62120100
62118908
62118508
62119020
62119199
62120716
62120268
62120485
62120643
62122125
62120556
62120657
62150904
62120706
62151256
62119994
62120588
62120858
62151339
62120740
62118955
62120623
62119314
62119922
62121170
62119760
62121310
62119240
62121466
62121250
62121435
62151745
62121290
62121403
62121471
62121709
62120666
62151956
62121685
62121489
62119922
62121528
62120576
62121669
62121279
62122368
62120776
62152378
62121960
62120096
62121279
62119914
62121885
62122029
62121238
62121839
62152520
62152349
62152717
62121813
62121183
62122319
62120991
62122578
62122238
62122438
62121578
62152505
62120909
62122586
62122355
62120882
62122713
62121426
62153087
62120956
62121680
62121592
62122882
62122883
62121656
62122810
62122792
62122867
62121816
62122299
62122314
62121834
62123450
62121874
62122514
62123407
62123159
62122658
62122710
62123528
62122124
62153946
62123494
62123505
62123494
62123690
62123646
62123822
62125420
62123760
62123765
62153940
62121748
62154124
62122216
62123828
62122671
62122641
62123788
62124348
62123847
62123814
62154224
62124105
62122717
62154552
62122984
62121971
62123810
62122872
62124289
62122386
62122570
62123095
62124467
62123273
62122753
62123529
62124641
62124765
62122740
62124452
62124784
62123533
62124854
62124886
62125013
62125277
62124067
62123134
62155329
62123411
62125283
62123845
62124233
62155601
62123578
62124618
62124348
62125625
62125626
62125610
62123639
62156171
62155829
62125733
62124271
62125705
62125063
62125657
62126033
62126010
62156107
62156486
62124889
62125940
62124662
62156507
62124929
62126062
62126323
62125466
62124662
62125195
62126352
62126417
62126631
62126339
62126586
62156840
62126433
62125419
62126650
62125401
62125689
62126893
62127052
62124819
62157400
62127127
62125730
62127487
62126649
62125518
62126580
62127314
62127550
62127480
62157628
62127284
62126188
62127533
62126220
62157942
62127853
62127596
62127920
62125996
62128110
62126031
62158581
62128004
62126974
62128188
62128343
62127090
62128267
62128511
62126738
62126847
62127437
62128734
62128021
62159277
62127706
62128872
62127300
62128199
62127612
62129032
62127905
62159534
62129401
62129161
62129400
62127511
62127719
62159392
62127454
62127768
62128205
62129567
62128313
62160166
62128467
62129726
62129898
62160124
62129792
62129816
62130016
62130038
62130220
62128699
62160424
62130199
62130044
62130298
62129475
62128480
62129078
62129762
62160804
62130188
62129349
62130448
62129269
62161023
62129729
62130374
62129916
62129601
62130430
62130775
62161204
62130958
62129414
62130909
62129601
62161339
62131155
62130939
62131226
62130120
62129752
62131295
62129355
62161785
62130253
62131260
62131370
62129318
62131279
62161982
62161913
62131407
62130349
62131625
62130249
62162063
62131807
62130321
62132008
62131138
62149890
62151008
62149588
62181942
62150549
62151245
62151428
62151563
62150026
62151596
62150248
62182032
62150370
62151616
62151747
62181896
62151739
62152001
62182200
62152146
62150729
62151999
62151347
62150479
62150984
62152113
62150174
62152116
62152218
62152441
62152416
62152440
62151799
62150868
62151480
62151725
62152733
62183019
62151515
62152719
62152850
62153160
62152887
62150851
62152810
62151725
62151383
62152221
62151982
62153540
62153277
62183566
62153528
62153298
62153456
62183673
62153625
62152715
62183865
62153848
62152235
62153738
62152905
62153538
62153650
62153842
62184161
62154104
62152824
62153817
62154091
62184531
62153388
62154033
62154280
62184508
62153069
62154555
62154377
62184477
62154113
62184704
62184823
62154258
62153743
62153328
62153051
62153351
62152806
62154083
62154698
62154921
62153407
62153878
62154943
62155047
62185352
62155209
62154945
62155103
62185484
62154042
62153127
62185647
62154302
62155891
62155384
62186037
62154715
62155493
62155696
62185755
62155284
62154211
62155690
62185797
62155907
62156345
62155889
62157531
62155551
62156104
62155217
62154164
62154727
62156027
62154164
62154916
62155876
62156147
62153993
62155801
62154798
62156159
62154836
62186715
62155523
62156155
62156466
62154376
62154686
62156580
62154963
62186765
62156651
62156402
62155968
62156769
62156388
62155220
62156616
62156816
62186975
62156794
62156738
62156995
62156996
62155613
62156886
62156272
62155362
62155946
62157137
62155098
62155408
62156046
62157100
62155864
62187429
62156960
62155765
62157284
62155246
62156014
62157689
62157528
62187716
62157123
62156198
62157348
62156085
62156071
62157491
62155977
62155684
62157506
62157715
62188117
62156672
62157608
62157721
62157137
62156016
62156528
62157674
62157857
62155674
62156080
62156640
62157817
62157664
62156904
62158012
62157296
62188546
62157038
62158191
62158142
62158085
62158264
62157377
62156609
62158371
62188452
62158318
62158187
62158317
62188550
62157498
62158190
62158344
62157475
62158628
62159005
62189169
62158908
62157371
62158884
62157019
62189603
62157835
62159005
62159068
62189387
62159268
62189431
62159240
62158975
62159195
62189392
62158913
62157920
62159186
62189486
62158993
62157273
62157590
62158132
62158046
62158170
62159381
62159550
62189667
62159692
62159442
62159750
62189991
62159636
62189955
62190163
62158996
62159503
62159886
62158004
62190312
62189918
62158405
62190126
62159635
62158782
62160000
62158122
62190527
62157855
62159230
62190625
62159301
62160130
62160301
62190673
62160050
62159197
62160302
62159582
62160079
62159233
62190825
62160569
62160230
62160538
62160478
62160449
62160712
62191142
62159792
62160773
62160959
62191114
62160592
62159790
62160892
62158902
62158702
62159494
62191444
62160041
62160306
62161100
62191701
62160418
62161522
62161087
62160237
62161507
62191761
62161170
62160341
62160224
62161285
62161299
62160689
62159762
62160000
62161557
62191991
62161956
62161600
62161846
62163684
62161358
62160666
62192537
62160984
62162167
62161434
62192718
62161562
62162251
62162454
62160402
62160705
62161152
62162415
62160513
62161764
62193069
62161721
62162479
62162620
62192889
62161928
62162918
62162919
62162638
62162786
62160597
62162631
62162650
62162924
62161219
62163131
62161949
62193377
62162912
62161744
62163451
62161163
62162987
62163325
62193374
62163365
62162905
62162199
62162145
62163353
62162448
62194138
62162987
62163581
62163910
62161690
62163419
62161731
62193838
62163673
62162153
62163525
62161613
62162022
62162568
62163796
62161826
62162344
62194044
62194292
62162453
62163051
62163102
62164240
62162509
62162594
62163023
62163021
62164282
62164553
62194840
62164693
62164498
62164738
62162682
62162996
62163464
62165083
62164734
62162562
62164493
62195128
62162563
62195525
62163647
62164769
62164924
62195251
62165264
62164959
62165154
62162976
62164688
62164033
62162993
62163681
62164331
62163989
62165457
62163459
62163739
62164059
62165492
62163522
62165269
62165627
62164995
62164137
62165568
62164613
62165943
62165210
62164181
62164728
62165956
62163917
62165732
62164640
62166077
62164419
62196558
62165928
62164748
62196803
62165015
62165665
62166152
62164575
62165121
62166675
62164661
62165046
62165425
62165879
62166938
62197336
62165807
62166774
62166010
62165090
62165586
62166814
62165352
62197422
62164684
62166824
62196907
62166843
62167053
62197436
62166057
62166993
62167191
62197414
62166971
62166046
62167196
62166916
62166234
62167593
62165990
62198024
62166919
62167687
62167883
62165921
62167578
62167689
62198029
62167054
62168178
62167939
62198194
62166799
62166062
62167534
62166578
62167957
62166921
62198358
62166830
62167969
62166468
62168023
62168218
62166056
62166462
62166864
62168185
62170016
62167651
62198840
62167664
62168460
62168706
62168603
62167845
62199034
62167335
62168611
62167925
62168346
62167360
62168810
62166674
62167250
62167625
62168735
62167271
62168067
62168611
62167970
62199460
62168104
62169128
62169361
62199811
62168330
62169194
62169369
62168632
62199951
62168808
62169511
62169597
62199819
62169766
62169765
62169728
62168145
62168640
62169868
62168398
62168310
62199977
62168928
62200219
62168766
62170032
62200214
62169311
62168384
62168827
62170319
62200539
62168227
62168708
62169172
62170644
62169907
62170589
62200865
62170687
62170437
62170697
62170701
62168800
62201011
62169666
62170538
62170755
62170767
62201065
62170697
62169929
62169777
62170930
62170296
62169376
62169850
62171081
62171484
62171170
62201446
62169043
62201677
62171458
62171437
62171567
62201792
62170298
62171543
62171658
62169942
62171814
62171180
62170267
62170748
62171918
62170685
62202402
62170866
62172094
62170079
62170382
62170997
62172300
62171522
62172015
62170902
62172470
62202722
62171626
62172515
62172721
62202735
62203029
62171679
62172463
62172662
62170698
62172503
62172751
62172947
62171066
62172957
62203244
62171716
62172251
62171554
62171298
62171799
62173135
62172350
62171481
62173214
62173023
62171903
62173429
62173301
62173507
62171386
62173053
62172286
62173388
62171469
62203902
62172206
62172148
62173541
62171638
62173638
62173473
62173696
62171565
62172022
62173689
62173879
62204246
62172746
62173931
62172921
62174162
62172885
62204561
62173381
62173981
62174287
62175953
62174378
62204771
62173586
62174367
62174539
62205086
62173517
62174529
62173081
62172880
62173361
62174634
62173742
62174678
62174796
62205000
62174042
62174957
62173480
62205282
62173577
62175033
62206626
62176318
62175714
62176350
62177260
62207809
62176110
62177318
62177531
62176018
62176638
62176191
62177101
62176166
62177688
62176965
62176035
62176427
62177882
62176600
62208454
62176299
62208278
62208199
62177686
62176538
62178102
62208531
62176825
62177014
62177600
62177189
62176652
62177640
62208814
62178622
62178345
62178557
62177775
62176879
62177388
62178592
62177879
62178426
62177348
62178953
62176740
62178490
62177504
62178841
62178128
62177348
62177758
62178827
62178090
62177259
62177679
62178832
62178303
62178908
62177768
62179225
62178608
62177640
62179347
62177495
62177785
62178359
62179590
62178504
62210066
62178356
62179601
62177951
62178006
62178385
62179593
62178993
62179475
62178424
62179868
62210090
62179315
62180065
62179403
62179824
62180025
62180251
62178879
62179988
62180269
62210489
62179194
62180191
62180547
62210772
62179306
62179881
62180706
62179379
62180746
62179348
62211331
62179677
62180249
62181060
62180598
62180096
62180920
62179860
62179232
62179621
62181052
62211329
62181378
62181179
62181565
62211813
62180658
62181354
62181587
62211961
62181477
62181605
62212172
62180438
62181577
62180505
62212279
62180772
62181874
62180614
62180853
62181762
62182026
62212380
62181064
62181959
62182202
62181286
62181948
62182259
62212522
62180816
62182031
62181079
62180934
62182023
62182314
62180381
62180735
62182417
62182630
62181746
62181073
62182595
62181119
62180881
62181438
62181963
62181245
62181026
62181623
62182953
62182199
62181242
62181703
62182289
62183073
62213448
62182020
62183084
62181117
62182902
62183182
62183415
62213667
62182415
62183365
62183653
62181889
62182377
62183773
62182228
62182501
62184055
62183816
62181657
62181902
62182588
62183235
62183906
62214251
62213903
62182966
62182122
62182631
62183976
62214233
62183014
62184205
62184014
62214576
62183025
62184001
62184435
62214561
62183552
62184327
62184396
62214696
62183518
62184239
62184432
62214856
62184605
62184300
62184622
62215127
62183851
62184783
62184732
62184898
62215203
62182567
62183390
62183271
62183855
62184895
62184271
62183314
62183972
62185047
62183128
62183629
62184076
62185451
62184640
62215880
62184242
62184840
62183777
62184259
62185361
62184774
62216151
62184503
62184874
62184793
62185382
62185638
62185867
62215970
62184697
62185803
62184922
62216100
62185543
62184502
62186021
62183774
62185524
62184623
62185817
62183860
62185586
62184626
62186009
62185211
62184393
62184813
62185942
62184280
62184444
62185881
62184809
62184478
62185038
62185654
62185461
62184619
62185087
62186394
62186474
62216852
62185799
62186594
62186517
62184543
62184994
62185513
62186772
62184771
62186524
62186804
62187003
62217212
62187124
62186897
62187065
62217468
62185974
62187141
62188790
62187520
62187209
62186459
62217682
62185989
62187244
62186364
62186970
62187150
62187246
62185135
62185503
62186111
62187339
62186037
62185795
62187643
62187499
62187630
62185539
62185873
62186368
62187469
62187686
62218013
62187903
62188094
62186230
62218213
62187084
62187770
62187361
62186481
62187706
62187810
62218185
62187791
62187753
62187979
62218326
62187413
62187616
62186324
62186569
62186896
62188631
62218813
62188746
62188498
62188691
62219130
62188874
62188044
62187806
62187126
62219438
62188217
62189042
62188893
62187279
62189124
62187676
62188925
62186934
62187244
62188857
62188954
62219329
62187937
62189345
62187566
62188812
62187863
62189297
62189516
62219677
62189049
62187956
62189363
62188674
62189242
62188163
62189637
62187628
62187990
62188457
62189672
62189752
62220114
62189866
62189619
62189992
62220328
62188782
62189852
62189973
62188969
62189778
62190028
62220064
62190266
62188630
62190242
62220280
62188966
62190526
62190346
62220622
62189303
62190497
62190546
62220764
62189612
62190724
62190411
62188525
62188661
62189067
62190519
62189721
62190347
62189275
62190540
62189725
62188805
62189365
62189869
62188652
62189236
62190620
62190588
62190413
62190386
62190562
62221176
62190043
62190689
62190949
62221313
62190146
62191208
62191204
62221648
62190000
62190575
62189078
62190180
62191030
62190969
62221514
62189987
62190981
62191159
62221283
62190744
62189720
62191143
62190454
62188844
62191053
62189850
62221345
62190402
62190916
62189645
62190946
62189719
62191270
62189533
62189740
62190169
62191716
62191377
62191742
62189546
62189900
62190405
62191921
62191136
62222469
62190485
62221957
62191531
62190441
62222320
62190935
62192126
62191030
62190551
62191121
62192308
62192569
62190472
62190384
62192501
62191724
62223015
62191217
62191714
62191068
62190836
62191386
62192611
62191474
62223248
62191651
62192739
62190680
62192656
62192816
62192953
62191433
62192616
62191846
62191710
62193195
62223426
62192128
62193538
62193155
62223603
62193290
62193112
62193393
62191413
62191945
62223737
62192424
62193359
62193448
62191515
62193251
62223691
62193654
62193486
62193832
62224079
62194011
62193703
62193840
62191767
62193839
62224188
62192735
62193807
62193992
62191967
62192321
62192768
62194099
62192778
62194030
62194134
62224347
62192391
62192954
62194083
62192898
62224682
62192982
62194269
62192158
62192516
62193062
62194338
62193215
62224908
62193743
62194391
62194139
62193139
62194370
62194278
62194381
62194598
62224944
62193608
62194585
62194732
62193296
62192918
62192904
62193015
62193517
62194752
62192874
62194863
62193391
62193749
62194936
62194185
62194962
62225401
62194338
62195381
62195152
62225561
62225082
62225376
62194915
62193727
62195225
62194536
62193619
62194002
62195029
62195313
62195270
62194611
62197048
62194571
62195508
62193363
62193769
62194417
62195553
62193464
62195374
62194580
62195125
62194867
62226236
62194435
62195652
62194203
62226374
62194576
62195740
62195051
62194106
62194693
62195241
62195747
62226167
62195127
62195894
62195154
62226364
62195804
62195887
62226327
62194856
62196016
62196298
62226576
62196246
62196057
62196269
62226478
62196366
62196198
62195016
62195219
62195798
62196551
62226634
62195462
62196500
62196723
62226748
62196489
62195349
62196660
62195995
62195183
62195491
62196915
62194954
62195047
62197049
62227481
62196952
62197008
62197381
62195195
62197041
62195822
62197389
62197047
62197514
62195539
62227899
62196237
62197505
62195627
62196078
62196241
62195617
62196405
62197670
62196242
62196034
62196522
62197802
62197854
62228034
62197847
62228378
62198114
62197847
62198083
62228582
62198290
62198074
62198259
62196390
62198172
62228697
62198489
62196939
62198482
62197033
62228619
62197203
62197037
62198703
62196627
62198736
62196637
62198472
62197349
62196967
62197557
62198734
62197648
62197306
62197825
62199077
62197991
62197608
62197919
62199489
62198650
62197658
62198283
62229653
62198502
62199225
62197680
62229568
62198592
62199227
62198179
62198108
62199669
62198788
62197820
62198956
62199578
62199814
62197631
62198026
62198364
62199894
62197739
62199657
62199742
62199780
62230061
62199891
62199798
62200007
62230587
62198912
62200229
62199421
62198433
62200091
62230442
62199098
62200034
62200281
62230576
62200118
62199001
62200356
62199758
62230704
62230665
62230639
62199720
62200573
62200471
62230903
62199366
62200517
62200555
62198533
62200439
62200024
62231307
62199627
62200801
62200962
62198851
62200571
62200884
62200061
62200722
62200048
62201154
62201411
62203033
62201294
62199221
62199620
62200108
62201439
62201556
62200881
62201723
62199734
62200936
62200118
62200600
62201804
62200315
62200045
62200451
62201811
62202020
62202059
62232231
62202232
62202080
62202372
62232675
62201563
62202251
62201292
62202204
62202410
62232625
62202148
62201148
62202702
62233012
62202888
62202585
62202761
62201299
62200978
62201538
62201841
62202758
62202886
62202148
62233351
62201102
62201870
62202987
62203124
62201778
62233566
62201812
62203126
62203278
62233739
62203382
62203214
62202773
62201893
62203207
62203424
62202222
62233994
62202790
62203436
62203482
62203736
62233895
62202607
62203814
62203547
62203865
62234069
62203082
62203820
62203318
62203938
62203973
62234477
62203733
62204365
62203262
62202950
62203267
62204585
62203896
62202993
62203197
62204641
62202991
62204616
62204781
62235237
62204198
62205157
62204905
62202744
62235373
62204686
62204267
62204292
62203825
62204863
62205007
62205186
62203788
62203852
62204948
62204980
62204648
62205382
62203117
62204914
62203914
62205306
62203166
62203609
62203985
62205455
62203835
62235680
62203725
62205836
62204646
62204465
62204401
62205631
62205819
62205779
62205972
62205170
62205644
62205613
62205816
62205728
62203754
62235935
62236090
62236292
62205535
62205998
62204766
62206447
62205822
62206055
62206071
62206365
62204885
62236518
62204644
62205586
62205045
62204864
62206138
62205709
62206350
62206454
62205717
62204290
62236882
62204307
62206618
62204408
62236963
62204958
62205592
62206963
62206727
62236843
62206725
62205469
62206653
62206781
62206820
62206852
62205896
62205052
62207070
62205590
62206672
62206578
62237458
62237300
62237308
62237559
62206895
62207204
62206116
62237455
62237845
62237981
62206363
62207630
62207752
62237773
62207455
62206775
62205893
62205486
62206334
62207538
62207714
62206481
62206294
62206777
62207704
62206509
62206603
62207864
62207699
62238533
62238411
62208011
62207589
62207949
62206407
62206024
62208424
62208405
62208256
62208360
62206303
62206634
62207030
62207606
62208431
62207550
62238921
62207753
62208493
62208530
62238632
62208156
62207266
62207695
62208544
62238890
62208481
62207374
62208886
62207177
62207673
62208791
62208854
62239039
62207735
62239567
62239327
62208929
62208985
62208919
62209075
62208048
62208145
62209127
62209251
62209379
62208731
62209532
62207411
62239983
62209393
62208377
62207833
62207892
62208811
62209834
62207866
62209797
62209612
62209760
62208200
62209477
62208512
62209942
62209997
62209890
62207916
62209802
62209860
62210168
62240230
62210228
62209988
62209544
62208312
62240501
62210050
62209003
62210102
62210215
62210244
62209531
62208509
62208941
62210717
62210315
62208938
62240732
62210826
62210488
62210615
62210968
62211088
62211021
62209470
62210932
62210246
62241147
62241336
62210263
62209608
62209619
62211063
62209254
62211079
62209840
62209824
62209931
62211132
62209809
62241730
62211100
62209486
62241888
62241878
62211297
62211361
62211597
62210788
62242060
62211393
62211533
62242084
62210479
62209599
62211863
62210503
62211691
62210515
62242458
62212115
62211993
62212001
62210594
62210743
62210679
62211178
62210527
62212094
62210696
62210863
62211895
62210412
62242566
62210564
62212358
62210908
62212187
62211067
62212462
62212485
62210463
62212141
62211210
62212376
62210873
62242828
62242932
62212791
62212452
62212613
62242827
62212905
62212543
62212690
62243093
62243108
62212085
62212874
62211502
62211230
62211598
62213077
62210915
62210882
62243736
62212013
62213231
62211905
62243871
62212158
62213387
62211945
62213509
62211354
62213224
62212114
62213630
62212845
62211768
62212122
62212319
62213443
62213796
62211603
62211899
62212586
62213824
62213087
62212548
62244331
62212841
62213757
62213130
62212193
62212551
62213998
62244208
62213768
62212367
62212851
62214439
62212250
62214513
62212986
62214492
62213765
62212763
62212747
62213222
62214498
62212664
62214374
62214503
62214681
62244913
62214406
62213331
62214744
62213733
62245449
62213804
62214923
62214169
62245457
62213857
62215038
62213877
62245575
62214095
62214438
62214394
62214952
62213832
62215334
62214453
62245597
62214108
62215142
62215140
62215346
62245593
62215057
62213913
62215450
62245921
62214778
62215617
62213562
62215435
62215602
62215835
62246234
62214668
62214879
62215703
62215923
62246291
62214784
62216153
62216161
62246584
62214915
62216051
62216127
62214454
62214840
62216469
62246707
62246716
62216694
62216389
62216601
62246735
62216770
62216506
62216763
62247186
62215559
62215612
62216735
62216810
62215508
62215266
62215799
62217003
62216338
62215319
62215831
62217016
62249291
62217814
62219374
62219149
62218140
62217458
62218001
62219325
62219501
62217571
62219355
62219641
62219823
62250006
62219531
62218421
62219783
62219747
62219010
62218056
62218691
62219820
62218392
62250192
62219163
62220146
62217940
62218750
62220222
62220158
62220184
62219077
62220011
62250587
62250733
62220083
62219237
62220548
62219800
62219952
62218919
62219407
62220707
62219970
62251395
62219651
62220770
62220833
62218942
62220678
62219774
62221146
62219025
62220830
62219748
62221237
62221121
62219758
62219656
62220168
62221365
62220370
62252181
62220461
62221874
62219849
62219874
62220283
62220642
62221945
62220482
62252466
62220818
62221138
62221491
62221424
62220576
62221040
62222282
62221556
62220516
62220874
62222294
62222169
62222389
62252675
62221686
62222461
62222376
62252813
62222265
62221378
62221892
62221195
62253078
62252959
62222997
62222808
62222966
62253437
62221789
62223119
62222267
62221340
62221825
62223084
62222374
62221519
62222045
62223243
62221269
62223062
62223171
62223401
62253624
62223488
62223822
62221928
62223286
62223502
62223677
62254249
62254009
62222449
62223614
62223878
62254205
62223138
62223738
62223979
62223973
62254273
62223339
62224429
62223955
62224140
62254226
62222936
62224075
62224333
62254506
62224338
62224122
62222888
62222594
62223123
62224612
62254832
62222671
62224363
62223527
62224824
62224104
62255303
62223933
62224822
62224095
62224999
62255165
62224153
62224814
62223591
62225132
62255304
62223993
62225499
62225147
62255573
62223280
62225144
62224113
62225622
62223426
62225182
62224258
62225651
62224818
62223949
62224300
62225741
62255878
62224540
62225812
62225524
62225870
62256011
62225147
62225822
62226039
62226150
62223988
62225741
62224707
62226134
62224825
62224566
62225150
62226344
62225593
62224231
62224661
62226292
62226573
62257126
62225427
62226645
62225470
62257288
62225582
62226738
62224744
62226624
62225038
62225529
62226997
62257372
62227102
62226889
62227252
62225015
62227127
62227201
62225831
62227454
62257672
62226837
62227650
62227702
62257978
62226562
62227501
62227635
62257948
62226588
62227115
62227068
62227918
62258220
62227185
62227860
62227909
62258236
62226804
62227960
62226586
62258573
62227368
62228514
62228012
62228245
62258812
62227116
62228255
62226569
62258802
62227209
62228431
62228442
62226966
62259044
62227335
62228512
62226473
62228271
62227298
62228688
62228758
62227244
62227286
62227623
62229053
62228252
62227438
62227899
62229203
62259525
62229075
62227883
62229283
62227390
62229017
62229335
62229588
62260053
62228350
62229763
62227574
62229310
62228526
62229061
62228295
62227988
62228664
62229766
62229203
62228126
62260334
62228852
62229975
62230109
62227998
62230199
62230497
62230236
62260513
62228600
62260665
62229358
62229982
62230298
62260654
62229179
62230294
62229731
62228664
62229403
62230474
62228582
62261027
62260978
62230383
62229129
62230594
62229908
62229135
62229762
62230623
62230808
62261070
62261061
62229711
62230864
62231071
62261422
62230007
62230702
62231485
62231225
62261669
62230086
62230317
62231227
62231485
62261900
62230294
62230693
62230108
62262084
62230941
62231609
62231679
62261974
62231704
62230325
62231871
62229600
62230424
62231714
62232036
62262037
62230808
62231578
62230770
62231872
62232024
62262447
62230888
62231962
62231393
62230401
62232097
62232521
62262594
62232616
62252760
62254433
62253522
62253943
62254199
62254387
62284941
62253235
62253689
62254454
62254445
62285039
62253776
62284670
62252961
62253333
62254770
62253383
62253240
62253721
62255001
62252955
62252714
62285121
62253601
62255186
62254981
62285432
62253777
62255022
62254320
62285475
62254175
62255298
62255459
62285908
62254252
62255586
62253524
62255698
62255495
62255803
62255637
62285894
62255704
62255450
62255587
62285927
62254878
62256019
62255770
62255854
62253774
62255561
62255782
62256022
62286349
62256013
62255861
62255912
62256155
62254013
62254302
62255040
62256070
62256167
62286315
62255403
62256270
62256223
62286663
62256481
62256268
62256474
62286540
62256451
62254585
62254668
62255706
62255250
62256410
62256579
62256488
62256649
62254703
62287022
62256803
62256484
62256720
62254903
62254930
62255517
62256619
62256010
62256827
62287127
62256032
62257122
62256907
62287105
62255785
62256773
62254885
62255113
62255748
62256963
62254972
62256609
62256970
62256979
62257143
62257148
62256507
62255553
62255945
62257290
62255354
62257028
62255980
62257510
62256535
62256266
62255908
62256417
62257546
62257674
62287966
62287880
62256627
62257699
62258061
62288268
62256590
62256502
62258171
62257421
62288747
62256990
62258119
62257532
62256510
62256947
62258412
62257630
62256594
62257229
62257900
62258206
62258440
62288718
62257428
62258414
62258777
62289259
62257672
62258083
62258856
62289345
62257625
62258371
62257415
62257234
62257551
62259070
62289375
62259260
62259020
62259106
62289465
62289270
62257960
62258345
62259228
62289614
62258082
62259232
62258577
62259028
62259219
62259397
62257511
62257917
62258394
62259684
62259474
62259517
62289876
62258766
62259600
62259823
62290305
62258659
62259825
62258486
62290588
62258942
62260068
62259976
62290707
62259200
62260055
62259420
62258667
62259002
62260384
62259760
62258561
62290782
62259218
62260269
62258688
62259296
62260406
62260725
62258913
62259497
62260069
62260887
62291331
62259926
62260757
62291164
62259758
62261003
62260999
62261283
62291607
62260417
62261329
62261388
62291824
62260190
62261410
62259369
62259799
62259904
62260539
62261740
62260281
62292305
62260818
62261926
62260522
62260276
62260836
62262146
62262216
62292512
62261410
62262454
62262173
62262256
62292583
62261117
62262109
62262410
62262289
62261794
62260727
62261017
62262410
62260275
62262719
62262489
62262620
62260925
62261660
62262978
62262677
62262623
62261123
62293360
62261578
62262731
62261402
62293413
62262932
62262719
62262867
62293237
62262802
62262872
62263108
62261342
62293578
62262019
62263250
62261750
62261518
62261975
62263515
62293695
62263223
62262216
62263708
62263532
62263601
62261439
62263288
62262168
62262540
62263682
62262983
62294206
62262657
62263738
62263801
62294320
62263673
62263985
62263107
62263905
62262683
62294453
62263283
62264323
62264086
62294195
62263227
62262248
62262603
62264157
62263444
62262390
62262926
62264202
62263585
62262620
62294863
62263323
62264320
62264601
62294890
62264688
62264523
62264694
62295016
62263476
62264615
62263335
62264690
62264921
62295431
62266704
62262887
62264634
62263442
62264955
62265206
62263819
62265014
62265209
62263208
62264872
62265203
62265412
62263658
62264184
62265423
62264300
62296118
62264446
62265804
62267327
62263701
62263663
62263870
62264518
62265620
62265030
62296219
62264516
62265737
62263995
62264248
62264623
62264926
62265955
62266001
62296327
62264997
62265858
62266118
62296544
62266304
62264343
62264834
62266128
62265072
62296619
62265580
62266180
62266421
62296559
62264307
62264703
62265263
62266550
62264661
62264821
62265261
62266584
62266821
62296942
62265518
62266928
62266775
62266576
62266775
62266089
62266510
62266752
62267097
62297060
62266722
62265647
62267097
62266250
62266722
62266957
62267108
62266024
62265482
62265898
62267106
62267258
62267003
62264920
62265696
62266926
62267166
62265233
62265536
62266024
62267516
62267404
62267611
62298058
62266489
62267642
62267869
62298113
62266583
62267726
62267645
62267735
62298035
62266541
62267613
62267798
62265714
62267571
62266475
62268042
62269643
62267203
62266308
62266851
62268277
62267366
62267705
62266695
62268262
62298511
62266115
62267852
62268108
62268269
62298486
62268332
62268163
62268249
62298458
62267980
62266884
62268246
62267704
62266651
62299234
62267507
62268711
62268836
62299063
62268613
62268641
62267435
62268770
62268983
62299013
62267936
62268938
62269090
62299399
62268177
62269217
62269317
62299561
62268322
62269454
62269452
62267287
62267555
62268139
62268130
62269276
62269592
62268308
62269509
62299853
62269995
62268325
62268955
62269638
62269860
62300038
62270101
62268540
62270056
62269343
62268379
62268693
62270254
62269550
62300733
62269668
62270197
62270318
62300517
62270518
62270415
62270556
62268884
62269307
62269714
62270476
62270661
62268636
62301012
62269605
62270682
62271009
62301010
62268599
62269137
62269961
62270918
62270964
62270200
62301488
62270321
62270837
62271148
62271324
62270403
62269609
62301728
62270733
62271432
62271607
62301712
62271093
62270021
62271516
62271607
62273329
62302035
62270982
62271916
62271914
62302404
62271198
62271712
62270604
62271785
62272138
62302438
62271026
62272220
62271134
62302714
62271436
62272308
62272184
62272273
62271622
62270842
62271426
62272579
62270640
62271008
62271520
62272057
62272657
62272785
62270702
62271666
62271622
62273046
62271755
62303521
62272267
62273166
62271725
62273121
62273210
62273357
62271812
62303755
62272035
62273290
62272057
62271596
62272064
62273370
62272322
62271840
62272212
62273731
62303807
62271674
62273564
62272468
62274124
62271925
62273672
62272778
62274017
62274217
62304640
62272974
62272835
62274388
62272234
62274056
62272498
62272938
62273454
62274165
62274460
62273675
62274383
62274364
62273145
62274722
62274193
62276370
62274945
62273868
62273504
62274587
62274885
62272819
62274692
62273328
62273837
62274901
62273326
62273292
62273797
62275131
62275157
62305308
62274919
62273960
62275335
62274452
62275373
62305737
62274359
62274231
62275333
62274644
62305956
62274469
62274436
62275527
62275832
62306167
62275989
62274798
62276026
62274594
62275984
62306183
62274797
62275883
62276167
62306391
62276141
62274875
62276004
62276448
62276137
62306363
62275073
62276099
62276292
62306448
62275976
62306632
62275281
62276396
62276661
62275862
62275323
62275643
62276799
62277209
62307397
62277171
62277041
62277287
62276427
62275363
62307339
62276795
62275881
62277242
62275227
62275568
62275610
62276143
62277589
62277714
62307929
62276552
62278144
62277822
62308021
62277759
62277591
62276310
62277915
62276439
62276299
62276626
62278026
62278027
62278052
62308283
62276974
62278084
62278396
62276350
62276670
62277202
62277294
62278354
62277018
62276772
62277309
62278424
62277314
62278850
62276749
62278445
62277637
62279002
62277062
62277246
62277983
62279013
62279212
62278403
62280111
62280977
62281444
62311890
62280585
62280986
62280303
62312332
62311916
62280687
62281848
62282108
62312408
62280405
62282292
62282367
62282778
62312943
62282428
62281345
62282714
62280792
62280571
62313270
62281588
62282245
62283083
62313199
62282898
62282757
62282915
62282120
62313418
62282162
62282770
62283106
62313515
62282161
62281480
62282140
62283249
62282021
62283259
62283475
62313574
62283156
62282153
62282722
62283363
62283797
62313936
62283485
62282153
62283634
62283991
62283733
62282484
62314309
62314313
62282989
62283874
62284134
62283298
62314712
62283514
62284073
62284157
62314281
62284346
62284735
62284414
62284425
62282949
62282792
62283291
62283852
62283131
62282974
62283299
62284896
62282796
62315097
62283635
62284425
62283798
62284964
62284227
62283297
62283669
62284996
62285045
62285179
62283983
62315606
62285265
62283745
62285216
62315345
62284449
62285073
62285389
62283155
62283488
62283819
62285374
62285618
62315911
62285700
62285617
62285853
62316180
62284831
62286290
62286016
62286013
62284615
62316374
62284865
62286127
62286173
62286297
62316694
62284735
62285258
62285747
62286528
62316927
62285111
62286723
62286669
62285956
62284999
62285607
62286931
62286211
62285174
62285731
62286777
62285795
62285929
62286977
62287162
62285150
62285310
62285822
62287085
62287237
62287269
62285268
62285537
62285943
62287391
62287579
62285458
62287365
62286297
62287686
62285743
62286012
62286708
62287593
62286420
62287652
62286278
62318254
62286596
62287219
62286491
62318437
62285816
62287640
62286598
62288099
62286197
62318548
62286914
62288164
62286787
62318677
62287184
62288326
62288416
62318812
62318601
62288345
62288220
62288609
62318735
62287746
62288558
62288590
62318762
62286577
62318934
62287649
62288712
62286633
62288448
62287462
62288978
62286956
62289161
62288867
62289110
62288516
62287456
62319654
62289318
62289126
62289502
62319727
62288318
62289169
62289432
62291181
62288180
62287692
62288327
62289549
62288900
62287932
62288756
62289985
62289910
62291587
62289331
62320483
62288696
62289852
62289187
62288332
62289915
62290325
62320483
62320512
62288456
62320442
62289792
62288741
62290335
62290367
62290461
62320702
62289267
62290595
62290561
62288763
62289272
62289775
62290522
62290735
62320937
62289637
62290760
62290921
62321239
62290643
62289510
62291066
62289004
62289468
62321391
62290363
62291025
62291070
62321269
62289862
62291051
62291536
62321800
62321506
62291095
62289978
62291334
62291449
62289677
62290052
62291403
62291367
62291434
62289425
62289882
62290350
62291519
62290272
62291766
62322189
62290847
62291821
62292191
62291261
62290277
62290817
62292045
62291900
62291997
62322445
62290105
62291831
62291985
62292395
62322528
62292397
62292191
62292280
62322590
62290290
62290782
62291092
62291831
62292514
62292726
62290527
62292390
62291305
62292623
62290577
62292313
62291409
62292610
62292543
62323190
62292934
62292643
62292975
62290806
62292625
62291371
62291510
62292663
62292110
62291133
62291559
62292901
62292933
62292869
62293061
62323382
62291214
62291303
62291815
62292989
62292286
62291564
62292701
62293034
62293167
62293448
62323531
62292585
62293390
62293436
62323532
62293519
62323785
62293580
62293436
62293621
62324047
62293479
62293550
62293800
62295702
62291971
62324611
62293107
62294195
62294195
62324783
62293099
62294232
62294005
62294166
62324485
62293887
62293051
62294388
62294500
62324704
62293688
62294808
62294542
62324674
62294171
62324804
62293494
62294569
62294797
62295115
62325368
62293774
62294978
62293583
62325574
62294852
62325556
62294048
62295113
62294373
62294824
62294015
62295306
62297031
62294419
62325608
62294329
62295310
62295592
62325878
62295512
62293698
62294288
62295564
62294651
62326064
62295728
62295584
62295960
62326185
62295067
62295663
62294492
62296103
62326454
62295805
62294918
62296361
62326533
62296370
62296281
62294982
62296362
62295539
62296565
62294509
62326802
62296780
62295274
62296712
62296080
62295021
62295595
62295978
62296648
62296836
62327153
62296229
62297021
62296995
62327153
62297150
62296910
62297034
62295232
62327271
62297095
62296906
62296995
62327295
62296334
62297074
62295687
62297128
62296459
62327897
62296171
62297412
62297489
62327816
62297347
62296334
62297658
62296843
62296146
62295914
62296375
62297712
62296209
62296072
62296554
62297323
62298222
62297850
62296009
62296172
62296810
62298014
62297950
62328562
62328348
62297386
62298154
62296797
62328637
62298014
62297041
62297300
62298350
62296925
62296734
62297195
62298410
62297046
62328988
62297436
62299012
62298720
62329161
62329028
62298022
62299225
62299013
62329154
62298536
62297536
62299001
62300723
62329398
62298875
62299083
62299309
62329646
62298129
62298229
62299355
62298029
62297722
62298306
62299561
62298133
62329825
62298826
62330009
62298705
62299313
62299508
62299646
62298926
62297948
62298316
62299832
62301540
62297883
62298121
62298499
62299903
62299932
62297698
62298159
62298701
62298672
62299771
62298534
62330448
62298800
62299936
62300136
62298477
62298979
62299507
62300186
62300487
62330795
62300547
62300484
62300605
62299874
62298396
62298428
62300697
62300097
62300618
62300678
62300908
62330981
62300541
62299685
62299477
62301007
62331440
62300028
62301049
62301360
62301290
62300542
62299803
62300464
62301477
62301550
62332170
62300880
62301424
62301585
62300848
62299856
62301578
62301777
62331933
62300781
62300004
62300486
62301765
62299758
62299875
62331721
62301751
62301538
62301863
62331987
62302036
62301673
62301806
62302299
62301983
62301096
62300176
62300746
62302084
62300526
62302108
62332317
62302256
62300750
62302290
62332482
62302555
62302855
62302559
62301687
62300792
62332911
62302632
62300469
62302910
62302742
62302862
62333237
62302939
62301111
62301760
62303104
62301429
62333508
62301846
62301988
62303357
62303463
62333681
62302445
62303488
62303668
62303446
62302172
62333976
62302370
62303461
62302748
62301855
62302456
62303606
62301540
62303854
62302964
62303597
62303756
62302577
62303925
62303345
62302450
62302797
62304254
62304286
62334313
62304361
62304193
62304176
62302243
62304120
62304355
62304274
62304579
62304583
62335079
62304921
62304616
62304873
62335128
62303932
62304972
62304122
62303178
62303799
62304177
62304818
62305040
62335271
62305100
62305058
62305157
62303009
62304954
62303906
62305264
62303133
62305075
62303585
62304094
62305274
62303393
62305197
62304133
62305523
62303474
62305394
62304027
62304376
62305556
62304090
62304011
62304298
62305739
62335948
62304408
62305675
62305833
62304110
62304117
62304742
62305881
62306074
62304848
62305463
62306455
62336734
62305694
62306420
62306551
62306658
62336628
62306530
62305196
62306626
62305804
62306402
62305426
62305466
62306849
62306905
62337074
62305588
62305565
62306851
62305615
62337324
62337000
62306962
62306770
62306982
62337456
62307223
62305950
62307079
62307026
62305940
62337597
62307302
62307134
62307319
62309194
62305438
62338009
62306452
62307790
62305669
62307364
62306422
62307500
62306123
62338061
62337993
62306550
62307623
62307913
62338034
62307710
62306546
62307894
62307253
62306302
62306773
62306912
62307969
62308096
62338316
62308358
62307900
62308150
62338595
62307294
62307732
62308244
62338419
62308576
62308224
62308508
62339062
62307379
62308559
62307083
62338979
62308839
62308408
62308698
62306601
62306891
62307297
62308700
62306491
62308374
62308561
62307357
62308669
62308929
62307744
62339373
62308286
62308377
62308984
62339370
62308987
62308331
62339492
62308364
62308987
62309092
62339497
62308006
62309030
62309266
62307128
62308922
62309346
62309354
62309373
62308550
62307585
62308135
62308707
62309611
62339863
62308194
62339849
62308413
62309474
62309731
62339894
62309848
62309543
62308388
62309637
62309751
62340234
62309151
62309722
62309777
62309936
62308491
62309642
62309721
62309124
62308399
62308726
62310140
62310186
62308137
62308398
62308879
62310022
62308885
62340497
62309538
62310269
62310438
62308266
62310002
62309013
62310224
62309152
62308629
62310287
62309080
62310517
62308486
62310365
62309331
62310694
62340977
62309335
62341172
62309797
62311181
62310950
62340989
62310925
62310832
62311017
62310936
62309610
62341340
62309877
62311509
62311199
62341576
62341414
62310921
62310041
62311129
62309800
62341720
62310392
62311289
62311528
62342081
62310410
62310763
62311892
62311706
62311495
62311664
62310855
62309986
62310549
62311761
62311926
62311767
62311030
62310140
62310649
62311928
62310696
62342471
62310917
62311410
62312498
62312292
62342702
62312577
62312275
62312369
62342584
62312592
62312315
62312514
62310563
62310828
62311453
62312681
62312632
62312497
62312798
62314294
62312415
62344896
62344837
62313733
62314596
62313639
62345281
62313778
62314832
62314901
62312910
62313281
62314343
62315549
62315160
62313056
62314912
62313785
62315363
62345623
62313469
62315065
62314157
62315475
62313563
62313880
62314413
62314888
62316092
62315797
62313902
62315758
62314762
62315966
62316258
62346523
62314931
62316040
62316314
62346323
62314779
62316046
62316228
62346583
62315269
62316262
62316495
62346721
62316716
62316908
62316760
62347156
62315912
62316887
62316997
62347300
62316363
62317014
62316955
62317184
62314998
62316700
62315724
62317024
62317091
62317407
62317056
62315932
62347572
62316085
62317745
62317424
62347566
62316595
62317232
62316173
62315623
62316022
62317394
62317662
62347750
62316741
62317519
62317667
62315402
62317317
62317498
62317605
62347924
62347835
62317344
62316362
62317587
62316387
62348325
62316383
62317868
62317151
62348171
62318052
62316392
62317842
62317177
62348459
62316763
62317977
62316867
62317747
62316685
62318297
62316118
62316400
62316947
62318202
62318097
62348579
62317525
62318176
62318369
62348613
62348628
62318492
62316948
62318484
62317816
62316749
62317240
62318510
62317872
62317054
62317696
62318853
62318837
62349298
62318604
62317729
62319052
62316913
62318892
62318929
62319339
62319210
62317665
62349553
62318076
62319227
62319371
62349736
62317207
62317554
62318152
62319216
62319484
62317458
62317744
62318250
62319557
62319685
62349995
62318768
62319759
62318331
62319446
62318464
62319734
62318630
62319736
62319932
62317787
62318128
62318736
62320005
62319180
62318325
62318775
62320014
62319253
62350545
62318907
62319923
62319905
62320165
62350399
62319110
62320025
62320167
62350455
62320288
62318867
62320413
62319164
62350776
62319170
62320282
62319773
62350918
62319283
62320689
62320666
62350843
62320678
62320414
62320613
62351091
62319443
62319499
62320796
62350800
62320432
62320568
62320852
62320839
62319421
62351397
62319674
62320929
62319330
62351258
62319941
62320863
62319595
62321021
62319647
62351542
62320402
62321225
62319988
62319503
62321117
62321479
62351624
62320138
62321149
62321494
62319421
62320649
62319858
62320268
62321510
62320821
62321457
62321570
62320307
62352311
62352234
62320876
62321977
62322146
62352200
62322220
62321719
62320920
62322313
62322373
62352823
62322607
62322424
62322663
62352971
62322508
62320810
62321412
62322018
62322639
62322640
62322778
62353051
62322571
62322683
62321542
62322869
62322175
62321327
62321716
62322985
62323236
62353464
62320921
62322777
62321802
62323107
62322322
62321457
62322041
62322216
62323138
62323314
62322529
62321865
62322087
62323432
62322423
62321700
62353843
62323787
62323421
62323708
62354001
62322856
62323219
62321762
62322023
62354117
62322609
62323850
62322415
62354361
62322812
62323012
62324007
62324125
62354471
62354392
62323942
62324321
62324313
62324672
62326308
62322464
62322860
62323351
62324666
62323991
62355055
62324895
62323022
62323606
62324951
62324107
62355305
62324243
62324956
62325070
62355307
62323976
62323909
62325063
62325375
62355748
62325609
62325342
62325574
62356093
62324668
62325663
62323992
62356135
62324644
62325780
62325785
62325834
62356051
62325695
62324792
62325856
62324407
62356503
62324783
62326038
62324459
62324345
62324089
62326023
62356421
62324472
62356690
62325226
62326149
62326444
62356912
62325264
62326607
62326507
62356861
62325282
62326483
62324482
62324473
62357156
62325551
62326666
62325580
62357105
62325819
62327019
62325702
62357321
62326293
62327083
62327057
62327178
62325071
62325313
62325924
62327194
62327298
62357748
62327498
62325495
62326058
62327352
62357527
62327018
62327247
62327528
62325819
62357973
62326899
62327879
62327729
62325595
62325915
62326877
62327898
62327634
62327870
62358181
62327895
62327631
62327905
62358351
62328074
62326530
62327971
62325922
62326280
62326840
62328023
62326848
62358734
62326971
62328236
62327075
62358731
62358502
62328039
62326745
62328408
62358840
62327220
62328248
62326966
62328445
62326436
62328122
62328505
62328748
62328753
62328018
62359281
62328103
62328721
62328974
62359202
62328162
62329053
62329061
62359274
62328066
62328976
62329052
62327874
62329021
62329203
62359458
62359332
62329319
62327871
62329435
62359741
62329481
62328090
62329534
62329468
62329791
62359906
62328521
62329672
62329782
62327675
62329517
62360266
62328824
62329809
62329937
62327864
62328896
62330043
62330129
62330155
62328095
62328378
62328866
62330252
62360544
62328513
62328905
62329088
62330251
62329572
62330222
62329181
62330475
62329138
62360882
62328486
62330540
62330550
62330939
62331139
62361311
62330670
62329553
62331106
62328996
62329292
62329825
62330179
62331228
62330447
62329558
62330156
62331301
62330548
62361860
62330625
62331196
62331579
62361692
62330190
62331572
62331621
62361823
62331654
62331462
62331810
62329533
62331317
62331453
62331662
62361989
62331797
62331533
62331929
62362181
62332102
62331899
62331982
62331888
62362137
62331212
62330438
62330957
62331638
62330560
62362845
62331109
62331606
62332356
62332215
62332322
62332510
62331756
62330874
62331495
62332727
62332862
62332796
62330788
62331108
62331835
62332944
62333195
62363326
62333223
62332895
62333066
62333084
62332392
62363686
62332645
62333260
62333414
62363621
62333147
62332803
62332162
62333315
62333491
62331451
62331816
62332400
62333679
62333692
62333980
62333877
62364038
62332027
62332601
62333689
62333930
62332030
62332149
62332849
62332721
62333793
62334029
62332079
62332348
62333202
62334120
62332951
62334197
62332923
62364834
62333312
62334513
62332413
62332733
62333317
62333581
62334585
62334778
62365276
62334913
62333390
62334752
62334942
62336475
62333509
62365097
62335038
62333566
62334877
62335118
62365536
62365265
62334893
62335005
62335125
62337027
62333193
62335042
62365632
62334337
62335320
62335540
62333449
62333882
62334879
62335257
62334133
62335553
62335664
62365858
62335409
62334539
62335680
62335088
62334025
62335073
62335633
62335917
62366252
62336004
62335925
62336059
62336408
62336324
62366382
62335038
62366563
62335332
62336300
62336349
62366639
62335690
62336284
62335098
62336528
62335288
62334881
62335601
62336486
62336636
62366758
62334599
62366999
62336477
62335525
62336931
62336868
62336868
62337003
62367226
62336683
62335701
62335184
62367244
62335460
62335928
62337149
62336294
62336718
62335886
62336014
62336972
62337213
62367328
62335450
62336075
62337255
62335994
62335660
62336127
62336575
62337197
62337479
62336721
62367865
62336292
62337561
62335581
62337444
62336019
62336552
62336787
62337846
62367982
62337509
62336581
62337998
62337955
62336543
62368608
62337152
62338024
62338305
62337480
62368720
62368622
62338539
62338173
62338621
62368485
62338270
62337171
62338393
62338518
62338683
62368897
62338729
62338404
62338916
62336669
62337051
62338567
62368875
62369223
62338096
62338683
62338972
62338915
62336978
62338711
62337657
62338981
62337532
62369650
62338140
62339052
62339391
62369595
62369550
62338287
62339247
62339480
62337407
62337751
62338335
62339539
62338292
62370104
62338432
62338948
62340063
62339779
62339090
62338002
62338627
62339640
62338493
62339759
62339733
62370430
62338809
62339890
62339980
62337907
62339718
62370576
62338994
62339979
62338242
62338346
62338947
62340059
62340340
62340269
62339501
62370572
62339287
62340145
62339068
62340491
62339751
62371104
62339624
62340722
62340648
62340779
62338604
62340542
62339693
62341201
62341250
62371212
62340895
62339873
62340138
62341169
62341180
62371569
62340219
62341222
62341271
62371413
62341395
62339923
62341425
62340627
62341649
62371761
62341593
62341418
62341750
62339517
62339987
62340384
62341513
62341740
62341721
62339528
62341435
62341592
62341732
62340537
62341705
62341964
62372087
62341608
62372394
62342082
62341856
62342137
62340033
62341868
62342032
62342085
62342328
62372568
62342292
62342213
62342518
62372723
62342205
62342365
62342572
62342959
62373326
62342711
62341649
62342895
62341782
62341201
62373264
62343139
62343456
62343180
62373345
62343178
62341997
62341762
62343309
62342606
62342542
62343239
62343523
62341450
62341695
62373869
62342833
62343465
62343680
62341481
62341897
62342648
62343791
62343575
62343825
62341687
62342188
62342714
62344049
62343278
62344148
62342006
62342250
62342899
62343327
62344111
62374462
62343280
62374749
62342999
62344543
62344294
62374532
62343943
62343200
62344240
62342386
62346189
62342460
62344111
62343241
62344360
62343794
62344242
62343383
62344803
62344490
62344736
62374916
62344536
62343317
62344686
62343309
62343166
62375215
62345015
62344799
62345089
62375255
62344272
62343595
62345119
62345127
62375411
62344773
62344009
62344489
62345256
62345449
62344716
62343984
62344254
62345479
62344738
62376044
62344663
62345504
62377266
62346107
62347151
62347315
62345269
62347135
62346245
62347357
62347828
62347720
62345595
62370491
62370850
62372061
62372281
62402872
62371125
62372305
62372919
62372513
62371993
62403521
62373244
62371844
62373243
62373443
62403802
62372699
62372130
62373571
62372762
62372030
62372252
62373724
62404065
62373852
62373547
62373912
62372135
62404278
62374100
62373925
62374154
62404283
62373708
62372821
62372971
62374054
62374308
62372187
62372337
62372900
62374227
62373425
62372454
62372990
62374280
62372885
62374569
62373298
62405257
62373820
62375101
62374726
62404940
62374007
62372913
62373456
62374555
62374863
62372708
62373035
62405302
62374234
62375000
62375311
62405469
62374250
62374098
62375302
62374114
62374754
62374235
62375522
62375627
62405715
62375348
62374372
62374507
62375534
62375719
62406118
62374446
62374371
62375778
62377595
62374126
62374324
62374857
62376088
62375351
62406506
62375009
62376248
62376182
62376169
62376522
62406750
62376688
62376332
62376616
62375164
62376570
62406953
62376589
62376320
62375461
62376713
62376755
62376069
62407388
62376231
62376711
62375629
62377008
62376302
62376780
62375818
62376971
62377028
62377213
62377194
62407395
62376984
62376107
62377438
62376040
62377592
62407845
62376565
62377600
62377740
62375804
62376406
62377646
62376535
62377839
62376702
62376230
62376803
62378028
62377387
62408648
62377464
62378618
62378337
62378570
62376350
62376974
62377312
62377650
62378658
62408905
62377854
62409118
62377924
62378599
62378789
62409143
62378975
62378694
62377603
62378900
62378977
62409176
62378568
62377811
62378356
62379167
62379152
62377884
62379168
62377736
62409674
62378105
62378673
62379645
62378049
62377855
62378439
62380001
62379720
62379561
62379737
62410016
62379913
62378451
62379810
62378278
62410508
62410352
62379832
62378677
62378950
62379594
62380501
62410921
62379420
62380559
62380738
62410874
62379900
62378785
62379420
62380597
62380848
62410803
62380313
62411176
62379534
62380714
62379974
62411286
62379802
62380918
62381059
62411359
62378913
62380860
62380008
62381096
62379620
62411727
62380573
62381222
62380039
62381326
62379438
62379911
62380499
62381512
62381647
62381549
62379524
62412125
62380510
62381445
62380457
62381548
62380209
62412243
62380766
62381929
62381882
62411965
62412049
62382009
62381813
62382046
62412212
62381760
62380818
62382170
62380958
62382115
62412316
62381174
62382113
62382349
62412649
62382621
62382343
62381281
62382345
62381287
62413054
62381423
62382627
62381480
62382624
62382812
62380760
62381107
62413196
62381737
62383119
62383025
62413176
62383009
62382930
62381854
62383160
62383186
62413559
62381903
62383121
62382007
62383309
62413631
62383064
62382270
62383385
62383438
62381347
62381743
62413815
62383599
62383345
62383762
62413845
62383781
62383633
62383890
62413925
62382915
62414162
62382873
62383729
62382568
62414530
62382950
62384256
62382753
62382337
62414494
62384353
62384065
62384250
62382287
62382607
62383167
62384245
62384130
62384517
62382648
62414660
62384531
62383014
62384312
62384488
62414751
62384701
62384266
62383220
62384787
62382588
62383340
62415226
62415447
62383775
62383639
62384274
62384832
62383794
62385115
62415415
62385281
62385318
62383927
62385285
62384624
62383629
62384267
62385520
62385005
62384144
62416117
62384445
62385950
62385785
62385960
62416254
62386071
62385865
62386098
62416294
62386070
62386030
62386158
62416483
62386556
62386168
62386436
62416808
62385177
62384589
62385032
62386401
62385712
62417024
62385843
62386532
62386752
62388453
62384654
62386766
62386598
62386807
62417254
62385798
62386863
62386983
62386991
62386319
62385488
62386072
62387180
62385799
62417543
62386514
62385436
62386136
62387432
62386730
62385759
62417746
62386461
62387525
62385956
62418248
62387121
62387637
62387972
62387745
62386549
62418307
62386592
62387742
62386978
62418290
62386899
62388106
62387880
62388065
62386005
62387099
62386988
62386551
62388263
62387550
62386763
62387186
62388439
62387958
62386782
62419050
62387858
62388455
62388740
62418858
62388862
62387434
62387815
62388887
62387574
62419653
62387382
62387969
62389198
62389363
62419743
62388337
62389322
62388185
62419993
62388465
62389549
62389500
62389593
62419984
62388726
62389621
62389854
62388994
62388026
62388082
62388179
62389316
62390473
62390154
62390285
62420601
62389548
62389891
62389308
62390154
62390624
62420672
62390195
62389194
62389691
62390846
62390733
62420961
62390721
62389380
62390666
62390740
62389538
62389271
62390254
62390994
62391211
62421492
62390308
62421444
62390453
62391194
62391281
62421618
62390152
62391277
62391429
62389288
62389618
62390218
62391663
62389559
62389988
62421972
62390932
62391619
62391783
62422088
62391566
62390662
62392140
62390067
62422452
62391285
62391982
62390498
62392168
62391271
62422555
62391195
62392027
62392116
62390142
62390393
62422560
62391381
62392042
62392133
62422332
62392418
62392281
62392466
62390369
62392122
62422814
62391652
62392489
62392466
62422829
62391430
62392483
62392762
62423014
62392063
62392838
62392604
62392789
62423092
62392192
62393294
62393022
62423076
62391842
62392954
62393106
62423460
62392366
62393230
62391993
62393068
62393424
62423553
62391319
62391625
62392223
62393403
62393770
62424225
62392798
62393710
62393531
62393678
62391803
62392031
62392444
62393717
62393175
62393870
62424022
62393830
62392484
62393805
62393974
62424429
62393186
62394146
62393873
62393858
62392713
62424407
62393279
62394023
62394174
62424474
62394248
62392269
62392733
62394153
62393344
62392472
62393107
62394400
62394576
62424659
62394164
62424961
62393446
62394267
62394484
62424699
62393195
62394257
62394493
62394542
62394742
62425251
62393579
62394708
62393981
62425271
62393788
62393036
62393884
62394855
62394949
62425440
62394781
62393934
62394073
62395226
62393208
62393528
62394115
62395367
62394203
62425715
62394702
62394695
62395494
62395553
62425951
62425856
62395310
62395740
62395846
62393647
62395561
62395673
62395861
62426311
62396068
62395852
62396072
62426292
62395690
62426448
62395768
62426461
62394343
62394852
62395919
62396112
62394036
62394486
62394987
62395549
62396132
62396339
62426765
62396467
62396364
62396699
62396553
62395778
62427029
62395357
62396554
62396760
62426966
62395933
62427107
62395618
62395677
62396779
62396900
62427067
62397001
62395210
62395657
62396947
62396337
62395859
62427400
62396088
62397100
62395942
62427747
62396505
62396035
62396043
62397439
62396701
62428158
62396538
62397742
62399494
62396911
62396100
62396609
62397683
62397927
62428092
62397867
62397441
62396482
62398012
62396539
62428236
62428155
62397821
62397803
62397988
62428136
62397930
62398205
62398417
62398109
62396167
62396463
62396927
62398217
62397118
62428822
62428635
62398588
62398612
62398468
62428795
62398743
62398479
62398589
62396724
62397038
62397673
62398634
62398582
62398839
62429000
62397566
62398741
62399070
62400671
62398050
62397109
62397683
62398216
62397709
62398815
62399153
62398998
62397563
62429639
62398447
62399020
62399380
62397599
62429667
62398113
62399259
62397279
62429713
62398589
62399226
62399416
62399499
62398786
62397643
62398159
62399439
62399762
62399612
62429957
62399300
62398441
62399593
62399646
62430007
62398760
62399711
62431316
62401043
62431634
62400323
62401320
62401607
62401711
62401601
62401754
62402070
62432494
62401051
62402241
62402644
62433159
62401562
62402244
62402978
62403160
62403236
62401109
62402975
62403217
62403412
62433777
62402468
62403529
62403643
62433922
62401448
62403249
62403478
62403728
62403791
62401776
62403905
62403764
62404072
62434166
62404207
62403943
62402586
62404051
62403095
62402254
62402892
62404007
62404098
62434433
62401958
62403923
62402741
62404148
62404344
62434593
62404021
62402970
62404537
62404310
62403570
62402755
62403199
62404321
62403044
62434784
62404400
62404395
62404694
62435223
62403640
62404721
62404856
62435316
62403617
62404268
62404888
62435437
62403752
62404840
62403559
62435367
62404020
62404879
62405112
62435364
62405128
62403258
62403934
62404885
62404326
62435415
62403986
62405072
62405308
62405163
62405226
62404492
62403551
62404077
62405288
62403555
62403251
62435847
62403781
62405519
62404530
62405475
62405797
62407344
62403479
62405205
62404253
62405550
62403748
62436122
62405026
62406265
62406125
62436390
62405058
62405512
62404618
62406059
62405250
62404391
62404804
62406145
62404823
62404454
62404963
62406167
62406011
62406218
62436751
62405237
62406133
62405047
62404613
62436944
62405751
62406426
62405203
62436962
62405756
62406544
62405297
62437078
62406859
62406619
62406961
62437262
62405565
62406806
62404696
62406541
62405501
62406822
62406147
62406766
62406912
62407046
62404863
62405347
62405976
62405384
62406367
62407268
62407296
62437531
62437332
62406950
62406022
62407319
62407289
62437901
62406277
62407430
62406888
62405875
62406357
62407089
62407740
62437909
62407393
62406311
62407673
62407669
62407908
62438042
62407585
62406722
62407978
62407289
62438553
62407499
62408185
62406754
62408006
62407303
62438586
62407219
62408080
62408265
62438526
62407434
62438722
62407337
62407564
62407110
62438764
62407209
62408101
62407232
62408296
62408417
62406504
62406752
62407234
62407598
62408458
62408680
62406583
62406852
62407367
62408757
62439159
62407679
62408737
62409059
62409142
62408312
62439645
62407949
62409096
62409359
62439525
62407118
62409056
62407868
62409312
62409474
62439646
62409158
62407942
62409434
62409593
62409597
62407572
62407804
62408484
62409530
62409781
62407596
62440124
62408933
62409670
62408293
62440050
62409109
62409312
62408599
62440407
62440316
62411752
62410241
62440413
62409768
62408768
62410304
62409458
62440719
62409071
62409677
62410239
62410480
62409722
62440983
62409778
62410410
62410558
62410631
62409980
62410383
62409640
62410855
62410832
62441178
62410168
62441165
62409709
62410557
62409865
62410410
62411170
62410296
62409328
62410104
62410976
62409901
62410494
62411401
62441666
62410243
62411305
62411503
62441621
62409327
62409712
62410255
62411408
62410055
62441897
62410249
62411453
62411840
62411545
62409520
62409867
62410379
62411713
62410258
62442145
62441830
62411407
62410469
62411827
62410487
62442217
62410908
62411869
62411894
62411985
62409939
62410259
62410792
62411945
62410067
62410452
62410491
62411024
62412407
62412289
62412488
62410370
62412233
62412540
62412783
62442928
62412440
62412613
62411407
62412710
62412900
62443128
62412936
62411443
62412945
62412827
62411324
62443241
62411569
62411628
62412724
62412878
62413305
62412967
62412284
62411316
62412003
62412486
62413195
62443624
62412408
62413270
62411750
62413303
62412186
62443991
62412397
62413599
62413829
62411826
62443846
62412388
62413562
62413822
62411797
62412042
62412554
62413837
62414116
62413837
62411719
62412530
62412442
62413988
62412653
62444367
62414234
62412649
62412904
62414122
62414216
62412129
62412528
62412916
62414483
62413859
62412727
62444824
62414557
62413297
62414444
62414640
62414798
62444872
62414588
62414714
62414913
62412829
62413122
62413709
62415037
62414932
62445399
62413841
62415517
62415163
62414795
62415148
62445347
62415064
62414934
62415143
62413172
62413346
62445422
62415161
62415017
62415284
62413115
62413668
62414022
62415497
62413191
62413600
62445829
62414336
62415381
62415702
62414845
62446106
62414656
62415564
62415872
62413628
62415925
62415913
62415990
62415831
62414858
62415984
62416125
62415340
62414372
62414919
62415464
62415914
62416225
62446573
62416123
62416276
62414913
62416391
62414438
62446990
62415486
62415819
62415679
62414877
62446958
62416509
62415479
62416710
62416951
62416029
62447365
62446794
62415322
62416640
62416774
62414776
62416495
62415505
62416904
62416981
62447308
62417140
62415641
62416917
62416970
62418807
62416235
62447482
62416040
62417104
62415822
62415443
62415959
62417331
62416026
62447641
62415240
62415632
62416192
62417492
62415344
62417600
62417411
62417661
62416873
62417372
62416186
62416654
62417999
62417238
62448471
62416936
62418038
62418193
62448485
62417101
62416551
62416879
62418114
62416202
62416635
62417157
62418358
62417803
62449094
62448718
62418612
62418481
62418663
62416593
62416876
62417463
62418667
62418509
62418694
62417933
62449240
62419011
62417389
62418830
62418776
62418921
62418266
62419228
62417707
62417462
62417974
62419199
62419102
62419215
62449638
62418062
62419406
62417835
62419279
62418543
62417623
62418207
62419541
62419341
62419671
62417577
62417876
62418771
62419649
62419920
62418967
62418136
62418669
62419921
62418493
62450482
62419005
62419396
62419842
62420078
62418543
62450492
62419373
62420455
62420163
62417970
62419668
62419948
62420280
62450340
62419823
62419015
62420093
62418740
62418456
62450454
62418950
62420480
62420330
62418096
62418502
62419161
62419136
62420491
62420433
62450885
62419744
62420923
62420694
62418481
62419164
62451116
62419522
62420774
62421022
62451226
62419807
62420767
62421044
62422715
62420111
62419228
62419839
62420989
62421079
62451210
62421146
62421016
62419748
62421229
62419258
62420940
62419940
62421435
62420229
62419666
62451721
62420681
62421445
62420691
62451993
62420352
62421440
62420042
62421552
62421707
62421708
62420400
62452050
62420512
62421710
62421809
62421082
62452247
62421155
62421712
62421918
62419773
62420202
62420605
62422028
62421192
62452487
62420722
62421899
62421196
62421964
62452257
62422017
62420545
62421989
62422056
62420888
62422315
62420143
62420479
62421276
62422475
62422242
62420257
62420612
62452716
62421225
62422362
62422496
62452813
62422528
62421794
62422587
62421654
62422696
62422809
62423101
62453150
62421375
62422198
62421731
62422884
62423098
62453294
62422754
62421898
62423099
62423176
62453625
62423362
62421410
62421858
62422379
62423211
62453568
62422644
62423146
62423508
62423188
62421948
62453897
62422468
62423463
62423506
62453881
62421520
62421806
62422647
62423898
62423729
62421578
62422072
62422540
62423816
62423052
62422125
62422514
62422789
62423993
62424094
62424222
62422186
62422612
62422919
62424260
62424337
62454674
62423607
62424464
62423724
62422674
62423162
62424387
62423230
62454985
62424001
62424643
62424814
62423314
62454995
62424868
62425148
62424640
62424900
62422919
62424590
62424767
62425256
62422862
62423278
62423817
62423973
62425187
62425363
62455591
62424087
62425103
62425358
62455503
62424863
62424456
62425098
62424167
62425436
62425789
62456013
62424885
62425568
62425804
62424941
62425821
62456141
62424848
62425811
62426020
62425074
62456407
62425240
62425848
62424649
62426004
62425861
62425264
62426042
62456421
62424942
62426056
62426306
62456550
62426431
62426112
62426399
62426284
62425493
62424624
62425085
62426412
62424343
62424790
62425250
62426492
62426259
62426648
62424449
62426329
62425332
62426695
62425889
62426810
62457059
62425788
62426681
62426802
62457033
62425556
62426898
62426958
62424847
62425413
62425853
62426982
62427171
62457372
62427194
62426927
62425758
62427034
62425845
62427365
62427094
62427320
62426600
62457842
62426796
62427377
62427569
62425869
62457935
62427527
62427461
62427622
62426440
62458066
62427027
62427720
62427779
62427606
62427856
62426674
62458263
62428150
62426548
62427853
62426622
62428076
62426000
62427859
62426835
62428119
62426694
62458519
62427015
62427840
62426939
62428191
62426910
62458646
62427118
62428385
62428273
62428482
62426372
62426713
62427249
62428501
62428666
62458651
62426427
62426819
62427430
62428514
62427452
62459131
62427950
62428561
62428870
62428776
62428138
62427167
62427806
62428812
62428892
62459211
62429013
62428797
62429046
Peak: 62459946
Average: 61659371.60026107
