# Episodes, Rewards
0.0,-5.04
1.0,-5.11
2.0,-5.23
3.0,-5.17
4.0,-5.2
5.0,-5.04
6.0,-5.14
7.0,-5.04
8.0,-5.28
9.0,-5.07
10.0,-5.02
11.0,-5.04
12.0,-5.1
13.0,-5.2700000000000005
14.0,-5.44
15.0,-5.04
16.0,-5.02
17.0,-5.1
18.0,-5.25
19.0,-5.37
20.0,-5.07
21.0,-5.54
22.0,-5.07
23.0,-1.0000000000000007
24.0,-5.01
25.0,-5.03
26.0,-5.04
27.0,-5.1
28.0,-5.05
29.0,-5.2700000000000005
30.0,-5.01
31.0,-5.13
32.0,-5.07
33.0,-1.0000000000000007
34.0,-5.03
35.0,-5.11
36.0,-5.44
37.0,-5.06
38.0,-5.02
39.0,-5.2700000000000005
40.0,-5.01
41.0,-5.3100000000000005
42.0,-5.19
43.0,-5.07
44.0,-5.44
45.0,-5.12
46.0,-5.1
47.0,-5.06
48.0,-5.67
49.0,-5.02
50.0,-5.03
51.0,-5.14
52.0,-5.32
53.0,-5.03
54.0,-5.23
55.0,-5.25
56.0,-5.02
57.0,-5.03
58.0,-5.25
59.0,-5.06
60.0,-5.22
61.0,-5.04
62.0,-5.03
63.0,-5.15
64.0,-5.04
65.0,-5.18
66.0,-5.42
67.0,-5.08
68.0,-5.790000000000001
69.0,-5.08
70.0,-5.05
71.0,-5.470000000000001
72.0,-5.02
73.0,-5.16
74.0,-5.5
75.0,-5.2
76.0,-5.06
77.0,-1.0000000000000007
78.0,-5.67
79.0,-1.0000000000000007
80.0,-5.890000000000001
81.0,-5.02
82.0,-5.14
83.0,-5.2700000000000005
84.0,-5.6000000000000005
85.0,-5.02
86.0,-5.07
87.0,-5.11
88.0,-5.02
89.0,-1.0000000000000007
90.0,-5.09
91.0,-5.22
92.0,-5.21
93.0,-5.15
94.0,-5.07
95.0,-5.15
96.0,-1.0000000000000007
97.0,-5.02
98.0,-5.02
99.0,-5.3500000000000005
100.0,-5.07
101.0,-5.1
102.0,-5.14
103.0,-5.4
104.0,-5.04
105.0,-5.49
106.0,-5.1
107.0,-5.34
108.0,-5.01
109.0,-5.23
110.0,-5.22
111.0,-5.4
112.0,-5.29
113.0,-5.4
114.0,-5.45
115.0,-5.07
116.0,-5.59
117.0,-5.13
118.0,-5.05
119.0,-5.14
120.0,-5.2700000000000005
121.0,-5.1
122.0,-5.02
123.0,-5.08
124.0,-5.800000000000001
125.0,-5.12
126.0,-5.14
127.0,-5.2700000000000005
128.0,-5.12
129.0,-5.03
130.0,-5.74
131.0,-5.48
132.0,-5.06
133.0,-5.23
134.0,-5.54
135.0,-5.03
136.0,-5.48
137.0,-5.15
138.0,-5.05
139.0,-5.03
140.0,-1.0000000000000007
141.0,-5.36
142.0,-5.11
143.0,-5.2700000000000005
144.0,-5.03
145.0,-5.07
146.0,-5.2700000000000005
147.0,-5.11
148.0,-5.01
149.0,-5.05
150.0,-5.930000000000001
151.0,-5.05
152.0,-5.26
153.0,-5.03
154.0,-5.42
155.0,-5.08
156.0,-5.57
157.0,-5.01
158.0,-5.04
159.0,-5.06
160.0,-5.550000000000001
161.0,-5.02
162.0,-5.23
163.0,-5.14
164.0,-5.65
165.0,-1.0000000000000007
166.0,-5.03
167.0,-5.25
168.0,-5.06
169.0,-5.03
170.0,-5.3100000000000005
171.0,-1.0000000000000007
172.0,-5.36
173.0,-5.1
174.0,-5.08
175.0,-5.2700000000000005
176.0,-5.19
177.0,-5.22
178.0,-5.06
179.0,-5.15
180.0,-5.1
181.0,-5.18
182.0,-5.08
183.0,-5.23
184.0,-5.1
185.0,-5.02
186.0,-5.1
187.0,-5.04
188.0,-5.3100000000000005
189.0,-5.26
190.0,-5.09
191.0,-5.2700000000000005
192.0,-5.08
193.0,-5.29
194.0,-5.09
195.0,-5.1
196.0,-5.07
197.0,-5.01
198.0,-5.17
199.0,-5.07
200.0,-5.5600000000000005
201.0,-5.05
202.0,-5.33
203.0,-5.02
204.0,-5.09
205.0,-5.29
206.0,-5.11
207.0,-5.03
208.0,-5.08
209.0,-5.24
210.0,-5.67
211.0,-5.01
212.0,-5.12
213.0,-1.0000000000000007
214.0,-5.17
215.0,-5.03
216.0,-5.48
217.0,-5.05
218.0,-5.03
219.0,-5.09
220.0,-5.920000000000001
221.0,-5.1
222.0,-5.01
223.0,-5.05
224.0,-5.29
225.0,-5.82
226.0,-5.86
227.0,-5.19
228.0,-5.18
229.0,-5.08
230.0,-5.01
231.0,-5.01
232.0,-5.09
233.0,-5.03
234.0,-5.75
235.0,-5.07
236.0,-5.05
237.0,-5.04
238.0,-5.12
239.0,-5.26
240.0,-5.42
241.0,-5.03
242.0,-5.33
243.0,-5.33
244.0,-5.42
245.0,-5.04
246.0,-5.04
247.0,-5.05
248.0,-5.12
249.0,-5.02
250.0,-1.0000000000000007
251.0,-5.04
252.0,-5.02
253.0,-5.16
254.0,-5.33
255.0,-5.16
256.0,-5.26
257.0,-5.07
258.0,-5.15
259.0,-5.99
260.0,-5.32
261.0,-5.07
262.0,-5.3
263.0,-5.32
264.0,-5.08
265.0,-5.1
266.0,-1.0000000000000007
267.0,-5.01
268.0,-5.01
269.0,-5.14
270.0,-5.02
271.0,-5.550000000000001
272.0,-5.01
273.0,-5.390000000000001
274.0,-5.790000000000001
275.0,-5.06
276.0,-5.550000000000001
277.0,-5.07
278.0,-5.04
279.0,-5.49
280.0,-5.12
281.0,-5.02
282.0,-5.05
283.0,-5.26
284.0,-5.05
285.0,-5.03
286.0,-5.05
287.0,-5.02
288.0,-5.02
289.0,-5.01
290.0,-5.08
291.0,-1.0000000000000007
292.0,-5.08
293.0,-5.14
294.0,-5.13
295.0,-5.07
296.0,-5.99
297.0,-5.54
298.0,-5.28
299.0,-5.23
300.0,-5.57
301.0,-5.04
302.0,-5.07
303.0,-5.38
304.0,-5.14
305.0,-5.01
306.0,-5.17
307.0,-5.01
308.0,-5.26
309.0,-5.21
310.0,-5.11
311.0,-5.02
312.0,-5.11
313.0,-5.01
314.0,-5.09
315.0,-5.28
316.0,-5.04
317.0,-5.07
318.0,-5.01
319.0,-5.06
320.0,-5.14
321.0,-5.06
322.0,-5.06
323.0,-5.06
324.0,-5.430000000000001
325.0,-5.1
326.0,-5.11
327.0,-5.800000000000001
328.0,-5.04
329.0,-5.11
330.0,-5.25
331.0,-5.06
332.0,-5.3
333.0,-5.3100000000000005
334.0,-5.02
335.0,-5.15
336.0,-5.25
337.0,-5.05
338.0,-1.0000000000000007
339.0,-5.430000000000001
340.0,-5.2
341.0,-5.03
342.0,-5.11
343.0,-5.06
344.0,-5.02
345.0,-5.19
346.0,-5.53
347.0,-5.25
348.0,-5.46
349.0,-5.54
350.0,-5.14
351.0,-5.08
352.0,-5.32
353.0,-5.11
354.0,-5.13
355.0,-5.04
356.0,-5.03
357.0,-5.08
358.0,-5.03
359.0,-5.49
360.0,-5.21
361.0,-5.01
362.0,-5.04
363.0,-5.1
364.0,-5.09
365.0,-5.16
366.0,-5.01
367.0,-5.66
368.0,-5.1
369.0,-5.2
370.0,-5.17
371.0,-1.0000000000000007
372.0,-5.42
373.0,-1.0000000000000007
374.0,-5.25
375.0,-5.04
376.0,-5.02
377.0,-5.09
378.0,-5.03
379.0,-5.01
380.0,-5.08
381.0,-5.19
382.0,-5.14
383.0,-5.02
384.0,-5.17
385.0,-5.17
386.0,-5.05
387.0,-5.01
388.0,-5.02
389.0,-5.02
390.0,-5.08
391.0,-5.1
392.0,-5.08
393.0,-5.01
394.0,-5.07
395.0,-5.29
396.0,-5.04
397.0,-5.02
398.0,-5.4
399.0,-5.09
400.0,-5.430000000000001
401.0,-5.2700000000000005
402.0,-5.03
403.0,-5.29
404.0,-5.67
405.0,-5.12
406.0,-5.16
407.0,-5.12
408.0,-5.23
409.0,-5.12
410.0,-5.03
411.0,-5.07
412.0,-5.65
413.0,-5.07
414.0,-5.02
415.0,-5.03
416.0,-5.22
417.0,-5.21
418.0,-5.21
419.0,-5.03
420.0,-5.13
421.0,-5.46
422.0,-5.03
423.0,-5.38
424.0,-5.03
425.0,-5.01
426.0,-5.07
427.0,-5.02
428.0,-5.01
429.0,-5.1
430.0,-5.9
431.0,-5.07
432.0,-5.05
433.0,-5.01
434.0,-5.02
435.0,-5.06
436.0,-5.3500000000000005
437.0,-5.26
438.0,-5.02
439.0,-5.1
440.0,-5.06
441.0,-5.19
442.0,-5.04
443.0,-5.15
444.0,-5.02
445.0,-5.2700000000000005
446.0,-5.03
447.0,-5.1
448.0,-5.09
449.0,-5.02
450.0,-5.01
451.0,-5.12
452.0,-5.24
453.0,-5.09
454.0,-5.04
455.0,-5.28
456.0,-5.03
457.0,-5.18
458.0,-5.21
459.0,-5.17
460.0,-5.1
461.0,-5.07
462.0,-5.09
463.0,-5.5
464.0,-5.24
465.0,-5.24
466.0,-5.17
467.0,-5.13
468.0,-5.430000000000001
469.0,-5.2
470.0,-5.08
471.0,-5.5200000000000005
472.0,-5.04
473.0,-5.03
474.0,-5.01
475.0,-5.12
476.0,-5.61
477.0,-5.46
478.0,-5.36
479.0,-5.09
480.0,-5.720000000000001
481.0,-5.07
482.0,-5.3500000000000005
483.0,-5.05
484.0,-5.21
485.0,-5.02
486.0,-5.07
487.0,-5.15
488.0,-5.14
489.0,-5.07
490.0,-5.48
491.0,-5.03
492.0,-5.18
493.0,-5.3100000000000005
494.0,-5.3500000000000005
495.0,-5.04
496.0,-5.1
497.0,-5.69
498.0,-5.06
499.0,-5.06
500.0,-5.2
501.0,-5.42
502.0,-5.550000000000001
503.0,-5.42
504.0,-5.04
505.0,-5.19
506.0,-5.09
507.0,-5.05
508.0,-5.82
509.0,-5.07
510.0,-5.08
511.0,-5.61
512.0,-5.13
513.0,-5.06
514.0,-5.32
515.0,-5.1
516.0,-5.07
517.0,-5.14
518.0,-5.24
519.0,-5.3500000000000005
520.0,-5.07
521.0,-5.07
522.0,-5.13
523.0,-5.06
524.0,-5.18
525.0,-5.4
526.0,-5.6000000000000005
527.0,-5.04
528.0,-5.1
529.0,-5.02
530.0,-5.22
531.0,-5.03
532.0,-5.12
533.0,-5.03
534.0,-5.05
535.0,-5.18
536.0,-5.02
537.0,-5.720000000000001
538.0,-5.01
539.0,-5.32
540.0,-5.28
541.0,-5.13
542.0,-5.05
543.0,-5.09
544.0,-5.05
545.0,-5.54
546.0,-5.15
547.0,-5.12
548.0,-5.46
549.0,-5.06
550.0,-5.46
551.0,-5.05
552.0,-5.05
553.0,-5.03
554.0,-5.08
555.0,-5.78
556.0,-5.01
557.0,-5.470000000000001
558.0,-5.21
559.0,-5.03
560.0,-5.67
561.0,-5.14
562.0,-5.14
563.0,-5.05
564.0,-5.02
565.0,-1.0000000000000007
566.0,-5.04
567.0,-5.04
568.0,-5.03
569.0,-5.04
570.0,-5.25
571.0,-5.23
572.0,-5.04
573.0,-5.05
574.0,-5.02
575.0,-5.05
576.0,-5.02
577.0,-5.430000000000001
578.0,-5.23
579.0,-5.04
580.0,-5.11
581.0,-5.01
582.0,-5.02
583.0,-5.04
584.0,-5.05
585.0,-5.02
586.0,-5.15
587.0,-5.5600000000000005
588.0,-5.08
589.0,-5.08
590.0,-5.04
591.0,-5.06
592.0,-5.16
593.0,-5.29
594.0,-5.04
595.0,-5.2
596.0,-5.02
597.0,-5.05
598.0,-5.11
599.0,-5.03
600.0,-5.22
601.0,-5.05
602.0,-5.02
603.0,-5.04
604.0,-5.02
605.0,-5.75
606.0,-5.05
607.0,-5.2
608.0,-5.28
609.0,-5.07
610.0,-5.03
611.0,-5.07
612.0,-1.0000000000000007
613.0,-5.26
614.0,-5.02
615.0,-5.09
616.0,-5.470000000000001
617.0,-5.19
618.0,-5.07
619.0,-5.33
620.0,-5.1
621.0,-5.11
622.0,-5.01
623.0,-5.02
624.0,-5.04
625.0,-5.46
626.0,-5.29
627.0,-5.18
628.0,-5.04
629.0,-5.03
630.0,-5.11
631.0,-5.01
632.0,-5.14
633.0,-5.03
634.0,-5.02
635.0,-5.01
636.0,-5.08
637.0,-5.06
638.0,-5.390000000000001
639.0,-5.02
640.0,-5.44
641.0,-5.03
642.0,-5.24
643.0,-5.1
644.0,-5.05
645.0,-5.04
646.0,-5.03
647.0,-5.01
648.0,-5.01
649.0,-5.3100000000000005
650.0,-5.09
651.0,-5.07
652.0,-5.21
653.0,-5.01
654.0,-5.06
655.0,-5.04
656.0,-5.02
657.0,-5.09
658.0,-5.03
659.0,-5.54
660.0,-5.04
661.0,-5.24
662.0,-5.03
663.0,-5.13
664.0,-5.6000000000000005
665.0,-5.58
666.0,-5.07
667.0,-5.640000000000001
668.0,-5.11
669.0,-5.07
670.0,-5.840000000000001
671.0,-5.33
672.0,-5.11
673.0,-5.58
674.0,-5.15
675.0,-5.15
676.0,-5.14
677.0,-5.2
678.0,-5.3100000000000005
679.0,-5.14
680.0,-5.03
681.0,-5.04
682.0,-5.05
683.0,-5.41
684.0,-5.03
685.0,-5.41
686.0,-5.09
687.0,-5.01
688.0,-5.18
689.0,-5.04
690.0,-5.01
691.0,-5.01
692.0,-5.04
693.0,-1.0000000000000007
694.0,-5.710000000000001
695.0,-5.62
696.0,-5.1
697.0,-5.03
698.0,-5.01
699.0,-5.54
700.0,-5.26
701.0,-5.07
702.0,-5.5
703.0,-5.42
704.0,-5.08
705.0,-5.02
706.0,-5.03
707.0,-5.640000000000001
708.0,-5.02
709.0,-5.04
710.0,-5.09
711.0,-5.05
712.0,-5.01
713.0,-5.02
714.0,-5.08
715.0,-5.29
716.0,-5.04
717.0,-1.0000000000000007
718.0,-5.13
719.0,-5.12
720.0,-5.01
721.0,-5.38
722.0,-5.15
723.0,-5.82
724.0,-5.04
725.0,-5.04
726.0,-5.3100000000000005
727.0,-5.04
728.0,-5.4
729.0,-5.78
730.0,-5.550000000000001
731.0,-5.25
732.0,-5.36
733.0,-5.390000000000001
734.0,-5.19
735.0,-5.28
736.0,-5.16
737.0,-5.11
738.0,-5.05
739.0,-5.21
740.0,-5.12
741.0,-5.13
742.0,-5.42
743.0,-5.36
744.0,-5.32
745.0,-5.17
746.0,-5.15
747.0,-5.14
748.0,-5.03
749.0,-5.2
750.0,-5.03
751.0,-5.2700000000000005
752.0,-5.3500000000000005
753.0,-5.2
754.0,-5.710000000000001
755.0,-5.09
756.0,-5.1
757.0,-5.1
758.0,-5.01
759.0,-5.86
760.0,-5.2
761.0,-5.14
762.0,-5.18
763.0,-5.08
764.0,-5.03
765.0,-5.23
766.0,-1.0000000000000007
767.0,-5.16
768.0,-5.12
769.0,-5.16
770.0,-5.02
771.0,-5.15
772.0,-5.03
773.0,-5.06
774.0,-5.03
775.0,-5.24
776.0,-5.470000000000001
777.0,-5.04
778.0,-1.0000000000000007
779.0,-5.08
780.0,-5.8500000000000005
781.0,-5.12
782.0,-5.15
783.0,-5.05
784.0,-5.03
785.0,-5.08
786.0,-5.37
787.0,-5.5600000000000005
788.0,-5.46
789.0,-5.04
790.0,-5.09
791.0,-5.07
792.0,-5.46
793.0,-5.14
794.0,-5.2
795.0,-5.01
796.0,-5.01
797.0,-5.07
798.0,-5.920000000000001
799.0,-5.18
800.0,-5.03
801.0,-5.03
802.0,-5.15
803.0,-5.680000000000001
804.0,-5.25
805.0,-5.3500000000000005
806.0,-5.05
807.0,-5.08
808.0,-5.91
809.0,-5.11
810.0,-5.03
811.0,-5.02
812.0,-5.22
813.0,-5.08
814.0,-5.44
815.0,-5.19
816.0,-5.02
817.0,-5.04
818.0,-5.23
819.0,-5.22
820.0,-5.04
821.0,-5.13
822.0,-5.03
823.0,-5.01
824.0,-5.09
825.0,-5.02
826.0,-5.15
827.0,-5.34
828.0,-5.23
829.0,-5.91
830.0,-5.3
831.0,-5.01
832.0,-5.1
833.0,-5.18
834.0,-5.04
835.0,-5.58
836.0,-5.13
837.0,-5.3
838.0,-5.07
839.0,-5.12
840.0,-5.01
841.0,-5.12
842.0,-5.02
843.0,-5.29
844.0,-5.19
845.0,-5.5200000000000005
846.0,-5.01
847.0,-5.98
848.0,-5.04
849.0,-5.01
850.0,-5.06
851.0,-5.05
852.0,-5.18
853.0,-5.04
854.0,-5.01
855.0,-5.08
856.0,-5.02
857.0,-5.2
858.0,-5.18
859.0,-5.22
860.0,-5.02
861.0,-5.06
862.0,-5.14
863.0,-5.09
864.0,-5.16
865.0,-5.12
866.0,-5.04
867.0,-1.0000000000000007
868.0,-5.02
869.0,-5.04
870.0,-5.45
871.0,-5.01
872.0,-5.73
873.0,-5.11
874.0,-5.04
875.0,-5.28
876.0,-5.82
877.0,-5.37
878.0,-5.21
879.0,-5.01
880.0,-5.07
881.0,-5.01
882.0,-5.42
883.0,-5.09
884.0,-5.33
885.0,-5.800000000000001
886.0,-5.18
887.0,-5.05
888.0,-5.37
889.0,-5.08
890.0,-5.06
891.0,-5.01
892.0,-5.03
893.0,-5.09
894.0,-5.01
895.0,-5.05
896.0,-5.1
897.0,-5.34
898.0,-5.11
899.0,-5.49
900.0,-5.19
901.0,-5.22
902.0,-5.06
903.0,-5.25
904.0,-5.44
905.0,-5.51
906.0,-5.08
907.0,-5.13
908.0,-5.3500000000000005
909.0,-5.16
910.0,-5.02
911.0,-5.2700000000000005
912.0,-5.3
913.0,-5.22
914.0,-5.14
915.0,-5.41
916.0,-5.26
917.0,-5.550000000000001
918.0,-5.44
919.0,-1.0000000000000007
920.0,-5.29
921.0,-5.66
922.0,-5.13
923.0,-5.09
924.0,-5.32
925.0,-5.02
926.0,-5.800000000000001
927.0,-5.25
928.0,-5.14
929.0,-5.03
930.0,-5.14
931.0,-5.16
932.0,-5.02
933.0,-5.42
934.0,-5.17
935.0,-5.04
936.0,-5.18
937.0,-5.09
938.0,-5.09
939.0,-5.01
940.0,-5.01
941.0,-5.08
942.0,-5.1
943.0,-5.24
944.0,-5.32
945.0,-5.02
946.0,-5.2700000000000005
947.0,-5.05
948.0,-5.29
949.0,-5.01
950.0,-5.12
951.0,-5.67
952.0,-5.12
953.0,-5.2
954.0,-5.12
955.0,-5.05
956.0,-5.15
957.0,-5.26
958.0,-5.15
959.0,-5.02
960.0,-5.04
961.0,-5.870000000000001
962.0,-5.11
963.0,-5.7
964.0,-5.04
965.0,-5.03
966.0,-5.06
967.0,-5.24
968.0,-5.11
969.0,-5.19
970.0,-5.470000000000001
971.0,-5.34
972.0,-5.44
973.0,-5.11
974.0,-5.13
975.0,-5.5600000000000005
976.0,-5.01
977.0,-5.21
978.0,-5.3
979.0,-1.0000000000000007
980.0,-5.02
981.0,-5.23
982.0,-5.23
983.0,-5.02
984.0,-5.23
985.0,-5.51
986.0,-5.3100000000000005
987.0,-5.04
988.0,-5.02
989.0,-5.06
990.0,-5.25
991.0,-5.49
992.0,-5.01
993.0,-5.14
994.0,-5.11
995.0,-5.03
996.0,-5.12
997.0,-5.02
998.0,-5.04
999.0,-5.05
1000.0,-5.03
1001.0,-5.12
1002.0,-5.29
1003.0,-5.33
1004.0,-5.17
1005.0,-5.17
1006.0,-5.12
1007.0,-5.37
1008.0,-5.22
1009.0,-5.2
1010.0,-5.91
1011.0,-5.32
1012.0,-5.15
1013.0,-5.3100000000000005
1014.0,-5.04
1015.0,-5.1
1016.0,-5.16
1017.0,-5.02
1018.0,-5.12
1019.0,-5.11
1020.0,-5.02
1021.0,-5.1
1022.0,-5.03
1023.0,-5.02
1024.0,-5.01
1025.0,-5.26
1026.0,-1.0000000000000007
1027.0,-5.02
1028.0,-1.0000000000000007
1029.0,-5.1
1030.0,-5.65
1031.0,-5.02
1032.0,-5.07
1033.0,-5.390000000000001
1034.0,-5.09
1035.0,-5.08
1036.0,-5.04
1037.0,-5.01
1038.0,-5.950000000000001
1039.0,-5.37
1040.0,-5.02
1041.0,-5.01
1042.0,-5.14
1043.0,-5.02
1044.0,-5.02
1045.0,-5.13
1046.0,-5.01
1047.0,-5.960000000000001
1048.0,-5.04
1049.0,-5.890000000000001
1050.0,-5.05
1051.0,-1.0000000000000007
1052.0,-5.16
1053.0,-5.3500000000000005
1054.0,-5.36
1055.0,-5.2700000000000005
1056.0,-5.44
1057.0,-5.1
1058.0,-5.67
1059.0,-5.1
1060.0,-5.01
1061.0,-5.04
1062.0,-5.03
1063.0,-5.2700000000000005
1064.0,-5.44
1065.0,-5.12
1066.0,-5.03
1067.0,-5.28
1068.0,-5.2700000000000005
1069.0,-5.07
1070.0,-5.34
1071.0,-1.0000000000000007
1072.0,-5.06
1073.0,-5.11
1074.0,-5.04
1075.0,-5.1
1076.0,-5.65
1077.0,-5.2700000000000005
1078.0,-5.02
1079.0,-5.08
1080.0,-5.01
1081.0,-5.41
1082.0,-5.02
1083.0,-5.04
1084.0,-5.05
1085.0,-5.12
1086.0,-5.13
1087.0,-5.07
1088.0,-5.51
1089.0,-5.05
1090.0,-5.12
1091.0,-5.11
1092.0,-5.22
1093.0,-5.01
1094.0,-5.03
1095.0,-5.2
1096.0,-5.07
1097.0,-5.32
1098.0,-5.28
1099.0,-5.12
1100.0,-5.07
1101.0,-5.05
1102.0,-5.33
1103.0,-5.03
1104.0,-5.07
1105.0,-5.09
1106.0,-5.19
1107.0,-5.01
1108.0,-5.26
1109.0,-5.3
1110.0,-5.11
1111.0,-5.09
1112.0,-5.07
1113.0,-5.09
1114.0,-5.06
1115.0,-5.2
1116.0,-5.11
1117.0,-5.23
1118.0,-5.2
1119.0,-5.840000000000001
1120.0,-5.07
1121.0,-5.17
1122.0,-5.08
1123.0,-5.06
1124.0,-5.930000000000001
1125.0,-5.08
1126.0,-5.01
1127.0,-5.05
1128.0,-5.01
1129.0,-5.1
1130.0,-5.21
1131.0,-5.02
1132.0,-5.57
1133.0,-5.04
1134.0,-5.09
1135.0,-5.37
1136.0,-5.48
1137.0,-5.09
1138.0,-5.05
1139.0,-5.62
1140.0,-5.14
1141.0,-5.04
1142.0,-5.07
1143.0,-5.04
1144.0,-5.02
1145.0,-1.0000000000000007
1146.0,-5.11
1147.0,-5.28
1148.0,-5.02
1149.0,-5.880000000000001
1150.0,-5.3500000000000005
1151.0,-5.16
1152.0,-5.15
1153.0,-5.26
1154.0,-5.04
1155.0,-5.15
1156.0,-5.13
1157.0,-5.12
1158.0,-5.09
1159.0,-5.07
1160.0,-5.18
1161.0,-5.430000000000001
1162.0,-5.01
1163.0,-5.62
1164.0,-5.11
1165.0,-5.17
1166.0,-5.03
1167.0,-5.57
1168.0,-5.26
1169.0,-5.1
1170.0,-5.17
1171.0,-5.09
1172.0,-5.01
1173.0,-5.33
1174.0,-5.04
1175.0,-5.12
1176.0,-5.32
1177.0,-5.06
1178.0,-5.21
1179.0,-5.38
1180.0,-5.3
1181.0,-5.08
1182.0,-5.44
1183.0,-5.16
1184.0,-5.16
1185.0,-5.01
1186.0,-5.05
1187.0,-5.04
1188.0,-5.03
1189.0,-5.08
1190.0,-5.02
1191.0,-1.0000000000000007
1192.0,-5.74
1193.0,-5.880000000000001
1194.0,-5.05
1195.0,-5.11
1196.0,-5.05
1197.0,-5.15
1198.0,-5.2
1199.0,-5.09
1200.0,-5.09
1201.0,-5.1
1202.0,-5.03
1203.0,-5.04
1204.0,-5.3
1205.0,-5.07
1206.0,-5.2700000000000005
1207.0,-5.08
1208.0,-5.34
1209.0,-5.06
1210.0,-5.11
1211.0,-5.01
1212.0,-5.03
1213.0,-5.05
1214.0,-5.3100000000000005
1215.0,-5.09
1216.0,-5.04
1217.0,-5.17
1218.0,-5.760000000000001
1219.0,-5.390000000000001
1220.0,-5.49
1221.0,-5.19
1222.0,-5.550000000000001
1223.0,-5.59
1224.0,-5.09
1225.0,-5.1
1226.0,-5.3500000000000005
1227.0,-5.05
1228.0,-5.06
1229.0,-5.17
1230.0,-5.2
1231.0,-5.430000000000001
1232.0,-5.21
1233.0,-5.03
1234.0,-5.18
1235.0,-5.2700000000000005
1236.0,-5.02
1237.0,-5.08
1238.0,-5.23
1239.0,-5.21
1240.0,-5.960000000000001
1241.0,-5.1
1242.0,-5.04
1243.0,-5.5200000000000005
1244.0,-1.0000000000000007
1245.0,-5.54
1246.0,-5.04
1247.0,-5.7700000000000005
1248.0,-5.32
1249.0,-5.02
1250.0,-5.32
1251.0,-5.17
1252.0,-5.7700000000000005
1253.0,-5.03
1254.0,-5.03
1255.0,-5.51
1256.0,-5.05
1257.0,-5.51
1258.0,-5.08
1259.0,-5.03
1260.0,-5.2
1261.0,-5.34
1262.0,-5.19
1263.0,-5.02
1264.0,-5.69
1265.0,-5.32
1266.0,-5.17
1267.0,-5.75
1268.0,-5.26
1269.0,-5.3500000000000005
1270.0,-5.33
1271.0,-5.67
1272.0,-5.49
1273.0,-5.16
1274.0,-5.22
1275.0,-5.05
1276.0,-5.12
1277.0,-5.53
1278.0,-5.28
1279.0,-5.41
1280.0,-5.3
1281.0,-5.11
1282.0,-5.1
1283.0,-5.24
1284.0,-5.03
1285.0,-5.18
1286.0,-5.11
1287.0,-5.46
1288.0,-5.13
1289.0,-5.07
1290.0,-5.25
1291.0,-5.23
1292.0,-5.02
1293.0,-5.3100000000000005
1294.0,-5.03
1295.0,-5.3
1296.0,-5.03
1297.0,-5.15
1298.0,-5.19
1299.0,-5.2
1300.0,-5.09
1301.0,-5.18
1302.0,-5.7700000000000005
1303.0,-5.01
1304.0,-5.04
1305.0,-5.57
1306.0,-5.06
1307.0,-5.03
1308.0,-5.18
1309.0,-5.02
1310.0,-5.11
1311.0,-5.09
1312.0,-5.44
1313.0,-5.630000000000001
1314.0,-5.04
1315.0,-5.32
1316.0,-5.15
1317.0,-5.15
1318.0,-5.15
1319.0,-5.06
1320.0,-5.09
1321.0,-5.05
1322.0,-5.05
1323.0,-5.08
1324.0,-5.550000000000001
1325.0,-5.06
1326.0,-5.11
1327.0,-5.18
1328.0,-5.04
1329.0,-5.16
1330.0,-5.19
1331.0,-5.02
1332.0,-5.15
1333.0,-5.3100000000000005
1334.0,-5.38
1335.0,-5.06
1336.0,-5.37
1337.0,-5.02
1338.0,-5.46
1339.0,-5.09
1340.0,-5.05
1341.0,-5.19
1342.0,-5.11
1343.0,-1.0000000000000007
1344.0,-5.18
1345.0,-5.22
1346.0,-5.22
1347.0,-5.21
1348.0,-5.03
1349.0,-5.07
1350.0,-5.01
1351.0,-5.25
1352.0,-5.06
1353.0,-1.0000000000000007
1354.0,-5.07
1355.0,-5.03
1356.0,-5.01
1357.0,-1.0000000000000007
1358.0,-5.03
1359.0,-5.09
1360.0,-5.09
1361.0,-5.6000000000000005
1362.0,-5.08
1363.0,-5.05
1364.0,-5.17
1365.0,-5.14
1366.0,-5.12
1367.0,-5.05
1368.0,-1.0000000000000007
1369.0,-5.03
1370.0,-5.14
1371.0,-5.03
1372.0,-5.1
1373.0,-5.06
1374.0,-5.01
1375.0,-5.06
1376.0,-5.44
1377.0,-5.04
1378.0,-5.16
1379.0,-5.73
1380.0,-5.800000000000001
1381.0,-5.38
1382.0,-5.720000000000001
1383.0,-5.08
1384.0,-5.21
1385.0,-5.04
1386.0,-5.07
1387.0,-5.12
1388.0,-5.1
1389.0,-5.15
1390.0,-5.02
1391.0,-5.12
1392.0,-5.09
1393.0,-5.01
1394.0,-5.03
1395.0,-5.02
1396.0,-5.8100000000000005
1397.0,-5.11
1398.0,-5.05
1399.0,-5.28
1400.0,-5.05
1401.0,-5.14
1402.0,-5.07
1403.0,-5.66
1404.0,-5.1
1405.0,-5.02
1406.0,-5.550000000000001
1407.0,-5.09
1408.0,-5.58
1409.0,-5.12
1410.0,-5.07
1411.0,-5.37
1412.0,-5.19
1413.0,-5.04
1414.0,-5.06
1415.0,-5.3
1416.0,-5.2
1417.0,-5.02
1418.0,-5.02
1419.0,-5.19
1420.0,-5.01
1421.0,-5.04
1422.0,-5.06
1423.0,-5.18
1424.0,-5.01
1425.0,-5.13
1426.0,-5.08
1427.0,-5.09
1428.0,-5.04
1429.0,-5.19
1430.0,-5.05
1431.0,-5.06
1432.0,-5.2
1433.0,-5.2
1434.0,-5.13
1435.0,-5.03
1436.0,-1.0000000000000007
1437.0,-5.65
1438.0,-5.12
1439.0,-5.01
1440.0,-5.59
1441.0,-5.12
1442.0,-5.75
1443.0,-5.13
1444.0,-5.29
1445.0,-5.02
1446.0,-5.03
1447.0,-5.08
1448.0,-5.17
1449.0,-5.02
1450.0,-5.36
1451.0,-5.7700000000000005
1452.0,-5.21
1453.0,-5.21
1454.0,-5.04
1455.0,-5.02
1456.0,-5.04
1457.0,-5.15
1458.0,-5.11
1459.0,-5.32
1460.0,-5.1
1461.0,-5.49
1462.0,-5.61
1463.0,-5.12
1464.0,-5.06
1465.0,-5.08
1466.0,-5.02
1467.0,-5.01
1468.0,-1.0000000000000007
1469.0,-5.12
1470.0,-5.02
1471.0,-5.05
1472.0,-5.24
1473.0,-5.01
1474.0,-5.1
1475.0,-5.18
1476.0,-5.3
1477.0,-5.14
1478.0,-5.630000000000001
1479.0,-5.02
1480.0,-5.14
1481.0,-5.720000000000001
1482.0,-5.54
1483.0,-5.09
1484.0,-5.16
1485.0,-5.01
1486.0,-5.15
1487.0,-5.08
1488.0,-5.21
1489.0,-5.13
1490.0,-5.870000000000001
1491.0,-5.08
1492.0,-5.18
1493.0,-5.02
1494.0,-5.5
1495.0,-5.1
1496.0,-5.45
1497.0,-5.23
1498.0,-5.54
1499.0,-5.28
1500.0,-5.61
1501.0,-5.01
1502.0,-5.02
1503.0,-5.11
1504.0,-5.05
1505.0,-5.23
1506.0,-5.03
1507.0,-5.14
1508.0,-5.1
1509.0,-5.46
1510.0,-5.33
1511.0,-5.02
1512.0,-5.07
1513.0,-5.16
1514.0,-5.06
1515.0,-5.09
1516.0,-5.04
1517.0,-5.470000000000001
1518.0,-5.53
1519.0,-5.13
1520.0,-5.02
1521.0,-1.0000000000000007
1522.0,-5.3100000000000005
1523.0,-5.05
1524.0,-5.24
1525.0,-5.6000000000000005
1526.0,-5.18
1527.0,-5.01
1528.0,-5.03
1529.0,-5.09
1530.0,-5.01
1531.0,-5.12
1532.0,-5.13
1533.0,-5.04
1534.0,-5.16
1535.0,-5.07
1536.0,-5.05
1537.0,-5.13
1538.0,-5.14
1539.0,-5.24
1540.0,-5.62
1541.0,-5.03
1542.0,-5.12
1543.0,-5.05
1544.0,-5.03
1545.0,-5.03
1546.0,-5.11
1547.0,-5.11
1548.0,-5.4
1549.0,-5.02
1550.0,-5.06
1551.0,-5.04
1552.0,-5.11
1553.0,-5.08
1554.0,-5.83
1555.0,-5.17
1556.0,-5.04
1557.0,-5.34
1558.0,-5.2
1559.0,-5.25
1560.0,-5.02
1561.0,-5.05
1562.0,-5.02
1563.0,-5.23
1564.0,-5.06
1565.0,-5.14
1566.0,-5.05
1567.0,-5.06
1568.0,-5.02
1569.0,-5.18
1570.0,-5.37
1571.0,-5.430000000000001
1572.0,-5.04
1573.0,-5.01
1574.0,-5.14
1575.0,-5.03
1576.0,-5.07
1577.0,-5.05
1578.0,-5.23
1579.0,-5.03
1580.0,-5.02
1581.0,-5.1
1582.0,-5.02
1583.0,-5.3100000000000005
1584.0,-5.15
1585.0,-5.04
1586.0,-5.06
1587.0,-5.32
1588.0,-5.36
1589.0,-5.11
1590.0,-5.05
1591.0,-5.46
1592.0,-5.02
1593.0,-5.06
1594.0,-5.02
1595.0,-5.01
1596.0,-5.890000000000001
1597.0,-5.03
1598.0,-5.37
1599.0,-5.23
1600.0,-5.04
1601.0,-5.06
1602.0,-5.06
1603.0,-5.01
1604.0,-5.07
1605.0,-5.2700000000000005
1606.0,-5.04
1607.0,-5.45
1608.0,-5.05
1609.0,-5.16
1610.0,-5.02
1611.0,-5.15
1612.0,-5.09
1613.0,-5.44
1614.0,-5.08
1615.0,-5.720000000000001
1616.0,-1.0000000000000007
1617.0,-5.02
1618.0,-5.08
1619.0,-5.17
1620.0,-5.05
1621.0,-5.49
1622.0,-5.04
1623.0,-5.08
1624.0,-5.14
1625.0,-5.16
1626.0,-5.8500000000000005
1627.0,-5.05
1628.0,-5.02
1629.0,-5.28
1630.0,-5.59
1631.0,-5.08
1632.0,-5.38
1633.0,-5.48
1634.0,-1.0000000000000007
1635.0,-1.0000000000000007
1636.0,-5.430000000000001
1637.0,-1.0000000000000007
1638.0,-5.51
1639.0,-5.62
1640.0,-5.2700000000000005
1641.0,-5.41
1642.0,-5.1
1643.0,-5.48
1644.0,-5.16
1645.0,-5.36
1646.0,-1.0000000000000007
1647.0,-5.01
1648.0,-5.25
1649.0,-5.02
1650.0,-5.06
1651.0,-5.18
1652.0,-5.58
1653.0,-5.15
1654.0,-5.05
1655.0,-5.630000000000001
1656.0,-5.38
1657.0,-5.06
1658.0,-5.19
1659.0,-5.14
1660.0,-5.18
1661.0,-5.24
1662.0,-5.1
1663.0,-5.09
1664.0,-5.19
1665.0,-5.2
1666.0,-5.01
1667.0,-5.01
1668.0,-5.02
1669.0,-5.36
1670.0,-5.16
1671.0,-5.06
1672.0,-5.02
1673.0,-5.21
1674.0,-5.25
1675.0,-5.13
1676.0,-5.37
1677.0,-5.32
1678.0,-5.02
1679.0,-5.1
1680.0,-5.1
1681.0,-5.01
1682.0,-5.05
1683.0,-5.69
1684.0,-5.01
1685.0,-5.11
1686.0,-5.99
1687.0,-5.03
1688.0,-5.01
1689.0,-5.09
1690.0,-5.42
1691.0,-5.42
1692.0,-5.03
1693.0,-5.03
1694.0,-5.08
1695.0,-5.09
1696.0,-5.01
1697.0,-5.12
1698.0,-5.02
1699.0,-5.28
1700.0,-5.05
1701.0,-5.06
1702.0,-5.01
1703.0,-1.0000000000000007
1704.0,-5.890000000000001
1705.0,-5.03
1706.0,-5.25
1707.0,-5.05
1708.0,-5.12
1709.0,-5.800000000000001
1710.0,-5.57
1711.0,-5.02
1712.0,-5.05
1713.0,-5.16
1714.0,-5.07
1715.0,-5.03
1716.0,-5.19
1717.0,-1.0000000000000007
1718.0,-5.13
1719.0,-5.01
1720.0,-5.16
1721.0,-5.04
1722.0,-5.14
1723.0,-5.1
1724.0,-5.03
1725.0,-5.03
1726.0,-5.03
1727.0,-5.12
1728.0,-5.04
1729.0,-5.26
1730.0,-5.07
1731.0,-5.16
1732.0,-5.11
1733.0,-5.08
1734.0,-5.02
1735.0,-5.07
1736.0,-5.02
1737.0,-5.02
1738.0,-5.22
1739.0,-5.03
1740.0,-5.870000000000001
1741.0,-5.4
1742.0,-5.29
1743.0,-5.19
1744.0,-5.26
1745.0,-5.19
1746.0,-5.45
1747.0,-5.06
1748.0,-5.1
1749.0,-5.06
1750.0,-5.390000000000001
1751.0,-5.02
1752.0,-1.0000000000000007
1753.0,-5.4
1754.0,-5.04
1755.0,-5.69
1756.0,-5.23
1757.0,-5.19
1758.0,-5.18
1759.0,-5.26
1760.0,-5.01
1761.0,-5.03
1762.0,-5.21
1763.0,-5.03
1764.0,-5.04
1765.0,-5.04
1766.0,-5.26
1767.0,-5.26
1768.0,-1.0000000000000007
1769.0,-5.03
1770.0,-5.21
1771.0,-5.25
1772.0,-5.26
1773.0,-5.6000000000000005
1774.0,-5.15
1775.0,-5.5
1776.0,-5.05
1777.0,-5.11
1778.0,-5.760000000000001
1779.0,-5.04
1780.0,-5.16
1781.0,-5.05
1782.0,-5.02
1783.0,-5.02
1784.0,-5.15
1785.0,-5.36
1786.0,-5.1
1787.0,-5.17
1788.0,-5.01
1789.0,-5.1
1790.0,-5.28
1791.0,-5.32
1792.0,-5.14
1793.0,-5.5
1794.0,-5.12
1795.0,-5.2
1796.0,-5.08
1797.0,-5.04
1798.0,-5.03
1799.0,-5.02
1800.0,-5.15
1801.0,-5.840000000000001
1802.0,-5.01
1803.0,-5.06
1804.0,-5.22
1805.0,-5.07
1806.0,-5.13
1807.0,-5.630000000000001
1808.0,-5.21
1809.0,-5.3
1810.0,-5.16
1811.0,-5.08
1812.0,-5.41
1813.0,-5.550000000000001
1814.0,-5.5200000000000005
1815.0,-5.08
1816.0,-5.15
1817.0,-5.22
1818.0,-5.02
1819.0,-5.13
1820.0,-5.06
1821.0,-5.02
1822.0,-5.53
1823.0,-5.04
1824.0,-5.2
1825.0,-5.07
1826.0,-5.15
1827.0,-5.32
1828.0,-5.01
1829.0,-5.08
1830.0,-5.01
1831.0,-5.3
1832.0,-5.42
1833.0,-5.22
1834.0,-5.12
1835.0,-5.16
1836.0,-5.04
1837.0,-5.54
1838.0,-5.960000000000001
1839.0,-5.66
1840.0,-5.09
1841.0,-5.21
1842.0,-5.01
1843.0,-5.02
1844.0,-5.03
1845.0,-5.12
1846.0,-5.06
1847.0,-5.2
1848.0,-5.01
1849.0,-5.37
1850.0,-5.880000000000001
1851.0,-5.03
1852.0,-5.5600000000000005
1853.0,-5.32
1854.0,-5.7
1855.0,-5.02
1856.0,-5.17
1857.0,-5.11
1858.0,-5.05
1859.0,-5.62
1860.0,-5.07
1861.0,-5.08
1862.0,-5.57
1863.0,-5.21
1864.0,-5.15
1865.0,-5.03
1866.0,-5.5200000000000005
1867.0,-5.02
1868.0,-5.1
1869.0,-5.16
1870.0,-5.08
1871.0,-5.03
1872.0,-5.3100000000000005
1873.0,-5.680000000000001
1874.0,-5.09
1875.0,-5.01
1876.0,-5.2
1877.0,-5.04
1878.0,-5.44
1879.0,-5.01
1880.0,-5.53
1881.0,-1.0000000000000007
1882.0,-5.03
1883.0,-5.05
1884.0,-5.14
1885.0,-5.08
1886.0,-5.12
1887.0,-5.5200000000000005
1888.0,-5.08
1889.0,-5.12
1890.0,-5.07
1891.0,-5.02
1892.0,-5.03
1893.0,-5.03
1894.0,-5.36
1895.0,-5.02
1896.0,-5.13
1897.0,-5.07
1898.0,-5.5
1899.0,-5.430000000000001
1900.0,-5.08
1901.0,-5.33
1902.0,-5.05
1903.0,-5.02
1904.0,-5.08
1905.0,-5.04
1906.0,-5.11
1907.0,-5.21
1908.0,-5.57
1909.0,-5.07
1910.0,-5.14
1911.0,-5.23
1912.0,-5.02
1913.0,-5.34
1914.0,-5.34
1915.0,-5.08
1916.0,-5.01
1917.0,-5.08
1918.0,-5.07
1919.0,-5.46
1920.0,-5.16
1921.0,-5.49
1922.0,-5.15
1923.0,-5.26
1924.0,-5.02
1925.0,-5.21
1926.0,-5.01
1927.0,-5.03
1928.0,-5.15
1929.0,-5.22
1930.0,-1.0000000000000007
1931.0,-1.0000000000000007
1932.0,-1.0000000000000007
1933.0,-5.02
1934.0,-5.44
1935.0,-5.03
1936.0,-5.82
1937.0,-5.390000000000001
1938.0,-5.29
1939.0,-5.78
1940.0,-5.08
1941.0,-5.21
1942.0,-5.02
1943.0,-5.6000000000000005
1944.0,-5.08
1945.0,-5.54
1946.0,-5.06
1947.0,-5.390000000000001
1948.0,-5.11
1949.0,-5.09
1950.0,-5.18
1951.0,-5.4
1952.0,-5.12
1953.0,-5.09
1954.0,-5.3
1955.0,-5.09
1956.0,-5.02
1957.0,-5.11
1958.0,-5.21
1959.0,-5.17
1960.0,-5.26
1961.0,-5.06
1962.0,-5.01
1963.0,-5.05
1964.0,-5.3
1965.0,-5.17
1966.0,-5.12
1967.0,-5.1
1968.0,-5.01
1969.0,-5.11
1970.0,-5.26
1971.0,-5.09
1972.0,-5.05
1973.0,-5.06
1974.0,-5.03
1975.0,-5.03
1976.0,-5.21
1977.0,-1.0000000000000007
1978.0,-5.02
1979.0,-5.720000000000001
1980.0,-5.11
1981.0,-5.13
1982.0,-5.03
1983.0,-5.19
1984.0,-5.48
1985.0,-5.04
1986.0,-5.13
1987.0,-5.390000000000001
1988.0,-5.04
1989.0,-5.09
1990.0,-5.01
1991.0,-5.02
1992.0,-5.02
1993.0,-5.06
1994.0,-5.18
1995.0,-5.09
1996.0,-5.08
1997.0,-5.5600000000000005
1998.0,-5.08
1999.0,-5.02
2000.0,-5.630000000000001
2001.0,-5.01
2002.0,-5.32
2003.0,-5.02
2004.0,-5.06
2005.0,-5.05
2006.0,-5.33
2007.0,-5.21
2008.0,-5.04
2009.0,-5.3100000000000005
2010.0,-5.05
2011.0,-5.12
2012.0,-5.48
2013.0,-5.01
2014.0,-5.17
2015.0,-5.12
2016.0,-5.21
2017.0,-5.01
2018.0,-5.390000000000001
2019.0,-5.11
2020.0,-5.12
2021.0,-5.08
2022.0,-5.2700000000000005
2023.0,-5.37
2024.0,-5.22
2025.0,-5.02
2026.0,-5.57
2027.0,-5.33
2028.0,-5.17
2029.0,-5.29
2030.0,-5.03
2031.0,-5.09
2032.0,-5.02
2033.0,-5.29
2034.0,-5.09
2035.0,-5.05
2036.0,-5.01
2037.0,-5.19
2038.0,-5.2
2039.0,-5.18
2040.0,-5.3
2041.0,-5.07
2042.0,-5.38
2043.0,-5.28
2044.0,-5.21
2045.0,-5.23
2046.0,-5.01
2047.0,-5.82
2048.0,-5.13
2049.0,-5.07
2050.0,-5.12
2051.0,-5.07
2052.0,-5.430000000000001
2053.0,-5.03
2054.0,-5.09
2055.0,-5.6000000000000005
2056.0,-5.13
2057.0,-5.03
2058.0,-5.22
2059.0,-5.640000000000001
2060.0,-5.45
2061.0,-5.11
2062.0,-5.02
2063.0,-5.22
2064.0,-5.48
2065.0,-5.02
2066.0,-5.390000000000001
2067.0,-5.470000000000001
2068.0,-5.16
2069.0,-5.05
2070.0,-5.04
2071.0,-5.4
2072.0,-5.46
2073.0,-1.0000000000000007
2074.0,-5.19
2075.0,-5.3100000000000005
2076.0,-5.17
2077.0,-5.02
2078.0,-1.0000000000000007
2079.0,-5.02
2080.0,-5.04
2081.0,-5.01
2082.0,-5.15
2083.0,-5.05
2084.0,-5.04
2085.0,-5.46
2086.0,-5.32
2087.0,-5.06
2088.0,-5.02
2089.0,-5.49
2090.0,-5.8500000000000005
2091.0,-5.02
2092.0,-5.32
2093.0,-5.32
2094.0,-5.09
2095.0,-5.17
2096.0,-5.05
2097.0,-5.29
2098.0,-5.28
2099.0,-5.98
2100.0,-5.11
2101.0,-5.17
2102.0,-5.26
2103.0,-5.1
2104.0,-5.22
2105.0,-5.21
2106.0,-5.07
2107.0,-5.630000000000001
2108.0,-5.12
2109.0,-5.11
2110.0,-5.1
2111.0,-5.08
2112.0,-5.11
2113.0,-5.02
2114.0,-5.06
2115.0,-5.4
2116.0,-5.38
2117.0,-5.09
2118.0,-5.49
2119.0,-5.05
2120.0,-5.01
2121.0,-5.13
2122.0,-5.15
2123.0,-5.25
2124.0,-5.19
2125.0,-5.6000000000000005
2126.0,-5.83
2127.0,-5.14
2128.0,-5.3100000000000005
2129.0,-5.01
2130.0,-5.04
2131.0,-5.16
2132.0,-5.12
2133.0,-5.15
2134.0,-5.05
2135.0,-5.45
2136.0,-5.21
2137.0,-5.13
2138.0,-5.5200000000000005
2139.0,-5.22
2140.0,-5.09
2141.0,-5.07
2142.0,-5.58
2143.0,-5.17
2144.0,-5.04
2145.0,-5.07
2146.0,-5.08
2147.0,-5.06
2148.0,-1.0000000000000007
2149.0,-5.53
2150.0,-5.15
2151.0,-5.05
2152.0,-5.04
2153.0,-5.65
2154.0,-1.0000000000000007
2155.0,-5.49
2156.0,-5.29
2157.0,-5.09
2158.0,-5.15
2159.0,-5.58
2160.0,-5.890000000000001
2161.0,-5.04
2162.0,-5.470000000000001
2163.0,-5.2700000000000005
2164.0,-5.08
2165.0,-5.36
2166.0,-5.03
2167.0,-1.0000000000000007
2168.0,-5.08
2169.0,-5.66
2170.0,-5.02
2171.0,-5.470000000000001
2172.0,-5.01
2173.0,-5.65
2174.0,-5.06
2175.0,-5.7
2176.0,-5.04
2177.0,-5.01
2178.0,-5.06
2179.0,-5.01
2180.0,-5.02
2181.0,-5.11
2182.0,-5.04
2183.0,-5.08
2184.0,-5.07
2185.0,-5.8100000000000005
2186.0,-5.7700000000000005
2187.0,-5.03
2188.0,-5.53
2189.0,-5.04
2190.0,-5.760000000000001
2191.0,-5.01
2192.0,-5.02
2193.0,-5.24
2194.0,-5.69
2195.0,-5.25
2196.0,-5.25
2197.0,-5.65
2198.0,-5.03
2199.0,-5.33
2200.0,-5.02
2201.0,-5.21
2202.0,-5.5200000000000005
2203.0,-5.12
2204.0,-5.07
2205.0,-5.6000000000000005
2206.0,-5.59
2207.0,-5.07
2208.0,-5.04
2209.0,-5.02
2210.0,-5.29
2211.0,-5.4
2212.0,-5.75
2213.0,-5.25
2214.0,-1.0000000000000007
2215.0,-5.02
2216.0,-5.5200000000000005
2217.0,-5.18
2218.0,-5.78
2219.0,-5.49
2220.0,-5.1
2221.0,-5.04
2222.0,-5.01
2223.0,-5.07
2224.0,-5.07
2225.0,-5.01
2226.0,-5.1
2227.0,-5.18
2228.0,-5.11
2229.0,-5.3
2230.0,-5.02
2231.0,-5.11
2232.0,-1.0000000000000007
2233.0,-5.42
2234.0,-5.05
2235.0,-5.01
2236.0,-5.29
2237.0,-5.1
2238.0,-5.05
2239.0,-5.65
2240.0,-5.3
2241.0,-5.3100000000000005
2242.0,-5.09
2243.0,-5.3
2244.0,-5.38
2245.0,-5.01
2246.0,-5.2
2247.0,-5.09
2248.0,-5.05
2249.0,-1.0000000000000007
2250.0,-5.21
2251.0,-5.83
2252.0,-5.870000000000001
2253.0,-5.07
2254.0,-5.15
2255.0,-5.03
2256.0,-5.98
2257.0,-5.01
2258.0,-5.06
2259.0,-5.09
2260.0,-5.01
2261.0,-5.04
2262.0,-5.48
2263.0,-5.21
2264.0,-5.25
2265.0,-5.02
2266.0,-5.1
2267.0,-5.5200000000000005
2268.0,-5.08
2269.0,-5.390000000000001
2270.0,-5.02
2271.0,-5.08
2272.0,-5.17
2273.0,-5.04
2274.0,-5.25
2275.0,-5.03
2276.0,-5.49
2277.0,-5.04
2278.0,-5.5
2279.0,-5.04
2280.0,-5.36
2281.0,-5.02
2282.0,-5.1
2283.0,-5.1
2284.0,-5.06
2285.0,-5.15
2286.0,-5.03
2287.0,-5.14
2288.0,-5.24
2289.0,-5.01
2290.0,-5.05
2291.0,-5.17
2292.0,-5.58
2293.0,-5.65
2294.0,-5.18
2295.0,-5.04
2296.0,-5.03
2297.0,-5.08
2298.0,-5.01
2299.0,-5.3
2300.0,-5.59
2301.0,-5.430000000000001
2302.0,-5.12
2303.0,-5.07
2304.0,-5.19
2305.0,-5.430000000000001
2306.0,-5.25
2307.0,-5.01
2308.0,-5.23
2309.0,-5.42
2310.0,-5.02
2311.0,-5.06
2312.0,-5.32
2313.0,-5.04
2314.0,-5.15
2315.0,-5.930000000000001
2316.0,-5.09
2317.0,-5.33
2318.0,-5.01
2319.0,-5.11
2320.0,-5.710000000000001
2321.0,-5.02
2322.0,-5.94
2323.0,-5.54
2324.0,-5.1
2325.0,-5.26
2326.0,-5.02
2327.0,-5.3
2328.0,-5.36
2329.0,-5.02
2330.0,-5.01
2331.0,-5.06
2332.0,-5.09
2333.0,-1.0000000000000007
2334.0,-5.02
2335.0,-5.58
2336.0,-5.03
2337.0,-5.11
2338.0,-5.16
2339.0,-5.16
2340.0,-5.13
2341.0,-5.62
2342.0,-5.470000000000001
2343.0,-5.05
2344.0,-5.11
2345.0,-5.14
2346.0,-5.02
2347.0,-5.11
2348.0,-5.3100000000000005
2349.0,-5.44
2350.0,-5.24
2351.0,-5.21
2352.0,-5.05
2353.0,-5.6000000000000005
2354.0,-5.29
2355.0,-5.91
2356.0,-5.06
2357.0,-5.550000000000001
2358.0,-5.08
2359.0,-5.12
2360.0,-5.08
2361.0,-5.640000000000001
2362.0,-5.42
2363.0,-5.17
2364.0,-5.44
2365.0,-5.1
2366.0,-5.12
2367.0,-5.29
2368.0,-5.08
2369.0,-1.0000000000000007
2370.0,-5.13
2371.0,-5.01
2372.0,-5.34
2373.0,-5.02
2374.0,-5.12
2375.0,-5.26
2376.0,-5.49
2377.0,-5.61
2378.0,-5.01
2379.0,-5.5
2380.0,-5.48
2381.0,-5.04
2382.0,-5.09
2383.0,-5.06
2384.0,-5.11
2385.0,-5.01
2386.0,-5.19
2387.0,-5.07
2388.0,-5.54
2389.0,-5.01
2390.0,-5.01
2391.0,-5.46
2392.0,-5.06
2393.0,-5.05
2394.0,-5.09
2395.0,-5.16
2396.0,-5.44
2397.0,-5.21
2398.0,-5.01
2399.0,-5.48
2400.0,-1.0000000000000007
2401.0,-5.22
2402.0,-5.03
2403.0,-5.12
2404.0,-5.7
2405.0,-5.28
2406.0,-5.8500000000000005
2407.0,-5.4
2408.0,-5.03
2409.0,-5.1
2410.0,-5.78
2411.0,-5.17
2412.0,-5.86
2413.0,-5.07
2414.0,-5.04
2415.0,-5.33
2416.0,-5.04
2417.0,-5.790000000000001
2418.0,-5.01
2419.0,-5.2
2420.0,-5.710000000000001
2421.0,-5.03
2422.0,-5.08
2423.0,-5.2
2424.0,-5.08
2425.0,-5.16
2426.0,-5.2
2427.0,-5.02
2428.0,-5.04
2429.0,-5.18
2430.0,-5.12
2431.0,-5.05
2432.0,-5.02
2433.0,-5.13
2434.0,-5.3
2435.0,-5.01
2436.0,-1.0000000000000007
2437.0,-5.01
2438.0,-5.02
2439.0,-5.02
2440.0,-5.22
2441.0,-5.03
2442.0,-5.18
2443.0,-5.5
2444.0,-5.46
2445.0,-5.15
2446.0,-5.01
2447.0,-5.08
2448.0,-5.12
2449.0,-5.03
2450.0,-5.06
2451.0,-5.14
2452.0,-5.08
2453.0,-5.15
2454.0,-5.16
2455.0,-5.01
2456.0,-5.04
2457.0,-5.1
2458.0,-5.16
2459.0,-5.08
2460.0,-5.15
2461.0,-5.2
2462.0,-5.15
2463.0,-5.04
2464.0,-5.07
2465.0,-5.1
2466.0,-5.57
2467.0,-5.13
2468.0,-5.19
2469.0,-5.01
2470.0,-5.02
2471.0,-5.17
2472.0,-5.550000000000001
2473.0,-5.1
2474.0,-5.5200000000000005
2475.0,-5.44
2476.0,-5.15
2477.0,-5.16
2478.0,-5.05
2479.0,-5.5
2480.0,-5.710000000000001
2481.0,-5.05
2482.0,-5.36
2483.0,-5.25
2484.0,-5.67
2485.0,-5.4
2486.0,-5.01
2487.0,-5.22
2488.0,-5.03
2489.0,-5.12
2490.0,-5.02
2491.0,-5.02
2492.0,-5.01
2493.0,-5.05
2494.0,-5.01
2495.0,-5.8100000000000005
2496.0,-5.44
2497.0,-5.12
2498.0,-1.0000000000000007
2499.0,-5.06
2500.0,-5.45
2501.0,-5.17
2502.0,-5.07
2503.0,-5.3100000000000005
2504.0,-5.18
2505.0,-5.22
2506.0,-5.01
2507.0,-5.03
2508.0,-5.49
2509.0,-5.03
2510.0,-5.04
2511.0,-5.03
2512.0,-5.13
2513.0,-5.01
2514.0,-5.15
2515.0,-5.01
2516.0,-5.640000000000001
2517.0,-5.1
2518.0,-5.05
2519.0,-5.11
2520.0,-5.04
2521.0,-5.02
2522.0,-5.04
2523.0,-5.16
2524.0,-5.14
2525.0,-5.01
2526.0,-5.16
2527.0,-5.1
2528.0,-5.08
2529.0,-5.05
2530.0,-5.46
2531.0,-5.15
2532.0,-5.02
2533.0,-5.28
2534.0,-5.07
2535.0,-5.04
2536.0,-5.73
2537.0,-5.01
2538.0,-5.57
2539.0,-5.5200000000000005
2540.0,-5.17
2541.0,-5.18
2542.0,-5.03
2543.0,-5.720000000000001
2544.0,-5.01
2545.0,-5.73
2546.0,-5.01
2547.0,-5.01
2548.0,-5.18
2549.0,-5.430000000000001
2550.0,-5.15
2551.0,-5.07
2552.0,-5.12
2553.0,-5.32
2554.0,-5.25
2555.0,-5.04
2556.0,-5.02
2557.0,-5.03
2558.0,-5.33
2559.0,-5.02
2560.0,-5.67
2561.0,-5.04
2562.0,-5.37
2563.0,-5.22
2564.0,-1.0000000000000007
2565.0,-5.02
2566.0,-5.2700000000000005
2567.0,-5.06
2568.0,-5.32
2569.0,-5.16
2570.0,-5.24
2571.0,-5.02
2572.0,-5.48
2573.0,-5.09
2574.0,-5.16
2575.0,-5.36
2576.0,-5.2700000000000005
2577.0,-5.34
2578.0,-5.51
2579.0,-5.04
2580.0,-5.07
2581.0,-5.04
2582.0,-5.21
2583.0,-5.42
2584.0,-5.45
2585.0,-5.1
2586.0,-5.16
2587.0,-5.57
2588.0,-5.04
2589.0,-5.390000000000001
2590.0,-5.18
2591.0,-5.21
2592.0,-5.470000000000001
2593.0,-1.0000000000000007
2594.0,-5.470000000000001
2595.0,-5.94
2596.0,-5.870000000000001
2597.0,-5.38
2598.0,-5.62
2599.0,-5.840000000000001
2600.0,-5.17
2601.0,-5.3100000000000005
2602.0,-5.69
2603.0,-5.390000000000001
2604.0,-5.08
2605.0,-5.15
2606.0,-5.34
2607.0,-5.18
2608.0,-5.04
2609.0,-5.25
2610.0,-5.3
2611.0,-5.15
2612.0,-5.45
2613.0,-5.05
2614.0,-5.34
2615.0,-5.05
2616.0,-5.01
2617.0,-5.02
2618.0,-5.09
2619.0,-5.03
2620.0,-5.08
2621.0,-5.42
2622.0,-5.04
2623.0,-5.42
2624.0,-5.15
2625.0,-5.61
2626.0,-5.1
2627.0,-5.74
2628.0,-5.41
2629.0,-5.02
2630.0,-5.12
2631.0,-5.07
2632.0,-5.22
2633.0,-5.69
2634.0,-5.17
2635.0,-5.09
2636.0,-5.12
2637.0,-5.08
2638.0,-5.25
2639.0,-5.05
2640.0,-5.15
2641.0,-5.18
2642.0,-5.21
2643.0,-5.04
2644.0,-5.1
2645.0,-5.94
2646.0,-5.23
2647.0,-5.05
2648.0,-5.21
2649.0,-5.16
2650.0,-5.02
2651.0,-5.73
2652.0,-5.22
2653.0,-5.03
2654.0,-5.04
2655.0,-5.22
2656.0,-5.06
2657.0,-5.11
2658.0,-5.08
2659.0,-5.05
2660.0,-5.28
2661.0,-5.02
2662.0,-5.07
2663.0,-5.06
2664.0,-5.61
2665.0,-5.57
2666.0,-1.0000000000000007
2667.0,-5.03
2668.0,-5.26
2669.0,-5.57
2670.0,-5.02
2671.0,-5.03
2672.0,-5.26
2673.0,-5.05
2674.0,-5.21
2675.0,-5.08
2676.0,-5.09
2677.0,-5.06
2678.0,-5.630000000000001
2679.0,-5.05
2680.0,-5.16
2681.0,-5.17
2682.0,-5.24
2683.0,-5.680000000000001
2684.0,-5.14
2685.0,-5.07
2686.0,-5.09
2687.0,-5.4
2688.0,-5.05
2689.0,-5.11
2690.0,-5.49
2691.0,-5.13
2692.0,-5.16
2693.0,-5.03
2694.0,-5.07
2695.0,-5.08
2696.0,-5.54
2697.0,-5.04
2698.0,-5.07
2699.0,-5.29
2700.0,-5.05
2701.0,-5.08
2702.0,-5.07
2703.0,-5.29
2704.0,-5.32
2705.0,-5.02
2706.0,-5.14
2707.0,-5.13
2708.0,-5.23
2709.0,-5.01
2710.0,-5.840000000000001
2711.0,-5.4
2712.0,-5.01
2713.0,-5.01
2714.0,-5.09
2715.0,-5.14
2716.0,-5.390000000000001
2717.0,-5.15
2718.0,-5.19
2719.0,-5.06
2720.0,-5.02
2721.0,-5.03
2722.0,-5.11
2723.0,-5.09
2724.0,-5.1
2725.0,-5.13
2726.0,-5.22
2727.0,-5.02
2728.0,-5.03
2729.0,-5.04
2730.0,-5.3500000000000005
2731.0,-5.05
2732.0,-5.04
2733.0,-5.45
2734.0,-5.33
2735.0,-5.01
2736.0,-5.800000000000001
2737.0,-5.06
2738.0,-5.5200000000000005
2739.0,-5.03
2740.0,-5.5200000000000005
2741.0,-5.25
2742.0,-5.15
2743.0,-5.34
2744.0,-5.04
2745.0,-5.04
2746.0,-5.05
2747.0,-5.01
2748.0,-5.3100000000000005
2749.0,-5.54
2750.0,-5.54
2751.0,-5.03
2752.0,-5.02
2753.0,-5.19
2754.0,-5.4
2755.0,-5.06
2756.0,-5.04
2757.0,-5.99
2758.0,-5.37
2759.0,-5.12
2760.0,-5.17
2761.0,-5.03
2762.0,-5.29
2763.0,-5.44
2764.0,-5.04
2765.0,-5.32
2766.0,-5.03
2767.0,-5.05
2768.0,-5.920000000000001
2769.0,-5.16
2770.0,-5.07
2771.0,-5.86
2772.0,-5.42
2773.0,-5.36
2774.0,-5.2
2775.0,-5.5
2776.0,-5.04
2777.0,-5.04
2778.0,-5.02
2779.0,-5.38
2780.0,-5.19
2781.0,-5.54
2782.0,-5.11
2783.0,-5.3500000000000005
2784.0,-5.16
2785.0,-5.3500000000000005
2786.0,-5.04
2787.0,-5.21
2788.0,-5.02
2789.0,-5.03
2790.0,-5.58
2791.0,-5.73
2792.0,-5.1
2793.0,-5.28
2794.0,-5.01
2795.0,-5.5
2796.0,-5.02
2797.0,-5.05
2798.0,-5.06
2799.0,-5.02
2800.0,-5.3
2801.0,-5.04
2802.0,-5.51
2803.0,-5.03
2804.0,-5.16
2805.0,-5.26
2806.0,-5.13
2807.0,-5.04
2808.0,-5.04
2809.0,-5.42
2810.0,-5.05
2811.0,-5.48
2812.0,-5.06
2813.0,-5.1
2814.0,-5.840000000000001
2815.0,-5.26
2816.0,-5.02
2817.0,-5.17
2818.0,-5.11
2819.0,-5.4
2820.0,-5.22
2821.0,-5.05
2822.0,-5.24
2823.0,-5.24
2824.0,-5.33
2825.0,-5.28
2826.0,-5.33
2827.0,-5.16
2828.0,-5.2700000000000005
2829.0,-5.73
2830.0,-5.02
2831.0,-5.04
2832.0,-5.53
2833.0,-5.25
2834.0,-5.19
2835.0,-5.22
2836.0,-5.06
2837.0,-5.06
2838.0,-5.15
2839.0,-5.01
2840.0,-5.51
2841.0,-5.3100000000000005
2842.0,-5.05
2843.0,-5.12
2844.0,-5.01
2845.0,-5.41
2846.0,-5.04
2847.0,-5.26
2848.0,-5.05
2849.0,-5.02
2850.0,-5.13
2851.0,-5.59
2852.0,-5.06
2853.0,-5.25
2854.0,-5.07
2855.0,-5.08
2856.0,-5.23
2857.0,-5.66
2858.0,-5.36
2859.0,-5.04
2860.0,-5.13
2861.0,-5.2
2862.0,-5.7700000000000005
2863.0,-5.16
2864.0,-5.25
2865.0,-5.13
2866.0,-5.26
2867.0,-5.01
2868.0,-5.710000000000001
2869.0,-5.49
2870.0,-5.05
2871.0,-5.1
2872.0,-5.790000000000001
2873.0,-5.06
2874.0,-5.12
2875.0,-5.66
2876.0,-5.3
2877.0,-5.630000000000001
2878.0,-5.25
2879.0,-5.01
2880.0,-5.53
2881.0,-5.04
2882.0,-5.2
2883.0,-5.14
2884.0,-5.21
2885.0,-5.23
2886.0,-5.19
2887.0,-5.470000000000001
2888.0,-5.4
2889.0,-5.66
2890.0,-5.01
2891.0,-5.66
2892.0,-5.07
2893.0,-5.08
2894.0,-5.17
2895.0,-5.14
2896.0,-5.1
2897.0,-5.710000000000001
2898.0,-5.24
2899.0,-5.58
2900.0,-5.46
2901.0,-5.19
2902.0,-5.02
2903.0,-5.23
2904.0,-5.3
2905.0,-5.3100000000000005
2906.0,-5.44
2907.0,-5.99
2908.0,-5.13
2909.0,-5.01
2910.0,-5.06
2911.0,-5.550000000000001
2912.0,-5.05
2913.0,-5.41
2914.0,-5.14
2915.0,-5.36
2916.0,-5.2
2917.0,-5.1
2918.0,-5.24
2919.0,-5.37
2920.0,-5.2700000000000005
2921.0,-5.22
2922.0,-5.01
2923.0,-5.59
2924.0,-5.04
2925.0,-5.1
2926.0,-5.3500000000000005
2927.0,-5.1
2928.0,-5.17
2929.0,-5.11
2930.0,-5.02
2931.0,-5.74
2932.0,-5.29
2933.0,-5.02
2934.0,-5.38
2935.0,-5.14
2936.0,-5.01
2937.0,-5.03
2938.0,-5.22
2939.0,-5.06
2940.0,-1.0000000000000007
2941.0,-5.840000000000001
2942.0,-5.12
2943.0,-5.04
2944.0,-5.3
2945.0,-5.25
2946.0,-5.3100000000000005
2947.0,-5.8500000000000005
2948.0,-5.25
2949.0,-5.12
2950.0,-5.3
2951.0,-5.08
2952.0,-5.48
2953.0,-5.06
2954.0,-5.02
2955.0,-5.2
2956.0,-5.02
2957.0,-5.06
2958.0,-5.18
2959.0,-5.33
2960.0,-5.02
2961.0,-5.14
2962.0,-5.15
2963.0,-5.32
2964.0,-5.07
2965.0,-5.05
2966.0,-5.14
2967.0,-5.13
2968.0,-5.16
2969.0,-5.03
2970.0,-5.29
2971.0,-5.03
2972.0,-5.04
2973.0,-5.02
2974.0,-5.01
2975.0,-5.05
2976.0,-5.11
2977.0,-5.08
2978.0,-5.06
2979.0,-5.73
2980.0,-5.48
2981.0,-5.12
2982.0,-5.48
2983.0,-5.05
2984.0,-5.19
2985.0,-5.21
2986.0,-5.01
2987.0,-5.3100000000000005
2988.0,-5.430000000000001
2989.0,-5.58
2990.0,-5.15
2991.0,-5.02
2992.0,-5.15
2993.0,-5.550000000000001
2994.0,-5.24
2995.0,-1.0000000000000007
2996.0,-5.07
2997.0,-5.5200000000000005
2998.0,-5.05
2999.0,-5.03
3000.0,-5.11
3001.0,-5.4
3002.0,-5.15
3003.0,-5.01
3004.0,-5.05
3005.0,-5.07
3006.0,-5.3
3007.0,-5.38
3008.0,-5.65
3009.0,-5.03
3010.0,-5.53
3011.0,-5.01
3012.0,-5.29
3013.0,-5.19
3014.0,-5.02
3015.0,-5.01
3016.0,-5.08
3017.0,-5.02
3018.0,-5.57
3019.0,-5.03
3020.0,-5.58
3021.0,-5.17
3022.0,-5.1
3023.0,-5.26
3024.0,-5.2
3025.0,-5.01
3026.0,-5.07
3027.0,-5.03
3028.0,-5.06
3029.0,-5.18
3030.0,-5.960000000000001
3031.0,-5.07
3032.0,-5.710000000000001
3033.0,-5.3500000000000005
3034.0,-5.28
3035.0,-1.0000000000000007
3036.0,-5.09
3037.0,-5.19
3038.0,-5.09
3039.0,-5.05
3040.0,-5.44
3041.0,-5.28
3042.0,-5.5200000000000005
3043.0,-5.08
3044.0,-5.17
3045.0,-5.03
3046.0,-5.03
3047.0,-5.390000000000001
3048.0,-5.23
3049.0,-5.15
3050.0,-5.28
3051.0,-5.04
3052.0,-5.390000000000001
3053.0,-5.54
3054.0,-5.23
3055.0,-5.03
3056.0,-5.28
3057.0,-5.08
3058.0,-5.24
3059.0,-5.83
3060.0,-5.29
3061.0,-5.02
3062.0,-5.04
3063.0,-5.430000000000001
3064.0,-5.07
3065.0,-5.970000000000001
3066.0,-5.08
3067.0,-5.02
3068.0,-5.01
3069.0,-5.21
3070.0,-1.0000000000000007
3071.0,-5.16
3072.0,-5.3100000000000005
3073.0,-5.470000000000001
3074.0,-5.640000000000001
3075.0,-5.09
3076.0,-5.05
3077.0,-5.3100000000000005
3078.0,-5.4
3079.0,-5.5
3080.0,-5.25
3081.0,-5.05
3082.0,-5.14
3083.0,-5.3
3084.0,-5.15
3085.0,-5.02
3086.0,-5.800000000000001
3087.0,-5.1
3088.0,-5.04
3089.0,-5.01
3090.0,-5.840000000000001
3091.0,-5.26
3092.0,-5.04
3093.0,-5.04
3094.0,-5.58
3095.0,-5.5200000000000005
3096.0,-5.6000000000000005
3097.0,-5.1
3098.0,-5.32
3099.0,-5.05
3100.0,-5.04
3101.0,-5.16
3102.0,-5.04
3103.0,-5.26
3104.0,-5.04
3105.0,-5.07
3106.0,-5.18
3107.0,-5.22
3108.0,-5.7700000000000005
3109.0,-5.58
3110.0,-5.02
3111.0,-5.41
3112.0,-5.5600000000000005
3113.0,-5.01
3114.0,-5.02
3115.0,-5.2700000000000005
3116.0,-5.11
3117.0,-5.710000000000001
3118.0,-5.07
3119.0,-5.13
3120.0,-5.69
3121.0,-5.11
3122.0,-5.33
3123.0,-5.25
3124.0,-5.53
3125.0,-5.18
3126.0,-5.1
3127.0,-5.09
3128.0,-5.03
3129.0,-5.73
3130.0,-5.18
3131.0,-5.03
3132.0,-5.48
3133.0,-5.22
3134.0,-5.7
3135.0,-5.59
3136.0,-5.08
3137.0,-5.25
3138.0,-5.74
3139.0,-5.06
3140.0,-5.16
3141.0,-5.09
3142.0,-5.03
3143.0,-5.04
3144.0,-5.3
3145.0,-5.760000000000001
3146.0,-5.14
3147.0,-5.19
3148.0,-5.2
3149.0,-5.07
3150.0,-5.06
3151.0,-5.02
3152.0,-5.21
3153.0,-5.08
3154.0,-5.01
3155.0,-5.59
3156.0,-5.44
3157.0,-5.05
3158.0,-5.29
3159.0,-5.32
3160.0,-5.13
3161.0,-5.16
3162.0,-5.29
3163.0,-5.04
3164.0,-5.02
3165.0,-5.44
3166.0,-5.23
3167.0,-5.03
3168.0,-5.1
3169.0,-1.0000000000000007
3170.0,-5.14
3171.0,-5.08
3172.0,-5.02
3173.0,-5.390000000000001
3174.0,-5.07
3175.0,-5.11
3176.0,-5.05
3177.0,-5.24
3178.0,-5.15
3179.0,-5.28
3180.0,-5.430000000000001
3181.0,-5.42
3182.0,-5.44
3183.0,-5.16
3184.0,-5.42
3185.0,-5.06
3186.0,-5.05
3187.0,-5.11
3188.0,-5.12
3189.0,-1.0000000000000007
3190.0,-5.02
3191.0,-5.28
3192.0,-5.37
3193.0,-5.3100000000000005
3194.0,-5.06
3195.0,-5.38
3196.0,-5.03
3197.0,-5.1
3198.0,-5.14
3199.0,-5.4
3200.0,-5.01
3201.0,-5.12
3202.0,-5.03
3203.0,-5.16
3204.0,-5.1
3205.0,-5.09
3206.0,-5.73
3207.0,-5.2
3208.0,-5.550000000000001
3209.0,-5.03
3210.0,-5.82
3211.0,-5.17
3212.0,-5.25
3213.0,-5.03
3214.0,-5.03
3215.0,-5.01
3216.0,-5.02
3217.0,-5.28
3218.0,-5.430000000000001
3219.0,-5.23
3220.0,-5.1
3221.0,-5.01
3222.0,-5.02
3223.0,-5.04
3224.0,-5.04
3225.0,-5.02
3226.0,-5.02
3227.0,-5.02
3228.0,-5.59
3229.0,-5.26
3230.0,-5.16
3231.0,-5.21
3232.0,-5.02
3233.0,-5.4
3234.0,-5.03
3235.0,-5.13
3236.0,-5.33
3237.0,-5.05
3238.0,-5.5200000000000005
3239.0,-5.01
3240.0,-5.18
3241.0,-5.09
3242.0,-5.02
3243.0,-5.390000000000001
3244.0,-5.02
3245.0,-5.5
3246.0,-5.08
3247.0,-5.03
3248.0,-5.18
3249.0,-5.32
3250.0,-5.390000000000001
3251.0,-5.02
3252.0,-5.1
3253.0,-5.05
3254.0,-5.05
3255.0,-5.02
3256.0,-5.24
3257.0,-5.06
3258.0,-5.05
3259.0,-5.42
3260.0,-5.26
3261.0,-5.18
3262.0,-5.65
3263.0,-5.03
3264.0,-5.3500000000000005
3265.0,-5.06
3266.0,-5.13
3267.0,-5.15
3268.0,-5.01
3269.0,-5.33
3270.0,-5.16
3271.0,-5.02
3272.0,-5.26
3273.0,-5.04
3274.0,-5.03
3275.0,-5.82
3276.0,-5.73
3277.0,-5.03
3278.0,-5.05
3279.0,-5.62
3280.0,-5.32
3281.0,-5.06
3282.0,-5.32
3283.0,-5.08
3284.0,-5.14
3285.0,-5.48
3286.0,-5.04
3287.0,-5.04
3288.0,-5.46
3289.0,-5.01
3290.0,-5.15
3291.0,-5.18
3292.0,-5.13
3293.0,-5.22
3294.0,-5.32
3295.0,-5.21
3296.0,-5.02
3297.0,-5.14
3298.0,-5.42
3299.0,-5.25
3300.0,-5.01
3301.0,-5.42
3302.0,-5.25
3303.0,-5.01
3304.0,-5.06
3305.0,-5.05
3306.0,-5.17
3307.0,-5.07
3308.0,-5.03
3309.0,-5.840000000000001
3310.0,-5.49
3311.0,-5.05
3312.0,-5.630000000000001
3313.0,-5.3100000000000005
3314.0,-5.07
3315.0,-5.02
3316.0,-5.11
3317.0,-5.08
3318.0,-5.02
3319.0,-5.02
3320.0,-5.01
3321.0,-5.41
3322.0,-5.01
3323.0,-5.26
3324.0,-5.02
3325.0,-5.34
3326.0,-5.02
3327.0,-5.05
3328.0,-5.390000000000001
3329.0,-5.1
3330.0,-5.02
3331.0,-1.0000000000000007
3332.0,-5.07
3333.0,-5.14
3334.0,-5.5
3335.0,-5.18
3336.0,-5.1
3337.0,-5.21
3338.0,-5.05
3339.0,-5.5600000000000005
3340.0,-5.5200000000000005
3341.0,-5.1
3342.0,-5.710000000000001
3343.0,-1.0000000000000007
3344.0,-5.12
3345.0,-5.33
3346.0,-5.14
3347.0,-5.04
3348.0,-5.02
3349.0,-5.1
3350.0,-5.04
3351.0,-5.03
3352.0,-5.05
3353.0,-5.04
3354.0,-5.01
3355.0,-5.760000000000001
3356.0,-5.24
3357.0,-5.46
3358.0,-5.02
3359.0,-5.44
3360.0,-5.07
3361.0,-5.390000000000001
3362.0,-5.09
3363.0,-5.02
3364.0,-5.03
3365.0,-5.2700000000000005
3366.0,-5.3
3367.0,-5.07
3368.0,-5.25
3369.0,-5.04
3370.0,-5.07
3371.0,-5.02
3372.0,-5.65
3373.0,-5.08
3374.0,-5.07
3375.0,-5.16
3376.0,-5.15
3377.0,-5.15
3378.0,-5.29
3379.0,-5.14
3380.0,-5.06
3381.0,-5.34
3382.0,-5.13
3383.0,-5.06
3384.0,-5.26
3385.0,-5.61
3386.0,-5.02
3387.0,-5.05
3388.0,-5.02
3389.0,-5.07
3390.0,-1.0000000000000007
3391.0,-5.01
3392.0,-5.01
3393.0,-5.18
3394.0,-5.12
3395.0,-5.06
3396.0,-5.01
3397.0,-5.06
3398.0,-5.16
3399.0,-5.02
3400.0,-5.550000000000001
3401.0,-5.04
3402.0,-5.08
3403.0,-5.05
3404.0,-5.34
3405.0,-5.1
3406.0,-5.75
3407.0,-5.02
3408.0,-5.03
3409.0,-1.0000000000000007
3410.0,-5.1
3411.0,-5.04
3412.0,-5.1
3413.0,-5.04
3414.0,-5.05
3415.0,-5.07
3416.0,-5.73
3417.0,-5.3100000000000005
3418.0,-5.51
3419.0,-5.11
3420.0,-5.04
3421.0,-5.05
3422.0,-5.01
3423.0,-5.4
3424.0,-5.05
3425.0,-5.02
3426.0,-5.26
3427.0,-5.550000000000001
3428.0,-5.26
3429.0,-5.06
3430.0,-5.04
3431.0,-5.46
3432.0,-5.09
3433.0,-5.470000000000001
3434.0,-5.03
3435.0,-5.01
3436.0,-5.03
3437.0,-5.42
3438.0,-5.03
3439.0,-5.08
3440.0,-5.15
3441.0,-5.05
3442.0,-5.06
3443.0,-5.14
3444.0,-5.04
3445.0,-5.26
3446.0,-5.16
3447.0,-5.53
3448.0,-5.03
3449.0,-5.8100000000000005
3450.0,-5.25
3451.0,-5.65
3452.0,-5.08
3453.0,-5.07
3454.0,-5.19
3455.0,-5.69
3456.0,-5.36
3457.0,-5.42
3458.0,-5.02
3459.0,-5.06
3460.0,-5.49
3461.0,-5.07
3462.0,-5.25
3463.0,-5.16
3464.0,-5.22
3465.0,-5.09
3466.0,-5.06
3467.0,-5.05
3468.0,-5.06
3469.0,-5.17
3470.0,-5.32
3471.0,-5.07
3472.0,-1.0000000000000007
3473.0,-5.390000000000001
3474.0,-5.38
3475.0,-5.05
3476.0,-5.04
3477.0,-5.6000000000000005
3478.0,-5.1
3479.0,-5.09
3480.0,-5.01
3481.0,-5.45
3482.0,-1.0000000000000007
3483.0,-5.05
3484.0,-5.6000000000000005
3485.0,-5.07
3486.0,-5.17
3487.0,-5.02
3488.0,-5.13
3489.0,-5.18
3490.0,-5.16
3491.0,-5.11
3492.0,-5.61
3493.0,-5.69
3494.0,-5.02
3495.0,-5.44
3496.0,-5.83
3497.0,-5.05
3498.0,-5.800000000000001
3499.0,-5.03
3500.0,-5.33
3501.0,-5.02
3502.0,-5.25
3503.0,-5.24
3504.0,-5.25
3505.0,-5.3
3506.0,-5.22
3507.0,-5.04
3508.0,-5.07
3509.0,-5.02
3510.0,-5.25
3511.0,-5.1
3512.0,-5.03
3513.0,-5.37
3514.0,-5.07
3515.0,-5.02
3516.0,-5.09
3517.0,-5.05
3518.0,-5.430000000000001
3519.0,-5.22
3520.0,-5.21
3521.0,-5.02
3522.0,-5.04
3523.0,-5.3500000000000005
3524.0,-5.07
3525.0,-5.23
3526.0,-5.5200000000000005
3527.0,-5.390000000000001
3528.0,-5.5
3529.0,-5.04
3530.0,-5.17
3531.0,-5.1
3532.0,-5.2
3533.0,-5.03
3534.0,-5.22
3535.0,-5.01
3536.0,-5.04
3537.0,-5.03
3538.0,-5.17
3539.0,-5.3100000000000005
3540.0,-5.08
3541.0,-5.07
3542.0,-5.54
3543.0,-5.01
3544.0,-5.11
3545.0,-5.07
3546.0,-5.04
3547.0,-5.14
3548.0,-5.78
3549.0,-5.53
3550.0,-5.03
3551.0,-5.14
3552.0,-5.07
3553.0,-5.57
3554.0,-5.04
3555.0,-5.2
3556.0,-5.04
3557.0,-5.12
3558.0,-5.1
3559.0,-5.53
3560.0,-5.3
3561.0,-5.17
3562.0,-5.7
3563.0,-5.16
3564.0,-5.07
3565.0,-5.15
3566.0,-5.12
3567.0,-5.07
3568.0,-5.920000000000001
3569.0,-5.02
3570.0,-5.3500000000000005
3571.0,-5.12
3572.0,-5.03
3573.0,-5.02
3574.0,-5.01
3575.0,-5.06
3576.0,-5.04
3577.0,-5.14
3578.0,-5.32
3579.0,-5.16
3580.0,-5.09
3581.0,-5.12
3582.0,-5.07
3583.0,-5.15
3584.0,-5.23
3585.0,-5.32
3586.0,-5.3100000000000005
3587.0,-5.13
3588.0,-5.03
3589.0,-5.33
3590.0,-5.3500000000000005
3591.0,-5.17
3592.0,-5.15
3593.0,-5.840000000000001
3594.0,-5.5200000000000005
3595.0,-5.37
3596.0,-5.69
3597.0,-5.03
3598.0,-5.08
3599.0,-5.02
3600.0,-5.24
3601.0,-5.760000000000001
3602.0,-5.03
3603.0,-5.4
3604.0,-5.45
3605.0,-5.06
3606.0,-5.870000000000001
3607.0,-5.13
3608.0,-5.02
3609.0,-5.03
3610.0,-5.710000000000001
3611.0,-5.08
3612.0,-5.09
3613.0,-5.04
3614.0,-5.04
3615.0,-5.28
3616.0,-5.1
3617.0,-5.33
3618.0,-5.45
3619.0,-5.03
3620.0,-5.17
3621.0,-5.02
3622.0,-5.02
3623.0,-5.02
3624.0,-5.14
3625.0,-5.03
3626.0,-5.19
3627.0,-5.18
3628.0,-1.0000000000000007
3629.0,-5.08
3630.0,-5.23
3631.0,-5.21
3632.0,-5.17
3633.0,-5.73
3634.0,-5.04
3635.0,-5.6000000000000005
3636.0,-5.15
3637.0,-5.65
3638.0,-5.09
3639.0,-1.0000000000000007
3640.0,-5.14
3641.0,-5.05
3642.0,-5.06
3643.0,-5.75
3644.0,-5.8100000000000005
3645.0,-5.28
3646.0,-5.9
3647.0,-5.16
3648.0,-5.13
3649.0,-5.01
3650.0,-5.03
3651.0,-5.09
3652.0,-5.41
3653.0,-5.960000000000001
3654.0,-5.02
3655.0,-5.03
3656.0,-5.03
3657.0,-5.11
3658.0,-5.15
3659.0,-5.06
3660.0,-5.02
3661.0,-5.26
3662.0,-5.02
3663.0,-5.05
3664.0,-5.390000000000001
3665.0,-5.02
3666.0,-5.16
3667.0,-5.05
3668.0,-5.04
3669.0,-5.29
3670.0,-1.0000000000000007
3671.0,-5.01
3672.0,-5.42
3673.0,-5.04
3674.0,-5.1
3675.0,-5.470000000000001
3676.0,-5.38
3677.0,-5.01
3678.0,-5.24
3679.0,-5.15
3680.0,-5.25
3681.0,-5.09
3682.0,-5.49
3683.0,-5.04
3684.0,-5.03
3685.0,-5.07
3686.0,-5.33
3687.0,-5.04
3688.0,-5.26
3689.0,-5.08
3690.0,-5.05
3691.0,-5.3500000000000005
3692.0,-1.0000000000000007
3693.0,-5.02
3694.0,-5.24
3695.0,-5.05
3696.0,-5.02
3697.0,-5.02
3698.0,-5.04
3699.0,-5.6000000000000005
3700.0,-1.0000000000000007
3701.0,-5.45
3702.0,-5.14
3703.0,-5.8500000000000005
3704.0,-5.890000000000001
3705.0,-5.21
3706.0,-5.16
3707.0,-5.01
3708.0,-5.11
3709.0,-5.01
3710.0,-5.03
3711.0,-5.51
3712.0,-5.28
3713.0,-5.38
3714.0,-5.18
3715.0,-5.67
3716.0,-5.1
3717.0,-5.2
3718.0,-5.13
3719.0,-5.24
3720.0,-5.29
3721.0,-5.08
3722.0,-5.09
3723.0,-5.12
3724.0,-5.33
3725.0,-5.02
3726.0,-5.5200000000000005
3727.0,-5.09
3728.0,-5.01
3729.0,-5.11
3730.0,-5.19
3731.0,-5.11
3732.0,-5.4
3733.0,-5.04
3734.0,-5.04
3735.0,-5.9
3736.0,-5.17
3737.0,-5.2
3738.0,-5.02
3739.0,-5.06
3740.0,-5.5600000000000005
3741.0,-5.19
3742.0,-5.12
3743.0,-5.06
3744.0,-5.2
3745.0,-5.05
3746.0,-5.03
3747.0,-5.05
3748.0,-5.04
3749.0,-5.11
3750.0,-5.04
3751.0,-5.21
3752.0,-5.14
3753.0,-5.28
3754.0,-5.24
3755.0,-5.05
3756.0,-5.390000000000001
3757.0,-5.15
3758.0,-5.02
3759.0,-5.42
3760.0,-5.34
3761.0,-5.44
3762.0,-5.05
3763.0,-5.02
3764.0,-5.13
3765.0,-5.02
3766.0,-5.38
3767.0,-5.03
3768.0,-5.11
3769.0,-5.630000000000001
3770.0,-5.19
3771.0,-5.13
3772.0,-5.17
3773.0,-5.44
3774.0,-5.24
3775.0,-5.06
3776.0,-5.05
3777.0,-5.21
3778.0,-5.01
3779.0,-5.12
3780.0,-5.04
3781.0,-5.02
3782.0,-5.800000000000001
3783.0,-5.02
3784.0,-5.06
3785.0,-5.09
3786.0,-5.15
3787.0,-5.03
3788.0,-5.12
3789.0,-5.06
3790.0,-5.19
3791.0,-5.24
3792.0,-5.74
3793.0,-5.13
3794.0,-5.03
3795.0,-5.01
3796.0,-5.12
3797.0,-5.45
3798.0,-5.840000000000001
3799.0,-5.02
3800.0,-5.01
3801.0,-5.01
3802.0,-5.46
3803.0,-5.01
3804.0,-5.03
3805.0,-5.14
3806.0,-5.1
3807.0,-5.550000000000001
3808.0,-5.38
3809.0,-5.05
3810.0,-5.05
3811.0,-5.03
3812.0,-5.17
3813.0,-5.07
3814.0,-5.03
3815.0,-5.23
3816.0,-5.11
3817.0,-5.02
3818.0,-5.3
3819.0,-5.15
3820.0,-5.02
3821.0,-5.42
3822.0,-5.09
3823.0,-5.550000000000001
3824.0,-5.680000000000001
3825.0,-5.54
3826.0,-5.37
3827.0,-5.42
3828.0,-5.17
3829.0,-5.13
3830.0,-5.06
3831.0,-5.65
3832.0,-5.28
3833.0,-5.04
3834.0,-5.5200000000000005
3835.0,-5.29
3836.0,-5.25
3837.0,-5.06
3838.0,-5.06
3839.0,-5.03
3840.0,-5.02
3841.0,-5.07
3842.0,-5.15
3843.0,-5.9
3844.0,-5.07
3845.0,-5.61
3846.0,-5.24
3847.0,-5.15
3848.0,-5.23
3849.0,-5.04
3850.0,-5.19
3851.0,-5.13
3852.0,-5.42
3853.0,-5.04
3854.0,-5.2
3855.0,-5.26
3856.0,-5.49
3857.0,-5.44
3858.0,-1.0000000000000007
3859.0,-5.09
3860.0,-5.66
3861.0,-5.06
3862.0,-5.1
3863.0,-5.33
3864.0,-1.0000000000000007
3865.0,-1.0000000000000007
3866.0,-5.5200000000000005
3867.0,-5.24
3868.0,-5.08
3869.0,-5.05
3870.0,-5.5
3871.0,-5.65
3872.0,-5.49
3873.0,-5.03
3874.0,-5.12
3875.0,-5.04
3876.0,-5.03
3877.0,-5.36
3878.0,-5.12
3879.0,-5.03
3880.0,-5.2700000000000005
3881.0,-5.34
3882.0,-5.26
3883.0,-5.28
3884.0,-5.25
3885.0,-5.02
3886.0,-5.42
3887.0,-5.08
3888.0,-5.37
3889.0,-5.09
3890.0,-5.23
3891.0,-5.3
3892.0,-5.12
3893.0,-5.04
3894.0,-5.04
3895.0,-5.14
3896.0,-5.12
3897.0,-5.26
3898.0,-5.06
3899.0,-5.1
3900.0,-5.5200000000000005
3901.0,-5.02
3902.0,-5.02
3903.0,-5.04
3904.0,-5.3100000000000005
3905.0,-5.03
3906.0,-5.02
3907.0,-5.09
3908.0,-5.58
3909.0,-5.02
3910.0,-5.12
3911.0,-5.04
3912.0,-5.37
3913.0,-5.07
3914.0,-5.08
3915.0,-1.0000000000000007
3916.0,-5.13
3917.0,-5.6000000000000005
3918.0,-5.06
3919.0,-5.05
3920.0,-5.21
3921.0,-5.03
3922.0,-5.22
3923.0,-5.09
3924.0,-5.45
3925.0,-5.06
3926.0,-5.08
3927.0,-5.04
3928.0,-5.23
3929.0,-5.02
3930.0,-5.710000000000001
3931.0,-5.7700000000000005
3932.0,-1.0000000000000007
3933.0,-5.02
3934.0,-5.02
3935.0,-5.23
3936.0,-5.3
3937.0,-5.05
3938.0,-5.02
3939.0,-5.05
3940.0,-5.25
3941.0,-5.36
3942.0,-5.01
3943.0,-5.5200000000000005
3944.0,-5.09
3945.0,-5.01
3946.0,-5.11
3947.0,-5.65
3948.0,-5.16
3949.0,-5.680000000000001
3950.0,-5.11
3951.0,-5.16
3952.0,-5.09
3953.0,-5.04
3954.0,-5.05
3955.0,-5.05
3956.0,-5.11
3957.0,-5.34
3958.0,-5.59
3959.0,-5.02
3960.0,-5.05
3961.0,-5.950000000000001
3962.0,-5.04
3963.0,-5.94
3964.0,-5.2700000000000005
3965.0,-5.02
3966.0,-5.15
3967.0,-5.06
3968.0,-5.13
3969.0,-5.42
3970.0,-5.790000000000001
3971.0,-5.1
3972.0,-5.21
3973.0,-5.03
3974.0,-5.3100000000000005
3975.0,-5.11
3976.0,-5.430000000000001
3977.0,-5.2
3978.0,-5.02
3979.0,-5.46
3980.0,-5.66
3981.0,-5.08
3982.0,-5.09
3983.0,-5.01
3984.0,-5.69
3985.0,-5.13
3986.0,-5.2
3987.0,-5.05
3988.0,-5.02
3989.0,-5.02
3990.0,-5.38
3991.0,-5.17
3992.0,-5.1
3993.0,-5.25
3994.0,-5.26
3995.0,-5.06
3996.0,-5.14
3997.0,-5.890000000000001
3998.0,-5.1
3999.0,-5.05
4000.0,-5.34
4001.0,-5.12
4002.0,-5.11
4003.0,-5.07
4004.0,-5.62
4005.0,-5.12
4006.0,-5.08
4007.0,-5.02
4008.0,-5.02
4009.0,-5.03
4010.0,-5.33
4011.0,-5.32
4012.0,-5.9
4013.0,-5.07
4014.0,-5.1
4015.0,-5.1
4016.0,-5.07
4017.0,-5.08
4018.0,-5.17
4019.0,-5.06
4020.0,-5.3500000000000005
4021.0,-5.41
4022.0,-5.19
4023.0,-5.22
4024.0,-5.32
4025.0,-5.14
4026.0,-5.12
4027.0,-5.03
4028.0,-5.01
4029.0,-5.13
4030.0,-5.04
4031.0,-5.37
4032.0,-5.66
4033.0,-5.11
4034.0,-5.04
4035.0,-5.01
4036.0,-5.09
4037.0,-5.13
4038.0,-5.03
4039.0,-5.12
4040.0,-5.16
4041.0,-5.05
4042.0,-5.07
4043.0,-5.03
4044.0,-5.17
4045.0,-5.630000000000001
4046.0,-5.5200000000000005
4047.0,-5.01
4048.0,-5.04
4049.0,-5.21
4050.0,-5.04
4051.0,-5.22
4052.0,-5.24
4053.0,-5.09
4054.0,-5.02
4055.0,-5.1
4056.0,-5.04
4057.0,-5.710000000000001
4058.0,-1.0000000000000007
4059.0,-5.04
4060.0,-5.51
4061.0,-5.470000000000001
4062.0,-5.03
4063.0,-5.36
4064.0,-5.03
4065.0,-5.4
4066.0,-5.19
4067.0,-5.16
4068.0,-5.01
4069.0,-5.11
4070.0,-5.1
4071.0,-5.17
4072.0,-5.3500000000000005
4073.0,-5.03
4074.0,-5.21
4075.0,-5.02
4076.0,-5.02
4077.0,-5.16
4078.0,-5.02
4079.0,-5.03
4080.0,-5.17
4081.0,-5.45
4082.0,-5.03
4083.0,-5.05
4084.0,-5.01
4085.0,-5.2
4086.0,-5.02
4087.0,-5.12
4088.0,-5.33
4089.0,-5.17
4090.0,-5.11
4091.0,-5.44
4092.0,-1.0000000000000007
4093.0,-5.09
4094.0,-5.04
4095.0,-5.13
4096.0,-5.03
4097.0,-5.3100000000000005
4098.0,-5.15
4099.0,-5.17
4100.0,-5.03
4101.0,-5.680000000000001
4102.0,-5.12
4103.0,-5.01
4104.0,-5.54
4105.0,-5.29
4106.0,-5.470000000000001
4107.0,-5.22
4108.0,-5.2
4109.0,-5.21
4110.0,-5.41
4111.0,-5.3100000000000005
4112.0,-5.04
4113.0,-5.07
4114.0,-5.45
4115.0,-5.58
4116.0,-5.05
4117.0,-5.01
4118.0,-5.02
4119.0,-5.5
4120.0,-5.49
4121.0,-5.03
4122.0,-5.26
4123.0,-5.7
4124.0,-5.67
4125.0,-5.630000000000001
4126.0,-5.19
4127.0,-5.6000000000000005
4128.0,-5.430000000000001
4129.0,-5.12
4130.0,-5.26
4131.0,-5.680000000000001
4132.0,-5.01
4133.0,-5.51
4134.0,-5.08
4135.0,-5.57
4136.0,-5.48
4137.0,-5.3
4138.0,-5.08
4139.0,-5.07
4140.0,-5.3500000000000005
4141.0,-5.69
4142.0,-5.12
4143.0,-5.45
4144.0,-5.07
4145.0,-5.09
4146.0,-5.57
4147.0,-5.66
4148.0,-5.02
4149.0,-5.08
4150.0,-5.06
4151.0,-5.02
4152.0,-5.3100000000000005
4153.0,-5.49
4154.0,-5.03
4155.0,-5.51
4156.0,-5.45
4157.0,-5.01
4158.0,-5.1
4159.0,-5.37
4160.0,-5.04
4161.0,-5.21
4162.0,-5.21
4163.0,-5.4
4164.0,-5.13
4165.0,-5.04
4166.0,-5.01
4167.0,-5.01
4168.0,-5.05
4169.0,-5.1
4170.0,-5.02
4171.0,-5.06
4172.0,-5.01
4173.0,-5.25
4174.0,-5.09
4175.0,-5.66
4176.0,-5.01
4177.0,-5.02
4178.0,-5.19
4179.0,-5.09
4180.0,-5.06
4181.0,-5.45
4182.0,-5.05
4183.0,-5.08
4184.0,-5.26
4185.0,-5.41
4186.0,-5.01
4187.0,-5.720000000000001
4188.0,-5.26
4189.0,-5.03
4190.0,-5.08
4191.0,-5.09
4192.0,-5.08
4193.0,-5.01
4194.0,-5.45
4195.0,-5.8100000000000005
4196.0,-5.22
4197.0,-5.13
4198.0,-5.04
4199.0,-1.0000000000000007
4200.0,-5.790000000000001
4201.0,-5.3500000000000005
4202.0,-5.09
4203.0,-5.25
4204.0,-5.32
4205.0,-5.2700000000000005
4206.0,-5.65
4207.0,-5.12
4208.0,-5.5
4209.0,-5.57
4210.0,-5.02
4211.0,-5.11
4212.0,-5.45
4213.0,-5.59
4214.0,-5.04
4215.0,-5.74
4216.0,-5.54
4217.0,-5.05
4218.0,-5.13
4219.0,-5.69
4220.0,-5.11
4221.0,-5.890000000000001
4222.0,-5.5600000000000005
4223.0,-5.13
4224.0,-5.26
4225.0,-5.24
4226.0,-5.29
4227.0,-5.1
4228.0,-5.03
4229.0,-5.07
4230.0,-5.36
4231.0,-5.5
4232.0,-5.06
4233.0,-5.05
4234.0,-5.08
4235.0,-5.1
4236.0,-5.05
4237.0,-5.18
4238.0,-5.680000000000001
4239.0,-5.49
4240.0,-5.06
4241.0,-1.0000000000000007
4242.0,-5.07
4243.0,-5.08
4244.0,-5.28
4245.0,-5.16
4246.0,-5.3
4247.0,-5.03
4248.0,-5.01
4249.0,-5.32
4250.0,-5.51
4251.0,-5.42
4252.0,-5.18
4253.0,-5.28
4254.0,-5.01
4255.0,-5.550000000000001
4256.0,-5.82
4257.0,-5.12
4258.0,-5.17
4259.0,-5.12
4260.0,-5.13
4261.0,-5.04
4262.0,-5.67
4263.0,-5.16
4264.0,-5.05
4265.0,-5.07
4266.0,-5.09
4267.0,-5.58
4268.0,-5.07
4269.0,-5.16
4270.0,-1.0000000000000007
4271.0,-5.06
4272.0,-5.12
4273.0,-5.16
4274.0,-5.12
4275.0,-5.04
4276.0,-5.08
4277.0,-5.03
4278.0,-5.4
4279.0,-5.09
4280.0,-5.02
4281.0,-5.17
4282.0,-5.21
4283.0,-5.09
4284.0,-5.48
4285.0,-5.680000000000001
4286.0,-5.49
4287.0,-5.07
4288.0,-5.800000000000001
4289.0,-5.37
4290.0,-1.0000000000000007
4291.0,-5.18
4292.0,-5.06
4293.0,-5.24
4294.0,-5.15
4295.0,-5.42
4296.0,-5.38
4297.0,-5.17
4298.0,-5.65
4299.0,-5.470000000000001
4300.0,-5.08
4301.0,-5.710000000000001
4302.0,-5.28
4303.0,-5.49
4304.0,-1.0000000000000007
4305.0,-5.19
4306.0,-5.550000000000001
4307.0,-5.07
4308.0,-5.3100000000000005
4309.0,-5.14
4310.0,-5.41
4311.0,-5.13
4312.0,-5.2
4313.0,-5.430000000000001
4314.0,-5.640000000000001
4315.0,-5.08
4316.0,-5.1
4317.0,-5.01
4318.0,-5.630000000000001
4319.0,-5.16
4320.0,-5.09
4321.0,-5.01
4322.0,-5.03
4323.0,-5.08
4324.0,-5.26
4325.0,-5.02
4326.0,-5.470000000000001
4327.0,-5.04
4328.0,-5.04
4329.0,-5.11
4330.0,-5.36
4331.0,-5.4
4332.0,-5.32
4333.0,-5.07
4334.0,-5.01
4335.0,-1.0000000000000007
4336.0,-5.07
4337.0,-5.33
4338.0,-5.470000000000001
4339.0,-5.03
4340.0,-5.390000000000001
4341.0,-5.1
4342.0,-5.01
4343.0,-5.34
4344.0,-5.470000000000001
4345.0,-5.53
4346.0,-5.03
4347.0,-5.790000000000001
4348.0,-5.07
4349.0,-5.04
4350.0,-5.05
4351.0,-5.42
4352.0,-5.34
4353.0,-5.06
4354.0,-5.05
4355.0,-5.51
4356.0,-5.04
4357.0,-5.920000000000001
4358.0,-5.15
4359.0,-5.33
4360.0,-5.01
4361.0,-1.0000000000000007
4362.0,-5.2700000000000005
4363.0,-5.05
4364.0,-5.03
4365.0,-5.02
4366.0,-5.78
4367.0,-5.680000000000001
4368.0,-5.390000000000001
4369.0,-5.03
4370.0,-5.4
4371.0,-5.19
4372.0,-5.49
4373.0,-5.04
4374.0,-5.5600000000000005
4375.0,-5.09
4376.0,-5.22
4377.0,-5.08
4378.0,-5.430000000000001
4379.0,-5.48
4380.0,-5.01
4381.0,-5.640000000000001
4382.0,-5.5
4383.0,-5.1
4384.0,-5.02
4385.0,-5.02
4386.0,-5.05
4387.0,-5.04
4388.0,-5.11
4389.0,-5.870000000000001
4390.0,-5.36
4391.0,-5.18
4392.0,-5.01
4393.0,-5.07
4394.0,-5.07
4395.0,-5.36
4396.0,-5.29
4397.0,-5.06
4398.0,-5.38
4399.0,-5.5
4400.0,-5.06
4401.0,-5.57
4402.0,-5.14
4403.0,-5.14
4404.0,-5.42
4405.0,-5.07
4406.0,-5.37
4407.0,-5.03
4408.0,-5.02
4409.0,-5.25
4410.0,-5.05
4411.0,-5.03
4412.0,-5.12
4413.0,-5.25
4414.0,-5.08
4415.0,-5.23
4416.0,-1.0000000000000007
4417.0,-5.02
4418.0,-5.550000000000001
4419.0,-5.09
4420.0,-5.01
4421.0,-5.04
4422.0,-5.04
4423.0,-5.51
4424.0,-5.07
4425.0,-5.08
4426.0,-5.28
4427.0,-5.05
4428.0,-1.0000000000000007
4429.0,-5.04
4430.0,-5.03
4431.0,-5.13
4432.0,-5.12
4433.0,-5.01
4434.0,-5.38
4435.0,-5.01
4436.0,-5.04
4437.0,-5.65
4438.0,-5.82
4439.0,-5.42
4440.0,-5.04
4441.0,-5.7
4442.0,-5.12
4443.0,-5.05
4444.0,-5.17
4445.0,-5.15
4446.0,-5.34
4447.0,-5.18
4448.0,-5.550000000000001
4449.0,-5.36
4450.0,-5.05
4451.0,-5.05
4452.0,-5.1
4453.0,-5.59
4454.0,-5.7700000000000005
4455.0,-5.07
4456.0,-5.5600000000000005
4457.0,-5.06
4458.0,-5.37
4459.0,-5.08
4460.0,-5.710000000000001
4461.0,-5.02
4462.0,-5.470000000000001
4463.0,-5.790000000000001
4464.0,-5.17
4465.0,-5.01
4466.0,-5.69
4467.0,-5.03
4468.0,-5.07
4469.0,-5.18
4470.0,-5.390000000000001
4471.0,-5.04
4472.0,-5.03
4473.0,-5.02
4474.0,-5.430000000000001
4475.0,-5.06
4476.0,-5.25
4477.0,-5.03
4478.0,-5.1
4479.0,-5.09
4480.0,-5.2
4481.0,-5.03
4482.0,-5.33
4483.0,-5.33
4484.0,-5.38
4485.0,-5.12
4486.0,-5.01
4487.0,-5.21
4488.0,-5.07
4489.0,-5.09
4490.0,-5.33
4491.0,-5.14
4492.0,-5.3
4493.0,-5.12
4494.0,-5.26
4495.0,-5.05
4496.0,-5.13
4497.0,-5.12
4498.0,-5.01
4499.0,-5.09
4500.0,-5.02
4501.0,-5.04
4502.0,-1.0000000000000007
4503.0,-5.08
4504.0,-5.19
4505.0,-5.06
4506.0,-5.14
4507.0,-5.390000000000001
4508.0,-5.04
4509.0,-5.2700000000000005
4510.0,-5.840000000000001
4511.0,-5.04
4512.0,-5.03
4513.0,-5.65
4514.0,-5.12
4515.0,-5.02
4516.0,-5.18
4517.0,-5.06
4518.0,-5.1
4519.0,-5.12
4520.0,-5.1
4521.0,-5.12
4522.0,-5.26
4523.0,-5.19
4524.0,-5.29
4525.0,-5.390000000000001
4526.0,-5.08
4527.0,-5.04
4528.0,-5.05
4529.0,-5.01
4530.0,-5.44
4531.0,-5.390000000000001
4532.0,-5.16
4533.0,-5.34
4534.0,-5.11
4535.0,-5.02
4536.0,-5.01
4537.0,-5.03
4538.0,-5.04
4539.0,-5.46
4540.0,-5.03
4541.0,-5.11
4542.0,-5.02
4543.0,-5.08
4544.0,-5.01
4545.0,-5.430000000000001
4546.0,-5.14
4547.0,-5.04
4548.0,-5.03
4549.0,-5.2700000000000005
4550.0,-5.58
4551.0,-5.23
4552.0,-5.01
4553.0,-5.23
4554.0,-5.23
4555.0,-5.16
4556.0,-5.06
4557.0,-5.03
4558.0,-5.03
4559.0,-5.1
4560.0,-5.21
4561.0,-5.02
4562.0,-5.01
4563.0,-5.09
4564.0,-5.34
4565.0,-5.05
4566.0,-5.04
4567.0,-1.0000000000000007
4568.0,-5.6000000000000005
4569.0,-5.05
4570.0,-5.34
4571.0,-5.02
4572.0,-5.02
4573.0,-5.470000000000001
4574.0,-5.41
4575.0,-5.04
4576.0,-5.01
4577.0,-5.05
4578.0,-5.02
4579.0,-5.08
4580.0,-5.15
4581.0,-5.01
4582.0,-5.08
4583.0,-5.59
4584.0,-5.37
4585.0,-5.36
4586.0,-5.03
4587.0,-5.470000000000001
4588.0,-5.390000000000001
4589.0,-5.15
4590.0,-5.7
4591.0,-5.01
4592.0,-5.18
4593.0,-5.11
4594.0,-5.28
4595.0,-5.16
4596.0,-5.04
4597.0,-5.02
4598.0,-5.36
4599.0,-5.26
4600.0,-5.03
4601.0,-5.04
4602.0,-5.680000000000001
4603.0,-5.24
4604.0,-5.26
4605.0,-1.0000000000000007
4606.0,-5.01
4607.0,-5.05
4608.0,-5.14
4609.0,-5.02
4610.0,-5.2
4611.0,-5.17
4612.0,-5.2
4613.0,-1.0000000000000007
4614.0,-5.17
4615.0,-5.03
4616.0,-5.430000000000001
4617.0,-5.44
4618.0,-5.22
4619.0,-5.03
4620.0,-5.57
4621.0,-5.14
4622.0,-5.29
4623.0,-5.2700000000000005
4624.0,-5.2700000000000005
4625.0,-5.430000000000001
4626.0,-5.26
4627.0,-5.02
4628.0,-5.28
4629.0,-5.36
4630.0,-5.430000000000001
4631.0,-5.05
4632.0,-5.18
4633.0,-5.36
4634.0,-5.12
4635.0,-5.03
4636.0,-5.14
4637.0,-5.05
4638.0,-5.880000000000001
4639.0,-5.11
4640.0,-5.01
4641.0,-5.04
4642.0,-5.28
4643.0,-5.15
4644.0,-5.37
4645.0,-5.15
4646.0,-5.06
4647.0,-5.04
4648.0,-5.05
4649.0,-5.62
4650.0,-5.3
4651.0,-5.45
4652.0,-5.11
4653.0,-5.04
4654.0,-5.02
4655.0,-5.01
4656.0,-5.69
4657.0,-5.02
4658.0,-5.29
4659.0,-5.03
4660.0,-5.02
4661.0,-5.19
4662.0,-5.2700000000000005
4663.0,-5.04
4664.0,-5.01
4665.0,-5.07
4666.0,-5.17
4667.0,-5.24
4668.0,-5.08
4669.0,-5.09
4670.0,-5.19
4671.0,-5.01
4672.0,-5.01
4673.0,-5.430000000000001
4674.0,-5.04
4675.0,-5.02
4676.0,-5.16
4677.0,-5.33
4678.0,-5.01
4679.0,-5.7
4680.0,-5.11
4681.0,-5.24
4682.0,-5.05
4683.0,-5.4
4684.0,-5.01
4685.0,-5.99
4686.0,-5.1
4687.0,-5.07
4688.0,-5.02
4689.0,-5.2700000000000005
4690.0,-5.04
4691.0,-5.16
4692.0,-5.02
4693.0,-5.62
4694.0,-5.09
4695.0,-5.02
4696.0,-5.8500000000000005
4697.0,-5.16
4698.0,-5.58
4699.0,-5.15
4700.0,-1.0000000000000007
4701.0,-5.24
4702.0,-5.13
4703.0,-5.03
4704.0,-5.24
4705.0,-5.2
4706.0,-5.02
4707.0,-5.06
4708.0,-5.07
4709.0,-5.02
4710.0,-5.73
4711.0,-5.890000000000001
4712.0,-5.19
4713.0,-5.3
4714.0,-5.06
4715.0,-5.15
4716.0,-1.0000000000000007
4717.0,-5.19
4718.0,-5.03
4719.0,-5.53
4720.0,-5.22
4721.0,-5.3500000000000005
4722.0,-5.640000000000001
4723.0,-5.01
4724.0,-5.02
4725.0,-5.470000000000001
4726.0,-5.12
4727.0,-5.03
4728.0,-5.01
4729.0,-5.19
4730.0,-5.15
4731.0,-5.01
4732.0,-5.470000000000001
4733.0,-5.25
4734.0,-5.82
4735.0,-5.07
4736.0,-5.19
4737.0,-5.01
4738.0,-5.07
4739.0,-5.65
4740.0,-5.02
4741.0,-5.07
4742.0,-5.04
4743.0,-5.01
4744.0,-5.02
4745.0,-5.53
4746.0,-5.3
4747.0,-5.01
4748.0,-5.38
4749.0,-5.04
4750.0,-5.26
4751.0,-5.41
4752.0,-5.550000000000001
4753.0,-5.05
4754.0,-5.48
4755.0,-5.58
4756.0,-5.5
4757.0,-5.430000000000001
4758.0,-5.430000000000001
4759.0,-5.02
4760.0,-5.3
4761.0,-5.05
4762.0,-5.16
4763.0,-5.18
4764.0,-5.390000000000001
4765.0,-5.19
4766.0,-5.09
4767.0,-5.03
4768.0,-5.25
4769.0,-5.02
4770.0,-5.04
4771.0,-5.8100000000000005
4772.0,-5.02
4773.0,-5.03
4774.0,-5.05
4775.0,-5.03
4776.0,-5.720000000000001
4777.0,-5.02
4778.0,-5.5200000000000005
4779.0,-5.01
4780.0,-5.41
4781.0,-5.28
4782.0,-5.19
4783.0,-5.19
4784.0,-5.710000000000001
4785.0,-5.550000000000001
4786.0,-5.19
4787.0,-5.46
4788.0,-5.05
4789.0,-5.38
4790.0,-5.08
4791.0,-5.62
4792.0,-5.02
4793.0,-5.4
4794.0,-5.51
4795.0,-5.01
4796.0,-5.07
4797.0,-5.2
4798.0,-5.04
4799.0,-5.03
4800.0,-5.32
4801.0,-5.14
4802.0,-5.12
4803.0,-5.41
4804.0,-5.5
4805.0,-5.08
4806.0,-5.53
4807.0,-5.2
4808.0,-5.23
4809.0,-5.11
4810.0,-5.470000000000001
4811.0,-5.550000000000001
4812.0,-5.02
4813.0,-5.5
4814.0,-5.430000000000001
4815.0,-5.32
4816.0,-5.01
4817.0,-5.04
4818.0,-5.23
4819.0,-5.07
4820.0,-5.08
4821.0,-5.04
4822.0,-5.65
4823.0,-5.22
4824.0,-5.03
4825.0,-5.05
4826.0,-5.07
4827.0,-5.05
4828.0,-5.3100000000000005
4829.0,-5.34
4830.0,-5.08
4831.0,-5.04
4832.0,-5.41
4833.0,-5.09
4834.0,-5.04
4835.0,-1.0000000000000007
4836.0,-5.08
4837.0,-5.07
4838.0,-5.02
4839.0,-5.12
4840.0,-5.48
4841.0,-5.1
4842.0,-5.02
4843.0,-5.840000000000001
4844.0,-5.07
4845.0,-5.37
4846.0,-5.18
4847.0,-5.07
4848.0,-5.03
4849.0,-5.49
4850.0,-5.3500000000000005
4851.0,-5.33
4852.0,-5.44
4853.0,-5.36
4854.0,-5.3
4855.0,-5.11
4856.0,-5.17
4857.0,-5.800000000000001
4858.0,-5.06
4859.0,-5.48
4860.0,-5.19
4861.0,-5.4
4862.0,-5.08
4863.0,-5.07
4864.0,-5.12
4865.0,-5.44
4866.0,-5.04
4867.0,-5.15
4868.0,-5.45
4869.0,-5.06
4870.0,-5.680000000000001
4871.0,-5.5
4872.0,-5.04
4873.0,-5.01
4874.0,-5.08
4875.0,-5.08
4876.0,-5.01
4877.0,-5.05
4878.0,-5.1
4879.0,-5.04
4880.0,-5.07
4881.0,-5.58
4882.0,-5.12
4883.0,-5.15
4884.0,-5.12
4885.0,-5.32
4886.0,-5.14
4887.0,-5.28
4888.0,-5.01
4889.0,-5.13
4890.0,-5.05
4891.0,-5.12
4892.0,-5.15
4893.0,-5.07
4894.0,-5.54
4895.0,-5.3500000000000005
4896.0,-5.03
4897.0,-5.03
4898.0,-5.02
4899.0,-5.24
4900.0,-5.86
4901.0,-5.13
4902.0,-5.01
4903.0,-5.07
4904.0,-5.710000000000001
4905.0,-5.04
4906.0,-5.12
4907.0,-5.25
4908.0,-5.15
4909.0,-5.67
4910.0,-5.13
4911.0,-5.02
4912.0,-5.14
4913.0,-5.03
4914.0,-5.08
4915.0,-5.4
4916.0,-5.01
4917.0,-5.38
4918.0,-5.41
4919.0,-5.03
4920.0,-5.9
4921.0,-5.08
4922.0,-5.1
4923.0,-5.13
4924.0,-5.06
4925.0,-5.26
4926.0,-5.01
4927.0,-5.06
4928.0,-5.06
4929.0,-5.01
4930.0,-5.02
4931.0,-5.02
4932.0,-5.24
4933.0,-5.01
4934.0,-5.14
4935.0,-5.08
4936.0,-5.51
4937.0,-5.05
4938.0,-5.2
4939.0,-5.09
4940.0,-5.61
4941.0,-5.32
4942.0,-5.07
4943.0,-5.09
4944.0,-5.54
4945.0,-5.36
4946.0,-5.14
4947.0,-5.51
4948.0,-5.550000000000001
4949.0,-5.3500000000000005
4950.0,-1.0000000000000007
4951.0,-5.75
4952.0,-5.09
4953.0,-5.790000000000001
4954.0,-5.02
4955.0,-5.28
4956.0,-5.11
4957.0,-5.15
4958.0,-5.02
4959.0,-5.05
4960.0,-5.02
4961.0,-5.51
4962.0,-5.5
4963.0,-5.3
4964.0,-5.06
4965.0,-5.430000000000001
4966.0,-5.550000000000001
4967.0,-5.640000000000001
4968.0,-5.18
4969.0,-5.3500000000000005
4970.0,-5.04
4971.0,-5.22
4972.0,-5.18
4973.0,-5.17
4974.0,-5.13
4975.0,-5.29
4976.0,-5.23
4977.0,-5.34
4978.0,-5.15
4979.0,-5.550000000000001
4980.0,-5.05
4981.0,-5.33
4982.0,-5.41
4983.0,-5.29
4984.0,-5.1
4985.0,-5.09
4986.0,-5.3100000000000005
4987.0,-5.16
4988.0,-5.390000000000001
4989.0,-5.44
4990.0,-5.03
4991.0,-5.82
4992.0,-5.14
4993.0,-5.06
4994.0,-5.16
4995.0,-5.01
4996.0,-5.01
4997.0,-5.36
4998.0,-5.8100000000000005
4999.0,-5.01
5000.0,-5.11
5001.0,-5.2700000000000005
5002.0,-5.02
5003.0,-5.22
5004.0,-5.03
5005.0,-5.07
5006.0,-5.04
5007.0,-5.2
5008.0,-5.06
5009.0,-5.19
5010.0,-5.07
5011.0,-5.11
5012.0,-5.58
5013.0,-5.890000000000001
5014.0,-5.45
5015.0,-5.5200000000000005
5016.0,-5.73
5017.0,-5.01
5018.0,-5.06
5019.0,-5.03
5020.0,-5.07
5021.0,-5.25
5022.0,-5.03
5023.0,-5.08
5024.0,-5.05
5025.0,-5.19
5026.0,-5.390000000000001
5027.0,-5.05
5028.0,-5.1
5029.0,-5.42
5030.0,-5.920000000000001
5031.0,-5.26
5032.0,-5.19
5033.0,-5.67
5034.0,-5.02
5035.0,-5.680000000000001
5036.0,-5.06
5037.0,-5.22
5038.0,-5.950000000000001
5039.0,-5.57
5040.0,-5.13
5041.0,-5.05
5042.0,-5.04
5043.0,-5.04
5044.0,-5.07
5045.0,-5.06
5046.0,-5.06
5047.0,-5.08
5048.0,-5.5
5049.0,-5.08
5050.0,-5.3
5051.0,-5.1
5052.0,-5.8500000000000005
5053.0,-5.13
5054.0,-5.45
5055.0,-5.08
5056.0,-5.1
5057.0,-5.1
5058.0,-5.22
5059.0,-5.03
5060.0,-5.12
5061.0,-5.02
5062.0,-5.840000000000001
5063.0,-5.02
5064.0,-5.04
5065.0,-5.21
5066.0,-5.04
5067.0,-5.23
5068.0,-5.34
5069.0,-5.17
5070.0,-5.33
5071.0,-5.02
5072.0,-5.5
5073.0,-5.13
5074.0,-5.25
5075.0,-5.960000000000001
5076.0,-5.61
5077.0,-5.1
5078.0,-5.45
5079.0,-5.15
5080.0,-5.04
5081.0,-5.24
5082.0,-5.840000000000001
5083.0,-5.17
5084.0,-5.21
5085.0,-5.720000000000001
5086.0,-5.12
5087.0,-5.01
5088.0,-5.05
5089.0,-5.08
5090.0,-5.04
5091.0,-5.02
5092.0,-5.05
5093.0,-5.03
5094.0,-5.19
5095.0,-5.62
5096.0,-5.390000000000001
5097.0,-5.07
5098.0,-5.02
5099.0,-5.430000000000001
5100.0,-5.3500000000000005
5101.0,-5.01
5102.0,-5.02
5103.0,-5.04
5104.0,-5.02
5105.0,-5.24
5106.0,-5.5200000000000005
5107.0,-5.18
5108.0,-5.38
5109.0,-5.53
5110.0,-5.22
5111.0,-5.75
5112.0,-5.02
5113.0,-5.04
5114.0,-5.2700000000000005
5115.0,-5.920000000000001
5116.0,-5.12
5117.0,-5.470000000000001
5118.0,-5.02
5119.0,-5.14
5120.0,-5.03
5121.0,-5.36
5122.0,-5.12
5123.0,-5.7
5124.0,-5.67
5125.0,-5.3100000000000005
5126.0,-5.710000000000001
5127.0,-5.46
5128.0,-5.3100000000000005
5129.0,-5.24
5130.0,-5.16
5131.0,-5.14
5132.0,-5.65
5133.0,-5.11
5134.0,-5.29
5135.0,-5.1
5136.0,-5.05
5137.0,-5.06
5138.0,-5.04
5139.0,-5.15
5140.0,-5.05
5141.0,-5.2
5142.0,-5.04
5143.0,-5.83
5144.0,-5.11
5145.0,-5.04
5146.0,-5.2700000000000005
5147.0,-5.32
5148.0,-5.17
5149.0,-5.07
5150.0,-5.25
5151.0,-5.09
5152.0,-5.23
5153.0,-5.03
5154.0,-5.54
5155.0,-5.04
5156.0,-5.48
5157.0,-5.74
5158.0,-5.06
5159.0,-5.05
5160.0,-5.01
5161.0,-5.16
5162.0,-5.760000000000001
5163.0,-5.61
5164.0,-5.4
5165.0,-5.13
5166.0,-5.45
5167.0,-5.5200000000000005
5168.0,-5.02
5169.0,-5.29
5170.0,-5.8100000000000005
5171.0,-5.2
5172.0,-5.04
5173.0,-5.62
5174.0,-5.58
5175.0,-5.12
5176.0,-5.15
5177.0,-5.3500000000000005
5178.0,-5.53
5179.0,-5.01
5180.0,-5.05
5181.0,-5.390000000000001
5182.0,-5.66
5183.0,-5.05
5184.0,-5.04
5185.0,-5.3500000000000005
5186.0,-5.13
5187.0,-5.28
5188.0,-5.2700000000000005
5189.0,-5.18
5190.0,-5.09
5191.0,-5.03
5192.0,-1.0000000000000007
5193.0,-5.1
5194.0,-5.02
5195.0,-5.3500000000000005
5196.0,-5.15
5197.0,-5.34
5198.0,-5.36
5199.0,-5.03
5200.0,-5.19
5201.0,-5.02
5202.0,-5.04
5203.0,-5.65
5204.0,-5.09
5205.0,-5.02
5206.0,-5.57
5207.0,-5.09
5208.0,-5.2700000000000005
5209.0,-5.05
5210.0,-5.48
5211.0,-5.03
5212.0,-5.25
5213.0,-5.08
5214.0,-5.02
5215.0,-5.61
5216.0,-5.470000000000001
5217.0,-5.09
5218.0,-5.3100000000000005
5219.0,-5.02
5220.0,-5.6000000000000005
5221.0,-5.21
5222.0,-5.09
5223.0,-5.08
5224.0,-5.04
5225.0,-5.32
5226.0,-5.45
5227.0,-5.01
5228.0,-5.09
5229.0,-5.02
5230.0,-5.02
5231.0,-5.11
5232.0,-5.22
5233.0,-5.02
5234.0,-5.12
5235.0,-5.37
5236.0,-5.02
5237.0,-5.61
5238.0,-5.07
5239.0,-5.21
5240.0,-5.19
5241.0,-5.02
5242.0,-5.03
5243.0,-5.66
5244.0,-5.04
5245.0,-5.28
5246.0,-5.02
5247.0,-5.03
5248.0,-5.05
5249.0,-5.01
5250.0,-5.14
5251.0,-5.46
5252.0,-5.03
5253.0,-5.03
5254.0,-5.07
5255.0,-5.62
5256.0,-5.390000000000001
5257.0,-5.17
5258.0,-5.58
5259.0,-5.02
5260.0,-5.02
5261.0,-5.430000000000001
5262.0,-5.470000000000001
5263.0,-5.67
5264.0,-5.33
5265.0,-5.36
5266.0,-5.04
5267.0,-5.06
5268.0,-5.09
5269.0,-5.01
5270.0,-5.720000000000001
5271.0,-5.15
5272.0,-5.5600000000000005
5273.0,-5.04
5274.0,-5.06
5275.0,-5.37
5276.0,-5.07
5277.0,-5.36
5278.0,-5.22
5279.0,-5.07
5280.0,-5.28
5281.0,-5.3500000000000005
5282.0,-1.0000000000000007
5283.0,-5.02
5284.0,-5.08
5285.0,-5.04
5286.0,-5.23
5287.0,-5.1
5288.0,-5.03
5289.0,-5.4
5290.0,-5.26
5291.0,-5.05
5292.0,-5.07
5293.0,-5.45
5294.0,-5.04
5295.0,-5.04
5296.0,-5.34
5297.0,-5.24
5298.0,-5.29
5299.0,-5.8100000000000005
5300.0,-5.41
5301.0,-5.08
5302.0,-5.19
5303.0,-5.04
5304.0,-5.05
5305.0,-5.33
5306.0,-5.3
5307.0,-5.04
5308.0,-5.03
5309.0,-5.06
5310.0,-5.38
5311.0,-5.26
5312.0,-5.09
5313.0,-5.04
5314.0,-5.02
5315.0,-5.06
5316.0,-5.54
5317.0,-5.11
5318.0,-5.26
5319.0,-5.73
5320.0,-5.02
5321.0,-5.09
5322.0,-5.48
5323.0,-5.01
5324.0,-5.12
5325.0,-5.37
5326.0,-5.17
5327.0,-5.04
5328.0,-5.28
5329.0,-5.05
5330.0,-5.8500000000000005
5331.0,-5.01
5332.0,-5.07
5333.0,-5.2700000000000005
5334.0,-5.03
5335.0,-5.41
5336.0,-5.04
5337.0,-5.02
5338.0,-5.07
5339.0,-5.33
5340.0,-5.03
5341.0,-5.36
5342.0,-5.12
5343.0,-5.29
5344.0,-5.02
5345.0,-5.26
5346.0,-5.33
5347.0,-5.59
5348.0,-5.3
5349.0,-5.28
5350.0,-5.29
5351.0,-5.19
5352.0,-5.24
5353.0,-5.06
5354.0,-5.04
5355.0,-5.06
5356.0,-5.09
5357.0,-5.01
5358.0,-5.3500000000000005
5359.0,-5.02
5360.0,-5.03
5361.0,-5.07
5362.0,-5.23
5363.0,-5.46
5364.0,-5.02
5365.0,-5.07
5366.0,-5.3
5367.0,-5.29
5368.0,-5.01
5369.0,-5.38
5370.0,-5.5600000000000005
5371.0,-5.57
5372.0,-5.37
5373.0,-5.05
5374.0,-5.870000000000001
5375.0,-5.01
5376.0,-5.05
5377.0,-5.8100000000000005
5378.0,-5.12
5379.0,-5.61
5380.0,-5.06
5381.0,-5.15
5382.0,-5.08
5383.0,-5.03
5384.0,-5.24
5385.0,-5.720000000000001
5386.0,-5.02
5387.0,-5.04
5388.0,-5.25
5389.0,-5.23
5390.0,-5.7700000000000005
5391.0,-5.04
5392.0,-5.04
5393.0,-5.04
5394.0,-5.720000000000001
5395.0,-5.1
5396.0,-5.05
5397.0,-5.23
5398.0,-5.630000000000001
5399.0,-5.22
5400.0,-5.41
5401.0,-5.7
5402.0,-5.08
5403.0,-5.01
5404.0,-5.48
5405.0,-5.02
5406.0,-5.02
5407.0,-5.05
5408.0,-5.13
5409.0,-5.03
5410.0,-5.11
5411.0,-5.01
5412.0,-5.54
5413.0,-5.01
5414.0,-5.16
5415.0,-5.33
5416.0,-5.41
5417.0,-5.04
5418.0,-5.01
5419.0,-5.12
5420.0,-5.630000000000001
5421.0,-5.03
5422.0,-5.42
5423.0,-5.22
5424.0,-5.26
5425.0,-5.37
5426.0,-5.02
5427.0,-5.3100000000000005
5428.0,-5.13
5429.0,-5.7700000000000005
5430.0,-5.22
5431.0,-5.46
5432.0,-5.17
5433.0,-5.36
5434.0,-5.4
5435.0,-5.41
5436.0,-5.06
5437.0,-5.22
5438.0,-5.09
5439.0,-5.16
5440.0,-5.04
5441.0,-5.74
5442.0,-5.3
5443.0,-5.1
5444.0,-5.02
5445.0,-5.7
5446.0,-5.01
5447.0,-5.25
5448.0,-5.890000000000001
5449.0,-5.38
5450.0,-5.11
5451.0,-5.3
5452.0,-5.46
5453.0,-5.03
5454.0,-5.59
5455.0,-5.08
5456.0,-5.02
5457.0,-5.06
5458.0,-5.12
5459.0,-5.23
5460.0,-5.890000000000001
5461.0,-5.32
5462.0,-5.21
5463.0,-5.02
5464.0,-5.2
5465.0,-5.49
5466.0,-5.470000000000001
5467.0,-5.14
5468.0,-5.4
5469.0,-5.29
5470.0,-5.02
5471.0,-5.75
5472.0,-5.13
5473.0,-5.390000000000001
5474.0,-5.02
5475.0,-5.09
5476.0,-5.34
5477.0,-5.06
5478.0,-5.06
5479.0,-5.3100000000000005
5480.0,-5.02
5481.0,-5.48
5482.0,-5.53
5483.0,-5.58
5484.0,-5.36
5485.0,-5.34
5486.0,-5.83
5487.0,-5.6000000000000005
5488.0,-5.07
5489.0,-5.57
5490.0,-5.11
5491.0,-5.03
5492.0,-5.2700000000000005
5493.0,-5.06
5494.0,-5.18
5495.0,-5.08
5496.0,-5.02
5497.0,-5.02
5498.0,-5.66
5499.0,-5.17
5500.0,-5.03
5501.0,-5.05
5502.0,-5.62
5503.0,-5.08
5504.0,-5.08
5505.0,-5.01
5506.0,-5.14
5507.0,-1.0000000000000007
5508.0,-1.0000000000000007
5509.0,-5.03
5510.0,-5.03
5511.0,-5.08
5512.0,-5.09
5513.0,-5.11
5514.0,-5.07
5515.0,-5.91
5516.0,-5.710000000000001
5517.0,-5.51
5518.0,-5.12
5519.0,-5.960000000000001
5520.0,-5.11
5521.0,-5.2700000000000005
5522.0,-5.03
5523.0,-5.67
5524.0,-5.04
5525.0,-5.17
5526.0,-5.99
5527.0,-5.03
5528.0,-5.06
5529.0,-5.16
5530.0,-5.03
5531.0,-5.03
5532.0,-5.6000000000000005
5533.0,-5.69
5534.0,-5.7700000000000005
5535.0,-5.28
5536.0,-5.34
5537.0,-5.04
5538.0,-5.08
5539.0,-5.26
5540.0,-5.08
5541.0,-5.16
5542.0,-5.11
5543.0,-5.640000000000001
5544.0,-5.06
5545.0,-5.04
5546.0,-5.36
5547.0,-5.15
5548.0,-5.2
5549.0,-5.06
5550.0,-5.21
5551.0,-5.01
5552.0,-5.03
5553.0,-5.08
5554.0,-5.14
5555.0,-5.45
5556.0,-1.0000000000000007
5557.0,-5.19
5558.0,-5.06
5559.0,-5.03
5560.0,-5.58
5561.0,-5.1
5562.0,-5.04
5563.0,-5.13
5564.0,-5.4
5565.0,-5.04
5566.0,-5.04
5567.0,-5.5600000000000005
5568.0,-5.25
5569.0,-5.06
5570.0,-5.5200000000000005
5571.0,-5.05
5572.0,-5.7
5573.0,-5.45
5574.0,-5.28
5575.0,-1.0000000000000007
5576.0,-5.12
5577.0,-5.08
5578.0,-5.06
5579.0,-5.3100000000000005
5580.0,-5.29
5581.0,-5.02
5582.0,-5.32
5583.0,-5.1
5584.0,-5.07
5585.0,-5.23
5586.0,-5.630000000000001
5587.0,-5.62
5588.0,-5.06
5589.0,-5.1
5590.0,-5.03
5591.0,-5.02
5592.0,-5.05
5593.0,-5.14
5594.0,-5.640000000000001
5595.0,-5.16
5596.0,-5.11
5597.0,-5.42
5598.0,-5.34
5599.0,-5.24
5600.0,-5.01
5601.0,-5.18
5602.0,-5.02
5603.0,-5.6000000000000005
5604.0,-5.3100000000000005
5605.0,-5.02
5606.0,-5.15
5607.0,-5.18
5608.0,-5.03
5609.0,-5.67
5610.0,-5.04
5611.0,-5.5
5612.0,-5.5600000000000005
5613.0,-5.04
5614.0,-5.01
5615.0,-5.41
5616.0,-5.7
5617.0,-5.37
5618.0,-1.0000000000000007
5619.0,-5.29
5620.0,-5.38
5621.0,-5.8100000000000005
5622.0,-5.16
5623.0,-5.94
5624.0,-5.21
5625.0,-5.02
5626.0,-5.390000000000001
5627.0,-5.06
5628.0,-5.470000000000001
5629.0,-5.37
5630.0,-5.21
5631.0,-5.04
5632.0,-5.5200000000000005
5633.0,-5.05
5634.0,-5.04
5635.0,-5.03
5636.0,-5.01
5637.0,-5.59
5638.0,-5.14
5639.0,-5.01
5640.0,-5.02
5641.0,-5.11
5642.0,-5.15
5643.0,-5.11
5644.0,-5.28
5645.0,-5.03
5646.0,-5.12
5647.0,-5.53
5648.0,-5.49
5649.0,-5.02
5650.0,-5.05
5651.0,-5.5200000000000005
5652.0,-5.630000000000001
5653.0,-5.44
5654.0,-5.12
5655.0,-5.53
5656.0,-5.3100000000000005
5657.0,-5.03
5658.0,-5.74
5659.0,-5.19
5660.0,-5.02
5661.0,-5.1
5662.0,-5.06
5663.0,-5.17
5664.0,-5.13
5665.0,-5.28
5666.0,-5.880000000000001
5667.0,-5.38
5668.0,-5.01
5669.0,-5.36
5670.0,-5.36
5671.0,-5.36
5672.0,-5.67
5673.0,-5.02
5674.0,-5.01
5675.0,-5.16
5676.0,-5.65
5677.0,-5.33
5678.0,-5.05
5679.0,-5.11
5680.0,-5.12
5681.0,-5.44
5682.0,-5.08
5683.0,-5.08
5684.0,-5.83
5685.0,-5.08
5686.0,-5.03
5687.0,-5.25
5688.0,-5.04
5689.0,-5.44
5690.0,-5.62
5691.0,-5.33
5692.0,-5.06
5693.0,-5.1
5694.0,-5.3100000000000005
5695.0,-5.03
5696.0,-5.5200000000000005
5697.0,-5.29
5698.0,-5.08
5699.0,-5.33
5700.0,-5.12
5701.0,-5.08
5702.0,-5.02
5703.0,-5.3
5704.0,-5.19
5705.0,-5.6000000000000005
5706.0,-5.08
5707.0,-5.08
5708.0,-5.04
5709.0,-5.53
5710.0,-5.21
5711.0,-5.57
5712.0,-5.03
5713.0,-5.03
5714.0,-5.02
5715.0,-5.66
5716.0,-5.03
5717.0,-5.18
5718.0,-5.03
5719.0,-5.46
5720.0,-5.07
5721.0,-5.69
5722.0,-5.01
5723.0,-5.45
5724.0,-5.06
5725.0,-5.5600000000000005
5726.0,-5.28
5727.0,-1.0000000000000007
5728.0,-5.05
5729.0,-5.05
5730.0,-5.59
5731.0,-5.16
5732.0,-5.2
5733.0,-5.18
5734.0,-5.42
5735.0,-5.11
5736.0,-5.1
5737.0,-5.14
5738.0,-5.05
5739.0,-5.17
5740.0,-5.13
5741.0,-5.34
5742.0,-5.19
5743.0,-5.08
5744.0,-5.58
5745.0,-5.04
5746.0,-5.3100000000000005
5747.0,-5.03
5748.0,-5.33
5749.0,-5.930000000000001
5750.0,-5.03
5751.0,-5.01
5752.0,-5.02
5753.0,-5.16
5754.0,-5.25
5755.0,-5.65
5756.0,-5.03
5757.0,-5.11
5758.0,-5.01
5759.0,-5.05
5760.0,-5.04
5761.0,-5.01
5762.0,-5.21
5763.0,-5.24
5764.0,-5.05
5765.0,-5.15
5766.0,-5.05
5767.0,-5.02
5768.0,-5.04
5769.0,-5.710000000000001
5770.0,-5.18
5771.0,-5.13
5772.0,-5.61
5773.0,-5.15
5774.0,-5.01
5775.0,-5.59
5776.0,-5.03
5777.0,-5.06
5778.0,-5.03
5779.0,-5.21
5780.0,-5.5200000000000005
5781.0,-5.07
5782.0,-5.05
5783.0,-5.08
5784.0,-5.08
5785.0,-5.06
5786.0,-5.06
5787.0,-5.18
5788.0,-5.51
5789.0,-5.09
5790.0,-5.430000000000001
5791.0,-5.53
5792.0,-5.49
5793.0,-5.06
5794.0,-5.1
5795.0,-5.17
5796.0,-5.08
5797.0,-5.14
5798.0,-5.66
5799.0,-5.06
5800.0,-5.1
5801.0,-5.3100000000000005
5802.0,-5.03
5803.0,-5.7700000000000005
5804.0,-5.91
5805.0,-5.12
5806.0,-5.03
5807.0,-5.09
5808.0,-5.06
5809.0,-5.12
5810.0,-5.98
5811.0,-5.36
5812.0,-5.01
5813.0,-5.61
5814.0,-1.0000000000000007
5815.0,-5.65
5816.0,-5.01
5817.0,-5.18
5818.0,-5.1
5819.0,-5.08
5820.0,-5.06
5821.0,-5.69
5822.0,-5.32
5823.0,-5.16
5824.0,-5.03
5825.0,-5.11
5826.0,-5.21
5827.0,-5.19
5828.0,-5.03
5829.0,-1.0000000000000007
5830.0,-5.05
5831.0,-5.44
5832.0,-5.16
5833.0,-5.5
5834.0,-5.08
5835.0,-5.59
5836.0,-5.48
5837.0,-5.21
5838.0,-5.06
5839.0,-5.15
5840.0,-5.08
5841.0,-5.29
5842.0,-5.12
5843.0,-5.1
5844.0,-5.22
5845.0,-5.05
5846.0,-5.06
5847.0,-5.04
5848.0,-5.03
5849.0,-5.2700000000000005
5850.0,-5.17
5851.0,-5.24
5852.0,-5.58
5853.0,-5.34
5854.0,-5.390000000000001
5855.0,-5.59
5856.0,-5.16
5857.0,-5.08
5858.0,-5.38
5859.0,-5.29
5860.0,-5.01
5861.0,-5.07
5862.0,-5.03
5863.0,-5.1
5864.0,-5.04
5865.0,-5.02
5866.0,-5.11
5867.0,-5.02
5868.0,-5.01
5869.0,-5.03
5870.0,-5.03
5871.0,-5.32
5872.0,-5.01
5873.0,-5.14
5874.0,-5.04
5875.0,-5.2700000000000005
5876.0,-5.02
5877.0,-5.02
5878.0,-5.34
5879.0,-5.08
5880.0,-5.06
5881.0,-5.3
5882.0,-5.13
5883.0,-5.29
5884.0,-5.02
5885.0,-5.07
5886.0,-5.15
5887.0,-5.38
5888.0,-5.16
5889.0,-5.1
5890.0,-5.08
5891.0,-5.09
5892.0,-5.14
5893.0,-5.13
5894.0,-5.01
5895.0,-5.550000000000001
5896.0,-5.83
5897.0,-5.12
5898.0,-5.98
5899.0,-5.5200000000000005
5900.0,-5.1
5901.0,-5.06
5902.0,-5.74
5903.0,-5.16
5904.0,-5.22
5905.0,-5.550000000000001
5906.0,-5.05
5907.0,-5.36
5908.0,-5.8100000000000005
5909.0,-5.16
5910.0,-5.1
5911.0,-5.04
5912.0,-5.62
5913.0,-5.32
5914.0,-5.05
5915.0,-5.02
5916.0,-5.22
5917.0,-5.920000000000001
5918.0,-5.2
5919.0,-5.07
5920.0,-5.12
5921.0,-5.49
5922.0,-5.08
5923.0,-5.15
5924.0,-5.1
5925.0,-5.03
5926.0,-5.930000000000001
5927.0,-5.19
5928.0,-5.05
5929.0,-5.12
5930.0,-5.15
5931.0,-5.04
5932.0,-5.48
5933.0,-5.37
5934.0,-5.04
5935.0,-5.15
5936.0,-5.1
5937.0,-5.41
5938.0,-5.07
5939.0,-5.3
5940.0,-5.09
5941.0,-1.0000000000000007
5942.0,-5.42
5943.0,-5.08
5944.0,-5.09
5945.0,-5.02
5946.0,-5.13
5947.0,-5.11
5948.0,-5.19
5949.0,-5.5
5950.0,-5.07
5951.0,-5.13
5952.0,-5.36
5953.0,-5.06
5954.0,-5.22
5955.0,-5.12
5956.0,-5.25
5957.0,-5.24
5958.0,-5.390000000000001
5959.0,-5.02
5960.0,-5.02
5961.0,-5.04
5962.0,-5.8100000000000005
5963.0,-5.06
5964.0,-5.17
5965.0,-5.06
5966.0,-5.03
5967.0,-5.28
5968.0,-5.02
5969.0,-5.05
5970.0,-5.32
5971.0,-5.49
5972.0,-5.2700000000000005
5973.0,-5.02
5974.0,-5.32
5975.0,-5.02
5976.0,-5.05
5977.0,-5.02
5978.0,-5.33
5979.0,-5.28
5980.0,-5.01
5981.0,-5.04
5982.0,-5.18
5983.0,-5.04
5984.0,-5.02
5985.0,-5.03
5986.0,-5.05
5987.0,-5.3100000000000005
5988.0,-5.23
5989.0,-5.3
5990.0,-5.14
5991.0,-5.34
5992.0,-5.04
5993.0,-5.09
5994.0,-5.18
5995.0,-5.44
5996.0,-5.1
5997.0,-5.3500000000000005
5998.0,-5.24
5999.0,-5.01
6000.0,-5.12
6001.0,-5.03
6002.0,-5.06
6003.0,-5.720000000000001
6004.0,-5.06
6005.0,-5.17
6006.0,-5.18
6007.0,-5.04
6008.0,-5.07
6009.0,-5.06
6010.0,-5.14
6011.0,-5.24
6012.0,-5.04
6013.0,-5.4
6014.0,-5.05
6015.0,-5.03
6016.0,-5.25
6017.0,-5.54
6018.0,-5.16
6019.0,-5.16
6020.0,-5.2
6021.0,-5.02
6022.0,-5.91
6023.0,-5.15
6024.0,-5.4
6025.0,-5.59
6026.0,-5.46
6027.0,-5.04
6028.0,-5.14
6029.0,-5.3
6030.0,-5.2700000000000005
6031.0,-5.08
6032.0,-5.09
6033.0,-5.06
6034.0,-5.02
6035.0,-5.06
6036.0,-5.01
6037.0,-5.05
6038.0,-5.48
6039.0,-5.53
6040.0,-5.54
6041.0,-5.3
6042.0,-5.08
6043.0,-5.06
6044.0,-5.1
6045.0,-5.01
6046.0,-5.08
6047.0,-5.12
6048.0,-5.05
6049.0,-5.08
6050.0,-1.0000000000000007
6051.0,-5.11
6052.0,-5.59
6053.0,-5.3
6054.0,-5.1
6055.0,-5.44
6056.0,-5.07
6057.0,-5.390000000000001
6058.0,-5.01
6059.0,-5.3500000000000005
6060.0,-5.23
6061.0,-5.26
6062.0,-5.48
6063.0,-5.06
6064.0,-5.14
6065.0,-5.13
6066.0,-5.08
6067.0,-5.14
6068.0,-5.01
6069.0,-5.24
6070.0,-5.13
6071.0,-5.16
6072.0,-5.680000000000001
6073.0,-5.14
6074.0,-5.28
6075.0,-5.18
6076.0,-5.01
6077.0,-5.38
6078.0,-5.04
6079.0,-5.03
6080.0,-5.01
6081.0,-5.16
6082.0,-5.430000000000001
6083.0,-5.05
6084.0,-5.04
6085.0,-5.01
6086.0,-5.22
6087.0,-5.16
6088.0,-5.06
6089.0,-5.02
6090.0,-5.03
6091.0,-5.960000000000001
6092.0,-5.07
6093.0,-5.62
6094.0,-5.6000000000000005
6095.0,-5.29
6096.0,-5.1
6097.0,-5.09
6098.0,-5.03
6099.0,-5.26
6100.0,-5.28
6101.0,-5.21
6102.0,-5.02
6103.0,-5.18
6104.0,-5.14
6105.0,-5.01
6106.0,-5.02
6107.0,-1.0000000000000007
6108.0,-5.430000000000001
6109.0,-5.430000000000001
6110.0,-5.14
6111.0,-5.46
6112.0,-5.14
6113.0,-5.01
6114.0,-5.04
6115.0,-5.1
6116.0,-5.17
6117.0,-5.01
6118.0,-5.03
6119.0,-5.33
6120.0,-5.11
6121.0,-5.86
6122.0,-5.22
6123.0,-5.19
6124.0,-5.870000000000001
6125.0,-5.78
6126.0,-5.3500000000000005
6127.0,-5.13
6128.0,-5.44
6129.0,-5.13
6130.0,-5.24
6131.0,-5.5
6132.0,-5.03
6133.0,-5.48
6134.0,-5.08
6135.0,-5.26
6136.0,-5.46
6137.0,-5.21
6138.0,-5.04
6139.0,-5.26
6140.0,-5.33
6141.0,-5.48
6142.0,-5.01
6143.0,-5.02
6144.0,-5.01
6145.0,-5.05
6146.0,-5.04
6147.0,-5.3500000000000005
6148.0,-5.42
6149.0,-5.03
6150.0,-5.09
6151.0,-5.04
6152.0,-5.25
6153.0,-5.53
6154.0,-5.32
6155.0,-5.01
6156.0,-5.25
6157.0,-5.57
6158.0,-5.630000000000001
6159.0,-5.3100000000000005
6160.0,-5.06
6161.0,-5.67
6162.0,-5.12
6163.0,-5.640000000000001
6164.0,-5.07
6165.0,-5.01
6166.0,-5.51
6167.0,-5.05
6168.0,-5.02
6169.0,-5.04
6170.0,-5.38
6171.0,-5.34
6172.0,-5.17
6173.0,-5.05
6174.0,-5.06
6175.0,-5.18
6176.0,-5.19
6177.0,-5.02
6178.0,-5.07
6179.0,-5.2
6180.0,-5.16
6181.0,-5.08
6182.0,-5.33
6183.0,-5.38
6184.0,-5.18
6185.0,-5.08
6186.0,-5.02
6187.0,-5.03
6188.0,-5.23
6189.0,-5.25
6190.0,-5.01
6191.0,-5.45
6192.0,-5.02
6193.0,-5.17
6194.0,-5.03
6195.0,-5.2700000000000005
6196.0,-5.08
6197.0,-5.15
6198.0,-5.2
6199.0,-5.390000000000001
6200.0,-5.03
6201.0,-5.22
6202.0,-5.41
6203.0,-5.02
6204.0,-5.23
6205.0,-5.26
6206.0,-5.03
6207.0,-5.53
6208.0,-5.02
6209.0,-5.01
6210.0,-5.04
6211.0,-5.07
6212.0,-1.0000000000000007
6213.0,-5.44
6214.0,-5.17
6215.0,-5.32
6216.0,-5.19
6217.0,-5.57
6218.0,-5.23
6219.0,-5.02
6220.0,-5.28
6221.0,-5.59
6222.0,-5.3100000000000005
6223.0,-5.3500000000000005
6224.0,-5.11
6225.0,-5.49
6226.0,-5.34
6227.0,-1.0000000000000007
6228.0,-5.04
6229.0,-5.62
6230.0,-5.23
6231.0,-5.14
6232.0,-5.08
6233.0,-5.38
6234.0,-5.2700000000000005
6235.0,-5.03
6236.0,-5.21
6237.0,-5.12
6238.0,-5.06
6239.0,-5.29
6240.0,-5.37
6241.0,-5.24
6242.0,-5.01
6243.0,-1.0000000000000007
6244.0,-5.32
6245.0,-5.04
6246.0,-5.02
6247.0,-5.49
6248.0,-5.03
6249.0,-5.2700000000000005
6250.0,-5.06
6251.0,-5.12
6252.0,-5.1
6253.0,-5.1
6254.0,-5.3
6255.0,-5.09
6256.0,-5.06
6257.0,-5.02
6258.0,-5.01
6259.0,-5.06
6260.0,-5.41
6261.0,-5.3
6262.0,-5.06
6263.0,-5.38
6264.0,-5.74
6265.0,-5.06
6266.0,-5.06
6267.0,-5.05
6268.0,-5.01
6269.0,-5.09
6270.0,-5.13
6271.0,-5.17
6272.0,-5.01
6273.0,-5.51
6274.0,-5.07
6275.0,-5.08
6276.0,-5.06
6277.0,-5.03
6278.0,-5.06
6279.0,-5.41
6280.0,-5.28
6281.0,-5.09
6282.0,-5.07
6283.0,-5.03
6284.0,-5.26
6285.0,-5.24
6286.0,-5.44
6287.0,-5.07
6288.0,-5.15
6289.0,-5.15
6290.0,-5.1
6291.0,-5.48
6292.0,-5.09
6293.0,-5.2
6294.0,-5.03
6295.0,-5.21
6296.0,-5.14
6297.0,-5.920000000000001
6298.0,-5.74
6299.0,-5.06
6300.0,-5.04
6301.0,-5.49
6302.0,-5.21
6303.0,-5.08
6304.0,-5.06
6305.0,-5.02
6306.0,-5.07
6307.0,-5.04
6308.0,-5.11
6309.0,-5.49
6310.0,-5.22
6311.0,-5.11
6312.0,-5.05
6313.0,-5.2700000000000005
6314.0,-5.6000000000000005
6315.0,-5.03
6316.0,-5.65
6317.0,-5.22
6318.0,-5.05
6319.0,-5.02
6320.0,-5.630000000000001
6321.0,-5.04
6322.0,-5.03
6323.0,-5.760000000000001
6324.0,-5.02
6325.0,-5.3
6326.0,-5.36
6327.0,-5.07
6328.0,-5.18
6329.0,-5.13
6330.0,-5.46
6331.0,-1.0000000000000007
6332.0,-5.17
6333.0,-5.09
6334.0,-5.03
6335.0,-5.01
6336.0,-5.18
6337.0,-5.06
6338.0,-5.24
6339.0,-5.16
6340.0,-5.16
6341.0,-5.4
6342.0,-5.17
6343.0,-5.04
6344.0,-5.07
6345.0,-5.02
6346.0,-5.3500000000000005
6347.0,-5.06
6348.0,-5.02
6349.0,-5.29
6350.0,-5.23
6351.0,-5.51
6352.0,-5.390000000000001
6353.0,-5.29
6354.0,-5.44
6355.0,-5.03
6356.0,-5.04
6357.0,-5.03
6358.0,-5.06
6359.0,-5.06
6360.0,-5.04
6361.0,-5.02
6362.0,-5.02
6363.0,-5.930000000000001
6364.0,-5.32
6365.0,-5.12
6366.0,-5.1
6367.0,-5.06
6368.0,-5.08
6369.0,-5.04
6370.0,-5.21
6371.0,-5.03
6372.0,-5.03
6373.0,-5.02
6374.0,-5.06
6375.0,-5.07
6376.0,-5.06
6377.0,-5.36
6378.0,-5.22
6379.0,-5.57
6380.0,-5.1
6381.0,-5.37
6382.0,-5.4
6383.0,-5.04
6384.0,-5.23
6385.0,-5.58
6386.0,-5.07
6387.0,-5.22
6388.0,-5.430000000000001
6389.0,-5.24
6390.0,-5.02
6391.0,-5.09
6392.0,-5.58
6393.0,-5.3500000000000005
6394.0,-5.22
6395.0,-5.4
6396.0,-5.01
6397.0,-5.18
6398.0,-5.16
6399.0,-5.630000000000001
6400.0,-5.07
6401.0,-5.36
6402.0,-5.05
6403.0,-5.04
6404.0,-5.01
6405.0,-5.5600000000000005
6406.0,-5.19
6407.0,-5.01
6408.0,-5.390000000000001
6409.0,-1.0000000000000007
6410.0,-5.07
6411.0,-5.1
6412.0,-5.46
6413.0,-5.03
6414.0,-5.37
6415.0,-5.5
6416.0,-5.41
6417.0,-5.05
6418.0,-5.13
6419.0,-5.26
6420.0,-5.32
6421.0,-5.34
6422.0,-5.03
6423.0,-5.05
6424.0,-5.26
6425.0,-5.37
6426.0,-5.1
6427.0,-5.2
6428.0,-5.05
6429.0,-5.18
6430.0,-5.07
6431.0,-5.02
6432.0,-5.29
6433.0,-5.19
6434.0,-5.390000000000001
6435.0,-5.33
6436.0,-5.17
6437.0,-5.1
6438.0,-5.870000000000001
6439.0,-5.1
6440.0,-5.03
6441.0,-5.02
6442.0,-5.02
6443.0,-5.12
6444.0,-5.04
6445.0,-5.5600000000000005
6446.0,-5.09
6447.0,-5.550000000000001
6448.0,-5.01
6449.0,-5.83
6450.0,-5.21
6451.0,-5.02
6452.0,-5.07
6453.0,-5.3
6454.0,-5.21
6455.0,-5.5
6456.0,-5.03
6457.0,-5.09
6458.0,-5.04
6459.0,-5.3500000000000005
6460.0,-5.2700000000000005
6461.0,-5.02
6462.0,-5.2
6463.0,-5.5200000000000005
6464.0,-5.41
6465.0,-5.18
6466.0,-5.06
6467.0,-5.11
6468.0,-5.04
6469.0,-5.01
6470.0,-5.44
6471.0,-5.01
6472.0,-5.04
6473.0,-5.09
6474.0,-5.32
6475.0,-5.69
6476.0,-5.03
6477.0,-5.04
6478.0,-5.03
6479.0,-5.15
6480.0,-5.19
6481.0,-5.33
6482.0,-5.06
6483.0,-5.01
6484.0,-5.29
6485.0,-5.49
6486.0,-5.05
6487.0,-5.01
6488.0,-5.54
6489.0,-5.07
6490.0,-5.03
6491.0,-5.06
6492.0,-5.01
6493.0,-5.15
6494.0,-5.5200000000000005
6495.0,-5.48
6496.0,-5.03
6497.0,-5.65
6498.0,-5.07
6499.0,-5.09
6500.0,-5.07
6501.0,-5.32
6502.0,-5.06
6503.0,-5.2
6504.0,-5.06
6505.0,-5.08
6506.0,-5.17
6507.0,-5.03
6508.0,-5.06
6509.0,-5.05
6510.0,-5.26
6511.0,-5.04
6512.0,-5.6000000000000005
6513.0,-5.46
6514.0,-5.03
6515.0,-5.08
6516.0,-5.03
6517.0,-5.06
6518.0,-5.390000000000001
6519.0,-5.62
6520.0,-5.02
6521.0,-5.1
6522.0,-5.6000000000000005
6523.0,-5.3
6524.0,-5.02
6525.0,-5.22
6526.0,-5.08
6527.0,-5.42
6528.0,-5.05
6529.0,-5.37
6530.0,-5.44
6531.0,-5.59
6532.0,-5.3500000000000005
6533.0,-5.25
6534.0,-5.7700000000000005
6535.0,-5.04
6536.0,-5.03
6537.0,-5.02
6538.0,-5.26
6539.0,-5.12
6540.0,-5.34
6541.0,-5.48
6542.0,-5.03
6543.0,-5.2700000000000005
6544.0,-5.05
6545.0,-5.48
6546.0,-5.02
6547.0,-5.12
6548.0,-5.36
6549.0,-5.24
6550.0,-5.14
6551.0,-5.06
6552.0,-1.0000000000000007
6553.0,-5.13
6554.0,-5.15
6555.0,-5.04
6556.0,-5.02
6557.0,-5.08
6558.0,-5.550000000000001
6559.0,-5.08
6560.0,-5.02
6561.0,-5.23
6562.0,-5.54
6563.0,-5.5200000000000005
6564.0,-5.760000000000001
6565.0,-5.34
6566.0,-1.0000000000000007
6567.0,-5.05
6568.0,-5.12
6569.0,-5.13
6570.0,-5.05
6571.0,-5.04
6572.0,-5.02
6573.0,-5.04
6574.0,-5.45
6575.0,-5.03
6576.0,-5.41
6577.0,-5.01
6578.0,-5.04
6579.0,-5.02
6580.0,-5.1
6581.0,-5.11
6582.0,-5.1
6583.0,-5.05
6584.0,-5.23
6585.0,-5.03
6586.0,-5.01
6587.0,-5.67
6588.0,-5.2700000000000005
6589.0,-5.1
6590.0,-5.05
6591.0,-5.870000000000001
6592.0,-5.19
6593.0,-5.59
6594.0,-5.13
6595.0,-5.760000000000001
6596.0,-5.23
6597.0,-5.3100000000000005
6598.0,-5.09
6599.0,-5.05
6600.0,-5.75
6601.0,-5.21
6602.0,-5.02
6603.0,-5.16
6604.0,-5.05
6605.0,-5.26
6606.0,-5.5200000000000005
6607.0,-5.01
6608.0,-5.02
6609.0,-5.06
6610.0,-5.7
6611.0,-5.04
6612.0,-5.05
6613.0,-5.1
6614.0,-5.25
6615.0,-5.24
6616.0,-1.0000000000000007
6617.0,-5.65
6618.0,-5.02
6619.0,-5.08
6620.0,-5.51
6621.0,-5.53
6622.0,-5.02
6623.0,-5.04
6624.0,-5.07
6625.0,-5.08
6626.0,-5.12
6627.0,-5.07
6628.0,-5.33
6629.0,-5.06
6630.0,-5.01
6631.0,-5.15
6632.0,-5.02
6633.0,-5.05
6634.0,-5.36
6635.0,-5.05
6636.0,-5.83
6637.0,-5.470000000000001
6638.0,-5.14
6639.0,-5.04
6640.0,-5.06
6641.0,-5.09
6642.0,-5.5
6643.0,-5.2700000000000005
6644.0,-5.3
6645.0,-5.2700000000000005
6646.0,-5.05
6647.0,-5.03
6648.0,-5.02
6649.0,-5.06
6650.0,-5.62
6651.0,-5.36
6652.0,-5.07
6653.0,-5.86
6654.0,-5.04
6655.0,-5.16
6656.0,-5.15
6657.0,-5.26
6658.0,-5.61
6659.0,-5.3
6660.0,-5.44
6661.0,-5.66
6662.0,-5.18
6663.0,-5.8100000000000005
6664.0,-5.25
6665.0,-5.66
6666.0,-5.33
6667.0,-5.01
6668.0,-5.42
6669.0,-5.23
6670.0,-5.29
6671.0,-5.08
6672.0,-5.26
6673.0,-5.1
6674.0,-5.1
6675.0,-5.66
6676.0,-5.26
6677.0,-5.08
6678.0,-5.13
6679.0,-5.05
6680.0,-5.880000000000001
6681.0,-5.03
6682.0,-5.11
6683.0,-5.05
6684.0,-5.1
6685.0,-5.430000000000001
6686.0,-5.99
6687.0,-5.04
6688.0,-5.24
6689.0,-1.0000000000000007
6690.0,-5.13
6691.0,-5.36
6692.0,-5.09
6693.0,-5.58
6694.0,-5.3100000000000005
6695.0,-5.33
6696.0,-5.9
6697.0,-5.08
6698.0,-5.03
6699.0,-5.09
6700.0,-5.470000000000001
6701.0,-5.08
6702.0,-5.01
6703.0,-5.3
6704.0,-5.32
6705.0,-5.29
6706.0,-5.2700000000000005
6707.0,-5.73
6708.0,-5.62
6709.0,-5.46
6710.0,-5.21
6711.0,-5.51
6712.0,-5.04
6713.0,-5.66
6714.0,-5.61
6715.0,-5.28
6716.0,-5.7700000000000005
6717.0,-5.2700000000000005
6718.0,-5.54
6719.0,-5.11
6720.0,-5.01
6721.0,-5.02
6722.0,-5.1
6723.0,-5.51
6724.0,-5.15
6725.0,-5.720000000000001
6726.0,-5.08
6727.0,-5.25
6728.0,-5.5
6729.0,-5.08
6730.0,-5.1
6731.0,-5.75
6732.0,-5.04
6733.0,-5.08
6734.0,-1.0000000000000007
6735.0,-5.13
6736.0,-5.38
6737.0,-5.23
6738.0,-5.23
6739.0,-5.24
6740.0,-5.1
6741.0,-5.15
6742.0,-5.01
6743.0,-5.15
6744.0,-5.15
6745.0,-5.12
6746.0,-5.06
6747.0,-5.12
6748.0,-5.12
6749.0,-5.29
6750.0,-5.02
6751.0,-5.12
6752.0,-5.05
6753.0,-5.58
6754.0,-5.07
6755.0,-5.02
6756.0,-5.630000000000001
6757.0,-5.38
6758.0,-5.08
6759.0,-5.16
6760.0,-5.03
6761.0,-5.5600000000000005
6762.0,-5.37
6763.0,-5.02
6764.0,-5.08
6765.0,-5.01
6766.0,-5.49
6767.0,-5.06
6768.0,-5.32
6769.0,-5.08
6770.0,-5.3500000000000005
6771.0,-5.02
6772.0,-5.07
6773.0,-5.46
6774.0,-5.06
6775.0,-5.06
6776.0,-5.32
6777.0,-5.03
6778.0,-5.48
6779.0,-5.04
6780.0,-5.790000000000001
6781.0,-5.06
6782.0,-5.3
6783.0,-5.05
6784.0,-5.36
6785.0,-5.01
6786.0,-5.04
6787.0,-5.3100000000000005
6788.0,-5.73
6789.0,-5.02
6790.0,-5.3500000000000005
6791.0,-5.1
6792.0,-5.16
6793.0,-5.38
6794.0,-5.08
6795.0,-5.29
6796.0,-5.03
6797.0,-5.07
6798.0,-5.2700000000000005
6799.0,-5.11
6800.0,-5.5
6801.0,-5.13
6802.0,-5.03
6803.0,-5.04
6804.0,-5.04
6805.0,-5.19
6806.0,-5.06
6807.0,-5.01
6808.0,-5.09
6809.0,-5.04
6810.0,-5.2
6811.0,-5.390000000000001
6812.0,-5.15
6813.0,-5.48
6814.0,-5.01
6815.0,-5.800000000000001
6816.0,-5.08
6817.0,-5.640000000000001
6818.0,-5.02
6819.0,-5.09
6820.0,-5.950000000000001
6821.0,-5.18
6822.0,-1.0000000000000007
6823.0,-1.0000000000000007
6824.0,-5.3100000000000005
6825.0,-5.29
6826.0,-5.02
6827.0,-5.03
6828.0,-5.03
6829.0,-5.3
6830.0,-5.16
6831.0,-5.3100000000000005
6832.0,-5.03
6833.0,-5.74
6834.0,-5.5200000000000005
6835.0,-5.09
6836.0,-5.04
6837.0,-5.25
6838.0,-5.3
6839.0,-5.11
6840.0,-5.550000000000001
6841.0,-5.49
6842.0,-5.08
6843.0,-5.25
6844.0,-5.14
6845.0,-5.05
6846.0,-5.08
6847.0,-5.06
6848.0,-5.13
6849.0,-5.51
6850.0,-5.58
6851.0,-5.25
6852.0,-5.02
6853.0,-5.03
6854.0,-5.33
6855.0,-5.01
6856.0,-5.16
6857.0,-5.05
6858.0,-5.57
6859.0,-5.36
6860.0,-5.02
6861.0,-5.04
6862.0,-5.03
6863.0,-5.01
6864.0,-5.04
6865.0,-5.44
6866.0,-5.02
6867.0,-5.23
6868.0,-5.13
6869.0,-5.470000000000001
6870.0,-5.3
6871.0,-5.390000000000001
6872.0,-5.19
6873.0,-5.05
6874.0,-5.24
6875.0,-5.03
6876.0,-5.04
6877.0,-5.05
6878.0,-5.9
6879.0,-5.550000000000001
6880.0,-5.05
6881.0,-5.2700000000000005
6882.0,-5.78
6883.0,-5.07
6884.0,-5.08
6885.0,-5.46
6886.0,-5.390000000000001
6887.0,-5.02
6888.0,-5.09
6889.0,-5.25
6890.0,-5.1
6891.0,-5.02
6892.0,-5.26
6893.0,-5.02
6894.0,-5.09
6895.0,-5.02
6896.0,-5.3500000000000005
6897.0,-5.02
6898.0,-5.41
6899.0,-5.14
6900.0,-5.3
6901.0,-5.760000000000001
6902.0,-5.36
6903.0,-5.3100000000000005
6904.0,-5.04
6905.0,-5.02
6906.0,-5.57
6907.0,-5.34
6908.0,-5.2700000000000005
6909.0,-5.02
6910.0,-5.03
6911.0,-5.15
6912.0,-5.06
6913.0,-5.01
6914.0,-5.24
6915.0,-5.5200000000000005
6916.0,-5.38
6917.0,-5.49
6918.0,-5.2700000000000005
6919.0,-5.01
6920.0,-5.03
6921.0,-5.11
6922.0,-5.470000000000001
6923.0,-5.42
6924.0,-5.05
6925.0,-5.17
6926.0,-5.45
6927.0,-5.07
6928.0,-5.33
6929.0,-5.04
6930.0,-5.06
6931.0,-5.02
6932.0,-5.11
6933.0,-5.59
6934.0,-5.57
6935.0,-5.28
6936.0,-5.03
6937.0,-5.09
6938.0,-5.05
6939.0,-5.19
6940.0,-5.2
6941.0,-5.12
6942.0,-5.18
6943.0,-5.02
6944.0,-5.7
6945.0,-5.18
6946.0,-5.02
6947.0,-5.01
6948.0,-5.37
6949.0,-5.01
6950.0,-5.23
6951.0,-5.680000000000001
6952.0,-5.33
6953.0,-5.05
6954.0,-5.08
6955.0,-5.01
6956.0,-5.26
6957.0,-5.5200000000000005
6958.0,-5.01
6959.0,-5.45
6960.0,-5.21
6961.0,-5.02
6962.0,-5.04
6963.0,-5.04
6964.0,-5.26
6965.0,-5.05
6966.0,-5.01
6967.0,-5.26
6968.0,-5.01
6969.0,-5.17
6970.0,-5.23
6971.0,-5.02
6972.0,-5.2
6973.0,-5.01
6974.0,-5.4
6975.0,-5.28
6976.0,-5.02
6977.0,-5.02
6978.0,-5.12
6979.0,-5.33
6980.0,-5.01
6981.0,-5.1
6982.0,-5.01
6983.0,-5.14
6984.0,-5.48
6985.0,-5.09
6986.0,-1.0000000000000007
6987.0,-5.41
6988.0,-5.01
6989.0,-5.14
6990.0,-5.33
6991.0,-5.36
6992.0,-5.36
6993.0,-5.44
6994.0,-5.11
6995.0,-5.390000000000001
6996.0,-5.23
6997.0,-5.07
6998.0,-5.01
6999.0,-5.02
7000.0,-5.36
7001.0,-5.02
7002.0,-5.53
7003.0,-5.17
7004.0,-5.02
7005.0,-5.34
7006.0,-5.21
7007.0,-5.28
7008.0,-5.390000000000001
7009.0,-5.03
7010.0,-5.950000000000001
7011.0,-5.01
7012.0,-5.58
7013.0,-5.02
7014.0,-5.2700000000000005
7015.0,-5.42
7016.0,-5.18
7017.0,-5.2
7018.0,-5.34
7019.0,-5.54
7020.0,-5.11
7021.0,-5.1
7022.0,-5.390000000000001
7023.0,-5.04
7024.0,-5.07
7025.0,-5.48
7026.0,-5.34
7027.0,-5.17
7028.0,-5.02
7029.0,-5.3500000000000005
7030.0,-5.59
7031.0,-5.05
7032.0,-5.02
7033.0,-5.04
7034.0,-5.07
7035.0,-5.3100000000000005
7036.0,-5.12
7037.0,-5.54
7038.0,-5.51
7039.0,-5.01
7040.0,-5.3100000000000005
7041.0,-5.3500000000000005
7042.0,-5.12
7043.0,-5.12
7044.0,-5.04
7045.0,-5.04
7046.0,-5.02
7047.0,-5.430000000000001
7048.0,-5.390000000000001
7049.0,-5.01
7050.0,-5.04
7051.0,-5.01
7052.0,-5.42
7053.0,-5.01
7054.0,-5.17
7055.0,-5.390000000000001
7056.0,-5.03
7057.0,-5.38
7058.0,-5.01
7059.0,-5.25
7060.0,-5.41
7061.0,-5.04
7062.0,-5.06
7063.0,-5.3100000000000005
7064.0,-5.02
7065.0,-5.25
7066.0,-5.03
7067.0,-5.12
7068.0,-5.54
7069.0,-5.44
7070.0,-5.04
7071.0,-5.65
7072.0,-5.2
7073.0,-5.02
7074.0,-5.03
7075.0,-5.07
7076.0,-5.07
7077.0,-5.16
7078.0,-5.06
7079.0,-5.49
7080.0,-5.02
7081.0,-5.04
7082.0,-5.04
7083.0,-5.2
7084.0,-5.08
7085.0,-5.04
7086.0,-5.09
7087.0,-5.03
7088.0,-5.04
7089.0,-5.03
7090.0,-5.01
7091.0,-5.3100000000000005
7092.0,-5.1
7093.0,-5.06
7094.0,-5.06
7095.0,-5.28
7096.0,-5.42
7097.0,-5.08
7098.0,-5.04
7099.0,-5.14
7100.0,-5.44
7101.0,-5.03
7102.0,-5.03
7103.0,-5.14
7104.0,-5.02
7105.0,-5.23
7106.0,-5.24
7107.0,-5.3100000000000005
7108.0,-5.12
7109.0,-5.02
7110.0,-5.01
7111.0,-5.04
7112.0,-5.75
7113.0,-5.18
7114.0,-5.390000000000001
7115.0,-5.1
7116.0,-5.06
7117.0,-5.01
7118.0,-5.25
7119.0,-5.720000000000001
7120.0,-5.21
7121.0,-5.46
7122.0,-5.06
7123.0,-5.49
7124.0,-5.11
7125.0,-5.01
7126.0,-5.2700000000000005
7127.0,-5.16
7128.0,-5.04
7129.0,-5.44
7130.0,-5.73
7131.0,-5.53
7132.0,-5.2
7133.0,-5.29
7134.0,-5.840000000000001
7135.0,-5.11
7136.0,-5.48
7137.0,-5.06
7138.0,-5.2
7139.0,-5.46
7140.0,-5.02
7141.0,-5.04
7142.0,-5.07
7143.0,-5.08
7144.0,-5.36
7145.0,-5.07
7146.0,-5.01
7147.0,-5.44
7148.0,-5.03
7149.0,-5.08
7150.0,-5.62
7151.0,-5.59
7152.0,-5.59
7153.0,-5.08
7154.0,-5.01
7155.0,-5.24
7156.0,-5.41
7157.0,-5.28
7158.0,-5.98
7159.0,-5.02
7160.0,-5.430000000000001
7161.0,-5.37
7162.0,-5.3100000000000005
7163.0,-5.01
7164.0,-5.44
7165.0,-5.1
7166.0,-5.550000000000001
7167.0,-5.06
7168.0,-5.19
7169.0,-5.02
7170.0,-5.05
7171.0,-5.430000000000001
7172.0,-5.11
7173.0,-5.06
7174.0,-5.06
7175.0,-5.2700000000000005
7176.0,-5.08
7177.0,-5.28
7178.0,-5.59
7179.0,-5.02
7180.0,-5.05
7181.0,-5.26
7182.0,-5.03
7183.0,-5.07
7184.0,-5.17
7185.0,-5.02
7186.0,-5.09
7187.0,-5.5600000000000005
7188.0,-5.07
7189.0,-5.42
7190.0,-5.04
7191.0,-5.08
7192.0,-5.34
7193.0,-5.26
7194.0,-5.6000000000000005
7195.0,-5.49
7196.0,-5.38
7197.0,-5.02
7198.0,-5.05
7199.0,-5.09
7200.0,-5.07
7201.0,-5.58
7202.0,-5.1
7203.0,-5.430000000000001
7204.0,-5.970000000000001
7205.0,-5.29
7206.0,-5.22
7207.0,-5.12
7208.0,-5.11
7209.0,-5.01
7210.0,-5.08
7211.0,-5.2
7212.0,-5.02
7213.0,-5.08
7214.0,-5.26
7215.0,-5.18
7216.0,-5.680000000000001
7217.0,-5.01
7218.0,-5.28
7219.0,-5.15
7220.0,-5.03
7221.0,-5.07
7222.0,-5.02
7223.0,-5.12
7224.0,-5.4
7225.0,-5.05
7226.0,-5.03
7227.0,-5.14
7228.0,-5.640000000000001
7229.0,-5.23
7230.0,-5.5600000000000005
7231.0,-5.09
7232.0,-5.04
7233.0,-5.36
7234.0,-5.34
7235.0,-5.67
7236.0,-5.29
7237.0,-5.38
7238.0,-5.01
7239.0,-5.02
7240.0,-5.53
7241.0,-5.03
7242.0,-5.24
7243.0,-5.28
7244.0,-5.33
7245.0,-5.05
7246.0,-5.03
7247.0,-5.15
7248.0,-5.02
7249.0,-5.13
7250.0,-5.2700000000000005
7251.0,-5.4
7252.0,-5.21
7253.0,-5.1
7254.0,-5.61
7255.0,-5.630000000000001
7256.0,-5.2700000000000005
7257.0,-5.14
7258.0,-5.03
7259.0,-5.33
7260.0,-5.02
7261.0,-5.07
7262.0,-5.28
7263.0,-5.36
7264.0,-5.51
7265.0,-5.05
7266.0,-5.5
7267.0,-5.05
7268.0,-5.06
7269.0,-5.06
7270.0,-5.12
7271.0,-5.03
7272.0,-5.54
7273.0,-5.29
7274.0,-5.37
7275.0,-5.53
7276.0,-5.14
7277.0,-5.11
7278.0,-5.09
7279.0,-5.790000000000001
7280.0,-5.04
7281.0,-5.2700000000000005
7282.0,-5.54
7283.0,-5.11
7284.0,-5.550000000000001
7285.0,-5.1
7286.0,-5.22
7287.0,-5.42
7288.0,-5.37
7289.0,-5.11
7290.0,-5.05
7291.0,-5.23
7292.0,-5.34
7293.0,-5.49
7294.0,-5.07
7295.0,-5.32
7296.0,-5.01
7297.0,-5.21
7298.0,-5.470000000000001
7299.0,-5.07
7300.0,-5.06
7301.0,-5.05
7302.0,-5.03
7303.0,-5.04
7304.0,-5.16
7305.0,-5.4
7306.0,-5.06
7307.0,-5.06
7308.0,-5.02
7309.0,-5.32
7310.0,-5.01
7311.0,-5.66
7312.0,-5.2
7313.0,-5.5200000000000005
7314.0,-5.01
7315.0,-5.640000000000001
7316.0,-5.17
7317.0,-5.11
7318.0,-5.02
7319.0,-5.09
7320.0,-5.49
7321.0,-5.680000000000001
7322.0,-5.24
7323.0,-5.45
7324.0,-5.05
7325.0,-5.22
7326.0,-5.53
7327.0,-5.24
7328.0,-5.66
7329.0,-5.11
7330.0,-5.04
7331.0,-5.22
7332.0,-5.07
7333.0,-5.01
7334.0,-5.26
7335.0,-5.01
7336.0,-5.03
7337.0,-5.04
7338.0,-5.67
7339.0,-5.18
7340.0,-5.16
7341.0,-5.33
7342.0,-5.16
7343.0,-5.4
7344.0,-5.03
7345.0,-5.960000000000001
7346.0,-5.3100000000000005
7347.0,-5.02
7348.0,-5.05
7349.0,-5.6000000000000005
7350.0,-5.4
7351.0,-5.02
7352.0,-5.07
7353.0,-1.0000000000000007
7354.0,-5.4
7355.0,-5.3500000000000005
7356.0,-5.44
7357.0,-5.59
7358.0,-5.05
7359.0,-5.01
7360.0,-5.5200000000000005
7361.0,-5.37
7362.0,-5.18
7363.0,-5.06
7364.0,-5.02
7365.0,-5.04
7366.0,-5.390000000000001
7367.0,-5.07
7368.0,-5.02
7369.0,-5.640000000000001
7370.0,-5.2
7371.0,-5.04
7372.0,-5.38
7373.0,-5.19
7374.0,-5.03
7375.0,-5.23
7376.0,-5.29
7377.0,-5.04
7378.0,-5.02
7379.0,-5.21
7380.0,-5.06
7381.0,-5.02
7382.0,-5.3500000000000005
7383.0,-5.02
7384.0,-5.01
7385.0,-5.13
7386.0,-5.1
7387.0,-5.03
7388.0,-5.04
7389.0,-5.74
7390.0,-5.02
7391.0,-5.19
7392.0,-5.22
7393.0,-5.06
7394.0,-5.02
7395.0,-5.04
7396.0,-5.03
7397.0,-5.25
7398.0,-5.17
7399.0,-5.62
7400.0,-5.37
7401.0,-5.02
7402.0,-5.14
7403.0,-5.630000000000001
7404.0,-5.02
7405.0,-5.02
7406.0,-5.07
7407.0,-5.01
7408.0,-5.16
7409.0,-5.51
7410.0,-5.69
7411.0,-5.06
7412.0,-5.32
7413.0,-5.390000000000001
7414.0,-5.03
7415.0,-5.430000000000001
7416.0,-5.26
7417.0,-5.06
7418.0,-5.5200000000000005
7419.0,-5.02
7420.0,-5.58
7421.0,-5.24
7422.0,-5.11
7423.0,-5.49
7424.0,-5.05
7425.0,-5.59
7426.0,-5.04
7427.0,-5.550000000000001
7428.0,-5.03
7429.0,-5.2
7430.0,-5.01
7431.0,-5.12
7432.0,-5.12
7433.0,-5.65
7434.0,-5.01
7435.0,-5.14
7436.0,-5.390000000000001
7437.0,-5.29
7438.0,-5.04
7439.0,-5.09
7440.0,-5.08
7441.0,-5.1
7442.0,-5.04
7443.0,-5.29
7444.0,-5.02
7445.0,-5.05
7446.0,-5.03
7447.0,-5.09
7448.0,-5.02
7449.0,-5.17
7450.0,-5.5
7451.0,-5.34
7452.0,-5.430000000000001
7453.0,-5.05
7454.0,-5.3100000000000005
7455.0,-5.01
7456.0,-5.04
7457.0,-5.01
7458.0,-5.630000000000001
7459.0,-5.46
7460.0,-5.7
7461.0,-5.03
7462.0,-5.02
7463.0,-5.3100000000000005
7464.0,-5.430000000000001
7465.0,-5.05
7466.0,-5.32
7467.0,-5.51
7468.0,-5.42
7469.0,-5.16
7470.0,-5.26
7471.0,-5.29
7472.0,-5.23
7473.0,-5.36
7474.0,-5.04
7475.0,-5.640000000000001
7476.0,-5.86
7477.0,-5.06
7478.0,-5.37
7479.0,-5.34
7480.0,-5.800000000000001
7481.0,-5.390000000000001
7482.0,-5.78
7483.0,-5.28
7484.0,-5.59
7485.0,-5.790000000000001
7486.0,-5.2
7487.0,-5.08
7488.0,-5.390000000000001
7489.0,-5.04
7490.0,-5.02
7491.0,-5.01
7492.0,-5.390000000000001
7493.0,-5.01
7494.0,-5.02
7495.0,-5.34
7496.0,-5.1
7497.0,-5.06
7498.0,-5.48
7499.0,-5.03
7500.0,-5.800000000000001
7501.0,-5.53
7502.0,-5.08
7503.0,-5.680000000000001
7504.0,-5.57
7505.0,-5.08
7506.0,-5.06
7507.0,-5.08
7508.0,-5.3500000000000005
7509.0,-5.3100000000000005
7510.0,-5.1
7511.0,-5.16
7512.0,-5.62
7513.0,-5.08
7514.0,-5.58
7515.0,-5.44
7516.0,-5.01
7517.0,-5.07
7518.0,-5.02
7519.0,-5.22
7520.0,-5.05
7521.0,-5.03
7522.0,-5.02
7523.0,-5.34
7524.0,-5.38
7525.0,-5.61
7526.0,-5.03
7527.0,-5.22
7528.0,-5.65
7529.0,-5.66
7530.0,-5.15
7531.0,-5.05
7532.0,-5.02
7533.0,-5.06
7534.0,-5.630000000000001
7535.0,-5.02
7536.0,-5.03
7537.0,-5.01
7538.0,-5.07
7539.0,-5.09
7540.0,-5.49
7541.0,-5.45
7542.0,-5.09
7543.0,-5.7
7544.0,-5.01
7545.0,-5.14
7546.0,-5.05
7547.0,-5.720000000000001
7548.0,-5.12
7549.0,-5.06
7550.0,-5.45
7551.0,-5.05
7552.0,-5.48
7553.0,-5.430000000000001
7554.0,-5.06
7555.0,-5.08
7556.0,-5.07
7557.0,-5.2
7558.0,-5.34
7559.0,-5.41
7560.0,-5.08
7561.0,-5.46
7562.0,-5.01
7563.0,-5.22
7564.0,-5.07
7565.0,-5.15
7566.0,-5.01
7567.0,-5.07
7568.0,-5.05
7569.0,-5.26
7570.0,-5.06
7571.0,-5.14
7572.0,-5.41
7573.0,-5.38
7574.0,-5.06
7575.0,-5.07
7576.0,-1.0000000000000007
7577.0,-5.06
7578.0,-5.04
7579.0,-5.05
7580.0,-5.02
7581.0,-5.14
7582.0,-5.86
7583.0,-5.2
7584.0,-5.37
7585.0,-5.49
7586.0,-5.7
7587.0,-5.48
7588.0,-5.12
7589.0,-5.06
7590.0,-5.15
7591.0,-5.37
7592.0,-5.01
7593.0,-5.42
7594.0,-5.760000000000001
7595.0,-5.430000000000001
7596.0,-5.34
7597.0,-5.42
7598.0,-5.1
7599.0,-5.37
7600.0,-5.3100000000000005
7601.0,-5.36
7602.0,-5.1
7603.0,-5.04
7604.0,-5.07
7605.0,-5.06
7606.0,-5.890000000000001
7607.0,-5.05
7608.0,-5.01
7609.0,-5.48
7610.0,-5.44
7611.0,-5.51
7612.0,-5.08
7613.0,-5.04
7614.0,-5.03
7615.0,-5.23
7616.0,-5.3500000000000005
7617.0,-5.04
7618.0,-5.04
7619.0,-5.430000000000001
7620.0,-5.3
7621.0,-5.44
7622.0,-5.29
7623.0,-5.53
7624.0,-5.18
7625.0,-5.78
7626.0,-5.2
7627.0,-5.4
7628.0,-5.14
7629.0,-5.08
7630.0,-5.08
7631.0,-5.02
7632.0,-5.36
7633.0,-5.49
7634.0,-5.11
7635.0,-5.3100000000000005
7636.0,-5.48
7637.0,-5.390000000000001
7638.0,-5.11
7639.0,-5.11
7640.0,-5.24
7641.0,-5.3100000000000005
7642.0,-5.07
7643.0,-5.11
7644.0,-5.03
7645.0,-5.01
7646.0,-5.07
7647.0,-5.5
7648.0,-5.32
7649.0,-5.09
7650.0,-5.710000000000001
7651.0,-5.07
7652.0,-5.41
7653.0,-5.3100000000000005
7654.0,-5.3
7655.0,-5.15
7656.0,-5.02
7657.0,-5.19
7658.0,-5.840000000000001
7659.0,-5.42
7660.0,-5.3
7661.0,-5.54
7662.0,-5.03
7663.0,-5.29
7664.0,-5.430000000000001
7665.0,-5.08
7666.0,-5.34
7667.0,-5.13
7668.0,-5.21
7669.0,-5.17
7670.0,-5.16
7671.0,-5.34
7672.0,-5.46
7673.0,-5.03
7674.0,-5.58
7675.0,-5.790000000000001
7676.0,-5.04
7677.0,-5.05
7678.0,-5.54
7679.0,-5.08
7680.0,-5.38
7681.0,-5.18
7682.0,-5.07
7683.0,-5.09
7684.0,-5.26
7685.0,-5.03
7686.0,-5.02
7687.0,-5.36
7688.0,-5.16
7689.0,-5.33
7690.0,-5.25
7691.0,-5.69
7692.0,-5.06
7693.0,-5.680000000000001
7694.0,-5.23
7695.0,-5.25
7696.0,-5.04
7697.0,-5.32
7698.0,-5.28
7699.0,-5.08
7700.0,-5.67
7701.0,-5.06
7702.0,-5.3
7703.0,-5.04
7704.0,-5.03
7705.0,-5.04
7706.0,-5.61
7707.0,-5.02
7708.0,-5.44
7709.0,-5.06
7710.0,-5.05
7711.0,-5.12
7712.0,-5.03
7713.0,-5.18
7714.0,-5.33
7715.0,-5.17
7716.0,-5.3100000000000005
7717.0,-5.08
7718.0,-5.1
7719.0,-5.07
7720.0,-5.06
7721.0,-5.46
7722.0,-5.18
7723.0,-5.51
7724.0,-5.29
7725.0,-5.3100000000000005
7726.0,-5.08
7727.0,-5.08
7728.0,-5.34
7729.0,-5.12
7730.0,-5.65
7731.0,-5.04
7732.0,-5.24
7733.0,-5.01
7734.0,-5.74
7735.0,-5.41
7736.0,-5.37
7737.0,-5.8500000000000005
7738.0,-5.45
7739.0,-5.02
7740.0,-5.48
7741.0,-5.03
7742.0,-5.04
7743.0,-5.3100000000000005
7744.0,-5.01
7745.0,-5.23
7746.0,-5.640000000000001
7747.0,-5.430000000000001
7748.0,-5.05
7749.0,-5.1
7750.0,-5.23
7751.0,-5.49
7752.0,-5.02
7753.0,-5.11
7754.0,-5.09
7755.0,-5.05
7756.0,-5.11
7757.0,-5.08
7758.0,-5.01
7759.0,-5.34
7760.0,-5.8500000000000005
7761.0,-5.01
7762.0,-5.02
7763.0,-5.11
7764.0,-5.01
7765.0,-5.16
7766.0,-5.760000000000001
7767.0,-5.640000000000001
7768.0,-5.13
7769.0,-5.07
7770.0,-5.7700000000000005
7771.0,-5.02
7772.0,-5.06
7773.0,-5.11
7774.0,-5.970000000000001
7775.0,-5.48
7776.0,-5.44
7777.0,-5.17
7778.0,-5.03
7779.0,-5.02
7780.0,-5.05
7781.0,-5.38
7782.0,-5.36
7783.0,-5.02
7784.0,-5.06
7785.0,-5.09
7786.0,-5.36
7787.0,-5.01
7788.0,-5.05
7789.0,-5.12
7790.0,-5.26
7791.0,-5.470000000000001
7792.0,-5.8500000000000005
7793.0,-5.07
7794.0,-5.07
7795.0,-5.3500000000000005
7796.0,-5.880000000000001
7797.0,-5.17
7798.0,-5.21
7799.0,-5.36
7800.0,-5.61
7801.0,-5.7700000000000005
7802.0,-5.1
7803.0,-5.73
7804.0,-5.550000000000001
7805.0,-5.02
7806.0,-5.33
7807.0,-5.03
7808.0,-5.19
7809.0,-5.32
7810.0,-5.06
7811.0,-5.06
7812.0,-5.48
7813.0,-5.2700000000000005
7814.0,-5.38
7815.0,-5.02
7816.0,-5.01
7817.0,-5.06
7818.0,-5.53
7819.0,-5.05
7820.0,-5.16
7821.0,-5.05
7822.0,-5.09
7823.0,-5.24
7824.0,-5.390000000000001
7825.0,-5.06
7826.0,-5.22
7827.0,-5.08
7828.0,-5.51
7829.0,-5.01
7830.0,-5.01
7831.0,-5.1
7832.0,-5.02
7833.0,-5.02
7834.0,-5.24
7835.0,-5.05
7836.0,-5.06
7837.0,-5.19
7838.0,-5.09
7839.0,-5.02
7840.0,-5.1
7841.0,-5.02
7842.0,-5.18
7843.0,-5.22
7844.0,-5.05
7845.0,-5.07
7846.0,-5.16
7847.0,-5.48
7848.0,-5.2700000000000005
7849.0,-5.1
7850.0,-5.34
7851.0,-5.59
7852.0,-5.16
7853.0,-5.37
7854.0,-5.98
7855.0,-5.05
7856.0,-5.03
7857.0,-5.46
7858.0,-5.74
7859.0,-5.02
7860.0,-5.2
7861.0,-1.0000000000000007
7862.0,-5.6000000000000005
7863.0,-5.12
7864.0,-5.22
7865.0,-5.38
7866.0,-5.680000000000001
7867.0,-5.390000000000001
7868.0,-5.03
7869.0,-5.45
7870.0,-5.03
7871.0,-5.44
7872.0,-5.05
7873.0,-5.630000000000001
7874.0,-5.06
7875.0,-5.17
7876.0,-5.36
7877.0,-5.38
7878.0,-5.02
7879.0,-5.19
7880.0,-5.08
7881.0,-5.26
7882.0,-5.58
7883.0,-5.03
7884.0,-5.15
7885.0,-5.07
7886.0,-5.08
7887.0,-5.01
7888.0,-5.01
7889.0,-5.37
7890.0,-5.14
7891.0,-5.06
7892.0,-5.18
7893.0,-5.03
7894.0,-5.07
7895.0,-5.34
7896.0,-5.21
7897.0,-5.26
7898.0,-5.82
7899.0,-5.3500000000000005
7900.0,-5.19
7901.0,-5.08
7902.0,-5.2700000000000005
7903.0,-5.04
7904.0,-5.01
7905.0,-5.08
7906.0,-5.550000000000001
7907.0,-5.02
7908.0,-5.36
7909.0,-5.02
7910.0,-5.05
7911.0,-5.01
7912.0,-5.69
7913.0,-5.03
7914.0,-5.41
7915.0,-5.04
7916.0,-5.41
7917.0,-5.11
7918.0,-5.48
7919.0,-5.05
7920.0,-5.07
7921.0,-5.22
7922.0,-5.2700000000000005
7923.0,-5.08
7924.0,-5.01
7925.0,-5.4
7926.0,-5.15
7927.0,-5.01
7928.0,-5.3
7929.0,-5.15
7930.0,-5.45
7931.0,-5.01
7932.0,-5.33
7933.0,-5.07
7934.0,-5.13
7935.0,-5.14
7936.0,-5.24
7937.0,-5.12
7938.0,-5.07
7939.0,-5.04
7940.0,-5.02
7941.0,-5.53
7942.0,-5.24
7943.0,-5.19
7944.0,-5.8100000000000005
7945.0,-5.06
7946.0,-5.2700000000000005
7947.0,-5.2
7948.0,-5.03
7949.0,-5.04
7950.0,-5.09
7951.0,-5.02
7952.0,-5.21
7953.0,-5.53
7954.0,-5.03
7955.0,-5.02
7956.0,-5.710000000000001
7957.0,-5.07
7958.0,-5.54
7959.0,-5.06
7960.0,-5.5200000000000005
7961.0,-5.3
7962.0,-5.29
7963.0,-5.1
7964.0,-5.2700000000000005
7965.0,-5.09
7966.0,-5.12
7967.0,-5.04
7968.0,-5.38
7969.0,-5.09
7970.0,-5.29
7971.0,-5.58
7972.0,-5.06
7973.0,-5.08
7974.0,-5.1
7975.0,-5.26
7976.0,-5.42
7977.0,-5.2
7978.0,-5.17
7979.0,-5.01
7980.0,-5.21
7981.0,-5.09
7982.0,-5.01
7983.0,-5.06
7984.0,-5.29
7985.0,-5.02
7986.0,-5.07
7987.0,-5.19
7988.0,-5.06
7989.0,-5.11
7990.0,-5.05
7991.0,-5.3500000000000005
7992.0,-5.03
7993.0,-5.3500000000000005
7994.0,-5.29
7995.0,-5.390000000000001
7996.0,-5.14
7997.0,-5.6000000000000005
7998.0,-5.4
7999.0,-5.23
8000.0,-5.04
8001.0,-5.04
8002.0,-5.19
8003.0,-5.05
8004.0,-5.390000000000001
8005.0,-5.880000000000001
8006.0,-5.48
8007.0,-5.51
8008.0,-5.960000000000001
8009.0,-5.02
8010.0,-5.07
8011.0,-5.2700000000000005
8012.0,-5.13
8013.0,-5.11
8014.0,-5.01
8015.0,-5.01
8016.0,-5.02
8017.0,-5.920000000000001
8018.0,-5.04
8019.0,-5.01
8020.0,-5.3100000000000005
8021.0,-5.17
8022.0,-5.02
8023.0,-5.02
8024.0,-5.14
8025.0,-5.2
8026.0,-5.08
8027.0,-5.02
8028.0,-5.18
8029.0,-5.2700000000000005
8030.0,-5.32
8031.0,-5.45
8032.0,-5.21
8033.0,-5.02
8034.0,-5.630000000000001
8035.0,-5.08
8036.0,-5.74
8037.0,-5.01
8038.0,-5.640000000000001
8039.0,-5.05
8040.0,-5.05
8041.0,-5.28
8042.0,-5.1
8043.0,-5.42
8044.0,-5.28
8045.0,-1.0000000000000007
8046.0,-5.3
8047.0,-5.18
8048.0,-5.26
8049.0,-5.01
8050.0,-5.6000000000000005
8051.0,-5.05
8052.0,-5.25
8053.0,-5.09
8054.0,-5.4
8055.0,-5.02
8056.0,-5.04
8057.0,-5.28
8058.0,-5.430000000000001
8059.0,-5.23
8060.0,-5.06
8061.0,-5.02
8062.0,-5.14
8063.0,-5.38
8064.0,-5.8500000000000005
8065.0,-5.09
8066.0,-5.7700000000000005
8067.0,-5.07
8068.0,-5.57
8069.0,-5.26
8070.0,-5.46
8071.0,-5.15
8072.0,-5.26
8073.0,-5.02
8074.0,-5.2
8075.0,-5.03
8076.0,-5.36
8077.0,-5.36
8078.0,-5.02
8079.0,-5.26
8080.0,-5.29
8081.0,-5.12
8082.0,-5.12
8083.0,-5.07
8084.0,-5.02
8085.0,-5.26
8086.0,-5.25
8087.0,-5.390000000000001
8088.0,-5.05
8089.0,-5.15
8090.0,-5.2
8091.0,-5.09
8092.0,-5.22
8093.0,-5.41
8094.0,-5.33
8095.0,-5.18
8096.0,-5.11
8097.0,-5.33
8098.0,-5.54
8099.0,-5.02
8100.0,-5.48
8101.0,-5.06
8102.0,-5.04
8103.0,-5.04
8104.0,-5.430000000000001
8105.0,-5.48
8106.0,-5.08
8107.0,-5.06
8108.0,-5.06
8109.0,-5.29
8110.0,-5.61
8111.0,-5.04
8112.0,-5.03
8113.0,-5.41
8114.0,-5.16
8115.0,-5.51
8116.0,-5.07
8117.0,-5.3
8118.0,-5.29
8119.0,-5.3100000000000005
8120.0,-5.29
8121.0,-5.07
8122.0,-5.02
8123.0,-5.07
8124.0,-5.2700000000000005
8125.0,-5.02
8126.0,-1.0000000000000007
8127.0,-5.38
8128.0,-5.550000000000001
8129.0,-5.07
8130.0,-5.01
8131.0,-5.05
8132.0,-5.09
8133.0,-5.16
8134.0,-5.24
8135.0,-5.5
8136.0,-5.57
8137.0,-5.03
8138.0,-5.32
8139.0,-5.09
8140.0,-5.32
8141.0,-5.6000000000000005
8142.0,-5.02
8143.0,-5.04
8144.0,-5.4
8145.0,-5.36
8146.0,-5.04
8147.0,-5.48
8148.0,-5.03
8149.0,-5.21
8150.0,-5.390000000000001
8151.0,-5.06
8152.0,-5.02
8153.0,-5.05
8154.0,-5.1
8155.0,-5.37
8156.0,-5.09
8157.0,-5.06
8158.0,-5.25
8159.0,-5.41
8160.0,-5.970000000000001
8161.0,-5.04
8162.0,-5.25
8163.0,-5.02
8164.0,-5.33
8165.0,-5.390000000000001
8166.0,-5.03
8167.0,-5.720000000000001
8168.0,-5.29
8169.0,-5.22
8170.0,-5.04
8171.0,-5.44
8172.0,-5.08
8173.0,-5.710000000000001
8174.0,-5.32
8175.0,-5.45
8176.0,-5.53
8177.0,-5.3100000000000005
8178.0,-5.470000000000001
8179.0,-5.04
8180.0,-5.04
8181.0,-5.05
8182.0,-5.01
8183.0,-5.42
8184.0,-5.05
8185.0,-5.14
8186.0,-5.33
8187.0,-1.0000000000000007
8188.0,-5.13
8189.0,-5.01
8190.0,-5.02
8191.0,-5.01
8192.0,-5.53
8193.0,-5.28
8194.0,-5.04
8195.0,-5.05
8196.0,-5.02
8197.0,-5.67
8198.0,-5.36
8199.0,-5.04
8200.0,-1.0000000000000007
8201.0,-5.36
8202.0,-5.48
8203.0,-5.960000000000001
8204.0,-5.01
8205.0,-5.25
8206.0,-5.960000000000001
8207.0,-5.24
8208.0,-5.1
8209.0,-5.04
8210.0,-5.11
8211.0,-5.2
8212.0,-5.06
8213.0,-5.390000000000001
8214.0,-5.82
8215.0,-5.32
8216.0,-5.08
8217.0,-5.04
8218.0,-5.06
8219.0,-5.03
8220.0,-5.09
8221.0,-5.57
8222.0,-5.18
8223.0,-5.06
8224.0,-5.44
8225.0,-5.26
8226.0,-5.42
8227.0,-5.2
8228.0,-5.01
8229.0,-5.57
8230.0,-5.15
8231.0,-5.29
8232.0,-5.04
8233.0,-5.24
8234.0,-5.02
8235.0,-5.5200000000000005
8236.0,-5.74
8237.0,-5.34
8238.0,-5.09
8239.0,-5.65
8240.0,-5.09
8241.0,-5.19
8242.0,-5.13
8243.0,-5.36
8244.0,-5.14
8245.0,-5.01
8246.0,-5.19
8247.0,-5.04
8248.0,-5.28
8249.0,-5.1
8250.0,-5.3100000000000005
8251.0,-5.42
8252.0,-5.06
8253.0,-5.01
8254.0,-5.06
8255.0,-5.03
8256.0,-5.12
8257.0,-5.46
8258.0,-1.0000000000000007
8259.0,-5.920000000000001
8260.0,-5.03
8261.0,-5.16
8262.0,-5.1
8263.0,-5.46
8264.0,-5.57
8265.0,-5.03
8266.0,-5.33
8267.0,-5.29
8268.0,-5.33
8269.0,-5.3500000000000005
8270.0,-5.32
8271.0,-5.05
8272.0,-5.46
8273.0,-5.03
8274.0,-5.03
8275.0,-5.800000000000001
8276.0,-5.1
8277.0,-5.470000000000001
8278.0,-5.02
8279.0,-5.44
8280.0,-5.390000000000001
8281.0,-5.38
8282.0,-5.34
8283.0,-5.720000000000001
8284.0,-5.1
8285.0,-5.03
8286.0,-5.36
8287.0,-5.04
8288.0,-5.22
8289.0,-5.02
8290.0,-5.03
8291.0,-5.03
8292.0,-5.7
8293.0,-5.03
8294.0,-5.06
8295.0,-5.66
8296.0,-5.04
8297.0,-5.36
8298.0,-5.21
8299.0,-5.17
8300.0,-5.430000000000001
8301.0,-5.02
8302.0,-5.760000000000001
8303.0,-5.470000000000001
8304.0,-5.430000000000001
8305.0,-5.02
8306.0,-5.3100000000000005
8307.0,-5.05
8308.0,-5.02
8309.0,-5.38
8310.0,-5.26
8311.0,-5.33
8312.0,-5.09
8313.0,-5.18
8314.0,-5.19
8315.0,-5.37
8316.0,-5.21
8317.0,-5.04
8318.0,-5.29
8319.0,-5.18
8320.0,-5.04
8321.0,-5.09
8322.0,-5.02
8323.0,-5.13
8324.0,-5.07
8325.0,-5.01
8326.0,-5.42
8327.0,-5.02
8328.0,-5.14
8329.0,-5.03
8330.0,-5.13
8331.0,-5.14
8332.0,-5.640000000000001
8333.0,-5.06
8334.0,-5.09
8335.0,-5.24
8336.0,-5.1
8337.0,-5.32
8338.0,-5.44
8339.0,-5.4
8340.0,-5.02
8341.0,-5.06
8342.0,-5.11
8343.0,-5.05
8344.0,-5.01
8345.0,-5.02
8346.0,-5.41
8347.0,-5.53
8348.0,-5.710000000000001
8349.0,-5.36
8350.0,-5.25
8351.0,-5.38
8352.0,-5.02
8353.0,-5.5
8354.0,-5.05
8355.0,-5.37
8356.0,-5.36
8357.0,-5.470000000000001
8358.0,-5.1
8359.0,-5.630000000000001
8360.0,-5.02
8361.0,-5.24
8362.0,-5.46
8363.0,-5.470000000000001
8364.0,-5.3
8365.0,-5.5
8366.0,-5.01
8367.0,-5.51
8368.0,-5.34
8369.0,-5.04
8370.0,-5.03
8371.0,-5.02
8372.0,-5.57
8373.0,-5.83
8374.0,-5.45
8375.0,-5.5600000000000005
8376.0,-5.430000000000001
8377.0,-5.01
8378.0,-5.49
8379.0,-5.03
8380.0,-5.1
8381.0,-5.37
8382.0,-5.06
8383.0,-5.36
8384.0,-5.29
8385.0,-5.36
8386.0,-5.05
8387.0,-5.28
8388.0,-5.01
8389.0,-5.03
8390.0,-5.07
8391.0,-5.17
8392.0,-5.59
8393.0,-5.23
8394.0,-5.33
8395.0,-5.1
8396.0,-5.470000000000001
8397.0,-5.790000000000001
8398.0,-5.34
8399.0,-5.32
8400.0,-5.08
8401.0,-5.13
8402.0,-5.42
8403.0,-5.33
8404.0,-5.22
8405.0,-5.2
8406.0,-5.550000000000001
8407.0,-5.04
8408.0,-5.790000000000001
8409.0,-5.01
8410.0,-5.33
8411.0,-5.48
8412.0,-5.34
8413.0,-5.36
8414.0,-5.09
8415.0,-5.17
8416.0,-5.22
8417.0,-5.1
8418.0,-5.04
8419.0,-5.630000000000001
8420.0,-5.02
8421.0,-5.06
8422.0,-5.28
8423.0,-1.0000000000000007
8424.0,-5.06
8425.0,-5.75
8426.0,-5.430000000000001
8427.0,-5.1
8428.0,-5.65
8429.0,-5.41
8430.0,-5.25
8431.0,-5.6000000000000005
8432.0,-5.01
8433.0,-5.29
8434.0,-5.54
8435.0,-5.65
8436.0,-5.05
8437.0,-5.04
8438.0,-5.3100000000000005
8439.0,-5.57
8440.0,-5.3
8441.0,-5.45
8442.0,-5.390000000000001
8443.0,-5.03
8444.0,-5.15
8445.0,-5.44
8446.0,-5.18
8447.0,-5.16
8448.0,-5.04
8449.0,-5.04
8450.0,-5.01
8451.0,-5.13
8452.0,-5.07
8453.0,-5.41
8454.0,-5.32
8455.0,-5.3
8456.0,-5.32
8457.0,-5.03
8458.0,-5.02
8459.0,-5.33
8460.0,-5.83
8461.0,-5.07
8462.0,-5.13
8463.0,-5.01
8464.0,-5.3
8465.0,-5.23
8466.0,-5.05
8467.0,-5.01
8468.0,-5.08
8469.0,-5.03
8470.0,-5.24
8471.0,-5.53
8472.0,-5.23
8473.0,-5.11
8474.0,-5.02
8475.0,-5.5600000000000005
8476.0,-5.36
8477.0,-5.46
8478.0,-5.44
8479.0,-5.26
8480.0,-5.12
8481.0,-5.07
8482.0,-5.03
8483.0,-5.12
8484.0,-5.19
8485.0,-5.04
8486.0,-5.08
8487.0,-5.16
8488.0,-5.01
8489.0,-5.12
8490.0,-5.5200000000000005
8491.0,-5.02
8492.0,-5.430000000000001
8493.0,-5.09
8494.0,-5.54
8495.0,-5.920000000000001
8496.0,-5.02
8497.0,-5.41
8498.0,-5.59
8499.0,-5.03
8500.0,-5.23
8501.0,-5.21
8502.0,-5.2700000000000005
8503.0,-5.04
8504.0,-5.57
8505.0,-5.02
8506.0,-5.22
8507.0,-5.18
8508.0,-5.2700000000000005
8509.0,-5.08
8510.0,-5.03
8511.0,-5.06
8512.0,-5.2700000000000005
8513.0,-5.01
8514.0,-5.26
8515.0,-5.05
8516.0,-5.41
8517.0,-5.3100000000000005
8518.0,-5.46
8519.0,-5.760000000000001
8520.0,-5.51
8521.0,-5.07
8522.0,-5.02
8523.0,-5.29
8524.0,-5.26
8525.0,-5.03
8526.0,-5.24
8527.0,-5.390000000000001
8528.0,-5.05
8529.0,-5.48
8530.0,-5.28
8531.0,-5.23
8532.0,-5.49
8533.0,-5.03
8534.0,-5.5200000000000005
8535.0,-5.06
8536.0,-5.06
8537.0,-5.65
8538.0,-5.34
8539.0,-5.25
8540.0,-5.03
8541.0,-5.07
8542.0,-5.09
8543.0,-5.45
8544.0,-5.21
8545.0,-5.02
8546.0,-5.38
8547.0,-5.04
8548.0,-5.13
8549.0,-5.26
8550.0,-5.390000000000001
8551.0,-5.16
8552.0,-5.04
8553.0,-5.32
8554.0,-5.05
8555.0,-5.06
8556.0,-5.04
8557.0,-5.7
8558.0,-5.13
8559.0,-5.04
8560.0,-5.15
8561.0,-5.05
8562.0,-5.04
8563.0,-5.02
8564.0,-5.01
8565.0,-5.33
8566.0,-5.62
8567.0,-5.01
8568.0,-5.54
8569.0,-5.09
8570.0,-5.550000000000001
8571.0,-5.34
8572.0,-5.28
8573.0,-5.65
8574.0,-5.03
8575.0,-5.28
8576.0,-5.4
8577.0,-5.61
8578.0,-5.04
8579.0,-5.14
8580.0,-5.41
8581.0,-5.26
8582.0,-5.2
8583.0,-5.3500000000000005
8584.0,-5.46
8585.0,-5.15
8586.0,-5.15
8587.0,-5.22
8588.0,-5.02
8589.0,-5.58
8590.0,-5.09
8591.0,-5.07
8592.0,-5.37
8593.0,-5.26
8594.0,-5.880000000000001
8595.0,-5.01
8596.0,-5.3500000000000005
8597.0,-5.51
8598.0,-5.34
8599.0,-5.48
8600.0,-5.02
8601.0,-5.03
8602.0,-5.17
8603.0,-5.02
8604.0,-5.2700000000000005
8605.0,-5.05
8606.0,-5.5
8607.0,-5.44
8608.0,-5.14
8609.0,-5.21
8610.0,-5.6000000000000005
8611.0,-5.430000000000001
8612.0,-5.680000000000001
8613.0,-5.32
8614.0,-5.3
8615.0,-5.17
8616.0,-5.04
8617.0,-5.26
8618.0,-5.42
8619.0,-5.48
8620.0,-5.48
8621.0,-5.3
8622.0,-5.07
8623.0,-5.3500000000000005
8624.0,-5.02
8625.0,-5.2700000000000005
8626.0,-5.550000000000001
8627.0,-5.07
8628.0,-5.01
8629.0,-5.18
8630.0,-5.32
8631.0,-5.04
8632.0,-5.12
8633.0,-5.16
8634.0,-5.14
8635.0,-5.06
8636.0,-5.01
8637.0,-5.430000000000001
8638.0,-5.49
8639.0,-5.840000000000001
8640.0,-5.16
8641.0,-5.01
8642.0,-5.2
8643.0,-5.12
8644.0,-5.42
8645.0,-5.03
8646.0,-5.14
8647.0,-5.04
8648.0,-5.390000000000001
8649.0,-5.48
8650.0,-5.760000000000001
8651.0,-5.12
8652.0,-5.34
8653.0,-5.22
8654.0,-5.15
8655.0,-5.06
8656.0,-5.430000000000001
8657.0,-5.15
8658.0,-5.02
8659.0,-5.44
8660.0,-5.09
8661.0,-5.02
8662.0,-5.25
8663.0,-5.03
8664.0,-5.42
8665.0,-5.29
8666.0,-5.02
8667.0,-5.07
8668.0,-5.03
8669.0,-5.73
8670.0,-5.09
8671.0,-5.02
8672.0,-5.05
8673.0,-5.760000000000001
8674.0,-5.37
8675.0,-5.21
8676.0,-5.01
8677.0,-5.46
8678.0,-5.02
8679.0,-5.6000000000000005
8680.0,-5.37
8681.0,-5.38
8682.0,-5.3100000000000005
8683.0,-5.23
8684.0,-5.11
8685.0,-5.09
8686.0,-5.33
8687.0,-5.7
8688.0,-5.01
8689.0,-5.08
8690.0,-5.01
8691.0,-5.04
8692.0,-5.11
8693.0,-5.2
8694.0,-5.24
8695.0,-5.1
8696.0,-5.03
8697.0,-5.69
8698.0,-5.32
8699.0,-5.04
8700.0,-5.06
8701.0,-5.13
8702.0,-5.04
8703.0,-5.18
8704.0,-5.26
8705.0,-5.630000000000001
8706.0,-5.06
8707.0,-5.45
8708.0,-5.5200000000000005
8709.0,-5.46
8710.0,-5.19
8711.0,-5.09
8712.0,-5.12
8713.0,-5.33
8714.0,-5.49
8715.0,-5.38
8716.0,-5.390000000000001
8717.0,-5.790000000000001
8718.0,-5.18
8719.0,-5.26
8720.0,-5.21
8721.0,-5.45
8722.0,-5.44
8723.0,-5.38
8724.0,-5.4
8725.0,-5.46
8726.0,-5.65
8727.0,-5.13
8728.0,-5.42
8729.0,-5.960000000000001
8730.0,-5.08
8731.0,-5.07
8732.0,-5.390000000000001
8733.0,-5.24
8734.0,-5.53
8735.0,-5.28
8736.0,-5.06
8737.0,-5.02
8738.0,-5.7700000000000005
8739.0,-5.02
8740.0,-5.01
8741.0,-5.07
8742.0,-5.26
8743.0,-5.15
8744.0,-5.04
8745.0,-5.02
8746.0,-5.05
8747.0,-5.24
8748.0,-5.5
8749.0,-5.32
8750.0,-5.6000000000000005
8751.0,-5.29
8752.0,-5.800000000000001
8753.0,-5.09
8754.0,-5.24
8755.0,-5.34
8756.0,-5.49
8757.0,-5.04
8758.0,-5.13
8759.0,-5.01
8760.0,-5.23
8761.0,-5.03
8762.0,-5.5200000000000005
8763.0,-5.2
8764.0,-5.1
8765.0,-5.4
8766.0,-5.46
8767.0,-5.14
8768.0,-5.49
8769.0,-5.06
8770.0,-5.11
8771.0,-5.51
8772.0,-5.2
8773.0,-5.03
8774.0,-5.28
8775.0,-5.13
8776.0,-5.02
8777.0,-5.08
8778.0,-5.15
8779.0,-5.08
8780.0,-5.04
8781.0,-5.28
8782.0,-5.67
8783.0,-5.33
8784.0,-5.16
8785.0,-5.01
8786.0,-5.24
8787.0,-5.34
8788.0,-5.05
8789.0,-5.02
8790.0,-5.78
8791.0,-5.02
8792.0,-5.07
8793.0,-5.03
8794.0,-5.390000000000001
8795.0,-5.29
8796.0,-5.3
8797.0,-1.0000000000000007
8798.0,-5.67
8799.0,-5.66
8800.0,-5.04
8801.0,-5.01
8802.0,-5.03
8803.0,-5.17
8804.0,-5.29
8805.0,-5.44
8806.0,-5.1
8807.0,-5.06
8808.0,-5.26
8809.0,-5.5200000000000005
8810.0,-5.13
8811.0,-5.54
8812.0,-5.07
8813.0,-5.3100000000000005
8814.0,-5.640000000000001
8815.0,-5.01
8816.0,-5.430000000000001
8817.0,-5.24
8818.0,-5.18
8819.0,-5.470000000000001
8820.0,-5.430000000000001
8821.0,-1.0000000000000007
8822.0,-5.38
8823.0,-5.51
8824.0,-5.01
8825.0,-5.21
8826.0,-5.33
8827.0,-5.01
8828.0,-5.04
8829.0,-5.36
8830.0,-5.02
8831.0,-5.5
8832.0,-5.08
8833.0,-5.03
8834.0,-5.53
8835.0,-5.08
8836.0,-5.19
8837.0,-5.05
8838.0,-5.05
8839.0,-5.36
8840.0,-5.03
8841.0,-5.2
8842.0,-5.29
8843.0,-5.23
8844.0,-5.26
8845.0,-5.19
8846.0,-5.33
8847.0,-5.33
8848.0,-5.3
8849.0,-5.390000000000001
8850.0,-5.01
8851.0,-5.11
8852.0,-5.11
8853.0,-5.16
8854.0,-5.3100000000000005
8855.0,-5.06
8856.0,-5.34
8857.0,-5.2700000000000005
8858.0,-5.08
8859.0,-5.13
8860.0,-5.44
8861.0,-5.04
8862.0,-5.94
8863.0,-5.12
8864.0,-1.0000000000000007
8865.0,-5.22
8866.0,-5.3100000000000005
8867.0,-5.01
8868.0,-5.33
8869.0,-5.02
8870.0,-5.1
8871.0,-5.3500000000000005
8872.0,-5.82
8873.0,-5.05
8874.0,-5.04
8875.0,-5.29
8876.0,-5.01
8877.0,-5.3500000000000005
8878.0,-5.62
8879.0,-5.22
8880.0,-5.8100000000000005
8881.0,-5.08
8882.0,-5.3500000000000005
8883.0,-5.02
8884.0,-5.42
8885.0,-5.02
8886.0,-5.6000000000000005
8887.0,-5.2700000000000005
8888.0,-5.09
8889.0,-5.18
8890.0,-5.29
8891.0,-5.430000000000001
8892.0,-5.62
8893.0,-5.07
8894.0,-5.3500000000000005
8895.0,-5.03
8896.0,-5.28
8897.0,-5.51
8898.0,-5.42
8899.0,-5.4
8900.0,-5.05
8901.0,-5.05
8902.0,-5.04
8903.0,-5.66
8904.0,-5.11
8905.0,-5.390000000000001
8906.0,-5.14
8907.0,-5.06
8908.0,-5.21
8909.0,-5.390000000000001
8910.0,-5.16
8911.0,-5.17
8912.0,-5.37
8913.0,-5.65
8914.0,-1.0000000000000007
8915.0,-5.54
8916.0,-5.6000000000000005
8917.0,-5.36
8918.0,-5.54
8919.0,-5.5200000000000005
8920.0,-5.09
8921.0,-5.1
8922.0,-5.24
8923.0,-5.46
8924.0,-5.12
8925.0,-5.15
8926.0,-5.02
8927.0,-5.24
8928.0,-5.02
8929.0,-5.04
8930.0,-5.06
8931.0,-5.03
8932.0,-5.17
8933.0,-5.05
8934.0,-5.03
8935.0,-5.25
8936.0,-5.05
8937.0,-5.3100000000000005
8938.0,-5.02
8939.0,-5.53
8940.0,-5.04
8941.0,-5.04
8942.0,-5.37
8943.0,-5.53
8944.0,-5.18
8945.0,-5.21
8946.0,-5.23
8947.0,-5.04
8948.0,-5.54
8949.0,-5.11
8950.0,-5.11
8951.0,-5.09
8952.0,-5.12
8953.0,-5.38
8954.0,-5.03
8955.0,-5.08
8956.0,-5.01
8957.0,-5.3100000000000005
8958.0,-5.4
8959.0,-5.06
8960.0,-5.2
8961.0,-5.34
8962.0,-5.01
8963.0,-5.26
8964.0,-5.38
8965.0,-5.33
8966.0,-5.920000000000001
8967.0,-5.5200000000000005
8968.0,-5.1
8969.0,-5.01
8970.0,-5.1
8971.0,-5.17
8972.0,-5.03
8973.0,-5.03
8974.0,-5.02
8975.0,-5.07
8976.0,-5.720000000000001
8977.0,-5.25
8978.0,-5.4
8979.0,-5.03
8980.0,-5.6000000000000005
8981.0,-5.02
8982.0,-5.29
8983.0,-5.34
8984.0,-5.5
8985.0,-5.05
8986.0,-5.430000000000001
8987.0,-5.07
8988.0,-5.25
8989.0,-5.22
8990.0,-5.24
8991.0,-5.08
8992.0,-5.54
8993.0,-5.5200000000000005
8994.0,-5.13
8995.0,-5.11
8996.0,-5.710000000000001
8997.0,-5.11
8998.0,-5.02
8999.0,-5.69
9000.0,-5.54
9001.0,-5.26
9002.0,-5.6000000000000005
9003.0,-5.470000000000001
9004.0,-5.04
9005.0,-5.17
9006.0,-5.01
9007.0,-5.3100000000000005
9008.0,-5.25
9009.0,-5.06
9010.0,-5.01
9011.0,-5.05
9012.0,-5.24
9013.0,-5.12
9014.0,-5.22
9015.0,-5.04
9016.0,-5.03
9017.0,-5.28
9018.0,-5.02
9019.0,-5.04
9020.0,-5.04
9021.0,-5.03
9022.0,-5.08
9023.0,-5.34
9024.0,-5.25
9025.0,-5.01
9026.0,-5.4
9027.0,-5.24
9028.0,-5.02
9029.0,-5.04
9030.0,-5.2700000000000005
9031.0,-5.09
9032.0,-5.4
9033.0,-5.07
9034.0,-5.8100000000000005
9035.0,-5.5200000000000005
9036.0,-5.01
9037.0,-5.32
9038.0,-5.17
9039.0,-5.21
9040.0,-5.38
9041.0,-5.7700000000000005
9042.0,-5.11
9043.0,-5.45
9044.0,-5.22
9045.0,-5.53
9046.0,-5.3100000000000005
9047.0,-5.760000000000001
9048.0,-5.02
9049.0,-5.48
9050.0,-5.3100000000000005
9051.0,-5.32
9052.0,-5.07
9053.0,-5.41
9054.0,-5.11
9055.0,-5.11
9056.0,-5.02
9057.0,-5.08
9058.0,-5.04
9059.0,-1.0000000000000007
9060.0,-5.1
9061.0,-5.15
9062.0,-5.2700000000000005
9063.0,-5.05
9064.0,-5.06
9065.0,-5.4
9066.0,-5.54
9067.0,-5.03
9068.0,-5.38
9069.0,-5.57
9070.0,-5.41
9071.0,-5.14
9072.0,-5.33
9073.0,-5.5
9074.0,-5.42
9075.0,-5.18
9076.0,-5.01
9077.0,-5.48
9078.0,-5.18
9079.0,-5.03
9080.0,-5.18
9081.0,-5.06
9082.0,-5.28
9083.0,-5.16
9084.0,-5.07
9085.0,-5.14
9086.0,-5.38
9087.0,-5.03
9088.0,-5.29
9089.0,-5.42
9090.0,-5.08
9091.0,-5.07
9092.0,-5.33
9093.0,-5.54
9094.0,-5.06
9095.0,-1.0000000000000007
9096.0,-5.01
9097.0,-5.07
9098.0,-5.390000000000001
9099.0,-5.01
9100.0,-5.78
9101.0,-5.42
9102.0,-5.04
9103.0,-5.25
9104.0,-5.38
9105.0,-5.15
9106.0,-5.36
9107.0,-5.06
9108.0,-5.02
9109.0,-5.54
9110.0,-5.15
9111.0,-5.21
9112.0,-5.03
9113.0,-5.05
9114.0,-5.23
9115.0,-5.11
9116.0,-5.09
9117.0,-5.24
9118.0,-5.37
9119.0,-5.930000000000001
9120.0,-5.19
9121.0,-5.13
9122.0,-5.07
9123.0,-5.24
9124.0,-5.09
9125.0,-5.28
9126.0,-5.26
9127.0,-5.65
9128.0,-5.09
9129.0,-5.05
9130.0,-5.03
9131.0,-5.49
9132.0,-5.16
9133.0,-5.14
9134.0,-5.41
9135.0,-5.04
9136.0,-5.42
9137.0,-5.2700000000000005
9138.0,-5.1
9139.0,-5.1
9140.0,-5.2700000000000005
9141.0,-5.66
9142.0,-5.49
9143.0,-5.25
9144.0,-5.04
9145.0,-5.05
9146.0,-5.46
9147.0,-5.34
9148.0,-5.17
9149.0,-1.0000000000000007
9150.0,-5.62
9151.0,-5.41
9152.0,-5.21
9153.0,-5.04
9154.0,-5.21
9155.0,-5.75
9156.0,-5.03
9157.0,-5.38
9158.0,-5.12
9159.0,-5.01
9160.0,-5.38
9161.0,-5.44
9162.0,-5.06
9163.0,-5.04
9164.0,-5.03
9165.0,-5.37
9166.0,-5.51
9167.0,-5.4
9168.0,-5.13
9169.0,-5.07
9170.0,-5.12
9171.0,-5.5600000000000005
9172.0,-5.69
9173.0,-5.33
9174.0,-5.24
9175.0,-5.03
9176.0,-5.11
9177.0,-5.66
9178.0,-5.26
9179.0,-5.1
9180.0,-5.08
9181.0,-5.4
9182.0,-5.28
9183.0,-5.01
9184.0,-5.03
9185.0,-5.41
9186.0,-5.42
9187.0,-5.07
9188.0,-5.01
9189.0,-5.09
9190.0,-5.5200000000000005
9191.0,-5.03
9192.0,-5.38
9193.0,-5.86
9194.0,-5.53
9195.0,-5.33
9196.0,-5.08
9197.0,-5.870000000000001
9198.0,-5.470000000000001
9199.0,-5.06
9200.0,-5.12
9201.0,-5.22
9202.0,-5.2
9203.0,-5.18
9204.0,-5.75
9205.0,-5.21
9206.0,-5.11
9207.0,-5.02
9208.0,-5.41
9209.0,-5.66
9210.0,-5.09
9211.0,-5.01
9212.0,-5.01
9213.0,-5.36
9214.0,-1.0000000000000007
9215.0,-5.19
9216.0,-5.45
9217.0,-5.38
9218.0,-5.24
9219.0,-5.04
9220.0,-5.4
9221.0,-5.28
9222.0,-5.13
9223.0,-5.19
9224.0,-5.36
9225.0,-5.51
9226.0,-5.08
9227.0,-5.02
9228.0,-5.53
9229.0,-5.04
9230.0,-5.59
9231.0,-5.4
9232.0,-5.3
9233.0,-5.5200000000000005
9234.0,-5.09
9235.0,-5.36
9236.0,-5.4
9237.0,-5.18
9238.0,-5.02
9239.0,-5.69
9240.0,-5.11
9241.0,-5.07
9242.0,-5.13
9243.0,-5.38
9244.0,-5.04
9245.0,-5.05
9246.0,-5.34
9247.0,-5.3
9248.0,-5.21
9249.0,-5.33
9250.0,-5.24
9251.0,-5.04
9252.0,-5.3
9253.0,-5.02
9254.0,-5.04
9255.0,-5.03
9256.0,-5.03
9257.0,-5.02
9258.0,-5.04
9259.0,-5.07
9260.0,-5.21
9261.0,-5.5200000000000005
9262.0,-5.37
9263.0,-5.03
9264.0,-5.22
9265.0,-5.26
9266.0,-5.18
9267.0,-5.48
9268.0,-5.37
9269.0,-5.32
9270.0,-5.07
9271.0,-5.26
9272.0,-5.01
9273.0,-5.33
9274.0,-5.19
9275.0,-5.51
9276.0,-5.38
9277.0,-5.01
9278.0,-5.05
9279.0,-5.09
9280.0,-5.05
9281.0,-5.11
9282.0,-5.08
9283.0,-5.02
9284.0,-5.19
9285.0,-1.0000000000000007
9286.0,-1.0000000000000007
9287.0,-5.4
9288.0,-5.01
9289.0,-5.54
9290.0,-5.05
9291.0,-5.32
9292.0,-5.02
9293.0,-5.06
9294.0,-5.11
9295.0,-5.3
9296.0,-5.17
9297.0,-5.41
9298.0,-5.17
9299.0,-5.67
9300.0,-5.4
9301.0,-5.3
9302.0,-5.05
9303.0,-5.36
9304.0,-5.17
9305.0,-5.5600000000000005
9306.0,-5.26
9307.0,-5.44
9308.0,-5.01
9309.0,-5.02
9310.0,-5.48
9311.0,-5.05
9312.0,-5.06
9313.0,-5.01
9314.0,-1.0000000000000007
9315.0,-5.32
9316.0,-5.12
9317.0,-5.3500000000000005
9318.0,-5.25
9319.0,-5.46
9320.0,-5.07
9321.0,-5.06
9322.0,-5.38
9323.0,-5.22
9324.0,-5.28
9325.0,-5.05
9326.0,-5.73
9327.0,-5.06
9328.0,-5.4
9329.0,-5.45
9330.0,-5.58
9331.0,-5.02
9332.0,-5.13
9333.0,-5.24
9334.0,-5.11
9335.0,-5.3100000000000005
9336.0,-5.07
9337.0,-5.49
9338.0,-5.06
9339.0,-5.06
9340.0,-5.2700000000000005
9341.0,-5.36
9342.0,-5.5600000000000005
9343.0,-5.62
9344.0,-5.44
9345.0,-5.08
9346.0,-5.34
9347.0,-5.04
9348.0,-5.04
9349.0,-5.62
9350.0,-5.07
9351.0,-5.24
9352.0,-5.07
9353.0,-5.18
9354.0,-5.04
9355.0,-5.06
9356.0,-5.3500000000000005
9357.0,-5.760000000000001
9358.0,-5.04
9359.0,-5.45
9360.0,-5.37
9361.0,-5.33
9362.0,-5.28
9363.0,-5.12
9364.0,-5.04
9365.0,-5.23
9366.0,-5.430000000000001
9367.0,-5.08
9368.0,-5.11
9369.0,-5.390000000000001
9370.0,-5.24
9371.0,-5.45
9372.0,-1.0000000000000007
9373.0,-5.3100000000000005
9374.0,-5.04
9375.0,-5.08
9376.0,-5.430000000000001
9377.0,-5.03
9378.0,-5.02
9379.0,-5.41
9380.0,-5.04
9381.0,-5.06
9382.0,-5.21
9383.0,-5.49
9384.0,-5.2
9385.0,-5.06
9386.0,-5.02
9387.0,-5.06
9388.0,-5.02
9389.0,-5.4
9390.0,-5.4
9391.0,-5.390000000000001
9392.0,-5.04
9393.0,-5.25
9394.0,-5.9
9395.0,-5.2
9396.0,-5.33
9397.0,-5.42
9398.0,-5.32
9399.0,-5.12
9400.0,-5.01
9401.0,-5.01
9402.0,-5.46
9403.0,-5.24
9404.0,-5.08
9405.0,-5.04
9406.0,-5.1
9407.0,-5.04
9408.0,-5.11
9409.0,-5.46
9410.0,-5.3
9411.0,-5.04
9412.0,-5.09
9413.0,-5.42
9414.0,-5.16
9415.0,-5.24
9416.0,-5.680000000000001
9417.0,-5.5600000000000005
9418.0,-5.07
9419.0,-5.02
9420.0,-5.3
9421.0,-5.42
9422.0,-5.33
9423.0,-5.02
9424.0,-5.13
9425.0,-5.38
9426.0,-5.01
9427.0,-5.2700000000000005
9428.0,-5.42
9429.0,-5.41
9430.0,-5.07
9431.0,-5.710000000000001
9432.0,-5.02
9433.0,-5.19
9434.0,-5.11
9435.0,-5.05
9436.0,-5.24
9437.0,-5.49
9438.0,-5.09
9439.0,-5.02
9440.0,-5.470000000000001
9441.0,-5.33
9442.0,-5.07
9443.0,-5.46
9444.0,-5.390000000000001
9445.0,-5.18
9446.0,-5.21
9447.0,-5.390000000000001
9448.0,-5.02
9449.0,-5.3
9450.0,-5.49
9451.0,-5.22
9452.0,-5.09
9453.0,-5.57
9454.0,-5.630000000000001
9455.0,-5.08
9456.0,-5.430000000000001
9457.0,-5.14
9458.0,-5.2
9459.0,-5.32
9460.0,-5.03
9461.0,-5.03
9462.0,-5.03
9463.0,-5.36
9464.0,-5.04
9465.0,-5.01
9466.0,-5.5600000000000005
9467.0,-5.02
9468.0,-5.42
9469.0,-5.2700000000000005
9470.0,-5.3500000000000005
9471.0,-5.02
9472.0,-5.08
9473.0,-5.12
9474.0,-5.390000000000001
9475.0,-5.3500000000000005
9476.0,-5.1
9477.0,-5.04
9478.0,-5.550000000000001
9479.0,-5.01
9480.0,-5.3
9481.0,-5.2700000000000005
9482.0,-5.02
9483.0,-5.13
9484.0,-5.25
9485.0,-5.390000000000001
9486.0,-5.5200000000000005
9487.0,-5.19
9488.0,-5.16
9489.0,-5.04
9490.0,-5.13
9491.0,-5.14
9492.0,-5.65
9493.0,-5.05
9494.0,-5.28
9495.0,-5.69
9496.0,-5.06
9497.0,-5.15
9498.0,-5.51
9499.0,-5.3500000000000005
9500.0,-5.24
9501.0,-5.17
9502.0,-5.22
9503.0,-5.45
9504.0,-5.25
9505.0,-5.03
9506.0,-5.54
9507.0,-5.73
9508.0,-5.2
9509.0,-5.6000000000000005
9510.0,-5.74
9511.0,-5.02
9512.0,-5.42
9513.0,-5.32
9514.0,-5.2
9515.0,-5.14
9516.0,-5.09
9517.0,-5.04
9518.0,-1.0000000000000007
9519.0,-5.07
9520.0,-5.02
9521.0,-5.09
9522.0,-5.08
9523.0,-5.38
9524.0,-5.03
9525.0,-5.45
9526.0,-5.08
9527.0,-5.78
9528.0,-5.17
9529.0,-5.24
9530.0,-5.2
9531.0,-5.15
9532.0,-5.680000000000001
9533.0,-5.25
9534.0,-5.13
9535.0,-5.07
9536.0,-1.0000000000000007
9537.0,-5.41
9538.0,-5.36
9539.0,-5.03
9540.0,-5.09
9541.0,-5.01
9542.0,-5.430000000000001
9543.0,-5.29
9544.0,-5.12
9545.0,-5.02
9546.0,-5.34
9547.0,-5.28
9548.0,-5.41
9549.0,-1.0000000000000007
9550.0,-5.08
9551.0,-5.16
9552.0,-5.46
9553.0,-5.07
9554.0,-5.03
9555.0,-5.75
9556.0,-5.550000000000001
9557.0,-5.08
9558.0,-5.04
9559.0,-5.44
9560.0,-5.390000000000001
9561.0,-5.08
9562.0,-5.08
9563.0,-5.13
9564.0,-5.51
9565.0,-5.03
9566.0,-5.22
9567.0,-5.22
9568.0,-5.3100000000000005
9569.0,-5.06
9570.0,-5.470000000000001
9571.0,-5.41
9572.0,-5.720000000000001
9573.0,-5.1
9574.0,-5.42
9575.0,-5.02
9576.0,-5.07
9577.0,-5.01
9578.0,-5.16
9579.0,-5.65
9580.0,4.4399999999999995
9581.0,-5.26
9582.0,-5.390000000000001
9583.0,-5.11
9584.0,-5.04
9585.0,-5.28
9586.0,-5.02
9587.0,-5.26
9588.0,-5.18
9589.0,-5.04
9590.0,-5.04
9591.0,-5.01
9592.0,-5.41
9593.0,-5.01
9594.0,-5.36
9595.0,-5.07
9596.0,-5.03
9597.0,-5.02
9598.0,-5.4
9599.0,-5.390000000000001
9600.0,-5.2
9601.0,-5.54
9602.0,-5.02
9603.0,-5.42
9604.0,-5.34
9605.0,-5.390000000000001
9606.0,-5.3
9607.0,-5.890000000000001
9608.0,-5.02
9609.0,-5.48
9610.0,-5.12
9611.0,-5.94
9612.0,-5.65
9613.0,-5.36
9614.0,-5.2
9615.0,-5.54
9616.0,-5.49
9617.0,-5.08
9618.0,-5.02
9619.0,-5.07
9620.0,-5.15
9621.0,-5.22
9622.0,-5.22
9623.0,-5.14
9624.0,-5.18
9625.0,-5.02
9626.0,-5.03
9627.0,-5.3500000000000005
9628.0,-5.48
9629.0,-5.07
9630.0,-5.02
9631.0,-5.02
9632.0,-5.12
9633.0,-5.46
9634.0,-5.02
9635.0,-5.03
9636.0,-5.51
9637.0,-5.430000000000001
9638.0,-5.3
9639.0,-5.3100000000000005
9640.0,-5.36
9641.0,-5.32
9642.0,-5.08
9643.0,-5.17
9644.0,-5.65
9645.0,-5.13
9646.0,-5.24
9647.0,-5.3500000000000005
9648.0,-5.41
9649.0,-5.02
9650.0,-5.12
9651.0,-5.01
9652.0,-5.73
9653.0,-5.390000000000001
9654.0,-5.13
9655.0,-5.11
9656.0,-5.24
9657.0,-5.83
9658.0,-5.03
9659.0,-5.6000000000000005
9660.0,-5.430000000000001
9661.0,-5.09
9662.0,-5.4
9663.0,-5.6000000000000005
9664.0,-5.12
9665.0,-5.21
9666.0,-5.03
9667.0,-5.34
9668.0,-5.18
9669.0,-5.46
9670.0,-5.02
9671.0,-5.45
9672.0,-5.34
9673.0,-5.29
9674.0,-5.32
9675.0,-5.02
9676.0,-5.59
9677.0,-5.13
9678.0,-5.23
9679.0,-5.02
9680.0,-5.630000000000001
9681.0,-5.21
9682.0,-5.24
9683.0,-5.1
9684.0,-5.5600000000000005
9685.0,-5.48
9686.0,-5.45
9687.0,-5.29
9688.0,-5.04
9689.0,-5.1
9690.0,-5.37
9691.0,-5.09
9692.0,-5.2
9693.0,-5.3
9694.0,-5.23
9695.0,-5.2700000000000005
9696.0,-5.1
9697.0,-5.03
9698.0,-5.07
9699.0,-5.23
9700.0,-5.7
9701.0,-5.15
9702.0,-5.3500000000000005
9703.0,-5.680000000000001
9704.0,-5.1
9705.0,-5.03
9706.0,-5.840000000000001
9707.0,-5.07
9708.0,-5.38
9709.0,-5.04
9710.0,-5.02
9711.0,-5.07
9712.0,-5.29
9713.0,-5.06
9714.0,-5.28
9715.0,-5.42
9716.0,-5.710000000000001
9717.0,-5.5
9718.0,-5.15
9719.0,-5.02
9720.0,-5.25
9721.0,-5.07
9722.0,-5.34
9723.0,-1.0000000000000007
9724.0,-5.53
9725.0,-5.61
9726.0,-5.53
9727.0,-5.1
9728.0,-5.24
9729.0,-5.33
9730.0,-5.02
9731.0,-5.44
9732.0,-5.36
9733.0,-5.2
9734.0,-5.07
9735.0,-5.01
9736.0,-5.07
9737.0,-5.04
9738.0,-5.49
9739.0,-5.02
9740.0,-5.17
9741.0,-5.2700000000000005
9742.0,-5.05
9743.0,-5.53
9744.0,-5.680000000000001
9745.0,-5.37
9746.0,-5.5600000000000005
9747.0,-5.03
9748.0,-5.28
9749.0,-5.2700000000000005
9750.0,-5.04
9751.0,-5.02
9752.0,-5.09
9753.0,-5.02
9754.0,-5.01
9755.0,-5.41
9756.0,-5.82
9757.0,-5.03
9758.0,-5.45
9759.0,-5.840000000000001
9760.0,-5.2
9761.0,-5.07
9762.0,-5.4
9763.0,-5.36
9764.0,-5.09
9765.0,-5.36
9766.0,-5.19
9767.0,-5.02
9768.0,-5.58
9769.0,-5.02
9770.0,-5.62
9771.0,-5.09
9772.0,-5.08
9773.0,-5.1
9774.0,-5.18
9775.0,-5.25
9776.0,-5.430000000000001
9777.0,-5.15
9778.0,-5.12
9779.0,-5.58
9780.0,-5.21
9781.0,-5.06
9782.0,-5.04
9783.0,-5.06
9784.0,-5.48
9785.0,-5.14
9786.0,-5.2
9787.0,-5.04
9788.0,-5.24
9789.0,-5.32
9790.0,-5.11
9791.0,-5.3
9792.0,-5.5
9793.0,-5.51
9794.0,-5.800000000000001
9795.0,-5.07
9796.0,-5.51
9797.0,-5.06
9798.0,-5.390000000000001
9799.0,-5.51
9800.0,-5.16
9801.0,-5.18
9802.0,-5.4
9803.0,-5.08
9804.0,-5.14
9805.0,-5.51
9806.0,-5.15
9807.0,-5.33
9808.0,-5.23
9809.0,-5.02
9810.0,-5.14
9811.0,-5.03
9812.0,-5.05
9813.0,-5.33
9814.0,-5.03
9815.0,-5.33
9816.0,-5.15
9817.0,-5.04
9818.0,-5.1
9819.0,-5.05
9820.0,-5.54
9821.0,-5.1
9822.0,-5.42
9823.0,-5.13
9824.0,-5.23
9825.0,-5.25
9826.0,-5.37
9827.0,-5.630000000000001
9828.0,-5.13
9829.0,-5.26
9830.0,-5.09
9831.0,-5.53
9832.0,-5.26
9833.0,-5.15
9834.0,-5.2700000000000005
9835.0,-5.06
9836.0,-5.01
9837.0,-5.46
9838.0,-5.06
9839.0,-5.02
9840.0,-5.12
9841.0,-5.390000000000001
9842.0,-5.3100000000000005
9843.0,-5.03
9844.0,-5.07
9845.0,-5.05
9846.0,-5.1
9847.0,-5.03
9848.0,-5.23
9849.0,-5.2700000000000005
9850.0,-5.04
9851.0,-5.01
9852.0,-1.0000000000000007
9853.0,-5.960000000000001
9854.0,-5.08
9855.0,-5.01
9856.0,-5.04
9857.0,-5.950000000000001
9858.0,-5.08
9859.0,-5.01
9860.0,-5.44
9861.0,-5.7
9862.0,-5.05
9863.0,-5.19
9864.0,-5.01
9865.0,-5.13
9866.0,-5.21
9867.0,-5.29
9868.0,-5.11
9869.0,-5.870000000000001
9870.0,-5.390000000000001
9871.0,-5.02
9872.0,-5.14
9873.0,-5.790000000000001
9874.0,-5.33
9875.0,-5.04
9876.0,-5.42
9877.0,-5.49
9878.0,-5.26
9879.0,-5.22
9880.0,-5.09
9881.0,-5.01
9882.0,-5.5200000000000005
9883.0,-5.07
9884.0,-5.02
9885.0,-5.66
9886.0,-5.19
9887.0,-5.04
9888.0,-5.01
9889.0,-5.16
9890.0,-5.05
9891.0,-5.5200000000000005
9892.0,4.18
9893.0,-5.02
9894.0,-5.17
9895.0,-5.34
9896.0,-5.06
9897.0,-5.15
9898.0,-5.16
9899.0,-5.06
9900.0,-5.05
9901.0,-5.46
9902.0,-5.53
9903.0,-5.4
9904.0,-5.13
9905.0,-5.11
9906.0,-5.16
9907.0,-5.13
9908.0,-5.04
9909.0,-5.3
9910.0,-5.51
9911.0,-5.12
9912.0,-5.630000000000001
9913.0,-5.06
9914.0,-5.3
9915.0,-5.08
9916.0,-5.25
9917.0,-5.3
9918.0,-5.33
9919.0,-5.1
9920.0,-5.06
9921.0,-5.5200000000000005
9922.0,-5.33
9923.0,-5.46
9924.0,-5.04
9925.0,-5.06
9926.0,-5.62
9927.0,-5.29
9928.0,-5.01
9929.0,-5.32
9930.0,-5.8100000000000005
9931.0,-5.5
9932.0,-5.890000000000001
9933.0,-5.1
9934.0,-5.02
9935.0,-5.78
9936.0,-5.23
9937.0,-5.24
9938.0,-5.15
9939.0,-5.390000000000001
9940.0,-5.41
9941.0,-5.390000000000001
9942.0,-5.07
9943.0,-5.03
9944.0,-5.04
9945.0,-5.08
9946.0,-5.430000000000001
9947.0,-5.800000000000001
9948.0,-5.12
9949.0,-5.2
9950.0,-5.4
9951.0,-5.33
9952.0,-5.01
9953.0,-5.3
9954.0,-5.03
9955.0,-5.22
9956.0,-5.05
9957.0,-5.3100000000000005
9958.0,-5.54
9959.0,-5.08
9960.0,-5.11
9961.0,-5.430000000000001
9962.0,-5.09
9963.0,-5.62
9964.0,-5.26
9965.0,-5.01
9966.0,-5.03
9967.0,-5.25
9968.0,-5.1
9969.0,-5.02
9970.0,-5.01
9971.0,-5.5200000000000005
9972.0,-5.03
9973.0,-5.01
9974.0,-5.04
9975.0,-5.29
9976.0,-5.59
9977.0,-5.8100000000000005
9978.0,-5.51
9979.0,-5.08
9980.0,-5.2
9981.0,-5.18
9982.0,-5.09
9983.0,4.029999999999999
9984.0,-5.7700000000000005
9985.0,-5.19
9986.0,-5.430000000000001
9987.0,-5.45
9988.0,-5.470000000000001
9989.0,-5.44
9990.0,-5.19
9991.0,-5.470000000000001
9992.0,-5.48
9993.0,-5.05
9994.0,-5.41
9995.0,-5.01
9996.0,-5.01
9997.0,-5.28
9998.0,-5.390000000000001
9999.0,-5.02
10000.0,-5.32
10001.0,-5.390000000000001
10002.0,-5.24
10003.0,-5.08
10004.0,-5.58
10005.0,-5.22
10006.0,-5.17
10007.0,-5.4
10008.0,-5.02
10009.0,-5.17
10010.0,-5.05
10011.0,-5.09
10012.0,-5.66
10013.0,-5.550000000000001
10014.0,-5.2700000000000005
10015.0,-5.16
10016.0,-5.57
10017.0,-1.0000000000000007
10018.0,-5.12
10019.0,-5.02
10020.0,-5.45
10021.0,-5.2700000000000005
10022.0,-5.5
10023.0,-5.02
10024.0,-5.33
10025.0,-5.07
10026.0,-5.1
10027.0,-5.42
10028.0,-5.15
10029.0,-5.3500000000000005
10030.0,-5.34
10031.0,-5.03
10032.0,-5.06
10033.0,-5.49
10034.0,-5.51
10035.0,-5.5200000000000005
10036.0,-5.12
10037.0,-5.19
10038.0,-5.33
10039.0,-5.22
10040.0,-5.790000000000001
10041.0,-5.04
10042.0,-5.470000000000001
10043.0,-5.09
10044.0,-5.1
10045.0,-5.15
10046.0,-5.06
10047.0,-5.29
10048.0,-5.37
10049.0,-5.45
10050.0,-5.53
10051.0,-5.34
10052.0,-5.07
10053.0,-5.5200000000000005
10054.0,-5.34
10055.0,-5.22
10056.0,-5.04
10057.0,-5.32
10058.0,-5.22
10059.0,-5.2
10060.0,-5.69
10061.0,-5.41
10062.0,-5.06
10063.0,-5.28
10064.0,-5.6000000000000005
10065.0,-5.15
10066.0,-5.790000000000001
10067.0,-5.18
10068.0,-5.45
10069.0,-5.15
10070.0,-5.25
10071.0,-5.09
10072.0,-5.7
10073.0,-5.14
10074.0,-5.01
10075.0,-5.630000000000001
10076.0,-5.630000000000001
10077.0,-5.16
10078.0,-5.05
10079.0,-5.3100000000000005
10080.0,-5.11
10081.0,-5.11
10082.0,-5.01
10083.0,-5.67
10084.0,-5.01
10085.0,-5.02
10086.0,-5.09
10087.0,-5.17
10088.0,-5.04
10089.0,-5.1
10090.0,-5.06
10091.0,-5.07
10092.0,-5.51
10093.0,-5.42
10094.0,-5.29
10095.0,-5.15
10096.0,-5.2700000000000005
10097.0,-5.18
10098.0,-5.710000000000001
10099.0,-5.48
10100.0,-5.17
10101.0,-5.05
10102.0,-5.21
10103.0,-5.33
10104.0,-5.3
10105.0,-5.08
10106.0,-5.04
10107.0,-5.03
10108.0,-5.41
10109.0,-5.470000000000001
10110.0,-5.19
10111.0,-5.08
10112.0,-5.02
10113.0,-5.74
10114.0,-5.32
10115.0,-5.03
10116.0,-5.550000000000001
10117.0,-5.05
10118.0,-5.06
10119.0,-5.02
10120.0,-5.640000000000001
10121.0,-5.01
10122.0,-5.02
10123.0,-5.03
10124.0,-5.05
10125.0,-5.02
10126.0,-5.21
10127.0,-5.4
10128.0,-5.37
10129.0,-5.3100000000000005
10130.0,-5.44
10131.0,-5.66
10132.0,-5.48
10133.0,-5.4
10134.0,-5.630000000000001
10135.0,-5.42
10136.0,-5.04
10137.0,-5.22
10138.0,-5.16
10139.0,-5.34
10140.0,-5.51
10141.0,-1.0000000000000007
10142.0,-5.24
10143.0,-5.1
10144.0,-5.42
10145.0,-5.640000000000001
10146.0,-5.01
10147.0,-5.09
10148.0,-5.32
10149.0,-5.05
10150.0,-5.2700000000000005
10151.0,-5.74
10152.0,-5.02
10153.0,-5.57
10154.0,-5.3100000000000005
10155.0,-5.36
10156.0,-5.34
10157.0,-5.16
10158.0,-5.04
10159.0,-5.03
10160.0,-5.03
10161.0,-5.5200000000000005
10162.0,-5.18
10163.0,-5.03
10164.0,-5.08
10165.0,-5.44
10166.0,-5.23
10167.0,-5.02
10168.0,-5.02
10169.0,-5.33
10170.0,-5.34
10171.0,-5.06
10172.0,-5.09
10173.0,-5.02
10174.0,-5.23
10175.0,-5.65
10176.0,-5.01
10177.0,-5.09
10178.0,-5.430000000000001
10179.0,-5.01
10180.0,-1.0000000000000007
10181.0,-5.470000000000001
10182.0,-5.03
10183.0,-5.08
10184.0,-5.33
10185.0,-5.760000000000001
10186.0,-5.720000000000001
10187.0,-5.06
10188.0,-5.45
10189.0,-5.02
10190.0,-5.06
10191.0,-5.42
10192.0,-5.5200000000000005
10193.0,-5.59
10194.0,-5.91
10195.0,-5.28
10196.0,-5.15
10197.0,-5.06
10198.0,-5.19
10199.0,-5.2700000000000005
10200.0,-5.34
10201.0,-5.44
10202.0,-5.800000000000001
10203.0,-5.05
10204.0,-5.44
10205.0,-5.4
10206.0,-5.01
10207.0,-5.7700000000000005
10208.0,-5.22
10209.0,-5.550000000000001
10210.0,-5.3100000000000005
10211.0,-5.26
10212.0,-5.5600000000000005
10213.0,-5.5600000000000005
10214.0,-5.25
10215.0,-5.42
10216.0,-5.41
10217.0,-5.3500000000000005
10218.0,-5.36
10219.0,-5.36
10220.0,-5.5600000000000005
10221.0,-5.15
10222.0,-5.25
10223.0,-5.3
10224.0,-5.07
10225.0,-5.02
10226.0,-5.03
10227.0,-5.42
10228.0,-5.42
10229.0,-5.3500000000000005
10230.0,-5.57
10231.0,-5.44
10232.0,-5.23
10233.0,-5.01
10234.0,-5.41
10235.0,-5.37
10236.0,-5.08
10237.0,-5.3500000000000005
10238.0,-5.08
10239.0,-5.02
10240.0,-5.4
10241.0,-5.46
10242.0,-5.75
10243.0,-5.5200000000000005
10244.0,-5.12
10245.0,-5.2
10246.0,-5.3
10247.0,-5.58
10248.0,-5.23
10249.0,-5.38
10250.0,-5.2
10251.0,-5.15
10252.0,-5.2
10253.0,-5.3500000000000005
10254.0,-5.15
10255.0,-5.29
10256.0,-5.51
10257.0,-5.49
10258.0,-5.01
10259.0,-5.05
10260.0,-5.06
10261.0,-5.06
10262.0,-5.02
10263.0,-5.09
10264.0,-5.24
10265.0,-5.33
10266.0,-5.390000000000001
10267.0,-5.2700000000000005
10268.0,-5.390000000000001
10269.0,-5.1
10270.0,-5.640000000000001
10271.0,-5.4
10272.0,-5.3100000000000005
10273.0,-5.840000000000001
10274.0,-5.66
10275.0,-5.12
10276.0,-5.430000000000001
10277.0,-5.02
10278.0,-5.2
10279.0,-5.57
10280.0,-5.4
10281.0,-5.950000000000001
10282.0,-5.42
10283.0,-5.09
10284.0,-5.16
10285.0,-5.3
10286.0,-5.29
10287.0,-5.02
10288.0,-5.16
10289.0,-5.03
10290.0,-5.09
10291.0,-5.02
10292.0,-5.36
10293.0,-5.06
10294.0,-5.06
10295.0,-5.26
10296.0,-5.01
10297.0,-5.2
10298.0,-5.05
10299.0,-5.26
10300.0,-5.390000000000001
10301.0,-5.66
10302.0,-5.13
10303.0,-5.16
10304.0,-5.13
10305.0,-5.15
10306.0,-5.3500000000000005
10307.0,-5.17
10308.0,-5.18
10309.0,-5.06
10310.0,-5.24
10311.0,-5.49
10312.0,-5.41
10313.0,-5.05
10314.0,-5.03
10315.0,-5.46
10316.0,-5.5600000000000005
10317.0,-5.08
10318.0,-5.07
10319.0,-5.2700000000000005
10320.0,-5.04
10321.0,-5.04
10322.0,-5.920000000000001
10323.0,-5.69
10324.0,-5.2
10325.0,-5.09
10326.0,-5.07
10327.0,-5.01
10328.0,-5.41
10329.0,-5.59
10330.0,-5.01
10331.0,-5.41
10332.0,-5.2700000000000005
10333.0,-5.04
10334.0,-5.3500000000000005
10335.0,-5.53
10336.0,-5.11
10337.0,-5.2700000000000005
10338.0,-5.03
10339.0,-5.34
10340.0,-5.680000000000001
10341.0,-5.01
10342.0,-5.28
10343.0,-5.38
10344.0,-5.07
10345.0,-5.45
10346.0,-5.29
10347.0,-5.06
10348.0,-5.3
10349.0,-5.3100000000000005
10350.0,-5.4
10351.0,-5.07
10352.0,-5.37
10353.0,-5.04
10354.0,-5.16
10355.0,-5.23
10356.0,-5.24
10357.0,-5.2
10358.0,-5.37
10359.0,-5.02
10360.0,-5.04
10361.0,-5.02
10362.0,-5.08
10363.0,-5.14
10364.0,-5.630000000000001
10365.0,-5.69
10366.0,-5.630000000000001
10367.0,-5.05
10368.0,-5.41
10369.0,-5.19
10370.0,-5.26
10371.0,-5.26
10372.0,-5.5600000000000005
10373.0,-5.15
10374.0,-5.16
10375.0,-5.3100000000000005
10376.0,-5.02
10377.0,-5.4
10378.0,-5.04
10379.0,-5.2
10380.0,-5.19
10381.0,-5.12
10382.0,-5.1
10383.0,-5.01
10384.0,-5.05
10385.0,-5.02
10386.0,-5.06
10387.0,-5.01
10388.0,-5.2
10389.0,-5.04
10390.0,-5.03
10391.0,-5.13
10392.0,-5.5
10393.0,-5.01
10394.0,-5.01
10395.0,-5.45
10396.0,-5.02
10397.0,-5.01
10398.0,-5.06
10399.0,-5.26
10400.0,-5.05
10401.0,-5.32
10402.0,-5.5600000000000005
10403.0,-5.06
10404.0,-5.08
10405.0,-5.48
10406.0,-5.37
10407.0,-5.33
10408.0,-5.38
10409.0,-5.1
10410.0,-5.61
10411.0,-5.5
10412.0,-5.08
10413.0,-5.04
10414.0,-5.1
10415.0,-5.13
10416.0,-5.26
10417.0,-5.07
10418.0,-5.34
10419.0,-5.48
10420.0,-5.69
10421.0,-5.42
10422.0,-5.44
10423.0,-5.430000000000001
10424.0,-5.04
10425.0,-5.3
10426.0,-5.17
10427.0,-5.02
10428.0,-5.04
10429.0,-5.5200000000000005
10430.0,-5.62
10431.0,-5.7700000000000005
10432.0,-5.4
10433.0,-5.1
10434.0,-5.04
10435.0,-5.02
10436.0,-5.17
10437.0,-5.05
10438.0,-5.05
10439.0,-5.01
10440.0,-5.11
10441.0,-5.06
10442.0,-5.51
10443.0,-5.4
10444.0,-5.59
10445.0,-5.01
10446.0,-5.12
10447.0,-5.32
10448.0,-5.75
10449.0,-5.1
10450.0,-5.17
10451.0,-5.34
10452.0,-5.2700000000000005
10453.0,-5.430000000000001
10454.0,-5.25
10455.0,-5.05
10456.0,-5.01
10457.0,-5.25
10458.0,-5.51
10459.0,-5.49
10460.0,-5.02
10461.0,-5.11
10462.0,-5.34
10463.0,-5.01
10464.0,-5.02
10465.0,-5.430000000000001
10466.0,-5.07
10467.0,-5.06
10468.0,-5.5
10469.0,-5.38
10470.0,-5.3
10471.0,-5.37
10472.0,-5.34
10473.0,-5.37
10474.0,-5.630000000000001
10475.0,-5.36
10476.0,-5.08
10477.0,-5.2
10478.0,-5.3
10479.0,-5.01
10480.0,-5.4
10481.0,-5.4
10482.0,-5.34
10483.0,-5.2
10484.0,-5.1
10485.0,-5.32
10486.0,-5.3100000000000005
10487.0,-5.23
10488.0,-5.3100000000000005
10489.0,-5.04
10490.0,-5.02
10491.0,-5.2
10492.0,-5.430000000000001
10493.0,-5.02
10494.0,-5.29
10495.0,-5.04
10496.0,-5.44
10497.0,-5.05
10498.0,-5.02
10499.0,-5.470000000000001
10500.0,-5.12
10501.0,-5.3500000000000005
10502.0,-5.14
10503.0,-5.45
10504.0,-5.59
10505.0,-5.680000000000001
10506.0,-5.01
10507.0,-5.86
10508.0,-5.48
10509.0,-5.04
10510.0,-5.37
10511.0,-5.21
10512.0,-5.630000000000001
10513.0,-5.2700000000000005
10514.0,-5.18
10515.0,-5.02
10516.0,-5.04
10517.0,-5.02
10518.0,-5.1
10519.0,-5.6000000000000005
10520.0,-5.15
10521.0,-5.05
10522.0,-5.04
10523.0,-5.01
10524.0,-5.46
10525.0,-5.23
10526.0,-5.28
10527.0,4.119999999999999
10528.0,-5.01
10529.0,-5.3
10530.0,-5.12
10531.0,-5.61
10532.0,-5.12
10533.0,-5.06
10534.0,-5.23
10535.0,-5.04
10536.0,-5.430000000000001
10537.0,-5.45
10538.0,-5.42
10539.0,-5.12
10540.0,-5.04
10541.0,-5.46
10542.0,-5.1
10543.0,-5.04
10544.0,-5.05
10545.0,-5.01
10546.0,-5.07
10547.0,-5.09
10548.0,-5.41
10549.0,-5.14
10550.0,-5.33
10551.0,-5.03
10552.0,-5.45
10553.0,-5.21
10554.0,-5.33
10555.0,-5.1
10556.0,-5.02
10557.0,-5.01
10558.0,-5.430000000000001
10559.0,-5.05
10560.0,-5.58
10561.0,-5.05
10562.0,-5.33
10563.0,-5.19
10564.0,-5.45
10565.0,-5.04
10566.0,-5.01
10567.0,-5.09
10568.0,-5.02
10569.0,-5.36
10570.0,-5.12
10571.0,-5.46
10572.0,-5.15
10573.0,-5.02
10574.0,-5.24
10575.0,-5.470000000000001
10576.0,-5.11
10577.0,-5.45
10578.0,-5.4
10579.0,-5.29
10580.0,-5.01
10581.0,-5.58
10582.0,-5.04
10583.0,-5.02
10584.0,-5.32
10585.0,-5.02
10586.0,-5.07
10587.0,-5.09
10588.0,-5.15
10589.0,-5.07
10590.0,-5.42
10591.0,-5.02
10592.0,-5.02
10593.0,-5.37
10594.0,-5.25
10595.0,-5.34
10596.0,-5.5200000000000005
10597.0,-5.2700000000000005
10598.0,-5.22
10599.0,-5.13
10600.0,-5.08
10601.0,-5.37
10602.0,-5.03
10603.0,-5.51
10604.0,-5.34
10605.0,-5.66
10606.0,-5.01
10607.0,-5.04
10608.0,-5.46
10609.0,-5.28
10610.0,-5.5
10611.0,-5.41
10612.0,-5.05
10613.0,-5.09
10614.0,-5.07
10615.0,-5.05
10616.0,-5.04
10617.0,-5.28
10618.0,-5.14
10619.0,-5.03
10620.0,-5.09
10621.0,-5.04
10622.0,-5.04
10623.0,-5.03
10624.0,-5.46
10625.0,-5.08
10626.0,-5.3500000000000005
10627.0,-5.3100000000000005
10628.0,-5.03
10629.0,-5.26
10630.0,-5.01
10631.0,-5.32
10632.0,-5.38
10633.0,-5.02
10634.0,-5.13
10635.0,-5.26
10636.0,-5.05
10637.0,-5.38
10638.0,-5.1
10639.0,-5.07
10640.0,-5.42
10641.0,-5.3
10642.0,-5.01
10643.0,-5.5200000000000005
10644.0,-5.720000000000001
10645.0,-5.14
10646.0,-5.2700000000000005
10647.0,-5.710000000000001
10648.0,-5.2700000000000005
10649.0,-5.18
10650.0,-5.09
10651.0,-5.06
10652.0,-5.5
10653.0,-5.14
10654.0,-5.38
10655.0,-5.08
10656.0,-5.19
10657.0,-5.04
10658.0,-5.13
10659.0,-5.53
10660.0,-5.04
10661.0,-5.02
10662.0,-5.8100000000000005
10663.0,-5.45
10664.0,-5.03
10665.0,-5.25
10666.0,-5.01
10667.0,-5.550000000000001
10668.0,-5.08
10669.0,-5.5
10670.0,-5.65
10671.0,-5.46
10672.0,-5.25
10673.0,-5.26
10674.0,-5.5200000000000005
10675.0,-5.65
10676.0,-5.53
10677.0,-5.630000000000001
10678.0,-5.04
10679.0,-5.08
10680.0,-5.32
10681.0,-5.640000000000001
10682.0,-5.01
10683.0,-5.54
10684.0,-5.19
10685.0,-5.630000000000001
10686.0,-5.42
10687.0,-5.32
10688.0,-5.28
10689.0,-5.48
10690.0,-5.6000000000000005
10691.0,-5.66
10692.0,-5.11
10693.0,-5.19
10694.0,-5.06
10695.0,-5.04
10696.0,4.26
10697.0,-5.550000000000001
10698.0,-5.11
10699.0,-5.3500000000000005
10700.0,-5.3
10701.0,-5.05
10702.0,-5.66
10703.0,-1.0000000000000007
10704.0,-5.04
10705.0,-5.18
10706.0,-5.2
10707.0,-5.25
10708.0,-5.13
10709.0,-5.45
10710.0,-5.04
10711.0,-5.08
10712.0,-5.5
10713.0,-5.41
10714.0,-5.23
10715.0,-5.34
10716.0,-5.53
10717.0,-5.32
10718.0,-5.5
10719.0,-5.41
10720.0,-5.04
10721.0,-5.45
10722.0,-5.05
10723.0,-5.42
10724.0,-5.790000000000001
10725.0,-5.15
10726.0,-5.03
10727.0,-5.54
10728.0,-5.08
10729.0,-5.08
10730.0,-5.04
10731.0,-5.46
10732.0,-5.37
10733.0,-5.02
10734.0,-5.03
10735.0,-5.3500000000000005
10736.0,-5.65
10737.0,-5.07
10738.0,-5.19
10739.0,-5.1
10740.0,-5.5200000000000005
10741.0,-5.38
10742.0,-5.430000000000001
10743.0,-5.390000000000001
10744.0,-5.26
10745.0,-5.41
10746.0,-5.1
10747.0,-5.02
10748.0,-5.26
10749.0,-5.04
10750.0,-5.5
10751.0,-5.26
10752.0,-5.23
10753.0,-5.33
10754.0,-5.28
10755.0,-5.37
10756.0,-5.41
10757.0,-5.24
10758.0,-5.04
10759.0,-5.33
10760.0,-5.05
10761.0,-5.04
10762.0,-5.82
10763.0,-5.58
10764.0,-5.94
10765.0,-5.3100000000000005
10766.0,-5.17
10767.0,-5.66
10768.0,-5.05
10769.0,-5.02
10770.0,-5.06
10771.0,-5.28
10772.0,-5.02
10773.0,-5.2700000000000005
10774.0,-5.05
10775.0,-5.03
10776.0,-5.22
10777.0,4.3
10778.0,-5.38
10779.0,-5.48
10780.0,-5.04
10781.0,-5.3500000000000005
10782.0,-5.430000000000001
10783.0,-5.17
10784.0,-5.09
10785.0,-5.34
10786.0,-5.38
10787.0,-5.01
10788.0,-5.390000000000001
10789.0,-5.02
10790.0,-5.23
10791.0,-5.3100000000000005
10792.0,-5.32
10793.0,-5.06
10794.0,-5.26
10795.0,-5.24
10796.0,-5.04
10797.0,-5.05
10798.0,-5.5
10799.0,-5.18
10800.0,-5.53
10801.0,-5.24
10802.0,-5.23
10803.0,-5.83
10804.0,-5.25
10805.0,-5.03
10806.0,-5.2700000000000005
10807.0,-5.17
10808.0,-5.44
10809.0,-5.17
10810.0,-5.23
10811.0,-5.53
10812.0,-5.02
10813.0,4.199999999999999
10814.0,-5.3
10815.0,-5.32
10816.0,-5.36
10817.0,-5.01
10818.0,-5.04
10819.0,-5.86
10820.0,-5.59
10821.0,-5.48
10822.0,-5.06
10823.0,-5.04
10824.0,-1.0000000000000007
10825.0,-5.15
10826.0,-5.7
10827.0,-5.3500000000000005
10828.0,-5.36
10829.0,-5.66
10830.0,-5.61
10831.0,-5.04
10832.0,-5.1
10833.0,-5.07
10834.0,-5.3
10835.0,-5.66
10836.0,-5.04
10837.0,-5.1
10838.0,-5.02
10839.0,-5.45
10840.0,-5.630000000000001
10841.0,-5.13
10842.0,-5.33
10843.0,-5.2700000000000005
10844.0,-5.1
10845.0,-5.42
10846.0,-5.65
10847.0,-5.67
10848.0,-5.18
10849.0,-5.18
10850.0,-5.37
10851.0,-5.26
10852.0,-5.3
10853.0,-5.550000000000001
10854.0,-5.34
10855.0,-5.2
10856.0,-5.26
10857.0,-5.36
10858.0,-5.14
10859.0,-5.28
10860.0,-5.04
10861.0,-5.26
10862.0,-5.09
10863.0,-5.54
10864.0,-5.02
10865.0,-5.04
10866.0,-5.1
10867.0,-5.11
10868.0,-5.24
10869.0,-5.01
10870.0,-5.24
10871.0,-5.07
10872.0,-5.69
10873.0,-5.06
10874.0,-5.03
10875.0,-5.08
10876.0,-5.37
10877.0,-5.32
10878.0,-5.28
10879.0,-5.01
10880.0,-5.04
10881.0,-5.41
10882.0,-5.02
10883.0,-5.48
10884.0,-5.28
10885.0,-5.29
10886.0,-5.06
10887.0,-5.03
10888.0,-5.15
10889.0,-5.54
10890.0,-1.0000000000000007
10891.0,-5.37
10892.0,-5.4
10893.0,-5.05
10894.0,-5.430000000000001
10895.0,-5.07
10896.0,-5.8500000000000005
10897.0,-5.48
10898.0,-5.03
10899.0,-5.09
10900.0,-5.470000000000001
10901.0,-5.06
10902.0,-5.48
10903.0,-5.26
10904.0,-5.34
10905.0,-5.08
10906.0,-5.02
10907.0,-5.1
10908.0,-5.23
10909.0,-5.03
10910.0,-5.65
10911.0,-5.09
10912.0,-5.17
10913.0,-5.18
10914.0,-5.06
10915.0,-5.42
10916.0,-5.24
10917.0,-5.03
10918.0,-5.42
10919.0,-5.04
10920.0,4.18
10921.0,-5.26
10922.0,-5.29
10923.0,-5.28
10924.0,-5.05
10925.0,-5.21
10926.0,-5.38
10927.0,-5.09
10928.0,-5.3
10929.0,-5.45
10930.0,-5.05
10931.0,-5.550000000000001
10932.0,-5.880000000000001
10933.0,-5.04
10934.0,-5.26
10935.0,-5.36
10936.0,-5.7
10937.0,-5.03
10938.0,-5.08
10939.0,-5.630000000000001
10940.0,-5.02
10941.0,-5.18
10942.0,-5.09
10943.0,-5.680000000000001
10944.0,-5.14
10945.0,-5.23
10946.0,-5.01
10947.0,-5.2700000000000005
10948.0,-5.2700000000000005
10949.0,-5.2700000000000005
10950.0,-5.03
10951.0,-5.44
10952.0,-5.12
10953.0,-5.2
10954.0,-5.57
10955.0,-5.01
10956.0,-5.36
10957.0,-5.12
10958.0,-5.2
10959.0,-5.28
10960.0,-5.57
10961.0,-5.680000000000001
10962.0,-5.720000000000001
10963.0,-5.54
10964.0,-5.4
10965.0,-5.430000000000001
10966.0,-5.02
10967.0,-5.01
10968.0,-5.01
10969.0,-5.04
10970.0,-5.02
10971.0,-5.02
10972.0,-5.09
10973.0,-5.5200000000000005
10974.0,-5.02
10975.0,-5.1
10976.0,-5.54
10977.0,-5.02
10978.0,-5.06
10979.0,-5.2700000000000005
10980.0,-5.41
10981.0,-5.26
10982.0,-5.33
10983.0,-5.06
10984.0,-5.3500000000000005
10985.0,-5.06
10986.0,-5.37
10987.0,-5.01
10988.0,-5.05
10989.0,-5.34
10990.0,-5.22
10991.0,-5.19
10992.0,-5.48
10993.0,-5.48
10994.0,-5.03
10995.0,-5.45
10996.0,-5.51
10997.0,-5.22
10998.0,-5.01
10999.0,-1.0000000000000007
11000.0,-5.08
11001.0,-5.37
11002.0,-5.04
11003.0,-5.59
11004.0,-5.3
11005.0,-5.05
11006.0,-5.3500000000000005
11007.0,-5.21
11008.0,-5.3
11009.0,-5.04
11010.0,-5.09
11011.0,-5.22
11012.0,-5.14
11013.0,-5.08
11014.0,-5.05
11015.0,-5.21
11016.0,-1.0000000000000007
11017.0,-5.02
11018.0,-5.45
11019.0,-5.65
11020.0,-5.06
11021.0,-5.02
11022.0,-5.69
11023.0,-5.34
11024.0,-5.1
11025.0,-5.49
11026.0,-5.7700000000000005
11027.0,-5.16
11028.0,-5.07
11029.0,-5.06
11030.0,-5.05
11031.0,-5.48
11032.0,-5.02
11033.0,-5.11
11034.0,-5.3
11035.0,-5.18
11036.0,-5.800000000000001
11037.0,-5.07
11038.0,-5.33
11039.0,-5.53
11040.0,-5.25
11041.0,-5.04
11042.0,-5.28
11043.0,-5.4
11044.0,-5.630000000000001
11045.0,-5.03
11046.0,-5.3
11047.0,-5.13
11048.0,-5.800000000000001
11049.0,-5.03
11050.0,-5.32
11051.0,-5.24
11052.0,-5.59
11053.0,-5.19
11054.0,-5.25
11055.0,-5.02
11056.0,-5.06
11057.0,-5.6000000000000005
11058.0,-5.05
11059.0,-5.1
11060.0,-5.51
11061.0,-5.23
11062.0,-5.01
11063.0,-5.29
11064.0,-5.11
11065.0,-5.11
11066.0,-5.470000000000001
11067.0,-5.8100000000000005
11068.0,-5.13
11069.0,-5.790000000000001
11070.0,-5.06
11071.0,-5.42
11072.0,-5.38
11073.0,-5.29
11074.0,-5.44
11075.0,-5.3100000000000005
11076.0,-5.36
11077.0,-5.32
11078.0,-5.03
11079.0,-5.29
11080.0,-5.16
11081.0,-5.01
11082.0,-5.3100000000000005
11083.0,-5.29
11084.0,-5.2700000000000005
11085.0,-5.38
11086.0,-5.24
11087.0,-5.04
11088.0,-5.05
11089.0,-5.06
11090.0,-5.6000000000000005
11091.0,-5.49
11092.0,-5.38
11093.0,-5.4
11094.0,-5.02
11095.0,-5.34
11096.0,-5.26
11097.0,-5.01
11098.0,-5.36
11099.0,-5.01
11100.0,-5.25
11101.0,-5.4
11102.0,-5.2700000000000005
11103.0,-5.51
11104.0,-5.06
11105.0,-1.0000000000000007
11106.0,-5.2
11107.0,-5.09
11108.0,-5.29
11109.0,-5.01
11110.0,-5.03
11111.0,-5.16
11112.0,-5.3500000000000005
11113.0,-5.09
11114.0,-5.5600000000000005
11115.0,-5.2700000000000005
11116.0,-5.29
11117.0,-5.11
11118.0,-5.48
11119.0,-5.18
11120.0,-5.5600000000000005
11121.0,-5.2
11122.0,-5.2700000000000005
11123.0,-5.05
11124.0,-5.640000000000001
11125.0,-5.08
11126.0,-5.38
11127.0,-5.06
11128.0,-5.32
11129.0,-5.37
11130.0,-5.24
11131.0,-5.390000000000001
11132.0,-5.06
11133.0,-5.06
11134.0,-5.19
11135.0,4.14
11136.0,-5.34
11137.0,-5.19
11138.0,-5.29
11139.0,-5.02
11140.0,-5.05
11141.0,-5.29
11142.0,-5.02
11143.0,-5.12
11144.0,-5.05
11145.0,-5.51
11146.0,-5.890000000000001
11147.0,-5.12
11148.0,-5.05
11149.0,-5.5
11150.0,-5.3
11151.0,-5.23
11152.0,-5.29
11153.0,-5.390000000000001
11154.0,-5.14
11155.0,-5.05
11156.0,-5.8100000000000005
11157.0,-5.23
11158.0,-5.04
11159.0,-5.4
11160.0,-5.08
11161.0,-5.91
11162.0,-5.5200000000000005
11163.0,-5.2700000000000005
11164.0,-5.03
11165.0,-5.01
11166.0,-5.18
11167.0,-5.05
11168.0,-5.33
11169.0,-5.01
11170.0,-5.62
11171.0,-5.24
11172.0,-5.7
11173.0,-5.38
11174.0,-1.0000000000000007
11175.0,-5.05
11176.0,-5.15
11177.0,-5.03
11178.0,-5.24
11179.0,-5.02
11180.0,-5.3500000000000005
11181.0,-5.28
11182.0,-5.34
11183.0,-5.17
11184.0,-5.25
11185.0,-5.36
11186.0,-5.08
11187.0,-5.21
11188.0,-5.54
11189.0,-5.01
11190.0,-5.550000000000001
11191.0,-5.07
11192.0,-5.05
11193.0,-5.45
11194.0,-5.02
11195.0,-5.01
11196.0,-5.48
11197.0,-5.01
11198.0,-5.25
11199.0,-5.08
11200.0,-5.08
11201.0,-5.2
11202.0,-5.3
11203.0,-5.36
11204.0,-5.26
11205.0,-5.54
11206.0,-5.01
11207.0,-5.3
11208.0,-5.3100000000000005
11209.0,-5.25
11210.0,-5.13
11211.0,-5.3
11212.0,-5.08
11213.0,-5.46
11214.0,-5.3
11215.0,-5.37
11216.0,-5.3
11217.0,-5.07
11218.0,-5.02
11219.0,-5.02
11220.0,-5.23
11221.0,-5.02
11222.0,-5.24
11223.0,-5.01
11224.0,-5.02
11225.0,-5.04
11226.0,-5.02
11227.0,-5.04
11228.0,-5.03
11229.0,-5.38
11230.0,-5.3100000000000005
11231.0,-5.550000000000001
11232.0,-5.06
11233.0,-5.83
11234.0,-5.23
11235.0,-5.36
11236.0,-5.02
11237.0,-5.03
11238.0,-5.19
11239.0,-5.91
11240.0,-5.73
11241.0,-5.24
11242.0,-5.33
11243.0,-5.49
11244.0,-5.7700000000000005
11245.0,-5.07
11246.0,-5.04
11247.0,-5.36
11248.0,-5.25
11249.0,-5.390000000000001
11250.0,-5.01
11251.0,-5.11
11252.0,-5.04
11253.0,-5.24
11254.0,-5.3500000000000005
11255.0,-5.38
11256.0,-5.12
11257.0,-5.2700000000000005
11258.0,-5.05
11259.0,-5.36
11260.0,-5.06
11261.0,-5.06
11262.0,-5.840000000000001
11263.0,-5.21
11264.0,-5.36
11265.0,-5.41
11266.0,-5.78
11267.0,-5.3500000000000005
11268.0,-5.11
11269.0,-5.09
11270.0,4.43
11271.0,-5.04
11272.0,-5.41
11273.0,-5.26
11274.0,-5.18
11275.0,-5.3
11276.0,-5.04
11277.0,-5.28
11278.0,-5.02
11279.0,-5.23
11280.0,-5.02
11281.0,-5.83
11282.0,-5.48
11283.0,-5.05
11284.0,-5.06
11285.0,-5.22
11286.0,-5.09
11287.0,-5.01
11288.0,-5.04
11289.0,-5.04
11290.0,-5.42
11291.0,-5.04
11292.0,-5.18
11293.0,-5.02
11294.0,-5.1
11295.0,-5.3
11296.0,-5.09
11297.0,-5.23
11298.0,-5.03
11299.0,-5.58
11300.0,-5.3500000000000005
11301.0,-5.06
11302.0,-5.02
11303.0,-5.44
11304.0,-5.02
11305.0,-5.82
11306.0,-5.18
11307.0,-5.06
11308.0,-5.33
11309.0,-5.24
11310.0,-5.03
11311.0,-5.25
11312.0,-5.04
11313.0,-5.45
11314.0,-5.33
11315.0,-5.4
11316.0,-5.2
11317.0,-5.05
11318.0,-5.1
11319.0,-5.16
11320.0,-5.14
11321.0,-5.1
11322.0,-5.32
11323.0,-5.26
11324.0,-5.05
11325.0,-5.08
11326.0,-5.78
11327.0,-5.42
11328.0,-5.29
11329.0,-5.25
11330.0,-5.24
11331.0,-5.5200000000000005
11332.0,-5.14
11333.0,-5.23
11334.0,-5.06
11335.0,-5.24
11336.0,-5.07
11337.0,-5.21
11338.0,-5.760000000000001
11339.0,-5.28
11340.0,-5.57
11341.0,-5.430000000000001
11342.0,-5.03
11343.0,-5.01
11344.0,-5.08
11345.0,-5.19
11346.0,-5.11
11347.0,-5.03
11348.0,-5.28
11349.0,-5.1
11350.0,-5.550000000000001
11351.0,-5.12
11352.0,-5.02
11353.0,-5.02
11354.0,-5.07
11355.0,-5.720000000000001
11356.0,-5.58
11357.0,4.069999999999999
11358.0,-5.54
11359.0,-5.22
11360.0,-5.5200000000000005
11361.0,-5.07
11362.0,-5.05
11363.0,-5.36
11364.0,-5.3
11365.0,-5.11
11366.0,-5.29
11367.0,-5.36
11368.0,-5.14
11369.0,-5.5600000000000005
11370.0,-5.34
11371.0,-5.02
11372.0,-5.61
11373.0,4.1499999999999995
11374.0,-5.13
11375.0,-5.03
11376.0,4.09
11377.0,-5.2
11378.0,-5.36
11379.0,-5.760000000000001
11380.0,-5.3
11381.0,-5.38
11382.0,-5.33
11383.0,-5.54
11384.0,-5.470000000000001
11385.0,-5.38
11386.0,-5.1
11387.0,-5.42
11388.0,-5.03
11389.0,-5.06
11390.0,-5.5600000000000005
11391.0,-5.02
11392.0,-5.24
11393.0,-5.23
11394.0,-5.3100000000000005
11395.0,-5.29
11396.0,-5.3500000000000005
11397.0,-5.04
11398.0,-5.5
11399.0,-5.08
11400.0,-5.04
11401.0,-5.38
11402.0,-5.34
11403.0,-5.02
11404.0,-5.06
11405.0,-5.18
11406.0,-5.16
11407.0,-5.67
11408.0,-5.04
11409.0,-5.33
11410.0,-5.23
11411.0,-5.15
11412.0,-5.680000000000001
11413.0,-5.67
11414.0,-5.06
11415.0,-5.390000000000001
11416.0,-5.01
11417.0,-5.550000000000001
11418.0,-5.1
11419.0,-5.07
11420.0,-5.34
11421.0,-5.04
11422.0,-5.29
11423.0,-5.01
11424.0,-5.48
11425.0,-5.32
11426.0,-5.630000000000001
11427.0,-5.26
11428.0,-5.24
11429.0,-5.02
11430.0,-5.430000000000001
11431.0,-5.38
11432.0,-5.02
11433.0,-5.04
11434.0,-5.4
11435.0,-5.3100000000000005
11436.0,-5.26
11437.0,-5.01
11438.0,-5.01
11439.0,-5.04
11440.0,-5.29
11441.0,-5.36
11442.0,-5.04
11443.0,-5.430000000000001
11444.0,-5.05
11445.0,-5.390000000000001
11446.0,-5.29
11447.0,-5.34
11448.0,-5.59
11449.0,-5.26
11450.0,-5.51
11451.0,-5.08
11452.0,-5.32
11453.0,-5.1
11454.0,-5.880000000000001
11455.0,-5.05
11456.0,-5.65
11457.0,-5.04
11458.0,-5.29
11459.0,-5.390000000000001
11460.0,-5.59
11461.0,-5.65
11462.0,-5.01
11463.0,4.209999999999999
11464.0,-5.5600000000000005
11465.0,-5.36
11466.0,-5.11
11467.0,-5.11
11468.0,-5.04
11469.0,-5.73
11470.0,-5.03
11471.0,-5.05
11472.0,-5.3
11473.0,-5.17
11474.0,-5.11
11475.0,-5.26
11476.0,-5.01
11477.0,-5.7
11478.0,-5.06
11479.0,-5.45
11480.0,-5.61
11481.0,-5.24
11482.0,-5.680000000000001
11483.0,-5.13
11484.0,-5.36
11485.0,-5.05
11486.0,4.039999999999999
11487.0,-5.49
11488.0,-5.25
11489.0,-5.470000000000001
11490.0,-5.6000000000000005
11491.0,-5.01
11492.0,-5.54
11493.0,-5.38
11494.0,4.3999999999999995
11495.0,-5.38
11496.0,-5.37
11497.0,-5.01
11498.0,-5.06
11499.0,-5.07
11500.0,-5.02
11501.0,-5.48
11502.0,-5.02
11503.0,-5.25
11504.0,-5.11
11505.0,-5.57
11506.0,-5.41
11507.0,-5.14
11508.0,-5.49
11509.0,-5.01
11510.0,-5.2700000000000005
11511.0,-5.02
11512.0,-5.18
11513.0,-5.05
11514.0,-5.2700000000000005
11515.0,-5.04
11516.0,-5.26
11517.0,-5.3100000000000005
11518.0,-5.18
11519.0,-5.24
11520.0,-5.03
11521.0,-5.01
11522.0,4.43
11523.0,-1.0000000000000007
11524.0,4.39
11525.0,-5.02
11526.0,-5.890000000000001
11527.0,-5.02
11528.0,-5.09
11529.0,-5.13
11530.0,-5.37
11531.0,-5.23
11532.0,-5.06
11533.0,-5.12
11534.0,-5.23
11535.0,-5.03
11536.0,-5.94
11537.0,-5.02
11538.0,-5.3100000000000005
11539.0,-5.06
11540.0,-5.04
11541.0,-5.07
11542.0,-5.04
11543.0,-5.59
11544.0,-5.24
11545.0,-5.2
11546.0,-5.06
11547.0,-5.46
11548.0,-5.37
11549.0,4.34
11550.0,-5.36
11551.0,-5.04
11552.0,-5.54
11553.0,-1.0000000000000007
11554.0,-5.02
11555.0,-5.02
11556.0,-5.14
11557.0,-5.66
11558.0,-5.34
11559.0,-5.01
11560.0,-5.19
11561.0,-5.790000000000001
11562.0,-5.61
11563.0,-5.07
11564.0,-5.04
11565.0,-5.02
11566.0,-5.05
11567.0,-5.02
11568.0,-5.16
11569.0,4.35
11570.0,-5.22
11571.0,-5.44
11572.0,-5.26
11573.0,-5.3500000000000005
11574.0,-5.09
11575.0,-5.3100000000000005
11576.0,-5.05
11577.0,-5.430000000000001
11578.0,-5.930000000000001
11579.0,-5.430000000000001
11580.0,-5.23
11581.0,-5.2700000000000005
11582.0,-5.45
11583.0,-5.29
11584.0,-5.21
11585.0,-5.3100000000000005
11586.0,-5.08
11587.0,-5.26
11588.0,-5.2
11589.0,-5.14
11590.0,-5.3
11591.0,-5.36
11592.0,-5.21
11593.0,-5.2700000000000005
11594.0,-5.4
11595.0,-5.630000000000001
11596.0,4.319999999999999
11597.0,-5.02
11598.0,-5.2
11599.0,-5.02
11600.0,-5.5
11601.0,-5.03
11602.0,4.39
11603.0,-5.3100000000000005
11604.0,-5.62
11605.0,-5.08
11606.0,-5.5
11607.0,-5.12
11608.0,-5.470000000000001
11609.0,-5.45
11610.0,-5.03
11611.0,-5.46
11612.0,-5.32
11613.0,-5.53
11614.0,-5.470000000000001
11615.0,-5.33
11616.0,-5.09
11617.0,-5.4
11618.0,-5.960000000000001
11619.0,-5.5
11620.0,-5.08
11621.0,-5.05
11622.0,-5.21
11623.0,-5.03
11624.0,-5.01
11625.0,-5.02
11626.0,-5.8500000000000005
11627.0,-5.32
11628.0,-5.02
11629.0,-5.36
11630.0,-5.01
11631.0,-5.17
11632.0,-5.16
11633.0,-5.6000000000000005
11634.0,-5.62
11635.0,-5.26
11636.0,-5.45
11637.0,-5.6000000000000005
11638.0,-5.04
11639.0,-5.28
11640.0,-5.44
11641.0,-5.44
11642.0,-5.21
11643.0,-5.04
11644.0,-5.06
11645.0,-5.05
11646.0,-5.3500000000000005
11647.0,-5.32
11648.0,-5.08
11649.0,-5.69
11650.0,-5.06
11651.0,-5.37
11652.0,-5.4
11653.0,-5.06
11654.0,-5.04
11655.0,-5.61
11656.0,-5.12
11657.0,-5.06
11658.0,-5.04
11659.0,-5.41
11660.0,-5.29
11661.0,-5.390000000000001
11662.0,-5.59
11663.0,-5.42
11664.0,-5.630000000000001
11665.0,-5.05
11666.0,-5.09
11667.0,-5.58
11668.0,-5.04
11669.0,-5.3100000000000005
11670.0,-5.3500000000000005
11671.0,-5.49
11672.0,-5.02
11673.0,4.1899999999999995
11674.0,-5.22
11675.0,-5.38
11676.0,-5.28
11677.0,-5.550000000000001
11678.0,-5.550000000000001
11679.0,-5.82
11680.0,-5.74
11681.0,-5.07
11682.0,-5.16
11683.0,-5.42
11684.0,-5.5200000000000005
11685.0,-5.720000000000001
11686.0,-5.07
11687.0,-5.36
11688.0,-5.430000000000001
11689.0,-5.67
11690.0,-5.4
11691.0,-5.3500000000000005
11692.0,-5.41
11693.0,-5.4
11694.0,-5.8100000000000005
11695.0,-5.26
11696.0,-5.33
11697.0,-5.54
11698.0,-5.38
11699.0,-5.02
11700.0,-5.26
11701.0,-5.23
11702.0,-5.48
11703.0,-5.470000000000001
11704.0,-5.49
11705.0,-5.03
11706.0,-5.880000000000001
11707.0,-5.720000000000001
11708.0,-5.61
11709.0,-5.890000000000001
11710.0,-5.14
11711.0,-5.930000000000001
11712.0,-5.15
11713.0,-5.57
11714.0,-5.06
11715.0,-5.28
11716.0,-5.42
11717.0,-5.01
11718.0,4.1499999999999995
11719.0,-5.34
11720.0,-5.09
11721.0,-5.38
11722.0,-5.15
11723.0,-5.42
11724.0,-5.11
11725.0,-5.07
11726.0,-5.790000000000001
11727.0,-5.430000000000001
11728.0,-5.59
11729.0,-5.58
11730.0,-5.54
11731.0,-5.5
11732.0,-5.2
11733.0,-5.44
11734.0,-5.470000000000001
11735.0,4.209999999999999
11736.0,-5.24
11737.0,-5.28
11738.0,-5.3100000000000005
11739.0,-5.04
11740.0,-5.4
11741.0,-5.34
11742.0,-5.3500000000000005
11743.0,-5.3
11744.0,-5.41
11745.0,-5.69
11746.0,-5.34
11747.0,-5.710000000000001
11748.0,-5.12
11749.0,-5.69
11750.0,-5.51
11751.0,-5.36
11752.0,-5.36
11753.0,-5.45
11754.0,-5.54
11755.0,-5.03
11756.0,-5.04
11757.0,-5.54
11758.0,-5.24
11759.0,-5.930000000000001
11760.0,-5.5600000000000005
11761.0,-5.33
11762.0,-5.4
11763.0,-5.03
11764.0,-5.41
11765.0,-5.69
11766.0,-1.0000000000000007
11767.0,-5.470000000000001
11768.0,-5.02
11769.0,-5.640000000000001
11770.0,-5.09
11771.0,-5.710000000000001
11772.0,-5.07
11773.0,-5.04
11774.0,-5.3
11775.0,-5.46
11776.0,-5.760000000000001
11777.0,-5.29
11778.0,-5.36
11779.0,-5.28
11780.0,-5.32
11781.0,-5.04
11782.0,-5.51
11783.0,-5.65
11784.0,-5.75
11785.0,-5.01
11786.0,-5.07
11787.0,-5.01
11788.0,-5.03
11789.0,-5.51
11790.0,-5.11
11791.0,-5.630000000000001
11792.0,-5.74
11793.0,-5.61
11794.0,-5.24
11795.0,-5.36
11796.0,-5.38
11797.0,-5.1
11798.0,-5.640000000000001
11799.0,-5.04
11800.0,-5.930000000000001
11801.0,-5.75
11802.0,-5.51
11803.0,-5.67
11804.0,-5.02
11805.0,-5.42
11806.0,-5.26
11807.0,-5.33
11808.0,-5.430000000000001
11809.0,-5.790000000000001
11810.0,-5.06
11811.0,-5.800000000000001
11812.0,-5.34
11813.0,-5.32
11814.0,-5.16
11815.0,-5.38
11816.0,-5.3
11817.0,-5.69
11818.0,-5.470000000000001
11819.0,-5.46
11820.0,-5.24
11821.0,-5.49
11822.0,4.18
11823.0,-5.680000000000001
11824.0,-5.02
11825.0,-5.6000000000000005
11826.0,4.289999999999999
11827.0,-5.51
11828.0,-5.4
11829.0,-5.02
11830.0,-5.83
11831.0,-5.61
11832.0,-5.04
11833.0,-5.640000000000001
11834.0,-5.21
11835.0,-5.5200000000000005
11836.0,-5.5200000000000005
11837.0,-5.21
11838.0,-5.09
11839.0,-5.05
11840.0,-5.630000000000001
11841.0,-5.22
11842.0,-5.4
11843.0,-5.5200000000000005
11844.0,-5.11
11845.0,-5.13
11846.0,-5.840000000000001
11847.0,-5.390000000000001
11848.0,-5.17
11849.0,4.319999999999999
11850.0,-5.26
11851.0,-5.3
11852.0,-5.680000000000001
11853.0,-5.51
11854.0,-5.5
11855.0,-5.53
11856.0,-5.11
11857.0,-5.680000000000001
11858.0,-5.28
11859.0,-5.59
11860.0,-5.16
11861.0,-5.62
11862.0,-5.01
11863.0,-5.01
11864.0,-5.01
11865.0,-5.03
11866.0,-5.37
11867.0,-5.630000000000001
11868.0,-5.59
11869.0,-5.05
11870.0,-5.91
11871.0,-5.2700000000000005
11872.0,-5.53
11873.0,-5.6000000000000005
11874.0,-5.04
11875.0,-5.470000000000001
11876.0,-5.01
11877.0,-5.3
11878.0,-5.05
11879.0,-5.2700000000000005
11880.0,-5.23
11881.0,-5.02
11882.0,-5.6000000000000005
11883.0,-1.0000000000000007
11884.0,-5.16
11885.0,-5.3500000000000005
11886.0,-5.08
11887.0,-5.710000000000001
11888.0,-5.15
11889.0,-5.17
11890.0,-5.2700000000000005
11891.0,-5.46
11892.0,-5.46
11893.0,-5.02
11894.0,-5.16
11895.0,-5.04
11896.0,-5.03
11897.0,4.1499999999999995
11898.0,-5.04
11899.0,-5.05
11900.0,-5.04
11901.0,-5.5
11902.0,-5.760000000000001
11903.0,-5.2700000000000005
11904.0,-5.01
11905.0,-5.16
11906.0,-5.7
11907.0,-5.02
11908.0,-5.53
11909.0,-5.01
11910.0,-5.3500000000000005
11911.0,-5.59
11912.0,-5.02
11913.0,-5.42
11914.0,-5.04
11915.0,-5.02
11916.0,-5.930000000000001
11917.0,-5.66
11918.0,-5.920000000000001
11919.0,-5.02
11920.0,-5.04
11921.0,-5.75
11922.0,-5.23
11923.0,-5.04
11924.0,-5.04
11925.0,-5.36
11926.0,-5.01
11927.0,-5.05
11928.0,-5.49
11929.0,-5.07
11930.0,-5.03
11931.0,-5.04
11932.0,-5.01
11933.0,-5.630000000000001
11934.0,4.34
11935.0,-5.01
11936.0,-5.01
11937.0,-5.74
11938.0,-5.03
11939.0,-5.65
11940.0,-5.11
11941.0,-5.05
11942.0,-5.02
11943.0,-5.14
11944.0,-5.03
11945.0,-5.41
11946.0,-5.98
11947.0,-5.5
11948.0,-5.11
11949.0,-5.32
11950.0,-5.48
11951.0,-5.01
11952.0,-5.59
11953.0,-5.49
11954.0,-5.6000000000000005
11955.0,-5.54
11956.0,-5.36
11957.0,4.33
11958.0,-5.03
11959.0,-5.73
11960.0,-5.9
11961.0,-5.5600000000000005
11962.0,-5.02
11963.0,-5.73
11964.0,-5.02
11965.0,-5.01
11966.0,-5.24
11967.0,-5.37
11968.0,-5.470000000000001
11969.0,-5.16
11970.0,-5.42
11971.0,-5.03
11972.0,-5.2
11973.0,-5.5
11974.0,-5.11
11975.0,-5.69
11976.0,4.199999999999999
11977.0,4.49
11978.0,-5.45
11979.0,-5.25
11980.0,-5.12
11981.0,-5.26
11982.0,-5.930000000000001
11983.0,-5.75
11984.0,-5.08
11985.0,-5.01
11986.0,-5.4
11987.0,-5.390000000000001
11988.0,-5.02
11989.0,-5.01
11990.0,-5.01
11991.0,-5.05
11992.0,-5.5
11993.0,-5.51
11994.0,-5.07
11995.0,-5.3
11996.0,-5.02
11997.0,-5.32
11998.0,-5.59
11999.0,-5.03
12000.0,-5.58
12001.0,-5.03
12002.0,-5.470000000000001
12003.0,4.22
12004.0,-5.58
12005.0,-5.04
12006.0,-5.59
12007.0,-5.53
12008.0,-1.0000000000000007
12009.0,-5.11
12010.0,4.17
12011.0,-5.6000000000000005
12012.0,-5.53
12013.0,-5.53
12014.0,-5.02
12015.0,-5.470000000000001
12016.0,-5.2
12017.0,-5.790000000000001
12018.0,-5.640000000000001
12019.0,-5.18
12020.0,4.14
12021.0,-5.24
12022.0,-5.19
12023.0,-5.630000000000001
12024.0,-5.51
12025.0,-1.0000000000000007
12026.0,-5.49
12027.0,-5.24
12028.0,-5.01
12029.0,-5.04
12030.0,-5.28
12031.0,-5.5600000000000005
12032.0,-5.630000000000001
12033.0,-5.82
12034.0,-5.49
12035.0,-5.12
12036.0,-5.18
12037.0,-5.12
12038.0,-5.54
12039.0,-5.5600000000000005
12040.0,-5.390000000000001
12041.0,-5.44
12042.0,-5.930000000000001
12043.0,-5.2
12044.0,-5.710000000000001
12045.0,-5.44
12046.0,-5.58
12047.0,-5.02
12048.0,-5.73
12049.0,-5.4
12050.0,-5.3500000000000005
12051.0,-1.0000000000000007
12052.0,-5.42
12053.0,-5.45
12054.0,4.46
12055.0,-5.74
12056.0,-5.62
12057.0,-5.03
12058.0,-5.01
12059.0,-5.04
12060.0,-1.0000000000000007
12061.0,-1.0000000000000007
12062.0,-5.38
12063.0,-5.5
12064.0,-5.69
12065.0,-5.630000000000001
12066.0,-5.62
12067.0,-5.16
12068.0,-5.16
12069.0,-5.04
12070.0,-5.470000000000001
12071.0,-5.61
12072.0,-1.0000000000000007
12073.0,-5.59
12074.0,-5.06
12075.0,4.14
12076.0,-5.49
12077.0,-5.2
12078.0,-5.33
12079.0,-5.75
12080.0,-5.65
12081.0,-5.790000000000001
12082.0,-5.04
12083.0,-5.36
12084.0,-5.11
12085.0,-5.3
12086.0,-5.09
12087.0,-5.02
12088.0,-5.05
12089.0,-5.02
12090.0,-5.04
12091.0,-5.46
12092.0,-5.44
12093.0,-5.73
12094.0,-5.02
12095.0,4.199999999999999
12096.0,-5.6000000000000005
12097.0,-5.930000000000001
12098.0,-5.03
12099.0,-5.13
12100.0,-5.710000000000001
12101.0,-5.08
12102.0,-5.02
12103.0,-5.2
12104.0,4.239999999999999
12105.0,-5.45
12106.0,-5.05
12107.0,-5.38
12108.0,4.079999999999999
12109.0,-5.13
12110.0,-5.04
12111.0,-5.57
12112.0,-5.59
12113.0,-5.73
12114.0,-5.46
12115.0,4.41
12116.0,-5.34
12117.0,-5.69
12118.0,-5.45
12119.0,-5.630000000000001
12120.0,-5.46
12121.0,-5.11
12122.0,-5.24
12123.0,-5.06
12124.0,-5.57
12125.0,-5.3100000000000005
12126.0,-5.04
12127.0,4.039999999999999
12128.0,-5.03
12129.0,-5.5
12130.0,-5.11
12131.0,-5.870000000000001
12132.0,-5.05
12133.0,-5.36
12134.0,-5.5600000000000005
12135.0,-5.7700000000000005
12136.0,-5.03
12137.0,-5.03
12138.0,-5.69
12139.0,-5.34
12140.0,-5.09
12141.0,-5.16
12142.0,-5.01
12143.0,-5.23
12144.0,-5.01
12145.0,-5.03
12146.0,-5.05
12147.0,-5.02
12148.0,-5.03
12149.0,-5.29
12150.0,-5.45
12151.0,-5.2700000000000005
12152.0,-5.04
12153.0,-5.75
12154.0,4.3999999999999995
12155.0,-5.02
12156.0,-5.02
12157.0,-5.4
12158.0,-5.5
12159.0,-5.61
12160.0,-5.22
12161.0,-5.61
12162.0,-5.04
12163.0,4.09
12164.0,-5.53
12165.0,-5.4
12166.0,-5.19
12167.0,-5.5200000000000005
12168.0,-5.75
12169.0,-5.03
12170.0,-5.02
12171.0,-5.48
12172.0,-5.02
12173.0,-5.58
12174.0,-5.01
12175.0,-5.5200000000000005
12176.0,4.06
12177.0,-5.430000000000001
12178.0,-5.01
12179.0,-5.58
12180.0,-1.0000000000000007
12181.0,-5.21
12182.0,-5.02
12183.0,-5.3
12184.0,4.26
12185.0,-5.53
12186.0,-5.65
12187.0,-5.17
12188.0,-5.45
12189.0,-5.01
12190.0,-5.1
12191.0,-5.02
12192.0,-5.680000000000001
12193.0,-5.49
12194.0,-5.01
12195.0,-5.04
12196.0,-5.8500000000000005
12197.0,-5.09
12198.0,-5.02
12199.0,-5.02
12200.0,-5.710000000000001
12201.0,-5.53
12202.0,-5.82
12203.0,-5.760000000000001
12204.0,4.239999999999999
12205.0,-5.02
12206.0,-5.3500000000000005
12207.0,-5.470000000000001
12208.0,-5.51
12209.0,-5.04
12210.0,-5.45
12211.0,-5.5600000000000005
12212.0,-5.470000000000001
12213.0,-5.78
12214.0,4.39
12215.0,-5.41
12216.0,-5.57
12217.0,-5.02
12218.0,-5.02
12219.0,-5.2700000000000005
12220.0,-5.04
12221.0,-5.45
12222.0,-5.58
12223.0,-5.09
12224.0,-5.08
12225.0,-5.04
12226.0,-5.44
12227.0,-5.03
12228.0,-5.07
12229.0,-5.21
12230.0,-5.390000000000001
12231.0,-5.48
12232.0,-5.08
12233.0,-5.01
12234.0,-5.640000000000001
12235.0,-5.38
12236.0,-5.01
12237.0,-5.07
12238.0,-5.59
12239.0,-5.950000000000001
12240.0,-5.33
12241.0,-5.640000000000001
12242.0,-5.470000000000001
12243.0,-5.06
12244.0,-5.390000000000001
12245.0,-5.46
12246.0,-5.470000000000001
12247.0,-5.16
12248.0,4.369999999999999
12249.0,-5.04
12250.0,-5.12
12251.0,-5.6000000000000005
12252.0,-5.02
12253.0,-5.59
12254.0,-5.69
12255.0,-5.5200000000000005
12256.0,-5.58
12257.0,-5.04
12258.0,-5.04
12259.0,-5.02
12260.0,4.25
12261.0,-5.03
12262.0,-5.550000000000001
12263.0,-5.23
12264.0,-5.22
12265.0,-5.66
12266.0,-5.01
12267.0,-5.38
12268.0,-5.02
12269.0,-5.14
12270.0,-5.5
12271.0,-5.630000000000001
12272.0,-5.24
12273.0,-5.630000000000001
12274.0,-5.430000000000001
12275.0,-5.06
12276.0,-5.38
12277.0,-5.49
12278.0,-5.66
12279.0,-5.3500000000000005
12280.0,-5.54
12281.0,-5.53
12282.0,-5.38
12283.0,-5.69
12284.0,-5.1
12285.0,-5.48
12286.0,-5.640000000000001
12287.0,-5.430000000000001
12288.0,-5.390000000000001
12289.0,-5.5
12290.0,-5.91
12291.0,-5.7700000000000005
12292.0,-5.48
12293.0,-5.16
12294.0,-5.06
12295.0,-5.2
12296.0,-5.32
12297.0,-5.470000000000001
12298.0,4.02
12299.0,-5.59
12300.0,-5.28
12301.0,-5.02
12302.0,-1.0000000000000007
12303.0,-5.51
12304.0,-5.42
12305.0,-5.02
12306.0,-5.53
12307.0,-5.3100000000000005
12308.0,-5.05
12309.0,-1.0000000000000007
12310.0,-5.05
12311.0,-5.48
12312.0,-5.03
12313.0,-5.61
12314.0,4.129999999999999
12315.0,-5.65
12316.0,-5.2700000000000005
12317.0,-5.74
12318.0,-5.4
12319.0,-5.7
12320.0,-5.42
12321.0,-5.73
12322.0,-5.53
12323.0,-5.5600000000000005
12324.0,-5.630000000000001
12325.0,-5.3100000000000005
12326.0,-5.640000000000001
12327.0,-5.51
12328.0,-5.07
12329.0,-5.630000000000001
12330.0,-5.950000000000001
12331.0,-5.29
12332.0,-5.08
12333.0,-5.65
12334.0,-5.470000000000001
12335.0,-5.02
12336.0,-5.550000000000001
12337.0,-5.01
12338.0,4.26
12339.0,-5.58
12340.0,-5.5200000000000005
12341.0,-5.45
12342.0,-5.01
12343.0,-5.03
12344.0,-5.36
12345.0,-5.59
12346.0,-5.38
12347.0,-5.91
12348.0,-5.69
12349.0,-5.21
12350.0,-5.46
12351.0,-5.44
12352.0,-5.8100000000000005
12353.0,-5.430000000000001
12354.0,-5.06
12355.0,-5.61
12356.0,-5.54
12357.0,-5.67
12358.0,-5.41
12359.0,-1.0000000000000007
12360.0,-5.680000000000001
12361.0,-5.04
12362.0,4.569999999999999
12363.0,-5.41
12364.0,-5.01
12365.0,-5.01
12366.0,-5.02
12367.0,-5.01
12368.0,-5.800000000000001
12369.0,-5.01
12370.0,-5.07
12371.0,-5.26
12372.0,-5.01
12373.0,-5.04
12374.0,-5.06
12375.0,-5.03
12376.0,-5.7700000000000005
12377.0,-5.73
12378.0,-5.14
12379.0,-5.04
12380.0,-5.5
12381.0,-5.83
12382.0,-5.11
12383.0,-5.08
12384.0,-5.08
12385.0,-5.05
12386.0,-5.04
12387.0,-5.02
12388.0,-5.02
12389.0,-5.01
12390.0,-5.3
12391.0,-5.01
12392.0,-5.46
12393.0,-5.01
12394.0,-5.03
12395.0,-5.08
12396.0,-5.04
12397.0,-5.01
12398.0,-5.07
12399.0,-5.58
12400.0,-5.02
12401.0,-5.02
12402.0,-5.02
12403.0,-5.08
12404.0,-5.51
12405.0,-5.1
12406.0,-5.11
12407.0,-5.390000000000001
12408.0,-5.38
12409.0,-5.36
12410.0,-5.790000000000001
12411.0,-5.08
12412.0,-5.01
12413.0,-5.11
12414.0,-5.3500000000000005
12415.0,4.27
12416.0,-5.2
12417.0,-5.430000000000001
12418.0,-5.07
12419.0,-5.4
12420.0,-5.59
12421.0,4.38
12422.0,-5.36
12423.0,4.119999999999999
12424.0,-5.08
12425.0,-5.7700000000000005
12426.0,-5.66
12427.0,-5.48
12428.0,-5.69
12429.0,-5.01
12430.0,-5.03
12431.0,-5.720000000000001
12432.0,-5.04
12433.0,-5.9
12434.0,-5.38
12435.0,-5.41
12436.0,-5.06
12437.0,-5.710000000000001
12438.0,4.2299999999999995
12439.0,-5.05
12440.0,-5.46
12441.0,4.01
12442.0,-5.04
12443.0,-5.46
12444.0,-5.02
12445.0,-5.42
12446.0,-5.66
12447.0,-5.7
12448.0,-5.8100000000000005
12449.0,-5.75
12450.0,-5.01
12451.0,-5.2
12452.0,-5.18
12453.0,4.01
12454.0,-5.04
12455.0,-5.38
12456.0,-5.53
12457.0,-5.17
12458.0,-5.6000000000000005
12459.0,-5.12
12460.0,-5.5
12461.0,-5.1
12462.0,4.069999999999999
12463.0,-5.75
12464.0,-5.02
12465.0,-5.91
12466.0,-5.2700000000000005
12467.0,4.2299999999999995
12468.0,-5.69
12469.0,-5.04
12470.0,-1.0000000000000007
12471.0,-5.28
12472.0,-5.02
12473.0,-5.46
12474.0,-5.36
12475.0,-5.3500000000000005
12476.0,-5.470000000000001
12477.0,-5.28
12478.0,4.199999999999999
12479.0,-5.5200000000000005
12480.0,-5.48
12481.0,-5.02
12482.0,-5.01
12483.0,4.18
12484.0,-5.08
12485.0,-5.430000000000001
12486.0,-5.01
12487.0,-5.44
12488.0,-5.02
12489.0,-5.48
12490.0,4.22
12491.0,-5.01
12492.0,-5.02
12493.0,-5.08
12494.0,-5.02
12495.0,-5.03
12496.0,-5.19
12497.0,-5.04
12498.0,-5.37
12499.0,-5.48
12500.0,-5.06
12501.0,4.17
12502.0,-5.470000000000001
12503.0,4.029999999999999
12504.0,-5.04
12505.0,-5.01
12506.0,-5.65
12507.0,-5.33
12508.0,-5.22
12509.0,-5.67
12510.0,-5.02
12511.0,-5.46
12512.0,-5.870000000000001
12513.0,-5.04
12514.0,-5.06
12515.0,-5.01
12516.0,-5.04
12517.0,-5.01
12518.0,-5.02
12519.0,-5.42
12520.0,-5.09
12521.0,-5.02
12522.0,-5.6000000000000005
12523.0,4.2299999999999995
12524.0,-5.38
12525.0,-5.5
12526.0,-5.38
12527.0,-5.3
12528.0,-5.09
12529.0,-5.870000000000001
12530.0,-5.26
12531.0,-5.49
12532.0,-5.3500000000000005
12533.0,-5.33
12534.0,-5.02
12535.0,-5.29
12536.0,4.289999999999999
12537.0,-5.15
12538.0,-5.36
12539.0,-5.38
12540.0,-5.4
12541.0,-5.01
12542.0,-5.28
12543.0,-5.19
12544.0,-5.01
12545.0,-5.03
12546.0,-5.16
12547.0,-5.13
12548.0,-5.28
12549.0,-5.02
12550.0,-5.5
12551.0,-5.04
12552.0,-5.28
12553.0,-5.02
12554.0,-5.17
12555.0,-5.01
12556.0,-5.38
12557.0,-5.37
12558.0,-5.02
12559.0,-5.04
12560.0,-5.04
12561.0,-5.01
12562.0,-5.08
12563.0,-5.5
12564.0,-5.06
12565.0,-5.04
12566.0,-5.470000000000001
12567.0,-5.5
12568.0,-5.12
12569.0,-5.01
12570.0,-5.19
12571.0,-5.05
12572.0,-5.02
12573.0,-5.02
12574.0,-5.58
12575.0,-5.05
12576.0,-5.01
12577.0,-5.04
12578.0,-5.28
12579.0,-5.01
12580.0,-5.36
12581.0,-5.01
12582.0,-5.04
12583.0,-5.01
12584.0,-5.24
12585.0,-5.41
12586.0,-5.01
12587.0,-1.0000000000000007
12588.0,-5.28
12589.0,-5.33
12590.0,-5.32
12591.0,-5.470000000000001
12592.0,-5.05
12593.0,-5.37
12594.0,-5.04
12595.0,-5.01
12596.0,-5.18
12597.0,-5.04
12598.0,-5.24
12599.0,-5.34
12600.0,-5.04
12601.0,-5.06
12602.0,-5.01
12603.0,-5.21
12604.0,-5.07
12605.0,-5.8500000000000005
12606.0,-5.38
12607.0,-5.62
12608.0,-5.82
12609.0,-5.02
12610.0,-5.3100000000000005
12611.0,-5.5
12612.0,-5.57
12613.0,-5.08
12614.0,-1.0000000000000007
12615.0,-5.17
12616.0,4.18
12617.0,-5.02
12618.0,-5.09
12619.0,4.279999999999999
12620.0,-5.01
12621.0,-5.53
12622.0,-5.44
12623.0,-5.02
12624.0,-5.21
12625.0,-5.01
12626.0,-5.74
12627.0,-5.18
12628.0,-5.37
12629.0,-5.61
12630.0,-5.3
12631.0,-5.02
12632.0,-5.07
12633.0,-5.26
12634.0,-5.1
12635.0,-5.38
12636.0,-5.04
12637.0,-5.680000000000001
12638.0,-5.02
12639.0,-5.12
12640.0,-5.49
12641.0,-5.1
12642.0,-5.44
12643.0,-5.05
12644.0,-5.19
12645.0,-5.62
12646.0,-5.46
12647.0,-5.26
12648.0,-5.49
12649.0,-5.02
12650.0,-5.23
12651.0,-5.04
12652.0,-5.01
12653.0,-5.08
12654.0,-5.51
12655.0,-5.12
12656.0,-5.07
12657.0,-5.5600000000000005
12658.0,-5.06
12659.0,-5.26
12660.0,-5.04
12661.0,-5.46
12662.0,4.3
12663.0,-5.12
12664.0,-5.550000000000001
12665.0,-5.01
12666.0,-5.04
12667.0,4.029999999999999
12668.0,4.449999999999999
12669.0,-5.04
12670.0,-5.67
12671.0,-5.01
12672.0,-5.18
12673.0,-5.36
12674.0,-5.390000000000001
12675.0,-5.02
12676.0,-5.18
12677.0,-5.390000000000001
12678.0,-5.05
12679.0,-5.02
12680.0,-5.13
12681.0,-5.01
12682.0,-5.02
12683.0,-5.07
12684.0,-5.03
12685.0,-5.24
12686.0,-5.1
12687.0,-5.05
12688.0,-5.01
12689.0,-5.04
12690.0,-5.01
12691.0,-5.02
12692.0,-5.67
12693.0,-5.01
12694.0,-5.59
12695.0,-5.02
12696.0,-5.01
12697.0,-5.04
12698.0,-5.680000000000001
12699.0,-5.02
12700.0,-5.24
12701.0,4.319999999999999
12702.0,-5.07
12703.0,-5.04
12704.0,-5.470000000000001
12705.0,-5.2
12706.0,-5.37
12707.0,-5.34
12708.0,-5.51
12709.0,-5.05
12710.0,-5.06
12711.0,-5.34
12712.0,4.18
12713.0,-5.680000000000001
12714.0,-5.15
12715.0,-5.2700000000000005
12716.0,-5.2
12717.0,-5.04
12718.0,-5.01
12719.0,-5.2
12720.0,-5.02
12721.0,-5.05
12722.0,-5.02
12723.0,-5.13
12724.0,-5.04
12725.0,-5.05
12726.0,-5.720000000000001
12727.0,-5.04
12728.0,-5.28
12729.0,-5.3100000000000005
12730.0,-5.02
12731.0,-5.65
12732.0,-5.04
12733.0,-5.18
12734.0,-5.04
12735.0,-5.02
12736.0,-5.02
12737.0,-5.3100000000000005
12738.0,-5.1
12739.0,4.14
12740.0,-5.16
12741.0,-5.01
12742.0,-5.53
12743.0,-5.16
12744.0,-5.42
12745.0,-5.24
12746.0,-5.640000000000001
12747.0,-5.18
12748.0,-5.18
12749.0,-5.1
12750.0,-5.7700000000000005
12751.0,4.17
12752.0,-5.74
12753.0,-5.46
12754.0,-5.02
12755.0,-5.02
12756.0,-5.04
12757.0,-5.29
12758.0,-5.18
12759.0,-5.46
12760.0,-5.01
12761.0,-5.01
12762.0,-5.01
12763.0,-5.03
12764.0,-5.02
12765.0,-5.09
12766.0,-5.65
12767.0,-5.22
12768.0,4.25
12769.0,-5.5
12770.0,-5.630000000000001
12771.0,-5.01
12772.0,-5.08
12773.0,-5.16
12774.0,-5.42
12775.0,-5.53
12776.0,-5.18
12777.0,-5.51
12778.0,-5.42
12779.0,-5.33
12780.0,-5.22
12781.0,-5.720000000000001
12782.0,-5.42
12783.0,-5.69
12784.0,-5.26
12785.0,-5.04
12786.0,-5.28
12787.0,-5.01
12788.0,-5.1
12789.0,-5.28
12790.0,-5.06
12791.0,-5.11
12792.0,-5.48
12793.0,-5.26
12794.0,-5.34
12795.0,-5.41
12796.0,-5.05
12797.0,-5.29
12798.0,-5.03
12799.0,-5.16
12800.0,-5.44
12801.0,-5.550000000000001
12802.0,-5.04
12803.0,-5.67
12804.0,-5.48
12805.0,-5.14
12806.0,-5.83
12807.0,-5.02
12808.0,-5.5
12809.0,-5.34
12810.0,-5.630000000000001
12811.0,-5.710000000000001
12812.0,4.39
12813.0,-5.03
12814.0,-5.03
12815.0,-5.67
12816.0,-5.06
12817.0,-5.390000000000001
12818.0,-5.01
12819.0,-5.02
12820.0,-5.02
12821.0,-5.550000000000001
12822.0,-5.04
12823.0,-5.04
12824.0,-5.720000000000001
12825.0,-5.08
12826.0,-5.01
12827.0,4.33
12828.0,-5.01
12829.0,-5.04
12830.0,-5.1
12831.0,-5.26
12832.0,-5.22
12833.0,-5.45
12834.0,-5.5600000000000005
12835.0,-5.08
12836.0,-5.48
12837.0,-5.5600000000000005
12838.0,-5.1
12839.0,-5.18
12840.0,-5.02
12841.0,-5.44
12842.0,-5.1
12843.0,-5.21
12844.0,4.289999999999999
12845.0,-5.41
12846.0,-5.32
12847.0,-5.5200000000000005
12848.0,-5.430000000000001
12849.0,-5.46
12850.0,-5.390000000000001
12851.0,-5.04
12852.0,-5.38
12853.0,-5.01
12854.0,-5.41
12855.0,-5.05
12856.0,-5.710000000000001
12857.0,-5.94
12858.0,-5.22
12859.0,-5.46
12860.0,-5.5
12861.0,-5.49
12862.0,-5.09
12863.0,-5.04
12864.0,-5.01
12865.0,-5.41
12866.0,4.029999999999999
12867.0,-5.02
12868.0,-5.02
12869.0,-5.36
12870.0,-5.390000000000001
12871.0,-5.09
12872.0,-5.05
12873.0,-5.22
12874.0,-5.630000000000001
12875.0,-5.950000000000001
12876.0,-5.51
12877.0,-5.03
12878.0,-5.06
12879.0,-5.14
12880.0,-5.04
12881.0,-5.44
12882.0,-5.1
12883.0,-5.08
12884.0,-5.22
12885.0,-5.26
12886.0,-5.02
12887.0,-5.04
12888.0,-5.04
12889.0,-5.03
12890.0,-5.45
12891.0,-5.11
12892.0,-5.17
12893.0,-5.28
12894.0,-5.8100000000000005
12895.0,4.199999999999999
12896.0,-5.01
12897.0,-5.04
12898.0,-5.07
12899.0,-5.02
12900.0,-5.01
12901.0,-5.42
12902.0,-5.28
12903.0,-5.02
12904.0,-5.03
12905.0,-5.02
12906.0,4.209999999999999
12907.0,-5.02
12908.0,-5.02
12909.0,-5.61
12910.0,-5.01
12911.0,-5.11
12912.0,-5.03
12913.0,-5.11
12914.0,-5.05
12915.0,-5.04
12916.0,-5.08
12917.0,-5.01
12918.0,-5.5600000000000005
12919.0,-5.02
12920.0,-5.04
12921.0,-5.24
12922.0,-5.48
12923.0,-5.02
12924.0,-5.33
12925.0,4.22
12926.0,-5.01
12927.0,-5.48
12928.0,-5.3100000000000005
12929.0,-5.7700000000000005
12930.0,-5.45
12931.0,-5.61
12932.0,-5.630000000000001
12933.0,-5.06
12934.0,-5.28
12935.0,-5.920000000000001
12936.0,-5.15
12937.0,-5.37
12938.0,-5.06
12939.0,-5.03
12940.0,-5.73
12941.0,-5.03
12942.0,4.109999999999999
12943.0,-5.06
12944.0,-5.02
12945.0,-5.640000000000001
12946.0,-5.03
12947.0,-5.65
12948.0,-5.02
12949.0,-5.01
12950.0,-5.16
12951.0,-5.05
12952.0,-5.03
12953.0,-5.21
12954.0,-5.02
12955.0,-5.06
12956.0,-5.02
12957.0,-5.32
12958.0,-5.01
12959.0,-5.03
12960.0,-5.06
12961.0,-5.01
12962.0,-5.48
12963.0,-5.04
12964.0,-5.02
12965.0,-5.28
12966.0,-5.01
12967.0,-5.28
12968.0,-5.32
12969.0,-5.06
12970.0,-5.07
12971.0,-5.01
12972.0,-5.24
12973.0,-5.04
12974.0,-5.18
12975.0,-5.59
12976.0,-5.11
12977.0,-5.26
12978.0,4.49
12979.0,-5.46
12980.0,-5.02
12981.0,-5.59
12982.0,-5.01
12983.0,-5.04
12984.0,-5.75
12985.0,-5.41
12986.0,-5.03
12987.0,-5.08
12988.0,-5.78
12989.0,-5.04
12990.0,-5.04
12991.0,-5.1
12992.0,-5.05
12993.0,4.25
12994.0,-5.21
12995.0,-5.390000000000001
12996.0,-5.37
12997.0,-5.34
12998.0,-5.430000000000001
12999.0,-5.5600000000000005
13000.0,-5.02
13001.0,-5.01
13002.0,-5.1
13003.0,-5.06
13004.0,-5.03
13005.0,-5.680000000000001
13006.0,-5.01
13007.0,-5.03
13008.0,-5.02
13009.0,-5.02
13010.0,-5.05
13011.0,-5.3
13012.0,-5.09
13013.0,-5.61
13014.0,-5.26
13015.0,-5.1
13016.0,-5.18
13017.0,-5.4
13018.0,-5.75
13019.0,-5.01
13020.0,-5.1
13021.0,-5.550000000000001
13022.0,-5.6000000000000005
13023.0,-5.21
13024.0,-5.08
13025.0,-5.24
13026.0,-5.04
13027.0,-5.04
13028.0,-5.08
13029.0,-5.04
13030.0,-5.17
13031.0,-5.04
13032.0,-5.03
13033.0,-5.470000000000001
13034.0,-5.03
13035.0,-5.19
13036.0,-5.630000000000001
13037.0,-5.430000000000001
13038.0,-5.01
13039.0,4.41
13040.0,-5.05
13041.0,-5.09
13042.0,-5.05
13043.0,-5.22
13044.0,-5.34
13045.0,-5.05
13046.0,-5.03
13047.0,-5.04
13048.0,-5.01
13049.0,-5.03
13050.0,-5.04
13051.0,-1.0000000000000007
13052.0,-5.06
13053.0,-5.01
13054.0,-5.33
13055.0,-5.24
13056.0,4.43
13057.0,-5.3
13058.0,-5.38
13059.0,-5.3
13060.0,-5.2
13061.0,-5.02
13062.0,-5.06
13063.0,-5.01
13064.0,-5.09
13065.0,-5.02
13066.0,-5.09
13067.0,-5.49
13068.0,-5.03
13069.0,-5.49
13070.0,-5.01
13071.0,-5.28
13072.0,-5.04
13073.0,4.2299999999999995
13074.0,-5.32
13075.0,-5.03
13076.0,-5.23
13077.0,-5.54
13078.0,4.22
13079.0,-5.07
13080.0,-5.3100000000000005
13081.0,-5.41
13082.0,-5.4
13083.0,-5.01
13084.0,-5.09
13085.0,-5.630000000000001
13086.0,-5.37
13087.0,-5.29
13088.0,-5.02
13089.0,-5.04
13090.0,-5.13
13091.0,-5.550000000000001
13092.0,-5.01
13093.0,-5.09
13094.0,-5.470000000000001
13095.0,-5.870000000000001
13096.0,-5.04
13097.0,-5.710000000000001
13098.0,-5.07
13099.0,4.3
13100.0,-5.02
13101.0,-5.46
13102.0,-5.550000000000001
13103.0,-5.04
13104.0,-5.18
13105.0,-5.01
13106.0,4.279999999999999
13107.0,-5.44
13108.0,-5.04
13109.0,-5.07
13110.0,-5.59
13111.0,-5.02
13112.0,-5.02
13113.0,-5.26
13114.0,-5.04
13115.0,-5.03
13116.0,-5.06
13117.0,-5.550000000000001
13118.0,-5.3100000000000005
13119.0,-5.45
13120.0,-5.22
13121.0,-5.28
13122.0,-5.44
13123.0,4.26
13124.0,-5.06
13125.0,-5.03
13126.0,-5.29
13127.0,-5.12
13128.0,-5.34
13129.0,-5.01
13130.0,-5.01
13131.0,-5.75
13132.0,4.529999999999999
13133.0,-5.13
13134.0,-5.07
13135.0,-5.01
13136.0,-5.01
13137.0,4.01
13138.0,-5.09
13139.0,-5.54
13140.0,-5.01
13141.0,-5.05
13142.0,-5.04
13143.0,-5.880000000000001
13144.0,-5.4
13145.0,-5.36
13146.0,4.2299999999999995
13147.0,-5.08
13148.0,-5.04
13149.0,-5.5
13150.0,-5.790000000000001
13151.0,-5.02
13152.0,-5.3
13153.0,-5.48
13154.0,-5.680000000000001
13155.0,-5.01
13156.0,-5.03
13157.0,-5.09
13158.0,-5.67
13159.0,-5.5
13160.0,-5.06
13161.0,-5.04
13162.0,-5.29
13163.0,-5.05
13164.0,-5.05
13165.0,-5.24
13166.0,-5.62
13167.0,-5.05
13168.0,-5.04
13169.0,-5.3
13170.0,-5.08
13171.0,-5.02
13172.0,-5.11
13173.0,-5.9
13174.0,-5.02
13175.0,-5.08
13176.0,4.279999999999999
13177.0,-5.01
13178.0,-5.3500000000000005
13179.0,-5.6000000000000005
13180.0,-5.2
13181.0,-5.06
13182.0,-5.44
13183.0,-5.28
13184.0,-5.02
13185.0,-5.04
13186.0,-5.07
13187.0,-5.5
13188.0,-5.05
13189.0,-5.36
13190.0,-5.4
13191.0,-5.2
13192.0,-5.58
13193.0,-5.37
13194.0,-5.17
13195.0,-5.02
13196.0,-5.58
13197.0,-5.49
13198.0,-5.14
13199.0,4.47
13200.0,-5.03
13201.0,-5.37
13202.0,-5.02
13203.0,-1.0000000000000007
13204.0,-5.01
13205.0,-5.5600000000000005
13206.0,-5.23
13207.0,-5.12
13208.0,4.279999999999999
13209.0,-5.02
13210.0,-5.02
13211.0,-5.02
13212.0,-5.03
13213.0,-5.37
13214.0,-5.4
13215.0,-5.44
13216.0,-5.02
13217.0,-5.5
13218.0,4.289999999999999
13219.0,-5.07
13220.0,-5.7
13221.0,-5.32
13222.0,-5.03
13223.0,-5.32
13224.0,4.069999999999999
13225.0,-5.06
13226.0,-5.04
13227.0,-5.06
13228.0,-5.08
13229.0,-5.3
13230.0,4.129999999999999
13231.0,-5.48
13232.0,-5.2700000000000005
13233.0,-5.45
13234.0,-5.03
13235.0,-5.02
13236.0,-5.03
13237.0,-5.24
13238.0,-5.01
13239.0,-5.28
13240.0,-5.02
13241.0,-5.28
13242.0,-5.430000000000001
13243.0,-5.03
13244.0,-5.22
13245.0,-5.58
13246.0,-5.07
13247.0,-5.3100000000000005
13248.0,-5.02
13249.0,-5.710000000000001
13250.0,-5.04
13251.0,-5.02
13252.0,-5.02
13253.0,-5.1
13254.0,-5.02
13255.0,-5.11
13256.0,-5.01
13257.0,-5.3
13258.0,-5.04
13259.0,-5.06
13260.0,-5.01
13261.0,-5.51
13262.0,4.289999999999999
13263.0,-5.33
13264.0,-5.61
13265.0,-5.22
13266.0,-5.01
13267.0,-5.38
13268.0,-5.48
13269.0,-5.42
13270.0,-5.2
13271.0,-5.4
13272.0,-5.5600000000000005
13273.0,-5.41
13274.0,-5.33
13275.0,-5.3100000000000005
13276.0,-5.04
13277.0,-5.02
13278.0,-5.03
13279.0,4.279999999999999
13280.0,-5.05
13281.0,-5.26
13282.0,-5.06
13283.0,-5.880000000000001
13284.0,-5.34
13285.0,-5.57
13286.0,-5.34
13287.0,-5.11
13288.0,-5.03
13289.0,-5.48
13290.0,4.449999999999999
13291.0,-5.02
13292.0,-5.08
13293.0,-5.28
13294.0,-5.41
13295.0,-5.66
13296.0,-5.51
13297.0,-5.08
13298.0,4.079999999999999
13299.0,-5.02
13300.0,-5.3100000000000005
13301.0,-5.550000000000001
13302.0,-5.02
13303.0,-5.6000000000000005
13304.0,-5.09
13305.0,-5.5600000000000005
13306.0,-5.38
13307.0,-5.13
13308.0,-5.01
13309.0,-5.08
13310.0,-5.2700000000000005
13311.0,-5.1
13312.0,-5.74
13313.0,-5.09
13314.0,4.289999999999999
13315.0,-5.37
13316.0,-5.23
13317.0,-5.5200000000000005
13318.0,4.49
13319.0,-5.34
13320.0,-5.24
13321.0,-5.37
13322.0,-5.17
13323.0,-5.44
13324.0,-5.08
13325.0,-5.06
13326.0,-5.470000000000001
13327.0,-5.04
13328.0,-5.37
13329.0,4.069999999999999
13330.0,-5.01
13331.0,-5.01
13332.0,-5.51
13333.0,-5.51
13334.0,-5.01
13335.0,-5.05
13336.0,-5.7
13337.0,-5.960000000000001
13338.0,-5.45
13339.0,-5.09
13340.0,-5.04
13341.0,-5.4
13342.0,-5.04
13343.0,-5.09
13344.0,4.31
13345.0,-5.74
13346.0,-5.470000000000001
13347.0,-5.06
13348.0,-5.5600000000000005
13349.0,-5.51
13350.0,-5.02
13351.0,-5.58
13352.0,-5.02
13353.0,-5.21
13354.0,-5.07
13355.0,-5.58
13356.0,-5.5200000000000005
13357.0,-5.38
13358.0,-5.05
13359.0,-5.34
13360.0,4.1499999999999995
13361.0,-5.02
13362.0,-5.01
13363.0,-5.32
13364.0,-5.03
13365.0,4.27
13366.0,-5.04
13367.0,-5.5
13368.0,-5.04
13369.0,-5.01
13370.0,-5.04
13371.0,-5.02
13372.0,-5.34
13373.0,-5.15
13374.0,4.25
13375.0,-5.02
13376.0,-5.01
13377.0,-5.03
13378.0,-5.04
13379.0,-5.46
13380.0,-5.5600000000000005
13381.0,-5.08
13382.0,-5.65
13383.0,-5.01
13384.0,-5.11
13385.0,4.06
13386.0,-5.37
13387.0,-5.03
13388.0,4.2299999999999995
13389.0,-5.5600000000000005
13390.0,-5.22
13391.0,-5.34
13392.0,-5.36
13393.0,-5.01
13394.0,-5.42
13395.0,-5.08
13396.0,-5.6000000000000005
13397.0,-5.82
13398.0,-5.38
13399.0,-5.02
13400.0,-5.630000000000001
13401.0,4.38
13402.0,-5.470000000000001
13403.0,4.3999999999999995
13404.0,4.41
13405.0,-5.65
13406.0,-5.34
13407.0,-5.42
13408.0,-5.54
13409.0,-5.03
13410.0,-5.01
13411.0,-5.550000000000001
13412.0,-5.5600000000000005
13413.0,4.33
13414.0,-5.46
13415.0,-5.4
13416.0,-5.24
13417.0,-5.05
13418.0,4.33
13419.0,-5.03
13420.0,-5.470000000000001
13421.0,-5.430000000000001
13422.0,-5.02
13423.0,-5.06
13424.0,-5.42
13425.0,-5.12
13426.0,-5.07
13427.0,-5.44
13428.0,-5.29
13429.0,-5.02
13430.0,4.289999999999999
13431.0,-1.0000000000000007
13432.0,-5.01
13433.0,-5.07
13434.0,-5.08
13435.0,-5.470000000000001
13436.0,-5.08
13437.0,-5.430000000000001
13438.0,-5.28
13439.0,-5.04
13440.0,-5.01
13441.0,-5.33
13442.0,-5.26
13443.0,-5.26
13444.0,-5.34
13445.0,-5.09
13446.0,-5.05
13447.0,-5.02
13448.0,4.35
13449.0,-5.02
13450.0,-5.04
13451.0,-5.01
13452.0,-5.61
13453.0,-5.4
13454.0,-5.36
13455.0,4.33
13456.0,-5.11
13457.0,-5.03
13458.0,-5.23
13459.0,-5.05
13460.0,-5.36
13461.0,-5.21
13462.0,-5.26
13463.0,-5.02
13464.0,-5.06
13465.0,-5.37
13466.0,-5.680000000000001
13467.0,-5.26
13468.0,-5.870000000000001
13469.0,-5.5
13470.0,-5.390000000000001
13471.0,-5.04
13472.0,-5.04
13473.0,-5.07
13474.0,4.17
13475.0,-5.08
13476.0,-5.02
13477.0,-5.3500000000000005
13478.0,-5.1
13479.0,-5.2700000000000005
13480.0,4.41
13481.0,4.34
13482.0,-5.04
13483.0,-5.640000000000001
13484.0,4.39
13485.0,-5.25
13486.0,-5.48
13487.0,-5.06
13488.0,-1.0000000000000007
13489.0,-5.44
13490.0,-5.01
13491.0,-5.03
13492.0,-5.01
13493.0,-5.02
13494.0,-5.59
13495.0,-5.01
13496.0,-5.01
13497.0,-5.04
13498.0,-5.1
13499.0,-5.02
13500.0,-5.5200000000000005
13501.0,-5.03
13502.0,-5.03
13503.0,-5.04
13504.0,-5.02
13505.0,-5.07
13506.0,-5.04
13507.0,-5.33
13508.0,-5.3
13509.0,-5.390000000000001
13510.0,-5.06
13511.0,-5.62
13512.0,-5.04
13513.0,-5.12
13514.0,-5.03
13515.0,-5.01
13516.0,-5.22
13517.0,-5.49
13518.0,-5.26
13519.0,-5.59
13520.0,-5.390000000000001
13521.0,-5.12
13522.0,-5.710000000000001
13523.0,-5.66
13524.0,-5.48
13525.0,-5.04
13526.0,-5.06
13527.0,-5.01
13528.0,-5.41
13529.0,-5.2
13530.0,4.51
13531.0,-5.05
13532.0,-5.42
13533.0,-5.48
13534.0,-5.38
13535.0,-5.22
13536.0,-5.69
13537.0,-5.5
13538.0,-5.49
13539.0,-5.2700000000000005
13540.0,4.17
13541.0,-5.44
13542.0,-5.640000000000001
13543.0,-5.05
13544.0,-5.07
13545.0,-5.15
13546.0,-5.57
13547.0,-5.58
13548.0,-5.01
13549.0,-5.720000000000001
13550.0,-5.45
13551.0,-5.1
13552.0,-5.04
13553.0,-5.02
13554.0,-5.54
13555.0,-5.23
13556.0,-5.2700000000000005
13557.0,-5.06
13558.0,-5.78
13559.0,-5.3
13560.0,-5.06
13561.0,-5.41
13562.0,-5.790000000000001
13563.0,-5.28
13564.0,-5.36
13565.0,-5.59
13566.0,-5.06
13567.0,-5.28
13568.0,4.27
13569.0,-5.3
13570.0,-5.550000000000001
13571.0,-5.01
13572.0,-5.01
13573.0,-5.02
13574.0,-5.75
13575.0,-5.41
13576.0,-5.01
13577.0,-5.01
13578.0,-5.02
13579.0,-5.04
13580.0,-5.08
13581.0,-5.5200000000000005
13582.0,-5.02
13583.0,-5.01
13584.0,-5.470000000000001
13585.0,-5.02
13586.0,-5.04
13587.0,-5.49
13588.0,-5.02
13589.0,-5.05
13590.0,-5.36
13591.0,-5.51
13592.0,4.289999999999999
13593.0,-5.37
13594.0,-5.06
13595.0,-5.03
13596.0,-5.04
13597.0,-5.16
13598.0,-5.01
13599.0,-5.48
13600.0,-5.08
13601.0,-5.51
13602.0,-5.06
13603.0,-5.3
13604.0,-5.09
13605.0,-5.4
13606.0,-5.5200000000000005
13607.0,-5.05
13608.0,-5.550000000000001
13609.0,-5.46
13610.0,-5.04
13611.0,-5.59
13612.0,-5.720000000000001
13613.0,-5.66
13614.0,4.18
13615.0,-5.33
13616.0,-5.13
13617.0,-5.58
13618.0,4.109999999999999
13619.0,-5.02
13620.0,-5.04
13621.0,-5.06
13622.0,-5.1
13623.0,-5.06
13624.0,-5.01
13625.0,-5.16
13626.0,-5.04
13627.0,-5.49
13628.0,-5.4
13629.0,-5.19
13630.0,-5.05
13631.0,-5.02
13632.0,-5.3100000000000005
13633.0,-5.49
13634.0,-5.65
13635.0,-5.01
13636.0,-5.3
13637.0,-5.09
13638.0,-5.73
13639.0,-5.54
13640.0,-5.69
13641.0,-5.48
13642.0,-5.51
13643.0,-5.53
13644.0,-5.5600000000000005
13645.0,-5.2
13646.0,-5.4
13647.0,-5.04
13648.0,-5.2700000000000005
13649.0,-5.06
13650.0,-5.5
13651.0,-5.32
13652.0,-5.18
13653.0,-5.04
13654.0,-5.61
13655.0,-5.34
13656.0,-5.01
13657.0,-5.430000000000001
13658.0,-5.62
13659.0,-5.28
13660.0,-5.2700000000000005
13661.0,4.46
13662.0,-5.46
13663.0,-5.69
13664.0,-5.73
13665.0,-5.18
13666.0,-5.02
13667.0,-5.1
13668.0,-5.08
13669.0,-5.29
13670.0,-5.06
13671.0,-5.04
13672.0,-5.62
13673.0,-5.16
13674.0,-5.01
13675.0,-5.3
13676.0,-5.04
13677.0,-5.03
13678.0,-5.3500000000000005
13679.0,-5.07
13680.0,-5.03
13681.0,4.34
13682.0,4.47
13683.0,-5.02
13684.0,-5.630000000000001
13685.0,-5.34
13686.0,-5.44
13687.0,-5.3100000000000005
13688.0,-5.15
13689.0,-5.03
13690.0,-5.02
13691.0,-5.19
13692.0,-5.06
13693.0,-5.34
13694.0,-5.08
13695.0,-5.29
13696.0,-5.04
13697.0,-5.01
13698.0,-5.01
13699.0,4.239999999999999
13700.0,4.289999999999999
13701.0,4.1899999999999995
13702.0,-5.61
13703.0,-5.32
13704.0,-5.3100000000000005
13705.0,-5.17
13706.0,-5.33
13707.0,-5.17
13708.0,-5.02
13709.0,-5.04
13710.0,-5.65
13711.0,-5.05
13712.0,-5.01
13713.0,-5.6000000000000005
13714.0,-5.59
13715.0,-5.37
13716.0,-5.62
13717.0,-5.32
13718.0,-5.680000000000001
13719.0,-5.28
13720.0,-5.04
13721.0,4.09
13722.0,-5.44
13723.0,-5.42
13724.0,-5.11
13725.0,-5.02
13726.0,-5.41
13727.0,-5.48
13728.0,-5.42
13729.0,4.51
13730.0,-5.06
13731.0,-5.37
13732.0,-5.5
13733.0,-5.04
13734.0,-5.04
13735.0,-5.83
13736.0,-5.3100000000000005
13737.0,-5.02
13738.0,-5.3
13739.0,-5.04
13740.0,-5.12
13741.0,-5.44
13742.0,-5.02
13743.0,-5.790000000000001
13744.0,-5.54
13745.0,4.35
13746.0,-5.04
13747.0,-5.75
13748.0,-5.03
13749.0,-5.59
13750.0,-5.34
13751.0,-5.24
13752.0,-5.54
13753.0,-5.01
13754.0,-5.3500000000000005
13755.0,-5.7
13756.0,-5.01
13757.0,-5.12
13758.0,-5.05
13759.0,-5.02
13760.0,-5.25
13761.0,-5.13
13762.0,-5.03
13763.0,4.41
13764.0,-5.01
13765.0,-5.38
13766.0,-5.5200000000000005
13767.0,-5.2
13768.0,-5.960000000000001
13769.0,-5.04
13770.0,-5.12
13771.0,-5.61
13772.0,-5.02
13773.0,-5.41
13774.0,4.449999999999999
13775.0,-5.34
13776.0,-5.01
13777.0,-5.03
13778.0,-5.01
13779.0,-5.41
13780.0,-5.01
13781.0,-5.54
13782.0,-5.51
13783.0,-5.53
13784.0,-5.5200000000000005
13785.0,-5.07
13786.0,-5.630000000000001
13787.0,-5.04
13788.0,-5.5
13789.0,-5.06
13790.0,-5.17
13791.0,-5.01
13792.0,-5.32
13793.0,-5.04
13794.0,-5.03
13795.0,-5.25
13796.0,-5.470000000000001
13797.0,4.289999999999999
13798.0,-5.01
13799.0,-5.22
13800.0,-5.38
13801.0,-5.06
13802.0,-5.61
13803.0,-5.29
13804.0,-5.02
13805.0,4.47
13806.0,-5.01
13807.0,-5.06
13808.0,4.22
13809.0,-5.53
13810.0,-5.26
13811.0,-5.44
13812.0,-5.04
13813.0,-5.06
13814.0,-5.53
13815.0,-5.07
13816.0,-5.01
13817.0,-5.38
13818.0,-5.36
13819.0,-5.41
13820.0,-5.74
13821.0,-5.44
13822.0,-5.48
13823.0,-5.69
13824.0,-5.430000000000001
13825.0,-5.59
13826.0,-5.21
13827.0,4.26
13828.0,-5.6000000000000005
13829.0,-5.02
13830.0,-5.05
13831.0,-5.680000000000001
13832.0,-5.03
13833.0,-5.03
13834.0,-5.01
13835.0,-5.06
13836.0,-5.5
13837.0,-5.49
13838.0,-5.23
13839.0,-5.05
13840.0,-5.29
13841.0,-5.390000000000001
13842.0,-5.02
13843.0,-5.05
13844.0,-5.26
13845.0,-5.02
13846.0,-5.24
13847.0,-5.28
13848.0,-5.38
13849.0,-5.03
13850.0,-5.01
13851.0,-5.38
13852.0,-5.21
13853.0,-5.22
13854.0,-5.02
13855.0,-5.2700000000000005
13856.0,-5.01
13857.0,-5.01
13858.0,-5.18
13859.0,-5.2700000000000005
13860.0,-5.930000000000001
13861.0,-5.640000000000001
13862.0,-5.44
13863.0,-5.73
13864.0,-5.36
13865.0,-5.2
13866.0,-5.4
13867.0,-5.46
13868.0,4.42
13869.0,-5.430000000000001
13870.0,-5.26
13871.0,-5.15
13872.0,4.33
13873.0,-5.37
13874.0,-5.32
13875.0,-5.02
13876.0,-5.34
13877.0,-5.4
13878.0,-5.02
13879.0,-5.08
13880.0,-5.02
13881.0,-5.08
13882.0,-5.26
13883.0,-5.25
13884.0,-5.07
13885.0,-5.01
13886.0,-5.3100000000000005
13887.0,-5.62
13888.0,-5.22
13889.0,-5.62
13890.0,-5.5600000000000005
13891.0,-5.23
13892.0,-5.01
13893.0,-5.09
13894.0,4.38
13895.0,-5.02
13896.0,-5.3
13897.0,-5.04
13898.0,-5.02
13899.0,-5.04
13900.0,-5.53
13901.0,-5.470000000000001
13902.0,4.4399999999999995
13903.0,4.279999999999999
13904.0,-5.01
13905.0,-5.2700000000000005
13906.0,-5.02
13907.0,-5.33
13908.0,-5.04
13909.0,-5.05
13910.0,4.449999999999999
13911.0,-5.74
13912.0,-5.3500000000000005
13913.0,-5.02
13914.0,-5.390000000000001
13915.0,-5.48
13916.0,-5.2700000000000005
13917.0,-5.53
13918.0,-5.18
13919.0,-5.06
13920.0,-5.69
13921.0,-5.42
13922.0,-5.28
13923.0,4.079999999999999
13924.0,-5.02
13925.0,-5.08
13926.0,-5.44
13927.0,4.47
13928.0,-5.01
13929.0,-5.2
13930.0,-5.06
13931.0,-5.24
13932.0,-5.24
13933.0,-5.41
13934.0,-5.29
13935.0,-5.02
13936.0,-5.34
13937.0,-5.03
13938.0,-5.02
13939.0,-5.11
13940.0,-5.38
13941.0,-5.04
13942.0,-5.03
13943.0,4.199999999999999
13944.0,-5.02
13945.0,-5.08
13946.0,-5.02
13947.0,4.369999999999999
13948.0,-5.02
13949.0,-5.4
13950.0,-5.07
13951.0,-5.04
13952.0,4.41
13953.0,-5.05
13954.0,-5.02
13955.0,-5.22
13956.0,-5.02
13957.0,-5.3100000000000005
13958.0,-5.44
13959.0,-5.59
13960.0,-5.03
13961.0,-5.07
13962.0,-5.01
13963.0,-5.02
13964.0,-5.3
13965.0,-5.04
13966.0,-5.4
13967.0,-5.18
13968.0,-5.73
13969.0,-5.07
13970.0,-5.73
13971.0,-5.02
13972.0,-5.51
13973.0,-5.37
13974.0,-5.15
13975.0,-5.02
13976.0,-5.07
13977.0,-5.01
13978.0,-5.34
13979.0,4.199999999999999
13980.0,-5.02
13981.0,-5.37
13982.0,-5.02
13983.0,-5.430000000000001
13984.0,-5.29
13985.0,-5.45
13986.0,-5.08
13987.0,-5.16
13988.0,-5.33
13989.0,-5.48
13990.0,-5.46
13991.0,-5.14
13992.0,-5.38
13993.0,-5.2700000000000005
13994.0,-5.08
13995.0,4.41
13996.0,-5.44
13997.0,-5.1
13998.0,-5.05
13999.0,-5.24
14000.0,-5.28
14001.0,-5.65
14002.0,-5.2700000000000005
14003.0,-5.51
14004.0,-5.13
14005.0,-5.07
14006.0,-5.430000000000001
14007.0,-5.05
14008.0,-5.6000000000000005
14009.0,-5.41
14010.0,-5.05
14011.0,-5.06
14012.0,-5.06
14013.0,-5.28
14014.0,-5.28
14015.0,-5.3
14016.0,-5.24
14017.0,-5.03
14018.0,-5.390000000000001
14019.0,-5.12
14020.0,-5.02
14021.0,-5.01
14022.0,-5.02
14023.0,-5.44
14024.0,-5.01
14025.0,4.43
14026.0,-5.06
14027.0,-5.46
14028.0,4.49
14029.0,-5.05
14030.0,-5.45
14031.0,-5.51
14032.0,-5.02
14033.0,-5.26
14034.0,-5.62
14035.0,-5.44
14036.0,-5.05
14037.0,-5.49
14038.0,-5.02
14039.0,-5.02
14040.0,-5.44
14041.0,-5.49
14042.0,-5.06
14043.0,-5.4
14044.0,-5.42
14045.0,-5.01
14046.0,4.33
14047.0,-5.02
14048.0,-5.34
14049.0,-5.03
14050.0,-5.34
14051.0,-5.680000000000001
14052.0,-5.32
14053.0,-5.19
14054.0,-5.38
14055.0,-5.680000000000001
14056.0,-5.08
14057.0,-5.82
14058.0,-5.22
14059.0,-5.02
14060.0,-5.01
14061.0,-5.630000000000001
14062.0,-5.25
14063.0,-5.5
14064.0,-5.14
14065.0,-5.22
14066.0,-5.12
14067.0,-5.05
14068.0,-5.02
14069.0,4.47
14070.0,-5.42
14071.0,-5.15
14072.0,-5.07
14073.0,-5.22
14074.0,-5.04
14075.0,-5.08
14076.0,-5.37
14077.0,-5.42
14078.0,-5.41
14079.0,-5.02
14080.0,-5.08
14081.0,4.46
14082.0,-5.06
14083.0,-5.03
14084.0,-5.07
14085.0,-5.45
14086.0,-5.61
14087.0,-5.3500000000000005
14088.0,-5.3100000000000005
14089.0,4.27
14090.0,-5.34
14091.0,-5.5
14092.0,-5.04
14093.0,-5.18
14094.0,-5.03
14095.0,-5.04
14096.0,-5.22
14097.0,-5.29
14098.0,-5.28
14099.0,-5.41
14100.0,-5.04
14101.0,-5.550000000000001
14102.0,-5.07
14103.0,-5.3
14104.0,4.17
14105.0,4.18
14106.0,-5.2700000000000005
14107.0,-5.48
14108.0,-5.05
14109.0,-5.05
14110.0,-5.53
14111.0,-5.24
14112.0,-5.04
14113.0,-5.04
14114.0,-5.65
14115.0,-5.03
14116.0,-5.32
14117.0,-5.41
14118.0,-5.61
14119.0,4.319999999999999
14120.0,-5.01
14121.0,-5.02
14122.0,-5.01
14123.0,-5.06
14124.0,-5.5
14125.0,-5.06
14126.0,-5.01
14127.0,-5.14
14128.0,4.26
14129.0,-5.390000000000001
14130.0,-5.38
14131.0,-5.2700000000000005
14132.0,-5.34
14133.0,-5.12
14134.0,-5.03
14135.0,-5.02
14136.0,-5.4
14137.0,-5.53
14138.0,-5.54
14139.0,-5.38
14140.0,-5.720000000000001
14141.0,-5.09
14142.0,-5.42
14143.0,4.449999999999999
14144.0,-5.23
14145.0,-5.28
14146.0,-5.34
14147.0,4.31
14148.0,-5.390000000000001
14149.0,-5.04
14150.0,-5.02
14151.0,-5.42
14152.0,-5.2700000000000005
14153.0,-5.07
14154.0,-5.42
14155.0,-5.04
14156.0,-5.470000000000001
14157.0,-5.03
14158.0,-5.720000000000001
14159.0,-5.01
14160.0,-5.03
14161.0,-5.04
14162.0,-5.02
14163.0,4.069999999999999
14164.0,-5.03
14165.0,-5.51
14166.0,-5.65
14167.0,-5.09
14168.0,4.22
14169.0,-5.11
14170.0,4.46
14171.0,-5.3500000000000005
14172.0,-5.6000000000000005
14173.0,4.26
14174.0,-5.19
14175.0,-5.3100000000000005
14176.0,-5.06
14177.0,-5.01
14178.0,-5.65
14179.0,-5.05
14180.0,-5.01
14181.0,-5.01
14182.0,4.17
14183.0,-5.14
14184.0,-5.430000000000001
14185.0,-5.02
14186.0,-5.37
14187.0,-5.12
14188.0,-5.37
14189.0,-5.5
14190.0,-5.08
14191.0,-5.45
14192.0,-5.13
14193.0,-5.08
14194.0,-5.29
14195.0,-5.2
14196.0,-5.4
14197.0,-5.04
14198.0,-5.05
14199.0,-5.08
14200.0,-5.17
14201.0,-5.03
14202.0,-5.28
14203.0,-5.06
14204.0,-5.03
14205.0,-5.48
14206.0,-5.36
14207.0,-5.06
14208.0,-5.04
14209.0,-5.4
14210.0,-5.5600000000000005
14211.0,-5.08
14212.0,-5.49
14213.0,-5.45
14214.0,-5.54
14215.0,-5.02
14216.0,-5.02
14217.0,4.1899999999999995
14218.0,4.369999999999999
14219.0,-5.08
14220.0,-5.07
14221.0,-5.06
14222.0,-5.08
14223.0,-5.44
14224.0,-5.03
14225.0,-5.22
14226.0,-5.99
14227.0,-5.34
14228.0,-5.23
14229.0,-5.36
14230.0,-5.41
14231.0,-5.09
14232.0,-5.08
14233.0,-5.01
14234.0,-5.05
14235.0,-5.67
14236.0,-5.04
14237.0,-5.3500000000000005
14238.0,-5.04
14239.0,-5.34
14240.0,-5.02
14241.0,-5.04
14242.0,-5.04
14243.0,-5.04
14244.0,-5.49
14245.0,-5.05
14246.0,-5.26
14247.0,-5.22
14248.0,-5.21
14249.0,-5.470000000000001
14250.0,-5.28
14251.0,-5.02
14252.0,-5.390000000000001
14253.0,-5.06
14254.0,4.41
14255.0,-5.09
14256.0,-5.01
14257.0,-5.02
14258.0,-5.13
14259.0,-5.28
14260.0,-5.03
14261.0,-5.08
14262.0,-5.11
14263.0,-5.01
14264.0,-5.58
14265.0,-5.02
14266.0,-5.18
14267.0,-5.51
14268.0,-5.03
14269.0,-5.05
14270.0,-5.3
14271.0,4.369999999999999
14272.0,-5.03
14273.0,-5.29
14274.0,-5.01
14275.0,-5.3100000000000005
14276.0,-5.08
14277.0,-5.06
14278.0,-5.390000000000001
14279.0,-5.25
14280.0,-5.01
14281.0,-5.11
14282.0,-5.33
14283.0,-5.45
14284.0,-5.33
14285.0,-5.04
14286.0,-5.630000000000001
14287.0,-5.01
14288.0,-5.04
14289.0,-5.48
14290.0,-5.01
14291.0,-5.12
14292.0,-5.41
14293.0,-5.25
14294.0,-5.2
14295.0,-5.37
14296.0,-5.37
14297.0,-5.45
14298.0,-5.58
14299.0,-5.2700000000000005
14300.0,-5.29
14301.0,-5.01
14302.0,-5.29
14303.0,-5.23
14304.0,-5.05
14305.0,-5.01
14306.0,-5.46
14307.0,-5.59
14308.0,-5.24
14309.0,-5.02
14310.0,-5.25
14311.0,4.39
14312.0,-5.28
14313.0,-5.38
14314.0,-5.05
14315.0,4.289999999999999
14316.0,4.42
14317.0,-5.62
14318.0,-5.22
14319.0,-5.02
14320.0,-5.3
14321.0,-5.09
14322.0,-5.01
14323.0,4.4799999999999995
14324.0,-5.21
14325.0,-5.01
14326.0,-5.41
14327.0,-5.04
14328.0,-5.4
14329.0,-5.48
14330.0,-5.28
14331.0,-5.49
14332.0,4.31
14333.0,4.27
14334.0,-5.04
14335.0,-5.26
14336.0,-5.2700000000000005
14337.0,-5.03
14338.0,-5.01
14339.0,-5.04
14340.0,-5.46
14341.0,-5.01
14342.0,-5.33
14343.0,-5.5
14344.0,-5.48
14345.0,-5.470000000000001
14346.0,-5.02
14347.0,-5.02
14348.0,-5.04
14349.0,-5.04
14350.0,-5.470000000000001
14351.0,-5.32
14352.0,-5.26
14353.0,-5.32
14354.0,-5.03
14355.0,-5.04
14356.0,-5.04
14357.0,-5.04
14358.0,-5.04
14359.0,-5.5200000000000005
14360.0,-5.06
14361.0,-5.07
14362.0,-5.01
14363.0,-5.24
14364.0,-5.05
14365.0,-5.5200000000000005
14366.0,-5.34
14367.0,-5.02
14368.0,-5.01
14369.0,-5.12
14370.0,-5.22
14371.0,-5.4
14372.0,-5.3
14373.0,-5.58
14374.0,-5.07
14375.0,-5.06
14376.0,-5.02
14377.0,-5.02
14378.0,-5.07
14379.0,4.41
14380.0,-5.48
14381.0,-5.04
14382.0,-5.3
14383.0,-5.34
14384.0,-5.04
14385.0,-5.61
14386.0,-5.37
14387.0,-5.28
14388.0,-5.550000000000001
14389.0,-5.3
14390.0,-5.05
14391.0,-5.23
14392.0,-5.33
14393.0,-5.430000000000001
14394.0,4.06
14395.0,-5.04
14396.0,-5.57
14397.0,-5.03
14398.0,-5.630000000000001
14399.0,-5.3100000000000005
14400.0,4.239999999999999
14401.0,-5.550000000000001
14402.0,-5.36
14403.0,-5.4
14404.0,-5.02
14405.0,-5.32
14406.0,-5.36
14407.0,-5.13
14408.0,-5.2
14409.0,-5.02
14410.0,-5.38
14411.0,-5.01
14412.0,-5.470000000000001
14413.0,4.49
14414.0,-5.11
14415.0,-5.01
14416.0,-5.5600000000000005
14417.0,-5.36
14418.0,-5.630000000000001
14419.0,-5.04
14420.0,-5.54
14421.0,-5.01
14422.0,-5.02
14423.0,-5.38
14424.0,-5.4
14425.0,-5.4
14426.0,-5.34
14427.0,-5.5
14428.0,-5.02
14429.0,-5.01
14430.0,-5.04
14431.0,-5.25
14432.0,-5.02
14433.0,-5.04
14434.0,-5.45
14435.0,-5.57
14436.0,-5.1
14437.0,-5.01
14438.0,-5.2700000000000005
14439.0,-5.02
14440.0,-5.26
14441.0,-5.38
14442.0,-5.33
14443.0,-5.29
14444.0,-5.67
14445.0,-5.02
14446.0,-5.01
14447.0,-5.29
14448.0,-5.03
14449.0,-5.390000000000001
14450.0,-5.26
14451.0,-5.03
14452.0,-5.25
14453.0,-5.29
14454.0,-5.23
14455.0,-5.11
14456.0,-5.02
14457.0,-5.65
14458.0,-5.25
14459.0,-5.29
14460.0,-5.05
14461.0,-5.03
14462.0,-5.04
14463.0,-5.3100000000000005
14464.0,-5.05
14465.0,-5.4
14466.0,-5.02
14467.0,-5.57
14468.0,-5.1
14469.0,-5.02
14470.0,-5.06
14471.0,-5.25
14472.0,-5.04
14473.0,-5.45
14474.0,-5.34
14475.0,-5.2700000000000005
14476.0,-5.25
14477.0,-5.32
14478.0,-5.29
14479.0,-5.08
14480.0,-5.32
14481.0,-5.12
14482.0,-5.470000000000001
14483.0,-5.470000000000001
14484.0,-5.26
14485.0,-5.430000000000001
14486.0,-5.02
14487.0,-5.65
14488.0,-5.2700000000000005
14489.0,-5.550000000000001
14490.0,-5.12
14491.0,-5.680000000000001
14492.0,4.25
14493.0,-5.28
14494.0,-5.25
14495.0,-5.28
14496.0,-5.34
14497.0,-5.11
14498.0,-5.36
14499.0,-5.04
14500.0,-5.09
14501.0,-5.470000000000001
14502.0,-5.42
14503.0,-5.02
14504.0,-5.37
14505.0,-5.41
14506.0,-5.05
14507.0,-5.03
14508.0,-5.09
14509.0,-5.03
14510.0,-5.51
14511.0,4.4799999999999995
14512.0,-5.04
14513.0,-5.02
14514.0,-5.26
14515.0,-5.02
14516.0,-5.24
14517.0,-5.04
14518.0,-5.5200000000000005
14519.0,-5.04
14520.0,-5.04
14521.0,4.25
14522.0,-5.29
14523.0,-5.04
14524.0,-5.06
14525.0,4.43
14526.0,-5.15
14527.0,-5.01
14528.0,-5.38
14529.0,-5.53
14530.0,-5.1
14531.0,-5.1
14532.0,-5.01
14533.0,-5.06
14534.0,-5.42
14535.0,-5.41
14536.0,-5.28
14537.0,-5.04
14538.0,-5.25
14539.0,-5.19
14540.0,-5.24
14541.0,-5.19
14542.0,-5.26
14543.0,4.27
14544.0,-5.04
14545.0,-5.38
14546.0,-5.12
14547.0,-5.02
14548.0,-5.4
14549.0,-5.25
14550.0,-5.69
14551.0,-5.09
14552.0,-5.4
14553.0,-5.33
14554.0,-5.34
14555.0,-5.34
14556.0,-5.2700000000000005
14557.0,-5.34
14558.0,-5.05
14559.0,-5.470000000000001
14560.0,-5.09
14561.0,-5.33
14562.0,-5.430000000000001
14563.0,-5.29
14564.0,-5.5
14565.0,-5.03
14566.0,-5.01
14567.0,-5.2700000000000005
14568.0,-5.42
14569.0,-5.17
14570.0,-5.550000000000001
14571.0,-5.08
14572.0,-5.06
14573.0,-5.08
14574.0,-5.62
14575.0,-5.06
14576.0,-5.04
14577.0,-5.62
14578.0,-5.06
14579.0,-5.23
14580.0,-5.34
14581.0,-5.2
14582.0,-5.01
14583.0,-5.29
14584.0,-5.38
14585.0,-5.2
14586.0,-5.54
14587.0,-5.01
14588.0,-5.44
14589.0,-5.02
14590.0,4.31
14591.0,-5.01
14592.0,-5.01
14593.0,-5.58
14594.0,-5.02
14595.0,-5.22
14596.0,-5.69
14597.0,-5.29
14598.0,-5.34
14599.0,-5.04
14600.0,-5.15
14601.0,-5.02
14602.0,-5.14
14603.0,-5.36
14604.0,-5.08
14605.0,-5.21
14606.0,-5.23
14607.0,-5.01
14608.0,4.34
14609.0,-5.02
14610.0,-5.390000000000001
14611.0,4.199999999999999
14612.0,-5.19
14613.0,-5.36
14614.0,-5.86
14615.0,-5.01
14616.0,-5.28
14617.0,-5.470000000000001
14618.0,-5.01
14619.0,-5.04
14620.0,-5.34
14621.0,-5.36
14622.0,-5.02
14623.0,-5.02
14624.0,-5.04
14625.0,-5.04
14626.0,-5.01
14627.0,-5.05
14628.0,-5.640000000000001
14629.0,-5.03
14630.0,-5.38
14631.0,-5.02
14632.0,-5.03
14633.0,-5.38
14634.0,-5.37
14635.0,-5.4
14636.0,-5.73
14637.0,-5.29
14638.0,-5.38
14639.0,-5.26
14640.0,-5.5
14641.0,-5.2700000000000005
14642.0,-5.48
14643.0,4.31
14644.0,-5.11
14645.0,-5.02
14646.0,4.319999999999999
14647.0,-5.05
14648.0,-5.37
14649.0,-5.04
14650.0,-5.06
14651.0,-5.3
14652.0,-5.390000000000001
14653.0,-5.02
14654.0,-5.03
14655.0,4.289999999999999
14656.0,-5.28
14657.0,-5.01
14658.0,-5.04
14659.0,-5.24
14660.0,-5.11
14661.0,-5.12
14662.0,-5.36
14663.0,-5.05
14664.0,-5.02
14665.0,-5.470000000000001
14666.0,-5.04
14667.0,-5.470000000000001
14668.0,4.449999999999999
14669.0,-5.430000000000001
14670.0,-5.32
14671.0,-5.29
14672.0,-5.3100000000000005
14673.0,-5.23
14674.0,-5.42
14675.0,-5.04
14676.0,-5.02
14677.0,-5.03
14678.0,-5.02
14679.0,-5.38
14680.0,-5.430000000000001
14681.0,-5.01
14682.0,-5.680000000000001
14683.0,-5.29
14684.0,-5.02
14685.0,-5.26
14686.0,-5.34
14687.0,-5.5200000000000005
14688.0,-5.3500000000000005
14689.0,-5.34
14690.0,-5.06
14691.0,-5.02
14692.0,-5.04
14693.0,4.449999999999999
14694.0,-5.66
14695.0,-5.3
14696.0,-5.37
14697.0,-5.26
14698.0,-5.36
14699.0,-5.02
14700.0,-5.23
14701.0,-5.29
14702.0,-5.05
14703.0,-5.2700000000000005
14704.0,-5.45
14705.0,-5.08
14706.0,-5.38
14707.0,-5.42
14708.0,-5.02
14709.0,-5.26
14710.0,-5.28
14711.0,-5.49
14712.0,-5.04
14713.0,-5.18
14714.0,-5.05
14715.0,-5.57
14716.0,-5.3
14717.0,-5.01
14718.0,-5.2700000000000005
14719.0,4.5
14720.0,-5.09
14721.0,-5.02
14722.0,-5.53
14723.0,-5.3
14724.0,-5.02
14725.0,-5.09
14726.0,4.35
14727.0,-5.24
14728.0,-5.07
14729.0,-5.680000000000001
14730.0,-5.5600000000000005
14731.0,-5.03
14732.0,-5.24
14733.0,4.2299999999999995
14734.0,-5.23
14735.0,-5.26
14736.0,-5.02
14737.0,-5.29
14738.0,-5.37
14739.0,-5.73
14740.0,-5.01
14741.0,-5.4
14742.0,-5.01
14743.0,-5.04
14744.0,-5.09
14745.0,-5.390000000000001
14746.0,-5.05
14747.0,4.35
14748.0,-5.02
14749.0,-5.24
14750.0,-5.02
14751.0,-5.05
14752.0,-5.59
14753.0,-5.01
14754.0,-5.03
14755.0,-5.06
14756.0,-5.25
14757.0,-5.5200000000000005
14758.0,4.369999999999999
14759.0,-5.06
14760.0,-5.5200000000000005
14761.0,-5.38
14762.0,-5.01
14763.0,-5.04
14764.0,-5.21
14765.0,-5.01
14766.0,-5.01
14767.0,-5.01
14768.0,-5.08
14769.0,-5.03
14770.0,-5.02
14771.0,-5.04
14772.0,-5.04
14773.0,-5.46
14774.0,-5.550000000000001
14775.0,-5.06
14776.0,-5.02
14777.0,-5.37
14778.0,-5.48
14779.0,-5.7
14780.0,-5.37
14781.0,-5.34
14782.0,-5.62
14783.0,-5.24
14784.0,-5.41
14785.0,-5.37
14786.0,-5.48
14787.0,-5.34
14788.0,-5.18
14789.0,-5.3500000000000005
14790.0,-5.42
14791.0,-5.28
14792.0,-5.25
14793.0,-5.19
14794.0,-5.03
14795.0,-5.04
14796.0,-5.04
14797.0,-5.41
14798.0,-5.01
14799.0,-5.32
14800.0,-5.32
14801.0,-5.06
14802.0,-5.41
14803.0,4.3
14804.0,-5.02
14805.0,-5.02
14806.0,-5.73
14807.0,-5.3100000000000005
14808.0,-5.33
14809.0,-5.01
14810.0,-5.02
14811.0,-5.34
14812.0,-5.02
14813.0,-5.430000000000001
14814.0,-5.390000000000001
14815.0,-5.29
14816.0,-5.04
14817.0,-5.61
14818.0,-5.18
14819.0,-5.28
14820.0,-5.24
14821.0,-5.430000000000001
14822.0,-5.03
14823.0,-5.33
14824.0,-5.09
14825.0,-5.01
14826.0,-5.04
14827.0,-5.02
14828.0,-5.04
14829.0,-5.2
14830.0,-5.08
14831.0,-5.45
14832.0,-5.34
14833.0,-5.29
14834.0,4.359999999999999
14835.0,-5.03
14836.0,-5.16
14837.0,-5.44
14838.0,-5.45
14839.0,-5.02
14840.0,-5.02
14841.0,-5.66
14842.0,-5.32
14843.0,-5.07
14844.0,-5.630000000000001
14845.0,-5.01
14846.0,-5.67
14847.0,-5.11
14848.0,-5.46
14849.0,-5.29
14850.0,-5.03
14851.0,-5.11
14852.0,-5.37
14853.0,-5.29
14854.0,-5.66
14855.0,-5.14
14856.0,4.1899999999999995
14857.0,-5.06
14858.0,-5.640000000000001
14859.0,-5.2700000000000005
14860.0,4.49
14861.0,-5.02
14862.0,-5.09
14863.0,4.33
14864.0,-5.74
14865.0,-5.38
14866.0,-5.01
14867.0,-5.14
14868.0,-5.03
14869.0,-5.61
14870.0,-5.36
14871.0,-5.37
14872.0,-5.21
14873.0,-5.09
14874.0,-5.03
14875.0,-5.38
14876.0,-5.21
14877.0,-5.08
14878.0,4.35
14879.0,-5.390000000000001
14880.0,-5.05
14881.0,-5.760000000000001
14882.0,-5.61
14883.0,-5.07
14884.0,-5.2
14885.0,-5.04
14886.0,-5.03
14887.0,-5.3
14888.0,-5.3500000000000005
14889.0,-5.32
14890.0,-5.04
14891.0,-5.38
14892.0,-5.3100000000000005
14893.0,-5.21
14894.0,-5.25
14895.0,-5.05
14896.0,-5.2
14897.0,-5.26
14898.0,-5.38
14899.0,-5.07
14900.0,-5.73
14901.0,-5.470000000000001
14902.0,-5.02
14903.0,-5.08
14904.0,-5.05
14905.0,-5.44
14906.0,-5.46
14907.0,-5.04
14908.0,-5.02
14909.0,-5.02
14910.0,-5.3500000000000005
14911.0,-5.08
14912.0,-5.21
14913.0,-5.28
14914.0,-5.02
14915.0,-5.14
14916.0,-5.16
14917.0,-5.3100000000000005
14918.0,-5.22
14919.0,-5.26
14920.0,-5.11
14921.0,-5.25
14922.0,-5.51
14923.0,-5.02
14924.0,-5.37
14925.0,-5.23
14926.0,-5.26
14927.0,-5.7
14928.0,-5.01
14929.0,-5.5200000000000005
14930.0,-5.36
14931.0,-5.34
14932.0,-5.680000000000001
14933.0,-5.46
14934.0,4.39
14935.0,-5.26
14936.0,-5.04
14937.0,-5.36
14938.0,-5.32
14939.0,-5.2700000000000005
14940.0,-5.02
14941.0,-5.26
14942.0,-5.3500000000000005
14943.0,-5.6000000000000005
14944.0,-5.36
14945.0,-5.550000000000001
14946.0,-5.01
14947.0,-5.32
14948.0,-5.37
14949.0,-5.5200000000000005
14950.0,-5.02
14951.0,-5.28
14952.0,-5.5
14953.0,-5.33
14954.0,-5.36
14955.0,-5.07
14956.0,-5.26
14957.0,-5.37
14958.0,-5.28
14959.0,-5.41
14960.0,-5.2700000000000005
14961.0,-5.42
14962.0,-5.21
14963.0,-5.42
14964.0,-5.34
14965.0,-5.09
14966.0,-5.12
14967.0,-5.28
14968.0,-5.3100000000000005
14969.0,-5.34
14970.0,-5.2700000000000005
14971.0,-5.38
14972.0,-5.05
14973.0,-5.05
14974.0,-5.33
14975.0,-5.02
14976.0,-5.32
14977.0,-5.01
14978.0,-5.32
14979.0,-5.06
14980.0,-5.38
14981.0,-5.33
14982.0,4.369999999999999
14983.0,-5.01
14984.0,-5.1
14985.0,-5.03
14986.0,-5.02
14987.0,-5.03
14988.0,-5.36
14989.0,-5.06
14990.0,-5.42
14991.0,-5.640000000000001
14992.0,-5.04
14993.0,-5.2700000000000005
14994.0,-5.4
14995.0,-5.02
14996.0,-5.25
14997.0,-5.36
14998.0,-5.05
14999.0,-5.02
