0
207179
292483
543694
991349
1253100
1764647
2503137
2913524
3143179
3647619
4010909
4610791
5403045
5540184
5878260
6331528
6787491
7342371
7509901
7921883
8465856
8893098
9166975
9503815
9702272
10120851
10783679
11133244
11763355
12574243
12826156
13157939
13654584
14214709
14709437
15255639
15705849
15932931
16442470
16658187
16790577
16865441
17209201
17372297
17660571
18043345
18183535
18409077
18463058
19232658
19557874
19731589
19831429
19833693
20067851
20246527
20360832
20529103
20864925
21162147
21503541
22106688
22577731
23306182
23547308
23866914
24247484
24553016
24674224
24831080
25001515
25199976
25316061
25566623
25856586
26183384
26755923
27024039
27561570
28201592
29013651
29748088
30062208
30064436
30069896
30068713
30086508
30098392
30345738
30935910
31539133
31735278
32018207
32109937
32414490
32494545
32567399
32621454
32683729
32744874
32862939
33094256
33551497
34473211
33997940
34491555
34610664
34793783
34834498
34803677
34885564
35190865
35298011
35915446
36009030
36336224
36896927
36968115
37209753
37674606
38018646
38522518
38522635
38522778
38522776
38522798
38385998
38837980
39037069
39231824
39276930
39354956
43294323
43315694
43615108
43633494
44247725
44233641
44303836
44334316
44405348
44446670
44519505
44567632
44614332
44646569
44686676
44764689
44787195
45021159
45228757
45305788
45780653
45940821
45964009
46516030
46926072
46984274
47006646
47187809
47296814
47346317
47566086
47650142
47771969
48100266
48225965
48467914
48670371
48753225
48904865
49183769
49527842
49530967
49499073
49636624
49715090
49732356
50009956
50094685
50305258
50375886
50461039
50483679
50496687
50528511
50550227
50621563
50646772
50827606
50855715
50979730
51129976
51170298
51506168
51542385
51679502
52026612
52221739
52551674
52614721
52862783
53057210
53349943
53820155
54436518
54648946
54663693
54735195
54798858
54809390
55033402
55114706
55158837
55201726
55219019
55396173
55693389
56047487
56128770
56220046
56679777
57066261
57094015
57499017
57565488
58096431
57842216
58088012
58098373
58247953
58331124
58247886
58527052
58686679
58566089
58694553
58995340
59314905
59898903
59995087
60070759
60132759
60183271
60221515
60418921
60456032
60502130
61504238
61065269
61055998
61074974
60866856
60869908
60872435
60874477
60874231
60876032
60877316
60878889
60877487
60880136
60879822
60880301
60882730
60881810
60885467
60887843
60888961
60889295
60889018
60888554
60890435
60892074
60891441
60892318
60893985
60893607
60893225
60895577
60893898
60894611
60897777
60898250
60899657
60900638
60901067
60901761
60902344
60902703
60902594
60901987
60904223
60905922
60909030
60907737
60908338
60911067
60909608
60910245
60910636
60913083
60913307
60913460
60914467
60913079
60915149
60915537
60914139
60915510
60917225
60917025
60917379
60916476
60918641
60918667
60917976
60920092
60920545
60919305
60921621
60922108
60923383
60925627
60923815
60926397
60926742
60927186
60927117
60927893
60928536
60928251
60928443
60927733
60930350
60930698
60929383
60931490
60932340
60930811
60932888
60931096
60932967
60932806
60934254
60932378
60935363
60935709
60936225
60935974
60937981
60940658
60941078
60941944
60940738
60941860
60940029
60942642
60942940
60940920
60943307
60943003
60944123
60944721
60945479
60945290
60944373
60945075
60944437
60946139
60946683
60947325
60948545
60948991
60946199
60946900
60948955
60947028
60952028
60952097
60952725
60950983
60951540
60953661
60951710
60954172
60953685
60955043
60953076
60953777
60955805
60957121
60955140
60956676
60957136
60958545
60956284
60957719
60958272
60959018
60957414
60960060
60958503
60958650
60962535
60962679
60963210
60966183
60962808
60964523
60964932
60965341
60965678
60965871
60965406
60966545
60966457
60966207
60968109
60968614
60966944
60967559
60969482
60967246
60969781
60968377
60970786
60972582
60971355
60971448
60972049
60974205
60972604
60972659
60973236
60975571
60973819
60977347
60977207
60979181
60977544
60977664
60978313
60980685
60978752
60977523
60979404
60978094
60979320
60978680
60980612
60981052
60983454
60980343
60981943
60982331
60985561
60982401
60983561
60983949
60986668
60984583
60985431
60985157
60983649
60990745
60987189
60987084
60989304
60987377
60987649
60989759
60988543
60990931
60988751
60990785
60989697
60991962
60990041
60992329
60990877
60993098
60990921
60993085
60992329
60994261
60992828
60992836
60993588
60995469
60996157
60994131
60994736
60995541
61000065
61000454
61003602
60999434
60999466
61001491
61001910
61000037
61001859
61000849
61006705
61003028
61002049
61004029
61004472
61007748
61005176
61008748
61005591
61005762
61006288
61010079
61006799
61006970
61007619
61011162
61008685
61007333
61009281
61007920
61010445
61011248
61013054
61013518
61017685
61013389
61014280
61012784
61015004
61013283
61013512
61014199
61016080
61016469
61014720
61015356
61017237
61015927
61022184
61017343
61017758
61018816
61017104
61017754
61017690
61018442
61020323
61019013
61021603
61022290
61024222
61024734
61022811
61023978
61026091
61025849
61030554
61026330
61026378
61026674
61027227
61025410
61025822
61026458
61028339
61028779
61027095
61027632
61029472
61029864
61028071
61028874
61030806
61031195
61029279
61030559
61031208
61035212
61035691
61040514
61036130
61034490
61036827
61034978
61042381
61035643
61036843
61038118
61039328
61037421
61039220
61038271
61040505
61040763
61045911
61041322
61041639
61041743
61040535
61042549
61042835
61040938
61048412
61048417
61041882
61043018
61045114
61047745
61045701
61047644
61046695
61048799
61046988
61048917
61047852
61049956
61050293
61056069
61050927
61051040
61051552
61049754
61052246
61052539
61057791
61052389
61051698
61053630
61052162
61052205
61053070
61054869
61055206
61061170
61055717
61055888
61059051
61057130
61058922
61058066
61060043
61060462
61060878
61061078
61067234
61067410
61061248
61060594
61062448
61062837
61068964
61063317
61063437
61063730
61064026
61064459
61064827
61063370
61063744
61071837
61065933
61064557
61065694
61066929
61073282
61068573
61070387
61069042
61071645
61070309
61072478
61072918
61079683
61073408
61073528
61074153
61072696
61081198
61074524
61073767
61075744
61076088
61082444
61076175
61075247
61076312
61077496
61083904
61076016
61077471
61077047
61077196
61079329
61079721
61086680
61082749
61081253
61083494
61083715
61090877
61084277
61084448
61085097
61083547
61092078
61085168
61085331
61086200
61086934
61085147
61085475
61086842
61087834
61088411
61088680
61088856
61089347
61096686
61089413
61088557
61090414
61090878
61088933
61098836
61094251
61092755
61094893
61095285
61102941
61095724
61094156
61096493
61096837
61104245
61097341
61095845
61097877
61098317
61105781
61098684
61097332
61099292
61099701
61097917
61098361
61099749
61100604
61101253
61099397
61101117
61100604
61100756
61102613
61103077
61113265
61105516
61115477
61107548
61107819
61106899
61107173
61107187
61109377
61109943
61117750
61109886
61109153
61110108
61111401
61109617
61109945
61111936
61112280
61112857
61113273
61111294
61111673
61113912
61112590
61113588
61114881
61113097
61114752
61117232
61118424
61119073
61117544
61127913
61119835
61118408
61120337
61120729
61118945
61119273
61121488
61120208
61121976
61122508
61120673
61122393
61123081
61123360
61123988
61124260
61122387
61122626
61124144
61125129
61125641
61123792
61124171
61126496
61124928
61129641
61130033
61128160
61129880
61130840
61130888
61131465
61131713
61140493
61130257
61132472
61131120
61133049
61133513
61142773
61133651
61132672
61134368
61134972
61135193
61133344
61145040
61135904
61134761
61136673
61136993
61135443
61146611
61136313
61139064
61140736
61141289
61141636
61139736
61140064
61142440
61140728
61142795
61143451
61143579
61143900
61144163
61142365
61143589
61144653
61144253
61144597
61145829
61147245
61144996
61157275
61147771
61147439
61148566
61149266
61149415
61159083
61148894
61160304
61152752
61152525
61153568
61154194
61154492
61164149
61152920
61155128
61154040
61155592
61156247
61156543
61156863
61155160
61167120
61157243
61156315
61157912
61158458
61158761
61156977
61169681
61159472
61158281
61158217
61160434
61160833
61159722
61171304
61160952
61163960
61164824
61163277
61165329
61165772
61163923
61176934
61166606
61165374
61166998
61167315
61167919
61168095
61178859
61167915
61168143
61168998
61169500
61169796
61167998
61181219
61168619
61181662
61169214
61171467
61170043
61171886
61172319
61172660
61171275
61186328
61175464
61175736
61187261
61187992
61176696
61176392
61177584
61178137
61178433
61177517
61189787
61178668
61178326
61178118
61179068
61178293
61180510
61180953
61181174
61181545
61181574
61181942
61182340
61182663
61193666
61181105
61183358
61183336
61182856
61183197
61187092
61187573
61188013
61186259
61199475
61187657
61189896
61188616
61190237
61190670
61191134
61191471
61202763
61189980
61192219
61190795
61192649
61193202
61193474
61191561
61205702
61192317
61194628
61193204
61193579
61193416
61195424
61195970
61196338
61194860
61210918
61197831
61199657
61200380
61198884
61200700
61201181
61201648
61201797
61199897
61214017
61201889
61202873
61201446
61203220
61203701
61204090
61204419
61202468
61217060
61203122
61204978
61205687
61204407
61206935
61206632
61206928
61219148
61205500
61207739
61206459
61210706
61211259
61211627
61210098
61224311
61210408
61212661
61211381
61213053
61213534
61213953
61212445
61226706
61212615
61214861
61215253
61213826
61215549
61214203
61216099
61215830
61216294
61215835
61215638
61217310
61217869
61218320
61218766
61218672
61219040
61219322
61222282
61222554
61235382
61236099
61236451
61236216
61236854
61222070
61224425
61223022
61225579
61225284
61225601
61225914
61226258
61226458
61226880
61225214
61240142
61240849
61227032
61227995
61226743
61228401
61228960
61229387
61229536
61227687
61243610
61229832
61233333
61233096
61233406
61234195
61232792
61234413
61234736
61234981
61235397
61236078
61236454
61237943
61236342
61251595
61252512
61238365
61239256
61239756
61238504
61240241
61239825
61241066
61241369
61241661
61242107
61242393
61242734
61243023
61243323
61257169
61257621
61244813
61246830
61247523
61246760
61246336
61248251
61248708
61249172
61249335
61247994
61263672
61264559
61250205
61265350
61250932
61251766
61252253
61250901
61250775
61252896
61253329
61253656
61253750
61253673
61253845
61252586
61252357
61253775
61254030
61254250
61254405
61251922
61270781
61271218
61256403
61255108
61255767
61256367
61255537
61257041
61257052
61257371
61257445
61257405
61255288
61271251
61255370
61256887
61257364
61256596
61255660
61258148
61257484
61257639
61257671
61255542
61255576
61271977
61271550
61257930
61257948
61255815
61271767
61255918
61257509
61257921
61272027
61272550
61272099
61272576
61272670
61256244
61272035
61272540
61272468
61256352
61258043
61258434
61257666
61256874
61257576
61258531
61258474
61257331
61256979
61258469
61257748
61258643
61258771
61258803
61258900
61258943
61257290
61272640
61273308
61258330
61258995
61258162
61257466
61257090
61259704
61259178
61259196
61259262
61259366
61259302
61257656
61257245
61273533
61273229
61273669
61258656
61259256
61258055
61257775
61257447
61260047
61259405
61259430
61259438
61258646
61259050
61259252
61259329
61260740
61260751
61260845
61260905
61260907
61261002
61260774
61260960
61261504
61260774
61260884
61261245
61261466
61261546
61261615
61261573
61261533
61261637
61259583
61275844
61275925
61259762
61260370
61261923
61261155
61260500
61260200
61261927
61262250
61262213
61261985
61262177
61262049
61262081
61261397
61262477
61262433
61262658
61262704
61262664
61262679
61262547
61276396
61276605
61277142
61260696
61262192
61262152
61260894
61277064
61260896
61260928
61276809
61277193
61277189
61260930
61262628
61263012
61261855
61261561
61261377
61263039
61263348
61263209
61263351
61263434
61263319
61262283
61262096
61262568
61261776
61261749
61261600
61263334
61263639
61263753
61263820
61263903
61263812
61263881
61263984
61261698
61278010
61278013
61261623
61263954
61264037
61264278
61264101
61264184
61264114
61264313
61264226
61264261
61264323
61263877
61263946
61264006
61264017
61264107
61263965
61264106
61261908
61278244
61278471
61262001
61263497
61263526
61262073
61263548
61263694
61263760
61264195
61264336
61263005
61262725
61262613
61262429
61263197
61264227
61264523
61264657
61264761
61263577
61263592
61263144
61264728
61264760
61264768
61264786
61264890
61264316
61279331
61279101
61279133
61279508
61263082
61262988
61264570
61265163
61265216
61264169
61263642
61279642
61265209
61279783
61263577
61263986
61265653
61265691
61263562
61265498
61263758
61264889
61265915
61280352
61265623
61264258
61265445
61265364
61281979
61267688
61267669
61267650
61267620
61267666
61265342
61265623
61281673
61282012
61281790
61282264
61265780
61266732
61268135
61268116
61265955
61282120
61282374
61282123
61282113
61282574
61282605
61282586
61282498
61281951
61282208
61266036
61268357
61268498
61268444
61268425
61268508
61268591
61268623
61268604
61268561
61266381
61267435
61270808
61268583
61268506
61268575
61266683
61266481
61282845
61282952
61282684
61282975
61282711
61283159
61266931
61266772
61268234
61266778
61268376
61268566
61268971
61269003
61269056
61267800
61267598
61267408
61267416
61267160
61268901
61269029
61269266
61269144
61269214
61269485
61269487
61269570
61269479
61269487
61269519
61269653
61269634
61267953
61267577
61283550
61283687
61283988
61283804
61269896
61269805
61269871
61269882
61270037
61269960
61270101
61270147
61268573
61268083
61284221
61284458
61283935
61284522
61284728
61268337
61269806
61269910
61268484
61269734
61284961
61268614
61269806
61269838
61270288
61270542
61270574
61270729
61270788
61270673
61270007
61269134
61269166
61269126
61268921
61268878
61269081
61269182
61269142
61269030
61270801
61270959
61271646
61270835
61270854
61270255
61271205
61271213
61271368
61271274
61271306
61271314
61271469
61271429
61271461
61270800
61270972
61271004
61271012
61271044
61270687
61285399
61285444
61269458
61269643
61269549
61285516
61269766
61269747
61269881
61285695
61286123
61286155
61286262
61285835
61286350
61286265
61286110
61286610
61270127
61271486
61271494
61271622
61271822
61272134
61272187
61272219
61272323
61272355
61271590
61270819
61270830
61270790
61270729
61270689
61270814
61272471
61272366
61272473
61272495
61272503
61274230
61275127
61274462
61274302
61274248
61274345
61274401
61274649
61273623
61274631
61274639
61274671
61274826
61274909
61274839
61274826
61274879
61274962
61273139
61274867
61274851
61273039
61273006
61273079
61274411
61274467
61273127
61273094
61273102
61274475
61274630
61274686
61274883
61275195
61275299
61275403
61274730
61289663
61289463
61289757
61289565
61289335
61273279
61273530
61273627
61273761
61289524
61289624
61290008
61289778
61290085
61275985
61276164
61276022
61274005
61274088
61274194
61273966
61275788
61274434
61274466
61275202
61274719
61274826
61276170
61276154
61276309
61276365
61276222
61276261
61276416
61276462
61276566
61276598
61291021
61274656
61275570
61276790
61276894
61276854
61276790
61276822
61276710
61276718
61276774
61276782
61276814
61276846
61276902
61276958
61277004
61276196
61277020
61277076
61277084
61277116
61277172
61275571
61277104
61276595
61275351
61275192
61275326
61275293
61275390
61275374
61275406
61275438
61277607
61277735
61277839
61277820
61277882
61277863
61277943
61277927
61277983
61278069
61278026
61278058
61278039
61277713
61278130
61278111
61278143
61278175
61277048
61278044
61278134
61278224
61278335
61278490
61278485
61277949
61293060
61292496
61276515
61278682
61278663
61278743
61278805
61278981
61278890
61278922
61278930
61278941
61278796
61278807
61278866
61278898
61279032
61279112
61278949
61279026
61278986
61279069
61278685
61278721
61278550
61278606
61278754
61278930
61279043
61278904
61278847
61279684
61279740
61278855
61279280
61279261
61279293
61279136
61279333
61279416
61278601
61279374
61279382
61280088
61280120
61279269
61279253
61279261
61279269
61280208
61279360
61279392
61279448
61279696
61279752
61279586
61280282
61279728
61279781
61279939
61279879
61279986
61279758
61277880
61294256
61279397
61280304
61280264
61282097
61282084
61282137
61282142
61282153
61282206
61282217
61282318
61282278
61282193
61282276
61282342
61282268
61282364
61282410
61282442
61282474
61282619
61282651
61282546
61282417
61282425
61282457
61282516
61282521
61282604
61282585
61283457
61282649
61282705
61282737
61283585
61282791
61282758
61282790
61282873
61282854
61282886
61282918
61282950
61283006
61283115
61281313
61297803
61297406
61297470
61297635
61297718
61297750
61297782
61297835
61297675
61281550
61281206
61283663
61281860
61282631
61283497
61283563
61283509
61281745
61281719
61298078
61298083
61298122
61297655
61297623
61297886
61281590
61281673
61282689
61283810
61283869
61283901
61284254
61283850
61283437
61283274
61281955
61281987
61282019
61281972
61282004
61283261
61282082
61298499
61282051
61298715
61281992
61282099
61281964
61282125
61282208
61298578
61298322
61298571
61298578
61298631
61298215
61282287
61283314
61282370
61284598
61284735
61284788
61284522
61283062
61283529
61284712
61284686
61282713
61282759
61298888
61298578
61283136
61283075
61285052
61284908
61283534
61285094
61285068
61284748
61285340
61285498
61285530
61285415
61285406
61285270
61285302
61283448
61283781
61283913
61283880
61283891
61284211
61285483
61285566
61285475
61285113
61285097
61285078
61285059
61285142
61285225
61283872
61283788
61283820
61284033
61283884
61283967
61283985
61283966
61284100
61300134
61300574
61284974
61286420
61285944
61285514
61284256
61284316
61300747
61300710
61300422
61300658
61300355
61284278
61284491
61284499
61284456
61284539
61300511
61284531
61286697
61286729
61286710
61286814
61286774
61286785
61285950
61286884
61286662
61284896
61284775
61285224
61285681
61286960
61286794
61286856
61287035
61287067
61287099
61287161
61287169
61287201
61287192
61287104
61287088
61285336
61285653
61286478
61286070
61287253
61287431
61286195
61287423
61287008
61286830
61285484
61302017
61301787
61302129
61301678
61302118
61302242
61301919
61301758
61301745
61285932
61285811
61285617
61286276
61286455
61288261
61288344
61290335
61290231
61290263
61290322
61290378
61290413
61290476
61288817
61289317
61290152
61290040
61289935
61289967
61288723
61288653
61288685
61288768
61288749
61305180
61305092
61305285
61305033
61288812
61288844
61288876
61289010
61291061
61291171
61291230
61291091
61291096
61291104
61291160
61290305
61291059
61291084
61289547
61290488
61289035
61289016
61289099
61289080
61289047
61289195
61289176
61289235
61305564
61305572
61305210
61289122
61289231
61291547
61291507
61291467
61291194
61290474
61291329
61291391
61290927
61289444
61289476
61289508
61306103
61305708
61305972
61289792
61292027
61291885
61291845
61291945
61292056
61292699
61291982
61290230
61290109
61306297
61290025
61290057
61290338
61290441
61292325
61292306
61292266
61292370
61292381
61292485
61292574
61292606
61292491
61292574
61292610
61292433
61290681
61290662
61290766
61290805
61290909
61291027
61291121
61291177
61291223
61291865
61292011
61291705
61292670
61292226
61290777
61290860
61290916
61290948
61290980
61291026
61307026
61293368
61293379
61292288
61292490
61293961
61293127
61293183
61293164
61293275
61293307
61293325
61291741
61293541
61307785
61291630
61291622
61293959
61293847
61293852
61293935
61293940
61293958
61293932
61293977
61293091
61293913
61293616
61293453
61292181
61292162
61308679
61308231
61308599
61293143
61294360
61294392
61294523
61294571
61292471
61294439
61293831
61292481
61292708
61308862
61309202
61308748
61308948
61292372
61293178
61293159
61295043
61295088
61294997
61295050
61295082
61293316
61294538
61292969
61309479
61309212
61309385
61309014
61292803
61295199
61295787
61293462
61293689
61293735
61294216
61295328
61295216
61309255
61293233
61293047
61295514
61295597
61295632
61295811
61295771
61295677
61295811
61295734
61295581
61295565
61295573
61293876
61294127
61294911
61295904
61294725
61295824
61293769
61293890
61293922
61294107
61310501
61310359
61310071
61310296
61295039
61294311
61296192
61296224
61296328
61296339
61296248
61296358
61296319
61296279
61296975
61296237
61296533
61295895
61295783
61294567
61294521
61294707
61294711
61294808
61294826
61311086
61310765
61294797
61294843
61295301
61297164
61297241
61296504
61294838
61295120
61295644
61311431
61311370
61295067
61295058
61295230
61295272
61295354
61297420
61297417
61297382
61297328
61297398
61297978
61299060
61297905
61314439
61314351
61297699
61300396
61299294
61298477
61300298
61299817
61299654
61299686
61298367
61298408
61298482
61298384
61298444
61298578
61298545
61315011
61314806
61315020
61314867
61314701
61300926
61301310
61299217
61300975
61300385
61298809
61315095
61315244
61298869
61299323
61301242
61301199
61301136
61301120
61301093
61301230
61300933
61299554
61300138
61301197
61300658
61315356
61299672
61301491
61301414
61301446
61300433
61301245
61301291
61301323
61299592
61299912
61299893
61300192
61301566
61301078
61299544
61299606
61299713
61316039
61316030
61301858
61301890
61301994
61302056
61301941
61301884
61300036
61300493
61301077
61300934
61302182
61301790
61301483
61300099
61316530
61316493
61316256
61316482
61299875
61302343
61300533
61316294
61316080
61316310
61300112
61300246
61302484
61302407
61302439
61302447
61302448
61302206
61302241
61302236
61300724
61302476
61317005
61300524
61302663
61302664
61300984
61302733
61316971
61302820
61302780
61302531
61301475
61317254
61302935
61302628
61301191
61301996
61302783
61302220
61316822
61316966
61300865
61301289
61303146
61303103
61303144
61303131
61303002
61303010
61301245
61301725
61302109
61302794
61301290
61301322
61301456
61301437
61317711
61317668
61317292
61301428
61301471
61303664
61303645
61303902
61303835
61303617
61303577
61303572
61303706
61301875
61302100
61301716
61303965
61304048
61304141
61304002
61303959
61303844
61303927
61302199
61302417
61302860
61304060
61317902
61304178
61304398
61304313
61304136
61302378
61302664
61303056
61303838
61302471
61302578
61302569
61302741
61302773
61319058
61318802
61318909
61318890
61303653
61304798
61304902
61304852
61304870
61304909
61304859
61304709
61303084
61303948
61302769
61302801
61319256
61319128
61319189
61318997
61305025
61305019
61303528
61304009
61305257
61303182
61303186
61319744
61319783
61319350
61303289
61305432
61305440
61305571
61305459
61305522
61305338
61303658
61303906
61304864
61305594
61305013
61303653
61319770
61319524
61305859
61305744
61305604
61303893
61304813
61305890
61305829
61305314
61304012
61320532
61320142
61320281
61304166
61306305
61306388
61306441
61306281
61306392
61304298
61304604
61304657
61304157
61304274
61306733
61306684
61306620
61306505
61306376
61306408
61304680
61305728
61306659
61306339
61306083
61304747
61304728
61304760
61321032
61320946
61307014
61307145
61306982
61306918
61307395
61306899
61305093
61305574
61306144
61307217
61306606
61321624
61321364
61321660
61306331
61307551
61307583
61307564
61307449
61307347
61307603
61306896
61305638
61321771
61321685
61307931
61310540
61310521
61310679
61310567
61310603
61310371
61308763
61308391
61308270
61324892
61324283
61309317
61310644
61310532
61310468
61310339
61308686
61309057
61310662
61310574
61310038
61324907
61325030
61308515
61310908
61310854
61311074
61311085
61310994
61310957
61310965
61309480
61309944
61310738
61309015
61325613
61325444
61309127
61309704
61311537
61311449
61311259
61311938
61311165
61309506
61309805
61311539
61309866
61310714
61325896
61325808
61309461
61309885
61311571
61311322
61309669
61309938
61310794
61310450
61311135
61309706
61309556
61311829
61312559
61310047
61310432
61309935
61312208
61312312
61312272
61312259
61312106
61312215
61310191
61326226
61326503
61326108
61311247
61312491
61312502
61312558
61312539
61312383
61310607
61310855
61311639
61312436
61310535
61326747
61326399
61311621
61312817
61312870
61312830
61312619
61312490
61310663
61310983
61311764
61312199
61310725
61326756
61310679
61311031
61312901
61312868
61313016
61312928
61312799
61312749
61311021
61312093
61326802
61312875
61312972
61313606
61312731
61311003
61311460
61312098
61313110
61312646
61311115
61327478
61327520
61327284
61311310
61311686
61313591
61313623
61313463
61312211
61327820
61311585
61313601
61313711
61313665
61313703
61313349
61313405
61311797
61312483
61313779
61328117
61328005
61311760
61313820
61314047
61314004
61313916
61313955
61313870
61312214
61313262
61313998
61313513
61328302
61328252
61312124
61314263
61314295
61314351
61314314
61314329
61312205
61313197
61314266
61313627
61328710
61328365
61328267
61314623
61314169
61313580
61313879
61312412
61329018
61328599
61312497
61312849
61312491
61314209
61312684
61329092
61328640
61313305
61314994
61315029
61315034
61315025
61314817
61329142
61315162
61314803
61315014
61329291
61315191
61315154
61313526
61314758
61329505
61315252
61315871
61314190
61314719
61313303
61315589
61315429
61313699
61315020
61313374
61315636
61315514
61313745
61315699
61330002
61313706
61315859
61314537
61315103
61313630
61315841
61315729
61314244
61315476
61329693
61315905
61315919
61314264
61315923
61330240
61314288
61316097
61314331
61315973
61330320
61316289
61316396
61314507
61315808
61330162
61316374
61316502
61316229
61316512
61314389
61314386
61316638
61316598
61314808
61316235
61330760
61316894
61316809
61316557
61315216
61316875
61316291
61331184
61330797
61315520
61317209
61317190
61317177
61317096
61315176
61315976
61317035
61315032
61315104
61317281
61317289
61317321
61317332
61317936
61315472
61316152
61317376
61331843
61317730
61317721
61315849
61316406
61317233
61332268
61332105
61315833
61317962
61317994
61318050
61317801
61316772
61317665
61316068
61332345
61316073
61318160
61318285
61318338
61318229
61318052
61316609
61318241
61317537
61332459
61316293
61316652
61318464
61318445
61318549
61318437
61318500
61318220
61316492
61317612
61318348
61316433
61332807
61332425
61316580
61316932
61318765
61318869
61321741
61321797
61320300
61321493
61319589
61336065
61335562
61319763
61320310
61322023
61322004
61322060
61322020
61322028
61322782
61320369
61320878
61322222
61321611
61320233
61336579
61320324
61320734
61322423
61322626
61322535
61322498
61320431
61322427
61322028
61320462
61336982
61336497
61320523
61321022
61322783
61322815
61322775
61322838
61322630
61320926
61321318
61322953
61322438
61337302
61323181
61323234
61323122
61323113
61321323
61322272
61322044
61322705
61337468
61336998
61321185
61323386
61323442
61323402
61323153
61323209
61321697
61323473
61322790
61337873
61337710
61322422
61323570
61323653
61323802
61323683
61324225
61321898
61323578
61321516
61337647
61321777
61323674
61323706
61323864
61323903
61323610
61322081
61322542
61323769
61323212
61338368
61338126
61321878
61324103
61324175
61324186
61324153
61323945
61322412
61338615
61324378
61324389
61324298
61324097
61322561
61323114
61323822
61338278
61322246
61324375
61324311
61322868
61324270
61323758
61322544
61339013
61338340
61322919
61324656
61324643
61324415
61322759
61323079
61324759
61324127
61339183
61338996
61322799
61324952
61325008
61325067
61325599
61323207
61323767
61324967
61323135
61339130
61339140
61324943
61324248
61323226
61339533
61323405
61323850
61325515
61325619
61325483
61323711
61325364
61324783
61339911
61339460
61325648
61325755
61324688
61325460
61323876
61324951
61325239
61340172
61324271
61326104
61326211
61325385
61325922
61324338
61324949
61326251
61340867
61340378
61324315
61324623
61326357
61326385
61326410
61324439
61325487
61326319
61325687
61340931
61340733
61324898
61326710
61326763
61326603
61326498
61324794
61325789
61325648
61326252
61324829
61341247
61324882
61325060
61327013
61327000
61326987
61326810
61324980
61325474
61325954
61326991
61326659
61341685
61341648
61327446
61327478
61327489
61328082
61325725
61326309
61326962
61325431
61341882
61325535
61327544
61327870
61326669
61326899
61341702
61325931
61327692
61327748
61327831
61327657
61326076
61326825
61327877
61327276
61342428
61342016
61325915
61328140
61328124
61328231
61328174
61326326
61328123
61327659
61342482
61325970
61328233
61328206
61328252
61328345
61326377
61327172
61327689
61342793
61342510
61327444
61328412
61328516
61328267
61326443
61327515
61328470
61326535
61342526
61326529
61328829
61328837
61328767
61328511
61328505
61327062
61328834
61328630
61326729
61343321
61342862
61326889
61329012
61329231
61329054
61329557
61327604
61327691
61327147
61343514
61327712
61329254
61329337
61329246
61329120
61328813
61343197
61329430
61328574
61329380
61327961
61329545
61328845
61344001
61343769
61329765
61329797
61329901
61329795
61329564
61327812
61328293
61329802
61329334
61344136
61344165
61327787
61330193
61330201
61330137
61329960
61328493
61330193
61329476
61328157
61344444
61329156
61330451
61330312
61330354
61330109
61328594
61344446
61344099
61328669
61330700
61330681
61331219
61328533
61328911
61330591
61329887
61344476
61328551
61330735
61330818
61330545
61329118
61330815
61328644
61345191
61329592
61330788
61330898
61329045
61328624
61344829
61329776
61331020
61331031
61331563
61329250
61330930
61330589
61328941
61344972
61331070
61331198
61331113
61331698
61329466
61331173
61330418
61345023
61328781
61331211
61331270
61331237
61332546
61333300
61334435
61332572
61348801
61348728
61334839
61334868
61334705
61335333
61332962
61334645
61349071
61348824
61334985
61334907
61333317
61332995
61333853
61335241
61335252
61335192
61333221
61335206
61334742
61333316
61349836
61335524
61335347
61333561
61333988
61334692
61333260
61349708
61335689
61335718
61336211
61333896
61335542
61333542
61349979
61349584
61333623
61335899
61335958
61335918
61335906
61333962
61334954
61335979
61335306
61350469
61333724
61334388
61335948
61334112
61350659
61335111
61336355
61336299
61336412
61336108
61335534
61350751
61334488
61336627
61336694
61336582
61336429
61334701
61335005
61336842
61336241
61350837
61335558
61336863
61336799
61336636
61335182
61336879
61336501
61334932
61351203
61335880
61337086
61337183
61335394
61337080
61336479
61351559
61335146
61335461
61337308
61337364
61336522
61337175
61335633
61336123
61336721
61351652
61351329
61335873
61337706
61337824
61338349
61335992
61337725
61335701
61351830
61337991
61337965
61337475
61336434
61338055
61337246
61336188
61337093
61338334
61336507
61338195
61352366
61338604
61338328
61338336
61352581
61338876
61338960
61338584
61337065
61338848
61338240
61353021
61336551
61339107
61338978
61338726
61337395
61339051
61338347
61353328
61337110
61339314
61339499
61339255
61339040
61338433
61338598
61353814
61337385
61339613
61339543
61339503
61340038
61337838
61339569
61338955
61353680
61353375
61337882
61339705
61338855
61339494
61338006
61338907
61337594
61353903
61353605
61338087
61339811
61337607
61338626
61339770
61337756
61338662
61339906
61339917
61337980
61338719
61340075
61340131
61339903
61338559
61340273
61338208
61354779
61354194
61338232
61340569
61340730
61340598
61338840
61340522
61339900
61355209
61354862
61340713
61340838
61340771
61340594
61339226
61340933
61340400
61354978
61354858
61341142
61339195
61341043
61340582
61355467
61339263
61341453
61341454
61341294
61339611
61340099
61355515
61341628
61341462
61341323
61339866
61341573
61341061
61339608
61355779
61340614
61341780
61341884
61340331
61339835
61340734
61341345
61356329
61339862
61341991
61342023
61341918
61340008
61340705
61341625
61339977
61356337
61355974
61340467
61342300
61342281
61342241
61341989
61340621
61342328
61341699
61356848
61356416
61340835
61342773
61342826
61342454
61340757
61342506
61340509
61357050
61356407
61342787
61342795
61341707
61341810
61340661
61356727
61341082
61342867
61342838
61342616
61341533
61340776
61356714
61342953
61343063
61341614
61342028
61357009
61356897
61340553
61342778
61342824
61342784
61342699
61342471
61341079
61342690
61340721
61357281
61356782
61341163
61343026
61343009
61342832
61341433
61343219
61341198
61357424
61341227
61343394
61343399
61343400
61341422
61342102
61341304
61357476
61341514
61343537
61343654
61343446
61341678
61342374
61341577
61357694
61342244
61343762
61343763
61341826
61342872
61343405
61357871
61341928
61343914
61344498
61343012
61343348
61358162
61341943
61344270
61344128
61344030
61343792
61342382
61344117
61343461
61358303
61342214
61344350
61344353
61344088
61342723
61344451
61343871
61358605
61343194
61344462
61343660
61344272
61342781
61343018
61342437
61358562
61343589
61344785
61344838
61344771
61343053
61344846
61344334
61359005
61342901
61345027
61345100
61345036
61344907
61343440
61345168
61343160
61359578
61343173
61345315
61345138
61343236
61345279
61344808
61359680
61359395
61343821
61345619
61345651
61346267
61359050
61345491
61345540
61345397
61343885
61344411
61345043
61359538
61345848
61345880
61345511
61344208
61345768
61360171
61359824
61345956
61345892
61345769
61344350
61346023
61344082
61360359
61344156
61346360
61344596
61344336
61360634
61344986
61346597
61346410
61350044
61348625
61350280
61348209
61364289
61349246
61350466
61350504
61350324
61348740
61350714
61350178
61365084
61349332
61350797
61350706
61350454
61349398
61350006
61364990
61348793
61350946
61351005
61350852
61349220
61349657
61350316
61364913
61349007
61351058
61350833
61349519
61350935
61349007
61365036
61349455
61351192
61351101
61350972
61349532
61351260
61349215
61365588
61350156
61351485
61351582
61351105
61349713
61351321
61350737
61365677
61349384
61351537
61351644
61351631
61349790
61349681
61349965
61352200
61351966
61350070
61352028
61349983
61366087
61349643
61352263
61351305
61350544
61352214
61350115
61366195
61350860
61352606
61352528
61350534
61351481
61352366
61350554
61352123
61352012
61351818
61350450
61352112
61350034
61366526
61350258
61352543
61352292
61352152
61352312
61367045
61366619
61351436
61352821
61352709
61352532
61351092
61352820
61352164
61366999
61366833
61351138
61353334
61353237
61352237
61351359
61353093
61351206
61367232
61352106
61353296
61353475
61353130
61352555
61353250
61351322
61367798
61351552
61353651
61353713
61353571
61353421
61352114
61353239
61353144
61367971
61351572
61353875
61353982
61353832
61354484
61351972
61353916
61353332
61368490
61367882
61354200
61354205
61353710
61352180
61352860
61352267
61368188
61353239
61354309
61354320
61354948
61352649
61353637
61352196
61354410
61354493
61354118
61352801
61354334
61368900
61352437
61354648
61354659
61354691
61354415
61352807
61354730
61354023
61368978
61352759
61354933
61354944
61354037
61354802
61353857
61354817
61352889
61368847
61353217
61355122
61355249
61353247
61353951
61355175
61369848
61353336
61355424
61355504
61355207
61354434
61369729
61369163
61355415
61355495
61355414
61353532
61354126
61354966
61369855
61354491
61355687
61355740
61356251
61354064
61355758
61353843
61369939
61355911
61356015
61355984
61355729
61355961
61370143
61354002
61355718
61356046
61353950
61354025
61356243
61356155
61356067
61354651
61356379
61354269
61370621
61354373
61356550
61356654
61356333
61354729
61356279
61354402
61370730
61355075
61356758
61356769
61356589
61354909
61355998
61356717
61354738
61371015
61357011
61357043
61356128
61355004
61356999
61356319
61371378
61354716
61357037
61357315
61357018
61355290
61357234
61355124
61371466
61357397
61357312
61357210
61355770
61357587
61371544
61357637
61357484
61355780
61357493
61357212
61371848
61355447
61358158
61356023
61357960
61356021
61372100
61355797
61358326
61358337
61358109
61356734
61358476
61357861
61372527
61358601
61358459
61358344
61356472
61357477
61358533
61356625
61372677
61358737
61358820
61358603
61356738
61358788
61356036
61358595
61358719
61357740
61358379
61357062
61358564
61373035
61372676
61358895
61358876
61358764
61373243
61356803
61358891
61359025
61358776
61357690
61358421
61373211
61356965
61359139
61359099
61358901
61357362
61359096
61372995
61359313
61357424
61359491
61357395
61373384
61359596
61359652
61357979
61359332
61357563
61373616
61359836
61359844
61359708
61357915
61359736
61359275
61373827
61357792
61360041
61359968
61374360
61373885
61360193
61360153
61360144
61358454
61360233
61359601
61360303
61358301
61359949
61358272
61359403
61360572
61360553
61360304
61360437
61358573
61360726
61360710
61358749
61360720
61358696
61374749
61359261
61360854
61360991
61358979
61360008
61361228
61360287
61359248
61359877
61361380
61361382
61361058
61359690
61361298
61360806
61375776
61359176
61393430
61374948
61377377
61377058
61375413
61377958
61378170
61378828
61376633
61378301
61392908
61392690
61376728
61377355
61379304
61379336
61379221
61379092
61377748
61379383
61377410
61379341
61379417
61378714
61379353
61377748
61378898
61378274
61377795
61394403
61378025
61380274
61380261
61380224
61380925
61378777
61379654
61380441
61378591
61395036
61378583
61378362
61380867
61380995
61380108
61380747
61379163
61379987
61380902
61378998
61395230
61395091
61379131
61381380
61381388
61381348
61381875
61379443
61380315
61381395
61379408
61395979
61395669
61379619
61379995
61381828
61381962
61381850
61381646
61380689
61379833
61395747
61379838
61382063
61382146
61382102
61381925
61380434
61380850
61382074
61380197
61396738
61396119
61384517
61386619
61386689
61386861
61387441
61385220
61386705
61386097
61401290
61401178
61384663
61387168
61387074
61385949
61385217
61385804
61386577
61385052
61401593
61401289
61385161
61387386
61387319
61387282
61385410
61385700
61386135
61386775
61401348
61401671
61385525
61387678
61387707
61387598
61387469
61386053
61387266
61385613
61402133
61385621
61388014
61386122
61387778
61385409
61387794
61387802
61387923
61386137
61386820
61387948
61387412
61402243
61402154
61388562
61388484
61388591
61389174
61386699
61387550
61387123
61386592
61402842
61386621
61388894
61388854
61388910
61388105
61388768
61387136
61387960
61388499
61387067
61403206
61387147
61389375
61389308
61388554
61389166
61387747
61389382
61388846
61387462
61388075
61389690
61389486
61389766
61387721
61403942
61388683
61389968
61388007
61389965
61403938
61388139
61390262
61390184
61390007
61388426
61389354
61388130
61388426
61390396
61390281
61388320
61389257
61390050
61388365
61404471
61390539
61390609
61389487
61390272
61388842
61390354
61388213
61390697
61390171
61390490
61389020
61388663
61388766
61390872
61390918
61390669
61389760
61405392
61391118
61391006
61389069
61390227
61390597
61405109
61389031
61389644
61391302
61389248
61390819
61405608
61389336
61391561
61391634
61390591
61389657
61391765
61389720
61406008
61390672
61392074
61392034
61391836
61390348
61406211
61406038
61390274
61392121
61392173
61391924
61391035
61391466
61406450
61389850
61392417
61392329
61392189
61390797
61392408
61406913
61406681
61391411
61392580
61392588
61391172
61406975
61390879
61392931
61392943
61392718
61391076
61392172
61393007
61391103
61407233
61407025
61393333
61393060
61391767
61391871
61407337
61407257
61391599
61393618
61391609
61408009
61391350
61393869
61393733
61393577
61391900
61392316
61393849
61391862
61408122
61392252
61394085
61394141
61394132
61392178
61393139
61393675
61408738
61408325
61394526
61394483
61393651
61392670
61393196
61393814
61408397
61394551
61392585
61394654
61394770
61392681
61394603
61394774
61394758
61409114
61393069
61394926
61409246
61394789
61394942
61392911
61394367
61393364
61409482
61409364
61393146
61393543
61395328
61395390
61395159
61393503
61394375
61395311
61409823
61409670
61394396
61395503
61395490
61395252
61393917
61394794
61395575
61393500
61409893
61393661
61395794
61395754
61395789
61396465
61394025
61395076
61409331
61393801
61395774
61395775
61396382
61394239
61395799
61409961
61409964
61394094
61395985
61395890
61395689
61394273
61410391
61394146
61396371
61396305
61395449
61395744
61410807
61410398
61394965
61396651
61396778
61396537
61395234
61396859
61396251
61411430
61411003
61395305
61397282
61397248
61396973
61395461
61396389
61397207
61395282
61411334
61395617
61397440
61396372
61397171
61396211
61396977
61411865
61411492
61395495
61397723
61397621
61397297
61396708
61396992
61411980
61395615
61397929
61397917
61397805
61397782
61395777
61396220
61397876
61396506
61412440
61412235
61396107
61398267
61398251
61398173
61396249
61396706
61398410
61412319
61398504
61398242
61398095
61412986
61396608
61398696
61398940
61398736
61396751
61398767
61398152
61413211
61412755
61398980
61399111
61399026
61398822
61397403
61399134
61397140
61413182
61413094
61397147
61399300
61399404
61399268
61399091
61397507
61399355
61397460
61413707
61413244
61397886
61398776
61397373
61398967
61396988
61413100
61397194
61399344
61399366
61399201
61413713
61397378
61399525
61399474
61399287
61397775
61399455
61397482
61413909
61397566
61399574
61399483
61399330
61397938
61399645
61399160
61397782
61399870
61399926
61399893
61398018
61398690
61399549
61414437
61414056
61398403
61400259
61400336
61399374
61400095
61399255
61399863
61398311
61414428
61398336
61400639
61400623
61400583
61400259
61399344
61400427
61398478
61414584
61398531
61400623
61400596
61401219
61399024
61400680
61400027
61415227
61414667
61400988
61400996
61400908
61398779
61400115
61400574
61415486
61398851
61401268
61399595
61400803
61399206
61415243
61399211
61401340
61401372
61401346
61401104
61399750
61401310
61399385
61415737
61400326
61400522
61399369
61401553
61401041
61415905
61415502
61401950
61401955
61400667
61400164
61401748
61416270
61415809
61402205
61402069
61402652
61400353
61402084
61401572
61416388
61400157
61402218
61402199
61401173
61401782
61416478
61400512
61402369
61402298
61400656
61402216
61401659
61416477
61400347
61400723
61402505
61402506
61400470
61400900
61402570
61400436
61416877
61401562
61402632
61402591
61402387
61400995
61402740
61402036
61416673
61400948
61402853
61402885
61402633
61401049
61402897
61402244
61417198
61416888
61403143
61403130
61401382
61403233
61402721
61401214
61417603
61406248
61408279
61408209
61407864
61406496
61406600
61406056
61422211
61407161
61408426
61408482
61408260
61406868
61408052
61422841
61422558
61407318
61408586
61408573
61406801
61407313
61408017
61423213
61422686
61407084
61408869
61407962
61408625
61407260
61408991
61408295
61423392
61407868
61409136
61409201
61407111
61408079
61409111
61407138
61407111
61409315
61409176
61409047
61407559
61407999
61407890
61423588
61407295
61409520
61409480
61408542
61409263
61408564
61407409
61423422
61407833
61409757
61410249
61408793
61408961
61424020
61423665
61409802
61409885
61409607
61424085
61423802
61409873
61409704
61409557
61408144
61409845
61407940
61424176
61408395
61410153
61410209
61410816
61408537
61409216
61410440
61424781
61408437
61410597
61410557
61410356
61408772
61410599
61409868
61424727
61408586
61410739
61410744
61410687
61408719
61410711
61410301
61425255
61424663
61410896
61411048
61410987
61409050
61410932
61409007
61425365
61408980
61411280
61411189
61410964
61409407
61410380
61425692
61409252
61411429
61411461
61411472
61411244
61410026
61409980
61425676
61410441
61411613
61411549
61409636
61411631
61426074
61409532
61411685
61411870
61410776
61409791
61410911
61410014
61411823
61409886
61411020
61411383
61426292
61409900
61412155
61412211
61412096
61410180
61412100
61410181
61426210
61409831
61412285
61412323
61410260
61411935
61410111
61426463
61410218
61412494
61412181
61412282
61426719
61426244
61412504
61412611
61412373
61412220
61410828
61412580
61412047
61410535
61410836
61412612
61427250
61412925
61412455
61427145
61411474
61412947
61411996
61412768
61411325
61412640
61427349
61410933
61413137
61413169
61412920
61413176
61411216
61413570
61413380
61413128
61411688
61413320
61427787
61427272
61413548
61413580
61413232
61411789
61413516
61411376
61427480
61411496
61413705
61413778
61413793
61413609
61412245
61414065
61413368
61428261
61411786
61414172
61414180
61413907
61412631
61414089
61428546
61413181
61414423
61414301
61414073
61413185
61413752
61428842
61412464
61414617
61414598
61414561
61412699
61413541
61412657
61412946
61414728
61414154
61412785
61414817
61412783
61428933
61413173
61414985
61414918
61414792
61413400
61414659
61428919
61413069
61415243
61415179
61415735
61413487
61415122
61429631
61413044
61415333
61415355
61414911
61429677
61429292
61415414
61415446
61415304
61415103
61413735
61414919
61413401
61429421
61414448
61415569
61415481
61413490
61413841
61415629
61413680
61429617
61413340
61415821
61414631
61413850
61416037
61415109
61415083
61430142
61413702
61415780
61415986
61415823
61413808
61414675
61415236
61430401
61413921
61415908
61416157
61414222
61430479
61430052
61416483
61416545
61415400
61414703
61416431
61415912
61430735
61416731
61416769
61416627
61416351
61414911
61416663
61416130
61414797
61430888
61417172
61416931
61415915
61415050
61416898
61416290
61431301
61414978
61417284
61417163
61416938
61415570
61417113
61415317
61431642
61415421
61417469
61417531
61416675
61417314
61415973
61417499
61432161
61431590
61417878
61417913
61417887
61417632
61416141
61417944
61417603
61431885
61415979
61418081
61418113
61418152
61416472
61418077
61416182
61418362
61418223
61418070
61416163
61432502
61416526
61418284
61418275
61416430
61418360
61432691
61432579
61416804
61418586
61418495
61418315
61417049
61433177
61417024
61418590
61417630
61418358
61433246
61432934
61419106
61419138
61419122
61418894
61417526
61419161
61417287
61433561
61418072
61419391
61419372
61419123
61417210
61433456
61418111
61419540
61419558
61419213
61417998
61419531
61434070
61417630
61419759
61419746
61419371
61418003
61419262
61433792
61417652
61419805
61419816
61419561
61418145
61419222
61420098
61420007
61419806
61418273
61419670
61434366
61418507
61420202
61420142
61418459
61420118
61434776
61419051
61420343
61420132
61418219
61420139
61418231
61434371
61418662
61418335
61419879
61434151
61420478
61420531
61420408
61418845
61420402
61418507
61434544
61418781
61420611
61420372
61419000
61420461
61419928
61434639
61419121
61420906
61420962
61420563
61419195
61420734
61419656
61420903
61421435
61419173
61420993
61435423
61418918
61421044
61421052
61420827
61419177
61420995
61420339
61435371
61419939
61421258
61420110
61419103
61435191
61421311
61421223
61421022
61420422
61420667
61435627
61435068
61421343
61421447
61421352
61419121
61420484
61421340
61419436
61419433
61421784
61420485
61419965
61421634
61436296
61419740
61421992
61421757
61420057
61421764
61419364
61421729
61421740
61419646
61436117
61421792
61420167
61421372
61436328
61419976
61421952
61422004
61420094
61422059
61419987
61436387
61420091
61422442
61422351
61422126
61420686
61421822
61436710
61420219
61422546
61422479
61422439
61420478
61421649
61421958
61437034
61422599
61422688
61420766
61422542
61422081
61436531
61422743
61422826
61422478
61421137
61421265
61420837
61436852
61420941
61423101
61423010
61421943
61436812
61423048
61423056
61422855
61422244
61422332
61423037
61421546
61437541
61423291
61423449
61423125
61422045
61422821
61437392
61421365
61423518
61423646
61423038
61421813
61437568
61423927
61423967
61423585
61423396
61422348
61424157
61423812
61422481
61423449
61438529
61422065
61424140
61424196
61424049
61424113
61422246
61424375
61423437
61422374
61428382
61429281
61427670
61429922
61429820
61429905
61427833
61430023
61429678
61429862
61430068
61428343
61429664
61444375
61428068
61430245
61430301
61430387
61430121
61428722
61430279
61428429
61430083
61429408
61428431
61430231
61428247
61430592
61430271
61429733
61429901
61428440
61431408
61429055
61430454
61428806
61444805
61429216
61431070
61431010
61430843
61429894
61431066
61445623
61429187
61431316
61431252
61431051
61429683
61431369
61429369
61431699
61431324
61430694
61431505
61429638
61445567
61431919
61431762
61431662
61429839
61432054
61432065
61430296
61431808
61446371
61430030
61432156
61432116
61430628
61446190
61432270
61430474
61432055
61430253
61446346
61431443
61432568
61432535
61430780
61432532
61431948
61446725
61432736
61432511
61430888
61430936
61433059
61433119
61432822
61431451
61433014
61447091
61432002
61433396
61433250
61432995
61432570
61433374
61433331
61433133
61431755
61433294
61447255
61431349
61433553
61433534
61433234
61431870
61433223
61431468
61447970
61431974
61434020
61434025
61433776
61432250
61434018
61432032
61447994
61434108
61434116
61432570
61448069
61434281
61434278
61434050
61432692
61434351
61432564
61434493
61434254
61433501
61448304
61434423
61434332
61434303
61432415
61434817
61434469
61432930
61434730
61434078
61449369
61433760
61435069
61435101
61433168
61434944
61432930
61448994
61435214
61435184
61434959
61433512
61435167
61433334
61449170
61435491
61435349
61434646
61435183
61433726
61435361
61449849
61435677
61436011
61434453
61434875
61449686
61433350
61435746
61435684
61449916
61433633
61435858
61435722
61435652
61434207
61436061
61435689
61434585
61435436
61450094
61434004
61436205
61436213
61434142
61450170
61434167
61436327
61436164
61436052
61435260
61434338
61450401
61436549
61436434
61436258
61435866
61434633
61436733
61434570
61436431
61436795
61434741
61435010
61436888
61451178
61435975
61437032
61435348
61434924
61435326
61436940
61437164
61437124
61436885
61435520
61437176
61451640
61451395
61437347
61437409
61437136
61435717
61437226
61435430
61451782
61437553
61437486
61435504
61437469
61435421
61451474
61437598
61437657
61437282
61435900
61437049
61451699
61436464
61437800
61437661
61437406
61436017
61451650
61437475
61437250
61437458
61436788
61451756
61435653
61437926
61437739
61435775
61436633
61437412
61452144
61435925
61438187
61438096
61437823
61437234
61437477
61452088
61438133
61438213
61437947
61436630
61438313
61452576
61436862
61438303
61438298
61436699
61438403
61436379
61452550
61436728
61438674
61438305
61437012
61438416
61436633
61452397
61438630
61438809
61438587
61438155
61437741
61438937
61438562
61437245
61438771
61453096
61436675
61438862
61438981
61437107
61437155
61439319
61439454
61439428
61438869
61437501
61439654
61437642
61438126
61454090
61437476
61439680
61439770
61439621
61437708
61438852
61439120
61454035
61439907
61439903
61439719
61437896
61438877
61440086
61439936
61439769
61438452
61440043
61437910
61453923
61440097
61440228
61440010
61454509
61438571
61440366
61440336
61438680
61440333
61454783
61454396
61440595
61440688
61440283
61454744
61440672
61440639
61440441
61439502
61440014
61454443
61440446
61440774
61438804
61454729
61440995
61438919
61440596
61455125
61454711
61440955
61440891
61440618
61439776
61438794
61439785
61441012
61440505
61439089
61441218
61441072
61439471
61440823
61455490
61439387
61441547
61441500
61455757
61441644
61441532
61440966
61439918
61441901
61441526
61440158
61441742
61439766
61456268
61439959
61442208
61442240
61441830
61440527
61442111
61440059
61456112
61442332
61442268
61441992
61440638
61442222
61456281
61442971
61442349
61440341
61456714
61442391
61442572
61440476
61456695
61440863
61442723
61440679
61440648
61442839
61442871
61442660
61441391
61442407
61457194
61441908
61443104
61442841
61441473
61443132
61441223
61443298
61443391
61443005
61441603
61443235
61441235
61457707
61443535
61443516
61442735
61441720
61443578
61458093
61441626
61443789
61443858
61443647
61442269
61457863
61444072
61442429
61442793
61458173
61442841
61444085
61443961
61458468
61444201
61444244
61444128
61442616
61443766
61458412
61442409
61444535
61443211
61442529
61458803
61442827
61444681
61443548
61443987
61458571
61442562
61444934
61444822
61444522
61443154
61444523
61459250
61442885
61445236
61445196
61444920
61444032
61444808
61443286
61443222
61444142
61445126
61445535
61459849
61445422
61445281
61445615
61459902
61443734
61445677
61459841
61445612
61445639
61443966
61445016
61443776
61445935
61443785
61445735
61446010
61445246
61444352
61446065
61460499
61446082
61446267
61444205
61445754
61446034
61446323
61444208
61446079
61446416
61460432
61444813
61446502
61444347
61446064
61444800
61446753
61444624
61444752
61446825
61461024
61445232
61447041
61461410
61445290
61447075
61461055
61446210
61447099
61445007
61447103
61447031
61446039
61445746
61447106
61446149
61446290
61447609
61446341
61446877
61461744
61446546
61447807
61447791
61447614
61445749
61446117
61447974
61447965
61447221
61448043
61448123
61448132
61462203
61448308
61448322
61448142
61447107
61446075
61448441
61446833
61448396
61462796
61446884
61448460
61448754
61463341
61447725
61448934
61448904
61447146
61447343
61463218
61447119
61449003
61448754
61447023
61447975
61449197
61448365
61447521
61449301
61447329
61447232
61448710
61447846
61463135
61447500
61449453
61449461
61447602
61449143
61463747
61447642
61449782
61449745
61449012
61449327
61463702
61450133
61450069
61450660
61448445
61450077
61448077
61464191
61450299
61448695
61449951
61464413
61450619
61450565
61450316
61449050
61449496
61448607
61448641
61450729
61450665
61448848
61450654
61464905
61449522
61450862
61450726
61450522
61449610
61450098
61465154
61449106
61450915
61450906
61449623
61464836
61451126
61451086
61451816
61449517
61451125
61449152
61449155
61451189
61449605
61451261
61465624
61450290
61451609
61451624
61450472
61451032
61465920
61451793
61451928
61472224
61455962
61458017
61456323
61457456
61471942
61458083
61458039
61457752
61456950
61457732
61472196
61456208
61458221
61458133
61456220
61458246
61457641
61472472
61457228
61458506
61457524
61458248
61472493
61458614
61458652
61456763
61458656
61473260
61456728
61458919
61457879
61456956
61458996
61458391
61473038
61459135
61459129
61457936
61473371
61457451
61459335
61459056
61456822
61456921
61459136
61459233
61457433
61459284
61457308
61457448
61459646
61459551
61457608
61459552
61457527
61457551
61459704
61459544
61457631
61458373
61473837
61459884
61458963
61458154
61459338
61474133
61457965
61460086
61459998
61458106
61460029
61459496
61474157
61458555
61460337
61460074
61458538
61474749
61460475
61461147
61458848
61460432
61458446
61474349
61458880
61460686
61460687
61458791
61460663
61459104
61474745
61461014
61461033
61460825
61460158
61458943
61461066
61459455
61460457
61475571
61459540
61461472
61461076
61460620
61461517
61460477
61459862
61460884
61475518
61461762
61461664
61459844
61461196
61476012
61459809
61461724
61461513
61460649
61461295
61459858
61461973
61460215
61461402
61476186
61460828
61462171
61462727
61476583
61461103
61462320
61461352
61461611
61462498
61463057
61460833
61461804
61476502
61462610
61462642
61463249
61461001
61462633
61460657
61476720
61462916
61462903
61460894
61462763
61460940
61477184
61462865
61462897
61462932
61461752
61462580
61461098
61462237
61477003
61461824
61463068
61462836
61461516
61463232
61463384
61463009
61462121
61461247
61477260
61463499
61463558
61463132
61462103
61461370
61461394
61463667
61463576
61463327
61461815
61463635
61477783
61463712
61463672
61461711
61463703
61463139
61477983
61462007
61463816
61463564
61462097
61463732
61478483
61477738
61464077
61463927
61462193
61463849
61478408
61464312
61464275
61463903
61462535
61464170
61478437
61463112
61464285
61464111
61462542
61463798
61462225
61478329
61462625
61464485
61464452
61462697
61478570
61464562
61462772
61464521
61462603
61478500
61464763
61463001
61462806
61478818
61464901
61464882
61464633
61463289
61464852
61479477
61462972
61465098
61465034
61463073
61465065
61463060
61465162
61463585
61479006
61465159
61463729
61463400
61479410
61463337
61465664
61465522
61465228
61464097
61463415
61479609
61463953
61463766
61465398
61479608
61463299
61465684
61465726
61464019
61465582
61480118
61463675
61465825
61463677
61465354
61463330
61479549
61463509
61465761
61465714
61463709
61465646
61480066
61465911
61465775
61465972
61480412
61466117
61464564
61464239
61480113
61466365
61466298
61464385
61466356
61465772
61480719
61464463
61466688
61466611
61466584
61464740
61466468
61466728
61466712
61465111
61466031
61464663
61464823
61466764
61466973
61466885
61465188
61466522
61481311
61467211
61467267
61466868
61465452
61466564
61481212
61464663
61467261
61466239
61465324
61481310
61467509
61467520
61467041
61465583
61467682
61467361
61466449
61467108
61481876
61465999
61467835
61468440
61466256
61467320
61481992
61468009
61467969
61468040
61482141
61468212
61467960
61467368
61466219
61482232
61468369
61468401
61468400
61466475
61467405
61468601
61468328
61467234
61467976
61482362
61468587
61468547
61466610
61468533
61468814
61469394
61468732
61467711
61468856
61468583
61468018
61468426
61483338
61482818
61468928
61467618
61468391
61483060
61469245
61469232
61468983
61468146
61468778
61483663
61469512
61467617
61469324
61467458
61483786
61467697
61469455
61470113
61468692
61469093
61483738
61467814
61469950
61469889
61468051
61470006
61484405
61468772
61469944
61468082
61470142
61468282
61483926
61470234
61470370
61484567
61470498
61470536
61468609
61470409
61484932
61468495
61470628
61470567
61468750
61470526
61484939
61469480
61470700
61470534
61470456
61469643
61470131
61471082
61470964
61470838
61469299
61470339
61485255
61469744
61471015
61470883
61485235
61471156
61470996
61469158
61470268
61470562
61471244
61471219
61485184
61469195
61471447
61471503
61472059
61469883
61485539
61471700
61472203
61470787
61470907
61469539
61471842
61471724
61472358
61470185
61470566
61471903
61471864
61470136
61471792
61486385
61470472
61472140
61471792
61471230
61469945
61470095
61472207
61472092
61470206
61471678
61486296
61472343
61472321
61471955
61471016
61471675
61486307
61470563
61472348
61472099
61470707
61471990
61486905
61470387
61472591
61472671
61472350
61471006
61472679
61472376
61471514
61471641
61472254
61486686
61470566
61472660
61472531
61471715
61472209
61473010
61471019
61472275
61487112
61471235
61473068
61472987
61471352
61472987
61470918
61473262
61471891
61471233
61471206
61473437
61473182
61471629
61472854
61487251
61471377
61473468
61473479
61471689
61473500
61487704
61473696
61471825
61472449
61471703
61487766
61473901
61474038
61473671
61473927
61471855
61487986
61472820
61474050
61474181
61472402
61474007
61472225
61488149
61472496
61474431
61474343
61474187
61472768
61474390
61488929
61474610
61473129
61488456
61474703
61474861
61474387
61474649
61488815
61472870
61474802
61474440
61473662
61488959
61475074
61474702
61474910
61489281
61474983
61473460
61474921
61489364
61473289
61475266
61473548
61489657
61473714
61475445
61475121
61474219
61473332
61473342
61475406
61475315
61475189
61474563
61475011
61489773
61473530
61475569
61475320
61473883
61475518
61490113
61473625
61475473
61475729
61489949
61475915
61475821
61473773
61473936
61475455
61473666
61475376
61490083
61473568
61475722
61475610
61473748
61490058
61475846
61475966
61473951
61475727
61473802
61489828
61476024
61475984
61475810
61475143
61475284
61490244
61474268
61476248
61475889
61474497
61476046
61474323
61476472
61475159
61476354
61476694
61490547
61476701
61477212
61476669
61474580
61474739
61475348
61475909
61476901
61491044
61476340
61475100
61476936
61477184
61491282
61476650
61475287
61477072
61477176
61491388
61476540
61475393
61477157
61477333
61491365
61477124
61475265
61477440
61477544
61491645
61477431
61475500
61477696
61477656
61492062
61477656
61477434
61477747
61476642
61492281
61477690
61477570
61477955
61475845
61477394
61477282
61478083
61476783
61477989
61492434
61477740
61476500
61478261
61476180
61477532
61492512
61478392
61478352
61479463
61479685
61494158
61478281
61480114
61479827
61478483
61479629
61494332
61479102
61480544
61480362
61478635
61480257
61494943
61478401
61480578
61480589
61478855
61480569
61494991
61480861
61480924
61480716
61480948
61478965
61494913
61481189
61480865
61479562
61480746
61495187
61481366
61481248
61481037
61480725
61479261
61481516
61481401
61479437
61479365
61481614
61482181
61479973
61480879
61495901
61481777
61481728
61480680
61479760
61479912
61481985
61482089
61496203
61487392
61488697
61487024
61488379
61487016
61488969
61503286
61503564
61488134
61489103
61487649
61503379
61487998
61489201
61487232
61489256
61489184
61489524
61487470
61489382
61489767
61487374
61488844
61489367
61489803
61503882
61488063
61489923
61487864
61489690
61489666
61490051
61487891
61488962
61490198
61503882
61490198
61490099
61488669
61488200
61490010
61490473
61504537
61489550
61490439
61489367
61489830
61490350
61490735
61504854
61490823
61490765
61489531
61488638
61489150
61490863
61505003
61490849
61490702
61491138
61505586
61489538
61491224
61490155
61489301
61489611
61491489
61489492
61490811
61491376
61491785
61505585
61490547
61491908
61491892
61489893
61490200
61491437
61491999
61489905
61491769
61491980
61506098
61491993
61492082
61490654
61491493
61490062
61492159
61506190
61490713
61490574
61490430
61492531
61493029
61491117
61490474
61491427
61492743
61492436
61492572
61506717
61492809
61492681
61490816
61492750
61506846
61492991
61491951
61491326
61492383
61506981
61493092
61492990
61493215
61507416
61493203
61492234
61507258
61492980
61493188
61491586
61491392
61492699
61493500
61493176
61492942
61493582
61493529
61493304
61492035
61507355
61493674
61494134
61493609
61507792
61493566
61493317
61507781
61493812
61492139
61493763
61493122
61492125
61492130
61491658
61491706
61493896
61491898
61507876
61493958
61492858
61507986
61494075
61493826
61507801
61493935
61494645
61493925
61508008
61493888
61493384
61494332
61494139
61492547
61492243
61492291
61494358
61492857
61508729
61494492
61494407
61492779
61493699
61508587
61494631
61494543
61492819
61494427
61508857
61494778
61493850
61492949
61494180
61492710
61494959
61494638
61493743
61492890
61492924
61494937
61494337
61495176
61495149
61493452
61494530
61509254
61495349
61494493
61493681
61493301
61493322
61495458
61493689
61509729
61495434
61495322
61493673
61494689
61509132
61495563
61495191
61495351
61509436
61495448
61495456
61493666
61495487
61509535
61495680
61495640
61494615
61493591
61493861
61495888
61495642
61495823
61509978
61495995
61495856
61495556
61510247
61496243
61496080
61494530
61494034
61494031
61496208
61495962
61495775
61510247
61496336
61496320
61494311
61495786
61510578
61496424
61495592
61494759
61494376
61510266
61496646
61495793
61494981
61494412
61496712
61494666
61496634
61510741
61496905
61496814
61495199
61496143
61494775
61497037
61496939
61495129
61496919
61510961
61496815
61496696
61495753
61511149
61495272
61497057
61496763
61495895
61511476
61495308
61497182
61495996
61495301
61511338
61497598
61497301
61496586
61495413
61495512
61497785
61497399
61496244
61497703
61497577
61496000
61497046
61511859
61497927
61497555
61497862
61512199
61498066
61495865
61497788
61512132
61498050
61497914
61496145
61495844
61496873
61498042
61496177
61497289
61511822
61498122
61497368
61497212
61512449
61498034
61498237
61496444
61498175
61512217
61498461
61498414
61512450
61498619
61498450
61496439
61498715
61497072
61496624
61497109
61498678
61497074
61498046
61512691
61498903
61498616
61498376
61498961
61497576
61512725
61498669
61498595
61513273
61499105
61499047
61497443
61498421
61513374
61499206
61498933
61497565
61498581
61513568
61499318
61499326
61497602
61498762
61513418
61499475
61499339
61497830
61498849
61497375
61499566
61499516
61497897
61497641
61498228
61500058
61500550
61498870
61499286
61514270
61500317
61500031
61498142
61500062
61514372
61500210
61500197
61499040
61497802
61499825
61497717
61499191
61514185
61499983
61499892
61497886
61500079
61500076
61500010
61514006
61500306
61500156
61499704
61500553
61500315
61500583
61498446
61500294
61500078
61498262
61500342
61500303
61498597
61500805
61499135
61498779
61500781
61498971
61500059
61500932
61500847
61499750
61498843
61499827
61501068
61499172
61501140
61515395
61501285
61501170
61499513
61499151
61501416
61500536
61500303
61500815
61515339
61501507
61501569
61499760
61500363
61499288
61501678
61501645
61501739
61515957
61499949
61501286
61500766
61501098
61515692
61501931
61501942
61500239
61501436
61516055
61499759
61502096
61500135
61501962
61516285
61500464
61502259
61500288
61502232
61500280
61516419
61502529
61500530
61502512
61516959
61500893
61502784
61500724
61502400
61517160
61501115
61502763
61500984
61502120
61500803
61503007
61502570
61502668
61517365
61500863
61502965
61503072
61500999
61502970
61517506
61501300
61503219
61502898
61517442
61503345
61503148
61501440
61502631
61517282
61503371
61502810
61517449
61501182
61503173
61501435
61502591
61517274
61503448
61503589
61502293
61517757
61503344
61503908
61503543
61503984
61517960
61504197
61504178
61502594
61502135
61518247
61504357
61503389
61502812
61502466
61504547
61502891
61519075
61504729
61504767
61503112
61502718
61502763
61504865
61504592
61503546
61502892
61502803
61504956
61504605
61504912
61502840
61502861
61504153
61503464
61503029
61503087
61505230
61502978
61505210
61519653
61502933
61505181
61505241
61519596
61505592
61505381
61503828
61504748
61519305
61505629
61505349
61505578
61503485
61504415
61505683
61503578
61505460
61519731
61505629
61504138
61503690
61503813
61505963
61503930
61505546
61519943
61506115
61506037
61506050
61504209
61506308
61506409
61505235
61506335
61505410
61504385
61520272
61506484
61506420
61506267
61505451
61504430
61520454
61506805
61506588
61505614
61504600
61504339
61506897
61505744
61505129
61504851
61505781
61506889
61504688
61506824
61521038
61507065
61507025
61506803
61506004
61505001
61506655
61506601
61506874
61521441
61507087
61507074
61505086
61507078
61521363
61507367
61507157
61505715
61507214
61521526
61505678
61507562
61505827
61507025
61521392
61507847
61507708
61506233
61505659
61505563
61507816
61505951
61507124
61505845
61507947
61507681
61506679
61522519
61506348
61508136
61506450
61507490
61505978
61508388
61508136
61507248
61506361
61506409
61508497
61508395
61507264
61506569
61506641
61508702
61508576
61507931
61506828
61506876
61509009
61508712
61509094
61506947
61506924
61509056
61508983
61523456
61509224
61509221
61508061
61523704
61507338
61509318
61507991
61523815
61509359
61508813
61507732
61508655
61507349
61509502
61509993
61509420
61523628
61509544
61509367
61507718
61509361
61523588
61507855
61509667
61507748
61509028
61523684
61509768
61509848
61509524
61509732
61524031
61509925
61509652
61509537
61524201
61507737
61509702
61509913
61524319
61508305
61510042
61508324
61509535
61524375
61508498
61510146
61509108
61509785
61524625
61510528
61510464
61509363
61524021
61510370
61510429
61510105
61510313
61524729
61508633
61510376
61510680
61508652
61509633
61510802
61510580
61510839
61525071
61509074
61511030
61510754
61509890
61508948
61509071
61511122
61511211
61509409
61511140
61525508
61509583
61511320
61509455
61511279
61525283
61511581
61511466
61509886
61510926
61525403
61511629
61511366
61511006
61525606
61511863
61511990
61511784
61526145
61512069
61511957
61511132
61509919
61510083
61512099
61511850
61510986
61509990
61509942
61512153
61512010
61511442
61510355
61510295
61512217
61512174
61527063
61512741
61512626
61512748
61527222
61511030
61512911
61510971
61512377
61527136
61512988
61512910
61511734
61526811
61513269
61513721
61511838
61527566
61511398
61513258
61511561
61512718
61527148
61513359
61513230
61512132
61511294
61512275
61513519
61513246
61512412
61511457
61513626
61513398
61513558
61527923
61513847
61513807
61512206
61528372
61514173
61513863
61512286
61513302
61527898
61514111
61514101
61512473
61513534
61519857
61521831
61520866
61535265
61521642
61521414
61521670
61536069
61519684
61521829
61520231
61519978
61520193
61522128
61521933
61522050
61520281
61522246
61522144
61521088
61536867
61520648
61522580
61520832
61520453
61520627
61522606
61522360
61522565
61536838
61520977
61522807
61522558
61522828
61520974
61521737
61522943
61522718
61522998
61537342
61523191
61523130
61522057
61521211
61521228
61523255
61521171
61522673
61523313
61523328
61522118
61537897
61521702
61523415
61521787
61522683
61521530
61523642
61523417
61522049
61523137
61537460
61523799
61523502
61522665
61523078
61522718
61523965
61523641
61523654
61538026
61521804
61523906
61522890
61522238
61522050
61523935
61524049
61522390
61523310
61521972
61524125
61523908
61522238
61523990
61522065
61523070
61524290
61524897
61524222
61538179
61524538
61524478
61522894
61523889
61538438
61524695
61524686
61523174
61522780
61522977
61524927
61524678
61525036
61539479
61525205
61524943
61524113
61522870
61538894
61525218
61525681
61524009
61524473
61524998
61524084
61523378
61524527
61539441
61525335
61525322
61523646
61524638
61523270
61525498
61525437
61523521
61525041
61539473
61523497
61525720
61525345
61525529
61539903
61525588
61525105
61523641
61525794
61524169
61540165
61526061
61526004
61540425
61526202
61525881
61525479
61524969
61525162
61526209
61540022
61526354
61525644
61526493
61526025
61525641
61526370
61526148
61525668
61524527
61526244
61540457
61526589
61526588
61540454
61526787
61526639
61524700
61526808
61526636
61525585
61525805
61526786
61524772
61526853
61525225
61541313
61526922
61525929
61540785
61527096
61525420
61541316
61527114
61525780
61540974
61527165
61526095
61541199
61527600
61526068
61525324
61527480
61527284
61525324
61527470
61526642
61525611
61527620
61527344
61525611
61527788
61526557
61525745
61527740
61527664
61527750
61526026
61525851
61526511
61527854
61525914
61526029
61527070
61526720
61525916
61542017
61528250
61528619
61527115
61526167
61541890
61528211
61528141
61526571
61526163
61525992
61526296
61526208
61526037
61528498
61528263
61542228
61528383
61528024
61527715
61526446
61528688
61528693
61527085
61528104
61526733
61528886
61528947
61526901
61529092
61528867
61527852
61543556
61527201
61529368
61529900
61527988
61543654
61527472
61529589
61529142
61529459
61543838
61527934
61529575
61529230
61529513
61543977
61527462
61529639
61530249
61529523
61543501
61527822
61529679
61529283
61528356
61544081
61527265
61529780
61529459
61528544
61527547
61543699
61529879
61529780
61527912
61529784
61543834
61529970
61529694
61528965
61527844
61527956
61530031
61530124
61528308
61528372
61529365
61529475
61529613
61544059
61530357
61529997
61528565
61530405
61528756
61528554
61528881
61530659
61528884
61530465
61545031
61530842
61530703
61528958
61530727
61545375
61528577
61531079
61530710
61529366
61530409
61545314
61530996
61530891
61529680
61529046
61528875
61530949
61530425
61530089
61531169
61530971
61529888
61529295
61545254
61531463
61531286
61529750
61529278
61529391
61531551
61545982
61531680
61530864
61529792
61531520
61545686
61531204
61529503
61531043
61545716
61531565
61531699
61529550
61531624
61545929
61531830
61531825
61529850
61531425
61546022
61529957
61531742
61530202
61530382
61546154
61532140
61531233
61530135
61530040
61532179
61531855
61532118
61530285
61546048
61532326
61532115
61530407
61531755
61530318
61532513
61532353
61530560
61530924
61546608
61532420
61532465
61531409
61531935
61546470
61532925
61532745
61531199
61532109
61530690
61532979
61532939
61531575
61547135
61533035
61532343
61532021
61533193
61531520
61532450
61531130
61533143
61533716
61531930
61531348
61547135
61533419
61533304
61531727
61533174
61547382
61533600
61533734
61531510
61533512
61547894
61533743
61533782
61533801
61547982
61531922
61533793
61532082
61531876
61531774
61533931
61533119
61532160
61533471
61547821
61534070
61534047
61532371
61533466
61548149
61534193
61534262
61533056
61548571
61532598
61534257
61534008
61533168
61532318
61532288
61534516
61534250
61533661
61532413
61532448
61534741
61534657
61533012
61534096
61534404
61534107
61533641
61532403
61532489
61534714
61534362
61533835
61549171
61532772
61534956
61534639
61534953
61549167
61535153
61535065
61533361
61535120
61549400
61533512
61535495
61535072
61535211
61549617
61535401
61534545
61534342
61533349
61533352
61535390
61549954
61535669
61535639
61533846
61535164
61549977
61535795
61535707
61534270
61533812
61533782
61535935
61535686
61534555
61533986
61534095
61536119
61536106
61534358
61536038
61550478
61536405
61536512
61534561
61536393
61551004
61534809
61536621
61534708
61536252
61550560
61536749
61536641
61535737
61534588
61534660
61536915
61536824
61535004
61536759
61550841
61537018
61536134
61551155
61537055
61537015
61535373
61534863
61535946
61537115
61536901
61535523
61537134
61537463
61536515
61535390
61536422
61537529
61537253
61536272
61535553
61535550
61537850
61537741
61536072
61537115
61551677
61537849
61537796
61535848
61537293
61552037
61537988
61537873
61536232
61537381
61551762
61538121
61538030
61536356
61538153
61552422
61537763
61536100
61537338
61552316
61538144
61537919
61537484
61552659
61536754
61538522
61536541
61538269
61552781
61536733
61538559
61538221
61537154
61552543
61536899
61538780
61536726
61537020
61539136
61538812
61537923
61537509
61539302
61539342
61539516
61539500
61537845
61537397
61538439
61539710
61537746
61539676
61553846
61538075
61539959
61540450
61538610
61554320
61540049
61540150
61538107
61539661
61554251
61540182
61540746
61540042
61554440
61540235
61540185
61538505
61539816
61538225
61540313
61540225
61538319
61540433
61540133
61540221
61554613
61540588
61540497
61538910
61540107
61538472
61540646
61540486
61538984
61539126
61538798
61540150
61538758
61540962
61540967
61539500
61538938
61538833
61541112
61540959
61539334
61540340
61539023
61541125
61541037
61539196
61540692
61555359
61541288
61541344
61539572
61541252
61555815
61539654
61541597
61556055
61541709
61541669
61540452
61539742
61539572
61541701
61541428
61541574
61556117
61539881
61541810
61541489
61541745
61539799
61555689
61541200
61540209
61539668
61539675
61541975
61541654
61541835
61556132
61540233
61542090
61556391
61542127
61541993
61556456
61542281
61541166
61540562
61540206
61540240
61542366
61542257
61540704
61541714
61556458
61542512
61542263
61541462
61540378
61541332
61542456
61540372
61542357
61556636
61542775
61542653
61540737
61542113
61556833
61542778
61542751
61541051
61542190
61557253
61543013
61542826
61541136
61542823
61557239
61543078
61542024
61541375
61542983
61556892
61543227
61543088
61541226
61543143
61557306
61543411
61541663
61557427
61543418
61543889
61542553
61543498
61543255
61543535
61557550
61541831
61543712
61541874
61543575
61557511
61543792
61543495
61543761
61558177
61543954
61543904
61542001
61543729
61557963
61544076
61543172
61542559
61542031
61542896
61544078
61543778
61544034
61558450
61542618
61544241
61542442
61543530
61558524
61544373
61544357
61542612
61543778
61558252
61544546
61543582
61543400
61542407
61542311
61544372
61544556
61558975
61544848
61544897
61544400
61543373
61543263
61542423
61558769
61544829
61545558
61543774
61542846
61543806
61545050
61544750
61543707
61542845
61559101
61545193
61545060
61543435
61544589
61559310
61543474
61545173
61543647
61543086
61559081
61545386
61545352
61543614
61544729
61559086
61545394
61545251
61543879
61544734
61543055
61545455
61545230
61544273
61559857
61545754
61545577
61543966
61545105
61559576
61545740
61545631
61544041
61545179
61560098
61545951
61545911
61544238
61545316
61543893
61545909
61545636
61545895
61559946
61546002
61545075
61544684
61545426
61560205
61546190
61546164
61545974
61544995
61560320
61544574
61546406
61544907
61544311
61546427
61546264
61544971
61544396
61544509
61546598
61545018
61545528
61546612
61544877
61546238
61560677
61546811
61545873
61545599
61544722
61544770
61546899
61546650
61545306
61546869
61544642
61546874
61547167
61561109
61547339
61547036
61545908
61561231
61547443
61546316
61545316
61545398
61547680
61547487
61546373
61545562
61545699
61547787
61546979
61545865
61548089
61547895
61545544
61546549
61547745
61547575
61546655
61546029
61562216
61548141
61546200
61545896
61546219
61548179
61546551
61547625
61562334
61548393
61548366
61546642
61548370
61562469
61548560
61547928
61546847
61547866
61546450
61548699
61548419
61548275
61548860
61557244
61556123
61555222
61555219
61557536
61557418
61555535
61557677
61557377
61557575
61572114
61557744
61557704
61556065
61557129
61556553
61557893
61555833
61557353
61571906
61557898
61556909
61556332
61557444
61556034
61558010
61557641
61557579
61558185
61557816
61558109
61572288
61558203
61557395
61572338
61558573
61558300
61557657
61557852
61572434
61558679
61558372
61558628
61572720
61558797
61558787
61556909
61557349
61573208
61557269
61559081
61557333
61557069
61559194
61559767
61559167
61573350
61559336
61559269
61557476
61558694
61573139
61559540
61559332
61558417
61557348
61573409
61559618
61559297
61558193
61573852
61559698
61559576
61557728
61558551
61558816
61558967
61557767
61557794
61559971
61559871
61574260
61560112
61559256
61557574
61557803
61559970
61560577
61574235
61560196
61559913
61560097
61574609
61558417
61560363
61560138
61560408
61558336
61574333
61560777
61560593
61559077
61558517
61559549
61560670
61560397
61559392
61558721
61574872
61560905
61560827
61559301
61558805
61558853
61561006
61560757
61559677
61575631
61561134
61561102
61559231
61561319
61561046
61561288
61575478
61559481
61561311
61561062
61560470
61559318
61560323
61561570
61559640
61560828
61575341
61561637
61560832
61560724
61559630
61575431
61561763
61561798
61559868
61561644
61575964
61561864
61561729
61560361
61576030
61561818
61560302
61559895
61560229
61562107
61561858
61561994
61576605
61560927
61562222
61562740
61562219
61576386
61560378
61562259
61562034
61561418
61560255
61560406
61562467
61562194
61561274
61562515
61560722
61560541
61561399
61560924
61577081
61562810
61562944
61560977
61562804
61577043
61561145
61561153
61562337
61561017
61563002
61563001
61560886
61561465
61561202
61561529
61563225
61563265
61562275
61563386
61563395
61577286
61561302
61577588
61563303
61561493
61561294
61576993
61563301
61563103
61563233
61577286
61561617
61563512
61561567
61561468
61563720
61562769
61577594
61563693
61562742
61562642
61561744
61562677
61564003
61561864
61563757
61577894
61564063
61563873
61562374
61562028
61561909
61564089
61562032
61562941
61564182
61562433
61563693
61578125
61564323
61564482
61564149
61578523
61564369
61564291
61562209
61564673
61562836
61578992
61564721
61563552
61578969
61564742
61564544
61564728
61578640
61565023
61563980
61563602
61579252
61565025
61565108
61563384
61564444
61563011
61565260
61564963
61564200
61563096
61563195
61565423
61565312
61564811
61565489
61564473
61563896
61565152
61579341
61565724
61566331
61564808
61563659
61563680
61565905
61563824
61565344
61563811
61581262
61567569
61566189
61565615
61565588
61567884
61566922
61566147
61567868
61582016
61567995
61566538
61567557
61566021
61568082
61567490
61566341
61582404
61568525
61568653
61566623
61568245
61583037
61566812
61568768
61567020
61567384
61583044
61568968
61566687
61568582
61566545
61582513
61568705
61567828
61583133
61569081
61569035
61567026
61567880
61567120
61567158
61569273
61569257
61567632
61568693
61583656
61569382
61569267
61567384
61569181
61583480
61569422
61569505
61567640
61568985
61583378
61569585
61568657
61567632
61583689
61569734
61568837
61567860
61569140
61568717
61569914
61568121
61568844
61584265
61570339
61570254
61568459
61569568
61584379
61568390
61570223
61570246
61584416
61570412
61570276
61568483
61570033
61584699
61568747
61570655
61570227
61584926
61570823
61570855
61568750
61570667
61584704
61570863
61570772
61569195
61570307
61584766
61571071
61570980
61570638
61569907
61571148
61569139
61571209
61585331
61571453
61571287
61571457
61570406
61571572
61571275
61570710
61569561
61585760
61571708
61571719
61571580
61571836
61586238
61570769
61571992
61571423
61585900
61572037
61572056
61569994
61572198
61571922
61570842
61570259
61570047
61570519
61571758
61570376
61570481
61570332
61570458
61572574
61572312
61571245
61570034
61572296
61572103
61570286
61572685
61573244
61571884
61572039
61586470
61572824
61571584
61571724
61572328
61570730
61572635
61572972
61570914
61587116
61572728
61573038
61587118
61573365
61573068
61572180
61572842
61587713
61573624
61573557
61574266
61587889
61573861
61573438
61573670
61571673
61571772
61573946
61573870
61587823
61574066
61573996
61588138
61574207
61573934
61572902
61588708
61574437
61574451
61572526
61572873
61588372
61574570
61574591
61572576
61574116
61588785
61572884
61574843
61574492
61573927
61572700
61588724
61574925
61574816
61573164
61574772
61589301
61573828
61575120
61574772
61573356
61574913
61589281
61573308
61575261
61575098
61574021
61574612
61573268
61575432
61574726
61574151
61573445
61589332
61575718
61575558
61573779
61574761
61589851
61575645
61574578
61573980
61574870
61589620
61575853
61575700
61574793
61575009
61589609
61575965
61574986
61574804
61575121
61590180
61576050
61576010
61575836
61574865
61573948
61589974
61576296
61575157
61575060
61574531
61575946
61575789
61574880
61574089
61590115
61576426
61576318
61576045
61575730
61574170
61576398
61576098
61576330
61590447
61576269
61576445
61574652
61575839
61590333
61576641
61576467
61574792
61576504
61590992
61575437
61576804
61576552
61575184
61576887
61591060
61575752
61577129
61574936
61576880
61574805
61574904
61577102
61577017
61575320
61577072
61591354
61575395
61577327
61575336
61576835
61591528
61575565
61577545
61577427
61576069
61576879
61591234
61577574
61577500
61575790
61577507
61591944
61577793
61577708
61575714
61577179
61591763
61577785
61577748
61576188
61577222
61591579
61577812
61578003
61576290
61592221
61578600
61577943
61576120
61591961
61576514
61576299
61576269
61578446
61578196
61578462
61592736
61578385
61578177
61576292
61578633
61578539
61577022
61578691
61577093
61578349
61576840
61579068
61578754
61578162
61593367
61579200
61578402
61577216
61578156
61579529
61578622
61577776
61577468
61577092
61579539
61578734
61579511
61579511
61577849
61579228
61593604
61579213
61577790
61577632
61593365
61579635
61580151
61578107
61577687
61579476
61579834
61594318
61579599
61579951
61594066
61580184
61579393
61578429
61578334
61580569
61580307
61578754
61578565
61594424
61580746
61580586
61578584
61580859
61580908
61578907
61580269
61595123
61580958
61580809
61578951
61580815
61595108
61579734
61580928
61580068
61595012
61581168
61581107
61579437
61580597
61595392
61579755
61581516
61581240
61580320
61579322
61579394
61581619
61581298
61581605
61595973
61580418
61581560
61581311
61580498
61581013
61579594
61581873
61581690
61580130
61581372
61596047
61582054
61581990
61579978
61581898
61596245
61582196
61582221
61581819
61580749
61581443
61595995
61582405
61581185
61580608
61582240
61580678
61582620
61581417
61596443
61582505
61582256
61582539
61597081
61580488
61582740
61581571
61580718
61582860
61581997
61581192
61582184
61596899
61581345
61583175
61581283
61582816
61597547
61581406
61582982
61582742
61597101
61583387
61583413
61597581
61581835
61583593
61583242
61597296
61583574
61581736
61582866
61597538
61582319
61583662
61583688
61581677
61583932
61583656
61582213
61597997
61583958
61582141
61583934
61598213
61584281
61584155
61582520
61583419
61581832
61584153
61584008
61598502
61584276
61582552
61582271
61582203
61584356
61584073
61583893
61598803
61581885
61584478
61584298
61584530
61582547
61582506
61584584
61583670
61582967
61598786
61584832
61584607
61583983
61584371
61582788
61585037
61584997
61584772
61584245
61583147
61585224
61583503
61584728
61599677
61585547
61585486
61583690
61585008
61585606
61585354
61585675
61600088
61584485
61585849
61585453
61584133
61585741
61600031
61584098
61584017
61600337
61584283
61586023
61585784
61584728
61600483
61584000
61586340
61585944
61585077
61584203
61584224
61586401
61586152
61584242
61586507
61584783
61585775
61600332
61586619
61586544
61584957
61586592
61600898
61586784
61585009
61600977
61584833
61586837
61586537
61585921
61600718
61586959
61585025
61587116
61601648
61584802
61587382
61586996
61586056
61585928
61587438
61587892
61587319
61586271
61586750
61586690
61602070
61585549
61587803
61587472
61587653
61602123
61585979
61587932
61587656
61588014
61588038
61588019
61586151
61587554
61601916
61588342
61588068
61602679
61586388
61588494
61589125
61587551
61602890
61586506
61586847
61588058
61586720
61588921
61588810
61586767
61589032
61589067
61587184
61588930
61603439
61587994
61587499
61587235
61587893
61589334
61589285
61587352
61589454
61589205
61603941
61587770
61589585
61587765
61589640
61603885
61589713
61588874
61587825
61603688
61589883
61589907
61588032
61589453
61587902
61589885
61590051
61604430
61588515
61590345
61588381
61589808
61604101
61590473
61590382
61590082
61589237
61604880
61588464
61588648
61588676
61589469
61590860
61590488
61604944
61590908
61589736
61588832
61588904
61591159
61589785
61605196
61589438
61591277
61589649
61589201
61591490
61590658
61589897
61590985
61605539
61591872
61591661
61589982
61590582
61591823
61589742
61591802
61605996
61592046
61591880
61590989
61589939
61591658
61591447
61606027
61591915
61591642
61591125
61591368
61606126
61592376
61592435
61592402
61591250
61590454
61592607
61591006
61592043
61606723
61592780
61592743
61592766
61590851
61593124
61593087
61591222
61593070
61593238
61591418
61592797
61607506
61593606
61593566
61608048
61592517
61593806
61591890
61591627
61593892
61591886
61593854
61594066
61593763
61593899
61591923
61591971
61593867
61594177
61608353
61592542
61594519
61593034
61608752
61592005
61593632
61609019
61592930
61594790
61594439
61593722
61592746
61592786
61594759
61595117
61609611
61593927
61595144
61594557
61603599
61604747
61602906
61604309
61602670
61605447
61604703
61618911
61603119
61605075
61604898
61603845
61619395
61602730
61605310
61604969
61604409
61619576
61605452
61603854
61605254
61604459
61603851
61605723
61620396
61604755
61606020
61605699
61605219
61606044
61606031
61604365
61606038
61620387
61604505
61606362
61605987
61604931
61605614
61604345
61606471
61606445
61620585
61606554
61606490
61605372
61605887
61620790
61605999
61606351
61604433
61604426
61606654
61606614
61620934
61606884
61606748
61605024
61605555
61606813
61605988
61604662
61604720
61606972
61606851
61621008
61607170
61606819
61606955
61605243
61606912
61607123
61621184
61607439
61607228
61605582
61621787
61607420
61607144
61606088
61621843
61607644
61606022
61605577
61605307
61605995
61605636
61605445
61607721
61607723
61607905
61607946
61606342
61607358
61605969
61608191
61607147
61622195
61608236
61608223
61606622
61606327
61622316
61608351
61608366
61607989
61608598
61608462
61606775
61608021
61622474
61608731
61608300
61607660
61606640
61607645
61606970
61608851
61622991
61608666
61608508
61608821
61606489
61606826
61607188
61608826
61608978
61623244
61608551
61607359
61609219
61607546
61623466
61608024
61607304
61609505
61609219
61609424
61623720
61607424
61609679
61608318
61607605
61609809
61608000
61609262
61624064
61609913
61609778
61608344
61607861
61609928
61608194
61609411
61607876
61610152
61609845
61610101
61607984
61608951
61610093
61610700
61610127
61624286
61610241
61610147
61624344
61607861
61608116
61624046
61610135
61610242
61608651
61609715
61624397
61610387
61610243
61624607
61610633
61608915
61624480
61610537
61610497
61608605
61610477
61624872
61608872
61609048
61625067
61610787
61608973
61610421
61624973
61609189
61611151
61610827
61609873
61625526
61609869
61609432
61625578
61609530
61611390
61609519
61609194
61609191
61611443
61611544
61626097
61609549
61611841
61611439
61610410
61609736
61609674
61611854
61611602
61610258
61611175
61625820
61612059
61611230
61610247
61610492
61626239
61610923
61612095
61626610
61612336
61612087
61611999
61610322
61610496
61612643
61611585
61610882
61611943
61626714
61612768
61612530
61610815
61626753
61612869
61612820
61627156
61613529
61610948
61611361
61613095
61611332
61612749
61626977
61628602
61614990
61614997
61614384
61613327
61629175
61615358
61615417
61613654
61629876
61615632
61615575
61614541
61629811
61614517
61615836
61615536
61615723
61613627
61629544
61615927
61614962
61614211
61614390
61629920
61615659
61615590
61614864
61616084
61616024
61618173
61616502
61615137
61613937
61614009
61616125
61616044
61614874
61614138
61630559
61616408
61616449
61614560
61616370
61630711
61616515
61615608
61616396
61614535
61616777
61616542
61616723
61614675
61630763
61616859
61616984
61631475
61615059
61617161
61616885
61616092
61631884
61617394
61615790
61615625
61615482
61617519
61617246
61617481
61631468
61616312
61617642
61617342
61632317
61615865
61617770
61615761
61617794
61632210
61616617
61617933
61617881
61632276
61616201
61618216
61617871
61618058
61632656
61616964
61618307
61616415
61618146
61617119
61618127
61618338
61616236
61616143
61618488
61618167
61616936
61617983
61616474
61618648
61618543
61616898
61617947
61616240
61616596
61618629
61632680
61616479
61618867
61618810
61617247
61618263
61632668
61618976
61617402
61633508
61619213
61619197
61618972
61617994
61618626
61633207
61619398
61619224
61619480
61617411
61633461
61619585
61620093
61633754
61619630
61618750
61617773
61619077
61633938
61619766
61619753
61618149
61619165
61617683
61618468
61634049
61619898
61619783
61617774
61633766
61620050
61619146
61618649
61619473
61633741
61620124
61620084
61618147
61620166
61634446
61619051
61620062
61620222
61634104
61620559
61620471
61618744
61618347
61634315
61620315
61620649
61618697
61618745
61620943
61620810
61618963
61620732
61618732
61618742
61620820
61620588
61619693
61618820
61621040
61619292
61620281
61635247
61619340
61621143
61620945
61619577
61620809
61635361
61621360
61621269
61619647
61635541
61621502
61619469
61621482
61619499
61620119
61621635
61619516
61621436
61635858
61619732
61621637
61621364
61636175
61621829
61620703
61619931
61620558
61636297
61619830
61622157
61621847
61620318
61621457
61635947
61622146
61622622
61619854
61622170
61621897
61620814
61620129
61620187
61622313
61622331
61621451
61621592
61620299
61622640
61622648
61622297
61621364
61620562
61622639
61621011
61620491
61636408
61622754
61623346
61622066
61623086
61621155
61622826
61620990
61620973
61623174
61623182
61621379
61622392
61637064
61623762
61637236
61623115
61623099
61621258
61622538
61637216
61621967
61621303
61621140
61637158
61623403
61623397
61622406
61621280
61621304
61623471
61623222
61623484
61637593
61623612
61623599
61621851
61623199
61637908
61621916
61623944
61623634
61623004
61637782
61623813
61623015
61638344
61622789
61623776
61623378
61624206
61624179
61622209
61623807
61638023
61624280
61622634
61638279
61624547
61624486
61622615
61624367
61638615
61624629
61624544
61622610
61623591
61624876
61624549
61624035
61622845
61623901
61624981
61622955
61623078
61625139
61624839
61625125
61639162
61625291
61624919
61623575
61625240
61623327
61623791
61624079
61623423
61625039
61639820
61625680
61625530
61623908
61625441
61625677
61623791
61625513
61639889
61624593
61625892
61625571
61625831
61626118
61625828
61625000
61624075
61626013
61626146
61624170
61624330
61626470
61625089
61625353
61626471
61624711
61626169
61640889
61626447
61626022
61640617
61627081
61625945
61625177
61624782
61627093
61625012
61626911
61624978
61626916
61627223
61625533
61626999
61626725
61627081
61626979
61625566
61625169
61625156
61627295
61625646
61641483
61627460
61627567
61625729
61627481
61642110
61625646
61627799
61627838
61627057
61642461
61626715
61628017
61626950
61626856
61642104
61627145
61626568
61626137
61642081
61628314
61628274
61628276
61626361
61628562
61628546
61626849
61628652
61642854
61628815
61626854
61643203
61628863
61628034
61627273
61626801
61643081
61628999
61629202
61627980
61627172
61629924
61629163
61643706
61629103
61629523
61643434
61627853
61629686
61627626
61629584
61627632
61628586
61629856
61627874
61643912
61630097
61629992
61628271
61628594
61644388
61630253
61630251
61629768
61630315
61629483
61628671
61629721
61628288
61630088
61628953
61644352
61630462
61630176
61630387
61644446
61630682
61628886
61644939
61630792
61628746
61628568
61630672
61630423
61629933
61629607
61630797
61630476
61629668
61645221
61644637
61630938
61630898
61628811
61630782
61645269
61630927
61631037
61629289
61630439
61645222
61631234
61631119
61630843
61644787
61631181
61630994
61629454
61629187
61645159
61631545
61631546
61631249
61630313
61630798
61631557
61630610
61630975
61629538
61630730
61631807
61645980
61631856
61631765
61630089
61631949
61631724
61630932
61629983
61629907
61630274
61631434
61630141
61632243
61630540
61630284
61632285
61630354
61632418
61646394
61632344
61630907
61630391
61632197
61631981
61646336
61632598
61633218
61631347
61632711
61630798
61631262
61646739
61633010
61632728
61630942
61633089
61632792
61631424
61632837
61647324
61631424
61633407
61633888
61632702
61633524
61633224
61633575
61647700
61633649
61633657
61631525
61633387
61647632
61633703
61633736
61632551
61633771
61632173
61632157
61633990
61632263
61633351
61631899
61632434
61648450
61632282
61634082
61648114
61634173
61634238
61632445
61648095
61634433
61632991
61632234
61632408
61634459
61634327
61633257
61632209
61648252
61634536
61634937
61633105
61632423
61634562
61634636
61648908
61634757
61634588
61632724
61634754
61632748
61634620
61648668
61633026
61634808
61634508
61634791
61634481
61634680
61634349
61633368
61632659
61648648
61634809
61634673
61632976
61634307
61648616
61634870
61634761
61633037
61634518
61648981
61634669
61634898
61635134
61634858
61634045
61633120
61632874
61634082
61649314
61635379
61635294
61633447
61635205
61635486
61635485
61633563
61649375
61635710
61635643
61634090
61633693
61633648
61634258
61633810
61634815
61634999
61650133
61636144
61636278
61635879
61636090
61650170
61636331
61636234
61650405
61636427
61636154
61636314
61634090
61636202
61650890
61636550
61636524
61635859
61636705
61636507
61636736
61651062
61636908
61636721
61635161
61636311
61650914
61637000
61637503
61636935
61634839
61637107
61636973
61635016
61637231
61637097
61636080
61637201
61635480
61636578
61635210
61637425
61637138
61636223
61637541
61636501
61636703
61635503
61635503
61637656
61635637
61637632
61651730
61637699
61637749
61636629
61637774
61635981
61637675
61651859
61636091
61638071
61636388
61637404
61652081
61636439
61652486
61636318
61638199
61637459
61638284
61638062
61652654
61638602
61637517
61638243
61636282
61652211
61638099
61637966
61652206
61638492
61637617
61652544
61638732
61638456
61637440
61638900
61638013
61653145
61637283
61639123
61638679
61638911
61637057
61637054
61639190
61639270
61637477
61637268
61637163
61637549
61653835
61639438
61638347
61637770
61639411
61639494
61637890
61637646
61637619
61639293
61639552
61653509
61639889
61640408
61639848
61654240
61637976
61639956
61639731
61638790
61654214
61640087
61639422
61638102
61640282
61640710
61640214
61654783
61639222
61640367
61640019
61639198
61640412
61638520
61639707
61638171
61640519
61640251
61640679
61639570
61639449
61638443
61638542
61638960
61638649
61638772
61640946
61640625
61640540
61638908
61639030
61640433
61638945
61641122
61641037
61639409
61639875
61641140
61639446
61655708
61641367
61639673
61639378
61655652
61641501
61641314
61640981
61639745
61641482
61640018
61639624
61641633
61641312
61641660
61639629
61639636
61639878
61641223
61639865
61641857
61641608
61640610
61639776
61641714
61640720
61639987
61640992
61642273
61641863
61640089
61641829
61641693
61656432
61642254
61641315
61656689
61640654
61642610
61640379
61641240
61642511
61642259
61642566
61642725
61658322
61644612
61642726
61644727
61658678
61643769
61643679
61644810
61659145
61644697
61643081
61645033
61643357
61658946
61645024
61644826
61645289
61659352
61644461
61644401
61643160
61645404
61643533
61643232
61643339
61645341
61645483
61643325
61645598
61643859
61659686
61645652
61644483
61643642
61645738
61645778
61659839
61645923
61644223
61659927
61646019
61644271
61643813
61646207
61645784
61643987
61646228
61645969
61645657
61643813
61645808
61645670
61644547
61645369
61646187
61645136
61644141
61645650
61644376
61647000
61645793
61646513
61644830
61660430
61646599
61644782
61660990
61646493
61645324
61660476
61646784
61645962
61660731
61646863
61646598
61646903
61645089
61646441
61660771
61647130
61646713
61644967
61647116
61645176
61644947
61646979
61645810
61645081
61655499
61657819
61656207
61655858
61657925
61656324
61657607
61655900
61658077
61656188
61672423
61658149
61656274
61657488
61658115
61656383
61657468
61656148
61658376
61657864
61671935
61658027
61656762
61672511
61656343
61658152
61656119
61657704
61672349
61658249
61658137
61656536
61657617
61672156
61658426
61658126
61657214
61656303
61656282
61658559
61658487
61656472
61658094
61656534
61658304
61658297
61672741
61658852
61657176
61673012
61657075
61658857
61657187
61656736
61656886
61658700
61658597
61673447
61659200
61658273
61673105
61659395
61658515
61657730
61657180
61673217
61659501
61659108
61657287
61659501
61659341
61659549
61674016
61659728
61659669
61673989
61659958
61659344
61658098
61659913
61657781
61660162
61659961
61660169
61658196
61659078
61660442
61659602
61658486
61660391
61658430
61659878
61660477
61658708
61659988
61674753
61660735
61660565
61658833
61659153
61674654
61660727
61660678
61658888
61660871
61660646
61659881
61660318
61658526
61661079
61661101
61659068
61660961
61661122
61659329
61661221
61675017
61661376
61661100
61660436
61659282
61661353
61661441
61675785
61661706
61661206
61659478
61661778
61659759
61661703
61676085
61661913
61661846
61660269
61675515
61661929
61661693
61676074
61662059
61661786
61661946
61662083
61662745
61662199
61676536
61662283
61662267
61660741
61661853
61676210
61662569
61662505
61660955
61660459
61662724
61662475
61662635
61676710
61662951
61662917
61661061
61662200
61676693
61663118
61662674
61661744
61677328
61663153
61662918
61663113
61677529
61661188
61663300
61663356
61661601
61661153
61660969
61663340
61662078
61677422
61663457
61664040
61662393
61677551
61663502
61662511
61678160
61662786
61664078
61663700
61663952
61678210
61663056
61662983
61661997
61662913
61664184
61663908
61663244
61662157
61662140
61664395
61663352
61662649
61678292
61664370
61662745
61678666
61664579
61662978
61662557
61662629
61664830
61664694
61662984
61662680
61664945
61663186
61664462
61679203
61665028
61664968
61663672
61662883
61664896
61665104
61679475
61665324
61665236
61663968
61663211
61663098
61663512
61664744
61664408
61665628
61663616
61664357
61665652
61664048
61663603
61663675
61665849
61665453
61664613
61663627
61664734
61665924
61663822
61679496
61665708
61663668
61664009
61664930
61664505
61679698
61665821
61665981
61680234
61664400
61666271
61665329
61664262
61666514
61666279
61666398
61680448
61664374
61664568
61664647
61664729
61666766
61666466
61666626
61666790
61665079
61664869
61666971
61666647
61681362
61667019
61665343
61664922
61664946
61667123
61665690
61681583
61667261
61667272
61665863
61667480
61667204
61666124
61681858
61665660
61667412
61681599
61667632
61666735
61681588
61667875
61667859
61665850
61667671
61665693
61666330
61667322
61681940
61668224
61667879
61668210
61667063
61668071
61668306
61682379
61666599
61668346
61666409
61668154
61668589
61666820
61667884
61666563
61666991
61668189
61666838
61668998
61668677
61668840
61669073
61667085
61668293
61682966
61669153
61668853
61667094
61669198
61668973
61669133
61683422
61669257
61669157
61666827
61669326
61669077
61668066
61683373
61669430
61667877
61667354
61667426
61669627
61669306
61668670
61668936
61683725
61667965
61669774
61669964
61668698
61669942
61669717
61669949
61684532
61669813
61683655
61669769
61669762
61667736
61669929
61668889
61668816
61667959
61668749
61670017
61684445
61670156
61668524
61684444
61668208
61669680
61668318
61670420
61670195
61670307
61670506
61670377
61670465
61684738
61669018
61669119
61685333
61670912
61670872
61668866
61668586
61671046
61669418
61669871
61670930
61670450
61670039
61671235
61670738
61669522
61671523
61671277
61671451
61670215
61669610
61669324
61670046
61671501
61671276
61671634
61686101
61669906
61671835
61670090
61671322
61671859
61669994
61671493
61685914
61671075
61671223
61669903
61672121
61671869
61671556
61672409
61672088
61672197
61670173
61670347
61672422
61672248
61672422
61686282
61672574
61672624
61686731
61672697
61672809
61687057
61672930
61672917
61672376
61673057
61672832
61671488
61670896
61671901
61672816
61672648
61672021
61673190
61673130
61671487
61673320
61671485
61671301
61672279
61671314
61673125
61671738
61671602
61673218
61687626
61673835
61673819
61672194
61673691
61673389
61671559
61673979
61673634
61673890
61671794
61672775
61674578
61671986
61676382
61673699
61672259
61673292
61688239
61674043
61672445
61688769
61674313
61674126
61672597
61674109
61688469
61672546
61674481
61672551
61688509
61674553
61673048
61672600
61674889
61673240
61672792
61688733
61675137
61674853
61672831
61675120
61674871
61674631
61673127
61674987
61689534
61676027
61675382
61689382
61673603
61675481
61673664
61689711
61675488
61673863
61673568
61673096
61675499
61673576
61674656
61675859
61673949
61673760
61675848
61674295
61675431
61673898
61675767
61675972
61690268
61676168
61676128
61674293
61674655
61676478
61674490
61675941
61676454
61676277
61676485
61690921
61674757
61676697
61690874
61676962
61676895
61674982
61676409
61690891
61677047
61676935
61675334
61677170
61676103
61676182
61675108
61675129
61677231
61676931
61677211
61691420
61677448
61675703
61676671
61691276
61677678
61677375
61677511
61691917
61677745
61677528
61675616
61677807
61677630
61677889
61675840
61678671
61691841
61676236
61678120
61676057
61692033
61678058
61678044
61692364
61677959
61678188
61692380
61676532
61678512
61676543
61692031
61678243
61677956
61677316
61676153
61692177
61678576
61677474
61692522
61676813
61678461
61676912
61695987
Peak: 62296005
Average: 60874184.67966945
