# Episodes, Rewards
0.0,-1.2542857142857142
1.0,-1.2304545454545457
2.0,-1.1446666666666667
3.0,-1.3011764705882358
4.0,-1.0161538461538466
5.0,-1.1008333333333338
6.0,-1.1833333333333338
7.0,-1.0209090909090917
8.0,-1.2446153846153851
9.0,-1.2658333333333338
10.0,-1.0183333333333338
11.0,-1.0161538461538466
12.0,-1.292916666666667
13.0,-1.1968750000000004
14.0,-1.1350000000000002
15.0,-1.3207692307692314
16.0,-1.1968750000000004
17.0,-1.210666666666667
18.0,-1.3206250000000004
19.0,-1.2684210526315791
20.0,-1.2163157894736845
21.0,-1.0142857142857147
22.0,-1.0923076923076926
23.0,-1.144666666666667
24.0,-1.2587500000000005
25.0,-1.0786666666666669
26.0,-1.320526315789474
27.0,-1.1947619047619051
28.0,-1.1252941176470592
29.0,-1.169166666666667
30.0,-1.1656666666666666
31.0,-1.2000000000000002
32.0,-1.0362962962962965
33.0,-0.3076923076923078
34.0,-0.14441176470588238
35.0,-0.019761904761904814
36.0,0.28325581395348826
37.0,0.5672916666666666
38.0,0.632549019607843
39.0,0.5244230769230769
40.0,0.5244230769230769
41.0,0.7339583333333334
42.0,0.7424561403508771
43.0,0.683728813559322
44.0,0.7815517241379311
45.0,0.6498305084745764
46.0,0.6963636363636363
47.0,0.548135593220339
48.0,0.5541176470588235
49.0,0.6249999999999999
50.0,0.3705769230769231
51.0,0.5849999999999999
52.0,0.7109803921568627
53.0,0.66625
54.0,0.6013461538461538
55.0,0.4538775510204081
56.0,0.4474999999999999
57.0,0.6090566037735848
58.0,0.5578723404255319
59.0,0.609056603773585
60.0,0.5145454545454545
61.0,0.6164814814814815
62.0,0.6164814814814815
63.0,0.5820338983050848
64.0,0.20196428571428568
65.0,0.0918965517241379
66.0,0.5915217391304348
67.0,0.6987755102040817
68.0,0.6535185185185185
69.0,0.5056896551724137
70.0,0.2167307692307692
71.0,0.4942553191489361
72.0,0.671764705882353
73.0,0.6905555555555556
74.0,0.6498305084745762
75.0,0.4859615384615384
76.0,0.5053703703703702
77.0,0.35803921568627456
78.0,0.38264150943396225
79.0,0.4958490566037735
80.0,0.6398076923076922
81.0,0.7275925925925926
82.0,0.6371929824561402
83.0,0.5335849056603772
84.0,0.6506249999999999
85.0,0.6371929824561403
86.0,0.5872727272727272
87.0,0.47818181818181815
88.0,0.37864406779661003
89.0,0.6134782608695651
90.0,0.5053703703703704
91.0,0.5256249999999999
92.0,0.5355102040816326
93.0,0.5335849056603772
94.0,0.632549019607843
95.0,0.5670175438596491
96.0,0.7167307692307693
97.0,0.5948214285714286
98.0,0.6164814814814813
99.0,0.5591071428571428
100.0,0.6535185185185185
101.0,0.7690909090909088
102.0,0.742456140350877
103.0,0.5365151515151515
104.0,0.5145454545454545
105.0,0.40062499999999995
106.0,0.35999999999999993
107.0,0.6089583333333333
108.0,0.4054545454545454
109.0,0.5149019607843137
110.0,0.6207692307692307
111.0,0.7551923076923075
112.0,0.6224999999999999
113.0,0.6558333333333333
114.0,0.6429787234042552
115.0,0.6722807017543858
116.0,0.5541176470588234
117.0,0.37864406779661003
118.0,0.5149019607843137
119.0,0.6855319148936172
120.0,0.6159322033898305
121.0,0.7599999999999999
122.0,0.7073684210526315
123.0,0.5960655737704917
124.0,0.6236363636363635
125.0,0.5872727272727272
126.0,0.6090566037735848
127.0,0.5933333333333334
128.0,0.6398076923076922
129.0,0.5145454545454545
130.0,0.5948214285714285
131.0,0.5794444444444444
132.0,0.7327272727272727
133.0,0.7147272727272728
134.0,0.36546874999999995
135.0,0.5541176470588235
136.0,0.6089583333333334
137.0,0.6782692307692308
138.0,0.7515254237288135
139.0,0.7733928571428572
140.0,0.70921875
141.0,0.5948214285714285
142.0,0.6398076923076922
143.0,0.5872727272727271
144.0,0.40545454545454535
145.0,0.5628846153846154
146.0,0.6905555555555556
147.0,0.7347457627118643
148.0,0.7008474576271185
149.0,0.6599999999999999
150.0,0.2681967213114753
151.0,0.3449056603773584
152.0,0.6249999999999999
153.0,0.6398076923076922
154.0,0.6963636363636363
155.0,0.574655172413793
156.0,0.5670175438596491
157.0,0.369090909090909
158.0,0.6429787234042553
159.0,0.6987755102040816
160.0,0.5948214285714286
161.0,0.6419999999999999
162.0,0.6722807017543859
163.0,0.6159322033898305
164.0,0.465
165.0,0.38053571428571425
166.0,0.5578723404255319
167.0,0.5335849056603774
168.0,0.6579591836734693
169.0,0.6371929824561403
170.0,0.6225
171.0,0.7275925925925927
172.0,0.6164814814814815
173.0,0.5558333333333333
174.0,0.5713207547169811
175.0,0.7109803921568627
176.0,0.6371929824561403
177.0,0.4418181818181817
178.0,0.6963636363636363
179.0,0.7558333333333334
180.0,0.4649180327868852
181.0,0.5149019607843137
182.0,0.5628846153846154
183.0,0.29365384615384615
184.0,0.5933333333333333
185.0,0.6783636363636363
186.0,0.6722807017543858
187.0,0.6305357142857143
188.0,0.2512280701754386
189.0,0.4538775510204082
190.0,0.1681632653061224
191.0,0.5822222222222222
192.0,0.6467924528301887
193.0,0.6579591836734693
194.0,0.5713207547169811
195.0,0.20915254237288136
196.0,0.29365384615384615
197.0,0.2884905660377358
198.0,0.35803921568627445
199.0,0.5672916666666666
200.0,0.5541176470588236
201.0,0.6722807017543859
202.0,0.7225
203.0,0.678103448275862
204.0,0.7125862068965517
205.0,0.6225
206.0,0.45811320754716983
207.0,0.550909090909091
208.0,0.6090566037735848
209.0,0.7977358490566037
210.0,0.3753846153846153
211.0,0.4361363636363635
212.0,0.3722448979591836
213.0,0.3972549019607843
214.0,0.5424074074074073
215.0,0.524423076923077
216.0,0.6599999999999998
217.0,0.6498305084745764
218.0,0.7551923076923075
219.0,0.7470689655172413
220.0,0.2962318840579709
221.0,0.5256249999999999
222.0,0.6717647058823529
223.0,0.6236363636363638
224.0,0.5233928571428571
225.0,0.785
226.0,0.6616393442622951
227.0,0.4414516129032257
228.0,0.13980769230769224
229.0,0.15062499999999998
230.0,0.425
231.0,0.5158139534883721
232.0,0.3321153846153846
233.0,0.38053571428571425
234.0,0.5509090909090909
235.0,0.6351851851851852
236.0,0.5632786885245903
237.0,0.5355102040816325
238.0,0.4946938775510204
239.0,0.6498305084745764
240.0,0.5149019607843137
241.0,0.7690909090909092
242.0,0.7424561403508771
243.0,0.3337704918032786
244.0,0.4859615384615384
245.0,0.7339583333333334
246.0,0.66625
247.0,0.4091935483870968
248.0,0.6249999999999999
249.0,0.6467924528301887
250.0,0.5948214285714286
251.0,0.5233928571428571
252.0,0.5933333333333333
253.0,0.6905555555555556
254.0,0.47568627450980394
255.0,0.5145454545454544
256.0,0.6905555555555554
257.0,0.3093939393939394
258.0,0.3972549019607843
259.0,0.18105263157894738
260.0,0.33142857142857135
261.0,0.6398076923076922
262.0,0.5794444444444443
263.0,0.683728813559322
264.0,0.742456140350877
265.0,0.7599999999999999
266.0,0.424179104477612
267.0,0.1108771929824561
268.0,0.12274509803921564
269.0,0.6579591836734693
270.0,0.7733928571428571
271.0,0.6305357142857143
272.0,0.38916666666666655
273.0,0.49584905660377354
274.0,0.6658490566037736
275.0,0.5628846153846153
276.0,0.5509090909090908
277.0,0.2643103448275862
278.0,0.3321153846153846
279.0,0.5049999999999999
280.0,0.7339583333333333
281.0,0.5558333333333334
282.0,0.5794444444444443
283.0,0.590377358490566
284.0,0.6722807017543859
285.0,0.6616393442622952
286.0,0.7327272727272727
287.0,0.66625
288.0,0.6436206896551723
289.0,0.4891666666666666
290.0,0.6535185185185185
291.0,0.6236363636363635
292.0,0.7073684210526315
293.0,0.7470689655172413
294.0,0.64671875
295.0,0.7470689655172414
296.0,0.7073684210526314
297.0,0.40615384615384614
298.0,0.06092592592592591
299.0,0.14499999999999996
300.0,0.5480434782608696
301.0,0.7049999999999998
302.0,0.4876785714285714
303.0,0.683728813559322
304.0,0.639807692307692
305.0,0.19076923076923072
306.0,0.13499999999999998
307.0,0.4727659574468085
308.0,0.4054545454545455
309.0,0.6658490566037736
310.0,0.4022413793103448
311.0,0.38499999999999995
312.0,0.3891666666666666
313.0,0.632549019607843
314.0,0.7222641509433962
315.0,0.7125862068965517
316.0,0.6225
317.0,0.6436206896551724
318.0,0.7073684210526315
319.0,0.5891666666666666
320.0,0.6498305084745762
321.0,0.683728813559322
322.0,0.7073684210526314
323.0,0.4649180327868852
324.0,0.6398076923076922
325.0,0.6722807017543858
326.0,0.6781034482758621
327.0,0.7515254237288135
328.0,0.6944262295081967
329.0,0.7815517241379311
330.0,0.42796874999999995
331.0,0.35803921568627445
332.0,0.5153061224489796
333.0,0.632549019607843
334.0,0.420377358490566
335.0,0.4474999999999999
336.0,0.4422916666666666
337.0,0.5794444444444443
338.0,0.4225
339.0,0.5049999999999999
340.0,0.609056603773585
341.0,0.7815517241379311
342.0,0.683728813559322
343.0,0.7470689655172413
344.0,0.548135593220339
345.0,0.6091379310344828
346.0,0.5591071428571428
347.0,0.5053703703703705
348.0,0.6467924528301886
349.0,0.6722807017543859
350.0,0.5233928571428571
351.0,0.48033898305084727
352.0,0.4090384615384615
353.0,0.561111111111111
354.0,0.5933333333333334
355.0,0.5692727272727273
356.0,0.39157894736842097
357.0,0.5872727272727271
358.0,0.6236363636363635
359.0,0.6963636363636362
360.0,0.7125862068965518
361.0,0.6995161290322579
362.0,0.678103448275862
363.0,0.6781034482758621
364.0,0.5891666666666667
365.0,-0.08722222222222224
366.0,-0.09500000000000001
367.0,0.2832558139534883
368.0,0.05487179487179487
369.0,0.32874999999999993
370.0,0.5045652173913042
371.0,0.5794444444444444
372.0,0.5142372881355931
373.0,0.5142372881355932
374.0,0.7073684210526315
375.0,0.6837288135593218
376.0,0.7854237288135594
377.0,0.596065573770492
378.0,0.6722807017543858
379.0,0.6944262295081965
380.0,0.2269117647058823
381.0,0.33211538461538453
382.0,0.6987755102040817
383.0,0.7733928571428572
384.0,0.5713207547169812
385.0,0.46491803278688526
386.0,0.6371929824561403
387.0,0.6128571428571429
388.0,0.6305357142857143
389.0,0.7470689655172413
390.0,0.7640322580645161
391.0,0.4153030303030303
392.0,0.3972549019607843
393.0,0.5449999999999999
394.0,0.6091379310344828
395.0,0.7501960784313727
396.0,0.612622950819672
397.0,0.7125862068965517
398.0,0.6781034482758621
399.0,0.602741935483871
400.0,0.6021052631578947
401.0,0.7977358490566037
402.0,0.7891666666666666
403.0,0.6523076923076923
404.0,0.18338709677419351
405.0,0.27562499999999995
406.0,0.47818181818181826
407.0,0.4968421052631579
408.0,0.2891666666666667
409.0,0.5053703703703704
410.0,0.6535185185185186
411.0,0.7327272727272728
412.0,0.8271428571428571
413.0,0.7361904761904762
414.0,0.64671875
415.0,0.731774193548387
416.0,0.7272131147540982
417.0,0.7599999999999999
418.0,0.7927868852459018
419.0,0.4853521126760563
420.0,0.5053703703703702
421.0,0.425
422.0,0.6004255319148937
423.0,0.6963636363636364
424.0,0.5481355932203389
425.0,0.6845283018867925
426.0,0.8054545454545454
427.0,0.7875
428.0,0.4665079365079365
429.0,0.5145454545454545
430.0,0.7167307692307692
431.0,0.7176271186440676
432.0,-0.300483870967742
433.0,0.06288461538461537
434.0,0.08978723404255315
435.0,0.545
436.0,0.5335849056603774
437.0,0.6722807017543859
438.0,0.742456140350877
439.0,0.6159322033898306
440.0,0.4676923076923077
441.0,0.22249999999999998
442.0,0.5424074074074073
443.0,0.5149019607843137
444.0,0.6305357142857143
445.0,0.7646296296296298
446.0,0.64671875
447.0,0.5632786885245903
448.0,0.7176271186440678
449.0,0.731774193548387
450.0,0.6963636363636364
451.0,0.8054545454545455
452.0,0.4759090909090909
453.0,0.369090909090909
454.0,0.4876785714285714
455.0,0.6905555555555554
456.0,0.6722807017543858
457.0,0.742456140350877
458.0,0.5774603174603176
459.0,0.7733928571428572
460.0,0.5820338983050848
461.0,0.61546875
462.0,0.46175438596491225
463.0,0.5233928571428572
464.0,0.6963636363636362
465.0,0.6371929824561403
466.0,0.5142372881355931
467.0,0.6021052631578946
468.0,0.7275925925925925
469.0,0.6891666666666666
470.0,0.683728813559322
471.0,0.6436206896551724
472.0,0.7272131147540982
473.0,0.538225806451613
474.0,0.6225000000000002
475.0,0.5142372881355932
476.0,0.6436206896551723
477.0,0.5142372881355931
478.0,0.49584905660377354
479.0,0.5948214285714286
480.0,0.7275925925925926
481.0,0.7815517241379312
482.0,0.7044444444444447
483.0,0.7854237288135594
484.0,0.37397058823529405
485.0,0.2733928571428571
486.0,0.22982758620689653
487.0,0.7109803921568627
488.0,0.7413207547169811
489.0,0.7073684210526315
490.0,0.5891666666666667
491.0,0.5319298245614035
492.0,0.386984126984127
493.0,0.4876785714285714
494.0,0.5509090909090909
495.0,0.7275925925925926
496.0,0.635
497.0,0.6159322033898306
498.0,0.49770491803278677
499.0,0.6249999999999999
500.0,0.7733928571428571
501.0,0.6409523809523808
502.0,0.6021052631578947
503.0,0.7699999999999998
504.0,0.6498305084745765
505.0,0.7019642857142857
506.0,0.7733928571428571
507.0,0.4822222222222221
508.0,0.4968421052631579
509.0,0.4683333333333334
510.0,0.6013461538461539
511.0,0.7275925925925927
512.0,0.6224999999999999
513.0,0.5948214285714286
514.0,0.6159322033898305
515.0,0.48916666666666664
516.0,0.7019642857142856
517.0,0.5056896551724137
518.0,0.683728813559322
519.0,0.7690909090909089
520.0,0.7225
521.0,0.7109836065573771
522.0,0.597121212121212
523.0,0.6782692307692308
524.0,0.6305357142857143
525.0,0.6616393442622951
526.0,-0.1347368421052632
527.0,0.29365384615384615
528.0,0.4610869565217391
529.0,0.1562264150943396
530.0,0.5541176470588235
531.0,0.5145454545454545
532.0,0.6905555555555554
533.0,0.6658490566037735
534.0,0.6558333333333333
535.0,0.6288524590163934
536.0,0.58421875
537.0,0.5401724137931033
538.0,0.6164814814814815
539.0,0.8054545454545455
540.0,0.7962903225806452
541.0,0.5281159420289854
542.0,0.26431034482758614
543.0,0.22363636363636358
544.0,0.4581132075471697
545.0,0.6249999999999999
546.0,0.37693548387096765
547.0,0.6717647058823529
548.0,0.6599999999999997
549.0,0.8126315789473684
550.0,0.7437704918032785
551.0,0.7138461538461538
552.0,0.7515254237288135
553.0,0.7515254237288135
554.0,0.64671875
555.0,0.5891666666666667
556.0,0.5891666666666667
557.0,0.5794444444444444
558.0,0.5872727272727272
559.0,0.6393333333333332
560.0,0.7376785714285715
561.0,0.767936507936508
562.0,0.7361904761904762
563.0,0.6944262295081967
564.0,0.58421875
565.0,0.7891666666666667
566.0,0.7224999999999999
567.0,0.4737096774193547
568.0,0.5746551724137932
569.0,0.5509090909090909
570.0,0.5670175438596491
571.0,0.6722807017543859
572.0,0.7646296296296294
573.0,0.7224999999999999
574.0,0.7640322580645161
575.0,0.7361904761904764
576.0,0.0965384615384615
577.0,-0.1476923076923077
578.0,0.5252
579.0,0.7109803921568628
580.0,0.683728813559322
581.0,0.6159322033898306
582.0,0.6371929824561402
583.0,0.570483870967742
584.0,0.52171875
585.0,0.7222641509433962
586.0,0.6091379310344827
587.0,0.5481355932203389
588.0,0.6558333333333334
589.0,0.6722807017543858
590.0,0.7600000000000001
591.0,0.7272131147540982
592.0,0.6837288135593221
593.0,0.6498305084745762
594.0,0.6558333333333334
595.0,0.6288524590163934
596.0,0.7470689655172414
597.0,0.64671875
598.0,0.602741935483871
599.0,0.3337704918032787
600.0,0.4649999999999999
601.0,0.6599999999999998
602.0,0.7470689655172413
603.0,0.731774193548387
604.0,0.7515254237288136
605.0,0.5798529411764705
606.0,0.4601818181818181
607.0,0.47276595744680844
608.0,0.5628846153846154
609.0,0.5948214285714285
610.0,0.6837288135593221
611.0,0.6722807017543859
612.0,0.767936507936508
613.0,0.5358823529411765
614.0,0.6963636363636363
615.0,0.6159322033898305
616.0,0.7424561403508771
617.0,0.6436206896551724
618.0,0.6092063492063491
619.0,0.6558333333333333
620.0,0.49046874999999995
621.0,0.6662499999999999
622.0,0.6225
623.0,0.6616393442622952
624.0,0.5139682539682539
625.0,0.5225000000000001
626.0,0.7470689655172413
627.0,0.742456140350877
628.0,0.6944262295081965
629.0,0.5774603174603176
630.0,0.6498305084745762
631.0,0.7515254237288135
632.0,0.7480645161290324
633.0,0.64671875
634.0,0.40545454545454546
635.0,0.420377358490566
636.0,0.6845283018867925
637.0,0.7424561403508771
638.0,0.5632786885245902
639.0,0.7222641509433961
640.0,0.7558333333333334
641.0,0.5842187499999999
642.0,0.7558333333333331
643.0,0.67796875
644.0,0.6021052631578947
645.0,0.6498305084745761
646.0,0.5820338983050847
647.0,0.6159322033898303
648.0,0.742456140350877
649.0,0.7272131147540983
650.0,0.7558333333333334
651.0,0.6215384615384614
652.0,0.6891666666666667
653.0,0.7815517241379311
654.0,0.7317741935483871
655.0,0.7640322580645162
656.0,0.39671875
657.0,0.4781818181818182
658.0,0.7327272727272727
659.0,0.7272131147540983
660.0,0.70921875
661.0,0.6409523809523809
662.0,0.6616393442622951
663.0,0.7109836065573771
664.0,0.731774193548387
665.0,0.4592187499999999
666.0,0.66
667.0,0.7073684210526318
668.0,0.548135593220339
669.0,0.7092592592592594
670.0,0.6225
671.0,0.07785714285714283
672.0,0.41624999999999995
673.0,0.66
674.0,0.8126315789473684
675.0,0.45921874999999995
676.0,0.5145454545454545
677.0,0.7646296296296294
678.0,0.8160344827586207
679.0,0.8314285714285715
680.0,0.8216923076923076
681.0,0.7889855072463767
682.0,0.6975
683.0,0.5457142857142857
684.0,0.5145454545454545
685.0,0.5948214285714286
686.0,0.41624999999999995
687.0,0.5304918032786883
688.0,0.5233928571428572
689.0,0.5401724137931033
690.0,0.6722807017543858
691.0,0.8126315789473683
692.0,0.77171875
693.0,0.8061538461538461
694.0,0.722686567164179
695.0,0.6409523809523808
696.0,0.6371929824561403
697.0,0.6436206896551724
698.0,0.6944262295081967
699.0,0.7404687499999999
700.0,0.7996825396825398
701.0,0.77171875
702.0,0.5921428571428571
703.0,0.133015873015873
704.0,0.6266666666666667
705.0,0.6782692307692307
706.0,0.7125862068965517
707.0,0.7599999999999999
708.0,0.7600000000000001
709.0,0.7138461538461538
710.0,0.683728813559322
711.0,0.7515254237288135
712.0,0.7996825396825397
713.0,0.77171875
714.0,0.8314285714285716
715.0,0.785735294117647
716.0,0.7525373134328357
717.0,0.7470689655172413
718.0,0.55296875
719.0,0.6498305084745765
720.0,0.7470689655172413
721.0,0.6944262295081967
722.0,0.5292307692307692
723.0,0.7073684210526315
724.0,0.7044444444444443
725.0,0.597121212121212
726.0,0.6027419354838709
727.0,0.8225
728.0,0.8314285714285714
729.0,0.8122388059701492
730.0,0.785735294117647
731.0,0.8122388059701493
732.0,0.7889855072463767
733.0,0.8314285714285713
734.0,0.7921428571428573
735.0,0.5210294117647059
736.0,0.7073684210526314
737.0,0.38698412698412704
738.0,0.40545454545454546
739.0,0.6236363636363638
740.0,0.585
741.0,0.7977358490566038
742.0,0.8224999999999998
743.0,0.74046875
744.0,0.3093421052631579
745.0,-0.023939393939393927
746.0,0.38264150943396225
747.0,0.5149019607843137
748.0,0.5948214285714286
749.0,0.6436206896551724
750.0,0.7962903225806451
751.0,0.7558333333333332
752.0,0.6779687499999999
753.0,0.7225
754.0,0.61546875
755.0,0.7640322580645161
756.0,0.8255737704918032
757.0,0.8061538461538461
758.0,0.6780597014925372
759.0,0.6722222222222223
760.0,0.6558333333333333
761.0,0.7515254237288136
762.0,0.80296875
763.0,0.77171875
764.0,0.6730434782608696
765.0,0.6398076923076922
766.0,0.7470689655172414
767.0,0.7361904761904763
768.0,0.7962903225806452
769.0,0.8314285714285715
770.0,0.8122388059701493
771.0,0.7563235294117647
772.0,0.7753846153846154
773.0,0.7823880597014926
774.0,0.7711764705882354
775.0,0.7640322580645161
776.0,0.6891666666666667
777.0,0.7044444444444442
778.0,0.825573770491803
779.0,0.7823880597014926
780.0,0.67796875
781.0,0.7446153846153846
782.0,0.70921875
783.0,0.38690140845070425
784.0,0.6905555555555557
785.0,0.8091071428571429
786.0,0.80296875
787.0,0.5586567164179105
788.0,0.49846153846153834
789.0,0.6722807017543861
790.0,0.7424561403508771
791.0,0.7176271186440678
792.0,0.76
793.0,0.70921875
794.0,0.7361904761904762
795.0,0.828548387096774
796.0,0.8395454545454546
797.0,0.7889855072463768
798.0,0.8179710144927536
799.0,0.2282539682539682
800.0,0.7225
801.0,0.8126315789473683
802.0,0.6672580645161291
803.0,0.5599999999999999
804.0,0.7272131147540982
805.0,0.64671875
806.0,0.7393333333333333
807.0,0.5907692307692306
808.0,0.6215384615384615
809.0,0.7470689655172414
810.0,0.6726984126984127
811.0,0.8285483870967741
812.0,0.7753846153846153
813.0,0.6482089552238806
814.0,0.4622058823529412
815.0,0.6236363636363635
816.0,0.6616393442622951
817.0,0.7044444444444443
818.0,0.7224999999999999
819.0,0.7558333333333331
820.0,0.7361904761904762
821.0,0.8285483870967743
822.0,0.8395454545454544
823.0,0.8122388059701493
824.0,0.6825352112676055
825.0,0.609264705882353
826.0,0.6944262295081969
827.0,0.4904687499999999
828.0,0.7424561403508771
829.0,0.6995161290322578
830.0,0.7679365079365079
831.0,0.8061538461538462
832.0,0.6261971830985915
833.0,0.5774603174603173
834.0,0.66625
835.0,0.7599999999999999
836.0,0.4649180327868852
837.0,0.7073684210526314
838.0,0.6498305084745764
839.0,0.7125862068965517
840.0,0.7361904761904763
841.0,0.74046875
842.0,0.7753846153846153
843.0,0.7446153846153845
844.0,0.77171875
845.0,0.764032258064516
846.0,0.683076923076923
847.0,0.7486363636363635
848.0,0.7446153846153847
849.0,0.7225
850.0,0.535
851.0,0.7952631578947368
852.0,0.7470689655172414
853.0,0.5365151515151515
854.0,0.5907692307692308
855.0,0.6305357142857142
856.0,0.7424561403508771
857.0,0.6944262295081967
858.0,0.67796875
859.0,0.8225
860.0,0.8395454545454546
861.0,0.8395454545454545
862.0,0.7600000000000001
863.0,0.47428571428571414
864.0,0.5774603174603172
865.0,0.6726984126984127
866.0,0.7962903225806451
867.0,0.796290322580645
868.0,0.7640322580645161
869.0,0.6274242424242423
870.0,0.5668181818181818
871.0,0.7125862068965518
872.0,0.7424561403508771
873.0,0.8193220338983052
874.0,0.8369230769230769
875.0,0.7889855072463767
876.0,0.581917808219178
877.0,0.5907692307692307
878.0,0.7470689655172413
879.0,0.7008474576271186
880.0,0.76
881.0,0.7558333333333334
882.0,0.7563235294117647
883.0,0.5798529411764705
884.0,0.597121212121212
885.0,0.6963636363636365
886.0,0.6349999999999999
887.0,0.7558333333333334
888.0,0.74046875
889.0,0.7996825396825397
890.0,0.8369230769230769
891.0,0.7857352941176471
892.0,0.7486363636363634
893.0,0.77171875
894.0,0.6975
895.0,0.7927868852459015
896.0,0.8061538461538461
897.0,0.6778571428571427
898.0,0.6830769230769231
899.0,0.7176271186440677
900.0,0.7679365079365081
901.0,0.6678461538461538
902.0,0.778939393939394
903.0,0.7789393939393939
904.0,0.8092424242424242
905.0,0.7711764705882352
906.0,0.7600000000000001
907.0,0.8122388059701493
908.0,0.8092424242424244
909.0,0.6730434782608695
910.0,0.8395454545454546
911.0,0.7952112676056338
912.0,0.8151470588235293
913.0,0.7600000000000001
914.0,0.7563235294117647
915.0,0.7020289855072464
916.0,0.7446153846153847
917.0,0.7823880597014926
918.0,0.8122388059701491
919.0,0.7525373134328358
920.0,0.6261971830985915
921.0,0.5668181818181818
922.0,0.7437704918032787
923.0,0.8193220338983052
924.0,0.8524615384615385
925.0,0.8122388059701492
926.0,0.8445588235294118
927.0,0.7952112676056338
928.0,0.7426388888888888
929.0,0.7600000000000001
930.0,0.3627397260273973
931.0,0.5842187499999999
932.0,0.7327272727272728
933.0,0.7815517241379311
934.0,0.8314285714285713
935.0,0.8061538461538461
936.0,0.22474358974358966
937.0,0.09098591549295772
938.0,0.6021052631578946
939.0,0.7449999999999999
940.0,0.7815517241379311
941.0,0.8059999999999998
942.0,0.6027419354838709
943.0,0.7138461538461539
944.0,0.64671875
945.0,0.7317741935483871
946.0,0.77171875
947.0,0.83421875
948.0,0.7600000000000001
949.0,0.4008450704225352
950.0,0.4737096774193548
951.0,0.683728813559322
952.0,0.7376785714285713
953.0,0.8255737704918031
954.0,0.8395454545454545
955.0,0.8445588235294118
956.0,0.7921428571428569
957.0,0.8151470588235294
958.0,0.7921428571428571
959.0,0.7670422535211266
960.0,0.7494285714285713
961.0,0.6331343283582089
962.0,0.6577272727272726
963.0,0.6722807017543858
964.0,0.67796875
965.0,0.6830769230769229
966.0,0.6891666666666667
967.0,0.74046875
968.0,0.8474603174603171
969.0,0.8469565217391304
970.0,0.8233802816901408
971.0,0.7148611111111111
972.0,0.6231506849315068
973.0,0.6975
974.0,0.8255737704918032
975.0,0.8092424242424243
976.0,0.8420895522388059
977.0,0.8233802816901408
978.0,0.7349999999999999
979.0,0.8369230769230769
980.0,0.7889855072463767
981.0,0.4995774647887323
982.0,0.46220588235294113
983.0,0.6722807017543858
984.0,0.7815517241379312
985.0,0.83421875
986.0,0.8548484848484849
987.0,0.842089552238806
988.0,0.8515492957746478
989.0,0.8207142857142855
990.0,0.8259722222222222
991.0,-0.0025000000000000196
992.0,0.2346835443037975
993.0,0.6629850746268657
994.0,0.7446153846153846
995.0,0.8420895522388059
996.0,0.8179710144927536
997.0,0.8151470588235294
998.0,0.6687837837837837
999.0,0.7857352941176472
1000.0,0.77171875
1001.0,0.7857352941176472
1002.0,0.8179710144927536
1003.0,0.7020289855072464
1004.0,0.7753846153846153
1005.0,0.8474603174603175
1006.0,0.7600000000000001
1007.0,0.7789393939393938
1008.0,0.6730434782608696
1009.0,0.7823880597014925
1010.0,0.75625
1011.0,0.85
1012.0,0.7563235294117646
1013.0,0.8151470588235293
1014.0,0.7789393939393939
1015.0,0.8420895522388058
1016.0,0.8151470588235293
1017.0,0.4648611111111111
1018.0,0.521029411764706
1019.0,0.6523076923076923
1020.0,0.74046875
1021.0,0.7996825396825398
1022.0,0.7563235294117647
1023.0,0.836923076923077
1024.0,0.8122388059701493
1025.0,0.8445588235294118
1026.0,0.8492857142857142
1027.0,0.8445588235294117
1028.0,0.8615942028985507
1029.0,0.85375
1030.0,0.8369230769230768
1031.0,0.8151470588235294
1032.0,0.7463013698630137
1033.0,0.8207142857142856
1034.0,0.8515492957746478
1035.0,0.8515492957746479
1036.0,0.8558904109589042
1037.0,0.8558904109589041
1038.0,0.85375
1039.0,0.85375
1040.0,0.8677777777777779
1041.0,0.85375
1042.0,0.8558904109589041
1043.0,0.85375
1044.0,0.8558904109589042
1045.0,0.8558904109589041
1046.0,0.8039189189189189
1047.0,0.8092424242424241
1048.0,0.7679365079365079
1049.0,0.7525373134328358
1050.0,0.7921428571428569
1051.0,0.8259722222222222
1052.0,0.6288524590163934
1053.0,0.7996825396825396
1054.0,0.8122388059701492
1055.0,0.8369230769230769
1056.0,0.7635714285714285
1057.0,0.7388732394366195
1058.0,0.7921428571428569
1059.0,0.8179710144927534
1060.0,0.8233802816901407
1061.0,0.8492857142857142
1062.0,0.7952112676056337
1063.0,0.8259722222222222
1064.0,0.8445588235294118
1065.0,0.8259722222222222
1066.0,0.8233802816901407
1067.0,0.1680459770114942
1068.0,0.23865853658536582
1069.0,0.7525373134328357
1070.0,0.7753846153846153
1071.0,0.7753846153846153
1072.0,0.8420895522388059
1073.0,0.7812676056338028
1074.0,0.7388732394366198
1075.0,0.735
1076.0,0.7753846153846154
1077.0,0.8122388059701493
1078.0,0.785735294117647
1079.0,0.7310144927536232
1080.0,0.4571830985915493
1081.0,0.7317741935483871
1082.0,0.7347457627118644
1083.0,0.7996825396825398
1084.0,0.8369230769230768
1085.0,0.7635714285714285
1086.0,0.785735294117647
1087.0,0.7789393939393939
1088.0,0.8092424242424242
1089.0,0.83
1090.0,0.8179710144927536
1091.0,0.8445588235294119
1092.0,0.8207142857142855
1093.0,0.6958108108108109
1094.0,0.7020289855072464
1095.0,0.7486363636363635
1096.0,0.8395454545454545
1097.0,0.8594117647058822
1098.0,0.8469565217391303
1099.0,0.8492857142857141
1100.0,0.801095890410959
1101.0,0.7952112676056338
1102.0,0.8259722222222222
1103.0,0.8061538461538462
1104.0,0.5698591549295774
1105.0,0.7525373134328358
1106.0,0.8314285714285715
1107.0,0.8395454545454547
1108.0,0.7704166666666667
1109.0,0.6870833333333333
1110.0,0.8395454545454545
1111.0,0.8469565217391304
1112.0,0.8492857142857143
1113.0,0.7704166666666666
1114.0,0.8207142857142856
1115.0,0.8492857142857141
1116.0,0.8515492957746478
1117.0,0.8537500000000001
1118.0,0.8558904109589042
1119.0,0.8515492957746478
1120.0,0.8207142857142856
1121.0,0.8233802816901408
1122.0,0.8259722222222222
1123.0,0.85375
1124.0,0.8284931506849315
1125.0,0.7768918918918919
1126.0,0.792142857142857
1127.0,0.8492857142857142
1128.0,0.801095890410959
1129.0,0.7266666666666667
1130.0,0.8515492957746477
1131.0,0.8259722222222222
1132.0,0.8400000000000001
1133.0,-0.056470588235294196
1134.0,0.3297674418604651
1135.0,0.7275925925925925
1136.0,0.8224999999999999
1137.0,0.8151470588235294
1138.0,0.8420895522388059
1139.0,0.8469565217391303
1140.0,0.8233802816901409
1141.0,0.8207142857142857
1142.0,0.8207142857142857
1143.0,0.6492857142857145
1144.0,0.7525373134328358
1145.0,0.7269117647058821
1146.0,0.8160344827586207
1147.0,0.83421875
1148.0,0.8445588235294118
1149.0,0.6870833333333333
1150.0,0.76
1151.0,0.8469565217391304
1152.0,0.8122222222222223
1153.0,0.6915068493150686
1154.0,0.7921428571428569
1155.0,0.778939393939394
1156.0,0.8445588235294117
1157.0,0.8036231884057969
1158.0,0.718904109589041
1159.0,0.7310144927536233
1160.0,0.7942424242424244
1161.0,0.8179710144927537
1162.0,0.8179710144927534
1163.0,0.7921428571428571
1164.0,0.41460526315789464
1165.0,0.5704838709677421
1166.0,0.5704838709677419
1167.0,0.7775438596491228
1168.0,0.7962903225806452
1169.0,0.8092424242424243
1170.0,0.7823880597014926
1171.0,0.8092424242424242
1172.0,0.8445588235294117
1173.0,0.8207142857142856
1174.0,0.1910344827586207
1175.0,0.5349999999999999
1176.0,0.6928358208955223
1177.0,0.1225
1178.0,0.48916666666666664
1179.0,0.6599999999999999
1180.0,0.7073684210526315
1181.0,0.7361904761904763
1182.0,0.6092647058823529
1183.0,0.6492857142857144
1184.0,0.8420895522388059
1185.0,0.842089552238806
1186.0,0.8492857142857142
1187.0,0.8492857142857142
1188.0,0.7704166666666666
1189.0,0.8445588235294119
1190.0,0.8469565217391304
1191.0,0.8233802816901408
1192.0,0.7736986301369864
1193.0,0.7463013698630138
1194.0,0.7446153846153846
1195.0,0.7601538461538461
1196.0,0.8395454545454546
1197.0,0.8179710144927536
1198.0,0.5545205479452054
1199.0,0.5860869565217391
1200.0,0.7996825396825398
1201.0,0.7269117647058825
1202.0,0.7789393939393938
1203.0,0.8122388059701492
1204.0,0.735
1205.0,0.74046875
1206.0,0.8395454545454546
1207.0,0.8207142857142857
1208.0,0.77171875
1209.0,0.7635714285714286
1210.0,0.7563235294117648
1211.0,0.7525373134328357
1212.0,0.6680882352941176
1213.0,0.7525373134328357
1214.0,0.836923076923077
1215.0,0.8469565217391304
1216.0,0.8233802816901408
1217.0,0.8515492957746479
1218.0,0.8515492957746477
1219.0,0.8259722222222222
1220.0,0.8515492957746477
1221.0,0.7768918918918919
1222.0,0.8259722222222222
1223.0,0.8515492957746478
1224.0,0.8515492957746478
1225.0,0.8558904109589042
1226.0,0.8515492957746477
1227.0,0.830945945945946
1228.0,0.8010958904109591
1229.0,0.801095890410959
1230.0,0.8233802816901409
1231.0,0.5193749999999999
1232.0,0.5653246753246751
1233.0,0.8122388059701492
1234.0,0.836923076923077
1235.0,0.7952112676056338
1236.0,0.7704166666666666
1237.0,0.7889855072463767
1238.0,0.8515492957746479
1239.0,0.8284931506849315
1240.0,0.792142857142857
1241.0,0.7670422535211265
1242.0,0.7670422535211266
1243.0,0.8369230769230768
1244.0,0.8492857142857143
1245.0,0.8492857142857141
1246.0,0.8284931506849315
1247.0,0.8179710144927536
1248.0,0.6417567567567568
1249.0,0.7388732394366194
1250.0,0.8469565217391304
1251.0,0.8469565217391303
1252.0,0.8537500000000001
1253.0,0.801095890410959
1254.0,0.7736986301369864
1255.0,0.6514473684210526
1256.0,0.7426388888888888
1257.0,0.7857352941176471
1258.0,0.8469565217391304
1259.0,0.8515492957746479
1260.0,0.718904109589041
1261.0,0.6825352112676054
1262.0,0.44092105263157894
1263.0,0.5860869565217391
1264.0,0.8314285714285713
1265.0,0.8122388059701493
1266.0,0.8122388059701492
1267.0,0.8445588235294119
1268.0,0.8351428571428571
1269.0,0.7952112676056338
1270.0,0.8515492957746476
1271.0,0.8657746478873238
1272.0,0.8149315068493151
1273.0,0.8259722222222222
1274.0,0.5399999999999998
1275.0,0.5504411764705882
1276.0,0.7889855072463768
1277.0,0.8151470588235296
1278.0,0.8469565217391304
1279.0,0.8492857142857141
1280.0,0.8259722222222223
1281.0,0.578181818181818
1282.0,0.6417567567567568
1283.0,0.6928358208955224
1284.0,0.7823880597014926
1285.0,0.842089552238806
1286.0,0.7148611111111111
1287.0,0.6093150684931506
1288.0,0.8092424242424243
1289.0,0.842089552238806
1290.0,0.8445588235294118
1291.0,0.8515492957746478
1292.0,0.8558904109589042
1293.0,0.85375
1294.0,0.8558904109589042
1295.0,0.7736986301369864
1296.0,0.78
1297.0,0.8259722222222222
1298.0,0.801095890410959
1299.0,0.7875342465753424
1300.0,0.7269117647058823
1301.0,0.7635714285714285
1302.0,0.83421875
1303.0,0.8445588235294118
1304.0,0.8515492957746478
1305.0,0.8284931506849316
1306.0,0.7905405405405406
1307.0,0.85375
1308.0,0.85375
1309.0,0.8558904109589042
1310.0,0.5254320987654321
1311.0,0.6144303797468352
1312.0,0.8537500000000001
1313.0,0.8469565217391304
1314.0,0.8233802816901408
1315.0,0.1268478260869565
1316.0,0.3925301204819277
1317.0,0.7388732394366198
1318.0,0.8151470588235294
1319.0,0.792142857142857
1320.0,0.8207142857142857
1321.0,0.8233802816901408
1322.0,0.8151470588235296
1323.0,0.7388732394366198
1324.0,0.7704166666666666
1325.0,0.7736986301369864
1326.0,0.8469565217391303
1327.0,0.8233802816901408
1328.0,0.7981944444444444
1329.0,0.8233802816901405
1330.0,0.8285483870967741
1331.0,0.842089552238806
1332.0,0.8515492957746478
1333.0,0.8400000000000001
1334.0,0.85375
1335.0,0.8284931506849316
1336.0,0.8010958904109589
1337.0,0.7533333333333332
1338.0,0.8259722222222222
1339.0,0.8284931506849315
1340.0,0.7952112676056338
1341.0,0.8637142857142857
1342.0,-0.02779069767441864
1343.0,0.29437499999999994
1344.0,0.77171875
1345.0,-1.049090909090909
1346.0,-0.7012068965517242
1347.0,-0.5750000000000001
1348.0,0.18763157894736837
1349.0,0.1584374999999999
1350.0,0.3459374999999999
1351.0,0.481590909090909
1352.0,0.7646296296296298
1353.0,0.7515254237288135
1354.0,0.6215384615384615
1355.0,0.521029411764706
1356.0,0.7183333333333334
1357.0,0.5365151515151515
1358.0,0.7996825396825399
1359.0,0.8369230769230769
1360.0,0.8445588235294118
1361.0,0.8207142857142857
1362.0,0.7921428571428569
1363.0,0.8259722222222222
1364.0,0.332
1365.0,0.49972602739726024
1366.0,0.8122388059701493
1367.0,0.8151470588235292
1368.0,0.8151470588235296
1369.0,0.7889855072463767
1370.0,0.8233802816901407
1371.0,0.8094366197183097
1372.0,0.8151470588235294
1373.0,0.7148611111111111
1374.0,0.8179710144927537
1375.0,0.8469565217391303
1376.0,0.8515492957746476
1377.0,0.8515492957746476
1378.0,0.8558904109589042
1379.0,0.7189041095890412
1380.0,0.2745348837209303
1381.0,0.5637974683544302
1382.0,0.8233802816901407
1383.0,0.8369230769230769
1384.0,0.8445588235294118
1385.0,0.7962903225806454
1386.0,0.8092424242424242
1387.0,0.7921428571428571
1388.0,0.8233802816901407
1389.0,0.7463013698630138
1390.0,0.8492857142857142
1391.0,0.8515492957746478
1392.0,0.8515492957746478
1393.0,0.7768918918918919
1394.0,0.85375
1395.0,0.8515492957746477
1396.0,0.8284931506849316
1397.0,0.85375
1398.0,0.8284931506849316
1399.0,0.7768918918918918
1400.0,0.8515492957746477
1401.0,0.8492857142857142
1402.0,0.8558904109589041
1403.0,0.8284931506849315
1404.0,0.8309459459459458
1405.0,0.8558904109589041
1406.0,0.85375
1407.0,0.8558904109589042
1408.0,0.704078947368421
1409.0,0.8039189189189189
1410.0,0.8284931506849315
1411.0,0.8537500000000001
1412.0,0.85375
1413.0,0.8558904109589041
1414.0,0.85375
1415.0,0.85375
1416.0,0.8039189189189189
1417.0,0.7768918918918918
1418.0,0.8558904109589042
1419.0,0.8445588235294119
1420.0,0.49355263157894724
1421.0,0.6825352112676054
1422.0,0.4298717948717948
1423.0,0.5133333333333333
1424.0,0.7962903225806449
1425.0,0.7857352941176471
1426.0,0.8469565217391304
1427.0,0.7844444444444445
1428.0,0.5725
1429.0,0.7183333333333333
1430.0,0.7927868852459018
1431.0,0.83421875
1432.0,0.8179710144927537
1433.0,0.8492857142857142
1434.0,0.8515492957746478
1435.0,0.8039189189189189
1436.0,0.7736986301369864
1437.0,0.8010958904109589
1438.0,0.8179710144927536
1439.0,0.8492857142857142
1440.0,0.8233802816901407
1441.0,0.8469565217391303
1442.0,0.8233802816901408
1443.0,0.792142857142857
1444.0,0.801095890410959
1445.0,0.8637142857142858
1446.0,0.8515492957746478
1447.0,0.7981944444444444
1448.0,0.85375
1449.0,0.8558904109589042
1450.0,0.04787878787878788
1451.0,0.19206521739130436
1452.0,0.7
1453.0,0.7996825396825397
1454.0,0.7635714285714285
1455.0,0.8207142857142856
1456.0,0.801095890410959
1457.0,0.8284931506849316
1458.0,0.8259722222222222
1459.0,0.8233802816901408
1460.0,0.7889855072463768
1461.0,0.6274242424242424
1462.0,0.688030303030303
1463.0,0.8151470588235294
1464.0,0.8469565217391304
1465.0,0.8351428571428572
1466.0,0.8233802816901408
1467.0,0.8637142857142855
1468.0,0.8515492957746478
1469.0,0.8284931506849316
1470.0,0.8558904109589041
1471.0,0.8010958904109589
1472.0,0.8010958904109589
1473.0,0.8284931506849315
1474.0,0.85375
1475.0,-0.11268518518518515
1476.0,0.5384810126582278
1477.0,0.5198684210526315
1478.0,0.7463013698630138
1479.0,0.8207142857142857
1480.0,0.8492857142857142
1481.0,0.85375
1482.0,0.7857352941176471
1483.0,0.8469565217391303
1484.0,0.4625316455696202
1485.0,0.718904109589041
1486.0,0.7
1487.0,0.7736986301369863
1488.0,0.8492857142857142
1489.0,0.8207142857142856
1490.0,0.8469565217391305
1491.0,0.85
1492.0,0.8094366197183097
1493.0,0.7952112676056338
1494.0,0.8469565217391304
1495.0,0.8515492957746478
1496.0,0.85375
1497.0,0.801095890410959
1498.0,0.7981944444444444
1499.0,0.8515492957746479
1500.0,0.8515492957746478
1501.0,0.8537500000000001
1502.0,0.85375
1503.0,0.85375
1504.0,0.8537500000000001
1505.0,0.8558904109589042
1506.0,0.8233802816901407
1507.0,0.85375
1508.0,0.8558904109589042
1509.0,0.8558904109589042
1510.0,0.8558904109589041
1511.0,0.8558904109589042
1512.0,0.8558904109589042
1513.0,0.8558904109589041
1514.0,0.830945945945946
1515.0,0.830945945945946
1516.0,0.8558904109589042
1517.0,0.8558904109589042
1518.0,0.8558904109589042
1519.0,0.8233802816901407
1520.0,0.8558904109589041
1521.0,0.8558904109589042
1522.0,0.8697260273972603
1523.0,0.8558904109589042
1524.0,0.8558904109589042
1525.0,0.8558904109589042
1526.0,0.857972972972973
1527.0,0.8558904109589042
1528.0,0.857972972972973
1529.0,0.830945945945946
1530.0,0.8175675675675675
1531.0,-0.1548000000000001
1532.0,-0.9320529801324502
1533.0,0.8284931506849315
1534.0,0.227032967032967
1535.0,0.10308510638297874
1536.0,0.5254320987654321
1537.0,0.830945945945946
1538.0,-1.067530864197531
1539.0,0.8697260273972603
1540.0,0.8284931506849315
1541.0,0.830945945945946
1542.0,0.8492857142857141
1543.0,0.801095890410959
1544.0,0.830945945945946
1545.0,0.8558904109589042
1546.0,0.8579729729729729
1547.0,0.8558904109589042
1548.0,0.8558904109589042
1549.0,0.8284931506849316
1550.0,-1.0115384615384615
1551.0,0.8579729729729729
1552.0,0.26
1553.0,0.604155844155844
1554.0,0.8558904109589041
1555.0,0.8558904109589042
1556.0,0.8309459459459458
1557.0,0.8309459459459458
1558.0,0.8558904109589042
1559.0,0.8558904109589041
1560.0,0.85375
1561.0,0.8677777777777779
1562.0,0.8558904109589042
1563.0,0.8558904109589042
1564.0,0.8558904109589042
1565.0,-0.946666666666667
1566.0,0.8558904109589042
1567.0,0.8309459459459458
1568.0,0.8558904109589042
1569.0,0.8558904109589042
1570.0,0.8558904109589042
1571.0,0.8469565217391304
1572.0,0.8284931506849316
1573.0,-0.9335838150289016
1574.0,0.8309459459459458
1575.0,-0.7565094339622642
1576.0,0.8284931506849316
1577.0,0.8558904109589042
1578.0,0.8558904109589042
1579.0,0.8558904109589041
1580.0,0.8579729729729729
1581.0,0.47959459459459464
1582.0,0.7635714285714283
1583.0,0.7736986301369863
1584.0,0.8515492957746477
1585.0,0.8284931506849315
1586.0,0.8515492957746478
1587.0,0.8558904109589042
1588.0,0.8558904109589041
1589.0,0.8515492957746477
1590.0,0.8284931506849316
1591.0,0.85375
1592.0,0.8558904109589041
1593.0,0.830945945945946
1594.0,0.85375
1595.0,0.8558904109589042
1596.0,0.8558904109589042
1597.0,0.8423287671232877
1598.0,0.8579729729729729
1599.0,0.8309459459459458
1600.0,0.85375
1601.0,0.8558904109589041
1602.0,0.8558904109589042
1603.0,0.8558904109589042
1604.0,0.8558904109589042
1605.0,0.8558904109589042
1606.0,0.8697260273972603
1607.0,0.8558904109589042
1608.0,0.8558904109589041
1609.0,0.8558904109589042
1610.0,0.8558904109589041
1611.0,0.857972972972973
1612.0,0.8558904109589041
1613.0,0.85375
1614.0,0.8558904109589041
1615.0,0.8558904109589042
1616.0,0.8579729729729729
1617.0,0.8657746478873237
1618.0,0.8558904109589042
1619.0,0.8579729729729729
1620.0,0.8697260273972603
1621.0,0.8579729729729729
1622.0,0.8558904109589042
1623.0,0.857972972972973
1624.0,0.8579729729729729
1625.0,0.8558904109589042
1626.0,0.8558904109589042
1627.0,0.8558904109589041
1628.0,0.830945945945946
1629.0,0.857972972972973
1630.0,0.8284931506849316
1631.0,0.803918918918919
1632.0,0.803918918918919
1633.0,0.8558904109589041
1634.0,0.8558904109589041
1635.0,0.7266666666666666
1636.0,0.78
1637.0,0.8558904109589042
1638.0,0.8558904109589042
1639.0,0.8558904109589042
1640.0,0.8579729729729729
1641.0,0.8558904109589042
1642.0,0.8558904109589042
1643.0,0.8558904109589041
1644.0,0.8579729729729729
1645.0,0.6862820512820512
1646.0,0.5920689655172413
1647.0,-0.9560355029585799
1648.0,0.8284931506849316
1649.0,0.830945945945946
1650.0,0.8558904109589042
1651.0,0.0803125
1652.0,-0.8329411764705886
1653.0,0.6261971830985915
1654.0,-0.8977777777777782
1655.0,-1.0320454545454543
1656.0,0.8309459459459458
1657.0,0.8039189189189189
1658.0,0.7799999999999999
1659.0,0.8558904109589042
1660.0,0.8558904109589042
1661.0,0.8558904109589041
1662.0,0.8558904109589041
1663.0,0.8558904109589042
1664.0,0.8309459459459458
1665.0,0.8309459459459458
1666.0,0.8558904109589042
1667.0,0.8558904109589042
1668.0,-1.2496428571428573
1669.0,0.830945945945946
1670.0,0.8558904109589041
1671.0,0.8558904109589042
1672.0,0.8309459459459458
1673.0,-0.7015686274509806
1674.0,0.8259722222222222
1675.0,0.85375
1676.0,0.8558904109589042
1677.0,-0.14619047619047648
1678.0,-0.6500877192982456
1679.0,0.36273972602739724
1680.0,0.8558904109589042
1681.0,0.8395454545454546
1682.0,0.83421875
1683.0,0.8395454545454546
1684.0,0.8492857142857142
1685.0,0.76
1686.0,0.7952112676056338
1687.0,0.6641095890410958
1688.0,0.8207142857142856
1689.0,0.8233802816901408
1690.0,0.85375
1691.0,-0.9415306122448979
1692.0,0.85375
1693.0,0.8558904109589042
1694.0,0.8284931506849315
1695.0,0.8284931506849315
1696.0,0.830945945945946
1697.0,0.8558904109589042
1698.0,0.8697260273972603
1699.0,0.8558904109589042
1700.0,0.07547619047619043
1701.0,0.3054545454545454
1702.0,0.85375
1703.0,0.8309459459459458
1704.0,0.8284931506849315
1705.0,0.8039189189189191
1706.0,-0.7096969696969697
1707.0,0.8558904109589041
1708.0,0.7
1709.0,0.7768918918918918
1710.0,0.26943396226415084
1711.0,0.8558904109589042
1712.0,0.8284931506849316
1713.0,-0.672377049180328
1714.0,0.8284931506849315
1715.0,-0.7482320441988951
1716.0,0.85375
1717.0,0.803918918918919
1718.0,0.8259722222222223
1719.0,0.85375
1720.0,0.7768918918918919
1721.0,-0.9731288343558282
1722.0,0.8259722222222222
1723.0,0.830945945945946
1724.0,0.8259722222222222
1725.0,0.7736986301369864
1726.0,0.85375
1727.0,0.8558904109589042
1728.0,0.26
1729.0,0.803918918918919
1730.0,0.8369230769230769
1731.0,-1.0371014492753625
1732.0,0.801095890410959
1733.0,0.8558904109589042
1734.0,0.7635135135135135
1735.0,0.7905405405405406
1736.0,0.8558904109589041
1737.0,0.803918918918919
1738.0,0.830945945945946
1739.0,0.8558904109589041
1740.0,-1.2754545454545456
1741.0,0.857972972972973
1742.0,0.8579729729729729
1743.0,0.8558904109589041
1744.0,-0.8556250000000001
1745.0,0.8558904109589042
1746.0,0.8697260273972603
1747.0,0.857972972972973
1748.0,0.8697260273972603
1749.0,0.6606410256410254
1750.0,0.7799999999999999
1751.0,-0.10696202531645571
1752.0,0.830945945945946
1753.0,-0.3422727272727273
1754.0,-0.9280733944954132
1755.0,-1.1656666666666669
1756.0,-0.7445871559633028
1757.0,0.8039189189189189
1758.0,0.803918918918919
1759.0,0.8558904109589041
1760.0,-0.6195180722891567
1761.0,0.37421052631578944
1762.0,0.5259493670886074
1763.0,0.682077922077922
1764.0,0.830945945945946
1765.0,-0.8830909090909093
1766.0,-1.019767441860465
1767.0,-0.9182786885245904
1768.0,0.830945945945946
1769.0,-0.47333333333333344
1770.0,0.8284931506849316
1771.0,-1.1260294117647058
1772.0,0.8259722222222223
1773.0,-1.182093023255814
1774.0,0.8259722222222222
1775.0,0.8376056338028167
1776.0,0.85375
1777.0,0.8284931506849315
1778.0,-0.9309090909090915
1779.0,0.836923076923077
1780.0,0.8445588235294118
1781.0,0.7981944444444445
1782.0,0.801095890410959
1783.0,0.85375
1784.0,0.8537500000000001
1785.0,0.85375
1786.0,0.8558904109589042
1787.0,0.8558904109589041
1788.0,-1.3040000000000003
1789.0,-0.5792857142857143
1790.0,-0.0606521739130435
1791.0,0.8558904109589042
1792.0,0.8445588235294119
1793.0,0.8445588235294118
1794.0,0.8515492957746477
1795.0,-0.42918918918918914
1796.0,0.801095890410959
1797.0,0.8558904109589042
1798.0,-0.3885148514851485
1799.0,0.8558904109589041
1800.0,0.8515492957746478
1801.0,0.8469565217391304
1802.0,-1.0217982456140349
1803.0,0.7768918918918919
1804.0,0.8284931506849315
1805.0,0.803918918918919
1806.0,0.830945945945946
1807.0,0.830945945945946
1808.0,0.803918918918919
1809.0,-1.0720312499999998
1810.0,0.8558904109589042
1811.0,-0.7529032258064516
1812.0,0.04947368421052631
1813.0,0.5262337662337663
1814.0,0.7736986301369864
1815.0,0.7768918918918918
1816.0,0.85375
1817.0,-1.0399512195121952
1818.0,0.8010958904109589
1819.0,0.85375
1820.0,0.8558904109589042
1821.0,-0.9736956521739133
1822.0,0.830945945945946
1823.0,0.85375
1824.0,0.8558904109589042
1825.0,-1.0866666666666667
1826.0,0.8039189189189189
1827.0,0.830945945945946
1828.0,0.8010958904109589
1829.0,0.85375
1830.0,0.8558904109589042
1831.0,0.8558904109589042
1832.0,0.830945945945946
1833.0,0.8558904109589042
1834.0,-0.019220779220779246
1835.0,-0.999469696969697
1836.0,0.8558904109589041
1837.0,0.8445588235294117
1838.0,0.806153846153846
1839.0,0.10745762711864405
1840.0,0.8395454545454545
1841.0,-0.9379194630872483
1842.0,0.8151470588235293
1843.0,-0.9793181818181819
1844.0,0.8092424242424243
1845.0,0.8469565217391304
1846.0,0.8515492957746478
1847.0,0.8259722222222222
1848.0,-1.0772641509433962
1849.0,-0.7681132075471698
1850.0,-1.0253260869565217
1851.0,0.8039189189189189
1852.0,0.8284931506849316
1853.0,0.8677777777777779
1854.0,0.830945945945946
1855.0,0.8558904109589042
1856.0,0.8469565217391304
1857.0,-1.05231884057971
1858.0,0.7736986301369863
1859.0,-0.9309090909090915
1860.0,0.8284931506849316
1861.0,0.8309459459459458
1862.0,0.7
1863.0,0.8039189189189189
1864.0,-1.0200925925925926
1865.0,0.8558904109589041
1866.0,-0.9955803571428571
1867.0,0.8010958904109589
1868.0,0.8558904109589042
1869.0,-0.9275000000000001
1870.0,0.8010958904109589
1871.0,0.801095890410959
1872.0,-0.5879746835443037
1873.0,-0.8913761467889908
1874.0,0.7768918918918918
1875.0,0.8558904109589042
1876.0,0.8537500000000001
1877.0,0.8284931506849316
1878.0,-1.1581818181818184
1879.0,-0.4463953488372094
1880.0,-0.6470796460176992
1881.0,-0.6104347826086958
1882.0,0.801095890410959
1883.0,-1.1041975308641976
1884.0,0.6905555555555556
1885.0,0.8259722222222222
1886.0,0.8284931506849315
1887.0,0.8558904109589042
1888.0,0.8558904109589042
1889.0,0.8284931506849316
1890.0,0.8558904109589041
1891.0,0.8697260273972603
1892.0,0.8558904109589041
1893.0,0.8558904109589041
1894.0,0.8558904109589041
1895.0,-0.7441666666666666
1896.0,0.8558904109589042
1897.0,0.8558904109589042
1898.0,-0.9960975609756098
1899.0,-0.9823398328690807
1900.0,0.8558904109589041
1901.0,0.7654347826086958
1902.0,0.08098765432098765
1903.0,0.857972972972973
1904.0,0.830945945945946
1905.0,0.830945945945946
1906.0,-0.3133333333333334
1907.0,0.7498648648648649
1908.0,0.7768918918918918
1909.0,0.4853521126760563
1910.0,-0.9789705882352943
1911.0,-1.1416393442622954
1912.0,0.7905405405405406
1913.0,0.8233802816901408
1914.0,0.4781818181818182
1915.0,0.849285714285714
1916.0,0.8233802816901407
1917.0,-0.9280733944954128
1918.0,-1.0697413793103447
1919.0,-1.0163819095477387
1920.0,0.7981944444444444
1921.0,0.7736986301369864
1922.0,0.8558904109589043
1923.0,-1.0142537313432836
1924.0,-0.9786363636363636
1925.0,-1.067058823529412
1926.0,0.7768918918918919
1927.0,0.8558904109589042
1928.0,-0.6225
1929.0,0.8558904109589041
1930.0,0.8558904109589041
1931.0,-1.0162039660056659
1932.0,-1.0030208333333333
1933.0,0.7768918918918919
1934.0,0.8284931506849316
1935.0,0.8558904109589041
1936.0,0.8558904109589041
1937.0,0.8309459459459458
1938.0,0.8558904109589041
1939.0,0.7756249999999999
1940.0,-0.8884848484848487
1941.0,-0.987754491017964
1942.0,-1.1645283018867925
1943.0,-0.5092307692307692
1944.0,0.6251315789473683
1945.0,-1.0733333333333335
1946.0,0.45551282051282055
1947.0,0.5461842105263157
1948.0,-0.527280701754386
1949.0,0.285735294117647
1950.0,-0.07430232558139538
1951.0,0.5324358974358974
1952.0,0.7266666666666668
1953.0,-0.5140384615384617
1954.0,0.8284931506849315
1955.0,0.8558904109589042
1956.0,0.7768918918918918
1957.0,0.830945945945946
1958.0,0.5863888888888886
1959.0,0.8284931506849316
1960.0,-0.8282352941176471
1961.0,0.8558904109589042
1962.0,0.8558904109589042
1963.0,0.7977358490566038
1964.0,-0.19065789473684217
1965.0,-0.5850704225352111
1966.0,-0.5581818181818182
1967.0,0.5721428571428572
1968.0,-0.8141525423728813
1969.0,-0.5108333333333335
1970.0,-0.3822764227642277
1971.0,0.45272727272727253
1972.0,0.7977358490566037
1973.0,0.83421875
1974.0,0.8395454545454544
1975.0,0.057297297297297226
1976.0,0.8558904109589042
1977.0,-0.8929605263157894
1978.0,0.005454545454545449
1979.0,-0.5266242038216561
1980.0,0.6514473684210526
1981.0,-0.9460185185185185
1982.0,0.6867999999999999
1983.0,0.8284931506849315
1984.0,0.8151470588235293
1985.0,0.8469565217391303
1986.0,0.8259722222222222
1987.0,0.2987931034482758
1988.0,0.8558904109589042
1989.0,0.8558904109589041
1990.0,0.803918918918919
1991.0,-0.9999206349206349
1992.0,-0.5789423076923078
1993.0,0.8284931506849316
1994.0,0.8039189189189189
1995.0,0.8558904109589041
1996.0,-0.9542857142857142
1997.0,0.8309459459459458
1998.0,-0.7825000000000002
1999.0,0.830945945945946
2000.0,-0.7952325581395349
2001.0,0.7768918918918919
2002.0,0.8558904109589041
2003.0,-0.35445783132530123
2004.0,0.8558904109589042
2005.0,-1.0285185185185186
2006.0,-0.2511607142857143
2007.0,0.8091071428571428
2008.0,-1.0546853146853146
2009.0,0.8469565217391305
2010.0,0.801095890410959
2011.0,0.36256410256410243
2012.0,-1.1645283018867925
2013.0,-1.2703030303030303
2014.0,-0.9417543859649122
2015.0,0.8558904109589042
2016.0,0.6093589743589742
2017.0,-0.5485106382978724
2018.0,0.6093589743589742
2019.0,-1.074090909090909
2020.0,-1.2102380952380953
2021.0,-0.9223899371069184
2022.0,0.7533333333333332
2023.0,0.776891891891892
2024.0,0.830945945945946
2025.0,-0.649090909090909
2026.0,-1.1014457831325302
2027.0,-1.1612962962962963
2028.0,0.7228378378378377
2029.0,-1.1015384615384616
2030.0,0.7498648648648649
2031.0,0.7736986301369863
2032.0,-0.7974712643678162
2033.0,0.8515492957746478
2034.0,-0.6301098901098902
2035.0,0.801095890410959
2036.0,-0.6411194029850747
2037.0,-1.2288888888888891
2038.0,0.803918918918919
2039.0,-0.9420202020202021
2040.0,0.7266666666666667
2041.0,-1.026111111111111
2042.0,0.7463013698630137
2043.0,0.7533333333333332
2044.0,0.7498648648648649
2045.0,-1.0182101167315176
2046.0,0.7
2047.0,-1.146666666666667
2048.0,0.7498648648648649
2049.0,-1.0441798941798943
2050.0,0.8515492957746477
2051.0,-1.1301515151515154
2052.0,-1.3204000000000002
2053.0,-1.0705555555555555
2054.0,-1.2481250000000002
2055.0,0.8284931506849316
2056.0,0.8558904109589042
2057.0,0.8309459459459458
2058.0,-1.1267924528301887
2059.0,0.8537500000000001
2060.0,-0.8311678832116789
2061.0,0.8259722222222222
2062.0,-1.244615384615385
2063.0,0.8558904109589042
2064.0,0.8284931506849316
2065.0,0.8284931506849316
2066.0,-1.1008333333333338
2067.0,-1.040970873786408
2068.0,0.7981944444444444
2069.0,-1.071858407079646
2070.0,-0.9106504065040651
2071.0,-1.0209090909090914
2072.0,-0.608666666666667
2073.0,-1.0163529411764707
2074.0,0.7498648648648649
2075.0,-0.8564285714285714
2076.0,0.3465384615384614
2077.0,-1.0821052631578947
2078.0,0.7463013698630137
2079.0,0.85375
2080.0,-1.0220121951219514
2081.0,-0.977704918032787
2082.0,0.8284931506849316
2083.0,-1.0939325842696628
2084.0,-0.5984905660377359
2085.0,0.20526315789473656
2086.0,0.8284931506849316
2087.0,-0.9118181818181821
2088.0,-0.7463559322033897
2089.0,0.803918918918919
2090.0,0.28857142857142853
2091.0,0.803918918918919
2092.0,0.7498648648648648
2093.0,0.6791176470588234
2094.0,-1.0337931034482757
2095.0,-1.0882608695652174
2096.0,-1.0277906976744189
2097.0,0.801095890410959
2098.0,0.8284931506849315
2099.0,-0.8627868852459014
2100.0,0.6561038961038961
2101.0,0.3016666666666666
2102.0,-0.9770892018779342
2103.0,0.6514473684210526
2104.0,-0.5710344827586208
2105.0,-0.3315492957746479
2106.0,-0.630625
2107.0,-1.0894623655913975
2108.0,0.7498648648648649
2109.0,-0.4662931034482759
2110.0,-1.0707692307692307
2111.0,-1.11012987012987
2112.0,0.7288888888888889
2113.0,-1.101304347826087
2114.0,-0.5733333333333334
2115.0,-0.4066666666666667
2116.0,-1.037794117647059
2117.0,0.7107042253521125
2118.0,0.8259722222222222
2119.0,0.4422916666666666
2120.0,0.7498648648648649
2121.0,0.8259722222222222
2122.0,0.7981944444444445
2123.0,-0.7302912621359222
2124.0,-0.6239285714285715
2125.0,-0.9783004926108374
2126.0,-0.4405263157894737
2127.0,-0.8432196969696969
2128.0,0.85375
2129.0,-0.9337500000000001
2130.0,-0.808
2131.0,0.654
2132.0,-0.0672058823529412
2133.0,-0.9133870967741935
2134.0,0.8400000000000001
2135.0,0.8010958904109589
2136.0,0.8515492957746477
2137.0,0.8515492957746476
2138.0,0.8284931506849316
2139.0,0.830945945945946
2140.0,0.8284931506849316
2141.0,-0.9493592677345538
2142.0,0.8558904109589041
2143.0,-1.1094202898550725
2144.0,-0.048219178082191824
2145.0,-0.24250000000000005
2146.0,0.8558904109589042
2147.0,-0.9146031746031743
2148.0,-0.7978048780487805
2149.0,-0.8203108808290155
2150.0,-0.3710483870967742
2151.0,0.803918918918919
2152.0,-0.9803846153846152
2153.0,-1.004125
2154.0,-1.0231632653061224
2155.0,-0.748720930232558
2156.0,-0.29696202531645566
2157.0,-0.38179104477611936
2158.0,-0.5825
2159.0,-0.9512676056338025
2160.0,-0.9983333333333335
2161.0,-0.9856647398843931
2162.0,-0.43318181818181817
2163.0,0.10615384615384613
2164.0,-0.9597802197802198
2165.0,-1.0327631578947367
2166.0,-0.3221428571428572
2167.0,0.15622641509433957
2168.0,-0.059672131147541024
2169.0,-0.9852432432432432
2170.0,-0.7061016949152544
2171.0,0.8233802816901407
2172.0,0.801095890410959
2173.0,0.8515492957746477
2174.0,0.8558904109589042
2175.0,0.8558904109589041
2176.0,0.8558904109589042
2177.0,-1.1283783783783783
2178.0,0.7533333333333333
2179.0,0.25999999999999995
2180.0,0.704078947368421
2181.0,-0.9011842105263159
2182.0,-1.1133333333333333
2183.0,-1.099375
2184.0,-0.4309523809523811
2185.0,0.6777631578947367
2186.0,0.13933333333333325
2187.0,-0.5945390070921986
2188.0,0.7266666666666666
2189.0,0.792142857142857
2190.0,-0.9618934911242604
2191.0,-0.06720588235294117
2192.0,-0.8061764705882352
2193.0,0.6778571428571428
2194.0,0.8151470588235294
2195.0,-1.0178260869565217
2196.0,0.8151470588235292
2197.0,-0.8331999999999999
2198.0,-0.5007758620689656
2199.0,0.8469565217391305
2200.0,0.8151470588235294
2201.0,-0.9789705882352943
2202.0,-1.0091908713692945
2203.0,-0.3077083333333334
2204.0,-0.3076923076923078
2205.0,0.7706382978723403
2206.0,0.8259722222222222
2207.0,-0.9295734597156398
2208.0,-0.5287323943661971
2209.0,0.8179710144927536
2210.0,-0.2888235294117647
2211.0,0.23039473684210524
2212.0,0.7148611111111112
2213.0,-1.002734693877551
2214.0,0.7889855072463768
2215.0,0.8445588235294118
2216.0,0.8469565217391303
2217.0,-0.9939308176100629
2218.0,0.3972549019607843
2219.0,-1.023273381294964
2220.0,0.8537500000000001
2221.0,0.8515492957746478
2222.0,-0.8937762237762238
2223.0,0.7952112676056338
2224.0,0.7635714285714285
2225.0,0.8492857142857142
2226.0,0.2672463768115942
2227.0,-0.8531304347826084
2228.0,-1.0251941747572815
2229.0,0.85375
2230.0,0.6466666666666666
2231.0,0.3635714285714285
2232.0,-0.2707692307692308
2233.0,-1.03
2234.0,-1.1017021276595744
2235.0,-1.0333333333333334
2236.0,-0.359718309859155
2237.0,0.8130769230769229
2238.0,-0.8708411214953272
2239.0,-1.175
2240.0,0.5724999999999999
2241.0,-0.7581818181818184
2242.0,-0.7906756756756756
2243.0,-0.7463559322033899
2244.0,-1.1441666666666666
2245.0,-1.175
2246.0,-1.262058823529412
2247.0,-0.05095238095238118
2248.0,-0.29078125
2249.0,-0.4844444444444444
2250.0,-0.9583333333333334
2251.0,-1.0872222222222223
2252.0,-0.9855357142857143
2253.0,-0.7431847133757962
2254.0,-0.9873958333333334
2255.0,-0.6837278106508875
2256.0,0.8558904109589041
2257.0,-0.8266477272727273
2258.0,0.5262337662337662
2259.0,-0.8079347826086957
2260.0,-0.6931775700934579
2261.0,0.29437499999999994
2262.0,-0.9852229299363058
2263.0,0.15090909090909088
2264.0,-0.5775000000000001
2265.0,0.2874390243902439
2266.0,-0.9652252252252252
2267.0,0.6225000000000002
2268.0,-0.15944444444444442
2269.0,-1.0114285714285716
2270.0,-0.2257142857142858
2271.0,-0.8417441860465115
2272.0,-0.8828571428571429
2273.0,-0.8342028985507247
2274.0,-1.0516666666666667
2275.0,-0.6177777777777779
2276.0,0.20444444444444443
2277.0,-0.08062500000000003
2278.0,-1.0331034482758623
2279.0,-0.9071348314606742
2280.0,0.40939024390243905
2281.0,-0.997183908045977
2282.0,0.578181818181818
2283.0,0.7228378378378378
2284.0,0.7228378378378377
2285.0,-0.730625
2286.0,-1.0116049382716048
2287.0,0.85375
2288.0,-0.8430701754385965
2289.0,-0.0064473684210526626
2290.0,-0.42749999999999994
2291.0,0.4290140845070422
2292.0,-0.4932051282051282
2293.0,-0.9301226993865032
2294.0,-0.5667326732673267
2295.0,0.8130769230769233
2296.0,-0.8927777777777777
2297.0,0.7275925925925926
2298.0,-1.1368253968253967
2299.0,0.83421875
2300.0,-0.355625
2301.0,-0.37855421686746993
2302.0,-0.9746368715083797
2303.0,-0.8543617021276596
2304.0,0.8677777777777779
2305.0,-0.5590789473684211
2306.0,0.7857352941176471
2307.0,-0.24731343283582086
2308.0,-0.2920833333333335
2309.0,0.20907407407407405
2310.0,-0.0096825396825397
2311.0,-0.4672727272727274
2312.0,0.8284931506849315
2313.0,0.36357142857142855
2314.0,-0.23565217391304352
2315.0,0.8233802816901409
2316.0,-1.0784146341463414
2317.0,-0.9507438016528925
2318.0,-0.8194285714285714
2319.0,-0.8261111111111112
2320.0,-1.0228947368421053
2321.0,0.8091071428571429
2322.0,-0.14202702702702702
2323.0,-0.9261313868613138
2324.0,0.6041558441558441
2325.0,-0.9858100558659219
2326.0,-1.075294117647059
2327.0,-0.8678409090909092
2328.0,0.11795454545454544
2329.0,0.4483116883116883
2330.0,-1.0215492957746475
2331.0,-0.04246913580246918
2332.0,-1.1133734939759037
2333.0,-0.8867391304347825
2334.0,-0.8225892857142857
2335.0,-0.5993749999999999
2336.0,-0.6235616438356164
2337.0,-1.0453020134228188
2338.0,0.7889855072463767
2339.0,-0.8766666666666668
2340.0,-0.4226923076923079
2341.0,-0.18339622641509434
2342.0,0.24611111111111106
2343.0,-0.23397590361445786
2344.0,-1.0424193548387095
2345.0,-1.1296610169491526
2346.0,-1.0106013363028954
2347.0,-0.15836734693877552
2348.0,-0.05428571428571434
2349.0,-0.9792857142857144
2350.0,-0.34
2351.0,0.34474576271186436
2352.0,-0.8122891566265059
2353.0,-1.0905434782608694
2354.0,0.7266666666666666
2355.0,-0.5027118644067797
2356.0,-0.9709236947791164
2357.0,-0.9963775510204081
2358.0,-0.41401960784313724
2359.0,0.85375
2360.0,-0.7544508670520231
2361.0,-0.6992391304347825
2362.0,-1.0302777777777776
2363.0,0.85375
2364.0,-0.09964912280701753
2365.0,-0.5112264150943396
2366.0,-0.9848538011695906
2367.0,-0.9324342105263159
2368.0,-1.0108333333333333
2369.0,-0.9274193548387097
2370.0,-1.0560645161290323
2371.0,-1.1041975308641976
2372.0,-0.1440425531914894
2373.0,0.85375
2374.0,-0.57203125
2375.0,0.6350000000000001
2376.0,-0.4863768115942028
2377.0,-1.0054320987654322
2378.0,-0.27240740740740743
2379.0,-1.0144360902255638
2380.0,-1.0499173553719008
2381.0,0.8558904109589042
2382.0,-0.7152631578947368
2383.0,-0.9275000000000001
2384.0,0.7515254237288135
2385.0,-0.016041666666666704
2386.0,-0.5754430379746837
2387.0,0.8558904109589041
2388.0,-0.6650000000000001
2389.0,-0.9833035714285715
2390.0,-0.9486956521739132
2391.0,-0.10328124999999996
2392.0,-1.0805494505494506
2393.0,-0.05188118811881189
2394.0,0.361864406779661
2395.0,0.7670422535211269
2396.0,-0.9603124999999999
2397.0,-0.879240506329114
2398.0,-0.5162345679012347
2399.0,-0.8692134831460674
2400.0,-0.7719767441860466
2401.0,-0.47828125
2402.0,-0.9825742574257426
2403.0,-0.04078125000000002
2404.0,-0.9470063694267516
2405.0,-1.0548101265822787
2406.0,-0.8811290322580645
2407.0,0.6314285714285713
2408.0,-0.04769230769230774
2409.0,-1.0132142857142856
2410.0,-0.9790046296296295
2411.0,0.1681632653061224
2412.0,-0.45180555555555557
2413.0,-0.9910958904109588
2414.0,-0.8975342465753424
2415.0,-0.33433962264150957
2416.0,-0.9176315789473684
2417.0,-0.8748684210526315
2418.0,0.6845283018867925
2419.0,-0.3222784810126582
2420.0,-0.3101754385964912
2421.0,-0.6444943820224719
2422.0,-1.0164227642276422
2423.0,-1.0600757575757576
2424.0,-1.0316666666666665
2425.0,-0.6960439560439561
2426.0,-1.2334210526315788
2427.0,-0.8553846153846154
2428.0,-0.8988541666666666
2429.0,-1.069741379310345
2430.0,-1.1017021276595744
2431.0,-1.186808510638298
2432.0,-1.0789423076923077
2433.0,-1.0829487179487178
2434.0,-0.6166233766233766
2435.0,-0.45982758620689657
2436.0,-1.0050602409638554
2437.0,-1.01
2438.0,-0.8545
2439.0,-1.0041304347826085
2440.0,-0.9820212765957446
2441.0,-0.46177419354838706
2442.0,-0.875593220338983
2443.0,-1.061078431372549
2444.0,-0.9761111111111113
2445.0,-0.8268965517241381
2446.0,-0.2893827160493827
2447.0,-0.7929166666666668
2448.0,-1.1749999999999998
2449.0,-0.0805172413793104
2450.0,-0.9372222222222223
2451.0,-1.1678846153846156
2452.0,-0.6994594594594595
2453.0,-0.6896124031007752
2454.0,-0.8556250000000001
2455.0,-1.3204000000000002
2456.0,-1.0843877551020409
2457.0,-1.1650000000000003
2458.0,0.08638888888888879
2459.0,-1.1540625000000002
2460.0,-0.7312280701754386
2461.0,-0.7059090909090908
2462.0,0.30716981132075466
2463.0,-1.0155102040816326
2464.0,-0.6364285714285715
2465.0,-0.5476923076923077
2466.0,-0.49499999999999994
2467.0,-0.6695774647887324
2468.0,-0.735
2469.0,-0.6225
2470.0,-0.9615750915750916
2471.0,0.10126984126984125
2472.0,-0.01883720930232562
2473.0,-0.9066666666666666
2474.0,-0.03807692307692323
2475.0,0.3891666666666667
2476.0,-0.8915789473684214
2477.0,0.20262295081967216
2478.0,-0.968846153846154
2479.0,-1.0030208333333333
2480.0,-0.6149462365591397
2481.0,-0.4946296296296296
2482.0,-0.17145161290322572
2483.0,-0.7022093023255814
2484.0,-1.015
2485.0,-0.36132352941176477
2486.0,0.632549019607843
2487.0,-0.035138888888888914
2488.0,-1.0863541666666665
2489.0,0.828548387096774
2490.0,-0.8551079136690648
2491.0,-0.9710752688172045
2492.0,0.4175342465753425
2493.0,0.4054545454545454
2494.0,-0.8439622641509436
2495.0,-1.0255392156862744
2496.0,-0.7769318181818182
2497.0,-0.26822580645161287
2498.0,-1.2260000000000002
2499.0,-0.956818181818182
2500.0,-0.8488709677419354
2501.0,0.7483720930232558
2502.0,-1.0433333333333334
2503.0,0.387659574468085
2504.0,-1.1103703703703705
2505.0,0.38903225806451613
2506.0,-0.10956521739130434
2507.0,0.36546875
2508.0,-0.32173076923076926
2509.0,-0.1412345679012346
2510.0,-0.5817266187050361
2511.0,-0.6918072289156626
2512.0,0.7646296296296297
2513.0,0.2857352941176471
2514.0,-0.9194871794871796
2515.0,-1.0532530120481927
2516.0,0.37224489795918364
2517.0,-0.36941176470588244
2518.0,-0.9230769230769232
2519.0,-0.4686585365853658
2520.0,-0.9991911764705881
2521.0,-1.0307488986784141
2522.0,-0.8539240506329113
2523.0,-0.463404255319149
2524.0,0.7088636363636364
2525.0,-0.43607594936708866
2526.0,-0.5741836734693876
2527.0,0.4830434782608694
2528.0,-0.710873786407767
2529.0,-0.7540845070422535
2530.0,-1.093932584269663
2531.0,-0.7205194805194804
2532.0,-1.0414705882352944
2533.0,-0.7535000000000003
2534.0,-1.1678846153846154
2535.0,-0.978970588235294
2536.0,0.18555555555555542
2537.0,-0.4672727272727274
2538.0,-0.7170408163265306
2539.0,-1.0357920792079207
2540.0,-1.0432786885245902
2541.0,-1.0652032520325203
2542.0,-0.8845783132530123
2543.0,-0.1703797468354431
2544.0,-1.0560714285714288
2545.0,-0.367906976744186
2546.0,0.6722807017543859
2547.0,-0.6762244897959183
2548.0,-0.6545000000000002
2549.0,-0.616
2550.0,-1.1551785714285714
2551.0,-1.13453125
2552.0,-0.7327884615384617
2553.0,-1.050185185185185
2554.0,-0.02461538461538464
2555.0,-0.9626923076923078
2556.0,-0.45311475409836066
2557.0,-0.9191044776119403
2558.0,-1.0845454545454545
2559.0,-0.09593220338983051
2560.0,-0.33375000000000005
2561.0,-0.02169014084507038
2562.0,-0.15576086956521737
2563.0,-0.365
2564.0,-0.4409345794392524
2565.0,-0.7015384615384616
2566.0,-0.5874264705882353
2567.0,-0.751986301369863
2568.0,-0.3097468354430381
2569.0,-0.14506329113924057
2570.0,-1.004367816091954
2571.0,0.3546969696969696
2572.0,-1.0101149425287357
2573.0,-0.6597530864197532
2574.0,-1.067956989247312
2575.0,0.6159322033898305
2576.0,-0.9610526315789474
2577.0,-0.6590476190476191
2578.0,-0.40785714285714275
2579.0,0.001935483870967655
2580.0,-0.7752564102564101
2581.0,-0.9513821138211381
2582.0,-0.5011940298507463
2583.0,-1.0590298507462685
2584.0,-0.6163440860215054
2585.0,-1.3040000000000003
2586.0,-0.8921739130434783
2587.0,-0.15517857142857144
2588.0,-0.64625
2589.0,-0.7312280701754386
2590.0,0.5480434782608696
2591.0,-0.978095238095238
2592.0,-0.4877064220183486
2593.0,-0.060652173913043554
2594.0,-0.48590163934426234
2595.0,0.3172916666666666
2596.0,-0.8988541666666667
2597.0,0.8126315789473684
2598.0,0.3259722222222222
2599.0,-0.6854545454545454
2600.0,-0.9570796460176991
2601.0,-0.5413698630136986
2602.0,-1.073333333333333
2603.0,-0.7593023255813954
2604.0,0.40444444444444433
2605.0,-1.0884042553191489
2606.0,-1.0259922178988325
2607.0,-1.2703030303030303
2608.0,0.7361904761904765
2609.0,-0.2210606060606061
2610.0,0.6091379310344828
2611.0,-0.8025000000000001
2612.0,-1.0318552036199093
2613.0,-0.5850704225352112
2614.0,-1.0677310924369747
2615.0,-1.1242592592592595
2616.0,-1.035774647887324
2617.0,-0.675096153846154
2618.0,-1.0450847457627117
2619.0,-1.0929411764705883
2620.0,-1.0639795918367345
2621.0,-0.4349152542372882
2622.0,-1.1301515151515151
2623.0,-0.1490909090909091
2624.0,-1.0372972972972971
2625.0,-1.0332242990654203
2626.0,-1.185945945945946
2627.0,-0.30540983606557387
2628.0,0.6616393442622952
2629.0,-1.1323076923076922
2630.0,0.7044444444444445
2631.0,0.7927868852459015
2632.0,-0.798139534883721
2633.0,-0.8637614678899082
2634.0,-0.7251485148514851
2635.0,0.8224999999999999
2636.0,-0.30048387096774193
2637.0,-0.79078125
2638.0,-0.8382142857142855
2639.0,-1.0374358974358975
2640.0,0.7646296296296294
2641.0,-0.43711538461538474
2642.0,-0.14393939393939395
2643.0,-1.0068918918918919
2644.0,-0.07333333333333338
2645.0,-0.1414754098360656
2646.0,-0.5507142857142858
2647.0,-0.5073611111111112
2648.0,-1.0610784313725492
2649.0,0.35523809523809524
2650.0,-0.5096629213483146
2651.0,-1.0332242990654206
2652.0,-0.9108333333333333
2653.0,-0.9003773584905659
2654.0,-1.1194642857142856
2655.0,-0.951081081081081
2656.0,-0.050810810810810854
2657.0,-1.0019047619047619
2658.0,-0.9935820895522389
2659.0,-1.1968750000000004
2660.0,-1.04078125
2661.0,-1.241904761904762
2662.0,-0.7945454545454548
2663.0,-0.4028787878787879
2664.0,-0.1983333333333334
2665.0,-0.812289156626506
2666.0,-0.8769047619047619
2667.0,-1.0732000000000002
2668.0,-0.5908771929824561
2669.0,-1.2790625
2670.0,-0.9105882352941176
2671.0,-1.0180748663101604
2672.0,-0.35205128205128206
2673.0,-1.056546762589928
2674.0,-1.175897435897436
2675.0,0.29061224489795917
2676.0,-0.15477272727272728
2677.0,-0.3221428571428571
2678.0,-0.8662135922330099
2679.0,0.06499999999999992
2680.0,0.7269117647058824
2681.0,-1.0717500000000002
2682.0,-0.7782653061224489
2683.0,-1.0013636363636362
2684.0,0.2026229508196721
2685.0,0.7510909090909091
2686.0,0.11887096774193541
2687.0,-0.8345121951219512
2688.0,-1.0008695652173911
2689.0,0.06434782608695651
2690.0,-1.0006837606837609
2691.0,-1.0437037037037036
2692.0,-0.2563934426229509
2693.0,-1.1645283018867925
2694.0,0.736153846153846
2695.0,0.15166666666666667
2696.0,-0.843515625
2697.0,-1.0327631578947367
2698.0,-0.8451219512195123
2699.0,-1.105079365079365
2700.0,-0.6873684210526315
2701.0,-0.4275
2702.0,-0.8733333333333332
2703.0,-1.071858407079646
2704.0,-0.2623214285714286
2705.0,-0.9115116279069767
2706.0,-0.8550000000000001
2707.0,-1.1713725490196079
2708.0,-1.0714606741573034
2709.0,0.47568627450980394
2710.0,-1.071140350877193
2711.0,-1.0385074626865671
2712.0,-1.288387096774194
2713.0,-1.11012987012987
2714.0,-1.2156097560975612
2715.0,-0.44
2716.0,-1.080625
2717.0,-0.9266666666666669
2718.0,-0.9806250000000001
2719.0,-1.1028048780487805
2720.0,-1.0909615384615383
2721.0,-1.0013043478260872
2722.0,-0.6715476190476191
2723.0,-0.8415625000000001
2724.0,-0.8915000000000001
2725.0,0.12734693877551018
2726.0,0.731774193548387
2727.0,-1.0321511627906976
2728.0,-0.6042241379310345
2729.0,-1.054242424242424
2730.0,0.597121212121212
2731.0,-0.4713432835820896
2732.0,-1.0254325259515569
2733.0,-1.0575409836065575
2734.0,-0.7744827586206896
2735.0,0.6021052631578947
2736.0,-0.5112264150943395
2737.0,-0.6902551020408163
2738.0,-0.9924999999999998
2739.0,-1.093932584269663
2740.0,0.6164814814814815
2741.0,-1.0415873015873014
2742.0,-0.802091503267974
2743.0,0.18338709677419357
2744.0,0.6928358208955223
2745.0,-1.0013636363636362
2746.0,-0.945188679245283
2747.0,-1.22125
2748.0,-0.7656410256410258
2749.0,-1.0541592920353984
2750.0,-0.881025641025641
2751.0,0.5614705882352939
2752.0,0.836923076923077
2753.0,-0.8538211382113822
2754.0,0.6569841269841271
2755.0,-0.04985915492957749
2756.0,0.2082758620689654
2757.0,-0.5609876543209876
2758.0,-0.9567832167832168
2759.0,-0.5993750000000001
2760.0,-1.1955555555555557
2761.0,-0.3464814814814815
2762.0,-0.19608108108108105
2763.0,-0.6752941176470589
2764.0,-1.1070886075949367
2765.0,0.7183333333333334
2766.0,0.7599999999999999
2767.0,-1.0040449438202248
2768.0,0.15999999999999998
2769.0,-1.0170063694267513
2770.0,0.7563235294117646
2771.0,-1.0524999999999998
2772.0,-1.1088524590163937
2773.0,0.7981944444444444
2774.0,-0.5
2775.0,0.61546875
2776.0,0.8255737704918032
2777.0,0.18857142857142853
2778.0,-0.4025000000000001
2779.0,-0.8078571428571429
2780.0,-0.5305844155844155
2781.0,-1.1391935483870967
2782.0,-0.23772727272727268
2783.0,-0.9964000000000001
2784.0,0.7189041095890412
2785.0,-0.7010679611650484
2786.0,-0.3033802816901408
2787.0,-0.9704444444444443
2788.0,-1.0740909090909092
2789.0,-1.0344711538461537
2790.0,-1.1069354838709677
2791.0,-0.8503896103896105
2792.0,-0.38788732394366193
2793.0,-1.11012987012987
2794.0,-0.40981132075471705
2795.0,-1.093932584269663
2796.0,-1.0836363636363637
2797.0,-0.8468376068376069
2798.0,-1.0214625850340135
2799.0,0.7044444444444443
2800.0,-0.9291891891891892
2801.0,-0.8844444444444444
2802.0,-0.6827083333333333
2803.0,-0.42085106382978726
2804.0,-1.124057971014493
2805.0,0.2133333333333333
2806.0,-1.1787755102040816
2807.0,-0.5027118644067796
2808.0,-0.9670531400966181
2809.0,-0.8439603960396038
2810.0,-1.0935714285714284
2811.0,0.3665573770491804
2812.0,0.6579591836734694
2813.0,-0.32035714285714295
2814.0,-0.25785714285714284
2815.0,-0.31196969696969695
2816.0,0.83421875
2817.0,-0.9821874999999999
2818.0,-0.4935714285714287
2819.0,-0.7824999999999999
2820.0,-1.13453125
2821.0,-0.5474324324324324
2822.0,0.6891666666666667
2823.0,-1.0182222222222221
2824.0,-0.79078125
2825.0,-1.0472972972972974
2826.0,-1.077264150943396
2827.0,-0.7652100840336136
2828.0,-0.0052439024390244305
2829.0,-0.891685393258427
2830.0,-0.688170731707317
2831.0,-0.457948717948718
2832.0,-1.0834343434343434
2833.0,-0.6313043478260869
2834.0,0.6616393442622952
2835.0,-1.1108333333333331
2836.0,0.5541176470588234
2837.0,-1.0658196721311477
2838.0,-0.7372222222222221
2839.0,-1.0951136363636365
2840.0,-1.0134254143646408
2841.0,-0.7142268041237112
2842.0,-0.6756617647058824
2843.0,0.6492857142857142
2844.0,-0.5074418604651163
2845.0,0.13053571428571428
2846.0,-0.915217391304348
2847.0,-0.7187735849056605
2848.0,0.7018604651162792
2849.0,-0.5744594594594594
2850.0,-0.9551898734177214
2851.0,0.8151470588235293
2852.0,-1.0171739130434783
2853.0,-1.130151515151515
2854.0,-1.2959259259259264
2855.0,0.10134615384615382
2856.0,-1.010038167938931
2857.0,-0.9791304347826085
2858.0,-0.9827184466019417
2859.0,-1.1221428571428567
2860.0,-0.5537755102040817
2861.0,0.8255737704918031
2862.0,0.14257575757575758
2863.0,-0.7920689655172415
2864.0,-0.6824778761061947
2865.0,-0.7812844036697248
2866.0,-1.065851851851852
2867.0,-0.4078571428571428
2868.0,0.24305084745762714
2869.0,-1.0374358974358975
2870.0,-1.022006920415225
2871.0,0.4438235294117647
2872.0,-0.45562500000000006
2873.0,-1.0467484662576687
2874.0,-0.8771681415929204
2875.0,-1.227179487179487
2876.0,-1.0057575757575756
2877.0,-0.8938461538461537
2878.0,0.36357142857142855
2879.0,-1.1485185185185185
2880.0,0.8395454545454546
2881.0,0.6021052631578946
2882.0,-0.9275000000000001
2883.0,0.6467924528301887
2884.0,0.13301587301587303
2885.0,-0.7054255319148935
2886.0,-0.75953125
2887.0,-1.0453892215568863
2888.0,-0.798139534883721
2889.0,-1.13453125
2890.0,0.7746153846153846
2891.0,0.21564516129032252
2892.0,-0.5107407407407407
2893.0,-0.9600000000000003
2894.0,-0.5027118644067796
2895.0,0.8492857142857142
2896.0,0.4118987341772152
2897.0,-1.0338388625592416
2898.0,-1.0843877551020409
2899.0,-0.8556250000000001
2900.0,-0.705625
2901.0,-0.9518055555555556
2902.0,-1.1028048780487805
2903.0,0.8492857142857141
2904.0,-0.883012048192771
2905.0,-0.8390990990990991
2906.0,-0.06954545454545456
2907.0,-1.0524999999999998
2908.0,-0.13583333333333342
2909.0,-1.0988235294117645
2910.0,-0.7696052631578947
2911.0,-1.0516666666666667
2912.0,-0.22113207547169805
2913.0,-0.06500000000000002
2914.0,-1.027
2915.0,-1.0743023255813953
2916.0,-0.08375000000000006
2917.0,0.11454545454545448
2918.0,0.21614035087719297
2919.0,-0.8014035087719298
2920.0,0.7225
2921.0,-0.5908064516129031
2922.0,-1.0221875
2923.0,-0.9366666666666665
2924.0,-1.1678846153846154
2925.0,0.5734328358208955
2926.0,-0.3843298969072166
2927.0,0.7107042253521126
2928.0,0.020714285714285702
2929.0,-0.8927777777777777
2930.0,0.7044444444444445
2931.0,-0.34
2932.0,0.526233766233766
2933.0,-0.0480357142857143
2934.0,-1.045722891566265
2935.0,0.8445588235294116
2936.0,-0.9760223048327138
2937.0,-0.968846153846154
2938.0,-0.7719767441860466
2939.0,-0.7766379310344828
2940.0,-1.0780952380952382
2941.0,0.4290140845070422
2942.0,-1.1041975308641976
2943.0,-0.7814634146341463
2944.0,0.2076
2945.0,-0.431326530612245
2946.0,-0.4393243243243243
2947.0,-0.1533333333333333
2948.0,-0.7812844036697247
2949.0,-0.7666666666666667
2950.0,-1.1240579710144925
2951.0,-1.0111320754716981
2952.0,0.6274242424242423
2953.0,-0.7542857142857144
2954.0,-0.16968750000000002
2955.0,-1.0655208333333335
2956.0,0.14356164383561645
2957.0,-0.5662195121951219
2958.0,-0.26238805970149254
2959.0,-0.9174193548387096
2960.0,-0.7585185185185185
2961.0,0.5571014492753622
2962.0,-0.7694117647058825
2963.0,-0.28494382022471915
2964.0,-0.8828571428571428
2965.0,-0.7753773584905663
2966.0,-0.5074418604651164
2967.0,-0.5977586206896552
2968.0,-1.1260294117647063
2969.0,-0.8413207547169811
2970.0,0.3921428571428571
2971.0,-1.0988235294117645
2972.0,-1.1041975308641976
2973.0,-0.8262068965517241
2974.0,-0.36345679012345683
2975.0,0.8369230769230768
2976.0,0.26724637681159424
2977.0,0.27562499999999995
2978.0,-1.0951136363636362
2979.0,0.07355932203389821
2980.0,-0.6091860465116279
2981.0,-0.9537404580152672
2982.0,0.2963636363636364
2983.0,-1.0008695652173913
2984.0,-0.5435714285714286
2985.0,0.48767857142857135
2986.0,-0.3352380952380953
2987.0,-1.0302173913043478
2988.0,0.8571641791044777
2989.0,0.7756249999999998
2990.0,-0.6103703703703703
2991.0,-0.9141573033707865
2992.0,-0.21115384615384614
2993.0,-1.0386111111111112
2994.0,-0.5313043478260869
2995.0,-1.1280597014925373
2996.0,-0.8650000000000002
2997.0,0.7981944444444445
2998.0,-0.15025641025641034
2999.0,-1.0532530120481924
3000.0,0.28573529411764703
3001.0,-1.0303846153846152
3002.0,-1.0746280991735537
3003.0,-0.7792156862745097
3004.0,0.6466666666666666
3005.0,0.48535211267605627
3006.0,-0.2098795180722892
3007.0,0.550441176470588
3008.0,0.60375
3009.0,-0.9269158878504673
3010.0,-1.0893150684931507
3011.0,-1.0392021276595744
3012.0,-1.04
3013.0,-0.9614705882352941
3014.0,-0.7832098765432097
3015.0,-1.191086956521739
3016.0,-1.1218181818181818
3017.0,0.7599999999999999
3018.0,-0.24000000000000005
3019.0,-0.9038257575757574
3020.0,0.8285483870967743
3021.0,-0.41500000000000004
3022.0,-1.0966176470588234
3023.0,-0.30250000000000005
3024.0,-0.6194642857142857
3025.0,-0.7047887323943662
3026.0,-0.8958935361216729
3027.0,-0.9802597402597403
3028.0,-1.0251711026615973
3029.0,-0.42534482758620695
3030.0,0.8061538461538461
3031.0,-0.6881707317073171
3032.0,-0.6513924050632911
3033.0,-1.0450847457627117
3034.0,0.22071428571428564
3035.0,0.8005882352941177
3036.0,-1.1070886075949369
3037.0,-1.1041975308641976
3038.0,-1.166829268292683
3039.0,-0.31090909090909097
3040.0,-0.6848529411764704
3041.0,0.5606756756756756
3042.0,-1.1551785714285714
3043.0,-0.17928571428571427
3044.0,-0.2432894736842105
3045.0,0.8122388059701493
3046.0,0.8369230769230769
3047.0,-1.0890566037735847
3048.0,-0.9050485436893204
3049.0,-1.1041975308641976
3050.0,-0.5787603305785125
3051.0,0.8445588235294117
3052.0,0.5980281690140846
3053.0,-0.376986301369863
3054.0,-1.008316831683168
3055.0,0.42796875
3056.0,-1.2271794871794872
3057.0,-0.8564406779661016
3058.0,0.5449999999999999
3059.0,-0.9955066079295153
3060.0,-1.0086567164179103
3061.0,-0.6705555555555557
3062.0,0.27902173913043476
3063.0,-0.8705555555555555
3064.0,-1.1260294117647058
3065.0,0.801095890410959
3066.0,0.0909859154929577
3067.0,-0.6170833333333334
3068.0,-0.8226760563380281
3069.0,-1.0322077922077924
3070.0,-1.1322222222222222
3071.0,0.8207142857142855
3072.0,0.4822222222222221
3073.0,-0.7845544554455445
3074.0,-1.0628346456692919
3075.0,-0.605483870967742
3076.0,-1.1645283018867925
3077.0,-0.3393589743589744
3078.0,-1.215609756097561
3079.0,0.6467924528301884
3080.0,-0.8735403726708074
3081.0,-1.0047058823529411
3082.0,0.7148611111111111
3083.0,-0.6802985074626866
3084.0,-0.17258426966292137
3085.0,-1.097558139534884
3086.0,0.25999999999999995
3087.0,-1.128059701492537
3088.0,-1.175
3089.0,-0.6117105263157895
3090.0,-0.1987628865979382
3091.0,0.01986842105263158
3092.0,-1.0470987654320987
3093.0,0.6092063492063491
3094.0,0.8395454545454546
3095.0,0.4525675675675675
3096.0,-1.3204000000000002
3097.0,-0.6178409090909092
3098.0,-0.36740384615384614
3099.0,-0.6288888888888889
3100.0,-0.1150000000000001
3101.0,0.7894117647058824
3102.0,-0.9993283582089552
3103.0,-1.1041975308641976
3104.0,-1.0760504201680674
3105.0,0.6868292682926829
3106.0,-0.2026865671641791
3107.0,-0.47828125
3108.0,-1.1476086956521743
3109.0,0.8395454545454545
3110.0,0.05746835443037974
3111.0,-0.712457627118644
3112.0,-0.6601840490797545
3113.0,-0.20400000000000026
3114.0,-0.39732758620689657
3115.0,0.5271232876712328
3116.0,-1.0733333333333333
3117.0,0.8376056338028167
3118.0,-1.0328994082840237
3119.0,-0.9690076335877862
3120.0,-0.6078571428571428
3121.0,0.661639344262295
3122.0,0.32179775280898876
3123.0,0.8420895522388059
3124.0,-0.7796688741721856
3125.0,-0.5926785714285715
3126.0,0.2760256410256409
3127.0,-1.1133333333333333
3128.0,0.731774193548387
3129.0,-0.8557894736842103
3130.0,-0.1807894736842106
3131.0,0.42071428571428565
3132.0,-1.0249056603773585
3133.0,-1.0286904761904763
3134.0,-0.8097115384615385
3135.0,-0.6235616438356165
3136.0,-0.037752808988764076
3137.0,-1.0112643678160917
3138.0,-1.1101298701298699
3139.0,0.32617647058823523
3140.0,-1.2051162790697674
3141.0,-0.8337500000000001
3142.0,-1.038507462686567
3143.0,-1.0560714285714288
3144.0,-1.1041975308641974
3145.0,-1.0221782178217822
3146.0,-1.227179487179487
3147.0,-0.5672058823529413
3148.0,-0.42000000000000004
3149.0,-1.1807894736842106
3150.0,-0.9519999999999998
3151.0,-0.3148
3152.0,0.2662962962962963
3153.0,-1.1133333333333333
3154.0,-1.1866666666666665
3155.0,0.003243243243243202
3156.0,-1.0950000000000002
3157.0,-0.832436974789916
3158.0,-1.1180487804878048
3159.0,-0.976111111111111
3160.0,-0.5240909090909092
3161.0,-0.5204054054054054
3162.0,-0.89625
3163.0,-0.45562500000000006
3164.0,-1.292916666666667
3165.0,-1.3726315789473684
3166.0,-0.8407692307692307
3167.0,0.7894117647058824
3168.0,-0.00562500000000004
3169.0,0.7996825396825398
3170.0,0.7927868852459019
3171.0,0.30934210526315786
3172.0,0.8515492957746478
3173.0,0.09720930232558135
3174.0,0.561470588235294
3175.0,-1.0756481481481481
3176.0,-0.9840944881889764
3177.0,-0.6135632183908046
3178.0,-0.5551851851851852
3179.0,-1.0640000000000003
3180.0,-0.3954878048780488
3181.0,-1.2696153846153846
3182.0,-0.36637362637362647
3183.0,-1.1101298701298703
3184.0,0.8179710144927534
3185.0,0.24928571428571422
3186.0,-0.1692035398230089
3187.0,-1.18625
3188.0,-0.6992391304347827
3189.0,0.704078947368421
3190.0,-0.2580722891566265
3191.0,-1.0165531914893617
3192.0,-0.4658064516129034
3193.0,0.40062499999999995
3194.0,-1.185945945945946
3195.0,0.20932432432432438
3196.0,-0.7784615384615385
3197.0,-0.9542857142857143
3198.0,-1.22125
3199.0,0.7339583333333333
3200.0,-0.08482758620689658
3201.0,-0.43090909090909096
3202.0,-0.04833333333333336
3203.0,-1.13453125
3204.0,-0.6331297709923664
3205.0,0.80296875
3206.0,-1.1551785714285714
3207.0,0.8130769230769231
3208.0,-0.5501265822784809
3209.0,0.8445588235294118
3210.0,0.38152777777777774
3211.0,0.8469565217391303
3212.0,-0.754344262295082
3213.0,-0.6591919191919192
3214.0,-1.152280701754386
3215.0,0.6090566037735848
3216.0,-1.2983333333333331
3217.0,-1.120281690140845
3218.0,-1.0606106870229008
3219.0,-1.0718584070796462
3220.0,-1.1117105263157894
3221.0,-1.13453125
3222.0,0.206428571428571
3223.0,-0.6209523809523811
3224.0,-0.566530612244898
3225.0,0.105679012345679
3226.0,-1.092112676056338
3227.0,-1.1150000000000002
3228.0,-0.20634615384615385
3229.0,0.7891666666666668
3230.0,-1.0434682080924857
3231.0,-0.5184090909090909
3232.0,-1.089056603773585
3233.0,-0.858881118881119
3234.0,-0.05770833333333333
3235.0,-1.0693798449612402
3236.0,0.6870833333333333
3237.0,-1.1117105263157894
3238.0,-1.0312946428571428
3239.0,0.1965079365079364
3240.0,-1.0998484848484846
3241.0,-1.2404000000000002
3242.0,0.1072222222222222
3243.0,-1.0789830508474576
3244.0,0.18338709677419351
3245.0,0.19910256410256408
3246.0,0.6726984126984126
3247.0,0.1274698795180723
3248.0,-1.1827083333333333
3249.0,-1.251666666666667
3250.0,0.72875
3251.0,0.47818181818181815
3252.0,-0.9046825396825398
3253.0,-1.1442553191489362
3254.0,-0.36941176470588244
3255.0,-0.4570542635658915
3256.0,-0.3706306306306306
3257.0,-1.1240579710144927
3258.0,0.4648611111111111
3259.0,-0.9429599999999999
3260.0,-0.9055629139072848
3261.0,-0.6063366336633663
3262.0,-0.9410869565217391
3263.0,-0.4026506024096387
3264.0,-0.5863541666666668
3265.0,0.2863157894736842
3266.0,-0.17925233644859812
3267.0,-0.6235616438356166
3268.0,0.574655172413793
3269.0,0.5978378378378377
3270.0,-0.9955555555555553
3271.0,0.842089552238806
3272.0,-1.2002272727272727
3273.0,-1.0829487179487178
3274.0,-1.1150000000000002
3275.0,0.8369230769230769
3276.0,-0.6312037037037038
3277.0,0.5064705882352942
3278.0,0.5599999999999998
3279.0,-0.9126618705035974
3280.0,-0.6175510204081632
3281.0,-0.44833333333333336
3282.0,-0.40964285714285725
3283.0,-1.064
3284.0,-1.0655208333333333
3285.0,-0.9376744186046512
3286.0,-0.9400000000000002
3287.0,-1.0873684210526318
3288.0,-0.7142268041237113
3289.0,-1.0798058252427185
3290.0,0.76
3291.0,0.7646296296296298
3292.0,-0.9729545454545455
3293.0,0.7803225806451612
3294.0,0.6726984126984127
3295.0,-0.1134939759036145
3296.0,-1.4086666666666672
3297.0,-1.1955555555555557
3298.0,-1.0916483516483517
3299.0,-0.94625
3300.0,-0.9616494845360823
3301.0,0.2257534246575342
3302.0,-1.1494827586206897
3303.0,-0.7400000000000002
3304.0,-1.2399999999999998
3305.0,-0.8921739130434782
3306.0,-0.5472289156626506
3307.0,-1.0664462809917354
3308.0,0.24484848484848473
3309.0,-0.7816666666666666
3310.0,-1.0008333333333335
3311.0,-1.132156862745098
3312.0,-1.0966176470588234
3313.0,-0.3766279069767441
3314.0,-1.1350000000000002
3315.0,-1.1008333333333338
3316.0,-1.089462365591398
3317.0,-0.5853947368421054
3318.0,0.15062499999999995
3319.0,-1.08375
3320.0,-0.9821874999999999
3321.0,0.4558333333333332
3322.0,-1.2016000000000002
3323.0,-1.3483333333333338
3324.0,0.2036619718309859
3325.0,-1.2419047619047623
3326.0,-1.1500000000000001
3327.0,-0.608666666666667
3328.0,-1.0590789473684208
3329.0,0.8092424242424242
3330.0,-1.1441666666666668
3331.0,-0.6828571428571429
3332.0,0.8122388059701492
3333.0,-1.027878787878788
3334.0,-1.3089655172413794
3335.0,-1.0542361111111112
3336.0,0.8515492957746477
3337.0,0.34510638297872337
3338.0,-1.0553153153153154
3339.0,0.18763157894736837
3340.0,-0.1266666666666667
3341.0,-1.0683898305084747
3342.0,-0.7769047619047618
3343.0,-1.097558139534884
3344.0,0.8092424242424242
3345.0,-1.1645283018867925
3346.0,-0.31708333333333333
3347.0,0.23183098591549292
3348.0,0.7421428571428571
3349.0,-0.9345714285714286
3350.0,-0.7825000000000002
3351.0,-0.2624719101123596
3352.0,-1.1441666666666666
3353.0,-0.938924731182796
3354.0,-0.8584745762711865
3355.0,-0.4198780487804878
3356.0,-1.139047619047619
3357.0,-1.0834343434343434
3358.0,-1.0150677506775065
3359.0,0.842089552238806
3360.0,-0.8123684210526315
3361.0,0.05235294117647027
3362.0,-1.0155102040816328
3363.0,0.8233802816901409
3364.0,0.15999999999999984
3365.0,0.8492857142857143
3366.0,-1.144255319148936
3367.0,-1.0277906976744187
3368.0,-0.5626744186046513
3369.0,0.37693548387096776
3370.0,0.7927868852459017
3371.0,0.7225
3372.0,-0.16753623188405797
3373.0,0.60375
3374.0,-0.9629999999999999
3375.0,0.5698591549295775
3376.0,0.5683561643835616
3377.0,-0.9197385620915033
3378.0,-1.1416393442622954
3379.0,0.04618421052631574
3380.0,-1.175
3381.0,-1.0128960396039604
3382.0,-1.0076666666666665
3383.0,-1.0705555555555557
3384.0,-0.6393902439024389
3385.0,0.24666666666666662
3386.0,-0.7873484848484849
3387.0,0.16540540540540535
3388.0,-0.6093181818181819
3389.0,-1.0622222222222224
3390.0,0.7952112676056338
3391.0,-1.0517647058823532
3392.0,-1.0187179487179485
3393.0,0.819322033898305
3394.0,-0.9560493827160492
3395.0,-0.9827884615384614
3396.0,-1.085394736842105
3397.0,-0.7484033613445379
3398.0,-1.0341379310344825
3399.0,0.85375
3400.0,0.15112903225806454
3401.0,-1.186808510638298
3402.0,0.6543661971830985
3403.0,-0.7445180722891567
3404.0,0.06792682926829266
3405.0,-0.8467961165048545
3406.0,-0.3066666666666667
3407.0,-0.6447058823529412
3408.0,-0.38453125
3409.0,0.6159322033898303
3410.0,-0.8008552631578948
3411.0,-0.9334523809523813
3412.0,0.6274242424242424
3413.0,-1.0265168539325842
3414.0,-1.0205035971223024
3415.0,-0.37043478260869567
3416.0,-0.7205194805194806
3417.0,-0.9482352941176475
3418.0,-1.0756481481481481
3419.0,-1.031290322580645
3420.0,-0.7101492537313433
3421.0,0.7686440677966102
3422.0,-0.808069306930693
3423.0,0.08421874999999998
3424.0,-0.19535714285714287
3425.0,-1.1133333333333333
3426.0,0.4555128205128203
3427.0,-1.0075206611570247
3428.0,0.8492857142857141
3429.0,-0.7629357798165137
3430.0,0.7952112676056338
3431.0,-1.0119194312796207
3432.0,-1.1149999999999998
3433.0,-0.9825000000000003
3434.0,-0.8650000000000003
3435.0,-0.8286075949367088
3436.0,-1.0825000000000002
3437.0,-0.5607547169811322
3438.0,0.0065753424657533956
3439.0,-0.9725949367088609
3440.0,-0.3950574712643678
3441.0,0.8445588235294117
3442.0,0.8515492957746478
3443.0,-1.0022549019607845
3444.0,-0.5611382113821138
3445.0,-1.0670833333333334
3446.0,-1.0547321428571428
3447.0,-1.0071232876712326
3448.0,-0.24367647058823524
3449.0,-0.7941401273885351
3450.0,0.0731868131868132
3451.0,-1.0893150684931507
3452.0,0.7501960784313725
3453.0,0.7996825396825398
3454.0,-0.45917808219178086
3455.0,-0.3301162790697675
3456.0,-0.9360227272727273
3457.0,-0.8911627906976745
3458.0,-1.1080000000000003
3459.0,-0.24000000000000005
3460.0,-0.6816504854368931
3461.0,-0.4078571428571429
3462.0,0.006268656716417866
3463.0,-1.0038666666666665
3464.0,-0.1604545454545455
3465.0,0.38352941176470584
3466.0,0.8395454545454546
3467.0,0.8207142857142856
3468.0,-0.5157009345794392
3469.0,-0.005625000000000014
3470.0,0.3174324324324324
3471.0,-0.23253731343283582
3472.0,0.8492857142857141
3473.0,0.7303947368421051
3474.0,0.6944262295081967
3475.0,-0.685625
3476.0,0.40545454545454546
3477.0,-0.7640963855421685
3478.0,-1.048176100628931
3479.0,0.8445588235294117
3480.0,-1.0805172413793103
3481.0,-1.0483333333333333
3482.0,0.8492857142857142
3483.0,-1.044733727810651
3484.0,-1.061917808219178
3485.0,-1.1467796610169492
3486.0,-0.6393902439024391
3487.0,0.4507894736842105
3488.0,-0.9656637168141593
3489.0,0.13301587301587298
3490.0,-0.3129166666666667
3491.0,-0.94703125
3492.0,0.7927868852459017
3493.0,-0.44666666666666666
3494.0,-1.295925925925926
3495.0,-0.6699999999999999
3496.0,0.6225
3497.0,0.49846153846153834
3498.0,-1.079506172839506
3499.0,0.11064935064935065
3500.0,-1.0219999999999998
3501.0,-0.6195180722891567
3502.0,-1.1041304347826089
3503.0,-1.0470652173913044
3504.0,-0.184814814814815
3505.0,-1.1221428571428569
3506.0,0.25999999999999995
3507.0,0.6419444444444443
3508.0,0.7563235294117648
3509.0,0.6207142857142856
3510.0,-1.0142857142857147
3511.0,-0.7730882352941176
3512.0,-1.1391935483870967
3513.0,-0.5413698630136986
3514.0,-0.9809638554216867
3515.0,-0.5555339805825243
3516.0,0.842089552238806
3517.0,-1.2051162790697674
3518.0,0.7525373134328358
3519.0,-1.1149999999999998
3520.0,-1.0951136363636365
3521.0,-1.031967213114754
3522.0,-0.9007142857142857
3523.0,0.34450704225352113
3524.0,-0.8008974358974358
3525.0,0.8420895522388061
3526.0,-0.15333333333333332
3527.0,-0.08482758620689657
3528.0,-0.875593220338983
3529.0,-1.227179487179487
3530.0,-1.3076923076923077
3531.0,0.8615942028985506
3532.0,-0.9114285714285715
3533.0,0.27277777777777745
3534.0,-0.9795833333333334
3535.0,-0.11878787878787889
3536.0,-0.42750000000000005
3537.0,-1.2212500000000002
3538.0,-1.227777777777778
3539.0,-0.8694964028776978
3540.0,-0.016470588235294157
3541.0,-0.19089285714285717
3542.0,-0.006891891891891865
3543.0,-1.2542857142857142
3544.0,-0.5247222222222222
3545.0,-0.8495238095238095
3546.0,0.6492857142857141
3547.0,0.31063291139240506
3548.0,-1.115
3549.0,-0.8664367816091955
3550.0,-0.27716216216216216
3551.0,-0.33322033898305087
3552.0,-1.1283783783783783
3553.0,-0.09353535353535355
3554.0,0.5877027027027028
3555.0,-0.9789705882352938
3556.0,-1.1914634146341463
3557.0,-0.299659090909091
3558.0,-0.7312280701754386
3559.0,0.8537500000000001
3560.0,-1.1441666666666666
3561.0,-1.15
3562.0,-1.1133333333333333
3563.0,0.5277464788732394
3564.0,-0.5366101694915254
3565.0,-0.6682407407407409
3566.0,-1.1221428571428567
3567.0,-0.26901785714285714
3568.0,-0.24704225352112685
3569.0,-0.19333333333333358
3570.0,-1.0743023255813953
3571.0,-0.816923076923077
3572.0,-0.6132394366197182
3573.0,-0.6950000000000002
3574.0,0.5252
3575.0,0.8537500000000001
3576.0,0.45921875
3577.0,-1.0288888888888887
3578.0,-1.0690598290598292
3579.0,0.7533333333333332
3580.0,-1.13453125
3581.0,-0.6835211267605633
3582.0,-0.3414492753623189
3583.0,-0.859402985074627
3584.0,-0.9746938775510205
3585.0,-1.1717241379310346
3586.0,-0.8485526315789473
3587.0,-0.2177777777777778
3588.0,-0.20180555555555557
3589.0,0.3444155844155844
3590.0,0.8092424242424243
3591.0,0.5271232876712328
3592.0,-0.8488709677419355
3593.0,0.7189041095890412
3594.0,-0.9572619047619048
3595.0,-1.023273381294964
3596.0,-1.3207692307692314
3597.0,-1.3431034482758621
3598.0,0.16259740259740255
3599.0,-1.1712500000000001
3600.0,-0.5543939393939393
3601.0,-1.3193750000000002
3602.0,-1.0927777777777776
3603.0,-1.1862500000000002
3604.0,0.36546875
3605.0,0.7310144927536232
3606.0,0.8395454545454545
3607.0,0.4483116883116883
3608.0,0.0725
3609.0,-1.155714285714286
3610.0,0.07597222222222218
3611.0,0.8369230769230769
3612.0,-0.4203278688524591
3613.0,0.29819444444444443
3614.0,-0.7267021276595745
3615.0,-0.9466532258064515
3616.0,0.3188235294117647
3617.0,0.058701298701298685
3618.0,-0.6042635658914729
3619.0,0.6367123287671232
3620.0,0.23191011235955053
3621.0,-1.1467796610169492
3622.0,-1.071140350877193
3623.0,-0.8543617021276597
3624.0,-0.030625000000000024
3625.0,-0.30153846153846153
3626.0,0.707910447761194
3627.0,-0.6729896907216495
3628.0,-0.9518055555555556
3629.0,0.7189041095890412
3630.0,-1.132156862745098
3631.0,-0.11058823529411771
3632.0,-0.1844444444444445
3633.0,0.8061538461538462
3634.0,-1.2152631578947373
3635.0,-1.0569281045751635
3636.0,0.11616438356164381
3637.0,0.8637142857142857
3638.0,0.7336363636363635
3639.0,0.02071428571428567
3640.0,0.4030158730158731
3641.0,-0.9989928057553957
3642.0,0.8259722222222223
3643.0,-1.1657446808510639
3644.0,0.7952112676056337
3645.0,0.5435820895522387
3646.0,-1.1117105263157894
3647.0,-1.080625
3648.0,0.7225
3649.0,-0.5496590909090909
3650.0,-0.7790625
3651.0,-1.0176946107784426
3652.0,0.8259722222222222
3653.0,-1.3825000000000003
3654.0,-0.058181818181818244
3655.0,-1.1856250000000002
3656.0,0.8469565217391304
3657.0,0.09838709677419345
3658.0,-1.065
3659.0,-0.892046783625731
3660.0,0.5034210526315788
3661.0,-0.8245762711864405
3662.0,-1.0789830508474576
3663.0,0.44560606060606067
3664.0,-1.0966176470588234
3665.0,0.5067948717948717
3666.0,-1.0048344370860929
3667.0,0.8492857142857143
3668.0,0.27204819277108433
3669.0,0.83421875
3670.0,0.8515492957746477
3671.0,-1.120281690140845
3672.0,-0.21474747474747477
3673.0,0.8423287671232877
3674.0,0.08467532467532464
3675.0,-1.0834343434343436
3676.0,0.12746987951807223
3677.0,-0.026111111111111134
3678.0,-0.23709302325581388
3679.0,-1.1070886075949369
3680.0,-1.2790625000000002
3681.0,-1.0789423076923077
3682.0,-0.9275
3683.0,-1.0670833333333332
3684.0,-0.5269318181818181
3685.0,0.4266666666666665
3686.0,-0.71
3687.0,-0.5161627906976745
3688.0,-0.04468750000000002
3689.0,-0.015862068965517277
3690.0,-0.4546153846153847
3691.0,-0.5597115384615384
3692.0,-1.0760655737704916
3693.0,-1.0224074074074077
3694.0,0.1191549295774647
3695.0,0.006666666666666672
3696.0,-1.2542857142857142
3697.0,-1.0688043478260871
3698.0,-0.6715476190476191
3699.0,0.8016666666666666
3700.0,0.7310144927536233
3701.0,-0.7399999999999999
3702.0,0.669090909090909
3703.0,-0.7775
3704.0,-1.2971428571428574
3705.0,0.8469565217391305
3706.0,-0.675096153846154
3707.0,-1.2102380952380951
3708.0,-0.9668292682926829
3709.0,0.8515492957746479
3710.0,-0.06720588235294112
3711.0,-1.2971428571428574
3712.0,-1.2542857142857142
3713.0,0.15999999999999995
3714.0,-1.0611538461538461
3715.0,-0.9826470588235293
3716.0,-1.0219383259911892
3717.0,-0.9556250000000001
3718.0,-1.2658333333333338
3719.0,-1.192692307692308
3720.0,-0.514193548387097
3721.0,0.735609756097561
3722.0,-1.2194444444444443
3723.0,-1.1020689655172415
3724.0,-0.8136434108527131
3725.0,-0.34372340425531916
3726.0,-1.0923076923076929
3727.0,-0.9952742616033754
3728.0,-0.4686585365853658
3729.0,-1.0339393939393942
3730.0,0.7558333333333335
3731.0,-0.016470588235294095
3732.0,-1.210666666666667
3733.0,0.7733928571428572
3734.0,0.8179710144927536
3735.0,0.3546969696969696
3736.0,0.6147297297297296
3737.0,0.7533333333333332
3738.0,-1.0095312499999998
3739.0,0.6680882352941178
3740.0,0.7388732394366196
3741.0,-1.1416393442622952
3742.0,-0.3375609756097561
3743.0,0.8369230769230769
3744.0,-0.863931623931624
3745.0,-0.6824778761061947
3746.0,-1.254285714285714
3747.0,0.7927868852459017
3748.0,-0.5723863636363636
3749.0,0.8054545454545454
3750.0,-0.6261111111111112
3751.0,0.5798529411764705
3752.0,-0.67
3753.0,-1.115
3754.0,0.6599999999999998
3755.0,-1.0733333333333335
3756.0,-0.3315492957746478
3757.0,0.15527027027027024
3758.0,-1.124057971014493
3759.0,-1.064742268041237
3760.0,0.6975
3761.0,0.8492857142857141
3762.0,-1.2002272727272727
3763.0,-0.21530864197530866
3764.0,-1.171372549019608
3765.0,-0.5007246376811595
3766.0,0.7139473684210527
3767.0,-0.9421276595744683
3768.0,-1.3361904761904764
3769.0,-1.2323333333333333
3770.0,-0.7764583333333335
3771.0,-0.8334579439252338
3772.0,0.83421875
3773.0,0.5481355932203389
3774.0,-1.2156097560975612
3775.0,0.049444444444444104
3776.0,0.7996825396825398
3777.0,-1.1441666666666666
3778.0,-1.0099784017278617
3779.0,-1.1323076923076922
3780.0,-1.1117105263157894
3781.0,-1.1612962962962963
3782.0,-1.1085897435897434
3783.0,0.26431034482758614
3784.0,-1.0786666666666669
3785.0,-1.0551408450704225
3786.0,-0.9358333333333336
3787.0,-0.9091176470588236
3788.0,0.4054545454545454
3789.0,-1.1241176470588239
3790.0,0.6032835820895521
3791.0,-0.27529411764705886
3792.0,0.7310144927536232
3793.0,0.6492857142857142
3794.0,-0.5954216867469879
3795.0,-0.9490517241379312
3796.0,-0.9772881355932204
3797.0,0.6680882352941175
3798.0,0.7966666666666665
3799.0,-1.2264285714285719
3800.0,-1.0464516129032257
3801.0,0.2987931034482758
3802.0,-1.295925925925926
3803.0,-0.5153623188405797
3804.0,-1.1416393442622952
3805.0,-0.7182608695652173
3806.0,-1.0071957671957672
3807.0,-1.130151515151515
3808.0,-0.851413043478261
3809.0,-1.004957264957265
3810.0,-1.210666666666667
3811.0,0.8233802816901408
3812.0,-0.11946428571428573
3813.0,-0.8837500000000003
3814.0,0.7123529411764706
3815.0,-1.1280597014925375
3816.0,-0.7448076923076924
3817.0,-0.645263157894737
3818.0,-0.7613414634146342
3819.0,-1.0516666666666667
3820.0,0.70921875
3821.0,-1.276666666666667
3822.0,0.7733928571428572
3823.0,0.8238181818181819
3824.0,-0.9076829268292682
3825.0,-1.0095560253699787
3826.0,-0.8163888888888889
3827.0,0.735
3828.0,-1.1696491228070174
3829.0,-1.1769565217391302
3830.0,-1.1350000000000005
3831.0,-0.47349056603773587
3832.0,-1.2703030303030303
3833.0,-1.126029411764706
3834.0,0.23169811320754713
3835.0,-0.6235616438356164
3836.0,0.019868421052631598
3837.0,0.6543661971830985
3838.0,-1.0704347826086955
3839.0,-1.0834343434343434
3840.0,-0.8271212121212121
3841.0,-0.800897435897436
3842.0,0.4090384615384615
3843.0,-0.38222222222222224
3844.0,0.3815277777777778
3845.0,0.7962903225806452
3846.0,-1.1713725490196076
3847.0,0.8637142857142857
3848.0,-0.21777777777777782
3849.0,-0.8050406504065042
3850.0,-0.9716666666666667
3851.0,-0.24297619047619043
3852.0,-1.3341666666666667
3853.0,-1.0019047619047619
3854.0,-1.2135714285714287
3855.0,-1.1807894736842106
3856.0,-1.1442553191489362
3857.0,-0.9011842105263156
3858.0,-1.00008064516129
3859.0,-1.155714285714286
3860.0,-0.8043564356435644
3861.0,-1.0185121107266433
3862.0,-0.22764705882352942
3863.0,0.8224999999999999
3864.0,0.7849999999999998
3865.0,0.8395454545454545
3866.0,-0.5713253012048192
3867.0,-0.8382142857142857
3868.0,-1.22125
3869.0,-0.8684722222222222
3870.0,0.5271232876712328
3871.0,-0.28545454545454546
3872.0,-1.0480357142857144
3873.0,0.6089583333333333
3874.0,-0.43178082191780814
3875.0,-0.5507142857142856
3876.0,-0.3807766990291262
3877.0,-0.664342105263158
3878.0,0.3016666666666667
3879.0,-0.7765853658536586
3880.0,-0.04000000000000004
3881.0,-0.48719101123595504
3882.0,-0.7947945205479452
3883.0,-0.45311475409836066
3884.0,-1.2630434782608695
3885.0,-1.276666666666667
3886.0,0.7635714285714285
3887.0,-1.0711403508771928
3888.0,-1.0460606060606061
3889.0,0.8515492957746477
3890.0,-1.1167123287671232
3891.0,0.7646296296296298
3892.0,-1.1323076923076925
3893.0,-1.0965
3894.0,-0.3218965517241379
3895.0,-1.0560645161290323
3896.0,0.18987804878048775
3897.0,-0.7753773584905659
3898.0,0.52171875
3899.0,-1.0460344827586208
3900.0,-0.05730769230769233
3901.0,-0.2295833333333334
3902.0,-1.0696703296703296
3903.0,-1.1014457831325302
3904.0,-0.20666666666666667
3905.0,-1.2620588235294117
3906.0,-0.7216176470588235
3907.0,-0.9971839080459771
3908.0,-0.6336170212765959
3909.0,-0.03513888888888897
3910.0,-1.105625
3911.0,0.7515254237288136
3912.0,0.7996825396825398
3913.0,-1.2051162790697676
3914.0,-1.1028048780487807
3915.0,-0.9990987124463517
3916.0,0.6717647058823529
3917.0,-0.36545454545454564
3918.0,0.7020289855072465
3919.0,0.8193220338983052
3920.0,0.3279661016949153
3921.0,-1.0362962962962963
3922.0,-0.5327631578947368
3923.0,-0.014038461538461559
3924.0,-1.023355048859935
3925.0,-1.1684615384615389
3926.0,-1.2983333333333331
3927.0,0.12923076923076926
3928.0,-1.1684615384615389
3929.0,-1.1467796610169492
3930.0,0.792142857142857
3931.0,-1.0078571428571428
3932.0,0.8285483870967743
3933.0,-1.0302173913043478
3934.0,-1.165
3935.0,0.23540983606557378
3936.0,0.5559154929577463
3937.0,-0.9258108108108107
3938.0,-0.50953125
3939.0,-0.7089655172413792
3940.0,-1.2429411764705884
3941.0,0.5798529411764705
3942.0,-0.42840579710144927
3943.0,-1.0092307692307692
3944.0,-1.0542361111111114
3945.0,0.05352941176470557
3946.0,0.55296875
3947.0,-0.40666666666666684
3948.0,-1.349130434782609
3949.0,-0.9194871794871796
3950.0,-1.0161299435028248
3951.0,-0.6616101694915254
3952.0,-0.7792857142857141
3953.0,0.7921428571428573
3954.0,-1.145714285714286
3955.0,-1.2564516129032257
3956.0,0.0776470588235294
3957.0,0.3208571428571429
3958.0,0.6837288135593221
3959.0,-0.8589024390243901
3960.0,-1.1184722222222223
3961.0,-0.8465853658536584
3962.0,-1.1787755102040816
3963.0,-0.7489285714285716
3964.0,-1.130151515151515
3965.0,-0.24416666666666664
3966.0,-0.7285057471264368
3967.0,-0.865
3968.0,-1.045722891566265
3969.0,-0.8617241379310346
3970.0,0.8285483870967744
3971.0,0.4411594202898551
3972.0,-0.1578082191780822
3973.0,-0.5770786516853933
3974.0,-1.1678846153846154
3975.0,0.15421052631578921
3976.0,0.17874999999999994
3977.0,-0.902037037037037
3978.0,0.5299999999999999
3979.0,0.4838805970149254
3980.0,-0.18166666666666673
3981.0,-0.7832098765432098
3982.0,-0.8532596685082873
3983.0,-0.6848529411764706
3984.0,-1.2002272727272727
3985.0,-0.6137864077669902
3986.0,-0.7702013422818791
3987.0,-1.1713725490196076
3988.0,-0.2563934426229508
3989.0,-0.39546218487394974
3990.0,0.8207142857142856
3991.0,-0.69703125
3992.0,0.19229166666666664
3993.0,0.4701449275362318
3994.0,-1.0434682080924855
3995.0,0.7977358490566038
3996.0,0.6082142857142855
3997.0,-0.9807407407407407
3998.0,-0.6150000000000001
3999.0,-0.2880769230769231
4000.0,-0.39489130434782616
4001.0,0.3703896103896104
4002.0,0.8492857142857141
4003.0,0.785735294117647
4004.0,-1.3535000000000004
4005.0,-1.0403472222222223
4006.0,0.7501960784313725
4007.0,-0.5443478260869565
4008.0,0.4175342465753425
4009.0,-1.0683898305084745
4010.0,-0.7026168224299066
4011.0,0.635
4012.0,-0.36941176470588233
4013.0,-0.9448969072164949
4014.0,-1.1301515151515151
4015.0,0.7670422535211265
4016.0,-0.2470422535211268
4017.0,-0.7372222222222223
4018.0,0.3901369863013699
4019.0,-1.0542361111111112
4020.0,-1.186808510638298
4021.0,-1.0257142857142856
4022.0,-1.233421052631579
4023.0,0.6830769230769231
4024.0,0.17874999999999996
4025.0,-0.6549999999999998
4026.0,-0.9302173913043477
4027.0,-0.8601923076923078
4028.0,0.7317741935483871
4029.0,-0.8286075949367088
4030.0,-1.0707692307692307
4031.0,-1.0316666666666665
4032.0,0.6945238095238094
4033.0,0.5698591549295774
4034.0,0.8369230769230769
4035.0,-0.4483333333333333
4036.0,-0.7724657534246575
4037.0,0.8515492957746478
4038.0,-0.9779032258064515
4039.0,0.10810126582278477
4040.0,-0.9806462585034011
4041.0,0.83
4042.0,-0.4201470588235294
4043.0,-1.0628346456692916
4044.0,-1.130151515151515
4045.0,0.722686567164179
4046.0,0.8259722222222222
4047.0,0.1555223880597015
4048.0,-0.9802597402597402
4049.0,0.048194444444444415
4050.0,-1.4176470588235295
4051.0,0.34467741935483864
4052.0,0.7543181818181818
4053.0,0.70921875
4054.0,-1.1301515151515151
4055.0,0.6021052631578947
4056.0,-0.2767647058823529
4057.0,-0.5861538461538461
4058.0,0.28816901408450707
4059.0,0.6371929824561403
4060.0,-0.8573825503355704
4061.0,-1.1167123287671232
4062.0,0.7704166666666666
4063.0,-1.0650000000000004
4064.0,0.17874999999999994
4065.0,-0.6091860465116279
4066.0,-0.4972815533980583
4067.0,0.6177777777777779
4068.0,-0.03411764705882356
4069.0,0.7219565217391303
4070.0,-0.17351063829787233
4071.0,-0.2470422535211267
4072.0,-0.1495180722891567
4073.0,-0.0966176470588235
4074.0,-0.5954216867469879
4075.0,-0.4932051282051283
4076.0,0.7789393939393939
4077.0,-1.01116704805492
4078.0,-0.7837500000000001
4079.0,-1.0047368421052636
4080.0,0.17826923076923074
4081.0,-1.031139240506329
4082.0,0.8369230769230769
4083.0,0.6915068493150686
4084.0,0.16666666666666666
4085.0,0.3356578947368421
4086.0,-1.0160416666666665
4087.0,-1.00953125
4088.0,-0.8434482758620689
4089.0,-0.4170833333333333
4090.0,0.7844444444444445
4091.0,0.24605633802816895
4092.0,0.2036619718309859
4093.0,-0.6336170212765958
4094.0,0.6093150684931506
4095.0,-1.0085512367491167
4096.0,-0.25807228915662644
4097.0,0.3151470588235294
4098.0,-0.6598342541436465
4099.0,0.5304918032786884
4100.0,0.8284931506849316
4101.0,-0.42556701030927846
4102.0,-0.6767088607594934
4103.0,0.8445588235294118
4104.0,0.7388732394366196
4105.0,-0.7379508196721312
4106.0,0.23540983606557372
4107.0,-0.9097247706422017
4108.0,-0.9225
4109.0,0.22385542168674696
4110.0,-0.8959139784946237
4111.0,0.1334177215189874
4112.0,0.6189743589743589
4113.0,-1.1835294117647062
4114.0,-1.0124137931034483
4115.0,-0.03670329670329673
4116.0,-1.233421052631579
4117.0,-0.2528205128205129
4118.0,-0.35328125
4119.0,-1.233421052631579
4120.0,-0.12719512195121951
4121.0,0.32085714285714284
4122.0,-0.16329545454545458
4123.0,-0.9327083333333333
4124.0,-0.39056818181818187
4125.0,-0.7694117647058825
4126.0,-1.1710344827586208
4127.0,-1.115
4128.0,-1.1977142857142857
4129.0,-1.049090909090909
4130.0,0.10117647058823524
4131.0,-0.1626190476190477
4132.0,-1.1913888888888888
4133.0,-0.970072463768116
4134.0,0.2229629629629628
4135.0,0.028421052631578944
4136.0,0.006835443037974662
4137.0,0.7670422535211269
4138.0,-0.4442682926829267
4139.0,-1.1321568627450982
4140.0,-0.4844852941176472
4141.0,-0.6126851851851853
4142.0,-1.124057971014493
4143.0,-0.8467961165048543
4144.0,-0.5116049382716049
4145.0,-1.1476086956521738
4146.0,-1.0155102040816326
4147.0,-1.2766666666666668
4148.0,-1.2446153846153851
4149.0,0.7125862068965517
4150.0,0.23674418604651157
4151.0,0.764032258064516
4152.0,-0.5421978021978021
4153.0,-1.1345312500000002
4154.0,-0.6693478260869566
4155.0,-1.045722891566265
4156.0,0.46220588235294113
4157.0,-1.1008333333333338
4158.0,-0.6414084507042255
4159.0,-0.40517857142857144
4160.0,-1.1194642857142856
4161.0,0.8615942028985507
4162.0,0.21486111111111106
4163.0,0.16540540540540535
4164.0,-0.9308783783783783
4165.0,-1.0963218390804597
4166.0,0.8445588235294118
4167.0,0.005454545454545447
4168.0,-0.5266666666666666
4169.0,0.8395454545454545
4170.0,0.8515492957746478
4171.0,-1.0850000000000002
4172.0,-1.0884848484848486
4173.0,0.33499999999999996
4174.0,-0.9369230769230773
4175.0,-0.6790243902439025
4176.0,-1.0084659090909092
4177.0,-0.6220224719101124
4178.0,-0.6696875000000001
4179.0,0.4223376623376623
4180.0,-0.5077419354838709
4181.0,-0.7832098765432098
4182.0,-0.7540845070422534
4183.0,0.07609195402298848
4184.0,-0.23147727272727273
4185.0,-0.14133333333333375
4186.0,-0.4635576923076924
4187.0,-0.5333673469387755
4188.0,-0.9229268292682927
4189.0,0.3542028985507246
4190.0,-0.5576470588235293
4191.0,0.31084745762711863
4192.0,0.09846153846153846
4193.0,0.8091071428571429
4194.0,-0.33191176470588235
4195.0,-1.0540243902439026
4196.0,-0.36847222222222226
4197.0,0.027857142857142803
4198.0,-0.5576470588235293
4199.0,-0.03411764705882356
4200.0,-0.09789473684210533
4201.0,-0.9117791411042945
4202.0,0.13301587301587303
4203.0,-1.0047058823529411
4204.0,-0.5160416666666667
4205.0,-0.03591836734693882
4206.0,-1.0474534161490683
4207.0,-1.2838888888888895
4208.0,-1.3678571428571435
4209.0,-0.5512745098039216
4210.0,-0.7283333333333336
4211.0,-0.8098924731182796
4212.0,-1.3000000000000005
4213.0,-1.1546153846153848
4214.0,-1.0893150684931507
4215.0,0.7463013698630138
4216.0,-0.4499236641221374
4217.0,-0.7846268656716419
4218.0,-1.1260294117647056
4219.0,-1.0906944444444444
4220.0,-0.2851388888888889
4221.0,-1.0950724637681157
4222.0,-1.0499173553719008
4223.0,0.8492857142857141
4224.0,-0.6509589041095891
4225.0,-1.0148815165876777
4226.0,0.3446153846153846
4227.0,-0.582391304347826
4228.0,-0.3694117647058823
4229.0,-0.7254651162790697
4230.0,-1.1218181818181818
4231.0,-1.2156097560975612
4232.0,-1.0906944444444444
4233.0,-1.113333333333333
4234.0,0.5872727272727272
4235.0,-0.82
4236.0,-0.5876811594202899
4237.0,-0.8413207547169812
4238.0,-1.1441666666666668
4239.0,-1.0209090909090914
4240.0,-1.152280701754386
4241.0,-0.8488709677419353
4242.0,-0.46077922077922084
4243.0,-0.4721428571428572
4244.0,0.7446153846153845
4245.0,0.5980281690140844
4246.0,-0.7018055555555556
4247.0,-0.8774999999999998
4248.0,0.5034210526315789
4249.0,-1.1859459459459458
4250.0,-0.8541379310344828
4251.0,0.558076923076923
4252.0,-0.8316666666666667
4253.0,-0.42840579710144927
4254.0,-0.905625
4255.0,0.4649180327868853
4256.0,-0.9555797101449276
4257.0,-0.25293103448275867
4258.0,0.05069767441860458
4259.0,0.4290140845070422
4260.0,-0.4001941747572816
4261.0,-1.1001075268817204
4262.0,0.020416666666666656
4263.0,0.5907692307692307
4264.0,-0.7273417721518987
4265.0,0.4525675675675675
4266.0,-0.7225
4267.0,-0.8935714285714287
4268.0,-0.39730337078651684
4269.0,-1.0760655737704916
4270.0,-0.32988764044943825
4271.0,0.7894117647058825
4272.0,-0.7178761061946904
4273.0,-1.1551785714285714
4274.0,-0.32152173913043475
4275.0,-0.659047619047619
4276.0,0.85375
4277.0,-0.27733333333333376
4278.0,-1.304
4279.0,-0.9258108108108107
4280.0,-0.8052173913043478
4281.0,-0.6850000000000006
4282.0,-1.215609756097561
4283.0,-0.7273417721518985
4284.0,-1.2073684210526316
4285.0,-0.6038888888888889
4286.0,0.39392857142857135
4287.0,0.000740740740740616
4288.0,-0.933702290076336
4289.0,-0.9309090909090915
4290.0,-0.8319117647058821
4291.0,-0.6174038461538462
4292.0,-1.0415873015873016
4293.0,0.6543661971830985
4294.0,-1.0998484848484849
4295.0,-1.2983333333333331
4296.0,-0.6364285714285712
4297.0,-0.6282352941176471
4298.0,-1.0183333333333338
4299.0,0.09799999999999973
4300.0,-1.0535
4301.0,0.7349999999999999
4302.0,-0.8079611650485437
4303.0,-1.147608695652174
4304.0,0.8369230769230769
4305.0,-1.1796296296296296
4306.0,0.8492857142857142
4307.0,-1.1149999999999998
4308.0,0.5773076923076922
4309.0,-1.1128813559322033
4310.0,-0.9354022988505748
4311.0,-1.152280701754386
4312.0,0.7339583333333334
4313.0,0.42249999999999993
4314.0,-0.8589024390243903
4315.0,-0.9504166666666667
4316.0,-1.0303846153846155
4317.0,-0.9309090909090915
4318.0,0.11064935064935065
4319.0,-0.07467741935483874
4320.0,-1.0183333333333338
4321.0,0.4464406779661017
4322.0,-1.0430303030303028
4323.0,0.49161764705882355
4324.0,0.8469565217391304
4325.0,0.8160344827586207
4326.0,-1.0244615384615383
4327.0,-0.7238709677419353
4328.0,-1.0332242990654206
4329.0,0.1161643835616438
4330.0,-1.0209090909090914
4331.0,0.67796875
4332.0,-1.1323076923076922
4333.0,0.6093150684931506
4334.0,0.581917808219178
4335.0,-1.2983333333333333
4336.0,0.08666666666666666
4337.0,-1.158181818181818
4338.0,-1.030625
4339.0,0.7020289855072464
4340.0,-1.1221428571428569
4341.0,0.11670731707317071
4342.0,-0.16253521126760562
4343.0,0.618974358974359
4344.0,-0.25652892561983476
4345.0,0.1635714285714285
4346.0,-1.0520805369127517
4347.0,0.14357142857142843
4348.0,0.6629850746268657
4349.0,-0.9247899159663865
4350.0,-0.7744827586206895
4351.0,0.8537500000000001
4352.0,-0.6510526315789475
4353.0,-0.3441666666666666
4354.0,-1.0494736842105266
4355.0,0.8224999999999999
4356.0,-1.1727777777777781
4357.0,0.8515492957746478
4358.0,-0.7488757396449705
4359.0,-0.47125000000000006
4360.0,0.7889855072463767
4361.0,-0.9683464566929134
4362.0,-0.8922727272727274
4363.0,0.8445588235294119
4364.0,0.22153846153846155
4365.0,-1.1758974358974361
4366.0,-1.01890625
4367.0,-0.9642990654205607
4368.0,-0.3652631578947369
4369.0,-0.019220779220779242
4370.0,-1.0719199999999998
4371.0,-1.2883870967741937
4372.0,0.8537500000000001
4373.0,-1.077837837837838
4374.0,-0.8858333333333333
4375.0,0.1840506329113924
4376.0,-0.843960396039604
4377.0,-0.13663461538461544
4378.0,-1.0496590909090908
4379.0,-1.0234640522875815
4380.0,-0.7469444444444444
4381.0,0.8515492957746477
4382.0,0.836923076923077
4383.0,-0.5360869565217391
4384.0,0.14135593220338982
4385.0,0.18062499999999965
4386.0,-1.2620588235294117
4387.0,0.4414516129032259
4388.0,-1.0504575163398695
4389.0,0.6013333333333332
4390.0,-0.761978021978022
4391.0,-1.1117105263157894
4392.0,-1.2496428571428573
4393.0,-1.0951136363636365
4394.0,0.771860465116279
4395.0,-0.10448598130841125
4396.0,-1.1684615384615389
4397.0,0.7266666666666667
4398.0,-0.7846153846153852
4399.0,0.77171875
4400.0,-1.1494827586206895
4401.0,0.4564285714285713
4402.0,0.6733333333333331
4403.0,-0.8791304347826088
4404.0,-1.186808510638298
4405.0,-0.9066666666666667
4406.0,0.8207142857142855
4407.0,-0.47239436619718317
4408.0,-1.1787755102040816
4409.0,-1.1494827586206895
4410.0,-0.7239743589743589
4411.0,0.020135135135135096
4412.0,-0.5161627906976746
4413.0,-0.5492783505154639
4414.0,0.7515254237288134
4415.0,-1.2033333333333334
4416.0,-0.2730882352941177
4417.0,0.767936507936508
4418.0,-0.30793478260869567
4419.0,0.15873417721518984
4420.0,0.5210294117647059
4421.0,0.44493150684931515
4422.0,-0.805364238410596
4423.0,-1.2748275862068967
4424.0,-1.0884042553191486
4425.0,-0.6044067796610169
4426.0,-1.028381742738589
4427.0,-0.9188073394495412
4428.0,-0.4504166666666667
4429.0,-1.2542857142857144
4430.0,-1.0476923076923075
4431.0,-1.1965
4432.0,0.7470689655172413
4433.0,0.842089552238806
4434.0,-1.0551408450704225
4435.0,0.769090909090909
4436.0,-1.1581818181818182
4437.0,-0.4861538461538462
4438.0,-1.043030303030303
4439.0,-0.9934782608695651
4440.0,-0.6707692307692307
4441.0,-0.876229508196721
4442.0,-0.7871311475409836
4443.0,-1.3204545454545455
4444.0,-1.128157894736842
4445.0,-0.09443037974683545
4446.0,-1.0872222222222223
4447.0,-1.0966176470588236
4448.0,-0.349080459770115
4449.0,-0.21697368421052635
4450.0,0.8285483870967743
4451.0,-0.6696875000000001
4452.0,-1.045389221556886
4453.0,0.8092424242424243
4454.0,-1.0873684210526318
4455.0,0.8395454545454545
4456.0,-1.0235737704918033
4457.0,0.01937499999999995
4458.0,0.72875
4459.0,0.4541379310344827
4460.0,-0.9309090909090915
4461.0,0.8285483870967743
4462.0,0.7376785714285713
4463.0,-1.5133333333333336
4464.0,0.8445588235294118
4465.0,-0.9758490566037739
4466.0,0.8515492957746477
4467.0,-1.1827083333333333
4468.0,-0.8061764705882355
4469.0,-1.3089655172413794
4470.0,0.7426388888888888
4471.0,-0.6947101449275361
4472.0,-0.29059523809523813
4473.0,-1.1441666666666668
4474.0,-0.8553846153846154
4475.0,0.793653846153846
4476.0,-0.3954878048780488
4477.0,0.6266666666666665
4478.0,-0.3124637681159421
4479.0,-0.38062500000000005
4480.0,0.5142622950819672
4481.0,-0.9610526315789475
4482.0,-1.2264285714285719
4483.0,-1.1441666666666668
4484.0,-1.028690476190476
4485.0,-0.08705882352941181
4486.0,0.7599999999999999
4487.0,0.8314285714285714
4488.0,-1.2564516129032257
4489.0,0.8016666666666667
4490.0,-0.3062650602409639
4491.0,-1.2002272727272727
4492.0,-1.098823529411765
4493.0,-1.1008333333333338
4494.0,-1.132307692307692
4495.0,-0.8816535433070867
4496.0,0.2349999999999999
4497.0,-1.2653333333333339
4498.0,0.6593055555555556
4499.0,-1.5062500000000003
4500.0,0.5346666666666665
4501.0,0.03536231884057968
4502.0,0.3445070422535211
4503.0,0.14357142857142843
4504.0,-1.141639344262295
4505.0,-0.7651256281407035
4506.0,0.5698591549295775
4507.0,-0.9149999999999999
4508.0,-0.5288888888888889
4509.0,-0.7656410256410257
4510.0,-1.2009090909090914
4511.0,-0.09443037974683549
4512.0,0.4832307692307693
4513.0,0.7753846153846152
4514.0,-1.0045348837209302
4515.0,-0.1385507246376812
4516.0,-0.2127272727272727
4517.0,-1.0131674208144794
4518.0,-0.8466666666666667
4519.0,-1.0209090909090914
4520.0,-0.5387012987012987
4521.0,-1.0247222222222225
4522.0,-0.7575000000000004
4523.0,-0.48657534246575346
4524.0,0.16476190476190478
4525.0,-1.349130434782609
4526.0,-1.215263157894737
4527.0,-1.2051162790697676
4528.0,0.8445588235294117
4529.0,-1.0228947368421053
4530.0,-1.062777777777778
4531.0,0.7543181818181818
4532.0,0.39392857142857124
4533.0,-1.1612962962962965
4534.0,-0.3934285714285714
4535.0,0.5509090909090909
4536.0,-1.0291566265060241
4537.0,-0.956818181818182
4538.0,-0.9690076335877862
4539.0,-1.124057971014493
4540.0,-1.0345205479452058
4541.0,-1.3052173913043479
4542.0,0.7376785714285715
4543.0,-1.2703030303030303
4544.0,0.76
4545.0,0.7977358490566036
4546.0,-0.7929411764705881
4547.0,0.8395454545454545
4548.0,-1.1787755102040816
4549.0,0.5860869565217393
4550.0,0.7756249999999998
4551.0,-1.2051162790697674
4552.0,-0.42733333333333334
4553.0,0.04571428571428564
4554.0,0.20852941176470582
4555.0,-1.2542857142857144
4556.0,-0.6602898550724638
4557.0,0.745
4558.0,-0.7938461538461538
4559.0,0.4411594202898551
4560.0,-0.8539240506329111
4561.0,-0.4414925373134329
4562.0,0.5545205479452054
4563.0,-0.723103448275862
4564.0,-0.15780821917808222
4565.0,-0.9358333333333336
4566.0,-0.5971428571428572
4567.0,0.7483720930232558
4568.0,-0.31083333333333324
4569.0,-1.1391935483870967
4570.0,0.48916666666666664
4571.0,-0.505625
4572.0,-0.34958904109589045
4573.0,0.16548780487804876
4574.0,0.8637142857142858
4575.0,0.5281159420289857
4576.0,0.15873417721518981
4577.0,-0.3992307692307697
4578.0,0.8469565217391304
4579.0,0.17796874999999995
4580.0,-0.36784090909090905
4581.0,-1.4104545454545458
4582.0,0.20927536231884056
4583.0,0.6350000000000001
4584.0,-1.0150000000000001
4585.0,0.8445588235294117
4586.0,-0.9239024390243905
4587.0,0.8193220338983052
4588.0,-1.2469444444444444
4589.0,-1.1133333333333333
4590.0,-0.30562500000000004
4591.0,-0.4751764705882352
4592.0,-0.4122972972972973
4593.0,-1.503888888888889
4594.0,-0.4501063829787234
4595.0,0.1876315789473683
4596.0,-1.0369543147208122
4597.0,-0.3819999999999999
4598.0,-0.3838095238095241
4599.0,0.8445588235294117
4600.0,-1.0209090909090914
4601.0,-0.6380263157894737
4602.0,-0.5765384615384617
4603.0,-1.1207936507936505
4604.0,-0.46865853658536594
4605.0,-1.0535
4606.0,-0.7338271604938272
4607.0,-1.0906944444444444
4608.0,0.48727272727272725
4609.0,-0.580625
4610.0,-1.1041975308641974
4611.0,0.4084374999999999
4612.0,-1.338888888888889
4613.0,0.8537500000000001
4614.0,-0.5803361344537817
4615.0,0.7704166666666666
4616.0,0.8469565217391303
4617.0,0.778939393939394
4618.0,-0.845392156862745
4619.0,-1.1044444444444446
4620.0,-0.5823913043478262
4621.0,-0.9658064516129036
4622.0,-1.3594117647058825
4623.0,-0.6008333333333339
4624.0,-0.7312280701754386
4625.0,-1.155714285714286
4626.0,-1.2790625000000002
4627.0,-1.1581818181818182
4628.0,-0.7779746835443041
4629.0,-0.8184313725490195
4630.0,0.8314285714285715
4631.0,-1.0806862745098038
4632.0,-0.29882352941176477
4633.0,-0.8701369863013698
4634.0,-0.48137931034482767
4635.0,-0.8173195876288661
4636.0,-1.0424193548387095
4637.0,-0.9307894736842107
4638.0,-0.9341666666666671
4639.0,0.6386764705882353
4640.0,-1.2971428571428574
4641.0,-1.3011764705882356
4642.0,-0.9338775510204081
4643.0,0.32888888888888856
4644.0,0.8314285714285714
4645.0,-0.9034615384615383
4646.0,-0.9240277777777778
4647.0,-0.9476923076923076
4648.0,-1.4086666666666667
4649.0,-0.8466666666666665
4650.0,-1.1968750000000004
4651.0,-1.1242592592592593
4652.0,0.8492857142857142
4653.0,-1.0257142857142856
4654.0,0.18062499999999965
4655.0,0.23999999999999985
4656.0,-0.8516666666666671
4657.0,-1.1787755102040816
4658.0,-0.9105882352941177
4659.0,0.842089552238806
4660.0,-0.21697368421052635
4661.0,-0.1246153846153847
4662.0,-1.095
4663.0,-0.9153472222222222
4664.0,-1.1323076923076925
4665.0,-1.2106666666666672
4666.0,-1.0746774193548387
4667.0,0.44493150684931515
4668.0,-0.09580645161290333
4669.0,0.8515492957746478
4670.0,-0.9309090909090915
4671.0,-0.42509615384615385
4672.0,-0.36132352941176477
4673.0,-0.2784615384615384
4674.0,0.7064285714285714
4675.0,-1.1683333333333337
4676.0,-0.21530864197530866
4677.0,0.8492857142857141
4678.0,-1.105625
4679.0,-0.735
4680.0,-1.084155844155844
4681.0,-0.26173913043478286
4682.0,-0.8425
4683.0,0.8637142857142858
4684.0,-0.26238805970149254
4685.0,-0.8248765432098765
4686.0,0.769090909090909
4687.0,-1.1551785714285714
4688.0,0.8285483870967741
4689.0,-0.024722222222222298
4690.0,-0.9376047904191619
4691.0,0.29658536585365847
4692.0,-0.18057377049180326
4693.0,0.19910256410256405
4694.0,-1.2542857142857142
4695.0,0.4456060606060606
4696.0,-0.7967010309278352
4697.0,0.5863888888888888
4698.0,-0.5238541666666667
4699.0,-1.1465
4700.0,-1.2288888888888891
4701.0,0.7815517241379311
4702.0,-0.6752941176470588
4703.0,-1.0975581395348837
4704.0,0.4866666666666666
4705.0,-1.0349029126213591
4706.0,-1.0316666666666665
4707.0,0.09881578947368419
4708.0,0.7962903225806451
4709.0,-0.8910416666666667
4710.0,0.8469565217391303
4711.0,-1.1194642857142856
4712.0,-0.06712765957446813
4713.0,-1.4104545454545456
4714.0,0.5801219512195122
4715.0,0.8369230769230769
4716.0,-1.1202816901408452
4717.0,-0.6554411764705882
4718.0,0.8151470588235294
4719.0,0.792142857142857
4720.0,-0.35337209302325584
4721.0,0.6084848484848483
4722.0,0.5384810126582278
4723.0,-1.136825396825397
4724.0,0.59
4725.0,0.5217187499999999
4726.0,0.83421875
4727.0,-0.7023655913978494
4728.0,0.7600000000000001
4729.0,-1.233421052631579
4730.0,0.7064285714285715
4731.0,0.6975
4732.0,-0.3582432432432432
4733.0,-1.11012987012987
4734.0,-0.9045569620253162
4735.0,-1.4086666666666667
4736.0,-0.6669662921348315
4737.0,-0.5202197802197801
4738.0,0.615072463768116
4739.0,-0.8371111111111111
4740.0,-0.9309090909090915
4741.0,-1.1109090909090915
4742.0,0.4370833333333333
4743.0,-0.022608695652173938
4744.0,0.7704166666666666
4745.0,0.7424561403508771
4746.0,0.8537500000000001
4747.0,0.635
4748.0,-0.14416666666666675
4749.0,0.3214035087719298
4750.0,-0.9836781609195402
4751.0,-0.7267021276595743
4752.0,-1.0677310924369747
4753.0,-1.1384057971014494
4754.0,-1.2102380952380953
4755.0,0.49161764705882344
4756.0,-0.975
4757.0,0.37858974358974357
4758.0,-1.049718309859155
4759.0,0.6281132075471698
4760.0,0.15873417721518984
4761.0,0.83421875
4762.0,-1.24
4763.0,-1.0751999999999997
4764.0,-0.6135632183908045
4765.0,-0.48827814569536415
4766.0,-0.9824242424242422
4767.0,-1.3076923076923077
4768.0,0.8207142857142857
4769.0,0.3259722222222223
4770.0,-0.8404000000000003
4771.0,-0.3986666666666668
4772.0,0.8420895522388059
4773.0,-1.169166666666667
4774.0,-1.1833333333333338
4775.0,0.7215384615384615
4776.0,0.6784782608695652
4777.0,-1.0114285714285718
4778.0,0.792142857142857
4779.0,-0.5372222222222223
4780.0,-0.45710526315789474
4781.0,0.39214285714285724
4782.0,-0.8539240506329117
4783.0,-1.0893150684931507
4784.0,-0.7573611111111112
4785.0,-0.9269158878504672
4786.0,-1.0460606060606061
4787.0,-0.12311688311688315
4788.0,-1.1713725490196079
4789.0,-0.006447368421052657
4790.0,-0.7666666666666667
4791.0,0.3594117647058823
4792.0,-1.0516666666666667
4793.0,-0.9538157894736842
4794.0,0.21945945945945938
4795.0,0.4752777777777777
4796.0,-1.1194642857142856
4797.0,0.8677777777777779
4798.0,-0.8390909090909097
4799.0,-1.3833333333333335
4800.0,-0.814468085106383
4801.0,0.8445588235294118
4802.0,-0.6523711340206186
4803.0,0.5270454545454544
4804.0,-0.059078947368421064
4805.0,-1.5062500000000003
4806.0,0.8492857142857142
4807.0,-0.8141525423728814
4808.0,-0.16592592592592595
4809.0,-1.115
4810.0,-0.4729545454545455
4811.0,-1.0269318181818183
4812.0,0.7533333333333333
4813.0,-0.9229268292682927
4814.0,-0.37928571428571417
4815.0,0.43708333333333327
4816.0,0.7421428571428571
4817.0,-0.08027777777777784
4818.0,0.7952112676056338
4819.0,-1.1041304347826089
4820.0,0.004444444444444461
4821.0,-0.5850704225352114
4822.0,0.8285483870967743
4823.0,-0.9784615384615384
4824.0,-0.26
4825.0,-0.20315789473684215
4826.0,0.2785185185185185
4827.0,-0.523132530120482
4828.0,0.6013461538461539
4829.0,-0.21260273972602745
4830.0,-0.72828125
4831.0,-0.7135576923076924
4832.0,0.4712068965517241
4833.0,-0.44416666666666677
4834.0,0.22474358974358977
4835.0,0.5171428571428571
4836.0,0.2523076923076923
4837.0,-1.2983333333333331
4838.0,-0.9176315789473686
4839.0,0.8091071428571429
4840.0,0.8149315068493151
4841.0,0.7996825396825397
4842.0,0.4327941176470588
4843.0,-1.2412
4844.0,0.5137313432835822
4845.0,0.19437499999999996
4846.0,-0.046666666666666676
4847.0,0.8054545454545453
4848.0,-0.612093023255814
4849.0,-0.8093333333333337
4850.0,0.025625
4851.0,0.1680882352941176
4852.0,-1.019552715654952
4853.0,0.6093150684931508
4854.0,0.44644067796610165
4855.0,0.8193220338983052
4856.0,-1.2050000000000005
4857.0,0.8151470588235294
4858.0,0.05562499999999966
4859.0,-1.3089655172413794
4860.0,-0.7802542372881357
4861.0,0.85375
4862.0,0.609056603773585
4863.0,0.4033823529411764
4864.0,0.5516666666666666
4865.0,-0.9512676056338029
4866.0,-1.295925925925926
4867.0,0.3445070422535212
4868.0,-0.22097826086956524
4869.0,-1.146779661016949
4870.0,-0.04416666666666665
4871.0,0.8515492957746478
4872.0,0.019868421052631542
4873.0,-0.8978947368421052
4874.0,-0.5957692307692307
4875.0,-0.6867592592592594
4876.0,-1.2469444444444444
4877.0,0.006575342465753407
4878.0,-0.3820454545454546
4879.0,-0.9604301075268816
4880.0,-1.3483333333333338
4881.0,-1.0982089552238803
4882.0,-1.1109090909090915
4883.0,-1.0683582089552237
4884.0,-1.1350000000000005
4885.0,-1.0921126760563378
4886.0,0.6013513513513512
4887.0,-0.2716455696202532
4888.0,-0.3982278481012659
4889.0,0.8469565217391304
4890.0,-1.0425568181818181
4891.0,0.76
4892.0,-0.613578947368421
4893.0,-0.7054255319148937
4894.0,-1.0944897959183675
4895.0,-0.6226256983240223
4896.0,-0.2535616438356164
4897.0,-0.16578125
4898.0,-1.3060869565217392
4899.0,-0.09511363636363637
4900.0,0.385
4901.0,-1.1668292682926829
4902.0,-0.026956521739130403
4903.0,-0.9702631578947369
4904.0,-0.5594444444444445
4905.0,-1.0786666666666669
4906.0,0.8126315789473684
4907.0,-1.3325925925925928
4908.0,0.40224137931034487
4909.0,-0.6387068965517241
4910.0,-0.9620634920634922
4911.0,-0.24000000000000019
4912.0,-1.0894623655913978
4913.0,-0.3926315789473684
4914.0,0.7356097560975609
4915.0,-1.1542857142857146
4916.0,-1.0327631578947365
4917.0,0.4492857142857144
4918.0,-0.7675000000000004
4919.0,-0.9076829268292682
4920.0,-0.1365517241379311
4921.0,-0.3748314606741573
4922.0,-1.1604
4923.0,-1.1827083333333335
4924.0,-1.1955555555555557
4925.0,-0.27733333333333376
4926.0,-0.5733333333333334
4927.0,0.18222222222222217
4928.0,-0.5907462686567165
4929.0,0.6784782608695652
4930.0,0.005614035087719285
4931.0,-1.0408241758241756
4932.0,-0.2068367346938776
4933.0,-1.2983333333333331
4934.0,-1.375416666666667
4935.0,-0.21383720930232566
4936.0,-0.23147727272727278
4937.0,-0.2845859872611465
4938.0,-0.9772881355932203
4939.0,-1.038507462686567
4940.0,0.8558904109589042
4941.0,0.85375
4942.0,-0.8184883720930233
4943.0,-0.5775
4944.0,-0.7793258426966292
4945.0,-0.10781609195402302
4946.0,-1.0351388888888888
4947.0,0.8160344827586208
4948.0,-0.7909259259259259
4949.0,0.7894117647058824
4950.0,0.7854237288135593
4951.0,-1.1202816901408448
4952.0,-0.18578313253012052
4953.0,0.8469565217391305
4954.0,-0.7939999999999999
4955.0,-0.5501265822784811
4956.0,-1.0355974842767293
4957.0,-0.5557894736842106
4958.0,-1.3600000000000003
4959.0,-1.0782758620689656
4960.0,-1.047826086956522
4961.0,0.36181818181818154
4962.0,-0.9792857142857142
4963.0,-0.09185185185185187
4964.0,-0.57125
4965.0,-0.387887323943662
4966.0,0.39068181818181813
4967.0,-1.1167123287671232
4968.0,-0.38788732394366193
4969.0,-1.2264285714285716
4970.0,0.5724999999999999
4971.0,-1.0068918918918919
4972.0,-0.7169736842105262
4973.0,0.35895833333333327
4974.0,-1.3076923076923077
4975.0,0.10926470588235293
4976.0,-0.2359349593495935
4977.0,0.8179710144927537
4978.0,0.2830263157894737
4979.0,-0.20036585365853662
4980.0,-1.233421052631579
4981.0,-1.124057971014493
4982.0,-0.07841463414634149
4983.0,-1.0183333333333338
4984.0,-1.0948387096774193
4985.0,0.8092424242424243
4986.0,0.6778571428571428
4987.0,0.8326086956521739
4988.0,-1.2016000000000002
4989.0,-0.11083333333333333
4990.0,-0.7150000000000001
4991.0,0.76
4992.0,0.6404225352112675
4993.0,0.8255737704918032
4994.0,-0.9390740740740741
4995.0,-1.3594117647058825
4996.0,-1.1391935483870965
4997.0,0.6730303030303031
4998.0,-1.1441666666666663
4999.0,-1.219444444444444
