# Episodes, Rewards
0.0,-5.86
1.0,-5.390000000000001
2.0,-5.01
3.0,-5.74
4.0,-5.03
5.0,-5.2
6.0,-5.05
7.0,-1.0000000000000007
8.0,-5.08
9.0,-5.1
10.0,-5.04
11.0,-5.42
12.0,-5.06
13.0,-5.37
14.0,-5.03
15.0,-5.25
16.0,-5.06
17.0,-5.07
18.0,-5.22
19.0,-5.11
20.0,-5.12
21.0,-5.3
22.0,-5.25
23.0,-5.25
24.0,-5.08
25.0,-5.18
26.0,-5.16
27.0,-5.41
28.0,-5.02
29.0,-5.12
30.0,-5.04
31.0,-5.09
32.0,-1.0000000000000007
33.0,-5.12
34.0,-5.24
35.0,-5.18
36.0,-5.05
37.0,-5.25
38.0,-5.01
39.0,-5.49
40.0,-5.16
41.0,-5.02
42.0,-5.02
43.0,-5.18
44.0,-5.12
45.0,-5.23
46.0,-5.03
47.0,-5.05
48.0,-5.18
49.0,-5.02
50.0,-5.06
51.0,-5.18
52.0,-5.07
53.0,-5.08
54.0,-5.74
55.0,-5.550000000000001
56.0,-5.08
57.0,-5.03
58.0,-5.390000000000001
59.0,-5.06
60.0,-5.1
61.0,-5.04
62.0,-5.18
63.0,-5.05
64.0,-5.06
65.0,-5.06
66.0,-5.05
67.0,-5.01
68.0,-5.1
69.0,-5.02
70.0,-5.01
71.0,-5.1
72.0,-5.07
73.0,-5.03
74.0,-5.02
75.0,-5.640000000000001
76.0,-5.04
77.0,-5.14
78.0,-5.09
79.0,-5.38
80.0,-5.08
81.0,-5.04
82.0,-5.29
83.0,-5.3
84.0,-5.1
85.0,-5.2
86.0,-5.08
87.0,-5.18
88.0,-5.53
89.0,-5.26
90.0,-5.08
91.0,-5.02
92.0,-5.05
93.0,-5.18
94.0,-5.18
95.0,-5.05
96.0,-5.15
97.0,-5.13
98.0,-5.03
99.0,-5.09
100.0,-5.04
101.0,-5.48
102.0,-5.01
103.0,-5.22
104.0,-5.04
105.0,-5.430000000000001
106.0,-5.37
107.0,-5.29
108.0,-5.02
109.0,-5.26
110.0,-5.03
111.0,-5.14
112.0,-5.01
113.0,-5.04
114.0,-5.6000000000000005
115.0,-5.18
116.0,-5.03
117.0,-5.82
118.0,-5.23
119.0,-5.18
120.0,-5.11
121.0,-5.11
122.0,-5.24
123.0,-5.18
124.0,-5.05
125.0,-5.02
126.0,-5.01
127.0,-5.15
128.0,-5.37
129.0,-5.01
130.0,-5.15
131.0,-5.24
132.0,-5.3500000000000005
133.0,-5.09
134.0,-5.07
135.0,-5.15
136.0,-5.09
137.0,-5.09
138.0,-5.23
139.0,-5.07
140.0,-5.08
141.0,-5.02
142.0,-5.04
143.0,-5.28
144.0,-5.14
145.0,-5.22
146.0,-5.83
147.0,-5.01
148.0,-5.1
149.0,-5.46
150.0,-1.0000000000000007
151.0,-5.29
152.0,-5.01
153.0,-5.06
154.0,-5.03
155.0,-5.17
156.0,-5.08
157.0,-5.3100000000000005
158.0,-5.16
159.0,-5.01
160.0,-1.0000000000000007
161.0,-5.37
162.0,-5.03
163.0,-5.1
164.0,-5.24
165.0,-5.16
166.0,-5.01
167.0,-5.12
168.0,-5.19
169.0,-5.01
170.0,-5.25
171.0,-5.2
172.0,-5.07
173.0,-5.06
174.0,-5.21
175.0,-5.04
176.0,-5.01
177.0,-5.08
178.0,-5.07
179.0,-5.03
180.0,-5.1
181.0,-5.01
182.0,-5.15
183.0,-5.05
184.0,-5.04
185.0,-5.26
186.0,-5.03
187.0,-5.34
188.0,-5.05
189.0,-5.04
190.0,-5.15
191.0,-5.23
192.0,-5.28
193.0,-5.22
194.0,-5.08
195.0,-5.07
196.0,-5.03
197.0,-5.07
198.0,-5.5
199.0,-5.15
200.0,-5.01
201.0,-5.01
202.0,-5.02
203.0,-5.1
204.0,-5.23
205.0,-5.5200000000000005
206.0,-5.05
207.0,-5.05
208.0,-5.26
209.0,-5.06
210.0,-5.12
211.0,-5.02
212.0,-5.03
213.0,-5.04
214.0,-5.470000000000001
215.0,-5.23
216.0,-5.07
217.0,-5.01
218.0,-5.3
219.0,-5.45
220.0,-5.74
221.0,-5.02
222.0,-5.06
223.0,-1.0000000000000007
224.0,-5.08
225.0,-5.04
226.0,-5.16
227.0,-5.11
228.0,-5.28
229.0,-5.18
230.0,-5.4
231.0,-5.34
232.0,-5.01
233.0,-5.470000000000001
234.0,-5.42
235.0,-5.02
236.0,-5.430000000000001
237.0,-5.01
238.0,-5.07
239.0,-5.04
240.0,-5.17
241.0,-5.03
242.0,-5.03
243.0,-5.09
244.0,-5.03
245.0,-5.04
246.0,-5.49
247.0,-5.42
248.0,-5.01
249.0,-5.04
250.0,-5.12
251.0,-5.33
252.0,-5.07
253.0,-5.7
254.0,-5.05
255.0,-5.02
256.0,-5.26
257.0,-5.04
258.0,-5.05
259.0,-5.4
260.0,-5.3100000000000005
261.0,-5.13
262.0,-5.02
263.0,-5.36
264.0,-5.2
265.0,-5.23
266.0,-5.19
267.0,-5.11
268.0,-5.3
269.0,-5.12
270.0,-5.04
271.0,-5.3500000000000005
272.0,-5.04
273.0,-5.02
274.0,-5.4
275.0,-5.02
276.0,-5.2700000000000005
277.0,-5.05
278.0,-5.04
279.0,-5.06
280.0,-5.04
281.0,-5.03
282.0,-5.06
283.0,-5.05
284.0,-5.07
285.0,-5.03
286.0,-5.13
287.0,-5.15
288.0,-5.01
289.0,-5.02
290.0,-1.0000000000000007
291.0,-5.01
292.0,-5.34
293.0,-5.04
294.0,-5.11
295.0,-5.25
296.0,-5.22
297.0,-5.07
298.0,-5.04
299.0,-5.15
300.0,-5.02
301.0,-5.66
302.0,-5.03
303.0,-5.630000000000001
304.0,-5.04
305.0,-5.06
306.0,-5.04
307.0,-5.01
308.0,-5.06
309.0,-5.15
310.0,-5.02
311.0,-5.800000000000001
312.0,-5.09
313.0,-5.02
314.0,-5.06
315.0,-5.19
316.0,-5.02
317.0,-5.03
318.0,-5.33
319.0,-5.65
320.0,-5.1
321.0,-5.28
322.0,-5.14
323.0,-5.02
324.0,-5.69
325.0,-5.02
326.0,-5.49
327.0,-5.01
328.0,-5.02
329.0,-5.69
330.0,-5.01
331.0,-5.42
332.0,-5.24
333.0,-1.0000000000000007
334.0,-5.01
335.0,-5.07
336.0,-5.08
337.0,-5.44
338.0,-5.06
339.0,-5.54
340.0,-5.07
341.0,-5.04
342.0,-5.1
343.0,-5.13
344.0,-5.03
345.0,-5.19
346.0,-5.14
347.0,-5.05
348.0,-5.94
349.0,-5.6000000000000005
350.0,-5.37
351.0,-5.04
352.0,-5.36
353.0,-5.29
354.0,-5.06
355.0,-5.15
356.0,-5.01
357.0,-5.37
358.0,-5.1
359.0,-5.01
360.0,-5.06
361.0,-5.02
362.0,-5.04
363.0,-5.01
364.0,-5.09
365.0,-5.18
366.0,-5.16
367.0,-5.04
368.0,-1.0000000000000007
369.0,-5.02
370.0,-5.09
371.0,-5.02
372.0,-5.1
373.0,-5.16
374.0,-5.11
375.0,-5.03
376.0,-5.04
377.0,-5.08
378.0,-5.15
379.0,-5.04
380.0,-5.18
381.0,-5.23
382.0,-5.17
383.0,-5.24
384.0,-1.0000000000000007
385.0,-5.18
386.0,-5.07
387.0,-5.05
388.0,-5.03
389.0,-5.06
390.0,-5.4
391.0,-5.32
392.0,-5.02
393.0,-5.630000000000001
394.0,-5.58
395.0,-5.14
396.0,-5.24
397.0,-5.65
398.0,-5.19
399.0,-5.66
400.0,-5.09
401.0,-5.19
402.0,-5.640000000000001
403.0,-5.11
404.0,-5.3500000000000005
405.0,-5.24
406.0,-5.2
407.0,-5.45
408.0,-5.12
409.0,-5.45
410.0,-5.04
411.0,-5.01
412.0,-5.62
413.0,-5.11
414.0,-5.13
415.0,-5.05
416.0,-5.15
417.0,-5.3
418.0,-5.2
419.0,-5.26
420.0,-5.03
421.0,-5.25
422.0,-1.0000000000000007
423.0,-5.28
424.0,-5.08
425.0,-5.2700000000000005
426.0,-5.83
427.0,-5.630000000000001
428.0,-5.46
429.0,-5.14
430.0,-5.03
431.0,-5.33
432.0,-5.02
433.0,-5.06
434.0,-5.01
435.0,-5.4
436.0,-5.18
437.0,-5.02
438.0,-5.02
439.0,-5.21
440.0,-5.02
441.0,-5.18
442.0,-5.49
443.0,-5.05
444.0,-5.13
445.0,-5.05
446.0,-5.05
447.0,-5.07
448.0,-5.09
449.0,-5.37
450.0,-5.12
451.0,-5.12
452.0,-5.08
453.0,-5.790000000000001
454.0,-5.02
455.0,-5.25
456.0,-5.3500000000000005
457.0,-5.840000000000001
458.0,-5.760000000000001
459.0,-5.07
460.0,-5.44
461.0,-5.13
462.0,-5.1
463.0,-5.12
464.0,-5.33
465.0,-5.04
466.0,-5.1
467.0,-5.02
468.0,-5.07
469.0,-5.04
470.0,-5.01
471.0,-5.23
472.0,-5.26
473.0,-5.08
474.0,-5.01
475.0,-5.02
476.0,-5.06
477.0,-5.03
478.0,-5.18
479.0,-5.78
480.0,-5.21
481.0,-5.09
482.0,-5.05
483.0,-5.01
484.0,-5.14
485.0,-5.08
486.0,-5.02
487.0,-5.11
488.0,-5.970000000000001
489.0,-5.04
490.0,-5.11
491.0,-5.11
492.0,-5.05
493.0,-5.07
494.0,-5.26
495.0,-5.03
496.0,-5.01
497.0,-5.1
498.0,-5.01
499.0,-5.1
500.0,-5.34
501.0,-5.01
502.0,-5.26
503.0,-5.630000000000001
504.0,-5.05
505.0,-5.07
506.0,-5.18
507.0,-5.12
508.0,-5.01
509.0,-5.19
510.0,-5.04
511.0,-5.91
512.0,-5.37
513.0,-5.12
514.0,-5.11
515.0,-5.04
516.0,-5.24
517.0,-5.07
518.0,-5.2
519.0,-5.1
520.0,-5.1
521.0,-5.01
522.0,-5.19
523.0,-5.57
524.0,-5.06
525.0,-5.17
526.0,-5.05
527.0,-5.02
528.0,-5.14
529.0,-5.04
530.0,-5.14
531.0,-5.04
532.0,-1.0000000000000007
533.0,-5.02
534.0,-5.34
535.0,-5.06
536.0,-5.12
537.0,-1.0000000000000007
538.0,-5.2700000000000005
539.0,-5.1
540.0,-5.550000000000001
541.0,-5.05
542.0,-5.04
543.0,-5.01
544.0,-5.3100000000000005
545.0,-5.01
546.0,-5.1
547.0,-5.03
548.0,-5.11
549.0,-5.14
550.0,-5.03
551.0,-5.61
552.0,-5.06
553.0,-5.04
554.0,-5.28
555.0,-5.16
556.0,-5.62
557.0,-5.02
558.0,-5.390000000000001
559.0,-5.05
560.0,-5.06
561.0,-5.33
562.0,-5.03
563.0,-5.44
564.0,-5.18
565.0,-5.06
566.0,-5.17
567.0,-5.54
568.0,-5.14
569.0,-5.04
570.0,-5.19
571.0,-5.05
572.0,-5.13
573.0,-5.01
574.0,-5.01
575.0,-5.04
576.0,-5.960000000000001
577.0,-5.07
578.0,-5.09
579.0,-5.18
580.0,-5.15
581.0,-5.04
582.0,-5.11
583.0,-5.13
584.0,-5.06
585.0,-5.06
586.0,-5.02
587.0,-5.3500000000000005
588.0,-5.01
589.0,-5.04
590.0,-5.06
591.0,-5.02
592.0,-5.11
593.0,-5.03
594.0,-5.13
595.0,-5.17
596.0,-5.07
597.0,-5.09
598.0,-5.04
599.0,-5.01
600.0,-5.08
601.0,-5.01
602.0,-5.04
603.0,-5.25
604.0,-5.03
605.0,-1.0000000000000007
606.0,-5.03
607.0,-5.02
608.0,-5.03
609.0,-5.38
610.0,-5.11
611.0,-5.01
612.0,-5.11
613.0,-5.04
614.0,-5.04
615.0,-5.29
616.0,-5.17
617.0,-5.02
618.0,-5.02
619.0,-5.18
620.0,-5.08
621.0,-5.42
622.0,-5.13
623.0,-5.03
624.0,-5.33
625.0,-5.03
626.0,-5.12
627.0,-5.7
628.0,-5.02
629.0,-5.15
630.0,-5.16
631.0,-5.7700000000000005
632.0,-5.06
633.0,-5.470000000000001
634.0,-5.07
635.0,-5.07
636.0,-5.09
637.0,-5.09
638.0,-5.07
639.0,-5.23
640.0,-5.14
641.0,-5.16
642.0,-5.83
643.0,-5.16
644.0,-5.25
645.0,-5.01
646.0,-5.1
647.0,-5.11
648.0,-5.05
649.0,-5.21
650.0,-5.06
651.0,-5.03
652.0,-5.03
653.0,-5.51
654.0,-5.02
655.0,-5.06
656.0,-5.04
657.0,-5.09
658.0,-5.470000000000001
659.0,-5.38
660.0,-5.28
661.0,-5.760000000000001
662.0,-5.41
663.0,-5.1
664.0,-5.14
665.0,-5.19
666.0,-5.06
667.0,-5.02
668.0,-5.18
669.0,-1.0000000000000007
670.0,-5.12
671.0,-5.08
672.0,-5.18
673.0,-5.44
674.0,-5.44
675.0,-5.17
676.0,-5.2700000000000005
677.0,-5.02
678.0,-5.44
679.0,-5.1
680.0,-5.16
681.0,-5.03
682.0,-5.12
683.0,-5.06
684.0,-5.15
685.0,-5.04
686.0,-5.5
687.0,-5.680000000000001
688.0,-5.28
689.0,-5.430000000000001
690.0,-5.5600000000000005
691.0,-5.15
692.0,-5.17
693.0,-5.65
694.0,-5.02
695.0,-5.550000000000001
696.0,-5.19
697.0,-5.02
698.0,-5.12
699.0,-5.1
700.0,-5.03
701.0,-5.06
702.0,-5.1
703.0,-5.04
704.0,-5.17
705.0,-5.12
706.0,-5.46
707.0,-5.05
708.0,-5.03
709.0,-5.02
710.0,-5.3
711.0,-5.1
712.0,-1.0000000000000007
713.0,-5.02
714.0,-5.7
715.0,-5.02
716.0,-5.05
717.0,-5.02
718.0,-5.08
719.0,-5.07
720.0,-5.29
721.0,-5.16
722.0,-5.02
723.0,-5.3500000000000005
724.0,-5.1
725.0,-5.17
726.0,-5.08
727.0,-5.1
728.0,-5.3100000000000005
729.0,-5.09
730.0,-5.3500000000000005
731.0,-5.16
732.0,-5.05
733.0,-5.14
734.0,-5.3500000000000005
735.0,-5.470000000000001
736.0,-5.1
737.0,-1.0000000000000007
738.0,-5.33
739.0,-5.02
740.0,-5.41
741.0,-5.06
742.0,-5.11
743.0,-5.29
744.0,-5.05
745.0,-5.1
746.0,-5.73
747.0,-5.03
748.0,-5.14
749.0,-5.06
750.0,-1.0000000000000007
751.0,-5.06
752.0,-5.02
753.0,-5.07
754.0,-5.09
755.0,-5.13
756.0,-5.09
757.0,-5.03
758.0,-5.03
759.0,-5.24
760.0,-5.08
761.0,-5.04
762.0,-5.14
763.0,-5.15
764.0,-5.06
765.0,-5.03
766.0,-5.04
767.0,-5.19
768.0,-5.05
769.0,-5.01
770.0,-5.51
771.0,-1.0000000000000007
772.0,-1.0000000000000007
773.0,-5.17
774.0,-5.06
775.0,-5.1
776.0,-5.06
777.0,-5.03
778.0,-5.36
779.0,-5.41
780.0,-5.11
781.0,-5.03
782.0,-5.02
783.0,-5.67
784.0,-5.19
785.0,-5.78
786.0,-5.29
787.0,-5.07
788.0,-5.24
789.0,-5.01
790.0,-5.05
791.0,-5.29
792.0,-5.06
793.0,-5.41
794.0,-5.550000000000001
795.0,-5.03
796.0,-5.02
797.0,-5.02
798.0,-5.01
799.0,-5.02
800.0,-5.01
801.0,-5.04
802.0,-5.04
803.0,-5.02
804.0,-5.06
805.0,-5.16
806.0,-5.01
807.0,-5.15
808.0,-5.44
809.0,-5.08
810.0,-5.26
811.0,-5.16
812.0,-5.05
813.0,-5.01
814.0,-5.470000000000001
815.0,-5.36
816.0,-5.03
817.0,-5.09
818.0,-5.3
819.0,-5.49
820.0,-5.03
821.0,-5.09
822.0,-5.02
823.0,-5.29
824.0,-5.08
825.0,-5.8500000000000005
826.0,-5.02
827.0,-5.02
828.0,-5.12
829.0,-5.05
830.0,-5.09
831.0,-1.0000000000000007
832.0,-5.28
833.0,-5.15
834.0,-5.54
835.0,-5.05
836.0,-5.2700000000000005
837.0,-5.32
838.0,-5.3
839.0,-5.1
840.0,-5.09
841.0,-5.05
842.0,-5.13
843.0,-5.04
844.0,-5.06
845.0,-5.04
846.0,-5.03
847.0,-5.07
848.0,-5.23
849.0,-5.17
850.0,-5.03
851.0,-5.1
852.0,-5.1
853.0,-5.05
854.0,-5.25
855.0,-5.02
856.0,-5.2700000000000005
857.0,-5.02
858.0,-5.25
859.0,-5.21
860.0,-5.09
861.0,-5.05
862.0,-5.51
863.0,-5.08
864.0,-5.06
865.0,-5.07
866.0,-5.16
867.0,-5.01
868.0,-5.02
869.0,-5.06
870.0,-5.99
871.0,-5.02
872.0,-5.12
873.0,-5.16
874.0,-5.67
875.0,-5.04
876.0,-5.09
877.0,-5.29
878.0,-5.02
879.0,-5.15
880.0,-5.02
881.0,-5.02
882.0,-5.15
883.0,-5.21
884.0,-5.06
885.0,-5.03
886.0,-5.04
887.0,-5.06
888.0,-5.13
889.0,-5.22
890.0,-5.06
891.0,-5.15
892.0,-5.1
893.0,-5.01
894.0,-5.01
895.0,-5.08
896.0,-5.07
897.0,-5.08
898.0,-5.8500000000000005
899.0,-5.07
900.0,-5.17
901.0,-5.08
902.0,-5.03
903.0,-5.17
904.0,-5.61
905.0,-5.02
906.0,-5.02
907.0,-5.5
908.0,-5.02
909.0,-5.12
910.0,-1.0000000000000007
911.0,-1.0000000000000007
912.0,-5.61
913.0,-5.08
914.0,-5.06
915.0,-5.13
916.0,-5.01
917.0,-5.14
918.0,-5.34
919.0,-1.0000000000000007
920.0,-5.3100000000000005
921.0,-5.29
922.0,-5.12
923.0,-5.18
924.0,-5.07
925.0,-5.11
926.0,-5.03
927.0,-5.09
928.0,-5.22
929.0,-5.06
930.0,-5.07
931.0,-5.05
932.0,-5.550000000000001
933.0,-5.03
934.0,-5.06
935.0,-5.12
936.0,-5.19
937.0,-5.02
938.0,-5.06
939.0,-5.1
940.0,-5.07
941.0,-5.4
942.0,-5.3
943.0,-5.13
944.0,-5.01
945.0,-5.430000000000001
946.0,-5.4
947.0,-5.21
948.0,-5.09
949.0,-5.24
950.0,-5.16
951.0,-5.09
952.0,-5.49
953.0,-5.04
954.0,-5.46
955.0,-5.12
956.0,-5.01
957.0,-5.33
958.0,-5.07
959.0,-5.14
960.0,-5.01
961.0,-5.08
962.0,-5.430000000000001
963.0,-5.390000000000001
964.0,-5.08
965.0,-5.57
966.0,-5.01
967.0,-1.0000000000000007
968.0,-5.02
969.0,-5.99
970.0,-1.0000000000000007
971.0,-5.01
972.0,-5.05
973.0,-5.29
974.0,-5.02
975.0,-5.01
976.0,-5.03
977.0,-5.13
978.0,-5.01
979.0,-5.1
980.0,-5.14
981.0,-5.29
982.0,-5.14
983.0,-5.42
984.0,-5.01
985.0,-5.1
986.0,-5.02
987.0,-5.640000000000001
988.0,-5.16
989.0,-5.04
990.0,-5.19
991.0,-5.46
992.0,-5.38
993.0,-5.33
994.0,-5.5200000000000005
995.0,-5.02
996.0,-5.920000000000001
997.0,-5.02
998.0,-5.23
999.0,-5.07
1000.0,-5.04
1001.0,-5.09
1002.0,-5.02
1003.0,-5.05
1004.0,-5.09
1005.0,-5.11
1006.0,-5.03
1007.0,-5.19
1008.0,-5.28
1009.0,-5.78
1010.0,-5.430000000000001
1011.0,-5.01
1012.0,-5.04
1013.0,-5.02
1014.0,-5.16
1015.0,-5.01
1016.0,-5.09
1017.0,-5.08
1018.0,-5.03
1019.0,-5.2
1020.0,-5.59
1021.0,-5.08
1022.0,-5.24
1023.0,-5.02
1024.0,-5.13
1025.0,-5.09
1026.0,-5.17
1027.0,-5.26
1028.0,-5.36
1029.0,-5.33
1030.0,-5.25
1031.0,-5.23
1032.0,-5.03
1033.0,-5.04
1034.0,-5.75
1035.0,-5.7
1036.0,-5.75
1037.0,-5.26
1038.0,-5.390000000000001
1039.0,-5.19
1040.0,-5.17
1041.0,-5.94
1042.0,-5.14
1043.0,-5.07
1044.0,-5.26
1045.0,-5.36
1046.0,-5.09
1047.0,-5.04
1048.0,-5.08
1049.0,-5.05
1050.0,-5.800000000000001
1051.0,-5.45
1052.0,-5.12
1053.0,-5.04
1054.0,-5.18
1055.0,-5.02
1056.0,-5.18
1057.0,-5.05
1058.0,-5.470000000000001
1059.0,-5.04
1060.0,-5.07
1061.0,-5.23
1062.0,-5.07
1063.0,-5.03
1064.0,-5.07
1065.0,-5.16
1066.0,-5.03
1067.0,-5.17
1068.0,-5.23
1069.0,-5.02
1070.0,-5.49
1071.0,-5.01
1072.0,-5.03
1073.0,-5.03
1074.0,-5.14
1075.0,-1.0000000000000007
1076.0,-5.18
1077.0,-5.15
1078.0,-5.02
1079.0,-5.74
1080.0,-5.09
1081.0,-5.550000000000001
1082.0,-5.08
1083.0,-5.09
1084.0,-5.07
1085.0,-5.03
1086.0,-5.21
1087.0,-5.66
1088.0,-5.18
1089.0,-5.74
1090.0,-5.23
1091.0,-5.02
1092.0,-5.07
1093.0,-5.17
1094.0,-1.0000000000000007
1095.0,-5.2
1096.0,-5.04
1097.0,-5.01
1098.0,-5.03
1099.0,-5.23
1100.0,-5.08
1101.0,-5.05
1102.0,-5.18
1103.0,-5.16
1104.0,-5.13
1105.0,-5.11
1106.0,-5.09
1107.0,-5.05
1108.0,-5.54
1109.0,-5.15
1110.0,-5.37
1111.0,-5.18
1112.0,-5.2700000000000005
1113.0,-5.430000000000001
1114.0,-5.01
1115.0,-5.05
1116.0,-5.03
1117.0,-5.2700000000000005
1118.0,-5.01
1119.0,-5.24
1120.0,-5.21
1121.0,-5.3
1122.0,-5.16
1123.0,-5.01
1124.0,-5.01
1125.0,-5.02
1126.0,-5.29
1127.0,-5.04
1128.0,-5.11
1129.0,-5.09
1130.0,-5.13
1131.0,-5.4
1132.0,-5.03
1133.0,-5.05
1134.0,-5.04
1135.0,-5.86
1136.0,-5.25
1137.0,-5.14
1138.0,-5.69
1139.0,-5.01
1140.0,-5.75
1141.0,-5.37
1142.0,-5.75
1143.0,-5.13
1144.0,-5.1
1145.0,-5.03
1146.0,-5.01
1147.0,-5.02
1148.0,-5.02
1149.0,-5.09
1150.0,-5.32
1151.0,-5.05
1152.0,-5.24
1153.0,-5.07
1154.0,-5.3
1155.0,-5.2
1156.0,-5.840000000000001
1157.0,-5.1
1158.0,-5.06
1159.0,-5.02
1160.0,-5.08
1161.0,-5.19
1162.0,-5.04
1163.0,-5.08
1164.0,-5.07
1165.0,-5.02
1166.0,-5.05
1167.0,-5.06
1168.0,-5.14
1169.0,-5.69
1170.0,-5.44
1171.0,-5.03
1172.0,-5.03
1173.0,-5.06
1174.0,-5.03
1175.0,-5.3100000000000005
1176.0,-5.01
1177.0,-5.21
1178.0,-5.58
1179.0,-5.8500000000000005
1180.0,-5.04
1181.0,-5.32
1182.0,-5.51
1183.0,-5.13
1184.0,-5.36
1185.0,-5.06
1186.0,-5.7700000000000005
1187.0,-5.38
1188.0,-5.03
1189.0,-5.02
1190.0,-5.720000000000001
1191.0,-5.15
1192.0,-5.45
1193.0,-5.02
1194.0,-5.06
1195.0,-5.02
1196.0,-5.18
1197.0,-5.04
1198.0,-5.680000000000001
1199.0,-5.18
1200.0,-5.25
1201.0,-5.17
1202.0,-5.02
1203.0,-5.630000000000001
1204.0,-5.3500000000000005
1205.0,-5.9
1206.0,-5.4
1207.0,-5.390000000000001
1208.0,-5.04
1209.0,-5.03
1210.0,-5.08
1211.0,-5.69
1212.0,-5.02
1213.0,-5.02
1214.0,-5.15
1215.0,-5.04
1216.0,-5.05
1217.0,-5.02
1218.0,-5.03
1219.0,-5.26
1220.0,-5.22
1221.0,-5.19
1222.0,-5.05
1223.0,-5.08
1224.0,-5.06
1225.0,-5.19
1226.0,-5.34
1227.0,-5.03
1228.0,-5.18
1229.0,-5.06
1230.0,-5.08
1231.0,-5.29
1232.0,-5.3500000000000005
1233.0,-5.45
1234.0,-5.3
1235.0,-5.24
1236.0,-5.07
1237.0,-5.09
1238.0,-5.3100000000000005
1239.0,-5.74
1240.0,-5.01
1241.0,-5.51
1242.0,-5.2700000000000005
1243.0,-5.33
1244.0,-5.5
1245.0,-5.01
1246.0,-1.0000000000000007
1247.0,-5.51
1248.0,-5.630000000000001
1249.0,-5.04
1250.0,-5.42
1251.0,-5.04
1252.0,-5.01
1253.0,-5.01
1254.0,-5.05
1255.0,-5.05
1256.0,-5.2
1257.0,-5.1
1258.0,-5.08
1259.0,-5.09
1260.0,-5.09
1261.0,-5.04
1262.0,-5.03
1263.0,-5.46
1264.0,-5.09
1265.0,-5.14
1266.0,-5.05
1267.0,-5.05
1268.0,-5.06
1269.0,-5.18
1270.0,-5.15
1271.0,-5.24
1272.0,-5.2
1273.0,-5.06
1274.0,-5.83
1275.0,-5.08
1276.0,-5.8500000000000005
1277.0,-1.0000000000000007
1278.0,-5.65
1279.0,-5.36
1280.0,-5.02
1281.0,-5.01
1282.0,-5.05
1283.0,-5.19
1284.0,-5.12
1285.0,-5.12
1286.0,-5.08
1287.0,-5.630000000000001
1288.0,-5.13
1289.0,-5.02
1290.0,-5.19
1291.0,-5.25
1292.0,-5.02
1293.0,-5.03
1294.0,-5.430000000000001
1295.0,-5.02
1296.0,-5.15
1297.0,-5.07
1298.0,-5.23
1299.0,-5.630000000000001
1300.0,-5.3100000000000005
1301.0,-5.01
1302.0,-5.36
1303.0,-5.33
1304.0,-5.05
1305.0,-5.78
1306.0,-5.05
1307.0,-5.17
1308.0,-5.13
1309.0,-5.38
1310.0,-5.16
1311.0,-5.13
1312.0,-5.12
1313.0,-5.05
1314.0,-5.550000000000001
1315.0,-5.1
1316.0,-5.03
1317.0,-5.01
1318.0,-5.45
1319.0,-5.02
1320.0,-5.02
1321.0,-5.21
1322.0,-5.06
1323.0,-5.28
1324.0,-5.1
1325.0,-5.05
1326.0,-5.37
1327.0,-5.01
1328.0,-5.19
1329.0,-5.28
1330.0,-5.23
1331.0,-5.41
1332.0,-5.02
1333.0,-5.880000000000001
1334.0,-5.05
1335.0,-5.03
1336.0,-5.06
1337.0,-5.01
1338.0,-5.14
1339.0,-5.05
1340.0,-5.15
1341.0,-5.3100000000000005
1342.0,-5.22
1343.0,-5.12
1344.0,-5.760000000000001
1345.0,-5.16
1346.0,-1.0000000000000007
1347.0,-5.41
1348.0,-5.1
1349.0,-5.13
1350.0,-5.05
1351.0,-5.02
1352.0,-5.13
1353.0,-5.720000000000001
1354.0,-5.13
1355.0,-5.49
1356.0,-5.7
1357.0,-5.18
1358.0,-5.01
1359.0,-5.03
1360.0,-5.28
1361.0,-5.58
1362.0,-5.2
1363.0,-5.13
1364.0,-5.05
1365.0,-5.05
1366.0,-5.11
1367.0,-5.390000000000001
1368.0,-5.19
1369.0,-5.1
1370.0,-5.06
1371.0,-5.09
1372.0,-5.2700000000000005
1373.0,-1.0000000000000007
1374.0,-5.1
1375.0,-5.04
1376.0,-5.02
1377.0,-5.19
1378.0,-5.12
1379.0,-5.3100000000000005
1380.0,-5.57
1381.0,-5.18
1382.0,-5.12
1383.0,-5.17
1384.0,-5.7
1385.0,-5.02
1386.0,-1.0000000000000007
1387.0,-5.1
1388.0,-5.09
1389.0,-1.0000000000000007
1390.0,-5.09
1391.0,-5.42
1392.0,-5.14
1393.0,-5.13
1394.0,-5.2700000000000005
1395.0,-5.14
1396.0,-5.550000000000001
1397.0,-5.04
1398.0,-5.01
1399.0,-1.0000000000000007
1400.0,-5.59
1401.0,-5.01
1402.0,-5.01
1403.0,-5.06
1404.0,-5.32
1405.0,-5.15
1406.0,-5.32
1407.0,-5.13
1408.0,-5.08
1409.0,-5.14
1410.0,-5.12
1411.0,-5.02
1412.0,-5.22
1413.0,-5.03
1414.0,-5.06
1415.0,-5.06
1416.0,-5.1
1417.0,-5.1
1418.0,-5.46
1419.0,-5.15
1420.0,-5.42
1421.0,-5.05
1422.0,-5.2700000000000005
1423.0,-5.21
1424.0,-5.58
1425.0,-5.430000000000001
1426.0,-5.7
1427.0,-5.53
1428.0,-5.34
1429.0,-5.1
1430.0,-5.16
1431.0,-5.14
1432.0,-5.01
1433.0,-5.04
1434.0,-5.17
1435.0,-5.01
1436.0,-5.45
1437.0,-5.13
1438.0,-5.2700000000000005
1439.0,-5.11
1440.0,-5.01
1441.0,-5.24
1442.0,-5.2
1443.0,-5.02
1444.0,-5.75
1445.0,-5.09
1446.0,-5.02
1447.0,-5.09
1448.0,-5.710000000000001
1449.0,-5.21
1450.0,-5.22
1451.0,-5.03
1452.0,-5.08
1453.0,-5.05
1454.0,-5.04
1455.0,-5.2700000000000005
1456.0,-5.21
1457.0,-5.05
1458.0,-1.0000000000000007
1459.0,-5.1
1460.0,-5.03
1461.0,-5.61
1462.0,-5.09
1463.0,-5.8500000000000005
1464.0,-5.07
1465.0,-5.01
1466.0,-5.22
1467.0,-5.11
1468.0,-5.26
1469.0,-5.03
1470.0,-5.12
1471.0,-5.720000000000001
1472.0,-5.16
1473.0,-5.550000000000001
1474.0,-5.28
1475.0,-5.960000000000001
1476.0,-5.09
1477.0,-5.04
1478.0,-5.2700000000000005
1479.0,-5.02
1480.0,-5.1
1481.0,-5.03
1482.0,-5.03
1483.0,-5.05
1484.0,-5.65
1485.0,-5.03
1486.0,-5.38
1487.0,-5.970000000000001
1488.0,-5.760000000000001
1489.0,-5.32
1490.0,-5.14
1491.0,-5.09
1492.0,-5.1
1493.0,-5.07
1494.0,-5.03
1495.0,-5.1
1496.0,-5.38
1497.0,-5.16
1498.0,-5.48
1499.0,-5.1
1500.0,-5.5600000000000005
1501.0,-5.02
1502.0,-5.3100000000000005
1503.0,-5.15
1504.0,-5.08
1505.0,-5.22
1506.0,-5.15
1507.0,-5.51
1508.0,-5.34
1509.0,-5.15
1510.0,-1.0000000000000007
1511.0,-5.99
1512.0,-5.16
1513.0,-5.01
1514.0,-5.06
1515.0,-5.02
1516.0,-5.62
1517.0,-5.07
1518.0,-5.02
1519.0,-5.2
1520.0,-5.1
1521.0,-5.32
1522.0,-5.02
1523.0,-5.3100000000000005
1524.0,-5.03
1525.0,-5.74
1526.0,-5.12
1527.0,-5.19
1528.0,-5.390000000000001
1529.0,-5.5600000000000005
1530.0,-5.26
1531.0,-5.03
1532.0,-5.36
1533.0,-5.05
1534.0,-5.11
1535.0,-5.05
1536.0,-5.04
1537.0,-5.44
1538.0,-5.01
1539.0,-1.0000000000000007
1540.0,-5.05
1541.0,-5.16
1542.0,-5.33
1543.0,-5.02
1544.0,-5.05
1545.0,-5.05
1546.0,-5.34
1547.0,-5.04
1548.0,-5.550000000000001
1549.0,-5.11
1550.0,-5.86
1551.0,-5.04
1552.0,-5.01
1553.0,-5.75
1554.0,-5.06
1555.0,-5.07
1556.0,-5.06
1557.0,-5.04
1558.0,-5.19
1559.0,-5.05
1560.0,-5.12
1561.0,-5.01
1562.0,-5.04
1563.0,-5.17
1564.0,-1.0000000000000007
1565.0,-5.02
1566.0,-5.01
1567.0,-5.57
1568.0,-5.09
1569.0,-5.02
1570.0,-5.5
1571.0,-5.04
1572.0,-5.54
1573.0,-5.1
1574.0,-5.21
1575.0,-5.03
1576.0,-5.02
1577.0,-5.06
1578.0,-5.08
1579.0,-5.28
1580.0,-5.06
1581.0,-5.41
1582.0,-5.630000000000001
1583.0,-5.38
1584.0,-5.550000000000001
1585.0,-5.15
1586.0,-5.04
1587.0,-5.16
1588.0,-5.65
1589.0,-5.12
1590.0,-1.0000000000000007
1591.0,-5.42
1592.0,-5.9
1593.0,-5.09
1594.0,-5.03
1595.0,-5.17
1596.0,-5.57
1597.0,-5.720000000000001
1598.0,-5.09
1599.0,-5.48
1600.0,-5.14
1601.0,-5.15
1602.0,-5.11
1603.0,-5.67
1604.0,-5.01
1605.0,-5.15
1606.0,-5.22
1607.0,-5.57
1608.0,-5.2
1609.0,-5.02
1610.0,-5.22
1611.0,-5.03
1612.0,-5.04
1613.0,-5.11
1614.0,-5.01
1615.0,-5.25
1616.0,-5.01
1617.0,-5.02
1618.0,-5.21
1619.0,-5.2
1620.0,-5.02
1621.0,-5.840000000000001
1622.0,-5.05
1623.0,-5.640000000000001
1624.0,-5.06
1625.0,-1.0000000000000007
1626.0,-5.03
1627.0,-5.01
1628.0,-5.16
1629.0,-5.24
1630.0,-5.07
1631.0,-5.5200000000000005
1632.0,-5.67
1633.0,-5.45
1634.0,-5.24
1635.0,-5.1
1636.0,-5.19
1637.0,-5.34
1638.0,-5.07
1639.0,-5.03
1640.0,-5.04
1641.0,-5.54
1642.0,-5.17
1643.0,-5.44
1644.0,-5.550000000000001
1645.0,-5.21
1646.0,-5.01
1647.0,-5.09
1648.0,-1.0000000000000007
1649.0,-5.01
1650.0,-5.6000000000000005
1651.0,-5.3100000000000005
1652.0,-5.04
1653.0,-5.06
1654.0,-5.04
1655.0,-5.3
1656.0,-5.18
1657.0,-5.53
1658.0,-5.26
1659.0,-5.08
1660.0,-5.5
1661.0,-5.01
1662.0,-5.37
1663.0,-5.28
1664.0,-5.18
1665.0,-5.01
1666.0,-5.18
1667.0,-5.29
1668.0,-5.3100000000000005
1669.0,-5.470000000000001
1670.0,-5.03
1671.0,-5.06
1672.0,-5.04
1673.0,-5.26
1674.0,-5.38
1675.0,-5.13
1676.0,-5.03
1677.0,-5.51
1678.0,-5.12
1679.0,-5.16
1680.0,-5.16
1681.0,-5.59
1682.0,-5.06
1683.0,-5.04
1684.0,-5.05
1685.0,-5.42
1686.0,-5.57
1687.0,-5.54
1688.0,-5.15
1689.0,-5.02
1690.0,-5.05
1691.0,-5.11
1692.0,-5.02
1693.0,-5.05
1694.0,-5.5
1695.0,-5.04
1696.0,-5.02
1697.0,-5.36
1698.0,-5.840000000000001
1699.0,-5.67
1700.0,-5.01
1701.0,-5.03
1702.0,-5.04
1703.0,-5.1
1704.0,-5.04
1705.0,-5.640000000000001
1706.0,-5.430000000000001
1707.0,-5.03
1708.0,-5.06
1709.0,-5.08
1710.0,-5.01
1711.0,-5.6000000000000005
1712.0,-5.16
1713.0,-5.03
1714.0,-5.01
1715.0,-5.09
1716.0,-5.1
1717.0,-5.02
1718.0,-5.02
1719.0,-5.09
1720.0,-5.15
1721.0,-5.4
1722.0,-5.19
1723.0,-5.21
1724.0,-5.22
1725.0,-5.69
1726.0,-5.26
1727.0,-5.29
1728.0,-5.06
1729.0,-5.15
1730.0,-5.33
1731.0,-5.07
1732.0,-5.02
1733.0,-5.12
1734.0,-5.1
1735.0,-5.25
1736.0,-5.18
1737.0,-5.09
1738.0,-5.36
1739.0,-5.05
1740.0,-5.51
1741.0,-5.5200000000000005
1742.0,-5.05
1743.0,-5.05
1744.0,-5.36
1745.0,-5.01
1746.0,-5.03
1747.0,-5.07
1748.0,-5.37
1749.0,-1.0000000000000007
1750.0,-5.28
1751.0,-5.01
1752.0,-5.630000000000001
1753.0,-5.07
1754.0,-5.12
1755.0,-1.0000000000000007
1756.0,-5.06
1757.0,-5.04
1758.0,-5.21
1759.0,-5.430000000000001
1760.0,-5.3
1761.0,-5.02
1762.0,-5.03
1763.0,-5.41
1764.0,-5.04
1765.0,-5.25
1766.0,-5.11
1767.0,-1.0000000000000007
1768.0,-5.17
1769.0,-5.840000000000001
1770.0,-5.11
1771.0,-5.18
1772.0,-5.28
1773.0,-5.1
1774.0,-5.62
1775.0,-5.05
1776.0,-1.0000000000000007
1777.0,-5.08
1778.0,-5.08
1779.0,-5.44
1780.0,-5.12
1781.0,-5.24
1782.0,-5.03
1783.0,-5.18
1784.0,-5.09
1785.0,-5.9
1786.0,-5.790000000000001
1787.0,-5.01
1788.0,-5.24
1789.0,-5.06
1790.0,-5.3500000000000005
1791.0,-5.33
1792.0,-5.07
1793.0,-5.5600000000000005
1794.0,-5.23
1795.0,-5.44
1796.0,-5.45
1797.0,-5.05
1798.0,-5.15
1799.0,-5.09
1800.0,-5.03
1801.0,-5.23
1802.0,-5.14
1803.0,-5.1
1804.0,-5.1
1805.0,-5.11
1806.0,-5.17
1807.0,-5.05
1808.0,-5.48
1809.0,-5.67
1810.0,-5.09
1811.0,-5.630000000000001
1812.0,-5.14
1813.0,-5.05
1814.0,-5.11
1815.0,-5.04
1816.0,-5.2700000000000005
1817.0,-5.03
1818.0,-5.26
1819.0,-5.02
1820.0,-5.67
1821.0,-5.01
1822.0,-5.11
1823.0,-5.57
1824.0,-5.05
1825.0,-5.08
1826.0,-5.32
1827.0,-5.22
1828.0,-5.2
1829.0,-5.03
1830.0,-5.1
1831.0,-5.42
1832.0,-5.710000000000001
1833.0,-5.2
1834.0,-5.1
1835.0,-1.0000000000000007
1836.0,-5.16
1837.0,-5.61
1838.0,-5.12
1839.0,-5.02
1840.0,-5.09
1841.0,-5.17
1842.0,-5.24
1843.0,-5.06
1844.0,-5.1
1845.0,-5.02
1846.0,-5.05
1847.0,-5.08
1848.0,-5.25
1849.0,-5.05
1850.0,-5.08
1851.0,-5.01
1852.0,-5.02
1853.0,-5.54
1854.0,-5.23
1855.0,-5.03
1856.0,-5.08
1857.0,-5.09
1858.0,-1.0000000000000007
1859.0,-5.3100000000000005
1860.0,-5.1
1861.0,-5.15
1862.0,-5.02
1863.0,-5.15
1864.0,-5.07
1865.0,-5.05
1866.0,-5.02
1867.0,-5.05
1868.0,-5.02
1869.0,-5.01
1870.0,-5.06
1871.0,-5.710000000000001
1872.0,-5.13
1873.0,-5.1
1874.0,-5.2
1875.0,-5.04
1876.0,-5.67
1877.0,-5.01
1878.0,-5.12
1879.0,-5.08
1880.0,-5.09
1881.0,-5.09
1882.0,-5.05
1883.0,-5.03
1884.0,-5.05
1885.0,-5.950000000000001
1886.0,-5.920000000000001
1887.0,-5.15
1888.0,-5.02
1889.0,-5.03
1890.0,-5.12
1891.0,-5.07
1892.0,-5.04
1893.0,-5.04
1894.0,-5.69
1895.0,-5.02
1896.0,-5.03
1897.0,-5.04
1898.0,-5.54
1899.0,-5.29
1900.0,-5.11
1901.0,-5.03
1902.0,-5.640000000000001
1903.0,-5.02
1904.0,-5.54
1905.0,-5.6000000000000005
1906.0,-5.04
1907.0,-5.09
1908.0,-5.03
1909.0,-5.390000000000001
1910.0,-5.19
1911.0,-5.16
1912.0,-5.16
1913.0,-5.3100000000000005
1914.0,-5.390000000000001
1915.0,-5.42
1916.0,-5.08
1917.0,-5.04
1918.0,-5.630000000000001
1919.0,-5.03
1920.0,-5.44
1921.0,-5.390000000000001
1922.0,-5.14
1923.0,-5.08
1924.0,-5.03
1925.0,-5.54
1926.0,-5.01
1927.0,-5.82
1928.0,-5.03
1929.0,-5.05
1930.0,-5.02
1931.0,-5.07
1932.0,-5.2
1933.0,-5.46
1934.0,-5.12
1935.0,-5.26
1936.0,-5.11
1937.0,-5.04
1938.0,-5.5
1939.0,-5.33
1940.0,-5.03
1941.0,-5.01
1942.0,-5.13
1943.0,-5.05
1944.0,-5.12
1945.0,-5.3100000000000005
1946.0,-5.390000000000001
1947.0,-5.01
1948.0,-5.880000000000001
1949.0,-5.28
1950.0,-5.1
1951.0,-1.0000000000000007
1952.0,-5.3100000000000005
1953.0,-5.22
1954.0,-5.02
1955.0,-5.11
1956.0,-5.2
1957.0,-5.54
1958.0,-5.23
1959.0,-5.23
1960.0,-5.09
1961.0,-5.29
1962.0,-5.49
1963.0,-5.05
1964.0,-5.2700000000000005
1965.0,-5.07
1966.0,-5.08
1967.0,-5.03
1968.0,-5.06
1969.0,-5.3
1970.0,-5.29
1971.0,-5.09
1972.0,-5.02
1973.0,-5.3
1974.0,-5.25
1975.0,-5.5600000000000005
1976.0,-5.3100000000000005
1977.0,-5.04
1978.0,-5.23
1979.0,-5.630000000000001
1980.0,-5.02
1981.0,-5.18
1982.0,-5.17
1983.0,-5.05
1984.0,-5.03
1985.0,-5.46
1986.0,-5.26
1987.0,-5.46
1988.0,-5.550000000000001
1989.0,-5.41
1990.0,-5.18
1991.0,-5.09
1992.0,-5.13
1993.0,-5.02
1994.0,-5.05
1995.0,-5.02
1996.0,-5.57
1997.0,-5.02
1998.0,-5.14
1999.0,-5.430000000000001
2000.0,-5.61
2001.0,-5.07
2002.0,-5.1
2003.0,-5.24
2004.0,-5.02
2005.0,-1.0000000000000007
2006.0,-5.630000000000001
2007.0,-5.8500000000000005
2008.0,-5.19
2009.0,-5.08
2010.0,-5.44
2011.0,-5.06
2012.0,-5.01
2013.0,-5.02
2014.0,-5.9
2015.0,-5.14
2016.0,-5.08
2017.0,-5.17
2018.0,-5.19
2019.0,-5.21
2020.0,-5.02
2021.0,-5.91
2022.0,-5.880000000000001
2023.0,-5.08
2024.0,-5.99
2025.0,-5.24
2026.0,-5.24
2027.0,-5.26
2028.0,-5.62
2029.0,-5.680000000000001
2030.0,-5.34
2031.0,-5.3
2032.0,-1.0000000000000007
2033.0,-5.08
2034.0,-5.24
2035.0,-5.2
2036.0,-5.11
2037.0,-5.29
2038.0,-5.08
2039.0,-5.12
2040.0,-5.25
2041.0,-5.15
2042.0,-5.11
2043.0,-5.44
2044.0,-5.430000000000001
2045.0,-5.07
2046.0,-5.04
2047.0,-5.2
2048.0,-5.1
2049.0,-5.23
2050.0,-5.5
2051.0,-5.29
2052.0,-5.33
2053.0,-5.430000000000001
2054.0,-5.03
2055.0,-5.73
2056.0,-5.03
2057.0,-5.91
2058.0,-5.07
2059.0,-5.03
2060.0,-5.05
2061.0,-1.0000000000000007
2062.0,-5.970000000000001
2063.0,-5.13
2064.0,-5.53
2065.0,-5.14
2066.0,-1.0000000000000007
2067.0,-5.14
2068.0,-5.09
2069.0,-5.34
2070.0,-5.26
2071.0,-5.57
2072.0,-5.14
2073.0,-5.14
2074.0,-5.02
2075.0,-5.2700000000000005
2076.0,-5.05
2077.0,-1.0000000000000007
2078.0,-5.3
2079.0,-5.41
2080.0,-5.02
2081.0,-5.04
2082.0,-5.06
2083.0,-5.08
2084.0,-5.01
2085.0,-5.11
2086.0,-5.09
2087.0,-5.34
2088.0,-5.42
2089.0,-5.02
2090.0,-5.07
2091.0,-5.13
2092.0,-5.38
2093.0,-5.13
2094.0,-5.15
2095.0,-5.23
2096.0,-5.11
2097.0,-5.05
2098.0,-5.470000000000001
2099.0,-5.17
2100.0,-5.09
2101.0,-5.29
2102.0,-5.02
2103.0,-5.18
2104.0,-5.430000000000001
2105.0,-5.51
2106.0,-5.18
2107.0,-5.02
2108.0,-5.02
2109.0,-5.42
2110.0,-5.11
2111.0,-5.02
2112.0,-5.01
2113.0,-5.15
2114.0,-5.04
2115.0,-5.22
2116.0,-5.17
2117.0,-5.04
2118.0,-5.62
2119.0,-5.66
2120.0,-5.05
2121.0,-5.18
2122.0,-5.15
2123.0,-5.04
2124.0,-5.930000000000001
2125.0,-5.14
2126.0,-5.16
2127.0,-5.3
2128.0,-5.13
2129.0,-5.22
2130.0,-5.23
2131.0,-5.11
2132.0,-5.2
2133.0,-5.14
2134.0,-5.06
2135.0,-5.02
2136.0,-5.22
2137.0,-5.03
2138.0,-5.02
2139.0,-5.08
2140.0,-5.02
2141.0,-5.17
2142.0,-5.15
2143.0,-5.07
2144.0,-5.13
2145.0,-5.1
2146.0,-5.04
2147.0,-5.24
2148.0,-5.02
2149.0,-5.01
2150.0,-5.59
2151.0,-5.02
2152.0,-5.1
2153.0,-5.24
2154.0,-5.18
2155.0,-5.05
2156.0,-5.06
2157.0,-5.49
2158.0,-5.5600000000000005
2159.0,-5.08
2160.0,-5.2700000000000005
2161.0,-5.04
2162.0,-5.09
2163.0,-5.59
2164.0,-5.18
2165.0,-5.02
2166.0,-5.07
2167.0,-5.19
2168.0,-5.02
2169.0,-5.11
2170.0,-5.3500000000000005
2171.0,-5.03
2172.0,-5.03
2173.0,-5.08
2174.0,-5.1
2175.0,-5.05
2176.0,-5.04
2177.0,-5.94
2178.0,-5.46
2179.0,-5.15
2180.0,-5.4
2181.0,-5.04
2182.0,-5.07
2183.0,-5.3
2184.0,-5.42
2185.0,-5.04
2186.0,-5.920000000000001
2187.0,-5.02
2188.0,-1.0000000000000007
2189.0,-5.02
2190.0,-5.12
2191.0,-5.53
2192.0,-5.02
2193.0,-5.18
2194.0,-5.32
2195.0,-5.1
2196.0,-5.29
2197.0,-5.2700000000000005
2198.0,-5.2
2199.0,-5.04
2200.0,-5.02
2201.0,-5.08
2202.0,-5.07
2203.0,-5.14
2204.0,-5.12
2205.0,-5.05
2206.0,-5.22
2207.0,-5.17
2208.0,-5.26
2209.0,-5.53
2210.0,-5.02
2211.0,-5.13
2212.0,-5.07
2213.0,-5.28
2214.0,-5.1
2215.0,-5.11
2216.0,-5.04
2217.0,-5.02
2218.0,-5.21
2219.0,-5.34
2220.0,-5.02
2221.0,-5.24
2222.0,-5.94
2223.0,-5.13
2224.0,-5.04
2225.0,-5.23
2226.0,-5.03
2227.0,-5.02
2228.0,-5.08
2229.0,-5.08
2230.0,-5.02
2231.0,-5.53
2232.0,-5.12
2233.0,-5.29
2234.0,-5.5
2235.0,-1.0000000000000007
2236.0,-5.05
2237.0,-5.29
2238.0,-5.34
2239.0,-5.640000000000001
2240.0,-5.04
2241.0,-5.920000000000001
2242.0,-5.09
2243.0,-5.03
2244.0,-5.1
2245.0,-5.640000000000001
2246.0,-5.01
2247.0,-5.05
2248.0,-5.04
2249.0,-5.08
2250.0,-5.37
2251.0,-5.01
2252.0,-5.65
2253.0,-5.550000000000001
2254.0,-5.07
2255.0,-5.12
2256.0,-5.04
2257.0,-5.36
2258.0,-5.26
2259.0,-5.41
2260.0,-5.09
2261.0,-5.28
2262.0,-5.51
2263.0,-5.12
2264.0,-5.550000000000001
2265.0,-5.1
2266.0,-5.09
2267.0,-5.34
2268.0,-5.05
2269.0,-5.06
2270.0,-5.3
2271.0,-5.09
2272.0,-5.45
2273.0,-5.19
2274.0,-5.08
2275.0,-5.06
2276.0,-5.09
2277.0,-5.1
2278.0,-5.19
2279.0,-5.07
2280.0,-5.2
2281.0,-5.07
2282.0,-5.16
2283.0,-5.640000000000001
2284.0,-5.16
2285.0,-5.1
2286.0,-5.01
2287.0,-5.720000000000001
2288.0,-5.13
2289.0,-5.04
2290.0,-5.17
2291.0,-5.4
2292.0,-5.760000000000001
2293.0,-5.21
2294.0,-5.22
2295.0,-5.42
2296.0,-5.53
2297.0,-5.2700000000000005
2298.0,-5.02
2299.0,-5.32
2300.0,-5.28
2301.0,-5.13
2302.0,-5.2
2303.0,-5.950000000000001
2304.0,-5.05
2305.0,-5.03
2306.0,-5.01
2307.0,-1.0000000000000007
2308.0,-5.24
2309.0,-5.03
2310.0,-5.06
2311.0,-5.09
2312.0,-5.08
2313.0,-5.08
2314.0,-5.21
2315.0,-5.2
2316.0,-5.44
2317.0,-5.02
2318.0,-5.09
2319.0,-5.11
2320.0,-5.02
2321.0,-5.03
2322.0,-5.37
2323.0,-5.02
2324.0,-5.09
2325.0,-5.01
2326.0,-5.15
2327.0,-5.03
2328.0,-5.17
2329.0,-5.01
2330.0,-5.11
2331.0,-5.42
2332.0,-5.12
2333.0,-5.06
2334.0,-1.0000000000000007
2335.0,-5.12
2336.0,-5.3100000000000005
2337.0,-5.25
2338.0,-1.0000000000000007
2339.0,-5.01
2340.0,-5.07
2341.0,-5.3500000000000005
2342.0,-5.38
2343.0,-5.03
2344.0,-5.11
2345.0,-5.13
2346.0,-5.03
2347.0,-5.640000000000001
2348.0,-5.49
2349.0,-5.16
2350.0,-1.0000000000000007
2351.0,-5.03
2352.0,-5.01
2353.0,-5.760000000000001
2354.0,-5.94
2355.0,-5.3
2356.0,-5.05
2357.0,-5.02
2358.0,-5.25
2359.0,-5.01
2360.0,-5.44
2361.0,-5.11
2362.0,-5.02
2363.0,-5.07
2364.0,-5.18
2365.0,-5.06
2366.0,-5.29
2367.0,-5.57
2368.0,-5.12
2369.0,-5.14
2370.0,-5.02
2371.0,-5.01
2372.0,-5.12
2373.0,-5.49
2374.0,-5.45
2375.0,-1.0000000000000007
2376.0,-5.3100000000000005
2377.0,-5.12
2378.0,-5.01
2379.0,-5.09
2380.0,-5.16
2381.0,-1.0000000000000007
2382.0,-5.21
2383.0,-5.33
2384.0,-5.12
2385.0,-5.04
2386.0,-5.01
2387.0,-5.05
2388.0,-5.3100000000000005
2389.0,-5.75
2390.0,-5.01
2391.0,-5.1
2392.0,-5.07
2393.0,-5.04
2394.0,-5.29
2395.0,-5.09
2396.0,-5.25
2397.0,-5.01
2398.0,-5.1
2399.0,-5.2700000000000005
2400.0,-5.15
2401.0,-5.02
2402.0,-5.1
2403.0,-5.13
2404.0,-5.08
2405.0,-1.0000000000000007
2406.0,-5.08
2407.0,-5.470000000000001
2408.0,-5.3
2409.0,-5.08
2410.0,-5.2
2411.0,-5.02
2412.0,-5.44
2413.0,-5.04
2414.0,-5.94
2415.0,-5.24
2416.0,-5.16
2417.0,-5.02
2418.0,-5.9
2419.0,-5.2
2420.0,-5.470000000000001
2421.0,-5.16
2422.0,-5.8100000000000005
2423.0,-5.04
2424.0,-5.42
2425.0,-5.09
2426.0,-5.6000000000000005
2427.0,-5.07
2428.0,-5.15
2429.0,-5.26
2430.0,-5.09
2431.0,-5.08
2432.0,-5.08
2433.0,-5.02
2434.0,-5.61
2435.0,-5.08
2436.0,-5.42
2437.0,-5.3
2438.0,-5.04
2439.0,-5.720000000000001
2440.0,-5.6000000000000005
2441.0,-5.470000000000001
2442.0,-5.11
2443.0,-5.1
2444.0,-5.04
2445.0,-5.26
2446.0,-5.550000000000001
2447.0,-5.01
2448.0,-5.01
2449.0,-5.17
2450.0,-5.3100000000000005
2451.0,-5.19
2452.0,-5.15
2453.0,-5.06
2454.0,-5.3100000000000005
2455.0,-5.390000000000001
2456.0,-5.1
2457.0,-5.470000000000001
2458.0,-5.38
2459.0,-5.28
2460.0,-5.18
2461.0,-5.3
2462.0,-5.12
2463.0,-5.23
2464.0,-5.12
2465.0,-5.3
2466.0,-5.390000000000001
2467.0,-5.06
2468.0,-5.11
2469.0,-5.4
2470.0,-5.470000000000001
2471.0,-5.08
2472.0,-5.960000000000001
2473.0,-5.3500000000000005
2474.0,-5.01
2475.0,-5.12
2476.0,-5.04
2477.0,-5.01
2478.0,-5.65
2479.0,-5.09
2480.0,-5.67
2481.0,-5.06
2482.0,-5.3100000000000005
2483.0,-5.24
2484.0,-5.2
2485.0,-5.24
2486.0,-5.03
2487.0,-5.11
2488.0,-5.24
2489.0,-5.41
2490.0,-5.19
2491.0,-5.05
2492.0,-5.02
2493.0,-5.17
2494.0,-5.45
2495.0,-5.6000000000000005
2496.0,-5.17
2497.0,-5.06
2498.0,-5.13
2499.0,-5.2
2500.0,-5.390000000000001
2501.0,-5.36
2502.0,-5.11
2503.0,-5.4
2504.0,-5.07
2505.0,-5.14
2506.0,-5.3
2507.0,-5.16
2508.0,-5.08
2509.0,-5.58
2510.0,-5.06
2511.0,-5.03
2512.0,-5.01
2513.0,-5.19
2514.0,-5.02
2515.0,-5.38
2516.0,-5.05
2517.0,-5.02
2518.0,-5.1
2519.0,-5.470000000000001
2520.0,-5.15
2521.0,-5.05
2522.0,-5.16
2523.0,-5.03
2524.0,-5.21
2525.0,-5.05
2526.0,-5.25
2527.0,-5.04
2528.0,-5.28
2529.0,-5.04
2530.0,-5.03
2531.0,-5.05
2532.0,-5.06
2533.0,-5.17
2534.0,-5.13
2535.0,-5.04
2536.0,-5.17
2537.0,-5.04
2538.0,-5.26
2539.0,-5.14
2540.0,-5.05
2541.0,-5.24
2542.0,-5.11
2543.0,-5.03
2544.0,-5.02
2545.0,-5.01
2546.0,-5.23
2547.0,-5.25
2548.0,-5.01
2549.0,-5.470000000000001
2550.0,-5.46
2551.0,-5.02
2552.0,-5.04
2553.0,-5.44
2554.0,-5.870000000000001
2555.0,-5.07
2556.0,-5.62
2557.0,-5.12
2558.0,-5.08
2559.0,-5.14
2560.0,-5.22
2561.0,-5.37
2562.0,-5.51
2563.0,-5.16
2564.0,-5.02
2565.0,-5.13
2566.0,-5.01
2567.0,-5.05
2568.0,-5.3500000000000005
2569.0,-5.02
2570.0,-5.37
2571.0,-5.11
2572.0,-5.04
2573.0,-5.21
2574.0,-5.630000000000001
2575.0,-5.12
2576.0,-5.41
2577.0,-5.4
2578.0,-5.04
2579.0,-5.49
2580.0,-5.07
2581.0,-5.42
2582.0,-5.48
2583.0,-5.33
2584.0,-5.2
2585.0,-5.06
2586.0,-5.29
2587.0,-5.05
2588.0,-5.15
2589.0,-5.07
2590.0,-5.17
2591.0,-5.09
2592.0,-5.09
2593.0,-5.23
2594.0,-5.390000000000001
2595.0,-5.37
2596.0,-5.09
2597.0,-5.03
2598.0,-5.08
2599.0,-5.32
2600.0,-5.02
2601.0,-5.24
2602.0,-5.24
2603.0,-5.17
2604.0,-5.13
2605.0,-5.17
2606.0,-5.02
2607.0,-5.16
2608.0,-5.470000000000001
2609.0,-5.02
2610.0,-5.03
2611.0,-5.01
2612.0,-5.04
2613.0,-5.25
2614.0,-5.03
2615.0,-5.06
2616.0,-5.02
2617.0,-5.51
2618.0,-5.04
2619.0,-5.02
2620.0,-5.02
2621.0,-5.14
2622.0,-5.09
2623.0,-5.03
2624.0,-5.03
2625.0,-5.05
2626.0,-5.880000000000001
2627.0,-5.02
2628.0,-5.01
2629.0,-5.13
2630.0,-5.01
2631.0,-5.03
2632.0,-5.62
2633.0,-5.46
2634.0,-5.03
2635.0,-5.04
2636.0,-5.38
2637.0,-5.04
2638.0,-5.04
2639.0,-5.06
2640.0,-5.04
2641.0,-5.22
2642.0,-5.05
2643.0,-5.36
2644.0,-5.14
2645.0,-5.05
2646.0,-5.34
2647.0,-5.11
2648.0,-5.05
2649.0,-5.03
2650.0,-5.18
2651.0,-5.49
2652.0,-5.430000000000001
2653.0,-5.05
2654.0,-5.29
2655.0,-5.5200000000000005
2656.0,-5.06
2657.0,-5.02
2658.0,-5.17
2659.0,-5.04
2660.0,-5.01
2661.0,-5.09
2662.0,-5.5
2663.0,-5.05
2664.0,-5.2
2665.0,-5.02
2666.0,-5.17
2667.0,-5.33
2668.0,-5.05
2669.0,-5.02
2670.0,-5.03
2671.0,-5.18
2672.0,-5.04
2673.0,-5.01
2674.0,-5.3500000000000005
2675.0,-5.14
2676.0,-5.91
2677.0,-5.16
2678.0,-5.42
2679.0,-5.19
2680.0,-5.05
2681.0,-5.12
2682.0,-5.16
2683.0,-5.04
2684.0,-5.41
2685.0,-5.01
2686.0,-5.720000000000001
2687.0,-5.640000000000001
2688.0,-5.13
2689.0,-5.06
2690.0,-5.03
2691.0,-5.23
2692.0,-5.03
2693.0,-5.06
2694.0,-5.21
2695.0,-5.03
2696.0,-5.22
2697.0,-5.14
2698.0,-5.22
2699.0,-5.800000000000001
2700.0,-5.69
2701.0,-5.02
2702.0,-5.01
2703.0,-5.430000000000001
2704.0,-5.05
2705.0,-1.0000000000000007
2706.0,-5.14
2707.0,-5.19
2708.0,-5.16
2709.0,-5.02
2710.0,-5.04
2711.0,-5.04
2712.0,-5.02
2713.0,-5.13
2714.0,-5.24
2715.0,-5.11
2716.0,-5.05
2717.0,-5.06
2718.0,-5.36
2719.0,-5.17
2720.0,-5.06
2721.0,-5.2
2722.0,-5.06
2723.0,-5.37
2724.0,-5.07
2725.0,-5.800000000000001
2726.0,-5.06
2727.0,-5.14
2728.0,-5.5
2729.0,-5.03
2730.0,-5.07
2731.0,-5.16
2732.0,-5.91
2733.0,-5.06
2734.0,-5.05
2735.0,-5.06
2736.0,-5.640000000000001
2737.0,-5.07
2738.0,-5.05
2739.0,-5.1
2740.0,-5.01
2741.0,-5.12
2742.0,-5.05
2743.0,-5.1
2744.0,-5.29
2745.0,-5.21
2746.0,-5.03
2747.0,-5.06
2748.0,-5.09
2749.0,-5.3500000000000005
2750.0,-5.4
2751.0,-5.04
2752.0,-5.01
2753.0,-5.11
2754.0,-5.720000000000001
2755.0,-5.03
2756.0,-5.03
2757.0,-5.05
2758.0,-5.08
2759.0,-5.01
2760.0,-5.02
2761.0,-5.33
2762.0,-5.03
2763.0,-5.02
2764.0,-5.03
2765.0,-5.1
2766.0,-5.02
2767.0,-5.06
2768.0,-5.06
2769.0,-5.02
2770.0,-5.02
2771.0,-5.3
2772.0,-5.07
2773.0,-5.38
2774.0,-5.11
2775.0,-5.02
2776.0,-5.03
2777.0,-5.16
2778.0,-5.19
2779.0,-5.05
2780.0,-5.06
2781.0,-5.2700000000000005
2782.0,-5.41
2783.0,-5.02
2784.0,-5.11
2785.0,-5.23
2786.0,-5.01
2787.0,-5.06
2788.0,-5.09
2789.0,-5.07
2790.0,-5.19
2791.0,-5.2700000000000005
2792.0,-5.11
2793.0,-5.73
2794.0,-5.2
2795.0,-5.04
2796.0,-5.1
2797.0,-5.07
2798.0,-5.86
2799.0,-5.02
2800.0,-5.1
2801.0,-5.86
2802.0,-5.12
2803.0,-5.03
2804.0,-5.11
2805.0,-5.02
2806.0,-5.02
2807.0,-5.24
2808.0,-5.01
2809.0,-5.19
2810.0,-5.25
2811.0,-5.14
2812.0,-5.21
2813.0,-5.23
2814.0,-5.01
2815.0,-5.05
2816.0,-5.17
2817.0,-5.13
2818.0,-5.36
2819.0,-5.78
2820.0,-5.19
2821.0,-5.5600000000000005
2822.0,-5.23
2823.0,-5.03
2824.0,-5.550000000000001
2825.0,-5.02
2826.0,-5.15
2827.0,-5.25
2828.0,-1.0000000000000007
2829.0,-5.1
2830.0,-5.13
2831.0,-5.09
2832.0,-5.22
2833.0,-5.23
2834.0,-5.17
2835.0,-5.73
2836.0,-5.26
2837.0,-5.05
2838.0,-5.36
2839.0,-5.23
2840.0,-5.28
2841.0,-5.1
2842.0,-5.05
2843.0,-5.02
2844.0,-5.02
2845.0,-5.3100000000000005
2846.0,-5.09
2847.0,-5.17
2848.0,-5.28
2849.0,-5.18
2850.0,-5.22
2851.0,-5.630000000000001
2852.0,-5.02
2853.0,-5.3100000000000005
2854.0,-5.1
2855.0,-5.12
2856.0,-5.09
2857.0,-5.17
2858.0,-5.83
2859.0,-5.01
2860.0,-5.430000000000001
2861.0,-1.0000000000000007
2862.0,-5.1
2863.0,-5.36
2864.0,-5.65
2865.0,-5.57
2866.0,-5.28
2867.0,-5.640000000000001
2868.0,-5.18
2869.0,-5.37
2870.0,-5.17
2871.0,-5.01
2872.0,-5.12
2873.0,-5.04
2874.0,-5.25
2875.0,-5.07
2876.0,-5.04
2877.0,-5.23
2878.0,-5.18
2879.0,-5.29
2880.0,-5.03
2881.0,-1.0000000000000007
2882.0,-5.2700000000000005
2883.0,-5.04
2884.0,-5.12
2885.0,-5.04
2886.0,-5.07
2887.0,-5.03
2888.0,-5.05
2889.0,-5.1
2890.0,-5.06
2891.0,-5.710000000000001
2892.0,-5.06
2893.0,-5.06
2894.0,-5.05
2895.0,-5.22
2896.0,-5.13
2897.0,-5.09
2898.0,-5.15
2899.0,-5.2
2900.0,-5.04
2901.0,-5.04
2902.0,-5.19
2903.0,-5.06
2904.0,-5.02
2905.0,-5.15
2906.0,-5.37
2907.0,-5.03
2908.0,-5.22
2909.0,-5.03
2910.0,-5.04
2911.0,-5.550000000000001
2912.0,-1.0000000000000007
2913.0,-5.02
2914.0,-5.08
2915.0,-5.08
2916.0,-5.3100000000000005
2917.0,-5.36
2918.0,-5.01
2919.0,-5.21
2920.0,-5.05
2921.0,-5.430000000000001
2922.0,-5.4
2923.0,-5.04
2924.0,-5.5
2925.0,-5.5200000000000005
2926.0,-5.03
2927.0,-5.21
2928.0,-5.08
2929.0,-5.16
2930.0,-5.05
2931.0,-5.960000000000001
2932.0,-5.04
2933.0,-5.01
2934.0,-5.04
2935.0,-5.08
2936.0,-5.44
2937.0,-5.4
2938.0,-5.1
2939.0,-5.02
2940.0,-5.04
2941.0,-5.09
2942.0,-5.32
2943.0,-5.49
2944.0,-5.33
2945.0,-5.19
2946.0,-5.4
2947.0,-5.19
2948.0,-5.16
2949.0,-5.02
2950.0,-5.03
2951.0,-5.3100000000000005
2952.0,-5.51
2953.0,-5.04
2954.0,-5.04
2955.0,-5.01
2956.0,-5.5
2957.0,-5.05
2958.0,-5.18
2959.0,-5.03
2960.0,-5.21
2961.0,-5.41
2962.0,-5.19
2963.0,-5.16
2964.0,-5.36
2965.0,-5.2
2966.0,-5.04
2967.0,-5.12
2968.0,-5.630000000000001
2969.0,-5.1
2970.0,-5.36
2971.0,-5.25
2972.0,-5.61
2973.0,-5.02
2974.0,-5.18
2975.0,-5.03
2976.0,-5.2
2977.0,-5.06
2978.0,-5.04
2979.0,-5.09
2980.0,-5.01
2981.0,-5.09
2982.0,-5.12
2983.0,-5.01
2984.0,-5.03
2985.0,-5.07
2986.0,-5.14
2987.0,-5.17
2988.0,-5.13
2989.0,-5.1
2990.0,-5.05
2991.0,-5.06
2992.0,-5.12
2993.0,-5.13
2994.0,-5.91
2995.0,-5.08
2996.0,-5.07
2997.0,-5.04
2998.0,-5.430000000000001
2999.0,-5.42
3000.0,-5.44
3001.0,-5.06
3002.0,-5.37
3003.0,-5.01
3004.0,-5.15
3005.0,-5.14
3006.0,-5.03
3007.0,-5.25
3008.0,-5.57
3009.0,-5.04
3010.0,-5.12
3011.0,-5.09
3012.0,-5.02
3013.0,-5.01
3014.0,-5.640000000000001
3015.0,-5.41
3016.0,-5.25
3017.0,-5.03
3018.0,-5.08
3019.0,-5.08
3020.0,-5.06
3021.0,-5.11
3022.0,-5.2700000000000005
3023.0,-5.930000000000001
3024.0,-5.05
3025.0,-5.21
3026.0,-5.06
3027.0,-5.12
3028.0,-5.01
3029.0,-5.06
3030.0,-5.08
3031.0,-5.42
3032.0,-5.14
3033.0,-5.18
3034.0,-5.04
3035.0,-5.08
3036.0,-5.61
3037.0,-5.19
3038.0,-5.07
3039.0,-5.46
3040.0,-5.430000000000001
3041.0,-5.08
3042.0,-5.15
3043.0,-5.05
3044.0,-5.59
3045.0,-5.1
3046.0,-5.33
3047.0,-5.1
3048.0,-5.48
3049.0,-5.710000000000001
3050.0,-5.32
3051.0,-5.48
3052.0,-5.22
3053.0,-5.01
3054.0,-5.08
3055.0,-5.02
3056.0,-5.03
3057.0,-5.03
3058.0,-5.74
3059.0,-5.04
3060.0,-5.02
3061.0,-5.46
3062.0,-5.02
3063.0,-5.08
3064.0,-5.01
3065.0,-5.03
3066.0,-5.07
3067.0,-5.01
3068.0,-5.02
3069.0,-5.29
3070.0,-5.03
3071.0,-5.1
3072.0,-5.12
3073.0,-5.08
3074.0,-5.06
3075.0,-5.42
3076.0,-5.05
3077.0,-5.680000000000001
3078.0,-5.09
3079.0,-5.28
3080.0,-5.12
3081.0,-5.08
3082.0,-5.06
3083.0,-5.59
3084.0,-5.2
3085.0,-5.02
3086.0,-5.03
3087.0,-5.34
3088.0,-5.23
3089.0,-5.02
3090.0,-5.01
3091.0,-5.01
3092.0,-5.03
3093.0,-5.03
3094.0,-5.08
3095.0,-5.04
3096.0,-5.23
3097.0,-5.05
3098.0,-5.03
3099.0,-5.05
3100.0,-5.12
3101.0,-5.15
3102.0,-1.0000000000000007
3103.0,-5.8100000000000005
3104.0,-5.03
3105.0,-5.37
3106.0,-5.03
3107.0,-5.04
3108.0,-5.14
3109.0,-5.09
3110.0,-5.03
3111.0,-5.04
3112.0,-5.42
3113.0,-5.2
3114.0,-5.06
3115.0,-5.05
3116.0,-5.07
3117.0,-5.26
3118.0,-5.11
3119.0,-5.14
3120.0,-5.07
3121.0,-5.34
3122.0,-5.59
3123.0,-5.14
3124.0,-5.04
3125.0,-5.13
3126.0,-5.11
3127.0,-5.02
3128.0,-5.7
3129.0,-5.07
3130.0,-5.05
3131.0,-5.02
3132.0,-5.760000000000001
3133.0,-5.07
3134.0,-5.36
3135.0,-5.13
3136.0,-5.08
3137.0,-5.06
3138.0,-5.42
3139.0,-5.390000000000001
3140.0,-5.21
3141.0,-5.04
3142.0,-5.17
3143.0,-5.75
3144.0,-5.3100000000000005
3145.0,-5.13
3146.0,-5.4
3147.0,-5.03
3148.0,-5.08
3149.0,-5.02
3150.0,-5.08
3151.0,-5.3100000000000005
3152.0,-5.05
3153.0,-5.5600000000000005
3154.0,-5.3500000000000005
3155.0,-5.01
3156.0,-5.13
3157.0,-5.59
3158.0,-5.36
3159.0,-5.13
3160.0,-5.19
3161.0,-5.18
3162.0,-5.390000000000001
3163.0,-5.630000000000001
3164.0,-5.02
3165.0,-5.12
3166.0,-5.3
3167.0,-5.01
3168.0,-5.5
3169.0,-5.04
3170.0,-5.02
3171.0,-5.4
3172.0,-5.3100000000000005
3173.0,-5.02
3174.0,-5.920000000000001
3175.0,-5.630000000000001
3176.0,-5.34
3177.0,-5.470000000000001
3178.0,-5.22
3179.0,-5.04
3180.0,-5.06
3181.0,-5.01
3182.0,-5.26
3183.0,-5.7
3184.0,-5.870000000000001
3185.0,-5.07
3186.0,-5.02
3187.0,-5.11
3188.0,-5.920000000000001
3189.0,-1.0000000000000007
3190.0,-5.26
3191.0,-5.07
3192.0,-5.53
3193.0,-5.24
3194.0,-5.09
3195.0,-5.01
3196.0,-5.06
3197.0,-5.5200000000000005
3198.0,-5.2
3199.0,-5.08
3200.0,-5.11
3201.0,-5.16
3202.0,-5.06
3203.0,-5.05
3204.0,-5.23
3205.0,-5.03
3206.0,-5.01
3207.0,-5.2
3208.0,-5.29
3209.0,-5.67
3210.0,-5.05
3211.0,-5.06
3212.0,-5.630000000000001
3213.0,-5.630000000000001
3214.0,-5.21
3215.0,-5.390000000000001
3216.0,-5.12
3217.0,-5.470000000000001
3218.0,-5.04
3219.0,-5.12
3220.0,-5.01
3221.0,-5.8100000000000005
3222.0,-5.75
3223.0,-5.03
3224.0,-5.18
3225.0,-5.03
3226.0,-5.5200000000000005
3227.0,-5.04
3228.0,-5.07
3229.0,-5.09
3230.0,-5.02
3231.0,-5.34
3232.0,-5.02
3233.0,-5.04
3234.0,-5.06
3235.0,-5.46
3236.0,-5.03
3237.0,-5.23
3238.0,-5.18
3239.0,-5.07
3240.0,-5.42
3241.0,-5.04
3242.0,-5.1
3243.0,-5.06
3244.0,-5.03
3245.0,-5.06
3246.0,-1.0000000000000007
3247.0,-5.03
3248.0,-5.08
3249.0,-5.74
3250.0,-5.05
3251.0,-5.21
3252.0,-5.13
3253.0,-5.1
3254.0,-5.13
3255.0,-5.02
3256.0,-5.02
3257.0,-5.58
3258.0,-1.0000000000000007
3259.0,-5.08
3260.0,-5.42
3261.0,-5.08
3262.0,-5.01
3263.0,-5.18
3264.0,-5.02
3265.0,-5.46
3266.0,-5.04
3267.0,-5.34
3268.0,-5.5
3269.0,-5.06
3270.0,-5.04
3271.0,-5.08
3272.0,-5.13
3273.0,-5.04
3274.0,-5.02
3275.0,-5.51
3276.0,-5.36
3277.0,-5.07
3278.0,-5.02
3279.0,-5.12
3280.0,-5.15
3281.0,-5.11
3282.0,-5.11
3283.0,-5.16
3284.0,-5.28
3285.0,-5.2700000000000005
3286.0,-5.05
3287.0,-5.34
3288.0,-5.16
3289.0,-5.11
3290.0,-5.2
3291.0,-1.0000000000000007
3292.0,-5.03
3293.0,-5.01
3294.0,-5.09
3295.0,-5.05
3296.0,-5.15
3297.0,-5.11
3298.0,-5.05
3299.0,-5.42
3300.0,-5.08
3301.0,-5.01
3302.0,-5.42
3303.0,-5.7
3304.0,-5.29
3305.0,-5.13
3306.0,-5.01
3307.0,-5.06
3308.0,-1.0000000000000007
3309.0,-5.03
3310.0,-5.1
3311.0,-5.14
3312.0,-5.18
3313.0,-5.02
3314.0,-5.74
3315.0,-5.19
3316.0,-5.03
3317.0,-5.390000000000001
3318.0,-5.37
3319.0,-5.09
3320.0,-5.26
3321.0,-5.24
3322.0,-5.2
3323.0,-5.04
3324.0,-5.69
3325.0,-5.36
3326.0,-5.2
3327.0,-5.75
3328.0,-5.04
3329.0,-5.01
3330.0,-5.3
3331.0,-5.03
3332.0,-5.32
3333.0,-5.09
3334.0,-5.09
3335.0,-5.78
3336.0,-5.11
3337.0,-5.05
3338.0,-5.3
3339.0,-5.22
3340.0,-5.12
3341.0,-5.61
3342.0,-5.09
3343.0,-5.04
3344.0,-5.2700000000000005
3345.0,-5.03
3346.0,-5.15
3347.0,-5.3100000000000005
3348.0,-5.01
3349.0,-5.41
3350.0,-5.01
3351.0,-5.06
3352.0,-5.960000000000001
3353.0,-5.36
3354.0,-5.03
3355.0,-5.28
3356.0,-5.03
3357.0,-5.3100000000000005
3358.0,-5.04
3359.0,-5.07
3360.0,-5.11
3361.0,-5.2
3362.0,-5.78
3363.0,-5.05
3364.0,-5.3500000000000005
3365.0,-5.5200000000000005
3366.0,-5.5200000000000005
3367.0,-5.04
3368.0,-5.19
3369.0,-5.04
3370.0,-5.15
3371.0,-5.02
3372.0,-5.41
3373.0,-5.61
3374.0,-5.05
3375.0,-5.17
3376.0,-5.03
3377.0,-5.14
3378.0,-5.09
3379.0,-5.11
3380.0,-5.15
3381.0,-5.07
3382.0,-5.840000000000001
3383.0,-5.2
3384.0,-5.28
3385.0,-5.19
3386.0,-5.18
3387.0,-5.19
3388.0,-5.05
3389.0,-5.05
3390.0,-5.08
3391.0,-5.99
3392.0,-5.05
3393.0,-5.19
3394.0,-5.29
3395.0,-5.57
3396.0,-5.26
3397.0,-5.54
3398.0,-5.1
3399.0,-5.14
3400.0,-5.57
3401.0,-5.04
3402.0,-5.03
3403.0,-5.390000000000001
3404.0,-5.01
3405.0,-5.02
3406.0,-5.42
3407.0,-5.550000000000001
3408.0,-5.03
3409.0,-5.01
3410.0,-5.24
3411.0,-5.42
3412.0,-5.26
3413.0,-5.33
3414.0,-5.23
3415.0,-5.02
3416.0,-5.390000000000001
3417.0,-5.15
3418.0,-5.02
3419.0,-5.07
3420.0,-5.430000000000001
3421.0,-5.3100000000000005
3422.0,-5.6000000000000005
3423.0,-5.07
3424.0,-5.02
3425.0,-5.28
3426.0,-5.06
3427.0,-5.02
3428.0,-5.09
3429.0,-5.01
3430.0,-5.02
3431.0,-5.34
3432.0,-5.21
3433.0,-5.3
3434.0,-5.28
3435.0,-5.62
3436.0,-5.3
3437.0,-5.12
3438.0,-5.37
3439.0,-5.01
3440.0,-5.02
3441.0,-5.23
3442.0,-5.14
3443.0,-5.4
3444.0,-5.04
3445.0,-5.36
3446.0,-5.03
3447.0,-5.11
3448.0,-5.12
3449.0,-5.12
3450.0,-5.18
3451.0,-5.04
3452.0,-5.53
3453.0,-5.11
3454.0,-5.02
3455.0,-5.890000000000001
3456.0,-5.13
3457.0,-5.01
3458.0,-5.14
3459.0,-5.04
3460.0,-1.0000000000000007
3461.0,-5.17
3462.0,-5.01
3463.0,-5.01
3464.0,-5.09
3465.0,-5.680000000000001
3466.0,-5.3
3467.0,-5.33
3468.0,-5.09
3469.0,-5.07
3470.0,-5.720000000000001
3471.0,-5.1
3472.0,-5.06
3473.0,-5.04
3474.0,-5.17
3475.0,-5.02
3476.0,-5.03
3477.0,-5.3100000000000005
3478.0,-5.37
3479.0,-5.07
3480.0,-5.6000000000000005
3481.0,-5.03
3482.0,-5.12
3483.0,-5.08
3484.0,-5.01
3485.0,-5.430000000000001
3486.0,-5.06
3487.0,-5.07
3488.0,-5.59
3489.0,-5.02
3490.0,-5.04
3491.0,-5.06
3492.0,-5.01
3493.0,-5.870000000000001
3494.0,-5.02
3495.0,-5.06
3496.0,-5.5600000000000005
3497.0,-5.17
3498.0,-5.49
3499.0,-5.7700000000000005
3500.0,-5.640000000000001
3501.0,-5.26
3502.0,-5.01
3503.0,-5.75
3504.0,-5.24
3505.0,-1.0000000000000007
3506.0,-5.17
3507.0,-5.25
3508.0,-5.470000000000001
3509.0,-5.58
3510.0,-5.01
3511.0,-5.470000000000001
3512.0,-5.03
3513.0,-5.21
3514.0,-5.07
3515.0,-1.0000000000000007
3516.0,-5.02
3517.0,-5.13
3518.0,-5.01
3519.0,-1.0000000000000007
3520.0,-5.08
3521.0,-5.18
3522.0,-5.05
3523.0,-5.4
3524.0,-5.04
3525.0,-5.18
3526.0,-5.23
3527.0,-5.26
3528.0,-5.06
3529.0,-5.38
3530.0,-5.04
3531.0,-5.17
3532.0,-5.3500000000000005
3533.0,-5.2700000000000005
3534.0,-5.34
3535.0,-5.33
3536.0,-5.04
3537.0,-5.02
3538.0,-5.09
3539.0,-5.09
3540.0,-5.08
3541.0,-5.02
3542.0,-5.470000000000001
3543.0,-5.2
3544.0,-5.02
3545.0,-5.04
3546.0,-1.0000000000000007
3547.0,-5.15
3548.0,-5.1
3549.0,-5.07
3550.0,-5.12
3551.0,-5.5200000000000005
3552.0,-5.01
3553.0,-5.07
3554.0,-5.04
3555.0,-5.12
3556.0,-5.54
3557.0,-5.28
3558.0,-5.07
3559.0,-5.02
3560.0,-5.05
3561.0,-5.37
3562.0,-5.04
3563.0,-5.11
3564.0,-5.37
3565.0,-5.3
3566.0,-5.06
3567.0,-5.13
3568.0,-5.61
3569.0,-5.25
3570.0,-5.08
3571.0,-5.15
3572.0,-5.61
3573.0,-5.01
3574.0,-5.430000000000001
3575.0,-5.32
3576.0,-5.83
3577.0,-5.06
3578.0,-5.02
3579.0,-5.23
3580.0,-5.08
3581.0,-5.13
3582.0,-5.13
3583.0,-5.04
3584.0,-5.12
3585.0,-5.05
3586.0,-5.03
3587.0,-5.03
3588.0,-5.69
3589.0,-5.15
3590.0,-5.04
3591.0,-5.24
3592.0,-5.03
3593.0,-5.23
3594.0,-5.760000000000001
3595.0,-5.66
3596.0,-5.03
3597.0,-5.09
3598.0,-5.11
3599.0,-5.01
3600.0,-5.08
3601.0,-5.03
3602.0,-5.66
3603.0,-5.5200000000000005
3604.0,-5.12
3605.0,-5.02
3606.0,-5.01
3607.0,-5.26
3608.0,-5.66
3609.0,-5.1
3610.0,-5.17
3611.0,-5.23
3612.0,-5.33
3613.0,-5.17
3614.0,-5.05
3615.0,-5.57
3616.0,-5.3500000000000005
3617.0,-5.02
3618.0,-5.32
3619.0,-5.16
3620.0,-5.02
3621.0,-5.03
3622.0,-5.04
3623.0,-5.07
3624.0,-5.17
3625.0,-5.67
3626.0,-5.05
3627.0,-5.66
3628.0,-5.48
3629.0,-5.05
3630.0,-5.4
3631.0,-5.09
3632.0,-5.28
3633.0,-5.66
3634.0,-5.32
3635.0,-5.54
3636.0,-5.04
3637.0,-5.38
3638.0,-5.06
3639.0,-5.02
3640.0,-5.15
3641.0,-5.25
3642.0,-5.13
3643.0,-5.04
3644.0,-5.18
3645.0,-5.09
3646.0,-5.01
3647.0,-5.02
3648.0,-5.21
3649.0,-5.04
3650.0,-5.13
3651.0,-5.03
3652.0,-5.01
3653.0,-5.11
3654.0,-5.41
3655.0,-5.17
3656.0,-5.03
3657.0,-5.08
3658.0,-5.18
3659.0,-5.02
3660.0,-5.720000000000001
3661.0,-5.32
3662.0,-5.960000000000001
3663.0,-5.06
3664.0,-5.05
3665.0,-5.22
3666.0,-5.2700000000000005
3667.0,-5.08
3668.0,-5.03
3669.0,-5.07
3670.0,-5.03
3671.0,-5.05
3672.0,-5.11
3673.0,-5.12
3674.0,-5.5
3675.0,-5.25
3676.0,-5.44
3677.0,-5.04
3678.0,-5.44
3679.0,-5.36
3680.0,-5.32
3681.0,-5.3500000000000005
3682.0,-5.470000000000001
3683.0,-5.02
3684.0,-5.03
3685.0,-5.07
3686.0,-5.11
3687.0,-5.09
3688.0,-5.05
3689.0,-5.06
3690.0,-5.62
3691.0,-5.14
3692.0,-5.15
3693.0,-5.74
3694.0,-5.550000000000001
3695.0,-5.1
3696.0,-5.18
3697.0,-5.11
3698.0,-5.02
3699.0,-5.01
3700.0,-5.14
3701.0,-5.04
3702.0,-5.12
3703.0,-5.53
3704.0,-5.720000000000001
3705.0,-5.01
3706.0,-5.61
3707.0,-5.49
3708.0,-5.640000000000001
3709.0,-5.08
3710.0,-5.06
3711.0,-5.07
3712.0,-5.06
3713.0,-5.09
3714.0,-5.1
3715.0,-5.2
3716.0,-5.11
3717.0,-5.05
3718.0,-5.14
3719.0,-5.08
3720.0,-5.7700000000000005
3721.0,-5.02
3722.0,-5.02
3723.0,-5.09
3724.0,-5.74
3725.0,-5.9
3726.0,-5.790000000000001
3727.0,-5.3500000000000005
3728.0,-5.03
3729.0,-5.37
3730.0,-5.01
3731.0,-5.800000000000001
3732.0,-5.25
3733.0,-5.16
3734.0,-5.07
3735.0,-5.03
3736.0,-5.06
3737.0,-5.2700000000000005
3738.0,-5.1
3739.0,-5.38
3740.0,-5.01
3741.0,-5.45
3742.0,-5.3100000000000005
3743.0,-5.02
3744.0,-5.03
3745.0,-5.32
3746.0,-5.09
3747.0,-5.14
3748.0,-5.02
3749.0,-5.11
3750.0,-5.37
3751.0,-5.19
3752.0,-5.02
3753.0,-5.09
3754.0,-5.83
3755.0,-5.790000000000001
3756.0,-5.13
3757.0,-5.680000000000001
3758.0,-5.08
3759.0,-5.05
3760.0,-5.04
3761.0,-5.82
3762.0,-5.1
3763.0,-5.07
3764.0,-5.790000000000001
3765.0,-5.02
3766.0,-5.2700000000000005
3767.0,-5.09
3768.0,-5.12
3769.0,-5.69
3770.0,-5.67
3771.0,-5.7700000000000005
3772.0,-5.03
3773.0,-5.33
3774.0,-5.01
3775.0,-5.28
3776.0,-5.08
3777.0,-5.17
3778.0,-5.02
3779.0,-5.24
3780.0,-5.69
3781.0,-5.01
3782.0,-5.18
3783.0,-5.04
3784.0,-5.14
3785.0,-5.470000000000001
3786.0,-5.03
3787.0,-5.14
3788.0,-5.02
3789.0,-5.1
3790.0,-5.05
3791.0,-5.12
3792.0,-5.65
3793.0,-5.13
3794.0,-5.03
3795.0,-5.41
3796.0,-5.23
3797.0,-5.01
3798.0,-5.33
3799.0,-5.630000000000001
3800.0,-5.3100000000000005
3801.0,-5.02
3802.0,-5.01
3803.0,-5.1
3804.0,-5.7700000000000005
3805.0,-5.19
3806.0,-5.57
3807.0,-1.0000000000000007
3808.0,-5.14
3809.0,-5.23
3810.0,-5.45
3811.0,-5.02
3812.0,-5.03
3813.0,-5.22
3814.0,-5.23
3815.0,-5.17
3816.0,-5.07
3817.0,-5.02
3818.0,-5.18
3819.0,-5.04
3820.0,-5.22
3821.0,-5.24
3822.0,-5.18
3823.0,-5.32
3824.0,-5.01
3825.0,-5.06
3826.0,-5.69
3827.0,-5.19
3828.0,-5.21
3829.0,-5.32
3830.0,-5.41
3831.0,-5.03
3832.0,-5.25
3833.0,-5.1
3834.0,-5.29
3835.0,-5.02
3836.0,-5.22
3837.0,-5.24
3838.0,-5.19
3839.0,-5.13
3840.0,-5.29
3841.0,-5.11
3842.0,-5.02
3843.0,-5.23
3844.0,-5.23
3845.0,-5.17
3846.0,-5.390000000000001
3847.0,-5.2700000000000005
3848.0,-5.59
3849.0,-5.430000000000001
3850.0,-5.07
3851.0,-5.2700000000000005
3852.0,-5.1
3853.0,-5.2
3854.0,-5.15
3855.0,-5.21
3856.0,-5.02
3857.0,-5.5200000000000005
3858.0,-5.02
3859.0,-5.14
3860.0,-5.06
3861.0,-5.02
3862.0,-5.33
3863.0,-5.09
3864.0,-5.14
3865.0,-5.18
3866.0,-5.13
3867.0,-5.05
3868.0,-5.04
3869.0,-5.11
3870.0,-5.06
3871.0,-5.26
3872.0,-5.07
3873.0,-5.3500000000000005
3874.0,-5.06
3875.0,-5.08
3876.0,-5.58
3877.0,-5.14
3878.0,-5.24
3879.0,-5.26
3880.0,-5.5600000000000005
3881.0,-5.04
3882.0,-5.01
3883.0,-5.11
3884.0,-5.25
3885.0,-5.49
3886.0,-5.11
3887.0,-5.3
3888.0,-5.01
3889.0,-5.42
3890.0,-5.05
3891.0,-5.37
3892.0,-5.48
3893.0,-5.06
3894.0,-5.17
3895.0,-5.82
3896.0,-5.06
3897.0,-5.23
3898.0,-5.3500000000000005
3899.0,-5.42
3900.0,-5.02
3901.0,-5.06
3902.0,-5.21
3903.0,-5.17
3904.0,-5.07
3905.0,-5.32
3906.0,-5.09
3907.0,-5.3
3908.0,-5.5200000000000005
3909.0,-5.06
3910.0,-5.02
3911.0,-5.66
3912.0,-5.15
3913.0,-5.3
3914.0,-5.53
3915.0,-5.03
3916.0,-5.2700000000000005
3917.0,-5.24
3918.0,-5.08
3919.0,-5.02
3920.0,-5.06
3921.0,-5.5
3922.0,-5.01
3923.0,-5.07
3924.0,-5.09
3925.0,-5.01
3926.0,-5.1
3927.0,-5.32
3928.0,-5.7700000000000005
3929.0,-5.04
3930.0,-5.4
3931.0,-5.22
3932.0,-5.11
3933.0,-5.13
3934.0,-5.16
3935.0,-5.550000000000001
3936.0,-5.24
3937.0,-5.45
3938.0,-5.19
3939.0,-5.4
3940.0,-5.05
3941.0,-5.08
3942.0,-5.01
3943.0,-5.04
3944.0,-5.78
3945.0,-5.01
3946.0,-5.4
3947.0,-5.28
3948.0,-5.14
3949.0,-5.41
3950.0,-5.2
3951.0,-5.49
3952.0,-5.74
3953.0,-5.82
3954.0,-5.02
3955.0,-5.02
3956.0,-5.62
3957.0,-5.02
3958.0,-5.430000000000001
3959.0,-5.09
3960.0,-5.1
3961.0,-5.32
3962.0,-5.82
3963.0,-5.33
3964.0,-5.18
3965.0,-5.05
3966.0,-5.05
3967.0,-5.04
3968.0,-5.37
3969.0,-5.05
3970.0,-1.0000000000000007
3971.0,-5.17
3972.0,-5.58
3973.0,-5.03
3974.0,-5.01
3975.0,-5.19
3976.0,-5.53
3977.0,-5.05
3978.0,-5.02
3979.0,-5.17
3980.0,-5.05
3981.0,-5.75
3982.0,-5.44
3983.0,-5.17
3984.0,-5.04
3985.0,-1.0000000000000007
3986.0,-5.29
3987.0,-5.07
3988.0,-5.15
3989.0,-5.86
3990.0,-5.01
3991.0,-5.04
3992.0,-5.13
3993.0,-5.26
3994.0,-5.430000000000001
3995.0,-5.3
3996.0,-5.3500000000000005
3997.0,-5.18
3998.0,-5.05
3999.0,-5.800000000000001
4000.0,-5.03
4001.0,-5.49
4002.0,-5.26
4003.0,-5.18
4004.0,-5.36
4005.0,-5.46
4006.0,-5.3500000000000005
4007.0,-5.14
4008.0,-5.09
4009.0,-5.11
4010.0,-5.05
4011.0,-5.32
4012.0,-5.05
4013.0,-5.05
4014.0,-5.2700000000000005
4015.0,-5.91
4016.0,-5.42
4017.0,-5.01
4018.0,-5.01
4019.0,-5.04
4020.0,-5.04
4021.0,-5.44
4022.0,-5.41
4023.0,-5.03
4024.0,-5.02
4025.0,-5.09
4026.0,-5.24
4027.0,-5.05
4028.0,-5.06
4029.0,-5.51
4030.0,-5.03
4031.0,-5.22
4032.0,-5.48
4033.0,-5.3100000000000005
4034.0,-5.02
4035.0,-5.09
4036.0,-5.02
4037.0,-5.16
4038.0,-5.640000000000001
4039.0,-5.48
4040.0,-5.07
4041.0,-5.08
4042.0,-5.04
4043.0,-5.03
4044.0,-5.880000000000001
4045.0,-5.16
4046.0,-5.03
4047.0,-5.25
4048.0,-5.01
4049.0,-5.21
4050.0,-5.07
4051.0,-5.1
4052.0,-5.32
4053.0,-5.02
4054.0,-5.05
4055.0,-5.09
4056.0,-5.5600000000000005
4057.0,-5.11
4058.0,-5.06
4059.0,-5.11
4060.0,-5.11
4061.0,-5.02
4062.0,-5.48
4063.0,-5.33
4064.0,-5.09
4065.0,-5.08
4066.0,-5.51
4067.0,-5.34
4068.0,-5.02
4069.0,-5.44
4070.0,-5.3
4071.0,-5.1
4072.0,-5.02
4073.0,-5.53
4074.0,-5.17
4075.0,-5.06
4076.0,-5.2
4077.0,-5.09
4078.0,-5.04
4079.0,-5.01
4080.0,-5.57
4081.0,-5.22
4082.0,-5.09
4083.0,-5.960000000000001
4084.0,-5.04
4085.0,-5.22
4086.0,-5.02
4087.0,-5.04
4088.0,-5.5600000000000005
4089.0,-5.02
4090.0,-5.08
4091.0,-5.01
4092.0,-5.01
4093.0,-5.5
4094.0,-5.02
4095.0,-5.08
4096.0,-5.29
4097.0,-5.34
4098.0,-5.46
4099.0,-5.03
4100.0,-5.26
4101.0,-5.01
4102.0,-5.14
4103.0,-5.13
4104.0,-5.6000000000000005
4105.0,-5.09
4106.0,-5.01
4107.0,-5.3100000000000005
4108.0,-5.16
4109.0,-5.01
4110.0,-5.24
4111.0,-5.01
4112.0,-5.15
4113.0,-5.03
4114.0,-5.29
4115.0,-5.03
4116.0,-5.78
4117.0,-5.05
4118.0,-5.5600000000000005
4119.0,-5.59
4120.0,-5.04
4121.0,-5.69
4122.0,-5.06
4123.0,-5.08
4124.0,-5.19
4125.0,-5.41
4126.0,-5.13
4127.0,-5.1
4128.0,-5.13
4129.0,-5.800000000000001
4130.0,-5.45
4131.0,-5.14
4132.0,-5.54
4133.0,-5.24
4134.0,-5.02
4135.0,-5.24
4136.0,-5.14
4137.0,-5.25
4138.0,-5.950000000000001
4139.0,-5.26
4140.0,-5.59
4141.0,-5.3100000000000005
4142.0,-5.01
4143.0,-5.04
4144.0,-5.58
4145.0,-5.2
4146.0,-5.02
4147.0,-5.24
4148.0,-5.5600000000000005
4149.0,-5.38
4150.0,-5.12
4151.0,-5.01
4152.0,-5.15
4153.0,-5.15
4154.0,-5.4
4155.0,-1.0000000000000007
4156.0,-5.38
4157.0,-5.32
4158.0,-5.2700000000000005
4159.0,-5.45
4160.0,-5.710000000000001
4161.0,-5.32
4162.0,-5.760000000000001
4163.0,-5.24
4164.0,-5.05
4165.0,-5.28
4166.0,-5.09
4167.0,-5.720000000000001
4168.0,-5.16
4169.0,-5.01
4170.0,-5.29
4171.0,-5.03
4172.0,-5.6000000000000005
4173.0,-5.04
4174.0,-5.01
4175.0,-5.04
4176.0,-5.02
4177.0,-5.1
4178.0,-5.04
4179.0,-5.12
4180.0,-5.42
4181.0,-5.01
4182.0,-5.1
4183.0,-5.01
4184.0,-5.02
4185.0,-5.5
4186.0,-5.09
4187.0,-5.02
4188.0,-5.03
4189.0,-5.02
4190.0,-5.12
4191.0,-5.78
4192.0,-5.46
4193.0,-5.22
4194.0,-1.0000000000000007
4195.0,-5.44
4196.0,-5.22
4197.0,-5.800000000000001
4198.0,-5.03
4199.0,-5.32
4200.0,-5.25
4201.0,-5.05
4202.0,-5.02
4203.0,-5.13
4204.0,-5.09
4205.0,-5.16
4206.0,-5.08
4207.0,-5.22
4208.0,-5.57
4209.0,-5.01
4210.0,-5.04
4211.0,-5.1
4212.0,-5.99
4213.0,-5.54
4214.0,-5.04
4215.0,-1.0000000000000007
4216.0,-5.25
4217.0,-5.44
4218.0,-5.06
4219.0,-5.49
4220.0,-5.26
4221.0,-5.04
4222.0,-5.02
4223.0,-5.950000000000001
4224.0,-5.4
4225.0,-5.6000000000000005
4226.0,-5.06
4227.0,-5.07
4228.0,-5.1
4229.0,-5.26
4230.0,-5.02
4231.0,-5.03
4232.0,-5.09
4233.0,-5.41
4234.0,-5.69
4235.0,-5.550000000000001
4236.0,-5.14
4237.0,-5.57
4238.0,-5.03
4239.0,-5.04
4240.0,-5.960000000000001
4241.0,-5.4
4242.0,-5.04
4243.0,-5.06
4244.0,-5.03
4245.0,-5.22
4246.0,-5.59
4247.0,-5.32
4248.0,-5.14
4249.0,-5.01
4250.0,-5.03
4251.0,-5.03
4252.0,-5.08
4253.0,-5.57
4254.0,-5.94
4255.0,-5.01
4256.0,-5.1
4257.0,-5.36
4258.0,-5.58
4259.0,-5.14
4260.0,-5.21
4261.0,-5.01
4262.0,-5.19
4263.0,-5.12
4264.0,-5.06
4265.0,-5.02
4266.0,-5.04
4267.0,-5.09
4268.0,-5.22
4269.0,-5.01
4270.0,-5.16
4271.0,-5.1
4272.0,-5.02
4273.0,-5.04
4274.0,-5.05
4275.0,-5.06
4276.0,-5.49
4277.0,-1.0000000000000007
4278.0,-5.08
4279.0,-5.18
4280.0,-5.11
4281.0,-5.44
4282.0,-5.01
4283.0,-5.09
4284.0,-5.38
4285.0,-5.02
4286.0,-5.28
4287.0,-5.01
4288.0,-5.15
4289.0,-5.03
4290.0,-5.05
4291.0,-5.05
4292.0,-5.12
4293.0,-5.04
4294.0,-5.67
4295.0,-5.06
4296.0,-5.05
4297.0,-5.08
4298.0,-5.07
4299.0,-5.03
4300.0,-5.11
4301.0,-5.4
4302.0,-5.05
4303.0,-5.03
4304.0,-5.41
4305.0,-5.33
4306.0,-5.04
4307.0,-5.03
4308.0,-5.73
4309.0,-5.2
4310.0,-5.23
4311.0,-5.1
4312.0,-5.73
4313.0,-5.4
4314.0,-5.33
4315.0,-5.04
4316.0,-5.11
4317.0,-5.07
4318.0,-5.11
4319.0,-5.2700000000000005
4320.0,-5.02
4321.0,-5.59
4322.0,-5.05
4323.0,-5.5
4324.0,-5.05
4325.0,-5.44
4326.0,-5.01
4327.0,-5.14
4328.0,-5.11
4329.0,-5.7700000000000005
4330.0,-5.05
4331.0,-5.16
4332.0,-5.03
4333.0,-5.11
4334.0,-5.09
4335.0,-5.1
4336.0,-5.51
4337.0,-5.07
4338.0,-5.57
4339.0,-5.02
4340.0,-5.03
4341.0,-5.26
4342.0,-5.05
4343.0,-5.02
4344.0,-5.08
4345.0,-5.18
4346.0,-5.630000000000001
4347.0,-5.02
4348.0,-5.02
4349.0,-5.62
4350.0,-5.09
4351.0,-5.91
4352.0,-5.06
4353.0,-5.69
4354.0,-5.01
4355.0,-5.11
4356.0,-5.24
4357.0,-5.02
4358.0,-5.02
4359.0,-5.28
4360.0,-5.09
4361.0,-5.08
4362.0,-5.13
4363.0,-5.02
4364.0,-5.32
4365.0,-5.3
4366.0,-5.22
4367.0,-5.02
4368.0,-5.24
4369.0,-5.1
4370.0,-5.02
4371.0,-5.13
4372.0,-5.2700000000000005
4373.0,-5.16
4374.0,-5.22
4375.0,-5.22
4376.0,-5.06
4377.0,-5.34
4378.0,-1.0000000000000007
4379.0,-5.01
4380.0,-5.03
4381.0,-5.390000000000001
4382.0,-5.01
4383.0,-5.02
4384.0,-5.18
4385.0,-5.58
4386.0,-5.07
4387.0,-5.07
4388.0,-5.13
4389.0,-5.09
4390.0,-5.03
4391.0,-5.04
4392.0,-5.720000000000001
4393.0,-5.05
4394.0,-5.07
4395.0,-5.06
4396.0,-5.2700000000000005
4397.0,-5.07
4398.0,-5.01
4399.0,-5.03
4400.0,-5.24
4401.0,-5.08
4402.0,-5.3
4403.0,-5.07
4404.0,-5.12
4405.0,-5.13
4406.0,-1.0000000000000007
4407.0,-5.06
4408.0,-5.59
4409.0,-5.17
4410.0,-5.51
4411.0,-5.04
4412.0,-5.03
4413.0,-1.0000000000000007
4414.0,-5.01
4415.0,-5.4
4416.0,-5.29
4417.0,-5.16
4418.0,-5.18
4419.0,-5.23
4420.0,-5.17
4421.0,-5.04
4422.0,-5.13
4423.0,-5.03
4424.0,-5.390000000000001
4425.0,-5.44
4426.0,-5.02
4427.0,-5.13
4428.0,-5.02
4429.0,-5.73
4430.0,-5.14
4431.0,-5.4
4432.0,-5.21
4433.0,-5.28
4434.0,-5.08
4435.0,-5.3100000000000005
4436.0,-5.32
4437.0,-1.0000000000000007
4438.0,-5.13
4439.0,-5.12
4440.0,-5.17
4441.0,-5.07
4442.0,-5.02
4443.0,-5.07
4444.0,-5.08
4445.0,-5.390000000000001
4446.0,-5.08
4447.0,-5.13
4448.0,-5.98
4449.0,-5.75
4450.0,-5.21
4451.0,-5.2
4452.0,-5.950000000000001
4453.0,-5.12
4454.0,-5.04
4455.0,-5.12
4456.0,-5.06
4457.0,-5.08
4458.0,-5.02
4459.0,-5.05
4460.0,-5.09
4461.0,-5.3500000000000005
4462.0,-5.4
4463.0,-5.34
4464.0,-5.01
4465.0,-5.32
4466.0,-5.02
4467.0,-5.17
4468.0,-5.28
4469.0,-5.08
4470.0,-5.28
4471.0,-5.1
4472.0,-5.08
4473.0,-5.08
4474.0,-5.06
4475.0,-5.06
4476.0,-5.17
4477.0,-5.37
4478.0,-5.640000000000001
4479.0,-5.66
4480.0,-5.5200000000000005
4481.0,-5.15
4482.0,-5.3100000000000005
4483.0,-5.2
4484.0,-5.630000000000001
4485.0,-5.12
4486.0,-5.03
4487.0,-5.09
4488.0,-5.03
4489.0,-5.09
4490.0,-5.08
4491.0,-5.01
4492.0,-5.14
4493.0,-5.390000000000001
4494.0,-5.06
4495.0,-5.04
4496.0,-5.16
4497.0,-5.06
4498.0,-5.09
4499.0,-5.09
4500.0,-5.09
4501.0,-5.15
4502.0,-5.05
4503.0,-5.04
4504.0,-5.01
4505.0,-5.3
4506.0,-5.02
4507.0,-5.5200000000000005
4508.0,-5.08
4509.0,-5.06
4510.0,-5.01
4511.0,-5.01
4512.0,-5.1
4513.0,-1.0000000000000007
4514.0,-5.12
4515.0,-5.45
4516.0,-5.11
4517.0,-5.06
4518.0,-5.18
4519.0,-5.08
4520.0,-5.04
4521.0,-5.13
4522.0,-5.05
4523.0,-5.720000000000001
4524.0,-5.08
4525.0,-5.07
4526.0,-1.0000000000000007
4527.0,-5.21
4528.0,-5.08
4529.0,-5.02
4530.0,-5.01
4531.0,-5.14
4532.0,-5.07
4533.0,-5.34
4534.0,-5.11
4535.0,-5.02
4536.0,-5.6000000000000005
4537.0,-5.09
4538.0,-5.04
4539.0,-5.01
4540.0,-5.32
4541.0,-5.03
4542.0,-5.07
4543.0,-5.09
4544.0,-5.62
4545.0,-5.15
4546.0,-5.1
4547.0,-5.13
4548.0,-5.02
4549.0,-5.05
4550.0,-5.3
4551.0,-5.54
4552.0,-1.0000000000000007
4553.0,-5.04
4554.0,-5.8100000000000005
4555.0,-5.02
4556.0,-5.07
4557.0,-5.06
4558.0,-5.34
4559.0,-5.02
4560.0,-5.04
4561.0,-5.32
4562.0,-5.49
4563.0,-5.02
4564.0,-5.03
4565.0,-5.18
4566.0,-5.680000000000001
4567.0,-5.12
4568.0,-5.1
4569.0,-5.09
4570.0,-5.03
4571.0,-5.950000000000001
4572.0,-5.07
4573.0,-5.04
4574.0,-5.06
4575.0,-5.550000000000001
4576.0,-5.1
4577.0,-5.34
4578.0,-5.16
4579.0,-5.09
4580.0,-5.05
4581.0,-5.03
4582.0,-5.33
4583.0,-5.08
4584.0,-5.09
4585.0,-5.14
4586.0,-5.36
4587.0,-5.01
4588.0,-5.07
4589.0,-5.05
4590.0,-5.58
4591.0,-5.01
4592.0,-5.06
4593.0,-5.22
4594.0,-5.07
4595.0,-5.04
4596.0,-5.02
4597.0,-5.12
4598.0,-5.04
4599.0,-5.11
4600.0,-5.32
4601.0,-5.53
4602.0,-5.01
4603.0,-5.12
4604.0,-5.15
4605.0,-5.11
4606.0,-5.04
4607.0,-5.03
4608.0,-5.07
4609.0,-5.06
4610.0,-5.01
4611.0,-5.13
4612.0,-5.4
4613.0,-5.16
4614.0,-5.03
4615.0,-5.09
4616.0,-5.630000000000001
4617.0,-5.08
4618.0,-5.46
4619.0,-5.08
4620.0,-5.45
4621.0,-5.05
4622.0,-5.22
4623.0,-5.2
4624.0,-5.17
4625.0,-5.74
4626.0,-5.2700000000000005
4627.0,-5.390000000000001
4628.0,-5.12
4629.0,-5.04
4630.0,-5.28
4631.0,-5.49
4632.0,-5.13
4633.0,-5.01
4634.0,-5.09
4635.0,-5.3500000000000005
4636.0,-5.2
4637.0,-5.75
4638.0,-5.03
4639.0,-5.02
4640.0,-5.2700000000000005
4641.0,-5.630000000000001
4642.0,-5.36
4643.0,-5.02
4644.0,-5.32
4645.0,-5.04
4646.0,-5.03
4647.0,-5.02
4648.0,-5.32
4649.0,-5.09
4650.0,-5.03
4651.0,-5.69
4652.0,-5.62
4653.0,-5.2
4654.0,-5.2
4655.0,-5.16
4656.0,-5.16
4657.0,-5.08
4658.0,-1.0000000000000007
4659.0,-5.04
4660.0,-5.02
4661.0,-5.3500000000000005
4662.0,-5.91
4663.0,-5.05
4664.0,-5.07
4665.0,-5.11
4666.0,-5.02
4667.0,-5.21
4668.0,-5.01
4669.0,-5.46
4670.0,-5.44
4671.0,-5.61
4672.0,-5.53
4673.0,-5.66
4674.0,-5.02
4675.0,-5.630000000000001
4676.0,-5.99
4677.0,-5.02
4678.0,-5.14
4679.0,-5.2
4680.0,-5.16
4681.0,-5.04
4682.0,-5.04
4683.0,-5.04
4684.0,-5.02
4685.0,-5.05
4686.0,-5.3
4687.0,-5.12
4688.0,-5.54
4689.0,-5.550000000000001
4690.0,-5.26
4691.0,-5.16
4692.0,-5.98
4693.0,-5.04
4694.0,-5.01
4695.0,-5.41
4696.0,-5.78
4697.0,-5.06
4698.0,-5.04
4699.0,-5.48
4700.0,-5.05
4701.0,-5.390000000000001
4702.0,-5.09
4703.0,-5.48
4704.0,-5.02
4705.0,-5.3100000000000005
4706.0,-5.4
4707.0,-5.3500000000000005
4708.0,-5.06
4709.0,-5.06
4710.0,-5.09
4711.0,-5.58
4712.0,-5.69
4713.0,-5.91
4714.0,-5.03
4715.0,-5.02
4716.0,-5.23
4717.0,-5.82
4718.0,-5.04
4719.0,-5.03
4720.0,-5.8100000000000005
4721.0,-5.870000000000001
4722.0,-5.04
4723.0,-5.16
4724.0,-5.42
4725.0,-5.04
4726.0,-5.09
4727.0,-5.38
4728.0,-5.430000000000001
4729.0,-5.01
4730.0,-5.720000000000001
4731.0,-5.41
4732.0,-5.01
4733.0,-5.15
4734.0,-5.640000000000001
4735.0,-5.05
4736.0,-5.03
4737.0,-5.4
4738.0,-5.06
4739.0,-1.0000000000000007
4740.0,-5.3
4741.0,-5.57
4742.0,-5.05
4743.0,-5.53
4744.0,-5.07
4745.0,-1.0000000000000007
4746.0,-5.02
4747.0,-5.15
4748.0,-5.14
4749.0,-5.630000000000001
4750.0,-5.03
4751.0,-5.58
4752.0,-5.2
4753.0,-5.17
4754.0,-5.09
4755.0,-5.11
4756.0,-5.41
4757.0,-5.09
4758.0,-5.46
4759.0,-5.75
4760.0,-5.38
4761.0,-5.03
4762.0,-5.2
4763.0,-5.04
4764.0,-5.01
4765.0,-5.69
4766.0,-5.22
4767.0,-5.15
4768.0,-5.01
4769.0,-5.5600000000000005
4770.0,-5.41
4771.0,-5.11
4772.0,-5.33
4773.0,-5.1
4774.0,-5.11
4775.0,-5.44
4776.0,-5.24
4777.0,-5.430000000000001
4778.0,-5.14
4779.0,-5.08
4780.0,-5.08
4781.0,-5.11
4782.0,-1.0000000000000007
4783.0,-5.5600000000000005
4784.0,-5.16
4785.0,-5.06
4786.0,-5.02
4787.0,-5.36
4788.0,-5.04
4789.0,-5.65
4790.0,-5.06
4791.0,-5.08
4792.0,-5.06
4793.0,-5.05
4794.0,-5.390000000000001
4795.0,-5.38
4796.0,-5.06
4797.0,-5.02
4798.0,-5.07
4799.0,-5.18
4800.0,-5.28
4801.0,-5.46
4802.0,-5.4
4803.0,-5.08
4804.0,-5.02
4805.0,-5.09
4806.0,-1.0000000000000007
4807.0,-5.12
4808.0,-5.04
4809.0,-5.02
4810.0,-5.02
4811.0,-5.02
4812.0,-1.0000000000000007
4813.0,-5.05
4814.0,-5.3
4815.0,-5.51
4816.0,-5.01
4817.0,-5.14
4818.0,-5.03
4819.0,-5.03
4820.0,-5.07
4821.0,-5.09
4822.0,-5.630000000000001
4823.0,-5.57
4824.0,-5.06
4825.0,-5.8100000000000005
4826.0,-5.01
4827.0,-5.22
4828.0,-5.5600000000000005
4829.0,-5.24
4830.0,-5.04
4831.0,-5.06
4832.0,-5.06
4833.0,-5.45
4834.0,-5.46
4835.0,-5.02
4836.0,-5.48
4837.0,-5.04
4838.0,-5.07
4839.0,-1.0000000000000007
4840.0,-5.06
4841.0,-1.0000000000000007
4842.0,-5.08
4843.0,-5.78
4844.0,-5.25
4845.0,-5.22
4846.0,-5.22
4847.0,-5.05
4848.0,-5.42
4849.0,-5.09
4850.0,-5.36
4851.0,-5.05
4852.0,-5.06
4853.0,-5.04
4854.0,-5.16
4855.0,-5.42
4856.0,-5.790000000000001
4857.0,-5.37
4858.0,-5.23
4859.0,-5.34
4860.0,-5.1
4861.0,-5.42
4862.0,-5.4
4863.0,-5.6000000000000005
4864.0,-5.01
4865.0,-5.02
4866.0,-5.640000000000001
4867.0,-5.04
4868.0,-5.15
4869.0,-5.2
4870.0,-5.430000000000001
4871.0,-5.59
4872.0,-5.98
4873.0,-5.19
4874.0,-5.04
4875.0,-5.06
4876.0,-5.1
4877.0,-5.02
4878.0,-5.1
4879.0,-5.04
4880.0,-5.14
4881.0,-5.13
4882.0,-5.04
4883.0,-5.05
4884.0,-5.04
4885.0,-5.1
4886.0,-5.3500000000000005
4887.0,-5.680000000000001
4888.0,-5.470000000000001
4889.0,-5.7
4890.0,-5.08
4891.0,-5.21
4892.0,-5.36
4893.0,-5.18
4894.0,-5.16
4895.0,-5.02
4896.0,-5.03
4897.0,-5.14
4898.0,-5.13
4899.0,-5.19
4900.0,-5.08
4901.0,-5.03
4902.0,-5.44
4903.0,-5.02
4904.0,-5.82
4905.0,-5.03
4906.0,-5.02
4907.0,-5.65
4908.0,-5.09
4909.0,-5.29
4910.0,-5.86
4911.0,-5.08
4912.0,-5.06
4913.0,-5.02
4914.0,-5.04
4915.0,-5.03
4916.0,-5.5
4917.0,-5.06
4918.0,-5.41
4919.0,-5.02
4920.0,-5.04
4921.0,-5.08
4922.0,-5.630000000000001
4923.0,-5.02
4924.0,-5.3100000000000005
4925.0,-5.11
4926.0,-5.22
4927.0,-5.54
4928.0,-5.02
4929.0,-5.15
4930.0,-5.45
4931.0,-5.710000000000001
4932.0,-5.01
4933.0,-5.04
4934.0,-5.74
4935.0,-5.03
4936.0,-5.05
4937.0,-5.07
4938.0,-5.04
4939.0,-5.14
4940.0,-5.01
4941.0,-5.08
4942.0,-5.840000000000001
4943.0,-5.78
4944.0,-5.1
4945.0,-5.09
4946.0,-1.0000000000000007
4947.0,-5.640000000000001
4948.0,-5.03
4949.0,-1.0000000000000007
4950.0,-5.09
4951.0,-5.14
4952.0,-5.03
4953.0,-5.66
4954.0,-5.01
4955.0,-5.07
4956.0,-5.02
4957.0,-5.02
4958.0,-5.07
4959.0,-5.49
4960.0,-5.49
4961.0,-5.26
4962.0,-5.6000000000000005
4963.0,-5.07
4964.0,-5.02
4965.0,-5.15
4966.0,-5.630000000000001
4967.0,-5.1
4968.0,-5.13
4969.0,-5.3
4970.0,-5.4
4971.0,-5.430000000000001
4972.0,-5.54
4973.0,-5.03
4974.0,-5.06
4975.0,-5.91
4976.0,-5.3100000000000005
4977.0,-5.01
4978.0,-5.01
4979.0,-5.23
4980.0,-5.12
4981.0,-5.29
4982.0,-5.42
4983.0,-5.09
4984.0,-5.02
4985.0,-5.03
4986.0,-5.17
4987.0,-5.13
4988.0,-5.02
4989.0,-5.11
4990.0,-5.06
4991.0,-5.7700000000000005
4992.0,-5.01
4993.0,-5.09
4994.0,-5.02
4995.0,-5.19
4996.0,-5.15
4997.0,-5.02
4998.0,-5.75
4999.0,-5.05
5000.0,-5.25
5001.0,-5.11
5002.0,-5.03
5003.0,-5.640000000000001
5004.0,-5.19
5005.0,-5.09
5006.0,-5.640000000000001
5007.0,-5.07
5008.0,-5.07
5009.0,-5.19
5010.0,-1.0000000000000007
5011.0,-5.05
5012.0,-5.3
5013.0,-5.12
5014.0,-1.0000000000000007
5015.0,-5.38
5016.0,-5.02
5017.0,-5.06
5018.0,-5.01
5019.0,-5.09
5020.0,-5.12
5021.0,-5.04
5022.0,-5.680000000000001
5023.0,-5.03
5024.0,-5.07
5025.0,-5.03
5026.0,-5.06
5027.0,-5.17
5028.0,-5.08
5029.0,-5.19
5030.0,-5.04
5031.0,-5.36
5032.0,-5.11
5033.0,-5.2700000000000005
5034.0,-5.33
5035.0,-5.04
5036.0,-5.32
5037.0,-5.02
5038.0,-5.02
5039.0,-5.02
5040.0,-5.06
5041.0,-5.3
5042.0,-5.02
5043.0,-5.18
5044.0,-5.8100000000000005
5045.0,-5.08
5046.0,-5.13
5047.0,-5.1
5048.0,-5.58
5049.0,-5.3
5050.0,-5.83
5051.0,-5.02
5052.0,-5.720000000000001
5053.0,-5.790000000000001
5054.0,-5.13
5055.0,-5.05
5056.0,-5.2
5057.0,-5.83
5058.0,-5.02
5059.0,-5.640000000000001
5060.0,-5.01
5061.0,-5.13
5062.0,-5.58
5063.0,-5.21
5064.0,-5.02
5065.0,-5.430000000000001
5066.0,-1.0000000000000007
5067.0,-5.19
5068.0,-1.0000000000000007
5069.0,-5.16
5070.0,-5.02
5071.0,-5.11
5072.0,-5.02
5073.0,-5.26
5074.0,-5.680000000000001
5075.0,-5.18
5076.0,-5.05
5077.0,-5.05
5078.0,-5.03
5079.0,-5.26
5080.0,-1.0000000000000007
5081.0,-5.12
5082.0,-5.02
5083.0,-5.960000000000001
5084.0,-5.21
5085.0,-5.51
5086.0,-5.06
5087.0,-5.67
5088.0,-5.24
5089.0,-5.26
5090.0,-5.02
5091.0,-5.5600000000000005
5092.0,-5.05
5093.0,-5.14
5094.0,-5.41
5095.0,-5.02
5096.0,-5.7
5097.0,-5.32
5098.0,-5.66
5099.0,-5.36
5100.0,-5.05
5101.0,-5.2
5102.0,-5.02
5103.0,-5.44
5104.0,-5.57
5105.0,-5.760000000000001
5106.0,-5.11
5107.0,-5.32
5108.0,-5.07
5109.0,-5.11
5110.0,-5.06
5111.0,-5.41
5112.0,-5.03
5113.0,-5.23
5114.0,-5.13
5115.0,-5.04
5116.0,-5.01
5117.0,-5.8500000000000005
5118.0,-5.6000000000000005
5119.0,-5.390000000000001
5120.0,-5.13
5121.0,-5.13
5122.0,-5.01
5123.0,-5.2
5124.0,-5.11
5125.0,-5.1
5126.0,-5.51
5127.0,-5.1
5128.0,-5.11
5129.0,-5.14
5130.0,-5.02
5131.0,-5.390000000000001
5132.0,-5.19
5133.0,-5.03
5134.0,-5.33
5135.0,-5.3
5136.0,-5.02
5137.0,-5.41
5138.0,-5.3500000000000005
5139.0,-5.03
5140.0,-5.06
5141.0,-5.430000000000001
5142.0,-5.45
5143.0,-5.1
5144.0,-5.17
5145.0,-5.04
5146.0,-5.09
5147.0,-5.78
5148.0,-5.86
5149.0,-5.04
5150.0,-5.08
5151.0,-5.37
5152.0,-5.13
5153.0,-5.08
5154.0,-5.1
5155.0,-5.16
5156.0,-5.02
5157.0,-5.1
5158.0,-5.12
5159.0,-5.09
5160.0,-5.720000000000001
5161.0,-5.9
5162.0,-5.02
5163.0,-5.04
5164.0,-5.29
5165.0,-5.4
5166.0,-5.02
5167.0,-5.09
5168.0,-5.06
5169.0,-5.18
5170.0,-5.08
5171.0,-5.1
5172.0,-5.12
5173.0,-5.53
5174.0,-5.08
5175.0,-5.09
5176.0,-5.29
5177.0,-5.11
5178.0,-5.18
5179.0,-5.48
5180.0,-5.02
5181.0,-5.01
5182.0,-5.14
5183.0,-5.01
5184.0,-5.03
5185.0,-5.24
5186.0,-5.28
5187.0,-5.4
5188.0,-5.12
5189.0,-5.11
5190.0,-5.08
5191.0,-5.06
5192.0,-5.3100000000000005
5193.0,-5.01
5194.0,-5.05
5195.0,-5.1
5196.0,-5.13
5197.0,-5.3100000000000005
5198.0,-5.51
5199.0,-5.53
5200.0,-5.14
5201.0,-5.02
5202.0,-5.08
5203.0,-5.32
5204.0,-5.37
5205.0,-5.15
5206.0,-5.75
5207.0,-5.390000000000001
5208.0,-5.58
5209.0,-5.04
5210.0,-5.18
5211.0,-5.69
5212.0,-5.04
5213.0,-5.44
5214.0,-5.1
5215.0,-5.08
5216.0,-5.06
5217.0,-5.04
5218.0,-5.09
5219.0,-5.01
5220.0,-5.1
5221.0,-5.41
5222.0,-5.08
5223.0,-5.33
5224.0,-5.04
5225.0,-5.03
5226.0,-5.3
5227.0,-5.65
5228.0,-5.550000000000001
5229.0,-5.3100000000000005
5230.0,-5.02
5231.0,-5.08
5232.0,-5.02
5233.0,-5.19
5234.0,-5.34
5235.0,-5.12
5236.0,-5.06
5237.0,-5.08
5238.0,-5.840000000000001
5239.0,-5.06
5240.0,-5.01
5241.0,-5.09
5242.0,-5.02
5243.0,-5.11
5244.0,-5.5200000000000005
5245.0,-1.0000000000000007
5246.0,-5.01
5247.0,-5.7700000000000005
5248.0,-5.22
5249.0,-5.3100000000000005
5250.0,-5.05
5251.0,-5.3100000000000005
5252.0,-5.37
5253.0,-5.4
5254.0,-5.3
5255.0,-5.46
5256.0,-5.26
5257.0,-5.11
5258.0,-5.01
5259.0,-5.2
5260.0,-5.09
5261.0,-5.11
5262.0,-5.18
5263.0,-5.03
5264.0,-5.12
5265.0,-5.42
5266.0,-5.06
5267.0,-5.38
5268.0,-5.06
5269.0,-5.5200000000000005
5270.0,-5.29
5271.0,-5.32
5272.0,-5.01
5273.0,-5.11
5274.0,-5.02
5275.0,-5.21
5276.0,-5.82
5277.0,-5.640000000000001
5278.0,-5.38
5279.0,-5.67
5280.0,-5.37
5281.0,-5.13
5282.0,-5.22
5283.0,-5.08
5284.0,-5.34
5285.0,-5.04
5286.0,-5.5
5287.0,-5.04
5288.0,-1.0000000000000007
5289.0,-5.06
5290.0,-5.02
5291.0,-5.5
5292.0,-5.15
5293.0,-1.0000000000000007
5294.0,-5.7
5295.0,-5.25
5296.0,-5.01
5297.0,-5.14
5298.0,-5.640000000000001
5299.0,-5.19
5300.0,-5.470000000000001
5301.0,-5.44
5302.0,-5.02
5303.0,-5.07
5304.0,-5.09
5305.0,-5.02
5306.0,-1.0000000000000007
5307.0,-5.7700000000000005
5308.0,-1.0000000000000007
5309.0,-5.03
5310.0,-5.73
5311.0,-5.640000000000001
5312.0,-5.22
5313.0,-5.67
5314.0,-5.08
5315.0,-5.430000000000001
5316.0,-5.48
5317.0,-5.19
5318.0,-5.08
5319.0,-5.37
5320.0,-5.06
5321.0,-5.25
5322.0,-5.01
5323.0,-5.18
5324.0,-5.12
5325.0,-5.3
5326.0,-5.15
5327.0,-5.680000000000001
5328.0,-5.5600000000000005
5329.0,-5.14
5330.0,-5.24
5331.0,-5.01
5332.0,-5.04
5333.0,-5.21
5334.0,-5.04
5335.0,-5.07
5336.0,-5.53
5337.0,-5.14
5338.0,-5.6000000000000005
5339.0,-5.02
5340.0,-5.22
5341.0,-5.11
5342.0,-5.2
5343.0,-5.18
5344.0,-5.36
5345.0,-5.54
5346.0,-5.680000000000001
5347.0,-5.14
5348.0,-5.05
5349.0,-5.7700000000000005
5350.0,-5.13
5351.0,-5.16
5352.0,-5.46
5353.0,-5.05
5354.0,-5.38
5355.0,-5.01
5356.0,-5.21
5357.0,-5.4
5358.0,-1.0000000000000007
5359.0,-5.13
5360.0,-5.15
5361.0,-5.12
5362.0,-5.2700000000000005
5363.0,-5.21
5364.0,-5.51
5365.0,-5.16
5366.0,-5.03
5367.0,-5.07
5368.0,-5.550000000000001
5369.0,-5.05
5370.0,-5.29
5371.0,-5.2700000000000005
5372.0,-5.04
5373.0,-5.59
5374.0,-5.36
5375.0,-5.06
5376.0,-5.09
5377.0,-5.09
5378.0,-5.05
5379.0,-5.03
5380.0,-5.07
5381.0,-5.41
5382.0,-5.12
5383.0,-5.12
5384.0,-5.46
5385.0,-5.08
5386.0,-5.67
5387.0,-5.42
5388.0,-5.02
5389.0,-5.02
5390.0,-5.02
5391.0,-5.3100000000000005
5392.0,-5.2
5393.0,-5.54
5394.0,-5.49
5395.0,-5.26
5396.0,-5.15
5397.0,-5.25
5398.0,-1.0000000000000007
5399.0,-5.19
5400.0,-5.03
5401.0,-5.01
5402.0,-5.08
5403.0,-5.06
5404.0,-5.08
5405.0,-5.49
5406.0,-5.45
5407.0,-5.01
5408.0,-5.04
5409.0,-5.13
5410.0,-5.19
5411.0,-5.03
5412.0,-5.13
5413.0,-5.17
5414.0,-5.02
5415.0,-5.09
5416.0,-5.18
5417.0,-5.03
5418.0,-5.06
5419.0,-5.44
5420.0,-5.33
5421.0,-5.26
5422.0,-5.16
5423.0,-5.02
5424.0,-5.08
5425.0,-5.5600000000000005
5426.0,-5.02
5427.0,-1.0000000000000007
5428.0,-5.02
5429.0,-5.710000000000001
5430.0,-5.12
5431.0,-5.07
5432.0,-5.02
5433.0,-5.05
5434.0,-5.05
5435.0,-5.24
5436.0,-5.57
5437.0,-5.57
5438.0,-5.13
5439.0,-5.46
5440.0,-5.36
5441.0,-5.22
5442.0,-5.02
5443.0,-5.51
5444.0,-5.32
5445.0,-5.06
5446.0,-1.0000000000000007
5447.0,-5.73
5448.0,-5.2700000000000005
5449.0,-5.04
5450.0,-5.5200000000000005
5451.0,-5.12
5452.0,-5.03
5453.0,-5.3500000000000005
5454.0,-5.19
5455.0,-5.07
5456.0,-5.4
5457.0,-5.36
5458.0,-5.02
5459.0,-5.04
5460.0,-5.08
5461.0,-5.5200000000000005
5462.0,-5.03
5463.0,-5.91
5464.0,-5.23
5465.0,-5.03
5466.0,-5.08
5467.0,-5.04
5468.0,-5.02
5469.0,-5.03
5470.0,-5.01
5471.0,-5.02
5472.0,-5.44
5473.0,-5.2
5474.0,-5.09
5475.0,-5.08
5476.0,-5.9
5477.0,-5.18
5478.0,-5.03
5479.0,-5.15
5480.0,-5.04
5481.0,-5.06
5482.0,-5.46
5483.0,-5.06
5484.0,-5.48
5485.0,-5.25
5486.0,-5.02
5487.0,-5.790000000000001
5488.0,-5.13
5489.0,-5.06
5490.0,-5.02
5491.0,-5.37
5492.0,-5.02
5493.0,-5.630000000000001
5494.0,-5.58
5495.0,-5.48
5496.0,-5.19
5497.0,-5.430000000000001
5498.0,-5.69
5499.0,-5.550000000000001
5500.0,-5.12
5501.0,-5.06
5502.0,-5.26
5503.0,-5.1
5504.0,-5.06
5505.0,-5.12
5506.0,-5.28
5507.0,-5.7
5508.0,-5.17
5509.0,-5.08
5510.0,-5.37
5511.0,-5.32
5512.0,-5.550000000000001
5513.0,-5.62
5514.0,-5.66
5515.0,-5.37
5516.0,-5.13
5517.0,-5.24
5518.0,-5.34
5519.0,-5.12
5520.0,-5.32
5521.0,-5.02
5522.0,-5.6000000000000005
5523.0,-5.03
5524.0,-5.04
5525.0,-5.430000000000001
5526.0,-5.12
5527.0,-5.38
5528.0,-5.22
5529.0,-5.02
5530.0,-5.38
5531.0,-5.07
5532.0,-5.41
5533.0,-5.2700000000000005
5534.0,-5.82
5535.0,-5.05
5536.0,-5.05
5537.0,-5.08
5538.0,-5.21
5539.0,-5.13
5540.0,-5.24
5541.0,-5.29
5542.0,-5.16
5543.0,-5.17
5544.0,-5.28
5545.0,-5.05
5546.0,-5.04
5547.0,-5.03
5548.0,-5.11
5549.0,-5.01
5550.0,-5.08
5551.0,-5.06
5552.0,-5.57
5553.0,-5.25
5554.0,-5.26
5555.0,-5.25
5556.0,-5.430000000000001
5557.0,-5.59
5558.0,-5.02
5559.0,-5.04
5560.0,-5.44
5561.0,-5.15
5562.0,-5.07
5563.0,-5.41
5564.0,-5.08
5565.0,-5.06
5566.0,-5.33
5567.0,-5.09
5568.0,-5.18
5569.0,-5.06
5570.0,-5.15
5571.0,-5.17
5572.0,-5.01
5573.0,-5.5
5574.0,-5.06
5575.0,-5.04
5576.0,-5.04
5577.0,-5.05
5578.0,-5.01
5579.0,-5.22
5580.0,-5.02
5581.0,-5.05
5582.0,-5.58
5583.0,-5.58
5584.0,-5.3100000000000005
5585.0,-5.24
5586.0,-5.66
5587.0,-5.17
5588.0,-5.59
5589.0,-5.06
5590.0,-5.08
5591.0,-5.01
5592.0,-5.06
5593.0,-5.38
5594.0,-5.67
5595.0,-5.48
5596.0,-5.25
5597.0,-5.58
5598.0,-5.6000000000000005
5599.0,-5.44
5600.0,-5.06
5601.0,-5.07
5602.0,-5.06
5603.0,-5.18
5604.0,-5.41
5605.0,-5.15
5606.0,-5.42
5607.0,-5.05
5608.0,-5.02
5609.0,-5.13
5610.0,-5.26
5611.0,-5.1
5612.0,-5.45
5613.0,-5.12
5614.0,-5.3100000000000005
5615.0,-5.05
5616.0,-5.02
5617.0,-5.01
5618.0,-5.25
5619.0,-5.430000000000001
5620.0,-5.91
5621.0,-5.03
5622.0,-5.01
5623.0,-5.550000000000001
5624.0,-5.01
5625.0,-5.12
5626.0,-5.41
5627.0,-5.02
5628.0,-5.41
5629.0,-5.01
5630.0,-5.23
5631.0,-5.07
5632.0,-5.1
5633.0,-5.13
5634.0,-5.25
5635.0,-5.14
5636.0,-5.44
5637.0,-5.23
5638.0,-5.08
5639.0,-5.29
5640.0,-5.14
5641.0,-5.09
5642.0,-5.25
5643.0,-5.13
5644.0,-5.6000000000000005
5645.0,-5.01
5646.0,-5.57
5647.0,-5.41
5648.0,-5.46
5649.0,-5.14
5650.0,-5.53
5651.0,-5.04
5652.0,-5.26
5653.0,-5.69
5654.0,-5.34
5655.0,-5.02
5656.0,-5.05
5657.0,-5.14
5658.0,-5.5600000000000005
5659.0,-5.470000000000001
5660.0,-5.15
5661.0,-5.07
5662.0,-5.53
5663.0,-5.13
5664.0,-5.5
5665.0,-5.65
5666.0,-5.25
5667.0,-5.46
5668.0,-5.02
5669.0,-5.640000000000001
5670.0,-5.3500000000000005
5671.0,-5.07
5672.0,-5.01
5673.0,-5.28
5674.0,-5.04
5675.0,-5.23
5676.0,-5.4
5677.0,-5.33
5678.0,-5.19
5679.0,-5.13
5680.0,-5.07
5681.0,-5.98
5682.0,-5.11
5683.0,-5.5600000000000005
5684.0,-5.21
5685.0,-5.03
5686.0,-5.15
5687.0,-5.2700000000000005
5688.0,-5.22
5689.0,-5.12
5690.0,-5.760000000000001
5691.0,-5.01
5692.0,-5.4
5693.0,-5.33
5694.0,-5.13
5695.0,-5.53
5696.0,-5.11
5697.0,-5.16
5698.0,-5.01
5699.0,-5.49
5700.0,-5.33
5701.0,-5.13
5702.0,-5.23
5703.0,-5.48
5704.0,-5.08
5705.0,-5.06
5706.0,-5.23
5707.0,-5.5
5708.0,-5.02
5709.0,-5.12
5710.0,-5.13
5711.0,-5.41
5712.0,-5.23
5713.0,-5.03
5714.0,-5.04
5715.0,-5.14
5716.0,-5.07
5717.0,-5.29
5718.0,-5.13
5719.0,-5.03
5720.0,-5.5600000000000005
5721.0,-5.54
5722.0,-5.01
5723.0,-1.0000000000000007
5724.0,-5.05
5725.0,-5.2
5726.0,-5.430000000000001
5727.0,-5.21
5728.0,-5.05
5729.0,-5.630000000000001
5730.0,-5.04
5731.0,-5.04
5732.0,-5.03
5733.0,-5.12
5734.0,-5.7700000000000005
5735.0,-5.66
5736.0,-5.08
5737.0,-5.13
5738.0,-5.14
5739.0,-5.21
5740.0,-5.04
5741.0,-5.32
5742.0,-5.09
5743.0,-5.21
5744.0,-5.17
5745.0,-5.08
5746.0,-5.01
5747.0,-5.73
5748.0,-5.67
5749.0,-5.6000000000000005
5750.0,-5.16
5751.0,-5.58
5752.0,-5.07
5753.0,-5.02
5754.0,-5.15
5755.0,-5.24
5756.0,-5.34
5757.0,-5.13
5758.0,-5.03
5759.0,-5.2
5760.0,-5.01
5761.0,-5.15
5762.0,-5.6000000000000005
5763.0,-5.04
5764.0,-5.01
5765.0,-5.430000000000001
5766.0,-5.430000000000001
5767.0,-5.12
5768.0,-5.21
5769.0,-5.75
5770.0,-5.12
5771.0,-5.53
5772.0,-5.01
5773.0,-5.02
5774.0,-5.04
5775.0,-5.02
5776.0,-5.16
5777.0,-5.06
5778.0,-5.21
5779.0,-5.33
5780.0,-5.08
5781.0,-5.21
5782.0,-5.03
5783.0,-5.680000000000001
5784.0,-5.02
5785.0,-5.26
5786.0,-5.09
5787.0,-5.8500000000000005
5788.0,-5.15
5789.0,-5.26
5790.0,-5.02
5791.0,-5.14
5792.0,-5.01
5793.0,-5.18
5794.0,-5.3500000000000005
5795.0,-5.36
5796.0,-5.19
5797.0,-5.05
5798.0,-5.1
5799.0,-5.01
5800.0,-5.58
5801.0,-5.54
5802.0,-5.49
5803.0,-5.06
5804.0,-5.07
5805.0,-5.14
5806.0,-5.49
5807.0,-5.02
5808.0,-5.04
5809.0,-5.05
5810.0,-5.03
5811.0,-5.41
5812.0,-5.38
5813.0,-5.02
5814.0,-5.12
5815.0,-5.07
5816.0,-5.46
5817.0,-5.390000000000001
5818.0,-5.02
5819.0,-5.07
5820.0,-5.24
5821.0,-5.1
5822.0,-5.58
5823.0,-5.19
5824.0,-5.03
5825.0,-5.15
5826.0,-5.16
5827.0,-5.07
5828.0,-5.01
5829.0,-5.67
5830.0,-5.05
5831.0,-5.01
5832.0,-5.12
5833.0,-5.05
5834.0,-5.66
5835.0,-5.04
5836.0,-5.430000000000001
5837.0,-5.05
5838.0,-5.29
5839.0,-5.760000000000001
5840.0,-5.3
5841.0,-5.17
5842.0,-5.07
5843.0,-5.03
5844.0,-5.15
5845.0,-5.12
5846.0,-5.07
5847.0,-1.0000000000000007
5848.0,-5.02
5849.0,-5.2700000000000005
5850.0,-5.05
5851.0,-5.38
5852.0,-5.1
5853.0,-5.94
5854.0,-5.07
5855.0,-5.34
5856.0,-5.23
5857.0,-5.48
5858.0,-5.05
5859.0,-5.09
5860.0,-5.34
5861.0,-5.24
5862.0,-5.26
5863.0,-5.41
5864.0,-5.640000000000001
5865.0,-5.3100000000000005
5866.0,-5.08
5867.0,-5.5
5868.0,-5.390000000000001
5869.0,-5.07
5870.0,-5.24
5871.0,-5.07
5872.0,-5.11
5873.0,-5.06
5874.0,-5.550000000000001
5875.0,-5.02
5876.0,-5.05
5877.0,-5.8100000000000005
5878.0,-5.08
5879.0,-1.0000000000000007
5880.0,-5.03
5881.0,-5.03
5882.0,-5.57
5883.0,-5.05
5884.0,-5.09
5885.0,-5.34
5886.0,-5.36
5887.0,-5.04
5888.0,-5.05
5889.0,-5.16
5890.0,-5.470000000000001
5891.0,-5.06
5892.0,-5.18
5893.0,-5.03
5894.0,-5.550000000000001
5895.0,-5.5600000000000005
5896.0,-5.550000000000001
5897.0,-5.01
5898.0,-5.41
5899.0,-5.11
5900.0,-5.5600000000000005
5901.0,-5.5
5902.0,-5.01
5903.0,-5.06
5904.0,-5.3
5905.0,-5.03
5906.0,-5.05
5907.0,-5.73
5908.0,-5.32
5909.0,-5.32
5910.0,-5.06
5911.0,-5.01
5912.0,-5.58
5913.0,-5.14
5914.0,-5.57
5915.0,-5.03
5916.0,-5.3500000000000005
5917.0,-5.04
5918.0,-5.6000000000000005
5919.0,-5.09
5920.0,-5.29
5921.0,-5.65
5922.0,-5.42
5923.0,-5.06
5924.0,-5.59
5925.0,-5.02
5926.0,-5.36
5927.0,-5.11
5928.0,-5.32
5929.0,-5.11
5930.0,-5.38
5931.0,-5.36
5932.0,-5.42
5933.0,-5.02
5934.0,-5.28
5935.0,-5.16
5936.0,-5.06
5937.0,-5.03
5938.0,-5.08
5939.0,-5.05
5940.0,-5.04
5941.0,-5.08
5942.0,-5.06
5943.0,-5.02
5944.0,-5.45
5945.0,-5.13
5946.0,-5.3100000000000005
5947.0,-5.62
5948.0,-5.7700000000000005
5949.0,-5.14
5950.0,-5.5
5951.0,-5.04
5952.0,-5.36
5953.0,-5.08
5954.0,-5.04
5955.0,-5.07
5956.0,-5.2
5957.0,-5.02
5958.0,-5.870000000000001
5959.0,-5.630000000000001
5960.0,-5.09
5961.0,-5.17
5962.0,-5.46
5963.0,-5.8100000000000005
5964.0,-5.17
5965.0,-5.03
5966.0,-5.07
5967.0,-5.54
5968.0,-5.5600000000000005
5969.0,-5.03
5970.0,-5.01
5971.0,-5.05
5972.0,-5.5200000000000005
5973.0,-5.36
5974.0,-5.37
5975.0,-5.06
5976.0,-5.09
5977.0,-5.03
5978.0,-5.49
5979.0,-5.34
5980.0,-5.02
5981.0,-5.12
5982.0,-5.12
5983.0,-5.69
5984.0,-5.13
5985.0,-5.65
5986.0,-5.24
5987.0,-5.23
5988.0,-1.0000000000000007
5989.0,-5.390000000000001
5990.0,-5.19
5991.0,-5.550000000000001
5992.0,-5.01
5993.0,-5.22
5994.0,-5.45
5995.0,-5.06
5996.0,-5.04
5997.0,-5.6000000000000005
5998.0,-5.08
5999.0,-5.13
6000.0,-5.08
6001.0,-5.23
6002.0,-5.6000000000000005
6003.0,-5.08
6004.0,-5.04
6005.0,-5.11
6006.0,-5.65
6007.0,-5.21
6008.0,-5.2
6009.0,-5.09
6010.0,-5.5
6011.0,-5.04
6012.0,-5.05
6013.0,-5.59
6014.0,-5.07
6015.0,-5.06
6016.0,-5.48
6017.0,-1.0000000000000007
6018.0,-5.03
6019.0,-5.08
6020.0,-5.57
6021.0,-5.21
6022.0,-5.06
6023.0,-5.08
6024.0,-5.12
6025.0,-5.1
6026.0,-5.11
6027.0,-5.19
6028.0,-5.34
6029.0,-5.06
6030.0,-5.720000000000001
6031.0,-5.08
6032.0,-5.02
6033.0,-5.2700000000000005
6034.0,-5.48
6035.0,-5.54
6036.0,-5.09
6037.0,-5.01
6038.0,-5.12
6039.0,-5.75
6040.0,-5.6000000000000005
6041.0,-5.38
6042.0,-5.1
6043.0,-5.03
6044.0,-5.03
6045.0,-5.41
6046.0,-5.02
6047.0,-5.16
6048.0,-5.12
6049.0,-5.01
6050.0,-5.03
6051.0,-5.09
6052.0,-5.08
6053.0,-5.03
6054.0,-5.02
6055.0,-5.02
6056.0,-5.23
6057.0,-5.720000000000001
6058.0,-5.28
6059.0,-5.8500000000000005
6060.0,-5.07
6061.0,-5.29
6062.0,-5.01
6063.0,-5.54
6064.0,-5.03
6065.0,-5.390000000000001
6066.0,-5.01
6067.0,-5.11
6068.0,-5.14
6069.0,-5.3500000000000005
6070.0,-5.09
6071.0,-5.02
6072.0,-5.67
6073.0,-5.2700000000000005
6074.0,-5.02
6075.0,-5.05
6076.0,-5.550000000000001
6077.0,-5.640000000000001
6078.0,-5.15
6079.0,-5.07
6080.0,-5.75
6081.0,-5.82
6082.0,-5.02
6083.0,-5.11
6084.0,-5.44
6085.0,-5.49
6086.0,-5.04
6087.0,-5.08
6088.0,-5.18
6089.0,-5.12
6090.0,-5.5600000000000005
6091.0,-5.14
6092.0,-5.3
6093.0,-5.07
6094.0,-5.25
6095.0,-5.69
6096.0,-5.1
6097.0,-5.28
6098.0,-5.02
6099.0,-5.65
6100.0,-5.03
6101.0,-5.02
6102.0,-5.02
6103.0,-5.48
6104.0,-5.11
6105.0,-5.08
6106.0,-5.08
6107.0,-5.14
6108.0,-5.19
6109.0,-5.06
6110.0,-5.05
6111.0,-5.61
6112.0,-5.26
6113.0,-5.1
6114.0,-5.38
6115.0,-5.07
6116.0,-5.12
6117.0,-5.03
6118.0,-5.7700000000000005
6119.0,-5.550000000000001
6120.0,-5.18
6121.0,-5.03
6122.0,-5.2
6123.0,-5.03
6124.0,-5.46
6125.0,-5.02
6126.0,-5.7
6127.0,-5.21
6128.0,-5.54
6129.0,-5.5200000000000005
6130.0,-5.23
6131.0,-5.03
6132.0,-5.04
6133.0,-5.53
6134.0,-5.05
6135.0,-5.62
6136.0,-5.03
6137.0,-5.720000000000001
6138.0,-5.5
6139.0,-5.25
6140.0,-5.44
6141.0,-5.37
6142.0,-5.02
6143.0,-5.14
6144.0,-5.04
6145.0,-5.03
6146.0,-5.3100000000000005
6147.0,-5.23
6148.0,-5.15
6149.0,-5.12
6150.0,-5.15
6151.0,-5.02
6152.0,-5.14
6153.0,-5.04
6154.0,-5.04
6155.0,-5.3
6156.0,-5.08
6157.0,-5.22
6158.0,-5.08
6159.0,-5.07
6160.0,-5.22
6161.0,-5.46
6162.0,-5.65
6163.0,-5.1
6164.0,-5.02
6165.0,-5.14
6166.0,-5.02
6167.0,-5.01
6168.0,-5.34
6169.0,-5.23
6170.0,-5.07
6171.0,-5.11
6172.0,-5.46
6173.0,-5.01
6174.0,-5.26
6175.0,-5.4
6176.0,-5.62
6177.0,-5.02
6178.0,-5.07
6179.0,-5.26
6180.0,-5.65
6181.0,-5.09
6182.0,-5.61
6183.0,-5.04
6184.0,-5.7700000000000005
6185.0,-5.03
6186.0,-5.12
6187.0,-5.57
6188.0,-5.01
6189.0,-1.0000000000000007
6190.0,-5.03
6191.0,-5.04
6192.0,-5.4
6193.0,-5.630000000000001
6194.0,-5.67
6195.0,-5.1
6196.0,-5.13
6197.0,-5.06
6198.0,-5.46
6199.0,-5.7700000000000005
6200.0,-5.04
6201.0,-5.04
6202.0,-5.41
6203.0,-5.75
6204.0,-5.03
6205.0,-5.02
6206.0,-5.02
6207.0,-5.05
6208.0,-5.6000000000000005
6209.0,-5.46
6210.0,-5.48
6211.0,-5.01
6212.0,-5.57
6213.0,-5.19
6214.0,-5.01
6215.0,-5.11
6216.0,-5.01
6217.0,-5.01
6218.0,-5.2700000000000005
6219.0,-5.5200000000000005
6220.0,-5.01
6221.0,-5.08
6222.0,-5.01
6223.0,-5.32
6224.0,-5.49
6225.0,-5.32
6226.0,-5.1
6227.0,-5.01
6228.0,-5.37
6229.0,-5.12
6230.0,-5.06
6231.0,-5.49
6232.0,-5.07
6233.0,-5.06
6234.0,-5.1
6235.0,-5.1
6236.0,-5.2700000000000005
6237.0,-5.41
6238.0,-5.2
6239.0,-5.54
6240.0,-5.61
6241.0,-5.01
6242.0,-5.6000000000000005
6243.0,-5.02
6244.0,-5.3500000000000005
6245.0,-5.2700000000000005
6246.0,-5.01
6247.0,-5.01
6248.0,-5.470000000000001
6249.0,-5.32
6250.0,-5.61
6251.0,-5.05
6252.0,-5.04
6253.0,-5.08
6254.0,-5.32
6255.0,-5.02
6256.0,-5.03
6257.0,-5.11
6258.0,-5.02
6259.0,-5.09
6260.0,-5.04
6261.0,-5.37
6262.0,-5.02
6263.0,-5.01
6264.0,-5.11
6265.0,-5.430000000000001
6266.0,-5.01
6267.0,-5.09
6268.0,-5.3100000000000005
6269.0,-5.83
6270.0,-5.02
6271.0,-5.22
6272.0,-5.04
6273.0,-5.04
6274.0,-5.05
6275.0,-5.04
6276.0,-5.22
6277.0,-5.33
6278.0,-5.02
6279.0,-5.11
6280.0,-5.44
6281.0,-5.12
6282.0,-5.04
6283.0,-5.03
6284.0,-5.3500000000000005
6285.0,-5.38
6286.0,-5.1
6287.0,-5.07
6288.0,-5.05
6289.0,-5.06
6290.0,-5.21
6291.0,-5.14
6292.0,-5.05
6293.0,-5.38
6294.0,-5.08
6295.0,-5.3500000000000005
6296.0,-5.59
6297.0,-5.23
6298.0,-5.02
6299.0,-5.06
6300.0,-5.05
6301.0,-5.18
6302.0,-5.26
6303.0,-5.75
6304.0,-5.08
6305.0,-5.19
6306.0,-5.05
6307.0,-5.06
6308.0,-5.04
6309.0,-5.12
6310.0,-5.42
6311.0,-5.03
6312.0,-5.390000000000001
6313.0,-5.2
6314.0,-5.03
6315.0,-5.3500000000000005
6316.0,-5.3100000000000005
6317.0,-5.38
6318.0,-5.19
6319.0,-5.23
6320.0,-5.3500000000000005
6321.0,-5.02
6322.0,-5.24
6323.0,-5.14
6324.0,-5.3100000000000005
6325.0,-5.14
6326.0,-5.02
6327.0,-5.01
6328.0,-5.15
6329.0,-5.5600000000000005
6330.0,-5.18
6331.0,-5.32
6332.0,-5.59
6333.0,-5.34
6334.0,-5.19
6335.0,-5.04
6336.0,-5.33
6337.0,-5.53
6338.0,-5.2
6339.0,-5.33
6340.0,-5.25
6341.0,-5.7700000000000005
6342.0,-5.57
6343.0,-5.16
6344.0,-5.36
6345.0,-5.13
6346.0,-5.01
6347.0,-5.6000000000000005
6348.0,-5.14
6349.0,-5.09
6350.0,-5.46
6351.0,-5.02
6352.0,-5.03
6353.0,-5.04
6354.0,-5.22
6355.0,-5.01
6356.0,-5.09
6357.0,-5.06
6358.0,-5.3
6359.0,-5.680000000000001
6360.0,-5.19
6361.0,-5.38
6362.0,-5.430000000000001
6363.0,-5.08
6364.0,-5.11
6365.0,-5.15
6366.0,-5.46
6367.0,-5.07
6368.0,-5.02
6369.0,-5.32
6370.0,-5.04
6371.0,-5.41
6372.0,-5.04
6373.0,-5.22
6374.0,-5.32
6375.0,-5.04
6376.0,-5.02
6377.0,-5.05
6378.0,-5.12
6379.0,-5.38
6380.0,-5.07
6381.0,-5.09
6382.0,-5.02
6383.0,-5.01
6384.0,-5.08
6385.0,-5.3
6386.0,-5.05
6387.0,-5.15
6388.0,-5.53
6389.0,-5.5
6390.0,-5.03
6391.0,-5.08
6392.0,-5.17
6393.0,-5.04
6394.0,-5.75
6395.0,-5.04
6396.0,-5.03
6397.0,-5.12
6398.0,-5.02
6399.0,-5.09
6400.0,-5.04
6401.0,-5.54
6402.0,-5.680000000000001
6403.0,-5.390000000000001
6404.0,-5.06
6405.0,-5.37
6406.0,-5.640000000000001
6407.0,-5.54
6408.0,-5.760000000000001
6409.0,-5.15
6410.0,-5.02
6411.0,-5.69
6412.0,-5.04
6413.0,-5.18
6414.0,-5.09
6415.0,-5.2
6416.0,-5.02
6417.0,-5.02
6418.0,-5.73
6419.0,-5.04
6420.0,-5.05
6421.0,-5.03
6422.0,-5.470000000000001
6423.0,-5.07
6424.0,-5.09
6425.0,-5.390000000000001
6426.0,-5.26
6427.0,-5.06
6428.0,-1.0000000000000007
6429.0,-5.09
6430.0,-5.06
6431.0,-5.51
6432.0,-5.37
6433.0,-5.11
6434.0,-5.02
6435.0,-5.29
6436.0,-5.48
6437.0,-5.2700000000000005
6438.0,-5.3100000000000005
6439.0,-5.45
6440.0,-5.11
6441.0,-5.2
6442.0,-5.13
6443.0,-5.33
6444.0,-5.02
6445.0,-5.790000000000001
6446.0,-5.3100000000000005
6447.0,-5.02
6448.0,-5.03
6449.0,-5.2700000000000005
6450.0,-5.48
6451.0,-5.17
6452.0,-5.3100000000000005
6453.0,-5.02
6454.0,-5.18
6455.0,-5.06
6456.0,-5.02
6457.0,-5.3500000000000005
6458.0,-5.33
6459.0,-5.16
6460.0,-5.38
6461.0,-5.45
6462.0,-5.03
6463.0,-5.2700000000000005
6464.0,-5.29
6465.0,-5.06
6466.0,-5.2700000000000005
6467.0,-5.07
6468.0,-5.1
6469.0,-5.05
6470.0,-5.49
6471.0,-5.11
6472.0,-5.26
6473.0,-5.04
6474.0,-5.42
6475.0,-5.21
6476.0,-5.19
6477.0,-5.3500000000000005
6478.0,-5.34
6479.0,-5.3500000000000005
6480.0,-5.28
6481.0,-5.3100000000000005
6482.0,-5.49
6483.0,-5.25
6484.0,-5.470000000000001
6485.0,-5.07
6486.0,-5.05
6487.0,-5.06
6488.0,-5.02
6489.0,-5.1
6490.0,-5.44
6491.0,-5.14
6492.0,-5.02
6493.0,-5.5
6494.0,-5.07
6495.0,-5.04
6496.0,-5.14
6497.0,-5.17
6498.0,-5.640000000000001
6499.0,-5.02
6500.0,-5.26
6501.0,-5.09
6502.0,-5.21
6503.0,-5.57
6504.0,-5.2
6505.0,-5.02
6506.0,-5.03
6507.0,-5.67
6508.0,-5.3100000000000005
6509.0,-5.66
6510.0,-5.17
6511.0,-5.09
6512.0,-5.54
6513.0,-5.08
6514.0,-1.0000000000000007
6515.0,-5.3500000000000005
6516.0,-5.13
6517.0,-5.550000000000001
6518.0,-5.42
6519.0,-5.07
6520.0,-5.37
6521.0,-5.5
6522.0,-5.3
6523.0,-5.08
6524.0,-5.02
6525.0,-5.28
6526.0,-5.08
6527.0,-5.01
6528.0,-5.19
6529.0,-5.390000000000001
6530.0,-5.470000000000001
6531.0,-5.08
6532.0,-5.14
6533.0,-5.04
6534.0,-5.5200000000000005
6535.0,-5.07
6536.0,-5.5200000000000005
6537.0,-5.37
6538.0,-5.03
6539.0,-5.05
6540.0,-5.58
6541.0,-5.6000000000000005
6542.0,-5.3
6543.0,-5.41
6544.0,-1.0000000000000007
6545.0,-5.49
6546.0,-5.890000000000001
6547.0,-5.01
6548.0,-5.05
6549.0,-5.18
6550.0,-5.01
6551.0,-5.08
6552.0,-5.01
6553.0,-5.11
6554.0,-5.17
6555.0,-5.07
6556.0,-5.16
6557.0,-5.59
6558.0,-5.18
6559.0,-5.26
6560.0,-5.13
6561.0,-5.11
6562.0,-5.05
6563.0,-5.09
6564.0,-5.02
6565.0,-5.32
6566.0,-5.29
6567.0,-5.02
6568.0,-5.06
6569.0,-5.1
6570.0,-5.03
6571.0,-5.17
6572.0,-5.3
6573.0,-5.7700000000000005
6574.0,-5.06
6575.0,-5.32
6576.0,-5.06
6577.0,-5.34
6578.0,-5.13
6579.0,-5.06
6580.0,-5.05
6581.0,-5.680000000000001
6582.0,-5.04
6583.0,-5.06
6584.0,-5.840000000000001
6585.0,-5.42
6586.0,-5.03
6587.0,-5.34
6588.0,-5.6000000000000005
6589.0,-5.13
6590.0,-5.13
6591.0,-5.04
6592.0,-5.03
6593.0,-5.15
6594.0,-5.3
6595.0,-5.08
6596.0,-5.58
6597.0,-5.08
6598.0,-5.25
6599.0,-5.34
6600.0,-5.19
6601.0,-5.3
6602.0,-5.26
6603.0,-5.01
6604.0,-5.790000000000001
6605.0,-5.41
6606.0,-5.36
6607.0,-5.720000000000001
6608.0,-5.21
6609.0,-5.07
6610.0,-5.04
6611.0,-5.03
6612.0,-5.6000000000000005
6613.0,-5.38
6614.0,-5.02
6615.0,-5.21
6616.0,-5.01
6617.0,-5.03
6618.0,-5.02
6619.0,-5.42
6620.0,-5.640000000000001
6621.0,-5.06
6622.0,-5.04
6623.0,-5.03
6624.0,-5.37
6625.0,-5.15
6626.0,-5.04
6627.0,-5.01
6628.0,-5.16
6629.0,-5.36
6630.0,-5.03
6631.0,-5.26
6632.0,-5.04
6633.0,-5.37
6634.0,-5.03
6635.0,-5.5
6636.0,-5.02
6637.0,-5.05
6638.0,-5.05
6639.0,-5.07
6640.0,-5.630000000000001
6641.0,-5.03
6642.0,-5.3100000000000005
6643.0,-5.57
6644.0,-5.19
6645.0,-5.46
6646.0,-5.69
6647.0,-5.02
6648.0,-5.19
6649.0,-5.05
6650.0,-5.09
6651.0,-5.12
6652.0,-5.16
6653.0,-5.02
6654.0,-5.7
6655.0,-5.08
6656.0,-5.12
6657.0,-5.36
6658.0,-5.06
6659.0,-5.09
6660.0,-5.04
6661.0,-5.08
6662.0,-5.34
6663.0,-5.08
6664.0,-5.03
6665.0,-5.06
6666.0,-5.03
6667.0,-5.08
6668.0,-5.02
6669.0,-5.53
6670.0,-5.2700000000000005
6671.0,-5.16
6672.0,-5.1
6673.0,-5.3100000000000005
6674.0,-5.5600000000000005
6675.0,-5.22
6676.0,-5.12
6677.0,-5.06
6678.0,-1.0000000000000007
6679.0,-5.18
6680.0,-5.3100000000000005
6681.0,-5.33
6682.0,-5.03
6683.0,-5.04
6684.0,-5.08
6685.0,-5.02
6686.0,-5.07
6687.0,-5.36
6688.0,-5.470000000000001
6689.0,-5.790000000000001
6690.0,-5.04
6691.0,-5.550000000000001
6692.0,-5.23
6693.0,-5.04
6694.0,-5.07
6695.0,-5.08
6696.0,-5.680000000000001
6697.0,-5.1
6698.0,-5.32
6699.0,-5.03
6700.0,-5.04
6701.0,-5.18
6702.0,-5.15
6703.0,-5.13
6704.0,-5.12
6705.0,-5.3100000000000005
6706.0,-5.28
6707.0,-5.14
6708.0,-5.03
6709.0,-5.04
6710.0,-5.03
6711.0,-5.3
6712.0,-5.36
6713.0,-5.3
6714.0,-5.5
6715.0,-5.01
6716.0,-5.08
6717.0,-5.04
6718.0,-5.07
6719.0,-5.36
6720.0,-5.02
6721.0,-5.82
6722.0,-5.630000000000001
6723.0,-5.11
6724.0,-5.3100000000000005
6725.0,-5.73
6726.0,-5.23
6727.0,-5.2700000000000005
6728.0,-5.44
6729.0,-5.07
6730.0,-5.06
6731.0,-5.04
6732.0,-5.05
6733.0,-5.5200000000000005
6734.0,-5.03
6735.0,-5.1
6736.0,-5.29
6737.0,-5.04
6738.0,-5.01
6739.0,-5.02
6740.0,-5.12
6741.0,-5.02
6742.0,-5.01
6743.0,-5.42
6744.0,-5.25
6745.0,-5.33
6746.0,-5.03
6747.0,-5.03
6748.0,-5.15
6749.0,-5.13
6750.0,-5.04
6751.0,-5.33
6752.0,-5.550000000000001
6753.0,-5.49
6754.0,-5.74
6755.0,-5.49
6756.0,-5.1
6757.0,-5.25
6758.0,-5.05
6759.0,-5.05
6760.0,-5.12
6761.0,-5.09
6762.0,-5.03
6763.0,-5.2700000000000005
6764.0,-5.7700000000000005
6765.0,-5.15
6766.0,-5.02
6767.0,-5.2700000000000005
6768.0,-5.04
6769.0,-5.630000000000001
6770.0,-5.3500000000000005
6771.0,-5.62
6772.0,-5.08
6773.0,-5.29
6774.0,-5.08
6775.0,-5.470000000000001
6776.0,-5.61
6777.0,-1.0000000000000007
6778.0,-5.37
6779.0,-5.640000000000001
6780.0,-5.16
6781.0,-5.08
6782.0,-5.73
6783.0,-5.02
6784.0,-5.54
6785.0,-5.02
6786.0,-5.07
6787.0,-5.06
6788.0,-5.42
6789.0,-5.07
6790.0,-5.03
6791.0,-5.51
6792.0,-5.05
6793.0,-5.48
6794.0,-5.07
6795.0,-5.840000000000001
6796.0,-5.01
6797.0,-5.09
6798.0,-5.4
6799.0,-5.04
6800.0,-5.720000000000001
6801.0,-5.02
6802.0,-5.03
6803.0,-5.07
6804.0,-5.550000000000001
6805.0,-5.53
6806.0,-5.36
6807.0,-5.1
6808.0,-5.720000000000001
6809.0,-5.38
6810.0,-5.06
6811.0,-5.1
6812.0,-5.16
6813.0,-5.15
6814.0,-5.4
6815.0,-5.640000000000001
6816.0,-5.33
6817.0,-5.01
6818.0,-5.17
6819.0,-5.13
6820.0,-5.06
6821.0,-5.14
6822.0,-5.16
6823.0,-5.69
6824.0,-5.02
6825.0,-5.48
6826.0,-5.470000000000001
6827.0,-5.67
6828.0,-5.57
6829.0,-5.38
6830.0,-5.04
6831.0,-5.29
6832.0,-5.01
6833.0,-5.57
6834.0,-5.01
6835.0,-5.09
6836.0,-5.8500000000000005
6837.0,-5.28
6838.0,-5.1
6839.0,-5.02
6840.0,-5.2700000000000005
6841.0,-5.06
6842.0,-5.36
6843.0,-5.06
6844.0,-5.06
6845.0,-5.09
6846.0,-5.07
6847.0,-5.790000000000001
6848.0,-5.3500000000000005
6849.0,-5.02
6850.0,-5.2
6851.0,-5.760000000000001
6852.0,-5.13
6853.0,-5.22
6854.0,-5.6000000000000005
6855.0,-5.48
6856.0,-5.5600000000000005
6857.0,-5.2700000000000005
6858.0,-5.02
6859.0,-5.07
6860.0,-5.930000000000001
6861.0,-5.09
6862.0,-5.41
6863.0,-5.09
6864.0,-5.11
6865.0,-5.28
6866.0,-5.36
6867.0,-5.05
6868.0,-5.02
6869.0,-5.02
6870.0,-5.26
6871.0,-5.09
6872.0,-5.13
6873.0,-5.01
6874.0,-5.75
6875.0,-5.04
6876.0,-5.06
6877.0,-5.02
6878.0,-5.5600000000000005
6879.0,-5.25
6880.0,-5.390000000000001
6881.0,-5.21
6882.0,-5.02
6883.0,-5.11
6884.0,-5.470000000000001
6885.0,-5.1
6886.0,-5.07
6887.0,-5.09
6888.0,-5.3
6889.0,-5.22
6890.0,-5.04
6891.0,-5.58
6892.0,-5.61
6893.0,-5.19
6894.0,-5.430000000000001
6895.0,-5.03
6896.0,-5.44
6897.0,-5.12
6898.0,-5.3
6899.0,-5.1
6900.0,-5.1
6901.0,-5.11
6902.0,-5.29
6903.0,-5.07
6904.0,-5.720000000000001
6905.0,-5.5200000000000005
6906.0,-5.08
6907.0,-5.390000000000001
6908.0,-5.51
6909.0,-5.57
6910.0,-5.46
6911.0,-5.02
6912.0,-5.32
6913.0,-5.630000000000001
6914.0,-5.950000000000001
6915.0,-5.06
6916.0,-5.32
6917.0,-5.03
6918.0,-5.05
6919.0,-5.03
6920.0,-5.2700000000000005
6921.0,-5.28
6922.0,-5.44
6923.0,-5.05
6924.0,-5.04
6925.0,-5.75
6926.0,-5.3
6927.0,-5.390000000000001
6928.0,-5.05
6929.0,-5.06
6930.0,-5.24
6931.0,-1.0000000000000007
6932.0,-5.42
6933.0,-5.01
6934.0,-5.03
6935.0,-5.4
6936.0,-5.17
6937.0,-5.18
6938.0,-5.38
6939.0,-5.06
6940.0,-5.05
6941.0,-5.3
6942.0,-5.33
6943.0,-5.08
6944.0,-5.08
6945.0,-5.24
6946.0,-5.45
6947.0,-1.0000000000000007
6948.0,-5.36
6949.0,-5.02
6950.0,-5.08
6951.0,-5.48
6952.0,-5.680000000000001
6953.0,-1.0000000000000007
6954.0,-5.11
6955.0,-5.02
6956.0,-5.48
6957.0,-5.1
6958.0,-5.02
6959.0,-5.29
6960.0,-5.02
6961.0,-5.34
6962.0,-5.36
6963.0,-5.17
6964.0,-5.14
6965.0,-5.9
6966.0,-5.01
6967.0,-5.3500000000000005
6968.0,-5.07
6969.0,-5.29
6970.0,-5.630000000000001
6971.0,-5.04
6972.0,-5.03
6973.0,-5.03
6974.0,-5.53
6975.0,-5.45
6976.0,-5.45
6977.0,-5.19
6978.0,-5.45
6979.0,-5.04
6980.0,-5.03
6981.0,-5.07
6982.0,-5.04
6983.0,-5.32
6984.0,-5.5200000000000005
6985.0,-5.58
6986.0,-5.06
6987.0,-5.32
6988.0,-5.12
6989.0,-5.14
6990.0,-5.37
6991.0,-5.3100000000000005
6992.0,-5.03
6993.0,-5.04
6994.0,-5.06
6995.0,-5.45
6996.0,-5.34
6997.0,-5.03
6998.0,-5.02
6999.0,-5.36
7000.0,-5.13
7001.0,-5.3100000000000005
7002.0,-5.25
7003.0,-5.01
7004.0,-5.62
7005.0,-5.03
7006.0,-5.12
7007.0,-5.2700000000000005
7008.0,-5.6000000000000005
7009.0,-5.4
7010.0,-5.04
7011.0,-5.46
7012.0,-5.13
7013.0,-5.1
7014.0,-5.02
7015.0,-5.57
7016.0,-5.3500000000000005
7017.0,-5.04
7018.0,-5.02
7019.0,-5.46
7020.0,-5.17
7021.0,-5.01
7022.0,-5.720000000000001
7023.0,-5.58
7024.0,-5.16
7025.0,-5.2700000000000005
7026.0,-5.03
7027.0,-5.49
7028.0,-5.18
7029.0,-5.15
7030.0,-5.15
7031.0,-5.58
7032.0,-5.550000000000001
7033.0,-5.02
7034.0,-5.04
7035.0,-5.09
7036.0,-5.91
7037.0,-5.18
7038.0,-5.53
7039.0,-5.3500000000000005
7040.0,-5.2700000000000005
7041.0,-5.18
7042.0,-5.01
7043.0,-5.24
7044.0,-5.19
7045.0,-5.07
7046.0,-5.07
7047.0,-5.91
7048.0,-5.44
7049.0,-5.14
7050.0,-5.02
7051.0,-5.03
7052.0,-5.08
7053.0,-5.11
7054.0,-5.08
7055.0,-5.3500000000000005
7056.0,-5.18
7057.0,-5.12
7058.0,-5.33
7059.0,-5.5
7060.0,-5.03
7061.0,-5.46
7062.0,-5.36
7063.0,-5.38
7064.0,-5.07
7065.0,-5.46
7066.0,-5.02
7067.0,-5.11
7068.0,-5.17
7069.0,-5.3100000000000005
7070.0,-5.3500000000000005
7071.0,-5.02
7072.0,-5.470000000000001
7073.0,-5.3100000000000005
7074.0,-5.05
7075.0,-5.02
7076.0,-5.49
7077.0,-5.48
7078.0,-5.05
7079.0,-5.710000000000001
7080.0,-5.18
7081.0,-5.1
7082.0,-5.06
7083.0,-5.02
7084.0,-5.02
7085.0,-5.05
7086.0,-5.1
7087.0,-5.550000000000001
7088.0,-5.14
7089.0,-5.04
7090.0,-1.0000000000000007
7091.0,-5.02
7092.0,-5.3100000000000005
7093.0,-5.41
7094.0,-5.4
7095.0,-5.19
7096.0,-5.17
7097.0,-5.44
7098.0,-5.51
7099.0,-5.03
7100.0,-5.32
7101.0,-5.630000000000001
7102.0,-5.06
7103.0,-5.2
7104.0,-5.5
7105.0,-5.21
7106.0,-5.32
7107.0,-5.53
7108.0,-5.640000000000001
7109.0,-5.02
7110.0,-5.02
7111.0,-5.34
7112.0,-5.390000000000001
7113.0,-5.17
7114.0,-5.03
7115.0,-5.65
7116.0,-5.02
7117.0,-5.26
7118.0,-5.08
7119.0,-5.04
7120.0,-5.22
7121.0,-5.3100000000000005
7122.0,-5.02
7123.0,-5.36
7124.0,-5.02
7125.0,-5.04
7126.0,-5.01
7127.0,-5.07
7128.0,-5.11
7129.0,-5.4
7130.0,-5.17
7131.0,-5.01
7132.0,-5.36
7133.0,-5.05
7134.0,-5.3500000000000005
7135.0,-5.6000000000000005
7136.0,-5.25
7137.0,-5.5
7138.0,-5.390000000000001
7139.0,-5.02
7140.0,-5.07
7141.0,-5.5
7142.0,-5.38
7143.0,-5.54
7144.0,-5.03
7145.0,-5.3
7146.0,-5.01
7147.0,-5.08
7148.0,-5.15
7149.0,-5.21
7150.0,-5.38
7151.0,-5.6000000000000005
7152.0,-5.02
7153.0,-5.34
7154.0,-5.3500000000000005
7155.0,-5.5200000000000005
7156.0,-5.45
7157.0,-5.06
7158.0,-5.01
7159.0,-5.06
7160.0,-5.03
7161.0,-5.01
7162.0,-5.08
7163.0,-5.02
7164.0,-5.4
7165.0,-5.26
7166.0,-5.15
7167.0,-5.09
7168.0,-5.08
7169.0,-5.07
7170.0,-5.430000000000001
7171.0,-5.37
7172.0,-5.1
7173.0,-5.04
7174.0,-5.51
7175.0,-5.04
7176.0,-5.48
7177.0,-5.11
7178.0,-5.680000000000001
7179.0,-5.18
7180.0,-5.01
7181.0,-5.06
7182.0,-5.11
7183.0,-5.05
7184.0,-5.5200000000000005
7185.0,-5.3100000000000005
7186.0,-5.08
7187.0,-5.42
7188.0,-5.34
7189.0,-5.08
7190.0,-5.01
7191.0,-5.07
7192.0,-5.01
7193.0,-5.05
7194.0,-5.05
7195.0,-5.46
7196.0,-5.11
7197.0,-5.61
7198.0,-5.01
7199.0,-5.02
7200.0,-5.03
7201.0,-5.630000000000001
7202.0,-5.36
7203.0,-5.3
7204.0,-5.18
7205.0,-5.46
7206.0,-5.07
7207.0,-5.05
7208.0,-5.05
7209.0,-5.11
7210.0,-5.07
7211.0,-5.26
7212.0,-5.75
7213.0,-5.2700000000000005
7214.0,-5.1
7215.0,-5.6000000000000005
7216.0,-5.66
7217.0,-5.17
7218.0,-5.07
7219.0,-5.57
7220.0,-5.07
7221.0,-5.03
7222.0,-5.11
7223.0,-5.02
7224.0,-5.03
7225.0,-5.46
7226.0,-5.1
7227.0,-5.11
7228.0,-5.36
7229.0,-5.790000000000001
7230.0,-5.03
7231.0,-5.1
7232.0,-5.28
7233.0,-5.15
7234.0,-5.680000000000001
7235.0,-5.44
7236.0,-5.6000000000000005
7237.0,-5.09
7238.0,-5.36
7239.0,-5.45
7240.0,-5.04
7241.0,-5.2700000000000005
7242.0,-5.23
7243.0,-5.02
7244.0,-5.04
7245.0,-5.24
7246.0,-5.25
7247.0,-5.49
7248.0,-5.44
7249.0,-5.390000000000001
7250.0,-5.11
7251.0,-5.42
7252.0,-5.06
7253.0,-5.08
7254.0,-5.02
7255.0,-5.73
7256.0,-5.01
7257.0,-5.22
7258.0,-5.41
7259.0,-5.08
7260.0,-5.37
7261.0,-5.21
7262.0,-5.3100000000000005
7263.0,-5.840000000000001
7264.0,-5.04
7265.0,-5.02
7266.0,-5.11
7267.0,-5.07
7268.0,-5.12
7269.0,-5.74
7270.0,-5.02
7271.0,-5.04
7272.0,-1.0000000000000007
7273.0,-5.01
7274.0,-5.08
7275.0,-5.1
7276.0,-5.32
7277.0,-5.02
7278.0,-5.49
7279.0,-5.78
7280.0,-5.03
7281.0,-5.12
7282.0,-5.04
7283.0,-5.04
7284.0,-5.3
7285.0,-5.21
7286.0,-5.5600000000000005
7287.0,-5.33
7288.0,-5.430000000000001
7289.0,-5.17
7290.0,-5.19
7291.0,-5.720000000000001
7292.0,-5.05
7293.0,-5.390000000000001
7294.0,-5.05
7295.0,-5.25
7296.0,-5.34
7297.0,-5.04
7298.0,-5.42
7299.0,-5.05
7300.0,-5.08
7301.0,-5.04
7302.0,-5.16
7303.0,-5.13
7304.0,-5.25
7305.0,-5.13
7306.0,-5.02
7307.0,-5.28
7308.0,-5.04
7309.0,-5.29
7310.0,-5.6000000000000005
7311.0,-5.04
7312.0,-5.21
7313.0,-5.04
7314.0,-5.02
7315.0,-5.06
7316.0,-5.08
7317.0,-5.02
7318.0,-5.98
7319.0,-5.03
7320.0,-5.36
7321.0,-5.03
7322.0,-5.14
7323.0,-5.02
7324.0,-5.16
7325.0,-5.44
7326.0,-1.0000000000000007
7327.0,-5.41
7328.0,-5.36
7329.0,-5.46
7330.0,-5.16
7331.0,-5.01
7332.0,-5.5
7333.0,-5.18
7334.0,-5.16
7335.0,-5.08
7336.0,-5.05
7337.0,-5.01
7338.0,-5.05
7339.0,-5.05
7340.0,-5.16
7341.0,-5.05
7342.0,-5.29
7343.0,-5.01
7344.0,-5.04
7345.0,-5.29
7346.0,-5.03
7347.0,-5.07
7348.0,-5.51
7349.0,-5.33
7350.0,-5.3
7351.0,-1.0000000000000007
7352.0,-5.05
7353.0,-5.18
7354.0,-5.1
7355.0,-5.05
7356.0,-5.07
7357.0,-5.02
7358.0,-5.02
7359.0,-5.4
7360.0,-5.02
7361.0,-5.06
7362.0,-5.06
7363.0,-5.3100000000000005
7364.0,-5.5200000000000005
7365.0,-5.02
7366.0,-5.08
7367.0,-5.03
7368.0,-5.02
7369.0,-5.03
7370.0,-5.44
7371.0,-5.23
7372.0,-5.17
7373.0,-5.29
7374.0,-5.05
7375.0,-5.94
7376.0,-5.01
7377.0,-5.02
7378.0,-5.17
7379.0,-5.23
7380.0,-5.16
7381.0,-5.02
7382.0,-5.4
7383.0,-5.1
7384.0,-5.11
7385.0,-5.23
7386.0,-5.890000000000001
7387.0,-5.21
7388.0,-5.3500000000000005
7389.0,-5.05
7390.0,-5.38
7391.0,-5.630000000000001
7392.0,-5.02
7393.0,-5.11
7394.0,-1.0000000000000007
7395.0,-5.630000000000001
7396.0,-5.680000000000001
7397.0,-5.680000000000001
7398.0,-5.54
7399.0,-5.01
7400.0,-1.0000000000000007
7401.0,-5.02
7402.0,-5.970000000000001
7403.0,-5.01
7404.0,-5.1
7405.0,-5.08
7406.0,-5.3100000000000005
7407.0,-5.08
7408.0,-5.91
7409.0,-5.01
7410.0,-5.59
7411.0,-5.33
7412.0,-5.01
7413.0,-5.08
7414.0,-5.3100000000000005
7415.0,-5.21
7416.0,-5.1
7417.0,-5.14
7418.0,-5.26
7419.0,-5.04
7420.0,-5.08
7421.0,-5.01
7422.0,-1.0000000000000007
7423.0,-5.06
7424.0,-5.12
7425.0,-5.06
7426.0,-5.07
7427.0,-5.390000000000001
7428.0,-5.54
7429.0,-5.15
7430.0,-5.12
7431.0,-5.13
7432.0,-5.62
7433.0,-5.02
7434.0,-5.04
7435.0,-5.19
7436.0,-5.4
7437.0,-5.08
7438.0,-5.3500000000000005
7439.0,-5.49
7440.0,-5.17
7441.0,-5.28
7442.0,-5.38
7443.0,-5.37
7444.0,-5.430000000000001
7445.0,-5.07
7446.0,-5.470000000000001
7447.0,-5.5600000000000005
7448.0,-5.38
7449.0,-5.45
7450.0,-5.42
7451.0,-5.2
7452.0,-5.34
7453.0,-5.22
7454.0,-5.25
7455.0,-5.1
7456.0,-5.1
7457.0,-5.24
7458.0,-5.680000000000001
7459.0,-5.02
7460.0,-5.550000000000001
7461.0,-5.06
7462.0,-5.03
7463.0,-5.06
7464.0,-5.05
7465.0,-5.02
7466.0,-5.1
7467.0,-5.1
7468.0,-5.02
7469.0,-5.02
7470.0,-5.06
7471.0,-5.05
7472.0,-5.61
7473.0,-5.02
7474.0,-5.91
7475.0,-5.870000000000001
7476.0,-5.04
7477.0,-5.46
7478.0,-5.24
7479.0,-5.05
7480.0,-5.49
7481.0,-5.02
7482.0,-5.24
7483.0,-5.720000000000001
7484.0,-5.2700000000000005
7485.0,-5.03
7486.0,-5.02
7487.0,-5.04
7488.0,-5.65
7489.0,-5.3100000000000005
7490.0,-5.44
7491.0,-5.390000000000001
7492.0,-5.07
7493.0,-5.06
7494.0,-5.430000000000001
7495.0,-5.07
7496.0,-5.03
7497.0,-5.26
7498.0,-5.3
7499.0,-5.03
7500.0,-5.6000000000000005
7501.0,-5.06
7502.0,-5.02
7503.0,-5.3500000000000005
7504.0,-5.07
7505.0,-5.24
7506.0,-5.5200000000000005
7507.0,-5.78
7508.0,-5.32
7509.0,-5.66
7510.0,-5.08
7511.0,-5.36
7512.0,-5.12
7513.0,-5.07
7514.0,-1.0000000000000007
7515.0,-5.58
7516.0,-5.38
7517.0,-5.3100000000000005
7518.0,-5.2
7519.0,-5.15
7520.0,-5.24
7521.0,-5.2700000000000005
7522.0,-5.16
7523.0,-5.01
7524.0,-5.07
7525.0,-5.06
7526.0,-5.3100000000000005
7527.0,-5.54
7528.0,-5.49
7529.0,-5.09
7530.0,-5.03
7531.0,-5.1
7532.0,-5.03
7533.0,-5.34
7534.0,-5.48
7535.0,-5.58
7536.0,-5.2700000000000005
7537.0,-5.630000000000001
7538.0,-5.28
7539.0,-5.18
7540.0,-5.03
7541.0,-5.710000000000001
7542.0,-5.07
7543.0,-5.02
7544.0,-5.62
7545.0,-5.470000000000001
7546.0,-5.32
7547.0,-5.03
7548.0,-5.04
7549.0,-5.15
7550.0,-5.07
7551.0,-5.17
7552.0,-5.05
7553.0,-5.12
7554.0,-5.36
7555.0,-5.28
7556.0,-5.12
7557.0,-5.24
7558.0,-5.58
7559.0,-5.09
7560.0,-5.08
7561.0,-5.11
7562.0,-5.41
7563.0,-5.04
7564.0,-5.5600000000000005
7565.0,-5.09
7566.0,-5.950000000000001
7567.0,-5.03
7568.0,-5.550000000000001
7569.0,-5.26
7570.0,-5.09
7571.0,-5.470000000000001
7572.0,-5.37
7573.0,-5.48
7574.0,-5.02
7575.0,-5.28
7576.0,-5.45
7577.0,-5.03
7578.0,-5.430000000000001
7579.0,-5.430000000000001
7580.0,-5.5
7581.0,-5.01
7582.0,-5.19
7583.0,-5.04
7584.0,-5.04
7585.0,-5.03
7586.0,-5.03
7587.0,-5.5
7588.0,-5.710000000000001
7589.0,-5.04
7590.0,-5.22
7591.0,-5.890000000000001
7592.0,-5.38
7593.0,-5.07
7594.0,-5.05
7595.0,-5.34
7596.0,-5.11
7597.0,-5.32
7598.0,-5.07
7599.0,-5.03
7600.0,-5.23
7601.0,-5.08
7602.0,-5.3
7603.0,-5.34
7604.0,-5.13
7605.0,-5.34
7606.0,-5.01
7607.0,-5.08
7608.0,-5.3500000000000005
7609.0,-5.02
7610.0,-5.49
7611.0,-5.01
7612.0,-5.57
7613.0,-5.550000000000001
7614.0,-5.02
7615.0,-5.01
7616.0,-5.41
7617.0,-5.12
7618.0,-5.05
7619.0,-5.75
7620.0,-5.61
7621.0,-5.78
7622.0,-1.0000000000000007
7623.0,-5.42
7624.0,-5.03
7625.0,-5.33
7626.0,-5.15
7627.0,-5.02
7628.0,-5.3100000000000005
7629.0,-5.38
7630.0,-5.24
7631.0,-5.19
7632.0,-5.28
7633.0,-5.02
7634.0,-5.04
7635.0,-5.03
7636.0,-5.1
7637.0,-5.02
7638.0,-5.1
7639.0,-5.29
7640.0,-5.62
7641.0,-5.37
7642.0,-5.62
7643.0,-5.09
7644.0,-5.45
7645.0,-5.09
7646.0,-5.03
7647.0,-5.06
7648.0,-5.62
7649.0,-5.08
7650.0,-5.5600000000000005
7651.0,-5.01
7652.0,-5.02
7653.0,-5.75
7654.0,-5.12
7655.0,-5.12
7656.0,-5.59
7657.0,-5.04
7658.0,-5.41
7659.0,-5.550000000000001
7660.0,-5.1
7661.0,-5.09
7662.0,-5.06
7663.0,-5.69
7664.0,-5.07
7665.0,-5.8500000000000005
7666.0,-5.3
7667.0,-5.13
7668.0,-5.21
7669.0,-5.2
7670.0,-5.03
7671.0,-5.58
7672.0,-5.2700000000000005
7673.0,-5.2
7674.0,-5.14
7675.0,-5.44
7676.0,-5.41
7677.0,-5.3
7678.0,-5.59
7679.0,-5.05
7680.0,-5.05
7681.0,-5.38
7682.0,-5.04
7683.0,-5.15
7684.0,-5.04
7685.0,-5.11
7686.0,-5.06
7687.0,-5.06
7688.0,-5.26
7689.0,-5.390000000000001
7690.0,-5.28
7691.0,-5.06
7692.0,-5.82
7693.0,-5.29
7694.0,-5.02
7695.0,-5.04
7696.0,-5.630000000000001
7697.0,-5.04
7698.0,-5.2
7699.0,-5.7
7700.0,-5.22
7701.0,-5.11
7702.0,-5.62
7703.0,-5.04
7704.0,-5.01
7705.0,-5.12
7706.0,-5.41
7707.0,-5.02
7708.0,-5.51
7709.0,-5.640000000000001
7710.0,-5.19
7711.0,-5.07
7712.0,-5.07
7713.0,-5.44
7714.0,-5.19
7715.0,-5.05
7716.0,-5.3
7717.0,-5.54
7718.0,-5.19
7719.0,-5.2700000000000005
7720.0,-5.82
7721.0,-5.930000000000001
7722.0,-5.11
7723.0,-5.04
7724.0,-5.34
7725.0,-5.18
7726.0,-5.25
7727.0,-5.67
7728.0,-5.14
7729.0,-5.08
7730.0,-5.1
7731.0,-5.06
7732.0,-5.09
7733.0,-5.05
7734.0,-5.09
7735.0,-5.34
7736.0,-5.44
7737.0,-5.430000000000001
7738.0,-5.67
7739.0,-5.2700000000000005
7740.0,-5.09
7741.0,-5.4
7742.0,-5.16
7743.0,-5.07
7744.0,-5.23
7745.0,-5.5
7746.0,-5.1
7747.0,-5.07
7748.0,-5.4
7749.0,-5.960000000000001
7750.0,-5.4
7751.0,-5.01
7752.0,-5.07
7753.0,-5.08
7754.0,-5.44
7755.0,-5.08
7756.0,-5.24
7757.0,-5.24
7758.0,-5.1
7759.0,-5.54
7760.0,-5.23
7761.0,-5.04
7762.0,-5.05
7763.0,-5.06
7764.0,-5.06
7765.0,-5.44
7766.0,-5.1
7767.0,-5.02
7768.0,-5.11
7769.0,-5.03
7770.0,-5.04
7771.0,-5.05
7772.0,-5.07
7773.0,-5.08
7774.0,-5.62
7775.0,-5.09
7776.0,-5.03
7777.0,-5.06
7778.0,-5.37
7779.0,-5.18
7780.0,-5.04
7781.0,-5.02
7782.0,-5.05
7783.0,-5.23
7784.0,-5.08
7785.0,-5.03
7786.0,-5.07
7787.0,-5.13
7788.0,-5.53
7789.0,-5.02
7790.0,-5.2
7791.0,-5.03
7792.0,-5.06
7793.0,-5.06
7794.0,-5.51
7795.0,-5.2
7796.0,-5.02
7797.0,-5.05
7798.0,-5.2
7799.0,-5.54
7800.0,-5.1
7801.0,-5.36
7802.0,-5.16
7803.0,-5.03
7804.0,-5.01
7805.0,-5.390000000000001
7806.0,-5.51
7807.0,-5.12
7808.0,-5.5200000000000005
7809.0,-5.41
7810.0,-5.13
7811.0,-5.06
7812.0,-5.65
7813.0,-5.16
7814.0,-5.1
7815.0,-5.49
7816.0,-5.13
7817.0,-5.51
7818.0,-5.3
7819.0,-5.4
7820.0,-5.48
7821.0,-5.65
7822.0,-5.01
7823.0,-5.01
7824.0,-5.03
7825.0,-5.42
7826.0,-5.83
7827.0,-5.07
7828.0,-5.02
7829.0,-1.0000000000000007
7830.0,-5.38
7831.0,-1.0000000000000007
7832.0,-5.2
7833.0,-5.22
7834.0,-5.26
7835.0,-5.29
7836.0,-5.09
7837.0,-5.3100000000000005
7838.0,-5.18
7839.0,-5.01
7840.0,-5.44
7841.0,-5.630000000000001
7842.0,-5.550000000000001
7843.0,-5.58
7844.0,-5.03
7845.0,-5.05
7846.0,-5.26
7847.0,-5.08
7848.0,-5.03
7849.0,-5.49
7850.0,-5.08
7851.0,-5.51
7852.0,-5.2
7853.0,-5.4
7854.0,-5.680000000000001
7855.0,-5.04
7856.0,-5.04
7857.0,-5.46
7858.0,-5.3500000000000005
7859.0,-5.59
7860.0,-5.08
7861.0,-5.04
7862.0,-5.09
7863.0,-5.640000000000001
7864.0,-5.05
7865.0,-5.73
7866.0,-5.550000000000001
7867.0,-5.04
7868.0,-5.12
7869.0,-5.28
7870.0,-5.73
7871.0,-5.14
7872.0,-5.11
7873.0,-5.57
7874.0,-5.03
7875.0,-5.550000000000001
7876.0,-5.04
7877.0,-5.03
7878.0,-5.29
7879.0,-5.02
7880.0,-5.33
7881.0,-5.02
7882.0,-5.13
7883.0,-5.61
7884.0,-5.09
7885.0,-5.04
7886.0,-5.22
7887.0,-5.11
7888.0,-5.05
7889.0,-5.08
7890.0,-5.06
7891.0,-5.8100000000000005
7892.0,-5.470000000000001
7893.0,-5.36
7894.0,-5.05
7895.0,-5.02
7896.0,-5.720000000000001
7897.0,-5.3
7898.0,-5.04
7899.0,-5.08
7900.0,-5.24
7901.0,-5.5200000000000005
7902.0,-5.41
7903.0,-5.04
7904.0,-5.57
7905.0,-5.800000000000001
7906.0,-5.21
7907.0,-5.1
7908.0,-5.02
7909.0,-5.3500000000000005
7910.0,-5.18
7911.0,-5.470000000000001
7912.0,-5.14
7913.0,-5.07
7914.0,-5.08
7915.0,-5.24
7916.0,-5.5200000000000005
7917.0,-5.3100000000000005
7918.0,-5.470000000000001
7919.0,-5.41
7920.0,-5.470000000000001
7921.0,-5.07
7922.0,-5.06
7923.0,-5.4
7924.0,-5.23
7925.0,-5.05
7926.0,-5.53
7927.0,-5.05
7928.0,-5.25
7929.0,-5.33
7930.0,-5.46
7931.0,-5.61
7932.0,-5.03
7933.0,-5.06
7934.0,-5.28
7935.0,-5.15
7936.0,-5.04
7937.0,-5.01
7938.0,-5.11
7939.0,-5.3100000000000005
7940.0,-5.03
7941.0,-5.01
7942.0,-5.03
7943.0,-5.33
7944.0,-5.51
7945.0,-5.03
7946.0,-5.390000000000001
7947.0,-5.08
7948.0,-5.51
7949.0,-5.48
7950.0,-5.33
7951.0,4.02
7952.0,-5.08
7953.0,-5.02
7954.0,-5.25
7955.0,-5.54
7956.0,-5.05
7957.0,-5.22
7958.0,-5.02
7959.0,-5.03
7960.0,-5.04
7961.0,-5.390000000000001
7962.0,-5.14
7963.0,-5.44
7964.0,-5.66
7965.0,-5.34
7966.0,-5.12
7967.0,-5.41
7968.0,-5.01
7969.0,-5.19
7970.0,-5.8500000000000005
7971.0,-5.06
7972.0,-5.01
7973.0,-5.34
7974.0,-5.2700000000000005
7975.0,-1.0000000000000007
7976.0,-5.02
7977.0,-5.05
7978.0,-5.5
7979.0,-5.28
7980.0,-5.01
7981.0,-5.04
7982.0,-5.48
7983.0,-5.4
7984.0,-5.21
7985.0,-5.550000000000001
7986.0,-5.3
7987.0,-5.28
7988.0,-5.24
7989.0,-5.04
7990.0,-5.16
7991.0,-5.29
7992.0,-5.28
7993.0,-5.02
7994.0,-5.12
7995.0,-5.45
7996.0,-5.02
7997.0,-5.05
7998.0,-5.37
7999.0,-5.19
8000.0,-5.12
8001.0,-5.05
8002.0,-5.5200000000000005
8003.0,-5.790000000000001
8004.0,-5.3
8005.0,-5.640000000000001
8006.0,-5.67
8007.0,-5.06
8008.0,-5.44
8009.0,-5.07
8010.0,-5.28
8011.0,-5.24
8012.0,-5.24
8013.0,-5.06
8014.0,-5.680000000000001
8015.0,-5.51
8016.0,-5.1
8017.0,-5.2700000000000005
8018.0,-5.8100000000000005
8019.0,-5.32
8020.0,-5.07
8021.0,-5.03
8022.0,-5.02
8023.0,-5.03
8024.0,-5.06
8025.0,-5.02
8026.0,-5.09
8027.0,-5.04
8028.0,-5.04
8029.0,-5.41
8030.0,-5.15
8031.0,-5.13
8032.0,-5.59
8033.0,-5.02
8034.0,-5.11
8035.0,-5.02
8036.0,-5.19
8037.0,-5.01
8038.0,-5.13
8039.0,-5.19
8040.0,-5.13
8041.0,-5.29
8042.0,-5.04
8043.0,-5.11
8044.0,-5.06
8045.0,-5.04
8046.0,-5.02
8047.0,-5.07
8048.0,-5.23
8049.0,-5.22
8050.0,-5.09
8051.0,-5.790000000000001
8052.0,-5.1
8053.0,-5.33
8054.0,-5.03
8055.0,-5.02
8056.0,-5.25
8057.0,-5.07
8058.0,-5.01
8059.0,-5.45
8060.0,-5.02
8061.0,-5.54
8062.0,-5.02
8063.0,-5.09
8064.0,-5.08
8065.0,-5.46
8066.0,-5.24
8067.0,-5.44
8068.0,-5.33
8069.0,-1.0000000000000007
8070.0,-5.36
8071.0,-5.75
8072.0,-5.05
8073.0,-1.0000000000000007
8074.0,-5.21
8075.0,-5.29
8076.0,-5.05
8077.0,-5.16
8078.0,-5.33
8079.0,-5.02
8080.0,-5.12
8081.0,-5.45
8082.0,-5.28
8083.0,-5.75
8084.0,-5.01
8085.0,-5.5600000000000005
8086.0,-5.470000000000001
8087.0,-5.34
8088.0,-5.37
8089.0,-5.29
8090.0,-5.21
8091.0,-5.16
8092.0,-5.3500000000000005
8093.0,-5.21
8094.0,-5.06
8095.0,-5.3
8096.0,-5.3100000000000005
8097.0,-5.04
8098.0,-5.07
8099.0,-5.54
8100.0,-5.02
8101.0,-5.25
8102.0,-5.01
8103.0,-5.05
8104.0,-5.09
8105.0,-5.04
8106.0,-5.04
8107.0,-5.23
8108.0,-5.01
8109.0,-5.54
8110.0,-5.36
8111.0,-5.04
8112.0,-5.09
8113.0,-5.06
8114.0,-5.42
8115.0,-5.04
8116.0,-5.05
8117.0,-5.33
8118.0,-5.14
8119.0,-5.04
8120.0,-5.36
8121.0,-5.34
8122.0,-5.02
8123.0,-5.53
8124.0,-5.04
8125.0,-5.470000000000001
8126.0,-5.16
8127.0,-5.58
8128.0,-5.04
8129.0,-5.33
8130.0,-5.2700000000000005
8131.0,-5.44
8132.0,-5.04
8133.0,-5.06
8134.0,-5.19
8135.0,-5.04
8136.0,-5.37
8137.0,-5.13
8138.0,-5.09
8139.0,-5.08
8140.0,-5.13
8141.0,-5.69
8142.0,-5.3
8143.0,-5.06
8144.0,-5.07
8145.0,-5.11
8146.0,-5.02
8147.0,-5.19
8148.0,-5.01
8149.0,-5.2700000000000005
8150.0,-5.15
8151.0,-5.06
8152.0,-5.37
8153.0,-5.51
8154.0,-5.08
8155.0,-5.3500000000000005
8156.0,-5.09
8157.0,-5.02
8158.0,-5.2700000000000005
8159.0,-5.37
8160.0,-5.470000000000001
8161.0,-5.02
8162.0,-5.630000000000001
8163.0,-5.09
8164.0,-5.01
8165.0,-5.32
8166.0,-5.41
8167.0,-5.02
8168.0,-5.01
8169.0,-5.46
8170.0,-5.24
8171.0,-5.22
8172.0,-5.02
8173.0,-5.07
8174.0,-5.54
8175.0,-5.38
8176.0,-5.550000000000001
8177.0,-5.03
8178.0,-5.38
8179.0,-5.14
8180.0,-5.03
8181.0,-5.17
8182.0,-5.48
8183.0,-5.12
8184.0,-5.74
8185.0,-5.03
8186.0,-5.34
8187.0,-5.45
8188.0,-5.3
8189.0,-5.390000000000001
8190.0,-5.45
8191.0,-5.02
8192.0,-5.02
8193.0,-5.02
8194.0,-5.32
8195.0,-5.57
8196.0,-5.94
8197.0,-5.09
8198.0,-5.59
8199.0,-5.02
8200.0,-5.34
8201.0,-5.49
8202.0,-5.02
8203.0,-5.06
8204.0,-5.1
8205.0,-5.3100000000000005
8206.0,-5.12
8207.0,-5.3500000000000005
8208.0,-5.38
8209.0,-5.17
8210.0,-5.13
8211.0,-5.25
8212.0,-5.3
8213.0,-5.06
8214.0,-5.06
8215.0,-5.12
8216.0,-5.42
8217.0,-5.07
8218.0,-5.36
8219.0,-5.05
8220.0,-5.02
8221.0,-5.03
8222.0,-5.33
8223.0,-5.19
8224.0,-5.09
8225.0,-5.01
8226.0,-5.48
8227.0,-5.51
8228.0,-5.3500000000000005
8229.0,-5.03
8230.0,-5.03
8231.0,-5.03
8232.0,-5.04
8233.0,-5.1
8234.0,-5.21
8235.0,-5.03
8236.0,-5.04
8237.0,-5.12
8238.0,-5.22
8239.0,-5.02
8240.0,-5.59
8241.0,-5.44
8242.0,-5.05
8243.0,-5.04
8244.0,-5.430000000000001
8245.0,-5.08
8246.0,-5.01
8247.0,-5.34
8248.0,-5.23
8249.0,-5.19
8250.0,-5.23
8251.0,-5.5600000000000005
8252.0,-5.04
8253.0,-5.46
8254.0,-5.3100000000000005
8255.0,-5.23
8256.0,-5.05
8257.0,-5.1
8258.0,-5.14
8259.0,-5.02
8260.0,-5.73
8261.0,-5.25
8262.0,-5.04
8263.0,-5.73
8264.0,-5.15
8265.0,-5.07
8266.0,-5.3100000000000005
8267.0,-5.08
8268.0,-5.8100000000000005
8269.0,-5.09
8270.0,-5.04
8271.0,-5.02
8272.0,-5.25
8273.0,-5.34
8274.0,-5.04
8275.0,-5.05
8276.0,-5.07
8277.0,-5.05
8278.0,-5.11
8279.0,-5.38
8280.0,-5.53
8281.0,-5.05
8282.0,-5.21
8283.0,-5.12
8284.0,-5.49
8285.0,-5.26
8286.0,-5.02
8287.0,-5.550000000000001
8288.0,-5.25
8289.0,-5.02
8290.0,-5.23
8291.0,-5.07
8292.0,-5.37
8293.0,-5.45
8294.0,-5.04
8295.0,-5.11
8296.0,-5.01
8297.0,-5.02
8298.0,-5.17
8299.0,-5.550000000000001
8300.0,-5.03
8301.0,-5.02
8302.0,-5.13
8303.0,-5.430000000000001
8304.0,-1.0000000000000007
8305.0,-5.53
8306.0,-5.32
8307.0,-5.32
8308.0,-5.33
8309.0,-5.04
8310.0,-5.15
8311.0,-5.06
8312.0,-5.49
8313.0,-5.78
8314.0,-5.54
8315.0,-5.22
8316.0,-5.11
8317.0,-5.37
8318.0,-5.02
8319.0,-5.32
8320.0,-5.06
8321.0,-5.19
8322.0,-5.09
8323.0,-5.36
8324.0,-5.06
8325.0,-5.21
8326.0,-5.12
8327.0,-5.29
8328.0,-5.66
8329.0,-5.04
8330.0,-5.06
8331.0,-5.21
8332.0,-5.02
8333.0,-5.18
8334.0,-5.46
8335.0,-5.33
8336.0,-5.14
8337.0,-5.02
8338.0,-5.3100000000000005
8339.0,-5.54
8340.0,-5.37
8341.0,-5.19
8342.0,-5.2
8343.0,-5.390000000000001
8344.0,-5.26
8345.0,-5.37
8346.0,-5.07
8347.0,-5.04
8348.0,-5.06
8349.0,-5.04
8350.0,-5.390000000000001
8351.0,-5.48
8352.0,-5.04
8353.0,-5.430000000000001
8354.0,-5.09
8355.0,-5.21
8356.0,-5.03
8357.0,-5.41
8358.0,-5.13
8359.0,-5.28
8360.0,-5.05
8361.0,-5.15
8362.0,-5.390000000000001
8363.0,-5.3100000000000005
8364.0,-5.13
8365.0,-5.17
8366.0,-5.07
8367.0,-5.33
8368.0,-5.05
8369.0,-5.04
8370.0,-5.09
8371.0,-5.04
8372.0,-5.1
8373.0,-5.05
8374.0,-5.13
8375.0,-5.17
8376.0,-5.38
8377.0,-5.22
8378.0,-5.11
8379.0,-5.01
8380.0,-5.08
8381.0,-5.38
8382.0,-5.23
8383.0,-5.41
8384.0,-5.01
8385.0,-5.13
8386.0,-5.22
8387.0,-5.03
8388.0,-5.03
8389.0,-5.06
8390.0,-5.06
8391.0,-5.24
8392.0,-5.09
8393.0,-5.04
8394.0,-5.05
8395.0,-5.2700000000000005
8396.0,-5.02
8397.0,-5.01
8398.0,-5.06
8399.0,-5.1
8400.0,-5.03
8401.0,-5.3100000000000005
8402.0,-5.03
8403.0,-5.470000000000001
8404.0,-5.01
8405.0,-5.83
8406.0,-5.15
8407.0,-5.02
8408.0,-5.32
8409.0,-5.13
8410.0,-5.03
8411.0,-5.01
8412.0,-5.01
8413.0,-5.06
8414.0,-5.44
8415.0,-5.3
8416.0,-5.34
8417.0,-5.03
8418.0,-5.53
8419.0,-5.26
8420.0,-5.01
8421.0,-5.870000000000001
8422.0,-5.03
8423.0,-5.73
8424.0,-5.22
8425.0,-5.26
8426.0,-5.02
8427.0,-5.98
8428.0,-5.26
8429.0,-5.02
8430.0,-5.680000000000001
8431.0,-5.24
8432.0,-5.29
8433.0,-5.920000000000001
8434.0,-5.05
8435.0,-1.0000000000000007
8436.0,-5.28
8437.0,-5.03
8438.0,-5.16
8439.0,-5.12
8440.0,-5.930000000000001
8441.0,-5.02
8442.0,-5.390000000000001
8443.0,-5.45
8444.0,-5.05
8445.0,-5.03
8446.0,-5.2700000000000005
8447.0,-5.2
8448.0,-5.04
8449.0,-5.5200000000000005
8450.0,-5.05
8451.0,-5.2
8452.0,-5.03
8453.0,-5.04
8454.0,-5.01
8455.0,-5.03
8456.0,-5.550000000000001
8457.0,-5.32
8458.0,-5.32
8459.0,-5.13
8460.0,-5.12
8461.0,-5.18
8462.0,-5.390000000000001
8463.0,-5.46
8464.0,-5.04
8465.0,-5.21
8466.0,-5.4
8467.0,-5.01
8468.0,-5.54
8469.0,-5.3
8470.0,-5.34
8471.0,-5.06
8472.0,-5.05
8473.0,-5.12
8474.0,-5.53
8475.0,-5.49
8476.0,-5.24
8477.0,-5.08
8478.0,-5.04
8479.0,-5.54
8480.0,-5.4
8481.0,-5.11
8482.0,-5.05
8483.0,-5.2
8484.0,-5.44
8485.0,-5.21
8486.0,-5.42
8487.0,-5.48
8488.0,-5.23
8489.0,-5.03
8490.0,-5.37
8491.0,-5.760000000000001
8492.0,-5.54
8493.0,-5.54
8494.0,-5.04
8495.0,-5.03
8496.0,-1.0000000000000007
8497.0,-5.1
8498.0,-5.08
8499.0,-5.5600000000000005
8500.0,-5.11
8501.0,-5.01
8502.0,-5.44
8503.0,-5.3
8504.0,-1.0000000000000007
8505.0,-5.33
8506.0,-5.1
8507.0,-5.22
8508.0,-5.4
8509.0,-5.51
8510.0,-5.430000000000001
8511.0,-5.15
8512.0,-5.22
8513.0,-5.05
8514.0,-5.7
8515.0,-5.3
8516.0,-5.46
8517.0,-5.07
8518.0,-5.33
8519.0,-5.640000000000001
8520.0,-5.23
8521.0,-5.16
8522.0,-5.05
8523.0,-5.48
8524.0,-5.05
8525.0,-5.26
8526.0,-5.390000000000001
8527.0,-5.34
8528.0,-5.02
8529.0,-5.12
8530.0,-1.0000000000000007
8531.0,-5.6000000000000005
8532.0,-5.04
8533.0,-5.02
8534.0,-5.73
8535.0,-5.3500000000000005
8536.0,-5.19
8537.0,-5.06
8538.0,-5.14
8539.0,-5.15
8540.0,-5.08
8541.0,-5.06
8542.0,-5.38
8543.0,-5.62
8544.0,-5.12
8545.0,-5.2
8546.0,-5.42
8547.0,-5.03
8548.0,-5.53
8549.0,-5.07
8550.0,-5.67
8551.0,-5.430000000000001
8552.0,-5.33
8553.0,-5.3100000000000005
8554.0,-5.01
8555.0,-5.29
8556.0,-5.07
8557.0,-5.05
8558.0,-5.29
8559.0,-5.32
8560.0,-5.53
8561.0,-5.18
8562.0,-5.04
8563.0,-5.36
8564.0,-5.390000000000001
8565.0,-5.07
8566.0,-5.06
8567.0,-5.09
8568.0,-5.26
8569.0,-5.5200000000000005
8570.0,-5.08
8571.0,-5.08
8572.0,-5.4
8573.0,-5.06
8574.0,-5.1
8575.0,-5.5200000000000005
8576.0,-5.02
8577.0,-5.03
8578.0,-5.57
8579.0,-5.3
8580.0,-5.19
8581.0,-5.06
8582.0,-5.08
8583.0,-5.74
8584.0,-5.11
8585.0,-5.05
8586.0,-5.5200000000000005
8587.0,-5.05
8588.0,-5.870000000000001
8589.0,-5.390000000000001
8590.0,-5.5
8591.0,-5.24
8592.0,-5.36
8593.0,-5.62
8594.0,-5.23
8595.0,-5.08
8596.0,-5.11
8597.0,-5.12
8598.0,-5.42
8599.0,-5.08
8600.0,-5.06
8601.0,-5.06
8602.0,-5.32
8603.0,-5.08
8604.0,-5.29
8605.0,-5.11
8606.0,-5.01
8607.0,-5.05
8608.0,-5.04
8609.0,-5.02
8610.0,-5.2
8611.0,-5.7
8612.0,-5.54
8613.0,-5.04
8614.0,-5.01
8615.0,-5.28
8616.0,-5.3500000000000005
8617.0,-5.04
8618.0,-5.14
8619.0,-5.13
8620.0,-5.2
8621.0,-5.2
8622.0,-5.21
8623.0,-5.13
8624.0,-5.08
8625.0,-5.3500000000000005
8626.0,-5.29
8627.0,-5.01
8628.0,-5.09
8629.0,-5.11
8630.0,-5.24
8631.0,-1.0000000000000007
8632.0,-5.5
8633.0,-5.12
8634.0,-5.83
8635.0,-5.37
8636.0,-5.550000000000001
8637.0,-5.34
8638.0,-5.04
8639.0,-5.07
8640.0,-5.07
8641.0,-5.3500000000000005
8642.0,-5.03
8643.0,-5.430000000000001
8644.0,-5.14
8645.0,-5.1
8646.0,-5.06
8647.0,-5.15
8648.0,-5.94
8649.0,-5.390000000000001
8650.0,-5.41
8651.0,-5.09
8652.0,-5.26
8653.0,-5.04
8654.0,-5.03
8655.0,-5.2
8656.0,-5.18
8657.0,-5.07
8658.0,-5.09
8659.0,-5.07
8660.0,-5.1
8661.0,-5.02
8662.0,-5.1
8663.0,-5.05
8664.0,-5.03
8665.0,-5.02
8666.0,-5.06
8667.0,-5.26
8668.0,-5.09
8669.0,-5.04
8670.0,-5.37
8671.0,-5.890000000000001
8672.0,-5.1
8673.0,-5.3500000000000005
8674.0,-5.24
8675.0,-5.09
8676.0,-5.24
8677.0,-5.06
8678.0,-5.17
8679.0,-5.840000000000001
8680.0,-5.3500000000000005
8681.0,-5.13
8682.0,-5.12
8683.0,-5.91
8684.0,-5.21
8685.0,-1.0000000000000007
8686.0,-5.34
8687.0,-5.02
8688.0,-5.46
8689.0,-5.19
8690.0,-5.2700000000000005
8691.0,-5.22
8692.0,-5.32
8693.0,-5.3
8694.0,-5.04
8695.0,-5.42
8696.0,-5.04
8697.0,-5.06
8698.0,-5.5
8699.0,-5.12
8700.0,-5.05
8701.0,-5.32
8702.0,-5.41
8703.0,-5.33
8704.0,-5.32
8705.0,-5.01
8706.0,-5.02
8707.0,-5.3500000000000005
8708.0,-5.09
8709.0,-5.22
8710.0,-5.32
8711.0,-5.12
8712.0,-5.37
8713.0,-5.02
8714.0,-5.17
8715.0,-5.04
8716.0,-5.03
8717.0,-5.03
8718.0,-5.34
8719.0,-5.23
8720.0,-5.12
8721.0,-5.14
8722.0,-5.3100000000000005
8723.0,-5.390000000000001
8724.0,-5.6000000000000005
8725.0,-1.0000000000000007
8726.0,-5.790000000000001
8727.0,-5.3500000000000005
8728.0,-5.11
8729.0,-5.49
8730.0,-5.01
8731.0,-5.26
8732.0,-5.06
8733.0,-5.09
8734.0,-5.01
8735.0,-5.15
8736.0,-5.12
8737.0,-5.26
8738.0,-5.04
8739.0,-5.13
8740.0,-5.11
8741.0,-5.09
8742.0,-5.36
8743.0,-5.82
8744.0,-5.06
8745.0,-5.5
8746.0,-5.430000000000001
8747.0,-5.3
8748.0,-5.390000000000001
8749.0,-5.19
8750.0,-5.42
8751.0,-5.29
8752.0,-5.03
8753.0,-5.02
8754.0,-5.02
8755.0,-5.42
8756.0,-5.24
8757.0,-5.02
8758.0,-5.04
8759.0,-1.0000000000000007
8760.0,-5.23
8761.0,-5.36
8762.0,-5.390000000000001
8763.0,-5.24
8764.0,-5.11
8765.0,-5.18
8766.0,-5.14
8767.0,-5.02
8768.0,-5.3500000000000005
8769.0,-5.38
8770.0,-5.37
8771.0,-5.37
8772.0,-5.19
8773.0,-5.9
8774.0,-5.04
8775.0,-5.75
8776.0,-5.12
8777.0,-5.13
8778.0,-5.07
8779.0,-5.2700000000000005
8780.0,-5.07
8781.0,-5.09
8782.0,-5.04
8783.0,-5.2
8784.0,-5.07
8785.0,-5.03
8786.0,-5.46
8787.0,-5.5600000000000005
8788.0,-5.32
8789.0,-5.390000000000001
8790.0,-5.12
8791.0,-5.390000000000001
8792.0,-5.32
8793.0,-5.2700000000000005
8794.0,-5.78
8795.0,-5.13
8796.0,-5.22
8797.0,-5.1
8798.0,-5.02
8799.0,-5.4
8800.0,-5.08
8801.0,-5.03
8802.0,-5.09
8803.0,-5.3100000000000005
8804.0,-5.14
8805.0,-5.09
8806.0,-5.25
8807.0,-5.3500000000000005
8808.0,-5.05
8809.0,-5.11
8810.0,-5.53
8811.0,-5.12
8812.0,-5.36
8813.0,-5.33
8814.0,-5.34
8815.0,-5.21
8816.0,-5.18
8817.0,-5.38
8818.0,-5.06
8819.0,-5.04
8820.0,-5.06
8821.0,-5.12
8822.0,-5.2700000000000005
8823.0,-5.02
8824.0,-5.04
8825.0,-5.04
8826.0,-5.73
8827.0,-5.15
8828.0,-5.3100000000000005
8829.0,-5.3500000000000005
8830.0,-5.09
8831.0,-1.0000000000000007
8832.0,-5.4
8833.0,-5.550000000000001
8834.0,-5.07
8835.0,-5.390000000000001
8836.0,-5.5
8837.0,-5.2700000000000005
8838.0,-5.3500000000000005
8839.0,-5.09
8840.0,-5.26
8841.0,-5.54
8842.0,-5.01
8843.0,-5.23
8844.0,-5.3100000000000005
8845.0,-5.470000000000001
8846.0,-5.17
8847.0,-5.15
8848.0,-5.34
8849.0,-5.13
8850.0,-5.550000000000001
8851.0,-5.24
8852.0,-5.18
8853.0,-5.61
8854.0,-5.05
8855.0,-5.04
8856.0,-5.02
8857.0,-5.3100000000000005
8858.0,-5.04
8859.0,-5.03
8860.0,-5.430000000000001
8861.0,-5.05
8862.0,-5.3
8863.0,-5.04
8864.0,-5.06
8865.0,-5.58
8866.0,-5.34
8867.0,-5.04
8868.0,-5.07
8869.0,-5.01
8870.0,-5.02
8871.0,-5.04
8872.0,-5.16
8873.0,-5.02
8874.0,-5.2700000000000005
8875.0,-5.01
8876.0,-5.48
8877.0,-5.33
8878.0,-5.19
8879.0,-5.58
8880.0,-5.46
8881.0,-5.33
8882.0,-5.01
8883.0,-5.05
8884.0,-5.11
8885.0,-5.01
8886.0,-5.3
8887.0,-5.640000000000001
8888.0,-5.2
8889.0,-5.28
8890.0,-5.470000000000001
8891.0,-5.62
8892.0,-5.11
8893.0,-5.5600000000000005
8894.0,-5.01
8895.0,-5.2700000000000005
8896.0,-5.06
8897.0,-5.04
8898.0,-5.01
8899.0,-5.25
8900.0,-5.46
8901.0,-5.32
8902.0,-5.05
8903.0,-5.550000000000001
8904.0,-5.07
8905.0,-5.15
8906.0,-5.05
8907.0,-5.28
8908.0,-5.02
8909.0,-5.09
8910.0,-5.430000000000001
8911.0,-5.1
8912.0,-5.49
8913.0,-5.01
8914.0,-5.26
8915.0,-5.630000000000001
8916.0,-5.470000000000001
8917.0,-5.04
8918.0,-5.59
8919.0,-5.1
8920.0,-5.38
8921.0,-5.28
8922.0,-5.06
8923.0,-5.430000000000001
8924.0,-5.550000000000001
8925.0,-5.04
8926.0,-5.29
8927.0,-5.38
8928.0,-5.09
8929.0,-5.06
8930.0,-1.0000000000000007
8931.0,-5.54
8932.0,-5.26
8933.0,-5.45
8934.0,-5.13
8935.0,-5.01
8936.0,-5.3500000000000005
8937.0,-5.61
8938.0,-5.11
8939.0,-5.2700000000000005
8940.0,-5.32
8941.0,-5.42
8942.0,-5.53
8943.0,-5.15
8944.0,-5.37
8945.0,-5.38
8946.0,-5.05
8947.0,-5.3
8948.0,-5.01
8949.0,-5.44
8950.0,-5.45
8951.0,-5.24
8952.0,-5.17
8953.0,-5.7
8954.0,-5.19
8955.0,-5.02
8956.0,-1.0000000000000007
8957.0,-5.24
8958.0,-5.17
8959.0,-5.06
8960.0,-5.02
8961.0,-5.06
8962.0,-5.37
8963.0,-5.51
8964.0,-5.2
8965.0,-5.41
8966.0,-1.0000000000000007
8967.0,-5.41
8968.0,-5.37
8969.0,-5.36
8970.0,-5.17
8971.0,-5.19
8972.0,-5.44
8973.0,-5.34
8974.0,-5.01
8975.0,-5.18
8976.0,-5.34
8977.0,-5.3
8978.0,-5.06
8979.0,-5.98
8980.0,-5.05
8981.0,-5.26
8982.0,-5.32
8983.0,-5.16
8984.0,-5.15
8985.0,-5.01
8986.0,-5.2700000000000005
8987.0,-5.01
8988.0,-5.12
8989.0,-5.3
8990.0,-5.59
8991.0,-5.09
8992.0,-5.34
8993.0,-5.3500000000000005
8994.0,-5.02
8995.0,-5.07
8996.0,-5.710000000000001
8997.0,-5.18
8998.0,-5.5200000000000005
8999.0,-5.02
9000.0,-5.19
9001.0,-5.28
9002.0,-5.73
9003.0,-5.02
9004.0,-5.07
9005.0,-5.01
9006.0,-5.3100000000000005
9007.0,-5.02
9008.0,-5.29
9009.0,-5.12
9010.0,-5.12
9011.0,-5.37
9012.0,-5.15
9013.0,-5.25
9014.0,-5.38
9015.0,-5.22
9016.0,-5.21
9017.0,-5.880000000000001
9018.0,-5.12
9019.0,-5.82
9020.0,-5.14
9021.0,-5.17
9022.0,-5.11
9023.0,-5.44
9024.0,-5.16
9025.0,-5.470000000000001
9026.0,-5.09
9027.0,-5.38
9028.0,-5.680000000000001
9029.0,-5.32
9030.0,-5.48
9031.0,-5.17
9032.0,-5.2700000000000005
9033.0,-5.09
9034.0,-5.37
9035.0,-5.59
9036.0,-5.41
9037.0,-5.75
9038.0,-5.34
9039.0,-5.17
9040.0,-5.09
9041.0,-5.48
9042.0,-5.07
9043.0,-5.67
9044.0,-5.09
9045.0,-5.5200000000000005
9046.0,-5.430000000000001
9047.0,-5.4
9048.0,-5.03
9049.0,-5.640000000000001
9050.0,-5.3500000000000005
9051.0,-5.09
9052.0,-5.54
9053.0,-5.99
9054.0,-5.28
9055.0,-5.4
9056.0,-5.21
9057.0,-5.73
9058.0,-5.760000000000001
9059.0,-5.14
9060.0,-5.34
9061.0,-5.09
9062.0,-5.1
9063.0,-5.18
9064.0,-5.2
9065.0,-5.01
9066.0,-5.34
9067.0,-5.06
9068.0,-5.03
9069.0,-5.04
9070.0,-5.62
9071.0,-5.02
9072.0,-5.34
9073.0,-5.01
9074.0,-5.06
9075.0,-5.5200000000000005
9076.0,-5.4
9077.0,-5.29
9078.0,-5.26
9079.0,-5.26
9080.0,-5.02
9081.0,-5.04
9082.0,-5.02
9083.0,-5.09
9084.0,-5.33
9085.0,-5.66
9086.0,-5.05
9087.0,-5.38
9088.0,-5.03
9089.0,-5.78
9090.0,-5.01
9091.0,-5.05
9092.0,-5.01
9093.0,-5.01
9094.0,-5.05
9095.0,-5.07
9096.0,-5.760000000000001
9097.0,-5.01
9098.0,-5.21
9099.0,-5.22
9100.0,-5.32
9101.0,-5.12
9102.0,-5.45
9103.0,-5.36
9104.0,-5.06
9105.0,-5.4
9106.0,-5.16
9107.0,-5.15
9108.0,-5.2700000000000005
9109.0,-5.15
9110.0,-5.02
9111.0,-5.840000000000001
9112.0,-5.11
9113.0,-5.09
9114.0,-5.2
9115.0,-5.17
9116.0,-5.04
9117.0,-5.46
9118.0,-5.41
9119.0,-5.01
9120.0,-5.04
9121.0,-5.66
9122.0,-5.3
9123.0,-5.32
9124.0,-5.880000000000001
9125.0,-5.21
9126.0,-5.58
9127.0,-5.1
9128.0,-5.430000000000001
9129.0,-5.53
9130.0,-5.45
9131.0,-5.41
9132.0,-5.390000000000001
9133.0,-5.57
9134.0,-5.01
9135.0,-5.08
9136.0,-5.04
9137.0,-5.02
9138.0,-5.62
9139.0,-5.01
9140.0,-5.12
9141.0,-5.06
9142.0,-1.0000000000000007
9143.0,-5.2700000000000005
9144.0,-5.21
9145.0,-5.58
9146.0,-5.38
9147.0,-5.02
9148.0,-5.16
9149.0,-5.24
9150.0,-5.33
9151.0,-5.61
9152.0,-5.01
9153.0,-5.06
9154.0,-5.06
9155.0,-5.06
9156.0,-5.54
9157.0,-5.65
9158.0,-5.44
9159.0,-5.2
9160.0,-5.51
9161.0,-5.02
9162.0,-5.390000000000001
9163.0,-5.760000000000001
9164.0,-5.06
9165.0,-5.33
9166.0,-5.08
9167.0,-5.01
9168.0,-5.04
9169.0,-5.08
9170.0,-5.41
9171.0,-5.22
9172.0,-5.1
9173.0,-5.32
9174.0,-5.04
9175.0,-5.46
9176.0,-5.83
9177.0,-5.51
9178.0,-5.45
9179.0,-5.03
9180.0,-5.26
9181.0,-5.04
9182.0,-5.34
9183.0,-5.15
9184.0,-5.08
9185.0,-5.01
9186.0,-5.01
9187.0,-5.07
9188.0,-5.3500000000000005
9189.0,-5.14
9190.0,-5.12
9191.0,-5.680000000000001
9192.0,-5.06
9193.0,-5.25
9194.0,-5.05
9195.0,-5.32
9196.0,-5.05
9197.0,-5.13
9198.0,-5.05
9199.0,-5.02
9200.0,-5.12
9201.0,-5.66
9202.0,-5.61
9203.0,-5.29
9204.0,-5.430000000000001
9205.0,-5.11
9206.0,-5.03
9207.0,-5.22
9208.0,-5.58
9209.0,-5.02
9210.0,-5.05
9211.0,-5.32
9212.0,-5.11
9213.0,-5.1
9214.0,-5.46
9215.0,-5.83
9216.0,-5.16
9217.0,-5.03
9218.0,-5.45
9219.0,-5.01
9220.0,-5.21
9221.0,-5.02
9222.0,-5.24
9223.0,-5.14
9224.0,-5.5600000000000005
9225.0,-5.11
9226.0,-5.23
9227.0,-5.03
9228.0,-5.02
9229.0,-5.2
9230.0,-5.61
9231.0,-5.3100000000000005
9232.0,-5.16
9233.0,-5.28
9234.0,-5.1
9235.0,-5.07
9236.0,-5.66
9237.0,-5.44
9238.0,-5.24
9239.0,-5.2
9240.0,-5.14
9241.0,-5.16
9242.0,-5.22
9243.0,-5.54
9244.0,-5.03
9245.0,-5.04
9246.0,-5.550000000000001
9247.0,-5.48
9248.0,-5.02
9249.0,-5.33
9250.0,-5.24
9251.0,-5.04
9252.0,-5.17
9253.0,-5.34
9254.0,-5.12
9255.0,-5.22
9256.0,-5.04
9257.0,-5.73
9258.0,-5.01
9259.0,-5.840000000000001
9260.0,-5.15
9261.0,-5.04
9262.0,-5.03
9263.0,-5.46
9264.0,-5.13
9265.0,-5.05
9266.0,-5.22
9267.0,-5.06
9268.0,-5.53
9269.0,-5.630000000000001
9270.0,-5.65
9271.0,-5.12
9272.0,-5.18
9273.0,-5.03
9274.0,-5.03
9275.0,-5.06
9276.0,-5.33
9277.0,-5.3100000000000005
9278.0,-5.32
9279.0,-5.17
9280.0,-5.08
9281.0,-5.01
9282.0,-5.02
9283.0,-5.37
9284.0,-5.03
9285.0,-5.46
9286.0,-5.02
9287.0,-5.04
9288.0,-5.02
9289.0,-5.2700000000000005
9290.0,-5.04
9291.0,-5.800000000000001
9292.0,-5.25
9293.0,-5.02
9294.0,-5.04
9295.0,-5.13
9296.0,-5.32
9297.0,-5.4
9298.0,-5.05
9299.0,-5.33
9300.0,-1.0000000000000007
9301.0,-5.51
9302.0,-1.0000000000000007
9303.0,-5.08
9304.0,-5.29
9305.0,-5.16
9306.0,-5.09
9307.0,-5.07
9308.0,-5.5
9309.0,-5.6000000000000005
9310.0,-5.02
9311.0,-5.48
9312.0,-5.2
9313.0,-5.06
9314.0,-5.03
9315.0,-5.42
9316.0,-5.3500000000000005
9317.0,-5.05
9318.0,-5.3500000000000005
9319.0,-5.19
9320.0,-5.67
9321.0,-5.58
9322.0,-5.01
9323.0,-5.04
9324.0,-5.38
9325.0,-5.5
9326.0,-5.58
9327.0,-5.42
9328.0,-5.12
9329.0,-5.09
9330.0,-5.09
9331.0,-5.02
9332.0,-5.44
9333.0,-5.550000000000001
9334.0,-5.42
9335.0,-5.32
9336.0,-5.5200000000000005
9337.0,-5.02
9338.0,-5.65
9339.0,-5.18
9340.0,-5.25
9341.0,-5.18
9342.0,-5.2700000000000005
9343.0,-5.5600000000000005
9344.0,-1.0000000000000007
9345.0,-5.15
9346.0,-5.11
9347.0,-5.01
9348.0,-5.02
9349.0,-5.2700000000000005
9350.0,-5.06
9351.0,-5.49
9352.0,-5.06
9353.0,-5.22
9354.0,-5.28
9355.0,-5.24
9356.0,-5.32
9357.0,-5.07
9358.0,-5.430000000000001
9359.0,-1.0000000000000007
9360.0,-5.01
9361.0,-5.09
9362.0,-5.790000000000001
9363.0,-5.3
9364.0,-5.02
9365.0,-5.07
9366.0,-5.06
9367.0,-5.01
9368.0,-5.34
9369.0,-5.06
9370.0,-5.03
9371.0,-5.2
9372.0,-5.37
9373.0,-5.08
9374.0,-5.28
9375.0,-5.14
9376.0,-5.01
9377.0,-5.22
9378.0,-5.04
9379.0,-5.02
9380.0,-5.04
9381.0,-5.24
9382.0,4.17
9383.0,-5.8500000000000005
9384.0,-5.34
9385.0,-5.33
9386.0,-5.07
9387.0,-5.7
9388.0,-5.05
9389.0,-5.02
9390.0,-5.04
9391.0,-5.44
9392.0,-5.22
9393.0,-5.23
9394.0,-5.32
9395.0,-5.02
9396.0,-5.17
9397.0,-5.04
9398.0,-5.37
9399.0,-5.17
9400.0,-5.2700000000000005
9401.0,-5.2700000000000005
9402.0,-5.26
9403.0,-5.09
9404.0,-5.470000000000001
9405.0,-5.19
9406.0,-5.51
9407.0,-5.08
9408.0,-5.32
9409.0,-5.2
9410.0,-5.66
9411.0,-5.19
9412.0,-5.01
9413.0,-5.23
9414.0,-5.05
9415.0,-5.13
9416.0,-5.48
9417.0,-5.07
9418.0,-5.02
9419.0,-5.11
9420.0,-5.15
9421.0,-5.14
9422.0,-5.03
9423.0,-5.62
9424.0,-5.3100000000000005
9425.0,-5.22
9426.0,-5.37
9427.0,-5.65
9428.0,-5.390000000000001
9429.0,-5.49
9430.0,-5.02
9431.0,-5.45
9432.0,-5.01
9433.0,-5.390000000000001
9434.0,-5.06
9435.0,-5.1
9436.0,-5.02
9437.0,-5.02
9438.0,-5.26
9439.0,-1.0000000000000007
9440.0,-5.08
9441.0,-5.49
9442.0,-5.01
9443.0,-5.09
9444.0,-5.32
9445.0,-5.07
9446.0,-5.11
9447.0,-5.08
9448.0,-5.46
9449.0,-5.02
9450.0,-5.65
9451.0,-5.3500000000000005
9452.0,-5.04
9453.0,-5.21
9454.0,-5.36
9455.0,-5.13
9456.0,-5.13
9457.0,-5.1
9458.0,-5.02
9459.0,-5.6000000000000005
9460.0,-5.25
9461.0,-5.46
9462.0,-5.3100000000000005
9463.0,-5.57
9464.0,-5.05
9465.0,-5.66
9466.0,-5.57
9467.0,-5.880000000000001
9468.0,-5.42
9469.0,-5.3
9470.0,-5.37
9471.0,-5.11
9472.0,-5.390000000000001
9473.0,-5.390000000000001
9474.0,-5.29
9475.0,-5.38
9476.0,-5.05
9477.0,-5.15
9478.0,-5.2700000000000005
9479.0,-1.0000000000000007
9480.0,-5.25
9481.0,-5.8100000000000005
9482.0,-5.16
9483.0,-5.04
9484.0,-5.33
9485.0,-5.38
9486.0,-5.05
9487.0,-5.09
9488.0,-5.42
9489.0,-5.03
9490.0,-5.61
9491.0,-5.4
9492.0,-5.3500000000000005
9493.0,-5.04
9494.0,-5.6000000000000005
9495.0,-5.04
9496.0,-5.02
9497.0,-5.3500000000000005
9498.0,-5.04
9499.0,-5.3100000000000005
9500.0,-5.21
9501.0,-5.1
9502.0,-5.12
9503.0,-5.01
9504.0,-5.3100000000000005
9505.0,-5.3500000000000005
9506.0,-5.08
9507.0,-5.11
9508.0,-5.06
9509.0,-5.34
9510.0,-5.38
9511.0,-5.24
9512.0,-5.05
9513.0,-5.49
9514.0,-5.32
9515.0,-5.430000000000001
9516.0,-5.5600000000000005
9517.0,-5.2700000000000005
9518.0,-5.41
9519.0,-5.37
9520.0,-5.37
9521.0,-5.550000000000001
9522.0,-5.11
9523.0,-5.08
9524.0,-5.29
9525.0,-5.49
9526.0,-5.02
9527.0,-5.91
9528.0,-5.06
9529.0,-5.03
9530.0,-5.07
9531.0,-5.3500000000000005
9532.0,-5.09
9533.0,-5.23
9534.0,-5.1
9535.0,-5.29
9536.0,-5.48
9537.0,-5.23
9538.0,-5.07
9539.0,-5.3100000000000005
9540.0,-5.02
9541.0,-5.15
9542.0,-5.66
9543.0,-5.42
9544.0,-5.04
9545.0,-5.02
9546.0,-5.37
9547.0,-5.14
9548.0,-5.390000000000001
9549.0,-5.12
9550.0,-5.06
9551.0,-5.02
9552.0,-5.05
9553.0,-5.2700000000000005
9554.0,-5.13
9555.0,-5.23
9556.0,-5.630000000000001
9557.0,-5.53
9558.0,-5.22
9559.0,-5.5
9560.0,-5.11
9561.0,-5.25
9562.0,-5.41
9563.0,-5.1
9564.0,-5.22
9565.0,-5.3
9566.0,-5.550000000000001
9567.0,-5.13
9568.0,-5.23
9569.0,-5.2700000000000005
9570.0,-5.22
9571.0,-5.05
9572.0,-5.920000000000001
9573.0,-5.390000000000001
9574.0,-5.07
9575.0,-5.08
9576.0,-5.29
9577.0,-5.04
9578.0,-5.29
9579.0,-5.1
9580.0,-5.07
9581.0,-5.18
9582.0,-5.5600000000000005
9583.0,-5.06
9584.0,-5.5600000000000005
9585.0,-5.04
9586.0,-5.34
9587.0,-5.08
9588.0,-5.3100000000000005
9589.0,-5.28
9590.0,-5.07
9591.0,-5.03
9592.0,-5.880000000000001
9593.0,-5.86
9594.0,-5.02
9595.0,-5.05
9596.0,-5.36
9597.0,-5.16
9598.0,-5.08
9599.0,-5.8500000000000005
9600.0,-5.12
9601.0,-5.15
9602.0,-5.7
9603.0,-5.49
9604.0,-5.1
9605.0,-5.03
9606.0,-5.23
9607.0,-5.03
9608.0,-5.09
9609.0,-5.02
9610.0,-5.34
9611.0,-5.08
9612.0,-5.02
9613.0,-5.03
9614.0,-5.3100000000000005
9615.0,-5.08
9616.0,-5.05
9617.0,-5.05
9618.0,-5.09
9619.0,-5.16
9620.0,-5.12
9621.0,-5.01
9622.0,-5.21
9623.0,-5.7
9624.0,-5.04
9625.0,-5.3
9626.0,-5.65
9627.0,-5.2700000000000005
9628.0,-5.5
9629.0,-5.04
9630.0,-5.840000000000001
9631.0,-5.19
9632.0,-5.14
9633.0,-5.28
9634.0,-5.32
9635.0,-5.5600000000000005
9636.0,-5.06
9637.0,-5.24
9638.0,-5.65
9639.0,-5.29
9640.0,-5.65
9641.0,-5.94
9642.0,-5.760000000000001
9643.0,-5.04
9644.0,-5.33
9645.0,-5.01
9646.0,-5.07
9647.0,-5.28
9648.0,-5.02
9649.0,-5.03
9650.0,-5.04
9651.0,-5.51
9652.0,-5.08
9653.0,-5.02
9654.0,-5.36
9655.0,-5.02
9656.0,-5.6000000000000005
9657.0,-5.11
9658.0,-5.62
9659.0,-5.62
9660.0,-5.05
9661.0,-5.24
9662.0,-5.26
9663.0,-5.07
9664.0,-5.46
9665.0,-5.17
9666.0,-5.01
9667.0,-5.03
9668.0,-5.430000000000001
9669.0,-1.0000000000000007
9670.0,-5.02
9671.0,-5.32
9672.0,-5.38
9673.0,-5.28
9674.0,-5.38
9675.0,-5.640000000000001
9676.0,-5.04
9677.0,-5.91
9678.0,-5.28
9679.0,-5.12
9680.0,-5.45
9681.0,-5.05
9682.0,-5.02
9683.0,-5.51
9684.0,-5.03
9685.0,-5.08
9686.0,-5.1
9687.0,-5.12
9688.0,-5.3
9689.0,-5.17
9690.0,-5.03
9691.0,-5.16
9692.0,-5.03
9693.0,-5.58
9694.0,-5.05
9695.0,-5.1
9696.0,-5.01
9697.0,-5.08
9698.0,-5.14
9699.0,-5.11
9700.0,-5.12
9701.0,-5.32
9702.0,-5.75
9703.0,-5.12
9704.0,-5.09
9705.0,-5.41
9706.0,-5.09
9707.0,-5.5200000000000005
9708.0,-5.06
9709.0,-5.17
9710.0,-5.05
9711.0,-5.3100000000000005
9712.0,-5.28
9713.0,-5.5
9714.0,-5.26
9715.0,-5.13
9716.0,-5.03
9717.0,-5.49
9718.0,-5.36
9719.0,-5.1
9720.0,-5.16
9721.0,-5.2700000000000005
9722.0,-5.02
9723.0,-5.03
9724.0,-5.550000000000001
9725.0,-5.04
9726.0,-5.11
9727.0,-5.21
9728.0,-5.18
9729.0,-5.04
9730.0,-5.11
9731.0,-5.02
9732.0,-5.25
9733.0,-5.32
9734.0,-5.550000000000001
9735.0,-5.4
9736.0,-5.03
9737.0,-1.0000000000000007
9738.0,-5.28
9739.0,-5.08
9740.0,-5.04
9741.0,-5.34
9742.0,-5.29
9743.0,-5.2
9744.0,-5.02
9745.0,-5.04
9746.0,-5.37
9747.0,-5.18
9748.0,-5.16
9749.0,-5.01
9750.0,-5.5600000000000005
9751.0,-5.04
9752.0,-5.36
9753.0,-5.48
9754.0,-5.36
9755.0,-5.28
9756.0,-5.04
9757.0,-5.880000000000001
9758.0,-5.91
9759.0,-5.06
9760.0,-5.83
9761.0,-5.7
9762.0,-5.94
9763.0,-5.54
9764.0,-5.09
9765.0,-5.02
9766.0,-5.5200000000000005
9767.0,-5.09
9768.0,-5.49
9769.0,-5.3
9770.0,-5.53
9771.0,-5.33
9772.0,-5.2700000000000005
9773.0,-5.36
9774.0,-5.15
9775.0,-5.390000000000001
9776.0,-5.54
9777.0,-5.33
9778.0,-5.01
9779.0,-5.1
9780.0,-5.49
9781.0,4.2299999999999995
9782.0,-5.37
9783.0,-5.46
9784.0,-5.680000000000001
9785.0,-5.28
9786.0,-5.17
9787.0,-5.14
9788.0,-5.62
9789.0,-5.430000000000001
9790.0,-5.05
9791.0,-5.550000000000001
9792.0,-5.22
9793.0,-1.0000000000000007
9794.0,-5.05
9795.0,-5.26
9796.0,-5.25
9797.0,-5.19
9798.0,-5.02
9799.0,-5.26
9800.0,-5.02
9801.0,-5.630000000000001
9802.0,-5.03
9803.0,-5.01
9804.0,-5.44
9805.0,-5.03
9806.0,-5.06
9807.0,-5.83
9808.0,-5.1
9809.0,-5.46
9810.0,-5.45
9811.0,-5.02
9812.0,-5.48
9813.0,-5.51
9814.0,-5.28
9815.0,-5.800000000000001
9816.0,-5.11
9817.0,-5.06
9818.0,-5.24
9819.0,-5.5600000000000005
9820.0,-5.3100000000000005
9821.0,-5.34
9822.0,-5.03
9823.0,-5.02
9824.0,-5.04
9825.0,-5.8100000000000005
9826.0,-5.49
9827.0,-5.05
9828.0,-5.25
9829.0,-5.22
9830.0,-5.02
9831.0,-5.19
9832.0,-5.29
9833.0,-5.14
9834.0,-5.16
9835.0,-5.07
9836.0,-5.22
9837.0,-5.75
9838.0,-5.59
9839.0,-1.0000000000000007
9840.0,-5.09
9841.0,-5.1
9842.0,-5.17
9843.0,-5.04
9844.0,-5.38
9845.0,-5.28
9846.0,-5.41
9847.0,-5.12
9848.0,-5.390000000000001
9849.0,-5.2
9850.0,-5.28
9851.0,-5.02
9852.0,-5.51
9853.0,-5.15
9854.0,-5.2700000000000005
9855.0,-5.2
9856.0,-5.5
9857.0,-5.49
9858.0,-5.06
9859.0,-5.09
9860.0,-5.03
9861.0,-5.13
9862.0,-5.38
9863.0,-5.41
9864.0,-5.33
9865.0,-5.04
9866.0,-5.01
9867.0,-5.03
9868.0,-5.54
9869.0,-5.67
9870.0,-5.15
9871.0,-5.02
9872.0,-5.73
9873.0,-5.5200000000000005
9874.0,-5.41
9875.0,-5.06
9876.0,-5.06
9877.0,-5.14
9878.0,-5.07
9879.0,-5.07
9880.0,-5.09
9881.0,-5.1
9882.0,-5.34
9883.0,-5.06
9884.0,-5.08
9885.0,-5.790000000000001
9886.0,-5.19
9887.0,-5.04
9888.0,-5.640000000000001
9889.0,-5.2
9890.0,-5.24
9891.0,-5.470000000000001
9892.0,-5.37
9893.0,-5.28
9894.0,-5.03
9895.0,-5.03
9896.0,-5.14
9897.0,-5.550000000000001
9898.0,-5.65
9899.0,-5.02
9900.0,-5.32
9901.0,-5.1
9902.0,-5.17
9903.0,-5.2700000000000005
9904.0,-5.01
9905.0,-5.640000000000001
9906.0,-5.23
9907.0,-5.24
9908.0,-5.05
9909.0,-5.03
9910.0,-5.09
9911.0,-5.2700000000000005
9912.0,-5.44
9913.0,-5.22
9914.0,-5.01
9915.0,-5.03
9916.0,-5.36
9917.0,-5.18
9918.0,-5.630000000000001
9919.0,-5.02
9920.0,-5.5
9921.0,-5.41
9922.0,-5.01
9923.0,-5.23
9924.0,-5.04
9925.0,-5.710000000000001
9926.0,-5.390000000000001
9927.0,-5.08
9928.0,-5.08
9929.0,-5.04
9930.0,-5.03
9931.0,-5.04
9932.0,-5.03
9933.0,-5.53
9934.0,-5.5600000000000005
9935.0,-5.37
9936.0,-5.16
9937.0,-5.05
9938.0,-5.05
9939.0,-5.03
9940.0,-5.05
9941.0,-5.05
9942.0,-5.11
9943.0,-5.16
9944.0,-5.29
9945.0,-5.05
9946.0,-5.470000000000001
9947.0,-5.49
9948.0,-5.4
9949.0,-1.0000000000000007
9950.0,-5.06
9951.0,-5.2700000000000005
9952.0,-5.06
9953.0,-5.29
9954.0,-5.05
9955.0,-5.2700000000000005
9956.0,-5.58
9957.0,-5.45
9958.0,-5.19
9959.0,-5.01
9960.0,-5.7
9961.0,-5.02
9962.0,-5.36
9963.0,-5.03
9964.0,-5.59
9965.0,-5.07
9966.0,-5.08
9967.0,-5.3
9968.0,-5.02
9969.0,-5.02
9970.0,-5.06
9971.0,-5.3100000000000005
9972.0,-5.2700000000000005
9973.0,-5.51
9974.0,-5.02
9975.0,-5.65
9976.0,-5.11
9977.0,-5.37
9978.0,-5.11
9979.0,-5.3
9980.0,-5.5600000000000005
9981.0,-5.430000000000001
9982.0,-5.23
9983.0,-5.19
9984.0,-5.04
9985.0,4.199999999999999
9986.0,-5.08
9987.0,-5.07
9988.0,-5.01
9989.0,-5.08
9990.0,-5.28
9991.0,-5.05
9992.0,-5.07
9993.0,-5.6000000000000005
9994.0,-1.0000000000000007
9995.0,-5.09
9996.0,4.39
9997.0,-5.2700000000000005
9998.0,-5.13
9999.0,-5.24
10000.0,-5.22
10001.0,-5.54
10002.0,-5.470000000000001
10003.0,-5.07
10004.0,-5.01
10005.0,-5.26
10006.0,-5.05
10007.0,-5.02
10008.0,-5.05
10009.0,-5.17
10010.0,-5.5600000000000005
10011.0,-5.04
10012.0,-5.04
10013.0,-5.760000000000001
10014.0,-5.07
10015.0,-5.26
10016.0,-5.69
10017.0,-5.69
10018.0,-5.6000000000000005
10019.0,-5.3100000000000005
10020.0,-5.390000000000001
10021.0,-5.61
10022.0,-5.38
10023.0,-5.37
10024.0,-5.640000000000001
10025.0,-5.28
10026.0,-5.390000000000001
10027.0,-5.15
10028.0,-5.5200000000000005
10029.0,-5.14
10030.0,-5.18
10031.0,-5.22
10032.0,-5.29
10033.0,-5.680000000000001
10034.0,-5.09
10035.0,-5.19
10036.0,-5.75
10037.0,-5.09
10038.0,-5.34
10039.0,-5.69
10040.0,-5.53
10041.0,-5.37
10042.0,-5.390000000000001
10043.0,-5.12
10044.0,-5.05
10045.0,-5.15
10046.0,-5.41
10047.0,-5.23
10048.0,-5.390000000000001
10049.0,-5.58
10050.0,-5.06
10051.0,-1.0000000000000007
10052.0,-5.920000000000001
10053.0,-5.07
10054.0,-5.37
10055.0,-5.09
10056.0,-5.36
10057.0,-5.640000000000001
10058.0,-5.21
10059.0,-5.4
10060.0,-5.32
10061.0,-5.05
10062.0,-5.15
10063.0,-5.57
10064.0,-5.06
10065.0,-5.19
10066.0,-5.38
10067.0,-5.06
10068.0,-5.48
10069.0,-5.01
10070.0,-5.07
10071.0,-5.32
10072.0,-5.04
10073.0,-5.19
10074.0,-5.5600000000000005
10075.0,-5.67
10076.0,-5.2700000000000005
10077.0,-5.07
10078.0,-5.69
10079.0,-5.09
10080.0,-5.22
10081.0,-5.3100000000000005
10082.0,-5.02
10083.0,-5.29
10084.0,-5.5
10085.0,-5.1
10086.0,-5.3
10087.0,-5.24
10088.0,-5.06
10089.0,-5.03
10090.0,-5.05
10091.0,-5.06
10092.0,-5.18
10093.0,-5.3500000000000005
10094.0,-5.08
10095.0,-5.03
10096.0,-5.1
10097.0,-5.73
10098.0,-5.470000000000001
10099.0,-5.33
10100.0,-5.02
10101.0,-5.03
10102.0,-5.69
10103.0,-5.41
10104.0,-5.26
10105.0,-5.09
10106.0,-5.720000000000001
10107.0,-5.58
10108.0,-5.04
10109.0,-5.01
10110.0,-5.3
10111.0,-5.5
10112.0,-5.02
10113.0,-5.5200000000000005
10114.0,-5.07
10115.0,4.27
10116.0,-5.09
10117.0,-5.15
10118.0,-5.54
10119.0,-5.06
10120.0,-5.06
10121.0,-5.02
10122.0,-5.3100000000000005
10123.0,-5.2700000000000005
10124.0,-5.38
10125.0,-5.08
10126.0,-5.550000000000001
10127.0,-5.36
10128.0,-5.470000000000001
10129.0,-5.24
10130.0,-5.1
10131.0,-5.3
10132.0,-5.1
10133.0,-5.2
10134.0,-5.26
10135.0,-5.03
10136.0,-5.01
10137.0,-5.13
10138.0,-5.01
10139.0,-5.23
10140.0,-5.02
10141.0,-5.08
10142.0,-5.25
10143.0,-5.37
10144.0,-5.03
10145.0,-5.4
10146.0,-5.3
10147.0,-5.430000000000001
10148.0,-5.46
10149.0,-5.15
10150.0,-5.08
10151.0,-5.01
10152.0,-5.19
10153.0,-5.06
10154.0,-5.8100000000000005
10155.0,-5.06
10156.0,-5.04
10157.0,-5.45
10158.0,-5.3500000000000005
10159.0,-5.17
10160.0,-5.02
10161.0,-5.3
10162.0,-5.07
10163.0,-5.29
10164.0,-5.38
10165.0,-5.3100000000000005
10166.0,-5.26
10167.0,-5.4
10168.0,-5.69
10169.0,-5.74
10170.0,-5.03
10171.0,-5.18
10172.0,-5.7
10173.0,-5.2700000000000005
10174.0,-5.62
10175.0,-5.29
10176.0,-5.48
10177.0,-5.15
10178.0,-5.02
10179.0,-5.37
10180.0,-5.37
10181.0,-5.15
10182.0,-5.69
10183.0,-5.550000000000001
10184.0,-5.430000000000001
10185.0,-5.28
10186.0,4.359999999999999
10187.0,-5.62
10188.0,-5.04
10189.0,-5.3100000000000005
10190.0,-5.36
10191.0,-5.11
10192.0,-5.430000000000001
10193.0,-5.19
10194.0,-5.430000000000001
10195.0,-5.08
10196.0,-5.01
10197.0,-5.15
10198.0,-5.45
10199.0,-5.58
10200.0,-5.04
10201.0,-5.05
10202.0,-5.36
10203.0,-5.01
10204.0,-5.25
10205.0,-5.22
10206.0,-5.26
10207.0,-5.01
10208.0,-5.02
10209.0,-5.44
10210.0,-5.26
10211.0,-5.5200000000000005
10212.0,-5.3500000000000005
10213.0,-5.04
10214.0,-5.67
10215.0,-5.45
10216.0,-5.54
10217.0,-5.800000000000001
10218.0,-5.4
10219.0,-5.38
10220.0,-5.03
10221.0,-5.3100000000000005
10222.0,-5.03
10223.0,-5.1
10224.0,-5.44
10225.0,-5.3100000000000005
10226.0,-5.38
10227.0,-5.57
10228.0,-5.05
10229.0,-5.870000000000001
10230.0,-5.550000000000001
10231.0,-5.01
10232.0,-5.32
10233.0,-5.32
10234.0,-5.2700000000000005
10235.0,-5.03
10236.0,-5.05
10237.0,-1.0000000000000007
10238.0,-5.75
10239.0,-5.48
10240.0,-5.3
10241.0,-5.03
10242.0,-5.13
10243.0,-5.6000000000000005
10244.0,-5.11
10245.0,-5.11
10246.0,-5.36
10247.0,-5.42
10248.0,-5.45
10249.0,-5.470000000000001
10250.0,-5.3
10251.0,-5.13
10252.0,-5.09
10253.0,-5.44
10254.0,-5.06
10255.0,-5.03
10256.0,-5.13
10257.0,-5.870000000000001
10258.0,-5.53
10259.0,-5.08
10260.0,-5.36
10261.0,-5.32
10262.0,-5.02
10263.0,-5.04
10264.0,-5.19
10265.0,-5.01
10266.0,-5.03
10267.0,-5.33
10268.0,-5.53
10269.0,-5.04
10270.0,-5.02
10271.0,-5.26
10272.0,-5.46
10273.0,-5.44
10274.0,-5.3
10275.0,-5.390000000000001
10276.0,-5.02
10277.0,-5.960000000000001
10278.0,-5.03
10279.0,-5.51
10280.0,-5.21
10281.0,-5.67
10282.0,-5.37
10283.0,-5.12
10284.0,-5.03
10285.0,-5.06
10286.0,-5.06
10287.0,-5.73
10288.0,-5.02
10289.0,-5.26
10290.0,-5.22
10291.0,-5.3500000000000005
10292.0,-5.04
10293.0,-5.04
10294.0,-5.04
10295.0,-5.38
10296.0,-5.22
10297.0,-5.06
10298.0,-5.34
10299.0,-5.13
10300.0,-5.03
10301.0,-5.24
10302.0,-5.42
10303.0,-5.08
10304.0,-5.08
10305.0,-5.430000000000001
10306.0,-5.13
10307.0,-5.06
10308.0,-5.22
10309.0,-5.02
10310.0,-5.05
10311.0,-5.12
10312.0,-5.2700000000000005
10313.0,-5.65
10314.0,-5.37
10315.0,-5.03
10316.0,-5.45
10317.0,-5.04
10318.0,-5.25
10319.0,-5.33
10320.0,-5.2700000000000005
10321.0,-5.04
10322.0,-5.05
10323.0,-5.19
10324.0,-5.09
10325.0,-5.11
10326.0,-5.2
10327.0,-5.07
10328.0,-5.12
10329.0,-5.03
10330.0,-5.08
10331.0,-5.34
10332.0,-5.09
10333.0,-5.32
10334.0,-5.470000000000001
10335.0,-5.59
10336.0,-5.3
10337.0,-5.03
10338.0,-5.11
10339.0,-5.02
10340.0,-5.970000000000001
10341.0,-5.75
10342.0,-5.04
10343.0,-5.02
10344.0,-5.05
10345.0,-5.07
10346.0,-5.12
10347.0,-5.08
10348.0,-5.61
10349.0,-5.1
10350.0,-5.14
10351.0,-5.1
10352.0,-5.13
10353.0,-5.02
10354.0,-5.3
10355.0,-5.18
10356.0,-5.02
10357.0,-5.37
10358.0,-5.08
10359.0,-5.18
10360.0,-5.04
10361.0,-5.05
10362.0,-5.11
10363.0,-5.17
10364.0,-5.01
10365.0,-5.57
10366.0,-5.3
10367.0,-5.24
10368.0,-5.34
10369.0,-5.61
10370.0,-5.33
10371.0,-5.26
10372.0,-5.01
10373.0,-5.550000000000001
10374.0,-5.02
10375.0,-5.1
10376.0,-5.390000000000001
10377.0,-5.05
10378.0,-5.22
10379.0,-5.01
10380.0,-5.58
10381.0,-5.06
10382.0,-5.25
10383.0,-5.34
10384.0,-5.02
10385.0,-5.36
10386.0,-5.01
10387.0,-5.470000000000001
10388.0,-5.44
10389.0,-5.3100000000000005
10390.0,-5.67
10391.0,-5.53
10392.0,-5.21
10393.0,-5.07
10394.0,-5.21
10395.0,-5.11
10396.0,-5.29
10397.0,-5.04
10398.0,-5.62
10399.0,-5.4
10400.0,-5.6000000000000005
10401.0,-5.61
10402.0,-5.22
10403.0,-5.13
10404.0,-5.02
10405.0,-5.1
10406.0,-5.24
10407.0,-5.01
10408.0,-5.29
10409.0,-5.3
10410.0,-5.17
10411.0,-5.42
10412.0,-5.04
10413.0,-5.02
10414.0,-5.16
10415.0,-5.14
10416.0,4.159999999999999
10417.0,-5.430000000000001
10418.0,-5.59
10419.0,-5.36
10420.0,-5.3100000000000005
10421.0,-5.49
10422.0,-5.29
10423.0,-5.5
10424.0,-5.01
10425.0,-5.16
10426.0,-5.33
10427.0,-5.550000000000001
10428.0,-5.02
10429.0,-5.2
10430.0,-5.15
10431.0,-5.44
10432.0,-5.66
10433.0,-5.62
10434.0,-5.33
10435.0,-5.83
10436.0,-5.07
10437.0,-5.06
10438.0,-5.01
10439.0,-5.07
10440.0,-5.14
10441.0,-5.19
10442.0,-5.04
10443.0,-5.06
10444.0,-5.24
10445.0,-5.07
10446.0,-5.24
10447.0,-5.2700000000000005
10448.0,-5.790000000000001
10449.0,-5.38
10450.0,-5.1
10451.0,-5.01
10452.0,-5.800000000000001
10453.0,-5.12
10454.0,-5.06
10455.0,-5.3500000000000005
10456.0,-5.01
10457.0,-5.53
10458.0,-5.04
10459.0,-5.25
10460.0,-5.02
10461.0,-5.03
10462.0,-5.23
10463.0,-5.34
10464.0,-5.760000000000001
10465.0,-5.23
10466.0,-5.550000000000001
10467.0,-5.36
10468.0,-5.36
10469.0,-5.98
10470.0,-5.58
10471.0,-5.07
10472.0,-5.22
10473.0,-5.57
10474.0,-5.09
10475.0,-5.05
10476.0,-5.04
10477.0,-5.02
10478.0,-5.3100000000000005
10479.0,-5.3500000000000005
10480.0,-5.800000000000001
10481.0,-5.720000000000001
10482.0,-5.11
10483.0,-5.24
10484.0,-5.03
10485.0,-5.24
10486.0,-5.4
10487.0,-5.02
10488.0,-5.2
10489.0,-5.02
10490.0,-5.49
10491.0,-5.09
10492.0,-5.5
10493.0,-5.03
10494.0,-5.05
10495.0,-5.09
10496.0,-5.05
10497.0,-5.430000000000001
10498.0,-5.03
10499.0,-5.41
10500.0,-5.44
10501.0,-5.08
10502.0,-5.04
10503.0,-5.550000000000001
10504.0,-5.8100000000000005
10505.0,-5.23
10506.0,-5.08
10507.0,-5.34
10508.0,-5.14
10509.0,-5.58
10510.0,-5.02
10511.0,-5.03
10512.0,-5.07
10513.0,-5.38
10514.0,-5.3100000000000005
10515.0,-5.08
10516.0,-5.01
10517.0,-5.34
10518.0,-5.6000000000000005
10519.0,-5.23
10520.0,-5.430000000000001
10521.0,4.3999999999999995
10522.0,-5.29
10523.0,-5.37
10524.0,-5.48
10525.0,-5.37
10526.0,-5.18
10527.0,-5.08
10528.0,-5.04
10529.0,-5.26
10530.0,-5.09
10531.0,-5.04
10532.0,-5.99
10533.0,-5.44
10534.0,-5.08
10535.0,-5.62
10536.0,4.1899999999999995
10537.0,-5.12
10538.0,-5.24
10539.0,-5.05
10540.0,-5.01
10541.0,-5.42
10542.0,-5.06
10543.0,-5.640000000000001
10544.0,-5.790000000000001
10545.0,-5.02
10546.0,-5.61
10547.0,-5.390000000000001
10548.0,-5.4
10549.0,-5.470000000000001
10550.0,-5.05
10551.0,-5.2700000000000005
10552.0,-5.5
10553.0,-5.01
10554.0,-5.45
10555.0,-5.02
10556.0,-5.05
10557.0,-5.07
10558.0,-5.23
10559.0,-5.05
10560.0,-5.02
10561.0,-5.430000000000001
10562.0,-5.15
10563.0,-5.73
10564.0,-5.08
10565.0,-5.3100000000000005
10566.0,-5.59
10567.0,-5.03
10568.0,-5.03
10569.0,-5.09
10570.0,-5.23
10571.0,-5.06
10572.0,-5.06
10573.0,-5.36
10574.0,-5.01
10575.0,-5.23
10576.0,-5.630000000000001
10577.0,-5.01
10578.0,-5.04
10579.0,-5.36
10580.0,-5.37
10581.0,-5.05
10582.0,-5.53
10583.0,-5.13
10584.0,-5.01
10585.0,-5.03
10586.0,-5.02
10587.0,-5.25
10588.0,-5.48
10589.0,-5.11
10590.0,-5.01
10591.0,-5.23
10592.0,-5.09
10593.0,-5.22
10594.0,-5.05
10595.0,-5.05
10596.0,-5.01
10597.0,-5.26
10598.0,-5.18
10599.0,-5.15
10600.0,-5.3100000000000005
10601.0,-5.02
10602.0,-5.37
10603.0,-5.69
10604.0,-5.3100000000000005
10605.0,-5.18
10606.0,-5.29
10607.0,-5.5
10608.0,-5.29
10609.0,-5.3500000000000005
10610.0,-5.38
10611.0,-5.680000000000001
10612.0,-5.06
10613.0,-5.11
10614.0,-5.02
10615.0,-5.3100000000000005
10616.0,-5.11
10617.0,-5.22
10618.0,-5.18
10619.0,-5.5200000000000005
10620.0,-5.23
10621.0,-5.1
10622.0,-5.24
10623.0,-5.720000000000001
10624.0,-5.57
10625.0,-5.5600000000000005
10626.0,-5.54
10627.0,-5.02
10628.0,-5.470000000000001
10629.0,-5.07
10630.0,-5.04
10631.0,-5.29
10632.0,-5.46
10633.0,-5.54
10634.0,-5.04
10635.0,-5.65
10636.0,-5.04
10637.0,-5.02
10638.0,-5.3
10639.0,-5.09
10640.0,-5.36
10641.0,-5.44
10642.0,-5.62
10643.0,-5.02
10644.0,-5.37
10645.0,-5.34
10646.0,-5.05
10647.0,-5.7700000000000005
10648.0,-5.5
10649.0,-5.05
10650.0,-5.08
10651.0,-5.4
10652.0,-5.26
10653.0,-5.8500000000000005
10654.0,-5.08
10655.0,-5.710000000000001
10656.0,-5.26
10657.0,-5.04
10658.0,-5.37
10659.0,-5.3
10660.0,-5.34
10661.0,-5.02
10662.0,-5.04
10663.0,-5.17
10664.0,-5.62
10665.0,-5.3500000000000005
10666.0,-5.33
10667.0,-5.66
10668.0,-5.18
10669.0,-5.44
10670.0,-5.06
10671.0,-5.25
10672.0,-5.03
10673.0,-5.04
10674.0,-5.3100000000000005
10675.0,-5.28
10676.0,-5.3
10677.0,-5.57
10678.0,-5.01
10679.0,-5.21
10680.0,-5.7
10681.0,-5.59
10682.0,-5.430000000000001
10683.0,-5.02
10684.0,-1.0000000000000007
10685.0,-5.3
10686.0,-5.470000000000001
10687.0,-5.62
10688.0,-5.05
10689.0,-5.06
10690.0,-5.66
10691.0,-5.3500000000000005
10692.0,-5.01
10693.0,-5.03
10694.0,-5.04
10695.0,-5.13
10696.0,-5.02
10697.0,-5.54
10698.0,-5.33
10699.0,-5.04
10700.0,-5.05
10701.0,-5.5200000000000005
10702.0,-5.2
10703.0,-5.21
10704.0,-5.59
10705.0,-5.680000000000001
10706.0,-5.22
10707.0,-5.01
10708.0,-5.5200000000000005
10709.0,-5.23
10710.0,-5.3500000000000005
10711.0,-5.3500000000000005
10712.0,-5.44
10713.0,4.17
10714.0,-5.01
10715.0,-5.49
10716.0,-5.08
10717.0,-5.33
10718.0,-5.22
10719.0,-5.550000000000001
10720.0,-5.08
10721.0,-5.08
10722.0,-5.02
10723.0,-5.32
10724.0,-5.05
10725.0,-5.02
10726.0,-5.06
10727.0,-5.26
10728.0,-5.11
10729.0,-5.470000000000001
10730.0,-5.28
10731.0,-5.49
10732.0,-5.17
10733.0,-5.32
10734.0,-5.49
10735.0,-5.29
10736.0,-5.02
10737.0,-5.26
10738.0,-5.33
10739.0,-5.18
10740.0,-5.21
10741.0,-5.21
10742.0,-5.5
10743.0,-5.9
10744.0,-5.26
10745.0,-5.11
10746.0,-5.11
10747.0,-5.28
10748.0,-5.29
10749.0,-5.07
10750.0,-5.6000000000000005
10751.0,-5.430000000000001
10752.0,-5.18
10753.0,-5.44
10754.0,-5.32
10755.0,4.119999999999999
10756.0,-5.28
10757.0,-5.5600000000000005
10758.0,-5.45
10759.0,-5.22
10760.0,-5.02
10761.0,-5.24
10762.0,-5.42
10763.0,-5.21
10764.0,-5.45
10765.0,-5.5200000000000005
10766.0,-5.23
10767.0,-5.12
10768.0,-5.44
10769.0,-5.4
10770.0,-5.840000000000001
10771.0,-5.46
10772.0,-5.01
10773.0,-5.44
10774.0,-5.7
10775.0,-5.390000000000001
10776.0,-5.46
10777.0,-5.17
10778.0,-5.3
10779.0,-5.01
10780.0,-5.390000000000001
10781.0,-5.34
10782.0,-5.23
10783.0,-5.29
10784.0,-5.02
10785.0,-5.06
10786.0,-5.41
10787.0,-5.42
10788.0,-5.05
10789.0,-5.54
10790.0,-5.04
10791.0,-5.45
10792.0,-5.25
10793.0,-5.58
10794.0,-5.02
10795.0,-5.01
10796.0,-5.13
10797.0,-5.5600000000000005
10798.0,-5.28
10799.0,-5.640000000000001
10800.0,-5.08
10801.0,-5.57
10802.0,-5.03
10803.0,-5.45
10804.0,-5.4
10805.0,-5.44
10806.0,-5.1
10807.0,-5.24
10808.0,-5.03
10809.0,4.319999999999999
10810.0,4.239999999999999
10811.0,-5.03
10812.0,-5.390000000000001
10813.0,-5.03
10814.0,-5.69
10815.0,-5.5
10816.0,-5.630000000000001
10817.0,-5.15
10818.0,-5.36
10819.0,-5.28
10820.0,-5.05
10821.0,-5.01
10822.0,-5.04
10823.0,-5.1
10824.0,-5.09
10825.0,-5.2
10826.0,-5.01
10827.0,-5.760000000000001
10828.0,-5.07
10829.0,-5.41
10830.0,-5.01
10831.0,-5.2700000000000005
10832.0,-5.04
10833.0,-5.2
10834.0,-5.18
10835.0,-5.22
10836.0,-5.41
10837.0,-5.66
10838.0,-5.22
10839.0,-5.07
10840.0,-5.02
10841.0,-5.21
10842.0,-5.21
10843.0,-5.01
10844.0,-5.13
10845.0,-5.18
10846.0,-5.28
10847.0,-5.69
10848.0,-5.11
10849.0,-5.16
10850.0,-5.34
10851.0,-5.44
10852.0,-5.48
10853.0,-5.05
10854.0,-5.01
10855.0,-5.550000000000001
10856.0,-5.86
10857.0,-5.48
10858.0,-5.3
10859.0,-5.57
10860.0,4.3999999999999995
10861.0,-5.3
10862.0,-5.24
10863.0,-5.2
10864.0,-5.29
10865.0,-5.59
10866.0,-5.01
10867.0,-5.3
10868.0,4.069999999999999
10869.0,-5.04
10870.0,-5.08
10871.0,-5.33
10872.0,-5.04
10873.0,-5.28
10874.0,-5.05
10875.0,4.06
10876.0,-5.5200000000000005
10877.0,-5.23
10878.0,-5.38
10879.0,-5.15
10880.0,-5.34
10881.0,-5.06
10882.0,-5.06
10883.0,-5.48
10884.0,-5.04
10885.0,4.1899999999999995
10886.0,-5.01
10887.0,-5.59
10888.0,-5.32
10889.0,-5.05
10890.0,-5.32
10891.0,-5.26
10892.0,-5.06
10893.0,-5.65
10894.0,-5.26
10895.0,-5.2
10896.0,-5.11
10897.0,-5.04
10898.0,-5.03
10899.0,-5.02
10900.0,-5.22
10901.0,-5.01
10902.0,-5.45
10903.0,-5.26
10904.0,-5.2
10905.0,-5.3100000000000005
10906.0,-5.05
10907.0,-1.0000000000000007
10908.0,-5.01
10909.0,-5.09
10910.0,-5.06
10911.0,-5.07
10912.0,-5.3
10913.0,-5.05
10914.0,-5.49
10915.0,-5.07
10916.0,-5.38
10917.0,-5.640000000000001
10918.0,-5.12
10919.0,-5.54
10920.0,-5.04
10921.0,-5.38
10922.0,-5.14
10923.0,-5.02
10924.0,-5.45
10925.0,-5.5600000000000005
10926.0,-5.550000000000001
10927.0,-5.04
10928.0,-5.19
10929.0,-5.03
10930.0,-5.19
10931.0,-5.08
10932.0,-5.04
10933.0,-5.3
10934.0,-5.32
10935.0,-5.01
10936.0,-5.05
10937.0,-5.03
10938.0,-5.06
10939.0,-5.42
10940.0,-5.06
10941.0,-5.01
10942.0,-5.3100000000000005
10943.0,-5.1
10944.0,-5.4
10945.0,-5.3
10946.0,-5.06
10947.0,-5.08
10948.0,-5.54
10949.0,-5.08
10950.0,-5.03
10951.0,-5.11
10952.0,-5.1
10953.0,-5.06
10954.0,-5.26
10955.0,-5.390000000000001
10956.0,-5.04
10957.0,-5.03
10958.0,-5.46
10959.0,-5.550000000000001
10960.0,-5.03
10961.0,-5.26
10962.0,-5.24
10963.0,-5.26
10964.0,-5.01
10965.0,-5.36
10966.0,-5.550000000000001
10967.0,-5.430000000000001
10968.0,-5.02
10969.0,-5.5
10970.0,-5.32
10971.0,-5.01
10972.0,-5.06
10973.0,-5.05
10974.0,-5.02
10975.0,-5.01
10976.0,-5.44
10977.0,-5.01
10978.0,-5.02
10979.0,-5.12
10980.0,-5.65
10981.0,-5.38
10982.0,-5.12
10983.0,-5.02
10984.0,-5.5200000000000005
10985.0,-5.02
10986.0,-5.14
10987.0,-5.07
10988.0,-5.01
10989.0,-5.2700000000000005
10990.0,-5.430000000000001
10991.0,-5.13
10992.0,-5.01
10993.0,-5.02
10994.0,-5.01
10995.0,-5.3100000000000005
10996.0,-5.550000000000001
10997.0,-5.04
10998.0,-5.41
10999.0,-5.7
11000.0,-5.32
11001.0,-5.12
11002.0,-5.3100000000000005
11003.0,-5.04
11004.0,-5.07
11005.0,-5.13
11006.0,-5.390000000000001
11007.0,-5.07
11008.0,-5.2
11009.0,4.239999999999999
11010.0,-5.3
11011.0,-5.09
11012.0,-5.23
11013.0,-5.03
11014.0,-5.09
11015.0,-5.15
11016.0,-5.13
11017.0,-5.15
11018.0,-5.19
11019.0,-5.11
11020.0,-5.04
11021.0,-5.04
11022.0,-5.5
11023.0,-5.08
11024.0,-5.3
11025.0,-5.09
11026.0,-5.2700000000000005
11027.0,-5.32
11028.0,-5.2
11029.0,-5.470000000000001
11030.0,-5.22
11031.0,-5.470000000000001
11032.0,-5.24
11033.0,-5.01
11034.0,-5.2
11035.0,-5.38
11036.0,-5.3500000000000005
11037.0,-5.6000000000000005
11038.0,-5.16
11039.0,-5.16
11040.0,-5.18
11041.0,-5.16
11042.0,-5.17
11043.0,4.069999999999999
11044.0,-5.05
11045.0,-5.36
11046.0,-5.05
11047.0,-5.49
11048.0,-5.05
11049.0,-5.6000000000000005
11050.0,-5.08
11051.0,-5.840000000000001
11052.0,-5.33
11053.0,-5.3100000000000005
11054.0,-5.17
11055.0,-5.09
11056.0,-5.33
11057.0,-5.07
11058.0,-5.44
11059.0,-5.5
11060.0,4.319999999999999
11061.0,-5.42
11062.0,-5.23
11063.0,-5.32
11064.0,-5.46
11065.0,-5.22
11066.0,-5.2700000000000005
11067.0,-5.03
11068.0,-5.61
11069.0,-5.65
11070.0,-5.22
11071.0,-5.74
11072.0,-5.12
11073.0,-5.3100000000000005
11074.0,-5.24
11075.0,-5.91
11076.0,-5.34
11077.0,-5.99
11078.0,-5.01
11079.0,-5.25
11080.0,-5.04
11081.0,-5.470000000000001
11082.0,-5.430000000000001
11083.0,-5.12
11084.0,-1.0000000000000007
11085.0,-5.53
11086.0,-5.01
11087.0,-5.33
11088.0,-5.07
11089.0,-5.22
11090.0,-5.45
11091.0,-5.02
11092.0,4.41
11093.0,-5.01
11094.0,-5.03
11095.0,-5.2700000000000005
11096.0,-5.41
11097.0,-5.01
11098.0,-5.02
11099.0,-5.640000000000001
11100.0,-5.29
11101.0,-5.45
11102.0,-5.06
11103.0,-5.3500000000000005
11104.0,-5.07
11105.0,-5.430000000000001
11106.0,-5.38
11107.0,-5.01
11108.0,-5.32
11109.0,-5.04
11110.0,-5.09
11111.0,-5.34
11112.0,-5.51
11113.0,-5.13
11114.0,-5.18
11115.0,-5.73
11116.0,-5.3500000000000005
11117.0,-5.05
11118.0,-1.0000000000000007
11119.0,-5.3500000000000005
11120.0,-5.34
11121.0,-5.02
11122.0,-5.05
11123.0,-5.24
11124.0,-5.13
11125.0,-5.25
11126.0,-5.01
11127.0,-5.01
11128.0,-5.29
11129.0,-5.34
11130.0,-5.19
11131.0,-5.05
11132.0,-5.22
11133.0,-5.390000000000001
11134.0,-5.3100000000000005
11135.0,-5.09
11136.0,-5.01
11137.0,-5.37
11138.0,-5.6000000000000005
11139.0,-5.04
11140.0,-5.11
11141.0,-5.06
11142.0,-5.02
11143.0,-5.32
11144.0,-5.04
11145.0,-5.02
11146.0,-5.28
11147.0,-5.62
11148.0,-5.09
11149.0,-5.75
11150.0,-5.12
11151.0,-5.03
11152.0,-5.34
11153.0,-5.630000000000001
11154.0,-5.02
11155.0,-5.07
11156.0,4.27
11157.0,-5.07
11158.0,-5.390000000000001
11159.0,-5.4
11160.0,-5.01
11161.0,-5.05
11162.0,-5.2700000000000005
11163.0,4.1499999999999995
11164.0,-5.34
11165.0,-5.41
11166.0,-5.04
11167.0,-5.24
11168.0,-5.3100000000000005
11169.0,-5.2700000000000005
11170.0,-5.21
11171.0,-5.49
11172.0,-5.18
11173.0,-5.06
11174.0,-5.390000000000001
11175.0,-5.29
11176.0,-5.02
11177.0,-5.58
11178.0,-5.720000000000001
11179.0,-5.2700000000000005
11180.0,-5.33
11181.0,-1.0000000000000007
11182.0,-5.59
11183.0,-5.07
11184.0,-5.23
11185.0,-5.19
11186.0,-5.33
11187.0,4.289999999999999
11188.0,-5.19
11189.0,-5.04
11190.0,-5.19
11191.0,-5.6000000000000005
11192.0,-5.01
11193.0,-5.02
11194.0,-5.470000000000001
11195.0,-5.04
11196.0,-5.18
11197.0,-5.38
11198.0,-5.2700000000000005
11199.0,-5.04
11200.0,-5.05
11201.0,-5.18
11202.0,-5.470000000000001
11203.0,-5.02
11204.0,-5.23
11205.0,-5.02
11206.0,-1.0000000000000007
11207.0,-5.34
11208.0,-5.11
11209.0,-5.890000000000001
11210.0,-5.08
11211.0,-5.45
11212.0,-5.24
11213.0,-5.69
11214.0,-5.3100000000000005
11215.0,-5.36
11216.0,-5.32
11217.0,-5.46
11218.0,-5.06
11219.0,4.17
11220.0,-5.06
11221.0,-5.08
11222.0,-5.06
11223.0,-5.73
11224.0,-5.2700000000000005
11225.0,-5.07
11226.0,-5.11
11227.0,-5.02
11228.0,-5.01
11229.0,-5.390000000000001
11230.0,-5.34
11231.0,-5.38
11232.0,4.069999999999999
11233.0,-5.51
11234.0,-5.41
11235.0,-5.36
11236.0,-5.03
11237.0,-5.2700000000000005
11238.0,-5.5600000000000005
11239.0,-5.24
11240.0,4.22
11241.0,-5.03
11242.0,-5.41
11243.0,-5.21
11244.0,-5.24
11245.0,-5.1
11246.0,-5.21
11247.0,-5.720000000000001
11248.0,-5.69
11249.0,-5.51
11250.0,-5.01
11251.0,-5.06
11252.0,-5.5600000000000005
11253.0,-5.02
11254.0,-5.14
11255.0,-5.630000000000001
11256.0,-5.46
11257.0,-5.28
11258.0,-5.32
11259.0,-5.16
11260.0,-5.04
11261.0,-5.28
11262.0,-1.0000000000000007
11263.0,-5.4
11264.0,-5.33
11265.0,-5.06
11266.0,-5.28
11267.0,-5.01
11268.0,-5.37
11269.0,-5.06
11270.0,4.26
11271.0,-5.01
11272.0,-5.19
11273.0,-5.1
11274.0,-5.13
11275.0,-5.54
11276.0,-5.32
11277.0,-5.02
11278.0,-5.07
11279.0,-5.73
11280.0,-5.01
11281.0,-5.1
11282.0,-5.38
11283.0,-5.32
11284.0,-5.33
11285.0,-5.44
11286.0,-5.2
11287.0,-5.12
11288.0,-5.24
11289.0,-5.06
11290.0,-5.48
11291.0,-5.01
11292.0,-5.01
11293.0,4.239999999999999
11294.0,-5.02
11295.0,-5.54
11296.0,-5.02
11297.0,-5.01
11298.0,-5.02
11299.0,-5.800000000000001
11300.0,-1.0000000000000007
11301.0,-5.03
11302.0,-5.01
11303.0,-5.62
11304.0,-5.07
11305.0,-5.21
11306.0,-5.12
11307.0,-5.2700000000000005
11308.0,-5.11
11309.0,-5.06
11310.0,-5.42
11311.0,-5.08
11312.0,-5.53
11313.0,-5.01
11314.0,-5.14
11315.0,-5.5
11316.0,-5.38
11317.0,-5.48
11318.0,-5.29
11319.0,-5.02
11320.0,-5.29
11321.0,-5.54
11322.0,-5.07
11323.0,-5.08
11324.0,-5.04
11325.0,-5.74
11326.0,4.33
11327.0,-5.1
11328.0,4.26
11329.0,-5.19
11330.0,4.34
11331.0,-5.22
11332.0,-5.2700000000000005
11333.0,-5.03
11334.0,-5.13
11335.0,-5.24
11336.0,4.159999999999999
11337.0,-5.15
11338.0,-5.05
11339.0,-5.67
11340.0,-5.630000000000001
11341.0,-5.21
11342.0,-5.07
11343.0,-5.680000000000001
11344.0,-5.26
11345.0,-5.03
11346.0,-5.01
11347.0,-5.04
11348.0,-5.29
11349.0,-5.630000000000001
11350.0,-5.16
11351.0,4.14
11352.0,-5.880000000000001
11353.0,-5.24
11354.0,-5.15
11355.0,-5.12
11356.0,-5.62
11357.0,-5.02
11358.0,-5.53
11359.0,-5.02
11360.0,4.1
11361.0,-5.13
11362.0,-5.3100000000000005
11363.0,-5.26
11364.0,-5.08
11365.0,-5.86
11366.0,-5.01
11367.0,-1.0000000000000007
11368.0,-5.25
11369.0,-5.3
11370.0,-1.0000000000000007
11371.0,-5.51
11372.0,-5.32
11373.0,-5.61
11374.0,-5.05
11375.0,-5.07
11376.0,4.129999999999999
11377.0,-5.37
11378.0,-5.21
11379.0,4.25
11380.0,-5.74
11381.0,-5.3100000000000005
11382.0,-5.23
11383.0,-1.0000000000000007
11384.0,4.079999999999999
11385.0,4.31
11386.0,-5.69
11387.0,-5.07
11388.0,-5.03
11389.0,-5.21
11390.0,-5.46
11391.0,-5.05
11392.0,-5.91
11393.0,-5.3500000000000005
11394.0,-5.2
11395.0,-5.06
11396.0,-5.04
11397.0,-1.0000000000000007
11398.0,-5.28
11399.0,-5.03
11400.0,-5.26
11401.0,-5.2
11402.0,-5.08
11403.0,4.26
11404.0,-5.51
11405.0,4.049999999999999
11406.0,-5.2
11407.0,-5.74
11408.0,-5.02
11409.0,-5.03
11410.0,-5.05
11411.0,-5.06
11412.0,-5.720000000000001
11413.0,-5.46
11414.0,-1.0000000000000007
11415.0,-5.680000000000001
11416.0,-5.66
11417.0,-1.0000000000000007
11418.0,4.17
11419.0,-5.02
11420.0,4.319999999999999
11421.0,-5.6000000000000005
11422.0,-5.54
11423.0,-5.46
11424.0,-5.78
11425.0,-5.62
11426.0,-5.26
11427.0,-5.23
11428.0,-5.790000000000001
11429.0,-5.04
11430.0,-5.44
11431.0,-5.22
11432.0,4.109999999999999
11433.0,-5.03
11434.0,4.41
11435.0,-5.34
11436.0,-5.4
11437.0,4.22
11438.0,-5.02
11439.0,-5.03
11440.0,-5.24
11441.0,-1.0000000000000007
11442.0,-5.06
11443.0,-5.5600000000000005
11444.0,-5.550000000000001
11445.0,-5.06
11446.0,4.159999999999999
11447.0,-5.19
11448.0,-5.45
11449.0,-5.02
11450.0,4.199999999999999
11451.0,-5.04
11452.0,-5.03
11453.0,-5.53
11454.0,-5.04
11455.0,-5.21
11456.0,-5.08
11457.0,-5.04
11458.0,4.3
11459.0,-5.58
11460.0,-5.09
11461.0,-5.45
11462.0,-5.65
11463.0,4.369999999999999
11464.0,-5.25
11465.0,-5.02
11466.0,-5.02
11467.0,-5.44
11468.0,-5.24
11469.0,-5.02
11470.0,4.18
11471.0,-5.57
11472.0,-5.06
11473.0,-5.01
11474.0,-5.23
11475.0,-5.02
11476.0,-5.07
11477.0,-1.0000000000000007
11478.0,-5.01
11479.0,-5.44
11480.0,-5.02
11481.0,-5.94
11482.0,-5.28
11483.0,-5.08
11484.0,-5.44
11485.0,-1.0000000000000007
11486.0,4.209999999999999
11487.0,4.1899999999999995
11488.0,4.14
11489.0,-5.06
11490.0,-5.01
11491.0,-5.59
11492.0,-5.03
11493.0,-5.11
11494.0,-5.5600000000000005
11495.0,-5.08
11496.0,4.34
11497.0,-5.26
11498.0,-5.11
11499.0,4.3
11500.0,-5.36
11501.0,4.39
11502.0,-5.01
11503.0,-5.15
11504.0,4.27
11505.0,-5.1
11506.0,-5.01
11507.0,-5.22
11508.0,-5.630000000000001
11509.0,4.039999999999999
11510.0,-5.05
11511.0,-5.18
11512.0,-5.36
11513.0,-5.36
11514.0,-5.18
11515.0,-5.02
11516.0,-5.02
11517.0,-5.21
11518.0,-5.59
11519.0,-1.0000000000000007
11520.0,-5.03
11521.0,-5.17
11522.0,-5.34
11523.0,-5.02
11524.0,-5.07
11525.0,-5.16
11526.0,-5.02
11527.0,-5.07
11528.0,-1.0000000000000007
11529.0,-5.57
11530.0,-5.22
11531.0,-5.04
11532.0,-5.34
11533.0,4.029999999999999
11534.0,-5.03
11535.0,-5.06
11536.0,-5.05
11537.0,-5.2
11538.0,-5.02
11539.0,-5.04
11540.0,-5.790000000000001
11541.0,-5.6000000000000005
11542.0,-5.26
11543.0,-5.02
11544.0,-5.04
11545.0,-5.53
11546.0,-5.05
11547.0,-5.04
11548.0,4.25
11549.0,-5.08
11550.0,-5.26
11551.0,-5.28
11552.0,-5.46
11553.0,-5.03
11554.0,-5.02
11555.0,-5.02
11556.0,-5.11
11557.0,-5.760000000000001
11558.0,-5.01
11559.0,-5.62
11560.0,-5.3
11561.0,-5.04
11562.0,-5.03
11563.0,-5.34
11564.0,-5.17
11565.0,-5.22
11566.0,-5.48
11567.0,4.35
11568.0,-5.720000000000001
11569.0,-1.0000000000000007
11570.0,-5.48
11571.0,-5.03
11572.0,-5.03
11573.0,-5.11
11574.0,-5.390000000000001
11575.0,-5.23
11576.0,-5.98
11577.0,-5.18
11578.0,4.209999999999999
11579.0,4.209999999999999
11580.0,4.279999999999999
11581.0,-5.04
11582.0,4.3
11583.0,-5.08
11584.0,-5.640000000000001
11585.0,-5.02
11586.0,-5.800000000000001
11587.0,-5.02
11588.0,-5.37
11589.0,-5.29
11590.0,-5.05
11591.0,-5.05
11592.0,-5.29
11593.0,-5.960000000000001
11594.0,4.54
11595.0,-5.6000000000000005
11596.0,-5.06
11597.0,4.359999999999999
11598.0,-5.11
11599.0,-5.49
11600.0,-5.2700000000000005
11601.0,-5.33
11602.0,-5.06
11603.0,-5.41
11604.0,4.1499999999999995
11605.0,-5.430000000000001
11606.0,-5.99
11607.0,-5.41
11608.0,-5.03
11609.0,-5.11
11610.0,-5.12
11611.0,-5.32
11612.0,-5.28
11613.0,-5.51
11614.0,4.2299999999999995
11615.0,-5.48
11616.0,-5.08
11617.0,-5.37
11618.0,-5.46
11619.0,-5.01
11620.0,-5.14
11621.0,-5.06
11622.0,-5.430000000000001
11623.0,-5.01
11624.0,-5.3
11625.0,-5.03
11626.0,-5.04
11627.0,4.5
11628.0,-5.49
11629.0,-5.02
11630.0,-5.02
11631.0,4.359999999999999
11632.0,4.41
11633.0,-5.21
11634.0,-5.26
11635.0,-5.03
11636.0,4.239999999999999
11637.0,-5.01
11638.0,-5.03
11639.0,-5.24
11640.0,-5.73
11641.0,-5.22
11642.0,-5.5200000000000005
11643.0,-1.0000000000000007
11644.0,-5.01
11645.0,-5.03
11646.0,-5.550000000000001
11647.0,-5.02
11648.0,-5.49
11649.0,-5.5600000000000005
11650.0,-5.01
11651.0,-5.760000000000001
11652.0,-5.01
11653.0,-5.390000000000001
11654.0,-5.01
11655.0,-5.710000000000001
11656.0,-5.04
11657.0,-5.02
11658.0,-5.25
11659.0,4.369999999999999
11660.0,-5.42
11661.0,-5.28
11662.0,-5.28
11663.0,-5.15
11664.0,-5.12
11665.0,4.359999999999999
11666.0,-5.41
11667.0,-5.04
11668.0,-5.01
11669.0,-5.960000000000001
11670.0,-5.02
11671.0,-5.06
11672.0,-5.34
11673.0,-5.03
11674.0,-5.07
11675.0,-5.09
11676.0,-5.33
11677.0,-5.37
11678.0,4.43
11679.0,-5.66
11680.0,-5.01
11681.0,-5.1
11682.0,-5.02
11683.0,-5.03
11684.0,-5.05
11685.0,-5.54
11686.0,-5.24
11687.0,-5.05
11688.0,-5.12
11689.0,-5.25
11690.0,-5.03
11691.0,-5.11
11692.0,-5.61
11693.0,-5.04
11694.0,-5.01
11695.0,-5.04
11696.0,-5.11
11697.0,-5.57
11698.0,-5.01
11699.0,-5.01
11700.0,-5.04
11701.0,-5.550000000000001
11702.0,-5.01
11703.0,-5.800000000000001
11704.0,-5.06
11705.0,-5.58
11706.0,-5.640000000000001
11707.0,-5.02
11708.0,-5.14
11709.0,-5.91
11710.0,-5.5200000000000005
11711.0,-5.28
11712.0,-5.06
11713.0,-5.13
11714.0,-5.73
11715.0,-5.01
11716.0,-5.550000000000001
11717.0,-5.03
11718.0,4.1899999999999995
11719.0,-5.01
11720.0,-5.75
11721.0,-5.37
11722.0,-5.04
11723.0,-5.01
11724.0,-5.03
11725.0,4.3
11726.0,4.159999999999999
11727.0,4.129999999999999
11728.0,4.159999999999999
11729.0,-5.07
11730.0,-5.02
11731.0,-5.3100000000000005
11732.0,-5.62
11733.0,-5.5200000000000005
11734.0,-5.86
11735.0,4.39
11736.0,4.3999999999999995
11737.0,-5.03
11738.0,-5.06
11739.0,-5.07
11740.0,-5.03
11741.0,-5.02
11742.0,-5.58
11743.0,-5.640000000000001
11744.0,4.26
11745.0,-5.3100000000000005
11746.0,4.159999999999999
11747.0,-5.05
11748.0,-5.01
11749.0,-5.05
11750.0,-5.01
11751.0,4.01
11752.0,-5.02
11753.0,-5.02
11754.0,4.01
11755.0,-5.760000000000001
11756.0,-5.14
11757.0,-5.7
11758.0,-1.0000000000000007
11759.0,-5.04
11760.0,-5.13
11761.0,-5.19
11762.0,-5.04
11763.0,-5.23
11764.0,4.06
11765.0,-5.550000000000001
11766.0,-5.32
11767.0,-5.11
11768.0,-5.11
11769.0,4.25
11770.0,4.35
11771.0,4.109999999999999
11772.0,-5.02
11773.0,-5.03
11774.0,-5.08
11775.0,-5.02
11776.0,-5.02
11777.0,-5.61
11778.0,-5.19
11779.0,-5.720000000000001
11780.0,-5.01
11781.0,-5.28
11782.0,-5.36
11783.0,-5.5
11784.0,-5.2
11785.0,-5.550000000000001
11786.0,-5.28
11787.0,-5.01
11788.0,-5.04
11789.0,-5.2700000000000005
11790.0,-5.44
11791.0,-5.08
11792.0,-5.01
11793.0,-5.32
11794.0,-5.02
11795.0,-5.06
11796.0,-5.03
11797.0,-5.01
11798.0,4.43
11799.0,-5.06
11800.0,-5.48
11801.0,-5.06
11802.0,-5.02
11803.0,-5.02
11804.0,-5.66
11805.0,4.289999999999999
11806.0,4.26
11807.0,4.3
11808.0,-5.09
11809.0,-5.01
11810.0,-5.06
11811.0,-5.02
11812.0,-5.04
11813.0,-5.04
11814.0,-5.69
11815.0,-5.03
11816.0,-5.01
11817.0,4.17
11818.0,-5.01
11819.0,-5.02
11820.0,-5.04
11821.0,-5.3
11822.0,-5.11
11823.0,4.449999999999999
11824.0,-5.05
11825.0,-1.0000000000000007
11826.0,-5.5
11827.0,-5.09
11828.0,-5.02
11829.0,-5.53
11830.0,-5.41
11831.0,-5.06
11832.0,-5.02
11833.0,-5.57
11834.0,-5.04
11835.0,4.3
11836.0,-5.9
11837.0,-5.28
11838.0,-5.33
11839.0,-5.38
11840.0,-5.02
11841.0,-5.02
11842.0,-5.2
11843.0,-5.04
11844.0,-5.04
11845.0,-5.21
11846.0,-5.04
11847.0,-5.21
11848.0,-5.02
11849.0,-5.1
11850.0,-5.15
11851.0,-5.06
11852.0,-5.03
11853.0,-5.48
11854.0,-5.06
11855.0,-5.83
11856.0,-5.04
11857.0,-5.33
11858.0,-5.03
11859.0,-5.02
11860.0,-5.01
11861.0,-5.16
11862.0,-5.08
11863.0,-5.06
11864.0,-5.42
11865.0,-5.1
11866.0,4.4399999999999995
11867.0,-5.22
11868.0,-1.0000000000000007
11869.0,-5.01
11870.0,-5.15
11871.0,-5.16
11872.0,-5.12
11873.0,-5.01
11874.0,-5.24
11875.0,-5.14
11876.0,-5.74
11877.0,-5.02
11878.0,-5.06
11879.0,-5.5600000000000005
11880.0,-5.02
11881.0,-5.01
11882.0,-5.22
11883.0,-5.01
11884.0,-5.03
11885.0,-5.01
11886.0,-5.02
11887.0,-5.66
11888.0,-5.04
11889.0,-5.01
11890.0,-5.05
11891.0,-5.01
11892.0,-5.02
11893.0,-5.02
11894.0,-5.34
11895.0,-5.6000000000000005
11896.0,-5.29
11897.0,-5.02
11898.0,-5.2
11899.0,-5.02
11900.0,-5.32
11901.0,-5.49
11902.0,-5.02
11903.0,-5.2
11904.0,-5.1
11905.0,4.209999999999999
11906.0,-5.05
11907.0,4.199999999999999
11908.0,-5.73
11909.0,-5.82
11910.0,-5.04
11911.0,-5.02
11912.0,-5.550000000000001
11913.0,-5.54
11914.0,-5.01
11915.0,-5.04
11916.0,-5.06
11917.0,-5.06
11918.0,-5.34
11919.0,-5.01
11920.0,-5.02
11921.0,-5.6000000000000005
11922.0,-5.25
11923.0,-5.390000000000001
11924.0,-5.13
11925.0,-5.04
11926.0,-5.02
11927.0,-5.22
11928.0,4.039999999999999
11929.0,-5.18
11930.0,-5.03
11931.0,-5.75
11932.0,-5.82
11933.0,-5.2700000000000005
11934.0,-5.880000000000001
11935.0,-5.22
11936.0,4.1899999999999995
11937.0,-5.02
11938.0,-5.03
11939.0,-1.0000000000000007
11940.0,-5.22
11941.0,-5.66
11942.0,-5.01
11943.0,-5.59
11944.0,-5.02
11945.0,4.119999999999999
11946.0,-5.1
11947.0,-5.14
11948.0,-5.01
11949.0,-5.06
11950.0,-5.08
11951.0,-5.800000000000001
11952.0,-5.950000000000001
11953.0,-5.62
11954.0,-5.09
11955.0,-5.6000000000000005
11956.0,-5.3100000000000005
11957.0,-5.07
11958.0,-5.390000000000001
11959.0,-5.09
11960.0,-5.2700000000000005
11961.0,4.26
11962.0,-5.51
11963.0,-5.53
11964.0,-5.04
11965.0,-5.11
11966.0,4.31
11967.0,-5.2700000000000005
11968.0,-5.03
11969.0,-5.01
11970.0,-5.03
11971.0,-5.09
11972.0,-5.01
11973.0,-5.06
11974.0,-5.45
11975.0,-5.1
11976.0,-5.04
11977.0,-5.42
11978.0,-5.2700000000000005
11979.0,4.25
11980.0,-1.0000000000000007
11981.0,-5.18
11982.0,-5.09
11983.0,4.41
11984.0,-5.03
11985.0,-5.24
11986.0,-5.01
11987.0,-5.26
11988.0,4.09
11989.0,-5.7700000000000005
11990.0,-5.02
11991.0,-5.07
11992.0,-5.02
11993.0,-5.14
11994.0,-5.5600000000000005
11995.0,-5.67
11996.0,-5.53
11997.0,-5.48
11998.0,-5.7
11999.0,-5.8500000000000005
12000.0,-5.01
12001.0,4.52
12002.0,-5.01
12003.0,-5.12
12004.0,-5.65
12005.0,-5.59
12006.0,-5.07
12007.0,-5.37
12008.0,-5.07
12009.0,-5.18
12010.0,-5.6000000000000005
12011.0,-5.14
12012.0,-5.640000000000001
12013.0,-5.2
12014.0,-5.46
12015.0,-1.0000000000000007
12016.0,-5.21
12017.0,-5.6000000000000005
12018.0,-5.1
12019.0,-5.03
12020.0,-5.7
12021.0,-5.11
12022.0,-5.01
12023.0,4.22
12024.0,-5.44
12025.0,-5.03
12026.0,-5.09
12027.0,-5.03
12028.0,-5.58
12029.0,-5.02
12030.0,4.22
12031.0,-5.14
12032.0,-5.02
12033.0,-5.01
12034.0,-5.710000000000001
12035.0,4.09
12036.0,-5.01
12037.0,-5.6000000000000005
12038.0,-5.13
12039.0,-5.14
12040.0,-1.0000000000000007
12041.0,-5.19
12042.0,-5.1
12043.0,-5.07
12044.0,-5.550000000000001
12045.0,-5.470000000000001
12046.0,-5.06
12047.0,-5.01
12048.0,4.3
12049.0,-5.24
12050.0,-5.67
12051.0,-5.3
12052.0,-5.7
12053.0,-5.840000000000001
12054.0,-5.5
12055.0,-5.04
12056.0,-5.03
12057.0,4.049999999999999
12058.0,-5.2700000000000005
12059.0,-5.02
12060.0,-5.640000000000001
12061.0,-5.01
12062.0,-5.25
12063.0,-5.760000000000001
12064.0,-5.2
12065.0,-5.5200000000000005
12066.0,-5.22
12067.0,-5.49
12068.0,-5.680000000000001
12069.0,-5.6000000000000005
12070.0,-5.3100000000000005
12071.0,-5.25
12072.0,-5.42
12073.0,-5.2
12074.0,-5.26
12075.0,-5.02
12076.0,-5.02
12077.0,-5.4
12078.0,-5.24
12079.0,-5.02
12080.0,-5.21
12081.0,-5.05
12082.0,-5.04
12083.0,-5.48
12084.0,4.34
12085.0,4.2299999999999995
12086.0,-5.01
12087.0,-5.05
12088.0,-5.3500000000000005
12089.0,-5.46
12090.0,4.27
12091.0,-5.01
12092.0,-5.02
12093.0,-5.01
12094.0,-5.03
12095.0,-5.08
12096.0,-5.34
12097.0,-5.04
12098.0,-5.02
12099.0,4.38
12100.0,-5.8100000000000005
12101.0,-5.04
12102.0,-5.04
12103.0,-5.04
12104.0,4.06
12105.0,-5.08
12106.0,-5.13
12107.0,-5.430000000000001
12108.0,-5.23
12109.0,-5.02
12110.0,-5.06
12111.0,-5.04
12112.0,-5.04
12113.0,-5.01
12114.0,-5.01
12115.0,-5.26
12116.0,4.25
12117.0,-5.19
12118.0,-5.04
12119.0,-5.02
12120.0,-5.390000000000001
12121.0,4.369999999999999
12122.0,4.39
12123.0,-5.02
12124.0,4.02
12125.0,-5.03
12126.0,4.22
12127.0,-5.06
12128.0,-1.0000000000000007
12129.0,-5.29
12130.0,-5.14
12131.0,-5.19
12132.0,4.31
12133.0,-5.38
12134.0,-5.14
12135.0,-5.05
12136.0,-5.08
12137.0,-5.03
12138.0,4.17
12139.0,-5.42
12140.0,-5.78
12141.0,-5.06
12142.0,-5.33
12143.0,-5.21
12144.0,-5.03
12145.0,-5.07
12146.0,4.27
12147.0,-5.21
12148.0,-5.07
12149.0,-5.01
12150.0,-5.06
12151.0,-5.32
12152.0,-5.01
12153.0,-5.02
12154.0,-5.04
12155.0,4.02
12156.0,-5.61
12157.0,-5.470000000000001
12158.0,-5.33
12159.0,-5.05
12160.0,4.289999999999999
12161.0,4.069999999999999
12162.0,-5.44
12163.0,4.06
12164.0,-5.02
12165.0,-5.5
12166.0,-5.870000000000001
12167.0,-5.1
12168.0,-5.36
12169.0,-5.01
12170.0,-5.01
12171.0,-5.14
12172.0,-5.25
12173.0,-5.3
12174.0,-5.33
12175.0,-5.29
12176.0,-5.3500000000000005
12177.0,-5.01
12178.0,-5.23
12179.0,-5.470000000000001
12180.0,-5.02
12181.0,-5.390000000000001
12182.0,-5.16
12183.0,-5.13
12184.0,-5.03
12185.0,-5.02
12186.0,-5.2700000000000005
12187.0,-5.17
12188.0,-5.02
12189.0,-5.16
12190.0,-5.02
12191.0,-5.640000000000001
12192.0,-5.08
12193.0,-5.74
12194.0,-5.5600000000000005
12195.0,-5.19
12196.0,-5.02
12197.0,-5.02
12198.0,-5.02
12199.0,-5.11
12200.0,-5.34
12201.0,-5.01
12202.0,-5.02
12203.0,-5.34
12204.0,-5.02
12205.0,-5.37
12206.0,-5.44
12207.0,-5.07
12208.0,-5.91
12209.0,-5.53
12210.0,4.3999999999999995
12211.0,-5.19
12212.0,-5.25
12213.0,-5.37
12214.0,-5.37
12215.0,-5.02
12216.0,-5.73
12217.0,-5.12
12218.0,-5.02
12219.0,-5.04
12220.0,4.2299999999999995
12221.0,-5.03
12222.0,-5.06
12223.0,-5.02
12224.0,-5.58
12225.0,-5.2
12226.0,-5.05
12227.0,-5.02
12228.0,4.33
12229.0,-5.75
12230.0,-5.01
12231.0,-5.32
12232.0,-5.5600000000000005
12233.0,-5.65
12234.0,-5.01
12235.0,-5.21
12236.0,-5.07
12237.0,-5.680000000000001
12238.0,-1.0000000000000007
12239.0,-5.08
12240.0,-5.02
12241.0,-5.38
12242.0,-5.680000000000001
12243.0,-5.24
12244.0,-5.05
12245.0,-5.24
12246.0,-5.04
12247.0,-5.13
12248.0,-5.02
12249.0,-5.07
12250.0,-5.14
12251.0,-5.22
12252.0,-5.17
12253.0,-5.3
12254.0,-5.04
12255.0,4.27
12256.0,4.359999999999999
12257.0,-5.430000000000001
12258.0,-5.08
12259.0,-5.44
12260.0,4.1499999999999995
12261.0,-5.05
12262.0,-5.02
12263.0,4.319999999999999
12264.0,-5.03
12265.0,-5.02
12266.0,-5.1
12267.0,-5.42
12268.0,-5.74
12269.0,-5.04
12270.0,-5.12
12271.0,-5.66
12272.0,-5.08
12273.0,-5.41
12274.0,-5.11
12275.0,4.2299999999999995
12276.0,-5.29
12277.0,-5.58
12278.0,-5.03
12279.0,-5.33
12280.0,-5.02
12281.0,-5.01
12282.0,-5.08
12283.0,-5.18
12284.0,-5.11
12285.0,-5.01
12286.0,-5.05
12287.0,4.289999999999999
12288.0,-5.54
12289.0,-5.5200000000000005
12290.0,-5.04
12291.0,-5.880000000000001
12292.0,-5.14
12293.0,-5.44
12294.0,-5.430000000000001
12295.0,-5.78
12296.0,-5.29
12297.0,4.3
12298.0,4.42
12299.0,-5.02
12300.0,-5.24
12301.0,-5.33
12302.0,-5.03
12303.0,-5.16
12304.0,-5.74
12305.0,-5.01
12306.0,-5.48
12307.0,-5.04
12308.0,-5.02
12309.0,-5.54
12310.0,-5.21
12311.0,-5.02
12312.0,-5.02
12313.0,-5.05
12314.0,-5.48
12315.0,-5.840000000000001
12316.0,4.26
12317.0,-5.04
12318.0,4.31
12319.0,-5.710000000000001
12320.0,-5.36
12321.0,4.39
12322.0,-5.59
12323.0,-5.02
12324.0,-5.1
12325.0,-5.33
12326.0,-5.09
12327.0,-5.41
12328.0,-5.19
12329.0,-5.04
12330.0,-5.57
12331.0,-5.470000000000001
12332.0,-5.02
12333.0,-5.12
12334.0,-5.02
12335.0,-5.45
12336.0,-5.02
12337.0,4.18
12338.0,-5.03
12339.0,-5.550000000000001
12340.0,-5.01
12341.0,4.1499999999999995
12342.0,-5.16
12343.0,-5.04
12344.0,-5.19
12345.0,-5.06
12346.0,-5.5200000000000005
12347.0,-5.1
12348.0,-5.8100000000000005
12349.0,-5.01
12350.0,-5.01
12351.0,-5.04
12352.0,-5.06
12353.0,4.09
12354.0,-5.02
12355.0,-5.73
12356.0,-5.14
12357.0,-1.0000000000000007
12358.0,-5.07
12359.0,-5.1
12360.0,-5.03
12361.0,-5.01
12362.0,-5.09
12363.0,-5.1
12364.0,-5.01
12365.0,-5.01
12366.0,-5.06
12367.0,-5.22
12368.0,-5.7700000000000005
12369.0,-5.02
12370.0,-5.42
12371.0,-5.06
12372.0,-5.06
12373.0,-5.630000000000001
12374.0,-5.36
12375.0,-5.37
12376.0,-5.36
12377.0,-5.48
12378.0,-5.03
12379.0,-5.430000000000001
12380.0,-5.48
12381.0,4.31
12382.0,-5.04
12383.0,-1.0000000000000007
12384.0,-5.2
12385.0,-5.32
12386.0,-5.57
12387.0,-5.05
12388.0,-5.7
12389.0,-5.66
12390.0,-5.19
12391.0,-5.58
12392.0,-5.08
12393.0,4.14
12394.0,-5.26
12395.0,-5.28
12396.0,-5.17
12397.0,-5.880000000000001
12398.0,-5.02
12399.0,-5.03
12400.0,-5.03
12401.0,-5.25
12402.0,-5.06
12403.0,-5.04
12404.0,-5.07
12405.0,-5.19
12406.0,-5.05
12407.0,-5.01
12408.0,-5.12
12409.0,-5.03
12410.0,-5.46
12411.0,-5.13
12412.0,-5.83
12413.0,4.289999999999999
12414.0,4.38
12415.0,-5.5
12416.0,-5.02
12417.0,-5.2700000000000005
12418.0,-5.3
12419.0,-5.02
12420.0,-5.04
12421.0,-5.48
12422.0,-5.02
12423.0,-5.24
12424.0,-5.06
12425.0,-5.13
12426.0,-5.44
12427.0,-5.13
12428.0,-5.630000000000001
12429.0,-5.02
12430.0,-5.2
12431.0,-5.05
12432.0,-5.6000000000000005
12433.0,-5.08
12434.0,-5.22
12435.0,-5.01
12436.0,-5.41
12437.0,-5.48
12438.0,-5.01
12439.0,-5.42
12440.0,-5.01
12441.0,-5.18
12442.0,-5.59
12443.0,4.27
12444.0,-5.02
12445.0,-5.44
12446.0,-5.11
12447.0,-5.07
12448.0,-5.04
12449.0,-5.7700000000000005
12450.0,-5.08
12451.0,-5.5600000000000005
12452.0,-5.04
12453.0,-5.4
12454.0,-5.01
12455.0,-5.05
12456.0,-5.98
12457.0,-5.53
12458.0,-5.6000000000000005
12459.0,-5.22
12460.0,-5.02
12461.0,-5.06
12462.0,-5.24
12463.0,-5.01
12464.0,-5.5200000000000005
12465.0,-5.02
12466.0,-5.66
12467.0,-5.08
12468.0,-5.53
12469.0,-5.65
12470.0,-5.7
12471.0,-5.07
12472.0,-5.02
12473.0,-5.38
12474.0,4.289999999999999
12475.0,-5.38
12476.0,-5.18
12477.0,-5.41
12478.0,-5.08
12479.0,-5.840000000000001
12480.0,4.159999999999999
12481.0,-5.01
12482.0,-5.01
12483.0,-5.04
12484.0,-5.01
12485.0,-5.01
12486.0,-5.08
12487.0,-5.12
12488.0,-5.4
12489.0,-5.33
12490.0,-5.02
12491.0,-5.42
12492.0,-5.07
12493.0,-5.06
12494.0,4.22
12495.0,-5.11
12496.0,-5.01
12497.0,-5.04
12498.0,-5.36
12499.0,-5.1
12500.0,-5.22
12501.0,-5.33
12502.0,-5.36
12503.0,-5.5
12504.0,-5.7
12505.0,-5.58
12506.0,-5.19
12507.0,-5.32
12508.0,-5.28
12509.0,-5.6000000000000005
12510.0,-5.02
12511.0,-5.44
12512.0,-5.2
12513.0,-5.49
12514.0,-5.26
12515.0,-5.03
12516.0,-5.07
12517.0,-5.01
12518.0,-5.01
12519.0,-5.23
12520.0,-5.05
12521.0,-5.04
12522.0,-5.430000000000001
12523.0,-5.02
12524.0,-5.02
12525.0,-5.02
12526.0,-5.01
12527.0,-5.5600000000000005
12528.0,4.54
12529.0,4.1
12530.0,4.22
12531.0,-5.32
12532.0,-5.08
12533.0,-5.1
12534.0,-5.32
12535.0,-1.0000000000000007
12536.0,-5.01
12537.0,-5.950000000000001
12538.0,-5.08
12539.0,-5.07
12540.0,-5.3100000000000005
12541.0,-5.5200000000000005
12542.0,-5.38
12543.0,-5.03
12544.0,-5.02
12545.0,-5.07
12546.0,-5.01
12547.0,-5.02
12548.0,4.5
12549.0,-5.59
12550.0,-5.06
12551.0,-5.38
12552.0,-5.03
12553.0,-5.5
12554.0,-5.01
12555.0,-5.06
12556.0,-5.09
12557.0,-5.36
12558.0,-5.05
12559.0,-1.0000000000000007
12560.0,-5.14
12561.0,-5.29
12562.0,-5.680000000000001
12563.0,-5.01
12564.0,-5.01
12565.0,-5.06
12566.0,-5.01
12567.0,-5.28
12568.0,-5.25
12569.0,-5.930000000000001
12570.0,-5.58
12571.0,4.3
12572.0,-5.24
12573.0,-5.02
12574.0,-5.03
12575.0,-5.2700000000000005
12576.0,-5.78
12577.0,4.09
12578.0,4.42
12579.0,-5.07
12580.0,-5.36
12581.0,-5.04
12582.0,-5.640000000000001
12583.0,-5.59
12584.0,-5.03
12585.0,-5.03
12586.0,-5.14
12587.0,-5.82
12588.0,-5.82
12589.0,-5.05
12590.0,-5.33
12591.0,4.2299999999999995
12592.0,4.1899999999999995
12593.0,-5.01
12594.0,-5.01
12595.0,-5.02
12596.0,-5.6000000000000005
12597.0,-5.07
12598.0,-5.880000000000001
12599.0,-5.02
12600.0,-5.61
12601.0,-5.28
12602.0,4.3
12603.0,-5.05
12604.0,-5.29
12605.0,-5.29
12606.0,-5.51
12607.0,-5.4
12608.0,-5.1
12609.0,-5.01
12610.0,-5.02
12611.0,-5.61
12612.0,-5.03
12613.0,-5.01
12614.0,-5.01
12615.0,-5.57
12616.0,-5.07
12617.0,-5.08
12618.0,4.369999999999999
12619.0,4.41
12620.0,-5.08
12621.0,-5.5600000000000005
12622.0,-5.24
12623.0,-5.03
12624.0,-5.01
12625.0,-5.12
12626.0,-5.04
12627.0,-5.04
12628.0,-5.06
12629.0,-5.22
12630.0,-5.16
12631.0,-5.04
12632.0,-5.38
12633.0,-5.57
12634.0,4.47
12635.0,-5.33
12636.0,-5.37
12637.0,-5.02
12638.0,-5.04
12639.0,-5.53
12640.0,-5.04
12641.0,-5.01
12642.0,-5.16
12643.0,-5.05
12644.0,-5.1
12645.0,-5.44
12646.0,-5.28
12647.0,-5.4
12648.0,-5.4
12649.0,-5.42
12650.0,-5.42
12651.0,-5.02
12652.0,-5.02
12653.0,-5.66
12654.0,-5.04
12655.0,-5.4
12656.0,-1.0000000000000007
12657.0,-5.42
12658.0,-5.03
12659.0,-1.0000000000000007
12660.0,-1.0000000000000007
12661.0,-5.3100000000000005
12662.0,-5.42
12663.0,-5.05
12664.0,-5.1
12665.0,-1.0000000000000007
12666.0,-5.66
12667.0,-5.21
12668.0,-5.22
12669.0,-5.02
12670.0,-5.4
12671.0,-5.32
12672.0,-5.01
12673.0,-5.04
12674.0,-5.02
12675.0,-5.41
12676.0,-5.44
12677.0,-5.8100000000000005
12678.0,4.38
12679.0,-5.33
12680.0,4.34
12681.0,-5.680000000000001
12682.0,-5.790000000000001
12683.0,-5.61
12684.0,-5.09
12685.0,-5.32
12686.0,-5.42
12687.0,-5.37
12688.0,-5.06
12689.0,-5.03
12690.0,-5.08
12691.0,-5.48
12692.0,4.41
12693.0,-5.45
12694.0,-5.02
12695.0,-5.38
12696.0,-5.23
12697.0,-5.57
12698.0,-5.06
12699.0,-5.01
12700.0,4.43
12701.0,-5.01
12702.0,-5.46
12703.0,-5.01
12704.0,-5.01
12705.0,-5.24
12706.0,-5.02
12707.0,-5.41
12708.0,-5.04
12709.0,-5.54
12710.0,-5.26
12711.0,-5.04
12712.0,-5.34
12713.0,-5.02
12714.0,-5.09
12715.0,-5.8100000000000005
12716.0,4.3999999999999995
12717.0,-5.42
12718.0,-5.02
12719.0,-5.03
12720.0,-5.05
12721.0,-5.66
12722.0,-5.01
12723.0,-5.41
12724.0,-5.680000000000001
12725.0,4.41
12726.0,-5.65
12727.0,-5.59
12728.0,-5.03
12729.0,-5.44
12730.0,-5.32
12731.0,-5.07
12732.0,-5.09
12733.0,4.49
12734.0,-5.06
12735.0,-5.14
12736.0,-5.05
12737.0,-5.430000000000001
12738.0,-5.34
12739.0,-5.34
12740.0,-5.01
12741.0,-5.09
12742.0,-5.01
12743.0,-5.03
12744.0,-5.03
12745.0,-5.83
12746.0,-5.14
12747.0,-5.08
12748.0,-5.470000000000001
12749.0,-5.14
12750.0,-5.09
12751.0,4.39
12752.0,-5.37
12753.0,-5.04
12754.0,-5.09
12755.0,-5.01
12756.0,-5.37
12757.0,-5.02
12758.0,-5.25
12759.0,-5.04
12760.0,-5.02
12761.0,-5.74
12762.0,-5.21
12763.0,-5.03
12764.0,-5.02
12765.0,-5.1
12766.0,-5.08
12767.0,-5.28
12768.0,-5.09
12769.0,-5.46
12770.0,-5.32
12771.0,-5.02
12772.0,-5.57
12773.0,-5.03
12774.0,-5.49
12775.0,-5.02
12776.0,-5.29
12777.0,4.39
12778.0,-5.09
12779.0,4.26
12780.0,-5.69
12781.0,-5.33
12782.0,-5.02
12783.0,-5.62
12784.0,-5.57
12785.0,-5.03
12786.0,-5.69
12787.0,-5.32
12788.0,-5.42
12789.0,-5.59
12790.0,-5.49
12791.0,-5.57
12792.0,-5.32
12793.0,-5.3100000000000005
12794.0,-5.03
12795.0,-5.03
12796.0,-5.06
12797.0,-5.760000000000001
12798.0,-5.14
12799.0,-5.01
12800.0,-5.26
12801.0,-5.05
12802.0,-5.02
12803.0,-5.08
12804.0,-5.06
12805.0,-5.05
12806.0,-5.02
12807.0,-5.34
12808.0,-5.37
12809.0,4.39
12810.0,-5.04
12811.0,-5.04
12812.0,-5.5200000000000005
12813.0,-5.03
12814.0,-5.16
12815.0,-5.550000000000001
12816.0,-5.06
12817.0,-5.470000000000001
12818.0,-5.42
12819.0,-5.06
12820.0,-5.03
12821.0,-5.28
12822.0,-5.11
12823.0,-5.05
12824.0,-5.28
12825.0,-5.42
12826.0,-5.33
12827.0,-5.04
12828.0,-5.45
12829.0,-5.24
12830.0,4.2299999999999995
12831.0,-5.470000000000001
12832.0,-5.44
12833.0,-5.11
12834.0,-5.01
12835.0,-5.48
12836.0,-5.01
12837.0,-5.22
12838.0,-5.04
12839.0,-5.34
12840.0,-5.24
12841.0,-5.630000000000001
12842.0,-5.02
12843.0,-5.48
12844.0,-5.04
12845.0,-5.42
12846.0,-5.48
12847.0,4.33
12848.0,-5.02
12849.0,-5.2700000000000005
12850.0,-5.01
12851.0,-5.51
12852.0,-5.46
12853.0,-5.03
12854.0,-5.07
12855.0,-5.640000000000001
12856.0,-5.01
12857.0,-5.33
12858.0,-5.04
12859.0,-5.01
12860.0,-5.02
12861.0,-5.42
12862.0,-5.37
12863.0,-5.01
12864.0,-5.42
12865.0,-5.01
12866.0,-5.04
12867.0,-5.24
12868.0,-5.04
12869.0,-5.01
12870.0,4.369999999999999
12871.0,-5.28
12872.0,-5.53
12873.0,-5.5200000000000005
12874.0,-5.02
12875.0,4.359999999999999
12876.0,-5.3100000000000005
12877.0,-5.11
12878.0,-5.24
12879.0,-5.07
12880.0,-5.28
12881.0,-5.02
12882.0,-5.09
12883.0,-5.58
12884.0,-5.21
12885.0,-5.02
12886.0,-5.03
12887.0,-5.42
12888.0,-5.15
12889.0,-5.5
12890.0,-5.02
12891.0,-5.42
12892.0,-5.49
12893.0,-5.36
12894.0,-5.02
12895.0,-5.02
12896.0,-5.02
12897.0,-5.04
12898.0,-5.02
12899.0,-5.04
12900.0,-5.08
12901.0,-5.46
12902.0,-5.17
12903.0,-5.37
12904.0,-5.66
12905.0,-5.58
12906.0,-5.26
12907.0,-5.5200000000000005
12908.0,-5.03
12909.0,-5.26
12910.0,-5.03
12911.0,-5.06
12912.0,-5.45
12913.0,-5.06
12914.0,-5.720000000000001
12915.0,-5.02
12916.0,-5.08
12917.0,-5.5
12918.0,-5.08
12919.0,4.449999999999999
12920.0,-5.03
12921.0,-5.2700000000000005
12922.0,-5.06
12923.0,-5.01
12924.0,-5.42
12925.0,-5.07
12926.0,-5.32
12927.0,-5.01
12928.0,-5.02
12929.0,-5.15
12930.0,-5.720000000000001
12931.0,-5.02
12932.0,-5.02
12933.0,-5.02
12934.0,-5.02
12935.0,-5.65
12936.0,-5.04
12937.0,-5.06
12938.0,-5.29
12939.0,-5.07
12940.0,-5.02
12941.0,-5.07
12942.0,-5.42
12943.0,-5.5200000000000005
12944.0,-5.05
12945.0,-5.94
12946.0,-5.07
12947.0,-5.03
12948.0,-5.08
12949.0,-5.07
12950.0,-5.01
12951.0,-5.01
12952.0,-5.390000000000001
12953.0,4.049999999999999
12954.0,-5.32
12955.0,-5.02
12956.0,-5.01
12957.0,-5.1
12958.0,-5.38
12959.0,-5.34
12960.0,-5.57
12961.0,-5.05
12962.0,-5.38
12963.0,-5.18
12964.0,-5.36
12965.0,4.31
12966.0,-5.3
12967.0,-5.2
12968.0,-5.01
12969.0,-5.3
12970.0,-5.04
12971.0,-5.15
12972.0,-5.11
12973.0,-5.42
12974.0,-5.02
12975.0,-5.65
12976.0,-5.04
12977.0,-5.54
12978.0,-5.05
12979.0,-5.01
12980.0,-5.04
12981.0,-5.5
12982.0,-5.01
12983.0,-5.49
12984.0,-5.45
12985.0,-5.12
12986.0,-5.04
12987.0,-5.03
12988.0,-5.02
12989.0,-5.34
12990.0,-5.01
12991.0,-5.03
12992.0,-5.3
12993.0,4.34
12994.0,-5.04
12995.0,-5.01
12996.0,-5.02
12997.0,-5.1
12998.0,-5.05
12999.0,-5.42
13000.0,-5.33
13001.0,-5.05
13002.0,-5.36
13003.0,-5.01
13004.0,-5.06
13005.0,-5.44
13006.0,-5.01
13007.0,-5.04
13008.0,4.35
13009.0,-5.49
13010.0,-5.550000000000001
13011.0,-5.02
13012.0,-5.51
13013.0,-5.33
13014.0,-5.02
13015.0,-5.3100000000000005
13016.0,4.359999999999999
13017.0,-5.01
13018.0,-5.26
13019.0,-5.05
13020.0,-5.01
13021.0,-5.34
13022.0,-5.08
13023.0,-5.36
13024.0,-5.28
13025.0,-5.04
13026.0,-5.1
13027.0,-5.44
13028.0,-5.03
13029.0,-5.08
13030.0,-5.01
13031.0,-5.59
13032.0,-5.5200000000000005
13033.0,-5.3500000000000005
13034.0,-5.33
13035.0,-5.57
13036.0,-5.02
13037.0,-5.2700000000000005
13038.0,-5.11
13039.0,-5.01
13040.0,-5.04
13041.0,-5.02
13042.0,-5.05
13043.0,-5.37
13044.0,-5.48
13045.0,-5.2
13046.0,-5.33
13047.0,-5.3100000000000005
13048.0,-5.41
13049.0,-5.07
13050.0,-5.41
13051.0,-5.82
13052.0,-5.06
13053.0,-5.680000000000001
13054.0,-5.1
13055.0,-5.630000000000001
13056.0,4.27
13057.0,-5.03
13058.0,-5.18
13059.0,-5.58
13060.0,-5.01
13061.0,-5.36
13062.0,-5.29
13063.0,-5.54
13064.0,-5.32
13065.0,-5.04
13066.0,-5.45
13067.0,-5.46
13068.0,-5.470000000000001
13069.0,-5.390000000000001
13070.0,-5.03
13071.0,-5.11
13072.0,-5.05
13073.0,-5.02
13074.0,4.25
13075.0,-5.01
13076.0,-5.3100000000000005
13077.0,-5.04
13078.0,-5.01
13079.0,-5.49
13080.0,-5.01
13081.0,-5.37
13082.0,4.41
13083.0,-5.01
13084.0,-5.44
13085.0,-5.2700000000000005
13086.0,-5.54
13087.0,-5.94
13088.0,-5.5
13089.0,-5.37
13090.0,-5.33
13091.0,-5.26
13092.0,-5.01
13093.0,-5.46
13094.0,4.35
13095.0,4.33
13096.0,-5.12
13097.0,-5.02
13098.0,-5.69
13099.0,-5.41
13100.0,-5.26
13101.0,-5.67
13102.0,-5.58
13103.0,-5.06
13104.0,-5.05
13105.0,-5.32
13106.0,-5.470000000000001
13107.0,4.14
13108.0,-5.48
13109.0,-5.5
13110.0,-5.390000000000001
13111.0,-5.01
13112.0,-5.41
13113.0,-5.02
13114.0,-5.05
13115.0,-5.59
13116.0,-5.02
13117.0,-5.61
13118.0,-5.5600000000000005
13119.0,-5.45
13120.0,-5.840000000000001
13121.0,-5.04
13122.0,-5.48
13123.0,-5.83
13124.0,-5.09
13125.0,-5.15
13126.0,-5.02
13127.0,-5.14
13128.0,-5.5
13129.0,-5.17
13130.0,-5.53
13131.0,-5.61
13132.0,-5.53
13133.0,-5.3
13134.0,-5.32
13135.0,-5.02
13136.0,-5.1
13137.0,-5.37
13138.0,-5.3500000000000005
13139.0,-5.3100000000000005
13140.0,-5.02
13141.0,-5.59
13142.0,-5.390000000000001
13143.0,-5.33
13144.0,-5.6000000000000005
13145.0,-5.26
13146.0,-5.02
13147.0,-5.03
13148.0,-5.7
13149.0,-5.38
13150.0,-5.32
13151.0,-5.01
13152.0,-5.36
13153.0,-5.05
13154.0,-5.5
13155.0,-5.06
13156.0,-5.33
13157.0,4.01
13158.0,-5.38
13159.0,-5.25
13160.0,-5.3100000000000005
13161.0,-5.18
13162.0,-5.02
13163.0,-5.02
13164.0,-5.12
13165.0,-5.51
13166.0,4.369999999999999
13167.0,-5.45
13168.0,-5.01
13169.0,-5.01
13170.0,-5.01
13171.0,-5.02
13172.0,-5.8100000000000005
13173.0,-5.2
13174.0,-5.3100000000000005
13175.0,-5.33
13176.0,4.319999999999999
13177.0,-5.03
13178.0,-5.01
13179.0,-5.07
13180.0,-5.04
13181.0,-5.34
13182.0,-5.45
13183.0,-5.01
13184.0,-5.36
13185.0,-5.02
13186.0,-5.5600000000000005
13187.0,-5.19
13188.0,-5.24
13189.0,-5.48
13190.0,-5.54
13191.0,-5.19
13192.0,-5.38
13193.0,-5.02
13194.0,-5.28
13195.0,-5.4
13196.0,-5.45
13197.0,-5.34
13198.0,-5.630000000000001
13199.0,-5.3100000000000005
13200.0,-5.58
13201.0,-5.38
13202.0,-5.38
13203.0,-5.470000000000001
13204.0,-5.03
13205.0,-5.08
13206.0,-5.73
13207.0,-5.04
13208.0,-5.03
13209.0,-5.03
13210.0,-5.01
13211.0,-5.57
13212.0,-5.32
13213.0,-5.630000000000001
13214.0,-5.41
13215.0,-5.45
13216.0,-5.01
13217.0,-5.7
13218.0,-5.3100000000000005
13219.0,-5.42
13220.0,-5.04
13221.0,-5.44
13222.0,-5.37
13223.0,-5.54
13224.0,-5.28
13225.0,-5.2700000000000005
13226.0,-5.32
13227.0,-5.5200000000000005
13228.0,-5.24
13229.0,-5.46
13230.0,-5.21
13231.0,-5.32
13232.0,-5.07
13233.0,-5.6000000000000005
13234.0,-5.04
13235.0,-5.02
13236.0,-5.13
13237.0,-5.6000000000000005
13238.0,-5.03
13239.0,-5.28
13240.0,-5.02
13241.0,-5.61
13242.0,-5.4
13243.0,-5.33
13244.0,-5.06
13245.0,-5.46
13246.0,-5.06
13247.0,-5.3
13248.0,-5.01
13249.0,-5.4
13250.0,-5.04
13251.0,-5.03
13252.0,-5.57
13253.0,-5.640000000000001
13254.0,-5.01
13255.0,-5.24
13256.0,-5.14
13257.0,-5.08
13258.0,-5.02
13259.0,-5.5
13260.0,-5.02
13261.0,-5.13
13262.0,-5.3500000000000005
13263.0,-5.22
13264.0,-5.51
13265.0,-5.06
13266.0,-5.44
13267.0,-5.01
13268.0,-5.04
13269.0,-5.04
13270.0,-5.390000000000001
13271.0,-5.03
13272.0,-5.2700000000000005
13273.0,-5.67
13274.0,-5.02
13275.0,-5.53
13276.0,-5.09
13277.0,-5.02
13278.0,-5.45
13279.0,-5.02
13280.0,-5.36
13281.0,-5.640000000000001
13282.0,-5.4
13283.0,-5.02
13284.0,-5.24
13285.0,-5.3500000000000005
13286.0,-5.08
13287.0,-5.78
13288.0,-5.48
13289.0,-5.01
13290.0,-5.15
13291.0,-5.4
13292.0,-5.16
13293.0,-5.07
13294.0,-5.430000000000001
13295.0,-5.2
13296.0,-5.46
13297.0,-5.07
13298.0,-5.3
13299.0,-5.29
13300.0,-5.28
13301.0,-5.01
13302.0,-5.04
13303.0,-5.08
13304.0,-5.01
13305.0,-5.59
13306.0,-5.01
13307.0,-5.03
13308.0,-5.62
13309.0,-5.29
13310.0,-5.06
13311.0,-5.6000000000000005
13312.0,-5.46
13313.0,-5.28
13314.0,-5.02
13315.0,-5.24
13316.0,-5.69
13317.0,-5.04
13318.0,-5.4
13319.0,-5.04
13320.0,-5.54
13321.0,-5.3
13322.0,-5.02
13323.0,-5.58
13324.0,-5.08
13325.0,-5.640000000000001
13326.0,-5.04
13327.0,-5.42
13328.0,-5.62
13329.0,-5.1
13330.0,-5.3500000000000005
13331.0,4.529999999999999
13332.0,-5.390000000000001
13333.0,-5.24
13334.0,-5.01
13335.0,-5.8100000000000005
13336.0,-5.390000000000001
13337.0,-5.02
13338.0,-5.36
13339.0,-5.2700000000000005
13340.0,-5.05
13341.0,-5.08
13342.0,-5.07
13343.0,-5.36
13344.0,-5.02
13345.0,-5.36
13346.0,-5.3100000000000005
13347.0,-5.06
13348.0,-5.02
13349.0,-5.04
13350.0,-5.05
13351.0,-5.42
13352.0,-5.38
13353.0,-5.02
13354.0,-5.05
13355.0,-5.42
13356.0,-5.38
13357.0,-5.03
13358.0,-5.02
13359.0,-5.82
13360.0,-5.5200000000000005
13361.0,-5.61
13362.0,-5.42
13363.0,-5.2
13364.0,-5.06
13365.0,-5.01
13366.0,-5.42
13367.0,-5.37
13368.0,-5.01
13369.0,-1.0000000000000007
13370.0,-5.01
13371.0,-5.04
13372.0,-5.03
13373.0,-5.37
13374.0,-5.37
13375.0,-5.03
13376.0,-5.58
13377.0,-5.04
13378.0,-5.07
13379.0,-5.03
13380.0,-5.49
13381.0,-5.02
13382.0,-5.07
13383.0,-5.54
13384.0,-5.34
13385.0,-5.07
13386.0,-5.38
13387.0,-5.25
13388.0,-5.38
13389.0,-5.5
13390.0,-5.62
13391.0,-5.02
13392.0,-5.28
13393.0,-5.3
13394.0,-5.06
13395.0,-5.01
13396.0,-5.5600000000000005
13397.0,-5.54
13398.0,-5.04
13399.0,-5.02
13400.0,-5.550000000000001
13401.0,-5.36
13402.0,-5.33
13403.0,-5.02
13404.0,-5.08
13405.0,4.55
13406.0,-5.01
13407.0,-5.06
13408.0,-5.29
13409.0,-5.3100000000000005
13410.0,-5.04
13411.0,-5.51
13412.0,-5.02
13413.0,-5.38
13414.0,-5.3100000000000005
13415.0,-5.03
13416.0,-5.01
13417.0,-5.01
13418.0,-5.3
13419.0,-5.05
13420.0,-5.06
13421.0,-5.78
13422.0,-5.02
13423.0,-5.02
13424.0,-5.3100000000000005
13425.0,-5.05
13426.0,-5.04
13427.0,-5.57
13428.0,-5.01
13429.0,-5.06
13430.0,4.51
13431.0,-5.37
13432.0,-5.14
13433.0,-5.05
13434.0,-5.69
13435.0,-5.04
13436.0,-5.37
13437.0,-5.3500000000000005
13438.0,-5.03
13439.0,-5.02
13440.0,-5.4
13441.0,-5.6000000000000005
13442.0,-5.74
13443.0,-5.3
13444.0,-5.25
13445.0,-5.02
13446.0,-5.33
13447.0,-5.02
13448.0,-5.37
13449.0,-5.02
13450.0,-5.01
13451.0,-5.23
13452.0,-5.4
13453.0,-5.01
13454.0,4.159999999999999
13455.0,-5.03
13456.0,-5.01
13457.0,-5.3100000000000005
13458.0,-5.42
13459.0,-5.02
13460.0,-5.01
13461.0,-5.02
13462.0,-5.01
13463.0,-5.550000000000001
13464.0,-5.01
13465.0,-5.1
13466.0,-5.51
13467.0,-5.470000000000001
13468.0,-5.25
13469.0,-5.32
13470.0,-5.08
13471.0,-5.870000000000001
13472.0,-5.720000000000001
13473.0,-5.26
13474.0,-5.5600000000000005
13475.0,-5.3500000000000005
13476.0,-5.2700000000000005
13477.0,-5.46
13478.0,-5.22
13479.0,-5.02
13480.0,-5.22
13481.0,-5.44
13482.0,-5.14
13483.0,-5.06
13484.0,-5.04
13485.0,-5.02
13486.0,-5.01
13487.0,-5.2
13488.0,-5.38
13489.0,-5.5
13490.0,-5.01
13491.0,-5.5
13492.0,-5.16
13493.0,-5.2
13494.0,-5.17
13495.0,-5.01
13496.0,-5.44
13497.0,-5.32
13498.0,-5.29
13499.0,-5.06
13500.0,-5.02
13501.0,-5.4
13502.0,-5.3
13503.0,-5.3
13504.0,-5.24
13505.0,-5.08
13506.0,-5.02
13507.0,-5.26
13508.0,-5.3500000000000005
13509.0,-5.04
13510.0,-5.19
13511.0,-5.390000000000001
13512.0,-5.02
13513.0,-5.470000000000001
13514.0,-5.03
13515.0,-5.03
13516.0,-5.61
13517.0,-5.57
13518.0,-5.45
13519.0,-5.5
13520.0,-5.33
13521.0,-5.26
13522.0,-5.02
13523.0,-5.06
13524.0,-5.11
13525.0,-5.03
13526.0,-5.3
13527.0,-5.34
13528.0,-5.03
13529.0,-5.680000000000001
13530.0,-5.01
13531.0,-5.02
13532.0,-5.3100000000000005
13533.0,-5.44
13534.0,-5.5600000000000005
13535.0,-5.19
13536.0,-5.5
13537.0,-5.54
13538.0,-5.03
13539.0,-5.02
13540.0,-5.3100000000000005
13541.0,-5.04
13542.0,-5.01
13543.0,-5.53
13544.0,4.17
13545.0,-5.04
13546.0,-5.470000000000001
13547.0,-5.7700000000000005
13548.0,-5.06
13549.0,-5.5200000000000005
13550.0,-5.03
13551.0,-5.01
13552.0,-5.5600000000000005
13553.0,-5.01
13554.0,-5.58
13555.0,-5.05
13556.0,-5.03
13557.0,-5.36
13558.0,-5.03
13559.0,-5.46
13560.0,-5.01
13561.0,-5.07
13562.0,-5.09
13563.0,-5.02
13564.0,-5.48
13565.0,-5.29
13566.0,-5.06
13567.0,-5.05
13568.0,-5.3100000000000005
13569.0,-5.02
13570.0,-5.01
13571.0,-5.33
13572.0,-5.38
13573.0,-5.5
13574.0,4.43
13575.0,-5.08
13576.0,-5.01
13577.0,-5.06
13578.0,-5.3
13579.0,-5.04
13580.0,-5.2700000000000005
13581.0,-5.04
13582.0,-5.69
13583.0,-5.03
13584.0,-5.03
13585.0,-5.3500000000000005
13586.0,-5.49
13587.0,-5.36
13588.0,-5.01
13589.0,-5.04
13590.0,-5.2700000000000005
13591.0,-5.12
13592.0,-5.470000000000001
13593.0,-5.08
13594.0,-5.54
13595.0,-5.5600000000000005
13596.0,4.1899999999999995
13597.0,-5.02
13598.0,-5.03
13599.0,-5.04
13600.0,-5.59
13601.0,-5.38
13602.0,-5.05
13603.0,-5.03
13604.0,4.289999999999999
13605.0,-5.4
13606.0,-5.08
13607.0,-5.02
13608.0,-5.21
13609.0,-5.38
13610.0,-5.07
13611.0,-5.57
13612.0,-5.25
13613.0,-5.06
13614.0,-5.06
13615.0,-5.01
13616.0,-5.24
13617.0,-5.02
13618.0,-5.61
13619.0,-5.04
13620.0,-5.29
13621.0,-5.02
13622.0,-5.2
13623.0,-5.5
13624.0,-5.680000000000001
13625.0,-5.4
13626.0,-5.02
13627.0,-5.01
13628.0,-5.37
13629.0,-5.75
13630.0,-5.4
13631.0,-5.32
13632.0,-5.36
13633.0,-5.33
13634.0,-5.01
13635.0,-5.390000000000001
13636.0,-5.66
13637.0,-5.06
13638.0,-5.38
13639.0,-5.38
13640.0,-5.03
13641.0,-5.01
13642.0,-5.01
13643.0,-5.41
13644.0,-5.26
13645.0,-5.34
13646.0,-5.04
13647.0,-5.03
13648.0,-5.59
13649.0,-5.06
13650.0,-5.06
13651.0,-5.2700000000000005
13652.0,-5.12
13653.0,-5.46
13654.0,-5.06
13655.0,4.34
13656.0,-5.04
13657.0,-5.02
13658.0,-5.7
13659.0,-5.06
13660.0,-5.840000000000001
13661.0,-5.06
13662.0,-5.42
13663.0,-5.02
13664.0,-5.04
13665.0,-5.49
13666.0,-5.01
13667.0,-5.01
13668.0,-5.01
13669.0,-5.4
13670.0,-5.390000000000001
13671.0,-5.3500000000000005
13672.0,-5.03
13673.0,-5.08
13674.0,-5.41
13675.0,-5.42
13676.0,-5.46
13677.0,-5.02
13678.0,-5.37
13679.0,-5.03
13680.0,-5.3
13681.0,-5.42
13682.0,-5.02
13683.0,-5.48
13684.0,-5.390000000000001
13685.0,-5.01
13686.0,-5.4
13687.0,-5.01
13688.0,4.38
13689.0,-5.24
13690.0,-5.26
13691.0,-5.430000000000001
13692.0,-5.53
13693.0,-5.36
13694.0,-5.02
13695.0,-5.06
13696.0,-5.11
13697.0,-5.59
13698.0,-5.03
13699.0,-5.3500000000000005
13700.0,-5.01
13701.0,-5.51
13702.0,-5.02
13703.0,-5.01
13704.0,-5.5600000000000005
13705.0,-5.04
13706.0,-5.01
13707.0,-5.06
13708.0,-5.2700000000000005
13709.0,-5.09
13710.0,-5.38
13711.0,-5.02
13712.0,-5.2700000000000005
13713.0,-5.07
13714.0,-5.07
13715.0,-5.03
13716.0,-5.53
13717.0,-5.03
13718.0,-5.34
13719.0,-5.66
13720.0,-5.02
13721.0,-5.02
13722.0,-5.05
13723.0,-5.06
13724.0,-5.01
13725.0,-5.04
13726.0,-5.3500000000000005
13727.0,-5.18
13728.0,-5.37
13729.0,-5.710000000000001
13730.0,-5.24
13731.0,-5.28
13732.0,-5.02
13733.0,-5.3
13734.0,-5.680000000000001
13735.0,-5.09
13736.0,-5.06
13737.0,-5.25
13738.0,-5.390000000000001
13739.0,-5.05
13740.0,-5.08
13741.0,-5.21
13742.0,-5.430000000000001
13743.0,-5.11
13744.0,-5.05
13745.0,-5.48
13746.0,-5.04
13747.0,-5.01
13748.0,-5.5200000000000005
13749.0,-5.02
13750.0,-5.36
13751.0,-5.12
13752.0,-5.36
13753.0,-5.25
13754.0,-5.36
13755.0,-5.02
13756.0,4.289999999999999
13757.0,-5.06
13758.0,-5.04
13759.0,4.359999999999999
13760.0,-5.42
13761.0,-5.430000000000001
13762.0,-5.14
13763.0,-5.16
13764.0,-5.02
13765.0,-5.4
13766.0,-5.38
13767.0,-5.01
13768.0,-5.32
13769.0,-5.26
13770.0,-5.09
13771.0,-5.1
13772.0,-5.08
13773.0,-5.04
13774.0,-5.01
13775.0,-5.7700000000000005
13776.0,-5.01
13777.0,-5.44
13778.0,-5.74
13779.0,-5.28
13780.0,-5.06
13781.0,-5.33
13782.0,-5.01
13783.0,-5.3
13784.0,-5.37
13785.0,-5.04
13786.0,-5.38
13787.0,-5.02
13788.0,-5.59
13789.0,-5.2700000000000005
13790.0,-5.3100000000000005
13791.0,-5.03
13792.0,-5.42
13793.0,-5.2700000000000005
13794.0,-5.17
13795.0,-5.5
13796.0,-5.04
13797.0,-5.01
13798.0,-5.02
13799.0,-5.04
13800.0,-5.04
13801.0,-5.12
13802.0,-5.02
13803.0,-5.2700000000000005
13804.0,-5.49
13805.0,-5.02
13806.0,-5.25
13807.0,-5.04
13808.0,-5.390000000000001
13809.0,-5.02
13810.0,-5.3500000000000005
13811.0,-5.470000000000001
13812.0,-5.5600000000000005
13813.0,-5.1
13814.0,-5.28
13815.0,-5.2700000000000005
13816.0,-5.02
13817.0,-5.06
13818.0,-5.19
13819.0,-5.1
13820.0,-5.2700000000000005
13821.0,-5.3
13822.0,-5.02
13823.0,-5.08
13824.0,-5.07
13825.0,-5.28
13826.0,4.56
13827.0,-5.33
13828.0,-5.2
13829.0,-5.07
13830.0,-5.45
13831.0,-5.5
13832.0,-5.01
13833.0,-5.38
13834.0,-5.32
13835.0,-5.41
13836.0,-5.42
13837.0,-5.33
13838.0,-5.05
13839.0,-5.36
13840.0,-5.26
13841.0,-5.06
13842.0,-5.32
13843.0,-5.01
13844.0,-5.33
13845.0,-5.4
13846.0,-1.0000000000000007
13847.0,-5.01
13848.0,-5.46
13849.0,-5.08
13850.0,-5.02
13851.0,-5.54
13852.0,-5.67
13853.0,-5.01
13854.0,-5.03
13855.0,-5.05
13856.0,-5.36
13857.0,-5.51
13858.0,-5.470000000000001
13859.0,-5.38
13860.0,-5.05
13861.0,-5.1
13862.0,-5.36
13863.0,-5.03
13864.0,-5.03
13865.0,-5.04
13866.0,-5.02
13867.0,-5.02
13868.0,-5.390000000000001
13869.0,-5.61
13870.0,-5.02
13871.0,-5.04
13872.0,-5.54
13873.0,-5.51
13874.0,-5.41
13875.0,-5.23
13876.0,-5.14
13877.0,-5.760000000000001
13878.0,-5.37
13879.0,-5.07
13880.0,-5.62
13881.0,-5.5
13882.0,-5.2
13883.0,-5.67
13884.0,-5.13
13885.0,-5.05
13886.0,-5.01
13887.0,-5.42
13888.0,-5.02
13889.0,-5.28
13890.0,-5.01
13891.0,-5.02
13892.0,-5.01
13893.0,-5.37
13894.0,-5.05
13895.0,-5.3
13896.0,-5.02
13897.0,-5.3500000000000005
13898.0,-5.16
13899.0,-5.4
13900.0,-5.06
13901.0,-5.3100000000000005
13902.0,-5.3
13903.0,-5.05
13904.0,4.319999999999999
13905.0,-5.12
13906.0,-5.24
13907.0,-5.15
13908.0,-5.04
13909.0,-5.13
13910.0,-5.57
13911.0,-5.04
13912.0,-5.01
13913.0,-5.04
13914.0,4.25
13915.0,4.33
13916.0,-5.42
13917.0,-5.34
13918.0,-5.58
13919.0,-5.06
13920.0,-5.36
13921.0,-5.48
13922.0,-5.07
13923.0,-5.01
13924.0,-5.49
13925.0,-5.73
13926.0,-5.430000000000001
13927.0,-5.51
13928.0,-5.470000000000001
13929.0,-5.28
13930.0,-5.03
13931.0,-5.01
13932.0,-5.06
13933.0,-5.4
13934.0,-5.5200000000000005
13935.0,-5.19
13936.0,-5.1
13937.0,-5.3
13938.0,-5.48
13939.0,-5.38
13940.0,-5.03
13941.0,-5.36
13942.0,-5.25
13943.0,-5.3100000000000005
13944.0,-5.54
13945.0,-5.06
13946.0,-5.3100000000000005
13947.0,-5.06
13948.0,-5.3100000000000005
13949.0,-5.48
13950.0,-5.470000000000001
13951.0,-5.21
13952.0,-5.05
13953.0,-5.630000000000001
13954.0,-5.04
13955.0,-5.36
13956.0,-5.49
13957.0,4.069999999999999
13958.0,-5.37
13959.0,-5.15
13960.0,-5.44
13961.0,-5.29
13962.0,-5.54
13963.0,-5.19
13964.0,-5.390000000000001
13965.0,-5.790000000000001
13966.0,-5.32
13967.0,-5.04
13968.0,-5.04
13969.0,-5.6000000000000005
13970.0,-5.45
13971.0,-5.4
13972.0,-5.42
13973.0,-5.08
13974.0,-5.07
13975.0,-5.37
13976.0,-5.44
13977.0,-5.01
13978.0,-5.01
13979.0,-5.470000000000001
13980.0,-5.29
13981.0,-5.3100000000000005
13982.0,-5.08
13983.0,-5.05
13984.0,-5.04
13985.0,-5.01
13986.0,-5.2
13987.0,-5.03
13988.0,-5.02
13989.0,-5.05
13990.0,-5.33
13991.0,-5.25
13992.0,-5.36
13993.0,-5.04
13994.0,-5.22
13995.0,-5.03
13996.0,-5.57
13997.0,-5.390000000000001
13998.0,-5.01
13999.0,-5.6000000000000005
14000.0,-5.33
14001.0,-5.04
14002.0,-5.800000000000001
14003.0,-5.23
14004.0,-5.44
14005.0,-5.02
14006.0,-5.02
14007.0,-5.13
14008.0,-5.5600000000000005
14009.0,-5.49
14010.0,-5.01
14011.0,-5.470000000000001
14012.0,-5.02
14013.0,-5.12
14014.0,-5.01
14015.0,-5.29
14016.0,-5.04
14017.0,-5.33
14018.0,4.5
14019.0,-5.04
14020.0,-5.01
14021.0,-5.04
14022.0,-5.11
14023.0,-5.05
14024.0,-5.04
14025.0,-5.01
14026.0,-5.5600000000000005
14027.0,-5.4
14028.0,-5.22
14029.0,-5.42
14030.0,-5.2
14031.0,-5.49
14032.0,-5.02
14033.0,-5.5
14034.0,-5.48
14035.0,-5.66
14036.0,-5.01
14037.0,-5.12
14038.0,-5.04
14039.0,-5.5600000000000005
14040.0,-5.390000000000001
14041.0,-5.01
14042.0,-5.08
14043.0,-5.45
14044.0,-5.28
14045.0,-5.66
14046.0,-5.390000000000001
14047.0,-5.3
14048.0,-5.06
14049.0,-5.02
14050.0,-5.02
14051.0,-5.550000000000001
14052.0,-5.01
14053.0,-5.04
14054.0,-5.470000000000001
14055.0,-5.01
14056.0,-5.03
14057.0,-5.470000000000001
14058.0,-5.26
14059.0,4.47
14060.0,-5.430000000000001
14061.0,-5.04
14062.0,-5.42
14063.0,-5.01
14064.0,-5.12
14065.0,-5.02
14066.0,-5.2700000000000005
14067.0,-5.3500000000000005
14068.0,-5.48
14069.0,-5.01
14070.0,-5.02
14071.0,-5.34
14072.0,-5.430000000000001
14073.0,-5.06
14074.0,-5.24
14075.0,-5.46
14076.0,-5.08
14077.0,-5.05
14078.0,-5.42
14079.0,-5.04
14080.0,-5.02
14081.0,-5.05
14082.0,-5.06
14083.0,-5.3
14084.0,-5.54
14085.0,-5.02
14086.0,-5.04
14087.0,-5.01
14088.0,-5.03
14089.0,-5.01
14090.0,-5.46
14091.0,-5.14
14092.0,-5.32
14093.0,-5.550000000000001
14094.0,-5.6000000000000005
14095.0,-5.430000000000001
14096.0,4.4399999999999995
14097.0,-5.49
14098.0,-5.28
14099.0,-5.01
14100.0,-5.59
14101.0,-5.24
14102.0,-5.05
14103.0,-5.29
14104.0,-5.03
14105.0,-5.46
14106.0,-5.65
14107.0,-5.44
14108.0,-5.15
14109.0,-5.01
14110.0,-5.01
14111.0,-5.03
14112.0,-5.1
14113.0,-5.41
14114.0,-5.3100000000000005
14115.0,-5.05
14116.0,-5.45
14117.0,-5.07
14118.0,-5.04
14119.0,-5.06
14120.0,-5.05
14121.0,-5.01
14122.0,-5.01
14123.0,-5.390000000000001
14124.0,-5.34
14125.0,-5.42
14126.0,-5.38
14127.0,-5.2700000000000005
14128.0,-5.04
14129.0,-5.08
14130.0,-5.5600000000000005
14131.0,-5.49
14132.0,-5.25
14133.0,-5.36
14134.0,4.41
14135.0,-5.44
14136.0,-5.430000000000001
14137.0,-5.34
14138.0,-5.61
14139.0,-5.3100000000000005
14140.0,-5.04
14141.0,-5.02
14142.0,-5.59
14143.0,-5.04
14144.0,-5.05
14145.0,-5.46
14146.0,-5.01
14147.0,-5.01
14148.0,-5.05
14149.0,-5.32
14150.0,-5.42
14151.0,-5.01
14152.0,-5.45
14153.0,-5.42
14154.0,-5.04
14155.0,-5.04
14156.0,-5.38
14157.0,-5.54
14158.0,-5.7
14159.0,-5.02
14160.0,-5.24
14161.0,-5.38
14162.0,-5.34
14163.0,-5.03
14164.0,-5.02
14165.0,-5.25
14166.0,-5.09
14167.0,4.49
14168.0,-5.840000000000001
14169.0,-5.02
14170.0,-5.02
14171.0,-5.03
14172.0,-5.5
14173.0,-5.640000000000001
14174.0,-5.02
14175.0,-5.51
14176.0,-5.23
14177.0,-5.02
14178.0,-5.62
14179.0,-5.44
14180.0,-5.3500000000000005
14181.0,-5.32
14182.0,-5.03
14183.0,-5.06
14184.0,-5.1
14185.0,-5.430000000000001
14186.0,-5.48
14187.0,-5.5
14188.0,-5.01
14189.0,-5.34
14190.0,-5.17
14191.0,-5.04
14192.0,-5.25
14193.0,-5.02
14194.0,-5.32
14195.0,-5.01
14196.0,-5.14
14197.0,-5.21
14198.0,-5.3500000000000005
14199.0,-5.48
14200.0,-5.58
14201.0,-5.04
14202.0,-5.550000000000001
14203.0,-5.07
14204.0,-5.26
14205.0,-5.02
14206.0,-5.06
14207.0,-5.3
14208.0,-5.11
14209.0,-5.08
14210.0,-5.08
14211.0,-5.07
14212.0,4.39
14213.0,-5.42
14214.0,-5.01
14215.0,-5.45
14216.0,-5.34
14217.0,-5.36
14218.0,-5.03
14219.0,4.359999999999999
14220.0,-5.06
14221.0,-5.06
14222.0,-5.21
14223.0,-5.03
14224.0,-5.1
14225.0,-5.07
14226.0,-5.34
14227.0,-5.22
14228.0,-5.03
14229.0,-5.06
14230.0,-5.04
14231.0,-5.09
14232.0,-5.25
14233.0,-5.15
14234.0,4.39
14235.0,-5.37
14236.0,-5.4
14237.0,-5.06
14238.0,-5.09
14239.0,-5.3
14240.0,-5.02
14241.0,-5.42
14242.0,-5.12
14243.0,-5.59
14244.0,4.49
14245.0,-5.61
14246.0,-5.02
14247.0,-5.03
14248.0,-5.07
14249.0,-5.03
14250.0,-5.3
14251.0,-5.01
14252.0,-5.02
14253.0,-5.28
14254.0,-5.01
14255.0,-5.34
14256.0,-5.33
14257.0,-5.26
14258.0,-5.32
14259.0,-5.01
14260.0,-5.01
14261.0,-5.51
14262.0,-5.44
14263.0,-5.06
14264.0,-5.21
14265.0,-5.03
14266.0,-5.02
14267.0,-5.5600000000000005
14268.0,-5.12
14269.0,-5.08
14270.0,-5.2
14271.0,-5.390000000000001
14272.0,-5.41
14273.0,-5.390000000000001
14274.0,-5.11
14275.0,-5.34
14276.0,-5.2
14277.0,-5.01
14278.0,-5.23
14279.0,-5.38
14280.0,-5.51
14281.0,-5.06
14282.0,-5.03
14283.0,-5.46
14284.0,-5.05
14285.0,-5.01
14286.0,-5.04
14287.0,-5.5200000000000005
14288.0,4.209999999999999
14289.0,-5.05
14290.0,-5.03
14291.0,-5.66
14292.0,4.3
14293.0,-5.03
14294.0,-5.5600000000000005
14295.0,-5.2
14296.0,-5.23
14297.0,-5.02
14298.0,4.2299999999999995
14299.0,-5.04
14300.0,-5.51
14301.0,-5.04
14302.0,-5.03
14303.0,-5.05
14304.0,-5.38
14305.0,-5.28
14306.0,-5.02
14307.0,-5.13
14308.0,-5.06
14309.0,-5.33
14310.0,-5.3
14311.0,-5.04
14312.0,-5.430000000000001
14313.0,-5.36
14314.0,-5.03
14315.0,-5.62
14316.0,-5.6000000000000005
14317.0,-5.6000000000000005
14318.0,-5.38
14319.0,-5.01
14320.0,-5.4
14321.0,-5.04
14322.0,-5.49
14323.0,4.39
14324.0,-5.02
14325.0,-5.05
14326.0,-5.760000000000001
14327.0,-5.3100000000000005
14328.0,-5.02
14329.0,-5.32
14330.0,-5.01
14331.0,-5.02
14332.0,-5.01
14333.0,-5.07
14334.0,-5.01
14335.0,-5.23
14336.0,-5.5200000000000005
14337.0,-5.03
14338.0,-5.640000000000001
14339.0,-5.01
14340.0,-5.26
14341.0,-5.5
14342.0,-5.37
14343.0,-5.01
14344.0,-5.04
14345.0,-5.44
14346.0,-5.45
14347.0,-5.33
14348.0,-5.5200000000000005
14349.0,-5.08
14350.0,-5.32
14351.0,-5.02
14352.0,-5.38
14353.0,-5.42
14354.0,-5.550000000000001
14355.0,-5.04
14356.0,-5.390000000000001
14357.0,-5.01
14358.0,-5.1
14359.0,-5.58
14360.0,-5.01
14361.0,-5.06
14362.0,-5.02
14363.0,-5.09
14364.0,-5.02
14365.0,-5.48
14366.0,-5.28
14367.0,-5.02
14368.0,-5.3500000000000005
14369.0,-5.22
14370.0,-5.5600000000000005
14371.0,-5.01
14372.0,-5.02
14373.0,-5.25
14374.0,-5.06
14375.0,-5.32
14376.0,-5.4
14377.0,-5.550000000000001
14378.0,-5.22
14379.0,-5.02
14380.0,-5.4
14381.0,-5.02
14382.0,-5.04
14383.0,-5.07
14384.0,-5.25
14385.0,-5.08
14386.0,-5.04
14387.0,-5.17
14388.0,-5.07
14389.0,-5.36
14390.0,-5.02
14391.0,-5.44
14392.0,-5.3500000000000005
14393.0,-5.01
14394.0,-5.42
14395.0,-5.45
14396.0,-5.08
14397.0,-5.01
14398.0,-5.06
14399.0,-5.02
14400.0,-5.05
14401.0,-5.04
14402.0,-5.01
14403.0,-5.01
14404.0,-5.03
14405.0,-5.05
14406.0,-5.23
14407.0,-5.3500000000000005
14408.0,-5.680000000000001
14409.0,-5.630000000000001
14410.0,-5.18
14411.0,-5.05
14412.0,-5.26
14413.0,-5.36
14414.0,-5.24
14415.0,-5.17
14416.0,-5.59
14417.0,-5.02
14418.0,-5.51
14419.0,-5.34
14420.0,-5.03
14421.0,-5.720000000000001
14422.0,-5.3500000000000005
14423.0,-5.06
14424.0,-5.550000000000001
14425.0,4.199999999999999
14426.0,-5.15
14427.0,-5.2700000000000005
14428.0,-5.2
14429.0,-5.06
14430.0,-5.11
14431.0,-5.01
14432.0,-5.25
14433.0,-5.29
14434.0,-5.01
14435.0,-5.34
14436.0,-5.3500000000000005
14437.0,-5.01
14438.0,-5.04
14439.0,-5.01
14440.0,-5.3100000000000005
14441.0,-5.06
14442.0,-5.09
14443.0,-5.680000000000001
14444.0,-5.01
14445.0,-5.44
14446.0,-5.01
14447.0,-5.2
14448.0,-5.02
14449.0,-5.32
14450.0,-5.06
14451.0,4.369999999999999
14452.0,-5.02
14453.0,-5.06
14454.0,-5.02
14455.0,-5.19
14456.0,-5.29
14457.0,-5.34
14458.0,-5.29
14459.0,-5.34
14460.0,-5.14
14461.0,4.119999999999999
14462.0,-5.74
14463.0,-5.06
14464.0,-5.19
14465.0,-5.3100000000000005
14466.0,-5.04
14467.0,-5.28
14468.0,-5.08
14469.0,-5.19
14470.0,-5.33
14471.0,-5.3100000000000005
14472.0,-5.05
14473.0,-5.37
14474.0,-5.3
14475.0,-5.05
14476.0,-5.870000000000001
14477.0,-5.01
14478.0,-5.02
14479.0,-5.32
14480.0,-5.38
14481.0,-5.02
14482.0,-5.32
14483.0,-5.46
14484.0,-5.03
14485.0,-5.46
14486.0,-5.28
14487.0,-5.45
14488.0,-5.470000000000001
14489.0,-5.29
14490.0,-5.32
14491.0,-5.01
14492.0,-5.02
14493.0,-5.02
14494.0,-5.09
14495.0,-5.02
14496.0,-5.01
14497.0,-5.08
14498.0,-5.22
14499.0,-5.46
14500.0,-5.28
14501.0,-5.14
14502.0,-5.21
14503.0,-5.54
14504.0,-5.26
14505.0,-5.06
14506.0,-5.45
14507.0,-5.02
14508.0,-5.06
14509.0,-5.15
14510.0,-5.03
14511.0,-5.03
14512.0,-5.24
14513.0,-5.48
14514.0,-5.36
14515.0,-5.05
14516.0,-5.04
14517.0,-5.32
14518.0,-5.14
14519.0,-5.49
14520.0,-5.2
14521.0,-5.01
14522.0,-5.65
14523.0,-5.06
14524.0,-5.26
14525.0,-5.34
14526.0,-5.45
14527.0,-5.05
14528.0,-5.13
14529.0,-5.02
14530.0,-5.390000000000001
14531.0,-5.01
14532.0,-5.14
14533.0,-5.02
14534.0,-5.06
14535.0,-5.28
14536.0,-5.34
14537.0,-5.02
14538.0,-5.07
14539.0,-5.18
14540.0,-5.41
14541.0,-5.02
14542.0,-5.33
14543.0,-5.38
14544.0,-5.26
14545.0,-5.34
14546.0,-5.48
14547.0,-5.02
14548.0,-5.32
14549.0,-5.41
14550.0,-5.3
14551.0,-5.37
14552.0,-5.04
14553.0,-5.3
14554.0,-5.03
14555.0,-5.06
14556.0,-5.390000000000001
14557.0,-5.06
14558.0,-5.24
14559.0,-5.62
14560.0,-5.28
14561.0,-5.3500000000000005
14562.0,-5.38
14563.0,-5.01
14564.0,-5.01
14565.0,-5.430000000000001
14566.0,-5.28
14567.0,4.289999999999999
14568.0,-5.23
14569.0,-5.32
14570.0,-5.46
14571.0,-5.08
14572.0,-5.24
14573.0,-5.49
14574.0,-5.2700000000000005
14575.0,-5.36
14576.0,-5.04
14577.0,-5.02
14578.0,-5.03
14579.0,-5.02
14580.0,-5.62
14581.0,-5.22
14582.0,4.46
14583.0,-5.23
14584.0,-5.02
14585.0,-5.19
14586.0,-5.02
14587.0,-5.37
14588.0,-5.02
14589.0,-5.6000000000000005
14590.0,-5.02
14591.0,-5.29
14592.0,-5.2700000000000005
14593.0,-5.02
14594.0,-5.22
14595.0,-5.04
14596.0,-5.45
14597.0,-5.03
14598.0,-5.01
14599.0,-5.44
14600.0,4.1499999999999995
14601.0,-5.470000000000001
14602.0,4.41
14603.0,-5.05
14604.0,-5.15
14605.0,-5.32
14606.0,-5.09
14607.0,-5.06
14608.0,-5.3500000000000005
14609.0,-5.1
14610.0,-5.04
14611.0,-5.01
14612.0,-5.19
14613.0,-5.04
14614.0,-5.51
14615.0,-5.03
14616.0,-5.38
14617.0,-5.36
14618.0,-5.25
14619.0,-5.4
14620.0,-5.01
14621.0,-5.08
14622.0,-5.5200000000000005
14623.0,-5.34
14624.0,-5.11
14625.0,-5.04
14626.0,-5.25
14627.0,4.209999999999999
14628.0,-5.37
14629.0,-5.01
14630.0,4.279999999999999
14631.0,-5.4
14632.0,-5.19
14633.0,-5.03
14634.0,-5.04
14635.0,-5.08
14636.0,-5.04
14637.0,-5.33
14638.0,-5.22
14639.0,-5.03
14640.0,-5.32
14641.0,-5.19
14642.0,-5.38
14643.0,-1.0000000000000007
14644.0,-5.430000000000001
14645.0,-5.03
14646.0,-5.32
14647.0,-5.5200000000000005
14648.0,-5.1
14649.0,-5.550000000000001
14650.0,-5.48
14651.0,-5.36
14652.0,-5.4
14653.0,-5.41
14654.0,-5.34
14655.0,-5.01
14656.0,-5.4
14657.0,-5.07
14658.0,-5.430000000000001
14659.0,-5.29
14660.0,-5.390000000000001
14661.0,-5.48
14662.0,-5.04
14663.0,-5.07
14664.0,-5.04
14665.0,-5.5200000000000005
14666.0,-5.5
14667.0,-5.38
14668.0,-5.3100000000000005
14669.0,-5.49
14670.0,-5.02
14671.0,-5.44
14672.0,-5.5600000000000005
14673.0,-5.44
14674.0,-5.37
14675.0,-5.630000000000001
14676.0,-5.09
14677.0,-5.29
14678.0,-5.430000000000001
14679.0,-5.01
14680.0,-5.28
14681.0,-5.18
14682.0,-5.46
14683.0,-5.02
14684.0,-5.33
14685.0,-5.02
14686.0,-5.02
14687.0,-5.03
14688.0,-5.02
14689.0,-5.24
14690.0,-5.26
14691.0,-5.46
14692.0,-5.01
14693.0,-5.01
14694.0,-5.06
14695.0,-5.02
14696.0,-5.09
14697.0,-5.03
14698.0,-5.02
14699.0,-5.01
14700.0,-5.04
14701.0,-5.3
14702.0,-5.550000000000001
14703.0,-5.05
14704.0,-5.3
14705.0,-5.06
14706.0,-5.07
14707.0,-5.26
14708.0,-5.26
14709.0,-5.470000000000001
14710.0,-5.48
14711.0,-5.01
14712.0,-5.03
14713.0,-5.05
14714.0,-5.11
14715.0,-5.04
14716.0,-5.3100000000000005
14717.0,-5.03
14718.0,-5.29
14719.0,-5.1
14720.0,-5.25
14721.0,-5.21
14722.0,-5.390000000000001
14723.0,-5.29
14724.0,-5.02
14725.0,-5.42
14726.0,-5.01
14727.0,-5.08
14728.0,-5.45
14729.0,-5.01
14730.0,-5.01
14731.0,-5.3100000000000005
14732.0,-5.02
14733.0,-5.03
14734.0,-5.02
14735.0,-5.01
14736.0,-5.21
14737.0,-5.58
14738.0,-5.25
14739.0,-5.37
14740.0,-5.06
14741.0,-5.38
14742.0,-5.08
14743.0,-5.05
14744.0,-5.03
14745.0,-5.29
14746.0,-5.04
14747.0,-5.02
14748.0,-5.01
14749.0,-5.430000000000001
14750.0,-5.06
14751.0,-5.04
14752.0,-5.22
14753.0,-5.36
14754.0,-5.24
14755.0,4.35
14756.0,-5.03
14757.0,-5.32
14758.0,-5.640000000000001
14759.0,-5.29
14760.0,-5.45
14761.0,-5.03
14762.0,-5.34
14763.0,-5.44
14764.0,-5.04
14765.0,-5.02
14766.0,-5.09
14767.0,-5.5200000000000005
14768.0,4.129999999999999
14769.0,-5.03
14770.0,-5.33
14771.0,4.5
14772.0,-5.5600000000000005
14773.0,-5.6000000000000005
14774.0,-5.1
14775.0,-5.01
14776.0,-5.05
14777.0,-5.08
14778.0,-5.21
14779.0,-5.25
14780.0,-5.07
14781.0,-5.02
14782.0,-5.51
14783.0,-5.1
14784.0,-5.08
14785.0,4.43
14786.0,-5.45
14787.0,-5.25
14788.0,-5.33
14789.0,-5.4
14790.0,-5.29
14791.0,-5.07
14792.0,-5.24
14793.0,-5.29
14794.0,-5.41
14795.0,-5.03
14796.0,-5.98
14797.0,-5.28
14798.0,-5.02
14799.0,-5.2700000000000005
14800.0,-5.48
14801.0,-5.06
14802.0,-5.28
14803.0,-5.49
14804.0,-5.08
14805.0,-5.51
14806.0,-5.02
14807.0,-5.3500000000000005
14808.0,-5.01
14809.0,-5.5
14810.0,-5.62
14811.0,-5.44
14812.0,4.41
14813.0,-5.37
14814.0,-5.46
14815.0,4.359999999999999
14816.0,-5.04
14817.0,-5.390000000000001
14818.0,-5.02
14819.0,-5.12
14820.0,-5.390000000000001
14821.0,-5.08
14822.0,-5.42
14823.0,-5.01
14824.0,-5.04
14825.0,4.43
14826.0,-5.02
14827.0,-5.3
14828.0,-5.430000000000001
14829.0,-5.08
14830.0,-5.23
14831.0,-5.01
14832.0,4.129999999999999
14833.0,-5.32
14834.0,-5.02
14835.0,-5.1
14836.0,-5.45
14837.0,4.1499999999999995
14838.0,-5.29
14839.0,-5.04
14840.0,-5.58
14841.0,-5.46
14842.0,-5.02
14843.0,-5.34
14844.0,-5.3
14845.0,-5.36
14846.0,-5.03
14847.0,-5.02
14848.0,-5.02
14849.0,-5.01
14850.0,-5.02
14851.0,-5.37
14852.0,-5.37
14853.0,-5.36
14854.0,-5.24
14855.0,-5.4
14856.0,-5.06
14857.0,-5.02
14858.0,-5.06
14859.0,-5.07
14860.0,-5.15
14861.0,-5.22
14862.0,-5.49
14863.0,-5.08
14864.0,-5.44
14865.0,4.2299999999999995
14866.0,-5.06
14867.0,-5.01
14868.0,-5.470000000000001
14869.0,4.31
14870.0,-5.44
14871.0,-5.02
14872.0,-5.06
14873.0,-5.29
14874.0,-5.02
14875.0,-5.04
14876.0,4.3999999999999995
14877.0,-5.03
14878.0,-5.03
14879.0,4.47
14880.0,-5.01
14881.0,-5.54
14882.0,-5.430000000000001
14883.0,-5.04
14884.0,-5.01
14885.0,-5.3
14886.0,-5.29
14887.0,-5.54
14888.0,-5.2
14889.0,4.49
14890.0,-5.23
14891.0,-5.25
14892.0,-5.11
14893.0,-5.02
14894.0,-5.45
14895.0,-5.550000000000001
14896.0,-5.41
14897.0,-5.16
14898.0,-5.25
14899.0,-5.03
14900.0,-5.2700000000000005
14901.0,-5.23
14902.0,-5.4
14903.0,4.18
14904.0,-5.2
14905.0,-5.04
14906.0,-5.21
14907.0,-5.61
14908.0,-5.33
14909.0,-5.3
14910.0,-5.03
14911.0,-5.46
14912.0,-5.34
14913.0,-5.74
14914.0,-5.42
14915.0,-5.02
14916.0,-5.42
14917.0,-5.3500000000000005
14918.0,-5.08
14919.0,-5.73
14920.0,-5.13
14921.0,-5.29
14922.0,-5.09
14923.0,4.25
14924.0,-5.36
14925.0,-5.45
14926.0,-5.630000000000001
14927.0,-5.06
14928.0,-5.25
14929.0,-5.22
14930.0,-5.25
14931.0,-5.02
14932.0,-5.32
14933.0,-5.46
14934.0,-5.01
14935.0,-5.3
14936.0,-5.44
14937.0,-5.12
14938.0,-5.01
14939.0,-5.2
14940.0,-5.66
14941.0,-5.01
14942.0,-5.03
14943.0,-5.06
14944.0,-5.42
14945.0,-5.33
14946.0,-5.58
14947.0,-5.61
14948.0,-5.3
14949.0,-5.54
14950.0,-5.16
14951.0,-5.03
14952.0,-5.26
14953.0,-5.430000000000001
14954.0,-5.3
14955.0,-5.02
14956.0,-5.3500000000000005
14957.0,-5.24
14958.0,-5.430000000000001
14959.0,-5.07
14960.0,-5.03
14961.0,-5.3500000000000005
14962.0,-5.04
14963.0,-5.32
14964.0,-5.41
14965.0,-5.01
14966.0,4.33
14967.0,4.4399999999999995
14968.0,-5.3100000000000005
14969.0,-5.01
14970.0,-5.48
14971.0,-5.61
14972.0,-5.06
14973.0,-5.37
14974.0,-5.06
14975.0,-5.3100000000000005
14976.0,-5.22
14977.0,-5.06
14978.0,-5.5200000000000005
14979.0,-5.01
14980.0,-5.02
14981.0,-5.29
14982.0,-5.01
14983.0,-5.29
14984.0,-5.5600000000000005
14985.0,-5.04
14986.0,4.35
14987.0,-5.02
14988.0,-5.01
14989.0,-5.05
14990.0,-5.53
14991.0,-5.04
14992.0,-5.26
14993.0,-5.3
14994.0,-5.06
14995.0,-5.33
14996.0,-5.38
14997.0,4.449999999999999
14998.0,-5.16
14999.0,-5.05
