0
284202
591799
683315
1628337
2292071
2727385
3017929
3640745
3837647
4424243
5212154
5353598
5695739
6164739
6644447
7087209
7324386
7732193
8289011
8706490
8983244
9314356
9535196
9876634
10646620
11051622
11576048
12381142
12687281
12972675
13469049
14028841
14523678
15127771
15613971
15941029
16257731
16480464
16617024
16683796
17028537
17192441
17479601
17866654
18018639
18240124
19537937
19357769
19535337
19643079
19645695
19891973
20078701
20217598
20386721
20767959
21314226
21699311
22109892
22648947
23194371
23419917
23803756
24148725
24366748
24520543
24699038
24899423
25070349
25382711
25786183
26102487
26587577
26964360
27569510
28258049
29119645
29780779
29878603
29884243
29886827
29900820
29912409
29932146
30507107
31174580
31434491
31672609
31859480
32048486
32257811
32326254
32422227
32453676
32557205
32749963
33149484
33246607
34285257
33808663
34301137
34515275
34597621
34643667
34615031
34697323
35006232
35160633
35733814
35831028
36232993
36710392
36781411
37039295
37636935
37739171
37943266
38337679
38337515
38337812
38337571
38200891
38614552
38812753
38994789
39055711
43049642
43113901
43376584
43405917
43997404
44055362
44122422
44170003
44246501
44288137
44355073
44388439
44471738
44500508
44575343
44583721
44820899
45032764
45118786
45561680
45767266
46023011
46612572
46760177
46808457
47001687
47088844
47161167
47388731
47467854
47585264
47902811
48039746
48281768
48489072
48719036
48997003
49154474
49181142
49312176
49409556
49528429
49552469
49827231
49964015
50117969
50256554
50281613
50305525
50338661
50357145
50433160
50431121
50650424
50706122
50795782
51008644
51364055
51473405
51767550
52033793
52411470
52564814
52873765
53161524
53671894
54247840
54452252
54482974
54605592
54596159
54621203
54796132
54902521
54977520
55123515
55031938
55472647
55767471
56038394
56507929
56860839
56926276
57144599
57394207
57471470
59262779
57876176
58030374
58135874
58253489
58503624
58526661
58506617
58837839
59589619
59766651
59856683
59930883
59987883
60035586
60220231
60259467
60829729
61761441
60815094
60659735
60678234
60691159
60700798
60710375
60724594
60737645
60743680
60758247
60772713
60777954
60789813
60804459
60813833
60819752
60833737
60848967
60853313
60870834
60865941
60869837
60871027
60872954
60873167
60874646
60875002
60878420
60880509
60883384
60884457
60885542
60885189
60887557
60889443
60887455
60894884
60895253
60895314
60896560
60897563
60898090
60903597
60905034
60905033
60909026
60910994
60912116
60913364
60914442
60915282
60916253
60917403
60918623
60920226
60921352
60922488
60934292
60936028
60937053
60940192
60941728
60943251
60932647
60935439
60936385
60933307
60938884
60938231
60941628
60944931
60946132
60947285
60946216
60948197
60948458
60949660
60952300
60966425
60954640
60957205
60956364
60960630
60961565
60960305
60961382
60964601
60960993
60966066
60979456
60969568
60968541
60969510
60970494
60973128
60985636
60973142
60976480
60980024
60981127
60992631
60994116
60982276
60983394
60981639
60983659
60987174
60990951
60992073
61004219
60993509
60990110
60990945
60996063
60996780
60996222
60997330
61001177
61001985
61003183
61004152
61005470
61006543
61007588
61008457
61010768
61014511
61015640
61016727
61017784
61018525
61019535
61020827
61024422
61025215
61023326
61026086
61027937
61029018
61029903
61030994
61031926
61035847
61036668
61037717
61038811
61037814
61040954
61042383
61043579
61044448
61048240
61049420
61046658
61050570
61051726
61051000
61049122
61067903
61054236
61058134
61059368
61059983
61057546
61061507
61060486
61062949
61062781
61063852
61065408
61069632
61071455
61069212
61073406
61074947
61075371
61076363
61075698
61077019
61080651
61082892
61081863
61082992
61084394
61086572
61087539
61086559
61089449
61090510
61089431
61093321
61093222
61094697
61096646
61098510
61094941
61097944
61101730
61104464
61105378
61123335
61123737
61108089
61126434
61108779
61108590
61128599
61112432
61116089
61134593
61116075
61118936
61138031
61116564
61121779
61139890
61123264
61126734
61127736
61127235
61128779
61130143
61131911
61132611
61133357
61137429
61138400
61158788
61159964
61143003
61142399
61143493
61144888
61148325
61149419
61150462
61151468
61152203
61152444
61153047
61151762
61155919
61159599
61160525
61180770
61160331
61162195
61164195
61164738
61163599
61186708
61189411
61191377
61192192
61192614
61171979
61173079
61175901
61176227
61179838
61180809
61180631
61181586
61181379
61185213
61186306
61207965
61185008
61190643
61213745
61214764
61215366
61216524
61193622
61196617
61197684
61198713
61223013
61200032
61204015
61204764
61203852
61204314
61207478
61208577
61209490
61234895
61213319
61213157
61215421
61215162
61217339
61216950
61241918
61242680
61219812
61223776
61222953
61224949
61249405
61225980
61228125
61229131
61228802
61229631
61233467
61235993
61235382
61237573
61238316
61238138
61239345
61240286
61244020
61270886
61271396
61272127
61273015
61274301
61249789
61250685
61251543
61255185
61256228
61257350
61258066
61257927
61261660
61262754
61263610
61266306
61267997
61267367
61266881
61270748
61271723
61272847
61298572
61273383
61271916
61278641
61304325
61278629
61279185
61280388
61283407
61284450
61285152
61286616
61289367
61290174
61289742
61291381
61292154
61294444
61293401
61295599
61325499
61298116
61299466
61299984
61301551
61302557
61302722
61306591
61305380
61337929
61338661
61312100
61313340
61314400
61315035
61311916
61316191
61345032
61315451
61320187
61321197
61319813
61324926
61322620
61326670
61354779
61355903
61327322
61331601
61362096
61331622
61335430
61333364
61336762
61337699
61338602
61339746
61339676
61343942
61343489
61344567
61346076
61344985
61348833
61349660
61349649
61354038
61355038
61356058
61355592
61355327
61359277
61359946
61359116
61361591
61365367
61366156
61365016
61367759
61397449
61398307
61370054
61369097
61401510
61372802
61375604
61406923
61407417
61377322
61377999
61378649
61382152
61382875
61384650
61385895
61387423
61389055
61389807
61389458
61390426
61391571
61426636
61395714
61397779
61399514
61431453
61399105
61433279
61403651
61401340
61404993
61404537
61409320
61408525
61410397
61411908
61412308
61411835
61413267
61415226
61416026
61419383
61418663
61418127
61453718
61420629
61423732
61424569
61425315
61426265
61427035
61431348
61430051
61431202
61430656
61434518
61435246
61433943
61437113
61438049
61439470
61442255
61443110
61443862
61443269
61444690
61447021
61447920
61445541
61452494
61453153
61452904
61454712
61453140
61454602
61456472
61458098
61458706
61460917
61462654
61464538
61462548
61466291
61467758
61466486
61469129
61466668
61473040
61508054
61474948
61509657
61474382
61477444
61478391
61477404
61477629
61480338
61482237
61482935
61483041
61485844
61485841
61488898
61487684
61487548
61525855
61489949
61530692
61493357
61532736
61496640
61533702
61535418
61498777
61538223
61538735
61501661
61507176
61508007
61507050
61508576
61508812
61509059
61512725
61511336
61513784
61512988
61518121
61517860
61519221
61556994
61521147
61521711
61521296
61523299
61522806
61524967
61566347
61567403
61530592
61527381
61531929
61532640
61532251
61532830
61535558
61538701
61576883
61540709
61541423
61540756
61542064
61544426
61541803
61546291
61546824
61548659
61550014
61551523
61553577
61552738
61593331
61556220
61554955
61599334
61600206
61560478
61561329
61562689
61603988
61564134
61604778
61564562
61567916
61571596
61570541
61571296
61574379
61575313
61576140
61616300
61577809
61578951
61621552
61581097
61584091
61584363
61585435
61585997
61587509
61585526
61588827
61587556
61593010
61593516
61634269
61595694
61636931
61595237
61598089
61598845
61599189
61600652
61603715
61604111
61603476
61605551
61647966
61648212
61650267
61650309
61608799
61613555
61616283
61657462
61615817
61659431
61619391
61620330
61621046
61620371
61625124
61626814
61626067
61626739
61628000
61628992
61630035
61630874
61633550
61678371
61636481
61638698
61639423
61640346
61639812
61639466
61643329
61642135
61690120
61646093
61649435
61650235
61650693
61649677
61652599
61653269
61651383
61655030
61700817
61659320
61660363
61703697
61659594
61660501
61706475
61661417
61664763
61666060
61667612
61668499
61715355
61669135
61673195
61671927
61675147
61675469
61677613
61677376
61680967
61679886
61726654
61679412
61683904
61684350
61685736
61685008
61687481
61735801
61689499
61736886
61691077
61692416
61739192
61695939
61696948
61695446
61698330
61701684
61701102
61703208
61702633
61702555
61751057
61705270
61707628
61706771
61707049
61712514
61710768
61760239
61715149
61715794
61716917
61717672
61717720
61719118
61769556
61722085
61722929
61772096
61726171
61725198
61726609
61774854
61726588
61730429
61732431
61735023
61782447
61782768
61735385
61785307
61785823
61739082
61742219
61745820
61746610
61747301
61746728
61748444
61750545
61746897
61750388
61749820
61754651
61756659
61756056
61757062
61807968
61808754
61809133
61760525
61763703
61814948
61765826
61768878
61769863
61818437
61771615
61772546
61773230
61773008
61777465
61776234
61778993
61779600
61779576
61781327
61830890
61783211
61783987
61783061
61787239
61788923
61840063
61840169
61790037
61793086
61794142
61794859
61796914
61796329
61799293
61851231
61851658
61802056
61853754
61802320
61803047
61805562
61805687
61809492
61809347
61862476
61863703
61863948
61813029
61865474
61815280
61817292
61821766
61820723
61821656
61873596
61873761
61824210
61875951
61824255
61825632
61826659
61828880
61830834
61882953
61833241
61833730
61834763
61836063
61834706
61836161
61836916
61839948
61839442
61843598
61844014
61844417
61898370
61846860
61844523
61846603
61847223
61852350
61853538
61854001
61854909
61854022
61852598
61855879
61858483
61912462
61915940
61862082
61863165
61918797
61864536
61867510
61868502
61921824
61870119
61870963
61872740
61872318
61875902
61877115
61877895
61876649
61875967
61879524
61880076
61881308
61884299
61939984
61941077
61886670
61889800
61890764
61891513
61892368
61893294
61896495
61895985
61898747
61897656
61955418
61955452
61902262
61899220
61901387
61962152
61962270
61963412
61907853
61910915
61911972
61912614
61912083
61914329
61917827
61917110
61918966
61917424
61976318
61977496
61923034
61924457
61924783
61984271
61984665
61928218
61931034
61932155
61932811
61933619
61934440
61934255
61936087
61938203
61937654
61938386
61941985
61939682
61943612
61944319
62002035
61943753
61946628
61945547
61947667
61951577
61949369
61953335
61953825
61952648
61953810
61953277
61956838
61957794
61958471
61961821
61962978
61962040
62022530
61965367
61963484
61966387
61967639
62029204
62029708
61971407
61973425
61973576
61975922
61976348
61977489
61975368
61978918
61981579
61983335
62043468
62043796
61985391
61987577
61987090
62047901
62051152
61991473
61994495
61995103
61994404
61997256
61997710
62058878
61999345
62062702
62063275
62001374
62004137
62004910
62004933
62067013
62068136
62007769
62010801
62073765
62014934
62015642
62015310
62017050
62015975
62018818
62079141
62020504
62019746
62024104
62023126
62026230
62026938
62026389
62025921
62028618
62030450
62029380
62030894
62034546
62035671
62098383
62037771
62100182
62037336
62038531
62039241
62041704
62040844
62043054
62046738
62108463
62047394
62050671
62051426
62050491
62049961
62054627
62053838
62119512
62119992
62059389
62122278
62059455
62059539
62062652
62063420
62063662
62065060
62063054
62069341
62070622
62069486
62069002
62071328
62073102
62071789
62075777
62074880
62079778
62080042
62081156
62081373
62080234
62084056
62084207
62082719
62149423
62087111
62090996
62090372
62090637
62090215
62093889
62093559
62095586
62093791
62097804
62096384
62102010
62101053
62103957
62102690
62102280
62105989
62106914
62107926
62107857
62108983
62112650
62178599
62178540
62179765
62113560
62181454
62114859
62118159
62115802
62119736
62122918
62121209
62125105
62123297
62125567
62125817
62127871
62195210
62196017
62131520
62132446
62135217
62136010
62135159
62138180
62138749
62137559
62137104
62140562
62144408
62212042
62212550
62145178
62148082
62149086
62146926
62150336
62150295
62152044
62154402
62156413
62157108
62224314
62156559
62159952
62158548
62158450
62228484
62161636
62233439
62164741
62168206
62167205
62166508
62237744
62168933
62171742
62170643
62173681
62175430
62177624
62247142
62248003
62178843
62181880
62182639
62182036
62186733
62255839
62187968
62187587
62190433
62191006
62190598
62189868
62262564
62262507
62197810
62197930
62197856
62269288
62270186
62200501
62203512
62204039
62203668
62205474
62209793
62210649
62209522
62281944
62282281
62214387
62214759
62215487
62217278
62220161
62218960
62218626
62291870
62223261
62222510
62224486
62224453
62227921
62228693
62232011
62302897
62234090
62232884
62235628
62235275
62235616
62238580
62236879
62312839
62243001
62241345
62244410
62245046
62243871
62246981
62245573
62246497
62319865
62249672
62253380
62252698
62253070
62255741
62256899
62255910
62329774
62257804
62331277
62263703
62264342
62263934
62266177
62264051
62267738
62267073
62269584
62270518
62271145
62274609
62275050
62276138
62349977
62350532
62276437
62279771
62281344
62280080
62283429
62285782
62284793
62284586
62288285
62288686
62289937
62288134
62291624
62295472
62293285
62295040
62295593
62298276
62372435
62298359
62374763
62299677
62302688
62305919
62305610
62306010
62306131
62309712
62309023
62311088
62387026
62312483
62390277
62315829
62392087
62319120
62393489
62320580
62319483
62322307
62321302
62321512
62327223
62328197
62327223
62330148
62329138
62406524
62331951
62331753
62409139
62337994
62338976
62339629
62340021
62339903
62338642
62343099
62343433
62344738
62424145
62348721
62350691
62351467
62352230
62353074
62353066
62352836
62432431
62435186
62358190
62358776
62361509
62360772
62361472
62441221
62362209
62365676
62369140
62447697
62368371
62372000
62372962
62370650
62373040
62373514
62373424
62377005
62379532
62379642
62459380
62383250
62384162
62383538
62385466
62464338
62388631
62391368
62468394
62392855
62471340
62394266
62473369
62395901
62394780
62397242
62396951
62400036
62480622
62401689
62404586
62405277
62403120
62484956
62404856
62405555
62408791
62410144
62412974
62411041
62413382
62412437
62415694
62416518
62416600
62414855
62497074
62419225
62420667
62502979
62423982
62423401
62505713
62507352
62429208
62429952
62431083
62511933
62514751
62436136
62437065
62436452
62435570
62437919
62440287
62440805
62522430
62440467
62446292
62445366
62528182
62446680
62449687
62450215
62451070
62451950
62534097
62455390
62455135
62457909
62458449
62459641
62458747
62542330
62461269
62460972
62463746
62467025
62468129
62467049
62469439
62470366
62552412
62470042
62554410
62473466
62472335
62477834
62476815
62476631
62562082
62481153
62480032
62482177
62482942
62482146
62566946
62486546
62489437
62490120
62490848
62490959
62492208
62490751
62575938
62494596
62495269
62497787
62497719
62500538
62500252
62502481
62500285
62501075
62504245
62503691
62503876
62503442
62509376
62594283
62509535
62512255
62513078
62513597
62514915
62513687
62600416
62514316
62518540
62520990
62521255
62519754
62521630
62522508
62609123
62525174
62526951
62526023
62530087
62616956
62617215
62534145
62534704
62533535
62536103
62536836
62622209
62538024
62540155
62627561
62541803
62629827
62544971
62630994
62546319
62545510
62543933
62547290
62637264
62553051
62639697
62555022
62640318
62556226
62555281
62557503
62645274
62556872
62561289
62563552
62561778
62564538
62566349
62567239
62567808
62568116
62566799
62568945
62569622
62574469
62661892
62574052
62662441
62577224
62577207
62576237
62666364
62580259
62581081
62672422
62582716
62586491
62674572
62586321
62676207
62676449
62590440
62589559
62588856
62682099
62596103
62596894
62685702
62596732
62687489
62598661
62688289
62601503
62599275
62602202
62695114
62605749
62608428
62607983
62607435
62608726
62609163
62700731
62610704
62611370
62617252
62614775
62707160
62619176
62616688
62618563
62621254
62710370
62622672
62622704
62622491
62716887
62625603
62627981
62629885
62720177
62721127
62630635
62722288
62632333
62724134
62638516
62638549
62638387
62731197
62642049
62642863
62644511
62644571
62736990
62740549
62742094
62652552
62651535
62652194
62745890
62653670
62658864
62669418
62762343
62672547
62673010
62767453
62676651
62677060
62676646
62679299
62679678
62773761
62774033
62684565
62778520
62688753
62780997
62690771
62782573
62692432
62691779
62691356
62693516
62693132
62697765
62698351
62698376
62793234
62702747
62701959
62704160
62704665
62706258
62704305
62707044
62710666
62803489
62712019
62708680
62711781
62712531
62807732
62808254
62715229
62810671
62720780
62814935
62714065
62714633
62809621
62717622
62716136
62717750
62720232
62718335
62720852
62725457
62820106
62820639
62726231
62729536
62728254
62731185
62731617
62730629
62829824
62735089
62831058
62735670
62737780
62738514
62739171
62741493
62742061
62741436
62744766
62746217
62746208
62842859
62749960
62750682
62751829
62753018
62751674
62753918
62754342
62758724
62758673
62855317
62759903
62761910
62760170
62762494
62761624
62764724
62765502
62769551
62769508
62867174
62867065
62773258
62869509
62772317
62871052
62773900
62875589
62778231
62781104
62781815
62782403
62780589
62784091
62782075
62784998
62783457
62786615
62791027
62791576
62790683
62890116
62792392
62795283
62794954
62793677
62796376
62798098
62897678
62801933
62803248
62801075
62802932
62804688
62806354
62805123
62807408
62807929
62810478
62910848
62812341
62815122
62814939
62816591
62816100
62817980
62917371
62920284
62921650
62822461
62825334
62823938
62827000
62825685
62827649
62827028
62829593
62831277
62833727
62832842
62934307
62834468
62837506
62836618
62838842
62837323
62939552
62843111
62844357
62845448
62844365
62846687
62947156
62848662
62846450
62848902
62849259
62951158
62855203
62853849
62955147
62956240
62857382
62855861
62959691
62860274
62857796
62861384
62862118
62865825
62862307
62966636
62868141
62867180
62867785
62868480
62869300
62972059
62870892
62876710
62875596
62877720
62979411
62879795
62981271
62981838
62882659
62883121
62883957
62887317
62885631
62889642
62890069
62992310
62992411
62892764
62891640
62892497
62999009
62895967
62900693
62900525
62903153
62903639
62901786
62903968
62904453
63011298
62909137
62911873
62910940
62913036
63016489
63017026
62916338
62915114
62917574
62921052
62919976
62922905
63026778
62922630
62923276
62924701
63028400
62925199
63030144
62931495
62931455
62930117
62933603
62934932
62933922
63039391
62935600
62933923
62937065
62940484
62942846
62944003
62943718
63049338
62944360
62947476
62948142
62946865
62949308
62950939
62952188
62954621
62952968
63059588
62954884
62957540
62957975
62956296
63064012
62959604
63068339
62964916
62966394
62965403
62965655
63073519
63073087
62968677
62970631
62972743
62973139
63080666
62975362
62977487
62976672
62978843
63085481
62979079
62982032
62985035
62983791
63092028
62987081
63093271
62988693
62987580
62987207
62990678
62991697
62992135
62993610
62996201
63103258
62997991
62997767
63105180
62999258
63001102
62999501
63001667
63001205
63007346
63006334
63006488
63116278
63007340
63009469
63117650
63011769
63118825
63013461
63015977
63015814
63125643
63126384
63020682
63018868
63022011
63021885
63023778
63021995
63027467
63028039
63137445
63027941
63027806
63029468
63032024
63032291
63142108
63032774
63145790
63038961
63037590
63040030
63039721
63040116
63150849
63041506
63042336
63153325
63045995
63048976
63047712
63050633
63159415
63052260
63052894
63051816
63162712
63052965
63055984
63057458
63060239
63058320
63061837
63062899
63173138
63062907
63065732
63175051
63067042
63179523
63070941
63070042
63071733
63073535
63070392
63074388
63075741
63185922
63186776
63077398
63191519
63081590
63080228
63083066
63082205
63195490
63085060
63197162
63198102
63086243
63090481
63092269
63091341
63204345
63092538
63095050
63095005
63094948
63096039
63095362
63100871
63102236
63101225
63100060
63103178
63102744
63106464
63104551
63219256
63109218
63109539
63224067
63111545
63225772
63115432
63114329
63113964
63117255
63117903
63230962
63119361
63235905
63122155
63236488
63125827
63238379
63125207
63124928
63127636
63127252
63129218
63243114
63130868
63131851
63135730
63136468
63137337
63250406
63136864
63139847
63138503
63139279
63142074
63145594
63259105
63144990
63148572
63145557
63149906
63150156
63265026
63149052
63152394
63156184
63155318
63154622
63158094
63159245
63157961
63158876
63274910
63160459
63276614
63166755
63165556
63170529
63169633
63170193
63287856
63172192
63174980
63173089
63290534
63179563
63179262
63179113
63296713
63182154
63184080
63299174
63183658
63185372
63187984
63190431
63190429
63307936
63308000
63193956
63193817
63194751
63193465
63312339
63200521
63199107
63318196
63202714
63203535
63202937
63202805
63321050
63322395
63205396
63207925
63211394
63327720
63212695
63211717
63211796
63331235
63216199
63215084
63215242
63216123
63216696
63339072
63220958
63223869
63340999
63225226
63224846
63225109
63224611
63226651
63227352
63349640
63233573
63351501
63235230
63235749
63236595
63237250
63197324
63320568
63204645
63213199
63222767
63343588
63227363
63227485
63225902
63225640
63230211
63231402
63230527
63233242
63235811
63355525
63237681
63357821
63240059
63239947
63241087
63241529
63361481
63362546
63242747
63247885
63249068
63367696
63250414
63251078
63248960
63252428
63251669
63372874
63255223
63374824
63259561
63378835
63259121
63259705
63381497
63263450
63383166
63265196
63264308
63263845
63387473
63271046
63272054
63271763
63271908
63394330
63395352
63276620
63277300
63276245
63281847
63281414
63404301
63281247
63405015
63285786
63285348
63408097
63285714
63288669
63286577
63291613
63293552
63415445
63416563
63297008
63294507
63298327
63298844
63297801
63424115
63304220
63303390
63304756
63305307
63307070
63307356
63429723
63309677
63431497
63310855
63314683
63438131
63438143
63315088
63318511
63317270
63320146
63320014
63321738
63322669
63448690
63324100
63326884
63325838
63329361
63327572
63330795
63329460
63329300
63331388
63334190
63335980
63334223
63339235
63463245
63338642
63341343
63339358
63342871
63343583
63470533
63347604
63471796
63346783
63350458
63348349
63351884
63352367
63351390
63353502
63478318
63355671
63482354
63359976
63359457
63485405
63361779
63362320
63488176
63364402
63363479
63366052
63368443
63368365
63368545
63372002
63370981
63373681
63374034
63373163
63500326
63377003
63378782
63380737
63381034
63380616
63383043
63383969
63383882
63511221
63384533
63387307
63388916
63389500
63517519
63393363
63392482
63394897
63395024
63521969
63397443
63398187
63400685
63401310
63401095
63401815
63403770
63403199
63405183
63404001
63405727
63405170
63407252
63539509
63411447
63414293
63412756
63415677
63413965
63544142
63416176
63545787
63419573
63421335
63421943
63552250
63425803
63425674
63554415
63426119
63428979
63429986
63431257
63431896
63562728
63433835
63435308
63437392
63565973
63437275
63438003
63440436
63444123
63442995
63442263
63444510
63574902
63447794
63446249
63448924
63449716
63579510
63451977
63453094
63455627
63458624
63588848
63461013
63459883
63460696
63461542
63462198
63467333
63467777
63466622
63598294
63468303
63469253
63471635
63469531
63472179
63473135
63474161
63477099
63607967
63477493
63480390
63479483
63611244
63482677
63613680
63484427
63484762
63485502
63618610
63486932
63489314
63490943
63622475
63490747
63493692
63493422
63625452
63494255
63498326
63497327
63499584
63498776
63631811
63502634
63503593
63501183
63503192
63636757
63506649
63509951
63641383
63510426
63510296
63513025
63513170
63511956
63646778
63515329
63515795
63517372
63520691
63518934
63519665
63524006
63523811
63523364
63522406
63525470
63658681
63526011
63526575
63531961
63532954
63665688
63532701
63535438
63532949
63535928
63670174
63536518
63673659
63542594
63541662
63541221
63544011
63678344
63544450
63679605
63547830
63546024
63549627
63685864
63552685
63553729
63555328
63688876
63690099
63555144
63556373
63556987
63693030
63560741
63562908
63561724
63564750
63566574
63565258
63701345
63568971
63702986
63570468
63570036
63708996
63575554
63576154
63576826
63712572
63577191
63579907
63577526
63579324
63581407
63583443
63582480
63583391
63721661
63587959
63586976
63585168
63589457
63726203
63591774
63729626
63730311
63596457
63596725
63597516
63733481
63599421
63598554
63599083
63737819
63600837
63606123
63606638
63605875
63606657
63744814
63610346
63609417
63610153
63608934
63751982
63614813
63615731
63618370
63755962
63617056
63756779
63619595
63758282
63620720
63759944
63627371
63763986
63628704
63765600
63630369
63628259
63768501
63630723
63633452
63631891
63632843
63638470
63638024
63636845
63640167
63639432
63640088
63639716
63643339
63640304
63643443
63786241
63647356
63647409
63651535
63649886
63790366
63653634
63792660
63655169
63654336
63656532
63660035
63660566
63660997
63800858
63660959
63802095
63664720
63665230
63662308
63804865
63670138
63808987
63669572
63811164
63673351
63812607
63674800
63674779
63814814
63677111
63819685
63681472
63680561
63682908
63681979
63682652
63824497
63686321
63685423
63687969
63690331
63690479
63691132
63690781
63833851
63694953
63694408
63836843
63697282
63695282
63698874
63701043
63701392
63700681
63702585
63705010
63703975
63704597
63706734
63848388
63708893
63709687
63712941
63713501
63713917
63712335
63711941
63714401
63856196
63714143
63714802
63857722
63858813
63859536
63859519
63717399
63719769
63721514
63722327
63724880
63724464
63868028
63727256
63728057
63724587
63729480
63726248
63729325
63875939
63733042
63735669
63734784
63879627
63738448
63737423
63739594
63738948
63886853
63742844
63742727
63745421
63889150
63747136
63746756
63892527
63749999
63750471
63897591
63754451
63754215
63757363
63755469
63901501
63759284
63759176
63757791
63759706
63762981
63762876
63764800
63765504
63765495
63768837
63767827
63770458
63770683
63915420
63772977
63919710
63777199
63775773
63778652
63777238
63780039
63778649
63781412
63780602
63927111
63789792
63788054
63791043
63789081
63792468
63791637
63939353
63794596
63940142
63794513
63796173
63800513
63799628
63946734
63803242
63948393
63804659
63804289
63950793
63806960
63805935
63957042
63810793
63957713
63813602
63812982
63814969
63814291
63962722
63817526
63818192
63819971
63820680
63821309
63823872
63822366
63971434
63824107
63972562
63827871
63974414
63829118
63829851
63832566
63832248
63980919
63835930
63832389
63834532
63984165
63835968
63835915
63842292
63843222
63842608
63843069
63992688
63846745
63845392
63847732
63847038
63845791
63851499
63851987
63852020
63855546
63854603
64004917
63858493
63857526
63855677
63859497
63863189
63864843
63862603
64014138
63867122
63866169
64017514
64017582
63870589
63870474
64023764
63873638
63876348
63875090
63875983
63876540
64027497
63880393
63878870
64030023
63884783
63882533
64035034
63885063
63884933
64037128
63887134
63888131
63888862
63891227
63892304
63894036
64045628
63895848
63896954
63898360
63897384
64050380
63900448
64051657
63902763
63904683
63905208
64057528
63908846
63908419
63910003
63909193
63911660
63910775
63911639
63917169
63917882
63918198
63918699
63918226
63918429
63921239
63920228
63920932
63921691
64078500
63925812
63927607
63927438
64080797
63930620
64082280
64083909
63933121
64085431
63934633
63937729
64089734
63939622
63939216
63941505
63939764
64094121
63943447
64095638
63942878
64099953
63949197
63947899
63950566
63948424
63950400
63952928
63952380
63953956
64107636
63953841
63957446
63956697
63958831
64113402
63960021
63958579
63963550
63961389
64118287
63965914
63965422
63969900
63968646
64124395
63972441
64125637
64127358
63972363
63975102
63974292
63975924
64133723
63979095
63981606
63982137
64137689
63984584
63983556
64140267
63982739
63986148
63991189
63992089
63988362
63992203
63991234
64148577
63995872
63996516
64152153
63998389
63999809
64000663
64001676
64157565
64002135
64003175
64003858
64002425
64007242
64005344
64006880
64012305
64012952
64013462
64012526
64013280
64016108
64016523
64173753
64018912
64174470
64022981
64023522
64023927
64022093
64025633
64023661
64027098
64026138
64184511
64029927
64033283
64189897
64034294
64191251
64036372
64035008
64194500
64036453
64037553
64040138
64039931
64201103
64044018
64044181
64046675
64046632
64047946
64048830
64206932
64049714
64207570
64211681
64053083
64211860
64056492
64057417
64057945
64058541
64216893
64060927
64059466
64060322
64223741
64066080
64064074
64066026
64226120
64069372
64069987
64067868
64070846
64069407
64074708
64073455
64075471
64076340
64076023
64078324
64238668
64080870
64240401
64083125
64085108
64085366
64247017
64086646
64089238
64088309
64087873
64090184
64251239
64090235
64096939
64095450
64096125
64097116
64259164
64098310
64099416
64101859
64102230
64262644
64104290
64105591
64108111
64269325
64108558
64110262
64109401
64271691
64113015
64113867
64277731
64116572
64116988
64119500
64120407
64281311
64120456
64121016
64121908
64121626
64126742
64128103
64130423
64132708
64132928
64131975
64133064
64131802
64135989
64297957
64138304
64302146
64142383
64304878
64143918
64142627
64307049
64146180
64146974
64309012
64146728
64148594
64314828
64151770
64154386
64152439
64154151
64319324
64157590
64320103
64159356
64157897
64325729
64164179
64164890
64166177
64169624
64333582
64169562
64171595
64169659
64173606
64338935
64340175
64178459
64177901
64343197
64180904
64343826
64182242
64182897
64183767
64181441
64186697
64351702
64189379
64187071
64189109
64355768
64191370
64356912
64194266
64192955
64359154
64198765
64199197
64363751
64200869
64201868
64201356
64367324
64204227
64203493
64202648
64208454
64374622
64210857
64375136
64212008
64210663
64211738
64212589
64214843
64381097
64216722
64218490
64386215
64218778
64221127
64388057
64223573
64389845
64225980
64226720
64395192
64228583
64228084
64227953
64230629
64231297
64231786
64229596
64231736
64231184
64233396
64404644
64239371
64238692
64407459
64238833
64408137
64243383
64242130
64244527
64243557
64248201
64249793
64250013
64417321
64252166
64251120
64251836
64252542
64422418
64254260
64259233
64258389
64259225
64429219
64261296
64261695
64430928
64262788
64263368
64433363
64266986
64268386
64270872
64267737
64272521
64270274
64272530
64274837
64273599
64274382
64444681
64277821
64281129
64450236
64282810
64282278
64451966
64284307
64285325
64284389
64286294
64455631
64291332
64291952
64290066
64462187
64292239
64293318
64464199
64294687
64295497
64466638
64297974
64300761
64300462
64302539
64302786
64304579
64304909
64303299
64305741
64307718
64306410
64478529
64312664
64311204
64483175
64314941
64313725
64315990
64316967
64316484
64487970
64317677
64322784
64321811
64322565
64325204
64324162
64496590
64327858
64326497
64328139
64499582
64503468
64333775
64334655
64506061
64334020
64336252
64334516
64336192
64336947
64510742
64341036
64344007
64516450
64346032
64344655
64345394
64347947
64347972
64347483
64520912
64350710
64352840
64526677
64353517
64527473
64355835
64356054
64357560
64530795
64358144
64361771
64361474
64363549
64365961
64366779
64539523
64366255
64364744
64367898
64368645
64370192
64371434
64544324
64374079
64548740
64375075
64375615
64376828
64377340
64552628
64552575
64381769
64382075
64382719
64558972
64560154
64383595
64387806
64387152
64387816
64390520
64387084
64391159
64390319
64392428
64569895
64397740
64397357
64573340
64399082
64399233
64575890
64400406
64400663
64403637
64404574
64581460
64408541
64408988
64408955
64407573
64410582
64409395
64412468
64587394
64414474
64415879
64416743
64594291
64417458
64417413
64419529
64596606
64597090
64423482
64423001
64423655
64602892
64429236
64427607
64428870
64606088
64431678
64608471
64432230
64432596
64609977
64435719
64438319
64615340
64440800
64616575
64442017
64442261
64443512
64440144
64443014
64443514
64624882
64447742
64448593
64449583
64452196
64449893
64453551
64631149
64630911
64453643
64454459
64458518
64457505
64459069
64459942
64460696
64461544
64463467
64465126
64465362
64464498
64466859
64468586
64471136
64649368
64472924
64471485
64472502
64475006
64473058
64475557
64654610
64478912
64480412
64481891
64481068
64661362
64484678
64663589
64485977
64485623
64485090
64486735
64489229
64489866
64488588
64491322
64493525
64492340
64493754
64494922
64675399
64676176
64498059
64496688
64501062
64501047
64502605
64682288
64504665
64505011
64506187
64504875
64507740
64508417
64506010
64509426
64511155
64509617
64512446
64513070
64513613
64515104
64696132
64517922
64515580
64518735
64517737
64702519
64521992
64522656
64704752
64526367
64526440
64707137
64708780
64529440
64528406
64529359
64534187
64715430
64535940
64535832
64717547
64538442
64719304
64539875
64539520
64539365
64725605
64545311
64545760
64727787
64545258
64547106
64548662
64546547
64549767
64548177
64551570
64553274
64554093
64737873
64557489
64555866
64557020
64741492
64559903
64559298
64743020
64562602
64565937
64748182
64567615
64568484
64751005
64567980
64568782
64569583
64572355
64574418
64578373
64763376
64579536
64764003
64581976
64583680
64766419
64767159
64585737
64586408
64584685
64771978
64591366
64591850
64592374
64775814
64594223
64592528
64593603
64779113
64596396
64780495
64783445
64601882
64602670
64602250
64787803
64603586
64605355
64606319
64607161
64791969
64606701
64795393
64612808
64611711
64611175
64615267
64800335
64616894
64617579
64618127
64803765
64620997
64621305
64623665
64622726
64809329
64625326
64623859
64627715
64812646
64626042
64627587
64630951
64633291
64631227
64634813
64635173
64633092
64635373
64636461
64638136
64637299
64638808
64639228
64644137
64829742
64645647
64644400
64643105
64647872
64834453
64649515
64647541
64649935
64839820
64654223
64653583
64654229
64843642
64657831
64655772
64658245
64846037
64658827
64662341
64664653
64663782
64666397
64853366
64668020
64666744
64666627
64856219
64670524
64668898
64673368
64862174
64676551
64675183
64864895
64678992
64677256
64680161
64868105
64679759
64680461
64872669
64686374
64687160
64687852
64875678
64687415
64688969
64689153
64691277
64880027
64693006
64695056
64697679
64695949
64695683
64698256
64888810
64698999
64701449
64890225
64701202
64700608
64894842
64707966
64707576
64705776
64708635
64899344
64711337
64711317
64711685
64902611
64714319
64715592
64718147
64717764
64907991
64719973
64717868
64721656
64722000
64719816
64720656
64724389
64724671
64918234
64729287
64729404
64729593
64729577
64730532
64922523
64733553
64732139
64733250
64735915
64736454
64738637
64738428
64930641
64741330
64740590
64932980
64743804
64744099
64743462
64743237
64748455
64746180
64748855
64751344
64751071
64942913
64753244
64753606
64945779
64754882
64752013
64947059
64760767
64760861
64759620
64952694
64761835
64763464
64954783
64764639
64765600
64766315
64766658
64767517
64770548
64768838
64772506
64964285
64773857
64771876
64773920
64967974
64777183
64777950
64775574
64782002
64778855
64783143
64782352
64784676
64781487
64784711
64978819
64787863
64980443
64789376
64790551
64791644
64986718
64793223
64987773
64796339
64797190
64797587
64796618
64799039
64800156
64802408
64997741
64805385
64805629
64999483
65000420
64808188
64808678
65002701
64810452
64813841
64814656
65009336
64816211
64816536
64816040
65011740
64817109
64818413
64817591
65015137
65017734
64825061
64823853
64824718
65020690
64827841
64826744
65023420
64827295
64829240
65026067
65029688
64835618
64836583
64835181
65031353
64837847
64838814
64839594
64839999
64839042
64839711
64843361
64844321
65042126
64846568
64846341
64847282
64846803
64849227
65045857
64851051
64852241
64854260
64853729
64856241
65054100
64856791
64858550
64858248
65056672
64861919
64861110
64863306
64864801
64865389
64864329
64868504
64868332
64867067
64870735
65067535
64872167
64871056
64871871
65073866
64877996
64878373
65075582
64879842
64880983
64881900
64879651
64881521
64883999
64885404
64887166
65086451
64887452
65087847
64891246
64888853
64891344
65091117
64892140
64893951
65095940
65096347
64899334
64898926
64897838
64901126
64898320
64901842
64901044
64903834
64901344
64908291
65107258
64908554
64907064
64911221
65110973
64913154
64911916
64913667
65113531
64916190
64918536
64918367
64917343
64920481
65120496
64922908
64921522
64922570
64920810
64925584
64924486
65128346
65129045
64929467
65130974
64931043
65132453
64932063
64932780
64934311
64934349
65136206
64938016
64940972
65141642
64943053
64941669
64944333
65144480
64945771
64944578
65147365
64948441
64948573
65150970
64952691
65154550
64952580
64953664
65156993
65157517
64957473
64957666
65161685
64960226
64963063
65163986
64962752
65166436
64966196
64964512
64967365
64965949
65169333
64969645
64969820
64973443
65175353
64974905
64972708
64974354
65178013
64977639
64978572
64978654
64976887
64983458
64982287
64985016
64983987
64984317
64985626
65189826
64989054
64988509
64989939
64990484
64993855
64993010
64992613
64994243
64995995
64996833
65200718
64999562
65000329
64998622
65205838
65003626
65002220
65005806
65209112
65209682
65005947
65211174
65007821
65008806
65213453
65014302
65012862
65218006
65014085
65016785
65015472
65016231
65222862
65223383
65018544
65020681
65018540
65024936
65023912
65028774
65031131
65029945
65031742
65031816
65238234
65033145
65034656
65034174
65037782
65039242
65245971
65040623
65041525
65248180
65044471
65043668
65249673
65046085
65044848
65254607
65051187
65048907
65050639
65257862
65053335
65054954
65055676
65054402
65261729
65057995
65058456
65061280
65059550
65062464
65063950
65062829
65065352
65271314
65066907
65065861
65066623
65070167
65069725
65073548
65279873
65074702
65281572
65076592
65074466
65077807
65076630
65288246
65082551
65081163
65083932
65290611
65085292
65084096
65085200
65084877
65085895
65294973
65092287
65092363
65300141
65301152
65095288
65094571
65094215
65302712
65095963
65095309
65099231
65309321
65103152
65311754
65103824
65105704
65106000
65314224
65105753
65106079
65109121
65106840
65111237
65112177
65322078
65115570
65116104
65114111
65116508
65116452
65118888
65117760
65118980
65118955
65333033
65333202
65125909
65124428
65125124
65126254
65125762
65129427
65338510
65130851
65132550
65133459
65136610
65133892
65345797
65138694
65348117
65138808
65349024
65140827
65138845
65144049
65145602
65143545
65356421
65147758
65358368
65149639
65149902
65360124
65151545
65152030
65366118
65155731
65154953
65157055
65155670
65159328
65369712
65371207
65161617
65162261
65372827
65376331
65167166
65167800
65168396
65379325
65170019
65380480
65171159
65170753
65382984
65172404
65176765
65174263
65177483
65177106
65390569
65391605
65180848
65179463
65180394
65179902
65183101
65398101
65185956
65185433
65187189
65187889
65188749
65190975
65403970
65192859
65193790
65405984
65409785
65198234
65196986
65197778
65198589
65413222
65200001
65201726
65415374
65203932
65417294
65208487
65206877
65209589
65206480
65423161
65209730
65425287
65211352
65213852
65212325
65214280
65216518
65219031
65219930
65217612
65221328
65434720
65435910
65222612
65221868
65223513
65438300
65226248
65227713
65228664
65444368
65231894
65229675
65231453
65232402
65448583
65235395
65236031
65236059
65453960
65240927
65239878
65242412
65456733
65242022
65241450
65245256
65244977
65461317
65247875
65246667
65251132
65466278
65467050
65252617
65468596
65254981
65254910
65254532
65256905
65257787
65260909
65259607
65476963
65478426
65263629
65263073
65264775
65262772
65265083
65482026
65267065
65269400
65271162
65488475
65273543
65490206
65274999
65273590
65274382
65275385
65273762
65276509
65280680
65498379
65281494
65500251
65284743
65285414
65285921
65286179
65285264
65286432
65505691
65292422
65292606
65291808
65292640
65511728
65293989
65293617
65296930
65295029
65297019
65299475
65301078
65299408
65302157
65521417
65305072
65523074
65304723
65305683
65308029
65526130
65309982
65308226
65530627
65313468
65532517
65315819
65314800
65316318
65316665
65537089
65537799
65320523
65323106
65322677
65325125
65543871
65327006
65326519
65328111
65547505
65329997
65328548
65329343
65333199
65333838
65334355
65555534
65337579
65335181
65556981
65337918
65558915
65340980
65341282
65345136
65565127
65345792
65345521
65346774
65567785
65348807
65347230
65349003
65348874
65355233
65354824
65354782
65356964
65354993
65357515
65578888
65360149
65360813
65361307
65360547
65360013
65365112
65364990
65587663
65368754
65367461
65369865
65590561
65371440
65370370
65372331
65375017
65374209
65377443
65598861
65377315
65601236
65380097
65380389
65602456
65383368
65383185
65383671
65386840
65385060
65388698
65610274
65390293
65389257
65391934
65388614
65390450
65392367
65618233
65396226
65620754
65399579
65398277
65622389
65623747
65401968
65625320
65401819
65403162
65405695
65407136
65405855
65407617
65408418
65411030
65633671
65412309
65636108
65413225
65412379
65412091
65640331
65418346
65418079
65419013
65418299
65421820
65645101
65423247
65424232
65423011
65423340
65428789
65428897
65428392
65653507
65430457
65655747
65433129
65431340
65433338
65658466
65435200
65437423
65440114
65664101
65665829
65442269
65442362
65666836
65443994
65669311
65445875
65445015
65445482
65675050
65451303
65676573
65450731
65452595
65678987
65455276
65454089
65456487
65681340
65684892
65461210
65460020
65461321
65687488
65461907
65460867
65464926
65690781
65692115
65467249
65468213
65468672
65470668
65469037
65473717
65699975
65475272
65701890
65475935
65476277
65476024
65477045
65707086
65708711
65483412
65483880
65484449
65711142
65484208
65485711
65486536
65713901
65488947
65718989
65493166
65719600
65492823
65721326
65496095
65496222
65496539
65495148
65497300
65499191
65729706
65501615
65501808
65503400
65505426
65505664
65502714
65507027
65506208
65736365
65509381
65739692
65511460
65511985
65511877
65515385
65514252
65516848
65745582
65518391
65518037
65518019
65520213
65751551
65751786
65752472
65530408
65528344
65530759
65531640
65532616
65532154
65533732
65535532
65535380
65768756
65541675
65542274
65540349
65543935
65772611
65542314
65545858
65775010
65547258
65779778
65551935
65552552
65782179
65553134
65550558
65554846
65784969
65554988
65786980
65558656
65559797
65562680
65792233
65793620
65793756
65563021
65564830
65564011
65564396
65562139
65565263
65565199
65569610
65568893
65569914
65569254
65570920
65572528
65573536
65805258
65575968
65574898
65579129
65810796
65581599
65579272
65582444
65581895
65582717
65581499
65585072
65584380
65585319
65587343
65591258
65588987
65592395
65824180
65592819
65594588
65826268
65596475
65595162
65596962
65832058
65600886
65834173
65601450
65602980
65603711
65603826
65606026
65838662
65607616
65606252
65611087
65843638
65612692
65613389
65612292
65613105
65847332
65616432
65849954
65618257
65850843
65620117
65855117
65855563
65624348
65622616
65623378
65625189
65625814
65860042
65628179
65626893
65630340
65865460
65633926
65632517
65633297
65636083
65632517
65634305
65636705
65871615
65872479
65640135
65641438
65642404
65878481
65879454
65646295
65644853
65645971
65645474
65648949
65647805
65648493
65887472
65654696
65655176
65890399
65654561
65890891
65657742
65658305
65655188
65659345
65658553
65662327
65661605
65664780
65663940
65664479
65901071
65667903
65666631
65667043
65904106
65668816
65670994
65909276
65673371
65910723
65676536
65675477
65675142
65678244
65678372
65679027
65678622
65915254
65680306
65921428
65686489
65684047
65685743
65688280
65687214
65688197
65925976
65691505
65689352
65690732
65694239
65932391
65695963
65933611
65934559
65697415
65696133
65698996
65699747
65700827
65940027
65942759
65705286
65944690
65708653
65709255
65946602
65947376
65710627
65948083
65712497
65712943
65951139
65714930
65717621
65717355
65718168
65719322
65957203
65957824
65721513
65718217
65720986
65723854
65723960
65725784
65726661
65726956
65727527
65728699
65728209
65729671
65732323
65732625
65732831
65733764
65735182
65734535
65737416
65738179
65740795
65739435
65739868
65740510
65741643
65741714
65983101
65745368
65746582
65747042
65747903
65748011
65748863
65750100
65991647
65753209
65751033
65752618
65754169
65753747
65758759
65758186
65758943
65758850
65759403
66002398
65761350
65763915
65762638
65762260
65763982
65768642
65770025
65768616
65769336
65770738
66012202
66012543
65773767
66014756
65775750
65774351
65777674
65778179
65779106
65781579
65779486
65779923
66024288
65784346
65782747
65783480
65785187
65786376
65788374
65789508
66032236
65792786
65791476
65793026
65792785
65792444
65794268
65796237
65795786
65798876
65800689
65801715
65800179
66045013
65804705
65804262
66046603
66048239
65806769
65804859
66052221
65811518
65811581
66054252
65812090
65811642
66057577
65816023
65813778
65817224
65816965
65819714
65820071
66064327
65823266
65821874
65824424
66066985
66068450
65824235
65825378
65826410
65826449
66071073
66074135
65831950
65830743
66075756
65832828
65833043
65833985
65836144
65836079
65835924
66081086
65839397
65842460
65841174
65841707
65842328
65845165
65843223
65844688
65846616
65847921
65845435
65847113
65847622
65852625
65852025
65853159
65852403
65854172
65856534
65855475
65855480
65856905
65859026
65860262
66108157
66108399
65864305
65865070
65864583
66110486
65867418
65865697
65867983
66112943
66113704
65870131
66116153
65872473
65875248
65872610
65874519
65875241
65875881
65876467
65879185
66124279
66124055
65880965
65881696
65881343
65883629
65884310
65886932
65884310
65885068
65886643
65887202
65887132
65888675
65889368
65889709
65892522
66141071
65896541
65895284
65897514
66143770
65897617
65896940
65898574
65898281
65902020
66149378
65903581
65903614
66154022
65907988
65905599
65908538
65907805
65909589
65910637
65910108
65912730
65912947
65913516
65914819
65915603
65914122
66165099
65919163
65918274
65920295
66167828
65919934
65923156
66170151
66170537
65925043
66175526
66175342
65927613
65926690
66178249
65929098
65931843
66179455
65933313
65933527
65934317
66185201
65936317
66186400
66187586
65938123
65938041
65940438
65940878
66190472
65943345
65941278
65942874
65945320
65947144
65947864
65950581
65949286
65951267
66202055
65952919
65952470
66203187
65953662
65957589
66207732
66208325
65959762
65959203
66210183
66210975
65963160
65961939
65964315
65964619
65964203
65966959
65969779
65967393
65970986
65971481
65971835
66221375
65971450
66223946
66223758
65974453
66225519
65976709
65977776
66229879
65980999
65979184
65980670
65981263
65983714
65983496
66235257
65983942
66236363
65987084
66240841
66241480
65991791
65992550
66243016
65993154
66244176
65994756
65995211
65995500
65996023
66247891
66247896
66000665
66001077
66253123
66002895
66001825
66255802
66004799
66003739
66257881
66007020
66004433
66006328
66011547
66011007
66009826
66013019
66012009
66014684
66266937
66014882
66268391
66268908
66016860
66017329
66022314
66020940
66021428
66022222
66024368
66023819
66025395
66279819
66028090
66027980
66028151
66032124
66285238
66032858
66033036
66033684
66036374
66289364
66037705
66036742
66037691
66041246
66040531
66297221
66045036
66043702
66044524
66045608
66047411
66046205
66048678
66048013
66051524
66050960
66052596
66055317
66309727
66056659
66310762
66057858
66317934
66318228
66065349
66323065
66069511
66068276
66068713
66071383
66068929
66070541
66071264
66327705
66074449
66074166
66329901
66079532
66077426
66080375
66078585
66336741
66083097
66080487
66082892
66083564
66083237
66083553
66084348
66344869
66090321
66088966
66346725
66092295
66090105
66091611
66092289
66092096
66093735
66094604
66096634
66099711
66099831
66099781
66101458
66103137
66359138
66104396
66361506
66106274
66106687
66106398
66366756
66367303
66111364
66368705
66112970
66113517
66369865
66113252
66114126
66114809
66115690
66117222
66115977
66119643
66118703
66120499
66121957
66379571
66124305
66381869
66125665
66124062
66382928
66383700
66125833
66128479
66129651
66131595
66389658
66132658
66391313
66135962
66393370
66136939
66137212
66135104
66136600
66139963
66140237
66141368
66141873
66144530
66143523
66145567
66404430
66147119
66148023
66406092
66149581
66410001
66153181
66152027
66154046
66152829
66152267
66154445
66154345
66156916
66155369
66156190
66158183
66159468
66420840
66161433
66163983
66164669
66163527
66163374
66165111
66163916
66167003
66166156
66168914
66167040
66171210
66172727
66172384
66173359
66174201
66174821
66175268
66178057
66176881
66177821
66177305
66181560
66183069
66184384
66184923
66184235
66184936
66186646
66187947
66185585
66448963
66190096
66190380
66453115
66192603
66455603
66195789
66456400
66197331
66194979
66196530
66197402
66197863
66200372
66201253
66201528
66203095
66204532
66206358
66206057
66205582
66206327
66207085
66209672
66208349
66210346
66210490
66212031
66476243
66216108
66215739
66478608
66217856
66215874
66481254
66218165
66218808
66220810
66221691
66225243
66225857
66488110
66225005
66227774
66228029
66490631
66491648
66491399
66230274
66229218
66229904
66232495
66235971
66234655
66236800
66235890
66500428
66237309
66238821
66240229
66239704
66241957
66242524
66505854
66508406
66245022
66244951
66245417
66511388
66249042
66246389
66512575
66513932
66249547
66514425
66252508
66252145
66519412
66518957
66257185
66258442
66259152
66258455
66258453
66258191
66261707
66259423
66525917
66261526
66264214
66267393
66264948
66266742
66267339
66268979
66534155
66534720
66270958
66270651
66271022
66537064
66274107
66274922
66277999
66278631
66276371
66277905
66280818
66545286
66282184
66280943
66281607
66282306
66284058
66288448
66287978
66289904
66288359
66291189
66291131
66291384
66557970
66292133
66560551
66295441
66563921
66299818
66298505
66298936
66301660
66300364
66301948
66301833
66302553
66305222
66305217
66306789
66309713
66308307
66309073
66311172
66310446
66310931
66313386
66579574
66313578
66312343
66582703
66319720
66319814
66586553
66587422
66320124
66322246
66589131
66321980
66591034
66325604
66324390
66326560
66329780
66597679
66331492
66331593
66598864
66333103
66600303
66334638
66602758
66336169
66333600
66337808
66337515
66609094
66341366
66342812
66610921
66344226
66344601
66342315
66343873
66344657
66345040
66618533
66351344
66350824
66350489
66352628
66353810
66622737
66353234
66355853
66624946
66355152
66357752
66629741
66361827
66362277
66631056
66632429
66364193
66361786
66633473
66366238
66635498
66636562
66637119
66366838
66370132
66372750
66371612
66642407
66373931
66373094
66375696
66374407
66376183
66375797
66376824
66377993
66380676
66380830
66383667
66653282
66385086
66385303
66655149
66386595
66384747
66386298
66387828
66387547
66390630
66391220
66394070
66391688
66393383
66393881
66393612
66395037
66395937
66395574
66398609
66399859
66401132
66403138
66404574
66403267
66404913
66404345
66404993
66406658
66408440
66408931
66405874
66679943
66410055
66413389
66413893
66685509
66414704
66414593
66415472
66414299
66415880
66418724
66419177
66691505
66420422
66420948
66422424
66424062
66423917
66425447
66427072
66699845
66428477
66428700
66700830
66430362
66428250
66432508
66435144
66435806
66708069
66707895
66435921
66435236
66710490
66437863
66712354
66441504
66714045
66443727
66445767
66445412
66443981
66447415
66720380
66446860
66449533
66722294
66448725
66451473
66449090
66725615
66728966
66456155
66456718
66730979
66458134
66456018
66456414
66733739
66460651
66735052
66735638
66462789
66464325
66465579
66740695
66468038
66467784
66467390
66467913
66468681
66469077
66471480
66471490
66472751
66472994
66477178
66476895
66478700
66477220
66479919
66478587
66481369
66481023
66480598
66483397
66484622
66484509
66487036
66763080
66763426
66488157
66488897
66488712
66489970
66492591
66492503
66491745
66494967
66496792
66498417
66773698
66499531
66498400
66775641
66499999
66499230
66778497
66502688
66780039
66505555
66507616
66506843
66506426
66508033
66508681
66509238
66511836
66788558
66510302
66513889
66511417
66512034
66793572
66518766
66518302
66517260
66796555
66521083
66798561
66522424
66520456
66522092
66522641
66525033
66527811
66529126
66806225
66529064
66530830
66531076
66530887
66531590
66534186
66532986
66532807
66536302
66536495
66536046
66538674
66541432
66539759
66819164
66541615
66542049
66540326
66822030
66545794
66543699
66827772
66550693
66829252
66828900
66552405
66550129
66549619
66552386
66555029
66553879
66554401
66556656
66560091
66561393
66560902
66840219
66561211
66562348
66563959
66842842
66565483
66564320
66566617
66845342
66566142
66569195
66570686
66570205
66570879
66573586
66571239
66572977
66852656
66575094
66574025
66855140
66576927
66576022
66579225
66580186
66580946
66581598
66583158
66581934
66582333
66585381
66586720
66585225
66586015
66588859
66590050
66589634
66873114
66594188
66591995
66593385
66593948
66594820
66596398
66594961
66879021
66602207
66601470
66882689
66883470
66604148
66604444
66603609
66604366
66607179
66604588
66606310
66609018
66609310
66610881
66613640
66611226
66612906
66615699
66896793
66613875
66897829
66897974
66618418
66617369
66619547
66620209
66621638
66624123
66623944
66625246
66622801
66623633
66907880
66909169
66628286
66909946
66628102
66911411
66631934
66632655
66633022
66641556
66923394
66643042
66640671
66643046
66640668
66927466
66645133
66642613
66645184
66933021
66651377
66651670
66934980
66651106
66935538
66652565
66653069
66653762
66654386
66939580
66655538
66660899
66661538
66659801
66662295
66663104
66661628
66664075
66663070
66665349
66665660
66667115
66665676
66670322
66669493
66955805
66954932
66671629
66956856
66672675
66673219
66674040
66674675
66960882
66677800
66965275
66682127
66680592
66681267
66682600
66682768
66683715
66970452
66970943
66685608
66686018
66972047
66687053
66690793
66976245
66693348
66692412
66978609
66979103
66696007
66980677
66696553
66982177
66982848
66699601
66700907
66703313
66703819
66702530
66705350
66991175
66706785
66707115
66993224
66708290
66707378
66994492
66711348
66999343
66712642
66712298
67001588
66716720
67003253
66718032
66718529
67004263
66719869
66720404
67009026
67008793
66723271
66724540
66725791
66722905
66724801
67014637
66726963
66727489
66730117
67016454
66732433
66731763
67022049
66740469
67021923
66735195
66733710
67024955
66737973
67026372
66740522
67027551
66742265
67031841
66745377
67032763
66747231
67035129
66748639
66748514
67036514
66749327
66750463
66751607
66752771
66753470
66753814
66756850
67044211
66757366
66755911
66757342
66759843
66759715
66759297
66761727
66761991
66763497
66764081
66766730
66765417
67056050
66768441
66766274
66767876
66768796
66770390
67059695
67060296
66775303
67063988
66775212
67065495
67065999
66776889
66778915
66780049
66778900
66780371
66780165
67070113
67074435
66784612
66785220
66785733
66786312
66786800
66789610
66789686
66789891
66790641
67081316
67081620
66793297
67085559
66795505
67087035
66796825
67088247
66798404
67089625
66799425
66800796
66802436
66803221
67096351
66807101
67097176
66808487
67098720
66809895
66809998
67100786
66811622
67102526
66813183
66812788
66816005
67107817
66817140
66817947
66817060
66818196
66821078
66819334
66820204
67112751
67113728
66823614
67117574
66827952
67119112
67120315
66827553
66829508
67121289
66831035
66829119
66830624
66833386
66831787
66832371
67128466
66836413
66839158
66838721
67132185
66841211
67133460
66842589
66840172
66842627
67135579
66844841
66844235
67140018
66848381
66848901
66847497
67143506
66852052
66853462
66853385
66853298
66853658
66855710
66856999
66855266
66858820
67152968
66860690
66859897
66861399
66861615
66864511
66863533
66863617
66865063
66867767
66869159
66869796
66870466
66870789
66873259
66872248
66874455
66873685
66874453
66877058
66876556
67171199
66881863
66881478
66882093
66880562
66882213
66883009
66883522
66884460
66885094
66885878
66886880
66889088
66889686
66890947
66893627
66891793
66892264
67187010
66892984
66894142
67189330
67189714
66896845
66895057
67191761
67194908
66899802
66901059
66902733
67197377
66903946
67199045
66905409
66903359
66906147
66905927
66905958
66909208
66911641
66910729
66913004
66912383
66913122
66913848
66914670
66916472
66917870
66918172
66919628
66918713
66919725
67218073
66921761
67219297
66923817
67220879
66924481
67222447
66926255
67223811
67227081
66932364
66930945
66931753
66932428
66934598
66935328
66936462
67233907
66937771
66937916
67234853
66940638
66942816
66943529
67240549
66944937
66942684
67242131
66944851
67243656
67244895
66947770
66947896
66949822
67250461
66953705
66951425
67252119
66953711
66956270
66954853
66955694
66956999
66958528
67256007
66959031
66962646
66963774
66963506
66961986
66963553
66966157
67264383
66965905
67265473
66966393
66967399
66970106
66968790
67271178
66973771
66974463
67273425
67273746
66976786
66977271
66976844
67276327
67277728
66979693
66978104
66980328
66983136
66984476
67283665
66986031
66986900
66988972
67286087
66988853
66987106
66987331
66987964
67289059
67288542
66993381
66992982
66995356
66994345
66995078
67296314
66996208
67298051
67298190
66998087
67000815
66999478
67003029
67005175
67004266
67006415
67005848
67007362
67308328
67008657
67310707
67009214
67311585
67013301
67315435
67316168
67016965
67015365
67018118
67015783
67319816
67018045
67020368
67321136
67020814
67325452
67024519
67326601
67026569
67026988
67027527
67027310
67030130
67030693
67028052
67029753
67030394
67033109
67033435
67337403
67337931
67037190
67036606
67037468
67040087
67040588
67341757
67342641
67042339
67042789
67041320
67044857
67046206
67048106
67350796
67351487
67050045
67048870
67051075
67354235
67052655
67050429
67049916
67356185
67055810
67058316
67057042
67362087
67059394
67060627
67363170
67061829
67059802
67365803
67366741
67064361
67063653
67068407
67065956
67372204
67371126
67069093
67068769
67374223
67069639
67072045
67069104
67376615
67072379
67072091
67381360
67078826
67076843
67383003
67080890
67079315
67080029
67080711
67081779
67083792
67388313
67083402
67391820
67087612
67088115
67090733
67089614
67090916
67090495
67396449
67093391
67094906
67398270
67095697
67094202
67097728
67099529
67403812
67099202
67100580
67100405
67101056
67101840
67102389
67103299
67106020
67107463
67110062
67415835
67111271
67416440
67110953
67417579
67112876
67111749
67419902
67115603
67423778
67118444
67119776
67121347
67121870
67427533
67122211
67120673
67429401
67430921
67125710
67124396
67124007
67128166
67128870
67128495
67129984
67132923
67438780
67133136
67132896
67440803
67441874
67442079
67135652
67136972
67139169
67139897
67140689
67142225
67141039
67451181
67145192
67452247
67144535
67453098
67147834
67152453
67458384
67457632
67152712
67151503
67154015
67460968
67155817
67152740
67463078
67156998
67156092
67156404
67161247
67161346
67162991
67471355
67164187
67161719
67161403
67164212
67166866
67167549
67475044
67168585
67170121
67170548
67171185
67171913
67172641
67173420
67175706
67172314
67485475
67177629
67178090
67178824
67179711
67179726
67181165
67183871
67180395
67185036
67182401
67494700
67494612
67185430
67188302
67188367
67497181
67189816
67192917
67193723
67503507
67503315
67193797
67194735
67196576
67506798
67197935
67508107
67197368
67509000
67201707
67512787
67203649
67202257
67515479
67204711
67205514
67205234
67206424
67207221
67519824
67210556
67210608
67212213
67214813
67215472
67213106
67526012
67214251
67527100
67218919
67215079
67529311
67220061
67219059
67222288
67224274
67223454
67226021
67536620
67537163
67227203
67226611
67539952
67229916
67539994
67228699
67231962
67233561
67234241
67235906
67232146
67548289
67237264
67234088
67550260
67239565
67239103
67238430
67239316
67242956
67245017
67242899
67557366
67247557
67247518
67248351
67244614
67561268
67248356
67247911
67563526
67252070
67252552
67567375
67256735
67568962
67568330
67256491
67256941
67259570
67260187
67573170
67261705
67261147
67262835
67265062
67578541
67266532
67274582
67274803
67272524
67276143
67274739
67275092
67589867
67276524
67276889
67277265
67276826
67595995
67281853
67596857
67283612
67282744
67599218
67286823
67600468
67286735
67601789
67602477
67293035
67291599
67293762
67295142
67608842
67296957
67610824
67295938
67611618
67298194
67297808
67302508
67301698
67303050
67618474
67305013
67304997
67305271
67305020
67305971
67623223
67622863
67308826
67308325
67311584
67310996
67629037
67313397
67312959
67630893
67316421
67315904
67315944
67318017
67317257
67319433
67637267
67322717
67322406
67322998
67323726
67323271
67642086
67642946
67326232
67328859
67327234
67325622
67327398
67649392
67334440
67332783
67335641
67335551
67651677
67653216
67337788
67338426
67339037
67654921
67340065
67657065
67659729
67343361
67343601
67345691
67347047
67663123
67346534
67347591
67665911
67350049
67666448
67349865
67671329
67355337
67353232
67353813
67673889
67356393
67357326
67358339
67359596
67676459
67677770
67360458
67360093
67365077
67363070
67366284
67364377
67684502
67368327
67366294
67687357
67687383
67369383
67369740
67370318
67692989
67373169
67693022
67377082
67376826
67375478
67696930
67379242
67378408
67379805
67380668
67379959
67383040
67382787
67385395
67704398
67387144
67386005
67386516
67389432
67708407
67708944
67391185
67389571
67389492
67392977
67711706
67396797
67395759
67398103
67716917
67717268
67399692
67398847
67397797
67719755
67720402
67400368
67400921
67403741
67725375
67406468
67726873
67408169
67407495
67408300
67409860
67731252
67730790
67412783
67411715
67413820
67736976
67416095
67737478
67738210
67419789
67418398
67418889
67419201
67417759
67422961
67742529
67423806
67422356
67424848
67748569
67427080
67749235
67429288
67428078
67429826
67432332
67429850
67430485
67754806
67432876
67433399
67436676
67438672
67438008
67438811
67440296
67439204
67763040
67443332
67764759
67765960
67445301
67444976
67447443
67448185
67448889
67451808
67773770
67453097
67453150
67451028
67775969
67776741
67455849
67454465
67459425
67457059
67781899
67459613
67460938
67462724
67784593
67462229
67462566
67463364
67465419
67464627
67465469
67464860
67792005
67470752
67469650
67470095
67472891
67471184
67472608
67472237
67474100
67473805
67475032
67474763
67480112
67478730
67479348
67481031
67479249
67480194
67805386
67806066
67482635
67483728
67485386
67808805
67483732
67485324
67490787
67814000
67815090
67492461
67491551
67493812
67817256
67816795
67493573
67494064
67496145
67497546
67821120
67501418
67825483
67824508
67501170
67501606
67501264
67829239
67505593
67502794
67829808
67507107
67505752
67831692
67506957
67511958
67512764
67837128
67836549
67513276
67513107
67512691
67840669
67840389
67517338
67516948
67518547
67516140
67847200
67846076
67523144
67524185
67520530
67849450
67849907
67526347
67526195
67525318
67527868
67525585
67854551
67528789
67533126
67533829
67859534
67534271
67534612
67534186
67534850
67537643
67536231
67539064
67537751
67538345
67543364
67540017
67869841
67545469
67545321
67546575
67872665
67547781
67545560
67546109
67875667
67550243
67879251
67552336
67555132
67552449
67881626
67556698
67555566
67557050
67884936
67558957
67885816
67559690
67561844
67562220
67564976
67563299
67563980
67566776
67564122
67565997
67567984
67568445
67569795
67566333
67897602
67570385
67574098
67575349
67573080
67903471
67902912
67575983
67577213
67577013
67577647
67907562
67578933
67581801
67580287
67582999
67584855
67583379
67584826
67914631
67587810
67588570
67589184
67917345
67590332
67588302
67920041
67591415
67592766
67924648
67593865
67594425
67925854
67926978
67599032
67927796
67928365
67601021
67600818
67602297
67602779
67603105
67934768
67935356
67606522
67608592
67937932
67938465
67608769
67609579
67611186
67941167
67610722
67611807
67612007
67616424
67615566
67946648
67618147
67618556
67619802
67949879
67948965
67619627
67622397
67619984
67952755
67622186
67625796
67627952
67957984
67958534
67958983
67960102
67628699
67629199
67629925
67630180
67963425
67631868
67631958
67634291
67637818
67968097
67637470
67969782
67639590
67640278
67639672
67972978
67641655
67642121
67641926
67644511
67642765
67646724
67648486
67979533
67649257
67649940
67651602
67982116
67649214
67984222
67651991
67654223
67985979
67986751
67658459
67656216
67657026
67992204
67661244
67993084
67662586
67995242
67662183
67995853
67663960
67999985
67668866
67670147
68002986
67671510
68003849
67672774
68005880
67674065
67671728
68008158
67674009
67678577
67679896
68012340
67679820
68014453
68014728
67681038
68015779
67682576
67682313
68018882
67686680
68022327
68023740
67690953
68024651
68024716
67693579
67692319
68026543
67694791
67692411
67693311
67693879
67698110
67700774
67701337
68035638
67702533
67700100
67702000
67704540
67703019
67703905
67704716
67704980
67708428
67710294
67711606
67711053
67710993
67711692
67712398
67714343
67715576
68050189
67716898
67717290
67716939
67719632
67720085
67721095
68058440
67724174
68058978
68060294
67726908
68060661
67726772
67726272
67727523
67729765
67731376
67732090
67731832
67732641
67733162
67733509
67734669
67736208
67736686
67736672
67739844
67741939
67743247
67742662
67741419
67742914
67745560
67745139
68082668
67747559
67747597
67748806
68085124
68088659
67752205
68089499
67754315
67752412
67755836
68091982
67756774
68093243
67757115
67758842
67757458
67761073
67762651
67762502
67762860
67765500
67765318
67764612
67765131
68103943
67768084
67765202
68105809
67768791
67770586
68111205
67773544
67774617
67775889
68113222
68113932
67776661
67776284
68115564
67778670
67777292
68121097
67784303
67781699
68122589
67785836
67783498
67783252
68125148
67786889
68126684
67788075
67788592
67789073
67794407
68132406
67794062
68133987
67794232
68135557
67796630
67796774
68137862
68137338
67798469
67801289
68142527
67804936
67802745
67803234
68145585
67806311
68146163
67805034
68147815
67809803
67810161
68149163
67810472
67812860
67813455
67814059
67816729
67814395
68156811
67818675
68158340
67820158
67817732
68160409
68160271
67824596
67825018
67826152
67826418
67825162
67826926
67825375
67825921
68169220
67828973
67828763
67831347
67828834
67830481
67835749
67835949
68176330
68177811
67838164
67839079
68179747
67840443
67837808
68181010
67841761
67840921
67841953
67846403
68187105
67845927
67846532
67847074
68190359
67849927
67847700
67848221
68192846
68193126
67851332
67853505
67855700
67857955
67856811
68198785
67857032
67859103
67860259
68201503
68202807
67861441
67862158
67863521
68204885
67864153
68209243
67868276
67867106
67866581
67867240
68212149
67869665
67870171
67872583
67869777
68215170
67872544
67871927
67878110
67875371
67875973
67879440
68221492
67880746
67880542
67880001
67879465
68225584
67882083
67881399
68226986
67887897
67886007
68231592
68232843
67888973
67890979
67888602
68234597
67892627
68235768
67893414
67892796
67895140
67895546
68241726
67898694
67898428
67900766
68244342
67900705
67901167
67903094
67904213
67903095
67902732
67908729
68252912
67908408
67910773
67909225
67910308
67909466
68256440
67913538
68257743
68258375
67913557
67916404
67919009
67916787
67916277
68265057
67919948
67919366
67920980
67921548
67924191
68269459
67925281
67923073
68273282
67927882
67930294
68275443
67931027
67929529
68277461
67933733
67932721
67932060
68280185
68280718
67936253
67939943
67938780
67940698
68286150
68285896
67940714
67943568
68289085
68289617
67943759
67942832
68291458
67947036
67949237
68296746
67952040
67949367
67949993
68298944
67953952
68300406
68308363
67962821
67963587
67963657
67966181
67968923
67967562
67969098
67967712
68317509
67970405
67971824
67971378
68319655
67975015
68321618
67977094
67978275
67979576
67977519
67978062
67979758
68327377
67981936
67980508
67982191
67983607
68330506
68331230
67983534
67986717
67989435
67990426
68337352
67990805
67990312
67989590
68340597
68340583
68340923
68342547
67995540
68343243
68346201
67999509
67999464
67998065
68349281
68000355
67999859
68000692
68001270
68352255
68005196
68002968
68354119
68357404
68357045
68010945
68011676
68011787
68009634
68361430
68011020
68012448
68015166
68363555
68016366
68015105
68018334
68021052
68370932
68370622
68021315
68023481
68022100
68023051
68374046
68024418
68025742
68027186
68376333
68031005
68030230
68029083
68032843
68032327
68382913
68034054
68034347
68035484
68385835
68037163
68037594
68038358
68391530
68391265
68042300
68041602
68041093
68393932
68044902
68044670
68044263
68397374
68396127
68046459
68047743
68049206
68402275
68403113
68051644
68053204
68052051
68406259
68406253
68054931
68056053
68055781
68409401
68057174
68061074
68412868
68063165
68062443
68062356
68062912
68065461
68416726
68065455
68065107
68066956
68068004
68069987
68067745
68424720
68072899
68073551
68073924
68427884
68077254
68074985
68075802
68077373
68080246
68432368
68432250
68081235
68084507
68085627
68438207
68438660
68438760
68086154
68088953
68089028
68441451
68088631
68089054
68091895
68444750
68447249
68092140
68448946
68097428
68095948
68095447
68451697
68451713
68099578
68100132
68098780
68099439
68455311
68103388
68103691
68104593
68458564
68105695
68104820
68107309
68105928
68106093
68108867
68462170
68110056
68110811
68108264
68467755
68467736
68115035
68469331
68116790
68116440
68116860
68114241
68472265
68117519
68118039
68120706
68118186
68475167
68477966
68125511
68126269
68480534
68126281
68127196
68128207
68127378
68129061
68484279
68129940
68129748
68489813
68489611
68136419
68135551
68137109
68492990
68138501
68493664
68137106
68494505
68139199
68494834
68495516
68496127
68499451
68143867
68145705
68146904
68501780
68146227
68504104
68504556
68149112
68149454
68149121
68151731
68507098
68507227
68510757
68511249
68155782
68157687
68156384
68513851
68159267
68158277
68158769
68159409
68160056
68519012
68518508
68521126
68165034
68523904
68167875
68165664
68524935
68524378
68168318
68169000
68171726
68528349
68172133
68172814
68174218
68175394
68533680
68176559
68179256
68179534
68536525
68181264
68181075
68182572
68539533
68183589
68183268
68183630
68185978
68185533
68546219
68189751
68188235
68190956
68548195
68192276
68192812
68190885
68192087
68194813
68192281
68198466
68556041
68199017
68199842
68201066
68198875
68199366
68560170
68560572
68201725
68203731
68204495
68203763
68203131
68567085
68208333
68208808
68209542
68209809
68569835
68210993
68211685
68212483
68212657
68213401
68216140
68578238
68578760
68218565
68218988
68579377
68219958
68222679
68221452
68221830
68224144
68222845
68223852
68583892
68226023
68587932
68229399
68230028
68229629
68230624
68233448
68230887
68234154
68593612
68235161
68233221
68595380
68596084
68238363
68241108
68238616
68238204
68601830
68601506
68241866
68244183
68604179
68245572
68245124
68607161
68247143
68610772
68251554
68250317
68249956
68613445
68252728
68252844
68253368
68256185
68616728
68257114
68620508
68260377
68261107
68262370
68623071
68262842
68262336
68262978
68265897
68626680
68627693
68628712
68267977
68269297
68269692
68270493
68273190
68271538
68634847
68274557
68273770
68637989
68275835
68638570
68278111
68280231
68643719
68281966
68282359
68282000
68282760
68647145
68646849
68285548
68286606
68285422
68287951
68649939
68653102
68653649
68290838
68293412
68655616
68294736
68294614
68296018
68296677
68659399
68296586
68296739
68297253
68302587
68299826
68665698
68303202
68304036
68305610
68305387
68306191
68669505
68669620
68306031
68308830
68306147
68675074
68312911
68311079
68677795
68677599
68314093
68315266
68316688
68680073
68314961
68681390
68318517
68319751
68686009
68323449
68322390
68324622
68322335
68689811
68325497
68326342
68327770
68692570
68327558
68326546
68693572
68332911
68334147
68331695
68332092
68334688
68334200
68701025
68336832
68337107
68338002
68337024
68339502
68338952
68338819
68339187
68708654
68344680
68709629
68343474
68711043
68345445
68347669
68348430
68346864
68347251
68715370
68350639
68350321
68352653
68720588
68356011
68722173
68356239
68354891
68356218
68724211
68357896
68359990
68726112
68360475
68361069
68365086
68730979
68366968
68732379
68367701
68367596
68368960
68735452
68735268
68368640
68371361
68368961
68740786
68373815
68374841
68376254
68377689
68377620
68376606
68377318
68379835
68380093
68746738
68747518
68381834
68379749
68383869
68384306
68384889
68752974
68387859
68386277
68389172
68389486
68756571
68390916
68389701
68392022
68759452
68762382
68394580
68397257
68397320
68396404
68398917
68766761
68398688
68398163
68399332
68402179
68769862
68403186
68773832
68407691
68407222
68405914
68776777
68408326
68409520
68411168
68408529
68779790
68411619
68412309
68413962
68785835
68416218
68417562
68418842
68419621
68419101
68418830
68418170
68790361
68420753
68421181
68423424
68792376
68427435
68425879
68428784
68797811
68428034
68799108
68430602
68430975
68430775
68431222
68802415
68432772
68806314
68437761
68439034
68808460
68440405
68440142
68441256
68811691
68811456
68441261
68444057
68442190
68443808
68442469
68818070
68449190
68447680
68820685
68451346
68449146
68821854
68451209
68823071
68451319
68824452
68453641
68453800
68458849
68458262
68460153
68460628
68459406
68459941
68833097
68463655
68460888
68463916
68834663
68465350
68464119
68467546
68469330
68467635
68841557
68469845
68471519
68472878
68844373
68474218
68471904
68845863
68846594
68474492
68478241
68480357
68851948
68480579
68481508
68482697
68854445
68482168
68856196
68485043
68482702
68486343
68485363
68487152
68487406
68862311
68862740
68491692
68492805
68493189
68492146
68494282
68866979
68494139
68493086
68496722
68868887
68499294
68873065
68501521
68501085
68502674
68502991
68500607
68876200
68504926
68505636
68504919
68878937
68505463
68508283
68508667
68884635
68512707
68511666
68512224
68511614
68888267
68514471
68515456
68889270
68515592
68517812
68518498
68894390
68894251
68520651
68523318
68521864
68522590
68522994
68899428
68899029
68526179
68527361
68901966
68527672
68528368
68532717
68906015
68533568
68532146
68533935
68908580
68909301
68534349
68534944
68537590
68537160
68536867
68539357
68916511
68543168
68917831
68542549
68545318
68545546
68920279
68920626
68545377
68548194
68921968
68548406
68552474
68551765
68927632
68927447
68552502
68555403
68553608
68555321
68554791
68931969
68556225
68557319
68559262
68559743
68558859
68938218
68562119
68564864
68562606
68940955
68566524
68565677
68567819
68566323
68566085
68944794
68568679
68948915
68572367
68572736
68575008
68574919
68576504
68577142
68953271
68576286
68576709
68577140
68577563
68580370
68579482
68959796
68583996
68583245
68582897
68962398
68585712
68585805
68586370
68589084
68966018
68590143
68967372
68593193
68591945
68595422
68596082
68595497
68597160
68975106
68974785
68598266
68599646
68977488
68599277
68599905
68599936
68982726
68605777
68983706
68607050
68607274
68608723
68608875
68986527
68607173
68988116
68609466
68610857
68610498
68612818
68993666
68616642
68995114
68618226
68996843
68619277
68618016
68618625
68618303
68999298
69000036
68622643
68626020
69004520
69006071
68625817
68625803
68628941
68626532
69008979
68629819
68631021
69009882
68630587
69013986
68634299
68637044
68636649
69016753
68639002
69017135
68638704
68639438
69020038
68639943
68640721
68641367
68644390
68646332
68647445
69027212
69026741
68647300
68650069
69029959
68651175
69031047
68650743
68653386
69036505
68655935
68656904
69038794
68658874
68655638
69040697
68659305
68661441
68660959
68659806
68662075
69044341
68666784
68663680
68664195
68668813
69049593
68669972
68670125
68671382
68668727
68669458
69053558
68673388
68672340
68673696
68675638
68678017
68678092
68679482
69061135
69061193
68679148
68681674
69064001
68679924
69065247
68683969
69065691
68685218
69069585
68687360
68688048
68688647
68691173
68690367
68692395
69075015
68693664
68693546
69075907
69077097
68693486
68698709
68699063
68698767
69082156
68700908
68700211
68702409
68699876
68700402
69085772
68704537
68705631
68702778
69099200
68716272
68716498
68718354
69101535
68718211
69103392
69102212
68719719
68721487
68721261
68722793
68723706
68722902
68724969
68724987
69111820
68728805
68728014
68730690
68730849
68730048
68732078
68730776
68733134
68732934
68732952
69117753
68731239
69121382
68738803
68739700
69123360
69123962
68738492
69125581
68740435
68743099
69127090
68744959
68742309
69129222
69132292
69132830
69133736
68749673
68749078
69135892
68752284
69136784
68751857
68754609
69139911
68754271
68755577
68757822
68760478
69145940
68760533
68760529
69147991
68763422
68762378
68762963
68765609
69150645
69153696
68767823
69154923
68770007
68771592
69156696
68772084
68773410
68770912
69159455
68774490
68773973
69161767
68779466
68778603
68779723
69166758
68780272
68780571
68780234
69169917
68784438
68783224
68785437
69171672
68786505
69175476
68788782
68789417
68790115
68792852
69179838
68794025
68793645
69179716
68793618
68795331
68796358
68795439
69186493
68799371
69187818
68800505
68803390
69189758
68804423
68803152
68805281
68804929
68805785
68807076
69194014
68810564
68811653
69199436
68809827
69199980
68811678
68813722
68814685
68813522
68812983
69203400
69203968
68815834
68819077
69208700
68821212
68823125
68820569
69211790
69211747
69212643
68824073
68825497
68827179
68826961
68825775
68826612
68829065
68829122
69220796
68831357
69221396
69221964
68834245
69222546
68835601
68834204
68836778
68833441
69226758
69225637
68837148
68842111
68840863
68843563
68843199
68841599
69233288
68843822
68846276
69235282
68847074
68848307
69237551
68847706
69241410
68852812
68854179
68851629
69244438
68855482
68854503
68855130
68856439
68857757
68858098
68857050
69249549
68858511
69252390
68864014
68862686
68864897
68862781
69255528
69256843
69256686
68865892
68868688
68869464
68866540
68867285
69262862
68873880
68874668
69265664
69264654
69266091
68874918
69268242
68876151
68877778
68876421
69269658
68879988
68881122
68881490
68880877
69275426
69275676
68884211
68883849
69278026
68887187
68888166
68887161
68887734
69280870
68889229
68889196
68894443
69286149
68893727
69287567
68895940
68895383
69289375
69289391
68898781
68900223
69291789
68901085
68899715
68902853
68903842
68904879
69299003
69298706
69298857
69299959
68908900
68907580
68909013
68907360
69303226
68909778
68912376
68914656
68915940
69309241
68916682
69309769
69310909
68918146
68917698
69312172
69312989
68920522
68920383
68919876
68922376
69318087
68925812
68924784
68927328
68924963
69320995
69321296
68927576
68930345
69323959
68931624
68930315
68929688
69328970
69329156
68936438
68936858
68937237
68936125
69332580
68938110
68939858
68939657
68942399
68941850
68941275
68942811
68946098
69341550
69341388
68947138
68947435
69343502
69343954
68949690
68951074
68952018
69346369
68952910
68951892
68957045
69351759
68958533
68958133
68959811
68960131
69355030
68960893
68962195
68960549
68963254
69357881
68962102
68967616
69362426
68968752
68967800
68967866
69365016
68969437
68970919
68971339
68969902
69368818
69368533
68972651
68978116
69374241
69373101
68977754
68980499
68977934
68977523
68979233
68979601
69378532
68983754
68983681
68984781
68983635
68986738
68987545
68990215
69386557
69386597
68989953
68992545
69388611
69388497
68992330
68994949
68995406
68993075
68999361
68996749
68996386
69396828
69396758
69397563
69000762
69000217
69003526
69002395
69002891
69402447
69402981
69005269
69008657
69007559
69407494
69009880
69011431
69010147
69409818
69012291
69012675
69412147
69014232
69012535
69416467
69417046
69417593
69019383
69022254
69019868
69421114
69421186
69023866
69025195
69025459
69024596
69025963
69424765
69427907
69031219
69030726
69029669
69430692
69031960
69031276
69030799
69433389
69035861
69036673
69037291
69435775
69438832
69039849
69440873
69040984
69039361
69441994
69044090
69045254
69444629
69443409
69444240
69045154
69045674
69047794
69449665
69050209
69048669
69050535
69453093
69054443
69053606
69054710
69056476
69053878
69456977
69456904
69056540
69059611
69062317
69461902
69462438
69062024
69064817
69464253
69065405
69066719
69466914
69067226
69068363
69470946
69470742
69071584
69073530
69070986
69474125
69474824
69073694
69076466
69076233
69477144
69477013
69078140
69076282
69082274
69483138
69482813
69082297
69083373
69085602
69487044
69486801
69084271
69488102
69488367
69489403
69088581
69089921
69090069
69494092
69092381
69092967
69095388
69093077
69498090
69096813
69097998
69097319
69097211
69097607
69501082
69504926
69101929
69102407
69104659
69102506
69507268
69507619
69105259
69107929
69509836
69108363
69107542
69108219
69108924
69112844
69516065
69114873
69114637
69114445
69117088
69519749
69117631
69118864
69116433
69521877
69120072
69124065
69526661
69125174
69527835
69124501
69127294
69127462
69127276
69126589
69129064
69532012
69129686
69130263
69134341
69133596
69132211
69133157
69133505
69539605
69135887
69135107
69541599
69542932
69138679
69140809
69544293
69142872
69548223
69142981
69549508
69145218
69145976
69147054
69552266
69147753
69148017
69147827
69555304
69151840
69153655
69153660
69155319
69153884
69156179
69561413
69156800
69157941
69157650
69160430
69158077
69566120
69162018
69165672
69165219
69163958
69571413
69571713
69166996
69166395
69169332
69170069
69574729
69575292
69169786
69172692
69580333
69176508
69177146
69176965
69178246
69584194
69179384
69179992
69586119
69584963
69179521
69180125
69182703
69590978
69590629
69185106
69187837
69594425
69594104
69187636
69190432
69596100
69191071
69192187
69597999
69598699
69194446
69197116
69194762
69196336
69198696
69195154
69605501
69199437
69199301
69201431
69607974
69202529
69203218
69203727
69612931
69205521
69206258
69206678
69209290
69207377
69617354
69210911
69209572
69209849
69212780
69213025
69620147
69622394
69215544
69218135
69626004
69626027
69217838
69218302
69220217
69221696
69238434
69223600
69632051
69631594
69632395
69226641
69229260
69226069
69638367
69231135
69231821
69640506
69233026
69232602
69233378
69230851
69642815
69643347
69237051
69237614
69240191
69236916
69648947
69649500
69240503
69241599
69243715
69652339
69242958
69653457
69654760
69244768
69247832
69250278
69246677
69247473
69660852
69252488
69253241
69253627
69250010
69663382
69254570
69255358
69256803
69668460
69669031
69259108
69670369
69670948
69262117
69262394
69264131
69673317
69264630
69262834
69266057
69264806
69266671
69680529
69680860
69271876
69270116
69682382
69272121
69270199
69272093
69685624
69274672
69276877
69277528
69278034
69278134
69278720
69279430
69693221
69692785
69281783
69284422
69282108
69695604
69285347
69284691
69697903
69286484
69286706
69702088
69290866
69292880
69704443
69293994
69294851
69705890
69294986
69295794
69708404
69296116
69296778
69299027
69713255
69301460
69303592
69304366
69715923
69716417
69304694
69305384
69718302
69306155
69306625
69305396
69721582
69720934
69308969
69308645
69312071
69724113
69312874
69314296
69311685
69727060
69726346
69314477
69317267
69317289
69317051
69733308
69320436
69322602
69323377
69735725
69736205
69322999
69325819
69323155
69739007
69325756
69329295
69331249
69328549
69328308
69745110
69333121
69332442
69332548
69334263
69334357
69336085
69332879
69750673
69750596
69339129
69339658
69342472
69755775
69343173
69344464
69341719
69341457
69759012
69759591
69345728
69347711
69346202
69765199
69351666
69352905
69353260
69766981
69767652
69353192
69354881
69355916
69770174
69355276
69358072
69358231
69775487
69360498
69360862
69363514
69361290
69778737
69363792
69365343
69365439
69365143
69365341
69782437
69782574
69367074
69784840
69370916
69370557
69788128
69789261
69372690
69373396
69375949
69373632
69791518
69792110
69792781
69376829
69379423
69379606
69797979
69383323
69381492
69384999
69800533
69383370
69802039
69387020
69388280
69388138
69385045
69805664
69391569
69393762
69393278
69810064
69394934
69396089
69396460
69394020
69394631
69398297
69814466
69399017
69398012
69400431
69402063
69400519
69821118
69405203
69406655
69403872
69403300
69824091
69408048
69407188
69409481
69408709
69408042
69830392
69414216
69413370
69415564
69413499
69833301
69833941
69416102
69418703
69415297
69837018
69420121
69421324
69421543
69841595
69842249
69424029
69426842
69844091
69427401
69428846
69426221
69846668
69846312
69428739
69429702
69431618
69433084
69853917
69853675
69436896
69436607
69437854
69436125
69436849
69857912
69439994
69857756
69439163
69441070
69442297
69442647
69442030
69864726
69865102
69445945
69448642
69867318
69449107
69450508
69448784
69453016
69450753
69870352
69453607
69454081
69456580
69453284
69876220
69876713
69877374
69878604
69458322
69458775
69880898
69460095
69461730
69463876
69466740
69886042
69465768
69468489
69888955
69469642
69469769
69468746
69470453
69891365
69891701
69471015
69476478
69476637
69897026
69477677
69475945
69478480
69478062
69479292
69478047
69901416
69481406
69482759
69481203
69481809
69484943
69483529
69908590
69488158
69489510
69910032
69910518
69911747
69910861
69491497
69492015
69493227
69490997
69493259
69917784
69497200
69496694
69499194
69497843
69498278
69922240
69499811
69501307
69922603
69502950
69503690
69924862
69928100
69505742
69929201
69929768
69930577
69508030
69510754
69509177
69510720
69933672
69511471
69511618
69511189
69511845
69939425
69517060
69519142
69518252
69517664
69517909
69943441
69522158
69522895
69523006
69522884
69522319
69946470
69523516
69528709
69527736
69529911
69952360
69528915
69531414
69954114
69532136
69532418
69955846
69532402
69535174
69960746
69538928
69549118
69972285
69548358
69551236
69548618
69974844
69975388
69551339
69553868
69552480
69550979
69981762
69558349
69559708
69560046
69557606
69984311
69984710
69560338
69563086
69986829
69987617
69562903
69564811
69566170
69567461
69994122
69570333
69994821
69569939
69572603
69996664
69571624
69574420
69570892
69999288
69576016
69579318
69579604
70004310
69579070
69581812
69578345
70007666
70007670
69581843
69582402
69585500
70009942
69584260
69587518
69590218
69587606
69587366
69587840
70016944
70017459
69591517
69591060
69594283
69595087
69595677
70020990
69594695
69600141
70025836
69599421
69602085
70027679
69602482
69603950
70029545
69603060
69605877
70031759
69606889
69609712
69610819
69607342
70037331
69610420
69609943
69613147
70039665
69612620
69614575
69615648
69614416
69615118
70046395
70046847
69621294
69620389
69622077
69620100
69624082
69623225
69621173
70051719
70051404
69623925
69626478
69625093
69625679
69627808
70058174
69631871
69631872
69633027
69632353
70060889
70062512
69633453
69635552
69636695
69634008
69633614
69635087
70068678
69639984
69642651
69641057
69641393
69644114
69641609
69641297
70073483
69644899
69644968
69644740
70075894
69651024
69650349
69652626
70081216
70081299
69652347
69654921
69654691
69655965
70084470
69656673
69657906
70086336
69659601
69662424
70090905
69662793
69664135
70093574
70093539
69663785
69666396
69666597
69665536
70097096
69667096
69671460
69672509
69672815
69671596
69672470
70104376
69675247
69675469
69676603
70105750
70106447
69676232
69676779
69677595
69682314
70111783
70113039
70112829
70113693
69684787
69684396
69684680
69683240
70116643
70116758
69685924
69688696
69687329
69687710
69689813
70123910
70122837
69692518
69693156
69694965
70126189
70127174
69694383
70127659
69695690
70129728
69697448
69700076
69701571
69702074
70134719
69703891
69705400
70136309
69704707
69707599
69707899
70138968
69708456
69709097
69710337
69713311
69709944
70145074
69713190
69713688
69716241
69715072
69716221
69717921
70149218
70149720
69717587
69720350
69720556
70155341
69722797
69725026
69725880
69725946
69724840
69724414
70159279
70159810
69727122
69727822
69730365
69727915
70165901
69734123
69733440
70168030
69735903
69736629
69737976
69735498
70171201
70170658
69738014
69740735
69738595
70176521
69743034
69745701
70178572
69746241
69747584
69745030
69744707
70182241
69747758
69748256
69751354
69749451
70187605
70186955
69755451
69756464
69754024
70190871
69758104
69758123
69759138
69756773
70193558
69760622
69761663
70198291
69765185
69766315
69766477
69765458
69765924
69768666
70203444
70203326
69769970
69771309
70205334
69771904
70208951
69774132
69776928
69776228
69776275
69776574
69779360
69777571
69779412
69779020
70216158
69781487
69781916
69782200
69784610
69786286
69786630
70221788
69786227
69789153
70224075
69788251
69790989
69789440
69789782
69790538
70227724
69795634
69795373
69796699
69797826
69797460
69799054
69798334
69796107
70235716
70235962
69799632
69801703
69802844
69802476
69800946
70243169
70242832
69806356
69808222
69809521
70245338
70246187
70247579
70246866
69812376
69812275
69813392
69812238
69814610
69813568
70253714
70254275
69817209
69819154
69820534
70256978
69819485
69822020
69820675
69822046
69823704
70260201
69822654
69828132
70265057
69828644
69830174
69830323
69829798
69831474
69830211
70270275
69831357
69831837
69834316
70271867
69837513
70275981
69838787
69840141
69840592
69841302
70279002
69841674
69843054
69841113
69841949
70281939
69843973
69842570
70285855
69849252
69848157
70288128
70289024
69849820
69852602
69849957
70290826
69852005
69853936
69855238
70293571
70296596
70297496
70297902
69860196
69861483
69861813
70300414
69861132
69863850
69861357
70302953
70303416
69862343
70303459
70307155
70308592
69868259
69867569
70309809
69871303
69872827
69870229
70312287
69871462
70314229
70314531
69875427
69876831
70318856
69879939
69880437
69881760
70321341
70321954
69881731
70322174
69882765
69885294
69882837
70325650
69885087
69890748
70330488
69889760
69892454
70332349
69892997
69894404
69894516
69891371
70335510
69894593
69897065
70337193
69900700
69901287
70341710
69900342
69903261
69901951
69902319
70345500
70345528
69903930
69906669
69906771
69906682
69907902
70351631
70352178
69910439
69913228
70354114
69912355
69915035
69912483
70356943
70357392
69915337
69917177
69918397
69918890
70363209
69922348
69923677
69919817
70365472
69923169
69925907
69923528
70369010
69927123
69928168
69929394
69929885
70374202
69932440
69931539
69934003
69933505
70376887
69935712
69936490
69936526
69935339
69933952
70380346
69939803
69942467
70384802
69941598
69942270
69944485
69944348
69945817
70388482
70388773
70389233
69946985
69948259
69948354
70394217
70395270
69951277
69951815
70397503
69953903
69955760
70399914
69956516
69955586
69957105
70401955
69957551
69962220
69960728
69960300
70406907
69962523
69965106
69961672
70409243
69964777
69965367
69967671
69967631
69966294
70415771
69972413
69973681
70418077
70418136
69973410
69976203
69975408
69976262
70422276
69977460
69977359
69978266
69981579
70427587
70428484
69982238
69982986
69985509
69983884
69984326
69985001
69987559
69985309
70433228
70433296
69987688
69989364
69991714
69991891
70439402
69995359
69996045
69996557
69994051
70442232
69996342
69998982
70444385
70445078
69998658
70003321
70004648
70003030
70004456
70003319
70452177
70452390
70005849
70008300
70007997
70007560
70005960
70009517
70456727
70012497
70013090
70013479
70462437
70462297
70015078
70017928
70014434
70464679
70017557
70020048
70019002
70019395
70018792
70471106
70023693
70024164
70026484
70025896
70474484
70025823
70028895
70475745
70027977
70029959
70031360
70028668
70032769
70481950
70482850
70036660
70035659
70037433
70038202
70038813
70486007
70037841
70040463
70488041
70041054
70045143
70041645
70493183
70046185
70047346
70495186
70495604
70047111
70049757
70047470
70498844
70497864
70500295
70053441
70055699
70056313
70504336
70504939
70055952
70055677
70058219
70507578
70508197
70058952
70061683
70060421
70062446
70064509
70065552
70065635
70065284
70066580
70516506
70517821
70518157
70518109
70068582
70071111
70068978
70521389
70072584
70074185
70524778
70076342
70076102
70527943
70078542
70078058
70528653
70079856
70081116
70530502
70081836
70083039
70535206
70085018
70087600
70537278
70086775
70089334
70539115
70088642
70091333
70541188
70090242
70093110
70545679
70094740
70097378
70097031
70096758
70098420
70099848
70098479
70550713
70550799
70552721
70552647
70552809
70101578
70106720
70105379
70106030
70106455
70105457
70559212
70559845
70108569
70111034
70110016
70110240
70563904
70113324
70113989
70117722
70113835
70569244
70118302
70119415
70570773
70571803
70120145
70121831
70118446
70573918
70121672
70124352
70124909
70125905
70580511
70580305
70126718
70581169
70130474
70130523
70130681
70583647
70131777
70585030
70132514
70134412
70589504
70136437
70138405
70592168
70138517
70138652
70137132
70593640
70140531
70140129
70143483
70140304
70141780
70600152
70148011
70147087
70150264
70148178
70603107
70150644
70151625
70152597
70151273
70152550
70150011
70607191
70153284
70156603
70158818
70157606
70612895
70160493
70161369
70614714
70614467
70160365
70615795
70618006
70617634
70165146
70165961
70169058
70622784
70168118
70624654
70170738
70172115
70626057
70625626
70171721
70174487
70172961
70174326
70172881
70632841
70177656
70178512
70181015
70178801
70635781
70180648
70182453
70183806
70638171
70639778
70184039
70186265
70183418
70644016
70644838
70188861
70188050
70645955
70645760
70190881
70191382
70191888
70193035
70193874
70193705
70193914
70196343
70654470
70199460
70655715
70656446
70199864
70657261
70201747
70203530
70203713
70203430
70660417
70205723
70206511
70665147
70208131
70210678
70666699
70210027
70212683
70668447
70211762
70214432
70670319
70213514
70216310
70675074
70217995
70220435
70219103
70678087
70220527
70220732
70679407
70224050
70222659
70223264
70225503
70226294
70225436
70228186
70228474
70687399
70687777
70230065
70232693
70231596
70233757
70690689
70691248
70233312
70236129
70236308
70234182
70697035
70697563
70698265
70241670
70242607
70700003
70241611
70244242
70243830
70241250
70703179
70703775
70246498
70249766
70250893
70250439
70251997
70709780
70251103
70253734
70252496
70712914
70254596
70254587
70256245
70255645
70257622
70259234
70259294
70258852
70720889
70260897
70262747
70261174
70722999
70263168
70263789
70266062
70265913
70725102
70268285
70271057
70269618
70270073
70272548
70269183
70732124
70732782
70273086
70275496
70275079
70276709
70276687
70275308
70278019
70279226
70281635
70740920
70280618
70283489
70743161
70743965
70283152
70285678
70286081
70284873
70746847
70747894
70750349
70751063
70752281
70290746
70293377
70291132
70754353
70293358
70294314
70296276
70292936
70757241
70758753
70297684
70300212
70302306
70298840
70763801
70302182
70304687
70303489
70302838
70766550
70304886
70307340
70768157
70306621
70311967
70310651
70313118
70313116
70312267
70313392
70776467
70775686
70314280
70316184
70317253
70315881
70779441
70318084
70321669
70322953
70321289
70324111
70786620
70785255
70323743
70326218
70787969
70325588
70328066
70327595
70790559
70331751
70333165
70331946
70333062
70331700
70796777
70797285
70334476
70336951
70334555
70799847
70800378
70801906
70338952
70343174
70805673
70342253
70344782
70807442
70344026
70347095
70345203
70809880
70808906
70346328
70348412
70347652
70351168
70353184
70352166
70354359
70350919
70818197
70354080
70356809
70354275
70820880
70821100
70822001
70357878
70360446
70360645
70827820
70364127
70365477
70366434
70368098
70831616
70367239
70366872
70370270
70834187
70369703
70368155
70839110
70373806
70374713
70376938
70376788
70841996
70379117
70379622
70377214
70379519
70378000
70845476
70380223
70381837
70386136
70386549
70385249
70386568
70388139
70384406
70853098
70387727
70854255
70855019
70391462
70392154
70389819
70857433
70859761
70394340
70862045
70396187
70398720
70863916
70864967
70398877
70398757
70400193
70866756
70402526
70403317
70400970
70401752
70869888
70403574
70406453
70872082
70405675
70407866
70406140
70409027
70407730
70409022
70875891
70409115
70411952
70880420
70413749
70881771
70414518
70414965
70416353
70416851
70415294
70417021
70416488
70419039
70885979
70418051
70887913
70888435
70423149
70425948
70423374
70893589
70425758
70428404
70894890
70425575
70895504
70428038
70430099
70430952
70430872
70430264
70902954
70434205
70436847
70903824
70436097
70438866
70906617
70438092
70438652
70439370
70440360
70441347
70912262
70443679
70913839
70913190
70445562
70448139
70446775
70447087
70445792
70917788
70449149
70449586
70451825
70451844
70452944
70934857
70465609
70467521
70468709
70465489
70937836
70468666
70471384
70471464
70469315
70468763
70941153
70472108
70474456
70478379
70475678
70947282
70477822
70480502
70477829
70478619
70950392
70482814
70483527
70484356
70480272
70956005
70486278
70486006
70487484
70489126
70490216
70489131
70961029
70961544
70490536
70491112
70491570
70493836
70494315
70495425
70495634
70968020
70968458
70498012
70500643
70970503
70499962
70502785
70503195
70503812
70500376
70974416
70503499
70978278
70509106
70507668
70508286
70506850
70510613
70509856
70509443
70511101
70983527
70984787
70512761
70985013
70515537
70514568
70519012
70517996
70990957
70519586
70520902
70519909
70520573
70521029
70522456
70520823
70995429
70523391
70525942
70527243
70526615
71000794
70528874
71001749
71002301
70530344
70530648
70533030
70530836
71005508
70533162
70535993
70534595
70534654
70540580
70538573
70537997
71012611
71013210
70540784
70543495
70539994
71015611
70542950
70545610
70542143
71018169
70548111
70550730
70549438
70551757
71023933
70550075
71025018
70553759
70554596
70552346
71027677
71027233
71029469
70556336
70558419
71033227
70558847
71034341
71034871
70561177
71035947
71037460
70562766
70565394
70564128
70564737
71040540
70565825
70570826
70569566
71044667
71045505
70571345
70572206
70574842
70573754
70574368
70573746
70573682
71050594
71049388
71051274
70581058
70581798
71055722
70581096
70582869
70583826
71057862
70583334
71058973
71059986
70584789
70586264
70586715
70586603
71065368
70592275
70593036
71067163
70592153
70592495
70595339
71069783
71070260
71071059
70597587
70598188
70598614
70599820
70599606
71076449
70600138
71077891
70602344
70604979
70603878
70604934
70602592
71081539
70605605
70607730
70608028
71087000
70610841
70611288
70612358
70613462
70614958
71090344
70614184
70615013
70617498
70616118
70615541
70617871
71097291
71097937
70623302
70622268
70623735
70623930
70623646
70622976
71102098
71102585
71103556
70628423
70628277
70629360
70628211
70633188
71109530
70632287
70634971
70633634
70635998
70636441
70635216
70635671
70634078
71114761
70637375
70638513
70639470
70643582
70644624
70642550
71121520
70644216
70644462
70647075
71123967
70646127
70648838
71125975
70648037
70650829
70653693
70653547
70652205
71132433
70654244
70656941
70655481
70655919
70655408
71136241
71136609
71137268
71138134
70660772
70662473
70664760
70661578
71143450
71143185
70665333
70667958
71145903
70667298
70669953
70667151
71148561
70669446
70673636
70674250
70675733
70675946
70675770
70674647
71156655
71156308
71157836
70677988
70678356
70681207
70680373
71160021
70682486
70684523
70685596
70682279
70684231
71166209
70688267
70686710
70689932
70689034
70687590
71169446
70689801
71170364
71174073
70693873
70696193
70696833
70696351
70693854
71177342
70697239
71178679
70700491
70699288
70699590
70700640
70702593
70699952
70705628
71185576
70706624
70708240
70707369
70705815
70705285
71189329
70708498
71190309
70710159
70711972
70712288
70710785
70713626
70712842
70714323
71198631
70716646
71198938
70718976
70718564
70720605
70719268
70721732
70718183
71203049
70721647
70722044
70726807
70728303
70725318
71209104
71209954
71210507
71211926
71210604
70730938
70732219
70730802
71213807
70732311
70734309
71218291
71219079
70737933
70737696
71220796
70738460
70741181
70737584
71223250
70740966
70743561
70742163
70742936
70747805
71229433
70745952
71230676
71231999
71231783
71233185
70750542
70750311
70750561
70750897
71236062
71235739
71236764
70757718
70758455
70756920
70757420
71242757
71241714
71243888
71244451
70760104
70760895
70763215
70765483
70761621
70762715
70763989
70766908
70765923
71251724
70769322
70769762
70770636
70770460
70768867
71255110
71255973
71257018
70772242
70774122
71257134
71261888
71261720
70777799
70780095
70778938
71264564
70782092
70781064
70781180
70780788
70780291
71268119
71267823
70783891
70788985
71272988
71273475
71274146
71274972
70789961
70792018
70793122
70789803
71278059
70792939
70793478
70795798
70795584
71283678
71283139
71285108
70801303
70799840
70802366
70801318
70800786
71288176
70802886
71290382
70804219
70804387
71294950
71294593
71296029
70809725
70810674
70812632
70810049
70811608
71298888
71300335
70813498
71300456
70815734
70815868
70814452
71305627
71305991
71307383
71307130
70820825
71308885
70823133
70823716
70824072
70824359
70823952
71312038
70827017
70827791
71316312
71317366
70832030
70832689
70828980
71319168
70832307
70834768
70834136
70835912
70832356
71322795
70835670
70841076
70840443
70840222
70841951
70839072
71329562
70842358
70844612
70842484
70845239
70845838
70842638
70844886
70845081
71337409
71337813
71338851
70849560
71340279
70853556
70852162
70852614
70854084
71342927
70854498
70857051
70856936
71345478
70861383
70862219
70859835
70861396
70863197
70862853
71352609
70863263
70865885
70864570
71355242
70866735
70868251
71359424
70870069
70872718
70871209
71361421
71361695
70872731
70874372
70873528
71364284
70877027
70877671
71365966
71369374
71370717
70881688
70881497
70881439
70883407
70884195
70883197
70885535
70884716
70884582
71375605
70887861
70888595
70888597
70888041
71381164
71380695
71382247
70893871
70894146
70895098
70895724
70896125
70895656
71387077
70896093
71387433
70899026
70900703
70902609
70902197
70901187
71393702
70902976
70903539
70906260
70905810
70907411
71397359
71397733
70906973
71399461
70910752
70910409
70911842
71403877
70912741
70913842
70914840
70916377
71406651
70915678
70918393
70916041
70915298
71409761
70921047
70921613
70923981
70921825
70923778
70923951
71416008
70924618
70925219
71418323
70928165
70926771
70929094
70929960
70930641
70931465
70932033
71425252
71425831
71427284
71427768
70936204
70937453
70937024
71429919
71428753
70937628
70939631
70940816
71435110
71436116
71436654
70945832
70946535
70943003
71438913
71439403
70946590
70949263
71441428
71441972
70949131
71446384
70952794
70954640
70955003
70955584
70953966
71449312
70956162
70958778
70956598
71451831
70960664
70960539
70961485
70962749
71458053
70964072
70966871
71459337
71460330
70968224
70969265
70967751
70969250
71463340
70968990
71464545
70971804
70975109
70973803
70976095
71469409
70975324
71471379
70978253
70978885
71472447
70978114
71474368
70979559
70981687
70981849
70984265
71479825
70984454
71481108
70987483
70988319
70988392
70988425
71483361
70989394
70991248
70990374
70992300
71489443
70994241
70996743
70993195
71491449
70996484
71493611
70999588
70999590
70999836
71001100
71495616
71497236
71497172
71005600
71500755
71006694
71007653
71007242
71008200
71503133
71503671
71504381
71009872
71011060
71008600
71009355
71507474
71014119
71016056
71016903
71016682
71015627
71513673
71016693
71515676
71515153
71516686
71516470
71517207
71020685
71022978
71021603
71023030
71522482
71523069
71026499
71024870
71524793
71028160
71029730
71029456
71030977
71031249
71528655
71031351
71530112
71036005
71037535
71036249
71038532
71534875
71037799
71038479
71040175
71041178
71039901
71041213
71040072
71043612
71042347
71044448
71045798
71048249
71048247
71048086
71048474
71546492
71048953
71050766
71052537
71049589
71549554
71051809
71053652
71055538
71057679
71057832
71058780
71057493
71557754
71060273
71061392
71060956
71559620
71063020
71063773
71561567
71062890
71068399
71566056
71067590
71069763
71069590
71569280
71069683
71072061
71071916
71571748
71072029
71074493
71073683
71575875
71076029
71577169
71577629
71077390
71578470
71078393
71579529
71080285
71580433
71081290
71083170
71084482
71583110
71085342
71084711
71085694
71084844
71088364
71589263
71588870
71589900
71590125
71090375
71090932
71091460
71592844
71094439
71594148
71098431
71597614
71097378
71099360
71599317
71100847
71102060
71101354
71101623
71101017
71102644
71104304
71103797
71105238
71104609
71106266
71105155
71107852
71609638
71108916
71110106
71110142
71612510
71612515
71613553
71613494
71615156
71115233
71115823
71618729
71116637
71619647
71621083
71621627
71119709
71122198
71120082
71623300
71120959
71624448
71123032
71125801
71123508
71630013
71127052
71631241
71129250
71131468
71131595
71132684
71130435
71634375
71132503
71635946
71133634
71135106
71135715
71136962
71139208
71642086
71641850
71140009
71141826
71139215
71142747
71142256
71141921
71143145
71141389
71646300
71143883
71647325
71648472
71649312
71651776
71652538
71149762
71151850
71151722
71654840
71153919
71154539
71656613
71153669
71156147
71154874
71659240
71160013
71161048
71160793
71664103
71162740
71163408
71665819
71666810
71163804
71164930
71164143
71167380
71164065
71672772
71168857
71168496
71674169
71170425
71173700
71173194
71173801
71172590
71172205
71678308
71174302
71680214
71177408
71177395
71181698
71180643
71181702
71182406
71181354
71183230
71183067
71184117
71183975
71689612
71689151
71690328
71185909
71187769
71188000
71694770
71190106
71696150
71696584
71697340
71193638
71192908
71195374
71196141
71194703
71700937
71701012
71701727
71195732
71706125
71200399
71202614
71201361
71708019
71203521
71709614
71709678
71710433
71710752
71711906
71710838
71712343
71208630
71207537
71212229
71212939
71213256
71213750
71718816
71213997
71720022
71213074
71721353
71214215
71721152
71722766
71218565
71217336
71727208
71221099
71728105
71221979
71224406
71224765
71225640
71223986
71223663
71732194
71225850
71733386
71226794
71229388
71229250
71231097
71231434
71738555
71232594
71232998
71233852
71741540
71234735
71742920
71235646
71743866
71238003
71239224
71745545
71748893
71242649
71749995
71242702
71750907
71242661
71244060
71243754
71753184
71753589
71754871
71753930
71245297
71755335
71756200
71248387
71248831
71251623
71253916
71254787
71254705
71761175
71762640
71254505
71763801
71255656
71258265
71258724
71258386
71258043
71260271
71260048
71259970
71264201
71264952
71772470
71263700
71264158
71773801
71264344
71265913
71775486
71776194
71775426
71777056
71267409
71267784
71269694
71271224
71274927
71272377
71272755
71275253
71784211
71785049
71274704
71278244
71276679
71277376
71787226
71788021
71788468
71789072
71278983
71792702
71282509
71283516
71793975
71794826
71285097
71285966
71797112
71286755
71287618
71289760
71289114
71798894
71799527
71289770
71293316
71295454
71293801
71804887
71805623
71295677
71807062
71807046
71295712
71298123
71296856
71299006
71297640
71299828
71810316
71813716
71304323
71814702
71303421
71304665
71304191
71305716
71307410
71305960
71307159
71819017
71820465
71310965
71311359
71311428
71312542
71314063
71826262
71826466
71826915
71315619
71316695
71316709
71828248
71317244
71829717
71830743
71831194
71830687
71831329
71319181
71832501
71835596
71323302
71324615
71837919
71325573
71838073
71839054
71327108
71328351
71328041
71840723
71328772
71840398
71842031
71843009
71330708
71334148
71846568
71335037
71337338
71847443
71336346
71337058
71339635
71338277
71851406
71852819
71341348
71852159
71853444
71340036
71345237
71343817
71346222
71344684
71859162
71859622
71346150
71348533
71861441
71862426
71349962
71350515
71350770
71352388
71351797
71353303
71353684
71357171
71356675
71356206
71357589
71357108
71355328
71358048
71872576
71873320
71361158
71360347
71362846
71363068
71361719
71362599
71878273
71879840
71366286
71366991
71367132
71369317
71368197
71370798
71369237
71884520
71885621
71372915
71373224
71371691
71374174
71375667
71376575
71377840
71891671
71892832
71377978
71893331
71893889
71379579
71380862
71894379
71381006
71896788
71896983
71382419
71383222
71386158
71387426
71902114
71903349
71902965
71904429
71904997
71391472
71905237
71390372
71906397
71906757
71391925
71908352
71909284
71393481
71396976
71399028
71397614
71913776
71915438
71914878
71915510
71400222
71916230
71917544
71918486
71917921
71918654
71403182
71405523
71407833
71408966
71408536
71924984
71407944
71409150
71410012
71925774
71409292
71926951
71410216
71411436
71412464
71929645
71413561
71414302
71419348
71418819
71935320
71417501
71935986
71936477
71420254
71937451
71420182
71422610
71938905
71940506
71424847
71425823
71423427
71428826
71945540
71427712
71441315
71959471
71442154
71444572
71444908
71442439
71445510
71961837
71962286
71962527
71963237
71963722
71964390
71967454
71450339
71451689
71450455
71453374
71454263
71452514
71453072
71455436
71453944
71972565
71454819
71974584
71455366
71457897
71456432
71458825
71461155
71461753
71463237
71981938
71464124
71982900
71983556
71984061
71465568
71985308
71986013
71985365
71987384
71987416
71469295
71992001
71472912
71473760
71476001
71474482
71475063
71476509
71477081
71477351
71995614
71477481
71477970
71480376
71479906
71998414
71998902
71482817
71485282
71485618
71486483
72004177
71484493
71485988
72005874
72007285
71486590
72007275
72008942
71488999
72008464
72009596
71493079
71494029
71496564
71495054
72015662
72016790
71497249
71499376
71498021
72018431
72019304
71501019
71500537
71502856
71504742
71503903
71503276
71504708
72025714
71504803
71506348
71505724
71509126
71508012
71509901
71508388
71508944
72028645
72029232
71508493
72032548
71512096
72032599
72034783
72033289
72034519
71513374
71515732
71514254
71516794
71515196
71517838
71518151
71519715
71517236
71518615
71520951
71521621
72043242
72044523
71523888
72045726
71524659
72046739
72047481
71526511
72048577
71527628
71528901
71530792
71528279
71530638
71532161
71535021
71535944
71532365
71533786
71535407
71535967
72058201
72059775
71538978
71538341
71540648
71539228
71538487
71540887
72065217
72066695
72066329
72066903
72066498
72067887
72068479
71546594
71547436
71549845
71549471
71548978
71551476
71548670
71550219
72076334
72076899
71556014
72077413
72078939
71555937
71557197
72079773
72080488
71558011
72082393
72082036
72082586
72083033
71559511
71560867
71563014
71565311
71562872
71565266
71565891
72090712
71565953
71567344
71566884
71568598
72092304
72093091
71570751
72094149
72095058
71574050
71574775
71577256
71574699
71577303
71576830
72101095
72102330
71579559
71579093
71581125
71580940
71581599
72105395
72104710
71583844
72108906
72109255
71585524
72110343
71586506
72111926
72111664
72112676
71588188
71588558
72113865
71589814
71590890
71589596
71590978
71593318
71596504
71597123
71596690
71596517
71597107
71599324
71598407
71598742
72123856
71599241
72123912
72125053
71600467
71601241
71603019
71602109
71607415
71606520
72131436
72131785
72132612
71607660
72133759
72134754
72134532
72135082
72135810
72135260
72136690
71611541
71613055
72138226
72141500
71616279
72142612
72143293
71617763
72143791
72144843
71619227
71619952
71622589
72146956
72147233
71621783
72147432
72149428
71623093
72152469
72152989
72153555
72154213
71628009
71627942
71628990
72156081
72157329
71631755
72157638
71630642
71633172
71632343
71633971
71634265
71633899
71636925
71637647
71636924
72164727
71636595
71639103
72166530
72167450
71640715
71640226
71643383
71643805
71644427
71645025
72170492
71643702
72171484
72175428
71647800
71648510
72176117
72177440
71649665
72177697
72178450
71652373
71653212
71654174
71654608
71652150
71653739
72182096
71653730
71657924
72186184
71657789
71658403
72187657
71659440
71659877
72189228
72189703
71661255
71663459
71662306
71662657
72192086
71663424
71664651
71667015
71670626
71670855
71669573
72197160
71670318
71672862
72200091
71671526
72201244
72201135
72201632
72203222
72202850
72203179
72204756
71675670
72207536
72208040
71679750
71680496
71682027
71682799
71683909
71683073
71683999
71683452
71685885
71683441
72214446
72215833
71687912
71691429
71692222
71691354
71690727
71693616
71691059
71693496
71692189
71692700
71695189
72224420
72225297
71695011
72226045
71697697
71699937
72230486
71700802
71701393
72231902
72233229
72233053
72233588
71704021
71705847
71707667
71706499
72236541
72237864
72237241
72241206
71710804
72241497
72242884
71713737
71714672
71713191
71714830
71716415
71716041
71715644
72246368
71716286
72246347
72247767
71717603
72251816
72252090
71720809
72252809
71722532
71722847
72254473
71723275
72255732
72256297
71725566
72257332
71726607
72258101
72257786
72259005
72262398
72262819
72262336
72262798
72265001
71733417
71735785
71734631
71736999
71737509
71735949
71738123
71737120
72269159
71737928
72270255
71741503
71742255
72275326
72274848
72275558
71743233
72276480
72277046
71745442
71746961
71745808
72278894
72279860
71747772
71748692
71750041
71752785
71753692
71752877
72285011
72287371
71754344
71754925
71757553
71757816
71758152
71759143
72290617
72291684
71760174
71759315
71764754
71762273
71762572
71765207
71764696
71767126
71766597
71763960
71766079
71766249
71767507
71767075
71768738
71769252
71771456
72302329
72307006
72307094
71774017
72308782
72308406
72309073
72309453
72310603
71777013
72311801
72311822
71778357
71779010
71779714
71780496
71780830
71785858
71785452
72319034
71785490
71786423
71788496
71788192
71787954
71790027
71788170
71790693
71790954
71791795
71791282
71792469
71796076
71794419
71794011
71797394
72330457
71797316
71794542
71798017
71797677
71797180
71799744
72334206
72334656
71800208
72336213
71800013
71804181
71803437
71806210
71806407
71804850
71807399
71807092
72343390
71806969
72343781
72344674
72343737
72345274
71809272
71810126
71811591
71813715
72350699
72351968
72351468
71815681
71818313
72353259
71817064
71818424
71817985
71819181
71818902
72356232
71818928
71821574
72357870
71824012
71825212
72361964
71826478
71826964
72363706
72364702
71828550
72364354
71830157
72366085
72367424
72367904
72367809
72368543
72368921
72371741
72373187
71836422
72373346
71837125
71838549
72375116
71837877
71840116
71842193
71842277
71842693
71841332
72377792
72378541
72379071
72380132
72382868
71846447
72383992
72384758
71848126
72384950
72386013
71850790
71850034
72388442
72387134
71849138
72389130
72389971
71851646
71852116
71855361
71857874
71856461
72395302
71857463
71858970
71857228
71860976
72398170
72398874
71861485
71861978
71861344
71864631
71865109
71863988
71864264
72405311
72406790
71868319
71869128
71871558
71871176
72409085
72410384
71872933
71872296
72411663
71873122
71873802
71876337
71878474
71878727
72417506
71878543
71879739
71881809
71881429
71880981
72420650
71881548
72420892
72422158
72420923
72422302
72422771
71883394
71884738
72426957
71889488
71888849
71890476
71891867
71890269
71892687
71891277
71893169
71893972
72432064
72433309
72432831
72433315
71893253
71895889
71896596
71899721
71899438
71901250
71901906
71900297
72441380
71901327
71902919
71901342
71900796
71904225
71903918
72444420
71904776
71905350
71904733
71909940
72449700
72450344
71910276
72450297
72451643
71911728
71912483
71914895
71912568
71912975
71913155
71913691
71916066
71915848
71921047
71919436
71920405
71921933
71921930
71923058
71924172
71922091
71923757
71925390
71924096
71925156
71925750
71927181
71927559
71927026
71930236
71931737
71930299
72472010
72473621
71933466
71934274
71933351
71934558
72475312
72475786
72476355
72477645
72476636
72478029
72481621
72482384
71940510
72482762
71940402
71942714
72483737
71942571
71943014
71945392
71944032
72486661
71944177
71946426
72487868
72488460
71949476
72492343
72491699
72493621
71951443
72494352
71951615
71953000
72496181
72497066
72496880
72498341
72498101
72499137
72499763
71957015
71962050
71961655
72504165
72504685
72504116
72505652
72506281
72506831
72507307
71964901
71965458
71968110
71965437
71967902
71969368
72513691
72514403
71971635
71972534
72517042
72516672
72517180
72517529
72518942
71975297
71977469
71977931
71978799
72520717
72523949
72524778
72525277
71981867
71982523
71985066
71983454
72527977
72529009
71985001
71985843
71988111
71987734
71987310
71989551
71989950
71992623
72536160
71990796
71992123
71990588
71992958
72538080
72539292
72540118
71996625
71997666
72540075
72541713
71997333
71998574
72545507
72000990
72001646
72002409
72004468
72004124
72002878
72004218
72549727
72004339
72006044
72006079
72006540
72008284
72009147
72009628
72553718
72557550
72012190
72013175
72558751
72012833
72559194
72559705
72013938
72015446
72017562
72018345
72017979
72017514
72018188
72018112
72020581
72021188
72022290
72022094
72568305
72568870
72024449
72025228
72026742
72026291
72028601
72027946
72027542
72030098
72029094
72029988
72031340
72032811
72034391
72033797
72580129
72580037
72034884
72035804
72036297
72582669
72583427
72037390
72583593
72038189
72039047
72039295
72040185
72045114
72045240
72045668
72044654
72045279
72047365
72046079
72047766
72048139
72047394
72050000
72050983
72050277
72597078
72596879
72050138
72055149
72055963
72053577
72602274
72603015
72056005
72056925
72057494
72057331
72060487
72060624
72606868
72058712
72607740
72062447
72611479
72064213
72064917
72064249
72066588
72067137
72068714
72065052
72068553
72066058
72616624
72617241
72617743
72618773
72071887
72073623
72076272
72623043
72624441
72623992
72074143
72076741
72625842
72626751
72077650
72079088
72078438
72079989
72079489
72079792
72085020
72083531
72085873
72084384
72085988
72085654
72635946
72086647
72636949
72637633
72089054
72091258
72090438
72090785
72092424
72092423
72096752
72096893
72097378
72097413
72098610
72098444
72099393
72100429
72648275
72649102
72649312
72650131
72649655
72651019
72101835
72655281
72105393
72655827
72106382
72107227
72107232
72108877
72109651
72109128
72111543
72111044
72112246
72111445
72112477
72114352
72113846
72117281
72115673
72667049
72667921
72117818
72118471
72120022
72119616
72121932
72119331
72671489
72672058
72672844
72122410
72125837
72128153
72126775
72128895
72129610
72127833
72130264
72130746
72131082
72131872
72131193
72132643
72132150
72132150
72134319
72134568
72688067
72136351
72688249
72137303
72138529
72138905
72140067
72139670
72140863
72139321
72141920
72143307
72141623
72694085
72695109
72146177
72698997
72146922
72699131
72146785
72147468
72700694
72148372
72149682
72149215
72150527
72151533
72152646
72152816
72153097
72704570
72152919
72156534
72158745
72158201
72159682
72158120
72711566
72712723
72161574
72713027
72160851
72713956
72161984
72162665
72165059
72165394
72168630
72167021
72167989
72170254
72169768
72171103
72168816
72170294
72169892
72171427
72725480
72172481
72726142
72726961
72174182
72730452
72730675
72731488
72178464
72731620
72733542
72181299
72734710
72180856
72181851
72182426
72182485
72184855
72184687
72185938
72186199
72187802
72188958
72189746
72189796
72191365
72190823
72192033
72192884
72192613
72193685
72192976
72193443
72194668
72194223
72195630
72195590
72199605
72198753
72200791
72199941
72199713
72202192
72202749
72200558
72202780
72200322
72203858
72201458
72203685
72203468
72759814
72762928
72208614
72763557
72209716
72765436
72210631
72766527
72211535
72766205
72767674
72768330
72213613
72214356
72216727
72214917
72217565
72219057
72220896
72221837
72219298
72220767
72220379
72777368
72778492
72222892
72223734
72226053
72224502
72781006
72781765
72228690
72229421
72232001
72230341
72786925
72787880
72788269
72231990
72232583
72235262
72234955
72791109
72234979
72791762
72238520
72794410
72795811
72239130
72797060
72797752
72241575
72242584
72799936
72242920
72244592
72245835
72246490
72243801
72246011
72247937
72805037
72807111
72807041
72250446
72251243
72253685
72251214
72252605
72251952
72254436
72253125
72256522
72255962
72257220
72258085
72260295
72258848
72817729
72260718
72261002
72261618
72263883
72262333
72264796
72821572
72263719
72266263
72266794
72267371
72265981
72824472
72827664
72270046
72270619
72829010
72271478
72272149
72830453
72272978
72273966
72832209
72274404
72275348
72277421
72278197
72276468
72838345
72279061
72280534
72839716
72280586
72282034
72281720
72283045
72282555
72284260
72285614
72284002
72286422
72284970
72286632
72284993
72288388
72849732
72290267
72850681
72291079
72293637
72294249
72293816
72295772
72854501
72296326
72296805
72296264
72298361
72296923
72299336
72857367
72300872
72302080
72303755
72302699
72304763
72303375
72305904
72305290
72304958
72307306
72306684
72308162
72866057
72307209
72866552
72868134
72311234
72871251
72312366
72313013
72314443
72313644
72315744
72316295
72315900
72875766
72877038
72316570
72317504
72318941
72320178
72322959
72881781
72883084
72322935
72884066
72884634
72325578
72324665
72325508
72327738
72328080
72327685
72888365
72889146
72889394
72893463
72894151
72332640
72333550
72335689
72333981
72333685
72335100
72337377
72335803
72337737
72898632
72899262
72338327
72339048
72343060
72344552
72342170
72344559
72343098
72344674
72344063
72345568
72346179
72909449
72347356
72909621
72910238
72348955
72911352
72914538
72914964
72916227
72916630
72354449
72353802
72356198
72917855
72918517
72918981
72919953
72920181
72921031
72921130
72921567
72922949
72362838
72925811
72926329
72363373
72365642
72365229
72364492
72367252
72368332
72368745
72367540
72369874
72368193
72369524
72932011
72933103
72370121
72936909
72372794
72374254
72375702
72938231
72374611
72376020
72376681
72376072
72376790
72379746
72378822
72379620
72379773
72379805
72942994
72945101
72947804
72385933
72387565
72387729
72388043
72951131
72386960
72951147
72387613
72952303
72388729
72389782
72391906
72390445
72955161
72393199
72397946
72394800
72959638
72960715
72959865
72961854
72962556
72397925
72398191
72397805
72399115
72398812
72964634
72399908
72965845
72969139
72402862
72405406
72970432
72970986
72971623
72972082
72407896
72408621
72974560
72409264
72975016
72410404
72411157
72413500
72416061
72415254
72417358
72416270
72981782
72982416
72417584
72418432
72420745
72420209
72985447
72986076
72420916
72421593
72424084
72424968
72991424
72991915
72426689
72427619
72428879
72430258
72429111
72428085
72429492
72448113
72431500
72433600
72434256
72434256
72437583
72437812
72452870
72453612
72452579
73018936
73019221
72453354
72454880
73020539
72453954
72455062
73022336
72456403
72457707
73023709
73027164
72460945
72461592
72463991
72462729
72464981
72464375
72463823
72466247
73030681
73032374
73033614
72466158
73033846
73035062
72468878
72471046
73038427
73039727
72472097
72472782
72475127
72474907
72474751
72476626
72476407
72475783
72478069
73043970
73044873
73045497
72478026
72481401
72483964
72482238
72484599
72483100
72484853
72485575
72484544
73052270
72485411
72486413
73055142
72487028
73055585
72485249
72488015
72488293
72490757
72491339
72493868
73062066
72494950
73062748
73063277
73064499
72495896
72496453
72499102
72496688
72498059
73067251
72500983
72501409
72503743
72500792
72500451
72502560
72501286
72503538
72502361
72503554
73073231
73073802
72505293
73074414
72505094
72506557
73078708
72509174
72510627
72510121
72513396
72512143
73081288
72512811
73081996
73082601
73084734
73084275
73085533
72517072
72518166
72516729
72517277
72519656
72520604
72520484
72520906
72522611
72522715
72525121
72525852
72526289
72525635
72524510
72524735
72524233
72528619
72527156
72529368
73101034
73101804
73102734
73102705
73103660
73104100
73104280
73104972
73105425
72535313
72538260
72536904
72536530
72538572
72537887
72539395
72540978
73112159
73113558
73113414
72542974
73115286
73115728
72544288
73116726
73117116
73117868
73117369
73118342
73118657
72545672
72548070
73122501
72550881
72552290
72550578
72555106
72554628
72552997
72556931
72556179
72556620
72558508
72556938
72558870
73129909
72557939
73130515
73131619
72562156
73134512
73135005
72563498
73135241
73137106
72565010
72565690
73138882
72566447
73139506
73139094
72567534
72568832
73140740
73141752
73144739
72571903
73144557
72572653
72575208
72574674
72575454
73147840
73148384
72575535
73149313
73149978
73150642
72579351
73151695
73152398
72580044
73155690
73156360
73157295
73156339
73157804
73159172
72586158
73159998
73160097
72587578
73161121
73161837
73161247
73162732
73163206
72589469
73166779
72593092
72595406
72592710
72596499
72595727
72595581
73170763
72596875
72598941
72598181
72600284
72600889
72598294
72599747
72599380
72600717
73177808
72603709
72604773
72604665
72606077
72605514
72607153
72606343
72608150
72608902
72608784
72610915
72609523
72611601
73184801
73186203
72614139
73189199
72615166
72616007
72618478
72617894
72616042
72617760
72619420
73193532
73194247
72620021
73195975
73195734
72621516
73199451
73200429
72624578
72626939
73201294
72626035
72627265
73203108
72627181
72629576
72628314
72631273
72629236
72629629
73205975
73206705
73207987
72634902
72637008
73212141
73211871
72636875
72636080
73213143
72637172
72639661
73214929
73215923
72640324
72641193
72643602
72642132
73220968
72644452
72645789
73222407
72645830
72647382
73223911
73224610
73225136
72649159
73226393
73227097
72650665
72651048
72650519
72652646
72652556
72656497
72657950
72658651
73233437
73234377
72657184
72659556
73235789
73236477
72660179
72661130
73238170
73239484
72662188
72661620
72663774
72666260
72665728
73244059
72665592
72670185
72670639
72670806
72669732
72671245
72672298
73248684
72671252
72672727
72673368
72674952
72675080
72676426
72675886
72677280
72677823
73255984
73256587
72679387
72680262
72682521
72681101
73259254
73260453
72681537
72682832
73263970
73264688
73265869
72687573
72688220
72689860
72690351
72690242
73267509
73268646
72690880
72691824
72694126
72691480
72694122
73274674
72695730
72697091
72696843
72698085
72697662
72700090
73278212
72698907
72699957
73279691
73280439
72701746
72703553
73281900
72702782
73285670
72706462
73286689
72707403
72709516
72709143
72708257
72710080
72710395
73289866
73290602
72711786
72712706
72715050
72714377
73296158
73296849
72717772
72718730
72720717
72720802
72721807
72722157
72723112
72721393
73301733
73302408
72723109
72723925
72726104
72726764
73307684
72725905
72730624
72732541
72729326
72731094
73309447
72730096
73310706
73311700
72731792
72733024
72735419
72735519
73314901
73317293
73316892
73318317
73318806
72738940
72740444
72741819
72739246
72739833
72742276
72741486
73323326
73323947
72743459
72745677
72747557
72748873
73329024
73330357
73330102
73330613
72748759
73331602
73332847
72750273
72750929
72751324
73332963
73334680
73334996
73335484
73338687
73339457
73340672
73340555
73340602
73341838
73342289
72761901
72761474
72763859
72762229
72764660
72764972
72764174
73346430
72763499
72767605
72768378
72768819
72770315
72771094
72770142
73352269
73353637
73353467
73353937
73354769
73355077
73355995
73356539
72774171
72775091
72779879
72779401
73361694
73362438
72780177
72780926
72783164
72781483
72784017
73365897
73364971
73366659
72782649
72784982
73367814
72785857
72788322
73372021
72789251
72789433
72789271
72791633
72791385
72792724
72793026
72794506
72793149
72794515
72794772
72796185
72797002
73381879
73382476
72799455
72800300
73383314
72800909
72802189
73384817
73386269
73386453
73386805
72802582
72803907
73388437
72804159
72805622
73392762
72809274
72812239
72809749
72811316
72813169
72810961
73395903
73396220
73397144
72813194
72813709
72812018
72815408
72815475
72816538
73400217
73401257
72819351
72820268
72822557
72821761
73406329
73406905
72822619
72823419
72825762
72825474
72826157
73409326
73410687
73410048
73411612
73414818
72830165
72830951
72833179
72831672
73417594
73418237
72833486
72834166
73420445
72834701
72835645
73421196
72835319
73422021
73425826
73426256
72839738
73426645
73427357
72842027
72843574
73428773
73429386
73430111
73430703
73430935
72845404
72846729
72848247
72847691
73436318
73437009
72851325
72852722
72853642
73438747
73439545
73440414
73440701
73440894
72854115
72855431
73442513
73443167
72857068
72862108
72862451
72862567
72862882
72864816
72864801
72864526
72864806
73451006
72864571
73452825
73452454
72865974
73453737
73454251
73454896
73458510
73458913
72871513
72872454
72874620
72874420
72875497
72875656
72876501
72873920
72875370
72875105
72876373
72876193
72877417
73468422
72880254
72882837
73469832
72882554
72883114
72882956
72884268
72885641
72885451
72885219
72887817
72887134
73475009
73475446
73475319
72890323
72891337
72893647
72892051
73480982
73481592
73482499
72894107
72895146
72897394
72897820
72898264
72897183
72899188
72899013
72902145
73489989
72901786
72901205
72901559
73491912
73492668
72904155
72905664
73494995
72905625
73495027
73494750
73495147
72905447
72907191
72911981
73500637
73501167
72911372
72912698
73502620
73503572
73502872
73504169
72914481
72916583
73506185
72915469
72917899
72916742
72917966
73510888
72920781
72922318
73512904
73514137
72923952
72924835
73515981
72925430
72927998
72928163
73516466
73517316
72926824
72928055
72927533
72928884
72931023
72932714
72932240
72933532
72935022
72933506
72937179
72935743
72937012
73526969
73527585
72937425
72938345
72940661
72938929
72943467
72942851
73533701
73534429
72943989
72945172
72944850
73535990
73536782
72946193
72945427
73537890
73538818
72949413
72948821
72951247
72952230
72952017
73544765
73545021
73545679
72954963
72955640
72958070
72956933
72958533
73548048
73549552
73548929
72958598
72956973
72961668
72962616
72960987
72965673
72964016
72963802
72965336
72965681
72964982
72968424
72967315
73558449
73559236
73559075
73560667
72968650
73561461
72972379
73565552
73565605
72973646
72976144
72976597
72977142
72976533
72977977
72978660
72978222
73569979
73570486
72977170
72979607
72977147
72980542
72981714
72983044
72983751
73576998
73577647
72985223
73578755
73579310
72985506
72988114
72988122
72988188
72990282
72989317
72989217
72990398
73583429
73586665
73587066
73587479
73588769
73588585
72995754
72997372
72998666
72999370
73591436
73592286
72999101
73000162
73594484
73000353
73598197
73002965
73598332
73599731
73005528
73005751
73006299
73008581
73009158
73008413
73008040
73602998
73603344
73009711
73011063
73012779
73016099
73013396
73609240
73609942
73014697
73016943
73611020
73015956
73018526
73017023
73018312
73019188
73019532
73021872
73022408
73022007
73022534
73618195
73024683
73025165
73024531
73026807
73026646
73621850
73622770
73028000
73622698
73624124
73029424
73625264
73625783
73626398
73626664
73630275
73631133
73630974
73036022
73631547
73632508
73036656
73633412
73037310
73038575
73635120
73038589
73040059
73039684
73041317
73042723
73640648
73641689
73045899
73641773
73642762
73047344
73048772
73644328
73644979
73045863
73048513
73048203
73049716
73050471
73050386
73053126
73054015
73056840
73057307
73652562
73652870
73056694
73654588
73654214
73057184
73058438
73060166
73058436
73060184
73059582
73060362
73062524
73659017
73662514
73065899
73663947
73664227
73067115
73067401
73665056
73067516
73070025
73068440
73072017
73070652
73071477
73071356
73070683
73071921
73073174
73077420
73078315
73077700
73674716
73675522
73078424
73079293
73081462
73080735
73678314
73679056
73081602
73082423
73084548
73086560
73684161
73684735
73685180
73087786
73090357
73090471
73091315
73090952
73091392
73688869
73689250
73689653
73690162
73691418
73693901
73096069
73096794
73098983
73098900
73099364
73099129
73100654
73101444
73698840
73699393
73700121
73101772
73103144
73103888
73106995
73107224
73107947
73108630
73107915
73110166
73109493
73110065
73109562
73112115
73111466
73110002
73111465
73111233
73112423
73114809
73117064
73716234
73116166
73118395
73717519
73718124
73718780
73119544
73120029
73720213
73119937
73121226
73721716
73722384
73723425
73725971
73126485
73127378
73129379
73128850
73127618
73130472
73128426
73130520
73131251
73131077
73731237
73131285
73132541
73732880
73132968
73136744
73737237
73136970
73738759
73738532
73138522
73740329
73740223
73139849
73741341
73742366
73140551
73140732
73141235
73143829
73744033
73146500
73147659
73147393
73149405
73149767
73150761
73148933
73148808
73151047
73751959
73151126
73151496
73152010
73152606
73154796
73154455
73156716
73758494
73759327
73158379
73158841
73161367
73161537
73762104
73160751
73162758
73163257
73764657
73764331
73765009
73765465
73163850
73163275
73168263
73167880
73770563
73771484
73169694
73171369
73772876
73171012
73774114
73774357
73774868
73173107
73173925
73175717
73776554
73779048
73780796
73177301
73178065
73179690
73179964
73781745
73782865
73179753
73182296
73182594
73182838
73185119
73185101
73184702
73787229
73787805
73187974
73790372
73792547
73792283
73190571
73191001
73190316
73191317
73192990
73191981
73794803
73796044
73193297
73194634
73797601
73798167
73194173
73195383
73197839
73199005
73201475
73200237
73202135
73201358
73805443
73201616
73806683
73806328
73806804
73807384
73807754
73808306
73204899
73206506
73210512
73211113
73213242
73210861
73814812
73815493
73211653
73212522
73213632
73213296
73818251
73818969
73214814
73819580
73822774
73823553
73219402
73824543
73825068
73825600
73220570
73221948
73221488
73222149
73225046
73225887
73224561
73830011
73830347
73226023
73229403
73834739
73229950
73836470
73836191
73836565
73837192
73837739
73838089
73234346
73839455
73839859
73840298
73840843
73234830
73235992
73844855
73238933
73241202
73239817
73240263
73240861
73242177
73242803
73244645
73245233
73244193
73246143
73246895
73244447
73246904
73852513
73248731
73250822
73856721
73857446
73251603
73253248
73858983
73859354
73860117
73253356
73255647
73861423
73862483
73256231
73257469
73259045
73262631
73261961
73262539
73868806
73869307
73263078
73263950
73266023
73264233
73264902
73872534
73873326
73266689
73267459
73272226
73270910
73271294
73879102
73879590
73271810
73273021
73271500
73275203
73274727
73275941
73275067
73883094
73883590
73884608
73276950
73281156
73282551
73283365
73281921
73281378
73282643
73282279
73283466
73284176
73284466
73286588
73286724
73285772
73288466
73288781
73896257
73898159
73290414
73291771
73899660
73899988
73900458
73901876
73902317
73901912
73293120
73294543
73294222
73295799
73295770
73298479
73298119
73297780
73301898
73301018
73909382
73910677
73912018
73302850
73304426
73305613
73306529
73303883
73306344
73306147
73306368
73307252
73307752
73916058
73920542
73920537
73311804
73922278
73921834
73922411
73923674
73924187
73314692
73925340
73314562
73925415
73316466
73926707
73927259
73317928
73931177
73931331
73931636
73932112
73932829
73323574
73933904
73934658
73324954
73934654
73936004
73936432
73936802
73326340
73328439
73328975
73330325
73333123
73332648
73334597
73333786
73335150
73336353
73944397
73946084
73335505
73338151
73336655
73339280
73338865
73339132
73341117
73341324
73343527
73343490
73345056
73343291
73344626
73345315
73345220
73347549
73348291
73347873
73347435
73349591
73350291
73348497
73960257
73348539
73353599
73353175
73353860
73355871
73356565
73355302
73357169
73967232
73967641
73969014
73969183
73357707
73969924
73358676
73971040
73971338
73974439
73975566
73975320
73364188
73362356
73364941
73366438
73977969
73978607
73367114
73369463
73980192
73981149
73981714
73369335
73982656
73985663
73985441
73372790
73373100
73986758
73373884
73374159
73375952
73376841
73988564
73989585
73990185
73990406
73990979
73992372
73992091
73380659
73383838
73382534
73384903
73383483
73386968
73385459
73387055
73387878
73999687
73999994
73999520
73386916
73389257
73386630
73389164
73389716
73389417
73391053
73394999
73394935
74008591
73395122
74008006
74009350
73396395
73396317
73396461
73398140
73399170
73400839
73399675
73401757
73400409
73399819
74013847
74016906
73403627
73404800
73406324
73406130
74020258
73406715
73407748
74022660
73408193
73408654
74023465
74024006
74025143
73410596
73413119
73414113
73416765
73415135
74030159
73415307
73416660
74031534
74032782
74033518
74032409
74034085
73418679
73419777
73421536
74035572
74036060
73424637
73426735
73427247
73428115
73426393
73428842
73427574
73429725
73429656
73430904
74044318
74045033
73430060
74044767
73429949
73431384
73433560
73434017
73435306
74051334
73435392
73438912
73438420
74053479
74054044
73439015
73441361
73441730
73442571
73441919
73441567
74060219
73444053
73445332
73444906
73448450
73447726
74063737
74063969
73448385
73449985
74065004
74066388
73449866
73450293
74067335
74067811
73454600
73457195
73455675
73458183
73458804
73458142
73456648
73457956
73457675
73459021
74076323
73458957
73460274
73460384
73461427
74081590
74082305
73465830
74082834
74083577
74084238
73467785
73469134
73470628
73469387
73469582
73469335
73471641
73470071
73473703
73473834
73475251
73475391
73476487
73477495
73478238
73479384
73477949
74095419
74097249
73479385
74096779
74097863
74097701
73480452
73482624
73482538
73487398
73485984
73485539
73486708
73486309
73489934
73489400
73487808
73490471
74107499
73490002
73490435
73489952
73491319
73493031
74110592
74113991
73496044
74115612
74115530
74116116
74116490
73497482
73498861
74117873
73499369
73500862
73500736
73502076
74121591
73502844
74122942
73505373
73508604
73507382
73509709
73509165
73508825
73511383
73511880
73513034
73511898
73513413
73514264
74132673
74133587
74133130
74133787
74134359
73518203
73519147
73521265
73520895
74139532
74140893
74140475
74141975
73521045
73522345
74142548
74143586
73524853
73524933
73525740
74145078
74148938
74149700
74148420
74149852
73530009
73531467
74151160
74151389
74152206
74152422
74153171
74153537
73533646
73534539
73536820
73537493
73539358
74159454
74175230
73555139
73556804
73557135
73558975
73559023
74178456
74179005
73558479
73560701
74179883
74180843
73560503
73564022
74184999
74185380
74186955
73565401
73566582
73568171
73567271
73569342
74189159
74189770
74189859
74190327
74190999
73570060
74192095
74195293
73574499
73575269
74196315
74198221
73576226
74199205
73576321
74199375
73576228
73578448
73579101
73578513
73579872
73579530
73580701
73582357
73584656
73585504
73585299
73587278
73588307
73588189
73587261
73589778
74211016
74211829
73588349
73590727
73589370
73591670
74213686
73589126
73589805
73592613
73593322
73595668
73594504
73596056
73594877
74218779
74217790
74218938
74220261
73596968
73597493
73596214
73597559
73599798
73601083
73601732
73603403
73604953
73605748
74227387
74228260
74229262
74229044
74229858
73605936
73608125
73605429
73607942
73608670
73609680
73610305
74233145
74233478
74237612
73611694
73614060
73614422
73614262
73615290
73617295
74240624
74241141
74241063
73617602
73618461
74241998
73619145
73620756
74244398
74243807
74247656
74248109
73624597
73626344
74250071
74249969
74250331
74251128
73626286
73628592
73627555
73629650
73628347
73630663
73629369
73632405
73632995
73636398
73635795
74260029
74260570
73636480
74261107
74262056
73637856
74263093
74263533
73639371
73640105
74265230
73638839
73641123
73642583
73646590
73645337
73647896
73646643
74270850
74272211
73647414
74273097
74274473
74274409
73649404
74274493
73649661
73651811
74276835
73650974
73652801
74280851
74281761
74281897
74283340
73658563
73658166
73660554
73659216
73661370
73660135
74287002
74287250
74286092
74287605
74288058
73665243
73666667
73667308
74292253
74293935
74293651
73666918
73668355
73668699
73668101
74295851
73669120
73670358
73670059
73670963
73673034
73672798
73676865
73677453
74302911
74304518
74303968
74304851
73677208
73679748
73678352
73680799
73680815
74307251
73681020
74308129
73682522
73682098
73683536
73683517
73684696
73686741
73688790
73687453
73689216
74314617
74316562
74316341
74317061
74317458
73690683
73692344
73693376
73694234
73692523
73694958
73695386
73698778
73698170
73696979
73698184
74326664
73698423
73699781
73698195
73701477
73700172
73701733
73702878
73702592
74331002
73703457
74331797
74334970
74334815
74335439
73706678
73707318
73707899
73709977
73710920
74338602
73709858
73711144
74340109
74340813
74340247
73713304
73713734
74345641
73717229
73718900
73717304
73718930
73721319
73721558
73721583
73722513
73721494
73723622
73724247
73722558
73723537
74351642
74354028
73724377
74356509
74357090
74357549
74358050
73728491
73729697
73731070
73730100
73730973
73733212
74362177
73732270
73733526
74362557
74363238
73734102
74364417
74367537
73737355
73739905
73738355
73739684
73739238
73740647
73740289
74371533
74371977
74372673
73743161
74374610
74375044
73745631
73745210
73746179
73750186
74379909
74378596
74379109
73750067
74381248
74381516
73750796
73753154
73752929
73752196
73754928
73754929
73755574
73755016
74386042
74386409
74389687
74390062
73759948
74391351
74391893
73760376
73761614
73761122
73764571
73763812
73764397
73765887
74395342
74395107
73764321
73766614
73766313
73768342
73769682
73770314
74401945
73769901
73771420
73773116
73771483
73775010
73772456
73773915
73775390
73775681
73776895
73777685
73777356
73778137
74411273
74411822
74412172
73780182
73780681
73784082
73783364
73784860
73785148
73786118
73785717
73785632
73787513
73788039
74418434
74418074
74419471
74423084
74423042
73791307
73792458
74423291
73792432
74425292
73792433
73793773
74426684
73793863
73794135
73796208
73795215
73796387
73797322
73797297
74433180
74433817
74435030
74434650
74435134
74435876
73803284
73805804
73804257
73807008
73804859
73807558
74438338
74440414
74439036
74441019
73807731
73811748
73809305
73811854
73812610
73813711
73812428
73813559
74447809
74448410
73815295
74449411
73816206
74450641
74450833
73817759
73821175
74455213
73821942
73824359
73823001
74457382
74456840
74458795
74458814
73825279
73826113
74460052
74461971
74461550
73826896
73828944
73830419
73832691
73833447
74467507
74467428
74468046
74468658
73833403
73834952
73835341
74470317
74471306
74471428
74472228
74472450
73837311
73840601
73839880
73842059
74477355
74478260
73843780
73844690
74480406
74480218
74480801
73845242
73846586
73847561
74482707
74483249
73848452
73849681
73853269
73854730
73853982
74489016
74489566
74490088
73854997
73856205
73858041
73858622
73857915
74493545
73858079
73860505
73858941
73861192
73863486
73862695
73865326
74500365
73864305
74500817
74501345
74502566
74502438
74503038
73865041
73866790
73867323
73868286
74504829
73868903
73872123
74508940
74510167
73872487
73874773
73876401
73873772
73877315
73876680
73876539
73876849
73877697
73877656
74515038
74516000
74515661
74516648
73881628
73882968
73882617
73884251
74521378
73884302
73885722
74523210
73885890
74524258
74525040
74525403
74525898
74525697
74527653
73890122
74530501
74531170
73893315
73894446
73894205
73896382
73896084
73896712
74534521
73896395
73900113
73897583
73901076
73900387
73900666
73900567
73902816
73905260
73905954
73905375
73907804
73906322
73908206
74545504
74545373
73907716
73909221
73908549
73909494
73911546
74548471
74548949
74549442
73913006
73914448
73913773
73915120
73916715
73915287
73917877
74556035
74556209
74556370
74556726
74557825
74558035
73919841
73921339
73922529
73920237
73925585
73923900
73924197
74564675
73925206
73926967
73926888
74567252
74567014
74567742
74566868
74568446
74569712
74570112
74569805
73929013
73931508
73932024
74574391
74574908
73935807
73936634
73936174
73937309
73938108
74578014
74578783
73939583
74578997
74580734
73941753
73942151
73941001
73941559
73944423
73944755
73946122
73946869
73946844
74588023
74588238
73947023
73951941
73950465
73948675
73948290
73950441
73950478
73949977
73952753
73953723
73957084
74596053
74597178
74595847
74596808
74597888
74599262
74599078
73958932
73960532
73961723
73960745
73962932
73961734
73963890
73964519
73965521
74607086
73965363
73966733
73966642
73968064
73967669
73968842
73967386
73971928
73970706
73972104
73973030
74613689
74613520
73972558
73976757
73978701
73978734
73976194
73977659
73977899
73979489
73979288
74621414
74621429
74621920
73979769
73982158
73981707
73980049
73984554
73984994
73987120
74628602
73986973
73988805
73988615
73989880
73988955
74631640
74632511
74632438
74632940
73988940
73992348
73991825
73992803
73993393
73993368
74638041
74639608
74640997
73997938
74641805
74641960
74000209
74000588
74000297
74643443
74000962
74001371
74002162
74004494
74004811
74003781
74003607
74649858
74650909
74651776
74651443
74006656
74008750
74009745
74009207
74010451
74654333
74010746
74012146
74655989
74656731
74012812
74015205
74013494
74018743
74019364
74019863
74020912
74663181
74663467
74662954
74020636
74019126
74022585
74022967
74666400
74022258
74023492
74667977
74023503
74025804
74027450
74673067
74673431
74673390
74673787
74673690
74029201
74029937
74030970
74676212
74031261
74033951
74033224
74033957
74034397
74036518
74036175
74039387
74683242
74684136
74040681
74040040
74039892
74040430
74041484
74687258
74687787
74043229
74688634
74689091
74044688
74690365
74693291
74694836
74049354
74050612
74052036
74053024
74050331
74052181
74053990
74054329
74055119
74053567
74699515
74700180
74055317
74059261
74060543
74705706
74706304
74060208
74062360
74706896
74708315
74062265
74063083
74065166
74709385
74063906
74066447
74066687
74067614
74067676
74070268
74071279
74071886
74716973
74717314
74718048
74718213
74718770
74071965
74071212
74073226
74076316
74721202
74074315
74075614
74078061
74081450
74079438
74081269
74080637
74727881
74728612
74082202
74729522
74083143
74083968
74084223
74086416
74087230
74086778
74087930
74733740
74736663
74736280
74737599
74738663
74738630
74091962
74739870
74740003
74093331
74094982
74097012
74096812
74096221
74743314
74743904
74747078
74747841
74749166
74101063
74100512
74101073
74104512
74101859
74104482
74104613
74103470
74104615
74105394
74104605
74106231
74107685
74109056
74758478
74759336
74758139
74758963
74760136
74760342
74760794
74761730
74762081
74114236
74115478
74763441
74764268
74116090
74764445
74765663
74120204
74770168
74770020
74770355
74771187
74772104
74123364
74773222
74773027
74774446
74125216
74774375
74125103
74126529
74128076
74125530
74128764
74130172
74131253
74131073
74131505
74133254
74133536
74132002
74133635
74136025
74784957
74785570
74785091
74135011
74137371
74137698
74140001
74141266
74791455
74792182
74143074
74793691
74793992
74794261
74795619
74145288
74147859
74148837
74147427
74148859
74797862
74798619
74151431
74801673
74803134
74803017
74153381
74803751
74804493
74805045
74155204
74805875
74806427
74156609
74807144
74807831
74157898
74160370
74163271
74164160
74162442
74164908
74814598
74163991
74815246
74815819
74815202
74163630
74166041
74164554
74166300
74167417
74168804
74168616
74170504
74173961
74172396
74173944
74824585
74825211
74825548
74174632
74826544
74174564
74177275
74176501
74176226
74177674
74179059
74830155
74833723
74182272
74835196
74835036
74835127
74835933
74183390
74185659
74185505
74837680
74185202
74188063
74189184
74187750
74840474
74841165
74843887
74845397
74192658
74193900
74195415
74196352
74196713
74196090
74848237
74848915
74196848
74199263
74197890
74200518
74199136
74203660
74201310
74202721
74855811
74202417
74204809
74205250
74206904
74207219
74204964
74207648
74207224
74209202
74210018
74209362
74207895
74211302
74214508
74213736
74866728
74212667
74213885
74215853
74217077
74216478
74870006
74870545
74869435
74216553
74217698
74872188
74217940
74219246
74221599
74223851
74221142
74223781
74225553
74226779
74226279
74227543
74879901
74225435
74226841
74225142
74229786
74230141
74230064
74231198
74884490
74884744
74886532
74888034
74889385
74889193
74889402
74890594
74890512
74236557
74892334
74237639
74237879
74238281
74238108
74240387
74237895
74241612
74241711
74898075
74899119
74900249
74245180
74247660
74247897
74248779
74247997
74247706
74903092
74903861
74249373
74251808
74252837
74906581
74908230
74909503
74253635
74255154
74254509
74256000
74256363
74258858
74913021
74913447
74258438
74914271
74258320
74258489
74260024
74260342
74260154
74261553
74920215
74919660
74921072
74922501
74922191
74266658
74269264
74267720
74270215
74269208
74270560
74925770
74925619
74268465
74272154
74271023
74271022
74930649
74931689
74275142
74277638
74933375
74933228
74278465
74277489
74934337
74280218
74279943
74935460
74281184
74936205
74936597
74937467
74281081
74279295
74283772
74284766
74943065
74943397
74286216
74943213
74944246
74287833
74288745
74290228
74291329
74947446
74290163
74291212
74293205
74292917
74949581
74295229
74952177
74954359
74953110
74954428
74297492
74298127
74300813
74300199
74299768
74956881
74958108
74958729
74959128
74959793
74302531
74305620
74308299
74307749
74965297
74966451
74308288
74310482
74308874
74967898
74968796
74310911
74311684
74314120
74973593
74314538
74316859
74315858
74318700
74319538
74318769
74977035
74977873
74319401
74977715
74320391
74978675
74322180
74980420
74981427
74984487
74984628
74985319
74984856
74986295
74326921
74328287
74987679
74329278
74330765
74989346
74990026
74989258
74990849
74991173
74992030
74995049
74336135
74996440
74996571
74996090
74997507
74338677
74998866
74999754
74999904
75000488
75001466
75000202
75002287
74341649
74343312
75006025
74346647
74347786
74346369
74347965
74347436
74348005
74350532
74351663
74350363
74350529
74352963
74351180
74352640
74354073
74352994
74354574
75015741
74356424
75017690
75017116
75018472
75018936
75020236
75019077
75020636
75021188
75021714
74361439
75022713
74362272
74364878
74363395
75026590
74367107
74368816
74368344
74370743
74370356
75030904
74369319
74370584
75032373
75032938
75033286
74371670
75034300
75034781
75038800
75039314
74379050
74378328
74379996
74381169
75040223
75042024
75042197
74380979
75042512
74382272
74382937
74384453
75044944
74384061
74389170
74388929
75049927
75050601
74388024
74390423
75051980
74390484
74390898
74393098
74391542
74391890
74392891
74395036
74394528
74395330
74394461
74398963
74399400
74399911
74401093
74401330
74400164
74401074
74403219
74401788
74401525
74402619
75066003
74402959
75067525
75066769
74408001
74406334
74408935
74409372
74409097
74409315
74408637
74410172
74409551
74411945
74411601
74413202
74412762
74415185
75078057
75079172
75081604
75082556
75082959
75082508
75084539
74419199
74421758
74420405
74423095
74425718
74426159
74426958
74425110
74425781
74428355
74426910
74429487
74430275
74430871
74433002
74433094
74433585
74433023
75096510
75097375
75097975
75098481
75099825
74435262
74435666
74435230
74435834
74435096
74437366
74439913
74442247
74442029
74444075
74442953
74444613
74443815
74445966
74444814
74445122
75110369
75111012
74446583
74448306
74449948
74450805
75116766
75117247
74452671
74453396
74455832
74455114
75120178
75121258
74455797
74456717
74459397
74457600
75126028
75126524
74461516
74462943
74462186
74462863
75126989
75127710
75128841
74462897
74463745
74466058
74465852
74465889
74466513
74470329
74469001
74470718
74472146
74472004
74472441
74472745
74474018
74473677
74474904
74474731
74473704
75140756
75141603
74475244
74476455
74481024
74479781
74481659
74481995
74482121
74481595
74483908
74482392
74481863
74483213
74482986
74484090
75151763
74484477
74486481
75155964
75156733
74490121
75156845
75158189
74490604
74491024
74492268
74492020
74494241
74492865
74494278
74494170
74496502
75163251
74496461
74496658
75167553
74499536
74500944
74501660
74502981
74504064
74503965
74504507
75171521
75172499
75172534
75172867
75172637
74503848
74507257
74505846
74508020
74509592
74510022
74509256
74510063
74512527
74513561
74514494
74513848
75181730
75182465
74514425
74515201
74517404
74516378
74518443
74521564
74520475
75188286
75189745
75189413
74521128
74522287
75191514
75192109
74524721
74524049
74523942
74525358
74524932
74527072
74525645
74527119
75199415
75200045
74531542
74532333
74534358
74533194
74534668
74535633
74536413
74534753
75204672
75205280
75205933
74536754
75209565
75210190
74541026
75210947
75211574
74542393
74543313
74545153
74545943
74545319
74545059
74547440
74547091
74547755
74548189
74549351
75221196
75221563
75222249
75222468
74551083
74554723
74553453
74554652
74555390
74555012
74556611
74557510
74557971
74558141
74557740
74558375
74559739
74561998
74562530
75232754
75232734
74562486
74565105
74563777
74565345
74566398
74566812
74567629
75236849
75237425
75238127
74566316
74567484
74571977
75242543
74570860
74572340
75244145
74572282
74572787
74573468
74576349
74574040
74575431
75247919
75248017
75248449
74577420
75248648
75250260
75251959
74580901
74582211
74581775
74583976
74582494
74583966
74583446
74585027
74585242
74587360
74588088
75259370
75259764
74587684
75259214
74588689
74589733
74592234
74593548
74592683
74593269
74594585
75266166
75266881
75267089
75267598
74594717
74597004
74596524
74598722
74597273
74599921
74599897
74600761
74602145
74604677
74603953
74604510
74603112
74604173
74602796
74607515
74605855
75279359
75280009
74607318
74609889
74610464
74608985
74611245
74612550
75286335
75287081
75287518
75288862
74615060
74616681
74617380
74618556
75290423
75291636
75292351
75292038
75293190
74621042
74622386
74622072
74624536
75297743
75298250
74624946
74625815
75300417
75299326
75299753
74626388
74626549
74628053
74628402
74628986
74630728
74634490
74633210
74634880
74633888
75308693
75309435
74634425
74635673
74635408
74637633
74636243
74638593
74636985
74638545
74637920
74641682
74643687
75317935
75319405
75319191
74644690
75320036
75320497
75321362
74645644
74647842
74646429
74649041
75323447
74648026
74649530
75325051
74652130
74654485
74653042
74654052
74654993
74654396
74656080
74656384
75332336
75332978
74657840
74659434
75334780
75335303
74659644
75335496
75338918
74663749
75340192
75340759
75340814
75341553
75342350
75342601
74667073
75342997
74667988
74670443
74669097
74668885
74671788
74670678
74675298
74674256
74675767
75351935
75351684
75353068
75351968
75353119
75353618
74677739
75353921
75356125
75354743
74678710
74681202
74678616
74683086
74684058
74685490
74687210
74685941
74686525
75363265
74686858
75365170
75364842
75365260
75366466
74688051
74690537
74689993
75367713
74690079
74691611
74692815
74695948
74695171
74695897
74696767
74696891
74697341
75374412
75376377
75376565
75376890
75378210
75378191
74700867
74701808
74703885
74705571
74705729
75383923
75384611
74706973
75385679
75386554
75385499
75387000
74709545
74710810
74709488
74711871
74710298
74711869
74711379
74715325
74716938
74718860
74718869
74719357
74719733
74720197
75397887
74719216
75397115
75399362
74720475
75399581
75400053
75401362
75400116
74724549
74725763
74727187
74728441
74728854
74729657
74730019
74728589
74728915
74729274
75408983
75410386
75408932
74729309
74731161
74732177
75411998
74735138
74737534
75416170
75416994
74736830
74738112
75418187
75419011
74739725
75419391
75421227
75420989
75421298
74741116
74743221
74742680
74742295
74747424
74747901
75427269
75427922
74748418
74750042
74751363
74751212
74769214
74769154
75448502
75449490
75449296
75449694
75451017
75453176
75454817
74775358
75454908
75455596
74775484
74776479
74778559
74777354
74779328
74779257
74779769
74779168
74780568
74780384
75461832
75463233
75465426
74783431
74784672
74785091
74787098
74787969
74787664
74788768
75467537
75469120
75469594
75470180
75470447
74789026
74790121
75471825
74793014
74793337
74793812
74795138
75477298
75478040
75478557
75479650
75479655
74798290
74799231
75480270
75481458
74800061
74801150
74802693
74801367
74806368
74804927
75487599
75488228
74806618
75489935
75489751
75490131
75490744
75491328
75491807
74810099
74811665
74810789
74810579
74811810
75497599
74815650
74815882
74815632
74817963
74815335
74819176
74818592
74818987
74820926
74820974
74821661
74820877
74822741
74822741
74823246
75507249
75508285
75508994
75509745
75510058
74827519
75511665
75511520
75511907
75512560
75512061
75513761
75514059
74831284
74832036
74834092
74837484
74836063
75520040
75521046
75521283
74838140
74838964
74841071
74840913
74840774
74842353
75525344
74841320
75526272
75526460
74845669
74847828
75530873
75530131
74846463
74847631
74847247
74852138
74850475
74848251
74849711
74851161
74851035
74852040
74853669
74853336
74853488
74857814
74857488
74858595
75542413
74857536
74858630
74858533
75542739
75544168
75544627
74860457
74862057
74861882
74863828
74862437
74865581
75550810
75552236
75552149
74867496
74869096
74870184
75554934
75554597
74868452
74871259
74870540
74870233
74873606
74874032
74872739
74874144
74877344
74878259
74878275
74879283
74879224
74879640
74879075
74879224
74881280
74881696
74882410
74882850
74883482
74883898
74884314
74884778
74886663
74885240
74886767
74887157
74888135
74888113
75573979
74888050
74889185
74891866
74890395
74891056
74892321
74893564
75577306
75578756
74891626
74895159
74898136
74898079
74898404
74899545
75584756
74897354
74900647
74899145
75585284
75585903
74899392
74901734
75588142
74900257
74901929
75588783
74904100
75589381
75589706
75590389
75594279
75594056
74906516
74906799
74907161
74909893
74909420
74909470
75596187
75597547
75598060
74910274
74912808
74914151
74914567
74913107
74913446
74915740
74916948
74917406
74918390
74918182
74918778
75606865
74917506
74921877
74922464
74921115
74921114
74921616
75610618
75610285
75611780
74922400
74925848
74924252
74927853
74928974
74929062
74929340
74932348
74930869
74929205
74931072
74930171
75619908
74929375
74933869
74932412
74932553
74935125
74935514
74935906
75622244
75626272
75626576
75627195
75627519
74939401
74939769
74942342
74941212
74941094
74941575
75630641
75631048
75631852
74942143
74945724
74946110
74944884
74946512
74949771
75637742
75638986
75638740
75640044
74950331
74952953
75640602
75640823
75642121
74951821
74953068
74954390
74955736
74955659
74955283
74957295
75648316
75648422
74958393
74959120
74960905
75650366
75651234
74960829
74961953
74961974
74965028
75652338
75653537
74962036
74964630
74966967
74966699
74965768
75659218
75659183
74968877
74972127
74971423
74972139
74971272
74971763
75661427
75661793
74971924
74975433
74975873
75664333
75665062
75665523
74974441
74975879
74978305
74981172
75669567
74981243
74981608
74982945
74983454
74983867
74983619
74984104
74984742
74984564
75675013
75675451
75675950
74984348
74987622
75677411
75678005
75681502
75682137
75682004
74990151
74992678
74994063
74992786
74991984
74992458
74993580
74994078
74994575
74994920
75685812
75686375
75688566
75688321
74999915
74999478
75002729
75002291
75001414
75003611
75004398
75004938
75004451
75696353
75696227
75003569
75006243
75007576
75006960
75698960
75698605
75699039
75702277
75701849
75009370
75012057
75013322
75013051
75012147
75704040
75705497
75705839
75706476
75706796
75014122
75014298
75017779
75018284
75016666
75709901
75713039
75019863
75020399
75023417
75023892
75714509
75715625
75022060
75023357
75025151
75716721
75717406
75024186
75026730
75028193
75028585
75028235
75027450
75027744
75030800
75031240
75031707
75032137
75032563
75034513
75035647
75034175
75727979
75728398
75036211
75036591
75036323
75730881
75731224
75730987
75036839
75040284
75043312
75736091
75734899
75041293
75043236
75738033
75043697
75043648
75044543
75044945
75045574
75045928
75047856
75048933
75049256
75049870
75050368
75049123
75052203
75052451
75052816
75053304
75055418
75056249
75749354
75749074
75054199
75057684
75057597
75056222
75750444
75751805
75752272
75752927
75057432
75060990
75064124
75062400
75062990
75064703
75063942
75064331
75759482
75760170
75760477
75065404
75066515
75067248
75067616
75067832
75069613
75068604
75069157
75072111
75074535
75075047
75075535
75074477
75076341
75075865
75077670
75078134
75078574
75079014
75079574
75078798
75079242
75079536
75079186
75083301
75082901
75083502
75779528
75780096
75780952
75781776
75781704
75782580
75086922
75088621
75089020
75784735
75783919
75784822
75090711
75094291
75092610
75093017
75093474
75790328
75791041
75094196
75096610
75098004
75098444
75098925
75099601
75099885
75100274
75100810
75101202
75101795
75104872
75105237
75105701
75106192
75105488
75106928
75107344
75107949
75802924
75803776
75804018
75804844
75805530
75806130
75806741
75805376
75809341
75810111
75112125
75113318
75113474
75114691
75113919
75115358
75812916
75813278
75814224
75815188
75116582
75117628
75117740
75117684
75119021
75121544
75819681
75124041
75124409
75125914
75126166
75823264
75822946
75126406
75125624
75128198
75128593
75129057
75129596
75129249
75826445
75826828
75128009
75131601
75131900
75134307
75133328
75133071
75134126
75135679
75136250
75135298
75135756
75835039
75835884
75136037
75139543
75137041
75138517
75138903
75837752
75838394
75839018
75842648
75842549
75842920
75843528
75145125
75146360
75845245
75846068
75147067
75846601
75845983
75848277
75848766
75848683
75149838
75151534
75851743
75853515
75853501
75853949
75854775
75155763
75855066
75855780
75855748
75157187
75157637
75858234
75858563
75859088
75859587
75160231
75161628
75162789
75166247
75166817
75166410
75166185
75167830
75167918
75166942
75867746
75867936
75869203
75868480
75869000
75168477
75171829
75171309
75874067
75173054
75175425
75172937
75177454
75176613
75178379
75176719
75179077
75179811
75178545
75180477
75879586
75880448
75880755
75881419
75181184
75884860
75885607
75185984
75187486
75185730
75186486
75186944
75189332
75189067
75189293
75889885
75890152
75889628
75890848
75190361
75191756
75189385
75191905
75194940
75197204
75197668
75196127
75197940
75198955
75199171
75899515
75899968
75900844
75198362
75200953
75199327
75201741
75200238
75201643
75202057
75207004
75205937
75908064
75908790
75207173
75208069
75909933
75208732
75911288
75912136
75210250
75209932
75211197
75913964
75211390
75216381
75215738
75918637
75919290
75919568
75920151
75920690
75218589
75220733
75220309
75221847
75222688
75220209
75223783
75223183
75224496
75226336
75227435
75227824
75227803
75227588
75229288
75230607
75932559
75932484
75933977
75933601
75934854
75934418
75935060
75935442
75232683
75938616
75939682
75237578
75238114
75236622
75240237
75239643
75239224
75241324
75943386
75943871
75240644
75945367
75945413
75241928
75244443
75244774
75245358
75950114
75950701
75951781
75950687
75951199
75249335
75248818
75248450
75250756
75251984
75252714
75251176
75250974
75252954
75956513
75956124
75956767
75960656
75961216
75257370
75259873
75258542
75260451
75964167
75964060
75964693
75965162
75260920
75261339
75966611
75967138
75967831
75263474
75970975
75971832
75972877
75267984
75270483
75270744
75271762
75271168
75975784
75976623
75272619
75271076
75274353
75274713
75274620
75273563
75982650
75982708
75982996
75277126
75279289
75280928
75280693
75279666
75280157
75986186
75279961
75282656
75283954
75284175
75284379
75282998
75285585
75990631
75993926
75993369
75994021
75287458
75289824
75291068
75995634
75996038
75289677
75292828
75293391
75290647
75292113
75998151
75290813
75294400
75295689
75295961
76000862
75298238
75297617
75300391
75297719
76006256
76006171
75299892
75301445
75301245
76008782
76008960
76009432
75303360
75304848
75305230
75303608
76009960
76011282
75303075
75306305
75310136
75308909
76015323
76016703
75309228
75311591
75312674
75312959
76019699
76019157
75313433
75314778
75314422
75313494
76021321
75313554
75316919
75317161
75315559
75318690
76025950
75318604
75319898
75322399
75319802
76028557
76028979
75321090
75323576
75324416
75324976
75325293
75324189
75324533
75324949
76033781
76033794
75326037
75331236
75330978
75330002
75330490
76037979
75329791
75331076
75330538
75331854
75330195
75334791
75334817
75333572
76043237
76043036
76043214
76043812
75334870
75337353
75340785
76047996
75339003
75342347
75342999
75343316
75340760
75342072
76051086
76051568
76052037
75342818
75344165
75344527
76053694
76054254
75344924
75347500
76056156
76058582
76059348
76058742
76060251
75351677
75353458
75352162
76061316
75352075
75353534
75355631
75353348
76062922
75354767
75356170
75356173
75358311
75358710
75359150
75362230
75359817
75360104
76071040
76071381
75361422
75364010
75365230
76073254
76073722
76074194
Peak: 76075211
Average: 68632712.9959073
