0
216587
526874
980207
1528653
1752369
2494451
2902149
3131785
3715697
3999579
4599618
5387516
5529005
5985823
6339990
6821155
7261140
7506332
7911813
8474798
8890168
9166351
9500992
9695470
10112836
10812445
11262895
11809845
12560331
12835489
13145587
13641470
14206951
14695760
15242487
15774536
16112473
16499493
16655543
16786491
16852379
17196640
17359944
17646584
18037542
18192826
18414640
18553744
19222719
19549371
19765052
19822407
19825827
20108257
20264323
20475190
20859900
21271195
21497247
22094336
22570188
23297750
23540143
23932912
24240882
24552958
24673859
24815645
25034374
25251120
25557863
25851310
26267793
26760952
27141045
27746023
28434197
29242483
29868587
30054931
30059555
30062179
30076591
30083367
30108117
30508856
31054725
31527065
31724332
32013591
32193209
32448370
32490508
32620047
32630795
32737861
32921604
33078323
33533116
34457206
33981193
34479115
34598630
34774102
34820053
34791141
34873048
35181042
35287043
35907778
36000505
36408555
36889119
36956012
37210917
37662224
38006770
38510845
38510840
38510930
38510988
38371425
38824577
39024974
39207392
39269751
43263157
43327455
43590678
43620153
44233129
44240133
44315973
44373743
44421827
44478233
44544242
44569478
44644021
44708025
44765166
44760628
44997210
45208900
45295344
45738494
45944199
46199377
46737970
46939639
46974180
47166952
47227349
47295406
47497393
47584226
47680024
47760448
48086586
48214556
48456635
48665525
48749814
48892406
49172647
49487743
49584810
49748523
49836010
50022326
50268250
50364842
50450838
50475398
50490782
50524942
50581351
50630566
50706459
50838225
50916071
51013414
51185417
51541576
51649984
51953246
52210020
52588900
52741763
53050707
53338379
53808184
54424468
54638318
54679720
54710762
54779892
54829447
54983052
55078551
55153848
55208195
55674025
56048263
56203453
56634449
57056608
57089818
57083319
57491691
57575739
57785064
57996745
58109644
58300578
58357943
58444506
58573286
58596463
58680952
59063406
59806931
59966871
60060447
60133687
60195295
60378474
60435182
60485727
61488020
61011392
61042425
60835474
60840625
60842183
60846055
60847519
60850664
60852865
60853762
60856440
60858066
60860499
60863743
60865699
60865348
60868747
60869558
60874655
60876236
60875011
60878383
60878712
60881146
60882094
60882891
60882150
60884463
60884909
60886147
60886610
60887548
60888254
60888906
60891802
60891197
60891848
60893345
60893675
60895433
60896117
60894491
60895476
60896783
60898031
60898955
60897382
60899565
60900369
60900907
60904305
60903034
60904086
60906156
60905902
60906882
60906523
60908134
60908743
60908107
60910288
60910282
60909587
60911096
60912124
60912251
60913288
60916750
60916549
60916583
60916962
60917110
60918121
60918690
60917015
60920705
60919917
60919763
60920039
60921161
60922959
60921069
60923436
60927139
60926071
60927034
60926114
60927798
60926796
60928448
60929151
60927673
60930075
60930521
60930996
60930641
60929811
60931749
60935338
60934418
60934755
60936481
60935321
60935098
60937663
60936972
60937257
60939177
60937889
60941896
60942657
60943263
60940998
60941352
60944774
60944434
60944144
60944536
60946016
60946591
60947205
60947635
60948472
60948974
60947148
60952287
60952834
60953485
60949462
60949878
60954224
60954763
60954096
60955968
60955007
60955955
60956023
60957072
60957690
60958057
60958654
60959210
60959770
60960165
60960632
60961222
60964169
60962967
60963019
60968738
60963765
60966300
60969779
60966794
60967735
60971193
60971687
60972242
60972950
60973449
60968404
60968808
60970384
60973765
60974352
60973521
60974479
60974264
60974837
60975154
60976134
60976968
60977723
60978244
60980156
60980987
60981531
60979429
60982043
60983495
60985725
60985272
60985973
60986584
60987123
60987809
60989540
60990271
60990838
60992078
60992124
60992617
60993919
60991929
60994556
60995313
60998311
60999308
60999252
60999723
61000306
61000694
60999844
61000339
61000871
61001287
61001819
61002356
61002804
61004702
61003672
61010817
61006432
61007003
61007837
61009975
61010579
61009183
61011330
61010281
61010252
61012594
61013040
61013674
61012263
61014707
61015663
61016253
61016843
61019788
61020125
61020657
61021114
61021530
61022090
61022543
61022973
61023389
61023986
61024282
61024660
61025178
61025580
61025945
61026412
61029491
61029907
61030323
61030841
61029700
61029784
61031660
61038411
61032307
61033284
61033263
61033628
61034109
61034743
61035094
61035561
61035977
61036549
61039193
61038745
61039713
61038932
61039190
61039555
61048584
61040887
61042096
61042419
61050469
61041723
61042640
61044653
61045018
61043897
61048189
61048853
61049029
61049115
61048532
61048999
61049627
61050794
61050107
61059838
61060021
61051294
61053459
61052099
61053028
61052590
61055176
61058420
61058792
61059187
61059774
61060211
61060490
61060816
61060102
61060792
61061635
61061068
61062294
61063280
61062346
61072922
61064293
61064855
61076660
61077014
61067000
61068135
61070132
61070518
61070985
61069987
61071623
61072120
61072324
61072724
61070853
61073932
61072626
61073272
61086577
61078176
61078469
61078745
61079419
61079678
61080115
61079274
61079692
61080382
61080955
61082024
61081309
61082861
61081936
61093626
61093774
61096837
61097096
61097595
61086510
61087780
61089430
61089230
61090611
61090473
61089388
61101480
61101770
61102132
61090743
61090664
61091583
61094227
61097385
61107670
61098179
61098457
61098522
61099359
61099927
61100357
61099763
61100089
61101031
61102247
61102485
61113686
61114053
61114244
61104806
61117464
61105489
61106824
61108642
61109130
61109525
61109954
61110789
61109641
61110690
61122359
61109750
61112438
61112840
61113160
61112930
61116539
61116847
61117328
61116512
61118459
61116886
61130103
61130236
61117468
61118696
61131631
61120558
61120893
61120217
61120893
61121722
61122989
61124321
61138126
61126438
61125197
61138946
61139575
61126231
61128889
61129356
61129553
61130188
61130229
61130645
61129846
61130478
61131708
61133606
61135323
61135663
61148488
61148792
61134984
61137505
61149914
61136767
61138613
61139265
61137992
61138992
61141056
61141027
61140065
61154706
61157803
61158195
61144062
61146532
61146137
61145235
61147684
61148484
61147032
61147715
61147571
61149504
61148220
61163129
61163689
61149224
61150044
61154118
61153450
61154109
61154234
61155049
61156326
61170235
61170533
61156188
61156471
61158537
61158829
61159188
61158389
61159436
61160701
61160795
61162306
61177825
61162668
61163873
61165670
61166446
61180188
61166661
61166540
61165364
61166603
61182309
61166656
61167508
61169521
61169900
61169588
61173727
61173495
61172889
61174145
61174838
61189263
61173422
61176029
61176463
61176848
61177185
61177036
61178158
61178406
61178979
61193889
61177687
61182951
61183281
61183559
61183959
61183243
61184223
61185189
61184090
61200905
61184449
61185389
61187272
61187586
61187914
61188105
61187559
61189001
61192873
61208935
61208885
61192807
61194704
61195117
61195383
61195830
61194964
61196788
61195425
61212936
61195801
61198280
61198826
61198988
61202058
61202403
61203156
61203306
61201985
61202229
61202278
61204887
61205252
61205596
61205996
61205283
61205809
61206269
61207487
61224092
61208471
61207016
61211678
61212091
61212580
61229089
61213232
61213834
61214254
61213174
61213850
61231197
61214832
61214461
61232973
61215233
61215508
61217583
61217938
61219773
61237848
61221599
61221160
61239482
61239802
61222159
61223914
61241025
61224449
61224882
61225065
61225529
61225886
61243571
61226934
61227507
61229124
61229707
61231027
61248970
61249215
61231212
61232944
61233097
61233649
61232547
61233196
61234697
61252698
61233528
61236121
61236414
61236915
61239798
61239078
61240878
61239559
61259508
61241078
61242302
61242363
61242687
61242426
61243599
61244194
61245024
61243689
61246313
61264994
61244948
61250109
61250518
61250737
61250154
61251530
61270699
61270672
61252952
61253368
61253727
61252925
61254243
61252757
61255171
61274072
61255795
61257740
61257655
61278205
61258816
61260511
61260831
61261190
61260419
61262082
61281644
61281789
61262038
61263335
61263878
61263231
61263513
61263627
61287458
61266551
61269188
61269590
61270061
61269116
61270010
61269539
61273127
61291213
61272341
61271735
61273063
61273391
61273973
61272675
61294585
61277987
61297728
61278409
61278216
61279145
61279673
61280125
61279224
61281048
61279859
61301691
61280075
61282548
61282779
61282125
61283163
61283955
61307491
61285459
61288079
61288185
61287448
61286481
61289504
61310219
61290257
61290594
61290943
61290309
61292219
61290761
61313445
61293242
61293641
61295326
61296422
61295863
61318748
61298402
61298672
61298897
61298351
61299994
61321555
61299907
61301174
61321812
61301234
61300573
61301928
61323802
61304279
61306270
61307012
61305832
61307166
61329121
61306846
61308422
61309831
61309159
61332118
61310641
61311498
61310564
61312152
61311775
61311506
61314828
61338228
61315845
61317133
61317299
61316235
61340125
61316459
61319082
61319337
61318457
61318996
61319073
61342965
61319901
61321849
61322061
61324002
61325326
61348484
61348573
61326955
61327234
61327633
61326750
61328154
61351327
61327003
61329486
61329843
61330216
61330232
61329037
61353746
61334233
61334621
61334953
61334329
61335746
61359109
61335394
61336917
61337211
61336543
61337942
61336438
61339131
61339335
61339694
61338967
61340654
61341966
61367310
61344557
61344649
61343987
61344283
61343974
61346179
61345539
61346282
61346037
61371640
61348627
61348861
61372625
61349185
61349910
61376890
61351331
61353910
61354158
61353162
61353890
61353862
61353580
61356217
61356513
61355661
61357550
61356115
61382416
61356970
61357132
61359008
61360888
61361654
61360908
61362146
61363003
61364068
61363938
61364563
61364018
61390243
61366049
61365197
61366569
61391896
61367644
61368029
61367006
61370742
61370142
61370226
61397188
61373049
61373291
61372643
61373875
61399626
61375132
61375192
61374688
61376188
61376239
61376171
61375571
61377091
61406849
61382171
61382576
61381858
61381899
61409277
61384107
61383822
61383530
61385432
61385282
61411880
61385197
61386847
61387093
61386445
61388125
61417107
61389451
61391921
61392241
61392665
61391966
61393396
61419904
61392165
61420549
61395010
61395374
61394789
61395990
61422869
61397059
61397526
61400422
61399945
61400990
61428125
61400535
61402490
61401405
61402191
61430365
61401987
61404194
61402846
61405118
61404478
61405761
61433045
61406836
61409810
61410118
61410503
61410764
61411328
61410301
61411916
61439503
61412982
61413323
61412587
61414318
61441766
61413430
61414060
61415685
61415904
61415270
61419347
61417782
61420367
61420462
61419766
61421419
61421928
61422177
61422732
61450792
61422012
61423830
61423932
61452047
61424774
61425051
61424417
61428364
61457167
61429184
61428297
61430001
61458498
61431035
61430884
61431583
61432240
61460656
61431440
61432610
61432400
61433682
61433241
61432794
61435280
61438241
61436855
61437562
61467601
61439726
61440375
61439695
61439248
61469875
61441576
61441854
61440768
61442799
61441954
61443309
61442799
61444055
61476346
61447784
61447996
61447348
61447374
61478187
61449671
61449883
61449791
61449344
61449178
61451740
61450288
61451806
61451247
61481951
61453254
61453615
61455529
61469544
61469881
61472678
61472740
61504947
61474233
61476907
61477050
61477632
61477094
61508368
61479243
61479627
61478502
61480066
61478692
61483849
61484051
61483615
61483534
61483542
61483675
61486166
61486370
61485709
61487118
61485634
61488220
61488431
61489010
61487263
61489726
61488658
61490636
61492709
61523847
61493488
61493329
61492628
61491885
61523668
61493576
61493820
61492839
61492008
61491629
61524092
61493879
61523929
61493794
61493911
61492572
61493581
61491871
61493631
61493815
61492804
61492400
61524277
61494226
61492818
61494214
61493466
61492625
61493973
61492314
61494437
61494220
61494252
61494081
61492549
61494614
61494550
61493519
61494380
61524932
61494906
61494770
61494571
61494081
61493241
61492769
61495043
61494724
61494197
61493110
61492905
61495086
61495122
61493694
61493729
61493929
61492933
61494910
61493312
61493059
61525638
61495337
61493813
61495299
61494972
61493999
61495426
61495254
61494713
61526012
61495458
61494297
61493893
61493449
61495535
61495318
61494286
61495281
61493921
61493857
61493601
61495570
61494265
61495752
61494973
61525919
61495882
61494891
61496031
61494866
61526374
61496138
61495927
61494920
61495915
61526415
61496161
61496135
61494449
61496028
61494939
61495862
61495994
61494270
61496239
61495174
61494723
61494374
61496288
61494888
61494967
61496055
61526740
61496445
61495851
61494329
61496335
61496672
61496428
61495324
61527135
61494524
61496664
61496444
61495528
61496335
61526967
61495415
61498080
61496748
61498260
61498078
61528759
61498405
61498222
61497122
61496423
61529064
61498821
61498750
61498611
61497471
61498480
61529228
61497529
61498949
61497566
61498908
61498686
61498452
61499007
61499033
61498441
61529552
61497781
61499057
61498957
61498365
61497483
61497176
61499289
61499045
61497989
61529734
61529754
61499189
61499068
61498476
61497587
61497208
61499396
61499594
61499386
61498180
61497711
61499488
61499215
61497423
61498244
61498207
61530146
61498079
61499544
61498332
61499269
61529983
61498188
61499601
61498396
61530416
61497910
61499996
61499906
61530459
61499344
61498279
61498772
61500222
61530581
61530697
61499373
61500505
61531110
61500850
61500763
61499502
61501207
61531439
61499497
61501133
61499736
61501299
61531357
61501247
61501132
61499769
61501192
61531486
61501268
61501307
61500392
61501299
61531992
61501719
61501590
61500347
61501371
61501635
61501603
61499997
61500191
61501711
61500368
61499523
61532023
61501931
61501196
61500527
61501760
61500870
61500148
61532262
61501920
61501777
61500804
61501683
61532304
61502110
61501944
61500727
61502362
61532682
61500775
61502390
61500942
61502091
61532613
61502453
61502647
61501311
61502187
61502010
61502418
61502260
61501696
61500698
61532877
61502568
61502566
61501339
61501027
61501764
61502370
61502372
61501192
61500761
61532830
61502529
61502567
61501146
61502708
61532988
61502749
61502664
61501212
61502861
61533069
61500890
61502412
61502753
61533252
61500692
61502610
61501500
61502725
61533271
61502850
61502667
61501571
61502545
61533198
61501675
61500756
61501025
61501180
61502786
61502665
61501804
61504113
61534836
61504554
61504929
61503620
61502962
61502532
61504618
61504466
61503677
61535187
61502627
61504713
61504592
61504764
61503859
61503949
61503553
61504476
61502654
61504863
61504576
61504927
61504609
61502892
61503216
61504945
61503788
61503230
61502953
61504960
61503652
61504709
61535533
61505113
61535319
61505051
61503166
61505104
61504548
61505429
61505519
61504577
61503930
61535926
61505719
61505395
61503836
61505880
61505714
61504823
61504329
61503862
61506012
61505905
61505167
61536313
61506024
61506011
61504775
61505921
61536313
61506291
61506059
61506109
61506433
61536830
61504352
61506496
61506375
61505586
61504874
61504652
61506553
61506408
61536656
61505731
61537132
61505731
61506511
61536746
61506398
61504615
61506701
61506631
61505284
61506746
61505738
61537486
61506972
61506813
61506861
61505156
61506947
61506829
61505808
61506745
61537387
61505568
61506988
61505800
61506730
61537437
61507113
61506992
61537565
61507151
61505859
61506888
61537437
61507228
61507204
61506297
61537728
61505229
61507489
61505812
61505964
61505638
61505358
61505987
61505565
61505313
61506512
61507215
61505419
61506099
61507571
61507691
61505670
61507697
61506395
61507504
61538187
61507859
61507739
61506339
61507505
61537939
61508018
61507736
61506619
61507579
61507578
61507894
61507792
61506717
61507589
61505920
61507934
61507738
61506778
61538445
61506629
61507950
61506751
61507839
61538351
61508040
61507796
61507228
61538575
61506111
61508101
61507980
61507388
61506571
61538386
61508425
61508265
61508434
61507003
61538814
61506607
61508462
61507145
61508397
61507037
61508131
61538605
61508521
61507890
61507467
61538888
61506733
61508606
61538887
61508380
61539079
61508648
61508560
61507471
61508394
61538892
61508661
61507643
61507631
61539292
61509011
61508875
61507660
61507194
61539284
61508925
61510983
61510983
61541132
61511003
61510756
61509550
61541289
61511002
61511040
61509893
61510786
61541452
61511428
61510093
61511239
61541619
61511375
61510012
61511470
61510199
61509954
61511399
61510552
61541961
61510396
61511454
61510149
61541994
61510931
61541869
61511850
61542115
61511788
61511807
61511290
61510306
61509955
61512174
61511944
61511529
61510392
61510078
61512304
61512221
61511110
61510692
61510440
61512389
61542249
61542460
61512246
61511085
61512036
61542619
61512374
61512468
61542771
61542884
61512338
61510962
61510649
61512200
61512420
61511355
61542986
61512486
61512487
61511319
61512342
61543223
61512862
61512709
61511895
61543371
61511354
61510961
61511645
61543412
61512994
61543270
61543096
61511863
61543664
61513316
61513178
61512252
61543854
61513502
61513350
61512082
61513681
61512266
61511818
61511623
61513740
61511370
61512186
61512640
61512777
61513648
61513485
61512559
61544155
61511698
61513890
61512301
61513813
61544065
61513796
61512621
61512690
61512290
61511718
61513951
61512464
61513593
61544133
61513887
61513677
61513136
61512138
61513129
61513994
61512532
61513764
61544322
61514054
61513875
61512812
61512260
61512079
61514147
61511886
61512758
61514069
61544375
61513992
61512694
61513992
61512551
61512694
61514186
61512705
61514427
61512328
61514318
61513136
61544762
61513131
61514373
61544807
61512295
61514387
61513687
61544906
61514438
61514303
61514646
61513215
61512557
61514598
61544851
61513343
61514512
61545189
61514851
61514695
61513821
61513328
61512895
61545402
61514968
61515345
61545659
61515225
61515121
61514604
61545592
61515217
61515284
61513455
61515493
61515400
61514415
61545925
61515662
61515454
61514235
61515356
61545913
61515695
61515731
61514542
61514076
61513691
61515783
61515686
61515992
61546219
61515764
61515547
61514979
61546126
61515649
61515687
61514622
61515419
61546174
61515863
61515525
61514553
61515791
61514480
61515646
61546099
61515978
61515282
61514736
61514243
61513966
61516079
61514713
61515742
61546465
61516153
61516032
61515464
61546512
61518473
61518399
61517217
61518130
61518985
61548993
61518503
61517909
61516990
61516495
61518522
61517916
61517441
61549287
61518746
61518566
61516925
61517894
61549060
61519111
61518829
61518234
61549255
61519011
61519042
61517916
61518812
61519193
61517337
61518991
61518142
61549816
61519416
61519234
61519390
61549731
61517926
61519459
61518333
61519093
61519649
61518371
61550152
61518449
61519507
61518977
61550118
61519704
61519560
61518079
61517785
61519887
61518654
61519817
61518001
61519988
61518160
61520107
61517900
61520130
61518701
61520028
61550604
61550584
61520223
61520520
61550575
61520725
61520573
61519720
61519110
61518680
61520793
61519382
61521010
61551248
61520932
61520816
61550941
61519729
61519040
61521044
61519831
61519519
61519201
61521598
61519886
61521152
61551554
61521367
61521250
61520761
61551745
61520077
61521481
61520261
61520313
61552089
61521837
61521650
61519649
61521831
61520625
61552124
61519859
61520208
61521563
61520911
61519807
61552012
61521776
61521185
61520259
61519852
61521865
61520581
61520338
61520436
61521805
61520743
61520199
61552171
61522069
61521383
61520431
61520157
61520641
61521890
61520585
61521878
61519949
61522304
61520750
61521960
61552479
61522264
61520980
61521282
61552810
61522248
61520885
61521280
61552701
61522219
61522125
61522282
61552621
61522122
61520616
61521128
61522305
61521165
61520710
61520362
61522478
61521125
61522120
61520373
61522486
61552845
61520312
61521208
61552717
61522540
61522432
61521851
61553043
61522668
61521003
61521560
61520963
61522625
61521539
61521003
61521545
61521257
61522860
61521736
61521285
61520909
61522974
61521991
61521587
61522950
61521919
61522822
61553449
61523311
61523043
61522475
61553758
61523295
61522226
61523148
61522908
61522500
61523205
61522007
61521565
61522543
61523200
61521967
61523331
61553693
61523574
61523306
61522325
61553963
61523459
61523754
61522722
61554107
61522390
61523564
61522454
61522036
61522380
61523564
61523387
61523490
61522488
61524026
61523783
61554058
61522010
61523746
61523480
61523930
61522316
61524165
61523777
61522923
61523795
61554344
61524353
61524102
61523070
61554644
61524307
61524294
61523061
61522828
61524251
61522570
61524506
61523576
61524713
61523463
61522923
61523386
61524683
61523612
61524607
61555098
61524967
61524853
61527392
61557662
61527410
61527171
61526047
61525540
61557590
61527373
61527230
61526069
61526955
61525272
61527491
61527363
61526672
61557864
61527516
61527889
61526514
61558205
61527737
61527580
61526399
61527675
61526316
61526269
61525478
61527387
61527483
61527480
61558029
61527763
61527495
61526801
61558218
61526081
61527621
61526358
61527521
61525705
61527824
61527676
61527119
61558496
61525858
61527923
61526663
61527778
61558351
61528177
61527903
61526624
61558576
61528172
61528067
61526834
61527856
61527807
61528267
61527031
61528005
61526183
61528272
61526926
61526700
61526201
61528242
61527166
61528038
61558614
61528551
61528358
61527659
61527870
61528559
61527244
61528513
61559080
61528793
61528706
61527643
61527240
61527451
61559272
61527288
61528777
61527609
61528485
61528053
61527661
61537248
61560639
61530352
61530364
61529352
61561082
61530742
61530665
61529497
61529092
61528699
61530932
61530681
61530188
61561319
61530930
61530866
61531122
61561354
61531081
61530856
61529818
61529223
61529236
61531352
61529688
61531021
61529842
61531347
61530558
61561646
61531402
61531295
61530628
61561838
61530042
61531381
61530220
61530108
61562268
61531697
61531525
61531935
61562125
61531787
61531652
61530699
61562089
61531901
61531889
61530577
61530636
61530874
61562613
61530766
61531954
61532307
61562480
61532067
61532092
61530808
61562377
61532068
61532012
61531018
61562671
61532261
61532249
61531009
61530451
61530822
61532341
61531201
61530732
61531614
61532469
61531305
61563044
61531132
61532447
61531866
61563275
61531175
61532592
61532792
61531051
61531422
61532672
61532112
61563109
61531524
61532869
61531660
61563292
61532992
61532860
61533129
61532769
61533028
61532226
61531484
61563660
61533217
61533457
61532628
61532745
61532172
61531703
61531362
61533332
61563812
61533341
61531808
61532690
61533446
61532282
61531966
61532137
61533598
61532245
61532326
61531521
61533589
61532778
61563928
61533740
61533660
61533615
61564051
61533892
61532392
61533704
61564165
61533734
61533357
61531763
61532793
61533998
61533423
61564400
61534097
61534047
61534279
61564326
61534210
61533963
61534260
61564507
61534188
61534111
61533557
61564965
61532687
61534317
61534468
61564847
61534485
61534313
61533222
61564955
61534620
61533246
61532528
61565203
61535222
61534920
61565350
61535090
61534948
61565647
61534998
61535217
61565540
61535258
61535239
61565668
61535418
61535454
61535408
61535569
61566235
61535759
61534585
61534065
61533744
61535785
61534693
61566357
61534777
61535295
61535093
61566628
61535934
61536425
61535173
61566438
61566528
61534835
61538919
61537700
61569371
61538919
61538665
61538690
61538720
61538958
61537869
61569595
61539089
61538981
61539326
61569619
61539343
61537452
61537934
61569611
61539525
61538051
61539115
61538088
61539272
61538221
61569760
61539502
61538334
61539271
61537537
61539503
61537903
61539676
61538499
61569802
61539861
61538489
61570187
61538505
61539651
61539013
61570167
61539857
61539777
61539888
61539836
61540047
61539875
61540021
61539741
61540309
61539046
61570558
61540392
61540213
61540458
61570586
61540527
61540334
61570588
61539478
61538948
61540376
61540460
61571201
61540733
61540687
61540741
61538712
61540815
61539633
61539292
61539114
61541022
61539837
61539502
61539164
61541178
61540140
61539709
61539941
61541316
61540278
61571757
61541525
61541584
61540747
61571836
61541731
61541377
61541283
61539414
61541333
61539416
61541413
61541462
61539505
61541543
61539634
61541546
61539602
61541653
61540626
61572077
61541947
61541997
61539968
61540217
61540750
61572248
61542031
61540606
61541826
61540106
61572425
61542017
61542488
61540180
61542231
61541118
61572833
61542453
61542780
61541662
61573026
61540953
61542480
61541483
61540912
61540710
61542680
61541392
61542346
61541905
61573151
61541616
61542916
61541360
61541575
61541325
61543072
61543084
61541718
61573330
61543063
61541789
61541474
61541092
61543307
61542092
61543516
61542160
61573856
61543489
61543320
61542082
61541425
61543521
61542185
61543317
61543624
61543615
61543432
61543298
61543560
61542285
61574126
61542315
61543037
61542711
61542023
61541627
61543634
61542524
61543516
61541820
61543885
61543931
61542350
61544015
61542639
61543613
61542085
61543887
61542811
61542383
61542028
61544144
61542891
61542449
61543433
61544135
61544243
61574613
61544262
61543053
61542183
61542874
61543972
61542255
61544320
61543221
61574733
61544033
61544448
61574857
61544560
61543290
61574901
61543028
61574810
61544556
61544718
61575009
61544723
61543384
61544349
61575217
61544913
61544816
61544996
61575207
61545061
61544844
61545076
61543010
61544915
61543840
61543473
61545227
61575436
61545282
61545331
61575837
61544092
61575608
61545181
61545293
61544035
61545539
61545610
61544288
61545743
61545802
61544945
61545623
61545849
61543828
61545746
61544630
61576407
61545986
61545807
61544772
61544303
61545875
61545062
61576363
61546132
61544803
61544634
61544942
61546180
61544930
61544461
61544946
61546096
61544955
61544510
61544131
61546335
61545024
61546040
61546408
61546297
61545314
61576727
61546355
61545146
61544599
61545058
61546424
61545277
61577013
61545341
61545947
61545703
61576924
61546696
61546945
61545201
61545951
61546899
61545659
61546860
61545124
61577603
61547013
61577763
61547281
61547150
61547358
61545313
61547429
61546142
61545813
61545366
61545934
61546089
61546073
61547236
61577830
61546056
61547401
61546390
61577587
61547428
61546174
61545654
61545323
61547316
61545309
61546328
61577744
61547615
61550182
61550355
61548905
61550775
61580992
61549196
61550646
61581182
61550734
61549252
61551098
61550036
61548988
61551010
61549590
61551172
61550059
61581646
61551313
61549483
61549765
61551026
61551272
61581391
61549941
61551291
61551356
61581781
61551346
61581704
61551481
61582054
61551527
61551468
61581929
61550736
61550202
61549822
61549975
61551642
61551588
61551724
61551502
61551870
61550845
61551975
61550934
61551953
61550792
61582480
61552162
61550878
61550457
61551467
61552412
61551288
61554261
61550283
61551199
61550692
61551036
61552450
61551580
61551540
61552632
61551269
61550968
61551951
61552744
61552539
61551748
61552844
61551668
61550885
61553025
61552187
61583438
61553166
61551912
61551684
61583515
61553030
61553308
61551177
61552039
61583675
61553429
61552012
61551673
61551414
61553503
61552359
61551904
61551559
61583855
61552570
61551816
61553659
61552576
61584414
61553976
61553777
61553756
61551865
61553859
61553040
61584430
61554071
61553991
61554258
61552131
61554388
61553117
61552645
61553002
61554341
61553270
61554205
61554430
61552693
61554336
61554332
61554222
61554572
61554622
61554555
61554822
61585064
61554654
61553397
61553085
61554774
61554775
61553808
61585248
61554963
61553589
61585336
61555004
61554663
61553761
61585091
61554847
61553147
61554804
61553763
61585326
61554911
61554807
61553945
61553691
61555186
61554417
61585569
61553860
61555232
61555335
61555224
61555212
61555441
61585532
61555410
61553640
61554415
61585897
61555511
61554213
61586024
61555992
61555392
61585824
61555689
61554658
61585914
61555648
61555431
61555335
61554146
61555587
61554471
61586231
61555779
61555658
61555986
61557602
61554956
61555017
61586316
61556133
61554938
61586677
61556106
61556050
61555919
61586353
61586628
61554926
61554265
61556234
61555623
61554711
61555209
61556550
61555338
61556416
61556191
61558296
61555253
61555354
61556394
61554906
61556688
61555596
61556672
61556189
61556816
61555792
61555398
61555578
61557036
61555906
61587298
61555394
61556416
61556925
61555754
61557250
61556535
61587794
61557390
61557194
61557518
61555360
61557514
61556261
61588072
61557419
61557250
61557649
61556674
61557457
61556526
61588056
61556120
61557414
61556397
61557383
61555317
61557331
61557547
61587678
61557570
61556385
61555892
61555510
61557647
61557584
61588241
61557839
61557663
61557726
61557914
61556797
61558152
61558079
61558285
61558423
61558489
61557127
61556808
61557191
61558504
61557340
61556871
61557068
61558517
61557496
61556541
61558630
61557302
61558808
61557468
61557157
61558039
61558823
61558909
61560614
61589255
61558839
61557344
61557616
61558877
61559090
61557486
61559287
61559180
61558395
61559264
61559109
61559392
61557299
61558099
61590009
61559575
61559307
61558272
61558745
61559453
61558678
61589953
61559433
61559288
61559435
61589844
61559653
61558293
61590149
61559728
61559481
61559782
61557649
61559664
61559728
61559744
61590392
61559975
61558701
61590449
61560106
61560337
61559399
61590284
61560096
61560030
61590330
61559233
61560426
61590884
61560405
61559343
61558851
61558550
61558592
61560567
61560337
61559457
61590889
61559614
61591156
61561021
61560836
61591267
61561253
61561218
61559847
61560980
61561137
61561390
61560072
61559537
61561286
61561619
61561255
61559366
61562949
61563701
61564785
61563473
61564971
61564113
61595032
61564892
61563546
61563162
61562868
61564927
61565040
61564924
61565186
61564969
61563310
61565141
61563830
61564012
61563071
61563964
61595463
61565173
61564060
61563564
61564100
61565377
61564431
61595791
61565466
61564212
61563805
61563415
61565706
61564323
61565455
61564219
61565643
61565589
61565987
61564508
61596358
61566066
61565884
61565856
61564067
61596361
61565969
61596216
61565886
61566130
61596307
61565939
61565798
61566173
61566246
61566279
61566467
61596578
61566497
61564973
61566397
61596865
61566389
61566017
61564300
61566365
61565509
61565694
61566527
61565495
61597034
61566701
61565492
61597231
61566017
61565612
61566930
61566865
61566853
61567236
61565748
61597116
61566707
61565676
61597460
61567200
61565865
61565420
61567218
61567044
61566068
61597858
61565874
61567213
61566734
61598051
61567507
61565983
61565415
61567204
61567292
61565415
61567435
61566196
61597786
61567371
61567301
61597692
61565896
61567721
61566461
61598005
61567861
61567689
61567635
61566515
61567686
61566150
61567962
61567871
61568073
61565922
61568011
61598301
61568187
61568179
61566717
61566491
61568275
61568081
61566556
61566948
61568107
61598922
61568161
61568191
61566403
61568496
61567383
61566863
61567898
61567635
61567998
61599114
61568830
61568906
61566591
61599007
61568572
61568421
61566732
61568742
61567629
61599386
61568967
61568859
61568871
61568500
61569143
61568961
61599748
61569093
61569066
61568511
61568635
61568336
61599771
61569445
61599460
61569121
61569186
61569419
61569162
61569520
61569327
61569380
61599943
61568648
61569354
61567460
61569528
61568398
61567912
61600043
61569703
61568676
61600169
61569923
61568474
61569648
61569591
61569928
61570120
61570036
61570006
61568248
61569483
61600522
61570182
61570354
61600605
61570282
61569182
61568584
61570467
61570660
61578486
61572167
61572028
61570601
61572426
61570980
61570341
61570801
61572533
61571482
61603323
61572831
61571341
61572507
61571074
61572941
61571684
61603309
61573218
61572974
61572816
61571048
61573242
61571979
61603686
61573400
61571969
61603796
61603679
61571887
61603567
61573312
61571884
61573047
61571361
61603763
61573862
61604054
61573693
61572310
61604135
61573776
61573815
61573887
61604071
61573811
61604164
61573813
61572724
61604477
61574073
61574440
61572917
61604471
61573828
61574093
61574131
61573463
61574181
61572385
61574397
61574430
61574229
61573048
61573152
61574555
61573851
61604704
61574634
61573425
61573082
61573127
61574878
61574386
61574877
61574732
61574560
61572952
61574864
61573844
61605412
61575070
61573600
61573299
61572903
61573034
61574132
61573050
61573467
61574026
61573812
61573436
61575353
61575167
61575037
61574588
61574695
61575020
61575459
61575607
61605821
61575603
61574106
61575242
61573519
61575792
61575688
61574994
61606146
61575688
61575594
61574661
61606080
61575819
61574448
61575557
61574018
61576083
61574874
61575816
61575144
61574819
61576119
61606476
61576085
61574541
61576318
61576642
61576399
61574676
61576747
61606860
61576487
61575340
61606870
61576532
61575179
61607089
61576607
61576516
61576324
61574625
61576639
61607131
61575003
61576831
61576158
61607313
61577026
61577004
61576716
61576380
61577010
61575969
61607759
61577010
61577001
61577289
61607465
61577357
61577137
61576945
61575348
61577365
61576819
61577443
61577696
61576861
61577542
61576635
61607901
61575506
61576234
61607964
61577618
61576385
61607905
61577689
61576501
61608082
61576494
61576508
61576201
61576356
61576052
61577880
61578220
61577762
61577925
61578052
61608308
61576643
61577988
61578119
61576310
61577964
61577742
61578151
61576777
61608241
61578110
61576270
61578122
61577081
61580081
61581606
61580097
61581871
61580638
61579857
61581694
61580209
61581911
61580716
61579870
61581830
61580379
61582091
61580961
61582056
61580453
61582028
61581902
61582369
61612538
61581134
61582188
61612829
61581264
61582805
61612829
61582464
61581945
61612853
61582683
61581437
61612954
61582882
61581537
61581549
61582945
61581469
61613408
61583126
61582981
61582899
61583140
61582171
61581649
61582305
61581592
61581964
61583151
61582287
61582682
61583312
61582363
61613955
61583583
61583425
61583530
61581598
61583554
61582526
61613989
61583769
61582498
61582050
61582281
61583901
61614075
61584005
61583785
61614430
61583900
61583863
61582077
61583905
61583812
61581969
61583881
61584051
61581979
61583840
61614412
61583821
61584446
61584108
61614664
61584491
61582435
61582535
61582993
61614756
61614997
61583373
61584646
61584525
61584367
61584048
61584678
61583808
61615146
61584921
61583702
61615377
61583489
61584943
61583803
61615395
61584922
61585030
61583793
61584372
61582911
61584370
61583701
61584952
61585259
61584499
61585156
61584235
61615416
61585225
61584046
61583588
61583785
61585113
61583047
61615605
61585227
61583811
61584240
61585760
61585254
61615845
61585537
61584803
61615837
61585644
61584837
61616050
61585763
61616234
61585656
61584759
61616312
61585961
61585864
61616074
61586207
61585041
61584283
61586145
61584748
61616483
61585269
61616380
61586144
61584935
61584364
61616382
61585881
61586009
61584499
61586171
61586003
61585474
61586280
61584897
61585089
61586448
61585300
61616871
61586605
61585263
61616945
61586435
61585010
61584730
61584587
61586395
61585426
61584967
61585263
61586332
61586566
61586844
61585183
61587018
61585652
61617323
61586940
61586774
61586712
61584886
61617020
61586832
61586878
61585525
61617419
61587072
61586934
61617641
61586018
61586525
61587296
61586253
61617605
61587388
61586231
61617761
61587453
61586101
61585762
61587512
61587432
61587469
61586419
61587548
61586418
61618246
61588031
61587766
61587689
61618337
61587858
61587181
61618370
61587968
61586831
61618442
61588160
61588175
61588008
61586850
61588106
61588296
61586477
61588475
61587527
61588019
61588332
61587651
61618683
61588476
61587099
61586883
61587162
61586720
61587572
61586819
61588863
61588238
61619397
61589072
61587767
61587302
61589123
61588955
61589310
61587152
61589019
61589017
61619601
61589389
61589240
61589206
61587339
61589469
61588316
61587303
61589372
61588331
61619987
61589633
61589440
61589833
61589612
61589312
61589865
61589538
61589469
61587640
61619815
61588984
61589667
61588004
61589982
61589735
61588116
61589045
61589813
61620314
61589725
61588729
61620468
61589914
61588753
61620492
61590010
61588643
61588318
61590044
61588694
61588270
61588539
61589855
61588034
61590003
61588839
61620458
61590157
61588897
61588401
61588127
61590090
61589420
61620521
61590285
61590266
61620903
61590534
61589370
61620807
61588489
61589327
61620682
61590484
61589859
61588817
61590318
61588877
61590801
61590653
61589079
61591095
61589640
61591009
61589584
61589304
61591081
61590864
61590867
61589552
61591144
61590494
61621633
61591161
61590144
61589329
61590936
61590830
61590278
61621826
61590055
61591167
61590580
61590038
61621523
61591220
61590035
61621795
61591460
61590093
61589840
61591597
61591876
61591714
61589474
61591485
61590484
61621772
61591735
61590450
61591748
61590181
61591599
61591504
61591779
61622023
61591063
61592036
61590707
61589848
61590696
61622350
61592018
61590905
61622682
61592224
61590857
61590495
61592272
61592151
61592397
61592529
61590669
61592360
61591216
61622814
61592436
61592553
61622997
61592521
61591794
61622743
61592679
61592608
61623031
61592686
61591624
61591142
61591421
61592794
61592774
61592194
61592807
61592674
61591759
61592852
61592096
61623137
61593029
61591656
61592689
61591017
61593544
61592098
61623354
61593230
61591997
61623723
61593493
61593236
61623878
61593231
61623574
61593203
61592953
61591230
61623619
61593318
61623800
61593504
61592442
61623978
61593703
61592593
61624379
61593939
61592761
61624146
61593980
61592730
61624579
61593868
61624543
61594074
61592612
61592294
61594050
61593894
61594296
61624616
61592764
61594270
61592526
61597029
61598320
61598632
61597776
61598433
61597526
61597216
61598533
61597270
61596704
61598493
61598436
61597298
61598008
61629147
61599354
61597520
61598964
61597347
61599182
61599078
61599526
61629858
61599665
61598419
61598001
61598232
61599448
61599167
61598109
61599383
61599086
61629548
61599746
61597744
61599593
61599298
61597652
61597855
61599225
61599022
61597875
61599707
61599494
61597309
61598854
61598223
61598631
61598764
61597417
61598262
61629894
61599522
61598631
61598280
61599344
61629938
61598622
61599437
61629901
61599775
61629982
61599540
61599775
61599006
61597727
61599768
61598936
61630370
61600032
61598856
61598327
61598863
61600067
61599307
61630392
61600217
61599418
61600209
61600149
61600345
61598149
61600139
61600277
61598187
61600126
61599139
61630910
61600441
61599016
61598616
61599032
61600282
61599285
61630904
61600497
61599325
61631182
61600805
61599175
61630951
61600504
61599414
61598517
61600425
61600676
61631133
61600682
61598704
61600688
61600944
61631165
61600913
61600009
61601094
61600956
61601029
61600906
61599077
61601128
61600633
61631538
61601251
61600467
61631921
61601556
61601677
61601335
61601730
61600484
61632247
61600862
61601637
61632133
61601598
61600638
61632234
61632314
61601600
61632334
61601852
61600451
61632132
61601920
61601697
61601635
61601182
61601812
61601187
61632222
61601816
61600284
61601983
61602113
61600644
61601990
61600784
61600812
61601132
61632880
61602519
61601094
61632969
61602629
61601142
61600814
61602509
61600511
61600626
61602437
61602753
61601335
61601055
61602767
61602564
61600908
61602709
61601311
61633237
61603006
61602711
61601518
61600878
61602785
61603193
61601066
61603015
61602800
61601149
61603228
61603414
61601778
61603283
61601710
61601877
61603362
61601653
61603550
61602949
61603412
61633933
61603423
61603426
61601497
61603686
61603529
61601795
61634201
61602668
61603176
61603835
61603681
61604083
61602312
61603976
61603137
61634465
61604103
61602918
61634519
61604127
61634322
61602646
61604125
61602803
61604191
61602471
61604098
61603401
61634397
61604283
61603026
61602530
61604270
61604091
61604385
61602312
61604464
61604441
61602611
61604453
61604567
61602689
61604839
61603817
61603990
61604743
61604665
61603995
61605205
61603554
61604147
61604767
61604876
61602742
61604848
61604121
61635295
61605008
61604938
61603888
61602950
61605155
61604880
61602811
61604860
61604760
61604611
61604982
61604853
61603129
61605153
61604477
61635700
61605245
61604148
61635732
61605426
61604145
61635638
61605429
61604179
61635722
61605401
61605345
61605082
61605395
61635885
61605387
61605531
61604819
61605494
61605538
61604422
61605539
61603928
61605780
61604310
61604442
61604385
61604300
61636242
61605801
61604469
61603863
61604282
61605656
61604719
61605131
61606275
61606151
61606085
61604177
61606029
61605908
61605919
61604298
61605884
61604191
61606067
61605970
61606250
61636508
61606208
61605143
61604602
61606400
61604900
61636767
61606451
61604876
61603912
61605925
61605072
61604288
61606507
61606152
61606369
61636648
61605189
61606674
61605369
61604427
61606444
61605187
61605120
61606372
61606335
61605553
61637323
61607009
61605814
61637221
61606961
61605680
61637421
61607078
61606980
61637462
61606938
61606017
61605081
61605224
61606761
61607241
61606059
61637723
61607040
61606394
61605269
61607133
61607077
61637636
61607328
61606102
61637569
61607369
61606519
61607389
61607547
61606311
61638088
61607729
61606297
61607334
61606430
61607881
61607610
61638332
61607964
61607537
61606393
61607762
61607965
61607953
61606525
61607110
61608042
61606682
61606327
61608080
61608071
61607952
61608334
61638437
61608088
61608324
61638866
61608444
61608276
61608681
61608428
61607583
61608778
61609137
61607662
61608966
61607964
61608632
61607656
61639405
61609019
61607871
61639607
61609135
61607734
61607406
61609221
61609140
61607430
61609097
61607843
61607848
61608968
61608728
61607011
61639304
61607326
61609154
61608433
61607065
61609157
61608045
61639485
61609439
61608267
61609058
61609845
61640072
61609470
61608374
61639849
61609463
61608418
61640178
61609686
61609589
61609496
61609761
61608342
61640115
61617807
61610511
61610258
61611606
61642185
61611956
61610741
61642386
61612008
61610925
61642442
61642279
61611516
61610748
61612235
61610706
61610717
61611479
61611247
61612381
61610936
61612751
61612603
61612886
61610946
61612872
61642771
61643158
61612688
61611548
61643098
61612835
61611896
61613332
61613437
61612225
61643650
61613215
61612362
61643904
61613486
61612133
61611781
61613681
61613437
61613669
61611569
61613946
61611503
61612498
61643959
61613573
61612948
61643987
61613799
61612833
61611504
61613620
61613392
61617557
61617875
61648728
61616952
61618177
61616515
61618439
61616929
61648925
61618464
61617138
61649000
61618467
61618346
61618561
61616832
61618510
61618384
61618704
61618776
61618040
61616763
61618673
61618823
61617627
61617336
61618909
61616962
61618695
61617746
61649495
61619157
61617948
61649391
61619205
61618188
61649567
61619301
61617948
61617575
61619424
61619221
61619101
61621206
61649594
61618708
61619554
61618270
61649889
61619599
61618276
61649814
61619739
61618143
61650218
61619825
61618328
61649976
61619729
61619536
61618241
61618976
61619836
61618603
61650045
61619641
61618555
61650104
61619809
61618552
61650203
61618962
61619776
61619860
61650546
61619788
61650388
61620008
61618679
61650412
61620059
61618775
61650436
61620152
61619918
61619969
61650806
61620096
61619509
61619045
61650469
61620206
61620071
61620138
61620425
61618715
61620438
61619771
61650776
61620687
61650885
61618907
61620541
61619012
61620775
61620480
61618913
61619561
61620579
61620620
61619734
61621033
61621188
61621101
61621167
61620777
61621296
61619748
61619495
61620031
61621100
61621264
61620298
61620460
61621220
61619860
61619148
61621141
61620127
61619271
61621288
61620588
61619271
61621490
61621239
61651663
61621282
61620858
61621637
61621444
61619333
61651960
61621448
61621433
61620358
61621619
61621580
61622065
61621981
61620919
61621872
61622296
61621401
61652457
61622382
61621190
61652882
61652533
61621012
61652521
61622314
61621314
61621237
61622602
61621372
61652793
61622608
61622445
61620642
61621850
61621684
61652884
61622756
61621749
61653083
61622924
61620711
61622608
61622879
61621677
61623142
61622301
61620820
61622912
61621810
61620916
61653294
61621981
61623374
61621864
61653808
61623385
61622100
61621710
61653771
61622667
61623500
61622246
61621833
61622485
61653887
61622946
61622968
61621896
61623757
61623493
61623957
61623836
61623815
61624166
61623908
61623907
61623061
61624146
61623265
61622390
61624359
61623592
61655173
61624759
61623283
61623106
61624675
61623507
61655060
61624763
61623284
61655020
61624616
61624284
61654877
61624076
61624843
61622846
61624788
61624891
61622832
61624782
61624552
61624947
61624668
61625056
61623820
61655556
61625047
61623817
61655553
61625146
61625042
61624905
61624456
61625407
61625465
61655721
61625421
61624641
61624980
61624460
61624120
61623339
61625369
61624232
61623308
61625390
61624895
61623662
61656018
61625607
61624627
61623563
61625759
61625711
61624451
61625667
61626035
61623802
61625782
61625222
61656296
61625871
61624782
61656308
61625885
61624662
61656370
61625792
61626242
61625266
61624194
61626408
61626017
61624791
61625571
61625756
61626033
61626221
61624876
61626529
61625828
61625109
61624308
61626325
61626229
61624894
61626277
61625195
61656672
61626530
61626589
61625705
61626657
61626658
61624596
61626918
61626464
61625470
61625524
61625413
61625349
61626483
61624912
61626662
61625388
61657175
61626836
61625754
61657139
61627083
61625877
61657328
61627172
61625911
61657762
61627350
61626169
61625673
61627460
61626118
61658024
61627566
61626213
61657949
61627700
61626914
61626396
61627618
61626883
61625709
61627372
61627142
61626193
61628018
61627193
61627650
61626263
61626023
61627786
61626601
61626023
61627807
61627590
61627548
61626172
61626697
61627868
61628033
61626537
61627732
61626086
61627935
61626486
61626138
61626149
61627712
61658171
61627949
61626894
61658536
61628128
61627111
61658367
61628168
61627145
61658645
61627117
61628342
61628111
61626596
61628329
61627051
61658833
61627033
61628439
61658755
61628465
61628267
61628646
61627351
61630165
61626504
61627526
61659029
61628797
61627687
61659255
61629003
61627797
61659398
61629054
61627896
61659477
61628629
61628946
61659777
61629321
61628136
61659690
61629334
61628699
61627402
61629246
61629054
61629402
61627694
61627382
61627795
61628078
61629439
61627648
61629296
61627726
61627974
61629420
61629331
61629873
61628291
61628062
61630058
61628462
61628206
61630038
61629810
61628182
61629959
61630137
61628775
61630086
61660425
61630287
61630311
61628321
61630130
61629924
61628934
61630147
61629835
61628715
61630109
61628597
61629085
61630082
61629545
61630391
61629295
61629166
61630295
61660830
61630520
61629266
61661108
61630564
61629393
61661074
61630715
61629489
61661009
61630811
61660994
61661296
61630760
61630637
61629685
61631128
61629608
61628944
61630350
61630005
61629016
61631030
61629869
61629067
61631074
61629883
61630315
61630973
61629389
61631221
61631157
61630877
61630362
61630248
61629494
61631489
61629959
61630232
61631520
61631540
61630454
61631732
61631502
61630935
61631851
61631633
61630766
61632054
61662508
61632042
61630812
61631218
61632221
61631892
61632103
61630870
61662457
61632007
61631137
61630113
61632130
61631004
61662606
61632418
61631707
61632119
61632397
61631103
61632609
61632502
61632385
61631252
61632553
61631822
61632970
61632936
61631282
61632679
61663186
61632801
61632051
61663345
61632879
61632168
61630797
61632917
61633088
61631651
61631737
61631532
61633128
61663533
61632290
61631280
61633434
61633393
61631249
61633324
61633486
61663914
61633554
61632291
61663902
61633492
61632344
61663784
61633382
61632149
61633668
61633424
61631669
61633562
61632308
61663923
61632987
61663826
61633547
61638948
61669364
61638975
61638831
61637906
61639167
61669917
61639360
61638007
61669605
61639364
61637662
61638293
61639581
61638479
61669786
61638784
61639654
61670164
61638600
61638267
61639858
61638346
61640059
61638836
61670257
61639172
61639835
61670361
61639892
61638346
61640154
61639037
61670461
61640106
61639222
61640475
61639036
61640473
61639082
61638860
61640607
61639096
61671014
61640573
61639247
61638844
61639311
61640842
61640914
61640206
61640816
61639163
61640988
61638600
61639763
61640913
61639826
61671155
61639907
61639031
61641048
61640471
61639113
61641089
61640857
61639675
61639827
61671806
61641286
61640128
61671781
61671766
61641340
61639910
61641615
61641721
61641556
61641200
61640005
61640160
61639682
61671619
61640003
61639989
61641548
61640376
61671813
61641606
61640472
61671965
61641582
61671966
61672417
61642332
61640201
61641911
61639977
61641924
61640319
61642192
61640856
61642030
61642295
61641175
61640653
61642294
61672805
61641939
61642694
61640638
61642446
61641732
61640282
61642296
61642719
61640309
61641034
61672628
61642373
61641823
61640575
61642935
61642401
61642786
61641433
61673278
61642885
61641895
61640790
61642721
61642752
61642843
61641473
61673345
61642950
61673372
61642795
61641273
61643098
61641793
61673385
61642906
61642983
61641342
61643259
61642136
61643323
61641915
61673751
61643484
61642299
61673895
61643508
61642712
61673727
61643440
61643383
61641759
61643440
61642774
61673765
61643748
61643711
61643621
61642367
61673852
61643641
61643684
61673908
61642260
61673996
61643754
61642614
61674256
61643854
61642720
61674367
61642163
61643815
61642343
61644043
61642785
61674641
61644091
61644219
61643990
61644396
61643228
61675009
61644520
61644627
61644336
61644708
61643410
61643178
61643936
61643307
61675154
61644918
61644970
61643033
61644159
61644723
61644712
61645062
61644204
61643438
61645017
61644850
61645238
61643810
61675274
61645006
61645283
61644897
61675712
61644122
61675538
61645314
61675459
61644820
61645396
61645612
61645590
61645523
61643891
61645613
61644271
61645441
61645702
61645559
61645633
61644321
61645483
61645637
61643958
61645759
61644663
61676239
61645797
61645962
61645310
61646250
61645030
61644891
61646052
61645921
61646357
61644953
61676633
61646464
61646315
61676923
61646335
61646407
61645305
61644970
61646436
61676856
61646328
61646296
61676788
61646389
61646526
61644430
61646530
61646301
61646788
61645309
61645169
61646844
61645744
61677318
61677315
61647093
61677662
61647317
61646537
61645118
61646616
61647399
61645320
61647366
61645888
61647416
61647397
61647045
61647314
61677693
61647343
61646779
61677722
61646731
61645783
61647461
61647612
61646164
61646233
61677921
61647511
61646650
61677988
61647669
61646566
61678185
61647857
61646774
61678315
61647967
61647974
61647070
61648321
61646793
61648246
61647673
61647350
61647385
61648062
61648483
61678678
61647947
61647392
61649056
61679269
61648776
61648223
61648171
61648771
61647364
61649183
61647755
61679347
61649108
61648838
61649196
61647959
61679828
61649346
61648107
61647230
61649139
61649022
61649356
61648030
61679509
61648870
61649308
61649242
61648009
61679598
61649235
61648053
61647890
61649274
61647765
61649450
61649537
61679913
61648140
61680061
61649757
61649802
61648549
61648461
61680101
61649787
61649901
61649280
61648912
61648822
61650026
61650129
61649255
61649965
61680558
61680639
61650260
61680586
61650381
61649807
61649782
61650447
61648938
61650558
61649216
61680835
61650694
61650032
61681044
61650664
61649530
61650937
61649125
61651111
61650032
61681229
61649778
61650267
61649718
61649651
61681310
61650929
61649485
61651130
61651073
61650806
61651209
61650392
61650261
61650909
61649438
61652533
61652926
61651522
61654566
61652242
61651247
61653120
61651887
61683441
61653168
61651690
61653303
61652029
61651286
61653264
61683887
61653327
61652737
61652420
61653338
61651426
61683846
61683957
61653421
61683819
61652532
61653652
61653764
61652544
61684016
61653805
61653457
61652929
61653080
61653930
61652690
61684217
61653799
61653553
61654037
61652715
61684380
61654040
61652351
61654125
61652994
61684580
61654238
61654051
61654484
61653213
61684687
61653129
61652780
61654437
61653276
61652403
61654421
61685045
61654686
61684461
61652922
61654484
61652842
61685102
61654425
61653211
61655009
61654318
61653008
61654896
61653398
61655175
61653939
61685633
61655251
61655108
61685682
61655121
61653558
61655266
61655520
61655672
61654303
61685773
61655566
61655447
61655493
61655226
61686014
61655508
61654371
61654246
61655482
61686025
61655674
61655873
61654455
61654645
61686279
61655998
61655527
61656011
61654883
61686191
61655877
61655677
61654707
61655971
61655765
61656150
61686443
61654878
61653997
61656073
61654438
61656239
61654910
61655953
61656311
61686619
61656246
61654500
61686773
61656362
61686802
61656497
61654829
61655635
61655277
61656603
61687006
61656834
61656178
61654769
61656753
61655156
61657176
61655847
61657209
61687546
61657121
61657310
61657165
61655905
61687500
61657144
61657152
61657328
61656481
61655171
61657719
61654938
61655185
61657094
61655414
61657242
61655831
61656635
61657468
61656043
61687507
61657265
61655737
61657511
61657686
61656731
61657125
61657534
61657716
61656575
61687921
61657658
61656374
61657938
61656582
61688225
61657815
61656846
61657855
61658129
61656276
61656764
61688527
61658083
61656991
61656790
61658198
61656692
61658377
61657134
61657025
61657150
61688611
61657231
61657263
61656410
61658650
61657314
61689074
61658075
61658942
61657682
61656754
61658837
61657874
61656988
61659056
61657558
61659086
61659288
61657942
61658094
61689755
61659300
61659574
61657931
61658049
61657752
61659376
61690075
61659761
61658957
61660009
61659682
61659850
61658186
61659563
61690098
61659670
61657615
61657800
61659508
61689983
61659759
61659503
61659891
61658853
61657767
61659854
61690425
61659831
61659979
61659850
61658515
61690644
61660159
61660187
61665268
61665988
61664438
61666232
61665268
61664163
61665945
61664375
61666159
61665219
61666087
61696519
61666099
61664523
61666358
61665241
61696813
61665801
61666219
61665150
61665792
61697005
61666604
61664830
61666593
61665442
61696978
61666794
61665221
61666879
61697093
61666785
61665874
61666870
61665702
61664798
61666741
61665229
61667156
61667003
61667251
61665874
61664984
61666944
61665353
61667123
61666381
61665102
61666946
61697435
61666848
61666688
61667172
61665953
61697247
61667001
61666104
61666381
61667495
61665487
61667339
61666615
61665397
61667385
61665801
61667561
61667444
61698040
61667630
61667313
61667715
61698253
61666789
61667396
61667945
61665884
61666145
61668035
61666775
61698391
61668535
61667968
61668174
61668280
61668077
61667019
61666070
61667851
61668095
61666019
61666723
61698483
61668230
61667824
61668242
61667173
61666164
61668001
61698703
61668125
61666947
61666784
61666864
61698862
61668337
61667688
61666546
61668436
61668160
61668593
61667363
61666486
61668310
61666838
61668578
61667734
61667237
61668513
61668226
61668697
61667571
61668445
61668630
61666635
61699391
61668093
61667070
61668984
61668195
61667619
61668940
61668780
61669237
61668066
61667213
61669642
61699880
61669387
61669511
61669541
61668209
61668665
61667999
61668991
61669256
61669165
61667963
61669430
61667707
61669522
61669663
61667855
61669142
61668610
61669685
61668504
61668898
61668341
61700056
61669047
61669452
61669669
61668791
61700158
61669556
61668055
61670027
61668894
61668439
61669611
61668171
61670016
61670013
61669751
61668635
61700112
61670059
61668240
61670154
61669006
61670348
61668995
61700363
61670232
61669883
61670265
61669083
61700755
61670317
61668686
61669338
61670496
61701048
61670754
61669756
61668998
61669297
61701070
61670762
61670356
61670611
61669669
61670582
61670502
61670804
61669772
61668882
61670661
61701247
61670846
61670800
61668730
61669321
61701142
61670640
61701241
61670690
61669624
61669824
61670736
61701307
61670956
61671131
61669080
61670992
61669422
61671319
61669513
61669974
61670168
61671102
61669620
61671271
61669918
61671328
61670057
61671181
61671380
61671062
61670251
61670118
61701876
61671468
61669884
61671665
61670549
61671774
61670534
61702006
61671135
61702291
61671828
61671917
61671884
61670614
61702244
61671888
61671622
61671963
61672200
61671722
61672230
61670805
61671094
61670750
61671056
61702708
61672343
61672491
61672613
61671041
61702806
61672390
61670828
61672694
61671424
61702775
61671991
61671033
61672954
61671756
61672136
61672702
61671811
61671263
61672707
61671005
61672796
61672427
61672898
61671727
61670730
61672687
61703190
61672749
61672655
61672992
61671663
61703240
61672898
61672704
61673017
61671709
61670955
61672803
61671215
61673005
61703457
61673213
61673211
61672043
61703393
61672985
61671866
61672424
61673100
61672966
61673447
61672200
61671330
61673385
61673533
61672256
61672085
61672256
61703917
61672315
61673605
61672498
61673614
61672600
61703911
61673630
61673453
61673763
61672533
61704071
61673664
61671677
61671551
61672559
61704241
61673899
61673626
61673908
61672169
61674000
61672863
61672422
61672448
61704273
61672911
61672187
61674149
61672994
61704403
61673469
61673887
61674182
61672130
61672971
61674309
61674384
61672755
61673154
61674273
61674442
61672800
61674246
61674423
61704994
61674632
61674469
61674758
61674013
61673645
61673530
61704927
61674596
61672978
61675031
61704959
61674615
61705249
61674845
61674849
61674834
61673518
61705227
61673977
61674701
61675062
61673856
61673027
61675405
61705533
61673663
61675080
61705393
61673373
61675032
61705303
61674633
61674985
61675193
61674107
61673326
61675766
61673627
61675455
61675288
61675276
61674067
61705673
61675320
61674986
61675395
61674357
61673255
61675215
61673720
61675494
61674292
61673449
61675614
61673551
61674434
61675464
61675800
61675534
61675775
61705947
61675589
61674421
61675141
61674539
61706192
61675869
61706459
61675922
61674470
61675346
61674414
61674611
61706405
61676019
61674916
61676213
61674905
61706560
61674074
61676118
61676548
61676494
61676489
61675098
61706858
61676475
61675221
61676509
61675132
61706952
61676518
61674945
61676531
61675325
61676598
61676392
61674886
61676728
61675560
61674604
61676585
61707350
61676974
61675964
61675420
61675572
61676775
61677147
61676888
61677369
61676945
61677436
61676056
61707748
61677231
61676340
61677419
61676207
61707864
61677392
61676938
61677775
61677871
61677775
61676304
61708160
61677770
61677075
61676611
61708085
61677631
61708266
61677664
61677743
61677851
61676464
61675800
61677637
61676042
61678005
61676911
61677103
61677876
61676442
61678127
61677267
61676723
61676776
61676627
61678263
61677877
61678327
61708607
61678422
61678430
61678374
61677237
61677638
61676893
61708629
61678208
61678065
61678378
61677022
61708617
61678337
61678273
61678486
61678715
61678663
61677481
61677468
61677459
61709036
61678293
61678625
61678829
61677802
61677570
61677835
61678356
61679011
61677534
61679274
61679339
61677854
61677841
61679073
61678834
61679390
61678068
61677949
61679147
61678424
61678598
61678394
61678050
61709711
61679274
61679675
61679558
61678109
61709706
61679332
61677626
61678804
61679269
61679603
61679695
61677531
61678304
61709894
61679629
61710298
61679737
61679488
61678958
61679758
61679576
61680030
61678875
61679136
61679808
61678313
61680090
61680101
61677861
61679958
61678847
61680048
61679799
61680232
61680376
61680388
61678987
61710811
61680340
61680033
61680415
61679435
61678496
61680371
61680265
61680677
61679563
61680700
61711174
61680674
61680446
61679921
61679533
61678728
61680957
61680880
61681048
61679509
61681024
61680954
61680065
61678940
61680868
61711527
61681141
61680724
61681136
61680322
61678975
61680884
61711364
61681128
61681283
61681059
61679894
61711252
61681029
61711455
61681102
61681342
61681238
61680118
61679484
61681253
61711952
61681319
61681301
61681568
61681620
61679956
61680204
61711871
61681461
61681352
61681614
61680271
61679467
61680123
61712007
61681541
61681716
61681650
61680434
61711841
61681572
61712076
61681939
61712160
61680344
61712054
61681632
61712286
61681802
61681673
61680033
61680719
61681124
61680488
61712335
61681876
61680164
61682008
61680183
61681912
61681837
61682120
61680856
61712529
61682220
61712632
61682287
61682153
61682388
61681203
61712779
61682439
61682536
61682548
61681202
61681011
61681468
61681514
61713044
61681564
61713061
61682650
61681050
61682865
61681929
61683117
61681621
61681434
61682981
61713487
61682871
61681317
61682965
61682268
61682219
61681621
61713181
61683100
61682749
61683158
61681908
61713616
61683135
61683409
61683279
61683271
61689812
61689919
61689277
61688701
61688802
61688100
61690035
61688524
61690397
61689219
61720736
61690391
61688589
61690473
61689735
61688401
61690399
61690796
61688926
61689455
61690752
61689015
61689599
61688640
61689348
61721229
61690145
61689317
61690951
61690634
61690973
61689713
61689628
61690731
61721285
61690961
61690698
61691045
61691110
61689587
61721352
61689761
61690028
61690981
61691046
61721650
61691192
61691013
61721601
61691148
61691114
61691376
61690277
61721756
61691414
61691202
61691349
61721722
61691351
61691234
61691496
61690386
61691707
61690354
61721892
61691453
61721978
61691547
61691650
61690421
61691469
61721882
61690790
61690412
61691870
61690524
61690939
61690337
61722142
61691749
61722316
61691060
61691944
61690732
61689873
61691928
61722353
61691984
61691786
61692120
61691436
61690665
61691947
61690267
61692232
61691791
61692101
61722410
61690478
61692111
61690470
61692486
61692396
61692558
61692148
61692380
61691772
61691308
61723006
61692647
61690999
61692875
61692076
61690756
61692620
61723202
61692138
61692800
61691708
61690749
61692916
61723072
61692587
61692421
61692747
61692413
61692829
61692592
61723119
61692758
61723512
61692794
61691153
61693002
61692274
61692330
61691596
61723431
61693140
61691496
61693286
61692321
61693374
61692148
61723647
61693225
61723768
61693258
61723957
61693427
61693514
61692250
61692933
61691560
61693633
61724284
61693802
61693991
61692765
61692561
61691801
61693655
61724237
61693783
61693510
61693830
61692861
61693289
61692558
61724282
61694287
61724479
61693311
61692459
61693930
61694238
61693449
61692904
61692734
61694311
61693007
61692940
61693448
61692260
61693125
61724890
61694373
61692889
61694738
61694807
61692721
61694684
61725318
61694842
61695028
61695050
61693786
61694147
61694799
61725343
61694960
61694883
61695179
61693925
61694082
61694974
61725481
61695111
61694928
61695193
61695187
61695415
61695128
61695540
61694232
61725699
61695411
61693838
61695738
61695007
61695706
61694449
61726147
61695654
61726208
61695684
61695842
61695878
61694642
61726244
61695789
61694175
61696034
61695692
61694947
61696103
61695228
61693983
61694212
61695923
61696157
61694571
61696393
61696147
61696409
61695299
61694480
61695202
61696198
61695287
61694959
61696439
61696146
61696714
61695467
61726893
61696520
61727163
61696740
61696193
61727238
61696813
61695216
61697089
61696347
61697129
61695752
61727299
61696251
61695463
61697093
61695308
61727751
61697224
61695808
61697117
61697759
61697114
61698491
61699365
61698348
61697286
61699745
61697750
61699575
61698366
61697537
61697425
61730121
61699427
61697902
61699730
61699358
61698481
61699812
61699932
61698542
61698537
61699057
61699726
61730334
61730162
61698638
61698028
61699961
61730671
61700253
61698605
61700362
61699320
61730764
61700400
61730732
61700524
61700227
61700742
61699720
61700084
61699294
61700522
61699678
61700281
61699068
61702318
61731066
61699226
61731011
61700781
61700429
61700811
61699506
61700926
61701057
61731490
61700962
61699419
61701042
61700168
61699693
61699770
61731466
61701243
61731624
61701067
61701003
61701373
61700089
61699322
61701231
61731759
61701331
61701095
61701583
61731826
61700689
61700044
61700330
61699405
61701338
61731986
61701387
61701251
61700210
61701767
61699931
61701735
61701702
61701946
61701204
61702037
61700729
61699900
61701833
61732655
61702069
61702053
61702181
61732768
61702649
61732771
61702236
61702357
61702441
61702024
61702316
61732555
61702377
61700358
61700716
61700687
61702638
61702485
61702706
61702654
61702653
61702555
61733385
61733372
61701865
61702318
61703608
61733712
61703221
61733952
61703393
61703243
61703655
61703758
61702187
61702240
61734046
61703587
61703892
61703523
61704007
61702672
61701894
61702510
61702806
61702652
61702798
61734265
61704086
61734438
61704098
61703928
61704340
61703296
61703587
61702232
61704491
61704486
61703714
61703333
61704726
61702893
61704769
61703656
61704881
61704184
61702909
61703661
61735184
61704872
61705122
61703885
61704178
61703013
61705076
61735534
61705499
61735574
61705223
61704988
61705455
61704277
61705444
61704108
61707330
61704870
61704855
61704548
61704556
61736078
61705782
61736527
61704715
61705967
61736366
61705902
61736625
61705204
61736524
61705796
61705359
61706091
61706303
61706378
61706312
61705360
61704445
61704709
61705937
61704985
61704962
61705183
61705591
61705044
61736765
61706241
61706361
61706594
61706126
61706433
61706078
61706538
61706231
61706640
61705366
61706546
61736919
61737170
61705749
61737432
61706884
61705120
61707061
61705682
61705546
61706241
61707026
61707156
61707168
61706079
61705127
61707036
61737554
61707069
61737669
61707265
61707331
61707350
61706229
61707434
61706219
61737653
61707592
61737861
61706808
61706465
61705756
61707017
61707470
61738206
61707756
61707816
61738174
61707890
61707716
61708276
61707169
61708336
61707926
61708239
61707905
61708238
61708338
61708336
61707004
61706346
61708204
61738810
61708532
61739010
61708349
61708572
61708621
61707642
61706498
61708572
61739279
61708878
61708509
61708918
61708704
61708889
61709030
61709124
61707921
61709133
61707948
61708377
61707734
61739535
61709036
61709252
61709134
61709367
61707603
61709527
61708707
61709615
61708125
61739733
61709550
61709352
61709782
61708914
61707645
61709578
61740379
61740202
61709650
61740149
61709765
61708256
61709910
61709637
61709974
61708796
61709956
61708236
61709876
61710003
61710039
61708779
61708038
61709941
61740667
61710107
61708490
61710195
61708605
61710262
61708734
61710316
61710187
61710596
61709336
61740986
61710727
61741153
61710681
61708698
61710876
61709081
61710823
61709299
61711110
61741343
61741671
61711260
61711299
61711177
61711360
61711446
61711373
61710095
61710596
61710083
61741719
61711337
61741931
61711600
61711638
61711749
61710524
61709630
61709824
61709848
61711823
61711975
61711490
61711891
61711072
61710704
61711849
61742483
61712093
61712203
61712079
61710965
61712204
61710872
61742642
61712215
61712209
61712330
61712298
61712561
61712258
61712684
61711256
61712433
61712258
61712562
61710846
61712458
61712692
61712707
61711397
61711993
61711385
61743073
61712690
61711050
61712950
61711597
61712955
61711994
61713040
61711697
61743124
61713009
61713113
61713279
61712961
61713268
61713377
61713478
61713645
61743463
61713301
61711639
61713419
61711655
61713541
61712305
61712302
61713609
61712260
61711496
61712239
61711605
61712344
61743955
61714088
61712080
61713006
61713540
61713987
61713159
61711825
61713861
61744306
61713856
61712259
61714251
61713845
61714096
61713055
61712109
61714029
61744636
61714215
61714004
61714461
61713419
61712872
61713360
61744841
61714546
61744982
61714619
61745075
61714806
61713006
61712826
61714477
61714971
61713605
61715097
61714253
61713045
61713623
61745456
61715000
61714908
61715191
61713471
61715559
61715628
61715568
61714647
61714052
61714321
61745921
61715507
61745947
61715874
61715896
61715900
61714596
61715208
61714905
61715830
61715892
61716113
61714798
61715927
61715144
61745973
61714426
61745996
61715926
61715633
61715943
61715020
61714577
61714828
61746598
61716380
61714588
61716526
61746643
61715714
61715825
61716747
61715504
61715984
61715469
61714709
61717170
61747293
61716137
61715019
61716676
61716502
61716911
61716723
61716944
61715087
61716816
61716567
61716914
61715280
61717140
61716344
61716421
61715676
61747388
61716186
61747401
61716477
61716974
61717461
61716163
61716547
61747666
61717125
61715355
61717165
61755194
61724826
61723310
61725009
61724887
61725210
61724240
61725363
61723550
61725539
61725044
61725459
61725405
61725404
61755440
61723517
61725120
61725042
61725304
61723703
61725432
61724923
61725465
61724051
61725457
61725109
61725596
61724752
61725265
61725378
61755871
61725405
61755901
61725505
61725369
61725617
61725699
61725678
61725664
61725968
61725471
61725594
61724942
61724502
61723745
61724309
61756308
61725954
61756452
61726106
61725947
61726297
61725466
61726128
61726306
61726233
61726361
61725334
61725581
61725158
61726616
61725762
61725578
61725314
61725780
61725121
61724409
61726454
61756910
61726498
61726262
61726722
61725560
61726649
61725515
61726836
61725822
61726825
61725523
61725952
61725501
61756898
61726619
61757120
61757125
61727008
61726801
61725225
61727101
61727178
61727163
61726466
61725897
61726004
61757567
61727265
61725772
61727398
61725798
61727616
61727579
61726347
61726756
61726352
61726467
61758031
61727737
61758163
61727652
61758221
61727916
61727687
61728090
61728073
61728133
61726047
61727015
61726209
61728135
61726140
61728097
61758796
61728208
61726536
61728324
61728037
61728462
61728319
61728314
61727153
61728405
61727135
61726330
61728314
61758983
61728460
61726702
61728723
61728494
61728306
61728886
61728791
61728762
61727615
61727972
61727436
61759047
61728780
61728879
61729041
61729042
61727882
61759482
61729000
61759706
61729200
61727449
61729212
61728922
61729290
61729543
61729340
61728463
61728867
61728151
61729290
61728081
61729453
61728442
61728727
61728122
61759718
61728702
61728338
61728807
61729677
61727855
61729635
61760093
61729621
61760317
61729867
61760491
61730042
61729530
61730079
61729139
61727966
61729947
61728424
61730204
61729805
61730388
61730296
61730216
61730264
61730509
61729327
61730522
61729797
61730531
61729213
61760915
61730449
61730224
61730684
61729496
61730793
61729782
61729256
61729507
61761171
61730727
61730518
61730900
61730604
61730027
61729700
61728933
61730808
61761215
61730372
61730869
61731216
61729976
61731221
61731267
61761995
61731382
61731109
61731518
61730522
61730628
61730391
61731386
61761708
61730824
61730365
61731590
61731680
61729654
61731587
61762240
61731657
61731496
61731881
61731691
61732106
61730843
61730014
61731998
61762435
61731966
61762462
61732036
61731811
61730853
61732014
61762692
61730965
61731538
61731074
61731571
61730241
61762702
61732319
61731958
61732431
61731758
61731042
61731290
61731516
61731107
61730416
61732355
61762832
61731960
61730835
61732588
61732486
61732762
61731375
61731414
61731302
61732831
61731987
61732799
61731539
61732890
61732178
61730819
61732683
61763179
61732836
61732967
61732738
61733003
61731742
61732784
61731309
61731304
61731926
61733288
61732103
61731370
61733354
61733368
61733687
61733624
61733521
61733718
61763624
61733806
61732546
61733757
61732667
61733797
61733778
61734039
61733307
61732533
61732784
61731904
61733823
61732314
61733982
61733819
61734183
61734307
61734175
61733028
61733538
61733044
61732164
61734121
61734333
61732662
61734428
61734121
61734544
61733485
61734587
61733506
61734556
61734442
61764941
61734585
61765185
61734654
61732951
61734742
61734459
61734789
61765183
61733719
61733020
61733591
61732985
61734839
61765533
61735063
61734862
61735107
61735186
61765532
61734860
61735299
61765788
61735285
61734951
61735363
61735449
61735393
61735257
61735637
61735115
61735527
61734342
61733581
61735469
61765967
61735506
61765856
61735396
61765951
61735542
61766279
61735719
61766117
61735696
61734168
61735918
61735724
61736119
61735303
61734655
61734940
61735634
61734689
61736020
61734831
61734812
61734772
61766198
61735886
61766824
61735525
61734636
61736197
61734457
61736244
61734595
61736696
61736356
61736124
61736431
61735648
61736682
61735579
61735621
61735772
61736533
61736650
61736611
61736698
61735916
61735562
61734685
61736635
61767299
61736852
61735142
61736847
61737008
61736751
61735797
61735758
61737106
61736119
61736305
61735697
61735081
61737068
61767716
61737240
61735473
61735393
61736055
61736080
61736205
61736688
61767571
61735588
61737474
61767815
61737864
61767854
61737264
61767784
61737320
61735724
61737405
61767955
61737469
61768045
61736477
61735951
61737964
61736987
61738089
61736747
61738044
61768438
61737902
61736275
61737959
61736288
61737996
61737816
61738153
61737630
61768309
61738248
61738233
61737840
61738297
61738389
61738350
61737482
61738414
61737466
61736315
61737050
61768586
61738250
61768602
61738738
61769136
61738392
61768941
61739127
61737619
61738817
61769283
61738901
61737373
61739075
61738850
61739232
61738329
61738228
61738114
61739345
61739422
61739362
61738126
61738473
61737909
61737279
61738027
61769602
61739689
61769930
61739403
61737738
61739381
61737740
61739493
61738405
61739489
61737461
61737894
61739660
61739638
61738003
61769962
61770323
61739613
61770147
61739796
61740020
61740138
61739755
61740023
61739908
61740197
61738985
61739444
61738846
61770478
61740105
61770769
61740401
61770817
61740365
61740116
61740680
61739477
61740408
61739861
61740694
61739359
61740721
61739976
61740758
61740679
61740770
61740569
61740739
61739707
61740997
61739689
61771338
61740995
61771617
61741038
61771577
61741006
61739566
61741295
61740975
61741510
61741138
61741427
61741520
61741422
61740282
61741568
61741554
61741546
61739425
61740689
61741436
61740149
61741497
61740277
61740265
61741527
61772003
61741958
61771840
61741382
61771774
61741565
61740247
61740128
61740133
61771882
61740780
61771865
61740480
61739583
61741581
61771900
61741576
61772056
61741554
61772042
61741874
61772167
61741756
61741609
61742012
61742006
61741987
61740346
61742099
61741877
61742222
61742441
61742385
61750493
61743015
61742571
61745874
61742945
61744481
61743992
61744274
61774909
61744494
61742830
61744545
61744279
61744554
61774989
61744766
61746562
61745038
61743298
61743387
61744858
61744529
61745157
61743363
61745402
61745338
61743533
61745224
61775577
61745159
61775741
61745652
61745564
61745195
61745700
61743870
61745487
61743836
61745661
61744002
61745758
61744107
61745867
61744188
61745825
61744126
61745851
61776235
61745971
61776400
61745990
61743947
61744867
61746137
61744903
61746074
61744351
61746299
61745855
61746329
61746548
61746427
61746058
61746350
61776965
61746441
61776834
61746304
61776629
61746344
61744411
61745286
61745793
61745326
61745952
61746652
61744686
61746870
61746548
61744642
61746650
61746595
61746908
61777403
61746759
61777261
61746116
61745182
61746833
61745243
61746975
61745992
61747241
61747385
61747226
61747326
61747266
61746340
61745317
61777314
61745893
61745685
61745984
61747356
61746300
61747314
61746262
61747378
61747043
61747356
61777974
61747450
61777910
61747716
61778153
61747678
61777774
61746230
61746809
61746315
61747588
61747510
61747512
61745826
61747514
61777863
61747431
61777807
61747444
61778278
61748192
61778144
61746374
61745621
61746445
61745787
61746608
61747932
61747963
61748047
61747163
61746747
61748071
61747777
61747988
61746374
61748055
61778354
61747976
61746647
61748138
61748171
61747871
61748307
61746303
61748401
61778797
61748354
61778917
61747288
61746747
61747595
61747976
61747686
61748764
61747279
61748716
61779291
61749174
61778929
61747547
61746886
61748808
61747205
61748264
61779218
61747704
61746962
61747789
61747424
61747856
61748001
61749401
61748960
61749421
61747509
61749378
61779761
61749408
61779693
61749360
61779688
61749349
61748362
61749395
61747942
61749634
61748079
61748646
61750086
61749995
61780581
61749992
61780530
61750128
61747999
61748936
61748114
61748983
61748243
61749177
61748375
61749036
61781012
61749289
61749433
61749617
61750749
61750890
61750905
61749141
61750792
61749202
61750917
61749266
61750920
61749340
61751155
61749544
61751085
61781856
61751034
61781353
61749722
61749085
61749893
61749726
61750008
61749152
61749938
61751236
61751019
61749619
61751728
61749457
61750254
61751578
61750440
61751758
61749809
61751463
61782084
61751470
61782025
61751509
61749592
61750269
61781943
61750354
61751699
61782293
61752195
61753679
61750990
61782080
61750728
61751809
61751413
61751801
61750190
61751868
61750217
61750984
61752023
61752206
61752047
61752243
61750588
61751688
61782711
61752030
61782581
61752176
61782559
61751104
61752404
61752453
61752417
61750632
61752286
61750771
61752322
61750845
61752512
61750895
61752460
61750972
61751843
61752993
61752597
61752674
61754416
61752544
61782863
61782941
61791930
61761196
61791641
61761332
61791756
61761498
61791891
61761628
61761942
61761851
61792384
61761957
61759846
61761765
61761263
61760448
61761881
61759975
61760676
61760708
61760993
61761999
61761941
61762200
61761800
61761914
61760311
61762082
61792576
61762123
61760152
61761234
61762114
61760796
61762305
61761851
61762065
61792725
61762064
61792642
61762474
61792931
61761960
61762261
61762406
61760532
61761205
61760575
61761850
61762693
61761285
61762534
61760729
61762560
61793162
61762622
61793099
61762636
61760739
61761341
61762002
61761802
61763020
61762925
61763037
61762779
61763019
61762540
61762876
61761153
61762831
61793545
61762811
61762999
61761324
61763076
61793681
61763056
61793618
61763168
61763003
61763142
61793541
61761848
61761430
61762176
61763326
61763528
61763428
61761742
61762035
61763609
61761776
61763481
61793917
61763379
61793960
61763419
61762917
61763604
61794061
61763399
61793750
61762275
61761655
61762514
61762203
61763729
61761636
61762724
61762616
61794328
61794288
61763061
61763452
61762989
61794549
61764364
61762433
61763086
61763775
61763414
61764549
61763774
61764634
61764272
61764564
61762940
61764605
61762967
61764675
61763031
61764933
61764761
61795464
61764124
61763689
61764821
61763228
61795448
61765118
61765051
61795351
61764864
61795390
61763689
61795458
61763860
61763175
61764068
61765392
61764209
61765261
61763894
61763861
61764287
61764154
61765352
61795935
61765407
61795983
61765583
61795795
61764285
61796024
61765653
61763671
61764591
61765976
61764938
61765982
61765965
61765926
61765625
61765983
61765675
61766057
61764299
61765990
61796510
61765915
61796473
61765966
61796270
61764777
61767962
61766472
61764756
61766407
61765447
61766586
61766769
61765877
61764911
61766701
61797179
61766615
61797257
61766550
61765948
61765344
61764622
61765422
61764832
61765482
61764777
61765526
61765413
61766095
61766979
61767044
61767047
61767054
61765545
61765508
61766976
61766618
61767051
61766832
61767131
61766981
61767079
61797772
61767524
61765951
61797625
61766108
61767241
61767293
61766413
61766082
61767481
61766026
61767491
61767406
61767507
61766091
61767704
61766084
61768021
61765846
61798596
61766822
61768197
61766217
61767949
61798396
61767922
61798361
61768024
61766399
61768008
61766977
61768356
61767734
61768454
61768215
61766862
61767901
61768792
61766983
61768715
61798972
61768610
61766758
61767613
61767292
61767782
61767616
61767625
61766916
61768001
61768959
61768241
61769217
61767475
61769299
61769017
61799583
61767901
61767038
61768101
61768605
61768591
61769524
61769299
61769417
61799918
61767178
61769603
61767373
61768272
61768647
61768418
61768378
61769165
61769814
61769537
61769685
61800280
61769938
61800159
61769722
61767777
61768612
61769946
61768999
61769997
61769923
61770113
61770166
61770293
61800469
61770423
61770291
61768677
61770587
61800978
61770354
61768438
61769139
61768772
61769295
61769878
61800686
61770690
61770460
61768775
61769474
61770674
61770439
61770600
61768679
61770552
61770756
61768785
61769729
61770885
61769162
61770656
61801049
61769550
61768830
61769600
61770741
61770792
61770291
61770376
61771192
61770224
61771176
61770791
61771018
61769534
61771116
61801464
61771208
61801823
61771460
61769768
61771541
61769606
61770768
61801833
61771311
61801794
61770030
61771306
61771654
61770903
61801977
61770475
61771143
61770772
61771983
61771990
61772040
61770262
61772110
61802575
61772109
61770390
61772210
61770416
61771933
61770401
61772281
61770456
61771283
61772289
61771021
61772334
61770608
61772651
61802745
61772287
61770339
61771252
61772576
61772512
61772691
61803221
61771840
61803411
61772741
61803296
61771578
61772903
61803302
61772772
61770944
61771858
61771839
61772220
61773243
61772007
61773396
61772067
61773388
61773160
61773353
61773121
61773512
61773401
61772606
61803940
61773691
61803693
61772760
61772150
61773656
61773697
61773750
61771907
61773762
61804034
61771764
61804085
61773351
61773641
61772388
61773634
61772665
61773858
61773014
61773775
61773396
61773801
61772174
61773828
61804368
61773851
61804395
61773734
61772077
61772748
61771905
61772609
61772017
61772742
61772742
61773419
61772141
61774220
61774149
61773057
61774176
61804941
61774682
61804644
61774623
61804673
61772955
61773558
61773300
61774493
61773995
61774376
61774201
61774253
61804682
61774229
61804883
61772951
61773154
61804905
61773081
61773175
61772497
61773895
61805262
61774068
61774785
61772982
61774725
61805148
61773353
61773340
61773616
61774868
61773274
61774839
61774719
61773195
61773811
61773387
61775038
61805592
61775011
61773319
61773949
61773411
61774099
61774713
61774753
61775477
61773706
61775322
61774305
61775814
61775621
61775926
61776032
61776092
61774451
61775886
61774255
61775997
61775601
61776096
61806591
61775887
61774062
61774797
61774325
61776037
61806731
61776123
61806534
61776190
61806793
61776366
61806520
61774925
61774288
61775276
61775657
61776273
61776334
61775877
61806768
61806797
61775115
61776422
61776566
61776410
61806792
61776212
61806774
61776176
61806701
61776294
61806696
61774400
61774542
61776322
61774794
61775938
61775533
61776809
61775518
61776924
61776624
61776882
61807394
61776816
61774829
61775649
61775080
61775838
61775056
61775733
61807605
61775759
61776574
61807704
61777097
61775108
61775086
61807443
61775966
61775161
61775873
61775815
61776648
61777529
61776474
61777504
61777634
61777595
61775797
61777581
61807752
61776185
61775719
61776366
61777797
61777842
61777641
61777810
61776495
61777959
61776603
61776299
61777950
61808429
61776725
61776181
61777460
61776680
61778522
61776840
61778583
61809102
61777994
61809211
61778454
61809027
61778546
61776564
61777412
61777913
61777606
61777309
61778137
61778919
61779035
61778999
61778783
61777771
61777847
61777478
61777873
61778643
61778923
61777061
61777865
61777928
61779248
61778669
61778400
61779461
61779178
61809604
61777689
61779290
61809879
61779378
61809906
61779490
61810093
61779654
61779131
61780103
61810457
61778937
61780431
61780200
61779746
61780086
61810701
61780466
61810493
61778778
61779528
61810572
61778030
61779428
61780151
61779939
61780204
61810520
61780482
61780038
61778210
61779079
61779165
61779269
61780440
61780125
61778762
61780210
61780448
61810965
61780790
61779046
61779334
61780778
61779764
61780681
61780712
61780755
61778922
61779462
61780194
61781060
61811333
61779589
61780332
61780105
61781227
61781050
61781270
61779479
61781177
61811552
61781621
61779192
61781185
61779823
61780374
61781237
61779746
61781407
61779156
61781373
61811751
61779620
61781750
61779251
61780147
61780121
61780710
61781560
61811860
61811806
61780701
61780341
61781478
61781790
61781882
61781782
61812210
61781642
61812055
61780364
61780605
61780928
61781920
61781442
61781871
61812146
61782224
61812395
61781853
61812338
61781931
61812220
61780832
61782118
61812340
61781720
61780805
61780912
61781187
61782461
61782031
61782272
61782084
61782472
61782371
61812879
61781365
61782652
61781702
61782777
61781057
61782646
61782792
61813149
61782527
61782843
61783119
61781409
61783060
61781521
61782566
61783395
61781679
61783220
61813880
61783271
61782776
61782663
61783478
61813900
61783446
61813587
61783155
61813683
61781134
61813836
61783239
61781469
61782173
61781434
61782340
61783712
61783639
61783845
61783962
61783974
61782206
61783836
61814309
61783826
61781940
61782853
61782738
61782986
61784019
61784034
61784093
61814494
61782848
61784260
61782816
61782779
61784391
61783548
61784246
61784162
61814914
61784169
61814796
61784267
61783259
61784447
61815010
61784516
61815012
61783488
61782907
61784270
61784888
61785062
61785141
61785017
61784881
61785146
61783560
61785224
61815898
61785255
61784073
61785417
61815716
61784117
61784194
61784459
61784066
61785657
61784318
61783459
61816079
61784692
61784727
61784876
61816344
61784560
61786165
61786394
61786154
61816751
61786060
61816328
61785985
61816502
61785987
61816617
61785158
61786531
61786023
61786358
61816773
61786238
61784287
61785156
61786377
61785431
61785132
61785290
61786536
61786492
61786583
61786173
61786681
61785349
61786563
61786379
61786593
61785051
61786571
61817137
61786792
61785079
61786863
61785116
61786821
61785418
61786994
61785492
61786881
61817259
61785918
61786953
61817278
61786720
61784830
61785600
61786900
61786644
61786137
61817331
61786728
61817080
61785478
61785620
61786965
61784894
61785568
61785860
61787402
61787435
61786940
61787236
61785711
61787351
61817763
61787139
61788790
61787082
61788496
61789415
61789601
61787693
61788414
61789687
61789417
61789921
61820457
61789672
61789136
61788963
61790020
61789699
61790032
61820580
61820513
61790001
61790403
61820815
61790484
61788486
61789774
61790607
61788999
61790551
61821143
61789438
61790756
61790899
61790641
61792561
61791155
61790834
61821126
61790124
61791104
61788805
61791096
61791025
61789363
61790950
61821223
61789990
61791099
61790891
61791196
61821466
61791156
61821410
61789992
61791354
61791030
61791373
61791225
61791322
61790382
61790872
61791865
61822227
61791629
61789736
61790444
61791870
61792062
61791808
61822047
61790474
61789991
61790917
61791862
61822199
61790551
61791687
61790978
61792083
61822528
61790893
61790925
61792539
61792281
61822629
61790819
61791160
61792654
61792345
61790728
61792352
61791303
61792515
61791003
61822930
61791984
61792847
61791066
61790649
61823215
61791450
61792867
61792546
61792865
61822991
61791535
61792958
61792586
61792827
61822927
61823245
61791801
61791430
61792922
61792588
61792877
61823319
61802442
61800351
61801384
61802640
61802476
61802563
61833075
61801109
61800544
61801512
61802747
61801254
61802743
61802299
61803185
61800775
61801739
61803091
61802630
61802891
61833130
61801539
61802810
61800860
61801762
61802939
61833228
61833011
61833378
61833599
61833567
61833522
61801734
61801889
61802102
61803297
61833706
61802391
61803845
61803493
61801500
61803242
61833518
61801873
61803287
61803488
61803375
61833705
61803306
61833544
61802207
61803549
61802288
61833982
61802301
61803581
61801535
61802479
61803749
61802519
61803933
61802305
61804096
61834300
61802666
61804179
61802857
61804126
61834583
61804119
61803535
61804376
61804207
61834730
61802756
61802167
61803635
61834789
61803234
61804558
61804295
61804687
61834900
61803451
61804793
61804579
61804840
61835133
61803478
61803654
61804988
61805021
61835334
61803515
61835523
61803376
61805456
61805124
61835450
61803950
61805193
61805361
61805223
61804977
61805233
61804102
61805518
61805386
61835996
61804075
61805489
61803974
61805395
61835779
61804478
61805803
61805509
61805754
61836071
61804594
61804790
61804643
61806201
61804145
61805386
61806144
61836604
61805977
61805393
61804977
61806188
61804601
61806272
61836692
61805133
61806330
61806782
61805006
61806495
61806078
61806404
61836847
61805237
61805183
61806355
61806482
61804457
61805583
61806712
61837275
61806681
61806076
61805759
61807039
61807115
61837546
61805424
61805869
61807614
61806803
61806384
61806915
61805970
61807233
61837718
61807134
61805176
61806172
61807338
61807178
61807477
61806132
61807569
61838147
61807528
61805687
61806569
61807743
61838186
61807732
61838349
61806801
61808009
61807753
61808100
61838547
61808261
61808003
61808038
61806406
61807245
61808403
61806546
61807660
61807066
61808388
61806704
61808762
61807597
61807185
61808475
61806725
61808443
61806411
61807393
61808464
61806754
61839013
61808757
61807898
61838883
61807439
61808716
61839179
61808947
61808186
61808757
61808318
61839213
61807901
61807847
61809209
61807506
61809180
61808416
61808079
61809352
61807618
61809724
61807743
61809269
61809396
61808747
61809270
61809394
61807618
61808306
61809339
61840015
61808358
61809648
61807948
61809719
61807718
61840233
61810010
61840295
61808583
61809939
61810070
61810120
61809690
61810040
61840336
61808644
61810160
61808408
61809828
61808364
61809013
61810249
61808549
61810152
61808303
61809066
61810339
61808544
61810677
61808159
61809171
61809552
61810049
61810416
61810564
61808495
61809528
61810510
61810329
61810886
61840725
61809387
61810732
61810800
61810709
61810344
61810679
61810765
61810471
61810797
61841169
61810753
61808911
61809753
61811067
61810760
61810424
61841405
61809701
61811009
61810784
61810634
61809271
61809727
61811302
61811307
61811113
61811040
61811199
61810615
61811498
61811502
61841857
61810343
61811629
61811421
61811509
61841980
61811506
61809760
61810492
61811744
61811910
61809925
61810675
61811955
61810306
61812001
61809862
61810940
61812007
61811909
61812033
61810862
61842615
61810878
61810405
61812221
61812236
61842659
61811137
61812304
61810707
61812443
61810490
61811455
61812563
61810751
61812439
61842903
61812524
61810761
61811860
61812852
61812562
61812967
61843247
61811568
61811665
61813088
61813117
61812383
61813092
61843568
61812127
61813533
61813786
61813375
61843718
61812204
61813615
61813711
61813717
61844257
61813665
61811659
61812819
61813729
61813295
61813445
61813606
61813323
61813581
61844037
61813506
61811794
61812516
61813912
61814104
61813921
61844488
61812645
61814075
61844268
61813207
61811916
61813929
61814076
61844679
61812983
61813015
61814404
61814560
61844887
61813273
61814485
61812823
61814463
61812528
61813537
61815048
61815024
61814843
61845028
61813758
61813949
61814354
61815079
61813033
61813353
61814919
61814386
61813871
61815078
61845566
61815229
61814501
61814291
61814779
61845360
61814284
61845636
61845909
61813985
61815494
61815485
61815449
61845888
61815322
61813378
61814367
61815619
61846197
61815554
61846007
61814375
61814332
61814863
61815850
61814013
61815774
61813831
61846095
61814725
61816049
61815712
61816034
61846355
61814710
61816124
61814438
61816041
61846691
61816113
61814090
61815061
61815004
61816284
61816582
61846580
61814227
61846740
61815114
61816493
61816560
61814640
61815612
61816933
61816578
61816861
61814957
61815988
61817117
61815319
61816980
61815074
61815946
61817362
61817073
61816770
61847925
61817499
61816888
61817032
61817810
61848300
61817614
61817020
61816871
61817812
61815742
61817415
61817603
61817261
61817523
61848171
61817640
61817094
61817020
61817803
61817601
61816864
61817239
61816031
61817833
61816110
61817833
61818086
61848510
61816814
61816773
61818010
61818249
61848594
61818195
61816408
61817181
61817449
61818064
61817205
61817250
61818379
61848761
61817031
61817032
61817205
61818557
61849012
61817469
61818814
61817698
61818813
61849207
61817495
61818205
61818253
61819199
61817417
61817947
61817643
61819141
61849462
61817879
61817726
61818172
61819370
61819248
61819424
61819056
61819447
61849931
61819403
61818771
61819595
61819577
61850080
61819405
61817472
61818779
61819695
61819628
61849779
61849961
61850188
61818508
61819631
61819532
61819681
61850278
61819852
61819305
61819020
61820317
61820091
61820381
61850749
61819009
61820460
61819487
61819687
61820258
61820493
61818570
61819367
61820640
61820312
61820608
61851089
61819496
61819648
61820698
61820912
61851270
61818693
61851196
61819916
61821004
61851485
61820952
61820245
61851283
61820398
61820880
61821138
61851354
61820066
61820378
61821085
61819488
61821101
61851726
61819978
61819788
61821397
61821453
61851820
61820060
61819495
61820490
61820914
61822054
61820784
61820467
61820495
61821405
61821514
61819607
61820715
61822009
61821513
61821269
61852329
61820659
61820564
61822196
61821507
61819841
61821190
61852212
61820877
61822029
61821384
61822132
61822375
61822393
61822429
61852624
61821139
61852536
61820606
61822367
61820471
61821388
61822517
61853088
61822538
61821793
61821401
61822492
61852873
61821182
61820716
61822114
61822857
61822689
61822829
61820989
61823011
61823101
61853424
61821979
61823341
61821484
61823598
61822582
61822399
61823380
61821537
61822056
61853864
61853665
61823792
61823558
61853951
61822200
61822184
61822817
61823550
61821995
61823611
61822871
61822694
61823915
61822055
61821765
61854269
61823209
61824121
61854468
61823056
61824278
61824070
61823456
61854505
61854498
61823855
61824089
61854425
61822991
61822794
61824094
61824479
61822057
61822954
61824387
61854762
61824131
61822889
61824336
61823572
61854520
61823059
61824355
61824232
61824413
61824492
61822758
61824402
61823850
61823802
61824587
61824327
61824589
61855002
61824575
61855038
61823401
61824736
61824754
61854980
61822857
61855158
61823686
61825044
61825161
61855409
61823775
61823934
61825474
61825455
61825360
61824241
61823924
61825382
61823747
61855642
61855992
61824040
61825494
61823739
61825507
61855714
61825425
61824769
61825740
61825575
61824015
61825986
61823703
61824627
61824512
61824880
61826074
61827843
61825372
61825346
61826245
61825973
61856557
61824758
61826325
61824519
61826174
61824124
61825038
61826160
61856624
61826109
61825640
61826401
61856864
61825305
61825272
61826674
61825068
61826417
61826458
61826984
61826120
61826771
61826779
61825998
61857092
61826940
61857249
61825783
61826909
61825449
61825365
61827094
61825093
61827145
61827204
61857582
61825760
61827188
61857624
61827204
61857760
61826163
61827501
61826179
61857965
61857912
61826446
61827551
61857720
61826347
61826208
61827594
61827787
61825903
61827540
61826932
61826509
61825989
61827379
61827659
61827041
61827910
61828033
61858402
61827860
61825985
61826901
61828088
61826392
61828094
61858682
61828074
61826318
61827218
61828525
61828276
61828405
61826746
61827022
61828520
61826465
61828759
61828606
61858817
61827183
61828627
61828330
61828622
61859063
61828622
61826576
61827632
61828817
61828486
61826619
61827703
61828815
61826930
61827775
61829171
61828908
61829149
61859379
61827774
61827867
61829441
61829402
61859870
61829361
61827390
61829545
61827502
61828924
61829695
61828122
61830187
61859951
61828589
61829886
61829992
61829761
61860271
61829727
61828290
61860280
61828998
61860172
61828692
61830115
61829692
61830008
61860498
61828776
61828637
61828984
61830243
61828588
61830646
61828521
61829287
61828111
61830425
61830269
61860697
61829431
61830440
61828768
61830354
61828471
61828165
61828649
61830273
61828326
61829764
61830359
61829210
61830746
61830737
61861083
61829414
61830876
61830859
61830833
61861452
61828782
61829065
61830972
61828820
61829689
61830876
61829241
61830742
61861372
61829622
61831189
61831273
61831172
61830994
61831235
61861604
61830007
61831598
61829656
61831258
61829220
61830578
61861722
61830119
61831406
61831204
61831490
61862053
61830419
61831866
61831949
61832002
61831681
61831960
61829949
61830732
61832046
61832125
61831942
61862328
61831179
61862440
61830453
61831993
61831614
61831900
61862422
61831907
61830028
61862569
61831144
61832269
61862529
61832288
61831565
61831985
61832497
61862938
61831788
61832508
61831855
61831540
61832696
61863047
61832466
61830492
61833421
61833874
61833816
61834156
61832617
61834200
61864690
61834451
61864923
61833505
61833570
61834320
61835016
61834955
61832979
61865289
61834029
61834129
61834847
61835506
61833919
61835610
61865836
61834471
61835840
61835607
61835698
61866273
61835657
61834571
61835802
61866049
61835707
61833817
61834748
61836018
61835755
61835096
61834064
61834840
61836014
61835325
61834336
61836186
61866574
61835894
61866408
61834839
61836342
61836021
61836347
61834532
61836360
61866559
61835084
61836423
61836612
61835793
61835377
61836653
61834967
61836446
61867057
61836730
61867271
61835524
61835433
61835958
61835617
61835793
61837171
61867516
61836983
61867248
61836092
61837386
61835430
61837186
61867598
61837083
61835825
61837031
61836029
61837325
61837334
61867701
61837224
61867557
61837237
61836058
61837362
61837470
61867677
61837441
61867715
61836404
61836381
61837865
61837778
61868078
61837614
61867825
61868441
61837779
61835948
61836820
61838182
61837765
61838006
61868303
61837887
61835967
61837920
61837350
61836996
61838146
61868727
61836729
61836665
61837252
61838426
61837196
61838589
61838295
61838426
61836534
61836742
61868920
61868853
61837294
61837510
61837269
61838449
61836510
61837584
61838675
61838456
61838110
61868905
61837116
61838693
61838935
61838975
61839167
61838300
61838423
61839208
61869638
61839081
61837038
61837985
61839381
61839026
61838164
61839636
61839298
61869788
61839335
61837316
61838479
61838335
61839824
61839730
61839759
61839492
61839810
61870184
61839619
61839182
61839233
61839964
61848901
61850568
61880841
61850283
61849039
61850612
61881185
61850748
61848879
61849799
61851144
61850017
61851116
61851244
61851293
61851372
61851432
61881874
61881911
61851477
61851581
61882291
61850964
61882011
61850262
61851036
61851210
61851951
61850524
61851790
61882250
61851666
61851082
61851300
61851891
61851707
61851421
61882621
61852044
61850100
61851099
61852447
61882448
61850119
61851244
61852482
61882929
61852243
61852394
61882761
61852266
61852687
61852433
61852279
61852581
61850790
61852444
61882994
61852471
61851175
61851963
61851761
61851653
61852843
61850917
61851776
61851582
61852342
61853055
61883529
61852958
61852282
61851770
61853118
61853043
61853213
61851191
61853399
61853264
61883498
61853243
61883768
61851922
61852149
61852758
61853492
61851782
61853460
61884054
61853436
61884012
61853572
61851529
61851667
61884048
61852369
61852271
61852574
61853754
61852124
61853989
61852279
61853890
61852011
61852968
61854241
61852912
61854182
61852205
61852648
61854197
61853616
61852299
61852784
61884730
61853656
61854419
61854400
61853595
61854453
61884610
61853174
61853171
61853804
61854511
61852750
61854605
61885068
61854476
61852665
61853578
61854752
61854978
61854827
61852744
61854891
61885221
61853690
61853413
61855211
61853872
61853468
61855259
61885448
61853931
61853856
61854461
61855374
61853980
61855397
61853827
61855399
61885758
61855488
61853565
61854293
61854034
61855691
61854858
61855182
61855561
61853771
61854571
61855847
61855971
61855929
61855536
61855894
61855976
61854253
61856424
61854208
61855924
61886446
61854814
61854222
61854807
61886621
61854741
61855440
61855536
61856417
61854635
61856364
61886979
61856395
61854325
61855587
61856360
61855739
61856722
61887018
61856694
61886946
61855410
61887196
61855093
61887659
61856441
61857168
61856911
61857289
61887527
61857136
61887664
61857340
61856695
61856598
61857620
61888006
61857897
61887823
61857410
61888123
61856249
61857786
61887811
61856339
61856217
61857951
61856524
61888305
61856424
61856435
61857257
61858104
61888263
61888208
61857186
61858108
61857801
61858282
61856967
61858162
61856415
61858106
61888793
61858075
61888664
61857020
61856558
61857589
61858600
61856780
61858520
61888867
61858478
61856439
61857558
61857807
61857955
61857578
61857453
61858932
61858440
61859180
61889466
61889752
61859120
61889640
61859300
61889636
61858085
61859501
61858121
61859486
61889802
61859445
61858728
61858555
61859622
61857475
61859697
61889893
61858355
61857647
61858983
61859857
61858010
61860189
61857701
61858703
61860038
61859853
61860169
61858355
61860306
61890745
61890595
61858885
61858222
61860387
61859119
61860347
61860593
61890936
61859419
61859472
61860908
61860791
61891094
61859353
61858851
61859459
61860917
61860562
61860881
61891132
61859677
61861033
61861225
61861213
61860916
61860325
61861285
61861154
61860133
61861382
61891781
61861173
61891762
61860173
61861398
61861323
61861465
61891991
61891691
61859833
61860881
61861622
61892315
61861591
61892218
61860488
61859923
61860771
61861776
61860774
61861958
61892504
61862421
61892304
61860862
61861007
61861228
61862184
61861046
61862304
61861734
61892639
61860984
61862299
61892567
61892620
61892929
61862396
61860322
61861270
61861708
61861897
61862609
61892988
61862589
61893130
61861445
61862800
61862961
61862925
61861161
61862849
61860741
61861576
61862945
61863034
61863012
61861411
61863041
61893275
61861841
61863083
61862773
61863107
61861184
61862424
61863302
61861561
61863150
61893535
61861778
61861714
61863292
61863410
61861306
61863524
61863454
61861779
61863454
61861412
61862345
61863464
61893695
61863008
61863824
61862069
61862232
61894152
61862899
61894316
61862261
61863868
61863407
61863662
61862048
61863431
61863723
61861845
61863698
61863997
61894236
61863972
61862523
61862393
61864075
61894401
61862809
61862721
61863051
61864327
61862545
61864198
61862568
61864366
61862758
61864359
61862364
61863400
61864560
61862823
61864579
61894975
61863343
61864405
61863299
61863574
61864258
61864804
61864535
61864951
61895315
61863780
61863799
61863926
61864956
61864772
61865020
61895453
61865055
61863247
61864030
61865351
61865260
61865172
61895702
61865132
61865690
61863917
61865601
61864561
61865569
61865359
61895676
61863915
61864112
61864393
61865382
61895920
61865392
61863485
61864313
61864197
61864513
61895889
61896183
61864295
61865716
61865370
61865550
61896202
61865597
61895847
61864443
61865629
61865782
61863686
61864483
61865848
61864039
61865844
61865724
61866066
61896430
61865930
61896369
61864799
61864382
61866161
61866022
61864265
61865178
61865834
61866182
61864214
61896787
61866203
61865615
61865151
61866483
61866445
61866543
61864956
61866712
61897094
61867142
61866678
61866003
61866190
61866828
61865780
61866835
61865194
61866783
61897095
61865821
61865733
61867187
61867028
61897539
61866899
61865041
61865913
61866327
61897787
61865762
61866337
61867577
61867503
61897656
61867339
61866016
61867559
61867448
61897929
61867609
61867777
61866276
61868005
61867986
61866214
61867876
61866045
61867165
61868177
61866375
61867937
61866041
61866937
61868233
61867707
61868013
61898463
61868126
61867012
61867988
61868118
61866998
61867241
61868262
61868518
61868350
61866726
61868581
61898870
61868665
61868562
61868679
61868426
61868691
61899092
61867719
61866994
61867403
61868896
61867626
61868830
61899250
61867592
61868903
61869078
61868997
61899321
61867652
61867609
61867966
61868986
61899279
61869136
61867561
61868288
61867642
61867176
61867524
61868057
61869151
61899739
61869144
61868598
61868350
61869356
61867773
61869208
61899829
61869524
61868862
61867507
61868311
61869734
61869661
61868523
61869834
61900264
61869816
61867993
61869194
61870227
61868541
61870130
61900404
61868956
61870205
61870055
61870304
61868305
61868091
61869230
61870530
61870042
61870546
61901219
61870488
61869870
61870487
61869855
61868384
61869653
61870758
61901022
61870549
61868821
61869711
61870843
61869147
61869916
61868937
61870961
61870990
61869301
61871421
61869067
61869816
61901469
61870846
61871074
61869202
61870256
61871323
61869555
61871268
61901678
61870060
61870013
61871655
61871387
61901760
61870404
61871674
61870051
61871529
61901914
61871947
61901837
61870131
61870848
61870363
61871540
61901757
61869962
61870024
61870358
61871518
61869870
61871494
61871429
61871543
61871359
61871553
61869545
61870931
61871676
61902150
61870454
61869540
61869637
61870656
61871734
61902246
61870598
61871974
61871674
61871260
61902554
61871837
61873851
61870014
61902270
61869981
61902608
61872024
61870078
61871028
61872250
61870646
61872300
61902766
61871219
61872495
61872123
61872579
61870383
61872611
61872593
61902948
61871214
61871208
61871705
61873033
61903614
61872907
61871095
61871555
61903401
61871774
61872999
61872695
61873058
61903337
61871916
61873230
61871482
61873327
61903697
61872986
61872431
61871860
61873249
61872478
61873521
61873338
61903732
61872151
61873383
61872129
61873227
61903698
61873285
61871317
61872289
61872335
61873359
61873561
61871848
61873566
61903975
61872354
61871591
61872624
61873945
61873525
61873906
61904366
61873903
61904402
61872808
61874091
61873872
61874161
61904452
61872717
61874195
61874295
61874023
61904518
61872938
61874318
61873293
61874351
61904990
61874347
61872374
61904929
61874489
61872702
61873530
61874810
61873069
61874751
61905197
61874706
61872933
61874146
61874910
61873197
61873624
61873686
61874953
61874253
61873899
61875309
61872877
61874981
61875210
61873442
61875138
61874458
61874455
61875318
61905719
61873949
61875307
61875051
61905578
61874603
61875316
61905774
61874102
61875529
61875761
61875514
61875567
61875653
61875342
61875747
61905994
61874567
61874548
61874364
61875702
61906227
61874579
61876065
61875942
61875831
61877621
61875206
61906137
61874767
61875992
61875695
61876124
61874016
61875067
61876130
61906698
61876058
61874063
61874959
61874844
61875146
61876344
61906666
61874728
61874995
61875079
61876236
61876631
61906876
61875273
61876594
61876228
61876619
61874756
61876633
61875036
61876606
61907000
61875616
61876916
61877081
61876895
61875274
61877106
61907501
61875843
61875947
61876983
61874952
61907767
61877180
61878718
61876890
61909435
61877886
61879237
61909639
61878001
61879518
61879375
61878755
61909847
61878428
61879752
61878080
61880113
61910133
61878872
61910325
61910588
61879269
61880323
61878578
61880191
61878593
61880579
61880437
61910643
61878732
61910662
61879399
61880531
61910900
61879451
61880013
61880746
61880377
61880639
61878651
61880975
61880673
61878736
61879141
61911173
61881073
61881112
61911518
61880014
61881226
61911717
61881048
61879152
61880168
61881489
61911859
61880045
61881414
61879806
61881979
61879480
61881270
61881912
61880717
61880315
61881426
61879347
61880570
61881437
61880300
61879855
61880553
61881579
61879636
61881444
61880348
61881717
61912159
61880273
61881810
61912276
61880643
61882063
61880398
61882097
61882115
61880508
61882577
61880966
61881818
61882005
61881373
61882293
61882151
61884047
61881382
61880102
61912616
61881166
61882354
61881542
61880862
61882039
61882348
61880272
61881741
61882553
61912997
61882502
61881829
61881367
61881912
61881993
61880977
61882577
61881257
61882256
61882833
61880719
61882978
61882720
61913236
61882080
61913178
61882686
61882795
61881424
61882876
61882979
61913330
61881908
61883253
61881420
61883098
61883270
61883075
61883214
61882015
61883247
61882658
61883168
61883451
61913853
61882243
61883549
61883945
61883538
61882880
61883055
61883644
61881541
61882805
61883679
61913949
61882190
61883502
61883700
61883705
61914518
61883688
61881867
61883275
61883951
61914150
61882900
61884122
61882542
61884125
61882253
61883941
61884173
61882967
61884099
61884133
61882967
61884130
61884411
61882212
61883272
61884644
61884356
61884435
61882496
61883478
61883643
61884389
61883317
61884830
61883093
61884741
61915262
61883679
61885045
61885124
61885064
61915405
61883900
61883950
61885138
61885149
61885331
61885157
61885062
61885667
61884515
61885554
61885392
61883654
61885467
61885465
61885808
61885439
61885888
61884854
61916159
61885632
61884732
61886032
61884034
61885022
61886124
61916606
61885204
61886258
61916670
61884889
61886207
61916729
61884817
61886207
61884459
61886049
61886047
61884124
61884942
61886242
61916550
61885054
61886204
61884583
61886743
61885076
61886167
61885915
61916692
61885422
61886494
61884856
61886483
61885136
61886648
61886438
61884509
61886571
61886989
61916949
61885789
61885472
61885671
61886998
61917218
61885784
61887047
61917299
61885904
61887085
61885310
61887009
61917596
61885938
61885953
61885906
61887316
61887269
61885769
61885568
61886385
61917580
61885953
61887157
61885369
61887092
61885988
61885907
61887231
61917651
61887324
61885466
61887315
61886938
61917986
61886536
61887734
61887284
61886554
61887779
61918293
61886581
61887997
61887949
61887125
61886685
61887739
61918213
61886466
61887931
61888083
61888155
61918380
61887044
61888299
61886343
61887218
61888347
61886367
61887679
61888344
61918615
61887239
61888389
61886765
61888511
61886294
61888295
61888381
61918734
61887300
61888624
61918972
61887210
61888822
61888375
61887450
61887458
61887975
61919141
61887732
61888989
61888733
61888968
61887734
61889065
61889385
61919592
61888002
61889323
61887678
61889237
61889251
61889526
61889565
61919884
61889344
61888912
61888828
61888521
61889565
61919916
61888573
61889798
61920027
61889332
61920340
61888686
61889880
61920186
61888490
61889893
61888296
61890400
61887929
61889919
61890115
61920495
61888715
61890203
61888470
61890067
61888154
61889070
61890442
61920749
61889211
61890446
61892195
61890349
61920580
61889255
61890456
61920960
61889381
61890561
61890675
61921259
61889508
61890857
61889253
61890565
61889452
61889300
61890422
61890708
61889494
61890616
61890736
61889285
61891010
61890923
61921271
61890072
61891098
61891028
61891073
61921461
61890480
61891176
61921343
61890078
61891488
61889549
61891787
61889966
61890189
61891247
61889297
61890292
61891537
61890867
61891541
61891611
61891464
61903939
61903048
61902665
61903888
61902930
61903785
61904195
61902335
61904034
61903351
61904271
61904133
61934395
61903522
61904238
61934511
61903021
61904219
61903884
61902782
61904449
61904336
61902530
61904448
61903666
61903130
61904386
61902600
61904600
61904492
61934874
61903275
61934991
61934844
61903386
61904819
61935105
61903519
61904792
61935212
61903608
61904960
61935279
61903755
61905145
61904752
61904909
61905013
61903830
61905189
61935568
61903984
61905210
61903702
61905274
61904441
61904803
61905133
61935503
61904192
61935866
61935952
61904398
61905770
61905377
61905529
61905668
61904372
61905645
61905773
61936118
61904847
61905839
61936008
61904620
61905887
61904180
61905876
61903908
61904841
61904771
61904196
61904486
61904048
61904271
61904752
61906083
61904415
61905882
61903944
61905814
61906089
61905211
61906102
61905237
61904133
61904628
61906211
61905740
61906640
61906424
61904590
61905857
61906632
61905052
61906625
61905576
61906623
61905476
61907153
61906825
61907054
61905563
61906894
61907477
61906387
61907005
61937460
61937683
61937640
61906123
61907450
61938014
61907440
61907687
61905864
61907998
61906929
61907456
61905572
61907668
61905995
61905857
61905825
61905880
61906505
61907744
61938150
61938346
61906578
61907779
61938055
61906554
61907868
61938273
61907449
61906969
61907037
61908032
61906699
61906599
61908066
61938263
61906871
61908059
61938337
61906519
61908254
61906319
61908058
61907974
61906826
61908243
61907560
61938715
61907064
61908457
61939030
61908395
61907315
61908283
61908302
61907055
61906709
61908439
61908518
61906288
61908507
61908574
61938711
61907229
61908526
61938869
61907331
61908656
61939162
61907297
61908608
61908263
61908562
61908558
61909115
61908836
61907151
61908840
61907424
61908584
61907437
61908894
61906887
61908168
61908880
61907682
61939493
61909127
61939071
61908195
61909172
61939385
61907964
61909258
61939566
61907782
61909186
61907524
61909110
61907814
61909313
61907512
61907784
61939720
61907937
61909368
61939786
61908085
61909417
61939634
61908095
61909450
61907703
61907868
61909498
61908654
61909178
61909142
61907435
61909287
61909414
61908710
61908324
61909519
61939817
61908857
61909663
61940000
61908520
61909710
61939981
61909134
61909874
61940265
61908588
61909994
61940465
61909796
61907910
61909234
61909987
61940258
61910211
61910403
61908531
61909200
61909853
61910565
61909388
61910048
61910598
61908707
61910390
61910457
61940561
61910494
61910341
61908374
61910356
61910683
61908309
61910616
61910457
61940725
61909397
61910540
61940999
61909171
61910673
61910191
61910658
61908652
61909610
61910859
61941282
61909490
61910982
61909194
61909536
61910987
61941251
61910022
61911128
61941468
61909889
61911077
61941551
61910040
61911155
61941650
61911117
61913029
61911446
61909394
61911196
61911495
61911564
61910660
61910368
61910458
61911559
61909390
61910382
61911672
61941954
61910444
61911762
61910515
61911932
61942556
61911938
61911229
61910249
61911873
61911851
61912329
61912058
61942379
61910816
61912130
61942493
61911018
61912414
61910530
61912754
61911035
61910904
61911306
61912563
61943173
61911666
61912692
61911305
61912036
61913178
61943700
61910981
61943279
61912485
61913198
61943669
61912093
61913418
61943755
61912555
61913000
61913598
61912720
61913518
61912856
61911912
61913560
61912857
61913614
61913943
61944156
61912786
61914120
61913322
61944378
61913295
61914033
61944582
61912729
61914088
61912378
61914026
61914028
61912969
61914194
61944521
61913074
61914279
61944620
61913078
61914453
61912726
61914483
61914550
61944819
61913335
61914742
61912904
61913284
61914609
61944922
61913600
61914859
61945262
61913312
61913220
61914445
61915265
61912867
61914230
61914733
61945564
61913807
61915196
61945347
61914177
61915220
61945545
61914174
61915234
61945376
61913968
61945679
61945855
61945817
61913321
61914168
61915725
61913869
61914234
61915695
61946180
61914487
61914618
61915840
61945924
61914591
61915912
61914069
61915833
61915016
61913627
61915719
61914958
61914014
61915662
61913780
61914935
61915829
61946273
61914834
61916110
61946248
61914937
61916097
61915920
61915504
61916180
61915573
61946666
61915114
61916524
61946902
61916449
61915242
61916327
61916650
61914461
61946914
61915781
61916617
61947256
61916661
61915403
61916553
61917027
61947361
61915796
61916935
61916737
61916873
61917028
61915780
61917269
61915573
61917749
61915802
61915080
61916431
61947714
61916173
61917422
61917448
61947775
61916151
61917496
61947697
61917321
61947936
61916912
61917611
61948119
61916933
61917847
61916134
61916427
61917868
61948403
61917792
61917713
61917540
61917810
61917978
61916296
61917773
61917264
61918058
61918415
61918098
61916354
61918053
61917415
61918266
61917547
61948561
61916951
61918382
61916737
61918692
61948909
61917340
61918723
61918330
61919126
61917283
61918597
61918766
61917372
61919093
61918961
61949333
61917822
61918640
61918837
61919024
61919130
61918812
61919026
61917104
61918123
61918537
61917090
61919096
61919416
61919243
61949484
61918092
61919375
61919325
61917526
61919153
61918566
61918657
61918489
61919249
61919881
61919557
61949679
61918861
61919558
61949903
61918466
61919712
61950162
61919520
61917700
61919979
61919756
61950227
61918531
61920020
61918317
61920422
61919326
61919016
61920180
61950530
61919126
61920351
61950664
61919061
61920607
61919094
61918379
61918905
61920650
61919924
61919894
61918967
61920887
61920587
61920046
61920849
61920789
61920172
61920665
61920871
61919436
61921134
61920981
61920391
61921151
61920995
61919005
61920361
61921300
61951956
61921338
61919367
61920335
61921200
61919919
61952066
61921402
61920605
61921827
61952289
61921785
61919886
61920826
61922219
61952432
61920820
61922287
61920400
61922136
61922212
61921854
61922486
61921359
61921024
61922437
61921684
61921049
61922401
61921705
61922669
61922609
61920547
61922782
61922463
61952958
61921213
61953011
61921937
61922721
61921235
61953328
61921687
61923035
61953383
61921632
61923011
61922666
61922272
61953250
61954582
61923309
61924591
61955167
61922846
61924207
61924788
61925566
61924487
61925376
61925176
61955855
61924105
61925488
61925322
61925387
61923338
61923634
61925255
61923383
61924760
61925425
61955866
61924310
61925829
61925521
61925750
61956326
61925721
61956243
61924619
61926131
61924710
61926042
61924257
61926441
61924131
61925014
61926081
61956517
61926003
61924233
61924832
61924137
61926362
61926299
61956791
61925236
61926608
61926102
61926494
61956765
61925265
61926795
61925000
61926633
61924810
61926143
61927003
61926908
61927040
61925427
61926931
61924997
61927100
61924999
61927187
61927213
61957831
61925994
61927363
61926991
61927386
61957765
61957802
61926018
61927562
61927169
61927468
61927182
61927328
61927448
61927312
61927505
61957789
61926424
61927659
61925912
61926157
61926254
61927695
61926892
61927548
61926878
61927884
61927814
61958405
61926476
61926590
61928164
61928179
61958575
61926807
61928121
61925914
61926070
61926908
61926620
61928548
61926043
61927414
61928281
61926537
61928157
61926258
61927171
61928407
61928065
61928329
61958550
61927078
61927711
61958717
61927270
61928594
61958790
61927201
61927466
61928061
61928887
61959427
61959016
61959088
61927960
61928043
61928680
61959002
61927599
61928838
61959275
61928824
61927456
61929043
61928922
61928229
61929086
61959492
61927940
61929141
61927377
61929629
61959672
61927991
61929360
61927739
61929753
61928640
61929497
61929513
61929216
61929373
61927480
61928991
61929615
61960229
61928280
61928480
61929465
61930075
61927742
61929208
61929025
61930038
61929908
61929228
61929953
61929954
61960102
61928593
61930092
61928481
61930018
61960469
61929266
61960558
61929500
61930343
61928342
61960651
61929384
61930677
61928943
61930971
61930408
61929379
61930673
61930643
61928775
61929583
61930832
61929156
61930120
61931129
61930932
61961187
61929766
61931015
61961572
61930967
61929047
61930118
61931113
61932851
61931382
61929682
61931600
61961700
61930409
61931563
61929945
61931660
61930934
61931827
61931770
61961846
61930443
61930259
61931726
61930227
61931692
61931446
61931127
61961978
61931943
61929983
61930879
61932080
61962358
61931875
61930102
61930940
61932131
61962525
61930961
61932234
61932218
61932328
61962866
61932311
61931186
61930566
61931828
61930983
61931372
61932583
61932776
61930593
61932720
61932004
61932951
61932891
61963115
61931540
61932933
61933159
61930950
61933147
61933023
61930980
61933211
61932933
61963375
61931852
61933101
61931391
61933052
61934941
61933556
61933357
61931712
61933244
61932602
61932547
61933435
61963884
61932090
61933507
61933512
61932735
61932362
61933426
61964017
61932218
61933714
61933786
61933538
61963929
61932367
61933829
61933553
61933547
61931724
61934008
61934133
61964501
61932017
61964809
61933727
61934317
61964561
61933109
61934400
61934486
61964820
61934311
61932562
61934688
61934478
61964662
61933705
61933761
61934137
61934447
61933836
61934311
61934676
61964916
61933434
61934734
61934468
61934825
61932793
61934184
61934692
61933382
61933216
61932827
61965420
61933748
61933074
61933891
61935053
61965342
61935122
61934439
61934511
61935320
61965560
61934228
61935606
61935274
61934191
61935416
61965705
61934047
61933503
61934634
61935675
61965897
61966220
61966298
61966394
61934738
61935953
61966338
61934622
61934729
61935783
61934148
61934685
61934569
61936188
61936153
61935545
61935706
61936614
61967109
61935122
61935472
61935422
61936767
61934901
61935262
61936741
61967410
61935492
61936564
61934719
61935728
61936977
61967416
61935632
61935805
61936920
61934974
61935537
61937310
61937124
61935430
61936254
61937473
61967968
61936059
61935539
61937511
61937519
61939285
61937200
61937357
61937713
61936288
61937712
61935560
61936504
61937705
61936022
61937875
61937246
61936414
61937755
61937811
61968121
61937561
61968081
61936572
61936655
61938119
61937963
61968169
61936786
61938026
61938163
61937743
61938090
61938390
61936643
61937981
61936241
61937889
61936569
61938272
61938069
61968345
61936923
61937041
61938074
61938339
61968649
61936895
61936903
61938410
61937128
61938763
61938847
61969080
61938680
61936811
61937745
61939018
61969759
61938878
61936954
61937854
61939157
61938850
61939174
61938382
61937942
61939215
61937427
61939619
61938865
61937879
61938068
61939352
61969878
61939163
61937256
61938522
61939501
61937829
61939492
61937529
61938559
61938635
61939591
61939524
61939846
61939176
61937804
61939944
61970177
61938723
61940099
61939880
61940101
61970252
61938725
61940083
61940356
61939814
61939985
61938173
61939789
61938861
61940133
61940175
61970598
61938944
61940364
61970758
61940094
61938198
61939145
61940541
61940073
61940359
61939010
61939792
61940387
61971001
61939446
61940650
61938598
61940498
61940655
61939458
61939541
61940005
61939386
61940488
61940774
61938995
61939796
61941025
61971414
61939903
61941337
61939065
61941206
61939274
61941499
61941511
61971858
61940107
61941483
61941217
61941629
61971772
61940822
61939998
61941604
61939609
61941130
61941781
61972338
61940337
61940297
61942018
61941907
61972466
61942163
61942006
61972305
61940809
61942031
61941761
61942057
61941955
61942214
61940717
61972976
61941240
61942516
61972987
61942328
61940384
61941341
61942419
61973093
61973037
61942530
61942763
61941047
61942729
61941704
61943004
61941342
61943393
61941057
61943032
61942925
61973372
61941717
61943082
61941270
61941572
61941982
61943477
61973755
61941869
61941867
61943051
61943165
61973598
61942331
61943453
61973958
61942379
61943580
61943571
61941658
61943429
61943612
61974103
61943756
61943210
61942695
61943954
61974238
61942465
61942627
61944080
61943921
61974221
61942731
61944076
61942352
61942363
61942855
61944231
61943855
61944036
61943483
61944427
61944165
61974581
61943101
61944206
61944187
61943704
61944504
61944458
61974715
61943411
61944541
61944192
61944601
61942408
61943465
61944762
61944622
61975003
61943586
61944924
61944538
61945090
61942798
61943896
61945066
61944756
61945082
61975478
61943858
61945216
61943569
61975634
61944964
61943778
61943597
61945105
61943236
61944507
61945223
61975711
61945219
61975740
61944484
61945565
61943941
61945616
61945954
61945860
61975929
61976018
61944455
61976132
61944464
61945929
61945653
61946157
61943964
61946248
61946147
61976476
61944802
61946206
61946370
61946296
61976795
61946183
61944082
61945036
61946460
61944565
61946298
61948083
61946744
61945064
61946638
61946680
61977103
61946416
61946545
61945817
61945497
61944409
61977214
61945439
61946763
61977092
61945425
61946777
61946493
61946913
61946145
61944858
61946900
61947035
61946994
61947163
61977517
61945794
61947375
61946828
61947151
61945805
61946208
61947419
61945846
61947694
61947487
61945575
61946536
61947686
61978256
61947723
61945759
61947085
61947825
61946322
61948189
61946889
61946312
61946878
61948217
61946459
61948300
61946115
61947472
61948401
61946790
61948235
61947659
61948486
61947554
61946727
61948311
61946593
61947592
61948687
61979360
61947287
61947213
61948640
61948218
61979071
61947297
61948956
61947271
61949172
61949132
61979548
61947901
61949222
61948956
61947891
61948628
61947790
61947815
61949400
61949293
61948265
61949305
61948640
61948426
61950027
61948096
61949552
61949095
61948815
61949832
61949657
61950212
61948457
61949594
61949868
61980107
61980261
61950181
61948283
61950505
61948219
61949493
61950313
61980671
61950152
61948167
61949097
61950506
61949352
61950420
61980693
61949325
61950635
61950229
61950447
61949969
61950766
61950713
61981013
61949478
61949619
61950461
61950713
61952549
61964712
61964529
61962884
61964929
61963815
61963409
61964616
61994998
61963313
61964819
61964017
61995303
61995178
61963256
61963110
61964925
61964177
61964032
61965082
61995389
61963936
61965380
61965278
61965115
61995699
61965129
61963860
61964914
61965285
61963298
61964362
61965488
61965242
61965511
61995778
61964293
61965617
61963774
61964625
61995927
61964426
61965651
61996026
61964801
61964756
61995825
61964566
61965828
61965384
61965721
61996408
61964397
61964867
61965486
61965881
61996046
61964639
61965939
61964178
61966325
61963957
61964956
61965917
61964207
61966039
61996060
61996278
61966043
61964231
61964729
61965828
61966061
61965671
61965868
61996417
61966067
61965558
61966382
61996724
61966284
61964964
61966443
61996878
61965358
61966330
61966201
61966313
61964870
61966577
61966482
61996827
61965210
61966798
61966874
61966852
61997104
61966838
61964901
61965814
61966998
61966866
61966936
61997383
61966864
61966194
61966379
61967188
61997623
61966090
61967250
61967059
61967136
61966444
61967228
61967212
61966891
61967481
61965305
61966679
61967471
61997959
61967338
61966025
61967448
61967601
61967469
61967531
61965578
61966427
61967614
61965857
61967562
61998067
61966436
61967915
61966161
61967760
61967641
61967811
61967996
61965922
61998536
61967666
61967775
61965827
61966977
61967965
61998339
61967797
61966381
61967871
61967984
61965935
61967295
61968149
61998570
61967974
61966071
61967390
61968213
61998468
61966810
61966244
61967574
61967567
61998716
61967196
61968469
61999025
61968393
61967313
61968278
61968584
61998832
61966649
61999001
61967536
61968785
61999269
61967446
61968932
61968525
61969149
61968077
61968926
61966877
61968249
61969135
61999374
61967739
61969115
61967419
61969620
61999554
61968002
61969374
61999600
61999647
61968455
61968954
61967488
61969037
61968456
61969489
61969418
61999725
61968108
61969552
61968169
61969387
61999598
61968712
61969647
61999925
61968155
61968803
61969603
61969543
61999869
61999902
61968679
61968317
61969607
61999865
61968547
61969820
62000339
61968427
61970043
61968638
61969938
62000355
61968782
61969039
62000369
61968735
61970042
61968833
61968820
61970186
62000821
61970034
61970258
62000546
61969050
61970545
61970149
61970428
62000726
61969265
61970514
61970847
61969234
61971048
61970611
61968864
61970525
61969325
61969296
62001016
61969456
61970654
62001095
62001108
61970709
62001196
61969569
61970904
61971008
61971003
62001522
61970928
61968970
61971144
61970414
61968908
61970054
61971057
62001648
61979588
61972908
61971166
61972848
62003622
61971625
61973468
61972887
61973855
61974136
61973961
61973510
61974327
61971867
61973811
61973929
62004264
61972787
61972328
61973304
61974192
61972853
61974272
61972046
62004444
61973011
61974281
61973606
61974580
61973861
61972506
61973625
61973862
61972636
61974492
61974775
61974611
61974918
61972981
61973613
61974643
61975090
61973366
61975028
61975250
61974939
61975256
61974611
61975169
61974340
61974190
62006121
61975707
61973832
61975517
61975695
61974217
61975575
61975705
61974385
61974080
61974760
61975875
61975072
61975852
61976140
62006559
61976050
61974826
61975877
61976109
61975436
61976404
61975566
62006817
61976121
61976900
61974553
61975404
61976715
62006983
61975641
61976988
62007456
61977040
61976172
61975889
61976990
61975767
61975737
61977230
62007482
61975920
61977477
62007790
61975937
61977371
61975658
61977519
61976071
62007793
61976818
61977563
62007838
61976314
61977498
62007762
61976495
61977528
62007987
61977432
61977723
62008206
61976625
61977984
62008222
61976789
61978080
62008671
61976598
61978128
62008566
61976888
62008320
61977348
61978088
61976244
61977049
61978184
61976081
61977137
61978154
62008581
61978191
61976309
61977916
61978113
61978363
61976463
61978138
61977072
61978276
61978342
61976454
61977664
61976861
61976944
61977333
61978743
62009222
61977312
61978839
61977057
61978695
61977361
61978473
61979177
61977960
61977164
62009308
61977916
61978790
61977278
61977760
61979184
61978306
61979267
61979149
62009439
61977876
61979330
61977467
61979118
62009827
62009817
61978208
61979392
61977701
61979483
61978829
61979752
61979566
62009984
61978461
61979785
62010152
61978416
61979758
61978069
61979744
61979793
61978788
61979959
62010337
61979001
61980082
62010488
61978624
61979945
61979860
61979952
61978275
61979819
61980051
61978944
61979891
62010760
61980415
61978579
61980404
61980463
61980508
61980749
61980016
61980987
61980900
62011306
62011263
61980016
61981169
62011680
61979686
61981155
61978720
61981656
61981317
61981449
61979122
61979507
61981169
61980041
61981084
61981251
61980147
61981070
61981350
61980256
61979879
61981208
62011765
61980924
61981760
61981105
61981815
62012152
61980778
61982003
61981706
61982118
61981289
61982188
61982128
61980018
61980935
61982163
62012754
61980887
61982307
61980800
61982080
61980936
61982329
62012705
61981073
61982479
61982189
61982358
61980381
61981380
61982571
62013002
61981699
61982444
61981060
61981435
61982996
61982293
61981198
61982863
61981516
61983104
61983006
62013352
61982252
61980955
61982787
61982944
61981703
61981706
61983566
61982445
61982404
61983397
61983147
61981991
61983504
62013556
61982231
61983576
62013932
61982317
61983617
62013805
61982293
61983638
61981658
61983613
61981382
61982407
61983478
62013710
61982586
61983068
62013881
61982978
61983820
62013953
61982651
61982523
61982559
61983726
61983037
61983430
61983662
61983868
61983728
61983874
61982719
61983820
61983962
62014409
61981880
61983375
61983727
61984034
61984472
61983486
61984204
61984278
61983794
61984690
61984476
61983380
61982237
61983820
61983027
61983244
61984511
61984751
61982381
61984583
61983994
61984589
61984707
61982768
61984145
61984933
61984989
62015396
61983709
61985109
62015353
61984048
61985304
61983434
61984478
61985191
62015431
61984203
61985205
62015572
61984195
61985280
62015342
61984268
61985253
62015491
61985317
61985373
61984780
61985180
61985385
61983728
61985789
61985540
61983710
61985033
61985722
62016126
61984778
61985887
61986076
61984607
61985997
62016194
61985343
62016527
61985021
61986023
61984022
62016560
61986362
61984655
61984993
61986557
61986263
61986485
61985340
61986212
61986549
61984500
61985887
61986627
61984449
62016880
62016906
61985402
61986798
62017015
61985525
61986846
62017213
61986774
61985745
61987216
61986989
61986521
61987251
61985086
61987396
61987309
61985284
61987462
61987361
61985206
61986665
61987566
62017904
61986732
61985452
61987322
61987789
61985678
61986741
61987820
61987192
61987565
61987697
61986450
61987762
61987995
62018480
61986674
61988139
61986028
61986060
61986476
61988148
61987513
61988388
61988263
61987602
61988525
61987782
62018685
61987333
61987081
61986551
61988260
61988490
61988086
61988259
61987635
61988329
61988522
62018848
61987606
61986507
61988841
61988764
62019057
61987889
61988943
62019262
61987817
61989015
62019318
61987763
61989036
62019110
61988126
62019555
61987439
61987948
61989207
62019526
61988054
61989381
62019702
61988201
61987860
61988398
61989428
61988811
61989666
61988916
61987517
61989732
61989624
62020030
61988540
61989806
62019949
61988454
61989901
61989841
61988522
61990239
61989849
61988039
61989450
61990115
61988121
61988843
61990270
62020549
61989175
61990400
62020642
61989175
61990640
61988954
61990506
61988589
61989458
61990707
62021216
61989328
61990718
62021160
61989442
61990715
62021109
61989442
61990444
61990714
61990998
61990605
61990837
61989130
61990110
61991048
61988948
61990458
61990002
61991173
62021842
61989074
62021490
61991348
61991299
62021467
61990163
61991463
62021985
61990262
61991583
62021790
61990190
61991508
61989699
61991374
62022190
61991327
61991342
61990246
61991684
62022230
61991622
61991957
61991637
61992081
61991866
62022265
61990542
62022068
61991717
61991880
61990344
62022388
61990820
61992171
62022498
61992253
61992227
62022495
61991002
61992350
62023030
61991231
61992480
62023115
61992480
61991773
61991920
61992630
61991991
61992454
61992737
61992030
61993138
62023202
61991321
61991662
61992980
62023290
61991799
61993052
62023667
61993188
61992491
61993451
61993251
61991556
61992588
62023604
61993512
61993401
61991311
61992671
61993322
62023566
61993177
61992462
61991397
62023979
61992513
61993693
61991480
61992705
61993598
62023981
61992534
61993735
62024146
61992377
61993794
61992030
61993646
61993876
62024350
61992586
61993883
61993716
62024372
61992501
61993950
61992103
61994298
62024474
61994312
61994500
61992818
61994401
61994191
61992036
61994418
61994147
62024621
61992894
61994386
62024580
61992715
61994336
61993256
61994224
61994451
61992419
61993336
61994516
62024891
61993336
61994660
62025136
61993422
61994716
61993024
61994814
61992922
61995024
62025277
61993197
61993730
61994901
61994997
61993266
61994879
61992916
61994927
61995476
61993999
61995306
61995702
61995330
61993695
61995343
61994831
61995706
61995598
62025871
61994524
61995910
62026267
61994408
61995972
61994173
61995954
61996024
62026370
61995526
61995756
62026510
61995155
61996365
62026662
61995014
61996298
61996130
61996232
61996419
61994801
61996296
61995688
61996799
61996620
62027166
61995594
61996891
62027345
61995406
61996836
61995010
61996791
61996799
62027094
61996226
61996867
62027032
61996209
61996871
62027139
61996227
61994944
61997220
61997116
61996451
61997080
61997798
61996739
61997737
61997517
61995499
61997632
61997565
62027830
62027797
61996345
61997629
62027964
61996321
61997734
62028024
61997570
61996887
61997773
61997750
61996018
61997744
61998081
61997971
61996073
61997646
61997862
61997730
61997933
62028273
61997927
61998002
61997265
61997891
61998081
61998202
62028617
61998140
61996302
61997953
61998201
61996800
61998396
61997066
61998236
61998641
61997925
61997574
61998631
61996716
61998955
61998772
62029019
61997924
62029362
62029338
62029282
61997891
61997724
61999121
62029562
61997662
62029648
62029493
61999368
61999212
61997074
61998241
61999226
61997198
61998524
61999336
62029662
61998238
61999422
62029886
61998396
61998968
61997658
61998578
61999782
62030304
61998629
61999885
62030482
61999834
61998770
62000303
62000219
62030460
61998936
62000397
62030704
62000143
61999606
62000186
61999586
62000031
61998475
62000447
61998203
62000134
61999657
61999658
62000150
62000273
61998905
62000209
62000364
61999664
62000738
61999733
61999081
62030856
62030933
61999842
62000549
62030951
61999396
62000693
62031111
61999351
62000693
61999144
62000802
62000936
61999549
61999616
61999648
62031481
62000106
62001053
62031446
61999883
62001372
62001071
62001295
62000028
62000176
62001449
62031909
62001384
62001416
62001387
62001500
62000432
62001331
62000448
62000480
62001828
62032244
62001204
62001839
62032121
62000751
62002027
62032344
62000795
62032243
62000437
62002048
62002332
62001840
62002547
62000995
62002438
62002300
62000288
62002470
62002000
62032661
62001244
62002291
62000932
62002607
62002062
62000554
62001693
62002593
62032970
62002629
62002654
62033074
62001258
62002702
62000554
62032866
62002722
62003122
62002811
62002685
62001562
62002914
62002858
62002968
62002685
62002965
62003105
62033627
62003040
62001885
62002893
62003098
62001974
62003070
62001888
62003233
62033755
62002279
62003298
62033484
62002114
62003336
62033761
62002155
62003523
62002390
62003859
62001617
62003049
62003746
62034014
62002545
62003938
62034367
62003756
62003944
62002295
62003766
62004163
62003906
62003298
62003783
62003980
62003315
62002980
62003990
62003472
62003995
62004330
62003722
62004597
62003724
62034779
62003474
62034802
62002804
62004625
62004419
62004622
62034877
62003325
62004714
62035023
62003359
62004889
62035373
62004800
62004830
62004729
62005185
62004294
62004939
62005012
62035392
62003677
62004936
62005200
62005353
62005111
62003455
62005481
62005125
62035558
62003790
62005309
62035841
62005104
62004424
62005307
62005377
62035802
62004326
62005473
62035875
62004385
62005634
62035868
62004859
62003970
62004841
62005588
62005562
62004873
62005751
62005589
62004924
62005276
62005580
62004298
62004505
62005805
62035896
62005092
62004441
62004636
62005972
62036374
62004692
62006160
62036518
62006077
62036578
62005070
62006182
62036414
62005237
62006305
62036595
62005341
62006340
62006533
62006454
62005750
62006315
62006482
62004863
62006730
62006858
62037098
62005613
62006927
62037240
62037432
62005792
62007126
62037394
62005898
62007147
62037618
62005744
62007233
62004941
62007277
62037680
62006233
62007530
62005683
62005976
62007441
62005793
62007492
62008663
62009087
62007534
62009288
62011207
62009278
62009797
62040251
62008541
62009834
62039920
62009408
62009587
62009696
62008712
62009296
62010003
62009272
62009864
62009952
62008104
62010131
62010351
62008809
62010327
62010512
62040855
62009359
62010649
62040973
62009886
62040871
62009021
62009212
62010766
62009169
62010776
62009696
62010245
62041216
62010372
62011130
62009822
62011334
62011083
62010411
62011057
62011401
62041641
62010460
62011590
62041862
62010358
62011607
62009867
62011504
62011550
62042236
62011727
62011820
62011998
62011890
62042021
62011198
62011900
62009957
62011873
62012058
62042325
62010933
62012239
62012265
62042608
62011177
62012314
62010674
62012556
62010339
62012653
62012286
62010428
62012465
62011927
62010520
62011595
62012607
62012606
62012740
62043091
62011700
62012942
62043189
62011734
62012846
62043360
62012999
62043411
62011846
62013095
62043541
62011898
62011436
62012006
62013228
62011182
62013462
62013430
62011418
62012223
62013529
62043952
62012411
62013841
62013512
62013058
62014113
62013728
62013834
62012199
62013820
62012452
62013807
62013146
62013483
62013232
62014371
62014116
62014209
62044432
62014508
62013651
62014388
62012472
62014158
62014172
62012516
62014626
62044820
62013508
62014565
62045092
62045219
62014692
62045093
62013395
62014819
62013055
62014703
62014109
62014898
62014996
62045296
62013935
62015157
62015029
62014999
62015236
62015366
62015204
62014601
62015390
62015238
62045688
62014352
62015526
62014445
62015474
62045834
62014371
62015682
62045901
62014306
62015547
62046025
62014406
62014751
62015183
62015487
62014287
62015320
62015496
62013571
62014501
62015708
62013766
62015078
62014021
62015795
62015914
62016117
62015806
62046181
62014629
62015940
62046114
62014602
62015865
62046339
62046047
62015161
62015534
62015827
62016002
62046231
62015810
62014593
62014353
62014605
62016227
62014351
62013964
62046554
62014937
62016216
62046376
62014950
62016097
62046855
62014926
62016268
62014582
62046690
62014831
62015247
62016506
62014941
62016457
62016773
62047213
62015336
62016814
62047046
62016657
62015385
62016486
62016780
62017226
62017045
62015171
62016884
62016994
62047254
62017098
62016929
62014928
62017211
62017157
62047475
62015090
62017316
62017389
62047858
62016120
62017564
62047666
62016724
62017629
62048004
62016425
62017629
62015899
62017827
62017079
62016146
62017743
62017979
62016320
62017882
62016199
62017719
62017817
62016419
62016537
62018002
62016014
62017853
62016716
62018129
62016163
62017179
62018383
62048991
62017076
62018490
62018470
62018482
62048868
62017257
62018602
62049100
62018646
62018739
62018469
62018645
62018641
62017444
62018892
62048962
62017629
62017208
62019125
62019422
62019132
62018814
62019020
62033069
62034102
62034211
62034229
62033098
62033205
62034475
62064748
62033462
62034683
62065178
62034591
62033517
62034413
62034594
62033463
62034795
62034888
62033222
62034894
62034952
62033219
62034840
62035035
62065635
62033707
62035080
62034993
62035055
62032982
62065725
62034164
62035214
62065648
62034232
62035285
62033260
62034184
62035364
62033223
62035514
62035406
62065594
62034747
62035423
62065859
62034215
62035591
62065838
62034222
62035607
62035235
62035505
62033670
62035780
62035649
62034477
62035917
62035752
62035988
62066392
62034582
62034529
62036079
62066481
62034631
62036298
62033855
62034014
62066309
62034890
62036187
62034111
62036418
62036375
62066726
62035216
62036540
62066894
62035147
62066841
62035393
62036669
62067095
62035489
62036720
62066991
62036914
62036844
62067257
62035688
62036913
62035207
62037087
62067321
62036273
62037228
62067673
62036404
62037368
62067561
62036717
62037509
62037199
62037284
62037606
62035738
62037260
62037178
62036161
62037626
62068004
62036414
62037588
62035950
62037628
62036220
62036495
62037919
62036990
62038033
62037141
62037912
62037935
62038179
62038211
62036402
62037964
62037520
62036593
62036537
62038236
62038541
62036687
62038219
62038554
62037260
62038420
62069076
62037606
62038458
62068983
62037675
62038759
62069246
62037678
62039023
62037194
62038971
62036935
62039304
62039060
62037110
62037982
62039265
62037189
62038662
62039495
62069897
62038397
62037781
62039766
62038574
62037932
62038414
62039907
62070165
62038490
62039787
62069986
62038606
62039677
62039425
62039642
62039701
62037991
62039639
62039821
62038077
62039626
62039835
62038303
62039779
62039975
62038842
62039847
62038141
62039681
62039841
62040039
62039615
62038656
62040097
62070527
62038837
62040193
62038991
62038842
62040313
62070480
62039123
62040310
62070736
62039222
62040570
62071030
62039697
62070748
62039314
62070978
62038949
62040607
62038670
62039871
62040979
62071214
62039734
62041096
62071476
62039727
62041093
62039486
62041585
62040454
62041364
62041150
62041146
62039943
62071641
62041419
62041424
62071970
62040109
62041595
62039861
62041591
62040891
62041605
62041847
62072060
62041955
62040075
62041083
62041176
62041717
62041926
62041149
62040637
62041940
62039871
62041089
62042078
62072518
62040939
62041900
62041040
62042508
62072856
62041307
62042478
62072955
62041099
62042543
62073140
62042529
62041842
62042725
62042581
62042787
62041029
62042978
62041453
62042910
62042864
62073227
62041742
62043203
62073674
62041752
62043080
62041506
62041762
62043203
62073364
62041985
62043333
62041702
62042070
62073721
62073526
62042081
62043289
62042324
62043295
62042264
62043678
62074021
62042477
62043688
62043693
62042428
62041617
62043826
62074225
62042358
62043713
62074146
62042402
62043747
62074301
62042621
62043918
62042280
62043832
62042650
62043828
62043986
62074415
62042799
62044136
62074284
62042932
62044184
62074476
62074789
62074431
62043166
62074804
62074911
62074722
62044607
62044811
62075133
62044809
62044784
62043074
62044213
62044966
62075557
62043778
62045127
62043551
62045089
62043358
62043540
62045369
62043749
62045107
62045828
62044659
62045152
62045363
62044656
62045283
62045414
62076062
62044264
62045540
62075616
62075648
62044903
62044043
62045662
62045618
62044355
62044699
62045984
62044776
62076211
62045619
62046081
62045763
62046074
62046075
62045958
62046122
62076733
62044723
62046164
62076529
62044966
62046314
62076309
62044969
62046259
62076415
62045007
62046235
62076455
62076512
62046362
62076625
62045239
62046311
62044316
62046548
62045733
62044241
62046572
62046352
62045136
62044341
62076934
62044529
62046826
62045532
62046029
62046487
62046702
62045523
62046515
62046831
62045992
62045446
62046873
62046820
62077445
62045680
62045493
62046305
62046924
62047179
62045103
62045838
62047269
62047404
62045921
62045808
62047367
62046521
62046035
62046118
62047346
62045243
62047454
62047363
62047511
62077915
62046112
62047457
62077704
62046472
62047447
62045500
62046778
62047494
62045613
62047688
62047267
62045566
62047846
62078220
62047224
62046287
62047932
62046876
62048295
62048599
62047037
62046492
62048130
62048360
62046527
62048321
62046838
62078779
62047845
62047375
62048525
62078849
62047372
62048556
62078886
62047406
62048514
62048225
62048529
62048810
62048907
62047203
62047658
62048907
62079374
62047686
62049007
62047335
62048997
62049185
62047335
62048302
62048334
62048816
62047717
62049421
62079560
62048005
62049233
62079676
62048574
62049263
62047256
62049556
62047241
62079509
62049044
62049765
62048637
62048439
62049633
62047492
62049823
62049449
62047557
62048722
62049745
62048264
62048398
62049767
62080091
62048844
62049931
62049140
62049420
62048852
62048596
62080165
62049118
62048126
62049774
62049980
62048246
62049870
62048739
62050171
62050074
62080292
62049539
62048933
62050260
62048157
62050430
62050791
62050337
62048757
62050224
62050474
62080935
62048950
62080717
62050480
62050644
62049940
62048891
62050488
62049147
62050280
62050743
62050017
62050612
62050721
62049452
62050558
62050830
62050093
62049224
62050998
62051122
62081623
62050975
62049628
62049410
62051058
62049930
62049231
62051357
62049737
62049813
62049777
62051530
62051089
62051270
62050121
62051263
62051454
62050809
62051278
62051527
62051835
62051620
62051896
62049752
62051662
62051739
62051101
62051782
62052226
62049974
62052214
62052119
62051276
62051956
62051987
62052182
62082653
62050854
62052278
62050644
62082819
62051147
62052509
62051166
62052766
62052533
62051002
62050790
62052350
62052507
62052656
62052787
62052837
62052732
62052808
62083056
62083106
62051700
62052826
62083362
62051868
62053196
62083297
62051975
62053357
62083827
62051934
62053261
62051315
62053123
62053187
62051892
62051881
62053988
62052289
62053544
62052152
62053668
62084120
62052430
62053928
62083984
62052669
62053911
62084207
62053073
62053836
62053038
62053564
62053802
62052552
62053869
62054022
62054074
62052436
62053256
62052928
62084612
62052821
62052788
62054188
62084665
62053151
62054352
62052313
62053796
62054485
62052655
62054331
62054369
62054726
62084976
62053402
62054637
62084958
62054019
62054900
62052861
62054035
62085191
62085127
62053785
62054917
62085326
62053823
62055027
62085286
62054049
62055085
62053023
62055255
62055191
62055226
62055048
62055202
62085512
62054217
62055223
62085261
62054540
62054385
62052989
62054111
62055243
62085558
62054378
62055312
62085751
62054066
62085530
62054734
62055546
62053752
62054291
62055474
62055599
62086067
62054360
62055578
62053571
62053763
62053974
62086062
62055769
62054276
62054071
62054378
62055990
62054260
62056023
62055276
62055779
62054731
62057203
62056314
62057511
62057975
62058354
62088940
62057063
62058627
62058411
62058517
62058665
62057017
62058897
62057499
62058069
62058911
62056865
62058978
62059226
62057457
62057764
62059312
62089776
62059346
62058648
62057808
62059999
62058424
62059447
62059539
62057955
62058241
62059692
62090262
62058518
62059777
62090365
62058755
62060045
62090356
62058919
62060154
62090390
62059492
62060082
62058917
62058239
62059180
62060323
62059200
62060250
62090614
62060218
62059331
62060652
62090852
62060580
62060618
62091015
62060028
62060690
62090949
62059988
62059226
62091119
62059632
62060943
62091462
62060754
62058933
62059178
62060939
62061124
62091776
62060959
62061348
62059956
62061105
62091493
62060347
62060194
62060225
62061528
62059326
62061630
62061612
62060235
62059855
62061439
62092192
62060806
62061869
62092166
62060645
62061870
62092234
62060693
62062119
62061830
62092450
62060821
62062203
62092506
62060961
62061431
62062280
62092455
62061241
62062397
62092685
62092499
62060582
62061360
62062631
62060401
62060909
62062599
62062629
62062301
62063086
62060688
62062124
62062837
62061385
62061773
62063038
62061624
62062538
62062701
62061604
62062610
62062866
62062217
62061297
62062995
62093576
62062576
62063237
62061186
62063510
62063460
62062264
62061745
62063328
62062618
62063285
62063553
62062146
62061818
62062322
62063681
62094022
62062532
62063866
62094066
62062590
62061731
62094197
62063272
62063975
62061906
62063801
62064096
62062365
62063803
62064059
62062756
62062387
62064035
62064281
62094715
62064152
62063198
62064016
62064699
62063384
62064505
62064341
62064414
62064521
62094899
62063893
62064531
62062711
62064758
62063991
62064513
62064688
62064932
62095187
62064225
62064914
62062899
62064977
62064842
62062705
62064800
62064586
62063123
62063539
62064965
62095362
62064290
62065007
62062944
62065107
62064904
62064953
62065036
62065228
62063416
62065037
62063799
62065367
62065077
62063172
62063608
62064100
62065444
62063427
62065723
62065558
62095783
62063802
62095850
62065683
62096088
62064766
62065796
62095870
62065083
62065874
62063846
62065883
62066144
62064751
62066028
62065985
62063963
62066133
62066175
62066256
62064430
62066041
62064241
62064554
62066130
62066356
62066296
62066437
62096797
62065813
62066478
62096957
62065418
62066622
62097093
62065517
62066691
62097085
62065514
62064658
62066610
62066698
62065313
62065234
62066638
62097335
62066298
62066984
62064908
62067314
62067573
62065892
62067268
62067228
62097427
62067489
62067145
62067182
62065844
62066923
62067227
62067324
62067485
62097828
62066185
62067458
62066410
62067533
62066255
62066019
62066312
62066426
62066451
62067937
62068241
62066872
62068019
62066031
62066852
62067943
62068211
62068000
62068039
62066871
62068175
62066740
62098572
62067460
62067647
62066507
62066814
62066997
62068366
62098658
62067689
62098737
62068178
62066987
62068356
62068399
62068396
62068699
62098909
62067774
62068726
62066684
62068981
62068782
62068902
62099253
62067814
62068964
62066730
62068218
62068985
62066929
62068839
62068972
62069250
62099679
62099565
62068302
62069610
62069307
62067538
62069203
62099557
62068518
62067277
62069047
62067535
62099831
62068934
62069852
62068246
62068106
62069652
62069728
62100247
62068640
62070043
62100142
62069314
62069479
62069785
62070027
62070212
62100761
62068932
62070301
62100894
62068976
62070345
62100751
62070620
62070635
62070497
62070574
62100843
62069297
62070704
62101041
62069743
62070690
62101048
62070016
62070858
62101102
62070330
62070995
62069906
62070027
62071211
62071355
62069901
62071259
62101586
62070560
62071334
62071449
62070624
62069734
62071272
62070014
62071458
62069629
62071890
62102272
62102408
62102251
62072096
62071911
62071238
62072086
62072523
62071960
62070928
62072054
62102425
62071072
62072318
62102583
62071612
62071655
62071683
62072080
62072414
62102731
62071384
62072321
62071677
62072706
62072806
62072575
62102962
62071282
62072675
62071407
62072608
62071950
62072408
62072459
62072695
62070944
62072619
62072815
62103398
62072688
62073006
62071157
62071819
62073007
62103338
62071717
62072951
62071612
62072824
62073257
62073220
62073157
62072404
62071290
62103915
62072211
62073556
62103808
62072884
62073560
62071504
62073770
62073659
62072984
62073792
62071633
62104253
62072996
62073820
62104277
62073138
62074033
62104295
62073832
62072734
62074277
62104577
62073313
62074178
62104324
62073073
62074137
62104624
62072528
62073222
62074337
62072558
62074185
62074974
62073217
62074661
62075043
62105233
62073835
62074167
62072806
62074142
62074909
62073062
62074665
62074801
62073646
62073198
62074965
62105267
62074206
62075314
62105622
62105619
62105820
62105611
62073722
62075557
62075351
62075588
62073878
62074216
62075564
62105800
62073800
62074248
62074063
62074329
62075882
62105919
62074981
62106164
62075938
62074603
62076030
62075368
62075995
62075415
62106748
62075055
62076266
62074172
62076281
62076156
62075173
62076217
62076331
62106590
62075209
62076458
62106715
62076579
62076451
62076320
62076457
62076650
62075820
62076402
62076578
62076811
62107108
62076599
62076784
62107049
62075559
62076853
62107351
62075494
62074981
62077121
62075782
62075416
62076989
62077181
62077154
62075085
62076974
62077032
62075593
62076824
62075664
62077217
62107565
62076088
62077279
62107804
62076455
62077494
62075473
62077465
62075239
62107760
62076574
62077460
62075435
62076424
62077607
62076864
62077319
62077554
62077005
62075989
62076545
62078010
62076877
62077896
62075803
62077744
62078026
62077909
62078008
62076604
62078072
62075972
62078221
62078697
62077409
62076741
62078325
62076447
62078437
62078361
62078257
62078466
62109012
62077326
62078568
62077821
62078703
62108887
62076794
62077518
62078767
62078092
62108982
62078978
62078792
62077162
62077108
62078780
62079013
62078675
62079001
62077850
62077395
62078941
62077621
62078709
62078978
62079033
62077389
62079037
62079321
62079114
62079146
62078457
62077540
62079212
62079322
62079155
62079862
62078008
62079319
62079568
62078245
62079552
62079848
62080041
62079297
62078267
62079761
62078448
62079875
62077911
62080147
62079904
62078492
62078445
62078895
62080223
62110499
62078982
62080285
62110368
62079231
62080566
62082168
62080299
62080441
62110723
62079257
62080372
62110915
62110776
62080878
62081066
62079414
62079924
62081148
62080854
62111139
62079643
62080857
62111188
62079639
62080786
62078948
62080968
62080857
62078921
62080842
62080915
62079682
62079223
62079670
62080895
62078993
62081085
62080953
62078938
62081246
62081292
62079048
62081246
62081276
62079861
62079679
62079900
62081263
62111438
62081449
62081341
62079316
62080458
62079604
62111712
62081815
62081535
62081672
62079921
62081548
62081856
62112138
62080495
62081816
62081581
62081634
62081693
62112183
62080444
62081741
62112362
62112135
62080479
62112260
62112247
62080877
62082084
62080056
62082380
62082351
62081454
62080578
62082185
62080553
62082025
62112924
62080540
62082351
62082458
62112809
62081329
62082605
62112710
62081882
62082468
62081342
62080989
62082398
62081782
62081023
62081724
62082933
62113428
62082345
62083063
62113240
62083092
62083207
62081922
62082740
62082862
62081079
62082315
62083114
62082463
62082965
62083310
62083441
62081670
62083246
62083530
62081718
62083417
62081802
62082284
62083540
62081587
62082456
62083028
62081894
62081475
62081857
62083689
62082257
62083417
62083652
62083164
62114236
62084109
62084499
62084126
62082215
62082425
62084147
62114600
62083124
62084400
62114607
62083052
62084403
62114796
62082843
62084424
62083610
62084060
62084376
62084031
62084205
62084431
62114849
62082973
62084537
62115056
62084550
62084503
62082967
62083373
62084698
62114959
62083937
62084653
62082553
62084775
62085157
62082622
62084478
62083478
62084871
62115166
62083742
62084967
62083330
62085028
62082907
62084996
62115075
62084238
62084496
62083042
62084751
62083871
62084880
62084847
62085454
62115850
62083935
62085523
62115720
62084381
62085561
62115967
62084600
62085606
62084383
62086119
62085921
62116416
62084645
62085990
62116293
62085008
62086038
62116423
62084970
62116610
62086445
62086164
62085457
62084667
62086253
62086575
62084807
62084960
62086473
62116947
62116977
62086565
62116734
62085791
62086507
62084728
62086861
62086719
62086000
62086851
62086778
62117212
62087135
62085420
62086673
62086948
62086283
62086795
62087037
62085458
62087102
62087260
62117593
62086519
62087291
62117669
62086749
62086495
62087508
62087773
62087127
62087643
62087958
62086217
62087909
62087890
62118131
62086908
62118382
62087890
62088081
62088280
62086543
62088153
62088243
62086618
62088164
62088397
62118758
62087633
62087268
62086793
62088475
62087494
62087049
62088670
62087302
62088414
62087814
62088769
62088197
62087071
62086980
62087036
62087503
62089124
62088034
62088999
62089586
62088561
62089460
62089373
62087393
62089427
62087914
62089344
62087602
62089089
62089310
62087963
62087772
62089525
62087514
62089671
62089495
62088183
62088287
62088425
62089641
62089840
62120303
62088735
62089994
62120238
62089383
62090000
62087972
62090244
62089945
62088980
62088913
62088959
62090139
62088162
62090131
62090202
62090288
62088592
62090103
62120805
62089274
62090413
62089714
62090781
62090571
62088570
62089800
62090715
62121138
62090042
62090742
62121109
62090235
62091961
62092578
62092887
62123326
62091867
62093116
62123727
62092058
62093358
62123624
62092154
62093430
62123701
62091996
62093618
62092048
62093853
62093878
62092249
62093897
62094160
62092283
62092833
62094106
62094247
62092246
62092467
62092910
62094405
62094353
62094535
62092788
62094466
62094999
62094574
62092614
62093589
62094691
62125044
62094234
62094848
62093127
62094727
62094955
62094040
62093232
62093577
62094977
62125376
62093865
62095004
62125299
62094401
62095127
62093170
62095134
62095343
62125870
62093923
62095453
62125764
62094570
62095555
62125999
62094423
62095682
62126095
62095797
62096133
62095803
62093727
62095941
62096148
62094634
62096048
62096458
62094690
62094355
62096082
62126477
62095248
62096095
62096223
62094760
62126637
62094883
62096259
62126573
62095027
62096364
62098004
62094924
62096509
62126644
62095803
62096475
62095649
62096189
62096356
62096500
62094944
62096452
62095210
62096261
62096503
62096551
62096340
62095316
62096743
62127095
62095733
62096804
62126998
62095573
62096961
62126997
62095655
62097167
62096245
62095898
62096147
62095808
62095349
62096912
62095603
62095398
62114152
62114280
62114445
62114207
62114400
62144575
62113876
62144847
62113201
62114474
62144811
62113437
62114758
62113986
62114746
62113472
62145094
62145121
62114036
62114913
62145203
62114228
62114900
62114211
62114868
62115001
62114765
62113957
62115182
62145632
62114471
62115395
62145933
62114781
62115518
62146168
62114454
62115849
62115006
62115662
62116100
62115816
62115963
62116039
62114329
62114913
62116001
62115269
62114897
62116139
62114237
62116459
62116502
62115190
62114831
62116903
62116421
62114828
62116527
62115167
62116311
62116654
62116836
62147231
62115025
62116408
62116050
62116120
62114860
62116740
62116852
62115759
62115300
62116897
62116866
62147384
62115550
62117147
62117342
62147795
62116356
62117455
62115393
62117645
62117581
62116050
62115880
62117504
62115980
62116368
62117671
62115765
62117799
62117578
62117867
62148354
62117702
62117928
62148495
62116484
62118096
62148576
62116679
62148196
62116738
62116680
62116531
62118034
62148529
62116935
62118205
62148380
62117530
62118270
62148601
62148681
62117962
62148701
62117414
62118506
62148937
62118635
62118718
62148816
62118714
62118536
62118809
62149281
62117534
62118985
62149322
62117808
62119153
62118983
62119207
62119194
62119096
62117126
62118952
62119696
62119372
62150017
62119355
62118172
62119205
62118106
62118289
62118420
62119986
62119691
62117968
62118288
62119822
62150168
62119273
62119214
62117958
62118445
62118086
62150405
62120207
62119926
62120189
62150643
62118552
62119483
62118518
62120125
62120406
62150813
62119711
62120549
62150922
62119509
62120600
62150741
62119629
62120696
62118777
62119762
62120673
62120127
62120572
62120898
62120802
62120412
62121056
62121129
62121342
62121094
62120429
62119434
62119874
62121273
62121281
62120442
62120979
62121143
62121352
62151773
62121368
62121534
62151840
62120790
62120822
62121501
62120182
62121263
62121545
62121738
62152114
62121765
62121979
62152334
62121436
62122092
62120730
62122313
62122257
62120406
62122231
62122195
62121557
62122043
62122359
62152662
62122142
62122572
62153176
62122601
62121745
62123051
62122199
62122657
62122860
62121788
62121162
62153019
62153341
62123204
62123292
62122374
62121409
62121764
62123322
62153669
62122229
62123331
62153607
62122257
62123557
62153873
62153539
62123394
62122642
62153921
62122874
62123655
62122867
62121937
62122301
62123817
62154089
62122579
62153968
62154366
62122617
62122595
62123706
62122635
62124089
62154556
62123414
62124453
62122877
62122381
62124118
62124440
62123537
62124295
62123312
62124348
62124378
62124649
62122826
62123091
62124593
62122829
62123197
62154798
62122983
62123989
62124204
62122757
62124657
62124855
62123775
62123245
62123531
62125027
62124823
62124961
62124053
62123447
62155485
62123863
62124997
62155444
62123823
62125045
62155358
62123943
62123708
62125044
62125331
62125024
62125218
62125427
62123765
62125386
62125547
62156064
62125601
62125578
62155921
62124446
62125541
62123622
62124760
62125555
62125775
62123613
62125986
62156272
62124784
62125814
62156219
62124781
62126108
62156321
62125432
62126247
62124240
62126336
62126125
62156607
62125192
62126403
62124255
62126138
62126322
62126627
62126114
62125207
62126612
62156884
62125601
62157114
62126891
62125392
62126832
62157356
62125625
62127013
62157214
62125823
62127216
62157420
62126911
62125438
62125209
62125790
62125558
62127296
62157383
62125975
62127457
62126374
62126921
62125777
62157406
62157689
62126106
62127352
62157662
62126261
62127465
62125434
62127645
62127517
62127614
62126238
62127627
62126904
62127492
62127587
62127868
62158130
62126773
62128029
62158188
62158364
62158471
62128082
62128216
62158426
62127122
62128086
62125993
62128146
62127994
62126703
62126059
62128211
62126127
62127119
62128401
62158750
62128564
62128392
62127730
62126724
62128396
62128544
62158970
62127367
62158715
62126940
62128602
62127471
62127371
62159614
62127903
62129031
62126876
62128278
62129368
62128859
62127152
62128399
62128553
62128671
62127245
62128991
62128745
62128957
62159294
62159412
62127135
62127374
62129073
62129220
62159529
62128135
62129429
62159633
62128423
62129258
62127294
62128314
62129505
62131237
62129351
62129611
62159960
62128427
62129740
62127593
62128994
62129744
62129025
62129527
62129481
62129424
62130003
62129776
62130047
62128299
62128702
62129999
62160088
62129241
62129332
62129812
62128830
62130187
62129430
62129779
62130114
62130248
62130280
62160863
62128948
62130283
62130114
62130305
62130362
62128680
62130355
62128521
62129814
62128811
62129221
62130750
62132403
62129785
62130272
62128942
62128953
62129002
62130752
62161301
62130068
62128949
62130662
62130897
62131068
62161584
62129840
62131130
62161385
62131337
62130709
62131207
62131454
62131359
62161656
62130359
62131281
62130257
62130200
62131569
62130715
62131546
62131415
62130284
62161975
62130252
62131552
62133403
62131766
62131871
62162114
62130759
62131696
62162143
62130594
62131912
62130165
62130941
62162401
62129925
62131235
62130081
62131395
62130526
62130983
62162613
62132027
62130987
62132332
62162510
62132463
62132263
62131095
62132009
62132343
62132549
62162676
62131276
62130954
62130945
62131399
62132727
62130688
62132623
62132646
62132893
62163322
62132749
62133153
62130704
62133112
62163479
62131999
62133170
62163781
62132034
62133211
62163397
62132168
62133225
62131384
62133145
62133192
62131351
62131695
62132101
62133528
62132079
62131918
62132187
62133590
62163865
62132567
62133525
62164010
62132884
62133614
62133865
62132601
62133242
62131894
62133057
62134069
62132160
62133937
62134041
62132723
62132562
62134067
62133052
62134297
62134687
62164726
62164487
62133919
62134205
62134325
62164793
62132967
62134480
62164781
62134541
62134703
62165046
62133577
62134580
62132671
62134937
62134806
62133952
62134526
62134912
62165314
62133345
62165001
62134829
62134885
62135023
62165583
62133972
62135036
62165566
62134236
62135286
62137032
62135317
62135229
62165602
62134567
62134586
62133166
62134294
62134097
62135476
62134243
62133887
62135158
62134291
62135691
62165773
62134881
62165931
62166089
62134902
62135031
62134998
62134122
62134583
62135829
62166140
62135057
62135719
62133636
62166322
62135130
62135853
62134520
62134278
62134718
62136220
62166356
62166177
62136114
62166561
62134766
62136162
62136092
62136243
62166532
62134954
62136305
62134396
62136377
62134897
62166761
62135170
62136374
62134233
62136513
62136607
62136530
62134707
62166748
62136191
62136808
62136541
62138490
62136668
62135942
62135206
62135544
62136862
62167483
62135640
62137033
62137065
62135640
62135425
62137134
62137196
62136187
62137144
62137125
62167379
62136538
62137241
62136600
62137123
62167893
62167904
62167671
62137149
62137422
62137655
62135636
62135932
62136935
62135969
62136827
62168142
62136395
62137575
62136996
62137516
62138117
62136325
62137984
62137863
62137758
62136649
62136746
62138103
62136072
62138147
62138006
62138352
62168775
62136894
62138311
62136475
62138258
62136820
62136625
62136873
62168846
62137683
62138382
62138356
62138511
62137299
62138706
62169022
62137532
62138661
62138926
62138907
62137849
62139208
62137629
62169355
62137758
62138935
62137019
62138814
62138627
62138782
62137683
62137876
62139322
62137655
62139230
62169515
62138005
62139182
62137297
62139239
62139286
62139557
62137721
62139835
62139540
62170062
62138236
62139632
62169825
62138868
62139697
62137771
62139264
62139953
62137887
62170225
62138438
62170363
62138657
62140080
62170225
62138776
62140055
62137989
62140197
62140312
62138610
62138501
62140370
62138099
62138974
62140737
62140306
62138597
62140296
62139140
62138833
62140460
62140495
62139883
62140365
62140411
62140647
62170971
62139446
62140572
62138806
62140522
62140682
62171362
62140129
62140872
62139052
62139658
62141018
62140187
62140797
62140930
62141262
62171672
62140003
62141289
62139339
62140019
62141197
62139521
62141417
62141102
62139857
62139720
62140106
62141406
62139426
62141454
62141095
62139590
62140646
62141031
62141022
62141614
62140505
62141104
62140407
62140090
62140383
62141875
62172111
62172402
62141283
62140213
62142055
62140067
62142075
62141408
62142392
62142601
62172932
62141610
62142684
62141420
62142070
62141185
62142867
62141195
62142160
62142917
62173121
62141539
62142770
62140684
62141409
62143323
62142912
62144006
62144458
62174951
62143573
62144804
62175249
62144181
62145162
62143134
62175617
62144427
62145400
62143382
62143959
62145450
62145662
62175968
62144454
62145706
62176038
62146244
62145945
62176510
62145124
62146289
62145492
62145922
62146202
62146524
62176896
62145144
62146567
62176865
62176451
62144278
62145683
62177054
62145449
62146695
62177046
62145931
62146900
62144928
62144987
62145328
62145136
62177300
62146207
62145874
62147072
62147278
62177698
62145957
62147212
62177659
62146275
62147254
62177494
62147085
62147278
62147406
62177506
62146472
62147508
62145453
62145814
62147428
62146105
62147343
62147626
62147880
62147491
62147937
62147825
62147820
62148020
62178504
62146774
62147876
62178159
62148083
62148670
62148291
62178310
62148218
62146513
62148246
62146245
62148080
62148298
62148472
62178919
62147001
62148421
62178823
62147292
62148729
62178841
62147231
62148497
62178633
62148403
62148462
62147096
62179067
62146937
62148959
62148603
62148825
62147054
62148637
62148924
62179296
62148266
62179237
62148119
62179290
62147752
62149058
62148213
62148790
62148893
62149191
62148798
62149016
62149266
62148085
62148318
62148991
62147599
62147456
62147746
62149186
62179535
62148108
62149510
62147403
62148034
62149326
62149342
62147466
62149385
62149512
62149514
62147790
62148172
62149793
62179857
62148633
62149842
62148951
62149474
62149631
62148335
62148508
62150007
62148431
62148955
62148613
62149787
62149074
62149652
62149727
62150062
62180337
62180567
62148807
62150035
62180655
62149815
62148904
62150311
62148907
62150375
62180686
62149307
62150433
62148599
62149303
62150088
62150592
62149008
62149466
62150694
62148690
62150891
62150738
62150856
62181120
62149546
62150822
62150406
62149585
62150768
62150079
62149446
62150885
62150982
62181474
62149791
62149817
62149351
62149836
62151160
62150122
62151245
62151583
62149456
62150109
62151311
62150711
62151213
62151534
62150146
62149968
62151480
62151726
62151371
62152174
62150406
62149973
62181899
62149814
62182424
62182671
62151931
62151897
62152205
62182628
62150980
62152318
62182243
62151307
62152140
62182486
62151451
62152191
62151403
62150545
62152090
62151332
62151777
62152073
62152402
62182558
62151198
62152361
62151443
62151915
62152222
62152407
62152490
62152573
62151337
62150814
62151329
62152712
62150550
62152836
62153160
62152979
62151031
62152794
62152898
62183420
62151673
62153107
62183121
62152072
62153024
62153139
62153030
62183410
62152403
62153218
62151214
62152316
62152826
62152705
62153071
62153279
62153542
62184056
62183906
62154037
62154194
62153829
62184331
62184103
62184365
62184144
62153827
62153902
62184432
62153397
62153932
62154162
62184444
62153364
62154255
62153018
62153877
62154157
62154267
62152707
62152922
62184514
62154467
62154179
62154402
62184847
62153901
62154724
62153939
62154380
62154701
62154794
62185237
62154758
62155023
62185406
62153637
62154868
62154039
62154658
62154842
62153607
62154853
62155000
62155335
62185440
62153946
62155260
62153469
62155160
62154176
62153909
62155353
62155579
62185689
62154385
62155463
62155352
62155565
62153813
62155674
62155706
62154823
62155610
62155768
62186345
62154577
62155986
62186117
62155260
62156051
62155246
62155756
62155978
62156211
62154518
62156026
62186582
62156222
62156451
62154851
62154580
62156085
62156246
62186567
62186591
62155093
62156347
62156481
62186962
62156501
62156590
62187003
62155601
62156601
62156721
62187118
62155673
62156793
62187147
62155374
62156083
62154711
62187191
62155495
62156774
62156106
62156605
62156801
62156183
62156256
62156932
62155759
62155520
62155864
62157377
62157385
62155702
62155898
62155916
62157090
62155284
62155612
62157168
62155119
62157207
62156829
62187485
62157290
62157319
62155839
62155688
62156005
62157449
62187618
62157673
62157309
62157207
62156250
62157632
62156203
62156015
62156400
62157780
62188110
62157027
62157758
62155730
62156813
62157731
62157069
62157676
62157579
62155677
62156048
62156491
62158007
62157710
62157864
62158199
62157891
62158120
62158281
62156348
62158004
62157209
62156456
62156773
62158541
62188640
62157187
62158487
62188924
62157750
62157885
62158567
62157220
62189186
62156920
62158760
62156438
62158356
62158511
62158680
62158730
62156623
62158431
62158505
62158983
62157144
62158039
62158990
62158927
62189124
62158149
62159046
62158337
62158737
62158942
62159216
62189452
62158418
62159063
62158257
62158996
62158984
62157624
62157683
62158082
62159167
62189497
62158364
62159242
62157176
62158994
62159253
62158030
62157814
62159252
62159298
62159401
62159412
62159444
62159562
62157489
62159717
62159541
62157526
62159758
62159641
62158008
62158538
62159630
62157594
62159753
62158502
62159823
62160022
62160147
62190554
62159000
62160273
62190578
62160048
62160353
62158101
62160166
62160223
62160394
62190695
62159194
62160385
62160319
62159481
62160710
62159215
62190993
62159366
62160656
62190800
62159677
62160628
62160327
62159397
62160515
62159778
62158886
62159254
62160644
62190967
62160017
62160679
62159921
62160451
62160689
62160840
62159131
62159739
62160851
62158856
62159961
62161036
62161204
62160915
62161108
62159452
62161114
62159061
62161236
62191334
62160977
62161257
62161422
62191687
62192039
62160840
62161523
62191865
62160787
62161632
62161199
62161436
62161587
62191721
62160619
62161738
62160299
62160121
62160387
62161992
62160170
62160457
62161703
62191877
62161918
62162215
62161922
62192396
62160734
62162127
62160153
62161259
62161873
62162221
62192543
62161473
62162207
62160676
62161959
62162202
62162623
62193073
62161286
62162439
62160482
62162274
62162379
62162486
62192991
62161311
62162691
62192804
62161968
62162671
62161982
62162443
62162751
62161620
62161796
62162527
62161733
62163044
62162297
62161092
62161642
62161849
62163376
62193642
62162758
62163293
62161278
62193912
62162756
62163924
62163706
62193886
62162358
62163682
62194074
62162430
62163768
62194157
62162625
62163737
62194057
62164060
62164445
62163885
62194490
62162873
62163445
62164242
62164397
62162264
62162974
62164199
62162092
62164175
62164394
62162318
62164240
62164972
62164655
62162701
62164711
62164567
62164752
62195194
62163503
62164755
62195169
62163463
62164845
62164221
62163218
62163634
62165102
62195412
62164225
62165003
62164290
62164974
62165045
62164134
62162898
62163256
62163993
62165167
62195425
62164130
62164616
62163377
62163037
62165677
62165525
62195882
62164276
62165616
62163380
62165639
62165466
62165656
62163847
62164338
62164624
62195604
62165189
62164120
62165551
62195777
62164491
62165650
62196129
62164696
62165746
62165693
62166176
62165960
62166107
62164469
62164799
62166189
62196484
62165551
62166165
62165931
62166087
62166344
62196874
62165160
62166395
62196663
62165369
62166620
62196794
62165640
62197318
62166578
62165585
62167049
62164806
62166788
62197698
62166380
62167141
62197492
62166609
62167247
62167577
62166129
62167127
62166025
62165419
62166028
62166200
62167779
62167656
62165922
62167696
62167769
62198222
62166771
62167834
62168135
62167088
62167747
62167164
62166391
62166799
62168223
62198748
62166950
62168339
62166215
62168179
62168276
62167491
62166598
62167076
62168434
62198703
62168471
62168825
62167284
62167205
62198850
62168779
62166614
62168489
62168681
62167744
62168687
62168841
62169162
62167408
62167789
62169401
62168022
62168007
62169181
62168570
62199685
62167699
62168283
62169593
62168761
62167919
62169489
62169661
62169580
62169840
62169855
62200171
62168552
62169975
62200116
62170025
62169737
62169857
62200478
62168830
62200181
62169692
62169935
62169379
62169943
62170052
62168566
62169098
62170025
62168764
62169873
62168918
62170297
62200637
62169346
62170320
62169604
62170388
62170300
62169060
62200981
62169272
62170572
62200985
62169433
62170476
62168550
62168980
62201011
62170073
62170674
62170497
62170974
62170785
62170868
62201269
62170223
62171063
62169252
62201395
62169301
62169347
62171260
62171051
62171137
62201626
62169970
62171109
62169132
62171286
62171256
62169443
62169925
62171369
62169303
62171685
62171400
62170256
62171275
62170347
62171630
62169774
62170413
62171713
62169749
62171611
62171667
62169745
62171998
62171877
62202316
62171105
62170890
62170360
62170917
62172128
62170119
62172276
62172069
62170692
62171855
62170886
62172378
62202972
62171513
62170236
62170693
62171161
62172536
62170409
62172193
62172421
62171225
62171035
62172462
62172674
62203039
62171890
62202908
62171120
62172544
62172973
62172760
62172894
62171245
62171463
62171481
62172719
62172951
62171298
62171097
62172431
62203472
62172990
62173211
62173372
62203655
62172645
62173241
62172511
62171762
62171765
62171484
62171968
62172187
62173616
62173635
62173616
62172999
62173433
62173661
62172288
62204253
62172698
62173707
62171733
62174088
62174055
62172983
62173729
62173947
62174208
62173875
62173137
62174391
62204591
62173393
62174218
62173659
62172766
62174414
62174572
62204829
62173539
62174653
62173265
62173802
62174671
62174915
62205069
62173720
62174067
62174715
62172765
62174621
62174843
62175124
62175098
62175294
62173002
62205675
62174986
62175122
62175481
62173686
62175358
62175594
62206212
62174404
62175674
62205963
62174613
62205939
62176010
62175750
62175884
62206310
62174693
62175956
62175243
62174820
62176012
62174740
62174562
62176604
62176406
62176349
62176459
62175004
62176277
62176457
62176513
62207171
62175294
62176745
62207072
62175981
62176847
62175355
62176564
62176776
62176746
62176765
62175655
62176513
62175404
62176893
62207092
62175842
62177043
62174932
62177038
62176985
62175320
62175427
62176411
62175440
62175883
62177327
62177254
62177330
62176419
62176993
62177273
62177482
62176756
62177700
62177690
62208083
62176445
62177888
62207963
62176668
62177794
62177932
62176037
62176419
62177921
62177973
62177890
62177990
62208189
62178173
62178365
62178223
62208584
62176896
62178138
62208363
62177058
62178303
62179927
62210658
62179606
62180622
62180807
62178873
62180657
62180871
62179756
62180908
62181065
62179910
62180051
62181320
62179388
62181309
62180233
62181800
62212118
62181149
62181294
62180601
62180103
62181812
62179776
62181751
62181884
62182181
62182251
62181507
62180597
62182321
62182483
62180938
62182458
62180375
62182186
62182377
62182524
62213139
62181152
62182740
62213082
62181557
62181802
62181018
62181499
62182773
62213219
62182093
62182833
62180839
62182329
62183133
62213440
62182465
62183244
62183197
62183018
62181200
62181358
62181504
62182051
62182233
62183104
62183477
62213799
62182177
62182080
62182952
62183414
62181813
62183356
62182027
62182814
62182238
62183621
62213975
62182532
62183607
62214164
62183081
62183668
62181857
62183632
62182297
62183885
62214171
62181833
62183706
62183962
62184126
62214723
62182754
62184174
62214517
62182874
62214723
62184220
62183956
62182704
62183885
62184114
62184377
62182695
62184302
62184603
62214985
62182676
62214871
62183845
62184965
62184737
62215212
62183482
62184860
62214914
62183680
62184762
62184838
62184093
62185125
62204253
62234489
62204340
62204151
62204387
62234762
62203327
62204343
62202570
62203081
62204453
62202574
62204167
62204283
62204509
62235065
62203243
62204789
62203192
62204760
62204735
62234969
62203946
62204765
62204893
62204874
62235030
62203670
62235159
62204735
62203375
62205002
62235217
62204336
62205076
62203229
62204952
62204965
62205265
62205252
62205462
62205270
62205449
62235931
62204659
62205503
62235827
62204699
62205476
62203544
62204427
62205655
62205464
62205352
62204360
62205653
62235867
62205832
62205664
62206002
62236422
62205617
62205904
62203930
62205800
62206067
62204642
62236570
62204936
62206303
62204190
62206202
62206168
62204893
62236693
62205586
62205983
62205511
62206136
62206315
62206505
62206085
62206266
62206119
62236994
62237221
62204949
62205533
62206809
62236954
62205731
62206645
62206964
62205241
62204794
62237200
62207106
62206893
62205069
62205379
62206962
62207294
62205536
62205955
62207375
62237809
62206473
62207461
62206861
62207404
62207428
62207621
62238071
62207023
62207747
62207045
62207975
62207742
62207835
62205822
62206460
62208143
62207888
62238218
62206779
62207939
62238443
62206902
62206702
62238462
62206876
62208005
62206724
62206402
62208077
62208286
62205855
62208074
62206830
62208486
62208310
62207009
62208405
62208417
62208664
62206642
62208467
62209085
62208857
62239563
62207697
62208594
62239387
62207817
62209178
62206992
62206807
62209251
62209139
62208008
62239707
62208059
62209390
62239544
62208403
62209763
62207612
62208159
62209776
62209365
62239890
62208259
62209604
62239814
62208843
62209634
62207657
62209486
62210110
62208350
62209556
62209823
62207938
62209685
62209695
62209928
62240186
62208822
62210092
62240366
62208795
62209204
62208365
62210051
62210287
62240721
62208963
62210482
62240570
62209247
62209498
62208490
62209063
62209098
62210542
62240861
62210712
62210556
62210872
62210513
62210718
62209614
62210703
62210249
62209528
62241439
62209730
62210907
62241375
62210005
62211065
62241539
62210203
62211068
62209836
62209930
62211315
62209426
62211122
62211173
62211467
62241925
62210150
62211426
62209291
62211158
62211314
62211274
62209433
62211426
62211445
62211401
62209835
62210101
62211590
62241909
62210591
62211464
62210952
62211728
62211731
62210419
62210001
62211525
62211710
62242075
62211137
62211785
62213477
62212226
62210553
62211822
62211953
62211955
62242384
62211385
62212060
62209994
62210794
62212506
62212291
62242361
62212402
62212370
62211452
62210583
62210924
62212485
62243055
62211821
62212563
62211799
62212415
62213050
62211282
62212346
62212687
62212880
62243186
62211734
62213115
62211189
62212950
62213483
62213292
62243879
62212457
62213272
62243989
62212275
62213552
62243896
62212406
62213634
62212867
62211967
62213522
62243938
62213038
62213792
62212922
62213325
62213482
62213869
62244161
62212620
62213906
62212698
62213545
62213819
62213697
62213802
62213809
62214005
62244342
62213258
62214049
62211949
62214052
62214172
62214365
62244745
62213256
62214593
62212343
62244860
62214234
62213156
62212661
62245003
62213721
62214454
62244728
62213478
62214707
62213936
62213156
62213486
62214708
62212680
62212585
62215061
62214837
62213261
62213347
62214992
62213747
62213658
62213859
62215347
62245583
62214326
62213992
62214905
62213967
62215219
62214578
62215074
62215265
62215474
62245822
62214829
62215603
62215461
62214355
62215844
62246230
62215920
62215684
62215923
62215889
62214434
62214188
62215703
62214905
62214054
62215799
62216070
62246167
62215966
62215739
62216071
62246476
62214924
62216166
62214393
62214733
62216242
62214172
62215127
62216260
62215125
62214660
62215100
62216657
62246977
62215811
62216449
62215736
62216418
62216573
62214414
62216895
62216699
62216061
62216571
62215496
62217012
62247184
62215784
62247257
62214852
62216762
62216997
62215917
62215520
62215874
62217364
62247667
62217116
62217237
62216473
62215755
62216065
62215696
62216294
62217618
62215360
62216380
62217317
62216800
62217611
62247885
62216721
62217892
62217052
62217589
62217722
62217948
62248323
62216788
62216322
62218194
62217975
62218297
62248816
62217096
62218228
62216387
62217990
62218246
62218380
62217413
62218301
62218537
62249070
62217639
62217661
62248986
62217297
62218514
62217849
62218187
62218419
62218631
62249019
62217098
62217869
62248986
62217434
62218587
62217925
62218274
62218540
62218708
62217893
62218543
62217977
62217036
62217479
62218842
62219079
62218888
62218959
62219093
62249519
62219106
62219240
62219296
62219376
62249735
62218346
62219325
62218633
62219686
62219356
62218119
62219395
62219559
62218329
62219858
62219526
62219687
62250308
62218623
62219872
62250272
62219238
62219964
62218269
62220043
62218810
62250600
62219017
62220433
62250695
62219498
62219640
62219669
62220271
62218209
62218132
62218698
62218747
62219243
62220492
62250661
62220606
62220475
62219094
62218879
62220606
62220914
62220587
62221133
62220897
62251072
62219809
62220822
62221142
62251493
62219838
62221120
62219577
62219585
62220864
62219112
62221170
62219451
62220021
62221249
62220519
62220983
62221120
62251539
62220615
62221390
62221367
62251978
62220296
62221668
62252206
62220450
62221849
62252252
62252073
62252047
62220466
62221698
62221837
62220220
62220537
62222025
62252265
62220766
62222155
62252325
62222171
62220127
62252646
62221017
62222248
62221508
62220605
62220987
62252715
62221602
62222403
62220287
62222546
62222712
62221483
62221466
62222838
62223024
62221150
62221518
62222932
62253361
62222805
62222888
62222114
62223085
62223483
62223191
62253481
62221942
62222159
62223636
62223319
62253504
62221943
62223222
62253466
62223089
62223145
62223259
62253915
62222283
62223573
62253989
62221926
62223884
62224191
62222663
62223730
62223417
62254399
62222624
62224154
62254474
62223058
62224035
62224271
62254337
62223366
62224166
62222114
62223934
62224119
62254772
62223194
62224426
62254739
62223441
62224528
62222439
62224726
62224352
62254999
62223183
62224497
62223199
62224194
62224460
62224666
62255153
62224586
62254994
62224826
62224602
62224942
62255416
62223730
62224985
62224201
62255409
62223649
62224988
62224897
62255607
62223857
62225116
62223033
62224093
62225195
62224482
62223589
62225162
62225470
62225005
62225261
62225395
62255640
62224276
62225549
62255868
62224809
62225508
62255964
62224878
62225597
62223569
62224763
62225806
62225117
62223765
62225642
62224563
62223947
62224470
62225722
62256173
62224730
62226009
62224141
62225789
62226534
62225376
62224363
62224714
62224846
62225417
62226063
62226248
62256612
62225313
62226148
62256505
62226656
62256926
62225206
62226530
62226754
62226618
62226712
62226040
62257259
62226308
62226402
62225576
62257507
62225814
62227093
62224990
62227215
62226975
62227096
62257444
62226330
62227270
62226578
62226999
62227231
62227546
62225922
62227511
62257893
62227734
62227473
62226859
62225888
62227563
62227727
62257995
62227920
62227745
62258126
62226733
62227725
62225809
62227535
62227723
62227921
62258302
62226710
62226691
62227630
62227921
62227911
62258444
62258216
62228127
62226074
62258509
62226794
62227987
62228193
62226378
62227910
62227288
62227787
62227934
62226320
62258411
62228227
62226610
62227020
62228286
62258643
62228572
62228715
62227265
62258829
62227127
62228684
62227189
62227388
62228712
62227876
62226918
62228572
62228784
62259207
62227481
62228754
62259129
62228041
62259088
62227203
62227648
62228958
62228218
62228690
62228901
62229072
62259561
62227946
62229099
62228061
62259560
62228901
62227869
62229276
62227236
62227550
62227959
62229432
62259519
62227155
62229204
62229437
62259732
62228641
62229597
62227333
62227652
62229290
62229410
62231145
62229229
62229363
62259823
62228776
62229564
62259832
62228971
62228928
62227805
62229857
62229630
62229854
62228577
62229775
62230008
62228065
62228491
62229915
62229097
62230215
62229496
62230224
62230281
62230544
62230126
62230298
62230353
62228551
62230250
62230462
62260942
62229398
62230535
62260881
62230738
62231043
62230800
62230597
62230478
62230592
62260914
62229626
62230657
62228779
62230598
62230710
62230922
62230698
62230897
62231162
62229336
62229588
62231125
62261487
62230494
62231221
62229165
62231342
62229161
62261596
62230045
62231414
62261717
62230670
62231441
62229453
62231255
62231343
62231470
62230179
62231469
62229567
62231689
62231606
62231665
62229605
62229760
62262335
62232069
62230176
62230259
62230263
62230772
62231935
62229869
62231868
62231898
62232121
62262558
62262234
62231240
62230749
62262488
62230707
62232004
62230029
62230918
62232161
62231068
62230582
62230912
62232524
62234069
62232153
62233795
62232952
62234317
62232363
62234332
62234481
62234694
62264920
62234596
62234672
62233963
62234448
62234912
62233348
62234700
62234867
62232995
62234911
62235065
62232951
62233435
62233968
62235148
62233198
62235420
62235289
62233770
62233635
62234010
62234391
62233762
62234319
62234111
62235429
62235769
62266227
62234544
62235598
62233829
62235648
62235745
62235039
62234136
62234549
62236027
62266180
62234919
62235414
62236305
62235264
62235896
62236139
62266466
62235344
62236057
62235505
62235867
62236133
62236397
62234608
62235059
62236550
62234340
62236272
62236445
62236716
62267063
62235391
62236726
62235251
62235228
62236721
62236595
62236862
62235135
62236947
62237169
62267391
62236522
62237287
62235234
62237449
62236640
62236713
62267585
62236507
62237090
62236302
62235501
62236359
62237426
62236033
62267645
62237166
62237643
62236047
62237574
62267788
62236291
62237546
62235497
62237780
62237520
62236379
62235955
62236474
62237832
62236955
62236035
62236475
62237858
62268294
62237058
62237115
62237174
62237622
62237704
62238039
62235826
62237702
62237825
62238048
62268571
62236964
62238137
62236061
62237187
62237998
62238152
62268757
62237064
62238295
62268643
62237788
62238426
62236521
62237510
62238632
62238490
62268656
62238741
62238426
62238662
62236538
62238322
62238557
62237285
62237280
62238643
62238927
62238716
62238724
62236990
62237385
62238813
62269174
62237646
62238522
62269284
62239051
62239291
62237593
62237399
62239071
62239372
62269504
62238035
62239356
62238216
62238402
62239565
62238862
62237565
62237885
62239547
62239804
62270182
62239114
62239900
62239999
62237846
62239835
62239064
62239550
62239850
62239984
62270578
62238869
62240155
62270624
62239955
62239855
62240081
62237991
62238846
62240076
62238804
62238544
62239086
62240428
62238406
62240894
62240409
62240542
62238537
62240283
62239235
62240642
62240578
62240361
62239759
62240367
62240552
62270720
62239667
62240703
62238637
62239067
62240643
62240855
62241078
62239428
62240971
62271201
62239863
62239822
62239443
62239222
62239932
62241146
62239033
62241241
62241165
62271537
62240068
62241754
62241403
62272106
62240332
62241601
62239943
62272213
62240271
62241800
62272009
62240432
62241746
62241108
62241580
62240556
62242198
62272301
62240932
62241986
62241393
62239809
62240704
62272482
62241394
62241458
62241637
62240850
62242410
62242721
62242328
62242622
62242930
62242019
62240704
62241161
62240663
62241543
62243111
62243046
62241254
62241509
62242872
62273493
62241722
62243043
62273452
62242354
62243132
62241409
62243188
62243218
62273515
62242586
62243186
62242569
62243430
62273455
62241713
62243633
62243468
62243629
62274195
62242562
62243735
62241724
62242671
62244053
62242189
62243877
62244077
62244115
62242250
62243803
62244208
62243064
62243892
62243456
62244560
62244327
62274670
62243689
62244225
62244439
62244406
62244222
62244487
62274614
62244598
62244409
62244591
62274811
62274999
62244589
62274970
62275085
62243866
62244613
62244833
62275264
62243509
62244854
62275199
62243701
62244878
62244066
62244732
62244941
62275340
62244272
62243226
62243437
62243754
62245225
62243173
62245419
62245066
62245227
62275674
62244026
62244549
62245074
62244129
62245508
62243585
62245646
62245543
62245622
62276165
62244431
62245755
62245797
62245987
62246172
62245234
62243882
62245113
62246092
62245338
62245899
62244875
62246268
62244229
62246464
62246458
62244886
62246432
62246617
62245072
62276933
62245253
62246478
62246489
62245200
62277024
62245815
62246682
62245136
62246545
62246508
62246041
62246516
62246700
62246810
62277327
62245636
62246834
62244812
62246715
62246770
62246708
62246095
62246999
62247201
62277615
62245911
62247061
62245036
62247039
62247194
62246591
62247386
62247360
62245345
62247707
62247388
62247515
62246713
62247423
62247414
62247548
62246297
62247104
62247764
62247724
62247615
62247545
62247755
62246268
62246187
62246562
62248071
62245995
62247851
62246659
62278299
62248151
62247879
62248236
62246478
62246867
62248319
62248237
62248495
62246748
62247092
62278911
62246636
62247199
62248513
62246552
62248600
62248418
62248521
62278909
62248064
62246379
62246864
62247383
62248638
62246696
62248942
62248745
62248652
62248809
62279029
62248993
62249278
62249016
62279171
62248303
62249135
62247222
62247420
62249010
62249250
62247361
62249139
62249316
62249610
62279773
62248798
62249473
62248805
62247091
62249631
62279656
62249619
62249379
62249605
62280123
62248408
62249739
62280155
62248600
62249873
62249577
62249790
62249740
62249612
62248560
62249735
62248985
62249969
62249157
62249731
62249857
62250045
62280471
62248803
62249949
62248665
62248803
62250137
62250289
62280503
62248985
62250315
62248287
62250095
62250279
62250611
62280711
62250439
62250519
62248497
62250715
62250518
62249131
62248988
62250544
62250729
62281059
62248545
62250477
62250728
62249035
62249366
62250855
62281257
62249945
62251005
62248891
62250849
62251001
62249730
62249853
62250052
62251127
62251247
62281739
62250180
62251477
62281657
62250348
62251642
62251584
62281935
62250161
62251707
62251607
62251792
62251786
62251870
62282216
62250779
62252079
62249907
62251742
62250468
62250526
62251991
62282174
62252047
62252316
62252091
62282338
62250852
62252262
62282389
62252087
62251371
62251993
62252237
62282603
62251657
62252196
62250451
62252061
62251095
62252276
62282702
62252230
62252642
62251508
62252715
62252571
62282896
62251633
62252817
62283240
62252295
62252898
62253323
62252861
62252920
62253156
62252245
62251322
62251885
62253206
62251283
62253102
62251910
62253354
62283762
62252778
62253084
62283807
62251906
62251955
62252297
62253600
62251650
62253386
62253519
62253919
62284226
62252702
62253783
62284066
62254184
62254494
62252573
62252269
62252760
62254129
62252029
62253875
62253963
62254148
62284499
62253462
62254165
62253497
62252607
62252945
62253866
62284717
62253347
62253966
62252668
62252611
62253037
62254214
62284527
62253157
62254451
62252758
62254134
62253213
62254381
62254570
62252894
62253379
62254621
62253894
62253117
62253471
62254936
62253420
62254667
62254999
62285213
62253863
62254743
62254989
62285415
62254193
62252878
62253610
62255000
62253623
62253476
62253752
62255289
62285434
62254681
62255422
62255447
62255346
62255327
62254224
62254283
62255594
62255557
62285998
62254517
62255731
62253693
62255788
62255965
62256157
62257783
62255870
62255252
62255910
62255164
62256148
62256385
62286763
62256478
62256286
62256406
62286802
62255394
62256382
62256038
62256398
62254882
62256251
62254256
62256153
62256207
62256443
62286701
62256435
62255749
62287091
62255670
62256641
62256024
62256462
62256759
62256968
62287514
62256974
62257006
62257082
62287358
62255622
62256002
62257230
62255240
62257362
62257245
62255594
62256338
62257113
62257360
62287473
62257464
62257323
62257481
62288062
62256355
62257532
62256429
62256505
62257610
62257836
62256432
62257643
62257674
62258071
62288521
62256798
62256452
62257679
62256738
62258062
62288285
62258238
62258124
62258309
62288569
62257132
62258483
62256916
62257202
62258457
62257870
62258257
62257158
62258760
62289001
62257898
62258687
62256631
62258309
62256187
62288700
62258207
62257070
62258483
62258614
62288931
62258626
62258703
62258504
62256877
62257447
62258155
62257965
62258622
62258615
62258926
62289347
62257616
62258946
62260641
62258926
62259003
62257042
62257356
62257816
62259116
62257822
62289633
62257958
62257599
62258569
62259323
62258757
62259441
62259423
62259543
62290099
62258420
62259669
62257668
62258005
62259650
62259545
62258545
62259128
62257936
62259792
62259874
62260193
62258339
62258958
62260334
62290623
62259239
62260357
62259551
62260382
62260540
62290732
62259479
62260519
62260760
62291094
62259511
62260815
62291003
62260478
62260561
62291282
62260104
62258861
62291359
62259727
62260880
62261022
62259425
62259886
62261162
62259428
62291876
62261121
62259552
62291723
62260106
62261427
62291764
62260260
62261580
62259501
62261288
62260275
62261301
62261201
62259905
62292248
62260727
62261958
62261204
62261721
62261915
62262186
62292268
62262129
62261964
62260630
62260214
62262138
62260446
62292246
62261789
62262052
62262302
62292615
62261551
62262240
62261975
62260721
62262261
62260749
62260449
62262148
62262320
62292712
62261181
62262490
62262574
62260515
62262582
62262678
62263057
62293025
62262133
62262822
62261571
62261315
62262960
62261637
62293664
62262067
62263145
62262463
62262959
62293379
62293380
62261961
62263105
62262275
62262924
62263231
62261908
62261717
62262136
62293963
62261677
62262294
62263592
62293780
62263513
62263737
62261554
62263813
62263594
62263803
62294302
62262704
62263956
62263957
62264113
62262516
62262840
62264174
62262798
62262357
62263133
62264149
62263463
62264058
62264242
62264526
62294610
62263352
62264523
62263009
62262825
62294801
62294883
62262631
62264449
62264614
62264643
62295309
62263500
62264718
62262754
62265007
62264513
62295381
62265035
62265289
62265171
62295358
62265286
62265501
62265176
62295666
62295310
62263055
62295592
62264453
62265112
62265376
62263629
62263984
62265459
62295799
62264258
62265428
62263859
62264605
62265443
62264730
62263865
62265379
62265687
62296003
62264376
62265676
62263960
62265720
62264935
62296151
62264452
62265797
62296234
62265999
62265895
62266029
62296306
62266036
62265908
62263920
62265687
62265806
62267193
62266214
62298300
62298255
62267113
62267833
62268216
62298514
62267138
62268222
62266913
62266732
62267162
62268756
62299030
62267773
62269001
62299584
62268544
62268353
62269337
62299592
62299698
62269176
62269415
62269607
62267679
62269313
62268620
62267272
62269501
62269645
62300191
62268420
62269618
62268881
62268049
62268479
62269797
62269618
62269664
62269914
62300260
62268973
62269985
62269283
62269806
62269931
62270220
62300831
62269211
62268637
62300736
62269013
62270241
62268288
62268584
62269003
62270521
62300714
62269808
62300817
62270218
62301066
62269834
62270574
62269885
62269006
62269381
62270924
62301238
62270572
62269280
62268958
62270593
62270727
62301088
62270113
62270751
62270062
62269183
62270930
62268956
62271085
62271540
62271167
62301583
62270478
62270824
62269152
62271398
62271729
62301351
62301767
62270122
62271409
62269472
62269778
62270311
62271662
62302088
62270530
62271707
62271523
62271534
62270541
62272078
62302398
62271096
62272222
62272027
62270448
62272110
62271289
62271923
62270824
62272271
62302419
62272345
62272228
62272560
62271693
62272730
62302934
62271908
62272799
62271470
62272512
62272646
62272681
62302824
62272645
62272477
62272686
62302946
62272059
62272116
62270836
62272641
62271994
62272894
62272122
62271318
62271806
62271730
62272831
62271756
62273282
62303508
62273441
62273224
62273464
62303698
62272277
62273454
62273140
62272691
62272006
62273676
62304040
62273054
62273805
62273006
62272192
62273851
62274012
62272462
62272728
62274258
62304585
62304035
62273274
62272469
62272893
62274251
62272247
62273908
62272836
62274338
62304579
62273396
62272192
62274292
62274324
62273570
62272626
62273000
62274366
62304789
62273765
62274430
62273603
62274370
62274429
62274587
62305145
62273782
62274716
62272725
62273820
62275035
62273425
62273415
62273708
62275126
62305268
62273904
62274938
62275046
62305616
62273981
62275134
62273273
62275329
62275309
62305674
62274640
62275576
62275447
62306047
62274970
62274507
62275593
62273985
62306129
62276026
62275851
62276138
62306473
62274804
62276149
62274203
62276411
62275241
62276155
62306530
62275439
62276258
62274219
62276441
62275420
62275073
62276496
62274625
62276403
62276511
62276646
62306831
62275633
62276591
62274716
62275530
62276630
62276976
62307296
62274593
62276963
62276960
62277057
62277017
62277200
62277184
62275772
62307676
62275977
62277301
62277538
62277499
62277476
62307642
62276592
62277240
62276667
62275723
62276177
62277556
62307736
62276362
62276872
62275847
62276431
62277629
62307964
62277964
62277721
62278043
62308314
62277326
62277934
62276056
62277933
62278029
62278107
62308260
62278307
62278005
62278225
62308490
62277252
62278077
62278280
62308447
62277373
62278770
62278381
62308783
62277770
62278436
62277728
62276966
62276903
62309023
62278681
62278611
62277953
62278463
62278688
62278880
62309015
62278784
62278953
62278964
62279079
62309278
62277782
62278959
62278208
62278244
62278953
62279176
62309626
62278187
62279747
62279605
62277926
62278243
62279598
62309930
62278909
62279592
62277587
62279449
62278323
62279822
62310198
62279129
62279829
62279188
62279602
62280090
62278904
62278367
62278759
62280165
62279797
62279009
62280168
62278239
62278511
62310858
62279564
62280404
62280432
62310909
62279303
62280566
62279070
62279296
62280384
62280577
62310995
62279770
62280881
62279554
62280925
62280736
62280986
62311580
62311195
62280871
62278877
62279207
62279777
62281132
62311609
62280362
62281224
62280284
62279567
62281823
62281461
62280479
62281191
62281394
62280987
62281219
62281571
62311986
62280363
62281879
62311907
62281121
62281913
62281847
62280464
62281857
62312334
62280847
62281793
62282016
62312253
62280777
62280414
62280028
62281836
62282065
62304166
62334712
62334426
62303113
62304057
62302975
62304334
62303815
62302676
62304237
62334620
62303447
62303549
62303632
62304200
62304394
62304832
62304462
62304774
62334785
62304771
62335134
62335156
62304715
62304780
62303454
62303164
62303553
62305056
62335330
62305277
62302924
62335273
62304799
62305356
62305031
62335326
62304031
62305420
62305094
62335367
62304025
62305250
62303160
62305213
62305360
62305484
62303747
62305337
62305481
62303509
62305426
62304791
62305497
62305457
62304008
62336083
62304391
62305554
62304742
62305255
62304303
62304345
62303499
62303956
62304259
62305710
62336023
62304509
62305809
62336178
62305916
62305764
62304527
62304343
62304588
62304669
62305918
62304622
62306117
62304854
62336612
62305484
62306300
62305090
62304850
62306229
62336609
62336684
62306112
62306296
62306709
62305127
62306673
62305377
62337251
62305697
62306952
62306155
62304435
62307059
62305615
62306802
62304788
62306859
62306981
62305004
62306877
62306986
62307324
62337557
62305096
62307185
62306445
62305590
62305890
62307358
62305347
62307244
62307511
62306046
62307610
62305427
62307297
62305952
62306104
62337682
62307210
62307445
62307674
62337709
62306961
62307561
62337939
62307814
62307992
62338038
62308097
62307782
62308004
62338468
62306739
62307800
62306672
62307898
62307929
62308166
62338346
62306869
62308196
62338341
62306998
62308190
62308412
62306686
62306596
62306604
62306711
62307312
62308547
62306587
62308798
62308528
62308839
62307126
62307467
62308364
62308465
62307656
62308870
62306903
62307111
62307602
62308920
62306857
62308019
62308920
62309212
62309152
62307752
62307784
62309204
62308536
62307585
62307792
62309404
62339563
62309515
62309342
62308724
62309696
62308224
62309778
62340110
62309035
62309850
62307699
62309647
62309807
62309954
62340258
62309998
62309336
62308344
62308784
62310126
62308053
62309966
62308741
62310335
62340432
62309087
62310323
62310481
62340656
62309352
62310536
62310626
62308902
62310451
62310810
62340963
62309435
62310765
62308917
62309296
62309851
62308592
62309089
62309777
62310738
62308805
62311013
62311012
62309724
62309368
62309835
62311150
62309821
62309963
62311102
62311175
62310459
62310931
62311156
62311375
62341729
62310614
62311141
62309557
62310229
62309833
62310283
62310096
62311636
62341987
62310998
62311687
62311070
62311703
62311791
62310688
62311225
62311904
62312052
62342425
62310994
62312174
62311455
62310555
62310427
62312074
62310570
62310990
62312467
62312116
62311352
62312703
62310862
62312540
62311452
62312852
62343356
62311815
62313173
62343264
62312133
62313071
62313360
62312911
62313039
62311174
62312975
62313053
62313340
62343476
62313048
62312141
62313300
62343659
62313399
62313592
62311372
62311907
62312217
62313654
62311489
62312313
62313580
62313789
62312590
62312171
62313783
62312616
62313712
62314122
62344439
62313324
62313897
62314133
62344479
62314303
62314031
62314272
62313269
62313938
62314051
62344371
62312829
62314111
62313401
62312550
62314361
62313080
62313485
62312763
62313159
62314531
62344788
62314742
62314474
62313107
62312888
62314444
62314776
62345038
62313856
62314038
62345264
62313835
62314960
62314319
62313330
62313473
62315078
62312981
62315090
62314984
62313806
62315102
62313664
62313984
62315158
62315364
62345978
62314664
62315281
62315512
62345889
62315235
62315359
62345610
62315334
62315393
62313494
62315391
62315547
62315858
62346295
62314521
62315749
62315036
62314426
62315853
62315902
62313808
62315715
62315806
62316128
62346444
62314886
62316278
62315871
62316120
62316145
62314741
62346726
62346715
62315019
62316367
62315442
62314603
62316228
62316445
62346956
62315219
62316498
62315857
62316257
62315233
62316677
62346953
62316483
62316515
62314749
62314929
62316679
62316625
62316839
62314721
62316577
62316544
62347478
62315822
62317030
62316887
62347526
62315892
62317045
62316509
62315412
62315588
62317368
62317205
62316024
62317242
62316618
62315722
62316320
62317524
62316746
62315802
62316143
62317697
62315930
62317803
62316671
62317425
62317609
62317845
62348255
62318021
62317839
62317853
62316212
62316652
62316046
62317758
62316857
62318199
62317486
62316610
62317078
62318405
62316278
62316856
62316942
62348913
62317359
62318618
62317919
62316968
62317309
62318801
62349152
62316600
62317958
62349239
62349117
62318603
62318680
62349387
62317893
62319044
62319280
62349677
62319082
62319181
62318058
62349971
62318221
62317712
62317754
62318646
62319454
62319742
62319791
62350289
62318577
62319791
62350207
62319055
62319871
62318326
62318516
62320227
62318408
62318118
62318602
62319981
62319217
62318238
62318418
62319958
62321655
62318988
62319767
62319962
62350334
62320094
62319918
62320127
62318465
62320014
62320315
62350717
62350408
62319065
62350825
62319126
62320491
62318292
62320479
62320325
62320582
62318485
62350981
62320558
62320663
62319375
62319009
62320681
62320917
62351172
62320197
62320462
62319249
62320731
62319557
62321015
62319613
62320020
62321197
62321331
62351821
62320707
62321420
62320708
62319206
62320588
62319740
62352029
62320637
62321516
62320851
62319961
62321558
62321702
62352224
62320511
62321862
62320793
62320572
62321914
62352312
62320798
62321965
62321299
62321812
62322106
62322151
62321362
62322120
62322178
62352601
62321546
62322220
62322382
62352668
62321655
62322444
62352797
62321421
62322358
62322551
62321130
62353028
62322312
62321061
62321632
62322833
62322661
62322709
62322806
62321432
62322794
62323023
62323098
62353466
62321914
62323015
62323246
62321406
62323221
62323460
62324825
62322936
62324704
62324881
62325117
62355905
62324155
62325318
62324766
62324233
62325421
62323659
62356026
62324405
62325609
62325067
62325727
62325701
62324437
62356556
62324960
62356925
62326051
62324853
62326451
62356250
62325215
62326253
62326220
62356817
62324885
62326230
62325182
62326240
62326524
62356867
62325340
62326441
62325717
62324739
62326517
62326712
62326570
62326561
62325538
62326086
62326023
62326611
62326651
62326973
62357474
62325625
62327008
62357461
62325909
62326041
62327282
62326074
62327227
62327382
62357858
62326561
62327406
62325320
62327579
62327555
62357861
62326347
62327620
62357875
62327943
62327590
62327812
62358433
62326614
62358260
62327464
62326543
62326755
62327674
62327910
62326286
62326795
62326746
62326901
62327008
62328203
62328316
62358671
62327685
62328263
62326480
62328312
62328359
62359009
62328271
62327593
62328719
62327910
62327236
62327591
62327788
62328827
62327413
62327133
62328894
62327865
62328767
62327833
62359274
62328615
62328840
62329128
62359452
62328467
62328524
62327288
62328939
62327997
62329229
62359705
62329376
62359538
62327766
62328295
62329287
62327351
62329228
62359778
62359870
62329306
62328217
62329795
62360108
62329133
62360042
62360056
62329075
62329801
62329081
62328146
62328586
62330201
62360285
62328997
62328421
62327972
62328501
62328959
62330256
62360840
62329104
62330257
62328280
62329111
62330378
62330525
62328799
62330511
62330731
62329018
62328693
62330515
62329498
62330963
62361300
62330150
62330275
62329670
62330941
62330928
62329551
62329295
62329660
62331114
62361342
62331334
62331322
62331337
62330467
62330993
62331321
62331332
62329328
62330230
62331432
62331805
62362081
62330996
62331610
62329684
62330964
62331700
62331916
62329918
62331633
62330599
62332071
62330501
62331948
62332181
62362860
62331137
62332276
62332240
62331982
62330673
62332330
62362543
62331317
62332215
62332413
62332390
62332606
62332279
62332729
62332638
62330867
62332417
62331507
62332125
62333214
62332927
62363182
62363025
62332001
62331264
62331681
62332967
62331027
62331786
62333091
62333331
62363527
62332151
62333160
62332924
62333013
62333243
62333306
62332958
62333214
62333399
62363831
62332842
62333852
62333622
62333429
62333695
62333823
62364342
62332667
62334083
62332348
62333820
62333715
62333965
62364404
62333053
62333246
62364434
62332824
62334052
62333388
62332498
62332822
62334259
62332108
62334241
62332867
62364799
62333079
62334478
62364578
62334640
62333749
62333138
62334588
62334343
62332862
62365088
62334626
62334444
62334783
62365315
62333602
62334783
62334046
62333204
62332832
62332987
62365363
62334086
62335195
62333972
62333500
62333998
62335175
62334592
62333686
62335371
62335489
62366175
62334466
62335537
62333584
62334907
62336064
62335753
62366098
62336038
62365887
62333664
62333984
62334612
62335796
62335365
62335773
62335957
62334850
62334470
62334746
62366155
62366478
62336269
62336050
62336295
62366845
62335221
62336179
62335489
62334429
62334848
62335466
62366578
62336545
62336343
62336743
62336748
62366826
62335554
62336929
62335743
62335271
62336892
62367171
62367244
62335767
62336927
62337075
62334753
62335902
62337281
62335837
62367442
62336402
62337282
62336665
62337038
62336079
62337571
62336827
62335859
62336125
62337576
62336357
62336760
62337341
62337717
62368193
62336427
62337738
62368012
62336893
62368413
62336854
62335997
62368603
62368590
62337457
62338236
62338069
62368447
62337018
62338455
62368515
62337318
62338179
62368504
62337432
62368816
62337236
62338533
62368649
62338698
62338903
62338616
62338672
62336486
62337361
62339073
62338837
62336890
62337463
62338183
62369308
62338239
62339032
62339211
62369477
62338532
62338565
62338733
62337823
62339201
62336988
62339284
62339103
62339377
62369823
62338128
62339394
62369808
62338825
62339641
62369695
62337980
62338291
62339762
62337665
62338173
62338518
62339767
62337765
62340025
62339747
62370190
62370207
62339637
62339845
62340095
62370210
62339179
62340154
62339465
62340005
62370617
62339404
62338487
62339013
62340224
62370372
62339535
62340207
62370715
62339805
62340896
62340578
62339881
62339384
62339224
62340504
62339791
62338908
62339376
62340851
62339987
62339169
62340800
62341023
62338980
62340596
62339705
62339809
62340962
62340403
62340947
62341056
62339733
62341354
62339706
62341051
62341459
62339507
62340169
62341322
62341464
62372034
62340164
62341714
62371899
62341766
62341523
62341564
62341715
62340397
62341807
62372099
62340857
62341172
62340718
62372411
62340728
62342085
62340816
62340780
62340668
62342139
62341485
62340598
62340936
62342343
62340332
62341504
62342932
62342642
62341399
62341649
62342360
62342555
62373021
62341440
62342617
62341660
62341195
62341605
62342985
62340867
62342912
62342985
62341160
62341395
62341712
62343228
62341255
62343103
62342028
62343451
62341527
62343124
62343336
62341358
62341620
62342057
62343343
62342606
62341641
62342033
62373961
62373959
62342274
62373828
62373786
62343751
62343590
62343716
62373899
62343731
62343744
62344015
62374085
62343707
62343937
62374045
62342713
62344230
62344131
62374372
62343250
62344164
62343421
62374594
62344052
62344108
62344287
62344349
62344447
62342771
62343208
62344556
62342548
62343750
62344619
62342436
62342916
62343458
62344875
62375134
62344072
62345005
62344758
62343583
62345156
62343944
62375501
62344387
62345056
62345338
62375890
62344140
62345183
62345041
62343955
62345533
62375640
62344335
62345334
62344326
62343926
62344308
62344160
62344388
62345521
62345655
62375963
62345917
62346138
62345838
62376089
62344660
62345892
62345200
62344394
62345658
62345894
62344070
62345547
62345803
62346039
62376544
62344701
62346120
62344728
62344825
62346043
62346117
62346268
62376748
62345221
62346422
62344659
62344945
62376641
62344967
62376689
62345690
62346478
62345748
62344828
62345094
62346640
62377079
62345551
62376943
62377122
62345802
62347267
62345288
62377339
62346203
62346154
62346138
62345238
62345657
62345527
62377380
62345900
62347501
62347263
62377443
62377805
62346193
62347466
62346609
62345655
62346146
62347460
62345370
62347109
62346099
62347585
62346865
62345897
62378034
62347645
62346857
62347298
62346274
62347739
62378064
62347200
62347914
62346424
62378362
62346870
62347863
62348107
62346559
62378294
62346953
62347347
62348179
62346459
62346841
62378618
62378776
62348284
62348297
62348506
62378925
62347926
62348676
62346648
62348422
62348678
62347465
62347917
62348644
62348912
62346965
62348554
62347581
62349046
62379424
62348897
62349095
62349120
62379554
62349032
62347929
62349428
62347331
62349577
62379608
62349074
62348604
62349263
62349421
62379912
62348473
62349739
62349047
62349474
62349706
62349781
62349551
62349627
62349765
62380100
62349937
62349625
62349909
62348762
62348880
62349208
62348800
62349956
62349608
62349213
62349794
62348522
62380525
62348891
62350003
62349266
62348555
62348515
62348173
62348691
62349038
62380951
62349486
62350714
62350001
62349081
62349614
62350794
62349606
62349038
62349200
62381074
62381119
62350656
62350680
62350814
62381333
62349671
62350920
62348874
62350740
62351122
62351117
62381316
62350025
62351124
62351217
62381697
62350245
62351398
62349421
62351092
62381552
62350152
62381664
62351373
62350131
62351530
62349639
62351276
62350393
62351570
62350222
62351722
62350244
62350587
62351570
62351892
62382179
62351456
62350456
62351951
62352064
62350802
62352050
62352291
62382711
62351383
62351315
62352299
62382794
62351071
62351349
62351972
62350997
62352222
62351437
62350421
62350909
62352185
62351421
62350579
62352350
62352382
62382688
62351301
62352301
62352551
62383109
62351453
62352740
62350814
62351885
62353043
62352783
62383204
62351916
62352803
62353074
62351340
62351719
62353262
62383578
62352436
62353003
62353244
62383448
62351968
62353343
62353280
62353308
62384018
62352531
62352104
62352576
62353433
62353684
62383861
62352408
62353507
62353835
62351663
62353423
62353655
62353915
62353538
62352970
62354319
62354112
62384010
62352668
62353870
62354052
62384382
62353091
62353919
62352320
62352309
62352663
62354265
62384476
62353307
62353534
62352894
62352608
62352637
62352594
62352554
62353162
62354352
62352372
62354669
62354429
62354638
62385013
62353434
62384931
62352970
62353827
62355304
62354835
62385153
62353630
62354923
62385298
62354207
62354947
62353689
62354851
62353759
62355014
62353136
62385329
62385308
62355213
62354938
62355401
62385882
62354053
62355405
62385826
62353306
62385800
62385704
62355332
62354250
62355578
62385964
62354967
62355619
62355005
62354109
62354570
62356052
62386073
62354649
62355929
62355318
62354431
62355124
62353897
62354340
62354750
62356173
62355358
62354342
62354919
62356138
62356119
62356406
62355937
62354970
62356339
62356292
62386862
62355316
62356442
62354519
62356694
62356416
62355049
62356250
62355175
62354851
62355849
62387440
62355741
62357047
62356365
62356909
62355615
62357011
62356979
62357222
62356341
62355500
62355786
62355761
62355858
62355653
62355929
62357222
62356509
62355640
62356005
62357308
62356732
62356227
62355931
62357369
62356632
62388039
62356725
62358011
62357614
62387907
62356447
62357631
62356883
62356513
62357693
62356956
62355998
62356524
62357896
62355895
62356671
62358133
62356755
62356717
62357366
62357920
62358153
62388280
62357024
62358232
62356971
62356476
62356899
62358302
62360153
62357114
62357218
62358416
62357856
62356987
62357469
62358724
62357745
62356876
62357248
62358785
62388865
62357591
62358532
62358946
62359044
62361178
62360809
62361002
62391274
62359845
62361152
62359209
62361116
62361218
62359627
62391634
62359385
62359750
62360169
62361559
62391919
62361468
62360276
62361816
62361390
62361121
62361820
62361073
62360320
62360713
62392247
62392319
62361738
62361943
62362193
62392485
62361064
62362165
62360249
62362325
62362357
62362461
62362531
62361273
62362498
62361785
62360930
62361377
62362677
62360649
62362645
62363181
62362969
62362851
62363068
62363325
62393525
62362018
62363222
62362616
62362995
62363227
62363453
62393948
62363130
62393886
62393754
62363542
62362048
62361980
62362286
62363778
62361730
62363493
62362469
62363800
62365563
62363593
62363880
62394255
62362789
62364048
62362085
62362887
62364052
62364336
62394386
62364228
62363982
62364184
62363468
62364531
62364323
62394623
62363105
62364258
62363586
62362289
62364429
62364522
62394816
62363458
62365039
62364776
62395234
62363538
62364924
62366710
62364656
62364975
62395275
62363764
62364965
62364827
62365087
62395345
62365188
62365022
62365205
62363540
62365354
62365475
62396011
62364363
62364100
62364567
62365412
62365656
62396007
62364746
62365591
62365784
62365547
62364394
62365639
62364950
62365392
62364368
62365689
62365736
62364601
62365839
62363849
62365842
62365899
62364548
62364381
62364770
62366179
62366211
62366318
62364973
62366290
62366045
62364079
62364447
62365264
62366205
62366428
62396857
62365766
62366455
62366485
62364727
62366530
62366707
62364493
62366326
62366561
62366783
62396895
62365596
62366760
62365423
62366967
62365581
62366802
62366024
62366551
62366780
62367037
62397470
62365784
62366945
62365679
62365732
62366356
62397671
62366037
62367214
62366053
62397864
62366254
62367503
62365464
62366783
62366074
62366739
62366147
62398304
62366746
62367605
62367845
62398327
62366600
62367828
62367078
62366086
62366636
62367759
62367955
62398127
62367968
62398122
62367374
62367238
62368167
62398757
62398589
62367398
62398699
62367000
62368512
62398721
62367434
62368421
62368633
62398775
62368652
62367262
62398966
62368840
62368525
62368646
62399048
62367736
62368772
62366877
62367177
62367025
62399449
62369051
62367798
62367635
62368874
62367839
62368941
62368988
62369259
62399668
62367143
62399402
62367622
62368024
62369503
62399786
62369638
62369608
62367491
62369193
62368334
62369658
62368805
62369586
62368965
62399995
62369743
62370132
62368323
62368636
62368575
62369590
62368169
62400368
62368713
62370101
62368739
62369844
62368731
62400491
62369358
62369993
62370229
62400460
62370389
62400673
62400759
62370102
62370310
62370652
62400819
62369977
62370601
62369922
62368981
62370708
62370456
62400631
62370615
62370389
62370588
62401038
62401084
62370331
62369489
62370717
62401175
62369766
62370779
62369717
62369681
62369863
62371013
62370313
62369379
62369819
62371277
62369129
62370892
62369991
62371391
62369245
62371027
62371259
62371417
62401616
62371534
62401600
62401798
62370994
62371769
62371671
62402005
62370593
62371774
62370465
62370143
62371764
62371956
62401980
62371848
62371680
62371851
62402202
62370822
62371879
62371235
62370184
62371819
62372045
62402409
62370943
62371956
62370692
62369611
62371827
62372020
62372089
62402416
62370928
62371966
62371994
62372081
62372281
62402776
62370450
62372339
62402691
62371279
62372572
62372488
62402852
62371376
62372450
62372609
62403173
62402643
62402777
62372008
62372520
62371607
62370825
62371392
62372627
62371921
62372345
62371376
62372953
62403301
62403077
62371394
62403308
62372261
62372810
62372992
62403422
62371750
62373037
62370940
62372816
62371762
62373148
62372483
62372825
62373194
62372580
62372365
62373358
62373543
62403910
62403736
62372400
62373338
62371985
62371845
62373490
62403767
62373227
62373507
62373743
62404142
62371658
62373524
62373715
62373961
62404318
62372665
62404051
62373532
62372580
62373928
62404335
62374135
62373946
62374080
62404207
62374167
62404179
62372339
62373280
62373459
62372457
62372808
62374249
62372093
62374035
62374198
62374404
62376125
62374365
62374616
62404654
62374505
62374378
62374549
62404820
62373809
62374621
62376370
62374634
62374878
62405418
62373714
62374918
62373832
62405627
62374153
62375114
62375191
62373911
62374975
62375174
62405358
62374111
62375225
62374383
62373719
62373981
62375395
62375023
62373755
62374723
62374983
62375615
62375875
62405872
62375518
62374350
62375866
62374507
62374416
62375582
62374842
62374024
62374526
62375974
62406188
62375176
62376212
62406094
62373858
62406273
62374649
62376020
62374040
62406384
62374845
62376169
62376187
62374485
62406540
62375258
62376562
62406582
62376318
62376280
62376465
62406583
62375738
62376482
62375879
62374849
62375310
62374444
62406893
62375904
62376626
62376002
62376614
62376754
62376901
62407193
62375913
62376949
62374665
62375199
62376121
62377332
62376914
62377126
62374914
62376712
62377043
62407509
62407442
62375384
62375968
62376577
62377234
62407530
62375972
62377251
62375438
62377349
62377837
62377550
62375436
62377513
62377379
62377575
62408135
62376751
62377602
62377539
62408051
62376187
62377754
62375627
62377903
62376456
62376970
62408058
62377530
62377628
62377799
62408263
62378013
62377919
62378104
62408161
62377709
62377941
62378116
62408532
62377533
62378326
62378247
62408649
62376995
62378237
62408532
62378632
62378549
62376339
62378164
62377106
62378636
62408845
62409187
62378451
62377492
62378741
62377468
62377784
62378659
62379029
62409105
62409162
62378796
62378898
62379107
62409306
62379245
62379258
62379225
62377845
62409691
62378524
62379263
62378660
62377807
62378145
62379500
62409793
62410011
62378413
62379896
62379609
62409958
62378872
62379653
62377697
62378449
62409898
62409986
62409929
62379299
62379238
62378899
62410133
62378944
62379698
62379801
62378336
62410312
62378715
62379988
62377888
62379875
62379907
62377906
62378430
62378696
62380226
62378064
62379992
62380732
62380378
62380485
62381950
62380153
62380196
62380316
62378393
62380327
62380378
62380577
62410709
62380661
62380383
62380517
62380607
62379012
62380593
62379829
62378953
62379219
62380780
62410888
62380793
62380978
62378868
62380782
62380863
62381086
62411271
62380524
62381213
62380521
62379641
62379366
62411344
62381243
62381046
62381129
62411340
62379888
62381035
62381233
62411704
62379984
62381161
62381119
62380022
62381394
62380565
62380077
62411584
62380357
62381418
62381573
62411902
62381548
62381641
62412016
62380976
62381576
62380456
62380522
62380242
62380037
62380542
62381757
62380726
62380663
62381837
62382146
62380460
62380907
62382152
62381296
62380635
62380856
62380937
62382360
62380991
62382356
62380218
62381920
62382176
62382433
62412566
62381235
62382360
62382696
62380912
62382911
62381449
62382760
62381315
62413364
62381673
62382810
62382982
62381790
62381822
62383435
62383277
62413654
62382251
62383366
62382954
62382907
62382266
62383350
62382634
62413874
62383634
62383496
62383603
62414135
62383509
62383637
62381612
62381898
62382338
62383686
62383653
62384054
62414025
62384015
62383854
62383912
62414263
62383263
62383396
62382031
62383829
62382860
62384352
62383102
62383169
62384281
62384442
62414612
62383060
62384748
62384396
62414891
62383222
62384492
62382419
62383613
62384315
62384538
62384570
62414921
62383715
62384481
62383206
62383025
62383435
62384790
62383723
62383030
62383279
62384990
62384133
62383264
62383797
62385127
62383576
62383293
62383726
62385153
62415551
62384362
62385117
62385374
62415623
62385467
62385350
62385600
62383853
62384108
62385573
62415756
62416014
62385494
62384299
62385860
62383824
62384124
62384585
62385985
62416194
62386086
62384162
62416491
62384387
62385046
62386404
62416550
62385060
62386266
62386505
62416907
62386228
62386462
62386418
62416590
62386635
62386395
62386730
62417027
62386800
62386416
62416718
62384824
62385271
62386561
62385992
62417276
62385539
62386203
62386245
62386769
62386813
62387025
62417335
62386398
62387176
62386463
62417686
62386014
62416982
62417364
62385978
62387092
62386342
62385719
62385841
62387344
62417767
62386461
62386150
62387168
62387216
62385191
62386214
62387343
62387434
62417641
62387569
62387091
62387357
62387542
62417737
62387632
62385471
62385732
62418081
62386599
62387854
62386473
62418226
62387178
62387841
62386337
62387572
62386521
62387993
62386616
62386933
62387856
62388073
62418454
62386797
62387824
62387958
62418408
62387041
62388023
62387334
62388248
62388208
62386924
62386404
62387090
62388267
62387527
62386644
62387012
62388600
62388411
62388238
62388498
62418951
62388746
62388549
62388790
62418970
62387906
62388697
62387575
62387388
62389091
62388945
62386896
62419304
62387936
62388837
62389030
62419475
62387972
62419430
62419404
62389237
62389163
62387087
62387434
62387687
62389121
62387202
62388979
62387236
62419516
62388095
62389137
62389346
62419681
62388258
62389667
62387588
62389416
62388341
62389406
62388076
62388595
62389860
62420142
62388953
62390084
62388645
62420672
62420178
62389425
62420707
62389014
62390293
62388865
62388612
62389513
62390268
62390900
62390635
62390337
62390434
62390651
62420891
62389989
62390524
62390693
62420894
62421121
62420811
62390001
62390898
62392599
62390795
62390878
62421058
62390830
62390780
62390900
62421219
62391223
62391082
62391093
62390493
62391294
62391298
62421912
62390069
62391212
62390547
62389641
62390211
62391541
62390253
62391705
62391815
62446601
62415438
62416083
62415486
62414576
62415037
62416388
62415088
62416891
62416564
62446953
62415550
62416403
62416770
62447193
62415542
62416443
62416836
62415631
62416655
62416792
62447006
62415502
62417097
62416882
62447388
62415740
62414816
62447070
62416577
62415574
62417114
62414894
62416596
62415297
62415895
62417024
62415023
62416783
62417179
62417259
62418918
62419205
62449709
62418675
62419777
62419482
62449944
62419709
62450044
62450142
62418860
62419975
62420095
62450435
62419450
62419976
62418571
62450598
62419414
62418934
62450671
62420131
62420199
62418887
62450935
62419191
62420395
62418302
62420103
62419144
62420472
62450723
62418870
62419115
62420703
62451105
62419687
62420622
62420882
62451240
62419592
62420906
62422747
62421005
62420804
62419529
62419222
62419590
62421055
62451319
62421323
62421216
62421231
62421314
62421520
62421545
62421416
62421376
62421432
62421335
62421373
62421576
62419897
62420921
62421504
62421666
62452027
62421604
62421636
62421746
62419673
62420990
62421808
62420301
62452234
62420694
62421796
62421158
62420419
62420555
62422068
62452422
62420634
62452414
62452734
62421189
62422186
62422347
62452566
62422611
62422371
62422532
62453102
62422463
62422465
62452867
62421435
62422554
62422083
62421091
62421511
62422880
62422174
62422842
62422915
62422947
62453244
62421896
62422950
62422261
62421317
62421924
62422100
62422747
62423182
62422001
62421718
62423016
62421868
62423258
62421901
62421659
62421976
62423506
62421621
62422822
62423814
62423696
62454122
62422591
62423655
62423971
62454399
62423295
62424008
62423289
62424066
62422668
62424013
62424021
62454616
62423411
62424628
62424242
62454769
62423099
62424314
62422278
62424025
62424639
62422443
62422886
62423333
62424585
62422632
62422928
62424576
62424809
62455013
62424766
62423917
62424123
62455551
62423688
62424985
62422963
62424696
62423648
62425239
62425156
62425048
62425359
62425439
62423219
62455843
62424195
62425355
62425452
62455819
62424272
62456012
62423829
62424427
62425620
62424966
62424052
62424513
62425803
62424450
62424153
62425989
62425775
62456190
62424971
62426515
62426092
62456480
62424887
62426040
62425415
62426264
62426296
62425132
62424684
62425179
62426407
62425598
62424654
62425094
62426562
62426317
62425214
62426494
62424793
62426420
62425431
62426663
62425560
62426915
62426934
62426767
62425435
62426879
62424953
62425188
62425635
62426846
62425595
62457565
62425869
62427016
62425819
62425893
62426834
62426029
62427206
62425413
62425675
62426160
62427429
62426729
62425785
62457824
62427534
62457642
62427221
62426125
62427679
62425462
62427270
62426448
62427810
62425604
62427827
62427651
62427911
62425872
62427656
62426776
62428025
62427360
62427712
62426664
62428201
62429762
62427396
62428603
62428251
62458715
62427614
62428152
62428498
62458750
62427645
62428393
62427767
62458874
62427821
62428490
62428542
62458838
62427450
62427386
62428780
62426846
62427197
62428873
62428833
62426801
62428564
62427255
62428240
62428941
62428468
62427530
62427803
62429226
62429268
62429474
62427841
62429416
62459517
62429182
62429205
62429513
62427467
62429063
62428141
62429344
62428559
62427690
62428106
62429376
62427354
62460173
62429645
62460097
62428881
62459931
62428214
62460337
62428521
62429749
62429057
62428106
62428639
62429932
62429202
62428210
62428534
62429196
62428503
62428257
62429949
62429994
62427897
62429965
62430066
62430259
62460749
62429486
62428614
62429622
62428654
62429214
62430518
62428397
62430130
62429229
62429261
62429420
62430686
62460878
62430510
62429651
62430732
62428765
62429222
62429611
62430990
62461401
62430052
62461522
62461511
62461643
62430319
62431255
62431499
62461764
62430765
62431365
62430012
62461836
62430761
62431360
62431553
62429442
62429892
62430476
62431704
62431077
62430085
62430477
62431823
62429873
62462332
62430876
62432029
62431364
62431952
62432095
62432383
62462929
62431230
62432407
62462567
62432163
62432364
62432611
62462728
62431404
62432595
62432860
62463224
62431477
62432678
62432078
62431158
62432624
62432817
62432747
62432809
62432028
62431159
62431839
62431775
62432900
62431937
62431349
62432289
62433134
62431661
62463678
62432058
62433410
62431521
62433097
62433363
62433575
62431562
62433387
62433596
62463806
62433494
62433744
62431609
62433759
62432448
62433642
62432532
62464408
62432596
62433786
62433059
62432153
62432589
62431963
62432236
62432707
62433228
62432737
62464497
62432866
62432888
62464694
62433196
62434181
62433543
62434189
62434284
62434548
62464764
62433378
62434892
62432461
62432942
62433581
62434477
62434656
62434541
62432941
62433099
62434720
62435072
62433189
62435157
62435179
62434981
62433937
62435179
62434415
62433481
62435143
62435314
62434547
62433953
62435442
62434705
62433740
62434050
62435391
62434052
62466144
62434890
62433908
62435709
62466018
62435848
62435731
62435865
62466421
62434906
62436093
62435316
62433824
62434932
62436113
62436343
62466731
62435710
62436281
62436423
62466704
62466922
62435645
62435242
62436532
62435727
62434909
62435223
62436616
62435961
62435277
62436740
62437011
62467499
62437115
62436179
62435713
62436935
62437056
62467427
62436050
62437011
62436411
62435498
62437391
62467516
62437219
62437224
62437368
62467807
62436167
62437515
62436686
62437498
62437570
62437715
62436122
62468146
62436378
62437696
62435844
62436028
62436417
62437526
62437683
62436683
62438022
62435781
62436861
62437773
62437958
62468406
62438179
62437976
62468460
62436795
62436844
62438267
62437579
62436792
62437431
62437760
62437703
62438409
62438261
62438422
62436325
62438328
62438430
62438550
62468911
62438498
62438698
62437980
62437033
62438122
62438995
62437612
62439019
62437148
62438860
62437857
62437564
62438561
62439254
62437859
62437592
62438015
62439294
62437317
62439026
62437968
62439491
62438770
62438184
62439286
62439479
62469864
62438796
62439434
62439562
62438798
62437819
62437807
62469896
62439403
62439734
62439803
62470133
62439145
62439093
62439036
62439508
62439815
62438697
62439959
62439035
62440263
62438211
62440155
62440240
62440374
62470573
62439801
62470797
62470939
62439256
62440562
62439846
62470990
62439782
62440331
62440647
62438771
62440623
62440720
62440550
62440750
62438656
62439239
62439635
62440928
62439764
62471654
62440044
62441258
62443080
62441381
62441317
62439234
62441104
62441141
62441479
62471529
62441450
62441268
62441665
62440221
62441602
62440096
62441540
62471956
62440916
62441526
62441695
62471875
62441766
62441094
62439742
62440236
62440540
62441912
62441197
62440246
62440737
62442130
62440713
62440676
62441974
62442333
62440055
62441860
62442122
62442160
62472700
62441483
62440121
62440629
62441076
62442366
62441602
62472965
62441345
62442420
62442425
62441222
62441643
62441340
62442668
62442748
62441939
62441121
62441363
62442876
62440792
62441854
62442278
62444738
62443047
62443079
62443060
62442509
62443103
62443384
62473511
62442326
62443327
62443512
62441378
62441835
62473938
62473871
62443236
62442236
62443578
62474055
62442486
62443677
62441819
62443467
62442347
62443921
62474249
62443154
62443758
62443831
62474215
62444173
62443954
62444092
62474214
62444091
62444038
62442726
62474587
62443064
62444152
62444345
62474763
62443596
62444362
62443826
62444580
62444732
62444811
62444894
62442845
62443288
62443797
62444810
62444193
62444593
62444900
62445013
62475438
62443819
62445098
62443193
62444925
62445086
62443013
62445419
62445040
62445232
62475682
62444532
62445286
62445275
62445365
62445574
62475860
62444496
62445533
62445798
62475994
62444720
62445705
62444456
62444590
62445923
62445132
62444147
62444810
62446065
62444589
62476457
62444839
62446170
62446140
62446419
62445596
62446145
62446241
62476563
62446358
62446180
62446512
62476812
62446541
62446423
62445583
62445203
62446507
62446499
62446502
62476636
62446589
62446421
62446753
62444944
62445319
62477103
62446525
62446685
62446870
62477269
62446222
62447035
62447149
62477515
62447011
62446992
62445097
62477680
62445994
62447263
62445873
62477787
62446040
62447316
62446480
62445924
62446042
62446805
62445989
62477965
62446392
62447699
62445588
62447605
62447645
62447875
62478140
62446739
62447892
62447179
62446361
62446795
62478249
62446198
62447297
62447873
62447174
62478438
62446841
62447957
62448150
62478445
62448272
62448325
62448531
62446601
62478859
62447522
62448450
62447775
62447008
62447353
62448602
62447445
62447597
62448621
62448820
62479085
62447927
62448813
62447676
62447422
62448913
62449197
62448268
62449264
62448011
62448966
62449135
62479486
62447166
62479507
62449423
62449655
62449201
62449452
62479964
62448367
62449373
62447420
62447877
62449563
62449659
62480201
62449719
62449707
62449783
62448331
62480310
62448553
62449720
62449257
62448343
62448681
62450050
62451833
62450453
62448775
62450021
62450053
62448456
62448934
62450464
62480654
62450544
62480817
62448336
62450473
62449609
62448645
62449112
62450403
62448425
62450165
62481103
62448579
62480688
62450566
62450535
62450792
62480895
62450607
62450679
62449452
62449336
62449574
62450851
62481411
62451236
62449723
62481576
62450472
62481790
62450040
62451155
62450547
62481672
62451134
62450045
62451411
62450602
62449682
62450094
62451501
62449452
62451219
62451758
62451667
62451846
62481953
62450515
62450502
62451997
62452026
62482422
62450678
62459725
62453107
62453426
62452181
62484186
62454071
62452627
62454122
62453998
62454183
62453107
62453183
62453451
62452664
62453589
62454477
62454440
62484639
62454277
62453079
62454568
62484737
62453233
62454449
62454610
62485132
62485061
62454669
62454858
62452826
62453235
62453805
62454435
62453530
62485608
62453984
62455147
62454434
62485667
62454822
62453808
62455201
62453176
62455097
62455260
62455445
62485716
62453455
62485771
62454688
62455417
62455589
62453615
62455365
62455893
62453677
62486157
62454820
62456008
62454456
62454091
62456451
62456105
62454008
62455936
62456048
62456305
62456129
62455617
62456326
62454853
62455621
62454769
62455096
62456530
62454433
62454431
62456537
62456607
62454568
62454915
62455397
62456690
62487137
62456060
62456927
62455077
62487154
62456560
62455759
62456963
62456312
62455382
62455777
62457191
62487624
62457463
62456474
62457395
62487711
62456289
62457387
62455338
62457187
62456235
62456675
62487959
62457719
62458085
62457750
62488203
62456185
62455741
62456239
62456693
62457551
62456218
62455870
62488487
62456932
62458136
62456681
62488625
62457046
62458576
62458279
62457190
62488692
62458014
62457111
62457335
62458290
62458475
62488631
62458511
62458445
62488610
62488660
62458109
62457150
62458748
62458407
62458453
62457710
62458825
62457739
62489507
62457940
62458891
62458243
62458230
62457531
62458975
62456998
62458833
62457792
62459140
62458400
62457507
62457940
62489732
62457165
62457530
62458168
62459369
62458694
62490033
62458628
62459439
62489728
62458832
62457492
62458086
62490056
62458516
62459758
62458929
62458009
62458569
62459773
62458516
62490348
62490336
62457851
62490444
62458896
62459944
62460180
62490511
62490333
62459893
62458739
62460190
62460164
62458972
62460146
62460315
62490488
62460542
62460247
62460381
62490732
62459521
62490807
62490615
62460205
62459302
62460551
62458622
62460347
62459231
62459523
62460676
62458675
62460608
62460943
62458781
62461027
62460975
62461232
62458974
62460707
62459875
62459249
62491345
62461273
62460989
62461327
62491461
62461414
62460096
62461496
62460776
62461376
62461313
62461402
62459387
62461236
62460284
62461554
62459693
62460040
62461661
62461086
62460136
62460734
62461908
62462049
62462016
62461108
62492508
62460758
62461911
62461287
62460580
62461002
62462090
62460902
62460440
62460822
62462260
62460190
62462090
62492736
62462299
62492552
62461448
62462325
62462416
62492840
62462766
62462947
62462612
62462497
62461340
62461828
62462720
62493074
62461759
62462088
62461990
62461107
62461640
62463064
62462991
62461679
62462449
62493566
62463032
62461864
62463038
62462642
62461943
62463336
62462568
62461785
62463398
62463532
62493811
62462475
62494129
62494133
62463893
62463725
62463883
62494405
62462730
62463877
62463836
62462637
62462333
62464069
62464077
62494366
62464242
62462757
62464259
62463430
62462660
62463025
62462628
62462133
62462633
62462971
62464313
62462711
62464401
62463736
62462765
62463307
62464597
62463827
62462937
62463514
62464828
62464189
62464636
62463670
62464847
62464247
62463118
62463695
62464989
62464255
62462938
62465096
62463749
62495581
62464278
62465587
62465436
62463455
62465476
62465483
62495833
62465490
62465387
62465558
62496039
62464350
62465557
62464718
62463873
62464262
62465792
62495919
62465863
62465802
62465957
62465887
62463917
62465632
62464768
62466155
62465466
62496668
62465311
62465379
62496599
62466421
62466232
62466281
62496460
62466392
62466173
62466334
62468144
62465242
62466539
62466588
62464742
62465196
62466452
62464457
62466399
62466511
62466696
62466929
62465420
62466813
62464825
62466551
62465524
62466883
62466135
62465242
62465724
62466208
62466940
62467068
62497422
62466027
62467522
62467162
62465065
62467065
62467177
62497808
62465896
62497910
62466378
62467504
62465663
62465813
62466373
62467618
62466341
62466041
62467669
62467589
62497985
62467686
62467597
62467826
62465814
62466025
62467683
62467096
62466519
62466215
62466590
62468099
62466026
62466593
62466756
62468149
62498428
62468257
62468173
62498389
62467126
62468672
62468369
62498688
62468576
62468360
62468569
62498725
62468362
62468644
62468546
62498905
62467533
62468570
62467970
62467050
62467555
62468735
62468005
62467613
62468722
62468980
62499253
62468677
62467701
62468977
62467803
62499577
62467997
62469195
62468775
62467973
62468986
62469251
62499632
62468426
62499746
62468554
62469205
62468495
62468486
62469550
62469258
62467946
62467741
62468065
62469564
62467610
62467938
62499874
62469539
62468764
62467983
62468516
62469632
62467703
62500269
62500133
62468550
62468462
62469996
62467888
62500360
62468758
62469883
62469160
62469697
62468766
62470111
62468662
62500560
62469522
62470545
62470387
62469494
62470442
62468875
62470340
62468243
62469982
62468907
62470488
62468394
62470549
62469581
62470524
62500870
62470912
62470556
62470799
62501078
62469987
62469555
62470148
62501265
62470253
62501359
62470275
62470828
62471109
62501592
62469977
62471274
62501645
62470158
62471206
62501675
62471016
62470187
62471603
62469599
62501851
62470906
62471732
62470201
62471372
62470423
62470236
62471608
62470991
62471456
62470477
62471774
62470414
62470253
62470543
62472066
62469990
62471920
62470792
62472228
62471649
62470582
62470950
62472439
62502605
62472413
62472296
62472481
62470572
62472464
62471346
62472609
62471896
62471000
62471416
62472750
62473015
62503272
62472261
62473284
62472877
62503314
62472332
62471348
62473261
62503519
62473236
62473150
62473219
62503460
62472418
62471858
62473098
62473457
62503787
62472249
62473704
62473468
62471779
62472256
62473481
62473578
62472855
62504194
62472693
62473525
62472274
62504106
62472620
62473588
62472963
62503992
62473776
62474104
62473940
62504311
62472780
62473968
62474126
62504629
62472966
62474143
62504481
62504712
62473976
62473021
62474109
62474449
62504493
62474034
62473270
62472657
62473686
62504833
62474169
62473166
62474501
62473268
62505253
62473967
62475209
62505102
62472625
62473017
62505151
62474849
62474681
62474842
62505203
62474987
62473467
62474726
62472979
62473380
62473790
62475176
62473127
62474907
62473702
62475225
62473848
62505948
62474162
62475292
62475542
62473792
62474167
62475461
62473538
62473947
62474443
62475671
62473619
62475403
62475942
62475830
62474395
62506176
62475225
62475989
62475225
62474486
62474926
62475078
62476367
62476465
62475061
62506563
62474504
62474955
62476207
62474803
62506590
62475319
62476100
62476285
62475974
62506745
62476387
62476694
62476377
62506804
62506849
62476616
62476738
62474926
62507010
62476516
62475892
62476673
62474757
62476555
62476551
62476801
62507169
62476180
62476918
62476885
62475179
62477052
62477063
62507335
62476237
62476954
62475563
62475430
62476000
62477130
62476451
62477195
62476039
62477459
62476055
62507945
62476703
62477399
62477547
62507791
62477652
62477398
62507873
62508038
62477365
62476352
62477834
62508017
62476513
62477701
62477886
62475888
62508403
62476827
62477888
62478050
62508386
62477268
62476415
62476240
62508767
62478364
62478223
62477499
62478301
62478650
62476382
62477099
62477423
62477745
62509085
62477611
62478520
62478705
62509145
62478830
62478603
62478699
62509305
62478828
62478826
62509252
62477827
62478860
62478811
62479078
62509336
62479061
62479383
62477766
62509836
62478695
62479290
62479547
62478776
62477872
62478182
62478756
62509926
62478427
62479727
62479680
62510047
62479056
62479845
62478279
62478047
62478936
62477669
62479911
62479794
62479928
62510261
62478901
62480040
62479410
62478499
62478974
62479085
62478500
62479084
62480288
62480502
62480564
62510979
62479579
62480454
62479690
62478637
62480691
62479026
62511146
62479474
62480743
62479339
62479158
62480744
62480892
62511132
62480840
62480773
62481003
62511505
62479864
62481171
62480379
62479558
62479865
62481295
62479586
62479488
62479997
62481208
62479875
62511763
62480810
62481929
62481511
62511820
62481291
62481460
62481646
62479597
62481429
62481555
62481713
62511987
62480536
62481881
62480845
62481469
62480596
62481749
62481193
62480252
62480641
62481931
62479861
62481594
62512225
62481960
62480562
62482147
62482104
62479911
62480368
62480962
62480967
62481928
62481000
62482444
62480457
62482326
62481251
62482778
62512872
62482546
62481513
62480421
62480576
62512960
62482505
62482617
62482874
62480763
62481097
62481551
62482735
62513381
62481750
62482925
62483185
62513387
62483364
62483080
62483436
62513409
62482490
62483084
62483341
62513386
62483414
62483130
62483366
62513866
62482224
62483387
62485273
62482537
62483528
62483519
62482070
62514056
62482992
62484010
62483779
62481770
62483482
62483898
62483858
62483059
62514377
62514409
62483763
62483861
62484162
62514310
62484294
62483995
62482926
62514543
62483543
62484137
62484309
62514559
62483194
62484290
62484670
62515024
62483298
62482486
62514763
62484675
62484558
62484822
62515170
62484876
62484914
62483668
62483220
62483612
62485217
62515606
62484061
62485238
62484576
62483670
62485173
62485396
62515751
62484615
62485215
62485285
62485433
62515784
62485467
62485434
62485466
62484781
62483789
62484232
62485711
62484940
62483999
62484316
62485781
62483759
62484909
62484400
62485834
62485848
62485791
62483752
62485454
62485587
62485823
62516317
62493606
62487028
62487635
62517885
62487119
62487976
62485972
62486333
62486800
62488251
62518597
62487016
62488292
62486901
62486792
62518987
62487088
62487035
62519265
62489058
62519213
62487906
62488919
62489091
62519722
62487951
62489118
62487189
62487846
62488025
62489328
62489607
62520030
62488410
62489614
62489007
62489386
62489642
62489789
62489743
62489554
62489739
62520373
62488739
62489919
62489182
62488340
62488684
62520524
62488303
62489276
62489886
62490130
62490141
62489415
62520631
62488932
62490150
62488541
62490481
62490527
62488481
62490504
62491041
62490754
62489706
62490682
62490867
62521071
62489857
62490872
62491033
62521250
62489026
62521370
62488980
62489763
62521606
62491516
62491327
62491423
62521913
62490476
62491393
62491616
62521953
62491710
62489101
62491344
62521642
62490450
62491638
62489596
62522079
62490524
62491677
62490338
62490143
62490460
62491969
62490726
62490758
62490698
62491926
62490198
62492182
62492286
62522660
62491325
62492272
62491050
62522796
62491254
62492458
62494094
62492290
62492264
62491428
62522420
62522626
62490980
62492172
62492398
62523056
62491255
62491693
62490763
62491197
62492528
62492649
62492442
62492485
62491309
62491776
62492110
62491432
62492825
62523431
62491999
62493030
62491691
62523653
62491968
62492605
62492073
62523802
62492738
62491455
62523715
62492086
62493292
62493514
62523873
62493428
62493484
62493594
62491861
62493740
62493666
62524125
62492855
62493040
62493763
62524374
62492583
62493824
62493895
62493313
62493911
62494045
62524230
62494024
62524762
62493555
62494326
62492825
62524979
62493560
62492154
62524489
62492673
62524511
62493169
62494320
62494505
62525003
62493577
62494505
62494733
62493660
62494868
62492945
62494665
62493593
62495109
62493009
62493329
62493964
62495131
62493092
62494954
62495104
62493219
62495034
62493815
62495294
62493234
62495032
62494094
62495435
62493482
62495193
62494112
62495610
62494333
62493913
62494408
62495718
62494529
62494169
62494556
62494164
62526201
62495020
62495713
62495864
62526236
62495213
62495875
62495165
62494333
62494794
62496019
62493991
62495846
62496103
62495246
62494709
62494288
62526525
62496301
62494853
62496267
62494266
62496171
62494961
62496426
62494374
62496254
62495038
62496461
62494457
62526985
62495166
62495489
62495289
62495307
62496655
62496017
62495250
62495489
62496882
62527143
62497082
62496834
62496924
62496502
62497603
62497268
62527662
62496647
62497575
62497284
62496088
62497267
62496344
62497513
62496007
62528061
62496376
62497553
62496840
62496190
62496528
62496117
62497890
62496754
62497668
62497802
62528182
62496943
62497964
62498149
62496175
62497938
62496935
62498191
62498086
62498279
62498100
62496945
62498334
62497108
62528933
62497288
62498451
62496721
62529065
62497938
62498621
62498690
62528990
62497599
62498738
62497916
62497112
62497573
62498965
62498198
62497404
62497732
62499269
62529630
62498532
62499347
62529846
62498290
62499325
62499496
62529946
62499785
62498337
62499617
62529939
62499682
62499635
62499739
62530052
62499987
62499682
62499822
62500015
62530241
62499801
62498616
62499988
62499224
62498536
62499036
62500189
62499535
62498498
62499017
62500115
62499311
62499816
62498994
62500155
62500136
62500458
62530671
62499082
62500473
62500483
62530844
62499597
62500394
62500710
62531160
62500951
62531409
62499806
62500683
62500964
62531318
62499838
62500851
62501016
62531501
62500810
62499779
62501295
62500465
62531842
62500658
62501174
62501322
62531660
62499083
62501186
62501481
62531848
62500550
62501357
62501550
62531901
62500681
62501705
62500142
62500906
62501524
62501774
62531908
62500720
62502062
62501844
62532446
62501397
62501854
62502194
62502215
62500925
62502194
62501454
62500663
62532678
62502041
62501302
62502365
62502405
62500586
62502250
62502435
62502846
62533242
62501717
62502462
62502743
62533128
62501405
62502606
62500704
62533213
62501533
62501163
62501093
62501728
62502932
62501730
62501159
62501674
62503067
62533271
62533310
62533704
62533722
62503415
62503175
62503411
62533570
62502159
62503703
62503416
62501751
62501910
62502818
62533999
62502407
62503635
62501743
62501920
62502456
62503804
62505464
62503902
62503883
62534079
62504005
62501913
62504029
62504150
62534466
62503037
62504290
62504285
62504166
62504366
62504326
62504273
62502937
62504285
62504440
62534783
62503236
62504440
62503751
62502858
62503247
62503892
62534916
62504929
62504582
62503007
62503243
62503725
62504977
62504189
62503296
62503880
62504982
62503656
62503315
62503827
62505103
62504311
62503716
62505138
62505278
62504511
62535751
62504534
62505619
62503351
62505186
62504176
62505634
62503692
62504200
62504633
62505742
62505098
62503578
62504737
62505881
62505981
62536252
62505750
62504647
62505384
62504749
62536485
62506089
62506049
62503958
62505296
62536384
62505256
62505939
62506213
62536681
62504961
62505021
62506190
62505166
62506313
62505737
62504724
62505298
62506437
62505786
62537143
62505860
62504522
62505914
62504562
62505084
62506643
62506879
62537209
62506138
62506258
62505581
62505302
62505809
62507076
62505839
62505599
62537481
62505770
62506132
62507350
62505589
62537904
62537543
62537578
62506587
62537971
62506227
62507455
62506715
62505999
62506409
62507599
62506935
62507154
62507731
62507855
62538099
62508154
62507812
62507976
62505930
62506257
62538206
62508233
62508020
62508243
62506411
62506850
62508185
62506616
62538685
62506962
62508214
62506309
62507987
62507206
62508294
62508633
62538858
62506939
62507448
62508454
62507816
62506961
62507110
62508869
62506721
62508505
62507645
62507085
62507080
62507671
62508912
62509040
62539416
62508099
62509099
62509335
62507432
62507579
62508019
62509367
62507284
62509140
62509375
62509608
62539959
62508936
62539825
62509349
62509417
62509530
62539900
62509035
62509616
62509801
62540275
62508738
62540070
62507828
62540041
62540116
62508157
62508553
62509853
62507951
62508333
62508879
62540403
62540524
62510373
62508898
62510246
62509010
62540698
62540593
62510678
62510454
62510603
62541008
62510349
62509482
62510554
62510726
62540971
62510974
62510683
62510854
62541331
62510989
62510930
62510969
62509062
62509332
62511183
62510841
62541821
62511330
62509838
62510540
62511287
62541571
62511524
62511284
62511367
62541718
62510439
62511375
62511471
62511336
62511441
62511653
62510255
62542154
62510741
62511730
62511840
62542232
62511744
62511776
62511807
62511959
62512015
62512133
62542519
62510915
62512116
62511403
62510612
62511043
62512285
62512368
62542585
62512538
62511282
62512306
62512526
62510381
62512226
62511311
62512602
62510614
62511836
62512544
62511533
62542899
62512529
62511512
62512645
62512216
62543477
62511918
62513109
62511115
62513066
62511823
62513380
62512024
62511542
62511862
62513382
62511401
62513062
62512089
62513482
62512646
62511753
62512166
62512698
62511626
62512093
62512332
62513883
62513901
62544055
62513175
62544304
62513194
62513739
62544362
62511903
62513942
62513157
62544636
62513101
62514011
62514306
62544454
62513252
62514099
62514458
62513499
62512654
62513070
62514450
62513665
62545202
62513339
62513708
62544719
62514394
62513463
62514736
62513972
62545319
62513622
62514864
62512877
62514589
62513636
62514951
62513725
62515038
62514235
62514874
62515036
62545355
62513889
62515617
62515263
62545539
62514454
62515551
62515264
62515331
62545637
62515489
62515297
62515455
62545833
62514418
62515480
62545607
62513921
62514270
62515474
62515410
62545843
62514350
62513806
62514881
62515735
62514129
62546028
62515933
62515752
62515865
62513891
62514252
62514665
62515962
62515307
62516162
62514981
62516172
62515420
62546691
62516369
62516099
62516407
62514272
62516063
62516285
62516494
62546882
62515856
62516747
62516512
62546893
62515912
62517002
62516664
62515229
62547170
62515179
62546987
62516965
62516853
62516974
62547354
62516438
62517104
62517282
62515373
62517108
62517463
62515947
62516054
62517004
62517117
62517254
62547485
62517443
62517187
62517560
62547663
62517309
62516192
62516392
62517908
62517624
62548055
62516472
62517727
62516271
62548234
62516535
62517814
62515652
62517461
62516416
62517860
62517096
62516081
62517933
62517965
62548150
62517289
62517904
62518120
62548560
62518379
62518228
62518362
62548742
62517738
62518355
62518490
62518113
62517378
62518517
62517380
62516843
62517355
62518724
62516678
62518448
62517547
62518796
62516713
62549300
62517871
62518832
62516801
62517455
62517646
62518895
62518278
62517286
62517702
62519036
62518228
62516883
62518531
62517149
62517646
62517970
62519001
62549876
62517792
62518260
62519478
62517436
62550155
62518634
62519657
62518965
62518089
62519645
62550193
62519790
62518773
62518682
62519965
62519406
62518434
62518888
62520311
62518164
62519286
62520139
62520232
62550730
62519034
62520187
62518309
62550690
62519626
62520291
62520680
62519329
62520418
62520695
62550893
62520731
62520403
62548237
62578385
62547466
62547150
62546161
62546389
62547075
62548177
62548353
62578518
62578592
62578493
62578581
62548701
62547010
62547629
62547283
62547215
62548529
62547470
62579005
62578827
62548335
62548513
62548848
62547445
62548619
62548818
62546923
62548772
62547662
62549055
62547009
62547315
62548919
62548951
62579201
62548966
62549423
62549150
62579450
62547998
62549121
62549265
62549179
62549187
62549423
62547240
62549219
62548253
62549636
62548851
62580162
62548227
62548851
62580210
62548580
62549737
62549099
62548220
62548476
62550050
62548016
Peak: 62580897
Average: 61749878.1826895
