# Episodes, Rewards
0.0,-5.16
1.0,-5.01
2.0,-5.19
3.0,-5.13
4.0,-5.07
5.0,-1.0000000000000007
6.0,-5.04
7.0,-5.02
8.0,-5.07
9.0,-5.05
10.0,-5.14
11.0,-5.29
12.0,-5.05
13.0,-5.05
14.0,-5.05
15.0,-5.05
16.0,-5.17
17.0,-5.05
18.0,-5.83
19.0,-5.03
20.0,-5.04
21.0,-5.06
22.0,-5.03
23.0,-5.09
24.0,-5.06
25.0,-5.06
26.0,-5.11
27.0,-5.02
28.0,-5.05
29.0,-5.04
30.0,-5.04
31.0,-5.07
32.0,-5.03
33.0,-5.06
34.0,-5.04
35.0,-5.02
36.0,-5.5600000000000005
37.0,-5.03
38.0,-5.3100000000000005
39.0,-5.15
40.0,-1.0000000000000007
41.0,-5.630000000000001
42.0,-5.07
43.0,-5.05
44.0,-5.06
45.0,-5.08
46.0,-5.03
47.0,-5.11
48.0,-5.24
49.0,-5.19
50.0,-5.26
51.0,-5.83
52.0,-5.28
53.0,-5.06
54.0,-5.09
55.0,-5.4
56.0,-5.870000000000001
57.0,-5.02
58.0,-5.16
59.0,-5.02
60.0,-5.24
61.0,-5.06
62.0,-5.03
63.0,-5.02
64.0,-5.03
65.0,-5.15
66.0,-5.05
67.0,-5.49
68.0,-5.23
69.0,-5.08
70.0,-5.3500000000000005
71.0,-5.16
72.0,-5.12
73.0,-5.630000000000001
74.0,-5.01
75.0,-5.34
76.0,-5.26
77.0,-5.01
78.0,-5.05
79.0,-5.66
80.0,-5.37
81.0,-5.08
82.0,-5.32
83.0,-5.02
84.0,-5.32
85.0,-5.14
86.0,-5.03
87.0,-5.03
88.0,-5.1
89.0,-5.57
90.0,-5.4
91.0,-5.61
92.0,-5.01
93.0,-5.41
94.0,-5.02
95.0,-5.04
96.0,-5.13
97.0,-5.5
98.0,-5.14
99.0,-5.13
100.0,-5.11
101.0,-5.62
102.0,-5.06
103.0,-5.13
104.0,-5.13
105.0,-5.01
106.0,-5.01
107.0,-5.21
108.0,-5.01
109.0,-5.02
110.0,-5.16
111.0,-5.21
112.0,-5.01
113.0,-5.45
114.0,-5.25
115.0,-5.02
116.0,-5.02
117.0,-5.11
118.0,-5.46
119.0,-5.16
120.0,-5.2
121.0,-5.05
122.0,-5.04
123.0,-5.07
124.0,-5.03
125.0,-5.05
126.0,-5.03
127.0,-5.24
128.0,-5.06
129.0,-5.06
130.0,-5.02
131.0,-5.08
132.0,-5.13
133.0,-5.06
134.0,-5.13
135.0,-5.08
136.0,-5.04
137.0,-5.11
138.0,-5.3100000000000005
139.0,-5.03
140.0,-5.14
141.0,-5.23
142.0,-5.3
143.0,-5.06
144.0,-5.05
145.0,-5.12
146.0,-5.2
147.0,-5.02
148.0,-5.12
149.0,-5.28
150.0,-5.25
151.0,-5.04
152.0,-5.08
153.0,-5.16
154.0,-5.05
155.0,-5.34
156.0,-5.05
157.0,-5.5600000000000005
158.0,-5.5600000000000005
159.0,-5.04
160.0,-5.02
161.0,-5.890000000000001
162.0,-5.42
163.0,-5.18
164.0,-5.17
165.0,-5.24
166.0,-5.01
167.0,-5.03
168.0,-5.06
169.0,-5.05
170.0,-5.07
171.0,-5.41
172.0,-5.04
173.0,-5.02
174.0,-5.01
175.0,-5.06
176.0,-5.08
177.0,-5.08
178.0,-5.02
179.0,-5.12
180.0,-5.32
181.0,-5.12
182.0,-5.02
183.0,-5.26
184.0,-5.08
185.0,-5.11
186.0,-5.02
187.0,-5.01
188.0,-5.78
189.0,-5.01
190.0,-5.15
191.0,-5.05
192.0,-5.12
193.0,-5.02
194.0,-5.02
195.0,-5.07
196.0,-5.37
197.0,-5.09
198.0,-5.08
199.0,-5.14
200.0,-5.08
201.0,-5.880000000000001
202.0,-5.05
203.0,-5.02
204.0,-5.09
205.0,-5.02
206.0,-5.1
207.0,-5.36
208.0,-5.51
209.0,-5.01
210.0,-5.03
211.0,-5.3100000000000005
212.0,-5.3
213.0,-5.17
214.0,-5.04
215.0,-5.07
216.0,-5.1
217.0,-5.08
218.0,-5.28
219.0,-5.51
220.0,-5.11
221.0,-5.01
222.0,-5.04
223.0,-5.04
224.0,-5.03
225.0,-5.08
226.0,-5.08
227.0,-5.04
228.0,-5.02
229.0,-5.05
230.0,-5.13
231.0,-5.15
232.0,-5.06
233.0,-5.5
234.0,-5.06
235.0,-5.44
236.0,-5.11
237.0,-5.3100000000000005
238.0,-5.02
239.0,-5.99
240.0,-5.07
241.0,-5.05
242.0,-5.17
243.0,-5.05
244.0,-5.02
245.0,-5.04
246.0,-5.08
247.0,-5.09
248.0,-5.960000000000001
249.0,-5.07
250.0,-5.01
251.0,-5.02
252.0,-5.18
253.0,-5.15
254.0,-5.14
255.0,-5.06
256.0,-5.04
257.0,-5.08
258.0,-5.02
259.0,-5.02
260.0,-5.28
261.0,-5.09
262.0,-5.23
263.0,-1.0000000000000007
264.0,-5.01
265.0,-5.2
266.0,-5.430000000000001
267.0,-5.02
268.0,-5.32
269.0,-5.02
270.0,-5.4
271.0,-5.14
272.0,-5.08
273.0,-5.46
274.0,-5.01
275.0,-5.04
276.0,-5.36
277.0,-5.04
278.0,-5.1
279.0,-5.78
280.0,-5.05
281.0,-5.01
282.0,-5.06
283.0,-5.5
284.0,-5.03
285.0,-5.950000000000001
286.0,-5.45
287.0,-5.07
288.0,-5.18
289.0,-5.36
290.0,-5.03
291.0,-5.07
292.0,-5.07
293.0,-5.03
294.0,-5.2
295.0,-5.07
296.0,-5.18
297.0,-5.08
298.0,-5.07
299.0,-5.02
300.0,-5.05
301.0,-5.07
302.0,-5.14
303.0,-5.11
304.0,-5.13
305.0,-5.2700000000000005
306.0,-5.34
307.0,-5.03
308.0,-5.02
309.0,-5.06
310.0,-5.1
311.0,-5.06
312.0,-5.32
313.0,-5.07
314.0,-5.21
315.0,-5.25
316.0,-5.07
317.0,-5.02
318.0,-5.05
319.0,-5.06
320.0,-5.22
321.0,-5.28
322.0,-5.07
323.0,-5.07
324.0,-5.11
325.0,-5.15
326.0,-5.29
327.0,-5.05
328.0,-5.840000000000001
329.0,-5.05
330.0,-5.2
331.0,-5.19
332.0,-5.15
333.0,-5.6000000000000005
334.0,-5.04
335.0,-5.03
336.0,-5.680000000000001
337.0,-5.18
338.0,-5.1
339.0,-1.0000000000000007
340.0,-5.21
341.0,-5.06
342.0,-5.03
343.0,-5.07
344.0,-5.13
345.0,-5.01
346.0,-5.550000000000001
347.0,-5.01
348.0,-5.07
349.0,-5.38
350.0,-5.03
351.0,-5.12
352.0,-1.0000000000000007
353.0,-5.08
354.0,-5.02
355.0,-5.03
356.0,-5.1
357.0,-5.49
358.0,-5.03
359.0,-5.07
360.0,-5.02
361.0,-5.01
362.0,-5.22
363.0,-5.02
364.0,-5.18
365.0,-5.26
366.0,-5.05
367.0,-5.03
368.0,-5.04
369.0,-5.15
370.0,-5.06
371.0,-5.05
372.0,-5.13
373.0,-5.34
374.0,-5.2700000000000005
375.0,-5.07
376.0,-5.05
377.0,-5.21
378.0,-5.15
379.0,-5.01
380.0,-5.09
381.0,-5.02
382.0,-5.66
383.0,-5.15
384.0,-5.46
385.0,-5.01
386.0,-1.0000000000000007
387.0,-5.02
388.0,-5.470000000000001
389.0,-5.03
390.0,-5.26
391.0,-5.11
392.0,-5.06
393.0,-5.03
394.0,-5.06
395.0,-5.03
396.0,-5.3100000000000005
397.0,-5.06
398.0,-5.02
399.0,-5.03
400.0,-5.02
401.0,-5.29
402.0,-5.19
403.0,-5.36
404.0,-5.04
405.0,-5.32
406.0,-5.03
407.0,-5.16
408.0,-5.02
409.0,-5.73
410.0,-5.12
411.0,-5.890000000000001
412.0,-5.04
413.0,-5.66
414.0,-5.02
415.0,-5.05
416.0,-5.23
417.0,-5.05
418.0,-5.11
419.0,-5.37
420.0,-5.1
421.0,-5.06
422.0,-5.24
423.0,-5.15
424.0,-5.390000000000001
425.0,-5.02
426.0,-5.04
427.0,-5.08
428.0,-5.3100000000000005
429.0,-5.09
430.0,-5.3
431.0,-5.640000000000001
432.0,-5.04
433.0,-5.07
434.0,-5.05
435.0,-5.09
436.0,-5.03
437.0,-5.33
438.0,-5.36
439.0,-5.44
440.0,-5.02
441.0,-5.03
442.0,-5.11
443.0,-5.6000000000000005
444.0,-5.11
445.0,-5.05
446.0,-5.630000000000001
447.0,-5.41
448.0,-5.3100000000000005
449.0,-5.14
450.0,-5.08
451.0,-5.02
452.0,-5.07
453.0,-5.07
454.0,-5.05
455.0,-5.09
456.0,-5.12
457.0,-5.02
458.0,-5.59
459.0,-5.05
460.0,-5.83
461.0,-5.16
462.0,-5.38
463.0,-5.07
464.0,-5.03
465.0,-5.06
466.0,-5.01
467.0,-5.1
468.0,-5.02
469.0,-5.04
470.0,-5.02
471.0,-5.02
472.0,-5.06
473.0,-5.23
474.0,-5.08
475.0,-5.06
476.0,-5.61
477.0,-5.3
478.0,-5.05
479.0,-5.1
480.0,-5.05
481.0,-5.11
482.0,-5.09
483.0,-5.550000000000001
484.0,-5.03
485.0,-5.19
486.0,-5.02
487.0,-5.18
488.0,-5.04
489.0,-5.13
490.0,-5.24
491.0,-5.11
492.0,-5.390000000000001
493.0,-5.1
494.0,-5.07
495.0,-5.840000000000001
496.0,-5.02
497.0,-5.09
498.0,-5.04
499.0,-5.15
500.0,-5.03
501.0,-5.01
502.0,-5.21
503.0,-5.54
504.0,-5.99
505.0,-5.06
506.0,-5.14
507.0,-5.1
508.0,-5.1
509.0,-5.37
510.0,-5.03
511.0,-5.14
512.0,-5.24
513.0,-5.07
514.0,-5.36
515.0,-5.02
516.0,-5.11
517.0,-5.2700000000000005
518.0,-5.58
519.0,-5.02
520.0,-5.11
521.0,-5.07
522.0,-5.05
523.0,-5.25
524.0,-5.03
525.0,-5.28
526.0,-5.11
527.0,-5.15
528.0,-5.07
529.0,-5.05
530.0,-5.48
531.0,-5.4
532.0,-5.02
533.0,-5.920000000000001
534.0,-5.04
535.0,-5.02
536.0,-5.04
537.0,-5.33
538.0,-5.33
539.0,-5.17
540.0,-5.04
541.0,-5.08
542.0,-5.01
543.0,-5.01
544.0,-5.04
545.0,-5.17
546.0,-5.14
547.0,-5.02
548.0,-5.42
549.0,-5.630000000000001
550.0,-5.07
551.0,-5.08
552.0,-5.04
553.0,-5.25
554.0,-5.04
555.0,-5.06
556.0,-5.17
557.0,-5.44
558.0,-5.06
559.0,-5.03
560.0,-5.3500000000000005
561.0,-5.03
562.0,-5.24
563.0,-5.12
564.0,-5.32
565.0,-5.22
566.0,-5.11
567.0,-5.07
568.0,-5.16
569.0,-5.08
570.0,-5.07
571.0,-5.05
572.0,-5.18
573.0,-5.16
574.0,-5.5600000000000005
575.0,-5.550000000000001
576.0,-5.09
577.0,-5.02
578.0,-5.790000000000001
579.0,-5.1
580.0,-5.04
581.0,-5.06
582.0,-5.82
583.0,-5.06
584.0,-5.1
585.0,-5.05
586.0,-5.04
587.0,-5.15
588.0,-5.08
589.0,-5.28
590.0,-5.22
591.0,-5.21
592.0,-5.03
593.0,-5.11
594.0,-5.04
595.0,-5.09
596.0,-5.34
597.0,-5.12
598.0,-5.720000000000001
599.0,-5.38
600.0,-5.45
601.0,-5.22
602.0,-5.2700000000000005
603.0,-5.34
604.0,-5.09
605.0,-5.11
606.0,-5.08
607.0,-5.21
608.0,-5.09
609.0,-5.02
610.0,-5.04
611.0,-5.28
612.0,-5.02
613.0,-5.17
614.0,-5.03
615.0,-5.07
616.0,-5.28
617.0,-5.13
618.0,-5.59
619.0,-5.75
620.0,-5.2
621.0,-5.05
622.0,-5.03
623.0,-5.14
624.0,-5.18
625.0,-5.09
626.0,-5.06
627.0,-5.22
628.0,-5.22
629.0,-5.26
630.0,-5.01
631.0,-5.09
632.0,-5.04
633.0,-5.45
634.0,-5.06
635.0,-5.05
636.0,-5.33
637.0,-5.04
638.0,-5.09
639.0,-5.33
640.0,-5.34
641.0,-5.09
642.0,-5.12
643.0,-5.26
644.0,-5.44
645.0,-5.04
646.0,-5.3
647.0,-5.15
648.0,-1.0000000000000007
649.0,-5.09
650.0,-5.07
651.0,-5.05
652.0,-5.03
653.0,-5.09
654.0,-5.03
655.0,-5.46
656.0,-5.03
657.0,-5.29
658.0,-5.17
659.0,-5.04
660.0,-5.03
661.0,-5.14
662.0,-5.07
663.0,-5.11
664.0,-5.11
665.0,-5.04
666.0,-5.09
667.0,-5.14
668.0,-5.24
669.0,-1.0000000000000007
670.0,-5.25
671.0,-5.57
672.0,-1.0000000000000007
673.0,-1.0000000000000007
674.0,-5.2
675.0,-5.14
676.0,-5.4
677.0,-5.19
678.0,-5.37
679.0,-5.25
680.0,-5.26
681.0,-5.04
682.0,-5.05
683.0,-5.36
684.0,-5.38
685.0,-5.15
686.0,-5.06
687.0,-5.03
688.0,-5.05
689.0,-5.37
690.0,-5.17
691.0,-5.48
692.0,-5.06
693.0,-5.06
694.0,-5.2700000000000005
695.0,-5.2
696.0,-5.04
697.0,-5.680000000000001
698.0,-5.15
699.0,-5.01
700.0,-5.02
701.0,-5.01
702.0,-5.14
703.0,-5.4
704.0,-5.09
705.0,-5.04
706.0,-1.0000000000000007
707.0,-5.28
708.0,-5.41
709.0,-5.32
710.0,-5.13
711.0,-5.28
712.0,-5.23
713.0,-5.02
714.0,-5.34
715.0,-5.1
716.0,-5.57
717.0,-5.2
718.0,-5.05
719.0,-5.66
720.0,-5.04
721.0,-5.02
722.0,-5.01
723.0,-5.15
724.0,-5.05
725.0,-5.08
726.0,-5.22
727.0,-5.07
728.0,-5.3
729.0,-5.4
730.0,-5.02
731.0,-5.08
732.0,-5.05
733.0,-5.07
734.0,-5.05
735.0,-5.630000000000001
736.0,-5.12
737.0,-5.22
738.0,-5.04
739.0,-5.07
740.0,-5.04
741.0,-5.26
742.0,-5.01
743.0,-5.04
744.0,-5.05
745.0,-5.02
746.0,-5.02
747.0,-5.26
748.0,-5.01
749.0,-5.03
750.0,-5.01
751.0,-5.03
752.0,-5.01
753.0,-5.07
754.0,-5.12
755.0,-5.23
756.0,-5.24
757.0,-5.22
758.0,-5.54
759.0,-5.36
760.0,-5.470000000000001
761.0,-5.38
762.0,-5.12
763.0,-5.45
764.0,-5.01
765.0,-5.12
766.0,-5.03
767.0,-5.7700000000000005
768.0,-5.05
769.0,-5.06
770.0,-5.8100000000000005
771.0,-5.1
772.0,-5.02
773.0,-5.930000000000001
774.0,-5.16
775.0,-5.1
776.0,-5.05
777.0,-5.1
778.0,-5.2
779.0,-5.04
780.0,-5.17
781.0,-5.5
782.0,-5.18
783.0,-5.430000000000001
784.0,-5.02
785.0,-5.05
786.0,-5.2
787.0,-5.46
788.0,-5.03
789.0,-5.25
790.0,-5.57
791.0,-5.45
792.0,-5.550000000000001
793.0,-5.09
794.0,-5.11
795.0,-5.18
796.0,-5.14
797.0,-5.07
798.0,-5.02
799.0,-5.02
800.0,-5.48
801.0,-5.5200000000000005
802.0,-5.25
803.0,-5.02
804.0,-1.0000000000000007
805.0,-5.14
806.0,-5.12
807.0,-5.01
808.0,-5.11
809.0,-5.05
810.0,-5.58
811.0,-5.3500000000000005
812.0,-5.15
813.0,-5.12
814.0,-5.01
815.0,-5.09
816.0,-5.02
817.0,-5.78
818.0,-5.09
819.0,-5.13
820.0,-5.15
821.0,-5.1
822.0,-5.01
823.0,-5.03
824.0,-5.15
825.0,-5.04
826.0,-5.44
827.0,-5.21
828.0,-5.11
829.0,-5.04
830.0,-5.05
831.0,-5.75
832.0,-5.59
833.0,-5.04
834.0,-5.17
835.0,-5.05
836.0,-5.02
837.0,-5.3100000000000005
838.0,-5.06
839.0,-5.14
840.0,-5.13
841.0,-5.08
842.0,-5.16
843.0,-5.02
844.0,-5.06
845.0,-5.37
846.0,-5.08
847.0,-5.640000000000001
848.0,-5.07
849.0,-5.15
850.0,-5.14
851.0,-5.13
852.0,-5.04
853.0,-5.03
854.0,-5.02
855.0,-5.23
856.0,-5.45
857.0,-5.14
858.0,-5.03
859.0,-5.04
860.0,-5.4
861.0,-5.3100000000000005
862.0,-5.02
863.0,-5.09
864.0,-5.12
865.0,-5.94
866.0,-5.08
867.0,-5.09
868.0,-5.08
869.0,-5.06
870.0,-5.05
871.0,-5.1
872.0,-5.03
873.0,-1.0000000000000007
874.0,-5.07
875.0,-5.06
876.0,-5.05
877.0,-5.22
878.0,-5.02
879.0,-5.02
880.0,-5.01
881.0,-5.02
882.0,-5.41
883.0,-5.14
884.0,-5.28
885.0,-5.630000000000001
886.0,-5.29
887.0,-5.07
888.0,-5.09
889.0,-5.07
890.0,-5.04
891.0,-5.26
892.0,-5.15
893.0,-5.24
894.0,-5.8500000000000005
895.0,-5.630000000000001
896.0,-5.1
897.0,-5.12
898.0,-5.08
899.0,-5.11
900.0,-5.02
901.0,-5.14
902.0,-5.03
903.0,-5.38
904.0,-5.04
905.0,-5.01
906.0,-5.02
907.0,-5.5600000000000005
908.0,-5.06
909.0,-5.02
910.0,-5.1
911.0,-5.57
912.0,-5.41
913.0,-5.01
914.0,-5.1
915.0,-5.03
916.0,-5.17
917.0,-5.09
918.0,-5.03
919.0,-5.02
920.0,-5.890000000000001
921.0,-5.3
922.0,-5.28
923.0,-5.16
924.0,-5.06
925.0,-5.07
926.0,-5.19
927.0,-5.02
928.0,-5.03
929.0,-5.49
930.0,-5.03
931.0,-5.12
932.0,-5.67
933.0,-5.05
934.0,-5.04
935.0,-5.28
936.0,-5.09
937.0,-5.19
938.0,-5.5200000000000005
939.0,-5.1
940.0,-5.03
941.0,-5.59
942.0,-5.13
943.0,-5.04
944.0,-5.25
945.0,-5.05
946.0,-1.0000000000000007
947.0,-5.04
948.0,-5.66
949.0,-5.02
950.0,-5.08
951.0,-5.04
952.0,-5.24
953.0,-5.2
954.0,-5.06
955.0,-5.83
956.0,-1.0000000000000007
957.0,-5.65
958.0,-5.03
959.0,-5.5
960.0,-5.58
961.0,-5.09
962.0,-5.2700000000000005
963.0,-5.45
964.0,-5.1
965.0,-1.0000000000000007
966.0,-5.04
967.0,-5.05
968.0,-5.950000000000001
969.0,-5.2700000000000005
970.0,-5.03
971.0,-5.01
972.0,-5.18
973.0,-5.83
974.0,-5.470000000000001
975.0,-5.05
976.0,-5.02
977.0,-5.2
978.0,-5.08
979.0,-5.06
980.0,-5.15
981.0,-5.02
982.0,-5.02
983.0,-5.02
984.0,-5.09
985.0,-5.04
986.0,-5.09
987.0,-5.04
988.0,-5.15
989.0,-5.01
990.0,-5.86
991.0,-5.07
992.0,-5.21
993.0,-5.5
994.0,-5.98
995.0,-5.02
996.0,-5.14
997.0,-5.09
998.0,-5.02
999.0,-5.1
1000.0,-5.16
1001.0,-5.08
1002.0,-5.760000000000001
1003.0,-5.2
1004.0,-5.07
1005.0,-5.05
1006.0,-5.01
1007.0,-5.03
1008.0,-5.7700000000000005
1009.0,-5.49
1010.0,-5.45
1011.0,-5.06
1012.0,-5.09
1013.0,-5.12
1014.0,-1.0000000000000007
1015.0,-5.44
1016.0,-5.22
1017.0,-5.09
1018.0,-5.11
1019.0,-5.02
1020.0,-5.07
1021.0,-5.1
1022.0,-5.03
1023.0,-5.06
1024.0,-5.11
1025.0,-5.21
1026.0,-5.01
1027.0,-5.550000000000001
1028.0,-5.5600000000000005
1029.0,-5.05
1030.0,-5.13
1031.0,-5.17
1032.0,-5.53
1033.0,-5.66
1034.0,-5.920000000000001
1035.0,-5.07
1036.0,-5.08
1037.0,-5.45
1038.0,-5.08
1039.0,-5.09
1040.0,-5.3500000000000005
1041.0,-5.73
1042.0,-5.06
1043.0,-5.930000000000001
1044.0,-5.25
1045.0,-5.07
1046.0,-5.2700000000000005
1047.0,-5.12
1048.0,-5.02
1049.0,-5.06
1050.0,-1.0000000000000007
1051.0,-5.03
1052.0,-5.11
1053.0,-5.470000000000001
1054.0,-5.07
1055.0,-5.15
1056.0,-5.01
1057.0,-5.17
1058.0,-5.03
1059.0,-5.23
1060.0,-5.15
1061.0,-5.09
1062.0,-5.06
1063.0,-5.03
1064.0,-5.02
1065.0,-5.07
1066.0,-5.16
1067.0,-5.06
1068.0,-5.03
1069.0,-5.5600000000000005
1070.0,-5.36
1071.0,-5.2
1072.0,-5.02
1073.0,-5.01
1074.0,-5.06
1075.0,-5.5
1076.0,-5.14
1077.0,-5.02
1078.0,-5.4
1079.0,-5.59
1080.0,-5.14
1081.0,-5.02
1082.0,-5.11
1083.0,-5.14
1084.0,-5.8500000000000005
1085.0,-5.18
1086.0,-5.04
1087.0,-5.2
1088.0,-5.5600000000000005
1089.0,-5.03
1090.0,-5.06
1091.0,-1.0000000000000007
1092.0,-5.28
1093.0,-5.48
1094.0,-5.37
1095.0,-5.02
1096.0,-5.65
1097.0,-5.04
1098.0,-5.03
1099.0,-5.04
1100.0,-5.24
1101.0,-5.34
1102.0,-5.21
1103.0,-5.16
1104.0,-5.19
1105.0,-5.04
1106.0,-5.04
1107.0,-5.02
1108.0,-5.5200000000000005
1109.0,-5.05
1110.0,-5.26
1111.0,-5.18
1112.0,-5.02
1113.0,-5.07
1114.0,-5.01
1115.0,-5.07
1116.0,-5.15
1117.0,-5.02
1118.0,-5.01
1119.0,-5.03
1120.0,-5.01
1121.0,-5.05
1122.0,-5.970000000000001
1123.0,-5.05
1124.0,-5.23
1125.0,-5.790000000000001
1126.0,-5.29
1127.0,-5.66
1128.0,-5.07
1129.0,-5.25
1130.0,-5.1
1131.0,-5.65
1132.0,-5.02
1133.0,-5.4
1134.0,-5.12
1135.0,-5.11
1136.0,-5.960000000000001
1137.0,-5.2700000000000005
1138.0,-5.5
1139.0,-5.05
1140.0,-5.1
1141.0,-5.62
1142.0,-5.02
1143.0,-5.16
1144.0,-5.26
1145.0,-5.15
1146.0,-5.41
1147.0,-5.48
1148.0,-5.54
1149.0,-5.13
1150.0,-5.05
1151.0,-5.24
1152.0,-5.28
1153.0,-5.53
1154.0,-5.36
1155.0,-5.04
1156.0,-5.02
1157.0,-5.4
1158.0,-5.03
1159.0,-5.25
1160.0,-5.07
1161.0,-5.1
1162.0,-5.03
1163.0,-5.48
1164.0,-5.08
1165.0,-5.53
1166.0,-5.53
1167.0,-5.65
1168.0,-5.19
1169.0,-5.65
1170.0,-5.07
1171.0,-5.24
1172.0,-5.06
1173.0,-5.12
1174.0,-5.13
1175.0,-5.06
1176.0,-5.45
1177.0,-5.32
1178.0,-5.13
1179.0,-5.12
1180.0,-5.08
1181.0,-5.37
1182.0,-5.2700000000000005
1183.0,-5.04
1184.0,-5.01
1185.0,-5.25
1186.0,-5.06
1187.0,-5.04
1188.0,-5.03
1189.0,-1.0000000000000007
1190.0,-5.99
1191.0,-5.14
1192.0,-5.41
1193.0,-5.06
1194.0,-5.01
1195.0,-5.06
1196.0,-5.2
1197.0,-5.2
1198.0,-5.01
1199.0,-5.42
1200.0,-5.01
1201.0,-5.16
1202.0,-5.11
1203.0,-5.15
1204.0,-5.2700000000000005
1205.0,-5.24
1206.0,-5.58
1207.0,-5.09
1208.0,-5.36
1209.0,-5.26
1210.0,-5.03
1211.0,-5.2700000000000005
1212.0,-5.57
1213.0,-5.2
1214.0,-5.13
1215.0,-5.16
1216.0,-5.06
1217.0,-5.03
1218.0,-5.2700000000000005
1219.0,-5.02
1220.0,-5.13
1221.0,-5.07
1222.0,-1.0000000000000007
1223.0,-5.33
1224.0,-5.02
1225.0,-5.1
1226.0,-5.02
1227.0,-5.12
1228.0,-5.02
1229.0,-5.02
1230.0,-5.06
1231.0,-5.01
1232.0,-5.06
1233.0,-5.08
1234.0,-5.82
1235.0,-5.07
1236.0,-5.58
1237.0,-5.33
1238.0,-5.08
1239.0,-5.1
1240.0,-5.25
1241.0,-5.12
1242.0,-5.07
1243.0,-5.45
1244.0,-5.01
1245.0,-5.04
1246.0,-5.38
1247.0,-1.0000000000000007
1248.0,-5.03
1249.0,-5.800000000000001
1250.0,-5.28
1251.0,-5.01
1252.0,-5.02
1253.0,-5.38
1254.0,-5.23
1255.0,-5.1
1256.0,-5.36
1257.0,-5.05
1258.0,-5.22
1259.0,-5.1
1260.0,-5.06
1261.0,-5.09
1262.0,-1.0000000000000007
1263.0,-5.01
1264.0,-5.58
1265.0,-5.06
1266.0,-5.930000000000001
1267.0,-5.23
1268.0,-5.710000000000001
1269.0,-5.26
1270.0,-5.08
1271.0,-5.01
1272.0,-5.14
1273.0,-5.23
1274.0,-5.67
1275.0,-5.04
1276.0,-1.0000000000000007
1277.0,-5.02
1278.0,-5.09
1279.0,-5.14
1280.0,-5.21
1281.0,-5.05
1282.0,-5.680000000000001
1283.0,-5.08
1284.0,-5.54
1285.0,-5.2
1286.0,-5.16
1287.0,-5.42
1288.0,-5.16
1289.0,-5.12
1290.0,-5.19
1291.0,-5.75
1292.0,-5.25
1293.0,-5.3100000000000005
1294.0,-5.05
1295.0,-5.1
1296.0,-5.15
1297.0,-5.550000000000001
1298.0,-5.15
1299.0,-5.03
1300.0,-5.09
1301.0,-1.0000000000000007
1302.0,-5.05
1303.0,-5.32
1304.0,-5.13
1305.0,-5.13
1306.0,-5.04
1307.0,-5.05
1308.0,-5.430000000000001
1309.0,-5.2700000000000005
1310.0,-5.1
1311.0,-5.24
1312.0,-5.2700000000000005
1313.0,-5.28
1314.0,-5.33
1315.0,-5.41
1316.0,-5.33
1317.0,-5.2
1318.0,-5.01
1319.0,-5.13
1320.0,-5.03
1321.0,-5.99
1322.0,-5.17
1323.0,-5.04
1324.0,-5.08
1325.0,-5.1
1326.0,-5.24
1327.0,-5.13
1328.0,-5.23
1329.0,-5.16
1330.0,-5.06
1331.0,-5.17
1332.0,-5.24
1333.0,-5.03
1334.0,-5.07
1335.0,-5.02
1336.0,-5.08
1337.0,-5.45
1338.0,-5.02
1339.0,-5.06
1340.0,-5.17
1341.0,-5.17
1342.0,-5.73
1343.0,-5.28
1344.0,-5.2700000000000005
1345.0,-5.26
1346.0,-5.25
1347.0,-5.24
1348.0,-5.04
1349.0,-5.28
1350.0,-5.08
1351.0,-5.13
1352.0,-5.05
1353.0,-5.05
1354.0,-5.01
1355.0,-5.02
1356.0,-5.45
1357.0,-5.02
1358.0,-5.09
1359.0,-5.02
1360.0,-5.02
1361.0,-5.07
1362.0,-5.83
1363.0,-5.51
1364.0,-5.07
1365.0,-5.14
1366.0,-5.1
1367.0,-5.08
1368.0,-5.11
1369.0,-5.21
1370.0,-5.01
1371.0,-5.37
1372.0,-5.01
1373.0,-5.29
1374.0,-5.03
1375.0,-5.04
1376.0,-1.0000000000000007
1377.0,-5.04
1378.0,-5.25
1379.0,-5.5600000000000005
1380.0,-5.22
1381.0,-5.01
1382.0,-5.36
1383.0,-5.08
1384.0,-5.05
1385.0,-5.04
1386.0,-5.04
1387.0,-5.430000000000001
1388.0,-5.16
1389.0,-5.32
1390.0,-5.890000000000001
1391.0,-5.06
1392.0,-5.1
1393.0,-5.07
1394.0,-5.11
1395.0,-5.03
1396.0,-5.720000000000001
1397.0,-5.01
1398.0,-5.15
1399.0,-5.04
1400.0,-5.61
1401.0,-5.07
1402.0,-5.54
1403.0,-5.04
1404.0,-5.05
1405.0,-5.01
1406.0,-5.01
1407.0,-5.22
1408.0,-5.03
1409.0,-5.09
1410.0,-5.03
1411.0,-5.630000000000001
1412.0,-5.22
1413.0,-5.14
1414.0,-5.32
1415.0,-5.04
1416.0,-5.15
1417.0,-5.680000000000001
1418.0,-5.58
1419.0,-5.05
1420.0,-5.13
1421.0,-5.59
1422.0,-5.06
1423.0,-5.06
1424.0,-5.05
1425.0,-5.3500000000000005
1426.0,-5.390000000000001
1427.0,-5.07
1428.0,-5.46
1429.0,-5.04
1430.0,-5.22
1431.0,-5.14
1432.0,-5.02
1433.0,-5.18
1434.0,-5.21
1435.0,-5.12
1436.0,-5.760000000000001
1437.0,-5.09
1438.0,-5.41
1439.0,-5.05
1440.0,-5.01
1441.0,-5.34
1442.0,-5.05
1443.0,-5.15
1444.0,-5.01
1445.0,-5.41
1446.0,-5.16
1447.0,-5.21
1448.0,-5.13
1449.0,-5.03
1450.0,-5.16
1451.0,-5.08
1452.0,-5.02
1453.0,-5.3
1454.0,-5.65
1455.0,-5.04
1456.0,-5.3
1457.0,-5.8100000000000005
1458.0,-5.2700000000000005
1459.0,-5.07
1460.0,-5.48
1461.0,-5.19
1462.0,-5.44
1463.0,-5.06
1464.0,-5.09
1465.0,-5.46
1466.0,-5.03
1467.0,-5.02
1468.0,-5.33
1469.0,-5.34
1470.0,-5.22
1471.0,-5.29
1472.0,-5.21
1473.0,-5.03
1474.0,-5.8500000000000005
1475.0,-5.17
1476.0,-5.04
1477.0,-5.28
1478.0,-5.37
1479.0,-5.06
1480.0,-5.470000000000001
1481.0,-5.24
1482.0,-5.29
1483.0,-5.01
1484.0,-5.03
1485.0,-1.0000000000000007
1486.0,-5.14
1487.0,-5.01
1488.0,-5.18
1489.0,-5.02
1490.0,-5.06
1491.0,-5.45
1492.0,-5.32
1493.0,-5.49
1494.0,-5.15
1495.0,-5.13
1496.0,-5.390000000000001
1497.0,-5.5600000000000005
1498.0,-5.15
1499.0,-5.05
1500.0,-5.1
1501.0,-5.08
1502.0,-5.01
1503.0,-5.3
1504.0,-5.26
1505.0,-1.0000000000000007
1506.0,-5.01
1507.0,-5.05
1508.0,-5.21
1509.0,-5.02
1510.0,-5.07
1511.0,-5.21
1512.0,-5.11
1513.0,-5.430000000000001
1514.0,-5.5
1515.0,-5.8100000000000005
1516.0,-5.390000000000001
1517.0,-5.01
1518.0,-5.14
1519.0,-5.01
1520.0,-5.17
1521.0,-5.01
1522.0,-5.04
1523.0,-5.430000000000001
1524.0,-5.65
1525.0,-5.03
1526.0,-5.45
1527.0,-5.46
1528.0,-5.08
1529.0,-5.22
1530.0,-5.06
1531.0,-5.11
1532.0,-5.15
1533.0,-5.32
1534.0,-5.02
1535.0,-5.13
1536.0,-5.09
1537.0,-5.680000000000001
1538.0,-5.390000000000001
1539.0,-5.960000000000001
1540.0,-5.02
1541.0,-5.32
1542.0,-5.34
1543.0,-5.06
1544.0,-5.25
1545.0,-5.03
1546.0,-5.09
1547.0,-5.24
1548.0,-5.09
1549.0,-5.09
1550.0,-5.11
1551.0,-5.16
1552.0,-5.05
1553.0,-5.04
1554.0,-5.03
1555.0,-5.17
1556.0,-5.32
1557.0,-5.25
1558.0,-5.4
1559.0,-5.03
1560.0,-5.29
1561.0,-1.0000000000000007
1562.0,-5.01
1563.0,-5.390000000000001
1564.0,-5.02
1565.0,-5.06
1566.0,-5.08
1567.0,-5.78
1568.0,-5.06
1569.0,-5.26
1570.0,-5.390000000000001
1571.0,-5.73
1572.0,-5.51
1573.0,-5.07
1574.0,-5.08
1575.0,-5.16
1576.0,-5.09
1577.0,-5.09
1578.0,-5.67
1579.0,-5.08
1580.0,-5.05
1581.0,-5.74
1582.0,-5.13
1583.0,-5.12
1584.0,-5.04
1585.0,-5.03
1586.0,-5.09
1587.0,-5.800000000000001
1588.0,-5.09
1589.0,-1.0000000000000007
1590.0,-5.7700000000000005
1591.0,-5.13
1592.0,-1.0000000000000007
1593.0,-5.470000000000001
1594.0,-5.04
1595.0,-5.13
1596.0,-5.790000000000001
1597.0,-5.09
1598.0,-5.18
1599.0,-5.11
1600.0,-5.12
1601.0,-5.22
1602.0,-5.03
1603.0,-1.0000000000000007
1604.0,-5.15
1605.0,-5.05
1606.0,-5.04
1607.0,-5.04
1608.0,-5.630000000000001
1609.0,-5.01
1610.0,-5.16
1611.0,-5.02
1612.0,-5.1
1613.0,-5.05
1614.0,-5.03
1615.0,-5.21
1616.0,-5.04
1617.0,-5.01
1618.0,-5.02
1619.0,-5.3100000000000005
1620.0,-5.22
1621.0,-5.05
1622.0,-5.3500000000000005
1623.0,-5.22
1624.0,-5.15
1625.0,-5.99
1626.0,-5.25
1627.0,-5.16
1628.0,-5.5200000000000005
1629.0,-5.09
1630.0,-5.550000000000001
1631.0,-5.09
1632.0,-5.33
1633.0,-1.0000000000000007
1634.0,-5.45
1635.0,-5.37
1636.0,-5.02
1637.0,-5.25
1638.0,-5.680000000000001
1639.0,-5.05
1640.0,-5.02
1641.0,-5.01
1642.0,-5.03
1643.0,-5.22
1644.0,-5.04
1645.0,-5.09
1646.0,-5.82
1647.0,-5.46
1648.0,-5.05
1649.0,-5.920000000000001
1650.0,-5.04
1651.0,-5.26
1652.0,-5.04
1653.0,-5.11
1654.0,-5.840000000000001
1655.0,-5.19
1656.0,-5.04
1657.0,-5.38
1658.0,-1.0000000000000007
1659.0,-5.5200000000000005
1660.0,-5.18
1661.0,-1.0000000000000007
1662.0,-5.05
1663.0,-5.02
1664.0,-5.2
1665.0,-5.46
1666.0,-5.01
1667.0,-5.05
1668.0,-5.16
1669.0,-5.02
1670.0,-5.04
1671.0,-5.3
1672.0,-5.41
1673.0,-5.08
1674.0,-5.3
1675.0,-5.16
1676.0,-5.01
1677.0,-5.22
1678.0,-5.05
1679.0,-5.24
1680.0,-5.23
1681.0,-5.09
1682.0,-5.05
1683.0,-5.19
1684.0,-5.02
1685.0,-5.48
1686.0,-5.11
1687.0,-5.04
1688.0,-5.01
1689.0,-5.04
1690.0,-5.04
1691.0,-5.02
1692.0,-5.02
1693.0,-5.21
1694.0,-5.02
1695.0,-5.3100000000000005
1696.0,-1.0000000000000007
1697.0,-5.19
1698.0,-5.01
1699.0,-5.06
1700.0,-5.02
1701.0,-5.09
1702.0,-5.32
1703.0,-5.09
1704.0,-5.29
1705.0,-5.02
1706.0,-1.0000000000000007
1707.0,-5.02
1708.0,-5.05
1709.0,-5.05
1710.0,-5.22
1711.0,-5.22
1712.0,-5.13
1713.0,-5.12
1714.0,-5.3
1715.0,-5.25
1716.0,-5.26
1717.0,-5.23
1718.0,-5.29
1719.0,-5.1
1720.0,-5.19
1721.0,-5.26
1722.0,-5.58
1723.0,-5.08
1724.0,-5.11
1725.0,-5.960000000000001
1726.0,-5.04
1727.0,-5.03
1728.0,-5.1
1729.0,-5.04
1730.0,-5.29
1731.0,-5.03
1732.0,-5.06
1733.0,-5.45
1734.0,-5.11
1735.0,-5.13
1736.0,-5.48
1737.0,-5.03
1738.0,-5.36
1739.0,-5.21
1740.0,-5.06
1741.0,-5.06
1742.0,-5.05
1743.0,-5.19
1744.0,-5.54
1745.0,-5.02
1746.0,-5.04
1747.0,-5.01
1748.0,-5.1
1749.0,-5.04
1750.0,-5.09
1751.0,-5.12
1752.0,-5.45
1753.0,-5.05
1754.0,-5.06
1755.0,-5.37
1756.0,-5.16
1757.0,-5.05
1758.0,-5.32
1759.0,-5.1
1760.0,-5.01
1761.0,-5.01
1762.0,-5.14
1763.0,-1.0000000000000007
1764.0,-5.12
1765.0,-5.1
1766.0,-5.06
1767.0,-5.550000000000001
1768.0,-5.07
1769.0,-5.07
1770.0,-1.0000000000000007
1771.0,-5.05
1772.0,-5.67
1773.0,-5.33
1774.0,-5.1
1775.0,-5.800000000000001
1776.0,-5.15
1777.0,-5.5200000000000005
1778.0,-5.1
1779.0,-5.06
1780.0,-5.19
1781.0,-5.03
1782.0,-5.8500000000000005
1783.0,-5.890000000000001
1784.0,-5.7
1785.0,-5.42
1786.0,-5.36
1787.0,-5.25
1788.0,-5.05
1789.0,-5.5
1790.0,-5.48
1791.0,-5.07
1792.0,-5.04
1793.0,-5.5600000000000005
1794.0,-5.03
1795.0,-5.13
1796.0,-5.44
1797.0,-5.28
1798.0,-5.02
1799.0,-5.14
1800.0,-5.04
1801.0,-5.02
1802.0,-5.02
1803.0,-5.15
1804.0,-5.930000000000001
1805.0,-5.1
1806.0,-5.17
1807.0,-5.07
1808.0,-5.550000000000001
1809.0,-5.06
1810.0,-5.08
1811.0,-5.05
1812.0,-5.04
1813.0,-5.3
1814.0,-5.15
1815.0,-5.08
1816.0,-5.4
1817.0,-5.04
1818.0,-5.23
1819.0,-5.41
1820.0,-5.5
1821.0,-5.06
1822.0,-5.07
1823.0,-5.05
1824.0,-5.04
1825.0,-5.24
1826.0,-5.550000000000001
1827.0,-5.07
1828.0,-5.2700000000000005
1829.0,-5.33
1830.0,-5.01
1831.0,-5.05
1832.0,-5.13
1833.0,-5.25
1834.0,-5.24
1835.0,-5.05
1836.0,-5.09
1837.0,-5.02
1838.0,-5.02
1839.0,-5.05
1840.0,-5.01
1841.0,-5.48
1842.0,-5.640000000000001
1843.0,-5.01
1844.0,-5.07
1845.0,-5.2700000000000005
1846.0,-5.02
1847.0,-5.09
1848.0,-5.21
1849.0,-5.34
1850.0,-5.09
1851.0,-5.01
1852.0,-5.16
1853.0,-5.04
1854.0,-5.06
1855.0,-5.01
1856.0,-5.880000000000001
1857.0,-5.08
1858.0,-5.18
1859.0,-5.36
1860.0,-5.08
1861.0,-5.03
1862.0,-5.16
1863.0,-5.08
1864.0,-5.04
1865.0,-5.08
1866.0,-5.67
1867.0,-5.62
1868.0,-5.14
1869.0,-5.18
1870.0,-5.3500000000000005
1871.0,-5.390000000000001
1872.0,-5.45
1873.0,-5.06
1874.0,-5.58
1875.0,-5.04
1876.0,-5.09
1877.0,-5.05
1878.0,-5.17
1879.0,-5.24
1880.0,-5.36
1881.0,-5.32
1882.0,-5.1
1883.0,-5.09
1884.0,-5.66
1885.0,-5.12
1886.0,-5.14
1887.0,-5.41
1888.0,-5.630000000000001
1889.0,-5.02
1890.0,-5.06
1891.0,-5.34
1892.0,-5.07
1893.0,-5.02
1894.0,-5.8500000000000005
1895.0,-5.04
1896.0,-5.53
1897.0,-5.470000000000001
1898.0,-5.09
1899.0,-5.02
1900.0,-5.1
1901.0,-5.07
1902.0,-5.08
1903.0,-5.01
1904.0,-5.02
1905.0,-5.22
1906.0,-5.08
1907.0,-5.05
1908.0,-5.02
1909.0,-5.7
1910.0,-5.34
1911.0,-5.83
1912.0,-5.04
1913.0,-5.04
1914.0,-5.21
1915.0,-5.01
1916.0,-5.59
1917.0,-5.24
1918.0,-5.1
1919.0,-5.05
1920.0,-5.17
1921.0,-5.16
1922.0,-5.08
1923.0,-5.3500000000000005
1924.0,-5.13
1925.0,-5.83
1926.0,-5.6000000000000005
1927.0,-5.680000000000001
1928.0,-5.760000000000001
1929.0,-5.11
1930.0,-1.0000000000000007
1931.0,-5.01
1932.0,-5.03
1933.0,-5.51
1934.0,-5.03
1935.0,-5.32
1936.0,-5.640000000000001
1937.0,-5.05
1938.0,-5.01
1939.0,-5.02
1940.0,-5.14
1941.0,-5.2700000000000005
1942.0,-5.03
1943.0,-5.13
1944.0,-5.5
1945.0,-5.23
1946.0,-5.37
1947.0,-5.07
1948.0,-5.08
1949.0,-5.03
1950.0,-5.11
1951.0,-5.6000000000000005
1952.0,-5.21
1953.0,-5.07
1954.0,-5.1
1955.0,-5.03
1956.0,-5.34
1957.0,-5.59
1958.0,-5.01
1959.0,-5.48
1960.0,-5.44
1961.0,-5.5
1962.0,-5.02
1963.0,-5.2
1964.0,-5.14
1965.0,-5.41
1966.0,-5.06
1967.0,-5.3500000000000005
1968.0,-5.02
1969.0,-5.32
1970.0,-5.07
1971.0,-5.25
1972.0,-5.08
1973.0,-5.2
1974.0,-5.1
1975.0,-5.12
1976.0,-5.03
1977.0,-5.26
1978.0,-5.06
1979.0,-5.17
1980.0,-5.04
1981.0,-5.5
1982.0,-5.17
1983.0,-5.01
1984.0,-5.02
1985.0,-5.11
1986.0,-5.08
1987.0,-5.07
1988.0,-5.390000000000001
1989.0,-5.05
1990.0,-5.02
1991.0,-5.06
1992.0,-5.12
1993.0,-5.01
1994.0,-5.04
1995.0,-5.15
1996.0,-5.19
1997.0,-5.07
1998.0,-5.12
1999.0,-5.01
2000.0,-5.08
2001.0,-5.28
2002.0,-5.22
2003.0,-5.04
2004.0,-5.6000000000000005
2005.0,-5.09
2006.0,-5.05
2007.0,-5.12
2008.0,-5.65
2009.0,-5.470000000000001
2010.0,-5.03
2011.0,-5.06
2012.0,-5.03
2013.0,-5.470000000000001
2014.0,-5.41
2015.0,-5.04
2016.0,-5.67
2017.0,-5.05
2018.0,-5.01
2019.0,-5.04
2020.0,-5.06
2021.0,-5.09
2022.0,-5.470000000000001
2023.0,-5.02
2024.0,-5.25
2025.0,-5.49
2026.0,-5.01
2027.0,-5.18
2028.0,-5.54
2029.0,-5.1
2030.0,-5.05
2031.0,-5.45
2032.0,-5.03
2033.0,-5.06
2034.0,-5.01
2035.0,-5.23
2036.0,-5.07
2037.0,-5.09
2038.0,-5.02
2039.0,-5.25
2040.0,-5.36
2041.0,-5.41
2042.0,-5.11
2043.0,-5.08
2044.0,-5.57
2045.0,-5.04
2046.0,-5.07
2047.0,-5.13
2048.0,-5.06
2049.0,-5.75
2050.0,-5.05
2051.0,-5.02
2052.0,-5.45
2053.0,-5.05
2054.0,-5.19
2055.0,-5.32
2056.0,-5.03
2057.0,-5.01
2058.0,-5.05
2059.0,-5.03
2060.0,-5.06
2061.0,-1.0000000000000007
2062.0,-5.5200000000000005
2063.0,-5.51
2064.0,-5.69
2065.0,-5.02
2066.0,-5.04
2067.0,-5.3
2068.0,-5.11
2069.0,-5.04
2070.0,-5.390000000000001
2071.0,-5.3500000000000005
2072.0,-5.630000000000001
2073.0,-5.840000000000001
2074.0,-5.36
2075.0,-5.7700000000000005
2076.0,-5.12
2077.0,-5.02
2078.0,-5.12
2079.0,-5.08
2080.0,-5.1
2081.0,-5.07
2082.0,-5.06
2083.0,-5.03
2084.0,-5.23
2085.0,-5.07
2086.0,-5.24
2087.0,-5.09
2088.0,-5.4
2089.0,-5.02
2090.0,-5.21
2091.0,-5.16
2092.0,-5.07
2093.0,-5.45
2094.0,-5.07
2095.0,-5.45
2096.0,-5.03
2097.0,-5.28
2098.0,-5.09
2099.0,-5.17
2100.0,-5.17
2101.0,-5.19
2102.0,-5.13
2103.0,-5.03
2104.0,-5.21
2105.0,-5.91
2106.0,-5.04
2107.0,-5.51
2108.0,-5.5
2109.0,-5.03
2110.0,-5.04
2111.0,-5.05
2112.0,-5.32
2113.0,-5.890000000000001
2114.0,-5.08
2115.0,-1.0000000000000007
2116.0,-1.0000000000000007
2117.0,-5.32
2118.0,-5.08
2119.0,-5.13
2120.0,-5.06
2121.0,-5.05
2122.0,-5.38
2123.0,-5.16
2124.0,-5.03
2125.0,-5.960000000000001
2126.0,-5.45
2127.0,-5.550000000000001
2128.0,-5.03
2129.0,-1.0000000000000007
2130.0,-5.49
2131.0,-5.07
2132.0,-5.16
2133.0,-5.02
2134.0,-5.12
2135.0,-5.14
2136.0,-5.03
2137.0,-5.4
2138.0,-5.28
2139.0,-5.08
2140.0,-5.14
2141.0,-5.01
2142.0,-5.6000000000000005
2143.0,-5.13
2144.0,-5.12
2145.0,-5.09
2146.0,-5.470000000000001
2147.0,-5.34
2148.0,-5.13
2149.0,-5.07
2150.0,-5.07
2151.0,-5.54
2152.0,-5.6000000000000005
2153.0,-5.11
2154.0,-5.01
2155.0,-5.2
2156.0,-5.12
2157.0,-1.0000000000000007
2158.0,-5.21
2159.0,-5.02
2160.0,-5.29
2161.0,-5.03
2162.0,-5.06
2163.0,-5.38
2164.0,-1.0000000000000007
2165.0,-5.2
2166.0,-5.2700000000000005
2167.0,-5.09
2168.0,-1.0000000000000007
2169.0,-5.04
2170.0,-5.26
2171.0,-5.34
2172.0,-5.630000000000001
2173.0,-5.15
2174.0,-5.07
2175.0,-5.02
2176.0,-5.32
2177.0,-5.2
2178.0,-5.870000000000001
2179.0,-5.16
2180.0,-5.2700000000000005
2181.0,-5.26
2182.0,-5.04
2183.0,-5.02
2184.0,-5.07
2185.0,-5.37
2186.0,-5.23
2187.0,-5.06
2188.0,-5.710000000000001
2189.0,-5.390000000000001
2190.0,-5.03
2191.0,-5.25
2192.0,-5.21
2193.0,-5.61
2194.0,-5.09
2195.0,-5.51
2196.0,-5.720000000000001
2197.0,-5.870000000000001
2198.0,-5.06
2199.0,-5.1
2200.0,-5.1
2201.0,-5.7
2202.0,-5.05
2203.0,-5.01
2204.0,-5.2700000000000005
2205.0,-5.25
2206.0,-5.65
2207.0,-5.01
2208.0,-5.24
2209.0,-5.05
2210.0,-5.44
2211.0,-5.13
2212.0,-5.14
2213.0,-5.14
2214.0,-5.57
2215.0,-5.2700000000000005
2216.0,-5.22
2217.0,-5.05
2218.0,-5.02
2219.0,-5.06
2220.0,-5.04
2221.0,-1.0000000000000007
2222.0,-5.11
2223.0,-5.03
2224.0,-5.17
2225.0,-5.790000000000001
2226.0,-5.38
2227.0,-5.36
2228.0,-5.14
2229.0,-5.05
2230.0,-5.08
2231.0,-5.04
2232.0,-5.14
2233.0,-5.7700000000000005
2234.0,-5.16
2235.0,-5.05
2236.0,-5.03
2237.0,-5.22
2238.0,-5.09
2239.0,-5.05
2240.0,-5.33
2241.0,-5.37
2242.0,-5.800000000000001
2243.0,-5.91
2244.0,-5.1
2245.0,-5.25
2246.0,-5.22
2247.0,-5.09
2248.0,-5.26
2249.0,-5.02
2250.0,-5.02
2251.0,-5.06
2252.0,-5.04
2253.0,-5.08
2254.0,-5.04
2255.0,-5.37
2256.0,-5.42
2257.0,-5.03
2258.0,-5.51
2259.0,-5.13
2260.0,-5.3500000000000005
2261.0,-5.06
2262.0,-5.02
2263.0,-5.05
2264.0,-5.04
2265.0,-5.5200000000000005
2266.0,-5.41
2267.0,-5.2700000000000005
2268.0,-5.33
2269.0,-5.17
2270.0,-5.22
2271.0,-5.08
2272.0,-5.390000000000001
2273.0,-5.06
2274.0,-5.03
2275.0,-5.08
2276.0,-5.21
2277.0,-5.06
2278.0,-5.36
2279.0,-5.09
2280.0,-5.3500000000000005
2281.0,-5.02
2282.0,-5.19
2283.0,-5.11
2284.0,-5.21
2285.0,-5.5200000000000005
2286.0,-5.2700000000000005
2287.0,-5.02
2288.0,-5.02
2289.0,-5.34
2290.0,-5.1
2291.0,-5.12
2292.0,-5.17
2293.0,-5.83
2294.0,-5.36
2295.0,-5.23
2296.0,-5.69
2297.0,-5.8500000000000005
2298.0,-5.42
2299.0,-1.0000000000000007
2300.0,-5.07
2301.0,-5.22
2302.0,-5.06
2303.0,-5.08
2304.0,-5.04
2305.0,-5.08
2306.0,-5.04
2307.0,-5.28
2308.0,-5.16
2309.0,-5.01
2310.0,-5.57
2311.0,-5.23
2312.0,-5.28
2313.0,-5.07
2314.0,-5.33
2315.0,-5.07
2316.0,-5.48
2317.0,-5.06
2318.0,-5.02
2319.0,-5.12
2320.0,-5.03
2321.0,-5.02
2322.0,-5.02
2323.0,-5.05
2324.0,-5.05
2325.0,-5.2
2326.0,-5.03
2327.0,-5.02
2328.0,-5.06
2329.0,-5.05
2330.0,-5.01
2331.0,-5.03
2332.0,-5.03
2333.0,-5.09
2334.0,-5.46
2335.0,-5.01
2336.0,-5.54
2337.0,-5.19
2338.0,-5.2
2339.0,-5.890000000000001
2340.0,-5.02
2341.0,-5.04
2342.0,-5.390000000000001
2343.0,-5.22
2344.0,-5.02
2345.0,-5.67
2346.0,-5.15
2347.0,-5.09
2348.0,-5.21
2349.0,-5.16
2350.0,-5.02
2351.0,-5.21
2352.0,-5.18
2353.0,-5.34
2354.0,-5.44
2355.0,-5.29
2356.0,-5.3500000000000005
2357.0,-5.38
2358.0,-5.13
2359.0,-5.03
2360.0,-5.18
2361.0,-5.36
2362.0,-5.25
2363.0,-5.74
2364.0,-5.09
2365.0,-5.07
2366.0,-5.720000000000001
2367.0,-5.38
2368.0,-5.01
2369.0,-5.09
2370.0,-5.01
2371.0,-5.09
2372.0,-5.67
2373.0,-5.880000000000001
2374.0,-5.33
2375.0,-5.04
2376.0,-1.0000000000000007
2377.0,-5.880000000000001
2378.0,-5.6000000000000005
2379.0,-5.06
2380.0,-5.12
2381.0,-5.3100000000000005
2382.0,-5.13
2383.0,-5.08
2384.0,-5.11
2385.0,-5.2
2386.0,-5.2
2387.0,-5.3500000000000005
2388.0,-5.06
2389.0,-5.06
2390.0,-5.2700000000000005
2391.0,-5.02
2392.0,-5.51
2393.0,-5.22
2394.0,-5.01
2395.0,-5.5200000000000005
2396.0,-5.06
2397.0,-5.3100000000000005
2398.0,-5.06
2399.0,-5.98
2400.0,-5.800000000000001
2401.0,-5.04
2402.0,-5.05
2403.0,-5.19
2404.0,-5.16
2405.0,-5.550000000000001
2406.0,-5.2700000000000005
2407.0,-5.45
2408.0,-5.11
2409.0,-5.14
2410.0,-5.32
2411.0,-5.14
2412.0,-5.36
2413.0,-5.15
2414.0,-5.25
2415.0,-5.05
2416.0,-5.07
2417.0,-5.11
2418.0,-5.01
2419.0,-5.05
2420.0,-5.25
2421.0,-5.25
2422.0,-5.2
2423.0,-5.32
2424.0,-5.01
2425.0,-5.2700000000000005
2426.0,-5.02
2427.0,-5.03
2428.0,-5.02
2429.0,-5.98
2430.0,-5.5
2431.0,-5.930000000000001
2432.0,-5.53
2433.0,-1.0000000000000007
2434.0,-5.430000000000001
2435.0,-5.9
2436.0,-5.15
2437.0,-5.930000000000001
2438.0,-5.18
2439.0,-5.51
2440.0,-5.46
2441.0,-5.02
2442.0,-5.05
2443.0,-5.05
2444.0,-5.45
2445.0,-5.22
2446.0,-5.24
2447.0,-5.3
2448.0,-5.02
2449.0,-5.01
2450.0,-5.03
2451.0,-5.2
2452.0,-5.37
2453.0,-5.41
2454.0,-5.11
2455.0,-5.04
2456.0,-5.02
2457.0,-5.26
2458.0,-5.69
2459.0,-5.17
2460.0,-5.04
2461.0,-5.08
2462.0,-5.03
2463.0,-5.05
2464.0,-5.59
2465.0,-5.07
2466.0,-5.42
2467.0,-5.640000000000001
2468.0,-5.390000000000001
2469.0,-5.15
2470.0,-5.04
2471.0,-5.01
2472.0,-5.05
2473.0,-5.26
2474.0,-5.5600000000000005
2475.0,-5.07
2476.0,-5.02
2477.0,-5.14
2478.0,-5.3
2479.0,-5.11
2480.0,-5.07
2481.0,-5.02
2482.0,-5.09
2483.0,-5.29
2484.0,-5.1
2485.0,-5.2
2486.0,-5.630000000000001
2487.0,-5.02
2488.0,-5.06
2489.0,-5.53
2490.0,-5.02
2491.0,-5.02
2492.0,-5.07
2493.0,-5.12
2494.0,-5.22
2495.0,-5.14
2496.0,-5.05
2497.0,-5.57
2498.0,-5.62
2499.0,-5.01
2500.0,-1.0000000000000007
2501.0,-5.08
2502.0,-5.03
2503.0,-5.03
2504.0,-5.01
2505.0,-5.06
2506.0,-5.22
2507.0,-5.03
2508.0,-5.44
2509.0,-5.03
2510.0,-5.1
2511.0,-5.01
2512.0,-5.12
2513.0,-5.680000000000001
2514.0,-5.19
2515.0,-5.11
2516.0,-5.37
2517.0,-5.04
2518.0,-5.06
2519.0,-5.07
2520.0,-5.06
2521.0,-5.1
2522.0,-5.03
2523.0,-5.17
2524.0,-5.05
2525.0,-5.06
2526.0,-5.12
2527.0,-5.03
2528.0,-5.59
2529.0,-5.1
2530.0,-5.07
2531.0,-5.15
2532.0,-5.12
2533.0,-5.06
2534.0,-5.06
2535.0,-5.24
2536.0,-5.23
2537.0,-5.46
2538.0,-5.32
2539.0,-5.01
2540.0,-5.57
2541.0,-5.13
2542.0,-5.06
2543.0,-5.02
2544.0,-5.01
2545.0,-5.04
2546.0,-5.03
2547.0,-5.1
2548.0,-5.12
2549.0,-5.09
2550.0,-5.11
2551.0,-5.08
2552.0,-5.48
2553.0,-5.06
2554.0,-5.16
2555.0,-5.01
2556.0,-5.62
2557.0,-5.49
2558.0,-5.3
2559.0,-5.07
2560.0,-5.04
2561.0,-5.3500000000000005
2562.0,-5.15
2563.0,-5.2
2564.0,-5.26
2565.0,-5.14
2566.0,-5.04
2567.0,-5.13
2568.0,-5.17
2569.0,-5.03
2570.0,-5.3100000000000005
2571.0,-5.16
2572.0,-1.0000000000000007
2573.0,-5.12
2574.0,-5.15
2575.0,-5.07
2576.0,-5.05
2577.0,-5.05
2578.0,-5.38
2579.0,-5.15
2580.0,-5.02
2581.0,-1.0000000000000007
2582.0,-5.09
2583.0,-5.08
2584.0,-5.02
2585.0,-5.3500000000000005
2586.0,-5.15
2587.0,-5.03
2588.0,-5.03
2589.0,-5.01
2590.0,-5.03
2591.0,-5.02
2592.0,-5.32
2593.0,-5.5
2594.0,-5.11
2595.0,-5.2
2596.0,-5.11
2597.0,-5.14
2598.0,-5.3
2599.0,-5.54
2600.0,-5.15
2601.0,-5.18
2602.0,-5.03
2603.0,-5.2
2604.0,-5.1
2605.0,-5.08
2606.0,-5.02
2607.0,-5.23
2608.0,-5.07
2609.0,-5.17
2610.0,-5.06
2611.0,-5.13
2612.0,-5.02
2613.0,-5.06
2614.0,-5.78
2615.0,-5.37
2616.0,-5.42
2617.0,-5.390000000000001
2618.0,-5.18
2619.0,-5.13
2620.0,-5.9
2621.0,-5.03
2622.0,-5.24
2623.0,-5.17
2624.0,-5.29
2625.0,-5.14
2626.0,-5.01
2627.0,-5.07
2628.0,-5.03
2629.0,-5.16
2630.0,-5.04
2631.0,-5.08
2632.0,-5.17
2633.0,-5.03
2634.0,-5.06
2635.0,-5.09
2636.0,-5.800000000000001
2637.0,-5.29
2638.0,-5.13
2639.0,-5.710000000000001
2640.0,-5.45
2641.0,-5.09
2642.0,-5.12
2643.0,-5.1
2644.0,-5.03
2645.0,-5.18
2646.0,-5.02
2647.0,-5.5
2648.0,-5.01
2649.0,-5.38
2650.0,-5.23
2651.0,-5.25
2652.0,-5.7
2653.0,-5.01
2654.0,-5.41
2655.0,-5.08
2656.0,-5.04
2657.0,-5.12
2658.0,-1.0000000000000007
2659.0,-1.0000000000000007
2660.0,-5.06
2661.0,-5.01
2662.0,-5.58
2663.0,-5.38
2664.0,-5.34
2665.0,-5.8500000000000005
2666.0,-5.09
2667.0,-5.11
2668.0,-5.05
2669.0,-5.430000000000001
2670.0,-5.5200000000000005
2671.0,-5.01
2672.0,-5.33
2673.0,-5.07
2674.0,-5.02
2675.0,-5.470000000000001
2676.0,-5.430000000000001
2677.0,-5.06
2678.0,-5.710000000000001
2679.0,-5.02
2680.0,-5.01
2681.0,-5.69
2682.0,-5.04
2683.0,-5.34
2684.0,-5.03
2685.0,-5.32
2686.0,-5.05
2687.0,-5.13
2688.0,-5.2
2689.0,-5.11
2690.0,-5.470000000000001
2691.0,-5.01
2692.0,-5.04
2693.0,-5.61
2694.0,-5.17
2695.0,-5.05
2696.0,-5.3100000000000005
2697.0,-5.08
2698.0,-5.14
2699.0,-5.06
2700.0,-5.14
2701.0,-5.01
2702.0,-5.890000000000001
2703.0,-5.01
2704.0,-5.34
2705.0,-5.26
2706.0,-5.05
2707.0,-5.05
2708.0,-5.19
2709.0,-5.16
2710.0,-5.73
2711.0,-5.08
2712.0,-5.5600000000000005
2713.0,-5.1
2714.0,-5.46
2715.0,-5.550000000000001
2716.0,-5.06
2717.0,-5.24
2718.0,-5.21
2719.0,-5.32
2720.0,-5.1
2721.0,-5.710000000000001
2722.0,-5.13
2723.0,-5.25
2724.0,-5.07
2725.0,-5.09
2726.0,-5.2
2727.0,-5.05
2728.0,-5.54
2729.0,-5.04
2730.0,-5.11
2731.0,-5.06
2732.0,-5.03
2733.0,-5.5600000000000005
2734.0,-5.3100000000000005
2735.0,-5.02
2736.0,-5.15
2737.0,-5.03
2738.0,-5.29
2739.0,-5.08
2740.0,-5.58
2741.0,-1.0000000000000007
2742.0,-5.25
2743.0,-5.06
2744.0,-5.09
2745.0,-5.17
2746.0,-5.04
2747.0,-5.07
2748.0,-5.02
2749.0,-5.08
2750.0,-5.44
2751.0,-5.01
2752.0,-5.02
2753.0,-5.15
2754.0,-1.0000000000000007
2755.0,-5.15
2756.0,-5.54
2757.0,-5.06
2758.0,-5.2
2759.0,-5.09
2760.0,-5.48
2761.0,-5.2
2762.0,-5.45
2763.0,-5.12
2764.0,-5.02
2765.0,-5.25
2766.0,-5.720000000000001
2767.0,-5.03
2768.0,-5.25
2769.0,-5.01
2770.0,-5.07
2771.0,-5.01
2772.0,-5.42
2773.0,-5.21
2774.0,-5.5200000000000005
2775.0,-5.2
2776.0,-5.07
2777.0,-5.16
2778.0,-5.12
2779.0,-5.5600000000000005
2780.0,-5.24
2781.0,-5.03
2782.0,-5.03
2783.0,-5.01
2784.0,-1.0000000000000007
2785.0,-5.04
2786.0,-5.430000000000001
2787.0,-5.01
2788.0,-5.07
2789.0,-5.14
2790.0,-5.11
2791.0,-5.2
2792.0,-5.12
2793.0,-5.16
2794.0,-5.02
2795.0,-5.14
2796.0,-5.03
2797.0,-5.07
2798.0,-5.07
2799.0,-5.05
2800.0,-5.32
2801.0,-5.24
2802.0,-5.1
2803.0,-5.29
2804.0,-5.680000000000001
2805.0,-5.33
2806.0,-5.09
2807.0,-5.38
2808.0,-5.05
2809.0,-5.3500000000000005
2810.0,-5.09
2811.0,-5.430000000000001
2812.0,-5.48
2813.0,-5.4
2814.0,-5.22
2815.0,-5.14
2816.0,-5.08
2817.0,-5.08
2818.0,-5.03
2819.0,-5.05
2820.0,-5.16
2821.0,-5.2
2822.0,-5.3500000000000005
2823.0,-5.91
2824.0,-5.13
2825.0,-5.03
2826.0,-5.12
2827.0,-5.04
2828.0,-5.470000000000001
2829.0,-5.04
2830.0,-5.13
2831.0,-5.05
2832.0,-5.02
2833.0,-5.02
2834.0,-5.4
2835.0,-5.13
2836.0,-5.3500000000000005
2837.0,-5.16
2838.0,-5.06
2839.0,-5.17
2840.0,-5.22
2841.0,-5.09
2842.0,-5.04
2843.0,-5.04
2844.0,-5.03
2845.0,-5.06
2846.0,-5.33
2847.0,-5.22
2848.0,-5.920000000000001
2849.0,-5.3500000000000005
2850.0,-5.11
2851.0,-5.02
2852.0,-5.08
2853.0,-5.03
2854.0,-5.16
2855.0,-1.0000000000000007
2856.0,-5.2700000000000005
2857.0,-5.03
2858.0,-5.26
2859.0,-5.5600000000000005
2860.0,-5.44
2861.0,-5.11
2862.0,-5.26
2863.0,-5.03
2864.0,-5.06
2865.0,-5.03
2866.0,-5.18
2867.0,-5.22
2868.0,-5.01
2869.0,-5.8500000000000005
2870.0,-5.37
2871.0,-5.05
2872.0,-5.34
2873.0,-5.03
2874.0,-5.04
2875.0,-5.2700000000000005
2876.0,-5.3500000000000005
2877.0,-5.09
2878.0,-5.12
2879.0,-5.02
2880.0,-5.03
2881.0,-5.33
2882.0,-5.05
2883.0,-5.23
2884.0,-5.15
2885.0,-5.08
2886.0,-5.3500000000000005
2887.0,-5.08
2888.0,-5.870000000000001
2889.0,-5.02
2890.0,-5.550000000000001
2891.0,-5.03
2892.0,-5.04
2893.0,-5.15
2894.0,-5.74
2895.0,-5.26
2896.0,-5.08
2897.0,-5.05
2898.0,-5.04
2899.0,-5.04
2900.0,-5.18
2901.0,-5.17
2902.0,-5.07
2903.0,-5.05
2904.0,-5.15
2905.0,-5.15
2906.0,-1.0000000000000007
2907.0,-5.3
2908.0,-5.04
2909.0,-5.720000000000001
2910.0,-5.28
2911.0,-5.11
2912.0,-5.75
2913.0,-5.24
2914.0,-5.11
2915.0,-5.12
2916.0,-5.05
2917.0,-5.02
2918.0,-5.11
2919.0,-5.22
2920.0,-5.18
2921.0,-5.04
2922.0,-5.23
2923.0,-5.15
2924.0,-5.04
2925.0,-5.94
2926.0,-5.08
2927.0,-5.4
2928.0,-5.07
2929.0,-5.51
2930.0,-5.640000000000001
2931.0,-5.12
2932.0,-5.01
2933.0,-5.04
2934.0,-5.04
2935.0,-5.04
2936.0,-5.550000000000001
2937.0,-5.06
2938.0,-5.03
2939.0,-5.05
2940.0,-5.32
2941.0,-5.07
2942.0,-5.07
2943.0,-5.19
2944.0,-5.24
2945.0,-5.26
2946.0,-5.1
2947.0,-5.02
2948.0,-5.04
2949.0,-5.02
2950.0,-5.42
2951.0,-5.24
2952.0,-5.06
2953.0,-5.2700000000000005
2954.0,-5.03
2955.0,-5.05
2956.0,-5.02
2957.0,-5.01
2958.0,-5.640000000000001
2959.0,-5.06
2960.0,-5.19
2961.0,-5.1
2962.0,-5.470000000000001
2963.0,-5.22
2964.0,-5.3
2965.0,-5.2
2966.0,-5.07
2967.0,-5.09
2968.0,-5.02
2969.0,-5.09
2970.0,-5.04
2971.0,-5.06
2972.0,-5.02
2973.0,-5.12
2974.0,-5.1
2975.0,-5.26
2976.0,-5.1
2977.0,-5.02
2978.0,-5.16
2979.0,-5.15
2980.0,-5.09
2981.0,-5.06
2982.0,-5.05
2983.0,-5.01
2984.0,-5.09
2985.0,-5.83
2986.0,-5.3
2987.0,-5.01
2988.0,-5.29
2989.0,-5.06
2990.0,-5.24
2991.0,-5.04
2992.0,-5.26
2993.0,-5.49
2994.0,-5.07
2995.0,-5.03
2996.0,-5.13
2997.0,-5.15
2998.0,-5.02
2999.0,-5.03
3000.0,-5.02
3001.0,-5.12
3002.0,-5.06
3003.0,-5.03
3004.0,-5.3100000000000005
3005.0,-5.38
3006.0,-5.02
3007.0,-5.46
3008.0,-5.01
3009.0,-5.550000000000001
3010.0,-5.44
3011.0,-5.02
3012.0,-5.12
3013.0,-5.01
3014.0,-5.05
3015.0,-5.15
3016.0,-5.02
3017.0,-5.05
3018.0,-5.11
3019.0,-5.03
3020.0,-5.13
3021.0,-5.12
3022.0,-5.09
3023.0,-5.18
3024.0,-5.01
3025.0,-5.58
3026.0,-5.13
3027.0,-5.46
3028.0,-5.04
3029.0,-5.19
3030.0,-5.7700000000000005
3031.0,-5.09
3032.0,-5.7700000000000005
3033.0,-5.02
3034.0,-5.03
3035.0,-5.42
3036.0,-5.5600000000000005
3037.0,-5.9
3038.0,-5.02
3039.0,-5.02
3040.0,-5.54
3041.0,-5.03
3042.0,-5.57
3043.0,-5.02
3044.0,-5.05
3045.0,-5.34
3046.0,-5.18
3047.0,-5.07
3048.0,-1.0000000000000007
3049.0,-5.03
3050.0,-5.25
3051.0,-5.02
3052.0,-5.06
3053.0,-5.07
3054.0,-5.04
3055.0,-5.11
3056.0,-5.1
3057.0,-5.09
3058.0,-5.11
3059.0,-5.07
3060.0,-5.17
3061.0,-5.01
3062.0,-5.06
3063.0,-5.26
3064.0,-5.08
3065.0,-5.02
3066.0,-5.3
3067.0,-5.05
3068.0,-5.45
3069.0,-5.16
3070.0,-5.04
3071.0,-5.03
3072.0,-5.11
3073.0,-5.32
3074.0,-5.9
3075.0,-5.15
3076.0,-5.03
3077.0,-5.03
3078.0,-5.28
3079.0,-5.06
3080.0,-5.05
3081.0,-5.960000000000001
3082.0,-5.2700000000000005
3083.0,-5.04
3084.0,-5.16
3085.0,-5.02
3086.0,-5.05
3087.0,-5.26
3088.0,-5.9
3089.0,-5.16
3090.0,-5.01
3091.0,-5.4
3092.0,-5.73
3093.0,-5.21
3094.0,-5.3
3095.0,-1.0000000000000007
3096.0,-5.21
3097.0,-5.12
3098.0,-5.06
3099.0,-5.06
3100.0,-5.18
3101.0,-5.54
3102.0,-5.54
3103.0,-5.02
3104.0,-5.1
3105.0,-5.12
3106.0,-5.18
3107.0,-5.19
3108.0,-5.23
3109.0,-5.28
3110.0,-5.08
3111.0,-5.06
3112.0,-5.07
3113.0,-5.3100000000000005
3114.0,-5.12
3115.0,-5.11
3116.0,-5.05
3117.0,-5.54
3118.0,-5.04
3119.0,-5.14
3120.0,-5.2
3121.0,-5.24
3122.0,-5.15
3123.0,-5.14
3124.0,-5.11
3125.0,-5.640000000000001
3126.0,-5.01
3127.0,-5.06
3128.0,-5.36
3129.0,-5.11
3130.0,-5.14
3131.0,-5.04
3132.0,-5.13
3133.0,-5.05
3134.0,-5.07
3135.0,-5.4
3136.0,-5.04
3137.0,-5.2
3138.0,-5.22
3139.0,-5.02
3140.0,-5.07
3141.0,-5.07
3142.0,-5.3100000000000005
3143.0,-5.07
3144.0,-5.04
3145.0,-5.1
3146.0,-5.09
3147.0,-5.01
3148.0,-5.21
3149.0,-5.11
3150.0,-5.69
3151.0,-5.720000000000001
3152.0,-5.11
3153.0,-5.65
3154.0,-5.02
3155.0,-5.03
3156.0,-5.16
3157.0,-5.48
3158.0,-5.470000000000001
3159.0,-5.18
3160.0,-5.1
3161.0,-5.02
3162.0,-5.3
3163.0,-5.53
3164.0,-5.01
3165.0,-5.630000000000001
3166.0,-5.11
3167.0,-5.15
3168.0,-5.470000000000001
3169.0,-5.03
3170.0,-5.640000000000001
3171.0,-5.17
3172.0,-5.19
3173.0,-5.41
3174.0,-5.01
3175.0,-5.23
3176.0,-5.08
3177.0,-5.49
3178.0,-5.12
3179.0,-5.02
3180.0,-5.01
3181.0,-5.66
3182.0,-5.25
3183.0,-5.41
3184.0,-5.01
3185.0,-5.08
3186.0,-5.02
3187.0,-5.04
3188.0,-5.11
3189.0,-5.19
3190.0,-5.01
3191.0,-5.15
3192.0,-5.12
3193.0,-5.16
3194.0,-5.01
3195.0,-5.16
3196.0,-5.38
3197.0,-1.0000000000000007
3198.0,-5.16
3199.0,-5.2
3200.0,-5.78
3201.0,-5.01
3202.0,-5.05
3203.0,-5.04
3204.0,-5.06
3205.0,-5.04
3206.0,-5.61
3207.0,-5.06
3208.0,-5.46
3209.0,-5.49
3210.0,-5.14
3211.0,-5.03
3212.0,-5.23
3213.0,-5.01
3214.0,-5.05
3215.0,-1.0000000000000007
3216.0,-5.22
3217.0,-5.08
3218.0,-5.06
3219.0,-5.06
3220.0,-5.02
3221.0,-5.2700000000000005
3222.0,-5.5200000000000005
3223.0,-5.09
3224.0,-5.03
3225.0,-5.49
3226.0,-5.09
3227.0,-5.33
3228.0,-5.45
3229.0,-5.32
3230.0,-5.05
3231.0,-5.1
3232.0,-5.07
3233.0,-5.08
3234.0,-5.33
3235.0,-5.09
3236.0,-5.45
3237.0,-5.03
3238.0,-5.45
3239.0,-5.37
3240.0,-5.02
3241.0,-5.01
3242.0,-5.02
3243.0,-5.05
3244.0,-5.34
3245.0,-5.04
3246.0,-5.02
3247.0,-5.04
3248.0,-5.62
3249.0,-5.06
3250.0,-5.33
3251.0,-5.2
3252.0,-5.36
3253.0,-5.04
3254.0,-5.05
3255.0,-5.41
3256.0,-5.06
3257.0,-1.0000000000000007
3258.0,-5.02
3259.0,-5.11
3260.0,-5.06
3261.0,-5.05
3262.0,-5.11
3263.0,-5.02
3264.0,-5.02
3265.0,-5.32
3266.0,-5.07
3267.0,-5.03
3268.0,-5.73
3269.0,-5.19
3270.0,-5.1
3271.0,-5.11
3272.0,-5.05
3273.0,-5.05
3274.0,-5.16
3275.0,-5.02
3276.0,-5.1
3277.0,-5.5200000000000005
3278.0,-5.04
3279.0,-5.5
3280.0,-5.36
3281.0,-5.01
3282.0,-5.37
3283.0,-5.58
3284.0,-5.470000000000001
3285.0,-5.1
3286.0,-5.05
3287.0,-5.67
3288.0,-5.13
3289.0,-5.09
3290.0,-5.21
3291.0,-5.12
3292.0,-5.21
3293.0,-5.03
3294.0,-5.02
3295.0,-5.02
3296.0,-5.07
3297.0,-5.42
3298.0,-5.680000000000001
3299.0,-5.5
3300.0,-5.07
3301.0,-5.950000000000001
3302.0,-5.03
3303.0,-5.06
3304.0,-5.29
3305.0,-5.07
3306.0,-5.07
3307.0,-5.06
3308.0,-5.26
3309.0,-5.1
3310.0,-5.03
3311.0,-5.2
3312.0,-5.33
3313.0,-5.16
3314.0,-5.03
3315.0,-5.15
3316.0,-5.1
3317.0,-5.16
3318.0,-5.02
3319.0,-5.1
3320.0,-5.18
3321.0,-5.1
3322.0,-5.5600000000000005
3323.0,-5.05
3324.0,-5.08
3325.0,-5.09
3326.0,-5.22
3327.0,-5.1
3328.0,-5.09
3329.0,-5.720000000000001
3330.0,-5.5600000000000005
3331.0,-5.3500000000000005
3332.0,-5.22
3333.0,-5.12
3334.0,-5.33
3335.0,-5.12
3336.0,-5.32
3337.0,-5.05
3338.0,-5.08
3339.0,-5.34
3340.0,-5.01
3341.0,-5.09
3342.0,-5.1
3343.0,-5.05
3344.0,-5.14
3345.0,-5.04
3346.0,-5.36
3347.0,-5.4
3348.0,-5.04
3349.0,-5.2700000000000005
3350.0,-5.02
3351.0,-5.48
3352.0,-5.03
3353.0,-5.45
3354.0,-5.01
3355.0,-5.02
3356.0,-5.01
3357.0,-5.3
3358.0,-5.470000000000001
3359.0,-5.470000000000001
3360.0,-5.02
3361.0,-5.680000000000001
3362.0,-5.930000000000001
3363.0,-5.42
3364.0,-5.05
3365.0,-5.3
3366.0,-5.21
3367.0,-5.01
3368.0,-5.02
3369.0,-5.23
3370.0,-5.04
3371.0,-5.06
3372.0,-5.17
3373.0,-5.03
3374.0,-5.02
3375.0,-5.26
3376.0,-5.05
3377.0,-5.14
3378.0,-5.51
3379.0,-5.08
3380.0,-5.02
3381.0,-5.02
3382.0,-5.09
3383.0,-5.550000000000001
3384.0,-5.08
3385.0,-5.06
3386.0,-5.23
3387.0,-1.0000000000000007
3388.0,-5.14
3389.0,-5.2700000000000005
3390.0,-5.19
3391.0,-5.01
3392.0,-5.02
3393.0,-5.26
3394.0,-5.13
3395.0,-5.04
3396.0,-5.04
3397.0,-5.21
3398.0,-5.42
3399.0,-5.05
3400.0,-5.03
3401.0,-5.17
3402.0,-5.22
3403.0,-5.04
3404.0,-5.17
3405.0,-5.48
3406.0,-5.15
3407.0,-5.08
3408.0,-5.08
3409.0,-5.04
3410.0,-5.16
3411.0,-5.07
3412.0,-5.34
3413.0,-5.680000000000001
3414.0,-5.02
3415.0,-5.06
3416.0,-5.48
3417.0,-5.19
3418.0,-5.07
3419.0,-5.17
3420.0,-5.02
3421.0,-5.11
3422.0,-5.02
3423.0,-5.04
3424.0,-5.02
3425.0,-5.5
3426.0,-5.01
3427.0,-5.09
3428.0,-5.22
3429.0,-5.03
3430.0,-5.53
3431.0,-1.0000000000000007
3432.0,-5.05
3433.0,-5.13
3434.0,-5.08
3435.0,-5.08
3436.0,-5.04
3437.0,-5.04
3438.0,-5.01
3439.0,-5.03
3440.0,-5.2700000000000005
3441.0,-5.16
3442.0,-5.65
3443.0,-5.13
3444.0,-5.13
3445.0,-5.23
3446.0,-5.01
3447.0,-5.13
3448.0,-5.03
3449.0,-5.06
3450.0,-5.02
3451.0,-5.44
3452.0,-5.04
3453.0,-5.03
3454.0,-5.13
3455.0,-5.02
3456.0,-5.99
3457.0,-5.13
3458.0,-5.33
3459.0,-5.2700000000000005
3460.0,-5.02
3461.0,-5.14
3462.0,-5.09
3463.0,-5.05
3464.0,-5.3100000000000005
3465.0,-5.03
3466.0,-5.390000000000001
3467.0,-5.01
3468.0,-5.15
3469.0,-5.11
3470.0,-5.5200000000000005
3471.0,-5.38
3472.0,-5.46
3473.0,-5.2
3474.0,-5.14
3475.0,-5.02
3476.0,-5.04
3477.0,-5.05
3478.0,-5.12
3479.0,-5.430000000000001
3480.0,-5.41
3481.0,-5.16
3482.0,-5.430000000000001
3483.0,-5.07
3484.0,-5.02
3485.0,-5.09
3486.0,-5.49
3487.0,-5.05
3488.0,-5.06
3489.0,-5.03
3490.0,-5.1
3491.0,-5.1
3492.0,-5.02
3493.0,-5.04
3494.0,-5.09
3495.0,-5.3500000000000005
3496.0,-5.11
3497.0,-5.08
3498.0,-5.11
3499.0,-5.51
3500.0,-5.470000000000001
3501.0,-5.12
3502.0,-5.05
3503.0,-5.1
3504.0,-5.82
3505.0,-5.05
3506.0,-5.42
3507.0,-5.1
3508.0,-5.06
3509.0,-5.05
3510.0,-5.470000000000001
3511.0,-5.3100000000000005
3512.0,-5.15
3513.0,-5.09
3514.0,-5.3500000000000005
3515.0,-5.42
3516.0,-5.6000000000000005
3517.0,-5.04
3518.0,-5.15
3519.0,-5.640000000000001
3520.0,-5.3100000000000005
3521.0,-1.0000000000000007
3522.0,-5.01
3523.0,-5.01
3524.0,-5.14
3525.0,-5.01
3526.0,-1.0000000000000007
3527.0,-1.0000000000000007
3528.0,-5.41
3529.0,-5.02
3530.0,-5.07
3531.0,-5.03
3532.0,-5.15
3533.0,-5.07
3534.0,-5.44
3535.0,-5.28
3536.0,-5.470000000000001
3537.0,-5.09
3538.0,-5.23
3539.0,-5.33
3540.0,-5.18
3541.0,-5.34
3542.0,-5.23
3543.0,-5.16
3544.0,-5.22
3545.0,-5.11
3546.0,-5.04
3547.0,-5.03
3548.0,-5.04
3549.0,-5.14
3550.0,-5.07
3551.0,-5.03
3552.0,-5.09
3553.0,-5.03
3554.0,-5.3100000000000005
3555.0,-5.01
3556.0,-5.4
3557.0,-5.26
3558.0,-5.550000000000001
3559.0,-5.15
3560.0,-5.840000000000001
3561.0,-5.91
3562.0,-5.06
3563.0,-5.14
3564.0,-5.02
3565.0,-5.14
3566.0,-5.19
3567.0,-5.13
3568.0,-5.390000000000001
3569.0,-5.07
3570.0,-5.24
3571.0,-5.07
3572.0,-5.04
3573.0,-5.04
3574.0,-5.22
3575.0,-5.02
3576.0,-5.25
3577.0,-5.2700000000000005
3578.0,-5.02
3579.0,-5.430000000000001
3580.0,-5.04
3581.0,-5.05
3582.0,-5.14
3583.0,-5.06
3584.0,-5.5
3585.0,-1.0000000000000007
3586.0,-5.66
3587.0,-5.02
3588.0,-5.18
3589.0,-5.38
3590.0,-5.41
3591.0,-5.03
3592.0,-5.1
3593.0,-5.430000000000001
3594.0,-5.02
3595.0,-5.11
3596.0,-5.04
3597.0,-5.42
3598.0,-5.2
3599.0,-5.4
3600.0,-5.23
3601.0,-5.6000000000000005
3602.0,-5.02
3603.0,-5.04
3604.0,-5.03
3605.0,-5.8500000000000005
3606.0,-5.17
3607.0,-5.5
3608.0,-5.14
3609.0,-5.04
3610.0,-5.13
3611.0,-5.54
3612.0,-5.5
3613.0,-5.08
3614.0,-5.3500000000000005
3615.0,-5.05
3616.0,-5.11
3617.0,-5.05
3618.0,-5.06
3619.0,-5.23
3620.0,-5.53
3621.0,-5.03
3622.0,-5.41
3623.0,-5.21
3624.0,-5.02
3625.0,-5.02
3626.0,-5.22
3627.0,-5.59
3628.0,-5.26
3629.0,-5.3
3630.0,-5.07
3631.0,-5.01
3632.0,-5.02
3633.0,-5.12
3634.0,-5.32
3635.0,-5.02
3636.0,-5.02
3637.0,-5.25
3638.0,-5.02
3639.0,-5.49
3640.0,-5.73
3641.0,-5.13
3642.0,-5.7700000000000005
3643.0,-5.1
3644.0,-5.36
3645.0,-5.02
3646.0,-5.11
3647.0,-5.54
3648.0,-5.5
3649.0,-5.5200000000000005
3650.0,-5.04
3651.0,-5.14
3652.0,-5.17
3653.0,-5.390000000000001
3654.0,-5.21
3655.0,-5.02
3656.0,-5.02
3657.0,-5.18
3658.0,-5.6000000000000005
3659.0,-5.06
3660.0,-5.41
3661.0,-5.680000000000001
3662.0,-5.720000000000001
3663.0,-5.66
3664.0,-5.02
3665.0,-5.06
3666.0,-5.390000000000001
3667.0,-5.02
3668.0,-5.4
3669.0,-5.09
3670.0,-5.5200000000000005
3671.0,-5.07
3672.0,-5.800000000000001
3673.0,-5.2700000000000005
3674.0,-5.09
3675.0,-5.44
3676.0,-5.02
3677.0,-5.04
3678.0,-5.02
3679.0,-5.14
3680.0,-5.48
3681.0,-5.13
3682.0,-5.390000000000001
3683.0,-5.23
3684.0,-5.14
3685.0,-5.22
3686.0,-5.1
3687.0,-5.07
3688.0,-5.53
3689.0,-5.29
3690.0,-5.04
3691.0,-5.12
3692.0,-5.26
3693.0,-5.19
3694.0,-5.1
3695.0,-5.04
3696.0,-5.28
3697.0,-5.06
3698.0,-5.07
3699.0,-5.2
3700.0,-5.07
3701.0,-5.01
3702.0,-5.03
3703.0,-5.21
3704.0,-5.06
3705.0,-5.02
3706.0,-5.08
3707.0,-5.14
3708.0,-5.15
3709.0,-5.03
3710.0,-5.03
3711.0,-5.12
3712.0,-5.07
3713.0,-5.08
3714.0,-5.02
3715.0,-5.05
3716.0,-5.18
3717.0,-5.13
3718.0,-5.06
3719.0,-5.7700000000000005
3720.0,-5.06
3721.0,-5.32
3722.0,-5.07
3723.0,-5.06
3724.0,-5.880000000000001
3725.0,-5.06
3726.0,-5.01
3727.0,-5.840000000000001
3728.0,-1.0000000000000007
3729.0,-5.02
3730.0,-5.04
3731.0,-5.34
3732.0,-5.02
3733.0,-5.28
3734.0,-5.1
3735.0,-5.13
3736.0,-5.04
3737.0,-5.3500000000000005
3738.0,-5.48
3739.0,-5.24
3740.0,-5.09
3741.0,-5.29
3742.0,-5.04
3743.0,-5.04
3744.0,-5.05
3745.0,-5.05
3746.0,-5.02
3747.0,-5.1
3748.0,-5.05
3749.0,-5.07
3750.0,-1.0000000000000007
3751.0,-5.25
3752.0,-5.22
3753.0,-5.03
3754.0,-5.04
3755.0,-5.12
3756.0,-5.08
3757.0,-5.25
3758.0,-5.01
3759.0,-5.760000000000001
3760.0,-5.01
3761.0,-5.07
3762.0,-5.01
3763.0,-5.04
3764.0,-5.15
3765.0,-5.04
3766.0,-5.02
3767.0,-5.2700000000000005
3768.0,-5.02
3769.0,-5.2
3770.0,-5.03
3771.0,-5.41
3772.0,-5.04
3773.0,-5.03
3774.0,-5.37
3775.0,-5.5600000000000005
3776.0,-5.05
3777.0,-5.790000000000001
3778.0,-5.03
3779.0,-5.5200000000000005
3780.0,-5.07
3781.0,-5.05
3782.0,-5.16
3783.0,-5.18
3784.0,-5.920000000000001
3785.0,-5.13
3786.0,-5.02
3787.0,-5.09
3788.0,-5.09
3789.0,-5.03
3790.0,-5.05
3791.0,-5.05
3792.0,-5.23
3793.0,-5.05
3794.0,-5.24
3795.0,-5.32
3796.0,-5.04
3797.0,-5.07
3798.0,-5.62
3799.0,-5.34
3800.0,-5.03
3801.0,-5.18
3802.0,-5.59
3803.0,-5.12
3804.0,-5.05
3805.0,-5.05
3806.0,-5.03
3807.0,-5.800000000000001
3808.0,-5.13
3809.0,-5.02
3810.0,-5.08
3811.0,-5.01
3812.0,-5.49
3813.0,-5.02
3814.0,-5.06
3815.0,-5.07
3816.0,-5.32
3817.0,-5.07
3818.0,-5.99
3819.0,-5.34
3820.0,-5.470000000000001
3821.0,-5.06
3822.0,-5.09
3823.0,-5.2700000000000005
3824.0,-5.59
3825.0,-5.02
3826.0,-5.07
3827.0,-5.17
3828.0,-5.33
3829.0,-5.34
3830.0,-5.2700000000000005
3831.0,-5.06
3832.0,-5.06
3833.0,-5.05
3834.0,-5.07
3835.0,-5.09
3836.0,-5.03
3837.0,-5.04
3838.0,-5.41
3839.0,-5.17
3840.0,-5.08
3841.0,-5.03
3842.0,-5.03
3843.0,-5.6000000000000005
3844.0,-5.58
3845.0,-5.36
3846.0,-5.09
3847.0,-5.05
3848.0,-5.03
3849.0,-5.11
3850.0,-5.14
3851.0,-5.07
3852.0,-5.46
3853.0,-5.680000000000001
3854.0,-5.12
3855.0,-5.22
3856.0,-5.02
3857.0,-5.29
3858.0,-5.16
3859.0,-5.17
3860.0,-5.23
3861.0,-5.58
3862.0,-5.03
3863.0,-5.03
3864.0,-5.36
3865.0,-5.02
3866.0,-5.28
3867.0,-5.06
3868.0,-5.62
3869.0,-5.05
3870.0,-5.06
3871.0,-5.2
3872.0,-5.04
3873.0,-5.57
3874.0,-5.03
3875.0,-5.01
3876.0,-5.04
3877.0,-5.02
3878.0,-5.390000000000001
3879.0,-5.04
3880.0,-5.640000000000001
3881.0,-5.17
3882.0,-5.03
3883.0,-5.680000000000001
3884.0,-5.49
3885.0,-5.06
3886.0,-5.04
3887.0,-5.03
3888.0,-5.9
3889.0,-5.06
3890.0,-5.22
3891.0,-5.950000000000001
3892.0,-5.11
3893.0,-5.16
3894.0,-5.1
3895.0,-5.03
3896.0,-5.69
3897.0,-5.13
3898.0,-5.06
3899.0,-5.32
3900.0,-5.5600000000000005
3901.0,-5.1
3902.0,-1.0000000000000007
3903.0,-5.57
3904.0,-5.01
3905.0,-5.16
3906.0,-5.09
3907.0,-5.15
3908.0,-5.07
3909.0,-5.04
3910.0,-5.05
3911.0,-5.18
3912.0,-5.12
3913.0,-5.09
3914.0,-5.13
3915.0,-5.1
3916.0,-5.22
3917.0,-5.04
3918.0,-5.09
3919.0,-5.1
3920.0,-5.07
3921.0,-5.23
3922.0,-5.13
3923.0,-5.59
3924.0,-5.18
3925.0,-5.11
3926.0,-5.04
3927.0,-5.02
3928.0,-5.03
3929.0,-5.7700000000000005
3930.0,-5.05
3931.0,-5.07
3932.0,-5.05
3933.0,-5.15
3934.0,-5.91
3935.0,-5.65
3936.0,-5.05
3937.0,-5.04
3938.0,-5.21
3939.0,-1.0000000000000007
3940.0,-5.1
3941.0,-5.03
3942.0,-5.800000000000001
3943.0,-5.32
3944.0,-5.17
3945.0,-5.04
3946.0,-5.34
3947.0,-5.15
3948.0,-5.03
3949.0,-5.04
3950.0,-5.61
3951.0,-5.08
3952.0,-5.04
3953.0,-5.01
3954.0,-5.3
3955.0,-5.03
3956.0,-5.41
3957.0,-5.14
3958.0,-5.3500000000000005
3959.0,-5.57
3960.0,-5.02
3961.0,-5.2700000000000005
3962.0,-5.29
3963.0,-5.790000000000001
3964.0,-5.11
3965.0,-1.0000000000000007
3966.0,-5.06
3967.0,-5.3
3968.0,-5.17
3969.0,-5.14
3970.0,-5.13
3971.0,-5.02
3972.0,-5.34
3973.0,-5.1
3974.0,-5.26
3975.0,-5.05
3976.0,-5.54
3977.0,-5.36
3978.0,-5.16
3979.0,-5.06
3980.0,-5.22
3981.0,-5.12
3982.0,-5.930000000000001
3983.0,-5.03
3984.0,-5.05
3985.0,-5.03
3986.0,-5.05
3987.0,-5.970000000000001
3988.0,-5.25
3989.0,-5.04
3990.0,-5.9
3991.0,-5.06
3992.0,-5.04
3993.0,-5.46
3994.0,-5.2
3995.0,-5.2
3996.0,-5.08
3997.0,-5.09
3998.0,-5.11
3999.0,-5.11
4000.0,-5.3100000000000005
4001.0,-5.02
4002.0,-5.17
4003.0,-5.02
4004.0,-5.36
4005.0,-5.630000000000001
4006.0,-5.1
4007.0,-5.03
4008.0,-5.42
4009.0,-5.19
4010.0,-5.45
4011.0,-5.58
4012.0,-5.06
4013.0,-5.04
4014.0,-5.2
4015.0,-5.11
4016.0,-5.17
4017.0,-5.5200000000000005
4018.0,-5.29
4019.0,-5.03
4020.0,-5.14
4021.0,-5.08
4022.0,-5.02
4023.0,-5.07
4024.0,-5.74
4025.0,-5.33
4026.0,-5.11
4027.0,-5.07
4028.0,-5.3
4029.0,-5.07
4030.0,-5.22
4031.0,-5.02
4032.0,-5.01
4033.0,-5.37
4034.0,-5.13
4035.0,-5.14
4036.0,-5.13
4037.0,-5.11
4038.0,-5.24
4039.0,-5.12
4040.0,-5.05
4041.0,-5.03
4042.0,-5.390000000000001
4043.0,-5.58
4044.0,-5.61
4045.0,-5.04
4046.0,-5.3500000000000005
4047.0,-5.02
4048.0,-5.6000000000000005
4049.0,-5.11
4050.0,-5.08
4051.0,-5.03
4052.0,-5.760000000000001
4053.0,-5.02
4054.0,-5.02
4055.0,-5.04
4056.0,-5.07
4057.0,-5.22
4058.0,-5.07
4059.0,-5.32
4060.0,-5.51
4061.0,-5.08
4062.0,-5.69
4063.0,-5.51
4064.0,-5.02
4065.0,-5.02
4066.0,-5.3
4067.0,-5.01
4068.0,-5.07
4069.0,-5.48
4070.0,-5.08
4071.0,-5.03
4072.0,-5.13
4073.0,-5.02
4074.0,-5.67
4075.0,-5.29
4076.0,-5.11
4077.0,-5.14
4078.0,-5.16
4079.0,-5.23
4080.0,-5.640000000000001
4081.0,-5.32
4082.0,-5.7700000000000005
4083.0,-5.03
4084.0,-5.03
4085.0,-5.14
4086.0,-5.37
4087.0,-5.03
4088.0,-5.5600000000000005
4089.0,-5.13
4090.0,-5.01
4091.0,-5.01
4092.0,-5.23
4093.0,-5.2700000000000005
4094.0,-5.21
4095.0,-5.26
4096.0,-5.03
4097.0,-5.1
4098.0,-5.1
4099.0,-5.05
4100.0,-5.02
4101.0,-5.07
4102.0,-5.390000000000001
4103.0,-5.09
4104.0,-5.01
4105.0,-5.66
4106.0,-5.49
4107.0,-5.05
4108.0,-5.15
4109.0,-5.04
4110.0,-5.37
4111.0,-5.02
4112.0,-5.25
4113.0,-5.5600000000000005
4114.0,-5.03
4115.0,-5.04
4116.0,-5.1
4117.0,-5.37
4118.0,-5.07
4119.0,-5.12
4120.0,-5.18
4121.0,-5.640000000000001
4122.0,-5.07
4123.0,-5.07
4124.0,-5.12
4125.0,-5.14
4126.0,-5.4
4127.0,-5.08
4128.0,-5.11
4129.0,-5.06
4130.0,-5.8100000000000005
4131.0,-5.03
4132.0,-5.01
4133.0,-5.890000000000001
4134.0,-5.51
4135.0,-5.38
4136.0,-5.03
4137.0,-5.2700000000000005
4138.0,-5.470000000000001
4139.0,-5.07
4140.0,-5.02
4141.0,-5.24
4142.0,-5.02
4143.0,-5.16
4144.0,-5.12
4145.0,-5.01
4146.0,-5.32
4147.0,-5.46
4148.0,-5.02
4149.0,-5.08
4150.0,-5.11
4151.0,-5.04
4152.0,-5.22
4153.0,-5.390000000000001
4154.0,-5.14
4155.0,-5.01
4156.0,-5.3
4157.0,-5.03
4158.0,-5.08
4159.0,-5.800000000000001
4160.0,-5.15
4161.0,-5.11
4162.0,-5.640000000000001
4163.0,-5.21
4164.0,-5.05
4165.0,-5.06
4166.0,-5.05
4167.0,-5.5600000000000005
4168.0,-5.06
4169.0,-5.08
4170.0,-5.45
4171.0,-5.16
4172.0,-5.03
4173.0,-5.02
4174.0,-5.23
4175.0,-5.8100000000000005
4176.0,-5.05
4177.0,-5.3500000000000005
4178.0,-5.12
4179.0,-5.03
4180.0,-5.26
4181.0,-5.17
4182.0,-5.44
4183.0,-5.04
4184.0,-5.1
4185.0,-5.02
4186.0,-5.58
4187.0,-5.51
4188.0,-5.1
4189.0,-5.01
4190.0,-5.09
4191.0,-5.25
4192.0,-5.13
4193.0,-5.28
4194.0,-5.03
4195.0,-5.03
4196.0,-5.18
4197.0,-5.28
4198.0,-5.01
4199.0,-5.3
4200.0,-5.06
4201.0,-5.02
4202.0,-5.22
4203.0,-5.21
4204.0,-5.36
4205.0,-5.11
4206.0,-5.16
4207.0,-5.37
4208.0,-5.62
4209.0,-5.45
4210.0,-5.51
4211.0,-5.23
4212.0,-5.1
4213.0,-5.05
4214.0,-1.0000000000000007
4215.0,-5.5200000000000005
4216.0,-5.03
4217.0,-5.29
4218.0,-5.02
4219.0,-5.41
4220.0,-5.05
4221.0,-5.34
4222.0,-5.3
4223.0,-5.06
4224.0,-5.01
4225.0,-5.08
4226.0,-5.01
4227.0,-5.28
4228.0,-5.75
4229.0,-5.02
4230.0,-5.06
4231.0,-5.09
4232.0,-5.930000000000001
4233.0,-5.04
4234.0,-5.23
4235.0,-5.53
4236.0,-5.06
4237.0,-5.1
4238.0,-5.02
4239.0,-5.38
4240.0,-5.26
4241.0,-5.08
4242.0,-5.04
4243.0,-5.37
4244.0,-5.37
4245.0,-5.16
4246.0,-5.17
4247.0,-5.05
4248.0,-5.03
4249.0,-5.13
4250.0,-5.08
4251.0,-5.04
4252.0,-5.44
4253.0,-5.05
4254.0,-5.6000000000000005
4255.0,-1.0000000000000007
4256.0,-5.06
4257.0,-5.05
4258.0,-5.04
4259.0,-5.05
4260.0,-5.16
4261.0,-5.02
4262.0,-5.12
4263.0,-5.48
4264.0,-5.390000000000001
4265.0,-5.4
4266.0,-5.03
4267.0,-5.12
4268.0,-5.03
4269.0,-5.12
4270.0,-5.02
4271.0,-5.11
4272.0,-5.02
4273.0,-5.83
4274.0,-5.17
4275.0,-5.04
4276.0,-5.5600000000000005
4277.0,-5.26
4278.0,-5.21
4279.0,-5.32
4280.0,-5.36
4281.0,-5.07
4282.0,-5.04
4283.0,-5.02
4284.0,-5.550000000000001
4285.0,-5.37
4286.0,-5.16
4287.0,-5.3
4288.0,-5.04
4289.0,-5.02
4290.0,-5.05
4291.0,-5.62
4292.0,-5.5
4293.0,-5.08
4294.0,-5.57
4295.0,-5.04
4296.0,-5.08
4297.0,-5.3500000000000005
4298.0,-5.14
4299.0,-5.82
4300.0,-5.06
4301.0,-5.1
4302.0,-5.5200000000000005
4303.0,-5.46
4304.0,-5.06
4305.0,-5.1
4306.0,-5.09
4307.0,-5.7700000000000005
4308.0,-5.04
4309.0,-5.01
4310.0,-5.3
4311.0,-5.09
4312.0,-5.3100000000000005
4313.0,-5.58
4314.0,-5.25
4315.0,-5.17
4316.0,-5.03
4317.0,-5.12
4318.0,-5.1
4319.0,-5.36
4320.0,-5.19
4321.0,-5.28
4322.0,-1.0000000000000007
4323.0,-5.01
4324.0,-5.28
4325.0,-5.02
4326.0,-5.26
4327.0,-5.12
4328.0,-5.09
4329.0,-5.59
4330.0,-5.08
4331.0,-5.15
4332.0,-5.01
4333.0,-5.04
4334.0,-5.42
4335.0,-5.07
4336.0,-5.57
4337.0,-5.42
4338.0,-5.05
4339.0,-5.04
4340.0,-5.04
4341.0,-5.66
4342.0,-5.07
4343.0,-5.17
4344.0,-5.08
4345.0,-5.03
4346.0,-5.1
4347.0,-5.06
4348.0,-5.07
4349.0,-5.75
4350.0,-5.32
4351.0,-5.17
4352.0,-5.07
4353.0,-5.16
4354.0,-5.37
4355.0,-5.34
4356.0,-5.45
4357.0,-5.03
4358.0,-5.62
4359.0,-5.36
4360.0,-5.09
4361.0,-5.2
4362.0,-5.02
4363.0,-5.61
4364.0,-5.01
4365.0,-5.07
4366.0,-5.03
4367.0,-5.54
4368.0,-5.03
4369.0,-5.12
4370.0,-5.04
4371.0,-5.640000000000001
4372.0,-5.03
4373.0,-5.44
4374.0,-5.1
4375.0,-5.04
4376.0,-5.790000000000001
4377.0,-5.01
4378.0,-5.09
4379.0,-5.02
4380.0,-5.32
4381.0,-5.05
4382.0,-5.03
4383.0,-5.03
4384.0,-5.38
4385.0,-5.01
4386.0,-5.44
4387.0,-5.45
4388.0,-5.09
4389.0,-5.03
4390.0,-5.37
4391.0,-5.69
4392.0,-5.34
4393.0,-5.2
4394.0,-5.3500000000000005
4395.0,-5.720000000000001
4396.0,-5.3500000000000005
4397.0,-5.4
4398.0,-5.02
4399.0,-5.15
4400.0,-5.02
4401.0,-5.41
4402.0,-5.15
4403.0,-5.390000000000001
4404.0,-5.37
4405.0,-5.86
4406.0,-5.05
4407.0,-5.13
4408.0,-5.630000000000001
4409.0,-5.14
4410.0,-5.29
4411.0,-5.15
4412.0,-5.09
4413.0,-5.02
4414.0,-5.23
4415.0,-5.05
4416.0,-5.13
4417.0,-5.13
4418.0,-5.02
4419.0,-5.32
4420.0,-5.06
4421.0,-5.02
4422.0,-5.29
4423.0,-5.2
4424.0,-5.13
4425.0,-5.2
4426.0,-5.430000000000001
4427.0,-1.0000000000000007
4428.0,-5.03
4429.0,-5.04
4430.0,-5.01
4431.0,-5.65
4432.0,-5.21
4433.0,-5.28
4434.0,-5.14
4435.0,-5.17
4436.0,-5.05
4437.0,-5.880000000000001
4438.0,-5.03
4439.0,-5.12
4440.0,-5.390000000000001
4441.0,-5.73
4442.0,-5.03
4443.0,-5.470000000000001
4444.0,-5.28
4445.0,-5.07
4446.0,-5.17
4447.0,-5.4
4448.0,-5.14
4449.0,-5.02
4450.0,-5.12
4451.0,-5.05
4452.0,-5.6000000000000005
4453.0,-5.01
4454.0,-5.03
4455.0,-5.21
4456.0,-5.05
4457.0,-5.15
4458.0,-5.07
4459.0,-5.790000000000001
4460.0,-5.4
4461.0,-5.36
4462.0,-5.05
4463.0,-5.02
4464.0,-5.12
4465.0,-5.41
4466.0,-5.05
4467.0,-5.51
4468.0,-5.28
4469.0,-5.03
4470.0,-5.02
4471.0,-5.9
4472.0,-5.3
4473.0,-5.62
4474.0,-5.09
4475.0,-5.630000000000001
4476.0,-5.61
4477.0,-5.21
4478.0,-5.03
4479.0,-5.18
4480.0,-5.54
4481.0,-5.22
4482.0,-5.22
4483.0,-5.05
4484.0,-5.04
4485.0,-5.04
4486.0,-5.02
4487.0,-5.3500000000000005
4488.0,-5.2
4489.0,-5.02
4490.0,-5.02
4491.0,-5.04
4492.0,-5.09
4493.0,-5.06
4494.0,-5.38
4495.0,-5.05
4496.0,-5.2700000000000005
4497.0,-5.14
4498.0,-5.03
4499.0,-5.1
4500.0,-5.3
4501.0,-5.14
4502.0,-5.19
4503.0,-5.760000000000001
4504.0,-5.01
4505.0,-5.13
4506.0,-5.49
4507.0,-5.05
4508.0,-5.18
4509.0,-5.16
4510.0,-5.05
4511.0,-5.1
4512.0,-5.05
4513.0,-5.01
4514.0,-5.3100000000000005
4515.0,-5.15
4516.0,-5.02
4517.0,-5.08
4518.0,-5.45
4519.0,-5.21
4520.0,-5.3500000000000005
4521.0,-5.06
4522.0,-5.03
4523.0,-5.5200000000000005
4524.0,-5.08
4525.0,-5.3100000000000005
4526.0,-5.760000000000001
4527.0,-5.08
4528.0,-5.02
4529.0,-5.09
4530.0,-5.4
4531.0,-5.3
4532.0,-5.12
4533.0,-5.36
4534.0,-5.05
4535.0,-5.07
4536.0,-5.1
4537.0,-5.04
4538.0,-5.34
4539.0,-5.34
4540.0,-5.8500000000000005
4541.0,-5.06
4542.0,-5.04
4543.0,-5.05
4544.0,-5.13
4545.0,-5.38
4546.0,-5.45
4547.0,-5.65
4548.0,-5.12
4549.0,-5.15
4550.0,-5.01
4551.0,-5.06
4552.0,-5.37
4553.0,-5.07
4554.0,-5.02
4555.0,-5.05
4556.0,-5.5600000000000005
4557.0,-5.48
4558.0,-5.07
4559.0,-5.4
4560.0,-5.06
4561.0,-5.06
4562.0,-5.2
4563.0,-5.22
4564.0,-5.58
4565.0,-5.09
4566.0,-5.03
4567.0,-5.04
4568.0,-5.04
4569.0,-5.05
4570.0,-5.53
4571.0,-5.03
4572.0,-5.1
4573.0,-5.5600000000000005
4574.0,-5.04
4575.0,-5.11
4576.0,-5.02
4577.0,-5.11
4578.0,-5.48
4579.0,-5.59
4580.0,-5.02
4581.0,-5.54
4582.0,-5.01
4583.0,-5.05
4584.0,-5.11
4585.0,-5.1
4586.0,-5.14
4587.0,-5.49
4588.0,-5.04
4589.0,-5.710000000000001
4590.0,-5.06
4591.0,-5.08
4592.0,-5.17
4593.0,-5.02
4594.0,-5.34
4595.0,-5.04
4596.0,-5.2
4597.0,-1.0000000000000007
4598.0,-5.16
4599.0,-5.33
4600.0,-5.57
4601.0,-5.16
4602.0,-5.24
4603.0,-5.05
4604.0,-5.03
4605.0,-1.0000000000000007
4606.0,-5.62
4607.0,-5.07
4608.0,-5.69
4609.0,-5.02
4610.0,-5.32
4611.0,-5.02
4612.0,-1.0000000000000007
4613.0,-5.03
4614.0,-5.04
4615.0,-5.4
4616.0,-5.03
4617.0,-1.0000000000000007
4618.0,-5.02
4619.0,-5.03
4620.0,-5.14
4621.0,-5.03
4622.0,-5.62
4623.0,-5.38
4624.0,-5.08
4625.0,-5.2
4626.0,-5.760000000000001
4627.0,-5.14
4628.0,-5.01
4629.0,-5.1
4630.0,-5.07
4631.0,-5.58
4632.0,-5.4
4633.0,-5.02
4634.0,-5.08
4635.0,-5.01
4636.0,-5.07
4637.0,-5.03
4638.0,-5.22
4639.0,-5.2700000000000005
4640.0,-5.37
4641.0,-5.7
4642.0,-5.640000000000001
4643.0,-5.08
4644.0,-5.06
4645.0,-5.24
4646.0,-1.0000000000000007
4647.0,-5.1
4648.0,-5.02
4649.0,-5.13
4650.0,-5.41
4651.0,-5.11
4652.0,-5.05
4653.0,-5.01
4654.0,-5.06
4655.0,-5.15
4656.0,-5.02
4657.0,-5.05
4658.0,-5.16
4659.0,-5.07
4660.0,-5.08
4661.0,-5.1
4662.0,-5.03
4663.0,-5.19
4664.0,-5.19
4665.0,-5.26
4666.0,-5.19
4667.0,-5.04
4668.0,-5.13
4669.0,-5.36
4670.0,-5.49
4671.0,-5.04
4672.0,-5.66
4673.0,-5.5600000000000005
4674.0,-5.04
4675.0,-5.03
4676.0,-5.06
4677.0,-5.13
4678.0,-5.390000000000001
4679.0,-5.59
4680.0,-5.53
4681.0,-5.05
4682.0,-5.25
4683.0,-5.08
4684.0,-5.07
4685.0,-5.470000000000001
4686.0,-5.58
4687.0,-5.04
4688.0,-5.550000000000001
4689.0,-5.390000000000001
4690.0,-5.02
4691.0,-1.0000000000000007
4692.0,-5.03
4693.0,-5.44
4694.0,-5.53
4695.0,-5.08
4696.0,-5.470000000000001
4697.0,-5.1
4698.0,-5.01
4699.0,-5.04
4700.0,-5.11
4701.0,-5.21
4702.0,-5.430000000000001
4703.0,-5.34
4704.0,-5.430000000000001
4705.0,-5.08
4706.0,-5.28
4707.0,-5.03
4708.0,-5.02
4709.0,-5.37
4710.0,-5.3100000000000005
4711.0,-5.44
4712.0,-5.800000000000001
4713.0,-5.01
4714.0,-5.01
4715.0,-5.02
4716.0,-5.44
4717.0,-5.24
4718.0,-5.3
4719.0,-5.62
4720.0,-5.02
4721.0,-5.06
4722.0,-5.03
4723.0,-5.28
4724.0,-5.24
4725.0,-5.430000000000001
4726.0,-5.24
4727.0,-5.16
4728.0,-5.14
4729.0,-5.57
4730.0,-5.06
4731.0,-5.16
4732.0,-5.08
4733.0,-5.28
4734.0,-5.01
4735.0,-5.06
4736.0,-5.710000000000001
4737.0,-5.57
4738.0,-5.08
4739.0,-5.470000000000001
4740.0,-5.470000000000001
4741.0,-5.02
4742.0,-5.04
4743.0,-5.02
4744.0,-5.11
4745.0,-5.41
4746.0,-5.08
4747.0,-5.37
4748.0,-1.0000000000000007
4749.0,-5.06
4750.0,-5.12
4751.0,-5.04
4752.0,-5.09
4753.0,-5.86
4754.0,-5.22
4755.0,-5.03
4756.0,-5.11
4757.0,-5.08
4758.0,-5.12
4759.0,-5.05
4760.0,-5.58
4761.0,-5.1
4762.0,-5.21
4763.0,-5.23
4764.0,-1.0000000000000007
4765.0,-5.22
4766.0,-5.06
4767.0,-5.5200000000000005
4768.0,-5.46
4769.0,-5.01
4770.0,-5.33
4771.0,-5.26
4772.0,-5.13
4773.0,-5.03
4774.0,-5.07
4775.0,-5.430000000000001
4776.0,-5.01
4777.0,-5.13
4778.0,-5.07
4779.0,-5.01
4780.0,-5.04
4781.0,-1.0000000000000007
4782.0,-5.1
4783.0,-5.05
4784.0,-5.3100000000000005
4785.0,-5.16
4786.0,-5.2
4787.0,-5.36
4788.0,-5.23
4789.0,-5.06
4790.0,-5.16
4791.0,-5.14
4792.0,-5.5200000000000005
4793.0,-5.58
4794.0,-5.390000000000001
4795.0,-5.02
4796.0,-5.04
4797.0,-5.04
4798.0,-5.02
4799.0,-5.44
4800.0,-5.59
4801.0,-5.46
4802.0,-5.25
4803.0,-5.09
4804.0,-5.04
4805.0,-5.970000000000001
4806.0,-5.04
4807.0,-5.04
4808.0,-5.18
4809.0,-5.11
4810.0,-5.24
4811.0,-5.28
4812.0,-5.02
4813.0,-5.02
4814.0,-5.59
4815.0,-5.05
4816.0,-5.08
4817.0,-5.29
4818.0,-5.1
4819.0,-5.26
4820.0,-5.19
4821.0,-5.46
4822.0,-5.1
4823.0,-5.09
4824.0,-5.12
4825.0,-5.470000000000001
4826.0,-5.04
4827.0,-5.06
4828.0,-5.3500000000000005
4829.0,-5.3
4830.0,-5.36
4831.0,-5.03
4832.0,-5.08
4833.0,-5.14
4834.0,-5.1
4835.0,-5.16
4836.0,-5.65
4837.0,-5.51
4838.0,-5.67
4839.0,-5.28
4840.0,-5.430000000000001
4841.0,-5.01
4842.0,-5.04
4843.0,-5.04
4844.0,-5.04
4845.0,-5.08
4846.0,-5.25
4847.0,-5.22
4848.0,-5.06
4849.0,-5.22
4850.0,-5.82
4851.0,-5.02
4852.0,-5.390000000000001
4853.0,-5.09
4854.0,-5.09
4855.0,-5.03
4856.0,-5.07
4857.0,-5.03
4858.0,-5.02
4859.0,-5.58
4860.0,-5.12
4861.0,-5.08
4862.0,-5.06
4863.0,-5.05
4864.0,-5.03
4865.0,-5.04
4866.0,-5.02
4867.0,-5.15
4868.0,-5.02
4869.0,-5.19
4870.0,-5.34
4871.0,-5.54
4872.0,-5.54
4873.0,-5.24
4874.0,-5.06
4875.0,-5.73
4876.0,-5.430000000000001
4877.0,-5.04
4878.0,-5.13
4879.0,-5.2
4880.0,-5.07
4881.0,-5.32
4882.0,-5.38
4883.0,-5.4
4884.0,-5.25
4885.0,-5.51
4886.0,-5.24
4887.0,-5.06
4888.0,-5.3500000000000005
4889.0,-5.25
4890.0,-5.550000000000001
4891.0,-5.2700000000000005
4892.0,-5.3100000000000005
4893.0,-5.2700000000000005
4894.0,-5.18
4895.0,-5.11
4896.0,-5.03
4897.0,-5.02
4898.0,-5.3100000000000005
4899.0,-5.24
4900.0,-5.03
4901.0,-5.25
4902.0,-5.390000000000001
4903.0,-5.03
4904.0,-5.3100000000000005
4905.0,-5.02
4906.0,-5.69
4907.0,-5.04
4908.0,-5.5
4909.0,-5.3500000000000005
4910.0,-5.11
4911.0,-5.2
4912.0,-5.08
4913.0,-5.53
4914.0,-5.37
4915.0,-5.05
4916.0,-5.7
4917.0,-5.32
4918.0,-5.54
4919.0,-5.16
4920.0,-5.28
4921.0,-5.08
4922.0,-5.24
4923.0,-5.02
4924.0,-5.36
4925.0,-5.03
4926.0,-5.01
4927.0,-5.06
4928.0,-5.5
4929.0,-5.01
4930.0,-5.03
4931.0,-5.19
4932.0,-5.36
4933.0,-5.03
4934.0,-5.2700000000000005
4935.0,-5.24
4936.0,-5.08
4937.0,-5.03
4938.0,-5.99
4939.0,-5.34
4940.0,-5.16
4941.0,-5.02
4942.0,-5.58
4943.0,-5.04
4944.0,-5.5600000000000005
4945.0,-5.04
4946.0,-5.02
4947.0,-5.05
4948.0,-5.42
4949.0,-5.2
4950.0,-5.04
4951.0,-5.02
4952.0,-5.23
4953.0,-5.05
4954.0,-5.08
4955.0,-5.2
4956.0,-5.07
4957.0,-5.32
4958.0,-5.550000000000001
4959.0,-5.470000000000001
4960.0,-5.06
4961.0,-5.24
4962.0,-5.07
4963.0,-5.1
4964.0,-5.01
4965.0,-5.8500000000000005
4966.0,-5.12
4967.0,-5.09
4968.0,-5.01
4969.0,-5.05
4970.0,-5.36
4971.0,-5.640000000000001
4972.0,-5.02
4973.0,-5.54
4974.0,-5.54
4975.0,-5.34
4976.0,-5.3100000000000005
4977.0,-5.2
4978.0,-5.04
4979.0,-5.03
4980.0,-5.45
4981.0,-5.6000000000000005
4982.0,-5.03
4983.0,-5.29
4984.0,-5.5200000000000005
4985.0,-5.42
4986.0,-5.05
4987.0,-5.53
4988.0,-5.12
4989.0,-5.23
4990.0,-5.05
4991.0,-5.07
4992.0,-5.18
4993.0,-5.36
4994.0,-5.62
4995.0,-5.41
4996.0,-5.05
4997.0,-5.41
4998.0,-5.05
4999.0,-5.34
5000.0,-5.13
5001.0,-5.03
5002.0,-5.890000000000001
5003.0,-5.710000000000001
5004.0,-5.08
5005.0,-5.11
5006.0,-5.11
5007.0,-5.41
5008.0,-5.05
5009.0,-5.12
5010.0,-5.1
5011.0,-5.03
5012.0,-5.36
5013.0,-5.2
5014.0,-5.28
5015.0,-5.03
5016.0,-5.02
5017.0,-5.13
5018.0,-5.02
5019.0,-5.07
5020.0,-5.36
5021.0,-5.42
5022.0,-5.06
5023.0,-5.21
5024.0,-5.870000000000001
5025.0,-5.05
5026.0,-5.04
5027.0,-5.37
5028.0,-5.06
5029.0,-5.04
5030.0,-5.01
5031.0,-5.03
5032.0,-5.25
5033.0,-5.5200000000000005
5034.0,-5.01
5035.0,-5.12
5036.0,-5.13
5037.0,-5.26
5038.0,-5.04
5039.0,-5.5200000000000005
5040.0,-5.46
5041.0,-5.29
5042.0,-5.02
5043.0,-5.05
5044.0,-5.09
5045.0,-5.08
5046.0,-5.09
5047.0,-5.3500000000000005
5048.0,-5.37
5049.0,-5.67
5050.0,-5.1
5051.0,-5.04
5052.0,-5.02
5053.0,-5.09
5054.0,-5.08
5055.0,-5.49
5056.0,-5.05
5057.0,-5.36
5058.0,-5.75
5059.0,-5.45
5060.0,-5.840000000000001
5061.0,-5.83
5062.0,-5.430000000000001
5063.0,-5.07
5064.0,-5.33
5065.0,-5.51
5066.0,-5.01
5067.0,-5.02
5068.0,-5.02
5069.0,-5.13
5070.0,-5.37
5071.0,-5.06
5072.0,-5.2
5073.0,-5.22
5074.0,-5.04
5075.0,-5.34
5076.0,-5.15
5077.0,-5.11
5078.0,-5.18
5079.0,-5.01
5080.0,-5.09
5081.0,-5.21
5082.0,-5.13
5083.0,-5.3500000000000005
5084.0,-5.62
5085.0,-5.37
5086.0,-5.13
5087.0,-5.03
5088.0,-5.69
5089.0,-5.2700000000000005
5090.0,-5.710000000000001
5091.0,-5.11
5092.0,-5.04
5093.0,-5.07
5094.0,-5.74
5095.0,-5.04
5096.0,-5.24
5097.0,-5.62
5098.0,-5.02
5099.0,-5.04
5100.0,-5.04
5101.0,-5.34
5102.0,-5.03
5103.0,-5.02
5104.0,-5.390000000000001
5105.0,-1.0000000000000007
5106.0,-5.01
5107.0,-5.12
5108.0,-5.23
5109.0,-5.02
5110.0,-5.61
5111.0,-5.1
5112.0,-5.02
5113.0,-5.05
5114.0,-5.07
5115.0,-5.04
5116.0,-5.03
5117.0,-5.29
5118.0,-5.29
5119.0,-5.2700000000000005
5120.0,-5.24
5121.0,-5.32
5122.0,-5.59
5123.0,-5.13
5124.0,-5.23
5125.0,-5.21
5126.0,-5.19
5127.0,-5.04
5128.0,-5.62
5129.0,-5.05
5130.0,-5.5200000000000005
5131.0,-5.14
5132.0,-5.09
5133.0,-5.13
5134.0,-5.34
5135.0,-5.04
5136.0,-5.03
5137.0,-5.1
5138.0,-5.02
5139.0,-5.38
5140.0,-5.23
5141.0,-5.16
5142.0,-5.07
5143.0,-5.36
5144.0,-5.49
5145.0,-5.08
5146.0,-5.790000000000001
5147.0,-5.1
5148.0,-5.07
5149.0,-5.49
5150.0,-1.0000000000000007
5151.0,-5.06
5152.0,-5.02
5153.0,-5.09
5154.0,-5.06
5155.0,-5.3
5156.0,-5.630000000000001
5157.0,-5.48
5158.0,-5.46
5159.0,-5.790000000000001
5160.0,-5.1
5161.0,-5.09
5162.0,-5.22
5163.0,-5.07
5164.0,-5.13
5165.0,-5.08
5166.0,-5.37
5167.0,-5.5
5168.0,-5.03
5169.0,-5.38
5170.0,-5.04
5171.0,-5.04
5172.0,-5.840000000000001
5173.0,-5.16
5174.0,-5.02
5175.0,-5.8100000000000005
5176.0,-5.44
5177.0,-5.08
5178.0,-5.15
5179.0,-5.17
5180.0,-5.02
5181.0,-5.23
5182.0,-5.07
5183.0,-5.01
5184.0,-5.02
5185.0,-5.08
5186.0,-5.2700000000000005
5187.0,-5.09
5188.0,-5.02
5189.0,-5.02
5190.0,-5.6000000000000005
5191.0,-5.06
5192.0,-5.08
5193.0,-5.18
5194.0,-5.02
5195.0,-5.23
5196.0,-5.36
5197.0,-5.1
5198.0,-5.38
5199.0,-5.13
5200.0,-5.04
5201.0,-5.14
5202.0,-5.02
5203.0,-5.29
5204.0,-5.34
5205.0,-5.07
5206.0,-5.760000000000001
5207.0,-5.4
5208.0,-1.0000000000000007
5209.0,-5.08
5210.0,-5.01
5211.0,-5.18
5212.0,-5.45
5213.0,-5.6000000000000005
5214.0,-5.14
5215.0,-5.28
5216.0,-5.22
5217.0,-5.13
5218.0,-5.2700000000000005
5219.0,-5.08
5220.0,-5.65
5221.0,-5.09
5222.0,-5.6000000000000005
5223.0,-5.09
5224.0,-5.07
5225.0,-5.21
5226.0,-5.18
5227.0,-5.630000000000001
5228.0,-5.06
5229.0,-5.02
5230.0,-5.12
5231.0,-5.03
5232.0,-5.11
5233.0,-1.0000000000000007
5234.0,-5.41
5235.0,-5.4
5236.0,-5.04
5237.0,-5.48
5238.0,-5.32
5239.0,-5.04
5240.0,-5.07
5241.0,-5.04
5242.0,-5.01
5243.0,-5.12
5244.0,-5.33
5245.0,-5.02
5246.0,-5.03
5247.0,-5.42
5248.0,-5.05
5249.0,-1.0000000000000007
5250.0,-5.720000000000001
5251.0,-5.36
5252.0,-5.1
5253.0,-5.09
5254.0,-5.07
5255.0,-5.01
5256.0,-5.4
5257.0,-5.930000000000001
5258.0,-5.06
5259.0,-5.04
5260.0,-5.470000000000001
5261.0,-5.03
5262.0,-5.18
5263.0,-5.08
5264.0,-5.32
5265.0,-5.01
5266.0,-5.32
5267.0,-5.58
5268.0,-5.2
5269.0,-5.02
5270.0,-5.03
5271.0,-5.29
5272.0,-5.17
5273.0,-5.24
5274.0,-5.01
5275.0,-5.48
5276.0,-5.07
5277.0,-5.11
5278.0,-5.06
5279.0,-1.0000000000000007
5280.0,-5.03
5281.0,-5.12
5282.0,-5.28
5283.0,-5.17
5284.0,-5.05
5285.0,-5.2
5286.0,-5.83
5287.0,-5.01
5288.0,-5.01
5289.0,-5.12
5290.0,-5.04
5291.0,-5.06
5292.0,-5.16
5293.0,-5.05
5294.0,-5.05
5295.0,-5.11
5296.0,-5.22
5297.0,-5.02
5298.0,-5.640000000000001
5299.0,-5.16
5300.0,-1.0000000000000007
5301.0,-5.22
5302.0,-5.09
5303.0,-5.7
5304.0,-5.06
5305.0,-5.01
5306.0,-5.15
5307.0,-5.01
5308.0,-5.02
5309.0,-5.01
5310.0,-5.06
5311.0,-5.62
5312.0,-5.550000000000001
5313.0,-5.21
5314.0,-5.04
5315.0,-5.03
5316.0,-5.470000000000001
5317.0,-5.05
5318.0,-5.13
5319.0,-5.66
5320.0,-1.0000000000000007
5321.0,-5.06
5322.0,-5.04
5323.0,-5.02
5324.0,-5.390000000000001
5325.0,-5.03
5326.0,-5.18
5327.0,-1.0000000000000007
5328.0,-5.32
5329.0,-5.66
5330.0,-5.05
5331.0,-5.02
5332.0,-5.48
5333.0,-5.78
5334.0,-5.06
5335.0,-5.05
5336.0,-5.11
5337.0,-5.06
5338.0,-5.33
5339.0,-5.06
5340.0,-5.1
5341.0,-5.1
5342.0,-5.05
5343.0,-5.17
5344.0,-5.01
5345.0,-5.16
5346.0,-5.840000000000001
5347.0,-5.02
5348.0,-5.01
5349.0,-5.5200000000000005
5350.0,-5.29
5351.0,-5.430000000000001
5352.0,-5.66
5353.0,-5.04
5354.0,-5.03
5355.0,-5.18
5356.0,-5.03
5357.0,-5.16
5358.0,-5.03
5359.0,-5.41
5360.0,-5.07
5361.0,-5.36
5362.0,-5.01
5363.0,-5.02
5364.0,-5.01
5365.0,-5.29
5366.0,-5.09
5367.0,-5.18
5368.0,-5.04
5369.0,-5.1
5370.0,-5.07
5371.0,-5.53
5372.0,-5.07
5373.0,-5.03
5374.0,-5.06
5375.0,-5.26
5376.0,-5.06
5377.0,-5.05
5378.0,-5.49
5379.0,-5.12
5380.0,-5.54
5381.0,-5.06
5382.0,-5.02
5383.0,-5.07
5384.0,-5.01
5385.0,-5.17
5386.0,-5.07
5387.0,-5.37
5388.0,-5.05
5389.0,-5.41
5390.0,-5.3
5391.0,-5.21
5392.0,-5.03
5393.0,-5.08
5394.0,-5.32
5395.0,-5.3
5396.0,-5.06
5397.0,-5.11
5398.0,-5.03
5399.0,-5.1
5400.0,-5.04
5401.0,-5.16
5402.0,-5.01
5403.0,-5.430000000000001
5404.0,-5.04
5405.0,-5.21
5406.0,-5.06
5407.0,-5.03
5408.0,-5.710000000000001
5409.0,-5.04
5410.0,-5.09
5411.0,-5.2700000000000005
5412.0,-5.02
5413.0,-5.06
5414.0,-5.36
5415.0,-5.09
5416.0,-5.2
5417.0,-5.08
5418.0,-5.69
5419.0,-5.01
5420.0,-5.03
5421.0,-5.3100000000000005
5422.0,-5.06
5423.0,-5.05
5424.0,-5.1
5425.0,-5.1
5426.0,-5.59
5427.0,-5.18
5428.0,-5.17
5429.0,-5.07
5430.0,-5.09
5431.0,-5.12
5432.0,-5.3500000000000005
5433.0,-1.0000000000000007
5434.0,-5.21
5435.0,-5.1
5436.0,-5.73
5437.0,-5.01
5438.0,-5.08
5439.0,-5.07
5440.0,-5.720000000000001
5441.0,-5.05
5442.0,-5.05
5443.0,-5.03
5444.0,-5.38
5445.0,-5.2
5446.0,-5.03
5447.0,-5.3500000000000005
5448.0,-5.09
5449.0,-5.3100000000000005
5450.0,-5.19
5451.0,-5.2
5452.0,-5.73
5453.0,-5.03
5454.0,-5.06
5455.0,-5.04
5456.0,-5.03
5457.0,-5.33
5458.0,-5.1
5459.0,-5.06
5460.0,-5.09
5461.0,-5.04
5462.0,-5.5
5463.0,-5.3100000000000005
5464.0,-5.01
5465.0,-5.03
5466.0,-5.15
5467.0,-5.06
5468.0,-5.02
5469.0,-5.16
5470.0,-5.12
5471.0,-5.12
5472.0,-5.5
5473.0,-5.29
5474.0,-5.14
5475.0,-5.02
5476.0,-5.18
5477.0,-5.42
5478.0,-5.49
5479.0,-5.62
5480.0,-5.01
5481.0,-5.06
5482.0,-5.37
5483.0,-5.05
5484.0,-5.12
5485.0,-5.430000000000001
5486.0,-5.3100000000000005
5487.0,-5.46
5488.0,-5.22
5489.0,-5.02
5490.0,-5.03
5491.0,-5.02
5492.0,-5.14
5493.0,-5.3100000000000005
5494.0,-5.13
5495.0,-5.07
5496.0,-5.3500000000000005
5497.0,-5.3500000000000005
5498.0,-5.3
5499.0,-5.37
5500.0,-1.0000000000000007
5501.0,-5.01
5502.0,-5.29
5503.0,-5.01
5504.0,-5.08
5505.0,-5.58
5506.0,-5.3100000000000005
5507.0,-5.45
5508.0,-5.3500000000000005
5509.0,-5.11
5510.0,-5.550000000000001
5511.0,-5.14
5512.0,-5.02
5513.0,-5.18
5514.0,-5.16
5515.0,-5.12
5516.0,-5.05
5517.0,-5.04
5518.0,-5.07
5519.0,-5.22
5520.0,-5.28
5521.0,-5.46
5522.0,-5.07
5523.0,-5.22
5524.0,-5.32
5525.0,-5.05
5526.0,-5.08
5527.0,-5.28
5528.0,-5.3
5529.0,-5.29
5530.0,-5.08
5531.0,-5.1
5532.0,-5.06
5533.0,-5.09
5534.0,-5.17
5535.0,-5.05
5536.0,-5.23
5537.0,-5.03
5538.0,-5.46
5539.0,-5.26
5540.0,-5.24
5541.0,-5.23
5542.0,-5.790000000000001
5543.0,-5.26
5544.0,-5.57
5545.0,-5.09
5546.0,-5.1
5547.0,-5.3500000000000005
5548.0,-5.04
5549.0,-5.11
5550.0,-5.1
5551.0,-5.05
5552.0,-5.25
5553.0,-5.86
5554.0,-5.05
5555.0,-5.01
5556.0,-5.06
5557.0,-5.03
5558.0,-5.03
5559.0,-5.08
5560.0,-5.06
5561.0,-5.54
5562.0,-5.640000000000001
5563.0,-5.07
5564.0,-5.02
5565.0,-5.36
5566.0,-5.930000000000001
5567.0,-5.430000000000001
5568.0,-5.840000000000001
5569.0,-5.29
5570.0,-5.03
5571.0,-5.33
5572.0,-5.390000000000001
5573.0,-5.3500000000000005
5574.0,-5.15
5575.0,-5.19
5576.0,-5.05
5577.0,-5.11
5578.0,-5.16
5579.0,-5.12
5580.0,-5.08
5581.0,-5.45
5582.0,-5.14
5583.0,-5.03
5584.0,-5.34
5585.0,-5.12
5586.0,-5.22
5587.0,-5.760000000000001
5588.0,-5.17
5589.0,-5.14
5590.0,-5.36
5591.0,-5.08
5592.0,-5.02
5593.0,-5.11
5594.0,-5.01
5595.0,-5.04
5596.0,-5.05
5597.0,-5.25
5598.0,-5.3500000000000005
5599.0,-5.12
5600.0,-5.17
5601.0,-5.390000000000001
5602.0,-5.14
5603.0,-5.26
5604.0,-5.02
5605.0,-5.01
5606.0,-5.04
5607.0,-5.06
5608.0,-5.03
5609.0,-5.66
5610.0,-5.23
5611.0,-5.62
5612.0,-5.58
5613.0,-5.09
5614.0,-5.14
5615.0,-5.2700000000000005
5616.0,-5.05
5617.0,-5.3100000000000005
5618.0,-5.470000000000001
5619.0,-5.06
5620.0,-5.03
5621.0,-5.15
5622.0,-5.02
5623.0,-5.09
5624.0,-5.06
5625.0,-5.21
5626.0,-5.75
5627.0,-5.66
5628.0,-5.23
5629.0,-5.01
5630.0,-5.48
5631.0,-5.29
5632.0,-5.73
5633.0,-5.05
5634.0,-5.15
5635.0,-5.01
5636.0,-5.03
5637.0,-5.57
5638.0,-5.950000000000001
5639.0,-5.36
5640.0,-5.36
5641.0,-5.15
5642.0,-5.03
5643.0,-5.07
5644.0,-5.04
5645.0,-5.41
5646.0,-5.03
5647.0,-5.25
5648.0,-5.01
5649.0,-5.05
5650.0,-5.02
5651.0,-5.5200000000000005
5652.0,-5.07
5653.0,-5.49
5654.0,-5.2700000000000005
5655.0,-5.24
5656.0,-5.17
5657.0,-5.04
5658.0,-5.640000000000001
5659.0,-5.02
5660.0,-5.01
5661.0,-5.07
5662.0,-5.4
5663.0,-5.890000000000001
5664.0,-5.05
5665.0,-5.29
5666.0,-5.430000000000001
5667.0,-5.53
5668.0,-5.03
5669.0,-5.3500000000000005
5670.0,-5.03
5671.0,-5.41
5672.0,-5.14
5673.0,-5.04
5674.0,-5.5
5675.0,-5.1
5676.0,-5.21
5677.0,-5.12
5678.0,-5.430000000000001
5679.0,-5.61
5680.0,-5.16
5681.0,-5.3100000000000005
5682.0,-5.62
5683.0,-5.02
5684.0,-5.12
5685.0,-5.36
5686.0,-5.05
5687.0,-5.04
5688.0,-5.16
5689.0,-5.12
5690.0,-5.24
5691.0,-5.02
5692.0,-5.03
5693.0,-5.02
5694.0,-5.01
5695.0,-5.26
5696.0,-5.24
5697.0,-5.33
5698.0,-5.13
5699.0,-5.4
5700.0,-5.5600000000000005
5701.0,-5.58
5702.0,-5.16
5703.0,-5.17
5704.0,-5.32
5705.0,-5.4
5706.0,-5.03
5707.0,-5.44
5708.0,-5.01
5709.0,-5.3100000000000005
5710.0,-5.640000000000001
5711.0,-5.21
5712.0,-5.18
5713.0,-5.29
5714.0,-5.02
5715.0,-5.01
5716.0,-5.02
5717.0,-5.02
5718.0,-5.28
5719.0,-5.07
5720.0,-5.08
5721.0,-5.3100000000000005
5722.0,-5.41
5723.0,-5.08
5724.0,-5.05
5725.0,-5.04
5726.0,-5.1
5727.0,-5.33
5728.0,-5.45
5729.0,-5.04
5730.0,-5.01
5731.0,-5.840000000000001
5732.0,-5.38
5733.0,-5.1
5734.0,-5.02
5735.0,-5.37
5736.0,-5.3100000000000005
5737.0,-5.15
5738.0,-5.11
5739.0,-5.02
5740.0,-5.550000000000001
5741.0,-5.67
5742.0,-5.04
5743.0,-5.69
5744.0,-5.07
5745.0,-5.950000000000001
5746.0,-5.06
5747.0,-5.03
5748.0,-5.13
5749.0,-5.3
5750.0,-5.61
5751.0,-5.04
5752.0,-5.13
5753.0,-5.21
5754.0,-5.390000000000001
5755.0,-5.15
5756.0,-5.2
5757.0,-5.11
5758.0,-5.390000000000001
5759.0,-5.07
5760.0,-5.680000000000001
5761.0,-5.51
5762.0,-5.45
5763.0,-5.07
5764.0,-5.74
5765.0,-5.3100000000000005
5766.0,-5.07
5767.0,-5.07
5768.0,-5.13
5769.0,-5.03
5770.0,-5.28
5771.0,-5.06
5772.0,-5.710000000000001
5773.0,-5.13
5774.0,-5.13
5775.0,-5.07
5776.0,-5.46
5777.0,-5.02
5778.0,-5.67
5779.0,-5.4
5780.0,-5.22
5781.0,-5.49
5782.0,-5.59
5783.0,-5.04
5784.0,-5.54
5785.0,-5.73
5786.0,-5.03
5787.0,-5.01
5788.0,-5.14
5789.0,-5.18
5790.0,-5.11
5791.0,-5.45
5792.0,-5.06
5793.0,-5.13
5794.0,-5.11
5795.0,-5.12
5796.0,-5.26
5797.0,-5.69
5798.0,-5.42
5799.0,-5.01
5800.0,-5.44
5801.0,-5.01
5802.0,-5.09
5803.0,-5.1
5804.0,-5.06
5805.0,-5.04
5806.0,-5.24
5807.0,-5.26
5808.0,-5.01
5809.0,-5.05
5810.0,-5.04
5811.0,-5.05
5812.0,-5.22
5813.0,-5.53
5814.0,-5.3100000000000005
5815.0,-5.16
5816.0,-5.07
5817.0,-5.51
5818.0,-5.06
5819.0,-5.03
5820.0,-5.13
5821.0,-5.550000000000001
5822.0,-5.06
5823.0,-5.25
5824.0,-5.23
5825.0,-5.09
5826.0,-5.59
5827.0,-5.02
5828.0,-5.98
5829.0,-5.02
5830.0,-5.390000000000001
5831.0,-5.04
5832.0,-5.04
5833.0,-5.36
5834.0,-5.01
5835.0,-5.5200000000000005
5836.0,-5.02
5837.0,-5.05
5838.0,-5.02
5839.0,-5.15
5840.0,-5.98
5841.0,-5.02
5842.0,-5.54
5843.0,-5.48
5844.0,-5.06
5845.0,-5.630000000000001
5846.0,-5.1
5847.0,-5.7
5848.0,-5.25
5849.0,-5.3100000000000005
5850.0,-5.15
5851.0,-5.03
5852.0,-5.48
5853.0,-5.13
5854.0,-5.32
5855.0,-5.24
5856.0,-5.69
5857.0,-5.02
5858.0,-5.5600000000000005
5859.0,-5.04
5860.0,-5.04
5861.0,-5.12
5862.0,-5.04
5863.0,-5.03
5864.0,-5.09
5865.0,-5.06
5866.0,-5.02
5867.0,-5.04
5868.0,-5.04
5869.0,-5.83
5870.0,-5.04
5871.0,-5.46
5872.0,-5.04
5873.0,-5.03
5874.0,-5.03
5875.0,-5.02
5876.0,-5.26
5877.0,-5.13
5878.0,-5.17
5879.0,-5.08
5880.0,-5.390000000000001
5881.0,-5.22
5882.0,-5.46
5883.0,-5.13
5884.0,-5.3
5885.0,-5.1
5886.0,-5.09
5887.0,-5.42
5888.0,-5.3
5889.0,-5.12
5890.0,-5.42
5891.0,-5.07
5892.0,-5.32
5893.0,-5.61
5894.0,-5.04
5895.0,-5.45
5896.0,-5.02
5897.0,-1.0000000000000007
5898.0,-5.4
5899.0,-5.05
5900.0,-5.91
5901.0,-5.01
5902.0,-5.5200000000000005
5903.0,-5.08
5904.0,-5.04
5905.0,-5.3100000000000005
5906.0,-5.44
5907.0,-5.22
5908.0,-5.44
5909.0,-5.12
5910.0,-1.0000000000000007
5911.0,-5.06
5912.0,-5.630000000000001
5913.0,-5.44
5914.0,-5.65
5915.0,-5.2
5916.0,-5.06
5917.0,-5.08
5918.0,-5.790000000000001
5919.0,-5.61
5920.0,-5.550000000000001
5921.0,-5.01
5922.0,-5.66
5923.0,-5.16
5924.0,-5.04
5925.0,-5.04
5926.0,-5.33
5927.0,-5.3100000000000005
5928.0,-5.14
5929.0,-5.94
5930.0,-5.11
5931.0,-5.4
5932.0,-5.38
5933.0,-5.17
5934.0,-5.44
5935.0,-5.22
5936.0,-5.21
5937.0,-5.06
5938.0,-5.3100000000000005
5939.0,-5.1
5940.0,-5.3100000000000005
5941.0,-5.14
5942.0,-1.0000000000000007
5943.0,-5.38
5944.0,-5.06
5945.0,-5.720000000000001
5946.0,-5.01
5947.0,-5.44
5948.0,-5.07
5949.0,-5.19
5950.0,-5.5600000000000005
5951.0,-5.6000000000000005
5952.0,-5.15
5953.0,-5.03
5954.0,-5.05
5955.0,-5.41
5956.0,-5.13
5957.0,-5.33
5958.0,-5.01
5959.0,-5.33
5960.0,-5.24
5961.0,-1.0000000000000007
5962.0,-5.12
5963.0,-5.42
5964.0,-5.02
5965.0,-5.07
5966.0,-5.09
5967.0,-5.880000000000001
5968.0,-5.21
5969.0,-5.03
5970.0,-5.01
5971.0,-5.01
5972.0,-5.51
5973.0,-5.01
5974.0,-5.11
5975.0,-5.01
5976.0,-5.04
5977.0,-5.04
5978.0,-5.01
5979.0,-5.01
5980.0,-5.04
5981.0,-5.03
5982.0,-5.390000000000001
5983.0,-5.42
5984.0,-5.880000000000001
5985.0,-5.01
5986.0,-5.02
5987.0,-5.05
5988.0,-5.890000000000001
5989.0,-5.02
5990.0,-5.12
5991.0,-5.09
5992.0,-5.05
5993.0,-5.05
5994.0,-5.800000000000001
5995.0,-5.640000000000001
5996.0,-5.07
5997.0,-5.06
5998.0,-5.3500000000000005
5999.0,-5.2700000000000005
6000.0,-5.66
6001.0,-5.14
6002.0,-5.01
6003.0,-5.11
6004.0,-5.04
6005.0,-5.05
6006.0,-5.2700000000000005
6007.0,-5.1
6008.0,-5.07
6009.0,-5.15
6010.0,-5.5
6011.0,-5.04
6012.0,-5.02
6013.0,-5.37
6014.0,-5.13
6015.0,-5.19
6016.0,-5.03
6017.0,-5.07
6018.0,-5.32
6019.0,-5.09
6020.0,-5.22
6021.0,-5.23
6022.0,-5.04
6023.0,-5.24
6024.0,-5.03
6025.0,-5.44
6026.0,-5.01
6027.0,-5.19
6028.0,-5.25
6029.0,-5.06
6030.0,-5.82
6031.0,-5.2700000000000005
6032.0,-5.13
6033.0,-5.09
6034.0,-5.17
6035.0,-5.75
6036.0,-5.06
6037.0,-5.1
6038.0,-5.17
6039.0,-5.25
6040.0,-5.33
6041.0,-5.42
6042.0,-5.13
6043.0,-5.19
6044.0,-5.1
6045.0,-5.28
6046.0,-5.3
6047.0,-5.6000000000000005
6048.0,-5.45
6049.0,-5.58
6050.0,-5.57
6051.0,-5.790000000000001
6052.0,-5.02
6053.0,-5.06
6054.0,-5.48
6055.0,-5.11
6056.0,-5.13
6057.0,-5.3500000000000005
6058.0,-5.04
6059.0,-5.15
6060.0,-5.09
6061.0,-5.08
6062.0,-5.640000000000001
6063.0,-5.51
6064.0,-5.37
6065.0,-5.22
6066.0,-5.99
6067.0,-5.11
6068.0,-5.03
6069.0,-5.02
6070.0,-5.53
6071.0,-5.05
6072.0,-5.07
6073.0,-5.26
6074.0,-5.04
6075.0,-5.03
6076.0,-5.57
6077.0,-5.32
6078.0,-5.03
6079.0,-5.7700000000000005
6080.0,-5.44
6081.0,-5.04
6082.0,-5.3100000000000005
6083.0,-5.22
6084.0,-5.720000000000001
6085.0,-5.07
6086.0,-5.07
6087.0,-5.470000000000001
6088.0,-1.0000000000000007
6089.0,-5.26
6090.0,-5.24
6091.0,-5.430000000000001
6092.0,-5.12
6093.0,-5.6000000000000005
6094.0,-5.08
6095.0,-5.7
6096.0,-5.11
6097.0,-5.1
6098.0,-5.01
6099.0,-5.06
6100.0,-5.1
6101.0,-5.03
6102.0,-5.15
6103.0,-5.24
6104.0,-5.03
6105.0,-5.11
6106.0,-5.680000000000001
6107.0,-5.19
6108.0,-5.1
6109.0,-5.04
6110.0,-5.09
6111.0,-5.04
6112.0,-5.02
6113.0,-5.3
6114.0,-1.0000000000000007
6115.0,-5.04
6116.0,-5.36
6117.0,-5.880000000000001
6118.0,-5.430000000000001
6119.0,-5.34
6120.0,-5.06
6121.0,-5.07
6122.0,-5.02
6123.0,-5.46
6124.0,-5.06
6125.0,-5.18
6126.0,-5.5200000000000005
6127.0,-5.51
6128.0,-5.3100000000000005
6129.0,-5.05
6130.0,-5.08
6131.0,-5.22
6132.0,-5.640000000000001
6133.0,-5.03
6134.0,-5.01
6135.0,-5.05
6136.0,-5.18
6137.0,-5.5600000000000005
6138.0,-5.03
6139.0,-5.390000000000001
6140.0,-5.21
6141.0,-5.57
6142.0,-5.02
6143.0,-5.2
6144.0,-5.640000000000001
6145.0,-5.04
6146.0,-5.09
6147.0,-5.45
6148.0,-5.05
6149.0,-5.03
6150.0,-1.0000000000000007
6151.0,-5.390000000000001
6152.0,-5.04
6153.0,-5.42
6154.0,-5.07
6155.0,-5.13
6156.0,-5.26
6157.0,-5.06
6158.0,-5.1
6159.0,-5.48
6160.0,-5.04
6161.0,-5.44
6162.0,-5.16
6163.0,-5.470000000000001
6164.0,-5.02
6165.0,-5.3100000000000005
6166.0,-5.05
6167.0,-5.51
6168.0,-5.48
6169.0,-5.15
6170.0,-5.02
6171.0,-5.5200000000000005
6172.0,-5.03
6173.0,-5.13
6174.0,-5.49
6175.0,-5.34
6176.0,-5.03
6177.0,-5.03
6178.0,-1.0000000000000007
6179.0,-5.800000000000001
6180.0,-5.44
6181.0,-5.15
6182.0,-5.760000000000001
6183.0,-5.05
6184.0,-5.03
6185.0,-5.41
6186.0,-5.03
6187.0,-5.04
6188.0,-5.01
6189.0,-5.04
6190.0,-5.32
6191.0,-5.04
6192.0,-5.04
6193.0,-5.03
6194.0,-5.07
6195.0,-5.23
6196.0,-5.05
6197.0,-5.1
6198.0,-5.7
6199.0,-5.62
6200.0,-5.11
6201.0,-5.16
6202.0,-5.13
6203.0,-5.23
6204.0,-5.5200000000000005
6205.0,-5.03
6206.0,-5.16
6207.0,-5.51
6208.0,-5.8100000000000005
6209.0,-5.21
6210.0,-5.58
6211.0,-5.550000000000001
6212.0,-5.03
6213.0,-5.03
6214.0,-5.2
6215.0,-5.14
6216.0,-5.21
6217.0,-5.62
6218.0,-5.19
6219.0,-5.33
6220.0,-5.13
6221.0,-5.42
6222.0,-5.5200000000000005
6223.0,-5.6000000000000005
6224.0,-5.04
6225.0,-5.11
6226.0,-5.08
6227.0,-5.2700000000000005
6228.0,-5.22
6229.0,-5.03
6230.0,-5.11
6231.0,-5.03
6232.0,-5.02
6233.0,-5.12
6234.0,-5.26
6235.0,-5.05
6236.0,-5.06
6237.0,-5.3100000000000005
6238.0,-5.01
6239.0,-5.16
6240.0,-5.01
6241.0,-5.3
6242.0,-5.06
6243.0,-5.07
6244.0,-5.21
6245.0,-5.8100000000000005
6246.0,-5.13
6247.0,-5.15
6248.0,-5.73
6249.0,-5.36
6250.0,-5.01
6251.0,-5.05
6252.0,-5.630000000000001
6253.0,-5.04
6254.0,-5.07
6255.0,-5.54
6256.0,-5.13
6257.0,-5.13
6258.0,-5.04
6259.0,-5.02
6260.0,-5.16
6261.0,-5.48
6262.0,-5.26
6263.0,-5.04
6264.0,-5.01
6265.0,-5.54
6266.0,-5.1
6267.0,-5.53
6268.0,-5.21
6269.0,-5.46
6270.0,-5.49
6271.0,-5.02
6272.0,-5.06
6273.0,-5.58
6274.0,-5.03
6275.0,-5.08
6276.0,-5.01
6277.0,-5.3500000000000005
6278.0,-5.07
6279.0,-5.25
6280.0,-5.03
6281.0,-5.15
6282.0,-5.14
6283.0,-5.21
6284.0,-5.01
6285.0,-5.26
6286.0,-5.49
6287.0,-5.17
6288.0,-5.06
6289.0,-5.02
6290.0,-5.04
6291.0,-5.34
6292.0,-5.16
6293.0,-5.62
6294.0,-5.02
6295.0,-5.1
6296.0,-5.37
6297.0,-5.3500000000000005
6298.0,-5.02
6299.0,-5.01
6300.0,-5.02
6301.0,-5.15
6302.0,-5.57
6303.0,-5.13
6304.0,-5.37
6305.0,-5.02
6306.0,-5.05
6307.0,-5.11
6308.0,-5.54
6309.0,-5.06
6310.0,-5.11
6311.0,-5.05
6312.0,-5.04
6313.0,-5.02
6314.0,-5.14
6315.0,-5.01
6316.0,-5.05
6317.0,-5.65
6318.0,-5.03
6319.0,-5.14
6320.0,-5.19
6321.0,-5.03
6322.0,-5.15
6323.0,-5.02
6324.0,-5.29
6325.0,-5.720000000000001
6326.0,-5.57
6327.0,-5.1
6328.0,-5.54
6329.0,-5.13
6330.0,-5.33
6331.0,-5.01
6332.0,-5.15
6333.0,-5.2
6334.0,-5.03
6335.0,-5.13
6336.0,-5.01
6337.0,-5.04
6338.0,-5.33
6339.0,-5.1
6340.0,-5.04
6341.0,-5.62
6342.0,-5.01
6343.0,-5.04
6344.0,-5.02
6345.0,-5.09
6346.0,-5.19
6347.0,-5.02
6348.0,-5.23
6349.0,-5.36
6350.0,-5.02
6351.0,-5.01
6352.0,-5.29
6353.0,-5.02
6354.0,-5.17
6355.0,-5.59
6356.0,-5.03
6357.0,-5.3
6358.0,-5.630000000000001
6359.0,-5.25
6360.0,-5.16
6361.0,-5.04
6362.0,-5.05
6363.0,-5.08
6364.0,-5.32
6365.0,-5.3100000000000005
6366.0,-5.05
6367.0,-5.2
6368.0,-5.05
6369.0,-5.470000000000001
6370.0,-5.3100000000000005
6371.0,-5.49
6372.0,-5.03
6373.0,-5.01
6374.0,-5.01
6375.0,-1.0000000000000007
6376.0,-5.07
6377.0,-5.630000000000001
6378.0,-5.38
6379.0,-5.06
6380.0,-5.04
6381.0,-5.18
6382.0,-5.19
6383.0,-5.36
6384.0,-5.46
6385.0,-5.17
6386.0,-5.05
6387.0,-5.9
6388.0,-5.33
6389.0,-5.08
6390.0,-5.03
6391.0,-5.45
6392.0,-5.5600000000000005
6393.0,-5.03
6394.0,-5.07
6395.0,-5.02
6396.0,-5.06
6397.0,-5.470000000000001
6398.0,-5.3500000000000005
6399.0,-5.02
6400.0,-5.13
6401.0,-5.5200000000000005
6402.0,-5.11
6403.0,-5.06
6404.0,-5.05
6405.0,-5.04
6406.0,-5.06
6407.0,-5.08
6408.0,-5.74
6409.0,-5.02
6410.0,-5.02
6411.0,-5.13
6412.0,-5.37
6413.0,-5.720000000000001
6414.0,-5.07
6415.0,-5.3
6416.0,-5.03
6417.0,-5.24
6418.0,-5.24
6419.0,-5.04
6420.0,-5.13
6421.0,-5.01
6422.0,-5.4
6423.0,-5.04
6424.0,-5.05
6425.0,-5.07
6426.0,-5.19
6427.0,-5.41
6428.0,-5.720000000000001
6429.0,-5.02
6430.0,-5.02
6431.0,-5.09
6432.0,-5.4
6433.0,-5.13
6434.0,-5.07
6435.0,-5.2700000000000005
6436.0,-5.2
6437.0,-5.05
6438.0,-5.33
6439.0,-5.22
6440.0,-5.06
6441.0,-5.12
6442.0,-5.67
6443.0,-5.2700000000000005
6444.0,-5.02
6445.0,-5.07
6446.0,-5.12
6447.0,-5.02
6448.0,-5.04
6449.0,-5.06
6450.0,-5.640000000000001
6451.0,-1.0000000000000007
6452.0,-5.01
6453.0,-5.4
6454.0,-5.05
6455.0,-5.78
6456.0,-5.6000000000000005
6457.0,-5.11
6458.0,-5.01
6459.0,-5.02
6460.0,-5.33
6461.0,-5.45
6462.0,-5.49
6463.0,-5.01
6464.0,-5.02
6465.0,-5.69
6466.0,-5.13
6467.0,-5.65
6468.0,-5.390000000000001
6469.0,-5.73
6470.0,-5.3100000000000005
6471.0,-5.65
6472.0,-5.01
6473.0,-5.04
6474.0,-5.01
6475.0,-5.4
6476.0,-5.06
6477.0,-5.06
6478.0,-5.16
6479.0,-5.07
6480.0,-5.18
6481.0,-5.46
6482.0,-5.05
6483.0,-5.37
6484.0,-5.04
6485.0,-5.760000000000001
6486.0,-5.26
6487.0,-5.24
6488.0,-5.02
6489.0,-5.05
6490.0,-5.01
6491.0,-5.04
6492.0,-5.05
6493.0,-5.1
6494.0,-5.02
6495.0,-5.3
6496.0,-5.03
6497.0,-5.28
6498.0,-5.03
6499.0,-5.06
6500.0,-5.05
6501.0,-5.03
6502.0,-5.04
6503.0,-5.34
6504.0,-5.640000000000001
6505.0,-5.19
6506.0,-5.1
6507.0,-5.42
6508.0,-5.11
6509.0,-5.24
6510.0,-5.08
6511.0,-5.29
6512.0,-5.32
6513.0,-5.42
6514.0,-5.7700000000000005
6515.0,-5.1
6516.0,-5.41
6517.0,-5.06
6518.0,-5.03
6519.0,-5.05
6520.0,-5.33
6521.0,-5.01
6522.0,-5.07
6523.0,-5.2
6524.0,-5.11
6525.0,-5.1
6526.0,-5.44
6527.0,-5.26
6528.0,-5.14
6529.0,-5.12
6530.0,-5.26
6531.0,-5.06
6532.0,-5.01
6533.0,-5.1
6534.0,-5.04
6535.0,-5.01
6536.0,-5.04
6537.0,-5.1
6538.0,-5.5600000000000005
6539.0,-5.62
6540.0,-5.07
6541.0,-5.28
6542.0,-5.12
6543.0,-5.550000000000001
6544.0,-5.02
6545.0,-5.32
6546.0,-5.46
6547.0,-5.11
6548.0,-5.930000000000001
6549.0,-5.01
6550.0,-5.08
6551.0,-5.19
6552.0,-5.5
6553.0,-5.22
6554.0,-5.21
6555.0,-5.04
6556.0,-5.16
6557.0,-5.06
6558.0,-5.02
6559.0,-1.0000000000000007
6560.0,-5.710000000000001
6561.0,-5.02
6562.0,-5.08
6563.0,-5.7
6564.0,-5.02
6565.0,-5.44
6566.0,-5.01
6567.0,-5.28
6568.0,-5.26
6569.0,-5.04
6570.0,-5.05
6571.0,-5.06
6572.0,-5.22
6573.0,-5.03
6574.0,-5.75
6575.0,-5.02
6576.0,-5.06
6577.0,-5.06
6578.0,-5.02
6579.0,-5.08
6580.0,-5.1
6581.0,-5.13
6582.0,-5.02
6583.0,-5.430000000000001
6584.0,-5.19
6585.0,-5.07
6586.0,-5.09
6587.0,-5.8100000000000005
6588.0,-5.430000000000001
6589.0,-5.14
6590.0,-5.3500000000000005
6591.0,-5.05
6592.0,-5.16
6593.0,-1.0000000000000007
6594.0,-5.05
6595.0,-5.41
6596.0,-5.24
6597.0,-5.44
6598.0,-5.02
6599.0,-5.03
6600.0,-5.17
6601.0,-5.02
6602.0,-5.13
6603.0,-5.12
6604.0,-5.75
6605.0,-5.65
6606.0,-5.25
6607.0,-5.14
6608.0,-5.1
6609.0,-5.02
6610.0,-5.03
6611.0,-5.03
6612.0,-5.14
6613.0,-5.45
6614.0,-5.04
6615.0,-5.06
6616.0,-5.2
6617.0,-5.430000000000001
6618.0,-5.08
6619.0,-5.21
6620.0,-5.44
6621.0,-5.16
6622.0,-5.04
6623.0,-5.06
6624.0,-5.26
6625.0,-5.06
6626.0,-5.09
6627.0,-5.02
6628.0,-5.08
6629.0,-5.06
6630.0,-5.42
6631.0,-5.4
6632.0,-5.04
6633.0,-5.680000000000001
6634.0,-5.02
6635.0,-5.02
6636.0,-5.58
6637.0,-5.5
6638.0,-5.48
6639.0,-5.44
6640.0,-5.58
6641.0,-5.2
6642.0,-5.34
6643.0,-5.03
6644.0,-5.42
6645.0,-5.05
6646.0,-5.3100000000000005
6647.0,-5.4
6648.0,-5.05
6649.0,-5.05
6650.0,-5.1
6651.0,-5.04
6652.0,-5.06
6653.0,-5.720000000000001
6654.0,-5.44
6655.0,-5.38
6656.0,-5.26
6657.0,-5.01
6658.0,-5.680000000000001
6659.0,-5.41
6660.0,-5.32
6661.0,-5.03
6662.0,-5.26
6663.0,-5.21
6664.0,-5.880000000000001
6665.0,-5.44
6666.0,-5.04
6667.0,-5.04
6668.0,-5.29
6669.0,-5.550000000000001
6670.0,-5.11
6671.0,-5.03
6672.0,-5.24
6673.0,-5.06
6674.0,-5.15
6675.0,-5.09
6676.0,-5.17
6677.0,-5.02
6678.0,-5.05
6679.0,-5.15
6680.0,-5.18
6681.0,-5.02
6682.0,-5.21
6683.0,-5.18
6684.0,-5.5600000000000005
6685.0,-5.8500000000000005
6686.0,-5.19
6687.0,-5.51
6688.0,-5.04
6689.0,-5.06
6690.0,-5.02
6691.0,-5.13
6692.0,-5.45
6693.0,-5.04
6694.0,-5.13
6695.0,-5.06
6696.0,-5.59
6697.0,-5.3100000000000005
6698.0,-5.06
6699.0,-5.1
6700.0,-5.15
6701.0,-5.03
6702.0,-5.02
6703.0,-5.04
6704.0,-5.18
6705.0,-5.12
6706.0,-5.03
6707.0,-5.83
6708.0,-5.01
6709.0,-5.16
6710.0,-5.57
6711.0,-5.02
6712.0,-5.06
6713.0,-5.3100000000000005
6714.0,-5.15
6715.0,-5.04
6716.0,-5.04
6717.0,-5.49
6718.0,-5.06
6719.0,-5.09
6720.0,-5.05
6721.0,-5.23
6722.0,-5.46
6723.0,-5.630000000000001
6724.0,-5.14
6725.0,-5.49
6726.0,-5.29
6727.0,-5.07
6728.0,-5.18
6729.0,-5.07
6730.0,-5.03
6731.0,-1.0000000000000007
6732.0,-5.470000000000001
6733.0,-5.04
6734.0,-5.46
6735.0,-5.3100000000000005
6736.0,-5.04
6737.0,-5.430000000000001
6738.0,-5.48
6739.0,-5.03
6740.0,-5.680000000000001
6741.0,-5.17
6742.0,-5.33
6743.0,-5.59
6744.0,-5.61
6745.0,-5.09
6746.0,-5.12
6747.0,-5.26
6748.0,-5.18
6749.0,-5.23
6750.0,-5.04
6751.0,-5.05
6752.0,-5.66
6753.0,-5.03
6754.0,-5.09
6755.0,-5.13
6756.0,-5.390000000000001
6757.0,-5.23
6758.0,-5.25
6759.0,-5.11
6760.0,-5.03
6761.0,-5.06
6762.0,-5.09
6763.0,-5.05
6764.0,-5.46
6765.0,-5.05
6766.0,-5.42
6767.0,-5.2
6768.0,-5.8100000000000005
6769.0,-5.06
6770.0,-5.22
6771.0,-5.06
6772.0,-5.12
6773.0,-5.06
6774.0,-5.02
6775.0,-5.05
6776.0,-5.3100000000000005
6777.0,-5.07
6778.0,-5.86
6779.0,-5.01
6780.0,-5.21
6781.0,-5.3100000000000005
6782.0,-5.01
6783.0,-5.12
6784.0,-5.42
6785.0,-5.04
6786.0,-5.05
6787.0,-5.38
6788.0,-5.15
6789.0,-5.1
6790.0,-5.03
6791.0,-5.01
6792.0,-5.08
6793.0,-5.41
6794.0,-5.08
6795.0,-5.29
6796.0,-5.36
6797.0,-5.61
6798.0,-5.75
6799.0,-5.15
6800.0,-5.12
6801.0,-5.11
6802.0,-5.01
6803.0,-5.06
6804.0,-5.13
6805.0,-5.11
6806.0,-5.02
6807.0,-5.02
6808.0,-5.02
6809.0,-5.59
6810.0,-5.19
6811.0,-5.08
6812.0,-5.41
6813.0,-5.44
6814.0,-5.34
6815.0,-5.3100000000000005
6816.0,-5.390000000000001
6817.0,-5.04
6818.0,-5.54
6819.0,-5.06
6820.0,-5.03
6821.0,-5.02
6822.0,-5.62
6823.0,-5.37
6824.0,-5.22
6825.0,-5.02
6826.0,-5.54
6827.0,-5.04
6828.0,-5.01
6829.0,-5.24
6830.0,-5.4
6831.0,-5.32
6832.0,-5.53
6833.0,-5.7700000000000005
6834.0,-5.11
6835.0,-5.66
6836.0,-5.8500000000000005
6837.0,-1.0000000000000007
6838.0,-5.630000000000001
6839.0,-5.430000000000001
6840.0,-5.17
6841.0,-5.01
6842.0,-5.38
6843.0,-5.44
6844.0,-5.07
6845.0,-5.75
6846.0,-5.54
6847.0,-5.37
6848.0,-5.3500000000000005
6849.0,-5.11
6850.0,-5.06
6851.0,-5.32
6852.0,-5.29
6853.0,-5.05
6854.0,-5.13
6855.0,-5.04
6856.0,-5.44
6857.0,-5.46
6858.0,-5.22
6859.0,-5.28
6860.0,-5.19
6861.0,-5.49
6862.0,-5.08
6863.0,-5.07
6864.0,-5.01
6865.0,-5.01
6866.0,-1.0000000000000007
6867.0,-5.06
6868.0,-5.13
6869.0,-5.5
6870.0,-5.23
6871.0,-5.46
6872.0,-5.09
6873.0,-5.04
6874.0,-5.550000000000001
6875.0,-5.04
6876.0,-5.62
6877.0,-5.02
6878.0,-5.37
6879.0,-5.4
6880.0,-5.38
6881.0,-5.1
6882.0,-5.05
6883.0,-5.04
6884.0,-5.470000000000001
6885.0,-5.01
6886.0,-5.36
6887.0,-5.14
6888.0,-5.12
6889.0,-5.02
6890.0,-5.05
6891.0,-5.03
6892.0,-5.48
6893.0,-5.19
6894.0,-5.790000000000001
6895.0,-5.15
6896.0,-5.6000000000000005
6897.0,-5.04
6898.0,-5.02
6899.0,-5.04
6900.0,-5.36
6901.0,-5.06
6902.0,-5.04
6903.0,-5.42
6904.0,-5.26
6905.0,-5.08
6906.0,-5.24
6907.0,-5.04
6908.0,-5.22
6909.0,-5.69
6910.0,-5.37
6911.0,-5.02
6912.0,-5.17
6913.0,-5.5200000000000005
6914.0,-5.03
6915.0,-5.08
6916.0,-5.07
6917.0,-5.01
6918.0,-5.03
6919.0,-5.51
6920.0,-5.04
6921.0,-5.38
6922.0,-5.08
6923.0,-5.4
6924.0,-5.26
6925.0,-5.1
6926.0,-5.28
6927.0,-5.07
6928.0,-5.7
6929.0,-5.1
6930.0,-5.45
6931.0,-1.0000000000000007
6932.0,-5.04
6933.0,-5.04
6934.0,-5.08
6935.0,-5.42
6936.0,-5.19
6937.0,-5.36
6938.0,-5.3
6939.0,-5.15
6940.0,-5.26
6941.0,-5.09
6942.0,-5.05
6943.0,-5.06
6944.0,-5.02
6945.0,-5.6000000000000005
6946.0,-5.4
6947.0,-5.630000000000001
6948.0,-1.0000000000000007
6949.0,-5.36
6950.0,-5.01
6951.0,-5.29
6952.0,-5.2
6953.0,-5.06
6954.0,-5.05
6955.0,-5.05
6956.0,-5.06
6957.0,-5.06
6958.0,-5.05
6959.0,-5.5200000000000005
6960.0,-5.13
6961.0,-5.01
6962.0,-5.03
6963.0,-5.03
6964.0,-5.36
6965.0,-5.01
6966.0,-5.26
6967.0,-5.11
6968.0,-5.26
6969.0,-5.41
6970.0,-5.840000000000001
6971.0,-5.18
6972.0,-5.15
6973.0,-5.2
6974.0,-5.02
6975.0,-5.82
6976.0,-5.03
6977.0,-5.54
6978.0,-5.36
6979.0,-5.2
6980.0,-5.470000000000001
6981.0,-5.02
6982.0,-5.07
6983.0,-5.01
6984.0,-5.58
6985.0,-5.09
6986.0,-5.4
6987.0,-5.06
6988.0,-5.29
6989.0,-5.48
6990.0,-5.1
6991.0,-5.02
6992.0,-5.54
6993.0,-5.03
6994.0,-5.05
6995.0,-5.14
6996.0,-5.02
6997.0,-5.2
6998.0,-5.02
6999.0,-5.02
7000.0,-5.640000000000001
7001.0,-5.01
7002.0,-5.26
7003.0,-5.01
7004.0,-5.08
7005.0,-5.17
7006.0,-5.470000000000001
7007.0,-5.430000000000001
7008.0,-5.28
7009.0,-5.760000000000001
7010.0,-5.02
7011.0,-5.01
7012.0,-5.12
7013.0,-5.32
7014.0,-5.06
7015.0,-5.03
7016.0,-5.02
7017.0,-5.09
7018.0,-5.78
7019.0,-5.07
7020.0,-5.06
7021.0,-5.04
7022.0,-5.15
7023.0,-5.11
7024.0,-5.48
7025.0,-5.42
7026.0,-5.37
7027.0,-5.710000000000001
7028.0,-5.03
7029.0,-5.03
7030.0,-5.3
7031.0,-5.44
7032.0,-5.1
7033.0,-5.1
7034.0,-5.06
7035.0,-5.19
7036.0,-5.34
7037.0,-5.07
7038.0,-5.04
7039.0,-5.09
7040.0,-5.15
7041.0,-5.06
7042.0,-5.61
7043.0,-5.2700000000000005
7044.0,-5.12
7045.0,-5.3
7046.0,-5.21
7047.0,-5.04
7048.0,-5.8500000000000005
7049.0,-5.13
7050.0,-5.390000000000001
7051.0,-5.02
7052.0,-5.04
7053.0,-5.03
7054.0,-5.14
7055.0,-5.02
7056.0,-5.03
7057.0,-5.01
7058.0,-5.33
7059.0,-5.08
7060.0,-5.69
7061.0,-5.12
7062.0,-5.28
7063.0,-5.02
7064.0,-5.01
7065.0,-5.41
7066.0,-5.01
7067.0,-5.08
7068.0,-5.390000000000001
7069.0,-5.09
7070.0,-5.04
7071.0,-5.05
7072.0,-5.08
7073.0,-5.06
7074.0,-5.13
7075.0,-5.04
7076.0,-5.54
7077.0,-5.03
7078.0,-5.06
7079.0,-5.5
7080.0,-5.1
7081.0,-5.07
7082.0,-5.36
7083.0,-5.32
7084.0,-5.44
7085.0,-5.1
7086.0,-5.02
7087.0,-5.550000000000001
7088.0,-5.58
7089.0,-5.29
7090.0,-5.02
7091.0,-5.41
7092.0,-5.07
7093.0,-5.07
7094.0,-5.14
7095.0,-5.53
7096.0,-5.37
7097.0,-5.17
7098.0,-5.37
7099.0,-5.5600000000000005
7100.0,-5.02
7101.0,-5.17
7102.0,-5.1
7103.0,-5.42
7104.0,-5.67
7105.0,-5.4
7106.0,-5.37
7107.0,-5.840000000000001
7108.0,-5.470000000000001
7109.0,-5.07
7110.0,-5.05
7111.0,-5.46
7112.0,-5.37
7113.0,-1.0000000000000007
7114.0,-5.53
7115.0,-5.04
7116.0,-5.17
7117.0,-5.2
7118.0,-5.08
7119.0,-5.06
7120.0,-5.09
7121.0,-5.01
7122.0,-5.1
7123.0,-5.36
7124.0,-5.19
7125.0,-5.17
7126.0,-5.11
7127.0,-5.05
7128.0,-5.04
7129.0,-5.15
7130.0,-5.02
7131.0,-5.02
7132.0,-5.5
7133.0,-5.25
7134.0,-5.3500000000000005
7135.0,-5.3
7136.0,-5.03
7137.0,-5.870000000000001
7138.0,-5.18
7139.0,-5.01
7140.0,-5.3500000000000005
7141.0,-5.09
7142.0,-5.790000000000001
7143.0,-5.24
7144.0,-5.02
7145.0,-5.2
7146.0,-5.17
7147.0,-5.390000000000001
7148.0,-5.13
7149.0,-5.06
7150.0,-5.06
7151.0,-5.41
7152.0,-1.0000000000000007
7153.0,-5.11
7154.0,-5.05
7155.0,-5.04
7156.0,-5.16
7157.0,-5.01
7158.0,-5.07
7159.0,-5.01
7160.0,-5.32
7161.0,-5.3100000000000005
7162.0,-5.02
7163.0,-5.06
7164.0,-5.01
7165.0,-5.1
7166.0,-5.61
7167.0,-5.04
7168.0,-5.07
7169.0,-5.19
7170.0,-5.06
7171.0,-5.2700000000000005
7172.0,-5.3100000000000005
7173.0,-5.04
7174.0,-5.58
7175.0,-5.98
7176.0,-5.01
7177.0,-5.11
7178.0,-5.03
7179.0,-5.21
7180.0,-5.06
7181.0,-5.54
7182.0,-5.62
7183.0,-5.61
7184.0,-5.24
7185.0,-1.0000000000000007
7186.0,-5.02
7187.0,-5.42
7188.0,-5.3100000000000005
7189.0,-5.5
7190.0,-5.12
7191.0,-5.38
7192.0,-5.42
7193.0,-5.48
7194.0,-5.05
7195.0,-5.3
7196.0,-5.06
7197.0,-5.470000000000001
7198.0,-5.42
7199.0,-5.05
7200.0,-5.16
7201.0,-5.02
7202.0,-5.3100000000000005
7203.0,-5.75
7204.0,-5.33
7205.0,-5.3100000000000005
7206.0,-5.06
7207.0,-5.01
7208.0,-5.03
7209.0,-5.470000000000001
7210.0,-5.1
7211.0,-5.7
7212.0,-5.1
7213.0,-5.45
7214.0,-5.08
7215.0,-5.02
7216.0,-5.04
7217.0,-5.13
7218.0,-5.25
7219.0,-5.05
7220.0,-5.03
7221.0,-5.14
7222.0,-5.04
7223.0,-5.14
7224.0,-5.32
7225.0,-5.5200000000000005
7226.0,-5.62
7227.0,-5.25
7228.0,-1.0000000000000007
7229.0,-5.2
7230.0,-5.12
7231.0,-5.470000000000001
7232.0,-5.91
7233.0,-5.390000000000001
7234.0,-5.15
7235.0,-5.2700000000000005
7236.0,-5.22
7237.0,-5.23
7238.0,-5.4
7239.0,-5.1
7240.0,-5.430000000000001
7241.0,-5.3
7242.0,-5.19
7243.0,-5.04
7244.0,-5.34
7245.0,-5.13
7246.0,-5.05
7247.0,-5.58
7248.0,-5.38
7249.0,-5.49
7250.0,-5.2700000000000005
7251.0,-5.17
7252.0,-5.05
7253.0,-5.37
7254.0,-5.04
7255.0,-5.02
7256.0,-5.51
7257.0,-5.1
7258.0,-5.01
7259.0,-5.2
7260.0,-5.19
7261.0,-5.01
7262.0,-5.01
7263.0,-5.5600000000000005
7264.0,-5.02
7265.0,-5.01
7266.0,-5.04
7267.0,-5.24
7268.0,-5.430000000000001
7269.0,-5.06
7270.0,-5.03
7271.0,-5.36
7272.0,-5.08
7273.0,-5.11
7274.0,-5.03
7275.0,-5.02
7276.0,-5.24
7277.0,-5.33
7278.0,-5.36
7279.0,-5.14
7280.0,-5.58
7281.0,-5.2
7282.0,-5.2700000000000005
7283.0,-5.710000000000001
7284.0,-5.2700000000000005
7285.0,-5.04
7286.0,-5.12
7287.0,-5.36
7288.0,-5.54
7289.0,-5.430000000000001
7290.0,-5.05
7291.0,-5.02
7292.0,-5.2700000000000005
7293.0,-5.19
7294.0,-5.5200000000000005
7295.0,-5.02
7296.0,-5.05
7297.0,-5.02
7298.0,-1.0000000000000007
7299.0,-5.03
7300.0,-5.41
7301.0,-5.49
7302.0,-5.33
7303.0,-5.26
7304.0,-5.51
7305.0,-5.51
7306.0,-5.3500000000000005
7307.0,-5.2700000000000005
7308.0,-5.46
7309.0,-5.18
7310.0,-5.18
7311.0,-5.37
7312.0,-5.05
7313.0,-5.18
7314.0,-5.19
7315.0,-5.3100000000000005
7316.0,-5.18
7317.0,-5.24
7318.0,-5.51
7319.0,-5.03
7320.0,-5.06
7321.0,-5.38
7322.0,-5.04
7323.0,-5.3100000000000005
7324.0,-5.14
7325.0,-5.51
7326.0,-5.23
7327.0,-5.09
7328.0,-5.23
7329.0,-5.5200000000000005
7330.0,-5.37
7331.0,-5.57
7332.0,-5.29
7333.0,-5.01
7334.0,-5.06
7335.0,-5.33
7336.0,-5.32
7337.0,-5.5200000000000005
7338.0,-5.02
7339.0,-5.17
7340.0,-5.06
7341.0,-5.08
7342.0,-5.01
7343.0,-5.5600000000000005
7344.0,-5.11
7345.0,-5.16
7346.0,-5.32
7347.0,-5.430000000000001
7348.0,-5.28
7349.0,-5.14
7350.0,-5.02
7351.0,-5.17
7352.0,-5.38
7353.0,-5.83
7354.0,-5.05
7355.0,-5.02
7356.0,-5.08
7357.0,-5.01
7358.0,-5.51
7359.0,-5.29
7360.0,-5.16
7361.0,-5.390000000000001
7362.0,-5.04
7363.0,-5.15
7364.0,-5.04
7365.0,-5.5
7366.0,-5.06
7367.0,-5.02
7368.0,-5.18
7369.0,-5.38
7370.0,-5.21
7371.0,-5.05
7372.0,-5.03
7373.0,-5.430000000000001
7374.0,-5.25
7375.0,-5.08
7376.0,-5.22
7377.0,-5.24
7378.0,-5.19
7379.0,-5.04
7380.0,-5.42
7381.0,-5.04
7382.0,-5.7700000000000005
7383.0,-5.46
7384.0,-5.02
7385.0,-5.32
7386.0,-5.06
7387.0,-5.1
7388.0,-5.11
7389.0,-5.74
7390.0,-5.15
7391.0,-5.470000000000001
7392.0,-5.45
7393.0,-5.04
7394.0,-5.26
7395.0,-5.01
7396.0,-5.3500000000000005
7397.0,-5.17
7398.0,-5.03
7399.0,-5.03
7400.0,-5.41
7401.0,-5.04
7402.0,-5.59
7403.0,-5.32
7404.0,-5.03
7405.0,-1.0000000000000007
7406.0,-5.13
7407.0,-5.08
7408.0,-1.0000000000000007
7409.0,-5.390000000000001
7410.0,-5.12
7411.0,-5.33
7412.0,-5.430000000000001
7413.0,-5.01
7414.0,-5.950000000000001
7415.0,-5.02
7416.0,-5.78
7417.0,-5.21
7418.0,-5.23
7419.0,-5.37
7420.0,-5.2700000000000005
7421.0,-5.09
7422.0,-5.03
7423.0,-5.05
7424.0,-5.04
7425.0,-5.04
7426.0,-5.5200000000000005
7427.0,-5.01
7428.0,-5.04
7429.0,-5.09
7430.0,-5.44
7431.0,-5.8500000000000005
7432.0,-5.62
7433.0,-5.03
7434.0,-5.53
7435.0,-5.44
7436.0,-5.710000000000001
7437.0,-5.390000000000001
7438.0,-5.1
7439.0,-5.12
7440.0,-5.2
7441.0,-5.14
7442.0,-5.16
7443.0,-5.28
7444.0,-5.07
7445.0,-5.73
7446.0,-5.73
7447.0,-5.03
7448.0,-5.53
7449.0,-5.07
7450.0,-5.3
7451.0,-5.01
7452.0,-5.03
7453.0,-5.37
7454.0,-5.720000000000001
7455.0,-5.18
7456.0,-5.03
7457.0,-5.32
7458.0,-5.16
7459.0,-5.48
7460.0,-5.08
7461.0,-5.25
7462.0,-5.38
7463.0,-5.640000000000001
7464.0,-5.36
7465.0,-5.06
7466.0,-5.06
7467.0,-5.6000000000000005
7468.0,-5.41
7469.0,-5.5
7470.0,-5.36
7471.0,-5.02
7472.0,-5.04
7473.0,-5.51
7474.0,-5.91
7475.0,-1.0000000000000007
7476.0,-5.08
7477.0,-5.3500000000000005
7478.0,-5.11
7479.0,-5.16
7480.0,-5.25
7481.0,-5.33
7482.0,-5.28
7483.0,-5.05
7484.0,-5.37
7485.0,-5.61
7486.0,-5.04
7487.0,-5.21
7488.0,-5.16
7489.0,-5.38
7490.0,-5.17
7491.0,-5.46
7492.0,-5.05
7493.0,-5.01
7494.0,-5.02
7495.0,-5.05
7496.0,-5.8500000000000005
7497.0,-5.32
7498.0,-5.13
7499.0,-5.78
7500.0,-5.05
7501.0,-5.710000000000001
7502.0,-5.06
7503.0,-5.51
7504.0,-5.32
7505.0,-5.18
7506.0,-5.15
7507.0,-5.02
7508.0,-5.32
7509.0,-5.23
7510.0,-5.17
7511.0,-5.02
7512.0,-5.67
7513.0,-5.09
7514.0,-5.03
7515.0,-5.2700000000000005
7516.0,-5.04
7517.0,-5.54
7518.0,-5.15
7519.0,-5.61
7520.0,-5.34
7521.0,-5.02
7522.0,-5.06
7523.0,-5.3500000000000005
7524.0,-5.17
7525.0,-5.05
7526.0,-5.07
7527.0,-5.16
7528.0,-5.04
7529.0,-5.69
7530.0,-5.06
7531.0,-5.37
7532.0,-5.5600000000000005
7533.0,-5.720000000000001
7534.0,-5.02
7535.0,-5.5200000000000005
7536.0,-5.04
7537.0,-5.29
7538.0,-5.08
7539.0,-5.51
7540.0,-5.5200000000000005
7541.0,-5.32
7542.0,-5.02
7543.0,-5.07
7544.0,-5.53
7545.0,-5.33
7546.0,-5.430000000000001
7547.0,-5.17
7548.0,-5.3500000000000005
7549.0,-5.19
7550.0,-5.07
7551.0,-5.760000000000001
7552.0,-5.06
7553.0,-5.59
7554.0,-5.02
7555.0,-5.05
7556.0,-5.48
7557.0,-5.04
7558.0,-5.02
7559.0,-5.02
7560.0,-5.29
7561.0,-5.21
7562.0,-5.15
7563.0,-5.44
7564.0,-5.09
7565.0,-5.1
7566.0,-5.59
7567.0,-1.0000000000000007
7568.0,-5.02
7569.0,-5.38
7570.0,-5.37
7571.0,-5.01
7572.0,-5.04
7573.0,-5.37
7574.0,-5.09
7575.0,-5.49
7576.0,-5.1
7577.0,-5.680000000000001
7578.0,-5.09
7579.0,-5.15
7580.0,-5.11
7581.0,-5.15
7582.0,-5.01
7583.0,-5.02
7584.0,-5.37
7585.0,-5.2
7586.0,-5.18
7587.0,-5.07
7588.0,-5.51
7589.0,-5.38
7590.0,-5.02
7591.0,-5.470000000000001
7592.0,-5.3500000000000005
7593.0,-5.680000000000001
7594.0,-5.48
7595.0,-5.3500000000000005
7596.0,-5.01
7597.0,-5.05
7598.0,-5.04
7599.0,-5.1
7600.0,-5.38
7601.0,-5.430000000000001
7602.0,-5.03
7603.0,-5.02
7604.0,-5.07
7605.0,-5.3500000000000005
7606.0,-5.1
7607.0,-5.28
7608.0,-5.07
7609.0,-5.01
7610.0,-5.05
7611.0,-5.11
7612.0,-5.03
7613.0,-5.05
7614.0,-5.49
7615.0,-5.550000000000001
7616.0,-5.06
7617.0,-5.66
7618.0,-5.13
7619.0,-5.06
7620.0,-5.42
7621.0,-5.59
7622.0,-5.03
7623.0,-5.45
7624.0,-5.05
7625.0,-5.390000000000001
7626.0,-5.23
7627.0,-5.04
7628.0,-5.3100000000000005
7629.0,-5.06
7630.0,-1.0000000000000007
7631.0,-5.26
7632.0,-5.470000000000001
7633.0,-5.02
7634.0,-5.03
7635.0,-5.49
7636.0,-5.23
7637.0,-5.53
7638.0,-5.550000000000001
7639.0,-5.25
7640.0,-5.03
7641.0,-5.03
7642.0,-5.16
7643.0,-5.01
7644.0,-5.02
7645.0,-5.11
7646.0,-5.25
7647.0,-5.4
7648.0,-5.04
7649.0,-5.09
7650.0,-5.04
7651.0,-5.37
7652.0,-5.25
7653.0,-5.61
7654.0,-5.25
7655.0,-5.2
7656.0,-5.29
7657.0,-5.59
7658.0,-5.640000000000001
7659.0,-5.51
7660.0,-5.02
7661.0,-5.2
7662.0,-5.550000000000001
7663.0,-5.02
7664.0,-5.06
7665.0,-5.710000000000001
7666.0,-5.38
7667.0,-5.18
7668.0,-5.59
7669.0,-5.04
7670.0,-5.11
7671.0,-5.4
7672.0,-5.03
7673.0,-5.3
7674.0,-5.21
7675.0,-5.430000000000001
7676.0,-5.15
7677.0,-5.05
7678.0,-5.1
7679.0,-5.02
7680.0,-5.06
7681.0,-5.12
7682.0,-5.02
7683.0,-5.03
7684.0,-5.14
7685.0,-5.42
7686.0,-5.02
7687.0,-5.19
7688.0,-5.59
7689.0,-5.36
7690.0,-5.01
7691.0,-5.69
7692.0,-5.37
7693.0,-5.07
7694.0,-5.03
7695.0,-5.1
7696.0,-5.02
7697.0,-5.05
7698.0,-5.02
7699.0,-5.07
7700.0,-5.2
7701.0,-5.44
7702.0,-5.22
7703.0,-5.17
7704.0,-5.09
7705.0,-5.25
7706.0,-5.25
7707.0,-5.12
7708.0,-5.42
7709.0,-5.15
7710.0,-5.13
7711.0,-5.34
7712.0,-5.4
7713.0,-5.57
7714.0,-5.1
7715.0,-5.08
7716.0,-5.390000000000001
7717.0,-5.4
7718.0,-5.08
7719.0,-5.48
7720.0,-5.99
7721.0,-5.5600000000000005
7722.0,-5.01
7723.0,-5.51
7724.0,-5.17
7725.0,-5.01
7726.0,-5.08
7727.0,-5.38
7728.0,-5.03
7729.0,-5.08
7730.0,-5.04
7731.0,-5.51
7732.0,-5.98
7733.0,-5.24
7734.0,-5.01
7735.0,-5.1
7736.0,-5.34
7737.0,-5.16
7738.0,-5.01
7739.0,-5.08
7740.0,-5.38
7741.0,-5.11
7742.0,-5.03
7743.0,-5.05
7744.0,-5.01
7745.0,-5.06
7746.0,-5.06
7747.0,-5.12
7748.0,-5.37
7749.0,-5.3100000000000005
7750.0,-5.21
7751.0,-5.2
7752.0,-5.01
7753.0,-5.01
7754.0,-5.24
7755.0,-5.02
7756.0,-5.02
7757.0,-5.41
7758.0,-5.04
7759.0,-5.21
7760.0,-5.640000000000001
7761.0,-5.33
7762.0,-5.42
7763.0,-5.07
7764.0,-5.44
7765.0,-5.24
7766.0,-5.16
7767.0,-5.06
7768.0,-5.49
7769.0,-5.08
7770.0,-5.46
7771.0,-5.02
7772.0,-5.08
7773.0,-5.08
7774.0,-5.04
7775.0,-5.4
7776.0,-5.23
7777.0,-5.25
7778.0,-5.02
7779.0,-5.950000000000001
7780.0,-5.75
7781.0,-5.03
7782.0,-5.07
7783.0,-5.640000000000001
7784.0,-5.14
7785.0,-5.08
7786.0,-5.11
7787.0,-5.57
7788.0,-5.21
7789.0,-5.01
7790.0,-5.54
7791.0,-5.37
7792.0,-5.01
7793.0,-5.01
7794.0,-5.36
7795.0,-5.3500000000000005
7796.0,-5.03
7797.0,-5.05
7798.0,-5.41
7799.0,-5.4
7800.0,-5.38
7801.0,-5.02
7802.0,-5.470000000000001
7803.0,-5.33
7804.0,-5.03
7805.0,-5.15
7806.0,-5.02
7807.0,-5.07
7808.0,-5.41
7809.0,-5.09
7810.0,-5.21
7811.0,-5.06
7812.0,-5.3500000000000005
7813.0,-5.01
7814.0,-5.1
7815.0,-5.3100000000000005
7816.0,-5.21
7817.0,-5.02
7818.0,-5.06
7819.0,-5.19
7820.0,-5.04
7821.0,-5.21
7822.0,-5.36
7823.0,-5.01
7824.0,-5.04
7825.0,-5.41
7826.0,-5.06
7827.0,-5.53
7828.0,-5.01
7829.0,-5.49
7830.0,-5.04
7831.0,-5.33
7832.0,-5.02
7833.0,-5.58
7834.0,-5.04
7835.0,-5.07
7836.0,-5.470000000000001
7837.0,-5.74
7838.0,-5.3
7839.0,-5.06
7840.0,-5.13
7841.0,-5.05
7842.0,-5.01
7843.0,-5.13
7844.0,-5.390000000000001
7845.0,-5.32
7846.0,-5.02
7847.0,-5.03
7848.0,-5.02
7849.0,-5.630000000000001
7850.0,-5.36
7851.0,-5.1
7852.0,-5.04
7853.0,-5.03
7854.0,-5.25
7855.0,-5.12
7856.0,-5.37
7857.0,-5.53
7858.0,-5.12
7859.0,-5.04
7860.0,-5.57
7861.0,-5.5
7862.0,-5.38
7863.0,-5.3
7864.0,-1.0000000000000007
7865.0,-5.04
7866.0,-5.03
7867.0,-5.24
7868.0,-5.470000000000001
7869.0,-5.02
7870.0,-5.960000000000001
7871.0,-5.41
7872.0,-5.11
7873.0,-5.22
7874.0,-5.11
7875.0,-5.630000000000001
7876.0,-5.57
7877.0,-5.61
7878.0,-5.2
7879.0,-5.05
7880.0,-5.07
7881.0,-5.45
7882.0,-5.32
7883.0,-5.03
7884.0,-5.29
7885.0,-5.36
7886.0,-5.01
7887.0,-5.07
7888.0,-5.08
7889.0,-5.01
7890.0,-5.21
7891.0,-5.890000000000001
7892.0,-5.41
7893.0,-5.3100000000000005
7894.0,-5.01
7895.0,-5.18
7896.0,-5.02
7897.0,-5.05
7898.0,-5.1
7899.0,-5.62
7900.0,-5.32
7901.0,-5.800000000000001
7902.0,-5.06
7903.0,-5.13
7904.0,-5.33
7905.0,-5.07
7906.0,-5.16
7907.0,-5.18
7908.0,-5.390000000000001
7909.0,-5.42
7910.0,-5.04
7911.0,-5.57
7912.0,-5.470000000000001
7913.0,-5.48
7914.0,-5.58
7915.0,-5.26
7916.0,-5.28
7917.0,-5.11
7918.0,-5.710000000000001
7919.0,-5.18
7920.0,-5.550000000000001
7921.0,-5.01
7922.0,-5.17
7923.0,-5.59
7924.0,-5.470000000000001
7925.0,-5.02
7926.0,-5.06
7927.0,-5.32
7928.0,-5.05
7929.0,-5.04
7930.0,-5.57
7931.0,-5.37
7932.0,-5.05
7933.0,-5.720000000000001
7934.0,-5.08
7935.0,-5.06
7936.0,-5.06
7937.0,-5.3500000000000005
7938.0,-5.26
7939.0,-5.430000000000001
7940.0,-5.09
7941.0,-5.32
7942.0,-5.02
7943.0,-5.28
7944.0,-5.03
7945.0,-5.550000000000001
7946.0,-5.07
7947.0,-5.1
7948.0,-5.09
7949.0,-5.08
7950.0,-5.16
7951.0,-5.2
7952.0,-5.5
7953.0,-5.22
7954.0,-5.04
7955.0,-5.1
7956.0,-5.03
7957.0,-1.0000000000000007
7958.0,-5.08
7959.0,-5.23
7960.0,-5.5200000000000005
7961.0,-5.01
7962.0,-5.3500000000000005
7963.0,-5.02
7964.0,-5.03
7965.0,-5.11
7966.0,-5.62
7967.0,-5.630000000000001
7968.0,-5.05
7969.0,-5.19
7970.0,-5.05
7971.0,-5.19
7972.0,-5.550000000000001
7973.0,-5.3100000000000005
7974.0,-5.550000000000001
7975.0,-5.14
7976.0,-5.29
7977.0,-5.66
7978.0,-5.48
7979.0,-5.37
7980.0,-5.05
7981.0,-5.86
7982.0,-5.36
7983.0,-5.3
7984.0,-5.08
7985.0,-5.02
7986.0,-5.05
7987.0,-5.54
7988.0,-5.08
7989.0,-5.1
7990.0,-5.01
7991.0,-5.08
7992.0,-5.38
7993.0,-5.37
7994.0,-5.800000000000001
7995.0,-5.23
7996.0,-5.640000000000001
7997.0,-5.46
7998.0,-5.48
7999.0,-5.06
8000.0,-1.0000000000000007
8001.0,-5.05
8002.0,-5.05
8003.0,-5.3500000000000005
8004.0,-5.28
8005.0,-5.25
8006.0,-5.66
8007.0,-5.54
8008.0,-5.23
8009.0,-5.37
8010.0,-5.5
8011.0,-5.03
8012.0,-5.25
8013.0,-5.53
8014.0,-5.06
8015.0,-5.5
8016.0,-5.04
8017.0,-5.01
8018.0,-5.13
8019.0,-5.05
8020.0,-5.02
8021.0,-5.04
8022.0,-5.29
8023.0,-5.28
8024.0,-5.6000000000000005
8025.0,-5.14
8026.0,-5.51
8027.0,-5.4
8028.0,-5.48
8029.0,-5.21
8030.0,-5.19
8031.0,-5.44
8032.0,-5.01
8033.0,-5.66
8034.0,-5.09
8035.0,-5.61
8036.0,-5.03
8037.0,-5.08
8038.0,-5.3500000000000005
8039.0,-5.26
8040.0,-5.15
8041.0,-5.02
8042.0,-5.4
8043.0,-5.15
8044.0,-5.16
8045.0,-5.24
8046.0,-5.890000000000001
8047.0,-5.28
8048.0,-5.07
8049.0,-5.28
8050.0,-5.74
8051.0,-5.17
8052.0,-5.14
8053.0,-5.15
8054.0,-5.11
8055.0,-5.02
8056.0,-5.05
8057.0,-5.04
8058.0,-5.19
8059.0,-5.44
8060.0,-5.04
8061.0,-5.08
8062.0,-5.2
8063.0,-5.08
8064.0,-5.950000000000001
8065.0,-5.02
8066.0,-5.5
8067.0,-5.21
8068.0,-5.11
8069.0,-5.2
8070.0,-5.44
8071.0,-5.01
8072.0,-5.6000000000000005
8073.0,-5.13
8074.0,-5.04
8075.0,-5.2700000000000005
8076.0,-5.03
8077.0,-5.02
8078.0,-5.38
8079.0,-5.02
8080.0,-5.07
8081.0,-5.82
8082.0,-5.01
8083.0,-5.26
8084.0,-5.03
8085.0,-5.15
8086.0,-5.17
8087.0,-5.01
8088.0,-5.11
8089.0,-5.57
8090.0,-5.05
8091.0,-5.14
8092.0,-5.1
8093.0,-5.32
8094.0,-5.08
8095.0,-5.26
8096.0,-5.05
8097.0,-5.38
8098.0,-5.03
8099.0,-5.1
8100.0,-5.920000000000001
8101.0,-5.19
8102.0,-5.05
8103.0,-5.26
8104.0,-5.09
8105.0,-5.4
8106.0,-5.09
8107.0,-5.58
8108.0,-5.23
8109.0,-5.25
8110.0,-5.06
8111.0,-5.22
8112.0,-5.16
8113.0,-5.48
8114.0,-5.08
8115.0,-5.01
8116.0,-5.37
8117.0,-5.18
8118.0,-5.5200000000000005
8119.0,-5.12
8120.0,-5.29
8121.0,-5.03
8122.0,-5.02
8123.0,-5.07
8124.0,-5.2
8125.0,-5.25
8126.0,-5.24
8127.0,-5.24
8128.0,-5.05
8129.0,-5.07
8130.0,-5.630000000000001
8131.0,-5.19
8132.0,-5.03
8133.0,-5.38
8134.0,-5.08
8135.0,-5.37
8136.0,-5.25
8137.0,-5.46
8138.0,-5.12
8139.0,-5.57
8140.0,-5.51
8141.0,-5.16
8142.0,-5.57
8143.0,-5.14
8144.0,-5.04
8145.0,-5.2700000000000005
8146.0,-5.04
8147.0,-5.13
8148.0,-5.33
8149.0,-5.25
8150.0,-5.44
8151.0,-5.02
8152.0,-5.05
8153.0,-5.470000000000001
8154.0,-5.870000000000001
8155.0,-5.01
8156.0,-5.470000000000001
8157.0,-5.02
8158.0,-5.7
8159.0,-5.62
8160.0,-5.04
8161.0,-5.760000000000001
8162.0,-5.01
8163.0,-5.09
8164.0,-5.05
8165.0,-5.06
8166.0,-5.28
8167.0,-5.29
8168.0,-5.550000000000001
8169.0,-5.74
8170.0,-5.05
8171.0,-5.3
8172.0,-5.94
8173.0,-5.09
8174.0,-5.04
8175.0,-5.04
8176.0,-5.1
8177.0,-5.12
8178.0,-5.03
8179.0,-5.04
8180.0,-5.07
8181.0,-5.34
8182.0,-5.01
8183.0,-5.02
8184.0,-5.470000000000001
8185.0,-5.24
8186.0,-5.06
8187.0,-5.37
8188.0,-5.19
8189.0,-5.15
8190.0,-5.04
8191.0,-5.08
8192.0,-5.32
8193.0,-5.05
8194.0,-5.01
8195.0,-5.01
8196.0,-5.11
8197.0,-5.02
8198.0,-5.03
8199.0,-5.08
8200.0,-5.01
8201.0,-5.2700000000000005
8202.0,-5.15
8203.0,-5.01
8204.0,-5.2
8205.0,-5.06
8206.0,-5.05
8207.0,-5.09
8208.0,-5.3
8209.0,-5.28
8210.0,-5.45
8211.0,-5.630000000000001
8212.0,-5.32
8213.0,-5.05
8214.0,-5.4
8215.0,-5.29
8216.0,-5.04
8217.0,-5.44
8218.0,-5.14
8219.0,-5.07
8220.0,-5.41
8221.0,-5.09
8222.0,-5.07
8223.0,-5.11
8224.0,-5.630000000000001
8225.0,-5.8100000000000005
8226.0,-5.33
8227.0,-5.02
8228.0,-5.2
8229.0,-5.11
8230.0,-5.03
8231.0,-5.07
8232.0,-5.05
8233.0,-5.06
8234.0,-5.06
8235.0,-5.42
8236.0,-5.550000000000001
8237.0,-5.03
8238.0,-5.1
8239.0,-5.01
8240.0,-5.3100000000000005
8241.0,-5.01
8242.0,-5.02
8243.0,-5.1
8244.0,-5.02
8245.0,-5.46
8246.0,-5.5
8247.0,-5.57
8248.0,-5.33
8249.0,-5.1
8250.0,-5.11
8251.0,-5.25
8252.0,-5.24
8253.0,-5.04
8254.0,-5.45
8255.0,-5.5
8256.0,-5.37
8257.0,-5.03
8258.0,-5.01
8259.0,-5.550000000000001
8260.0,-5.25
8261.0,-5.28
8262.0,-5.37
8263.0,-5.25
8264.0,-5.04
8265.0,-5.3
8266.0,-5.470000000000001
8267.0,-5.45
8268.0,-5.3
8269.0,-5.4
8270.0,-5.23
8271.0,-5.07
8272.0,-5.36
8273.0,-5.03
8274.0,-5.28
8275.0,-5.06
8276.0,-5.42
8277.0,-5.06
8278.0,-5.37
8279.0,-5.02
8280.0,-5.04
8281.0,-5.1
8282.0,-5.29
8283.0,-5.14
8284.0,-5.21
8285.0,-5.430000000000001
8286.0,-5.19
8287.0,-5.3100000000000005
8288.0,-5.01
8289.0,-5.02
8290.0,-5.07
8291.0,-5.06
8292.0,-5.65
8293.0,-5.01
8294.0,-5.5600000000000005
8295.0,-5.04
8296.0,-5.06
8297.0,-5.01
8298.0,-5.49
8299.0,-5.02
8300.0,-5.02
8301.0,-5.14
8302.0,-5.08
8303.0,-5.04
8304.0,-5.07
8305.0,-5.26
8306.0,-5.5
8307.0,-5.59
8308.0,-5.44
8309.0,-5.4
8310.0,-5.06
8311.0,-5.33
8312.0,-5.3500000000000005
8313.0,-5.02
8314.0,-5.06
8315.0,-5.7
8316.0,-5.05
8317.0,-5.25
8318.0,-5.25
8319.0,-5.08
8320.0,-5.09
8321.0,-5.46
8322.0,-5.21
8323.0,-5.41
8324.0,-5.3
8325.0,-5.33
8326.0,-5.06
8327.0,-5.06
8328.0,-5.01
8329.0,-5.83
8330.0,-5.800000000000001
8331.0,-5.66
8332.0,-5.04
8333.0,-5.75
8334.0,-5.61
8335.0,-5.02
8336.0,-5.58
8337.0,-5.38
8338.0,-5.05
8339.0,-5.02
8340.0,-5.15
8341.0,-5.02
8342.0,-5.04
8343.0,-5.430000000000001
8344.0,-5.7700000000000005
8345.0,-5.33
8346.0,-5.11
8347.0,-5.02
8348.0,-5.61
8349.0,-5.26
8350.0,-5.82
8351.0,-5.67
8352.0,-5.45
8353.0,-5.1
8354.0,-5.06
8355.0,-5.34
8356.0,-5.23
8357.0,-5.1
8358.0,-5.02
8359.0,-5.05
8360.0,-5.630000000000001
8361.0,-5.03
8362.0,-5.65
8363.0,-1.0000000000000007
8364.0,-5.08
8365.0,-5.02
8366.0,-5.74
8367.0,-5.19
8368.0,-5.01
8369.0,-5.880000000000001
8370.0,-5.22
8371.0,-5.01
8372.0,-5.04
8373.0,-5.65
8374.0,-5.38
8375.0,-5.14
8376.0,-5.51
8377.0,-5.08
8378.0,-5.04
8379.0,-5.33
8380.0,-5.29
8381.0,-5.58
8382.0,-5.3500000000000005
8383.0,-5.45
8384.0,-5.04
8385.0,-5.02
8386.0,-5.45
8387.0,-5.02
8388.0,-5.01
8389.0,-5.44
8390.0,-5.02
8391.0,-5.28
8392.0,-5.02
8393.0,-5.04
8394.0,-5.24
8395.0,-5.33
8396.0,-5.680000000000001
8397.0,-5.32
8398.0,-5.710000000000001
8399.0,-5.5
8400.0,-5.57
8401.0,-5.4
8402.0,-5.3100000000000005
8403.0,-5.06
8404.0,-5.46
8405.0,-5.12
8406.0,-5.19
8407.0,-5.390000000000001
8408.0,-5.16
8409.0,-5.3
8410.0,-5.08
8411.0,-5.550000000000001
8412.0,-5.18
8413.0,-5.02
8414.0,-5.2700000000000005
8415.0,-5.13
8416.0,-5.1
8417.0,-5.37
8418.0,-5.37
8419.0,-5.08
8420.0,-5.11
8421.0,-5.13
8422.0,-5.02
8423.0,-5.22
8424.0,-5.03
8425.0,-5.1
8426.0,-5.48
8427.0,-5.3500000000000005
8428.0,-5.2700000000000005
8429.0,-5.25
8430.0,-5.3
8431.0,-5.03
8432.0,-5.36
8433.0,-5.5
8434.0,-5.02
8435.0,-5.29
8436.0,-5.04
8437.0,-5.74
8438.0,-5.08
8439.0,-5.36
8440.0,-5.22
8441.0,-5.390000000000001
8442.0,-5.02
8443.0,-5.69
8444.0,-5.07
8445.0,-5.02
8446.0,-5.12
8447.0,-5.46
8448.0,-5.02
8449.0,-5.17
8450.0,-5.05
8451.0,-5.470000000000001
8452.0,-5.02
8453.0,-5.01
8454.0,-5.11
8455.0,-5.870000000000001
8456.0,-5.3100000000000005
8457.0,-5.9
8458.0,-5.07
8459.0,-5.03
8460.0,-5.4
8461.0,-5.04
8462.0,-5.41
8463.0,-5.08
8464.0,-5.01
8465.0,-5.02
8466.0,-5.21
8467.0,-5.16
8468.0,-5.53
8469.0,-5.48
8470.0,-5.44
8471.0,-5.22
8472.0,-5.03
8473.0,-5.09
8474.0,-5.14
8475.0,-5.04
8476.0,-5.59
8477.0,-5.28
8478.0,-5.17
8479.0,-1.0000000000000007
8480.0,-5.3100000000000005
8481.0,-5.430000000000001
8482.0,-5.01
8483.0,-5.06
8484.0,-5.23
8485.0,-5.44
8486.0,-5.1
8487.0,-5.13
8488.0,-5.04
8489.0,-5.01
8490.0,-5.44
8491.0,-5.1
8492.0,-5.29
8493.0,-5.550000000000001
8494.0,-5.01
8495.0,-5.1
8496.0,-5.01
8497.0,-5.06
8498.0,-5.4
8499.0,-5.46
8500.0,-5.02
8501.0,-5.09
8502.0,-5.24
8503.0,-5.07
8504.0,-5.23
8505.0,-5.32
8506.0,-5.05
8507.0,-5.14
8508.0,-5.02
8509.0,-5.18
8510.0,-5.65
8511.0,-5.28
8512.0,-5.06
8513.0,-5.42
8514.0,-5.3
8515.0,-5.04
8516.0,-5.4
8517.0,-5.1
8518.0,-5.25
8519.0,-5.05
8520.0,-5.2700000000000005
8521.0,-5.5600000000000005
8522.0,-5.44
8523.0,-5.02
8524.0,-5.24
8525.0,-5.23
8526.0,-5.02
8527.0,-5.4
8528.0,-5.06
8529.0,-5.06
8530.0,-5.15
8531.0,-5.5
8532.0,-5.06
8533.0,-5.46
8534.0,-5.34
8535.0,-5.06
8536.0,-5.2700000000000005
8537.0,-5.5200000000000005
8538.0,-5.390000000000001
8539.0,-5.2700000000000005
8540.0,-5.14
8541.0,-5.930000000000001
8542.0,-5.11
8543.0,-5.4
8544.0,-5.25
8545.0,-5.38
8546.0,-5.06
8547.0,-5.08
8548.0,-5.04
8549.0,-5.28
8550.0,-5.04
8551.0,-5.61
8552.0,-5.08
8553.0,-5.32
8554.0,-5.41
8555.0,-5.06
8556.0,-5.21
8557.0,-5.2700000000000005
8558.0,-5.03
8559.0,-5.3
8560.0,-5.34
8561.0,-5.29
8562.0,-5.03
8563.0,-5.25
8564.0,-5.06
8565.0,-5.18
8566.0,-5.74
8567.0,-5.02
8568.0,-5.08
8569.0,-5.3
8570.0,-5.04
8571.0,-5.01
8572.0,-5.02
8573.0,-5.3500000000000005
8574.0,-5.1
8575.0,-5.03
8576.0,-5.54
8577.0,-5.12
8578.0,-5.03
8579.0,-5.470000000000001
8580.0,-5.08
8581.0,-5.26
8582.0,-5.25
8583.0,-5.5
8584.0,-5.02
8585.0,-5.3500000000000005
8586.0,-5.03
8587.0,-5.04
8588.0,-5.06
8589.0,-5.33
8590.0,-5.04
8591.0,-5.33
8592.0,-5.03
8593.0,-5.01
8594.0,-5.01
8595.0,-5.16
8596.0,-5.36
8597.0,-5.53
8598.0,-5.430000000000001
8599.0,-5.04
8600.0,-5.03
8601.0,-5.01
8602.0,-5.11
8603.0,-5.25
8604.0,-5.38
8605.0,-5.32
8606.0,-5.23
8607.0,-5.3
8608.0,-5.06
8609.0,-5.5200000000000005
8610.0,-5.02
8611.0,-5.32
8612.0,-5.03
8613.0,-5.13
8614.0,-5.5200000000000005
8615.0,-5.04
8616.0,-5.06
8617.0,-5.08
8618.0,-5.18
8619.0,-5.03
8620.0,-5.04
8621.0,-5.04
8622.0,-5.06
8623.0,-5.02
8624.0,-5.12
8625.0,-5.2700000000000005
8626.0,-5.5
8627.0,-5.3500000000000005
8628.0,-5.04
8629.0,-5.12
8630.0,-5.05
8631.0,-5.13
8632.0,-5.05
8633.0,-5.07
8634.0,-5.06
8635.0,-5.15
8636.0,-5.03
8637.0,-5.28
8638.0,-5.5
8639.0,-5.390000000000001
8640.0,-5.1
8641.0,-5.58
8642.0,-5.45
8643.0,-5.04
8644.0,-5.06
8645.0,-5.11
8646.0,-5.550000000000001
8647.0,-5.07
8648.0,-5.02
8649.0,-5.06
8650.0,-5.32
8651.0,-5.06
8652.0,-5.2
8653.0,-5.28
8654.0,-5.11
8655.0,-5.16
8656.0,-1.0000000000000007
8657.0,-5.21
8658.0,-5.36
8659.0,-5.37
8660.0,-5.5
8661.0,-5.3500000000000005
8662.0,-5.33
8663.0,-5.02
8664.0,-5.45
8665.0,-1.0000000000000007
8666.0,-5.18
8667.0,-5.3
8668.0,-5.19
8669.0,-5.02
8670.0,-5.03
8671.0,-5.03
8672.0,-5.23
8673.0,-5.12
8674.0,-5.11
8675.0,-5.06
8676.0,-5.41
8677.0,-5.7
8678.0,-5.62
8679.0,-5.08
8680.0,-5.390000000000001
8681.0,-5.03
8682.0,-5.38
8683.0,-5.28
8684.0,-5.94
8685.0,-5.01
8686.0,-5.07
8687.0,-5.430000000000001
8688.0,-5.53
8689.0,-5.710000000000001
8690.0,-5.02
8691.0,-5.38
8692.0,-5.3100000000000005
8693.0,-5.62
8694.0,-5.42
8695.0,-5.05
8696.0,-5.34
8697.0,-5.3100000000000005
8698.0,-5.3
8699.0,-5.04
8700.0,-5.18
8701.0,-5.22
8702.0,-5.390000000000001
8703.0,-5.33
8704.0,-5.16
8705.0,-5.82
8706.0,-5.26
8707.0,-5.42
8708.0,-5.04
8709.0,-5.15
8710.0,-5.44
8711.0,-5.07
8712.0,-5.05
8713.0,-5.23
8714.0,-5.25
8715.0,-5.09
8716.0,-5.15
8717.0,-5.44
8718.0,-5.09
8719.0,-5.02
8720.0,-5.18
8721.0,-5.630000000000001
8722.0,-5.01
8723.0,-5.2
8724.0,-5.13
8725.0,-5.02
8726.0,-5.01
8727.0,-5.45
8728.0,-5.03
8729.0,-5.41
8730.0,-5.25
8731.0,-5.24
8732.0,-5.15
8733.0,-5.07
8734.0,-5.48
8735.0,-5.03
8736.0,-5.16
8737.0,-5.74
8738.0,-5.37
8739.0,-5.36
8740.0,-5.09
8741.0,-5.15
8742.0,-5.61
8743.0,-5.34
8744.0,-5.3500000000000005
8745.0,-5.07
8746.0,-5.1
8747.0,-5.02
8748.0,-5.01
8749.0,-5.59
8750.0,-5.23
8751.0,-5.07
8752.0,-5.05
8753.0,-5.3100000000000005
8754.0,-5.01
8755.0,-5.5600000000000005
8756.0,-5.25
8757.0,-5.05
8758.0,-1.0000000000000007
8759.0,-5.46
8760.0,-5.02
8761.0,-5.18
8762.0,-5.430000000000001
8763.0,-5.18
8764.0,-5.32
8765.0,-5.1
8766.0,-5.26
8767.0,-5.630000000000001
8768.0,-5.41
8769.0,-5.02
8770.0,-5.54
8771.0,-5.38
8772.0,-5.390000000000001
8773.0,-5.74
8774.0,-5.21
8775.0,-5.45
8776.0,-5.32
8777.0,-5.06
8778.0,-5.02
8779.0,-5.04
8780.0,-5.17
8781.0,-5.03
8782.0,-5.22
8783.0,-5.03
8784.0,-5.2
8785.0,-5.04
8786.0,-5.02
8787.0,-5.430000000000001
8788.0,-5.21
8789.0,-5.59
8790.0,-1.0000000000000007
8791.0,-5.05
8792.0,-5.720000000000001
8793.0,-5.08
8794.0,-5.14
8795.0,-5.4
8796.0,-5.08
8797.0,-5.32
8798.0,-5.02
8799.0,-5.34
8800.0,-5.05
8801.0,-5.7700000000000005
8802.0,-5.21
8803.0,-5.09
8804.0,-5.04
8805.0,-5.1
8806.0,-5.53
8807.0,-5.02
8808.0,-5.14
8809.0,-5.04
8810.0,-5.05
8811.0,-5.02
8812.0,-5.04
8813.0,-5.2
8814.0,-5.390000000000001
8815.0,-5.22
8816.0,-5.06
8817.0,-1.0000000000000007
8818.0,-5.59
8819.0,-5.02
8820.0,-5.42
8821.0,-5.880000000000001
8822.0,-5.02
8823.0,-5.57
8824.0,-5.03
8825.0,-5.37
8826.0,-5.06
8827.0,-5.630000000000001
8828.0,-5.02
8829.0,-5.18
8830.0,-5.06
8831.0,-5.03
8832.0,-5.02
8833.0,-5.07
8834.0,-5.03
8835.0,-5.01
8836.0,-5.33
8837.0,-5.24
8838.0,-5.01
8839.0,-5.54
8840.0,-5.02
8841.0,-5.45
8842.0,-5.14
8843.0,-5.24
8844.0,-5.01
8845.0,-5.05
8846.0,-5.1
8847.0,-5.24
8848.0,-5.45
8849.0,-5.66
8850.0,-5.710000000000001
8851.0,-5.21
8852.0,-5.04
8853.0,-5.26
8854.0,-5.01
8855.0,-5.1
8856.0,-5.02
8857.0,-5.02
8858.0,-5.08
8859.0,-5.58
8860.0,-5.9
8861.0,-5.34
8862.0,-5.08
8863.0,-5.1
8864.0,-5.44
8865.0,-5.02
8866.0,-5.390000000000001
8867.0,-5.05
8868.0,-5.44
8869.0,-5.23
8870.0,-5.680000000000001
8871.0,-5.01
8872.0,-5.12
8873.0,-5.36
8874.0,-5.51
8875.0,-5.59
8876.0,-5.11
8877.0,-5.02
8878.0,-5.09
8879.0,-5.1
8880.0,-5.3500000000000005
8881.0,-5.01
8882.0,-5.03
8883.0,-5.15
8884.0,-5.3500000000000005
8885.0,-5.430000000000001
8886.0,-5.38
8887.0,-5.4
8888.0,-5.09
8889.0,-5.01
8890.0,-5.04
8891.0,-5.17
8892.0,-5.03
8893.0,-5.01
8894.0,-5.04
8895.0,-1.0000000000000007
8896.0,-5.29
8897.0,-5.32
8898.0,-5.34
8899.0,-5.1
8900.0,-5.59
8901.0,-5.37
8902.0,-1.0000000000000007
8903.0,-5.02
8904.0,-5.48
8905.0,-5.33
8906.0,-5.61
8907.0,-5.36
8908.0,-5.4
8909.0,-5.17
8910.0,-5.03
8911.0,-5.23
8912.0,-5.16
8913.0,-5.66
8914.0,-5.26
8915.0,-5.2
8916.0,-5.05
8917.0,-5.29
8918.0,-5.46
8919.0,-5.48
8920.0,-5.02
8921.0,-5.8500000000000005
8922.0,-5.06
8923.0,-5.12
8924.0,-5.04
8925.0,-5.14
8926.0,-5.91
8927.0,-5.13
8928.0,-5.09
8929.0,-1.0000000000000007
8930.0,-5.3100000000000005
8931.0,-5.06
8932.0,-5.38
8933.0,-5.01
8934.0,-5.08
8935.0,-5.02
8936.0,-5.2
8937.0,-5.08
8938.0,-5.42
8939.0,-5.2700000000000005
8940.0,-5.06
8941.0,-5.03
8942.0,-5.02
8943.0,-5.760000000000001
8944.0,-5.3
8945.0,-5.03
8946.0,-5.430000000000001
8947.0,-5.04
8948.0,-5.02
8949.0,-5.19
8950.0,-5.01
8951.0,-5.48
8952.0,-5.75
8953.0,-5.07
8954.0,-5.03
8955.0,-5.390000000000001
8956.0,-5.26
8957.0,-5.04
8958.0,-5.5
8959.0,-5.75
8960.0,-5.08
8961.0,-5.5200000000000005
8962.0,-5.07
8963.0,-5.07
8964.0,-5.12
8965.0,-5.02
8966.0,-5.15
8967.0,-5.36
8968.0,-5.680000000000001
8969.0,-5.65
8970.0,-5.42
8971.0,-5.12
8972.0,-5.53
8973.0,-5.42
8974.0,-5.08
8975.0,-5.03
8976.0,-5.12
8977.0,-5.02
8978.0,-5.02
8979.0,-5.21
8980.0,-5.38
8981.0,-5.18
8982.0,-5.51
8983.0,-5.28
8984.0,-5.16
8985.0,-5.3100000000000005
8986.0,-5.02
8987.0,-5.12
8988.0,-5.13
8989.0,-5.06
8990.0,-5.19
8991.0,-5.36
8992.0,-5.3500000000000005
8993.0,-5.41
8994.0,-5.02
8995.0,-5.06
8996.0,-5.04
8997.0,-5.08
8998.0,-5.05
8999.0,-5.03
9000.0,-5.12
9001.0,-5.07
9002.0,-5.09
9003.0,-5.2
9004.0,-5.05
9005.0,-5.640000000000001
9006.0,-5.04
9007.0,-5.3100000000000005
9008.0,-5.3100000000000005
9009.0,-5.41
9010.0,-5.02
9011.0,-1.0000000000000007
9012.0,-5.21
9013.0,-5.34
9014.0,-5.09
9015.0,-5.34
9016.0,-5.3
9017.0,-5.3500000000000005
9018.0,-5.710000000000001
9019.0,-5.42
9020.0,-5.59
9021.0,-5.49
9022.0,-5.02
9023.0,-5.22
9024.0,-5.430000000000001
9025.0,-5.3
9026.0,-5.5600000000000005
9027.0,-5.19
9028.0,-5.41
9029.0,-1.0000000000000007
9030.0,-5.26
9031.0,-5.3
9032.0,-5.630000000000001
9033.0,-5.46
9034.0,-5.42
9035.0,-5.45
9036.0,-5.5600000000000005
9037.0,-5.15
9038.0,-5.06
9039.0,-5.09
9040.0,-5.04
9041.0,-5.22
9042.0,-5.42
9043.0,-5.3
9044.0,-5.06
9045.0,-5.65
9046.0,-5.02
9047.0,-5.1
9048.0,-5.42
9049.0,-5.48
9050.0,-5.02
9051.0,-5.22
9052.0,-5.630000000000001
9053.0,-1.0000000000000007
9054.0,-5.26
9055.0,-5.9
9056.0,-5.03
9057.0,-5.12
9058.0,-5.83
9059.0,-5.960000000000001
9060.0,-5.07
9061.0,-5.390000000000001
9062.0,-5.42
9063.0,-5.01
9064.0,-5.19
9065.0,-5.34
9066.0,-5.2
9067.0,-5.48
9068.0,-5.15
9069.0,-5.02
9070.0,-5.13
9071.0,-5.28
9072.0,-5.46
9073.0,-5.02
9074.0,-5.08
9075.0,-5.86
9076.0,-5.15
9077.0,-5.42
9078.0,-5.12
9079.0,-5.24
9080.0,-5.720000000000001
9081.0,-5.3100000000000005
9082.0,-5.75
9083.0,-5.800000000000001
9084.0,-5.07
9085.0,-5.09
9086.0,-5.3100000000000005
9087.0,-5.25
9088.0,-5.03
9089.0,-5.4
9090.0,-5.24
9091.0,-5.04
9092.0,-5.26
9093.0,-5.06
9094.0,-5.32
9095.0,-5.12
9096.0,-5.04
9097.0,-5.22
9098.0,-5.23
9099.0,-5.26
9100.0,-5.59
9101.0,-5.2700000000000005
9102.0,-5.08
9103.0,-5.28
9104.0,-5.58
9105.0,-5.25
9106.0,-5.51
9107.0,-5.3
9108.0,-5.17
9109.0,-5.15
9110.0,-5.11
9111.0,-5.02
9112.0,-5.02
9113.0,-5.03
9114.0,-5.03
9115.0,-5.25
9116.0,-5.26
9117.0,-5.06
9118.0,-5.5200000000000005
9119.0,-5.04
9120.0,-5.04
9121.0,-5.15
9122.0,-5.07
9123.0,-5.05
9124.0,-5.5
9125.0,-5.03
9126.0,-5.03
9127.0,-5.06
9128.0,-5.04
9129.0,-5.13
9130.0,-5.04
9131.0,-5.04
9132.0,-5.02
9133.0,-5.18
9134.0,-5.22
9135.0,-5.04
9136.0,-5.640000000000001
9137.0,-5.08
9138.0,-5.06
9139.0,-5.07
9140.0,-5.38
9141.0,-5.04
9142.0,-5.49
9143.0,-5.8500000000000005
9144.0,-5.21
9145.0,-5.05
9146.0,-5.42
9147.0,-5.28
9148.0,-5.01
9149.0,-5.33
9150.0,-5.03
9151.0,-5.46
9152.0,-5.03
9153.0,-5.53
9154.0,-5.02
9155.0,-5.49
9156.0,-5.26
9157.0,-5.28
9158.0,-5.680000000000001
9159.0,-5.12
9160.0,-5.2700000000000005
9161.0,-5.790000000000001
9162.0,-5.09
9163.0,-5.18
9164.0,-5.08
9165.0,-5.11
9166.0,-5.06
9167.0,-5.49
9168.0,-5.5
9169.0,-5.16
9170.0,-5.32
9171.0,-5.04
9172.0,-5.3100000000000005
9173.0,-5.04
9174.0,-5.01
9175.0,-5.49
9176.0,-5.04
9177.0,-5.06
9178.0,-5.05
9179.0,-5.05
9180.0,-5.06
9181.0,-5.11
9182.0,-5.09
9183.0,-5.23
9184.0,-5.25
9185.0,-5.03
9186.0,-5.34
9187.0,-5.62
9188.0,-5.59
9189.0,-5.23
9190.0,-5.01
9191.0,-5.46
9192.0,-5.05
9193.0,-5.03
9194.0,-5.23
9195.0,-5.14
9196.0,-5.32
9197.0,-5.03
9198.0,-5.03
9199.0,-5.46
9200.0,-5.6000000000000005
9201.0,-5.61
9202.0,-5.19
9203.0,-5.03
9204.0,-5.02
9205.0,-5.5600000000000005
9206.0,-5.02
9207.0,-5.03
9208.0,-5.41
9209.0,-5.62
9210.0,-5.02
9211.0,-5.24
9212.0,-5.04
9213.0,-5.550000000000001
9214.0,-5.02
9215.0,-5.390000000000001
9216.0,-5.04
9217.0,-5.550000000000001
9218.0,-5.57
9219.0,-5.19
9220.0,-5.03
9221.0,-5.61
9222.0,-5.29
9223.0,-5.05
9224.0,-5.4
9225.0,-5.06
9226.0,-5.5
9227.0,-5.74
9228.0,-5.48
9229.0,-5.06
9230.0,-5.44
9231.0,-5.3100000000000005
9232.0,-5.06
9233.0,-5.25
9234.0,-5.550000000000001
9235.0,-5.16
9236.0,-5.01
9237.0,-5.09
9238.0,-5.23
9239.0,-5.25
9240.0,-5.45
9241.0,-5.42
9242.0,-5.1
9243.0,-5.24
9244.0,-5.06
9245.0,-5.03
9246.0,-5.22
9247.0,-5.5600000000000005
9248.0,-5.3100000000000005
9249.0,-5.03
9250.0,-5.03
9251.0,-5.05
9252.0,-5.36
9253.0,-5.08
9254.0,-5.430000000000001
9255.0,-5.09
9256.0,-5.4
9257.0,-5.840000000000001
9258.0,-5.45
9259.0,-5.07
9260.0,-5.1
9261.0,-5.430000000000001
9262.0,-5.41
9263.0,-5.01
9264.0,-5.1
9265.0,-5.02
9266.0,-5.08
9267.0,-5.880000000000001
9268.0,-5.05
9269.0,-5.06
9270.0,-5.19
9271.0,-5.08
9272.0,-5.1
9273.0,-5.01
9274.0,-5.03
9275.0,-5.3100000000000005
9276.0,-5.12
9277.0,-5.25
9278.0,-5.45
9279.0,-5.32
9280.0,-5.22
9281.0,-5.24
9282.0,-5.42
9283.0,-5.37
9284.0,-5.04
9285.0,-5.02
9286.0,-5.5
9287.0,-5.11
9288.0,-5.07
9289.0,-5.41
9290.0,-5.29
9291.0,-5.06
9292.0,-5.12
9293.0,-5.1
9294.0,-5.08
9295.0,-5.03
9296.0,-5.24
9297.0,-5.18
9298.0,-5.710000000000001
9299.0,-1.0000000000000007
9300.0,-5.33
9301.0,-5.09
9302.0,-5.07
9303.0,-5.1
9304.0,-5.26
9305.0,-5.07
9306.0,-5.45
9307.0,-5.26
9308.0,-5.24
9309.0,-5.06
9310.0,-5.390000000000001
9311.0,-5.41
9312.0,-5.2
9313.0,-5.760000000000001
9314.0,-5.06
9315.0,-5.04
9316.0,-5.01
9317.0,-5.25
9318.0,-5.4
9319.0,-5.28
9320.0,-5.44
9321.0,-5.58
9322.0,-5.12
9323.0,-5.3100000000000005
9324.0,-5.38
9325.0,-5.12
9326.0,-5.05
9327.0,-5.29
9328.0,-5.01
9329.0,-5.05
9330.0,-5.470000000000001
9331.0,-5.13
9332.0,-5.34
9333.0,-5.430000000000001
9334.0,-5.54
9335.0,-5.75
9336.0,-5.720000000000001
9337.0,-5.78
9338.0,-5.38
9339.0,-5.14
9340.0,-5.08
9341.0,-5.15
9342.0,-5.06
9343.0,-5.04
9344.0,-5.23
9345.0,-5.3500000000000005
9346.0,-5.13
9347.0,-5.32
9348.0,-5.3100000000000005
9349.0,-5.44
9350.0,-5.02
9351.0,-1.0000000000000007
9352.0,-5.19
9353.0,-5.53
9354.0,-5.24
9355.0,-5.710000000000001
9356.0,-5.21
9357.0,-5.05
9358.0,-5.03
9359.0,-5.54
9360.0,-5.11
9361.0,-5.29
9362.0,-5.2
9363.0,-5.11
9364.0,-5.06
9365.0,-5.3500000000000005
9366.0,-5.08
9367.0,-5.57
9368.0,-5.12
9369.0,-1.0000000000000007
9370.0,-5.02
9371.0,-5.06
9372.0,-5.51
9373.0,-5.01
9374.0,-5.470000000000001
9375.0,-5.7
9376.0,-5.13
9377.0,-5.1
9378.0,-5.06
9379.0,-5.51
9380.0,-5.22
9381.0,-5.08
9382.0,-5.03
9383.0,-5.09
9384.0,-5.44
9385.0,-5.36
9386.0,-5.08
9387.0,-5.45
9388.0,-5.07
9389.0,-5.38
9390.0,-5.790000000000001
9391.0,-5.02
9392.0,-5.04
9393.0,-5.03
9394.0,-5.07
9395.0,-5.16
9396.0,-5.02
9397.0,-5.82
9398.0,-5.48
9399.0,-5.34
9400.0,-5.01
9401.0,-5.75
9402.0,-5.3
9403.0,-5.17
9404.0,-5.03
9405.0,-5.17
9406.0,-5.32
9407.0,-5.02
9408.0,-5.22
9409.0,-5.66
9410.0,-5.390000000000001
9411.0,-5.21
9412.0,-5.12
9413.0,-5.09
9414.0,-5.46
9415.0,-5.42
9416.0,-5.22
9417.0,-5.05
9418.0,-5.5200000000000005
9419.0,-5.38
9420.0,-5.17
9421.0,-5.51
9422.0,-5.74
9423.0,-5.26
9424.0,-5.03
9425.0,-5.14
9426.0,-5.680000000000001
9427.0,-5.02
9428.0,-5.4
9429.0,-5.05
9430.0,-5.13
9431.0,-5.2700000000000005
9432.0,-5.41
9433.0,-5.37
9434.0,-5.46
9435.0,-5.03
9436.0,-5.05
9437.0,-5.58
9438.0,-5.21
9439.0,-5.04
9440.0,-5.01
9441.0,-5.17
9442.0,-5.08
9443.0,-5.07
9444.0,-5.02
9445.0,-5.53
9446.0,-5.5200000000000005
9447.0,-5.29
9448.0,-5.430000000000001
9449.0,-5.02
9450.0,-5.51
9451.0,-5.11
9452.0,-5.48
9453.0,-5.37
9454.0,-5.04
9455.0,-5.09
9456.0,-5.03
9457.0,-5.04
9458.0,-5.12
9459.0,-5.15
9460.0,-5.25
9461.0,-5.36
9462.0,-5.38
9463.0,-5.04
9464.0,-5.21
9465.0,-5.41
9466.0,-5.32
9467.0,-5.3100000000000005
9468.0,-5.51
9469.0,-5.01
9470.0,-5.34
9471.0,-5.07
9472.0,-5.34
9473.0,-5.22
9474.0,-5.5
9475.0,-5.06
9476.0,-1.0000000000000007
9477.0,-5.05
9478.0,-5.33
9479.0,-5.02
9480.0,-5.07
9481.0,-5.01
9482.0,-5.1
9483.0,-5.3500000000000005
9484.0,-5.18
9485.0,-5.1
9486.0,-5.38
9487.0,-5.05
9488.0,-5.06
9489.0,-5.69
9490.0,-5.470000000000001
9491.0,-5.840000000000001
9492.0,-5.1
9493.0,-5.02
9494.0,4.02
9495.0,-5.48
9496.0,-5.04
9497.0,-5.34
9498.0,-5.94
9499.0,-5.44
9500.0,-5.02
9501.0,-5.08
9502.0,-5.62
9503.0,-5.53
9504.0,-5.1
9505.0,-5.32
9506.0,-5.390000000000001
9507.0,-5.3
9508.0,-5.09
9509.0,-5.2
9510.0,-5.09
9511.0,-1.0000000000000007
9512.0,-5.18
9513.0,-5.34
9514.0,-5.22
9515.0,-5.02
9516.0,-1.0000000000000007
9517.0,-5.49
9518.0,-5.73
9519.0,-5.22
9520.0,-5.34
9521.0,-5.09
9522.0,-5.15
9523.0,-5.42
9524.0,-5.18
9525.0,-5.29
9526.0,-5.23
9527.0,-5.21
9528.0,-5.03
9529.0,-5.1
9530.0,-5.03
9531.0,-5.11
9532.0,-5.02
9533.0,-5.11
9534.0,-5.2700000000000005
9535.0,-5.16
9536.0,-1.0000000000000007
9537.0,-5.3
9538.0,4.199999999999999
9539.0,-5.16
9540.0,-5.53
9541.0,-5.54
9542.0,-5.04
9543.0,-5.01
9544.0,-5.33
9545.0,-5.16
9546.0,-5.01
9547.0,-5.06
9548.0,-5.15
9549.0,-5.14
9550.0,-5.390000000000001
9551.0,-5.05
9552.0,-1.0000000000000007
9553.0,-5.26
9554.0,-5.5600000000000005
9555.0,-5.01
9556.0,-5.59
9557.0,-5.21
9558.0,-5.5600000000000005
9559.0,4.039999999999999
9560.0,-5.800000000000001
9561.0,-5.04
9562.0,-5.5200000000000005
9563.0,-5.840000000000001
9564.0,-5.11
9565.0,-1.0000000000000007
9566.0,-5.48
9567.0,-5.54
9568.0,-5.4
9569.0,-5.25
9570.0,-5.05
9571.0,-5.12
9572.0,-5.2700000000000005
9573.0,-5.18
9574.0,-5.1
9575.0,-5.09
9576.0,-5.32
9577.0,-5.61
9578.0,-1.0000000000000007
9579.0,-5.59
9580.0,-5.13
9581.0,-5.11
9582.0,-5.59
9583.0,-5.6000000000000005
9584.0,-5.7
9585.0,-5.04
9586.0,-5.33
9587.0,-5.26
9588.0,-5.18
9589.0,-5.26
9590.0,-5.3100000000000005
9591.0,-5.02
9592.0,-5.11
9593.0,-5.15
9594.0,-5.840000000000001
9595.0,-5.05
9596.0,-5.02
9597.0,-5.03
9598.0,-5.01
9599.0,-5.45
9600.0,-5.29
9601.0,-5.78
9602.0,-5.08
9603.0,-5.49
9604.0,-5.01
9605.0,-5.13
9606.0,-5.3500000000000005
9607.0,-5.66
9608.0,-5.07
9609.0,-5.11
9610.0,-5.03
9611.0,-5.8100000000000005
9612.0,-5.37
9613.0,-5.16
9614.0,-5.550000000000001
9615.0,-5.08
9616.0,-5.75
9617.0,-5.09
9618.0,-5.37
9619.0,-5.23
9620.0,-5.01
9621.0,-5.49
9622.0,-5.51
9623.0,-5.01
9624.0,-5.21
9625.0,-5.29
9626.0,-5.14
9627.0,-5.37
9628.0,-5.42
9629.0,-5.04
9630.0,-5.04
9631.0,-5.3
9632.0,-5.2
9633.0,-5.29
9634.0,-5.3
9635.0,-5.12
9636.0,-5.5200000000000005
9637.0,-5.4
9638.0,-5.15
9639.0,-5.07
9640.0,-5.02
9641.0,-5.02
9642.0,-5.54
9643.0,-5.05
9644.0,-5.28
9645.0,-5.630000000000001
9646.0,-5.37
9647.0,-5.04
9648.0,-5.58
9649.0,-5.11
9650.0,-5.51
9651.0,-5.23
9652.0,-5.12
9653.0,-5.51
9654.0,-5.26
9655.0,-5.06
9656.0,-5.05
9657.0,-5.73
9658.0,-5.11
9659.0,-5.12
9660.0,-5.07
9661.0,-5.09
9662.0,-5.5600000000000005
9663.0,-5.73
9664.0,-5.960000000000001
9665.0,-5.04
9666.0,-5.3500000000000005
9667.0,-5.470000000000001
9668.0,-5.28
9669.0,-5.28
9670.0,-5.02
9671.0,-5.29
9672.0,-5.2
9673.0,-5.21
9674.0,-5.05
9675.0,-5.03
9676.0,-5.07
9677.0,-5.3500000000000005
9678.0,-5.46
9679.0,-5.04
9680.0,-5.42
9681.0,-5.32
9682.0,-5.58
9683.0,-5.840000000000001
9684.0,-5.02
9685.0,-5.42
9686.0,-5.21
9687.0,-5.26
9688.0,-5.38
9689.0,-5.53
9690.0,-5.08
9691.0,-5.41
9692.0,-5.08
9693.0,-5.04
9694.0,-5.02
9695.0,-5.25
9696.0,-5.04
9697.0,-5.07
9698.0,-5.75
9699.0,-5.17
9700.0,-5.38
9701.0,-5.03
9702.0,-5.23
9703.0,-5.17
9704.0,-5.2700000000000005
9705.0,-5.05
9706.0,-5.04
9707.0,-5.58
9708.0,-5.12
9709.0,-5.23
9710.0,-5.2
9711.0,-5.01
9712.0,-5.03
9713.0,-5.34
9714.0,-5.02
9715.0,-5.48
9716.0,-5.62
9717.0,-5.03
9718.0,-5.09
9719.0,-5.36
9720.0,-5.7
9721.0,-5.28
9722.0,-5.3100000000000005
9723.0,-5.19
9724.0,-5.8100000000000005
9725.0,-1.0000000000000007
9726.0,-5.36
9727.0,-5.25
9728.0,-5.23
9729.0,-5.53
9730.0,-5.16
9731.0,-5.06
9732.0,-5.07
9733.0,-5.37
9734.0,-5.03
9735.0,-5.04
9736.0,-5.19
9737.0,-5.09
9738.0,-5.02
9739.0,-5.26
9740.0,-5.46
9741.0,-5.08
9742.0,-5.05
9743.0,-5.42
9744.0,-5.42
9745.0,-5.44
9746.0,-5.44
9747.0,-5.24
9748.0,-5.23
9749.0,-5.26
9750.0,-5.34
9751.0,-5.19
9752.0,-5.01
9753.0,-5.01
9754.0,-5.14
9755.0,-5.13
9756.0,-5.42
9757.0,-5.22
9758.0,-5.3
9759.0,-5.630000000000001
9760.0,-5.08
9761.0,-5.09
9762.0,-5.02
9763.0,-5.28
9764.0,-5.38
9765.0,-5.4
9766.0,4.14
9767.0,-5.32
9768.0,-5.46
9769.0,-5.06
9770.0,-5.98
9771.0,-5.57
9772.0,-5.29
9773.0,-5.32
9774.0,-5.08
9775.0,-5.48
9776.0,-5.46
9777.0,-5.05
9778.0,-5.16
9779.0,-5.3500000000000005
9780.0,-5.23
9781.0,-5.21
9782.0,-5.23
9783.0,-5.5200000000000005
9784.0,-5.550000000000001
9785.0,-5.57
9786.0,-5.03
9787.0,-5.430000000000001
9788.0,-5.06
9789.0,-5.7700000000000005
9790.0,-5.3500000000000005
9791.0,-5.04
9792.0,-5.26
9793.0,-5.28
9794.0,-5.38
9795.0,-5.36
9796.0,-5.38
9797.0,-5.13
9798.0,-5.22
9799.0,-5.21
9800.0,-5.17
9801.0,-5.18
9802.0,-5.49
9803.0,-5.17
9804.0,-5.66
9805.0,-5.48
9806.0,-5.05
9807.0,-5.21
9808.0,-5.04
9809.0,-5.16
9810.0,-1.0000000000000007
9811.0,-5.45
9812.0,-5.23
9813.0,-5.2
9814.0,-5.22
9815.0,-5.09
9816.0,-5.75
9817.0,-5.22
9818.0,-5.470000000000001
9819.0,-5.3100000000000005
9820.0,-5.07
9821.0,-5.37
9822.0,-5.06
9823.0,-5.01
9824.0,-5.710000000000001
9825.0,-5.01
9826.0,-5.05
9827.0,-5.4
9828.0,-5.01
9829.0,-5.26
9830.0,-5.08
9831.0,-5.25
9832.0,-5.04
9833.0,-5.7
9834.0,-5.09
9835.0,-5.03
9836.0,-5.28
9837.0,-5.22
9838.0,-5.45
9839.0,-5.09
9840.0,-5.3
9841.0,-5.02
9842.0,-5.05
9843.0,-5.26
9844.0,-5.11
9845.0,-5.18
9846.0,-5.24
9847.0,-5.04
9848.0,-5.5200000000000005
9849.0,-5.53
9850.0,-5.12
9851.0,-5.41
9852.0,-5.06
9853.0,-5.49
9854.0,-5.6000000000000005
9855.0,-5.04
9856.0,-5.15
9857.0,-5.13
9858.0,-5.86
9859.0,-5.06
9860.0,-5.19
9861.0,-5.2700000000000005
9862.0,-5.26
9863.0,-5.3
9864.0,-5.710000000000001
9865.0,-5.67
9866.0,-5.29
9867.0,-5.3500000000000005
9868.0,-5.34
9869.0,-5.03
9870.0,-5.38
9871.0,-5.3
9872.0,-5.11
9873.0,-5.11
9874.0,-5.21
9875.0,-5.04
9876.0,-5.24
9877.0,-5.09
9878.0,-5.05
9879.0,-5.32
9880.0,-5.1
9881.0,-5.34
9882.0,-5.25
9883.0,-5.04
9884.0,-5.2700000000000005
9885.0,-5.640000000000001
9886.0,-5.54
9887.0,-5.05
9888.0,-5.3
9889.0,-5.3100000000000005
9890.0,-5.03
9891.0,-5.49
9892.0,-5.29
9893.0,-5.720000000000001
9894.0,-5.22
9895.0,-5.25
9896.0,-5.470000000000001
9897.0,-5.17
9898.0,-5.430000000000001
9899.0,-5.38
9900.0,-5.02
9901.0,-5.45
9902.0,-5.05
9903.0,-5.42
9904.0,-5.36
9905.0,-5.14
9906.0,-5.24
9907.0,-5.550000000000001
9908.0,-5.1
9909.0,-5.390000000000001
9910.0,-5.03
9911.0,-5.2
9912.0,-5.710000000000001
9913.0,-5.32
9914.0,-5.32
9915.0,-5.4
9916.0,-5.26
9917.0,-5.36
9918.0,-5.3100000000000005
9919.0,-5.23
9920.0,-5.65
9921.0,-5.470000000000001
9922.0,-5.25
9923.0,-5.34
9924.0,-5.48
9925.0,-5.470000000000001
9926.0,-5.15
9927.0,-5.45
9928.0,-5.430000000000001
9929.0,-5.3100000000000005
9930.0,-5.08
9931.0,-5.3500000000000005
9932.0,-5.23
9933.0,-5.09
9934.0,-5.53
9935.0,-5.45
9936.0,-5.710000000000001
9937.0,-5.36
9938.0,-5.29
9939.0,-5.21
9940.0,-5.9
9941.0,-5.22
9942.0,-5.12
9943.0,-5.3
9944.0,-5.62
9945.0,-5.3100000000000005
9946.0,-5.14
9947.0,-5.02
9948.0,-5.04
9949.0,-5.11
9950.0,-5.390000000000001
9951.0,-5.44
9952.0,-5.03
9953.0,-5.04
9954.0,-5.25
9955.0,-5.16
9956.0,-5.23
9957.0,-5.11
9958.0,-5.08
9959.0,-5.08
9960.0,-5.38
9961.0,-5.41
9962.0,-5.36
9963.0,-5.05
9964.0,-5.05
9965.0,-5.430000000000001
9966.0,-5.01
9967.0,-5.17
9968.0,-5.67
9969.0,-5.3500000000000005
9970.0,-5.03
9971.0,-5.03
9972.0,-5.46
9973.0,-5.01
9974.0,-5.16
9975.0,-5.470000000000001
9976.0,-5.69
9977.0,-5.02
9978.0,-5.1
9979.0,-5.04
9980.0,-5.08
9981.0,-5.54
9982.0,-5.67
9983.0,-5.2700000000000005
9984.0,-5.32
9985.0,-5.02
9986.0,-5.05
9987.0,-5.21
9988.0,-5.7700000000000005
9989.0,-5.48
9990.0,-5.65
9991.0,-5.04
9992.0,-5.57
9993.0,-5.07
9994.0,-5.3
9995.0,-5.06
9996.0,-5.02
9997.0,-5.02
9998.0,-5.5600000000000005
9999.0,-5.24
10000.0,-5.07
10001.0,-5.23
10002.0,-5.36
10003.0,-5.06
10004.0,-5.19
10005.0,-5.28
10006.0,-5.14
10007.0,-5.01
10008.0,-5.36
10009.0,-5.3500000000000005
10010.0,-5.05
10011.0,-5.04
10012.0,-5.09
10013.0,-5.03
10014.0,-5.5
10015.0,-5.03
10016.0,-5.390000000000001
10017.0,-5.36
10018.0,-5.54
10019.0,-5.3500000000000005
10020.0,-5.03
10021.0,-5.14
10022.0,-5.890000000000001
10023.0,-5.5600000000000005
10024.0,-5.06
10025.0,-5.37
10026.0,-5.14
10027.0,-5.3
10028.0,-5.17
10029.0,-5.04
10030.0,-5.5200000000000005
10031.0,-5.01
10032.0,-5.25
10033.0,-5.48
10034.0,-5.05
10035.0,-5.29
10036.0,-5.390000000000001
10037.0,-5.28
10038.0,-5.03
10039.0,-5.24
10040.0,-5.720000000000001
10041.0,-5.29
10042.0,-5.42
10043.0,-5.19
10044.0,-5.430000000000001
10045.0,-5.83
10046.0,-5.03
10047.0,-5.3100000000000005
10048.0,-5.21
10049.0,-5.1
10050.0,-5.390000000000001
10051.0,-5.19
10052.0,-5.26
10053.0,-5.01
10054.0,-5.4
10055.0,-5.5600000000000005
10056.0,-5.5600000000000005
10057.0,-5.58
10058.0,-5.01
10059.0,-5.08
10060.0,-5.5
10061.0,-5.6000000000000005
10062.0,-5.16
10063.0,-5.05
10064.0,-5.02
10065.0,-5.04
10066.0,-5.62
10067.0,-5.01
10068.0,-5.42
10069.0,-5.23
10070.0,-5.54
10071.0,-5.04
10072.0,-5.33
10073.0,-5.41
10074.0,-5.26
10075.0,-5.67
10076.0,-5.1
10077.0,-1.0000000000000007
10078.0,-5.13
10079.0,-5.51
10080.0,-5.06
10081.0,-5.61
10082.0,-5.78
10083.0,-5.34
10084.0,-5.48
10085.0,-5.04
10086.0,-5.18
10087.0,-5.390000000000001
10088.0,-5.3
10089.0,-5.1
10090.0,-5.01
10091.0,-5.32
10092.0,-5.08
10093.0,-5.3100000000000005
10094.0,-5.12
10095.0,-5.12
10096.0,-5.02
10097.0,-5.08
10098.0,-5.3500000000000005
10099.0,-5.32
10100.0,-5.710000000000001
10101.0,-5.11
10102.0,-5.57
10103.0,-5.3100000000000005
10104.0,-5.800000000000001
10105.0,-5.26
10106.0,-5.02
10107.0,-5.04
10108.0,-5.08
10109.0,-5.06
10110.0,-5.4
10111.0,-5.03
10112.0,-5.19
10113.0,-5.06
10114.0,-5.41
10115.0,-5.14
10116.0,-5.37
10117.0,-5.02
10118.0,-5.41
10119.0,-5.54
10120.0,-5.34
10121.0,-5.03
10122.0,-5.05
10123.0,-5.21
10124.0,-5.41
10125.0,-5.07
10126.0,-5.61
10127.0,-5.25
10128.0,-5.03
10129.0,-5.3500000000000005
10130.0,-5.12
10131.0,-5.2700000000000005
10132.0,-5.03
10133.0,-5.04
10134.0,-5.42
10135.0,-5.1
10136.0,-5.59
10137.0,-5.02
10138.0,-5.3500000000000005
10139.0,-5.06
10140.0,-5.25
10141.0,-5.19
10142.0,-5.880000000000001
10143.0,-5.57
10144.0,-5.3
10145.0,-5.2
10146.0,4.029999999999999
10147.0,-5.29
10148.0,-5.3
10149.0,-5.09
10150.0,-5.17
10151.0,-5.48
10152.0,-5.01
10153.0,-5.44
10154.0,-5.21
10155.0,-5.5600000000000005
10156.0,-5.32
10157.0,-5.03
10158.0,-5.28
10159.0,-5.42
10160.0,-5.03
10161.0,-5.16
10162.0,-5.8500000000000005
10163.0,-5.1
10164.0,-5.3500000000000005
10165.0,-5.06
10166.0,-5.38
10167.0,-5.29
10168.0,-5.01
10169.0,-5.05
10170.0,-5.06
10171.0,-5.02
10172.0,-5.3
10173.0,-5.38
10174.0,-5.12
10175.0,-5.3
10176.0,-5.28
10177.0,-5.22
10178.0,-5.02
10179.0,-5.5
10180.0,-5.2700000000000005
10181.0,-5.5600000000000005
10182.0,-5.04
10183.0,-5.32
10184.0,-5.23
10185.0,-5.01
10186.0,-5.26
10187.0,-5.02
10188.0,-5.04
10189.0,-5.1
10190.0,-5.5200000000000005
10191.0,-5.05
10192.0,-5.07
10193.0,-5.34
10194.0,-5.12
10195.0,-5.23
10196.0,-5.1
10197.0,-5.12
10198.0,-5.02
10199.0,-5.22
10200.0,-5.5200000000000005
10201.0,-5.19
10202.0,-5.36
10203.0,-5.65
10204.0,-5.04
10205.0,-5.12
10206.0,-5.32
10207.0,-5.48
10208.0,-5.26
10209.0,-5.07
10210.0,-5.04
10211.0,-5.38
10212.0,-5.34
10213.0,-5.08
10214.0,-5.680000000000001
10215.0,-5.01
10216.0,-5.06
10217.0,-5.58
10218.0,-5.4
10219.0,-5.44
10220.0,-5.06
10221.0,-5.37
10222.0,-5.44
10223.0,-5.08
10224.0,-5.04
10225.0,-5.2700000000000005
10226.0,-5.02
10227.0,-5.01
10228.0,-5.02
10229.0,-5.02
10230.0,-5.3500000000000005
10231.0,-5.05
10232.0,-5.29
10233.0,-5.36
10234.0,-5.22
10235.0,-5.23
10236.0,-5.23
10237.0,-5.99
10238.0,-5.06
10239.0,-5.7
10240.0,-5.54
10241.0,-5.2700000000000005
10242.0,-5.04
10243.0,-5.51
10244.0,-5.840000000000001
10245.0,-1.0000000000000007
10246.0,-5.4
10247.0,-5.37
10248.0,-5.02
10249.0,-5.3100000000000005
10250.0,-5.22
10251.0,-5.49
10252.0,-5.59
10253.0,-5.07
10254.0,-5.02
10255.0,-5.54
10256.0,-5.21
10257.0,-5.62
10258.0,-5.470000000000001
10259.0,-5.42
10260.0,-5.54
10261.0,-5.61
10262.0,-5.29
10263.0,-5.62
10264.0,-5.18
10265.0,-5.5
10266.0,-5.01
10267.0,-5.36
10268.0,-5.41
10269.0,-5.03
10270.0,-5.15
10271.0,-5.34
10272.0,-5.01
10273.0,-5.06
10274.0,-5.12
10275.0,-5.04
10276.0,-5.73
10277.0,-5.34
10278.0,-5.36
10279.0,-5.23
10280.0,-5.94
10281.0,-5.01
10282.0,-5.05
10283.0,-5.42
10284.0,-5.01
10285.0,-5.08
10286.0,-5.02
10287.0,-5.5
10288.0,-5.04
10289.0,-5.16
10290.0,-5.1
10291.0,-5.42
10292.0,-5.36
10293.0,-5.3500000000000005
10294.0,-5.82
10295.0,-5.01
10296.0,-5.32
10297.0,-5.28
10298.0,-5.25
10299.0,-5.11
10300.0,-5.390000000000001
10301.0,-5.53
10302.0,-5.07
10303.0,-5.04
10304.0,-5.28
10305.0,-5.3
10306.0,-5.430000000000001
10307.0,-5.37
10308.0,-1.0000000000000007
10309.0,-5.430000000000001
10310.0,-5.790000000000001
10311.0,-5.41
10312.0,-5.33
10313.0,-5.02
10314.0,-5.41
10315.0,-5.08
10316.0,-5.05
10317.0,-5.02
10318.0,-5.38
10319.0,-5.33
10320.0,-5.05
10321.0,-5.05
10322.0,-5.17
10323.0,-5.01
10324.0,-5.08
10325.0,-5.49
10326.0,-5.01
10327.0,-5.02
10328.0,-5.01
10329.0,-5.06
10330.0,-5.390000000000001
10331.0,-5.04
10332.0,-5.54
10333.0,-5.45
10334.0,-5.4
10335.0,-1.0000000000000007
10336.0,-5.800000000000001
10337.0,-5.09
10338.0,-5.1
10339.0,-5.01
10340.0,-5.7
10341.0,-5.470000000000001
10342.0,-5.01
10343.0,-5.01
10344.0,-5.11
10345.0,-5.01
10346.0,-5.26
10347.0,-5.05
10348.0,-5.6000000000000005
10349.0,-5.05
10350.0,-5.37
10351.0,-5.05
10352.0,-5.42
10353.0,-5.06
10354.0,-5.61
10355.0,-5.3500000000000005
10356.0,-5.04
10357.0,-5.22
10358.0,-5.29
10359.0,-5.05
10360.0,-5.03
10361.0,-5.22
10362.0,-5.05
10363.0,-5.05
10364.0,-5.15
10365.0,-5.32
10366.0,-5.640000000000001
10367.0,-5.04
10368.0,-5.44
10369.0,-5.34
10370.0,-1.0000000000000007
10371.0,-5.3500000000000005
10372.0,-5.14
10373.0,-5.28
10374.0,-5.26
10375.0,-5.32
10376.0,-5.36
10377.0,-5.07
10378.0,-5.02
10379.0,-5.1
10380.0,-5.74
10381.0,-5.03
10382.0,-5.02
10383.0,-5.470000000000001
10384.0,-5.42
10385.0,-5.06
10386.0,-5.36
10387.0,-5.51
10388.0,-5.550000000000001
10389.0,-5.5600000000000005
10390.0,-5.33
10391.0,-5.23
10392.0,-5.08
10393.0,-5.36
10394.0,-5.44
10395.0,-5.13
10396.0,-5.03
10397.0,-5.3100000000000005
10398.0,-5.01
10399.0,-5.07
10400.0,-5.03
10401.0,-5.19
10402.0,-5.06
10403.0,-5.34
10404.0,-5.15
10405.0,-5.04
10406.0,-5.32
10407.0,-5.33
10408.0,-5.3100000000000005
10409.0,-5.24
10410.0,-5.640000000000001
10411.0,-5.430000000000001
10412.0,-5.05
10413.0,-5.21
10414.0,-5.04
10415.0,-5.26
10416.0,-5.09
10417.0,-5.26
10418.0,-5.66
10419.0,-5.34
10420.0,-5.34
10421.0,-5.3
10422.0,-5.2700000000000005
10423.0,-5.48
10424.0,4.369999999999999
10425.0,-5.430000000000001
10426.0,-5.2700000000000005
10427.0,-5.34
10428.0,-5.29
10429.0,-5.02
10430.0,-5.920000000000001
10431.0,-5.37
10432.0,-5.01
10433.0,-5.5600000000000005
10434.0,-5.48
10435.0,-5.24
10436.0,-5.37
10437.0,-5.2
10438.0,-5.33
10439.0,-5.33
10440.0,-5.21
10441.0,-5.34
10442.0,-5.58
10443.0,-5.7700000000000005
10444.0,-5.02
10445.0,-5.5600000000000005
10446.0,-5.38
10447.0,-5.59
10448.0,-5.61
10449.0,-5.75
10450.0,-5.390000000000001
10451.0,-5.13
10452.0,-5.03
10453.0,-5.46
10454.0,-5.4
10455.0,-5.17
10456.0,-5.02
10457.0,-1.0000000000000007
10458.0,-5.03
10459.0,-5.02
10460.0,-5.470000000000001
10461.0,-5.23
10462.0,-5.3100000000000005
10463.0,-5.390000000000001
10464.0,-5.08
10465.0,-5.26
10466.0,-5.2
10467.0,-5.3500000000000005
10468.0,-5.07
10469.0,-5.32
10470.0,-5.3
10471.0,-5.22
10472.0,-5.33
10473.0,-5.3100000000000005
10474.0,-5.58
10475.0,-5.3
10476.0,-5.44
10477.0,-5.03
10478.0,-5.32
10479.0,-5.3
10480.0,-5.41
10481.0,-5.49
10482.0,-5.3
10483.0,-5.03
10484.0,-5.21
10485.0,-5.5
10486.0,-5.57
10487.0,-5.22
10488.0,-5.14
10489.0,-5.04
10490.0,-5.59
10491.0,-5.02
10492.0,-5.720000000000001
10493.0,-5.09
10494.0,-5.470000000000001
10495.0,-5.02
10496.0,-5.21
10497.0,-5.05
10498.0,-5.34
10499.0,-5.38
10500.0,-5.01
10501.0,-5.2
10502.0,-5.02
10503.0,-5.05
10504.0,-5.33
10505.0,-5.45
10506.0,-5.15
10507.0,-5.08
10508.0,-5.14
10509.0,-5.710000000000001
10510.0,-5.01
10511.0,-5.44
10512.0,-5.710000000000001
10513.0,-5.12
10514.0,-5.01
10515.0,-5.66
10516.0,-5.3500000000000005
10517.0,-5.09
10518.0,-5.01
10519.0,-5.3500000000000005
10520.0,-5.630000000000001
10521.0,-5.04
10522.0,-5.430000000000001
10523.0,-5.950000000000001
10524.0,-5.02
10525.0,-5.16
10526.0,-5.34
10527.0,-5.19
10528.0,-5.630000000000001
10529.0,-5.710000000000001
10530.0,-5.01
10531.0,-5.25
10532.0,-5.41
10533.0,-5.54
10534.0,-5.02
10535.0,-5.09
10536.0,-5.08
10537.0,-5.390000000000001
10538.0,-5.3100000000000005
10539.0,-5.3100000000000005
10540.0,-5.18
10541.0,-5.01
10542.0,-5.880000000000001
10543.0,-5.1
10544.0,-5.1
10545.0,-5.3
10546.0,-5.03
10547.0,-5.470000000000001
10548.0,-5.5
10549.0,-5.45
10550.0,-5.23
10551.0,-5.02
10552.0,-5.2
10553.0,-5.45
10554.0,-5.02
10555.0,-5.04
10556.0,4.109999999999999
10557.0,-5.06
10558.0,-5.06
10559.0,-5.33
10560.0,-5.09
10561.0,-5.03
10562.0,-5.02
10563.0,-5.4
10564.0,-5.390000000000001
10565.0,-5.33
10566.0,-5.59
10567.0,-5.04
10568.0,-5.24
10569.0,-5.19
10570.0,-5.54
10571.0,-5.23
10572.0,-5.02
10573.0,-5.550000000000001
10574.0,-5.04
10575.0,-5.34
10576.0,-5.08
10577.0,-5.25
10578.0,-5.66
10579.0,-5.67
10580.0,-5.04
10581.0,-5.05
10582.0,-5.46
10583.0,-5.33
10584.0,-5.05
10585.0,4.2299999999999995
10586.0,-5.3100000000000005
10587.0,-5.17
10588.0,-5.07
10589.0,-5.04
10590.0,-5.3100000000000005
10591.0,-5.5
10592.0,-5.03
10593.0,-5.01
10594.0,-5.42
10595.0,-5.3500000000000005
10596.0,-5.42
10597.0,-5.46
10598.0,-5.08
10599.0,-5.28
10600.0,-5.45
10601.0,-5.37
10602.0,-5.24
10603.0,-5.42
10604.0,-5.01
10605.0,-5.32
10606.0,-5.07
10607.0,-5.02
10608.0,-5.26
10609.0,-5.1
10610.0,-1.0000000000000007
10611.0,-5.46
10612.0,-5.17
10613.0,-5.3500000000000005
10614.0,-5.640000000000001
10615.0,-5.29
10616.0,-5.3100000000000005
10617.0,-5.3
10618.0,-5.91
10619.0,-5.08
10620.0,-5.09
10621.0,-5.24
10622.0,-5.38
10623.0,-5.470000000000001
10624.0,-5.3500000000000005
10625.0,-5.08
10626.0,-5.890000000000001
10627.0,-5.17
10628.0,-5.05
10629.0,-5.13
10630.0,-5.04
10631.0,-5.06
10632.0,-5.04
10633.0,-5.02
10634.0,-5.5200000000000005
10635.0,-5.05
10636.0,-5.24
10637.0,-5.1
10638.0,-5.01
10639.0,-5.04
10640.0,-5.44
10641.0,-5.04
10642.0,-5.23
10643.0,-5.02
10644.0,-5.02
10645.0,-5.03
10646.0,-5.32
10647.0,-5.04
10648.0,-5.24
10649.0,-5.17
10650.0,-5.16
10651.0,-5.02
10652.0,-5.41
10653.0,-5.06
10654.0,-5.01
10655.0,-5.18
10656.0,-5.5
10657.0,-5.01
10658.0,-5.24
10659.0,-5.32
10660.0,-5.19
10661.0,-5.07
10662.0,-5.390000000000001
10663.0,-5.06
10664.0,-5.22
10665.0,-5.29
10666.0,-5.09
10667.0,-5.630000000000001
10668.0,-5.05
10669.0,-5.37
10670.0,-5.04
10671.0,-5.69
10672.0,-5.02
10673.0,-5.3
10674.0,-5.01
10675.0,-5.07
10676.0,-5.430000000000001
10677.0,-5.23
10678.0,-5.42
10679.0,-5.28
10680.0,-5.02
10681.0,-5.1
10682.0,-5.38
10683.0,-5.34
10684.0,-5.06
10685.0,-5.05
10686.0,-5.75
10687.0,-5.45
10688.0,-5.22
10689.0,-5.950000000000001
10690.0,-5.33
10691.0,-5.04
10692.0,-5.38
10693.0,-5.640000000000001
10694.0,-5.550000000000001
10695.0,-5.05
10696.0,-5.06
10697.0,-5.26
10698.0,-5.02
10699.0,-5.44
10700.0,-5.07
10701.0,-5.430000000000001
10702.0,-5.33
10703.0,-5.01
10704.0,-5.37
10705.0,-5.3100000000000005
10706.0,-5.26
10707.0,-5.19
10708.0,-1.0000000000000007
10709.0,-5.01
10710.0,-5.06
10711.0,-5.18
10712.0,-5.38
10713.0,-5.44
10714.0,-5.5200000000000005
10715.0,-5.03
10716.0,-5.02
10717.0,-5.37
10718.0,-5.45
10719.0,-5.34
10720.0,-5.07
10721.0,-5.21
10722.0,-5.02
10723.0,-5.65
10724.0,-5.32
10725.0,-5.1
10726.0,-5.38
10727.0,-5.13
10728.0,-5.14
10729.0,-5.3100000000000005
10730.0,-5.09
10731.0,-5.06
10732.0,-5.2700000000000005
10733.0,-5.01
10734.0,-5.13
10735.0,-5.3100000000000005
10736.0,-5.41
10737.0,-5.02
10738.0,-5.67
10739.0,-5.59
10740.0,-5.91
10741.0,-5.36
10742.0,-1.0000000000000007
10743.0,-5.25
10744.0,-5.18
10745.0,-5.11
10746.0,-5.21
10747.0,-5.06
10748.0,-5.3
10749.0,-5.17
10750.0,-5.07
10751.0,-5.08
10752.0,-5.06
10753.0,-5.16
10754.0,-5.42
10755.0,-5.32
10756.0,-5.25
10757.0,-5.48
10758.0,-5.470000000000001
10759.0,-5.59
10760.0,-5.630000000000001
10761.0,-5.04
10762.0,-5.680000000000001
10763.0,-5.04
10764.0,-5.470000000000001
10765.0,-5.34
10766.0,-1.0000000000000007
10767.0,-5.42
10768.0,-5.26
10769.0,-5.06
10770.0,-5.26
10771.0,-5.05
10772.0,-5.16
10773.0,-5.11
10774.0,-5.01
10775.0,-5.28
10776.0,-5.06
10777.0,-5.25
10778.0,-5.44
10779.0,-5.2
10780.0,-5.01
10781.0,-5.11
10782.0,-5.07
10783.0,-5.03
10784.0,-5.03
10785.0,-5.05
10786.0,-5.08
10787.0,-5.54
10788.0,-5.12
10789.0,-5.02
10790.0,-5.04
10791.0,-5.04
10792.0,-5.34
10793.0,-5.74
10794.0,-5.430000000000001
10795.0,-5.24
10796.0,-5.02
10797.0,-5.21
10798.0,-5.14
10799.0,-5.03
10800.0,-5.73
10801.0,-5.11
10802.0,-5.03
10803.0,-5.21
10804.0,-5.02
10805.0,-5.3
10806.0,-5.03
10807.0,-5.19
10808.0,-5.38
10809.0,-5.41
10810.0,-5.790000000000001
10811.0,-5.09
10812.0,-5.7
10813.0,-5.02
10814.0,-5.3
10815.0,-5.32
10816.0,-5.32
10817.0,-5.69
10818.0,4.09
10819.0,-5.07
10820.0,-5.41
10821.0,-5.02
10822.0,-5.640000000000001
10823.0,-5.05
10824.0,-5.02
10825.0,-5.470000000000001
10826.0,-5.15
10827.0,-5.38
10828.0,-5.02
10829.0,-5.21
10830.0,-5.02
10831.0,-5.390000000000001
10832.0,-5.06
10833.0,-5.3500000000000005
10834.0,-5.02
10835.0,-5.24
10836.0,-5.05
10837.0,-5.22
10838.0,-5.02
10839.0,-5.25
10840.0,-5.61
10841.0,-5.430000000000001
10842.0,-5.390000000000001
10843.0,-5.05
10844.0,-5.29
10845.0,-5.05
10846.0,-5.67
10847.0,-5.44
10848.0,-5.51
10849.0,-5.06
10850.0,-5.42
10851.0,-5.19
10852.0,-5.02
10853.0,-5.45
10854.0,-5.26
10855.0,-5.02
10856.0,-5.24
10857.0,-5.24
10858.0,-5.59
10859.0,-5.3500000000000005
10860.0,-5.01
10861.0,-5.05
10862.0,-5.41
10863.0,-5.02
10864.0,-5.34
10865.0,-5.3
10866.0,-5.02
10867.0,-5.01
10868.0,-5.21
10869.0,-5.5
10870.0,-5.01
10871.0,-5.07
10872.0,-5.02
10873.0,-5.2
10874.0,-5.2
10875.0,-5.2
10876.0,-5.25
10877.0,-5.16
10878.0,-5.3100000000000005
10879.0,-5.19
10880.0,-5.04
10881.0,-5.09
10882.0,-5.45
10883.0,-5.58
10884.0,-5.870000000000001
10885.0,-5.390000000000001
10886.0,-5.760000000000001
10887.0,-5.25
10888.0,-5.48
10889.0,-5.25
10890.0,-5.09
10891.0,-5.3100000000000005
10892.0,-5.03
10893.0,-5.02
10894.0,-5.01
10895.0,-5.3
10896.0,-5.470000000000001
10897.0,-5.4
10898.0,-5.03
10899.0,-5.01
10900.0,-5.01
10901.0,-5.04
10902.0,-5.28
10903.0,-5.61
10904.0,-5.73
10905.0,-5.49
10906.0,-5.11
10907.0,-5.5
10908.0,-5.21
10909.0,-5.06
10910.0,-5.390000000000001
10911.0,-5.49
10912.0,-5.34
10913.0,-5.06
10914.0,-5.01
10915.0,-5.3100000000000005
10916.0,-5.04
10917.0,-5.390000000000001
10918.0,-5.02
10919.0,-5.06
10920.0,-5.02
10921.0,-5.05
10922.0,-5.640000000000001
10923.0,-5.3500000000000005
10924.0,-5.42
10925.0,-5.02
10926.0,-5.03
10927.0,-5.33
10928.0,-5.07
10929.0,-5.36
10930.0,-5.390000000000001
10931.0,-5.09
10932.0,-5.02
10933.0,-5.03
10934.0,-5.32
10935.0,-5.11
10936.0,-5.22
10937.0,-5.7
10938.0,-5.07
10939.0,-5.12
10940.0,-5.14
10941.0,-5.1
10942.0,-5.710000000000001
10943.0,-5.29
10944.0,-5.13
10945.0,-5.3500000000000005
10946.0,-5.23
10947.0,4.109999999999999
10948.0,-5.36
10949.0,-5.06
10950.0,-5.15
10951.0,-5.03
10952.0,-5.1
10953.0,-1.0000000000000007
10954.0,-5.49
10955.0,-5.49
10956.0,-5.09
10957.0,-5.21
10958.0,-5.18
10959.0,4.35
10960.0,4.319999999999999
10961.0,-5.01
10962.0,-5.07
10963.0,-5.42
10964.0,-5.09
10965.0,-5.21
10966.0,4.33
10967.0,-5.5600000000000005
10968.0,-5.08
10969.0,-5.8500000000000005
10970.0,-5.15
10971.0,-5.02
10972.0,-5.58
10973.0,-5.03
10974.0,-5.14
10975.0,-5.17
10976.0,-5.5200000000000005
10977.0,-5.05
10978.0,-5.3
10979.0,-5.2700000000000005
10980.0,-5.22
10981.0,-5.06
10982.0,-5.44
10983.0,-5.28
10984.0,-5.02
10985.0,-5.75
10986.0,-5.34
10987.0,-5.15
10988.0,-5.790000000000001
10989.0,-5.1
10990.0,-5.44
10991.0,-5.44
10992.0,-5.45
10993.0,-5.05
10994.0,-5.2700000000000005
10995.0,-5.94
10996.0,-5.14
10997.0,-5.01
10998.0,-5.19
10999.0,-5.01
11000.0,-5.710000000000001
11001.0,-5.3100000000000005
11002.0,-5.06
11003.0,-5.32
11004.0,-5.01
11005.0,-5.09
11006.0,-5.2
11007.0,4.119999999999999
11008.0,-5.49
11009.0,-5.02
11010.0,-5.08
11011.0,-5.22
11012.0,-5.57
11013.0,-5.23
11014.0,-5.06
11015.0,-5.37
11016.0,-5.04
11017.0,-5.16
11018.0,-5.02
11019.0,-5.36
11020.0,-5.07
11021.0,-5.19
11022.0,-5.05
11023.0,-5.2
11024.0,-5.42
11025.0,4.159999999999999
11026.0,-5.640000000000001
11027.0,-5.2700000000000005
11028.0,4.41
11029.0,-5.05
11030.0,-5.21
11031.0,-5.01
11032.0,-5.06
11033.0,-5.01
11034.0,-5.48
11035.0,-5.2700000000000005
11036.0,-5.08
11037.0,-5.15
11038.0,-5.26
11039.0,-5.02
11040.0,-5.18
11041.0,-5.45
11042.0,-5.33
11043.0,-5.390000000000001
11044.0,-5.13
11045.0,-5.06
11046.0,-5.14
11047.0,-5.08
11048.0,-5.32
11049.0,-5.61
11050.0,-5.03
11051.0,-5.01
11052.0,-5.390000000000001
11053.0,-5.02
11054.0,-5.75
11055.0,-5.02
11056.0,-5.33
11057.0,-5.78
11058.0,-5.41
11059.0,-5.36
11060.0,-5.4
11061.0,-5.82
11062.0,-5.24
11063.0,-5.32
11064.0,-5.3500000000000005
11065.0,-5.11
11066.0,-5.26
11067.0,-5.14
11068.0,-5.03
11069.0,-5.53
11070.0,-5.13
11071.0,-5.04
11072.0,-5.2700000000000005
11073.0,-5.24
11074.0,-5.2700000000000005
11075.0,-5.23
11076.0,-5.18
11077.0,-5.04
11078.0,-5.07
11079.0,-5.23
11080.0,-5.3
11081.0,-5.08
11082.0,-5.29
11083.0,-5.19
11084.0,-5.11
11085.0,-5.59
11086.0,-5.41
11087.0,-5.3500000000000005
11088.0,-5.45
11089.0,-5.1
11090.0,-5.51
11091.0,-5.3100000000000005
11092.0,-5.33
11093.0,-5.03
11094.0,-5.02
11095.0,-5.07
11096.0,-5.01
11097.0,-5.03
11098.0,-5.5
11099.0,-5.08
11100.0,-5.390000000000001
11101.0,-5.11
11102.0,-5.3500000000000005
11103.0,-5.51
11104.0,-1.0000000000000007
11105.0,-5.42
11106.0,-5.05
11107.0,-5.33
11108.0,-5.34
11109.0,-5.82
11110.0,-5.23
11111.0,-5.04
11112.0,-5.06
11113.0,-5.17
11114.0,-1.0000000000000007
11115.0,-5.05
11116.0,-5.62
11117.0,-5.02
11118.0,-5.32
11119.0,-5.04
11120.0,-5.5
11121.0,-5.04
11122.0,-5.53
11123.0,-5.41
11124.0,-5.5600000000000005
11125.0,-5.390000000000001
11126.0,-5.11
11127.0,-5.2700000000000005
11128.0,-5.48
11129.0,-5.390000000000001
11130.0,-5.62
11131.0,-5.15
11132.0,-5.22
11133.0,-5.04
11134.0,-5.69
11135.0,-5.02
11136.0,-5.34
11137.0,-5.32
11138.0,-5.02
11139.0,-5.38
11140.0,-5.05
11141.0,-5.710000000000001
11142.0,-5.58
11143.0,-5.5
11144.0,-5.41
11145.0,-5.6000000000000005
11146.0,-5.29
11147.0,-5.2700000000000005
11148.0,-5.32
11149.0,-5.06
11150.0,-5.11
11151.0,-5.06
11152.0,-5.04
11153.0,-5.04
11154.0,-5.05
11155.0,-5.32
11156.0,-5.44
11157.0,-5.430000000000001
11158.0,-5.36
11159.0,-5.03
11160.0,-5.710000000000001
11161.0,-5.05
11162.0,-5.01
11163.0,-5.08
11164.0,-5.04
11165.0,-5.18
11166.0,-5.22
11167.0,-5.04
11168.0,-5.62
11169.0,-5.3100000000000005
11170.0,4.279999999999999
11171.0,-5.7
11172.0,4.42
11173.0,-5.17
11174.0,-5.58
11175.0,-5.5200000000000005
11176.0,-5.66
11177.0,-5.3500000000000005
11178.0,-5.69
11179.0,-5.15
11180.0,-5.08
11181.0,-5.03
11182.0,-5.29
11183.0,-5.21
11184.0,-5.06
11185.0,-5.99
11186.0,-5.06
11187.0,-5.02
11188.0,-5.11
11189.0,-5.390000000000001
11190.0,-5.13
11191.0,4.34
11192.0,-5.03
11193.0,-5.1
11194.0,-5.37
11195.0,-1.0000000000000007
11196.0,-5.07
11197.0,-5.5200000000000005
11198.0,-5.04
11199.0,4.039999999999999
11200.0,-5.07
11201.0,-5.430000000000001
11202.0,-5.23
11203.0,-5.03
11204.0,-5.02
11205.0,-5.03
11206.0,-5.02
11207.0,-5.17
11208.0,-5.37
11209.0,-5.03
11210.0,-5.06
11211.0,-5.5200000000000005
11212.0,4.1
11213.0,-5.02
11214.0,-5.06
11215.0,-5.04
11216.0,-5.04
11217.0,-5.32
11218.0,-5.06
11219.0,-5.28
11220.0,-5.430000000000001
11221.0,-5.46
11222.0,-5.1
11223.0,-5.03
11224.0,-5.42
11225.0,-5.05
11226.0,-5.06
11227.0,-5.02
11228.0,-5.54
11229.0,-5.37
11230.0,-5.01
11231.0,-5.430000000000001
11232.0,-5.22
11233.0,-5.390000000000001
11234.0,-5.640000000000001
11235.0,-5.970000000000001
11236.0,-5.23
11237.0,-5.67
11238.0,-5.3500000000000005
11239.0,-5.630000000000001
11240.0,-5.51
11241.0,-5.13
11242.0,-5.02
11243.0,-5.36
11244.0,-5.06
11245.0,-5.67
11246.0,-1.0000000000000007
11247.0,-5.46
11248.0,4.1
11249.0,-5.8100000000000005
11250.0,-5.66
11251.0,4.209999999999999
11252.0,-5.15
11253.0,-5.01
11254.0,-5.03
11255.0,4.279999999999999
11256.0,-5.7700000000000005
11257.0,-5.04
11258.0,-5.25
11259.0,-5.62
11260.0,-5.03
11261.0,-5.4
11262.0,-5.02
11263.0,-5.25
11264.0,4.06
11265.0,-5.38
11266.0,-5.94
11267.0,4.079999999999999
11268.0,-5.44
11269.0,-5.13
11270.0,-5.06
11271.0,-5.3100000000000005
11272.0,-1.0000000000000007
11273.0,-5.1
11274.0,-5.390000000000001
11275.0,-5.45
11276.0,-1.0000000000000007
11277.0,-5.57
11278.0,-5.3
11279.0,-5.08
11280.0,-5.03
11281.0,-5.5600000000000005
11282.0,-5.12
11283.0,-5.04
11284.0,4.17
11285.0,-5.53
11286.0,4.35
11287.0,-5.02
11288.0,-5.69
11289.0,-5.04
11290.0,-5.18
11291.0,-5.02
11292.0,-5.24
11293.0,-5.790000000000001
11294.0,-5.69
11295.0,-5.38
11296.0,-5.03
11297.0,-5.03
11298.0,-5.02
11299.0,-5.04
11300.0,-5.3500000000000005
11301.0,-5.33
11302.0,-5.680000000000001
11303.0,-5.03
11304.0,-5.3
11305.0,-5.02
11306.0,-5.19
11307.0,4.18
11308.0,-5.06
11309.0,-5.45
11310.0,-5.36
11311.0,-5.26
11312.0,-5.01
11313.0,-5.08
11314.0,-5.26
11315.0,-5.14
11316.0,-5.05
11317.0,4.25
11318.0,-5.61
11319.0,-5.07
11320.0,-5.02
11321.0,-1.0000000000000007
11322.0,-5.5600000000000005
11323.0,-5.04
11324.0,-5.38
11325.0,-5.65
11326.0,-5.21
11327.0,-5.4
11328.0,-5.3
11329.0,-5.7700000000000005
11330.0,-5.2
11331.0,4.119999999999999
11332.0,-5.01
11333.0,-5.11
11334.0,-5.26
11335.0,-5.06
11336.0,4.55
11337.0,-5.04
11338.0,-5.53
11339.0,-5.32
11340.0,-5.73
11341.0,-5.37
11342.0,-5.05
11343.0,-5.06
11344.0,4.43
11345.0,-5.06
11346.0,-5.07
11347.0,-5.94
11348.0,-5.02
11349.0,-5.3
11350.0,-5.04
11351.0,-5.51
11352.0,-5.12
11353.0,-5.04
11354.0,-5.14
11355.0,-5.18
11356.0,4.3999999999999995
11357.0,-5.57
11358.0,-5.78
11359.0,-5.34
11360.0,4.039999999999999
11361.0,4.119999999999999
11362.0,-5.640000000000001
11363.0,-5.38
11364.0,-5.61
11365.0,-5.5600000000000005
11366.0,-5.58
11367.0,-5.14
11368.0,-5.02
11369.0,-5.04
11370.0,-5.870000000000001
11371.0,-5.53
11372.0,-5.16
11373.0,-5.05
11374.0,-5.5
11375.0,-5.02
11376.0,-5.04
11377.0,-5.8500000000000005
11378.0,-5.18
11379.0,-5.14
11380.0,-5.11
11381.0,-5.06
11382.0,4.22
11383.0,-5.49
11384.0,-5.05
11385.0,-5.3
11386.0,-5.08
11387.0,-5.05
11388.0,-5.59
11389.0,-5.02
11390.0,-1.0000000000000007
11391.0,-5.760000000000001
11392.0,4.2299999999999995
11393.0,-5.680000000000001
11394.0,-5.4
11395.0,-5.29
11396.0,-5.58
11397.0,-1.0000000000000007
11398.0,-1.0000000000000007
11399.0,-5.03
11400.0,-5.03
11401.0,-5.02
11402.0,-5.01
11403.0,-5.840000000000001
11404.0,-5.65
11405.0,-5.08
11406.0,-5.48
11407.0,-5.03
11408.0,-5.02
11409.0,-5.03
11410.0,-5.5600000000000005
11411.0,-5.04
11412.0,-5.74
11413.0,-5.06
11414.0,-5.720000000000001
11415.0,-5.49
11416.0,-5.58
11417.0,-5.53
11418.0,-5.05
11419.0,-5.22
11420.0,-5.04
11421.0,-5.04
11422.0,-5.07
11423.0,-5.01
11424.0,-5.41
11425.0,-5.02
11426.0,-5.06
11427.0,-5.800000000000001
11428.0,-5.08
11429.0,-5.2700000000000005
11430.0,-5.16
11431.0,-5.36
11432.0,-5.08
11433.0,-5.18
11434.0,-5.73
11435.0,-5.28
11436.0,-5.16
11437.0,4.449999999999999
11438.0,-5.640000000000001
11439.0,-5.2700000000000005
11440.0,-5.02
11441.0,-5.82
11442.0,-5.4
11443.0,-5.46
11444.0,-5.59
11445.0,-5.01
11446.0,-1.0000000000000007
11447.0,-5.05
11448.0,-5.22
11449.0,-5.19
11450.0,4.09
11451.0,-5.7700000000000005
11452.0,-5.12
11453.0,-5.06
11454.0,-5.710000000000001
11455.0,-5.04
11456.0,-5.03
11457.0,-5.06
11458.0,4.359999999999999
11459.0,-5.15
11460.0,-5.36
11461.0,-5.08
11462.0,-5.75
11463.0,-5.45
11464.0,-5.07
11465.0,-5.470000000000001
11466.0,-5.2700000000000005
11467.0,-5.3100000000000005
11468.0,-5.26
11469.0,-5.04
11470.0,-5.06
11471.0,-5.34
11472.0,-5.66
11473.0,-5.02
11474.0,-5.98
11475.0,-5.62
11476.0,-5.550000000000001
11477.0,-5.01
11478.0,-5.19
11479.0,-5.09
11480.0,4.159999999999999
11481.0,-5.48
11482.0,-5.05
11483.0,-5.02
11484.0,-5.14
11485.0,-5.02
11486.0,-5.18
11487.0,-5.74
11488.0,-5.04
11489.0,-5.5
11490.0,-5.57
11491.0,-5.05
11492.0,-5.05
11493.0,4.209999999999999
11494.0,-5.1
11495.0,-5.16
11496.0,-5.04
11497.0,-5.02
11498.0,4.109999999999999
11499.0,-5.02
11500.0,-5.04
11501.0,-5.8500000000000005
11502.0,-5.34
11503.0,-5.25
11504.0,-5.58
11505.0,-5.04
11506.0,-5.02
11507.0,-5.05
11508.0,-5.5600000000000005
11509.0,-5.5
11510.0,-5.07
11511.0,-5.44
11512.0,-5.680000000000001
11513.0,-5.390000000000001
11514.0,-5.15
11515.0,-5.54
11516.0,-5.49
11517.0,-5.17
11518.0,-5.3
11519.0,4.039999999999999
11520.0,-5.6000000000000005
11521.0,-5.2700000000000005
11522.0,-5.06
11523.0,-5.36
11524.0,-5.24
11525.0,-5.25
11526.0,-5.01
11527.0,-5.08
11528.0,-5.02
11529.0,-5.5600000000000005
11530.0,-5.2700000000000005
11531.0,-5.29
11532.0,-5.930000000000001
11533.0,4.1899999999999995
11534.0,-5.640000000000001
11535.0,-5.03
11536.0,-5.630000000000001
11537.0,-5.06
11538.0,-5.37
11539.0,-5.04
11540.0,-5.25
11541.0,-5.5
11542.0,-5.38
11543.0,-5.37
11544.0,-5.66
11545.0,4.25
11546.0,-5.44
11547.0,-5.44
11548.0,-5.840000000000001
11549.0,-5.36
11550.0,4.1
11551.0,-1.0000000000000007
11552.0,4.17
11553.0,-5.470000000000001
11554.0,-5.51
11555.0,-5.7
11556.0,-5.430000000000001
11557.0,-5.3100000000000005
11558.0,-5.24
11559.0,4.33
11560.0,-5.62
11561.0,-5.58
11562.0,-5.17
11563.0,4.41
11564.0,-5.03
11565.0,-5.02
11566.0,-5.22
11567.0,-5.2700000000000005
11568.0,-5.720000000000001
11569.0,-5.21
11570.0,-5.37
11571.0,-5.04
11572.0,-5.03
11573.0,4.109999999999999
11574.0,-5.26
11575.0,-5.04
11576.0,-5.680000000000001
11577.0,-5.6000000000000005
11578.0,-5.02
11579.0,4.199999999999999
11580.0,-5.59
11581.0,-5.3
11582.0,-5.7
11583.0,-5.5600000000000005
11584.0,-5.01
11585.0,-5.02
11586.0,-1.0000000000000007
11587.0,-5.03
11588.0,-5.18
11589.0,-5.48
11590.0,-5.04
11591.0,4.1
11592.0,-5.2700000000000005
11593.0,-5.07
11594.0,-5.14
11595.0,-5.46
11596.0,-5.01
11597.0,-5.06
11598.0,4.26
11599.0,-5.630000000000001
11600.0,-5.23
11601.0,-5.390000000000001
11602.0,-5.5
11603.0,-5.03
11604.0,-5.470000000000001
11605.0,-1.0000000000000007
11606.0,-5.22
11607.0,-5.04
11608.0,-5.32
11609.0,-5.12
11610.0,-5.53
11611.0,-5.04
11612.0,-5.470000000000001
11613.0,-5.640000000000001
11614.0,4.26
11615.0,-5.24
11616.0,-5.550000000000001
11617.0,4.4799999999999995
11618.0,-5.04
11619.0,-5.07
11620.0,-5.03
11621.0,-5.18
11622.0,-5.25
11623.0,-5.65
11624.0,-5.470000000000001
11625.0,4.129999999999999
11626.0,-5.16
11627.0,-5.5600000000000005
11628.0,-5.01
11629.0,-5.3
11630.0,-1.0000000000000007
11631.0,-5.21
11632.0,4.239999999999999
11633.0,-5.54
11634.0,-1.0000000000000007
11635.0,4.1899999999999995
11636.0,4.22
11637.0,-5.5600000000000005
11638.0,4.17
11639.0,-5.14
11640.0,-5.04
11641.0,-5.17
11642.0,-5.59
11643.0,-5.45
11644.0,-5.01
11645.0,-5.550000000000001
11646.0,-5.05
11647.0,-5.05
11648.0,4.049999999999999
11649.0,-5.02
11650.0,4.109999999999999
11651.0,-5.05
11652.0,-5.59
11653.0,-5.4
11654.0,-5.02
11655.0,-5.61
11656.0,-5.550000000000001
11657.0,-5.28
11658.0,4.34
11659.0,-5.7
11660.0,-5.06
11661.0,-5.04
11662.0,-1.0000000000000007
11663.0,-5.21
11664.0,-5.02
11665.0,-5.8100000000000005
11666.0,-5.82
11667.0,-5.37
11668.0,-5.69
11669.0,-5.62
11670.0,-5.08
11671.0,-5.57
11672.0,-5.19
11673.0,4.38
11674.0,-5.26
11675.0,-5.7
11676.0,-5.53
11677.0,-5.4
11678.0,-5.8500000000000005
11679.0,-5.5600000000000005
11680.0,4.359999999999999
11681.0,4.38
11682.0,-5.69
11683.0,4.41
11684.0,-5.17
11685.0,-5.36
11686.0,-5.01
11687.0,-5.8500000000000005
11688.0,-5.5
11689.0,-5.01
11690.0,-5.09
11691.0,-5.42
11692.0,-5.58
11693.0,-5.57
11694.0,-5.38
11695.0,-5.21
11696.0,-5.83
11697.0,-5.01
11698.0,-5.720000000000001
11699.0,-5.840000000000001
11700.0,-5.42
11701.0,-5.26
11702.0,-5.5600000000000005
11703.0,-5.8500000000000005
11704.0,4.1
11705.0,-5.66
11706.0,-5.36
11707.0,-1.0000000000000007
11708.0,-5.41
11709.0,-5.970000000000001
11710.0,-5.29
11711.0,-5.430000000000001
11712.0,-5.13
11713.0,-5.08
11714.0,-5.42
11715.0,-5.630000000000001
11716.0,-5.45
11717.0,-5.470000000000001
11718.0,4.319999999999999
11719.0,-5.49
11720.0,-5.390000000000001
11721.0,-5.06
11722.0,-5.6000000000000005
11723.0,-5.03
11724.0,-5.21
11725.0,-5.04
11726.0,-5.32
11727.0,-5.6000000000000005
11728.0,4.1899999999999995
11729.0,4.43
11730.0,-5.38
11731.0,-5.640000000000001
11732.0,-5.46
11733.0,-5.37
11734.0,-5.28
11735.0,-5.51
11736.0,-5.390000000000001
11737.0,-5.91
11738.0,-5.51
11739.0,-5.08
11740.0,-5.2
11741.0,-5.680000000000001
11742.0,-5.2
11743.0,-5.430000000000001
11744.0,-5.550000000000001
11745.0,-5.3
11746.0,-5.14
11747.0,-5.02
11748.0,-5.61
11749.0,-5.01
11750.0,-5.34
11751.0,-5.720000000000001
11752.0,4.319999999999999
11753.0,-5.2700000000000005
11754.0,-1.0000000000000007
11755.0,4.199999999999999
11756.0,-5.430000000000001
11757.0,-5.62
11758.0,-5.14
11759.0,-5.02
11760.0,-1.0000000000000007
11761.0,-5.53
11762.0,-5.36
11763.0,-5.04
11764.0,-5.08
11765.0,-5.1
11766.0,-5.34
11767.0,-5.1
11768.0,4.01
11769.0,-5.5600000000000005
11770.0,4.209999999999999
11771.0,4.34
11772.0,4.41
11773.0,-1.0000000000000007
11774.0,-5.04
11775.0,-5.1
11776.0,-5.58
11777.0,4.01
11778.0,-5.15
11779.0,-5.390000000000001
11780.0,-5.83
11781.0,-5.41
11782.0,-5.01
11783.0,-5.8100000000000005
11784.0,-5.32
11785.0,-5.02
11786.0,-5.62
11787.0,4.239999999999999
11788.0,-5.54
11789.0,-5.4
11790.0,-5.58
11791.0,4.22
11792.0,-5.03
11793.0,-5.2
11794.0,-5.7
11795.0,-5.640000000000001
11796.0,4.119999999999999
11797.0,-5.83
11798.0,4.26
11799.0,-5.08
11800.0,4.2299999999999995
11801.0,-5.24
11802.0,-5.7
11803.0,4.319999999999999
11804.0,-5.05
11805.0,-5.91
11806.0,-5.67
11807.0,-5.69
11808.0,-5.13
11809.0,-5.930000000000001
11810.0,-5.01
11811.0,-5.25
11812.0,-5.86
11813.0,-5.05
11814.0,-5.720000000000001
11815.0,-5.83
11816.0,-5.74
11817.0,-5.04
11818.0,-5.680000000000001
11819.0,4.289999999999999
11820.0,-5.720000000000001
11821.0,-5.12
11822.0,4.1
11823.0,-5.19
11824.0,-5.7700000000000005
11825.0,-5.06
11826.0,-5.69
11827.0,-5.12
11828.0,-5.02
11829.0,4.1499999999999995
11830.0,-5.19
11831.0,-5.470000000000001
11832.0,4.31
11833.0,-5.04
11834.0,-5.38
11835.0,-5.08
11836.0,-5.02
11837.0,-5.02
11838.0,-5.37
11839.0,-5.550000000000001
11840.0,-5.05
11841.0,-5.430000000000001
11842.0,-5.34
11843.0,-5.02
11844.0,-5.04
11845.0,-5.59
11846.0,-5.61
11847.0,-5.62
11848.0,-5.2
11849.0,-5.24
11850.0,-1.0000000000000007
11851.0,-5.02
11852.0,-5.94
11853.0,-5.36
11854.0,-5.01
11855.0,4.27
11856.0,-5.06
11857.0,-5.930000000000001
11858.0,-5.33
11859.0,4.319999999999999
11860.0,-5.04
11861.0,-5.05
11862.0,-5.01
11863.0,-5.59
11864.0,-5.04
11865.0,-5.69
11866.0,-5.03
11867.0,-5.48
11868.0,-5.05
11869.0,-5.15
11870.0,-5.640000000000001
11871.0,-5.8500000000000005
11872.0,-5.680000000000001
11873.0,-5.05
11874.0,-5.24
11875.0,-5.05
11876.0,-5.4
11877.0,-5.23
11878.0,-5.3500000000000005
11879.0,-5.01
11880.0,-5.03
11881.0,-5.03
11882.0,-5.2
11883.0,-5.550000000000001
11884.0,-5.03
11885.0,-5.03
11886.0,-5.18
11887.0,-5.1
11888.0,-5.21
11889.0,-5.02
11890.0,-5.710000000000001
11891.0,4.209999999999999
11892.0,-5.73
11893.0,-5.02
11894.0,4.3999999999999995
11895.0,-5.09
11896.0,-5.710000000000001
11897.0,-5.03
11898.0,-5.19
11899.0,-5.7
11900.0,-5.58
11901.0,4.26
11902.0,-5.53
11903.0,4.3
11904.0,-5.02
11905.0,-5.16
11906.0,4.33
11907.0,-5.08
11908.0,-5.49
11909.0,4.199999999999999
11910.0,-1.0000000000000007
11911.0,-5.02
11912.0,4.369999999999999
11913.0,4.38
11914.0,-5.03
11915.0,-1.0000000000000007
11916.0,-5.45
11917.0,-5.58
11918.0,4.54
11919.0,-5.01
11920.0,-5.53
11921.0,4.22
11922.0,-1.0000000000000007
11923.0,-5.18
11924.0,-5.630000000000001
11925.0,-1.0000000000000007
11926.0,-5.36
11927.0,-5.04
11928.0,-5.48
11929.0,-5.16
11930.0,-5.66
11931.0,-5.32
11932.0,-5.07
11933.0,-5.03
11934.0,-5.73
11935.0,-5.45
11936.0,-5.21
11937.0,-5.13
11938.0,-5.21
11939.0,-5.03
11940.0,-5.06
11941.0,-5.01
11942.0,-5.710000000000001
11943.0,4.239999999999999
11944.0,-5.66
11945.0,-5.02
11946.0,-5.3100000000000005
11947.0,-5.5
11948.0,-5.02
11949.0,-5.57
11950.0,-5.05
11951.0,-5.2
11952.0,-5.26
11953.0,-5.03
11954.0,-5.19
11955.0,-5.8500000000000005
11956.0,-5.04
11957.0,-5.32
11958.0,-5.01
11959.0,-5.02
11960.0,-5.04
11961.0,-5.6000000000000005
11962.0,-5.02
11963.0,-5.29
11964.0,-5.01
11965.0,-5.26
11966.0,4.33
11967.0,-5.24
11968.0,-5.02
11969.0,-5.02
11970.0,-5.03
11971.0,-5.46
11972.0,-5.53
11973.0,-5.04
11974.0,-5.16
11975.0,-5.15
11976.0,-5.02
11977.0,-5.550000000000001
11978.0,-5.03
11979.0,-5.08
11980.0,-5.01
11981.0,-5.03
11982.0,-5.41
11983.0,-5.1
11984.0,-5.02
11985.0,4.199999999999999
11986.0,4.39
11987.0,-5.14
11988.0,-5.66
11989.0,-5.02
11990.0,-5.48
11991.0,-5.73
11992.0,-1.0000000000000007
11993.0,-5.07
11994.0,4.199999999999999
11995.0,-5.51
11996.0,-5.5600000000000005
11997.0,-5.01
11998.0,-5.29
11999.0,-5.04
12000.0,-5.02
12001.0,-5.24
12002.0,-5.02
12003.0,-5.49
12004.0,-5.58
12005.0,-5.08
12006.0,-5.07
12007.0,-5.390000000000001
12008.0,-5.01
12009.0,-5.710000000000001
12010.0,-5.44
12011.0,-5.01
12012.0,-5.07
12013.0,-5.02
12014.0,-5.33
12015.0,-5.03
12016.0,-5.53
12017.0,-5.01
12018.0,-5.1
12019.0,-5.28
12020.0,-5.03
12021.0,-5.640000000000001
12022.0,-5.38
12023.0,-5.02
12024.0,-5.5600000000000005
12025.0,-5.02
12026.0,-5.4
12027.0,-5.32
12028.0,-5.1
12029.0,-5.01
12030.0,-5.5200000000000005
12031.0,-5.38
12032.0,-5.16
12033.0,-5.06
12034.0,-5.25
12035.0,-5.07
12036.0,-5.03
12037.0,-5.03
12038.0,-5.1
12039.0,-5.550000000000001
12040.0,-5.03
12041.0,-5.58
12042.0,-5.760000000000001
12043.0,-5.390000000000001
12044.0,4.359999999999999
12045.0,-5.18
12046.0,-5.46
12047.0,-5.01
12048.0,-5.15
12049.0,-5.390000000000001
12050.0,-5.37
12051.0,-5.05
12052.0,-5.04
12053.0,-5.38
12054.0,-5.04
12055.0,-5.28
12056.0,-5.16
12057.0,-5.32
12058.0,4.209999999999999
12059.0,-5.1
12060.0,-5.01
12061.0,4.369999999999999
12062.0,-5.62
12063.0,-5.02
12064.0,-5.5600000000000005
12065.0,-5.07
12066.0,4.33
12067.0,-5.38
12068.0,-5.49
12069.0,-5.04
12070.0,-5.05
12071.0,-5.62
12072.0,-5.01
12073.0,-5.05
12074.0,-5.14
12075.0,-5.3
12076.0,-5.54
12077.0,-5.03
12078.0,-5.18
12079.0,-5.44
12080.0,-5.06
12081.0,-5.28
12082.0,-5.16
12083.0,-5.5200000000000005
12084.0,-5.46
12085.0,-5.3500000000000005
12086.0,-5.01
12087.0,-5.54
12088.0,-5.36
12089.0,-5.34
12090.0,-5.07
12091.0,-5.390000000000001
12092.0,-5.42
12093.0,-5.04
12094.0,-5.13
12095.0,-5.28
12096.0,-1.0000000000000007
12097.0,-5.05
12098.0,-5.38
12099.0,-5.04
12100.0,-5.38
12101.0,-5.04
12102.0,-5.02
12103.0,-5.22
12104.0,-5.01
12105.0,-5.32
12106.0,-5.08
12107.0,-5.15
12108.0,-5.02
12109.0,-5.03
12110.0,-5.04
12111.0,-5.18
12112.0,4.17
12113.0,-5.25
12114.0,-5.49
12115.0,-5.26
12116.0,-5.12
12117.0,-5.08
12118.0,-5.640000000000001
12119.0,-5.4
12120.0,-5.01
12121.0,-5.44
12122.0,-5.04
12123.0,-5.03
12124.0,-5.4
12125.0,-5.05
12126.0,-5.07
12127.0,-5.04
12128.0,-5.34
12129.0,-5.5200000000000005
12130.0,-5.62
12131.0,-5.02
12132.0,-5.06
12133.0,-5.65
12134.0,-5.03
12135.0,-5.13
12136.0,-5.03
12137.0,4.26
12138.0,-5.07
12139.0,-5.58
12140.0,-5.2
12141.0,-5.1
12142.0,4.38
12143.0,-5.02
12144.0,-5.51
12145.0,-5.5200000000000005
12146.0,-5.53
12147.0,-5.24
12148.0,-5.04
12149.0,-5.28
12150.0,-5.02
12151.0,-5.14
12152.0,4.38
12153.0,-5.38
12154.0,-5.24
12155.0,-5.02
12156.0,-5.18
12157.0,-5.02
12158.0,-5.02
12159.0,-5.3
12160.0,-5.22
12161.0,-5.02
12162.0,-5.01
12163.0,-5.390000000000001
12164.0,4.18
12165.0,-5.02
12166.0,4.3
12167.0,-5.06
12168.0,-5.01
12169.0,-5.25
12170.0,-5.05
12171.0,4.279999999999999
12172.0,-5.02
12173.0,-5.34
12174.0,-5.01
12175.0,-5.5200000000000005
12176.0,-5.01
12177.0,-5.19
12178.0,4.239999999999999
12179.0,-5.18
12180.0,-5.24
12181.0,-5.73
12182.0,4.279999999999999
12183.0,-5.790000000000001
12184.0,-5.67
12185.0,-5.22
12186.0,-5.36
12187.0,-5.05
12188.0,-5.38
12189.0,-5.02
12190.0,-5.1
12191.0,-5.04
12192.0,-5.37
12193.0,-5.04
12194.0,-5.5
12195.0,-5.02
12196.0,-5.06
12197.0,4.369999999999999
12198.0,-5.59
12199.0,-5.01
12200.0,-5.02
12201.0,-5.02
12202.0,-5.32
12203.0,-5.680000000000001
12204.0,-5.01
12205.0,-1.0000000000000007
12206.0,-5.02
12207.0,-5.3100000000000005
12208.0,-5.19
12209.0,-5.15
12210.0,-5.05
12211.0,-5.21
12212.0,-5.7700000000000005
12213.0,-5.3100000000000005
12214.0,-5.3500000000000005
12215.0,-5.390000000000001
12216.0,-5.07
12217.0,-5.06
12218.0,-5.69
12219.0,-5.28
12220.0,-5.02
12221.0,4.069999999999999
12222.0,-5.4
12223.0,-5.06
12224.0,-5.38
12225.0,-5.06
12226.0,-5.32
12227.0,-5.34
12228.0,-5.01
12229.0,-5.08
12230.0,-5.24
12231.0,-5.3100000000000005
12232.0,-5.02
12233.0,-5.08
12234.0,-5.5600000000000005
12235.0,-5.03
12236.0,-5.02
12237.0,-5.38
12238.0,-5.01
12239.0,-5.51
12240.0,4.18
12241.0,-5.390000000000001
12242.0,-5.03
12243.0,-5.03
12244.0,-5.03
12245.0,-5.03
12246.0,-5.23
12247.0,-5.36
12248.0,-5.02
12249.0,-5.06
12250.0,-5.680000000000001
12251.0,-5.08
12252.0,-5.07
12253.0,-5.21
12254.0,-5.82
12255.0,-5.1
12256.0,-5.03
12257.0,-5.09
12258.0,-5.32
12259.0,-5.41
12260.0,-5.01
12261.0,-5.46
12262.0,-5.14
12263.0,-1.0000000000000007
12264.0,-5.44
12265.0,-5.08
12266.0,-5.5
12267.0,-5.01
12268.0,-5.46
12269.0,-5.03
12270.0,-5.07
12271.0,-5.53
12272.0,-5.680000000000001
12273.0,-5.08
12274.0,-5.5600000000000005
12275.0,-5.04
12276.0,-5.1
12277.0,-5.48
12278.0,-5.09
12279.0,-5.44
12280.0,-5.04
12281.0,-5.23
12282.0,-5.01
12283.0,-5.05
12284.0,-5.710000000000001
12285.0,-5.29
12286.0,-5.58
12287.0,-5.04
12288.0,-5.36
12289.0,-5.24
12290.0,-5.390000000000001
12291.0,-5.11
12292.0,-5.03
12293.0,-5.5
12294.0,-5.48
12295.0,-5.08
12296.0,-5.03
12297.0,-5.49
12298.0,-5.53
12299.0,-5.19
12300.0,-5.28
12301.0,-5.57
12302.0,-5.28
12303.0,-5.01
12304.0,4.25
12305.0,-5.41
12306.0,-5.02
12307.0,-5.03
12308.0,-5.05
12309.0,-5.630000000000001
12310.0,-5.42
12311.0,-5.02
12312.0,4.01
12313.0,-5.02
12314.0,-5.2700000000000005
12315.0,-5.7
12316.0,-5.1
12317.0,-5.720000000000001
12318.0,-5.01
12319.0,-5.4
12320.0,4.31
12321.0,-5.470000000000001
12322.0,-5.7700000000000005
12323.0,-5.01
12324.0,-5.48
12325.0,-5.01
12326.0,-5.22
12327.0,-5.18
12328.0,-5.04
12329.0,-5.390000000000001
12330.0,-5.4
12331.0,-5.51
12332.0,-5.390000000000001
12333.0,-5.5
12334.0,-5.3
12335.0,-5.06
12336.0,-5.28
12337.0,-5.02
12338.0,4.42
12339.0,-5.680000000000001
12340.0,-5.21
12341.0,-5.69
12342.0,-5.09
12343.0,-5.15
12344.0,-5.06
12345.0,-5.3
12346.0,-5.04
12347.0,-5.02
12348.0,-5.04
12349.0,-5.22
12350.0,-5.62
12351.0,-5.01
12352.0,-5.02
12353.0,-5.02
12354.0,-5.390000000000001
12355.0,-5.57
12356.0,-5.02
12357.0,-5.07
12358.0,-5.01
12359.0,-5.44
12360.0,-5.390000000000001
12361.0,-5.28
12362.0,-5.03
12363.0,-5.05
12364.0,-5.02
12365.0,-5.5600000000000005
12366.0,-5.21
12367.0,-5.02
12368.0,-5.05
12369.0,-5.54
12370.0,-5.23
12371.0,-5.44
12372.0,-5.04
12373.0,-5.37
12374.0,-5.02
12375.0,-5.03
12376.0,-5.18
12377.0,-5.19
12378.0,-5.42
12379.0,4.3
12380.0,-5.02
12381.0,-5.28
12382.0,-5.390000000000001
12383.0,-5.2
12384.0,-5.03
12385.0,-5.09
12386.0,-5.24
12387.0,-5.01
12388.0,-5.01
12389.0,-5.13
12390.0,-5.02
12391.0,-5.06
12392.0,-5.22
12393.0,-5.01
12394.0,-5.550000000000001
12395.0,-5.01
12396.0,-5.550000000000001
12397.0,-5.02
12398.0,-5.2700000000000005
12399.0,-5.37
12400.0,-5.28
12401.0,-5.14
12402.0,-5.05
12403.0,-5.02
12404.0,-5.37
12405.0,-5.04
12406.0,-5.57
12407.0,-5.08
12408.0,-5.05
12409.0,-5.62
12410.0,-5.14
12411.0,4.3999999999999995
12412.0,-5.41
12413.0,-5.44
12414.0,-5.21
12415.0,4.1
12416.0,4.17
12417.0,-5.33
12418.0,-5.37
12419.0,-5.11
12420.0,-5.49
12421.0,-5.2
12422.0,-5.02
12423.0,-5.65
12424.0,-5.02
12425.0,-5.62
12426.0,-5.06
12427.0,-5.08
12428.0,-5.22
12429.0,-5.01
12430.0,4.33
12431.0,-5.44
12432.0,-5.05
12433.0,-5.07
12434.0,-5.04
12435.0,-5.49
12436.0,4.129999999999999
12437.0,-5.24
12438.0,-5.3500000000000005
12439.0,-5.09
12440.0,-5.04
12441.0,-5.03
12442.0,-5.4
12443.0,-5.06
12444.0,-5.3
12445.0,-5.02
12446.0,-5.13
12447.0,-5.62
12448.0,-5.01
12449.0,4.3
12450.0,-5.06
12451.0,-5.03
12452.0,-5.02
12453.0,-5.58
12454.0,-5.37
12455.0,-5.04
12456.0,-5.02
12457.0,-5.24
12458.0,-5.04
12459.0,-5.5600000000000005
12460.0,4.14
12461.0,-5.44
12462.0,-5.04
12463.0,-5.01
12464.0,-5.04
12465.0,-5.02
12466.0,-5.15
12467.0,-5.42
12468.0,-5.09
12469.0,-5.38
12470.0,-5.66
12471.0,-5.07
12472.0,-5.08
12473.0,4.1499999999999995
12474.0,-5.49
12475.0,-5.550000000000001
12476.0,-5.03
12477.0,-5.02
12478.0,-5.390000000000001
12479.0,-5.45
12480.0,-5.5
12481.0,-5.15
12482.0,-5.22
12483.0,-5.01
12484.0,-5.57
12485.0,-5.09
12486.0,-5.01
12487.0,-5.03
12488.0,-5.67
12489.0,-5.34
12490.0,4.25
12491.0,-5.83
12492.0,-5.4
12493.0,-5.49
12494.0,-5.3
12495.0,-5.430000000000001
12496.0,-5.01
12497.0,-5.34
12498.0,-5.3
12499.0,-5.01
12500.0,-5.4
12501.0,-5.32
12502.0,-5.8100000000000005
12503.0,-5.48
12504.0,-5.02
12505.0,-5.57
12506.0,-5.3500000000000005
12507.0,-5.01
12508.0,-5.390000000000001
12509.0,-5.01
12510.0,-5.390000000000001
12511.0,-5.05
12512.0,-5.03
12513.0,-5.02
12514.0,-5.04
12515.0,-5.02
12516.0,-5.18
12517.0,-5.640000000000001
12518.0,-5.01
12519.0,4.14
12520.0,-5.61
12521.0,-5.58
12522.0,-5.02
12523.0,-5.6000000000000005
12524.0,-5.38
12525.0,-5.21
12526.0,-5.5200000000000005
12527.0,-5.41
12528.0,-5.02
12529.0,-5.32
12530.0,-5.430000000000001
12531.0,-5.5200000000000005
12532.0,-5.7700000000000005
12533.0,-5.05
12534.0,-5.09
12535.0,-5.4
12536.0,-5.02
12537.0,-5.26
12538.0,-5.06
12539.0,-5.01
12540.0,-5.05
12541.0,-5.08
12542.0,-5.03
12543.0,-5.11
12544.0,-5.08
12545.0,-5.4
12546.0,-5.02
12547.0,-5.36
12548.0,-5.06
12549.0,-5.03
12550.0,-5.02
12551.0,-5.02
12552.0,-5.61
12553.0,-5.8100000000000005
12554.0,-5.11
12555.0,-5.01
12556.0,-5.51
12557.0,-5.01
12558.0,-5.01
12559.0,-5.38
12560.0,-5.14
12561.0,-5.03
12562.0,-5.6000000000000005
12563.0,-5.49
12564.0,-5.18
12565.0,-5.01
12566.0,-5.6000000000000005
12567.0,-5.01
12568.0,-5.760000000000001
12569.0,-5.390000000000001
12570.0,-5.11
12571.0,-5.14
12572.0,-5.01
12573.0,-5.21
12574.0,-5.04
12575.0,-5.08
12576.0,-5.1
12577.0,-5.5
12578.0,-5.08
12579.0,4.43
12580.0,-5.26
12581.0,-5.02
12582.0,4.33
12583.0,-5.03
12584.0,-5.14
12585.0,-5.05
12586.0,-5.02
12587.0,-5.4
12588.0,-5.66
12589.0,-5.03
12590.0,-5.3100000000000005
12591.0,-5.01
12592.0,-5.03
12593.0,-5.430000000000001
12594.0,-5.470000000000001
12595.0,-5.07
12596.0,-5.02
12597.0,-5.58
12598.0,-5.05
12599.0,-5.01
12600.0,-5.42
12601.0,4.209999999999999
12602.0,-5.06
12603.0,-5.32
12604.0,-5.02
12605.0,-5.890000000000001
12606.0,-5.06
12607.0,-5.05
12608.0,-5.62
12609.0,-5.550000000000001
12610.0,-5.640000000000001
12611.0,-5.02
12612.0,-5.3
12613.0,-5.01
12614.0,-5.800000000000001
12615.0,-5.01
12616.0,-5.03
12617.0,-5.01
12618.0,-5.5200000000000005
12619.0,-5.8500000000000005
12620.0,-5.430000000000001
12621.0,-5.37
12622.0,-5.01
12623.0,-5.06
12624.0,-5.2
12625.0,-5.470000000000001
12626.0,-5.2
12627.0,-5.5
12628.0,-5.41
12629.0,-5.16
12630.0,-5.54
12631.0,-5.16
12632.0,-5.4
12633.0,-5.02
12634.0,-5.32
12635.0,-5.02
12636.0,-5.03
12637.0,-5.3
12638.0,-5.42
12639.0,-5.04
12640.0,-5.04
12641.0,4.079999999999999
12642.0,-5.6000000000000005
12643.0,-5.32
12644.0,-5.44
12645.0,-5.05
12646.0,-5.61
12647.0,-5.02
12648.0,-5.82
12649.0,-5.02
12650.0,-5.02
12651.0,-5.01
12652.0,-5.41
12653.0,-5.42
12654.0,-5.38
12655.0,-5.02
12656.0,-5.48
12657.0,-5.44
12658.0,-5.3500000000000005
12659.0,-5.44
12660.0,-5.01
12661.0,-5.3
12662.0,-5.05
12663.0,-5.46
12664.0,-5.61
12665.0,-5.390000000000001
12666.0,-5.470000000000001
12667.0,-5.06
12668.0,-5.46
12669.0,-5.33
12670.0,-5.01
12671.0,-5.05
12672.0,-5.01
12673.0,-5.01
12674.0,-5.7700000000000005
12675.0,-5.36
12676.0,-5.26
12677.0,-5.34
12678.0,-5.08
12679.0,-5.3500000000000005
12680.0,-5.25
12681.0,-5.710000000000001
12682.0,-5.02
12683.0,-5.02
12684.0,-5.5200000000000005
12685.0,-5.03
12686.0,-5.470000000000001
12687.0,-5.08
12688.0,-5.12
12689.0,-5.5200000000000005
12690.0,-5.02
12691.0,-5.14
12692.0,-5.24
12693.0,-5.02
12694.0,-5.06
12695.0,-5.01
12696.0,-5.01
12697.0,-5.01
12698.0,-5.45
12699.0,-5.4
12700.0,-5.6000000000000005
12701.0,-5.32
12702.0,-5.09
12703.0,-5.02
12704.0,-5.15
12705.0,-5.3500000000000005
12706.0,-5.05
12707.0,-5.05
12708.0,-5.01
12709.0,-5.48
12710.0,-5.01
12711.0,-5.44
12712.0,-5.4
12713.0,-5.59
12714.0,-5.550000000000001
12715.0,-5.61
12716.0,4.449999999999999
12717.0,-5.01
12718.0,-5.680000000000001
12719.0,-5.04
12720.0,-5.04
12721.0,-5.24
12722.0,-5.01
12723.0,-5.25
12724.0,-5.51
12725.0,-5.06
12726.0,-5.04
12727.0,-5.09
12728.0,-5.04
12729.0,-5.33
12730.0,-5.38
12731.0,-5.36
12732.0,-5.550000000000001
12733.0,-5.16
12734.0,-5.02
12735.0,-5.3100000000000005
12736.0,-5.01
12737.0,-5.08
12738.0,-5.01
12739.0,-5.03
12740.0,-5.5600000000000005
12741.0,-5.07
12742.0,-5.34
12743.0,-5.01
12744.0,-5.03
12745.0,-5.04
12746.0,-5.02
12747.0,-5.03
12748.0,-5.02
12749.0,-5.4
12750.0,-5.02
12751.0,-5.6000000000000005
12752.0,-5.14
12753.0,-5.46
12754.0,-5.01
12755.0,-5.44
12756.0,-5.550000000000001
12757.0,-5.19
12758.0,-5.14
12759.0,-5.04
12760.0,-5.01
12761.0,-5.11
12762.0,-5.02
12763.0,-5.02
12764.0,-5.3
12765.0,-5.430000000000001
12766.0,-5.03
12767.0,-5.45
12768.0,-5.51
12769.0,4.369999999999999
12770.0,-5.45
12771.0,-5.02
12772.0,-5.5600000000000005
12773.0,-5.45
12774.0,-5.710000000000001
12775.0,-5.49
12776.0,-5.01
12777.0,-5.7
12778.0,-5.06
12779.0,-5.430000000000001
12780.0,-5.05
12781.0,-5.2
12782.0,-5.05
12783.0,4.209999999999999
12784.0,-5.03
12785.0,-5.34
12786.0,-5.04
12787.0,-5.02
12788.0,-5.06
12789.0,4.38
12790.0,-5.38
12791.0,-5.07
12792.0,-5.12
12793.0,-5.29
12794.0,-5.3500000000000005
12795.0,-5.01
12796.0,-5.07
12797.0,-5.02
12798.0,-5.07
12799.0,-5.03
12800.0,-5.02
12801.0,-5.07
12802.0,-5.05
12803.0,-5.04
12804.0,-5.09
12805.0,-5.11
12806.0,-5.13
12807.0,-5.58
12808.0,4.4399999999999995
12809.0,4.39
12810.0,-5.680000000000001
12811.0,-5.4
12812.0,-5.07
12813.0,-5.59
12814.0,-5.01
12815.0,-5.08
12816.0,-5.1
12817.0,-5.58
12818.0,-5.44
12819.0,-5.3
12820.0,-5.03
12821.0,-5.44
12822.0,-5.01
12823.0,-5.13
12824.0,-5.05
12825.0,-5.04
12826.0,-5.44
12827.0,-5.01
12828.0,-5.02
12829.0,-5.5200000000000005
12830.0,-5.07
12831.0,-5.48
12832.0,-5.03
12833.0,-5.890000000000001
12834.0,-5.03
12835.0,-5.3100000000000005
12836.0,-5.36
12837.0,-5.51
12838.0,-5.07
12839.0,-5.57
12840.0,-5.57
12841.0,-5.28
12842.0,-5.13
12843.0,-5.46
12844.0,-5.04
12845.0,-5.3
12846.0,-5.02
12847.0,-5.37
12848.0,-5.38
12849.0,-5.04
12850.0,-5.640000000000001
12851.0,-5.03
12852.0,-5.32
12853.0,-5.4
12854.0,-5.3
12855.0,4.2299999999999995
12856.0,-5.04
12857.0,-5.36
12858.0,-5.550000000000001
12859.0,-5.640000000000001
12860.0,-5.05
12861.0,-5.01
12862.0,-5.08
12863.0,-5.38
12864.0,-5.48
12865.0,-5.4
12866.0,4.289999999999999
12867.0,-5.36
12868.0,-5.470000000000001
12869.0,-5.32
12870.0,4.159999999999999
12871.0,-5.07
12872.0,-5.4
12873.0,-5.02
12874.0,-5.08
12875.0,-5.21
12876.0,-5.02
12877.0,-5.02
12878.0,-5.09
12879.0,-5.01
12880.0,-5.2700000000000005
12881.0,4.33
12882.0,-5.5200000000000005
12883.0,-5.42
12884.0,-5.33
12885.0,-5.22
12886.0,-5.51
12887.0,-5.07
12888.0,-5.2
12889.0,-5.04
12890.0,-5.04
12891.0,-5.02
12892.0,-5.32
12893.0,-5.33
12894.0,-5.03
12895.0,-5.02
12896.0,-5.550000000000001
12897.0,-5.06
12898.0,-5.04
12899.0,-5.54
12900.0,-5.08
12901.0,-5.01
12902.0,-5.14
12903.0,-5.08
12904.0,4.4799999999999995
12905.0,-5.09
12906.0,-5.82
12907.0,-5.02
12908.0,-5.29
12909.0,-5.01
12910.0,-5.06
12911.0,-5.5200000000000005
12912.0,-5.32
12913.0,-5.05
12914.0,-5.03
12915.0,-5.3100000000000005
12916.0,-5.5200000000000005
12917.0,-5.470000000000001
12918.0,-5.760000000000001
12919.0,-5.19
12920.0,-5.32
12921.0,-5.34
12922.0,-5.02
12923.0,-5.430000000000001
12924.0,-5.49
12925.0,-5.06
12926.0,-5.59
12927.0,-5.42
12928.0,4.38
12929.0,-5.01
12930.0,-5.12
12931.0,-5.02
12932.0,-5.03
12933.0,-5.13
12934.0,-5.5200000000000005
12935.0,-5.48
12936.0,-5.75
12937.0,-5.37
12938.0,-5.62
12939.0,-5.38
12940.0,-5.3
12941.0,-5.22
12942.0,-5.01
12943.0,-5.57
12944.0,-5.45
12945.0,-5.03
12946.0,-5.4
12947.0,-5.02
12948.0,-5.4
12949.0,-5.34
12950.0,-5.390000000000001
12951.0,-5.42
12952.0,-5.04
12953.0,-5.16
12954.0,-5.51
12955.0,-5.02
12956.0,-5.07
12957.0,-5.02
12958.0,-5.33
12959.0,-5.04
12960.0,-5.08
12961.0,-5.45
12962.0,-5.1
12963.0,-5.01
12964.0,-5.26
12965.0,-5.28
12966.0,-5.02
12967.0,4.4799999999999995
12968.0,-5.03
12969.0,-5.37
12970.0,-5.03
12971.0,-5.6000000000000005
12972.0,-5.550000000000001
12973.0,-5.26
12974.0,-5.04
12975.0,-5.04
12976.0,-5.66
12977.0,-5.01
12978.0,-5.4
12979.0,-5.48
12980.0,-5.01
12981.0,-5.2700000000000005
12982.0,-5.41
12983.0,-5.03
12984.0,-5.06
12985.0,-5.06
12986.0,-5.1
12987.0,-5.04
12988.0,-5.57
12989.0,-5.44
12990.0,-5.2700000000000005
12991.0,-5.42
12992.0,-5.03
12993.0,-5.28
12994.0,-5.760000000000001
12995.0,-5.07
12996.0,-5.1
12997.0,-5.01
12998.0,-5.430000000000001
12999.0,-5.62
13000.0,-5.4
13001.0,-5.04
13002.0,-5.37
13003.0,-5.390000000000001
13004.0,-5.4
13005.0,-5.5200000000000005
13006.0,-5.01
13007.0,4.289999999999999
13008.0,-5.04
13009.0,-5.03
13010.0,-5.6000000000000005
13011.0,-5.04
13012.0,-5.3500000000000005
13013.0,-5.22
13014.0,4.4399999999999995
13015.0,-5.36
13016.0,-5.51
13017.0,-5.65
13018.0,-5.06
13019.0,-5.430000000000001
13020.0,-5.01
13021.0,-5.5200000000000005
13022.0,-5.03
13023.0,-5.45
13024.0,-5.66
13025.0,-5.42
13026.0,-5.08
13027.0,-5.36
13028.0,-5.62
13029.0,-5.01
13030.0,-5.470000000000001
13031.0,-5.04
13032.0,-5.550000000000001
13033.0,-5.5
13034.0,-5.36
13035.0,-5.24
13036.0,-5.02
13037.0,-5.05
13038.0,-5.390000000000001
13039.0,-5.01
13040.0,-5.24
13041.0,-5.01
13042.0,-5.37
13043.0,-5.01
13044.0,-5.08
13045.0,-5.01
13046.0,-5.42
13047.0,-5.03
13048.0,-5.01
13049.0,-5.01
13050.0,-5.01
13051.0,-5.02
13052.0,-5.470000000000001
13053.0,-5.1
13054.0,-5.62
13055.0,-5.3100000000000005
13056.0,-5.41
13057.0,-5.67
13058.0,-5.5
13059.0,-5.44
13060.0,-5.08
13061.0,-5.19
13062.0,-5.41
13063.0,-5.04
13064.0,-5.3500000000000005
13065.0,-5.430000000000001
13066.0,-5.01
13067.0,-5.2
13068.0,-5.390000000000001
13069.0,-5.02
13070.0,-5.08
13071.0,-5.01
13072.0,-5.07
13073.0,-5.02
13074.0,-5.46
13075.0,-5.04
13076.0,-5.02
13077.0,-5.03
13078.0,-5.02
13079.0,-5.04
13080.0,-5.51
13081.0,4.31
13082.0,-5.06
13083.0,-5.32
13084.0,-5.3
13085.0,-5.05
13086.0,-5.04
13087.0,-5.640000000000001
13088.0,-5.08
13089.0,-5.73
13090.0,-5.67
13091.0,-5.24
13092.0,-5.26
13093.0,-5.3100000000000005
13094.0,-5.02
13095.0,-5.6000000000000005
13096.0,-5.01
13097.0,-5.08
13098.0,-5.07
13099.0,-5.01
13100.0,-5.37
13101.0,-5.73
13102.0,-5.3500000000000005
13103.0,-5.04
13104.0,-5.51
13105.0,-5.05
13106.0,-5.05
13107.0,-5.07
13108.0,-5.3
13109.0,-5.02
13110.0,-5.02
13111.0,-5.06
13112.0,-5.5200000000000005
13113.0,-5.41
13114.0,-5.7700000000000005
13115.0,-5.03
13116.0,-5.6000000000000005
13117.0,-5.58
13118.0,-5.09
13119.0,-5.1
13120.0,-5.1
13121.0,-5.05
13122.0,4.09
13123.0,-5.44
13124.0,-5.03
13125.0,-5.34
13126.0,-5.760000000000001
13127.0,-5.48
13128.0,-5.04
13129.0,-5.04
13130.0,-5.12
13131.0,-5.48
13132.0,-5.05
13133.0,-5.69
13134.0,-5.02
13135.0,-5.03
13136.0,-5.01
13137.0,-5.06
13138.0,-5.42
13139.0,-5.24
13140.0,-5.2
13141.0,-5.01
13142.0,-5.05
13143.0,-5.04
13144.0,-5.06
13145.0,-5.4
13146.0,-5.19
13147.0,-5.34
13148.0,-5.2
13149.0,-5.01
13150.0,-5.38
13151.0,-5.3
13152.0,-5.02
13153.0,-5.390000000000001
13154.0,-5.04
13155.0,-5.05
13156.0,-5.01
13157.0,-5.34
13158.0,-5.05
13159.0,-5.22
13160.0,-5.01
13161.0,-5.24
13162.0,-5.04
13163.0,-5.26
13164.0,-5.12
13165.0,-5.03
13166.0,-5.26
13167.0,-5.49
13168.0,-5.08
13169.0,-5.34
13170.0,-5.02
13171.0,-5.42
13172.0,-5.04
13173.0,-5.32
13174.0,4.049999999999999
13175.0,-5.53
13176.0,-5.05
13177.0,-5.42
13178.0,-5.42
13179.0,-5.01
13180.0,-5.69
13181.0,-5.58
13182.0,-5.53
13183.0,-5.28
13184.0,-5.74
13185.0,-5.02
13186.0,-5.05
13187.0,-5.01
13188.0,-5.03
13189.0,-5.13
13190.0,-5.5200000000000005
13191.0,-5.01
13192.0,-5.22
13193.0,-5.37
13194.0,-5.03
13195.0,-5.5200000000000005
13196.0,-5.41
13197.0,-5.04
13198.0,-5.04
13199.0,-5.49
13200.0,-5.44
13201.0,-5.07
13202.0,-5.02
13203.0,-5.32
13204.0,-5.02
13205.0,-5.53
13206.0,-5.07
13207.0,-5.36
13208.0,-5.28
13209.0,-5.790000000000001
13210.0,-5.33
13211.0,-5.05
13212.0,-5.02
13213.0,-5.03
13214.0,-5.02
13215.0,-5.470000000000001
13216.0,-5.03
13217.0,-5.470000000000001
13218.0,-5.41
13219.0,-5.07
13220.0,-5.32
13221.0,-5.45
13222.0,-5.07
13223.0,-5.54
13224.0,-5.53
13225.0,-5.48
13226.0,-5.3
13227.0,-5.01
13228.0,-5.03
13229.0,-5.3100000000000005
13230.0,-5.07
13231.0,-5.24
13232.0,-5.2700000000000005
13233.0,-5.54
13234.0,-5.26
13235.0,-5.01
13236.0,-5.920000000000001
13237.0,4.369999999999999
13238.0,-5.04
13239.0,-5.3500000000000005
13240.0,-5.34
13241.0,-5.38
13242.0,-5.34
13243.0,-5.03
13244.0,-5.17
13245.0,-5.32
13246.0,-5.02
13247.0,-5.36
13248.0,-5.01
13249.0,-5.32
13250.0,-5.05
13251.0,-5.03
13252.0,-5.46
13253.0,-5.03
13254.0,-5.16
13255.0,-5.28
13256.0,-5.390000000000001
13257.0,-5.640000000000001
13258.0,-5.26
13259.0,-5.05
13260.0,-5.33
13261.0,-5.640000000000001
13262.0,-5.44
13263.0,-5.02
13264.0,-5.08
13265.0,-5.430000000000001
13266.0,-5.36
13267.0,-5.14
13268.0,4.1899999999999995
13269.0,-5.01
13270.0,-5.08
13271.0,-5.680000000000001
13272.0,4.449999999999999
13273.0,-5.37
13274.0,-5.04
13275.0,-5.53
13276.0,-5.04
13277.0,-5.57
13278.0,-5.28
13279.0,-5.32
13280.0,-5.01
13281.0,-5.58
13282.0,-5.390000000000001
13283.0,-5.02
13284.0,-5.02
13285.0,-5.41
13286.0,-5.4
13287.0,-5.5600000000000005
13288.0,-5.24
13289.0,-5.42
13290.0,-5.05
13291.0,-5.5600000000000005
13292.0,-5.04
13293.0,-5.32
13294.0,4.159999999999999
13295.0,-5.02
13296.0,-5.430000000000001
13297.0,-5.41
13298.0,-5.03
13299.0,-5.45
13300.0,-5.24
13301.0,-5.3
13302.0,-5.4
13303.0,-5.05
13304.0,-5.01
13305.0,-5.4
13306.0,-5.430000000000001
13307.0,-5.23
13308.0,-5.34
13309.0,-5.18
13310.0,-5.03
13311.0,-5.48
13312.0,-5.25
13313.0,-5.970000000000001
13314.0,-5.06
13315.0,-5.3
13316.0,-5.4
13317.0,-5.4
13318.0,-5.02
13319.0,-5.3
13320.0,-5.02
13321.0,-5.01
13322.0,-5.11
13323.0,-5.38
13324.0,-5.02
13325.0,-5.41
13326.0,-5.05
13327.0,-5.390000000000001
13328.0,-5.17
13329.0,-5.03
13330.0,-5.04
13331.0,-5.06
13332.0,-5.01
13333.0,-1.0000000000000007
13334.0,-5.550000000000001
13335.0,-5.23
13336.0,-5.42
13337.0,-5.4
13338.0,-5.01
13339.0,-5.18
13340.0,-5.5200000000000005
13341.0,-5.04
13342.0,-5.01
13343.0,-5.470000000000001
13344.0,-5.06
13345.0,-5.2700000000000005
13346.0,-5.04
13347.0,-5.26
13348.0,-5.57
13349.0,-5.04
13350.0,-5.02
13351.0,-5.02
13352.0,-5.5600000000000005
13353.0,-5.22
13354.0,-5.34
13355.0,-5.02
13356.0,-5.25
13357.0,-5.05
13358.0,-5.73
13359.0,-5.38
13360.0,-5.37
13361.0,-5.28
13362.0,-5.09
13363.0,-5.07
13364.0,-5.02
13365.0,-5.04
13366.0,-5.5600000000000005
13367.0,-5.09
13368.0,-5.04
13369.0,-5.34
13370.0,-5.03
13371.0,-5.04
13372.0,-5.38
13373.0,-5.680000000000001
13374.0,-5.09
13375.0,-5.550000000000001
13376.0,-5.46
13377.0,-5.08
13378.0,-5.02
13379.0,-5.54
13380.0,-1.0000000000000007
13381.0,-5.45
13382.0,-5.470000000000001
13383.0,-5.02
13384.0,-5.5200000000000005
13385.0,-5.28
13386.0,-5.02
13387.0,-5.49
13388.0,-5.8100000000000005
13389.0,-5.390000000000001
13390.0,-5.09
13391.0,-5.23
13392.0,-5.1
13393.0,-5.3500000000000005
13394.0,-5.470000000000001
13395.0,-5.57
13396.0,-5.09
13397.0,-5.390000000000001
13398.0,-5.04
13399.0,-5.38
13400.0,-5.02
13401.0,-5.01
13402.0,4.209999999999999
13403.0,-5.94
13404.0,-5.01
13405.0,-5.02
13406.0,-5.07
13407.0,-5.22
13408.0,-5.45
13409.0,-5.790000000000001
13410.0,-5.6000000000000005
13411.0,-5.46
13412.0,-5.29
13413.0,-5.24
13414.0,-5.49
13415.0,-5.4
13416.0,-5.630000000000001
13417.0,-5.2
13418.0,-5.53
13419.0,-5.44
13420.0,-5.08
13421.0,-5.03
13422.0,-5.11
13423.0,-5.02
13424.0,-5.36
13425.0,-5.08
13426.0,-5.32
13427.0,-5.1
13428.0,-5.24
13429.0,-5.05
13430.0,-5.06
13431.0,-5.33
13432.0,-5.07
13433.0,-5.470000000000001
13434.0,-5.49
13435.0,-5.37
13436.0,-5.08
13437.0,-5.04
13438.0,-5.08
13439.0,-5.390000000000001
13440.0,-5.02
13441.0,-5.34
13442.0,-5.04
13443.0,-5.04
13444.0,-5.3
13445.0,-5.04
13446.0,-5.5600000000000005
13447.0,-5.26
13448.0,-5.01
13449.0,-5.04
13450.0,-5.34
13451.0,-5.01
13452.0,-5.48
13453.0,4.22
13454.0,-5.6000000000000005
13455.0,-5.22
13456.0,-5.03
13457.0,-5.07
13458.0,-5.29
13459.0,-5.49
13460.0,-5.01
13461.0,-5.03
13462.0,-5.45
13463.0,-5.01
13464.0,-5.02
13465.0,-5.07
13466.0,-5.25
13467.0,-5.03
13468.0,-5.01
13469.0,-5.15
13470.0,-5.53
13471.0,-5.390000000000001
13472.0,-5.06
13473.0,-5.03
13474.0,-5.22
13475.0,-5.04
13476.0,-5.25
13477.0,-5.61
13478.0,-5.46
13479.0,-5.01
13480.0,-5.03
13481.0,-5.24
13482.0,-5.4
13483.0,-5.29
13484.0,-5.3
13485.0,-5.5200000000000005
13486.0,-5.32
13487.0,-5.5200000000000005
13488.0,-5.37
13489.0,-5.03
13490.0,-5.01
13491.0,-5.640000000000001
13492.0,-5.02
13493.0,-5.550000000000001
13494.0,-5.38
13495.0,-5.49
13496.0,-5.470000000000001
13497.0,-5.34
13498.0,-5.02
13499.0,-5.3500000000000005
13500.0,-5.12
13501.0,-5.04
13502.0,-5.34
13503.0,-5.02
13504.0,4.029999999999999
13505.0,-5.3
13506.0,-5.06
13507.0,-5.06
13508.0,-5.46
13509.0,-5.69
13510.0,-5.5
13511.0,-5.37
13512.0,-5.37
13513.0,-5.02
13514.0,-5.08
13515.0,-5.29
13516.0,-5.470000000000001
13517.0,-5.390000000000001
13518.0,-5.02
13519.0,-5.4
13520.0,-5.42
13521.0,-5.37
13522.0,-5.51
13523.0,-5.04
13524.0,4.39
13525.0,-5.46
13526.0,-5.42
13527.0,-5.02
13528.0,-5.04
13529.0,-5.3
13530.0,-5.44
13531.0,-5.430000000000001
13532.0,-5.08
13533.0,-5.3500000000000005
13534.0,-5.29
13535.0,-5.08
13536.0,-5.03
13537.0,-5.36
13538.0,-5.06
13539.0,-5.720000000000001
13540.0,-5.5
13541.0,-5.03
13542.0,-5.390000000000001
13543.0,-5.03
13544.0,-5.28
13545.0,-5.06
13546.0,-5.36
13547.0,-5.5
13548.0,-5.28
13549.0,-5.05
13550.0,-5.03
13551.0,-5.12
13552.0,-5.01
13553.0,-5.3
13554.0,-5.02
13555.0,-5.42
13556.0,-5.25
13557.0,-5.04
13558.0,-5.28
13559.0,-5.36
13560.0,-5.02
13561.0,-5.06
13562.0,-5.01
13563.0,-5.65
13564.0,-5.36
13565.0,-5.08
13566.0,-5.03
13567.0,-5.05
13568.0,-5.37
13569.0,-5.42
13570.0,-5.48
13571.0,-5.05
13572.0,-5.44
13573.0,-5.01
13574.0,-5.02
13575.0,-5.02
13576.0,-5.470000000000001
13577.0,-5.01
13578.0,-5.03
13579.0,-5.02
13580.0,-5.04
13581.0,-5.08
13582.0,-5.38
13583.0,-5.04
13584.0,-5.390000000000001
13585.0,-5.48
13586.0,-5.02
13587.0,-5.53
13588.0,-5.25
13589.0,-5.1
13590.0,4.319999999999999
13591.0,-5.41
13592.0,-5.44
13593.0,-5.09
13594.0,-5.06
13595.0,-5.34
13596.0,-5.06
13597.0,-5.07
13598.0,-5.02
13599.0,-5.53
13600.0,-5.390000000000001
13601.0,-5.01
13602.0,-5.45
13603.0,-5.04
13604.0,-5.3100000000000005
13605.0,-5.01
13606.0,-5.26
13607.0,-5.3100000000000005
13608.0,-5.01
13609.0,-5.37
13610.0,-5.42
13611.0,-5.24
13612.0,-5.37
13613.0,-5.28
13614.0,4.209999999999999
13615.0,-5.5
13616.0,-5.02
13617.0,-5.34
13618.0,-5.01
13619.0,-5.38
13620.0,-5.01
13621.0,-5.07
13622.0,-5.19
13623.0,-5.08
13624.0,-5.59
13625.0,-5.06
13626.0,4.4799999999999995
13627.0,-5.36
13628.0,-5.04
13629.0,-5.5600000000000005
13630.0,-5.26
13631.0,-5.04
13632.0,-5.06
13633.0,-5.01
13634.0,-5.02
13635.0,-5.08
13636.0,-5.02
13637.0,-5.02
13638.0,-5.11
13639.0,-5.07
13640.0,-5.18
13641.0,-5.12
13642.0,-5.5
13643.0,-5.32
13644.0,4.449999999999999
13645.0,-5.02
13646.0,-5.21
13647.0,-5.03
13648.0,-5.38
13649.0,-5.32
13650.0,-5.24
13651.0,-5.02
13652.0,-5.05
13653.0,-5.34
13654.0,-5.3
13655.0,-5.42
13656.0,-5.28
13657.0,-5.38
13658.0,-5.02
13659.0,-5.46
13660.0,-5.02
13661.0,-5.67
13662.0,-5.01
13663.0,-5.3500000000000005
13664.0,-5.33
13665.0,-5.01
13666.0,-5.02
13667.0,-5.46
13668.0,-5.08
13669.0,-5.04
13670.0,-5.45
13671.0,-5.07
13672.0,-5.26
13673.0,-5.2700000000000005
13674.0,-5.42
13675.0,-5.53
13676.0,-5.2
13677.0,-5.3100000000000005
13678.0,-5.69
13679.0,-5.44
13680.0,-5.38
13681.0,4.18
13682.0,-5.06
13683.0,-5.07
13684.0,-5.46
13685.0,-5.53
13686.0,-5.430000000000001
13687.0,-5.01
13688.0,-5.28
13689.0,-5.02
13690.0,-5.01
13691.0,-5.62
13692.0,-5.67
13693.0,-5.02
13694.0,-5.1
13695.0,-5.13
13696.0,-5.03
13697.0,-5.38
13698.0,-5.42
13699.0,-5.24
13700.0,-5.08
13701.0,-5.02
13702.0,-5.24
13703.0,-5.640000000000001
13704.0,-5.38
13705.0,-5.04
13706.0,-5.01
13707.0,-5.4
13708.0,-5.24
13709.0,-5.04
13710.0,4.33
13711.0,-5.07
13712.0,-5.06
13713.0,-5.06
13714.0,-5.13
13715.0,-5.1
13716.0,-5.02
13717.0,-5.01
13718.0,-5.3500000000000005
13719.0,-5.01
13720.0,-5.58
13721.0,-5.3500000000000005
13722.0,-5.67
13723.0,-5.65
13724.0,-5.23
13725.0,-5.02
13726.0,-5.06
13727.0,-5.36
13728.0,-5.04
13729.0,-5.04
13730.0,-5.5200000000000005
13731.0,-5.02
13732.0,-5.18
13733.0,-5.02
13734.0,-5.720000000000001
13735.0,-5.04
13736.0,-5.02
13737.0,-5.45
13738.0,-5.45
13739.0,-5.26
13740.0,4.209999999999999
13741.0,-5.08
13742.0,-5.05
13743.0,4.279999999999999
13744.0,-5.73
13745.0,-5.28
13746.0,-5.3100000000000005
13747.0,-5.06
13748.0,-5.05
13749.0,4.369999999999999
13750.0,-5.02
13751.0,-5.02
13752.0,-5.06
13753.0,-5.73
13754.0,-5.5
13755.0,-5.18
13756.0,-5.25
13757.0,-5.2700000000000005
13758.0,-5.42
13759.0,-5.02
13760.0,-5.18
13761.0,-5.37
13762.0,-5.13
13763.0,-5.03
13764.0,-5.22
13765.0,-5.32
13766.0,-5.04
13767.0,-5.41
13768.0,-5.44
13769.0,-5.03
13770.0,4.26
13771.0,-5.34
13772.0,-5.36
13773.0,-5.03
13774.0,-5.62
13775.0,-5.5200000000000005
13776.0,-5.33
13777.0,-5.4
13778.0,-5.3500000000000005
13779.0,-5.33
13780.0,-5.03
13781.0,-5.06
13782.0,-5.03
13783.0,-5.44
13784.0,-5.45
13785.0,-5.3500000000000005
13786.0,-5.41
13787.0,4.159999999999999
13788.0,-5.29
13789.0,-5.66
13790.0,-5.46
13791.0,-5.01
13792.0,-5.48
13793.0,-5.06
13794.0,-5.630000000000001
13795.0,-5.01
13796.0,-5.03
13797.0,-5.470000000000001
13798.0,-5.38
13799.0,-5.06
13800.0,-5.34
13801.0,-5.3500000000000005
13802.0,-5.04
13803.0,-5.390000000000001
13804.0,-5.08
13805.0,-5.01
13806.0,-5.06
13807.0,-5.470000000000001
13808.0,-5.24
13809.0,-5.05
13810.0,-5.49
13811.0,-5.06
13812.0,-5.33
13813.0,4.35
13814.0,-5.33
13815.0,-5.67
13816.0,-5.550000000000001
13817.0,-5.02
13818.0,-5.02
13819.0,-5.5200000000000005
13820.0,-5.18
13821.0,-5.4
13822.0,-5.05
13823.0,-5.3
13824.0,-5.25
13825.0,-5.08
13826.0,-5.24
13827.0,-5.2700000000000005
13828.0,-5.5600000000000005
13829.0,-5.44
13830.0,-5.24
13831.0,-5.02
13832.0,-5.24
13833.0,-5.02
13834.0,-5.33
13835.0,-5.390000000000001
13836.0,-5.5600000000000005
13837.0,-5.08
13838.0,-5.07
13839.0,-5.930000000000001
13840.0,-5.11
13841.0,-5.6000000000000005
13842.0,-5.22
13843.0,-5.06
13844.0,-5.08
13845.0,-5.61
13846.0,-5.04
13847.0,-5.760000000000001
13848.0,-5.04
13849.0,-5.33
13850.0,-5.05
13851.0,-5.02
13852.0,-5.430000000000001
13853.0,-5.2
13854.0,-5.44
13855.0,-5.41
13856.0,-5.22
13857.0,-5.7
13858.0,-5.05
13859.0,-5.3500000000000005
13860.0,-5.54
13861.0,-5.08
13862.0,-5.12
13863.0,-5.09
13864.0,-5.29
13865.0,-5.03
13866.0,-5.02
13867.0,-5.640000000000001
13868.0,-5.09
13869.0,-1.0000000000000007
13870.0,-5.53
13871.0,-5.05
13872.0,-5.04
13873.0,-5.3500000000000005
13874.0,-5.02
13875.0,-5.02
13876.0,-5.06
13877.0,-5.02
13878.0,-5.430000000000001
13879.0,-5.5200000000000005
13880.0,-5.09
13881.0,-5.01
13882.0,-5.67
13883.0,-5.3
13884.0,-5.07
13885.0,-5.06
13886.0,-5.3
13887.0,-5.02
13888.0,-5.19
13889.0,-5.49
13890.0,-5.02
13891.0,-5.49
13892.0,-5.02
13893.0,-5.02
13894.0,-5.02
13895.0,-5.5200000000000005
13896.0,-5.23
13897.0,-5.59
13898.0,-5.04
13899.0,-5.06
13900.0,-5.01
13901.0,-5.41
13902.0,-5.23
13903.0,-5.720000000000001
13904.0,4.279999999999999
13905.0,-5.07
13906.0,-5.02
13907.0,-5.29
13908.0,-5.630000000000001
13909.0,-5.28
13910.0,-5.59
13911.0,-5.02
13912.0,-5.03
13913.0,-5.03
13914.0,-5.02
13915.0,-5.61
13916.0,4.4399999999999995
13917.0,-5.04
13918.0,-5.04
13919.0,-5.4
13920.0,-5.03
13921.0,-5.01
13922.0,-5.2700000000000005
13923.0,-5.430000000000001
13924.0,-5.17
13925.0,-5.06
13926.0,-5.33
13927.0,-5.03
13928.0,-5.02
13929.0,-5.3
13930.0,-5.41
13931.0,-5.4
13932.0,-5.470000000000001
13933.0,-5.69
13934.0,-5.470000000000001
13935.0,-5.75
13936.0,-5.34
13937.0,-5.04
13938.0,4.449999999999999
13939.0,-5.2700000000000005
13940.0,-5.07
13941.0,-5.25
13942.0,-5.4
13943.0,-5.04
13944.0,-5.01
13945.0,-5.44
13946.0,4.369999999999999
13947.0,-5.01
13948.0,-5.430000000000001
13949.0,-5.02
13950.0,-5.01
13951.0,-5.32
13952.0,-5.05
13953.0,-5.03
13954.0,-5.430000000000001
13955.0,-5.29
13956.0,-5.34
13957.0,-5.38
13958.0,-5.26
13959.0,-5.06
13960.0,4.35
13961.0,-5.2
13962.0,4.26
13963.0,-5.04
13964.0,-5.02
13965.0,-5.32
13966.0,-5.5
13967.0,-5.04
13968.0,-5.51
13969.0,-5.02
13970.0,-5.04
13971.0,-5.04
13972.0,-5.06
13973.0,-5.29
13974.0,-5.05
13975.0,-5.5600000000000005
13976.0,-5.5200000000000005
13977.0,-5.4
13978.0,-5.26
13979.0,-5.09
13980.0,-5.06
13981.0,-5.46
13982.0,-5.19
13983.0,-5.36
13984.0,-5.04
13985.0,-5.25
13986.0,-5.48
13987.0,-5.32
13988.0,-5.02
13989.0,-5.06
13990.0,-5.05
13991.0,-5.470000000000001
13992.0,-5.5600000000000005
13993.0,-5.02
13994.0,-5.04
13995.0,-5.22
13996.0,-5.470000000000001
13997.0,-5.34
13998.0,-5.470000000000001
13999.0,-5.44
14000.0,-5.2
14001.0,-5.04
14002.0,-5.720000000000001
14003.0,-5.02
14004.0,-5.07
14005.0,-5.04
14006.0,-5.08
14007.0,-5.67
14008.0,-5.46
14009.0,-5.03
14010.0,-5.02
14011.0,-5.01
14012.0,-5.5600000000000005
14013.0,-5.26
14014.0,-5.01
14015.0,-5.02
14016.0,-5.430000000000001
14017.0,-5.07
14018.0,4.449999999999999
14019.0,-5.5
14020.0,-5.03
14021.0,-5.01
14022.0,-5.04
14023.0,-5.890000000000001
14024.0,-5.4
14025.0,-5.33
14026.0,-5.38
14027.0,-5.14
14028.0,-5.05
14029.0,-5.36
14030.0,4.5
14031.0,-5.11
14032.0,-5.03
14033.0,-5.02
14034.0,-5.02
14035.0,-5.12
14036.0,-5.09
14037.0,-5.23
14038.0,-5.74
14039.0,-5.01
14040.0,-5.08
14041.0,-5.03
14042.0,-5.1
14043.0,-5.07
14044.0,4.43
14045.0,-5.22
14046.0,-5.57
14047.0,-5.430000000000001
14048.0,-5.32
14049.0,-5.3500000000000005
14050.0,-5.06
14051.0,-5.29
14052.0,-5.38
14053.0,-5.36
14054.0,-5.07
14055.0,-5.01
14056.0,-5.18
14057.0,-5.12
14058.0,-5.01
14059.0,-5.38
14060.0,-1.0000000000000007
14061.0,-5.26
14062.0,-5.41
14063.0,-5.44
14064.0,-5.09
14065.0,-5.430000000000001
14066.0,-5.390000000000001
14067.0,-5.41
14068.0,-5.550000000000001
14069.0,-5.49
14070.0,4.529999999999999
14071.0,-5.3
14072.0,-5.06
14073.0,-5.5
14074.0,-5.5200000000000005
14075.0,-5.3500000000000005
14076.0,-5.1
14077.0,-5.02
14078.0,-5.42
14079.0,-5.5600000000000005
14080.0,-5.03
14081.0,-5.32
14082.0,-5.07
14083.0,-5.46
14084.0,-5.23
14085.0,4.449999999999999
14086.0,-5.26
14087.0,-5.01
14088.0,-5.16
14089.0,4.159999999999999
14090.0,-5.5600000000000005
14091.0,-5.2700000000000005
14092.0,-5.02
14093.0,-5.3
14094.0,-5.04
14095.0,-5.3100000000000005
14096.0,-5.04
14097.0,-5.32
14098.0,-5.36
14099.0,-5.29
14100.0,-5.02
14101.0,-5.05
14102.0,-5.44
14103.0,-5.44
14104.0,-5.01
14105.0,-5.24
14106.0,-5.2700000000000005
14107.0,-5.3
14108.0,-5.34
14109.0,-5.4
14110.0,-5.07
14111.0,-5.4
14112.0,-5.33
14113.0,-5.36
14114.0,-5.26
14115.0,-5.04
14116.0,-5.34
14117.0,-5.04
14118.0,-5.550000000000001
14119.0,4.17
14120.0,-5.29
14121.0,-5.59
14122.0,-5.640000000000001
14123.0,-5.1
14124.0,-5.05
14125.0,-5.01
14126.0,-5.44
14127.0,-5.02
14128.0,-5.03
14129.0,-5.18
14130.0,-5.07
14131.0,-5.3100000000000005
14132.0,-5.5200000000000005
14133.0,-5.04
14134.0,-5.06
14135.0,4.38
14136.0,-5.3100000000000005
14137.0,-5.45
14138.0,-5.46
14139.0,-5.2
14140.0,-5.21
14141.0,-5.05
14142.0,-5.3
14143.0,-5.19
14144.0,-5.49
14145.0,-5.1
14146.0,-5.04
14147.0,-5.18
14148.0,-5.04
14149.0,-5.62
14150.0,-5.5
14151.0,-5.03
14152.0,-5.02
14153.0,-5.15
14154.0,-5.02
14155.0,4.33
14156.0,-5.57
14157.0,-5.02
14158.0,-5.49
14159.0,-5.25
14160.0,-5.02
14161.0,-5.49
14162.0,-5.38
14163.0,-5.02
14164.0,-5.36
14165.0,-5.02
14166.0,4.369999999999999
14167.0,-5.24
14168.0,-5.24
14169.0,-5.2
14170.0,-5.23
14171.0,-5.3500000000000005
14172.0,-5.01
14173.0,-5.3
14174.0,-5.25
14175.0,-5.24
14176.0,-5.01
14177.0,-5.08
14178.0,-5.15
14179.0,-5.2700000000000005
14180.0,-5.24
14181.0,-5.26
14182.0,-5.390000000000001
14183.0,-5.16
14184.0,4.22
14185.0,-5.02
14186.0,-5.01
14187.0,-5.02
14188.0,-5.05
14189.0,-5.02
14190.0,-5.38
14191.0,-5.03
14192.0,-5.2700000000000005
14193.0,-5.33
14194.0,4.38
14195.0,-5.3
14196.0,-5.03
14197.0,-5.26
14198.0,-5.14
14199.0,4.14
14200.0,-5.07
14201.0,-5.06
14202.0,-5.7700000000000005
14203.0,-5.26
14204.0,-5.06
14205.0,-5.42
14206.0,-5.33
14207.0,-5.02
14208.0,-5.36
14209.0,-5.33
14210.0,-5.3500000000000005
14211.0,-5.04
14212.0,-5.02
14213.0,-5.430000000000001
14214.0,-5.42
14215.0,-5.04
14216.0,-5.02
14217.0,-5.390000000000001
14218.0,-5.01
14219.0,-5.09
14220.0,-5.41
14221.0,-5.06
14222.0,-5.01
14223.0,-5.550000000000001
14224.0,-5.46
14225.0,-5.53
14226.0,-5.34
14227.0,-5.67
14228.0,-5.08
14229.0,-5.07
14230.0,4.39
14231.0,-5.03
14232.0,-5.02
14233.0,-5.04
14234.0,-5.22
14235.0,-5.28
14236.0,-5.08
14237.0,-5.3500000000000005
14238.0,-5.08
14239.0,-5.25
14240.0,-5.09
14241.0,-5.05
14242.0,-5.08
14243.0,-5.470000000000001
14244.0,-5.15
14245.0,-5.26
14246.0,-5.430000000000001
14247.0,-5.3100000000000005
14248.0,-5.02
14249.0,-1.0000000000000007
14250.0,-5.01
14251.0,4.47
14252.0,-5.28
14253.0,-5.01
14254.0,-5.45
14255.0,-5.01
14256.0,-5.05
14257.0,-5.49
14258.0,-5.3100000000000005
14259.0,-5.45
14260.0,-5.26
14261.0,-5.26
14262.0,-5.11
14263.0,-5.11
14264.0,-5.37
14265.0,-5.44
14266.0,-5.18
14267.0,-5.38
14268.0,-5.29
14269.0,-5.3500000000000005
14270.0,-5.36
14271.0,-5.34
14272.0,-5.44
14273.0,4.2299999999999995
14274.0,-5.23
14275.0,-5.06
14276.0,-5.5200000000000005
14277.0,-5.26
14278.0,-5.6000000000000005
14279.0,-5.5
14280.0,-5.04
14281.0,-5.37
14282.0,-5.58
14283.0,-5.07
14284.0,-5.04
14285.0,-5.05
14286.0,-5.04
14287.0,-5.04
14288.0,-5.59
14289.0,-5.09
14290.0,-5.01
14291.0,-5.04
14292.0,-5.550000000000001
14293.0,-5.67
14294.0,-5.01
14295.0,-5.03
14296.0,-5.19
14297.0,-5.37
14298.0,-5.04
14299.0,-5.58
14300.0,-5.33
14301.0,-5.29
14302.0,-5.62
14303.0,-5.61
14304.0,-5.06
14305.0,-5.01
14306.0,-5.21
14307.0,-5.33
14308.0,4.27
14309.0,-5.430000000000001
14310.0,-5.08
14311.0,-5.03
14312.0,-5.51
14313.0,-5.16
14314.0,-5.02
14315.0,-5.5
14316.0,-5.45
14317.0,-5.06
14318.0,-5.49
14319.0,-5.28
14320.0,-5.32
14321.0,-5.44
14322.0,-5.02
14323.0,-5.04
14324.0,-5.05
14325.0,-5.06
14326.0,-5.14
14327.0,-5.390000000000001
14328.0,-5.02
14329.0,-5.37
14330.0,4.33
14331.0,-5.29
14332.0,-5.3500000000000005
14333.0,-5.26
14334.0,-5.470000000000001
14335.0,-5.29
14336.0,-5.01
14337.0,-5.3
14338.0,-5.04
14339.0,-5.09
14340.0,-5.02
14341.0,-5.44
14342.0,-5.09
14343.0,-5.16
14344.0,-5.08
14345.0,-5.05
14346.0,-5.01
14347.0,-5.36
14348.0,-5.09
14349.0,-5.08
14350.0,-5.01
14351.0,-5.09
14352.0,-5.23
14353.0,-5.01
14354.0,-5.24
14355.0,-5.53
14356.0,-5.09
14357.0,-5.470000000000001
14358.0,-5.04
14359.0,-5.5600000000000005
14360.0,-5.03
14361.0,-5.28
14362.0,-5.06
14363.0,-5.24
14364.0,-5.01
14365.0,-5.07
14366.0,4.39
14367.0,-5.03
14368.0,-5.02
14369.0,-5.390000000000001
14370.0,-5.14
14371.0,-5.4
14372.0,-5.29
14373.0,-5.07
14374.0,-5.24
14375.0,-5.03
14376.0,-5.4
14377.0,-5.3100000000000005
14378.0,-5.36
14379.0,-5.23
14380.0,-5.01
14381.0,-5.02
14382.0,-5.01
14383.0,-5.18
14384.0,-5.03
14385.0,-5.3500000000000005
14386.0,-5.41
14387.0,-5.36
14388.0,-5.3
14389.0,-5.12
14390.0,-5.32
14391.0,-5.3500000000000005
14392.0,-5.01
14393.0,-5.01
14394.0,-5.05
14395.0,4.41
14396.0,-1.0000000000000007
14397.0,-5.21
14398.0,-5.33
14399.0,-5.46
14400.0,-5.57
14401.0,-5.19
14402.0,-5.4
14403.0,-5.48
14404.0,-5.03
14405.0,-5.41
14406.0,-5.3
14407.0,-5.11
14408.0,-5.29
14409.0,-5.01
14410.0,-5.550000000000001
14411.0,-5.04
14412.0,-5.24
14413.0,-5.02
14414.0,-5.02
14415.0,-5.28
14416.0,-5.3100000000000005
14417.0,-5.42
14418.0,-5.470000000000001
14419.0,-5.41
14420.0,-5.02
14421.0,-5.03
14422.0,-5.3500000000000005
14423.0,-5.03
14424.0,-5.22
14425.0,-5.28
14426.0,-5.01
14427.0,-5.04
14428.0,-5.26
14429.0,-5.06
14430.0,-5.3
14431.0,-5.38
14432.0,-5.07
14433.0,-5.21
14434.0,-5.05
14435.0,-5.48
14436.0,-5.58
14437.0,-5.03
14438.0,-5.01
14439.0,-5.34
14440.0,-5.53
14441.0,-5.45
14442.0,-5.26
14443.0,-5.37
14444.0,-5.03
14445.0,-5.3500000000000005
14446.0,-5.01
14447.0,-5.25
14448.0,-5.3100000000000005
14449.0,-5.02
14450.0,-5.49
14451.0,-5.470000000000001
14452.0,-5.32
14453.0,-5.38
14454.0,-5.3500000000000005
14455.0,-5.04
14456.0,-5.04
14457.0,-5.04
14458.0,-5.680000000000001
14459.0,-5.06
14460.0,-5.01
14461.0,-5.02
14462.0,-5.36
14463.0,-5.03
14464.0,-5.5
14465.0,-5.69
14466.0,-5.02
14467.0,-5.09
14468.0,-5.04
14469.0,4.289999999999999
14470.0,-5.07
14471.0,-5.74
14472.0,-5.04
14473.0,-5.32
14474.0,-5.3
14475.0,-5.17
14476.0,-5.44
14477.0,-5.58
14478.0,-5.07
14479.0,-5.02
14480.0,-5.29
14481.0,4.239999999999999
14482.0,-5.11
14483.0,-5.02
14484.0,-5.34
14485.0,4.1899999999999995
14486.0,-5.05
14487.0,-5.12
14488.0,-5.13
14489.0,-5.02
14490.0,-5.23
14491.0,-5.32
14492.0,-5.32
14493.0,-5.03
14494.0,-5.14
14495.0,-5.02
14496.0,-5.4
14497.0,-5.3100000000000005
14498.0,4.59
14499.0,-5.38
14500.0,-5.03
14501.0,-5.05
14502.0,-5.15
14503.0,-5.01
14504.0,-5.34
14505.0,-5.02
14506.0,-5.04
14507.0,-5.34
14508.0,-5.41
14509.0,-5.29
14510.0,-5.04
14511.0,-5.3
14512.0,-5.51
14513.0,-5.03
14514.0,-5.6000000000000005
14515.0,-5.33
14516.0,-5.06
14517.0,-5.26
14518.0,-5.03
14519.0,-5.3100000000000005
14520.0,-5.03
14521.0,-5.01
14522.0,-5.1
14523.0,-5.03
14524.0,-5.02
14525.0,-5.26
14526.0,-5.390000000000001
14527.0,-5.61
14528.0,-5.07
14529.0,-5.32
14530.0,-5.36
14531.0,4.33
14532.0,-5.5
14533.0,-5.42
14534.0,-5.430000000000001
14535.0,-5.38
14536.0,-5.01
14537.0,-5.36
14538.0,-5.06
14539.0,-5.04
14540.0,-5.390000000000001
14541.0,-5.3500000000000005
14542.0,-5.28
14543.0,-5.17
14544.0,-5.01
14545.0,-5.41
14546.0,-5.05
14547.0,-5.24
14548.0,-5.01
14549.0,-5.42
14550.0,-5.04
14551.0,-5.3
14552.0,-5.5
14553.0,-5.3
14554.0,-5.470000000000001
14555.0,-5.28
14556.0,-5.06
14557.0,-5.06
14558.0,-5.3500000000000005
14559.0,-5.630000000000001
14560.0,-5.01
14561.0,-5.25
14562.0,-5.32
14563.0,-5.45
14564.0,4.529999999999999
14565.0,4.239999999999999
14566.0,-5.03
14567.0,-5.470000000000001
14568.0,-5.08
14569.0,-5.25
14570.0,-5.04
14571.0,-5.36
14572.0,-5.13
14573.0,-5.06
14574.0,-5.53
14575.0,-5.38
14576.0,-5.2700000000000005
14577.0,-5.32
14578.0,-5.04
14579.0,-5.02
14580.0,-5.02
14581.0,-5.51
14582.0,4.359999999999999
14583.0,-5.41
14584.0,-5.26
14585.0,4.49
14586.0,-5.28
14587.0,-5.18
14588.0,-5.03
14589.0,-5.37
14590.0,-5.06
14591.0,-5.03
14592.0,-5.02
14593.0,-5.5
14594.0,-5.04
14595.0,-5.04
14596.0,-5.29
14597.0,-5.03
14598.0,-5.28
14599.0,-5.16
14600.0,-5.15
14601.0,-5.3500000000000005
14602.0,4.119999999999999
14603.0,4.359999999999999
14604.0,-5.02
14605.0,-5.04
14606.0,-5.550000000000001
14607.0,-5.02
14608.0,-5.04
14609.0,-5.3100000000000005
14610.0,-5.02
14611.0,-5.04
14612.0,-5.42
14613.0,-5.22
14614.0,-5.04
14615.0,-5.02
14616.0,-5.33
14617.0,-5.42
14618.0,-5.28
14619.0,-5.02
14620.0,-5.32
14621.0,-5.3
14622.0,-5.01
14623.0,-5.04
14624.0,-5.19
14625.0,-5.01
14626.0,-5.3
14627.0,-5.02
14628.0,-5.3100000000000005
14629.0,-5.11
14630.0,4.46
14631.0,-5.02
14632.0,-5.51
14633.0,-5.26
14634.0,-5.37
14635.0,-5.23
14636.0,-5.03
14637.0,-5.32
14638.0,-5.01
14639.0,-5.390000000000001
14640.0,-5.02
14641.0,-5.02
14642.0,-5.38
14643.0,-5.07
14644.0,-5.04
14645.0,-5.33
14646.0,-5.01
14647.0,-5.12
14648.0,-5.45
14649.0,-5.4
14650.0,-5.4
14651.0,-5.25
14652.0,-5.36
14653.0,-5.08
14654.0,4.449999999999999
14655.0,-5.34
14656.0,-5.04
14657.0,-5.08
14658.0,-5.4
14659.0,-5.02
14660.0,-5.03
14661.0,-5.02
14662.0,-5.2700000000000005
14663.0,-5.13
14664.0,-5.05
14665.0,-5.22
14666.0,-5.61
14667.0,-5.34
14668.0,-5.02
14669.0,-5.08
14670.0,-5.3500000000000005
14671.0,-5.37
14672.0,-5.57
14673.0,-5.3500000000000005
14674.0,-5.11
14675.0,-5.3100000000000005
14676.0,-5.390000000000001
14677.0,-5.02
14678.0,-5.05
14679.0,-5.04
14680.0,-5.25
14681.0,-5.12
14682.0,-5.03
14683.0,-5.4
14684.0,4.43
14685.0,-5.01
14686.0,-5.04
14687.0,-5.24
14688.0,-5.02
14689.0,-5.54
14690.0,-5.08
14691.0,-5.3
14692.0,-5.03
14693.0,-5.3500000000000005
14694.0,-5.3
14695.0,-5.32
14696.0,-5.42
14697.0,-5.05
14698.0,-5.18
14699.0,-5.34
14700.0,-5.07
14701.0,-5.09
14702.0,-5.05
14703.0,-5.01
14704.0,-5.04
14705.0,-5.59
14706.0,-5.02
14707.0,-5.48
14708.0,-5.3
14709.0,-5.1
14710.0,-5.04
14711.0,-5.550000000000001
14712.0,-5.45
14713.0,-5.08
14714.0,-5.01
14715.0,-5.38
14716.0,-5.3100000000000005
14717.0,-5.06
14718.0,-5.01
14719.0,4.529999999999999
14720.0,-5.01
14721.0,-5.02
14722.0,-5.4
14723.0,4.319999999999999
14724.0,-5.48
14725.0,-5.32
14726.0,-5.38
14727.0,4.049999999999999
14728.0,-5.09
14729.0,-5.03
14730.0,-5.3500000000000005
14731.0,-5.25
14732.0,-5.03
14733.0,-5.3100000000000005
14734.0,-5.04
14735.0,-5.21
14736.0,-5.41
14737.0,-5.15
14738.0,-5.38
14739.0,-5.04
14740.0,-5.25
14741.0,-5.02
14742.0,-5.41
14743.0,-5.04
14744.0,-5.02
14745.0,-5.04
14746.0,-5.3100000000000005
14747.0,-5.05
14748.0,-5.06
14749.0,4.289999999999999
14750.0,-5.45
14751.0,-5.44
14752.0,-5.04
14753.0,-5.16
14754.0,-5.34
14755.0,-5.06
14756.0,-5.2
14757.0,-5.24
14758.0,-5.01
14759.0,-5.01
14760.0,-5.4
14761.0,-5.02
14762.0,-5.28
14763.0,-5.19
14764.0,-5.41
14765.0,-5.01
14766.0,-5.03
14767.0,-5.03
14768.0,-5.3
14769.0,-5.470000000000001
14770.0,-5.59
14771.0,-5.12
14772.0,-5.21
14773.0,4.34
14774.0,-5.36
14775.0,-5.46
14776.0,-5.02
14777.0,-5.44
14778.0,-5.48
14779.0,-5.430000000000001
14780.0,-5.32
14781.0,-5.04
14782.0,-5.28
14783.0,-5.06
14784.0,-5.06
14785.0,-5.3100000000000005
14786.0,-5.03
14787.0,-5.69
14788.0,-5.32
14789.0,-5.04
14790.0,-5.03
14791.0,4.22
14792.0,-5.02
14793.0,-5.32
14794.0,-5.42
14795.0,-5.03
14796.0,4.369999999999999
14797.0,-5.05
14798.0,-5.44
14799.0,-5.09
14800.0,-5.06
14801.0,-5.4
14802.0,-5.02
14803.0,-5.01
14804.0,-5.04
14805.0,-5.38
14806.0,-5.33
14807.0,4.47
14808.0,-5.4
14809.0,-5.03
14810.0,-5.41
14811.0,-5.26
14812.0,-5.02
14813.0,-5.26
14814.0,-5.05
14815.0,-5.66
14816.0,-5.4
14817.0,-5.05
14818.0,-5.29
14819.0,-5.29
14820.0,-5.5600000000000005
14821.0,-5.3500000000000005
14822.0,-5.08
14823.0,-5.03
14824.0,-5.01
14825.0,-5.06
14826.0,4.4399999999999995
14827.0,-5.19
14828.0,-5.23
14829.0,-5.5
14830.0,-5.53
14831.0,-5.3
14832.0,-5.38
14833.0,-5.470000000000001
14834.0,-5.04
14835.0,-5.04
14836.0,-5.01
14837.0,-5.05
14838.0,-5.02
14839.0,-5.02
14840.0,-5.5600000000000005
14841.0,-5.36
14842.0,-5.2700000000000005
14843.0,-5.04
14844.0,-5.550000000000001
14845.0,-5.46
14846.0,4.359999999999999
14847.0,-5.61
14848.0,-5.02
14849.0,-5.57
14850.0,-5.5
14851.0,-5.02
14852.0,-5.05
14853.0,4.33
14854.0,-5.2700000000000005
14855.0,-5.02
14856.0,-5.1
14857.0,-5.03
14858.0,-5.05
14859.0,-5.53
14860.0,-5.33
14861.0,-5.44
14862.0,-5.46
14863.0,-5.430000000000001
14864.0,-5.5
14865.0,-5.57
14866.0,-5.01
14867.0,-5.04
14868.0,-5.23
14869.0,4.01
14870.0,-5.29
14871.0,-5.38
14872.0,-5.02
14873.0,-5.32
14874.0,-5.3500000000000005
14875.0,-5.57
14876.0,-5.22
14877.0,-5.02
14878.0,-5.03
14879.0,4.319999999999999
14880.0,-5.07
14881.0,-5.61
14882.0,-5.25
14883.0,-5.74
14884.0,-5.06
14885.0,-5.53
14886.0,-5.37
14887.0,-5.430000000000001
14888.0,-5.23
14889.0,-5.21
14890.0,-5.22
14891.0,-5.53
14892.0,-5.3100000000000005
14893.0,-5.05
14894.0,-5.05
14895.0,-5.49
14896.0,-5.48
14897.0,-5.49
14898.0,-5.01
14899.0,-5.01
14900.0,-5.04
14901.0,-5.04
14902.0,-5.04
14903.0,-5.06
14904.0,-5.02
14905.0,-5.34
14906.0,-5.23
14907.0,-5.25
14908.0,-5.03
14909.0,-5.04
14910.0,-5.25
14911.0,-5.3100000000000005
14912.0,-5.32
14913.0,-5.06
14914.0,-5.34
14915.0,-5.21
14916.0,-5.05
14917.0,-5.02
14918.0,-5.25
14919.0,-5.04
14920.0,-5.23
14921.0,-5.01
14922.0,-5.45
14923.0,-5.03
14924.0,-5.37
14925.0,-5.3500000000000005
14926.0,-5.02
14927.0,-5.48
14928.0,-5.01
14929.0,-5.51
14930.0,-5.45
14931.0,-5.42
14932.0,-5.04
14933.0,4.529999999999999
14934.0,4.41
14935.0,-5.3
14936.0,-5.02
14937.0,-5.28
14938.0,-5.01
14939.0,-5.02
14940.0,-5.06
14941.0,-5.390000000000001
14942.0,-5.4
14943.0,-5.6000000000000005
14944.0,-5.02
14945.0,-5.57
14946.0,-5.1
14947.0,-5.34
14948.0,4.289999999999999
14949.0,-5.02
14950.0,-5.03
14951.0,-5.44
14952.0,-5.5200000000000005
14953.0,-5.06
14954.0,-5.430000000000001
14955.0,4.209999999999999
14956.0,-5.51
14957.0,-5.01
14958.0,-5.29
14959.0,-5.02
14960.0,-5.33
14961.0,-5.41
14962.0,-5.390000000000001
14963.0,-5.53
14964.0,-5.19
14965.0,-5.22
14966.0,-5.54
14967.0,-5.33
14968.0,-5.51
14969.0,-5.7
14970.0,-5.23
14971.0,-5.02
14972.0,-5.33
14973.0,-5.5
14974.0,-5.06
14975.0,-5.19
14976.0,-5.01
14977.0,-5.23
14978.0,-5.02
14979.0,-5.2700000000000005
14980.0,-5.05
14981.0,-5.3
14982.0,-5.34
14983.0,-5.01
14984.0,-5.08
14985.0,-5.03
14986.0,-5.37
14987.0,-5.57
14988.0,-5.23
14989.0,-5.11
14990.0,-5.03
14991.0,-5.04
14992.0,-5.640000000000001
14993.0,-5.01
14994.0,-5.3500000000000005
14995.0,-5.28
14996.0,-5.2
14997.0,-5.38
14998.0,-5.390000000000001
14999.0,-5.4
