0
216843
526494
979795
1241500
1752110
2491509
2971544
3192353
3719922
3999239
4599076
5387245
5528734
5871264
6330719
6816165
7263649
7512575
7913949
8469932
8886129
9163718
9496650
9694424
10133016
10813584
11262866
11809863
12560095
12839398
13150014
13646189
14211289
14700409
15304556
15779307
16116878
16433055
16655059
16791054
17114047
17292754
17596390
17911517
18072904
18251631
18412672
18497482
19220056
19547374
19745349
19820266
19817685
20106089
20259228
20469823
20856297
21264017
21495451
22092441
22568667
23296030
23537812
23857370
24238020
24544091
24668395
24821042
25029782
25245854
25553674
25959633
26282351
26766069
27171578
27747224
28431828
29240233
29871436
30051754
30056870
30060062
30074162
30078122
30104551
30505082
31046921
31524734
31720543
32016027
32209124
32454764
32536485
32594245
32655895
32779965
33078554
33078115
33528732
34457019
33987037
34479271
34691965
34769021
34819840
34791103
34874168
35181985
35341740
35888922
36105894
36433870
36886829
36964376
37214912
37665324
38009707
38513651
38513748
38513486
38513874
38373311
38827495
39027777
39209993
39272445
43265459
43330330
43593110
43622308
44213597
44258816
44317419
44381357
44433661
44496844
44555037
44613695
44662822
44716242
44797616
44997621
45195454
45517953
45763336
45933723
46506744
46905271
46990005
47160945
47230796
47310631
47491377
47584445
47680123
47770039
48086380
48214061
48458255
48682015
48894684
49172540
49585722
49487927
49587955
49738215
49870925
50063141
50284812
50364261
50452650
50479770
50515490
50547624
50626476
50610105
50822619
50896282
50971754
51173661
51513481
51663425
52012619
52338200
52587299
52849512
53044474
53741831
54156906
54522022
54665718
54706903
54863018
54795820
54964421
55075959
55151829
55207184
55672245
55942164
56056138
56202080
56632766
57055528
57088686
57082416
57471007
57591567
57783919
57992960
58087260
58300758
58358035
58444616
58573138
58596068
58681252
59071670
59799642
59963127
60055375
60129823
60192399
60378528
60435508
60482876
61485921
61009117
61038295
60831726
60836627
60839012
60841708
60844606
60845464
60849082
60849641
60853032
60855221
60856193
60857768
60859769
60861310
60861446
60863370
60867859
60867974
60870660
60871997
60873132
60872897
60876126
60876679
60877985
60879058
60878779
60881145
60882009
60883814
60883683
60884347
60889223
60890925
60891807
60892014
60892247
60894318
60894847
60896691
60897782
60898731
60897193
60900250
60899257
60901584
60901870
60904914
60906764
60907549
60908810
60909390
60910015
60910976
60910256
60912133
60912757
60913494
60914259
60914936
60915482
60916122
60916728
60919908
60920811
60919179
60922723
60923659
60924852
60922992
60925116
60926036
60926879
60927521
60926574
60927535
60929497
60929543
60928796
60932306
60932035
60935686
60932982
60933354
60933974
60935181
60937258
60937712
60938039
60938648
60939180
60939749
60939963
60940947
60940830
60943951
60944367
60944935
60945286
60945816
60946413
60946987
60945908
60949963
60947468
60947848
60949694
60949244
60949842
60950036
60952247
60952803
60956057
60956408
60956971
60956744
60958593
60958580
60959063
60957871
60958168
60958727
60959437
60962422
60963116
60962489
60964304
60964537
60966203
60971500
60966939
60969388
60969023
60970107
60971463
60971548
60970586
60975851
60971357
60972752
60974568
60975072
60975343
60976112
60974913
60978352
60982835
60980394
60980830
60981140
60980274
60979790
60982522
60983091
60983492
60984578
60983372
60983888
60984598
60985991
60984758
60993071
60988617
60989788
60990012
60991204
60995954
60990325
60991546
60993408
60993723
60994630
60993757
60994697
60995926
61000886
60996301
60996759
60999071
61000624
60999722
61006444
61000477
61003079
61002790
61003707
61002974
61004093
61003413
61005362
61004383
61005523
61006422
61006764
61006109
61009507
61010827
61016472
61009835
61012305
61012816
61013086
61012591
61013392
61014247
61014232
61014740
61013555
61013539
61016244
61016476
61019535
61018952
61019499
61020717
61027042
61019734
61022559
61022873
61023098
61023508
61022698
61023889
61024804
61031195
61024178
61025464
61025492
61036003
61029224
61031148
61031584
61031906
61031207
61033061
61031552
61039681
61033693
61033588
61034417
61041383
61035077
61034638
61036522
61035122
61046319
61038859
61040907
61040602
61041491
61039430
61042053
61041894
61041609
61042535
61043736
61050871
61044790
61045083
61045302
61044589
61043680
61049189
61049683
61048878
61049540
61049315
61050419
61050339
61050968
61050780
61059899
61053401
61053794
61053998
61053300
61054008
61053367
61058183
61057364
61058087
61057992
61067440
61060773
61060824
61060060
61069098
61062221
61062453
61062877
61062546
61062696
61063749
61065115
61064071
61067807
61068451
61068946
61068799
61068352
61078549
61071055
61071385
61071766
61071602
61081021
61070916
61073560
61073837
61074108
61073409
61074850
61077535
61077928
61077294
61078847
61087825
61079996
61080377
61080647
61089300
61081448
61081775
61081829
61081428
61083160
61083960
61083054
61082293
61087378
61086795
61087077
61097851
61088915
61089583
61099042
61088742
61090871
61091192
61090442
61090817
61102036
61091432
61093452
61093569
61092935
61095885
61107022
61096565
61098615
61098878
61098154
61098124
61109618
61100608
61099439
61110905
61101568
61102000
61102226
61101615
61102027
61113611
61106117
61106252
61107550
61118020
61108672
61109173
61108020
61108750
61108808
61120780
61111348
61111619
61110686
61111168
61111096
61123629
61113701
61116045
61115989
61128122
61115831
61118334
61118553
61118002
61117783
61119406
61119130
61119174
61131985
61121674
61121877
61121516
61122587
61136660
61126326
61125925
61137711
61127178
61126283
61128346
61139802
61129160
61129333
61129692
61129160
61130386
61142236
61129821
61142842
61132068
61132736
61134529
61134316
61134235
61136870
61136973
61136545
61136333
61136252
61138787
61139042
61138645
61138382
61152183
61140808
61141292
61140283
61144165
61156903
61145356
61145472
61144999
61146306
61146678
61145926
61145920
61145941
61148404
61147561
61149529
61162827
61150748
61150993
61149024
61151721
61153314
61155312
61168342
61156217
61156475
61155493
61157417
61170507
61158157
61158528
61157577
61171780
61159630
61159995
61159718
61173918
61161323
61162955
61177638
61165120
61165491
61165168
61179366
61166684
61166990
61166396
61166228
61166764
61168609
61168419
61182974
61168450
61170702
61169449
61173359
61171937
61174393
61174993
61174901
61175705
61189394
61176420
61175366
61176894
61175427
61177927
61177009
61178400
61193045
61179498
61179784
61181681
61197555
61183797
61184203
61183702
61199086
61185239
61185716
61184178
61185530
61185471
61185390
61187329
61186003
61188180
61188535
61188184
61191897
61191061
61191017
61192756
61193085
61191772
61194197
61193481
61193379
61195299
61194733
61211078
61195008
61211706
61197479
61198491
61196625
61199203
61201483
61218069
61202518
61218763
61204054
61204476
61203758
61220420
61205783
61206176
61206762
61222320
61207320
61206564
61206646
61206514
61209116
61210695
61212260
61210889
61213403
61212414
61213879
61212443
61215025
61214030
61231535
61215282
61215706
61216672
61216846
61216867
61233794
61218383
61221184
61221821
61221493
61222281
61238583
61223079
61222263
61223561
61222255
61224656
61223807
61223420
61225883
61225028
61224957
61226994
61227430
61226599
61229001
61229121
61231665
61230807
61249268
61232769
61232967
61232408
61250929
61234691
61233551
61234838
61234242
61252632
61236018
61236477
61235926
61257293
61240711
61239645
61241064
61241612
61239998
61242498
61241698
61260772
61243831
61243961
61244222
61244717
61262815
61245576
61245816
61245322
61266959
61248773
61247880
61250282
61249628
61251131
61250713
61249970
61252361
61251632
61251714
61254722
61254917
61253590
61255375
61256135
61254303
61256844
61259029
61278501
61260820
61260704
61261410
61261747
61259672
61262451
61262909
61281698
61264104
61263113
61262940
61264277
61264527
61265165
61285005
61266323
61267247
61269812
61269652
61289342
61271039
61271395
61271768
61270165
61272566
61273081
61271167
61273721
61272979
61293691
61274935
61275147
61274318
61276510
61279027
61278219
61299163
61278674
61299689
61281068
61280448
61301185
61282098
61282297
61281287
61281552
61283576
61283743
61284408
61282661
61284912
61287325
61307961
61288872
61287091
61288090
61289829
61288843
61288917
61291217
61290114
61290296
61292310
61292652
61292879
61291494
61293810
61294393
61317281
61297627
61296826
61318655
61297466
61319389
61299651
61298901
61320871
61300925
61299971
61299828
61302077
61322918
61302564
61303120
61301274
61304006
61306610
61305424
61307571
61308267
61307923
61308166
61309074
61309112
61309492
61310158
61331280
61310880
61308997
61312026
61311775
61312499
61312725
61314085
61315439
61317531
61317672
61316683
61318756
61319380
61340655
61320003
61319237
61342464
61321378
61321430
61321686
61320902
61323103
61322914
61321763
61324609
61326698
61325911
61349453
61328082
61327325
61327108
61329336
61329059
61329907
61329142
61328744
61331320
61331777
61330131
61332093
61354987
61333054
61335957
61336125
61335466
61336955
61337152
61336621
61336906
61337124
61337336
61339513
61339674
61338436
61340423
61340774
61339550
61341748
61340714
61343434
61345481
61344478
61369315
61346872
61345938
61346958
61347602
61346410
61348152
61348467
61349115
61349369
61348451
61350387
61350520
61349617
61351562
61353255
61378309
61355293
61354455
61355187
61354418
61356511
61355784
61380755
61356387
61356174
61358345
61357312
61359271
61358524
61383879
61360636
61361244
61361776
61364252
61363599
61364891
61365134
61365780
61366168
61366281
61367203
61367408
61367447
61368332
61367408
61368535
61368661
61369625
61368306
61394693
61372026
61371536
61373982
61372619
61374984
61373807
61375284
61374687
61400849
61376714
61377153
61375670
61377734
61378079
61378660
61378988
61379208
61380014
61382766
61383000
61382306
61410158
61385640
61410528
61385875
61385009
61385568
61385753
61386422
61413250
61388335
61387200
61389469
61388720
61415276
61390413
61392665
61419048
61394358
61393514
61393031
61394803
61394666
61394037
61396562
61396761
61395837
61397930
61397947
61398452
61397440
61424794
61399331
61428221
61401259
61428814
61403515
61404064
61403631
61404678
61404921
61405441
61405637
61406159
61406343
61432598
61406463
61407608
61405656
61407055
61434915
61408932
61411382
61438835
61412738
61410814
61413339
61412384
61414459
61413491
61441764
61415536
61414735
61443037
61416592
61416290
61444117
61417808
61418388
61419094
61421512
61421637
61422385
61422597
61422789
61423615
61422554
61451458
61424753
61451650
61424885
61425382
61426160
61426235
61424984
61427261
61426091
61428639
61429571
61428941
61431277
61430238
61431066
61432757
61431884
61460919
61433818
61433229
61432537
61434860
61433527
61435695
61463652
61436407
61436884
61439936
61439070
61468817
61441262
61469274
61440512
61470268
61442714
61442176
61441895
61442475
61444037
61443012
61445128
61444303
61474076
61446136
61444772
61448191
61478244
61450217
61450838
61449688
61450061
61480270
61452048
61452757
61451189
61453235
61451997
61454199
61453152
61483664
61454153
61455592
61454384
61458768
61457646
61459619
61458770
61490361
61461790
61462055
61462803
61491919
61463134
61463334
61464191
61463819
61462722
61464618
61465423
61466013
61466313
61467943
61499244
61470200
61469393
61468924
61471263
61471507
61472259
61471119
61502403
61473131
61471409
61472312
61503973
61474628
61475133
61473405
61475301
61478621
61479183
61477796
61479858
61478904
61480928
61480015
61480060
61481716
61512598
61482679
61482509
61482809
61483742
61482671
61484672
61483762
61518562
61488080
61489907
61531372
61501358
61499511
61501004
61500364
61502385
61501056
61503243
61503168
61503621
61501788
61502458
61502312
61504493
61502997
61504855
61505095
61505117
61503679
61535423
61505171
61505028
61505472
61504092
61535892
61505772
61505037
61503851
61505729
61504094
61505959
61505783
61504707
61536181
61506177
61504470
61505907
61536476
61506130
61506236
61506234
61504905
61536642
61506581
61505198
61506774
61536854
61506563
61506413
61506849
61537139
61506633
61505135
61507059
61504881
61506984
61505465
61507433
61506290
61505482
61508047
61505920
61507809
61506846
61505669
61507759
61506226
61507897
61506664
61509388
61507718
61507907
61538015
61506495
61508091
61506871
61538359
61508019
61507965
61508332
61507096
61538715
61508369
61508138
61508577
61507272
61538621
61508713
61508109
61508569
61538792
61508505
61506914
61508838
61508757
61507537
61508976
61507317
61509336
61508100
61539471
61509233
61538982
61509209
61539662
61509722
61539890
61509547
61510861
61511328
61510560
61509328
61511223
61511213
61510069
61511591
61510253
61541893
61511830
61509950
61510319
61511906
61510718
61513266
61511448
61511921
61511316
61509845
61511625
61512193
61512146
61512411
61511226
61512437
61511266
61542893
61512513
61512155
61510971
61510857
61511225
61542825
61512651
61512668
61511591
61543098
61512868
61513057
61513100
61511792
61543280
61512995
61543627
61513239
61510997
61511731
61543385
61513055
61511573
61513486
61513476
61512082
61512152
61543871
61513601
61513521
61513689
61513789
61512932
61513600
61544067
61513736
61513611
61514139
61512967
61544248
61513485
61513787
61514209
61512952
61544528
61514174
61512431
61514334
61514359
61512740
61512870
61544625
61514389
61512762
61514491
61513733
61514770
61513411
61514374
61544803
61514587
61514308
61514727
61513958
61512638
61514598
61513065
61514723
61545152
61514811
61513032
61514898
61515004
61515070
61514845
61514897
61513004
61515090
61545575
61515276
61514847
61515286
61514455
61513135
61515133
61513460
61513942
61515511
61514214
61514745
61514321
61517226
61515173
61515668
61515498
61515483
61514349
61513520
61515555
61513899
61515816
61515174
61515418
61545997
61515753
61515877
61515824
61514594
61546256
61516196
61514551
61514967
61513949
61515909
61546570
61515030
61516161
61514904
61514201
61515966
61516231
61515974
61516550
61515300
61514441
61514796
61516726
61516444
61516787
61515513
61546864
61516616
61547109
61515802
61517019
61515574
61547088
61516776
61515060
61517022
61516117
61518615
61516762
61517225
61516040
61517213
61547475
61517325
61547784
61517523
61515820
61517696
61518079
61519135
61549605
61519375
61518139
61519405
61518172
61519344
61519073
61517931
61517465
61519418
61550076
61518995
61519334
61519647
61519528
61519916
61518645
61517867
61519953
61550577
61520095
61518332
61520244
61520133
61519815
61520159
61519544
61519036
61518497
61520205
61519977
61520290
61519658
61519013
61550792
61520367
61520572
61520946
61520920
61519902
61518854
61519492
61551193
61520913
61519265
61521138
61520316
61519708
61551673
61521174
61521032
61521413
61520684
61519698
61520769
61519508
61521406
61551899
61521320
61521450
61520050
61519327
61520068
61551570
61521994
61519851
61521611
61521803
61521654
61520909
61519613
61520350
61552038
61521663
61519335
61520401
61551817
61521725
61520248
61522028
61521694
61521963
61521221
61520546
61519976
61521629
61520053
61521956
61519904
61522004
61552406
61522050
61521931
61522172
61520987
61552403
61522158
61522219
61522550
61521351
61521076
61552698
61522450
61520801
61522776
61521681
61520711
61522552
61520947
61522785
61522050
61521138
61521651
61522879
61521643
61522834
61520673
61521527
61520954
61521577
61553123
61522646
61523352
61523141
61523348
61553336
61521994
61553576
61523295
61521551
61523543
61523824
61523308
61553849
61523559
61521760
61523561
61522840
61521605
61522958
61522310
61522311
61553956
61523593
61523714
61523660
61523673
61522514
61523836
61554121
61523714
61554486
61523973
61522336
61524147
61524227
61524214
61522895
61554463
61524223
61522582
61524376
61524049
61524325
61524329
61524386
61523217
61522251
61524351
61522702
61524428
61524593
61524618
61523396
61554696
61524553
61524600
61523459
61524756
61523909
61523366
61523437
61522731
61524752
61523117
61525041
61524618
61525060
61555089
61523791
61522976
61525038
61555491
61525186
61524986
61525469
61525436
61525632
61524249
61525620
61524766
61524077
61526182
61557551
61527256
61557452
61526697
61527208
61526901
61527368
61527102
61527569
61526117
61527572
61557611
61526135
61557583
61527979
61557813
61527647
61525873
61527774
61527316
61527806
61526441
61527720
61526703
61527970
61525477
61526208
61558057
61527746
61558227
61526433
61526593
61526923
61526605
61526821
61558099
61528089
61526181
61527872
61528153
61528110
61526803
61526118
61528067
61528229
61527665
61528299
61527398
61527147
61526185
61527022
61526937
61558715
61528302
61558945
61528525
61528197
61528753
61528787
61528868
61527536
61526704
61528609
61559103
61528713
61527079
61528808
61528521
61529008
61529057
61527631
61526920
61528751
61559305
61528936
61528636
61529069
61529001
61529064
61559251
61527384
61559202
61528835
61559339
61529115
61527323
61528950
61527737
61527807
61527212
61527915
61529148
61527407
61529214
61527378
61529083
61527127
61528412
61529203
61527895
61559623
61529277
61559649
61529386
61559874
61529323
61559743
61529340
61559887
61529062
61529558
61559863
61529933
61559909
61529215
61529638
61560212
61529747
61529906
61529540
61529986
61529939
61529862
61559992
61528640
61560259
61530110
61560480
61530091
61560744
61530209
61529859
61530316
61528198
61529406
61530394
61560692
61530391
61560782
61530574
61560948
61530592
61528398
61529457
61528687
61561163
61530810
61561119
61530443
61530226
61529305
61531092
61530795
61531145
61531187
61531070
61530451
61531314
61530013
61529221
61531223
61531415
61531583
61531526
61530540
61531710
61530429
61562025
61531895
61530154
61531992
61531638
61531947
61531123
61531922
61530621
61529837
61530568
61529975
61531843
61530283
61531958
61562532
61532032
61531671
61532196
61532258
61532133
61532126
61531501
61562080
61531848
61562391
61531350
61530303
61532165
61531772
61532253
61532216
61532238
61531067
61531876
61562469
61532164
61562447
61531753
61532036
61562641
61531460
61530444
61532333
61531951
61532441
61532500
61532587
61531733
61532620
61562814
61531045
61562785
61532418
61563096
61532523
61530837
61532747
61531463
61532760
61533599
61532627
61533545
61565164
61534888
61565361
61534891
61532826
61533869
61535346
61534111
61533012
61534079
61533974
61534075
61565666
61535529
61533797
61535543
61566110
61535484
61533887
61535558
61534672
61534762
61535815
61533667
61534573
61535876
61534788
61534696
61534752
61535926
61534765
61533868
61534818
61533983
61535898
61566439
61535992
61535719
61536056
61535790
61536092
61535385
61534942
61534742
61566442
61534259
61536015
61535806
61536335
61535826
61536214
61535508
61535133
61534181
61534930
61566469
61536195
61566647
61536336
61566664
61534847
61536402
61536637
61535272
61536723
61535548
61536752
61535424
61535307
61535480
61536777
61536006
61534855
61535809
61537178
61536185
61537204
61535920
61537055
61535288
61536948
61535259
61537036
61536626
61537035
61536652
61536965
61535276
61537152
61536790
61537229
61537002
61535943
61537307
61535942
61537245
61536398
61536108
61535178
61535975
61535194
61535847
61535261
61535938
61567725
61537832
61567906
61537355
61535690
61537422
61535571
61537066
61536099
61537318
61537263
61535445
61536802
61537638
61537789
61536482
61535650
61536375
61537149
61536661
61535880
61536688
61535859
61536481
61535814
61536685
61535888
61537858
61568330
61538259
61538257
61537940
61538444
61538421
61538460
61537481
61538470
61537619
61538503
61537260
61536360
61537334
61537051
61537340
61537772
61537280
61568871
61536664
61538522
61536871
61538607
61538494
61538873
61538731
61538095
61539017
61537993
61538931
61539153
61537726
61569188
61539038
61569245
61539013
61569322
61538975
61569420
61538972
61569350
61537774
61537134
61539084
61569419
61539100
61569447
61539234
61569644
61538919
61539256
61539225
61539596
61539306
61539469
61537972
61539581
61570042
61538527
61570222
61539678
61570103
61539862
61570262
61539820
61537987
61539900
61539864
61540033
61539226
61540031
61539077
61539334
61537581
61538337
61570121
61540204
61570246
61538671
61539851
61538190
61539908
61570386
61539699
61539953
61570410
61540152
61538334
61540196
61538237
61538764
61540139
61539684
61570573
61540647
61541119
61571798
61541756
61540017
61541108
61542600
61542179
61542604
61573130
61542716
61542879
61573052
61541681
61543083
61542985
61542901
61573397
61541247
61542953
61573577
61543064
61541101
61542574
61543533
61541662
61543371
61576122
61545545
61575846
61544514
61544607
61544896
61545932
61545578
61545812
61576278
61545805
61545966
61576011
61544494
61546034
61546020
61545895
61576268
61545804
61543956
61544855
61546179
61546118
61545972
61544046
61545004
61546288
61546349
61546436
61576631
61544863
61544991
61545030
61545111
61546438
61544626
61546470
61576834
61546341
61576890
61576775
61545487
61546670
61546353
61546647
61576944
61546606
61576851
61545353
61545582
61545704
61546813
61546805
61546884
61547001
61577322
61545503
61546825
61577208
61545822
61547092
61546870
61547021
61545312
61547202
61545019
61546372
61547467
61547356
61547371
61545532
61547451
61577604
61577675
61545838
61545249
61546169
61547520
61547172
61547338
61577819
61547758
61545366
61546313
61547610
61547689
61547704
61577984
61547406
61577840
61546369
61546161
61546478
61547559
61578057
61547438
61577843
61546381
61546427
61546855
61547835
61546012
61546459
61547934
61577952
61546588
61548043
61548174
61547039
61548120
61546543
61547989
61548434
61578671
61547059
61546429
61547414
61548739
61579145
61548820
61548665
61546735
61547556
61549108
61547262
61549220
61579389
61548939
61546886
61547895
61547643
61549169
61547459
61549127
61579726
61549198
61579549
61547955
61549477
61548617
61549556
61547665
61549165
61549341
61579683
61548320
61548167
61548656
61548164
61549717
61549188
61549467
61548133
61549481
61549566
61580005
61549522
61580098
61548573
61549816
61548701
61550159
61550202
61548281
61550037
61550210
61580554
61550224
61548324
61548641
61549060
61548304
61549333
61550400
61548874
61550667
61580965
61580967
61549476
61550505
61549605
61551035
61550869
61581380
61550735
61548850
61550230
61551100
61581512
61550830
61581176
61549785
61551143
61548778
61551167
61551035
61581345
61581464
61549748
61551184
61551198
61551080
61581606
61550998
61581505
61549867
61551287
61551277
61551265
61551158
61549683
61551590
61581543
61550098
61551620
61551683
61551707
61550919
61551042
61551626
61553251
61581455
61550263
61551386
61550177
61549694
61551307
61550846
61550382
61551508
61550007
61550739
61581964
61550422
61551526
61549490
61550850
61551703
61582319
61551737
61551183
61549948
61552255
61552191
61582329
61550761
61552130
61552250
61552224
61582506
61552039
61582201
61550855
61551946
61550111
61551998
61552256
61552275
61582747
61551119
61552512
61552150
61552374
61552564
61583016
61552475
61550545
61551980
61552693
61583070
61552556
61582994
61551491
61552908
61552584
61552893
61583168
61551099
61552774
61583385
61551791
61553214
61552694
61553201
61583443
61551709
61553236
61553195
61555676
61586032
61554376
61555837
61555679
61555287
61556022
61585930
61554425
61554553
61555938
61555916
61586344
61555850
61586130
61585983
61554564
61556038
61556203
61554709
61556163
61554365
61556070
61586471
61556039
61586415
61555165
61556387
61586909
61556287
61554193
61555215
61556505
61556184
61556296
61554301
61555733
61556439
61554756
61556690
61586741
61554860
61555012
61555936
61556711
61586913
61555143
61556437
61586608
61555985
61556352
61586884
61555174
61556557
61556123
61556742
61586987
61556575
61554553
61555614
61556849
61556357
61556758
61586996
61555626
61555474
61556908
61587323
61555502
61555363
61587038
61555835
61557137
61555340
61556819
61557067
61557156
61555206
61556600
61557436
61587759
61556026
61556259
61557615
61557514
61555941
61587862
61556471
61557635
61557715
61588224
61557848
61555802
61557067
61558041
61559630
61588201
61556726
61558200
61557998
61556275
61558096
61557493
61557169
61558376
61588895
61558325
61588585
61557256
61558682
61556857
61558418
61588748
61557494
61558753
61558836
61558732
61589171
61558506
61556678
61557434
61558922
61556988
61558835
61589074
61557844
61558977
61557254
61558919
61558843
61559117
61557305
61559431
61557125
61557973
61559280
61557406
61559677
61589637
61589443
61557968
61559305
61559117
61559362
61559367
61589721
61558137
61559584
61559371
61557634
61559258
61561313
61589842
61558204
61559576
61557798
61559445
61589668
61558370
61559677
61559185
61559549
61559770
61590100
61558521
61559959
61559641
61559742
61590198
61590309
61558864
61560062
61559714
61560191
61560309
61590688
61559181
61560451
61559969
61560343
61590636
61559544
61560510
61591006
61590885
61559110
61559371
61591042
61560295
61559949
61591053
61560088
61560806
61559175
61560815
61591039
61559721
61560947
61560772
61560962
61591641
61561020
61562755
61591421
61559859
61561349
61560837
61561248
61591695
61560040
61559298
61560258
61561603
61559681
61561852
61591782
61560192
61560056
61561353
61559626
61561315
61591677
61560325
61561574
61591997
61560256
61561693
61561219
61561460
61559861
61560420
61561680
61592178
61561570
61563509
61591889
61561495
61561589
61592103
61560467
61561836
61591914
61560412
61562091
61561842
61561960
61592202
61561803
61559992
61560717
61562004
61592448
61562044
61560128
61560990
61562188
61561929
61562153
61592556
61592747
61561263
61562576
61562094
61562435
61592933
61561962
61561583
61562465
61593040
61562564
61560787
61562144
61562758
61593056
61561639
61562870
61562865
61560826
61563068
61562796
61593420
61561749
61563015
61561282
61562902
61561088
61562390
61563233
61561322
61563040
61563200
61561126
61562033
61563479
61562950
61563286
61561245
61562154
61563465
61561690
61563352
61565263
61594047
61562370
61563718
61563329
61563723
61594017
61562639
61563840
61563358
61563685
61565410
61593941
61562640
61563844
61563513
61563778
61563864
61594201
61562828
61564141
61562118
61594313
61566015
61566904
61597408
61565727
61567430
61565407
61567197
61565179
61566342
61567385
61565570
61567313
61597592
61566250
61567669
61565067
61566871
61567324
61597514
61566126
61566213
61567574
61597975
61567369
61565463
61566949
61567677
61598038
61567467
61565496
61567051
61566411
61567687
61598041
61566541
61568081
61567880
61566246
61567829
61566472
61568097
61568054
61598389
61566888
61568222
61566465
61568079
61566121
61566990
61568378
61567961
61568308
61568117
61567652
61567205
61568379
61598747
61567195
61567145
61568335
61566636
61566696
61568285
61566437
61568381
61568421
61570381
61598822
61567424
61568775
61568280
61568504
61598878
61567679
61568969
61568625
61569038
61599206
61567775
61569144
61568956
61569005
61599305
61568535
61569330
61599777
61569193
61567143
61569416
61568707
61599437
61568188
61569334
61567559
61569541
61567368
61599365
61568316
61569290
61569475
61567738
61569461
61568049
61567389
61569077
61569524
61568256
61569888
61569869
61569780
61600078
61568722
61569902
61600209
61568797
61570100
61600385
61569474
61569920
61570057
61569791
61570190
61569357
61570307
61570015
61600298
61569984
61568029
61600422
61570288
61570105
61600518
61569023
61570169
61569851
61569767
61600595
61569257
61569217
61570459
61600529
61600561
61569291
61570530
61601127
61570380
61572449
61600854
61600953
61569538
61570787
61601233
61570904
61569518
61570898
61569161
61570847
61569869
61570667
61571215
61569152
61570506
61571448
61571221
61601559
61570112
61571514
61571146
61571326
61569481
61570148
61570081
61571569
61601642
61570386
61571579
61602111
61601942
61570229
61571549
61602061
61570183
61571604
61571241
61571154
61570188
61571908
61571365
61571753
61602084
61570580
61571850
61570122
61572105
61570499
61571943
61602489
61570687
61570225
61571745
61572062
61570768
61570203
61602323
61570654
61572143
61572222
61572141
61602558
61571019
61572278
61602749
61572219
61570173
61571557
61572529
61570958
61572416
61572257
61602560
61571640
61572349
61602683
61571145
61572643
61572364
61571799
61602827
61571353
61572683
61570704
61571448
61570501
61572713
61572724
61572582
61572638
61572687
61572784
61603227
61571512
61572771
61570986
61572639
61603071
61571859
61572940
61571650
61573025
61603244
61571407
61570968
61573036
61572894
61603290
61571789
61573008
61572717
61573362
61571779
61572499
61571477
61573253
61573152
61603423
61572480
61573220
61574901
61573152
61571226
61573386
61573336
61572093
61572381
61574058
61573488
61603870
61572273
61573843
61573722
61573754
61571733
61573175
61573936
61604225
61572632
61573590
61573247
61574138
61604327
61573346
61574168
61604517
61572693
61574188
61572088
61573534
61574260
61604543
61572967
61574267
61572843
61574256
61574643
61572942
61574495
61572656
61574915
61572418
61573539
61574470
61573702
61574456
61604727
61573501
61574852
61574456
61574623
61572916
61574405
61605089
61573177
61574746
61573714
61574631
61575025
61605510
61573955
61575207
61605486
61573852
61575259
61605733
61575061
61575154
61575359
61573475
61575188
61573573
61575050
61605349
61573701
61575247
61606497
61606984
61575809
61575130
61576002
61577332
61577083
61577375
61607892
61577429
61608053
61576993
61576162
61577792
61608301
61577874
61575906
61576802
61576625
61578239
61578101
61611954
61581332
61611753
61580728
61579749
61581584
61612126
61581288
61579979
61581664
61579829
61581143
61581885
61581567
61581125
61612255
61581788
61612099
61580767
61580521
61581306
61582008
61612489
61581832
61612192
61580665
61580052
61581364
61580548
61612545
61582373
61582098
61612559
61582085
61580880
61612898
61582307
61580975
61582322
61581321
61581462
61582710
61613124
61581242
61584410
61581389
61613060
61582551
61582655
61582836
61580719
61582294
61582963
61581751
61582912
61582659
61582907
61613401
61583211
61613594
61583299
61613572
61581994
61581926
61583447
61582634
61583520
61583562
61581846
61583513
61613733
61582459
61583633
61582632
61613772
61583763
61583641
61614181
61583727
61613839
61582528
61583801
61583459
61583673
61614058
61583608
61613994
61583689
61583099
61613968
61583121
61584183
61583787
61584092
61582421
61583930
61582061
61583070
61582715
61582960
61582473
61583074
61584179
61614568
61582132
61614552
61583251
61584561
61584130
61584440
61582799
61584131
61614772
61583429
61583482
61583135
61584699
61584282
61582535
61584469
61584682
61614948
61583492
61583476
61584698
61583204
61583638
61584914
61582865
61615163
61585238
61583402
61585029
61615252
61585213
61585245
61583613
61585607
61584255
61584592
61585353
61583640
61585838
61615701
61584147
61583405
61584328
61585676
61583504
61584792
61585604
61583749
61584326
61615963
61584653
61586039
61584748
61585963
61616493
61584598
61585222
61585040
61586155
61585364
61584007
61584450
61586635
61616583
61585005
61586456
61586079
61586463
61616871
61585158
61586583
61584962
61586498
61586026
61616706
61584710
61585370
61586782
61586284
61586713
61617187
61585440
61586818
61616899
61584802
61585800
61587073
61585288
61587174
61586940
61586391
61584940
61586292
61587077
61586705
61586386
61617580
61585775
61585105
61587280
61585498
61587278
61587242
61587350
61585541
61587204
61617570
61586297
61587587
61587755
61585697
61586621
61587763
61618313
61587573
61617975
61586074
61586045
61588199
61618299
61587862
61587775
61587310
61587909
61618383
61586639
61587931
61588055
61588202
61587830
61588156
61586243
61586969
61588232
61588393
61588408
61586620
61588273
61586276
61587210
61588469
61588055
61588330
61618545
61587061
61587238
61587273
61588573
61588252
61588541
61619193
61588841
61618920
61587349
61587144
61588003
61587419
61588548
61588613
61586489
61587476
61588848
61619181
61588653
61588792
61588325
61588699
61586913
61587761
61589048
61588598
61589088
61588982
61589160
61588852
61589117
61587229
61588087
61587736
61589089
61588257
61619240
61587185
61589597
61589384
61587600
61589683
61588401
61588525
61589532
61619979
61589501
61620015
61588453
61588093
61588195
61589762
61589414
61589781
61620139
61589748
61587828
61588930
61588552
61588550
61589983
61590165
61589985
61620471
61589995
61588109
61588797
61588914
61589445
61590277
61589136
61590331
61590089
61590452
61620803
61590371
61589684
61590262
61590295
61621003
61590327
61590610
61589000
61590652
61590664
61590774
61589529
61590833
61591262
61590651
61590244
61589508
61589518
61590733
61590603
61590845
61621260
61589480
61591047
61590627
61590998
61589315
61591222
61621399
61589950
61591270
61591040
61591272
61590177
61591395
61621595
61591155
61621518
61589998
61589841
61591388
61589391
61590754
61591743
61591361
61591623
61589978
61591676
61621825
61590526
61621974
61590805
61591942
61591511
61591257
61589786
61591000
61592040
61591599
61591908
61622431
61591684
61591814
61590027
61590923
61592090
61622387
61591830
61591345
61590946
61592171
61591720
61591916
61622456
61592011
61622340
61590752
61591289
61591156
61590836
61590896
61592411
61591782
61592101
61622461
61591920
61590211
61591451
61596068
61594280
61595807
61626097
61594623
61594647
61595466
61594686
61596063
61594379
61595275
61626627
61594523
61596362
61596442
61626694
61595077
61596546
61626959
61595324
61596714
61596450
61596084
61627083
61596620
61627173
61595791
61597022
61596712
61596232
61627129
61595766
61596899
61595765
61596974
61597126
61597067
61597282
61627790
61627732
61596954
61596248
61597586
61595828
61597985
61627919
61596424
61596314
61596546
61597969
61596730
61597899
61597465
61597703
61627861
61596437
61595931
61597763
61597630
61627981
61596381
61597726
61597483
61597882
61627924
61596674
61598015
61597814
61598041
61596352
61598075
61628178
61596870
61598358
61598342
61598408
61596443
61598176
61628516
61597067
61598169
61628339
61596923
61598305
61596418
61598528
61598258
61597194
61598329
61596650
61598570
61628764
61629036
61596713
61628970
61597442
61598656
61596895
61599144
61628793
61597348
61598792
61598540
61598880
61597157
61599037
61629289
61597702
61597645
61599342
61599118
61629515
61598464
61599214
61629530
61597927
61598560
61599423
61599326
61629871
61598282
61599709
61597367
61599569
61630194
61599490
61629719
61598309
61598440
61599920
61599700
61629858
61598413
61599895
61599051
61599846
61630151
61599619
61597784
61598683
61598598
61599866
61600177
61630623
61598918
61600242
61598913
61600300
61630447
61599003
61600330
61599508
61600062
61630467
61630616
61599209
61600396
61602322
61600511
61599392
61600526
61600837
61631411
61600868
61598917
61599971
61601106
61599267
61600829
61631448
61599815
61601106
61600851
61601177
61631425
61601088
61631454
61599958
61599308
61600753
61601494
61601344
61601298
61599857
61601377
61600281
61601516
61601715
61631977
61601514
61599645
61600294
61632125
61600835
61602124
61600117
61602158
61600110
61601700
61599742
61601204
61602047
61600303
61601804
61632301
61600849
61602382
61600560
61602047
61600440
61600966
61602072
61602446
61602406
61600347
61601382
61601640
61632460
61601362
61602501
61602120
61602305
61602364
61632804
61600943
61601056
61602559
61602451
61632775
61601199
61602571
61602382
61602533
61600721
61602372
61600428
61601441
61602854
61602395
61601342
61602786
61602134
61602639
61602824
61600600
61601988
61633186
61602059
61602926
61601059
61602897
61633203
61601796
61603109
61601280
61603084
61633291
61602926
61633186
61601762
61601711
61603070
61601134
61602051
61603365
61601741
61603638
61602483
61602142
61603223
61603348
61633629
61603207
61601154
61602146
61601968
61602325
61603355
61633639
61601849
61601809
61602180
61603477
61603118
61603488
61633745
61602014
61601548
61602372
61602292
61603592
61603706
61601858
61603509
61601578
61602455
61603731
61601722
61602007
61602437
61602370
61602008
61604062
61603903
61634335
61603862
61601917
61602735
61602654
61634271
61603038
61604136
61603718
61602985
61603602
61603452
61634318
61602764
61604106
61604222
61604124
61634621
61604084
61602205
61603520
61604268
61604086
61604498
61634459
61603254
61604503
61602653
61604697
61634551
61603238
61604562
61604577
61604469
61602856
61604480
61634774
61602712
61602563
61604488
61604595
61603957
61603623
61605300
61605037
61603692
61604541
61604675
61604533
61604980
61603876
61604369
61605205
61635601
61605095
61603815
61603965
61605388
61603802
61605245
61603376
61635365
61635526
61604361
61605527
61635631
61604223
61605533
61605192
61605443
61605107
61605292
61603999
61605374
61605350
61603497
61605695
61604618
61604148
61605341
61635927
61635643
61605134
61605457
61604316
61605257
61604408
61605372
61605655
61604263
61605868
61605890
61636167
61604501
61636375
61604782
61606190
61604320
61605748
61603860
61604879
61605888
61636308
61605349
61604904
61605884
61606236
61636426
61605969
61606028
61636088
61605052
61606069
61606178
61605571
61636233
61604890
61606112
61604375
61606237
61636318
61604890
61606077
61604340
61605980
61636514
61604882
61605273
61605005
61605254
61604997
61606142
61606209
61636724
61605210
61605454
61606176
61606396
61637083
61605117
61606435
61606518
61605417
61605405
61605328
61605800
61605450
61606849
61636939
61606108
61606973
61606473
61637029
61637382
61605666
61605560
61606358
61607003
61606740
61607444
61611245
61610927
61611328
61609260
61609542
61610112
61611327
61641640
61609882
61610099
61610483
61611381
61641801
61610189
61611617
61611624
61611639
61641938
61641704
61610700
61609657
61611444
61609722
61611778
61611715
61642240
61610337
61610063
61611022
61611811
61611593
61612012
61611618
61611243
61609973
61610989
61612245
61611783
61612120
61642641
61612174
61611590
61642710
61611045
61612219
61642789
61612321
61610323
61611768
61612625
61612181
61612747
61642690
61611495
61611180
61612396
61612770
61642782
61611412
61612695
61610859
61613000
61642724
61610723
61611430
61611881
61612499
61612783
61612589
61612683
61643269
61621006
61614210
61644759
61613228
61614757
61645218
61614698
61612870
61613880
61615165
61614908
61615224
61645709
61615375
61645643
61614278
61614030
61614602
61615465
61645579
61614291
61615731
61615431
61615706
61645828
61614492
61615818
61614398
61615770
61646025
61614524
61615818
61615462
61614072
61614131
61615707
61613845
61615012
61616093
61615731
61616147
61614067
61614638
61616110
61614349
61616266
61646404
61616309
61646488
61615067
61616419
61614546
61616109
61616269
61616526
61615098
61616251
61646438
61615053
61616273
61616346
61616350
61615398
61616719
61616476
61617117
61614812
61614638
61647220
61615805
61616841
61615833
61615625
61616485
61617181
61647569
61616219
61617529
61617013
61617186
61615434
61616092
61617269
61647894
61617329
61615515
61617232
61616009
61617374
61617519
61647739
61616243
61617690
61617321
61618022
61617802
61617519
61617597
61648233
61616361
61617703
61648164
61617535
61615679
61616988
61617263
61648210
61616822
61617981
61648246
61616692
61616771
61618255
61648645
61616890
61618064
61616280
61648007
61648285
61616990
61618357
61648713
61616948
61618539
61617932
61617803
61648612
61617287
61618473
61648892
61618375
61648761
61617186
61616962
61618583
61618472
61648906
61617237
61616546
61617483
61618817
61618349
61618214
61648875
61617738
61619110
61618642
61617428
61618577
61618734
61618446
61619257
61619163
61649531
61619054
61618449
61618884
61619288
61649660
61619260
61617082
61618596
61619494
61649776
61618235
61619556
61617771
61619360
61617496
61619520
61618341
61650033
61618548
61619670
61650200
61619562
61617930
61620000
61618334
61618128
61618619
61620053
61619603
61619382
61650041
61618756
61620079
61618420
61619507
61650238
61618823
61620137
61618427
61619609
61650669
61620267
61650519
61619149
61620535
61620539
61619965
61650680
61619137
61620752
61620408
61619872
61650436
61619198
61618532
61619116
61620627
61618631
61620418
61650740
61619725
61620435
61650631
61618258
61650540
61619069
61618949
61620558
61620444
61650835
61619150
61619428
61619317
61619944
61622485
61620644
61620700
61651008
61619673
61620887
61651205
61620771
61651413
61619600
61621062
61621093
61620401
61651178
61619925
61619765
61621186
61651502
61621372
61621176
61620043
61621357
61651646
61620309
61621185
61621572
61621862
61619519
61620634
61620259
61620417
61621731
61652084
61620420
61621840
61652198
61621692
61621044
61621143
61622003
61621957
61622227
61620534
61622050
61620193
61621836
61622120
61621533
61621798
61652069
61620768
61622044
61621707
61621469
61652443
61620723
61622330
61622307
61622469
61652819
61622251
61621219
61622478
61622232
61623028
61620456
61621905
61622733
61652851
61622017
61622829
61622470
61621924
61653185
61621591
61622888
61622441
61622658
61652966
61621361
61622904
61622604
61622475
61623080
61623156
61653689
61623221
61621799
61623290
61623278
61621477
61623445
61621633
61623286
61653619
61622304
61623567
61623096
61653765
61653635
61622394
61623680
61622618
61623830
61653817
61622475
61624187
61654241
61622586
61624048
61622620
61624056
61654483
61622910
61624234
61623712
61624038
61623753
61623830
61622170
61654383
61623143
61624203
61622250
61623487
61624288
61654577
61622991
61624486
61622671
61624244
61622324
61623708
61624373
61654892
61624424
61623925
61624274
61624424
61624360
61654871
61622204
61654583
61623821
61624729
61622886
61624520
61623365
61624517
61624214
61655045
61623558
61624759
61655230
61624697
61623593
61624910
61655277
61623059
61623478
61624898
61624502
61624081
61625027
61623182
61625044
61655443
61623501
61625098
61624947
61624958
61655391
61623616
61624797
61624043
61625298
61623984
61625271
61655838
61624425
61625361
61624444
61655664
61623564
61625444
61626086
61625704
61626063
61623864
61625976
61625803
61656168
61624760
61626138
61625626
61625805
61627841
61625979
61624479
61625578
61625926
61624040
61624936
61625443
61625899
61626062
61625290
61625229
61624823
61626417
61626316
61624172
61626313
61624324
61626368
61626526
61624419
61625275
61626322
61656872
61626179
61630342
61630253
61631191
61661686
61630990
61630053
61629921
61631461
61661466
61630017
61631465
61661816
61631222
61629257
61630048
61631426
61629401
61631012
61661887
61630177
61631474
61631297
61631569
61629416
61630063
61631513
61629397
61631563
61631400
61631518
61631988
61631444
61631686
61629679
61630403
61630834
61631835
61632127
61631216
61632139
61632018
61662382
61630778
61632270
61630965
61632402
61662386
61631644
61630812
61631019
61632521
61630147
61631217
61632513
61632090
61631696
61662973
61631295
61632058
61631148
61632513
61662837
61631246
61631104
61632794
61632662
61631501
61632755
61632991
61631281
61633302
61632314
61633258
61633010
61631313
61632984
61633073
61633129
61633427
61663580
61632137
61663393
61663631
61632312
61633762
61633665
61631829
61632320
61633604
61633259
61633426
61632974
61633809
61633175
61631646
61632989
61633921
61632075
61633627
61632757
61632624
61633740
61664084
61632693
61632434
61634245
61634000
61664168
61632993
61634279
61664706
61634019
61632990
61633910
61634590
61634282
61664761
61632924
61632932
61634530
61634143
61632196
61632952
61634453
61664614
61633078
61634399
61634469
61634623
61634624
61632791
61634388
61632366
61633323
61634722
61665139
61634208
61634753
61664770
61633952
61634569
61664780
61633457
61634805
61633150
61633122
61665351
61633706
61635057
61665389
61633541
61633480
61634952
61634865
61664965
61665145
61665139
61634071
61634379
61633242
61635218
61635025
61665397
61634073
61635329
61634674
61634737
61634981
61635226
61635353
61665821
61634021
61635284
61635552
61635471
61633973
61635098
61633446
61634315
61634655
61633395
61635603
61635559
61634212
61635314
61635659
61666018
61634140
61635656
61634372
61635385
61633470
61635783
61635638
61666124
61635584
61635728
61633781
61635710
61635892
61665890
61634736
61635963
61634073
61635874
61633992
61636130
61635297
61635810
61636298
61634242
61635253
61636472
61634717
61636138
61636406
61666722
61635555
61636486
61666722
61636467
61636400
61667029
61636383
61635721
61636036
61636413
61666802
61635572
61636681
61667248
61636690
61634846
61636759
61636892
61636458
61637201
61636410
61667358
61635940
61637299
61635799
61637150
61667663
61637109
61635237
61636423
61637352
61667802
61636082
61637392
61635669
61637043
61667533
61636222
61636121
61637520
61667707
61636663
61635621
61636253
61637865
61636710
61637363
61637572
61635616
61636904
61637744
61637627
61637597
61667813
61636638
61637736
61667987
61637752
61636598
61636306
61636511
61638054
61637621
61637853
61636701
61636586
61637971
61668174
61636777
61637999
61637723
61637950
61668307
61638011
61638341
61636610
61638325
61636383
61637381
61638514
61669060
61638500
61638586
61638520
61637191
61638781
61638547
61669088
61637400
61638844
61638499
61638731
61638201
61638944
61638761
61669088
61637057
61639077
61637066
61639270
61669436
61637676
61637965
61639211
61639270
61638925
61639629
61637333
61638321
61639300
61669456
61638062
61639369
61639150
61638694
61639030
61639228
61639467
61639211
61639524
61637441
61638330
61639510
61639400
61638915
61637570
61638340
61639595
61669871
61638391
61639817
61639801
61637722
61670363
61639514
61638651
61638584
61640217
61639150
61639097
61639953
61670250
61638623
61639950
61639726
61639970
61670172
61638941
61640245
61638599
61640148
61638211
61640480
61640317
61670466
61639041
61640557
61640582
61638746
61640356
61639276
61640135
61640442
61639201
61640316
61640776
61671002
61639530
61640977
61639127
61640846
61638746
61639578
61640881
61640414
61640620
61670875
61639464
61640767
61640169
61640820
61638826
61640131
61640980
61671226
61639742
61640896
61640520
61640894
61671327
61639792
61641008
61639202
61641016
61641182
61638911
61639858
61641281
61671370
61639985
61641101
61671385
61640026
61641346
61671585
61641015
61639102
61640360
61641247
61640753
61639646
61641125
61640893
61641053
61639640
61641440
61641298
61671600
61639429
61671367
61640434
61641184
61641097
61639198
61671876
61671504
61671696
61640753
61641487
61643300
61640173
61640171
61640398
61641865
61639944
61672259
61639750
61642010
61641662
61640587
61642076
61672413
61641976
61672429
61641041
61642416
61641942
61642174
61640923
61642035
61642691
61640684
61642486
61642604
61640446
61641359
61642423
61672648
61641297
61642618
61640844
61642530
61640573
61641537
61642666
61642645
61642034
61641271
61641162
61642827
61642171
61641854
61643110
61673386
61641741
61643257
61641401
61643486
61641153
61642295
61643502
61641519
61643143
61642473
61643233
61643207
61673552
61641883
61643463
61641713
61643793
61641880
61643502
61643545
61643243
61642806
61673633
61643177
61643806
61641612
61642535
61643830
61674046
61642524
61643749
61641975
61643698
61643015
61643949
61643923
61674151
61642613
61643972
61642088
61642661
61644163
61643863
61644135
61674372
61643064
61644186
61674471
61642725
61644169
61643893
61642222
61643961
61644298
61643008
61644624
61644546
61643881
61674482
61643283
61644209
61643223
61644619
61642592
61642394
61674695
61643969
61644601
61675171
61643157
61643198
61644448
61644703
61674836
61643841
61645045
61675390
61643485
61645052
61645320
61643362
61645152
61644405
61645335
61644730
61643198
61643944
61643112
61675341
61644019
61645250
61644483
61643923
61650527
61648699
61650630
61681101
61649294
61650633
61649097
61649326
61650879
61650462
61650833
61681061
61649804
61651248
61650012
61651101
61681390
61649991
61649207
61649916
61651342
61681452
61649824
61651381
61649596
61651071
61651375
61649414
61650027
61651331
61649534
61651276
61651475
61681914
61650291
61651714
61682056
61651636
61651068
61651786
61649345
61681782
61651769
61651593
61649670
61650062
61651831
61651802
61651194
61652009
61651119
61649852
61650810
61651843
61682306
61651959
61650009
61651447
61652211
61682361
61651055
61652346
61682786
61651055
61652424
61682802
61650012
61682946
61650611
61682953
61652774
61652690
61682816
61651613
61652850
61683269
61651394
61653039
61683336
61651394
61652964
61651101
61652814
61652185
61652017
61652987
61651047
61650844
61650795
61683415
61652415
61653218
61683538
61651919
61653268
61651561
61653161
61651979
61683361
61651290
61652186
61652812
61651515
61652552
61653058
61653815
61651979
61652275
61653842
61684310
61652556
61653850
61651993
61653692
61652249
61652623
61653842
61684040
61652833
61654075
61684228
61652724
61653973
61684554
61651936
61653372
61653853
61653956
61652663
61653974
61654061
61654210
61654321
61654012
61653490
61653925
61652160
61684598
61653604
61654551
61684812
61653350
61654614
61654378
61655171
61652725
61653789
61654769
61685175
61653691
61654982
61654545
61663105
61656434
61687107
61655504
61656688
61656377
61656792
61687314
61655734
61657202
61687721
61657218
61657758
61655385
61657073
61687674
61688029
61656360
61657756
61688187
61656387
61656815
61655831
61658124
61688317
61657365
61657747
61657082
61658406
61656330
61657642
61658481
61658079
61656977
61658694
61656762
61658386
61656640
61658800
61658074
61688896
61659050
61658867
61657594
61658577
61658939
61689301
61657515
61658840
61689212
61658601
61656831
61657833
61659178
61658775
61659277
61657197
61658407
61659270
61689714
61659154
61657220
61658546
61659358
61689747
61657979
61657963
61659619
61659340
61689537
61658207
61659373
61659423
61658240
61658257
61659488
61689689
61659528
61659600
61689875
61658417
61659781
61689921
61658321
61659720
61690011
61658246
61659566
61657840
61659467
61657530
61658587
61659719
61690189
61658580
61659712
61658545
61658463
61659982
61690132
61658481
61660006
61658068
61659733
61658530
61660107
61659940
61690198
61658897
61660286
61690811
61660203
61659623
61659289
61660538
61690933
61660433
61658383
61659836
61660662
61660243
61660232
61659077
61660024
61660321
61658422
61659758
61660359
61690801
61659418
61660636
61660569
61690775
61659710
61660720
61691325
61660613
61658673
61660959
61660776
61658949
61659892
61660851
61691295
61660834
61691277
61660288
61661205
61691337
61660046
61661571
61661004
61661134
61660680
61660731
61691351
61659466
61660042
61660030
61660120
61661300
61691616
61660331
61661654
61691967
61660327
61661624
61660286
61661401
61659585
61661908
61660396
61661816
61660042
61661666
61661132
61661975
61662330
61660845
61661697
61662013
61660923
61660769
61661892
61692115
61660991
61662356
61661933
61662672
61661483
61692267
61662068
61661074
61662365
61660607
61662228
61661647
61661794
61662453
61662451
61662779
61661313
61661348
61662672
61693001
61661513
61662864
61693413
61662802
61661641
61662874
61663134
61662738
61663304
61662503
61662160
61663423
61663421
61663253
61662149
61663168
61663521
61693944
61662491
61663727
61662072
61663658
61662567
61662352
61663750
61661722
61662552
61663789
61661709
61662646
61662589
61663851
61663911
61694299
61662809
61664010
61694449
61662778
61664192
61663942
61663986
61694397
61664384
61663127
61663945
61694933
61664353
61694737
61663878
61664567
61694883
61663516
61664663
61664399
61664822
61664718
61695047
61663247
61664538
61662903
61664629
61662637
61664830
61662770
61663179
61664634
61664784
61663680
61664942
61664209
61664945
61695309
61663811
61663330
61665195
61664974
61695376
61663917
61665022
61695427
61663811
61664996
61695405
61663976
61664312
61665349
61664831
61695643
61664342
61663894
61665216
61665535
61663486
61665253
61665716
61664354
61665627
61665979
61696457
61665853
61665915
61696491
61664426
61665891
61664787
61665647
61665836
61665250
61666296
61665484
61696313
61666052
61666057
61664309
61664728
61664680
61666207
61666187
61696326
61665103
61666259
61696556
61665512
61665251
61665028
61666088
61696494
61665004
61666328
61696729
61665072
61666581
61666218
61666367
61664595
61666631
61666527
61696816
61665369
61665391
61665884
61666651
61664779
61665693
61666325
61696911
61665792
61665398
61667038
61667029
61697439
61665777
61665401
61666779
61666922
61666069
61666592
61667062
61696988
61665666
61666921
61697098
61665780
61665562
61665359
61666867
61666740
61666938
61667263
61665386
61667034
61666600
61667305
61667302
61665220
61666608
61667334
61697631
61665997
61665757
61665952
61667197
61697583
61666031
61667505
61697746
61666008
61697897
61666799
61667632
61697699
61666479
61667396
61667974
61667702
61667054
61667875
61667183
61698320
61666744
61668215
61667816
61667636
61698264
61667304
61668347
61698569
61666921
61668307
61666672
61668245
61667585
61667685
61668539
61698686
61667532
61668651
61698989
61667235
61667363
61668820
61668712
61667443
61668587
61668676
61666675
61668855
61668826
61699044
61667810
61669107
61667236
61668819
61666964
61668262
61669119
61699312
61667685
61669009
61667272
61668821
61666939
61668006
61669012
61699315
61667889
61669077
61699254
61667718
61668988
61669043
61668103
61667135
61667854
61669049
61699582
61667624
61666784
61668787
61669479
61667045
61668920
61669400
61669142
61667246
61668603
61669562
61667931
61668314
61669566
61669212
61669473
61667418
61668536
61669607
61700260
61669692
61668817
61669967
61669979
61667886
61668921
61668397
61668704
61670118
61669746
61700141
61668357
61668848
61668763
61669264
61670461
61669782
61700923
61669005
61670398
61668688
61668978
61670647
61668695
61670394
61668396
61670353
61674206
61676280
61676389
61674391
61675195
61676318
61675313
61675304
61676505
61674528
61675693
61676361
61678155
61676834
61674987
61674728
61676352
61674660
61676766
61676760
61707396
61675222
61674725
61677063
61676954
61707250
61675862
61677177
61676801
61677288
61707730
61676167
61676815
61676997
61677096
61675720
61676040
61677443
61677632
61675364
61676772
61677659
61708127
61676287
61676165
61677760
61677662
61675658
61677832
61677574
61707858
61676530
61675835
61676011
61677632
61675760
61676632
61678007
61676672
61677592
61675681
61675905
61676255
61675893
61708201
61677678
61708069
61676214
61678399
61676031
61678328
61678189
61676253
61677924
61678391
61676212
61676981
61678320
61677544
61676974
61678357
61676328
61677336
61678636
61709016
61677131
61678500
61678298
61678617
61708828
61677521
61678958
61677117
61676620
61709347
61678747
61677960
61709057
61708955
61678094
61677115
61678997
61678740
61677511
61677386
61679058
61677504
61677621
61679005
61680683
61679033
61677614
61677403
61679102
61679284
61678994
61678695
61709724
61678236
61678149
61678413
61679686
61709930
61678455
61679731
61710047
61678471
61680044
61679552
61679808
61678755
61679737
61679554
61678100
61679395
61680115
61710418
61678839
61680137
61678434
61680578
61678182
61680294
61680070
61710434
61679937
61710243
61678900
61679373
61679366
61679973
61680090
61710417
61679115
61680412
61710592
61679040
61679264
61679032
61680291
61678266
61680372
61680312
61679344
61680193
61680345
61678355
61680682
61679918
61678420
61679289
61680391
61710819
61679569
61680586
61680662
61680438
61680593
61679026
61678912
61711107
61679549
61681026
61711142
61679818
61680999
61711059
61679613
61681022
61680595
61681033
61711055
61681159
61681027
61681032
61681108
61681137
61681104
61679939
61680077
61681421
61681341
61681554
61681090
61681359
61679517
61680328
61681622
61712167
61680472
61680233
61681441
61681843
61680304
61681643
61680278
61680481
61712402
61680606
61682026
61680340
61681934
61682057
61680361
61681923
61681594
61681834
61682175
61680339
61680686
61680835
61682265
61682331
61712521
61681487
61682478
61712684
61681213
61682642
61681158
61682450
61712778
61681223
61682592
61712922
61681370
61682790
61713151
61682707
61682051
61682670
61682648
61681168
61682658
61682643
61713000
61681167
61681398
61681289
61682737
61682892
61713235
61683222
61682516
61713399
61682030
61683330
61681430
61683727
61682497
61683031
61681210
61682964
61683060
61681983
61682879
61683270
61681264
61683386
61683483
61713673
61682300
61683563
61681781
61683507
61682260
61683579
61713884
61683204
61713623
61683439
61683530
61682765
61683356
61683513
61681587
61683853
61683662
61713859
61682582
61683858
61682070
61683619
61681688
61683703
61683067
61683345
61682691
61683615
61713831
61682534
61683714
61714117
61682704
61684065
61681637
61683952
61682036
61683751
61683880
61682070
61684278
61682151
61714500
61682844
61684150
61682146
61683229
61684580
61714455
61683533
61684385
61714703
61683216
61682925
61684629
61684693
61682800
61683618
61684662
61715068
61683567
61684966
61683116
61684574
61684713
61714839
61684932
61683794
61682820
61683716
61682970
61683378
61685056
61685129
61684968
61683792
61685287
61715514
61684769
61685468
61685647
61685414
61685568
61684390
61716162
61684384
61685940
61684053
61685803
61685138
61686020
61686093
61683936
61684808
61686081
61716515
61684811
61686162
61684224
61715883
61716357
61684923
61686015
61716382
61684578
61686247
61684476
61686097
61686255
61684773
61686312
61685725
61685736
61686425
61684383
61685709
61716698
61686218
61686552
61686546
61686700
61686749
61686806
61684733
61686397
61686645
61684754
61686141
61687072
61717396
61685865
61685642
61686786
61687267
61717361
61686343
61687059
61687326
61686978
61687163
61685419
61686834
61685572
61686033
61686751
61685338
61686214
61686799
61717706
61686415
61687688
61687289
61687613
61685598
61686999
61687790
61718107
61687605
61685634
61687877
61687823
61718176
61687107
61688042
61718459
61686756
61686191
61687851
61688116
61686044
61688191
61688159
61688203
61718326
61686993
61688341
61688084
61687992
61686775
61686594
61688140
61686254
61687016
61686701
61688349
61687204
61686735
61688383
61686973
61688295
61688546
61687252
61688743
61688696
61718745
61687845
61688716
61718954
61687482
61688990
61687219
61688843
61687231
61688905
61688349
61686807
61688456
61688840
61719256
61687715
61688977
61687619
61688853
61687414
61687206
61687520
61719258
61688124
61688888
61719169
61688315
61689402
61719343
61688018
61689327
61687194
61688533
61689324
61719618
61688018
61689441
61719877
61687875
61689528
61687791
61689306
61687601
61689901
61688316
61689338
61689563
61689636
61689746
61687872
61688321
61689690
61719982
61688342
61689786
61720099
61688499
61688399
61689718
61690098
61720363
61688881
61690216
61690040
61688886
61688454
61690088
61688179
61690038
61688212
61688397
61688557
61689072
61690498
61720822
61689246
61690286
61690561
61721008
61689216
61690585
61688926
61690510
61690569
61720988
61689484
61690655
61688655
61690791
61688728
61690646
61690777
61688725
61689611
61690740
61721313
61689874
61691058
61689761
61691139
61689070
61691281
61691201
61690378
61691295
61691115
61689053
61689452
61691213
61721393
61690060
61691342
61721487
61690159
61691633
61721745
61690186
61691774
61722026
61689872
61721808
61690327
61691565
61691244
61691701
61691564
61692143
61690861
61691706
61691965
61691483
61691864
61692521
61694017
61691608
61722358
61691194
61692462
61722584
61691419
61692723
61690826
61693072
61692360
61693014
61690691
61692424
61692795
61691562
61692788
61693037
61691324
61692873
61692759
61692869
61691504
61692891
61693094
61692035
61693227
61693547
61724001
61693611
61694972
61695501
61695091
61693935
61694330
61695948
61694068
61695740
61695849
61726409
61694555
61693990
61726342
61726534
61694892
61696291
61726630
61694946
61696144
61726541
61696263
61696403
61726596
61696388
61695183
61696695
61726730
61695258
61696268
61727272
61695542
61696804
61726847
61695460
61696886
61727228
61695415
61696985
61727330
61695643
61696904
61695307
61695791
61697226
61697294
61697412
61696368
61695920
61696694
61695261
61696672
61697362
61727715
61695332
61727807
61696537
61697624
61695746
61697756
61697986
61696373
61696039
61697430
61696466
61697880
61697184
61696731
61698334
61696809
61697804
61698130
61696730
61698592
61697153
61728739
61696960
61698380
61697213
61698581
61728967
61697903
61698694
61697951
61698530
61698654
61696924
61698725
61697148
61698822
61698775
61729077
61697595
61699042
61729540
61697547
61699066
61697186
61698950
61699021
61698776
61699259
61729504
61705101
61705943
61704660
61705749
61704523
61705715
61706007
61736126
61704913
61705418
61704220
61704443
61704760
61706255
61736568
61704904
61706207
61704128
61706370
61705402
61705383
61706039
61705279
61706515
61736870
61705393
61706687
61737008
61705534
61706783
61737209
61705712
61706707
61706665
61706557
61707038
61706661
61706720
61707040
61705282
61705640
61707211
61737386
61705842
61707179
61737311
61705978
61707436
61705477
61707139
61707453
61705638
61707704
61709260
61707248
61705516
61707191
61707367
61705639
61707772
61707695
61737888
61707051
61707833
61738049
61706478
61705967
61708087
61707701
61706189
61708196
61738645
61707792
61708048
61706275
61708312
61708112
61707689
61708158
61707080
61707635
61738866
61708611
61708762
61706399
61708628
61708558
61707814
61707476
61707430
61707615
61707602
61709067
61708289
61709023
61707250
61708535
61709326
61739818
61708269
61709788
61739949
61708184
61709662
61708064
61708171
61709581
61707451
61740229
61708468
61709675
61708140
61709448
61709846
61708639
61709678
61709943
61710119
61708440
61709862
61708986
61709791
61710085
61710312
61709055
61710295
61708660
61710569
61710884
61709823
61710244
61709887
61709959
61710678
61710505
61709867
61710366
61711071
61710844
61710025
61709048
61710644
61710843
61708768
61710046
61709115
61709319
61710888
61710382
61711033
61709044
61710322
61741589
61709797
61711190
61741665
61709985
61711371
61710705
61710939
61711277
61741485
61710011
61711179
61741484
61710035
61711137
61712968
61711147
61711445
61741443
61710619
61711373
61709342
61711622
61710973
61709636
61711289
61711903
61710982
61711704
61711503
61709642
61710675
61711770
61709643
61711006
61711580
61742235
61710446
61711788
61742335
61710593
61711903
61742272
61711664
61711134
61711326
61742064
61711994
61711930
61710064
61711699
61710385
61710188
61711928
61712212
61710630
61711851
61712083
61710348
61712071
61712700
61712663
61712205
61712458
61710715
61712366
61713073
61711219
61710913
61712639
61712110
61712528
61713160
61712996
61711405
61712657
61742850
61711675
61712811
61711317
61712471
61712907
61710968
61711184
61712740
61711700
61711511
61712921
61711446
61712600
61712845
61712676
61713175
61711078
61743616
61711821
61713118
61743434
61711804
61713131
61743209
61712023
61713149
61743393
61713292
61713546
61712659
61743701
61712763
61712929
61712821
61711781
61712077
61713617
61711829
61713542
61713880
61713246
61713921
61711640
61712485
61713794
61744028
61712906
61713921
61713905
61713686
61714096
61744519
61712679
61712516
61714234
61714126
61744426
61713267
61714414
61744768
61713138
61714510
61745008
61712997
61713035
61714347
61714820
61714031
61712848
61714520
61713374
61712971
61714404
61713067
61714353
61714759
61714932
61745064
61713755
61745314
61745325
61714264
61714423
61714438
61715201
61715178
61745344
61714908
61713911
61713389
61745598
61714319
61715384
61715545
61713760
61715405
61715719
61713387
61715562
61713464
61715759
61715801
61713683
61715607
61714080
61745932
61715576
61715781
61713885
61715890
61716236
61746472
61746642
61714590
61716414
61715158
61715108
61715287
61714533
61746803
61716625
61716511
61716723
61714833
61717031
61716621
61746779
61715860
61716006
61715976
61716900
61716861
61746949
61715701
61715236
61715145
61716943
61717029
61715275
61716943
61716979
61717240
61717381
61715743
61717401
61716280
61717200
61717585
61717546
61715952
61717191
61717392
61716719
61717191
61717540
61717858
61715947
61717595
61716491
61716049
61717632
61716331
61717434
61717635
61717953
61716161
61717673
61717971
61717441
61717697
61716438
61717719
61717762
61717302
61716893
61717065
61718320
61716241
61717636
61717757
61717697
61717254
61718410
61716481
61717694
61718530
61748747
61717910
61718674
61748891
61718019
61718745
61749368
61718735
61716932
61718989
61718722
61719084
61717221
61718818
61717045
61718596
61718984
61718613
61718926
61719336
61749467
61719355
61719305
61717264
61718238
61749617
61749437
61749569
61718659
61719533
61719562
61719560
61720114
61749905
61717554
61717299
61717920
61718446
61719594
61720031
61750169
61719028
61719141
61718785
61750565
61718791
61718731
61719983
61719359
61719742
61720524
61719139
61720451
61718631
61718863
61720450
61750849
61718979
61720426
61750606
61719273
61720546
61750849
61718321
61720294
61720345
61718559
61720614
61720806
61719259
61718733
61720531
61720716
61720344
61720565
61718830
61720813
61720890
61719394
61720808
61751079
61719606
61721003
61719130
61719271
61721195
61721398
61721118
61751516
61720065
61721446
61721244
61721641
61721044
61721330
61721644
61751932
61720252
61721579
61723208
61719604
61719804
61720083
61721623
61719899
61721601
61720028
61721315
61722057
61719692
61721989
61721663
61751814
61720438
61720274
61721578
61721752
61719856
61722043
61721382
61752269
61720821
61722145
61752285
61720656
61721738
61720610
61720324
61721907
61722242
61720546
61722078
61722496
61721095
61722010
61722552
61720448
61722557
61722401
61721817
61722259
61722381
61721366
61722304
61722708
61720810
61721702
61722087
61720790
61721703
61722995
61720878
61722933
61723031
61723062
61723307
61721527
61723038
61723376
61721598
61753870
61722057
61723519
61721937
61721872
61723482
61723718
61721971
61723581
61722157
61723514
61723741
61722155
61724065
61724130
61723425
61724085
61723791
61722492
61723810
61722306
61722674
61724217
61754782
61723125
61723543
61723481
61724486
61724396
61722398
61724599
61724421
61724789
61755115
61723561
61724644
61722451
61724662
61724360
61722940
61724217
61754914
61723339
61724643
61754952
61723640
61724584
61755071
61723526
61724789
61754834
61723725
61724801
61724136
61723312
61724639
61723614
61725091
61755196
61723887
61725061
61755417
61755298
61724901
61724952
61724507
61723566
61725197
61723808
61724945
61725279
61724376
61723703
61724157
61725238
61725603
61723629
61755810
61725640
61725806
61723692
61725288
61725547
61725654
61725837
61756308
61724663
61725789
61756158
61724708
61724952
61726129
61756289
61725208
61726454
61726063
61724661
61756703
61724839
61726457
61726336
61756562
61725593
61726329
61726982
61726572
61726761
61756992
61725608
61726877
61757055
61726037
61727165
61725430
61726563
61726819
61726223
61726608
61726867
61725153
61726476
61727345
61757282
61726094
61727486
61725198
61726986
61727180
61726151
61726923
61727203
61726478
61727122
61727272
61726251
61727548
61757794
61726268
61726358
61727573
61725757
61727769
61727803
61726682
61725813
61726403
61726720
61728249
61758292
61727052
61728204
61726224
61727209
61728362
61726444
61727380
61728547
61727793
61728092
61728802
61728889
61728571
61759056
61726901
61727477
61728873
61758830
61727725
61729066
61759267
61727667
61729083
61759266
61727804
61729080
61759329
61728074
61729155
61728466
61728019
61759821
61728101
61729395
61727640
61729302
61727985
61729153
61729494
61729689
61728130
61729604
61728044
61727970
61728413
61729782
61760170
61728772
61729977
61730060
61760339
61728808
61729982
61760354
61728901
61729247
61730318
61728222
61730358
61730923
61729002
61730271
61730446
61728581
61761168
61729304
61730772
61760842
61730808
61730290
61729410
61729229
61728696
61761206
61729692
61730914
61729736
61729294
61729581
61731151
61761173
61731290
61729849
61731098
61730925
61730434
61729354
61729876
61729861
61731017
61729016
61730352
61731287
61733155
61729370
61729656
61731389
61731703
61731580
61761988
61730419
61730915
61731512
61731765
61762134
61730411
61731837
61730073
61738935
61739249
61738641
61739205
61738068
61739472
61769871
61769944
61738372
61739381
61738004
61739715
61739771
61738093
61739371
61739421
61737994
61739236
61739519
61739680
61770049
61738181
61738321
61738098
61770098
61738625
61739997
61770363
61738649
61740048
61770508
61738539
61739982
61770279
61739252
61739879
61738830
61738293
61738644
61738731
61739088
61770314
61738971
61739974
61770296
61738875
61739510
61740275
61770524
61770663
61740405
61740188
61740565
61770964
61770672
61739493
61740641
61739761
61740215
61740433
61739071
61738923
61739244
61740690
61771088
61739555
61740555
61740867
61739010
61740634
61739632
61739126
61740745
61738817
61739825
61741022
61771327
61739936
61741126
61771334
61740086
61741274
61739061
61741266
61740160
61741037
61741083
61771624
61741358
61741216
61739314
61741118
61741309
61741518
61771935
61740358
61741590
61771890
61740191
61741385
61741801
61739727
61741402
61741641
61740612
61741495
61740426
61741723
61739722
61740861
61741607
61741818
61739970
61741768
61742536
61742085
61741827
61742999
61743560
61774103
61742963
61743686
61743051
61742343
61743895
61742149
61743985
61744323
61742896
61744337
61744634
61744785
61744608
61743179
61743434
61745015
61743241
61744899
61745097
61743319
61744981
61745248
61775673
61744133
61743759
61745284
61745274
61744816
61745034
61745185
61743448
61744110
61745273
61775809
61743936
61745187
61745396
61775616
61743622
61744171
61745645
61776059
61744647
61745980
61743860
61744228
61745822
61744613
61745703
61745972
61745453
61744965
61744952
61744880
61743920
61776521
61745269
61745093
61744158
61776962
61745486
61746874
61777183
61745503
61746707
61777123
61746189
61746912
61746127
61746613
61746893
61745762
61746685
61746992
61745504
61745290
61747016
61745522
61745863
61745175
61746884
61747043
61745537
61747170
61747110
61745630
61745977
61745954
61747056
61747336
61746548
61745797
61746118
61746298
61747629
61746392
61778098
61746480
61747702
61778077
61746757
61747830
61745920
61745887
61746597
61747966
61778322
61746594
61746365
61746154
61747955
61746865
61747683
61747935
61747330
61747909
61748076
61746384
61746527
61748073
61748021
61746954
61746338
61746832
61748269
61748144
61746071
61746493
61746759
61748353
61778645
61747074
61748269
61748352
61746252
61748726
61748277
61746932
61746712
61747254
61748581
61778542
61747347
61748428
61747230
61748297
61748661
61746902
61779260
61747605
61748328
61747494
61748712
61778992
61747516
61748881
61779216
61747728
61748914
61779191
61748045
61748272
61748030
61748421
61748698
61747336
61748538
61748647
61748781
61748422
61748382
61748778
61748954
61779084
61779150
61748207
61749083
61779174
61749219
61749338
61747409
61747379
61747593
61749324
61747335
61749007
61747704
61747496
61747963
61749353
61747712
61747944
61749487
61779838
61748795
61748876
61747874
61747221
61747828
61748415
61749589
61779945
61748838
61749688
61780159
61780208
61749169
61749766
61780211
61749685
61749995
61750105
61780408
61748805
61750129
61780285
61748966
61750596
61748889
61748462
61748881
61748670
61750474
61780873
61749167
61750559
61748428
61750151
61750201
61750440
61780584
61749213
61750435
61780771
61780680
61750969
61750642
61748627
61751037
61750582
61750941
61781340
61749617
61750859
61748841
61750511
61750641
61749207
61749140
61781173
61781439
61749683
61750918
61751018
61749734
61749338
61749672
61751190
61781719
61750081
61751094
61781319
61749972
61751337
61750426
61749471
61749309
61750036
61751261
61781379
61751229
61751507
61749821
61781815
61750194
61751323
61781495
61751632
61751217
61749955
61749615
61750034
61749499
61749615
61750212
61751608
61781791
61750212
61751475
61782018
61750349
61751721
61781989
61750554
61751790
61781869
61750818
61752084
61752373
61750829
61750309
61782318
61750946
61752123
61751827
61752037
61782590
61750869
61752207
61749984
61752236
61752285
61752345
61750601
61752324
61752455
61752203
61752344
61751730
61752100
61751219
61752772
61783114
61751517
61752868
61782985
61751964
61752680
61752546
61752662
61783012
61751406
61752838
61750603
61752787
61753073
61751353
61752534
61752673
61751467
61751255
61751614
61752928
61783341
61783357
61753092
61753067
61753163
61783537
61751952
61753196
61752432
61751413
61753160
61753396
61783466
61752045
61753273
61783442
61752202
61752604
61783499
61753587
61753415
61783682
61753625
61753325
61752081
61751586
61753213
61751760
61751535
61753234
61751791
61751583
61783304
61752179
61753227
61752642
61753084
61753946
61753798
61784207
61752395
61753755
61752168
61753681
61752490
61753889
61751960
61753535
61753805
61754164
61752355
61752795
61754171
61784234
61753165
61754229
61752149
61754043
61754226
61752222
61752508
61754077
61754313
61784730
61753026
61754347
61753416
61752287
61752720
61753232
61754501
61784891
61753468
61754153
61754542
61754634
61785099
61753440
61754624
61784899
61753580
61754589
61784820
61753618
61754709
61785127
61753666
61754911
61756499
61784874
61754378
61755155
61785208
61785237
61753967
61754939
61753907
61785738
61754047
61755404
61785667
61754719
61754550
61755298
61755414
61754291
61785974
61754318
61755593
61753603
61754611
61755604
61753685
61755855
61756118
61754790
61754944
61753996
61754439
61755664
61753663
61755525
61755709
61755918
61786410
61754700
61756113
61786287
61754684
61756079
61755914
61756287
61786573
61755817
61754480
61756221
61756163
61754998
61755249
61756611
61756079
61756709
61756445
61756624
61787146
61755456
61756780
61756540
61754709
61756486
61756557
61755182
61756374
61756643
61755587
61756566
61755535
61756976
61787279
61756250
61756960
61756928
61755159
61757240
61757116
61756097
61757049
61757296
61755432
61755762
61755802
61756248
61757842
61755965
61757705
61758031
61788500
61756796
61758045
61788334
61756919
61758267
61788708
61756916
61758417
61788652
61788087
61757307
61758022
61756977
61756283
61758009
61757055
61757720
61758051
61758174
61788458
61757522
61758290
61758441
61788967
61788489
61756684
61757141
61758359
61758211
61756342
61758123
61757030
61758546
61758592
61756479
61757431
61758576
61758785
61756945
61758566
61756724
61757047
61758542
61757602
61758307
61758740
61759085
61789224
61757683
61758983
61756947
61756693
61758542
61759171
61757001
61758577
61757662
61759178
61789475
61757930
61759226
61789440
61758233
61759250
61757300
61759494
61759833
61758060
61759448
61789478
61758142
61759469
61757685
61757811
61758090
61759596
61789743
61759518
61759329
61757910
61789785
61758238
61759517
61789878
61758378
61757948
61759150
61759532
61759797
61790079
61759770
61758391
61758112
61759720
61789888
61758597
61759220
61758003
61757994
61758421
61759790
61789975
61758749
61760004
61790226
61790070
61759995
61759830
61757985
61759858
61759974
61760231
61760488
61790841
61759158
61760365
61758463
61758861
61790332
61760387
61760256
61758347
61758742
61759311
61758878
61790834
61759357
61760397
61759325
61758856
61759173
61760678
61758699
61758495
61759335
61760527
61760688
61790788
61759975
61760766
61791015
61759823
61760848
61760119
61761107
61760545
61760989
61759920
61759499
61761185
61761383
61791684
61760193
61761523
61791788
61761693
61761558
61760277
61759764
61761364
61761538
61761424
61791954
61760336
61761744
61761011
61761507
61761697
61761821
61792107
61792069
61761134
61761181
61759747
61761548
61761845
61762180
61760282
61761995
61762238
61792595
61760949
61762246
61792421
61761106
61762412
61762234
61762590
61792801
61761219
61762653
61760940
61762414
61762825
61793157
61761672
61762976
61793036
61762997
61762921
61762094
61761504
61793095
61761449
61762619
61792836
61762617
61762222
61762679
61762904
61793214
61761598
61761872
61762851
61760970
61763017
61762892
61763149
61793392
61761891
61763173
61761220
61762882
61763175
61763435
61793515
61793425
61763137
61763376
61761713
61793854
61762347
61763620
61761737
61794176
61762325
61763745
61794171
61762705
61764002
61794317
61762742
61764039
61762014
61762594
61763810
61762740
61761766
61763648
61763907
61762131
61764284
61763910
61762916
61763635
61763993
61764230
61794405
61762984
61764353
61763885
61764168
61764247
61764450
61794671
61764327
61764351
61762727
61794847
61763277
61764649
61762378
61764337
61764540
61762758
61762886
61763162
61764552
61794903
61763292
61764948
61764789
61794862
61764798
61764071
61764048
61764387
61763329
61764855
61795172
61763535
61764850
61795418
61764333
61763656
61763636
61773354
61771336
61773421
61773599
61772757
61773512
61773439
61773261
61773521
61771737
61772102
61773621
61771629
61773308
61772367
61772223
61771607
61771943
61772274
61773865
61771655
61773535
61772343
61774033
61804007
61773023
61773438
61773121
61773786
61773220
61773614
61773927
61774139
61772344
61804471
61773299
61774039
61804141
61773286
61774030
61772851
61804587
61772394
61772940
61773044
61774416
61774332
61772565
61804342
61773254
61774434
61773854
61774637
61774459
61774800
61805110
61773764
61774168
61774005
61774532
61774613
61774791
61774667
61805021
61773517
61774967
61773149
61805186
61775018
61774853
61774912
61805362
61773947
61774977
61774342
61774886
61775107
61775394
61773450
61774136
61773927
61775042
61775347
61773830
61774195
61775826
61774005
61775502
61775708
61775373
61775554
61776008
61774104
61774743
61776019
61806054
61775387
61775982
61777622
61806252
61776392
61776278
61774232
61775296
61776511
61776202
61775146
61774629
61774973
61776462
61806556
61775381
61776373
61774913
61776617
61776411
61776616
61774790
61775267
61776690
61775811
61774894
61806860
61776569
61776377
61775015
61774862
61775059
61776500
61774924
61806984
61775820
61776336
61774753
61775532
61807185
61775700
61776826
61774954
61776513
61775465
61776882
61807426
61775721
61776925
61774999
61775255
61776852
61775733
61775886
61807368
61776036
61776994
61776308
61776801
61775804
61777282
61807278
61776119
61777265
61775336
61807492
61777526
61777436
61777690
61775690
61776033
61777632
61807908
61776799
61777501
61777561
61808030
61776350
61777516
61776824
61777282
61777394
61777718
61777529
61807741
61776873
61777610
61775705
61777414
61776294
61777888
61808096
61776555
61777858
61808233
61776767
61778199
61775858
61777683
61778295
61778055
61808334
61777423
61777757
61777852
61778190
61808583
61777033
61778334
61808829
61776986
61778550
61808949
61777648
61777737
61777680
61808879
61776251
61778473
61779022
61777265
61809005
61777906
61778735
61809010
61778101
61778943
61778128
61809052
61778072
61778758
61776910
61779002
61779435
61777604
61778886
61778846
61809577
61777806
61779203
61809279
61777828
61778556
61777671
61777405
61778059
61779244
61809582
61778006
61779306
61779262
61777886
61778896
61779812
61779750
61779183
61779282
61779746
61809940
61779022
61779579
61777637
61778250
61777894
61778323
61779856
61810166
61778659
61779997
61810256
61779301
61780307
61778051
61780061
61780591
61778808
61778498
61780043
61780328
61778410
61810347
61779128
61780283
61779543
61778479
61778769
61778748
61778388
61780236
61780348
61780444
61810699
61779781
61780333
61779227
61780450
61810924
61779276
61780442
61779702
61778727
61780385
61779140
61778885
61779414
61780591
61778764
61780836
61781199
61781005
61811091
61778545
61780588
61779605
61779374
61779282
61780930
61781029
61811594
61779826
61780965
61781195
61811519
61780094
61781145
61811555
61780552
61781241
61811485
61811228
61779644
61781340
61780332
61812146
61780386
61780212
61780069
61780643
61781857
61779743
61781951
61781214
61780705
61780107
61780680
61781868
61812206
61780695
61780711
61782151
61782125
61812411
61811923
61781711
61780864
61782227
61812602
61781177
61782316
61812652
61782126
61782420
61781326
61780762
61781428
61782636
61780535
61782900
61782037
61780532
61782425
61782540
61781641
61782517
61812842
61781692
61782810
61782036
61782935
61782920
61781095
61813230
61781884
61783175
61781051
61782698
61782930
61781925
61781443
61781718
61783296
61813473
61782085
61783427
61813610
61782573
61783283
61783325
61782211
61781650
61782182
61783668
61813896
61782258
61783541
61782194
61781839
61782354
61783597
61813924
61813918
61782606
61783790
61781816
61783710
61783822
61784031
61784281
61784373
61785064
61785912
61816222
61785749
61784680
61786028
61786372
61816773
61785702
61786371
61786594
61788155
61784611
61816581
61786698
61786481
61785272
61786700
61817051
61786854
61786724
61786841
61817192
61787126
61787148
61785617
61785689
61786174
61787583
61817717
61787548
61787293
61787437
61787477
61785373
61787435
61787420
61786046
61785854
61786540
61787465
61787531
61787713
61818027
61786677
61786370
61786439
61788020
61787313
61786216
61786881
61788010
61786809
61818572
61786750
61787957
61786412
61818300
61786912
61788027
61786619
61785797
61818635
61786950
61788280
61786300
61786569
61787156
61788435
61787427
61786713
61787361
61788538
61818591
61788619
61787000
61788383
61787793
61788306
61788301
61787322
61788752
61788755
61818833
61787524
61788661
61789053
61819149
61788994
61788674
61788963
61819457
61818963
61788741
61788592
61787729
61789155
61819557
61787598
61788137
61789335
61788251
61819670
61789126
61789265
61789661
61789784
61789554
61787526
61820054
61788200
61789832
61789834
61820257
61788606
61789899
61789830
61789889
61787703
61789480
61789788
61790103
61820381
61788820
61788911
61790139
61789450
61788557
61789090
61790395
61789045
61790021
61789179
61790485
61790184
61790281
61820622
61789217
61790288
61790443
61820834
61789344
61790106
61788619
61789014
61789652
61790815
61791138
61821225
61789732
61789395
61789499
61790805
61789610
61821212
61790084
61790831
61790850
61821164
61790032
61791017
61821183
61791307
61791107
61791275
61790514
61789906
61821800
61790480
61790051
61791627
61789746
61821769
61791546
61791303
61791603
61821786
61791691
61791574
61791660
61821864
61791897
61791640
61791876
61790331
61791860
61792045
61822432
61791349
61792000
61791274
61790480
61790948
61792254
61790469
61791919
61822425
61791857
61792113
61792526
61790413
61790746
61791255
61792472
61791139
61823003
61791085
61792586
61791018
61790905
61791589
61792626
61791205
61792416
61790385
61792264
61792592
61792726
61822854
61792959
61792668
61792975
61823077
61791600
61792744
61793096
61790829
61823134
61791352
61791829
61793290
61792561
61792569
61823632
61823659
61823669
61823523
61823742
61823972
61793580
61793395
61793730
61793531
61791458
61791853
61792529
61793822
61793671
61823977
61792655
61793284
61792170
61824293
61792629
61793857
61791955
61824432
61792784
61793575
61793708
61793968
61824167
61794092
61794084
61794106
61824547
61793610
61794112
61792728
61794065
61794373
61794534
61824998
61794884
61794532
61794795
61794585
61793315
61825095
61793437
61793620
61794814
61795081
61793049
61795128
61794877
61795277
61825592
61793821
61794410
61793093
61793494
61794119
61794183
61795357
61793899
61825965
61794548
61795180
61795402
61825548
61794703
61795660
61793895
61825922
61794138
61795503
61793529
61826065
61794474
61795855
61793810
61795831
61795693
61795725
61825983
61795278
61796070
61794819
61794143
61794829
61796108
61794584
61794366
61794160
61794768
61795976
61796300
61794247
61826355
61795947
61796159
61796359
61826662
61795046
61796458
61794406
61796030
61795327
61796585
61795626
61826980
61795281
61796662
61795775
61794756
61795131
61796639
61796453
61795393
61827045
61795892
61796589
61796910
61796810
61795295
61795272
61795569
61797036
61796527
61796710
61796031
61797143
61795268
61795548
61795865
61797384
61827625
61797092
61796071
61797607
61796821
61797400
61795297
61797245
61797455
61797648
61827604
61797755
61797692
61796373
61828162
61796608
61797839
61795835
61796237
61796534
61797893
61828124
61796709
61797845
61796708
61798137
61797265
61828540
61797956
61796830
61798127
61797095
61828882
61797044
61797982
61798085
61797133
61798470
61798197
61798583
61796568
61796970
61798018
61798667
61798767
61828853
61797719
61798553
61798765
61828971
61797735
61798786
61797340
61797235
61797562
61799092
61797111
61796693
61829304
61798843
61797716
61797947
61798207
61799293
61829605
61798090
61798289
61797932
61799219
61799534
61829759
61799580
61799374
61798021
61799582
61830010
61799631
61797886
61798613
61799827
61799108
61798151
61829877
61800102
61799732
61800047
61830543
61799195
61799893
61798883
61800220
61798710
61798526
61799137
61800455
61800319
61830541
61799101
61800240
61800498
61798741
61830847
61799340
61799259
61800569
61799814
61798895
61798972
61799658
61800674
61800877
61831089
61800577
61799577
61800904
61800107
61831374
61799531
61800810
61800840
61800929
61831155
61800585
61799496
61800961
61831328
61799565
61800856
61799587
61831488
61799813
61800955
61798900
61801096
61831329
61801292
61801103
61801243
61831289
61800476
61801394
61799855
61831760
61800157
61801430
61799535
61799773
61800092
61801674
61831851
61801560
61801443
61801706
61801353
61801689
61831738
61801402
61801495
61801659
61800915
61800111
61801057
61801579
61801963
61800152
61800763
61802087
61800551
61802091
61801370
61832706
61800976
61802153
61800662
61800784
61802421
61802555
61800396
61802034
61802716
61833020
61802861
61802642
61802832
61833159
61802160
61802883
61800906
61802540
61802748
61803022
61833119
61802843
61802890
61802515
61802990
61803306
61833665
61802095
61803299
61801311
61803028
61801956
61803486
61833679
61803225
61803456
61802124
61803447
61801381
61801059
61801721
61802380
61802979
61803677
61834223
61802565
61803745
61802468
61801986
61802405
61803819
61834356
61802642
61802807
61802432
61804034
61802516
61834583
61803186
61803235
61804096
61804448
61804444
61834957
61803574
61804464
61803209
61802882
61803459
61804820
61804974
61834773
61803323
61802893
61803501
61804780
61804641
61835045
61803704
61804279
61803523
61803237
61803630
61805085
61835233
61804126
61805113
61805370
61803262
61803214
61835671
61804519
61805246
61805418
61805577
61803261
61803680
61804010
61805344
61803528
61836029
61804248
61805668
61815009
61845123
61814821
61815021
61815264
61813452
61813426
61814034
61815160
61814559
61813601
61814140
61815362
61814276
61845860
61814715
61815465
61815505
61845804
61815015
61846241
61814440
61815778
61814165
61846305
61814633
61816032
61813918
61815518
61814566
61815979
61846324
61814782
61816517
61816200
61846320
61814937
61815920
61814844
61816202
61814232
61816406
61816336
61816478
61846700
61816469
61816202
61816482
61846892
61846545
61814782
61815742
61846953
61815299
61816227
61816505
61846944
61816285
61815323
61815990
61816627
61816740
61816579
61815175
61847020
61815943
61814702
61847264
61816067
61847376
61847017
61817052
61814860
61814875
61847385
61816376
61816989
61817182
61847383
61816050
61817042
61815530
61815492
61817360
61817533
61847886
61816284
61816941
61815361
61815971
61816480
61817152
61817645
61816644
61817947
61815841
61848451
61816782
61817442
61816613
61848415
61816805
61818098
61816115
61818042
61818142
61818300
61848675
61848382
61816417
61848892
61817765
61818330
61817107
61816735
61816932
61848708
61818318
61817442
61818759
61816501
61817012
61817288
61818800
61817300
61849084
61817699
61848867
61848982
61818780
61818036
61818692
61818979
61816852
61817117
61817581
61818806
61818182
61817139
61848998
61849472
61817979
61818962
61819235
61849489
61818103
61819509
61818008
61818016
61849838
61819539
61819310
61819584
61850076
61818298
61819543
61819266
61818504
61820129
61819775
61850249
61819054
61819421
61820133
61819971
61818751
61820085
61818269
61818606
61818407
61819505
61850595
61820241
61820353
61820529
61819242
61820453
61820727
61851227
61819496
61820601
61819443
61820683
61820923
61819378
61819256
61819891
61820993
61821271
61819085
61851429
61820064
61820976
61821150
61820338
61851722
61819834
61821288
61851529
61821454
61820854
61851555
61821081
61819998
61821562
61819628
61821773
61821867
61852003
61820533
61821334
61820025
61820831
61821703
61820036
61820593
61821821
61821194
61852544
61822186
61821837
61822022
61852522
61821329
61822161
61822320
61852579
61821062
61822246
61822359
61822363
61822390
61820965
61821366
61822553
61821226
61852905
61821275
61822507
61822532
61852862
61821559
61822655
61852851
61822790
61822619
61822933
61821404
61821624
61820957
61822463
61822645
61820924
61821085
61822527
61821677
61822382
61820912
61822798
61821699
61823293
61853561
61822312
61823335
61822584
61821551
61822104
61823482
61821379
61853904
61822814
61823514
61822672
61823233
61853530
61853775
61823400
61822372
61823871
61853990
61823877
61824082
61823934
61823139
61822171
61822799
61823986
61853962
61822905
61822117
61854258
61823942
61822690
61823600
61823933
61854283
61822953
61824567
61824047
61854611
61823017
61824126
61822262
61824401
61824387
61824555
61854636
61824307
61822998
61823374
61824582
61823283
61823000
61824744
61823494
61823118
61823753
61824855
61822959
61823194
61823508
61825048
61823015
61824646
61823769
61825103
61855490
61824558
61825269
61823727
61855633
61824270
61825291
61823863
61824643
61825251
61825388
61824705
61855972
61824730
61825286
61824111
61823906
61824322
61825688
61824947
61824842
61824389
61824552
61825728
61824368
61856291
61824846
61825780
61825785
61823770
61825660
61824715
61826036
61856507
61826209
61826290
61826312
61856596
61825661
61826323
61825175
61826482
61826654
61826337
61825399
61826552
61824599
61856787
61825657
61824570
61856777
61824909
61825520
61826598
61825371
61857213
61826813
61826632
61826878
61857226
61826216
61825757
61857563
61825839
61824969
61857785
61827475
61827130
61827550
61857805
61826111
61827383
61826273
61857722
61826658
61827433
61826004
61858096
61857595
61827663
61857640
61827764
61827524
61827757
61858019
61827071
61827682
61826982
61827502
61826560
61827977
61826003
61828088
61826643
61828108
61826014
61827771
61826669
61828239
61858381
61858445
61827904
61826853
61828019
61827010
61827237
61827897
61828681
61858812
61828395
61828459
61828727
61859013
61827664
61828827
61827197
61859169
61827891
61827339
61829038
61827199
61827837
61829116
61828445
61828773
61828927
61829364
61859719
61828422
61829567
61829382
61859502
61828076
61829178
61828021
61829209
61827910
61829617
61827398
61829124
61828189
61829534
61828841
61860122
61828505
61829821
61829027
61829550
61828475
61830169
61860375
61828256
61828745
61830038
61830013
61830062
61830094
61830221
61830195
61830121
61830123
61830287
61829034
61828702
61829382
61828253
61860691
61829212
61830243
61830551
61828617
61828917
61830390
61830474
61828435
61828837
61829227
61830907
61828547
61830410
61829420
61830843
61830551
61830603
61830903
61861303
61829845
61831046
61830428
61829518
61830000
61831204
61829748
61861526
61829956
61831300
61830546
61829427
61829466
61861627
61830096
61831206
61831531
61861590
61831180
61830169
61831565
61830747
61829803
61830478
61831578
61830346
61831650
61831698
61861893
61831148
61831643
61831705
61832001
61831688
61831945
61833397
61831798
61831710
61830665
61862486
61831890
61833313
61833686
61863831
61834011
61833825
61834098
61864304
61832921
61834241
61864567
61833597
61833558
61832878
61834272
61834484
61864747
61833833
61834539
61832562
61833967
61834782
61832870
61835020
61834803
61834975
61833433
61833781
61834025
61835414
61834858
61833625
61865583
61834134
61835661
61834151
61866047
61835731
61835633
61834284
61833983
61835491
61835803
61835535
61835824
61866089
61835165
61835957
61866257
61835044
61836112
61836184
61834791
61836026
61836120
61834770
61834425
61833927
61866454
61835066
61836055
61835404
61836096
61834990
61836458
61866761
61835656
61835662
61866521
61835444
61836385
61836568
61835238
61835389
61836443
61834517
61835315
61837105
61835349
61867097
61835562
61836705
61836550
61836780
61835550
61836834
61836818
61836156
61836700
61836884
61836916
61837186
61867568
61835851
61837166
61867595
61836112
61837207
61837279
61867588
61836899
61837202
61835441
61835707
61837196
61867852
61836148
61837245
61836546
61835626
61837818
61837705
61837494
61837714
61837882
61837394
61837606
61835479
61836282
61837638
61836517
61836062
61837605
61836679
61837489
61837922
61836585
61837941
61838066
61836961
61838009
61838303
61837671
61836512
61837215
61838691
61868637
61837459
61838827
61838736
61869163
61837447
61838696
61869131
61838719
61838596
61838846
61869149
61837686
61838821
61836888
61838464
61838771
61869389
61837792
61838927
61839058
61869325
61837706
61839075
61869584
61837973
61839099
61837357
61838857
61839213
61839412
61869968
61838184
61838193
61837723
61838328
61839461
61839513
61837690
61837944
61838298
61839688
61870025
61838589
61839862
61869959
61838668
61839895
61837983
61839668
61840266
61838494
61839957
61840083
61837999
61839890
61840173
61838059
61839788
61838751
61840198
61838729
61870792
61839030
61840308
61838895
61840417
61839513
61840318
61870553
61839220
61840356
61839526
61839926
61840334
61839215
61838719
61839159
61840628
61871046
61839238
61840931
61840575
61840584
61841007
61870878
61840844
61841129
61840915
61871383
61839625
61841362
61871338
61840417
61840023
61840998
61839579
61840807
61841000
61839376
61841007
61841315
61871773
61839885
61841578
61839355
61840992
61841211
61839990
61839683
61840091
61841508
61840213
61841374
61840343
61841922
61841662
61872259
61840563
61841799
61841025
61841480
61841654
61841925
61872244
61872155
61871860
61841535
61841644
61841867
61871844
61841865
61841719
61840993
61840049
61841738
61841139
61840783
61842069
61840818
61872428
61840687
61842294
61872607
61841234
61842069
61872334
61841023
61842374
61872428
61840862
61842297
61841095
61841007
61841100
61841197
61842830
61842556
61872949
61840369
61841778
61840807
61872934
61842318
61841468
61842732
61873024
61840872
61873376
61842745
61842762
61843090
61873549
61841920
61843162
61842374
61842895
61843130
61841769
61843389
61843362
61843734
61843512
61843564
61873966
61842414
61843575
61874014
61842596
61843653
61841570
61843888
61843839
61843894
61842079
61843661
61842320
61842136
61843733
61843736
61842736
61844159
61874234
61844278
61844571
61844284
61842643
61874445
61874586
61843513
61844683
61874809
61843551
61843679
61844535
61844693
61875151
61842875
61874939
61843584
61845193
61844727
61875078
61843526
61844976
61875105
61843820
61845164
61875207
61844418
61845240
61875566
61844610
61844745
61845580
61843958
61845637
61875808
61844808
61845712
61844489
61843929
61845690
61843887
61844039
61845728
61844462
61876179
61844648
61845876
61843953
61876348
61845448
61846140
61876491
61846389
61846237
61846528
61876632
61876219
61844202
61844584
61845264
61846245
61844343
61846205
61845195
61846864
61844502
61846755
61846702
61846424
61845607
61846767
61846919
61846902
61877256
61846118
61846807
61846193
61845341
61846890
61847236
61877418
61845820
61847102
61877504
61846066
61847397
61846520
61845668
61845968
61845656
61846105
61847378
61877697
61846546
61847029
61846952
61845909
61846085
61847739
61878208
61846527
61847921
61846719
61847343
61847548
61847992
61847775
61847897
61877930
61847126
61847233
61845896
61847738
61847966
61848140
61846331
61846699
61848167
61878333
61847390
61846977
61847335
61846889
61848219
61846395
61846439
61846882
61846845
61847934
61848271
61848609
61847342
61848388
61847729
61848201
61848382
61847086
61879124
61847509
61848645
61848031
61846994
61848448
61847254
61846961
61846841
61879096
61849044
61848129
61847765
61847718
61849155
61879041
61849298
61848751
61849236
61879063
61849091
61849374
61847604
61847872
61849101
61846980
61848781
61848856
61849054
61847354
61847753
61847965
61848074
61848986
61849453
61847369
61849430
61879725
61848546
61849383
61849618
61879763
61848370
61849687
61879987
61848606
61849728
61848879
61850343
61848623
61848199
61848848
61850127
61849326
61849746
61849971
61848514
61848704
61850312
61848362
61850239
61850142
61849162
61848635
61849072
61850519
61848402
61850288
61850462
61850623
61849237
61850417
61850456
61850668
61848833
61850811
61850152
61850669
61850791
61851119
61881638
61850014
61851246
61849149
61851155
61851712
61849470
61849681
61850162
61851457
61849778
61851175
61851428
61881472
61850528
61851309
61849452
61851153
61851348
61849697
61849737
61850054
61851262
61850867
61851628
61851685
61851682
61851998
61851988
61882283
61852120
61852036
61850209
61852035
61852123
61852345
61850622
61851182
61852458
61851584
61852165
61850942
61852202
61852322
61852756
61882896
61851480
61852391
61851194
61850785
61851468
61852639
61852753
61882964
61852056
61852821
61852591
61851787
61852963
61850879
61852974
61852983
61850961
61852779
61851526
61853222
61852209
61852729
61852838
61853211
61851478
61852102
61853423
61883538
61883591
61851625
61852379
61853267
61853704
61883982
61863430
61863654
61863563
61864107
61864066
61862837
61862656
61864301
61864561
61894966
61862145
61894788
61864613
61864243
61864330
61863244
61864688
61862537
61864279
61865010
61864740
61895259
61863440
61864887
61894991
61864892
61864700
61865035
61863543
61864768
61864865
61865122
61895303
61863952
61864970
61865046
61895513
61863944
61865025
61863109
61865208
61865148
61865501
61863637
61863679
61863343
61864980
61863545
61864193
61865500
61895585
61865167
61864133
61865625
61895688
61864916
61865758
61867405
61865677
61865881
61895890
61866071
61865943
61866147
61863661
61866096
61896421
61864946
61866042
61866305
61896697
61865684
61866182
61864130
61865917
61866152
61866262
61896691
61865395
61866326
61866104
61866201
61866464
61896761
61865677
61864812
61866633
61866417
61866626
61866733
61897249
61865758
61866692
61865260
61866465
61865444
61867032
61897218
61866322
61866950
61864949
61866952
61897293
61866903
61866119
61867513
61866620
61865580
61866033
61867413
61897596
61867538
61866982
61865596
61866739
61865607
61897945
61867844
61867688
61865629
61866815
61868339
61868028
61898419
61866878
61867980
61866089
61867845
61868012
61866770
61867913
61868319
61868405
61866521
61867659
61867769
61866704
61868130
61870026
61868280
61866893
61899006
61867232
61868589
61867768
61866868
61868641
61867859
61867112
61867185
61868659
61866686
61868481
61868223
61899224
61868779
61868611
61868700
61899287
61867420
61868984
61899237
61867811
61869108
61899194
61868856
61867675
61869167
61868000
61869014
61869199
61899419
61869358
61867748
61867493
61868105
61869284
61899505
61869226
61867378
61869142
61869299
61869562
61899821
61868406
61869758
61900017
61869028
61869796
61899958
61870068
61869498
61869948
61868135
61900210
61900287
61869411
61870174
61868085
61869767
61868896
61868679
61868495
61869058
61870265
61900294
61869573
61870391
61870434
61870288
61869036
61870250
61870330
61870606
61870639
61900935
61869520
61870710
61900948
61871026
61870880
61869774
61869190
61869538
61871029
61868933
61869573
61870918
61869395
61869829
61870061
61901282
61869827
61870984
61871158
61901341
61869825
61870909
61870354
61870631
61871027
61869675
61871114
61871126
61871227
61869905
61901647
61869992
61871446
61901727
61870136
61871616
61869612
61869918
61870304
61871481
61901711
61871450
61871854
61871722
61902076
61871132
61871880
61869903
61871618
61870573
61872191
61872005
61872144
61902056
61871192
61872058
61871202
61871650
61902084
61871903
61869782
61870190
61870541
61872036
61872173
61872181
61872391
61871545
61902384
61902392
61871856
61872238
61872465
61902915
61870867
61872376
61870882
61870668
61872295
61872555
61902719
61871775
61872625
61871823
61872254
61871329
61872800
61903042
61871592
61870525
61870872
61872293
61871221
61872794
61871423
61870987
61871482
61873097
61903435
61871907
61873131
61871239
61873003
61873163
61873307
61872922
61873247
61873396
61903691
61872202
61871764
61873015
61871554
61872087
61873275
61873535
61903835
61872202
61873922
61873638
61903884
61873575
61873338
61873571
61871674
61873370
61873555
61872125
61872774
61872240
61873496
61871799
61871883
61872353
61873944
61871844
61873579
61873023
61874022
61872417
61873827
61874159
61871987
61873463
61874377
61873559
61873945
61874252
61872911
61872703
61873098
61874626
61904900
61873407
61874615
61874712
61873173
61873660
61874438
61874803
61905123
61873916
61874112
61873249
61873370
61874211
61874558
61905282
61873133
61875174
61873555
61905136
61873426
61873996
61873032
61905704
61874489
61875076
61873177
61875310
61875220
61875456
61873380
61875503
61875947
61873906
61873721
61875074
61905712
61874353
61875542
61875966
61906222
61875123
61875912
61875222
61875688
61875923
61874720
61874312
61874704
61876210
61906264
61874996
61876395
61876155
61874850
61876350
61875065
61906680
61875090
61876199
61876387
61906517
61875145
61876314
61876646
61875552
61876252
61876287
61906685
61875246
61876385
61874909
61906990
61875415
61876349
61875291
61876933
61875590
61876791
61876933
61876978
61875797
61876810
61877057
61876976
61877068
61877146
61875947
61907675
61875939
61877106
61907208
61877255
61877130
61877248
61907596
61876208
61877054
61875710
61875652
61876004
61877506
61875858
61877382
61877557
61907944
61876366
61877622
61876017
61877614
61877582
61875775
61877361
61876412
61877794
61875723
61876029
61876305
61878052
61908105
61876764
61877753
61875991
61878148
61877898
61878032
61878204
61877926
61878285
61908416
61877122
61878515
61877060
61876612
61876915
61878648
61878407
61878668
61908885
61878823
61878341
61878074
61877324
61878681
61877280
61876823
61877369
61878648
61880353
61878611
61878851
61908986
61878252
61879160
61877036
61878179
61879099
61877101
61877346
61877660
61879215
61877221
61877834
61879179
61877907
61909832
61878160
61879658
61909700
61878414
61879600
61879852
61880935
61880920
61881115
61879693
61911845
61880489
61881685
61879742
61912281
61881199
61881807
61882023
61912145
61881324
61880511
61912547
61880510
61881182
61882399
61880671
61881026
61881609
61882786
61881613
61882756
61883022
61913333
61881979
61883081
61881721
61913794
61882537
61883369
61883477
61913704
61881671
61883160
61882451
61913704
61882449
61883033
61881730
61913810
61882117
61883291
61883387
61882696
61882209
61882901
61883583
61914033
61882554
61883644
61882768
61883305
61882448
61883670
61881700
61883412
61883944
61882552
61882382
61882966
61884065
61882225
61882500
61884316
61884611
61884303
61883157
61884615
61883947
61884388
61883433
61884548
61883157
61914939
61883471
61884535
61884659
61884476
61883278
61884598
61884804
61884866
61884844
61882781
61884432
61883480
61884743
61883575
61915383
61883708
61884925
61885074
61883896
61885048
61884368
61915621
61915303
61915439
61884201
61885202
61885349
61883951
61915863
61884191
61885241
61884223
61915814
61884171
61883842
61885577
61915644
61885100
61884244
61885558
61884831
61883860
61884392
61885761
61883634
61885490
61885704
61885865
61916022
61884034
61885030
61886103
61885987
61885090
61916266
61885030
61886047
61885918
61884727
61885931
61884598
61916439
61885363
61886049
61884949
61916534
61916504
61886160
61885276
61886381
61886927
61885168
61886372
61888264
61886437
61886588
61886644
61917046
61886854
61885371
61886815
61886126
61885147
61885581
61886895
61887181
61886076
61886950
61885668
61885272
61885856
61887247
61885076
61885467
61885703
61887258
61886360
61917687
61885975
61887190
61885213
61887168
61886072
61887448
61885375
61887333
61885488
61885314
61918133
61886407
61887581
61886274
61918217
61886804
61887639
61885707
61886091
61886565
61887817
61887002
61886208
61888104
61886136
61887173
61886624
61885948
61885879
61887233
61887996
61918063
61887520
61886520
61888028
61918125
61888075
61886696
61888180
61886688
61886452
61887015
61887451
61918693
61886126
61886917
61886444
61886775
61886502
61887161
61918849
61888415
61887313
61888736
61887332
61887063
61887653
61888824
61919311
61889055
61888866
61887612
61887839
61889157
61889110
61919386
61889296
61887752
61889337
61887192
61888843
61887853
61889002
61887567
61887191
61887980
61889367
61919471
61889430
61889364
61889396
61919627
61889521
61889455
61889746
61920084
61887939
61889705
61889669
61889688
61887574
61889523
61889751
61889871
61920193
61889839
61889749
61889931
61887721
61889652
61889816
61890166
61889439
61888019
61889708
61889041
61920749
61890545
61890335
61890718
61888634
61890400
61890629
61890752
61890067
61890636
61890965
61921021
61890187
61891129
61891143
61890628
61890389
61891047
61889674
61891145
61890279
61921810
61890124
61889975
61921471
61889641
61921381
61889983
61921481
61890052
61891319
61891651
61921919
61891936
61891559
61889870
61890189
61890174
61891867
61890535
61890586
61891208
61890803
61892116
61890751
61890937
61890740
61892211
61891672
61890496
61892165
61890953
61922870
61891227
61922802
61922823
61892718
61892526
61892949
61923147
61892199
61892922
61923163
61893294
61892938
61891342
61891461
61891621
61893393
61891371
61892855
61891906
61893473
61891516
61893238
61892565
61923631
61892216
61893663
61893685
61891903
61892603
61893783
61892534
61924246
61892568
61893536
61893346
61893761
61892416
61893794
61924289
61893814
61894039
61892022
61924331
61892560
61893927
61891842
61892083
61892765
61893864
61892587
61893836
61924019
61892632
61893742
61891835
61893681
61892804
61894018
61924286
61893774
61892870
61892161
61892251
61892310
61892909
61894371
61893144
61892745
61894419
61894532
61893155
61924837
61894748
61894508
61924924
61894327
61893427
61894820
61892992
61925309
61894101
61895043
61894966
61925338
61893645
61894747
61892770
61925218
61893715
61894259
61893364
61894970
61893859
61894951
61894973
61925368
61893980
61894892
61895251
61925449
61894084
61894996
61893923
61894968
61893730
61895290
61925421
61893578
61895175
61894580
61893986
61895403
61893252
61893803
61894083
61895396
61894506
61893640
61894152
61895493
61895030
61894399
61895475
61895834
61893591
61895522
61894474
61895907
61893814
61894542
61895850
61896188
61897623
61895871
61896155
61893894
61895657
61894715
61895916
61895050
61894246
61894741
61896143
61926237
61896224
61896134
61894710
61895825
61894842
61896061
61894049
61896308
61895027
61896409
61894361
61896282
61896346
61895015
61894670
61895522
61894968
61894975
61894436
61894794
61895429
61896582
61895301
61896728
61896798
61927218
61895802
61927128
61927337
61897141
61896925
61897172
61927170
61896717
61895717
61897006
61894991
61896981
61897052
61897360
61897177
61895779
61897287
61897204
61927616
61896201
61896974
61897615
61927834
61897618
61895857
61895828
61927845
61895735
61896357
61897777
61896150
61927918
61895903
61896445
61897824
61928127
61898045
61898003
61896661
61896291
61897339
61897895
61898152
61928528
61897515
61898272
61928533
61896560
61896994
61898273
61897720
61898199
61896988
61898490
61896516
61896548
61929147
61897384
61898647
61898768
61928924
61898523
61897041
61897046
61897105
61897853
61898985
61898973
61929237
61898461
61899376
61899469
61929588
61898122
61899210
61897270
61897725
61898301
61899474
61929685
61898817
61900181
61899749
61901344
61898288
61899759
61897666
61930137
61898484
61899716
61898637
61899688
61899979
61930303
61899978
61897859
61898110
61930620
61900247
61900058
61900281
61930333
61899039
61898936
61900111
61930144
61900059
61900132
61898977
61930467
61899427
61898165
61930708
61899261
61898879
61899058
61900335
61900415
61930804
61900547
61900348
61900509
61930895
61899492
61900553
61899295
61900490
61899395
61900210
61931202
61899762
61900782
61899554
61899368
61899842
61901235
61899778
61901248
61901458
61901456
61931623
61900170
61901326
61900712
61932036
61900277
61901400
61901551
61931709
61901262
61900409
61900834
61900430
61900499
61902019
61901653
61899978
61900439
61901779
61899799
61900140
61900765
61902027
61899988
61901616
61901717
61902206
61932485
61901316
61901968
61901292
61900280
61900925
61902081
61901954
61902176
61900049
61901935
61900839
61932478
61900711
61901083
61902311
61901635
61900703
61900650
61901776
61932931
61900957
61900804
61901399
61902610
61902587
61932762
61901566
61901222
61902790
61901991
61902717
61902952
61902898
61933088
61903177
61902971
61903265
61933447
61902488
61903645
61903229
61933576
61902225
61933338
61902540
61933811
61902630
61903166
61903415
61933523
61903065
61902041
61903444
61933452
61903062
61902041
61903462
61903351
61903475
61902793
61903207
61902372
61903607
61903642
61934086
61903050
61934253
61903845
61903628
61903752
61933975
61903661
61934286
61901866
61934387
61902553
61902918
61903388
61904277
61934240
61904406
61904067
61904228
61934472
61904493
61903035
61902969
61903933
61903565
61904425
61934560
61934894
61903498
61904443
61904465
61934733
61904371
61903217
61904589
61902807
61934996
61934782
61904889
61904880
61935105
61904506
61903783
61904785
61905002
61935278
61905014
61904801
61905164
61935348
61905150
61905271
61903144
61903693
61904020
61905228
61905288
61905602
61935794
61905253
61916442
61917667
61916205
61917683
61948027
61948064
61916679
61917938
61917850
61948223
61916756
61917858
61916586
61917829
61916740
61918043
61916301
61916383
61916970
61917915
61916625
61948387
61918055
61916746
61916220
61948270
61917830
61918014
61918199
61948464
61917534
61917033
61918229
61918069
61918419
61918301
61918097
61948523
61948812
61918305
61917264
61916792
61916848
61917558
61949192
61917043
61917668
61918937
61918119
61917240
61917752
61919117
61917894
61949584
61918545
61918602
61918124
61949833
61949533
61917645
61949725
61949711
61919297
61918123
61919515
61918317
61949848
61918334
61919473
61917520
61950085
61918430
61949972
61950014
61918431
61919513
61919896
61949928
61919785
61920211
61919890
61949957
61919872
61920119
61950167
61919883
61919817
61920139
61950530
61919248
61919838
61920160
61950254
61919724
61917734
61919938
61918442
61919954
61920171
61918197
61918278
61918852
61919397
61920454
61950727
61918983
61920300
61918427
61950663
61918634
61919136
61920337
61919672
61918697
61919079
61920614
61950631
61919247
61920081
61920439
61920823
61919049
61919557
61951040
61951135
61919499
61920551
61920924
61951109
61919877
61921078
61919571
61919336
61919934
61920393
61920473
61919570
61951360
61951523
61951689
61921087
61920172
61921541
61951676
61920368
61921229
61921523
61920846
61951874
61920440
61921744
61952060
61920584
61921581
61920368
61919974
61920558
61921654
61921791
61919782
61920103
61920556
61921857
61952011
61922125
61921861
61921116
61920186
61922147
61922295
61920913
61920451
61921035
61922287
61920955
61920469
61920960
61922503
61922385
61922556
61922486
61922354
61922587
61921585
61921000
61922319
61922600
61952683
61922623
61922618
61922857
61952804
61922394
61953162
61921789
61922884
61952930
61920967
61921626
61922722
61923102
61953295
61922615
61921816
61923260
61921098
61922852
61923179
61923415
61953597
61923255
61922153
61923367
61921253
61923091
61922160
61923460
61922137
61921895
61922468
61923741
61921954
61922036
61922500
61922957
61923938
61954095
61923928
61923768
61922583
61954378
61923108
61923845
61924156
61922086
61923516
61922786
61923633
61923890
61923258
61922064
61923855
61922903
61924210
61924426
61924186
61923079
61924374
61923672
61924042
61923445
61924656
61923841
61955283
61923557
61924775
61922764
61924688
61923589
61955077
61923242
61924031
61925177
61924053
61955535
61923988
61925065
61923750
61955801
61924601
61925300
61925554
61925172
61924049
61925596
61955707
61924409
61925575
61924479
61923840
61933836
61925527
61927046
61927416
61925353
61927195
61926372
61927043
61926301
61958095
61926680
61927688
61926707
61928062
61926418
61958443
61928053
61928113
61927003
61926805
61928389
61927041
61958888
61927508
61928306
61928545
61926373
61959067
61927907
61929000
61928823
61926957
61927469
61927491
61929231
61929047
61927088
61959260
61928623
61927551
61928835
61927498
61959129
61927580
61927639
61927483
61959189
61927616
61927795
61929060
61929298
61927150
61929430
61928006
61929225
61929536
61928631
61959852
61928773
61929384
61929706
61927606
61927834
61928408
61929469
61929813
61927631
61960275
61928203
61929992
61929915
61927747
61927941
61928603
61929715
61929839
61929914
61930039
61960367
61929670
61928526
61930164
61928781
61929756
61930233
61928887
61929586
61928950
61960640
61930016
61928986
61929644
61930370
61960951
61929753
61929067
61930649
61928606
61930689
61930629
61930718
61930675
61929989
61961004
61930391
61929568
61930605
61930771
61960937
61930556
61929606
61929580
61930822
61929697
61961298
61930984
61931447
61931388
61930230
61961693
61931015
61930234
61930966
61929608
61961717
61931571
61931424
61931674
61931350
61961872
61962097
61930473
61931871
61931669
61961928
61931538
61931114
61931180
61930478
61931891
61932053
61962181
61930376
61930854
61932174
61932134
61931366
61931981
61930743
61932113
61932096
61930863
61962404
61932223
61931052
61930373
61962826
61932628
61932436
61932816
61930514
61931118
61931544
61932899
61933033
61962897
61932470
61931560
61932840
61931556
61932530
61932223
61963136
61930816
61963309
61931300
61931731
61933121
61931749
61931728
61931971
61932058
61933413
61933468
61963607
61932165
61932269
61933613
61932401
61931848
61932405
61933711
61933815
61964113
61931877
61933751
61933944
61933286
61932705
61964448
61933961
61934143
61934655
61964537
61933923
61932950
61933959
61932714
61932773
61964946
61933997
61933072
61964881
61933750
61964883
61934651
61934448
61934783
61932745
61965437
61933619
61933363
61934858
61933745
61933386
61965310
61965252
61933033
61933086
61935403
61933835
61935398
61934797
61934518
61934940
61934394
61934047
61935368
61933580
61965872
61935690
61933872
61934906
61935598
61935770
61933770
61935781
61935966
61936162
61936125
61933776
61934096
61934720
61935849
61935946
61936280
61935989
61965913
61966452
61935234
61935839
61936010
61933859
61966612
61935353
61934810
61936104
61934805
61966381
61934939
61935627
61934438
61966566
61936072
61935031
61936854
61936519
61936364
61966509
61936034
61935222
61936375
61935491
61934684
61935388
61935285
61936627
61935238
61966891
61936822
61936681
61936917
61966840
61936383
61935629
61936911
61935019
61967343
61967122
61967244
61967223
61935362
61936451
61937022
61937360
61936599
61937005
61936097
61935985
61936035
61937460
61935300
61967893
61936696
61936380
61936944
61937549
61937573
61936347
61968117
61936520
61937352
61936042
61967933
61936035
61937220
61937855
61938129
61968332
61937864
61936810
61938305
61936917
61968719
61935941
61938034
61938052
61938348
61968561
61936996
61936983
61938328
61937676
61968833
61937261
61938904
61938763
61936575
61937025
61938508
61938612
61937772
61969111
61937571
61937387
61938749
61936943
61969219
61937809
61938834
61939019
61936847
61969249
61939117
61938765
61938906
61969116
61939167
61938954
61969501
61938710
61937693
61939266
61937099
61969633
61939359
61937962
61939419
61938567
61969569
61939245
61969587
61939430
61939556
61939537
61938451
61939338
61938386
61939447
61939714
61969865
61939220
61938415
61939728
61938567
61970155
61938508
61937808
61970521
61940126
61939811
61940036
61970284
61939966
61938676
61940123
61940251
61940358
61938634
61939513
61940683
61939823
61971013
61939795
61940865
61940673
61939332
61971061
61939512
61940494
61940843
61940530
61939813
61940472
61940663
61940906
61971056
61940861
61939304
61940932
61941015
61971326
61940454
61939598
61941014
61941179
61940688
61940895
61941128
61938902
61971195
61971265
61939436
61940433
61941167
61941550
61939300
61939798
61940207
61941575
61940312
61940426
61941712
61942001
61940622
61941912
61942169
61941231
61940225
61940765
61942096
61942226
61972496
61942267
61940849
61942242
61940409
61972683
61940666
61942534
61942566
61972789
61942260
61941425
61972506
61972796
61942505
61942439
61942528
61972847
61942175
61941421
61942841
61942780
61972917
61942390
61941646
61940715
61972917
61941013
61941600
61942846
61943045
61941937
61973278
61942098
61942910
61943119
61941913
61940860
61941318
61973780
61941920
61973440
61973460
61942716
61973494
61942926
61942412
61943255
61943444
61941913
61973533
61943348
61943544
61943452
61941659
61974034
61942229
61943533
61943506
61941379
61941753
61942347
61943340
61943481
61941994
61942181
61943851
61943615
61941478
61943129
61942450
61973787
61974032
61943502
61942499
61943833
61943796
61941693
61973989
61943749
61942280
61943095
61943845
61942512
61942475
61943980
61944001
61974071
61942217
61942723
61943940
61944103
61974253
61943565
61974111
61943155
61974297
61974380
61974417
61943716
61943048
61944160
61944377
61942331
61974860
61944455
61943099
61943788
61974868
61944259
61943375
61944473
61943891
61975152
61943920
61944579
61945081
61942892
61943120
61943704
61945164
61945373
61975285
61944747
61943945
61943490
61945174
61942928
61975681
61944113
61945465
61945151
61975425
61943513
61944043
61945233
61945326
61943259
61975590
61943876
61943812
61975273
61943692
61975729
61945427
61943883
61945336
61943898
61975668
61944109
61943937
61945654
61945642
61975829
61944819
61945407
61945586
61945557
61945103
61945901
61975882
61945931
61976345
61945907
61945241
61976439
61945721
61944745
61945563
61946330
61944096
61944410
61945096
61946243
61945629
61944627
61945272
61945232
61945629
61945358
61976848
61945284
61945861
61946689
61946973
61947063
61976959
61945259
61945998
61946892
61947114
61945011
61946717
61945747
61946487
61947274
61977493
61947352
61977692
61977485
61945296
61977789
61947506
61946153
61947570
61945812
61978142
61947584
61946505
61947860
61947898
61977815
61947817
61946545
61948003
61948171
61948008
61948068
61978237
61947991
61946744
61948208
61946891
61978403
61946787
61948075
61948362
61947156
61948103
61946920
61948493
61948594
61978549
61948695
61947268
61948643
61948774
61978878
61948278
61947377
61949186
61947444
61978876
61948202
61979215
61948897
61947521
61948893
61948997
61979139
61948759
61947894
61949407
61949267
61979567
61979086
61949247
61949156
61946913
61947437
61947970
61949273
61949278
61979423
61949338
61948037
61948784
61948038
61979760
61947404
61949572
61949703
61948894
61980053
61948923
61949824
61948574
61948633
61948518
61949509
61949170
61949965
61979983
61948252
61948816
61949870
61948682
61948299
61948763
61948758
61949813
61950040
61949296
61980517
61950023
61948820
61950209
61948994
61950655
61948959
61950188
61950507
61949178
61980756
61950465
61949082
61950454
61949810
61948910
61949279
61949715
61948503
61949168
61949486
61950748
61948812
61981094
61950970
61950220
61949819
61981256
61950801
61949852
61951118
61951249
61981385
61950772
61950032
61951260
61951040
61949673
61950356
61950162
61951721
61951649
61951616
61949758
61981734
61951311
61950482
61950326
61951436
61951579
61981701
61981973
61950322
61950950
61951793
61951876
61949715
61950178
61950639
61952234
61952090
61950034
61950167
61950720
61951988
61950763
61950079
61952051
61951977
61952119
61950104
61950288
61950896
61952467
61952360
61951368
61950464
61951021
61951532
61952292
61982358
61952427
61950993
61951130
61952095
61952390
61950559
61952387
61952583
61950274
61982890
61952527
61951229
61952399
61952378
61982609
61952523
61951250
61952482
61951420
61950568
61952028
61983097
61952484
61952920
61951426
61983139
61952783
61951941
61952889
61953109
61983203
61953186
61951639
61952943
61953199
61951841
61952913
61953176
61951943
61983570
61953007
61953049
61953377
61952181
61983667
61951955
61952564
61953468
61983616
61953501
61952155
61953571
61952263
61984018
61953591
61952266
61953485
61951991
61984238
61953057
61953662
61954045
61952111
61953740
61952740
61952505
61953874
61952511
61952344
61954299
61954132
61954332
61952095
61952466
61954013
61953045
61953590
61954527
61953616
61954297
61954733
61953318
61954820
61953284
61954906
61954660
61953926
61984985
61954544
61953540
61954187
61953145
61985166
61953058
61954944
61953619
61985350
61985140
61952718
61955105
61955095
61955364
61953475
61985501
61954298
61954836
61955011
61955142
61954456
61953270
61953793
61955006
61955308
61953133
61985664
61954504
61955058
61954203
61955493
61955253
61954386
61985668
61954584
61985925
61955285
61954579
61956056
61955866
61954396
61986264
61954756
61954452
61955950
61953995
61986293
61955946
61955995
61956211
61956066
61956329
61955412
61986618
61956301
61954960
61956458
61986581
61986633
61956014
61954973
61956573
61955399
61986643
61956252
61955447
61956505
61956602
61956479
61955633
61955179
61956596
61955153
61987062
61955939
61956946
61955464
61956989
61957079
61987042
61955336
61956309
61956910
61956999
61987283
61955284
61955544
61957058
61957125
61954910
61955298
61955718
61957490
61987409
61987446
61957004
61956005
61957247
61957525
61955312
61987912
61957617
61956019
61956755
61956985
61956860
61956533
61957643
61957753
61956457
61957892
61988108
61957644
61956525
61957346
61956462
61956226
61957797
61956807
61957991
61956697
61988219
61957654
61956630
61957937
61957963
61988290
61958132
61958321
61956749
61988623
61958003
61957635
61958240
61958452
61956485
61988725
61957645
61958328
61958529
61958429
61988766
61958602
61958794
61958823
61989117
61958525
61957539
61958665
61958889
61989029
61958569
61957730
61958832
61958232
61959136
61959018
61959005
61957433
61989572
61958147
61958993
61957693
61989550
61959110
61957773
61958341
61989711
61958997
61990043
61959456
61959668
61959864
61957720
61958425
61958535
61958980
61990001
61957846
61958211
61960012
61958110
61958458
61959417
61958817
61960237
61960304
61959549
61990703
61960450
61959259
61959913
61960465
61962251
61960614
61958898
61990921
61959540
61991153
61959590
61959218
61960757
61960657
61958764
61991037
61960512
61959424
61960041
61960838
61960675
61960861
61960048
61959090
61959805
61960800
61961017
61958913
61959312
61959864
61960925
61961169
61958988
61991557
61960376
61961035
61961298
61961279
61960614
61962701
61961528
61962662
61962962
61962262
61993275
61963255
61963042
61963380
61962678
61994027
61962860
61963570
61963677
61962378
61963125
61962528
61964143
61964468
61994309
61962456
61994572
61963007
61963074
61964316
61964649
61994773
61963807
61994807
61962848
61963279
61964692
61964653
61964870
61963744
61995138
61964461
61963872
61964742
61964981
61963281
61995174
61964263
61964959
61965120
61963911
61965215
61965360
61995459
61964812
61964082
61965403
61965415
61995600
61963576
61964173
61965563
61965618
61995645
61965115
61965643
61964198
61965489
61965630
61965022
61965744
61995915
61965757
61965596
61965859
61965108
61996289
61978380
61979279
61978178
61979985
61979728
61979808
61977660
61977950
61978504
61979555
61980037
62010203
61979609
61979251
61978763
61980225
61978573
61980141
61978926
62010416
61979721
61978715
61980336
61980120
61980380
61979069
62010557
61978649
61979555
61980370
61980633
61978656
61978887
61979535
61981104
61980830
61980822
61980946
62011008
61980650
61979779
61981219
61981002
61980986
62011290
61981105
61979787
61980882
61979978
61981243
61981511
61980166
62011522
61981036
61980241
61981458
61980098
61979731
62011596
61981036
61980228
61981664
61981785
61981134
62012412
61980829
61981876
61980736
61982465
61982205
61982285
62012400
61980450
61981038
61982024
61982318
61983978
61982339
61981584
62012530
61981157
61981479
61982760
61982350
61980963
61981577
61980906
61982620
61982659
61980505
61981201
61980777
61980914
61980682
61981094
62013164
61981213
61981797
61983599
61981611
62013627
61983296
61981932
61983079
61983500
62013413
61981597
61982648
61983280
61983383
61985210
61982089
62013846
61982977
61982234
61983472
61981985
62013834
61983368
61981996
61983508
61982209
62014071
61981500
62014044
61983757
61982466
61983739
61982335
62014020
61983801
61982485
61983953
61981868
61982188
61983263
61983706
61984285
61984055
61984315
61982859
62014403
61982450
61983089
61984417
61984445
62014519
61982384
62014780
61984188
61983483
61984368
61985068
61984122
62015367
61983813
62015154
61983501
61983496
61984735
61984889
62015181
61984641
61983878
61985028
61985245
62015427
61983563
61984147
61985184
61985401
62015709
61984529
61983413
62016000
61985549
61984087
61985523
61984359
62015798
61985555
61985523
61985871
61984923
61984231
61984574
61985877
61985915
61985747
61985905
61984825
62016041
61984133
61984587
61985568
61984774
61986057
61986290
62016518
61985704
61984974
61985648
61986381
62016357
61984901
61986240
61986302
61984215
62016982
61985696
61986861
61985135
61986226
61986908
61986769
61986860
62017022
61986900
61986834
61987121
61985803
62017472
61987235
61985704
61987108
61987156
62017611
61986087
61985950
61985996
61986154
61987787
61987569
61986685
62017792
61987127
61986282
61987333
61987430
61985415
61985827
61986668
61987400
61987684
61987663
61987817
61985741
61985722
61985703
62018154
61987922
61986720
61987922
61988052
62018138
61987579
61986578
61988004
61988146
61989819
61988181
62018130
61987699
61986932
61988191
61988209
61986790
62018561
61987372
61986724
61986484
61987027
61988193
61988399
61987598
62018824
61987317
61988771
61988607
61988697
61987728
62018962
61987232
61988453
61987371
61987211
61988655
61988581
61988804
61988976
61986798
62019467
61987830
61987622
61989045
61989162
62019297
61988696
61987884
61989157
61988353
62019609
61988143
61989272
61989449
61989111
61989500
61988254
62019726
61988631
61987392
61988026
62019967
62020049
61988571
61988397
61989049
61989683
61987633
62020237
61988853
61988343
61988506
61989908
61990117
61988795
62020523
62020258
62020553
61990298
61988497
61990390
61989089
61990642
61990732
61988598
61990369
61989653
61990834
61991196
61990245
62021475
61989786
61989581
61991196
61991249
62021491
61991296
61989752
61991373
61989822
62021596
61989582
61990783
61991275
61991429
61990743
62021969
61990434
62021930
61990404
61991176
61990903
61991457
61990210
61991604
61991914
61991102
62021965
61991864
61990631
61992085
61992073
61990037
61990269
61991331
61992027
61991989
61990825
61992327
61992369
61991632
62022917
62022308
62022567
61992061
61991166
61992518
61992476
62022723
61992251
61991179
61992527
61992692
61990514
62023107
61992836
61991374
61992712
61992684
61992698
61992810
62022872
61991186
61991729
61992734
61993003
62023186
61991316
61992494
61993137
61993396
61993200
61993572
61993578
61992865
62024081
61993847
61993580
61992195
62024147
61993595
61992640
61993086
61992530
62024009
61992801
61991804
61992699
61992518
61993887
61993937
61991867
62024542
61992972
61993823
61994110
61993256
62024579
61991718
62024492
61994212
61992884
61993985
61994097
61992099
61992396
61993109
61994498
61994108
61994225
61994475
61992432
61992817
61993357
61994572
61993300
62025243
61993859
61994766
61995047
62025282
61994884
61993751
61994901
61994566
61994849
61993287
61992764
62025263
61993643
61993897
61995109
61995270
61994458
62025613
61993450
62025390
61993341
61994644
61995147
61995311
61995330
62025568
61995430
61993992
61995350
61994583
62026045
61995514
61994039
61995554
61995644
62025633
61995143
61994257
61995656
61994873
61995577
61995949
61995756
61993662
62026134
62026246
62026160
62025837
61993490
61995780
61994496
61993613
62026291
61995958
61994501
61995790
61996031
61995617
61994369
62026121
61994148
61995148
61995753
61996016
61995156
61994086
61994694
61996021
61995891
61996095
61996186
61996419
62026284
61995898
62026478
61996034
61995288
61996387
61996623
61994938
62027145
61995647
61996697
61996780
61995615
61996943
61996360
62027546
61997042
61995543
61996963
61997295
62027137
61996754
61995946
61996866
61996379
61997273
61997482
61996241
62027640
61997472
61996006
61997389
61996331
62027998
61996389
61996472
61997802
61997563
61997662
61997789
61997893
62028077
61996209
61996988
61997892
61998036
61996032
61996560
61997014
61998163
61998380
62028231
61996466
61996897
61998176
61998066
61997574
62028567
61998314
61996893
61998096
61998591
61997823
62029004
61998321
61997308
61998484
61997266
61998610
61998571
61997871
61996764
61997522
61998781
61998779
62028927
61997023
61997572
61999042
61997485
62029330
61998763
62029100
61997336
61998388
61999089
61999185
61997044
61997542
61998307
61999347
61999563
62029796
61999124
61998080
61997583
61998188
61999517
61999486
61998902
62030061
61998468
61999645
61999824
61999056
62030338
61999147
61999765
61999088
61999781
61999980
61997959
61998317
61998850
61999948
62000251
61997942
62030662
61999419
62000170
62000390
61998314
62030903
61999228
62000233
61999849
62000457
62000600
62000861
61998723
61999043
61999528
62000748
62000989
61999519
62031118
62000698
62031303
62031260
62000653
61999651
62000995
62001113
61999023
61999055
61999324
61999972
61999169
62000565
61999795
62000910
62001253
62000285
61999481
61999949
62001051
62001316
62031514
62000933
62000114
61999470
62000471
61999850
62001257
61999683
62031491
62001288
61999727
62001181
62001212
62001480
62000542
62031659
62001121
62031559
61999626
62000183
62001269
62000387
62001473
62001607
62000401
62031987
61999790
62000889
62001446
62001706
61999691
61999912
62031960
62032098
62001539
62000578
62002197
62001757
61999796
62032180
62000880
62001738
62002042
62000494
62000406
62000044
62001757
62000925
62002279
62002407
62000372
62000679
62001689
62002222
62002495
62001706
62000711
62001559
62033102
62001771
62002403
62002663
62001800
62032896
62002680
62001348
62002866
62002570
62002887
62001726
62002768
62003042
62002105
62003007
62003337
62003369
62033527
62002984
62003359
62001917
62002783
62003339
62033473
62002994
62002121
62002269
62002220
62003941
62003678
62001681
62034268
62004065
62003736
62003897
62001807
62002076
62002882
62003802
62004046
62003857
62004086
62002931
62004412
62004192
62002167
62002613
62034546
62003900
62003607
62004177
62004389
62003221
62034770
62004694
62004123
62003595
62004504
62004764
62003246
62035323
62004877
62003456
62004879
62005008
62002996
62003108
62003719
62005153
62004738
62005057
62005095
62003580
62035499
62004017
62035764
62004922
62004114
62005084
62005409
62004747
62035883
62004782
62005280
62005581
62003566
62035823
62005188
62035647
62005030
62004120
62005487
62004384
62005568
62005734
62004329
62005856
62005819
62003596
62003900
62004662
62006078
62005871
62036096
62005948
62004575
62006159
62004645
62036434
62005422
62036326
62005857
62005073
62006035
62006394
62005548
62008175
62006409
62005573
62036676
62006542
62005125
62006609
62006716
62005534
62036895
62036992
62006694
62005400
62006478
62005686
62006740
62007103
62004863
62037318
62007178
62005713
62007225
62007176
62037223
62005457
62037340
62037712
62006303
62006959
62006591
62007363
62007619
62007539
62005531
62005944
62006562
62007624
62006250
62038062
62007893
62006356
62007765
62006540
62038283
62005884
62038225
62006263
62006871
62008133
62008080
62007432
62038517
62007144
62008240
62008489
62007769
62007627
62007202
62008654
62008484
62006986
62038930
62008937
62007301
62008595
62008812
62006718
62007001
62007739
62008714
62009099
62010655
62008916
62008665
62008781
62009022
62006864
62007095
62007652
62008753
62009042
62009053
62009187
62039278
62007980
62009076
62009237
62009272
62039388
62008846
62008075
62009430
62009517
62011218
62009494
62008688
62008054
62009498
62009514
62008278
62009862
62009586
62008795
62040123
62008486
62007924
62009968
62009255
62040254
62009318
62009837
62010107
62008044
62008235
62009285
62009879
62010375
62040424
62008394
62009057
62010424
62010362
62011563
62011975
62010392
62042486
62011290
62011061
62012566
62011357
62043123
62012693
62011419
62011886
62043109
62011131
62011661
62011744
62043184
62012648
62013141
62043616
62012056
62011773
62013295
62011915
62043630
62013647
62012086
62013206
62012021
62012278
62012440
62012438
62013734
62014019
62012989
62044242
62012165
62012647
62013867
62012427
62012521
62013266
62012720
62014127
62014111
62044273
62014229
62013147
62014895
62014377
62012362
62013156
62014360
62014669
62044742
62013345
62013463
62014787
62013160
62045318
62014909
62014744
62015133
62045159
62013680
62013712
62015077
62015103
62045553
62015100
62015246
62013657
62045481
62013478
62014608
62013913
62013551
62014121
62014190
62045702
62013746
62045691
62015429
62015646
62014053
62014784
62045911
62015322
62014617
62015985
62016044
62046237
62015840
62014802
62015880
62014476
62046434
62016355
62015006
62016358
62046497
62014571
62015420
62016275
62016573
62015090
62046766
62016626
62015243
62015887
62016937
62047059
62015901
62016509
62016898
62015275
62014714
62016440
62046853
62015101
62015644
62016975
62017038
62014804
62016578
62015770
62016407
62017296
62047196
62017001
62017161
62017507
62015328
62015910
62015914
62017307
62017424
62017425
62017385
62017492
62016629
62047869
62016648
62017344
62017556
62015638
62017411
62016206
62017329
62017624
62016628
62048060
62016415
62017548
62017829
62016500
62047866
62016173
62018054
62017671
62017730
62047947
62017876
62016599
62017851
62016732
62048429
62017837
62016981
62017420
62018150
62048223
62018411
62016806
62016886
62016955
62018218
62018215
62016840
62018066
62017235
62018321
62018461
62018565
62048651
62018137
62017167
62018193
62018544
62049002
62018317
62017407
62016894
62018960
62016772
62049265
62017819
62017812
62017667
62017894
62019055
62019165
62019334
62018327
62049598
62018038
62017943
62019019
62049330
62049563
62017467
62018607
62019113
62019335
62018312
62049500
62019122
62018266
62019864
62019782
62017838
62050217
62017793
62020093
62020023
62020079
62017866
62050568
62020109
62018856
62020323
62018366
62050401
62019654
62019320
62020485
62020225
62018683
62018886
62018777
62020276
62020232
62019543
62050536
62019294
62020217
62020416
62050506
62019147
62019289
62020449
62050567
62018445
62050985
62020703
62019241
62020505
62020524
62020793
62019384
62051000
62020318
62019523
62018997
62050871
62019979
62050922
62019107
62020015
62020725
62020902
62019330
62051286
62020328
62019648
62020673
62021177
62019944
62021084
62021574
62020349
62051821
62020524
62020160
62021334
62021452
62019787
62021184
62020359
62021543
62021626
62021918
62019735
62019994
62020922
62020376
62021606
62021938
62052053
62019628
62022070
62021923
62020864
62052244
62021578
62020821
62021866
62022177
62021022
62052334
62022251
62020571
62022623
62020584
62052607
62022069
62021127
62022202
62022398
62052629
62022085
62021178
62021849
62022527
62022521
62022549
62052658
62052935
62022547
62022430
62022574
62022732
62052728
62020900
62021430
62022634
62021446
62053016
62053377
62021680
62021595
62022734
62022897
62053157
62022621
62021724
62023011
62023111
62021167
62053914
62053475
62023392
62022037
62053561
62021508
62023530
62022075
62023471
62023575
62053642
62023053
62022266
62023552
62022327
62054008
62054185
62023868
62022543
62023865
62022241
62054220
62023536
62023894
62024158
62023935
62024048
62024042
62023839
62024186
62024167
62024211
62024329
62024565
62024434
62024271
62023588
62054558
62023819
62023008
62023358
62024306
62054560
62022741
62023263
62022257
62023312
62022586
62054796
62024571
62023276
62025088
62024684
62022683
62024372
62023505
62024767
62024810
62024596
62055074
62022828
62023563
62024975
62024983
62023948
62024022
62023882
62024991
62025159
62023956
62055518
62025439
62023844
62025337
62024452
62055810
62025496
62024141
62025328
62023924
62055550
62025071
62024355
62023280
62025629
62023597
62055931
62025660
62024345
62025638
62025797
62024947
62056254
62026030
62025786
62024361
62025955
62025997
62026005
62056120
62024274
62024830
62025851
62024655
62056498
62024409
62025222
62026194
62026376
62024777
62026321
62025040
62026709
62026334
62024851
62056495
62024988
62025204
62026563
62026465
62024316
62056724
62024309
62025298
62025459
62026426
62026709
62026850
62025206
62056927
62024918
62025765
62025612
62026824
62027009
62026693
62026740
62026976
62026562
62027268
62057304
62025420
62026069
62027805
62025705
62057458
62057750
62027513
62026062
62057549
62057559
62027026
62027082
62025626
62027197
62026334
62025987
62026104
62026088
62025973
62027319
62027456
62025964
62057719
62025628
62026199
62027335
62027585
62027604
62057756
62027588
62027375
62027058
62027743
62025745
62027637
62026585
62026350
62027759
62027938
62027174
62058313
62026370
62026688
62027951
62028277
62058272
62026395
62027968
62028159
62028287
62026235
62058557
62028355
62027099
62028258
62026299
62058712
62028384
62027110
62028407
62028658
62028413
62027379
62028577
62028666
62027263
62028340
62027945
62027249
62028846
62028688
62028774
62028903
62029013
62059144
62028670
62027992
62028923
62028408
62029140
62029223
62028465
62059713
62029290
62029277
62029374
62029482
62028248
62029411
62028142
62059918
62027852
62028924
62028512
62029431
62029669
62028142
62059838
62029574
62028177
62029594
62029752
62028064
62029823
62029903
62029984
62027920
62028165
62028944
62029835
62030173
62027947
62029737
62029018
62029969
62030332
62030035
62028814
62030204
62030208
62028409
62060441
62028627
62029277
62029018
62030666
62028658
62061118
62030775
62029805
62030587
62030664
62060875
62061167
62028879
62030823
62029525
62031098
62030723
62029637
62060836
62029081
62030040
62028848
62029392
62028665
62028999
62030933
62030759
62030871
62028808
62029104
62031028
62031149
62029748
62029037
62061705
62031233
62030537
62031450
62029337
62033272
62031862
62031530
62031634
62029531
62062003
62030673
62031531
62032016
62029690
62031365
62030563
62031193
62030481
62031404
62031925
62030597
62031179
62030671
62032077
62032181
62031410
62062527
62031952
62030948
62032368
62031092
62062632
62031022
62030889
62062783
62062624
62032576
62032656
62031290
62031506
62031958
62031372
62032638
62032800
62032920
62063217
62032653
62031773
62033386
62033180
62033271
62063516
62031076
62031955
62033276
62031247
62033460
62032137
62033227
62033493
62032268
62046769
62079390
62047664
62049302
62049082
62048269
62047319
62048904
62049116
62048893
62048121
62079251
62048748
62047830
62049173
62049149
62047151
62079583
62049293
62049566
62049203
62047746
62079321
62047529
62048048
62049315
62049230
62047130
62079663
62049664
62049709
62049624
62049344
62049596
62048432
62079919
62080074
62048474
62049751
62050011
62050046
62080471
62047801
62048521
62050195
62049236
62080342
62049744
62048966
62080380
62080202
62048441
62049424
62050097
62050397
62048144
62080576
62050063
62049433
62050099
62049237
62050493
62050463
62048387
62050303
62049326
62049357
62050689
62050915
62049853
62050503
62050911
62049590
62051142
62051062
62050103
62081522
62051175
62049925
62051667
62051404
62049825
62081621
62051395
62049971
62051421
62051068
62050956
62050561
62051319
62050826
62050408
62051753
62051631
62050449
62082188
62051046
62051702
62052123
62051289
62051940
62051946
62052646
62052132
62052298
62050150
62082794
62052332
62050962
62052143
62052365
62052388
62050579
62052712
62052254
62050955
62051671
62082642
62052139
62051406
62052543
62052659
62052814
62054600
62051360
62052688
62053133
62052297
62052859
62052708
62052961
62053095
62052235
62083298
62051170
62051843
62052944
62053400
62052125
62083449
62051918
62052797
62083731
62083624
62051500
62083359
62053640
62053576
62051613
62053804
62051796
62084053
62053513
62052589
62053704
62053975
62051896
62052480
62052773
62052491
62053298
62052886
62054526
62054266
62053111
62084414
62053842
62053058
62052868
62084573
62052542
62084825
62052708
62053008
62054664
62054597
62054009
62085072
62053885
62054582
62054842
62052796
62085390
62053898
62053560
62055048
62053553
62053245
62054519
62053961
62055039
62055179
62055276
62053101
62053538
62054259
62055067
62053466
62054956
62055083
62054334
62055518
62055468
62053774
62086125
62054651
62055590
62055829
62055694
62055178
62086122
62086307
62055888
62054646
62055943
62054598
62054845
62055775
62054986
62055946
62056305
62054222
62086453
62055831
62054957
62055580
62086300
62086419
62086617
62056262
62055077
62056309
62056101
62086914
62054835
62055456
62055248
62056606
62056670
62054672
62087153
62055692
62055512
62054872
62054637
62054717
62087026
62056780
62055517
62056616
62056708
62056853
62054685
62087227
62086988
62056753
62055342
62056649
62056832
62055535
62086948
62056470
62055765
62056918
62057057
62055158
62087498
62056847
62055971
62087645
62057168
62056333
62056392
62087936
62056774
62057723
62057641
62057482
62057498
62056387
62057597
62057695
62056919
62057715
62057804
62057994
62055995
62056203
62057241
62058013
62058169
62056147
62056454
62057065
62058369
62058428
62056365
62056621
62057771
62088611
62088952
62089007
62056965
62057697
62058659
62058697
62057211
62089078
62058640
62057687
62058745
62058848
62058941
62057721
62057812
62058959
62059066
62059237
62089417
62058940
62057994
62059103
62059286
62059191
62059140
62058137
62058103
62058150
62058297
62059815
62059602
62058448
62089777
62058362
62058421
62059602
62059941
62059857
62058686
62059651
62059736
62059936
62090007
62059501
62058822
62059945
62058503
62090325
62058269
62058890
62060035
62059787
62059761
62059417
62058913
62059491
62060201
62060461
62060598
62058334
62058569
62059023
62060262
62060324
62058449
62090651
62058794
62059746
62060798
62059240
62090887
62059013
62059532
62059440
62060812
62060991
62058755
62059126
62059659
62060888
62061042
62091288
62059121
62061032
62061218
62061244
62061443
62061680
62060639
62091806
62060893
62060136
62061287
62061508
62061408
62091649
62091788
62060534
62061559
62061628
62060385
62091757
62059717
62060738
62061421
62061633
62061732
62059493
62092117
62061350
62060368
62061936
62062099
62063440
62063905
62064168
62063522
62094575
62064399
62062682
62064210
62064389
62094626
62062933
62063651
62062982
62064357
62064861
62063447
62094933
62064809
62063529
62064764
62065038
62064247
62064898
62064506
62063671
62063565
62064859
62065154
62095395
62065266
62064081
62065203
62065491
62065434
62095636
62095838
62063972
62064413
62065973
62066172
62065202
62066150
62063924
62064425
62065295
62065890
62066207
62066287
62096343
62064595
62065907
62066341
62065444
62096564
62066002
62065228
62066190
62066446
62066550
62065878
62096885
62064857
62065510
62096835
62065254
62096882
62065076
62065524
62066779
62065703
62097075
62066505
62065796
62067348
62066957
62064977
62097401
62067081
62065954
62097514
62097671
62067195
62065945
62066466
62067213
62065164
62065703
62066417
62065983
62097695
62066807
62097554
62097728
62097594
62065758
62067558
62066246
62067919
62067659
62097653
62065814
62067414
62067691
62067795
62066514
62097870
62067442
62066583
62068226
62068007
62068168
62097972
62066146
62067098
62068006
62068095
62066392
62066181
62067139
62066694
62068370
62068314
62066363
62098728
62067471
62066284
62068528
62066363
62099001
62068518
62067567
62068911
62069086
62067490
62099302
62067223
62068261
62069094
62069351
62069035
62069365
62098942
62099184
62067243
62068001
62067834
62069326
62069541
62068281
62099694
62099910
62067683
62099827
62099840
62068312
62068411
62069801
62070003
62070041
62068003
62100518
62069791
62070475
62070294
62068299
62100452
62069826
62069202
62070188
62070489
62070555
62100542
62070237
62069285
62070435
62100723
62100530
62068633
62069172
62070526
62070555
62068448
62100909
62069392
62069558
62071081
62070155
62071027
62101056
62068246
62070960
62070869
62070979
62068579
62069138
62069671
62070781
62071023
62070909
62101094
62069292
62071188
62071053
62071055
62070886
62070421
62069995
62071624
62071565
62069353
62102052
62069825
62069518
62101852
62071300
62071071
62069682
62070220
62073211
62071659
62070412
62071805
62071982
62071920
62069830
62102278
62072049
62070820
62072144
62070664
62102490
62071909
62072224
62072427
62102580
62072050
62071204
62072456
62072594
62071362
62072512
62072638
62072844
62072863
62072562
62070954
62071511
62072648
62072949
62071435
62103275
62072614
62071765
62072926
62073162
62071151
62103318
62071493
62072111
62073703
62073360
62071636
62071570
62072301
62072195
62073796
62073712
62071783
62104215
62073842
62072145
62072763
62073972
62073758
62071420
62072256
62073888
62073818
62073729
62072228
62073612
62073507
62072733
62073579
62073866
62072171
62073298
62072296
62072509
62073779
62073793
62073880
62104086
62072257
62072859
62073900
62074095
62072614
62073618
62074241
62072879
62074080
62074273
62073491
62104503
62074341
62072989
62073756
62104870
62104731
62104789
62073029
62073337
62074943
62074699
62072610
62072906
62073637
62104911
62073276
62073398
62073237
62073852
62073802
62075408
62074888
62073637
62073556
62074014
62075177
62074013
62105704
62074145
62105455
62075435
62075365
62075587
62075815
62075520
62075617
62105778
62075384
62074306
62073708
62075567
62074201
62105777
62075333
62075328
62074455
62075585
62074262
62074424
62074403
62074787
62074596
62075971
62076110
62076135
62106287
62106617
62076285
62074738
62075591
62076191
62106387
62075909
62075263
62076364
62074648
62106817
62074970
62074936
62075211
62074925
62075145
62074982
62076287
62076575
62075332
62106995
62076229
62075486
62076284
62106737
62106814
62107121
62075510
62075732
62075705
62077174
62077041
62076885
62107236
62075088
62076393
62075596
62077124
62077156
62107509
62075360
62077221
62075982
62076800
62075148
62107599
62076045
62076186
62077170
62077631
62077040
62108116
62076380
62077620
62076303
62108156
62077557
62076572
62077762
62078016
62108308
62077653
62076704
62078260
62078108
62077412
62108494
62078340
62076731
62078278
62078327
62076843
62108562
62078141
62077108
62108469
62077272
62078242
62078319
62077418
62108610
62078049
62077347
62078647
62077571
62077268
62078438
62077612
62078869
62109239
62076980
62077547
62078826
62079019
62079099
62079107
62077727
62109198
62077185
62078322
62078969
62079234
62077257
62077575
62078019
62079227
62079463
62079324
62077384
62109785
62079016
62078115
62079452
62078096
62109706
62079189
62078319
62079123
62079839
62109997
62079413
62078560
62079563
62079783
62077878
62110040
62079529
62079113
62079807
62079941
62080038
62110145
62079701
62078811
62109909
62078503
62110356
62079914
62078898
62080368
62080267
62079482
62110650
62080393
62079212
62080669
62080611
62110741
62080355
62079078
62080611
62080803
62079520
62079666
62079397
62079081
62080502
62079495
62080738
62079662
62111545
62081038
62080955
62081055
62079587
62079667
62080259
62081031
62079848
62080632
62111669
62079748
62080659
62079963
62080960
62080653
62081411
62081831
62080286
62111951
62081389
62080130
62081507
62081839
62079538
62112216
62080013
62080587
62081169
62082007
62081143
62112533
62080712
62080753
62082054
62082058
62081047
62112334
62079826
62081411
62082338
62081016
62112457
62080771
62081430
62082450
62082717
62080614
62080805
62081443
62081272
62082593
62082673
62082723
62082779
62112745
62082740
62082479
62082937
62082248
62113464
62083217
62081581
62083012
62081185
62113615
62083121
62081810
62083035
62081555
62081706
62082558
62083273
62082257
62113291
62081471
62113335
62083525
62082246
62083478
62083532
62083582
62082222
62083517
62083506
62083789
62083930
62114302
62083738
62082926
62083959
62084241
62082025
62114714
62083039
62084127
62084401
62085890
62082793
62084504
62084355
62082364
62082745
62083537
62084241
62084679
62114606
62084164
62083267
62084546
62083173
62114970
62084688
62084767
62084860
62084571
62084168
62084824
62084801
62083577
62115036
62084612
62083831
62084530
62115198
62115259
62085044
62085348
62085350
62083366
62116041
62085388
62083551
62084700
62115681
62085118
62084436
62085739
62084192
62116093
62085778
62084813
62086373
62086134
62084864
62085725
62084466
62085756
62086059
62083962
62084207
62085065
62084607
62086054
62086032
62084864
62084961
62085982
62086321
62086400
62084105
62084415
62084897
62086207
62084805
62084976
62086123
62086226
62086484
62116784
62086664
62086685
62086623
62086894
62086806
62085946
62117062
62086527
62086043
62085320
62086679
62085652
62085810
62086845
62087040
62086261
62085352
62086413
62086946
62087144
62085058
62085627
62086267
62087672
62087072
62086891
62087405
62085978
62087108
62087320
62086607
62117804
62087484
62087217
62087651
62117968
62086255
62086448
62087803
62086172
62087286
62087553
62086137
62087083
62087623
62087961
62085840
62118163
62087577
62087204
62086486
62087930
62088085
62087324
62118473
62087300
62086777
62088190
62088208
62118663
62087930
62118671
62087874
62088011
62088175
62088327
62087426
62118821
62087654
62088143
62088549
62086912
62118775
62088176
62087368
62087171
62119057
62119212
62119319
62088888
62087355
62088914
62088779
62118814
62086961
62087545
62088685
62088562
62087253
62087844
62087709
62088564
62089038
62088339
62087306
62087855
62089121
62089228
62088250
62087799
62088973
62089196
62087750
62119496
62087741
62088158
62089490
62087911
62119820
62089259
62088448
62089769
62089722
62088707
62119938
62089610
62088630
62089869
62089887
62089249
62088483
62120181
62088294
62088939
62090150
62119972
62120458
62120699
62089136
62089062
62090078
62090312
62088410
62120609
62090315
62088771
62090106
62090323
62120447
62090270
62089933
62090133
62088777
62120249
62089780
62089023
62089140
62090368
62088094
62089841
62089060
62090404
62088882
62089249
62120653
62089063
62090473
62089434
62090754
62089474
62090543
62090884
62090988
62088708
62090522
62089588
62091177
62090910
62090227
62121399
62090707
62090633
62090863
62121095
62090461
62089755
62090908
62089455
62121638
62090873
62121713
62090848
62090006
62091218
62091242
62091373
62121460
62089661
62121379
62121727
62121728
62091037
62090771
62091325
62091633
62091647
62121779
62089843
62090595
62091540
62091813
62090767
62090813
62090223
62091622
62091831
62089979
62090293
62090740
62092221
62092174
62090047
62122494
62092039
62091983
62090448
62089945
62122472
62092138
62090655
62091419
62092200
62122385
62090359
62092510
62090981
62092028
62092388
62090145
62090128
62092341
62092274
62091071
62122615
62090897
62091833
62091287
62092632
62092664
62092573
62123117
62090611
62122941
62092444
62091449
62092577
62092784
62092085
62123106
62092865
62091462
62092807
62092883
62093117
62091718
62091883
62093138
62092059
62093038
62093386
62091265
62093265
62093383
62093275
62091832
62123446
62093432
62092244
62093561
62093511
62123570
62091047
62093209
62093400
62093504
62092719
62091735
62092833
62093515
62093533
62093882
62093590
62093563
62093755
62091785
62123857
62124234
62093512
62092587
62093812
62093948
62094001
62091850
62092337
62092781
62093986
62094165
62093227
62093878
62092480
62124114
62092229
62092970
62094075
62094407
62124605
62093890
62094371
62094256
62094396
62094471
62093802
62124961
62093190
62094323
62094572
62093247
62124646
62125066
62092596
62094421
62094787
62093298
62125013
62093108
62093538
62094083
62093507
62125156
62094701
62093786
62094952
62095118
62092967
62125584
62093885
62093585
62094206
62092728
62094136
62092826
62125268
62094932
62093538
62095207
62093554
62125386
62094442
62093781
62095445
62095385
62093385
62125501
62093617
62094594
62093908
62095277
62093959
62093626
62094314
62093771
62094034
62095502
62094884
62095719
62094072
62126033
62095719
62095534
62095966
62094418
62126180
62096045
62096075
62096148
62094789
62126273
62094376
62094927
62096146
62096269
62094356
62094707
62095462
62096428
62096773
62095835
62126960
62096404
62095486
62096606
62096207
62126984
62095120
62096181
62096881
62097105
62127314
62096717
62095765
62097287
62097340
62127447
62097394
62096162
62097656
62096397
62096184
62096158
62098133
62097680
62097752
62095955
62096024
62097021
62097605
62097458
62128140
62127913
62128429
62097699
62096570
62098155
62097957
62096710
62128194
62097618
62096758
62097832
62099090
62099453
62097455
62130171
62098909
62099554
62099827
62099739
62100170
62098148
62130809
62100446
62130497
62130734
62099947
62131002
62100598
62099722
62100949
62100995
62101284
62099275
62131787
62100160
62101710
62099981
62099703
62100450
62099549
62131641
62099780
62100289
62101335
62101615
62101566
62099598
62132006
62101008
62101654
62102030
62101273
62132504
62100513
62102244
62102348
62101491
62101890
62100822
62100946
62100738
62102268
62102296
62100179
62132595
62101998
62101643
62101110
62100675
62100421
62132938
62101638
62102451
62102792
62101077
62133091
62101176
62101365
62102081
62102889
62101476
62101406
62101361
62102098
62102858
62100791
62101013
62101788
62102839
62102950
62132978
62102725
62101668
62102500
62103311
62102141
62103327
62101907
62103040
62103190
62102086
62133512
62103043
62102019
62103395
62101316
62102543
62103288
62103698
62103604
62133794
62101803
62102374
62103456
62103655
62102864
62134038
62133769
62101893
62103764
62103778
62103978
62101933
62134275
62103698
62102746
62104026
62104091
62103184
62103213
62103963
62104113
62104241
62102178
62134730
62104459
62103134
62104141
62104282
62102257
62134720
62103286
62104504
62103030
62134682
62104096
62103343
62104383
62104568
62104600
62134673
62104134
62104560
62104140
62104461
62103189
62103751
62104346
62134724
62104793
62104008
62134895
62104472
62103581
62102708
62102836
62102919
62135485
62105193
62103709
62105008
62105177
62103744
62135340
62104849
62103732
62104489
62104613
62105476
62105668
62103394
62136022
62105631
62104204
62105767
62105809
62105135
62105468
62104317
62105689
62105660
62104553
62136184
62105701
62104506
62104376
62136584
62104491
62105539
62104826
62106211
62106455
62104250
62104557
62105205
62106303
62105675
62104368
62136947
62105231
62106354
62106580
62104432
62137083
62105425
62106615
62105482
62106732
62105323
62136867
62137166
62106937
62105524
62106743
62106952
62137172
62106643
62105722
62105610
62107327
62107229
62107261
62137637
62105273
62105922
62105728
62107046
62105723
62137496
62105298
62106055
62105866
62107170
62107232
62106436
62106302
62106097
62107000
62106595
62106070
62107692
62105493
62137760
62138214
62138044
62138277
62105735
62106506
62106143
62107094
62105678
62138386
62108058
62106593
62107285
62108185
62107945
62107033
62107078
62108201
62108194
62108305
62106178
62106669
62107690
62107171
62108373
62108477
62107320
62107059
62108162
62108390
62108573
62106534
62139229
62107506
62108592
62108756
62108827
62139228
62109006
62107543
62108956
62138959
62139331
62108937
62107506
62108830
62108972
62107703
62139205
62109064
62107715
62109063
62107676
62109189
62107838
62107501
62109349
62108144
62109294
62108016
62139495
62108112
62108213
62140035
62109165
62108254
62109312
62109664
62109788
62139787
62107437
62109424
62109609
62109968
62107763
62140235
62109514
62108884
62110158
62109945
62107698
62108159
62108733
62107666
62109921
62110313
62108693
62140560
62109936
62109090
62110240
62110296
62140556
62110091
62109205
62110382
62108686
62108553
62140965
62109347
62109235
62110366
62110431
62108475
62108602
62141208
62109793
62110554
62110828
62108763
62141101
62109141
62110122
62141113
62110428
62109555
62110790
62110804
62109414
62141217
62111133
62109706
62110445
62111206
62141316
62110804
62110528
62128188
62128359
62127601
62158843
62128676
62127217
62128671
62128877
62127987
62159015
62128334
62127417
62159107
62127983
62158888
62128299
62127617
62129209
62128973
62127754
62159188
62128566
62127870
62129036
62129205
62127564
62128703
62129193
62127940
62128820
62129313
62127052
62127356
62128183
62129012
62127887
62129286
62159350
62128552
62127238
62127528
62128139
62127941
62129074
62129297
62127961
62129374
62128798
62128512
62159847
62129208
62128888
62128263
62129732
62129799
62127691
62129451
62128616
62129615
62130025
62129090
62129624
62129530
62129890
62128487
62128963
62129018
62128914
62130010
62130310
62128763
62129926
62128657
62130534
62130182
62128651
62160489
62128576
62129184
62128921
62130255
62129946
62128277
62160578
62128704
62129360
62130401
62130757
62128660
62128926
62129899
62130684
62130920
62129455
62130519
62129742
62129428
62130878
62131003
62161402
62130803
62129814
62131032
62131000
62131171
62131281
62131208
62130997
62129819
62129748
62131250
62131452
62131477
62161619
62131025
62130861
62130196
62131746
62130190
62131179
62130241
62131506
62131730
62129721
62161851
62131545
62130644
62131287
62131932
62162248
62131845
62130831
62130168
62131466
62162359
62130228
62162801
62132362
62130911
62132374
62132519
62132524
62130359
62162850
62132030
62131360
62131802
62131301
62133064
62132632
62131928
62131073
62131623
62132703
62132824
62132227
62131181
62132028
62132711
62132933
62133067
62163113
62131317
62132934
62131815
62133149
62132902
62132924
62132190
62163406
62132847
62131961
62133553
62133248
62133366
62131344
62133010
62133496
62133639
62133294
62133360
62131277
62163792
62132748
62133485
62133700
62133658
62163729
62133612
62133761
62133812
62132377
62163991
62133868
62133624
62133649
62133920
62163867
62133481
62132954
62132475
62133848
62164343
62132255
62133040
62132822
62134296
62134345
62133253
62164240
62132133
62132717
62133515
62164335
62164403
62132388
62134219
62132621
62133347
62134134
62133397
62164723
62134267
62133187
62134216
62134262
62134366
62134465
62132440
62132801
62133774
62133010
62134271
62133123
62134549
62134728
62133892
62164986
62134372
62134758
62134831
62134876
62134963
62132785
62165425
62134956
62133864
62135564
62135261
62135276
62165425
62134854
62134084
62135211
62134684
62135410
62134188
62165533
62135014
62134182
62135335
62135490
62134858
62166039
62135724
62134270
62135594
62165743
62165987
62135452
62134766
62135929
62135961
62135163
62166461
62136241
62134878
62136096
62166353
62166586
62134972
62134774
62136014
62135486
62135105
62136643
62136263
62136367
62135020
62135992
62134935
62136401
62136633
62135157
62134504
62167124
62136463
62135413
62136993
62137018
62135044
62135156
62135768
62137242
62135628
62167261
62136773
62136497
62137078
62137296
62135718
62167579
62135957
62136173
62137275
62137468
62135457
62136211
62136195
62137264
62137444
62137603
62135479
62167862
62137715
62136220
62137073
62137819
62135707
62137600
62137234
62136994
62136369
62136329
62137620
62137915
62136942
62168072
62136882
62137858
62136564
62135916
62168225
62137863
62137988
62137287
62168453
62137747
62136759
62138226
62138254
62168308
62137033
62137086
62137542
62138414
62136263
62138332
62138405
62138560
62138442
62168914
62136884
62137792
62137246
62138615
62138899
62136965
62138493
62138660
62138751
62137457
62168870
62137109
62138082
62138666
62138663
62138829
62138542
62138187
62138778
62139004
62137606
62169425
62137689
62137844
62138898
62139261
62137960
62139569
62138028
62139148
62139213
62139467
62139173
62139405
62138711
62138087
62139610
62139437
62138717
62139607
62139757
62138805
62137831
62139553
62138959
62139763
62169884
62138051
62138776
62139731
62139943
62138190
62137741
62170360
62139584
62138677
62139700
62140097
62137983
62170176
62139924
62139795
62140053
62138532
62170209
62139751
62138800
62140095
62140305
62140139
62138756
62140070
62139544
62140168
62139561
62139569
62170933
62140420
62139179
62140535
62140516
62140521
62138445
62171088
62138236
62140404
62140531
62140898
62140137
62170963
62139028
62139715
62140281
62141088
62171066
62139284
62140002
62140889
62139692
62139547
62139152
62140903
62138751
62171375
62141295
62139939
62140932
62141229
62139702
62171389
62140860
62140255
62141508
62141666
62140065
62171857
62141277
62140326
62141465
62140302
62171914
62140662
62140899
62141805
62140345
62171938
62172262
62141915
62140700
62141429
62142063
62140011
62172539
62141890
62141918
62140745
62172453
62140542
62141239
62141946
62142277
62141583
62172544
62142161
62141168
62141915
62142560
62172750
62142239
62141318
62172752
62140683
62173207
62141468
62141325
62142745
62142985
62141690
62143046
62140987
62173389
62173882
62142370
62143156
62142408
62173579
62143313
62142022
62143431
62142117
62143069
62143182
62143418
62141103
62173549
62143187
62143198
62142655
62143356
62142379
62173625
62142057
62142130
62142974
62143717
62142206
62142387
62142601
62144132
62143961
62142335
62141944
62174394
62144045
62142627
62144122
62144084
62142890
62142826
62144099
62144461
62144571
62174484
62144023
62143344
62144317
62144687
62174542
62142880
62143437
62144515
62143202
62174973
62144281
62143431
62144440
62144601
62144578
62144651
62144943
62143152
62144888
62143731
62145008
62145252
62143042
62143339
62144360
62145026
62145184
62144002
62175690
62143688
62144194
62144242
62145378
62145609
62144759
62175888
62175660
62145675
62145679
62144972
62176179
62146028
62144673
62145239
62146138
62145323
62176525
62145013
62144754
62176214
62176177
62144403
62146326
62146110
62146397
62146423
62144179
62176891
62146169
62145152
62146347
62144364
62176437
62176599
62176594
62146118
62145173
62146398
62146542
62146646
62148360
62146802
62145553
62146710
62145668
62145604
62146893
62146961
62177141
62146709
62146117
62145789
62147137
62146814
62146816
62145891
62147585
62147192
62147296
62177492
62145505
62146017
62145813
62145777
62146871
62145446
62147492
62146068
62147984
62147526
62147603
62146791
62177801
62147172
62146313
62147578
62146574
62146457
62146485
62146651
62146508
62147661
62147905
62178100
62147401
62146662
62147805
62148075
62146074
62178485
62146914
62146744
62178638
62178523
62178777
62148362
62147058
62148639
62148366
62147506
62178623
62148571
62147288
62147450
62147246
62148543
62148766
62178802
62148360
62147876
62148907
62147996
62179103
62148494
62147751
62148815
62149016
62147624
62179261
62148772
62147991
62149138
62149152
62148064
62149168
62148130
62149684
62149462
62147764
62179520
62147598
62149166
62179945
62179413
62149822
62149562
62179835
62147812
62148898
62148250
62149221
62147820
62179913
62149414
62148365
62150036
62148522
62180253
62149516
62148800
62149770
62149883
62148773
62180255
62150089
62150031
62150145
62148134
62148355
62148912
62150038
62150491
62148987
62148789
62150260
62150354
62150539
62149925
62148613
62181000
62180781
62180808
62148519
62150532
62148977
62180763
62148859
62150809
62149478
62148554
62150922
62148682
62149187
62149618
62149587
62151017
62151145
62181362
62151058
62149778
62150121
62149122
62181561
62149091
62151613
62151297
62151476
62149928
62181826
62151389
62151604
62151831
62150902
62182042
62150181
62151549
62150684
62151656
62152053
62150160
62151971
62151928
62150506
62182170
62149828
62150640
62152228
62151389
62182589
62150562
62151146
62182861
62152097
62151423
62152467
62152441
62153682
62154098
62152861
62184656
62184891
62184839
62185062
62153503
62153353
62154714
62153576
62185280
62154990
62155310
62155396
62155602
62154126
62185910
62155434
62154411
62155553
62155797
62153874
62154167
62154690
62154112
62155926
62156009
62155146
62186090
62155688
62154808
62156050
62156048
62154098
62186449
62156291
62154973
62156160
62154995
62155649
62154665
62155656
62156463
62156165
62156438
62158358
62154773
62156914
62156674
62156684
62156979
62154624
62154998
62186813
62187267
62155708
62155319
62155995
62154581
62187020
62155975
62156792
62156688
62157094
62187275
62155345
62157265
62155883
62157016
62157378
62155785
62187630
62157060
62157596
62157426
62157383
62155269
62155691
62156437
62157916
62157699
62156367
62187894
62157491
62157554
62157577
62156859
62187955
62157444
62156565
62156224
62157723
62157765
62156583
62188172
62157929
62156714
62157238
62188342
62156477
62157402
62157188
62157118
62157046
62158830
62158460
62158629
62157807
62188975
62158353
62156564
62158685
62157533
62188916
62156984
62157790
62158640
62157543
62157514
62158651
62158924
62189277
62158599
62158220
62157739
62158856
62157608
62189303
62158770
62157911
62159557
62159420
62158074
62189832
62158158
62158282
62189365
62157929
62189657
62157630
62158174
62159356
62159498
62157602
62189784
62159494
62158104
62159541
62159632
62159443
62158994
62158388
62160025
62159829
62159807
62157638
62190120
62159779
62158499
62159614
62158710
62158726
62159164
62158759
62159855
62160022
62160051
62159069
62190453
62160186
62158554
62160262
62158189
62190489
62158337
62159463
62158825
62160358
62159067
62160126
62158798
62160456
62160303
62159348
62158993
62160503
62160541
62158390
62190999
62159919
62159284
62160807
62160956
62191114
62160520
62159610
62160714
62161009
62158804
62159355
62160002
62161178
62160389
62159887
62161138
62161378
62159248
62159598
62160561
62161118
62161488
62160458
62161326
62160183
62160254
62192079
62161126
62161195
62192151
62161463
62161050
62160330
62162068
62161393
62161862
62161956
62160625
62161786
62161977
62161979
62160715
62161147
62160643
62162083
62162060
62161975
62162192
62162255
62161368
62192643
62161008
62160851
62161776
62162353
62192536
62161570
62161935
62162544
62162611
62161775
62193173
62161337
62161475
62162563
62162885
62162917
62192939
62161585
62162721
62163401
62163187
62161777
62193328
62162876
62161870
62163027
62163181
62162372
62161408
62163120
62163281
62161794
62193601
62161601
62162802
62163268
62163603
62161417
62163512
62163865
62163474
62163776
62161628
62161493
62163657
62163781
62163960
62161881
62163187
62164066
62164296
62163232
62194178
62163954
62163075
62162837
62164296
62163019
62164145
62163911
62162344
62194530
62194759
62164354
62163377
62164315
62164763
62162323
62194968
62163361
62164254
62194944
62163904
62195120
62164470
62164183
62164849
62165061
62163968
62195302
62164532
62165084
62165087
62165243
62163820
62195396
62163281
62164394
62164978
62165316
62195471
62164315
62164878
62165319
62164147
62165176
62165653
62164335
62165852
62165643
62165712
62165744
62165109
62164128
62165074
62164022
62165839
62163845
62196343
62165762
62164559
62165228
62165950
62196026
62164408
62196077
62164213
62165967
62165985
62166119
62163968
62196701
62165971
62165132
62166334
62166400
62166432
62164362
62166188
62164920
62166206
62165756
62196565
62166634
62166800
62166661
62165321
62196930
62197336
62165455
62165763
62166725
62167034
62166389
62165238
62166299
62166931
62164878
62197496
62165521
62166142
62165784
62167258
62166565
62197806
62167119
62166143
62167448
62165942
62197652
62198009
62166525
62166300
62167163
62167775
62166292
62197795
62166048
62166532
62167496
62167679
62167697
62165975
62167772
62168018
62166369
62167091
62167420
62168101
62166878
62168370
62168333
62168304
62198383
62166455
62167523
62167505
62168473
62166422
62198842
62167131
62167293
62168572
62167209
62198820
62167632
62166731
62167199
62168039
62198966
62166983
62167732
62168690
62168848
62167327
62199049
62168465
62167606
62167916
62168091
62199235
62167251
62168374
62167648
62168510
62169444
62168632
62199816
62169259
62168232
62169164
62168649
62199648
62199945
62169592
62168308
62169418
62169634
62168110
62199794
62169308
62168198
62170066
62169468
62169692
62168808
62169817
62169117
62200009
62169362
62168725
62169649
62199944
62167748
62200163
62169514
62168835
62170081
62170140
62169478
62200523
62169890
62169075
62170259
62170281
62200566
62168756
62170273
62169564
62168913
62170367
62170521
62170652
62200967
62170149
62169369
62170690
62170657
62170832
62201079
62200833
62169088
62170706
62170789
62170532
62171217
62169072
62169261
62201557
62201527
62169499
62170995
62169978
62171222
62171415
62169786
62169180
62171098
62171274
62169891
62171332
62171589
62169461
62201717
62169600
62201947
62171289
62170484
62171685
62171816
62170321
62169989
62170099
62170894
62170667
62171763
62172023
62171211
62202252
62172071
62170882
62171914
62172168
62170524
62169956
62170396
62172330
62172408
62172557
62170372
62202648
62170853
62171437
62172511
62172667
62171197
62202935
62171572
62172659
62172814
62171052
62203113
62171202
62172005
62172807
62173132
62171097
62203167
62171268
62171982
62170958
62171133
62171148
62203495
62172783
62171873
62173265
62173212
62172553
62203668
62173307
62172265
62203718
62173481
62172657
62173572
62173553
62173585
62173770
62172819
62203780
62173289
62172491
62173579
62172211
62203836
62204155
62173478
62173062
62172503
62173315
62174096
62171876
62204267
62174078
62172664
62174228
62173631
62204212
62204497
62172962
62172826
62174190
62174332
62173466
62204599
62174129
62173822
62174461
62174695
62173225
62204724
62172902
62173773
62174466
62174780
62173304
62173962
62205028
62174468
62173765
62174741
62175253
62173770
62175042
62173766
62173390
62175140
62173797
62205444
62205754
62172844
62175055
62175175
62174127
62175181
62173393
62205707
62173919
62174940
62174394
62175814
62175915
62206047
62175592
62174959
62175898
62176188
62174760
62176093
62174867
62175949
62176150
62176295
62174233
62206695
62175137
62175021
62176478
62174992
62176454
62175310
62176481
62176414
62175417
62174595
62207100
62176775
62175248
62176733
62174811
62207040
62175119
62176232
62175611
62176360
62175942
62177432
62177168
62175562
62207490
62175434
62176584
62176290
62177347
62175145
62207943
62177487
62176105
62177279
62177600
62177731
62177589
62177519
62207719
62177306
62176989
62177012
62177939
62176415
62175799
62208345
62178077
62176609
62178021
62178251
62178201
62177410
62208428
62177983
62177058
62178168
62176451
62208547
62208686
62178405
62177070
62178425
62178661
62176554
62208772
62178299
62177306
62177687
62176550
62208877
62176766
62178686
62177385
62178546
62178737
62176693
62208905
62178314
62177735
62178639
62178919
62177355
62209122
62178680
62177693
62178792
62178906
62209421
62178511
62177929
62178884
62178943
62177597
62209298
62209613
62177127
62209442
62177646
62209384
62209350
62177331
62209672
62177737
62178335
62178185
62179380
62178201
62209739
62178036
62178141
62179736
62178937
62210166
62179819
62178429
62179033
62179841
62178320
62179929
62178414
62210232
62179756
62179896
62178621
62210250
62178424
62179080
62178794
62180320
62180273
62180353
62210504
62178894
62180335
62180472
62180528
62180639
62179891
62210798
62211301
62179676
62179386
62180727
62179418
62180651
62180563
62179779
62180926
62181066
62181071
62180235
62211347
62179759
62179965
62179472
62181204
62181161
62181316
62179658
62211618
62179837
62180364
62181469
62181544
62181699
62179408
62211915
62179059
62181629
62181589
62180140
62211840
62179817
62180439
62180447
62181553
62181730
62181858
62179866
62181248
62181662
62181997
62181233
62212352
62181680
62180827
62182001
62182178
62180876
62212274
62181772
62181039
62212284
62212638
62181940
62181032
62180876
62182397
62182511
62212501
62180752
62181609
62182476
62182804
62182638
62213232
62180995
62181375
62182672
62182721
62180835
62212937
62213511
62180979
62182647
62182883
62182446
62181134
62182757
62182156
62181583
62183089
62183182
62181545
62213433
62181472
62181744
62183379
62183552
62181880
62213548
62181677
62182480
62182281
62183705
62183631
62181507
62181988
62182635
62181549
62182178
62213766
62182125
62182838
62182888
62183730
62183921
62183998
62181820
62182092
62214144
62184147
62183980
62182565
62182995
62182883
62182836
62184260
62184155
62184301
62182851
62214533
62184009
62183164
62184787
62184540
62184602
62183698
62214686
62214932
62182509
62184404
62184733
62184788
62184758
62184927
62214858
62183142
62184118
62184764
62184918
62184910
62184615
62184135
62183644
62184791
62185057
62185032
62184268
62215388
62184761
62184015
62185141
62185508
62183632
62185242
62185245
62185483
62183872
62215882
62185478
62184373
62185451
62185835
62185013
62216085
62185482
62216027
62215882
62183602
62215986
62185598
62184398
62184715
62216406
62185188
62185380
62216337
62184321
62185047
62186029
62186139
62184618
62216219
62186173
62185060
62184992
62186279
62186419
62186445
62185225
62184408
62186866
62186782
62184729
62216989
62184976
62186688
62186873
62186929
62186873
62185516
62186753
62186435
62186960
62184907
62217313
62186877
62186488
62185584
62187169
62186432
62186801
62185825
62187386
62187271
62186647
62187376
62187346
62187522
62186148
62185552
62218117
62186327
62186635
62187891
62187044
62218144
62186156
62187166
62187699
62187853
62187810
62185716
62185938
62187579
62187843
62187959
62186559
62218219
62186297
62187297
62188007
62188219
62188299
62187272
62187680
62188095
62186948
62187942
62188262
62188381
62188224
62188441
62186255
62186692
62187712
62187081
62186302
62188659
62187877
62218823
62186750
62187887
62187150
62188533
62188816
62190384
62188237
62188280
62188727
62188768
62186638
62219241
62218862
62187219
62188189
62188797
62189017
62188362
62219104
62219276
62219400
62189072
62187741
62189487
62189343
62189415
62191038
62187768
62188500
62188044
62189626
62189523
62188180
62219565
62187725
62188255
62189535
62189488
62188914
62219959
62189351
62191163
62221991
62190375
62191507
62191081
62192372
62192311
62192292
62191929
62192954
62190895
62191071
62191598
62193019
62193111
62191732
62223535
62191637
62192210
62192061
62193382
62191978
62223770
62193127
62193247
62193334
62193660
62191631
62191835
62192924
62193621
62193751
62194077
62192547
62192341
62193603
62192656
62193785
62193956
62191856
62192186
62193264
62193770
62194016
62192038
62193859
62193046
62192828
62194020
62194299
62194175
62192934
62224533
62192587
62193079
62194494
62194438
62193211
62192634
62194083
62193704
62193217
62194500
62194655
62193236
62224968
62192982
62193515
62194012
62194703
62224968
62194803
62193390
62195016
62195150
62192811
62193309
62193787
62193737
62194985
62195229
62194393
62194254
62195086
62194049
62194974
62195162
62195317
62194518
62225586
62195102
62194259
62195460
62194202
62225971
62195405
62194280
62195585
62195817
62194282
62226109
62193994
62194773
62195698
62196083
62196211
62194006
62226491
62196130
62196584
62196187
62196328
62194142
62194639
62195507
62195040
62196884
62196594
62196728
62226729
62196204
62194165
62194974
62226710
62194751
62195362
62195253
62196640
62196756
62196690
62195543
62196618
62195612
62196825
62197047
62197144
62227380
62195429
62196565
62195829
62197262
62196314
62195696
62198797
62195797
62196791
62197152
62227664
62197114
62195466
62196655
62197597
62195595
62197580
62197201
62197277
62195360
62196334
62197599
62195903
62198046
62196305
62197081
62195508
62196599
62197860
62196021
62197915
62197895
62228403
62197811
62197288
62197393
62228146
62197742
62197510
62228436
62196719
62198139
62197952
62197567
62228364
62197006
62196052
62196964
62197836
62228631
62197084
62198510
62197964
62197142
62198387
62228694
62198340
62196358
62198273
62199007
62196676
62198029
62218111
62248188
62216747
62218122
62216385
62216016
62216276
62218016
62217405
62217313
62218285
62248579
62217084
62218412
62217964
62216346
62217257
62217067
62218397
62248515
62217340
62218565
62216818
62218447
62216511
62217326
62248909
62217369
62218561
62217569
62217380
62218788
62249029
62217605
62219007
62249299
62218742
62249202
62217602
62218974
62218610
62218221
62216951
62217755
62219167
62217178
62218872
62220731
62218863
62219243
62218475
62218745
62219245
62218686
62219387
62219508
62217500
62218360
62217452
62218128
62219673
62249960
62218051
62218198
62219427
62219007
62249802
62218535
62219474
62218013
62219620
62219768
62250406
62219758
62218679
62218945
62219927
62250182
62218700
62220218
62217935
62220133
62250275
62219463
62220293
62220117
62220122
62218183
62219621
62220535
62250726
62219454
62220574
62218991
62221046
62219993
62220533
62250855
62220490
62220520
62218800
62220869
62220798
62251065
62219750
62221039
62219190
62220929
62219112
62220678
62219651
62219005
62220152
62220745
62219223
62220484
62221272
62251377
62220147
62220234
62220951
62221244
62219213
62220382
62221678
62251872
62221323
62219618
62221725
62221695
62221754
62221447
62252028
62220478
62221901
62220004
62221689
62220358
62221633
62221229
62251986
62220760
62222186
62219933
62222040
62220596
62222775
62220352
62221484
62222343
62252746
62221283
62220799
62221344
62220640
62221312
62222650
62220696
62221429
62222824
62252987
62221644
62222921
62253552
62222868
62220883
62223027
62223189
62253444
62253456
62222010
62223368
62222908
62223105
62221581
62223581
62223443
62222975
62223660
62223322
62221639
62223358
62221630
62222969
62223556
62254025
62222310
62223777
62223029
62223735
62254117
62223659
62222291
62223845
62223809
62253938
62222605
62224058
62223557
62224051
62222570
62223753
62223304
62223940
62223477
62254473
62223113
62224638
62222599
62224780
62223103
62224487
62223034
62224262
62224649
62254940
62223473
62224569
62255073
62223358
62222713
62224653
62224613
62254819
62223467
62224153
62223900
62224823
62224032
62255157
62223669
62225034
62255273
62223632
62225198
62223458
62225004
62223847
62223468
62224982
62223281
62224285
62224488
62223446
62225145
62224537
62225556
62225526
62255753
62224424
62225823
62223919
62225447
62224339
62224449
62225657
62223661
62225723
62225642
62255760
62224459
62225762
62224012
62256100
62225043
62256069
62223987
62225663
62225082
62224608
62225925
62225199
62224639
62225960
62227821
62225622
62226179
62226282
62256597
62224921
62226354
62256706
62226225
62225231
62224747
62226525
62226714
62224415
62224787
62225324
62226699
62257204
62225391
62225292
62226689
62226893
62225548
62226098
62226257
62225041
62227109
62226796
62225503
62225694
62227158
62257433
62227062
62227354
62225304
62227140
62227511
62225353
62226324
62227368
62257732
62226400
62227860
62226024
62227597
62227793
62227656
62226478
62228058
62258381
62227690
62227875
62226114
62228237
62225802
62227058
62227998
62229692
62227937
62228091
62226256
62227415
62228216
62258423
62227506
62228181
62226635
62227221
62228325
62227619
62228094
62228168
62226270
62226550
62228535
62228355
62227004
62226930
62228503
62226892
62228551
62228814
62228479
62228671
62228832
62259470
62228712
62228985
62228576
62226643
62226895
62227734
62227831
62229243
62259745
62228032
62229281
62259503
62227865
62229179
62227632
62259669
62227595
62259491
62227971
62229292
62259400
62228661
62229234
62227345
62228242
62229422
62229702
62229394
62227743
62229655
62229650
62228947
62229785
62229024
62227628
62229022
62229664
62260042
62229211
62228868
62228522
62229444
62229329
62229822
62230189
62228045
62229757
62229419
62230054
62260471
62229525
62229660
62229375
62230078
62229460
62228438
62230134
62229319
62230212
62230471
62228664
62230352
62230608
62228909
62230558
62260664
62230295
62230609
62231065
62229100
62230633
62229415
62229194
62261442
62229738
62231273
62230847
62231154
62231318
62229454
62229039
62230929
62231155
62230036
62230993
62231879
62231584
62229775
62231423
62230448
62231282
62231682
62231218
62231388
62230618
62231169
62231404
62230189
62230209
62261928
62229976
62231522
62230673
62262168
62231536
62231744
62232323
62230510
62231469
62231749
62230669
62230419
62231151
62229841
62230686
62232196
62230765
62231724
62232549
62230840
62230383
62232160
62231107
62232119
62232457
62262682
62231595
62232525
62262637
62231162
62232543
62262792
62231233
62232792
62230923
62231863
62262820
62232984
62232823
62230896
62232866
62232925
62231033
62231854
62232959
62231465
62231359
62233025
62263049
62231688
62231640
62232719
62232970
62232479
62232115
62233155
62231801
62232962
62231484
62231552
62233122
62232209
62231689
62233340
62232197
62232828
62233748
62233512
62232005
62233142
62233426
62232307
62233864
62233626
62231813
62233543
62233785
62232468
62233999
62232782
62232402
62233972
62234120
62264615
62232724
62234376
62232612
62234236
62234448
62232068
62234267
62264394
62233622
62234329
62232331
62234604
62234585
62233721
62234628
62233366
62234488
62234282
62234387
62232523
62233909
62234755
62232628
62233518
62234786
62264962
62265014
62234568
62234600
62234692
62233563
62234866
62234996
62233754
62233556
62235153
62265617
62234160
62235651
62265943
62235772
62234687
62235662
62234785
62233841
62235660
62234079
62235501
62265820
62266017
62234417
62235723
62265969
62235425
62234491
62234324
62235710
62235681
62235638
62234887
62234294
62234138
62235789
62233879
62234847
62236153
62266304
62235042
62236434
62266473
62235453
62236516
62235500
62236669
62235133
62236129
62236487
62236737
62234850
62236641
62236877
62234973
62236532
62235731
62235539
62236832
62234885
62235887
62237133
62235196
62235298
62236997
62235623
62236827
62236960
62237274
62236943
62237097
62237367
62235596
62235580
62235934
62235948
62237003
62237361
62235539
62236403
62237860
62268318
62236485
62237897
62267975
62236530
62238065
62235922
62237813
62268369
62236121
62237769
62237257
62238088
62268050
62236281
62238007
62238192
62236380
62236700
62238305
62268634
62237029
62236850
62236551
62236924
62238291
62268481
62237655
62237988
62236364
62238520
62238635
62237744
62238312
62238533
62237151
62238080
62237485
62237181
62238894
62237049
62237240
62239004
62237708
62269609
62238798
62238887
62237598
62238815
62269420
62269431
62237173
62239409
62239241
62239614
62237693
62239443
62239147
62238273
62239307
62239520
62269766
62238104
62239421
62269946
62238848
62239574
62238261
62239446
62239756
62270158
62238545
62239813
62237680
62239867
62239769
62238697
62239664
62239731
62269910
62239069
62240022
62239371
62239651
62239856
62238018
62238253
62270278
62237999
62239670
62239752
62240114
62270630
62239015
62240291
62270669
62239320
62240561
62238637
62239413
62240525
62238919
62240130
62240489
62239155
62238960
62240455
62240718
62239205
62239065
62238849
62240707
62240752
62241041
62271247
62239840
62241018
62271341
62240131
62240511
62240461
62240909
62240789
62240250
62239842
62240573
62239898
62239494
62241282
62241461
62241398
62241448
62239449
62240390
62241529
62239555
62241800
62241816
62239712
62240816
62241946
62272154
62241003
62242038
62240752
62240739
62242192
62272334
62242447
62242170
62240928
62242068
62242270
62242642
62272939
62241120
62242666
62273162
62241445
62242565
62240406
62242209
62242592
62272987
62241617
62242872
62273041
62241723
62242913
62273046
62241302
62241834
62241189
62242743
62242930
62243203
62273545
62241767
62243385
62273561
62242146
62243364
62242453
62241976
62242395
62242981
62242224
62243473
62273855
62242464
62243617
62273816
62242587
62243796
62274061
62242767
62241788
62243240
62242442
62244080
62242364
62243572
62243930
62243220
62244236
62244052
62244020
62242833
62243743
62244152
62243300
62242527
62274412
62242658
62274758
62243054
62244252
62274316
62244338
62244357
62244631
62242881
62243270
62244700
62274875
62244614
62244711
62242569
62244299
62244782
62244671
62244955
62275017
62244768
62243256
62243039
62243168
62244968
62275032
62243915
62244951
62244337
62243284
62243686
62253201
62276806
62245364
62246793
62277024
62245779
62246953
62245336
62246681
62245670
62247160
62247059
62247674
62245831
62246247
62247636
62277783
62246990
62247373
62247272
62246212
62247758
62248045
62247992
62247891
62249701
62248128
62248276
62278792
62246943
62248417
62278768
62247200
62248383
62246482
62248659
62248838
62246684
62248654
62248659
62248506
62248744
62248977
62247168
62247714
62249067
62278977
62248201
62248899
62248785
62248913
62248684
62249022
62279579
62247811
62249241
62279592
62248593
62249319
62247400
62249531
62248653
62249393
62247961
62248074
62249628
62247346
62249627
62249526
62249711
62279818
62248387
62249724
62251432
62249684
62248261
62248152
62248629
62250073
62280300
62248773
62250014
62249222
62249708
62248030
62280477
62249023
62249908
62250283
62280582
62248957
62250247
62248147
62250310
62249925
62280936
62249237
62250567
62248518
62250682
62250955
62250705
62280887
62249108
62250740
62281064
62248798
62280918
62250666
62250684
62250708
62251060
62281229
62249764
62251088
62281485
62249880
62281668
62250256
62251268
62249250
62281744
62250014
62251260
62281879
62250223
62251601
62249388
62251246
62249269
62251620
62251205
62251476
62281762
62250702
62251689
62281807
62250583
62281879
62250622
62251402
62251120
62250213
62250650
62252203
62249738
62252056
62252153
62250486
62250407
62252018
62250261
62250684
62252135
62282727
62251071
62252384
62282484
62251408
62252246
62252351
62250479
62250231
62252437
62282777
62251448
62252563
62250833
62250907
62250791
62252377
62252736
62252329
62251315
62282924
62251951
62252902
62283028
62252299
62253227
62251049
62251914
62253181
62253468
62283804
62252022
62253520
62252270
62253212
62252537
62252907
62253357
62252062
62251728
62252249
62253789
62283922
62252569
62253875
62252350
62253738
62253967
62284306
62252760
62254207
62284379
62252905
62254130
62252054
62253913
62254113
62252918
62252837
62254246
62284527
62253026
62254360
62252324
62254522
62254347
62253770
62254352
62253563
62253183
62254739
62255046
62285415
62285196
62252947
62285300
62253844
62254809
62252910
62255118
62254977
62255366
62285606
62253800
62255311
62285603
62254139
62253316
62255402
62255213
62255357
62285954
62254231
62255687
62285599
62254682
62255487
62253306
62255343
62253600
62255240
62255622
62255844
62286195
62254769
62254791
62255794
62253817
62255905
62255767
62254586
62255186
62256163
62254673
62286352
62254745
62256089
62253975
62256095
62254606
62286373
62254947
62256193
62286458
62255242
62256341
62286845
62255672
62256412
62255022
62256531
62256066
62256645
62258139
62256387
62256637
62286918
62255962
62256753
62254725
62256871
62256631
62257031
62256396
62256625
62256832
62287056
62255541
62256974
62256083
62256609
62255612
62257197
62256837
62256822
62257044
62256337
62256768
62256976
62255898
62256980
62257185
62255750
62257059
62257329
62257616
62288043
62257214
62257555
62287849
62257740
62257521
62256255
62255983
62256385
62257976
62288315
62256697
62257826
62288078
62255787
62288220
62257517
62256487
62258282
62256273
62257781
62256733
62258351
62288816
62257010
62258181
62258591
62256616
62258457
62258540
62257637
62258154
62258519
62258806
62289200
62257386
62258841
62256895
62258575
62258848
62257052
62258691
62259028
62259393
62289615
62257940
62259334
62257088
62259197
62259193
62257806
62259186
62257863
62259518
62257548
62259633
62259430
62259653
62289996
62258360
62258782
62257855
62259684
62258289
62258272
62258556
62260116
62258406
62258644
62260163
62259341
62257829
62260029
62259267
62258296
62258722
62260204
62290490
62259419
62259551
62259120
62258584
62259545
62258868
62258687
62290922
62259474
62260494
62259815
62260290
62260437
62260584
62291189
62259483
62291127
62260541
62260629
62259373
62259125
62259417
62260960
62290982
62259698
62260280
62260507
62259675
62260603
62259698
62259240
62259608
62261175
62291258
62261402
62261121
62259855
62261262
62261428
62291538
62260634
62260404
62259906
62259924
62261593
62260908
62259906
62260236
62261776
62292044
62260749
62259648
62292184
62260683
62261899
62259922
62262127
62261924
62262386
62261406
62260562
62260913
62262489
62263954
62262049
62262323
62262406
62261468
62260677
62262339
62262711
62293013
62261348
62262668
62261143
62262388
62262549
62260671
62293185
62261629
62262925
62293300
62262293
62263103
62263224
62293209
62263240
62263088
62261822
62261332
62263010
62261815
62261856
62263228
62262234
62261660
62263257
62262012
62261660
62293468
62263398
62293968
62262312
62263540
62293880
62262869
62263681
62261850
62263569
62262797
62264200
62264204
62294597
62263520
62261713
62262111
62263810
62262501
62262568
62262889
62264332
62263462
62263774
62262880
62262318
62262197
62262688
62262768
62264173
62263492
62262664
62263073
62264530
62294772
62294311
62264582
62262373
62264191
62264473
62264715
62294767
62263903
62264568
62263206
62264516
62264844
62294852
62263653
62265442
62263623
62263344
62263875
62265326
62295447
62265287
62264798
62295279
62264890
62265100
62265034
62265243
62263407
62264018
62265144
62263327
62265127
62264503
62265161
62295463
62265378
62265240
62265578
62295739
62264265
62265421
62264103
62264516
62265328
62263661
62263888
62264318
62265707
62295767
62264650
62265730
62265877
62265956
62265549
62265173
62263753
62296281
62264473
62265845
62296095
62265135
62266179
62264665
62265691
62265731
62266039
62296389
62265277
62266034
62266233
62296713
62265326
62265743
62264488
62264583
62264894
62266430
62264388
62266265
62266309
62265220
62297040
62265600
62266735
62265450
62266645
62266874
62265969
62265656
62266731
62266042
62266709
62266972
62267412
62297753
62266018
62267490
62265390
62266192
62265070
62297713
62267545
62267426
62266531
62298186
62266544
62267946
62265642
62266752
62266089
62298000
62266937
62266385
62267676
62267939
62298282
62266876
62297881
62298107
62268014
62298084
62266208
62266829
62268051
62268274
62298536
62267783
62268510
62266389
62268142
62266146
62266223
62266853
62267235
62268461
62298720
62268783
62268696
62268722
62299371
62267636
62267219
62267195
62267391
62268970
62267018
62268614
62269074
62299318
62268321
62269251
62268481
62268779
62269110
62267913
62267677
62267156
62267580
62267472
62267569
62267795
62268996
62270011
62270185
62269616
62268046
62269687
62269534
62269757
62300028
62300360
62268810
62269870
62268381
62269599
62269944
62270102
62300541
62269160
62270196
62300532
62269350
62270313
62269824
62270088
62270111
62270439
62300747
62270540
62270321
62270789
62300718
62269735
62270526
62269263
62269309
62270540
62269814
62268982
62269258
62270911
62268790
62270875
62270945
62269684
62269404
62270641
62270820
62301126
62269709
62270881
62271152
62301205
62270024
62301308
62301175
62270669
62269636
62271356
62301286
62271273
62271557
62270744
62271907
62271561
62271147
62270266
62271414
62270827
62301993
62270792
62302044
62270614
62271807
62271880
62302006
62271151
62271537
62269787
62271976
62270824
62302440
62270783
62272164
62302122
62272224
62272056
62272241
62270308
62270543
62271171
62272026
62302423
62272314
62272530
62270767
62270446
62271473
62271082
62270691
62273903
62302507
62272459
62272644
62302687
62272632
62272399
62272662
62270871
62271311
62272830
62271371
62272442
62272654
62303050
62272837
62272597
62272962
62303109
62271519
62273133
62303398
62272836
62271608
62303460
62272311
62273096
62271320
62303545
62304006
62272697
62273347
62273591
62273107
62272690
62273753
62303920
62272581
62273770
62273027
62272035
62273568
62273862
62271852
62272220
62273913
62273149
62272106
62272600
62274116
62273321
62272221
62272718
62274269
62274035
62274091
62274378
62304506
62273171
62273038
62274376
62273108
62274630
62273727
62272770
62273147
62304785
62274593
62304911
62273573
62274420
62274785
62304904
62274825
62274555
62274784
62276382
62273819
62275185
62274980
62305338
62273929
62274950
62273640
62273333
62273824
62275174
62274781
62273636
62274505
62275160
62275161
62305557
62275476
62275338
62275625
62305927
62305660
62274007
62305639
62274269
62275238
62274798
62273926
62275571
62275732
62305981
62274364
62275680
62274807
62274306
62275620
62275125
62274334
62274819
62276071
62275304
62274374
62276083
62274471
62275299
62276409
62274756
62274450
62275136
62276330
62275914
62276508
62276574
62275122
62307130
62275437
62276597
62276733
62307224
62275539
62276794
62276824
62275391
62276785
62275320
62275047
62275503
62277028
62274734
62276932
62276839
62275650
62277237
62277255
62276966
62276993
62277269
62307437
62277356
62275989
62277396
62276683
62308027
62275510
62277338
62277379
62277673
62307766
62276766
62277414
62277586
62307959
62277589
62277696
62276671
62277546
62276423
62277675
62276211
62277887
62277862
62308458
62276635
62277896
62275790
62277858
62276063
62308482
62277142
62278216
62276726
62276545
62277033
62278323
62276961
62308721
62277049
62308601
62276401
62277066
62278523
62308934
62277357
62278633
62277889
62277075
62277392
62278814
62309038
62278583
62278800
62276696
62309094
62277736
62277637
62279021
62309015
62278758
62278463
62277103
62277636
62278535
62277552
62277218
62277723
62279048
62309250
62277966
62278936
62279124
62279208
62279078
62279360
62309526
62278538
62278632
62277335
62277502
62278181
62279383
62277266
62279472
62279722
62277574
62279348
62279491
62279758
62310030
62278438
62279789
62277849
62278890
62279028
62278169
62278434
62280124
62310087
62278768
62278875
62280226
62277984
62279870
62279381
62280124
62280276
62310635
62279538
62279928
62279207
62310709
62310640
62280227
62288572
62281775
62280233
62280268
62280810
62282161
62281666
62280904
62281348
62282949
62313476
62282269
62282944
62283188
62313484
62282993
62282454
62283228
62313826
62282391
62283854
62283090
62283582
62283787
62282433
62282113
62283628
62284089
62314260
62282960
62284534
62282766
62314575
62282927
62284312
62283481
62283216
62284334
62284782
62314995
62283442
62285051
62284788
62314780
62283686
62284600
62284881
62315176
62283578
62284445
62284747
62315279
62283549
62284827
62283755
62315347
62284962
62284864
62284710
62283791
62285142
62284939
62285304
62315805
62284241
62285186
62285446
62315714
62285229
62284349
62285502
62284203
62284474
62285354
62285678
62315710
62285773
62285468
62285868
62283436
62285094
62284313
62285541
62285669
62284259
62285658
62283770
62316154
62316050
62316331
62284577
62285877
62283788
62285530
62283824
62285941
62316075
62286318
62285976
62286276
62316412
62285960
62285086
62286116
62285404
62316494
62284934
62286294
62286639
62316901
62285363
62286634
62285865
62317193
62285436
62286668
62284640
62285066
62285680
62286738
62286801
62285407
62286639
62286941
62316867
62285668
62286936
62287206
62317578
62285999
62287407
62286725
62284643
62287261
62317528
62287459
62287262
62287659
62317959
62286933
62288013
62287753
62289256
62287531
62287550
62317942
62287790
62286451
62287861
62286789
62318454
62286723
62288061
62286597
62287584
62288099
62285927
62287077
62318320
62288155
62287901
62288362
62318715
62286978
62287499
62287511
62286533
62286973
62288506
62318768
62286612
62288190
62318490
62287576
62288289
62288338
62318719
62287509
62288403
62288564
62288313
62288656
62287187
62288850
62319000
62287652
62288761
62288793
62289182
62319301
62288943
62289058
62287057
62289117
62289116
62289438
62319775
62288373
62289496
62289158
62287910
62289408
62288215
62320030
62288653
62289413
62288344
62320180
62288395
62289566
62287336
62287529
62289604
62289636
62289572
62289898
62289068
62288093
62288506
62289959
62289784
62289928
62290178
62288075
62289739
62289896
62290336
62320606
62290345
62288873
62290338
62320459
62289090
62290414
62289315
62289159
62290499
62289595
62290727
62320743
62290812
62290711
62290845
62321005
62290068
62290702
62320778
62290768
62290600
62290874
62288831
62290441
62289660
62290864
62289311
62289525
62291059
62289682
62321693
62290342
62291119
62289627
62289371
62289818
62291320
62289764
62289861
62291031
62289180
62289340
62290002
62290785
62289744
62290024
62291273
62289719
62291213
62291428
62291562
62321943
62290556
62291124
62290619
62291574
62291826
62292252
62290744
62291966
62292075
62292320
62290558
62291033
62292221
62292548
62322917
62291409
62292428
62292542
62292878
62292036
62291100
62292565
62290403
62290754
62291440
62292542
62292886
62323151
62290582
62291409
62323260
62292339
62292807
62291528
62291159
62291605
62293207
62323250
62293090
62293065
62291853
62291950
62293356
62293421
62323700
62292646
62293383
62293449
62323837
62292269
62293420
62292222
62292272
62293591
62293470
62323886
62292744
62293039
62291974
62291865
62292423
62293925
62293497
62293827
62293035
62292087
62292656
62293963
62324065
62294404
62294096
62294346
62293354
62294258
62293438
62292644
62293041
62293131
62294764
62294630
62324936
62293835
62294391
62324787
62293733
62294392
62294706
62292780
62292992
62293409
62294774
62293317
62294515
62294817
62325088
62293786
62294717
62295077
62325377
62293986
62294955
62295245
62293093
62294880
62295062
62295083
62325306
62295457
62295077
62295412
62325506
62295084
62293988
62294265
62294125
62294181
62295283
62293439
62295425
62295410
62295721
62325898
62294756
62295503
62293751
62295185
62294530
62295892
62293751
62295927
62295708
62295968
62326179
62294754
62295969
62326438
62294858
62295916
62296237
62294647
62294617
62294831
62296249
62294391
62296081
62294905
62296441
62295513
62296319
62294982
62296296
62295726
62294741
62295195
62296488
62295267
62295432
62296773
62296763
62326860
62296891
62297212
62296846
62326942
62326648
62327023
62327092
62295639
62297183
62297049
62327146
62297082
62318482
62318858
62349260
62317991
62318744
62316668
62349317
62318291
62319395
62319159
62349369
62319351
62319248
62349366
62318233
62319042
62319329
62349642
62318661
62319476
62318667
62317761
62318208
62318366
62318789
62317495
62317869
62318358
62319682
62319057
62319417
62319124
62318822
62320075
62318547
62350492
62319854
62320092
62320217
62318377
62318988
62320104
62318967
62350799
62319535
62320106
62320417
62350586
62319984
62318737
62320234
62350643
62319586
62320218
62320454
62350626
62319719
62320446
62319794
62320293
62320484
62319005
62351223
62319524
62320629
62320029
62319085
62319474
62320826
62351088
62320255
62318934
62318943
62320534
62319781
62320879
62318899
62320686
62319833
62321069
62321251
62351559
62320495
62321036
62321181
62319381
62319589
62320043
62321415
62319486
62319727
62320362
62320879
62320270
62320202
62321608
62320392
62352128
62351695
62319707
62352166
62321926
62321782
62322091
62352258
62320890
62322472
62322228
62352707
62321478
62322174
62320543
62321239
62322290
62322680
62352974
62321742
62322531
62322760
62352849
62321599
62321203
62352819
62320777
62321540
62321307
62322495
62322845
62320833
62353107
62352958
62322508
62322766
62323043
62321154
62322676
62321895
62323215
62322101
62353883
62322091
62323381
62323328
62323616
62353889
62322951
62323705
62323330
62323260
62323520
62353723
62323317
62322224
62323713
62321766
62323580
62322434
62324001
62322646
62323282
62322475
62354680
62322944
62324148
62324336
62324310
62324377
62322906
62323618
62324450
62322727
62323670
62323794
62354974
62323455
62324743
62324523
62354881
62324569
62323057
62323119
62324486
62324545
62324033
62323239
62323485
62324850
62324225
62323241
62323746
62325145
62324476
62324848
62323760
62325079
62325090
62325280
62323210
62324926
62325021
62325390
62325438
62325008
62325194
62325379
62355476
62324940
62324103
62325523
62324514
62323978
62325514
62325823
62323967
62325750
62324193
62356215
62325111
62325835
62326146
62356195
62325741
62326065
62326237
62356496
62326218
62326175
62324363
62324790
62356757
62326592
62325048
62326578
62324362
62326211
62325642
62324929
62324895
62325315
62325186
62357049
62325734
62326861
62327077
62326061
62357503
62325991
62326004
62325032
62357381
62325760
62326975
62325753
62357526
62326447
62326980
62327267
62327115
62327028
62327415
62357348
62357583
62326600
62326555
62327458
62325334
62325325
62327639
62327612
62327376
62326397
62326879
62326405
62327562
62325585
62327390
62326414
62327813
62327142
62327631
62327866
62328147
62327677
62327696
62328024
62357998
62328251
62328025
62328203
62358397
62326773
62326709
62328187
62326922
62327922
62328134
62327543
62326545
62327060
62328477
62358841
62327764
62329000
62328618
62327259
62328321
62328554
62326930
62327442
62328691
62328131
62327187
62327743
62328985
62327824
62328131
62328833
62329106
62327009
62328981
62328890
62327846
62329260
62327292
62328851
62359737
62328335
62359447
62327325
62327648
62328334
62329409
62327729
62327827
62328462
62329558
62328807
62329356
62329391
62328346
62327776
62328312
62329726
62328109
62360187
62329927
62329813
62360440
62328168
62328731
62330010
62328910
62360520
62329285
62329995
62330166
62331878
62329218
62328548
62360533
62329177
62329540
62328573
62360498
62328864
62330102
62329352
62330280
62330354
62328185
62330050
62329956
62360604
62330529
62330374
62330549
62360793
62330311
62329293
62330605
62330947
62330500
62329338
62330570
62328692
62330353
62329254
62330896
62328959
62329143
62329792
62330941
62329771
62331290
62331341
62331526
62361792
62330411
62331371
62331707
62361704
62331726
62331537
62331588
62333286
62331346
62329940
62361961
62330292
62331649
62331855
62362125
62330603
62331604
62331789
62330499
62331833
62331847
62330482
62331860
62330815
62362483
62331078
62332389
62332231
62362263
62362259
62332164
62332154
62331085
62362770
62330989
62332142
62332444
62362619
62332141
62331285
62332353
62332771
62332326
62331503
62332685
62331164
62330827
62363291
62331602
62332901
62333049
62330987
62331409
62332099
62363021
62332445
62331574
62332977
62333285
62363684
62333331
62331846
62333215
62331540
62363567
62333053
62332370
62363538
62333603
62331970
62333435
62332030
62364067
62332395
62333681
62332961
62333404
62333638
62331367
62332107
62332445
62333608
62332367
62364184
62333952
62332592
62334095
62333412
62332193
62334100
62364251
62333039
62334091
62334122
62332099
62332462
62333110
62333659
62364775
62333688
62334806
62334526
62334766
62332658
62334354
62334702
62334832
62365234
62334984
62334832
62335021
62365294
62333958
62335006
62335105
62333093
62333570
62334089
62334733
62334670
62334614
62333820
62335024
62334509
62333756
62334216
62335359
62333508
62335514
62335005
62334039
62335103
62335317
62365641
62335127
62334034
62335472
62333576
62334748
62335074
62334629
62365854
62334632
62335562
62335875
62366284
62336132
62365923
62365987
62334116
62334651
62336020
62335932
62366345
62336258
62336192
62334984
62335948
62336524
62336227
62334781
62335597
62366858
62335438
62336327
62336616
62334468
62335526
62336495
62334570
62366998
62335306
62336435
62335340
62366822
62335452
62336574
62337863
62338428
62337656
62336919
62337502
62338870
62336923
62369374
62338379
62339534
62337807
62369791
62338362
62369581
62369846
62338375
62339324
62339509
62369882
62339800
62339581
62339855
62370165
62339911
62369949
62369948
62339632
62338815
62340191
62338807
62370665
62340345
62339013
62340361
62339079
62339052
62340073
62340234
62339398
62338573
62339120
62340174
62340390
62340408
62339145
62339057
62340487
62340795
62370899
62340370
62339016
62339678
62340817
62340801
62339168
62371180
62339019
62339004
62339440
62339921
62341259
62339175
62340901
62340024
62341306
62340488
62339626
62340468
62340141
62339768
62340434
62341597
62340347
62372188
62341983
62341770
62342020
62372202
62342142
62340744
62372284
62372007
62340614
62342158
62341945
62372276
62341891
62340762
62341573
62342268
62372616
62341682
62342563
62342489
62372848
62340847
62340944
62373022
62341838
62342360
62342688
62340803
62341215
62342672
62343116
62342723
62342884
62372830
62342493
62341548
62342831
62342883
62373153
62342943
62341434
62343007
62341145
62342892
62373432
62341020
62342944
62342054
62343433
62342467
62341598
62342027
62343549
62342217
62373854
62342657
62341925
62373789
62343341
62342396
62343812
62342777
62374273
62343256
62344468
62344145
62374253
62343950
62344063
62344140
62374390
62344081
62342934
62344456
62344529
62343015
62374820
62344302
62344538
62343329
62374916
62343369
62344294
62344646
62342730
62342938
62343447
62374704
62342644
62343186
62343119
62344116
62345250
62344963
62344199
62375183
62343842
62342852
62344082
62375381
62343647
62344885
62344274
62375630
62344126
62345231
62345164
62343203
62344837
62375419
62343177
62375403
62345034
62345247
62345383
62375617
62345265
62344422
62345851
62344482
62344207
62344368
62345767
62344979
62343981
62344531
62345681
62344622
62376497
62344871
62345898
62344057
62376423
62344914
62346050
62345412
62376789
62345536
62346330
62344357
62346294
62344908
62346293
62346587
62376936
62345772
62346376
62346674
62345869
62344674
62344310
62347061
62347052
62377065
62346841
62345945
62347518
62347369
62345201
62346975
62345879
62347497
62346661
62346476
62347120
62347422
62345178
62345682
62346228
62347766
62347794
62378194
62346911
62346437
62347799
62346565
62378255
62346385
62347514
62346842
62345922
62346455
62347211
62347889
62377785
62346771
62346169
62347872
62345772
62347824
62347880
62348065
62346176
62346397
62347090
62348192
62348347
62346234
62378786
62347439
62348342
62348556
62378677
62348660
62348331
62348326
62346641
62347198
62347366
62347179
62347850
62348508
62378687
62347272
62347157
62348577
62378810
62348563
62347307
62348640
62348029
62347160
62347772
62349027
62347802
62379492
62348111
62348928
62347599
62379058
62348253
62348918
62349247
62379252
62349106
62347706
62349372
62348014
62348080
62349254
62349439
62379536
62349424
62349239
62349481
62347323
62349093
62348234
62347609
62379794
62349318
62348321
62349699
62348854
62380196
62348821
62349746
62350057
62351422
62349735
62348490
62380442
62348845
62350144
62348900
62380740
62349672
62349162
62350248
62350440
62351834
62348737
62349036
62350060
62350272
62380444
62349983
62349277
62349720
62349029
62348856
62380736
62350730
62349596
62381201
62350073
62350416
62350965
62381409
62349761
62351079
62351083
62349477
62350813
62350845
62350965
62350309
62381444
62350440
62351024
62351079
62350836
62351010
62351223
62349273
62349723
62350348
62351432
62351485
62381779
62350987
62351075
62349542
62382208
62351003
62349346
62349868
62351487
62350644
62351902
62351132
62350321
62350795
62351316
62350623
62382465
62350276
62350908
62351972
62351796
62351818
62382358
62352187
62382517
62352024
62351284
62352348
62352582
62382723
62352228
62351053
62352452
62351255
62352259
62351506
62352458
62352831
62383046
62351678
62352679
62352815
62350670
62350494
62352696
62352783
62383215
62352291
62353422
62353006
62352286
62383309
62352263
62353432
62353159
62351623
62353046
62353252
62383549
62352083
62353202
62352513
62352668
62383825
62352564
62353460
62352430
62353398
62352548
62353208
62353917
62384028
62354001
62353745
62354070
62353665
62352668
62353267
62353911
62353239
62384595
62352826
62354030
62352190
62384605
62384968
62353101
62384128
62353693
62352771
62354499
62353516
62384747
62353129
62354242
62354447
62352826
62353510
62354190
62354565
62384849
62353839
62354579
62354578
62385068
62354581
62354564
62354851
62384978
62354365
62353506
62354673
62354035
62353463
62353699
62355064
62353231
62353335
62354966
62355145
62385592
62355359
62355177
62355399
62354217
62385693
62355418
62354130
62354232
62355059
62354261
62355312
62355869
62385857
62355372
62354297
62354914
62355621
62355857
62355679
62355511
62355740
62355731
62385879
62355462
62354751
62356089
62356138
62354422
62354577
62355588
62355851
62386071
62356047
62354606
62356054
62355201
62354260
62356240
62356077
62386249
62386221
62356282
62356100
62356466
62354451
62356214
62355051
62356628
62354719
62354733
62356516
62356692
62354921
62355440
62356634
62355188
62387138
62355434
62387044
62356489
62357036
62356903
62355004
62387245
62355830
62356851
62357087
62354949
62356913
62355910
62357375
62356942
62355879
62357449
62357379
62357367
62357399
62357495
62357387
62356270
62356569
62355965
62357425
62357730
62357746
62388008
62356518
62357678
62357812
62388083
62357541
62356581
62357793
62357514
62357615
62356804
62357878
62358142
62388211
62358026
62357882
62358184
62388295
62357959
62357494
62358233
62357014
62358292
62358577
62356518
62358268
62357395
62358698
62357099
62388831
62358609
62358522
62358628
62357282
62389062
62358863
62357350
62358903
62356690
62358483
62357442
62358958
62356786
62357261
62389193
62357525
62389408
62358746
62357866
62359364
62358011
62359148
62358520
62357484
62359064
62358821
62359417
62357860
62359212
62357889
62389718
62359612
62358197
62358702
62359411
62390035
62357578
62359677
62358940
62357948
62358470
62359892
62359723
62358842
62390103
62389961
62390085
62357703
62358102
62358563
62359890
62359200
62390285
62358834
62359820
62360129
62358859
62360029
62360271
62358822
62390407
62390452
62359514
62360442
62359171
62358856
62391151
62360334
62360787
62360688
62360822
62360423
62360659
62359888
62358882
62359247
62360711
62360178
62359474
62391465
62361236
62359057
62360726
62391741
62360127
62360916
62361203
62359049
62359369
62360148
62360720
62361480
62391622
62361462
62360028
62361338
62359597
62392022
62360258
62361588
62360478
62360080
62361718
62360965
62360300
62360365
62361997
62359962
62392319
62362069
62361900
62359831
62360154
62360604
62362434
62360048
62361716
62360852
62361452
62360731
62360485
62359925
62361481
62392576
62362529
62360416
62360903
62361553
62362507
62362794
62360509
62362269
62362314
62362519
62361067
62393091
62361835
62362330
62362386
62392952
62393074
62360925
62361560
62362122
62361414
62393347
62361800
62362763
62363111
62361034
62360698
62362145
62361729
62393284
62362249
62362949
62363144
62393550
62363077
62362028
62393313
62393822
62362469
62363276
62363593
62362246
62394048
62362322
62363553
62363600
62362108
62363383
62363729
62394104
62362444
62363665
62361824
62394165
62363843
62362522
62363990
62365688
62363731
62363895
62362611
62394440
62363385
62363907
62364199
62363339
62394579
62363486
62363850
62363499
62394616
62364591
62364388
62363414
62362928
62394578
62363358
62364379
62364724
62362548
62364356
62363627
62364890
62364880
62363498
62363351
62364774
62363637
62363135
62363684
62364850
62365088
62395188
62363809
62363632
62395225
62363293
62365278
62364241
62365076
62365170
62395493
62364202
62365589
62365345
62395622
62365262
62365284
62365512
62364827
62396102
62364843
62364284
62365718
62365793
62363727
62365371
62364521
62365017
62365102
62396314
62365789
62364912
62366288
62366381
62365505
62396622
62365554
62366172
62396339
62396356
62365901
62364490
62365050
62364839
62366235
62364746
62396853
62365664
62366251
62364958
62364977
62365039
62366290
62366524
62396881
62366583
62366415
62364918
62364891
62365413
62366770
62366250
62364917
62365515
62366719
62366133
62365148
62365545
62366936
62367326
62397065
62366804
62366760
62366743
62366711
62365834
62367052
62367333
62397421
62367267
62367041
62367290
62365180
62365453
62367094
62367020
62367185
62397466
62366909
62366138
62366812
62367469
62397518
62367106
62366044
62367782
62366731
62367629
62367593
62367853
62367973
62368236
62398227
62367896
62366979
62367123
62368268
62368165
62367226
62366585
62368313
62367232
62367061
62368287
62368485
62366892
62398784
62367197
62368283
62368546
62368791
62368076
62368435
62367643
62366658
62367222
62368276
62368585
62367837
62367093
62367664
62368831
62367203
62367451
62368833
62368896
62399161
62368971
62368707
62368943
62366905
62367313
62367962
62368912
62368795
62368127
62369383
62369586
62399656
62369301
62368130
62369696
62368220
62400050
62368729
62367361
62367611
62368010
62368379
62369717
62370025
62369998
62369234
62369709
62369962
62370239
62368139
62369781
62369392
62370029
62400273
62369026
62370037
62370409
62369514
62400777
62369288
62370374
62369077
62369280
62370395
62370682
62400885
62370410
62369263
62370727
62369997
62401293
62370152
62369300
62401027
62369551
62370702
62371056
62369054
62370877
62369791
62371498
62370560
62369578
62401436
62401341
62370943
62369967
62370064
62371792
62371454
62370642
62401866
62370357
62371354
62371658
62371362
62370560
62371635
62370402
62401978
62370647
62371685
62371798
62371779
62370693
62370456
62372032
62372123
62369951
62370309
62371115
62372040
62372303
62370833
62402440
62380165
62373055
62373900
62404161
62374204
62374240
62374476
62373721
62372940
62373449
62374776
62373351
62373215
62373970
62374989
62373114
62373235
62373644
62374383
62373915
62405673
62374092
62375072
62375359
62405534
62375069
62375217
62375348
62405891
62374137
62375392
62373981
62405767
62375406
62375439
62375739
62374858
62374330
62375722
62375911
62406032
62375792
62374581
62376025
62374073
62375956
62375244
62406219
62406455
62406760
62375171
62376099
62376349
62374273
62406726
62376642
62375057
62376425
62376669
62375092
62375175
62376560
62376657
62374327
62374848
62375381
62376585
62376799
62378248
62376380
62376739
62376658
62406749
62376702
62376513
62376752
62376069
62407160
62375681
62407072
62376864
62374743
62376476
62376784
62376955
62407320
62377203
62377034
62377029
62375171
62376950
62377184
62377325
62376546
62375719
62376279
62377378
62377656
62377102
62375827
62377363
62377665
62407703
62377349
62376341
62377753
62376220
62375778
62408006
62377889
62377728
62377883
62408082
62376226
62376906
62377909
62378016
62377289
62408639
62376020
62377997
62377342
62376452
62377012
62378267
62377130
62408884
62377332
62378509
62378613
62408788
62378273
62377372
62378467
62378691
62408787
62378326
62378658
62377879
62409092
62377560
62378799
62376914
62409498
62377979
62379030
62379215
62409487
62379092
62379117
62377178
62409572
62378106
62379144
62379445
62378637
62409791
62379585
62378189
62378720
62410094
62378544
62379533
62379554
62409675
62379446
62378846
62378502
62410049
62409753
62377900
62377983
62378645
62379777
62378617
62410493
62378766
62379998
62380191
62379779
62378676
62378948
62410381
62379797
62379054
62380258
62378354
62380028
62379359
62380461
62379110
62410883
62410706
62410803
62410774
62380385
62379294
62380666
62379607
62379109
62379669
62380764
62380124
62380843
62380925
62379622
62411512
62380090
62381040
62381290
62380454
62379537
62380107
62379863
62411704
62380046
62381104
62381447
62380453
62411802
62380168
62381827
62411734
62379684
62380415
62381469
62381592
62381522
62381752
62411900
62381538
62380535
62381811
62381778
62380460
62381124
62380962
62412127
62381978
62380548
62382056
62382096
62412300
62381736
62381002
62379994
62412736
62380551
62380411
62412645
62382528
62382418
62382754
62380620
62380793
62381353
62382622
62381291
62381497
62382692
62382813
62413029
62382472
62381688
62382840
62383060
62412972
62382909
62382931
62380957
62382113
62413277
62381839
62382938
62383225
62381135
62381510
62382114
62381787
62413592
62383420
62381883
62383412
62381258
62381615
62383152
62381707
62382264
62383683
62383698
62383556
62383859
62383725
62381625
62383323
62382337
62383979
62381865
62382222
62382769
62383368
62382473
62382470
62383756
62383901
62414377
62382673
62383990
62382856
62414551
62384061
62383037
62383688
62383031
62383100
62384469
62384446
62414660
62383194
62384317
62384447
62415058
62384848
62384666
62415126
62384585
62383555
62384872
62383738
62415245
62383979
62385366
62385288
62415539
62384978
62385153
62383155
62383526
62384230
62384421
62385582
62415513
62385266
62384393
62385475
62385469
62385931
62415896
62385914
62384417
62384498
62384928
62385931
62384524
62385790
62384588
62416486
62385373
62386005
62386057
62416367
62386171
62386145
62385309
62416669
62385567
62386315
62386363
62386440
62385669
62417059
62385439
62386445
62385433
62385072
62385333
62386480
62386590
62385828
62416983
62386805
62386493
62386807
62384721
62386371
62385346
62386731
62386021
62385255
62386156
62386981
62387195
62417348
62387112
62386845
62387160
62386550
62417692
62386352
62387274
62386250
62385553
62385942
62387248
62387242
62385868
62417409
62386897
62386140
62387368
62387527
62387266
62387392
62387411
62386352
62418005
62386944
62387702
62386485
62418252
62388023
62387783
62388105
62418135
62387627
62386579
62387951
62387283
62386226
62386701
62387549
62388207
62386137
62388461
62388027
62388308
62387394
62418685
62386935
62388656
62388471
62386419
62388168
62386975
62387634
62418794
62388602
62388372
62388894
62386903
62387124
62387565
62388368
62387106
62387120
62388709
62388884
62386733
62387094
62387732
62388973
62387780
62389501
62389373
62389280
62389281
62389487
62389505
62387609
62389919
62389679
62389942
62419580
62420084
62388566
62388560
62389854
62388584
62420296
62390220
62388635
62390171
62389537
62388531
62389908
62390154
62388129
62389913
62388889
62390353
62389063
62420672
62390217
62420682
62389615
62420769
62390605
62390453
62390740
62420735
62389581
62420884
62390772
62390589
62389358
62389906
62389274
62390774
62389825
62421022
62391128
62391253
62389633
62391341
62421537
62391008
62389885
62391394
62390538
62389689
62390491
62389374
62389705
62389734
62390543
62391516
62391581
62421903
62390387
62390330
62391083
62391972
62392024
62390643
62391752
62390531
62390628
62391944
62392065
62422237
62391820
62390871
62392181
62392309
62422670
62390944
62391075
62391623
62422493
62392403
62392176
62392361
62391678
62422925
62391407
62392597
62391332
62423137
62391781
62392801
62392921
62392840
62392004
62392951
62393179
62391061
62391699
62423535
62393285
62391837
62393185
62391462
62423709
62393215
62393188
62393446
62423679
62392588
62393284
62393595
62393525
62423827
62392860
62424108
62393804
62392530
62393776
62393215
62393052
62394006
62393644
62392951
62424196
62393055
62393789
62394076
62392429
62393874
62393247
62393306
62392081
62393432
62394229
62394285
62394275
62394239
62393189
62394466
62394565
62394744
62392804
62393327
62393354
62424745
62424914
62394689
62394521
62394771
62392633
62393208
62393634
62394922
62393467
62425181
62424476
62394672
62393226
62425002
62394661
62393436
62395051
62394201
62425457
62395266
62393941
62395163
62393806
62394404
62395063
62395248
62425556
62425802
62393637
62394715
62395354
62395635
62393514
62393609
62395944
62395681
62394872
62393996
62394504
62395899
62394393
62426008
62395582
62395807
62395914
62394524
62394761
62395805
62395915
62393913
62394285
62426583
62396141
62395952
62396048
62395744
62394739
62396115
62396143
62426508
62396316
62396243
62396329
62395579
62426771
62395329
62426566
62395629
62426809
62395291
62396444
62394415
62394770
62395385
62396565
62396829
62426826
62396392
62395031
62395179
62427049
62396265
62396681
62396938
62394841
62395052
62396014
62396726
62395582
62396168
62395334
62395864
62396382
62427470
62397361
62395882
62397302
62397454
62427620
62397285
62396291
62396215
62427834
62396279
62397418
62397590
62427844
62397430
62396462
62397714
62397828
62396024
62397763
62396409
62396140
62397843
62398113
62428401
62397930
62397149
62398258
62398352
62428734
62398307
62397232
62397788
62428813
62398480
62397035
62398479
62397831
62429041
62397908
62398540
62398786
62396919
62429030
62398681
62398202
62429265
62398602
62397771
62399071
62398243
62429499
62397910
62429375
62397528
62399267
62399020
62399019
62399047
62399273
62429383
62397667
62398230
62399294
62399432
62397273
62398212
62398141
62399522
62398242
62430039
62399533
62398536
62399697
62399900
62430027
62399508
62398532
62429905
62397749
62397857
62430340
62400127
62398778
62399959
62399346
62430485
62400332
62398932
62398440
62399508
62398352
62398723
62399257
62400690
62400716
62430797
62399076
62399510
62400789
62400138
62431471
62399454
62401290
62400984
62399511
62431445
62401151
62400825
62399488
62431510
62400358
62400882
62431307
62399208
62431521
62400540
62401278
62431564
62400995
62399978
62401093
62399931
62431746
62400344
62401429
62401604
62399501
62401321
62401446
62401645
62431644
62401404
62400472
62401806
62401916
62399840
62400081
62400730
62400979
62432185
62400759
62401802
62400428
62432236
62402259
62400964
62402142
62402348
62402132
62402741
62402425
62400441
62402297
62401249
62401346
62401993
62402678
62433001
62401750
62402737
62401074
62433356
62401694
62400580
62402894
62402136
62401171
62401755
62402996
62403046
62402384
62403233
62401712
62433372
62403104
62401652
62401930
62433654
62403382
62402020
62403433
62402260
62433905
62402494
62403401
62403393
62401381
62401715
62402336
62403489
62403625
62433885
62403267
62402281
62433869
62402492
62434138
62402198
62402908
62403798
62404100
62434176
62402995
62404111
62404257
62434240
62402461
62403410
62403991
62404176
62402844
62404043
62403164
62404209
62404596
62403732
62434897
62403621
62404508
62404693
62406327
62404496
62404467
62404695
62403192
62435160
62404644
62403568
62404243
62403443
62404995
62434983
62403208
62403984
62404945
62404279
62435482
62405111
62405191
62404604
62435480
62403515
62404099
62404974
62405659
62403470
62403865
62404551
62405653
62404646
62404115
62404427
62404503
62405396
62404653
62405967
62406236
62404096
62404430
62405014
62404205
62406240
62405565
62436799
62405635
62406216
62406401
62404958
62436632
62405559
62406724
62406226
62405539
62436866
62406304
62406705
62406839
62406078
62437238
62406931
62405339
62406793
62405785
62437141
62406635
62405831
62405192
62405691
62437182
62407288
62406377
62437530
62407284
62405884
62407219
62407398
62437500
62406452
62407372
62407536
62405889
62437844
62407580
62407565
62407739
62405724
62438068
62408407
62406868
62408136
62409353
62409219
62407275
62407503
62408392
62409206
62409474
62407449
62408393
62408492
62409625
62409972
62407783
62409645
62409044
62410524
62409248
62408667
62409251
62410671
62440652
62410090
62409121
62410712
62410029
62441340
62409925
62410873
62409427
62441258
62408623
62411016
62411068
62410184
62441630
62411388
62410998
62411248
62411430
62411226
62441530
62409294
62409890
62409139
62441864
62411646
62411174
62411488
62409463
62409769
62435303
62435900
62466207
62436078
62435152
62466330
62434720
62434810
62436290
62436388
62466726
62436135
62466503
62436549
62435330
62466866
62466752
62434954
62435562
62436787
62437074
62436539
62436847
62434965
62436629
62435851
62437137
62435452
62436087
62437148
62437433
62467530
62437168
62436117
62436782
62435548
62467449
62435629
62436257
62437625
62437435
62467743
62437231
62436367
62437589
62437540
62467879
62437191
62467797
62435773
62436749
62437813
62437795
62436253
62468285
62437231
62437747
62437762
62437138
62468124
62438029
62437857
62438069
62436828
62468235
62437715
62436893
62438163
62438202
62468351
62438232
62438193
62438327
62468482
62436680
62437394
62437874
62438684
62437100
62437330
62437971
62437182
62469166
62438022
62438520
62438740
62436739
62469294
62437681
62437644
62437862
62438956
62438776
62439007
62438219
62437292
62437913
62439031
62439071
62469351
62439025
62438965
62439384
62439178
62437671
62469393
62439051
62438178
62439225
62437886
62437620
62439216
62439315
62439481
62469752
62439393
62470087
62438514
62438786
62439660
62440025
62438058
62470474
62439191
62470351
62439947
62439117
62470345
62440080
62439827
62440104
62439343
62470558
62439010
62438815
62470323
62438126
62470736
62439603
62440739
62440570
62439734
62470912
62440648
62439228
62440501
62440928
62439177
62440096
62439483
62440909
62441060
62471189
62440687
62440025
62441233
62441285
62438977
62439288
62439988
62441202
62471236
62471789
62440673
62441254
62441486
62439352
62439795
62440270
62441436
62441704
62439852
62472174
62441667
62441661
62441764
62440429
62441665
62441766
62471866
62441544
62440814
62442155
62442081
62440549
62440680
62442000
62440835
62441934
62441345
62442151
62442333
62440215
62440563
62441164
62442314
62442507
62472688
62442622
62441174
62442549
62441385
62472848
62442197
62441296
62442752
62442000
62440274
62472901
62441666
62442339
62442626
62440615
62472839
62440546
62473170
62441938
62442867
62442892
62441068
62473326
62443107
62441761
62443197
62443202
62473386
62442829
62473156
62443239
62443285
62442551
62473823
62442330
62441911
62443457
62443385
62443399
62443462
62442284
62443271
62443710
62442823
62474042
62442543
62443678
62443755
62473910
62443754
62441875
62442842
62442082
62442731
62443873
62443120
62474400
62442907
62444120
62444262
62442264
62442475
62442994
62441927
62474341
62442290
62443096
62444137
62444189
62444344
62474449
62443946
62443035
62444297
62443929
62474927
62444492
62443188
62444020
62444603
62474649
62444146
62443362
62444566
62475178
62442720
62443167
62443715
62444915
62445108
62444969
62445206
62475351
62445423
62444026
62445230
62445115
62475557
62445506
62444646
62475907
62444457
62445381
62445617
62475681
62445572
62443556
62445058
62475995
62445372
62444471
62445645
62444247
62476188
62444661
62445800
62445921
62444569
62444687
62444637
62445872
62446000
62476298
62445845
62444725
62446080
62444803
62444640
62444637
62446298
62445035
62476600
62445260
62446182
62446534
62444333
62444506
62446051
62446377
62444361
62476971
62446372
62445345
62446904
62446807
62444888
62444847
62446719
62446690
62446051
62477414
62447122
62445435
62446740
62446895
62444795
62445055
62448670
62447017
62447072
62447235
62477151
62446890
62445780
62447255
62445165
62445461
62446086
62447386
62477487
62445760
62446573
62447454
62447619
62477719
62447162
62446405
62447862
62447941
62447646
62446516
62447734
62446330
62478287
62446583
62446426
62447877
62447116
62447979
62447755
62447275
62478234
62448224
62448058
62448165
62446054
62446354
62446989
62448358
62446893
62478671
62448656
62448453
62448710
62446821
62479036
62447398
62448449
62448855
62447955
62447779
62448923
62448615
62448897
62479161
62478921
62447110
62447782
62449137
62448991
62446897
62447616
62449138
62447371
62449196
62449453
62479441
62449120
62448058
62449571
62448714
62479809
62449123
62448099
62448974
62448143
62447749
62448657
62449340
62449543
62448809
62479836
62449604
62448142
62449566
62447610
62449443
62449704
62449541
62448188
62480068
62448935
62450206
62449868
62449101
62480331
62448809
62448652
62480572
62448113
62480651
62449518
62450156
62450515
62448173
62448599
62449197
62450542
62449620
62449898
62449155
62450321
62450556
62480618
62448726
62449160
62449632
62449149
62450596
62448939
62449693
62450693
62450980
62481109
62450761
62449730
62450368
62450286
62449833
62449146
62481512
62481493
62451348
62451098
62451315
62449255
62450947
62450268
62451884
62451386
62481649
62481787
62451071
62450235
62451415
62451608
62450895
62481906
62450590
62451404
62449649
62450123
62451055
62451612
62451875
62450549
62482204
62451597
62450687
62450546
62482056
62451556
62450594
62451734
62451872
62450779
62450249
62452166
62452165
62452142
62451773
62451021
62451039
62450744
62452055
62452237
62452473
62451750
62452150
62451277
62452574
62452558
62450458
62450871
62452484
62452574
62451389
62483122
62451873
62452505
62452782
62452147
62483339
62451630
62452968
62482970
62451137
62451721
62452901
62451778
62483473
62451941
62452968
62453184
62451380
62453012
62453140
62483476
62452991
62452162
62452636
62451901
62483732
62453571
62452058
62452705
62483895
62453170
62452348
62453683
62453623
62451542
62451920
62452453
62453910
62453276
62452977
62452084
62452678
62454299
62453986
62453150
62484314
62452142
62453356
62484745
62454346
62452077
62453953
62451982
62452568
62453026
62454432
62454354
62453318
62484764
62454350
62453268
62454657
62453808
62454271
62454419
62454742
62454233
62453203
62453726
62454858
62454993
62485072
62453670
62454778
62454875
62452648
62453170
62453856
62455095
62455208
62454300
62485365
62454895
62454996
62454241
62485504
62454123
62455085
62455266
62453279
62453691
62454173
62455429
62455041
62454275
62455679
62455344
62485740
62454415
62455640
62455870
62453650
62454004
62454677
62455994
62456059
62454902
62455088
62455880
62454387
62455996
62454024
62454429
62455205
62456608
62456366
62454065
62486633
62454027
62454384
62455101
62454201
62455951
62455194
62456486
62456702
62486900
62455262
62456457
62456588
62486791
62456672
62456531
62456808
62455986
62487204
62455799
62487020
62457052
62457173
62456150
62487278
62457174
62455742
62457060
62456532
62455578
62455888
62457253
62455751
62457117
62457044
62457301
62456545
62487829
62456729
62457768
62457484
62487907
62457646
62456201
62456081
62487856
62457235
62456451
62456318
62456422
62457804
62457778
62487958
62457954
62455868
62457321
62488366
62457819
62456771
62458085
62458250
62488354
62457979
62457116
62458545
62488503
62457842
62456904
62458207
62456796
62488891
62457672
62458406
62458624
62460118
62457027
62458403
62458630
62456503
62456758
62457519
62458976
62458749
62456697
62457099
62458849
62458754
62456670
62458559
62457481
62458524
62458967
62489072
62458962
62457084
62456815
62457173
62457883
62458886
62459270
62489364
62458995
62457889
62459207
62458463
62457646
62458100
62459233
62459367
62459735
62489780
62459459
62458304
62459624
62458871
62459390
62458735
62459810
62460061
62458519
62458660
62490355
62489884
62460000
62459191
62490554
62459145
62460123
62460367
62459633
62490907
62459495
62460536
62460578
62458695
62460415
62460351
62459665
62458918
62459342
62460750
62459568
62458916
62459671
62460623
62460805
62462465
62459253
62460738
62459399
62491255
62460256
62461075
62461124
62491304
62460469
62461152
62458895
62459328
62459813
62461242
62460487
62459381
62460019
62461411
62461490
62460078
62461322
62460533
62460391
62460091
62461696
62459497
62459984
62460531
62461650
62460476
62492194
62461732
62461821
62463502
62461894
62461865
62462095
62460043
62460428
62460920
62462219
62462426
62492818
62462643
62460258
62460345
62460933
62461281
62462745
62461005
62493191
62462599
62462788
62461799
62493258
62461698
62462709
62463068
62460856
62461278
62460895
62460969
62493479
62462009
62463037
62463338
62461323
62461606
62462227
62462232
62462041
62462111
62463793
62462017
62462661
62461855
62494204
62462999
62463692
62462568
62464034
62463849
62462328
62494232
62463764
62464180
62462974
62494300
62463343
62464549
62464391
62494407
62463901
62463137
62462973
62462953
62463060
62462998
62464322
62464565
62462411
62462707
62463254
62464564
62463086
62463681
62463263
62464316
62464462
62494586
62464539
62463139
62463790
62464638
62463345
62463636
62464724
62465003
62462817
62463015
62463622
62464805
62463466
62495399
62463713
62462796
62495436
62463981
62465179
62465313
62464579
62495762
62465507
62464137
62465383
62463976
62465266
62464307
62464350
62465469
62465576
62463503
62463827
62464431
62465420
62465734
62463532
62496028
62465632
62465794
62496062
62465649
62464352
62465892
62463918
62496230
62466041
62465822
62466058
62463855
62464247
62464882
62466339
62496349
62464511
62465146
62466364
62465052
62496613
62465477
62464685
62465668
62466299
62466498
62464548
62465494
62465114
62466609
62466614
62496743
62466322
62465339
62466813
62465422
62497203
62496752
62467173
62467230
62464894
62465241
62465726
62467145
62467071
62465145
62497534
62466391
62466128
62497251
62466270
62497380
62466802
62465723
62467041
62465851
62497683
62465265
62467296
62465803
62497617
62466260
62467400
62467653
62466838
62465962
62466504
62467837
62468869
62469330
62468698
62499903
62468362
62467975
62469819
62470158
62500009
62468351
62468920
62470121
62500408
62468359
62468916
62470259
62470516
62500446
62470261
62469223
62470527
62468650
62500954
62468171
62470653
62470787
62469264
62501147
62470924
62469476
62470821
62470991
62501351
62470822
62471059
62471030
62468903
62501687
62470213
62469869
62471248
62471277
62471311
62470252
62470059
62471299
62471252
62469384
62469565
62470190
62471510
62471652
62470760
62470179
62501974
62470569
62471506
62471624
62471381
62470959
62470506
62471780
62470355
62502180
62470631
62470810
62471868
62471979
62469923
62470332
62470940
62471738
62470834
62502448
62472222
62470737
62472194
62472292
62502407
62470566
62471352
62470847
62502353
62470629
62471084
62472158
62472504
62470414
62470748
62471346
62472482
62502960
62471601
62472397
62472596
62471862
62470915
62470896
62471627
62473142
62471331
62503046
62503117
62471054
62471672
62472760
62472984
62470965
62471415
62471832
62472656
62471710
62472016
62471809
62473247
62471872
62504070
62473566
62471971
62473340
62473527
62503726
62472620
62473470
62473471
62473448
62472392
62473885
62472987
62504178
62473952
62473757
62473990
62472101
62472258
62472842
62504163
62504241
62473737
62472880
62474195
62472434
62504564
62474351
62472889
62474327
62474270
62474112
62474182
62474540
62472528
62472950
62474313
62473513
62474439
62474879
62473342
62474801
62474853
62474242
62505222
62505374
62473852
62474961
62475044
62505114
62473325
62505224
62473198
62473847
62474986
62475166
62474432
62505795
62474175
62475100
62475486
62475181
62475348
62475401
62473280
62473669
62474205
62474573
62475405
62505583
62475173
62505986
62475621
62474231
62475576
62474352
62506070
62474489
62475687
62475995
62475159
62476015
62473768
62474332
62474864
62476000
62474750
62506446
62475331
62476118
62476375
62476217
62476402
62475193
62506688
62476145
62475152
62476726
62476731
62506804
62476364
62506788
62476246
62475281
62476506
62476608
62475279
62474999
62475634
62476712
62476932
62476031
62478470
62476895
62506976
62476643
62475610
62477030
62477028
62507076
62476715
62475701
62475825
62475628
62476898
62475700
62507481
62476047
62477087
62477238
62507270
62476911
62477076
62477384
62477344
62507492
62477080
62475984
62477565
62475539
62475736
62507854
62477213
62476971
62477579
62477887
62507797
62477647
62476487
62477203
62477942
62477754
62477955
62476588
62508461
62478174
62478043
62478204
62476138
62476523
62477113
62478454
62477501
62478103
62478243
62478371
62508665
62478180
62476948
62478266
62478394
62478512
62478442
62476678
62508999
62478731
62477248
62478775
62478140
62509030
62478986
62477531
62477671
62477542
62478985
62477115
62509451
62477841
62477726
62479190
62479294
62509442
62478930
62509508
62477632
62478219
62479335
62479542
62478566
62509939
62478373
62479523
62479810
62479543
62479823
62477689
62510241
62479007
62479728
62479862
62479128
62510441
62480237
62478231
62479183
62480081
62478605
62510289
62479434
62480079
62480338
62510430
62480046
62479104
62480234
62479374
62480696
62480481
62479696
62510727
62479905
62480411
62480595
62479845
62511034
62510543
62510953
62480894
62479504
62480722
62480813
62511006
62480614
62479727
62481007
62479569
62480795
62480888
62479743
62511259
62480842
62479873
62480996
62478995
62479414
62480324
62480773
62479904
62481092
62481406
62481346
62511419
62481060
62480174
62481405
62480025
62481586
62479376
62479731
62480380
62481672
62481909
62512303
62480597
62480433
62481808
62480746
62480121
62511787
62480018
62480401
62481639
62481927
62480735
62512396
62480915
62481852
62482149
62480189
62482248
62480011
62480390
62482319
62480871
62482254
62480877
62512650
62481317
62482243
62482377
62482285
62482543
62481799
62512795
62482532
62481225
62482518
62481165
62512938
62482829
62513086
62482004
62482561
62481354
62513165
62482675
62481758
62482854
62483213
62482179
62513411
62483128
62481149
62482412
62483211
62483178
62482026
62513612
62481940
62482078
62482794
62483554
62482712
62483376
62483590
62513893
62483619
62482287
62483533
62482156
62481605
62514133
62483920
62482523
62483865
62483721
62483898
62482589
62514332
62484055
62482825
62484180
62484308
62482269
62482617
62514336
62484005
62483176
62484302
62482941
62514845
62483221
62483250
62483945
62483173
62484577
62484848
62482988
62515060
62482657
62484853
62484864
62484743
62483917
62483883
62483813
62484909
62483857
62484851
62485216
62483164
62484869
62483951
62485238
62484498
62515723
62515366
62515865
62484336
62485418
62485828
62483663
62515880
62485264
62484435
62485691
62485753
62485486
62485572
62484482
62515837
62485668
62484459
62485736
62485781
62515882
62485595
62516014
62485690
62484635
62486004
62484565
62516469
62485931
62484852
62485510
62484693
62516495
62485419
62516624
62486048
62485089
62486576
62485211
62516849
62485391
62486361
62485083
62485782
62486773
62485171
62484753
62485063
62485726
62486223
62486983
62517119
62517180
62517393
62487111
62485786
62487062
62487292
62485165
62485448
62486086
62487208
62485757
62487093
62487300
62517574
62487092
62486177
62487310
62487540
62517637
62485879
62517716
62486520
62487507
62487770
62487071
62486025
62486738
62486946
62486439
62518240
62487966
62486556
62488027
62486867
62488324
62488264
62487110
62518623
62488411
62488181
62488366
62488462
62518508
62487767
62518792
62488230
62487282
62487991
62488890
62518801
62487011
62487919
62488653
62488940
62487342
62488877
62488995
62486949
62487277
62487772
62489034
62489053
62519455
62486870
62519350
62488833
62487908
62488603
62489428
62487219
62519801
62488112
62487928
62489294
62489523
62489269
62488041
62519596
62489237
62488510
62489786
62489937
62488277
62520102
62489985
62489620
62488479
62489626
62489811
62488591
62520077
62489550
62488985
62490440
62488582
62489963
62488007
62489121
62520390
62488823
62489970
62490158
62488072
62488471
62489105
62490225
62488921
62490045
62490404
62489496
62520918
62489354
62490304
62490462
62488423
62488754
62488485
62488897
62489403
62490556
62490783
62488805
62521285
62489749
62490903
62491071
62492618
62489624
62488915
62489160
62490017
62490955
62491164
62491210
62521303
62491440
62489992
62490248
62490167
62491459
62491710
62489562
62522031
62491765
62491579
62491866
62489657
62489916
62490513
62491113
62490342
62492114
62491864
62490316
62521870
62491495
62490536
62491863
62491437
62491666
62491706
62489885
62522335
62491202
62491885
62492081
62490764
62522347
62489880
62522340
62492022
62490635
62492424
62492422
62522534
62491897
62490966
62492323
62492362
62522467
62491514
62522768
62492008
62491251
62492288
62492529
62491666
62522929
62491285
62491230
62491898
62491366
62493150
62492904
62492170
62523523
62492233
62492828
62493043
62491069
62492773
62492928
62493025
62523347
62492935
62491874
62493089
62493203
62523439
62492894
62523464
62493304
62491986
62493422
62493452
62491529
62491798
62492180
62493397
62493614
62491538
62492116
62523847
62493502
62492694
62493731
62493911
62524059
62493553
62492673
62493341
62494036
62492323
62524244
62493898
62492655
62494201
62492211
62524576
62494116
62494166
62494461
62524521
62493428
62524684
62492655
62493110
62494372
62494493
62493769
62524871
62494601
62494304
62494673
62494631
62494775
62493746
62525175
62494568
62493627
62495405
62495205
62493760
62525595
62494490
62493476
62494585
62495203
62495589
62493594
62525748
62494304
62495304
62495489
62495446
62495676
62525708
62495631
62494387
62495175
62495986
62493753
62526442
62495156
62495830
62496179
62496173
62496023
62494529
62526357
62494301
62494960
62496293
62496349
62494304
62496047
62526505
62494740
62495639
62496355
62496837
62495909
62527055
62496896
62495549
62496679
62495523
62527131
62496713
62495601
62527146
62496692
62495796
62497086
62497179
62495170
62495518
62527283
62497211
62495996
62497194
62495916
62527677
62497180
62496347
62497548
62497676
62527848
62496097
62527731
62528059
62497452
62496722
62497417
62498048
62528021
62497567
62496697
62497926
62497937
62497581
62497787
62496396
62527971
62497606
62496712
62497865
62496667
62528370
62497850
62496672
62497992
62497927
62498337
62497457
62528872
62497320
62498296
62498706
62497271
62528815
62497439
62528404
62497957
62497190
62498189
62498396
62497764
62528839
62498661
62497107
62498564
62498682
62498531
62498651
62496900
62529071
62497489
62497692
62498555
62498959
62498702
62498963
62529258
62498773
62497944
62498981
62499249
62498353
62529479
62499374
62529509
62498797
62498997
62499220
62529612
62499048
62498286
62499426
62499602
62529637
62497965
62529789
62497756
62498428
62499748
62498536
62530111
62499098
62499672
62500004
62499191
62530394
62498982
62498169
62499979
62498669
62499551
62500127
62498139
62499869
62499142
62500737
62500552
62499412
62500402
62499373
62530846
62500260
62499452
62500692
62500792
62530951
62500574
62499810
62499990
62499495
62499560
62500837
62500998
62499815
62531342
62501227
62499735
62501244
62499853
62531735
62500021
62500765
62499933
62501515
62501381
62500711
62531755
62501584
62500182
62501356
62500023
62501382
62499231
62531725
62501170
62500159
62501586
62501586
62499561
62499871
62500441
62500279
62500365
62501555
62501772
62501093
62532266
62501021
62501704
62501893
62500199
62500273
62532109
62500050
62500787
62501912
62502142
62500066
62500403
62501089
62502008
62502008
62501008
62502431
62500328
62532613
62502424
62501243
62502433
62502575
62500451
62502480
62501631
62532609
62502263
62501393
62502537
62502821
62501889
62533150
62501692
62510782
62502707
62502002
62502400
62503601
62504298
62504510
62502525
62503040
62503702
62505057
62503907
62503770
62504492
62505442
62504780
62535954
62504663
62505230
62505654
62505358
62505915
62505007
62536226
62506137
62505730
62506044
62505181
62536392
62506092
62504432
62505978
62505899
62505975
62506079
62504166
62536695
62506246
62505928
62506457
62504330
62504614
62505604
62536737
62506186
62505329
62506509
62505359
62536777
62504851
62505346
62506513
62506495
62506868
62504696
62537013
62506700
62505651
62506702
62506765
62504818
62505240
62505866
62506968
62505448
62506911
62505039
62505131
62506134
62505536
62507058
62507322
62537351
62505825
62505897
62507272
62507427
62507309
62507329
62537512
62505708
62506361
62507388
62507614
62506727
62537924
62507468
62506258
62507835
62506606
62507641
62507907
62506242
62538124
62507163
62507795
62508007
62507208
62506179
62505924
62538385
62507930
62506992
62508310
62508209
62507598
62538852
62507279
62508473
62507073
62508850
62508615
62507110
62538970
62508480
62507558
62508811
62508919
62506792
62539260
62507984
62538840
62508560
62507574
62508777
62508868
62539048
62508606
62507798
62509176
62507820
62508966
62509234
62507362
62539556
62509364
62507885
62509444
62507951
62539746
62507821
62540009
62508701
62539869
62507785
62508540
62509426
62509676
62509633
62539716
62509269
62508427
62509123
62508462
62509721
62509818
62508522
62540311
62508744
62508717
62509658
62510228
62510093
62510213
62540443
62509910
62509566
62510083
62510435
62509014
62540808
62510454
62508486
62509499
62509169
62510677
62510703
62540884
62541171
62510952
62509344
62510627
62510856
62541120
62510810
62540931
62510177
62541208
62509194
62509996
62511120
62511249
62541383
62541803
62510323
62511336
62511617
62511297
62511534
62510358
62541947
62510279
62510256
62511569
62511697
62541770
62511324
62511080
62511587
62510508
62511689
62511919
62511099
62542317
62510784
62510528
62511771
62511600
62511791
62512157
62510009
62510241
62510873
62512082
62512412
62511525
62542690
62510042
62510441
62512375
62511057
62512529
62512571
62510355
62510740
62511299
62512656
62511161
62512546
62512827
62542854
62512594
62511642
62512843
62512886
62542921
62512460
62511703
62512501
62511723
62511647
62513290
62513180
62512549
62543709
62512244
62513370
62513563
62543609
62513261
62513476
62513668
62512801
62513613
62512828
62543988
62512255
62512352
62513814
62513675
62543788
62513457
62512663
62513928
62512515
62513863
62513779
62514020
62544228
62513957
62512707
62514182
62514145
62515802
62512900
62512164
62544788
62513532
62513025
62514561
62514538
62544485
62514181
62513335
62513357
62513672
62514455
62514814
62513971
62545115
62514868
62513334
62514734
62513193
62512965
62513258
62545177
62514928
62513624
62515051
62515051
62516738
62513295
62545296
62513841
62513921
62515027
62515242
62515230
62513082
62545747
62545382
62513463
62514000
62515095
62515276
62514529
62545769
62514585
62515305
62515517
62515314
62515366
62514118
62545854
62515655
62515450
62515597
62514788
62546008
62514991
62514062
62515014
62515673
62515837
62515932
62546169
62514127
62514738
62516007
62516234
62515249
62516129
62515286
62546527
62514983
62515970
62514602
62546591
62515489
62516413
62514557
62516036
62516541
62515140
62546414
62514510
62515124
62515972
62516507
62546729
62514154
62546838
62515480
62515163
62516591
62516738
62515779
62546893
62516881
62516754
62515538
62515186
62516873
62516987
62547111
62516585
62515770
62517025
62517290
62517505
62515204
62515564
62547256
62516795
62515867
62517317
62516080
62547715
62517569
62516090
62517456
62517349
62517642
62517722
62515609
62548143
62517777
62516307
62517663
62517805
62517786
62516970
62548056
62517801
62516732
62516863
62516868
62517892
62518128
62517268
62548626
62518333
62516915
62518396
62518188
62517448
62518609
62517752
62548847
62518623
62517370
62518014
62518699
62549001
62517729
62548754
62516836
62518000
62518560
62518810
62518152
62549284
62518171
62518789
62517727
62517478
62518912
62517826
62549314
62518942
62517990
62519426
62519424
62517283
62517740
62517261
62517558
62518272
62519551
62518051
62549913
62517379
62549831
62519489
62518335
62519401
62519671
62518958
62550045
62518638
62518280
62519813
62518683
62517953
62520105
62518964
62520433
62520176
62550350
62520175
62518676
62520208
62518687
62520147
62518221
62550434
62519965
62519083
62520380
62520459
62550583
62520488
62519184
62519713
62520378
62520624
62520650
62519841
62550910
62519481
62519338
62520720
62520797
62550856
62550862
62518963
62519682
62519488
62520822
62520834
62551098
62519626
62519784
62520551
62520852
62521225
62519704
62551480
62521039
62520231
62521377
62521618
62519296
62519719
62520360
62521572
62520407
62521476
62519577
62552141
62520558
62520635
62521853
62521977
62519775
62520340
62552263
62552685
62521357
62521907
62521969
62520803
62552666
62522396
62521029
62522514
62522051
62522188
62522449
62552629
62522115
62521293
62522395
62522639
62521217
62553169
62552956
62522298
62521565
62522763
62523170
62521742
62553077
62522702
62521781
62522476
62523130
62524879
62521662
62553522
62523272
62521954
62523217
62523142
62553760
62523152
62522299
62523473
62523464
62522631
62521708
62522855
62553643
62553885
62523685
62522288
62523811
62523836
62521961
62554274
62522916
62523571
62522721
62523745
62524110
62521983
62522289
62522887
62523619
62524283
62522077
62523739
62554319
62522510
62523288
62523927
62524269
62523087
62554666
62524498
62524360
62524443
62524331
62524613
62523704
62554851
62524574
62523051
62524474
62523310
62554940
62524700
62554743
62524276
62523471
62524778
62525001
62522730
62523101
62523778
62525037
62524695
62524909
62525174
62524389
62555522
62524370
62525128
62525357
62525461
62555668
62525073
62525424
62525686
62525485
62525708
62525877
62523886
62556083
62525716
62524316
62525817
62524335
62525469
62525443
62524899
62525881
62526117
62524014
62524285
62524856
62526002
62526324
62524285
62526009
62526321
62524843
62526272
62524868
62556561
62556758
62526022
62525230
62526521
62526596
62556628
62526524
62526655
62526622
62526798
62556995
62525110
62525732
62526720
62526951
62557182
62526716
62524850
62527055
62527136
62526351
62557525
62525888
62525954
62527344
62527335
62526608
62527129
62526385
62526030
62527303
62527482
62527554
62527562
62557705
62527268
62526244
62557892
62525650
62558034
62527504
62526539
62528034
62527720
62558038
62527573
62526765
62527802
62528200
62558168
62526379
62558089
62528027
62528298
62526365
62526522
62527044
62528376
62528540
62558528
62528067
62527188
62526893
62527407
62558496
62527988
62527204
62528357
62528636
62526610
62558776
62526774
62527379
62528526
62528529
62528699
62526623
62526929
62527629
62528694
62527378
62527194
62527634
62529131
62528969
62529159
62559147
62528737
62527970
62529045
62527757
62527735
62559377
62529190
62529577
62528848
62559424
62559752
62529116
62529171
62528606
62529496
62529791
62528883
62560016
62529603
62529415
62529855
62528448
62560224
62527748
62528637
62529996
62528468
62560217
62528294
62529359
62528892
62530118
62530207
62530311
62528980
62529561
62528885
62530179
62530365
62560449
62528961
62528999
62530368
62530533
62529209
62529385
62529360
62530444
62530715
62528571
62528993
62529709
62531049
62531017
62529739
62530870
62530174
62530836
62531210
62561324
62529522
62530168
62531094
62531083
62531292
62531256
62531420
62530201
62531275
62531492
62529368
62562070
62531761
62530320
62532089
62531867
62530192
62530241
62531474
62531730
62531766
62530078
62562172
62531588
62530737
62531965
62532094
62562116
62532002
62531808
62532038
62530619
62562597
62530938
62532508
62532395
62531705
62562728
62532172
62531364
62532438
62531180
62530827
62531507
62531206
62532059
62532703
62530706
62531221
62531600
62532531
62532565
62563017
62563266
62532950
62532124
62563213
62532758
62531874
62532976
62533255
62563362
62533223
62533394
62533375
62533092
62533220
62563355
62532901
62531137
62533280
62533237
62563423
62531811
62532464
62533403
62533539
62532032
62532274
62563886
62564210
62534000
62533705
62533883
62533882
62533807
62533939
62533912
62534265
62532602
62533898
62534105
62533392
62564613
62533896
62533016
62534206
62532770
62533241
62532996
62534453
62533217
62564908
62534717
62534477
62534860
62532698
62534461
62534666
62535069
62533764
62565125
62534614
62533635
62534939
62535063
62534189
62565474
62533827
62535196
62533752
62565515
62534840
62565309
62565658
62534952
62534072
62535492
62535680
62534871
62533750
62534900
62535511
62535557
62535015
62534490
62534402
62535484
62536034
62533682
62533924
62534753
62535999
62535976
62562629
62562712
62563057
62563221
62563373
62562074
62563443
62563628
62561586
62561746
62562573
62593814
62562111
62594066
62563541
62562849
62564067
62564014
62562017
62563579
62562812
62594344
62562629
62594381
62563926
62563053
62564343
62564259
62562336
62564119
62564237
62564407
62564607
62594650
62564208
62563427
62564721
62564612
62564671
Peak: 62595639
Average: 61765050.183396555
