# Episodes, Rewards
0.0,-5.13
1.0,-5.13
2.0,-5.2700000000000005
3.0,-5.01
4.0,-5.12
5.0,-5.05
6.0,-5.01
7.0,-5.46
8.0,-5.01
9.0,-5.08
10.0,-5.21
11.0,-5.06
12.0,-5.03
13.0,-5.01
14.0,-5.07
15.0,-5.16
16.0,-5.1
17.0,-5.13
18.0,-5.03
19.0,-5.17
20.0,-5.38
21.0,-1.0000000000000007
22.0,-5.65
23.0,-5.59
24.0,-5.04
25.0,-5.17
26.0,-5.02
27.0,-5.3500000000000005
28.0,-5.11
29.0,-5.29
30.0,-5.25
31.0,-5.13
32.0,-5.42
33.0,-5.06
34.0,-5.44
35.0,-5.02
36.0,-5.01
37.0,-5.15
38.0,-5.02
39.0,-5.07
40.0,-5.16
41.0,-5.07
42.0,-5.04
43.0,-5.21
44.0,-5.4
45.0,-5.1
46.0,-5.04
47.0,-5.09
48.0,-5.790000000000001
49.0,-5.21
50.0,-5.2
51.0,-5.7700000000000005
52.0,-5.25
53.0,-5.67
54.0,-5.710000000000001
55.0,-5.04
56.0,-5.12
57.0,-5.02
58.0,-5.09
59.0,-5.09
60.0,-5.04
61.0,-5.5
62.0,-5.05
63.0,-5.12
64.0,-5.02
65.0,-5.49
66.0,-5.08
67.0,-5.05
68.0,-5.2
69.0,-5.03
70.0,-5.720000000000001
71.0,-5.21
72.0,-5.02
73.0,-5.07
74.0,-5.06
75.0,-5.14
76.0,-5.12
77.0,-5.02
78.0,-5.4
79.0,-5.04
80.0,-5.07
81.0,-5.03
82.0,-5.02
83.0,-5.1
84.0,-5.06
85.0,-5.05
86.0,-5.16
87.0,-5.22
88.0,-1.0000000000000007
89.0,-5.06
90.0,-5.29
91.0,-5.16
92.0,-5.640000000000001
93.0,-5.04
94.0,-5.09
95.0,-5.09
96.0,-5.48
97.0,-5.09
98.0,-1.0000000000000007
99.0,-5.05
100.0,-5.550000000000001
101.0,-1.0000000000000007
102.0,-5.08
103.0,-5.680000000000001
104.0,-5.04
105.0,-5.38
106.0,-5.7700000000000005
107.0,-5.05
108.0,-1.0000000000000007
109.0,-5.29
110.0,-5.16
111.0,-5.03
112.0,-5.8500000000000005
113.0,-5.08
114.0,-5.1
115.0,-5.16
116.0,-5.01
117.0,-5.04
118.0,-5.38
119.0,-5.06
120.0,-5.28
121.0,-5.14
122.0,-5.3500000000000005
123.0,-5.15
124.0,-5.05
125.0,-5.1
126.0,-5.02
127.0,-5.390000000000001
128.0,-5.06
129.0,-5.06
130.0,-5.13
131.0,-5.75
132.0,-5.08
133.0,-5.01
134.0,-5.36
135.0,-5.12
136.0,-5.870000000000001
137.0,-5.02
138.0,-5.94
139.0,-5.7
140.0,-5.06
141.0,-5.18
142.0,-5.17
143.0,-5.04
144.0,-5.53
145.0,-5.01
146.0,-5.09
147.0,-5.11
148.0,-5.02
149.0,-5.04
150.0,-5.03
151.0,-5.01
152.0,-5.05
153.0,-5.3
154.0,-5.28
155.0,-5.14
156.0,-5.03
157.0,-5.02
158.0,-5.57
159.0,-5.04
160.0,-5.13
161.0,-5.11
162.0,-5.07
163.0,-5.51
164.0,-5.01
165.0,-5.1
166.0,-5.21
167.0,-5.05
168.0,-5.08
169.0,-5.04
170.0,-5.26
171.0,-5.02
172.0,-5.07
173.0,-5.1
174.0,-5.03
175.0,-5.23
176.0,-5.04
177.0,-5.05
178.0,-5.17
179.0,-5.05
180.0,-5.09
181.0,-5.16
182.0,-5.11
183.0,-5.03
184.0,-5.11
185.0,-5.03
186.0,-5.05
187.0,-5.16
188.0,-5.800000000000001
189.0,-5.01
190.0,-5.05
191.0,-5.08
192.0,-5.05
193.0,-5.07
194.0,-5.01
195.0,-5.07
196.0,-5.03
197.0,-5.12
198.0,-5.09
199.0,-5.04
200.0,-5.13
201.0,-5.86
202.0,-5.06
203.0,-5.14
204.0,-5.34
205.0,-5.11
206.0,-5.08
207.0,-5.07
208.0,-5.02
209.0,-5.3
210.0,-5.06
211.0,-5.19
212.0,-5.26
213.0,-5.02
214.0,-1.0000000000000007
215.0,-5.03
216.0,-5.06
217.0,-5.02
218.0,-5.920000000000001
219.0,-5.53
220.0,-5.13
221.0,-5.15
222.0,-5.01
223.0,-5.01
224.0,-5.06
225.0,-5.28
226.0,-5.07
227.0,-5.02
228.0,-5.05
229.0,-5.08
230.0,-5.08
231.0,-5.2700000000000005
232.0,-5.16
233.0,-5.16
234.0,-5.6000000000000005
235.0,-5.08
236.0,-5.5600000000000005
237.0,-5.15
238.0,-5.02
239.0,-5.01
240.0,-5.19
241.0,-5.2
242.0,-5.03
243.0,-5.06
244.0,-5.05
245.0,-5.03
246.0,-5.04
247.0,-5.13
248.0,-5.2
249.0,-5.05
250.0,-5.09
251.0,-1.0000000000000007
252.0,-5.4
253.0,-5.11
254.0,-5.1
255.0,-5.15
256.0,-5.36
257.0,-5.04
258.0,-5.09
259.0,-5.23
260.0,-5.06
261.0,-5.03
262.0,-5.12
263.0,-5.03
264.0,-5.05
265.0,-5.01
266.0,-5.07
267.0,-5.04
268.0,-5.05
269.0,-5.06
270.0,-5.01
271.0,-5.13
272.0,-5.02
273.0,-5.69
274.0,-5.01
275.0,-5.06
276.0,-5.07
277.0,-5.25
278.0,-5.01
279.0,-5.53
280.0,-5.22
281.0,-5.01
282.0,-5.2700000000000005
283.0,-5.3100000000000005
284.0,-5.02
285.0,-5.28
286.0,-5.02
287.0,-5.14
288.0,-5.29
289.0,-5.03
290.0,-5.25
291.0,-5.12
292.0,-5.75
293.0,-5.58
294.0,-5.12
295.0,-5.45
296.0,-5.08
297.0,-5.08
298.0,-5.03
299.0,-5.14
300.0,-5.03
301.0,-5.06
302.0,-5.02
303.0,-5.3100000000000005
304.0,-5.83
305.0,-5.05
306.0,-5.04
307.0,-5.44
308.0,-5.14
309.0,-5.06
310.0,-5.07
311.0,-5.06
312.0,-5.15
313.0,-5.03
314.0,-5.02
315.0,-5.51
316.0,-5.03
317.0,-5.03
318.0,-5.08
319.0,-5.01
320.0,-5.19
321.0,-5.01
322.0,-5.11
323.0,-5.17
324.0,-5.04
325.0,-5.24
326.0,-5.32
327.0,-5.03
328.0,-5.05
329.0,-5.12
330.0,-5.3
331.0,-5.03
332.0,-5.5200000000000005
333.0,-5.11
334.0,-5.26
335.0,-5.03
336.0,-5.08
337.0,-5.02
338.0,-5.1
339.0,-5.04
340.0,-5.07
341.0,-5.13
342.0,-5.03
343.0,-5.02
344.0,-5.800000000000001
345.0,-5.05
346.0,-5.26
347.0,-5.49
348.0,-5.07
349.0,-5.04
350.0,-5.04
351.0,-5.06
352.0,-5.08
353.0,-5.28
354.0,-5.51
355.0,-5.16
356.0,-5.17
357.0,-5.640000000000001
358.0,-5.04
359.0,-5.25
360.0,-5.02
361.0,-5.5
362.0,-5.02
363.0,-5.61
364.0,-5.04
365.0,-5.03
366.0,-5.2700000000000005
367.0,-5.04
368.0,-5.02
369.0,-5.08
370.0,-5.05
371.0,-5.01
372.0,-5.05
373.0,-5.02
374.0,-5.17
375.0,-5.06
376.0,-5.01
377.0,-5.01
378.0,-5.5200000000000005
379.0,-5.09
380.0,-5.1
381.0,-5.06
382.0,-5.15
383.0,-5.65
384.0,-5.03
385.0,-5.03
386.0,-5.03
387.0,-5.06
388.0,-5.01
389.0,-5.710000000000001
390.0,-5.06
391.0,-5.04
392.0,-5.01
393.0,-5.08
394.0,-5.5200000000000005
395.0,-5.06
396.0,-5.11
397.0,-5.02
398.0,-5.54
399.0,-5.2700000000000005
400.0,-5.2
401.0,-5.08
402.0,-5.08
403.0,-5.05
404.0,-5.2700000000000005
405.0,-5.950000000000001
406.0,-5.02
407.0,-5.02
408.0,-5.1
409.0,-5.02
410.0,-5.99
411.0,-5.920000000000001
412.0,-5.4
413.0,-5.02
414.0,-5.22
415.0,-5.18
416.0,-5.12
417.0,-5.05
418.0,-5.11
419.0,-5.09
420.0,-5.49
421.0,-5.02
422.0,-5.1
423.0,-5.12
424.0,-5.18
425.0,-5.08
426.0,-5.08
427.0,-5.01
428.0,-5.7
429.0,-1.0000000000000007
430.0,-5.15
431.0,-5.66
432.0,-5.01
433.0,-5.02
434.0,-5.08
435.0,-5.09
436.0,-5.03
437.0,-5.02
438.0,-5.04
439.0,-5.5600000000000005
440.0,-5.390000000000001
441.0,-5.08
442.0,-5.08
443.0,-5.17
444.0,-5.06
445.0,-5.15
446.0,-5.07
447.0,-5.03
448.0,-5.03
449.0,-5.1
450.0,-5.14
451.0,-5.02
452.0,-5.58
453.0,-5.08
454.0,-5.1
455.0,-5.03
456.0,-5.19
457.0,-5.1
458.0,-5.06
459.0,-5.03
460.0,-5.37
461.0,-5.06
462.0,-5.02
463.0,-5.21
464.0,-5.720000000000001
465.0,-5.02
466.0,-5.02
467.0,-5.4
468.0,-5.02
469.0,-5.05
470.0,-5.13
471.0,-5.13
472.0,-5.04
473.0,-5.03
474.0,-5.05
475.0,-5.28
476.0,-5.48
477.0,-5.430000000000001
478.0,-5.05
479.0,-5.05
480.0,-1.0000000000000007
481.0,-5.01
482.0,-1.0000000000000007
483.0,-5.03
484.0,-5.720000000000001
485.0,-5.760000000000001
486.0,-5.14
487.0,-5.890000000000001
488.0,-5.28
489.0,-5.2700000000000005
490.0,-5.08
491.0,-5.16
492.0,-5.06
493.0,-5.04
494.0,-5.680000000000001
495.0,-5.18
496.0,-5.3100000000000005
497.0,-5.13
498.0,-5.01
499.0,-5.1
500.0,-5.02
501.0,-5.22
502.0,-5.21
503.0,-5.02
504.0,-5.15
505.0,-5.15
506.0,-5.26
507.0,-5.22
508.0,-5.5600000000000005
509.0,-5.5
510.0,-5.11
511.0,-5.22
512.0,-5.07
513.0,-5.05
514.0,-5.19
515.0,-5.15
516.0,-5.05
517.0,-5.3
518.0,-5.1
519.0,-5.01
520.0,-5.09
521.0,-5.06
522.0,-5.38
523.0,-5.26
524.0,-5.28
525.0,-5.03
526.0,-5.1
527.0,-5.02
528.0,-5.03
529.0,-5.21
530.0,-5.07
531.0,-5.41
532.0,-5.8500000000000005
533.0,-5.29
534.0,-5.59
535.0,-5.760000000000001
536.0,-5.4
537.0,-5.73
538.0,-5.920000000000001
539.0,-5.01
540.0,-5.21
541.0,-5.06
542.0,-5.05
543.0,-5.16
544.0,-5.03
545.0,-5.11
546.0,-5.46
547.0,-5.13
548.0,-5.470000000000001
549.0,-5.09
550.0,-5.15
551.0,-5.01
552.0,-5.16
553.0,-5.03
554.0,-5.04
555.0,-5.04
556.0,-5.15
557.0,-5.15
558.0,-5.03
559.0,-5.1
560.0,-5.21
561.0,-5.6000000000000005
562.0,-5.14
563.0,-5.09
564.0,-5.09
565.0,-5.04
566.0,-5.12
567.0,-5.1
568.0,-5.07
569.0,-5.430000000000001
570.0,-5.19
571.0,-5.01
572.0,-5.03
573.0,-5.1
574.0,-5.36
575.0,-5.19
576.0,-5.13
577.0,-5.630000000000001
578.0,-5.11
579.0,-5.59
580.0,-5.05
581.0,-5.03
582.0,-5.13
583.0,-5.1
584.0,-5.03
585.0,-5.08
586.0,-5.46
587.0,-1.0000000000000007
588.0,-5.05
589.0,-5.04
590.0,-5.17
591.0,-5.08
592.0,-5.19
593.0,-5.19
594.0,-5.5200000000000005
595.0,-5.1
596.0,-5.15
597.0,-5.06
598.0,-5.67
599.0,-5.21
600.0,-5.16
601.0,-5.02
602.0,-5.13
603.0,-5.12
604.0,-5.01
605.0,-5.02
606.0,-5.11
607.0,-5.26
608.0,-5.53
609.0,-5.54
610.0,-5.48
611.0,-5.02
612.0,-5.05
613.0,-5.26
614.0,-5.2
615.0,-5.26
616.0,-5.06
617.0,-5.04
618.0,-5.02
619.0,-5.09
620.0,-5.41
621.0,-1.0000000000000007
622.0,-5.09
623.0,-5.02
624.0,-5.21
625.0,-1.0000000000000007
626.0,-5.42
627.0,-5.26
628.0,-5.13
629.0,-5.03
630.0,-5.790000000000001
631.0,-5.1
632.0,-5.13
633.0,-5.03
634.0,-5.28
635.0,-5.19
636.0,-5.01
637.0,-5.13
638.0,-5.08
639.0,-5.04
640.0,-5.2700000000000005
641.0,-5.42
642.0,-5.13
643.0,-5.19
644.0,-5.04
645.0,-5.11
646.0,-5.21
647.0,-5.3100000000000005
648.0,-5.2700000000000005
649.0,-5.02
650.0,-5.13
651.0,-5.04
652.0,-5.41
653.0,-5.69
654.0,-5.01
655.0,-5.42
656.0,-5.4
657.0,-5.1
658.0,-5.46
659.0,-1.0000000000000007
660.0,-5.18
661.0,-5.01
662.0,-5.14
663.0,-5.09
664.0,-5.12
665.0,-5.26
666.0,-5.45
667.0,-5.36
668.0,-5.06
669.0,-5.630000000000001
670.0,-5.05
671.0,-5.04
672.0,-5.25
673.0,-5.01
674.0,-5.36
675.0,-5.04
676.0,-5.22
677.0,-5.720000000000001
678.0,-5.03
679.0,-5.01
680.0,-5.05
681.0,-5.05
682.0,-5.2700000000000005
683.0,-5.2700000000000005
684.0,-5.07
685.0,-5.15
686.0,-5.4
687.0,-5.04
688.0,-5.29
689.0,-5.03
690.0,-5.6000000000000005
691.0,-5.3
692.0,-5.09
693.0,-5.26
694.0,-5.45
695.0,-5.05
696.0,-5.11
697.0,-5.3
698.0,-5.06
699.0,-5.2700000000000005
700.0,-5.22
701.0,-5.21
702.0,-5.08
703.0,-5.04
704.0,-5.08
705.0,-1.0000000000000007
706.0,-5.16
707.0,-5.01
708.0,-5.01
709.0,-5.07
710.0,-5.86
711.0,-5.05
712.0,-5.05
713.0,-5.08
714.0,-1.0000000000000007
715.0,-5.15
716.0,-5.13
717.0,-5.02
718.0,-5.2
719.0,-5.34
720.0,-5.01
721.0,-5.430000000000001
722.0,-5.01
723.0,-5.06
724.0,-5.09
725.0,-5.760000000000001
726.0,-5.1
727.0,-5.18
728.0,-5.12
729.0,-5.03
730.0,-5.1
731.0,-5.01
732.0,-5.54
733.0,-5.870000000000001
734.0,-5.790000000000001
735.0,-5.800000000000001
736.0,-5.05
737.0,-5.11
738.0,-5.02
739.0,-5.01
740.0,-5.550000000000001
741.0,-5.59
742.0,-5.3100000000000005
743.0,-5.03
744.0,-5.34
745.0,-5.02
746.0,-5.07
747.0,-5.710000000000001
748.0,-5.16
749.0,-5.08
750.0,-5.390000000000001
751.0,-5.23
752.0,-5.44
753.0,-5.08
754.0,-5.25
755.0,-1.0000000000000007
756.0,-5.19
757.0,-5.01
758.0,-5.17
759.0,-5.17
760.0,-5.03
761.0,-5.19
762.0,-5.2
763.0,-5.02
764.0,-5.08
765.0,-5.04
766.0,-5.02
767.0,-5.26
768.0,-5.28
769.0,-5.03
770.0,-5.13
771.0,-5.09
772.0,-5.16
773.0,-5.12
774.0,-5.05
775.0,-1.0000000000000007
776.0,-5.26
777.0,-5.06
778.0,-5.02
779.0,-5.5200000000000005
780.0,-5.09
781.0,-5.04
782.0,-5.1
783.0,-5.51
784.0,-5.45
785.0,-5.02
786.0,-5.05
787.0,-5.02
788.0,-5.02
789.0,-5.66
790.0,-5.2
791.0,-5.32
792.0,-5.01
793.0,-5.05
794.0,-5.06
795.0,-5.16
796.0,-5.26
797.0,-5.37
798.0,-5.09
799.0,-5.15
800.0,-5.82
801.0,-5.16
802.0,-5.01
803.0,-5.13
804.0,-5.06
805.0,-5.04
806.0,-5.28
807.0,-5.04
808.0,-5.15
809.0,-5.13
810.0,-5.05
811.0,-5.05
812.0,-5.02
813.0,-5.02
814.0,-5.08
815.0,-5.870000000000001
816.0,-5.710000000000001
817.0,-5.08
818.0,-5.02
819.0,-5.11
820.0,-5.09
821.0,-5.1
822.0,-5.390000000000001
823.0,-5.01
824.0,-5.01
825.0,-5.3100000000000005
826.0,-5.06
827.0,-5.05
828.0,-5.14
829.0,-5.03
830.0,-5.03
831.0,-5.15
832.0,-5.03
833.0,-5.06
834.0,-5.04
835.0,-5.08
836.0,-5.36
837.0,-5.02
838.0,-5.24
839.0,-5.04
840.0,-5.04
841.0,-5.06
842.0,-5.04
843.0,-5.69
844.0,-5.02
845.0,-5.05
846.0,-5.03
847.0,-5.05
848.0,-5.01
849.0,-5.41
850.0,-5.05
851.0,-5.45
852.0,-5.02
853.0,-5.37
854.0,-5.05
855.0,-5.14
856.0,-5.23
857.0,-5.29
858.0,-5.19
859.0,-5.37
860.0,-5.8500000000000005
861.0,-5.11
862.0,-5.01
863.0,-5.28
864.0,-5.11
865.0,-5.04
866.0,-5.06
867.0,-5.03
868.0,-5.1
869.0,-5.19
870.0,-5.01
871.0,-5.16
872.0,-5.3100000000000005
873.0,-5.12
874.0,-5.470000000000001
875.0,-5.06
876.0,-5.1
877.0,-5.04
878.0,-5.01
879.0,-5.01
880.0,-5.02
881.0,-5.06
882.0,-5.03
883.0,-5.1
884.0,-5.07
885.0,-5.57
886.0,-5.7
887.0,-5.05
888.0,-5.08
889.0,-5.05
890.0,-5.02
891.0,-5.38
892.0,-5.3100000000000005
893.0,-5.02
894.0,-1.0000000000000007
895.0,-5.15
896.0,-5.06
897.0,-5.09
898.0,-5.3500000000000005
899.0,-5.03
900.0,-5.02
901.0,-5.3
902.0,-5.11
903.0,-5.44
904.0,-5.630000000000001
905.0,-5.21
906.0,-5.06
907.0,-5.53
908.0,-5.05
909.0,-5.01
910.0,-5.02
911.0,-5.01
912.0,-5.03
913.0,-5.04
914.0,-5.08
915.0,-5.04
916.0,-5.09
917.0,-5.5600000000000005
918.0,-5.38
919.0,-5.08
920.0,-5.24
921.0,-5.02
922.0,-5.13
923.0,-5.32
924.0,-5.04
925.0,-5.08
926.0,-5.46
927.0,-5.01
928.0,-1.0000000000000007
929.0,-5.390000000000001
930.0,-5.02
931.0,-5.24
932.0,-5.25
933.0,-5.3500000000000005
934.0,-5.12
935.0,-1.0000000000000007
936.0,-5.02
937.0,-5.22
938.0,-5.28
939.0,-5.26
940.0,-5.550000000000001
941.0,-5.69
942.0,-5.18
943.0,-5.04
944.0,-5.45
945.0,-5.04
946.0,-5.18
947.0,-5.34
948.0,-5.3
949.0,-5.21
950.0,-5.25
951.0,-5.86
952.0,-5.09
953.0,-5.05
954.0,-5.09
955.0,-5.17
956.0,-5.21
957.0,-5.28
958.0,-5.9
959.0,-5.04
960.0,-5.06
961.0,-5.03
962.0,-5.34
963.0,-5.08
964.0,-5.15
965.0,-5.03
966.0,-5.11
967.0,-5.06
968.0,-5.09
969.0,-5.2
970.0,-5.02
971.0,-5.02
972.0,-5.3100000000000005
973.0,-5.3
974.0,-5.02
975.0,-5.05
976.0,-1.0000000000000007
977.0,-1.0000000000000007
978.0,-5.03
979.0,-5.760000000000001
980.0,-5.04
981.0,-5.09
982.0,-5.07
983.0,-5.67
984.0,-5.960000000000001
985.0,-5.04
986.0,-5.29
987.0,-5.01
988.0,-5.11
989.0,-5.12
990.0,-5.5
991.0,-5.09
992.0,-5.04
993.0,-5.2
994.0,-5.01
995.0,-5.44
996.0,-5.03
997.0,-5.630000000000001
998.0,-5.03
999.0,-5.1
1000.0,-5.14
1001.0,-5.07
1002.0,-5.02
1003.0,-5.06
1004.0,-5.06
1005.0,-5.11
1006.0,-5.08
1007.0,-5.08
1008.0,-5.04
1009.0,-5.02
1010.0,-5.11
1011.0,-5.02
1012.0,-5.01
1013.0,-5.9
1014.0,-5.14
1015.0,-5.02
1016.0,-5.19
1017.0,-5.06
1018.0,-5.17
1019.0,-5.04
1020.0,-5.29
1021.0,-5.21
1022.0,-5.01
1023.0,-5.21
1024.0,-5.12
1025.0,-5.01
1026.0,-5.38
1027.0,-5.9
1028.0,-5.02
1029.0,-5.24
1030.0,-5.37
1031.0,-5.15
1032.0,-5.03
1033.0,-5.24
1034.0,-5.04
1035.0,-5.1
1036.0,-5.03
1037.0,-5.07
1038.0,-5.28
1039.0,-5.17
1040.0,-5.03
1041.0,-5.08
1042.0,-5.01
1043.0,-5.01
1044.0,-5.1
1045.0,-5.05
1046.0,-5.05
1047.0,-5.01
1048.0,-5.26
1049.0,-5.03
1050.0,-5.32
1051.0,-5.920000000000001
1052.0,-5.04
1053.0,-5.07
1054.0,-5.01
1055.0,-5.16
1056.0,-5.22
1057.0,-5.12
1058.0,-5.26
1059.0,-5.02
1060.0,-5.3100000000000005
1061.0,-5.11
1062.0,-5.33
1063.0,-5.06
1064.0,-5.34
1065.0,-5.08
1066.0,-5.04
1067.0,-5.25
1068.0,-5.17
1069.0,-5.24
1070.0,-5.05
1071.0,-5.13
1072.0,-5.06
1073.0,-5.1
1074.0,-5.06
1075.0,-5.34
1076.0,-5.12
1077.0,-5.15
1078.0,-5.5600000000000005
1079.0,-5.06
1080.0,-5.1
1081.0,-5.09
1082.0,-5.04
1083.0,-5.1
1084.0,-5.04
1085.0,-5.33
1086.0,-5.11
1087.0,-5.04
1088.0,-5.06
1089.0,-5.04
1090.0,-5.03
1091.0,-5.05
1092.0,-5.06
1093.0,-5.04
1094.0,-5.5
1095.0,-5.03
1096.0,-5.08
1097.0,-5.03
1098.0,-5.920000000000001
1099.0,-5.45
1100.0,-5.03
1101.0,-5.09
1102.0,-5.01
1103.0,-5.38
1104.0,-5.18
1105.0,-5.07
1106.0,-5.13
1107.0,-5.24
1108.0,-5.05
1109.0,-5.21
1110.0,-5.13
1111.0,-5.05
1112.0,-5.15
1113.0,-5.3500000000000005
1114.0,-5.01
1115.0,-5.04
1116.0,-5.25
1117.0,-5.03
1118.0,-5.06
1119.0,-5.23
1120.0,-5.22
1121.0,-5.05
1122.0,-5.1
1123.0,-5.11
1124.0,-5.38
1125.0,-5.06
1126.0,-5.01
1127.0,-5.44
1128.0,-5.12
1129.0,-5.09
1130.0,-5.02
1131.0,-5.14
1132.0,-5.09
1133.0,-5.15
1134.0,-5.26
1135.0,-5.1
1136.0,-5.01
1137.0,-5.470000000000001
1138.0,-5.06
1139.0,-5.02
1140.0,-5.8100000000000005
1141.0,-5.23
1142.0,-5.02
1143.0,-5.11
1144.0,-5.09
1145.0,-5.03
1146.0,-5.12
1147.0,-5.13
1148.0,-5.11
1149.0,-5.04
1150.0,-5.02
1151.0,-5.12
1152.0,-5.02
1153.0,-5.06
1154.0,-5.04
1155.0,-5.12
1156.0,-5.25
1157.0,-5.12
1158.0,-5.03
1159.0,-5.02
1160.0,-1.0000000000000007
1161.0,-5.14
1162.0,-5.2
1163.0,-5.12
1164.0,-5.06
1165.0,-5.03
1166.0,-1.0000000000000007
1167.0,-5.12
1168.0,-5.09
1169.0,-5.02
1170.0,-5.38
1171.0,-5.4
1172.0,-5.13
1173.0,-5.6000000000000005
1174.0,-5.01
1175.0,-5.15
1176.0,-5.03
1177.0,-5.02
1178.0,-5.06
1179.0,-5.03
1180.0,-5.86
1181.0,-5.03
1182.0,-5.01
1183.0,-5.22
1184.0,-5.03
1185.0,-5.06
1186.0,-5.14
1187.0,-5.18
1188.0,-5.01
1189.0,-5.01
1190.0,-5.02
1191.0,-5.21
1192.0,-5.08
1193.0,-5.16
1194.0,-5.18
1195.0,-5.2
1196.0,-5.07
1197.0,-5.11
1198.0,-5.36
1199.0,-5.04
1200.0,-5.02
1201.0,-5.630000000000001
1202.0,-5.01
1203.0,-5.33
1204.0,-5.1
1205.0,-5.16
1206.0,-5.02
1207.0,-5.23
1208.0,-5.48
1209.0,-5.16
1210.0,-5.16
1211.0,-5.02
1212.0,-5.08
1213.0,-5.11
1214.0,-5.34
1215.0,-5.46
1216.0,-5.04
1217.0,-5.1
1218.0,-5.03
1219.0,-5.05
1220.0,-5.1
1221.0,-5.02
1222.0,-5.19
1223.0,-5.03
1224.0,-5.06
1225.0,-5.01
1226.0,-5.08
1227.0,-5.01
1228.0,-5.62
1229.0,-5.01
1230.0,-5.48
1231.0,-5.02
1232.0,-5.3500000000000005
1233.0,-5.08
1234.0,-5.12
1235.0,-5.18
1236.0,-5.07
1237.0,-5.45
1238.0,-5.12
1239.0,-5.21
1240.0,-5.14
1241.0,-5.06
1242.0,-5.2
1243.0,-5.04
1244.0,-5.02
1245.0,-5.15
1246.0,-5.14
1247.0,-5.02
1248.0,-5.15
1249.0,-5.13
1250.0,-5.08
1251.0,-5.15
1252.0,-5.03
1253.0,-5.550000000000001
1254.0,-5.23
1255.0,-5.08
1256.0,-5.11
1257.0,-5.05
1258.0,-5.02
1259.0,-5.800000000000001
1260.0,-5.37
1261.0,-5.01
1262.0,-5.18
1263.0,-5.29
1264.0,-5.02
1265.0,-5.14
1266.0,-5.41
1267.0,-5.03
1268.0,-5.3100000000000005
1269.0,-5.18
1270.0,-5.03
1271.0,-5.42
1272.0,-5.07
1273.0,-5.12
1274.0,-5.06
1275.0,-5.18
1276.0,-5.19
1277.0,-5.21
1278.0,-5.02
1279.0,-5.29
1280.0,-5.04
1281.0,-5.03
1282.0,-5.5600000000000005
1283.0,-5.17
1284.0,-5.14
1285.0,-5.26
1286.0,-5.04
1287.0,-5.05
1288.0,-5.3100000000000005
1289.0,-5.02
1290.0,-5.01
1291.0,-5.12
1292.0,-5.3100000000000005
1293.0,-5.5600000000000005
1294.0,-5.16
1295.0,-5.2700000000000005
1296.0,-5.17
1297.0,-5.12
1298.0,-5.5
1299.0,-5.2
1300.0,-5.16
1301.0,-5.21
1302.0,-5.01
1303.0,-5.08
1304.0,-5.28
1305.0,-5.06
1306.0,-5.03
1307.0,-5.07
1308.0,-5.06
1309.0,-5.53
1310.0,-5.36
1311.0,-5.5
1312.0,-5.02
1313.0,-5.05
1314.0,-5.04
1315.0,-5.05
1316.0,-5.19
1317.0,-5.01
1318.0,-5.67
1319.0,-5.06
1320.0,-5.01
1321.0,-5.06
1322.0,-5.08
1323.0,-5.07
1324.0,-5.01
1325.0,-5.09
1326.0,-5.06
1327.0,-5.01
1328.0,-5.02
1329.0,-5.1
1330.0,-5.09
1331.0,-5.07
1332.0,-5.01
1333.0,-5.04
1334.0,-5.08
1335.0,-5.14
1336.0,-5.05
1337.0,-5.3500000000000005
1338.0,-5.07
1339.0,-5.01
1340.0,-1.0000000000000007
1341.0,-5.06
1342.0,-5.03
1343.0,-5.06
1344.0,-5.04
1345.0,-5.03
1346.0,-5.03
1347.0,-5.08
1348.0,-5.15
1349.0,-5.04
1350.0,-5.16
1351.0,-5.03
1352.0,-5.17
1353.0,-5.05
1354.0,-5.06
1355.0,-5.17
1356.0,-5.760000000000001
1357.0,-5.19
1358.0,-5.02
1359.0,-5.03
1360.0,-5.04
1361.0,-5.94
1362.0,-5.05
1363.0,-5.24
1364.0,-5.12
1365.0,-5.07
1366.0,-5.08
1367.0,-5.12
1368.0,-5.03
1369.0,-5.02
1370.0,-5.69
1371.0,-5.41
1372.0,-5.1
1373.0,-5.470000000000001
1374.0,-5.3500000000000005
1375.0,-5.840000000000001
1376.0,-5.04
1377.0,-5.34
1378.0,-5.01
1379.0,-5.12
1380.0,-5.01
1381.0,-5.2
1382.0,-5.2700000000000005
1383.0,-5.23
1384.0,-5.06
1385.0,-5.12
1386.0,-5.44
1387.0,-5.1
1388.0,-5.14
1389.0,-5.05
1390.0,-5.08
1391.0,-5.26
1392.0,-5.12
1393.0,-5.03
1394.0,-5.17
1395.0,-5.09
1396.0,-5.930000000000001
1397.0,-5.13
1398.0,-5.04
1399.0,-5.05
1400.0,-5.38
1401.0,-5.08
1402.0,-5.05
1403.0,-5.13
1404.0,-5.8500000000000005
1405.0,-5.3500000000000005
1406.0,-5.04
1407.0,-5.03
1408.0,-5.05
1409.0,-5.42
1410.0,-5.390000000000001
1411.0,-5.07
1412.0,-5.06
1413.0,-5.04
1414.0,-1.0000000000000007
1415.0,-5.54
1416.0,-5.19
1417.0,-5.24
1418.0,-5.430000000000001
1419.0,-5.06
1420.0,-5.01
1421.0,-5.2
1422.0,-5.09
1423.0,-5.12
1424.0,-5.14
1425.0,-5.06
1426.0,-5.08
1427.0,-5.02
1428.0,-5.61
1429.0,-5.3100000000000005
1430.0,-5.04
1431.0,-5.78
1432.0,-5.01
1433.0,-5.29
1434.0,-5.26
1435.0,-5.38
1436.0,-5.03
1437.0,-5.07
1438.0,-5.03
1439.0,-5.960000000000001
1440.0,-5.7700000000000005
1441.0,-5.5600000000000005
1442.0,-5.17
1443.0,-5.09
1444.0,-5.02
1445.0,-5.09
1446.0,-5.01
1447.0,-5.03
1448.0,-5.04
1449.0,-5.22
1450.0,-1.0000000000000007
1451.0,-5.02
1452.0,-5.640000000000001
1453.0,-5.08
1454.0,-5.23
1455.0,-5.02
1456.0,-5.17
1457.0,-5.02
1458.0,-5.13
1459.0,-5.01
1460.0,-5.18
1461.0,-5.18
1462.0,-5.21
1463.0,-5.07
1464.0,-5.14
1465.0,-5.02
1466.0,-5.680000000000001
1467.0,-5.06
1468.0,-5.08
1469.0,-5.19
1470.0,-5.1
1471.0,-1.0000000000000007
1472.0,-5.630000000000001
1473.0,-5.24
1474.0,-5.78
1475.0,-5.06
1476.0,-5.02
1477.0,-5.630000000000001
1478.0,-5.05
1479.0,-5.08
1480.0,-5.11
1481.0,-5.02
1482.0,-5.05
1483.0,-5.430000000000001
1484.0,-5.23
1485.0,-5.08
1486.0,-5.09
1487.0,-5.960000000000001
1488.0,-5.99
1489.0,-5.02
1490.0,-5.09
1491.0,-5.5200000000000005
1492.0,-5.29
1493.0,-5.57
1494.0,-5.09
1495.0,-5.51
1496.0,-5.14
1497.0,-5.08
1498.0,-5.7
1499.0,-5.1
1500.0,-5.06
1501.0,-5.23
1502.0,-5.42
1503.0,-5.22
1504.0,-5.05
1505.0,-5.46
1506.0,-5.04
1507.0,-5.01
1508.0,-5.1
1509.0,-5.6000000000000005
1510.0,-5.25
1511.0,-5.2700000000000005
1512.0,-5.01
1513.0,-5.09
1514.0,-5.74
1515.0,-1.0000000000000007
1516.0,-5.32
1517.0,-5.13
1518.0,-5.02
1519.0,-5.06
1520.0,-5.13
1521.0,-5.11
1522.0,-5.36
1523.0,-5.01
1524.0,-5.02
1525.0,-5.01
1526.0,-5.12
1527.0,-5.09
1528.0,-5.13
1529.0,-5.15
1530.0,-5.09
1531.0,-5.14
1532.0,-5.7700000000000005
1533.0,-5.04
1534.0,-5.54
1535.0,-5.22
1536.0,-5.09
1537.0,-5.06
1538.0,-1.0000000000000007
1539.0,-5.06
1540.0,-5.02
1541.0,-5.890000000000001
1542.0,-5.46
1543.0,-5.03
1544.0,-5.05
1545.0,-1.0000000000000007
1546.0,-5.5200000000000005
1547.0,-5.03
1548.0,-5.38
1549.0,-5.19
1550.0,-5.390000000000001
1551.0,-5.07
1552.0,-5.4
1553.0,-5.02
1554.0,-5.44
1555.0,-5.4
1556.0,-5.41
1557.0,-5.5600000000000005
1558.0,-5.19
1559.0,-5.16
1560.0,-5.04
1561.0,-5.640000000000001
1562.0,-5.22
1563.0,-5.06
1564.0,-5.15
1565.0,-5.08
1566.0,-5.12
1567.0,-5.02
1568.0,-5.07
1569.0,-5.02
1570.0,-5.32
1571.0,-5.970000000000001
1572.0,-5.21
1573.0,-1.0000000000000007
1574.0,-5.08
1575.0,-5.11
1576.0,-5.22
1577.0,-5.01
1578.0,-5.8100000000000005
1579.0,-5.04
1580.0,-5.760000000000001
1581.0,-5.17
1582.0,-5.22
1583.0,-5.61
1584.0,-5.14
1585.0,-5.3500000000000005
1586.0,-5.16
1587.0,-5.01
1588.0,-5.4
1589.0,-5.19
1590.0,-5.06
1591.0,-5.1
1592.0,-5.5200000000000005
1593.0,-5.13
1594.0,-5.02
1595.0,-5.19
1596.0,-5.03
1597.0,-1.0000000000000007
1598.0,-5.33
1599.0,-5.08
1600.0,-5.15
1601.0,-5.03
1602.0,-5.19
1603.0,-5.5600000000000005
1604.0,-5.14
1605.0,-5.04
1606.0,-5.720000000000001
1607.0,-5.05
1608.0,-5.42
1609.0,-5.06
1610.0,-5.08
1611.0,-5.49
1612.0,-5.06
1613.0,-5.19
1614.0,-5.03
1615.0,-5.6000000000000005
1616.0,-5.2
1617.0,-5.1
1618.0,-5.05
1619.0,-1.0000000000000007
1620.0,-5.23
1621.0,-5.02
1622.0,-5.15
1623.0,-5.04
1624.0,-5.22
1625.0,-5.02
1626.0,-5.24
1627.0,-5.12
1628.0,-5.3
1629.0,-5.66
1630.0,-5.08
1631.0,-5.3500000000000005
1632.0,-5.06
1633.0,-5.21
1634.0,-5.2700000000000005
1635.0,-5.2700000000000005
1636.0,-5.1
1637.0,-5.24
1638.0,-5.1
1639.0,-5.13
1640.0,-5.8100000000000005
1641.0,-5.07
1642.0,-5.03
1643.0,-5.16
1644.0,-5.51
1645.0,-5.49
1646.0,-5.01
1647.0,-1.0000000000000007
1648.0,-5.11
1649.0,-5.3500000000000005
1650.0,-5.6000000000000005
1651.0,-5.21
1652.0,-5.58
1653.0,-5.98
1654.0,-5.01
1655.0,-5.02
1656.0,-5.05
1657.0,-5.3500000000000005
1658.0,-5.16
1659.0,-5.04
1660.0,-5.04
1661.0,-5.07
1662.0,-5.04
1663.0,-5.24
1664.0,-5.02
1665.0,-5.1
1666.0,-5.02
1667.0,-5.05
1668.0,-5.03
1669.0,-5.03
1670.0,-5.06
1671.0,-5.640000000000001
1672.0,-5.880000000000001
1673.0,-5.5600000000000005
1674.0,-5.18
1675.0,-5.02
1676.0,-5.2700000000000005
1677.0,-5.04
1678.0,-5.22
1679.0,-5.12
1680.0,-5.1
1681.0,-5.49
1682.0,-5.3100000000000005
1683.0,-5.14
1684.0,-5.07
1685.0,-5.02
1686.0,-5.14
1687.0,-5.07
1688.0,-5.48
1689.0,-5.05
1690.0,-5.02
1691.0,-5.28
1692.0,-5.16
1693.0,-5.38
1694.0,-5.48
1695.0,-5.13
1696.0,-5.05
1697.0,-5.01
1698.0,-5.18
1699.0,-5.14
1700.0,-5.4
1701.0,-5.08
1702.0,-5.04
1703.0,-5.06
1704.0,-5.14
1705.0,-1.0000000000000007
1706.0,-5.02
1707.0,-5.16
1708.0,-5.21
1709.0,-5.05
1710.0,-5.16
1711.0,-5.12
1712.0,-5.09
1713.0,-5.3100000000000005
1714.0,-5.03
1715.0,-5.54
1716.0,-5.41
1717.0,-5.01
1718.0,-5.24
1719.0,-5.04
1720.0,-5.3
1721.0,-5.05
1722.0,-5.550000000000001
1723.0,-5.08
1724.0,-5.02
1725.0,-5.02
1726.0,-5.48
1727.0,-5.06
1728.0,-5.04
1729.0,-5.04
1730.0,-5.05
1731.0,-5.37
1732.0,-5.32
1733.0,-5.03
1734.0,-5.24
1735.0,-5.2700000000000005
1736.0,-5.15
1737.0,-5.21
1738.0,-5.880000000000001
1739.0,-5.05
1740.0,-5.02
1741.0,-5.13
1742.0,-5.03
1743.0,-5.5200000000000005
1744.0,-5.07
1745.0,-5.19
1746.0,-5.05
1747.0,-5.34
1748.0,-5.01
1749.0,-5.54
1750.0,-5.02
1751.0,-5.13
1752.0,-5.24
1753.0,-5.38
1754.0,-5.28
1755.0,-5.07
1756.0,-5.02
1757.0,-5.48
1758.0,-5.1
1759.0,-5.19
1760.0,-1.0000000000000007
1761.0,-5.13
1762.0,-5.09
1763.0,-5.24
1764.0,-5.23
1765.0,-5.04
1766.0,-5.21
1767.0,-5.07
1768.0,-5.01
1769.0,-1.0000000000000007
1770.0,-5.02
1771.0,-5.09
1772.0,-5.11
1773.0,-5.5600000000000005
1774.0,-5.33
1775.0,-5.32
1776.0,-5.18
1777.0,-5.16
1778.0,-5.03
1779.0,-5.11
1780.0,-5.02
1781.0,-5.11
1782.0,-5.720000000000001
1783.0,-5.01
1784.0,-5.06
1785.0,-5.01
1786.0,-5.53
1787.0,-5.4
1788.0,-5.73
1789.0,-5.08
1790.0,-5.17
1791.0,-5.15
1792.0,-5.5200000000000005
1793.0,-5.09
1794.0,-5.08
1795.0,-5.920000000000001
1796.0,-5.13
1797.0,-5.29
1798.0,-5.21
1799.0,-5.06
1800.0,-5.04
1801.0,-5.53
1802.0,-5.49
1803.0,-5.12
1804.0,-5.37
1805.0,-5.03
1806.0,-5.67
1807.0,-5.02
1808.0,-1.0000000000000007
1809.0,-5.14
1810.0,-5.22
1811.0,-5.41
1812.0,-5.02
1813.0,-5.06
1814.0,-5.45
1815.0,-5.2
1816.0,-5.33
1817.0,-5.18
1818.0,-5.04
1819.0,-5.01
1820.0,-5.12
1821.0,-5.06
1822.0,-5.13
1823.0,-5.16
1824.0,-5.57
1825.0,-5.21
1826.0,-5.22
1827.0,-5.11
1828.0,-5.08
1829.0,-5.03
1830.0,-5.02
1831.0,-5.05
1832.0,-5.04
1833.0,-1.0000000000000007
1834.0,-5.04
1835.0,-5.04
1836.0,-5.04
1837.0,-5.36
1838.0,-5.38
1839.0,-5.45
1840.0,-5.04
1841.0,-5.06
1842.0,-5.03
1843.0,-5.22
1844.0,-5.02
1845.0,-5.48
1846.0,-5.34
1847.0,-5.02
1848.0,-5.83
1849.0,-5.33
1850.0,-5.06
1851.0,-5.06
1852.0,-5.59
1853.0,-5.3500000000000005
1854.0,-5.03
1855.0,-5.09
1856.0,-5.11
1857.0,-5.2
1858.0,-5.3
1859.0,-5.11
1860.0,-5.04
1861.0,-5.03
1862.0,-5.03
1863.0,-5.15
1864.0,-1.0000000000000007
1865.0,-5.03
1866.0,-5.53
1867.0,-5.09
1868.0,-5.01
1869.0,-5.14
1870.0,-5.06
1871.0,-5.86
1872.0,-5.25
1873.0,-5.22
1874.0,-5.19
1875.0,-5.3
1876.0,-5.09
1877.0,-5.86
1878.0,-5.11
1879.0,-5.66
1880.0,-5.22
1881.0,-5.17
1882.0,-5.15
1883.0,-5.38
1884.0,-5.05
1885.0,-5.05
1886.0,-5.03
1887.0,-5.04
1888.0,-5.18
1889.0,-5.07
1890.0,-5.49
1891.0,-5.58
1892.0,-5.15
1893.0,-5.6000000000000005
1894.0,-5.02
1895.0,-5.3
1896.0,-5.44
1897.0,-5.32
1898.0,-5.23
1899.0,-5.18
1900.0,-5.26
1901.0,-5.03
1902.0,-5.48
1903.0,-5.37
1904.0,-5.05
1905.0,-5.12
1906.0,-5.41
1907.0,-5.06
1908.0,-1.0000000000000007
1909.0,-5.4
1910.0,-5.5600000000000005
1911.0,-5.02
1912.0,-5.05
1913.0,-5.19
1914.0,-5.86
1915.0,-5.14
1916.0,-5.630000000000001
1917.0,-5.01
1918.0,-5.4
1919.0,-5.48
1920.0,-5.41
1921.0,-5.01
1922.0,-5.29
1923.0,-5.91
1924.0,-5.07
1925.0,-5.06
1926.0,-5.02
1927.0,-5.02
1928.0,-5.69
1929.0,-5.53
1930.0,-5.06
1931.0,-5.49
1932.0,-5.17
1933.0,-5.16
1934.0,-5.01
1935.0,-5.12
1936.0,-5.11
1937.0,-5.02
1938.0,-5.14
1939.0,-5.03
1940.0,-5.16
1941.0,-5.14
1942.0,-5.06
1943.0,-5.17
1944.0,-5.18
1945.0,-5.53
1946.0,-5.06
1947.0,-5.1
1948.0,-5.04
1949.0,-5.02
1950.0,-5.05
1951.0,-5.01
1952.0,-5.05
1953.0,-5.26
1954.0,-5.1
1955.0,-5.19
1956.0,-5.18
1957.0,-5.02
1958.0,-5.23
1959.0,-5.22
1960.0,-5.08
1961.0,-5.14
1962.0,-5.22
1963.0,-5.11
1964.0,-5.12
1965.0,-5.3100000000000005
1966.0,-5.920000000000001
1967.0,-5.19
1968.0,-5.38
1969.0,-5.44
1970.0,-5.26
1971.0,-5.04
1972.0,-5.44
1973.0,-5.04
1974.0,-5.36
1975.0,-5.07
1976.0,-5.26
1977.0,-5.970000000000001
1978.0,-5.28
1979.0,-5.04
1980.0,-5.15
1981.0,-5.15
1982.0,-5.01
1983.0,-5.05
1984.0,-5.12
1985.0,-5.16
1986.0,-5.800000000000001
1987.0,-5.08
1988.0,-5.2700000000000005
1989.0,-5.11
1990.0,-5.02
1991.0,-5.1
1992.0,-5.4
1993.0,-5.02
1994.0,-5.02
1995.0,-5.04
1996.0,-5.03
1997.0,-5.42
1998.0,-5.04
1999.0,-5.05
2000.0,-5.21
2001.0,-5.07
2002.0,-5.24
2003.0,-5.07
2004.0,-5.26
2005.0,-5.58
2006.0,-1.0000000000000007
2007.0,-5.3500000000000005
2008.0,-5.02
2009.0,-5.22
2010.0,-5.05
2011.0,-5.05
2012.0,-5.5
2013.0,-5.08
2014.0,-5.14
2015.0,-5.01
2016.0,-5.680000000000001
2017.0,-5.02
2018.0,-5.05
2019.0,-5.09
2020.0,-5.51
2021.0,-5.03
2022.0,-5.11
2023.0,-5.09
2024.0,-5.04
2025.0,-5.09
2026.0,-5.37
2027.0,-5.14
2028.0,-5.18
2029.0,-5.21
2030.0,-5.06
2031.0,-5.13
2032.0,-5.29
2033.0,-5.03
2034.0,-1.0000000000000007
2035.0,-5.2
2036.0,-5.07
2037.0,-5.03
2038.0,-5.01
2039.0,-1.0000000000000007
2040.0,-5.3
2041.0,-5.02
2042.0,-5.01
2043.0,-5.33
2044.0,-5.01
2045.0,-5.02
2046.0,-5.1
2047.0,-5.24
2048.0,-5.02
2049.0,-5.3
2050.0,-5.04
2051.0,-5.04
2052.0,-5.28
2053.0,-5.03
2054.0,-5.03
2055.0,-5.33
2056.0,-5.1
2057.0,-5.4
2058.0,-5.18
2059.0,-5.3100000000000005
2060.0,-5.07
2061.0,-5.01
2062.0,-5.1
2063.0,-5.08
2064.0,-5.06
2065.0,-5.11
2066.0,-5.5200000000000005
2067.0,-5.41
2068.0,-5.06
2069.0,-5.07
2070.0,-5.37
2071.0,-5.14
2072.0,-5.12
2073.0,-5.06
2074.0,-5.33
2075.0,-5.1
2076.0,-5.01
2077.0,-5.12
2078.0,-5.03
2079.0,-5.82
2080.0,-5.06
2081.0,-5.15
2082.0,-5.08
2083.0,-5.2
2084.0,-5.04
2085.0,-5.2700000000000005
2086.0,-5.01
2087.0,-5.82
2088.0,-5.07
2089.0,-5.03
2090.0,-5.02
2091.0,-5.12
2092.0,-5.99
2093.0,-5.03
2094.0,-5.07
2095.0,-5.01
2096.0,-5.1
2097.0,-5.32
2098.0,-5.02
2099.0,-5.07
2100.0,-5.36
2101.0,-5.11
2102.0,-5.51
2103.0,-5.4
2104.0,-5.05
2105.0,-5.08
2106.0,-5.01
2107.0,-5.21
2108.0,-5.02
2109.0,-5.1
2110.0,-5.28
2111.0,-5.28
2112.0,-5.06
2113.0,-5.14
2114.0,-5.05
2115.0,-5.12
2116.0,-5.07
2117.0,-5.06
2118.0,-5.01
2119.0,-5.07
2120.0,-5.74
2121.0,-5.01
2122.0,-5.3100000000000005
2123.0,-5.01
2124.0,-5.05
2125.0,-5.430000000000001
2126.0,-5.1
2127.0,-5.2
2128.0,-5.24
2129.0,-5.03
2130.0,-5.05
2131.0,-5.32
2132.0,-5.05
2133.0,-5.3100000000000005
2134.0,-5.3100000000000005
2135.0,-5.18
2136.0,-5.4
2137.0,-5.07
2138.0,-5.01
2139.0,-5.02
2140.0,-5.03
2141.0,-5.05
2142.0,-5.05
2143.0,-5.33
2144.0,-5.19
2145.0,-5.09
2146.0,-5.3500000000000005
2147.0,-5.04
2148.0,-5.09
2149.0,-5.2
2150.0,-5.02
2151.0,-5.06
2152.0,-5.21
2153.0,-5.7700000000000005
2154.0,-5.08
2155.0,-5.1
2156.0,-5.04
2157.0,-5.21
2158.0,-5.02
2159.0,-1.0000000000000007
2160.0,-5.02
2161.0,-5.1
2162.0,-5.46
2163.0,-5.38
2164.0,-5.05
2165.0,-5.38
2166.0,-5.07
2167.0,-5.29
2168.0,-5.02
2169.0,-1.0000000000000007
2170.0,-5.02
2171.0,-5.1
2172.0,-5.02
2173.0,-5.760000000000001
2174.0,-5.2700000000000005
2175.0,-5.01
2176.0,-5.04
2177.0,-5.36
2178.0,-5.29
2179.0,-5.18
2180.0,-5.05
2181.0,-5.49
2182.0,-5.2700000000000005
2183.0,-5.02
2184.0,-5.01
2185.0,-5.36
2186.0,-5.45
2187.0,-5.02
2188.0,-5.03
2189.0,-5.15
2190.0,-5.05
2191.0,-5.06
2192.0,-5.17
2193.0,-5.51
2194.0,-5.01
2195.0,-5.430000000000001
2196.0,-5.61
2197.0,-5.09
2198.0,-5.2
2199.0,-5.1
2200.0,-5.03
2201.0,-5.02
2202.0,-5.680000000000001
2203.0,-5.09
2204.0,-5.05
2205.0,-5.2
2206.0,-5.5600000000000005
2207.0,-5.03
2208.0,-5.06
2209.0,-5.13
2210.0,-5.09
2211.0,-5.02
2212.0,-5.09
2213.0,-5.03
2214.0,-5.14
2215.0,-5.03
2216.0,-5.12
2217.0,-5.04
2218.0,-5.02
2219.0,-5.02
2220.0,-5.08
2221.0,-5.28
2222.0,-5.04
2223.0,-5.23
2224.0,-5.46
2225.0,-5.22
2226.0,-5.03
2227.0,-5.28
2228.0,-5.07
2229.0,-5.21
2230.0,-5.7
2231.0,-5.14
2232.0,-5.02
2233.0,-5.1
2234.0,-5.69
2235.0,-5.41
2236.0,-5.03
2237.0,-5.59
2238.0,-5.1
2239.0,-5.02
2240.0,-5.800000000000001
2241.0,-5.02
2242.0,-1.0000000000000007
2243.0,-5.7
2244.0,-5.13
2245.0,-5.02
2246.0,-5.19
2247.0,-5.05
2248.0,-5.11
2249.0,-5.69
2250.0,-5.07
2251.0,-5.01
2252.0,-1.0000000000000007
2253.0,-5.25
2254.0,-5.06
2255.0,-5.03
2256.0,-5.01
2257.0,-5.15
2258.0,-5.22
2259.0,-5.05
2260.0,-5.62
2261.0,-5.01
2262.0,-5.2
2263.0,-5.18
2264.0,-5.07
2265.0,-5.09
2266.0,-5.11
2267.0,-5.3500000000000005
2268.0,-5.19
2269.0,-5.48
2270.0,-5.03
2271.0,-5.07
2272.0,-5.07
2273.0,-5.03
2274.0,-5.34
2275.0,-5.05
2276.0,-5.09
2277.0,-5.16
2278.0,-5.13
2279.0,-5.08
2280.0,-5.02
2281.0,-5.45
2282.0,-5.28
2283.0,-5.65
2284.0,-5.32
2285.0,-5.1
2286.0,-5.630000000000001
2287.0,-5.13
2288.0,-5.05
2289.0,-5.12
2290.0,-5.65
2291.0,-5.05
2292.0,-5.16
2293.0,-5.07
2294.0,-5.04
2295.0,-5.22
2296.0,-5.5200000000000005
2297.0,-5.22
2298.0,-5.840000000000001
2299.0,-5.13
2300.0,-5.07
2301.0,-5.05
2302.0,-5.02
2303.0,-5.03
2304.0,-5.17
2305.0,-5.15
2306.0,-5.36
2307.0,-5.29
2308.0,-5.02
2309.0,-5.04
2310.0,-5.34
2311.0,-5.15
2312.0,-5.58
2313.0,-5.49
2314.0,-5.09
2315.0,-5.18
2316.0,-5.17
2317.0,-5.01
2318.0,-5.02
2319.0,-5.04
2320.0,-5.66
2321.0,-5.08
2322.0,-5.01
2323.0,-5.01
2324.0,-5.36
2325.0,-5.09
2326.0,-5.08
2327.0,-5.46
2328.0,-5.21
2329.0,-5.19
2330.0,-5.680000000000001
2331.0,-5.09
2332.0,-5.470000000000001
2333.0,-5.01
2334.0,-5.03
2335.0,-5.15
2336.0,-5.25
2337.0,-5.38
2338.0,-5.08
2339.0,-5.24
2340.0,-5.12
2341.0,-5.17
2342.0,-5.15
2343.0,-5.54
2344.0,-5.07
2345.0,-5.19
2346.0,-5.2
2347.0,-5.29
2348.0,-5.08
2349.0,-5.01
2350.0,-5.05
2351.0,-5.2
2352.0,-5.05
2353.0,-5.36
2354.0,-5.58
2355.0,-5.01
2356.0,-1.0000000000000007
2357.0,-5.06
2358.0,-5.14
2359.0,-5.21
2360.0,-5.06
2361.0,-5.430000000000001
2362.0,-5.83
2363.0,-5.14
2364.0,-5.02
2365.0,-5.4
2366.0,-5.02
2367.0,-5.11
2368.0,-5.5
2369.0,-5.03
2370.0,-5.62
2371.0,-5.02
2372.0,-5.34
2373.0,-5.22
2374.0,-5.11
2375.0,-5.15
2376.0,-5.02
2377.0,-5.07
2378.0,-5.12
2379.0,-5.13
2380.0,-5.61
2381.0,-5.15
2382.0,-5.25
2383.0,-5.5600000000000005
2384.0,-5.05
2385.0,-5.07
2386.0,-5.06
2387.0,-5.13
2388.0,-5.32
2389.0,-5.15
2390.0,-5.1
2391.0,-5.06
2392.0,-5.16
2393.0,-5.04
2394.0,-5.57
2395.0,-5.03
2396.0,-5.94
2397.0,-5.19
2398.0,-5.09
2399.0,-5.08
2400.0,-5.06
2401.0,-5.48
2402.0,-5.4
2403.0,-5.430000000000001
2404.0,-5.28
2405.0,-5.62
2406.0,-5.14
2407.0,-5.62
2408.0,-5.03
2409.0,-5.18
2410.0,-5.48
2411.0,-5.12
2412.0,-5.04
2413.0,-5.03
2414.0,-5.07
2415.0,-5.1
2416.0,-5.02
2417.0,-5.02
2418.0,-5.23
2419.0,-5.05
2420.0,-5.28
2421.0,-5.2
2422.0,-5.15
2423.0,-5.01
2424.0,-5.18
2425.0,-5.960000000000001
2426.0,-5.32
2427.0,-5.18
2428.0,-5.06
2429.0,-5.04
2430.0,-5.05
2431.0,-5.48
2432.0,-5.2
2433.0,-5.18
2434.0,-5.17
2435.0,-5.22
2436.0,-5.06
2437.0,-5.550000000000001
2438.0,-5.3100000000000005
2439.0,-5.01
2440.0,-5.1
2441.0,-5.06
2442.0,-5.32
2443.0,-5.2
2444.0,-5.11
2445.0,-5.13
2446.0,-5.15
2447.0,-5.44
2448.0,-5.32
2449.0,-5.13
2450.0,-5.02
2451.0,-5.06
2452.0,-5.13
2453.0,-5.01
2454.0,-5.25
2455.0,-5.03
2456.0,-5.01
2457.0,-5.09
2458.0,-5.08
2459.0,-5.14
2460.0,-5.04
2461.0,-5.04
2462.0,-5.1
2463.0,-5.21
2464.0,-5.33
2465.0,-5.15
2466.0,-5.09
2467.0,-5.46
2468.0,-5.7700000000000005
2469.0,-5.01
2470.0,-5.09
2471.0,-5.470000000000001
2472.0,-5.05
2473.0,-5.07
2474.0,-5.94
2475.0,-5.09
2476.0,-5.03
2477.0,-5.03
2478.0,-5.03
2479.0,-5.01
2480.0,-5.03
2481.0,-5.630000000000001
2482.0,-5.21
2483.0,-5.05
2484.0,-5.4
2485.0,-5.24
2486.0,-5.03
2487.0,-1.0000000000000007
2488.0,-5.07
2489.0,-5.04
2490.0,-5.11
2491.0,-5.32
2492.0,-5.5200000000000005
2493.0,-5.5200000000000005
2494.0,-5.02
2495.0,-5.2700000000000005
2496.0,-5.16
2497.0,-5.790000000000001
2498.0,-5.16
2499.0,-5.710000000000001
2500.0,-5.12
2501.0,-5.08
2502.0,-5.49
2503.0,-5.15
2504.0,-5.760000000000001
2505.0,-5.75
2506.0,-5.02
2507.0,-5.07
2508.0,-5.17
2509.0,-5.04
2510.0,-5.59
2511.0,-5.12
2512.0,-5.02
2513.0,-5.13
2514.0,-5.1
2515.0,-5.17
2516.0,-5.1
2517.0,-5.48
2518.0,-5.15
2519.0,-5.14
2520.0,-5.01
2521.0,-5.33
2522.0,-5.15
2523.0,-5.02
2524.0,-5.02
2525.0,-5.12
2526.0,-5.2
2527.0,-5.07
2528.0,-5.05
2529.0,-5.02
2530.0,-5.22
2531.0,-5.49
2532.0,-5.07
2533.0,-5.01
2534.0,-5.33
2535.0,-5.03
2536.0,-5.45
2537.0,-5.01
2538.0,-5.08
2539.0,-5.3500000000000005
2540.0,-5.32
2541.0,-5.02
2542.0,-5.05
2543.0,-5.24
2544.0,-5.3100000000000005
2545.0,-5.5600000000000005
2546.0,-5.06
2547.0,-5.04
2548.0,-5.36
2549.0,-5.03
2550.0,-5.03
2551.0,-5.05
2552.0,-5.07
2553.0,-5.07
2554.0,-5.06
2555.0,-5.13
2556.0,-5.44
2557.0,-1.0000000000000007
2558.0,-5.3100000000000005
2559.0,-5.33
2560.0,-5.16
2561.0,-5.23
2562.0,-5.06
2563.0,-5.15
2564.0,-5.02
2565.0,-5.05
2566.0,-5.3
2567.0,-5.02
2568.0,-5.02
2569.0,-5.57
2570.0,-5.680000000000001
2571.0,-5.04
2572.0,-5.46
2573.0,-5.12
2574.0,-5.18
2575.0,-5.1
2576.0,-5.14
2577.0,-5.15
2578.0,-5.58
2579.0,-5.02
2580.0,-5.28
2581.0,-5.06
2582.0,-5.14
2583.0,-1.0000000000000007
2584.0,-5.03
2585.0,-5.790000000000001
2586.0,-1.0000000000000007
2587.0,-5.22
2588.0,-5.14
2589.0,-5.630000000000001
2590.0,-5.18
2591.0,-5.38
2592.0,-5.09
2593.0,-5.1
2594.0,-5.05
2595.0,-5.04
2596.0,-5.01
2597.0,-5.2
2598.0,-5.18
2599.0,-5.26
2600.0,-5.02
2601.0,-5.25
2602.0,-5.02
2603.0,-5.04
2604.0,-1.0000000000000007
2605.0,-5.32
2606.0,-5.05
2607.0,-5.01
2608.0,-5.04
2609.0,-5.49
2610.0,-5.06
2611.0,-5.04
2612.0,-5.57
2613.0,-5.04
2614.0,-5.03
2615.0,-5.25
2616.0,-5.23
2617.0,-5.07
2618.0,-5.01
2619.0,-1.0000000000000007
2620.0,-5.02
2621.0,-5.02
2622.0,-5.06
2623.0,-5.14
2624.0,-5.16
2625.0,-5.04
2626.0,-5.02
2627.0,-5.21
2628.0,-5.37
2629.0,-5.2
2630.0,-5.29
2631.0,-5.02
2632.0,-5.04
2633.0,-5.03
2634.0,-5.02
2635.0,-5.07
2636.0,-5.14
2637.0,-5.24
2638.0,-5.18
2639.0,-5.3
2640.0,-5.26
2641.0,-5.1
2642.0,-5.06
2643.0,-5.29
2644.0,-5.9
2645.0,-5.5600000000000005
2646.0,-5.03
2647.0,-5.23
2648.0,-5.18
2649.0,-5.01
2650.0,-5.07
2651.0,-5.07
2652.0,-5.09
2653.0,-5.32
2654.0,-5.25
2655.0,-5.51
2656.0,-5.24
2657.0,-5.86
2658.0,-5.08
2659.0,-5.06
2660.0,-5.09
2661.0,-5.03
2662.0,-5.4
2663.0,-5.12
2664.0,-5.15
2665.0,-5.26
2666.0,-5.8100000000000005
2667.0,-5.13
2668.0,-5.24
2669.0,-5.58
2670.0,-5.33
2671.0,-5.48
2672.0,-5.12
2673.0,-5.02
2674.0,-5.1
2675.0,-5.21
2676.0,-5.46
2677.0,-5.05
2678.0,-5.04
2679.0,-5.01
2680.0,-5.890000000000001
2681.0,-5.390000000000001
2682.0,-5.02
2683.0,-5.42
2684.0,-5.02
2685.0,-5.03
2686.0,-5.24
2687.0,-5.06
2688.0,-5.08
2689.0,-5.5
2690.0,-5.16
2691.0,-5.08
2692.0,-5.33
2693.0,-5.41
2694.0,-5.01
2695.0,-5.11
2696.0,-5.710000000000001
2697.0,-5.09
2698.0,-5.02
2699.0,-5.07
2700.0,-5.04
2701.0,-5.04
2702.0,-5.42
2703.0,-5.08
2704.0,-5.24
2705.0,-5.33
2706.0,-5.24
2707.0,-1.0000000000000007
2708.0,-5.41
2709.0,-5.07
2710.0,-5.3
2711.0,-5.880000000000001
2712.0,-5.16
2713.0,-5.09
2714.0,-5.01
2715.0,-5.2
2716.0,-5.11
2717.0,-5.04
2718.0,-5.51
2719.0,-5.07
2720.0,-5.33
2721.0,-5.15
2722.0,-5.02
2723.0,-5.02
2724.0,-5.01
2725.0,-5.18
2726.0,-5.08
2727.0,-5.23
2728.0,-5.37
2729.0,-5.38
2730.0,-5.2700000000000005
2731.0,-5.13
2732.0,-5.32
2733.0,-5.02
2734.0,-5.03
2735.0,-5.3500000000000005
2736.0,-5.11
2737.0,-5.06
2738.0,-5.46
2739.0,-5.22
2740.0,-5.06
2741.0,-5.08
2742.0,-5.970000000000001
2743.0,-5.17
2744.0,-5.13
2745.0,-5.59
2746.0,-5.17
2747.0,-5.03
2748.0,-5.46
2749.0,-5.69
2750.0,-5.1
2751.0,-5.12
2752.0,-5.03
2753.0,-5.23
2754.0,-5.02
2755.0,-5.17
2756.0,-5.03
2757.0,-5.04
2758.0,-5.28
2759.0,-5.29
2760.0,-5.16
2761.0,-5.3
2762.0,-5.06
2763.0,-5.02
2764.0,-5.08
2765.0,-5.06
2766.0,-5.720000000000001
2767.0,-5.13
2768.0,-5.24
2769.0,-1.0000000000000007
2770.0,-5.430000000000001
2771.0,-5.75
2772.0,-5.04
2773.0,-5.02
2774.0,-5.02
2775.0,-5.4
2776.0,-5.680000000000001
2777.0,-5.05
2778.0,-5.1
2779.0,-5.18
2780.0,-5.61
2781.0,-5.09
2782.0,-5.3
2783.0,-5.51
2784.0,-5.630000000000001
2785.0,-5.3500000000000005
2786.0,-5.66
2787.0,-5.24
2788.0,-5.5600000000000005
2789.0,-5.21
2790.0,-5.1
2791.0,-5.34
2792.0,-5.01
2793.0,-5.01
2794.0,-5.34
2795.0,-5.03
2796.0,-5.2
2797.0,-5.470000000000001
2798.0,-5.62
2799.0,-5.4
2800.0,-5.05
2801.0,-5.15
2802.0,-5.02
2803.0,-5.61
2804.0,-5.61
2805.0,-5.3
2806.0,-5.07
2807.0,-5.57
2808.0,-5.4
2809.0,-5.49
2810.0,-5.12
2811.0,-5.86
2812.0,-5.29
2813.0,-5.15
2814.0,-1.0000000000000007
2815.0,-5.04
2816.0,-5.32
2817.0,-5.04
2818.0,-5.11
2819.0,-5.07
2820.0,-5.12
2821.0,-5.02
2822.0,-5.05
2823.0,-5.04
2824.0,-5.08
2825.0,-5.05
2826.0,-5.01
2827.0,-5.16
2828.0,-5.51
2829.0,-5.02
2830.0,-5.36
2831.0,-5.6000000000000005
2832.0,-5.01
2833.0,-5.02
2834.0,-5.09
2835.0,-5.06
2836.0,-5.14
2837.0,-5.57
2838.0,-5.37
2839.0,-5.48
2840.0,-5.09
2841.0,-5.06
2842.0,-5.15
2843.0,-5.13
2844.0,-5.58
2845.0,-5.03
2846.0,-5.21
2847.0,-5.12
2848.0,-1.0000000000000007
2849.0,-5.13
2850.0,-5.58
2851.0,-5.02
2852.0,-5.28
2853.0,-5.09
2854.0,-5.01
2855.0,-5.03
2856.0,-5.3100000000000005
2857.0,-5.07
2858.0,-5.04
2859.0,-5.3500000000000005
2860.0,-5.65
2861.0,-5.74
2862.0,-5.06
2863.0,-5.13
2864.0,-5.3100000000000005
2865.0,-5.800000000000001
2866.0,-5.11
2867.0,-5.18
2868.0,-5.02
2869.0,-5.53
2870.0,-5.46
2871.0,-5.08
2872.0,-5.13
2873.0,-1.0000000000000007
2874.0,-5.5600000000000005
2875.0,-5.03
2876.0,-5.19
2877.0,-5.07
2878.0,-5.28
2879.0,-5.5200000000000005
2880.0,-5.05
2881.0,-5.29
2882.0,-5.28
2883.0,-5.16
2884.0,-5.01
2885.0,-5.17
2886.0,-5.13
2887.0,-5.32
2888.0,-5.05
2889.0,-5.38
2890.0,-5.550000000000001
2891.0,-5.920000000000001
2892.0,-5.1
2893.0,-5.09
2894.0,-5.13
2895.0,-5.19
2896.0,-5.23
2897.0,-5.25
2898.0,-5.05
2899.0,-5.17
2900.0,-5.86
2901.0,-5.13
2902.0,-5.06
2903.0,-5.1
2904.0,-5.02
2905.0,-5.15
2906.0,-5.05
2907.0,-5.08
2908.0,-5.25
2909.0,-5.11
2910.0,-5.33
2911.0,-5.22
2912.0,-5.05
2913.0,-5.44
2914.0,-5.02
2915.0,-5.07
2916.0,-5.6000000000000005
2917.0,-5.08
2918.0,-5.21
2919.0,-5.19
2920.0,-5.1
2921.0,-5.01
2922.0,-5.930000000000001
2923.0,-5.83
2924.0,-5.14
2925.0,-5.3
2926.0,-5.04
2927.0,-5.38
2928.0,-1.0000000000000007
2929.0,-5.07
2930.0,-5.04
2931.0,-5.3500000000000005
2932.0,-5.25
2933.0,-5.02
2934.0,-5.32
2935.0,-5.19
2936.0,-5.67
2937.0,-5.1
2938.0,-5.06
2939.0,-5.11
2940.0,-5.15
2941.0,-5.17
2942.0,-5.01
2943.0,-5.05
2944.0,-5.430000000000001
2945.0,-5.06
2946.0,-5.13
2947.0,-5.41
2948.0,-5.2700000000000005
2949.0,-5.78
2950.0,-5.59
2951.0,-5.08
2952.0,-5.3500000000000005
2953.0,-5.6000000000000005
2954.0,-5.1
2955.0,-5.13
2956.0,-5.22
2957.0,-5.49
2958.0,-5.49
2959.0,-5.03
2960.0,-5.2
2961.0,-5.1
2962.0,-5.08
2963.0,-5.02
2964.0,-5.550000000000001
2965.0,-5.12
2966.0,-5.15
2967.0,-5.15
2968.0,-5.390000000000001
2969.0,-5.15
2970.0,-5.09
2971.0,-5.17
2972.0,-5.550000000000001
2973.0,-5.15
2974.0,-5.1
2975.0,-5.02
2976.0,-5.33
2977.0,-5.49
2978.0,-5.390000000000001
2979.0,-5.04
2980.0,-5.09
2981.0,-5.19
2982.0,-5.5
2983.0,-1.0000000000000007
2984.0,-5.04
2985.0,-5.02
2986.0,-5.07
2987.0,-5.890000000000001
2988.0,-5.03
2989.0,-5.07
2990.0,-5.01
2991.0,-5.04
2992.0,-5.03
2993.0,-5.98
2994.0,-5.2700000000000005
2995.0,-5.28
2996.0,-5.16
2997.0,-5.01
2998.0,-5.14
2999.0,-5.02
3000.0,-5.09
3001.0,-5.03
3002.0,-5.19
3003.0,-5.01
3004.0,-5.28
3005.0,-5.05
3006.0,-5.2
3007.0,-1.0000000000000007
3008.0,-5.44
3009.0,-5.07
3010.0,-5.5
3011.0,-5.04
3012.0,-5.38
3013.0,-5.4
3014.0,-5.920000000000001
3015.0,-5.430000000000001
3016.0,-5.08
3017.0,-5.3
3018.0,-5.21
3019.0,-5.73
3020.0,-5.69
3021.0,-5.05
3022.0,-5.02
3023.0,-5.15
3024.0,-5.16
3025.0,-5.21
3026.0,-5.25
3027.0,-5.03
3028.0,-5.9
3029.0,-5.33
3030.0,-5.12
3031.0,-5.02
3032.0,-5.03
3033.0,-5.09
3034.0,-5.04
3035.0,-5.05
3036.0,-5.1
3037.0,-5.12
3038.0,-5.06
3039.0,-5.14
3040.0,-5.11
3041.0,-5.2700000000000005
3042.0,-5.03
3043.0,-5.11
3044.0,-5.91
3045.0,-5.02
3046.0,-5.05
3047.0,-5.09
3048.0,-5.03
3049.0,-5.01
3050.0,-5.24
3051.0,-5.74
3052.0,-5.07
3053.0,-5.1
3054.0,-5.840000000000001
3055.0,-5.42
3056.0,-5.09
3057.0,-5.04
3058.0,-5.53
3059.0,-5.21
3060.0,-5.02
3061.0,-5.48
3062.0,-5.03
3063.0,-5.01
3064.0,-5.57
3065.0,-5.29
3066.0,-5.1
3067.0,-5.470000000000001
3068.0,-5.03
3069.0,-5.04
3070.0,-5.04
3071.0,-5.32
3072.0,-5.06
3073.0,-5.58
3074.0,-5.06
3075.0,-5.12
3076.0,-5.3500000000000005
3077.0,-5.42
3078.0,-5.3100000000000005
3079.0,-5.29
3080.0,-5.1
3081.0,-5.02
3082.0,-5.17
3083.0,-5.11
3084.0,-5.07
3085.0,-5.17
3086.0,-5.09
3087.0,-5.08
3088.0,-5.08
3089.0,-5.38
3090.0,-5.390000000000001
3091.0,-5.02
3092.0,-5.1
3093.0,-5.28
3094.0,-5.01
3095.0,-5.12
3096.0,-5.470000000000001
3097.0,-5.22
3098.0,-5.680000000000001
3099.0,-5.57
3100.0,-5.32
3101.0,-5.16
3102.0,-1.0000000000000007
3103.0,-5.02
3104.0,-5.640000000000001
3105.0,-5.26
3106.0,-5.23
3107.0,-5.05
3108.0,-5.03
3109.0,-5.02
3110.0,-5.550000000000001
3111.0,-5.02
3112.0,-5.32
3113.0,-5.67
3114.0,-5.91
3115.0,-5.06
3116.0,-5.04
3117.0,-5.36
3118.0,-5.04
3119.0,-5.04
3120.0,-5.1
3121.0,-5.550000000000001
3122.0,-5.14
3123.0,-5.430000000000001
3124.0,-5.3500000000000005
3125.0,-5.7
3126.0,-5.07
3127.0,-5.12
3128.0,-5.12
3129.0,-5.03
3130.0,-5.14
3131.0,-5.06
3132.0,-5.05
3133.0,-5.01
3134.0,-5.82
3135.0,-5.18
3136.0,-5.390000000000001
3137.0,-5.2
3138.0,-5.04
3139.0,-5.04
3140.0,-5.02
3141.0,-5.03
3142.0,-5.02
3143.0,-5.3100000000000005
3144.0,-5.05
3145.0,-5.58
3146.0,-5.25
3147.0,-5.13
3148.0,-5.25
3149.0,-5.07
3150.0,-5.07
3151.0,-5.49
3152.0,-5.12
3153.0,-5.04
3154.0,-5.65
3155.0,-5.59
3156.0,-5.13
3157.0,-5.13
3158.0,-5.5600000000000005
3159.0,-5.01
3160.0,-5.3500000000000005
3161.0,-5.3
3162.0,-5.02
3163.0,-5.11
3164.0,-5.15
3165.0,-1.0000000000000007
3166.0,-5.01
3167.0,-5.04
3168.0,-5.86
3169.0,-5.06
3170.0,-5.02
3171.0,-5.06
3172.0,-5.11
3173.0,-5.05
3174.0,-5.12
3175.0,-5.33
3176.0,-5.06
3177.0,-5.840000000000001
3178.0,-5.18
3179.0,-5.25
3180.0,-5.34
3181.0,-5.07
3182.0,-5.21
3183.0,-5.18
3184.0,-5.11
3185.0,-5.09
3186.0,-5.470000000000001
3187.0,-5.05
3188.0,-5.1
3189.0,-5.14
3190.0,-5.58
3191.0,-5.22
3192.0,-5.930000000000001
3193.0,-5.09
3194.0,-5.08
3195.0,-5.5600000000000005
3196.0,-5.21
3197.0,-5.07
3198.0,-5.38
3199.0,-5.790000000000001
3200.0,-5.37
3201.0,-5.04
3202.0,-5.04
3203.0,-5.04
3204.0,-5.19
3205.0,-5.06
3206.0,-5.14
3207.0,-5.04
3208.0,-5.03
3209.0,-5.21
3210.0,-5.02
3211.0,-5.37
3212.0,-5.04
3213.0,-5.5600000000000005
3214.0,-5.21
3215.0,-5.03
3216.0,-5.16
3217.0,-5.03
3218.0,-5.09
3219.0,-5.14
3220.0,-5.02
3221.0,-5.45
3222.0,-5.48
3223.0,-5.01
3224.0,-5.01
3225.0,-5.470000000000001
3226.0,-5.03
3227.0,-5.390000000000001
3228.0,-5.3100000000000005
3229.0,-5.2
3230.0,-5.03
3231.0,-5.01
3232.0,-5.02
3233.0,-5.08
3234.0,-5.430000000000001
3235.0,-5.03
3236.0,-5.13
3237.0,-5.29
3238.0,-1.0000000000000007
3239.0,-5.28
3240.0,-5.14
3241.0,-5.11
3242.0,-5.65
3243.0,-5.02
3244.0,-5.25
3245.0,-5.02
3246.0,-5.18
3247.0,-5.08
3248.0,-5.04
3249.0,-5.2700000000000005
3250.0,-1.0000000000000007
3251.0,-5.03
3252.0,-5.03
3253.0,-5.3100000000000005
3254.0,-5.02
3255.0,-5.25
3256.0,-5.12
3257.0,-5.04
3258.0,-5.17
3259.0,-5.06
3260.0,-5.02
3261.0,-5.28
3262.0,-5.06
3263.0,-5.54
3264.0,-5.13
3265.0,-5.870000000000001
3266.0,-5.05
3267.0,-5.36
3268.0,-5.07
3269.0,-5.7
3270.0,-5.02
3271.0,-5.3500000000000005
3272.0,-5.09
3273.0,-5.04
3274.0,-5.630000000000001
3275.0,-5.03
3276.0,-5.11
3277.0,-5.06
3278.0,-5.29
3279.0,-5.01
3280.0,-5.14
3281.0,-5.06
3282.0,-5.16
3283.0,-5.37
3284.0,-5.03
3285.0,-5.09
3286.0,-5.02
3287.0,-5.02
3288.0,-5.38
3289.0,-5.23
3290.0,-5.19
3291.0,-5.17
3292.0,-5.36
3293.0,-5.08
3294.0,-5.9
3295.0,-5.18
3296.0,-5.720000000000001
3297.0,-5.02
3298.0,-5.05
3299.0,-5.05
3300.0,-5.98
3301.0,-5.7700000000000005
3302.0,-5.03
3303.0,-5.45
3304.0,-5.04
3305.0,-5.15
3306.0,-5.33
3307.0,-5.09
3308.0,-5.4
3309.0,-5.1
3310.0,-5.13
3311.0,-5.02
3312.0,-5.86
3313.0,-5.03
3314.0,-5.01
3315.0,-5.07
3316.0,-5.05
3317.0,-5.06
3318.0,-5.03
3319.0,-5.5
3320.0,-5.26
3321.0,-5.33
3322.0,-5.09
3323.0,-5.08
3324.0,-5.1
3325.0,-5.17
3326.0,-5.74
3327.0,-5.48
3328.0,-5.03
3329.0,-5.03
3330.0,-5.23
3331.0,-5.24
3332.0,-5.06
3333.0,-5.02
3334.0,-5.49
3335.0,-5.03
3336.0,-5.02
3337.0,-5.66
3338.0,-5.02
3339.0,-5.33
3340.0,-5.13
3341.0,-5.32
3342.0,-5.02
3343.0,-5.01
3344.0,-5.23
3345.0,-5.2
3346.0,-5.34
3347.0,-5.680000000000001
3348.0,-5.37
3349.0,-5.06
3350.0,-5.02
3351.0,-1.0000000000000007
3352.0,-5.58
3353.0,-5.13
3354.0,-5.15
3355.0,-5.05
3356.0,-5.22
3357.0,-5.15
3358.0,-5.23
3359.0,-5.02
3360.0,-1.0000000000000007
3361.0,-5.36
3362.0,-5.66
3363.0,-5.1
3364.0,-5.06
3365.0,-5.5
3366.0,-5.15
3367.0,-5.02
3368.0,-5.02
3369.0,-5.2700000000000005
3370.0,-5.59
3371.0,-5.3500000000000005
3372.0,-5.23
3373.0,-5.08
3374.0,-5.02
3375.0,-5.16
3376.0,-5.06
3377.0,-5.82
3378.0,-5.5600000000000005
3379.0,-5.36
3380.0,-5.04
3381.0,-5.11
3382.0,-5.11
3383.0,-5.05
3384.0,-5.01
3385.0,-5.09
3386.0,-5.470000000000001
3387.0,-1.0000000000000007
3388.0,-5.04
3389.0,-5.5
3390.0,-5.09
3391.0,-5.03
3392.0,-5.54
3393.0,-5.16
3394.0,-5.03
3395.0,-5.51
3396.0,-5.46
3397.0,-5.04
3398.0,-5.28
3399.0,-5.02
3400.0,-5.44
3401.0,-5.430000000000001
3402.0,-5.04
3403.0,-5.49
3404.0,-5.13
3405.0,-5.02
3406.0,-5.01
3407.0,-5.12
3408.0,-5.02
3409.0,-5.05
3410.0,-5.06
3411.0,-5.86
3412.0,-5.29
3413.0,-5.82
3414.0,-5.44
3415.0,-5.06
3416.0,-5.21
3417.0,-5.01
3418.0,-5.01
3419.0,-5.11
3420.0,-5.23
3421.0,-5.08
3422.0,-5.07
3423.0,-5.04
3424.0,-5.24
3425.0,-5.2700000000000005
3426.0,-1.0000000000000007
3427.0,-1.0000000000000007
3428.0,-5.38
3429.0,-5.06
3430.0,-5.2
3431.0,-5.09
3432.0,-5.4
3433.0,-5.06
3434.0,-5.06
3435.0,-5.1
3436.0,-5.28
3437.0,-5.29
3438.0,-5.66
3439.0,-5.02
3440.0,-5.640000000000001
3441.0,-5.02
3442.0,-5.05
3443.0,-5.45
3444.0,-5.3100000000000005
3445.0,-5.720000000000001
3446.0,-5.02
3447.0,-5.640000000000001
3448.0,-5.03
3449.0,-5.02
3450.0,-5.05
3451.0,-5.06
3452.0,-5.13
3453.0,-5.02
3454.0,-5.930000000000001
3455.0,-5.51
3456.0,-5.42
3457.0,-5.22
3458.0,-5.53
3459.0,-5.32
3460.0,-5.03
3461.0,-5.02
3462.0,-5.45
3463.0,-5.22
3464.0,-5.09
3465.0,-5.01
3466.0,-5.18
3467.0,-5.03
3468.0,-5.41
3469.0,-5.09
3470.0,-5.02
3471.0,-5.17
3472.0,-5.29
3473.0,-5.04
3474.0,-5.16
3475.0,-5.960000000000001
3476.0,-5.16
3477.0,-5.05
3478.0,-5.05
3479.0,-5.12
3480.0,-5.04
3481.0,-5.09
3482.0,-5.07
3483.0,-5.3500000000000005
3484.0,-5.01
3485.0,-5.23
3486.0,-5.5200000000000005
3487.0,-5.15
3488.0,-5.14
3489.0,-5.48
3490.0,-5.430000000000001
3491.0,-5.02
3492.0,-5.11
3493.0,-5.06
3494.0,-5.1
3495.0,-5.48
3496.0,-5.21
3497.0,-5.840000000000001
3498.0,-5.04
3499.0,-5.15
3500.0,-5.4
3501.0,-5.06
3502.0,-5.1
3503.0,-5.02
3504.0,-5.04
3505.0,-5.04
3506.0,-5.02
3507.0,-5.45
3508.0,-5.33
3509.0,-5.12
3510.0,-5.07
3511.0,-5.760000000000001
3512.0,-5.07
3513.0,-5.03
3514.0,-5.19
3515.0,-5.05
3516.0,-5.2700000000000005
3517.0,-5.83
3518.0,-5.36
3519.0,-5.01
3520.0,-5.06
3521.0,-1.0000000000000007
3522.0,-5.22
3523.0,-5.05
3524.0,-5.04
3525.0,-5.5
3526.0,-5.11
3527.0,-5.03
3528.0,-1.0000000000000007
3529.0,-1.0000000000000007
3530.0,-5.17
3531.0,-5.01
3532.0,-5.57
3533.0,-5.5200000000000005
3534.0,-5.08
3535.0,-5.48
3536.0,-5.19
3537.0,-5.01
3538.0,-5.06
3539.0,-5.05
3540.0,-5.02
3541.0,-5.78
3542.0,-1.0000000000000007
3543.0,-5.04
3544.0,-5.640000000000001
3545.0,-5.19
3546.0,-5.04
3547.0,-5.05
3548.0,-5.19
3549.0,-5.38
3550.0,-5.02
3551.0,-5.01
3552.0,-5.19
3553.0,-5.02
3554.0,-5.04
3555.0,-5.01
3556.0,-5.09
3557.0,-5.19
3558.0,-5.38
3559.0,-5.18
3560.0,-5.06
3561.0,-5.09
3562.0,-5.66
3563.0,-5.06
3564.0,-1.0000000000000007
3565.0,-5.03
3566.0,-5.58
3567.0,-5.2700000000000005
3568.0,-5.01
3569.0,-5.05
3570.0,-5.51
3571.0,-5.11
3572.0,-5.24
3573.0,-5.02
3574.0,-5.03
3575.0,-5.01
3576.0,-5.06
3577.0,-5.26
3578.0,-1.0000000000000007
3579.0,-5.34
3580.0,-5.14
3581.0,-5.46
3582.0,-5.02
3583.0,-5.02
3584.0,-5.38
3585.0,-5.04
3586.0,-5.04
3587.0,-5.09
3588.0,-5.01
3589.0,-5.04
3590.0,-5.01
3591.0,-5.3100000000000005
3592.0,-5.550000000000001
3593.0,-5.01
3594.0,-5.04
3595.0,-5.02
3596.0,-5.14
3597.0,-5.12
3598.0,-5.07
3599.0,-5.21
3600.0,-5.01
3601.0,-5.05
3602.0,-5.02
3603.0,-5.7700000000000005
3604.0,-5.23
3605.0,-5.34
3606.0,-5.09
3607.0,-5.23
3608.0,-5.17
3609.0,-5.01
3610.0,-5.01
3611.0,-5.13
3612.0,-5.16
3613.0,-5.03
3614.0,-1.0000000000000007
3615.0,-5.29
3616.0,-5.06
3617.0,-5.33
3618.0,-5.21
3619.0,-5.01
3620.0,-5.8500000000000005
3621.0,-5.13
3622.0,-5.09
3623.0,-5.46
3624.0,-5.25
3625.0,-5.04
3626.0,-5.34
3627.0,-5.5200000000000005
3628.0,-5.08
3629.0,-5.01
3630.0,-5.07
3631.0,-5.14
3632.0,-5.04
3633.0,-5.15
3634.0,-5.04
3635.0,-5.06
3636.0,-5.4
3637.0,-5.4
3638.0,-5.14
3639.0,-5.3
3640.0,-5.25
3641.0,-5.06
3642.0,-5.14
3643.0,-5.04
3644.0,-5.930000000000001
3645.0,-5.16
3646.0,-5.02
3647.0,-5.28
3648.0,-5.33
3649.0,-5.57
3650.0,-5.04
3651.0,-5.44
3652.0,-5.08
3653.0,-1.0000000000000007
3654.0,-5.390000000000001
3655.0,-5.13
3656.0,-5.34
3657.0,-5.06
3658.0,-5.01
3659.0,-5.32
3660.0,-5.36
3661.0,-5.11
3662.0,-5.38
3663.0,-5.11
3664.0,-5.19
3665.0,-5.42
3666.0,-5.01
3667.0,-5.17
3668.0,-5.04
3669.0,-5.390000000000001
3670.0,-5.04
3671.0,-5.11
3672.0,-5.13
3673.0,-5.24
3674.0,-5.05
3675.0,-5.04
3676.0,-5.37
3677.0,-5.04
3678.0,-5.04
3679.0,-1.0000000000000007
3680.0,-5.08
3681.0,-5.41
3682.0,-5.09
3683.0,-5.54
3684.0,-5.18
3685.0,-5.22
3686.0,-5.05
3687.0,-5.08
3688.0,-5.05
3689.0,-5.36
3690.0,-5.5600000000000005
3691.0,-5.08
3692.0,-5.01
3693.0,-5.4
3694.0,-5.04
3695.0,-5.06
3696.0,-5.17
3697.0,-5.1
3698.0,-5.2
3699.0,-5.02
3700.0,-5.04
3701.0,-5.22
3702.0,-5.21
3703.0,-5.28
3704.0,-5.19
3705.0,-5.24
3706.0,-5.760000000000001
3707.0,-5.29
3708.0,-5.430000000000001
3709.0,-5.18
3710.0,-5.23
3711.0,-5.09
3712.0,-5.19
3713.0,-5.29
3714.0,-5.01
3715.0,-5.17
3716.0,-5.37
3717.0,-5.53
3718.0,-5.6000000000000005
3719.0,-5.3
3720.0,-5.05
3721.0,-5.02
3722.0,-5.94
3723.0,-5.430000000000001
3724.0,-5.390000000000001
3725.0,-5.15
3726.0,-5.04
3727.0,-5.04
3728.0,-5.13
3729.0,-5.01
3730.0,-5.24
3731.0,-5.19
3732.0,-5.3
3733.0,-5.75
3734.0,-5.42
3735.0,-5.17
3736.0,-5.13
3737.0,-5.9
3738.0,-5.26
3739.0,-5.14
3740.0,-5.02
3741.0,-5.01
3742.0,-5.3
3743.0,-5.790000000000001
3744.0,-5.03
3745.0,-5.06
3746.0,-5.03
3747.0,-5.04
3748.0,-5.33
3749.0,-5.05
3750.0,-5.11
3751.0,-5.06
3752.0,-5.710000000000001
3753.0,-5.06
3754.0,-5.06
3755.0,-5.01
3756.0,-5.03
3757.0,-5.07
3758.0,-5.05
3759.0,-5.07
3760.0,-5.01
3761.0,-5.12
3762.0,-5.01
3763.0,-5.06
3764.0,-5.09
3765.0,-5.05
3766.0,-5.04
3767.0,-5.04
3768.0,-5.2
3769.0,-5.21
3770.0,-5.430000000000001
3771.0,-5.16
3772.0,-5.15
3773.0,-5.08
3774.0,-5.06
3775.0,-5.22
3776.0,-5.06
3777.0,-5.48
3778.0,-5.08
3779.0,-5.48
3780.0,-5.02
3781.0,-5.390000000000001
3782.0,-5.5200000000000005
3783.0,-5.36
3784.0,-5.05
3785.0,-5.13
3786.0,-5.04
3787.0,-5.03
3788.0,-5.32
3789.0,-5.23
3790.0,-5.29
3791.0,-5.04
3792.0,-5.53
3793.0,-5.02
3794.0,-5.01
3795.0,-5.2700000000000005
3796.0,-5.37
3797.0,-5.03
3798.0,-5.07
3799.0,-5.4
3800.0,-5.390000000000001
3801.0,-5.14
3802.0,-5.48
3803.0,-5.02
3804.0,-5.3500000000000005
3805.0,-5.01
3806.0,-5.74
3807.0,-5.13
3808.0,-5.18
3809.0,-5.06
3810.0,-5.22
3811.0,-5.29
3812.0,-5.09
3813.0,-5.51
3814.0,-5.45
3815.0,-5.13
3816.0,-5.05
3817.0,-5.11
3818.0,-5.09
3819.0,-5.05
3820.0,-5.04
3821.0,-5.1
3822.0,-5.01
3823.0,-5.05
3824.0,-5.17
3825.0,-5.03
3826.0,-5.09
3827.0,-5.01
3828.0,-5.15
3829.0,-5.2
3830.0,-5.03
3831.0,-5.12
3832.0,-5.46
3833.0,-5.25
3834.0,-5.3500000000000005
3835.0,-5.12
3836.0,-5.13
3837.0,-5.7
3838.0,-5.06
3839.0,-5.04
3840.0,-5.17
3841.0,-5.11
3842.0,-5.14
3843.0,-5.08
3844.0,-5.42
3845.0,-5.03
3846.0,-5.07
3847.0,-5.19
3848.0,-5.07
3849.0,-5.12
3850.0,-5.3500000000000005
3851.0,-5.05
3852.0,-5.2700000000000005
3853.0,-5.46
3854.0,-5.06
3855.0,-5.03
3856.0,-5.46
3857.0,-5.03
3858.0,-5.07
3859.0,-5.07
3860.0,-5.41
3861.0,-5.02
3862.0,-5.17
3863.0,-5.24
3864.0,-5.04
3865.0,-5.08
3866.0,-5.09
3867.0,-5.05
3868.0,-5.16
3869.0,-5.53
3870.0,-5.05
3871.0,-5.08
3872.0,-5.09
3873.0,-5.06
3874.0,-5.02
3875.0,-5.08
3876.0,-5.61
3877.0,-5.23
3878.0,-5.03
3879.0,-5.09
3880.0,-5.06
3881.0,-5.04
3882.0,-5.470000000000001
3883.0,-5.19
3884.0,-5.18
3885.0,-5.02
3886.0,-5.44
3887.0,-5.07
3888.0,-5.05
3889.0,-5.05
3890.0,-5.05
3891.0,-5.02
3892.0,-5.03
3893.0,-5.06
3894.0,-5.11
3895.0,-5.08
3896.0,-5.02
3897.0,-5.07
3898.0,-5.05
3899.0,-5.960000000000001
3900.0,-5.02
3901.0,-5.2700000000000005
3902.0,-5.13
3903.0,-5.24
3904.0,-5.08
3905.0,-5.18
3906.0,-5.05
3907.0,-5.03
3908.0,-5.11
3909.0,-5.08
3910.0,-5.1
3911.0,-5.02
3912.0,-5.01
3913.0,-5.42
3914.0,-5.06
3915.0,-5.01
3916.0,-5.3
3917.0,-5.16
3918.0,-5.04
3919.0,-5.08
3920.0,-5.08
3921.0,-5.13
3922.0,-5.07
3923.0,-5.29
3924.0,-5.04
3925.0,-5.91
3926.0,-5.04
3927.0,-5.09
3928.0,-5.26
3929.0,-5.4
3930.0,-5.15
3931.0,-5.470000000000001
3932.0,-5.05
3933.0,-5.1
3934.0,-5.08
3935.0,-5.15
3936.0,-5.630000000000001
3937.0,-5.1
3938.0,-5.03
3939.0,-5.04
3940.0,-5.33
3941.0,-5.08
3942.0,-5.05
3943.0,-5.26
3944.0,-5.11
3945.0,-5.05
3946.0,-5.04
3947.0,-5.06
3948.0,-5.32
3949.0,-5.42
3950.0,-5.58
3951.0,-5.2700000000000005
3952.0,-5.3500000000000005
3953.0,-5.04
3954.0,-5.13
3955.0,-5.41
3956.0,-5.12
3957.0,-5.05
3958.0,-5.83
3959.0,-5.3100000000000005
3960.0,-5.25
3961.0,-5.04
3962.0,-5.48
3963.0,-5.11
3964.0,-5.09
3965.0,-5.04
3966.0,-5.34
3967.0,-5.09
3968.0,-5.790000000000001
3969.0,-5.18
3970.0,-5.06
3971.0,-5.13
3972.0,-5.02
3973.0,-5.08
3974.0,-5.02
3975.0,-5.1
3976.0,-5.05
3977.0,-1.0000000000000007
3978.0,-5.09
3979.0,-5.1
3980.0,-5.07
3981.0,-5.32
3982.0,-5.16
3983.0,-5.12
3984.0,-5.08
3985.0,-5.26
3986.0,-5.3
3987.0,-5.07
3988.0,-5.26
3989.0,-5.07
3990.0,-5.58
3991.0,-5.1
3992.0,-5.03
3993.0,-5.83
3994.0,-1.0000000000000007
3995.0,-5.2700000000000005
3996.0,-5.04
3997.0,-5.11
3998.0,-5.01
3999.0,-5.03
4000.0,-5.710000000000001
4001.0,-1.0000000000000007
4002.0,-5.1
4003.0,-5.01
4004.0,-5.06
4005.0,-5.03
4006.0,-5.21
4007.0,-5.4
4008.0,-5.08
4009.0,-5.13
4010.0,-5.41
4011.0,-5.05
4012.0,-5.29
4013.0,-5.25
4014.0,-5.51
4015.0,-5.02
4016.0,-5.02
4017.0,-5.51
4018.0,-5.01
4019.0,-5.32
4020.0,-5.03
4021.0,-5.02
4022.0,-5.48
4023.0,-5.01
4024.0,-5.54
4025.0,-5.45
4026.0,-5.02
4027.0,-5.08
4028.0,-5.24
4029.0,-5.15
4030.0,-5.07
4031.0,-5.06
4032.0,-5.05
4033.0,-5.5200000000000005
4034.0,-5.37
4035.0,-5.05
4036.0,-5.3500000000000005
4037.0,-5.29
4038.0,-5.54
4039.0,-5.11
4040.0,-5.02
4041.0,-5.890000000000001
4042.0,-5.42
4043.0,-5.09
4044.0,-5.08
4045.0,-5.13
4046.0,-5.11
4047.0,-5.18
4048.0,-5.12
4049.0,-5.44
4050.0,-5.23
4051.0,-5.07
4052.0,-5.01
4053.0,-5.13
4054.0,-5.03
4055.0,-5.08
4056.0,-5.06
4057.0,-5.05
4058.0,-5.23
4059.0,-1.0000000000000007
4060.0,-5.22
4061.0,-5.23
4062.0,-5.05
4063.0,-5.3
4064.0,-5.07
4065.0,-5.09
4066.0,-5.53
4067.0,-5.59
4068.0,-5.07
4069.0,-5.02
4070.0,-5.03
4071.0,-5.05
4072.0,-5.07
4073.0,-5.14
4074.0,-5.41
4075.0,-5.02
4076.0,-5.01
4077.0,-5.32
4078.0,-5.4
4079.0,-5.22
4080.0,-5.05
4081.0,-5.1
4082.0,-5.03
4083.0,-5.11
4084.0,-5.01
4085.0,-5.14
4086.0,-5.51
4087.0,-5.02
4088.0,-5.91
4089.0,-5.54
4090.0,-5.2
4091.0,-5.01
4092.0,-5.15
4093.0,-5.17
4094.0,-5.1
4095.0,-5.22
4096.0,-5.08
4097.0,-5.17
4098.0,-5.09
4099.0,-5.1
4100.0,-5.08
4101.0,-5.02
4102.0,-5.53
4103.0,-5.02
4104.0,-5.24
4105.0,-5.02
4106.0,-5.03
4107.0,-5.05
4108.0,-5.5
4109.0,-5.11
4110.0,-5.04
4111.0,-5.19
4112.0,-5.06
4113.0,-5.05
4114.0,-5.3500000000000005
4115.0,-5.05
4116.0,-5.5600000000000005
4117.0,-5.07
4118.0,-5.09
4119.0,-5.19
4120.0,-5.08
4121.0,-5.44
4122.0,-5.390000000000001
4123.0,-1.0000000000000007
4124.0,-5.02
4125.0,-5.800000000000001
4126.0,-5.01
4127.0,-5.3100000000000005
4128.0,-5.09
4129.0,-5.09
4130.0,-5.18
4131.0,-5.03
4132.0,-5.03
4133.0,-5.03
4134.0,-5.53
4135.0,-5.18
4136.0,-5.02
4137.0,-5.38
4138.0,-5.01
4139.0,-5.32
4140.0,-5.03
4141.0,-5.04
4142.0,-5.41
4143.0,-5.03
4144.0,-5.08
4145.0,-5.1
4146.0,-5.8500000000000005
4147.0,-5.09
4148.0,-5.02
4149.0,-5.04
4150.0,-5.36
4151.0,-5.5
4152.0,-5.34
4153.0,-5.03
4154.0,-5.25
4155.0,-1.0000000000000007
4156.0,-5.06
4157.0,-5.04
4158.0,-5.390000000000001
4159.0,-5.09
4160.0,-5.4
4161.0,-5.02
4162.0,-5.03
4163.0,-5.07
4164.0,-5.19
4165.0,-5.04
4166.0,-5.5200000000000005
4167.0,-5.13
4168.0,-5.04
4169.0,-5.3500000000000005
4170.0,-5.03
4171.0,-5.07
4172.0,-5.22
4173.0,-5.13
4174.0,-5.17
4175.0,-5.01
4176.0,-5.430000000000001
4177.0,-5.37
4178.0,-5.07
4179.0,-5.14
4180.0,-5.05
4181.0,-5.1
4182.0,-5.01
4183.0,-5.18
4184.0,-5.8100000000000005
4185.0,-5.28
4186.0,-5.03
4187.0,-5.74
4188.0,-5.880000000000001
4189.0,-5.06
4190.0,-5.04
4191.0,-5.73
4192.0,-5.08
4193.0,-5.48
4194.0,-5.02
4195.0,-5.41
4196.0,-5.57
4197.0,-5.630000000000001
4198.0,-5.04
4199.0,-5.03
4200.0,-5.01
4201.0,-5.1
4202.0,-5.06
4203.0,-5.22
4204.0,-5.02
4205.0,-5.840000000000001
4206.0,-5.18
4207.0,-5.04
4208.0,-5.01
4209.0,-5.03
4210.0,-5.25
4211.0,-5.02
4212.0,-5.04
4213.0,-5.05
4214.0,-5.03
4215.0,-5.26
4216.0,-5.11
4217.0,-5.13
4218.0,-5.05
4219.0,-5.91
4220.0,-5.03
4221.0,-5.23
4222.0,-5.25
4223.0,-5.34
4224.0,-5.11
4225.0,-5.21
4226.0,-5.07
4227.0,-5.09
4228.0,-5.03
4229.0,-5.06
4230.0,-5.02
4231.0,-5.18
4232.0,-5.09
4233.0,-5.61
4234.0,-5.57
4235.0,-5.03
4236.0,-5.02
4237.0,-5.04
4238.0,-5.1
4239.0,-5.05
4240.0,-5.15
4241.0,-5.42
4242.0,-5.09
4243.0,-5.1
4244.0,-5.12
4245.0,-5.01
4246.0,-1.0000000000000007
4247.0,-5.37
4248.0,-5.02
4249.0,-5.1
4250.0,-5.04
4251.0,-5.06
4252.0,-5.02
4253.0,-5.11
4254.0,-5.74
4255.0,-5.11
4256.0,-5.06
4257.0,-5.12
4258.0,-5.06
4259.0,-5.01
4260.0,-5.01
4261.0,-5.04
4262.0,-5.3
4263.0,-5.3
4264.0,-5.54
4265.0,-5.11
4266.0,-5.03
4267.0,-5.03
4268.0,-5.03
4269.0,-5.03
4270.0,-5.2
4271.0,-5.8500000000000005
4272.0,-5.05
4273.0,-5.3
4274.0,-5.18
4275.0,-5.09
4276.0,-5.01
4277.0,-5.05
4278.0,-5.06
4279.0,-5.06
4280.0,-5.11
4281.0,-5.04
4282.0,-5.06
4283.0,-5.390000000000001
4284.0,-5.03
4285.0,-5.02
4286.0,-5.1
4287.0,-5.3100000000000005
4288.0,-5.36
4289.0,-5.04
4290.0,-5.07
4291.0,-5.09
4292.0,-5.12
4293.0,-5.13
4294.0,-5.1
4295.0,-5.13
4296.0,-5.06
4297.0,-5.44
4298.0,-5.5200000000000005
4299.0,-5.65
4300.0,-5.03
4301.0,-5.14
4302.0,-5.07
4303.0,-5.34
4304.0,-5.09
4305.0,-5.470000000000001
4306.0,-5.02
4307.0,-5.46
4308.0,-5.04
4309.0,-5.23
4310.0,-5.17
4311.0,-5.07
4312.0,-5.03
4313.0,-5.01
4314.0,-5.06
4315.0,-5.07
4316.0,-5.21
4317.0,-5.04
4318.0,-5.15
4319.0,-5.02
4320.0,-5.05
4321.0,-5.29
4322.0,-5.02
4323.0,-5.06
4324.0,-5.15
4325.0,-5.02
4326.0,-5.06
4327.0,-5.32
4328.0,-5.11
4329.0,-5.04
4330.0,-1.0000000000000007
4331.0,-5.01
4332.0,-5.470000000000001
4333.0,-5.36
4334.0,-5.58
4335.0,-5.46
4336.0,-5.3500000000000005
4337.0,-5.03
4338.0,-5.02
4339.0,-5.15
4340.0,-5.07
4341.0,-5.710000000000001
4342.0,-5.57
4343.0,-5.21
4344.0,-5.02
4345.0,-5.09
4346.0,-5.04
4347.0,-5.09
4348.0,-5.710000000000001
4349.0,-5.16
4350.0,-5.05
4351.0,-5.22
4352.0,-5.28
4353.0,-5.1
4354.0,-5.02
4355.0,-5.430000000000001
4356.0,-5.390000000000001
4357.0,-5.07
4358.0,-5.07
4359.0,-5.13
4360.0,-5.01
4361.0,-5.33
4362.0,-5.03
4363.0,-5.09
4364.0,-5.25
4365.0,-5.01
4366.0,-5.7
4367.0,-5.01
4368.0,-5.09
4369.0,-5.04
4370.0,-5.08
4371.0,-5.08
4372.0,-5.08
4373.0,-5.08
4374.0,-5.09
4375.0,-5.41
4376.0,-5.04
4377.0,-5.04
4378.0,-5.720000000000001
4379.0,-5.02
4380.0,-5.09
4381.0,-5.1
4382.0,-5.02
4383.0,-5.04
4384.0,-5.14
4385.0,-5.13
4386.0,-5.02
4387.0,-5.950000000000001
4388.0,-5.2
4389.0,-5.15
4390.0,-5.17
4391.0,-5.04
4392.0,-5.17
4393.0,-5.3500000000000005
4394.0,-5.15
4395.0,-5.05
4396.0,-5.06
4397.0,-5.1
4398.0,-5.21
4399.0,-5.07
4400.0,-5.49
4401.0,-5.470000000000001
4402.0,-5.06
4403.0,-5.44
4404.0,-5.08
4405.0,-5.38
4406.0,-5.1
4407.0,-5.02
4408.0,-5.51
4409.0,-5.09
4410.0,-5.7
4411.0,-5.05
4412.0,-5.11
4413.0,-5.01
4414.0,-5.09
4415.0,-5.5
4416.0,-5.17
4417.0,-5.11
4418.0,-5.11
4419.0,-5.3100000000000005
4420.0,-5.03
4421.0,-5.1
4422.0,-5.41
4423.0,-5.05
4424.0,-5.12
4425.0,-5.02
4426.0,-5.44
4427.0,-5.02
4428.0,-5.14
4429.0,-5.42
4430.0,-5.06
4431.0,-5.04
4432.0,-5.45
4433.0,-5.26
4434.0,-5.02
4435.0,-5.430000000000001
4436.0,-5.59
4437.0,-5.03
4438.0,-5.17
4439.0,-5.2700000000000005
4440.0,-5.13
4441.0,-5.02
4442.0,-5.06
4443.0,-5.04
4444.0,-5.01
4445.0,-5.11
4446.0,-5.05
4447.0,-5.03
4448.0,-5.42
4449.0,-5.07
4450.0,-5.75
4451.0,-5.05
4452.0,-5.11
4453.0,-5.14
4454.0,-5.09
4455.0,-5.18
4456.0,-5.74
4457.0,-5.12
4458.0,-5.48
4459.0,-5.21
4460.0,-5.59
4461.0,-5.07
4462.0,-5.01
4463.0,-5.82
4464.0,-5.04
4465.0,-5.34
4466.0,-5.04
4467.0,-5.62
4468.0,-5.33
4469.0,-5.09
4470.0,-5.08
4471.0,-5.13
4472.0,-5.07
4473.0,-5.15
4474.0,-5.62
4475.0,-5.18
4476.0,-5.04
4477.0,-5.38
4478.0,-5.3
4479.0,-5.02
4480.0,-5.44
4481.0,-5.05
4482.0,-5.24
4483.0,-5.04
4484.0,-5.11
4485.0,-5.02
4486.0,-5.04
4487.0,-5.21
4488.0,-5.07
4489.0,-5.17
4490.0,-5.24
4491.0,-5.05
4492.0,-5.29
4493.0,-5.05
4494.0,-5.07
4495.0,-5.01
4496.0,-5.66
4497.0,-5.02
4498.0,-5.2700000000000005
4499.0,-5.16
4500.0,-5.09
4501.0,-5.02
4502.0,-5.18
4503.0,-5.03
4504.0,-5.05
4505.0,-5.06
4506.0,-5.04
4507.0,-5.08
4508.0,-5.17
4509.0,-5.09
4510.0,-5.33
4511.0,-5.07
4512.0,-5.25
4513.0,-5.04
4514.0,-5.13
4515.0,-5.3500000000000005
4516.0,-5.38
4517.0,-5.710000000000001
4518.0,-5.14
4519.0,-5.14
4520.0,-5.01
4521.0,-5.37
4522.0,-1.0000000000000007
4523.0,-5.1
4524.0,-5.03
4525.0,-5.11
4526.0,-5.18
4527.0,-5.18
4528.0,-5.470000000000001
4529.0,-5.01
4530.0,-5.08
4531.0,-5.09
4532.0,-5.75
4533.0,-5.02
4534.0,-5.57
4535.0,-5.3100000000000005
4536.0,-5.06
4537.0,-5.54
4538.0,-5.01
4539.0,-5.46
4540.0,-5.26
4541.0,-5.03
4542.0,-5.12
4543.0,-5.18
4544.0,-5.3
4545.0,-5.950000000000001
4546.0,-5.05
4547.0,-5.13
4548.0,-5.25
4549.0,-5.48
4550.0,-5.11
4551.0,-5.74
4552.0,-5.05
4553.0,-5.03
4554.0,-5.04
4555.0,-5.06
4556.0,-5.03
4557.0,-5.02
4558.0,-5.04
4559.0,-5.17
4560.0,-5.02
4561.0,-5.01
4562.0,-5.32
4563.0,-5.14
4564.0,-5.3500000000000005
4565.0,-5.390000000000001
4566.0,-5.33
4567.0,-5.01
4568.0,-5.25
4569.0,-5.1
4570.0,-5.01
4571.0,-5.04
4572.0,-5.26
4573.0,-5.25
4574.0,-5.11
4575.0,-5.13
4576.0,-5.04
4577.0,-5.05
4578.0,-5.04
4579.0,-5.36
4580.0,-5.03
4581.0,-5.05
4582.0,-5.07
4583.0,-5.16
4584.0,-5.08
4585.0,-5.22
4586.0,-5.15
4587.0,-5.03
4588.0,-5.16
4589.0,-5.08
4590.0,-5.2
4591.0,-5.14
4592.0,-5.61
4593.0,-5.32
4594.0,-5.86
4595.0,-5.6000000000000005
4596.0,-5.11
4597.0,-5.7
4598.0,-5.01
4599.0,-5.73
4600.0,-5.7
4601.0,-5.06
4602.0,-5.16
4603.0,-5.05
4604.0,-5.18
4605.0,-5.630000000000001
4606.0,-5.18
4607.0,-5.53
4608.0,-5.04
4609.0,-5.04
4610.0,-5.53
4611.0,-5.41
4612.0,-5.1
4613.0,-5.34
4614.0,-5.06
4615.0,-5.02
4616.0,-5.04
4617.0,-5.11
4618.0,-5.01
4619.0,-5.2700000000000005
4620.0,-5.01
4621.0,-5.02
4622.0,-5.01
4623.0,-5.58
4624.0,-5.01
4625.0,-5.06
4626.0,-5.07
4627.0,-5.24
4628.0,-5.03
4629.0,-5.07
4630.0,-5.02
4631.0,-5.12
4632.0,-5.22
4633.0,-5.57
4634.0,-5.03
4635.0,-5.32
4636.0,-5.21
4637.0,-5.01
4638.0,-5.2
4639.0,-5.13
4640.0,-5.11
4641.0,-5.390000000000001
4642.0,-5.24
4643.0,-5.11
4644.0,-5.08
4645.0,-5.13
4646.0,-5.800000000000001
4647.0,-5.21
4648.0,-5.07
4649.0,-5.3
4650.0,-5.41
4651.0,-1.0000000000000007
4652.0,-5.08
4653.0,-5.3500000000000005
4654.0,-5.46
4655.0,-5.23
4656.0,-5.02
4657.0,-5.08
4658.0,-5.1
4659.0,-5.08
4660.0,-5.38
4661.0,-5.01
4662.0,-5.15
4663.0,-5.03
4664.0,-5.06
4665.0,-5.06
4666.0,-5.45
4667.0,-5.02
4668.0,-5.3100000000000005
4669.0,-5.03
4670.0,-5.550000000000001
4671.0,-5.02
4672.0,-5.36
4673.0,-5.11
4674.0,-5.23
4675.0,-5.02
4676.0,-5.03
4677.0,-5.23
4678.0,-5.01
4679.0,-5.1
4680.0,-5.44
4681.0,-5.14
4682.0,-5.07
4683.0,-5.03
4684.0,-5.05
4685.0,-5.02
4686.0,-5.01
4687.0,-5.53
4688.0,-5.29
4689.0,-5.09
4690.0,-5.05
4691.0,-5.04
4692.0,-5.680000000000001
4693.0,-5.07
4694.0,-5.390000000000001
4695.0,-5.3100000000000005
4696.0,-5.2
4697.0,-5.48
4698.0,-5.390000000000001
4699.0,-5.02
4700.0,-5.13
4701.0,-5.09
4702.0,-5.18
4703.0,-5.12
4704.0,-5.12
4705.0,-5.03
4706.0,-5.03
4707.0,-5.01
4708.0,-5.02
4709.0,-5.08
4710.0,-5.32
4711.0,-5.03
4712.0,-5.3
4713.0,-5.54
4714.0,-5.5
4715.0,-5.03
4716.0,-5.29
4717.0,-5.41
4718.0,-5.12
4719.0,-5.12
4720.0,-5.45
4721.0,-5.02
4722.0,-5.2700000000000005
4723.0,-5.12
4724.0,-5.01
4725.0,-1.0000000000000007
4726.0,-5.13
4727.0,-5.03
4728.0,-5.67
4729.0,-5.01
4730.0,-5.09
4731.0,-5.02
4732.0,-5.22
4733.0,-5.17
4734.0,-5.3100000000000005
4735.0,-5.16
4736.0,-5.26
4737.0,-5.640000000000001
4738.0,-5.11
4739.0,-5.840000000000001
4740.0,-5.1
4741.0,-5.02
4742.0,-5.07
4743.0,-5.41
4744.0,-5.02
4745.0,-5.01
4746.0,-5.04
4747.0,-5.01
4748.0,-5.01
4749.0,-5.02
4750.0,-5.09
4751.0,-5.54
4752.0,-5.07
4753.0,-5.06
4754.0,-5.04
4755.0,-5.34
4756.0,-5.04
4757.0,-5.29
4758.0,-5.58
4759.0,-5.14
4760.0,-5.03
4761.0,-5.46
4762.0,-5.11
4763.0,-5.07
4764.0,-5.29
4765.0,-5.4
4766.0,-5.01
4767.0,-5.06
4768.0,-5.19
4769.0,-5.08
4770.0,-5.28
4771.0,-5.32
4772.0,-5.17
4773.0,-5.02
4774.0,-5.02
4775.0,-5.41
4776.0,-5.21
4777.0,-5.09
4778.0,-5.4
4779.0,-5.69
4780.0,-5.01
4781.0,-5.04
4782.0,-5.13
4783.0,-5.51
4784.0,-5.01
4785.0,-5.08
4786.0,-5.13
4787.0,-5.8500000000000005
4788.0,-5.470000000000001
4789.0,-5.03
4790.0,-5.07
4791.0,-5.15
4792.0,-5.28
4793.0,-5.37
4794.0,-5.14
4795.0,-5.08
4796.0,-5.06
4797.0,-5.01
4798.0,-5.18
4799.0,-5.34
4800.0,-5.13
4801.0,-5.3500000000000005
4802.0,-5.12
4803.0,-5.29
4804.0,-1.0000000000000007
4805.0,-5.08
4806.0,-5.45
4807.0,-5.12
4808.0,-5.1
4809.0,-5.09
4810.0,-5.2
4811.0,-5.04
4812.0,-5.15
4813.0,-5.03
4814.0,-5.15
4815.0,-5.03
4816.0,-5.09
4817.0,-5.33
4818.0,-5.2
4819.0,-5.23
4820.0,-5.01
4821.0,-5.66
4822.0,-5.07
4823.0,-5.21
4824.0,-5.03
4825.0,-5.58
4826.0,-5.02
4827.0,-1.0000000000000007
4828.0,-5.04
4829.0,-5.62
4830.0,-5.2
4831.0,-5.02
4832.0,-5.34
4833.0,-5.53
4834.0,-5.06
4835.0,-5.05
4836.0,-5.29
4837.0,-5.22
4838.0,-5.01
4839.0,-5.1
4840.0,-5.3
4841.0,-5.19
4842.0,-5.09
4843.0,-5.01
4844.0,-5.08
4845.0,-5.38
4846.0,-5.34
4847.0,-5.07
4848.0,-5.12
4849.0,-5.42
4850.0,-5.04
4851.0,-5.48
4852.0,-5.14
4853.0,-5.07
4854.0,-5.5600000000000005
4855.0,-5.1
4856.0,-5.07
4857.0,-5.04
4858.0,-5.07
4859.0,-5.02
4860.0,-5.11
4861.0,-5.390000000000001
4862.0,-5.04
4863.0,-5.06
4864.0,-5.3500000000000005
4865.0,-5.02
4866.0,-5.22
4867.0,-5.5200000000000005
4868.0,-5.14
4869.0,-5.2
4870.0,-5.04
4871.0,-5.28
4872.0,-5.5600000000000005
4873.0,-5.46
4874.0,-5.430000000000001
4875.0,-5.07
4876.0,-5.01
4877.0,-5.2700000000000005
4878.0,-5.06
4879.0,-5.25
4880.0,-5.46
4881.0,-5.01
4882.0,-5.04
4883.0,-5.5200000000000005
4884.0,-5.46
4885.0,-5.08
4886.0,-5.02
4887.0,-5.1
4888.0,-5.390000000000001
4889.0,-5.08
4890.0,-5.09
4891.0,-5.45
4892.0,-5.05
4893.0,-5.15
4894.0,-5.03
4895.0,-5.05
4896.0,-5.48
4897.0,-5.02
4898.0,-5.17
4899.0,-5.8100000000000005
4900.0,-5.17
4901.0,-5.02
4902.0,-5.09
4903.0,-5.430000000000001
4904.0,-1.0000000000000007
4905.0,-5.09
4906.0,-5.22
4907.0,-5.17
4908.0,-5.03
4909.0,-5.06
4910.0,-5.04
4911.0,-5.06
4912.0,-5.7
4913.0,-5.21
4914.0,-5.06
4915.0,-1.0000000000000007
4916.0,-5.22
4917.0,-5.430000000000001
4918.0,-5.02
4919.0,-5.09
4920.0,-5.04
4921.0,-5.01
4922.0,-5.44
4923.0,-5.16
4924.0,-5.2
4925.0,-5.2700000000000005
4926.0,-5.03
4927.0,-5.8500000000000005
4928.0,-5.23
4929.0,-5.11
4930.0,-5.21
4931.0,-5.34
4932.0,-5.32
4933.0,-5.29
4934.0,-5.5
4935.0,-5.17
4936.0,-5.37
4937.0,-5.07
4938.0,-5.17
4939.0,-5.630000000000001
4940.0,-5.05
4941.0,-5.15
4942.0,-5.03
4943.0,-5.5600000000000005
4944.0,-5.23
4945.0,-5.16
4946.0,-5.21
4947.0,-5.01
4948.0,-5.02
4949.0,-5.05
4950.0,-5.29
4951.0,-5.01
4952.0,-5.25
4953.0,-5.430000000000001
4954.0,-5.24
4955.0,-5.390000000000001
4956.0,-5.26
4957.0,-5.06
4958.0,-5.1
4959.0,-5.2
4960.0,-5.01
4961.0,-5.02
4962.0,-5.28
4963.0,-5.05
4964.0,-5.17
4965.0,-5.26
4966.0,-5.25
4967.0,-5.470000000000001
4968.0,-1.0000000000000007
4969.0,-5.11
4970.0,-5.08
4971.0,-5.02
4972.0,-5.07
4973.0,-5.42
4974.0,-5.21
4975.0,-5.05
4976.0,-5.1
4977.0,-5.24
4978.0,-5.07
4979.0,-5.640000000000001
4980.0,-5.19
4981.0,-5.29
4982.0,-5.04
4983.0,-5.54
4984.0,-5.25
4985.0,-5.08
4986.0,-5.02
4987.0,-5.08
4988.0,-5.14
4989.0,-5.34
4990.0,-5.07
4991.0,-5.07
4992.0,-5.12
4993.0,-5.14
4994.0,-5.05
4995.0,-5.08
4996.0,-5.67
4997.0,-5.390000000000001
4998.0,-5.09
4999.0,-5.57
5000.0,-5.67
5001.0,-5.06
5002.0,-5.06
5003.0,-5.02
5004.0,-5.15
5005.0,-5.11
5006.0,-5.36
5007.0,-5.680000000000001
5008.0,-5.1
5009.0,-5.03
5010.0,-5.26
5011.0,-5.16
5012.0,-5.15
5013.0,-5.22
5014.0,-5.02
5015.0,-5.390000000000001
5016.0,-5.06
5017.0,-5.09
5018.0,-5.18
5019.0,-5.01
5020.0,-5.2700000000000005
5021.0,-5.24
5022.0,-5.550000000000001
5023.0,-5.13
5024.0,-5.03
5025.0,-5.99
5026.0,-5.05
5027.0,-5.02
5028.0,-5.16
5029.0,-5.16
5030.0,-5.06
5031.0,-5.32
5032.0,-5.44
5033.0,-5.06
5034.0,-5.07
5035.0,-5.13
5036.0,-5.04
5037.0,-5.28
5038.0,-5.11
5039.0,-5.04
5040.0,-5.06
5041.0,-5.3100000000000005
5042.0,-5.02
5043.0,-5.28
5044.0,-5.45
5045.0,-5.790000000000001
5046.0,-5.23
5047.0,-5.08
5048.0,-5.680000000000001
5049.0,-5.59
5050.0,-5.49
5051.0,-5.11
5052.0,-5.01
5053.0,-5.02
5054.0,-5.06
5055.0,-5.07
5056.0,-5.06
5057.0,-5.16
5058.0,-5.05
5059.0,-5.6000000000000005
5060.0,-5.12
5061.0,-5.09
5062.0,-5.57
5063.0,-5.680000000000001
5064.0,-5.03
5065.0,-5.23
5066.0,-5.18
5067.0,-5.950000000000001
5068.0,-5.3100000000000005
5069.0,-5.5
5070.0,-5.01
5071.0,-5.04
5072.0,-5.13
5073.0,-5.28
5074.0,-5.1
5075.0,-5.01
5076.0,-5.06
5077.0,-5.01
5078.0,-1.0000000000000007
5079.0,-5.01
5080.0,-5.02
5081.0,-5.25
5082.0,-5.2
5083.0,-5.03
5084.0,-5.01
5085.0,-5.51
5086.0,-5.94
5087.0,-5.01
5088.0,-5.3
5089.0,-5.05
5090.0,-5.02
5091.0,-5.04
5092.0,-5.05
5093.0,-5.25
5094.0,-5.07
5095.0,-5.3
5096.0,-5.2700000000000005
5097.0,-5.03
5098.0,-5.54
5099.0,-5.51
5100.0,-5.02
5101.0,-5.26
5102.0,-5.61
5103.0,-5.08
5104.0,-5.04
5105.0,-5.51
5106.0,-5.06
5107.0,-5.03
5108.0,-5.02
5109.0,-5.03
5110.0,-5.32
5111.0,-5.13
5112.0,-5.01
5113.0,-5.75
5114.0,-5.05
5115.0,-5.14
5116.0,-5.57
5117.0,-5.02
5118.0,-5.14
5119.0,-5.7
5120.0,-5.06
5121.0,-5.3
5122.0,-5.02
5123.0,-5.05
5124.0,-5.05
5125.0,-5.11
5126.0,-5.02
5127.0,-5.28
5128.0,-5.13
5129.0,-5.25
5130.0,-5.2700000000000005
5131.0,-5.04
5132.0,-5.01
5133.0,-5.3
5134.0,-5.6000000000000005
5135.0,-5.51
5136.0,-5.12
5137.0,-5.03
5138.0,-1.0000000000000007
5139.0,-5.11
5140.0,-5.09
5141.0,-5.05
5142.0,-5.44
5143.0,-5.48
5144.0,-5.37
5145.0,-5.19
5146.0,-5.22
5147.0,-5.08
5148.0,-5.05
5149.0,-5.22
5150.0,-5.640000000000001
5151.0,-5.34
5152.0,-5.02
5153.0,-5.33
5154.0,-5.06
5155.0,-5.630000000000001
5156.0,-5.11
5157.0,-5.07
5158.0,-5.01
5159.0,-5.02
5160.0,-5.14
5161.0,-5.09
5162.0,-5.57
5163.0,-5.05
5164.0,-5.26
5165.0,-5.07
5166.0,-5.54
5167.0,-5.24
5168.0,-5.09
5169.0,-5.01
5170.0,-5.03
5171.0,-5.13
5172.0,-5.2700000000000005
5173.0,-5.42
5174.0,-5.28
5175.0,-5.03
5176.0,-5.02
5177.0,-5.08
5178.0,-5.04
5179.0,-5.57
5180.0,-5.54
5181.0,-5.11
5182.0,-5.03
5183.0,-5.550000000000001
5184.0,-5.23
5185.0,-5.25
5186.0,-5.14
5187.0,-5.38
5188.0,-5.29
5189.0,-5.01
5190.0,-5.470000000000001
5191.0,-5.03
5192.0,-5.12
5193.0,-5.02
5194.0,-5.16
5195.0,-5.02
5196.0,-5.470000000000001
5197.0,-5.59
5198.0,-5.59
5199.0,-5.36
5200.0,-5.73
5201.0,-5.2
5202.0,-5.42
5203.0,-5.06
5204.0,-5.01
5205.0,-5.01
5206.0,-5.36
5207.0,-5.14
5208.0,-5.01
5209.0,-5.04
5210.0,-5.11
5211.0,-5.04
5212.0,-5.09
5213.0,-5.38
5214.0,-5.05
5215.0,-5.33
5216.0,-5.06
5217.0,-5.03
5218.0,-5.11
5219.0,-5.02
5220.0,-5.54
5221.0,-5.710000000000001
5222.0,-5.44
5223.0,-5.04
5224.0,-5.02
5225.0,-5.16
5226.0,-5.04
5227.0,-5.04
5228.0,-5.05
5229.0,-5.26
5230.0,-5.01
5231.0,-5.26
5232.0,-5.09
5233.0,-5.14
5234.0,-5.33
5235.0,-5.16
5236.0,-5.11
5237.0,-5.32
5238.0,-5.21
5239.0,-5.24
5240.0,-5.34
5241.0,-5.470000000000001
5242.0,-5.74
5243.0,-5.02
5244.0,-5.49
5245.0,-5.14
5246.0,-5.550000000000001
5247.0,-5.49
5248.0,-5.17
5249.0,-5.06
5250.0,-5.13
5251.0,-5.2
5252.0,-5.21
5253.0,-5.46
5254.0,-5.05
5255.0,-5.26
5256.0,-5.05
5257.0,-5.21
5258.0,-5.04
5259.0,-5.19
5260.0,-5.23
5261.0,-5.48
5262.0,-5.22
5263.0,-5.33
5264.0,-5.11
5265.0,-5.05
5266.0,-5.14
5267.0,-5.02
5268.0,-5.75
5269.0,-5.05
5270.0,-5.04
5271.0,-5.05
5272.0,-5.09
5273.0,-1.0000000000000007
5274.0,-5.13
5275.0,-5.25
5276.0,-5.09
5277.0,-5.13
5278.0,-5.01
5279.0,-5.16
5280.0,-5.11
5281.0,-5.12
5282.0,-5.34
5283.0,-5.04
5284.0,-5.37
5285.0,-5.15
5286.0,-5.01
5287.0,-5.02
5288.0,-5.16
5289.0,-5.25
5290.0,-5.18
5291.0,-5.12
5292.0,-5.17
5293.0,-5.18
5294.0,-5.03
5295.0,-5.14
5296.0,-5.11
5297.0,-5.05
5298.0,-5.14
5299.0,-1.0000000000000007
5300.0,-5.45
5301.0,-5.15
5302.0,-5.03
5303.0,-5.13
5304.0,-5.12
5305.0,-5.15
5306.0,-5.37
5307.0,-5.67
5308.0,-5.3
5309.0,-5.03
5310.0,-5.3100000000000005
5311.0,-5.12
5312.0,-5.1
5313.0,-5.5600000000000005
5314.0,-5.04
5315.0,-5.01
5316.0,-5.1
5317.0,-5.19
5318.0,-5.08
5319.0,-5.890000000000001
5320.0,-5.05
5321.0,-5.12
5322.0,-5.16
5323.0,-5.22
5324.0,-5.05
5325.0,-5.19
5326.0,-5.02
5327.0,-5.02
5328.0,-5.2700000000000005
5329.0,-5.680000000000001
5330.0,-5.12
5331.0,-5.09
5332.0,-5.37
5333.0,-5.07
5334.0,-5.51
5335.0,-5.02
5336.0,-5.38
5337.0,-5.51
5338.0,-5.05
5339.0,-5.14
5340.0,-5.390000000000001
5341.0,-5.390000000000001
5342.0,-5.3
5343.0,-5.02
5344.0,-5.51
5345.0,-5.28
5346.0,-5.8100000000000005
5347.0,-5.13
5348.0,-5.7
5349.0,-5.1
5350.0,-5.11
5351.0,-5.01
5352.0,-5.1
5353.0,-5.430000000000001
5354.0,-5.24
5355.0,-5.32
5356.0,-5.04
5357.0,-5.36
5358.0,-5.06
5359.0,-5.07
5360.0,-5.51
5361.0,-5.4
5362.0,-5.6000000000000005
5363.0,-5.13
5364.0,-5.36
5365.0,-5.02
5366.0,-5.04
5367.0,-5.09
5368.0,-5.25
5369.0,-5.44
5370.0,-5.5600000000000005
5371.0,-5.51
5372.0,-5.08
5373.0,-5.3
5374.0,-5.49
5375.0,-5.06
5376.0,-5.11
5377.0,-5.430000000000001
5378.0,-5.42
5379.0,-5.4
5380.0,-5.02
5381.0,-5.03
5382.0,-5.04
5383.0,-5.3500000000000005
5384.0,-5.54
5385.0,-5.1
5386.0,-5.58
5387.0,-5.07
5388.0,-5.18
5389.0,-5.03
5390.0,-5.08
5391.0,-5.02
5392.0,-5.19
5393.0,-5.04
5394.0,-5.03
5395.0,-5.1
5396.0,-5.37
5397.0,-5.1
5398.0,-5.48
5399.0,-5.12
5400.0,-5.45
5401.0,-5.01
5402.0,-5.13
5403.0,-5.23
5404.0,-5.54
5405.0,-5.02
5406.0,-5.02
5407.0,-5.02
5408.0,-5.14
5409.0,-5.03
5410.0,-5.03
5411.0,-5.16
5412.0,-5.57
5413.0,-5.83
5414.0,-5.01
5415.0,-5.08
5416.0,-1.0000000000000007
5417.0,-5.04
5418.0,-5.14
5419.0,-5.09
5420.0,-5.1
5421.0,-5.05
5422.0,-5.34
5423.0,-5.45
5424.0,-5.04
5425.0,-5.13
5426.0,-5.09
5427.0,-5.37
5428.0,-5.37
5429.0,-5.09
5430.0,-5.02
5431.0,-5.09
5432.0,-5.3
5433.0,-5.09
5434.0,-5.26
5435.0,-5.36
5436.0,-5.07
5437.0,-5.03
5438.0,-5.45
5439.0,-5.4
5440.0,-5.880000000000001
5441.0,-5.07
5442.0,-5.1
5443.0,-5.17
5444.0,-5.51
5445.0,-5.02
5446.0,-5.12
5447.0,-5.73
5448.0,-5.26
5449.0,-5.19
5450.0,-5.02
5451.0,-5.11
5452.0,-5.03
5453.0,-5.46
5454.0,-5.1
5455.0,-5.17
5456.0,-5.05
5457.0,-5.02
5458.0,-5.02
5459.0,-5.19
5460.0,-5.13
5461.0,-5.13
5462.0,-5.01
5463.0,-5.48
5464.0,-5.01
5465.0,-5.11
5466.0,-5.06
5467.0,-5.1
5468.0,-5.5
5469.0,-5.09
5470.0,-5.07
5471.0,-5.4
5472.0,-5.04
5473.0,-5.430000000000001
5474.0,-5.22
5475.0,-5.03
5476.0,-5.26
5477.0,-5.1
5478.0,-5.15
5479.0,-5.04
5480.0,-5.11
5481.0,-5.03
5482.0,-5.02
5483.0,-5.14
5484.0,-5.66
5485.0,-5.1
5486.0,-5.54
5487.0,-5.14
5488.0,-5.05
5489.0,-5.02
5490.0,-5.01
5491.0,-5.07
5492.0,-5.06
5493.0,-5.08
5494.0,-5.29
5495.0,-5.11
5496.0,-5.13
5497.0,-5.02
5498.0,-1.0000000000000007
5499.0,-5.57
5500.0,-5.04
5501.0,-5.19
5502.0,-5.07
5503.0,-5.04
5504.0,-5.37
5505.0,-5.01
5506.0,-5.5
5507.0,-5.23
5508.0,-5.02
5509.0,-5.3100000000000005
5510.0,-5.38
5511.0,-5.19
5512.0,-5.19
5513.0,-5.06
5514.0,-5.12
5515.0,-5.02
5516.0,-5.32
5517.0,-5.14
5518.0,-5.01
5519.0,-5.91
5520.0,-5.7
5521.0,-5.18
5522.0,-5.58
5523.0,-5.03
5524.0,-5.1
5525.0,-5.05
5526.0,-5.05
5527.0,-5.19
5528.0,-5.15
5529.0,-5.04
5530.0,-5.06
5531.0,-5.03
5532.0,-5.470000000000001
5533.0,-5.04
5534.0,-5.38
5535.0,-5.3500000000000005
5536.0,-5.12
5537.0,-5.22
5538.0,-5.12
5539.0,-5.4
5540.0,-5.26
5541.0,-5.54
5542.0,-5.470000000000001
5543.0,-5.03
5544.0,-5.430000000000001
5545.0,-5.2700000000000005
5546.0,-5.01
5547.0,-5.01
5548.0,-5.550000000000001
5549.0,-5.6000000000000005
5550.0,-5.09
5551.0,-5.06
5552.0,-5.3500000000000005
5553.0,-5.02
5554.0,-5.01
5555.0,-5.67
5556.0,-5.09
5557.0,-5.18
5558.0,-5.02
5559.0,-5.03
5560.0,-5.5200000000000005
5561.0,-5.01
5562.0,-5.23
5563.0,-5.05
5564.0,-5.04
5565.0,-5.2700000000000005
5566.0,-5.2700000000000005
5567.0,-5.65
5568.0,-5.05
5569.0,-1.0000000000000007
5570.0,-5.42
5571.0,-5.23
5572.0,-5.04
5573.0,-5.28
5574.0,-5.48
5575.0,-5.5600000000000005
5576.0,-5.13
5577.0,-5.550000000000001
5578.0,-5.02
5579.0,-5.15
5580.0,-5.24
5581.0,-5.11
5582.0,-5.03
5583.0,-5.5
5584.0,-5.03
5585.0,-1.0000000000000007
5586.0,-5.32
5587.0,-5.34
5588.0,-5.09
5589.0,-5.02
5590.0,-5.13
5591.0,-5.05
5592.0,-5.5
5593.0,-5.65
5594.0,-5.57
5595.0,-5.08
5596.0,-5.470000000000001
5597.0,-5.02
5598.0,-5.03
5599.0,-5.65
5600.0,-5.23
5601.0,-5.03
5602.0,-5.13
5603.0,-5.09
5604.0,-5.14
5605.0,-5.32
5606.0,-5.03
5607.0,-5.02
5608.0,-5.05
5609.0,-5.14
5610.0,-5.65
5611.0,-5.17
5612.0,-5.02
5613.0,-5.05
5614.0,-5.7700000000000005
5615.0,-5.02
5616.0,-5.23
5617.0,-5.07
5618.0,-5.08
5619.0,-5.2700000000000005
5620.0,-5.3100000000000005
5621.0,-5.61
5622.0,-5.03
5623.0,-5.16
5624.0,-5.22
5625.0,-5.12
5626.0,-5.06
5627.0,-5.25
5628.0,-5.21
5629.0,-5.470000000000001
5630.0,-5.11
5631.0,-5.08
5632.0,-5.7
5633.0,-5.3100000000000005
5634.0,-5.07
5635.0,-5.11
5636.0,-1.0000000000000007
5637.0,-5.5
5638.0,-5.08
5639.0,-5.01
5640.0,-5.07
5641.0,-5.54
5642.0,-5.630000000000001
5643.0,-5.16
5644.0,-5.21
5645.0,-5.12
5646.0,-5.5200000000000005
5647.0,-5.13
5648.0,-5.390000000000001
5649.0,-5.15
5650.0,-5.03
5651.0,-5.2
5652.0,-5.2
5653.0,-5.02
5654.0,-5.05
5655.0,-5.21
5656.0,-5.22
5657.0,-5.05
5658.0,-5.54
5659.0,-5.08
5660.0,-5.06
5661.0,-1.0000000000000007
5662.0,-5.04
5663.0,-5.24
5664.0,-5.02
5665.0,-5.04
5666.0,-5.02
5667.0,-5.44
5668.0,-5.34
5669.0,-5.54
5670.0,-5.3500000000000005
5671.0,-5.21
5672.0,-5.01
5673.0,-5.3100000000000005
5674.0,-5.15
5675.0,-5.12
5676.0,-5.09
5677.0,-5.01
5678.0,-5.630000000000001
5679.0,-5.03
5680.0,-5.760000000000001
5681.0,-5.02
5682.0,-5.54
5683.0,-5.07
5684.0,-5.18
5685.0,-5.05
5686.0,-5.02
5687.0,-5.5200000000000005
5688.0,-5.22
5689.0,-5.61
5690.0,-5.15
5691.0,-5.04
5692.0,-5.17
5693.0,-5.5600000000000005
5694.0,-5.5600000000000005
5695.0,-5.01
5696.0,-5.19
5697.0,-5.11
5698.0,-5.24
5699.0,-5.23
5700.0,-5.02
5701.0,-5.02
5702.0,-5.05
5703.0,-5.3100000000000005
5704.0,-5.11
5705.0,-5.74
5706.0,-5.430000000000001
5707.0,-5.03
5708.0,-5.430000000000001
5709.0,-5.14
5710.0,-5.01
5711.0,-5.38
5712.0,-5.04
5713.0,-5.12
5714.0,-5.2
5715.0,-5.45
5716.0,-5.02
5717.0,-5.08
5718.0,-5.6000000000000005
5719.0,-5.930000000000001
5720.0,-5.680000000000001
5721.0,-5.02
5722.0,-5.11
5723.0,-5.34
5724.0,-5.13
5725.0,-5.08
5726.0,-5.01
5727.0,-5.12
5728.0,-5.09
5729.0,-5.42
5730.0,-5.02
5731.0,-5.11
5732.0,-5.06
5733.0,-5.33
5734.0,-5.07
5735.0,-5.03
5736.0,-5.12
5737.0,-5.16
5738.0,-5.41
5739.0,-5.44
5740.0,-5.1
5741.0,-5.61
5742.0,-5.29
5743.0,-5.17
5744.0,-5.26
5745.0,-5.33
5746.0,-5.02
5747.0,-5.32
5748.0,-5.04
5749.0,-5.03
5750.0,-5.430000000000001
5751.0,-5.04
5752.0,-5.02
5753.0,-5.680000000000001
5754.0,-5.16
5755.0,-5.5
5756.0,-5.29
5757.0,-5.1
5758.0,-5.45
5759.0,-5.36
5760.0,-5.19
5761.0,-5.720000000000001
5762.0,-5.07
5763.0,-5.5200000000000005
5764.0,-5.07
5765.0,-5.48
5766.0,-5.48
5767.0,-5.03
5768.0,-5.3500000000000005
5769.0,-5.44
5770.0,-5.26
5771.0,-5.91
5772.0,-5.42
5773.0,-5.02
5774.0,-5.02
5775.0,-5.19
5776.0,-5.16
5777.0,-5.45
5778.0,-5.21
5779.0,-5.48
5780.0,-5.1
5781.0,-5.25
5782.0,-5.23
5783.0,-5.7700000000000005
5784.0,-1.0000000000000007
5785.0,-5.03
5786.0,-5.02
5787.0,-5.08
5788.0,-5.550000000000001
5789.0,-5.430000000000001
5790.0,-5.08
5791.0,-5.44
5792.0,-5.14
5793.0,-5.53
5794.0,-5.42
5795.0,-5.03
5796.0,-5.01
5797.0,-5.02
5798.0,-5.29
5799.0,-5.3
5800.0,-5.870000000000001
5801.0,-5.19
5802.0,-5.07
5803.0,-5.5200000000000005
5804.0,-5.07
5805.0,-5.02
5806.0,-5.53
5807.0,-5.41
5808.0,-5.03
5809.0,-5.640000000000001
5810.0,-5.07
5811.0,-5.01
5812.0,-5.21
5813.0,-5.470000000000001
5814.0,-5.07
5815.0,-5.2
5816.0,-5.430000000000001
5817.0,-5.73
5818.0,-5.19
5819.0,-5.470000000000001
5820.0,-5.25
5821.0,-5.01
5822.0,-5.07
5823.0,-5.24
5824.0,-5.4
5825.0,-5.09
5826.0,-5.03
5827.0,-5.49
5828.0,-5.2700000000000005
5829.0,-5.03
5830.0,-5.2700000000000005
5831.0,-5.74
5832.0,-5.19
5833.0,-5.02
5834.0,-5.51
5835.0,-5.02
5836.0,-5.38
5837.0,-5.17
5838.0,-5.760000000000001
5839.0,-5.09
5840.0,-5.05
5841.0,-5.16
5842.0,-5.2
5843.0,-5.24
5844.0,-5.04
5845.0,-5.19
5846.0,-5.2
5847.0,-5.01
5848.0,-5.08
5849.0,-5.25
5850.0,-5.33
5851.0,-5.23
5852.0,-5.02
5853.0,-5.05
5854.0,-5.18
5855.0,-5.54
5856.0,-5.02
5857.0,-5.33
5858.0,-1.0000000000000007
5859.0,-5.08
5860.0,-5.46
5861.0,-1.0000000000000007
5862.0,-5.12
5863.0,-5.01
5864.0,-5.02
5865.0,-5.09
5866.0,-5.22
5867.0,-5.03
5868.0,-5.18
5869.0,-5.720000000000001
5870.0,-5.01
5871.0,-5.14
5872.0,-5.26
5873.0,-5.03
5874.0,-5.61
5875.0,-5.86
5876.0,-5.41
5877.0,-5.26
5878.0,-5.430000000000001
5879.0,-5.07
5880.0,-5.01
5881.0,-5.23
5882.0,-5.61
5883.0,-5.02
5884.0,-5.62
5885.0,-5.45
5886.0,-5.11
5887.0,-5.36
5888.0,-5.390000000000001
5889.0,-5.11
5890.0,-5.14
5891.0,-5.37
5892.0,-5.930000000000001
5893.0,-5.04
5894.0,-5.54
5895.0,-5.06
5896.0,-5.3100000000000005
5897.0,-5.13
5898.0,-5.4
5899.0,-5.04
5900.0,-5.11
5901.0,-5.03
5902.0,-5.12
5903.0,-5.11
5904.0,-5.01
5905.0,-5.05
5906.0,-5.02
5907.0,-5.05
5908.0,-5.390000000000001
5909.0,-5.38
5910.0,-5.45
5911.0,-5.41
5912.0,-5.38
5913.0,-5.05
5914.0,-5.21
5915.0,-5.01
5916.0,-5.33
5917.0,-5.04
5918.0,-5.08
5919.0,-5.03
5920.0,-5.04
5921.0,-5.09
5922.0,-5.03
5923.0,-5.05
5924.0,-5.66
5925.0,-5.06
5926.0,-5.05
5927.0,-5.62
5928.0,-5.06
5929.0,-5.49
5930.0,-5.03
5931.0,-5.550000000000001
5932.0,-5.02
5933.0,-5.2700000000000005
5934.0,-5.25
5935.0,-5.04
5936.0,-5.02
5937.0,-5.01
5938.0,-5.04
5939.0,-5.02
5940.0,-5.3
5941.0,-5.01
5942.0,-5.07
5943.0,-5.09
5944.0,-5.5200000000000005
5945.0,-5.03
5946.0,-5.02
5947.0,-5.49
5948.0,-5.02
5949.0,-5.07
5950.0,-5.09
5951.0,-5.1
5952.0,-5.11
5953.0,-5.02
5954.0,-5.66
5955.0,-5.04
5956.0,-5.02
5957.0,-5.04
5958.0,-5.12
5959.0,-5.17
5960.0,-5.09
5961.0,-5.51
5962.0,-5.32
5963.0,-5.36
5964.0,-5.08
5965.0,-5.1
5966.0,-5.630000000000001
5967.0,-5.02
5968.0,-5.49
5969.0,-5.21
5970.0,-5.04
5971.0,-5.470000000000001
5972.0,-5.03
5973.0,-5.3500000000000005
5974.0,-5.04
5975.0,-5.1
5976.0,-5.11
5977.0,-5.23
5978.0,-5.23
5979.0,-5.13
5980.0,-5.03
5981.0,-5.02
5982.0,-5.03
5983.0,-1.0000000000000007
5984.0,-5.3100000000000005
5985.0,-5.23
5986.0,-5.02
5987.0,-1.0000000000000007
5988.0,-5.05
5989.0,-5.37
5990.0,-5.08
5991.0,-5.5
5992.0,-5.04
5993.0,-5.02
5994.0,-5.22
5995.0,-5.04
5996.0,-5.05
5997.0,-5.12
5998.0,-5.15
5999.0,-5.13
6000.0,-5.44
6001.0,-5.32
6002.0,-5.29
6003.0,-5.01
6004.0,-5.03
6005.0,-5.05
6006.0,-5.09
6007.0,-5.07
6008.0,-5.02
6009.0,-5.74
6010.0,-5.61
6011.0,-5.14
6012.0,-5.21
6013.0,-5.04
6014.0,-5.01
6015.0,-5.42
6016.0,-5.19
6017.0,-5.15
6018.0,-5.14
6019.0,-5.14
6020.0,-5.02
6021.0,-5.16
6022.0,-5.1
6023.0,-5.08
6024.0,-5.66
6025.0,-5.01
6026.0,-5.08
6027.0,-5.12
6028.0,-5.28
6029.0,-5.06
6030.0,-5.2700000000000005
6031.0,-5.04
6032.0,-5.12
6033.0,-5.08
6034.0,-5.29
6035.0,-5.11
6036.0,-5.42
6037.0,-5.05
6038.0,-5.06
6039.0,-5.33
6040.0,-5.05
6041.0,-5.59
6042.0,-5.12
6043.0,-1.0000000000000007
6044.0,-5.02
6045.0,-5.06
6046.0,-5.2
6047.0,-5.65
6048.0,-5.46
6049.0,-5.12
6050.0,-5.08
6051.0,-5.390000000000001
6052.0,-5.680000000000001
6053.0,-5.14
6054.0,-5.11
6055.0,-5.680000000000001
6056.0,-5.2700000000000005
6057.0,-5.02
6058.0,-5.38
6059.0,-5.14
6060.0,-5.44
6061.0,-5.13
6062.0,-5.34
6063.0,-5.04
6064.0,-5.4
6065.0,-5.04
6066.0,-5.01
6067.0,-5.05
6068.0,-5.46
6069.0,-5.01
6070.0,-5.01
6071.0,-5.760000000000001
6072.0,-5.04
6073.0,-5.04
6074.0,-5.03
6075.0,-5.08
6076.0,-5.5600000000000005
6077.0,-5.16
6078.0,-5.5600000000000005
6079.0,-5.02
6080.0,-5.02
6081.0,-5.34
6082.0,-5.01
6083.0,-5.13
6084.0,-5.3500000000000005
6085.0,-5.06
6086.0,-5.7700000000000005
6087.0,-5.16
6088.0,-5.04
6089.0,-5.41
6090.0,-5.07
6091.0,-5.960000000000001
6092.0,-5.14
6093.0,-5.03
6094.0,-5.6000000000000005
6095.0,-5.5200000000000005
6096.0,-5.09
6097.0,-5.13
6098.0,-5.38
6099.0,-5.86
6100.0,-5.01
6101.0,-5.06
6102.0,-5.44
6103.0,-5.4
6104.0,-5.44
6105.0,-5.37
6106.0,-5.22
6107.0,-5.48
6108.0,-5.02
6109.0,-5.05
6110.0,-5.05
6111.0,-5.05
6112.0,-5.07
6113.0,-5.630000000000001
6114.0,-5.04
6115.0,-5.22
6116.0,-5.14
6117.0,-5.03
6118.0,-5.41
6119.0,-5.2
6120.0,-5.790000000000001
6121.0,-5.37
6122.0,-5.66
6123.0,-5.430000000000001
6124.0,-5.66
6125.0,-5.02
6126.0,-5.05
6127.0,-5.07
6128.0,-5.45
6129.0,-5.25
6130.0,-5.08
6131.0,-5.04
6132.0,-5.01
6133.0,-5.14
6134.0,-5.14
6135.0,-5.03
6136.0,-5.2
6137.0,-5.24
6138.0,-5.1
6139.0,-5.3
6140.0,-5.2
6141.0,-5.430000000000001
6142.0,-5.04
6143.0,-5.25
6144.0,-5.36
6145.0,-5.03
6146.0,-5.760000000000001
6147.0,-5.13
6148.0,-5.2
6149.0,-5.07
6150.0,-5.04
6151.0,-5.05
6152.0,-5.02
6153.0,-5.02
6154.0,-5.790000000000001
6155.0,-5.44
6156.0,-5.02
6157.0,-5.4
6158.0,-5.01
6159.0,-5.04
6160.0,-5.02
6161.0,-5.03
6162.0,-5.48
6163.0,-5.36
6164.0,-5.07
6165.0,-5.06
6166.0,-5.06
6167.0,-5.26
6168.0,-5.5
6169.0,-5.11
6170.0,-5.390000000000001
6171.0,-5.08
6172.0,-5.33
6173.0,-5.48
6174.0,-5.550000000000001
6175.0,-5.45
6176.0,-5.01
6177.0,-5.12
6178.0,-5.14
6179.0,-5.02
6180.0,-5.45
6181.0,-5.03
6182.0,-5.02
6183.0,-5.05
6184.0,-5.02
6185.0,-5.890000000000001
6186.0,-5.32
6187.0,-5.17
6188.0,-5.01
6189.0,-5.05
6190.0,-5.05
6191.0,-5.24
6192.0,-5.58
6193.0,-5.04
6194.0,-5.3100000000000005
6195.0,-5.390000000000001
6196.0,-5.1
6197.0,-5.51
6198.0,-5.02
6199.0,-5.24
6200.0,-5.05
6201.0,-5.04
6202.0,-5.41
6203.0,-5.03
6204.0,-5.3
6205.0,-5.1
6206.0,-5.3
6207.0,-5.630000000000001
6208.0,-5.46
6209.0,-5.21
6210.0,-5.760000000000001
6211.0,-5.44
6212.0,-5.390000000000001
6213.0,-5.01
6214.0,-5.03
6215.0,-5.01
6216.0,-5.02
6217.0,-5.05
6218.0,-5.38
6219.0,-5.54
6220.0,-5.2
6221.0,-5.02
6222.0,-5.7700000000000005
6223.0,-5.6000000000000005
6224.0,-5.08
6225.0,-5.01
6226.0,-5.03
6227.0,-5.960000000000001
6228.0,-5.25
6229.0,-5.41
6230.0,-5.25
6231.0,-5.25
6232.0,-5.69
6233.0,-5.07
6234.0,-5.04
6235.0,-5.11
6236.0,-5.01
6237.0,-5.23
6238.0,-5.6000000000000005
6239.0,-5.07
6240.0,-5.42
6241.0,-5.09
6242.0,-5.02
6243.0,-5.18
6244.0,-5.42
6245.0,-5.640000000000001
6246.0,-5.09
6247.0,-5.54
6248.0,-5.02
6249.0,-5.05
6250.0,-5.25
6251.0,-5.01
6252.0,-5.73
6253.0,-5.960000000000001
6254.0,-5.29
6255.0,-5.02
6256.0,-5.28
6257.0,-5.25
6258.0,-5.51
6259.0,-5.430000000000001
6260.0,-5.3100000000000005
6261.0,-5.82
6262.0,-5.02
6263.0,-5.01
6264.0,-5.15
6265.0,-5.950000000000001
6266.0,-5.760000000000001
6267.0,-5.4
6268.0,-5.550000000000001
6269.0,-5.720000000000001
6270.0,-5.5200000000000005
6271.0,-5.29
6272.0,-5.28
6273.0,-5.22
6274.0,-5.11
6275.0,-5.02
6276.0,-5.1
6277.0,-5.04
6278.0,-5.29
6279.0,-5.1
6280.0,-5.24
6281.0,-5.720000000000001
6282.0,-5.03
6283.0,-5.24
6284.0,-5.4
6285.0,-5.19
6286.0,-5.04
6287.0,-5.06
6288.0,-5.23
6289.0,-5.01
6290.0,-5.07
6291.0,-5.11
6292.0,-5.45
6293.0,-5.41
6294.0,-5.26
6295.0,-5.07
6296.0,-5.08
6297.0,-5.3500000000000005
6298.0,-5.32
6299.0,-5.25
6300.0,-5.02
6301.0,-5.54
6302.0,-5.42
6303.0,-5.06
6304.0,-5.41
6305.0,-5.16
6306.0,-5.5
6307.0,-5.44
6308.0,-5.57
6309.0,-5.13
6310.0,-5.48
6311.0,-5.02
6312.0,-5.03
6313.0,-5.07
6314.0,-5.1
6315.0,-5.07
6316.0,-5.46
6317.0,-5.13
6318.0,-5.36
6319.0,-5.14
6320.0,-5.05
6321.0,-5.23
6322.0,-5.11
6323.0,-5.04
6324.0,-5.02
6325.0,-5.13
6326.0,-5.04
6327.0,-5.12
6328.0,-5.21
6329.0,-5.53
6330.0,-5.1
6331.0,-5.25
6332.0,-5.3100000000000005
6333.0,-5.19
6334.0,-5.08
6335.0,-5.06
6336.0,-5.13
6337.0,-5.06
6338.0,-5.08
6339.0,-5.15
6340.0,-5.5200000000000005
6341.0,-5.05
6342.0,-5.29
6343.0,-5.12
6344.0,-5.02
6345.0,-5.22
6346.0,-5.01
6347.0,-5.01
6348.0,-5.02
6349.0,-5.32
6350.0,-5.07
6351.0,-5.42
6352.0,-5.54
6353.0,-5.29
6354.0,-5.2
6355.0,-5.03
6356.0,-5.03
6357.0,-5.11
6358.0,-5.22
6359.0,-5.04
6360.0,-5.7
6361.0,-5.16
6362.0,-5.07
6363.0,-5.02
6364.0,-5.3
6365.0,-5.1
6366.0,-5.05
6367.0,-5.09
6368.0,-5.23
6369.0,-5.73
6370.0,-5.06
6371.0,-5.06
6372.0,-5.430000000000001
6373.0,-5.19
6374.0,-5.01
6375.0,-1.0000000000000007
6376.0,-5.13
6377.0,-5.1
6378.0,-5.640000000000001
6379.0,-5.57
6380.0,-5.06
6381.0,-5.3100000000000005
6382.0,-5.33
6383.0,-5.6000000000000005
6384.0,-5.720000000000001
6385.0,-5.3100000000000005
6386.0,-5.45
6387.0,-5.38
6388.0,-5.48
6389.0,-5.05
6390.0,-5.04
6391.0,-5.03
6392.0,-5.42
6393.0,-5.11
6394.0,-5.430000000000001
6395.0,-5.33
6396.0,-5.46
6397.0,-5.74
6398.0,-5.08
6399.0,-5.01
6400.0,-5.3500000000000005
6401.0,-5.08
6402.0,-5.48
6403.0,-1.0000000000000007
6404.0,-5.09
6405.0,-5.37
6406.0,-5.33
6407.0,-5.67
6408.0,-5.42
6409.0,-5.07
6410.0,-5.550000000000001
6411.0,-5.37
6412.0,-5.05
6413.0,-5.36
6414.0,-5.05
6415.0,-5.07
6416.0,-5.26
6417.0,-5.01
6418.0,-5.430000000000001
6419.0,-5.1
6420.0,-5.74
6421.0,-5.09
6422.0,-5.04
6423.0,-5.11
6424.0,-5.28
6425.0,-5.06
6426.0,-5.29
6427.0,-5.03
6428.0,-5.09
6429.0,-5.04
6430.0,-5.23
6431.0,-5.08
6432.0,-5.51
6433.0,-5.02
6434.0,-5.66
6435.0,-5.18
6436.0,-5.11
6437.0,-5.2700000000000005
6438.0,-5.08
6439.0,-5.01
6440.0,-5.03
6441.0,-5.05
6442.0,-5.04
6443.0,-5.12
6444.0,-5.02
6445.0,-5.06
6446.0,-5.53
6447.0,-5.3500000000000005
6448.0,-5.430000000000001
6449.0,-5.02
6450.0,-5.25
6451.0,-5.22
6452.0,-5.5200000000000005
6453.0,-5.950000000000001
6454.0,-5.02
6455.0,-5.04
6456.0,-5.03
6457.0,-5.04
6458.0,-5.1
6459.0,-5.46
6460.0,-5.82
6461.0,-5.01
6462.0,-5.3
6463.0,-5.22
6464.0,-5.2700000000000005
6465.0,-5.46
6466.0,-5.05
6467.0,-5.2700000000000005
6468.0,-5.2
6469.0,-5.06
6470.0,-5.08
6471.0,-5.24
6472.0,-5.8100000000000005
6473.0,-5.09
6474.0,-5.02
6475.0,-5.38
6476.0,-5.09
6477.0,-5.83
6478.0,-5.03
6479.0,-5.12
6480.0,-5.11
6481.0,-5.01
6482.0,-5.01
6483.0,-5.53
6484.0,-5.91
6485.0,-5.08
6486.0,-5.790000000000001
6487.0,-5.29
6488.0,-5.06
6489.0,-5.5
6490.0,-5.04
6491.0,-5.06
6492.0,-5.19
6493.0,-5.26
6494.0,-5.680000000000001
6495.0,-5.49
6496.0,-5.3100000000000005
6497.0,-5.09
6498.0,-5.01
6499.0,-5.54
6500.0,-5.01
6501.0,-5.94
6502.0,-5.32
6503.0,-5.03
6504.0,-5.14
6505.0,-5.26
6506.0,-5.01
6507.0,-5.06
6508.0,-5.03
6509.0,-5.02
6510.0,-5.2700000000000005
6511.0,-5.14
6512.0,-5.05
6513.0,-5.37
6514.0,-5.12
6515.0,-5.08
6516.0,-5.430000000000001
6517.0,-5.02
6518.0,-5.05
6519.0,-5.02
6520.0,-5.02
6521.0,-5.02
6522.0,-5.1
6523.0,-5.02
6524.0,-5.4
6525.0,-5.6000000000000005
6526.0,-5.02
6527.0,-5.04
6528.0,-5.59
6529.0,-5.03
6530.0,-5.23
6531.0,-5.16
6532.0,-5.05
6533.0,-5.36
6534.0,-5.02
6535.0,-5.16
6536.0,-5.01
6537.0,-5.11
6538.0,-5.18
6539.0,-5.01
6540.0,-5.03
6541.0,-5.430000000000001
6542.0,-5.470000000000001
6543.0,-5.51
6544.0,-5.65
6545.0,-5.29
6546.0,-5.18
6547.0,-5.06
6548.0,-5.01
6549.0,-5.470000000000001
6550.0,-5.02
6551.0,-5.65
6552.0,-5.28
6553.0,-5.37
6554.0,-5.16
6555.0,-5.04
6556.0,-5.57
6557.0,-5.02
6558.0,-5.2
6559.0,-5.48
6560.0,-5.430000000000001
6561.0,-5.51
6562.0,-5.2
6563.0,-5.21
6564.0,-5.15
6565.0,-5.57
6566.0,-5.03
6567.0,-5.430000000000001
6568.0,-5.08
6569.0,-5.09
6570.0,-5.04
6571.0,-5.430000000000001
6572.0,-5.2
6573.0,-5.16
6574.0,-5.04
6575.0,-5.02
6576.0,-5.04
6577.0,-5.3100000000000005
6578.0,-5.67
6579.0,-5.13
6580.0,-5.01
6581.0,-5.01
6582.0,-5.34
6583.0,-5.32
6584.0,-5.5600000000000005
6585.0,-5.01
6586.0,-5.29
6587.0,-5.17
6588.0,-5.78
6589.0,-5.05
6590.0,-5.3100000000000005
6591.0,-5.51
6592.0,-5.14
6593.0,-5.07
6594.0,-5.06
6595.0,-5.09
6596.0,-5.09
6597.0,-5.02
6598.0,-5.05
6599.0,-5.3100000000000005
6600.0,-5.11
6601.0,-5.18
6602.0,-1.0000000000000007
6603.0,-5.59
6604.0,-5.390000000000001
6605.0,-5.67
6606.0,-5.06
6607.0,-5.25
6608.0,-5.4
6609.0,-5.390000000000001
6610.0,-5.7
6611.0,-5.05
6612.0,-5.22
6613.0,-5.33
6614.0,-5.42
6615.0,-5.37
6616.0,-5.23
6617.0,-5.25
6618.0,-5.04
6619.0,-5.37
6620.0,-5.49
6621.0,-5.16
6622.0,-5.01
6623.0,-5.18
6624.0,-5.08
6625.0,-5.04
6626.0,-5.62
6627.0,-5.02
6628.0,-5.05
6629.0,-5.2700000000000005
6630.0,-5.02
6631.0,-5.4
6632.0,-5.32
6633.0,-5.18
6634.0,-5.2
6635.0,-5.24
6636.0,-5.26
6637.0,-5.02
6638.0,-5.26
6639.0,-5.59
6640.0,-5.05
6641.0,-5.69
6642.0,-5.08
6643.0,-5.02
6644.0,-5.1
6645.0,-5.02
6646.0,-5.05
6647.0,-5.08
6648.0,-5.18
6649.0,-5.05
6650.0,-5.04
6651.0,-1.0000000000000007
6652.0,-5.02
6653.0,-5.08
6654.0,-5.41
6655.0,-5.01
6656.0,-5.32
6657.0,-1.0000000000000007
6658.0,-5.02
6659.0,-5.34
6660.0,-5.01
6661.0,-5.12
6662.0,-5.01
6663.0,-5.04
6664.0,-5.14
6665.0,-5.12
6666.0,-5.23
6667.0,-5.38
6668.0,-5.1
6669.0,-5.29
6670.0,-5.03
6671.0,-5.13
6672.0,-5.15
6673.0,-5.06
6674.0,-5.06
6675.0,-5.26
6676.0,-5.09
6677.0,-5.1
6678.0,-5.37
6679.0,-5.25
6680.0,-5.01
6681.0,-5.18
6682.0,-5.05
6683.0,-5.59
6684.0,-5.44
6685.0,-5.3500000000000005
6686.0,-5.32
6687.0,-5.04
6688.0,-5.640000000000001
6689.0,-5.05
6690.0,-5.05
6691.0,-5.09
6692.0,-5.05
6693.0,-5.21
6694.0,-5.04
6695.0,-5.08
6696.0,-5.16
6697.0,-5.54
6698.0,-5.12
6699.0,-5.28
6700.0,-5.6000000000000005
6701.0,-5.02
6702.0,-5.36
6703.0,-5.01
6704.0,-5.05
6705.0,-5.28
6706.0,-5.07
6707.0,-5.07
6708.0,-5.02
6709.0,-5.46
6710.0,-5.950000000000001
6711.0,-5.22
6712.0,-5.5200000000000005
6713.0,-5.42
6714.0,-5.01
6715.0,-5.66
6716.0,-5.03
6717.0,-5.710000000000001
6718.0,-5.14
6719.0,-5.08
6720.0,-5.02
6721.0,-5.07
6722.0,-5.29
6723.0,-5.08
6724.0,-5.430000000000001
6725.0,-5.36
6726.0,-5.03
6727.0,-5.4
6728.0,-5.29
6729.0,-5.18
6730.0,-5.22
6731.0,-5.19
6732.0,-5.3
6733.0,-5.1
6734.0,-5.06
6735.0,-5.28
6736.0,-5.09
6737.0,-5.69
6738.0,-5.19
6739.0,-5.5
6740.0,-5.03
6741.0,-5.08
6742.0,-5.41
6743.0,-5.25
6744.0,-5.25
6745.0,-5.08
6746.0,-5.41
6747.0,-5.13
6748.0,-5.08
6749.0,-5.22
6750.0,-5.550000000000001
6751.0,-5.13
6752.0,-5.57
6753.0,-5.69
6754.0,-5.04
6755.0,-5.22
6756.0,-5.06
6757.0,-5.01
6758.0,-5.04
6759.0,-5.5600000000000005
6760.0,-5.05
6761.0,-5.06
6762.0,-5.5600000000000005
6763.0,-5.05
6764.0,-5.08
6765.0,-5.14
6766.0,-5.37
6767.0,-5.48
6768.0,-5.12
6769.0,-5.44
6770.0,-5.11
6771.0,-5.14
6772.0,-5.5
6773.0,-5.6000000000000005
6774.0,-5.07
6775.0,-5.01
6776.0,-5.38
6777.0,-5.18
6778.0,-5.01
6779.0,-5.51
6780.0,-5.5600000000000005
6781.0,-5.3100000000000005
6782.0,-5.05
6783.0,-5.3
6784.0,-5.550000000000001
6785.0,-5.390000000000001
6786.0,-5.48
6787.0,-5.19
6788.0,-5.09
6789.0,-5.07
6790.0,-5.16
6791.0,-5.11
6792.0,-5.02
6793.0,-5.03
6794.0,-5.790000000000001
6795.0,-5.12
6796.0,-5.06
6797.0,-5.03
6798.0,-5.22
6799.0,-5.430000000000001
6800.0,-5.550000000000001
6801.0,-5.760000000000001
6802.0,-5.3100000000000005
6803.0,-5.37
6804.0,-5.21
6805.0,-5.06
6806.0,-5.48
6807.0,-5.33
6808.0,-5.03
6809.0,-5.3100000000000005
6810.0,-5.1
6811.0,-5.19
6812.0,-5.05
6813.0,-5.15
6814.0,-5.12
6815.0,-5.26
6816.0,-5.46
6817.0,-5.3
6818.0,-1.0000000000000007
6819.0,-5.02
6820.0,-5.04
6821.0,-5.03
6822.0,-5.07
6823.0,-5.41
6824.0,-5.07
6825.0,-5.38
6826.0,-5.01
6827.0,-5.62
6828.0,-5.11
6829.0,-5.06
6830.0,-5.11
6831.0,-5.44
6832.0,-5.11
6833.0,-5.06
6834.0,-5.1
6835.0,-5.65
6836.0,-5.19
6837.0,-5.03
6838.0,-5.2
6839.0,-5.07
6840.0,-5.54
6841.0,-5.07
6842.0,-5.59
6843.0,-5.550000000000001
6844.0,-5.24
6845.0,-5.02
6846.0,-5.3100000000000005
6847.0,-5.32
6848.0,-5.720000000000001
6849.0,-5.05
6850.0,-5.69
6851.0,-5.14
6852.0,-5.01
6853.0,-5.21
6854.0,-5.48
6855.0,-5.05
6856.0,-5.53
6857.0,-1.0000000000000007
6858.0,-5.23
6859.0,-5.32
6860.0,-5.05
6861.0,-5.17
6862.0,-5.57
6863.0,-5.23
6864.0,-5.06
6865.0,-5.18
6866.0,-5.02
6867.0,-5.04
6868.0,-5.04
6869.0,-5.04
6870.0,-5.57
6871.0,-5.17
6872.0,-5.25
6873.0,-5.42
6874.0,-5.04
6875.0,-5.12
6876.0,-5.54
6877.0,-5.13
6878.0,-5.06
6879.0,-5.15
6880.0,-5.2
6881.0,-5.04
6882.0,-5.2
6883.0,-5.07
6884.0,-5.06
6885.0,-5.12
6886.0,-5.34
6887.0,-5.37
6888.0,-5.04
6889.0,-5.07
6890.0,-5.08
6891.0,-5.33
6892.0,-5.29
6893.0,-5.23
6894.0,-5.05
6895.0,-5.48
6896.0,-5.21
6897.0,-5.3500000000000005
6898.0,-5.710000000000001
6899.0,-5.02
6900.0,-5.04
6901.0,-5.46
6902.0,-5.12
6903.0,-5.05
6904.0,-5.09
6905.0,-5.42
6906.0,-5.05
6907.0,-5.44
6908.0,-5.29
6909.0,-5.4
6910.0,-5.73
6911.0,-5.07
6912.0,-5.19
6913.0,-5.11
6914.0,-5.21
6915.0,-5.390000000000001
6916.0,-5.07
6917.0,-5.29
6918.0,-5.05
6919.0,-5.34
6920.0,-5.03
6921.0,-5.630000000000001
6922.0,-5.11
6923.0,-5.04
6924.0,-5.05
6925.0,-5.08
6926.0,-5.470000000000001
6927.0,-5.470000000000001
6928.0,-5.3500000000000005
6929.0,-5.04
6930.0,-5.630000000000001
6931.0,-5.24
6932.0,-5.06
6933.0,-5.82
6934.0,-5.05
6935.0,-5.390000000000001
6936.0,-5.73
6937.0,-5.45
6938.0,-5.550000000000001
6939.0,-5.06
6940.0,-5.22
6941.0,-5.550000000000001
6942.0,-5.04
6943.0,-5.02
6944.0,-5.3
6945.0,-5.02
6946.0,-5.5600000000000005
6947.0,-5.37
6948.0,-5.02
6949.0,-5.430000000000001
6950.0,-5.54
6951.0,-5.930000000000001
6952.0,-5.05
6953.0,-5.11
6954.0,-5.37
6955.0,-5.28
6956.0,-5.16
6957.0,-5.11
6958.0,-5.15
6959.0,-5.02
6960.0,-5.470000000000001
6961.0,-5.3100000000000005
6962.0,-5.25
6963.0,-5.24
6964.0,-5.02
6965.0,-5.15
6966.0,-5.720000000000001
6967.0,-5.83
6968.0,-5.550000000000001
6969.0,-5.04
6970.0,-5.38
6971.0,-5.1
6972.0,-5.2700000000000005
6973.0,-5.3
6974.0,-5.01
6975.0,-5.3100000000000005
6976.0,-5.04
6977.0,-5.29
6978.0,-5.16
6979.0,-5.15
6980.0,-5.54
6981.0,-5.37
6982.0,-5.11
6983.0,-5.3
6984.0,-5.08
6985.0,-5.12
6986.0,-5.13
6987.0,-5.04
6988.0,-5.470000000000001
6989.0,-5.29
6990.0,-5.02
6991.0,-5.12
6992.0,-5.54
6993.0,-5.15
6994.0,-5.3500000000000005
6995.0,-5.890000000000001
6996.0,-5.04
6997.0,-5.640000000000001
6998.0,-5.03
6999.0,-5.33
7000.0,-5.09
7001.0,-5.23
7002.0,-5.17
7003.0,-5.24
7004.0,-5.36
7005.0,-5.01
7006.0,-5.05
7007.0,-5.41
7008.0,-5.04
7009.0,-5.17
7010.0,-5.07
7011.0,-5.45
7012.0,-5.26
7013.0,-5.6000000000000005
7014.0,-5.08
7015.0,-5.710000000000001
7016.0,-5.59
7017.0,-5.54
7018.0,-5.470000000000001
7019.0,-5.14
7020.0,-5.06
7021.0,-5.6000000000000005
7022.0,-5.06
7023.0,-5.11
7024.0,-5.51
7025.0,-5.05
7026.0,-5.21
7027.0,-5.49
7028.0,-5.04
7029.0,-5.04
7030.0,-5.29
7031.0,-5.38
7032.0,-5.34
7033.0,-5.13
7034.0,-5.22
7035.0,-5.5600000000000005
7036.0,-5.470000000000001
7037.0,-5.04
7038.0,-5.06
7039.0,-5.32
7040.0,-5.26
7041.0,-5.22
7042.0,-5.44
7043.0,-5.3
7044.0,-5.11
7045.0,-5.07
7046.0,-5.08
7047.0,-5.36
7048.0,-5.07
7049.0,-5.07
7050.0,-5.54
7051.0,-5.26
7052.0,-5.2700000000000005
7053.0,-5.17
7054.0,-5.05
7055.0,-5.12
7056.0,-5.14
7057.0,-5.03
7058.0,-5.01
7059.0,-5.09
7060.0,-5.12
7061.0,-5.32
7062.0,-5.18
7063.0,-5.04
7064.0,-5.16
7065.0,-5.01
7066.0,-5.11
7067.0,-5.16
7068.0,-5.1
7069.0,-5.25
7070.0,-5.1
7071.0,-5.74
7072.0,-5.28
7073.0,-5.02
7074.0,-5.6000000000000005
7075.0,-5.01
7076.0,-5.49
7077.0,-5.03
7078.0,-5.08
7079.0,-5.38
7080.0,-5.6000000000000005
7081.0,-5.26
7082.0,-5.11
7083.0,-5.02
7084.0,-5.07
7085.0,-5.04
7086.0,-5.470000000000001
7087.0,-5.58
7088.0,-5.03
7089.0,-5.23
7090.0,-5.07
7091.0,-5.09
7092.0,-5.02
7093.0,-5.36
7094.0,-5.37
7095.0,-5.05
7096.0,-5.630000000000001
7097.0,-5.09
7098.0,-5.17
7099.0,-5.470000000000001
7100.0,-5.3100000000000005
7101.0,-5.5
7102.0,-5.06
7103.0,-5.04
7104.0,-5.430000000000001
7105.0,-5.09
7106.0,-5.630000000000001
7107.0,-5.2700000000000005
7108.0,-5.65
7109.0,-5.03
7110.0,-5.54
7111.0,-5.04
7112.0,-5.23
7113.0,-5.09
7114.0,-5.49
7115.0,-5.02
7116.0,-5.390000000000001
7117.0,-5.800000000000001
7118.0,-5.51
7119.0,-5.06
7120.0,-5.33
7121.0,-5.03
7122.0,-5.46
7123.0,-5.01
7124.0,-5.5
7125.0,-5.48
7126.0,-5.02
7127.0,-5.09
7128.0,-5.01
7129.0,-5.37
7130.0,-5.06
7131.0,-5.09
7132.0,-5.09
7133.0,-5.03
7134.0,-5.29
7135.0,-5.22
7136.0,-5.08
7137.0,-5.02
7138.0,-5.04
7139.0,-5.11
7140.0,-5.17
7141.0,-5.01
7142.0,-5.01
7143.0,-5.44
7144.0,-5.02
7145.0,-5.02
7146.0,-5.2
7147.0,-5.36
7148.0,-5.38
7149.0,-5.12
7150.0,-1.0000000000000007
7151.0,-5.06
7152.0,-5.16
7153.0,-5.550000000000001
7154.0,-5.02
7155.0,-5.11
7156.0,-5.24
7157.0,-5.01
7158.0,-5.48
7159.0,-5.01
7160.0,-5.65
7161.0,-5.09
7162.0,-5.05
7163.0,-5.65
7164.0,-5.02
7165.0,-5.03
7166.0,-5.73
7167.0,-5.37
7168.0,-5.680000000000001
7169.0,-5.790000000000001
7170.0,-5.08
7171.0,-5.54
7172.0,-5.03
7173.0,-5.06
7174.0,-5.02
7175.0,-5.29
7176.0,-5.07
7177.0,-5.04
7178.0,-5.06
7179.0,-5.920000000000001
7180.0,-5.1
7181.0,-5.06
7182.0,-5.07
7183.0,-5.19
7184.0,-5.02
7185.0,-5.08
7186.0,-5.23
7187.0,-5.06
7188.0,-5.03
7189.0,-5.32
7190.0,-5.38
7191.0,-5.28
7192.0,-5.1
7193.0,-5.470000000000001
7194.0,-5.46
7195.0,-5.53
7196.0,-5.01
7197.0,-5.48
7198.0,-5.5200000000000005
7199.0,-5.53
7200.0,-5.46
7201.0,-5.06
7202.0,-5.2700000000000005
7203.0,-5.21
7204.0,-5.3
7205.0,-5.15
7206.0,-5.21
7207.0,-5.44
7208.0,-5.46
7209.0,-5.800000000000001
7210.0,-5.03
7211.0,-5.3500000000000005
7212.0,-5.11
7213.0,-5.57
7214.0,-5.2700000000000005
7215.0,-5.7
7216.0,-5.34
7217.0,-5.12
7218.0,-5.03
7219.0,-5.03
7220.0,-5.38
7221.0,-5.05
7222.0,-5.3
7223.0,-5.05
7224.0,-5.640000000000001
7225.0,-5.01
7226.0,-5.12
7227.0,-5.51
7228.0,-5.02
7229.0,-5.15
7230.0,-5.01
7231.0,-5.01
7232.0,-5.02
7233.0,-5.33
7234.0,-5.470000000000001
7235.0,-5.36
7236.0,-5.21
7237.0,-5.46
7238.0,-5.98
7239.0,-5.470000000000001
7240.0,-5.2700000000000005
7241.0,-5.04
7242.0,-5.16
7243.0,-5.67
7244.0,-5.49
7245.0,-5.29
7246.0,-5.04
7247.0,-5.08
7248.0,-5.02
7249.0,-5.03
7250.0,-5.640000000000001
7251.0,-5.09
7252.0,-5.29
7253.0,-5.03
7254.0,-5.02
7255.0,-5.29
7256.0,-5.69
7257.0,-5.16
7258.0,-5.14
7259.0,-5.12
7260.0,-5.06
7261.0,-5.4
7262.0,-5.08
7263.0,-5.05
7264.0,-5.1
7265.0,-5.57
7266.0,-5.02
7267.0,-5.13
7268.0,-5.14
7269.0,-5.21
7270.0,-5.02
7271.0,-5.04
7272.0,-5.46
7273.0,-5.3500000000000005
7274.0,-5.26
7275.0,-5.06
7276.0,-5.32
7277.0,-5.48
7278.0,-5.3500000000000005
7279.0,-5.98
7280.0,-5.2
7281.0,-5.03
7282.0,-5.36
7283.0,-5.59
7284.0,-5.26
7285.0,-5.16
7286.0,-5.46
7287.0,-5.2
7288.0,-5.73
7289.0,-5.04
7290.0,-5.430000000000001
7291.0,-5.3500000000000005
7292.0,-5.37
7293.0,-5.42
7294.0,-5.09
7295.0,-5.1
7296.0,-5.53
7297.0,-5.62
7298.0,-5.69
7299.0,-5.49
7300.0,-5.05
7301.0,-5.44
7302.0,-5.06
7303.0,-5.48
7304.0,-5.58
7305.0,-5.37
7306.0,-5.12
7307.0,-5.11
7308.0,-5.15
7309.0,-5.26
7310.0,-5.67
7311.0,-5.08
7312.0,-5.06
7313.0,-5.1
7314.0,-5.01
7315.0,-5.5200000000000005
7316.0,-5.37
7317.0,-5.01
7318.0,-5.5
7319.0,-5.18
7320.0,-5.24
7321.0,-5.03
7322.0,-5.630000000000001
7323.0,-5.5
7324.0,-5.65
7325.0,-5.02
7326.0,-5.01
7327.0,-5.12
7328.0,-5.09
7329.0,-5.18
7330.0,-5.14
7331.0,-5.21
7332.0,-5.04
7333.0,-5.19
7334.0,-5.01
7335.0,-5.07
7336.0,-5.08
7337.0,-5.430000000000001
7338.0,-5.08
7339.0,-5.880000000000001
7340.0,-5.04
7341.0,-5.2700000000000005
7342.0,-5.930000000000001
7343.0,-5.48
7344.0,-5.02
7345.0,-5.25
7346.0,-5.3
7347.0,-5.03
7348.0,-5.01
7349.0,-5.05
7350.0,-5.1
7351.0,-5.3100000000000005
7352.0,-5.04
7353.0,-5.01
7354.0,-5.32
7355.0,-5.02
7356.0,-5.02
7357.0,-5.11
7358.0,-5.17
7359.0,-5.12
7360.0,-5.02
7361.0,-5.36
7362.0,-5.09
7363.0,-5.4
7364.0,-5.3
7365.0,-5.09
7366.0,-5.37
7367.0,-5.06
7368.0,-5.42
7369.0,-5.04
7370.0,-5.36
7371.0,-5.390000000000001
7372.0,-5.01
7373.0,-5.02
7374.0,-5.3
7375.0,-5.24
7376.0,-5.42
7377.0,-5.65
7378.0,-5.02
7379.0,-5.05
7380.0,-5.4
7381.0,-5.430000000000001
7382.0,-5.22
7383.0,-5.05
7384.0,-5.51
7385.0,-5.44
7386.0,-5.11
7387.0,-5.03
7388.0,-5.08
7389.0,-5.03
7390.0,-5.13
7391.0,-5.28
7392.0,-5.07
7393.0,-5.11
7394.0,-5.15
7395.0,-5.470000000000001
7396.0,-5.25
7397.0,-5.1
7398.0,-5.29
7399.0,-5.16
7400.0,-5.01
7401.0,-5.03
7402.0,-5.03
7403.0,-5.22
7404.0,-5.06
7405.0,-5.03
7406.0,-5.01
7407.0,-5.15
7408.0,-5.42
7409.0,-5.01
7410.0,-5.36
7411.0,-5.37
7412.0,-5.3500000000000005
7413.0,-5.49
7414.0,-5.67
7415.0,-5.66
7416.0,-5.17
7417.0,-5.04
7418.0,-5.6000000000000005
7419.0,-5.4
7420.0,-5.4
7421.0,-5.01
7422.0,-5.99
7423.0,-5.13
7424.0,-5.2
7425.0,-5.48
7426.0,-5.01
7427.0,-5.73
7428.0,-5.17
7429.0,-5.32
7430.0,-1.0000000000000007
7431.0,-5.4
7432.0,-5.05
7433.0,-5.48
7434.0,-5.12
7435.0,-5.25
7436.0,-5.02
7437.0,-5.45
7438.0,-5.04
7439.0,-5.05
7440.0,-5.32
7441.0,-5.06
7442.0,-5.11
7443.0,-5.02
7444.0,-5.920000000000001
7445.0,-5.11
7446.0,-5.04
7447.0,-5.5
7448.0,-5.58
7449.0,-5.2700000000000005
7450.0,-5.470000000000001
7451.0,-5.26
7452.0,-5.21
7453.0,-5.14
7454.0,-5.12
7455.0,-5.3
7456.0,-5.29
7457.0,-5.5
7458.0,-5.44
7459.0,-5.34
7460.0,-5.08
7461.0,-5.01
7462.0,-5.430000000000001
7463.0,-5.02
7464.0,-5.02
7465.0,-5.38
7466.0,-5.11
7467.0,-5.42
7468.0,-5.1
7469.0,-5.42
7470.0,-5.550000000000001
7471.0,-5.06
7472.0,-5.21
7473.0,-5.32
7474.0,-5.13
7475.0,-5.58
7476.0,-5.22
7477.0,-5.34
7478.0,-5.630000000000001
7479.0,-5.390000000000001
7480.0,-5.4
7481.0,-5.06
7482.0,-5.1
7483.0,-5.3
7484.0,-5.23
7485.0,-5.23
7486.0,-5.19
7487.0,-5.15
7488.0,-5.01
7489.0,-5.53
7490.0,-5.1
7491.0,-5.06
7492.0,-5.840000000000001
7493.0,-5.06
7494.0,-5.01
7495.0,-5.38
7496.0,-5.09
7497.0,-5.03
7498.0,-5.02
7499.0,-5.4
7500.0,-5.25
7501.0,-5.51
7502.0,-5.4
7503.0,-5.470000000000001
7504.0,-5.15
7505.0,-5.390000000000001
7506.0,-5.02
7507.0,-5.33
7508.0,-5.1
7509.0,-5.53
7510.0,-5.12
7511.0,-5.3
7512.0,-5.5200000000000005
7513.0,-5.430000000000001
7514.0,-5.07
7515.0,-5.83
7516.0,-5.24
7517.0,-5.19
7518.0,-5.01
7519.0,-5.29
7520.0,-5.53
7521.0,-5.390000000000001
7522.0,-5.09
7523.0,-5.3500000000000005
7524.0,-5.1
7525.0,-5.3100000000000005
7526.0,-5.08
7527.0,-5.02
7528.0,-5.5200000000000005
7529.0,-5.22
7530.0,-5.4
7531.0,-5.19
7532.0,-5.04
7533.0,-5.08
7534.0,-5.09
7535.0,-5.15
7536.0,-5.46
7537.0,-5.58
7538.0,-5.24
7539.0,-5.3
7540.0,-5.02
7541.0,-5.01
7542.0,-5.05
7543.0,-5.34
7544.0,-5.2700000000000005
7545.0,-5.69
7546.0,-5.11
7547.0,-5.07
7548.0,-5.3500000000000005
7549.0,-5.2
7550.0,-5.11
7551.0,-5.11
7552.0,-5.34
7553.0,-5.1
7554.0,-5.04
7555.0,-5.08
7556.0,-5.13
7557.0,-5.430000000000001
7558.0,-5.25
7559.0,-5.28
7560.0,-5.03
7561.0,-5.4
7562.0,-5.32
7563.0,-5.51
7564.0,-5.2
7565.0,-5.04
7566.0,-5.05
7567.0,-5.91
7568.0,-5.46
7569.0,-5.720000000000001
7570.0,-5.04
7571.0,-5.06
7572.0,-5.3500000000000005
7573.0,-5.02
7574.0,-5.07
7575.0,-5.4
7576.0,-5.15
7577.0,-5.02
7578.0,-5.09
7579.0,-5.53
7580.0,-5.08
7581.0,-5.03
7582.0,-5.02
7583.0,-5.02
7584.0,-5.38
7585.0,-5.3
7586.0,-5.16
7587.0,-5.760000000000001
7588.0,-1.0000000000000007
7589.0,-5.09
7590.0,-5.45
7591.0,-5.04
7592.0,-5.09
7593.0,-5.29
7594.0,-5.02
7595.0,-5.1
7596.0,-5.05
7597.0,-5.16
7598.0,-5.03
7599.0,-5.01
7600.0,-5.06
7601.0,-5.03
7602.0,-5.01
7603.0,-5.640000000000001
7604.0,-5.16
7605.0,-5.11
7606.0,-5.2
7607.0,-5.02
7608.0,-5.57
7609.0,-5.01
7610.0,-5.22
7611.0,-5.06
7612.0,-5.41
7613.0,-5.19
7614.0,-5.09
7615.0,-5.01
7616.0,-5.2700000000000005
7617.0,-5.430000000000001
7618.0,-5.16
7619.0,-5.07
7620.0,-5.69
7621.0,-5.01
7622.0,-5.28
7623.0,-5.06
7624.0,-5.01
7625.0,-5.36
7626.0,-5.02
7627.0,-5.23
7628.0,-5.01
7629.0,-5.53
7630.0,-5.22
7631.0,-5.14
7632.0,-5.28
7633.0,-5.2700000000000005
7634.0,-5.2
7635.0,-5.1
7636.0,-5.33
7637.0,-5.04
7638.0,-5.04
7639.0,-5.82
7640.0,-5.390000000000001
7641.0,-5.5600000000000005
7642.0,-5.66
7643.0,-5.54
7644.0,-5.5200000000000005
7645.0,-5.15
7646.0,-5.470000000000001
7647.0,-5.33
7648.0,-5.59
7649.0,-5.44
7650.0,-5.630000000000001
7651.0,-5.3100000000000005
7652.0,-5.5
7653.0,-5.36
7654.0,-5.08
7655.0,-5.01
7656.0,-5.17
7657.0,-5.07
7658.0,-5.28
7659.0,-5.2
7660.0,-5.53
7661.0,-5.7
7662.0,-5.02
7663.0,-5.33
7664.0,-5.22
7665.0,-5.5
7666.0,-5.12
7667.0,-5.720000000000001
7668.0,-5.38
7669.0,-5.03
7670.0,-5.3100000000000005
7671.0,-5.44
7672.0,-5.3100000000000005
7673.0,-5.54
7674.0,-5.23
7675.0,-5.42
7676.0,-5.28
7677.0,-1.0000000000000007
7678.0,-5.04
7679.0,-5.06
7680.0,-5.45
7681.0,-5.710000000000001
7682.0,-5.33
7683.0,-5.05
7684.0,-5.25
7685.0,-5.05
7686.0,-5.01
7687.0,-5.880000000000001
7688.0,-5.03
7689.0,-5.01
7690.0,-5.33
7691.0,-5.36
7692.0,-5.05
7693.0,-5.01
7694.0,-5.03
7695.0,-5.430000000000001
7696.0,-5.03
7697.0,-5.01
7698.0,-5.82
7699.0,-5.03
7700.0,-5.42
7701.0,-5.12
7702.0,-5.2
7703.0,-5.640000000000001
7704.0,-5.06
7705.0,-5.42
7706.0,-5.5600000000000005
7707.0,-5.46
7708.0,-1.0000000000000007
7709.0,-5.33
7710.0,-5.07
7711.0,-5.24
7712.0,-5.01
7713.0,-5.3
7714.0,-5.03
7715.0,-5.3100000000000005
7716.0,-5.3
7717.0,-5.03
7718.0,-5.17
7719.0,-5.05
7720.0,-5.02
7721.0,-5.45
7722.0,-5.21
7723.0,-5.4
7724.0,-5.11
7725.0,-5.390000000000001
7726.0,-5.02
7727.0,-5.28
7728.0,-5.16
7729.0,-5.36
7730.0,-5.34
7731.0,-5.03
7732.0,-5.1
7733.0,-5.08
7734.0,-5.430000000000001
7735.0,-5.18
7736.0,-5.28
7737.0,-5.26
7738.0,-5.12
7739.0,-5.01
7740.0,-5.04
7741.0,-5.04
7742.0,-5.05
7743.0,-5.4
7744.0,-5.45
7745.0,-5.01
7746.0,-5.13
7747.0,-5.08
7748.0,-5.25
7749.0,-5.37
7750.0,-5.04
7751.0,-5.37
7752.0,-5.5600000000000005
7753.0,-5.01
7754.0,-5.04
7755.0,-5.34
7756.0,-5.430000000000001
7757.0,-5.5600000000000005
7758.0,-5.08
7759.0,-5.390000000000001
7760.0,-5.04
7761.0,-5.16
7762.0,-5.01
7763.0,-5.2700000000000005
7764.0,-5.1
7765.0,-5.470000000000001
7766.0,-5.04
7767.0,-5.5200000000000005
7768.0,-5.02
7769.0,-5.02
7770.0,-5.42
7771.0,-5.37
7772.0,-5.04
7773.0,-5.08
7774.0,-5.4
7775.0,-5.01
7776.0,-5.5
7777.0,-5.1
7778.0,-5.04
7779.0,-5.48
7780.0,-5.3100000000000005
7781.0,-5.04
7782.0,-5.62
7783.0,-5.1
7784.0,-5.65
7785.0,-5.430000000000001
7786.0,-5.01
7787.0,-5.54
7788.0,-5.74
7789.0,-5.45
7790.0,-5.78
7791.0,-5.51
7792.0,-5.01
7793.0,-5.470000000000001
7794.0,-5.01
7795.0,-5.08
7796.0,-5.38
7797.0,-5.4
7798.0,-5.33
7799.0,-5.28
7800.0,-5.16
7801.0,-5.06
7802.0,-5.01
7803.0,-5.6000000000000005
7804.0,-5.24
7805.0,-5.04
7806.0,-5.36
7807.0,-5.5200000000000005
7808.0,-5.05
7809.0,-5.24
7810.0,-5.4
7811.0,-5.630000000000001
7812.0,-5.3100000000000005
7813.0,-5.1
7814.0,-5.3100000000000005
7815.0,-5.05
7816.0,-5.02
7817.0,-5.05
7818.0,-5.09
7819.0,-5.05
7820.0,-5.15
7821.0,-5.19
7822.0,-5.29
7823.0,-5.06
7824.0,-5.51
7825.0,-5.23
7826.0,-5.48
7827.0,-5.54
7828.0,-5.21
7829.0,-5.03
7830.0,-5.37
7831.0,-5.53
7832.0,-5.02
7833.0,-5.01
7834.0,-5.37
7835.0,-5.08
7836.0,-5.05
7837.0,-5.5
7838.0,-5.05
7839.0,-5.12
7840.0,-5.23
7841.0,-5.2700000000000005
7842.0,-5.04
7843.0,-5.8100000000000005
7844.0,-5.13
7845.0,-5.06
7846.0,-5.870000000000001
7847.0,-5.07
7848.0,-5.640000000000001
7849.0,-5.25
7850.0,-5.07
7851.0,-5.03
7852.0,-5.3
7853.0,-5.4
7854.0,-5.16
7855.0,-5.02
7856.0,-5.22
7857.0,-5.05
7858.0,-5.06
7859.0,-5.09
7860.0,-5.09
7861.0,-5.2
7862.0,-5.13
7863.0,-5.5
7864.0,-5.5200000000000005
7865.0,-5.04
7866.0,-5.25
7867.0,-5.42
7868.0,-5.45
7869.0,-5.12
7870.0,-5.02
7871.0,-5.04
7872.0,-5.07
7873.0,-5.02
7874.0,-5.3100000000000005
7875.0,-5.09
7876.0,-5.25
7877.0,-5.03
7878.0,-5.42
7879.0,-5.09
7880.0,-5.24
7881.0,-5.25
7882.0,-5.03
7883.0,-5.82
7884.0,-5.06
7885.0,-5.05
7886.0,-5.08
7887.0,-5.13
7888.0,-5.48
7889.0,-5.11
7890.0,-5.32
7891.0,-5.3500000000000005
7892.0,-5.19
7893.0,-5.21
7894.0,-5.03
7895.0,-5.17
7896.0,-5.11
7897.0,-5.75
7898.0,-5.24
7899.0,-5.14
7900.0,-5.1
7901.0,-5.22
7902.0,-5.41
7903.0,-5.25
7904.0,-5.51
7905.0,-5.5200000000000005
7906.0,-5.06
7907.0,-5.06
7908.0,-5.04
7909.0,-1.0000000000000007
7910.0,-5.02
7911.0,-5.14
7912.0,-5.03
7913.0,-5.54
7914.0,-5.3
7915.0,-5.38
7916.0,-5.6000000000000005
7917.0,-5.02
7918.0,-5.23
7919.0,-5.49
7920.0,-5.03
7921.0,-5.08
7922.0,-5.12
7923.0,-5.09
7924.0,-5.11
7925.0,-5.01
7926.0,-5.430000000000001
7927.0,-5.08
7928.0,-5.04
7929.0,-5.05
7930.0,-5.07
7931.0,-5.18
7932.0,-5.04
7933.0,-5.18
7934.0,-5.25
7935.0,-5.21
7936.0,-5.5200000000000005
7937.0,-5.34
7938.0,-5.01
7939.0,-5.02
7940.0,-5.14
7941.0,-5.13
7942.0,-5.01
7943.0,-5.51
7944.0,-5.5600000000000005
7945.0,-5.45
7946.0,-5.03
7947.0,-5.44
7948.0,-5.02
7949.0,-5.24
7950.0,-5.5600000000000005
7951.0,-5.49
7952.0,-5.01
7953.0,-5.06
7954.0,-5.29
7955.0,-5.05
7956.0,-5.710000000000001
7957.0,-5.04
7958.0,-5.390000000000001
7959.0,-5.26
7960.0,-5.04
7961.0,-5.44
7962.0,-5.38
7963.0,-5.12
7964.0,-5.03
7965.0,-5.08
7966.0,-5.15
7967.0,-5.18
7968.0,-5.06
7969.0,-5.2700000000000005
7970.0,-5.34
7971.0,-5.05
7972.0,-5.23
7973.0,-5.02
7974.0,-5.12
7975.0,-5.04
7976.0,-5.13
7977.0,-5.12
7978.0,-5.01
7979.0,-5.12
7980.0,-5.22
7981.0,-5.01
7982.0,-5.07
7983.0,-5.34
7984.0,-5.18
7985.0,-5.07
7986.0,-5.33
7987.0,-5.07
7988.0,-5.08
7989.0,-5.02
7990.0,-5.3100000000000005
7991.0,-5.5
7992.0,-5.59
7993.0,-5.05
7994.0,-5.67
7995.0,-5.22
7996.0,-5.04
7997.0,-5.54
7998.0,-5.14
7999.0,-5.05
8000.0,-5.07
8001.0,-5.54
8002.0,-5.16
8003.0,-5.08
8004.0,-5.09
8005.0,-5.44
8006.0,-5.21
8007.0,-5.640000000000001
8008.0,-5.06
8009.0,-5.02
8010.0,-5.82
8011.0,-5.2
8012.0,-5.3500000000000005
8013.0,-5.05
8014.0,-5.13
8015.0,-5.08
8016.0,-5.36
8017.0,-5.04
8018.0,-5.04
8019.0,-5.04
8020.0,-5.12
8021.0,-5.890000000000001
8022.0,-5.06
8023.0,-5.16
8024.0,-5.7
8025.0,-5.01
8026.0,-5.26
8027.0,-5.83
8028.0,-5.28
8029.0,-5.26
8030.0,-5.09
8031.0,-5.15
8032.0,-5.11
8033.0,-5.32
8034.0,-5.3100000000000005
8035.0,-5.21
8036.0,-5.05
8037.0,-5.98
8038.0,-5.06
8039.0,-5.36
8040.0,-1.0000000000000007
8041.0,-5.42
8042.0,-5.1
8043.0,-5.36
8044.0,-5.05
8045.0,-5.21
8046.0,-5.4
8047.0,-5.37
8048.0,-5.13
8049.0,-5.18
8050.0,-5.8100000000000005
8051.0,-5.61
8052.0,-5.46
8053.0,-5.45
8054.0,-5.1
8055.0,-5.12
8056.0,-5.41
8057.0,-5.34
8058.0,-5.09
8059.0,-5.03
8060.0,-5.2
8061.0,-5.37
8062.0,-5.03
8063.0,-5.06
8064.0,-5.04
8065.0,-5.29
8066.0,-5.29
8067.0,-5.04
8068.0,-5.630000000000001
8069.0,-5.06
8070.0,-5.02
8071.0,-5.8100000000000005
8072.0,-5.23
8073.0,-5.03
8074.0,-5.15
8075.0,-5.5200000000000005
8076.0,-5.04
8077.0,-5.05
8078.0,-5.41
8079.0,-5.03
8080.0,-5.03
8081.0,-5.04
8082.0,-5.02
8083.0,-5.09
8084.0,-5.15
8085.0,-5.18
8086.0,-5.28
8087.0,-5.1
8088.0,-5.04
8089.0,-5.12
8090.0,-1.0000000000000007
8091.0,-5.03
8092.0,-5.06
8093.0,-5.6000000000000005
8094.0,-5.13
8095.0,-5.03
8096.0,-5.07
8097.0,-5.09
8098.0,-5.3500000000000005
8099.0,-5.46
8100.0,-5.3500000000000005
8101.0,-5.3100000000000005
8102.0,-5.01
8103.0,-5.1
8104.0,-5.36
8105.0,-5.5200000000000005
8106.0,-5.02
8107.0,-5.18
8108.0,-5.45
8109.0,-5.3500000000000005
8110.0,-5.01
8111.0,-5.5200000000000005
8112.0,-5.01
8113.0,-5.57
8114.0,-5.05
8115.0,-5.38
8116.0,-5.01
8117.0,-5.06
8118.0,-5.23
8119.0,-5.06
8120.0,-5.06
8121.0,-5.36
8122.0,-5.09
8123.0,-5.3500000000000005
8124.0,-5.01
8125.0,-5.02
8126.0,-5.03
8127.0,-5.67
8128.0,-5.02
8129.0,-5.49
8130.0,-5.04
8131.0,-5.1
8132.0,-5.62
8133.0,-5.38
8134.0,-5.01
8135.0,-5.2
8136.0,-5.470000000000001
8137.0,-5.06
8138.0,-5.01
8139.0,-5.48
8140.0,-5.05
8141.0,-5.45
8142.0,-5.550000000000001
8143.0,-5.02
8144.0,-5.1
8145.0,-5.4
8146.0,-5.24
8147.0,-5.3100000000000005
8148.0,-5.21
8149.0,-5.21
8150.0,-5.28
8151.0,-5.08
8152.0,-5.28
8153.0,-5.390000000000001
8154.0,-5.03
8155.0,-5.32
8156.0,-5.05
8157.0,-5.78
8158.0,-5.06
8159.0,-5.57
8160.0,-5.04
8161.0,-5.21
8162.0,-5.62
8163.0,-5.13
8164.0,-5.01
8165.0,-5.950000000000001
8166.0,-5.61
8167.0,-5.19
8168.0,-5.03
8169.0,-5.08
8170.0,-5.06
8171.0,-5.29
8172.0,-5.06
8173.0,-5.32
8174.0,-5.12
8175.0,-5.390000000000001
8176.0,-5.02
8177.0,-5.19
8178.0,-5.94
8179.0,-5.57
8180.0,-5.3500000000000005
8181.0,-5.4
8182.0,-5.03
8183.0,-5.21
8184.0,-5.03
8185.0,-5.08
8186.0,-5.05
8187.0,-5.46
8188.0,-5.2700000000000005
8189.0,-5.15
8190.0,-5.6000000000000005
8191.0,-5.38
8192.0,-5.02
8193.0,-5.05
8194.0,-5.41
8195.0,-5.06
8196.0,-5.08
8197.0,-5.42
8198.0,-5.2
8199.0,-5.54
8200.0,-5.69
8201.0,-5.38
8202.0,-5.08
8203.0,-5.48
8204.0,-5.16
8205.0,-5.34
8206.0,-5.800000000000001
8207.0,-5.41
8208.0,-5.3100000000000005
8209.0,-5.01
8210.0,-5.05
8211.0,-5.2700000000000005
8212.0,-5.26
8213.0,-5.38
8214.0,-5.550000000000001
8215.0,-5.07
8216.0,-1.0000000000000007
8217.0,-5.29
8218.0,-5.6000000000000005
8219.0,-5.12
8220.0,-5.38
8221.0,-5.22
8222.0,-5.11
8223.0,-5.430000000000001
8224.0,-5.17
8225.0,-5.19
8226.0,-5.08
8227.0,-5.28
8228.0,-5.49
8229.0,-5.880000000000001
8230.0,-5.53
8231.0,-5.01
8232.0,-5.04
8233.0,-5.06
8234.0,-5.24
8235.0,-5.07
8236.0,-5.42
8237.0,-5.05
8238.0,-5.03
8239.0,-5.32
8240.0,-5.41
8241.0,-5.17
8242.0,-5.08
8243.0,-5.01
8244.0,-5.05
8245.0,-5.430000000000001
8246.0,-5.1
8247.0,-5.32
8248.0,-5.01
8249.0,-5.2
8250.0,-5.06
8251.0,-5.3100000000000005
8252.0,-5.02
8253.0,-5.54
8254.0,-5.3500000000000005
8255.0,-5.12
8256.0,-5.23
8257.0,-5.04
8258.0,-5.82
8259.0,-5.25
8260.0,-5.36
8261.0,-5.23
8262.0,-5.12
8263.0,-5.5600000000000005
8264.0,-5.01
8265.0,-5.550000000000001
8266.0,-5.2700000000000005
8267.0,-5.2
8268.0,-5.06
8269.0,-5.24
8270.0,-5.06
8271.0,-5.25
8272.0,-5.21
8273.0,-5.21
8274.0,-5.3500000000000005
8275.0,-5.01
8276.0,-5.66
8277.0,-5.05
8278.0,-5.02
8279.0,-5.07
8280.0,-5.5600000000000005
8281.0,-5.32
8282.0,-5.01
8283.0,-5.61
8284.0,-5.14
8285.0,-5.02
8286.0,-5.34
8287.0,-5.26
8288.0,-5.04
8289.0,-1.0000000000000007
8290.0,-5.03
8291.0,-5.34
8292.0,-5.02
8293.0,-5.1
8294.0,-5.11
8295.0,-5.04
8296.0,-5.710000000000001
8297.0,-5.2700000000000005
8298.0,-5.680000000000001
8299.0,-5.3100000000000005
8300.0,-5.2700000000000005
8301.0,-5.17
8302.0,-5.1
8303.0,-5.02
8304.0,-5.19
8305.0,-5.49
8306.0,-5.14
8307.0,-5.03
8308.0,-5.22
8309.0,-5.04
8310.0,-5.840000000000001
8311.0,-5.38
8312.0,-5.09
8313.0,-5.430000000000001
8314.0,-5.15
8315.0,-5.05
8316.0,-5.41
8317.0,-1.0000000000000007
8318.0,-5.13
8319.0,-5.01
8320.0,-5.01
8321.0,-5.08
8322.0,-5.32
8323.0,-5.48
8324.0,-5.24
8325.0,-5.33
8326.0,-5.34
8327.0,-5.2700000000000005
8328.0,-5.59
8329.0,-5.04
8330.0,-5.45
8331.0,-5.5
8332.0,-5.02
8333.0,-5.02
8334.0,-5.07
8335.0,-5.02
8336.0,-5.05
8337.0,-5.08
8338.0,-5.04
8339.0,-5.01
8340.0,-5.3
8341.0,-5.1
8342.0,-5.02
8343.0,-5.14
8344.0,-5.2700000000000005
8345.0,-5.3100000000000005
8346.0,-5.15
8347.0,-5.45
8348.0,-5.3500000000000005
8349.0,-5.5200000000000005
8350.0,-5.03
8351.0,-5.4
8352.0,-5.02
8353.0,-5.25
8354.0,-5.08
8355.0,-5.08
8356.0,-5.73
8357.0,-5.6000000000000005
8358.0,-5.760000000000001
8359.0,-5.1
8360.0,-5.48
8361.0,-5.2700000000000005
8362.0,-5.36
8363.0,-5.37
8364.0,-5.58
8365.0,-5.04
8366.0,-5.03
8367.0,-5.09
8368.0,-5.470000000000001
8369.0,-5.45
8370.0,-1.0000000000000007
8371.0,-5.09
8372.0,-5.09
8373.0,-5.3
8374.0,-5.67
8375.0,-5.44
8376.0,-5.03
8377.0,-5.16
8378.0,-5.630000000000001
8379.0,-5.550000000000001
8380.0,-5.37
8381.0,-5.630000000000001
8382.0,-5.29
8383.0,-5.42
8384.0,-5.4
8385.0,-5.33
8386.0,-5.21
8387.0,-5.05
8388.0,-5.02
8389.0,-5.08
8390.0,-5.2700000000000005
8391.0,-5.04
8392.0,-5.24
8393.0,-5.37
8394.0,-5.2
8395.0,-5.24
8396.0,-5.51
8397.0,-5.33
8398.0,-5.61
8399.0,-5.05
8400.0,-5.08
8401.0,-5.29
8402.0,-5.12
8403.0,-5.1
8404.0,-5.01
8405.0,-5.46
8406.0,-5.09
8407.0,-5.22
8408.0,-5.03
8409.0,-5.33
8410.0,-5.28
8411.0,-5.62
8412.0,-5.44
8413.0,-5.22
8414.0,-5.05
8415.0,-5.19
8416.0,-5.09
8417.0,-5.07
8418.0,-5.06
8419.0,-5.03
8420.0,-5.09
8421.0,-5.3100000000000005
8422.0,-5.12
8423.0,-5.01
8424.0,-5.04
8425.0,-5.42
8426.0,-5.04
8427.0,-5.54
8428.0,-5.2
8429.0,-5.01
8430.0,-5.870000000000001
8431.0,-5.42
8432.0,-5.58
8433.0,-5.46
8434.0,-5.2700000000000005
8435.0,-5.02
8436.0,-1.0000000000000007
8437.0,-5.3
8438.0,-5.03
8439.0,-5.02
8440.0,-5.470000000000001
8441.0,-5.02
8442.0,-5.04
8443.0,-5.51
8444.0,-5.390000000000001
8445.0,-5.44
8446.0,-5.12
8447.0,-5.36
8448.0,-5.2700000000000005
8449.0,-5.3
8450.0,-5.05
8451.0,-5.08
8452.0,-5.22
8453.0,-5.02
8454.0,-5.3100000000000005
8455.0,-5.01
8456.0,-5.37
8457.0,-5.28
8458.0,-5.19
8459.0,-5.33
8460.0,-5.1
8461.0,-5.07
8462.0,-5.53
8463.0,-5.07
8464.0,-5.3
8465.0,-5.02
8466.0,-5.34
8467.0,-5.57
8468.0,-5.04
8469.0,-5.21
8470.0,-5.08
8471.0,-5.07
8472.0,-5.4
8473.0,-5.01
8474.0,-5.02
8475.0,-5.03
8476.0,-5.680000000000001
8477.0,-5.16
8478.0,-5.42
8479.0,-5.82
8480.0,-5.04
8481.0,-5.05
8482.0,-5.22
8483.0,-5.08
8484.0,-5.02
8485.0,-5.01
8486.0,-5.22
8487.0,-5.01
8488.0,-5.550000000000001
8489.0,-5.04
8490.0,-5.2
8491.0,-5.02
8492.0,-5.14
8493.0,-5.22
8494.0,-5.13
8495.0,-5.26
8496.0,-5.1
8497.0,-5.02
8498.0,-5.01
8499.0,-5.05
8500.0,-5.34
8501.0,-5.38
8502.0,-5.22
8503.0,-5.58
8504.0,-5.03
8505.0,-5.03
8506.0,-5.02
8507.0,-5.57
8508.0,-5.58
8509.0,-5.04
8510.0,-5.03
8511.0,-5.390000000000001
8512.0,-5.760000000000001
8513.0,-5.01
8514.0,-5.13
8515.0,-5.38
8516.0,-5.01
8517.0,-5.42
8518.0,-5.02
8519.0,-5.5
8520.0,-5.01
8521.0,-5.12
8522.0,-5.04
8523.0,-5.02
8524.0,-5.34
8525.0,-5.5
8526.0,-5.08
8527.0,-5.03
8528.0,-5.04
8529.0,-5.02
8530.0,-5.07
8531.0,-5.01
8532.0,-5.13
8533.0,-5.390000000000001
8534.0,-5.48
8535.0,-5.13
8536.0,-5.04
8537.0,-5.04
8538.0,-5.07
8539.0,-5.08
8540.0,-5.33
8541.0,-5.550000000000001
8542.0,-5.23
8543.0,-5.45
8544.0,-5.15
8545.0,-5.41
8546.0,-5.02
8547.0,-5.12
8548.0,-5.34
8549.0,-5.54
8550.0,-5.03
8551.0,-5.06
8552.0,-5.640000000000001
8553.0,-5.03
8554.0,-5.3
8555.0,-5.3100000000000005
8556.0,-5.32
8557.0,-5.4
8558.0,-5.07
8559.0,-5.51
8560.0,-5.13
8561.0,-5.2700000000000005
8562.0,-5.07
8563.0,-5.08
8564.0,-5.36
8565.0,-5.42
8566.0,-5.2700000000000005
8567.0,-5.03
8568.0,-5.550000000000001
8569.0,-5.29
8570.0,-5.53
8571.0,-5.760000000000001
8572.0,-5.1
8573.0,-5.14
8574.0,-5.390000000000001
8575.0,-5.29
8576.0,-5.01
8577.0,-5.49
8578.0,-5.12
8579.0,-5.21
8580.0,-5.15
8581.0,-5.37
8582.0,-5.03
8583.0,-5.390000000000001
8584.0,-5.17
8585.0,-5.07
8586.0,-5.42
8587.0,-5.26
8588.0,-5.02
8589.0,-5.02
8590.0,-5.01
8591.0,-5.36
8592.0,-5.82
8593.0,-5.03
8594.0,-5.8100000000000005
8595.0,-5.33
8596.0,-5.5600000000000005
8597.0,-5.3
8598.0,-5.26
8599.0,-5.29
8600.0,-5.870000000000001
8601.0,-5.15
8602.0,-5.08
8603.0,-5.640000000000001
8604.0,-5.03
8605.0,-5.16
8606.0,-5.3100000000000005
8607.0,-5.09
8608.0,-5.3100000000000005
8609.0,-5.800000000000001
8610.0,-5.09
8611.0,-5.8100000000000005
8612.0,-5.54
8613.0,-5.16
8614.0,-5.5
8615.0,-5.05
8616.0,-1.0000000000000007
8617.0,-5.07
8618.0,-5.44
8619.0,-5.02
8620.0,-5.41
8621.0,-5.870000000000001
8622.0,-5.11
8623.0,-5.13
8624.0,-5.33
8625.0,-5.08
8626.0,-5.46
8627.0,-5.03
8628.0,-5.53
8629.0,-5.32
8630.0,-5.5
8631.0,-5.430000000000001
8632.0,-5.430000000000001
8633.0,-5.33
8634.0,-5.26
8635.0,-5.75
8636.0,-5.46
8637.0,-5.04
8638.0,-5.2700000000000005
8639.0,-5.04
8640.0,-5.08
8641.0,-5.04
8642.0,-5.37
8643.0,-5.01
8644.0,-5.09
8645.0,-5.07
8646.0,-5.32
8647.0,-5.950000000000001
8648.0,-5.03
8649.0,-5.13
8650.0,-5.36
8651.0,-5.04
8652.0,-5.02
8653.0,-5.3500000000000005
8654.0,-5.470000000000001
8655.0,-5.2
8656.0,-5.01
8657.0,-5.18
8658.0,-5.21
8659.0,-5.05
8660.0,-5.02
8661.0,-5.21
8662.0,-5.07
8663.0,-5.08
8664.0,-5.14
8665.0,-5.01
8666.0,-5.19
8667.0,-5.1
8668.0,-5.09
8669.0,-5.14
8670.0,-5.7700000000000005
8671.0,-5.75
8672.0,-5.5200000000000005
8673.0,-5.04
8674.0,-5.4
8675.0,-5.3500000000000005
8676.0,-5.07
8677.0,-5.01
8678.0,-5.13
8679.0,-5.32
8680.0,-5.37
8681.0,-5.04
8682.0,-5.37
8683.0,-5.550000000000001
8684.0,-5.44
8685.0,-5.02
8686.0,-5.07
8687.0,-5.32
8688.0,-5.29
8689.0,-5.06
8690.0,-5.34
8691.0,-5.430000000000001
8692.0,-5.26
8693.0,-5.07
8694.0,-5.2
8695.0,-5.05
8696.0,-5.03
8697.0,-5.33
8698.0,-5.44
8699.0,-5.02
8700.0,-5.06
8701.0,-5.09
8702.0,-5.05
8703.0,-5.32
8704.0,-5.08
8705.0,-5.82
8706.0,-5.13
8707.0,-5.04
8708.0,-5.680000000000001
8709.0,-5.24
8710.0,-5.01
8711.0,-5.01
8712.0,-5.1
8713.0,-5.3500000000000005
8714.0,-5.74
8715.0,-5.06
8716.0,-5.07
8717.0,-5.2700000000000005
8718.0,-5.3
8719.0,-5.430000000000001
8720.0,-5.17
8721.0,-5.02
8722.0,-5.07
8723.0,-5.09
8724.0,-5.390000000000001
8725.0,-5.2
8726.0,-5.24
8727.0,-5.46
8728.0,-5.34
8729.0,-5.75
8730.0,-5.22
8731.0,-5.37
8732.0,-5.870000000000001
8733.0,-5.4
8734.0,-5.2
8735.0,-5.680000000000001
8736.0,-5.25
8737.0,-5.11
8738.0,-5.25
8739.0,-5.4
8740.0,-5.29
8741.0,-5.16
8742.0,-5.13
8743.0,-5.13
8744.0,-5.41
8745.0,-5.03
8746.0,-5.09
8747.0,-5.02
8748.0,-5.57
8749.0,-5.06
8750.0,-5.3100000000000005
8751.0,-5.54
8752.0,-5.03
8753.0,-5.26
8754.0,-5.08
8755.0,-5.06
8756.0,-5.05
8757.0,-5.02
8758.0,-5.34
8759.0,-5.05
8760.0,-5.14
8761.0,-5.4
8762.0,-5.04
8763.0,-5.34
8764.0,-5.04
8765.0,-5.14
8766.0,-5.32
8767.0,-5.45
8768.0,-5.82
8769.0,-5.45
8770.0,-5.07
8771.0,-5.19
8772.0,-5.1
8773.0,-5.02
8774.0,-5.07
8775.0,-5.06
8776.0,-5.02
8777.0,-5.09
8778.0,-5.25
8779.0,-5.3100000000000005
8780.0,-5.19
8781.0,-5.34
8782.0,-5.3100000000000005
8783.0,-5.5
8784.0,-5.78
8785.0,-5.94
8786.0,-5.44
8787.0,-5.74
8788.0,-5.05
8789.0,-5.08
8790.0,-5.3
8791.0,-5.09
8792.0,-5.14
8793.0,-5.23
8794.0,-5.5200000000000005
8795.0,-5.5
8796.0,-5.2
8797.0,-5.03
8798.0,-5.15
8799.0,-5.45
8800.0,-5.24
8801.0,-5.02
8802.0,-5.11
8803.0,-5.58
8804.0,-5.390000000000001
8805.0,-5.54
8806.0,-5.42
8807.0,-5.12
8808.0,-5.24
8809.0,-5.06
8810.0,-5.37
8811.0,-1.0000000000000007
8812.0,-1.0000000000000007
8813.0,-5.14
8814.0,-5.01
8815.0,-5.3500000000000005
8816.0,-5.04
8817.0,-5.02
8818.0,-5.17
8819.0,-5.32
8820.0,-5.19
8821.0,-5.28
8822.0,-5.08
8823.0,-5.19
8824.0,-5.22
8825.0,-5.08
8826.0,-5.25
8827.0,-5.23
8828.0,-5.02
8829.0,-5.01
8830.0,-5.11
8831.0,-5.24
8832.0,-5.36
8833.0,-5.680000000000001
8834.0,-5.48
8835.0,-5.42
8836.0,-5.58
8837.0,-5.2700000000000005
8838.0,-5.26
8839.0,-5.3100000000000005
8840.0,-5.3
8841.0,-5.680000000000001
8842.0,-5.48
8843.0,-5.45
8844.0,-5.21
8845.0,-5.99
8846.0,-5.7
8847.0,-5.05
8848.0,-5.36
8849.0,-5.86
8850.0,-5.05
8851.0,-5.19
8852.0,-5.48
8853.0,-5.03
8854.0,-5.960000000000001
8855.0,-5.08
8856.0,-5.05
8857.0,-5.33
8858.0,-5.12
8859.0,-5.26
8860.0,-5.34
8861.0,-5.02
8862.0,-5.02
8863.0,-5.29
8864.0,-5.53
8865.0,-5.49
8866.0,-5.15
8867.0,-5.41
8868.0,-5.49
8869.0,-5.3500000000000005
8870.0,-5.16
8871.0,-5.21
8872.0,-5.01
8873.0,-5.02
8874.0,-5.06
8875.0,-5.920000000000001
8876.0,-5.02
8877.0,-5.05
8878.0,-5.2
8879.0,-5.01
8880.0,-5.03
8881.0,-5.06
8882.0,-5.99
8883.0,-5.09
8884.0,-5.15
8885.0,-5.32
8886.0,-5.02
8887.0,-5.930000000000001
8888.0,-5.22
8889.0,-5.17
8890.0,-5.2
8891.0,-5.2700000000000005
8892.0,-5.03
8893.0,-5.04
8894.0,-5.4
8895.0,-5.13
8896.0,-5.02
8897.0,-5.02
8898.0,-5.44
8899.0,-5.38
8900.0,-5.04
8901.0,-5.51
8902.0,-5.54
8903.0,-5.44
8904.0,-5.09
8905.0,-5.23
8906.0,-5.19
8907.0,-5.23
8908.0,-5.5600000000000005
8909.0,-5.12
8910.0,-5.36
8911.0,-5.02
8912.0,-5.04
8913.0,-5.04
8914.0,-5.3
8915.0,-5.14
8916.0,-5.06
8917.0,-5.36
8918.0,-5.02
8919.0,-5.16
8920.0,-5.01
8921.0,-5.37
8922.0,-5.08
8923.0,-5.390000000000001
8924.0,-5.19
8925.0,-5.2700000000000005
8926.0,-5.24
8927.0,-5.24
8928.0,-5.06
8929.0,-5.12
8930.0,-5.23
8931.0,-5.34
8932.0,-5.46
8933.0,-5.29
8934.0,-5.58
8935.0,-5.24
8936.0,-5.1
8937.0,-5.1
8938.0,-5.29
8939.0,-5.18
8940.0,-5.34
8941.0,-5.17
8942.0,-5.61
8943.0,-5.02
8944.0,-5.08
8945.0,-5.22
8946.0,-5.640000000000001
8947.0,-5.29
8948.0,-5.44
8949.0,-5.05
8950.0,-5.1
8951.0,-5.03
8952.0,-5.470000000000001
8953.0,-5.01
8954.0,-5.26
8955.0,-5.01
8956.0,-5.06
8957.0,-5.13
8958.0,-5.38
8959.0,-5.470000000000001
8960.0,-5.02
8961.0,-5.03
8962.0,-5.01
8963.0,-5.05
8964.0,-5.2700000000000005
8965.0,-5.48
8966.0,-5.02
8967.0,-5.54
8968.0,-5.45
8969.0,-5.2700000000000005
8970.0,-5.16
8971.0,-5.790000000000001
8972.0,-5.03
8973.0,-5.15
8974.0,-5.13
8975.0,-5.4
8976.0,-5.3
8977.0,-5.01
8978.0,-5.03
8979.0,-5.37
8980.0,-5.19
8981.0,-5.16
8982.0,-5.02
8983.0,-5.09
8984.0,-5.53
8985.0,-5.21
8986.0,-1.0000000000000007
8987.0,-5.44
8988.0,-5.11
8989.0,-5.06
8990.0,-5.470000000000001
8991.0,-5.03
8992.0,-5.09
8993.0,-5.720000000000001
8994.0,-5.21
8995.0,-5.57
8996.0,-5.3100000000000005
8997.0,-5.15
8998.0,-5.36
8999.0,-5.17
9000.0,-5.42
9001.0,-5.430000000000001
9002.0,-5.51
9003.0,-5.08
9004.0,-5.65
9005.0,-5.04
9006.0,-5.430000000000001
9007.0,-5.2
9008.0,-5.04
9009.0,-5.24
9010.0,-5.880000000000001
9011.0,-5.1
9012.0,-5.44
9013.0,-5.36
9014.0,-5.03
9015.0,-5.01
9016.0,-5.5600000000000005
9017.0,-5.25
9018.0,-5.66
9019.0,-5.5200000000000005
9020.0,-5.630000000000001
9021.0,-5.02
9022.0,-5.01
9023.0,-5.430000000000001
9024.0,-5.22
9025.0,-5.09
9026.0,-5.14
9027.0,-5.07
9028.0,-5.33
9029.0,-5.18
9030.0,-5.3500000000000005
9031.0,-5.22
9032.0,-5.6000000000000005
9033.0,-5.42
9034.0,-5.44
9035.0,-5.29
9036.0,-5.13
9037.0,-5.34
9038.0,-5.12
9039.0,-5.02
9040.0,-5.54
9041.0,-5.5
9042.0,-5.09
9043.0,-5.05
9044.0,-5.04
9045.0,-5.02
9046.0,-5.42
9047.0,-5.15
9048.0,-5.5
9049.0,-5.2
9050.0,-5.13
9051.0,-5.1
9052.0,-5.05
9053.0,-5.24
9054.0,-5.1
9055.0,-5.6000000000000005
9056.0,-5.5600000000000005
9057.0,-5.01
9058.0,-5.53
9059.0,-5.02
9060.0,-5.67
9061.0,-5.5200000000000005
9062.0,-5.33
9063.0,-5.22
9064.0,-5.09
9065.0,-5.17
9066.0,-5.21
9067.0,-5.19
9068.0,-5.04
9069.0,-5.3
9070.0,-5.02
9071.0,-5.13
9072.0,-5.23
9073.0,-5.2700000000000005
9074.0,-5.05
9075.0,-5.03
9076.0,-5.18
9077.0,-5.57
9078.0,-5.02
9079.0,-5.04
9080.0,-5.44
9081.0,-5.2700000000000005
9082.0,-5.04
9083.0,-1.0000000000000007
9084.0,-5.22
9085.0,-5.920000000000001
9086.0,-5.49
9087.0,-5.57
9088.0,-5.550000000000001
9089.0,-5.38
9090.0,-5.14
9091.0,-5.390000000000001
9092.0,-5.36
9093.0,-5.21
9094.0,-5.28
9095.0,-5.2
9096.0,-5.58
9097.0,-5.46
9098.0,-5.3500000000000005
9099.0,-5.15
9100.0,-5.17
9101.0,-5.18
9102.0,-5.33
9103.0,-5.02
9104.0,-5.06
9105.0,-5.45
9106.0,-5.11
9107.0,-5.05
9108.0,-5.890000000000001
9109.0,-5.08
9110.0,-5.38
9111.0,-5.06
9112.0,-5.3500000000000005
9113.0,-5.16
9114.0,-5.62
9115.0,-5.05
9116.0,-5.4
9117.0,-5.04
9118.0,-5.04
9119.0,-5.32
9120.0,-5.08
9121.0,-5.720000000000001
9122.0,-5.21
9123.0,-5.05
9124.0,-5.07
9125.0,-5.04
9126.0,-5.630000000000001
9127.0,-5.26
9128.0,-5.07
9129.0,-5.25
9130.0,-5.3500000000000005
9131.0,-5.34
9132.0,-5.42
9133.0,-5.32
9134.0,-5.37
9135.0,-5.28
9136.0,-5.01
9137.0,-5.02
9138.0,-5.21
9139.0,-5.06
9140.0,-5.3100000000000005
9141.0,-5.760000000000001
9142.0,-5.04
9143.0,-5.04
9144.0,-5.01
9145.0,-5.3100000000000005
9146.0,-5.3100000000000005
9147.0,-5.05
9148.0,-5.09
9149.0,-5.36
9150.0,-5.08
9151.0,-5.14
9152.0,-5.34
9153.0,-5.5200000000000005
9154.0,-5.01
9155.0,-5.3100000000000005
9156.0,-5.26
9157.0,-5.1
9158.0,-5.18
9159.0,-5.21
9160.0,-5.23
9161.0,-5.18
9162.0,-5.44
9163.0,-5.04
9164.0,-5.3100000000000005
9165.0,-5.05
9166.0,-5.04
9167.0,-5.3500000000000005
9168.0,-5.22
9169.0,-5.36
9170.0,-5.3100000000000005
9171.0,-5.08
9172.0,-5.6000000000000005
9173.0,-5.14
9174.0,-5.02
9175.0,-5.46
9176.0,-5.66
9177.0,-5.01
9178.0,-5.06
9179.0,-5.04
9180.0,-5.65
9181.0,-5.2
9182.0,-5.5600000000000005
9183.0,-5.1
9184.0,-5.25
9185.0,-5.03
9186.0,-5.3500000000000005
9187.0,-5.11
9188.0,-5.2
9189.0,-5.05
9190.0,-5.390000000000001
9191.0,-5.470000000000001
9192.0,-5.08
9193.0,-5.53
9194.0,-5.25
9195.0,-5.37
9196.0,-5.5200000000000005
9197.0,-5.49
9198.0,-5.15
9199.0,-5.01
9200.0,-5.17
9201.0,-5.41
9202.0,-5.49
9203.0,-5.33
9204.0,-5.05
9205.0,-5.28
9206.0,-5.11
9207.0,-5.03
9208.0,-5.01
9209.0,-5.5600000000000005
9210.0,-5.01
9211.0,-5.06
9212.0,-5.1
9213.0,-5.25
9214.0,-5.03
9215.0,-5.21
9216.0,-5.03
9217.0,-5.05
9218.0,-5.3100000000000005
9219.0,-5.45
9220.0,-5.04
9221.0,-5.07
9222.0,-5.02
9223.0,-5.09
9224.0,-5.58
9225.0,-5.33
9226.0,-5.54
9227.0,-5.16
9228.0,-5.16
9229.0,-5.06
9230.0,-5.720000000000001
9231.0,-5.1
9232.0,-5.11
9233.0,-5.3
9234.0,-5.390000000000001
9235.0,-5.08
9236.0,-5.09
9237.0,-5.37
9238.0,-5.02
9239.0,-5.2700000000000005
9240.0,-5.2
9241.0,-5.03
9242.0,-5.67
9243.0,-5.02
9244.0,-5.38
9245.0,-5.430000000000001
9246.0,-5.08
9247.0,-5.3
9248.0,-5.2
9249.0,-5.3100000000000005
9250.0,-5.3
9251.0,-5.02
9252.0,-5.08
9253.0,-5.18
9254.0,-5.37
9255.0,-5.950000000000001
9256.0,-5.720000000000001
9257.0,-5.09
9258.0,-5.4
9259.0,-5.17
9260.0,-5.3100000000000005
9261.0,-5.41
9262.0,-5.65
9263.0,-5.08
9264.0,-5.04
9265.0,-5.04
9266.0,-5.1
9267.0,-5.04
9268.0,-5.02
9269.0,-5.02
9270.0,-5.44
9271.0,-5.62
9272.0,-5.6000000000000005
9273.0,-5.04
9274.0,-5.33
9275.0,-5.15
9276.0,-5.03
9277.0,-5.02
9278.0,-5.04
9279.0,-5.51
9280.0,-5.05
9281.0,-5.74
9282.0,-5.03
9283.0,-5.430000000000001
9284.0,-5.45
9285.0,-5.26
9286.0,-5.37
9287.0,-5.23
9288.0,-5.02
9289.0,-5.36
9290.0,-5.1
9291.0,-5.21
9292.0,-5.37
9293.0,-5.51
9294.0,-5.06
9295.0,-5.38
9296.0,-5.29
9297.0,-5.06
9298.0,-5.33
9299.0,-5.22
9300.0,-5.01
9301.0,-5.11
9302.0,-5.13
9303.0,-5.05
9304.0,-5.02
9305.0,-5.42
9306.0,-5.25
9307.0,-5.04
9308.0,-5.61
9309.0,-5.17
9310.0,-5.03
9311.0,-5.03
9312.0,-5.840000000000001
9313.0,-5.02
9314.0,-5.15
9315.0,-5.470000000000001
9316.0,-5.01
9317.0,-5.42
9318.0,-5.03
9319.0,-5.13
9320.0,-5.29
9321.0,-5.760000000000001
9322.0,-5.09
9323.0,-5.32
9324.0,-5.04
9325.0,-5.3500000000000005
9326.0,-5.34
9327.0,-5.65
9328.0,-5.46
9329.0,-5.01
9330.0,-5.06
9331.0,-5.3500000000000005
9332.0,-5.16
9333.0,-5.07
9334.0,-5.25
9335.0,-5.6000000000000005
9336.0,-5.44
9337.0,-5.25
9338.0,-5.08
9339.0,-5.21
9340.0,-5.32
9341.0,-5.23
9342.0,-5.02
9343.0,-5.23
9344.0,-5.23
9345.0,-5.01
9346.0,-5.09
9347.0,-5.48
9348.0,-5.06
9349.0,-5.08
9350.0,-5.26
9351.0,-5.61
9352.0,-5.23
9353.0,-5.430000000000001
9354.0,-5.36
9355.0,-5.03
9356.0,-5.36
9357.0,-5.38
9358.0,-5.26
9359.0,-5.03
9360.0,-5.46
9361.0,-5.430000000000001
9362.0,-5.53
9363.0,-5.4
9364.0,-5.05
9365.0,-5.41
9366.0,-5.61
9367.0,-5.630000000000001
9368.0,-5.06
9369.0,-5.01
9370.0,-5.04
9371.0,-5.14
9372.0,-5.02
9373.0,-5.470000000000001
9374.0,-5.12
9375.0,-5.5600000000000005
9376.0,-5.22
9377.0,-5.02
9378.0,-5.02
9379.0,-5.02
9380.0,-5.07
9381.0,-5.44
9382.0,-5.3500000000000005
9383.0,-5.33
9384.0,-5.3
9385.0,-5.44
9386.0,-5.02
9387.0,-5.04
9388.0,-5.08
9389.0,-5.94
9390.0,-5.15
9391.0,-5.05
9392.0,-5.06
9393.0,-5.01
9394.0,-5.430000000000001
9395.0,-5.14
9396.0,-5.02
9397.0,-5.86
9398.0,-5.12
9399.0,-5.13
9400.0,-5.01
9401.0,-5.2700000000000005
9402.0,-5.5600000000000005
9403.0,-5.53
9404.0,-5.3100000000000005
9405.0,-5.37
9406.0,-5.03
9407.0,-5.2
9408.0,-5.7700000000000005
9409.0,-5.7700000000000005
9410.0,-5.06
9411.0,-5.08
9412.0,-5.01
9413.0,-5.02
9414.0,-5.05
9415.0,-5.01
9416.0,-5.3
9417.0,-5.1
9418.0,-5.06
9419.0,-5.2700000000000005
9420.0,-5.01
9421.0,-5.04
9422.0,-5.2
9423.0,-5.1
9424.0,-1.0000000000000007
9425.0,-5.05
9426.0,-5.3500000000000005
9427.0,-5.02
9428.0,-5.3
9429.0,-5.45
9430.0,-5.13
9431.0,-5.09
9432.0,-5.06
9433.0,-5.390000000000001
9434.0,-5.760000000000001
9435.0,-5.01
9436.0,-5.22
9437.0,-5.44
9438.0,-5.22
9439.0,-5.12
9440.0,-5.28
9441.0,-5.17
9442.0,-5.62
9443.0,-5.5200000000000005
9444.0,-5.430000000000001
9445.0,-5.2700000000000005
9446.0,-5.28
9447.0,-5.08
9448.0,-5.3500000000000005
9449.0,-5.05
9450.0,-5.18
9451.0,-5.17
9452.0,-5.430000000000001
9453.0,-5.01
9454.0,-5.36
9455.0,-5.65
9456.0,-5.430000000000001
9457.0,-5.630000000000001
9458.0,-5.25
9459.0,-5.11
9460.0,-5.3
9461.0,-5.870000000000001
9462.0,-5.66
9463.0,-5.21
9464.0,-5.08
9465.0,-5.02
9466.0,-5.4
9467.0,-5.48
9468.0,-5.34
9469.0,-5.22
9470.0,-5.2
9471.0,-5.08
9472.0,-5.08
9473.0,-5.53
9474.0,-5.29
9475.0,-5.09
9476.0,-5.17
9477.0,-5.45
9478.0,-5.870000000000001
9479.0,-5.15
9480.0,-5.02
9481.0,-5.46
9482.0,-5.44
9483.0,-5.58
9484.0,-5.550000000000001
9485.0,-5.36
9486.0,-5.08
9487.0,-5.430000000000001
9488.0,-5.02
9489.0,-5.54
9490.0,-5.09
9491.0,-5.05
9492.0,-5.53
9493.0,-5.01
9494.0,-5.2700000000000005
9495.0,-5.02
9496.0,-5.29
9497.0,-5.44
9498.0,-5.54
9499.0,-5.02
9500.0,-5.06
9501.0,-5.49
9502.0,-5.08
9503.0,-5.06
9504.0,-5.04
9505.0,-5.83
9506.0,-5.640000000000001
9507.0,-5.680000000000001
9508.0,-5.7700000000000005
9509.0,-5.02
9510.0,-5.1
9511.0,-5.36
9512.0,-5.73
9513.0,-5.18
9514.0,-1.0000000000000007
9515.0,-5.34
9516.0,-5.36
9517.0,-5.36
9518.0,-5.41
9519.0,-5.02
9520.0,-5.36
9521.0,-5.06
9522.0,-5.550000000000001
9523.0,-5.01
9524.0,-5.12
9525.0,-5.99
9526.0,-5.06
9527.0,-5.29
9528.0,-5.640000000000001
9529.0,-5.12
9530.0,-5.05
9531.0,-5.09
9532.0,-5.03
9533.0,-5.23
9534.0,-5.37
9535.0,-5.53
9536.0,-5.16
9537.0,-5.2
9538.0,-5.07
9539.0,-5.34
9540.0,-5.06
9541.0,-5.13
9542.0,-5.550000000000001
9543.0,-5.03
9544.0,-5.680000000000001
9545.0,-5.2700000000000005
9546.0,-5.390000000000001
9547.0,-5.32
9548.0,-5.03
9549.0,-5.14
9550.0,-5.05
9551.0,-5.11
9552.0,-5.09
9553.0,-5.34
9554.0,-5.48
9555.0,-5.06
9556.0,-5.1
9557.0,-5.6000000000000005
9558.0,-5.49
9559.0,-5.03
9560.0,-5.57
9561.0,-5.12
9562.0,-5.45
9563.0,-5.19
9564.0,-5.42
9565.0,-5.01
9566.0,-5.06
9567.0,-5.16
9568.0,-5.11
9569.0,-5.06
9570.0,-5.5200000000000005
9571.0,-5.08
9572.0,-5.23
9573.0,-5.59
9574.0,-5.01
9575.0,-5.08
9576.0,-5.3
9577.0,-5.04
9578.0,-5.01
9579.0,-5.61
9580.0,-5.26
9581.0,-5.02
9582.0,-5.05
9583.0,-5.36
9584.0,-5.41
9585.0,-5.15
9586.0,-5.04
9587.0,-5.13
9588.0,-5.25
9589.0,-5.24
9590.0,-5.03
9591.0,-5.42
9592.0,-5.2700000000000005
9593.0,-5.44
9594.0,-5.14
9595.0,-5.53
9596.0,-5.02
9597.0,-5.14
9598.0,-5.430000000000001
9599.0,-5.3
9600.0,-5.32
9601.0,-5.82
9602.0,-5.26
9603.0,-5.4
9604.0,-5.950000000000001
9605.0,-5.11
9606.0,-5.02
9607.0,-5.26
9608.0,-5.930000000000001
9609.0,-5.04
9610.0,-5.07
9611.0,-5.83
9612.0,-5.02
9613.0,-5.33
9614.0,-5.15
9615.0,-5.5600000000000005
9616.0,-5.4
9617.0,-5.12
9618.0,-5.21
9619.0,-1.0000000000000007
9620.0,-5.19
9621.0,-5.65
9622.0,-5.01
9623.0,-5.17
9624.0,-5.33
9625.0,-5.29
9626.0,-5.470000000000001
9627.0,-5.69
9628.0,-5.01
9629.0,-5.21
9630.0,-5.62
9631.0,-5.57
9632.0,-5.02
9633.0,-5.1
9634.0,-5.7700000000000005
9635.0,-5.11
9636.0,-5.05
9637.0,-5.22
9638.0,-1.0000000000000007
9639.0,-5.41
9640.0,-5.25
9641.0,-5.28
9642.0,-5.38
9643.0,-5.08
9644.0,-5.02
9645.0,-5.41
9646.0,-5.08
9647.0,-5.1
9648.0,-5.13
9649.0,-5.44
9650.0,-5.26
9651.0,-5.02
9652.0,-5.17
9653.0,-5.06
9654.0,-5.5200000000000005
9655.0,-5.41
9656.0,-5.69
9657.0,-5.03
9658.0,-5.640000000000001
9659.0,-5.790000000000001
9660.0,-5.430000000000001
9661.0,-5.03
9662.0,-5.41
9663.0,-5.5
9664.0,-5.59
9665.0,-5.29
9666.0,-5.03
9667.0,-5.05
9668.0,-5.29
9669.0,-5.3100000000000005
9670.0,-5.390000000000001
9671.0,-5.02
9672.0,-5.390000000000001
9673.0,-5.550000000000001
9674.0,-5.02
9675.0,-5.3100000000000005
9676.0,-5.09
9677.0,-5.49
9678.0,-5.69
9679.0,-5.04
9680.0,-5.42
9681.0,-5.48
9682.0,-5.18
9683.0,-5.470000000000001
9684.0,-5.2700000000000005
9685.0,-5.14
9686.0,-5.7700000000000005
9687.0,-5.2700000000000005
9688.0,-5.24
9689.0,-5.03
9690.0,-5.49
9691.0,-5.790000000000001
9692.0,-5.74
9693.0,-5.06
9694.0,-5.48
9695.0,-5.51
9696.0,-5.05
9697.0,-5.5200000000000005
9698.0,-5.14
9699.0,-5.640000000000001
9700.0,-5.06
9701.0,-5.430000000000001
9702.0,-5.32
9703.0,-5.41
9704.0,-5.11
9705.0,-5.33
9706.0,-5.870000000000001
9707.0,-5.22
9708.0,-5.720000000000001
9709.0,-5.06
9710.0,-5.6000000000000005
9711.0,-5.16
9712.0,-5.05
9713.0,-5.09
9714.0,-5.04
9715.0,-5.02
9716.0,-5.07
9717.0,-5.61
9718.0,-5.37
9719.0,-5.36
9720.0,-5.01
9721.0,-5.01
9722.0,-5.42
9723.0,-5.33
9724.0,-5.02
9725.0,-5.41
9726.0,-5.26
9727.0,-5.3
9728.0,-5.08
9729.0,-5.05
9730.0,-5.01
9731.0,-5.02
9732.0,-5.06
9733.0,-5.19
9734.0,-5.720000000000001
9735.0,-5.4
9736.0,-5.01
9737.0,-5.4
9738.0,-5.01
9739.0,-5.86
9740.0,-5.29
9741.0,-5.09
9742.0,-5.15
9743.0,-5.1
9744.0,-5.06
9745.0,-5.06
9746.0,-5.03
9747.0,-5.51
9748.0,-5.02
9749.0,-5.04
9750.0,-5.25
9751.0,-5.04
9752.0,-5.53
9753.0,-5.03
9754.0,-5.48
9755.0,-5.09
9756.0,-5.29
9757.0,-5.37
9758.0,-5.21
9759.0,-5.02
9760.0,-5.630000000000001
9761.0,-5.03
9762.0,-5.28
9763.0,-5.17
9764.0,-5.02
9765.0,-5.2700000000000005
9766.0,-5.19
9767.0,-5.03
9768.0,-5.73
9769.0,-5.03
9770.0,-5.18
9771.0,-5.5
9772.0,-5.38
9773.0,-5.62
9774.0,-5.2700000000000005
9775.0,-5.470000000000001
9776.0,-5.06
9777.0,-5.49
9778.0,-5.3500000000000005
9779.0,-5.3
9780.0,-5.25
9781.0,-5.42
9782.0,-5.53
9783.0,-5.29
9784.0,-5.12
9785.0,-5.03
9786.0,-5.03
9787.0,-5.03
9788.0,-5.03
9789.0,-5.03
9790.0,-5.1
9791.0,-5.08
9792.0,-5.28
9793.0,-5.6000000000000005
9794.0,-5.54
9795.0,-5.28
9796.0,-5.390000000000001
9797.0,-5.4
9798.0,-5.33
9799.0,-5.59
9800.0,-5.44
9801.0,-5.5600000000000005
9802.0,-5.05
9803.0,-5.01
9804.0,-5.14
9805.0,-5.29
9806.0,-5.710000000000001
9807.0,-5.02
9808.0,-5.03
9809.0,-5.44
9810.0,-5.03
9811.0,-5.23
9812.0,-5.67
9813.0,-5.59
9814.0,-5.09
9815.0,-5.05
9816.0,-5.5
9817.0,-5.36
9818.0,-5.01
9819.0,-5.44
9820.0,-1.0000000000000007
9821.0,-5.61
9822.0,-5.28
9823.0,-5.06
9824.0,-5.19
9825.0,-5.07
9826.0,-5.390000000000001
9827.0,-5.06
9828.0,-5.390000000000001
9829.0,-5.51
9830.0,-5.44
9831.0,-5.24
9832.0,-5.24
9833.0,-5.2
9834.0,-5.12
9835.0,-5.2
9836.0,-5.800000000000001
9837.0,-5.05
9838.0,-5.3100000000000005
9839.0,-5.26
9840.0,-5.2700000000000005
9841.0,-5.05
9842.0,-5.4
9843.0,-5.62
9844.0,-5.03
9845.0,-5.07
9846.0,-5.01
9847.0,-5.03
9848.0,-5.08
9849.0,-5.12
9850.0,-5.09
9851.0,-5.07
9852.0,-5.2
9853.0,-5.5200000000000005
9854.0,-5.28
9855.0,-5.16
9856.0,-5.15
9857.0,-5.49
9858.0,-5.12
9859.0,-5.33
9860.0,-5.05
9861.0,-5.08
9862.0,-5.02
9863.0,-5.02
9864.0,-5.05
9865.0,-5.62
9866.0,-5.03
9867.0,-5.05
9868.0,-5.3500000000000005
9869.0,-5.32
9870.0,-5.44
9871.0,-5.09
9872.0,-5.02
9873.0,-5.430000000000001
9874.0,-5.32
9875.0,-5.08
9876.0,-5.02
9877.0,-5.710000000000001
9878.0,-5.22
9879.0,-5.03
9880.0,-5.03
9881.0,-5.44
9882.0,-5.01
9883.0,-5.630000000000001
9884.0,-5.02
9885.0,-5.09
9886.0,-5.03
9887.0,-5.33
9888.0,-5.430000000000001
9889.0,-5.06
9890.0,-5.61
9891.0,-5.24
9892.0,-5.21
9893.0,-5.03
9894.0,-5.32
9895.0,-5.5200000000000005
9896.0,-5.7
9897.0,-5.02
9898.0,-5.57
9899.0,-5.03
9900.0,-5.07
9901.0,-5.08
9902.0,-5.18
9903.0,-5.03
9904.0,-5.790000000000001
9905.0,-5.720000000000001
9906.0,-5.02
9907.0,-5.62
9908.0,-5.28
9909.0,-5.04
9910.0,-5.51
9911.0,-5.01
9912.0,-5.41
9913.0,-5.5600000000000005
9914.0,-5.01
9915.0,-5.3500000000000005
9916.0,-5.02
9917.0,-5.38
9918.0,-5.23
9919.0,-5.58
9920.0,-5.15
9921.0,-5.02
9922.0,-5.21
9923.0,-5.53
9924.0,-5.26
9925.0,-5.08
9926.0,-5.03
9927.0,-5.5
9928.0,-5.38
9929.0,-5.550000000000001
9930.0,-5.09
9931.0,-5.04
9932.0,-5.05
9933.0,-5.09
9934.0,-5.04
9935.0,-5.760000000000001
9936.0,-5.04
9937.0,-5.4
9938.0,-5.04
9939.0,-5.11
9940.0,-5.44
9941.0,-5.390000000000001
9942.0,-5.32
9943.0,-5.680000000000001
9944.0,-5.75
9945.0,-5.28
9946.0,-5.8100000000000005
9947.0,-5.01
9948.0,-5.12
9949.0,-5.45
9950.0,-5.44
9951.0,-5.74
9952.0,-5.36
9953.0,-5.73
9954.0,-5.75
9955.0,-5.11
9956.0,-5.69
9957.0,-5.18
9958.0,-5.02
9959.0,-5.5
9960.0,-5.38
9961.0,-5.57
9962.0,-5.16
9963.0,-5.430000000000001
9964.0,-5.14
9965.0,-5.3100000000000005
9966.0,-5.15
9967.0,-5.05
9968.0,-5.01
9969.0,-5.41
9970.0,-5.33
9971.0,-5.06
9972.0,-5.3
9973.0,-5.01
9974.0,-5.24
9975.0,-5.09
9976.0,-5.29
9977.0,-5.28
9978.0,-5.880000000000001
9979.0,-5.13
9980.0,-5.58
9981.0,-5.19
9982.0,-5.01
9983.0,-5.23
9984.0,-5.3500000000000005
9985.0,-5.17
9986.0,-5.16
9987.0,-5.3500000000000005
9988.0,-5.74
9989.0,-5.65
9990.0,-5.12
9991.0,-5.04
9992.0,-5.26
9993.0,-5.44
9994.0,-5.1
9995.0,-5.07
9996.0,-5.21
9997.0,-5.62
9998.0,-5.3500000000000005
9999.0,-5.680000000000001
10000.0,-5.14
10001.0,-5.06
10002.0,-5.34
10003.0,-5.12
10004.0,-5.33
10005.0,-5.04
10006.0,-5.38
10007.0,-5.34
10008.0,-5.02
10009.0,-5.45
10010.0,-5.21
10011.0,-5.12
10012.0,-5.23
10013.0,-5.08
10014.0,-5.46
10015.0,-5.13
10016.0,-5.21
10017.0,-5.1
10018.0,-5.53
10019.0,-5.25
10020.0,-5.05
10021.0,-5.34
10022.0,-5.26
10023.0,-5.5600000000000005
10024.0,-5.08
10025.0,-5.04
10026.0,-5.58
10027.0,-5.3100000000000005
10028.0,-5.37
10029.0,-5.11
10030.0,-5.01
10031.0,-5.4
10032.0,-5.17
10033.0,-5.9
10034.0,-5.04
10035.0,-5.04
10036.0,-5.01
10037.0,-5.3
10038.0,-5.870000000000001
10039.0,-5.34
10040.0,-5.2700000000000005
10041.0,-5.06
10042.0,-5.65
10043.0,-5.02
10044.0,-5.710000000000001
10045.0,-5.06
10046.0,-5.3
10047.0,-5.49
10048.0,-5.16
10049.0,-5.03
10050.0,-5.5
10051.0,-5.34
10052.0,-5.98
10053.0,-5.06
10054.0,-5.48
10055.0,-5.42
10056.0,-5.44
10057.0,-5.02
10058.0,-5.04
10059.0,-5.03
10060.0,-5.02
10061.0,-5.28
10062.0,-5.12
10063.0,-5.1
10064.0,-5.5
10065.0,-5.36
10066.0,-5.02
10067.0,-5.08
10068.0,-5.24
10069.0,-5.02
10070.0,-5.05
10071.0,-5.19
10072.0,-5.66
10073.0,-5.06
10074.0,-5.04
10075.0,-5.06
10076.0,-5.13
10077.0,-5.01
10078.0,-5.33
10079.0,-5.62
10080.0,-5.22
10081.0,-5.38
10082.0,-5.26
10083.0,-5.01
10084.0,-5.09
10085.0,-5.48
10086.0,-5.950000000000001
10087.0,-5.3500000000000005
10088.0,-5.74
10089.0,-1.0000000000000007
10090.0,-5.13
10091.0,-5.36
10092.0,-5.02
10093.0,-5.5600000000000005
10094.0,-5.29
10095.0,-5.34
10096.0,-5.33
10097.0,-5.05
10098.0,-5.4
10099.0,-5.46
10100.0,-5.04
10101.0,-5.21
10102.0,-5.34
10103.0,-1.0000000000000007
10104.0,-5.42
10105.0,-5.12
10106.0,-5.02
10107.0,-5.03
10108.0,-5.33
10109.0,-5.06
10110.0,-5.430000000000001
10111.0,-5.04
10112.0,-5.32
10113.0,-5.02
10114.0,-5.12
10115.0,-5.58
10116.0,-5.04
10117.0,-5.21
10118.0,-5.5
10119.0,-5.04
10120.0,-5.41
10121.0,-5.45
10122.0,-5.01
10123.0,-5.470000000000001
10124.0,-5.04
10125.0,-5.3100000000000005
10126.0,-5.37
10127.0,-5.01
10128.0,-5.28
10129.0,-5.15
10130.0,-5.07
10131.0,-5.08
10132.0,-5.02
10133.0,-5.05
10134.0,-5.09
10135.0,-5.18
10136.0,-5.1
10137.0,-5.42
10138.0,-5.36
10139.0,-5.28
10140.0,-5.26
10141.0,-5.33
10142.0,-5.19
10143.0,-5.08
10144.0,-5.44
10145.0,-5.45
10146.0,-5.11
10147.0,-5.07
10148.0,-5.5600000000000005
10149.0,-5.760000000000001
10150.0,-5.18
10151.0,-5.2
10152.0,-5.69
10153.0,-5.430000000000001
10154.0,-5.32
10155.0,-5.06
10156.0,-5.5600000000000005
10157.0,-5.390000000000001
10158.0,-5.34
10159.0,-5.58
10160.0,-5.680000000000001
10161.0,-5.09
10162.0,-5.01
10163.0,-5.04
10164.0,-5.3
10165.0,-5.54
10166.0,-5.53
10167.0,-5.22
10168.0,-5.38
10169.0,-5.5200000000000005
10170.0,-5.12
10171.0,-5.2700000000000005
10172.0,-5.41
10173.0,-5.2700000000000005
10174.0,-5.8100000000000005
10175.0,-5.16
10176.0,-5.15
10177.0,-5.41
10178.0,-5.11
10179.0,-5.3100000000000005
10180.0,-5.23
10181.0,-5.01
10182.0,-5.3100000000000005
10183.0,-5.680000000000001
10184.0,-5.3100000000000005
10185.0,-5.32
10186.0,-5.840000000000001
10187.0,-5.02
10188.0,-5.48
10189.0,-5.5200000000000005
10190.0,-5.57
10191.0,-5.430000000000001
10192.0,-5.48
10193.0,-5.07
10194.0,-5.21
10195.0,-5.15
10196.0,-5.54
10197.0,-5.03
10198.0,-5.49
10199.0,-5.24
10200.0,-5.3100000000000005
10201.0,-5.07
10202.0,-5.34
10203.0,-5.14
10204.0,-5.4
10205.0,-5.34
10206.0,-5.28
10207.0,-5.09
10208.0,-5.3100000000000005
10209.0,-5.06
10210.0,-5.04
10211.0,-5.01
10212.0,-5.01
10213.0,-5.45
10214.0,-5.3500000000000005
10215.0,-5.45
10216.0,-5.8100000000000005
10217.0,-5.3
10218.0,-5.21
10219.0,-5.02
10220.0,-5.13
10221.0,-5.26
10222.0,-5.49
10223.0,-5.15
10224.0,-5.37
10225.0,-5.12
10226.0,-5.42
10227.0,-5.14
10228.0,-5.15
10229.0,-5.15
10230.0,-5.5
10231.0,-5.05
10232.0,-5.19
10233.0,4.22
10234.0,-5.550000000000001
10235.0,-5.08
10236.0,-5.25
10237.0,-5.3500000000000005
10238.0,-5.04
10239.0,-5.04
10240.0,-5.04
10241.0,-5.61
10242.0,-5.36
10243.0,-5.3
10244.0,-5.44
10245.0,-5.21
10246.0,-5.61
10247.0,-5.05
10248.0,-5.41
10249.0,-5.41
10250.0,-5.25
10251.0,-5.37
10252.0,-5.01
10253.0,-5.74
10254.0,-5.2700000000000005
10255.0,-5.680000000000001
10256.0,-5.22
10257.0,-5.46
10258.0,-5.4
10259.0,-5.37
10260.0,-5.28
10261.0,-5.05
10262.0,-5.28
10263.0,-5.62
10264.0,-5.26
10265.0,-5.06
10266.0,-5.3500000000000005
10267.0,-5.21
10268.0,-5.14
10269.0,-5.04
10270.0,-5.48
10271.0,4.26
10272.0,-5.08
10273.0,-5.53
10274.0,-5.2
10275.0,-5.03
10276.0,-1.0000000000000007
10277.0,-5.3100000000000005
10278.0,-5.2700000000000005
10279.0,-5.21
10280.0,-5.53
10281.0,-5.34
10282.0,-5.430000000000001
10283.0,-5.22
10284.0,-5.3100000000000005
10285.0,-5.02
10286.0,-5.99
10287.0,-5.21
10288.0,-5.37
10289.0,-5.25
10290.0,-5.1
10291.0,-5.28
10292.0,-5.17
10293.0,-5.02
10294.0,-5.21
10295.0,-5.29
10296.0,-5.23
10297.0,4.33
10298.0,-5.62
10299.0,-5.24
10300.0,-5.02
10301.0,-5.25
10302.0,-5.34
10303.0,-5.09
10304.0,-5.46
10305.0,-5.41
10306.0,-5.01
10307.0,-5.25
10308.0,-5.2
10309.0,-5.2700000000000005
10310.0,-5.01
10311.0,-5.04
10312.0,-5.02
10313.0,-5.34
10314.0,-5.02
10315.0,-5.08
10316.0,-5.15
10317.0,-5.28
10318.0,-5.22
10319.0,-5.870000000000001
10320.0,-5.29
10321.0,-5.5200000000000005
10322.0,-5.870000000000001
10323.0,-5.5200000000000005
10324.0,-5.23
10325.0,-5.3
10326.0,-5.33
10327.0,-5.24
10328.0,-5.4
10329.0,-5.32
10330.0,-5.02
10331.0,-5.550000000000001
10332.0,-5.36
10333.0,-5.07
10334.0,-5.32
10335.0,-5.32
10336.0,-5.24
10337.0,-5.23
10338.0,-5.23
10339.0,4.279999999999999
10340.0,-5.24
10341.0,-5.2
10342.0,-5.890000000000001
10343.0,-5.18
10344.0,-5.45
10345.0,-5.09
10346.0,-5.5200000000000005
10347.0,-5.02
10348.0,-5.06
10349.0,-5.28
10350.0,-5.02
10351.0,-5.2700000000000005
10352.0,-5.680000000000001
10353.0,-5.54
10354.0,-5.25
10355.0,-5.1
10356.0,-5.2700000000000005
10357.0,-5.2700000000000005
10358.0,-5.12
10359.0,-5.04
10360.0,-5.2
10361.0,-5.07
10362.0,-5.13
10363.0,-5.01
10364.0,-5.19
10365.0,-1.0000000000000007
10366.0,-5.05
10367.0,-5.37
10368.0,-5.16
10369.0,-5.04
10370.0,-5.91
10371.0,-5.23
10372.0,-5.1
10373.0,-5.07
10374.0,-5.74
10375.0,-5.17
10376.0,-5.02
10377.0,-5.32
10378.0,-5.38
10379.0,-5.710000000000001
10380.0,-5.710000000000001
10381.0,-5.3
10382.0,-5.3
10383.0,-5.05
10384.0,-5.24
10385.0,-5.62
10386.0,-5.44
10387.0,-5.67
10388.0,-5.19
10389.0,-5.03
10390.0,-5.5600000000000005
10391.0,-5.17
10392.0,-5.54
10393.0,-5.94
10394.0,4.2299999999999995
10395.0,-5.04
10396.0,-5.33
10397.0,-5.49
10398.0,-5.03
10399.0,-5.07
10400.0,-5.03
10401.0,-5.3500000000000005
10402.0,-5.4
10403.0,-5.06
10404.0,-5.53
10405.0,-5.01
10406.0,-5.41
10407.0,-5.54
10408.0,-5.08
10409.0,-5.02
10410.0,-5.880000000000001
10411.0,-5.630000000000001
10412.0,-5.2700000000000005
10413.0,-5.4
10414.0,-5.880000000000001
10415.0,4.359999999999999
10416.0,-5.29
10417.0,-5.44
10418.0,-5.33
10419.0,-5.58
10420.0,-5.470000000000001
10421.0,-5.470000000000001
10422.0,-5.07
10423.0,-5.01
10424.0,-5.5
10425.0,-5.12
10426.0,-5.4
10427.0,-5.03
10428.0,-5.42
10429.0,-5.42
10430.0,-5.470000000000001
10431.0,-5.470000000000001
10432.0,-5.720000000000001
10433.0,-5.53
10434.0,-5.99
10435.0,-5.390000000000001
10436.0,-5.390000000000001
10437.0,-5.73
10438.0,-5.22
10439.0,-5.33
10440.0,-5.2
10441.0,4.38
10442.0,-5.01
10443.0,-5.1
10444.0,-5.25
10445.0,-5.2
10446.0,-5.21
10447.0,-5.28
10448.0,-5.65
10449.0,-5.11
10450.0,-5.21
10451.0,-5.4
10452.0,-5.21
10453.0,-5.1
10454.0,-5.390000000000001
10455.0,-5.34
10456.0,-5.28
10457.0,-5.32
10458.0,-5.21
10459.0,-5.44
10460.0,-5.07
10461.0,-5.3100000000000005
10462.0,-5.6000000000000005
10463.0,-5.05
10464.0,-5.02
10465.0,-1.0000000000000007
10466.0,-5.4
10467.0,-5.32
10468.0,-5.3
10469.0,-5.7
10470.0,-5.36
10471.0,-5.07
10472.0,-5.630000000000001
10473.0,-5.5
10474.0,-5.390000000000001
10475.0,-5.42
10476.0,-5.07
10477.0,-5.23
10478.0,-5.430000000000001
10479.0,-5.630000000000001
10480.0,-5.03
10481.0,-5.02
10482.0,-5.19
10483.0,-5.24
10484.0,-5.51
10485.0,-5.04
10486.0,-5.3100000000000005
10487.0,-5.01
10488.0,-5.01
10489.0,-5.02
10490.0,-5.2
10491.0,-5.02
10492.0,-5.4
10493.0,-5.5600000000000005
10494.0,-5.3
10495.0,-5.04
10496.0,-5.08
10497.0,-5.01
10498.0,-5.03
10499.0,-5.46
10500.0,-5.09
10501.0,-5.57
10502.0,-5.1
10503.0,-5.34
10504.0,-5.01
10505.0,-5.3100000000000005
10506.0,-5.18
10507.0,-5.5
10508.0,-5.49
10509.0,-5.04
10510.0,-5.4
10511.0,-5.03
10512.0,-5.05
10513.0,-5.25
10514.0,-5.44
10515.0,-5.3100000000000005
10516.0,-5.05
10517.0,-5.25
10518.0,-5.02
10519.0,-5.09
10520.0,-5.21
10521.0,-5.46
10522.0,-5.66
10523.0,-5.3500000000000005
10524.0,-5.4
10525.0,-5.05
10526.0,-5.13
10527.0,-5.08
10528.0,-5.02
10529.0,-5.09
10530.0,-5.550000000000001
10531.0,-5.01
10532.0,-5.470000000000001
10533.0,-5.07
10534.0,-5.06
10535.0,-5.3
10536.0,-5.5600000000000005
10537.0,-5.390000000000001
10538.0,-5.3
10539.0,-5.02
10540.0,-5.9
10541.0,-5.08
10542.0,-5.7
10543.0,-5.05
10544.0,-5.24
10545.0,-5.24
10546.0,-5.16
10547.0,-5.390000000000001
10548.0,-5.01
10549.0,-5.2
10550.0,-5.11
10551.0,-5.01
10552.0,-5.630000000000001
10553.0,-5.5200000000000005
10554.0,-5.03
10555.0,-5.01
10556.0,-5.1
10557.0,-5.03
10558.0,-5.24
10559.0,-5.02
10560.0,-5.4
10561.0,-5.66
10562.0,-5.5200000000000005
10563.0,-5.38
10564.0,-5.3100000000000005
10565.0,-5.01
10566.0,-5.28
10567.0,-5.24
10568.0,-5.970000000000001
10569.0,-5.04
10570.0,-5.470000000000001
10571.0,-5.58
10572.0,-5.1
10573.0,-5.06
10574.0,-5.2700000000000005
10575.0,-5.46
10576.0,-5.08
10577.0,-5.32
10578.0,-5.21
10579.0,-5.11
10580.0,-5.14
10581.0,-5.24
10582.0,-5.1
10583.0,-5.15
10584.0,-5.8500000000000005
10585.0,-5.41
10586.0,-5.04
10587.0,-5.01
10588.0,-5.630000000000001
10589.0,-5.07
10590.0,-5.01
10591.0,-5.03
10592.0,-5.02
10593.0,-5.11
10594.0,-5.430000000000001
10595.0,-5.75
10596.0,-5.53
10597.0,-5.28
10598.0,-5.02
10599.0,-5.62
10600.0,-5.01
10601.0,-5.630000000000001
10602.0,-5.02
10603.0,-5.37
10604.0,-5.46
10605.0,-5.05
10606.0,-5.24
10607.0,-5.17
10608.0,-5.34
10609.0,-5.48
10610.0,-5.57
10611.0,-5.02
10612.0,-5.02
10613.0,-5.54
10614.0,-5.58
10615.0,-5.01
10616.0,-5.41
10617.0,-5.3
10618.0,-5.720000000000001
10619.0,-5.16
10620.0,4.02
10621.0,4.35
10622.0,-5.07
10623.0,-5.01
10624.0,-5.14
10625.0,-5.3500000000000005
10626.0,-5.26
10627.0,-5.3
10628.0,-5.25
10629.0,-5.09
10630.0,-5.61
10631.0,-5.91
10632.0,-5.73
10633.0,-5.7
10634.0,-5.2700000000000005
10635.0,-5.26
10636.0,-5.3100000000000005
10637.0,-5.06
10638.0,-5.3500000000000005
10639.0,-5.45
10640.0,-5.33
10641.0,-5.1
10642.0,-5.01
10643.0,-5.13
10644.0,-5.11
10645.0,-5.7
10646.0,-5.21
10647.0,-5.5200000000000005
10648.0,-5.53
10649.0,-5.04
10650.0,-5.1
10651.0,-5.25
10652.0,-5.28
10653.0,-5.06
10654.0,-5.44
10655.0,-5.01
10656.0,-5.14
10657.0,-5.01
10658.0,-5.17
10659.0,-5.03
10660.0,-5.03
10661.0,-5.1
10662.0,-5.3
10663.0,-5.03
10664.0,-5.3500000000000005
10665.0,-5.5600000000000005
10666.0,-5.04
10667.0,-5.790000000000001
10668.0,-5.12
10669.0,-5.02
10670.0,-5.24
10671.0,-5.02
10672.0,-5.48
10673.0,-5.680000000000001
10674.0,-5.03
10675.0,-5.7
10676.0,-5.13
10677.0,-5.04
10678.0,-5.05
10679.0,-5.34
10680.0,-5.430000000000001
10681.0,-5.09
10682.0,-5.94
10683.0,-5.12
10684.0,-5.05
10685.0,4.159999999999999
10686.0,-5.06
10687.0,-5.3100000000000005
10688.0,-5.02
10689.0,-5.66
10690.0,-5.67
10691.0,-5.06
10692.0,-5.02
10693.0,-1.0000000000000007
10694.0,-5.7
10695.0,-5.17
10696.0,-5.24
10697.0,-5.05
10698.0,-5.07
10699.0,-5.3100000000000005
10700.0,-5.720000000000001
10701.0,-5.26
10702.0,-5.11
10703.0,-5.3100000000000005
10704.0,-5.04
10705.0,-5.1
10706.0,-5.08
10707.0,-5.28
10708.0,-5.04
10709.0,-5.37
10710.0,-5.09
10711.0,-5.2
10712.0,-5.26
10713.0,-5.3
10714.0,-5.14
10715.0,-5.26
10716.0,-5.28
10717.0,-5.28
10718.0,-5.03
10719.0,-5.19
10720.0,-5.25
10721.0,-5.37
10722.0,-5.29
10723.0,-5.3100000000000005
10724.0,-5.37
10725.0,-5.03
10726.0,-5.04
10727.0,-5.04
10728.0,-5.58
10729.0,-5.42
10730.0,-5.38
10731.0,-5.04
10732.0,-5.2
10733.0,-5.59
10734.0,-5.17
10735.0,-5.470000000000001
10736.0,-5.03
10737.0,-5.32
10738.0,-5.2700000000000005
10739.0,-5.36
10740.0,-5.22
10741.0,-5.09
10742.0,-5.390000000000001
10743.0,-5.29
10744.0,-5.01
10745.0,-5.04
10746.0,-5.23
10747.0,-5.41
10748.0,-5.32
10749.0,-5.44
10750.0,-5.04
10751.0,-5.08
10752.0,-5.15
10753.0,-5.53
10754.0,-5.3
10755.0,-5.01
10756.0,-5.32
10757.0,-5.1
10758.0,-5.04
10759.0,-5.2
10760.0,-5.05
10761.0,-5.17
10762.0,-5.3
10763.0,-5.25
10764.0,-5.04
10765.0,-5.430000000000001
10766.0,-5.37
10767.0,-5.44
10768.0,-5.46
10769.0,-5.2
10770.0,-5.05
10771.0,-5.24
10772.0,-5.02
10773.0,-5.01
10774.0,-5.14
10775.0,-5.17
10776.0,-5.2700000000000005
10777.0,-5.25
10778.0,-5.34
10779.0,-5.2700000000000005
10780.0,-5.02
10781.0,-5.02
10782.0,-5.1
10783.0,-5.06
10784.0,-5.3
10785.0,4.1
10786.0,-5.38
10787.0,-5.04
10788.0,-5.15
10789.0,-5.04
10790.0,-5.2
10791.0,-5.94
10792.0,-5.18
10793.0,-5.16
10794.0,-5.03
10795.0,-5.17
10796.0,-5.06
10797.0,-5.3100000000000005
10798.0,-5.05
10799.0,-5.16
10800.0,-5.04
10801.0,-5.630000000000001
10802.0,-5.02
10803.0,-5.04
10804.0,-5.23
10805.0,-5.17
10806.0,-5.02
10807.0,-5.2700000000000005
10808.0,-5.18
10809.0,-5.98
10810.0,-5.48
10811.0,-5.3500000000000005
10812.0,-5.05
10813.0,-5.01
10814.0,-5.01
10815.0,-5.3500000000000005
10816.0,-5.17
10817.0,-5.05
10818.0,-5.38
10819.0,-5.03
10820.0,-5.07
10821.0,-5.83
10822.0,-5.22
10823.0,-5.24
10824.0,-5.06
10825.0,-5.21
10826.0,-5.22
10827.0,-5.03
10828.0,-5.78
10829.0,-5.03
10830.0,-5.470000000000001
10831.0,-5.18
10832.0,-5.24
10833.0,-5.83
10834.0,-5.36
10835.0,-5.3
10836.0,-5.02
10837.0,-5.3
10838.0,-5.22
10839.0,-5.53
10840.0,-5.3
10841.0,-5.54
10842.0,-5.3500000000000005
10843.0,-5.06
10844.0,-5.04
10845.0,-5.5600000000000005
10846.0,-5.06
10847.0,-5.02
10848.0,-5.34
10849.0,-5.4
10850.0,-5.5200000000000005
10851.0,-5.21
10852.0,-5.62
10853.0,-5.790000000000001
10854.0,-5.29
10855.0,-5.04
10856.0,-5.2700000000000005
10857.0,-5.18
10858.0,-5.45
10859.0,-5.640000000000001
10860.0,-5.08
10861.0,-5.12
10862.0,-5.23
10863.0,-5.54
10864.0,-5.02
10865.0,-5.6000000000000005
10866.0,-5.37
10867.0,-5.8500000000000005
10868.0,-5.78
10869.0,-5.14
10870.0,-5.26
10871.0,-5.17
10872.0,-5.26
10873.0,-5.05
10874.0,-5.02
10875.0,-5.3
10876.0,-5.33
10877.0,-5.22
10878.0,-5.390000000000001
10879.0,-5.34
10880.0,-5.01
10881.0,-5.16
10882.0,-1.0000000000000007
10883.0,-5.36
10884.0,-5.390000000000001
10885.0,-5.640000000000001
10886.0,-5.62
10887.0,-5.28
10888.0,-5.15
10889.0,-5.11
10890.0,-5.04
10891.0,-5.7
10892.0,-5.3100000000000005
10893.0,-5.42
10894.0,-5.790000000000001
10895.0,4.359999999999999
10896.0,-5.08
10897.0,-5.08
10898.0,-5.03
10899.0,-5.430000000000001
10900.0,-5.57
10901.0,-5.1
10902.0,-5.02
10903.0,-5.33
10904.0,-5.19
10905.0,-5.36
10906.0,-5.04
10907.0,-5.7
10908.0,-5.23
10909.0,-5.3100000000000005
10910.0,-5.22
10911.0,-5.25
10912.0,-5.02
10913.0,-5.08
10914.0,-5.48
10915.0,-5.04
10916.0,-5.1
10917.0,-5.23
10918.0,-5.08
10919.0,-5.790000000000001
10920.0,-5.37
10921.0,-5.23
10922.0,-5.09
10923.0,-5.26
10924.0,-5.32
10925.0,-5.34
10926.0,-5.48
10927.0,-5.61
10928.0,-5.05
10929.0,-5.26
10930.0,-5.15
10931.0,-5.4
10932.0,-5.02
10933.0,-5.07
10934.0,-5.04
10935.0,-5.45
10936.0,-5.2
10937.0,-5.26
10938.0,-5.08
10939.0,-5.06
10940.0,-5.03
10941.0,-5.82
10942.0,-5.05
10943.0,-5.29
10944.0,-5.05
10945.0,-5.02
10946.0,-5.29
10947.0,-5.51
10948.0,-5.33
10949.0,-5.26
10950.0,-5.01
10951.0,-5.1
10952.0,-5.04
10953.0,-1.0000000000000007
10954.0,-5.24
10955.0,-5.01
10956.0,-5.05
10957.0,-5.24
10958.0,-5.26
10959.0,-5.61
10960.0,-5.870000000000001
10961.0,-5.09
10962.0,-5.45
10963.0,-5.48
10964.0,-5.01
10965.0,-5.54
10966.0,-5.51
10967.0,4.109999999999999
10968.0,-5.07
10969.0,-5.5200000000000005
10970.0,-5.33
10971.0,-5.02
10972.0,-5.19
10973.0,-5.25
10974.0,-5.57
10975.0,-5.02
10976.0,-5.04
10977.0,-5.4
10978.0,-5.430000000000001
10979.0,-5.2700000000000005
10980.0,-5.02
10981.0,-5.02
10982.0,4.209999999999999
10983.0,-5.61
10984.0,-5.18
10985.0,-5.15
10986.0,-5.16
10987.0,-5.04
10988.0,-5.02
10989.0,-5.07
10990.0,4.18
10991.0,-5.37
10992.0,-5.04
10993.0,-5.62
10994.0,-5.7700000000000005
10995.0,-5.08
10996.0,-5.04
10997.0,-5.3100000000000005
10998.0,-5.5200000000000005
10999.0,-5.06
11000.0,-5.4
11001.0,-5.02
11002.0,-5.25
11003.0,-5.07
11004.0,-5.1
11005.0,-5.550000000000001
11006.0,-5.04
11007.0,-5.24
11008.0,-5.4
11009.0,-5.3500000000000005
11010.0,-5.550000000000001
11011.0,-5.33
11012.0,-5.920000000000001
11013.0,-5.2700000000000005
11014.0,-5.640000000000001
11015.0,-5.06
11016.0,-5.04
11017.0,-5.05
11018.0,-5.08
11019.0,-5.01
11020.0,-5.36
11021.0,-5.38
11022.0,-5.28
11023.0,-5.05
11024.0,-5.03
11025.0,-5.51
11026.0,-5.38
11027.0,-5.12
11028.0,-5.08
11029.0,-5.24
11030.0,-5.51
11031.0,-5.05
11032.0,-5.04
11033.0,-5.03
11034.0,-5.430000000000001
11035.0,-5.41
11036.0,-5.62
11037.0,-5.5
11038.0,-5.23
11039.0,-5.680000000000001
11040.0,-5.22
11041.0,-5.04
11042.0,-5.470000000000001
11043.0,-5.4
11044.0,-5.18
11045.0,4.049999999999999
11046.0,-5.66
11047.0,-5.36
11048.0,-5.33
11049.0,-5.03
11050.0,-5.2700000000000005
11051.0,-5.09
11052.0,-5.25
11053.0,-5.48
11054.0,-5.790000000000001
11055.0,-5.03
11056.0,-5.19
11057.0,-5.11
11058.0,-5.3
11059.0,-5.36
11060.0,-5.2700000000000005
11061.0,-5.25
11062.0,-5.8100000000000005
11063.0,-5.02
11064.0,-5.13
11065.0,-5.2700000000000005
11066.0,-5.07
11067.0,-5.42
11068.0,-5.06
11069.0,-5.34
11070.0,-5.550000000000001
11071.0,-5.06
11072.0,-5.41
11073.0,-5.16
11074.0,4.02
11075.0,-5.12
11076.0,-5.01
11077.0,-5.42
11078.0,-5.48
11079.0,-5.710000000000001
11080.0,-5.34
11081.0,-5.49
11082.0,-5.2
11083.0,-5.13
11084.0,-5.01
11085.0,-5.29
11086.0,-5.38
11087.0,-5.04
11088.0,-5.05
11089.0,-5.09
11090.0,-5.06
11091.0,-5.3100000000000005
11092.0,-5.34
11093.0,-5.3500000000000005
11094.0,-5.38
11095.0,-5.25
11096.0,-5.45
11097.0,-5.04
11098.0,-5.46
11099.0,-5.02
11100.0,-5.05
11101.0,-5.03
11102.0,-5.69
11103.0,-5.04
11104.0,4.25
11105.0,-5.720000000000001
11106.0,-5.02
11107.0,-5.04
11108.0,-5.33
11109.0,-5.02
11110.0,-5.44
11111.0,-5.26
11112.0,-5.18
11113.0,-5.38
11114.0,-5.08
11115.0,-5.3500000000000005
11116.0,-5.41
11117.0,-5.01
11118.0,-5.54
11119.0,4.34
11120.0,-5.36
11121.0,-5.04
11122.0,-5.08
11123.0,-5.04
11124.0,-5.760000000000001
11125.0,-5.28
11126.0,-1.0000000000000007
11127.0,-5.07
11128.0,-5.01
11129.0,-5.04
11130.0,-5.09
11131.0,-5.3100000000000005
11132.0,-5.2700000000000005
11133.0,-5.05
11134.0,-5.15
11135.0,-5.44
11136.0,-5.33
11137.0,-5.25
11138.0,-5.19
11139.0,-5.03
11140.0,-5.58
11141.0,-5.04
11142.0,-5.390000000000001
11143.0,-5.17
11144.0,-5.21
11145.0,-5.2700000000000005
11146.0,-5.26
11147.0,-5.22
11148.0,-5.04
11149.0,-5.01
11150.0,-5.02
11151.0,-5.01
11152.0,-5.26
11153.0,-5.550000000000001
11154.0,-5.710000000000001
11155.0,-5.38
11156.0,-5.01
11157.0,-5.02
11158.0,-5.14
11159.0,-5.36
11160.0,-5.02
11161.0,-5.48
11162.0,-5.800000000000001
11163.0,-5.06
11164.0,-5.08
11165.0,4.319999999999999
11166.0,-5.12
11167.0,-5.37
11168.0,-5.01
11169.0,-5.61
11170.0,-5.12
11171.0,-5.09
11172.0,-5.2700000000000005
11173.0,-5.28
11174.0,-5.05
11175.0,-5.430000000000001
11176.0,-5.14
11177.0,-5.24
11178.0,-5.22
11179.0,-5.75
11180.0,-5.760000000000001
11181.0,-5.24
11182.0,-5.07
11183.0,-5.57
11184.0,-5.12
11185.0,-5.4
11186.0,-5.630000000000001
11187.0,-5.08
11188.0,-5.8100000000000005
11189.0,-5.51
11190.0,-5.48
11191.0,-5.69
11192.0,-5.1
11193.0,-5.02
11194.0,-5.41
11195.0,-5.17
11196.0,-5.5200000000000005
11197.0,-5.390000000000001
11198.0,-5.48
11199.0,-5.02
11200.0,-5.25
11201.0,-5.3500000000000005
11202.0,-5.5
11203.0,-5.14
11204.0,-5.02
11205.0,-5.01
11206.0,4.39
11207.0,-5.18
11208.0,-5.08
11209.0,-5.2
11210.0,-5.03
11211.0,-5.46
11212.0,-5.46
11213.0,-5.5
11214.0,-5.61
11215.0,-5.74
11216.0,-5.25
11217.0,-5.5
11218.0,-5.18
11219.0,-5.22
11220.0,-5.45
11221.0,-5.53
11222.0,-5.06
11223.0,-1.0000000000000007
11224.0,-5.29
11225.0,-5.04
11226.0,-5.720000000000001
11227.0,-5.09
11228.0,-5.840000000000001
11229.0,-5.08
11230.0,-5.38
11231.0,-5.3500000000000005
11232.0,-5.03
11233.0,-5.32
11234.0,-5.34
11235.0,-5.14
11236.0,-5.19
11237.0,-5.66
11238.0,-5.21
11239.0,-5.66
11240.0,-5.11
11241.0,-5.48
11242.0,-5.02
11243.0,-5.470000000000001
11244.0,-5.08
11245.0,-5.26
11246.0,-5.67
11247.0,4.319999999999999
11248.0,-5.22
11249.0,-5.720000000000001
11250.0,-5.3
11251.0,-5.4
11252.0,-5.02
11253.0,-5.5
11254.0,-5.11
11255.0,-5.14
11256.0,-5.06
11257.0,-5.37
11258.0,-5.03
11259.0,-5.7700000000000005
11260.0,-5.74
11261.0,-5.01
11262.0,-5.1
11263.0,-5.02
11264.0,-1.0000000000000007
11265.0,-5.04
11266.0,-5.02
11267.0,-5.5
11268.0,-1.0000000000000007
11269.0,-5.01
11270.0,-5.33
11271.0,-5.61
11272.0,-5.24
11273.0,-5.41
11274.0,-5.05
11275.0,-5.03
11276.0,-5.06
11277.0,-5.03
11278.0,-5.34
11279.0,-5.38
11280.0,-5.41
11281.0,-5.03
11282.0,-5.1
11283.0,-5.86
11284.0,-5.28
11285.0,-5.14
11286.0,-5.01
11287.0,-5.38
11288.0,-5.02
11289.0,-5.57
11290.0,-5.09
11291.0,-5.48
11292.0,-5.54
11293.0,-5.09
11294.0,-5.82
11295.0,4.41
11296.0,-5.04
11297.0,-5.05
11298.0,-5.24
11299.0,-5.930000000000001
11300.0,-5.54
11301.0,-5.24
11302.0,-5.870000000000001
11303.0,-5.2700000000000005
11304.0,-5.02
11305.0,-5.08
11306.0,-5.630000000000001
11307.0,-5.01
11308.0,-5.13
11309.0,-5.75
11310.0,-5.390000000000001
11311.0,-5.53
11312.0,-5.09
11313.0,-5.07
11314.0,-5.16
11315.0,-5.01
11316.0,-5.01
11317.0,-5.05
11318.0,-5.470000000000001
11319.0,-5.57
11320.0,-5.74
11321.0,-5.640000000000001
11322.0,-5.48
11323.0,-5.05
11324.0,-1.0000000000000007
11325.0,-5.58
11326.0,-5.58
11327.0,4.1899999999999995
11328.0,-5.02
11329.0,-5.01
11330.0,-5.83
11331.0,-5.5
11332.0,4.18
11333.0,-5.02
11334.0,-5.36
11335.0,-5.03
11336.0,4.2299999999999995
11337.0,-5.26
11338.0,-1.0000000000000007
11339.0,-5.02
11340.0,-5.53
11341.0,-5.4
11342.0,-5.07
11343.0,-5.03
11344.0,-5.44
11345.0,-5.04
11346.0,-5.75
11347.0,-5.01
11348.0,-5.08
11349.0,-5.4
11350.0,-1.0000000000000007
11351.0,-5.01
11352.0,-5.33
11353.0,-5.49
11354.0,-5.5200000000000005
11355.0,-5.08
11356.0,-5.75
11357.0,-5.4
11358.0,-5.37
11359.0,-5.1
11360.0,-5.01
11361.0,-5.06
11362.0,-5.06
11363.0,-5.01
11364.0,-5.5600000000000005
11365.0,-5.33
11366.0,-5.46
11367.0,-5.2700000000000005
11368.0,4.289999999999999
11369.0,-5.01
11370.0,-5.03
11371.0,-5.06
11372.0,-5.550000000000001
11373.0,-5.49
11374.0,-5.24
11375.0,-5.01
11376.0,-5.33
11377.0,-5.32
11378.0,-5.28
11379.0,-5.44
11380.0,-5.24
11381.0,-5.07
11382.0,-5.38
11383.0,-5.5200000000000005
11384.0,-5.22
11385.0,-5.04
11386.0,4.239999999999999
11387.0,-5.75
11388.0,-5.32
11389.0,-5.29
11390.0,-5.2
11391.0,-5.34
11392.0,-5.21
11393.0,-5.29
11394.0,-5.05
11395.0,-5.3
11396.0,-5.24
11397.0,-5.5
11398.0,-5.45
11399.0,-5.390000000000001
11400.0,-5.6000000000000005
11401.0,-5.59
11402.0,-5.09
11403.0,-5.28
11404.0,-5.550000000000001
11405.0,-5.62
11406.0,-5.01
11407.0,4.109999999999999
11408.0,-5.59
11409.0,-5.13
11410.0,-5.2
11411.0,-5.14
11412.0,-5.470000000000001
11413.0,-5.05
11414.0,-5.19
11415.0,-5.06
11416.0,-5.02
11417.0,-5.67
11418.0,-5.13
11419.0,-5.11
11420.0,-5.66
11421.0,-5.4
11422.0,-1.0000000000000007
11423.0,-5.51
11424.0,-5.960000000000001
11425.0,-5.46
11426.0,-5.06
11427.0,-5.02
11428.0,-5.6000000000000005
11429.0,-5.02
11430.0,-5.5600000000000005
11431.0,-5.65
11432.0,-5.02
11433.0,-5.25
11434.0,-5.48
11435.0,-5.23
11436.0,-1.0000000000000007
11437.0,4.199999999999999
11438.0,-5.53
11439.0,-5.680000000000001
11440.0,-5.14
11441.0,-5.390000000000001
11442.0,-5.74
11443.0,-5.54
11444.0,-5.38
11445.0,-5.07
11446.0,-5.25
11447.0,-5.840000000000001
11448.0,-5.06
11449.0,-5.66
11450.0,-5.54
11451.0,-5.430000000000001
11452.0,-5.67
11453.0,4.1899999999999995
11454.0,-1.0000000000000007
11455.0,-5.46
11456.0,-5.3500000000000005
11457.0,-5.65
11458.0,-5.28
11459.0,-5.65
11460.0,-5.67
11461.0,-5.33
11462.0,-5.67
11463.0,-5.46
11464.0,-5.32
11465.0,-5.02
11466.0,-5.69
11467.0,-5.12
11468.0,-5.49
11469.0,-5.02
11470.0,-5.74
11471.0,-5.62
11472.0,-5.18
11473.0,-5.2
11474.0,-5.790000000000001
11475.0,-5.02
11476.0,-5.630000000000001
11477.0,-5.02
11478.0,-5.7700000000000005
11479.0,-5.7
11480.0,-5.36
11481.0,-5.09
11482.0,-5.430000000000001
11483.0,-5.32
11484.0,-5.26
11485.0,-5.46
11486.0,-5.3
11487.0,-5.54
11488.0,-5.49
11489.0,4.159999999999999
11490.0,-5.08
11491.0,-1.0000000000000007
11492.0,-5.42
11493.0,-5.48
11494.0,-5.02
11495.0,-5.46
11496.0,-5.16
11497.0,-5.46
11498.0,4.4799999999999995
11499.0,-5.800000000000001
11500.0,-5.06
11501.0,-5.34
11502.0,-5.02
11503.0,-1.0000000000000007
11504.0,-5.18
11505.0,-5.06
11506.0,-5.06
11507.0,-5.06
11508.0,-5.04
11509.0,-5.5600000000000005
11510.0,-5.06
11511.0,-5.470000000000001
11512.0,-5.09
11513.0,-5.06
11514.0,-5.22
11515.0,-5.02
11516.0,-5.69
11517.0,-5.5
11518.0,-5.06
11519.0,-5.38
11520.0,-5.04
11521.0,-5.48
11522.0,-5.09
11523.0,-5.17
11524.0,-5.49
11525.0,-5.720000000000001
11526.0,-5.14
11527.0,-5.18
11528.0,-5.6000000000000005
11529.0,4.359999999999999
11530.0,-5.21
11531.0,-5.02
11532.0,-5.430000000000001
11533.0,-5.5600000000000005
11534.0,-5.05
11535.0,4.31
11536.0,-5.26
11537.0,-5.02
11538.0,-5.48
11539.0,-5.29
11540.0,-5.59
11541.0,-5.05
11542.0,-5.24
11543.0,-5.38
11544.0,-5.69
11545.0,-5.24
11546.0,4.31
11547.0,-5.04
11548.0,-5.45
11549.0,-5.23
11550.0,-5.17
11551.0,-5.4
11552.0,-5.04
11553.0,-5.37
11554.0,-5.1
11555.0,-5.75
11556.0,-5.22
11557.0,-5.640000000000001
11558.0,-5.09
11559.0,-5.46
11560.0,-5.07
11561.0,-5.390000000000001
11562.0,-5.06
11563.0,-5.53
11564.0,-5.01
11565.0,-5.02
11566.0,-5.06
11567.0,-5.2
11568.0,-5.03
11569.0,-5.640000000000001
11570.0,-5.4
11571.0,-5.34
11572.0,-5.680000000000001
11573.0,4.17
11574.0,-5.01
11575.0,-5.01
11576.0,-5.25
11577.0,-5.5600000000000005
11578.0,-5.05
11579.0,-5.01
11580.0,-5.49
11581.0,-5.03
11582.0,-5.32
11583.0,-5.06
11584.0,-5.01
11585.0,-5.62
11586.0,-5.07
11587.0,-5.66
11588.0,4.199999999999999
11589.0,-5.14
11590.0,-5.61
11591.0,-5.800000000000001
11592.0,4.26
11593.0,4.02
11594.0,-5.02
11595.0,-5.22
11596.0,-5.02
11597.0,-5.5200000000000005
11598.0,-5.15
11599.0,-5.03
11600.0,4.33
11601.0,-5.51
11602.0,-5.01
11603.0,-5.48
11604.0,-5.3100000000000005
11605.0,-5.5
11606.0,-5.02
11607.0,-5.06
11608.0,-5.02
11609.0,-5.02
11610.0,-5.49
11611.0,-5.640000000000001
11612.0,-5.01
11613.0,-5.58
11614.0,-5.04
11615.0,-5.09
11616.0,4.43
11617.0,-5.45
11618.0,4.109999999999999
11619.0,-5.550000000000001
11620.0,-5.04
11621.0,-5.02
11622.0,-5.57
11623.0,-5.2
11624.0,-5.04
11625.0,-5.08
11626.0,-5.24
11627.0,-5.46
11628.0,-5.14
11629.0,-5.04
11630.0,-5.06
11631.0,-5.24
11632.0,-5.36
11633.0,-5.05
11634.0,-5.25
11635.0,-5.01
11636.0,-5.58
11637.0,-5.5600000000000005
11638.0,4.35
11639.0,-5.23
11640.0,-5.02
11641.0,-5.45
11642.0,-5.13
11643.0,4.33
11644.0,-5.26
11645.0,-5.02
11646.0,4.1499999999999995
11647.0,-5.06
11648.0,-5.26
11649.0,-5.42
11650.0,-5.22
11651.0,-5.01
11652.0,-5.03
11653.0,-5.38
11654.0,-5.44
11655.0,-5.62
11656.0,-5.59
11657.0,-5.390000000000001
11658.0,-5.41
11659.0,-5.5
11660.0,-5.840000000000001
11661.0,-5.41
11662.0,-5.22
11663.0,-5.4
11664.0,-5.840000000000001
11665.0,4.369999999999999
11666.0,-5.28
11667.0,-5.09
11668.0,-5.2700000000000005
11669.0,-5.550000000000001
11670.0,4.22
11671.0,-5.57
11672.0,-5.3500000000000005
11673.0,-5.42
11674.0,-5.57
11675.0,4.199999999999999
11676.0,-5.54
11677.0,-5.06
11678.0,4.25
11679.0,-5.24
11680.0,-5.19
11681.0,4.1499999999999995
11682.0,-5.02
11683.0,-5.3500000000000005
11684.0,4.43
11685.0,-5.3100000000000005
11686.0,-5.06
11687.0,-5.08
11688.0,4.159999999999999
11689.0,-5.14
11690.0,4.049999999999999
11691.0,-5.3
11692.0,4.3999999999999995
11693.0,-5.11
11694.0,-5.760000000000001
11695.0,4.369999999999999
11696.0,-1.0000000000000007
11697.0,-5.48
11698.0,-5.36
11699.0,-5.4
11700.0,4.049999999999999
11701.0,-5.01
11702.0,-5.22
11703.0,4.069999999999999
11704.0,-5.430000000000001
11705.0,-5.49
11706.0,-5.790000000000001
11707.0,-5.38
11708.0,-5.38
11709.0,-5.02
11710.0,-5.34
11711.0,-5.11
11712.0,-5.5
11713.0,-5.29
11714.0,-5.49
11715.0,-5.21
11716.0,-5.5600000000000005
11717.0,-5.36
11718.0,-5.1
11719.0,-5.37
11720.0,-5.4
11721.0,-5.430000000000001
11722.0,-5.02
11723.0,-5.51
11724.0,-5.37
11725.0,-5.25
11726.0,-5.65
11727.0,-5.59
11728.0,-5.390000000000001
11729.0,-5.53
11730.0,-5.08
11731.0,-5.04
11732.0,-1.0000000000000007
11733.0,4.18
11734.0,-5.02
11735.0,-5.05
11736.0,-5.3
11737.0,-5.49
11738.0,-5.03
11739.0,4.279999999999999
11740.0,-5.04
11741.0,-5.29
11742.0,-5.08
11743.0,-5.26
11744.0,-5.550000000000001
11745.0,-5.49
11746.0,-5.08
11747.0,-5.5600000000000005
11748.0,-5.2
11749.0,-5.04
11750.0,-5.49
11751.0,-5.16
11752.0,-5.09
11753.0,-5.32
11754.0,-5.28
11755.0,-5.07
11756.0,-5.01
11757.0,-5.01
11758.0,-5.04
11759.0,-5.57
11760.0,4.34
11761.0,-5.51
11762.0,4.209999999999999
11763.0,-5.46
11764.0,-5.54
11765.0,-5.760000000000001
11766.0,-5.01
11767.0,-5.02
11768.0,-5.01
11769.0,4.449999999999999
11770.0,-5.01
11771.0,-5.04
11772.0,-5.28
11773.0,-5.66
11774.0,-5.48
11775.0,-5.04
11776.0,-5.69
11777.0,-5.3
11778.0,-5.04
11779.0,-5.03
11780.0,-5.01
11781.0,-5.470000000000001
11782.0,-5.680000000000001
11783.0,-5.36
11784.0,-5.04
11785.0,-5.680000000000001
11786.0,-5.02
11787.0,-5.02
11788.0,-5.3100000000000005
11789.0,-5.46
11790.0,-5.36
11791.0,4.289999999999999
11792.0,-1.0000000000000007
11793.0,-5.02
11794.0,-5.66
11795.0,-5.03
11796.0,-5.32
11797.0,4.09
11798.0,-5.03
11799.0,-5.01
11800.0,-5.46
11801.0,-5.01
11802.0,-5.51
11803.0,-5.2700000000000005
11804.0,-5.62
11805.0,-5.03
11806.0,-5.58
11807.0,-5.4
11808.0,-5.67
11809.0,-5.07
11810.0,-5.19
11811.0,-5.49
11812.0,-5.03
11813.0,4.31
11814.0,4.43
11815.0,-5.03
11816.0,-5.06
11817.0,-5.680000000000001
11818.0,-5.4
11819.0,-5.640000000000001
11820.0,-5.49
11821.0,-5.02
11822.0,-5.48
11823.0,-5.51
11824.0,-5.42
11825.0,-5.03
11826.0,-5.02
11827.0,-5.54
11828.0,-5.2
11829.0,-5.12
11830.0,-5.470000000000001
11831.0,-5.04
11832.0,-5.57
11833.0,-5.04
11834.0,-5.09
11835.0,-5.07
11836.0,-5.58
11837.0,-5.54
11838.0,-5.05
11839.0,-5.08
11840.0,-5.06
11841.0,-5.48
11842.0,-5.01
11843.0,-5.26
11844.0,-5.680000000000001
11845.0,-5.59
11846.0,-5.5600000000000005
11847.0,-5.21
11848.0,-5.03
11849.0,-5.04
11850.0,4.41
11851.0,-5.06
11852.0,4.46
11853.0,4.17
11854.0,-5.42
11855.0,-5.390000000000001
11856.0,-5.680000000000001
11857.0,-5.430000000000001
11858.0,-5.02
11859.0,-5.46
11860.0,-5.36
11861.0,-5.49
11862.0,-1.0000000000000007
11863.0,-5.62
11864.0,-5.470000000000001
11865.0,-5.09
11866.0,-5.8100000000000005
11867.0,-5.29
11868.0,4.239999999999999
11869.0,4.359999999999999
11870.0,-5.05
11871.0,-5.37
11872.0,-5.29
11873.0,-5.04
11874.0,-5.01
11875.0,-5.01
11876.0,-5.06
11877.0,-5.02
11878.0,-5.04
11879.0,-5.5
11880.0,-5.04
11881.0,-5.06
11882.0,-5.03
11883.0,4.43
11884.0,-5.04
11885.0,-5.1
11886.0,-5.710000000000001
11887.0,-5.75
11888.0,-5.04
11889.0,-5.2700000000000005
11890.0,4.46
11891.0,-5.01
11892.0,-5.5
11893.0,-5.07
11894.0,-5.38
11895.0,-5.75
11896.0,-5.38
11897.0,-5.67
11898.0,4.319999999999999
11899.0,-5.62
11900.0,-5.02
11901.0,-5.51
11902.0,-5.4
11903.0,-5.05
11904.0,-5.01
11905.0,4.39
11906.0,-5.01
11907.0,-5.01
11908.0,-5.01
11909.0,-5.02
11910.0,-1.0000000000000007
11911.0,-5.41
11912.0,-5.6000000000000005
11913.0,-5.58
11914.0,-5.99
11915.0,4.359999999999999
11916.0,-5.1
11917.0,-5.33
11918.0,-5.34
11919.0,-5.03
11920.0,-5.05
11921.0,-5.38
11922.0,-5.5600000000000005
11923.0,-5.91
11924.0,-5.19
11925.0,-5.02
11926.0,-5.02
11927.0,-5.02
11928.0,4.49
11929.0,4.159999999999999
11930.0,-5.19
11931.0,4.3999999999999995
11932.0,-5.5
11933.0,4.2299999999999995
11934.0,-5.29
11935.0,-5.45
11936.0,-5.8500000000000005
11937.0,-5.58
11938.0,-5.13
11939.0,4.069999999999999
11940.0,-5.53
11941.0,-5.41
11942.0,-5.04
11943.0,-5.78
11944.0,-5.07
11945.0,4.319999999999999
11946.0,-5.02
11947.0,-5.470000000000001
11948.0,-5.46
11949.0,-5.69
11950.0,-5.07
11951.0,-5.12
11952.0,-5.7700000000000005
11953.0,-5.04
11954.0,-5.04
11955.0,-5.41
11956.0,-5.01
11957.0,-5.17
11958.0,-5.550000000000001
11959.0,-5.3
11960.0,-5.710000000000001
11961.0,4.1899999999999995
11962.0,-5.41
11963.0,-5.02
11964.0,-5.36
11965.0,-5.05
11966.0,-5.6000000000000005
11967.0,-5.37
11968.0,-5.09
11969.0,-5.24
11970.0,-5.5200000000000005
11971.0,-5.44
11972.0,-5.01
11973.0,-5.44
11974.0,-5.33
11975.0,-5.58
11976.0,-5.42
11977.0,-5.390000000000001
11978.0,-5.04
11979.0,-5.29
11980.0,-5.03
11981.0,-5.12
11982.0,-5.14
11983.0,-5.550000000000001
11984.0,-5.2
11985.0,-5.2700000000000005
11986.0,-5.28
11987.0,-5.3100000000000005
11988.0,-5.800000000000001
11989.0,-5.02
11990.0,-5.01
11991.0,-5.46
11992.0,4.069999999999999
11993.0,-5.18
11994.0,-5.74
11995.0,-5.01
11996.0,-5.42
11997.0,-5.640000000000001
11998.0,-5.28
11999.0,-5.04
12000.0,-5.36
12001.0,-5.5
12002.0,-5.01
12003.0,-5.19
12004.0,-5.17
12005.0,-5.36
12006.0,-5.42
12007.0,-5.02
12008.0,-5.01
12009.0,-5.36
12010.0,-5.02
12011.0,-5.51
12012.0,-5.34
12013.0,-5.2
12014.0,-5.02
12015.0,-5.22
12016.0,-5.470000000000001
12017.0,-5.640000000000001
12018.0,-5.08
12019.0,-5.04
12020.0,-5.28
12021.0,-5.550000000000001
12022.0,-5.04
12023.0,-5.32
12024.0,-5.840000000000001
12025.0,-5.11
12026.0,-5.02
12027.0,-5.26
12028.0,-5.42
12029.0,-5.2
12030.0,-5.11
12031.0,-5.01
12032.0,-5.23
12033.0,-5.7
12034.0,-5.02
12035.0,-5.62
12036.0,-5.01
12037.0,-5.08
12038.0,-5.06
12039.0,-5.25
12040.0,-5.78
12041.0,-5.22
12042.0,-5.44
12043.0,-5.32
12044.0,-5.01
12045.0,-5.16
12046.0,-5.14
12047.0,4.43
12048.0,-5.32
12049.0,-5.02
12050.0,-5.02
12051.0,-5.37
12052.0,-5.4
12053.0,-5.65
12054.0,-5.800000000000001
12055.0,-5.14
12056.0,-5.430000000000001
12057.0,-5.1
12058.0,-5.11
12059.0,-5.02
12060.0,-5.720000000000001
12061.0,-5.48
12062.0,-5.04
12063.0,-5.65
12064.0,-5.4
12065.0,-5.26
12066.0,-5.01
12067.0,-5.22
12068.0,-5.3500000000000005
12069.0,-5.08
12070.0,-5.18
12071.0,-5.3
12072.0,-5.03
12073.0,-5.09
12074.0,-5.02
12075.0,-5.04
12076.0,-5.02
12077.0,-5.16
12078.0,-5.3
12079.0,-5.02
12080.0,-5.03
12081.0,-5.3100000000000005
12082.0,-5.21
12083.0,-5.01
12084.0,-5.04
12085.0,-5.05
12086.0,-5.49
12087.0,-5.38
12088.0,-5.12
12089.0,-5.01
12090.0,-5.02
12091.0,-5.2700000000000005
12092.0,-5.48
12093.0,-5.41
12094.0,-5.5
12095.0,-5.48
12096.0,-5.3
12097.0,-5.01
12098.0,-5.04
12099.0,-5.02
12100.0,-5.04
12101.0,-5.470000000000001
12102.0,-5.02
12103.0,-5.16
12104.0,-5.45
12105.0,-5.07
12106.0,-5.4
12107.0,-5.01
12108.0,-5.02
12109.0,-5.18
12110.0,-5.01
12111.0,-5.06
12112.0,-5.02
12113.0,-5.36
12114.0,-5.24
12115.0,-5.33
12116.0,-5.21
12117.0,-5.01
12118.0,-5.03
12119.0,-5.02
12120.0,-5.44
12121.0,-5.01
12122.0,-5.08
12123.0,-5.08
12124.0,-5.59
12125.0,-5.37
12126.0,-5.01
12127.0,-5.17
12128.0,-5.36
12129.0,-5.57
12130.0,-5.04
12131.0,-5.03
12132.0,-5.19
12133.0,-5.37
12134.0,-5.430000000000001
12135.0,-5.03
12136.0,-5.01
12137.0,-5.36
12138.0,-5.06
12139.0,-5.12
12140.0,-5.34
12141.0,-5.82
12142.0,-5.01
12143.0,-5.46
12144.0,-5.02
12145.0,-5.41
12146.0,4.26
12147.0,-5.08
12148.0,-5.02
12149.0,-5.3500000000000005
12150.0,-5.430000000000001
12151.0,4.199999999999999
12152.0,-5.3
12153.0,-5.19
12154.0,-5.2
12155.0,-5.66
12156.0,-5.12
12157.0,-5.01
12158.0,-5.5600000000000005
12159.0,-5.65
12160.0,-5.06
12161.0,-5.02
12162.0,-1.0000000000000007
12163.0,-5.49
12164.0,-5.34
12165.0,-5.01
12166.0,-5.44
12167.0,-5.26
12168.0,-5.07
12169.0,-5.54
12170.0,-5.38
12171.0,-5.44
12172.0,-5.3100000000000005
12173.0,-5.61
12174.0,-5.13
12175.0,-5.11
12176.0,-5.34
12177.0,-5.14
12178.0,-5.01
12179.0,4.569999999999999
12180.0,-5.550000000000001
12181.0,-5.02
12182.0,-5.01
12183.0,-5.45
12184.0,-5.02
12185.0,-5.02
12186.0,-5.05
12187.0,-5.53
12188.0,-5.05
12189.0,-5.06
12190.0,-5.24
12191.0,-5.29
12192.0,-5.18
12193.0,-5.26
12194.0,-5.680000000000001
12195.0,-5.51
12196.0,-5.470000000000001
12197.0,-5.83
12198.0,-5.02
12199.0,-5.01
12200.0,-5.5600000000000005
12201.0,-5.09
12202.0,-5.33
12203.0,-5.01
12204.0,-5.01
12205.0,-5.02
12206.0,-5.09
12207.0,-5.09
12208.0,-5.390000000000001
12209.0,-5.57
12210.0,-5.05
12211.0,-5.45
12212.0,-5.66
12213.0,-5.07
12214.0,-5.630000000000001
12215.0,-5.04
12216.0,-5.48
12217.0,-5.32
12218.0,-5.46
12219.0,-5.32
12220.0,-5.02
12221.0,-5.07
12222.0,-5.09
12223.0,-5.05
12224.0,-5.05
12225.0,-5.1
12226.0,-5.02
12227.0,-5.49
12228.0,-5.4
12229.0,-5.24
12230.0,-5.06
12231.0,-5.41
12232.0,-5.01
12233.0,-5.78
12234.0,-5.09
12235.0,4.39
12236.0,-5.04
12237.0,-5.4
12238.0,-5.2
12239.0,-5.24
12240.0,-5.34
12241.0,-5.02
12242.0,-5.3500000000000005
12243.0,-5.01
12244.0,-5.04
12245.0,4.209999999999999
12246.0,-5.69
12247.0,-5.05
12248.0,-5.65
12249.0,-5.06
12250.0,-5.36
12251.0,-5.05
12252.0,-5.36
12253.0,-5.02
12254.0,-5.430000000000001
12255.0,-5.02
12256.0,-5.390000000000001
12257.0,-5.02
12258.0,-5.390000000000001
12259.0,-5.07
12260.0,-5.04
12261.0,-5.34
12262.0,-5.33
12263.0,-5.430000000000001
12264.0,-5.03
12265.0,-5.01
12266.0,-5.51
12267.0,-5.06
12268.0,-5.01
12269.0,-5.4
12270.0,-5.01
12271.0,-5.720000000000001
12272.0,-5.46
12273.0,-5.53
12274.0,-5.86
12275.0,-5.03
12276.0,-5.550000000000001
12277.0,-5.930000000000001
12278.0,-5.4
12279.0,-5.01
12280.0,-5.03
12281.0,-5.08
12282.0,-5.14
12283.0,-5.03
12284.0,-5.6000000000000005
12285.0,-5.470000000000001
12286.0,-5.06
12287.0,-5.08
12288.0,-5.12
12289.0,-5.02
12290.0,-5.54
12291.0,-5.38
12292.0,-5.51
12293.0,-5.07
12294.0,-5.05
12295.0,-5.21
12296.0,-5.22
12297.0,-5.02
12298.0,-5.07
12299.0,-5.25
12300.0,-5.08
12301.0,-5.06
12302.0,-5.32
12303.0,-5.06
12304.0,-5.59
12305.0,-5.05
12306.0,-5.06
12307.0,-5.3500000000000005
12308.0,-5.08
12309.0,-5.5200000000000005
12310.0,-5.34
12311.0,-5.01
12312.0,-5.680000000000001
12313.0,-5.04
12314.0,-5.37
12315.0,-5.11
12316.0,-5.05
12317.0,-5.28
12318.0,-5.62
12319.0,-5.01
12320.0,-5.4
12321.0,-5.03
12322.0,-5.470000000000001
12323.0,-5.25
12324.0,-5.41
12325.0,-5.06
12326.0,-5.06
12327.0,-5.06
12328.0,-5.38
12329.0,-5.11
12330.0,-5.06
12331.0,-5.01
12332.0,-5.840000000000001
12333.0,-5.02
12334.0,-5.45
12335.0,4.3
12336.0,-5.01
12337.0,-5.3100000000000005
12338.0,-5.32
12339.0,-5.01
12340.0,-5.5200000000000005
12341.0,-5.02
12342.0,4.2299999999999995
12343.0,4.049999999999999
12344.0,-5.04
12345.0,-5.37
12346.0,4.43
12347.0,-5.03
12348.0,-5.1
12349.0,-5.1
12350.0,-5.04
12351.0,-5.24
12352.0,-5.08
12353.0,-5.25
12354.0,-5.45
12355.0,-5.3100000000000005
12356.0,-5.3500000000000005
12357.0,-5.59
12358.0,-5.28
12359.0,-5.06
12360.0,-5.11
12361.0,-5.37
12362.0,-5.37
12363.0,-5.07
12364.0,4.41
12365.0,-5.08
12366.0,-5.02
12367.0,-5.15
12368.0,-5.19
12369.0,-5.02
12370.0,-5.49
12371.0,-5.04
12372.0,-5.01
12373.0,-5.01
12374.0,-5.03
12375.0,-5.02
12376.0,-5.62
12377.0,-5.5600000000000005
12378.0,-5.33
12379.0,-5.24
12380.0,-5.01
12381.0,-5.44
12382.0,-5.38
12383.0,-5.49
12384.0,-5.05
12385.0,-5.4
12386.0,-5.48
12387.0,-5.02
12388.0,-5.08
12389.0,-5.3500000000000005
12390.0,-5.7
12391.0,-5.05
12392.0,-5.02
12393.0,-5.59
12394.0,-5.33
12395.0,-5.49
12396.0,-5.33
12397.0,-5.01
12398.0,-5.5200000000000005
12399.0,-5.06
12400.0,-5.57
12401.0,-5.4
12402.0,-5.32
12403.0,-5.06
12404.0,-5.01
12405.0,-5.46
12406.0,-5.44
12407.0,-5.04
12408.0,-5.11
12409.0,-5.01
12410.0,-5.25
12411.0,-5.36
12412.0,-5.34
12413.0,-5.51
12414.0,-5.430000000000001
12415.0,-5.18
12416.0,-5.48
12417.0,-5.05
12418.0,-5.05
12419.0,-5.53
12420.0,-5.08
12421.0,-5.41
12422.0,-5.04
12423.0,-5.14
12424.0,-5.06
12425.0,-5.54
12426.0,-5.29
12427.0,-5.04
12428.0,-5.21
12429.0,-5.430000000000001
12430.0,-5.11
12431.0,-5.01
12432.0,-5.38
12433.0,-5.01
12434.0,-5.33
12435.0,-5.01
12436.0,-5.45
12437.0,4.31
12438.0,-5.01
12439.0,-5.15
12440.0,-5.07
12441.0,-5.4
12442.0,-5.11
12443.0,-5.08
12444.0,-5.62
12445.0,-5.5
12446.0,-5.49
12447.0,-5.13
12448.0,-5.710000000000001
12449.0,-5.36
12450.0,-5.07
12451.0,4.41
12452.0,-5.42
12453.0,-5.48
12454.0,-5.02
12455.0,-5.01
12456.0,-5.02
12457.0,-5.22
12458.0,-5.41
12459.0,-5.19
12460.0,-5.04
12461.0,-5.38
12462.0,-5.28
12463.0,-5.07
12464.0,-5.5200000000000005
12465.0,-5.1
12466.0,-5.23
12467.0,-5.3
12468.0,-5.48
12469.0,-5.05
12470.0,-5.07
12471.0,-5.6000000000000005
12472.0,-5.02
12473.0,-5.12
12474.0,-5.03
12475.0,4.289999999999999
12476.0,-5.08
12477.0,-5.03
12478.0,-5.05
12479.0,-5.01
12480.0,-5.01
12481.0,-5.42
12482.0,-5.06
12483.0,-5.06
12484.0,-5.07
12485.0,-5.390000000000001
12486.0,-5.23
12487.0,-5.45
12488.0,-5.03
12489.0,-5.550000000000001
12490.0,-5.4
12491.0,-5.18
12492.0,-5.06
12493.0,-5.03
12494.0,-5.3500000000000005
12495.0,-5.62
12496.0,-5.03
12497.0,-5.3
12498.0,-5.06
12499.0,-5.01
12500.0,-5.06
12501.0,-5.01
12502.0,-5.5200000000000005
12503.0,-5.04
12504.0,-5.78
12505.0,-5.41
12506.0,-5.3500000000000005
12507.0,-5.12
12508.0,-5.1
12509.0,-5.5200000000000005
12510.0,-5.3
12511.0,-5.05
12512.0,-5.67
12513.0,-5.470000000000001
12514.0,-5.3
12515.0,-5.05
12516.0,-5.24
12517.0,-5.46
12518.0,-5.83
12519.0,-5.03
12520.0,-5.08
12521.0,-5.02
12522.0,-5.3
12523.0,-5.05
12524.0,-5.02
12525.0,-5.04
12526.0,-5.32
12527.0,-5.02
12528.0,4.41
12529.0,-5.01
12530.0,-5.01
12531.0,-5.02
12532.0,-5.02
12533.0,-5.06
12534.0,4.41
12535.0,-5.02
12536.0,-5.02
12537.0,-5.12
12538.0,-5.08
12539.0,-5.12
12540.0,-5.24
12541.0,4.359999999999999
12542.0,-5.07
12543.0,-5.04
12544.0,-5.02
12545.0,-5.41
12546.0,-5.25
12547.0,-5.41
12548.0,-5.5600000000000005
12549.0,-5.04
12550.0,-5.06
12551.0,-5.4
12552.0,-5.42
12553.0,-5.38
12554.0,-5.18
12555.0,-5.04
12556.0,-5.01
12557.0,-5.01
12558.0,-5.02
12559.0,-5.58
12560.0,-5.08
12561.0,-5.24
12562.0,-5.03
12563.0,-5.21
12564.0,-5.02
12565.0,-5.41
12566.0,-5.38
12567.0,-5.05
12568.0,-5.08
12569.0,-5.640000000000001
12570.0,-5.33
12571.0,-5.06
12572.0,-5.06
12573.0,4.289999999999999
12574.0,-5.42
12575.0,-5.2
12576.0,-5.4
12577.0,-5.710000000000001
12578.0,-5.36
12579.0,-5.02
12580.0,-5.01
12581.0,-5.01
12582.0,-5.29
12583.0,-5.57
12584.0,-5.01
12585.0,-5.38
12586.0,-5.25
12587.0,-5.5
12588.0,-5.07
12589.0,-5.02
12590.0,4.239999999999999
12591.0,-5.04
12592.0,-5.3
12593.0,-5.06
12594.0,-5.02
12595.0,-5.48
12596.0,-5.29
12597.0,-5.41
12598.0,-5.41
12599.0,-5.02
12600.0,-5.01
12601.0,-5.48
12602.0,-5.51
12603.0,-5.07
12604.0,-5.3100000000000005
12605.0,4.49
12606.0,-5.42
12607.0,-5.32
12608.0,-5.28
12609.0,-5.22
12610.0,-5.5200000000000005
12611.0,-5.26
12612.0,-5.14
12613.0,4.52
12614.0,-5.03
12615.0,-5.28
12616.0,-5.34
12617.0,-5.05
12618.0,-5.32
12619.0,-5.24
12620.0,-5.01
12621.0,-5.57
12622.0,-5.28
12623.0,-5.02
12624.0,-5.33
12625.0,-5.2700000000000005
12626.0,-5.57
12627.0,-5.02
12628.0,-5.04
12629.0,-5.09
12630.0,-5.36
12631.0,-5.54
12632.0,-5.430000000000001
12633.0,-5.49
12634.0,-5.51
12635.0,-5.680000000000001
12636.0,-5.5200000000000005
12637.0,-5.22
12638.0,-5.42
12639.0,-5.18
12640.0,4.1499999999999995
12641.0,-5.640000000000001
12642.0,-5.02
12643.0,-5.01
12644.0,-5.390000000000001
12645.0,-5.73
12646.0,-5.44
12647.0,-5.54
12648.0,-5.01
12649.0,-5.1
12650.0,-5.02
12651.0,-5.23
12652.0,-5.02
12653.0,-5.32
12654.0,-5.08
12655.0,-5.09
12656.0,-5.03
12657.0,-5.42
12658.0,-5.02
12659.0,-5.08
12660.0,-5.51
12661.0,-5.3
12662.0,-5.18
12663.0,-5.02
12664.0,-5.38
12665.0,-5.57
12666.0,-5.2700000000000005
12667.0,-5.02
12668.0,-5.02
12669.0,-5.02
12670.0,-5.28
12671.0,-5.06
12672.0,-5.03
12673.0,-5.03
12674.0,-5.62
12675.0,-5.38
12676.0,-5.02
12677.0,-5.5
12678.0,-5.5600000000000005
12679.0,-5.04
12680.0,-5.14
12681.0,-5.41
12682.0,-5.02
12683.0,-5.04
12684.0,-5.5200000000000005
12685.0,-5.33
12686.0,-5.07
12687.0,-5.08
12688.0,-5.03
12689.0,-5.36
12690.0,-5.02
12691.0,-5.04
12692.0,-5.06
12693.0,-5.04
12694.0,-5.06
12695.0,-1.0000000000000007
12696.0,-5.710000000000001
12697.0,-5.5200000000000005
12698.0,-5.12
12699.0,-5.2700000000000005
12700.0,-5.04
12701.0,4.18
12702.0,-5.5
12703.0,-5.02
12704.0,-5.08
12705.0,-5.5
12706.0,-5.05
12707.0,-5.34
12708.0,-5.03
12709.0,-5.32
12710.0,-5.38
12711.0,-5.3
12712.0,-5.53
12713.0,-5.3
12714.0,-5.02
12715.0,-5.45
12716.0,-5.02
12717.0,-5.1
12718.0,-5.61
12719.0,-5.42
12720.0,-5.390000000000001
12721.0,-5.3500000000000005
12722.0,-5.01
12723.0,-5.710000000000001
12724.0,-5.04
12725.0,-5.32
12726.0,-5.04
12727.0,-5.02
12728.0,-5.51
12729.0,-5.37
12730.0,-5.3500000000000005
12731.0,-5.04
12732.0,-5.36
12733.0,-5.470000000000001
12734.0,-5.05
12735.0,-5.5
12736.0,-5.54
12737.0,-5.12
12738.0,-5.02
12739.0,-5.34
12740.0,-5.16
12741.0,-5.08
12742.0,-5.2
12743.0,-5.48
12744.0,-5.640000000000001
12745.0,-5.4
12746.0,-5.16
12747.0,-5.01
12748.0,-5.29
12749.0,-5.5600000000000005
12750.0,-5.2
12751.0,-5.5600000000000005
12752.0,-5.3
12753.0,-5.06
12754.0,4.42
12755.0,-5.03
12756.0,-5.5200000000000005
12757.0,-5.3
12758.0,-5.32
12759.0,-5.11
12760.0,-5.3
12761.0,-5.54
12762.0,-5.02
12763.0,-5.02
12764.0,-5.12
12765.0,-5.24
12766.0,-5.09
12767.0,-5.14
12768.0,-5.45
12769.0,-5.04
12770.0,-5.03
12771.0,-5.34
12772.0,-5.44
12773.0,-5.22
12774.0,-5.51
12775.0,-5.04
12776.0,-5.48
12777.0,-5.46
12778.0,-5.3100000000000005
12779.0,-5.22
12780.0,-5.32
12781.0,-5.09
12782.0,-5.640000000000001
12783.0,-5.14
12784.0,-5.3500000000000005
12785.0,4.1899999999999995
12786.0,-5.09
12787.0,-5.37
12788.0,-5.3
12789.0,-5.430000000000001
12790.0,-5.33
12791.0,-5.29
12792.0,-5.74
12793.0,-5.53
12794.0,-5.49
12795.0,-5.02
12796.0,-5.06
12797.0,-5.48
12798.0,-5.99
12799.0,-5.08
12800.0,-5.08
12801.0,-5.32
12802.0,-5.870000000000001
12803.0,-5.26
12804.0,-5.06
12805.0,-5.53
12806.0,-5.470000000000001
12807.0,-5.59
12808.0,-5.08
12809.0,-5.06
12810.0,-5.59
12811.0,-5.02
12812.0,-5.5
12813.0,-5.3
12814.0,-5.06
12815.0,-5.17
12816.0,-5.390000000000001
12817.0,-5.02
12818.0,-5.12
12819.0,-5.05
12820.0,-5.2
12821.0,-5.03
12822.0,-5.53
12823.0,-5.05
12824.0,-5.37
12825.0,-5.04
12826.0,-5.08
12827.0,-5.24
12828.0,-5.05
12829.0,-5.03
12830.0,-5.22
12831.0,-5.28
12832.0,-5.25
12833.0,-5.17
12834.0,-5.03
12835.0,-5.42
12836.0,-5.2700000000000005
12837.0,-5.16
12838.0,-5.5
12839.0,-5.13
12840.0,-5.01
12841.0,-5.34
12842.0,-5.01
12843.0,-5.02
12844.0,-5.1
12845.0,-5.12
12846.0,-5.2
12847.0,-5.01
12848.0,-5.08
12849.0,-5.3500000000000005
12850.0,-5.04
12851.0,-5.09
12852.0,-5.53
12853.0,-5.04
12854.0,-5.02
12855.0,-5.03
12856.0,-5.5
12857.0,-5.2
12858.0,-5.26
12859.0,-5.15
12860.0,-5.5600000000000005
12861.0,-5.06
12862.0,-5.06
12863.0,-5.09
12864.0,-5.01
12865.0,-5.42
12866.0,-5.3100000000000005
12867.0,-5.04
12868.0,-5.09
12869.0,-5.28
12870.0,-5.3
12871.0,-5.3500000000000005
12872.0,-5.26
12873.0,-5.630000000000001
12874.0,-5.33
12875.0,-5.01
12876.0,-5.17
12877.0,-5.32
12878.0,-5.01
12879.0,-5.36
12880.0,-5.08
12881.0,-5.29
12882.0,-5.46
12883.0,-5.02
12884.0,-5.01
12885.0,4.1499999999999995
12886.0,-5.470000000000001
12887.0,-5.54
12888.0,-5.5200000000000005
12889.0,-5.65
12890.0,-5.17
12891.0,4.22
12892.0,-5.01
12893.0,-5.03
12894.0,-5.6000000000000005
12895.0,-5.03
12896.0,-5.53
12897.0,-5.41
12898.0,-5.1
12899.0,-5.3
12900.0,-5.25
12901.0,-5.12
12902.0,-5.08
12903.0,-5.02
12904.0,-5.03
12905.0,-5.02
12906.0,-5.3
12907.0,-5.02
12908.0,-5.02
12909.0,-5.04
12910.0,-5.04
12911.0,-5.01
12912.0,-5.5
12913.0,-5.02
12914.0,-5.54
12915.0,-5.02
12916.0,-5.390000000000001
12917.0,-5.37
12918.0,-5.02
12919.0,-5.3500000000000005
12920.0,-5.08
12921.0,-5.470000000000001
12922.0,-5.02
12923.0,-5.920000000000001
12924.0,-5.02
12925.0,-5.32
12926.0,-5.04
12927.0,-5.02
12928.0,-5.34
12929.0,-5.28
12930.0,-5.32
12931.0,-5.470000000000001
12932.0,-5.05
12933.0,-5.6000000000000005
12934.0,-5.01
12935.0,-5.06
12936.0,-5.06
12937.0,-5.02
12938.0,-5.04
12939.0,-5.1
12940.0,-5.37
12941.0,-5.01
12942.0,-5.02
12943.0,-5.36
12944.0,-5.08
12945.0,-5.02
12946.0,-5.01
12947.0,-5.4
12948.0,-5.21
12949.0,-5.44
12950.0,-5.5200000000000005
12951.0,-5.06
12952.0,4.34
12953.0,-5.04
12954.0,-5.17
12955.0,-5.34
12956.0,-5.390000000000001
12957.0,-5.51
12958.0,-5.02
12959.0,-5.17
12960.0,-5.07
12961.0,-5.04
12962.0,-5.41
12963.0,-5.02
12964.0,-5.34
12965.0,-5.02
12966.0,-5.06
12967.0,-5.08
12968.0,-5.01
12969.0,-5.09
12970.0,-5.14
12971.0,-5.45
12972.0,-5.36
12973.0,-5.02
12974.0,-5.02
12975.0,-5.34
12976.0,-5.02
12977.0,-5.44
12978.0,-5.12
12979.0,-5.430000000000001
12980.0,-5.2
12981.0,-5.22
12982.0,-5.12
12983.0,-5.3
12984.0,-5.07
12985.0,-5.32
12986.0,-5.02
12987.0,-5.26
12988.0,-5.24
12989.0,-5.03
12990.0,-5.04
12991.0,-5.5
12992.0,-5.45
12993.0,-5.04
12994.0,-5.28
12995.0,-5.12
12996.0,-5.1
12997.0,-5.01
12998.0,-5.32
12999.0,-5.69
13000.0,-5.59
13001.0,-5.23
13002.0,4.1499999999999995
13003.0,-5.01
13004.0,-5.66
13005.0,-5.06
13006.0,-5.26
13007.0,-5.550000000000001
13008.0,-5.04
13009.0,-5.04
13010.0,-5.38
13011.0,-5.53
13012.0,-5.48
13013.0,-5.01
13014.0,-5.51
13015.0,-5.06
13016.0,-5.02
13017.0,-5.02
13018.0,-5.25
13019.0,-5.02
13020.0,-5.11
13021.0,-5.01
13022.0,-5.46
13023.0,-5.19
13024.0,-5.1
13025.0,-5.01
13026.0,-5.67
13027.0,-5.3
13028.0,-5.02
13029.0,-5.57
13030.0,-5.33
13031.0,-5.01
13032.0,-5.41
13033.0,-5.3100000000000005
13034.0,-5.02
13035.0,-5.36
13036.0,-5.01
13037.0,-5.48
13038.0,-5.5600000000000005
13039.0,-5.03
13040.0,-5.04
13041.0,-5.38
13042.0,-5.57
13043.0,-5.53
13044.0,-5.06
13045.0,-5.28
13046.0,-5.33
13047.0,-5.02
13048.0,-5.45
13049.0,-5.03
13050.0,-5.33
13051.0,-5.04
13052.0,-5.15
13053.0,-5.470000000000001
13054.0,-5.23
13055.0,-5.02
13056.0,-5.08
13057.0,-5.07
13058.0,-5.34
13059.0,-5.45
13060.0,-5.18
13061.0,-5.5
13062.0,-5.02
13063.0,-5.24
13064.0,-5.470000000000001
13065.0,-5.01
13066.0,-5.02
13067.0,-5.26
13068.0,-5.04
13069.0,-5.3100000000000005
13070.0,-5.44
13071.0,-5.02
13072.0,-5.48
13073.0,-5.02
13074.0,-5.06
13075.0,-5.02
13076.0,-5.57
13077.0,-5.32
13078.0,-5.37
13079.0,-5.12
13080.0,-5.02
13081.0,-5.48
13082.0,-5.42
13083.0,-5.33
13084.0,4.049999999999999
13085.0,-5.01
13086.0,-5.04
13087.0,-5.54
13088.0,-5.08
13089.0,-5.02
13090.0,-5.07
13091.0,-5.19
13092.0,-5.34
13093.0,-5.05
13094.0,-5.5
13095.0,-5.04
13096.0,-5.5600000000000005
13097.0,-5.02
13098.0,-5.02
13099.0,-5.11
13100.0,-5.1
13101.0,-5.65
13102.0,-5.21
13103.0,4.039999999999999
13104.0,-5.3100000000000005
13105.0,-5.3100000000000005
13106.0,-5.3
13107.0,-5.3
13108.0,-5.5
13109.0,-5.38
13110.0,-5.28
13111.0,-5.550000000000001
13112.0,-5.4
13113.0,-5.51
13114.0,-5.01
13115.0,-5.4
13116.0,-5.29
13117.0,-5.01
13118.0,-5.640000000000001
13119.0,-5.04
13120.0,-5.33
13121.0,-5.02
13122.0,-5.02
13123.0,-5.04
13124.0,-5.28
13125.0,-5.51
13126.0,-5.74
13127.0,-5.05
13128.0,-5.26
13129.0,-5.38
13130.0,-5.17
13131.0,-5.04
13132.0,-5.37
13133.0,-5.3100000000000005
13134.0,-5.02
13135.0,-5.53
13136.0,4.129999999999999
13137.0,-5.01
13138.0,-5.26
13139.0,-5.46
13140.0,-5.49
13141.0,-5.03
13142.0,-5.38
13143.0,-5.4
13144.0,-5.04
13145.0,-5.24
13146.0,-5.02
13147.0,-5.01
13148.0,-5.42
13149.0,-5.01
13150.0,-5.02
13151.0,-5.22
13152.0,-5.01
13153.0,-5.38
13154.0,-5.02
13155.0,-5.54
13156.0,-5.22
13157.0,-5.3
13158.0,-5.02
13159.0,-5.3
13160.0,-5.26
13161.0,-5.390000000000001
13162.0,-5.14
13163.0,-5.5
13164.0,-5.06
13165.0,-5.04
13166.0,-5.46
13167.0,-5.04
13168.0,-5.430000000000001
13169.0,-5.32
13170.0,-5.45
13171.0,-5.44
13172.0,-5.44
13173.0,-5.1
13174.0,-5.470000000000001
13175.0,-5.59
13176.0,-5.32
13177.0,-5.28
13178.0,-5.37
13179.0,-5.06
13180.0,-5.03
13181.0,-5.2
13182.0,-5.02
13183.0,-5.05
13184.0,-5.02
13185.0,-5.42
13186.0,-5.06
13187.0,-5.11
13188.0,-5.22
13189.0,-5.02
13190.0,-5.640000000000001
13191.0,-5.05
13192.0,4.199999999999999
13193.0,-5.06
13194.0,-5.08
13195.0,-5.42
13196.0,-5.24
13197.0,-5.02
13198.0,-5.02
13199.0,-5.44
13200.0,-5.08
13201.0,4.14
13202.0,-5.01
13203.0,-5.03
13204.0,-5.06
13205.0,-5.03
13206.0,-5.32
13207.0,-5.41
13208.0,-5.5600000000000005
13209.0,-5.3100000000000005
13210.0,-5.34
13211.0,-5.26
13212.0,-5.1
13213.0,-5.05
13214.0,-5.02
13215.0,-5.49
13216.0,-5.36
13217.0,-5.33
13218.0,-5.4
13219.0,-5.53
13220.0,-5.44
13221.0,-5.25
13222.0,-5.13
13223.0,4.39
13224.0,-5.01
13225.0,-5.06
13226.0,-5.04
13227.0,-5.06
13228.0,-5.51
13229.0,-5.57
13230.0,-5.06
13231.0,-5.390000000000001
13232.0,-5.3500000000000005
13233.0,-5.36
13234.0,-5.6000000000000005
13235.0,-5.08
13236.0,-5.42
13237.0,-5.02
13238.0,-5.04
13239.0,-5.08
13240.0,-5.05
13241.0,-5.48
13242.0,-5.01
13243.0,-5.3
13244.0,-5.04
13245.0,-5.06
13246.0,-5.42
13247.0,-5.05
13248.0,-5.62
13249.0,-5.01
13250.0,4.26
13251.0,-5.3500000000000005
13252.0,-5.3500000000000005
13253.0,-5.02
13254.0,-5.01
13255.0,-5.08
13256.0,-5.48
13257.0,-5.02
13258.0,-5.3
13259.0,-5.02
13260.0,-5.390000000000001
13261.0,-5.430000000000001
13262.0,-5.34
13263.0,-5.01
13264.0,-5.640000000000001
13265.0,-5.3500000000000005
13266.0,-5.1
13267.0,-5.5
13268.0,-5.2
13269.0,-5.41
13270.0,-5.65
13271.0,-5.19
13272.0,-5.06
13273.0,-5.03
13274.0,-5.65
13275.0,-5.37
13276.0,-5.03
13277.0,-5.05
13278.0,-5.02
13279.0,-5.02
13280.0,-5.4
13281.0,-5.01
13282.0,-5.37
13283.0,-5.57
13284.0,-5.3100000000000005
13285.0,-5.3100000000000005
13286.0,-5.01
13287.0,-5.02
13288.0,-5.3100000000000005
13289.0,-5.6000000000000005
13290.0,-5.45
13291.0,-5.53
13292.0,-5.08
13293.0,-5.06
13294.0,-5.4
13295.0,-5.37
13296.0,-5.390000000000001
13297.0,-5.5200000000000005
13298.0,-5.36
13299.0,-5.07
13300.0,-5.03
13301.0,-5.05
13302.0,-5.5200000000000005
13303.0,-5.02
13304.0,-5.65
13305.0,-5.5600000000000005
13306.0,4.06
13307.0,-5.04
13308.0,-5.03
13309.0,-5.5
13310.0,-5.05
13311.0,-5.33
13312.0,-5.65
13313.0,-5.2700000000000005
13314.0,-5.390000000000001
13315.0,-5.01
13316.0,-5.04
13317.0,-5.08
13318.0,-5.01
13319.0,-5.390000000000001
13320.0,-5.24
13321.0,-5.02
13322.0,-5.5600000000000005
13323.0,-5.1
13324.0,-5.12
13325.0,-5.430000000000001
13326.0,-5.66
13327.0,-5.03
13328.0,-5.04
13329.0,-5.14
13330.0,-5.03
13331.0,-5.06
13332.0,-5.34
13333.0,-5.26
13334.0,-5.03
13335.0,-5.22
13336.0,-1.0000000000000007
13337.0,-5.03
13338.0,-5.02
13339.0,-5.02
13340.0,-5.02
13341.0,-5.02
13342.0,-5.05
13343.0,4.119999999999999
13344.0,-5.01
13345.0,-5.03
13346.0,-5.03
13347.0,-5.01
13348.0,-5.04
13349.0,-5.08
13350.0,-5.32
13351.0,-5.06
13352.0,-5.04
13353.0,-5.02
13354.0,-5.04
13355.0,-1.0000000000000007
13356.0,-5.44
13357.0,-5.45
13358.0,-5.01
13359.0,-5.01
13360.0,-5.05
13361.0,-5.13
13362.0,-5.01
13363.0,-5.680000000000001
13364.0,-5.2700000000000005
13365.0,-5.02
13366.0,-5.3100000000000005
13367.0,-5.390000000000001
13368.0,-5.01
13369.0,-5.430000000000001
13370.0,-5.38
13371.0,-5.51
13372.0,-5.01
13373.0,-5.02
13374.0,-5.470000000000001
13375.0,-5.08
13376.0,-5.02
13377.0,-5.1
13378.0,-5.01
13379.0,-5.02
13380.0,-5.51
13381.0,-5.34
13382.0,-5.03
13383.0,-5.42
13384.0,-5.22
13385.0,-5.06
13386.0,-5.1
13387.0,-5.37
13388.0,-5.01
13389.0,-5.34
13390.0,4.449999999999999
13391.0,-5.3500000000000005
13392.0,-5.3100000000000005
13393.0,-5.59
13394.0,-5.32
13395.0,-5.02
13396.0,-5.36
13397.0,-5.11
13398.0,-5.59
13399.0,-5.33
13400.0,-5.59
13401.0,-5.01
13402.0,-5.03
13403.0,-5.3
13404.0,-5.34
13405.0,-5.2
13406.0,-5.01
13407.0,-5.02
13408.0,-5.38
13409.0,-5.29
13410.0,-5.75
13411.0,-5.01
13412.0,-5.26
13413.0,-5.3100000000000005
13414.0,-5.06
13415.0,-5.14
13416.0,-5.01
13417.0,-5.21
13418.0,-5.02
13419.0,-5.4
13420.0,-5.14
13421.0,-5.4
13422.0,-5.61
13423.0,-5.54
13424.0,-5.01
13425.0,-5.46
13426.0,-5.37
13427.0,-5.32
13428.0,-5.05
13429.0,-5.07
13430.0,-5.5
13431.0,-5.18
13432.0,-5.34
13433.0,-5.05
13434.0,-5.24
13435.0,-5.26
13436.0,-5.83
13437.0,-5.36
13438.0,-5.07
13439.0,4.2299999999999995
13440.0,-5.03
13441.0,-5.38
13442.0,-5.3500000000000005
13443.0,-5.03
13444.0,-5.23
13445.0,-5.02
13446.0,-5.06
13447.0,4.43
13448.0,-5.7
13449.0,-5.3
13450.0,-5.12
13451.0,-5.07
13452.0,-5.37
13453.0,-5.01
13454.0,-5.29
13455.0,-5.5200000000000005
13456.0,-5.390000000000001
13457.0,-5.02
13458.0,-5.04
13459.0,-5.04
13460.0,-5.01
13461.0,-5.22
13462.0,-5.5200000000000005
13463.0,-5.37
13464.0,-5.06
13465.0,-5.26
13466.0,-5.680000000000001
13467.0,-5.1
13468.0,-5.28
13469.0,-5.28
13470.0,-5.05
13471.0,-5.02
13472.0,-5.59
13473.0,-5.24
13474.0,-5.45
13475.0,-5.04
13476.0,-5.03
13477.0,-5.46
13478.0,-5.42
13479.0,-5.01
13480.0,-5.36
13481.0,-5.04
13482.0,-5.05
13483.0,-5.1
13484.0,-5.61
13485.0,-5.3
13486.0,4.17
13487.0,-5.2700000000000005
13488.0,-1.0000000000000007
13489.0,-5.17
13490.0,-5.04
13491.0,-5.1
13492.0,-5.04
13493.0,-5.3500000000000005
13494.0,-5.01
13495.0,-5.11
13496.0,-5.29
13497.0,-5.41
13498.0,-5.2700000000000005
13499.0,-5.04
13500.0,-5.59
13501.0,-5.07
13502.0,-5.2
13503.0,-5.13
13504.0,-5.03
13505.0,-5.5200000000000005
13506.0,4.38
13507.0,-5.09
13508.0,-5.02
13509.0,-5.06
13510.0,-5.06
13511.0,-5.05
13512.0,-5.01
13513.0,-5.28
13514.0,-5.03
13515.0,-5.01
13516.0,-5.62
13517.0,-5.01
13518.0,4.27
13519.0,-5.42
13520.0,-5.470000000000001
13521.0,-5.02
13522.0,-5.36
13523.0,4.33
13524.0,-5.53
13525.0,-5.07
13526.0,-5.02
13527.0,-5.04
13528.0,4.41
13529.0,-5.5200000000000005
13530.0,-5.04
13531.0,-5.3500000000000005
13532.0,-5.04
13533.0,-5.5200000000000005
13534.0,-5.65
13535.0,-5.28
13536.0,-5.36
13537.0,4.1
13538.0,-5.01
13539.0,-5.390000000000001
13540.0,-5.01
13541.0,-5.390000000000001
13542.0,-5.54
13543.0,4.1899999999999995
13544.0,-5.04
13545.0,-5.21
13546.0,-5.08
13547.0,-5.05
13548.0,-5.03
13549.0,-5.630000000000001
13550.0,-5.15
13551.0,-5.04
13552.0,-5.02
13553.0,-5.44
13554.0,-5.02
13555.0,-5.51
13556.0,-5.29
13557.0,4.49
13558.0,-5.54
13559.0,-5.11
13560.0,-5.04
13561.0,4.47
13562.0,-5.34
13563.0,-5.02
13564.0,4.26
13565.0,-5.07
13566.0,-5.5
13567.0,-5.04
13568.0,-5.57
13569.0,-5.01
13570.0,-5.02
13571.0,-5.04
13572.0,-5.49
13573.0,-5.01
13574.0,-5.46
13575.0,-5.3500000000000005
13576.0,-5.46
13577.0,-5.02
13578.0,-5.04
13579.0,-5.33
13580.0,-5.01
13581.0,-5.470000000000001
13582.0,-5.01
13583.0,-5.41
13584.0,-5.3100000000000005
13585.0,-5.46
13586.0,-5.32
13587.0,-5.01
13588.0,-5.41
13589.0,-5.04
13590.0,-5.34
13591.0,-5.01
13592.0,-5.25
13593.0,4.1
13594.0,-5.21
13595.0,-5.04
13596.0,-5.790000000000001
13597.0,-5.46
13598.0,-5.02
13599.0,-5.02
13600.0,-5.720000000000001
13601.0,-5.430000000000001
13602.0,-5.05
13603.0,-5.49
13604.0,-5.02
13605.0,4.239999999999999
13606.0,-5.62
13607.0,4.42
13608.0,-5.5
13609.0,4.34
13610.0,-5.04
13611.0,-5.24
13612.0,-5.09
13613.0,-5.49
13614.0,-5.01
13615.0,-5.26
13616.0,-5.05
13617.0,-5.04
13618.0,-5.18
13619.0,-5.02
13620.0,-5.17
13621.0,-5.04
13622.0,4.319999999999999
13623.0,-5.5600000000000005
13624.0,4.5
13625.0,-5.390000000000001
13626.0,-5.03
13627.0,4.3
13628.0,-5.08
13629.0,-5.02
13630.0,-5.07
13631.0,-5.91
13632.0,-5.37
13633.0,-5.26
13634.0,-5.17
13635.0,-5.12
13636.0,-5.29
13637.0,-5.02
13638.0,-5.02
13639.0,-5.01
13640.0,-5.34
13641.0,-5.01
13642.0,-5.29
13643.0,-5.21
13644.0,-5.01
13645.0,-5.3100000000000005
13646.0,-5.05
13647.0,-5.05
13648.0,-5.06
13649.0,-5.01
13650.0,-5.05
13651.0,-5.05
13652.0,4.279999999999999
13653.0,-5.03
13654.0,-5.390000000000001
13655.0,-5.720000000000001
13656.0,-5.06
13657.0,-5.01
13658.0,-5.26
13659.0,-5.05
13660.0,-5.53
13661.0,-5.26
13662.0,-5.02
13663.0,-5.54
13664.0,-5.36
13665.0,-5.33
13666.0,-5.05
13667.0,-5.6000000000000005
13668.0,-5.26
13669.0,-5.08
13670.0,-5.29
13671.0,-5.05
13672.0,-5.470000000000001
13673.0,-5.4
13674.0,-5.550000000000001
13675.0,-5.36
13676.0,-5.46
13677.0,-5.59
13678.0,-5.3
13679.0,-5.02
13680.0,-5.08
13681.0,-5.32
13682.0,-5.5
13683.0,-5.34
13684.0,-5.54
13685.0,-5.38
13686.0,-5.06
13687.0,-5.42
13688.0,-5.04
13689.0,-5.06
13690.0,-5.7
13691.0,-5.390000000000001
13692.0,-5.4
13693.0,-5.51
13694.0,-5.24
13695.0,-5.65
13696.0,-5.390000000000001
13697.0,-5.02
13698.0,-5.02
13699.0,-5.45
13700.0,-5.05
13701.0,-5.15
13702.0,-5.32
13703.0,-5.45
13704.0,-5.3500000000000005
13705.0,-5.390000000000001
13706.0,-5.28
13707.0,-5.08
13708.0,-5.430000000000001
13709.0,-5.08
13710.0,-5.04
13711.0,-5.01
13712.0,-5.06
13713.0,-5.25
13714.0,-5.06
13715.0,-5.5600000000000005
13716.0,-5.2
13717.0,-5.28
13718.0,-5.36
13719.0,-5.03
13720.0,-5.25
13721.0,-5.3100000000000005
13722.0,-5.36
13723.0,-5.42
13724.0,-5.02
13725.0,-5.21
13726.0,-5.5600000000000005
13727.0,-5.05
13728.0,-5.390000000000001
13729.0,-5.02
13730.0,-5.04
13731.0,-5.42
13732.0,4.41
13733.0,-5.1
13734.0,-5.28
13735.0,-5.26
13736.0,-5.25
13737.0,-5.49
13738.0,-5.03
13739.0,-5.01
13740.0,4.27
13741.0,-5.04
13742.0,-5.550000000000001
13743.0,-5.46
13744.0,4.369999999999999
13745.0,-5.22
13746.0,-5.07
13747.0,-5.29
13748.0,-5.05
13749.0,-5.29
13750.0,-5.53
13751.0,-5.03
13752.0,-5.22
13753.0,-5.13
13754.0,-5.24
13755.0,-5.44
13756.0,-5.25
13757.0,-5.6000000000000005
13758.0,-5.5600000000000005
13759.0,-5.61
13760.0,4.34
13761.0,-5.3100000000000005
13762.0,-5.3
13763.0,-5.33
13764.0,-5.430000000000001
13765.0,-5.01
13766.0,-5.32
13767.0,-5.38
13768.0,-5.38
13769.0,-5.62
13770.0,-5.34
13771.0,-5.17
13772.0,-5.02
13773.0,-5.33
13774.0,-5.02
13775.0,-5.29
13776.0,-5.08
13777.0,-5.04
13778.0,-5.24
13779.0,-5.02
13780.0,-5.01
13781.0,-5.2
13782.0,-5.29
13783.0,-5.09
13784.0,-5.01
13785.0,-5.03
13786.0,-5.03
13787.0,-5.3500000000000005
13788.0,-5.03
13789.0,-5.04
13790.0,-5.680000000000001
13791.0,-5.3100000000000005
13792.0,-5.430000000000001
13793.0,-5.390000000000001
13794.0,-5.5200000000000005
13795.0,-5.38
13796.0,-5.28
13797.0,-5.02
13798.0,-5.05
13799.0,-5.5
13800.0,-5.430000000000001
13801.0,-5.41
13802.0,-5.01
13803.0,-5.07
13804.0,-5.470000000000001
13805.0,-5.03
13806.0,-5.34
13807.0,-5.44
13808.0,-5.08
13809.0,-5.34
13810.0,-5.3100000000000005
13811.0,-5.22
13812.0,-5.3500000000000005
13813.0,-5.3100000000000005
13814.0,-5.46
13815.0,-5.57
13816.0,-5.51
13817.0,-5.24
13818.0,-5.78
13819.0,-5.2700000000000005
13820.0,-5.45
13821.0,-5.04
13822.0,-5.02
13823.0,-5.01
13824.0,-5.34
13825.0,-5.25
13826.0,-5.49
13827.0,-5.05
13828.0,-5.03
13829.0,-5.01
13830.0,-5.19
13831.0,-5.06
13832.0,-5.32
13833.0,-5.23
13834.0,-5.07
13835.0,-5.04
13836.0,-5.65
13837.0,-5.06
13838.0,4.529999999999999
13839.0,-5.3500000000000005
13840.0,-5.02
13841.0,4.3999999999999995
13842.0,-5.04
13843.0,-5.15
13844.0,-5.11
13845.0,-5.02
13846.0,-5.550000000000001
13847.0,4.49
13848.0,-5.630000000000001
13849.0,-5.3
13850.0,-5.58
13851.0,-5.05
13852.0,-5.02
13853.0,4.35
13854.0,-5.38
13855.0,-5.07
13856.0,-5.2700000000000005
13857.0,-5.13
13858.0,-5.390000000000001
13859.0,-5.29
13860.0,-5.37
13861.0,-5.34
13862.0,-5.3100000000000005
13863.0,-5.33
13864.0,-5.25
13865.0,-5.33
13866.0,-5.04
13867.0,-5.17
13868.0,-5.3
13869.0,-5.03
13870.0,-5.04
13871.0,-5.44
13872.0,-5.32
13873.0,-5.03
13874.0,-5.24
13875.0,-5.01
13876.0,-5.5200000000000005
13877.0,-5.4
13878.0,-5.03
13879.0,4.449999999999999
13880.0,-5.01
13881.0,-5.710000000000001
13882.0,-5.3
13883.0,-5.32
13884.0,-5.03
13885.0,-5.57
13886.0,-5.01
13887.0,4.49
13888.0,-5.06
13889.0,-5.25
13890.0,-5.5
13891.0,-5.45
13892.0,-5.3
13893.0,-5.430000000000001
13894.0,-5.03
13895.0,-5.41
13896.0,-5.48
13897.0,-5.14
13898.0,-5.04
13899.0,-5.06
13900.0,-5.06
13901.0,-5.01
13902.0,-5.09
13903.0,-5.7700000000000005
13904.0,-5.430000000000001
13905.0,-5.28
13906.0,-5.02
13907.0,-5.18
13908.0,-5.34
13909.0,-5.470000000000001
13910.0,-5.04
13911.0,-5.37
13912.0,-5.3100000000000005
13913.0,4.27
13914.0,-5.09
13915.0,-5.37
13916.0,-5.32
13917.0,4.239999999999999
13918.0,-5.29
13919.0,-5.03
13920.0,-5.3100000000000005
13921.0,-5.61
13922.0,-5.03
13923.0,-5.13
13924.0,-5.06
13925.0,-5.03
13926.0,-5.08
13927.0,-5.09
13928.0,-5.470000000000001
13929.0,-5.3100000000000005
13930.0,-5.32
13931.0,-5.18
13932.0,-5.04
13933.0,-5.18
13934.0,-5.04
13935.0,-5.08
13936.0,-5.34
13937.0,-5.04
13938.0,-5.51
13939.0,-5.25
13940.0,-5.08
13941.0,-5.25
13942.0,-5.08
13943.0,-5.4
13944.0,-5.18
13945.0,-5.4
13946.0,-5.5600000000000005
13947.0,-5.38
13948.0,4.369999999999999
13949.0,-5.3
13950.0,-5.08
13951.0,-5.3500000000000005
13952.0,-5.3100000000000005
13953.0,-5.33
13954.0,-5.61
13955.0,-5.02
13956.0,-5.04
13957.0,-5.75
13958.0,-5.34
13959.0,-5.26
13960.0,-5.03
13961.0,-5.05
13962.0,-5.5
13963.0,-5.430000000000001
13964.0,-5.02
13965.0,-5.29
13966.0,-5.05
13967.0,-5.41
13968.0,-5.18
13969.0,-5.02
13970.0,-5.390000000000001
13971.0,-5.44
13972.0,-5.02
13973.0,-5.02
13974.0,-5.11
13975.0,-5.08
13976.0,-5.3500000000000005
13977.0,-5.22
13978.0,-5.02
13979.0,-5.05
13980.0,-5.07
13981.0,-5.04
13982.0,-5.32
13983.0,4.43
13984.0,-5.01
13985.0,-5.05
13986.0,-5.02
13987.0,-5.2
13988.0,-5.74
13989.0,-5.32
13990.0,-5.48
13991.0,-5.33
13992.0,-5.05
13993.0,4.2299999999999995
13994.0,-5.12
13995.0,-5.01
13996.0,-5.67
13997.0,4.2299999999999995
13998.0,-5.720000000000001
13999.0,-5.02
14000.0,-5.5600000000000005
14001.0,-5.4
14002.0,-5.28
14003.0,-5.09
14004.0,-5.01
14005.0,-5.05
14006.0,-5.06
14007.0,-5.430000000000001
14008.0,-5.05
14009.0,-5.51
14010.0,-5.390000000000001
14011.0,-5.05
14012.0,-5.04
14013.0,-5.01
14014.0,-5.01
14015.0,-5.17
14016.0,-5.720000000000001
14017.0,-5.550000000000001
14018.0,-5.01
14019.0,-5.04
14020.0,-5.3
14021.0,-5.34
14022.0,-5.02
14023.0,-5.06
14024.0,4.47
14025.0,-5.03
14026.0,-5.3
14027.0,-5.03
14028.0,-5.44
14029.0,-5.02
14030.0,-5.470000000000001
14031.0,-5.26
14032.0,-5.07
14033.0,-5.04
14034.0,-5.29
14035.0,-5.14
14036.0,-5.04
14037.0,-5.58
14038.0,-5.37
14039.0,-5.48
14040.0,-5.44
14041.0,-5.32
14042.0,-5.37
14043.0,-5.45
14044.0,-5.550000000000001
14045.0,-5.24
14046.0,-5.29
14047.0,-5.08
14048.0,-5.01
14049.0,-5.67
14050.0,-5.44
14051.0,-5.06
14052.0,-5.3500000000000005
14053.0,-5.16
14054.0,-5.16
14055.0,-5.630000000000001
14056.0,-5.430000000000001
14057.0,-5.3
14058.0,-5.07
14059.0,-5.3500000000000005
14060.0,-5.11
14061.0,-5.06
14062.0,-5.06
14063.0,-5.14
14064.0,-5.06
14065.0,-5.62
14066.0,-5.2700000000000005
14067.0,-5.08
14068.0,-5.41
14069.0,-5.640000000000001
14070.0,-5.05
14071.0,-5.34
14072.0,-5.01
14073.0,-5.3500000000000005
14074.0,-5.48
14075.0,-5.04
14076.0,-5.02
14077.0,-5.24
14078.0,-5.34
14079.0,-5.41
14080.0,-5.7
14081.0,-5.04
14082.0,-5.3
14083.0,-5.1
14084.0,-5.02
14085.0,-5.34
14086.0,4.1899999999999995
14087.0,-5.38
14088.0,-5.07
14089.0,-5.34
14090.0,-5.02
14091.0,-5.05
14092.0,-5.1
14093.0,-5.05
14094.0,-5.3500000000000005
14095.0,-5.46
14096.0,-5.78
14097.0,-5.4
14098.0,-5.08
14099.0,-5.04
14100.0,-5.2
14101.0,-5.02
14102.0,-5.03
14103.0,-5.33
14104.0,-5.01
14105.0,-5.07
14106.0,-5.62
14107.0,-5.23
14108.0,-5.36
14109.0,-5.33
14110.0,-5.4
14111.0,-5.1
14112.0,-5.01
14113.0,-5.06
14114.0,-5.01
14115.0,4.31
14116.0,-5.38
14117.0,-5.01
14118.0,-5.03
14119.0,-5.6000000000000005
14120.0,-5.5600000000000005
14121.0,-5.28
14122.0,-5.390000000000001
14123.0,-5.01
14124.0,-5.02
14125.0,-5.42
14126.0,-5.5
14127.0,-5.4
14128.0,-5.02
14129.0,-5.3
14130.0,-5.42
14131.0,-5.01
14132.0,-5.3500000000000005
14133.0,-5.02
14134.0,-5.46
14135.0,-5.04
14136.0,-5.46
14137.0,-5.02
14138.0,-5.69
14139.0,-5.3
14140.0,-5.01
14141.0,4.3
14142.0,-5.05
14143.0,-5.74
14144.0,-5.08
14145.0,-5.02
14146.0,-5.2
14147.0,-5.01
14148.0,-5.630000000000001
14149.0,-5.3500000000000005
14150.0,-5.16
14151.0,-5.05
14152.0,-5.24
14153.0,-5.02
14154.0,-1.0000000000000007
14155.0,-5.32
14156.0,-5.46
14157.0,-5.28
14158.0,-5.21
14159.0,-5.01
14160.0,-5.25
14161.0,-5.02
14162.0,-5.29
14163.0,-5.05
14164.0,-5.01
14165.0,-5.02
14166.0,-5.25
14167.0,-5.18
14168.0,-5.390000000000001
14169.0,-5.33
14170.0,-5.48
14171.0,-5.04
14172.0,-5.08
14173.0,-5.5600000000000005
14174.0,-5.3500000000000005
14175.0,-5.33
14176.0,-5.06
14177.0,-5.21
14178.0,-5.44
14179.0,-5.4
14180.0,-5.2700000000000005
14181.0,-5.58
14182.0,-5.01
14183.0,-5.25
14184.0,-5.02
14185.0,-5.06
14186.0,-5.41
14187.0,-5.4
14188.0,-5.02
14189.0,-5.03
14190.0,-5.21
14191.0,-5.38
14192.0,-5.02
14193.0,-5.34
14194.0,-5.04
14195.0,-5.3500000000000005
14196.0,-5.25
14197.0,-5.48
14198.0,-5.07
14199.0,-5.21
14200.0,-5.3500000000000005
14201.0,-5.720000000000001
14202.0,-5.33
14203.0,-5.2
14204.0,-5.06
14205.0,-5.02
14206.0,-5.04
14207.0,-5.03
14208.0,-5.36
14209.0,-5.09
14210.0,-5.33
14211.0,4.3
14212.0,-5.4
14213.0,-5.57
14214.0,-5.3100000000000005
14215.0,-5.33
14216.0,-5.34
14217.0,-5.06
14218.0,-5.57
14219.0,-5.06
14220.0,-5.06
14221.0,-5.15
14222.0,-5.5600000000000005
14223.0,-5.34
14224.0,-5.11
14225.0,-5.58
14226.0,-5.4
14227.0,-5.2
14228.0,-5.02
14229.0,-5.73
14230.0,-5.3100000000000005
14231.0,-5.02
14232.0,-5.69
14233.0,-5.04
14234.0,-5.48
14235.0,-5.42
14236.0,-5.2700000000000005
14237.0,-5.29
14238.0,-5.3500000000000005
14239.0,-5.5
14240.0,-5.19
14241.0,-5.06
14242.0,-5.38
14243.0,-5.26
14244.0,-5.21
14245.0,-5.01
14246.0,-5.36
14247.0,-5.3500000000000005
14248.0,-5.3500000000000005
14249.0,-5.42
14250.0,-5.38
14251.0,-5.33
14252.0,-5.38
14253.0,-5.05
14254.0,-5.26
14255.0,-5.03
14256.0,-5.29
14257.0,-5.05
14258.0,4.34
14259.0,-5.5
14260.0,-5.630000000000001
14261.0,-5.02
14262.0,-5.34
14263.0,-5.3
14264.0,-5.54
14265.0,-5.58
14266.0,-5.02
14267.0,-5.03
14268.0,-5.06
14269.0,-5.01
14270.0,-5.01
14271.0,-5.03
14272.0,-5.48
14273.0,-5.46
14274.0,-5.01
14275.0,-5.07
14276.0,-5.02
14277.0,-5.48
14278.0,-5.01
14279.0,-5.02
14280.0,-5.3500000000000005
14281.0,4.31
14282.0,-5.37
14283.0,-5.13
14284.0,-5.3100000000000005
14285.0,-5.26
14286.0,4.47
14287.0,-5.390000000000001
14288.0,-5.02
14289.0,-1.0000000000000007
14290.0,-5.06
14291.0,-5.01
14292.0,4.4799999999999995
14293.0,-5.01
14294.0,-5.08
14295.0,-5.3500000000000005
14296.0,-5.44
14297.0,-5.01
14298.0,-5.32
14299.0,-5.03
14300.0,-5.58
14301.0,-5.1
14302.0,-5.430000000000001
14303.0,-5.23
14304.0,-5.06
14305.0,-5.32
14306.0,-5.09
14307.0,-5.02
14308.0,4.3999999999999995
14309.0,-5.2700000000000005
14310.0,-5.12
14311.0,-5.46
14312.0,-5.04
14313.0,-5.02
14314.0,-5.33
14315.0,-5.01
14316.0,-5.69
14317.0,-5.09
14318.0,-5.12
14319.0,-5.13
14320.0,-5.04
14321.0,-5.29
14322.0,-5.04
14323.0,-5.14
14324.0,-5.01
14325.0,-5.3
14326.0,-5.04
14327.0,-5.05
14328.0,-5.06
14329.0,-5.37
14330.0,-5.05
14331.0,-5.3
14332.0,-5.2700000000000005
14333.0,-5.24
14334.0,-5.2700000000000005
14335.0,-5.01
14336.0,-5.33
14337.0,-5.1
14338.0,-5.01
14339.0,-5.36
14340.0,-5.05
14341.0,-5.03
14342.0,-5.38
14343.0,-5.2
14344.0,-5.13
14345.0,-5.44
14346.0,-5.07
14347.0,-5.5200000000000005
14348.0,-5.02
14349.0,-5.23
14350.0,-5.4
14351.0,-5.17
14352.0,-5.44
14353.0,-5.37
14354.0,-5.390000000000001
14355.0,-5.4
14356.0,-5.02
14357.0,-5.36
14358.0,-5.04
14359.0,-5.01
14360.0,-5.48
14361.0,-5.58
14362.0,-5.3100000000000005
14363.0,-5.29
14364.0,-5.01
14365.0,-5.3
14366.0,-5.5600000000000005
14367.0,-5.45
14368.0,-5.01
14369.0,-5.02
14370.0,4.449999999999999
14371.0,-5.32
14372.0,-5.3100000000000005
14373.0,-5.36
14374.0,-5.01
14375.0,-5.01
14376.0,-5.02
14377.0,-5.54
14378.0,4.51
14379.0,-5.6000000000000005
14380.0,-5.22
14381.0,-5.7
14382.0,-5.02
14383.0,-5.01
14384.0,-5.26
14385.0,-5.390000000000001
14386.0,-5.3
14387.0,-5.45
14388.0,-5.44
14389.0,-5.06
14390.0,-5.3500000000000005
14391.0,-5.53
14392.0,-5.3500000000000005
14393.0,-5.42
14394.0,-5.3
14395.0,-5.2700000000000005
14396.0,-5.3500000000000005
14397.0,-5.09
14398.0,-5.470000000000001
14399.0,-5.01
14400.0,-5.03
14401.0,-5.01
14402.0,-5.44
14403.0,-5.06
14404.0,-5.46
14405.0,-5.06
14406.0,-5.3100000000000005
14407.0,-5.23
14408.0,-5.32
14409.0,-5.02
14410.0,-5.06
14411.0,4.42
14412.0,-5.38
14413.0,-5.12
14414.0,-5.430000000000001
14415.0,-5.28
14416.0,-5.34
14417.0,-5.03
14418.0,-5.470000000000001
14419.0,-5.48
14420.0,-5.01
14421.0,-5.2
14422.0,-5.28
14423.0,-5.04
14424.0,-5.24
14425.0,-5.02
14426.0,-5.01
14427.0,-5.3100000000000005
14428.0,-5.02
14429.0,-5.01
14430.0,-5.19
14431.0,-5.02
14432.0,-5.26
14433.0,-5.430000000000001
14434.0,-5.28
14435.0,-5.46
14436.0,-5.02
14437.0,-5.01
14438.0,-5.09
14439.0,-5.3
14440.0,-5.23
14441.0,-5.1
14442.0,-5.37
14443.0,-5.34
14444.0,-5.45
14445.0,-5.67
14446.0,-5.04
14447.0,-5.34
14448.0,-5.01
14449.0,-5.23
14450.0,-5.48
14451.0,-5.49
14452.0,-5.07
14453.0,-5.07
14454.0,-5.21
14455.0,-5.04
14456.0,-5.21
14457.0,-5.09
14458.0,-5.07
14459.0,-5.44
14460.0,-5.04
14461.0,-5.08
14462.0,-5.03
14463.0,-5.59
14464.0,-5.09
14465.0,-5.07
14466.0,-5.54
14467.0,-5.67
14468.0,-5.02
14469.0,-5.4
14470.0,4.2299999999999995
14471.0,-5.32
14472.0,-5.4
14473.0,-5.01
14474.0,-5.32
14475.0,-5.33
14476.0,-5.65
14477.0,-5.11
14478.0,-5.61
14479.0,-5.21
14480.0,-5.3100000000000005
14481.0,-5.05
14482.0,-5.29
14483.0,-5.29
14484.0,-5.02
14485.0,-5.5200000000000005
14486.0,-5.880000000000001
14487.0,-5.13
14488.0,-5.34
14489.0,-5.15
14490.0,-5.06
14491.0,-5.02
14492.0,-5.19
14493.0,-5.37
14494.0,-5.42
14495.0,-5.5
14496.0,-5.42
14497.0,-5.2700000000000005
14498.0,-5.02
14499.0,-5.34
14500.0,-5.01
14501.0,-5.390000000000001
14502.0,-5.36
14503.0,4.31
14504.0,-5.5
14505.0,-5.23
14506.0,-5.02
14507.0,-5.65
14508.0,-5.29
14509.0,-5.51
14510.0,-5.5200000000000005
14511.0,-5.21
14512.0,-5.02
14513.0,-5.430000000000001
14514.0,-5.2700000000000005
14515.0,-5.33
14516.0,-5.34
14517.0,-5.59
14518.0,-5.03
14519.0,-5.05
14520.0,-5.06
14521.0,-5.07
14522.0,-5.01
14523.0,-5.23
14524.0,-5.11
14525.0,-5.02
14526.0,-5.07
14527.0,-5.04
14528.0,-5.36
14529.0,4.43
14530.0,-5.07
14531.0,-5.51
14532.0,-5.19
14533.0,-5.29
14534.0,4.359999999999999
14535.0,-5.11
14536.0,-5.22
14537.0,-5.01
14538.0,-5.33
14539.0,-5.42
14540.0,-5.4
14541.0,-5.26
14542.0,-5.04
14543.0,-5.1
14544.0,-5.38
14545.0,-5.49
14546.0,-5.38
14547.0,-5.29
14548.0,-5.57
14549.0,-5.02
14550.0,-5.5200000000000005
14551.0,-5.18
14552.0,-5.01
14553.0,-5.36
14554.0,-5.06
14555.0,-5.48
14556.0,-5.02
14557.0,-5.02
14558.0,-5.430000000000001
14559.0,4.34
14560.0,-5.48
14561.0,-5.61
14562.0,-5.04
14563.0,-5.17
14564.0,-5.01
14565.0,-5.33
14566.0,-5.25
14567.0,-5.16
14568.0,-5.6000000000000005
14569.0,-5.41
14570.0,-5.390000000000001
14571.0,-5.24
14572.0,-5.02
14573.0,-5.04
14574.0,-5.3100000000000005
14575.0,-5.26
14576.0,-5.2700000000000005
14577.0,-5.16
14578.0,-5.2700000000000005
14579.0,-5.24
14580.0,-5.45
14581.0,4.209999999999999
14582.0,-5.05
14583.0,-5.02
14584.0,-5.02
14585.0,-5.73
14586.0,-5.34
14587.0,-5.44
14588.0,-5.34
14589.0,4.2299999999999995
14590.0,-5.18
14591.0,-5.29
14592.0,-5.5
14593.0,-5.09
14594.0,-5.42
14595.0,-5.36
14596.0,-5.28
14597.0,-5.26
14598.0,-5.430000000000001
14599.0,4.51
14600.0,-5.44
14601.0,-5.14
14602.0,-5.19
14603.0,-5.65
14604.0,-5.05
14605.0,-5.04
14606.0,-5.550000000000001
14607.0,-5.2
14608.0,-5.36
14609.0,-5.5600000000000005
14610.0,-5.28
14611.0,-5.13
14612.0,-5.37
14613.0,-5.09
14614.0,-5.3500000000000005
14615.0,-5.02
14616.0,4.41
14617.0,-5.25
14618.0,-5.59
14619.0,-5.03
14620.0,-5.24
14621.0,-5.67
14622.0,-5.4
14623.0,-5.34
14624.0,4.42
14625.0,-5.01
14626.0,4.14
14627.0,-5.28
14628.0,-5.01
14629.0,-5.1
14630.0,-5.53
14631.0,-5.04
14632.0,-1.0000000000000007
14633.0,-5.23
14634.0,-5.03
14635.0,-5.17
14636.0,-5.21
14637.0,-5.07
14638.0,-5.05
14639.0,-5.51
14640.0,-5.02
14641.0,-5.18
14642.0,-5.02
14643.0,-5.430000000000001
14644.0,-5.640000000000001
14645.0,-5.53
14646.0,-5.21
14647.0,-5.5
14648.0,4.2299999999999995
14649.0,-5.41
14650.0,-5.01
14651.0,-5.34
14652.0,-5.34
14653.0,-5.2700000000000005
14654.0,-5.470000000000001
14655.0,-5.03
14656.0,-5.6000000000000005
14657.0,-5.38
14658.0,-5.5
14659.0,4.43
14660.0,-5.28
14661.0,-5.06
14662.0,-5.01
14663.0,-5.06
14664.0,-5.09
14665.0,-5.01
14666.0,-5.53
14667.0,-5.02
14668.0,4.43
14669.0,-5.04
14670.0,-5.02
14671.0,4.27
14672.0,-5.44
14673.0,-5.41
14674.0,-5.02
14675.0,-1.0000000000000007
14676.0,-5.15
14677.0,-5.01
14678.0,-5.01
14679.0,-5.02
14680.0,-5.05
14681.0,-5.06
14682.0,4.14
14683.0,-5.28
14684.0,-5.38
14685.0,-5.26
14686.0,-5.1
14687.0,-5.46
14688.0,-5.24
14689.0,-5.4
14690.0,-5.04
14691.0,-5.04
14692.0,-5.800000000000001
14693.0,-5.390000000000001
14694.0,-5.29
14695.0,-5.08
14696.0,-5.01
14697.0,-5.41
14698.0,-5.01
14699.0,-5.46
14700.0,-5.29
14701.0,-5.23
14702.0,-5.02
14703.0,-5.32
14704.0,-5.28
14705.0,-5.38
14706.0,-5.550000000000001
14707.0,-5.5
14708.0,-5.01
14709.0,-5.03
14710.0,-5.5
14711.0,-5.07
14712.0,-5.42
14713.0,-5.19
14714.0,-5.34
14715.0,-5.21
14716.0,4.31
14717.0,-5.01
14718.0,-5.02
14719.0,-5.07
14720.0,-5.23
14721.0,-5.25
14722.0,-5.25
14723.0,-5.06
14724.0,-5.62
14725.0,-5.01
14726.0,-5.4
14727.0,-5.23
14728.0,4.38
14729.0,-5.36
14730.0,-5.19
14731.0,-5.04
14732.0,-5.36
14733.0,-5.2700000000000005
14734.0,-5.44
14735.0,-5.02
14736.0,-5.5600000000000005
14737.0,-5.48
14738.0,-5.59
14739.0,-5.23
14740.0,-5.430000000000001
14741.0,-5.33
14742.0,-5.2700000000000005
14743.0,-5.25
14744.0,-5.2
14745.0,-5.62
14746.0,-5.02
14747.0,-5.06
14748.0,-5.46
14749.0,-5.6000000000000005
14750.0,-5.550000000000001
14751.0,-5.37
14752.0,-5.01
14753.0,-5.11
14754.0,-5.21
14755.0,-5.07
14756.0,-5.02
14757.0,-5.46
14758.0,-5.02
14759.0,-5.01
14760.0,-5.2
14761.0,4.119999999999999
14762.0,-5.36
14763.0,-5.57
14764.0,-5.57
14765.0,-5.02
14766.0,-5.57
14767.0,-5.09
14768.0,-5.08
14769.0,-5.36
14770.0,-5.3100000000000005
14771.0,-5.02
14772.0,-5.680000000000001
14773.0,-5.3
14774.0,-5.15
14775.0,-5.2
14776.0,-5.38
14777.0,-5.36
14778.0,-5.1
14779.0,-5.23
14780.0,-5.02
14781.0,-5.01
14782.0,-5.01
14783.0,-5.26
14784.0,-5.42
14785.0,-5.01
14786.0,-5.26
14787.0,-5.38
14788.0,-5.02
14789.0,4.25
14790.0,-5.6000000000000005
14791.0,-5.01
14792.0,-5.02
14793.0,-5.3500000000000005
14794.0,-5.01
14795.0,-5.26
14796.0,-5.01
14797.0,-5.22
14798.0,-5.04
14799.0,-5.32
14800.0,-5.550000000000001
14801.0,-5.66
14802.0,-5.19
14803.0,-5.38
14804.0,-5.05
14805.0,4.159999999999999
14806.0,-5.680000000000001
14807.0,-5.06
14808.0,-5.46
14809.0,-5.05
14810.0,-5.02
14811.0,-5.24
14812.0,-5.01
14813.0,-5.19
14814.0,-5.33
14815.0,4.3
14816.0,-5.32
14817.0,-5.02
14818.0,-5.04
14819.0,-5.02
14820.0,-5.3
14821.0,-5.17
14822.0,-5.42
14823.0,-5.16
14824.0,-5.06
14825.0,-5.45
14826.0,-5.33
14827.0,-5.17
14828.0,-5.3500000000000005
14829.0,-5.29
14830.0,-5.26
14831.0,-5.33
14832.0,-5.7
14833.0,-5.05
14834.0,-5.33
14835.0,-5.48
14836.0,-5.02
14837.0,-5.01
14838.0,4.34
14839.0,-5.02
14840.0,-5.24
14841.0,-5.29
14842.0,-5.16
14843.0,-5.02
14844.0,-5.02
14845.0,-5.3500000000000005
14846.0,-5.02
14847.0,-5.2700000000000005
14848.0,-5.22
14849.0,-5.5200000000000005
14850.0,-5.59
14851.0,-5.09
14852.0,-5.2700000000000005
14853.0,-5.48
14854.0,-5.22
14855.0,-5.03
14856.0,-5.05
14857.0,-5.33
14858.0,-5.2700000000000005
14859.0,-5.49
14860.0,-5.01
14861.0,-5.02
14862.0,-5.26
14863.0,-5.03
14864.0,-5.06
14865.0,-5.02
14866.0,-5.04
14867.0,-5.01
14868.0,-5.36
14869.0,4.25
14870.0,-5.29
14871.0,-5.03
14872.0,-5.2700000000000005
14873.0,-5.430000000000001
14874.0,-5.550000000000001
14875.0,-5.21
14876.0,-5.02
14877.0,4.25
14878.0,-5.51
14879.0,-5.51
14880.0,-5.32
14881.0,-5.06
14882.0,-5.23
14883.0,-5.08
14884.0,-5.67
14885.0,-5.23
14886.0,-5.34
14887.0,-5.14
14888.0,-5.5
14889.0,-5.4
14890.0,-5.01
14891.0,-5.19
14892.0,-5.05
14893.0,-5.02
14894.0,-5.430000000000001
14895.0,-5.23
14896.0,-5.67
14897.0,-5.01
14898.0,-5.390000000000001
14899.0,-5.01
14900.0,-5.26
14901.0,-5.18
14902.0,-5.3500000000000005
14903.0,-5.25
14904.0,-5.2
14905.0,-5.2
14906.0,-5.06
14907.0,-5.3500000000000005
14908.0,-5.28
14909.0,4.4399999999999995
14910.0,-5.32
14911.0,-5.15
14912.0,-5.5200000000000005
14913.0,-5.23
14914.0,-5.53
14915.0,-5.04
14916.0,-5.05
14917.0,-5.25
14918.0,-5.38
14919.0,-5.26
14920.0,-5.3100000000000005
14921.0,-5.12
14922.0,-5.02
14923.0,4.1
14924.0,-5.28
14925.0,-5.06
14926.0,-5.7
14927.0,-5.49
14928.0,-5.08
14929.0,-5.41
14930.0,-5.17
14931.0,-5.03
14932.0,-5.45
14933.0,-5.02
14934.0,4.369999999999999
14935.0,-5.03
14936.0,-5.26
14937.0,-5.23
14938.0,-5.4
14939.0,-5.41
14940.0,-5.02
14941.0,-5.26
14942.0,-5.26
14943.0,-5.680000000000001
14944.0,-5.2700000000000005
14945.0,-5.05
14946.0,-5.01
14947.0,-5.6000000000000005
14948.0,-5.03
14949.0,-5.01
14950.0,-5.05
14951.0,-5.02
14952.0,-5.5
14953.0,-5.22
14954.0,-5.33
14955.0,-5.430000000000001
14956.0,-5.03
14957.0,-5.49
14958.0,-5.21
14959.0,-5.05
14960.0,-5.18
14961.0,-5.36
14962.0,-5.11
14963.0,-5.01
14964.0,-5.23
14965.0,-5.01
14966.0,-5.61
14967.0,-5.01
14968.0,-5.48
14969.0,-5.44
14970.0,-5.06
14971.0,4.3999999999999995
14972.0,-5.25
14973.0,-5.44
14974.0,-5.37
14975.0,-5.36
14976.0,-5.02
14977.0,-5.02
14978.0,-5.3100000000000005
14979.0,-5.01
14980.0,-5.430000000000001
14981.0,-5.01
14982.0,-5.23
14983.0,-5.01
14984.0,-5.390000000000001
14985.0,-5.01
14986.0,-5.15
14987.0,-5.06
14988.0,4.2299999999999995
14989.0,-5.12
14990.0,-5.17
14991.0,-5.390000000000001
14992.0,-5.33
14993.0,-5.390000000000001
14994.0,-5.25
14995.0,-5.05
14996.0,-5.390000000000001
14997.0,-5.37
14998.0,-5.08
14999.0,-5.04
