# Episodes, Rewards
0.0,-1.3011764705882358
1.0,-1.3969230769230772
2.0,-1.1968750000000004
3.0,-1.3341666666666667
4.0,-1.295925925925926
5.0,-1.2808000000000004
6.0,-1.2323333333333335
7.0,-1.274827586206897
8.0,-1.292916666666667
9.0,-1.3726315789473686
10.0,-1.2545000000000002
11.0,-1.2587500000000003
12.0,-1.3089655172413794
13.0,-1.3361904761904764
14.0,-1.3654545454545457
15.0,-1.3726315789473686
16.0,-1.3535000000000001
17.0,-1.2890476190476194
18.0,-1.3825000000000003
19.0,-1.3361904761904764
20.0,-1.2808000000000002
21.0,-1.3825000000000003
22.0,-1.2163157894736845
23.0,-1.2587500000000005
24.0,-1.3938888888888892
25.0,-1.3204545454545458
26.0,-1.3204000000000002
27.0,-1.2200000000000002
28.0,-1.3040000000000005
29.0,-1.3726315789473689
30.0,-1.295925925925926
31.0,-1.3594117647058828
32.0,-1.0923076923076926
33.0,-1.2971428571428574
34.0,-1.3361904761904764
35.0,-1.3833333333333335
36.0,-1.3040000000000005
37.0,-1.3204545454545455
38.0,-1.3040000000000003
39.0,-1.2429411764705889
40.0,-1.3011764705882358
41.0,-1.2545000000000004
42.0,-1.3040000000000003
43.0,-1.4746666666666668
44.0,-1.2429411764705884
45.0,-1.3206250000000004
46.0,-1.241904761904762
47.0,-1.3060869565217392
48.0,-1.3361904761904764
49.0,-1.2850000000000001
50.0,-1.3726315789473684
51.0,-1.36
52.0,-1.2587500000000003
53.0,-1.249642857142857
54.0,-1.2850000000000004
55.0,-1.3361904761904762
56.0,-1.155714285714286
57.0,-1.2429411764705887
58.0,-1.3535000000000006
59.0,-1.320526315789474
60.0,-1.0786666666666669
61.0,-1.3206250000000004
62.0,-1.1446666666666667
63.0,-1.1350000000000002
64.0,-1.3426666666666667
65.0,-1.2264285714285719
66.0,-1.1109090909090915
67.0,-1.2429411764705887
68.0,-1.2106666666666672
69.0,-1.3426666666666667
70.0,-1.244615384615385
71.0,-1.2429411764705887
72.0,-0.9358333333333338
73.0,-1.2264285714285719
74.0,-1.3726315789473689
75.0,-1.3060869565217392
76.0,-1.241904761904762
77.0,-1.2264285714285719
78.0,-1.1684615384615389
79.0,-1.2684210526315791
80.0,-1.2288888888888894
81.0,-1.3726315789473686
82.0,-1.3969230769230774
83.0,-1.1684615384615389
84.0,-1.367857142857143
85.0,-1.4176470588235295
86.0,-1.2171875
87.0,-1.2630434782608695
88.0,-1.155714285714286
89.0,-1.2304545454545457
90.0,-1.3341666666666672
91.0,-1.2838888888888893
92.0,-1.2264285714285719
93.0,-1.474666666666667
94.0,-1.3089655172413794
95.0,-1.1919444444444445
96.0,-1.233421052631579
97.0,-1.2983333333333333
98.0,-1.1968750000000004
99.0,-1.3011764705882356
100.0,-1.1833333333333338
101.0,-1.244615384615385
102.0,-1.3938888888888892
103.0,-1.4730769230769236
104.0,-1.3011764705882356
105.0,-1.1738888888888892
106.0,-1.392173913043478
107.0,-1.3535000000000004
108.0,-1.2808000000000002
109.0,-1.3361904761904764
110.0,-1.3040000000000003
111.0,-1.2890476190476194
112.0,-1.3726315789473686
113.0,-1.2754545454545456
114.0,-1.3594117647058828
115.0,-1.3833333333333335
116.0,-1.3938888888888892
117.0,-1.3594117647058825
118.0,-1.2419047619047618
119.0,-1.283888888888889
120.0,-1.3204545454545458
121.0,-1.2264285714285719
122.0,-1.320526315789474
123.0,-1.2429411764705887
124.0,-1.2429411764705887
125.0,-1.3361904761904764
126.0,-1.1738888888888892
127.0,-1.0682352941176476
128.0,-1.1555000000000004
129.0,-1.172777777777778
130.0,-1.1446666666666667
131.0,-1.251666666666667
132.0,-1.118888888888889
133.0,-1.194761904761905
134.0,-1.0113333333333336
135.0,-1.1188888888888888
136.0,-1.0773333333333335
137.0,-1.1631578947368424
138.0,-1.062777777777778
139.0,-0.7931578947368423
140.0,-0.7231034482758623
141.0,-0.4780952380952384
142.0,-0.3341666666666668
143.0,-0.2257142857142858
144.0,0.43499999999999983
145.0,0.41972222222222216
146.0,0.5676923076923077
147.0,0.46930232558139534
148.0,0.57875
149.0,0.5892682926829268
150.0,0.5404878048780487
151.0,0.4361363636363636
152.0,0.37875
153.0,0.42874999999999996
154.0,0.6518918918918919
155.0,0.5676923076923076
156.0,0.57875
157.0,0.5516666666666666
158.0,0.4429268292682927
159.0,0.6518918918918918
160.0,0.7215384615384617
161.0,0.5270454545454545
162.0,0.5404878048780487
163.0,0.5404878048780487
164.0,0.6287499999999999
165.0,0.5892682926829268
166.0,0.5516666666666667
167.0,0.57875
168.0,0.5404878048780487
169.0,0.686829268292683
170.0,0.5158139534883721
171.0,0.7215384615384615
172.0,0.5516666666666666
173.0,0.6626829268292682
174.0,0.6380487804878048
175.0,0.6469047619047618
176.0,0.6469047619047619
177.0,0.34522727272727266
178.0,0.25999999999999995
179.0,0.2928947368421052
180.0,0.6314285714285712
181.0,0.5560526315789474
182.0,0.7215384615384615
183.0,0.6380487804878049
184.0,0.47874999999999995
185.0,0.6613157894736841
186.0,0.5623255813953487
187.0,0.418780487804878
188.0,0.561470588235294
189.0,0.5437837837837837
190.0,0.5034210526315789
191.0,0.5287499999999999
192.0,0.5034210526315789
193.0,0.6961538461538461
194.0,0.7215384615384615
195.0,0.6945238095238094
196.0,0.5724999999999999
197.0,0.481590909090909
198.0,0.5676923076923077
199.0,0.57875
200.0,0.618974358974359
201.0,0.735609756097561
202.0,0.6179545454545454
203.0,0.5724999999999999
204.0,0.651891891891892
205.0,0.6189743589743589
206.0,0.5158139534883722
207.0,0.41384615384615386
208.0,0.47874999999999995
209.0,0.5978378378378377
210.0,0.5676923076923078
211.0,0.6086842105263157
212.0,0.6189743589743589
213.0,0.515813953488372
214.0,0.4356756756756756
215.0,0.5164102564102564
216.0,0.5676923076923078
217.0,0.7059459459459458
218.0,0.5516666666666666
219.0,0.3941463414634147
220.0,0.5308333333333333
221.0,0.6189743589743589
222.0,0.67875
223.0,0.72875
224.0,0.7483720930232558
225.0,0.5915217391304346
226.0,0.5892682926829268
227.0,0.5516666666666666
228.0,0.5404878048780487
229.0,0.5287499999999999
230.0,0.6189743589743589
231.0,0.6702564102564101
232.0,0.515813953488372
233.0,0.34536585365853656
234.0,0.48727272727272725
235.0,0.6975
236.0,0.6189743589743588
237.0,0.6469047619047619
238.0,0.6553488372093023
239.0,0.5270454545454545
240.0,0.4356756756756756
241.0,0.5560526315789474
242.0,0.6975
243.0,0.6868292682926829
244.0,0.6088372093023257
245.0,0.67875
246.0,0.67875
247.0,0.2599999999999999
248.0,0.3457142857142857
249.0,0.5742857142857143
250.0,0.5560526315789474
251.0,0.6885714285714285
252.0,0.5516666666666666
253.0,0.6086842105263157
254.0,0.6975
255.0,0.67875
256.0,0.735609756097561
257.0,0.4933333333333333
258.0,0.5978378378378378
259.0,0.6088372093023255
260.0,0.6287499999999999
261.0,0.72875
262.0,0.7483720930232558
263.0,0.5480434782608696
264.0,0.6518918918918919
265.0,0.6613157894736843
266.0,0.5158139534883721
267.0,0.6287499999999999
268.0,0.7215384615384615
269.0,0.72875
270.0,0.6179545454545454
271.0,0.7356097560975609
272.0,0.7483720930232557
273.0,0.6711111111111111
274.0,0.6553488372093023
275.0,0.5992857142857142
276.0,0.6945238095238094
277.0,0.72875
278.0,0.7018604651162789
279.0,0.663409090909091
280.0,0.701860465116279
281.0,0.6553488372093024
282.0,0.6945238095238094
283.0,0.6553488372093023
284.0,0.6553488372093024
285.0,0.6868292682926829
286.0,0.6945238095238094
287.0,0.4422916666666665
288.0,0.41384615384615375
289.0,0.5676923076923076
290.0,0.6287499999999999
291.0,0.5265217391304347
292.0,0.4197222222222222
293.0,0.4356756756756757
294.0,0.5560526315789472
295.0,0.6702564102564101
296.0,0.6287499999999999
297.0,0.686829268292683
298.0,0.6553488372093024
299.0,0.6945238095238094
300.0,0.72875
301.0,0.5602222222222222
302.0,0.5623255813953489
303.0,0.6878947368421053
304.0,0.5992857142857142
305.0,0.6287499999999999
306.0,0.6287499999999999
307.0,0.6945238095238094
308.0,0.6945238095238094
309.0,0.5915217391304346
310.0,0.67875
311.0,0.646904761904762
312.0,0.7018604651162791
313.0,0.5992857142857142
314.0,0.5892682926829268
315.0,0.6945238095238094
316.0,0.6088372093023255
317.0,0.5676923076923078
318.0,0.5516666666666666
319.0,0.6287499999999999
320.0,0.6287499999999999
321.0,0.6469047619047619
322.0,0.5516666666666666
323.0,0.67875
324.0,0.6380487804878048
325.0,0.06411764705882349
326.0,0.19023255813953488
327.0,0.4438235294117647
328.0,0.5742857142857142
329.0,0.5034210526315789
330.0,0.5287499999999999
331.0,0.7139473684210526
332.0,0.5892682926829268
333.0,0.6945238095238095
334.0,0.67875
335.0,0.7215384615384615
336.0,0.3314285714285714
337.0,0.5171428571428571
338.0,0.5742857142857142
339.0,0.47874999999999995
340.0,0.6613157894736841
341.0,0.6287499999999999
342.0,0.5892682926829269
343.0,0.6380487804878049
344.0,0.6868292682926829
345.0,0.6088372093023255
346.0,0.72875
347.0,0.701860465116279
348.0,0.30255319148936166
349.0,0.42874999999999996
350.0,0.661315789473684
351.0,0.7215384615384615
352.0,0.6945238095238095
353.0,0.5377777777777777
354.0,0.41384615384615386
355.0,0.5978378378378378
356.0,0.6287499999999999
357.0,0.6469047619047619
358.0,0.5822222222222222
359.0,0.7139473684210526
360.0,0.5623255813953489
361.0,0.3611904761904761
362.0,0.4088095238095237
363.0,0.4356756756756756
364.0,0.5437837837837837
365.0,0.57875
366.0,0.5992857142857142
367.0,0.7215384615384615
368.0,0.6945238095238094
369.0,0.6266666666666666
370.0,0.6702564102564101
371.0,0.4917073170731707
372.0,0.1681632653061224
373.0,0.5437837837837837
374.0,0.6287499999999999
375.0,0.5992857142857143
376.0,0.6787500000000001
377.0,0.7356097560975609
378.0,0.6266666666666666
379.0,0.6553488372093024
380.0,0.7421428571428571
381.0,0.701860465116279
382.0,0.6179545454545454
383.0,0.5724999999999999
384.0,0.6702564102564103
385.0,0.6553488372093023
386.0,0.6945238095238095
387.0,0.5377777777777778
388.0,0.6539999999999999
389.0,0.704
390.0,0.6553488372093023
391.0,0.6088372093023255
392.0,0.72875
393.0,0.701860465116279
394.0,0.7356097560975609
395.0,0.671111111111111
396.0,0.6945238095238094
397.0,0.6945238095238094
398.0,0.7088636363636364
399.0,0.4933333333333333
400.0,0.6287499999999999
401.0,0.6469047619047618
402.0,0.7356097560975609
403.0,0.7421428571428572
404.0,0.47276595744680855
405.0,0.5287499999999999
406.0,0.5676923076923075
407.0,0.6287499999999999
408.0,0.6287499999999999
409.0,0.5724999999999999
410.0,0.6469047619047619
411.0,0.5992857142857142
412.0,0.6380487804878048
413.0,0.686829268292683
414.0,0.7421428571428571
415.0,0.7483720930232558
416.0,0.671111111111111
417.0,0.7088636363636364
418.0,0.6349999999999999
419.0,0.5892682926829268
420.0,0.6868292682926829
421.0,0.6553488372093023
422.0,0.735609756097561
423.0,0.345
424.0,0.13499999999999995
425.0,0.37749999999999984
426.0,0.6885714285714285
427.0,0.5978378378378378
428.0,0.62875
429.0,0.6945238095238094
430.0,0.7356097560975609
431.0,0.4130612244897959
432.0,0.5560526315789472
433.0,0.5560526315789472
434.0,0.7139473684210524
435.0,0.6469047619047619
436.0,0.6945238095238094
437.0,0.6088372093023255
438.0,0.57875
439.0,0.6287499999999999
440.0,0.6868292682926829
441.0,0.6553488372093024
442.0,0.7483720930232558
443.0,0.7543181818181818
444.0,0.6349999999999999
445.0,0.701860465116279
446.0,0.6553488372093023
447.0,0.671111111111111
448.0,0.6553488372093024
449.0,0.5404878048780487
450.0,0.4693023255813953
451.0,0.6702564102564103
452.0,0.7356097560975609
453.0,0.7018604651162791
454.0,0.6945238095238094
455.0,0.6266666666666666
456.0,0.4564285714285714
457.0,0.6380487804878049
458.0,0.6086842105263157
459.0,0.6287499999999999
460.0,0.735609756097561
461.0,0.7483720930232558
462.0,0.6179545454545453
463.0,0.7155555555555556
464.0,0.735609756097561
465.0,0.7088636363636363
466.0,0.25519230769230766
467.0,0.517142857142857
468.0,0.6975
469.0,0.5404878048780487
470.0,0.7215384615384616
471.0,0.701860465116279
472.0,0.5954545454545453
473.0,0.6189743589743589
474.0,0.6709523809523809
475.0,0.6945238095238094
476.0,0.6945238095238094
477.0,0.6553488372093023
478.0,0.701860465116279
479.0,0.6266666666666667
480.0,0.67875
481.0,0.735609756097561
482.0,0.7088636363636364
483.0,0.701860465116279
484.0,0.6945238095238094
485.0,0.6179545454545455
486.0,0.561470588235294
487.0,0.67875
488.0,0.6086842105263158
489.0,0.6945238095238094
490.0,0.663409090909091
491.0,0.7018604651162791
492.0,0.6634090909090908
493.0,0.5480434782608696
494.0,0.504047619047619
495.0,0.6469047619047619
496.0,0.7356097560975609
497.0,0.7543181818181818
498.0,0.76
499.0,0.685531914893617
500.0,0.7543181818181818
501.0,0.7155555555555555
502.0,0.6784782608695651
503.0,0.6711111111111111
504.0,0.6553488372093021
505.0,0.7421428571428571
506.0,0.7088636363636364
507.0,0.4942553191489361
508.0,0.07249999999999997
509.0,0.385
510.0,0.5334374999999999
511.0,0.4507894736842105
512.0,0.6613157894736843
513.0,0.5892682926829268
514.0,0.5892682926829267
515.0,0.6469047619047619
516.0,0.6233333333333333
517.0,0.72875
518.0,0.6553488372093023
519.0,0.3741304347826087
520.0,0.6287499999999999
521.0,0.5992857142857142
522.0,0.67875
523.0,0.5623255813953487
524.0,0.6287499999999999
525.0,0.67875
526.0,0.646904761904762
527.0,0.6380487804878049
528.0,0.6287499999999999
529.0,0.6868292682926829
530.0,0.5270454545454546
531.0,0.5676923076923076
532.0,0.72875
533.0,0.7483720930232558
534.0,0.6634090909090908
535.0,0.5915217391304346
536.0,0.6634090909090907
537.0,0.701860465116279
538.0,0.5724999999999999
539.0,0.6469047619047619
540.0,0.686829268292683
541.0,0.6868292682926829
542.0,0.04181818181818177
543.0,0.3981578947368421
544.0,0.5742857142857142
545.0,0.6613157894736841
546.0,0.6868292682926829
547.0,0.701860465116279
548.0,0.6469047619047619
549.0,0.5045652173913043
550.0,0.6088372093023255
551.0,0.6613157894736842
552.0,0.735609756097561
553.0,0.5153191489361701
554.0,0.5270454545454545
555.0,0.6380487804878049
556.0,0.6553488372093024
557.0,0.6179545454545453
558.0,0.7356097560975609
559.0,0.6179545454545454
560.0,0.701860465116279
561.0,0.686829268292683
562.0,0.6266666666666667
563.0,0.6380487804878048
564.0,0.6945238095238094
565.0,0.6634090909090907
566.0,0.7018604651162791
567.0,0.4488888888888888
568.0,0.504047619047619
569.0,0.6469047619047619
570.0,0.646904761904762
571.0,0.3526086956521738
572.0,0.37875
573.0,0.5742857142857142
574.0,0.5676923076923076
575.0,0.7139473684210526
576.0,0.5158139534883721
577.0,0.6702564102564101
578.0,0.7356097560975609
579.0,0.7543181818181818
580.0,0.5256249999999999
581.0,0.5270454545454545
582.0,0.6287499999999999
583.0,0.7215384615384615
584.0,0.6945238095238094
585.0,0.5822222222222222
586.0,0.461086956521739
587.0,0.5992857142857142
588.0,0.6945238095238095
589.0,0.5623255813953487
590.0,0.6613157894736842
591.0,0.72875
592.0,0.5915217391304347
593.0,0.67875
594.0,0.5623255813953488
595.0,0.5725
596.0,0.5742857142857142
597.0,0.6702564102564103
598.0,0.6553488372093024
599.0,0.6469047619047619
600.0,0.6945238095238094
601.0,0.6945238095238094
602.0,0.5623255813953489
603.0,0.5724999999999999
604.0,0.686829268292683
605.0,0.7356097560975609
606.0,0.6004255319148936
607.0,0.5516666666666666
608.0,0.6088372093023255
609.0,0.5404878048780487
610.0,0.6702564102564101
611.0,0.6469047619047619
612.0,0.6553488372093023
613.0,0.6553488372093021
614.0,0.6469047619047618
615.0,0.7483720930232558
616.0,0.7088636363636364
617.0,0.6266666666666666
618.0,0.686829268292683
619.0,0.701860465116279
620.0,0.7543181818181818
621.0,0.678478260869565
622.0,0.7543181818181818
623.0,0.7219565217391306
624.0,0.7543181818181818
625.0,0.76
626.0,0.743913043478261
627.0,0.671111111111111
628.0,0.6266666666666666
629.0,0.686829268292683
630.0,0.6868292682926829
631.0,0.6088372093023255
632.0,0.7018604651162791
633.0,0.7421428571428571
634.0,0.7088636363636364
635.0,0.6349999999999999
636.0,0.6634090909090908
637.0,0.5822222222222222
638.0,0.7356097560975609
639.0,0.701860465116279
640.0,0.461086956521739
641.0,0.43021276595744673
642.0,0.6613157894736841
643.0,0.686829268292683
644.0,0.7356097560975609
645.0,0.7483720930232558
646.0,0.7543181818181819
647.0,0.7155555555555556
648.0,0.5793617021276595
649.0,0.5480434782608695
650.0,0.686829268292683
651.0,0.7018604651162791
652.0,0.7483720930232558
653.0,0.7088636363636364
654.0,0.7543181818181818
655.0,0.7318181818181817
656.0,0.6004255319148936
657.0,0.6634090909090908
658.0,0.7483720930232558
659.0,0.6266666666666667
660.0,0.6553488372093024
661.0,0.6553488372093023
662.0,0.7088636363636364
663.0,0.7088636363636364
664.0,0.7543181818181818
665.0,0.7155555555555555
666.0,0.671111111111111
667.0,0.7088636363636364
668.0,0.7421428571428571
669.0,0.7155555555555556
670.0,0.7155555555555556
671.0,0.5045652173913043
672.0,0.5270454545454545
673.0,0.6553488372093024
674.0,0.7018604651162791
675.0,0.7421428571428569
676.0,0.7543181818181818
677.0,0.6855319148936169
678.0,0.6784782608695651
679.0,0.7543181818181818
680.0,0.76
681.0,0.6855319148936169
682.0,0.7155555555555555
683.0,0.7219565217391305
684.0,0.7543181818181819
685.0,0.6784782608695652
686.0,0.6711111111111111
687.0,0.5516666666666665
688.0,0.6868292682926829
689.0,0.6634090909090907
690.0,0.7483720930232558
691.0,0.6004255319148936
692.0,0.701860465116279
693.0,0.7543181818181818
694.0,0.6784782608695652
695.0,0.7772727272727273
696.0,0.6855319148936169
697.0,0.646904761904762
698.0,0.6139024390243902
699.0,0.5992857142857143
700.0,0.7483720930232558
701.0,0.7155555555555555
702.0,0.7599999999999999
703.0,0.7599999999999999
704.0,0.6784782608695652
705.0,0.7155555555555555
706.0,0.7599999999999999
707.0,0.7155555555555556
708.0,0.6784782608695653
709.0,0.6004255319148936
710.0,0.7543181818181816
711.0,0.38499999999999995
712.0,0.5892682926829268
713.0,0.5992857142857142
714.0,0.7018604651162792
715.0,0.3188235294117646
716.0,0.37875000000000003
717.0,0.6419444444444443
718.0,0.7139473684210526
719.0,0.735609756097561
720.0,0.7543181818181818
721.0,0.7155555555555555
722.0,0.7543181818181819
723.0,0.7600000000000002
724.0,0.6429787234042552
725.0,0.671111111111111
726.0,0.671111111111111
727.0,0.7483720930232558
728.0,0.7155555555555555
729.0,0.7543181818181818
730.0,0.6429787234042552
731.0,0.7483720930232558
732.0,0.7155555555555555
733.0,0.7155555555555553
734.0,0.7155555555555555
735.0,0.6784782608695652
736.0,0.6429787234042552
737.0,0.7483720930232557
738.0,0.7599999999999999
739.0,0.76
740.0,0.7654347826086955
741.0,0.7706382978723403
742.0,0.7070212765957447
743.0,0.6429787234042551
744.0,0.7155555555555555
745.0,0.7155555555555555
746.0,0.7654347826086958
747.0,0.6855319148936172
748.0,0.701860465116279
749.0,0.7483720930232558
750.0,0.7599999999999999
751.0,0.685531914893617
752.0,0.7654347826086955
753.0,0.7280851063829787
754.0,0.7654347826086958
755.0,0.7599999999999998
756.0,0.7280851063829787
757.0,0.7219565217391305
758.0,0.701860465116279
759.0,0.7088636363636364
760.0,0.7543181818181819
761.0,0.7219565217391302
762.0,0.6506249999999999
763.0,0.646904761904762
764.0,0.6553488372093024
765.0,0.7421428571428571
766.0,0.7088636363636364
767.0,0.7772727272727273
768.0,0.7219565217391305
769.0,0.6004255319148936
770.0,0.4227906976744187
771.0,0.5270454545454545
772.0,0.6945238095238094
773.0,0.6380487804878049
774.0,0.6380487804878048
775.0,0.742142857142857
776.0,0.671111111111111
777.0,0.7483720930232558
778.0,0.5045652173913043
779.0,0.5724999999999999
780.0,0.13777777777777772
781.0,0.5287499999999999
782.0,0.618974358974359
783.0,0.49170731707317067
784.0,0.5516666666666666
785.0,0.5516666666666667
786.0,0.6702564102564101
787.0,0.6469047619047619
788.0,0.7421428571428571
789.0,0.6179545454545455
790.0,0.5153191489361701
791.0,0.6945238095238094
792.0,0.7356097560975609
793.0,0.7018604651162791
794.0,0.7543181818181818
795.0,0.5915217391304347
796.0,0.701860465116279
797.0,0.7483720930232558
798.0,0.671111111111111
799.0,0.7543181818181819
800.0,0.6429787234042552
801.0,0.671111111111111
802.0,0.735609756097561
803.0,0.7483720930232558
804.0,0.7219565217391305
805.0,0.7543181818181818
806.0,0.7219565217391303
807.0,0.6868292682926829
808.0,0.7483720930232557
809.0,0.7219565217391303
810.0,0.67875
811.0,0.6380487804878048
812.0,0.7483720930232557
813.0,0.76
814.0,0.7654347826086957
815.0,0.7219565217391303
816.0,0.7599999999999999
817.0,0.7654347826086957
818.0,0.7654347826086955
819.0,0.7654347826086955
820.0,0.6506249999999999
821.0,0.7543181818181819
822.0,0.7155555555555555
823.0,0.7600000000000002
824.0,0.7654347826086955
825.0,0.7654347826086957
826.0,0.7280851063829785
827.0,0.7654347826086957
828.0,0.6922916666666666
829.0,0.671111111111111
830.0,0.7599999999999999
831.0,0.7219565217391305
832.0,0.7599999999999999
833.0,0.7654347826086955
834.0,0.7654347826086957
835.0,0.7654347826086957
836.0,0.7280851063829787
837.0,0.7318181818181817
838.0,0.7219565217391303
839.0,0.686829268292683
840.0,0.7483720930232558
841.0,0.7543181818181819
842.0,0.7654347826086957
843.0,0.7654347826086955
844.0,0.6506249999999999
845.0,0.7088636363636364
846.0,0.7155555555555555
847.0,0.5578723404255319
848.0,0.7219565217391305
849.0,0.7654347826086955
850.0,0.7654347826086957
851.0,0.7654347826086955
852.0,0.5763265306122448
853.0,0.671111111111111
854.0,0.7379999999999999
855.0,0.742142857142857
856.0,0.7543181818181818
857.0,0.7155555555555553
858.0,0.5915217391304347
859.0,0.6784782608695652
860.0,0.6711111111111111
861.0,0.6935555555555555
862.0,0.6349999999999999
863.0,0.7155555555555555
864.0,0.7155555555555555
865.0,0.6784782608695652
866.0,0.5153191489361701
867.0,0.7356097560975609
868.0,0.7185714285714285
869.0,0.7483720930232557
870.0,0.7543181818181818
871.0,0.6711111111111111
872.0,0.7543181818181819
873.0,0.7543181818181818
874.0,0.76
875.0,0.76
876.0,0.7706382978723404
877.0,0.7654347826086955
878.0,0.7654347826086955
879.0,0.7280851063829787
880.0,0.3826415094339621
881.0,0.4933333333333333
882.0,0.49333333333333323
883.0,0.6380487804878049
884.0,0.742142857142857
885.0,0.7599999999999999
886.0,0.6784782608695651
887.0,0.6004255319148935
888.0,0.6711111111111112
889.0,0.7088636363636364
890.0,0.7253488372093023
891.0,0.7654347826086955
892.0,0.7599999999999999
893.0,0.7654347826086955
894.0,0.7280851063829785
895.0,0.6855319148936169
896.0,0.7219565217391303
897.0,0.6784782608695652
898.0,0.6634090909090908
899.0,0.742142857142857
900.0,0.671111111111111
901.0,0.671111111111111
902.0,0.7421428571428571
903.0,0.76
904.0,0.7599999999999998
905.0,0.7599999999999999
906.0,0.7219565217391305
907.0,0.7219565217391305
908.0,0.7599999999999999
909.0,0.7654347826086957
910.0,0.6506249999999999
911.0,0.6004255319148936
912.0,0.635
913.0,0.6784782608695652
914.0,0.6945238095238094
915.0,0.6711111111111111
916.0,0.748372093023256
917.0,0.7543181818181816
918.0,0.5466666666666667
919.0,0.6349999999999999
920.0,0.7088636363636365
921.0,0.7088636363636364
922.0,0.7088636363636363
923.0,0.7155555555555553
924.0,0.7088636363636364
925.0,0.7088636363636364
926.0,0.7599999999999999
927.0,0.7543181818181819
928.0,0.6506249999999999
929.0,0.771860465116279
930.0,0.7599999999999999
931.0,0.7280851063829785
932.0,0.7599999999999999
933.0,0.7654347826086957
934.0,0.7654347826086957
935.0,0.76
936.0,0.3972549019607842
937.0,0.5480434782608695
938.0,0.7599999999999999
939.0,0.7654347826086957
940.0,0.6506249999999999
941.0,0.76
942.0,0.7070212765957444
943.0,0.20907407407407397
944.0,0.3876595744680851
945.0,0.6469047619047619
946.0,0.7155555555555555
947.0,0.7599999999999999
948.0,0.7155555555555555
949.0,0.7280851063829787
950.0,0.7155555555555555
951.0,0.6089583333333333
952.0,0.635
953.0,0.6634090909090908
954.0,0.7356097560975609
955.0,0.7483720930232557
956.0,0.7219565217391305
957.0,0.7219565217391305
958.0,0.6784782608695652
959.0,0.686829268292683
960.0,0.7483720930232558
961.0,0.7155555555555555
962.0,0.6429787234042552
963.0,0.7088636363636364
964.0,0.663409090909091
965.0,0.6266666666666667
966.0,0.5256249999999999
967.0,0.6945238095238094
968.0,0.7421428571428571
969.0,0.6004255319148936
970.0,0.5915217391304347
971.0,0.6945238095238095
972.0,0.663409090909091
973.0,0.7543181818181818
974.0,0.6349999999999999
975.0,0.6349999999999999
976.0,0.5377777777777778
977.0,0.7421428571428571
978.0,0.7483720930232558
979.0,0.7155555555555555
980.0,0.04070175438596488
981.0,0.35999999999999993
982.0,0.5164102564102565
983.0,0.6287499999999999
984.0,0.6323255813953487
985.0,0.7483720930232558
986.0,0.6634090909090907
987.0,0.6711111111111111
988.0,0.4422916666666666
989.0,0.5623255813953488
990.0,0.7421428571428571
991.0,0.7483720930232558
992.0,0.47448979591836726
993.0,0.5822222222222221
994.0,0.7421428571428571
995.0,0.7543181818181818
996.0,0.5355102040816325
997.0,0.5355102040816326
998.0,0.5863888888888887
999.0,0.6868292682926829
1000.0,0.7356097560975609
1001.0,0.671111111111111
1002.0,0.6634090909090908
1003.0,0.663409090909091
1004.0,0.7483720930232558
1005.0,0.7543181818181818
1006.0,0.685531914893617
1007.0,0.4649999999999999
1008.0,0.7421428571428571
1009.0,0.7088636363636364
1010.0,0.5915217391304347
1011.0,0.5153191489361703
1012.0,0.4946938775510203
1013.0,0.41760869565217396
1014.0,0.6868292682926829
1015.0,0.6945238095238094
1016.0,0.7088636363636364
1017.0,0.7088636363636364
1018.0,0.5480434782608694
1019.0,0.7543181818181818
1020.0,0.7543181818181818
1021.0,0.7155555555555556
1022.0,0.6784782608695651
1023.0,0.742142857142857
1024.0,0.5822222222222222
1025.0,0.5672916666666666
1026.0,0.5915217391304349
1027.0,0.6179545454545454
1028.0,0.7483720930232558
1029.0,0.7155555555555556
1030.0,0.7599999999999999
1031.0,0.76
1032.0,0.7654347826086957
1033.0,0.7654347826086955
1034.0,0.6506249999999999
1035.0,0.7155555555555555
1036.0,0.7654347826086957
1037.0,0.7654347826086957
1038.0,0.585
1039.0,0.685531914893617
1040.0,0.6922916666666664
1041.0,0.7599999999999999
1042.0,0.7155555555555555
1043.0,0.76
1044.0,0.6089583333333333
1045.0,0.40444444444444444
1046.0,0.6634090909090908
1047.0,0.7543181818181818
1048.0,0.6784782608695652
1049.0,0.7219565217391303
1050.0,0.7599999999999999
1051.0,0.7654347826086957
1052.0,0.7280851063829787
1053.0,0.671111111111111
1054.0,0.7543181818181819
1055.0,0.7280851063829785
1056.0,0.76
1057.0,0.76
1058.0,0.7654347826086955
1059.0,0.7654347826086955
1060.0,0.7280851063829787
1061.0,0.7654347826086955
1062.0,0.30910714285714275
1063.0,0.6855319148936169
1064.0,0.7599999999999999
1065.0,0.7654347826086957
1066.0,0.585
1067.0,0.6506249999999999
1068.0,0.5252
1069.0,0.6855319148936169
1070.0,0.76
1071.0,0.6855319148936169
1072.0,0.6506249999999999
1073.0,0.685531914893617
1074.0,0.685531914893617
1075.0,0.7543181818181819
1076.0,0.7599999999999999
1077.0,0.7280851063829785
1078.0,0.7654347826086955
1079.0,0.7280851063829785
1080.0,0.6922916666666664
1081.0,0.5045652173913043
1082.0,0.6349999999999999
1083.0,0.7543181818181816
1084.0,0.7543181818181818
1085.0,0.7654347826086957
1086.0,0.5449999999999999
1087.0,0.5049999999999999
1088.0,0.7155555555555556
1089.0,0.76
1090.0,0.743913043478261
1091.0,0.7654347826086955
1092.0,0.3705769230769229
1093.0,0.6429787234042552
1094.0,0.7483720930232557
1095.0,0.76
1096.0,0.7219565217391303
1097.0,0.7654347826086957
1098.0,0.5763265306122448
1099.0,0.7439130434782608
1100.0,0.7219565217391305
1101.0,0.7824444444444445
1102.0,0.685531914893617
1103.0,0.685531914893617
1104.0,0.7599999999999999
1105.0,0.7654347826086957
1106.0,0.07578947368421049
1107.0,0.5049999999999999
1108.0,0.671111111111111
1109.0,0.7543181818181818
1110.0,0.7599999999999999
1111.0,0.5355102040816326
1112.0,0.5256249999999999
1113.0,0.7661904761904762
1114.0,0.7219565217391305
1115.0,0.7599999999999999
1116.0,0.7219565217391305
1117.0,0.7219565217391305
1118.0,0.76
1119.0,0.685531914893617
1120.0,0.748372093023256
1121.0,0.7543181818181819
1122.0,0.7654347826086957
1123.0,0.7654347826086955
1124.0,0.7654347826086957
1125.0,0.7280851063829785
1126.0,0.2512280701754385
1127.0,0.436470588235294
1128.0,0.6553488372093024
1129.0,0.6469047619047618
1130.0,0.7483720930232558
1131.0,0.7483720930232558
1132.0,0.7654347826086955
1133.0,0.6922916666666666
1134.0,0.5355102040816326
1135.0,0.6868292682926829
1136.0,0.6553488372093024
1137.0,0.7543181818181818
1138.0,0.6784782608695652
1139.0,0.7543181818181819
1140.0,0.7599999999999999
1141.0,0.7654347826086957
1142.0,0.76
1143.0,0.5449999999999998
1144.0,0.4946938775510203
1145.0,0.7155555555555555
1146.0,0.6784782608695651
1147.0,0.7318181818181817
1148.0,0.6429787234042553
1149.0,0.7599999999999999
1150.0,0.7219565217391305
1151.0,0.4130612244897959
1152.0,0.6179545454545454
1153.0,0.7421428571428571
1154.0,0.7543181818181818
1155.0,0.76
1156.0,0.7280851063829785
1157.0,0.685531914893617
1158.0,0.7543181818181818
1159.0,0.7654347826086958
1160.0,0.6784782608695652
1161.0,0.7219565217391303
1162.0,0.685531914893617
1163.0,0.7219565217391303
1164.0,0.76
1165.0,0.76
1166.0,0.7280851063829785
1167.0,0.6429787234042553
1168.0,0.7654347826086957
1169.0,0.7654347826086955
1170.0,0.7654347826086957
1171.0,0.7654347826086958
1172.0,0.7280851063829787
1173.0,0.33272727272727265
1174.0,0.6349999999999999
1175.0,0.701860465116279
1176.0,0.7088636363636364
1177.0,0.7599999999999999
1178.0,0.7219565217391303
1179.0,0.7654347826086955
1180.0,0.7654347826086955
1181.0,0.7654347826086957
1182.0,0.7495744680851063
1183.0,0.685531914893617
1184.0,0.685531914893617
1185.0,0.6922916666666666
1186.0,0.7219565217391305
1187.0,0.7654347826086957
1188.0,0.7654347826086955
1189.0,0.7654347826086957
1190.0,0.7599999999999999
1191.0,0.7280851063829787
1192.0,0.7654347826086955
1193.0,0.7706382978723403
1194.0,0.7706382978723403
1195.0,0.7706382978723403
1196.0,0.7706382978723403
1197.0,0.7280851063829785
1198.0,0.7873913043478261
1199.0,0.7706382978723403
1200.0,0.7706382978723404
1201.0,0.7654347826086955
1202.0,0.7706382978723404
1203.0,0.7421428571428571
1204.0,0.671111111111111
1205.0,0.7088636363636364
1206.0,0.7654347826086957
1207.0,0.7219565217391305
1208.0,0.7219565217391305
1209.0,0.6922916666666666
1210.0,0.6506249999999999
1211.0,0.6784782608695651
1212.0,0.7599999999999999
1213.0,0.76
1214.0,0.6634090909090908
1215.0,0.7543181818181819
1216.0,0.7088636363636363
1217.0,0.7219565217391305
1218.0,0.7280851063829787
1219.0,0.7280851063829787
1220.0,0.7219565217391302
1221.0,0.7654347826086955
1222.0,0.7654347826086957
1223.0,0.7706382978723403
1224.0,0.7654347826086955
1225.0,0.585
1226.0,0.6506249999999999
1227.0,0.7543181818181818
1228.0,0.7654347826086955
1229.0,0.7280851063829787
1230.0,0.6506249999999999
1231.0,0.7654347826086955
1232.0,0.7280851063829787
1233.0,0.7280851063829785
1234.0,0.7543181818181819
1235.0,0.7219565217391305
1236.0,0.685531914893617
1237.0,0.7599999999999999
1238.0,0.7280851063829787
1239.0,0.7088636363636364
1240.0,0.685531914893617
1241.0,0.7599999999999999
1242.0,0.7654347826086955
1243.0,0.7873913043478259
1244.0,0.7706382978723403
1245.0,0.7706382978723403
1246.0,0.7495744680851063
1247.0,0.6716666666666665
1248.0,0.7654347826086955
1249.0,0.7654347826086957
1250.0,0.6171428571428571
1251.0,0.5049999999999999
1252.0,0.6429787234042552
1253.0,0.7219565217391305
1254.0,0.76
1255.0,0.7654347826086958
1256.0,0.7654347826086957
1257.0,0.7280851063829785
1258.0,0.6506249999999999
1259.0,0.6784782608695652
1260.0,0.7824444444444443
1261.0,0.7280851063829785
1262.0,0.7654347826086957
1263.0,0.6922916666666666
1264.0,0.6506249999999999
1265.0,0.7280851063829785
1266.0,0.7654347826086955
1267.0,0.7706382978723404
1268.0,0.7339583333333333
1269.0,0.6506249999999999
1270.0,0.742142857142857
1271.0,0.7599999999999999
1272.0,0.6922916666666666
1273.0,0.7219565217391305
1274.0,0.7483720930232558
1275.0,0.7654347826086955
1276.0,0.7280851063829787
1277.0,0.7873913043478259
1278.0,0.6855319148936169
1279.0,0.7155555555555555
1280.0,0.6855319148936169
1281.0,0.7654347826086955
1282.0,0.7654347826086955
1283.0,0.7654347826086957
1284.0,0.7706382978723403
1285.0,0.7280851063829785
1286.0,0.7654347826086957
1287.0,0.7654347826086958
1288.0,0.6922916666666666
1289.0,0.7280851063829787
1290.0,0.7543181818181819
1291.0,0.7088636363636364
1292.0,0.7219565217391305
1293.0,0.7219565217391305
1294.0,0.7421428571428571
1295.0,0.7088636363636364
1296.0,0.7654347826086957
1297.0,0.6429787234042553
1298.0,0.7219565217391303
1299.0,0.7654347826086957
1300.0,0.7280851063829787
1301.0,-0.214264705882353
1302.0,0.08075471698113203
1303.0,0.6287499999999999
1304.0,0.6469047619047619
1305.0,0.15622641509433957
1306.0,0.41760869565217384
1307.0,0.7059459459459458
1308.0,0.6945238095238094
1309.0,0.671111111111111
1310.0,0.76
1311.0,0.7599999999999999
1312.0,0.7219565217391303
1313.0,0.14596491228070174
1314.0,0.2599999999999999
1315.0,0.6469047619047619
1316.0,0.701860465116279
1317.0,0.1108771929824561
1318.0,0.1145454545454545
1319.0,0.45999999999999996
1320.0,0.7215384615384615
1321.0,0.7088636363636364
1322.0,-0.8136842105263156
1323.0,-0.38788732394366204
1324.0,0.14372093023255808
1325.0,0.669090909090909
1326.0,0.5516666666666665
1327.0,0.6868292682926829
1328.0,0.7483720930232558
1329.0,0.7543181818181819
1330.0,0.7219565217391305
1331.0,0.7155555555555555
1332.0,0.7219565217391305
1333.0,0.7543181818181818
1334.0,0.7654347826086955
1335.0,0.7654347826086955
1336.0,0.7654347826086955
1337.0,0.7706382978723403
1338.0,0.7654347826086955
1339.0,0.7706382978723403
1340.0,0.7706382978723404
1341.0,0.7706382978723403
1342.0,0.7706382978723403
1343.0,0.7339583333333333
1344.0,0.7114634146341463
1345.0,0.5578723404255318
1346.0,0.5915217391304347
1347.0,0.7543181818181818
1348.0,0.76
1349.0,0.7654347826086957
1350.0,0.7654347826086955
1351.0,0.7873913043478261
1352.0,0.6922916666666666
1353.0,0.7654347826086957
1354.0,0.7280851063829784
1355.0,0.7018604651162791
1356.0,0.7088636363636364
1357.0,0.7219565217391305
1358.0,0.7219565217391303
1359.0,0.7824444444444443
1360.0,0.7280851063829785
1361.0,0.7654347826086955
1362.0,0.7706382978723403
1363.0,0.7706382978723403
1364.0,0.7706382978723404
1365.0,0.7339583333333333
1366.0,0.6922916666666666
1367.0,0.7599999999999999
1368.0,0.7219565217391305
1369.0,0.7654347826086955
1370.0,0.7654347826086955
1371.0,0.7706382978723403
1372.0,0.7706382978723404
1373.0,0.6171428571428571
1374.0,0.7280851063829787
1375.0,0.7654347826086955
1376.0,0.7706382978723403
1377.0,0.7706382978723403
1378.0,0.7706382978723403
1379.0,0.6922916666666666
1380.0,0.6171428571428571
1381.0,0.76
1382.0,0.7654347826086957
1383.0,0.7280851063829787
1384.0,0.7706382978723404
1385.0,0.7280851063829787
1386.0,0.6171428571428571
1387.0,0.6922916666666666
1388.0,0.6429787234042553
1389.0,0.738
1390.0,0.7280851063829787
1391.0,0.7599999999999999
1392.0,0.7543181818181819
1393.0,0.7654347826086957
1394.0,0.7706382978723403
1395.0,0.505
1396.0,0.6089583333333333
1397.0,0.7219565217391305
1398.0,0.7654347826086955
1399.0,0.6579591836734693
1400.0,0.685531914893617
1401.0,0.7599999999999999
1402.0,0.7654347826086955
1403.0,0.6716666666666665
1404.0,0.7280851063829785
1405.0,0.7219565217391305
1406.0,0.7219565217391303
1407.0,0.6855319148936169
1408.0,0.7543181818181818
1409.0,0.7543181818181818
1410.0,0.7219565217391305
1411.0,0.7280851063829785
1412.0,0.7654347826086957
1413.0,0.7280851063829787
1414.0,0.6922916666666666
1415.0,0.7543181818181818
1416.0,0.7824444444444446
1417.0,0.7654347826086955
1418.0,0.6579591836734694
1419.0,0.4954901960784313
1420.0,0.7421428571428571
1421.0,0.7599999999999999
1422.0,0.76
1423.0,0.7280851063829787
1424.0,0.7280851063829785
1425.0,0.6089583333333334
1426.0,0.7155555555555555
1427.0,0.7654347826086957
1428.0,0.7219565217391303
1429.0,0.7318181818181817
1430.0,0.48395833333333327
1431.0,0.6429787234042553
1432.0,0.7421428571428571
1433.0,0.7599999999999999
1434.0,0.7219565217391305
1435.0,0.3321153846153846
1436.0,0.5578723404255319
1437.0,0.7599999999999999
1438.0,0.76
1439.0,0.7654347826086957
1440.0,0.7654347826086955
1441.0,0.7654347826086955
1442.0,0.7706382978723404
1443.0,0.7280851063829787
1444.0,0.7706382978723403
1445.0,0.7706382978723404
1446.0,0.7654347826086957
1447.0,0.7654347826086955
1448.0,0.7654347826086955
1449.0,0.7280851063829787
1450.0,0.6506249999999999
1451.0,0.7654347826086958
1452.0,0.7495744680851063
1453.0,0.7219565217391305
1454.0,0.7219565217391303
1455.0,0.7280851063829789
1456.0,0.7654347826086955
1457.0,0.7654347826086957
1458.0,0.7339583333333333
1459.0,0.617142857142857
1460.0,0.617142857142857
1461.0,0.7654347826086955
1462.0,0.7280851063829785
1463.0,0.7280851063829785
1464.0,0.7873913043478261
1465.0,0.7280851063829787
1466.0,0.6004255319148936
1467.0,0.6349999999999999
1468.0,0.7155555555555556
1469.0,0.76
1470.0,0.7654347826086955
1471.0,0.7706382978723404
1472.0,0.6506249999999999
1473.0,0.6349999999999999
1474.0,0.76
1475.0,0.7654347826086955
1476.0,0.7280851063829785
1477.0,0.7280851063829785
1478.0,0.7280851063829785
1479.0,0.7280851063829785
1480.0,0.7706382978723403
1481.0,0.7873913043478261
1482.0,0.7706382978723404
1483.0,0.7706382978723403
1484.0,0.7706382978723403
1485.0,0.7706382978723404
1486.0,0.7706382978723404
1487.0,0.7706382978723404
1488.0,0.7280851063829787
1489.0,0.7706382978723403
1490.0,0.7706382978723403
1491.0,0.7706382978723404
1492.0,0.7654347826086955
1493.0,0.7706382978723403
1494.0,0.7706382978723404
1495.0,0.7706382978723404
1496.0,0.7706382978723403
1497.0,0.7280851063829785
1498.0,0.7706382978723403
1499.0,0.685531914893617
1500.0,0.7654347826086957
1501.0,0.7706382978723403
1502.0,0.7706382978723404
1503.0,0.7280851063829787
1504.0,0.7654347826086957
1505.0,0.7706382978723403
1506.0,0.7280851063829785
1507.0,0.7706382978723403
1508.0,0.7339583333333333
1509.0,0.7654347826086955
1510.0,0.7654347826086955
1511.0,0.7706382978723403
1512.0,0.7654347826086957
1513.0,0.7706382978723404
1514.0,0.685531914893617
1515.0,0.7654347826086958
1516.0,0.7654347826086957
1517.0,0.7654347826086957
1518.0,0.7654347826086955
1519.0,0.7280851063829787
1520.0,0.7280851063829785
1521.0,0.7706382978723403
1522.0,0.7654347826086955
1523.0,0.4581132075471696
1524.0,0.47568627450980383
1525.0,0.7219565217391305
1526.0,0.7219565217391305
1527.0,0.7599999999999999
1528.0,0.7654347826086955
1529.0,0.7654347826086957
1530.0,0.7706382978723403
1531.0,0.7706382978723403
1532.0,0.6429787234042552
1533.0,0.7654347826086955
1534.0,0.7654347826086955
1535.0,0.7280851063829785
1536.0,0.7706382978723403
1537.0,0.7706382978723403
1538.0,0.7654347826086955
1539.0,0.7706382978723404
1540.0,0.7706382978723403
1541.0,0.7339583333333333
1542.0,0.7706382978723403
1543.0,0.7706382978723403
1544.0,0.6922916666666664
1545.0,0.6922916666666666
1546.0,0.7873913043478259
1547.0,0.7280851063829785
1548.0,0.76
1549.0,0.7654347826086954
1550.0,0.7706382978723404
1551.0,0.7706382978723404
1552.0,0.7706382978723404
1553.0,0.6922916666666666
1554.0,0.7706382978723403
1555.0,0.7280851063829785
1556.0,0.6171428571428571
1557.0,0.7599999999999999
1558.0,0.7280851063829787
1559.0,0.7654347826086955
1560.0,0.7706382978723404
1561.0,0.7706382978723403
1562.0,0.7706382978723403
1563.0,0.7706382978723403
1564.0,0.7599999999999999
1565.0,0.7654347826086957
1566.0,0.7706382978723403
1567.0,0.7706382978723403
1568.0,0.7706382978723404
1569.0,0.7706382978723404
1570.0,0.7654347826086955
1571.0,0.7654347826086955
1572.0,0.7706382978723403
1573.0,0.7706382978723404
1574.0,0.7706382978723404
1575.0,0.7654347826086957
1576.0,0.7706382978723403
1577.0,0.7280851063829787
1578.0,0.4581132075471697
1579.0,0.5541176470588234
1580.0,0.6579591836734693
1581.0,0.7654347826086957
1582.0,0.7706382978723403
1583.0,0.7280851063829785
1584.0,0.7706382978723403
1585.0,0.7706382978723404
1586.0,0.7706382978723404
1587.0,0.7280851063829787
1588.0,0.6922916666666666
1589.0,0.7706382978723403
1590.0,0.6429787234042552
1591.0,0.701860465116279
1592.0,0.6784782608695651
1593.0,0.6784782608695652
1594.0,0.7219565217391303
1595.0,0.7599999999999999
1596.0,0.7654347826086957
1597.0,0.7599999999999999
1598.0,0.7654347826086958
1599.0,0.7873913043478259
1600.0,0.6506249999999999
1601.0,0.7706382978723404
1602.0,0.7654347826086955
1603.0,0.7706382978723403
1604.0,0.7155555555555555
1605.0,0.76
1606.0,0.7654347826086957
1607.0,0.7706382978723403
1608.0,0.7706382978723403
1609.0,0.76
1610.0,0.7654347826086957
1611.0,0.6506249999999999
1612.0,0.7280851063829787
1613.0,0.7706382978723404
1614.0,0.7706382978723403
1615.0,0.7654347826086955
1616.0,0.7706382978723403
1617.0,0.7706382978723403
1618.0,0.7280851063829785
1619.0,0.6922916666666666
1620.0,0.7280851063829787
1621.0,0.7219565217391303
1622.0,0.7654347826086955
1623.0,0.7706382978723403
1624.0,0.7706382978723404
1625.0,0.7706382978723403
1626.0,0.7706382978723403
1627.0,0.7706382978723403
1628.0,0.7706382978723403
1629.0,0.7706382978723403
1630.0,0.7654347826086957
1631.0,0.7654347826086955
1632.0,0.7706382978723403
1633.0,0.7280851063829785
1634.0,0.7706382978723403
1635.0,0.7706382978723403
1636.0,0.7706382978723404
1637.0,0.7772727272727272
1638.0,0.76
1639.0,0.7280851063829787
1640.0,0.7706382978723403
1641.0,0.7706382978723403
1642.0,0.7706382978723403
1643.0,0.7706382978723403
1644.0,0.7706382978723404
1645.0,0.7706382978723404
1646.0,0.7706382978723403
1647.0,0.7706382978723403
1648.0,0.7706382978723403
1649.0,0.7706382978723403
1650.0,0.7339583333333333
1651.0,0.7706382978723404
1652.0,0.7339583333333333
1653.0,0.7706382978723404
1654.0,0.705945945945946
1655.0,0.7483720930232557
1656.0,0.7599999999999999
1657.0,-0.00953125000000004
1658.0,0.6429787234042551
1659.0,0.7654347826086957
1660.0,0.7654347826086955
1661.0,0.685531914893617
1662.0,0.7280851063829787
1663.0,0.7654347826086955
1664.0,0.701860465116279
1665.0,0.7543181818181816
1666.0,0.7654347826086957
1667.0,0.7706382978723403
1668.0,0.6579591836734694
1669.0,0.6855319148936169
1670.0,0.7654347826086957
1671.0,0.6922916666666666
1672.0,0.7280851063829785
1673.0,0.7280851063829785
1674.0,0.7706382978723403
1675.0,0.7280851063829785
1676.0,0.6506249999999999
1677.0,0.7280851063829785
1678.0,0.7654347826086955
1679.0,0.7706382978723403
1680.0,0.7706382978723403
1681.0,0.7706382978723403
1682.0,0.7706382978723404
1683.0,0.7706382978723403
1684.0,0.7339583333333333
1685.0,0.72875
1686.0,0.701860465116279
1687.0,0.7599999999999999
1688.0,0.7280851063829785
1689.0,0.7280851063829787
1690.0,0.7280851063829785
1691.0,0.7706382978723404
1692.0,0.35722222222222205
1693.0,0.4475
1694.0,0.7654347826086957
1695.0,0.7824444444444443
1696.0,0.7280851063829785
1697.0,0.7280851063829787
1698.0,0.7070212765957447
1699.0,0.7706382978723404
1700.0,0.6922916666666666
1701.0,0.6429787234042552
1702.0,0.6429787234042552
1703.0,0.7155555555555556
1704.0,0.7654347826086957
1705.0,0.7654347826086955
1706.0,0.7706382978723403
1707.0,0.7654347826086955
1708.0,0.7654347826086955
1709.0,0.7654347826086955
1710.0,0.6922916666666666
1711.0,0.6922916666666666
1712.0,0.7654347826086955
1713.0,0.6922916666666664
1714.0,0.7654347826086955
1715.0,0.7654347826086955
1716.0,0.7654347826086955
1717.0,0.7654347826086955
1718.0,0.7654347826086955
1719.0,0.7706382978723403
1720.0,0.7706382978723403
1721.0,0.7706382978723404
1722.0,0.7654347826086957
1723.0,0.7654347826086955
1724.0,0.7706382978723403
1725.0,0.7339583333333333
1726.0,0.7280851063829787
1727.0,0.7280851063829787
1728.0,0.7706382978723403
1729.0,0.7280851063829785
1730.0,0.7706382978723404
1731.0,0.7599999999999999
1732.0,0.7599999999999999
1733.0,0.7654347826086955
1734.0,0.7706382978723403
1735.0,0.7706382978723404
1736.0,0.7706382978723403
1737.0,0.7280851063829785
1738.0,0.7706382978723403
1739.0,0.6922916666666666
1740.0,0.7280851063829787
1741.0,0.7654347826086957
1742.0,0.7495744680851063
1743.0,0.7280851063829785
1744.0,0.7654347826086955
1745.0,0.6922916666666666
1746.0,0.7654347826086955
1747.0,0.7654347826086957
1748.0,0.7706382978723404
1749.0,0.7706382978723403
1750.0,0.7280851063829787
1751.0,0.7654347826086957
1752.0,0.7706382978723403
1753.0,0.7706382978723403
1754.0,0.7706382978723404
1755.0,0.7339583333333333
1756.0,0.7706382978723404
1757.0,0.7706382978723403
1758.0,0.7654347826086957
1759.0,0.7280851063829785
1760.0,0.7706382978723403
1761.0,0.7706382978723403
1762.0,0.7706382978723403
1763.0,0.7706382978723403
1764.0,0.6089583333333333
1765.0,0.7339583333333332
1766.0,0.6975
1767.0,0.6945238095238094
1768.0,0.678478260869565
1769.0,0.7654347826086955
1770.0,0.7654347826086955
1771.0,0.7339583333333332
1772.0,0.7219565217391305
1773.0,0.7070212765957447
1774.0,0.7654347826086957
1775.0,0.7706382978723403
1776.0,0.7280851063829785
1777.0,0.7706382978723403
1778.0,0.7706382978723403
1779.0,0.7706382978723404
1780.0,0.7706382978723403
1781.0,0.7706382978723404
1782.0,0.7654347826086955
1783.0,0.7706382978723403
1784.0,0.7706382978723403
1785.0,0.7706382978723403
1786.0,0.6922916666666666
1787.0,0.7706382978723403
1788.0,0.7706382978723403
1789.0,0.7706382978723403
1790.0,0.7706382978723404
1791.0,0.7706382978723403
1792.0,0.7654347826086955
1793.0,0.7339583333333332
1794.0,0.7654347826086955
1795.0,0.6506249999999999
1796.0,0.7706382978723404
1797.0,0.7483720930232557
1798.0,0.7088636363636364
1799.0,0.7280851063829789
1800.0,0.6429787234042551
1801.0,0.7280851063829785
1802.0,0.6922916666666666
1803.0,0.20907407407407397
1804.0,0.5355102040816325
1805.0,0.6711111111111112
1806.0,0.7219565217391303
1807.0,0.7654347826086955
1808.0,0.7280851063829785
1809.0,0.7280851063829785
1810.0,0.7654347826086957
1811.0,0.7654347826086955
1812.0,0.7706382978723403
1813.0,0.6922916666666664
1814.0,0.7339583333333333
1815.0,0.7706382978723403
1816.0,0.7654347826086957
1817.0,0.7873913043478259
1818.0,0.7706382978723403
1819.0,0.7280851063829787
1820.0,0.7706382978723404
1821.0,0.6429787234042552
1822.0,0.7219565217391305
1823.0,0.7280851063829787
1824.0,0.4016981132075471
1825.0,0.6429787234042551
1826.0,0.7654347826086957
1827.0,0.7280851063829787
1828.0,0.7654347826086957
1829.0,0.7654347826086955
1830.0,0.7654347826086955
1831.0,0.7219565217391303
1832.0,0.7280851063829787
1833.0,0.7654347826086955
1834.0,0.7654347826086955
1835.0,0.7706382978723403
1836.0,0.7706382978723404
1837.0,0.617142857142857
1838.0,0.6922916666666664
1839.0,0.6922916666666666
1840.0,0.7599999999999999
1841.0,0.7706382978723403
1842.0,0.7339583333333333
1843.0,0.7280851063829787
1844.0,-0.13453125000000007
1845.0,0.5763265306122449
1846.0,0.7088636363636364
1847.0,0.7599999999999999
1848.0,0.6171428571428571
1849.0,0.7654347826086957
1850.0,0.7654347826086957
1851.0,0.7654347826086955
1852.0,0.7280851063829787
1853.0,0.7280851063829787
1854.0,0.7706382978723404
1855.0,0.7654347826086955
1856.0,0.7706382978723404
1857.0,0.7706382978723403
1858.0,0.7706382978723404
1859.0,0.6922916666666666
1860.0,0.7706382978723403
1861.0,0.7654347826086957
1862.0,0.7280851063829785
1863.0,0.7706382978723404
1864.0,0.7280851063829785
1865.0,0.6922916666666666
1866.0,0.7280851063829787
1867.0,0.25999999999999984
1868.0,0.32018518518518524
1869.0,0.7599999999999999
1870.0,0.7599999999999999
1871.0,0.7654347826086957
1872.0,0.1108771929824561
1873.0,0.5578723404255318
1874.0,0.671111111111111
1875.0,0.76
1876.0,0.7654347826086955
1877.0,0.7654347826086955
1878.0,0.7654347826086957
1879.0,0.7280851063829787
1880.0,0.6506249999999999
1881.0,0.7280851063829785
1882.0,0.7280851063829787
1883.0,0.7280851063829785
1884.0,0.7654347826086955
1885.0,0.7706382978723404
1886.0,0.7706382978723405
1887.0,0.7706382978723403
1888.0,0.7339583333333333
1889.0,0.7339583333333333
1890.0,0.7706382978723403
1891.0,0.7706382978723403
1892.0,0.6922916666666666
1893.0,0.6506249999999999
1894.0,0.7654347826086955
1895.0,0.7654347826086957
1896.0,0.76
1897.0,0.5763265306122448
1898.0,0.7219565217391303
1899.0,0.7219565217391303
1900.0,0.7280851063829785
1901.0,0.7219565217391305
1902.0,0.7706382978723404
1903.0,0.7706382978723404
1904.0,0.7543181818181818
1905.0,0.7543181818181818
1906.0,0.7280851063829785
1907.0,0.3147272727272726
1908.0,0.5355102040816325
1909.0,0.72875
1910.0,0.7599999999999998
1911.0,0.6855319148936169
1912.0,0.7654347826086955
1913.0,0.7280851063829789
1914.0,0.7439130434782608
1915.0,0.7654347826086957
1916.0,0.7654347826086955
1917.0,0.7280851063829787
1918.0,0.7654347826086955
1919.0,0.6922916666666666
1920.0,0.7706382978723403
1921.0,0.7706382978723403
1922.0,0.7706382978723403
1923.0,0.7654347826086955
1924.0,0.7706382978723403
1925.0,0.7706382978723404
1926.0,0.7873913043478259
1927.0,0.7706382978723403
1928.0,0.7706382978723404
1929.0,0.7706382978723403
1930.0,0.7706382978723403
1931.0,0.7706382978723403
1932.0,0.7706382978723404
1933.0,0.7543181818181819
1934.0,0.7706382978723403
1935.0,0.7706382978723403
1936.0,0.7706382978723404
1937.0,0.7706382978723403
1938.0,0.7339583333333333
1939.0,0.7706382978723403
1940.0,0.7706382978723404
1941.0,0.7706382978723403
1942.0,0.7706382978723403
1943.0,0.7339583333333332
1944.0,0.7495744680851063
1945.0,0.7706382978723404
1946.0,0.7356097560975609
1947.0,0.742142857142857
1948.0,0.7543181818181818
1949.0,0.7654347826086957
1950.0,0.7654347826086955
1951.0,0.7706382978723403
1952.0,0.7654347826086955
1953.0,0.7280851063829785
1954.0,0.7280851063829785
1955.0,0.7280851063829787
1956.0,0.7280851063829785
1957.0,0.7706382978723403
1958.0,0.7706382978723403
1959.0,0.7495744680851063
1960.0,0.7706382978723403
1961.0,0.7706382978723403
1962.0,0.7706382978723404
1963.0,0.7706382978723404
1964.0,0.7706382978723403
1965.0,0.7706382978723403
1966.0,0.7706382978723403
1967.0,0.7706382978723404
1968.0,0.7706382978723403
1969.0,0.7706382978723404
1970.0,0.7706382978723403
1971.0,0.7706382978723404
1972.0,0.7706382978723403
1973.0,0.7706382978723403
1974.0,0.7706382978723403
1975.0,0.7706382978723403
1976.0,0.7706382978723404
1977.0,0.7706382978723403
1978.0,0.7706382978723403
1979.0,0.7706382978723403
1980.0,0.7706382978723403
1981.0,0.7339583333333332
1982.0,0.6579591836734693
1983.0,0.7599999999999999
1984.0,0.7599999999999999
1985.0,0.7706382978723404
1986.0,0.7495744680851062
1987.0,0.6716666666666665
1988.0,0.7873913043478259
1989.0,0.6716666666666665
1990.0,0.7706382978723404
1991.0,0.7421428571428572
1992.0,0.7599999999999999
1993.0,0.6506249999999999
1994.0,0.7654347826086955
1995.0,0.7706382978723403
1996.0,0.7706382978723404
1997.0,0.6579591836734693
1998.0,0.6579591836734693
1999.0,0.6855319148936169
2000.0,0.7280851063829785
2001.0,0.7654347826086957
2002.0,0.7280851063829787
2003.0,0.7654347826086957
2004.0,0.7280851063829785
2005.0,0.7706382978723403
2006.0,0.7706382978723404
2007.0,0.7495744680851063
2008.0,0.7706382978723403
2009.0,0.7706382978723403
2010.0,0.7706382978723404
2011.0,0.7706382978723403
2012.0,0.4581132075471698
2013.0,0.5541176470588234
2014.0,0.7654347826086957
2015.0,0.7654347826086955
2016.0,0.7654347826086955
2017.0,0.6922916666666666
2018.0,0.7706382978723403
2019.0,0.6089583333333333
2020.0,0.7543181818181819
2021.0,0.7706382978723404
2022.0,-0.0861538461538462
2023.0,0.28314814814814804
2024.0,0.4475
2025.0,0.6089583333333333
2026.0,0.6429787234042551
2027.0,0.7219565217391303
2028.0,0.76
2029.0,0.7155555555555556
2030.0,0.7654347826086955
2031.0,0.7706382978723404
2032.0,0.7280851063829785
2033.0,0.7706382978723403
2034.0,0.7339583333333333
2035.0,0.7219565217391305
2036.0,0.7654347826086957
2037.0,0.7654347826086955
2038.0,0.7706382978723404
2039.0,0.7706382978723403
2040.0,0.6922916666666666
2041.0,0.7654347826086957
2042.0,0.7280851063829787
2043.0,0.7280851063829787
2044.0,0.7873913043478259
2045.0,0.7280851063829785
2046.0,0.7280851063829787
2047.0,0.7654347826086957
2048.0,0.7706382978723404
2049.0,0.7654347826086955
2050.0,0.7706382978723403
2051.0,0.7706382978723403
2052.0,0.7706382978723403
2053.0,0.7706382978723404
2054.0,0.7706382978723403
2055.0,0.7706382978723404
2056.0,0.7280851063829787
2057.0,0.7280851063829787
2058.0,0.7654347826086957
2059.0,0.7070212765957444
2060.0,0.7654347826086955
2061.0,-1.0665263157894735
2062.0,0.7706382978723403
2063.0,0.7706382978723403
2064.0,0.7339583333333332
2065.0,0.7873913043478261
2066.0,0.7280851063829785
2067.0,0.7706382978723403
2068.0,0.7706382978723404
2069.0,0.6506249999999999
2070.0,0.7706382978723403
2071.0,0.7280851063829785
2072.0,0.7873913043478259
2073.0,0.7280851063829785
2074.0,0.7706382978723403
2075.0,0.7339583333333332
2076.0,0.7706382978723403
2077.0,0.7706382978723403
2078.0,0.7495744680851062
2079.0,0.7706382978723403
2080.0,0.7706382978723403
2081.0,0.7706382978723403
2082.0,0.7706382978723403
2083.0,0.7339583333333333
2084.0,0.7706382978723403
2085.0,0.7706382978723404
2086.0,0.7706382978723403
2087.0,-1.0045248226950356
2088.0,0.7706382978723404
2089.0,0.7706382978723403
2090.0,0.7706382978723403
2091.0,0.7706382978723404
2092.0,0.7706382978723404
2093.0,0.7706382978723404
2094.0,0.7706382978723403
2095.0,0.7280851063829785
2096.0,0.7280851063829787
2097.0,0.7706382978723403
2098.0,0.7706382978723404
2099.0,0.7706382978723403
2100.0,0.6922916666666666
2101.0,0.7706382978723403
2102.0,0.7706382978723403
2103.0,0.7706382978723403
2104.0,0.48596153846153833
2105.0,0.534705882352941
2106.0,0.6579591836734693
2107.0,0.7706382978723403
2108.0,0.7706382978723403
2109.0,0.7706382978723404
2110.0,0.7706382978723403
2111.0,0.76
2112.0,0.7654347826086955
2113.0,0.7706382978723403
2114.0,0.7706382978723404
2115.0,0.7706382978723403
2116.0,0.7706382978723403
2117.0,0.7706382978723403
2118.0,0.7706382978723404
2119.0,0.7654347826086957
2120.0,0.7654347826086955
2121.0,0.7706382978723403
2122.0,0.7654347826086955
2123.0,0.7706382978723403
2124.0,0.7706382978723404
2125.0,0.7706382978723403
2126.0,0.7706382978723403
2127.0,0.7706382978723404
2128.0,0.7873913043478259
2129.0,0.7706382978723404
2130.0,0.7706382978723403
2131.0,0.7706382978723404
2132.0,0.7706382978723404
2133.0,0.7599999999999999
2134.0,0.7706382978723403
2135.0,0.7706382978723404
2136.0,0.7339583333333333
2137.0,0.7706382978723403
2138.0,0.7599999999999999
2139.0,0.7654347826086957
2140.0,0.7706382978723404
2141.0,0.7706382978723403
2142.0,0.7706382978723403
2143.0,0.7654347826086957
2144.0,0.7706382978723403
2145.0,-1.0505633802816905
2146.0,0.7706382978723403
2147.0,0.7706382978723403
2148.0,0.7654347826086957
2149.0,0.7280851063829787
2150.0,0.7280851063829787
2151.0,0.7280851063829787
2152.0,-1.0590298507462688
2153.0,0.7654347826086957
2154.0,0.7280851063829785
2155.0,-1.3388888888888892
2156.0,0.7654347826086957
2157.0,-0.21260273972602747
2158.0,0.12249999999999991
2159.0,0.7280851063829787
2160.0,0.7654347826086957
2161.0,0.7654347826086955
2162.0,0.7706382978723403
2163.0,0.7706382978723403
2164.0,-1.024514925373134
2165.0,-1.0575182481751824
2166.0,0.7280851063829785
2167.0,0.6579591836734694
2168.0,0.7654347826086957
2169.0,0.7339583333333332
2170.0,0.7155555555555556
2171.0,0.7706382978723403
2172.0,0.7706382978723403
2173.0,0.7495744680851062
2174.0,-1.3011764705882356
2175.0,-1.056546762589928
2176.0,0.7654347826086955
2177.0,0.7706382978723403
2178.0,0.7280851063829785
2179.0,0.7495744680851063
2180.0,0.7654347826086957
2181.0,0.7280851063829785
2182.0,0.7439130434782608
2183.0,-1.0330208333333333
2184.0,0.76
2185.0,0.7280851063829785
2186.0,0.6089583333333333
2187.0,0.7280851063829785
2188.0,0.7280851063829787
2189.0,0.7483720930232558
2190.0,0.7219565217391303
2191.0,0.7706382978723404
2192.0,0.6922916666666666
2193.0,0.7654347826086955
2194.0,0.7280851063829785
2195.0,0.7280851063829785
2196.0,0.7706382978723404
2197.0,0.7706382978723403
2198.0,0.76
2199.0,0.7706382978723404
2200.0,0.7706382978723403
2201.0,0.7706382978723403
2202.0,0.7706382978723404
2203.0,0.7654347826086957
2204.0,0.7654347826086958
2205.0,0.7706382978723404
2206.0,-1.0145358090185677
2207.0,0.7339583333333333
2208.0,0.7706382978723403
2209.0,0.7280851063829785
2210.0,0.7873913043478261
2211.0,0.6922916666666666
2212.0,-1.1184722222222223
2213.0,0.7706382978723403
2214.0,0.7706382978723404
2215.0,0.7706382978723403
2216.0,0.6922916666666666
2217.0,-1.24
2218.0,0.7654347826086955
2219.0,0.7495744680851062
2220.0,-1.0030445859872612
2221.0,0.6922916666666666
2222.0,0.7706382978723403
2223.0,0.7706382978723403
2224.0,0.6089583333333333
2225.0,0.7339583333333333
2226.0,0.585
2227.0,0.617142857142857
2228.0,0.7280851063829787
2229.0,0.6922916666666666
2230.0,0.7654347826086955
2231.0,-1.1056250000000003
2232.0,0.7543181818181816
2233.0,0.7654347826086957
2234.0,0.7339583333333333
2235.0,0.7706382978723403
2236.0,0.7280851063829787
2237.0,0.7280851063829785
2238.0,0.7280851063829785
2239.0,0.7654347826086955
2240.0,0.7654347826086957
2241.0,0.7873913043478259
2242.0,0.7706382978723403
2243.0,0.6922916666666666
2244.0,0.7706382978723403
2245.0,0.7280851063829787
2246.0,0.6922916666666666
2247.0,0.7439130434782608
2248.0,0.7654347826086957
2249.0,0.7654347826086955
2250.0,0.7280851063829787
2251.0,0.7706382978723403
2252.0,0.7706382978723403
2253.0,0.7654347826086955
2254.0,0.7706382978723404
2255.0,-1.1159523809523808
2256.0,-0.6078571428571429
2257.0,0.7706382978723404
2258.0,0.7706382978723404
2259.0,0.7339583333333333
2260.0,0.7706382978723403
2261.0,0.7706382978723403
2262.0,0.7706382978723404
2263.0,0.7280851063829787
2264.0,0.7706382978723403
2265.0,-1.1416393442622952
2266.0,0.7654347826086955
2267.0,0.7706382978723403
2268.0,0.6922916666666664
2269.0,0.7706382978723403
2270.0,0.7280851063829785
2271.0,0.6922916666666666
2272.0,0.7706382978723404
2273.0,0.7706382978723403
2274.0,-1.13453125
2275.0,0.7706382978723403
2276.0,0.7706382978723404
2277.0,0.7706382978723403
2278.0,0.7706382978723404
2279.0,0.7706382978723403
2280.0,0.7706382978723404
2281.0,0.7706382978723404
2282.0,0.7706382978723404
2283.0,0.7339583333333333
2284.0,-1.08968253968254
2285.0,0.6579591836734694
2286.0,-1.0415555555555556
2287.0,0.7280851063829785
2288.0,0.7706382978723403
2289.0,0.7706382978723404
2290.0,0.7339583333333332
2291.0,-1.0149528301886792
2292.0,0.5849999999999999
2293.0,0.7280851063829785
2294.0,0.7706382978723404
2295.0,0.7706382978723403
2296.0,0.7706382978723403
2297.0,0.7706382978723404
2298.0,0.7280851063829787
2299.0,0.7280851063829785
2300.0,0.6922916666666664
2301.0,0.6579591836734693
2302.0,0.7706382978723403
2303.0,0.7706382978723404
2304.0,0.7706382978723403
2305.0,0.7654347826086955
2306.0,0.7706382978723404
2307.0,0.7706382978723403
2308.0,-1.056546762589928
2309.0,0.7706382978723403
2310.0,-1.0819444444444446
2311.0,0.7706382978723403
2312.0,0.7706382978723403
2313.0,-1.0873684210526318
2314.0,0.7280851063829785
2315.0,0.7706382978723404
2316.0,0.7706382978723403
2317.0,0.7706382978723403
2318.0,-1.0238827838827838
2319.0,0.7706382978723403
2320.0,0.7280851063829789
2321.0,-1.0294021739130435
2322.0,0.7706382978723404
2323.0,0.7543181818181818
2324.0,0.7280851063829787
2325.0,0.7280851063829785
2326.0,0.7654347826086955
2327.0,0.7280851063829785
2328.0,0.7706382978723403
2329.0,-1.1224000000000003
2330.0,0.7706382978723404
2331.0,0.7706382978723403
2332.0,0.7706382978723403
2333.0,-1.1642105263157896
2334.0,0.7706382978723404
2335.0,0.7706382978723404
2336.0,-1.0384666666666666
2337.0,0.7706382978723403
2338.0,0.7706382978723403
2339.0,-1.0183333333333338
2340.0,0.7706382978723403
2341.0,0.7339583333333333
2342.0,0.7706382978723404
2343.0,0.7706382978723403
2344.0,0.7339583333333333
2345.0,0.7706382978723403
2346.0,0.7706382978723404
2347.0,0.7706382978723404
2348.0,-1.0284186046511627
2349.0,-1.1202816901408452
2350.0,-1.024842105263158
2351.0,0.7706382978723403
2352.0,0.7280851063829785
2353.0,0.7280851063829787
2354.0,0.7706382978723403
2355.0,0.7706382978723403
2356.0,0.7706382978723403
2357.0,0.6922916666666666
2358.0,-1.0277551020408162
2359.0,0.7219565217391303
2360.0,-1.0853608247422681
2361.0,0.7654347826086955
2362.0,0.585
2363.0,0.4090384615384615
2364.0,-1.1167123287671232
2365.0,0.5672916666666666
2366.0,0.7280851063829787
2367.0,0.7280851063829787
2368.0,0.6579591836734694
2369.0,0.7654347826086957
2370.0,0.7654347826086955
2371.0,0.7706382978723404
2372.0,0.7706382978723403
2373.0,-1.0857009345794393
2374.0,0.7706382978723403
2375.0,-1.0261328124999998
2376.0,-1.0496774193548386
2377.0,0.7706382978723403
2378.0,0.7706382978723404
2379.0,-0.9822680412371134
2380.0,0.5541176470588235
2381.0,0.7280851063829785
2382.0,0.7280851063829785
2383.0,0.7280851063829785
2384.0,0.7219565217391303
2385.0,-1.4104545454545456
2386.0,0.7654347826086957
2387.0,0.7706382978723403
2388.0,0.585
2389.0,0.7280851063829787
2390.0,-1.0739682539682542
2391.0,0.7873913043478261
2392.0,-0.9309090909090915
2393.0,0.7706382978723403
2394.0,0.6922916666666666
2395.0,0.7280851063829787
2396.0,0.7654347826086955
2397.0,0.7706382978723404
2398.0,0.7280851063829787
2399.0,0.7706382978723404
2400.0,-1.0333333333333334
2401.0,0.617142857142857
2402.0,0.6579591836734693
2403.0,0.7219565217391305
2404.0,0.7654347826086957
2405.0,0.7706382978723404
2406.0,-1.071858407079646
2407.0,0.7543181818181816
2408.0,0.7654347826086957
2409.0,0.7706382978723404
2410.0,0.7706382978723403
2411.0,0.6922916666666666
2412.0,-1.1221428571428573
2413.0,0.7280851063829787
2414.0,0.7873913043478259
2415.0,0.7706382978723403
2416.0,0.7706382978723403
2417.0,-1.2983333333333333
2418.0,-0.7984415584415585
2419.0,0.7706382978723403
2420.0,0.1558333333333333
2421.0,0.21614035087719294
2422.0,-1.1345312499999998
2423.0,-1.0142857142857147
2424.0,0.76
2425.0,-1.0302564102564102
2426.0,0.7706382978723404
2427.0,0.7280851063829785
2428.0,-1.0029292929292928
2429.0,0.7654347826086957
2430.0,0.7280851063829787
2431.0,-1.124057971014493
2432.0,0.5355102040816325
2433.0,0.7219565217391305
2434.0,-1.0753333333333333
2435.0,0.6429787234042552
2436.0,0.7654347826086955
2437.0,0.7070212765957447
2438.0,0.7706382978723404
2439.0,-1.2194444444444443
2440.0,0.7654347826086957
2441.0,0.7280851063829785
2442.0,-1.079753086419753
2443.0,0.7706382978723403
2444.0,0.7706382978723403
2445.0,0.7706382978723404
2446.0,0.7706382978723403
2447.0,0.7706382978723403
2448.0,0.7706382978723403
2449.0,0.7706382978723404
2450.0,0.7706382978723403
2451.0,0.7706382978723403
2452.0,-0.7846153846153849
2453.0,0.7706382978723403
2454.0,0.7706382978723403
2455.0,0.7706382978723403
2456.0,0.7706382978723404
2457.0,0.7706382978723404
2458.0,0.7706382978723403
2459.0,0.7706382978723403
2460.0,-1.0863541666666665
2461.0,-1.0074207188160675
2462.0,0.7543181818181818
2463.0,0.7654347826086955
2464.0,-1.1084905660377358
2465.0,0.7706382978723403
2466.0,0.7339583333333332
2467.0,-0.87375
2468.0,0.6922916666666666
2469.0,0.6506249999999999
2470.0,0.7654347826086955
2471.0,0.7706382978723403
2472.0,0.7280851063829785
2473.0,0.7706382978723403
2474.0,-1.0309604519774012
2475.0,-0.9400000000000005
2476.0,-1.0015968289920725
2477.0,-1.0205671641791043
2478.0,0.7706382978723403
2479.0,0.6922916666666666
2480.0,0.7280851063829785
2481.0,0.7706382978723403
2482.0,0.7706382978723403
2483.0,0.7706382978723403
2484.0,0.7706382978723403
2485.0,-1.122142857142857
2486.0,-1.0670833333333334
2487.0,0.7706382978723403
2488.0,0.7706382978723403
2489.0,0.7706382978723403
2490.0,0.7706382978723404
2491.0,0.7706382978723403
2492.0,0.7706382978723403
2493.0,0.7706382978723403
2494.0,0.7873913043478259
2495.0,-1.0516666666666667
2496.0,-1.0342583732057415
2497.0,-1.0358888888888889
2498.0,0.7339583333333332
2499.0,0.7706382978723403
2500.0,-1.113333333333333
2501.0,-1.0494262295081966
2502.0,-1.045389221556886
2503.0,0.7706382978723403
2504.0,0.7706382978723404
2505.0,0.7654347826086955
2506.0,0.7654347826086955
2507.0,0.7706382978723403
2508.0,0.7706382978723403
2509.0,0.7706382978723404
2510.0,0.6249999999999999
2511.0,0.7706382978723404
2512.0,0.7706382978723404
2513.0,0.7654347826086957
2514.0,0.7654347826086955
2515.0,-1.1117105263157894
2516.0,0.7706382978723403
2517.0,-0.2622222222222223
2518.0,0.7706382978723403
2519.0,0.7339583333333333
2520.0,0.7706382978723404
2521.0,-1.0756481481481481
2522.0,0.7706382978723403
2523.0,0.7339583333333333
2524.0,0.7706382978723403
2525.0,-1.1678846153846154
2526.0,-0.77125
2527.0,0.7706382978723403
2528.0,0.7706382978723403
2529.0,-1.0954838709677421
2530.0,0.7339583333333332
2531.0,-1.0634126984126986
2532.0,-1.2496428571428573
2533.0,0.7706382978723403
2534.0,0.7706382978723403
2535.0,0.7339583333333333
2536.0,0.7706382978723404
2537.0,-1.0209589041095888
2538.0,-1.122142857142857
2539.0,0.7339583333333332
2540.0,0.7706382978723404
2541.0,0.7706382978723404
2542.0,0.7339583333333332
2543.0,0.7706382978723403
2544.0,0.7706382978723403
2545.0,-1.1907843137254903
2546.0,0.7495744680851062
2547.0,0.6579591836734693
2548.0,-1.124057971014493
2549.0,0.7280851063829785
2550.0,0.7654347826086955
2551.0,0.7706382978723403
2552.0,0.7706382978723403
2553.0,-0.9309090909090915
2554.0,0.7421428571428572
2555.0,-1.0059253499222396
2556.0,0.72875
2557.0,0.7155555555555555
2558.0,-1.1519607843137256
2559.0,0.6089583333333333
2560.0,0.685531914893617
2561.0,-0.4617741935483871
2562.0,-0.9587500000000001
2563.0,0.7654347826086957
2564.0,0.6004255319148936
2565.0,0.7088636363636364
2566.0,0.7543181818181818
2567.0,0.7599999999999999
2568.0,-1.1968750000000004
2569.0,0.7654347826086955
2570.0,0.7706382978723403
2571.0,0.7339583333333333
2572.0,-1.2288888888888894
2573.0,0.7654347826086955
2574.0,0.7706382978723404
2575.0,-1.1102272727272728
2576.0,-1.0144976076555023
2577.0,0.7280851063829785
2578.0,0.7706382978723403
2579.0,0.7654347826086955
2580.0,0.7706382978723403
2581.0,-1.0305701754385965
2582.0,0.6171428571428571
2583.0,-0.9309090909090915
2584.0,0.7088636363636364
2585.0,-1.2212500000000002
2586.0,-1.1008333333333338
2587.0,0.6855319148936169
2588.0,0.7280851063829787
2589.0,-1.0548148148148149
2590.0,0.7654347826086955
2591.0,0.7339583333333333
2592.0,0.7654347826086957
2593.0,0.7654347826086957
2594.0,0.7654347826086957
2595.0,0.07481481481481472
2596.0,0.6922916666666666
2597.0,-1.0119733333333334
2598.0,0.7654347826086955
2599.0,-1.0590298507462688
2600.0,-1.0017924528301887
2601.0,0.7706382978723404
2602.0,0.7706382978723403
2603.0,0.76
2604.0,0.7654347826086957
2605.0,-1.1281578947368422
2606.0,0.6922916666666666
2607.0,0.7280851063829785
2608.0,0.7706382978723403
2609.0,-1.1833333333333338
2610.0,0.7706382978723404
2611.0,0.7706382978723403
2612.0,0.7706382978723403
2613.0,0.7706382978723403
2614.0,-1.0923076923076929
2615.0,-1.1823529411764708
2616.0,-1.0806862745098036
2617.0,-1.0065474060822899
2618.0,0.7654347826086955
2619.0,0.7706382978723403
2620.0,0.7706382978723403
2621.0,0.006153846153846079
2622.0,0.7280851063829787
2623.0,0.7654347826086957
2624.0,-0.08846153846153894
2625.0,0.7280851063829785
2626.0,-1.0050602409638554
2627.0,0.6506249999999999
2628.0,0.7654347826086955
2629.0,0.7706382978723403
2630.0,-1.342666666666667
2631.0,0.7654347826086957
2632.0,0.7706382978723404
2633.0,0.7706382978723404
2634.0,0.7706382978723404
2635.0,0.7706382978723404
2636.0,0.7706382978723403
2637.0,0.7706382978723404
2638.0,-1.3921739130434785
2639.0,-1.2703030303030305
2640.0,0.7706382978723403
2641.0,0.7706382978723403
2642.0,0.7706382978723404
2643.0,-1.0611538461538461
2644.0,0.7706382978723403
2645.0,0.7280851063829785
2646.0,-1.0183333333333338
2647.0,-1.0397087378640775
2648.0,0.6922916666666664
2649.0,0.7706382978723403
2650.0,0.7706382978723403
2651.0,0.7706382978723403
2652.0,0.7280851063829785
2653.0,-0.9460185185185184
2654.0,-1.3969230769230774
2655.0,0.7280851063829785
2656.0,0.7706382978723403
2657.0,0.7706382978723404
2658.0,0.7706382978723403
2659.0,0.7706382978723403
2660.0,-1.0634126984126986
2661.0,0.7706382978723404
2662.0,0.7706382978723404
2663.0,-1.0634126984126981
2664.0,0.48596153846153833
2665.0,0.7706382978723403
2666.0,0.7706382978723403
2667.0,0.7706382978723403
2668.0,0.7543181818181818
2669.0,0.7280851063829787
2670.0,-1.0828089887640449
2671.0,0.7706382978723404
2672.0,0.7706382978723403
2673.0,0.7280851063829787
2674.0,0.7706382978723403
2675.0,0.7706382978723403
2676.0,-1.1280597014925375
2677.0,0.7706382978723403
2678.0,0.7339583333333332
2679.0,0.7706382978723403
2680.0,0.7706382978723403
2681.0,0.7706382978723403
2682.0,-1.292916666666667
2683.0,0.7706382978723403
2684.0,0.7706382978723404
2685.0,0.7706382978723403
2686.0,0.7706382978723404
2687.0,0.7280851063829785
2688.0,0.7706382978723403
2689.0,-1.1125925925925928
2690.0,-1.0353431372549018
2691.0,0.7706382978723403
2692.0,-1.1910869565217395
2693.0,0.6171428571428571
2694.0,0.6922916666666666
2695.0,-1.2264285714285716
2696.0,0.6922916666666666
2697.0,0.6506249999999999
2698.0,0.7873913043478259
2699.0,-1.1085897435897434
2700.0,0.7706382978723403
2701.0,0.7706382978723404
2702.0,-1.0575182481751824
2703.0,0.735609756097561
2704.0,-1.0838636363636363
2705.0,0.771860465116279
2706.0,0.7219565217391303
2707.0,0.7654347826086957
2708.0,-1.0875238095238096
2709.0,0.7706382978723404
2710.0,-1.1322727272727273
2711.0,0.7706382978723404
2712.0,0.7280851063829785
2713.0,0.7070212765957444
2714.0,0.7706382978723403
2715.0,0.7706382978723403
2716.0,-1.136825396825397
2717.0,-1.3833333333333335
2718.0,-1.0209090909090914
2719.0,0.7706382978723403
2720.0,0.7706382978723404
2721.0,-1.1070886075949369
2722.0,0.6922916666666666
2723.0,0.7654347826086958
2724.0,0.7654347826086957
2725.0,-1.0561250000000002
2726.0,0.7706382978723403
2727.0,0.7706382978723403
2728.0,0.7706382978723403
2729.0,0.7706382978723404
2730.0,-0.9309090909090915
2731.0,0.7339583333333332
2732.0,0.7706382978723403
2733.0,-1.1008333333333338
2734.0,0.7706382978723404
2735.0,-1.3204000000000002
2736.0,-1.124057971014493
2737.0,-1.3654545454545455
2738.0,0.7280851063829787
2739.0,0.7654347826086955
2740.0,-1.2102380952380951
2741.0,-1.0595744680851062
2742.0,-1.2658333333333338
2743.0,0.7706382978723403
2744.0,0.7654347826086955
2745.0,-1.151025641025641
2746.0,0.7706382978723404
2747.0,-1.0504545454545458
2748.0,0.7654347826086955
2749.0,0.7706382978723403
2750.0,0.7706382978723403
2751.0,0.7706382978723403
2752.0,0.7706382978723404
2753.0,-1.0863541666666665
2754.0,-1.3325925925925928
2755.0,0.7339583333333333
2756.0,0.7706382978723403
2757.0,-1.0609459459459458
2758.0,0.7706382978723403
2759.0,0.7706382978723404
2760.0,0.7706382978723404
2761.0,-1.3011764705882356
2762.0,-0.9309090909090915
2763.0,-1.0913861386138615
2764.0,0.7706382978723403
2765.0,0.7706382978723403
2766.0,0.7706382978723404
2767.0,-1.0975581395348835
2768.0,-1.2545000000000002
2769.0,0.7706382978723403
2770.0,-1.0629166666666667
2771.0,-1.1787755102040818
2772.0,-1.1511111111111112
2773.0,0.7706382978723404
2774.0,-0.8390853658536582
2775.0,0.7706382978723404
2776.0,-1.115
2777.0,0.7706382978723404
2778.0,0.7339583333333333
2779.0,-1.1522807017543861
2780.0,0.7706382978723403
2781.0,0.7706382978723404
2782.0,-1.1133333333333333
2783.0,0.6202941176470588
2784.0,0.7706382978723404
2785.0,-0.9280733944954127
2786.0,0.7280851063829787
2787.0,0.7706382978723403
2788.0,-1.072589285714286
2789.0,-1.0683898305084745
2790.0,0.7543181818181818
2791.0,-1.0502352941176472
2792.0,-1.0394652406417113
2793.0,-1.215609756097561
2794.0,-1.262058823529412
2795.0,0.7654347826086957
2796.0,0.7654347826086957
2797.0,-1.251666666666667
2798.0,0.7280851063829787
2799.0,-0.9931168831168835
2800.0,0.7654347826086957
2801.0,-0.862702702702703
2802.0,-1.0575182481751824
2803.0,0.7654347826086955
2804.0,-1.2959259259259264
2805.0,-1.0060256410256412
2806.0,0.7155555555555555
2807.0,-1.0222299651567943
2808.0,-1.071140350877193
2809.0,0.7706382978723404
2810.0,-1.048
2811.0,-1.175
2812.0,0.7654347826086957
2813.0,0.7706382978723404
2814.0,-1.0575182481751824
2815.0,0.7280851063829785
2816.0,0.7706382978723403
2817.0,-1.0629166666666667
2818.0,0.47093749999999995
2819.0,0.7280851063829787
2820.0,0.7654347826086955
2821.0,0.7706382978723403
2822.0,-1.4308333333333338
2823.0,0.7706382978723404
2824.0,0.7706382978723403
2825.0,0.7339583333333333
2826.0,-1.1787755102040816
2827.0,0.5849999999999999
2828.0,0.7706382978723404
2829.0,-1.1552272727272728
2830.0,0.7599999999999999
2831.0,0.7654347826086957
2832.0,-1.0675757575757576
2833.0,-1.1280597014925373
2834.0,0.7706382978723403
2835.0,-0.1827083333333334
2836.0,0.7706382978723403
2837.0,0.7706382978723404
2838.0,0.7706382978723404
2839.0,-1.1117105263157896
2840.0,0.7706382978723403
2841.0,0.7706382978723403
2842.0,0.7706382978723403
2843.0,-1.0175297619047619
2844.0,-1.1813157894736843
2845.0,0.7706382978723404
2846.0,0.7706382978723403
2847.0,0.7706382978723403
2848.0,-1.0209090909090917
2849.0,0.7706382978723403
2850.0,0.7706382978723403
2851.0,0.7706382978723403
2852.0,0.7706382978723404
2853.0,0.7280851063829785
2854.0,0.7280851063829787
2855.0,0.6922916666666666
2856.0,0.7706382978723403
2857.0,0.7706382978723403
2858.0,0.7280851063829785
2859.0,0.7706382978723404
2860.0,-1.037
2861.0,0.7339583333333332
2862.0,-1.1645283018867925
2863.0,0.7339583333333332
2864.0,-1.2808000000000002
2865.0,0.7706382978723403
2866.0,0.7706382978723404
2867.0,-1.3204
2868.0,0.7706382978723404
2869.0,0.7280851063829785
2870.0,0.7339583333333333
2871.0,-1.0015336658354115
2872.0,0.7706382978723403
2873.0,-1.2883870967741935
2874.0,0.7706382978723404
2875.0,-0.9920338983050848
2876.0,0.7706382978723403
2877.0,0.7706382978723403
2878.0,0.7280851063829785
2879.0,-1.175
2880.0,0.7654347826086955
2881.0,0.7654347826086955
2882.0,0.7706382978723403
2883.0,0.7706382978723403
2884.0,-0.9011842105263159
2885.0,0.7339583333333333
2886.0,-0.9290909090909097
2887.0,0.7706382978723403
2888.0,-1.1827083333333333
2889.0,-1.1717241379310346
2890.0,-1.3361904761904764
2891.0,-1.1109090909090915
2892.0,0.7706382978723404
2893.0,0.7654347826086954
2894.0,-0.18078947368421056
2895.0,0.7654347826086955
2896.0,-1.4030000000000002
2897.0,0.7280851063829787
2898.0,0.7706382978723404
2899.0,0.7280851063829787
2900.0,0.7706382978723403
2901.0,-1.1620833333333334
2902.0,0.7706382978723404
2903.0,-1.046201550387597
2904.0,0.5308333333333333
2905.0,-1.018846153846154
2906.0,0.7280851063829785
2907.0,-1.0146706586826346
2908.0,-1.2740000000000002
2909.0,-0.5096629213483147
2910.0,-1.2142857142857142
2911.0,-1.11012987012987
2912.0,-1.2288888888888891
2913.0,-1.1069354838709677
2914.0,0.17525423728813555
2915.0,0.47568627450980383
2916.0,0.7280851063829787
2917.0,-1.2744444444444443
2918.0,-1.262058823529412
2919.0,-1.0609459459459458
2920.0,-1.1001190476190477
2921.0,0.7706382978723403
2922.0,-1.132307692307692
2923.0,0.7706382978723404
2924.0,-1.2696153846153848
2925.0,-1.1014457831325302
2926.0,-1.1581818181818182
2927.0,0.7706382978723403
2928.0,0.7706382978723404
2929.0,0.7706382978723403
2930.0,-1.0339189189189189
2931.0,0.7706382978723404
2932.0,0.7706382978723403
2933.0,-1.0197619047619046
2934.0,-1.0905434782608696
2935.0,-1.2696153846153848
2936.0,0.7706382978723404
2937.0,-1.0927777777777778
2938.0,0.7706382978723403
2939.0,0.7706382978723403
2940.0,0.7706382978723404
2941.0,-1.10144578313253
2942.0,-1.0083823529411764
2943.0,-1.023246753246753
2944.0,-1.0190697674418603
2945.0,0.7706382978723404
2946.0,0.7706382978723403
2947.0,0.7706382978723403
2948.0,-1.0975581395348835
2949.0,0.7706382978723404
2950.0,-1.0183742331288343
2951.0,0.7706382978723404
2952.0,-1.0527027027027032
2953.0,0.7339583333333332
2954.0,-1.0373333333333332
2955.0,-1.0183333333333338
2956.0,-1.0513207547169812
2957.0,-1.0164599483204135
2958.0,0.7706382978723403
2959.0,0.7706382978723403
2960.0,0.7706382978723403
2961.0,0.7706382978723404
2962.0,0.7706382978723404
2963.0,0.7706382978723404
2964.0,-1.1710344827586208
2965.0,-1.0850000000000004
2966.0,-1.11012987012987
2967.0,-1.0670833333333334
2968.0,0.7706382978723403
2969.0,-1.2587500000000005
2970.0,-1.076938775510204
2971.0,0.7706382978723403
2972.0,-1.0268020304568526
2973.0,0.7706382978723403
2974.0,0.7706382978723403
2975.0,0.7706382978723404
2976.0,0.7706382978723404
2977.0,-1.14948275862069
2978.0,-1.1060714285714286
2979.0,0.7706382978723403
2980.0,0.7706382978723404
2981.0,-1.0559090909090911
2982.0,-1.2983333333333331
2983.0,-1.144666666666667
2984.0,0.7706382978723404
2985.0,-1.11012987012987
2986.0,-1.0863541666666665
2987.0,0.7706382978723403
2988.0,0.7706382978723404
2989.0,-0.6923809523809524
2990.0,0.7706382978723404
2991.0,0.7706382978723404
2992.0,0.7706382978723403
2993.0,-1.288387096774194
2994.0,-1.0772641509433964
2995.0,-1.0073611111111112
2996.0,0.03499999999999985
2997.0,-1.3491304347826087
2998.0,0.7706382978723403
2999.0,-1.3204000000000002
3000.0,0.021718749999999946
3001.0,0.34482142857142856
3002.0,-1.175
3003.0,-1.0546853146853146
3004.0,-1.1093181818181816
3005.0,-0.724848484848485
3006.0,0.6249999999999999
3007.0,0.6922916666666666
3008.0,-0.9136111111111109
3009.0,0.6922916666666666
3010.0,0.6922916666666666
3011.0,0.7280851063829785
3012.0,-1.2403030303030305
3013.0,0.7706382978723403
3014.0,0.7706382978723404
3015.0,0.7706382978723404
3016.0,0.7706382978723403
3017.0,-0.9109090909090913
3018.0,0.7706382978723404
3019.0,0.7706382978723403
3020.0,0.7706382978723403
3021.0,-1.2542857142857144
3022.0,0.7339583333333333
3023.0,-1.1835294117647062
3024.0,0.7706382978723403
3025.0,0.7339583333333333
3026.0,-1.0551408450704225
3027.0,-1.0052941176470587
3028.0,-1.0476984126984128
3029.0,-0.9463492063492063
3030.0,-1.13453125
3031.0,0.7339583333333333
3032.0,0.7495744680851063
3033.0,-1.1391935483870967
3034.0,-1.0927777777777778
3035.0,-1.1323076923076925
3036.0,0.617142857142857
3037.0,-0.7350000000000001
3038.0,-1.1156
3039.0,-1.2469444444444446
3040.0,0.7339583333333333
3041.0,-1.050064935064935
3042.0,0.7706382978723403
3043.0,-1.1242592592592593
3044.0,-1.0180172413793103
3045.0,-1.1581818181818184
3046.0,-1.0853608247422681
3047.0,-1.063943661971831
3048.0,-0.7311538461538464
3049.0,0.7706382978723403
3050.0,-1.1085897435897434
3051.0,-0.8572839506172839
3052.0,-1.2620588235294117
3053.0,-1.2002272727272727
3054.0,0.7706382978723403
3055.0,0.6922916666666666
3056.0,-1.233421052631579
3057.0,-1.0982089552238805
3058.0,0.7706382978723404
3059.0,0.7706382978723403
3060.0,-1.1955555555555557
3061.0,-1.1323076923076925
3062.0,0.7706382978723403
3063.0,-1.1264705882352946
3064.0,-1.2250000000000003
3065.0,0.7706382978723404
3066.0,0.7706382978723403
3067.0,0.7706382978723404
3068.0,-1.1368253968253967
3069.0,0.7706382978723404
3070.0,-1.22125
3071.0,-1.0037362637362637
3072.0,0.7706382978723403
3073.0,0.7706382978723404
3074.0,-1.0107865168539325
3075.0,0.7706382978723404
3076.0,0.7706382978723404
3077.0,-1.1551785714285714
3078.0,-1.0183333333333338
3079.0,0.7706382978723403
3080.0,-0.9086666666666666
3081.0,-1.2271794871794874
3082.0,-1.0894623655913978
3083.0,0.7706382978723404
3084.0,0.7706382978723404
3085.0,0.7339583333333332
3086.0,0.7280851063829785
3087.0,-0.8762500000000001
3088.0,-1.276666666666667
3089.0,-1.1656666666666666
3090.0,-1.1833333333333338
3091.0,0.7706382978723403
3092.0,-1.1540625
3093.0,-1.1088524590163935
3094.0,-0.9194871794871798
3095.0,0.7280851063829785
3096.0,0.7339583333333333
3097.0,-1.1467796610169492
3098.0,-1.2808000000000004
3099.0,0.7339583333333333
3100.0,0.7706382978723404
3101.0,-1.3535000000000001
3102.0,-1.292916666666667
3103.0,-1.1324137931034481
3104.0,-1.2329411764705882
3105.0,0.7706382978723403
3106.0,-1.0871764705882352
3107.0,-1.1626190476190477
3108.0,0.7706382978723404
3109.0,0.7706382978723403
3110.0,-1.1017021276595744
3111.0,0.7706382978723404
3112.0,-1.1833333333333338
3113.0,-1.2653333333333336
3114.0,-1.080625
3115.0,0.7155555555555556
3116.0,0.685531914893617
3117.0,-1.0277859778597784
3118.0,-1.0004166666666667
3119.0,0.6855319148936169
3120.0,-1.3483333333333336
3121.0,0.48395833333333327
3122.0,0.6089583333333333
3123.0,0.6506249999999999
3124.0,-0.9309090909090915
3125.0,-1.0737037037037038
3126.0,-1.1001190476190477
3127.0,-1.0503448275862068
3128.0,0.7873913043478261
3129.0,0.617142857142857
3130.0,-1.0478125
3131.0,-0.8701369863013699
3132.0,-1.0268525896414342
3133.0,-1.1041975308641976
3134.0,-1.1684615384615389
3135.0,-0.9309090909090915
3136.0,-0.4795652173913045
3137.0,-0.9309090909090915
3138.0,-1.0494262295081964
3139.0,-1.0209090909090914
3140.0,-1.175
3141.0,-0.6194642857142857
3142.0,0.7706382978723404
3143.0,0.7873913043478259
3144.0,-1.164528301886793
3145.0,0.7280851063829785
3146.0,-1.4086666666666672
3147.0,-1.0083111111111112
3148.0,0.7706382978723404
3149.0,0.7706382978723403
3150.0,-1.1101298701298703
3151.0,0.6922916666666666
3152.0,-1.0565467625899279
3153.0,-1.0606106870229008
3154.0,-1.244615384615385
3155.0,-1.123225806451613
3156.0,-1.4104545454545454
3157.0,0.7654347826086955
3158.0,-1.071858407079646
3159.0,0.650625
3160.0,-1.1350000000000002
3161.0,-1.215609756097561
3162.0,0.6506249999999999
3163.0,0.6429787234042553
3164.0,-1.2002272727272727
3165.0,0.7654347826086955
3166.0,0.7706382978723401
3167.0,0.7706382978723403
3168.0,-1.101304347826087
3169.0,0.7706382978723403
3170.0,0.7339583333333332
3171.0,0.7706382978723403
3172.0,0.7706382978723403
3173.0,-1.146666666666667
3174.0,-1.2093333333333336
3175.0,-1.0305701754385965
3176.0,-0.9381132075471698
3177.0,-0.5915625000000001
3178.0,-1.0606106870229008
3179.0,-1.0872222222222225
3180.0,-1.0042045454545454
3181.0,-1.1545
3182.0,-1.1028048780487805
3183.0,0.7280851063829785
3184.0,0.7219565217391306
3185.0,-1.0520805369127517
3186.0,-1.0850000000000004
3187.0,0.7543181818181818
3188.0,0.7599999999999999
3189.0,-1.0376300578034683
3190.0,-0.14523809523809547
3191.0,0.7654347826086955
3192.0,0.7654347826086957
3193.0,-1.0927777777777776
3194.0,0.7654347826086955
3195.0,0.7706382978723403
3196.0,0.7706382978723403
3197.0,-1.375416666666667
3198.0,-1.1844444444444446
3199.0,0.7706382978723403
3200.0,0.7706382978723404
3201.0,-1.22125
3202.0,0.7706382978723404
3203.0,0.7706382978723403
3204.0,-0.975
3205.0,0.7339583333333333
3206.0,0.7280851063829785
3207.0,-0.986268656716418
3208.0,0.7706382978723404
3209.0,-1.2403030303030305
3210.0,0.7280851063829787
3211.0,0.7706382978723404
3212.0,0.7706382978723404
3213.0,0.7706382978723404
3214.0,-1.0135402298850575
3215.0,0.7339583333333333
3216.0,0.5849999999999999
3217.0,-1.0364285714285715
3218.0,-1.051782178217822
3219.0,-1.072857142857143
3220.0,-1.1505128205128208
3221.0,0.6922916666666666
3222.0,0.7495744680851062
3223.0,0.7280851063829785
3224.0,-1.1612962962962963
3225.0,-1.0444117647058824
3226.0,-1.1467796610169494
3227.0,-1.1267924528301887
3228.0,0.7706382978723403
3229.0,0.7706382978723404
3230.0,-1.1323076923076922
3231.0,-1.0564556962025318
3232.0,-1.0537254901960784
3233.0,-0.8495679012345678
3234.0,-1.4247368421052633
3235.0,-1.2469444444444442
3236.0,-1.0287029288702927
3237.0,0.6922916666666666
3238.0,-1.2182608695652175
3239.0,-1.4304761904761907
3240.0,-1.1184722222222223
3241.0,0.7280851063829785
3242.0,-1.1391935483870967
3243.0,-1.2009090909090914
3244.0,0.545
3245.0,0.7339583333333333
3246.0,0.7280851063829785
3247.0,0.7706382978723403
3248.0,-1.092112676056338
3249.0,-1.1149999999999998
3250.0,-1.0645967741935483
3251.0,0.7280851063829787
3252.0,-1.2790625000000002
3253.0,0.7706382978723403
3254.0,0.7706382978723404
3255.0,-1.0203468208092485
3256.0,-1.2429411764705887
3257.0,0.7706382978723404
3258.0,-1.1626190476190477
3259.0,-1.3207692307692311
3260.0,0.4946938775510203
3261.0,-1.1675000000000002
3262.0,-1.0357746478873238
3263.0,0.7654347826086955
3264.0,-0.9932500000000001
3265.0,-0.9338775510204083
3266.0,-1.048467741935484
3267.0,0.4090384615384614
3268.0,-1.1827083333333335
3269.0,-1.1200000000000003
3270.0,-1.11012987012987
3271.0,-1.1133333333333333
3272.0,-1.281666666666667
3273.0,-1.0351388888888888
3274.0,0.6429787234042552
3275.0,-1.2838888888888893
3276.0,0.6784782608695652
3277.0,-1.3654545454545455
3278.0,0.4756862745098039
3279.0,-1.0485443037974684
3280.0,0.771860465116279
3281.0,-1.0479487179487181
3282.0,-1.2087500000000002
3283.0,-1.2399999999999998
3284.0,-1.2218518518518522
3285.0,-0.9733333333333334
3286.0,-1.2156097560975612
3287.0,-0.8203571428571429
3288.0,-1.1088524590163935
3289.0,0.7654347826086957
3290.0,0.7654347826086955
3291.0,-1.0351219512195122
3292.0,-0.9740851063829787
3293.0,0.5969387755102039
3294.0,-1.0773493975903614
3295.0,0.6579591836734693
3296.0,0.6922916666666666
3297.0,-1.2182608695652175
3298.0,0.6922916666666666
3299.0,0.7706382978723404
3300.0,-0.8417441860465117
3301.0,0.7706382978723404
3302.0,-1.1167123287671232
3303.0,-1.0905434782608696
3304.0,-1.0513207547169814
3305.0,-1.175
3306.0,0.7706382978723403
3307.0,0.7706382978723404
3308.0,0.7280851063829785
3309.0,-1.3361904761904764
3310.0,-1.1066666666666667
3311.0,-1.0231541218637994
3312.0,0.7706382978723403
3313.0,0.7706382978723404
3314.0,0.3849999999999997
3315.0,-0.5207017543859649
3316.0,-1.0034939759036143
3317.0,-1.0688043478260867
3318.0,-0.94358024691358
3319.0,-0.9274999999999999
3320.0,-1.2696153846153848
3321.0,-0.5802777777777778
3322.0,-1.080625
3323.0,0.7706382978723403
3324.0,0.7706382978723403
3325.0,0.7706382978723403
3326.0,0.7339583333333333
3327.0,-1.0541592920353982
3328.0,-1.033918918918919
3329.0,0.7706382978723403
3330.0,-1.0564556962025318
3331.0,0.7339583333333332
3332.0,-1.118048780487805
3333.0,-1.093932584269663
3334.0,0.7495744680851063
3335.0,-1.3833333333333335
3336.0,-1.4030000000000005
3337.0,0.7339583333333333
3338.0,-1.033921568627451
3339.0,-0.38634146341463427
3340.0,-1.0929411764705883
3341.0,0.7706382978723403
3342.0,-1.448888888888889
3343.0,-1.256451612903226
3344.0,-1.022051282051282
3345.0,0.701860465116279
3346.0,0.7543181818181818
3347.0,-1.0318274111675128
3348.0,0.7543181818181818
3349.0,-1.0600757575757576
3350.0,-1.0438947368421052
3351.0,0.7543181818181819
3352.0,-1.0414705882352941
3353.0,-1.1612962962962963
3354.0,-1.0516666666666667
3355.0,-1.1001754385964913
3356.0,0.7543181818181819
3357.0,0.7706382978723404
3358.0,-1.3361904761904764
3359.0,-1.1696491228070176
3360.0,-0.8828571428571428
3361.0,-0.9780952380952378
3362.0,-1.1221428571428569
3363.0,-0.8968627450980392
3364.0,-1.1787755102040816
3365.0,-1.2002272727272727
3366.0,-1.0606206896551726
3367.0,-0.7980357142857143
3368.0,0.7654347826086955
3369.0,-0.9836440677966101
3370.0,-0.9600000000000003
3371.0,0.7706382978723403
3372.0,-1.251666666666667
3373.0,-1.0896969696969698
3374.0,-1.3341666666666667
3375.0,-1.146779661016949
3376.0,-0.804655172413793
3377.0,-1.0948387096774193
3378.0,0.7706382978723403
3379.0,-0.7362857142857143
3380.0,0.7706382978723403
3381.0,-1.0101612903225805
3382.0,0.7706382978723403
3383.0,-0.8631884057971014
3384.0,-1.0866666666666664
3385.0,-1.026764705882353
3386.0,0.7706382978723403
3387.0,-1.0052154531946509
3388.0,0.7706382978723403
3389.0,-1.095
3390.0,-1.17125
3391.0,-1.1827083333333333
3392.0,-1.1379591836734695
3393.0,-1.0489999999999997
3394.0,-1.015
3395.0,-1.1041304347826084
3396.0,0.7339583333333332
3397.0,0.7706382978723404
3398.0,-1.022
3399.0,-1.0128960396039604
3400.0,-1.185
3401.0,-0.5561764705882353
3402.0,-1.0848148148148147
3403.0,-1.1441666666666666
3404.0,-0.7399999999999999
3405.0,0.7706382978723403
3406.0,-1.0181007751937983
3407.0,-1.1827083333333333
3408.0,0.7339583333333332
3409.0,0.6922916666666664
3410.0,0.7706382978723403
3411.0,-0.48528301886792446
3412.0,-0.6513924050632912
3413.0,0.6579591836734693
3414.0,-1.1581818181818182
3415.0,0.7706382978723403
3416.0,-1.1827083333333333
3417.0,0.7706382978723403
3418.0,-1.0704347826086955
3419.0,0.7706382978723404
3420.0,-0.626029411764706
3421.0,-1.0529251700680273
3422.0,0.7706382978723403
3423.0,0.7706382978723403
3424.0,-0.8744086021505375
3425.0,-1.1494827586206895
3426.0,-1.2323333333333333
3427.0,-1.0345217391304349
3428.0,0.7706382978723403
3429.0,-1.0843877551020409
3430.0,-1.019272151898734
3431.0,-1.4247368421052635
3432.0,-0.8650000000000002
3433.0,0.6922916666666666
3434.0,-1.1678846153846154
3435.0,0.7706382978723404
3436.0,-0.6551785714285714
3437.0,-1.0273711340206186
3438.0,-1.071140350877193
3439.0,-1.092941176470588
3440.0,-0.9314893617021277
3441.0,-1.2703030303030303
3442.0,0.7706382978723403
3443.0,-1.0177333333333334
3444.0,-0.9772881355932203
3445.0,-1.035031055900621
3446.0,-0.6036363636363637
3447.0,-1.0476223776223776
3448.0,-1.1787755102040816
3449.0,-1.1910869565217392
3450.0,0.5171428571428572
3451.0,-1.1827083333333333
3452.0,0.6469047619047619
3453.0,-0.9846043165467625
3454.0,0.7543181818181819
3455.0,-1.0079012345679013
3456.0,-1.0564556962025318
3457.0,-1.0182874617737003
3458.0,-1.042536231884058
3459.0,0.7088636363636364
3460.0,0.6506249999999999
3461.0,-0.9309090909090915
3462.0,-1.1515555555555557
3463.0,-1.041979695431472
3464.0,0.7280851063829787
3465.0,-1.175217391304348
3466.0,-1.0658196721311473
3467.0,-1.3825000000000003
3468.0,0.7280851063829787
3469.0,-1.0273563218390807
3470.0,0.6579591836734693
3471.0,-1.3726315789473689
3472.0,0.7280851063829787
3473.0,0.7706382978723403
3474.0,-1.0773493975903614
3475.0,-1.0395283018867922
3476.0,-0.5326829268292683
3477.0,-1.0677310924369747
3478.0,-1.2883870967741935
3479.0,-1.2400000000000004
3480.0,-1.2446153846153851
3481.0,-1.0909615384615385
3482.0,-1.3833333333333335
3483.0,-1.1276666666666668
3484.0,-1.037077922077922
3485.0,-1.0733333333333335
3486.0,-0.9951063829787234
3487.0,-1.24
3488.0,-1.2156097560975612
3489.0,0.7706382978723404
3490.0,-0.9121311475409839
3491.0,-1.1117105263157896
3492.0,-1.0003703703703706
3493.0,-0.18078947368421064
3494.0,-1.0532530120481929
3495.0,-1.2412
3496.0,0.6922916666666666
3497.0,-0.975
3498.0,-1.1015384615384614
3499.0,0.7280851063829785
3500.0,-1.13453125
3501.0,0.6249999999999999
3502.0,-0.6622222222222223
3503.0,-0.9483333333333334
3504.0,-1.1184722222222223
3505.0,0.7280851063829785
3506.0,0.7706382978723403
3507.0,-1.0405464480874316
3508.0,-1.061705426356589
3509.0,-1.04
3510.0,-0.9472072072072072
3511.0,-1.1678846153846154
3512.0,-1.0740909090909092
3513.0,-1.0599999999999998
3514.0,-1.0935714285714286
3515.0,-1.0556410256410256
3516.0,-1.0551408450704225
3517.0,-0.44370370370370377
3518.0,-1.1014457831325302
3519.0,0.6922916666666666
3520.0,-0.57125
3521.0,-1.028888888888889
3522.0,-0.9456451612903226
3523.0,-1.2051162790697674
3524.0,-0.6259649122807018
3525.0,-0.8140740740740744
3526.0,0.7339583333333333
3527.0,0.060181818181818156
3528.0,-1.0672058823529413
3529.0,-1.068389830508475
3530.0,-1.0949999999999998
3531.0,-0.6073469387755103
3532.0,0.7706382978723403
3533.0,-1.22125
3534.0,-1.0748623853211012
3535.0,-0.4040625000000001
3536.0,0.6349999999999998
3537.0,-0.9587500000000001
3538.0,-0.975
3539.0,-1.0740816326530613
3540.0,0.7280851063829785
3541.0,-1.0160416666666665
3542.0,-0.9501449275362319
3543.0,-0.9693478260869565
3544.0,-1.09325
3545.0,0.6506249999999999
3546.0,-1.0704347826086957
3547.0,-1.0982089552238803
3548.0,-1.0927777777777778
3549.0,0.3572222222222222
3550.0,-1.1077142857142859
3551.0,-1.3938888888888892
3552.0,0.7339583333333333
3553.0,0.7706382978723403
3554.0,-1.191086956521739
3555.0,-1.022918149466192
3556.0,-1.0172861356932152
3557.0,0.7706382978723404
3558.0,-1.0167857142857142
3559.0,-1.320526315789474
3560.0,0.7706382978723403
3561.0,-1.1194642857142856
3562.0,-0.18176470588235324
3563.0,-0.5910638297872343
3564.0,-1.0510810810810811
3565.0,-1.227179487179487
3566.0,-1.0098726114649683
3567.0,-1.1612962962962963
3568.0,-1.1323076923076925
3569.0,-1.0748623853211008
3570.0,0.7706382978723403
3571.0,-1.1710344827586208
3572.0,-1.119620253164557
3573.0,-1.2156097560975612
3574.0,0.7706382978723403
3575.0,-1.0264173228346454
3576.0,-0.9170833333333335
3577.0,-0.8108333333333333
3578.0,-1.2271794871794874
3579.0,-1.1476086956521738
3580.0,-1.0397087378640777
3581.0,0.4841379310344827
3582.0,0.6922916666666666
3583.0,-1.0655813953488371
3584.0,0.7339583333333333
3585.0,-1.13453125
3586.0,-1.0027551020408165
3587.0,-0.9736521739130435
3588.0,-1.0045348837209302
3589.0,0.7706382978723403
3590.0,0.7339583333333332
3591.0,0.7280851063829787
3592.0,-1.0815555555555554
3593.0,0.76
3594.0,0.7219565217391303
3595.0,-1.136825396825397
3596.0,0.7654347826086955
3597.0,-0.6193103448275864
3598.0,-1.0156944444444445
3599.0,-1.0081159420289856
3600.0,-0.8364912280701753
3601.0,0.7280851063829785
3602.0,0.7495744680851063
3603.0,0.7706382978723404
3604.0,0.7706382978723403
3605.0,0.3054545454545454
3606.0,-1.2744444444444445
3607.0,0.7280851063829785
3608.0,-1.0242592592592592
3609.0,-0.781284403669725
3610.0,-0.5990425531914896
3611.0,-1.141639344262295
3612.0,-1.292916666666667
3613.0,0.12249999999999996
3614.0,-1.0111864406779663
3615.0,0.6506249999999999
3616.0,-0.15891891891891896
3617.0,-1.1017021276595746
3618.0,-0.9174193548387097
3619.0,-1.0424193548387097
3620.0,-1.0893150684931507
3621.0,-1.0789830508474576
3622.0,-0.8649999999999999
3623.0,-0.7858620689655172
3624.0,-1.0432786885245902
3625.0,-1.1713725490196076
3626.0,-1.2403030303030305
3627.0,-1.1525396825396825
3628.0,0.6506249999999999
3629.0,-1.0349029126213591
3630.0,-1.0353124999999999
3631.0,-1.1014457831325297
3632.0,0.7706382978723403
3633.0,-0.06386363636363636
3634.0,-1.0160416666666665
3635.0,-1.0834343434343434
3636.0,-1.051320754716981
3637.0,-1.0795652173913042
3638.0,-1.1218181818181818
3639.0,0.17304347826086935
3640.0,-1.0863541666666665
3641.0,-1.0789423076923077
3642.0,-1.077692307692308
3643.0,-1.0805172413793103
3644.0,-0.48242424242424253
3645.0,-1.1028048780487805
3646.0,0.7706382978723403
3647.0,-1.081772151898734
3648.0,0.6579591836734694
3649.0,-1.124736842105263
3650.0,-1.070769230769231
3651.0,-1.2051162790697674
3652.0,-1.1971428571428573
3653.0,-1.1093181818181816
3654.0,-1.2658333333333338
3655.0,-1.0197619047619046
3656.0,-0.7558730158730158
3657.0,-1.1041304347826089
3658.0,-0.022894736842105266
3659.0,-1.0547321428571428
3660.0,-0.8744086021505375
3661.0,0.7280851063829787
3662.0,0.7706382978723403
3663.0,-1.0639795918367347
3664.0,0.7654347826086955
3665.0,-1.115
3666.0,-0.08000000000000014
3667.0,-1.0675757575757576
3668.0,-1.130151515151515
3669.0,-1.0503448275862068
3670.0,0.7654347826086955
3671.0,-1.1133333333333335
3672.0,-0.08782608695652191
3673.0,-1.1391935483870967
3674.0,-1.0259922178988328
3675.0,-1.0772641509433962
3676.0,-1.0424193548387095
3677.0,0.7654347826086955
3678.0,-0.8535000000000001
3679.0,-0.7942105263157897
3680.0,0.7280851063829785
3681.0,-1.0355974842767295
3682.0,-1.0241328413284132
3683.0,-1.1710344827586208
3684.0,0.6171428571428571
3685.0,0.7706382978723403
3686.0,-1.3457692307692308
3687.0,-1.1379591836734695
3688.0,-0.7511111111111112
3689.0,0.7654347826086955
3690.0,0.7706382978723403
3691.0,-1.0211447811447811
3692.0,0.7706382978723403
3693.0,-0.9309090909090915
3694.0,-1.307692307692308
3695.0,-1.3325925925925928
3696.0,-1.1260294117647056
3697.0,-1.2002272727272725
3698.0,-1.0514406779661019
3699.0,-0.8500000000000004
3700.0,-0.9309090909090915
3701.0,-1.3388888888888892
3702.0,-1.0843877551020409
3703.0,-1.0606521739130435
3704.0,-1.1368253968253967
3705.0,-1.0183333333333338
3706.0,-1.2051162790697674
3707.0,-1.0652032520325203
3708.0,-0.92
3709.0,-1.2073684210526314
3710.0,-1.262058823529412
3711.0,0.6579591836734693
3712.0,-1.0030000000000003
3713.0,-1.5092857142857146
3714.0,-1.1956250000000002
3715.0,0.6922916666666666
3716.0,-1.2883870967741935
3717.0,-1.285
3718.0,-1.233421052631579
3719.0,0.505
3720.0,-1.0419662921348314
3721.0,-1.2446153846153851
3722.0,-1.067196261682243
3723.0,-1.0658196721311475
3724.0,-0.9407142857142861
3725.0,-1.3089655172413794
3726.0,-1.1267924528301887
3727.0,-0.9716666666666667
3728.0,-1.0505882352941176
3729.0,-1.2429411764705887
3730.0,-1.0210526315789474
3731.0,-1.2469444444444444
3732.0,-1.0193650793650793
3733.0,0.545
3734.0,0.5449999999999999
3735.0,-0.9810714285714285
3736.0,-1.186808510638298
3737.0,-1.005625
3738.0,-1.066086956521739
3739.0,0.7070212765957447
3740.0,0.6579591836734693
3741.0,-1.016173285198556
3742.0,-0.8978125
3743.0,-1.1645283018867925
3744.0,-1.2400000000000002
3745.0,-0.96
3746.0,-1.089056603773585
3747.0,-1.1540625
3748.0,-1.1522807017543861
3749.0,0.5449999999999999
3750.0,0.7219565217391305
3751.0,-1.0204276315789473
3752.0,-1.1001190476190472
3753.0,-1.0054320987654322
3754.0,-1.0756481481481481
3755.0,-0.5525000000000003
3756.0,0.6171428571428571
3757.0,-1.1041975308641976
3758.0,-1.0530434782608697
3759.0,-1.1379591836734693
3760.0,-1.4488888888888891
3761.0,-1.0565137614678901
3762.0,-1.2271794871794872
3763.0,0.7280851063829787
3764.0,0.7706382978723404
3765.0,-1.0433088235294117
3766.0,-1.1612962962962963
3767.0,-1.1379591836734695
3768.0,-1.4104545454545456
3769.0,-0.24000000000000002
3770.0,0.7706382978723403
3771.0,-1.0218627450980393
3772.0,-1.0237837837837838
3773.0,-1.051764705882353
3774.0,-1.0658196721311477
3775.0,-0.66
3776.0,-1.1416393442622954
3777.0,0.7654347826086955
3778.0,-1.1416393442622952
3779.0,-1.0581818181818181
3780.0,-0.9020370370370371
3781.0,-0.6257142857142857
3782.0,-1.027298387096774
3783.0,0.7654347826086955
3784.0,-1.1593548387096773
3785.0,0.14888888888888882
3786.0,-1.1070886075949367
3787.0,-0.8415625000000001
3788.0,-1.0273563218390807
3789.0,-1.055909090909091
3790.0,-0.9247014925373135
3791.0,-1.0688043478260871
3792.0,-0.5107142857142862
3793.0,-1.1301515151515151
3794.0,-0.3797058823529413
3795.0,-1.1955555555555557
3796.0,-1.1410416666666665
3797.0,0.76
3798.0,-1.1494827586206897
3799.0,-1.0652032520325205
3800.0,-1.0733333333333335
3801.0,-1.0081159420289856
3802.0,-1.0746774193548385
3803.0,-1.0092843691148774
3804.0,0.4356756756756757
3805.0,-0.9801315789473681
3806.0,0.14970588235294113
3807.0,-1.043793103448276
3808.0,-1.0153496503496504
3809.0,-1.1868085106382977
3810.0,0.7654347826086955
3811.0,-1.2102380952380951
3812.0,-1.0906451612903225
3813.0,-1.042857142857143
3814.0,-1.1194642857142856
3815.0,-1.0617054263565895
3816.0,-1.1242592592592595
3817.0,-1.089462365591398
3818.0,-1.0789830508474578
3819.0,0.7599999999999999
3820.0,-1.0581818181818183
3821.0,-0.9768421052631578
3822.0,-0.8795348837209302
3823.0,-1.065
3824.0,-1.0053753753753754
3825.0,-1.0306250000000001
3826.0,-1.025326086956522
3827.0,-0.7248484848484847
3828.0,0.7654347826086957
3829.0,-1.0209523809523808
3830.0,-1.3089655172413794
3831.0,0.7654347826086955
3832.0,-1.0135849056603774
3833.0,-1.1758974358974357
3834.0,-1.2002272727272727
3835.0,-1.0863541666666665
3836.0,-1.2002272727272727
3837.0,-1.295925925925926
3838.0,-1.0570289855072463
3839.0,-1.0815841584158417
3840.0,-1.2766666666666668
3841.0,-1.2165625000000002
3842.0,-0.9697297297297298
3843.0,-1.0197619047619046
3844.0,-1.0328451882845189
3845.0,0.7706382978723403
3846.0,0.7706382978723403
3847.0,-1.2754545454545458
3848.0,-1.1968750000000004
3849.0,-1.0916483516483515
3850.0,-1.0582666666666665
3851.0,-1.0753333333333333
3852.0,-1.0264173228346456
3853.0,-1.1246153846153846
3854.0,-1.2271794871794872
3855.0,-0.9789705882352943
3856.0,-1.3203571428571428
3857.0,-1.1041975308641976
3858.0,-0.9752941176470589
3859.0,-0.43250000000000055
3860.0,-1.0066666666666668
3861.0,-1.061917808219178
3862.0,-1.0031578947368422
3863.0,-1.0259322033898306
3864.0,-1.1133333333333337
3865.0,-1.3089655172413794
3866.0,-0.9772881355932203
3867.0,-1.076309523809524
3868.0,0.7706382978723404
3869.0,-1.044733727810651
3870.0,-0.8986538461538461
3871.0,-0.8432608695652175
3872.0,-1.0966176470588234
3873.0,0.48413793103448266
3874.0,-1.1586046511627908
3875.0,-0.8974193548387098
3876.0,-1.2051162790697674
3877.0,-1.0556410256410256
3878.0,-0.6534782608695654
3879.0,-1.1117105263157896
3880.0,-0.24892857142857155
3881.0,-1.1612962962962963
3882.0,-1.1001190476190477
3883.0,-0.2860526315789474
3884.0,-1.1015384615384616
3885.0,-0.9943636363636362
3886.0,-1.0622222222222224
3887.0,0.7280851063829787
3888.0,-1.0197427652733118
3889.0,-0.7806249999999999
3890.0,-1.1294230769230769
3891.0,-1.0431609195402298
3892.0,-1.1410416666666665
3893.0,-1.0228205128205128
3894.0,-1.1787755102040816
3895.0,-1.073333333333333
3896.0,-1.0140885416666665
3897.0,-1.1323076923076925
3898.0,-0.9563120567375889
3899.0,-0.4124137931034484
3900.0,-1.2051162790697676
3901.0,0.7706382978723403
3902.0,-1.1678846153846154
3903.0,-0.2660416666666666
3904.0,-1.1240579710144927
3905.0,-1.0683582089552237
3906.0,-1.3325925925925926
3907.0,-1.3325925925925928
3908.0,-1.0294936708860758
3909.0,-1.4488888888888893
3910.0,-1.262058823529412
3911.0,-1.105625
3912.0,-1.1323076923076925
3913.0,0.6922916666666666
3914.0,-0.6082456140350876
3915.0,-1.0180172413793103
3916.0,-1.0166544117647058
3917.0,-0.9245238095238096
3918.0,-1.115
3919.0,-1.0541592920353982
3920.0,-1.0884042553191489
3921.0,-1.0935714285714286
3922.0,-0.8410101010101011
3923.0,-1.0257142857142858
3924.0,-1.1626190476190477
3925.0,-1.0091798941798942
3926.0,-0.8342028985507248
3927.0,-1.1416393442622952
3928.0,0.3939285714285714
3929.0,-1.1910869565217392
3930.0,-1.0998666666666665
3931.0,-1.1070886075949364
3932.0,-0.8806250000000002
3933.0,-0.2748837209302326
3934.0,-1.1475384615384614
3935.0,-1.1368253968253967
3936.0,-1.2883870967741935
3937.0,-1.1816279069767441
3938.0,0.7706382978723403
3939.0,-1.093932584269663
3940.0,-1.1823529411764708
3941.0,-0.8066666666666668
3942.0,-1.019179810725552
3943.0,-1.284285714285714
3944.0,-1.0215533980582525
3945.0,-1.1678846153846154
3946.0,-1.144166666666667
3947.0,-1.0611538461538461
3948.0,-1.233421052631579
3949.0,-1.1827083333333333
3950.0,-0.82125
3951.0,-1.084155844155844
3952.0,-1.024722222222222
3953.0,-1.0327631578947365
3954.0,-0.8657485029940121
3955.0,-1.1227659574468087
3956.0,-1.200227272727273
3957.0,-1.1522807017543861
3958.0,-1.0393197278911566
3959.0,0.5978378378378377
3960.0,-1.0114497041420119
3961.0,-1.2790625
3962.0,-1.0145098039215685
3963.0,-1.2525000000000002
3964.0,0.0007407407407406324
3965.0,-1.0108333333333333
3966.0,-1.0267647058823532
3967.0,-1.0748623853211008
3968.0,-0.9066666666666666
3969.0,-0.653571428571429
3970.0,-0.8038297872340425
3971.0,-1.1490909090909092
3972.0,-1.154772727272727
3973.0,-1.1416393442622952
3974.0,-1.0277906976744187
3975.0,-0.9433898305084747
3976.0,-0.9991549295774648
3977.0,-0.14
3978.0,-1.042857142857143
3979.0,-1.11012987012987
3980.0,-1.0030522088353413
3981.0,-0.6454054054054054
3982.0,-1.0733333333333335
3983.0,-0.9946816479400749
3984.0,-1.0509243697478992
3985.0,-0.9583908045977011
3986.0,-0.40000000000000013
3987.0,-0.9725581395348837
3988.0,-0.9945614035087719
3989.0,-1.1056249999999999
3990.0,-1.2051162790697676
3991.0,-0.7400000000000002
3992.0,0.3462068965517241
3993.0,-1.0197427652733118
3994.0,-1.1041304347826086
3995.0,-1.1581818181818182
3996.0,-0.09156250000000007
3997.0,-1.1301515151515151
3998.0,0.19548387096774186
3999.0,-0.6882608695652174
4000.0,-1.1085897435897436
4001.0,-1.105056179775281
4002.0,-1.012239263803681
4003.0,-1.1400000000000001
4004.0,-1.2469444444444444
4005.0,-1.048467741935484
4006.0,-0.7432894736842105
4007.0,-1.0733333333333335
4008.0,-1.0297727272727273
4009.0,-1.1678846153846154
4010.0,-1.0504166666666666
4011.0,-1.025326086956522
4012.0,-0.8576470588235294
4013.0,0.6448717948717947
4014.0,-0.8114285714285714
4015.0,-1.09632183908046
4016.0,-1.1149999999999998
4017.0,-1.24
4018.0,-1.0634117647058823
4019.0,-0.6935714285714285
4020.0,-1.1645283018867925
4021.0,-1.2194444444444443
4022.0,-1.1015384615384616
4023.0,-1.035774647887324
4024.0,-1.070769230769231
4025.0,-1.0290625
4026.0,-1.10144578313253
4027.0,-1.0096476964769647
4028.0,-0.9417543859649122
4029.0,-1.0108333333333335
4030.0,-1.4758823529411766
4031.0,-1.061078431372549
4032.0,-0.5744594594594595
4033.0,-1.0172556390977443
4034.0,-1.2703030303030303
4035.0,-0.643225806451613
4036.0,-1.0798058252427185
4037.0,-1.1626190476190477
4038.0,-1.1612962962962963
4039.0,-0.7955555555555553
4040.0,-0.5250000000000001
4041.0,-1.0597115384615385
4042.0,-1.1827083333333333
4043.0,-0.7948000000000001
4044.0,-1.0501851851851849
4045.0,-0.8715789473684211
4046.0,-0.35571428571428576
4047.0,-1.0470175438596492
4048.0,-1.042857142857143
4049.0,-1.1056249999999999
4050.0,-1.0301234567901236
4051.0,-1.3491304347826087
4052.0,-1.0406993006993006
4053.0,-1.2102380952380951
4054.0,-1.0322374429223744
4055.0,-1.2883870967741937
4056.0,-1.0743023255813953
4057.0,-1.0374074074074073
4058.0,-0.8193650793650795
4059.0,-0.983119266055046
4060.0,-0.9525000000000002
4061.0,-1.0147326203208555
4062.0,-1.2051724137931037
4063.0,-0.6410416666666666
4064.0,-1.0344711538461537
4065.0,-1.2002272727272727
4066.0,-1.0414572864321607
4067.0,-1.2102380952380951
4068.0,-1.4488888888888893
4069.0,-1.004367816091954
4070.0,-0.35328125000000005
4071.0,-1.0520805369127517
4072.0,-1.0948387096774195
4073.0,-1.1184722222222223
4074.0,-0.9275000000000001
4075.0,-0.851111111111111
4076.0,-1.0397169811320754
4077.0,-1.0160416666666665
4078.0,-1.0998484848484846
4079.0,-1.0805172413793103
4080.0,-0.7911363636363635
4081.0,-0.2283720930232558
4082.0,0.41972222222222216
4083.0,-1.11012987012987
4084.0,-1.0510465116279069
4085.0,-1.0163291139240505
4086.0,-1.1645283018867925
4087.0,-0.6018421052631581
4088.0,-1.231538461538462
4089.0,-1.0927777777777776
4090.0,-0.8309090909090909
4091.0,-1.0238827838827838
4092.0,0.4564285714285714
4093.0,-0.5326829268292683
4094.0,-1.0161299435028248
4095.0,-0.27968253968253975
4096.0,-1.065
4097.0,-0.9512676056338027
4098.0,-0.9405208333333334
4099.0,-0.8763636363636365
4100.0,-0.9980645161290321
4101.0,-1.0639436619718308
4102.0,-1.0764485981308411
4103.0,-1.0578145695364238
4104.0,-1.1050793650793647
4105.0,-1.5800000000000003
4106.0,-0.9518055555555556
4107.0,0.06978260869565213
4108.0,-0.6854545454545456
4109.0,-1.0291566265060241
4110.0,-1.0318552036199093
4111.0,-1.1678846153846154
4112.0,-0.6205970149253731
4113.0,-1.448888888888889
4114.0,-1.0825
4115.0,-1.2102380952380951
4116.0,-0.8842307692307692
4117.0,-1.069268292682927
4118.0,-1.111904761904762
4119.0,-1.121818181818182
4120.0,-0.8164705882352938
4121.0,-0.7077419354838712
4122.0,-1.1441666666666668
4123.0,-1.080686274509804
4124.0,-1.0893150684931507
4125.0,-0.6433333333333333
4126.0,-1.152280701754386
4127.0,-1.1441666666666666
4128.0,-1.0223426573426573
4129.0,-1.0311931818181819
4130.0,-1.028690476190476
4131.0,-1.0470175438596492
4132.0,-0.8106666666666672
4133.0,-1.061917808219178
4134.0,-0.6761702127659576
4135.0,-1.0432786885245902
4136.0,-0.8894252873563218
4137.0,-1.0536734693877552
4138.0,-1.136825396825397
4139.0,-1.1678846153846154
4140.0,-0.7511111111111112
4141.0,-1.0573684210526317
4142.0,-1.0147941888619854
4143.0,0.6202941176470587
4144.0,-1.0652032520325203
4145.0,-1.2126086956521738
4146.0,-0.9408928571428571
4147.0,-1.025576923076923
4148.0,-1.2790625
4149.0,-1.0884848484848486
4150.0,-1.0982089552238807
4151.0,-1.0872222222222225
4152.0,-0.8514814814814817
4153.0,-1.0362222222222222
4154.0,-1.0016906474820144
4155.0,-0.9415306122448978
4156.0,-1.185625
4157.0,-1.0061691542288556
4158.0,-1.055
4159.0,-1.1913888888888888
4160.0,-0.7061016949152542
4161.0,-1.0556028368794328
4162.0,-1.1395454545454549
4163.0,-1.0927777777777776
4164.0,-0.7871698113207546
4165.0,-1.36
4166.0,-1.0269318181818181
4167.0,-1.1108333333333333
4168.0,-1.0873684210526315
4169.0,-1.0483333333333333
4170.0,-1.1088524590163935
4171.0,-0.7623214285714285
4172.0,-1.3204000000000002
4173.0,-0.6257142857142858
4174.0,-0.7116981132075472
4175.0,-1.0951136363636365
4176.0,-0.911875
4177.0,-1.086603773584906
4178.0,-1.1416393442622952
4179.0,-1.0628346456692914
4180.0,0.4438235294117646
4181.0,0.4077272727272726
4182.0,-0.7212500000000001
4183.0,-1.0504166666666666
4184.0,-0.38351851851851854
4185.0,-1.11012987012987
4186.0,-1.262058823529412
4187.0,-1.1070886075949369
4188.0,-1.0951136363636365
4189.0,-1.1416393442622954
4190.0,-0.7116981132075468
4191.0,-1.0756481481481481
4192.0,0.40851851851851845
4193.0,-1.28
4194.0,-1.0530434782608695
4195.0,0.1926666666666663
4196.0,-1.0170833333333331
4197.0,-1.1001190476190477
4198.0,-0.8400000000000001
4199.0,-0.6630769230769231
4200.0,-1.0884042553191489
4201.0,-1.1108333333333333
4202.0,-1.0404807692307692
4203.0,-1.1832075471698111
4204.0,-0.6642424242424243
4205.0,-1.0405464480874318
4206.0,-1.2000000000000002
4207.0,-0.8650000000000003
4208.0,-0.4414925373134329
4209.0,-1.061917808219178
4210.0,-1.1955555555555557
4211.0,-0.05081081081081089
4212.0,-0.9449180327868852
4213.0,-1.1014457831325302
4214.0,-1.0645967741935487
4215.0,-1.0634126984126986
4216.0,-1.0014715189873418
4217.0,-1.0679569892473115
4218.0,-1.215609756097561
4219.0,-1.067127659574468
4220.0,-1.0364601769911503
4221.0,-1.120281690140845
4222.0,-1.1410416666666667
4223.0,-1.122142857142857
4224.0,-1.141639344262295
4225.0,-1.4443750000000004
4226.0,0.02704545454545452
4227.0,-1.0277604166666665
4228.0,-0.9827884615384614
4229.0,-1.1827083333333333
4230.0,-1.115
4231.0,-1.0278787878787878
4232.0,-1.0756481481481484
4233.0,-1.191086956521739
4234.0,-0.915824175824176
4235.0,-1.041980198019802
4236.0,-1.2271794871794872
4237.0,-0.7459999999999999
4238.0,-1.0575182481751824
4239.0,-1.073333333333333
4240.0,-1.0111864406779663
4241.0,0.6584375
4242.0,-1.1241176470588239
4243.0,-1.0303930131004366
4244.0,-0.8379381443298969
4245.0,-1.023393501805054
4246.0,-1.1581818181818184
4247.0,-0.7701724137931035
4248.0,-1.0884042553191484
4249.0,-0.9867672413793102
4250.0,-1.0194585987261144
4251.0,-1.2212500000000002
4252.0,-0.8184313725490198
4253.0,-1.0775
4254.0,-0.3464814814814815
4255.0,-1.0854545454545457
4256.0,-0.7968181818181819
4257.0,-1.069268292682927
4258.0,-0.9495588235294119
4259.0,-0.13534883720930233
4260.0,-1.2073684210526314
4261.0,-1.0261111111111112
4262.0,0.20021739130434774
4263.0,-0.828607594936709
4264.0,-1.023573770491803
4265.0,-1.0917283950617283
4266.0,-1.1379591836734693
4267.0,-1.2165625000000002
4268.0,-0.32125000000000004
4269.0,-1.0634126984126986
4270.0,-1.0130673316708227
4271.0,-1.0058132530120483
4272.0,-0.643225806451613
4273.0,-1.0670093457943925
4274.0,-1.128059701492537
4275.0,0.3224999999999999
4276.0,-1.0137587006960556
4277.0,-1.1240579710144927
4278.0,-1.0083518930957684
4279.0,-0.9982070707070706
4280.0,-1.0748623853211008
4281.0,-0.615
4282.0,-0.9847916666666667
4283.0,-1.375416666666667
4284.0,-1.011551724137931
4285.0,-1.0537254901960784
4286.0,-1.130151515151515
4287.0,-0.7722580645161292
4288.0,-1.115
4289.0,-1.375416666666667
4290.0,-1.1028048780487805
4291.0,-1.097558139534884
4292.0,-1.191086956521739
4293.0,-1.1032812499999998
4294.0,0.31357142857142856
4295.0,-1.0075675675675675
4296.0,-1.0311392405063293
4297.0,-1.2808000000000002
4298.0,-1.0498830409356723
4299.0,-1.2525641025641028
4300.0,-1.262058823529412
4301.0,-0.8968627450980391
4302.0,-1.0547321428571428
4303.0,-1.12125
4304.0,-1.1494827586206895
4305.0,-1.203823529411765
4306.0,-1.056546762589928
4307.0,-0.7022093023255814
4308.0,-1.248125
4309.0,-1.0679310344827588
4310.0,-1.191086956521739
4311.0,-1.0136156351791532
4312.0,-1.1109090909090915
4313.0,-0.9314893617021275
4314.0,-1.2880952380952382
4315.0,-0.922170542635659
4316.0,-1.011551724137931
4317.0,-0.7997826086956523
4318.0,-1.2883870967741937
4319.0,-1.0714606741573032
4320.0,-0.8137704918032787
4321.0,-1.4030000000000002
4322.0,-0.9818478260869565
4323.0,-0.918030303030303
4324.0,-1.0206849315068491
4325.0,-0.8769047619047621
4326.0,-1.0108333333333333
4327.0,-1.0216780821917808
4328.0,-1.109318181818182
4329.0,-0.5166666666666673
4330.0,-1.043
4331.0,-1.1405882352941175
4332.0,-1.0879729729729728
4333.0,-1.0086567164179103
4334.0,-0.8416949152542371
4335.0,-0.9196875000000002
4336.0,-0.6454054054054054
4337.0,-1.048
4338.0,-1.1015384615384616
4339.0,-1.132156862745098
4340.0,-1.4730769230769238
4341.0,-1.0146010638297869
4342.0,-1.0253053435114503
4343.0,-1.0951136363636365
4344.0,-0.8363855421686747
4345.0,-1.0825
4346.0,-1.0508552631578947
4347.0,-0.2866666666666666
4348.0,-0.8975342465753426
4349.0,-1.135
4350.0,-1.0166544117647058
4351.0,-1.0893150684931507
4352.0,-1.0384293193717276
4353.0,-1.0520805369127517
4354.0,-1.1955555555555555
4355.0,-1.2400000000000002
4356.0,-1.080625
4357.0,-1.034471153846154
4358.0,-0.9809638554216867
4359.0,-1.097558139534884
4360.0,0.002424242424242377
4361.0,-1.1913888888888888
4362.0,-1.0622222222222224
4363.0,-1.1713725490196079
4364.0,-1.22125
4365.0,-1.2102380952380951
4366.0,-1.0577083333333333
4367.0,-0.09714285714285734
4368.0,-1.1109090909090913
4369.0,0.5164102564102563
4370.0,-1.11012987012987
4371.0,-0.7303846153846154
4372.0,-0.5826315789473685
4373.0,-0.6889473684210529
4374.0,-1.0966176470588236
4375.0,-1.1280597014925373
4376.0,-1.0184090909090908
4377.0,-0.8075675675675678
4378.0,-1.0437790697674418
4379.0,-0.9302173913043477
4380.0,-1.0415873015873014
4381.0,-1.0005164319248825
4382.0,-1.081772151898734
4383.0,-1.0634126984126984
4384.0,-0.8889361702127659
4385.0,-1.152280701754386
4386.0,-1.1551785714285714
4387.0,-1.1490909090909092
4388.0,-1.0825
4389.0,-1.0268695652173914
4390.0,-1.0905434782608696
4391.0,-0.9789705882352943
4392.0,-1.122142857142857
4393.0,0.23499999999999996
4394.0,-1.0611538461538463
4395.0,-0.9441666666666666
4396.0,-0.5011940298507463
4397.0,-1.1349999999999998
4398.0,-1.071858407079646
4399.0,-1.0998666666666665
4400.0,-0.6469767441860466
4401.0,-1.00878612716763
4402.0,-0.4954347826086957
4403.0,-1.0963218390804594
4404.0,0.25999999999999984
4405.0,-1.056455696202532
4406.0,0.02562499999999999
4407.0,-1.0012456747404843
4408.0,-0.7507142857142858
4409.0,-1.0664462809917354
4410.0,-1.0853608247422681
4411.0,-0.930217391304348
4412.0,-1.1015384615384611
4413.0,-0.10607142857142868
4414.0,-1.0998484848484846
4415.0,-1.1368253968253967
4416.0,-1.0704347826086955
4417.0,-1.1864864864864868
4418.0,-1.4247368421052633
4419.0,-0.5492105263157896
4420.0,-1.011551724137931
4421.0,-0.9556250000000001
4422.0,-1.093932584269663
4423.0,0.48413793103448266
4424.0,-1.1581818181818182
4425.0,-1.011461716937355
4426.0,-1.062265625
4427.0,-0.5247222222222222
4428.0,-0.895
4429.0,-1.0101612903225807
4430.0,-1.0092307692307692
4431.0,-1.2175555555555555
4432.0,-1.2002272727272727
4433.0,-0.4856140350877192
4434.0,0.5724999999999999
4435.0,-1.2102380952380953
4436.0,-1.166551724137931
4437.0,-1.0640000000000003
4438.0,-1.1128813559322033
4439.0,-1.1384057971014492
4440.0,-1.139193548387097
4441.0,-1.0815841584158414
4442.0,-1.0679569892473117
4443.0,-1.0346859903381642
4444.0,-1.0512582781456952
4445.0,-1.0673809523809525
4446.0,-1.0470987654320987
4447.0,0.30166666666666664
4448.0,-0.9547435897435897
4449.0,-1.1180487804878048
4450.0,-1.0155102040816326
4451.0,-1.0866666666666667
4452.0,-1.0683898305084745
4453.0,-1.0545714285714285
4454.0,-1.0120763723150357
4455.0,-0.8451136363636365
4456.0,-1.04
4457.0,-0.9839999999999998
4458.0,-1.0939325842696628
4459.0,-1.0673809523809525
4460.0,-0.5247222222222221
4461.0,-1.2073684210526319
4462.0,-1.2469444444444442
4463.0,-0.21023809523809528
4464.0,-1.0138202247191013
4465.0,-1.2525641025641028
4466.0,-1.262058823529412
4467.0,-1.1028048780487805
4468.0,-0.4946296296296296
4469.0,-0.5184090909090908
4470.0,-0.8077966101694914
4471.0,-0.19108695652173915
4472.0,-1.0198165137614676
4473.0,-1.0339189189189189
4474.0,-1.1041304347826089
4475.0,0.07250000000000001
4476.0,-1.062834645669292
4477.0,-0.714264705882353
4478.0,-1.1056250000000003
4479.0,-1.1301515151515154
4480.0,-1.0174480712166172
4481.0,-1.1117105263157891
4482.0,-0.9801315789473687
4483.0,-1.1345312499999998
4484.0,-1.3457692307692308
4485.0,-1.3325925925925928
4486.0,-1.1207936507936511
4487.0,-1.1540625
4488.0,-1.0081159420289854
4489.0,-1.0963218390804597
4490.0,-1.2542857142857144
4491.0,-1.0795061728395061
4492.0,-1.2051162790697674
4493.0,-0.8819753086419753
4494.0,-0.9121311475409835
4495.0,-1.165
4496.0,-1.115
4497.0,-1.080277777777778
4498.0,-0.6193103448275861
4499.0,-1.1280597014925373
4500.0,-0.9763636363636364
4501.0,-1.215609756097561
4502.0,-1.0035416666666666
4503.0,-0.8822222222222222
4504.0,-1.0733333333333333
4505.0,-0.5908771929824561
4506.0,-0.33574468085106385
4507.0,-1.3325925925925926
4508.0,-1.1108333333333336
4509.0,-1.0231541218637994
4510.0,-1.4730769230769236
4511.0,-0.5842622950819673
4512.0,-1.0743243243243243
4513.0,-1.1444117647058822
4514.0,-1.0591489361702129
4515.0,-1.130151515151515
4516.0,-0.8794117647058824
4517.0,-1.0529251700680273
4518.0,-0.8546788990825689
4519.0,-1.02625
4520.0,-0.8488709677419354
4521.0,-1.1612962962962965
4522.0,-1.1522807017543861
4523.0,-1.0324311926605505
4524.0,-0.74
4525.0,0.21744680851063825
4526.0,-0.17750000000000007
4527.0,-0.8465573770491801
4528.0,-0.907452830188679
4529.0,-1.2542857142857144
4530.0,-1.0004166666666667
4531.0,-1.0349029126213591
4532.0,-0.44955882352941184
4533.0,-1.2281395348837212
4534.0,-1.1133333333333333
4535.0,-1.0165957446808507
4536.0,-1.0371014492753623
4537.0,-1.105625
4538.0,-1.0866666666666667
4539.0,-1.10144578313253
4540.0,-0.9839024390243903
4541.0,-1.1581818181818184
4542.0,-1.0756481481481484
4543.0,-1.171372549019608
4544.0,-1.0905434782608696
4545.0,-1.1017021276595744
4546.0,-0.8682051282051282
4547.0,-1.3969230769230772
4548.0,-0.9777049180327868
4549.0,-1.1735555555555555
4550.0,-1.2051162790697674
4551.0,-1.1551785714285714
4552.0,-1.0291791044776122
4553.0,-1.2225925925925927
4554.0,-1.4030000000000002
4555.0,-1.0843877551020409
4556.0,-1.2469444444444446
4557.0,-1.3921739130434785
4558.0,-1.064742268041237
4559.0,-1.1827083333333335
4560.0,-1.24
4561.0,-1.1410416666666665
4562.0,-1.0951136363636365
4563.0,-1.2983333333333333
4564.0,-1.2790625000000002
4565.0,-1.1028048780487805
4566.0,-1.295925925925926
4567.0,-1.22125
4568.0,-1.1313043478260874
4569.0,-0.934166666666667
4570.0,-1.0673809523809525
4571.0,-1.0027450980392156
4572.0,-1.13453125
4573.0,-1.1379591836734695
4574.0,-1.0726
4575.0,-1.200227272727273
4576.0,-0.9576470588235293
4577.0,-0.9839024390243903
4578.0,-1.118472222222222
4579.0,-0.7165625
4580.0,-1.115
4581.0,-0.9681746031746031
4582.0,-1.1093181818181819
4583.0,-0.926046511627907
4584.0,-1.1301515151515151
4585.0,-1.4030000000000002
4586.0,-0.43480519480519475
4587.0,-0.632241379310345
4588.0,-1.166829268292683
4589.0,-1.1128813559322033
4590.0,-1.1678846153846156
4591.0,-0.7273417721518988
4592.0,-1.2002272727272727
4593.0,-0.77125
4594.0,-1.1368253968253965
4595.0,-1.1085897435897434
4596.0,-1.0137587006960558
4597.0,-1.227179487179487
4598.0,-1.22125
4599.0,-1.124057971014493
4600.0,-1.139193548387097
4601.0,0.42346153846153833
4602.0,-1.375416666666667
4603.0,-1.1280597014925373
4604.0,-1.0058227848101264
4605.0,-1.1128813559322035
4606.0,-1.1581818181818182
4607.0,-1.1301515151515151
4608.0,-1.0241328413284134
4609.0,-0.9844029850746269
4610.0,-1.171372549019608
4611.0,-1.2684210526315791
4612.0,-1.126029411764706
4613.0,-1.155714285714286
4614.0,-1.503888888888889
4615.0,-0.92125
4616.0,-1.0748623853211008
4617.0,-1.3352380952380953
4618.0,-1.0670093457943923
4619.0,-1.0185087719298247
4620.0,-1.3325925925925928
4621.0,-1.0163917525773194
4622.0,-1.0040449438202248
4623.0,-0.0638636363636364
4624.0,0.39414634146341454
4625.0,-1.0699999999999998
4626.0,-1.093932584269663
4627.0,-1.2545000000000002
4628.0,-1.0645967741935485
4629.0,-1.1832075471698114
4630.0,-1.0817721518987344
4631.0,-0.6484615384615385
4632.0,-0.9371153846153845
4633.0,-1.0333898305084745
4634.0,-0.6956250000000004
4635.0,-0.20551724137931043
4636.0,-1.171034482758621
4637.0,-1.0906944444444444
4638.0,-1.0639436619718308
4639.0,-1.092112676056338
4640.0,-1.175
4641.0,-1.1117105263157896
4642.0,-0.9983870967741936
4643.0,-1.1586046511627905
4644.0,-1.295925925925926
4645.0,-1.2983333333333333
4646.0,-1.0081159420289854
4647.0,-1.0565137614678897
4648.0,-1.0733333333333335
4649.0,-1.152280701754386
4650.0,-1.2156097560975612
4651.0,-0.8119819819819819
4652.0,-1.2329411764705884
4653.0,-1.1028048780487807
4654.0,-1.1441666666666668
4655.0,-0.38634146341463416
4656.0,-1.2564516129032262
4657.0,-0.9320731707317074
4658.0,-1.124057971014493
4659.0,-1.2002272727272727
4660.0,-1.0983333333333334
4661.0,-1.0707692307692307
4662.0,-1.0789830508474576
4663.0,-1.1085897435897436
4664.0,-1.12125
4665.0,-1.215609756097561
4666.0,-1.0135849056603774
4667.0,-1.0611538461538461
4668.0,-1.1391935483870967
4669.0,-1.175
4670.0,-0.5525
4671.0,-1.1965000000000001
4672.0,-0.6230645161290325
4673.0,-1.144666666666667
4674.0,-1.4443750000000004
4675.0,-0.9934782608695651
4676.0,-1.2745454545454546
4677.0,-1.0655208333333333
4678.0,-1.1581818181818182
4679.0,-1.0951136363636365
4680.0,-1.1117105263157891
4681.0,-1.292916666666667
4682.0,-1.0420833333333335
4683.0,-1.0982089552238805
4684.0,-1.1323076923076925
4685.0,-1.191086956521739
4686.0,-0.9665625
4687.0,-1.1749999999999998
4688.0,-0.2080851063829787
4689.0,-1.0432786885245902
4690.0,-1.2562500000000003
4691.0,-1.126029411764706
4692.0,-0.30448275862068963
4693.0,-0.9798648648648651
4694.0,-1.0590298507462688
4695.0,-1.1551785714285714
4696.0,-1.22125
4697.0,-1.0575182481751824
4698.0,-1.0600757575757576
4699.0,-1.1247368421052633
4700.0,-1.3205263157894738
4701.0,-1.36
4702.0,-1.2271794871794872
4703.0,-1.2496428571428575
4704.0,-1.0873684210526318
4705.0,-1.194761904761905
4706.0,-1.3426666666666671
4707.0,-1.1713725490196079
4708.0,-1.22125
4709.0,-1.1787755102040818
4710.0,-1.073333333333333
4711.0,-1.262058823529412
4712.0,-1.023246753246753
4713.0,-1.0982089552238803
4714.0,-1.1133333333333333
4715.0,-0.9309090909090915
4716.0,-1.2542857142857142
4717.0,-1.1522807017543861
4718.0,-1.3325925925925926
4719.0,-0.9482352941176475
4720.0,-1.018607594936709
4721.0,-1.0123214285714286
4722.0,-0.8968627450980392
4723.0,-0.3094444444444444
4724.0,-1.0764485981308411
4725.0,-1.2002272727272727
4726.0,-1.02125
4727.0,-0.32064516129032267
4728.0,-0.9309090909090915
4729.0,-1.0030208333333333
4730.0,-1.1014457831325304
4731.0,-0.9651308900523561
4732.0,-1.1416393442622952
4733.0,-1.113333333333333
4734.0,-1.1028048780487807
4735.0,-1.1056249999999999
4736.0,-1.1612962962962963
4737.0,-1.262058823529412
4738.0,-0.9327083333333334
4739.0,-1.2002272727272727
4740.0,-1.1069354838709677
4741.0,-1.0327631578947367
4742.0,-1.0638636363636365
4743.0,-0.8910416666666666
4744.0,-0.9201470588235294
4745.0,-1.0300763358778626
4746.0,-1.0173109243697476
4747.0,-0.9968276972624798
4748.0,-0.9607446808510637
4749.0,-1.2508333333333335
4750.0,-1.1184722222222223
4751.0,-1.0927777777777776
4752.0,-0.9717073170731708
4753.0,-1.0658196721311475
4754.0,-1.1787755102040816
4755.0,-0.8488709677419354
4756.0,-0.9992592592592593
4757.0,-1.0884042553191489
4758.0,-1.08375
4759.0,-1.1391935483870967
4760.0,-1.0460344827586208
4761.0,-1.089056603773585
4762.0,-1.0265168539325842
4763.0,-1.186808510638298
4764.0,-1.0273563218390807
4765.0,-1.1645283018867925
4766.0,-1.1787755102040816
4767.0,-0.41361111111111126
4768.0,-0.8483333333333334
4769.0,-1.0333333333333334
4770.0,-0.9036363636363636
4771.0,0.4234615384615382
4772.0,-0.6610526315789474
4773.0,-1.3457692307692308
4774.0,-1.0165957446808511
4775.0,0.72875
4776.0,-0.7792857142857142
4777.0,-1.0485443037974684
4778.0,-0.1365517241379311
4779.0,-0.6606349206349204
4780.0,-0.019761904761904765
4781.0,-0.4108333333333334
4782.0,-0.9877409638554215
4783.0,-0.258867924528302
4784.0,-1.1184722222222223
4785.0,-0.5351388888888889
4786.0,-1.2883870967741935
4787.0,-1.0197619047619046
4788.0,-1.056455696202531
4789.0,-1.0200925925925926
4790.0,-0.9288888888888889
4791.0,-1.191086956521739
4792.0,-0.9746938775510203
4793.0,-0.7573611111111112
4794.0,-1.1522807017543861
4795.0,-0.7497087378640777
4796.0,-1.0017162471395882
4797.0,-1.0853608247422681
4798.0,-1.2002272727272727
4799.0,-0.9699270072992701
4800.0,-0.8927777777777779
4801.0,-1.0164227642276424
4802.0,-1.052925170068027
4803.0,-1.4525000000000001
4804.0,-1.1207936507936507
4805.0,-0.45636363636363664
4806.0,-1.320357142857143
4807.0,-0.8769047619047619
4808.0,-0.9809638554216867
4809.0,-0.8052380952380952
4810.0,-1.0360869565217394
4811.0,-1.0176717557251909
4812.0,-1.0733333333333335
4813.0,-1.0789423076923077
4814.0,-1.0872222222222223
4815.0,-0.9229268292682926
4816.0,-1.059659863945578
4817.0,-1.128157894736842
4818.0,-1.1202816901408448
4819.0,-1.0748623853211008
4820.0,-1.0306250000000001
4821.0,-1.0884042553191489
4822.0,-1.3938888888888892
4823.0,-1.0140384615384617
4824.0,-1.080686274509804
4825.0,-0.8892537313432837
4826.0,-1.039242424242424
4827.0,-1.132156862745098
4828.0,-0.9417543859649122
4829.0,-1.1345312499999998
4830.0,-1.1971428571428573
4831.0,-1.0417171717171716
4832.0,-1.055
4833.0,-1.1480434782608697
4834.0,-0.9717073170731706
4835.0,-1.0590298507462683
4836.0,-1.3325925925925928
4837.0,-1.0342583732057415
4838.0,-0.7972131147540985
4839.0,-1.0537254901960786
4840.0,-1.0711403508771928
4841.0,-1.1626190476190477
4842.0,-0.8330232558139535
4843.0,-1.0756481481481484
4844.0,0.6189743589743592
4845.0,-1.215609756097561
4846.0,-1.1180487804878048
4847.0,-1.1477777777777778
4848.0,-1.092941176470588
4849.0,-1.055
4850.0,-1.0053301886792452
4851.0,-0.768
4852.0,-1.2620588235294117
4853.0,-0.9707692307692306
4854.0,-0.9180303030303031
4855.0,-1.0886046511627907
4856.0,-1.0707843137254904
4857.0,-1.0135849056603776
4858.0,-1.1551785714285714
4859.0,-0.9846043165467625
4860.0,-1.116712328767123
4861.0,-0.9275000000000001
4862.0,-0.975576923076923
4863.0,-1.1787755102040816
4864.0,-1.4730769230769236
4865.0,-1.1441666666666666
4866.0,-0.900377358490566
4867.0,-0.9768421052631578
4868.0,-0.2670270270270271
4869.0,-0.9763636363636363
4870.0,-0.7030000000000002
4871.0,-1.307692307692308
4872.0,-1.0658196721311477
4873.0,-1.0061713286713285
4874.0,-1.0291566265060241
4875.0,-1.1202816901408452
4876.0,-1.0951136363636365
4877.0,-1.0125753424657533
4878.0,-1.121818181818182
4879.0,-1.3938888888888894
4880.0,-0.8271212121212121
4881.0,-1.320357142857143
4882.0,-1.1444117647058827
4883.0,-1.2400000000000002
4884.0,-1.0909615384615383
4885.0,-1.2096969696969695
4886.0,-1.1202816901408452
4887.0,-1.0541592920353984
4888.0,-1.2002272727272727
4889.0,-1.268846153846154
4890.0,-1.078095238095238
4891.0,-1.1864864864864864
4892.0,-1.2156097560975612
4893.0,-1.1955555555555555
4894.0,-0.9795833333333334
4895.0,-0.575
4896.0,-1.0333333333333334
4897.0,-0.5316666666666667
4898.0,-0.9717073170731705
4899.0,-1.1283783783783785
4900.0,-1.1041975308641976
4901.0,-1.0798058252427185
4902.0,-1.0982089552238805
4903.0,-1.185945945945946
4904.0,-0.9271921182266009
4905.0,-1.2983333333333333
4906.0,-1.3003030303030305
4907.0,-1.2653333333333334
4908.0,-1.1028048780487805
4909.0,-0.72828125
4910.0,-0.11142857142857147
4911.0,-1.0638636363636365
4912.0,-1.089462365591398
4913.0,-1.0647445255474453
4914.0,-1.1581818181818182
4915.0,-1.1955555555555555
4916.0,-0.9449180327868852
4917.0,-1.175
4918.0,-1.2653333333333332
4919.0,-0.28870967741935494
4920.0,-0.52125
4921.0,-1.1103703703703707
4922.0,-1.0585185185185189
4923.0,-0.9789705882352938
4924.0,-1.1400000000000001
4925.0,-1.2469444444444442
4926.0,-1.1014457831325302
4927.0,-1.0420833333333335
4928.0,-1.1547727272727273
4929.0,-1.0670833333333334
4930.0,-0.8542857142857144
4931.0,-1.0893150684931507
4932.0,-1.1787755102040818
4933.0,-1.1581818181818184
4934.0,-1.24
4935.0,-1.254285714285714
4936.0,-1.1246153846153846
4937.0,-1.0647445255474453
4938.0,-1.1540625000000002
4939.0,-0.9827884615384617
4940.0,-1.3921739130434785
4941.0,-1.115
4942.0,-0.11083333333333334
4943.0,-1.2051162790697674
4944.0,-1.1551785714285714
4945.0,-1.08051724137931
4946.0,0.03678571428571416
4947.0,-1.0795061728395061
4948.0,-1.0470652173913044
4949.0,-1.0165042979942693
4950.0,-0.939074074074074
4951.0,-1.1678846153846154
4952.0,-1.03004329004329
4953.0,-0.7729032258064519
4954.0,-0.8889361702127658
4955.0,-1.074862385321101
4956.0,-1.1713725490196079
4957.0,-0.7854545454545455
4958.0,-1.2703030303030305
4959.0,-0.36500000000000016
4960.0,-1.00984126984127
4961.0,-1.1551785714285714
4962.0,-1.2790625000000002
4963.0,-1.1416393442622954
4964.0,-1.118048780487805
4965.0,-1.262058823529412
4966.0,-1.2002272727272727
4967.0,-0.6350617283950618
4968.0,-1.186808510638298
4969.0,-1.3060869565217395
4970.0,-1.1070886075949364
4971.0,-1.0642857142857143
4972.0,-0.5288888888888889
4973.0,-1.1041975308641976
4974.0,-1.0078571428571432
4975.0,-1.0132199546485259
4976.0,-1.233421052631579
4977.0,-0.8889361702127658
4978.0,-0.8877272727272729
4979.0,-0.22571428571428573
4980.0,-1.1749999999999998
4981.0,-0.5514754098360656
4982.0,-1.0106868686868686
4983.0,-1.0460344827586208
4984.0,-1.186923076923077
4985.0,-1.056326530612245
4986.0,-0.64
4987.0,-1.0013636363636362
4988.0,-1.1713725490196076
4989.0,-0.9768421052631581
4990.0,-1.0873684210526313
4991.0,-1.0409708737864078
4992.0,-1.0600000000000003
4993.0,-0.8432608695652174
4994.0,-1.0500649350649351
4995.0,-1.0610000000000002
4996.0,0.2349999999999999
4997.0,-1.066086956521739
4998.0,-0.52125
4999.0,-1.2295454545454547
5000.0,0.5825806451612903
5001.0,-0.7241269841269841
5002.0,-0.21777777777777776
5003.0,-1.038507462686567
5004.0,-0.54078125
5005.0,-1.026764705882353
5006.0,-0.44703125
5007.0,-1.0187610619469025
5008.0,-0.9285714285714286
5009.0,-1.0982089552238807
5010.0,-1.0377941176470589
5011.0,-0.9327083333333333
5012.0,-0.28285714285714286
5013.0,-0.8521794871794873
5014.0,-0.44703125
5015.0,-0.8613235294117647
5016.0,-1.1910869565217392
5017.0,-0.49961538461538474
5018.0,-0.8736206896551725
5019.0,-1.2271794871794868
5020.0,-0.4262745098039216
5021.0,-1.040271739130435
5022.0,-1.262058823529412
5023.0,-0.7366216216216217
5024.0,-0.9957077625570774
5025.0,-1.0743023255813953
5026.0,-1.0652941176470587
5027.0,-1.1713725490196076
5028.0,-0.5909615384615385
5029.0,-0.9802597402597403
5030.0,-1.066315789473684
5031.0,-0.4729545454545454
5032.0,-1.115
5033.0,-1.11012987012987
5034.0,-1.2307692307692308
5035.0,-1.001574074074074
5036.0,-1.5038888888888888
5037.0,-1.1294230769230769
5038.0,-1.1294230769230766
5039.0,-0.9986004056795131
5040.0,-0.9770689655172413
5041.0,-1.240689655172414
5042.0,-0.9712252964426876
5043.0,-1.2182608695652175
5044.0,-0.6622222222222223
5045.0,-1.2592592592592593
5046.0,-0.1827083333333334
5047.0,-1.1612962962962963
5048.0,0.004680851063829763
5049.0,-1.064
5050.0,-1.0059183673469387
5051.0,-1.186808510638298
5052.0,-0.457948717948718
5053.0,-1.0577570093457942
5054.0,-1.0977894736842106
5055.0,-1.124057971014493
5056.0,-1.0740909090909092
5057.0,0.41789473684210493
5058.0,-0.6358333333333334
5059.0,-1.092941176470588
5060.0,-1.093932584269663
5061.0,-1.1442553191489362
5062.0,-1.1441666666666666
5063.0,-1.1522807017543861
5064.0,-1.1117105263157898
5065.0,-1.1321568627450982
5066.0,-0.9136111111111112
5067.0,-1.166551724137931
5068.0,-0.9314893617021275
5069.0,-1.055
5070.0,-1.0238541666666665
5071.0,-1.2399999999999998
5072.0,-1.1480434782608695
5073.0,-1.0099061032863847
5074.0,-1.3426666666666671
5075.0,-1.197714285714286
5076.0,-1.1712500000000001
5077.0,-1.1194642857142856
5078.0,-0.6036363636363636
5079.0,-1.044733727810651
5080.0,-0.13583333333333336
5081.0,-0.6117948717948719
5082.0,-1.1150000000000004
5083.0,-1.136825396825397
5084.0,-1.0462637362637361
5085.0,-1.0371938775510203
5086.0,-1.0916483516483517
5087.0,-1.1827083333333333
5088.0,-1.191086956521739
5089.0,-0.9501449275362319
5090.0,-1.1551785714285714
5091.0,-1.022685512367491
5092.0,-1.2096969696969697
5093.0,-1.2329411764705882
5094.0,-0.8694642857142857
5095.0,-1.0672058823529411
5096.0,-1.175
5097.0,-0.7535135135135135
5098.0,-0.749433962264151
5099.0,-0.7914705882352941
5100.0,-0.8184313725490197
5101.0,-1.1586046511627908
5102.0,-1.2102380952380953
5103.0,-1.0929411764705883
5104.0,-1.2496428571428573
5105.0,-1.145151515151515
5106.0,-1.075648148148148
5107.0,-1.210416666666667
5108.0,-1.089056603773585
5109.0,-1.10144578313253
5110.0,-1.3089655172413794
5111.0,-1.113333333333333
5112.0,0.033437499999999946
5113.0,-1.122142857142857
5114.0,-1.1133333333333333
5115.0,0.3306521739130434
5116.0,-1.1001190476190477
5117.0,-1.1581818181818182
5118.0,-1.3726315789473686
5119.0,-1.1034545454545452
5120.0,-1.3204545454545455
5121.0,-1.1416393442622956
5122.0,-1.2106666666666672
5123.0,-0.9094915254237289
5124.0,-1.0415873015873018
5125.0,-1.118048780487805
5126.0,-0.9229268292682926
5127.0,-1.032626728110599
5128.0,-1.3388888888888892
5129.0,-1.175
5130.0,-1.0843877551020409
5131.0,-1.285
5132.0,-1.375416666666667
5133.0,-1.185925925925926
5134.0,-1.087972972972973
5135.0,-1.1368253968253967
5136.0,-1.0499173553719006
5137.0,-1.1190909090909091
5138.0,-1.053793103448276
5139.0,-1.1321568627450982
5140.0,-1.1056249999999999
5141.0,-1.0929411764705883
5142.0,-1.1242592592592593
5143.0,-1.0719199999999998
5144.0,0.07999999999999988
5145.0,-0.10644444444444447
5146.0,-0.6882758620689656
5147.0,-1.1626190476190477
5148.0,-1.2271794871794874
5149.0,0.6974999999999999
5150.0,-1.0963218390804597
5151.0,-1.087972972972973
5152.0,-1.01705223880597
5153.0,-0.8694642857142857
5154.0,-1.3193750000000004
5155.0,-1.1041304347826089
5156.0,-1.2156097560975612
5157.0,-1.147608695652174
5158.0,-1.1321568627450982
5159.0,-0.9983333333333333
5160.0,0.5392307692307691
5161.0,-1.176410256410256
5162.0,-0.9131770833333333
5163.0,-1.2002272727272727
5164.0,-1.0484677419354838
5165.0,-0.7166666666666669
5166.0,-1.0866666666666664
5167.0,-1.1260294117647056
5168.0,-1.082948717948718
5169.0,-1.141639344262295
5170.0,-1.3833333333333335
5171.0,-1.1167123287671232
5172.0,-1.1274193548387097
5173.0,-1.2245161290322584
5174.0,0.67875
5175.0,-1.1218181818181818
5176.0,-1.1280597014925373
5177.0,-1.2983333333333333
5178.0,-1.2002272727272727
5179.0,-1.0879729729729728
5180.0,-1.2156097560975612
5181.0,-1.4304761904761907
5182.0,-1.3361904761904764
5183.0,-1.2585185185185186
5184.0,-0.8576470588235293
5185.0,-1.2703030303030303
5186.0,-1.2102380952380951
5187.0,-1.015709219858156
5188.0,-1.1910869565217392
5189.0,-0.9722515212981745
5190.0,-1.1467796610169492
5191.0,-1.144166666666667
5192.0,-1.1056249999999999
5193.0,-0.6454054054054055
5194.0,-1.0307488986784141
5195.0,-1.233421052631579
5196.0,-1.1108333333333331
5197.0,-1.0983333333333334
5198.0,-1.1133333333333333
5199.0,-1.016595744680851
5200.0,-0.9094915254237288
5201.0,-1.3600000000000003
5202.0,-1.045263157894737
5203.0,-1.105625
5204.0,-1.0655813953488373
5205.0,0.20852941176470582
5206.0,-0.2771621621621623
5207.0,-1.2883870967741935
5208.0,-1.0489430894308946
5209.0,-1.0966666666666667
5210.0,-1.0352747252747254
5211.0,-1.1836363636363638
5212.0,-1.246
5213.0,-0.9858791208791209
5214.0,-1.0573076923076925
5215.0,-1.1914634146341463
5216.0,-0.8771681415929204
5217.0,-1.0440935672514617
5218.0,-1.0089393939393938
5219.0,-0.288780487804878
5220.0,-1.1103703703703705
5221.0,-0.6388095238095238
5222.0,-0.5525000000000003
5223.0,-1.0071933085501859
5224.0,-1.0470987654320987
5225.0,-1.1612962962962965
5226.0,-0.8140740740740744
5227.0,-0.747272727272728
5228.0,-1.147608695652174
5229.0,-1.139193548387097
5230.0,-1.0101612903225805
5231.0,-1.2002272727272727
5232.0,-1.123125
5233.0,-1.029425837320574
5234.0,-1.0380769230769231
5235.0,-0.8889361702127662
5236.0,-0.6642424242424244
5237.0,-1.1001190476190477
5238.0,-1.0490909090909089
5239.0,0.27724137931034476
5240.0,-1.154772727272727
5241.0,-1.1133333333333333
5242.0,-0.9640566037735849
5243.0,-1.1301515151515154
5244.0,-1.177272727272727
5245.0,0.37749999999999995
5246.0,-1.2983333333333331
5247.0,-0.8460606060606062
5248.0,-1.1772727272727272
5249.0,-0.03999999999999997
5250.0,-1.1955555555555555
5251.0,-1.0733333333333337
5252.0,-1.1056249999999999
5253.0,-0.8542857142857142
5254.0,-0.9478125000000001
5255.0,-1.2620588235294117
5256.0,-1.1913888888888888
5257.0,-1.0496590909090908
5258.0,-1.3325925925925926
5259.0,-1.3825000000000003
5260.0,-1.0027551020408165
5261.0,-0.2423076923076928
5262.0,-1.175
5263.0,-1.1477777777777778
5264.0,-1.1015384615384614
5265.0,-1.0963218390804597
5266.0,-1.059047619047619
5267.0,-1.141639344262295
5268.0,-0.5638636363636363
5269.0,-1.0259589041095891
5270.0,-1.0927777777777776
5271.0,-0.89625
5272.0,-1.0893150684931505
5273.0,-1.3457692307692308
5274.0,-1.2102380952380951
5275.0,-0.977704918032787
5276.0,-0.7938461538461539
5277.0,-1.1441666666666668
5278.0,-1.0755263157894737
5279.0,-0.7002272727272727
5280.0,-0.920414201183432
5281.0,-1.041470588235294
5282.0,-0.997183908045977
5283.0,-0.7129411764705887
5284.0,-1.2051162790697676
5285.0,-1.2883870967741933
5286.0,-1.233421052631579
5287.0,-0.9885177865612647
5288.0,-0.8791752577319588
5289.0,-0.6802985074626865
5290.0,-1.0652032520325203
5291.0,-1.0267063492063493
5292.0,-1.241904761904762
5293.0,-0.8616216216216218
5294.0,-0.9196875000000001
5295.0,-1.215609756097561
5296.0,-0.6740659340659342
5297.0,-0.8432608695652174
5298.0,-1.0104918032786885
5299.0,-1.0257142857142858
5300.0,-1.1001190476190477
5301.0,-1.0158379888268154
5302.0,-0.8650000000000002
5303.0,-1.0263120567375885
5304.0,-1.0866666666666662
5305.0,-1.0784146341463414
5306.0,-1.041470588235294
5307.0,-1.0834343434343436
5308.0,-1.021111111111111
5309.0,-1.060945945945946
5310.0,-1.038941798941799
5311.0,-0.5472289156626506
5312.0,-0.7689256198347107
5313.0,-1.1218181818181818
5314.0,-1.0425000000000002
5315.0,-1.1494827586206895
5316.0,-1.139193548387097
5317.0,-1.2051162790697674
5318.0,-1.1827083333333335
5319.0,-1.135
5320.0,-1.056326530612245
5321.0,-0.8911627906976745
5322.0,-0.4718181818181824
5323.0,-1.069059829059829
5324.0,-1.1586046511627908
5325.0,-1.0739344262295083
5326.0,-1.298333333333334
5327.0,-1.0894623655913975
5328.0,-1.0290625000000002
5329.0,-0.9819354838709679
5330.0,0.003589743589743563
5331.0,-0.23642857142857143
5332.0,0.39392857142857135
5333.0,-1.1525396825396828
5334.0,-1.0218965517241378
5335.0,-0.9953017944535072
5336.0,0.13499999999999993
5337.0,-1.0704347826086955
5338.0,-1.0798058252427185
5339.0,-1.1212820512820512
5340.0,-0.40071428571428575
5341.0,-1.0131481481481481
5342.0,-1.11012987012987
5343.0,-1.041388888888889
5344.0,-1.0906944444444444
5345.0,-1.1379591836734693
5346.0,0.37875
5347.0,-0.6388095238095238
5348.0,0.3611904761904762
5349.0,-1.1410416666666665
5350.0,-1.0525
5351.0,-1.0424193548387095
5352.0,-1.0683898305084747
5353.0,0.5933333333333332
5354.0,-1.4104545454545456
5355.0,-0.9763636363636362
5356.0,-0.7581818181818181
5357.0,-1.1247368421052635
5358.0,-1.0104918032786885
5359.0,-1.0192792792792793
5360.0,-1.0725892857142856
5361.0,-1.0884042553191489
5362.0,-1.0441666666666667
5363.0,-1.1056250000000003
5364.0,-1.2745454545454544
5365.0,-1.1194642857142856
5366.0,-1.0798058252427185
5367.0,-1.1368253968253965
5368.0,-1.1494827586206897
5369.0,-0.6678846153846152
5370.0,-1.1713725490196079
5371.0,-0.6740277777777778
5372.0,-1.0004166666666665
5373.0,-0.39388888888888923
5374.0,0.18763157894736837
5375.0,-1.126029411764706
5376.0,-1.099848484848485
5377.0,-0.8846078431372549
5378.0,-1.0352586206896552
5379.0,-1.0629166666666667
5380.0,-1.1028048780487805
5381.0,-0.9728125000000001
5382.0,-1.2102380952380951
5383.0,-1.1260294117647058
5384.0,-0.6223809523809527
5385.0,0.12058823529411755
5386.0,-1.1787755102040816
5387.0,0.0035897435897435616
5388.0,-1.051320754716981
5389.0,-1.22125
5390.0,-1.0321511627906974
5391.0,-0.9622222222222224
5392.0,-0.9275000000000001
5393.0,-1.004367816091954
5394.0,-1.0496774193548386
5395.0,-1.1184722222222223
5396.0,-0.7904807692307693
5397.0,-0.41441860465116287
5398.0,-1.1910869565217392
5399.0,-0.9632142857142859
5400.0,-1.0872222222222223
5401.0,-0.9551898734177214
5402.0,-1.1787755102040816
5403.0,-1.3341666666666667
5404.0,-1.0824999999999998
5405.0,-0.9743749999999999
5406.0,-1.1108333333333331
5407.0,-1.0131481481481481
5408.0,-1.0214625850340135
5409.0,-0.2670270270270271
5410.0,-0.857063492063492
5411.0,-1.1494827586206897
5412.0,-1.0476923076923077
5413.0,-1.1267924528301887
5414.0,-0.79078125
5415.0,-0.3580555555555556
5416.0,-1.1490909090909092
5417.0,-0.9012903225806455
5418.0,-1.438571428571429
5419.0,-1.128157894736842
5420.0,-1.1128813559322035
5421.0,-0.6854545454545454
5422.0,-1.2288888888888891
5423.0,-0.7271428571428571
5424.0,-1.121818181818182
5425.0,-0.5831372549019608
5426.0,-1.0437790697674416
5427.0,-1.0338388625592414
5428.0,-1.0855882352941175
5429.0,0.12875
5430.0,-1.0600000000000003
5431.0,-0.9045569620253162
5432.0,-1.1202816901408448
5433.0,-0.8631884057971014
5434.0,-0.9156756756756758
5435.0,-1.0236538461538462
5436.0,-0.995980861244019
5437.0,-0.9266666666666669
5438.0,-1.1713725490196079
5439.0,-1.1713725490196079
5440.0,-0.9026315789473687
5441.0,-1.1020689655172413
5442.0,-1.0815841584158417
5443.0,-1.0873684210526315
5444.0,-1.1522807017543861
5445.0,-0.06065217391304349
5446.0,-0.8177027027027026
5447.0,-1.071140350877193
5448.0,-1.185925925925926
5449.0,-0.879240506329114
5450.0,-1.1066666666666667
5451.0,0.25999999999999995
5452.0,-1.1345614035087719
5453.0,-1.1099999999999999
5454.0,-0.52125
5455.0,-0.6630769230769231
5456.0,0.34571428571428564
5457.0,-1.0138694638694636
5458.0,-1.069059829059829
5459.0,-0.8465573770491802
5460.0,-1.032626728110599
5461.0,-0.7295833333333334
5462.0,-0.5537755102040816
5463.0,-1.0150000000000001
5464.0,0.2696153846153844
5465.0,-0.9460185185185184
5466.0,-0.9507142857142858
5467.0,-0.8242696629213485
5468.0,-1.0374358974358973
5469.0,-1.0285416666666667
5470.0,-1.0828571428571425
5471.0,-1.1827083333333335
5472.0,-1.0905434782608694
5473.0,-1.0027952755905511
5474.0,-0.9334523809523809
5475.0,-1.009935344827586
5476.0,-1.2156097560975612
5477.0,-1.163888888888889
5478.0,-0.9483333333333334
5479.0,-1.11012987012987
5480.0,-1.0704347826086955
5481.0,-0.6923076923076924
5482.0,-0.5139726027397261
5483.0,-1.095
5484.0,-0.9799999999999998
5485.0,-1.0780952380952382
5486.0,-1.018688524590164
5487.0,-1.0963218390804597
5488.0,-1.1028048780487805
5489.0,-0.9422222222222223
5490.0,-1.262058823529412
5491.0,-0.8014035087719298
5492.0,-1.0353431372549018
5493.0,-0.8286075949367088
5494.0,-1.03
5495.0,-1.0340476190476189
5496.0,-1.0653333333333335
5497.0,-1.2191304347826089
5498.0,-1.2304545454545455
5499.0,-1.1955555555555557
5500.0,-1.2225925925925927
5501.0,-0.7540845070422537
5502.0,-1.036875
5503.0,-1.1827083333333333
5504.0,-0.9977639751552794
5505.0,-0.8425
5506.0,-1.3325925925925926
5507.0,-1.22125
5508.0,-1.0963218390804597
5509.0,-1.139193548387097
5510.0,-1.0950724637681157
5511.0,-1.0198165137614679
5512.0,-0.9784615384615385
5513.0,-1.0790434782608698
5514.0,-0.8038297872340425
5515.0,-1.136825396825397
5516.0,-1.19078431372549
5517.0,-1.1085897435897434
5518.0,-1.032763157894737
5519.0,-1.186808510638298
5520.0,-1.0916483516483517
5521.0,-1.1085897435897436
5522.0,-0.4094117647058824
5523.0,-0.7424999999999998
5524.0,-1.081772151898734
5525.0,-1.1910869565217392
5526.0,-1.1581818181818182
5527.0,-1.1133333333333335
5528.0,-1.1678846153846154
5529.0,-1.1441666666666668
5530.0,-1.014025974025974
5531.0,-1.2469444444444444
5532.0,-0.019761904761904765
5533.0,-1.11
5534.0,-0.7938461538461539
5535.0,-1.1467796610169494
5536.0,-0.4729545454545454
5537.0,-1.0784146341463414
5538.0,-0.2177777777777778
5539.0,-1.2271794871794868
5540.0,-0.7362121212121213
5541.0,-0.5867346938775511
5542.0,0.6314285714285713
5543.0,-1.0089393939393936
5544.0,-1.0815555555555556
5545.0,-0.5389130434782609
5546.0,-0.7961971830985917
5547.0,-0.9638095238095238
5548.0,-1.0432786885245902
5549.0,-1.1202816901408452
5550.0,-0.9133870967741936
5551.0,-1.0525
5552.0,-1.0168354430379745
5553.0,-0.9176315789473686
5554.0,-0.15477272727272728
5555.0,-1.0642028985507248
5556.0,-0.5913513513513512
5557.0,-1.0437037037037036
5558.0,-1.0805172413793103
5559.0,-0.57203125
5560.0,-1.0951136363636362
5561.0,-1.1108333333333331
5562.0,-1.0131481481481481
5563.0,-1.2156097560975612
5564.0,-1.1323076923076925
5565.0,-1.1626190476190477
5566.0,-1.0707692307692307
5567.0,-1.0951136363636365
5568.0,-1.1379591836734695
5569.0,-1.1581818181818182
5570.0,-1.1712500000000001
5571.0,-1.3833333333333335
5572.0,-1.1620833333333334
5573.0,-1.224516129032258
5574.0,-1.2132432432432432
5575.0,-1.2620588235294117
5576.0,-1.2132432432432432
5577.0,-1.2404000000000002
5578.0,-0.6336170212765957
5579.0,-1.1645283018867925
5580.0,-0.8800000000000001
5581.0,-1.2542857142857144
5582.0,-1.0789423076923077
5583.0,-0.9463492063492062
5584.0,-0.9040625
5585.0,-1.1467796610169494
5586.0,0.05235294117647027
5587.0,-1.0160416666666665
5588.0,-1.1301515151515151
5589.0,-1.0599999999999998
5590.0,-1.2403030303030302
5591.0,-1.11012987012987
5592.0,-1.2156097560975612
5593.0,-1.2103030303030307
5594.0,-1.065882352941177
5595.0,-0.7185714285714289
5596.0,-1.1668292682926829
5597.0,-1.0364285714285717
5598.0,-1.1787755102040816
5599.0,-1.0815841584158414
5600.0,-0.5326829268292683
5601.0,-0.7066666666666668
5602.0,-0.7851388888888889
5603.0,-1.154772727272727
5604.0,-0.5092307692307693
5605.0,-1.24
5606.0,-1.2156097560975612
5607.0,-0.8077083333333333
5608.0,-1.1391935483870967
5609.0,-1.1645283018867925
5610.0,0.5623255813953488
5611.0,-1.0263120567375885
5612.0,0.5026470588235293
5613.0,-1.1631578947368426
5614.0,-1.2592592592592595
5615.0,-0.7696052631578948
5616.0,-0.9972254335260115
5617.0,-1.015
5618.0,-1.1085897435897436
5619.0,-1.175
5620.0,-0.8038297872340425
5621.0,-0.97828125
5622.0,-1.1467796610169494
5623.0,-1.023907284768212
5624.0,-1.1444117647058825
5625.0,-1.2156097560975612
5626.0,-0.9302173913043477
5627.0,-1.0512582781456954
5628.0,-1.2883870967741937
5629.0,-0.8556250000000001
5630.0,-0.3375609756097561
5631.0,-1.0836363636363637
5632.0,-1.163333333333333
5633.0,-1.1280597014925373
5634.0,-0.9405208333333333
5635.0,-1.203235294117647
5636.0,-1.0259922178988328
5637.0,-1.1612962962962963
5638.0,-0.6257142857142858
5639.0,-0.9275
5640.0,-1.0853947368421053
5641.0,-0.9133870967741936
5642.0,-1.1117105263157894
5643.0,-1.0103125
5644.0,-1.057814569536424
5645.0,-0.4973529411764707
5646.0,-1.3938888888888892
5647.0,-1.1246153846153848
5648.0,-1.1968750000000004
5649.0,-0.9792857142857142
5650.0,-1.215609756097561
5651.0,-1.0028865979381443
5652.0,-1.2883870967741937
5653.0,-1.292916666666667
5654.0,-1.0670833333333332
5655.0,-1.04325
5656.0,-1.1551612903225805
5657.0,-1.08375
5658.0,-1.0191780821917809
5659.0,-1.2271794871794874
5660.0,-0.4316666666666667
5661.0,-1.1247368421052633
5662.0,-1.1059259259259258
5663.0,-0.22148148148148156
5664.0,-1.0047058823529413
5665.0,-1.22125
5666.0,-0.7816666666666666
5667.0,-0.9808536585365852
5668.0,-0.890408163265306
5669.0,-0.8410101010101009
5670.0,-0.9641379310344826
5671.0,-0.9105882352941179
5672.0,-1.2058620689655173
5673.0,-0.735
5674.0,-1.0655208333333333
5675.0,-1.2260000000000002
5676.0,-1.1416393442622952
5677.0,-1.07203125
5678.0,-1.073333333333333
5679.0,-1.0406993006993006
5680.0,-1.0144708994708995
5681.0,-0.6738235294117647
5682.0,-0.9743749999999999
5683.0,-0.5561764705882353
5684.0,-1.1955555555555557
5685.0,-1.1787755102040818
5686.0,-1.2156097560975612
5687.0,-1.0089393939393938
5688.0,-1.0773493975903612
5689.0,-1.11012987012987
5690.0,-1.2703030303030303
5691.0,-0.44241379310344836
5692.0,-0.9176315789473684
5693.0,-0.6551785714285714
5694.0,-1.0934343434343432
5695.0,-0.4946296296296297
5696.0,-0.8736206896551724
5697.0,0.5742857142857142
5698.0,-0.10792452830188679
5699.0,-1.0841558441558443
5700.0,-0.7116981132075472
5701.0,-1.1321568627450977
5702.0,-1.0052439024390245
5703.0,-1.1678846153846156
5704.0,-1.1246153846153846
5705.0,-1.0231632653061224
5706.0,-1.3325925925925928
5707.0,-0.5226086956521742
5708.0,-0.8391379310344826
5709.0,-1.1149999999999998
5710.0,-1.0571296296296295
5711.0,-0.6615686274509804
5712.0,-0.9390740740740741
5713.0,-0.8166129032258064
5714.0,-0.9763184079601989
5715.0,-0.8521495327102806
5716.0,-1.1028048780487805
5717.0,-1.2260000000000002
5718.0,-1.1117105263157891
5719.0,-1.1787755102040816
5720.0,-0.5230188679245283
5721.0,-0.9611538461538464
5722.0,-1.1345312499999998
5723.0,-1.1294230769230769
5724.0,-1.1713725490196079
5725.0,-1.0951136363636362
5726.0,-1.0474534161490683
5727.0,-1.0672058823529413
5728.0,-0.9693233082706766
5729.0,-0.9245238095238095
5730.0,-0.9850331125827815
5731.0,-0.1223529411764709
5732.0,-1.1117105263157894
5733.0,-0.9115116279069766
5734.0,-0.887058823529412
5735.0,-1.2073684210526316
5736.0,-0.855
5737.0,-1.262058823529412
5738.0,-0.67125
5739.0,-1.1155555555555556
5740.0,-1.2051162790697674
5741.0,-0.8650000000000001
5742.0,-0.9425862068965517
5743.0,-1.0010013351134845
5744.0,-1.1247368421052633
5745.0,-0.5184090909090909
5746.0,-1.003582966226138
5747.0,-0.39075471698113207
5748.0,-1.011551724137931
5749.0,-1.0366666666666668
5750.0,-0.7436764705882353
5751.0,-1.069268292682927
5752.0,0.21945945945945944
5753.0,-0.8736206896551724
5754.0,-0.9746956521739131
5755.0,-1.0160416666666665
5756.0,-1.4758823529411769
5757.0,-1.1171929824561404
5758.0,-1.2002272727272727
5759.0,-1.034871794871795
5760.0,-1.087222222222222
5761.0,-1.060945945945946
5762.0,-1.1581818181818182
5763.0,-1.2883870967741935
5764.0,-1.227179487179487
5765.0,-1.0496774193548386
5766.0,-1.2620588235294121
5767.0,-1.1910869565217395
5768.0,-1.1678846153846154
5769.0,-0.5376923076923079
5770.0,-1.1001190476190477
5771.0,-1.2329411764705882
5772.0,-1.0422598870056499
5773.0,-1.1844444444444446
5774.0,-1.0062337662337661
5775.0,-1.0664462809917357
5776.0,-1.233421052631579
5777.0,-0.6733333333333337
5778.0,-1.1787755102040816
5779.0,-1.186808510638298
5780.0,-1.3600000000000003
5781.0,-0.6994594594594596
5782.0,-1.0399999999999998
5783.0,-0.5971428571428573
5784.0,-0.9613541666666667
5785.0,-1.0083823529411764
5786.0,-1.066315789473684
5787.0,-0.1444117647058824
5788.0,-1.3089655172413797
5789.0,-1.0330232558139534
5790.0,0.3849999999999999
5791.0,-1.0193296089385473
5792.0,-1.058014705882353
5793.0,-1.0372972972972976
5794.0,-1.1301515151515151
5795.0,-1.503888888888889
5796.0,-0.8589024390243901
5797.0,-1.0512582781456956
5798.0,-1.22125
5799.0,-1.1350000000000005
5800.0,-0.6258695652173912
5801.0,-1.2673684210526317
5802.0,-1.2245161290322584
5803.0,-1.0415873015873018
5804.0,-1.0718584070796462
5805.0,-1.124259259259259
5806.0,-1.1358333333333333
5807.0,-1.0784146341463416
5808.0,-1.0142857142857147
5809.0,-1.1274193548387097
5810.0,-1.1218181818181818
5811.0,-1.0348920863309354
5812.0,-1.0855882352941177
5813.0,-1.332592592592593
5814.0,-1.1955555555555555
5815.0,-0.6170491803278689
5816.0,-0.8910416666666666
5817.0,-0.935
5818.0,-0.9378021978021979
5819.0,-1.1221428571428569
5820.0,-1.0652032520325203
5821.0,-1.124057971014493
5822.0,-0.8845312500000001
5823.0,-0.974285714285714
5824.0,-1.045389221556886
5825.0,-1.338888888888889
5826.0,-1.0571296296296298
5827.0,-1.1868085106382977
5828.0,-0.4440816326530613
5829.0,-1.018409090909091
5830.0,-1.1971428571428573
5831.0,-0.6790243902439025
5832.0,-1.186808510638298
5833.0,0.41972222222222216
5834.0,-1.0843877551020409
5835.0,-1.0357746478873238
5836.0,-1.1749999999999998
5837.0,-1.1167123287671232
5838.0,-1.1070886075949367
5839.0,-1.175
5840.0,-1.0884042553191489
5841.0,-1.175897435897436
5842.0,-1.0415873015873016
5843.0,-1.061078431372549
5844.0,-1.1868085106382982
5845.0,-0.9824242424242424
5846.0,-1.2748275862068965
5847.0,-0.6509589041095891
5848.0,-1.034047619047619
5849.0,-1.1955555555555555
5850.0,-1.1827083333333333
5851.0,-1.1866666666666668
5852.0,-1.0377941176470586
5853.0,-0.30250000000000005
5854.0,-1.1678846153846154
5855.0,-1.035886075949367
5856.0,-1.1416393442622952
5857.0,-1.027878787878788
5858.0,0.4356756756756756
5859.0,-1.0639436619718308
5860.0,-1.186808510638298
5861.0,-1.1522807017543861
5862.0,-1.075294117647059
5863.0,-1.0052439024390243
5864.0,-1.082105263157895
5865.0,-0.9108333333333333
5866.0,-0.9286363636363637
5867.0,-1.1678846153846154
5868.0,-1.012108843537415
5869.0,-1.0815841584158417
5870.0,-1.1919444444444443
5871.0,-1.3325925925925928
5872.0,-0.0423255813953489
5873.0,-0.5177777777777779
5874.0,-1.2587500000000005
5875.0,-1.1345312499999998
5876.0,-0.975
5877.0,-1.0672058823529416
5878.0,-1.0257142857142856
5879.0,-1.1345312499999998
5880.0,-1.1050793650793653
5881.0,-1.2065517241379313
5882.0,-1.0460344827586208
5883.0,-1.1441666666666668
5884.0,-1.2653333333333334
5885.0,-1.1581818181818184
5886.0,-1.0971428571428572
5887.0,-1.0540243902439024
5888.0,-1.3483333333333338
5889.0,-0.6693478260869565
5890.0,-1.0077543186180422
5891.0,-1.2469444444444442
5892.0,-0.6547727272727274
5893.0,-0.9360784313725489
5894.0,-0.7128260869565217
5895.0,-1.215609756097561
5896.0,-1.0879729729729728
5897.0,-1.1586046511627908
5898.0,-1.0577083333333335
5899.0,-1.2883870967741935
5900.0,-1.375416666666667
5901.0,-0.403265306122449
5902.0,-1.1551785714285714
5903.0,-0.8889361702127659
5904.0,-1.087972972972973
5905.0,-1.215263157894737
5906.0,-0.5230188679245285
5907.0,-1.1787755102040818
5908.0,-1.124057971014493
5909.0,-1.1280597014925373
5910.0,-1.2002272727272727
5911.0,-1.2489285714285716
5912.0,-1.0064473684210526
5913.0,-1.1847058823529415
5914.0,-0.7266071428571428
5915.0,-0.7312280701754386
5916.0,-1.1194642857142856
5917.0,-1.1041304347826084
5918.0,-1.3204000000000002
5919.0,-1.2564516129032257
5920.0,-1.1133333333333333
5921.0,-0.4205555555555555
5922.0,-1.0645967741935483
5923.0,-1.051764705882353
5924.0,-1.0336746987951808
5925.0,-0.828607594936709
5926.0,-1.023035714285714
5927.0,-1.015
5928.0,-1.145714285714286
5929.0,-0.8682051282051282
5930.0,-1.0223028391167193
5931.0,-1.1001190476190477
5932.0,-1.0556028368794328
5933.0,-1.084155844155844
5934.0,-1.151111111111111
5935.0,-1.1606666666666667
5936.0,-1.0185493827160494
5937.0,-1.215609756097561
5938.0,-1.1294230769230769
5939.0,-0.9844444444444442
5940.0,-1.0223664122137406
5941.0,-1.078095238095238
5942.0,-1.04
5943.0,-0.37124999999999997
5944.0,-1.0525
5945.0,-1.1626190476190477
5946.0,-1.128059701492537
5947.0,-1.0966176470588234
5948.0,-1.233421052631579
5949.0,-1.3204000000000002
5950.0,-1.2103030303030302
5951.0,-1.035774647887324
5952.0,-0.6302439024390244
5953.0,-1.2883870967741937
5954.0,-1.0880952380952382
5955.0,-0.44416666666666665
5956.0,-1.1301515151515151
5957.0,-1.1379591836734695
5958.0,-1.0556028368794323
5959.0,-1.0257142857142858
5960.0,-0.11142857142857146
5961.0,-1.011551724137931
5962.0,-0.2177777777777778
5963.0,-1.2620588235294117
5964.0,-1.0135849056603774
5965.0,-0.8950000000000001
5966.0,-1.175
5967.0,-1.19078431372549
5968.0,-0.3945454545454546
5969.0,-1.1827083333333333
5970.0,-1.146779661016949
5971.0,-1.1947999999999999
5972.0,0.5334374999999999
5973.0,-0.716851851851852
5974.0,-0.7511111111111111
5975.0,-1.153846153846154
5976.0,-1.115
5977.0,-0.24892857142857155
5978.0,-1.11012987012987
5979.0,-1.0133812949640288
5980.0,-0.9108333333333332
5981.0,-1.0795061728395061
5982.0,-0.7012068965517243
5983.0,-1.1645283018867925
5984.0,-1.1368965517241378
5985.0,-1.0606106870229008
5986.0,-1.0843877551020407
5987.0,-1.1167123287671232
5988.0,-0.7349999999999999
5989.0,0.15024390243902436
5990.0,-1.227179487179487
5991.0,0.46
5992.0,-1.308965517241379
5993.0,-1.1292105263157897
5994.0,-1.2481250000000002
5995.0,-1.2585185185185186
5996.0,-1.0038565629228686
5997.0,-1.0464024390243902
5998.0,-1.132156862745098
5999.0,0.13931034482758606
6000.0,-1.1645283018867925
6001.0,-0.288780487804878
6002.0,-1.006839378238342
6003.0,-1.144255319148936
6004.0,-1.191086956521739
6005.0,-1.0026262626262628
6006.0,0.29977272727272725
6007.0,-1.2403030303030302
6008.0,-1.1103703703703705
6009.0,-1.0218627450980389
6010.0,-1.1221428571428569
6011.0,-1.132156862745098
6012.0,-1.0313385826771655
6013.0,-0.9752941176470589
6014.0,-1.0772641509433962
6015.0,-1.262058823529412
6016.0,-1.023720930232558
6017.0,-0.8712500000000001
6018.0,-0.8493750000000001
6019.0,-0.8249056603773585
6020.0,-0.016041666666666694
6021.0,-0.9456451612903225
6022.0,-1.0460606060606061
6023.0,-0.7251485148514852
6024.0,-1.0600757575757576
6025.0,-1.1041975308641974
6026.0,-1.2096969696969697
6027.0,-1.1070886075949369
6028.0,-1.1955555555555557
6029.0,-1.144166666666667
6030.0,-1.1085897435897436
6031.0,-0.7326470588235295
6032.0,-1.054732142857143
6033.0,-1.049090909090909
6034.0,0.13499999999999976
6035.0,-0.24694444444444447
6036.0,-1.0425128205128202
6037.0,-1.10144578313253
6038.0,-1.0581818181818181
6039.0,-1.1221428571428569
6040.0,-0.9654464285714285
6041.0,-1.166829268292683
6042.0,-1.1441666666666666
6043.0,-0.9991240875912408
6044.0,-0.8292857142857143
6045.0,-1.186808510638298
6046.0,-1.175
6047.0,-1.2825714285714287
6048.0,-1.0873684210526318
6049.0,-1.0611538461538461
6050.0,-0.5047058823529411
6051.0,-0.9556249999999998
6052.0,0.2928947368421052
6053.0,-1.0606521739130432
6054.0,-1.231666666666667
6055.0,-1.22125
6056.0,-1.0909615384615383
6057.0,-1.2754545454545456
6058.0,-0.3208823529411765
6059.0,-0.928888888888889
6060.0,0.57875
6061.0,0.6220689655172412
6062.0,-0.9770689655172414
6063.0,-0.9327710843373492
6064.0,-1.0392424242424243
6065.0,-1.126029411764706
6066.0,-1.1467796610169492
6067.0,-0.9725581395348837
6068.0,-0.9970000000000001
6069.0,-1.0606521739130435
6070.0,-0.8910416666666667
6071.0,-1.0176315789473684
6072.0,-0.9736956521739131
6073.0,-0.9441666666666666
6074.0,-1.0590298507462685
6075.0,-1.0247118644067796
6076.0,-1.089462365591398
6077.0,-1.24
6078.0,-1.1775
6079.0,-1.0927777777777776
6080.0,-1.1218181818181818
6081.0,-1.0929411764705883
6082.0,-1.0743023255813953
6083.0,-0.5605128205128206
6084.0,-0.9460185185185184
6085.0,-1.1379591836734695
6086.0,-1.3491304347826087
6087.0,-1.24
6088.0,-1.1476086956521738
6089.0,-0.5257142857142858
6090.0,-0.9433898305084747
6091.0,-1.2334210526315788
6092.0,-0.898421052631579
6093.0,-1.2073684210526319
6094.0,-1.069268292682927
6095.0,-0.8574242424242424
6096.0,-1.1713725490196076
6097.0,-0.3464814814814814
6098.0,-1.0556249999999998
6099.0,-1.0906944444444442
6100.0,-1.4030000000000002
6101.0,-1.067127659574468
6102.0,-0.9460185185185185
6103.0,-1.0948387096774195
6104.0,-0.7722580645161292
6105.0,-1.0884042553191489
6106.0,-0.6186486486486489
6107.0,-1.110470588235294
6108.0,-0.696140350877193
6109.0,-0.28605263157894756
6110.0,-1.045263157894737
6111.0,-1.0577570093457944
6112.0,-1.0660869565217388
6113.0,-1.175
6114.0,-1.0055311355311356
6115.0,-1.1260294117647058
6116.0,-0.8217307692307692
6117.0,-1.0772641509433962
6118.0,-1.022801418439716
6119.0,-0.930217391304348
6120.0,-1.0177777777777777
6121.0,-1.1240579710144927
6122.0,-1.0975581395348835
6123.0,-1.011186440677966
6124.0,-0.9758490566037735
6125.0,-0.7775000000000001
6126.0,-0.9460185185185184
6127.0,-1.1101298701298699
6128.0,-1.0200925925925928
6129.0,-1.1379591836734693
6130.0,-0.9802597402597405
6131.0,-0.6294230769230769
6132.0,-1.2156097560975612
6133.0,-1.2489285714285714
6134.0,-0.6790243902439025
6135.0,-0.9408928571428571
6136.0,0.41972222222222216
6137.0,-1.0119298245614035
6138.0,-1.1551785714285714
6139.0,-1.1379591836734693
6140.0,-0.5160416666666666
6141.0,-1.1586046511627908
6142.0,-1.0489887640449438
6143.0,-1.0220512820512822
6144.0,-1.1787755102040816
6145.0,-1.136825396825397
6146.0,-0.04894736842105272
6147.0,-1.0675757575757576
6148.0,-0.9354022988505745
6149.0,-0.5492105263157895
6150.0,-1.0357920792079207
6151.0,-1.2051162790697676
6152.0,-1.0971428571428572
6153.0,-1.07
6154.0,-1.0617054263565893
6155.0,-1.3457692307692308
6156.0,-0.10413043478260868
6157.0,-0.9191044776119403
6158.0,-1.0309604519774012
6159.0,-1.1014457831325304
6160.0,-0.9795833333333334
6161.0,-1.139193548387097
6162.0,-1.0380769230769231
6163.0,-1.1202816901408452
6164.0,-1.3594117647058825
6165.0,-0.9770689655172413
6166.0,-1.2156097560975612
6167.0,-1.0520805369127517
6168.0,-1.0489171974522293
6169.0,-1.0670833333333334
6170.0,-1.0212499999999998
6171.0,-1.2132432432432432
6172.0,-1.1612962962962963
6173.0,-1.0012
6174.0,-0.365
6175.0,-1.0976190476190477
6176.0,-1.2016
6177.0,-1.0177777777777777
6178.0,-1.3089655172413797
6179.0,-1.060945945945946
6180.0,-0.7909259259259259
6181.0,-1.2703030303030303
6182.0,-1.136825396825397
6183.0,-0.9733333333333334
6184.0,-0.320357142857143
6185.0,-0.79078125
6186.0,-0.49657894736842106
6187.0,-1.0424193548387093
6188.0,-0.34
6189.0,-0.9114285714285716
6190.0,-1.1221428571428573
6191.0,-1.1301515151515151
6192.0,-0.6798148148148149
6193.0,-0.5775
6194.0,-0.9674590163934427
6195.0,-0.45794871794871794
6196.0,-1.0397777777777777
6197.0,-1.099824561403509
6198.0,-1.0571296296296295
6199.0,-0.9425862068965517
6200.0,-1.0951136363636365
6201.0,-0.9124137931034484
6202.0,-1.262058823529412
6203.0,-1.0533561643835616
6204.0,-0.5557894736842105
6205.0,-1.0678571428571428
6206.0,-1.233421052631579
6207.0,-0.88453125
6208.0,-0.8576470588235294
6209.0,-1.116712328767123
6210.0,-1.0939325842696628
6211.0,-1.2271794871794874
6212.0,-1.045389221556886
6213.0,-1.3206250000000004
6214.0,-1.0509523809523809
6215.0,-1.256451612903226
6216.0,-0.5858823529411765
6217.0,-1.186808510638298
6218.0,-0.18078947368421053
6219.0,-1.1441666666666666
6220.0,-1.0296341463414638
6221.0,-1.1260294117647056
6222.0,-1.1379591836734693
6223.0,-1.4104545454545454
6224.0,-1.0577570093457944
6225.0,-1.1379591836734695
6226.0,-1.1827083333333335
6227.0,-1.2842857142857145
6228.0,-1.1117105263157891
6229.0,-1.320526315789474
6230.0,-1.22125
6231.0,-0.9685365853658535
6232.0,-1.2403030303030302
6233.0,-1.27030303030303
6234.0,-1.1551785714285714
6235.0,-1.3726315789473686
6236.0,-1.3204000000000002
6237.0,-1.0002848101265824
6238.0,-1.2542857142857142
6239.0,-1.2703030303030303
6240.0,-1.1485185185185185
6241.0,-1.095
6242.0,-0.7971428571428572
6243.0,-1.0332067510548522
6244.0,-1.0537254901960784
6245.0,-1.136825396825397
6246.0,-1.1551785714285714
6247.0,-1.017205882352941
6248.0,-0.7563043478260871
6249.0,-1.0056250000000002
6250.0,0.029487179487179452
6251.0,-0.8987837837837837
6252.0,-1.1017021276595744
6253.0,-1.22125
6254.0,-0.29113636363636364
6255.0,-1.3089655172413797
6256.0,-1.2545000000000002
6257.0,-0.924931506849315
6258.0,-1.320357142857143
6259.0,-1.0316
6260.0,-1.026706349206349
6261.0,0.5825806451612903
6262.0,-1.1977142857142857
6263.0,-1.1758974358974361
6264.0,-1.320357142857143
6265.0,-1.3388888888888892
6266.0,-1.0322077922077924
6267.0,-0.934166666666667
6268.0,-1.3089655172413797
6269.0,0.12874999999999998
6270.0,0.49170731707317084
6271.0,-1.2496428571428575
6272.0,-1.1280597014925373
6273.0,-1.1955555555555555
6274.0,-1.074090909090909
6275.0,-1.2156097560975612
6276.0,-1.1551785714285714
6277.0,-1.0705555555555555
6278.0,-1.0927777777777776
6279.0,-0.703170731707317
6280.0,-1.2542857142857144
6281.0,-1.0151987767584099
6282.0,-1.0402717391304348
6283.0,-1.5038888888888893
6284.0,-1.1128813559322033
6285.0,-1.0231391585760514
6286.0,-1.1862500000000002
6287.0,-0.12125000000000004
6288.0,-1.0474534161490683
6289.0,-1.0684761904761904
6290.0,-1.1088524590163933
6291.0,-1.0696703296703296
6292.0,-0.9528378378378377
6293.0,-1.2002272727272727
6294.0,-1.0542361111111112
6295.0,-1.093932584269663
6296.0,-1.3203571428571428
6297.0,-0.6864285714285715
6298.0,-1.0719230769230768
6299.0,0.3261764705882352
6300.0,-1.050185185185185
6301.0,-1.0775000000000001
6302.0,-1.1149999999999998
6303.0,-0.9425862068965519
6304.0,-1.338888888888889
6305.0,-1.2002272727272727
6306.0,-0.45739130434782616
6307.0,-1.0872222222222223
6308.0,-1.13453125
6309.0,-0.7770370370370371
6310.0,-0.5842622950819671
6311.0,-1.0798058252427185
6312.0,-1.0520805369127517
6313.0,-1.1070886075949367
6314.0,-1.2703030303030305
6315.0,-1.1441666666666668
6316.0,-1.084387755102041
6317.0,-1.0212499999999998
6318.0,-1.030748898678414
6319.0,-0.8987804878048783
6320.0,-1.0580147058823528
6321.0,-0.9189473684210527
6322.0,-0.7362121212121213
6323.0,-1.0575182481751824
6324.0,-1.067127659574468
6325.0,-1.1581818181818182
6326.0,-1.24
6327.0,-1.04078125
6328.0,-1.1350000000000002
6329.0,-0.85328125
6330.0,-0.10931818181818183
6331.0,-1.1626190476190477
6332.0,-1.121818181818182
6333.0,-1.2271794871794872
6334.0,-1.1645283018867925
6335.0,-1.200227272727273
6336.0,-1.135
6337.0,-1.2156097560975612
6338.0,-1.1519607843137256
6339.0,-1.1616666666666666
6340.0,-1.0091044776119402
6341.0,-0.2561290322580646
6342.0,-1.0411049723756907
6343.0,-0.9071428571428574
6344.0,-1.2008
6345.0,-1.043703703703704
6346.0,0.18499999999999997
6347.0,-1.1441666666666668
6348.0,-1.0909615384615383
6349.0,-1.0853608247422681
6350.0,-0.9194871794871795
6351.0,-1.438571428571429
6352.0,-0.5441666666666667
6353.0,0.5724999999999999
6354.0,-1.3921739130434785
6355.0,-0.855
6356.0,-1.0161538461538466
6357.0,-1.2808000000000004
6358.0,-0.6906578947368421
6359.0,-1.0347161572052401
6360.0,-0.8467415730337079
6361.0,-1.1117105263157894
6362.0,-1.1391935483870967
6363.0,-1.0557894736842108
6364.0,-0.9768421052631581
6365.0,-0.9758490566037735
6366.0,-0.0290625000000001
6367.0,-1.0441666666666667
6368.0,-1.0841558441558443
6369.0,-1.0577570093457944
6370.0,-1.069268292682927
6371.0,-0.695
6372.0,-1.215609756097561
6373.0,-1.2748275862068967
6374.0,-1.0212499999999998
6375.0,-1.10144578313253
6376.0,-1.124057971014493
6377.0,-1.0335744680851062
6378.0,-1.0090134529147978
6379.0,-1.233421052631579
6380.0,-0.9697297297297296
6381.0,-1.1267924528301885
6382.0,-1.24
6383.0,-1.175
6384.0,0.08653061224489793
6385.0,-1.0520805369127517
6386.0,-1.1108333333333331
6387.0,-0.1456603773584906
6388.0,-1.0854545454545457
6389.0,-0.6358333333333335
6390.0,-1.0982089552238805
6391.0,-0.9116161616161618
6392.0,-1.3204000000000002
6393.0,-1.0394652406417113
6394.0,-1.1184722222222223
6395.0,-1.1416393442622952
6396.0,-1.2412
6397.0,-0.9143478260869567
6398.0,-1.0385074626865671
6399.0,-1.0616083916083914
6400.0,-1.0123214285714286
6401.0,-1.122142857142857
6402.0,-1.1149999999999998
6403.0,-0.6257142857142857
6404.0,-1.1184722222222223
6405.0,0.39999999999999986
6406.0,-1.2594736842105263
6407.0,-1.2653333333333334
6408.0,-1.0243866171003717
6409.0,-0.8982926829268294
6410.0,-0.7022093023255814
6411.0,-1.1218181818181818
6412.0,-0.8877272727272729
6413.0,-1.1787755102040816
6414.0,-1.069268292682927
6415.0,0.07481481481481468
6416.0,-1.0556249999999998
6417.0,-1.019272151898734
6418.0,-0.21297297297297305
6419.0,-1.1467796610169492
6420.0,-1.1678846153846154
6421.0,-1.1425925925925926
6422.0,-1.186666666666667
6423.0,-1.0371014492753625
6424.0,-1.27030303030303
6425.0,-1.0695454545454546
6426.0,-0.8712500000000002
6427.0,-1.0843877551020409
6428.0,-0.9832432432432434
6429.0,-1.061917808219178
6430.0,-0.8925000000000001
6431.0,-1.1313043478260871
6432.0,-0.8367741935483872
6433.0,-0.9811764705882352
6434.0,-1.4304761904761907
6435.0,-1.0905434782608694
6436.0,-1.154772727272727
6437.0,-1.0038888888888888
6438.0,-0.9712499999999998
6439.0,-1.1280597014925373
6440.0,-1.0135849056603774
6441.0,-1.22125
6442.0,-1.2051162790697674
6443.0,-1.049090909090909
6444.0,-1.320357142857143
6445.0,-1.2790625000000002
6446.0,-0.8330232558139535
6447.0,-1.1015384615384614
6448.0,-1.152280701754386
6449.0,-0.9691666666666668
6450.0,-0.11946428571428576
6451.0,-0.9425862068965517
6452.0,-1.0853608247422681
6453.0,-0.7113541666666666
6454.0,-0.8262068965517244
6455.0,-1.0432786885245902
6456.0,-0.3357446808510638
6457.0,-0.9136111111111112
6458.0,-1.0760655737704916
6459.0,-1.0457228915662649
6460.0,-0.7262162162162162
6461.0,-0.2606666666666667
6462.0,-1.0048809523809525
6463.0,-1.4304761904761905
6464.0,-0.855
6465.0,-1.349130434782609
6466.0,-1.2002272727272727
6467.0,-1.0233550488599348
6468.0,-1.1246153846153848
6469.0,0.2599999999999997
6470.0,-1.0604273504273505
6471.0,-1.049090909090909
6472.0,-1.1442553191489364
6473.0,-0.39714285714285713
6474.0,-1.197142857142857
6475.0,-1.0038888888888888
6476.0,-0.9018852459016393
6477.0,-0.9051785714285715
6478.0,-0.9507142857142856
6479.0,-0.6923809523809525
6480.0,-1.3206250000000004
6481.0,-1.0540243902439024
6482.0,-0.7433333333333337
6483.0,-1.22125
6484.0,-1.2271794871794872
6485.0,-1.0606106870229008
6486.0,-0.8649999999999998
6487.0,-1.1017021276595744
6488.0,-1.0083823529411764
6489.0,-1.3654545454545457
6490.0,-1.1551785714285714
6491.0,-0.9772881355932204
6492.0,-1.1827083333333333
6493.0,-1.1120930232558137
6494.0,-1.1015384615384614
6495.0,-1.3089655172413794
6496.0,-0.2860526315789474
6497.0,-1.1416393442622954
6498.0,-0.15891891891891893
6499.0,-0.9988028169014084
6500.0,-0.7827659574468085
6501.0,-0.9245238095238096
6502.0,-1.2271794871794874
6503.0,-1.0740909090909092
6504.0,-1.1581818181818182
6505.0,-1.186808510638298
6506.0,-1.0086567164179103
6507.0,-1.1167123287671232
6508.0,-0.9156756756756758
6509.0,0.15999999999999984
6510.0,-1.0480357142857142
6511.0,-1.4086666666666667
6512.0,0.4429268292682926
6513.0,-0.5665306122448979
6514.0,-1.1645283018867922
6515.0,-0.9390740740740741
6516.0,0.032058823529411716
6517.0,-0.8149999999999998
6518.0,0.6287499999999999
6519.0,-1.1522807017543861
6520.0,-1.095
6521.0,-1.1713725490196076
6522.0,-1.1240579710144927
6523.0,-1.0884042553191489
6524.0,-0.9371153846153846
6525.0,-1.089056603773585
6526.0,-1.124057971014493
6527.0,-1.1519607843137258
6528.0,-1.10328125
6529.0,-1.0916483516483517
6530.0,-1.2238709677419355
6531.0,-1.1280597014925375
6532.0,-1.2051162790697674
6533.0,-0.7320000000000003
6534.0,-1.0322077922077921
6535.0,-0.9463492063492064
6536.0,-1.0906451612903227
6537.0,-1.045389221556886
6538.0,-1.1678846153846154
6539.0,-1.0690598290598292
6540.0,-1.22125
6541.0,-1.2542857142857142
6542.0,-1.0798058252427183
6543.0,-1.1301515151515151
6544.0,0.44382352941176473
6545.0,-1.092112676056338
6546.0,-1.2653333333333339
6547.0,-0.8834659090909092
6548.0,-0.9479646017699114
6549.0,-0.21297297297297302
6550.0,-1.5681250000000002
6551.0,-1.10144578313253
6552.0,0.14970588235294113
6553.0,-0.9115116279069766
6554.0,-1.124057971014493
6555.0,-0.89625
6556.0,-1.1827083333333333
6557.0,-1.093636363636364
6558.0,-1.115
6559.0,-1.0841558441558443
6560.0,-1.1586046511627908
6561.0,-1.1242592592592593
6562.0,-1.0906944444444442
6563.0,-1.0697413793103445
6564.0,-1.158181818181818
6565.0,-1.1787755102040816
6566.0,-1.0766666666666669
6567.0,-1.0436125654450261
6568.0,-0.8867391304347827
6569.0,-1.1910869565217392
6570.0,-1.186808510638298
6571.0,-0.5814634146341464
6572.0,-1.079824561403509
6573.0,-1.0540243902439024
6574.0,-1.139193548387097
6575.0,-0.24142857142857166
6576.0,-0.8684722222222222
6577.0,-0.23456521739130434
6578.0,-1.3535000000000004
6579.0,-1.244615384615385
6580.0,-1.0763095238095237
6581.0,-1.1041975308641974
6582.0,-1.136825396825397
6583.0,-0.2678947368421055
6584.0,-1.0998484848484846
6585.0,-1.307692307692308
6586.0,0.050697674418604656
6587.0,-1.1410416666666667
6588.0,-1.0155102040816328
6589.0,-1.0975581395348835
6590.0,-1.1426829268292684
6591.0,-1.0578947368421054
6592.0,-1.1713725490196079
6593.0,-1.0842222222222222
6594.0,-0.6544736842105263
6595.0,0.17874999999999996
6596.0,-0.9981250000000002
6597.0,-1.1014457831325302
6598.0,-1.0114285714285718
6599.0,-1.113333333333333
6600.0,-1.15
6601.0,-1.0405464480874316
6602.0,-0.6060714285714287
6603.0,-1.2002272727272727
6604.0,-0.9451282051282051
6605.0,-0.9594444444444444
6606.0,-0.9181914893617021
6607.0,-1.166829268292683
6608.0,-0.43270833333333325
6609.0,-1.2334210526315788
6610.0,0.02785714285714284
6611.0,-0.27804347826086956
6612.0,-1.0265168539325842
6613.0,-0.11479999999999999
6614.0,-1.0909615384615385
6615.0,-1.126029411764706
6616.0,-0.9991911764705883
6617.0,-1.0755263157894739
6618.0,-1.034491525423729
6619.0,-0.8975342465753424
6620.0,-0.8330232558139535
6621.0,-0.6441666666666668
6622.0,-1.0155108359133127
6623.0,-1.2542857142857142
6624.0,-1.0490909090909093
6625.0,-0.655
6626.0,-1.0228205128205128
6627.0,-0.5607547169811321
6628.0,-0.6693478260869566
6629.0,-1.0683582089552242
6630.0,-1.0763095238095235
6631.0,-1.0180172413793103
6632.0,-1.011713615023474
6633.0,-0.7765853658536587
6634.0,-1.1626190476190477
6635.0,-0.9812790697674417
6636.0,-1.0333333333333334
6637.0,-1.0585714285714287
6638.0,-1.0500649350649351
6639.0,-1.1713725490196079
6640.0,-1.0108333333333335
6641.0,-0.5485106382978724
6642.0,-1.049090909090909
6643.0,-1.1581818181818182
6644.0,-1.1868085106382977
6645.0,-0.7792156862745099
6646.0,-1.2171875
6647.0,-1.0351063829787237
6648.0,-1.307692307692308
6649.0,-0.7400000000000001
6650.0,-1.2542857142857144
6651.0,-1.0695454545454546
6652.0,-0.1650000000000001
6653.0,-0.7792857142857142
6654.0,-1.2790625
6655.0,-1.0670833333333332
6656.0,-1.065
6657.0,-0.6223529411764707
6658.0,-0.8391379310344828
6659.0,-1.3388888888888892
6660.0,-1.1013043478260869
6661.0,-1.1581818181818182
6662.0,-1.1267924528301885
6663.0,-1.115
6664.0,-1.0409708737864076
6665.0,-1.08375
6666.0,-1.205
6667.0,-1.22125
6668.0,-1.0606521739130435
6669.0,-1.1294230769230769
6670.0,-1.241904761904762
6671.0,-1.276666666666667
6672.0,-0.475576923076923
6673.0,-0.9360784313725491
6674.0,-1.1167123287671235
6675.0,-1.285
6676.0,-1.049659090909091
6677.0,-0.4542857142857143
6678.0,-1.1391935483870965
6679.0,0.14372093023255816
6680.0,-1.1787755102040816
6681.0,-1.1120930232558137
6682.0,-1.2696153846153848
6683.0,0.4709374999999999
6684.0,-1.011186440677966
6685.0,-1.2106666666666672
6686.0,-1.231666666666667
6687.0,-1.0316666666666665
6688.0,-1.0975581395348835
6689.0,-1.059078947368421
6690.0,0.28857142857142853
6691.0,-0.28285714285714286
6692.0,-1.1645283018867927
6693.0,-0.26222222222222225
6694.0,-1.0606521739130435
6695.0,-1.1085897435897434
6696.0,-0.11499999999999998
6697.0,-0.8522448979591838
6698.0,-0.4861538461538462
6699.0,-1.0854545454545454
6700.0,-1.0707692307692307
6701.0,-1.11012987012987
6702.0,-1.2850000000000001
6703.0,-1.2102380952380951
6704.0,-1.089056603773585
6705.0,-1.2102380952380951
6706.0,-0.7698507462686568
6707.0,-0.3375609756097561
6708.0,-1.1859459459459463
6709.0,-1.1128813559322035
6710.0,-1.1728571428571428
6711.0,-1.0853608247422681
6712.0,-1.0705555555555555
6713.0,-1.2983333333333331
6714.0,-1.166551724137931
6715.0,-1.1391935483870967
6716.0,-1.0658196721311475
6717.0,-1.2087500000000002
6718.0,-0.8017977528089888
6719.0,-1.1428358208955223
6720.0,-1.2883870967741935
6721.0,-1.2238709677419357
6722.0,-0.5443478260869565
6723.0,-0.9786363636363636
6724.0,-0.9768421052631577
6725.0,-1.1323076923076922
6726.0,0.002857142857142817
6727.0,-0.7881927710843374
6728.0,-1.041979695431472
6729.0,-1.0160416666666667
6730.0,-1.0975581395348837
6731.0,-1.087222222222222
6732.0,-1.0054320987654322
6733.0,-1.099375
6734.0,-1.172857142857143
6735.0,-0.43205128205128207
6736.0,-1.0407812500000002
6737.0,-1.077837837837838
6738.0,-1.1069354838709677
6739.0,-0.5514754098360656
6740.0,-1.027298387096774
6741.0,-1.0720312499999998
6742.0,-1.1093181818181819
6743.0,-0.7630769230769231
6744.0,-0.6913888888888889
6745.0,-0.8631884057971014
6746.0,-1.0316666666666667
6747.0,-1.0303225806451615
6748.0,-1.1955555555555557
6749.0,-1.36
6750.0,-1.0622222222222224
6751.0,-1.1218181818181818
6752.0,-1.1645283018867922
6753.0,-1.2696153846153848
6754.0,-0.7871698113207546
6755.0,-1.27030303030303
6756.0,-1.0670833333333334
6757.0,-1.0165974025974025
6758.0,-0.816923076923077
6759.0,-1.22125
6760.0,-0.03166666666666677
6761.0,-0.5600000000000002
6762.0,-1.0660869565217392
6763.0,-1.1490909090909092
6764.0,-0.8769047619047621
6765.0,0.5367857142857143
6766.0,-0.19192307692307706
6767.0,-1.1028048780487805
6768.0,-1.0622222222222222
6769.0,-1.1827083333333335
6770.0,-1.151111111111111
6771.0,-1.0815841584158414
6772.0,-1.0963218390804597
6773.0,0.4339130434782607
6774.0,-0.9632142857142858
6775.0,-1.304
6776.0,-1.1971428571428573
6777.0,-0.02472222222222227
6778.0,-1.0725892857142858
6779.0,-0.9736956521739132
6780.0,-1.1807894736842106
6781.0,-1.0247744360902256
6782.0,-1.058014705882353
6783.0,-1.0092307692307692
6784.0,-0.36244897959183675
6785.0,-0.871578947368421
6786.0,-1.0725892857142858
6787.0,-1.1494827586206897
6788.0,-0.12125000000000004
6789.0,-1.1713725490196076
6790.0,-1.0379274611398963
6791.0,-0.665
6792.0,-1.0982089552238803
6793.0,-1.1001075268817206
6794.0,-1.005625
6795.0,-1.2469444444444444
6796.0,-1.0197619047619049
6797.0,-1.050185185185185
6798.0,-1.120281690140845
6799.0,-1.175
6800.0,-0.8631884057971014
6801.0,-1.014615384615385
6802.0,-0.8184313725490197
6803.0,-0.9937499999999999
6804.0,-1.17125
6805.0,-0.8166129032258065
6806.0,-1.1345312499999998
6807.0,-0.7660416666666666
6808.0,-1.012560975609756
6809.0,-0.8601923076923076
6810.0,-1.2315384615384617
6811.0,-1.1345312499999998
6812.0,-1.1551785714285714
6813.0,-1.0954838709677421
6814.0,-1.2542857142857142
6815.0,-0.9798648648648646
6816.0,-0.7456818181818182
6817.0,-1.036774193548387
6818.0,-0.15477272727272726
6819.0,-1.215609756097561
6820.0,-1.1713725490196079
6821.0,-1.2271794871794874
6822.0,-1.050185185185185
6823.0,-1.3325925925925928
6824.0,-1.0145098039215685
6825.0,-0.8184313725490197
6826.0,-1.0175268817204302
6827.0,-0.7128260869565217
6828.0,-1.023355048859935
6829.0,-1.125416666666667
6830.0,-1.262058823529412
6831.0,-0.9729545454545453
6832.0,-1.1494827586206897
6833.0,-1.0966176470588234
6834.0,-1.0853608247422681
6835.0,-1.1167123287671232
6836.0,-1.0401960784313724
6837.0,-0.3054761904761905
6838.0,-1.095
6839.0,-0.03464285714285727
6840.0,-1.067731092436975
6841.0,-1.0638636363636367
6842.0,-1.093932584269663
6843.0,-1.2883870967741935
6844.0,-1.0422598870056496
6845.0,-0.6790243902439025
6846.0,-1.0123214285714286
6847.0,0.12458333333333316
6848.0,-1.0134862385321102
6849.0,-0.9800000000000002
6850.0,-1.0216923076923077
6851.0,-0.9595833333333336
6852.0,-1.1032812499999998
6853.0,-1.1910869565217392
6854.0,-1.1171929824561402
6855.0,-1.2587500000000005
6856.0,-1.191923076923077
6857.0,-1.0068976897689768
6858.0,-1.0556410256410256
6859.0,-1.078666666666667
6860.0,-1.1833333333333338
6861.0,-1.0725892857142856
6862.0,-1.1965
6863.0,-1.0556249999999998
6864.0,-1.230769230769231
6865.0,-1.20969696969697
6866.0,-1.3535000000000001
6867.0,-1.228139534883721
6868.0,-1.1066666666666667
6869.0,-0.46656250000000005
6870.0,-1.1910869565217392
6871.0,-1.1167123287671232
6872.0,-1.0789830508474576
6873.0,-0.9408928571428571
6874.0,-1.2620588235294117
6875.0,0.6885714285714285
6876.0,-1.047017543859649
6877.0,-0.8986538461538461
6878.0,-1.1294230769230769
6879.0,-1.0655813953488371
6880.0,-1.056326530612245
6881.0,-0.8769047619047619
6882.0,-0.42125
6883.0,-1.22125
6884.0,-1.1117105263157896
6885.0,-1.13453125
6886.0,-0.7128260869565217
6887.0,-1.0949999999999998
6888.0,-1.186808510638298
6889.0,-1.0617054263565895
6890.0,-0.8984210526315791
6891.0,-1.0544025157232704
6892.0,-1.0257142857142856
6893.0,-1.0988235294117648
6894.0,-1.24
6895.0,-0.846060606060606
6896.0,-0.9766071428571428
6897.0,-1.0101612903225807
6898.0,-0.8319117647058824
6899.0,-0.9004761904761904
6900.0,0.4227906976744185
6901.0,-0.821730769230769
6902.0,-1.0107399103139012
6903.0,-0.9989655172413795
6904.0,-1.0625000000000002
6905.0,-1.3988810110276973e-16
6906.0,-0.72828125
6907.0,-0.902037037037037
6908.0,-1.0323387096774195
6909.0,-1.1190625
6910.0,-1.1085897435897436
6911.0,-1.152280701754386
6912.0,-1.092941176470588
6913.0,-0.9371153846153847
6914.0,-0.8441666666666666
6915.0,-1.1120930232558137
6916.0,-1.1678846153846154
6917.0,-1.1323076923076922
6918.0,-1.115
6919.0,-1.24
6920.0,-1.0377272727272726
6921.0,-1.2400000000000002
6922.0,-1.061078431372549
6923.0,-1.061917808219178
6924.0,-1.224516129032258
6925.0,-1.1070886075949367
6926.0,-1.1955555555555555
6927.0,-1.22125
6928.0,-1.0664462809917354
6929.0,-0.9829245283018868
6930.0,-1.035511111111111
6931.0,-1.0951136363636365
6932.0,-1.0725892857142856
6933.0,0.036785714285714165
6934.0,-1.2564516129032262
6935.0,-1.1494827586206895
6936.0,-1.191086956521739
6937.0,-1.2051162790697674
6938.0,-1.0927777777777776
6939.0,-0.6454054054054055
6940.0,-0.4483333333333335
6941.0,-1.3203571428571428
6942.0,-0.8077083333333333
6943.0,0.36606060606060603
6944.0,-0.1626190476190477
6945.0,-1.10144578313253
6946.0,-1.144255319148936
6947.0,-0.8058490566037735
6948.0,-1.1551785714285714
6949.0,-0.848550724637681
6950.0,-1.1868085106382975
6951.0,-0.2911363636363637
6952.0,-0.9483333333333333
6953.0,-0.8330232558139535
6954.0,-0.8465573770491802
6955.0,-0.9245238095238095
6956.0,-1.2790625000000002
6957.0,-1.2983333333333333
6958.0,-1.135
6959.0,-1.0109677419354839
6960.0,-0.9298734177215191
6961.0,-1.276666666666667
6962.0,-0.6212500000000001
6963.0,-1.0441666666666667
6964.0,-0.9697297297297294
6965.0,-0.2578571428571429
6966.0,0.43613636363636366
6967.0,-0.8861538461538462
6968.0,-1.0271014492753623
6969.0,-0.8052173913043478
6970.0,-1.0257142857142856
6971.0,-1.032626728110599
6972.0,-1.1301515151515151
6973.0,0.10210526315789448
6974.0,-1.074628099173554
6975.0,-1.1913888888888888
6976.0,-1.2264285714285719
6977.0,-1.0257142857142858
6978.0,-0.77125
6979.0,-0.45759259259259266
6980.0,-1.0424193548387095
6981.0,-0.8432608695652172
6982.0,-1.2002272727272727
6983.0,-1.120281690140845
6984.0,-1.1041975308641976
6985.0,0.21833333333333332
6986.0,-0.6615686274509803
6987.0,-0.57125
6988.0,-1.2790625000000002
6989.0,-0.9812790697674418
6990.0,-1.1547727272727273
6991.0,-1.0782758620689656
6992.0,-0.84
6993.0,-1.060945945945946
6994.0,-1.1612962962962965
6995.0,-1.3426666666666671
6996.0,-1.0481761006289305
6997.0,-1.2564516129032262
6998.0,-0.8828571428571427
6999.0,-1.424736842105263
7000.0,-0.0008695652173914789
7001.0,-0.5435714285714285
7002.0,-0.5160416666666666
7003.0,-1.13453125
7004.0,-0.9743750000000001
7005.0,-1.2032352941176472
7006.0,-1.0963218390804597
7007.0,-0.0755263157894737
7008.0,-1.1827083333333333
7009.0,-0.6469767441860464
7010.0,-1.0905434782608696
7011.0,-1.0176946107784428
7012.0,-1.11012987012987
7013.0,-1.1246296296296296
7014.0,-0.23342105263157906
7015.0,-1.1476086956521738
7016.0,-0.6864285714285715
7017.0,-0.707741935483871
7018.0,-1.115
7019.0,-1.215609756097561
7020.0,-1.2620588235294117
7021.0,-1.0944897959183675
7022.0,-1.1490909090909092
7023.0,-1.319545454545455
7024.0,-0.9156756756756758
7025.0,-1.1678846153846154
7026.0,-1.2002272727272727
7027.0,-1.2002272727272727
7028.0,-0.4832432432432433
7029.0,0.1393103448275861
7030.0,0.18763157894736834
7031.0,-0.8193650793650794
7032.0,-1.0520805369127517
7033.0,-1.1391935483870967
7034.0,-1.045263157894737
7035.0,-0.9309340659340658
7036.0,-0.7955555555555553
7037.0,-1.345769230769231
7038.0,-0.7397435897435898
7039.0,-0.20551724137931046
7040.0,-1.1859459459459458
7041.0,-0.50953125
7042.0,-1.1551785714285714
7043.0,-1.0346859903381642
7044.0,-1.2838888888888893
7045.0,-1.0062500000000003
7046.0,-1.349130434782609
7047.0,-1.0204878048780488
7048.0,-0.8493750000000001
7049.0,-0.6534615384615386
7050.0,-1.1028048780487805
7051.0,-0.9230985915492956
7052.0,-0.24
7053.0,-1.0760655737704918
7054.0,-1.1713725490196076
7055.0,-0.19098039215686274
7056.0,-0.6882758620689656
7057.0,-1.0277551020408162
7058.0,-0.9327083333333333
7059.0,-1.1500000000000001
7060.0,0.26595238095238094
7061.0,-1.2429411764705887
7062.0,-1.0916483516483517
7063.0,-1.0485443037974684
7064.0,-1.0290625000000002
7065.0,-1.307692307692308
7066.0,-1.0212500000000002
7067.0,-1.186808510638298
7068.0,-1.1093181818181816
7069.0,-0.5650000000000001
7070.0,-1.1833333333333338
7071.0,-1.1925806451612906
7072.0,-1.4104545454545458
7073.0,-1.0199352750809063
7074.0,-1.1467796610169492
7075.0,-1.065
7076.0,-1.0495348837209302
7077.0,-0.6093181818181818
7078.0,-0.4729545454545454
7079.0,-0.5270588235294118
7080.0,-1.0274493927125505
7081.0,-0.9599367088607595
7082.0,-1.0075000000000003
7083.0,-1.0905434782608696
7084.0,-1.1391935483870967
7085.0,-1.1247368421052633
7086.0,-1.1085897435897436
7087.0,-1.0906944444444444
7088.0,-1.2620588235294117
7089.0,-1.2703030303030303
7090.0,-1.0890566037735847
7091.0,-1.1807894736842106
7092.0,-1.0611111111111111
7093.0,-1.4488888888888891
7094.0,0.3275675675675675
7095.0,-0.7595312500000001
7096.0,-1.186808510638298
7097.0,-1.0131277533039649
7098.0,-1.052080536912752
7099.0,-1.1494827586206897
7100.0,-1.0357142857142858
7101.0,-1.0705555555555555
7102.0,-0.6316666666666667
7103.0,-1.0512582781456954
7104.0,-1.191086956521739
7105.0,-1.0226855123674912
7106.0,-1.0855882352941177
7107.0,-1.0228947368421053
7108.0,-1.1171929824561402
7109.0,-0.5435714285714286
7110.0,-0.7278048780487806
7111.0,-1.042857142857143
7112.0,-1.4304761904761907
7113.0,-1.2271794871794872
7114.0,-1.1551785714285714
7115.0,-1.130151515151515
7116.0,-1.155714285714286
7117.0,-1.1070886075949367
7118.0,-1.0600757575757576
7119.0,-1.1001190476190477
7120.0,-1.0273722627737227
7121.0,-1.0257142857142856
7122.0,-1.2403030303030307
7123.0,-1.2271794871794874
7124.0,-1.126029411764706
7125.0,-1.0923076923076924
7126.0,-1.1675000000000002
7127.0,-1.152280701754386
7128.0,-1.0677310924369747
7129.0,-1.186808510638298
7130.0,-1.1787755102040816
7131.0,-1.3654545454545457
7132.0,-1.345769230769231
7133.0,-0.14740740740740754
7134.0,-1.093932584269663
7135.0,-1.20875
7136.0,-1.3040000000000003
7137.0,-1.200227272727273
7138.0,-1.3011764705882354
7139.0,-0.46321428571428575
7140.0,-1.1955555555555555
7141.0,-1.0778378378378382
7142.0,-1.1522807017543857
7143.0,-1.0204878048780488
7144.0,-1.0204276315789471
7145.0,-1.175
7146.0,-1.2489285714285716
7147.0,-1.0349122807017543
7148.0,-0.9308783783783783
7149.0,-1.2304545454545457
7150.0,-1.2496428571428575
7151.0,-1.1318918918918919
7152.0,-1.3457692307692308
7153.0,-1.0834343434343434
7154.0,-1.320454545454546
7155.0,-1.2093333333333336
7156.0,-0.5733333333333333
7157.0,-1.1955555555555555
7158.0,-1.1626190476190477
7159.0,-1.0351388888888888
7160.0,-0.8844444444444444
7161.0,-1.2469444444444446
7162.0,-0.2055172413793104
7163.0,-1.144166666666667
7164.0,-1.08375
7165.0,-0.48000000000000015
7166.0,-0.550344827586207
7167.0,-0.7660416666666666
7168.0,-1.2245161290322584
7169.0,-1.0673809523809525
7170.0,-1.2703030303030303
7171.0,-0.16615384615384665
7172.0,-1.2032352941176472
7173.0,-1.0520805369127517
7174.0,0.2079166666666665
7175.0,-0.9786363636363635
7176.0,-0.4773684210526318
7177.0,0.6996969696969697
7178.0,-0.24568181818181822
7179.0,-1.120281690140845
7180.0,-1.0772641509433962
7181.0,-1.0364824120603018
7182.0,-1.1955555555555557
7183.0,-1.035886075949367
7184.0,-1.0929411764705883
7185.0,-0.57125
7186.0,-0.8023076923076924
7187.0,-1.233421052631579
7188.0,-0.9108333333333334
7189.0,-1.1240579710144927
7190.0,-1.0268345323741008
7191.0,-1.0144186046511627
7192.0,-1.2156097560975612
7193.0,-0.8075675675675676
7194.0,-1.1077142857142854
7195.0,-0.04599999999999999
7196.0,-1.1416393442622954
7197.0,-1.015
7198.0,-1.0894623655913978
7199.0,-1.136825396825397
7200.0,-1.2315384615384617
7201.0,-0.975576923076923
7202.0,-1.2051162790697671
7203.0,-0.07125000000000001
7204.0,-0.9176315789473686
7205.0,-1.2102380952380951
7206.0,-1.066315789473684
7207.0,-1.0175297619047616
7208.0,-0.9733333333333334
7209.0,-0.9629629629629631
7210.0,-1.087972972972973
7211.0,-1.186808510638298
7212.0,-0.9433898305084747
7213.0,-1.2808000000000002
7214.0,-0.6008333333333339
7215.0,-1.1056249999999999
7216.0,-1.3089655172413794
7217.0,0.6791176470588235
7218.0,-1.1968750000000004
7219.0,-1.1221428571428569
7220.0,-1.1551785714285714
7221.0,-1.1827083333333333
7222.0,-1.0609459459459456
7223.0,-1.0634126984126988
7224.0,-0.4766666666666671
7225.0,-0.9672727272727274
7226.0,-1.0086567164179103
7227.0,-0.9421276595744681
7228.0,-1.5681250000000004
7229.0,-0.8025000000000001
7230.0,-1.2790625000000002
7231.0,-1.0763095238095235
7232.0,-1.1476086956521738
7233.0,-1.2156097560975612
7234.0,-1.0873684210526315
7235.0,-1.1787755102040816
7236.0,-0.897
7237.0,-0.6259649122807017
7238.0,-0.6630769230769231
7239.0,-1.1581818181818182
7240.0,-0.7660416666666667
7241.0,0.06214285714285672
7242.0,-1.0723863636363637
7243.0,-1.0677310924369747
7244.0,-1.1691304347826088
7245.0,-1.233421052631579
7246.0,-0.8649999999999999
7247.0,-1.1202816901408454
7248.0,-1.014436090225564
7249.0,-1.2542857142857144
7250.0,-1.0127272727272727
7251.0,-0.38634146341463416
7252.0,-1.2808000000000002
7253.0,-1.075294117647059
7254.0,0.32756756756756755
7255.0,-1.1581818181818182
7256.0,-1.1109090909090913
7257.0,-1.1301515151515151
7258.0,-1.1712500000000001
7259.0,-1.0513207547169812
7260.0,-1.144666666666667
7261.0,-1.152280701754386
7262.0,-1.392173913043478
7263.0,-0.7597368421052632
7264.0,-0.10300000000000024
7265.0,-1.0495348837209302
7266.0,-0.685
7267.0,-1.0385074626865674
7268.0,-1.0476923076923075
7269.0,-0.8466666666666667
7270.0,-1.375416666666667
7271.0,-1.1202816901408454
7272.0,-1.3325925925925928
7273.0,-0.7911363636363635
7274.0,-1.040952380952381
7275.0,-1.092112676056338
7276.0,-1.2620588235294121
7277.0,-1.0257142857142856
7278.0,-0.9768421052631577
7279.0,-1.2156097560975612
7280.0,0.18187499999999968
7281.0,-1.3203571428571428
7282.0,-1.0341176470588234
7283.0,-1.2790625000000002
7284.0,-0.5074418604651163
7285.0,-1.50625
7286.0,-0.3006060606060606
7287.0,-0.8542857142857142
7288.0,-0.665925925925926
7289.0,-1.1260294117647063
7290.0,-1.1678846153846154
7291.0,-1.0444117647058824
7292.0,-1.2051162790697674
7293.0,-1.1494827586206897
7294.0,-0.855
7295.0,-0.34
7296.0,-0.4084782608695653
7297.0,0.19269230769230755
7298.0,-1.0140384615384614
7299.0,-1.3204545454545455
7300.0,-1.0704347826086957
7301.0,-1.07
7302.0,-1.2102380952380953
7303.0,-1.2038235294117647
7304.0,-0.6257142857142859
7305.0,-0.908103448275862
7306.0,-0.5372972972972972
7307.0,-1.118472222222222
7308.0,-0.9435802469135803
7309.0,-1.132156862745098
7310.0,-1.175
7311.0,-1.2703030303030303
7312.0,-1.0216780821917808
7313.0,-0.6336170212765958
7314.0,-1.392173913043478
7315.0,-1.2051162790697676
7316.0,-1.1827083333333333
7317.0,-1.2329411764705884
7318.0,-1.0815841584158414
7319.0,-1.1522807017543861
7320.0,-1.0764485981308411
7321.0,-1.2329411764705882
7322.0,-1.1645283018867925
7323.0,-0.691388888888889
7324.0,-0.9481250000000004
7325.0,-1.3203571428571428
7326.0,-1.0764485981308411
7327.0,-1.2469444444444446
7328.0,-1.0988235294117645
7329.0,-1.0780952380952382
7330.0,0.19269230769230758
7331.0,-0.9327083333333334
7332.0,-1.0243866171003715
7333.0,-1.1041304347826086
7334.0,-1.1630952380952384
7335.0,-1.215609756097561
7336.0,-1.0237837837837838
7337.0,-1.2790625
7338.0,-1.0798058252427185
7339.0,-1.0121166306695464
7340.0,-1.0951136363636365
7341.0,-1.155714285714286
7342.0,-1.1368253968253967
7343.0,-1.2469444444444444
7344.0,-1.2156097560975612
7345.0,-1.22125
7346.0,-0.46656250000000005
7347.0,-1.0404433497536945
7348.0,-0.9369230769230772
7349.0,-1.0385074626865671
7350.0,-0.7143589743589743
7351.0,-0.41361111111111115
7352.0,-0.8613235294117646
7353.0,-1.1787755102040818
7354.0,0.49999999999999983
7355.0,-1.191086956521739
7356.0,-1.5289473684210528
7357.0,-1.019179810725552
7358.0,-1.1910869565217395
7359.0,-1.2920833333333335
7360.0,-1.0071232876712326
7361.0,-1.3089655172413797
7362.0,-1.2883870967741937
7363.0,-1.1678846153846154
7364.0,-1.07192
7365.0,-1.0652032520325203
7366.0,-1.2002272727272727
7367.0,0.19749999999999998
7368.0,-0.5525000000000002
7369.0,-1.1416393442622952
7370.0,-1.080686274509804
7371.0,-1.4104545454545456
7372.0,-1.5406666666666669
7373.0,-1.2271794871794872
7374.0,-0.5226086956521742
7375.0,-0.6388095238095239
7376.0,-1.1017021276595744
7377.0,-1.175
7378.0,-1.1910869565217392
7379.0,-1.2102380952380951
7380.0,-1.3825000000000003
7381.0,-1.4164705882352944
7382.0,-0.6666666666666669
7383.0,-1.0828571428571427
7384.0,-1.0798058252427183
7385.0,-0.6833333333333339
7386.0,-0.19108695652173907
7387.0,-1.1551785714285714
7388.0,-1.2790625000000002
7389.0,-0.6882758620689656
7390.0,-1.3921739130434785
7391.0,-1.1123529411764705
7392.0,-0.8439603960396039
7393.0,-0.24830508474576274
7394.0,-1.077837837837838
7395.0,-1.0533561643835618
7396.0,-1.141639344262295
7397.0,-1.1242592592592595
7398.0,-1.0399999999999998
7399.0,-1.1971428571428568
7400.0,-1.24
7401.0,-1.015
7402.0,-1.215609756097561
7403.0,-1.2102380952380951
7404.0,-1.4104545454545454
7405.0,-0.5257142857142857
7406.0,-1.1050793650793649
7407.0,-1.0634126984126984
7408.0,-1.332592592592593
7409.0,-1.2002272727272727
7410.0,-1.197142857142857
7411.0,-1.2400000000000002
7412.0,-1.137142857142857
7413.0,-1.1041975308641976
7414.0,-1.0381770833333335
7415.0,-1.062777777777778
7416.0,-1.1167123287671235
7417.0,-1.0939325842696628
7418.0,-1.24
7419.0,-1.2323333333333333
7420.0,-1.4104545454545454
7421.0,-1.1787755102040816
7422.0,-1.1301515151515151
7423.0,-1.2850000000000001
7424.0,-1.130151515151515
7425.0,-0.7542045454545455
7426.0,-1.0998484848484849
7427.0,-1.3594117647058828
7428.0,-1.2850000000000001
7429.0,-1.0802777777777777
7430.0,-1.2630434782608695
7431.0,-1.1787755102040816
7432.0,-1.1301515151515151
7433.0,-1.375416666666667
7434.0,-0.4718181818181824
7435.0,-1.1421428571428571
7436.0,-1.1684615384615389
7437.0,0.0748148148148147
7438.0,-1.2703030303030303
7439.0,-1.1551785714285714
7440.0,-1.3491304347826087
7441.0,0.5208695652173911
7442.0,-0.4856140350877193
7443.0,-0.9658771929824561
7444.0,-1.2920833333333335
7445.0,-1.0126666666666668
7446.0,-1.3206250000000004
7447.0,-1.262058823529412
7448.0,-0.7436764705882353
7449.0,-1.474666666666667
7450.0,-1.06520325203252
7451.0,-1.2405882352941178
7452.0,-1.092941176470588
7453.0,-0.6828571428571428
7454.0,-1.3341666666666667
7455.0,-1.0966176470588234
7456.0,-0.9813793103448275
7457.0,-1.014932614555256
7458.0,-1.1827083333333333
7459.0,-1.1955555555555555
7460.0,-1.2399999999999998
7461.0,-1.2790625
7462.0,-1.0322641509433963
7463.0,-1.0419662921348314
7464.0,-0.5288888888888889
7465.0,-1.031015625
7466.0,-1.122142857142857
7467.0,-1.338888888888889
7468.0,-0.8390909090909097
7469.0,-1.126029411764706
7470.0,-1.175897435897436
7471.0,-0.6896124031007751
7472.0,-0.5911904761904763
7473.0,-1.122142857142857
7474.0,-0.1919230769230771
7475.0,-0.19192307692307706
7476.0,-0.9245238095238095
7477.0,-0.9425862068965517
7478.0,-1.2653333333333334
7479.0,-1.0371889400921657
7480.0,-1.1014457831325297
7481.0,-1.1612962962962963
7482.0,-1.0963218390804597
7483.0,-1.0755263157894734
7484.0,-0.9314893617021277
7485.0,-1.3525000000000005
7486.0,0.048888888888888864
7487.0,-1.0556249999999998
7488.0,-1.0963218390804599
7489.0,-1.0720312499999998
7490.0,-1.2051162790697674
7491.0,-1.3600000000000003
7492.0,-0.88453125
7493.0,-1.24
7494.0,-1.0216265060240963
7495.0,-1.24
7496.0,-1.1391935483870963
7497.0,-1.2929166666666667
7498.0,-0.07692307692307708
7499.0,-1.0424193548387097
7500.0,0.02874999999999998
7501.0,-1.0183742331288343
7502.0,-1.152280701754386
7503.0,-1.1581818181818182
7504.0,0.5933333333333332
7505.0,-1.1345312499999998
7506.0,-1.0267647058823528
7507.0,-1.1955555555555557
7508.0,-1.3557142857142856
7509.0,-1.035792079207921
7510.0,-1.233421052631579
7511.0,-1.2592592592592593
7512.0,0.09699999999999975
7513.0,-1.3325925925925926
7514.0,-0.22148148148148156
7515.0,-0.6994594594594595
7516.0,-1.1787755102040816
7517.0,-1.1710344827586205
7518.0,-1.3089655172413797
7519.0,0.11795454545454546
7520.0,-1.2790625000000002
7521.0,-0.7272222222222225
7522.0,-0.9290909090909096
7523.0,-0.14740740740740751
7524.0,-0.9743749999999999
7525.0,-0.2528205128205129
7526.0,-1.2983333333333331
7527.0,-1.1612962962962963
7528.0,-1.186808510638298
7529.0,-1.1787755102040818
7530.0,-1.0802777777777777
7531.0,-0.800897435897436
7532.0,-1.474666666666667
7533.0,-1.1171929824561404
7534.0,-1.0250378787878789
7535.0,-1.2703030303030303
7536.0,-1.04952380952381
7537.0,-1.403
7538.0,-1.262058823529412
7539.0,-1.1301515151515154
7540.0,-0.14740740740740754
7541.0,-1.1775
7542.0,-1.0570289855072463
7543.0,-1.2165625000000002
7544.0,-0.7997826086956519
7545.0,-1.0525000000000002
7546.0,-0.8305882352941181
7547.0,-1.0142857142857147
7548.0,-0.8694642857142857
7549.0,-1.1612962962962963
7550.0,-1.3377777777777782
7551.0,-1.1749999999999998
7552.0,-1.067127659574468
7553.0,-1.1968750000000004
7554.0,-1.2175555555555555
7555.0,-1.4488888888888891
7556.0,-1.1868085106382977
7557.0,-1.0915625000000002
7558.0,-0.9381132075471696
7559.0,-1.2883870967741937
7560.0,0.5978378378378377
7561.0,-0.6553225806451611
7562.0,-1.124057971014493
7563.0,-1.0204276315789473
7564.0,-1.0052439024390245
7565.0,-1.4104545454545456
7566.0,-1.0500649350649354
7567.0,-1.262058823529412
7568.0,-1.2542857142857142
7569.0,-1.0516867469879516
7570.0,-1.2002272727272727
7571.0,-1.0194585987261144
7572.0,-0.5765384615384617
7573.0,-1.0135849056603774
7574.0,-0.6056097560975611
7575.0,-1.0734343434343436
7576.0,-1.0569281045751633
7577.0,-1.0634126984126988
7578.0,-1.0190880503144653
7579.0,-1.0183333333333338
7580.0,-1.2152631578947368
7581.0,-1.093932584269663
7582.0,-1.4304761904761907
7583.0,-1.2703030303030305
7584.0,-1.191086956521739
7585.0,-1.1803030303030304
7586.0,-1.1713725490196076
7587.0,-0.7997826086956522
7588.0,-1.2102380952380951
7589.0,-1.0600757575757576
7590.0,-1.2959259259259264
7591.0,-1.021786941580756
7592.0,-1.244615384615385
7593.0,-1.1441666666666666
7594.0,-1.1968750000000004
7595.0,-0.9552380952380956
7596.0,-1.1184722222222223
7597.0,-1.1494827586206897
7598.0,-0.6294230769230769
7599.0,-1.3678571428571433
7600.0,-0.6864285714285715
7601.0,-1.2469444444444444
7602.0,-0.9194871794871795
7603.0,-1.0988235294117648
7604.0,-1.233421052631579
7605.0,-1.2002272727272727
7606.0,-1.3203571428571432
7607.0,-1.2032352941176474
7608.0,-1.2621739130434784
7609.0,-1.0290625000000002
7610.0,-1.1593548387096775
7611.0,-0.9466666666666669
7612.0,-1.0512582781456954
7613.0,-0.31894736842105287
7614.0,-0.36962962962962975
7615.0,-0.017173913043478258
7616.0,-1.00953125
7617.0,-1.2073684210526316
7618.0,-1.0374358974358975
7619.0,-0.8580555555555556
7620.0,-1.2790625
7621.0,-1.1264705882352946
7622.0,-1.030748898678414
7623.0,-0.9749999999999999
7624.0,-1.2102380952380953
7625.0,-1.0756481481481481
7626.0,-1.107258064516129
7627.0,-1.1117105263157894
7628.0,-1.1645283018867925
7629.0,-1.1444117647058822
7630.0,-1.3060869565217395
7631.0,-1.0183333333333338
7632.0,-1.0629166666666667
7633.0,-1.11012987012987
7634.0,-1.1925806451612904
7635.0,-1.1267924528301887
7636.0,-1.0975581395348835
7637.0,-1.1612962962962963
7638.0,-0.26205882352941184
7639.0,-1.1956250000000004
7640.0,-1.2542857142857144
7641.0,-1.1368253968253972
7642.0,-0.8484656084656086
7643.0,-1.0364285714285717
7644.0,-1.186808510638298
7645.0,-1.1410416666666665
7646.0,0.0032432432432431667
7647.0,-1.1494827586206895
7648.0,-1.3921739130434785
7649.0,-0.8795348837209302
7650.0,0.5560526315789472
7651.0,-0.8930612244897957
7652.0,-0.48527272727272736
7653.0,-1.0884042553191489
7654.0,-1.0330232558139534
7655.0,-1.1318918918918919
7656.0,-0.82
7657.0,-1.215609756097561
7658.0,-1.1581818181818182
7659.0,-1.1678846153846154
7660.0,-1.3457692307692308
7661.0,-1.1184722222222223
7662.0,-1.2260000000000002
7663.0,-0.9456451612903225
7664.0,-1.1429629629629627
7665.0,-1.1827083333333333
7666.0,-0.6678846153846154
7667.0,-1.0714606741573034
7668.0,-1.2033333333333334
7669.0,-1.158181818181818
7670.0,-1.1377272727272731
7671.0,-0.4813793103448276
7672.0,-1.080277777777778
7673.0,-0.4208510638297871
7674.0,-1.2156097560975612
7675.0,-1.2469444444444446
7676.0,-0.03166666666666676
7677.0,-0.8522448979591837
7678.0,-1.1713725490196079
7679.0,-0.9987412587412587
7680.0,-1.1645283018867925
7681.0,-1.1093181818181816
7682.0,-0.8986538461538459
7683.0,-0.8738582677165351
7684.0,-1.0581818181818183
7685.0,-0.7091836734693877
7686.0,-1.0866666666666667
7687.0,-0.9275000000000001
7688.0,-1.2051162790697674
7689.0,-0.27804347826086956
7690.0,-0.3563793103448276
7691.0,-1.0228947368421055
7692.0,-1.044179894179894
7693.0,-1.1713725490196076
7694.0,-0.8
7695.0,-0.8123684210526315
7696.0,-1.0097601918465227
7697.0,-1.1088524590163933
7698.0,-1.262058823529412
7699.0,-1.2585185185185186
7700.0,-1.0516666666666667
7701.0,-0.5326829268292683
7702.0,-0.14740740740740754
7703.0,-1.099375
7704.0,-1.0733333333333335
7705.0,-1.0692682926829267
7706.0,0.13499999999999981
7707.0,-0.5814634146341463
7708.0,-1.1612962962962963
7709.0,-1.1919354838709681
7710.0,-1.0853947368421053
7711.0,-0.8667605633802816
7712.0,-1.0746280991735537
7713.0,-1.0650000000000002
7714.0,-1.0525
7715.0,-1.0161538461538464
7716.0,-1.0611538461538461
7717.0,-1.1593548387096773
7718.0,-1.0822522522522524
7719.0,-0.9702631578947369
7720.0,-0.615
7721.0,-0.003157894736842365
7722.0,-0.7986274509803921
7723.0,-0.7775000000000001
7724.0,-1.132156862745098
7725.0,0.11714285714285706
7726.0,-0.9827868852459015
7727.0,-1.0815841584158417
7728.0,-0.49431034482758623
7729.0,-1.3457692307692306
7730.0,-0.9309090909090915
7731.0,-1.1868085106382977
7732.0,0.2510714285714285
7733.0,-1.0884042553191489
7734.0,-1.226666666666667
7735.0,-1.069268292682927
7736.0,-1.1581818181818182
7737.0,-1.0677310924369747
7738.0,0.27277777777777756
7739.0,-0.36790697674418604
7740.0,-0.8576470588235295
7741.0,-1.0537349397590363
7742.0,-1.0845454545454545
7743.0,-1.227179487179487
7744.0,-0.7448076923076925
7745.0,-0.09897435897435904
7746.0,-1.1820930232558138
7747.0,-1.1345312500000002
7748.0,-0.9746938775510203
7749.0,-1.233421052631579
7750.0,-1.1150000000000002
7751.0,-1.1117105263157894
7752.0,-1.0537254901960782
7753.0,-1.0474534161490685
7754.0,-1.0119298245614035
7755.0,-1.191086956521739
7756.0,-0.983951612903226
7757.0,-1.1362857142857141
7758.0,-1.0764485981308411
7759.0,-1.4525000000000001
7760.0,-0.34784313725490196
7761.0,-0.6212500000000001
7762.0,-0.6622222222222223
7763.0,-1.175
7764.0,-1.0480357142857142
7765.0,-0.77125
7766.0,-1.1856250000000002
7767.0,-1.3938888888888892
7768.0,-1.3204545454545455
7769.0,-1.0380769230769233
7770.0,-1.2002272727272727
7771.0,-1.115
7772.0,-1.3089655172413799
7773.0,-1.1410416666666665
7774.0,-1.186808510638298
7775.0,-1.0400000000000003
7776.0,-1.065851851851852
7777.0,-1.3060869565217392
7778.0,-0.15406250000000007
7779.0,-0.7358677685950413
7780.0,-0.4040625
7781.0,-1.1301515151515151
7782.0,-1.1267924528301887
7783.0,-0.5290625
7784.0,-0.5802777777777778
7785.0,-1.0086567164179103
7786.0,-0.5913513513513514
7787.0,-0.2911363636363637
7788.0,-1.1494827586206897
7789.0,-1.298333333333333
7790.0,-1.025472972972973
7791.0,-0.9470000000000001
7792.0,-0.9116161616161618
7793.0,0.49170731707317067
7794.0,-1.2271794871794872
7795.0,-1.071858407079646
7796.0,-0.34576923076923094
7797.0,-0.77125
7798.0,-1.233421052631579
7799.0,-0.707741935483871
7800.0,-1.1242592592592593
7801.0,-1.22
7802.0,-0.9665625000000002
7803.0,-1.2983333333333336
7804.0,-0.8672727272727272
7805.0,-0.8694642857142857
7806.0,-1.2051162790697676
7807.0,-1.050855263157895
7808.0,-1.0815841584158417
7809.0,-1.175
7810.0,-1.1868085106382977
7811.0,-1.0537254901960784
7812.0,-1.022801418439716
7813.0,-1.345769230769231
7814.0,-1.1713725490196076
7815.0,-1.032763157894737
7816.0,-1.1827083333333333
7817.0,-1.0520805369127517
7818.0,-1.3457692307692308
7819.0,-1.2271794871794872
7820.0,-0.6117948717948719
7821.0,-1.2329411764705882
7822.0,-1.5062500000000005
7823.0,-0.9691666666666665
7824.0,-0.5476923076923077
7825.0,-1.1775000000000002
7826.0,-1.10144578313253
7827.0,-1.2883870967741937
7828.0,-1.1777272727272725
7829.0,-0.008000000000000392
7830.0,-1.1827083333333333
7831.0,-1.050855263157895
7832.0,-0.5525000000000002
7833.0,-0.8983333333333335
7834.0,-0.15836734693877555
7835.0,-1.0733333333333333
7836.0,-1.1955555555555557
7837.0,-0.7612765957446809
7838.0,-1.1612962962962963
7839.0,-1.2542857142857142
7840.0,-1.2883870967741935
7841.0,-1.0257142857142858
7842.0,-0.37513513513513513
7843.0,-0.9360227272727273
7844.0,-0.7448076923076921
7845.0,-0.5913513513513514
7846.0,-1.0322077922077924
7847.0,-1.152280701754386
7848.0,-1.0843877551020409
7849.0,-1.1657446808510639
7850.0,-1.1060000000000003
7851.0,-0.8184313725490197
7852.0,-1.233421052631579
7853.0,-1.0211999999999999
7854.0,-1.1149999999999998
7855.0,-1.3535
7856.0,-1.2542857142857144
7857.0,-1.1695652173913043
7858.0,-0.944871794871795
7859.0,0.13096774193548383
7860.0,-1.0431609195402298
7861.0,-1.4768421052631582
7862.0,-1.3325925925925928
7863.0,-0.3200000000000001
7864.0,-1.1002564102564105
7865.0,-1.2469444444444442
7866.0,-1.2051162790697674
7867.0,-1.1441666666666668
7868.0,-1.1713725490196076
7869.0,-1.069059829059829
7870.0,-1.1050793650793649
7871.0,-1.3726315789473684
7872.0,-1.292916666666667
7873.0,-0.8674038461538462
7874.0,-1.13453125
7875.0,-1.244615384615385
7876.0,-1.1827083333333335
7877.0,-0.9577272727272728
7878.0,-0.9729545454545455
7879.0,-1.1578688524590166
7880.0,-0.8719444444444446
7881.0,-1.0733333333333335
7882.0,-0.04487804878048781
7883.0,-1.2419047619047623
7884.0,-1.0303225806451615
7885.0,-0.05081081081081084
7886.0,-1.2620588235294117
7887.0,-1.50625
7888.0,-0.8516666666666671
7889.0,-1.3203571428571428
7890.0,-1.3600000000000003
7891.0,0.7332432432432433
7892.0,-0.9758490566037735
7893.0,-0.6410416666666666
7894.0,-0.871578947368421
7895.0,-0.6798148148148146
7896.0,0.6349999999999999
7897.0,0.3155555555555555
7898.0,-0.21777777777777782
7899.0,-1.4768421052631582
7900.0,-1.0690598290598292
7901.0,-1.1868085106382977
7902.0,-1.0590789473684208
7903.0,-0.9622222222222224
7904.0,0.2965853658536585
7905.0,-1.0247540983606558
7906.0,-1.2087500000000002
7907.0,-0.5794339622641509
7908.0,-1.1678846153846154
7909.0,-1.0291949152542372
7910.0,-0.9672727272727274
7911.0,-1.1202816901408448
7912.0,-1.186808510638298
7913.0,-0.7911363636363639
7914.0,-0.9672727272727273
7915.0,-1.1117105263157896
7916.0,-1.1868085106382984
7917.0,-0.7143589743589746
7918.0,-1.033918918918919
7919.0,-1.0209090909090914
7920.0,-1.0821052631578947
7921.0,-0.9275000000000002
7922.0,-1.1391935483870967
7923.0,-0.7487209302325581
7924.0,-1.135
7925.0,-1.3204000000000002
7926.0,-0.5842857142857149
7927.0,-1.392173913043478
7928.0,-1.152280701754386
7929.0,-1.0894623655913978
7930.0,-0.7749999999999999
7931.0,-1.1832075471698116
7932.0,-1.0740909090909094
7933.0,-1.1735555555555557
7934.0,-1.152280701754386
7935.0,-1.2323333333333335
7936.0,-1.0034408602150537
7937.0,-1.4525000000000001
7938.0,0.4349999999999999
7939.0,-0.3650000000000001
7940.0,-0.06258064516129039
7941.0,-0.8193650793650794
7942.0,-1.2002272727272727
7943.0,0.7139473684210526
7944.0,-1.1410416666666665
7945.0,-1.0104918032786885
7946.0,-1.1379591836734693
7947.0,-1.1678846153846154
7948.0,-0.5577083333333334
7949.0,-1.2334210526315792
7950.0,-0.0008695652173914524
7951.0,-1.1218181818181818
7952.0,-1.1150000000000002
7953.0,-0.900377358490566
7954.0,-0.7914705882352941
7955.0,-1.032626728110599
7956.0,-1.071858407079646
7957.0,-1.0935714285714286
7958.0,-1.1221428571428576
7959.0,-1.1787755102040816
7960.0,-1.1028048780487805
7961.0,-1.1400000000000001
7962.0,-1.120281690140845
7963.0,0.7215384615384616
7964.0,-1.233421052631579
7965.0,-1.0405464480874316
7966.0,0.004680851063829785
7967.0,-1.0611538461538461
7968.0,-1.1379591836734693
7969.0,-1.4304761904761907
7970.0,-0.6790243902439025
7971.0,-1.1476086956521743
7972.0,-1.1246296296296296
7973.0,-1.4488888888888891
7974.0,-1.3325925925925928
7975.0,-1.1379591836734693
7976.0,-1.105079365079365
7977.0,-1.0533561643835618
7978.0,-1.1612962962962963
7979.0,-1.2883870967741937
7980.0,-1.0204878048780488
7981.0,-1.22125
7982.0,-0.40326530612244893
7983.0,-0.151764705882353
7984.0,-0.8416949152542375
7985.0,-0.982718446601942
7986.0,-1.2051162790697674
7987.0,-1.128157894736842
7988.0,-0.04487804878048782
7989.0,-1.1041975308641976
7990.0,-1.0434682080924855
7991.0,-1.1194642857142856
7992.0,-1.0166393442622952
7993.0,-0.9441666666666666
7994.0,-0.6992391304347827
7995.0,-0.7012068965517242
7996.0,-0.52125
7997.0,-0.900377358490566
7998.0,-0.8820454545454545
7999.0,-1.0140384615384614
