# Episodes, Rewards
0.0,-1.2
1.0,-3.000000000000001
2.0,-3.280000000000001
3.0,-1.7200000000000002
4.0,-1.44
5.0,-1.12
6.0,-1.52
7.0,-2.4800000000000004
8.0,-3.6000000000000014
9.0,-3.5200000000000014
10.0,-1.4
11.0,-1.48
12.0,-3.200000000000001
13.0,-1.3599999999999999
14.0,-1.04
15.0,-1.16
16.0,-1.12
17.0,-2.0
18.0,-2.4400000000000004
19.0,-1.6
20.0,-1.6400000000000001
21.0,-3.7600000000000016
22.0,-7.240000000000005
23.0,-3.4000000000000012
24.0,-2.24
25.0,-2.5200000000000005
26.0,-1.6400000000000001
27.0,-1.6
28.0,-1.0
29.0,-2.24
30.0,-1.32
31.0,-1.2
32.0,-2.3600000000000003
33.0,-1.8000000000000003
34.0,-2.8000000000000007
35.0,-1.6400000000000001
36.0,-1.4
37.0,-1.52
38.0,-1.08
39.0,-1.8400000000000003
40.0,-4.520000000000002
41.0,-3.5200000000000014
42.0,-1.52
43.0,-1.2
44.0,-3.080000000000001
45.0,-1.56
46.0,-1.2
47.0,-2.5200000000000005
48.0,-2.8000000000000007
49.0,-1.24
50.0,-1.7200000000000002
51.0,-1.8400000000000003
52.0,-8.920000000000005
53.0,-1.6400000000000001
54.0,-1.28
55.0,-2.04
56.0,-1.6400000000000001
57.0,-1.32
58.0,-1.6400000000000001
59.0,-1.2
60.0,-2.7200000000000006
61.0,-1.0
62.0,-6.640000000000004
63.0,-2.3200000000000003
64.0,-2.3600000000000003
65.0,-1.6800000000000002
66.0,-1.7600000000000002
67.0,-1.8800000000000003
68.0,-1.24
69.0,-1.2
70.0,-1.12
71.0,-1.9600000000000004
72.0,-3.320000000000001
73.0,-1.52
74.0,-1.6400000000000001
75.0,-1.8000000000000003
76.0,-1.6
77.0,-1.7200000000000002
78.0,-1.08
79.0,-1.16
80.0,-1.0
81.0,-1.16
82.0,-1.08
83.0,-1.08
84.0,-1.08
85.0,-2.2800000000000002
86.0,-2.6400000000000006
87.0,-1.8800000000000003
88.0,-1.04
89.0,-1.9600000000000004
90.0,-3.4400000000000013
91.0,-1.24
92.0,-1.16
93.0,-1.4
94.0,-1.08
95.0,-2.2
96.0,-1.6
97.0,-1.3599999999999999
98.0,-1.28
99.0,-1.28
100.0,-2.0
101.0,-1.6
102.0,-1.48
103.0,-2.7200000000000006
104.0,-1.3599999999999999
105.0,-2.8000000000000007
106.0,-2.24
107.0,-3.4400000000000013
108.0,-1.16
109.0,-1.0
110.0,-4.280000000000002
111.0,-1.9600000000000004
112.0,-1.3599999999999999
113.0,-2.04
114.0,-1.56
115.0,-2.12
116.0,-1.7600000000000002
117.0,-1.24
118.0,-5.800000000000003
119.0,-1.08
120.0,-1.12
121.0,-5.9200000000000035
122.0,-1.08
123.0,-1.9600000000000004
124.0,-3.6800000000000015
125.0,-8.000000000000005
126.0,-1.04
127.0,-1.6800000000000002
128.0,-3.000000000000001
129.0,-3.160000000000001
130.0,-1.2
131.0,-1.28
132.0,-2.3200000000000003
133.0,-3.360000000000001
134.0,-1.28
135.0,-1.08
136.0,-4.240000000000002
137.0,-1.04
138.0,-2.0
139.0,-5.440000000000003
140.0,-1.7600000000000002
141.0,-8.000000000000005
142.0,-1.6800000000000002
143.0,-1.12
144.0,-1.04
145.0,-3.200000000000001
146.0,-1.56
147.0,-1.16
148.0,-1.9200000000000004
149.0,-1.48
150.0,-2.7200000000000006
151.0,-1.24
152.0,-1.04
153.0,-1.44
154.0,-2.4000000000000004
155.0,-4.240000000000002
156.0,-1.08
157.0,-6.520000000000004
158.0,-2.16
159.0,-1.2
160.0,-5.320000000000003
161.0,-1.8800000000000003
162.0,-2.5200000000000005
163.0,-4.400000000000002
164.0,-1.12
165.0,-1.3599999999999999
166.0,-1.08
167.0,-2.08
168.0,-1.08
169.0,-1.04
170.0,-1.6
171.0,-1.8800000000000003
172.0,-8.000000000000005
173.0,-1.8400000000000003
174.0,-2.4000000000000004
175.0,-1.08
176.0,-2.6000000000000005
177.0,-2.8400000000000007
178.0,-1.2
179.0,-1.16
180.0,-1.2
181.0,-8.000000000000005
182.0,-1.28
183.0,-1.28
184.0,-1.0
185.0,-8.000000000000005
186.0,-5.280000000000003
187.0,-1.24
188.0,-1.9200000000000004
189.0,-1.24
190.0,-1.0
191.0,-6.080000000000004
192.0,-2.0
193.0,-1.2
194.0,-5.320000000000003
195.0,-1.32
196.0,-3.6000000000000014
197.0,-1.12
198.0,-1.12
199.0,-1.3599999999999999
200.0,-2.6400000000000006
201.0,-7.920000000000005
202.0,-5.400000000000003
203.0,-1.6
204.0,-2.2
205.0,-1.2
206.0,-1.9600000000000004
207.0,-7.880000000000005
208.0,-2.4000000000000004
209.0,-2.4800000000000004
210.0,-1.52
211.0,-1.160000000000001
212.0,-1.48
213.0,-3.320000000000001
214.0,-1.12
215.0,-2.4400000000000004
216.0,-1.3599999999999999
217.0,-1.48
218.0,-3.7200000000000015
219.0,-1.52
220.0,-1.16
221.0,-2.4400000000000004
222.0,-1.6800000000000015
223.0,-1.6400000000000001
224.0,-1.4
225.0,-1.12
226.0,-1.16
227.0,-1.4
228.0,-1.24
229.0,-1.6400000000000001
230.0,-1.8400000000000003
231.0,-2.960000000000001
232.0,-2.08
233.0,-2.24
234.0,-1.08
235.0,-1.08
236.0,-2.6400000000000006
237.0,-4.7600000000000025
238.0,-1.3599999999999999
239.0,-2.24
240.0,-1.56
241.0,-1.28
242.0,-2.4400000000000004
243.0,-1.32
244.0,-1.3599999999999999
245.0,-1.9600000000000004
246.0,-4.000000000000002
247.0,-1.08
248.0,-1.3599999999999999
249.0,-2.8000000000000007
250.0,-1.2
251.0,-1.2
252.0,-1.12
253.0,-1.08
254.0,-3.7200000000000015
255.0,-1.56
256.0,-1.7200000000000002
257.0,-1.6400000000000001
258.0,-1.3599999999999999
259.0,-2.8000000000000007
260.0,-1.0
261.0,-3.4000000000000012
262.0,-4.8000000000000025
263.0,-1.04
264.0,-4.040000000000002
265.0,-1.28
266.0,-1.4
267.0,-1.4
268.0,-3.4800000000000013
269.0,-1.2
270.0,-2.5600000000000005
271.0,-1.6800000000000002
272.0,-1.12
273.0,-1.3599999999999999
274.0,-1.16
275.0,-2.08
276.0,-1.28
277.0,-1.7600000000000002
278.0,-1.08
279.0,-1.16
280.0,-1.0
281.0,-1.04
282.0,-1.56
283.0,-1.08
284.0,-1.08
285.0,-1.3599999999999999
286.0,-6.400000000000004
287.0,-1.8400000000000003
288.0,-1.4
289.0,-2.4400000000000004
290.0,-1.7200000000000002
291.0,-1.2
292.0,-1.4
293.0,-1.48
294.0,-1.08
295.0,-1.52
296.0,-4.160000000000002
297.0,-1.7200000000000002
298.0,-1.9600000000000004
299.0,-2.08
300.0,-2.2800000000000002
301.0,-3.8800000000000017
302.0,-1.04
303.0,-1.12
304.0,-0.3200000000000005
305.0,-1.56
306.0,-1.4
307.0,-2.04
308.0,-1.12
309.0,-1.52
310.0,-3.160000000000001
311.0,-1.8800000000000003
312.0,-2.3200000000000003
313.0,-2.16
314.0,-1.4
315.0,-3.040000000000001
316.0,-1.08
317.0,-4.000000000000002
318.0,-1.6400000000000001
319.0,-1.6400000000000001
320.0,-1.4
321.0,-1.6
322.0,-1.8000000000000003
323.0,-1.24
324.0,-1.12
325.0,-4.160000000000002
326.0,-1.0
327.0,-1.6
328.0,-2.4000000000000004
329.0,-2.16
330.0,-1.6400000000000001
331.0,-1.8400000000000003
332.0,-1.16
333.0,-2.04
334.0,-4.240000000000002
335.0,-3.6000000000000014
336.0,-1.16
337.0,-1.08
338.0,-1.8000000000000003
339.0,-2.5200000000000005
340.0,-5.840000000000005
341.0,-1.48
342.0,-1.0
343.0,-1.04
344.0,-3.200000000000001
345.0,-6.800000000000004
346.0,-1.08
347.0,-1.08
348.0,-1.04
349.0,-1.08
350.0,-3.160000000000001
351.0,-2.2800000000000002
352.0,-1.9200000000000004
353.0,-1.7200000000000002
354.0,-1.3599999999999999
355.0,-1.7200000000000002
356.0,-6.160000000000004
357.0,-1.32
358.0,-1.0
359.0,-1.0
360.0,-1.08
361.0,-4.680000000000002
362.0,-1.12
363.0,-1.6
364.0,-1.04
365.0,-1.16
366.0,-1.2
367.0,-1.28
368.0,-1.04
369.0,-2.5200000000000005
370.0,-3.080000000000001
371.0,-1.04
372.0,-1.04
373.0,-1.2
374.0,-1.32
375.0,-1.16
376.0,-1.8000000000000003
377.0,-2.5200000000000005
378.0,-1.4
379.0,-1.56
380.0,-2.3600000000000003
381.0,-1.7600000000000002
382.0,-1.04
383.0,-1.4
384.0,-1.7200000000000002
385.0,-1.08
386.0,-1.6400000000000001
387.0,-1.16
388.0,-3.4400000000000013
389.0,-1.8400000000000003
390.0,-1.9600000000000004
391.0,-1.08
392.0,-5.600000000000003
393.0,-3.5600000000000014
394.0,-4.080000000000002
395.0,-3.280000000000001
396.0,-1.6800000000000002
397.0,-1.04
398.0,-2.0
399.0,-1.28
400.0,-2.6800000000000006
401.0,-1.04
402.0,-1.08
403.0,-1.12
404.0,-3.280000000000001
405.0,-1.56
406.0,-1.6
407.0,-8.000000000000005
408.0,-1.52
409.0,-1.16
410.0,-8.000000000000005
411.0,-1.3599999999999999
412.0,-1.04
413.0,-1.12
414.0,-1.52
415.0,-1.8800000000000003
416.0,-3.6400000000000015
417.0,-1.6800000000000002
418.0,-1.04
419.0,-1.4
420.0,-1.4
421.0,-2.3600000000000003
422.0,-1.08
423.0,-1.6400000000000001
424.0,-4.400000000000002
425.0,-2.3200000000000003
426.0,-1.2
427.0,-1.28
428.0,-1.8400000000000003
429.0,-2.08
430.0,-1.56
431.0,-1.8800000000000003
432.0,-3.080000000000001
433.0,-1.48
434.0,-1.16
435.0,-1.12
436.0,-1.16
437.0,-2.5200000000000005
438.0,-4.400000000000002
439.0,-1.3599999999999999
440.0,-2.5600000000000005
441.0,-1.56
442.0,-3.4000000000000012
443.0,-1.24
444.0,-1.7200000000000002
445.0,-1.04
446.0,-8.000000000000005
447.0,-2.4800000000000004
448.0,-2.6000000000000005
449.0,-4.040000000000002
450.0,-1.0
451.0,-1.08
452.0,-1.52
453.0,-1.0
454.0,-1.08
455.0,-2.04
456.0,-2.3600000000000003
457.0,-1.32
458.0,-1.0
459.0,-2.3200000000000003
460.0,-1.32
461.0,-2.04
462.0,-3.320000000000001
463.0,-1.52
464.0,-1.9200000000000004
465.0,-5.480000000000003
466.0,-4.160000000000002
467.0,-1.2
468.0,-2.8400000000000007
469.0,-2.8400000000000007
470.0,-2.040000000000002
471.0,-1.4
472.0,-1.3599999999999999
473.0,-1.2
474.0,-1.12
475.0,-2.08
476.0,-1.6
477.0,-2.3600000000000003
478.0,-2.4000000000000004
479.0,-1.16
480.0,-2.16
481.0,-2.3600000000000003
482.0,-1.7200000000000002
483.0,-1.8400000000000003
484.0,-2.8400000000000007
485.0,-1.32
486.0,-2.2800000000000002
487.0,-1.24
488.0,-1.28
489.0,-1.2
490.0,-1.12
491.0,-1.8400000000000003
492.0,-1.28
493.0,-1.12
494.0,-1.16
495.0,-8.000000000000005
496.0,-1.48
497.0,-1.44
498.0,-2.0
499.0,-1.16
500.0,-1.12
501.0,-1.44
502.0,-1.52
503.0,-1.4
504.0,-1.3599999999999999
505.0,-5.360000000000003
506.0,-1.7600000000000002
507.0,-1.08
508.0,-2.24
509.0,-1.04
510.0,-1.0
511.0,-1.7200000000000002
512.0,-5.640000000000003
513.0,-2.12
514.0,-4.8400000000000025
515.0,-1.24
516.0,-2.8800000000000026
517.0,-2.7200000000000006
518.0,-1.4
519.0,-1.0
520.0,-1.48
521.0,-1.2
522.0,-1.32
523.0,-1.32
524.0,-3.6400000000000015
525.0,-1.08
526.0,-3.200000000000001
527.0,-1.6000000000000014
528.0,-1.8800000000000003
529.0,-1.6800000000000002
530.0,-1.24
531.0,-4.8000000000000025
532.0,-1.8000000000000003
533.0,-1.2
534.0,-1.3599999999999999
535.0,-6.440000000000004
536.0,-2.920000000000001
537.0,-2.5200000000000005
538.0,-2.24
539.0,-1.52
540.0,-1.04
541.0,-2.920000000000001
542.0,-5.400000000000003
543.0,-1.16
544.0,-1.6400000000000001
545.0,-1.12
546.0,-2.8400000000000007
547.0,-1.04
548.0,-1.3599999999999999
549.0,-3.4400000000000013
550.0,-2.12
551.0,-1.4
552.0,-1.6
553.0,-1.8000000000000003
554.0,-1.04
555.0,-3.4400000000000013
556.0,-1.12
557.0,-1.48
558.0,-7.400000000000005
559.0,-1.28
560.0,-1.28
561.0,-4.680000000000004
562.0,-1.6400000000000001
563.0,-2.7600000000000007
564.0,-1.12
565.0,-1.04
566.0,-3.280000000000001
567.0,-1.2
568.0,-2.16
569.0,-2.04
570.0,-2.120000000000002
571.0,-1.12
572.0,-1.44
573.0,-4.560000000000002
574.0,-1.6400000000000001
575.0,-1.0
576.0,-1.7600000000000002
577.0,-1.24
578.0,-1.6
579.0,-1.8000000000000003
580.0,-2.16
581.0,-1.08
582.0,-2.24
583.0,-1.2
584.0,-3.120000000000001
585.0,-1.48
586.0,-1.6400000000000001
587.0,-1.6
588.0,-1.24
589.0,-1.9600000000000004
590.0,-3.6400000000000015
591.0,-3.240000000000001
592.0,-1.24
593.0,-1.04
594.0,-1.2
595.0,-2.4000000000000004
596.0,-2.2
597.0,-2.5200000000000005
598.0,-1.08
599.0,-1.08
600.0,-1.3599999999999999
601.0,-2.3600000000000003
602.0,-1.04
603.0,-1.3599999999999999
604.0,-1.8000000000000003
605.0,-0.5600000000000007
606.0,-1.120000000000001
607.0,-0.12000000000000033
608.0,-2.4000000000000004
609.0,-1.28
610.0,-1.12
611.0,-7.680000000000005
612.0,-1.04
613.0,-1.32
614.0,-2.04
615.0,-1.0
616.0,-1.6
617.0,-1.32
618.0,-3.040000000000001
619.0,-2.04
620.0,-2.0
621.0,-1.040000000000001
622.0,-1.6400000000000001
623.0,-4.000000000000002
624.0,-1.4
625.0,-1.08
626.0,-1.08
627.0,-1.12
628.0,-1.4
629.0,-1.0
630.0,-0.28000000000000047
631.0,-2.4000000000000004
632.0,-1.8400000000000003
633.0,-3.120000000000001
634.0,-1.8000000000000003
635.0,-2.2800000000000002
636.0,-1.28
637.0,-1.7600000000000002
638.0,-1.08
639.0,-1.04
640.0,-1.2
641.0,-1.08
642.0,-1.8800000000000003
643.0,-1.9200000000000004
644.0,-0.6400000000000008
645.0,-1.5200000000000014
646.0,-1.2
647.0,-1.56
648.0,-1.44
649.0,-3.200000000000003
650.0,-1.0
651.0,-1.0
652.0,-8.000000000000005
653.0,-4.520000000000002
654.0,-7.1200000000000045
655.0,-1.32
656.0,-1.0
657.0,-2.7200000000000006
658.0,-2.960000000000001
659.0,-1.9600000000000004
660.0,-1.04
661.0,-2.3200000000000003
662.0,-1.7600000000000002
663.0,-1.8800000000000003
664.0,-1.9600000000000004
665.0,-1.24
666.0,-1.16
667.0,-1.6400000000000001
668.0,-1.04
669.0,-1.04
670.0,-1.7200000000000002
671.0,-1.12
672.0,-2.3600000000000003
673.0,-1.6400000000000001
674.0,-1.2
675.0,-1.04
676.0,-1.2
677.0,-1.28
678.0,-1.04
679.0,-1.04
680.0,-1.12
681.0,-3.280000000000001
682.0,-1.12
683.0,-2.0000000000000018
684.0,-4.040000000000002
685.0,-1.0
686.0,-0.16000000000000036
687.0,-2.0
688.0,-4.520000000000002
689.0,-1.0
690.0,-1.0
691.0,-1.04
692.0,-3.4400000000000013
693.0,-1.12
694.0,-1.12
695.0,-1.32
696.0,-2.4000000000000004
697.0,-3.5200000000000014
698.0,-1.04
699.0,-1.08
700.0,-1.04
701.0,-1.12
702.0,-1.08
703.0,-1.0
704.0,-0.16000000000000036
705.0,-1.12
706.0,-1.8800000000000003
707.0,-3.040000000000001
708.0,-1.52
709.0,-1.24
710.0,-1.08
711.0,-2.7200000000000006
712.0,-1.28
713.0,-2.8400000000000007
714.0,-1.44
715.0,-6.440000000000006
716.0,-1.48
717.0,-3.4400000000000013
718.0,-0.6400000000000008
719.0,-1.16
720.0,-1.28
721.0,-1.0
722.0,-0.24000000000000044
723.0,-1.6800000000000002
724.0,-1.7200000000000002
725.0,-1.04
726.0,-2.4000000000000004
727.0,-1.12
728.0,-1.28
729.0,-0.9600000000000011
730.0,-2.4400000000000004
731.0,-1.52
732.0,-1.48
733.0,-1.2
734.0,-1.08
735.0,-6.720000000000004
736.0,-1.48
737.0,-1.32
738.0,-1.28
739.0,-1.4
740.0,-1.16
741.0,-2.220446049250313e-16
742.0,-1.24
743.0,-1.4
744.0,-1.0
745.0,-1.32
746.0,-2.12
747.0,-1.56
748.0,-1.7600000000000002
749.0,-1.44
750.0,-1.16
751.0,-1.2
752.0,-2.04
753.0,-1.9200000000000004
754.0,-2.6000000000000005
755.0,-1.32
756.0,-4.400000000000002
757.0,-1.44
758.0,-1.6
759.0,-1.12
760.0,-2.08
761.0,-1.08
762.0,-2.4800000000000004
763.0,-1.52
764.0,-1.2
765.0,-1.48
766.0,-1.12
767.0,-1.8400000000000003
768.0,-2.2800000000000002
769.0,-1.04
770.0,-4.960000000000003
771.0,-1.0
772.0,-2.08
773.0,-2.3200000000000003
774.0,-2.6000000000000005
775.0,-1.2
776.0,-1.9600000000000004
777.0,-1.16
778.0,-1.0
779.0,-2.08
780.0,-2.16
781.0,-1.44
782.0,-1.04
783.0,-2.8400000000000007
784.0,-1.4
785.0,-1.04
786.0,-1.3599999999999999
787.0,-3.000000000000001
788.0,-1.3599999999999999
789.0,-2.3600000000000003
790.0,-1.12
791.0,-1.24
792.0,-1.6800000000000002
793.0,-1.08
794.0,-1.28
795.0,-1.7200000000000002
796.0,-1.7200000000000002
797.0,-1.04
798.0,-1.2
799.0,-3.120000000000001
800.0,-3.120000000000001
801.0,-2.4800000000000004
802.0,-1.3200000000000012
803.0,-1.16
804.0,-1.16
805.0,-1.08
806.0,-1.24
807.0,-1.04
808.0,-1.08
809.0,-1.08
810.0,-1.2
811.0,-1.04
812.0,-1.16
813.0,-1.2
814.0,-1.04
815.0,-1.3599999999999999
816.0,-1.4
817.0,-2.7200000000000006
818.0,-1.12
819.0,-1.16
820.0,-1.0
821.0,-1.7600000000000002
822.0,-2.2
823.0,-3.120000000000001
824.0,-2.2
825.0,-2.12
826.0,-7.000000000000004
827.0,-2.960000000000001
828.0,-1.6400000000000001
829.0,-1.3599999999999999
830.0,-3.4800000000000013
831.0,-1.2
832.0,-1.6800000000000002
833.0,-2.7600000000000007
834.0,-2.2
835.0,-2.2800000000000002
836.0,-2.4800000000000004
837.0,-1.08
838.0,-1.4400000000000013
839.0,-1.0
840.0,-1.9200000000000004
841.0,-1.2
842.0,-1.2
843.0,-3.9600000000000017
844.0,-1.8800000000000003
845.0,-5.040000000000003
846.0,-2.4800000000000004
847.0,-1.08
848.0,-1.08
849.0,-1.28
850.0,-1.8400000000000003
851.0,-1.08
852.0,-1.04
853.0,-1.6400000000000001
854.0,-2.0
855.0,-1.08
856.0,-1.48
857.0,-1.24
858.0,-1.24
859.0,-2.04
860.0,-1.56
861.0,-2.8000000000000007
862.0,-1.4
863.0,-1.3599999999999999
864.0,-1.44
865.0,-7.320000000000005
866.0,-2.08
867.0,-3.280000000000001
868.0,-1.24
869.0,-5.400000000000003
870.0,-1.08
871.0,-1.08
872.0,-3.8400000000000016
873.0,-1.6800000000000002
874.0,-1.3599999999999999
875.0,-2.08
876.0,-2.3600000000000003
877.0,-1.2
878.0,-1.56
879.0,-8.000000000000005
880.0,-1.28
881.0,-3.5600000000000014
882.0,-1.5200000000000014
883.0,-1.48
884.0,-2.4400000000000004
885.0,-1.48
886.0,-1.56
887.0,-2.24
888.0,-2.0
889.0,-2.3200000000000003
890.0,-2.6800000000000006
891.0,-2.4800000000000004
892.0,-1.6400000000000001
893.0,-1.56
894.0,-1.4
895.0,-1.9600000000000004
896.0,-2.2
897.0,-2.4000000000000004
898.0,-1.24
899.0,-1.8000000000000003
900.0,-1.44
901.0,-1.24
902.0,-2.12
903.0,-1.9600000000000004
904.0,-1.28
905.0,-1.6400000000000001
906.0,-1.4
907.0,-1.56
908.0,-3.6400000000000015
909.0,-1.6800000000000002
910.0,-1.0
911.0,0.11999999999999977
912.0,-1.04
913.0,-3.6400000000000015
914.0,-1.44
915.0,-1.9600000000000004
916.0,-1.9200000000000004
917.0,-1.7200000000000002
918.0,-1.32
919.0,-2.4400000000000004
920.0,-1.08
921.0,-1.4
922.0,-1.56
923.0,-1.6400000000000001
924.0,-2.16
925.0,-1.08
926.0,-1.12
927.0,-1.08
928.0,-1.48
929.0,-1.3599999999999999
930.0,-1.24
931.0,-1.6800000000000002
932.0,-1.24
933.0,-1.32
934.0,-1.04
935.0,-1.12
936.0,-1.0
937.0,-1.08
938.0,-0.4000000000000006
939.0,-1.12
940.0,-1.16
941.0,-1.04
942.0,-2.04
943.0,-1.9200000000000004
944.0,-1.12
945.0,-1.3599999999999999
946.0,-1.44
947.0,-1.16
948.0,-2.04
949.0,-1.04
950.0,-0.920000000000001
951.0,-1.32
952.0,-8.000000000000005
953.0,-1.9200000000000004
954.0,-1.0
955.0,-1.7200000000000002
956.0,-1.8000000000000003
957.0,-1.16
958.0,-1.04
959.0,-1.08
960.0,-1.4400000000000013
961.0,-1.44
962.0,-1.0
963.0,-1.0
964.0,-1.6400000000000001
965.0,-1.16
966.0,-1.52
967.0,-1.52
968.0,-1.28
969.0,-1.6400000000000001
970.0,-0.5600000000000007
971.0,-1.08
972.0,-1.6400000000000001
973.0,-1.4
974.0,-1.24
975.0,-1.6800000000000002
976.0,-8.000000000000005
977.0,-1.2
978.0,-1.48
979.0,-2.4400000000000004
980.0,0.11999999999999977
981.0,-1.48
982.0,-1.08
983.0,-1.28
984.0,-2.440000000000002
985.0,-0.6800000000000008
986.0,-1.6400000000000001
987.0,-1.24
988.0,-1.04
989.0,-1.16
990.0,-1.2
991.0,-1.44
992.0,-1.48
993.0,-1.7200000000000002
994.0,-1.4
995.0,-1.12
996.0,-1.52
997.0,-1.52
998.0,-1.16
999.0,-1.56
1000.0,-1.7600000000000002
1001.0,-2.8400000000000007
1002.0,-1.0
1003.0,-1.8000000000000003
1004.0,-2.2
1005.0,-1.4
1006.0,-1.080000000000001
1007.0,-1.08
1008.0,-3.4800000000000013
1009.0,-1.3599999999999999
1010.0,-1.28
1011.0,-1.16
1012.0,-0.880000000000001
1013.0,-1.12
1014.0,-2.08
1015.0,-1.0
1016.0,-1.4
1017.0,-2.2
1018.0,-1.04
1019.0,-1.8800000000000003
1020.0,-1.16
1021.0,-1.0
1022.0,-1.8000000000000003
1023.0,-1.04
1024.0,-1.52
1025.0,-1.0
1026.0,-1.9600000000000004
1027.0,-1.24
1028.0,-2.5600000000000005
1029.0,-2.04
1030.0,-1.3599999999999999
1031.0,-1.8000000000000003
1032.0,-3.200000000000001
1033.0,-1.4
1034.0,-1.9200000000000004
1035.0,-1.4400000000000013
1036.0,-1.24
1037.0,-1.12
1038.0,-1.08
1039.0,-1.0
1040.0,-1.3599999999999999
1041.0,-1.04
1042.0,-1.16
1043.0,-1.08
1044.0,-1.08
1045.0,-1.48
1046.0,-1.08
1047.0,-1.4
1048.0,-1.28
1049.0,-1.4
1050.0,-3.320000000000001
1051.0,0.23999999999999988
1052.0,-2.4400000000000004
1053.0,-1.56
1054.0,-1.8800000000000003
1055.0,-2.6800000000000006
1056.0,-1.28
1057.0,-1.24
1058.0,-1.16
1059.0,-1.16
1060.0,-1.24
1061.0,-1.16
1062.0,-1.32
1063.0,-1.24
1064.0,-1.8000000000000003
1065.0,-4.040000000000002
1066.0,-1.4
1067.0,-1.12
1068.0,-1.12
1069.0,-1.2
1070.0,-2.04
1071.0,-1.7600000000000002
1072.0,-4.280000000000002
1073.0,-1.12
1074.0,-1.08
1075.0,-1.08
1076.0,-1.6400000000000001
1077.0,-1.16
1078.0,-1.9600000000000004
1079.0,-1.7200000000000002
1080.0,-1.08
1081.0,-1.04
1082.0,-1.3599999999999999
1083.0,-1.0
1084.0,-1.32
1085.0,-1.56
1086.0,-0.4000000000000006
1087.0,-2.4000000000000004
1088.0,-1.7200000000000002
1089.0,-1.0
1090.0,-2.5200000000000005
1091.0,0.0399999999999997
1092.0,-2.0
1093.0,-1.16
1094.0,-1.24
1095.0,-1.08
1096.0,-1.16
1097.0,-1.24
1098.0,-1.04
1099.0,-1.16
1100.0,-1.3599999999999999
1101.0,-1.48
1102.0,-2.6400000000000006
1103.0,-1.9200000000000004
1104.0,-1.04
1105.0,-1.28
1106.0,-1.0
1107.0,-1.08
1108.0,-1.4
1109.0,-1.48
1110.0,-2.16
1111.0,-1.8400000000000003
1112.0,-1.24
1113.0,-1.6400000000000001
1114.0,-1.32
1115.0,-1.4
1116.0,-1.3599999999999999
1117.0,-1.9200000000000004
1118.0,-2.3600000000000003
1119.0,-1.28
1120.0,-1.08
1121.0,-1.3599999999999999
1122.0,-1.080000000000001
1123.0,-1.16
1124.0,-1.48
1125.0,-1.4
1126.0,-1.16
1127.0,-1.12
1128.0,-1.08
1129.0,-1.2
1130.0,-1.44
1131.0,-1.56
1132.0,-2.04
1133.0,-2.3200000000000003
1134.0,-1.04
1135.0,-1.28
1136.0,-0.7600000000000009
1137.0,-1.6400000000000001
1138.0,-1.0
1139.0,-2.7600000000000007
1140.0,-1.4800000000000013
1141.0,-2.440000000000002
1142.0,-1.52
1143.0,-1.0
1144.0,-1.04
1145.0,-1.12
1146.0,-1.8800000000000003
1147.0,-1.4
1148.0,-1.6
1149.0,-1.28
1150.0,-1.12
1151.0,-1.44
1152.0,-1.48
1153.0,-1.2
1154.0,-0.16000000000000036
1155.0,-1.8000000000000003
1156.0,-1.8400000000000003
1157.0,-1.8000000000000003
1158.0,-1.24
1159.0,-1.0
1160.0,-1.28
1161.0,-1.48
1162.0,-1.2
1163.0,-1.160000000000001
1164.0,-1.4
1165.0,-0.6000000000000008
1166.0,-1.52
1167.0,-1.08
1168.0,-2.8000000000000007
1169.0,-1.12
1170.0,-1.32
1171.0,-1.6400000000000001
1172.0,-3.240000000000001
1173.0,-1.12
1174.0,-1.32
1175.0,-3.4400000000000013
1176.0,-1.44
1177.0,-1.24
1178.0,-1.6800000000000002
1179.0,-1.04
1180.0,-1.16
1181.0,-8.000000000000005
1182.0,-1.12
1183.0,-1.04
1184.0,-1.16
1185.0,-1.8800000000000003
1186.0,-1.12
1187.0,-1.9600000000000004
1188.0,-2.220446049250313e-16
1189.0,-1.08
1190.0,-1.9200000000000004
1191.0,-1.3599999999999999
1192.0,-2.16
1193.0,0.31999999999999995
1194.0,-2.4800000000000004
1195.0,-1.7600000000000002
1196.0,-1.4
1197.0,-1.12
1198.0,-1.0
1199.0,-1.04
1200.0,-0.4000000000000006
1201.0,-1.24
1202.0,-0.3200000000000005
1203.0,-1.04
1204.0,-1.52
1205.0,-1.0
1206.0,-1.4
1207.0,-1.3599999999999999
1208.0,-1.8800000000000003
1209.0,-1.0
1210.0,-2.220446049250313e-16
1211.0,-4.200000000000002
1212.0,-1.2
1213.0,-1.6400000000000001
1214.0,-1.0
1215.0,-1.52
1216.0,-2.04
1217.0,-2.08
1218.0,-1.7600000000000002
1219.0,-1.28
1220.0,-1.24
1221.0,-2.2
1222.0,-1.08
1223.0,-1.6800000000000002
1224.0,-2.920000000000001
1225.0,-1.6800000000000002
1226.0,-1.28
1227.0,-3.6000000000000014
1228.0,-0.0800000000000003
1229.0,-1.24
1230.0,-2.880000000000001
1231.0,-1.56
1232.0,-1.16
1233.0,0.23999999999999988
1234.0,-1.6
1235.0,-3.120000000000001
1236.0,-1.12
1237.0,-1.9200000000000004
1238.0,-1.28
1239.0,-2.12
1240.0,-1.16
1241.0,-1.52
1242.0,-1.4
1243.0,-1.6
1244.0,-1.08
1245.0,-1.32
1246.0,-1.7200000000000002
1247.0,-1.12
1248.0,-1.6800000000000002
1249.0,-1.16
1250.0,-1.16
1251.0,-0.24000000000000044
1252.0,-1.0
1253.0,-0.36000000000000054
1254.0,-1.24
1255.0,-1.3599999999999999
1256.0,-1.52
1257.0,-1.16
1258.0,-1.6400000000000001
1259.0,-0.4000000000000006
1260.0,-2.04
1261.0,-1.04
1262.0,-2.6000000000000023
1263.0,-1.32
1264.0,-1.12
1265.0,0.23999999999999988
1266.0,-1.48
1267.0,-1.04
1268.0,-1.28
1269.0,-0.3200000000000005
1270.0,-2.3600000000000003
1271.0,-1.0
1272.0,-1.3599999999999999
1273.0,-1.56
1274.0,-1.9600000000000004
1275.0,-1.16
1276.0,-1.32
1277.0,-2.12
1278.0,-0.5600000000000007
1279.0,-1.04
1280.0,-1.6
1281.0,-1.52
1282.0,-1.16
1283.0,-3.6400000000000015
1284.0,-1.04
1285.0,-1.0
1286.0,-3.7200000000000033
1287.0,-1.6800000000000002
1288.0,-2.04
1289.0,-1.4
1290.0,-1.56
1291.0,-1.24
1292.0,-1.16
1293.0,-1.32
1294.0,-1.2
1295.0,-1.48
1296.0,-1.0
1297.0,0.19999999999999984
1298.0,-1.08
1299.0,-1.16
1300.0,-1.4
1301.0,-1.04
1302.0,-1.24
1303.0,-3.240000000000001
1304.0,-1.6400000000000001
1305.0,-1.6
1306.0,-1.0
1307.0,-2.12
1308.0,-1.52
1309.0,-2.3200000000000003
1310.0,-1.56
1311.0,-0.12000000000000033
1312.0,-1.8000000000000003
1313.0,-1.6400000000000001
1314.0,-1.6
1315.0,-1.16
1316.0,-2.4000000000000004
1317.0,-1.8400000000000003
1318.0,-1.52
1319.0,-1.7200000000000002
1320.0,-1.28
1321.0,-1.04
1322.0,-2.16
1323.0,-3.120000000000001
1324.0,-1.8800000000000003
1325.0,-1.8000000000000003
1326.0,-2.6000000000000005
1327.0,-1.3599999999999999
1328.0,-2.2
1329.0,-1.0
1330.0,-1.24
1331.0,-1.28
1332.0,-1.2
1333.0,-1.28
1334.0,-1.48
1335.0,-1.28
1336.0,-1.8400000000000003
1337.0,-2.04
1338.0,-1.56
1339.0,-1.24
1340.0,-1.04
1341.0,-1.12
1342.0,-1.08
1343.0,-2.2800000000000002
1344.0,-1.04
1345.0,-1.12
1346.0,-1.7200000000000002
1347.0,-1.0
1348.0,-5.8800000000000034
1349.0,-2.24
1350.0,-1.08
1351.0,-0.24000000000000044
1352.0,-1.0
1353.0,-1.4
1354.0,-2.8000000000000007
1355.0,-1.0
1356.0,-1.7600000000000002
1357.0,-2.240000000000002
1358.0,-1.3200000000000012
1359.0,-2.3600000000000003
1360.0,-1.24
1361.0,-1.8400000000000003
1362.0,-1.9600000000000004
1363.0,-1.04
1364.0,-1.0
1365.0,-2.5200000000000005
1366.0,-2.0
1367.0,-1.9200000000000004
1368.0,-2.240000000000002
1369.0,-3.8000000000000016
1370.0,-1.08
1371.0,-1.04
1372.0,-2.920000000000001
1373.0,-0.16000000000000036
1374.0,-0.24000000000000044
1375.0,-1.28
1376.0,-1.6
1377.0,-1.04
1378.0,-2.16
1379.0,-1.2
1380.0,-1.28
1381.0,-1.24
1382.0,-1.8800000000000003
1383.0,-0.920000000000001
1384.0,-1.24
1385.0,-1.32
1386.0,-1.32
1387.0,-1.04
1388.0,-1.0
1389.0,-4.520000000000002
1390.0,-1.28
1391.0,-1.2
1392.0,-1.16
1393.0,-1.12
1394.0,-1.08
1395.0,-0.2000000000000004
1396.0,-2.5200000000000005
1397.0,-1.52
1398.0,-2.12
1399.0,-1.12
1400.0,-1.04
1401.0,-1.4
1402.0,-2.6800000000000024
1403.0,-1.24
1404.0,-0.04000000000000026
1405.0,-1.3599999999999999
1406.0,-1.3599999999999999
1407.0,-0.48000000000000065
1408.0,-1.2
1409.0,-1.12
1410.0,-1.28
1411.0,-2.0
1412.0,-1.6800000000000002
1413.0,-2.040000000000002
1414.0,-1.3599999999999999
1415.0,-1.6
1416.0,-1.0
1417.0,-1.3599999999999999
1418.0,-1.16
1419.0,-1.24
1420.0,-1.04
1421.0,-1.6400000000000001
1422.0,-2.8400000000000007
1423.0,-1.2
1424.0,-1.6800000000000015
1425.0,-1.16
1426.0,-2.08
1427.0,-1.44
1428.0,-1.08
1429.0,-0.28000000000000047
1430.0,-1.16
1431.0,-1.32
1432.0,-1.7200000000000002
1433.0,-1.08
1434.0,-1.6
1435.0,-1.3599999999999999
1436.0,-0.9600000000000011
1437.0,-1.16
1438.0,-1.48
1439.0,-1.04
1440.0,-8.000000000000005
1441.0,-1.08
1442.0,-2.0
1443.0,-1.6
1444.0,-1.2
1445.0,-1.28
1446.0,-1.8800000000000003
1447.0,-1.6
1448.0,-1.24
1449.0,-0.28000000000000047
1450.0,-1.16
1451.0,-1.04
1452.0,-3.040000000000001
1453.0,-3.040000000000001
1454.0,-1.44
1455.0,-1.6
1456.0,-1.12
1457.0,-1.32
1458.0,-1.08
1459.0,-1.32
1460.0,-4.040000000000002
1461.0,-1.7200000000000002
1462.0,-1.16
1463.0,-1.6400000000000001
1464.0,-1.08
1465.0,-1.08
1466.0,-1.6
1467.0,-2.04
1468.0,-1.12
1469.0,-1.2
1470.0,-1.32
1471.0,-1.48
1472.0,-2.4800000000000004
1473.0,-2.04
1474.0,-1.52
1475.0,-1.24
1476.0,-1.6800000000000002
1477.0,-1.32
1478.0,-2.3200000000000003
1479.0,-1.4
1480.0,-1.28
1481.0,-1.04
1482.0,-1.9200000000000004
1483.0,-1.08
1484.0,-1.12
1485.0,-1.28
1486.0,-1.6400000000000001
1487.0,-1.8800000000000017
1488.0,-1.2
1489.0,-1.28
1490.0,-1.16
1491.0,-1.8000000000000003
1492.0,-1.08
1493.0,-1.16
1494.0,-1.24
1495.0,-1.6
1496.0,-1.04
1497.0,-1.44
1498.0,-1.6400000000000001
1499.0,-0.9600000000000011
1500.0,-1.08
1501.0,-1.48
1502.0,-1.04
1503.0,-1.08
1504.0,-1.16
1505.0,-1.12
1506.0,-1.0
1507.0,-1.32
1508.0,-1.4
1509.0,-1.8400000000000003
1510.0,-1.04
1511.0,-0.5200000000000007
1512.0,-1.24
1513.0,-1.48
1514.0,-1.2
1515.0,-1.16
1516.0,-1.44
1517.0,-3.8000000000000016
1518.0,-1.2
1519.0,-1.08
1520.0,-0.6800000000000008
1521.0,-2.4800000000000004
1522.0,0.07999999999999974
1523.0,-1.28
1524.0,-1.48
1525.0,-1.28
1526.0,-0.3200000000000005
1527.0,-1.16
1528.0,-1.12
1529.0,-1.04
1530.0,-1.08
1531.0,-1.0
1532.0,-1.7600000000000002
1533.0,-1.48
1534.0,-1.32
1535.0,-1.56
1536.0,-2.4800000000000004
1537.0,-1.28
1538.0,-1.7600000000000002
1539.0,-1.4
1540.0,-1.48
1541.0,-1.2
1542.0,-1.6400000000000001
1543.0,-1.2
1544.0,-1.16
1545.0,-1.4
1546.0,-1.6
1547.0,-1.28
1548.0,-1.08
1549.0,-1.0
1550.0,-1.16
1551.0,-1.08
1552.0,-1.16
1553.0,-1.0
1554.0,-1.8000000000000003
1555.0,-1.0000000000000009
1556.0,-1.08
1557.0,-0.5600000000000007
1558.0,-2.08
1559.0,-1.56
1560.0,-1.0
1561.0,-1.32
1562.0,-1.16
1563.0,-1.16
1564.0,-1.44
1565.0,0.23999999999999988
1566.0,-1.6800000000000002
1567.0,-1.8000000000000003
1568.0,-1.4
1569.0,-1.28
1570.0,-1.04
1571.0,-1.6800000000000002
1572.0,-3.240000000000001
1573.0,-1.04
1574.0,-1.4
1575.0,-2.08
1576.0,-1.08
1577.0,-1.04
1578.0,-1.12
1579.0,-1.12
1580.0,-1.16
1581.0,-1.12
1582.0,-1.8400000000000003
1583.0,-1.9200000000000004
1584.0,-2.220446049250313e-16
1585.0,-1.9600000000000004
1586.0,-0.9600000000000011
1587.0,-1.0
1588.0,-0.2000000000000004
1589.0,-1.0
1590.0,-1.04
1591.0,-1.28
1592.0,-1.32
1593.0,-1.9200000000000004
1594.0,-0.840000000000001
1595.0,-1.52
1596.0,-1.0
1597.0,-0.0800000000000003
1598.0,-1.7600000000000002
1599.0,-1.32
1600.0,-1.56
1601.0,-1.04
1602.0,-1.0
1603.0,-1.6800000000000002
1604.0,-2.6000000000000005
1605.0,-1.32
1606.0,-1.16
1607.0,-1.3599999999999999
1608.0,-1.3599999999999999
1609.0,-1.16
1610.0,-1.12
1611.0,-1.32
1612.0,-1.48
1613.0,-1.16
1614.0,0.11999999999999977
1615.0,-3.120000000000001
1616.0,-1.12
1617.0,-8.000000000000005
1618.0,0.0399999999999997
1619.0,-1.16
1620.0,-1.7200000000000002
1621.0,-0.16000000000000036
1622.0,-1.4
1623.0,-3.0000000000000027
1624.0,-0.0800000000000003
1625.0,-1.04
1626.0,-1.6800000000000002
1627.0,-1.7200000000000002
1628.0,-1.6400000000000001
1629.0,0.1599999999999998
1630.0,-1.28
1631.0,-1.28
1632.0,-1.44
1633.0,-1.8400000000000003
1634.0,-1.3600000000000012
1635.0,-1.8000000000000003
1636.0,-2.480000000000002
1637.0,-2.08
1638.0,-1.6800000000000002
1639.0,-1.08
1640.0,-2.0
1641.0,-1.24
1642.0,-1.08
1643.0,-1.48
1644.0,-2.5600000000000005
1645.0,-1.6400000000000001
1646.0,-0.2000000000000004
1647.0,-1.04
1648.0,-1.12
1649.0,-1.44
1650.0,-1.32
1651.0,-1.2
1652.0,-1.7600000000000002
1653.0,-1.04
1654.0,-1.9200000000000004
1655.0,-2.5200000000000005
1656.0,-1.12
1657.0,-1.9200000000000004
1658.0,0.11999999999999977
1659.0,-1.2
1660.0,-0.9600000000000011
1661.0,-1.0
1662.0,-2.2800000000000002
1663.0,-4.040000000000002
1664.0,-2.12
1665.0,-1.3599999999999999
1666.0,-1.48
1667.0,0.31999999999999995
1668.0,-0.0800000000000003
1669.0,-1.8400000000000003
1670.0,-1.0
1671.0,-1.24
1672.0,-3.080000000000001
1673.0,-1.3599999999999999
1674.0,-1.44
1675.0,-2.8400000000000007
1676.0,-1.0
1677.0,0.31999999999999995
1678.0,-1.6800000000000002
1679.0,-1.28
1680.0,-0.840000000000001
1681.0,-1.44
1682.0,-1.08
1683.0,-2.12
1684.0,-2.6800000000000006
1685.0,-1.8400000000000003
1686.0,-1.8400000000000003
1687.0,-1.28
1688.0,-1.08
1689.0,-2.960000000000001
1690.0,-1.6
1691.0,-1.6400000000000001
1692.0,-1.7200000000000002
1693.0,-1.08
1694.0,-1.8400000000000003
1695.0,-1.2
1696.0,-1.28
1697.0,-1.16
1698.0,-1.28
1699.0,-1.28
1700.0,-1.12
1701.0,-1.04
1702.0,-2.8000000000000007
1703.0,0.11999999999999977
1704.0,-0.5200000000000007
1705.0,-1.6
1706.0,-1.0
1707.0,-1.4
1708.0,-2.12
1709.0,-1.48
1710.0,-1.48
1711.0,-1.04
1712.0,-1.04
1713.0,-1.24
1714.0,-1.08
1715.0,-1.8400000000000003
1716.0,-1.32
1717.0,-1.52
1718.0,-2.3200000000000003
1719.0,-1.6800000000000002
1720.0,-1.6
1721.0,-1.4
1722.0,-1.7200000000000002
1723.0,-1.2
1724.0,-1.9600000000000004
1725.0,-2.220446049250313e-16
1726.0,-0.3200000000000005
1727.0,-2.12
1728.0,-1.48
1729.0,-1.16
1730.0,-2.6400000000000006
1731.0,-1.04
1732.0,-1.16
1733.0,-2.5600000000000023
1734.0,-1.6800000000000002
1735.0,-1.04
1736.0,-1.4
1737.0,-1.7600000000000002
1738.0,-1.32
1739.0,-1.04
1740.0,-1.52
1741.0,-1.3599999999999999
1742.0,-0.5600000000000007
1743.0,-1.0
1744.0,-1.040000000000001
1745.0,-8.000000000000005
1746.0,-2.8000000000000007
1747.0,-1.7600000000000002
1748.0,-1.0
1749.0,-1.2
1750.0,-2.12
1751.0,-1.0
1752.0,-3.040000000000001
1753.0,-2.4000000000000004
1754.0,-1.12
1755.0,-1.16
1756.0,-1.3599999999999999
1757.0,-2.3600000000000003
1758.0,-0.36000000000000054
1759.0,-1.04
1760.0,-2.04
1761.0,-1.0
1762.0,-1.0
1763.0,-1.16
1764.0,-1.24
1765.0,-2.0
1766.0,-1.6400000000000001
1767.0,-1.08
1768.0,-1.0
1769.0,-1.16
1770.0,-6.0000000000000036
1771.0,-0.24000000000000044
1772.0,-1.6800000000000002
1773.0,-2.6400000000000006
1774.0,-1.6400000000000001
1775.0,-1.12
1776.0,-3.4400000000000013
1777.0,-1.2
1778.0,-1.12
1779.0,-1.7200000000000002
1780.0,0.23999999999999988
1781.0,-1.3599999999999999
1782.0,-0.48000000000000065
1783.0,-2.6800000000000006
1784.0,-2.16
1785.0,-1.04
1786.0,-1.9200000000000004
1787.0,-1.2
1788.0,-1.16
1789.0,-1.4400000000000013
1790.0,-1.04
1791.0,-1.48
1792.0,-1.44
1793.0,-1.52
1794.0,-1.16
1795.0,-2.16
1796.0,-2.08
1797.0,-1.8000000000000003
1798.0,-1.3599999999999999
1799.0,-1.7200000000000002
1800.0,-1.8400000000000003
1801.0,-1.2
1802.0,-1.9600000000000004
1803.0,-1.2
1804.0,-1.04
1805.0,-3.400000000000003
1806.0,-1.08
1807.0,-2.2
1808.0,-1.32
1809.0,-2.24
1810.0,-0.3200000000000005
1811.0,-1.2
1812.0,-1.3599999999999999
1813.0,-1.4
1814.0,-1.44
1815.0,-2.2
1816.0,-0.16000000000000036
1817.0,-1.12
1818.0,-1.52
1819.0,-1.7200000000000002
1820.0,-1.16
1821.0,-1.52
1822.0,-2.8000000000000007
1823.0,0.0399999999999997
1824.0,-2.16
1825.0,-1.8400000000000003
1826.0,-1.24
1827.0,-0.0800000000000003
1828.0,0.19999999999999984
1829.0,-2.5200000000000022
1830.0,-0.24000000000000044
1831.0,-1.8400000000000003
1832.0,-1.8400000000000003
1833.0,-1.7600000000000002
1834.0,-1.48
1835.0,-1.16
1836.0,-0.0800000000000003
1837.0,-1.04
1838.0,-1.8400000000000003
1839.0,-1.6
1840.0,-1.28
1841.0,-1.8000000000000003
1842.0,-1.44
1843.0,-2.5600000000000005
1844.0,-1.24
1845.0,-1.04
1846.0,-1.2
1847.0,-1.04
1848.0,-1.52
1849.0,-1.08
1850.0,-8.000000000000005
1851.0,-1.32
1852.0,-1.0
1853.0,-1.16
1854.0,0.23999999999999988
1855.0,-1.8800000000000003
1856.0,-1.04
1857.0,-1.6
1858.0,-1.0
1859.0,-0.4000000000000006
1860.0,-1.28
1861.0,-1.24
1862.0,-2.08
1863.0,-1.8800000000000003
1864.0,-1.12
1865.0,-1.6
1866.0,-5.080000000000003
1867.0,-1.08
1868.0,-1.16
1869.0,-0.16000000000000036
1870.0,-2.220446049250313e-16
1871.0,-0.12000000000000033
1872.0,-1.12
1873.0,-1.8000000000000003
1874.0,-1.4
1875.0,-1.24
1876.0,-1.56
1877.0,-1.9200000000000004
1878.0,-2.6400000000000006
1879.0,-1.28
1880.0,-1.28
1881.0,-1.12
1882.0,-1.16
1883.0,-1.0
1884.0,-1.7600000000000002
1885.0,-1.6
1886.0,-1.56
1887.0,-0.36000000000000054
1888.0,-2.6000000000000005
1889.0,-1.2
1890.0,0.11999999999999977
1891.0,-1.7200000000000002
1892.0,-1.16
1893.0,-1.6800000000000002
1894.0,-1.4
1895.0,-1.8000000000000003
1896.0,-3.040000000000001
1897.0,-0.04000000000000026
1898.0,-1.04
1899.0,-1.24
1900.0,-1.32
1901.0,-1.32
1902.0,-2.16
1903.0,0.0399999999999997
1904.0,-1.08
1905.0,-1.4
1906.0,-6.240000000000004
1907.0,-1.7200000000000002
1908.0,-1.2
1909.0,-1.56
1910.0,-1.6800000000000002
1911.0,-2.04
1912.0,-1.24
1913.0,-1.2
1914.0,-1.48
1915.0,-1.28
1916.0,-5.000000000000003
1917.0,-1.08
1918.0,-2.960000000000001
1919.0,-1.0
1920.0,-1.6800000000000002
1921.0,-1.08
1922.0,-1.6400000000000001
1923.0,-1.16
1924.0,-1.04
1925.0,-1.6400000000000001
1926.0,-1.16
1927.0,-2.8400000000000007
1928.0,-1.0
1929.0,-1.44
1930.0,-1.04
1931.0,-1.04
1932.0,-1.16
1933.0,-2.0
1934.0,-0.12000000000000033
1935.0,-1.4
1936.0,-1.6
1937.0,-1.8800000000000003
1938.0,-1.8000000000000003
1939.0,-1.0
1940.0,-1.04
1941.0,-1.12
1942.0,-0.6800000000000008
1943.0,-1.16
1944.0,-1.56
1945.0,-1.6400000000000001
1946.0,-1.6
1947.0,-1.12
1948.0,-1.3599999999999999
1949.0,-1.0
1950.0,-1.7200000000000002
1951.0,-0.880000000000001
1952.0,-1.08
1953.0,-1.12
1954.0,-1.56
1955.0,-1.12
1956.0,-2.04
1957.0,-1.3599999999999999
1958.0,-1.0
1959.0,-3.4800000000000013
1960.0,-2.0
1961.0,-3.360000000000001
1962.0,-1.04
1963.0,-1.08
1964.0,-0.2000000000000004
1965.0,-1.08
1966.0,-1.6400000000000001
1967.0,-1.44
1968.0,-1.12
1969.0,-1.7600000000000002
1970.0,-1.7600000000000002
1971.0,-0.6400000000000008
1972.0,-0.2000000000000004
1973.0,-1.08
1974.0,-1.52
1975.0,-1.28
1976.0,-1.4
1977.0,-1.48
1978.0,-2.16
1979.0,-1.7200000000000002
1980.0,-1.6800000000000002
1981.0,0.11999999999999977
1982.0,-1.2
1983.0,-1.240000000000001
1984.0,-2.2800000000000002
1985.0,-1.48
1986.0,-1.44
1987.0,-1.6800000000000002
1988.0,-1.56
1989.0,-1.32
1990.0,-1.12
1991.0,-1.2
1992.0,-1.12
1993.0,-1.04
1994.0,-1.3600000000000012
1995.0,-1.32
1996.0,-1.12
1997.0,-1.16
1998.0,-1.2
1999.0,-1.0
2000.0,-1.16
2001.0,-1.56
2002.0,-1.6800000000000002
2003.0,-1.5200000000000014
2004.0,-1.08
2005.0,-1.0
2006.0,-1.16
2007.0,-1.08
2008.0,-0.04000000000000026
2009.0,-1.2
2010.0,-1.32
2011.0,-1.0
2012.0,-1.4
2013.0,-1.0
2014.0,-1.8400000000000003
2015.0,0.2799999999999999
2016.0,-1.44
2017.0,-1.24
2018.0,-2.08
2019.0,-1.08
2020.0,-1.44
2021.0,-1.24
2022.0,-1.04
2023.0,-4.480000000000004
2024.0,-4.8400000000000025
2025.0,-1.24
2026.0,-1.08
2027.0,-1.4
2028.0,-1.2
2029.0,-1.3599999999999999
2030.0,-1.8800000000000003
2031.0,-1.28
2032.0,-1.6400000000000001
2033.0,-1.44
2034.0,-2.04
2035.0,-1.16
2036.0,-1.08
2037.0,-1.12
2038.0,-1.52
2039.0,-1.9200000000000004
2040.0,-1.24
2041.0,-1.7200000000000002
2042.0,-1.04
2043.0,-2.6400000000000006
2044.0,-1.16
2045.0,-1.16
2046.0,-1.4
2047.0,-1.24
2048.0,-1.8000000000000003
2049.0,-1.32
2050.0,-0.04000000000000026
2051.0,-1.08
2052.0,-8.240000000000006
2053.0,-2.4800000000000004
2054.0,-1.08
2055.0,-1.4
2056.0,-1.12
2057.0,-3.9200000000000017
2058.0,-1.2
2059.0,-1.2
2060.0,-1.0
2061.0,-1.44
2062.0,-1.48
2063.0,-1.4
2064.0,-1.24
2065.0,-1.16
2066.0,-1.28
2067.0,-0.36000000000000054
2068.0,-1.12
2069.0,-1.12
2070.0,-1.48
2071.0,-1.6400000000000001
2072.0,-1.04
2073.0,-1.12
2074.0,-1.6
2075.0,-1.8400000000000003
2076.0,-1.24
2077.0,-2.24
2078.0,-1.04
2079.0,-1.0
2080.0,-1.6400000000000001
2081.0,-1.6800000000000002
2082.0,-1.04
2083.0,-2.04
2084.0,-1.7200000000000002
2085.0,0.23999999999999988
2086.0,-1.48
2087.0,-1.7600000000000002
2088.0,-1.6
2089.0,-1.2
2090.0,-1.7600000000000002
2091.0,-1.4
2092.0,0.2799999999999999
2093.0,-1.6400000000000001
2094.0,-1.04
2095.0,-1.52
2096.0,0.31999999999999995
2097.0,-1.08
2098.0,-1.08
2099.0,-1.0
2100.0,-1.04
2101.0,0.2799999999999999
2102.0,-3.8000000000000016
2103.0,-1.52
2104.0,-6.080000000000005
2105.0,-2.220446049250313e-16
2106.0,-1.08
2107.0,-2.6400000000000006
2108.0,-1.3599999999999999
2109.0,-1.8000000000000003
2110.0,-1.44
2111.0,-1.0
2112.0,-1.16
2113.0,-1.2
2114.0,-1.0
2115.0,-3.320000000000001
2116.0,-1.32
2117.0,-0.0800000000000003
2118.0,-1.24
2119.0,-1.44
2120.0,-1.6800000000000002
2121.0,-1.56
2122.0,-2.2
2123.0,-1.08
2124.0,-2.04
2125.0,-1.080000000000001
2126.0,0.4
2127.0,-1.2
2128.0,-1.6
2129.0,0.23999999999999988
2130.0,0.36
2131.0,-1.24
2132.0,-1.6800000000000002
2133.0,-1.7200000000000002
2134.0,-1.48
2135.0,-0.16000000000000036
2136.0,-1.44
2137.0,-1.16
2138.0,-1.48
2139.0,-1.3599999999999999
2140.0,-0.4000000000000006
2141.0,-1.0
2142.0,-1.24
2143.0,-1.48
2144.0,-1.2
2145.0,-1.2
2146.0,-1.9600000000000004
2147.0,-1.56
2148.0,0.23999999999999988
2149.0,-1.04
2150.0,-1.28
2151.0,-1.44
2152.0,-1.7200000000000002
2153.0,-1.12
2154.0,-1.0
2155.0,-3.280000000000001
2156.0,-1.48
2157.0,-2.220446049250313e-16
2158.0,-1.9600000000000004
2159.0,-0.24000000000000044
2160.0,-1.6800000000000002
2161.0,-3.6000000000000014
2162.0,-1.8800000000000003
2163.0,-1.04
2164.0,-1.32
2165.0,-1.6
2166.0,-1.7600000000000002
2167.0,-1.08
2168.0,-1.6
2169.0,0.4
2170.0,-1.0
2171.0,-1.04
2172.0,-2.6400000000000006
2173.0,-1.6
2174.0,-0.04000000000000026
2175.0,-1.16
2176.0,-1.12
2177.0,-1.16
2178.0,-0.5200000000000007
2179.0,-1.9600000000000004
2180.0,-1.04
2181.0,-1.24
2182.0,-1.7600000000000002
2183.0,0.0399999999999997
2184.0,-1.200000000000001
2185.0,0.11999999999999977
2186.0,-3.4400000000000013
2187.0,-1.0
2188.0,-1.8800000000000003
2189.0,-1.08
2190.0,-1.52
2191.0,-1.16
2192.0,-1.04
2193.0,-1.9600000000000004
2194.0,-1.0
2195.0,-1.24
2196.0,0.07999999999999974
2197.0,-1.16
2198.0,-1.48
2199.0,-1.2
2200.0,-1.44
2201.0,-1.7600000000000002
2202.0,-1.08
2203.0,-1.4
2204.0,0.31999999999999995
2205.0,-1.08
2206.0,-1.12
2207.0,-2.2
2208.0,-1.3599999999999999
2209.0,-1.7200000000000002
2210.0,-1.28
2211.0,-1.0
2212.0,-1.12
2213.0,-1.04
2214.0,-1.4
2215.0,-1.3599999999999999
2216.0,-1.6
2217.0,0.2799999999999999
2218.0,-1.16
2219.0,-1.6400000000000001
2220.0,-0.04000000000000026
2221.0,-5.800000000000003
2222.0,-1.24
2223.0,-1.16
2224.0,-0.0800000000000003
2225.0,-1.24
2226.0,-1.44
2227.0,-1.28
2228.0,-1.48
2229.0,-1.3599999999999999
2230.0,-1.3599999999999999
2231.0,-1.8000000000000003
2232.0,-2.4000000000000004
2233.0,-1.28
2234.0,-0.48000000000000065
2235.0,-1.7200000000000002
2236.0,-2.2
2237.0,-1.6
2238.0,-1.44
2239.0,-1.32
2240.0,-0.0800000000000003
2241.0,-1.6000000000000014
2242.0,-2.2
2243.0,-1.7200000000000002
2244.0,-2.0
2245.0,-1.08
2246.0,-1.08
2247.0,-1.2
2248.0,-1.12
2249.0,-1.8000000000000003
2250.0,-1.4
2251.0,-0.7600000000000009
2252.0,-1.52
2253.0,-1.8800000000000003
2254.0,-1.32
2255.0,-1.12
2256.0,-1.0
2257.0,-1.4
2258.0,-1.24
2259.0,-1.7600000000000002
2260.0,-8.640000000000006
2261.0,-2.5200000000000005
2262.0,-1.0
2263.0,-1.6400000000000001
2264.0,-1.8400000000000003
2265.0,-0.920000000000001
2266.0,-0.9600000000000011
2267.0,-1.6400000000000001
2268.0,-0.6800000000000008
2269.0,-1.9600000000000004
2270.0,-1.04
2271.0,0.19999999999999984
2272.0,-1.08
2273.0,-1.24
2274.0,-1.32
2275.0,-3.6800000000000015
2276.0,-1.4
2277.0,-1.6400000000000001
2278.0,-1.52
2279.0,-1.16
2280.0,-1.48
2281.0,-2.0
2282.0,-1.9600000000000004
2283.0,-2.12
2284.0,-1.52
2285.0,0.23999999999999988
2286.0,-1.8000000000000003
2287.0,-1.32
2288.0,0.1599999999999998
2289.0,-1.12
2290.0,-1.04
2291.0,-1.12
2292.0,-1.2
2293.0,-2.04
2294.0,-2.04
2295.0,-1.12
2296.0,-1.6400000000000001
2297.0,-1.04
2298.0,-1.7200000000000002
2299.0,-1.4
2300.0,0.11999999999999977
2301.0,-1.3599999999999999
2302.0,-1.6400000000000001
2303.0,-0.8000000000000009
2304.0,-1.0
2305.0,-1.0
2306.0,-1.8000000000000003
2307.0,-1.8000000000000003
2308.0,-1.24
2309.0,-1.04
2310.0,-1.6800000000000002
2311.0,-1.4
2312.0,-0.0800000000000003
2313.0,-1.16
2314.0,-1.28
2315.0,-0.6800000000000008
2316.0,-1.8800000000000003
2317.0,-1.2
2318.0,-1.04
2319.0,-1.24
2320.0,-1.6400000000000001
2321.0,-1.0
2322.0,-1.4
2323.0,-8.000000000000005
2324.0,-1.0
2325.0,-1.32
2326.0,-1.48
2327.0,-2.6800000000000006
2328.0,-1.16
2329.0,-1.04
2330.0,-1.12
2331.0,-3.6400000000000015
2332.0,-3.7200000000000015
2333.0,-1.4
2334.0,-1.3599999999999999
2335.0,-2.0
2336.0,-1.4
2337.0,-2.04
2338.0,-1.12
2339.0,-1.28
2340.0,-0.0800000000000003
2341.0,-1.8000000000000003
2342.0,-1.04
2343.0,-1.12
2344.0,-1.04
2345.0,-1.2
2346.0,-1.8000000000000003
2347.0,-1.32
2348.0,-1.0
2349.0,-1.3599999999999999
2350.0,-1.16
2351.0,0.0399999999999997
2352.0,-1.6
2353.0,-1.4
2354.0,-1.2
2355.0,-1.12
2356.0,-1.16
2357.0,-2.3600000000000003
2358.0,-1.12
2359.0,-1.12
2360.0,-2.3200000000000003
2361.0,-3.9200000000000017
2362.0,-1.04
2363.0,-1.08
2364.0,-1.3599999999999999
2365.0,-1.32
2366.0,-1.52
2367.0,-1.6800000000000002
2368.0,-1.6400000000000001
2369.0,-0.48000000000000065
2370.0,-0.4000000000000006
2371.0,-1.8800000000000003
2372.0,-1.6800000000000002
2373.0,-5.040000000000003
2374.0,-0.840000000000001
2375.0,-1.9600000000000004
2376.0,-1.24
2377.0,0.0399999999999997
2378.0,0.11999999999999977
2379.0,-0.04000000000000026
2380.0,-1.32
2381.0,-1.12
2382.0,-0.04000000000000026
2383.0,-1.9600000000000004
2384.0,-1.08
2385.0,-1.12
2386.0,-0.24000000000000044
2387.0,-1.12
2388.0,-1.48
2389.0,-1.08
2390.0,-1.7600000000000002
2391.0,-1.16
2392.0,-1.08
2393.0,-1.2
2394.0,-1.44
2395.0,-1.32
2396.0,0.2799999999999999
2397.0,-1.28
2398.0,-3.8400000000000016
2399.0,-1.52
2400.0,-0.16000000000000036
2401.0,-1.12
2402.0,-1.6
2403.0,-6.600000000000004
2404.0,-0.6000000000000008
2405.0,-2.12
2406.0,-1.8000000000000003
2407.0,-0.16000000000000036
2408.0,-1.0
2409.0,-1.8400000000000003
2410.0,-1.24
2411.0,-1.48
2412.0,-1.12
2413.0,-1.08
2414.0,-1.9200000000000004
2415.0,-2.220446049250313e-16
2416.0,-0.920000000000001
2417.0,-1.3599999999999999
2418.0,-1.28
2419.0,-1.56
2420.0,-0.4000000000000006
2421.0,-1.0
2422.0,-1.32
2423.0,-1.12
2424.0,-1.16
2425.0,-2.6800000000000006
2426.0,-2.8400000000000007
2427.0,-1.9600000000000004
2428.0,0.11999999999999977
2429.0,-2.2
2430.0,-2.12
2431.0,-1.44
2432.0,-1.8400000000000003
2433.0,-1.8000000000000003
2434.0,-1.44
2435.0,-2.5200000000000005
2436.0,-1.4
2437.0,-1.24
2438.0,-1.9600000000000004
2439.0,-0.12000000000000033
2440.0,-1.16
2441.0,-1.28
2442.0,-2.880000000000001
2443.0,-1.2
2444.0,-1.44
2445.0,-1.04
2446.0,-1.44
2447.0,-1.04
2448.0,-1.12
2449.0,-1.44
2450.0,-1.28
2451.0,-2.9200000000000026
2452.0,-1.8800000000000003
2453.0,-2.0
2454.0,-0.6400000000000008
2455.0,0.19999999999999984
2456.0,-1.52
2457.0,-3.8400000000000016
2458.0,-2.6800000000000006
2459.0,-1.3599999999999999
2460.0,-3.320000000000001
2461.0,-2.08
2462.0,-1.08
2463.0,-1.6
2464.0,0.31999999999999995
2465.0,-1.08
2466.0,-1.6
2467.0,-1.08
2468.0,-1.08
2469.0,-1.12
2470.0,-1.52
2471.0,-1.6
2472.0,-1.08
2473.0,-1.0
2474.0,-1.12
2475.0,-1.08
2476.0,-1.16
2477.0,-1.9200000000000004
2478.0,-1.6
2479.0,-1.040000000000001
2480.0,-1.44
2481.0,-1.16
2482.0,-2.220446049250313e-16
2483.0,-3.000000000000001
2484.0,-0.48000000000000065
2485.0,-1.0
2486.0,-1.4
2487.0,-1.2
2488.0,-1.12
2489.0,-1.56
2490.0,0.23999999999999988
2491.0,-1.08
2492.0,-1.16
2493.0,-1.32
2494.0,-1.2
2495.0,-1.04
2496.0,-2.08
2497.0,-1.28
2498.0,-1.0
2499.0,-0.2000000000000004
2500.0,-1.04
2501.0,-1.08
2502.0,-1.6400000000000001
2503.0,-1.04
2504.0,-0.5600000000000007
2505.0,-1.6400000000000001
2506.0,-1.12
2507.0,-1.04
2508.0,-1.44
2509.0,-1.32
2510.0,-0.840000000000001
2511.0,-1.6400000000000001
2512.0,-2.4800000000000004
2513.0,-1.08
2514.0,-2.880000000000001
2515.0,-1.2
2516.0,-1.44
2517.0,-1.0
2518.0,-1.9200000000000004
2519.0,0.44000000000000006
2520.0,-1.16
2521.0,-1.24
2522.0,0.23999999999999988
2523.0,-1.04
2524.0,-1.7200000000000002
2525.0,-1.04
2526.0,-1.28
2527.0,-1.2
2528.0,-1.24
2529.0,-3.4400000000000013
2530.0,-1.08
2531.0,-1.44
2532.0,-1.12
2533.0,-1.08
2534.0,-1.0
2535.0,-1.52
2536.0,-1.32
2537.0,-1.5200000000000014
2538.0,-1.6
2539.0,-1.04
2540.0,0.36
2541.0,-2.0
2542.0,-1.48
2543.0,-1.12
2544.0,-1.04
2545.0,-1.0
2546.0,-1.0
2547.0,-1.7600000000000002
2548.0,-1.52
2549.0,-1.8800000000000003
2550.0,-1.9600000000000004
2551.0,-2.16
2552.0,-1.8800000000000003
2553.0,0.11999999999999977
2554.0,-1.2
2555.0,-1.08
2556.0,-1.3599999999999999
2557.0,-1.32
2558.0,-1.08
2559.0,-0.28000000000000047
2560.0,-1.3599999999999999
2561.0,-2.320000000000002
2562.0,-1.48
2563.0,-1.08
2564.0,-1.32
2565.0,-1.6400000000000001
2566.0,-1.0
2567.0,-2.4800000000000004
2568.0,-1.6400000000000001
2569.0,-1.6800000000000002
2570.0,-1.12
2571.0,-0.16000000000000036
2572.0,-1.6400000000000001
2573.0,-1.56
2574.0,-1.4
2575.0,-1.24
2576.0,-1.48
2577.0,-1.04
2578.0,-1.160000000000001
2579.0,-1.32
2580.0,-1.04
2581.0,-1.08
2582.0,0.0399999999999997
2583.0,-1.48
2584.0,-1.8000000000000003
2585.0,-1.08
2586.0,0.2799999999999999
2587.0,-1.12
2588.0,-1.2
2589.0,-1.12
2590.0,-0.48000000000000065
2591.0,-1.56
2592.0,-1.0
2593.0,-1.04
2594.0,-4.000000000000002
2595.0,-1.28
2596.0,-1.44
2597.0,-1.12
2598.0,-1.6800000000000002
2599.0,-1.6800000000000002
2600.0,-2.5200000000000005
2601.0,-1.52
2602.0,-1.0
2603.0,-2.960000000000001
2604.0,-2.7200000000000024
2605.0,-1.08
2606.0,-2.220446049250313e-16
2607.0,-1.16
2608.0,-1.7600000000000002
2609.0,-1.08
2610.0,-1.9200000000000004
2611.0,-1.08
2612.0,0.19999999999999984
2613.0,-1.28
2614.0,-1.24
2615.0,-8.000000000000005
2616.0,-1.16
2617.0,-1.16
2618.0,-0.12000000000000033
2619.0,-1.2
2620.0,-0.3200000000000005
2621.0,-1.56
2622.0,-1.7200000000000002
2623.0,-3.8800000000000017
2624.0,-0.28000000000000047
2625.0,0.36
2626.0,-1.0
2627.0,-1.16
2628.0,-1.16
2629.0,0.2799999999999999
2630.0,-3.560000000000003
2631.0,-0.4000000000000006
2632.0,-1.16
2633.0,-1.04
2634.0,-5.520000000000003
2635.0,-1.0
2636.0,-1.8400000000000003
2637.0,0.36
2638.0,-1.6800000000000002
2639.0,0.07999999999999974
2640.0,-2.0
2641.0,-1.7600000000000002
2642.0,-1.12
2643.0,-1.32
2644.0,-1.0
2645.0,-1.08
2646.0,-1.8800000000000003
2647.0,-1.28
2648.0,-1.16
2649.0,-4.280000000000002
2650.0,-2.12
2651.0,0.11999999999999977
2652.0,-1.04
2653.0,-0.9600000000000011
2654.0,0.1599999999999998
2655.0,-1.56
2656.0,-1.04
2657.0,-0.2000000000000004
2658.0,-5.400000000000003
2659.0,-1.08
2660.0,-1.52
2661.0,-1.0
2662.0,0.07999999999999974
2663.0,-1.28
2664.0,-1.04
2665.0,-1.2
2666.0,-0.4400000000000006
2667.0,-1.12
2668.0,-1.04
2669.0,-1.28
2670.0,-0.4000000000000006
2671.0,-1.16
2672.0,-1.52
2673.0,-1.08
2674.0,-1.6400000000000001
2675.0,-1.4
2676.0,-0.16000000000000036
2677.0,-1.56
2678.0,-1.12
2679.0,-0.28000000000000047
2680.0,-0.12000000000000033
2681.0,-1.44
2682.0,-1.6800000000000002
2683.0,-1.6400000000000001
2684.0,-1.2
2685.0,-1.24
2686.0,-3.320000000000001
2687.0,0.07999999999999974
2688.0,-1.32
2689.0,-1.08
2690.0,-1.24
2691.0,-1.0
2692.0,-0.7200000000000009
2693.0,-1.44
2694.0,-1.120000000000001
2695.0,-1.08
2696.0,-2.960000000000001
2697.0,-1.0
2698.0,-1.44
2699.0,-0.7600000000000009
2700.0,-1.08
2701.0,-1.28
2702.0,-1.0
2703.0,-1.8800000000000003
2704.0,-1.52
2705.0,-1.4
2706.0,-1.120000000000001
2707.0,-1.4
2708.0,-1.56
2709.0,-1.080000000000001
2710.0,-1.2
2711.0,-2.3200000000000003
2712.0,-2.6000000000000005
2713.0,-1.32
2714.0,-1.04
2715.0,-2.0
2716.0,-1.32
2717.0,-1.16
2718.0,-1.6
2719.0,-1.52
2720.0,-1.6
2721.0,-1.4
2722.0,-0.6800000000000008
2723.0,-1.48
2724.0,-1.6400000000000001
2725.0,0.1599999999999998
2726.0,-1.7200000000000015
2727.0,-1.44
2728.0,-1.16
2729.0,-1.7200000000000002
2730.0,-1.48
2731.0,-1.4
2732.0,-1.3599999999999999
2733.0,0.2799999999999999
2734.0,-1.0
2735.0,-1.2
2736.0,-1.28
2737.0,-2.3600000000000003
2738.0,-1.3599999999999999
2739.0,0.23999999999999988
2740.0,-1.6800000000000002
2741.0,-1.4
2742.0,-1.32
2743.0,-1.6400000000000001
2744.0,-3.5600000000000014
2745.0,-1.12
2746.0,-1.8000000000000003
2747.0,-1.4
2748.0,-1.32
2749.0,-1.48
2750.0,-1.08
2751.0,-1.04
2752.0,-2.04
2753.0,-1.44
2754.0,-1.44
2755.0,-1.3599999999999999
2756.0,-1.28
2757.0,-1.0
2758.0,-1.9200000000000004
2759.0,-1.2
2760.0,-1.8000000000000016
2761.0,-3.200000000000001
2762.0,-1.8800000000000003
2763.0,-1.16
2764.0,-1.12
2765.0,-1.24
2766.0,-1.04
2767.0,-1.04
2768.0,-1.48
2769.0,0.2799999999999999
2770.0,-2.2
2771.0,-1.52
2772.0,-1.08
2773.0,0.19999999999999984
2774.0,-1.28
2775.0,-1.04
2776.0,-1.32
2777.0,-1.0
2778.0,-1.6400000000000001
2779.0,-1.8400000000000003
2780.0,-4.920000000000003
2781.0,-0.0800000000000003
2782.0,-1.56
2783.0,-1.2
2784.0,-1.28
2785.0,-1.8800000000000003
2786.0,-1.44
2787.0,-1.3599999999999999
2788.0,-3.9600000000000017
2789.0,-1.04
2790.0,-1.08
2791.0,-1.04
2792.0,-5.440000000000003
2793.0,-1.08
2794.0,0.0399999999999997
2795.0,-1.08
2796.0,-1.24
2797.0,-2.8800000000000026
2798.0,0.07999999999999974
2799.0,-1.3599999999999999
2800.0,-1.6800000000000002
2801.0,-1.48
2802.0,-2.960000000000001
2803.0,-1.32
2804.0,-1.0
2805.0,-1.4
2806.0,-2.7600000000000007
2807.0,-1.12
2808.0,-1.0
2809.0,-1.0
2810.0,-1.12
2811.0,-1.2
2812.0,-1.28
2813.0,-1.32
2814.0,-1.24
2815.0,-1.28
2816.0,-1.6400000000000001
2817.0,-1.6400000000000001
2818.0,-1.4
2819.0,-1.04
2820.0,-4.680000000000004
2821.0,-0.3200000000000005
2822.0,-1.44
2823.0,-0.2000000000000004
2824.0,-1.16
2825.0,-1.6800000000000002
2826.0,-1.2
2827.0,-1.04
2828.0,-0.24000000000000044
2829.0,-1.16
2830.0,-1.6800000000000002
2831.0,-1.12
2832.0,-1.0
2833.0,-1.08
2834.0,-1.7200000000000002
2835.0,-2.24
2836.0,-1.44
2837.0,-1.16
2838.0,0.2799999999999999
2839.0,-3.040000000000001
2840.0,0.07999999999999974
2841.0,0.36
2842.0,-1.16
2843.0,-1.0
2844.0,-1.12
2845.0,-1.04
2846.0,-0.5200000000000007
2847.0,-1.08
2848.0,-1.08
2849.0,-1.7200000000000015
2850.0,-6.400000000000004
2851.0,-1.04
2852.0,-1.0
2853.0,-1.3599999999999999
2854.0,-4.560000000000002
2855.0,-1.9200000000000017
2856.0,-1.08
2857.0,-1.6400000000000001
2858.0,-0.7600000000000009
2859.0,-1.0
2860.0,0.19999999999999984
2861.0,-1.4
2862.0,-1.32
2863.0,-1.3599999999999999
2864.0,-0.0800000000000003
2865.0,-1.48
2866.0,-1.4
2867.0,-1.16
2868.0,-3.5600000000000014
2869.0,-1.6
2870.0,-1.08
2871.0,-1.08
2872.0,-1.44
2873.0,-1.04
2874.0,-1.52
2875.0,-2.5200000000000005
2876.0,-1.6
2877.0,-1.6400000000000001
2878.0,-0.28000000000000047
2879.0,-2.220446049250313e-16
2880.0,-5.600000000000005
2881.0,-1.16
2882.0,-1.9200000000000004
2883.0,-1.16
2884.0,-1.6400000000000001
2885.0,-0.28000000000000047
2886.0,-1.24
2887.0,-1.16
2888.0,-1.44
2889.0,-1.0
2890.0,-0.6000000000000008
2891.0,-1.12
2892.0,-1.16
2893.0,-1.16
2894.0,-1.9600000000000004
2895.0,-1.16
2896.0,-1.44
2897.0,-0.2000000000000004
2898.0,-3.000000000000001
2899.0,-1.32
2900.0,-1.28
2901.0,-1.08
2902.0,-1.28
2903.0,-1.8400000000000003
2904.0,-1.6800000000000002
2905.0,-1.04
2906.0,-1.4
2907.0,-1.4
2908.0,-5.720000000000003
2909.0,-1.24
2910.0,-1.3599999999999999
2911.0,-1.4
2912.0,-3.080000000000001
2913.0,-1.08
2914.0,-1.24
2915.0,-1.6
2916.0,-1.0
2917.0,-1.56
2918.0,-1.04
2919.0,-0.36000000000000054
2920.0,-2.6400000000000006
2921.0,-1.8000000000000003
2922.0,0.0399999999999997
2923.0,-1.32
2924.0,-5.200000000000003
2925.0,0.07999999999999974
2926.0,-1.8000000000000003
2927.0,-1.3599999999999999
2928.0,-1.32
2929.0,-1.4
2930.0,-3.000000000000001
2931.0,-3.6400000000000015
2932.0,-2.16
2933.0,-2.3600000000000003
2934.0,-1.08
2935.0,-1.2
2936.0,0.23999999999999988
2937.0,-1.3200000000000012
2938.0,-0.880000000000001
2939.0,-1.3599999999999999
2940.0,-1.56
2941.0,-1.2
2942.0,0.31999999999999995
2943.0,-1.24
2944.0,-1.3599999999999999
2945.0,-1.3599999999999999
2946.0,-1.32
2947.0,-1.08
2948.0,-1.6800000000000002
2949.0,-1.6
2950.0,-1.6800000000000002
2951.0,-7.600000000000005
2952.0,-1.040000000000001
2953.0,-1.6
2954.0,-1.12
2955.0,-1.7200000000000002
2956.0,-1.12
2957.0,-1.0
2958.0,-1.56
2959.0,-1.08
2960.0,-2.960000000000001
2961.0,-1.16
2962.0,-1.3599999999999999
2963.0,-1.24
2964.0,-1.0
2965.0,-1.48
2966.0,-2.16
2967.0,-1.9200000000000004
2968.0,-1.0
2969.0,-1.12
2970.0,-1.12
2971.0,-1.48
2972.0,-1.16
2973.0,-1.32
2974.0,-0.12000000000000033
2975.0,-1.6400000000000001
2976.0,-1.56
2977.0,-1.9200000000000004
2978.0,-1.32
2979.0,-0.4400000000000006
2980.0,-1.6
2981.0,-1.08
2982.0,-1.16
2983.0,-1.16
2984.0,-1.04
2985.0,-1.24
2986.0,-1.04
2987.0,-1.3599999999999999
2988.0,-1.04
2989.0,-0.5200000000000007
2990.0,-1.32
2991.0,-2.880000000000001
2992.0,-1.7600000000000002
2993.0,-1.44
2994.0,-1.3599999999999999
2995.0,-1.2
2996.0,-1.44
2997.0,-2.16
2998.0,-2.12
2999.0,-1.16
3000.0,-1.6800000000000015
3001.0,0.19999999999999984
3002.0,-1.04
3003.0,-0.12000000000000033
3004.0,-0.4400000000000006
3005.0,-1.0
3006.0,-1.8000000000000003
3007.0,-2.6000000000000005
3008.0,-1.0
3009.0,-1.6400000000000001
3010.0,-1.28
3011.0,-1.6800000000000002
3012.0,-6.720000000000004
3013.0,-1.16
3014.0,-1.2
3015.0,0.36
3016.0,0.11999999999999977
3017.0,-1.04
3018.0,-1.12
3019.0,-1.32
3020.0,0.1599999999999998
3021.0,-1.32
3022.0,-0.16000000000000036
3023.0,-2.4000000000000004
3024.0,-1.7600000000000002
3025.0,-1.08
3026.0,-1.08
3027.0,-1.0
3028.0,-1.4
3029.0,-1.44
3030.0,-2.16
3031.0,-1.6400000000000001
3032.0,-1.04
3033.0,-1.04
3034.0,-1.08
3035.0,-1.6400000000000001
3036.0,-1.8400000000000003
3037.0,-1.16
3038.0,-1.04
3039.0,-1.0
3040.0,-2.3600000000000003
3041.0,-1.52
3042.0,-1.04
3043.0,-1.8400000000000003
3044.0,-1.4
3045.0,-1.9200000000000004
3046.0,-1.12
3047.0,-4.080000000000002
3048.0,-1.16
3049.0,-1.9200000000000004
3050.0,-1.04
3051.0,-1.2
3052.0,-2.08
3053.0,-1.2
3054.0,-2.16
3055.0,-1.28
3056.0,-1.04
3057.0,-1.08
3058.0,-1.3599999999999999
3059.0,-1.8400000000000016
3060.0,-1.3599999999999999
3061.0,-3.160000000000001
3062.0,-1.08
3063.0,0.4
3064.0,-1.16
3065.0,-1.12
3066.0,-1.6
3067.0,-1.44
3068.0,-1.4
3069.0,-1.2
3070.0,-1.24
3071.0,-2.960000000000001
3072.0,-1.0
3073.0,-1.48
3074.0,-1.12
3075.0,0.2799999999999999
3076.0,-1.2
3077.0,-4.280000000000002
3078.0,-3.200000000000001
3079.0,-1.3599999999999999
3080.0,-1.08
3081.0,-1.0
3082.0,0.07999999999999974
3083.0,-1.12
3084.0,-1.32
3085.0,-1.16
3086.0,-1.08
3087.0,-1.32
3088.0,-1.0
3089.0,-1.8400000000000003
3090.0,-1.6
3091.0,-1.12
3092.0,-1.7600000000000002
3093.0,-0.920000000000001
3094.0,-1.2
3095.0,-1.6400000000000001
3096.0,-2.08
3097.0,-1.6800000000000002
3098.0,-1.0
3099.0,-1.04
3100.0,-0.28000000000000047
3101.0,-2.12
3102.0,-1.28
3103.0,-1.3599999999999999
3104.0,-1.6400000000000001
3105.0,-1.32
3106.0,-1.6
3107.0,-1.9600000000000004
3108.0,-1.0
3109.0,-1.16
3110.0,0.31999999999999995
3111.0,-1.6800000000000002
3112.0,-1.6000000000000014
3113.0,-2.3600000000000003
3114.0,-1.48
3115.0,-1.9200000000000004
3116.0,-1.6400000000000001
3117.0,-1.2
3118.0,-1.56
3119.0,-1.9600000000000004
3120.0,-1.48
3121.0,-1.12
3122.0,-1.3599999999999999
3123.0,-1.3599999999999999
3124.0,-2.12
3125.0,-1.0
3126.0,-3.280000000000001
3127.0,-1.4
3128.0,-1.4
3129.0,-1.28
3130.0,-2.8000000000000007
3131.0,0.23999999999999988
3132.0,-1.4400000000000013
3133.0,-1.32
3134.0,-1.12
3135.0,-4.040000000000002
3136.0,-1.56
3137.0,-1.12
3138.0,-1.04
3139.0,-1.6
3140.0,-1.04
3141.0,0.1599999999999998
3142.0,-1.0
3143.0,-2.5200000000000005
3144.0,-1.16
3145.0,-1.24
3146.0,-2.960000000000001
3147.0,-1.08
3148.0,-1.0
3149.0,-1.04
3150.0,-0.7200000000000009
3151.0,0.1599999999999998
3152.0,-1.12
3153.0,-1.6800000000000002
3154.0,-4.400000000000002
3155.0,-2.04
3156.0,-1.6800000000000002
3157.0,-0.16000000000000036
3158.0,-1.6
3159.0,-3.160000000000001
3160.0,-1.16
3161.0,-0.36000000000000054
3162.0,-0.0800000000000003
3163.0,-1.3599999999999999
3164.0,-1.16
3165.0,-1.56
3166.0,-1.12
3167.0,-1.4
3168.0,-1.12
3169.0,-2.04
3170.0,-1.6
3171.0,-1.08
3172.0,-1.48
3173.0,-1.16
3174.0,-1.8800000000000003
3175.0,-1.52
3176.0,-1.04
3177.0,-1.8800000000000003
3178.0,-3.8800000000000017
3179.0,-1.52
3180.0,-1.48
3181.0,-2.360000000000002
3182.0,-2.2
3183.0,-2.16
3184.0,-1.48
3185.0,-1.12
3186.0,-1.2
3187.0,-1.52
3188.0,-1.24
3189.0,-2.16
3190.0,-2.3200000000000003
3191.0,-1.0
3192.0,-0.28000000000000047
3193.0,-0.24000000000000044
3194.0,-1.12
3195.0,-1.04
3196.0,-1.6800000000000002
3197.0,-1.56
3198.0,-1.04
3199.0,-1.48
3200.0,-1.04
3201.0,-1.08
3202.0,-1.0
3203.0,-1.4
3204.0,-1.04
3205.0,-1.08
3206.0,-1.2
3207.0,-1.24
3208.0,-1.0
3209.0,-1.0
3210.0,-1.56
3211.0,-3.0400000000000027
3212.0,-1.16
3213.0,-1.2
3214.0,-0.24000000000000044
3215.0,-0.24000000000000044
3216.0,-1.44
3217.0,0.0399999999999997
3218.0,-1.16
3219.0,-1.6400000000000001
3220.0,-1.44
3221.0,-1.56
3222.0,-1.6400000000000001
3223.0,-1.0
3224.0,-1.04
3225.0,-1.08
3226.0,-1.44
3227.0,-1.04
3228.0,-1.04
3229.0,-1.4
3230.0,-1.48
3231.0,-1.12
3232.0,0.11999999999999977
3233.0,-1.0
3234.0,-1.7200000000000002
3235.0,-1.24
3236.0,-2.0
3237.0,-1.7200000000000002
3238.0,-1.04
3239.0,-1.16
3240.0,-2.220446049250313e-16
3241.0,-1.0
3242.0,-1.6400000000000001
3243.0,-1.32
3244.0,-1.6400000000000001
3245.0,-1.9600000000000004
3246.0,-1.24
3247.0,-2.12
3248.0,-4.880000000000003
3249.0,-1.8800000000000003
3250.0,-2.0
3251.0,-1.44
3252.0,-1.32
3253.0,-1.8800000000000003
3254.0,-1.24
3255.0,-1.08
3256.0,-1.4
3257.0,0.4
3258.0,-1.0
3259.0,-1.0
3260.0,-1.12
3261.0,-1.0
3262.0,-1.9600000000000004
3263.0,0.44000000000000006
3264.0,-1.52
3265.0,-1.56
3266.0,-1.04
3267.0,-1.2
3268.0,0.1599999999999998
3269.0,-1.04
3270.0,-1.08
3271.0,-1.4
3272.0,-2.4000000000000004
3273.0,-4.440000000000002
3274.0,-1.44
3275.0,-2.7600000000000025
3276.0,-1.0
3277.0,-0.8000000000000009
3278.0,-8.000000000000005
3279.0,-1.08
3280.0,-1.04
3281.0,-2.2
3282.0,-1.6400000000000001
3283.0,-1.6
3284.0,-1.6800000000000002
3285.0,-1.12
3286.0,-1.08
3287.0,-1.0
3288.0,-1.0
3289.0,-1.12
3290.0,-0.28000000000000047
3291.0,-1.56
3292.0,-1.24
3293.0,-1.04
3294.0,-1.4
3295.0,0.2799999999999999
3296.0,-1.12
3297.0,-1.48
3298.0,-1.16
3299.0,-0.2000000000000004
3300.0,-1.56
3301.0,-1.4
3302.0,-1.8000000000000003
3303.0,-1.28
3304.0,-1.4
3305.0,-1.24
3306.0,-1.56
3307.0,0.1599999999999998
3308.0,-1.56
3309.0,-1.6
3310.0,-1.52
3311.0,-1.3599999999999999
3312.0,-1.16
3313.0,-1.2
3314.0,0.31999999999999995
3315.0,-1.8000000000000003
3316.0,-1.16
3317.0,-1.44
3318.0,-1.0
3319.0,-1.3599999999999999
3320.0,-1.4
3321.0,-1.0
3322.0,-1.32
3323.0,-1.04
3324.0,-1.4
3325.0,-1.2
3326.0,-1.28
3327.0,-1.3599999999999999
3328.0,-6.800000000000004
3329.0,-1.32
3330.0,-3.240000000000001
3331.0,-0.04000000000000026
3332.0,-1.24
3333.0,-1.24
3334.0,-1.4
3335.0,-1.3599999999999999
3336.0,0.2799999999999999
3337.0,-1.2
3338.0,-0.36000000000000054
3339.0,-1.16
3340.0,-1.3599999999999999
3341.0,-1.24
3342.0,-1.28
3343.0,-1.8800000000000003
3344.0,-1.04
3345.0,-1.2
3346.0,0.1599999999999998
3347.0,-1.32
3348.0,-0.3200000000000005
3349.0,-1.52
3350.0,-1.44
3351.0,-0.0800000000000003
3352.0,-3.160000000000001
3353.0,-3.560000000000003
3354.0,-1.48
3355.0,-1.2
3356.0,-1.2
3357.0,-1.4
3358.0,-1.04
3359.0,-1.08
3360.0,-2.6000000000000005
3361.0,-1.08
3362.0,-1.04
3363.0,-1.0
3364.0,0.1599999999999998
3365.0,-1.0
3366.0,-1.08
3367.0,0.31999999999999995
3368.0,-1.8800000000000003
3369.0,-1.04
3370.0,-1.3599999999999999
3371.0,-1.12
3372.0,-1.04
3373.0,-1.0
3374.0,-1.8800000000000003
3375.0,-1.56
3376.0,-1.0
3377.0,-0.04000000000000026
3378.0,-1.6
3379.0,-1.3599999999999999
3380.0,-2.08
3381.0,-1.28
3382.0,-1.56
3383.0,-1.6
3384.0,-0.0800000000000003
3385.0,-4.080000000000002
3386.0,-1.6800000000000002
3387.0,-1.04
3388.0,-1.04
3389.0,-1.28
3390.0,-1.08
3391.0,-1.7200000000000002
3392.0,-2.2
3393.0,-1.48
3394.0,0.4
3395.0,-2.440000000000002
3396.0,-1.0
3397.0,-1.6
3398.0,-1.6
3399.0,-2.4800000000000004
3400.0,-1.0
3401.0,-1.32
3402.0,-1.2
3403.0,-1.56
3404.0,-1.16
3405.0,-1.0
3406.0,-1.32
3407.0,-0.7600000000000009
3408.0,-2.08
3409.0,-1.56
3410.0,-1.2
3411.0,-1.32
3412.0,-1.8400000000000003
3413.0,-1.32
3414.0,-1.48
3415.0,-0.12000000000000033
3416.0,-1.56
3417.0,-1.2
3418.0,-1.56
3419.0,-1.4
3420.0,-1.7200000000000002
3421.0,-4.320000000000004
3422.0,-7.320000000000005
3423.0,-1.2
3424.0,-1.44
3425.0,-1.04
3426.0,-1.0
3427.0,-1.24
3428.0,-1.28
3429.0,-0.920000000000001
3430.0,-1.48
3431.0,0.36
3432.0,-1.44
3433.0,-1.08
3434.0,-1.6800000000000002
3435.0,-2.220446049250313e-16
3436.0,-4.960000000000003
3437.0,-1.6800000000000002
3438.0,-1.08
3439.0,-2.2
3440.0,-1.12
3441.0,-1.0
3442.0,-1.24
3443.0,-1.04
3444.0,-0.7200000000000009
3445.0,-1.08
3446.0,-1.32
3447.0,-1.0
3448.0,-1.04
3449.0,-1.28
3450.0,-1.44
3451.0,-0.2000000000000004
3452.0,0.4
3453.0,-0.6400000000000008
3454.0,-1.8800000000000003
3455.0,-1.04
3456.0,-1.44
3457.0,0.11999999999999977
3458.0,-1.6800000000000002
3459.0,-1.12
3460.0,-1.2
3461.0,-1.08
3462.0,-1.4
3463.0,-1.32
3464.0,-0.04000000000000026
3465.0,-1.56
3466.0,-1.3599999999999999
3467.0,-1.28
3468.0,-1.2
3469.0,-1.16
3470.0,-1.2
3471.0,-1.28
3472.0,-1.040000000000001
3473.0,-1.32
3474.0,-1.3599999999999999
3475.0,-1.24
3476.0,-1.6400000000000001
3477.0,-1.04
3478.0,-1.2
3479.0,-0.16000000000000036
3480.0,-1.2
3481.0,-1.16
3482.0,-1.16
3483.0,-1.0
3484.0,-1.7200000000000002
3485.0,0.0399999999999997
3486.0,-1.6800000000000002
3487.0,0.31999999999999995
3488.0,-1.08
3489.0,-1.48
3490.0,0.31999999999999995
3491.0,-1.9200000000000004
3492.0,-1.2
3493.0,-4.440000000000002
3494.0,-3.360000000000001
3495.0,-1.28
3496.0,-1.28
3497.0,-6.240000000000004
3498.0,-1.24
3499.0,-0.3200000000000005
3500.0,-1.04
3501.0,0.44000000000000006
3502.0,-4.200000000000002
3503.0,-1.8000000000000016
3504.0,0.36
3505.0,-1.16
3506.0,-1.3599999999999999
3507.0,-1.28
3508.0,-1.12
3509.0,-1.16
3510.0,-1.04
3511.0,-1.32
3512.0,-1.28
3513.0,-1.12
3514.0,-0.0800000000000003
3515.0,0.11999999999999977
3516.0,-1.7200000000000002
3517.0,-1.28
3518.0,-1.32
3519.0,0.36
3520.0,0.07999999999999974
3521.0,-1.44
3522.0,-1.44
3523.0,-1.48
3524.0,0.07999999999999974
3525.0,-1.3599999999999999
3526.0,0.36
3527.0,-1.28
3528.0,-1.16
3529.0,-1.28
3530.0,-1.4
3531.0,-1.08
3532.0,-1.16
3533.0,-3.7600000000000016
3534.0,-1.04
3535.0,-1.28
3536.0,-1.8400000000000003
3537.0,-1.16
3538.0,0.4800000000000001
3539.0,-0.4000000000000006
3540.0,-1.2
3541.0,-1.4
3542.0,-1.16
3543.0,-3.120000000000001
3544.0,-1.0
3545.0,-7.0800000000000045
3546.0,-1.04
3547.0,-1.28
3548.0,-1.08
3549.0,-2.120000000000002
3550.0,-0.16000000000000036
3551.0,-1.04
3552.0,-1.12
3553.0,-1.08
3554.0,-1.56
3555.0,-1.5600000000000014
3556.0,-1.0
3557.0,-0.5600000000000007
3558.0,-1.12
3559.0,-1.6400000000000001
3560.0,-0.0800000000000003
3561.0,-1.2
3562.0,-1.7600000000000002
3563.0,-1.12
3564.0,-1.12
3565.0,-1.16
3566.0,-1.6
3567.0,-1.12
3568.0,-1.6
3569.0,-1.7200000000000002
3570.0,-1.56
3571.0,-1.0
3572.0,-2.8000000000000007
3573.0,-0.24000000000000044
3574.0,-1.08
3575.0,-1.16
3576.0,-3.5200000000000014
3577.0,-1.12
3578.0,-1.08
3579.0,-1.2
3580.0,-1.3599999999999999
3581.0,-1.24
3582.0,-1.44
3583.0,-1.28
3584.0,-1.16
3585.0,-1.6400000000000001
3586.0,-1.28
3587.0,-1.9600000000000004
3588.0,-1.16
3589.0,-1.24
3590.0,-1.0
3591.0,-1.44
3592.0,-1.0
3593.0,-1.7200000000000002
3594.0,-1.12
3595.0,-1.24
3596.0,-1.12
3597.0,-1.24
3598.0,-0.6800000000000008
3599.0,-1.56
3600.0,-1.6800000000000002
3601.0,-1.32
3602.0,-0.4000000000000006
3603.0,0.11999999999999977
3604.0,-1.32
3605.0,0.36
3606.0,-1.0
3607.0,-1.12
3608.0,-1.44
3609.0,-1.56
3610.0,-1.9600000000000004
3611.0,-1.12
3612.0,-1.08
3613.0,-1.3599999999999999
3614.0,0.11999999999999977
3615.0,-1.9600000000000004
3616.0,0.19999999999999984
3617.0,-1.2
3618.0,-1.24
3619.0,-2.3600000000000003
3620.0,-1.56
3621.0,-1.4
3622.0,-1.3599999999999999
3623.0,-1.0
3624.0,0.2799999999999999
3625.0,-1.4
3626.0,-1.56
3627.0,-1.52
3628.0,-1.3599999999999999
3629.0,-1.04
3630.0,-1.0
3631.0,-1.32
3632.0,-1.7200000000000002
3633.0,0.19999999999999984
3634.0,-1.8000000000000003
3635.0,-0.7600000000000009
3636.0,-1.08
3637.0,-1.48
3638.0,-1.0
3639.0,0.23999999999999988
3640.0,-1.6800000000000002
3641.0,-1.8400000000000003
3642.0,-1.0
3643.0,-1.12
3644.0,-0.04000000000000026
3645.0,0.4
3646.0,0.0399999999999997
3647.0,-3.240000000000001
3648.0,-1.8400000000000003
3649.0,-1.0
3650.0,0.36
3651.0,-1.24
3652.0,-1.48
3653.0,-1.0
3654.0,-1.48
3655.0,-1.24
3656.0,-1.04
3657.0,-1.08
3658.0,-1.04
3659.0,-1.08
3660.0,-1.16
3661.0,-1.8400000000000003
3662.0,0.36
3663.0,-1.16
3664.0,-1.32
3665.0,0.31999999999999995
3666.0,-1.44
3667.0,-1.04
3668.0,-1.08
3669.0,-1.5200000000000014
3670.0,-1.6800000000000002
3671.0,-1.12
3672.0,-1.6
3673.0,-1.4
3674.0,0.19999999999999984
3675.0,-2.2
3676.0,-1.16
3677.0,-1.0
3678.0,-6.840000000000004
3679.0,-1.0
3680.0,-1.9200000000000004
3681.0,-0.4400000000000006
3682.0,-1.52
3683.0,0.4
3684.0,-1.04
3685.0,-1.0
3686.0,0.23999999999999988
3687.0,-1.32
3688.0,-1.16
3689.0,-1.8400000000000003
3690.0,0.4
3691.0,-1.08
3692.0,0.23999999999999988
3693.0,-2.04
3694.0,0.44000000000000006
3695.0,-1.16
3696.0,-0.0800000000000003
3697.0,-1.16
3698.0,0.23999999999999988
3699.0,-1.0
3700.0,-1.3599999999999999
3701.0,-1.7200000000000002
3702.0,-1.6400000000000001
3703.0,-0.12000000000000033
3704.0,-1.28
3705.0,-1.4
3706.0,0.07999999999999974
3707.0,-1.44
3708.0,-1.24
3709.0,-1.56
3710.0,-1.12
3711.0,-1.44
3712.0,-1.8000000000000003
3713.0,-1.32
3714.0,-1.12
3715.0,-1.12
3716.0,-0.4400000000000006
3717.0,0.11999999999999977
3718.0,-1.32
3719.0,-1.24
3720.0,-1.0
3721.0,-0.5200000000000007
3722.0,-0.04000000000000026
3723.0,-1.7600000000000002
3724.0,-1.2
3725.0,-1.08
3726.0,-5.120000000000003
3727.0,-1.12
3728.0,-1.04
3729.0,-1.8000000000000003
3730.0,-1.08
3731.0,-1.08
3732.0,-1.04
3733.0,-0.36000000000000054
3734.0,-1.6
3735.0,-1.44
3736.0,-1.08
3737.0,0.07999999999999974
3738.0,-1.16
3739.0,0.4
3740.0,-1.4
3741.0,-2.08
3742.0,-0.2000000000000004
3743.0,-1.32
3744.0,-1.04
3745.0,-1.12
3746.0,0.0399999999999997
3747.0,-1.32
3748.0,-1.08
3749.0,-1.08
3750.0,0.4
3751.0,-1.16
3752.0,-1.52
3753.0,-8.000000000000005
3754.0,-0.24000000000000044
3755.0,-1.28
3756.0,-0.920000000000001
3757.0,-1.08
3758.0,-1.08
3759.0,-1.24
3760.0,-1.24
3761.0,-1.7600000000000002
3762.0,-1.7600000000000002
3763.0,-1.24
3764.0,-1.04
3765.0,-1.16
3766.0,-1.8800000000000003
3767.0,-1.2
3768.0,-1.04
3769.0,-1.2
3770.0,-1.6
3771.0,-1.04
3772.0,-1.0
3773.0,-2.3600000000000003
3774.0,-1.8800000000000003
3775.0,0.31999999999999995
3776.0,0.19999999999999984
3777.0,-1.32
3778.0,0.23999999999999988
3779.0,-2.08
3780.0,0.1599999999999998
3781.0,-1.12
3782.0,-1.8000000000000003
3783.0,-0.0800000000000003
3784.0,-2.24
3785.0,-1.0
3786.0,-2.08
3787.0,-1.28
3788.0,-1.0
3789.0,-1.48
3790.0,-1.16
3791.0,0.2799999999999999
3792.0,-1.3599999999999999
3793.0,-1.12
3794.0,-1.04
3795.0,-4.040000000000002
3796.0,0.11999999999999977
3797.0,-2.120000000000002
3798.0,-1.0
3799.0,-1.3599999999999999
3800.0,-1.52
3801.0,-8.760000000000005
3802.0,-1.2
3803.0,-0.3200000000000005
3804.0,-1.04
3805.0,-1.8400000000000003
3806.0,-1.6
3807.0,-4.600000000000002
3808.0,-1.48
3809.0,-1.08
3810.0,0.2799999999999999
3811.0,-1.04
3812.0,-1.04
3813.0,-1.44
3814.0,-1.16
3815.0,-1.8400000000000003
3816.0,-2.0
3817.0,-6.320000000000004
3818.0,-1.2
3819.0,-2.6400000000000006
3820.0,-1.24
3821.0,-1.0
3822.0,-1.04
3823.0,-1.8800000000000003
3824.0,-1.0
3825.0,-1.12
3826.0,-2.16
3827.0,-1.28
3828.0,-1.24
3829.0,-3.9200000000000035
3830.0,-2.04
3831.0,-1.2
3832.0,-1.3599999999999999
3833.0,-1.080000000000001
3834.0,-1.04
3835.0,-1.32
3836.0,-1.24
3837.0,-1.12
3838.0,-1.32
3839.0,-0.880000000000001
3840.0,-1.6400000000000015
3841.0,-2.08
3842.0,0.2799999999999999
3843.0,-1.28
3844.0,0.0399999999999997
3845.0,-1.44
3846.0,0.2799999999999999
3847.0,-1.0
3848.0,-2.320000000000002
3849.0,-1.6
3850.0,0.19999999999999984
3851.0,-2.6000000000000005
3852.0,-1.6800000000000002
3853.0,-1.12
3854.0,-1.3599999999999999
3855.0,-1.28
3856.0,-2.960000000000001
3857.0,-1.48
3858.0,-3.4000000000000012
3859.0,-1.44
3860.0,-3.240000000000001
3861.0,-1.0
3862.0,-1.04
3863.0,-1.08
3864.0,-1.4
3865.0,-1.9200000000000004
3866.0,-1.8800000000000003
3867.0,-1.24
3868.0,-1.9200000000000004
3869.0,-1.24
3870.0,-1.28
3871.0,-1.04
3872.0,-1.08
3873.0,-1.8000000000000003
3874.0,0.07999999999999974
3875.0,-0.840000000000001
3876.0,-1.56
3877.0,-0.4400000000000006
3878.0,-1.0
3879.0,-1.24
3880.0,-0.12000000000000033
3881.0,-1.7200000000000002
3882.0,-1.32
3883.0,-1.16
3884.0,-1.04
3885.0,-1.12
3886.0,-1.12
3887.0,0.2799999999999999
3888.0,-4.240000000000002
3889.0,-1.2
3890.0,-1.2
3891.0,-1.56
3892.0,0.2799999999999999
3893.0,-2.2800000000000002
3894.0,-1.7600000000000002
3895.0,-1.32
3896.0,-1.12
3897.0,-2.6800000000000006
3898.0,0.1599999999999998
3899.0,0.11999999999999977
3900.0,0.07999999999999974
3901.0,-8.000000000000005
3902.0,-1.04
3903.0,-8.000000000000005
3904.0,-1.12
3905.0,-1.8000000000000003
3906.0,-1.2
3907.0,-1.44
3908.0,0.1599999999999998
3909.0,-1.0
3910.0,-1.52
3911.0,-1.0
3912.0,-1.52
3913.0,-1.52
3914.0,-1.32
3915.0,-1.24
3916.0,0.36
3917.0,-1.28
3918.0,-1.24
3919.0,-8.000000000000005
3920.0,-1.16
3921.0,-1.4
3922.0,-1.08
3923.0,-1.04
3924.0,-0.920000000000001
3925.0,0.4
3926.0,-1.080000000000001
3927.0,-1.2
3928.0,-2.0
3929.0,-2.5200000000000005
3930.0,-1.08
3931.0,-1.44
3932.0,-1.08
3933.0,-1.52
3934.0,0.44000000000000006
3935.0,-1.04
3936.0,-1.08
3937.0,-1.32
3938.0,-0.16000000000000036
3939.0,-0.28000000000000047
3940.0,-1.52
3941.0,-1.16
3942.0,-1.2
3943.0,-1.08
3944.0,0.31999999999999995
3945.0,-1.48
3946.0,-1.32
3947.0,-1.24
3948.0,-1.28
3949.0,0.2799999999999999
3950.0,-0.4400000000000006
3951.0,-1.5200000000000014
3952.0,-1.6800000000000002
3953.0,-3.8400000000000016
3954.0,-1.0
3955.0,0.44000000000000006
3956.0,-1.12
3957.0,-1.44
3958.0,-1.6800000000000002
3959.0,-1.04
3960.0,-1.08
3961.0,-1.3599999999999999
3962.0,0.2799999999999999
3963.0,-2.12
3964.0,-1.28
3965.0,-1.56
3966.0,0.23999999999999988
3967.0,0.19999999999999984
3968.0,-2.220446049250313e-16
3969.0,0.11999999999999977
3970.0,-2.4800000000000004
3971.0,-1.48
3972.0,-1.6400000000000001
3973.0,-1.48
3974.0,-1.04
3975.0,-1.56
3976.0,-1.9200000000000004
3977.0,-1.12
3978.0,-1.0
3979.0,-1.2
3980.0,-1.08
3981.0,-1.52
3982.0,-2.0
3983.0,-1.6
3984.0,-1.4
3985.0,-1.6
3986.0,0.19999999999999984
3987.0,-1.04
3988.0,-2.08
3989.0,-1.6400000000000001
3990.0,-1.12
3991.0,-1.12
3992.0,-1.04
3993.0,-1.08
3994.0,-1.0
3995.0,-1.0
3996.0,-0.5200000000000007
3997.0,-1.48
3998.0,0.19999999999999984
3999.0,-1.16
4000.0,-1.04
4001.0,-1.12
4002.0,0.4800000000000001
4003.0,-1.56
4004.0,-1.6800000000000002
4005.0,-1.2
4006.0,-1.12
4007.0,-5.800000000000005
4008.0,-1.32
4009.0,-1.0
4010.0,-1.32
4011.0,-1.08
4012.0,0.1599999999999998
4013.0,-1.0
4014.0,0.2799999999999999
4015.0,-5.120000000000003
4016.0,-1.04
4017.0,-1.52
4018.0,-1.52
4019.0,-1.28
4020.0,-1.24
4021.0,-1.56
4022.0,0.0399999999999997
4023.0,-1.52
4024.0,-1.3599999999999999
4025.0,-1.2
4026.0,-1.28
4027.0,-2.5200000000000005
4028.0,0.1599999999999998
4029.0,-1.8000000000000003
4030.0,-1.0
4031.0,-1.4
4032.0,-6.400000000000004
4033.0,0.31999999999999995
4034.0,-1.48
4035.0,-1.44
4036.0,0.4
4037.0,-0.48000000000000065
4038.0,-3.6000000000000014
4039.0,-1.52
4040.0,-1.08
4041.0,-1.04
4042.0,0.4
4043.0,-1.12
4044.0,-1.32
4045.0,-1.9600000000000004
4046.0,-1.08
4047.0,-1.4
4048.0,-0.24000000000000044
4049.0,-4.480000000000002
4050.0,-3.0000000000000027
4051.0,-1.32
4052.0,-1.16
4053.0,-2.04
4054.0,-3.8400000000000016
4055.0,-0.16000000000000036
4056.0,-1.0
4057.0,0.4
4058.0,-1.2
4059.0,-1.24
4060.0,-1.04
4061.0,0.31999999999999995
4062.0,-1.04
4063.0,-1.0
4064.0,-1.08
4065.0,-1.44
4066.0,-1.2
4067.0,-1.3599999999999999
4068.0,-1.12
4069.0,-1.2
4070.0,-1.48
4071.0,-1.7600000000000002
4072.0,-1.24
4073.0,-1.16
4074.0,-1.0
4075.0,-0.3200000000000005
4076.0,-1.12
4077.0,-1.48
4078.0,-1.2
4079.0,0.31999999999999995
4080.0,-1.2
4081.0,-2.04
4082.0,-1.12
4083.0,-2.2
4084.0,-1.08
4085.0,-1.12
4086.0,-1.8400000000000003
4087.0,-1.2
4088.0,-1.2
4089.0,-2.320000000000002
4090.0,-1.3599999999999999
4091.0,-1.3599999999999999
4092.0,-1.4
4093.0,-1.9200000000000004
4094.0,-1.6
4095.0,-1.3599999999999999
4096.0,-0.8000000000000009
4097.0,-1.2
4098.0,-1.0
4099.0,-1.2
4100.0,-1.6
4101.0,-1.44
4102.0,-2.2
4103.0,-1.6
4104.0,-1.08
4105.0,-1.8000000000000003
4106.0,-1.48
4107.0,-1.9200000000000004
4108.0,-1.48
4109.0,-1.16
4110.0,0.23999999999999988
4111.0,-1.32
4112.0,-1.48
4113.0,-1.12
4114.0,-1.48
4115.0,-0.9600000000000011
4116.0,-1.7200000000000002
4117.0,-1.52
4118.0,-1.0
4119.0,0.07999999999999974
4120.0,-2.7600000000000007
4121.0,-1.04
4122.0,-1.4
4123.0,-1.6400000000000001
4124.0,-1.28
4125.0,0.36
4126.0,-1.04
4127.0,-1.28
4128.0,-1.0
4129.0,-2.6400000000000006
4130.0,-1.28
4131.0,-1.4
4132.0,-1.0
4133.0,0.36
4134.0,-1.08
4135.0,-0.6400000000000008
4136.0,-1.32
4137.0,-1.44
4138.0,-1.04
4139.0,-1.8000000000000003
4140.0,-1.2
4141.0,-1.16
4142.0,-1.12
4143.0,-1.0
4144.0,-3.400000000000003
4145.0,0.07999999999999974
4146.0,-1.7600000000000002
4147.0,0.31999999999999995
4148.0,-1.08
4149.0,-1.32
4150.0,-1.2
4151.0,0.23999999999999988
4152.0,-1.4
4153.0,-1.12
4154.0,-1.16
4155.0,-1.32
4156.0,-1.16
4157.0,-1.2
4158.0,-1.08
4159.0,-1.2
4160.0,-1.3599999999999999
4161.0,-1.48
4162.0,-1.08
4163.0,-1.08
4164.0,-1.16
4165.0,-1.08
4166.0,-1.0
4167.0,0.4
4168.0,-1.6800000000000002
4169.0,-1.0
4170.0,-1.08
4171.0,-1.44
4172.0,-4.040000000000002
4173.0,-3.7600000000000016
4174.0,-1.0
4175.0,-1.3599999999999999
4176.0,-1.12
4177.0,0.31999999999999995
4178.0,-1.0
4179.0,-1.16
4180.0,-2.220446049250313e-16
4181.0,-1.12
4182.0,-1.2
4183.0,-8.000000000000005
4184.0,-1.0
4185.0,-1.08
4186.0,-8.000000000000005
4187.0,-1.28
4188.0,-1.52
4189.0,-1.6800000000000002
4190.0,-1.24
4191.0,-0.840000000000001
4192.0,-1.08
4193.0,-8.000000000000005
4194.0,-2.5200000000000005
4195.0,-2.5200000000000022
4196.0,-1.08
4197.0,-1.4000000000000012
4198.0,-1.32
4199.0,-1.12
4200.0,-1.28
4201.0,0.4
4202.0,-1.0
4203.0,-1.04
4204.0,-1.12
4205.0,-2.220446049250313e-16
4206.0,-0.6000000000000008
4207.0,-1.16
4208.0,-1.28
4209.0,-2.16
4210.0,-2.16
4211.0,-1.44
4212.0,0.31999999999999995
4213.0,-1.04
4214.0,-1.0
4215.0,-1.04
4216.0,-1.0
4217.0,0.0399999999999997
4218.0,-0.3200000000000005
4219.0,-1.56
4220.0,-1.3599999999999999
4221.0,-1.2
4222.0,-1.6800000000000002
4223.0,-1.24
4224.0,-1.7200000000000002
4225.0,-1.04
4226.0,-1.040000000000001
4227.0,-1.9600000000000004
4228.0,-1.04
4229.0,-1.0000000000000009
4230.0,0.2799999999999999
4231.0,-1.24
4232.0,-1.6800000000000002
4233.0,-1.04
4234.0,-2.0000000000000018
4235.0,-1.44
4236.0,-1.16
4237.0,-3.6800000000000015
4238.0,-3.5600000000000014
4239.0,-1.12
4240.0,-1.8000000000000003
4241.0,-1.2
4242.0,-1.4
4243.0,-1.3599999999999999
4244.0,-1.08
4245.0,-1.2
4246.0,-1.0
4247.0,-1.08
4248.0,-2.24
4249.0,-0.48000000000000065
4250.0,-1.3599999999999999
4251.0,-1.0
4252.0,-1.9200000000000004
4253.0,-1.32
4254.0,-1.3599999999999999
4255.0,-1.32
4256.0,-0.2000000000000004
4257.0,0.4
4258.0,-1.04
4259.0,-1.0
4260.0,-0.4400000000000006
4261.0,-1.0
4262.0,0.4800000000000001
4263.0,-1.08
4264.0,-1.6
4265.0,-1.52
4266.0,0.23999999999999988
4267.0,-1.44
4268.0,-1.08
4269.0,-1.24
4270.0,-1.24
4271.0,-1.6400000000000001
4272.0,-1.52
4273.0,-2.360000000000002
4274.0,-6.480000000000004
4275.0,-1.08
4276.0,-1.08
4277.0,0.07999999999999974
4278.0,-2.7600000000000007
4279.0,-2.08
4280.0,-1.6
4281.0,-1.4800000000000013
4282.0,-1.04
4283.0,-1.6400000000000001
4284.0,-1.32
4285.0,-1.52
4286.0,-1.04
4287.0,-1.08
4288.0,-1.0
4289.0,-3.6400000000000015
4290.0,-1.44
4291.0,-1.08
4292.0,-2.4400000000000004
4293.0,-1.2
4294.0,-1.56
4295.0,-1.16
4296.0,-1.12
4297.0,-1.0
4298.0,-3.360000000000003
4299.0,0.07999999999999974
4300.0,-1.28
4301.0,-1.0
4302.0,-1.9200000000000017
4303.0,-1.4
4304.0,0.4
4305.0,-1.04
4306.0,-1.2
4307.0,0.4800000000000001
4308.0,-1.16
4309.0,-0.5200000000000007
4310.0,-4.280000000000002
4311.0,-1.4
4312.0,-1.0
4313.0,-1.52
4314.0,-1.3599999999999999
4315.0,-1.4
4316.0,-1.2
4317.0,-1.16
4318.0,-1.08
4319.0,-2.7200000000000006
4320.0,-1.0
4321.0,-1.160000000000001
4322.0,0.36
4323.0,-1.24
4324.0,-1.12
4325.0,-1.12
4326.0,-1.7600000000000002
4327.0,-1.08
4328.0,-1.0
4329.0,-0.36000000000000054
4330.0,-1.0
4331.0,-1.7200000000000002
4332.0,-1.48
4333.0,-1.0
4334.0,-1.3599999999999999
4335.0,-1.2
4336.0,-1.16
4337.0,-1.08
4338.0,-1.28
4339.0,-1.7600000000000002
4340.0,-0.04000000000000026
4341.0,-2.120000000000002
4342.0,-1.08
4343.0,-1.3599999999999999
4344.0,-1.16
4345.0,-1.2
4346.0,-1.0
4347.0,-1.16
4348.0,0.4
4349.0,-1.4
4350.0,-1.16
4351.0,-1.16
4352.0,0.36
4353.0,-1.2
4354.0,-1.28
4355.0,-1.28
4356.0,-1.4
4357.0,-2.2
4358.0,-1.16
4359.0,-1.16
4360.0,-2.7200000000000024
4361.0,-8.480000000000006
4362.0,-1.04
4363.0,-1.12
4364.0,-1.04
4365.0,-1.8000000000000003
4366.0,0.07999999999999974
4367.0,-1.04
4368.0,-1.3599999999999999
4369.0,-1.56
4370.0,-8.000000000000005
4371.0,-1.9200000000000004
4372.0,-0.24000000000000044
4373.0,-1.28
4374.0,-0.4400000000000006
4375.0,-1.08
4376.0,-1.6800000000000002
4377.0,-1.0
4378.0,-1.08
4379.0,-1.16
4380.0,-1.52
4381.0,-0.36000000000000054
4382.0,-1.4
4383.0,-1.28
4384.0,-1.28
4385.0,-1.04
4386.0,-1.3599999999999999
4387.0,-1.32
4388.0,-4.400000000000002
4389.0,0.1599999999999998
4390.0,-1.04
4391.0,0.4800000000000001
4392.0,-0.36000000000000054
4393.0,-1.08
4394.0,-1.12
4395.0,-1.44
4396.0,-1.9600000000000004
4397.0,-1.8000000000000003
4398.0,-1.08
4399.0,-1.4
4400.0,-1.04
4401.0,-1.04
4402.0,-1.12
4403.0,0.44000000000000006
4404.0,-1.32
4405.0,-1.0
4406.0,-1.28
4407.0,0.19999999999999984
4408.0,0.07999999999999974
4409.0,-1.04
4410.0,-1.24
4411.0,-1.44
4412.0,0.4
4413.0,-3.360000000000003
4414.0,-0.04000000000000026
4415.0,-1.56
4416.0,-1.32
4417.0,-1.0
4418.0,-1.04
4419.0,-1.0
4420.0,0.07999999999999974
4421.0,-1.48
4422.0,-1.2
4423.0,-0.0800000000000003
4424.0,-1.56
4425.0,-1.8400000000000003
4426.0,-1.24
4427.0,-1.28
4428.0,-1.56
4429.0,-1.4
4430.0,-2.4000000000000004
4431.0,-1.3600000000000012
4432.0,0.0399999999999997
4433.0,-1.04
4434.0,-0.12000000000000033
4435.0,-1.08
4436.0,0.11999999999999977
4437.0,-1.16
4438.0,-0.6800000000000008
4439.0,-1.16
4440.0,-1.9600000000000004
4441.0,-1.8000000000000003
4442.0,-1.3599999999999999
4443.0,-1.52
4444.0,-1.0
4445.0,-1.7200000000000002
4446.0,-2.3200000000000003
4447.0,-1.52
4448.0,-1.56
4449.0,-1.32
4450.0,-1.32
4451.0,-1.0
4452.0,-1.3599999999999999
4453.0,0.4
4454.0,-0.2000000000000004
4455.0,-1.56
4456.0,-2.16
4457.0,-1.24
4458.0,-1.32
4459.0,-1.08
4460.0,-1.04
4461.0,-5.160000000000003
4462.0,-1.4
4463.0,-1.28
4464.0,-1.12
4465.0,-1.28
4466.0,-2.960000000000001
4467.0,-1.3599999999999999
4468.0,-3.0400000000000027
4469.0,-1.12
4470.0,-1.04
4471.0,-1.6
4472.0,-1.2
4473.0,-8.000000000000005
4474.0,-3.560000000000003
4475.0,-1.9600000000000004
4476.0,-1.04
4477.0,-1.44
4478.0,-1.08
4479.0,-1.3599999999999999
4480.0,-1.08
4481.0,-1.0
4482.0,-0.12000000000000033
4483.0,-1.2
4484.0,-1.5200000000000014
4485.0,-1.56
4486.0,-1.48
4487.0,-1.08
4488.0,-1.6400000000000001
4489.0,-1.3599999999999999
4490.0,-1.0
4491.0,-1.080000000000001
4492.0,-1.08
4493.0,-0.2000000000000004
4494.0,-1.48
4495.0,-1.08
4496.0,-1.12
4497.0,-1.0
4498.0,-1.4800000000000013
4499.0,-1.0
4500.0,-3.280000000000001
4501.0,-1.7600000000000002
4502.0,-1.04
4503.0,-1.040000000000001
4504.0,-1.16
4505.0,-1.0
4506.0,-1.4
4507.0,-1.44
4508.0,-2.8800000000000026
4509.0,-1.16
4510.0,-1.04
4511.0,-1.32
4512.0,-1.4
4513.0,-2.8400000000000025
4514.0,-0.920000000000001
4515.0,0.23999999999999988
4516.0,-1.32
4517.0,-1.2
4518.0,-1.28
4519.0,0.23999999999999988
4520.0,-1.56
4521.0,0.36
4522.0,-3.7600000000000016
4523.0,-1.48
4524.0,-1.04
4525.0,-0.7600000000000009
4526.0,0.31999999999999995
4527.0,-1.16
4528.0,0.1599999999999998
4529.0,-1.08
4530.0,-1.44
4531.0,-1.04
4532.0,0.4800000000000001
4533.0,-1.0000000000000009
4534.0,-2.240000000000002
4535.0,-1.12
4536.0,-1.2
4537.0,-0.04000000000000026
4538.0,-1.8400000000000003
4539.0,-2.920000000000001
4540.0,-3.4800000000000013
4541.0,-4.960000000000004
4542.0,-8.000000000000005
4543.0,-1.48
4544.0,0.11999999999999977
4545.0,-1.56
4546.0,-1.6
4547.0,-3.000000000000001
4548.0,-1.16
4549.0,-1.04
4550.0,-1.6400000000000001
4551.0,-1.56
4552.0,-8.000000000000005
4553.0,-4.080000000000002
4554.0,-2.4400000000000004
4555.0,-1.3599999999999999
4556.0,-7.600000000000005
4557.0,0.1599999999999998
4558.0,-2.8400000000000007
4559.0,-1.28
4560.0,-1.12
4561.0,-1.12
4562.0,-1.52
4563.0,-0.7200000000000009
4564.0,-1.16
4565.0,0.07999999999999974
4566.0,-1.08
4567.0,-1.08
4568.0,-1.040000000000001
4569.0,-1.28
4570.0,-1.2
4571.0,-2.080000000000002
4572.0,-1.32
4573.0,0.23999999999999988
4574.0,-1.7600000000000002
4575.0,-1.0
4576.0,-1.0
4577.0,-1.32
4578.0,-1.16
4579.0,-1.44
4580.0,-1.6400000000000001
4581.0,-1.08
4582.0,-0.7200000000000009
4583.0,-0.6800000000000008
4584.0,-1.44
4585.0,-1.12
4586.0,-1.44
4587.0,-1.32
4588.0,-1.4
4589.0,-1.24
4590.0,-0.8000000000000009
4591.0,-0.0800000000000003
4592.0,-1.16
4593.0,-1.12
4594.0,-4.720000000000002
4595.0,-2.2
4596.0,-1.52
4597.0,-5.000000000000003
4598.0,-3.160000000000001
4599.0,-1.3599999999999999
4600.0,-1.4
4601.0,-1.28
4602.0,-1.3599999999999999
4603.0,0.2799999999999999
4604.0,-1.7600000000000002
4605.0,0.31999999999999995
4606.0,-2.240000000000002
4607.0,-1.3599999999999999
4608.0,-0.12000000000000033
4609.0,-1.04
4610.0,-2.3600000000000003
4611.0,0.4800000000000001
4612.0,-8.000000000000005
4613.0,-1.48
4614.0,-1.04
4615.0,0.44000000000000006
4616.0,-1.52
4617.0,-1.3599999999999999
4618.0,0.23999999999999988
4619.0,-1.6800000000000002
4620.0,-1.28
4621.0,-1.44
4622.0,-3.320000000000001
4623.0,-1.0
4624.0,-1.08
4625.0,-1.0
4626.0,-1.2
4627.0,-1.08
4628.0,-0.36000000000000054
4629.0,-1.08
4630.0,-1.0
4631.0,-1.04
4632.0,-1.2
4633.0,-1.7600000000000002
4634.0,-1.160000000000001
4635.0,-1.6
4636.0,-1.5600000000000014
4637.0,-1.0
4638.0,-1.2
4639.0,-5.280000000000005
4640.0,-1.3599999999999999
4641.0,-1.0
4642.0,-1.08
4643.0,-2.220446049250313e-16
4644.0,-1.6
4645.0,-1.08
4646.0,-1.0
4647.0,-1.56
4648.0,-1.4
4649.0,-1.16
4650.0,-1.56
4651.0,-1.04
4652.0,-2.6400000000000006
4653.0,-1.120000000000001
4654.0,0.31999999999999995
4655.0,-0.6800000000000008
4656.0,-1.12
4657.0,-1.6
4658.0,-1.08
4659.0,-1.0
4660.0,-1.4
4661.0,-1.12
4662.0,-1.28
4663.0,-1.16
4664.0,-1.3599999999999999
4665.0,-3.000000000000001
4666.0,-1.28
4667.0,-1.28
4668.0,0.4
4669.0,-2.2
4670.0,-1.16
4671.0,-1.56
4672.0,-1.28
4673.0,0.1599999999999998
4674.0,-0.840000000000001
4675.0,-1.4
4676.0,-1.0
4677.0,-1.28
4678.0,-1.24
4679.0,-1.16
4680.0,0.31999999999999995
4681.0,-1.16
4682.0,0.23999999999999988
4683.0,-8.000000000000005
4684.0,-2.0
4685.0,-1.0
4686.0,-1.28
4687.0,0.07999999999999974
4688.0,-1.04
4689.0,-1.44
4690.0,-1.2
4691.0,-3.8400000000000034
4692.0,-1.28
4693.0,-2.0
4694.0,-1.56
4695.0,0.36
4696.0,-1.12
4697.0,-1.08
4698.0,-1.04
4699.0,-1.12
4700.0,-1.32
4701.0,-0.8000000000000009
4702.0,-1.28
4703.0,0.4800000000000001
4704.0,-1.16
4705.0,-1.8800000000000003
4706.0,-1.04
4707.0,-1.08
4708.0,-2.24
4709.0,-1.0
4710.0,0.19999999999999984
4711.0,-1.2
4712.0,-1.12
4713.0,-1.0
4714.0,-1.2
4715.0,-1.04
4716.0,0.0399999999999997
4717.0,-1.08
4718.0,-1.48
4719.0,-1.44
4720.0,-1.7200000000000002
4721.0,-0.6800000000000008
4722.0,-1.08
4723.0,-1.3599999999999999
4724.0,-1.7200000000000002
4725.0,0.19999999999999984
4726.0,-1.44
4727.0,-1.04
4728.0,-1.0
4729.0,-1.2
4730.0,-1.6800000000000002
4731.0,-1.0
4732.0,-1.08
4733.0,-0.6000000000000008
4734.0,-1.0
4735.0,-1.08
4736.0,-1.12
4737.0,-1.2
4738.0,0.23999999999999988
4739.0,-1.08
4740.0,-1.52
4741.0,-1.52
4742.0,-2.04
4743.0,-1.160000000000001
4744.0,-1.28
4745.0,-1.4
4746.0,-8.000000000000005
4747.0,0.31999999999999995
4748.0,-8.000000000000005
4749.0,-1.4
4750.0,0.4
4751.0,0.0399999999999997
4752.0,-1.04
4753.0,-1.6
4754.0,-1.16
4755.0,0.19999999999999984
4756.0,-1.24
4757.0,-1.48
4758.0,-1.16
4759.0,-1.44
4760.0,-1.2800000000000011
4761.0,-1.08
4762.0,0.23999999999999988
4763.0,-1.0
4764.0,-1.7200000000000002
4765.0,-2.220446049250313e-16
4766.0,-1.3599999999999999
4767.0,-1.0
4768.0,-0.36000000000000054
4769.0,-1.04
4770.0,-1.04
4771.0,0.4800000000000001
4772.0,-8.000000000000005
4773.0,-1.8000000000000003
4774.0,-2.12
4775.0,-1.04
4776.0,-1.32
4777.0,-1.2
4778.0,-1.04
4779.0,-1.08
4780.0,0.4800000000000001
4781.0,-1.44
4782.0,-1.4
4783.0,-1.0
4784.0,-1.08
4785.0,0.1599999999999998
4786.0,0.31999999999999995
4787.0,-1.0
4788.0,-1.0
4789.0,0.4800000000000001
4790.0,-1.08
4791.0,0.19999999999999984
4792.0,-1.52
4793.0,-1.0
4794.0,-1.9200000000000004
4795.0,-1.0
4796.0,-1.0
4797.0,0.2799999999999999
4798.0,-1.0
4799.0,-1.24
4800.0,-1.0
4801.0,0.31999999999999995
4802.0,-1.0
4803.0,0.11999999999999977
4804.0,-1.28
4805.0,-1.0
4806.0,-1.12
4807.0,-1.44
4808.0,-1.44
4809.0,-1.16
4810.0,-1.6400000000000001
4811.0,-1.16
4812.0,0.2799999999999999
4813.0,-1.0
4814.0,-1.6
4815.0,0.2799999999999999
4816.0,-1.04
4817.0,-1.3599999999999999
4818.0,-1.4000000000000012
4819.0,-1.32
4820.0,0.31999999999999995
4821.0,-1.04
4822.0,-0.4400000000000006
4823.0,0.4
4824.0,-1.32
4825.0,-1.32
4826.0,-1.2800000000000011
4827.0,-1.7200000000000015
4828.0,-1.56
4829.0,0.4
4830.0,-1.12
4831.0,-1.04
4832.0,-1.16
4833.0,-1.12
4834.0,-0.4400000000000006
4835.0,-1.44
4836.0,-1.9200000000000017
4837.0,-1.04
4838.0,-8.000000000000005
4839.0,0.23999999999999988
4840.0,0.4800000000000001
4841.0,-1.0
4842.0,-1.48
4843.0,-1.04
4844.0,-3.6800000000000015
4845.0,-1.0
4846.0,0.31999999999999995
4847.0,-1.48
4848.0,0.31999999999999995
4849.0,-1.5200000000000014
4850.0,-1.08
4851.0,0.23999999999999988
4852.0,-3.360000000000003
4853.0,-1.04
4854.0,-2.7600000000000007
4855.0,-1.2
4856.0,-1.0
4857.0,-1.2
4858.0,-1.12
4859.0,-1.16
4860.0,-2.2800000000000002
4861.0,-1.04
4862.0,-1.6400000000000001
4863.0,-1.6400000000000001
4864.0,-1.44
4865.0,-1.24
4866.0,-2.6000000000000023
4867.0,-2.5200000000000005
4868.0,-1.24
4869.0,-4.400000000000002
4870.0,-0.7200000000000009
4871.0,-0.9600000000000011
4872.0,-1.12
4873.0,-8.080000000000005
4874.0,-1.24
4875.0,-1.4
4876.0,-1.0
4877.0,-1.32
4878.0,-1.0
4879.0,-1.6400000000000001
4880.0,-1.28
4881.0,-1.16
4882.0,-1.48
4883.0,0.19999999999999984
4884.0,-1.12
4885.0,-1.24
4886.0,-1.2
4887.0,-1.44
4888.0,-1.6800000000000002
4889.0,-1.08
4890.0,-1.6
4891.0,-1.24
4892.0,0.31999999999999995
4893.0,-1.16
4894.0,-1.04
4895.0,0.4
4896.0,-1.28
4897.0,-1.0
4898.0,-1.44
4899.0,0.4800000000000001
4900.0,-1.12
4901.0,-1.0
4902.0,-3.0800000000000027
4903.0,-1.56
4904.0,-1.16
4905.0,-1.04
4906.0,-1.48
4907.0,-1.0
4908.0,0.4800000000000001
4909.0,-2.320000000000002
4910.0,-1.56
4911.0,0.11999999999999977
4912.0,-1.04
4913.0,-2.220446049250313e-16
4914.0,-1.8800000000000003
4915.0,-3.4400000000000013
4916.0,-1.0
4917.0,-1.6
4918.0,-1.7200000000000002
4919.0,-0.0800000000000003
4920.0,-1.32
4921.0,-3.280000000000001
4922.0,-1.4
4923.0,-1.48
4924.0,-1.16
4925.0,-2.220446049250313e-16
4926.0,-1.16
4927.0,-1.08
4928.0,-1.04
4929.0,-1.8000000000000016
4930.0,-2.6000000000000005
4931.0,-1.08
4932.0,-1.12
4933.0,-1.0
4934.0,-1.0
4935.0,-1.28
4936.0,-4.640000000000002
4937.0,0.44000000000000006
4938.0,-1.7200000000000002
4939.0,-1.4
4940.0,0.1599999999999998
4941.0,0.36
4942.0,-1.08
4943.0,-1.0
4944.0,-2.4400000000000004
4945.0,-1.04
4946.0,-2.6800000000000006
4947.0,-1.08
4948.0,-1.32
4949.0,0.31999999999999995
4950.0,-1.3599999999999999
4951.0,-1.6400000000000001
4952.0,-2.08
4953.0,0.1599999999999998
4954.0,-1.4
4955.0,-1.0
4956.0,-0.48000000000000065
4957.0,-1.4
4958.0,-1.04
4959.0,-2.16
4960.0,0.4
4961.0,-1.6800000000000002
4962.0,0.23999999999999988
4963.0,-1.4
4964.0,-1.56
4965.0,-1.0
4966.0,-1.12
4967.0,-1.4
4968.0,0.1599999999999998
4969.0,-1.4
4970.0,-1.04
4971.0,-1.44
4972.0,-0.36000000000000054
4973.0,-1.9600000000000004
4974.0,-1.2
4975.0,0.1599999999999998
4976.0,0.2799999999999999
4977.0,0.2799999999999999
4978.0,-1.28
4979.0,-1.0
4980.0,-0.7200000000000009
4981.0,-1.6400000000000001
4982.0,-1.04
4983.0,-1.3200000000000012
4984.0,-1.24
4985.0,-1.48
4986.0,-1.32
4987.0,-1.3599999999999999
4988.0,-1.2
4989.0,-1.0
4990.0,-1.44
4991.0,-1.16
4992.0,-1.32
4993.0,-1.28
4994.0,-0.0800000000000003
4995.0,-1.16
4996.0,-1.12
4997.0,-3.0000000000000027
4998.0,-1.2
4999.0,-1.4
5000.0,-1.08
5001.0,-1.12
5002.0,-3.6800000000000015
5003.0,-1.2
5004.0,-1.12
5005.0,-1.24
5006.0,-2.220446049250313e-16
5007.0,-1.0
5008.0,-1.24
5009.0,-1.8800000000000003
5010.0,-1.7200000000000002
5011.0,-1.48
5012.0,-0.48000000000000065
5013.0,-1.3599999999999999
5014.0,0.23999999999999988
5015.0,-1.6
5016.0,-1.3599999999999999
5017.0,-1.08
5018.0,-1.0
5019.0,-1.4400000000000013
5020.0,-1.04
5021.0,-1.4
5022.0,-1.12
5023.0,-1.0
5024.0,-1.16
5025.0,-2.3200000000000003
5026.0,0.36
5027.0,-1.0
5028.0,-1.12
5029.0,-1.48
5030.0,-1.24
5031.0,-1.9200000000000004
5032.0,-1.24
5033.0,0.36
5034.0,-2.960000000000001
5035.0,-1.28
5036.0,0.07999999999999974
5037.0,-1.16
5038.0,-1.12
5039.0,-1.24
5040.0,-1.44
5041.0,-1.24
5042.0,-1.56
5043.0,-1.120000000000001
5044.0,-1.200000000000001
5045.0,-1.04
5046.0,-1.2
5047.0,-3.6400000000000015
5048.0,-1.16
5049.0,-1.7200000000000002
5050.0,-1.08
5051.0,-3.000000000000001
5052.0,-1.0
5053.0,-1.3599999999999999
5054.0,-0.3200000000000005
5055.0,-1.04
5056.0,-0.5200000000000007
5057.0,-1.16
5058.0,-1.04
5059.0,-1.16
5060.0,-1.04
5061.0,-1.52
5062.0,-1.04
5063.0,-1.04
5064.0,0.36
5065.0,-1.04
5066.0,-1.12
5067.0,-1.12
5068.0,-0.5600000000000007
5069.0,-3.320000000000001
5070.0,-1.08
5071.0,-1.0
5072.0,-1.12
5073.0,-1.0
5074.0,-1.0
5075.0,-1.4
5076.0,-3.040000000000001
5077.0,-1.04
5078.0,-1.24
5079.0,0.31999999999999995
5080.0,-2.24
5081.0,-1.12
5082.0,-1.3599999999999999
5083.0,-3.280000000000001
5084.0,0.36
5085.0,0.4
5086.0,-4.680000000000002
5087.0,-1.52
5088.0,-0.3200000000000005
5089.0,-1.48
5090.0,-1.6800000000000002
5091.0,-4.920000000000003
5092.0,-1.12
5093.0,-1.2
5094.0,-2.2
5095.0,-1.44
5096.0,-1.44
5097.0,0.1599999999999998
5098.0,0.11999999999999977
5099.0,-1.4
5100.0,-2.8400000000000025
5101.0,-1.0
5102.0,-1.0
5103.0,-3.360000000000001
5104.0,-1.5200000000000014
5105.0,0.1599999999999998
5106.0,0.4
5107.0,-1.12
5108.0,0.23999999999999988
5109.0,-1.6800000000000002
5110.0,-1.04
5111.0,-1.28
5112.0,-1.6400000000000015
5113.0,-1.0
5114.0,-2.220446049250313e-16
5115.0,0.4
5116.0,-1.12
5117.0,-2.12
5118.0,-1.0
5119.0,-1.4
5120.0,-1.08
5121.0,0.31999999999999995
5122.0,-1.7600000000000002
5123.0,-1.04
5124.0,0.36
5125.0,-1.12
5126.0,-0.12000000000000033
5127.0,-1.04
5128.0,-2.08
5129.0,-1.16
5130.0,-0.6800000000000008
5131.0,-1.12
5132.0,0.1599999999999998
5133.0,-1.24
5134.0,-1.4
5135.0,-1.08
5136.0,-1.04
5137.0,-1.44
5138.0,-2.5200000000000005
5139.0,-1.24
5140.0,-1.0
5141.0,-1.52
5142.0,0.19999999999999984
5143.0,-1.04
5144.0,-1.48
5145.0,0.23999999999999988
5146.0,0.4
5147.0,-1.6800000000000015
5148.0,-1.6
5149.0,0.0399999999999997
5150.0,-2.220446049250313e-16
5151.0,-1.4
5152.0,-1.24
5153.0,0.0399999999999997
5154.0,-1.0
5155.0,-1.28
5156.0,-1.04
5157.0,-1.3599999999999999
5158.0,-1.0
5159.0,-1.0
5160.0,-1.24
5161.0,-1.6400000000000001
5162.0,-1.28
5163.0,-1.2
5164.0,-1.3599999999999999
5165.0,-0.6000000000000008
5166.0,-1.16
5167.0,-1.44
5168.0,-1.16
5169.0,-1.12
5170.0,-1.12
5171.0,-1.6
5172.0,0.23999999999999988
5173.0,-1.6800000000000002
5174.0,-1.56
5175.0,-1.12
5176.0,-1.2
5177.0,-2.16
5178.0,-2.4000000000000004
5179.0,-1.6
5180.0,0.19999999999999984
5181.0,-1.08
5182.0,-1.32
5183.0,-1.16
5184.0,-1.08
5185.0,-1.12
5186.0,-1.12
5187.0,-1.08
5188.0,0.1599999999999998
5189.0,-1.04
5190.0,0.31999999999999995
5191.0,-1.08
5192.0,-1.3599999999999999
5193.0,-1.24
5194.0,-4.880000000000003
5195.0,-1.2
5196.0,0.2799999999999999
5197.0,-2.16
5198.0,-3.7200000000000015
5199.0,-2.08
5200.0,-1.12
5201.0,0.19999999999999984
5202.0,-1.6800000000000002
5203.0,0.31999999999999995
5204.0,0.23999999999999988
5205.0,-1.44
5206.0,-1.44
5207.0,-1.16
5208.0,-1.0
5209.0,-1.16
5210.0,-1.24
5211.0,-1.3599999999999999
5212.0,0.4
5213.0,-1.2
5214.0,-1.28
5215.0,-1.56
5216.0,-1.04
5217.0,0.23999999999999988
5218.0,-1.32
5219.0,-1.3599999999999999
5220.0,-1.240000000000001
5221.0,-8.000000000000005
5222.0,-1.08
5223.0,-2.5600000000000005
5224.0,-0.36000000000000054
5225.0,-1.16
5226.0,0.2799999999999999
5227.0,-8.000000000000005
5228.0,-3.8400000000000016
5229.0,0.4
5230.0,-1.08
5231.0,-1.0
5232.0,-1.9200000000000004
5233.0,0.07999999999999974
5234.0,-2.4800000000000004
5235.0,0.31999999999999995
5236.0,-1.24
5237.0,0.4800000000000001
5238.0,-1.16
5239.0,-1.08
5240.0,-0.28000000000000047
5241.0,-0.920000000000001
5242.0,-1.16
5243.0,-1.0
5244.0,-1.24
5245.0,-1.0
5246.0,-6.200000000000004
5247.0,-1.2
5248.0,-2.8000000000000007
5249.0,-0.36000000000000054
5250.0,-1.2
5251.0,-1.16
5252.0,-0.840000000000001
5253.0,-1.16
5254.0,0.31999999999999995
5255.0,-1.32
5256.0,-1.7200000000000002
5257.0,-1.24
5258.0,-1.04
5259.0,-1.04
5260.0,-1.0
5261.0,-1.44
5262.0,0.19999999999999984
5263.0,-1.9200000000000004
5264.0,-1.28
5265.0,-1.0
5266.0,-1.4
5267.0,-1.44
5268.0,-1.2
5269.0,-1.04
5270.0,-1.44
5271.0,-6.760000000000004
5272.0,0.31999999999999995
5273.0,0.31999999999999995
5274.0,0.36
5275.0,-1.12
5276.0,-1.28
5277.0,-1.3599999999999999
5278.0,-0.8000000000000009
5279.0,-3.200000000000003
5280.0,0.4
5281.0,-1.16
5282.0,-1.04
5283.0,-1.0
5284.0,-1.6800000000000002
5285.0,-1.16
5286.0,-1.2
5287.0,-1.04
5288.0,-1.4
5289.0,-2.4400000000000004
5290.0,-1.0
5291.0,-3.120000000000001
5292.0,-1.04
5293.0,-1.4
5294.0,-4.040000000000002
5295.0,-1.16
5296.0,-1.16
5297.0,-1.04
5298.0,-1.0
5299.0,-1.3599999999999999
5300.0,-1.16
5301.0,-1.08
5302.0,0.07999999999999974
5303.0,-1.44
5304.0,-1.6400000000000001
5305.0,0.4800000000000001
5306.0,-1.3599999999999999
5307.0,-1.48
5308.0,-1.12
5309.0,-1.32
5310.0,-1.28
5311.0,-1.0000000000000009
5312.0,-1.08
5313.0,-1.44
5314.0,-1.52
5315.0,-2.16
5316.0,-1.04
5317.0,-1.52
5318.0,-1.32
5319.0,-1.3599999999999999
5320.0,-5.480000000000003
5321.0,-2.3200000000000003
5322.0,-1.2
5323.0,-1.44
5324.0,-1.16
5325.0,-1.6
5326.0,-1.48
5327.0,-1.8000000000000003
5328.0,-1.08
5329.0,0.36
5330.0,0.11999999999999977
5331.0,-1.24
5332.0,-1.12
5333.0,-1.2
5334.0,-1.12
5335.0,-1.3599999999999999
5336.0,0.44000000000000006
5337.0,-1.12
5338.0,-3.6800000000000015
5339.0,-1.4
5340.0,0.36
5341.0,-1.3600000000000012
5342.0,0.4800000000000001
5343.0,-1.0
5344.0,0.31999999999999995
5345.0,0.4800000000000001
5346.0,-1.16
5347.0,0.4800000000000001
5348.0,-1.3599999999999999
5349.0,-1.0
5350.0,0.4
5351.0,-1.04
5352.0,-1.9200000000000004
5353.0,-1.6
5354.0,-2.2
5355.0,-0.12000000000000033
5356.0,0.19999999999999984
5357.0,-1.2
5358.0,-1.12
5359.0,0.07999999999999974
5360.0,-1.44
5361.0,-1.24
5362.0,-1.52
5363.0,-2.920000000000001
5364.0,-1.8400000000000003
5365.0,-1.08
5366.0,0.2799999999999999
5367.0,-1.3599999999999999
5368.0,-1.08
5369.0,-1.2
5370.0,-1.4
5371.0,-1.6
5372.0,-1.2
5373.0,-1.3599999999999999
5374.0,-1.32
5375.0,-2.920000000000001
5376.0,-1.12
5377.0,-1.3599999999999999
5378.0,0.0399999999999997
5379.0,-1.8000000000000003
5380.0,-3.7600000000000016
5381.0,-2.3200000000000003
5382.0,-1.2
5383.0,-1.3599999999999999
5384.0,-1.0
5385.0,0.31999999999999995
5386.0,-1.08
5387.0,-1.4
5388.0,-1.6
5389.0,-1.2
5390.0,-1.0
5391.0,-0.9600000000000011
5392.0,0.11999999999999977
5393.0,-1.04
5394.0,-1.8800000000000003
5395.0,-1.2
5396.0,-5.680000000000003
5397.0,-1.24
5398.0,-1.8000000000000003
5399.0,0.31999999999999995
5400.0,-1.44
5401.0,-1.2
5402.0,-1.0
5403.0,-1.04
5404.0,-1.24
5405.0,0.4
5406.0,-1.04
5407.0,-1.6800000000000002
5408.0,0.4
5409.0,-1.08
5410.0,-1.48
5411.0,-1.08
5412.0,-1.8400000000000003
5413.0,-1.4
5414.0,-1.32
5415.0,-1.6400000000000001
5416.0,-1.08
5417.0,-1.04
5418.0,-1.12
5419.0,-1.24
5420.0,-1.28
5421.0,-1.12
5422.0,-1.6
5423.0,-1.44
5424.0,-1.8000000000000003
5425.0,-1.4
5426.0,-1.12
5427.0,-1.120000000000001
5428.0,-2.2
5429.0,-0.6000000000000008
5430.0,-1.08
5431.0,-1.32
5432.0,-1.4
5433.0,-1.080000000000001
5434.0,-1.12
5435.0,-1.28
5436.0,-1.4
5437.0,-2.220446049250313e-16
5438.0,-1.04
5439.0,-1.28
5440.0,-1.08
5441.0,-1.24
5442.0,-1.2
5443.0,-1.28
5444.0,-1.0
5445.0,0.4800000000000001
5446.0,-1.24
5447.0,-1.28
5448.0,0.4800000000000001
5449.0,-1.04
5450.0,0.0399999999999997
5451.0,0.2799999999999999
5452.0,-1.12
5453.0,-1.8000000000000003
5454.0,-1.04
5455.0,-2.3200000000000003
5456.0,-1.2
5457.0,-1.4
5458.0,-1.04
5459.0,-1.24
5460.0,-1.08
5461.0,-1.28
5462.0,0.31999999999999995
5463.0,-1.0
5464.0,-3.000000000000001
5465.0,-1.6
5466.0,-1.12
5467.0,-1.16
5468.0,-1.16
5469.0,-1.04
5470.0,-1.32
5471.0,-1.44
5472.0,-1.32
5473.0,-2.0
5474.0,0.1599999999999998
5475.0,-1.28
5476.0,-1.0
5477.0,0.23999999999999988
5478.0,-1.2
5479.0,-1.24
5480.0,0.1599999999999998
5481.0,-1.12
5482.0,-1.16
5483.0,-1.08
5484.0,-1.24
5485.0,-1.12
5486.0,-2.3600000000000003
5487.0,-1.0
5488.0,-1.0
5489.0,-1.32
5490.0,-1.08
5491.0,-0.12000000000000033
5492.0,-1.08
5493.0,-1.3200000000000012
5494.0,-1.2
5495.0,-1.0
5496.0,-1.28
5497.0,-8.000000000000005
5498.0,-1.04
5499.0,-3.4000000000000012
5500.0,-1.0
5501.0,-1.2
5502.0,0.31999999999999995
5503.0,-1.04
5504.0,-1.3599999999999999
5505.0,-1.04
5506.0,-1.16
5507.0,-1.32
5508.0,-1.0
5509.0,-1.12
5510.0,-1.52
5511.0,-1.28
5512.0,-1.2
5513.0,0.1599999999999998
5514.0,-1.08
5515.0,-0.36000000000000054
5516.0,-0.12000000000000033
5517.0,-1.16
5518.0,-1.4
5519.0,-1.48
5520.0,-1.16
5521.0,-1.16
5522.0,-1.16
5523.0,0.4
5524.0,-1.0
5525.0,-1.6400000000000001
5526.0,0.31999999999999995
5527.0,-1.24
5528.0,-3.600000000000003
5529.0,-1.52
5530.0,-1.16
5531.0,-1.12
5532.0,-2.6400000000000006
5533.0,-1.12
5534.0,-0.920000000000001
5535.0,-1.08
5536.0,0.23999999999999988
5537.0,-2.3600000000000003
5538.0,-0.12000000000000033
5539.0,-2.6800000000000006
5540.0,-1.16
5541.0,-1.08
5542.0,-1.6
5543.0,-1.0
5544.0,-1.3599999999999999
5545.0,-1.08
5546.0,0.44000000000000006
5547.0,-1.48
5548.0,-1.6400000000000001
5549.0,-1.32
5550.0,-2.04
5551.0,-1.52
5552.0,-1.12
5553.0,-2.7600000000000025
5554.0,-1.0
5555.0,0.2799999999999999
5556.0,-1.48
5557.0,-1.04
5558.0,-1.16
5559.0,-1.28
5560.0,-1.52
5561.0,-1.16
5562.0,-1.08
5563.0,-1.08
5564.0,0.31999999999999995
5565.0,-1.16
5566.0,-1.08
5567.0,-0.4400000000000006
5568.0,-1.24
5569.0,-0.5200000000000007
5570.0,-1.32
5571.0,-8.160000000000005
5572.0,0.4
5573.0,-2.9600000000000026
5574.0,0.2799999999999999
5575.0,-1.2
5576.0,-1.04
5577.0,-1.4
5578.0,-1.2
5579.0,0.4
5580.0,-1.0
5581.0,-1.16
5582.0,-8.000000000000005
5583.0,-1.08
5584.0,-1.6800000000000002
5585.0,-3.280000000000003
5586.0,-1.32
5587.0,-1.44
5588.0,-1.52
5589.0,-1.24
5590.0,-1.28
5591.0,-0.8000000000000009
5592.0,-1.3599999999999999
5593.0,0.36
5594.0,-1.24
5595.0,-1.08
5596.0,-1.04
5597.0,-1.3599999999999999
5598.0,-1.3599999999999999
5599.0,-1.7200000000000002
5600.0,-1.24
5601.0,-1.52
5602.0,-1.0000000000000009
5603.0,-1.6
5604.0,-1.08
5605.0,0.4
5606.0,-1.0
5607.0,-4.120000000000002
5608.0,-1.08
5609.0,-1.24
5610.0,-1.0
5611.0,0.36
5612.0,-1.9200000000000017
5613.0,-1.6800000000000002
5614.0,-1.44
5615.0,-2.08
5616.0,-1.2
5617.0,-1.12
5618.0,-1.44
5619.0,-1.04
5620.0,-1.16
5621.0,-8.000000000000005
5622.0,-2.220446049250313e-16
5623.0,0.4
5624.0,-2.04
5625.0,-1.08
5626.0,-1.04
5627.0,-1.16
5628.0,-1.52
5629.0,-1.48
5630.0,-1.44
5631.0,-0.04000000000000026
5632.0,-2.4000000000000004
5633.0,-1.9200000000000004
5634.0,-1.08
5635.0,-1.4000000000000012
5636.0,-1.24
5637.0,-4.560000000000002
5638.0,-1.16
5639.0,-1.3599999999999999
5640.0,-1.24
5641.0,-1.12
5642.0,0.2799999999999999
5643.0,-1.24
5644.0,-1.6
5645.0,0.36
5646.0,-1.16
5647.0,0.11999999999999977
5648.0,-1.12
5649.0,-1.4
5650.0,-1.16
5651.0,-1.28
5652.0,-1.04
5653.0,-1.6400000000000001
5654.0,-1.0
5655.0,-1.0
5656.0,-1.08
5657.0,-0.28000000000000047
5658.0,-1.24
5659.0,-1.4
5660.0,-1.04
5661.0,-1.32
5662.0,-1.04
5663.0,-1.3599999999999999
5664.0,-1.8800000000000003
5665.0,-1.04
5666.0,0.23999999999999988
5667.0,-1.6400000000000001
5668.0,-1.44
5669.0,-1.08
5670.0,-0.24000000000000044
5671.0,-1.32
5672.0,-4.160000000000002
5673.0,-1.4
5674.0,-1.0
5675.0,-1.12
5676.0,0.23999999999999988
5677.0,-1.16
5678.0,-1.28
5679.0,-1.0
5680.0,-1.44
5681.0,-1.0
5682.0,0.19999999999999984
5683.0,-2.5600000000000005
5684.0,-1.8400000000000003
5685.0,-1.04
5686.0,-1.0
5687.0,-1.24
5688.0,-1.08
5689.0,0.36
5690.0,-1.2
5691.0,-1.08
5692.0,-1.3599999999999999
5693.0,-8.000000000000005
5694.0,-1.0
5695.0,-1.3599999999999999
5696.0,-1.0
5697.0,-1.04
5698.0,-3.000000000000001
5699.0,-1.2
5700.0,-1.08
5701.0,-1.2
5702.0,-1.24
5703.0,-1.16
5704.0,-1.04
5705.0,-1.24
5706.0,-1.12
5707.0,-4.240000000000002
5708.0,-1.04
5709.0,-1.3599999999999999
5710.0,-1.08
5711.0,-1.16
5712.0,-1.48
5713.0,-1.24
5714.0,-2.04
5715.0,-8.000000000000005
5716.0,-1.4
5717.0,-1.9200000000000004
5718.0,-1.52
5719.0,-1.2
5720.0,-1.12
5721.0,-0.7200000000000009
5722.0,-1.32
5723.0,-1.32
5724.0,0.44000000000000006
5725.0,-1.04
5726.0,-1.32
5727.0,-1.16
5728.0,-1.08
5729.0,-0.28000000000000047
5730.0,-1.44
5731.0,-1.32
5732.0,-1.08
5733.0,-1.08
5734.0,-1.04
5735.0,-0.3200000000000005
5736.0,-1.24
5737.0,0.44000000000000006
5738.0,-1.9600000000000004
5739.0,-2.440000000000002
5740.0,-1.24
5741.0,-1.5200000000000014
5742.0,0.4
5743.0,-1.6
5744.0,-1.0
5745.0,-1.24
5746.0,-1.0
5747.0,-1.08
5748.0,-1.24
5749.0,-1.0
5750.0,0.19999999999999984
5751.0,-1.52
5752.0,-1.0
5753.0,-1.16
5754.0,-1.7200000000000002
5755.0,0.19999999999999984
5756.0,-1.56
5757.0,0.4800000000000001
5758.0,-1.52
5759.0,0.07999999999999974
5760.0,-1.08
5761.0,-1.08
5762.0,-1.4
5763.0,-0.12000000000000033
5764.0,-1.4
5765.0,-1.04
5766.0,0.31999999999999995
5767.0,-1.0
5768.0,-3.040000000000001
5769.0,-2.12
5770.0,-1.12
5771.0,-1.24
5772.0,-1.08
5773.0,-1.240000000000001
5774.0,-1.04
5775.0,-1.2
5776.0,0.36
5777.0,-1.24
5778.0,-1.24
5779.0,-1.44
5780.0,-1.0
5781.0,-1.0
5782.0,0.4800000000000001
5783.0,-1.52
5784.0,-0.24000000000000044
5785.0,-1.0
5786.0,-1.24
5787.0,0.4
5788.0,-1.3599999999999999
5789.0,-0.12000000000000033
5790.0,0.4
5791.0,0.19999999999999984
5792.0,-1.04
5793.0,-1.08
5794.0,-1.28
5795.0,0.4
5796.0,-1.0
5797.0,0.36
5798.0,0.4
5799.0,-1.16
5800.0,-1.4
5801.0,-1.2
5802.0,-1.4
5803.0,-1.04
5804.0,-1.16
5805.0,-1.040000000000001
5806.0,-1.32
5807.0,-1.04
5808.0,-8.000000000000005
5809.0,0.44000000000000006
5810.0,-1.6800000000000002
5811.0,-1.32
5812.0,-1.32
5813.0,-0.9600000000000011
5814.0,-1.6
5815.0,0.44000000000000006
5816.0,-1.28
5817.0,-1.08
5818.0,-2.04
5819.0,-1.28
5820.0,-1.04
5821.0,-8.000000000000005
5822.0,-1.0
5823.0,0.2799999999999999
5824.0,0.4800000000000001
5825.0,-1.2
5826.0,-1.0
5827.0,-1.3599999999999999
5828.0,-1.0
5829.0,-1.4
5830.0,-1.7600000000000002
5831.0,-3.280000000000003
5832.0,-1.48
5833.0,-1.6400000000000001
5834.0,-1.08
5835.0,-1.4
5836.0,-1.6
5837.0,-1.8000000000000003
5838.0,-1.48
5839.0,0.4800000000000001
5840.0,-1.24
5841.0,-0.880000000000001
5842.0,-1.04
5843.0,-1.6400000000000001
5844.0,-2.9200000000000026
5845.0,-2.3600000000000003
5846.0,-1.08
5847.0,0.11999999999999977
5848.0,-0.24000000000000044
5849.0,-1.08
5850.0,-1.28
5851.0,-1.24
5852.0,-1.16
5853.0,0.31999999999999995
5854.0,-1.9600000000000004
5855.0,0.44000000000000006
5856.0,-1.16
5857.0,-2.4000000000000004
5858.0,-1.0
5859.0,-1.04
5860.0,0.4
5861.0,-1.7600000000000016
5862.0,0.11999999999999977
5863.0,-2.6800000000000006
5864.0,-1.0
5865.0,-1.56
5866.0,-1.24
5867.0,0.2799999999999999
5868.0,-1.08
5869.0,-3.7200000000000015
5870.0,0.11999999999999977
5871.0,-1.44
5872.0,-1.08
5873.0,-1.32
5874.0,0.31999999999999995
5875.0,-1.44
5876.0,-1.3599999999999999
5877.0,-1.24
5878.0,-1.08
5879.0,-1.12
5880.0,0.4
5881.0,-1.52
5882.0,0.4800000000000001
5883.0,-2.5600000000000005
5884.0,-1.04
5885.0,0.07999999999999974
5886.0,-1.24
5887.0,-1.0
5888.0,-1.0
5889.0,-1.32
5890.0,-1.44
5891.0,-1.16
5892.0,-2.7600000000000007
5893.0,0.4
5894.0,-1.6400000000000001
5895.0,-1.3599999999999999
5896.0,-1.16
5897.0,-1.0
5898.0,-1.6400000000000001
5899.0,0.31999999999999995
5900.0,-1.04
5901.0,0.4800000000000001
5902.0,-1.44
5903.0,-1.04
5904.0,-1.0
5905.0,-1.52
5906.0,-1.08
5907.0,-1.0
5908.0,0.4800000000000001
5909.0,-1.0
5910.0,-1.08
5911.0,-1.3200000000000012
5912.0,-1.0
5913.0,-1.48
5914.0,-1.12
5915.0,0.31999999999999995
5916.0,-1.0
5917.0,0.36
5918.0,-1.04
5919.0,-1.12
5920.0,-1.6400000000000001
5921.0,0.4800000000000001
5922.0,-1.08
5923.0,-1.24
5924.0,-1.4
5925.0,-1.0000000000000009
5926.0,0.2799999999999999
5927.0,0.4
5928.0,-1.04
5929.0,-1.6
5930.0,-0.6000000000000008
5931.0,-1.2
5932.0,0.4
5933.0,-1.32
5934.0,-2.4400000000000004
5935.0,0.31999999999999995
5936.0,0.2799999999999999
5937.0,-1.7600000000000002
5938.0,-1.16
5939.0,-1.0
5940.0,-1.12
5941.0,0.4
5942.0,-1.48
5943.0,-1.16
5944.0,-1.04
5945.0,-1.6400000000000001
5946.0,-1.28
5947.0,0.4800000000000001
5948.0,-2.2800000000000002
5949.0,-1.3599999999999999
5950.0,-1.0
5951.0,-1.6400000000000001
5952.0,-2.220446049250313e-16
5953.0,-1.0
5954.0,-1.3599999999999999
5955.0,0.36
5956.0,-1.2
5957.0,-1.44
5958.0,-1.08
5959.0,-1.12
5960.0,-1.16
5961.0,-2.04
5962.0,0.4800000000000001
5963.0,-1.0
5964.0,-1.7600000000000002
5965.0,0.36
5966.0,-1.8000000000000003
5967.0,-1.0
5968.0,-1.04
5969.0,-1.2
5970.0,-1.0
5971.0,-2.16
5972.0,-1.16
5973.0,-1.52
5974.0,-1.7200000000000015
5975.0,-1.0
5976.0,-1.0
5977.0,0.0399999999999997
5978.0,0.4800000000000001
5979.0,-1.6000000000000014
5980.0,-1.32
5981.0,-1.2
5982.0,-1.44
5983.0,-1.7600000000000002
5984.0,-1.28
5985.0,-1.16
5986.0,-1.6
5987.0,-1.16
5988.0,-1.2
5989.0,0.23999999999999988
5990.0,-1.12
5991.0,-1.4
5992.0,-1.12
5993.0,-1.16
5994.0,-1.32
5995.0,-1.8400000000000003
5996.0,-1.120000000000001
5997.0,0.44000000000000006
5998.0,-1.08
5999.0,-1.12
6000.0,-1.6
6001.0,-5.240000000000003
6002.0,-1.2
6003.0,0.4
6004.0,-1.08
6005.0,0.31999999999999995
6006.0,-1.04
6007.0,-1.6400000000000001
6008.0,-1.2
6009.0,-1.7200000000000002
6010.0,-1.16
6011.0,-1.04
6012.0,-1.0
6013.0,-2.12
6014.0,-8.000000000000005
6015.0,-1.08
6016.0,-1.8000000000000003
6017.0,-1.8000000000000016
6018.0,-1.0
6019.0,0.4
6020.0,-1.6800000000000002
6021.0,0.07999999999999974
6022.0,-2.0
6023.0,-1.16
6024.0,-1.16
6025.0,-1.44
6026.0,-1.08
6027.0,-1.52
6028.0,-1.4
6029.0,-1.16
6030.0,-1.6800000000000002
6031.0,-0.36000000000000054
6032.0,0.4
6033.0,-1.04
6034.0,-0.2000000000000004
6035.0,-8.000000000000005
6036.0,-1.44
6037.0,0.23999999999999988
6038.0,-2.12
6039.0,0.4800000000000001
6040.0,-1.0
6041.0,-1.0
6042.0,0.31999999999999995
6043.0,-1.0
6044.0,-0.04000000000000026
6045.0,0.2799999999999999
6046.0,-1.12
6047.0,0.31999999999999995
6048.0,-1.8800000000000003
6049.0,-1.04
6050.0,-7.320000000000005
6051.0,-1.4
6052.0,0.23999999999999988
6053.0,-1.04
6054.0,-1.0
6055.0,-1.2
6056.0,-1.9600000000000004
6057.0,-8.000000000000005
6058.0,-1.0
6059.0,-0.3200000000000005
6060.0,-1.04
6061.0,-1.24
6062.0,-1.56
6063.0,0.1599999999999998
6064.0,-1.24
6065.0,-1.32
6066.0,0.44000000000000006
6067.0,-1.04
6068.0,-2.12
6069.0,-1.3599999999999999
6070.0,-1.12
6071.0,-1.4
6072.0,-1.3599999999999999
6073.0,-1.16
6074.0,-1.0
6075.0,-1.12
6076.0,-3.4800000000000013
6077.0,-1.3599999999999999
6078.0,-1.24
6079.0,-1.08
6080.0,-1.4
6081.0,-2.08
6082.0,-1.12
6083.0,-1.24
6084.0,-1.7200000000000002
6085.0,0.4
6086.0,-1.08
6087.0,-1.04
6088.0,0.0399999999999997
6089.0,-1.24
6090.0,-1.16
6091.0,-1.24
6092.0,-1.28
6093.0,-1.04
6094.0,-1.0
6095.0,0.4
6096.0,-1.48
6097.0,-1.12
6098.0,-1.0
6099.0,-1.28
6100.0,0.36
6101.0,-1.48
6102.0,0.07999999999999974
6103.0,-1.04
6104.0,-1.04
6105.0,-1.32
6106.0,-1.56
6107.0,-6.400000000000004
6108.0,-1.04
6109.0,-1.16
6110.0,-0.5200000000000007
6111.0,-1.4
6112.0,-1.2
6113.0,-1.08
6114.0,-1.28
6115.0,-1.2
6116.0,-0.7200000000000009
6117.0,0.4
6118.0,-1.28
6119.0,-0.2000000000000004
6120.0,-1.32
6121.0,-2.4400000000000004
6122.0,0.31999999999999995
6123.0,-1.04
6124.0,-1.08
6125.0,-1.24
6126.0,-1.6400000000000001
6127.0,0.19999999999999984
6128.0,-1.04
6129.0,-0.4400000000000006
6130.0,-1.8800000000000003
6131.0,-1.2
6132.0,-2.5600000000000005
6133.0,-1.04
6134.0,-4.560000000000004
6135.0,-1.24
6136.0,0.4800000000000001
6137.0,-1.08
6138.0,0.1599999999999998
6139.0,0.44000000000000006
6140.0,-1.12
6141.0,-1.24
6142.0,-1.2
6143.0,-1.0
6144.0,-1.32
6145.0,-1.4
6146.0,-1.24
6147.0,-1.3599999999999999
6148.0,-1.44
6149.0,-1.32
6150.0,-1.16
6151.0,0.19999999999999984
6152.0,-1.32
6153.0,-1.08
6154.0,-1.0
6155.0,-8.000000000000005
6156.0,-1.0
6157.0,-1.0
6158.0,-1.0
6159.0,-1.08
6160.0,-1.24
6161.0,-1.0
6162.0,-1.6
6163.0,-1.0
6164.0,-3.4800000000000013
6165.0,-1.32
6166.0,-1.04
6167.0,-0.2000000000000004
6168.0,-1.12
6169.0,-1.0
6170.0,-1.16
6171.0,-1.04
6172.0,-1.3599999999999999
6173.0,-8.000000000000005
6174.0,0.44000000000000006
6175.0,-1.16
6176.0,-1.24
6177.0,-1.6
6178.0,-0.04000000000000026
6179.0,-1.2
6180.0,-1.6
6181.0,-1.12
6182.0,0.36
6183.0,-5.800000000000005
6184.0,0.44000000000000006
6185.0,-4.440000000000002
6186.0,-1.16
6187.0,-1.08
6188.0,-1.0
6189.0,-1.16
6190.0,-1.28
6191.0,-6.160000000000004
6192.0,-3.120000000000001
6193.0,-1.12
6194.0,0.44000000000000006
6195.0,-1.04
6196.0,0.23999999999999988
6197.0,-1.3599999999999999
6198.0,-1.04
6199.0,-1.0
6200.0,-1.16
6201.0,-1.04
6202.0,0.1599999999999998
6203.0,-1.04
6204.0,-0.8000000000000009
6205.0,-1.12
6206.0,-1.24
6207.0,-1.04
6208.0,-1.32
6209.0,-1.52
6210.0,-1.08
6211.0,-1.52
6212.0,-1.2
6213.0,-1.52
6214.0,-3.1200000000000028
6215.0,-1.4
6216.0,-1.08
6217.0,-1.0
6218.0,-1.8000000000000016
6219.0,0.4
6220.0,-8.000000000000005
6221.0,0.23999999999999988
6222.0,-1.2
6223.0,-1.08
6224.0,0.11999999999999977
6225.0,-1.04
6226.0,-1.2
6227.0,-5.9600000000000035
6228.0,-1.0
6229.0,-1.28
6230.0,-1.6400000000000001
6231.0,-3.7600000000000016
6232.0,0.4
6233.0,-1.6
6234.0,-1.48
6235.0,-1.2
6236.0,-3.5200000000000014
6237.0,0.31999999999999995
6238.0,-0.8000000000000009
6239.0,-3.6800000000000033
6240.0,-1.28
6241.0,-0.920000000000001
6242.0,-1.04
6243.0,-1.08
6244.0,-1.8400000000000016
6245.0,-1.48
6246.0,-1.28
6247.0,0.4800000000000001
6248.0,-1.08
6249.0,-1.12
6250.0,-1.08
6251.0,0.4800000000000001
6252.0,-1.04
6253.0,0.36
6254.0,-1.08
6255.0,-2.5600000000000005
6256.0,-1.32
6257.0,-1.08
6258.0,-1.2
6259.0,-1.52
6260.0,-0.3200000000000005
6261.0,-1.28
6262.0,-1.52
6263.0,-3.4800000000000013
6264.0,-1.52
6265.0,-1.08
6266.0,-1.120000000000001
6267.0,-0.16000000000000036
6268.0,-1.52
6269.0,-1.0
6270.0,0.4
6271.0,-1.04
6272.0,-1.08
6273.0,-1.24
6274.0,-1.7200000000000002
6275.0,-2.2800000000000002
6276.0,-1.28
6277.0,-1.24
6278.0,0.36
6279.0,-1.44
6280.0,-2.6000000000000005
6281.0,0.31999999999999995
6282.0,-1.0
6283.0,-1.9200000000000004
6284.0,0.31999999999999995
6285.0,-1.0
6286.0,-1.04
6287.0,0.4
6288.0,-1.3599999999999999
6289.0,-1.24
6290.0,0.4800000000000001
6291.0,-1.12
6292.0,-1.8400000000000003
6293.0,-1.3599999999999999
6294.0,0.36
6295.0,-1.52
6296.0,-0.840000000000001
6297.0,-2.220446049250313e-16
6298.0,-1.32
6299.0,-1.2
6300.0,-1.04
6301.0,-8.000000000000005
6302.0,0.4800000000000001
6303.0,-1.12
6304.0,0.31999999999999995
6305.0,-1.28
6306.0,-7.360000000000005
6307.0,-1.08
6308.0,0.4
6309.0,-1.04
6310.0,-1.12
6311.0,0.4
6312.0,-1.0
6313.0,-1.04
6314.0,-1.48
6315.0,-1.0
6316.0,-1.52
6317.0,-2.7200000000000006
6318.0,-3.7600000000000016
6319.0,-2.12
6320.0,-3.6000000000000014
6321.0,-1.0
6322.0,-1.16
6323.0,-1.04
6324.0,-2.5600000000000005
6325.0,-1.12
6326.0,0.4
6327.0,-1.0
6328.0,-1.04
6329.0,-0.3200000000000005
6330.0,-1.2
6331.0,-1.08
6332.0,-1.52
6333.0,-1.04
6334.0,-0.16000000000000036
6335.0,-1.3599999999999999
6336.0,0.1599999999999998
6337.0,-1.48
6338.0,-1.4
6339.0,-0.7600000000000009
6340.0,0.4
6341.0,-1.0
6342.0,-1.7600000000000002
6343.0,0.4
6344.0,-1.4
6345.0,-1.08
6346.0,-1.0
6347.0,0.4
6348.0,-1.28
6349.0,0.31999999999999995
6350.0,-1.16
6351.0,-1.24
6352.0,-1.44
6353.0,-1.16
6354.0,-1.2
6355.0,-1.56
6356.0,-1.04
6357.0,0.31999999999999995
6358.0,-1.48
6359.0,-1.2
6360.0,-0.12000000000000033
6361.0,-1.48
6362.0,-1.48
6363.0,-1.0
6364.0,0.4800000000000001
6365.0,-3.080000000000001
6366.0,-0.48000000000000065
6367.0,-1.9600000000000004
6368.0,-1.24
6369.0,-0.04000000000000026
6370.0,-1.48
6371.0,-1.9200000000000004
6372.0,-5.960000000000005
6373.0,-1.12
6374.0,-1.2
6375.0,-1.32
6376.0,-2.6000000000000005
6377.0,0.4800000000000001
6378.0,-1.0
6379.0,-1.52
6380.0,-0.28000000000000047
6381.0,0.31999999999999995
6382.0,-2.8000000000000007
6383.0,-1.4
6384.0,-1.16
6385.0,-2.6800000000000006
6386.0,-1.24
6387.0,-2.080000000000002
6388.0,-1.7600000000000002
6389.0,-1.3599999999999999
6390.0,-1.24
6391.0,-1.9600000000000004
6392.0,-1.12
6393.0,-1.28
6394.0,-1.0
6395.0,0.4
6396.0,-1.0
6397.0,0.44000000000000006
6398.0,0.4
6399.0,-1.12
6400.0,0.4
6401.0,-1.24
6402.0,-0.12000000000000033
6403.0,-1.08
6404.0,-1.0
6405.0,-4.120000000000004
6406.0,-1.16
6407.0,-1.8400000000000003
6408.0,-0.24000000000000044
6409.0,-0.04000000000000026
6410.0,-1.28
6411.0,-1.32
6412.0,-1.2
6413.0,-1.04
6414.0,-1.32
6415.0,-8.160000000000005
6416.0,-1.2
6417.0,-1.52
6418.0,-1.12
6419.0,0.44000000000000006
6420.0,0.31999999999999995
6421.0,-1.0
6422.0,0.36
6423.0,-1.0
6424.0,-1.32
6425.0,-1.4
6426.0,-5.160000000000005
6427.0,-1.32
6428.0,-1.44
6429.0,-1.16
6430.0,-1.08
6431.0,-1.6
6432.0,-1.16
6433.0,0.4800000000000001
6434.0,-7.360000000000005
6435.0,0.19999999999999984
6436.0,-1.0
6437.0,-1.12
6438.0,-1.04
6439.0,-3.0000000000000027
6440.0,-1.3599999999999999
6441.0,-2.8000000000000007
6442.0,-1.16
6443.0,-1.48
6444.0,0.23999999999999988
6445.0,0.1599999999999998
6446.0,-1.08
6447.0,-1.08
6448.0,-1.08
6449.0,-2.6800000000000024
6450.0,-1.24
6451.0,-1.0
6452.0,-1.12
6453.0,-0.2000000000000004
6454.0,-0.28000000000000047
6455.0,-1.32
6456.0,-0.04000000000000026
6457.0,-1.2
6458.0,-8.000000000000005
6459.0,-8.000000000000005
6460.0,-1.48
6461.0,-1.3599999999999999
6462.0,0.4800000000000001
6463.0,-1.4
6464.0,-1.08
6465.0,-1.52
6466.0,-6.280000000000006
6467.0,-1.04
6468.0,-1.4
6469.0,-1.4
6470.0,-1.12
6471.0,-1.0
6472.0,-1.08
6473.0,-1.24
6474.0,-1.0
6475.0,-1.48
6476.0,-1.04
6477.0,-1.16
6478.0,0.23999999999999988
6479.0,-1.0
6480.0,-1.0000000000000009
6481.0,-1.0
6482.0,0.4
6483.0,0.31999999999999995
6484.0,-1.32
6485.0,-1.16
6486.0,0.31999999999999995
6487.0,-1.48
6488.0,0.44000000000000006
6489.0,-1.28
6490.0,0.23999999999999988
6491.0,-1.08
6492.0,0.0399999999999997
6493.0,-1.0
6494.0,0.0399999999999997
6495.0,-1.3599999999999999
6496.0,-1.08
6497.0,-1.12
6498.0,-1.2
6499.0,-1.44
6500.0,-3.9600000000000017
6501.0,-1.04
6502.0,-1.32
6503.0,-1.32
6504.0,-1.28
6505.0,-2.6800000000000024
6506.0,-1.2
6507.0,-1.28
6508.0,-1.08
6509.0,-1.52
6510.0,-1.2
6511.0,-1.48
6512.0,-1.52
6513.0,-1.32
6514.0,-1.7600000000000002
6515.0,-1.44
6516.0,-1.2
6517.0,-1.16
6518.0,-1.16
6519.0,-0.5600000000000007
6520.0,0.2799999999999999
6521.0,-1.32
6522.0,-1.12
6523.0,-1.24
6524.0,-1.0
6525.0,-1.28
6526.0,-1.32
6527.0,-1.16
6528.0,-0.0800000000000003
6529.0,-1.52
6530.0,-1.32
6531.0,-1.3599999999999999
6532.0,0.4800000000000001
6533.0,-1.24
6534.0,-8.000000000000005
6535.0,-1.08
6536.0,-1.04
6537.0,-1.8400000000000003
6538.0,0.4
6539.0,-1.3599999999999999
6540.0,-1.9200000000000004
6541.0,-1.08
6542.0,-1.24
6543.0,-0.880000000000001
6544.0,-1.240000000000001
6545.0,-1.32
6546.0,-1.3599999999999999
6547.0,-3.240000000000003
6548.0,-1.16
6549.0,-1.16
6550.0,0.11999999999999977
6551.0,-1.44
6552.0,-1.08
6553.0,-1.08
6554.0,-2.7600000000000007
6555.0,0.1599999999999998
6556.0,-1.04
6557.0,-1.28
6558.0,-2.4000000000000004
6559.0,-1.3599999999999999
6560.0,-4.280000000000002
6561.0,-1.9600000000000017
6562.0,-1.4800000000000013
6563.0,-1.44
6564.0,-1.0
6565.0,0.2799999999999999
6566.0,-1.04
6567.0,-1.16
6568.0,-1.08
6569.0,-1.2
6570.0,-1.08
6571.0,-1.16
6572.0,-1.200000000000001
6573.0,-1.4
6574.0,0.2799999999999999
6575.0,0.23999999999999988
6576.0,-1.4400000000000013
6577.0,-0.0800000000000003
6578.0,-1.6
6579.0,0.4
6580.0,-1.4
6581.0,-3.0800000000000027
6582.0,-1.08
6583.0,-1.0
6584.0,-1.28
6585.0,-1.0
6586.0,0.07999999999999974
6587.0,-1.44
6588.0,0.4
6589.0,0.31999999999999995
6590.0,-1.08
6591.0,-1.4
6592.0,-1.7600000000000002
6593.0,-2.08
6594.0,-1.3599999999999999
6595.0,-1.0
6596.0,0.4
6597.0,-0.3200000000000005
6598.0,-1.32
6599.0,-1.16
6600.0,0.44000000000000006
6601.0,-1.08
6602.0,-1.08
6603.0,-1.3599999999999999
6604.0,-1.12
6605.0,-1.8000000000000003
6606.0,-1.3599999999999999
6607.0,0.4800000000000001
6608.0,-1.4
6609.0,-1.48
6610.0,-1.2800000000000011
6611.0,-1.2
6612.0,-1.24
6613.0,-1.44
6614.0,-1.48
6615.0,-3.120000000000001
6616.0,-2.8800000000000026
6617.0,-2.7200000000000006
6618.0,0.1599999999999998
6619.0,-1.12
6620.0,-1.6400000000000001
6621.0,-1.6800000000000002
6622.0,-1.28
6623.0,0.2799999999999999
6624.0,-1.4
6625.0,-1.28
6626.0,-1.48
6627.0,-1.2
6628.0,0.2799999999999999
6629.0,-3.1200000000000028
6630.0,-1.04
6631.0,-1.16
6632.0,-1.56
6633.0,-1.24
6634.0,-1.0
6635.0,-2.2
6636.0,-0.2000000000000004
6637.0,-1.4
6638.0,-1.3599999999999999
6639.0,-5.960000000000005
6640.0,-1.12
6641.0,-1.4
6642.0,-1.6
6643.0,-1.16
6644.0,0.31999999999999995
6645.0,-1.52
6646.0,-1.4
6647.0,0.2799999999999999
6648.0,-1.16
6649.0,-1.28
6650.0,-1.3599999999999999
6651.0,-1.24
6652.0,-1.24
6653.0,0.31999999999999995
6654.0,-1.08
6655.0,-1.08
6656.0,-1.4
6657.0,0.4
6658.0,-1.8800000000000003
6659.0,-1.0
6660.0,-1.3599999999999999
6661.0,0.31999999999999995
6662.0,-8.000000000000005
6663.0,-1.0
6664.0,-1.4
6665.0,-1.0
6666.0,-3.200000000000003
6667.0,-2.12
6668.0,-1.44
6669.0,-0.0800000000000003
6670.0,-1.0
6671.0,-1.24
6672.0,-1.08
6673.0,-0.2000000000000004
6674.0,-1.44
6675.0,-1.04
6676.0,-1.24
6677.0,-1.16
6678.0,-1.56
6679.0,-1.12
6680.0,0.44000000000000006
6681.0,-1.0000000000000009
6682.0,-1.12
6683.0,0.4800000000000001
6684.0,-1.6400000000000001
6685.0,0.2799999999999999
6686.0,0.1599999999999998
6687.0,-1.6400000000000001
6688.0,-1.28
6689.0,-1.4
6690.0,-2.6400000000000006
6691.0,-2.3200000000000003
6692.0,-0.28000000000000047
6693.0,0.11999999999999977
6694.0,-1.16
6695.0,0.07999999999999974
6696.0,0.36
6697.0,0.4800000000000001
6698.0,0.44000000000000006
6699.0,-1.48
6700.0,-8.000000000000005
6701.0,-0.6000000000000008
6702.0,-1.2
6703.0,-1.0
6704.0,-8.520000000000007
6705.0,-1.9600000000000004
6706.0,0.2799999999999999
6707.0,-1.8000000000000003
6708.0,-1.48
6709.0,-0.04000000000000026
6710.0,-1.08
6711.0,-1.16
6712.0,-4.040000000000002
6713.0,-1.04
6714.0,-1.48
6715.0,-1.48
6716.0,-1.12
6717.0,-1.0
6718.0,-1.56
6719.0,-1.2
6720.0,-1.0
6721.0,0.1599999999999998
6722.0,-1.2
6723.0,-1.12
6724.0,-1.04
6725.0,-1.3599999999999999
6726.0,-4.840000000000004
6727.0,0.1599999999999998
6728.0,-1.08
6729.0,-1.04
6730.0,-1.48
6731.0,-1.16
6732.0,0.31999999999999995
6733.0,-1.48
6734.0,-2.24
6735.0,-1.6000000000000014
6736.0,-1.04
6737.0,-1.3599999999999999
6738.0,-1.44
6739.0,-1.04
6740.0,0.4
6741.0,-1.28
6742.0,-1.0
6743.0,-1.6800000000000002
6744.0,0.11999999999999977
6745.0,-1.24
6746.0,-1.16
6747.0,-1.08
6748.0,-1.32
6749.0,-1.52
6750.0,-1.3600000000000012
6751.0,-1.44
6752.0,0.44000000000000006
6753.0,0.19999999999999984
6754.0,-1.16
6755.0,0.4800000000000001
6756.0,-1.24
6757.0,-1.52
6758.0,-1.28
6759.0,-1.12
6760.0,0.0399999999999997
6761.0,-1.7200000000000002
6762.0,-0.8000000000000009
6763.0,0.2799999999999999
6764.0,-1.9600000000000004
6765.0,0.4800000000000001
6766.0,-1.04
6767.0,-0.16000000000000036
6768.0,-1.6400000000000001
6769.0,-1.08
6770.0,-1.56
6771.0,-1.04
6772.0,-1.48
6773.0,-1.12
6774.0,0.19999999999999984
6775.0,0.31999999999999995
6776.0,-1.04
6777.0,-1.04
6778.0,-1.2
6779.0,-1.48
6780.0,-1.6400000000000001
6781.0,-1.32
6782.0,-5.320000000000005
6783.0,-1.28
6784.0,-2.960000000000001
6785.0,-1.28
6786.0,-1.0
6787.0,-1.48
6788.0,-1.28
6789.0,0.4800000000000001
6790.0,-1.2
6791.0,-1.16
6792.0,-4.640000000000002
6793.0,-4.120000000000004
6794.0,-0.4000000000000006
6795.0,-1.16
6796.0,0.23999999999999988
6797.0,-1.08
6798.0,-1.04
6799.0,-1.4
6800.0,-1.08
6801.0,-1.04
6802.0,-1.0
6803.0,-1.04
6804.0,-1.3599999999999999
6805.0,-1.12
6806.0,-1.52
6807.0,-1.16
6808.0,-1.04
6809.0,0.4800000000000001
6810.0,-1.2
6811.0,-1.28
6812.0,-6.040000000000004
6813.0,-0.920000000000001
6814.0,-1.3599999999999999
6815.0,-1.28
6816.0,0.4
6817.0,-1.8800000000000003
6818.0,-2.160000000000002
6819.0,-1.0
6820.0,-1.04
6821.0,-1.08
6822.0,-4.0000000000000036
6823.0,-1.200000000000001
6824.0,-5.9200000000000035
6825.0,0.31999999999999995
6826.0,-1.32
6827.0,-1.04
6828.0,-1.12
6829.0,-0.2000000000000004
6830.0,-2.9600000000000026
6831.0,0.4
6832.0,-1.3599999999999999
6833.0,-1.7200000000000002
6834.0,-1.08
6835.0,-2.3600000000000003
6836.0,0.4
6837.0,0.44000000000000006
6838.0,-1.24
6839.0,0.4800000000000001
6840.0,-1.48
6841.0,-1.16
6842.0,0.4800000000000001
6843.0,-1.32
6844.0,-1.12
6845.0,-1.16
6846.0,-1.0
6847.0,-1.6400000000000001
6848.0,-1.2
6849.0,-1.48
6850.0,-1.08
6851.0,0.19999999999999984
6852.0,-1.4
6853.0,-0.2000000000000004
6854.0,-1.0
6855.0,0.4800000000000001
6856.0,-2.6400000000000023
6857.0,-1.7600000000000002
6858.0,-1.24
6859.0,-1.24
6860.0,-1.0
6861.0,-2.0
6862.0,-8.000000000000005
6863.0,0.4
6864.0,0.4
6865.0,0.44000000000000006
6866.0,-1.08
6867.0,-1.4
6868.0,-1.4
6869.0,0.4800000000000001
6870.0,-2.4400000000000004
6871.0,0.4
6872.0,-1.12
6873.0,-1.32
6874.0,0.23999999999999988
6875.0,-1.0
6876.0,-1.28
6877.0,-1.08
6878.0,-1.56
6879.0,-1.28
6880.0,-3.320000000000001
6881.0,-1.44
6882.0,0.0399999999999997
6883.0,-1.04
6884.0,-1.16
6885.0,0.4
6886.0,-1.4
6887.0,-1.24
6888.0,0.11999999999999977
6889.0,0.4800000000000001
6890.0,-1.0
6891.0,-1.04
6892.0,-4.240000000000002
6893.0,-1.0
6894.0,-1.6
6895.0,-3.400000000000003
6896.0,0.4800000000000001
6897.0,-4.760000000000004
6898.0,-1.08
6899.0,0.19999999999999984
6900.0,0.23999999999999988
6901.0,-1.3599999999999999
6902.0,-1.3599999999999999
6903.0,0.4
6904.0,-1.24
6905.0,-1.3599999999999999
6906.0,-1.0
6907.0,-1.44
6908.0,-1.28
6909.0,-2.04
6910.0,-1.24
6911.0,-1.12
6912.0,-1.12
6913.0,0.44000000000000006
6914.0,-1.24
6915.0,-1.08
6916.0,-1.32
6917.0,0.23999999999999988
6918.0,0.36
6919.0,-3.5200000000000014
6920.0,-2.5600000000000005
6921.0,-1.28
6922.0,-1.04
6923.0,-0.0800000000000003
6924.0,-1.2
6925.0,-1.24
6926.0,-1.24
6927.0,0.4800000000000001
6928.0,-2.4800000000000004
6929.0,-2.4400000000000004
6930.0,-1.7600000000000002
6931.0,-1.7200000000000002
6932.0,-1.3599999999999999
6933.0,-1.04
6934.0,-1.04
6935.0,-0.2000000000000004
6936.0,-1.2
6937.0,-1.08
6938.0,-5.200000000000003
6939.0,-2.8400000000000007
6940.0,-1.04
6941.0,0.4
6942.0,-1.24
6943.0,-1.0
6944.0,0.4800000000000001
6945.0,-1.08
6946.0,-1.0
6947.0,-1.08
6948.0,-1.0
6949.0,0.1599999999999998
6950.0,-1.08
6951.0,-1.32
6952.0,-1.9600000000000004
6953.0,-1.9600000000000004
6954.0,-1.0
6955.0,-1.0
6956.0,-1.56
6957.0,-1.44
6958.0,-1.12
6959.0,-1.2
6960.0,-1.44
6961.0,-1.0
6962.0,-1.04
6963.0,-1.2
6964.0,-1.56
6965.0,-1.4
6966.0,-1.2
6967.0,-1.16
6968.0,-1.12
6969.0,-3.7600000000000016
6970.0,-1.04
6971.0,0.36
6972.0,-1.04
6973.0,-1.48
6974.0,-1.3599999999999999
6975.0,0.2799999999999999
6976.0,-8.000000000000005
6977.0,-1.08
6978.0,-1.6
6979.0,-1.04
6980.0,0.4800000000000001
6981.0,-1.080000000000001
6982.0,-1.12
6983.0,-1.32
6984.0,-1.08
6985.0,-1.32
6986.0,-2.960000000000001
6987.0,-1.2
6988.0,-1.56
6989.0,-1.2
6990.0,-1.12
6991.0,-1.56
6992.0,-1.0
6993.0,-1.8000000000000003
6994.0,-1.12
6995.0,-1.6
6996.0,-1.04
6997.0,-1.12
6998.0,-1.16
6999.0,-8.000000000000005
7000.0,-2.4000000000000004
7001.0,-1.32
7002.0,-1.56
7003.0,-1.52
7004.0,-1.8000000000000003
7005.0,-8.000000000000005
7006.0,-1.24
7007.0,-1.0
7008.0,0.4
7009.0,-1.12
7010.0,-0.2000000000000004
7011.0,-1.08
7012.0,-1.32
7013.0,0.23999999999999988
7014.0,-1.3599999999999999
7015.0,-1.040000000000001
7016.0,-1.52
7017.0,0.19999999999999984
7018.0,-1.28
7019.0,-1.24
7020.0,-1.0
7021.0,-1.56
7022.0,0.23999999999999988
7023.0,0.4800000000000001
7024.0,-1.08
7025.0,-1.04
7026.0,-1.32
7027.0,-1.6800000000000002
7028.0,-8.000000000000005
7029.0,-1.08
7030.0,-1.44
7031.0,-1.3599999999999999
7032.0,-1.04
7033.0,-1.8000000000000003
7034.0,0.1599999999999998
7035.0,0.4800000000000001
7036.0,0.4800000000000001
7037.0,-1.04
7038.0,0.0399999999999997
7039.0,-1.0
7040.0,-1.04
7041.0,-1.04
7042.0,-1.44
7043.0,-1.9600000000000017
7044.0,-6.360000000000004
7045.0,-2.24
7046.0,0.4
7047.0,-1.24
7048.0,0.31999999999999995
7049.0,-1.4
7050.0,-1.0
7051.0,0.44000000000000006
7052.0,-1.04
7053.0,-1.24
7054.0,0.4
7055.0,-1.28
7056.0,-1.0000000000000009
7057.0,0.19999999999999984
7058.0,-1.48
7059.0,-1.3599999999999999
7060.0,-1.4
7061.0,-1.04
7062.0,-1.4
7063.0,-1.0
7064.0,-2.4000000000000004
7065.0,0.23999999999999988
7066.0,-1.44
7067.0,-1.28
7068.0,-1.4
7069.0,-1.0
7070.0,-1.3599999999999999
7071.0,-1.12
7072.0,-1.16
7073.0,-1.0
7074.0,-4.160000000000002
7075.0,-1.44
7076.0,-1.0
7077.0,-8.000000000000005
7078.0,-0.6400000000000008
7079.0,-0.36000000000000054
7080.0,-1.3599999999999999
7081.0,0.4800000000000001
7082.0,-1.0
7083.0,-0.04000000000000026
7084.0,-2.880000000000001
7085.0,-1.24
7086.0,0.4800000000000001
7087.0,-1.5600000000000014
7088.0,-1.12
7089.0,-1.28
7090.0,-1.04
7091.0,-1.2
7092.0,0.44000000000000006
7093.0,-1.3599999999999999
7094.0,-1.04
7095.0,-1.3599999999999999
7096.0,-1.24
7097.0,-3.4400000000000013
7098.0,-1.12
7099.0,-1.4
7100.0,-0.9600000000000011
7101.0,-1.04
7102.0,-1.04
7103.0,-1.56
7104.0,-1.04
7105.0,-1.4
7106.0,-1.56
7107.0,0.4
7108.0,-1.2
7109.0,0.11999999999999977
7110.0,-1.3599999999999999
7111.0,-1.52
7112.0,-1.3599999999999999
7113.0,-1.4
7114.0,-1.56
7115.0,-1.04
7116.0,-1.08
7117.0,-1.24
7118.0,-1.04
7119.0,-1.16
7120.0,-1.7200000000000002
7121.0,-1.48
7122.0,-2.5200000000000005
7123.0,-1.44
7124.0,-1.2
7125.0,-1.08
7126.0,0.1599999999999998
7127.0,-1.12
7128.0,-4.400000000000004
7129.0,-1.12
7130.0,-1.16
7131.0,-1.8000000000000003
7132.0,-1.04
7133.0,-1.3599999999999999
7134.0,-8.000000000000005
7135.0,-1.04
7136.0,0.4
7137.0,-1.48
7138.0,-1.12
7139.0,-1.16
7140.0,-1.28
7141.0,0.4800000000000001
7142.0,-1.2
7143.0,-1.04
7144.0,-1.12
7145.0,-0.16000000000000036
7146.0,-1.28
7147.0,-1.28
7148.0,-1.04
7149.0,-1.12
7150.0,-1.04
7151.0,-1.6800000000000015
7152.0,-1.56
7153.0,-1.0
7154.0,-1.56
7155.0,-1.28
7156.0,-1.28
7157.0,-1.0
7158.0,-1.9200000000000004
7159.0,-1.08
7160.0,-3.6800000000000033
7161.0,0.2799999999999999
7162.0,-1.04
7163.0,-1.48
7164.0,-1.0
7165.0,-1.6
7166.0,-1.0
7167.0,-3.6400000000000032
7168.0,-1.28
7169.0,-1.3599999999999999
7170.0,-1.0
7171.0,-1.2
7172.0,0.4
7173.0,-1.2
7174.0,-5.440000000000003
7175.0,0.4
7176.0,-1.24
7177.0,0.4
7178.0,-1.24
7179.0,-1.08
7180.0,-1.28
7181.0,-1.32
7182.0,-3.4000000000000012
7183.0,-1.28
7184.0,-1.16
7185.0,-1.28
7186.0,0.36
7187.0,-1.3599999999999999
7188.0,0.19999999999999984
7189.0,-1.0
7190.0,-1.3599999999999999
7191.0,-1.48
7192.0,-1.32
7193.0,-1.08
7194.0,-1.2
7195.0,-1.28
7196.0,-2.5600000000000005
7197.0,-1.7600000000000002
7198.0,-0.04000000000000026
7199.0,-0.24000000000000044
7200.0,-1.48
7201.0,-1.56
7202.0,-0.6400000000000008
7203.0,-1.2
7204.0,-1.08
7205.0,-1.48
7206.0,0.4800000000000001
7207.0,-1.24
7208.0,-2.4000000000000004
7209.0,0.19999999999999984
7210.0,-1.08
7211.0,-1.5600000000000014
7212.0,-3.120000000000001
7213.0,-1.16
7214.0,-0.28000000000000047
7215.0,-1.32
7216.0,-2.220446049250313e-16
7217.0,-1.24
7218.0,-1.4
7219.0,-1.24
7220.0,-6.440000000000006
7221.0,-1.160000000000001
7222.0,0.4
7223.0,-1.32
7224.0,-1.4400000000000013
7225.0,-1.4
7226.0,0.4
7227.0,-1.0
7228.0,-1.08
7229.0,-1.2
7230.0,-0.24000000000000044
7231.0,-1.0
7232.0,-1.2
7233.0,-1.04
7234.0,-1.12
7235.0,0.36
7236.0,-0.3200000000000005
7237.0,-0.3200000000000005
7238.0,-1.56
7239.0,-5.280000000000003
7240.0,-1.16
7241.0,0.1599999999999998
7242.0,-2.220446049250313e-16
7243.0,0.4
7244.0,-1.2
7245.0,0.4800000000000001
7246.0,-1.12
7247.0,-1.4
7248.0,-1.08
7249.0,-1.2
7250.0,-1.0
7251.0,0.4800000000000001
7252.0,0.44000000000000006
7253.0,-1.16
7254.0,-1.44
7255.0,-2.6400000000000023
7256.0,-1.08
7257.0,-1.48
7258.0,-1.32
7259.0,-1.16
7260.0,-1.48
7261.0,-1.04
7262.0,-1.24
7263.0,0.4800000000000001
7264.0,-1.16
7265.0,-1.08
7266.0,-1.0
7267.0,-1.08
7268.0,-1.08
7269.0,-1.12
7270.0,-8.000000000000005
7271.0,-1.08
7272.0,0.4
7273.0,-1.24
7274.0,-1.0
7275.0,-1.44
7276.0,-1.12
7277.0,-1.28
7278.0,-1.3599999999999999
7279.0,-1.08
7280.0,-1.12
7281.0,0.44000000000000006
7282.0,-8.000000000000005
7283.0,-1.04
7284.0,-1.04
7285.0,-1.48
7286.0,-1.0
7287.0,0.4
7288.0,-1.28
7289.0,-1.16
7290.0,-1.24
7291.0,-1.0
7292.0,-1.44
7293.0,0.31999999999999995
7294.0,-1.16
7295.0,-1.4
7296.0,0.4800000000000001
7297.0,0.4800000000000001
7298.0,-1.4400000000000013
7299.0,-4.160000000000002
7300.0,-1.08
7301.0,-1.6800000000000002
7302.0,-1.28
7303.0,-1.24
7304.0,-1.0
7305.0,-1.16
7306.0,-1.0
7307.0,0.2799999999999999
7308.0,-1.16
7309.0,-1.56
7310.0,-2.920000000000001
7311.0,-1.3599999999999999
7312.0,-1.0
7313.0,-2.0
7314.0,-1.08
7315.0,0.4
7316.0,0.4
7317.0,-1.3599999999999999
7318.0,-1.28
7319.0,-5.400000000000003
7320.0,-1.3599999999999999
7321.0,-2.0000000000000018
7322.0,0.4800000000000001
7323.0,-1.28
7324.0,-2.5200000000000005
7325.0,-3.4400000000000013
7326.0,-1.12
7327.0,-5.120000000000003
7328.0,-1.28
7329.0,-1.7600000000000002
7330.0,-1.28
7331.0,-3.6800000000000015
7332.0,-1.48
7333.0,-0.6400000000000008
7334.0,-2.4000000000000004
7335.0,-8.000000000000005
7336.0,-1.4
7337.0,-1.32
7338.0,-1.12
7339.0,-4.000000000000002
7340.0,-1.04
7341.0,-1.0
7342.0,-1.08
7343.0,-1.12
7344.0,-1.04
7345.0,-1.08
7346.0,-1.32
7347.0,0.19999999999999984
7348.0,0.31999999999999995
7349.0,-1.08
7350.0,-1.3599999999999999
7351.0,-1.4
7352.0,-1.04
7353.0,0.44000000000000006
7354.0,-1.08
7355.0,-1.04
7356.0,-1.56
7357.0,-1.24
7358.0,-1.240000000000001
7359.0,-1.0
7360.0,-0.2000000000000004
7361.0,-1.7600000000000002
7362.0,-1.48
7363.0,-1.04
7364.0,-1.2
7365.0,0.4800000000000001
7366.0,-1.24
7367.0,0.31999999999999995
7368.0,-1.08
7369.0,0.4800000000000001
7370.0,-1.28
7371.0,0.31999999999999995
7372.0,-8.400000000000006
7373.0,-1.12
7374.0,0.23999999999999988
7375.0,-1.4
7376.0,-1.0
7377.0,-1.28
7378.0,0.1599999999999998
7379.0,-1.12
7380.0,-6.400000000000004
7381.0,-2.4800000000000004
7382.0,-1.48
7383.0,-1.16
7384.0,-1.3599999999999999
7385.0,-1.4
7386.0,-1.32
7387.0,-1.0
7388.0,0.44000000000000006
7389.0,-1.0
7390.0,-1.16
7391.0,-1.04
7392.0,0.4
7393.0,-1.16
7394.0,-1.3599999999999999
7395.0,0.4
7396.0,-1.32
7397.0,-1.12
7398.0,0.31999999999999995
7399.0,-1.24
7400.0,-1.3599999999999999
7401.0,-1.32
7402.0,-1.28
7403.0,-1.0
7404.0,-1.3599999999999999
7405.0,-0.920000000000001
7406.0,-1.44
7407.0,-5.200000000000005
7408.0,-1.24
7409.0,-1.7200000000000002
7410.0,0.4
7411.0,0.36
7412.0,-1.32
7413.0,-1.56
7414.0,0.4800000000000001
7415.0,-1.9200000000000004
7416.0,-1.3599999999999999
7417.0,-1.24
7418.0,-1.04
7419.0,-1.3599999999999999
7420.0,-1.52
7421.0,-1.16
7422.0,-1.28
7423.0,-2.9600000000000026
7424.0,-1.24
7425.0,0.0399999999999997
7426.0,0.23999999999999988
7427.0,-1.6800000000000002
7428.0,-1.0
7429.0,-1.4
7430.0,-1.08
7431.0,-1.0
7432.0,-1.24
7433.0,-1.16
7434.0,-1.04
7435.0,-1.04
7436.0,-1.16
7437.0,-1.3599999999999999
7438.0,-3.320000000000003
7439.0,0.19999999999999984
7440.0,-1.44
7441.0,-1.48
7442.0,0.07999999999999974
7443.0,-1.04
7444.0,-4.480000000000002
7445.0,-6.160000000000004
7446.0,-1.24
7447.0,0.4
7448.0,-1.4
7449.0,0.31999999999999995
7450.0,-2.480000000000002
7451.0,-1.08
7452.0,-1.44
7453.0,-3.040000000000001
7454.0,-1.04
7455.0,-2.920000000000001
7456.0,-1.8000000000000003
7457.0,-1.24
7458.0,0.4800000000000001
7459.0,-1.2
7460.0,-1.52
7461.0,-1.32
7462.0,-1.44
7463.0,-3.040000000000001
7464.0,-1.16
7465.0,-1.12
7466.0,-1.24
7467.0,-1.08
7468.0,0.4800000000000001
7469.0,-2.04
7470.0,0.36
7471.0,-8.000000000000005
7472.0,-8.000000000000005
7473.0,-2.8400000000000007
7474.0,-1.16
7475.0,0.36
7476.0,-1.4
7477.0,0.4800000000000001
7478.0,0.4800000000000001
7479.0,-1.08
7480.0,-1.08
7481.0,-3.6400000000000032
7482.0,-0.16000000000000036
7483.0,-1.12
7484.0,-1.16
7485.0,-1.44
7486.0,-1.4
7487.0,0.1599999999999998
7488.0,-8.320000000000006
7489.0,-1.24
7490.0,-1.16
7491.0,-1.16
7492.0,-1.08
7493.0,-1.0
7494.0,-1.2
7495.0,-1.0
7496.0,-1.12
7497.0,-1.08
7498.0,-1.08
7499.0,-2.080000000000002
7500.0,-1.32
7501.0,-1.04
7502.0,-4.280000000000002
7503.0,-2.24
7504.0,-1.56
7505.0,-3.4000000000000012
7506.0,-1.16
7507.0,-1.3599999999999999
7508.0,-1.24
7509.0,-1.48
7510.0,0.4
7511.0,-1.0
7512.0,-1.2
7513.0,-2.8400000000000025
7514.0,-1.3599999999999999
7515.0,-1.28
7516.0,-1.28
7517.0,0.31999999999999995
7518.0,0.1599999999999998
7519.0,-1.12
7520.0,-1.24
7521.0,-1.6
7522.0,-0.36000000000000054
7523.0,-1.0
7524.0,-1.12
7525.0,-2.2800000000000002
7526.0,-1.12
7527.0,-0.16000000000000036
7528.0,-1.08
7529.0,-1.12
7530.0,0.19999999999999984
7531.0,-1.3599999999999999
7532.0,0.31999999999999995
7533.0,-1.4
7534.0,-0.2000000000000004
7535.0,-3.080000000000001
7536.0,-2.8000000000000025
7537.0,-1.8800000000000003
7538.0,-1.48
7539.0,-1.12
7540.0,-1.08
7541.0,-2.16
7542.0,0.4800000000000001
7543.0,-1.56
7544.0,-1.08
7545.0,-1.48
7546.0,-1.56
7547.0,-1.12
7548.0,-1.04
7549.0,-3.160000000000001
7550.0,0.4800000000000001
7551.0,-1.12
7552.0,-1.6800000000000002
7553.0,0.4800000000000001
7554.0,0.11999999999999977
7555.0,-0.3200000000000005
7556.0,0.4
7557.0,-1.7200000000000002
7558.0,-3.8400000000000016
7559.0,-1.56
7560.0,-0.3200000000000005
7561.0,-1.44
7562.0,-1.28
7563.0,-1.12
7564.0,0.36
7565.0,-1.2
7566.0,-1.12
7567.0,-1.32
7568.0,-1.04
7569.0,-1.52
7570.0,-1.12
7571.0,-2.7600000000000007
7572.0,-1.12
7573.0,-1.12
7574.0,-1.0
7575.0,-1.12
7576.0,0.31999999999999995
7577.0,-1.2
7578.0,-1.0
7579.0,-1.7200000000000002
7580.0,-1.32
7581.0,-1.16
7582.0,-1.2
7583.0,-1.44
7584.0,0.31999999999999995
7585.0,-1.52
7586.0,-1.28
7587.0,0.1599999999999998
7588.0,-0.3200000000000005
7589.0,-1.28
7590.0,0.4800000000000001
7591.0,-1.16
7592.0,-1.0
7593.0,0.4800000000000001
7594.0,0.36
7595.0,0.44000000000000006
7596.0,-1.6400000000000001
7597.0,0.36
7598.0,-1.32
7599.0,-1.28
7600.0,-1.6800000000000002
7601.0,-1.24
7602.0,-1.04
7603.0,-8.000000000000005
7604.0,-1.04
7605.0,-1.52
7606.0,-2.5200000000000005
7607.0,-1.9200000000000004
7608.0,0.1599999999999998
7609.0,-1.56
7610.0,-1.4
7611.0,-1.160000000000001
7612.0,-1.32
7613.0,-2.3600000000000003
7614.0,0.4800000000000001
7615.0,-2.220446049250313e-16
7616.0,-1.28
7617.0,-1.48
7618.0,-1.32
7619.0,-1.04
7620.0,0.31999999999999995
7621.0,-6.600000000000004
7622.0,-1.12
7623.0,-1.4
7624.0,-1.12
7625.0,-1.3599999999999999
7626.0,0.11999999999999977
7627.0,-1.04
7628.0,0.0399999999999997
7629.0,-1.3599999999999999
7630.0,0.23999999999999988
7631.0,-1.32
7632.0,-1.12
7633.0,-1.12
7634.0,0.19999999999999984
7635.0,-1.3599999999999999
7636.0,0.4
7637.0,-1.12
7638.0,-2.4400000000000004
7639.0,0.11999999999999977
7640.0,0.44000000000000006
7641.0,-1.08
7642.0,-1.24
7643.0,-1.16
7644.0,-1.24
7645.0,-1.32
7646.0,0.23999999999999988
7647.0,-8.000000000000005
7648.0,-1.6800000000000015
7649.0,-1.7600000000000002
7650.0,-1.4
7651.0,0.19999999999999984
7652.0,-1.28
7653.0,-1.24
7654.0,-1.8800000000000017
7655.0,-2.320000000000002
7656.0,-1.2
7657.0,-1.2
7658.0,-1.4
7659.0,-1.24
7660.0,-1.48
7661.0,-1.4
7662.0,-1.44
7663.0,0.4800000000000001
7664.0,-1.08
7665.0,0.4800000000000001
7666.0,-1.12
7667.0,-1.3599999999999999
7668.0,-1.4
7669.0,-1.0
7670.0,-2.08
7671.0,-1.28
7672.0,0.1599999999999998
7673.0,-2.0
7674.0,-0.28000000000000047
7675.0,-1.08
7676.0,-1.2
7677.0,-1.28
7678.0,-1.7200000000000002
7679.0,0.4800000000000001
7680.0,-1.16
7681.0,-0.5600000000000007
7682.0,-1.0
7683.0,0.4
7684.0,-1.0
7685.0,-1.12
7686.0,-1.3599999999999999
7687.0,-1.6400000000000001
7688.0,-1.4
7689.0,-4.560000000000004
7690.0,-1.12
7691.0,-2.12
7692.0,-1.12
7693.0,0.31999999999999995
7694.0,-1.0
7695.0,-1.28
7696.0,-1.4800000000000013
7697.0,-1.04
7698.0,-3.560000000000003
7699.0,-8.000000000000005
7700.0,-1.6400000000000001
7701.0,-1.16
7702.0,0.31999999999999995
7703.0,-0.36000000000000054
7704.0,-1.4
7705.0,-1.04
7706.0,-1.28
7707.0,-1.44
7708.0,-1.04
7709.0,0.2799999999999999
7710.0,-1.04
7711.0,0.4800000000000001
7712.0,-1.52
7713.0,-1.3599999999999999
7714.0,-1.12
7715.0,-0.3200000000000005
7716.0,-1.0
7717.0,0.36
7718.0,-0.0800000000000003
7719.0,-0.840000000000001
7720.0,0.0399999999999997
7721.0,0.31999999999999995
7722.0,-1.0
7723.0,-1.0
7724.0,0.1599999999999998
7725.0,0.4800000000000001
7726.0,-1.12
7727.0,-1.7200000000000002
7728.0,-1.0
7729.0,-1.52
7730.0,-1.0
7731.0,-1.32
7732.0,-0.4400000000000006
7733.0,-1.16
7734.0,-1.16
7735.0,-1.4
7736.0,-1.28
7737.0,-1.28
7738.0,0.4800000000000001
7739.0,-1.44
7740.0,-1.6
7741.0,-1.48
7742.0,0.4
7743.0,-1.08
7744.0,-1.12
7745.0,-3.000000000000001
7746.0,-1.48
7747.0,-1.16
7748.0,-1.04
7749.0,-3.280000000000001
7750.0,-1.24
7751.0,-1.16
7752.0,-1.56
7753.0,-1.4
7754.0,-1.24
7755.0,-1.6400000000000001
7756.0,-1.0
7757.0,-1.28
7758.0,-1.32
7759.0,-2.880000000000001
7760.0,-1.32
7761.0,-1.44
7762.0,-1.2
7763.0,-1.16
7764.0,-1.04
7765.0,-1.48
7766.0,-1.6
7767.0,-1.04
7768.0,0.31999999999999995
7769.0,-1.44
7770.0,-1.3599999999999999
7771.0,-1.0
7772.0,-1.3599999999999999
7773.0,-8.000000000000005
7774.0,-1.56
7775.0,-1.16
7776.0,-1.04
7777.0,-1.48
7778.0,-1.32
7779.0,-1.6
7780.0,-1.8400000000000003
7781.0,-1.2
7782.0,-1.3600000000000012
7783.0,-1.32
7784.0,-4.880000000000003
7785.0,0.4800000000000001
7786.0,-1.44
7787.0,-8.000000000000005
7788.0,-1.3599999999999999
7789.0,-1.12
7790.0,-1.32
7791.0,0.2799999999999999
7792.0,-1.28
7793.0,-1.0
7794.0,-8.000000000000005
7795.0,-1.52
7796.0,-1.52
7797.0,-1.08
7798.0,-1.04
7799.0,-1.28
7800.0,-1.24
7801.0,-1.24
7802.0,-1.44
7803.0,0.31999999999999995
7804.0,-1.28
7805.0,-6.0000000000000036
7806.0,-0.4400000000000006
7807.0,-8.000000000000005
7808.0,-1.8400000000000003
7809.0,-1.44
7810.0,0.4800000000000001
7811.0,-1.4
7812.0,-1.0
7813.0,-1.12
7814.0,-1.6400000000000001
7815.0,-1.48
7816.0,-1.24
7817.0,-1.44
7818.0,-1.6
7819.0,-1.04
7820.0,-1.2
7821.0,-1.4000000000000012
7822.0,-1.0
7823.0,-1.04
7824.0,-1.32
7825.0,-1.0
7826.0,-1.04
7827.0,0.4
7828.0,0.4800000000000001
7829.0,-1.2
7830.0,-1.04
7831.0,-1.28
7832.0,-1.04
7833.0,0.4
7834.0,-1.52
7835.0,-1.28
7836.0,0.4
7837.0,0.4800000000000001
7838.0,-1.48
7839.0,0.4
7840.0,-1.24
7841.0,-1.12
7842.0,0.2799999999999999
7843.0,-1.44
7844.0,-1.24
7845.0,-0.0800000000000003
7846.0,-1.04
7847.0,0.44000000000000006
7848.0,-1.28
7849.0,-1.0
7850.0,-1.04
7851.0,-1.32
7852.0,0.36
7853.0,-1.2
7854.0,0.4800000000000001
7855.0,-1.08
7856.0,0.31999999999999995
7857.0,-1.2
7858.0,-1.12
7859.0,0.4
7860.0,0.4
7861.0,-1.28
7862.0,-1.24
7863.0,-1.04
7864.0,-1.08
7865.0,-2.220446049250313e-16
7866.0,-1.24
7867.0,-1.4
7868.0,-1.16
7869.0,0.4
7870.0,-1.28
7871.0,-0.880000000000001
7872.0,-1.44
7873.0,-1.12
7874.0,-2.5200000000000005
7875.0,0.31999999999999995
7876.0,-1.24
7877.0,-1.28
7878.0,-1.0
7879.0,-1.28
7880.0,0.4
7881.0,-1.6400000000000001
7882.0,-1.28
7883.0,-1.12
7884.0,-1.2
7885.0,-1.12
7886.0,0.4800000000000001
7887.0,-1.4
7888.0,-1.2
7889.0,-1.12
7890.0,-1.04
7891.0,-1.6400000000000001
7892.0,-0.36000000000000054
7893.0,-1.44
7894.0,-1.08
7895.0,-1.08
7896.0,-1.24
7897.0,-1.04
7898.0,0.4800000000000001
7899.0,-8.000000000000005
7900.0,-1.16
7901.0,-1.4
7902.0,-5.640000000000005
7903.0,-1.52
7904.0,-1.04
7905.0,-1.32
7906.0,-1.0
7907.0,0.4
7908.0,-1.24
7909.0,-1.12
7910.0,-3.6000000000000014
7911.0,-1.24
7912.0,-1.4
7913.0,-1.12
7914.0,-1.4
7915.0,-1.04
7916.0,-1.24
7917.0,-1.24
7918.0,-1.4
7919.0,-1.0
7920.0,-1.24
7921.0,-2.6400000000000006
7922.0,0.4
7923.0,-1.28
7924.0,-1.44
7925.0,-1.24
7926.0,0.36
7927.0,-0.8000000000000009
7928.0,0.4800000000000001
7929.0,-1.44
7930.0,-1.3599999999999999
7931.0,-1.04
7932.0,0.31999999999999995
7933.0,-1.08
7934.0,0.2799999999999999
7935.0,-1.28
7936.0,-4.440000000000004
7937.0,-1.7600000000000002
7938.0,0.2799999999999999
7939.0,-0.2000000000000004
7940.0,-1.7600000000000002
7941.0,-1.4
7942.0,-1.32
7943.0,-1.28
7944.0,-1.12
7945.0,0.4
7946.0,0.4800000000000001
7947.0,-0.7600000000000009
7948.0,-1.04
7949.0,-8.240000000000006
7950.0,-2.04
7951.0,-1.3599999999999999
7952.0,0.19999999999999984
7953.0,-1.6400000000000001
7954.0,-1.32
7955.0,-8.960000000000006
7956.0,0.4800000000000001
7957.0,-1.08
7958.0,0.4
7959.0,-1.32
7960.0,0.4800000000000001
7961.0,-2.7600000000000007
7962.0,-1.24
7963.0,-1.2
7964.0,-1.2
7965.0,-1.4
7966.0,0.36
7967.0,-0.0800000000000003
7968.0,-1.0
7969.0,-1.12
7970.0,-1.44
7971.0,-1.24
7972.0,0.19999999999999984
7973.0,-1.3599999999999999
7974.0,-1.44
7975.0,-1.16
7976.0,-1.7200000000000002
7977.0,0.23999999999999988
7978.0,0.4800000000000001
7979.0,-1.08
7980.0,-1.12
7981.0,0.44000000000000006
7982.0,-1.24
7983.0,-1.08
7984.0,0.31999999999999995
7985.0,0.4
7986.0,-1.16
7987.0,-1.24
7988.0,-1.6800000000000002
7989.0,-1.28
7990.0,-0.12000000000000033
7991.0,-1.04
7992.0,0.44000000000000006
7993.0,-1.04
7994.0,-3.520000000000003
7995.0,-1.0
7996.0,-8.000000000000005
7997.0,-2.220446049250313e-16
7998.0,0.4800000000000001
7999.0,-8.000000000000005
8000.0,-1.8000000000000003
8001.0,0.4
8002.0,-1.4
8003.0,-1.04
8004.0,-5.840000000000003
8005.0,-1.24
8006.0,-1.2
8007.0,0.4800000000000001
8008.0,-3.120000000000001
8009.0,-5.280000000000003
8010.0,-1.08
8011.0,-1.04
8012.0,0.36
8013.0,-1.16
8014.0,-1.0
8015.0,-1.44
8016.0,0.23999999999999988
8017.0,-1.32
8018.0,-0.5600000000000007
8019.0,0.4800000000000001
8020.0,-8.000000000000005
8021.0,0.4
8022.0,-1.16
8023.0,-1.04
8024.0,0.36
8025.0,0.4800000000000001
8026.0,0.4
8027.0,-1.08
8028.0,-1.12
8029.0,-3.000000000000001
8030.0,-1.48
8031.0,-8.000000000000005
8032.0,-1.32
8033.0,-1.48
8034.0,-8.880000000000006
8035.0,-2.04
8036.0,-1.32
8037.0,-1.16
8038.0,-1.24
8039.0,-1.28
8040.0,-1.16
8041.0,-1.24
8042.0,-1.52
8043.0,-1.2
8044.0,-1.5600000000000014
8045.0,-1.0
8046.0,0.1599999999999998
8047.0,-1.28
8048.0,-1.08
8049.0,-1.32
8050.0,-2.280000000000002
8051.0,-1.0
8052.0,-2.4000000000000004
8053.0,-0.3200000000000005
8054.0,0.4800000000000001
8055.0,-1.8400000000000003
8056.0,-1.12
8057.0,-3.320000000000001
8058.0,-1.44
8059.0,0.19999999999999984
8060.0,0.4800000000000001
8061.0,-1.0
8062.0,0.11999999999999977
8063.0,0.23999999999999988
8064.0,-1.6
8065.0,0.4800000000000001
8066.0,-1.52
8067.0,-1.0
8068.0,-1.12
8069.0,-1.04
8070.0,0.4800000000000001
8071.0,-1.48
8072.0,-1.12
8073.0,0.0399999999999997
8074.0,-1.0
8075.0,-1.24
8076.0,0.4
8077.0,-1.08
8078.0,-1.0
8079.0,-1.4
8080.0,-1.0
8081.0,0.4800000000000001
8082.0,-1.0
8083.0,-1.12
8084.0,-1.16
8085.0,0.4
8086.0,0.31999999999999995
8087.0,-1.32
8088.0,0.36
8089.0,-2.7200000000000006
8090.0,-1.28
8091.0,-1.24
8092.0,0.4
8093.0,-1.12
8094.0,-0.9600000000000011
8095.0,-1.24
8096.0,-1.0
8097.0,-2.6000000000000005
8098.0,-2.880000000000001
8099.0,-1.32
8100.0,-1.7200000000000002
8101.0,-1.48
8102.0,-1.08
8103.0,-4.280000000000002
8104.0,-1.7200000000000002
8105.0,0.31999999999999995
8106.0,-1.48
8107.0,-1.0
8108.0,-1.2800000000000011
8109.0,-2.4800000000000004
8110.0,-1.2
8111.0,-1.3599999999999999
8112.0,-1.12
8113.0,-1.24
8114.0,-7.680000000000005
8115.0,0.4800000000000001
8116.0,-7.520000000000005
8117.0,0.4800000000000001
8118.0,-2.3600000000000003
8119.0,-1.3599999999999999
8120.0,0.4
8121.0,-1.4
8122.0,-1.12
8123.0,-8.000000000000005
8124.0,-6.2000000000000055
8125.0,-1.3599999999999999
8126.0,0.4800000000000001
8127.0,-1.32
8128.0,-1.08
8129.0,0.4800000000000001
8130.0,-5.000000000000003
8131.0,0.31999999999999995
8132.0,-1.0
8133.0,-1.12
8134.0,-1.2
8135.0,-1.3599999999999999
8136.0,-1.4
8137.0,-1.08
8138.0,-1.08
8139.0,-1.48
8140.0,-1.16
8141.0,-1.48
8142.0,-1.16
8143.0,-1.160000000000001
8144.0,0.23999999999999988
8145.0,-1.48
8146.0,-1.4
8147.0,0.4800000000000001
8148.0,-2.6800000000000006
8149.0,-1.04
8150.0,-1.12
8151.0,-1.12
8152.0,-4.360000000000002
8153.0,-1.32
8154.0,-1.04
8155.0,-1.6
8156.0,-1.52
8157.0,-2.6000000000000005
8158.0,-1.0
8159.0,-2.0
8160.0,-2.5600000000000023
8161.0,-1.08
8162.0,0.4800000000000001
8163.0,0.31999999999999995
8164.0,-1.0
8165.0,-1.6
8166.0,-1.24
8167.0,-3.9600000000000017
8168.0,-1.2
8169.0,-1.12
8170.0,-3.5200000000000014
8171.0,-1.0
8172.0,-1.16
8173.0,-2.7200000000000006
8174.0,-1.04
8175.0,0.36
8176.0,-1.28
8177.0,0.1599999999999998
8178.0,-1.4
8179.0,0.4800000000000001
8180.0,-1.2
8181.0,-1.24
8182.0,0.23999999999999988
8183.0,-1.08
8184.0,-1.4
8185.0,-1.16
8186.0,-5.040000000000003
8187.0,-1.2800000000000011
8188.0,-1.3599999999999999
8189.0,-1.04
8190.0,-1.08
8191.0,-1.32
8192.0,-1.04
8193.0,-1.3599999999999999
8194.0,0.4800000000000001
8195.0,-1.3599999999999999
8196.0,-1.4
8197.0,-1.32
8198.0,-1.12
8199.0,-1.48
8200.0,-1.160000000000001
8201.0,-1.32
8202.0,-2.120000000000002
8203.0,0.4
8204.0,-1.12
8205.0,-1.24
8206.0,-1.8000000000000003
8207.0,-2.4400000000000004
8208.0,-1.08
8209.0,-1.44
8210.0,-5.080000000000003
8211.0,-1.08
8212.0,-2.6000000000000005
8213.0,-1.32
8214.0,-1.04
8215.0,-1.8800000000000003
8216.0,-1.16
8217.0,-1.32
8218.0,-1.28
8219.0,-2.8400000000000025
8220.0,-1.32
8221.0,-1.08
8222.0,-1.0
8223.0,-7.800000000000005
8224.0,-1.12
8225.0,-0.920000000000001
8226.0,-1.08
8227.0,-1.16
8228.0,-1.28
8229.0,-1.28
8230.0,-1.2
8231.0,-8.000000000000005
8232.0,-1.08
8233.0,0.4800000000000001
8234.0,0.07999999999999974
8235.0,-1.04
8236.0,0.31999999999999995
8237.0,-1.6800000000000015
8238.0,-1.2
8239.0,0.4
8240.0,-6.0000000000000036
8241.0,0.4800000000000001
8242.0,-1.2
8243.0,0.11999999999999977
8244.0,-8.000000000000005
8245.0,-1.08
8246.0,-8.000000000000005
8247.0,-1.32
8248.0,-1.4
8249.0,-1.0
8250.0,-1.6
8251.0,0.31999999999999995
8252.0,0.44000000000000006
8253.0,-4.200000000000004
8254.0,-1.24
8255.0,0.4800000000000001
8256.0,-1.16
8257.0,-0.0800000000000003
8258.0,0.19999999999999984
8259.0,-1.2
8260.0,0.4800000000000001
8261.0,-2.5200000000000005
8262.0,0.4800000000000001
8263.0,-1.12
8264.0,-8.000000000000005
8265.0,0.36
8266.0,-1.040000000000001
8267.0,-8.000000000000005
8268.0,-1.4
8269.0,-0.7600000000000009
8270.0,-1.8000000000000003
8271.0,0.4
8272.0,-1.0
8273.0,-1.12
8274.0,0.44000000000000006
8275.0,-1.4
8276.0,-0.2000000000000004
8277.0,-1.2
8278.0,-4.040000000000004
8279.0,-1.24
8280.0,-1.3599999999999999
8281.0,0.4
8282.0,-1.04
8283.0,0.23999999999999988
8284.0,-1.04
8285.0,-1.3599999999999999
8286.0,-1.6800000000000002
8287.0,-1.24
8288.0,-1.12
8289.0,-1.9600000000000004
8290.0,0.44000000000000006
8291.0,-1.6
8292.0,0.44000000000000006
8293.0,-1.16
8294.0,-1.28
8295.0,-1.2800000000000011
8296.0,-1.4
8297.0,-1.2
8298.0,-2.12
8299.0,-1.52
8300.0,-1.16
8301.0,-1.0
8302.0,-1.16
8303.0,-1.24
8304.0,-1.6
8305.0,-1.04
8306.0,-1.4
8307.0,0.4800000000000001
8308.0,-1.4
8309.0,-8.000000000000005
8310.0,-1.32
8311.0,-0.24000000000000044
8312.0,-1.28
8313.0,-1.0
8314.0,-1.44
8315.0,-2.8800000000000026
8316.0,-1.12
8317.0,-1.48
8318.0,-1.04
8319.0,-0.04000000000000026
8320.0,-1.32
8321.0,-1.44
8322.0,0.4
8323.0,-1.0
8324.0,-1.28
8325.0,-2.220446049250313e-16
8326.0,0.31999999999999995
8327.0,-0.3200000000000005
8328.0,-0.6800000000000008
8329.0,0.4800000000000001
8330.0,-2.5200000000000022
8331.0,-1.24
8332.0,0.4800000000000001
8333.0,-1.12
8334.0,-1.04
8335.0,-1.12
8336.0,-1.32
8337.0,0.4800000000000001
8338.0,-1.0
8339.0,-3.520000000000003
8340.0,-1.5200000000000014
8341.0,-5.400000000000005
8342.0,0.31999999999999995
8343.0,-1.24
8344.0,-1.16
8345.0,-8.000000000000005
8346.0,-0.28000000000000047
8347.0,0.0399999999999997
8348.0,-6.960000000000004
8349.0,-1.8000000000000003
8350.0,-1.28
8351.0,0.4800000000000001
8352.0,-1.08
8353.0,-1.12
8354.0,-1.44
8355.0,0.4800000000000001
8356.0,-1.16
8357.0,-1.04
8358.0,-1.12
8359.0,-1.7200000000000002
8360.0,0.31999999999999995
8361.0,-1.48
8362.0,-1.32
8363.0,-1.44
8364.0,0.44000000000000006
8365.0,-1.0
8366.0,-8.000000000000005
8367.0,-1.0
8368.0,-1.32
8369.0,-0.3200000000000005
8370.0,-1.24
8371.0,0.44000000000000006
8372.0,0.4
8373.0,-8.000000000000005
8374.0,-1.0
8375.0,-4.920000000000003
8376.0,0.31999999999999995
8377.0,0.4
8378.0,-1.44
8379.0,-1.04
8380.0,-1.4
8381.0,-1.0
8382.0,-1.28
8383.0,0.31999999999999995
8384.0,-1.04
8385.0,-1.48
8386.0,-1.24
8387.0,-1.32
8388.0,-1.16
8389.0,-1.0
8390.0,-1.32
8391.0,-1.52
8392.0,0.1599999999999998
8393.0,-1.6800000000000002
8394.0,-1.2
8395.0,-1.44
8396.0,-5.800000000000003
8397.0,-1.0
8398.0,0.23999999999999988
8399.0,0.4
8400.0,-1.0
8401.0,-1.12
8402.0,-6.720000000000004
8403.0,0.4
8404.0,-1.2
8405.0,-3.9200000000000035
8406.0,-1.24
8407.0,-1.9200000000000017
8408.0,-1.7200000000000002
8409.0,-7.920000000000005
8410.0,-1.3599999999999999
8411.0,-1.7200000000000002
8412.0,0.31999999999999995
8413.0,-1.28
8414.0,-1.0
8415.0,-2.4000000000000004
8416.0,-1.08
8417.0,0.4800000000000001
8418.0,-1.2
8419.0,-1.12
8420.0,-1.16
8421.0,-1.24
8422.0,-1.04
8423.0,-1.04
8424.0,-1.08
8425.0,-1.0
8426.0,0.4
8427.0,0.36
8428.0,-1.6400000000000001
8429.0,-1.12
8430.0,-1.080000000000001
8431.0,-1.2
8432.0,-1.04
8433.0,-0.4400000000000006
8434.0,-1.04
8435.0,-1.08
8436.0,-1.12
8437.0,-1.2
8438.0,-1.0
8439.0,0.4800000000000001
8440.0,0.4800000000000001
8441.0,-1.52
8442.0,-1.16
8443.0,-3.6400000000000015
8444.0,0.4800000000000001
8445.0,-1.4
8446.0,0.07999999999999974
8447.0,-0.3200000000000005
8448.0,-2.6800000000000024
8449.0,0.4800000000000001
8450.0,-1.04
8451.0,0.4800000000000001
8452.0,-1.12
8453.0,-1.0
8454.0,-1.3599999999999999
8455.0,-1.16
8456.0,-1.4
8457.0,-1.52
8458.0,0.4
8459.0,-4.360000000000002
8460.0,-1.04
8461.0,-1.28
8462.0,-1.44
8463.0,-3.280000000000003
8464.0,-1.28
8465.0,-1.16
8466.0,0.4800000000000001
8467.0,0.4800000000000001
8468.0,-1.3599999999999999
8469.0,-1.0
8470.0,0.31999999999999995
8471.0,-1.32
8472.0,-1.9200000000000004
8473.0,0.1599999999999998
8474.0,-1.04
8475.0,-1.7200000000000015
8476.0,-1.2
8477.0,-1.8000000000000003
8478.0,0.4
8479.0,-8.760000000000005
8480.0,-1.04
8481.0,-1.44
8482.0,-4.840000000000004
8483.0,-1.3599999999999999
8484.0,0.31999999999999995
8485.0,-1.44
8486.0,0.4
8487.0,-1.08
8488.0,-1.04
8489.0,-1.24
8490.0,0.4800000000000001
8491.0,-1.4
8492.0,-4.960000000000003
8493.0,-1.44
8494.0,-1.0
8495.0,-1.04
8496.0,-1.3600000000000012
8497.0,-1.0
8498.0,-1.52
8499.0,-0.6000000000000008
8500.0,-3.440000000000003
8501.0,-1.48
8502.0,-1.7600000000000002
8503.0,-1.24
8504.0,-1.08
8505.0,-1.04
8506.0,-1.3599999999999999
8507.0,-1.44
8508.0,-1.16
8509.0,-1.3599999999999999
8510.0,-1.04
8511.0,-0.5200000000000007
8512.0,-1.52
8513.0,-1.28
8514.0,-1.3599999999999999
8515.0,-1.3599999999999999
8516.0,0.4
8517.0,-1.04
8518.0,-4.560000000000002
8519.0,-1.6
8520.0,-1.6
8521.0,0.1599999999999998
8522.0,-1.08
8523.0,0.44000000000000006
8524.0,-1.3599999999999999
8525.0,0.4800000000000001
8526.0,-1.28
8527.0,-1.44
8528.0,0.4800000000000001
8529.0,-1.0
8530.0,-1.32
8531.0,-8.000000000000005
8532.0,-1.16
8533.0,-1.52
8534.0,-1.28
8535.0,-1.32
8536.0,-1.16
8537.0,-1.0
8538.0,-1.24
8539.0,-1.2
8540.0,0.4800000000000001
8541.0,-1.32
8542.0,-1.04
8543.0,0.44000000000000006
8544.0,0.4800000000000001
8545.0,-1.2
8546.0,0.31999999999999995
8547.0,-5.800000000000005
8548.0,-1.48
8549.0,-0.5600000000000007
8550.0,-1.04
8551.0,-1.4
8552.0,-1.08
8553.0,-2.04
8554.0,-1.12
8555.0,-0.12000000000000033
8556.0,-1.3599999999999999
8557.0,-1.08
8558.0,-1.04
8559.0,-1.08
8560.0,-1.08
8561.0,0.4800000000000001
8562.0,0.4800000000000001
8563.0,0.4
8564.0,-1.24
8565.0,-1.12
8566.0,0.4800000000000001
8567.0,-0.48000000000000065
8568.0,-1.0
8569.0,-1.52
8570.0,-1.24
8571.0,-8.000000000000005
8572.0,0.4800000000000001
8573.0,-1.0
8574.0,-1.24
8575.0,-1.6400000000000001
8576.0,-1.3599999999999999
8577.0,-1.48
8578.0,-1.48
8579.0,0.44000000000000006
8580.0,0.4800000000000001
8581.0,-1.12
8582.0,-1.24
8583.0,-8.000000000000005
8584.0,-1.28
8585.0,0.44000000000000006
8586.0,-1.12
8587.0,-3.6400000000000015
8588.0,-1.08
8589.0,-1.44
8590.0,-1.24
8591.0,-1.04
8592.0,-3.160000000000001
8593.0,-2.8800000000000026
8594.0,0.44000000000000006
8595.0,0.11999999999999977
8596.0,-1.2
8597.0,0.4
8598.0,-1.0
8599.0,-1.28
8600.0,-1.24
8601.0,-1.0
8602.0,-2.220446049250313e-16
8603.0,0.4
8604.0,0.4800000000000001
8605.0,-1.52
8606.0,-1.48
8607.0,-1.16
8608.0,-1.04
8609.0,-1.04
8610.0,-1.08
8611.0,-2.4400000000000004
8612.0,-1.08
8613.0,-1.04
8614.0,-1.6
8615.0,-1.12
8616.0,0.4800000000000001
8617.0,-1.0
8618.0,-1.3599999999999999
8619.0,-1.12
8620.0,-1.16
8621.0,-1.0
8622.0,0.4800000000000001
8623.0,-1.32
8624.0,-1.2
8625.0,-1.32
8626.0,-1.12
8627.0,0.4800000000000001
8628.0,-0.5600000000000007
8629.0,-1.52
8630.0,-1.32
8631.0,-1.44
8632.0,-1.44
8633.0,-1.04
8634.0,-1.3599999999999999
8635.0,-1.16
8636.0,-1.0
8637.0,-1.32
8638.0,-1.16
8639.0,-1.2
8640.0,-1.12
8641.0,0.31999999999999995
8642.0,-1.2
8643.0,-1.28
8644.0,-1.2
8645.0,-1.44
8646.0,-1.32
8647.0,-1.12
8648.0,-5.000000000000003
8649.0,0.4800000000000001
8650.0,-8.000000000000005
8651.0,-1.08
8652.0,0.31999999999999995
8653.0,-1.4
8654.0,-1.2
8655.0,-1.3599999999999999
8656.0,-1.2
8657.0,-1.32
8658.0,-1.08
8659.0,-1.6
8660.0,0.4
8661.0,0.4800000000000001
8662.0,0.4
8663.0,-1.04
8664.0,-1.12
8665.0,-3.320000000000001
8666.0,-1.0
8667.0,0.31999999999999995
8668.0,-1.16
8669.0,0.1599999999999998
8670.0,-1.4
8671.0,-1.24
8672.0,0.07999999999999974
8673.0,0.4
8674.0,0.4800000000000001
8675.0,-1.08
8676.0,-1.4
8677.0,-1.32
8678.0,0.36
8679.0,-1.28
8680.0,-1.28
8681.0,-1.6
8682.0,-1.16
8683.0,-1.4
8684.0,-1.2
8685.0,-1.08
8686.0,-1.28
8687.0,-1.28
8688.0,-0.16000000000000036
8689.0,-1.04
8690.0,-8.000000000000005
8691.0,0.4800000000000001
8692.0,-1.24
8693.0,0.4800000000000001
8694.0,-1.0
8695.0,0.4
8696.0,-2.080000000000002
8697.0,0.4800000000000001
8698.0,0.44000000000000006
8699.0,0.2799999999999999
8700.0,-1.48
8701.0,-1.0
8702.0,-1.44
8703.0,-1.56
8704.0,-1.48
8705.0,-1.12
8706.0,-1.4
8707.0,-1.2
8708.0,-1.48
8709.0,-4.520000000000002
8710.0,-1.04
8711.0,0.4800000000000001
8712.0,-2.220446049250313e-16
8713.0,0.36
8714.0,-0.04000000000000026
8715.0,-1.28
8716.0,-1.2
8717.0,0.4
8718.0,-1.08
8719.0,-5.360000000000003
8720.0,-1.32
8721.0,-1.0
8722.0,0.4
8723.0,-3.240000000000001
8724.0,-1.12
8725.0,-1.04
8726.0,0.4
8727.0,-1.12
8728.0,-0.7600000000000009
8729.0,-1.32
8730.0,-1.3599999999999999
8731.0,-1.48
8732.0,-1.3599999999999999
8733.0,0.4800000000000001
8734.0,-1.4
8735.0,0.4800000000000001
8736.0,-3.160000000000001
8737.0,0.4800000000000001
8738.0,-1.04
8739.0,-3.600000000000003
8740.0,-1.8400000000000016
8741.0,0.44000000000000006
8742.0,-1.28
8743.0,-1.0
8744.0,-1.12
8745.0,-1.12
8746.0,-1.48
8747.0,-1.12
8748.0,-1.6
8749.0,-1.8400000000000016
8750.0,-1.08
8751.0,-1.4
8752.0,0.4800000000000001
8753.0,-1.56
8754.0,-1.4
8755.0,-1.48
8756.0,-1.0
8757.0,-1.4
8758.0,-1.24
8759.0,-1.08
8760.0,-1.32
8761.0,0.4800000000000001
8762.0,-1.16
8763.0,-4.7600000000000025
8764.0,-3.6800000000000033
8765.0,0.4
8766.0,-1.24
8767.0,0.11999999999999977
8768.0,-3.9200000000000017
8769.0,-1.3599999999999999
8770.0,-1.0
8771.0,0.44000000000000006
8772.0,-1.6400000000000001
8773.0,-1.28
8774.0,-1.28
8775.0,-1.44
8776.0,0.4800000000000001
8777.0,-1.28
8778.0,-4.960000000000004
8779.0,-1.16
8780.0,-2.7600000000000007
8781.0,-0.0800000000000003
8782.0,-1.48
8783.0,-1.12
8784.0,0.4
8785.0,-1.0
8786.0,-1.24
8787.0,-1.32
8788.0,-1.24
8789.0,-1.12
8790.0,-1.08
8791.0,-1.28
8792.0,0.4800000000000001
8793.0,-1.48
8794.0,-1.48
8795.0,-1.24
8796.0,-1.7600000000000002
8797.0,-1.8400000000000003
8798.0,0.4800000000000001
8799.0,-1.24
8800.0,0.23999999999999988
8801.0,-8.000000000000005
8802.0,-7.880000000000005
8803.0,-1.5600000000000014
8804.0,-1.44
8805.0,-1.16
8806.0,-1.3599999999999999
8807.0,-1.28
8808.0,-1.08
8809.0,-1.3599999999999999
8810.0,-5.600000000000003
8811.0,-1.0
8812.0,-7.920000000000005
8813.0,0.4
8814.0,-6.120000000000004
8815.0,0.36
8816.0,-1.28
8817.0,-0.5600000000000007
8818.0,0.1599999999999998
8819.0,-1.24
8820.0,-1.08
8821.0,0.4
8822.0,0.0399999999999997
8823.0,-2.2
8824.0,-1.7600000000000002
8825.0,-1.2
8826.0,-1.2
8827.0,-8.000000000000005
8828.0,0.4800000000000001
8829.0,-1.0
8830.0,-1.32
8831.0,-1.3599999999999999
8832.0,-1.0
8833.0,-1.56
8834.0,-1.16
8835.0,-1.2
8836.0,-1.0
8837.0,0.4800000000000001
8838.0,-1.32
8839.0,-1.2
8840.0,-1.24
8841.0,-3.5200000000000014
8842.0,0.4
8843.0,-1.28
8844.0,-1.12
8845.0,-1.0
8846.0,0.4800000000000001
8847.0,-1.28
8848.0,-1.08
8849.0,-1.24
8850.0,-1.24
8851.0,0.31999999999999995
8852.0,-1.16
8853.0,-1.08
8854.0,0.4800000000000001
8855.0,0.4800000000000001
8856.0,-1.2
8857.0,-1.28
8858.0,-1.04
8859.0,-1.0
8860.0,0.4800000000000001
8861.0,-1.0
8862.0,-1.12
8863.0,-1.3599999999999999
8864.0,0.4800000000000001
8865.0,-1.3599999999999999
8866.0,-1.04
8867.0,-1.08
8868.0,-1.0
8869.0,-1.0
8870.0,-1.04
8871.0,-1.32
8872.0,0.4800000000000001
8873.0,-1.04
8874.0,-2.8400000000000007
8875.0,-5.360000000000003
8876.0,-1.32
8877.0,-2.7600000000000007
8878.0,-1.32
8879.0,-1.3599999999999999
8880.0,-1.16
8881.0,-1.04
8882.0,-4.280000000000004
8883.0,-1.4
8884.0,-1.2
8885.0,-1.0
8886.0,0.4800000000000001
8887.0,-1.28
8888.0,-4.680000000000004
8889.0,-1.2
8890.0,0.4
8891.0,-1.3599999999999999
8892.0,-1.24
8893.0,-1.2
8894.0,0.31999999999999995
8895.0,0.4800000000000001
8896.0,0.4800000000000001
8897.0,0.4
8898.0,-1.48
8899.0,-1.24
8900.0,-1.4
8901.0,-1.44
8902.0,-3.4800000000000013
8903.0,-0.4400000000000006
8904.0,-1.16
8905.0,-1.08
8906.0,-6.520000000000004
8907.0,-1.28
8908.0,-1.24
8909.0,0.0399999999999997
8910.0,-1.4
8911.0,-8.000000000000005
8912.0,-1.3599999999999999
8913.0,-8.000000000000005
8914.0,-1.24
8915.0,0.4800000000000001
8916.0,-1.6800000000000002
8917.0,-1.24
8918.0,0.4800000000000001
8919.0,-1.2
8920.0,-0.3200000000000005
8921.0,-1.16
8922.0,-1.12
8923.0,-1.0000000000000009
8924.0,-3.8400000000000016
8925.0,-1.0
8926.0,-0.24000000000000044
8927.0,-1.04
8928.0,-3.5600000000000014
8929.0,0.44000000000000006
8930.0,-1.32
8931.0,0.31999999999999995
8932.0,-1.2
8933.0,-3.080000000000001
8934.0,-0.6400000000000008
8935.0,0.4800000000000001
8936.0,-1.2
8937.0,-1.4
8938.0,-1.08
8939.0,-8.000000000000005
8940.0,0.4800000000000001
8941.0,-1.6
8942.0,-1.0
8943.0,-1.16
8944.0,-5.9600000000000035
8945.0,-1.24
8946.0,0.31999999999999995
8947.0,-1.16
8948.0,-1.12
8949.0,-1.12
8950.0,-3.320000000000001
8951.0,-1.4
8952.0,-1.44
8953.0,0.4
8954.0,-1.44
8955.0,-1.56
8956.0,-1.7200000000000002
8957.0,-1.12
8958.0,-1.28
8959.0,0.4
8960.0,-1.080000000000001
8961.0,0.4
8962.0,-8.000000000000005
8963.0,-1.04
8964.0,-1.24
8965.0,-4.160000000000002
8966.0,-1.24
8967.0,0.4800000000000001
8968.0,0.44000000000000006
8969.0,-2.0
8970.0,-1.2
8971.0,-1.12
8972.0,-1.2
8973.0,-1.12
8974.0,-1.3599999999999999
8975.0,0.4
8976.0,-1.0
8977.0,-1.0
8978.0,-2.12
8979.0,-1.16
8980.0,0.4800000000000001
8981.0,-1.32
8982.0,0.4800000000000001
8983.0,-1.3599999999999999
8984.0,-1.56
8985.0,-1.3599999999999999
8986.0,-1.2
8987.0,-0.6400000000000008
8988.0,-1.44
8989.0,-5.200000000000003
8990.0,-1.32
8991.0,-1.16
8992.0,-1.28
8993.0,-2.4800000000000004
8994.0,-2.960000000000001
8995.0,-1.16
8996.0,0.4800000000000001
8997.0,-1.16
8998.0,-1.08
8999.0,-1.2
9000.0,-2.2
9001.0,-1.0
9002.0,-1.3599999999999999
9003.0,-1.0
9004.0,-2.5600000000000005
9005.0,-2.220446049250313e-16
9006.0,-1.08
9007.0,-1.44
9008.0,0.19999999999999984
9009.0,0.4
9010.0,-1.32
9011.0,-1.08
9012.0,-1.28
9013.0,-1.3599999999999999
9014.0,-1.2
9015.0,0.36
9016.0,0.23999999999999988
9017.0,-1.48
9018.0,-8.000000000000005
9019.0,-1.16
9020.0,-1.3599999999999999
9021.0,-1.24
9022.0,0.4800000000000001
9023.0,-1.4400000000000013
9024.0,-1.12
9025.0,-1.16
9026.0,-0.4000000000000006
9027.0,0.2799999999999999
9028.0,-1.04
9029.0,-1.44
9030.0,0.4800000000000001
9031.0,-1.04
9032.0,-1.4
9033.0,-1.16
9034.0,-1.4
9035.0,-1.0
9036.0,-1.2
9037.0,-6.720000000000006
9038.0,-1.24
9039.0,0.07999999999999974
9040.0,0.4
9041.0,-2.2
9042.0,-1.28
9043.0,0.4
9044.0,-1.08
9045.0,0.36
9046.0,-2.04
9047.0,-1.3599999999999999
9048.0,0.1599999999999998
9049.0,0.44000000000000006
9050.0,-1.32
9051.0,0.31999999999999995
9052.0,-1.28
9053.0,-1.2
9054.0,0.4800000000000001
9055.0,-1.04
9056.0,0.19999999999999984
9057.0,-0.6000000000000008
9058.0,-1.04
9059.0,0.44000000000000006
9060.0,-1.04
9061.0,-1.3599999999999999
9062.0,-1.44
9063.0,-1.12
9064.0,-1.4800000000000013
9065.0,-1.0
9066.0,-4.240000000000002
9067.0,-1.16
9068.0,-1.16
9069.0,-2.6000000000000005
9070.0,-1.12
9071.0,0.4
9072.0,0.4
9073.0,0.44000000000000006
9074.0,-1.32
9075.0,0.4
9076.0,0.31999999999999995
9077.0,-7.360000000000005
9078.0,0.4
9079.0,-1.32
9080.0,-1.16
9081.0,-1.12
9082.0,-1.7200000000000002
9083.0,-2.7600000000000025
9084.0,-1.44
9085.0,-1.04
9086.0,-1.16
9087.0,-1.32
9088.0,-1.44
9089.0,0.4
9090.0,-1.0
9091.0,-1.48
9092.0,-1.08
9093.0,-1.0
9094.0,0.31999999999999995
9095.0,-1.08
9096.0,0.4
9097.0,-2.9600000000000026
9098.0,0.4800000000000001
9099.0,-1.12
9100.0,-6.400000000000006
9101.0,-2.240000000000002
9102.0,-1.16
9103.0,-1.28
9104.0,-1.0
9105.0,0.4800000000000001
9106.0,-1.44
9107.0,0.23999999999999988
9108.0,-1.32
9109.0,-0.36000000000000054
9110.0,-2.3200000000000003
9111.0,-1.24
9112.0,0.4800000000000001
9113.0,-1.28
9114.0,-2.2800000000000002
9115.0,-1.28
9116.0,-1.04
9117.0,-1.3599999999999999
9118.0,0.4800000000000001
9119.0,-3.200000000000003
9120.0,-7.240000000000005
9121.0,-1.04
9122.0,0.31999999999999995
9123.0,-1.08
9124.0,-1.28
9125.0,-1.16
9126.0,-0.4400000000000006
9127.0,0.44000000000000006
9128.0,0.4800000000000001
9129.0,-1.32
9130.0,0.4800000000000001
9131.0,0.4
9132.0,-1.12
9133.0,-8.000000000000005
9134.0,0.4800000000000001
9135.0,0.11999999999999977
9136.0,-1.16
9137.0,-1.0
9138.0,-1.4
9139.0,-1.04
9140.0,0.4800000000000001
9141.0,0.44000000000000006
9142.0,-1.48
9143.0,-1.04
9144.0,-1.2
9145.0,0.11999999999999977
9146.0,-1.28
9147.0,-1.4400000000000013
9148.0,-6.000000000000005
9149.0,-1.48
9150.0,0.4800000000000001
9151.0,-1.28
9152.0,-1.16
9153.0,0.44000000000000006
9154.0,-1.0
9155.0,-1.4
9156.0,-1.24
9157.0,-1.24
9158.0,-1.24
9159.0,0.4800000000000001
9160.0,-1.4
9161.0,-1.28
9162.0,-1.12
9163.0,-5.840000000000003
9164.0,-1.4
9165.0,0.36
9166.0,-1.28
9167.0,-1.04
9168.0,-4.440000000000002
9169.0,0.4
9170.0,-1.44
9171.0,0.31999999999999995
9172.0,-1.32
9173.0,-1.3599999999999999
9174.0,0.44000000000000006
9175.0,-1.48
9176.0,-0.0800000000000003
9177.0,0.4
9178.0,0.4800000000000001
9179.0,-1.32
9180.0,-1.28
9181.0,-3.160000000000001
9182.0,0.4800000000000001
9183.0,-1.24
9184.0,-1.12
9185.0,0.4
9186.0,-1.3599999999999999
9187.0,0.4800000000000001
9188.0,-1.0
9189.0,-1.04
9190.0,-5.840000000000005
9191.0,-1.08
9192.0,-1.24
9193.0,-1.08
9194.0,-1.12
9195.0,-1.16
9196.0,0.4
9197.0,0.4800000000000001
9198.0,0.4800000000000001
9199.0,-1.12
9200.0,-3.120000000000001
9201.0,-1.6
9202.0,0.4800000000000001
9203.0,-1.04
9204.0,0.4800000000000001
9205.0,-3.9200000000000017
9206.0,0.4
9207.0,-1.12
9208.0,-1.12
9209.0,-1.24
9210.0,-1.9600000000000004
9211.0,0.4800000000000001
9212.0,-1.7600000000000002
9213.0,-1.4
9214.0,-2.6400000000000006
9215.0,0.44000000000000006
9216.0,-1.12
9217.0,0.4800000000000001
9218.0,-1.3599999999999999
9219.0,-7.320000000000005
9220.0,-1.120000000000001
9221.0,-0.920000000000001
9222.0,-1.04
9223.0,-1.24
9224.0,-1.3599999999999999
9225.0,-1.04
9226.0,-1.44
9227.0,-1.4
9228.0,-0.16000000000000036
9229.0,-0.2000000000000004
9230.0,-1.2
9231.0,-1.28
9232.0,-1.8400000000000016
9233.0,0.23999999999999988
9234.0,-1.32
9235.0,-1.4
9236.0,-6.560000000000006
9237.0,0.4800000000000001
9238.0,-1.52
9239.0,-1.0
9240.0,-1.0
9241.0,-3.5200000000000014
9242.0,-2.440000000000002
9243.0,-8.000000000000005
9244.0,-4.200000000000002
9245.0,-1.2
9246.0,-8.000000000000005
9247.0,0.19999999999999984
9248.0,-1.28
9249.0,-1.32
9250.0,-5.760000000000005
9251.0,-1.48
9252.0,-2.400000000000002
9253.0,-2.16
9254.0,-1.12
9255.0,0.4800000000000001
9256.0,0.31999999999999995
9257.0,-1.16
9258.0,-1.08
9259.0,-1.0
9260.0,-4.400000000000002
9261.0,-7.160000000000005
9262.0,-1.04
9263.0,-1.2
9264.0,-1.24
9265.0,0.44000000000000006
9266.0,-1.2
9267.0,-1.16
9268.0,0.4
9269.0,-1.08
9270.0,-8.000000000000005
9271.0,-1.12
9272.0,-0.36000000000000054
9273.0,-6.720000000000004
9274.0,-1.04
9275.0,-8.000000000000005
9276.0,-1.52
9277.0,-1.28
9278.0,-1.08
9279.0,-2.4400000000000004
9280.0,-0.880000000000001
9281.0,-1.0
9282.0,-1.44
9283.0,-1.24
9284.0,0.4
9285.0,-1.0
9286.0,-1.24
9287.0,-1.04
9288.0,-1.7200000000000002
9289.0,-1.52
9290.0,-1.52
9291.0,0.4800000000000001
9292.0,-0.5600000000000007
9293.0,-1.32
9294.0,-1.04
9295.0,0.11999999999999977
9296.0,-1.28
9297.0,-1.16
9298.0,-1.0000000000000009
9299.0,-1.04
9300.0,0.4800000000000001
9301.0,-1.0
9302.0,-3.240000000000001
9303.0,-1.0
9304.0,-1.08
9305.0,-1.52
9306.0,-1.24
9307.0,-1.32
9308.0,0.1599999999999998
9309.0,-1.32
9310.0,0.4800000000000001
9311.0,-1.08
9312.0,-1.44
9313.0,-1.3599999999999999
9314.0,-1.6800000000000015
9315.0,-1.16
9316.0,-8.000000000000005
9317.0,-1.040000000000001
9318.0,-8.000000000000005
9319.0,-3.280000000000003
9320.0,-1.2
9321.0,-1.12
9322.0,0.4
9323.0,-1.0
9324.0,-1.08
9325.0,-1.4
9326.0,-1.12
9327.0,-1.2
9328.0,0.4
9329.0,-1.24
9330.0,-1.44
9331.0,-1.24
9332.0,-1.28
9333.0,-1.3599999999999999
9334.0,-1.48
9335.0,-1.12
9336.0,-1.44
9337.0,-1.16
9338.0,-1.0
9339.0,0.36
9340.0,-1.16
9341.0,-1.0
9342.0,-1.16
9343.0,0.4800000000000001
9344.0,-7.240000000000005
9345.0,-1.32
9346.0,-1.56
9347.0,0.4800000000000001
9348.0,-1.24
9349.0,-1.16
9350.0,0.31999999999999995
9351.0,-1.16
9352.0,-1.08
9353.0,-1.28
9354.0,-1.16
9355.0,-1.12
9356.0,-1.08
9357.0,-1.3599999999999999
9358.0,-1.2
9359.0,-1.0
9360.0,-1.04
9361.0,-1.28
9362.0,-1.28
9363.0,-7.480000000000005
9364.0,-8.760000000000005
9365.0,-8.000000000000005
9366.0,-1.08
9367.0,-1.56
9368.0,-0.6000000000000008
9369.0,0.4
9370.0,-1.08
9371.0,-1.08
9372.0,-0.3200000000000005
9373.0,-1.16
9374.0,-1.16
9375.0,-1.12
9376.0,-1.16
9377.0,-8.000000000000005
9378.0,-8.000000000000005
9379.0,-1.04
9380.0,0.44000000000000006
9381.0,-1.32
9382.0,-4.920000000000003
9383.0,0.44000000000000006
9384.0,-0.6400000000000008
9385.0,-1.28
9386.0,-1.6400000000000001
9387.0,-1.08
9388.0,-1.2
9389.0,0.36
9390.0,0.4
9391.0,-8.000000000000005
9392.0,0.4
9393.0,-8.600000000000005
9394.0,-1.5600000000000014
9395.0,-8.000000000000005
9396.0,-1.2
9397.0,-1.2
9398.0,-1.44
9399.0,-3.160000000000003
9400.0,-1.28
9401.0,-1.12
9402.0,-1.32
9403.0,-1.12
9404.0,0.4
9405.0,-1.28
9406.0,0.4800000000000001
9407.0,-7.840000000000005
9408.0,-1.04
9409.0,-8.000000000000005
9410.0,-1.4
9411.0,-1.08
9412.0,-2.220446049250313e-16
9413.0,-1.24
9414.0,-8.000000000000005
9415.0,-1.0
9416.0,-1.3599999999999999
9417.0,-1.3200000000000012
9418.0,-1.24
9419.0,-1.2
9420.0,-3.8000000000000016
9421.0,-1.4
9422.0,-1.12
9423.0,0.4800000000000001
9424.0,-4.080000000000004
9425.0,-2.080000000000002
9426.0,-1.28
9427.0,-1.12
9428.0,-1.48
9429.0,-1.32
9430.0,0.4
9431.0,-1.44
9432.0,-1.28
9433.0,-1.16
9434.0,-1.12
9435.0,-1.08
9436.0,-1.16
9437.0,-1.12
9438.0,-1.9600000000000004
9439.0,-1.3599999999999999
9440.0,-4.0000000000000036
9441.0,-1.52
9442.0,-1.040000000000001
9443.0,-1.32
9444.0,-1.48
9445.0,-1.24
9446.0,0.4800000000000001
9447.0,-8.000000000000005
9448.0,-3.6000000000000014
9449.0,-1.08
9450.0,-1.0
9451.0,-1.24
9452.0,-1.44
9453.0,-1.04
9454.0,-1.56
9455.0,0.36
9456.0,-1.04
9457.0,-1.32
9458.0,-1.4
9459.0,-1.12
9460.0,-1.08
9461.0,-1.12
9462.0,-1.2
9463.0,-1.28
9464.0,0.4800000000000001
9465.0,-0.3200000000000005
9466.0,-1.08
9467.0,-1.16
9468.0,0.4800000000000001
9469.0,-1.8000000000000003
9470.0,-1.24
9471.0,-1.44
9472.0,0.4
9473.0,-1.16
9474.0,-1.3599999999999999
9475.0,-1.48
9476.0,-6.760000000000006
9477.0,-1.12
9478.0,-2.220446049250313e-16
9479.0,-1.24
9480.0,-1.2
9481.0,-1.4
9482.0,-1.16
9483.0,-1.04
9484.0,-1.28
9485.0,-1.04
9486.0,-1.44
9487.0,-1.3600000000000012
9488.0,-8.000000000000005
9489.0,0.4800000000000001
9490.0,-1.24
9491.0,-1.04
9492.0,0.2799999999999999
9493.0,-0.36000000000000054
9494.0,0.4800000000000001
9495.0,-1.0
9496.0,-1.04
9497.0,-1.2
9498.0,-1.0
9499.0,0.4
9500.0,-1.44
9501.0,-1.24
9502.0,0.4
9503.0,-1.12
9504.0,-1.48
9505.0,-1.6
9506.0,-1.12
9507.0,-4.080000000000002
9508.0,0.4
9509.0,-1.2
9510.0,-0.2000000000000004
9511.0,-3.8000000000000034
9512.0,-2.960000000000001
9513.0,0.4800000000000001
9514.0,-1.28
9515.0,-0.0800000000000003
9516.0,-2.6400000000000023
9517.0,0.36
9518.0,-0.2000000000000004
9519.0,0.4800000000000001
9520.0,-1.44
9521.0,-1.28
9522.0,-1.3599999999999999
9523.0,-6.240000000000004
9524.0,0.4
9525.0,-3.0800000000000027
9526.0,-1.08
9527.0,-1.4
9528.0,-1.12
9529.0,-5.800000000000005
9530.0,0.44000000000000006
9531.0,-1.04
9532.0,-1.0
9533.0,-1.12
9534.0,-1.48
9535.0,-1.3599999999999999
9536.0,-1.08
9537.0,-1.16
9538.0,-1.4
9539.0,-1.0
9540.0,-2.8800000000000026
9541.0,-1.52
9542.0,-1.12
9543.0,-3.8800000000000034
9544.0,-8.000000000000005
9545.0,-7.0400000000000045
9546.0,-3.320000000000001
9547.0,-1.0
9548.0,-1.44
9549.0,-1.16
9550.0,-0.04000000000000026
9551.0,0.19999999999999984
9552.0,-1.0
9553.0,-1.04
9554.0,-1.24
9555.0,-1.24
9556.0,-1.24
9557.0,-1.28
9558.0,-1.24
9559.0,-2.8400000000000007
9560.0,-1.0
9561.0,-1.12
9562.0,-1.0
9563.0,0.4800000000000001
9564.0,-1.2
9565.0,-1.4
9566.0,0.4800000000000001
9567.0,0.2799999999999999
9568.0,0.4800000000000001
9569.0,-1.32
9570.0,-3.160000000000001
9571.0,-1.4
9572.0,-1.32
9573.0,-1.44
9574.0,-1.08
9575.0,-1.12
9576.0,-1.2
9577.0,-1.12
9578.0,-1.24
9579.0,-5.200000000000003
9580.0,-1.32
9581.0,0.31999999999999995
9582.0,-8.000000000000005
9583.0,0.4
9584.0,0.4800000000000001
9585.0,0.31999999999999995
9586.0,-3.5200000000000014
9587.0,-1.04
9588.0,-6.120000000000005
9589.0,-3.320000000000001
9590.0,-1.4
9591.0,-1.08
9592.0,-1.0
9593.0,-0.2000000000000004
9594.0,0.4800000000000001
9595.0,-1.04
9596.0,-1.0
9597.0,-3.240000000000001
9598.0,-1.32
9599.0,-1.2
9600.0,-1.08
9601.0,-1.12
9602.0,-1.9200000000000017
9603.0,-1.4
9604.0,-1.16
9605.0,-1.0
9606.0,-1.12
9607.0,0.4800000000000001
9608.0,-1.0
9609.0,0.4800000000000001
9610.0,-1.4
9611.0,-1.04
9612.0,-1.04
9613.0,-1.24
9614.0,-1.08
9615.0,0.23999999999999988
9616.0,-1.04
9617.0,-4.200000000000002
9618.0,-0.5200000000000007
9619.0,-1.7200000000000015
9620.0,-1.04
9621.0,0.4800000000000001
9622.0,-1.12
9623.0,-1.0
9624.0,-1.08
9625.0,-2.8000000000000025
9626.0,0.4800000000000001
9627.0,-1.4
9628.0,-3.0000000000000027
9629.0,-1.24
9630.0,-1.04
9631.0,-3.6800000000000015
9632.0,-1.12
9633.0,-8.000000000000005
9634.0,-1.4
9635.0,-1.2
9636.0,-1.12
9637.0,0.19999999999999984
9638.0,-1.0
9639.0,-6.040000000000005
9640.0,0.4800000000000001
9641.0,0.36
9642.0,-1.6
9643.0,-1.0
9644.0,-1.04
9645.0,-0.8000000000000009
9646.0,0.4
9647.0,-1.5600000000000014
9648.0,-1.4
9649.0,-1.24
9650.0,-1.28
9651.0,-1.7600000000000002
9652.0,-1.3599999999999999
9653.0,0.4800000000000001
9654.0,-0.6000000000000008
9655.0,-1.3599999999999999
9656.0,-1.52
9657.0,0.19999999999999984
9658.0,-8.000000000000005
9659.0,-2.280000000000002
9660.0,-1.52
9661.0,-8.000000000000005
9662.0,-1.2
9663.0,-1.12
9664.0,-1.32
9665.0,-1.08
9666.0,-0.6800000000000008
9667.0,-2.2
9668.0,-1.4
9669.0,-1.2
9670.0,-1.2
9671.0,-1.16
9672.0,-1.52
9673.0,-1.44
9674.0,-1.44
9675.0,-1.44
9676.0,-1.2
9677.0,0.11999999999999977
9678.0,-1.6800000000000002
9679.0,-2.880000000000001
9680.0,0.4800000000000001
9681.0,-7.640000000000005
9682.0,-1.48
9683.0,-1.44
9684.0,-1.04
9685.0,-1.16
9686.0,-1.08
9687.0,-1.0
9688.0,-1.24
9689.0,-1.04
9690.0,-1.48
9691.0,0.31999999999999995
9692.0,-1.24
9693.0,-1.04
9694.0,-1.12
9695.0,-1.12
9696.0,-1.4
9697.0,-4.560000000000002
9698.0,0.19999999999999984
9699.0,-1.24
9700.0,-1.08
9701.0,-1.08
9702.0,0.36
9703.0,-1.28
9704.0,-2.920000000000001
9705.0,-1.28
9706.0,-0.6000000000000008
9707.0,-1.4
9708.0,-1.04
9709.0,-1.0
9710.0,0.4800000000000001
9711.0,-1.0
9712.0,-1.48
9713.0,-1.12
9714.0,-1.44
9715.0,-1.04
9716.0,-1.44
9717.0,0.07999999999999974
9718.0,-2.5200000000000005
9719.0,-1.44
9720.0,0.31999999999999995
9721.0,-1.0
9722.0,-1.0
9723.0,-6.240000000000004
9724.0,0.4800000000000001
9725.0,-1.12
9726.0,0.07999999999999974
9727.0,-1.24
9728.0,-8.000000000000005
9729.0,-1.12
9730.0,0.11999999999999977
9731.0,-1.16
9732.0,-2.3600000000000003
9733.0,-1.48
9734.0,-1.16
9735.0,-1.32
9736.0,-2.6800000000000024
9737.0,-1.0
9738.0,-1.24
9739.0,-1.12
9740.0,-1.28
9741.0,-1.12
9742.0,0.44000000000000006
9743.0,-4.0000000000000036
9744.0,0.4800000000000001
9745.0,0.23999999999999988
9746.0,-2.8000000000000025
9747.0,0.44000000000000006
9748.0,-1.24
9749.0,-1.0
9750.0,-6.960000000000004
9751.0,0.23999999999999988
9752.0,0.44000000000000006
9753.0,-1.3599999999999999
9754.0,-1.6400000000000015
9755.0,-1.32
9756.0,-5.240000000000005
9757.0,-1.04
9758.0,0.36
9759.0,-1.2
9760.0,-1.44
9761.0,-1.04
9762.0,-1.04
9763.0,-1.4
9764.0,-1.2
9765.0,-1.0
9766.0,0.4
9767.0,-5.440000000000003
9768.0,-1.08
9769.0,-1.04
9770.0,-1.44
9771.0,-1.56
9772.0,-1.2
9773.0,-1.16
9774.0,-1.12
9775.0,-1.0
9776.0,0.23999999999999988
9777.0,-1.44
9778.0,-1.28
9779.0,-1.2
9780.0,-1.12
9781.0,-1.2800000000000011
9782.0,-8.000000000000005
9783.0,0.4
9784.0,0.4
9785.0,-1.4
9786.0,-1.0
9787.0,0.4
9788.0,-1.0
9789.0,-3.120000000000001
9790.0,-1.0
9791.0,0.4800000000000001
9792.0,-1.24
9793.0,0.4800000000000001
9794.0,-3.4000000000000012
9795.0,0.4800000000000001
9796.0,0.4800000000000001
9797.0,-1.16
9798.0,-1.56
9799.0,-1.48
9800.0,-1.04
9801.0,-1.4
9802.0,0.31999999999999995
9803.0,-1.5200000000000014
9804.0,-1.0
9805.0,-1.16
9806.0,0.4800000000000001
9807.0,-1.08
9808.0,-2.2800000000000002
9809.0,0.4800000000000001
9810.0,-1.3599999999999999
9811.0,-8.000000000000005
9812.0,-5.360000000000003
9813.0,0.4
9814.0,-1.52
9815.0,-1.0
9816.0,0.4800000000000001
9817.0,0.4
9818.0,-1.56
9819.0,-3.6000000000000014
9820.0,-1.12
9821.0,-1.04
9822.0,-1.44
9823.0,-1.32
9824.0,-1.080000000000001
9825.0,-1.0
9826.0,0.4800000000000001
9827.0,-1.120000000000001
9828.0,-1.2
9829.0,-5.320000000000005
9830.0,-1.44
9831.0,-1.24
9832.0,-1.0
9833.0,-1.32
9834.0,-1.6400000000000001
9835.0,0.4
9836.0,-1.24
9837.0,-1.04
9838.0,-1.2
9839.0,-1.12
9840.0,-1.04
9841.0,-1.12
9842.0,0.4800000000000001
9843.0,-0.4400000000000006
9844.0,-1.4
9845.0,0.4
9846.0,-1.32
9847.0,-1.2
9848.0,0.4800000000000001
9849.0,0.4800000000000001
9850.0,0.4800000000000001
9851.0,-1.04
9852.0,-1.12
9853.0,-1.24
9854.0,-1.32
9855.0,-0.8000000000000009
9856.0,-1.28
9857.0,-8.000000000000005
9858.0,-1.28
9859.0,-1.24
9860.0,-1.48
9861.0,-1.12
9862.0,0.4800000000000001
9863.0,-1.12
9864.0,-1.2
9865.0,-1.4400000000000013
9866.0,-1.12
9867.0,-1.24
9868.0,-1.2
9869.0,-1.12
9870.0,-1.28
9871.0,-1.44
9872.0,0.4800000000000001
9873.0,0.4
9874.0,-5.0800000000000045
9875.0,-1.24
9876.0,-1.4
9877.0,-1.2
9878.0,0.4
9879.0,-1.08
9880.0,-1.0
9881.0,-4.160000000000004
9882.0,-1.3599999999999999
9883.0,0.4800000000000001
9884.0,0.4
9885.0,-1.3599999999999999
9886.0,-1.4
9887.0,0.4800000000000001
9888.0,-1.2
9889.0,-1.12
9890.0,-1.0
9891.0,-1.0
9892.0,-1.08
9893.0,-1.2
9894.0,0.4800000000000001
9895.0,-1.24
9896.0,-1.0
9897.0,-2.8400000000000025
9898.0,-1.28
9899.0,0.4800000000000001
9900.0,-1.12
9901.0,-1.0
9902.0,-1.24
9903.0,-1.12
9904.0,-0.12000000000000033
9905.0,0.1599999999999998
9906.0,0.44000000000000006
9907.0,-1.16
9908.0,-1.24
9909.0,-1.2
9910.0,-1.3599999999999999
9911.0,-1.0
9912.0,0.4800000000000001
9913.0,0.4
9914.0,-1.4
9915.0,-1.24
9916.0,-1.32
9917.0,-1.08
9918.0,-5.9600000000000035
9919.0,-1.0
9920.0,-1.24
9921.0,-1.32
9922.0,-1.28
9923.0,-6.360000000000004
9924.0,-1.28
9925.0,-0.4000000000000006
9926.0,-1.12
9927.0,-1.52
9928.0,-2.220446049250313e-16
9929.0,0.4
9930.0,-1.08
9931.0,-1.0
9932.0,-1.04
9933.0,-1.16
9934.0,-1.04
9935.0,0.4800000000000001
9936.0,-8.000000000000005
9937.0,-1.08
9938.0,-1.12
9939.0,-1.44
9940.0,0.4
9941.0,-8.000000000000005
9942.0,-1.56
9943.0,-1.12
9944.0,-1.2
9945.0,-2.6800000000000006
9946.0,0.4800000000000001
9947.0,0.4800000000000001
9948.0,-1.52
9949.0,-1.12
9950.0,-1.44
9951.0,-1.08
9952.0,-1.24
9953.0,-2.8800000000000026
9954.0,0.31999999999999995
9955.0,-1.24
9956.0,-1.12
9957.0,-1.04
9958.0,0.4
9959.0,-1.0
9960.0,-1.48
9961.0,-1.3599999999999999
9962.0,-1.08
9963.0,-1.3599999999999999
9964.0,0.4
9965.0,-1.16
9966.0,-1.48
9967.0,0.4800000000000001
9968.0,-1.7600000000000016
9969.0,-2.08
9970.0,0.4800000000000001
9971.0,-1.8400000000000003
9972.0,-1.32
9973.0,-1.6
9974.0,-1.24
9975.0,0.4
9976.0,-1.32
9977.0,-1.2
9978.0,-1.24
9979.0,-1.16
9980.0,0.31999999999999995
9981.0,-1.0
9982.0,-1.48
9983.0,-1.28
9984.0,-1.16
9985.0,-1.3599999999999999
9986.0,-1.12
9987.0,0.4800000000000001
9988.0,-1.28
9989.0,-1.04
9990.0,-1.04
9991.0,-1.48
9992.0,0.4800000000000001
9993.0,-1.04
9994.0,-1.08
9995.0,0.4
9996.0,-1.04
9997.0,-8.000000000000005
9998.0,-2.12
9999.0,-1.2
