0
216171
526756
980172
1309756
2076754
2571772
2971476
3193014
3815161
3999257
4710915
5617370
5796016
6292845
6775680
7262707
7500508
7908719
8465345
8880974
9161144
9494832
9692000
10110835
10811306
11260869
11840161
12558604
12836373
13147345
13653044
14211846
14698389
15254793
15777277
16118761
16503753
16656654
16787981
16851827
17196141
17360814
17649091
18037755
18190054
18413898
18569503
19246661
19547537
19745766
19821110
19824546
20099725
20263540
20483588
20859936
21267303
21497045
22093800
22570495
23298145
23539445
23932234
24284452
24546953
24671711
24825224
25032260
25248894
25554180
25845708
26265700
26763264
27138229
27743674
28432632
29294516
29955051
30052905
30058805
30061389
30075473
30087877
30336269
30924821
31526782
31723636
32013644
32191513
32446853
32489070
32618919
32629688
32736931
32868732
33077383
33534808
34456304
33993468
34477347
34691309
34768069
34816012
34834095
34872341
35180139
35286069
35907826
36008200
36413048
36884400
36955490
37210669
37662633
38006682
38510711
38510776
38511078
38510831
38335221
38796233
38882992
39137014
39242884
39342758
43287099
43323750
43596322
43711362
44246854
44265990
44325079
44382538
44430827
44469093
44543186
44576478
44630338
44706169
44762744
44757826
44994475
45187876
45292671
45735788
45941710
46197054
46735378
46936661
46975894
47173362
47281926
47331271
47551718
47640053
47768006
48075064
48211010
48453926
48662901
48890790
49534927
49537683
49540120
49542078
49543853
49546864
49548498
49552027
49554401
49555908
49555940
49558431
49561136
49563440
49564960
49568344
49570846
49573656
49576185
49578843
49581253
49486040
49623670
49747066
49834759
50029338
50283439
50362855
50451023
50477823
50513847
50544116
50624614
50608512
50820843
50899220
50969374
51171390
51511862
51663109
52012728
52208365
52586392
52747650
53053085
53425670
53806941
54423572
54637559
54678755
54709520
54778571
54828266
54971724
55078837
55153195
55207699
55673617
55943749
56056863
56201346
56632705
57031036
57083007
57500001
57570212
59268464
57830863
58105282
58208583
58304482
58234638
58558509
58571049
58593771
58678780
59015298
59767132
59940916
60030116
60104716
60161580
60207868
60397670
60434558
61008004
61939575
60998666
61039823
60832388
60838046
60840421
60842034
60845182
60847883
60850872
60853377
60852983
60856671
60857204
60860044
60859573
60862089
60862487
60867420
60868825
60867833
60871461
60871108
60873471
60875600
60875762
60878459
60879758
60881290
60882236
60883992
60883766
60886709
60887859
60890957
60891702
60893670
60894901
60893916
60897025
60898097
60898359
60898468
60900429
60901970
60902016
60901893
60902099
60903523
60904848
60906814
60908604
60907619
60909629
60909265
60910782
60911460
60912324
60912869
60913670
60913987
60914555
60917512
60917564
60919168
60922507
60921677
60924564
60924916
60925741
60926357
60927218
60926030
60929739
60930931
60929282
60930033
60932892
60933304
60931514
60934260
60937519
60936745
60936625
60940745
60941325
60938885
60941077
60941463
60940829
60942532
60943384
60943148
60941718
60944140
60944576
60944635
60943804
60944433
60947613
60944630
60949245
60949494
60949954
60950838
60949040
60951844
60952347
60952619
60951331
60951808
60956193
60956787
60957546
60958087
60958600
60959104
60958566
60960391
60960869
60960040
60960695
60961248
60961713
60962117
60966193
60966630
60967065
60967422
60968082
60963838
60964333
60966619
60968693
60969149
60970066
60973887
60970014
60972178
60970911
60971840
60971580
60972495
60973355
60978044
60978320
60978644
60979225
60979673
60976218
60978781
60980462
60980854
60981682
60982098
60980636
60982991
60983284
60983816
60984211
60984617
60984995
60984793
60985841
60986344
60985791
60993623
60990362
60988584
60991059
60990244
60991318
60992212
60991199
60997495
60997625
60993756
60993233
60994164
60995531
60994482
60995983
60995646
60997821
60998526
61000205
61000192
61001091
61001504
61001967
61000941
61000451
61002754
61007832
61003847
61004275
61004581
61004997
61005464
61005862
61006507
61009907
61009771
61010136
61010654
61011019
61011472
61011522
61011830
61012976
61012226
61018616
61014366
61014696
61015177
61015613
61015856
61017804
61018858
61019785
61020203
61019141
61026835
61027175
61019943
61022587
61022982
61023347
61023630
61023943
61030357
61023771
61025355
61025675
61028718
61027916
61028541
61030026
61030671
61029020
61029907
61032073
61032352
61032461
61033027
61033248
61032392
61033126
61035045
61034914
61033975
61045103
61045417
61037365
61039944
61040388
61040731
61041065
61041553
61041710
61040911
61041427
61042372
61043639
61043668
61042771
61051629
61054425
61049803
61055492
61049045
61048237
61049602
61049158
61058294
61049544
61050584
61059387
61052845
61053230
61054061
61052688
61054134
61053545
61058011
61056792
61066140
61057069
61059515
61059907
61060343
61060651
61060947
61060177
61061994
61070159
61070319
61061754
61063665
61064037
61064545
61066198
61066858
61067752
61068732
61067596
61077735
61078007
61068969
61071082
61070691
61071705
61070890
61072218
61072139
61071729
61082083
61072120
61077462
61077573
61078232
61078358
61077659
61078719
61079546
61089057
61078366
61079656
61081107
61090214
61081960
61081224
61081786
61081620
61095227
61084653
61087262
61087504
61087937
61087673
61088245
61088214
61089013
61098959
61099156
61089269
61091635
61091907
61092293
61091536
61092048
61096008
61106269
61106480
61095464
61097851
61098288
61098534
61098825
61098242
61098804
61109961
61099338
61098972
61100125
61099752
61101065
61102616
61101536
61105581
61105889
61116739
61105034
61107617
61117606
61108179
61108442
61107961
61109727
61120297
61108187
61110896
61109260
61111639
61111830
61111045
61115198
61126254
61114089
61115393
61115717
61128071
61115719
61118192
61118456
61117535
61118696
61119488
61130961
61119340
61121021
61121300
61121545
61124450
61123731
61125643
61124215
61124237
61126528
61127153
61127380
61126754
61128543
61127085
61140436
61127485
61130013
61130353
61130610
61132502
61133519
61132051
61133042
61146545
61135509
61136560
61148734
61137413
61137822
61138077
61138487
61137716
61138668
61139501
61152198
61138567
61140948
61142882
61143127
61142933
61143503
61145780
61145148
61145093
61146138
61146955
61145489
61148010
61148367
61147539
61148188
61148136
61151710
61148754
61153469
61154180
61153139
61154487
61167689
61153474
61155909
61156290
61169325
61157105
61156845
61156304
61157878
61171297
61158738
61159321
61160028
61175814
61162367
61176751
61161860
61164360
61164827
61165117
61165645
61179261
61165106
61165099
61166952
61167619
61181421
61166312
61166377
61168853
61168148
61172297
61172847
61186797
61173744
61174128
61174380
61173607
61174886
61189386
61176054
61176466
61175190
61176934
61176794
61176266
61192347
61177257
61179054
61182007
61181323
61183154
61181603
61197892
61184326
61185497
61185754
61186016
61185486
61185195
61185241
61187906
61188299
61188575
61187472
61203926
61192323
61192911
61207863
61193676
61194043
61194310
61193690
61194908
61210477
61193950
61196399
61196587
61195962
61197628
61212970
61196210
61198673
61201656
61202029
61201422
61200974
61201765
61203479
61203813
61203186
61203231
61203126
61205767
61204846
61206693
61222476
61206005
61206261
61208003
61209664
61227004
61210303
61212313
61212467
61211782
61213168
61229492
61214232
61214456
61214829
61214319
61214113
61231962
61216609
61216939
61217246
61219176
61220675
61237344
61221611
61221884
61222257
61238800
61223183
61239279
61223596
61224404
61241022
61222758
61225430
61225822
61225001
61226755
61246133
61228720
61230436
61230627
61229965
61231437
61231026
61248920
61232623
61232876
61232358
61233651
61251017
61234768
61235037
61234164
61236089
61256273
61237197
61239753
61240008
61240178
61241499
61259542
61240669
61242809
61241894
61243824
61261669
61243176
61244931
61244830
61263102
61245943
61248889
61248071
61249470
61267634
61250470
61251019
61250003
61251936
61250059
61252508
61252655
61252072
61253416
61271941
61253066
61253139
61256843
61258093
61257357
61258664
61277259
61259739
61260438
61278697
61259440
61279660
61259465
61261968
61262187
61281020
61262803
61281900
61263795
61264382
61263540
61267450
61286652
61268686
61268934
61267983
61269988
61288962
61269093
61270908
61271359
61271052
61270612
61291358
61273049
61273893
61272541
61275021
61275046
61277604
61277727
61277971
61278106
61298037
61279393
61279641
61279288
61300185
61278938
61281250
61280470
61280528
61302078
61282917
61283193
61285172
61285026
61286370
61287507
61286655
61286556
61288573
61287885
61289090
61287658
61290193
61290495
61289847
61291058
61311737
61291912
61292348
61294190
61295676
61294281
61296693
61296919
61296670
61318113
61298237
61298469
61297843
61297340
61299643
61299970
61301724
61300409
61302296
61301604
61305586
61326783
61306299
61305621
61305615
61306429
61308093
61307330
61308730
61330137
61309734
61310457
61309445
61331983
61311278
61311476
61312229
61333613
61315609
61315800
61315667
61337991
61317118
61317719
61316108
61316253
61318270
61318546
61317813
61341123
61320032
61318672
61320747
61321232
61320376
61323009
61322784
61325398
61324436
61326066
61326319
61324776
61327122
61326496
61326476
61326982
61328885
61328951
61329272
61329188
61330364
61329491
61330963
61334266
61334358
61333694
61333572
61333514
61336195
61336349
61336193
61335672
61335680
61338056
61338094
61338676
61337011
61339648
61338693
61340184
61342958
61343720
61342679
61344288
61342777
61345277
61345540
61345537
61369672
61345229
61347174
61346497
61346411
61346279
61348813
61347865
61347866
61349931
61352854
61353389
61353566
61352930
61354381
61353905
61378620
61355653
61353393
61355015
61354389
61380518
61357168
61357512
61355922
61358398
61357679
61360299
61360348
61362855
61361722
61363286
61387888
61364371
61388346
61364664
61365229
61389523
61366071
61366348
61366667
61367124
61365551
61367956
61367069
61371311
61397431
61373520
61373708
61373221
61398976
61375067
61375409
61375943
61400598
61376147
61376417
61377009
61401763
61378018
61378216
61378730
61406322
61382151
61382267
61381074
61383009
61383351
61383348
61409564
61384895
61384046
61383992
61386359
61385270
61411989
61387219
61387394
61387986
61413447
61391401
61391680
61391496
61392075
61390991
61393251
61393629
61419459
61394420
61394560
61393987
61421117
61395886
61396142
61396778
61422746
61397446
61400341
61400179
61427122
61401797
61401920
61401361
61429025
61403434
61402964
61403538
61403103
61430716
61405059
61405196
61404228
61406149
61406467
61404780
61409985
61409103
61409171
61409598
61411656
61411539
61412071
61412399
61413028
61439656
61413720
61412707
61414035
61412617
61415189
61415664
61415828
61418667
61446165
61417324
61418658
61447439
61420852
61421135
61420380
61448917
61422411
61421405
61422805
61421541
61421592
61422892
61451748
61425146
61425323
61428707
61456111
61429235
61429535
61430274
61457851
61430933
61431247
61431774
61459737
61432651
61433084
61433043
61431460
61433946
61433131
61462599
61437699
61438033
61438756
61466706
61439329
61439520
61439802
61438373
61440746
61440097
61440035
61470036
61442580
61442523
61440817
61471197
61442502
61472433
61447225
61446366
61447745
61447051
61476841
61450134
61450714
61449793
61451518
61451691
61451800
61450804
61451361
61453289
61452610
61482873
61454423
61453420
61456287
61456737
61457906
61457768
61488323
61459331
61460109
61459315
61490052
61461543
61461379
61459892
61462286
61461936
61492503
61463455
61463746
61463171
61496375
61466282
61497340
61468304
61467301
61468756
61469267
61469118
61499903
61470658
61469699
61469721
61469725
61472246
61471555
61471368
61472804
61472239
61506572
61477051
61476175
61507927
61478175
61478370
61479058
61509250
61479718
61479013
61480464
61480148
61511342
61481674
61480849
61480750
61481358
61485570
61485398
61515648
61485454
61484805
61515960
61485550
61484197
61484097
61485157
61485565
61484020
61485834
61484016
61485639
61483834
61485942
61484816
61484477
61484681
61486591
61485996
61484330
61486227
61485142
61516628
61486419
61486196
61486226
61484393
61486328
61485215
61516913
61486540
61486296
61486528
61484507
61486380
61485240
61484757
61485345
61486478
61485726
61516645
61486645
61484361
61485346
61516892
61486678
61485421
61484987
61486948
61485647
61486086
61486744
61516959
61486212
61486209
61517183
61487070
61485652
61485334
61486916
61529749
61499406
61499468
61531292
61501197
61500905
61532088
61501880
61500704
61500524
61500944
61502948
61502918
61533127
61503089
61502073
61533477
61503286
61502196
61501799
61502140
61503478
61502440
61501971
61503758
61503750
61503822
61501760
61502290
61534241
61533967
61504094
61503941
61505494
61504412
61535950
61505857
61504456
61504223
61504875
61505930
61504809
61507635
61536367
61506013
61505364
61536379
61504803
61506400
61505319
61505322
61505545
61504601
61506570
61505509
61537066
61506895
61505306
61504304
61505031
61506873
61505821
61537444
61506999
61507517
61506966
61506330
61505933
61505954
61505701
61507406
61507808
61507761
61537849
61507432
61506147
61505819
61507763
61507591
61507751
61537903
61507819
61507636
61507465
61506955
61507691
61507931
61505694
61506882
61506758
61507919
61538094
61507740
61506582
61538461
61507949
61507872
61508190
61538538
61506868
61508015
61506612
61508536
61507228
61539069
61508638
61508490
61508471
61507024
61508651
61539139
61508770
61507743
61507722
61539035
61508899
61507883
61508045
61508999
61507510
61507294
61509181
61508950
61509159
61507076
61509233
61507970
61539784
61509380
61507911
61507688
61507913
61509215
61509167
61507292
61509333
61508207
61540046
61509594
61509538
61509206
61507461
61509618
61508378
61507699
61539785
61509496
61508493
61539915
61509671
61509789
61508859
61540267
61510049
61508905
61540579
61510243
61510101
61510255
61508189
61510203
61509039
61540788
61510371
61540468
61508420
61510098
61509962
61510152
61509032
61540576
61510456
61509762
61540694
61510449
61510427
61540620
61510473
61510001
61540938
61510764
61509312
61541127
61510740
61509336
61509089
61510863
61510554
61509306
61510781
61541221
61510749
61509410
61541187
61510763
61510621
61510638
61508835
61510702
61509733
61541376
61510966
61510858
61541362
61511089
61509924
61541580
61511277
61509804
61509541
61511328
61512896
61513171
61543430
61513055
61511712
61511503
61513058
61513083
61513378
61543624
61511803
61511551
61543667
61513228
61543832
61513306
61511843
61513693
61513602
61512154
61512327
61544077
61513703
61512172
61511817
61512188
61513561
61513954
61511636
61513681
61512703
61543857
61513728
61512684
61512995
61511726
61511575
61514133
61514046
61511923
61513994
61512827
61544767
61514210
61544400
61512829
61544277
61514167
61513593
61544512
61514499
61513277
61544933
61514534
61513212
61544991
61514619
61513332
61544943
61514773
61514607
61514009
61513485
61513403
61515235
61514664
61512824
61515043
61514971
61545259
61515002
61513827
61545449
61515183
61513718
61515162
61513954
61515312
61513980
61545767
61515261
61514049
61515122
61515675
61514076
61513700
61515501
61515444
61515430
61515562
61514168
61546051
61515692
61515448
61515372
61514314
61515555
61515838
61513785
61515652
61514694
61514067
61515883
61516037
61513995
61516087
61515490
61546506
61546030
61514690
61546595
61516318
61514938
61546743
61516320
61546269
61515012
61514565
61514871
61546677
61516315
61515021
61514740
61516527
61516397
61516287
61516148
61516455
61515353
61546934
61516777
61515326
61547051
61516634
61515398
61516732
61515440
61547285
61516834
61515587
61547130
61515313
61516743
61516535
61516896
61517082
61547334
61517077
61515868
61515138
61517056
61516356
61547329
61517200
61515964
61547703
61517395
61517062
61517090
61517376
61517268
61517052
61515049
61517313
61517115
61515521
61517562
61516456
61547931
61517638
61516353
61547985
61517684
61516304
61515979
61517766
61515948
61517946
61518071
61515950
61517787
61517958
61516386
61516524
61516465
61518164
61518087
61516455
61518232
61516579
61517806
61517916
61518354
61517025
61548568
61518313
61517028
61548783
61518507
61517151
61548893
61518535
61548780
61518427
61518701
61520326
61519046
61520727
61520157
61519530
61520284
61520127
61519704
61520449
61519212
61518404
61519813
61520743
61550932
61520763
61520059
61551047
61520941
61519654
61551400
61521010
61519555
61551237
61520914
61519647
61519410
61550964
61520987
61519765
61551220
61521073
61520710
61520736
61521091
61521000
61520917
61519277
61520961
61520039
61551268
61521139
61519852
61551604
61521047
61519574
61519297
61520785
61521325
61521074
61520871
61519718
61521077
61521008
61521283
61521036
61551564
61521189
61551692
61519762
61521188
61520222
61520521
61521751
61521055
61519983
61521196
61519642
61521338
61519889
61519768
61519932
61551785
61521354
61521263
61521164
61519375
61521543
61521663
61551788
61521536
61520468
61520759
61521380
61521113
61521584
61521442
61520830
61521605
61520129
61519903
61521752
61521676
61519969
61521794
61520609
61552404
61522006
61520722
61552338
61521993
61521125
61552157
61522092
61520856
61552379
61522229
61520853
61552546
61520883
61521947
61520446
61522397
61521068
61520773
61522619
61522223
61522437
61521191
61553138
61522575
61521414
61553296
61522745
61521842
61553125
61522801
61552735
61522465
61522608
61522603
61522581
61521001
61522790
61521657
61553131
61522984
61522168
61553401
61522967
61521943
61553577
61523432
61523206
61522963
61523225
61521845
61521707
61523410
61523340
61523297
61553894
61523698
61522939
61554070
61523729
61522520
61554056
61523648
61523524
61521991
61523706
61523688
61523421
61523939
61523807
61523816
61521997
61523195
61523853
61523432
61554065
61522500
61524199
61523014
61524365
61524191
61524378
61524236
61524173
61524370
61524276
61524132
61522415
61524621
61524245
61523786
61525011
61524344
61522525
61524733
61523932
61554975
61524919
61523878
61555148
61524792
61524663
61524801
61522855
61524875
61524776
61523289
61524899
61523693
61555459
61525285
61523884
61523422
61525244
61525094
61525413
61523211
61525241
61525379
61555555
61525341
61524644
61555806
61525276
61555379
61523796
61525339
61524198
61555479
61525410
61524600
61555535
61527492
61526277
61557748
61525683
61527466
61527788
61527650
61527401
61527824
61527747
61527568
61525920
61527937
61527896
61526288
61527990
61528023
61527824
61526740
61528112
61528088
61526259
61528324
61528218
61527188
61528468
61528263
61526481
61528638
61527728
61559039
61528913
61527581
61559288
61529050
61527649
61527297
61528982
61527841
61559515
61527629
61529103
61527726
61529095
61529100
61528884
61527912
61529078
61529291
61527369
61529250
61528110
61529437
61529241
61529217
61528028
61529380
61529265
61527425
61529408
61529699
61527548
61529644
61529268
61527641
61529946
61529693
61527286
61527808
61529503
61528318
61559889
61529688
61528472
61560245
61529872
61528297
61529738
61560021
61529754
61529333
61527863
61529832
61528644
61560301
61529963
61528832
61560373
61530086
61530353
61560509
61530101
61528967
61530099
61560615
61530515
61530184
61529160
61530784
61530261
61530039
61530352
61530527
61528407
61530663
61530711
61530750
61530800
61530547
61530929
61530747
61530633
61529589
61530725
61528739
61561238
61530737
61529248
61530933
61530836
61530930
61529095
61530946
61530733
61531118
61530787
61531370
61530475
61561509
61531158
61530042
61561651
61531234
61530786
61561499
61531398
61531259
61529430
61531587
61529973
61531719
61561798
61531485
61531422
61561751
61531877
61529862
61531663
61531644
61531538
61531858
61531590
61531462
61530606
61531699
61531579
61530592
61531818
61531653
61531689
61531832
61530154
61532016
61530564
61530311
61532174
61530773
61530540
61530843
61532070
61530948
61532451
61532162
61530977
61562733
61532316
61531240
61562849
61532678
61531442
61562945
61532825
61531514
61563256
61532607
61563173
61532795
61532645
61531227
61532827
61532641
61531467
61532827
61532839
61531491
61532848
61532734
61531525
61532951
61531766
61531039
61533053
61532479
61563333
61531351
61533369
61531356
61533310
61531933
61531759
61533594
61533401
61533418
61532762
61533572
61532273
61532065
61533780
61533500
61531725
61533917
61532053
61531429
61533491
61533659
61531757
61532816
61532771
61564122
61533915
61532991
61564087
61534041
61533141
61564298
61534148
61532782
61564390
61534141
61564648
61534198
61533249
61532301
61534254
61534460
61533368
61564508
61534490
61564378
61564474
61532826
61564640
61534507
61533223
61533347
61534358
61536497
61536811
61536532
61536544
61536899
61536730
61534760
61535172
61537103
61536754
61535928
61537282
61536928
61536021
61537141
61537204
61535216
61567671
61567773
61538077
61536090
61537696
61536268
61536322
61537926
61537757
61537643
61536448
61537923
61538218
61536135
61537941
61537278
61568466
61538085
61537058
61536270
61538188
61537508
61568626
61537669
61537123
61536895
61537901
61538294
61536939
61538520
61538289
61537094
61538315
61536743
61568814
61538294
61536935
61568746
61538360
61536989
61536691
61538404
61536938
61568851
61538497
61538376
61538530
61536587
61538667
61537344
61536710
61538621
61538464
61537416
61538717
61538707
61537458
61569332
61537626
61538208
61539317
61538742
61537410
61538890
61569498
61538845
61537441
61537587
61538903
61538717
61539065
61539019
61539054
61539155
61538171
61569613
61539449
61538333
61569603
61539449
61538470
61538249
61540010
61539253
61538816
61538199
61570168
61539751
61538398
61538938
61539870
61539845
61539731
61570286
61539862
61538691
61570384
61539971
61539054
61541524
61538417
61570300
61540117
61539941
61538101
61538805
61570394
61540010
61539089
61538160
61539335
61538917
61538269
61538812
61539001
61538203
61540272
61539848
61540233
61538784
61570592
61540332
61539120
61538363
61540329
61539250
61538384
61540629
61540648
61570942
61540767
61539611
61538694
61541147
61540448
61541082
61540800
61541314
61540778
61541103
61540673
61540898
61539473
61571487
61540994
61571154
61539053
61540977
61539795
61541074
61541177
61539071
61539022
61539638
61571675
61541288
61540519
61539220
61541342
61541096
61541461
61541295
61571970
61540162
61539415
61541881
61541354
61540159
61541519
61540156
61572033
61541374
61539984
61541741
61540508
61572253
61541870
61541023
61540000
61542054
61542202
61542341
61542199
61540505
61542129
61540872
61572407
61542300
61541084
61572408
61542224
61541995
61572580
61542136
61542152
61540338
61542165
61540673
61542467
61541142
61543978
61540117
61541539
61540260
61542834
61542236
61540519
61542431
61540664
61541335
61572805
61572737
61541155
61573205
61542699
61541739
61542924
61542598
61540316
61572814
61542570
61573083
61573230
61541578
61540800
61543423
61542759
61542430
61542767
61542763
61542851
61542846
61542857
61573152
61542937
61542948
61543073
61542980
61542050
61541809
61541724
61573623
61543501
61542361
61541238
61543368
61543016
61543449
61541925
61573883
61543340
61543488
61543495
61543620
61543829
61542121
61542045
61543731
61543579
61542875
61542744
61542321
61542113
61542955
61541515
61542948
61543970
61543698
61574115
61543666
61543941
61546419
61546321
61576527
61546207
61545941
61546254
61545017
61576741
61546401
61545192
61576854
61546575
61546054
61548478
61578611
61548284
61578875
61547206
61548618
61547283
61578798
61548744
61547815
61548952
61548987
61547427
61547834
61549100
61579734
61547885
61549236
61547160
61549588
61548975
61549309
61548175
61549196
61549528
61549308
61549208
61547963
61548136
61579579
61549628
61549174
61549176
61548893
61549276
61549661
61548329
61580037
61549648
61548954
61548821
61549656
61549735
61548239
61580050
61549752
61549802
61549457
61549845
61548875
61548027
61550410
61548365
61550091
61548817
61548397
61580597
61550243
61548748
61550372
61549163
61580758
61550300
61550662
61548293
61550246
61548245
61580783
61550853
61550439
61581132
61550757
61548923
61550724
61548607
61550394
61550300
61581192
61550072
61549155
61550997
61550338
61581386
61550563
61549904
61581590
61551077
61549472
61551115
61550853
61549746
61551677
61551020
61551501
61550031
61549843
61551498
61550234
61581826
61551467
61550883
61553231
61551495
61549531
61551553
61550071
61551770
61550538
61582116
61551743
61550929
61549923
61551767
61550258
61550662
61552040
61551716
61552347
61551181
61550738
61552200
61551906
61552393
61552416
61552573
61552441
61551105
61583078
61552728
61551390
61582942
61552629
61582758
61583217
61552897
61552518
61552855
61552734
61552760
61553016
61551540
61552692
61550925
61552795
61553105
61551817
61550998
61553077
61553052
61553417
61552013
61583656
61553372
61552232
61551403
61553725
61553582
61553653
61552163
61584223
61553690
61552841
61553723
61553372
61553890
61552090
61553629
61553740
61552309
61584034
61553444
61553385
61553693
61552457
61551792
61552939
61584407
61553814
61553888
61551999
61552666
61584347
61553420
61553865
61553977
61552798
61584531
61553953
61554305
61554116
61552221
61554104
61554639
61553270
61584597
61554524
61554277
61554399
61553330
61554170
61552128
61552910
61584627
61585006
61554395
61585172
61554359
61554632
61584893
61554644
61554911
61554882
61553379
61585131
61555029
61555088
61555192
61553631
61585589
61555209
61554413
61555198
61585485
61555268
61554579
61553409
61555257
61553854
61555501
61553618
61554124
61554665
61555190
61553753
61585914
61554359
61553530
61555439
61586055
61555871
61555923
61553894
61555738
61586255
61555886
61555839
61555916
61554632
61586198
61555950
61556197
61554392
61554637
61586435
61554603
61555906
61586589
61556305
61555189
61555381
61554557
61554547
61556246
61555143
61554136
61556130
61554672
61556385
61555213
61586687
61556361
61556461
61555054
61556414
61554466
61555571
61554695
61556585
61556401
61556786
61555495
61587009
61555311
61555776
61555053
61556519
61586917
61587111
61555726
61556828
61587395
61556868
61557191
61555436
61557086
61556123
61556432
61557070
61555523
61557318
61556143
61556623
61557394
61556072
61587605
61557669
61555592
61557615
61556778
61555485
61557459
61590965
61560471
61560639
61560312
61559038
61590785
61560535
61559793
61558500
61560606
61560411
61560847
61559515
61590960
61560803
61559236
61561034
61560163
61560432
61560745
61559744
61559321
61560818
61559128
61560970
61561121
61559515
61560940
61559643
61561109
61559917
61591420
61561050
61560056
61559808
61561126
61560985
61561234
61560998
61561332
61560119
61561362
61558975
61560441
61559785
61559848
61591889
61591888
61561259
61560009
61561718
61560680
61559690
61561572
61560118
61561710
61560651
61559720
61561755
61592056
61561804
61561552
61560367
61561379
61561745
61561356
61561792
61560528
61561644
61561646
61560852
61561582
61561715
61560247
61562072
61592269
61560820
61562366
61561696
61560266
61562073
61560731
61562577
61561474
61560477
61562451
61560899
61562748
61561330
61561266
61561511
61593017
61562220
61561490
61562886
61561804
61562293
61563222
61561026
61561901
61593547
61563295
61563214
61563704
61562379
61593954
61563636
61563906
61562619
61563842
61594460
61563847
61562655
61562529
61563903
61562394
61564130
61563996
61563668
61564050
61563386
61562009
61564551
61562640
61564449
61562710
61594822
61563479
61562572
61564321
61562904
61564383
61563471
61594732
61564841
61594955
61564487
61563766
61564479
61563304
61562397
61564456
61562892
61564642
61563512
61564257
61564462
61562770
61564619
61563511
61564627
61563394
61563333
61564777
61562986
61564820
61564846
61564156
61562846
61564765
61595478
61563707
61595137
61565005
61564920
61565144
61564402
61562980
61564912
61563509
61565283
61564487
61564530
61564176
61595559
61565515
61595541
61565155
61595568
61563986
61565416
61565615
61564930
61564386
61564302
61595870
61595725
61564815
61565685
61564906
61565691
61565597
61565399
61565736
61564479
61595844
61565893
61565795
61565875
61564717
61596285
61565902
61564381
61564576
61566044
61596586
61565352
61565670
61566072
61564812
61596287
61566011
61566210
61564826
61564869
61564243
61565740
61566125
61566588
61566803
61566692
61565569
61564856
61566707
61597455
61566989
61565964
61567015
61565765
61597144
61567103
61566773
61567161
61565675
61564956
61565681
61597217
61567094
61565416
61567152
61566180
61565981
61567023
61597271
61566467
61565373
61567177
61566534
61566030
61565929
61597654
61567449
61565678
61567356
61566195
61566954
61567426
61566083
61567260
61567134
61566141
61565669
61567425
61567272
61567582
61566397
61567729
61567744
61567515
61567723
61566538
61565893
61567696
61598125
61567691
61565666
61566637
61598136
61568140
61598508
61567981
61567840
61598288
61568163
61566251
61567977
61568400
61598408
61568039
61567889
61568151
61567126
61568239
61567924
61568186
61566572
61568318
61598593
61566361
61566927
61598412
61568690
61598874
61568326
61568423
61568483
61567534
61568666
61567262
61566981
61566617
61569081
61566969
61568695
61598779
61567409
61568658
61599088
61568865
61568893
61569178
61567768
61599360
61569055
61568884
61569089
61567979
61567840
61569008
61567909
61568501
61568016
61599663
61569334
61599624
61569276
61599684
61569429
61599970
61567882
61568073
61567385
61568321
61567519
61569480
61567964
61569728
61569879
61569046
61569759
61600401
61569902
61569935
61568266
61569760
61600214
61569997
61569799
61569948
61600275
61569907
61568197
61568025
61568679
61603714
61573420
61573591
61573514
61572623
61571953
61572675
61573535
61572155
61603672
61573436
61571727
61573541
61573244
61573554
61573773
61573658
61572251
61571398
61573348
61571931
61573643
61572940
61572076
61572118
61603839
61573373
61573507
61573319
61573523
61604057
61573822
61573885
61603758
61604167
61573653
61572026
61573929
61573232
61572779
61572664
61571955
61573912
61572379
61574129
61574232
61574382
61573091
61604532
61574239
61604830
61574394
61573492
61574557
61573246
61604731
61574732
61574407
61574250
61574566
61605268
61574667
61605116
61574802
61573261
61574969
61574194
61574548
61574899
61574629
61575052
61574355
61573133
61573762
61605824
61573732
61575104
61574892
61575454
61574108
61573317
61573946
61605754
61575476
61575269
61575633
61574493
61574078
61575415
61605991
61574413
61575652
61574734
61575665
61606193
61575735
61575633
61575998
61574799
61606386
61576093
61574585
61576324
61575933
61606318
61574828
61575713
61576290
61574951
61606469
61574827
61575212
61576357
61575656
61575060
61576362
61606719
61576289
61607015
61576410
61576510
61576495
61576408
61576114
61576505
61607000
61576644
61576419
61576705
61576640
61575240
61576735
61606912
61575408
61576684
61575472
61607013
61575540
61574667
61576832
61575323
61577155
61577281
61577061
61575763
61576315
61575683
61575802
61577006
61577038
61607637
61575974
61577445
61577350
61577386
61607640
61576277
61577393
61576153
61607763
61577640
61577356
61577690
61576945
61576482
61577440
61607630
61577635
61608357
61577643
61577384
61577792
61576594
61576978
61576295
61608052
61577740
61576433
61577859
61576551
61575794
61576385
61607953
61577673
61576065
61576363
61578173
61608151
61578275
61576337
61576536
61577788
61575890
61576786
61575981
61577890
61576398
61578257
61578288
61578177
61577102
61576235
61578113
61608692
61578721
61576617
61578247
61577981
61578069
61578317
61578225
61609216
61578408
61578501
61578824
61578761
61577013
61578602
61578931
61578947
61577690
61576848
61578832
61609555
61579145
61579200
61579212
61578235
61577065
61577820
61609384
61579050
61578852
61577316
61578196
61579056
61577891
61578914
61577999
61576969
61577539
61609157
61579193
61577458
61579229
61577894
61577161
61579022
61577438
61579272
61578231
61579426
61578121
61609644
61579532
61577665
61579483
61579355
61609605
61579208
61609856
61579403
61579083
61579519
61578774
61578280
61579758
61578228
61579468
61609867
61579715
61578418
61579937
61578895
61577971
61578610
61610448
61579850
61610584
61580153
61580178
61580323
61578823
61610556
61579368
61578709
61580312
61579540
61578285
61580269
61610701
61579146
61578600
61580325
61580166
61579722
61580613
61611146
61610811
61580586
61578981
61580758
61610771
61580764
61580626
61611023
61581162
61611174
61580852
61579682
61580166
61580824
61579369
61581068
61580960
61579072
61579862
61579224
61580020
61611701
61579763
61580461
61579149
61581201
61611937
61581585
61581514
61611822
61580852
61580448
61581384
61581548
61581792
61612319
61580485
61581871
61581088
61580081
61581837
61580124
61580603
61581882
61611990
61580523
61612293
61582061
61580385
61582186
61582262
61582298
61581539
61581859
61582094
61612518
61582110
61612757
61582337
61582125
61582472
61582025
61582311
61614054
61583601
61614063
61583988
61582503
61582253
61583053
61582501
61584737
61615494
61585011
61583346
61585150
61585274
61585214
61584445
61583578
61583901
61615545
61585170
61615804
61585253
61585527
61585338
61584054
61585217
61615848
61585520
61615662
61584166
61583580
61585465
61616012
61616021
61584371
61584203
61584489
61615963
61585920
61584310
61586015
61585912
61586127
61585086
61584185
61586217
61584746
61586577
61586135
61586239
61585256
61590217
61588837
61620439
61590042
61620548
61590025
61587822
61588468
61588843
61590273
61589425
61588366
61588898
61590229
61590106
61590310
61590221
61588058
61589131
61589713
61589030
61620544
61590887
61588961
61590058
61589703
61590563
61589354
61620678
61590765
61621181
61590387
61589544
61590892
61620925
61589736
61621142
61590952
61589598
61591351
61589957
61591384
61591137
61589129
61590313
61591418
61590400
61589781
61590237
61621799
61591327
61589757
61591552
61591822
61591694
61591773
61590157
61590618
61590309
61591599
61589679
61590490
61589644
61591621
61590367
61591576
61589686
61590520
61622052
61591764
61622281
61591875
61590350
61592195
61592298
61592109
61592291
61592346
61592205
61591071
61592446
61591480
61622526
61622544
61591979
61622376
61592084
61592310
61592148
61591178
61592301
61590993
61592341
61590196
61591041
61590314
61592134
61622878
61592330
61592236
61623044
61592239
61592572
61591013
61592728
61592794
61592799
61591587
61590878
61591052
61591677
61592860
61623301
61592903
61592579
61592988
61592216
61593169
61592121
61593301
61593294
61592287
61591992
61593319
61623599
61593410
61593309
61623872
61593357
61623935
61593464
61591850
61593459
61591808
61593462
61593643
61593639
61592454
61623875
61593537
61593593
61593847
61593837
61593780
61592582
61593086
61592430
61624276
61593804
61624219
61593761
61624410
61594118
61594223
61593148
61592795
61592944
61624357
61594139
61592614
61594562
61594443
61594479
61593799
61594458
61593554
61592471
61594397
61625106
61624581
61593325
61594331
61593201
61593633
61593890
61594189
61594628
61593781
61593136
61593374
61592572
61593215
61625033
61594695
61625274
61594752
61594584
61594432
61593409
61594784
61594557
61592599
61593458
61592676
61593428
61592668
61593420
61593842
61594897
61625244
61595012
61593233
61595016
61594774
61595159
61594691
61595079
61593867
61594462
61593937
61594783
61594053
61595377
61625974
61595533
61595311
61595696
61595734
61595641
61594490
61594213
61594424
61625898
61595787
61593957
61595830
61595752
61595788
61594562
61625985
61596227
61626271
61626239
61594747
61596095
61594914
61593910
61594512
61626219
61595886
61594353
61595956
61595751
61596044
61595398
61594081
61596062
61626669
61596183
61596077
61596295
61596133
61596213
61595172
61596328
61595157
61596440
61595012
61594255
61596215
61626652
61596272
61626738
61596315
61596276
61596526
61627049
61596542
61627169
61596530
61627075
61594747
61626709
61596369
61626929
61595486
61596669
61594603
61595057
61594976
61596544
61627292
61596704
61597117
61596970
61596604
61596924
61595903
61596913
61595766
61594950
61595630
61595296
61596757
61596911
61595127
61595712
61627375
61596895
61627693
61597156
61596971
61597233
61597163
61596447
61596099
61599242
61597503
61597080
61597516
61597684
61597658
61597296
61597701
61596991
61627983
61596228
61595833
61596637
61627975
61597854
61628204
61597756
61628439
61597776
61597874
61596098
61596926
61596118
61596894
61628732
61598462
61596732
61628859
61597382
61596770
61596327
61597223
61597018
61597071
61598954
61598684
61597039
61598771
61598498
61598890
61599031
61599053
61598199
61597428
61596976
61597183
61598990
61598920
61597895
61598382
61598931
61629673
61598556
61629403
61599099
61629635
61599084
61598859
61599121
61598806
61599130
61598887
61599221
61598223
61599207
61598100
61599181
61629222
61597840
61597138
61599102
61629568
61599274
61597582
61599413
61597790
61599471
61597439
61599542
61629980
61599598
61598035
61599904
61598426
61599002
61598394
61597811
61599693
61630402
61599965
61598377
61600034
61599982
61598529
61599334
61600125
61598848
61598084
61630353
61599531
61600411
61630817
61600328
61598728
61599172
61598391
61599250
61599108
61600537
61600294
61600703
61600680
61600890
61600724
61600831
61599963
61600826
61599512
61599458
61599957
61600718
61599876
61598995
61599576
61598960
61600824
61599030
61600082
61599778
61600970
61601056
61601047
61601234
61601216
61600175
61600436
61599900
61631579
61601267
61599731
61601323
61599535
61601459
61601341
61631477
61599859
61602924
61601343
61631688
61601260
61599519
61601203
61631692
61601137
61599666
61601142
61601010
61601336
61604738
61605598
61605395
61636030
61605301
61635625
61605080
61604135
61605391
61635855
61605325
61605130
61605723
61605727
61605685
61635985
61636157
61605541
61635929
61605479
61605685
61605814
61605444
61605990
61606059
61606054
61605075
61604664
61604775
61605855
61606156
61605066
61606332
61606347
61636623
61606183
61636981
61606202
61636586
61606165
61604654
61606335
61606113
61606543
61606591
61606713
61606658
61605114
61605400
61604673
61606528
61606570
61604668
61606031
61606851
61605720
61606939
61606712
61606859
61606976
61606872
61605872
61604981
61606863
61637457
61606265
61605612
61606991
61637516
61607147
61637655
61607353
61605685
61607243
61637762
61637478
61606140
61605321
61605974
61637504
61605737
61607383
61607640
61638308
61606995
61606248
61607760
61607675
61607963
61607854
61608023
61607661
61608032
61606994
61606869
61606884
61607364
61606732
61606044
61607980
61638575
61607964
61638604
61608018
61607844
61607026
61606863
61606679
61606498
61608278
61607954
61608339
61608346
61608297
61607431
61608324
61606563
61608292
61608155
61608447
61608342
61608727
61606846
61608551
61638990
61607900
61608798
61608450
61608811
61608477
61608806
61607216
61608846
61608627
61608691
61607094
61608830
61608437
61608918
61608053
61608739
61608794
61608782
61606413
61639070
61608630
61639155
61608827
61606893
61639141
61607534
61609026
61609259
61608971
61608712
61608891
61608635
61609112
61609120
61609169
61608968
61609229
61607669
61609419
61609187
61609647
61608633
61609923
61609642
61639874
61610175
61608840
61609688
61607631
61608270
61609481
61610153
61640485
61609886
61640232
61610188
61640687
61610112
61608314
61608877
61610348
61609003
61609079
61609033
61609369
61608973
61640476
61610615
61640497
61610185
61640564
61610381
61608856
61610705
61610692
61610745
61609340
61610331
61609979
61610142
61609544
61609091
61640582
61609004
61608401
61610364
61640699
61610329
61640935
61610385
61640822
61610607
61641041
61610722
61608954
61610728
61610424
61610819
61610751
61610835
61610887
61609367
61641125
61610759
61641122
61608612
61641464
61611017
61641294
61611286
61609084
61610949
61609304
61610743
61610814
61611145
61641592
61609773
61609880
61611060
61609688
61609597
61611194
61610751
61611235
61611312
61609235
61610131
61609452
61610366
61611470
61611594
61611561
61611254
61611649
61611315
61611775
61611772
61611832
61610022
61609631
61610257
61641848
61611515
61642140
61611728
61610142
61611848
61611389
61611815
61611395
61611701
61611356
61611809
61610344
61611915
61611748
61610107
61611839
61610174
61612078
61611675
61612033
61612218
61610699
61612030
61642296
61610799
61611228
61611626
61642818
61612384
61611090
61611747
61611338
61610496
61611220
61612558
61643005
61612864
61612798
61612860
61612995
61613248
61613206
61613224
61613174
61612453
61611295
61612030
61611171
61643885
61611711
61613142
61643622
61613247
61643921
61613410
61611646
61613405
61611676
61613279
61613380
61613548
61611691
61613567
61613694
61613751
61613335
61613565
61613381
61613803
61611902
61613768
61613474
61613931
61613583
61614022
61613908
61644420
61612721
61613932
61612765
61613931
61612757
61612040
61613719
61612695
61614256
61612600
61614179
61612589
61614222
61614000
61613428
61613157
61614481
61612723
61613167
61614416
61613340
61614296
61614410
61612998
61613291
61614591
61614560
61614401
61612774
61614667
61614493
61614659
61614338
61614627
61614320
61614777
61614462
61615008
61615132
61614974
61614054
61615140
61613928
61614424
61613827
61613100
61614855
61613367
61615031
61614974
61615263
61614159
61615449
61614384
61613936
61614178
61613847
61615519
61613921
61645604
61613961
61645478
61615797
61613700
61615501
61615225
61615640
61614226
61615598
61614904
61615710
61614450
61613747
61614349
61645933
61615723
61613728
61646235
61614256
61645885
61614290
61646071
61615640
61646120
61616281
61646355
61615855
61615692
61615999
61615582
61616124
61614956
61616232
61616311
61614721
61616157
61614273
61616471
61646259
61615938
61615922
61616211
61614765
61614957
61616198
61646511
61616301
61646931
61616309
61646797
61616412
61616532
61616533
61614925
61616675
61616996
61616889
61616777
61616892
61615776
61616963
61616756
61647318
61616691
61646941
61616768
61647251
61616756
61616814
61616960
61616821
61617244
61616393
61615710
61615928
61617201
61647758
61617226
61647851
61617533
61647819
61617217
61616968
61617500
61617531
61617486
61616160
61616077
61616180
61616129
61616439
61615695
61647657
61616007
61617839
61648163
61616856
61617066
61648213
61618047
61616204
61617940
61615576
61617922
61648251
61617905
61648396
61618266
61648753
61618161
61648654
61618356
61617089
61618563
61618188
61623395
61622852
61623439
61621603
61623482
61623445
61622490
61622599
61623512
61621861
61623744
61622465
61623976
61623605
61623597
61622982
61622518
61623008
61622606
61623868
61623397
61622475
61621838
61623174
61623884
61623200
61623959
61625469
61623896
61625610
61624110
61625603
61624078
61624131
61624578
61626073
61625826
61624623
61626244
61656748
61626345
61656807
61626394
61625247
61626755
61657291
61626752
61656954
61657359
61625990
61626981
61657609
61627004
61625486
61627290
61625536
61627402
61625641
61627349
61657571
61625803
61625190
61625929
61627390
61627440
61627170
61627628
61627327
61627649
61657852
61627434
61657919
61625440
61625747
61627629
61657837
61625520
61626515
61627641
61658155
61627776
61628182
61627796
61627424
61627689
61658118
61627555
61658175
61627858
61626097
61627798
61626487
61626549
61627258
61628019
61627781
61627335
61627329
61628175
61626550
61628255
61626519
61658793
61627691
61628485
61659089
61628744
61658685
61628298
61658823
61626926
61628007
61628194
61658618
61626879
61626375
61627183
61627236
61628560
61626959
61628715
61659210
61628623
61658887
61627045
61627334
61628812
61626644
61628850
61626855
61627652
61628973
61627781
61628151
61628957
61627252
61627974
61627289
61628526
61628019
61628256
61628336
61659650
61629242
61659594
61629450
61659831
61628385
61627876
61629506
61660022
61628372
61660097
61629904
61660394
61629995
61627976
61628629
61628811
61629152
61630431
61630363
61630344
61628685
61630237
61628531
61630263
61630024
61630337
61628713
61630367
61628565
61630410
61660861
61630750
61630482
61630105
61630464
61660805
61630247
61630557
61660997
61630662
61660829
61630964
61630607
61630627
61660755
61630626
61628607
61629551
61630765
61661284
61630736
61661399
61630832
61628898
61629688
61629662
61631034
61630286
61630921
61630736
61631162
61629360
61631205
61661731
61631156
61661226
61631170
61661530
61631169
61661584
61661402
61629822
61631198
61629457
61631046
61629627
61631243
61661960
61631103
61661398
61631153
61632990
61661557
61630079
61631181
61661555
61629952
61629792
61630184
61631378
61631061
61631436
61661858
61631545
61629710
61630446
61631763
61631815
61631824
61631369
61631668
61662256
61631653
61661935
61630380
61630391
61630929
61632028
61631283
61632014
61631683
61629696
61630705
61632026
61632037
61631692
61631777
61632042
61631896
61630234
61632041
61662330
61631874
61629954
61630802
61630696
61631408
61632169
61630531
61632192
61662309
61662691
61662893
61632501
61632734
61631189
61631458
61631274
61631546
61631070
61631675
61632913
61631739
61632947
61632605
61632918
61663461
61632934
61663480
61633325
61663397
61663334
61663453
61631571
61631064
61631635
61663516
61631969
61632100
61631664
61633279
61632439
61663677
61633107
61631160
61632182
61633204
61663641
61632652
61663608
61633480
61663411
61631952
61633338
61631142
61632038
61633276
61631604
61632667
61631669
61633412
61663938
61633650
61631907
61633616
61663944
61633523
61631480
61632280
61633649
61632552
61631818
61632258
61633534
61632732
61633783
61632721
61632580
61633424
61634270
61632509
61633647
61664562
61634135
61632266
61632906
61632282
61633219
61633076
61633283
61633177
61633801
61632936
61633084
61634548
61634189
61634502
61632940
61634416
61665096
61634624
61665008
61634668
61664966
61633353
61632856
61633595
61633558
61633882
61633825
61633939
61635280
61634836
61635031
61635253
61633193
61634038
61633704
61633816
61635072
61634802
61635139
61635073
61635184
61634132
61634649
61635403
61665803
61635826
61665749
61635353
61635455
61635358
61635516
61634262
61635655
61635423
61635712
61666429
61634439
61634357
61634695
61635978
61634686
61636031
61635710
61636068
61634307
61635937
61634272
61635933
61666482
61636124
61666443
61634816
61636407
61636462
61636420
61636550
61636409
61636056
61666356
61636459
61636327
61666931
61636426
61666555
61635256
61636413
61635248
61636716
61636867
61636807
61635327
61636256
61667390
61636721
61667143
61635485
61634810
61635754
61635505
61636292
61637029
61636252
61637244
61635585
61637239
61636978
61635888
61637405
61636705
61636903
61637873
61637579
61637758
61668103
61637632
61667882
61637727
61667951
61636511
61636096
61636887
61636068
61636800
61638055
61637656
61638074
61636286
61638039
61668675
61636880
61636912
61638329
61637955
61638144
61637089
61638276
61638421
61638347
61636668
61638713
61636424
61636827
61638316
61638121
61638308
61636755
61638789
61636425
61637448
61638502
61638560
61638486
61636144
61638435
61668892
61638401
61636583
61637332
61638704
61637580
61638744
61637055
61638688
61637047
61638075
61638713
61638905
61639009
61636974
61637828
61638421
61669384
61639554
61637189
61637910
61639035
61638209
61639479
61637560
61639101
61669626
61639090
61638244
61637879
61639101
61638756
61639137
61669583
61639606
61669595
61639201
61669595
61639364
61637342
61638224
61639572
61638503
61639592
61639767
61639635
61637987
61638722
61637870
61639493
61669767
61639397
61637729
61638424
61639673
61639403
61639678
61670320
61639691
61670072
61638480
61639921
61638670
61640039
61638200
61639854
61670441
61639915
61638053
61638888
61640188
61640240
61640310
61640196
61638372
61639535
61670312
61670417
61639074
61640513
61639062
61640479
61639338
61639577
61675967
61644406
61645068
61645791
61645983
61645690
61645835
61644461
61645045
61646218
61644607
61645496
61676678
61646253
61676694
61676383
61646274
61644468
61645928
61676438
61676620
61676479
61645624
61646556
61646201
61646381
61645186
61646250
61644754
61645855
61646797
61645012
61646136
61677187
61646710
61644766
61645710
61645529
61646214
61647044
61646812
61647060
61677715
61647032
61645317
61646416
61647329
61645736
61646090
61647360
61677691
61646080
61645512
61646499
61647407
61644959
61677710
61647177
61646780
61678129
61647929
61677908
61647825
61678084
61647882
61678150
61646855
61645835
61646936
61646714
61646959
61646925
61647470
61648361
61648464
61646112
61647923
61648633
61646354
61647666
61648499
61648284
61648594
61678957
61648497
61679046
61648555
61650068
61648577
61646854
61678944
61648470
61678982
61647326
61647118
61648712
61648604
61646306
61648624
61678954
61647511
61648094
61648220
61649094
61648797
61649116
61647291
61648913
61648369
61679198
61647605
61649073
61649265
61649119
61647478
61649064
61679362
61647839
61649235
61649297
61649168
61647524
61649154
61679844
61649791
61649298
61647636
61649161
61649313
61649368
61679540
61648092
61649386
61649020
61649399
61649041
61649426
61679912
61648245
61648266
61648562
61649913
61648077
61649741
61680056
61648506
61647760
61649643
61650083
61680394
61649993
61680700
61650288
61648012
61648912
61650263
61649166
61650279
61650017
61650319
61680783
61648392
61680604
61649028
61650523
61649266
61649325
61650430
61680763
61650242
61680693
61650429
61649859
61649464
61650771
61650358
61650578
61681076
61650571
61680810
61649451
61650030
61649611
61648827
61649689
61651016
61649145
61651335
61650968
61648861
61650211
61681317
61681300
61649646
61649567
61650511
61651218
61681617
61651135
61649783
61681672
61650113
61651325
61649570
61651296
61681808
61651261
61681731
61650049
61649625
61650262
61651575
61651608
61651813
61650076
61651794
61649599
61650761
61652017
61651651
61652036
61682491
61651971
61650090
61682188
61651847
61650897
61651574
61652380
61682936
61652311
61650302
61651136
61652617
61652299
61652308
61682817
61651189
61652606
61651421
61652823
61652284
61652651
61650945
61652654
61683060
61652733
61683042
61651634
61651596
61651806
61652803
61651642
61652935
61651976
61653095
61652487
61652701
61683210
61651694
61651629
61651817
61651687
61653315
61653235
61652959
61653272
61651846
61653173
61651535
61653638
61651279
61652186
61653411
61653466
61653529
61684062
61653437
61653382
61652137
61652196
61652575
61653748
61651597
61653911
61684257
61684531
61653479
61654322
61652627
61654548
61684690
61654438
61652399
61684256
61684548
61684881
61652925
61652432
61653287
61654467
61652883
61654469
61684936
61654472
61652784
61653565
61654622
61654376
61654840
61653154
61654910
61685295
61654866
61685424
61654858
61652992
61653783
61655179
61655111
61655140
61685408
61654123
61655083
61685204
61653156
61653572
61654738
61653807
61654939
61685563
61653977
61655271
61655001
61655197
61653570
61655261
61685641
61654108
61653576
61655524
61653817
61655444
61685918
61655353
61655666
61686214
61655789
61653708
61654659
61656014
61656032
61656167
61654371
61655998
61686496
61655981
61686536
61656093
61654296
61655059
61656503
61656486
61656440
61654618
61656313
61686686
61655190
61656514
61656746
61654191
61655728
61656414
61656158
61655716
61686619
61655167
61655373
61655815
61656651
61656660
61686739
61655653
61656766
61656483
61656710
61656975
61655368
61656011
61656733
61656887
61655307
61656811
61687293
61655747
61657082
61657100
61657268
61687442
61656006
61655900
61656330
61657246
61657140
61655227
61657316
61656121
61657404
61657103
61657416
61688082
61657321
61687657
61656119
61657696
61656649
61657586
61657439
61657755
61688351
61657708
61657785
61658157
61656280
61658077
61656409
61688523
61657029
61658260
61688661
61658376
61688672
61658190
61657685
61658360
61656373
61657410
61658500
61656647
61658427
61688975
61658305
61688759
61657362
61656653
61657573
61658785
61657432
61658630
61689192
61658626
61656621
61657585
61658855
61657823
61658969
61657325
61658884
61689413
61659021
61689396
61657891
61659147
61658082
61659399
61658545
61658225
61659474
61689924
61659214
61657678
61659543
61659219
61659487
61689933
61659443
61689938
61658186
61659770
61659825
61659622
61657840
61659515
61689907
61658492
61658200
61658976
61660061
61690419
61659750
61690184
61658534
61659592
61659824
61658836
61660204
61660066
61690396
61660045
61659471
61659321
61660283
61659884
61660098
61690588
61660628
61690617
61660254
61690772
61660380
61690911
61659256
61659829
61659608
61660863
61659596
61659472
61660457
61660568
61659958
61659976
61660875
61659684
61661058
61660974
61691367
61660807
61691286
61659889
61661329
61661241
61661157
61691580
61660993
61659049
61659993
61661382
61660262
61661439
61691968
61661425
61691765
61660059
61659545
61660363
61661636
61661470
61660715
61660682
61661566
61661149
61661342
61691716
61661274
61659364
61659740
61660303
61661555
61692091
61660385
61662003
61660548
61661834
61692147
61661790
61661172
61661274
61661919
61661839
61659796
61660754
61660792
61662270
61662087
61692661
61662118
61660755
61660742
61662333
61661120
61662370
61660174
61660794
61662540
61662292
61692929
61662275
61660403
61661227
61662527
61662740
61662653
61660970
61662637
61692961
61660865
61692834
61661893
61662678
61662360
61662625
61660978
61663039
61660706
61661506
61662857
61662462
61662706
61693020
61661443
61662650
61662790
61693069
61661589
61661312
61661896
61663148
61663003
61661059
61663165
61663122
61693754
61663235
61662535
61663482
61663409
61661751
61663320
61661400
61663500
61693557
61662275
61663639
61662160
61663457
61693899
61663467
61661550
61662416
61663671
61661910
61662649
61663682
61694177
61663548
61694023
61662346
61661805
61662554
61663919
61663974
61663932
61662249
61663931
61694203
61663879
61694088
61663878
61665640
61663959
61700284
61668489
61668578
61669223
61670124
61668424
61670099
61671364
61671479
61671788
61670163
61671807
61670169
61671938
61670427
61672115
61670501
61672240
61670581
61672310
61702778
61672232
61672482
61672096
61672412
61670784
61671847
61703213
61672095
61671158
61672863
61671219
61672962
61703617
61673056
61671514
61703235
61672749
61673041
61703294
61673185
61671126
61703719
61673211
61703819
61672254
61673538
61672745
61673629
61673161
61672944
61704317
61673659
61673051
61672628
61672406
61672644
61672446
61672752
61674066
61673891
61704355
61672566
61672478
61672958
61674160
61672327
61673258
61704695
61673943
61672815
61674405
61673961
61674188
61672585
61674276
61704773
61674687
61672175
61672797
61672304
61672895
61672936
61674097
61673537
61673097
61674462
61674347
61672692
61673621
61672304
61674601
61674479
61672821
61674503
61704830
61704802
61674782
61674623
61673575
61674484
61675027
61705092
61673603
61673069
61673760
61674394
61674249
61675230
61674848
61675078
61705570
61675019
61705372
61675002
61705426
61673762
61705375
61675182
61705524
61674216
61675389
61705579
61675177
61705491
61705488
61673266
61674204
61675507
61674350
61675389
61675564
61675528
61675186
61675445
61706031
61675616
61705880
61674018
61706168
61674462
61675834
61675948
61675765
61674154
61675900
61706392
61675974
61706368
61676024
61706449
61676269
61706759
61676436
61674852
61676374
61706638
61676485
61675310
61676524
61676751
61707078
61676842
61707319
61676930
61707282
61677096
61676802
61677020
61677094
61677055
61707654
61677263
61675584
61677232
61707547
61677436
61707910
61677510
61675576
61676376
61677697
61676576
61677713
61677918
61677948
61676321
61678151
61708346
61677933
61708220
61676758
61677409
61677055
61676247
61676958
61678426
61678369
61678268
61678401
61678311
61676646
61708596
61678425
61678317
61676778
61678589
61709034
61678458
61708888
61677263
61677345
61678033
61678794
61678822
61708670
61709422
61678688
61678804
61676977
61677672
61679068
61678654
61678209
61678247
61678382
61709536
61679021
61709507
61679061
61677464
61677968
61677409
61678203
61679473
61678453
61679489
61679445
61679460
61677798
61679455
61709817
61679455
61677826
61677988
61679288
61678963
61679187
61709562
61679146
61709387
61678091
61678542
61678210
61679534
61678473
61679752
61679828
61679840
61679465
61679808
61679406
61679944
61710468
61679994
61710482
61680552
61710444
61679980
61710586
61678802
61678175
61710642
61679947
61679153
61680528
61679466
61680637
61680849
61680002
61680814
61680459
61680683
61679066
61680774
61711218
61680749
61678618
61679517
61679405
61679968
61680937
61680302
61678812
61680084
61680985
61679275
61681041
61711528
61681256
61711610
61681196
61679555
61681308
61711875
61681297
61679779
61681549
61681173
61681551
61711891
61681448
61711896
61681499
61711936
61681539
61712046
61681630
61680283
61680243
61681027
61681812
61681800
61681811
61712146
61681634
61712027
61680565
61681927
61681078
61681923
61711985
61680625
61680797
61680925
61682177
61680809
61682211
61682236
61712531
61682233
61680230
61681240
61682334
61682025
61682265
61680531
61682331
61712857
61681695
61712613
61682210
61712645
61680736
61682694
61682313
61682634
61712845
61682521
61681991
61681494
61682698
61682479
61682639
61681035
61682754
61681024
61682718
61713066
61681288
61680753
61681520
61682769
61681628
61682952
61681545
61682735
61713227
61682697
61713393
61681171
61713290
61682692
61713075
61681422
61680986
61681558
61681404
61681738
61683024
61683216
61682917
61681272
61683089
61713533
61682986
61681551
61682277
61683101
61683017
61681315
61683044
61713565
61683160
61713600
61683201
61713482
61682009
61713573
61683370
61683552
61683557
61683633
61681575
61682670
61683907
61683385
61683486
61683784
61714281
61684225
61714227
61683745
61681750
61682568
61682513
61682707
61684058
61682822
61684218
61684287
61684235
61683845
61684182
61714609
61684070
61682779
61684010
61684074
61682563
61684258
61714654
61684169
61682273
61683046
61684233
61684462
61684362
61684140
61684354
61715078
61684435
61682536
61684191
61683215
61683584
61684772
61682908
61684383
61684436
61684464
61685125
61682923
61683618
61685068
61684576
61684889
61715518
61684910
61682963
61683811
61683534
61684178
61685124
61684454
61685298
61685030
61685296
61685466
61715762
61685149
61685279
61683407
61684258
61685531
61685141
61685484
61683895
61684889
61685550
61684146
61685655
61685673
61685264
61684846
61716056
61685601
61716094
61685686
61716086
61685662
61716209
61685674
61716237
61684611
61685283
61685196
61686250
61685956
61686122
61684491
61686223
61716846
61686104
61716693
61686046
61686424
61686439
61684786
61686503
61716991
61686640
61717438
61687382
61685071
61685652
61717069
61685638
61685015
61687234
61687246
61685402
61686984
61717550
61685619
61686404
61686053
61687299
61686902
61687194
61717713
61687224
61717664
61687452
61717721
61687343
61717681
61686134
61717429
61686024
61687313
61686914
61687245
61687010
61687332
61685632
61687351
61717771
61687419
61686608
61687643
61686803
61686387
61689428
61687775
61686119
61687735
61686006
61687735
61718263
61687694
61718089
61687881
61718422
61687423
61688038
61686094
61686936
61688352
61687734
61688400
61688277
61688261
61718787
61688427
61686727
61688238
61718640
61688251
61687547
61687496
61688359
61687929
61687018
61688157
61688521
61686931
61688561
61719305
61688844
61719326
61689295
61719265
61687538
61688070
61688034
61689050
61687241
61687825
61719521
61689433
61719211
61687860
61687817
61719351
61687604
61687920
61688192
61689276
61689400
61689361
61687747
61719549
61687658
61689377
61719724
61689260
61688144
61689315
61688874
61688847
61689710
61689601
61689483
61689378
61689893
61689836
61720142
61688628
61688735
61689351
61690135
61689842
61690131
61688514
61690178
61688218
61689135
61690414
61690368
61689039
61690312
61688338
61689417
61690480
61721012
61690414
61688337
61689206
61690458
61689143
61690457
61689367
61689338
61690641
61690314
61690715
61690322
61690611
61721277
61690774
61721205
61690781
61721151
61689487
61690125
61690162
61690927
61721398
61690985
61721338
61690736
61690781
61689106
61690629
61690451
61690721
61690041
61689646
61691018
61689587
61690990
61690710
61690714
61690788
61721233
61691095
61721521
61691156
61689201
61689961
61691408
61691464
61691496
61691118
61691437
61689833
61691488
61721828
61691997
61721950
61691449
61721822
61690810
61721579
61691679
61721955
61690663
61690530
61691177
61691076
61690105
61690732
61692251
61692235
61692062
61722503
61690886
61690235
61691032
61690400
61692272
61692338
61722827
61692654
61690357
61691144
61690936
61691675
61692423
61697323
61699090
61729400
61699009
61697000
61697934
61698058
61698377
61699261
61698179
61699342
61729775
61698004
61699278
61698608
61699245
61729504
61699088
61697297
61698139
61699490
61699593
61699578
61697865
61699532
61730104
61699512
61697517
61698853
61699713
61698006
61699684
61729950
61699657
61730158
61698366
61730110
61698580
61730278
61699999
61730438
61700063
61698051
61700048
61698302
61700459
61700497
61730870
61700225
61698461
61698825
61698949
61699757
61698461
61700374
61700790
61731035
61700571
61698903
61699635
61701157
61701044
61700951
61700804
61701216
61699428
61698842
61731617
61700950
61699771
61701099
61701390
61701179
61701406
61699573
61701162
61700972
61700426
61701494
61699904
61701763
61731876
61701633
61699593
61700486
61701964
61701903
61701936
61701735
61701866
61732516
61701982
61703799
61701825
61700837
61702293
61702329
61700698
61702479
61732611
61702198
61700230
61701051
61702474
61702400
61732544
61732682
61701341
61702665
61702840
61702739
61733186
61702489
61732978
61702591
61733194
61702676
61733124
61700974
61733234
61701655
61702996
61701259
61703169
61733265
61701595
61704671
61703164
61703280
61702833
61702589
61702816
61703249
61703512
61701792
61703357
61733879
61703388
61701366
61702316
61703685
61703689
61703557
61701906
61703003
61734018
61702130
61733776
61702314
61703844
61703776
61703816
61702208
61703716
61734243
61702475
61704178
61702758
61704010
61702795
61704044
61703719
61704121
61701816
61704196
61702496
61704276
61734637
61704064
61702226
61703556
61703932
61704132
61702295
61703130
61704406
61704129
61704326
61734859
61704303
61734718
61704340
61702488
61703382
61704685
61704275
61704564
61735003
61704598
61704943
61704266
61704468
61703649
61704212
61704409
61734934
61704382
61734886
61704436
61735015
61704616
61734908
61703616
61704868
61703843
61703467
61704724
61703273
61704687
61704872
61703105
61704937
61735048
61703667
61704957
61704202
61705011
61705066
61705174
61703290
61705052
61703071
61705070
61735480
61703816
61703114
61704024
61705225
61735983
61705233
61735679
61705212
61703282
61735347
61705292
61705378
61705329
61736050
61705455
61736041
61705448
61703538
61704386
61705713
61704501
61705825
61705933
61705705
61735869
61703883
61705432
61704923
61705822
61705574
61736050
61704386
61705796
61704428
61705960
61704205
61705784
61736424
61704557
61706046
61705766
61705911
61704318
61706047
61736679
61704860
61706133
61704591
61706245
61704566
61706161
61736470
61705131
61706551
61706182
61706550
61736846
61706283
61704619
61705451
61706610
61706262
61706613
61736988
61706620
61705383
61705387
61706746
61737145
61706711
61737108
61705529
61705915
61705870
61706938
61705351
61707141
61737797
61705769
61705143
61706063
61707318
61706536
61707468
61737807
61706192
61707403
61737855
61707287
61737874
61706297
61705592
61707831
61707767
61707645
61707832
61738433
61707777
61738096
61706517
61707236
61738010
61738224
61707096
61708018
61706427
61708023
61707120
61707120
61708177
61738592
61708491
61738381
61706731
61707897
61708150
61738493
61707315
61708525
61708027
61707690
61738745
61706974
61706999
61707759
61708626
61708531
61708656
61708311
61708484
61738998
61708566
61738803
61707265
61707293
61707817
61708752
61707002
61708645
61738921
61707222
61707859
61707467
61706930
61707978
61707396
61708573
61708755
61739333
61708652
61739640
61707926
61709148
61708779
61708562
61739579
61709112
61739413
61708061
61707958
61709416
61709325
61739470
61708018
61707467
61708731
61709618
61709264
61709553
61740113
61709624
61739969
61709631
61739888
61708326
61707686
61708606
61709978
61708619
61709742
61708806
61709533
61707994
61709744
61740242
61708663
61740039
61708793
61710216
61709796
61710174
61740567
61708501
61740414
61708922
61709727
61709425
61709127
61710938
61709913
61709539
61710681
61709074
61710935
61710749
61741538
61710831
61708901
61709780
61710922
61711145
61711058
61710722
61710104
61741276
61709738
61709143
61710100
61709882
61710319
61711376
61711151
61711470
61741911
61711207
61741628
61741721
61709722
61710231
61711490
61709705
61711276
61741788
61711570
61710278
61710289
61711637
61741905
61711558
61742086
61710424
61710603
61742037
61711528
61711694
61742078
61710555
61710785
61710825
61712053
61742457
61711902
61709935
61710803
61712004
61711797
61712072
61710226
61711917
61710314
61712197
61742392
61710955
61712054
61711470
61712222
61712167
61742497
61711982
61742531
61712097
61710163
61711241
61712400
61712169
61712355
61742689
61710997
61711139
61711830
61711220
61711812
61712790
61743044
61711092
61742759
61711545
61712554
61710820
61712536
61712081
61712849
61711085
61712865
61743197
61712776
61743369
61711694
61713111
61712115
61713082
61710890
61713171
61712993
61711541
61711576
61713309
61711246
61712029
61713278
61713429
61713304
61743576
61713136
61711253
61712088
61713457
61713464
61713366
61743789
61712083
61711415
61712844
61713694
61711871
61713524
61744162
61713634
61743870
61712329
61712340
61713062
61713970
61711682
61744369
61713004
61714082
61712235
61713991
61744607
61712648
61714090
61712970
61712292
61713202
61714413
61714082
61714446
61744815
61713318
61712998
61712714
61714885
61712510
61713444
61714669
61714245
61714558
61713057
61714674
61745120
61713339
61713401
61714171
61714918
61714744
61714804
61745169
61713627
61715167
61715270
61715169
61745613
61715070
61745555
61715120
61715364
61745664
61714156
61715445
61715078
61715365
61715017
61715354
61745857
61745559
61713685
61715523
61714806
61715492
61715534
61714222
61714220
61714471
61715795
61714051
61714142
61746016
61714467
61715674
61714907
61715396
61715555
61746118
61715743
61746019
61714774
61716023
61714361
61716070
61746331
61714841
61714794
61715128
61716162
61714602
61716790
61714378
61715213
61716571
61716575
61716488
61714905
61715964
61747081
61716397
61715688
61716800
61747397
61716714
61714958
61716161
61716112
61716792
61714899
61715858
61717134
61716803
61717075
61747753
61716294
61717126
61747522
61715939
61717420
61716345
61717405
61717033
61717411
61748001
61717351
61715439
61716250
61717638
61715805
61717397
61748018
61717555
61719323
61717713
61717670
61748086
61717813
61717210
61748330
61717705
61715800
61716573
61717934
61718023
61718025
61716414
61717900
61748455
61718221
61748848
61717218
61718491
61716629
61718277
61717965
61716218
61718494
61717789
61748970
61717486
61717477
61718794
61718662
61717048
61718658
61716821
61717629
61718939
61718968
61719055
61718635
61718431
61749562
61719029
61749183
61718998
61749274
61717898
61719164
61718126
61719204
61749860
61719700
61749427
61720296
61719809
61721276
61721074
61721411
61751687
61720268
61720213
61752066
61721343
61721936
61719961
61721847
61720216
61722007
61720801
61721924
61720165
61721055
61722126
61720406
61722478
61720024
61721050
61722244
61720887
61722187
61752685
61722714
61722325
61721618
61721274
61721093
61722674
61722614
61753034
61722491
61752912
61721419
61722839
61721483
61722732
61722531
61722635
61723140
61721677
61722974
61722884
61723201
61721454
61723262
61753457
61721972
61722603
61722654
61723552
61723221
61723719
61753967
61723581
61754088
61723821
61721775
61722901
61724067
61722159
61723874
61754216
61723699
61724172
61723206
61723367
61724080
61722332
61723911
61754651
61723770
61754505
61723996
61722165
61723054
61724276
61723893
61724182
61754704
61724175
61754596
61724325
61722456
61724607
61724701
61722830
61724764
61726472
61723757
61724752
61755255
61724741
61730247
61731095
61730321
61731108
61730855
61732836
61732681
61763139
61731408
61731422
61731688
61732923
61731241
61732916
61763221
61731755
61731673
61733285
61733236
61763376
61731901
61731789
61732645
61733406
61733509
61733559
61763712
61733272
61731454
61733587
61732180
61732356
61733530
61733209
61733528
61764116
61733630
61763956
61732542
61733774
61732119
61733691
61763897
61732483
61733862
61733927
61733693
61732049
61733973
61732215
61733920
61764410
61733862
61732010
61732893
61734152
61733937
61733505
61764766
61732867
61734407
61733225
61734464
61734185
61734330
61732956
61732899
61733343
61734582
61734791
61733358
61733680
61734850
61734601
61733863
61765498
61734826
61733052
61733757
61735084
61733386
61734815
61733059
61733678
61733226
61735128
61733897
61735126
61733934
61735297
61734001
61734758
61735571
61733827
61735494
61733555
61734379
61735577
61734210
61735483
61766034
61735461
61735534
61733746
61735458
61765681
61734332
61734256
61735864
61734736
61765844
61734330
61735747
61735730
61735739
61735596
61735952
61766040
61734478
61733913
61734696
61735852
61734934
61736115
61766609
61735993
61766267
61734785
61736277
61736176
61766752
61736099
61734141
61735450
61736337
61766765
61735854
61766558
61734995
61734178
61735049
61736400
61735109
61736266
61766665
61734907
61734383
61735569
61736230
61736243
61735662
61736574
61766612
61766839
61735314
61736833
61736389
61736610
61766892
61735292
61734761
61736112
61737060
61735224
61736929
61735278
61737120
61767434
61735755
61737292
61737323
61737070
61767392
61735670
61737114
61735761
61737119
61737325
61737337
61735712
61736748
61767862
61737410
61767826
61736248
61736122
61737562
61737454
61767943
61737311
61767914
61736190
61736380
61736460
61737757
61737839
61737759
61736458
61737067
61735770
61736570
61738044
61737686
61737828
61736286
61738152
61736364
61738094
61736312
61737057
61738139
61768276
61737029
61736457
61737830
61738376
61736680
61738447
61769180
61738148
61738252
61737887
61738576
61737152
61738545
61769222
61739038
61769017
61738877
61739084
61769528
61739016
61769344
61737420
61737851
61739240
61737427
61738381
61737627
61738608
61739745
61737912
61739515
61770077
61738170
61737584
61738443
61739699
61739523
61739633
61770127
61739656
61739616
61737858
61739044
61770302
61739601
61737930
61738935
61739840
61739919
61739904
61739634
61739872
61738378
61740090
61770522
61770692
61738958
61739579
61739286
61740429
61740264
61740445
61738458
61739659
61740726
61739832
61740934
61740610
61740335
61771245
61739910
61741043
61740873
61741302
61739552
61741238
61740610
61740362
61741587
61741156
61740878
61771869
61740152
61741582
61739444
61741557
61771897
61740319
61739839
61741548
61741877
61772482
61741625
61740675
61741239
61741976
61772201
61741771
61739868
61740737
61740364
61740801
61742101
61742276
61742069
61740442
61741675
61772454
61742007
61772438
61741007
61742464
61741722
61742531
61742306
61740350
61772497
61742434
61742538
61742220
61742468
61772942
61742438
61773041
61741380
61742720
61741454
61742606
61743039
61741954
61742637
61773084
61742567
61772963
61741546
61742870
61742679
61742848
61772996
61741596
61742964
61741817
61742902
61773234
61742820
61741084
61741758
61743052
61742133
61743130
61742925
61742345
61742433
61743116
61743420
61741720
61742208
61743482
61743127
61743487
61741860
61743449
61741499
61742409
61743538
61743179
61742912
61774042
61742230
61743606
61743118
61743865
61743593
61743129
61744037
61774542
61743859
61774211
61742808
61744228
61743163
61744275
61774845
61744121
61745981
61744317
61742621
61744353
61774717
61744223
61742402
61743151
61744338
61744067
61744192
61742544
61744396
61742646
61744337
61774626
61743054
61744436
61744577
61744345
61774786
61744184
61742159
61743031
61744564
61743542
61743295
61744727
61744801
61742677
61744909
61744771
61775204
61744524
61742682
61743428
61744704
61743529
61744730
61775265
61744761
61744030
61744006
61744906
61744421
61744772
61775393
61744887
61775029
61744643
61744800
61743813
61743643
61745148
61743312
61745079
61775694
61745007
61743156
61744031
61745304
61744970
61745368
61775836
61745751
61743420
61744214
61744078
61745614
61745605
61776060
61745441
61744755
61744881
61745741
61745482
61745733
61776102
61746331
61745098
61743835
61745210
61746028
61776502
61744752
61744862
61745430
61746161
61745792
61746156
61776528
61746125
61776410
61744930
61744986
61745138
61744858
61745205
61746352
61746482
61746446
61777091
61746330
61776754
61745306
61746603
61746330
61746646
61746750
61744905
61746725
61776844
61745442
61746869
61745837
61746875
61777493
61746225
61777434
61745797
61747090
61747352
61747479
61747080
61747396
61777917
61747389
61745442
61746667
61746728
61777912
61746212
61747819
61747633
61778179
61747667
61747035
61746795
61747828
61778244
61747753
61745822
61746804
61748066
61747681
61748110
61746379
61747893
61778596
61746914
61748358
61747955
61748152
61778661
61748197
61746133
61747121
61748476
61747718
61748452
61747716
61748598
61747853
61779121
61748411
61746402
61747360
61747449
61748764
61779121
61748552
61746525
61747780
61748667
61747032
61748683
61748800
61748942
61779427
61748870
61748235
61748999
61746881
61748207
61749064
61748688
61748834
61746935
61747554
61746893
61748383
61749048
61779578
61749106
61779864
61748572
61779785
61749252
61748685
61748359
61779653
61748026
61749453
61749669
61749414
61779571
61749390
61747827
61749502
61747558
61748792
61749802
61747992
61749469
61747680
61748552
61749866
61749528
61749923
61780319
61749940
61751876
61750263
61749771
61750340
61780753
61750550
61780715
61780695
61749422
61750515
61750023
61750477
61780749
61750309
61748577
61749388
61750636
61750719
61750611
61781104
61750498
61780911
61750626
61749256
61750932
61750818
61750548
61750970
61781556
61751066
61748996
61749889
61751165
61750796
61781504
61781459
61749898
61750547
61751159
61751317
61781788
61749804
61750490
61750452
61751309
61750392
61751309
61781837
61751346
61781647
61750363
61751506
61751433
61751672
61781996
61750351
61749762
61750682
61752092
61782105
61749778
61752150
61752093
61782534
61751864
61751878
61751370
61751439
61749921
61782791
61752090
61751465
61752330
61752482
61751028
61752267
61752259
61752358
61750705
61751479
61752779
61751052
61752973
61783190
61752757
61752795
61752498
61752760
61783413
61752832
61783360
61752893
61751051
61751968
61753268
61752950
61753188
61783806
61753403
61783852
61753358
61751520
61752256
61753682
61753235
61753953
61753690
61784185
61753542
61751671
61752642
61753915
61753943
61753996
61753215
61752607
61753944
61784222
61752569
61753890
61752132
61753799
61784164
61752756
61752689
61754016
61784689
61753908
61751977
61752986
61754184
61753863
61754669
61753562
61753668
61754484
61754067
61754572
61784810
61753265
61754575
61752725
61754461
61754399
61754474
61753392
61754661
61754512
61785122
61754659
61784833
61753289
61753949
61753684
61754749
61753335
61754967
61754424
61754893
61785409
61755273
61752908
61785355
61785162
61753835
61755009
61785488
61754821
61785328
61754936
61785385
61753905
61755363
61753578
61755359
61785572
61753983
61755397
61755527
61755413
61755205
61755559
61786037
61755504
61753584
61754378
61753672
61754909
61755609
61755470
61755704
61786332
61756018
61786270
61754742
61756042
61754308
61755785
61755188
61755037
61756055
61755690
61756232
61755443
61786193
61754330
61756114
61786516
61754844
61756374
61756511
61756404
61754756
61756574
61786578
61755284
61755062
61755767
61756604
61756734
61756627
61754513
61754720
61756830
61755150
61756624
61754734
61755787
61756782
61756046
61756183
61756920
61755285
61756898
61787327
61755231
61787230
61755898
61757359
61755499
61755840
61757363
61757289
61787550
61757670
61757851
61757612
61757312
61757542
61756021
61757969
61755736
61756649
61757919
61756250
61757716
61788143
61788267
61755940
61758210
61758003
61788580
61757332
61756601
61788327
61757125
61788480
61756530
61756905
61758466
61757631
61758488
61788822
61758316
61756212
61757046
61758501
61757356
61788544
61758182
61758684
61788946
61757175
61758766
61757825
61758638
61757059
61758730
61756790
61758235
61759065
61758761
61759125
61789604
61759138
61759437
61759409
61758278
61758433
61759518
61789949
61757463
61790055
61758501
61759428
61759508
61759403
61759664
61789790
61758495
61759768
61758682
61759856
61758211
61759677
61790378
61758802
61760276
61790549
61768429
61766660
61767362
61767315
61768731
61768421
61768597
61799476
61768772
61766787
61767854
61767153
61769042
61768992
61799607
61768958
61766935
61768404
61769063
61768899
61768997
61766995
61767809
61769150
61768918
61799591
61767576
61769224
61799549
61768040
61769511
61768323
61768149
61767920
61769649
61768005
61769812
61799868
61768420
61769683
61769834
61769726
61768105
61769930
61799823
61768466
61768258
61768554
61769817
61768199
61769877
61769272
61769915
61770052
61769779
61769907
61800529
61768929
61770205
61767999
61770311
61800509
61800899
61769128
61770350
61768674
61770719
61800718
61769233
61770543
61770352
61770483
61801115
61770494
61769831
61769896
61770537
61768910
61770592
61800844
61769387
61770639
61770243
61769500
61770800
61770551
61770730
61801102
61769495
61769884
61771176
61770269
61801060
61769721
61769907
61769891
61771171
61801629
61770097
61771342
61771210
61771256
61769275
61769986
61771533
61769882
61771488
61802181
61770588
61772039
61771652
61771990
61801987
61770727
61772024
61771713
61771985
61802325
61771038
61772098
61802569
61770845
61772132
61802379
61770616
61772105
61771866
61772032
61770048
61771370
61772104
61802688
61770728
61770627
61772054
61770245
61770805
61771946
61770165
61771499
61772321
61802838
61770531
61772285
61771701
61772477
61771228
61772419
61802945
61772542
61770523
61771900
61772771
61770908
61772545
61771913
61803154
61771793
61772887
61803259
61772914
61770994
61772192
61773115
61771228
61773316
61772244
61772183
61773228
61771378
61773131
61803621
61771933
61772096
61773440
61773339
61773165
61773443
61803834
61771986
61772176
61773092
61771934
61772209
61773641
61773452
61773526
61803653
61772123
61773420
61771734
61773283
61771315
61772788
61773470
61803903
61772231
61773627
61773234
61773442
61771706
61772906
61773739
61804184
61773554
61803855
61772479
61773803
61773834
61773795
61771935
61773565
61804104
61773688
61771720
61804005
61773526
61773777
61804124
61772548
61774112
61773839
61774029
61804387
61772667
61774101
61773896
61774141
61804566
61774172
61772324
61804935
61773163
61774642
61774331
61774599
61805198
61774681
61775028
61772626
61774080
61774880
61805355
61773443
61773667
61773795
61774975
61773355
61805460
61773687
61775203
61775200
61775044
61805348
61773682
61773038
61775123
61775069
61805280
61773989
61775200
61774859
61775093
61805224
61773817
61775042
61775124
61775020
61805477
61774982
61773144
61774395
61775371
61773675
61775175
61805705
61774286
61774202
61775611
61775789
61775710
61775704
61775050
61775915
61775910
61806062
61774469
61775893
61775530
61774651
61775831
61806051
61774555
61774748
61776051
61775080
61806123
61774749
61774797
61776351
61777507
61808106
61776963
61778236
61808614
61776969
61776809
61777300
61777748
61778693
61809032
61777465
61778895
61777089
61778535
61777935
61778082
61778891
61777044
61778698
61776848
61778296
61779003
61777320
61779050
61777008
61777760
61778387
61778510
61779223
61779286
61809627
61778071
61777997
61809594
61779302
61778670
61809973
61778482
61779782
61778123
61779750
61777852
61778833
61780099
61778314
61780431
61810476
61778753
61778956
61779084
61780258
61810817
61780220
61778327
61779660
61780534
61810802
61779025
61780562
61779322
61780513
61810919
61780558
61780508
61778763
61780800
61780784
61811397
61780816
61778982
61779895
61781117
61781367
61781154
61779592
61780179
61811465
61780168
61781324
61811720
61781290
61780716
61780407
61781552
61812079
61780169
61780318
61780957
61781684
61812099
61781678
61780355
61781057
61780158
61781881
61779968
61812372
61782088
61781977
61782324
61781478
61781488
61782369
61782027
61782187
61812615
61782344
61812848
61782503
61813076
61781301
61781360
61781956
61782929
61813355
61782888
61780920
61813370
61781859
61783149
61781382
61813477
61781744
61781731
61783373
61783388
61813715
61783187
61781318
61782180
61782023
61781825
61783705
61783573
61782034
61783640
61814026
61782327
61782215
61782610
61783869
61782482
61783998
61782165
61783730
61781794
61782752
61783977
61783755
61783999
61814392
61784056
61814276
61782828
61782167
61782926
61782721
61783481
61784328
61782495
61782520
61784117
61783536
61783158
61784455
61783996
61784187
61814464
61782694
61782781
61784464
61784377
61784389
61782662
61783810
61815005
61784462
61784534
61784151
61784467
61814716
61783222
61784713
61782686
61784517
61815043
61784540
61814741
61783360
61784770
61784312
61784591
61814858
61783294
61783894
61783478
61784754
61783017
61784063
61815034
61783371
61786703
61815184
61783690
61783581
61784365
61785201
61784931
61783581
61784692
61815720
61784027
61784699
61815799
61784360
61785639
61816192
61785673
61783654
61784598
61785742
61783822
61784837
61785946
61785676
61786231
61816682
61786104
61816445
61785160
61786358
61786095
61786476
61816860
61786271
61784413
61785312
61786492
61816979
61786414
61784418
61785690
61786420
61816935
61784927
61786413
61786095
61786349
61816676
61785938
61784996
61786515
61786208
61786371
61816917
61786429
61784594
61785382
61786693
61786471
61786773
61816952
61785607
61786808
61786487
61786746
61785413
61785695
61786995
61787146
61787014
61787023
61817456
61785870
61787038
61787223
61817585
61786062
61787370
61786249
61787519
61785919
61787532
61817763
61786345
61787707
61787143
61787005
61818105
61786396
61787672
61817986
61786533
61787956
61787874
61787838
61787942
61787146
61788006
61787795
61787352
61818374
61786814
61788114
61788129
61818668
61786924
61787746
61787770
61788528
61788323
61788544
61819218
61819097
61787704
61788936
61788662
61788784
61818983
61787614
61788731
61789114
61788998
61788418
61819224
61788877
61786943
61787853
61789225
61787508
61789107
61787603
61789199
61819518
61788052
61787580
61787290
61788675
61789511
61787941
61789323
61819764
61819690
61788394
61789677
61787976
61790128
61788917
61788763
61789691
61788033
61820284
61788410
61788250
61789995
61788643
61790025
61787822
61789373
61790144
61820393
61788793
61789347
61790248
61790315
61790077
61788641
61790381
61820773
61789039
61789016
61790467
61790731
61790804
61820908
61790081
61790777
61821272
61790541
61788672
61790022
61790769
61789070
61790925
61821293
61790854
61788896
61789830
61791345
61791091
61821360
61789784
61789624
61789049
61790905
61791297
61821625
61789945
61789695
61791212
61791552
61821772
61791292
61789423
61790367
61791651
61791312
61791635
61822318
61791632
61790124
61790615
61791987
61791734
61791792
61821963
61790741
61791915
61790325
61791811
61822102
61790843
61792051
61790612
61790407
61792503
61822460
61790740
61790940
61792260
61790998
61792226
61822600
61790833
61790244
61791212
61792632
61792752
61792446
61792510
61822775
61791510
61792855
61791033
61792649
61823091
61791441
61791476
61791697
61792973
61791222
61792838
61792959
61823372
61791652
61792423
61791908
61793232
61793380
61793149
61823481
61791999
61793272
61793136
61793281
61823610
61792056
61793545
61793405
61793434
61823795
61793328
61823509
61792300
61793621
61823753
61793444
61823817
61792413
61793747
61793306
61793592
61792377
61793575
61793302
61793645
61823802
61792496
61793690
61824110
61792462
61792398
61791970
61792712
61793458
61824438
61792739
61794125
61793999
61794079
61824548
61793176
61794360
61793991
61794253
61824919
61794284
61824764
61793198
61794721
61793491
61794771
61794491
61794904
61825199
61793652
61794939
61795189
61794934
61825371
61793675
61793645
61794232
61793302
61795449
61792941
61794177
61795071
61793262
61795115
61825366
61793859
61795173
61793385
61795052
61793130
61794098
61795371
61795098
61795544
61825545
61794100
61794200
61794762
61795550
61795305
61825703
61794316
61795746
61794862
61795876
61794183
61795923
61826013
61794585
61795988
61796172
61796004
61826296
61795884
61794169
61795235
61796132
61794344
61796553
61826400
61794952
61794513
61795232
61796449
61826927
61796767
61796507
61796617
61796437
61796515
61794417
61795819
61796615
61796315
61796683
61827110
61796553
61826929
61795436
61795396
61796081
61795680
61796936
61794880
61795731
61796878
61827066
61795684
61797042
61796776
61796938
61827286
61795741
61797137
61797243
61797126
61797011
61827461
61795844
61797285
61795973
61797208
61797336
61827711
61796183
61797292
61797464
61797314
61797432
61797454
61797181
61797501
61796781
61797653
61797521
61827628
61796255
61797651
61797248
61797407
61795423
61796514
61797616
61795711
61797467
61828101
61797497
61795890
61797678
61828071
61796586
61798006
61796091
61797833
61828064
61796729
61798163
61797646
61798000
61795917
61796799
61798048
61797833
61798029
61828459
61796784
61798225
61797876
61798155
61828497
61797012
61798274
61798114
61798194
61797295
61828643
61797053
61798196
61796318
61797603
61798460
61798331
61798599
61828878
61797254
61797214
61798658
61796822
61798599
61796642
61797511
61798886
61798463
61798776
61829353
61798759
61796815
61797673
61797414
61797809
61798854
61829406
61797915
61797861
61799367
61799317
61829739
61798034
61799451
61797799
61799803
61799256
61798055
61799280
61797570
61799194
61797445
61797903
61798181
61799293
61798699
61829970
61798443
61798437
61799966
61799835
61830188
61798380
61798419
61800085
61799998
61830551
61800397
61830426
61800038
61798845
61830814
61798967
61798841
61799298
61800447
61798704
61800508
61830653
61799290
61800625
61798909
61800579
61800354
61800472
61831146
61799199
61799135
61800685
61800598
61830997
61799301
61799336
61800578
61800881
61831438
61800765
61798841
61800170
61800942
61800696
61801084
61831686
61801116
61809204
61809558
61810879
61810551
61810656
61810051
61809693
61841131
61809504
61809371
61810555
61810847
61808853
61810114
61810844
61810975
61809361
61811067
61841283
61809958
61811207
61810883
61811100
61809599
61811225
61809163
61841603
61811119
61811303
61810692
61810276
61811648
61811328
61811600
61841899
61811538
61810206
61811864
61810701
61810504
61811588
61842207
61811612
61809648
61810585
61811834
61811571
61811962
61811828
61810460
61842024
61811754
61810830
61812008
61812108
61812057
61809919
61811480
61812019
61810066
61811185
61812193
61812075
61812145
61842476
61810694
61810732
61810929
61812178
61842700
61810963
61810899
61812011
61812355
61810828
61812164
61810333
61811594
61812427
61842810
61812232
61811733
61811846
61812433
61810870
61811338
61812584
61810725
61812687
61812043
61842743
61811410
61812785
61812806
61812939
61843281
61811104
61843105
61811859
61813060
61813035
61813234
61843572
61813183
61811263
61812336
61813353
61843669
61813233
61811207
61812605
61813404
61812199
61813352
61813528
61843989
61813357
61843706
61812432
61813848
61811876
61813591
61811668
61812571
61813847
61812062
61813611
61811616
61812412
61813620
61843864
61812532
61812355
61812788
61813948
61814195
61814012
61844218
61812780
61814231
61814276
61814199
61844392
61812940
61814257
61814378
61844771
61812989
61812857
61813955
61814316
61844842
61813047
61813728
61813559
61814504
61844967
61845000
61814404
61814712
61812727
61813856
61814773
61813179
61814696
61812852
61813612
61814803
61845226
61814758
61814092
61813755
61814997
61814649
61814880
61845303
61813668
61815037
61814887
61814981
61845444
61813948
61815197
61815242
61815258
61813643
61815630
61814198
61815883
61815503
61815110
61815574
61813329
61814198
61815519
61815345
61815569
61846201
61815631
61814164
61814426
61815760
61846290
61815193
61815956
61846352
61814913
61816271
61814370
61815997
61815290
61814921
61816412
61816048
61846227
61814758
61814793
61816303
61814480
61846388
61814735
61816570
61816322
61814362
61814747
61815828
61815188
61816814
61814967
61847078
61816564
61816887
61847194
61815601
61815465
61816215
61816952
61847411
61817390
61814896
61816334
61817081
61815508
61817067
61847517
61815821
61815829
61817488
61817291
61847928
61816060
61817522
61815689
61817883
61816773
61816422
61817457
61817441
61816162
61817055
61817800
61817568
61817806
61818049
61815833
61817193
61818039
61848575
61816601
61818288
61817851
61818098
61848638
61818094
61815962
61816920
61818275
61816623
61818126
61848727
61818198
61817679
61817263
61818485
61818642
61818624
61817166
61818665
61816697
61817786
61818918
61818655
61818845
61849514
61818895
61849153
61817920
61819221
61817412
61819079
61817164
61818527
61819288
61849580
61818039
61819483
61818978
61818897
61817194
61818387
61819339
61849700
61818285
61819630
61817845
61819803
61817861
61818223
61819745
61819237
61819143
61849921
61820010
61850496
61818530
61819923
61850426
61818728
61820182
61820101
61820140
61850680
61818690
61820128
61819810
61820208
61850676
61818935
61818868
61820524
61820488
61818877
61820911
61819692
61819624
61820641
61820300
61820607
61818660
61850880
61851209
61851351
61819463
61820880
61819119
61820988
61851315
61819729
61821173
61820780
61820994
61851457
61821066
61820345
61819867
61821181
61851710
61821034
61851599
61819921
61821115
61820409
61820998
61818994
61820003
61821316
61819552
61820649
61851706
61821910
61819914
61820285
61821497
61821706
61852080
61821590
61820869
61821953
61821729
61852320
61821798
61819902
61821310
61822167
61852357
61821958
61820099
61821609
61822121
61852426
61820917
61822289
61821848
61821305
61852388
61821053
61822390
61820592
61822369
61820460
61822103
61822336
61822224
61820277
61821203
61822374
61852653
61822373
61822514
61820431
61822468
61822442
61852879
61821317
61822532
61822334
61821644
61852727
61821501
61822747
61822467
61822704
61820765
61821877
61822763
61821067
61822882
61853055
61821773
61822991
61821113
61821046
61822745
61822137
61821878
61822946
61853369
61823089
61823148
61853421
61821920
61823135
61822889
61823377
61853660
61822022
61821831
61823159
61823551
61853881
61822322
61823677
61823711
61823576
61853934
61822180
61822215
61823228
61823401
61853943
61822223
61822882
61821452
61823804
61853877
61822435
61823158
61823480
61823995
61821912
61823686
61823828
61854164
61822877
61824061
61822447
61821903
61821990
61824372
61824049
61854496
61824056
61822276
61823595
61824452
61822585
61824699
61854507
61823161
61824475
61822555
61824699
61824574
61823073
61824546
61854930
61823581
61824806
61855147
61855287
61823391
61823375
61824504
61824715
61822936
61823771
61855044
61823516
61823693
61824347
61822964
61823860
61823662
61825225
61825050
61823438
61824498
61825170
61823803
61825401
61825283
61823931
61824120
61825488
61823775
61825309
61823424
61824385
61825573
61855828
61855881
61855854
61825311
61856057
61825310
61825503
61824050
61825539
61825584
61856098
61824127
61823620
61824479
61825755
61856207
61825543
61824237
61825797
61825781
61824045
61825544
61824445
61824494
61826077
61825963
61856406
61824670
61826018
61826100
61826105
61856388
61824898
61826133
61826125
61826221
61824525
61826216
61856505
61825149
61824571
61825100
61826346
61826401
61826618
61856848
61825208
61826775
61826475
61826767
61825174
61826700
61824780
61825662
61826962
61826785
61826852
61857101
61825980
61827013
61825286
61827026
61826401
61825975
61827155
61857564
61826020
61826147
61827242
61826205
61827769
61826526
61826213
61826207
61827617
61857979
61826389
61826636
61827642
61827693
61827905
61858173
61826896
61828265
61828395
61827505
61858401
61826994
61828270
61827901
61828262
61858778
61828218
61826496
61827648
61828515
61858962
61828456
61827844
61827483
61828585
61859039
61828424
61858900
61827503
61828549
61859218
61858654
61828149
61828476
61858765
61827466
61828681
61826964
61828499
61830309
61828714
61859075
61828678
61830580
61828629
61858801
61827452
61828786
61828475
61828587
61826630
61827591
61828751
61827106
61828921
61826694
61827955
61828880
61827310
61828842
61828545
61828131
61829211
61828288
61859390
61828018
61829339
61827581
61829014
61829247
61829325
61829568
61829664
61828829
61859623
61828171
61829711
61829482
61829590
61860026
61828498
61829798
61829672
61829236
61828390
61828634
61830081
61829658
61829926
61860394
61828715
61828843
61830236
61860793
61830229
61828309
61829092
61830467
61830122
61860502
61830488
61830569
61828601
61829669
61830658
61828801
61830466
61830627
61828890
61830439
61828543
61829951
61830811
61830490
61830827
61861236
61830769
61828924
61829817
61831107
61829319
61831488
61829088
61861568
61830016
61829534
61830002
61831357
61861904
61831829
61830715
61830142
61830279
61861579
61830196
61830022
61830478
61830418
61830406
61831641
61862115
61832043
61831319
61831599
61829802
61830954
61831869
61831863
61832162
61862352
61830872
61831491
61830964
61832244
61832087
61832377
61862480
61831148
61830909
61832541
61832457
61862763
61831246
61832396
61832153
61832350
61830441
61831675
61832583
61862707
61832299
61830379
61831286
61832700
61832475
61832654
61863031
61831353
61831278
61831720
61833007
61831639
61831513
61832985
61833120
61863563
61831816
61833244
61833312
61833392
61833350
61831664
61833250
61863486
61832151
61833485
61831409
61832500
61833608
61834051
61835470
61835399
61834361
61835648
61835184
61836104
61835934
61834598
61834267
61836394
61834059
61836167
61836196
61866690
61835100
61836462
61834674
61836266
61866807
61835394
61836618
61835904
61836802
61836020
61836516
61836755
61866944
61836534
61835774
61836661
61836907
61836272
61837046
61836921
61867286
61836342
61837004
61867603
61837136
61836612
61836332
61837401
61837833
61836305
61837514
61837730
61868136
61836293
61837922
61868029
61836509
61837782
61868067
61836427
61837844
61836134
61837731
61837099
61838020
61838121
61836253
61837864
61836544
61837779
61837982
61836138
61838237
61838054
61868171
61837361
61838155
61868575
61836996
61838518
61836556
61838156
61836311
61837306
61838292
61836884
61837303
61838384
61868754
61837248
61838689
61836832
61838928
61838815
61838571
61838481
61838786
61837343
61838838
61838829
61836952
61838223
61839059
61869383
61837807
61838034
61869749
61839153
61838320
61838523
61839307
61869725
61838254
61839475
61837457
61838571
61839574
61869743
61838422
61839824
61870008
61838521
61839903
61870154
61839650
61837781
61840255
61840139
61838408
61839875
61838555
61838415
61839985
61838048
61840393
61839602
61870726
61839211
61840436
61838815
61840350
61870667
61839446
61840473
61839797
61840857
61840647
61870804
61839529
61840840
61840575
61840791
61840003
61840513
61840901
61838797
61839899
61841079
61839407
61840894
61839039
61840212
61841301
61840102
61840083
61841274
61871836
61840179
61841507
61872066
61841543
61840905
61841852
61841693
61871937
61840475
61841946
61872513
61840427
61842021
61840182
61841881
61840780
61841574
61841849
61842141
61872363
61842204
61842350
61840798
61840176
61841915
61840168
61841864
61841971
61872208
61841959
61841507
61872661
61841106
61842542
61842323
61842443
61842628
61840918
61842467
61842081
61842492
61842506
61841426
61842418
61842720
61872986
61842209
61842895
61872997
61841691
61842978
61873388
61841623
61842906
61873415
61842882
61841511
61842674
61843426
61840973
61843181
61843053
61842055
61843109
61873377
61842554
61843253
61841341
61841706
61841378
61842322
61843562
61842205
61843337
61843671
61841751
61843571
61843800
61843626
61843833
61841966
61843517
61843891
61842168
61843816
61842445
61842696
61844052
61874366
61843921
61844106
61874680
61842888
61844383
61874643
61843029
61844350
61874810
61844427
61843753
61844189
61844496
61844681
61842869
61844520
61843837
61843632
61844054
61874952
61843452
61844677
61875244
61843383
61844821
61875154
61843579
61844838
61843799
61844841
61844125
61843808
61845122
61875584
61843777
61845317
61844856
61844123
61845192
61844482
61845067
61845227
61844175
61845119
61844231
61845610
61843818
61845405
61844913
61843681
61844976
61845830
61875930
61844755
61845950
61876421
61844509
61846056
61845772
61846479
61845297
61845516
61846346
61876494
61845513
61846445
61876771
61845083
61846442
61876940
61845025
61846493
61845495
61846715
61844543
61845514
61846571
61844546
61846754
61846578
61844566
61846822
61846786
61877249
61845678
61846762
61846121
61845537
61846759
61877329
61845866
61846981
61877264
61845664
61846978
61846657
61846851
61845596
61847204
61846410
61877368
61845896
61847083
61846807
61845865
61847323
61845579
61847240
61845386
61846655
61847178
61845547
61846983
61846039
61847119
61848067
61847650
61847834
61848043
61846309
61846243
61845945
61848030
61858873
61858256
61857905
61859051
61857057
61859285
61858528
61857261
61859408
61858525
61857129
61858172
61859196
61859357
61889604
61858549
61859429
61857612
61859537
61857967
61859144
61857122
61857103
61859424
61859610
61889893
61858358
61859668
61889854
61858897
61859511
61889885
61858567
61859775
61889899
61858711
61860145
61890411
61858845
61860317
61890636
61858996
61860221
61890579
61858152
61859864
61860147
61859601
61860573
61859744
61890881
61859401
61860704
61858705
61859419
61860633
61890856
61859968
61860756
61890861
61859555
61860804
61891244
61859511
61861085
61859242
61860853
61860208
61860875
61861095
61859132
61859895
61861048
61891647
61859812
61861178
61860833
61861130
61859292
61859997
61861189
61861401
61859702
61861017
61859194
61859579
61859971
61861477
61859781
61861378
61861258
61861249
61860345
61861669
61891993
61860482
61861580
61860924
61861150
61861892
61859839
61860895
61861836
61861797
61862091
61860282
61861984
61860888
61860797
61862196
61892598
61860978
61862219
61862438
61860722
61861159
61862504
61893023
61861159
61862600
61893095
61862415
61861211
61861893
61862510
61892762
61861453
61862702
61892946
61861590
61862860
61860657
61861248
61862687
61862985
61861083
61862686
61861404
61861035
61862673
61861377
61863005
61862911
61893283
61861806
61863069
61893198
61862281
61863121
61861003
61862428
61863158
61893537
61862098
61863395
61893906
61862081
61863292
61893643
61861943
61863325
61861867
61862073
61863533
61863483
61862705
61863625
61863589
61861537
61863796
61863620
61862935
61863817
61863781
61894249
61862790
61864046
61894431
61862791
61864064
61894631
61862986
61864116
61862379
61864082
61862124
61863241
61864221
61894791
61863164
61864488
61864081
61864266
61864475
61894887
61863151
61864684
61894981
61863305
61864609
61862787
61864680
61862679
61864652
61864892
61862836
61863660
61864864
61895260
61863849
61863521
61865126
61895477
61863562
61863645
61865325
61865190
61863349
61865418
61865364
61895612
61864218
61865044
61865352
61863508
61865614
61865506
61865475
61864416
61865548
61895948
61864447
61865631
61896327
61864324
61865882
61864229
61866220
61863814
61866101
61865911
61864575
61866139
61866083
61896688
61864961
61866159
61896652
61864866
61866310
61896433
61864927
61866310
61896755
61865061
61866289
61896743
61864992
61866542
61865366
61866507
61865020
61864675
61896760
61866583
61896788
61866569
61866638
61866693
61866582
61866813
61864980
61866577
61865497
61866852
61866815
61896956
61865758
61867055
61866454
61867230
61867333
61866548
61867307
61867019
61865709
61867054
61867226
61865798
61866862
61867641
61866551
61866630
61867538
61867656
61867370
61867695
61898113
61866382
61867706
61898044
61866646
61867782
61898184
61866694
61868018
61898332
61866701
61868046
61868129
61898381
61866989
61868129
61898577
61866682
61868081
61866231
61867895
61866031
61867327
61868155
61898540
61868138
61867612
61868067
61868124
61868220
61866613
61868145
61866886
61866583
61868347
61867051
61867314
61867831
61866582
61868525
61868823
61899099
61867735
61868923
61869042
61868053
61868929
61868951
61866906
61869175
61869020
61870841
61868965
61869117
61899354
61868101
61869326
61899615
61868111
61869551
61867787
61869459
61869726
61867975
61869473
61867734
61868681
61869779
61868995
61869681
61868409
61868132
61868476
61869995
61900247
61869742
61867931
61870115
61870004
61900218
61869362
61870167
61868022
61869406
61870465
61900637
61869213
61869120
61869994
61870165
61870302
61868640
61870291
61870038
61869752
61870520
61868631
61870412
61870521
61869313
61870569
61870705
61870921
61901113
61870673
61870700
61870276
61870533
61871147
61869046
61870076
61869971
61871052
61869099
61869899
61871234
61871603
61871056
61871268
61901637
61869965
61871275
61901615
61870064
61871238
61870917
61871356
61869349
61870283
61871822
61901827
61870382
61871754
61870143
61871607
61871150
61871633
61871925
61902296
61870830
61872185
61871881
61872345
61870374
61872350
61872129
61870955
61872139
61870854
61872107
61872358
61870545
61871246
61872680
61870474
61872258
61872497
61871899
61872313
61872585
61870659
61872857
61872651
61872651
61872051
61872424
61872747
61872147
61872804
61872731
61871503
61873177
61872913
61872268
61872912
61873047
61871992
61873002
61871055
61873182
61871913
61871633
61871998
61873534
61871715
61872197
61873326
61871448
61872760
61873411
61871311
61873670
61903961
61873700
61873501
61872252
61873836
61873677
61872615
61872068
61873689
61873963
61873594
61874402
61872554
61873649
61873850
61873970
61872263
61873861
61874145
61872054
61874266
61873974
61904634
61872959
61874208
61904535
61873522
61873555
61872432
61874309
61872576
61873051
61874321
61904667
61873677
61872445
61874106
61873157
61874625
61873980
61874945
61905405
61905180
61874596
61874852
61874685
61873852
61875316
61905583
61875042
61875292
61873490
61875149
61875406
61905658
61874119
61875529
61905562
61874493
61875505
61875255
61875519
61875558
61906067
61874450
61875705
61905908
61874666
61873714
61875590
61875757
61875846
61906451
61874563
61875922
61906136
61875092
61875867
61906180
61874676
61875852
61906251
61874939
61875914
61906155
61875287
61875969
61906440
61876361
61876041
61876103
61876250
61906745
61875066
61876449
61906886
61875825
61876052
61875295
61876537
61906969
61875555
61876903
61907225
61875230
61906845
61876760
61876167
61874696
61875766
61875713
61907342
61875763
61877114
61907346
61876150
61876991
61877007
61876180
61907414
61876074
61877086
61907227
61875881
61877085
61875070
61875966
61877122
61907611
61875911
61877420
61876970
61875709
61877342
61907885
61876024
61876016
61876250
61877406
61876618
61877127
61877440
61907808
61876899
61877639
61879354
61876428
61908188
61876800
61877007
61877834
61876457
61908361
61877773
61876732
61877955
61877966
61877942
61877243
61908531
61876787
61878296
61908495
61877327
61878217
61876274
61877994
61878082
61876138
61878482
61878639
61876834
61877435
61876250
61878133
61878368
61877237
61878264
61878364
61877001
61878096
61878338
61878673
61876902
61877308
61878800
61878748
61878954
61876768
61909078
61876927
61877186
61878923
61879087
61878715
61878913
61879125
61877302
61878778
61878386
61877930
61878498
61878007
61879004
61879122
61879197
61879369
61877619
61877651
61878190
61879607
61909943
61879658
61879762
61910199
61878818
61878133
61878385
61879901
61910163
61878724
61879761
61910083
61878782
61879955
61910334
61879012
61880123
61910165
61878919
61880092
61879375
61879885
61880284
61878793
61910581
61878891
61880398
61878558
61880230
61880514
61879916
61878512
61880388
61910967
61880428
61880328
61880691
61878892
61880591
61878770
61879588
61880085
61878767
61880900
61881056
61881009
61879221
61911264
61880067
61880641
61880822
61881099
61879201
61880812
61881072
61880840
61879333
61880981
61879194
61881002
61881149
61880541
61881635
61881428
61911848
61880321
61881573
61879387
61881599
61881397
61880138
61881199
61881471
61880861
61881309
61882074
61880234
61881391
61879524
61911756
61880587
61881669
61911893
61880961
61881096
61881445
61881776
61880497
61880282
61881879
61880583
61881764
61881940
61880038
61881436
61882146
61912551
61880985
61882295
61912622
61880960
61882257
61912752
61881124
61880995
61880912
61880403
61881044
61882433
61880717
61882494
61880986
61882307
61882416
61881349
61880480
61913024
61881504
61882900
61881115
61881494
61882993
61913360
61881710
61883120
61913485
61881919
61883254
61913474
61882118
61883497
61883111
61913416
61882917
61882064
61883131
61881116
61883474
61913869
61881959
61883602
61914017
61882476
61883602
61883500
61882302
61883749
61913795
61883594
61883066
61882701
61883717
61914145
61882701
61884097
61882213
61883875
61882555
61883756
61883355
61885702
61884096
61884005
61884033
61884219
61914813
61884280
61884438
61884237
61884471
61882371
61884386
61884598
61883683
61884569
61884602
61882408
61884627
61884448
61883830
61884825
61884486
61884818
61884673
61882648
61915118
61884184
61884822
61884515
61883683
61884945
61915074
61884557
61884579
61884068
61883339
61884015
61885349
61915307
61883940
61885141
61883530
61884077
61884325
61885488
61884568
61885096
61885328
61884032
61885342
61885447
61884203
61885236
61885454
61887038
61885698
61885826
61915929
61885482
61885679
61885861
61884087
61886268
61885100
61884145
61885766
61884470
61884207
61884510
61885975
61916599
61884842
61886149
61916489
61884774
61886194
61916564
61884918
61886167
61916593
61884966
61886368
61916460
61886331
61886315
61916752
61884949
61886503
61884592
61886382
61885683
61916840
61916923
61885304
61886745
61916770
61885754
61886597
61884469
61885966
61886614
61916793
61886836
61886823
61886883
61887044
61885660
61886670
61886936
61887213
61917560
61886273
61887313
61917629
61885941
61887464
61917873
61885931
61887351
61885597
61887310
61886688
61887472
61887700
61887446
61886270
61887786
61887620
61887973
61886367
61918452
61886695
61887947
61918146
61885972
61887244
61887781
61888037
61887365
61888162
61888176
61888163
61888267
61886344
61888142
61888246
61888463
61889558
61920247
61888803
61888889
61888958
61890600
61920799
61889931
61890496
61920850
61889473
61890893
61921028
61889849
61890899
61888857
61891072
61890848
61921346
61889893
61891091
61888967
61890430
61891150
61921509
61890526
61891177
61889227
61890377
61891273
61921600
61891344
61891639
61889964
61890281
61891811
61922306
61890557
61891756
61890050
61922150
61890333
61890496
61891991
61922318
61890828
61890648
61890772
61892148
61890088
61890968
61892203
61922551
61891340
61891492
61890999
61892299
61890448
61891733
61892521
61922880
61891454
61892775
61890592
61923096
61892070
61892879
61923075
61892130
61893023
61923457
61891922
61893198
61891423
61893109
61891288
61893401
61892021
61891638
61891972
61893389
61923854
61891937
61893275
61923602
61892102
61893388
61923674
61893258
61893419
61893146
61892554
61891556
61923893
61893769
61923874
61924236
61892450
61893904
61892174
61894081
61893326
61892889
61894159
61894352
61894017
61894330
61892316
61894610
61894370
61892528
61894484
61894561
61893163
61893054
61894740
61894894
61925103
61893621
61894993
61925262
61893491
61894255
61894988
61925242
61894371
61895248
61893659
61894006
61895220
61895073
61895227
61894668
61895123
61925437
61893583
61894283
61895709
61925628
61894467
61895791
61926046
61894638
61895856
61895411
61895675
61894154
61894882
61895812
61893725
61895869
61896170
61893981
61895779
61895826
61894482
61895594
61896034
61893896
61895182
61896068
61926502
61895342
61896133
61926553
61895190
61896250
61926577
61895046
61896199
61926435
61895097
61896325
61926622
61894998
61896288
61896113
61896472
61926905
61895439
61894763
61895306
61895282
61896644
61896738
61895581
61896809
61927280
61895779
61897175
61895452
61895820
61897183
61897443
61927807
61896071
61927733
61895581
61896480
61897451
61928011
61896123
61897612
61895817
61897248
61927958
61896561
61897817
61896389
61897754
61897062
61897568
61897611
61897847
61895960
61897658
61897894
61928365
61896549
61898103
61928368
61896816
61898041
61896121
61897959
61895872
61896281
61897953
61898179
61896476
61898114
61898336
61896607
61898441
61928752
61897746
61898676
61928990
61897524
61898899
61929092
61929083
61897631
61899040
61929204
61897751
61898979
61929247
61897919
61898918
61929457
61897995
61899217
61929616
61898139
61899323
61929661
61898248
61899466
61897385
61899282
61929481
61898084
61898782
61897291
61898255
61899446
61929859
61898441
61899813
61929892
61899031
61930313
61898511
61899689
61899973
61899505
61899856
61898026
61898819
61900267
61899439
61899851
61900109
61901900
61898830
61900291
61898647
61900346
61900592
61898549
61900216
61900183
61900468
61930725
61899329
61900707
61900510
61900653
61899579
61898915
61899344
61899754
61901017
61899043
61900417
61899394
61931284
61900416
61901043
61900456
61901004
61899908
61901479
61899582
61901348
61899323
61901336
61901368
61900269
61899899
61901437
61900192
61901393
61902083
61901683
61932118
61901715
61901978
61944368
61913798
61913176
61913600
61913732
61914028
61912232
61913770
61944189
61913870
61913772
61911786
61913908
61913890
61944183
61912781
61914050
61911967
61913334
61914050
61912107
61912672
61914122
61944440
61913179
61914290
61944782
61912956
61914394
61944734
61913350
61913375
61914498
61944678
61913728
61914549
61944854
61913653
61914785
61945001
61914107
61914860
61912826
61914979
61912970
61914617
61913751
61914883
61912977
61915051
61915039
61945256
61914115
61915132
61914518
61915333
61915111
61913923
61915370
61915239
61915196
61915275
61915280
61915533
61915343
61914251
61945943
61915427
61915599
61945849
61914493
61915811
61946161
61914555
61916013
61946211
61914764
61916088
61946364
61914991
61915949
61913684
61915581
61915662
61915922
61914086
61914478
61945980
61914288
61914673
61915002
61916093
61914896
61914835
61916429
61914442
61916068
61916266
61916564
61914796
61915061
61916526
61916219
61916455
61946618
61915377
61916530
61915946
61916764
61916547
61915840
61916226
61916635
61916892
61916424
61916747
61914811
61916958
61916809
61915574
61915596
61916797
61947210
61915805
61917015
61914915
61915798
61916954
61947275
61915955
61917060
61947525
61916479
61915431
61917113
61917852
61916289
61915919
61916171
61917663
61947843
61916339
61917570
61947701
61916517
61917725
61948033
61916562
61948003
61917972
61916552
61917853
61918028
61916376
61918099
61918284
61916441
61916823
61918445
61916225
61917922
61918029
61916491
61917925
61918170
61916025
61916959
61918173
61916148
61918479
61918789
61918469
61916653
61918315
61918350
61916592
61918291
61918439
61918193
61918449
61918706
61949044
61917193
61918658
61916982
61919054
61918813
61916986
61918455
61949306
61917442
61918681
61949039
61917682
61918817
61916802
61917613
61918832
61919014
61917304
61918802
61919124
61917278
61949381
61949507
61918032
61919137
61917122
61917504
61919438
61919249
61919499
61917735
61919345
61919533
61918054
61919471
61949766
61918356
61919690
61917892
61950047
61950253
61919152
61919970
61917945
61917854
61918003
61920163
61920067
61918438
61919090
61920099
61917992
61920111
61920168
61918805
61919807
61920021
61920118
61950723
61918955
61920183
61950475
61918945
61920255
61950774
61950329
61950852
61919587
61919814
61919774
61920584
61920487
61918486
61919320
61920794
61920597
61920369
61920663
61920031
61920427
61920727
61919342
61919114
61920810
61921056
61951513
61951377
61920378
61921170
61919807
61920703
61951600
61920781
61919990
61921011
61919739
61920961
61921046
61920399
61919476
61919817
61921282
61951785
61920167
61921344
61919295
61920177
61921487
61951787
61920303
61921747
61921817
61919621
61920047
61920706
61921792
61920445
61920316
61921974
61922070
61920271
61920728
61952432
61920954
61921929
61952276
61921448
61921453
61920891
61922097
61922286
61952420
61921548
61920612
61921295
61922874
61922654
61952895
61921159
61952967
61924417
61922405
61922515
61922498
61922041
61921950
61922761
61922745
61922780
61953050
61953210
61921679
61922724
61920747
61922544
61922707
61922892
61922568
61922178
61953290
61923167
61922968
61921751
61923181
61923169
61953249
61922603
61923217
61922579
61923526
61922124
61921829
61922119
61923546
61925336
61923473
61923639
61922145
61954177
61922799
61923042
61921806
61923792
61923688
61923836
61922140
61923761
61922516
61923721
61923946
61924059
61954410
61923013
61923974
61954397
61922900
61924262
61954318
61923057
61924344
61954644
61923634
61924347
61922346
61923245
61924461
61924411
61954410
61954651
61923358
61922787
61923186
61923462
61923893
61924606
61923900
61923861
61924688
61924112
61924632
61924881
61925028
61955159
61923848
61925124
61925423
61925018
61925196
61955639
61923714
61925186
61955313
61924452
61925240
61924558
61925027
61955749
61923860
61924256
61925614
61955794
61924456
61925596
61923640
61925448
61925456
61925622
61956192
61924451
61925745
61955776
61924425
61925698
61955936
61924942
61924262
61925446
61924542
61926013
61955963
61925290
61925938
61923862
61926196
61924792
61926008
61926059
61924412
61924013
61956394
61926407
61925971
61956853
61924728
61925226
61926557
61924552
61925762
61926677
61924901
61957096
61957323
61925236
61925871
61927096
61957526
61925220
61925044
61927465
61927494
61925874
61925621
61925951
61927491
61957580
61926832
61927518
61957612
61927688
61927491
61957746
61926960
61927799
61957981
61926976
61927622
61925607
61927982
61926429
61927696
61927614
61927951
61927867
61927933
61927971
61926193
61926551
61927688
61926896
61927893
61928092
61958587
61926943
61926927
61928312
61958382
61928469
61927698
61926880
61928569
61928771
61928495
61928748
61928995
61959418
61927530
61929070
61959360
61927746
61929033
61959411
61928296
61928629
61928613
61927709
61929047
61959308
61928467
61929132
61959498
61928085
61929381
61959447
61928688
61929343
61927887
61929119
61929431
61959757
61928477
61928884
61928742
61929245
61929431
61928119
61927901
61929552
61928256
61927925
61929648
61928530
61928316
61927455
61929893
61929952
61960196
61930111
61930571
61930134
61928611
61929976
61928272
61929807
61929709
61930192
61928853
61930061
61930218
61930454
61929270
61930205
61930557
61960891
61929010
61930441
61928749
61930590
61930403
61961138
61929459
61930657
61960754
61930033
61930311
61928792
61929763
61961060
61929300
61929689
61931085
61961531
61929695
61931262
61961138
61930054
61931427
61929913
61930741
61931092
61931104
61931452
61931181
61929441
61931368
61961644
61930428
61931403
61930799
61931336
61931557
61930183
61929941
61930285
61931894
61962174
61931846
61962064
61931273
61932048
61931372
61931835
61932522
61932296
61932404
61962688
61931059
61932225
61962646
61931288
61932482
61930378
61931261
61932390
61931653
61930852
61932895
61932473
61962866
61931179
61932682
61962713
61931293
61932716
61963123
61932644
61932530
61932705
61932965
61963426
61931542
61933201
61933123
61931119
61932978
61933049
61931794
61931374
61931821
61933201
61931948
61933200
61931336
61933195
61933272
61931936
61933165
61933336
61933216
61932627
61933082
61932998
61933891
61933910
61932683
61932174
61932418
61933883
61932348
61933955
61932724
61933675
61932631
61932889
61933994
61932000
61932793
61934022
61934146
61932515
61934101
61934348
61932437
61932901
61934270
61964672
61933168
61934359
61932422
61934513
61933656
61932664
61934299
61934546
61932843
61934440
61933157
61934320
61934501
61934908
61934501
61934645
61934761
61934481
61934815
61934987
61933205
61934792
61933571
61933342
61933645
61935158
61933397
61933690
61935340
61965520
61933995
61935268
61965281
61933681
61935111
61934306
61933543
61933907
61935300
61965672
61934075
61934839
61933376
61933901
61935112
61934495
61933215
61933590
61933869
61935299
61965641
61934239
61935327
61934740
61933621
61935523
61935790
61935537
61933581
61934165
61935561
61965749
61934206
61935403
61965840
61934305
61935602
61966049
61934415
61935739
61966128
61934301
61935454
61935554
61933947
61934237
61934138
61966152
61934493
61935742
61966218
61935720
61935895
61966383
61935271
61936083
61934106
61935415
61936104
61934099
61936276
61936203
61936386
61934686
61934852
61936420
61934649
61934966
61936492
61966922
61935209
61936544
61967074
61935469
61936625
61936777
61967060
61936943
61936788
61936768
61967318
61966977
61935945
61936418
61936698
61936814
61967282
61935520
61936988
61967148
61935695
61936995
61934782
61935856
61936968
61935240
61936741
61937100
61937295
61967734
61936019
61937346
61967621
61936190
61937589
61967589
61936358
61937556
61967955
61936427
61937888
61936388
61936426
61937846
61935953
61937732
61937778
61937038
61935998
61937622
61937906
61937029
61937242
61937074
61938082
61968190
61938197
61938096
61936730
61936576
61938149
61938491
61936281
61938204
61937078
61938489
61968765
61968510
61938415
61936345
61938173
61938343
61937071
61938156
61938415
61938778
61969146
61937320
61938723
61968907
61938759
61938536
61937199
61936919
61937291
61938728
61969044
61937681
61938868
61969130
61937476
61938800
61968972
61938084
61938982
61969372
61937624
61938907
61937585
61939057
61938996
61969597
61937696
61939209
61937482
61939191
61939376
61937738
61939287
61938042
61939387
61940040
61938224
61937971
61938247
61939866
61970179
61938440
61939723
61970106
61938912
61939856
61970325
61938933
61938883
61940015
61938048
61938673
61970451
61938127
61938320
61938650
61940286
61970723
61939116
61939312
61938533
61939021
61940462
61971086
61939342
61940417
61938467
61939435
61940615
61970757
61940850
61940620
61940808
61940354
61939217
61940856
61940771
61938740
61940780
61940486
61940794
61938985
61940623
61940723
61971227
61939669
61940846
61971109
61939631
61940807
61939928
61941083
61939587
61941052
61971323
61941211
61940971
61941193
61971582
61939996
61941255
61940067
61941169
61941440
61971636
61940418
61972086
61971678
61941224
61941502
61941372
61940370
61972041
61941529
61940363
61939957
61940325
61941927
61972371
61940568
61942023
61972289
61940812
61942160
61972391
61941252
61941917
61941252
61941481
61941812
61942106
61940232
61941835
61942082
61941710
61941652
61942457
61943920
61974335
61942896
61944121
61974277
61943285
61944121
61974332
61944464
61944380
61942379
61944539
61944626
61975078
61943730
61945057
61975298
61945016
61943120
61943989
61945139
61975621
61944133
61945409
61975434
61944491
61945207
61944566
61944745
61945321
61943343
61943488
61943781
61945504
61943680
61945563
61945870
61945105
61946018
61944069
61945731
61943797
61944693
61946103
61976148
61944824
61946186
61976609
61944820
61946234
61976616
61945555
61946381
61976880
61945043
61946412
61976776
61945245
61946494
61976574
61946236
61946393
61976833
61946411
61946530
61946913
61945206
61945523
61946913
61946670
61946926
61945472
61945288
61945533
61947001
61977229
61945824
61946967
61977091
61945739
61946820
61977366
61945811
61947183
61977590
61945948
61947245
61977719
61945951
61947103
61947219
61977528
61977374
61977566
61977775
61946687
61947503
61977748
61946217
61947418
61977780
61946398
61947551
61977796
61946261
61947462
61945351
61946371
61947575
61945686
61946602
61947582
61945952
61946532
61947764
61977998
61946758
61948121
61947630
61947853
61947971
61947045
61947933
61946175
61948359
61948278
61947712
61948088
61948245
61947688
61947914
61948617
61978982
61947533
61948747
61946606
61948404
61948945
61948913
61948193
61949027
61948982
61947601
61948768
61948918
61947632
61948846
61949065
61949106
61949282
61979486
61948047
61979360
61947200
61947373
61947562
61949219
61979530
61948331
61949305
61979684
61948316
61949478
61947474
61948460
61949650
61979946
61948319
61949691
61980096
61948627
61949841
61949125
61948568
61949965
61948581
61949720
61950325
61949912
61980389
61948673
61949868
61949591
61949731
61949948
61980232
61948852
61950203
61948114
61949226
61950152
61947990
61950168
61950259
61950314
61948528
61950149
61950255
61950116
61950310
61950399
61948791
61950334
61948966
61950382
61950477
61949400
61948956
61950096
61949503
61950858
61981059
61949685
61981042
61949153
61949572
61951126
61950839
61951044
61951178
61981593
61950028
61951325
61981737
61950148
61951424
61982005
61950200
61951531
61981939
61950334
61951669
61981883
61950406
61951747
61951690
61949777
61950448
61951710
61949716
61951578
61951687
61951995
61951259
61950371
61951730
61982190
61951630
61951685
61982138
61950407
61951840
61951564
61950489
61952080
61982438
61950700
61952168
61982529
61951114
61952500
61982717
61951262
61952562
61950390
61952574
61952538
61952676
61954207
61952598
61952708
61983088
61951113
61951837
61951736
61951614
61952116
61983462
61952319
61952967
61983307
61953379
61953068
61952087
61951605
61953273
61953629
61951851
61953359
61951425
61952506
61953535
61952908
61953465
61952352
61953817
61984122
61952619
61953615
61983835
61953035
61983876
61952966
61953634
61952935
61953603
61953725
61954026
61952252
61953903
61954027
61952320
61954053
61952782
61953006
61954167
61954416
61984723
61952955
61954402
61984675
61953307
61954436
61952333
61954609
61954781
61954365
61954431
61984700
61953186
61954479
61953944
61954376
61953123
61953169
61952673
61953078
61954556
61954251
61953092
61954478
61953592
61954213
61954464
61953789
61954291
61984883
61985069
61953589
61954629
61954798
61985128
61953549
61954948
61985272
61953501
61954863
61984981
61955025
61955115
61954844
61954663
61954905
61953750
61953367
61953646
61955234
61953514
61955121
61955231
61953672
61953954
61955279
61985555
61954167
61955180
61953381
61955272
61985516
61955608
61955384
61985604
61954419
61955579
61953568
61953929
61955589
61955677
61955824
61954176
61954496
61955896
61955774
61955970
61956071
61986456
61954855
61956204
61986700
61954997
61956277
61986305
61955117
61956397
61955360
61956349
61955598
61956176
61956357
61956631
61954809
61956532
61956570
61954758
61956416
61956728
61986677
61955932
61955666
61955385
61954992
61956650
61956757
61987036
61955658
61956976
61987014
61955970
61957030
61987279
61955840
61957113
61955084
61987715
61987278
61955517
61957416
61957210
61957446
61955712
61957250
61956640
61957201
61957757
61957429
61956647
61988010
61956744
61957566
61987598
61956698
61957518
61956580
61957189
61957321
61957578
61955728
61957396
61957721
61988164
61956311
61957752
61988186
61956593
61957951
61956572
61957760
61956488
61955841
61988190
61988381
61956184
61957015
61956903
61958011
61988306
61957095
61957479
61956107
61957812
61958108
61956748
61956529
61958150
61957528
61957938
61958213
61957548
61958106
61958317
61957678
61956673
61958423
61957151
61971892
61970900
61971237
61970977
61972178
61972146
61972243
61972465
62002939
61971312
61972928
61972524
61971608
61972321
61972539
61972435
61972518
61972843
62003359
61971666
61972891
62003336
61972911
61972126
61971158
61971564
61973032
62003329
61971739
61973111
62003175
61972647
61973210
61972374
61973284
61973132
61972012
61972417
61971578
61973189
61972112
61973155
61973408
61973569
61971760
61973497
61973658
61971983
61972286
61973738
62003854
61972423
61972302
61972952
61973646
61973978
61972105
61972449
61973941
62004064
61972761
61974013
61971964
61974268
61974061
61973492
61972500
61972638
61974175
61972102
62004276
61974355
61974192
61973462
61974300
61974466
61973168
61974536
61974319
61973178
61974907
61974497
62005067
61972855
61973506
61972627
61974641
61973345
61972822
61974470
61974655
61974430
61974657
61973342
61973223
61973430
61974977
61973120
61973488
61974929
62005215
61973714
61975011
62005321
61973933
61975086
62005407
61974036
61975179
62005506
61974480
61975244
62005496
62005523
61973795
61975054
62005588
61973637
61974801
61975439
61975632
62005850
61974565
61975673
62006076
61974473
61975722
62006025
61974497
61974628
61975663
61974598
61975786
61975933
61973750
61975534
61974293
61974853
61975866
61973967
61975030
61976056
62006374
61975075
61976201
61974131
61975048
61975283
61974538
61974643
61976288
61976572
61974712
61975169
61976685
62006880
61975419
61976815
62006851
61976047
61976805
61978373
61975420
61975917
61974650
61976474
61976909
61976651
61976916
61975802
62007627
61976016
61975864
61977232
61975763
61977204
62007277
61975907
61977262
62007536
61976419
61977371
62007489
61976344
61977347
61977407
61975833
61977510
61975766
61977345
61977500
62007741
61975750
61977446
61976323
61977320
61977529
62007701
61976907
61977442
61977723
61976075
61977771
61976523
61976311
61977819
61977691
61977927
61978348
62008549
61977127
61978379
62008362
61977653
61978417
61976327
61978631
61978445
61976642
61978270
61978675
61976623
61978028
61978830
61978076
61978910
61978727
61978964
61978510
61979417
61979122
62009294
61977705
61979208
62009270
62009473
61978087
61978631
61978878
61977793
61979234
62009767
61977945
61979385
62009423
61979379
61979371
61977454
61979353
61979402
61977665
61977646
61978836
61979543
61977443
61979179
61979473
61979634
61979275
61978241
61979754
62010238
61978553
61979826
62010208
61978710
61980020
62010045
61979256
61980054
61978166
61979134
61980089
61978149
61980123
62010577
61980060
61979036
61980456
62010532
61979426
61980373
61978324
61980170
61980470
61979099
61980355
61979160
61980724
62010766
61979503
61980132
61980198
61979232
61980601
62010650
61979587
61980607
61979819
61978875
61979291
61980739
62011230
61979476
61980725
62011008
61979531
61980903
62010829
61980464
61979608
61980731
61980892
62011235
61979547
61980956
62011270
61980878
62011133
61980264
61981079
61979235
61981013
61981172
61979884
61979604
61981276
61981351
62011983
61980212
61981440
62011643
61980530
61981389
61981383
62011771
61980865
61981568
61979543
61980671
61982082
61981795
61979959
61981672
61980985
61980058
61980556
61980552
61982001
61981806
61982015
61981561
61982477
61981999
62012586
61980770
61982361
61980179
61981888
61982075
61981465
61982028
61981028
61982640
61981024
61981452
62012517
61982128
61982360
61982419
61982577
62013092
61981382
61982583
62012961
61981481
61982778
62012770
61981628
61982898
62012826
61981595
61982881
62013203
61981715
61983066
62013098
61981691
61983073
62013234
61981821
61982929
61981000
61983061
61983344
61981216
61982106
61983162
62013374
61982050
61983057
61981714
61983255
61983191
62013583
61981993
61983328
62013727
61982212
61983512
62013925
61982356
61983670
61981522
61982514
61983646
61981628
61982654
61983769
61983050
61983836
61983916
61983156
61983738
61983996
61981882
61983837
61983979
61984199
61984392
62014673
61982972
61984296
61982643
62014667
61984443
61984241
61984508
61982750
61983115
61984583
61982881
61984655
61983538
61984420
61984789
61983688
61983628
61984857
61983421
61983316
61984964
61984000
61985294
61985080
61983672
61985072
61985160
61985464
61985119
61985389
61985622
61985397
61983322
61984628
61985209
61985468
61985722
61983924
61985586
61984502
61985945
62016186
62016357
61984621
61986055
62016320
61984867
61986249
62016607
61984743
61986198
61984389
61986088
61986249
61984536
61984839
61986272
61985588
61985003
61984730
61986313
61984859
61984754
61986412
61985284
61986362
61986655
61984605
61985871
61986057
61986048
61985825
61986879
61986042
61985752
61986854
61986353
61986753
61987307
61985501
61986685
61986929
62017140
61985934
61987164
61987352
61985588
61987324
61987560
61985738
61987352
61986299
61985765
61988035
61987732
62018103
61986301
61987831
61986087
61987721
61987702
61988007
62018130
61987201
61987760
61985885
61988042
61988109
61987170
61987745
61987914
61988332
61987962
61988079
61986500
61988252
61986951
61988167
61987039
61986690
61988352
61986569
61986745
61987147
61988581
62018715
61987574
61988492
61987857
61988329
61988526
61986746
61987367
61988763
62019014
61987504
61988842
62019397
61987990
61989027
61988300
61987311
61987751
61989042
62019406
61988335
61989150
61987773
61987429
61989042
61987880
61988896
61989217
61989337
62019617
61988037
61989108
61987195
61989250
61989156
61987925
61989310
61989290
61987436
61987858
61989506
61989739
61988029
61988394
61989814
61987738
61988672
61989927
61987848
61989776
61988313
61988883
61989923
61988147
61990171
61990518
61990184
62020699
61988887
61990061
62020361
61989372
61990133
62020447
61988983
61990382
62020553
61988728
61990137
61988181
61989993
61990170
61989991
61989574
61990434
61990771
61990452
62020851
61989843
61990602
61988703
61990702
61990764
61990037
61990587
61990771
61991007
62021348
61989793
61990909
61990282
62021675
61989877
61991214
62021250
61989977
61991277
61989180
62021852
61991441
61991217
61991355
62021787
61990012
61991398
62021606
61990349
61991643
62021761
62021662
61991718
62021894
61991444
61991723
61989877
61991939
61991818
61990107
61991939
61992094
61992383
62022652
61991069
61992295
62022499
61991681
61992421
61991804
61991193
61992412
61992546
61990788
61991139
61992498
61990418
61992295
61992434
61992646
61990871
61992465
61992677
62022857
61991295
61992487
62022821
61991604
61992668
62022971
61991765
61992750
61990767
61993081
61992212
61991531
61991265
61992961
61993170
62023665
61991726
61993283
62023484
61992406
61992035
61991203
61991602
61993172
61993357
61991447
61992051
61992251
61993482
61991587
61993524
61993631
61993536
61992108
61993210
61993490
61993812
61991890
61993552
61993812
62024206
61992648
61993993
62024116
61993147
61994079
62024382
61992841
61994124
62024447
61992545
61994108
62024494
61993399
61994111
61992189
61993017
61993687
61992254
61993891
61994198
61994246
61993314
61994693
61994598
61992885
61994574
61994745
61994712
61993948
61993020
61993735
61994864
62025116
61993636
61994840
61992836
61993591
61994242
61996651
61994751
61993037
61995163
61995470
61995258
61994294
61995322
61994633
61994713
62025905
61994185
61995509
61993436
61994428
61995537
61994552
61995542
61995490
61994074
61995159
61995490
61995563
62026157
61994389
61995747
62025994
61994973
61995689
61993688
61995941
61995751
61994442
61994063
61994503
61995910
61994053
61996016
62026249
61995282
61996019
61993970
61995894
61996088
61994765
61996069
61996181
61994765
61996192
61996277
61995707
61996206
61996228
61995218
61996686
62027092
61995354
61996651
62027245
61995587
61996716
61994701
61995908
61996771
61994992
61997077
61996324
61995262
61996881
61995422
61995347
61997046
61997231
62027595
61996006
61997159
62027524
61996460
61997081
61996487
61997048
61997279
61995175
61997318
61997460
61996504
61997162
61997278
61996586
61996938
61997269
61997403
61995731
61996133
61997585
62027939
61996346
61997663
61997292
61997517
61997729
62028269
61996504
61997972
62028403
61996651
61998017
62028587
61996685
61998140
62028615
61996984
61998168
61996184
61998406
61998295
62028653
61997105
61998699
62029080
61997359
61998809
62028678
61997387
61998587
62029004
62028897
61998846
61996820
61998343
61998544
61997453
61997160
61998743
61998941
61997255
61997606
61998999
62029347
61998776
61996809
61997777
61999121
61998340
61998761
61999033
61999215
61997393
61997833
61997104
62029709
61997994
61999265
61999450
61997713
61998173
61999560
62029862
61998356
61999635
61997710
61998554
61999688
61998885
61998034
61998234
61999750
62030282
61998699
62000037
62030511
61998784
62000061
62030532
61998901
62000157
62030535
61999079
62000263
62000155
62000106
62000342
61998536
62000489
62000510
62030695
62030836
61999348
62000624
62031218
61999519
62000717
61998719
62000841
62000754
62000944
61999162
62000708
62000124
62000784
62001077
61999134
62001209
62001145
62000313
62001335
62001300
62000491
62000912
62000993
61999710
62000761
62001058
61999222
62000332
62001157
61999320
62000206
62001280
61999279
61999698
61999988
62001439
61999678
62001455
62001544
62001427
62001565
62032124
62000292
62001677
62001481
62000859
62032027
62000435
62001738
62000000
62001017
61999603
62000036
62000339
62001930
62000142
62001729
62001941
61999844
62001215
62032500
62000790
62002040
62001425
62032654
62001257
62002249
62032653
62001315
62002653
62032978
62000963
62001249
62002670
62033078
62001554
62002998
62033506
62002909
62003241
62001429
62001893
62003316
62033580
62001780
62003296
62033599
62002054
62003398
62001424
62003475
62003490
62001750
62001782
62002150
62003687
62033982
62003337
62003879
62002565
62002480
62001595
62002952
62003035
62034168
62003563
62002566
62002692
62002178
62002693
62004120
62034300
62004286
62004082
62004251
62002603
62002889
62004368
62004211
62003073
62002888
62003229
62004670
62002522
62004784
62004579
62004675
62035253
62003648
62004825
62035124
62004021
62004963
62002958
62005252
62002654
62002826
62003170
62003754
62005105
62035260
62004032
62005044
62004386
62005060
62005158
62003988
62005309
62005958
62004139
62003883
62004302
62005740
62036174
62004502
62005816
62036030
62005120
62005860
62004459
62036291
62036141
62004802
62005992
62003978
62006251
62005974
62006159
62036140
62004955
62006306
62036407
62005616
62006292
62036556
62006059
62005141
62005707
62006435
62006673
62004963
62005294
62006642
62036961
62006014
62004658
62037186
62007124
62007218
62005842
62005445
62006043
62007172
62006445
62007262
62007309
62007470
62037938
62006276
62007696
62037759
62006530
62007614
62006898
62007411
62007547
62007824
62005982
62007756
62007978
62006153
62007852
62007869
62006314
62007925
62006129
62007983
62008168
62038334
62006890
62008163
62038500
62007301
62008351
62007656
62008344
62008400
62006522
62008401
62007401
62008825
62039039
62007898
62008859
62007432
62009090
62007889
62007596
62008996
62007083
62009206
62009201
62007368
62007640
62009172
62009582
62007685
62008107
62009545
62040034
62008351
62009655
62039866
62008863
62008924
62008035
62008240
62009570
62008245
62040203
62007634
62008132
62008345
62009916
62040284
62008784
62010019
62040390
62008594
62009987
62009695
62009663
62010066
62040494
62008804
62010337
62040658
62009400
62010361
62008417
62010611
62010778
62009256
62008845
62009183
62010627
62008455
62010639
62010555
62008602
62009782
62010833
62009449
62010555
62009531
62011122
62010825
62009771
62011303
62010419
62010956
62010956
62011241
62041568
62010592
62011523
62009509
62011241
62011360
62011518
62041941
62010330
62011596
62009383
62010231
62010263
62010298
62011578
62010745
62009842
62011466
62010058
62011320
62011535
62011744
62042100
62010481
62011880
62042153
62010721
62011905
62013265
62011587
62011897
62042245
62010480
62011918
62009571
62010634
62012219
62042430
62011396
62012136
62011348
62011861
62012219
62012476
62042800
62010888
62012442
62042852
62011327
62012527
62042947
62011446
62012687
62010744
62012320
62010987
62012008
62013110
62011283
62011003
62012702
62013048
62011263
62011617
62013181
62012695
62011923
62013017
62010996
62013173
62013503
62011668
62013328
62043401
62012263
62013413
62011783
62011578
62013127
62012002
62011571
62011861
62013291
62043642
62013237
62011941
62013077
62013360
62013470
62043973
62012341
62013774
62043793
62012365
62013022
62012791
62012595
62013526
62013944
62043978
62012952
62013797
62011837
62013632
62013806
62014042
62012318
62012533
62014090
62044297
62013364
62014023
62012778
62012652
62012997
62014230
62044813
62013063
62014373
62044728
62013214
62014664
62044666
62013825
62014414
62013759
62013533
62014320
62013592
62012576
62014173
62014181
62014393
62012704
62012976
62014577
62012925
62013402
62014765
62012561
62014035
62014153
62013234
62014404
62014765
62014114
62014428
62013476
62015002
62045364
62013606
62014903
62045193
62013791
62013762
62014966
62045246
62014887
62013369
62013428
62013721
62015350
62013661
62015207
62015405
62045742
62014078
62015501
62014386
62013622
62014131
62015322
62015669
62015311
62015450
62017094
62017491
62015809
62017532
62017734
62016062
62017825
62015913
62016662
62017921
62018032
62048324
62018317
62018121
62017067
62048696
62016693
62017112
62018550
62049100
62017447
62018940
62018755
62049109
62017394
62018670
62048983
62017390
62018765
62016620
62017690
62018891
62016839
62017704
62018883
62018071
62017797
62017648
62018979
62016882
62019155
62018912
62017858
62017435
62017807
62019350
62017634
62019282
62019429
62049835
62018129
62019426
62049815
62018390
62019608
62049726
62018517
62019876
62050108
62018507
62019834
62050168
62018938
62019718
62018978
62019450
62019690
62020149
62018351
62018890
62020331
62050671
62019219
62020526
62050983
62050686
62020516
62019447
62019833
62020686
62018921
62020579
62020758
62019569
62019252
62019695
62021235
62019094
62020028
62021311
62019865
62019743
62020049
62021678
62051855
62020365
62021696
62020172
62020340
62021640
62019676
62021409
62021576
62021417
62020433
62021507
62021740
62052249
62020628
62021898
62020325
62021867
62022079
62052451
62021291
62022134
62020675
62020460
62022067
62022362
62052914
62022327
62022512
62022191
62022399
62022632
62052975
62021332
62022536
62022253
62021394
62022670
62052743
62021582
62022861
62021368
62022812
62053005
62021659
62052992
62022987
62022941
62022994
62053540
62021817
62023165
62053681
62021937
62023456
62053580
62022607
62023221
62021847
62053871
62022079
62023427
62023087
62023446
62023708
62053805
62022288
62023745
62023474
62022521
62023487
62023754
62054402
62022959
62023771
62054164
62054016
62024086
62021917
62022299
62022732
62024299
62023426
62054382
62024099
62024265
62024539
62054740
62023256
62024800
62024660
62022755
62024390
62023169
62024975
62024660
62024866
62023077
62023473
62023866
62025021
62024940
62022795
62024665
62024798
62025065
62055320
62023942
62025215
62023302
62025286
62025145
62025501
62025580
62024188
62025615
62024111
62056095
62024580
62025544
62024845
62025276
62025842
62025693
62056239
62024458
62024500
62056161
62025774
62025760
62026044
62056546
62024877
62026033
62024019
62026077
62026035
62025006
62025875
62024871
62026206
62024280
62026269
62026079
62024791
62024501
62026108
62026502
62026074
62025078
62025121
62026574
62025363
62026452
62026671
62057047
62040603
62042019
62039868
62041824
62040515
62041810
62041875
62042191
62040430
62040873
62042437
62072650
62041088
62042471
62072720
62041587
62042262
62072586
62042606
62042416
62042572
62073032
62041265
62042644
62040772
62072878
62040988
62041507
62042711
62040635
62042990
62042715
62042983
62041249
62072921
62042857
62073265
62042260
62042898
62040893
62043382
62043230
62042517
62043089
62043177
62043386
62073817
62042065
62043488
62073761
62042744
62043447
62073719
62042387
62042203
62043463
62041709
62043412
62042102
62074105
62042516
62042428
62042484
62042567
62043052
62042614
62044195
62043973
62073954
62044044
62043988
62044071
62042361
62042763
62044201
62042169
62043318
62044311
62044388
62074859
62043128
62044572
62075040
62043272
62044730
62042582
62044733
62042718
62044393
62044703
62043383
62043528
62043820
62044932
62044492
62043159
62044696
62044748
62044807
62044862
62044913
62045130
62075237
62044851
62043810
62045041
62043328
62043446
62043701
62045241
62075117
62044534
62045155
62043185
62045431
62044640
62043353
62045247
62045280
62045441
62075685
62044353
62044825
62043672
62044168
62076233
62044636
62045946
62044835
62044989
62045062
62046140
62076336
62045069
62046308
62046179
62044391
62044810
62046425
62076510
62045463
62046122
62046307
62076797
62045141
62044841
62076826
62045318
62046649
62045348
62045497
62046468
62045325
62046341
62046525
62046748
62077314
62045543
62047001
62077009
62045903
62046932
62044921
62047163
62046943
62047005
62077383
62045712
62047026
62044991
62047196
62047078
62046228
62046703
62046932
62047240
62046970
62047194
62045930
62045541
62047227
62046062
62077811
62046579
62047334
62047625
62077995
62046243
62047847
62077903
62046957
62047748
62046420
62047650
62047900
62046139
62047695
62046460
62047675
62047904
62048315
62046445
62048178
62048325
62046602
62046967
62048360
62078711
62047347
62048839
62048367
62078786
62046998
62048316
62078718
62047464
62048528
62078848
62047392
62048096
62047577
62048202
62078701
62048637
62046625
62047302
62048678
62079295
62049001
62048968
62046878
62048409
62049119
62047067
62049463
62048566
62047296
62048282
62049497
62048017
62079632
62048060
62079998
62048453
62049664
62079785
62048999
62049029
62079878
62048652
62049818
62049177
62050025
62050052
62050004
62050143
62080301
62048880
62049958
62049293
62048359
62048826
62050243
62080436
62049306
62050195
62048113
62048624
62050272
62050457
62080677
62049185
62050666
62080963
62049875
62050078
62048600
62050440
62050579
62050671
62049143
62049583
62050877
62049379
62049726
62050983
62048896
62051206
62051037
62049584
62049363
62049772
62051176
62081294
62051427
62050978
62050858
62049884
62051133
62049312
62049139
62049500
62051097
62051445
62081780
62050081
62051367
62081588
62050196
62051250
62049726
62049542
62051166
62051463
62081760
62050009
62051549
62081852
62050246
62051607
62049479
62051144
62081761
62050999
62051613
62081662
62050350
62081663
62049870
62049837
62050551
62051735
62081901
62050630
62051852
62082227
62050723
62052006
62082175
62051782
62051893
62052189
62082653
62050878
62052445
62054092
62052347
62052607
62050523
62051245
62052437
62052824
62083062
62051555
62052920
62082812
62052580
62052571
62052107
62053062
62053029
62083124
62051384
62053368
62053175
62053183
62083541
62052112
62053166
62053431
62083752
62052096
62053424
62083706
62052333
62053606
62083759
62052618
62053709
62051582
62052670
62053802
62051866
62054078
62053953
62052374
62084497
62052585
62053975
62084624
62052929
62054136
62053961
62054078
62054192
62084452
62053015
62054178
62053599
62054043
62054723
62084669
62054013
62054408
62054648
62084920
62054065
62054733
62054889
62085384
62053742
62054974
62085285
62054214
62054961
62054197
62053222
62053700
62055147
62055159
62054149
62054875
62055094
62085154
62053872
62054936
62055067
62053371
62053794
62055125
62052915
62053767
62055249
62085624
62054471
62054579
62054492
62055273
62055335
62053217
62054974
62053864
62055407
62054643
62055112
62055371
62055641
62085693
62054388
62055507
62085773
62054454
62055696
62054007
62085926
62054397
62055735
62053621
62055795
62055667
62055873
62054040
62055698
62055979
62054129
62055801
62055986
62054337
62056218
62086430
62055918
62055979
62086457
62056029
62054912
62056452
62086827
62055299
62056243
62055171
62056468
62054566
62056661
62056671
62056791
62087337
62055662
62056935
62054964
62055833
62056938
62057278
62055343
62055772
62055243
62055670
62055582
62057221
62087359
62056402
62057128
62056381
62056918
62057252
62056129
62056123
62057379
62055453
62057162
62057418
62088012
62087745
62057249
62056255
62057567
62087766
62056516
62057659
62055740
62087937
62056027
62056484
62058011
62088097
62058015
62057813
62058097
62056425
62056684
62058104
62088481
62057425
62058053
62056178
62057959
62058581
62056738
62058377
62058427
62088506
62057669
62058257
62056299
62058549
62058523
62057332
62057415
62058739
62058067
62057003
62057563
62058743
62056701
62058510
62058608
62056862
62057121
62058752
62059036
62089339
62057681
62059077
62089432
62058504
62059125
62057335
62058870
62059061
62059335
62089671
62058443
62059229
62057119
62059163
62059121
62057971
62089755
62058039
62059087
62057382
62057410
62057796
62059360
62089646
62058200
62059441
62057399
62059542
62059295
62057721
62057702
62059389
62059867
62089965
62058400
62059765
62089954
62089975
62059597
62059848
62059722
62059713
62060427
62059549
62059918
62058056
62058400
62058778
62060308
62058115
62060336
62060273
62058272
62060012
62060241
62060474
62058733
62060354
62059346
62060547
62062313
62059736
62060483
62060727
62058620
62060476
62059500
62060858
62058904
62060963
62060787
62059577
62061040
62060868
62061220
62091618
62060026
62061329
62091693
62060282
62061452
62059447
62061279
62061412
62061562
62059918
62061474
62061717
62092137
62060260
62061816
62060536
62061740
62060393
62060206
62061841
62062026
62060268
62060726
62061967
62092197
62060931
62062138
62060693
62062158
62092501
62061480
62062641
62062550
62092527
62062562
62062289
62061590
62093073
62061000
62062455
62092779
62061562
62062355
62060848
62092763
62092685
62092630
62061336
62062513
62061749
62062303
62062460
62061759
62061625
62062531
62062946
62093270
62061546
62062747
62060663
62062506
62062683
62062895
62093187
62061715
62062892
62093205
62063239
62063129
62061529
62061297
62061651
62063089
62093141
62061850
62063171
62062461
62062861
62063056
62063367
62093691
62061491
62061438
62063304
62061289
62093705
62061566
62062150
62063255
62061110
62063444
62063256
62061912
62061820
62093783
62093771
62093953
62062407
62063482
62061508
62063289
62062220
62062373
62063313
62062412
62063878
62061747
62064030
62063984
62062521
62062278
62062592
62064129
62063296
62062328
62062720
62064209
62094285
62063513
62063532
62063472
62063835
62064166
62064351
62062638
62064348
62064611
62095004
62063459
62064639
62062573
62064847
62065275
62064919
62095187
62063868
62065021
62064154
62064712
62065412
62065109
62095525
62064835
62065140
62095563
62095362
62065208
62064950
62065180
62095424
62063917
62065224
62095331
62065201
62065047
62065167
62095676
62064124
62065411
62063277
62065642
62065097
62063462
62096082
62064478
62065511
62064277
62065245
62065436
62065648
62095988
62064317
62065956
62096242
62065082
62065887
62064020
62066252
62065951
62066259
62065426
62064547
62064898
62066157
62065430
62065998
62066182
62065174
62064678
62096449
62066251
62064687
62066287
62066707
62066920
62065036
62066797
62066931
62097357
62066259
62097113
62067012
62097466
62065900
62067135
62067256
62067127
62067351
62097863
62066027
62067354
62097534
62067345
62067191
62065152
62065647
62066395
62067582
62066421
62066037
62066399
62067894
62098012
62067913
62067700
62067930
62098259
62066900
62067963
62098263
62066951
62068112
62068083
62098183
62067958
62068005
62068408
62066658
62066934
62068440
62066763
62067588
62068349
62068489
62098934
62067462
62069041
62068620
62067050
62068521
62067187
62068419
62067416
62068983
62099039
62068971
62068803
62069076
62099531
62067814
62069228
62099325
62069195
62067771
62068135
62069298
62068493
62099870
62068751
62069540
62068252
62068667
62068080
62069436
62099711
62069526
62068119
62069618
62069773
62069747
62100006
62069085
62069870
62069944
62100260
62068719
62069944
62067881
62069740
62068593
62070109
62100257
62069089
62070160
62068081
62069831
62069098
62070152
62069596
62068628
62069079
62070496
62068969
62068829
62069550
62070604
62069107
62069104
62069514
62070664
62101104
62069617
62070821
62070952
62068824
62069247
62069564
62071131
62070309
62069262
62069887
62071188
62101399
62069075
62070953
62070413
62071187
62101435
62070151
62071430
62069271
62071538
62071387
62071644
62101796
62070333
62071912
62071446
62101913
62070259
62071519
62069483
62071602
62071781
62071660
62071189
62070206
62071732
62069967
62070353
62071646
62101772
62070531
62071656
62070974
62071606
62071721
62070218
62070025
62071748
62071977
62102365
62070717
62071967
62070067
62070179
62070763
62072063
62070038
62071057
62072170
62070696
62070441
62072065
62072287
62102671
62071557
62071426
62072583
62071692
62072326
62072437
62072455
62071954
62103022
62072558
62072847
62073179
62103352
62071827
62072990
62103183
62071145
62073029
62073433
62103471
62072533
62073184
62073442
62103712
62073577
62073704
62073508
62103880
62072126
62073612
62103773
62072813
62073591
62071573
62073812
62074143
62072372
62103875
62104370
62074038
62072658
62074058
62073191
62073905
62073922
62074066
62104499
62073462
62074199
62072273
62074054
62074125
62073096
62072614
62073068
62074512
62104952
62073387
62074478
62073251
62074498
62074347
62074733
62104951
62073924
62074569
62073551
62074758
62074018
62074637
62074849
62104901
62073734
62074882
62073148
62073177
62073788
62073695
62074335
62075018
62075230
62074476
62073522
62073886
62075426
62105689
62074672
62075464
62075530
62074312
62074022
62075362
62075419
62073856
62074245
62075682
62105818
62074873
62075627
62074415
62075572
62074841
62075737
62075836
62075840
62106068
62074677
62075847
62073839
62075513
62075673
62075913
62105945
62074804
62075892
62106123
62076178
62075945
62076109
62077667
62074481
62075925
62074551
62074380
62075005
62076216
62075949
62076161
62106455
62075397
62076260
62074348
62076174
62076384
62076529
62106950
62075335
62076092
62106958
62075514
62076501
62076746
62106820
62075562
62076257
62076016
62107304
62106611
62076947
62074727
62076597
62076739
62077031
62076810
62076924
62076300
62075327
62076944
62077150
62107581
62075949
62077180
62075254
62077456
62077267
62077503
62107615
62076264
62077176
62077436
62107939
62076437
62077569
62079253
62076030
62077552
62075919
62076044
62077399
62076751
62077172
62077571
62078013
62077891
62077820
62078061
62078120
62108094
62078057
62077940
62078227
62108449
62078083
62078320
62076217
62077970
62076884
62078394
62108865
62076818
62078340
62078501
62108912
62077608
62078552
62078721
62109195
62077520
62078560
62076802
62076954
62077514
62078702
62109178
62077939
62078254
62078157
62078767
62078927
62079173
62078876
62079132
62077521
62109459
62079039
62077922
62079387
62109606
62078169
62079463
62078633
62077754
62078208
62079382
62078002
62079292
62078244
62079756
62077509
62079293
62078371
62079710
62077675
62079890
62078586
62079722
62079518
62079774
62079935
62110235
62078993
62080177
62078091
62079974
62080086
62080271
62078273
62080264
62080166
62078051
62079897
62080019
62080293
62110891
62079064
62080183
62110667
62080438
62080270
62080431
62111028
62079254
62080413
62080565
62079803
62080374
62080586
62110594
62079625
62080764
62080639
62079158
62079297
62080919
62111034
62080011
62080648
62080728
62111247
62079520
62080859
62080925
62079494
62080945
62078967
62079349
62079875
62081025
62079693
62081247
62111475
62080448
62081106
62081326
62081180
62079924
62080220
62081143
62079964
62079650
62079926
62081636
62111822
62080524
62081428
62080407
62111801
62080894
62081631
62080096
62079950
62081632
62080353
62080063
62080417
62081930
62112227
62080753
62082413
62080607
62080290
62082000
62082298
62080513
62082185
62082442
62112856
62112470
62082527
62081261
62081837
62113004
62081937
62082705
62081968
62081000
62082662
62082850
62113126
62081758
62082864
62081095
62082795
62083027
62083185
62113527
62081898
62083171
62113506
62082482
62083171
62081122
62081562
62083181
62083354
62083649
62113706
62083671
62083622
62082342
62082862
62083962
62083812
62081952
62082419
62083812
62081715
62083389
62083659
62083967
62082615
62083768
62114124
62083151
62083884
62084125
62114476
62082121
62084101
62114606
62083009
62084186
62082321
62084065
62084714
62084352
62114778
62114693
62083887
62084795
62082660
62084827
62084549
62084796
62114942
62084093
62084755
62083183
62083023
62083501
62084825
62084139
62083479
62084630
62084837
62115236
62083431
62084875
62082911
62084487
62083514
62085170
62084787
62083837
62085057
62083665
62085115
62083944
62084972
62085194
62115510
62084041
62085129
62085336
62085464
62083772
62085552
62085547
62085520
62083930
62116184
62084584
62085840
62085882
62116133
62084777
62086036
62083915
62086284
62085996
62086219
62116293
62084915
62085993
62084091
62085858
62085970
62084612
62116583
62085271
62086035
62117799
62118031
62086949
62087233
62085742
62088052
62087879
62087282
62087778
62087900
62088177
62086709
62088278
62086886
62086654
62088237
62088545
62087602
62088441
62118642
62088412
62088215
62087222
62088765
62118651
62087523
62088714
62087426
62087869
62088844
62088992
62119172
62087740
62089160
62089090
62086928
62088002
62088762
62088743
62087533
62088042
62089414
62119600
62088128
62089308
62088506
62089275
62089822
62087999
62087931
62088261
62089788
62087595
62089803
62089771
62087718
62088974
62090021
62088524
62089698
62090018
62088552
62088409
62090081
62088809
62088590
62090239
62090472
62088693
62090708
62090523
62121069
62089066
62090627
62120844
62089378
62090815
62088472
62089177
62090846
62090697
62090846
62090786
62090778
62091137
62121270
62089782
62091034
62092842
62091136
62091326
62121581
62090104
62091398
62121652
62090111
62091429
62121834
62090389
62091433
62089517
62089875
62090538
62091192
62091942
62122027
62091444
62090406
62091699
62090452
62090590
62091162
62091016
62091950
62091842
62091102
62090195
62091792
62091101
62090967
62091879
62092144
62090397
62091990
62090694
62092274
62092166
62090741
62090622
62092233
62090704
62091984
62092216
62092435
62092361
62090624
62092248
62092436
62122855
62122534
62092185
62092321
62090860
62092558
62092708
62091412
62092353
62092655
62091271
62091064
62092899
62092993
62090848
62092964
62093028
62093107
62092663
62092858
62091500
62091449
62092957
62093210
62091900
62093193
62091696
62092907
62093252
62093392
62123767
62093193
62093419
62091826
62093193
62093419
62091734
62093345
62091767
62091694
62093396
62091558
62093401
62094076
62092217
62093339
62093662
62092445
62092200
62094266
62092675
62092334
62093876
62093033
62093856
62092955
62094239
62124747
62092894
62094420
62093564
62124886
62093341
62094442
62124564
62093761
62094474
62124790
62093366
62094666
62124863
62093646
62094556
62092565
62093430
62094868
62092873
62094996
62094724
62093426
62093160
62094859
62095092
62093320
62095211
62093056
62094868
62095134
62094227
62095298
62093864
62095356
62125633
62094372
62094291
62095485
62125734
62094271
62095451
62094711
62095723
62095565
62094749
62095221
62093593
62095556
62125773
62094475
62095713
62097550
62096196
62095853
62093773
62095984
62096326
62096052
62126489
62094615
62096237
62094275
62095960
62095301
62096262
62096340
62095014
62095873
62096084
62096358
62126655
62094887
62096317
62126682
62095041
62096461
62126673
62095199
62096392
62126743
62095243
62096468
62094976
62095021
62096377
62096418
62126866
62096252
62096484
62095226
62094867
62096515
62096754
62094963
62096601
62094807
62095594
62096466
62094989
62097207
62096846
62095149
62097193
62097577
62097303
62097279
62096625
62095112
62096595
62097171
62095334
62096169
62095543
62127998
62096251
62097579
62127924
62096675
62097507
62127676
62096815
62097531
62095493
62097773
62097614
62127882
62097058
62097720
62097092
62097407
62097680
62097721
62097678
62097840
62095890
62128364
62096866
62098101
62128361
62096876
62098283
62096546
62098194
62097698
62097156
62098521
62098408
62098716
62096818
62098503
62098777
62098306
62098510
62098743
62098435
62098616
62096720
62098207
62098961
62129199
62098256
62099020
62129440
62098107
62099109
62097043
62098465
62099229
62129311
62098240
62099418
62129855
62098053
62099405
62099594
62099282
62097869
62099173
62099313
62099665
62097924
62098330
62099805
62097969
62099760
62098502
62099638
62099751
62098304
62098319
62098457
62100161
62130190
62098765
62099990
62130273
62098868
62100295
62130626
62098916
62100364
62130423
62099681
62099184
62099793
62098927
62100227
62100272
62098206
62100153
62100153
62099406
62099854
62100086
62098906
62099017
62100225
62100568
62098674
62100233
62099741
62100213
62100250
62098947
62100186
62100475
62098501
62099581
62100509
62130784
62099486
62117893
62147966
62117652
62148006
62116558
62116182
62117846
62116355
62117700
62117980
62116287
62116881
62118079
62148569
62116912
62118205
62148587
62117340
62118298
62148702
62117306
62118459
62116423
62117780
62118472
62148809
62117573
62118568
62148889
62117388
62118760
62149224
62117587
62118144
62118950
62119006
62117169
62118855
62119139
62117399
62117537
62149378
62117393
62117911
62119355
62149793
62117990
62119407
62149734
62118412
62119431
62149783
62118282
62119589
62150237
62118473
62119722
62150225
62118332
62119719
62150139
62119554
62118186
62119408
62120276
62119818
62150174
62118494
62120058
62150353
62150069
62119850
62150280
62118827
62120189
62150450
62118954
62120254
62150445
62119094
62120241
62150498
62119307
62120501
62118516
62150631
62150594
62120622
62120456
62150900
62120680
62120545
62120972
62120677
62150894
62119937
62120742
62118915
62119566
62119196
62119465
62120957
62120094
62119190
62119497
62120948
62119262
62120835
62119038
62119331
62120979
62119652
62120847
62121130
62120026
62121343
62121612
62119690
62120974
62121228
62119842
62121005
62121287
62120690
62121734
62120858
62119629
62120624
62120019
62121406
62121635
62120304
62121499
62121806
62120654
62122115
62121231
62119883
62152496
62120981
62120689
62122236
62152446
62120414
62121997
62122332
62152642
62120938
62122354
62120535
62122169
62122299
62122482
62152894
62121021
62122660
62152995
62121326
62122668
62152906
62121480
62122668
62152979
62121566
62122719
62152891
62121556
62122795
62153082
62121686
62122948
62152913
62152730
62122996
62121091
62122715
62122852
62122483
62122739
62123074
62153419
62122883
62121611
62121355
62122979
62121587
62122154
62123013
62153397
62121900
62123050
62153257
62122351
62123170
62153413
62122467
62123231
62121275
62122157
62123354
62121275
62153680
62122653
62123636
62153671
62122456
62123486
62153711
62122869
62123558
62123689
62123670
62153887
62122885
62123625
62121757
62123696
62122100
62122235
62123181
62123877
62154073
62123046
62124226
62154131
62123527
62124280
62154452
62123200
62124469
62154803
62123176
62124576
62122938
62123115
62123123
62124565
62124822
62122938
62123306
62124846
62155234
62123843
62125017
62155186
62123884
62125291
62123506
62125188
62125103
62123561
62123878
62125380
62155632
62124049
62125490
62156009
62124193
62125688
62156095
62124282
62125771
62124007
62125655
62124359
62123377
62125693
62126018
62124346
62125981
62125000
62126112
62156487
62156327
62126366
62124286
62125755
62126393
62156840
62125322
62126616
62156919
62125531
62126571
62156853
62125674
62126626
62125916
62126313
62126617
62126840
62157234
62125879
62126974
62157146
62125859
62127063
62157387
62125896
62127151
62126963
62127185
62157228
62126101
62125471
62125517
62126070
62127401
62157701
62126286
62127460
62157939
62125748
62126811
62125881
62126479
62126405
62126638
62127767
62127150
62127666
62127813
62126024
62126183
62127821
62128142
62127818
62127820
62126084
62158326
62127682
62127900
62127367
62128226
62128026
62126124
62127819
62128152
62126405
62126635
62128256
62126987
62128202
62128356
62127813
62128347
62128521
62128336
62128967
62128778
62127311
62127093
62128669
62126824
62129132
62128901
62159335
62128263
62128915
62128202
62127676
62129334
62129103
62127257
62128867
62127421
62127342
62127673
62129166
62128920
62129125
62127437
62129471
62129421
62127495
62129539
62129558
62129042
62128176
62129343
62128424
62128152
62129513
62129816
62128299
62129500
62129285
62128340
62129770
62129652
62128254
62129360
62129568
62129900
62128026
62129766
62128663
62128933
62129780
62129264
62130198
62128637
62130181
62160281
62129420
62130184
62128104
62129539
62130335
62160710
62129800
62130540
62160998
62129583
62130685
62160936
62129649
62130623
62160968
62129518
62130818
62161085
62129621
62130921
62161173
62130088
62130893
62128841
62130673
62130782
62129494
62130965
62130865
62161321
62129697
62131176
62161304
62130169
62131030
62131413
62131233
62131378
62129496
62131354
62130641
62131383
62131420
62130798
62131783
62162189
62130277
62131817
62162031
62130616
62131865
62161993
62130661
62131725
62162103
62130990
62132054
62129940
62132237
62132130
62130104
62132269
62132437
62132254
62162493
62130965
62132577
62130785
62131153
62131094
62131740
62132393
62132537
62130851
62132457
62132696
62163150
62131409
62132785
62163273
62131495
62132792
62163041
62131915
62132802
62130900
62132882
62132706
62133073
62132636
62132881
62132967
62131274
62132083
62131496
62132937
62162890
62131664
62132816
62134620
62132152
62132715
62131585
62133039
62132404
62131416
62132951
62133221
62163635
62131997
62133109
62163641
62132100
62133512
62163902
62132332
62132993
62132442
62133417
62132602
62132888
62133625
62132861
62133818
62133594
62132299
62132036
62132500
62133947
62164089
62133183
62133998
62133309
62133655
62133986
62134099
62132397
62132693
62134369
62164522
62132919
62134192
62164292
62133396
62134093
62133476
62134372
62134339
62132301
62132142
62134296
62164963
62133122
62134692
62133004
62134539
62134877
62133069
62133283
62134751
62133079
62134659
62134919
62134876
62132638
62134494
62134627
62135000
62133129
62134726
62134935
62165203
62133744
62135072
62165396
62133940
62135203
62165739
62134026
62135326
62135393
62135260
62135402
62135095
62135402
62135584
62165940
62134184
62135556
62165602
62134359
62135839
62135377
62135538
62133822
62135535
62135693
62134004
62135645
62134246
62134271
62135830
62136080
62134343
62135940
62135332
62135660
62135930
62134542
62136372
62134493
62166331
62135078
62136282
62134346
62135266
62136378
62166638
62135935
62135981
62134660
62136865
62167134
62136020
62136770
62134783
62136643
62136813
62136144
62136767
62136951
62135034
62135974
62136953
62137081
62136774
62137118
62135795
62136941
62137159
62137467
62137151
62137165
62137494
62167591
62136098
62137327
62167706
62136513
62137474
62136696
62137377
62137433
62135583
62135906
62137414
62137664
62168145
62136401
62137633
62167933
62136494
62137866
62136132
62136411
62137972
62136177
62137726
62137924
62168087
62137098
62137062
62137747
62136549
62138079
62168411
62136799
62138051
62168230
62137434
62138072
62138282
62138259
62168336
62137508
62138248
62168452
62137570
62138330
62136339
62168803
62168755
62137409
62138469
62137777
62138550
62138908
62137404
62136820
62137150
62138687
62168867
62137691
62138633
62168877
62137667
62138595
62136649
62139018
62137954
62138112
62137117
62138789
62137290
62138711
62138967
62137626
62138762
62139110
62137649
62138991
62139107
62139453
62139012
62139226
62137602
62137682
62138170
62139606
62169599
62138399
62139655
62169985
62138406
62139703
62169827
62138471
62139682
62169841
62169786
62137578
62139475
62138217
62138791
62170107
62170341
62138864
62140459
62138571
62139824
62138731
62140261
62170880
62139122
62140450
62171001
62139348
62140642
62170670
62139475
62140659
62170908
62139554
62140795
62170915
62140388
62140574
62170816
62140472
62140749
62139917
62139045
62140624
62139174
62140529
62140610
62139218
62139048
62140720
62139073
62141216
62141330
62141083
62139298
62140946
62139725
62141364
62141596
62139327
62139657
62171911
62171600
62141433
62141523
62141504
62141013
62139617
62141233
62141414
62141746
62141778
62141824
62142174
62141799
62140114
62140516
62141150
62172348
62141743
62142078
62140933
62142038
62142195
62142407
62142368
62142352
62141543
62142151
62142335
62141057
62141257
62142533
62172950
62141847
62142643
62141452
62141621
62142841
62140765
62142614
62143258
62141687
62142584
62142867
62141499
62142570
62142901
62143062
62142755
62143011
62141469
62143296
62142890
62143473
62173767
62142170
62143443
62173700
62142792
62143084
62141552
62142998
62143844
62173894
62142557
62142857
62174367
62142848
62143725
62143778
62143987
62144124
62143919
62144141
62174535
62142937
62144343
62174529
62142995
62144483
62143299
62144323
62144518
62142805
62143251
62144631
62174923
62143382
62144696
62175020
62143447
62144782
62143011
62144669
62144865
62143196
62143328
62144820
62143268
62142796
62143037
62143528
62144870
62175341
62143601
62145059
62143384
62144967
62145155
62143394
62145631
62145285
62175400
62144620
62145244
62175572
62144351
62145563
62143759
62143406
62145632
62143446
62145658
62145735
62145676
62145762
62144313
62144098
62144452
62145962
62146107
62175973
62145246
62145911
62143934
62145811
62146257
62145465
62145886
62145981
62145373
62145968
62146408
62145503
62146091
62146217
62144825
62144771
62145060
62146603
62176994
62145327
62146634
62176797
62146606
62144893
62176941
62145867
62145903
62144654
62146835
62147104
62145322
62144981
62146629
62146096
62147037
62146891
62144877
62146965
62146338
62144952
62177699
62145739
62147081
62177571
62145774
62147315
62177505
62146039
62147326
62177800
62146299
62147623
62145933
62145538
62178136
62147901
62147634
62148034
62147868
62146127
62147840
62146561
62146275
62146619
62148097
62146144
62146401
62147989
62148133
62178326
62147999
62148199
62147455
62147947
62148063
62146907
62148382
62148306
62148539
62178516
62147795
62148470
62146578
62148233
62147261
62148462
62178757
62147569
62148804
62147124
62148896
62179082
62148146
62148909
62146922
62148981
62179463
62147413
62147873
62149002
62179511
62148158
62149429
62179565
62148308
62179931
62149380
62149462
62149725
62180120
62148527
62149868
62180052
62149905
62149814
62180066
62148472
62148656
62149726
62148630
62180196
62148762
62150138
62148738
62150052
62180314
62149248
62150141
62149326
62148108
62148884
62148768
62148986
62150529
62180751
62149335
62150584
62148844
62150516
62150759
62181336
62149500
62150869
62181396
62149716
62151013
62181361
62149778
62151263
62181483
62150096
62151263
62151200
62151315
62151500
62181658
62150378
62151640
62149526
62151676
62151412
62181982
62151814
62150369
62150617
62151593
62149868
62151242
62151893
62182351
62151059
62152161
62182544
62151469
62152148
62182351
62152478
62151349
62152294
62152541
62150718
62152363
62152637
62183173
62151344
62152775
62183143
62151327
62152720
62183026
62151918
62151502
62183145
62152850
62152668
62152802
62183082
62151771
62152726
62154632
62151987
62151797
62152944
62152992
62153219
62183404
62151943
62153099
62151084
62153241
62153247
62183644
62153536
62153288
62153301
62152354
62153466
62151625
62152399
62153589
62151722
62153479
62153553
62152397
62152155
62153800
62152521
62152276
62152661
62154112
62184532
62152859
62152857
62154058
62154282
62184531
62153153
62154364
62153988
62153128
62154326
62152201
62154214
62154231
62154518
62152771
62154371
62153670
62153375
62154389
62154707
62184990
62153321
62154632
62184925
62153929
62154810
62153926
62154812
62154708
62153276
62152945
62153621
62154627
62153421
62155002
62185285
62153836
62155085
62185401
62185664
62155161
62154619
62155399
62155296
62155611
62153719
62155326
62154756
62155358
62155428
62153856
62154426
62155651
62186009
62155923
62155878
62153941
62155293
62156028
62186173
62155430
62155292
62155951
62155085
62156725
62156352
62155194
62154797
62155063
62156504
62186841
62155368
62156480
62155856
62154813
62156423
62155158
62154803
62156526
62156674
62154950
62156608
62155860
62155588
62156833
62187188
62155621
62156857
62187201
62155792
62157069
62155312
62156039
62157223
62187396
62155933
62157308
62157051
62157203
62157512
62187887
62156290
62157429
62156224
62156301
62157573
62156080
62155975
62157595
62157588
62165780
62159154
62159578
62158056
62158373
62159981
62157822
62159548
62159777
62160034
62190522
62158823
62160102
62160278
62158661
62190818
62159047
62160289
62159604
62159963
62159546
62160407
62160651
62159027
62191247
62160854
62160120
62191344
62159661
62160814
62160261
62160304
62160954
62161236
62191428
62160220
62161169
62161378
62191619
62160528
62161305
62161423
62191849
62160229
62161611
62191927
62160359
62161522
62159559
62161719
62161626
62161886
62192154
62160627
62161927
62159946
62161628
62161747
62162024
62192476
62160666
62162490
62162103
62162172
62162497
62161596
62162122
62161074
62161072
62161220
62162783
62161250
62162024
62162651
62161294
62162491
62161392
62162860
62192971
62162982
62162844
62163005
62193500
62161979
62162892
62163106
62161284
62161823
62193638
62162895
62162279
62163159
62163529
62161226
62163051
62161938
62163427
62193696
62162673
62163184
62163527
62193841
62163541
62163658
62193881
62162972
62163624
62163007
62163558
62162349
62163892
62193839
62162695
62163793
62163963
62194306
62162789
62164076
62194336
62194404
62163539
62164136
62163437
62163909
62164087
62164555
62162590
62162913
62164275
62164454
62194614
62163236
62195061
62163743
62164367
62163716
62164339
62163205
62164718
62194833
62163626
62164588
62164579
62163425
62163324
62164771
62162753
62164496
62164731
62164906
62164104
62163101
62163414
62164783
62164763
62164819
62164184
62164157
62163866
62164119
62164718
62163896
62165121
62163451
62163389
62163767
62165379
62195455
62165466
62165226
62165459
62163392
62165162
62164101
62165594
62195880
62164451
62165676
62163678
62196230
62164531
62165735
62163707
62165606
62166009
62196228
62165197
62165894
62166130
62166460
62166359
62165424
62196517
62166400
62166163
62166396
62196765
62165349
62166747
62166551
62196639
62166536
62166250
62196769
62166095
62165263
62166587
62165784
62196997
62165318
62166909
62197080
62166019
62166732
62165547
62165112
62165617
62166972
62166963
62167064
62197268
62165678
62166906
62166228
62166785
62166867
62167254
62197498
62166493
62167220
62166582
62165549
62167156
62167341
62197884
62167503
62167260
62167530
62167040
62166641
62167377
62167736
62165441
62167273
62167412
62167737
62165877
62166410
62167703
62197983
62165958
62167833
62166334
62167850
62167055
62166176
62166565
62167923
62165857
62167532
62167890
62168048
62198217
62168074
62167930
62168125
62198590
62166975
62167472
62167002
62167139
62166864
62168188
62166146
62166630
62167145
62168378
62167079
62166714
62167151
62168485
62198716
62167541
62166641
62166707
62168368
62168719
62168952
62199262
62167690
62168829
62166801
62168948
62168995
62169170
62199400
62168433
62169041
62169335
62169023
62167826
62169198
62168554
62167576
62168030
62169303
62167974
62167684
62168240
62169613
62169532
62169687
62199926
62168899
62169653
62168889
62200019
62200120
62168570
62169621
62199896
62168910
62169673
62170005
62200280
62168841
62169964
62169182
62168235
62168675
62200134
62200121
62169707
62168778
62169744
62168414
62168779
62170272
62200658
62169624
62170447
62169022
62168923
62169250
62168528
62201114
62169796
62170444
62169029
62200989
62169783
62170914
62170541
62200895
62169420
62170019
62170062
62170339
62169315
62170756
62168665
62170819
62170680
62169467
62169133
62169621
62171003
62169688
62169871
62169927
62169791
62171235
62201751
62170399
62171091
62169954
62171288
62169891
62171284
62201552
62170114
62171363
62171453
62201996
62170253
62171577
62201686
62171558
62171441
62170128
62169872
62170339
62171729
62201805
62171071
62171760
62171088
62171619
62171704
62171889
62202213
62170795
62171047
62170062
62171758
62172017
62202723
62202661
62202608
62172503
62202854
62171375
62172541
62171743
62170799
62172565
62171175
62172681
62171479
62171703
62172893
62172795
62171185
62203189
62172994
62203035
62173163
62173371
62173131
62173215
62172816
62172100
62173253
62173329
62173127
62173210
62173566
62173554
62173416
62173624
62203771
62172472
62173721
62204072
62172981
62173800
62173921
62204063
62172525
62204052
62204421
62174128
62172722
62173274
62204478
62173047
62174337
62173470
62174431
62174241
62173193
62172618
62174379
62174585
62204642
62173749
62174537
62172611
62173374
62175086
62174925
62173165
62174809
62173606
62205510
62173852
62175098
62174149
62175132
62175403
62205688
62174284
62175553
62174646
62175781
62175613
62176027
62173647
62206096
62174777
62175819
62173815
62206351
62174568
62175786
62173713
62175952
62175745
62176002
62206133
62174726
62176023
62206412
62175423
62176047
62175454
62176288
62176199
62174533
62176481
62176265
62176583
62207027
62175283
62175469
62176583
62174542
62174862
62175237
62176603
62174417
62176310
62176561
62176805
62207105
62175930
62176948
62174842
62175949
62176891
62176215
62175220
62175598
62176991
62207134
62177178
62177005
62175714
62176243
62176956
62177192
62207449
62176063
62177336
62175447
62177132
62177265
62176113
62177632
62207641
62176456
62177504
62177689
62207908
62176522
62177730
62177772
62176022
62176503
62177773
62175720
62178007
62177743
62176498
62208458
62176823
62178072
62208471
62177458
62176365
62208240
62176943
62178210
62178436
62176713
62177195
62178433
62208981
62178562
62178288
62178709
62177343
62178656
62178842
62208998
62178402
62177399
62178846
62209229
62177677
62178871
62177789
62178668
62177644
62179297
62209488
62177998
62177015
62209563
62178608
62179222
62179463
62209797
62178163
62179377
62177359
62179475
62209797
62178496
62179452
62178041
62177983
62178426
62177523
62179715
62210028
62178599
62179789
62178974
62178030
62178436
62180014
62210156
62178998
62179983
62178644
62178261
62179957
62180094
62210510
62179166
62180139
62180249
62210322
62179564
62180301
62179561
62180108
62180415
62180572
62211040
62179317
62180511
62179069
62178758
62179418
62180485
62179789
62180213
62180493
62180692
62179870
62178864
62179218
62180700
62211096
62179712
62180734
62180008
62180566
62180777
62180965
62211340
62179857
62181140
62181252
62181211
62179125
62180288
62181153
62180071
62179647
62181343
62181524
62211813
62180361
62181435
62181412
62180604
62181904
62179814
62181441
62181735
62182022
62179850
62181562
62181818
62182051
62180199
62182053
62182010
62181960
62180922
62182164
62181424
62180442
62180844
62182353
62212404
62181427
62182227
62182485
62212953
62181281
62182697
62212714
62181954
62213116
62181009
62181785
62182667
62182843
62182981
62213141
62181801
62182788
62183058
62213341
62182266
62182982
62213209
62183336
62182973
62183161
62213324
62181923
62183058
62181558
62183099
62213390
62182372
62182480
62182396
62181527
62182036
62183329
62182565
62181624
62183237
62183522
62183249
62183500
62183567
62183612
62213676
62183645
62182214
62183682
62182832
62182028
62182451
62183682
62181767
62213928
62182751
62183684
62182385
62181942
62182471
62183843
62182343
62182224
62182592
62184099
62214265
62182813
62184195
62184073
62214242
62183441
62184114
62182748
62183888
62183100
62184027
62182217
62183875
62183968
62184316
62183408
62184383
62184497
62182397
62184133
62183143
62183161
62184307
62183427
62183294
62184534
62184733
62214982
62183553
62184682
62183428
62183138
62183657
62184738
62183461
62184700
62183703
62184989
62185010
62185069
62183824
62184939
62185156
62215157
62184826
62183634
62185194
62184954
62185180
62215391
62184102
62185510
62185274
62215622
62184283
62184704
62185463
62185537
62215717
62184254
62185403
62183480
62215874
62184450
62185425
62185525
62215993
62184433
62185614
62184822
62183827
62184339
62185604
62184792
62185213
62184032
62185647
62184862
62183945
62184361
62185655
62216024
62184022
62184095
62185869
62185901
62184737
62216449
62184705
62184853
62185791
62186042
62183876
62185790
62184931
62186108
62185521
62184577
62184840
62186253
62184187
62185975
62184927
62186268
62184346
62185146
62186298
62186643
62216729
62205929
62205751
62205946
62236284
62204956
62205831
62206019
62236318
62236320
62204552
62236432
62204722
62205900
62206181
62204410
62204857
62206212
62236577
62205274
62206202
62206371
62236736
62205259
62206341
62206516
62236899
62205322
62206509
62204740
62206320
62205388
62206652
62236875
62237147
62205044
62206069
62206888
62206827
62205408
62205252
62205678
62207098
62206252
62237591
62206060
62206918
62207176
62237432
62207294
62207275
62206535
62205540
62206189
62207523
62205447
62237844
62206450
62206728
62205406
62207102
62206163
62207655
62237658
62206850
62207614
62206888
62206951
62206549
62207613
62207916
62206298
62207915
62208086
62238146
62207476
62207557
62207480
62207904
62206928
62208341
62206200
62208131
62207008
62208401
62238460
62208573
62208792
62208498
62207283
62207075
62208588
62238749
62208384
62208412
62207340
62208726
62206674
62208458
62207629
62208854
62206877
62208696
62208771
62209158
62239292
62209145
62209265
62209306
62239664
62207872
62209192
62207058
62207426
62208061
62209187
62208546
62209418
62209236
62209541
62209314
62209972
62209688
62208753
62207785
62209607
62207791
62239953
62208517
62209834
62209798
62208075
62208652
62209934
62207906
62209615
62208313
62208757
62209937
62240378
62209193
62209834
62210051
62240300
62209301
62209446
62209486
62208559
62208859
62210316
62208089
62208968
62210640
62210259
62210432
62210330
62240839
62209283
62210414
62209039
62208707
62210409
62210434
62209249
62241060
62209292
62210582
62212382
62210980
62209971
62210669
62208483
62208920
62209432
62210561
62208611
62210554
62209330
62210795
62208660
62210523
62209533
62210929
62241127
62210114
62210789
62210955
62241525
62209963
62211088
62209427
62209329
62209632
62211107
62209024
62210873
62211242
62211280
62209426
62211386
62211418
62241768
62210203
62211342
62209317
62211187
62209941
62211508
62241612
62210317
62211689
62241968
62209953
62211329
62210357
62211620
62209605
62211984
62211611
62212031
62242301
62210639
62211819
62211040
62210261
62210513
62212067
62242201
62211231
62210165
62242358
62211878
62212066
62212340
62242782
62212322
62212271
62212502
62242853
62211867
62212573
62211463
62210940
62211449
62212650
62211913
62212265
62212535
62212830
62243267
62211547
62212823
62210665
62211070
62211882
62212830
62211621
62243187
62212123
62212870
62212940
62243149
62213116
62212876
62213061
62211307
62212298
62213174
62243460
62212340
62212314
62213418
62213098
62212143
62212041
62212231
62212067
62213521
62212808
62211953
62212383
62213498
62212826
62213339
62213530
62213712
62244036
62212559
62213787
62211875
62213745
62213874
62214083
62212397
62212587
62214295
62244484
62214356
62214259
62213224
62244724
62213653
62213544
62214552
62244801
62213733
62214886
62214817
62244859
62244973
62214786
62245110
62213620
62214780
62212772
62214652
62213460
62215003
62214256
62213274
62213676
62215144
62245326
62214281
62214857
62214258
62213763
62215035
62215047
62245638
62214133
62214063
62215356
62215272
62213425
62213720
62214229
62215382
62213813
62246128
62214807
62215650
62215734
62246136
62214533
62215624
62213746
62215839
62215819
62216100
62246395
62214766
62215885
62216002
62246006
62214465
62214745
62216063
62246431
62216115
62216259
62246337
62216462
62216117
62216315
62214132
62215845
62216111
62216569
62246773
62215444
62216364
62215699
62216096
62215072
62216536
62214398
62216240
62216352
62216688
62246851
62215811
62216579
62216853
62246901
62215942
62216590
62215288
62215032
62215472
62215799
62246834
62247321
62215875
62217013
62215186
62215237
62215670
62217148
62215027
62216726
62216937
62217156
62247384
62216906
62216976
62217263
62247405
62216478
62216586
62216451
62217057
62217302
62217565
62247842
62216324
62217523
62216724
62215999
62216316
62217770
62216346
62216181
62217711
62215672
62247958
62248404
62248601
62216932
62217972
62218141
62248334
62248524
62218270
62218092
62218489
62248666
62217680
62218438
62218363
62248676
62217197
62218405
62216208
62216628
62217133
62218471
62217580
62216691
62217474
62218530
62217171
62218417
62217800
62216849
62217371
62218596
62217398
62217846
62218577
62218755
62249158
62217606
62218705
62218914
62248850
62218167
62218983
62217719
62217271
62218235
62216928
62218815
62218485
62219093
62219417
62217279
62219098
62219268
62219296
62249664
62218641
62218402
62219372
62249891
62218356
62219509
62218372
62250047
62218515
62219774
62217548
62219523
62218437
62219851
62217754
62219579
62220421
62220085
62250351
62219495
62219108
62218315
62218741
62220054
62219263
62218367
62218930
62220327
62220482
62218300
62219114
62220343
62220528
62250774
62220677
62220348
62220707
62250662
62250708
62218483
62220206
62219449
62220629
62219961
62218904
62219477
62220901
62251046
62220857
62219780
62221013
62221364
62221200
62251452
62220020
62220646
62221349
62251540
62220502
62221252
62219264
62221045
62219932
62221496
62251720
62220342
62221937
62221671
62252019
62220257
62221551
62220893
62252068
62220952
62221533
62221704
62220907
62221084
62220330
62221846
62251902
62222043
62221776
62222018
62252229
62220674
62221090
62222347
62222274
62252280
62222259
62222254
62252353
62220624
62221109
62222412
62222755
62252983
62221545
62221544
62220612
62220917
62221255
62222631
62253064
62221667
62222703
62222858
62252938
62221931
62222626
62222900
62253121
62222973
62222778
62222963
62253306
62222360
62223155
62221764
62253723
62222065
62223299
62222226
62223605
62223540
62221330
62221602
62222302
62223366
62222256
62221808
62223429
62223642
62254075
62222427
62223641
62221859
62223808
62223758
62223999
62254193
62223204
62223825
62222667
62222260
62222189
62222824
62222637
62223958
62222909
62254439
62224330
62224039
62254332
62254566
62224479
62224738
62224335
62254713
62223254
62224278
62224658
62254642
62223675
62224364
62223795
62222820
62223868
62224537
62224719
62255134
62223825
62224634
62224918
62255333
62224157
62224897
62223538
62223066
62223506
62225025
62222802
62224706
62224794
62255521
62255211
62225094
62224830
62225015
62225146
62255435
62224382
62225057
62225168
62255607
62224129
62225405
62224665
62225288
62225320
62225674
62255734
62225655
62225986
62224723
62225803
62255997
62225935
62225736
62225996
62256014
62224733
62224519
62225984
62256369
62226119
62226021
62224058
62225804
62224948
62226173
62224121
62226445
62226277
62226315
62256350
62225148
62226124
62226357
62226004
62226182
62226337
62224387
62224547
62224939
62226397
62256419
62225056
62226219
62225222
62257014
62225516
62226436
62256825
62225981
62226735
62226750
62226973
62257060
62226700
62225625
62226925
62224935
62257501
62225795
62227099
62227261
62257567
62225985
62227261
62225902
62225937
62227050
62227238
62227225
62227243
62257454
62226015
62227001
62227323
62257654
62226689
62226824
62225854
62227072
62227328
62225504
62225773
62226435
62227513
62226810
62227293
62226440
62227798
62258136
62226797
62227833
62225935
62227584
62226608
62228049
62226573
62227213
62226476
62228084
62225930
62228093
62227850
62228161
62258461
62228125
62227926
62228183
62226412
62226756
62228317
62258393
62226972
62226983
62228448
62258457
62227615
62228260
62228405
62258703
62227135
62228741
62228488
62258829
62227342
62228649
62258695
62228440
62228401
62228627
62228587
62226987
62227530
62228707
62226951
62228792
62228987
62259246
62227770
62229365
62229113
62259517
62229155
62227765
62229219
62259463
62229299
62229106
62229371
62259642
62229267
62259597
62228368
62229343
62227459
62227611
62228185
62229314
62227865
62259889
62228183
62229699
62259836
62228409
62229805
62231523
62228369
62229723
62229044
62260147
62229818
62229591
62229838
62227788
62227852
62228415
62228912
62228218
62227976
62228450
62229785
62227736
62229445
62228363
62229756
62228454
62260184
62227843
62260200
62228720
62230126
62230165
62260434
62228917
62230018
62230201
62260260
62230092
62230288
62228391
62260670
62229303
62230731
62230308
62260649
62229437
62230220
62230361
62228793
62229087
62230613
62261062
62229787
62230627
62229938
62229055
62229574
62230700
62228709
62229067
62230701
62230972
62261015
62230249
62230924
62228936
62230710
62230863
62261232
62229404
62229916
62231045
62231217
62229381
62229955
62231149
62229593
62231346
62231174
62231372
62229248
62229616
62230182
62231438
62230687
62229808
62230152
62231552
62261903
62230488
62230362
62231616
62231777
62261823
62231376
62230568
62231091
62231622
62231752
62231985
62262061
62231552
62231856
62232102
62262405
62230997
62231979
62231314
62230420
62232727
62232405
62232509
62262828
62231625
62232420
62232355
62262881
62231206
62232530
62230382
62232142
62232439
62232624
62263119
62231444
62232516
62232748
62232723
62232830
62232797
62232853
62230721
62263322
62231842
62233029
62232879
62263403
62231761
62232955
62231492
62232756
62232977
62233213
62233638
62233915
62265212
62233970
62235083
62235257
62265442
62234278
62235449
62235579
62233639
62235242
62234146
62234947
62235562
62235795
62266393
62234714
62235792
62234761
62234837
62234876
62236269
62235070
62266801
62235609
62236373
62234478
62235203
62236433
62236669
62266925
62235475
62236526
62235316
62236490
62235562
62236141
62236987
62267160
62235707
62266966
62234855
62235302
62235914
62235737
62237178
62235873
62236183
62237359
62235815
62237345
62235207
62237063
62236032
62237336
62236599
62235665
62236098
62237686
62267643
62237660
62237458
62237745
62237043
62268093
62236502
62237641
62236928
62237421
62238168
62237981
62237952
62237867
62237845
62268244
62238028
62237863
62238136
62237296
62237872
62236752
62238255
62236267
62268637
62237525
62237592
62236261
62268700
62237155
62238455
62268854
62237364
62238692
62237353
62269140
62237358
62238775
62236681
62238390
62238670
62238957
62269215
62237815
62238978
62238992
62269522
62238019
62238614
62269475
62269569
62239025
62237867
62239359
62269467
62239318
62239258
62239529
62238741
62239175
62239455
62239838
62270200
62238552
62239794
62239054
62238291
62238628
62240041
62239236
62238309
62238824
62238774
62238693
62240079
62238116
62239777
62238903
62240128
62240348
62270698
62239080
62240246
62240384
62240519
62239645
62238143
62240782
62239040
62270920
62240933
62240693
62240977
62271445
62240091
62240977
62241105
62271330
62240341
62240979
62240348
62240738
62241130
62241288
62239660
62240001
62241568
62271563
62241225
62241430
62241714
62271797
62241654
62241486
62241589
62271913
62240714
62240286
62240684
62272062
62241045
62240546
62240871
62240105
62240675
62241838
62243628
62240692
62240597
62241953
62241294
62272288
62272158
62240305
62241963
62242076
62272191
62242252
62242118
62240431
62272636
62241508
62242641
62242547
62272984
62241336
62242558
62240618
62240843
62241389
62242617
62240640
62242335
62242605
62241384
62273288
62241613
62243060
62242907
62241545
62243016
62242252
62241479
62241724
62243090
62242294
62273590
62241955
62243405
62241175
62242973
62242021
62243414
62241300
62243279
62243340
62243624
62241887
62242228
62243813
62241848
62243880
62243850
62243831
62241734
62243518
62243602
62242440
62242194
62242706
62244141
62243906
62244313
62274236
62243898
62242860
62244184
62243519
62242534
62244230
62244487
62274696
62242785
62243510
62244969
62244486
62274703
62244406
62244583
62244751
62275025
62243615
62245108
62244811
62275173
62243768
62244840
62244882
62243121
62243554
62245005
62244271
62243477
62243874
62243830
62245002
62245326
62275396
62244490
62245135
62245328
62275556
62244557
62245321
62244704
62275855
62244375
62245462
62243914
62275863
62244266
62245460
62244741
62245141
62244138
62245753
62247344
62245846
62245744
62245085
62244970
62276268
62244668
62245937
62244488
62244263
62244820
62245935
62244901
62244999
62246128
62246344
62276376
62246479
62246195
62246633
62276477
62245869
62246681
62246723
62276897
62245506
62246530
62246756
62277018
62245552
62246900
62244765
62245072
62245447
62246915
62244708
62277034
62246867
62247232
62247031
62277302
62247108
62246977
62247207
62245062
62246843
62247027
62247249
62277717
62246083
62247410
62246567
62247132
62245995
62247343
62246637
62245645
62246195
62246781
62245487
62247224
62246074
62247716
62246915
62247773
62245747
62245846
62246371
62247781
62245916
62246059
62246670
62248015
62246526
62248174
62246747
62248180
62245981
62247984
62248055
62248329
62278626
62248117
62248696
62246907
62278720
62247123
62247695
62246984
62278763
62247456
62248369
62246416
62248145
62248452
62248575
62248580
62279031
62247737
62248046
62248718
62279213
62247417
62248749
62246703
62248460
62247655
62248795
62248181
62248677
62247687
62249206
62247079
62248678
62279670
62249369
62248684
62249033
62249313
62249573
62279873
62249749
62248363
62248375
62249726
62248253
62279972
62248382
62249790
62247887
62248187
62248490
62249934
62280216
62280351
62280322
62250129
62250416
62250204
62248594
62249007
62250242
62249543
62248599
62249094
62250538
62280633
62249409
62250396
62250629
62250566
62249240
62250636
62250620
62280861
62250851
62250683
62250919
62281475
62249800
62250977
62252733
62251080
62251040
62251269
62250549
62250888
62249987
62251445
62249269
62251091
62251299
62251409
62281653
62251633
62251369
62251530
62249433
62251716
62251540
62250228
62251714
62251732
62251887
62251807
62251145
62250259
62250737
62252016
62251249
62251858
62250752
62252176
62282500
62252263
62252078
62252359
62282584
62251704
62252225
62251338
62250651
62251159
62252347
62250860
62252268
62251117
62251633
62252641
62282844
62251437
62252627
62250684
62252858
62252625
62252933
62251135
62252778
62252943
62283293
62252411
62283304
62283280
62252963
62251874
62253222
62252594
62253043
62252047
62253470
62283636
62253455
62252202
62253679
62252564
62253458
62253817
62283822
62253781
62253527
62251508
62252798
62283643
62253508
62251425
62253284
62252281
62253814
62284062
62252558
62253606
62253756
62253042
62253004
62254013
62253242
62284322
62252845
62253906
62254043
62252018
62254141
62254014
62254198
62284124
62253431
62254167
62254241
62284375
62254013
62252887
62254061
62253474
62252656
62252994
62254551
62284701
62253421
62254915
62254641
62284762
62253324
62254257
62254632
62284842
62253920
62254619
62254737
62285307
62253543
62254843
62284974
62255104
62255011
62255087
62285255
62255065
62255313
62255187
62285395
62255134
62255091
62255026
62255194
62285366
62254522
62255612
62255486
62285625
62254701
62255465
62255552
62253864
62254304
62255669
62253689
62255545
62254470
62256150
62286190
62255670
62256011
62255413
62254504
62255248
62256374
62256324
62286352
62255365
62256457
62254988
62286830
62256687
62286914
62255929
62256642
62256770
62287113
62256033
62256716
62256813
62287019
62255828
62257018
62255089
62287638
62256274
62256920
62257267
62287413
62256124
62256095
62257347
62257451
62256106
62287845
62256811
62257438
62256226
62287962
62255501
62287922
62256344
62257521
62256435
62257444
62287971
62257954
62288078
62256853
62258027
62288382
62257971
62256965
62258257
62257130
62288829
62257668
62256609
62288809
62288695
62257779
62258554
62258456
62289047
62257402
62258715
62257595
62257048
62257365
62258710
62289059
62257619
62258727
62256689
62258521
62258678
62258989
62289118
62258697
62258905
62259162
62289400
62257845
62259097
62258435
62258009
62258387
62259239
62259291
62289851
62258241
62259442
62258852
62259225
62258232
62259771
62257538
62259490
62290018
62258733
62259785
62259994
62290243
62260055
62260087
62258058
62259884
62290310
62260267
62260401
62260177
62260349
62290392
62260388
62260244
62260337
62260474
62259194
62260323
62258514
62290879
62259711
62260626
62259376
62259951
62259471
62260506
62260691
62291042
62260925
62260733
62260990
62260181
62259113
62259556
62291139
62259034
62261161
62261299
62261368
62259411
62259608
62260131
62261455
62259396
62261040
62261337
62261535
62291678
62261165
62260244
62261455
62260814
62261330
62261634
62261942
62292266
62260015
62261063
62261657
62261893
62292151
62261076
62259874
62259824
62260138
62260626
62261861
62259829
62261722
62261906
62262193
62292381
62262264
62262051
62262260
62292755
62261301
62262237
62262300
62292787
62261401
62260595
62292898
62261288
62292769
62262784
62261343
62262609
62262788
62293074
62262086
62262844
62261662
62261245
62262913
62263119
62293189
62262368
62263421
62263212
62293512
62262182
62263094
62263378
62293432
62262081
62293605
62263461
62262601
62293710
62262187
62263237
62263518
62293848
62262366
62263806
62263694
62262365
62262099
62262351
62263822
62261909
62263022
62263806
62294114
62264019
62263569
62262548
62294620
62262921
62264145
62263378
62262499
62262884
62264211
62262711
62294732
62263108
62264166
62264416
62294545
62263700
62264356
62264595
62263722
62265098
62264770
62295120
62263603
62264821
62263355
62295266
62264000
62264197
62263425
62263118
62263753
62264841
62264939
62263715
62265070
62264432
62295659
62264427
62264986
62265404
62295549
62264002
62265284
62264547
62263525
62263914
62265460
62264460
62263527
62295877
62265421
62265314
62265564
62295936
62265662
62265518
62265716
62263483
62265318
62265553
62265810
62264083
62264510
62264621
62296325
62265737
62264699
62266157
62263992
62296419
62265411
62265954
62266139
62265456
62265781
62264802
62266256
62296377
62266364
62265060
62264516
62265076
62266363
62264426
62266221
62266429
62265211
62264928
62265413
62266778
62265206
62297387
62265688
62266838
62265130
62266664
62266873
62264848
62266779
62266907
62267127
62297427
62265782
62265814
62267381
62266481
62265540
62266086
62266931
62266099
62267123
62267469
62297697
62266241
62267589
62267713
62267745
62267825
62298025
62298140
62267747
62267667
62267889
62266505
62298273
62266769
62267841
62267989
62267313
62266386
62266806
62268165
62267469
62267938
62266928
62268304
62267743
62299046
62267395
62268626
62267513
62267682
62267372
62268734
62267946
62267105
62267641
62268866
62268088
62267273
62267684
62269086
62299377
62268279
62267722
62269386
62269367
62299627
62268336
62269258
62267541
62267669
62268819
62269300
62299836
62269443
62268203
62269760
62267701
62269530
62268664
62269803
62269945
62300322
62269225
62268426
62268276
62300601
62270095
62269756
62268873
62270053
62268164
62269808
62269000
62270180
62268176
62268956
62270558
62270421
62300694
62269334
62270281
62270457
62300722
62269661
62270497
62269018
62300631
62270696
62270673
62271026
62268656
62270912
62270744
62271007
62269606
62301138
62269253
62269957
62270909
62271097
62271156
62301411
62269554
62270148
62269889
62271480
62301799
62270178
62271307
62269443
62269763
62270347
62271592
62270890
62269946
62270287
62271731
62301855
62270681
62271858
62271082
62302200
62272032
62271823
62270510
62271844
62270495
62270262
62270604
62271976
62271221
62271939
62272185
62270246
62271832
62270982
62272405
62270227
62270728
62271106
62272616
62270423
62272183
62271347
62272500
62270561
62272537
62272659
62272820
62303029
62273085
62272780
62273064
62270731
62271188
62271584
62272088
62273107
62271323
62271701
62273139
62274860
62273083
62273423
62303645
62303477
62273300
62272204
62273583
62303649
62273649
62273511
62273775
62303934
62273829
62273685
62273870
62304066
62272864
62274052
62274098
62304277
62273119
62273869
62273085
62274496
62274304
62304438
62274060
62274247
62274443
62304786
62273341
62274696
62273737
62304980
62273634
62274810
62274849
62305193
62273415
62274660
62272684
62274646
62274796
62274957
62305359
62274408
62275335
62275112
62274375
62273332
62273970
62275202
62273091
62275005
62275145
62275309
62305343
62274959
62274100
62275345
62274680
62273773
62275509
62273731
62305550
62274251
62275829
62275521
62273411
62275192
62275451
62275636
62306136
62274654
62275240
62275970
62306300
62275198
62275419
62274401
62275240
62275381
62306632
62275397
62276528
62276319
62306409
62275149
62276085
62276461
62306621
62275281
62276302
62275690
62275450
62275481
62307084
62275220
62276512
62276836
62274835
62276592
62274684
62276533
62275485
62277042
62276227
62275262
62275723
62277053
62276272
62307666
62275977
62277315
62307647
62276028
62275876
62277341
62307654
62276366
62277073
62277721
62275709
62277682
62277531
62277723
62279451
62276440
62277029
62276359
62277447
62276444
62277933
62277176
62276160
62276648
62277859
62308393
62276699
62277866
62276674
62276394
62276978
62278357
62276127
62276954
62278268
62278553
62276882
62276749
62277217
62278325
62276444
62277196
62278439
62278611
62308849
62277499
62278535
62278715
62276968
62277480
62278876
62278044
62277086
62277560
62278912
62276791
62277618
62277640
62279108
62276960
62277678
62278894
62279120
62280790
62278565
62277895
62309673
62278025
62278573
62279282
62309801
62278204
62279357
62277229
62279512
62279840
62279766
62309902
62279002
62279766
62279894
62310206
62278615
62279901
62277938
62280197
62279831
62278813
62280011
62279954
62280153
62279375
62279837
62278902
62280428
62278445
62310815
62280482
62278874
62280339
62279023
62279015
62280439
62280494
62310505
62280229
62280433
62280588
62310696
62280753
62280502
62280797
62311011
62280803
62280665
62280799
62278763
62280937
62280742
62280948
62310976
62280962
62281025
62279042
62279413
62279922
62281102
62279218
62280914
62281164
62279807
62311695
62280006
62281240
62279185
62279965
62279949
62281362
62281565
62311673
62280228
62281365
62281659
62311803
62281654
62311691
62311894
62312248
62279986
62280587
62281873
62280240
62312384
62280777
62281950
62281176
62280307
62280754
62282068
62281400
62280500
62280930
62282161
62281473
62280529
62280832
62282252
62280200
62282057
62282448
62282459
62312529
62281197
62282247
62282512
62312756
62281748
62282553
62282578
62312747
62281561
62282592
62281989
62282379
62281475
62282768
62282729
62281132
62282861
62334533
62303331
62304641
62302516
62304359
62304492
62304650
62302519
62304398
62304695
62303438
62304544
62303938
62304639
62304810
62335155
62304935
62335135
62305105
62304788
62305118
62335599
62304119
62304862
62305119
62335330
62303864
62305416
62305172
62335404
62304104
62305142
62305375
62335610
62304383
62305374
62304720
62335997
62304541
62305581
62305630
62303745
62305585
62305018
62303924
62304457
62305032
62304057
62303997
62304571
62305940
62336240
62305281
62305984
62304535
62304464
62304754
62306256
62304207
62306008
62306205
62306439
62336858
62304165
62336710
62306060
62305132
62306381
62306533
62336643
62306483
62305576
62304541
62306192
62306438
62306698
62306685
62306302
62305105
62306552
62306680
62337148
62305916
62306656
62305173
62305061
62306665
62307000
62337195
62306974
62306782
62307066
62337227
62306329
62307193
62307130
62304978
62307211
62307178
62337286
62307258
62307192
62307436
62305304
62305583
62306157
62306654
62306621
62306496
62307673
62307448
62305787
62306122
62306181
62307385
62306337
62305903
62306275
62307712
62306934
62338284
62307014
62307673
62307732
62338093
62307966
62307637
62307897
62338299
62307245
62307550
62306221
62338570
62307039
62308399
62307898
62307947
62306046
62338574
62306981
62308110
62306068
62308109
62338431
62338630
62307334
62308275
62308437
62339082
62307308
62308509
62306765
62338968
62307590
62308627
62307117
62339278
62307924
62308745
62308992
62338928
62309073
62339198
62339427
62309173
62308957
62309220
62339321
62309024
62309085
62309495
62339661
62308216
62309570
62308680
62307876
62308248
62309503
62308790
62307768
62308352
62309430
62308817
62307810
62308295
62309601
62308074
62340084
62308450
62309627
62308256
62340277
62309042
62309824
62340041
62308167
62308517
62340279
62308839
62310118
62308595
62340434
62309043
62310258
62310313
62308141
62308704
62309011
62310263
62308327
62310132
62309036
62310594
62309761
62308790
62309240
62310745
62340783
62310730
62310487
62310774
62340940
62310643
62309410
62309278
62310877
62341160
62309556
62310737
62310946
62341061
62309882
62310838
62311101
62310937
62309791
62310063
62311194
62311389
62341514
62310933
62310053
62311551
62309939
62341909
62310359
62310927
62309452
62311199
62310202
62311584
62310930
62309988
62310391
62311657
62311611
62311792
62342127
62310837
62311722
62311979
62342235
62310901
62312133
62312182
62342407
62312276
62312050
62312385
62313970
62312256
62312430
62311648
62310732
62311182
62312592
62311777
62310772
62311311
62312614
62311898
62310817
62311309
62312688
62310444
62312420
62312615
62311289
62342946
62312662
62311406
62312959
62312219
62311203
62311739
62311297
62311659
62312876
62310892
62312762
62312822
62313034
62310920
62311281
62311882
62313076
62313341
62343425
62312556
62313317
62311559
62311735
62312244
62313346
62313412
62313536
62343668
62313524
62313363
62311591
62313580
62343655
62313278
62312155
62313455
62312006
62343896
62312933
62313799
62313800
62344084
62311745
62313817
62313886
62344071
62314079
62313843
62314226
62344352
62313888
62314002
62314258
62344432
62313140
62314033
62314239
62344333
62313896
62313966
62314179
62312490
62312882
62314236
62314385
62344687
62313112
62314388
62313414
62314097
62314281
62314480
62312663
62312305
62314651
62314594
62314479
62344998
62313930
62314554
62314747
62345263
62313844
62314884
62314909
62314927
62312854
62314672
62313573
62315134
62345271
62315292
62315092
62315323
62345856
62314458
62314671
62313590
62315042
62314045
62315249
62314526
62315059
62314173
62315491
62315423
62313991
62346033
62314423
62315675
62314952
62314018
62314568
62315752
62346244
62314869
62315839
62316010
62313889
62314349
62314837
62315895
62313955
62315787
62314704
62316043
62316320
62346592
62316248
62316219
62316227
62346413
62316454
62316235
62316482
62317000
62318351
62316278
62318531
62318444
62318512
62318681
62317950
62348966
62317237
62318927
62319007
62317582
62349657
62318033
62319432
62318610
62349935
62318386
62319590
62318165
62319411
62318319
62319824
62317692
62318088
62318546
62319951
62319106
62319485
62318570
62319959
62317955
62318241
62318658
62319940
62319176
62318205
62319928
62320014
62321804
62318656
62320073
62319391
62318498
62318993
62320156
62318779
62350806
62319097
62320492
62319677
62318685
62319026
62320570
62350797
62319751
62320475
62320865
62351123
62320261
62320944
62318991
62319287
62320871
62321032
62351248
62321242
62351319
62319253
62351668
62321213
62320110
62321612
62319672
62319599
62320118
62321535
62351818
62321779
62321062
62319815
62319806
62320389
62321641
62320966
62319957
62320473
62321718
62321843
62352057
62320526
62321663
62321844
62351906
62320643
62321919
62320466
62352456
62320931
62321861
62322167
62320205
62320689
62322446
62322012
62322198
62322332
62322292
62320765
62352525
62320925
62320128
62321557
62352618
62322560
62322330
62322587
62320664
62322305
62321165
62322746
62320684
62322406
62322669
62322940
62353191
62320639
62322974
62322925
62323110
62321194
62321340
62321951
62323063
62323239
62321570
62321983
62323280
62322506
62353780
62322444
62323453
62323550
62353476
62323131
62322076
62323541
62321471
62323218
62322156
62323556
62321459
62323171
62322325
62323539
62323848
62322294
62323790
62322927
62321983
62322412
62323877
62321781
62323579
62322541
62323550
62322196
62322808
62322802
62323888
62324121
62354434
62322989
62322997
62324245
62323385
62321934
62322867
62324233
62323209
62322877
62323297
62324512
62323772
62322879
62323917
62324072
62323527
62324817
62325041
62355180
62323628
62324830
62325063
62355074
62325126
62324982
62325170
62355548
62324034
62324501
62324492
62323637
62324029
62325507
62323703
62323764
62324091
62325104
62325109
62324321
62325563
62325605
62355984
62324329
62325694
62355856
62324637
62325698
62325184
62325917
62325815
62325984
62323836
62324194
62324672
62326161
62356148
62326220
62326058
62326278
62356469
62325314
62326248
62326372
62325659
62324544
62325066
62326486
62326539
62326514
62326869
62356902
62325666
62326774
62325366
62357161
62326018
62326804
62326937
62326815
62325686
62326207
62325537
62357510
62326033
62327151
62327101
62357336
62326238
62327108
62327112
62357425
62325912
62327051
62327148
62327169
62357516
62325944
62357419
62327108
62325885
62327463
62325263
62327002
62326143
62327375
62326573
62327093
62327263
62327410
62327302
62327380
62327715
62357704
62326582
62327583
62327717
62358067
62326673
62327784
62326410
62326278
62326630
62328023
62325885
62327597
62327914
62328201
62358450
62327485
62328171
62327112
62326613
62328370
62328651
62358804
62327842
62328555
62326575
62328263
62327383
62327082
62359295
62328135
62328818
62328935
62358971
62328601
62327430
62328810
62328089
62328620
62328866
62359331
62329147
62329009
62329430
62329250
62327318
62329430
62329220
62329436
62359472
62329083
62328110
62329406
62328043
62360002
62328725
62329815
62329498
62327815
62328324
62329552
62328100
62360062
62328363
62329591
62327590
62329425
62329609
62329829
62327776
62327973
62329856
62329953
62360245
62328698
62329851
62328189
62360408
62330152
62330038
62330294
62330136
62330393
62360621
62329079
62329654
62330353
62360612
62329190
62330340
62328243
62330519
62330269
62330700
62360751
62329247
62330478
62328563
62330347
62329525
62330705
62330785
62330585
62330625
62330010
62330722
62330839
62361163
62330950
62330755
62330895
62361128
62329742
62331124
62330972
62330950
62331285
62361587
62330006
62331129
62331464
62331547
62330086
62331158
62331367
62361560
62331578
62331354
62330217
62329745
62330233
62331461
62330307
62329931
62330272
62330434
62329938
62330573
62331675
62330261
62330032
62330558
62331948
62331142
62330209
62330707
62331874
62331240
62331654
62332009
62332245
62362401
62332309
62332158
62332364
62362365
62331163
62332203
62332484
62362607
62331276
62331017
62331430
62332473
62332690
62363006
62362677
62332571
62362778
62331872
62332651
62331366
62362931
62331956
62332618
62331929
62332452
62331404
62332869
62332778
62332051
62331210
62331639
62333178
62331030
62332786
62333114
62333344
62363476
62332449
62333071
62333403
62363559
62333138
62331998
62333517
62331318
62333506
62332552
62333652
62333660
62363914
62333669
62334061
62333750
62363942
62333868
62332755
62332314
62332233
62332680
62333980
62332466
62364324
62332747
62334043
62333351
62332270
62332638
62334284
62332153
62332243
62364317
62364456
62364580
62332235
62332600
62333211
62334531
62333719
62332700
62333157
62334820
62364685
62334504
62334589
62334870
62365228
62333580
62334835
62334963
62365058
62334096
62334885
62335005
62332761
62334535
62334726
62334908
62365055
62333884
62333122
62333298
62365067
62333706
62333652
62335213
62365371
62333998
62335121
62335231
62365670
62334200
62335150
62335335
62365605
62334055
62335304
62333919
62333598
62334097
62335424
62334739
62333618
62334181
62335409
62333422
62333828
62366143
62334457
62334308
62334570
62334362
62366185
62336006
62335348
62334452
62334731
62336100
62366282
62335869
62334721
62336200
62334339
62336096
62336253
62336424
62366524
62336528
62336388
62336515
62336664
62366986
62335654
62336699
62336898
62367301
62336151
62336457
62335925
62335396
62336072
62337323
62335360
62337165
62335994
62337486
62335574
62368085
62336528
62337413
62337724
62367691
62337398
62336272
62337825
62336938
62336008
62336499
62337706
62367859
62336194
62336631
62337842
62338072
62368152
62337674
62336777
62337899
62336772
62338106
62337930
62368164
62338048
62337866
62338174
62368134
62336922
62337956
62338141
62337438
62368516
62337531
62338187
62338348
62337560
62336667
62337176
62338480
62338399
62368750
62338600
62338649
62337483
62338179
62337217
62338598
62337821
62338279
62337447
62337479
62368996
62338441
62337383
62338089
62338886
62338859
62338953
62339057
62369475
62339206
62339129
62339083
62337180
62337453
62338061
62339063
62339229
62337132
62338967
62337898
62339427
62338612
62337689
62338009
62339483
62337957
62369946
62338752
62339256
62338403
62339430
62337565
62370104
62338862
62339684
62339716
62369876
62339773
62339622
62339964
62370066
62338788
62339824
62340112
62370132
62339198
62339818
62340076
62339405
62370610
62339340
62339934
62340278
62370465
62340423
62338979
62340327
62340554
62370441
62339995
62340340
62340611
62370680
62339798
62340600
62339299
62371083
62340001
62340989
62340726
62338591
62340293
62339317
62339886
62371044
62339599
62340663
62340920
62340023
62339031
62339536
62340734
62339384
62339224
62340963
62341053
62371147
62338913
62371527
62339866
62341304
62341290
62371600
62340141
62341301
62341402
62371630
62340607
62341549
62341526
62340762
62372002
62340303
62341534
62340383
62341418
62341668
62339779
62339905
62340441
62341590
62340888
62341336
62340291
62341640
62341526
62340364
62340447
62341679
62340556
62372188
62341055
62341243
62341183
62340236
62340919
62341991
62342272
62340175
62341935
62342116
62342366
62372487
62341557
62342469
62342494
62372702
62341303
62342426
62342632
62372918
62342671
62342513
62342712
62373245
62341573
62341650
62373237
62340864
62342764
62341905
62343058
62341663
62373434
62343163
62343046
62343244
62341110
62343342
62373845
62341566
62342201
62343300
62342015
62343358
62343414
62343596
62341869
62342405
62343698
62343829
62374013
62342557
62343591
62343813
62374137
62343945
62343657
62343967
62374176
62344065
62343750
62344010
62374032
62343759
62342735
62344022
62342754
62374650
62343553
62344566
62342865
62342660
62343059
62343013
62344162
62343285
62344517
62344645
62374966
62344466
62343261
62344814
62344792
62344079
62343026
62343170
62343679
62344849
62343006
62343210
62343784
62345190
62345191
62375247
62343816
62345062
62345196
62343232
62375712
62344140
62345392
62345294
62375824
62344090
62345315
62344479
62375770
62344423
62345429
62344764
62343806
62344318
62345687
62344915
62343934
62344460
62345746
62344900
62343966
62344420
62345768
62343787
62344155
62344689
62345818
62344015
62376329
62344724
62345877
62344452
62376524
62344729
62345919
62346170
62376387
62345823
62346006
62346182
62343921
62344456
62344986
62345954
62346205
62376206
62376409
62376740
62345092
62346221
62344421
62376916
62345169
62346373
62344996
62344849
62345382
62346641
62376794
62346000
62347155
62346892
62377070
62346213
62346738
62346979
62377258
62347024
62345590
62346180
62377372
62346742
62345800
62346385
62347196
62377140
62347178
62347061
62347270
62377607
62346090
62347493
62346725
62347550
62377716
62347699
62346248
62347545
62346267
62345970
62346506
62347768
62346445
62378297
62346806
62347890
62347314
62346284
62346786
62348182
62346542
62378321
62348127
62347986
62348051
62346763
62378442
62378469
62348374
62348206
62348517
62378667
62347763
62348395
62348529
62378829
62347916
62348608
62348681
62346612
62379116
62347533
62348696
62348052
62348411
62347579
62348773
62348928
62379163
62348985
62348796
62349053
62347265
62348364
62348366
62348408
62379511
62348686
62349372
62347467
62379944
62348286
62349538
62347510
62347930
62348442
62349934
62349832
62380108
62349678
62349669
62349741
62379870
62349924
62349660
62349842
62380193
62350014
62349836
62350021
62380535
62349159
62350423
62350146
62380610
62349694
62350267
62350452
62350508
62350540
62380957
62349360
62350499
62350682
62380982
62350742
62350612
62350858
62381158
62350980
62351113
62350789
62351042
62351115
62381289
62351093
62351000
62351175
62381286
62351321
62351479
62351286
62381511
62350191
62351147
62351308
62349911
62349559
62350949
62350707
62351264
62351476
62381677
62351522
62350125
62351494
62350877
62349861
62350250
62351619
62350899
62350157
62350564
62351214
62350233
62350210
62350722
62351913
62352034
62351259
62382424
62382646
62382539
62352388
62351006
62350536
62352508
62351040
62382610
62382794
62351400
62352563
62352502
62382718
62352212
62351312
62352543
62352774
62383218
62351556
62352780
62350766
62351072
62351639
62352302
62352851
62383301
62351774
62352757
62353218
62383344
62351837
62353065
62351749
62383752
62352222
62353286
62353386
62383604
62353386
62352119
62353690
62353616
62383651
62353744
62352132
62353744
62383802
62353871
62353778
62353820
62384018
62353930
62353725
62354049
62353141
62384409
62352960
62354045
62352565
62352357
62354294
62353021
62354328
62354258
62354133
62354369
62353492
62352613
62353197
62353782
62352277
62384784
62354226
62353319
62354598
62354782
62385245
62353546
62353324
62354827
62354947
62385024
62352828
62354770
62354156
62385461
62353738
62355031
62355159
62385342
62354782
62353713
62355116
62354345
62385759
62354387
62355142
62355453
62385366
62354164
62355433
62354703
62353732
62354367
62355547
62355651
62385916
62355742
62355529
62355762
62386046
62355945
62355756
62355866
62354911
62354771
62356038
62356101
62354017
62354286
62354894
62356040
62356165
62356115
62354759
62386823
62355059
62356239
62355523
62386859
62355208
62356278
62356519
62386658
62355403
62356339
62356596
62355750
62356178
62354410
62386894
62356377
62356400
62356820
62387098
62355466
62356718
62356798
62386895
62356506
62356789
62357046
62387448
62355721
62356939
62355528
62387250
62357206
62355854
62355714
62357025
62355597
62356633
62355777
62357197
62356471
62387827
62356531
62356973
62357129
62387506
62357394
62357161
62357428
62387912
62356302
62357606
62357573
62387886
62357670
62357355
62357663
62357521
62357709
62387931
62357508
62357550
62357824
62388097
62357146
62357887
62356441
62387911
62357958
62357841
62358203
62388346
62358109
62356682
62357958
62356636
62388670
62356971
62358175
62357493
62356566
62357112
62357698
62356864
62388958
62357701
62358451
62356924
62356737
62357660
62358628
62358602
62388920
62357953
62358528
62358866
62388782
62357682
62358645
62358864
62389178
62359140
62358691
62358955
62389292
62357863
62359087
62358238
62357280
62357874
62359065
62359285
62358952
62358408
62357664
62359194
62358347
62358875
62357834
62359189
62358455
62357549
62358095
62359248
62358139
62359517
62359662
62359484
62359782
62390010
62358664
62359865
62359959
62359766
62359893
62358625
62390441
62358961
62359931
62360100
62357877
62359835
62358651
62360146
62359433
62390563
62359139
62360008
62360344
62358943
62358591
62359049
62360400
62360354
62391026
62359420
62360415
62360659
62390600
62360668
62360363
62360674
62360971
62359449
62359919
62359311
62391122
62358946
62391223
62391123
62360396
62359156
62391057
62391140
62360620
62359640
62361222
62360887
62360140
62391554
62360071
62360900
62361157
62360372
62361502
62361119
62359718
62359500
62360019
62361415
62361491
62391441
62360143
62361296
62361268
62360260
62361437
62361616
62391879
62360450
62361522
62392063
62392169
62360435
62361712
62361846
62392181
62361660
62360526
62361796
62359908
62392655
62360825
62361931
62360002
62392482
62360810
62361990
62361960
62392366
62362270
62360771
62362129
62361403
62360394
62361015
62361563
62362258
62392592
62361129
62362201
62362247
62360581
62392975
62361717
62361105
62362488
62361004
62393162
62361463
62362691
62361941
62361110
62392926
62361058
62361656
62362911
62363023
62393102
62362764
62362948
62363218
62393329
62362124
62362999
62393253
62361699
62363004
62363189
62393521
62363114
62363173
62363519
62362971
62362598
62363271
62363415
62361894
62361564
62362338
62363971
62363694
62394045
62363033
62363595
62363644
62394152
62362594
62364076
62363658
62393966
62363407
62362283
62363735
62393955
62363973
62363712
62363894
62394180
62394000
62394322
62394436
62363055
62363925
62364161
62394215
62363982
62364053
62364252
62394562
62363387
62364403
62364214
62364495
62362551
62362684
62363127
62364718
62362499
62363035
62363488
62364692
62364841
62395232
62363906
62364661
62364921
62394903
62364933
62365216
62364950
62363525
62363807
62365173
62365135
62395411
62363736
62364889
62364275
62395488
62395439
62364363
62365213
62365269
62395490
62365236
62365554
62365229
62395395
62364062
62364549
62363190
62363544
62364152
62365455
62364144
62363621
62364064
62365607
62395781
62364652
62364292
62365633
62365696
62396167
62364553
62365771
62363948
62365511
62366059
62365744
62366011
62366073
62365210
62365743
62364781
62366187
62365364
62396532
62365216
62366176
62366508
62396509
62396679
62396848
62396934
62365516
62366387
62366657
62364365
62366173
62365221
62366573
62366889
62397205
62365573
62366753
62366188
62365130
62365536
62367213
62364931
62365350
62365838
62367145
62366371
62365355
62365880
62367272
62365830
62397661
62366046
62367118
62367463
62365473
62366626
62366640
62397960
62366846
62367352
62367736
62397964
62366744
62367814
62366551
62398116
62367055
62368159
62367831
62398059
62367942
62367464
62366546
62367890
62366513
62398459
62366814
62368018
62368109
62368250
62367390
62367814
62366992
62368159
62366998
62366591
62367415
62368370
62398694
62367691
62368353
62367171
62398757
62367328
62368433
62368609
62398794
62368706
62369013
62368798
62399042
62367977
62368767
62368039
62399059
62367847
62368653
62368910
62366813
62367133
62367693
62368897
62367736
62399523
62367749
62369028
62368278
62368817
62367730
62368890
62369155
62399241
62368856
62367784
62369279
62368108
62399824
62368450
62369449
62367455
62399802
62369226
62368258
62369547
62368366
62367894
62368454
62369655
62369807
62400069
62369005
62369674
62369910
62400028
62370069
62369744
62370014
62400034
62369795
62369038
62400213
62369641
62368545
62370235
62367903
62368185
62368796
62369936
62370187
62369961
62370326
62368805
62400621
62369339
62370304
62370425
62400727
62369546
62370387
62368618
62370180
62369190
62370565
62370690
62401097
62369438
62370561
62370606
62370884
62368664
62370397
62370728
62371042
62368966
62370576
62369716
62370993
62369152
62369240
62369848
62371182
62370367
62371089
62369064
62401678
62370081
62371730
62371400
62401943
62370319
62371448
62370759
62371330
62370402
62371774
62370487
62370141
62370479
62371971
62369963
62371731
62370683
62372028
62372153
62402422
62372182
62370782
62372107
62372433
62370998
62372223
62372515
62402773
62371174
62372287
62372496
62402507
62372521
62372393
62371303
62402636
62372557
62372399
62372666
62402978
62371767
62372636
62372856
62403237
62371809
62372781
62372912
62403081
62372835
62371626
62373063
62372326
62403522
62372021
62371789
62371725
62373125
62371100
62371390
62371912
62373133
62373453
62403514
62372115
62403347
62403647
62373202
62372116
62373331
62373392
62373410
62373701
62372814
62404002
62372785
62373484
62373711
62403887
62372871
62373975
62373807
62373877
62371708
62373561
62372393
62373906
62371795
62373986
62374005
62373962
62404470
62373239
62373861
62374248
62404496
62373122
62374163
62374253
62404298
62374350
62404829
62374398
62373688
62404707
62373181
62374379
62374489
62372532
62374556
62373200
62374617
62372807
62373138
62375007
62375015
62373690
62375045
62375245
62405422
62375084
62375089
62375404
62405319
62374080
62375267
62375546
62405526
62375144
62374041
62375557
62373641
62375244
62374155
62375794
62405920
62375772
62375467
62375703
62374867
62373816
62376091
62375759
62375874
62406218
62374672
62375774
62374885
62374179
62374715
62375977
62376082
62406560
62374926
62376154
62375304
62374394
62374957
62376371
62374352
62376085
62376307
62376427
62406687
62376278
62375080
62376476
62374934
62406973
62375891
62376710
62376810
62375632
62375603
62376648
62376731
62377025
62374938
62376712
62375541
62376971
62377081
62375125
62376844
62375790
62377210
62375679
62407473
62376461
62377069
62377316
62375392
62375552
62376136
62377313
62375768
62375772
62376089
62377513
62407562
62377334
62376454
62377768
62377708
62408402
62376733
62377958
62377245
62408317
62376710
62377849
62377947
62408253
62377172
62378063
62378265
62408401
62377412
62378444
62378143
62377388
62378240
62377043
62378268
62377507
62376662
62377030
62378522
62376705
62376670
62377202
62378616
62408860
62409208
62409068
62378839
62378650
62378862
62409084
62378943
62378668
62378939
62409263
62378223
62378943
62379085
62409487
62377871
62379010
62379254
62377640
62379172
62379368
62379499
62409837
62378357
62380003
62379655
62377619
62377987
62378346
62379837
62377696
62379627
62379688
62379996
62379947
62378614
62380236
62380148
62410119
62380197
62379882
62380241
62410544
62379050
62380173
62380171
62410495
62380309
62379866
62378986
62380385
62410703
62379324
62380335
62380673
62410796
62379405
62410745
62379198
62410961
62380527
62410828
62380362
62380628
62380827
62411165
62381013
62380818
62381041
62378964
62379349
62379868
62381092
62380318
62380745
62379722
62381097
62379834
62411394
62379949
62381027
62380857
62379861
62381235
62381342
62379877
62380597
62411515
62411935
62381575
62380141
62381438
62379598
62412099
62380447
62381627
62381588
62412018
62380627
62381648
62381942
62412137
62381243
62381890
62381263
62380319
62380779
62382080
62380228
62382174
62382043
62382382
62383977
62380853
62381015
62382357
62380442
62382239
62381178
62382697
62381300
62382727
62381340
62382865
62382409
62381392
62381562
62381632
62381650
62382824
62382907
62413126
62382751
62381727
62383120
62381091
62383309
62383083
62383391
62413504
62383064
62383213
62383323
62413583
62382173
62383221
62383467
62383526
62413949
62382797
62383486
62382088
62381901
62382410
62382659
62383681
62383577
62382948
62383570
62383878
62414301
62382848
62383922
62383999
62414243
62382671
62382604
62383925
62383236
62382614
62384156
62384255
62414547
62383501
62384685
62384471
62414562
62383352
62384304
62384524
62384535
62384537
62414861
62384850
62383125
62384730
62414804
62414753
62383222
62414979
62383966
62384050
62382763
62384387
62383483
62384718
62384452
62384956
62384716
62384952
62382890
62384612
62384729
62383050
62383599
62385258
62385494
62384723
62383855
62384415
62385629
62384971
62383969
62384324
62385792
62384935
62416245
62384589
62385728
62385173
62383544
62385903
62386161
62416195
62385931
62386183
62386279
62416552
62385459
62386184
62386383
62386641
62385162
62386441
62386518
62416657
62385655
62386338
62386529
62386702
62385770
62384864
62385451
62386556
62386691
62386648
62416700
62386817
62387080
62386732
62385046
62385555
62385930
62387126
62417141
62387036
62386803
62387254
62417400
62385975
62387193
62385970
62387572
62385977
62387174
62387244
62417373
62386080
62387093
62387335
62417744
62386072
62387313
62385974
62385704
62386032
62387452
62386256
62417924
62386439
62386071
62387625
62386668
62418188
62387020
62388110
62387823
62410158
62412243
62412606
62412236
62442741
62411117
62412294
62412411
62442722
62411272
62412401
62411000
62412457
62411676
62442940
62411484
62412572
62412586
62443011
62411379
62412610
62413934
62414386
62412786
62444576
62414751
62414678
62414986
62414149
62413184
62413590
62415106
62445433
62413939
62415178
62415510
62445508
62415693
62415613
62415713
62445898
62414894
62415795
62415803
62446010
62415597
62414645
62415415
62416032
62446187
62415025
62416433
62415253
62414921
62415220
62416100
62416199
62416150
62416380
62414395
62416107
62415138
62416381
62415649
62414744
62415112
62416652
62415727
62414865
62415401
62416420
62415328
62416666
62446990
62415681
62416745
62416964
62447270
62417083
62416843
62417079
62415873
62447620
62416044
62417221
62417375
62415902
62415517
62415981
62417415
62416743
62415741
62416294
62417512
62416772
62415678
62416317
62417621
62417591
62417453
62417621
62417629
62448048
62416339
62417686
62415504
62417525
62417551
62417794
62447768
62417919
62417719
62417939
62448222
62416721
62418034
62416318
62417931
62418063
62418214
62448531
62417106
62418164
62418257
62448447
62418590
62418377
62417180
62416733
62417293
62418562
62417928
62449117
62417950
62418582
62418678
62448727
62418081
62418593
62417692
62417237
62417985
62419310
62419030
62418922
62419138
62449516
62417924
62419012
62417083
62449408
62417987
62417721
62449454
62418975
62418169
62449562
62419522
62419565
62417413
62417695
62419527
62419434
62419598
62419699
62450122
62418525
62419640
62419058
62419496
62418513
62420040
62417861
62419741
62418738
62419949
62418428
62450452
62418985
62420009
62420218
62450456
62420418
62420107
62420319
62450576
62420506
62420201
62420451
62419420
62420069
62419234
62420385
62420621
62418626
62420397
62420701
62420975
62451237
62419808
62420858
62421137
62419251
62421276
62451188
62420736
62419675
62421178
62419190
62420796
62419933
62421350
62420541
62419594
62420095
62421488
62451545
62421270
62421437
62421721
62421149
62419949
62421321
62421610
62451980
62420419
62421686
62421868
62421069
62452271
62420674
62421854
62421131
62452454
62420802
62422305
62422141
62419979
62421705
62421917
62422088
62452175
62422202
62421997
62422158
62452354
62421999
62422162
62422361
62452661
62421723
62420555
62420625
62452903
62420720
62421632
62422436
62422769
62453076
62421561
62422522
62421210
62420776
62420930
62421258
62421726
62422903
62421654
62453128
62422623
62421740
62422298
62423144
62453339
62423242
62423039
62423189
62421610
62453802
62422007
62423332
62423517
62453395
62423092
62421961
62423613
62421315
62423164
62422332
62423597
62422902
62421585
62453752
62454063
62422746
62423752
62422334
62422177
62423855
62423918
62423913
62421888
62424127
62424010
62424130
62454700
62423062
62423647
62422921
62422500
62422742
62424391
62454705
62424243
62424417
62424787
62423431
62423583
62423512
62424753
62423144
62454808
62422981
62455070
62423612
62424674
62424787
62454894
62424498
62423628
62424853
62422873
62455433
62424384
62424971
62423151
62423427
62423908
62425243
62424420
62455548
62424524
62425097
62423788
62424993
62424140
62424746
62425267
62455776
62425584
62425494
62425628
62455895
62425606
62424366
62456312
62425083
62425092
62425155
62425555
62425849
62426034
62456341
62425089
62426038
62426336
62456476
62425501
62426591
62426602
62456579
62426337
62426435
62426630
62457139
62425361
62426555
62425198
62426400
62425533
62425568
62426573
62426458
62426725
62427050
62457110
62427189
62426997
62427113
62457153
62427139
62427327
62427091
62457361
62425988
62426951
62427075
62424987
62426799
62425854
62427130
62425180
62427050
62425855
62427374
62426559
62425002
62427334
62426675
62458032
62426312
62427756
62425683
62427488
62427628
62427840
62458236
62426759
62427831
62428050
62458577
62427426
62428290
62428353
62458595
62428239
62428466
62427151
62458962
62427164
62428474
62426977
62458789
62427377
62428425
62428518
62458893
62427317
62428809
62426715
62427984
62459190
62427781
62428795
62429011
62459271
62428746
62427650
62429043
62428306
62427379
62427888
62428166
62429563
62429276
62459557
62427037
62429235
62428047
62427715
62428275
62429377
62427554
62459663
62429207
62428051
62429403
62427975
62427767
62428290
62429610
62427681
62429438
62428630
62429113
62427778
62428146
62428675
62429982
62430035
62460409
62428957
62429889
62460092
62460620
62429099
62430084
62428363
62428612
62429206
62430435
62429250
62428778
62429225
62430604
62428716
62429013
62429384
62430616
62430922
62430817
62430169
62429191
62461171
62428769
62430417
62461589
62429969
62431055
62431240
62430431
62429498
62430082
62431351
62431050
62430291
62431580
62430221
62462293
62430632
62431717
62432004
62431179
62430252
62430637
62432108
62430305
62430291
62430857
62432215
62430732
62462441
62431517
62431598
62431499
62430621
62431140
62432279
62431635
62430735
62432325
62432561
62462819
62431758
62432485
62432562
62430845
62431713
62431926
62462934
62431076
62431081
62431476
62432941
62463003
62431531
62431443
62432946
62432284
62433085
62433090
62463371
62433283
62433059
62433426
62463630
62433110
62431966
62433129
62432478
62431555
62432128
62433593
62463883
62433670
62433577
62433725
62433012
62464204
62432897
62431728
62431791
62464377
62432904
62434050
62434054
62464224
62433259
62434027
62434151
62464437
62434225
62432879
62434231
62432244
62434028
62434229
62434479
62464744
62434450
62432981
62434350
62433784
62432796
62433397
62434424
62432529
62464971
62433729
62434541
62434844
62434042
62434166
62434964
62465483
62434313
62435013
62434368
62433139
62465705
62433927
62435026
62435256
62465521
62434495
62435170
62434033
62465659
62434646
62435198
62435541
62433542
62435387
62435566
62465666
62434573
62435789
62435841
62433693
62435443
62435747
62436007
62466324
62436118
62435865
62436087
62434065
62435990
62434829
62436171
62436288
62436481
62466606
62436665
62436401
62436586
62466758
62436643
62436550
62436831
62467206
62435585
62436861
62434840
62467408
62436373
62437086
62436407
62467617
62436484
62437149
62437195
62436421
62437101
62437299
62437534
62436037
62435356
62435477
62435897
62436272
62437751
62437003
62468241
62437870
62436364
62437770
62436992
62436068
62436751
62437639
62437954
62468247
62436719
62435716
62468089
62437802
62437873
62438082
62439804
62436895
62438161
62438378
62436113
62438420
62436897
62438386
62436885
62436653
62437189
62438486
62437722
62436730
62437242
62438049
62438643
62469165
62438032
62438613
62438839
62438078
62469289
62438073
62439016
62439006
62469440
62437740
62439006
62437505
62469512
62438328
62436991
62437037
62437429
62437917
62439097
62438367
62437735
62438069
62438097
62439199
62469570
62469520
62469787
62439392
62437923
62439452
62469560
62439258
62439333
62439410
62439544
62469937
62439327
62438474
62439111
62439804
62470155
62438760
62439893
62438553
62438321
62438713
62440120
62437972
62438638
62439078
62440142
62440458
62470656
62440395
62440278
62440381
62470538
62439744
62440354
62440619
62470834
62440590
62440232
62438512
62440207
62439183
62440658
62440738
62440564
62439465
62439582
62439073
62470885
62440885
62441013
62439582
62471407
62440237
62440516
62441346
62441206
62471239
62440486
62441096
62440469
62439600
62440160
62440588
62441375
62439662
62440092
62441533
62440878
62472125
62440703
62441429
62441614
62472027
62440527
62441611
62441718
62471850
62441552
62441804
62441955
62472166
62442067
62441837
62442073
62472308
62441088
62441995
62442263
62472734
62441127
62442373
62441623
62440836
62441242
62442522
62441758
62472969
62441878
62442691
62441203
62440873
62441316
62442866
62442340
62441509
62442480
62441528
62442866
62442054
62473374
62441694
62442844
62443039
62442350
62443124
62473186
62442397
62443007
62443353
62473541
62443387
62443174
62443506
62473837
62442165
62443468
62442653
62473618
62443205
62442369
62443502
62443743
62474139
62442464
62473936
62473816
62442433
62443816
62444001
62474082
62443770
62442818
62444019
62443426
62442383
62442799
62444254
62443565
62442549
62443068
62444258
62442933
62474871
62443148
62444291
62442975
62442692
62443060
62444429
62443644
62442713
62443174
62444423
62442998
62475070
62442404
62444732
62474877
62444539
62443570
62444853
62444930
62475377
62445366
62443515
62444921
62445151
62475218
62444784
62443955
62445193
62443339
62444987
62443867
62445332
62444089
62445546
62444242
62444923
62443490
62475961
62444439
62444901
62443628
62475985
62444724
62445104
62444260
62444361
62444633
62446225
62445941
62475963
62445678
62445599
62444503
62446016
62476049
62445679
62444559
62445938
62445314
62444339
62444876
62446063
62444089
62445990
62444901
62446325
62445502
62444524
62445224
62446339
62476726
62446454
62446361
62446546
62476843
62446729
62446741
62445994
62446778
62446762
62446791
62446936
62477171
62447047
62446831
62447034
62444957
62477492
62445868
62447212
62446410
62445466
62445756
62447388
62446600
62445468
62446048
62447371
62445762
62445619
62445892
62447510
62477515
62446180
62447614
62447697
62445635
62445904
62446347
62447846
62477903
62446738
62447810
62448008
62478257
62448205
62447900
62448297
62446342
62447294
62448035
62448296
62478447
62447227
62448204
62448536
62478770
62447223
62448557
62478812
62448299
62448921
62448887
62478918
62447388
62447321
62448675
62447809
62446940
62447572
62447679
62448716
62448981
62479243
62448230
62448905
62449245
62479552
62447942
62447299
62447481
62479495
62448978
62447930
62449217
62447751
62479874
62448755
62449404
62449562
62447369
62447788
62448358
62448818
62448028
62447865
62448452
62449718
62448290
62480290
62448625
62449238
62449974
62447850
62449644
62448644
62450163
62480449
62450453
62450213
62449086
62448672
62449154
62450310
62449622
62449616
62449787
62450568
62480617
62450704
62449211
62450731
62449651
62450618
62450813
62481123
62449567
62450761
62450926
62450849
62450963
62481158
62450975
62449513
62450975
62450217
62481498
62449850
62450914
62450395
62449768
62451116
62449088
62481691
62449965
62451261
62449754
62481631
62451405
62451288
62451497
62450079
62450392
62451710
62451694
62481705
62450651
62451668
62450565
62482193
62451719
62450695
62451958
62451266
62450349
62450799
62452195
62450887
62482647
62451122
62452146
62452478
62482599
62451507
62452338
62450940
62482964
62451433
62452495
62452751
62451495
62452582
62451130
62483304
62453085
62451524
62452414
62453109
62453162
62451655
62452038
62451775
62452914
62451564
62483400
62452199
62453138
62453419
62483437
62453420
62453639
62453424
62483604
62452643
62453305
62453621
62451667
62451744
62452229
62453580
62452789
62451831
62452237
62453582
62453700
62483709
62453383
62452287
62453584
62452231
62484191
62453698
62453795
62484294
62453127
62453782
62453977
62484112
62453699
62452651
62454095
62453139
62452205
62452573
62454191
62452050
62453776
62454131
62484567
62453995
62453129
62454295
62454134
62453047
62454395
62454595
62484788
62453343
62454533
62454657
62454611
62453285
62485153
62453586
62454992
62454939
62452794
62453237
62453722
62454991
62454162
62485450
62453891
62454388
62455155
62485383
62454032
62455066
62455211
62485576
62454560
62455365
62455339
62456937
62453830
62455226
62453743
62454634
62485507
62454267
62455456
62455576
62485890
62455763
62455574
62455718
62486312
62454681
62455165
62455183
62454253
62454782
62456041
62454606
62486538
62454853
62456207
62456332
62486487
62455557
62455078
62456217
62456321
62486816
62455178
62456318
62456463
62455579
62454761
62454381
62456254
62455282
62456610
62455196
62487129
62455524
62456845
62456835
62456115
62455029
62456775
62457127
62454938
62456736
62455661
62457222
62456488
62455496
62457314
62457384
62455359
62457143
62457375
62457625
62487679
62457449
62456189
62457537
62456170
62488122
62456464
62457593
62456099
62455989
62457960
62457869
62457105
62456253
62456762
62458114
62456555
62488429
62458133
62457887
62458184
62488508
62457164
62458025
62458158
62488464
62458454
62458228
62458430
62456327
62458163
62458437
62456950
62488993
62489013
62458479
62457284
62458663
62457128
62489045
62457542
62458063
62457356
62458644
62458853
62489203
62457772
62458844
62458909
62458261
62489515
62457853
62458968
62459247
62489515
62458029
62459233
62458418
62458951
62459241
62459464
62459817
62458315
62458976
62459661
62490140
62490181
62457645
62490348
62459112
62459282
62460134
62490302
62460105
62458743
62460067
62460246
62490457
62460221
62460018
62460278
62490462
62490724
62458127
62458533
62490591
62490706
62458728
62459244
62460462
62460542
62490748
62460290
62459890
62459239
62460565
62460709
62458708
62459563
62459482
62460889
62460145
62491382
62460242
62461346
62461103
62459132
62460815
62459661
62461164
62459060
62459342
62459912
62461116
62461271
62491485
62459120
62491421
62491317
62460838
62459790
62461443
62461437
62461072
62460055
62461324
62461456
62491529
62461457
62461381
62461525
62491869
62460282
62461486
62460349
62492072
62460383
62461522
62461640
62491901
62461649
62461859
62460545
62461866
62461068
62492327
62460759
62462317
62462125
62492572
62460801
62462118
62460718
62462262
62460920
62462292
62462399
62460981
62460626
62461124
62462551
62462579
62492800
62460823
62461332
62461517
62462506
62462374
62461720
62462784
62462044
62461240
62461800
62462362
62463132
62493341
62463158
62463017
62463175
62493573
62461957
62463175
62463207
62493402
62463383
62461873
62463328
62463411
62493903
62462573
62463521
62462117
62494093
62462445
62463697
62462255
62494231
62463072
62462368
62494279
62462655
62463808
62463974
62494322
62464205
62463941
62464263
62494285
62464217
62464100
62464336
62494397
62494771
62494528
62463585
62464207
62464477
62494892
62463530
62464477
62464619
62494740
62464713
62463303
62464675
62463175
62495172
62463592
62463655
62463690
62463564
62464889
62463213
62495614
62463915
62464436
62465148
62465087
62465062
62465360
62465259
62463285
62463475
62464014
62465431
62463505
62463753
62464043
62465596
62463509
62465290
62464397
62465560
62465729
62496037
62465967
62496134
62496132
62465991
62465706
62465963
62463808
62464268
62464763
62465941
62464554
62464465
62464872
62465973
62464341
62496608
62465856
62496584
62465947
62465115
62465096
62465008
62466185
62466282
62464212
62464669
62465230
62466407
62464931
62496955
62465423
62466655
62465853
62464874
62465335
62466044
62466739
62497002
62466789
62466672
62466867
62497126
62465697
62466963
62465024
62466846
62467111
62466309
62465399
62465983
62467122
62465701
62467382
62466672
62465272
62497921
62466375
62467310
62467468
62497786
62466410
62467270
62467516
62465419
62467104
62466234
62466868
62467604
62497709
62467363
62466301
62467577
62466029
62498163
62466768
62467640
62467813
62467749
62466327
62466085
62466655
62467312
62467861
62466314
62466684
62466791
62467879
62467977
62498323
62468239
62468079
62466918
62498678
62467044
62468211
62466882
62466687
62467285
62468438
62467773
62466928
62467461
62468662
62466685
62467005
62467616
62468675
62468949
62499142
62468671
62467599
62469043
62467810
62467349
62468012
62469165
62468548
62467570
62467979
62468080
62499847
62499542
62499907
62468437
62469542
62469618
62467518
62499992
62468357
62469585
62500115
62469905
62469787
62469898
62500150
62468118
62468089
62469065
62469785
62470094
62467932
62468273
62468727
62470198
62468074
62469687
62468697
62470092
62468681
62500548
62469287
62470309
62500603
62470415
62469063
62470435
62469722
62500996
62469321
62470549
62469196
62500832
62469356
62469179
62470630
62470703
62470767
62470856
62469277
62469234
62469883
62471162
62469758
62469577
62470175
62471304
62471531
62501852
62470534
62471670
62471464
62469449
62470014
62471373
62471439
62470254
62469843
62470221
62471603
62471868
62501750
62471718
62470270
62471875
62470967
62471782
62469736
62471445
62471739
62471924
62502093
62471861
62470522
62472079
62470390
62502360
62472284
62502336
62472335
62471547
62502818
62471067
62472203
62470877
62470635
62472252
62472526
62502742
62470948
62472615
62472739
62472696
62471272
62471376
62471291
62472725
62472702
62471852
62503229
62471581
62472823
62471385
62471593
62471597
62471814
62473097
62473071
62471168
62503598
62472428
62473052
62473235
62503428
62473363
62473218
62473410
62503350
62473385
62473669
62473319
62503378
62473103
62471932
62473342
62471419
62503691
62471534
62503926
62472360
62473437
62471649
62504044
62472497
62473433
62473577
62471545
62471862
62472415
62473725
62472348
62504235
62472587
62473836
62503975
62474132
62473851
62474146
62472133
62472307
62473086
62474084
62473289
62504202
62504671
62474359
62474218
62474403
62472351
62473916
62473049
62474363
62472297
62474197
62473222
62474577
62474530
62504661
62474285
62473271
62474533
62473173
62472976
62473581
62474522
62474670
62473269
62473037
62473696
62474873
62473613
62474653
62473776
62475142
62475273
62474369
62475180
62475373
62473190
62474603
62475359
62475391
62473380
62473625
62474377
62475257
62475544
62473372
62473778
62474386
62475478
62474867
62475326
62474288
62475865
62473745
62474110
62474632
62475871
62506074
62476115
62475838
62476065
62506220
62476100
62475908
62476165
62506417
62475245
62476042
62476409
62475648
62476382
62476553
62506822
62476700
62476459
62476655
62476013
62507184
62476969
62476790
62476924
62475038
62507491
62475874
62476890
62477186
62507245
62476849
62475798
62477108
62475443
62507544
62476435
62507318
62477418
62507591
62475117
62475832
62507823
62477082
62507588
62477269
62476191
62477491
62477674
62507752
62477721
62477593
62477792
62475709
62476050
62476695
62477179
62478089
62508484
62476799
62478137
62476112
62477924
62477860
62477045
62478232
62478281
62476407
62478313
62476999
62478200
62477487
62476444
62476997
62478359
62508569
62476781
62477392
62478413
62478721
62508975
62478870
62477402
62478740
62477240
62509090
62478563
62477542
62478866
62477369
62509511
62478271
62476965
62509437
62478545
62478963
62478257
62479434
62479569
62509978
62478457
62479569
62479659
62509994
62479446
62478429
62479777
62478129
62478981
62478526
62478243
62510470
62510159
62510523
62478854
62480028
62479332
62478391
62478954
62480258
62478699
62510514
62479041
62480113
62480397
62479193
62510715
62479255
62480173
62480409
62478309
62478567
62479202
62480444
62480497
62478785
62479201
62480703
62479857
62511097
62479743
62480596
62511096
62480954
62482692
62483017
62481397
62481717
62482365
62483825
62482214
62514355
62482899
62484001
62483349
62482974
62483519
62514566
62483281
62484217
62484549
62514644
62484336
62483312
62484936
62484740
62515002
62484865
62483465
62484813
62483553
62515155
62483777
62484853
62484987
62484298
62483269
62484827
62484821
62485010
62485015
62485098
62484963
62483890
62484175
62485134
62485343
62483335
62483580
62484164
62484764
62484019
62516040
62484501
62484249
62485721
62483617
62485411
62484528
62485873
62485812
62516075
62484730
62486122
62485936
62516123
62486071
62485793
62486039
62516116
62485737
62484892
62485505
62484576
62486257
62485482
62484428
62484868
62486189
62485510
62486055
62485137
62486287
62486414
62485622
62484650
62485238
62486378
62485703
62486295
62486571
62486804
62517104
62486901
62485525
62486846
62486229
62485203
62485643
62486977
62486295
62517391
62517511
62486434
62486477
62487237
62517537
62486084
62487187
62487519
62487549
62487395
62486090
62487432
62486829
62485837
62486314
62487525
62487509
62518031
62486917
62488062
62487775
62487048
62518316
62486733
62487817
62486454
62518570
62486820
62488051
62488135
62518465
62486138
62486716
62487558
62488228
62488310
62518685
62488364
62488341
62486268
62518686
62487329
62488353
62488599
62518960
62487566
62487984
62487099
62519054
62487588
62488698
62488955
62488098
62487140
62487649
62488880
62487380
62519143
62488254
62488953
62487617
62519525
62487901
62489270
62489261
62519537
62488146
62489166
62487902
62488900
62487983
62489328
62487490
62487653
62488069
62489588
62488855
62489279
62488327
62489713
62488538
62520080
62489918
62489839
62489959
62520138
62489821
62489851
62490200
62488024
62520341
62488260
62488933
62490110
62488293
62488696
62489098
62490422
62490577
62489128
62488702
62489303
62490255
62490563
62488268
62488612
62489247
62490386
62490702
62520994
62489546
62490614
62490851
62490825
62488656
62490509
62490908
62491114
62521620
62490124
62489969
62491300
62491328
62521659
62491507
62491319
62491624
62521635
62491177
62490122
62491641
62521819
62491426
62491407
62491702
62489594
62521972
62491684
62490356
62491670
62490378
62522312
62491681
62491601
62491830
62490604
62522504
62490986
62491780
62491997
62522097
62492135
62490687
62492169
62522360
62490447
62491396
62492264
62492337
62492173
62492352
62522711
62492522
62492282
62492539
62491743
62522973
62491435
62492475
62492719
62490854
62491943
62492703
62522872
62491283
62491274
62492748
62492019
62523256
62491594
62491132
62523399
62491905
62492898
62493056
62523275
62492863
62491753
62491701
62491129
62523681
62492562
62493673
62493351
62492676
62491698
62492698
62492530
62493386
62493653
62491494
62493278
62493500
62493723
62491649
62493337
62492265
62493778
62523889
62493647
62492462
62493930
62493190
62524433
62492748
62493231
62493981
62524483
62492303
62524334
62493823
62494059
62492098
62492467
62493065
62494280
62494523
62524524
62494501
62494322
62494617
62494390
62493409
62494432
62494611
62525021
62494610
62493535
62494352
62494874
62525040
62494670
62493711
62495049
62495081
62525522
62494296
62495229
62495169
62525483
62493951
62495169
62493685
62525513
62493969
62495220
62525394
62494006
62495195
62495404
62494670
62493716
62495600
62494876
62495609
62525668
62495778
62494234
62495654
62493725
62495916
62495789
62495933
62526057
62495719
62494672
62495972
62495867
62495896
62496096
62526501
62494984
62496113
62496076
62526544
62495105
62496283
62496499
62494340
62494581
62495131
62495455
62496487
62498143
62496575
62495462
62495934
62496552
62496734
62494837
62494699
62496850
62494815
62527245
62496310
62496993
62497038
62527234
62496982
62497183
62497344
62527654
62497490
62497315
62497586
62495455
62497106
62496137
62497329
62497592
62495550
62497262
62496440
62497757
62497758
62528074
62496667
62497790
62497989
62495927
62496134
62497883
62496547
62497988
62496614
62528582
62498179
62528606
62498253
62496733
62498198
62496965
62528516
62496943
62496927
62498224
62496850
62528922
62497439
62498370
62498552
62500181
62497894
62497195
62498660
62497810
62496941
62497549
62498753
62499025
62498609
62498237
62498893
62499136
62498235
62497270
62498097
62498899
62499077
62497069
62498993
62498113
62499249
62497776
62529827
62498700
62499248
62499495
62498710
62529926
62498244
62499397
62499648
62529620
62498461
62499468
62499615
62497600
62497882
62498637
62498936
62498414
62498069
62498961
62498654
62500111
62498889
62499385
62499994
62500032
62498041
62498409
62499003
62500293
62500400
62530480
62500480
62498909
62500367
62500505
62530773
62499301
62500454
62500555
62531005
62499641
62500397
62500662
62498541
62500253
62499445
62500597
62500605
62499348
62498921
62500817
62499359
62500683
62500685
62530833
62499463
62499399
62500939
62498801
62499207
62499829
62501376
62501185
62500773
62499748
62501062
62499712
62531452
62500013
62501010
62501270
62500516
62531753
62500596
62501166
62501441
62500516
62499599
62500049
62501421
62499980
62501676
62500335
62499835
62500746
62501436
62501621
62531916
62501479
62500288
62501766
62500533
62532354
62500861
62501720
62501923
62532269
62502085
62501920
62502126
62532165
62500768
62500755
62502193
62532410
62501136
62502515
62502557
62532741
62501291
62502441
62501606
62502310
62501775
62502606
62532697
62533144
62501520
62501883
62502788
62502850
62501734
62501077
62501998
62502937
62502952
62533378
62502226
62502974
62503218
62501072
62501403
62502001
62503342
62503483
62502235
62533651
62502157
62503269
62501525
62503296
62503371
62503489
62533714
62502510
62502122
62503405
62503762
62533727
62503381
62502374
62503728
62503674
62502150
62502618
62503706
62503923
62534370
62503699
62502778
62504092
62502715
62534742
62503019
62504261
62503531
62534894
62503673
62504503
62504624
62503681
62534890
62504801
62503230
62504770
62503862
62535094
62504144
62504892
62504941
62535164
62505035
62504829
62505045
62504660
62503664
62504643
62504893
62502878
62503239
62503772
62505097
62503010
62504770
62503986
62505228
62503487
62535645
62505528
62505325
62505247
62504202
62505520
62505644
62535914
62504272
62505539
62505724
62535720
62504472
62504216
62505812
62504897
62504014
62504488
62536259
62536281
62504817
62536284
62506138
62505874
62506007
62505270
62536561
62504848
62506073
62506135
62536392
62505870
62504771
62506239
62505003
62536739
62505115
62506268
62505654
62504720
62505290
62506395
62506697
62536727
62506676
62505341
62506509
62506793
62504744
62506480
62505624
62506996
62505482
62537300
62506940
62505564
62506804
62506866
62507216
62507409
62506886
62507072
62507182
62506029
62507098
62507344
62506696
62505677
62506285
62507441
62506219
62537830
62506489
62507516
62507684
62505515
62506261
62507623
62507902
62505654
62538326
62506653
62506535
62508027
62506770
62506257
62506745
62507970
62508211
62538463
62507994
62506922
62508335
62508347
62538545
62507156
62508293
62508567
62507683
62539002
62508693
62508504
62508737
62508321
62508018
62508715
62508719
62506683
62507065
62507836
62507239
62539435
62507888
62508790
62509047
62506936
62508744
62507696
62508850
62509140
62507716
62509457
62507657
62509306
62509208
62507060
62507428
62508012
62509258
62509293
62539428
62509008
62507899
62509319
62507990
62507740
62508181
62509516
62507552
62507903
62508589
62507713
62508270
62540107
62509992
62509752
62508505
62510047
62508699
62510143
62508104
62540381
62509810
62509002
62510192
62510341
62540610
62510410
62510266
62510414
62509482
62540698
62509146
62510203
62509052
62540833
62509563
62510150
62510413
62540707
62509254
62510342
62510511
62508390
62510126
62509198
62510731
62509525
62509507
62509224
62510695
62510574
62510767
62510071
62509212
62509820
62511024
62511224
62541198
62511212
62509836
62511160
62511272
62541516
62510511
62511688
62511414
62511252
62511485
62511476
62509427
62509785
62510359
62511495
62511728
62541957
62510957
62511881
62511616
62541860
62511778
62510334
62511809
62510377
62542047
62510767
62511831
62511839
62511840
62511954
62542289
62511078
62511958
62512143
62542240
62511916
62510844
62512251
62510644
62542796
62511140
62512708
62512295
62542484
62512519
62512258
62512494
62542629
62511566
62512516
62512510
62511929
62512663
62512846
62543077
62512816
62511303
62511709
62542907
62512435
62511404
62512862
62512286
62512621
62511532
62513144
62512332
62511326
62511862
62513128
62513303
62543533
62513418
62513168
62513353
62543627
62513498
62513296
62513443
62543757
62513426
62513536
62511642
62543708
62513362
62512194
62513809
62513120
62512118
62513790
62513937
62544136
62513813
62512618
62513935
62512582
62544515
62513215
62514138
62514239
62512193
62512650
62513234
62514397
62514525
62544774
62544621
62514529
62513169
62544861
62544690
62514441
62513308
62514899
62514074
62513106
62513694
62514960
62515091
62545326
62515267
62514969
62514812
62514875
62514046
62515376
62513939
62515414
62515364
62545512
62515136
62514307
62514318
62514234
62545885
62514418
62515541
62515651
62513540
62514035
62514571
62515761
62515790
62513843
62515556
62514611
62516003
62514726
62546442
62545899
62545977
62515230
62546499
62542847
62543430
62543712
62573882
62542391
62543657
62543901
62574095
62574141
62574021
62573965
62574080
62541941
62542635
62543242
62574331
62574321
62542502
62543231
62544084
62544402
62542298
62574871
62543677
62544244
62544401
62543585
62574790
62574343
62544570
62543285
62575131
62543483
62544629
62544795
62575180
62543546
62544775
62542736
62544751
62544863
62542897
62575392
62544200
62544800
62545092
62542906
62543230
62543762
62544942
62545156
62575360
62545206
62543638
62545096
62544325
62543354
62543108
62543551
62545026
62544143
62545258
62545560
62575650
62545490
62543679
62545329
62576116
62544594
62545621
62545886
62543765
62543725
62576353
62545917
62576296
62546050
62545914
62546059
62576320
62545250
62546041
62545376
62544357
62546062
62546286
62545328
62576590
62545072
62546085
62546091
62545028
62546130
62546302
62544898
62576665
62546138
62545189
62546510
62545794
62577178
62545468
62546624
62545908
62544964
62545524
62546677
62545266
62577355
62546082
62546727
62546823
62544726
62545094
62545585
62546927
62544857
62545188
62545765
62546826
62546957
62548706
62546991
62546865
62546900
62547076
62577301
62545522
62545581
62546878
62545593
62545397
62547081
62545522
62546355
62545849
62577538
62546539
62547619
62547212
62546464
62577742
62546520
62547168
62547412
62577661
62546648
62547539
62547321
62577902
62546562
62547527
62547576
62577809
62547410
62547495
62547752
62578052
62546677
62548146
62547924
62577970
62546610
62547115
62547126
62578396
62546828
62548059
62547343
62578500
62547373
62578233
62547741
62546970
62548417
62547777
62578891
62547802
62548608
62548636
62546550
62547325
62548857
62548692
62547270
62546926
62547462
62548738
62547296
62579306
62548101
62548733
62549116
62549405
62549095
62549123
62547057
62547326
62548352
62549011
62549303
62579617
62547931
62549108
62547056
62548918
62548025
62549325
62547949
62548666
62549212
62549407
62548636
62547767
62548231
62549552
62548024
62579907
62548950
62549553
62549746
62579984
62548906
62549580
62548834
62547938
62548365
62549675
62548322
62580109
62548664
62549801
62549973
62580289
62548933
62549902
62550213
62580252
62549832
62548808
62548402
62580338
62548390
62548871
62550014
62549325
62548405
62549012
62550213
62548267
62548699
62549153
62550153
62550199
62550507
62548311
62550081
62549119
62550505
62550605
62581017
62549237
62550742
62550719
62548520
62550349
62549243
62550810
62580952
62550925
62549449
62550686
62550745
62550824
62551003
62548957
62550700
62549878
62551072
62551235
62581476
62551250
62551157
62551390
62581276
62551306
62551082
62551251
62581455
62551020
62550020
62551402
62549967
62581745
62551505
62551375
62551782
62582151
62550372
62551696
62550333
62582303
62581731
62551886
62551809
62551831
62582176
62550886
62551795
62552082
62582321
62551346
62551833
62552170
62582652
62551396
62552018
62552305
62582347
62552297
62552179
62552330
62582512
62551205
62550668
62552562
62550389
62550809
62551345
62582918
62550633
62583271
62550762
62551835
62553183
62552901
62552209
62583459
62551890
62552964
62553194
62551390
62551905
62553215
62552547
62553046
62552043
62553381
62551407
62553311
62553943
62551956
62553428
62552500
62553858
62553107
62552081
62552579
62553654
62552420
62584214
62553113
62553708
62554044
62552500
62553751
62554038
62554232
62554278
62553463
62584646
62553580
62554185
62554281
62552184
62554262
62554224
62554511
62584571
62553252
62553123
62554543
62553335
62552537
62585171
62553643
62553799
62585277
62585087
62554707
62554181
62554179
62553600
62553512
62585355
62554390
62554960
62555159
62554374
62553413
62554024
62555201
62555401
62585597
62554456
62555262
62555468
62586062
62554448
62555457
62554008
62585880
62554530
62555466
62555648
62585762
62555328
62554469
62555766
62555859
62553759
62554031
62586237
62586186
62586290
62555733
62554555
62556033
62555211
62586458
62554875
62556130
62556156
62556239
62556125
62556200
62554837
62586709
62586691
62556445
62554434
62554819
62555427
62556528
62555151
62587125
62555603
62556605
62555854
62586899
62586947
62556438
62555486
62556649
62556887
62555075
62555416
62557028
62556054
62556747
62555715
62555675
62555789
62556871
62557042
62557339
62556940
62555911
62556948
62557124
62555016
62555333
62555917
62557131
62557307
62587376
62557431
62557092
62557277
62587652
62556612
62557220
62557477
62555428
62555738
62556335
62557437
62556084
62587932
62556741
62557733
62557765
62587950
62557876
62557636
62557807
62559648
62557998
62557877
62557942
62556754
62588589
62557456
62558541
62558171
62556163
62557899
62557067
62558285
62556987
62558322
62557250
62588972
62557273
62558121
62558680
62556824
62557872
62558588
62558740
62588746
62558940
62558525
62558957
62589141
62557739
62558844
62559010
62556841
62558937
62558381
62557873
62589582
62558140
62558974
62559202
62589502
62558114
62559141
62559309
62558486
62589716
62558559
62559255
62559376
62589830
62558196
62559448
62559514
62589601
62559438
62558215
62559590
62559578
62589787
62559737
62559477
62559658
62589929
62559766
62557904
62557675
62590291
62558630
62559178
62559976
62560110
62590132
62590507
62590336
62558429
62558897
62559394
62560219
62590290
62559902
62558964
62560251
62559552
62558635
62559000
62560474
62558169
62560149
62560363
62560585
62559011
62558806
62559878
62560486
62560671
62559872
62560990
62559468
62559390
62560677
62560712
62590971
62560506
62559688
62561280
62561057
62558721
62559089
62559625
62560856
62560974
62558727
62560648
62559645
62560870
62560256
62591397
62559739
62560936
62559057
62560733
62561043
62561255
62591372
62561417
62561104
62561297
62561105
62561293
62561311
62561425
62559454
62560148
62591990
62560824
62561952
62561754
62559571
62561410
62560324
62561782
62561718
62592330
62560768
62561907
62561416
62560325
62560789
62562028
62562118
62592469
62562417
62562088
62562167
62592250
62562011
62560905
62562298
62564071
62562624
62562201
62562300
62561662
62593090
62561545
62562551
62562744
62560561
62562821
62560601
62560969
62561505
62562802
62592875
62561772
62562749
62562934
62561096
62561168
62561752
62562596
62563080
62593337
62562087
62562905
62563150
62593525
62562133
62563079
62563350
62563086
62593680
62563340
62563372
62562505
62561380
62594035
62562881
62563652
62563893
62594080
62563928
62563688
62563849
62562376
62594090
62594165
62594173
62594266
62562197
62563000
62564197
62564058
62594337
62562918
62564503
62564141
62594567
62563111
62562421
62562658
62562666
62563621
62564248
62563200
62594909
62563667
62564640
62564566
62562469
62562892
62563462
62564666
62563197
62595158
62564105
62595161
62564027
62595227
62564124
62564697
62564928
62595132
62564766
62563680
62565007
62563446
62595576
62563993
62565030
62565032
62565107
62565211
62595689
62564519
62565151
62565312
62563287
62563556
62564181
62565485
62565503
62595696
62565163
62564156
62565542
62595758
62567322
62564280
62564617
62565850
62565884
62564810
62596201
62565148
62565796
62564391
62564218
62564716
62566006
62566069
62596235
62565804
62564681
62566146
62565433
62564581
62565076
62566253
62564327
62596858
62565320
62566335
62566568
62564471
62566228
62565399
62566576
62565167
62565269
62565602
62567180
62566917
62597320
62565962
62566955
62567097
62597266
62566016
62567062
62565915
62566597
62565530
62597815
62566181
62567358
62565968
62597843
62566347
62567840
62567611
62565442
62567151
62566246
62567690
62565614
62567398
62566350
62567698
62567830
62567708
62568190
62567843
62565818
62567944
62566537
62567989
62566138
62566247
62566776
62567049
62568016
62598305
62568267
62568027
62568208
62598456
62567433
62568441
62568154
62598529
62567464
62568060
62568323
62598558
62568441
62568177
62568413
62598670
62568518
62568329
62568396
62599102
62568383
62567571
62568690
62568797
62568946
62599246
62568914
62568877
62599267
62569088
62568706
62567644
62599476
62568207
62569184
62569345
62599686
62568615
62569620
62569511
62569229
62569227
62569323
62568314
62599724
62568076
62569496
62569542
62599872
62569646
62569413
62569684
62599867
62569812
62569589
62569900
62568085
62568669
62568969
62569875
62600234
62569698
62568606
62569948
62570154
62600411
62570194
62570005
62570231
62600430
62569440
62569154
62601003
62569228
62569140
62570632
62569683
62568852
62569361
62570504
62569405
62600981
62570829
62569272
62570873
62571042
62570824
62570798
62570902
62569877
62570894
62601141
62569908
62570932
62571131
62570326
62569385
62570297
62570429
62601330
62569781
62569875
62571243
62571341
62601361
62570888
62569830
62571339
62570601
62601918
62571634
62570162
62571445
62570308
62601832
62571458
62570373
62570564
62571661
62601923
62571769
62570547
62571864
62570426
62571953
62571147
62570104
62570688
62571865
62570974
62571665
62570744
62571910
62570749
62602584
62570895
62571284
62572241
62602520
62572336
62572147
62572278
62602364
62572488
62570944
62602889
62572601
62572426
62572638
62571874
62603047
62571401
62572524
62572685
62570684
62572474
62603146
62572785
62572714
62572811
62572829
62572923
62573003
62572874
62572971
62572244
62603566
62571826
62572935
62573219
62572308
62603459
62571938
62573153
62573167
62603518
62572198
62573171
62573305
62603567
62572353
62573238
62573511
62572628
62603978
62573656
62573544
62603662
62572589
62573566
62573648
62572949
62604111
62572913
62573647
62573829
62603988
62573503
62572646
62573273
62572477
62604265
62573004
62573952
62574039
62574050
62572158
62604507
62574157
62572868
62574278
62574187
62604887
62573202
62574254
62574490
62574250
62573242
62574477
62574512
62573700
62572536
62572805
62573341
62574559
62573086
62604864
62573643
62574577
62573248
62605094
62574950
62573393
62574956
62574134
62574603
62574369
62575143
62575114
62605449
62574098
62575381
62575406
62573360
62573612
62574196
62575537
62574126
62606099
62574451
62575604
62607229
62576770
62576062
62578067
62578279
62577644
62576710
62577119
62578601
62576544
62576885
62577651
62578617
62577612
62579236
62578893
62576990
62577202
62577720
62578438
62579024
62609389
62577853
62577724
62579028
62579132
62609709
62578065
62579009
62579216
62609514
62578087
62579405
62579492
62579646
62578325
62579348
62579753
62577553
62579303
62578509
62579689
62578946
62610299
62578995
62579852
62579887
62579119
62610431
62578903
62580029
62580006
62577895
62578324
62579039
62579870
62580299
62610259
62580017
62578774
62580424
62610633
62579458
62580343
62580528
62579244
62580209
62579380
62610883
62578916
62579551
62580093
62580733
62581105
62580783
62581082
62611160
62580725
62579786
62581015
62580989
62611278
62579732
62579617
62581000
62579572
62611431
62581301
62581061
62581222
62580499
62611701
62581003
62580202
62581327
62581503
62611818
62581437
62580746
62580037
62581598
62611647
62581237
62580429
62581633
62581778
62611984
62581934
62580301
62581782
62581859
62611858
62581792
62581703
62581990
62612031
62580544
62580456
62581674
62582134
62612382
62582152
62581970
62582377
62580133
62580354
62580952
62581035
62582339
62580112
62581947
62581037
62581232
62580960
62582284
62581667
62580696
62581331
62582484
62581296
62612890
62581967
62583037
62582695
62580598
62581045
62581564
62582707
62582814
62613037
62581569
62582650
62582761
62581600
62613463
62583178
62582938
62583099
62582275
62613522
62582524
62583003
62583239
62583384
62613509
62582346
62583152
62583025
62582131
62583370
62583484
62613444
62583075
62582188
62583526
62583592
62613421
62582000
62583465
62583414
62583542
62613523
62583633
62582185
62583584
62583658
62614151
62583807
62583553
62583803
62583805
62583867
62583055
62614251
62582846
62584353
62584141
62583219
62614613
62584294
62583903
62584136
62583255
62582400
62582984
62583945
62584132
62582014
62582382
62583007
62583299
62584264
62584235
62614466
62584024
62583120
62583248
62584538
62614580
62584704
62584488
62584646
62614842
62584907
62585119
62584832
62615183
62584960
62583351
62584720
62584947
62615183
62584323
62584867
62585103
62584315
62615545
62584279
62585393
62585082
62615305
62585016
62583827
62585196
62585386
62615469
62584049
62583975
62585374
62585427
62585524
62585594
62615685
62585753
62585578
62585674
62583628
62583896
62584443
62585671
62584246
62616267
62584622
62585799
62583880
62584289
62583872
62584329
62584841
62586079
62586174
62616206
62586001
62586167
62586072
62586235
62616615
62586007
62585162
62586366
62584927
62584726
62585320
62585868
62586615
62616980
62585700
62586650
62586829
62584660
62586495
62585492
62586713
62585391
62617237
62587110
62585525
62587028
62585013
62585384
62585890
62586462
62586992
62585377
62585811
62587252
62587393
62617458
62587159
62586005
62587507
62586223
62617941
62586335
62587431
62587626
62618046
62587607
62587668
62587853
62617936
62587625
62586468
62588148
62586666
62586965
62587187
62586751
62586519
62587079
62588283
62588411
62586311
62586943
62618580
62588282
62587111
62588408
62587085
62586823
62587407
62588574
62587183
62587043
62587501
62588603
62586650
62619328
62587947
62588711
62588989
62588125
62587119
62587635
62588894
62588962
62589008
62589104
62587885
62619509
62589296
62589297
62589637
62619782
62589249
62589394
62588370
62589698
62589675
62619814
62587943
62588623
62589577
62589845
62620182
62588641
62589770
62589081
62620168
62588124
62589121
62588473
62589880
62590008
62620407
62589790
62588869
62590008
62590068
62590196
62588767
62590424
62589236
62590573
62589690
62620858
62588843
62589601
62589500
62590521
62590672
62590656
62621100
62590679
62589727
62590785
62590888
62590215
62591146
62591178
62591043
62591134
62589067
62589422
62590071
62591262
62590162
62621717
62590762
62591306
62591553
62589459
62589906
62590425
62591602
62591867
62621897
62591417
62590482
62591834
62591097
62590368
62590606
62592098
62590766
62622382
62591342
62591950
62592019
62591388
62590584
62622462
62592215
62592216
62622564
62592556
62590975
62592337
62592465
62622534
62590733
62622784
62592199
62592639
62592729
62592775
62622907
62592660
62591578
62592219
62592928
62623516
62592375
62591775
62592002
62593097
62593290
62592505
62623721
62592228
62593169
62593521
62591325
62591642
62592161
62593472
62593398
62623732
62593605
62592112
62593499
62592104
62624029
62592456
62593660
62591887
62592169
62592892
62624142
62592395
62592433
62593751
62593926
62624140
62592913
62593822
62594044
62593221
62624379
62594026
62592687
62594025
62593996
62624093
62593806
62593854
62594101
62592048
62594056
62593066
62594121
62593519
62592740
62594366
62594320
62624481
62594406
62592993
62594406
62594408
62624735
62593111
62594392
62594464
62592308
62592686
62593184
62594485
62594541
62624648
62594214
62593355
62594532
62594660
62625268
62593634
62594773
62592741
62594601
62593679
62595042
62594343
62625569
62594250
62594517
62593861
62625902
62594152
62595206
62595357
62625795
62595540
62594013
62595324
62594645
62625859
62594667
62595275
62595483
62593239
62593645
62594233
62594401
62595223
62595459
62625546
62595198
62594171
62595420
62595564
62595569
62594900
62626221
62595627
62594587
62595852
62594637
62626429
62595233
62595841
62596091
62593977
62594420
62594905
62596178
62595540
62596009
62596316
62596552
62594428
62594844
62595401
62596705
62596781
62626902
62596540
62595297
62595521
62596089
62596569
62627263
62595017
62597007
62596892
62595481
62598820
62596169
62595995
62597145
62597106
62595941
62596212
62597393
62597428
62627730
62596118
62596504
62597485
62595371
62597230
62596295
62597602
62596218
62628169
62597913
62597598
62597834
62599644
62597956
62598080
62598177
62598120
62597325
62596296
62596945
62598053
62598246
62596371
62596575
62597437
62598224
62598501
62597686
62629018
62597471
62597547
62628630
62598335
62597229
62598416
62597847
62629034
62597603
62598627
62598788
62598075
62629380
62598042
62598626
62598862
62596724
62598936
62597247
62597817
62598314
62599129
62629378
62599278
62597690
62599185
62597157
62598893
62598030
62599382
62597381
62599295
62629598
62599493
62599761
62629708
62599244
62598257
62599647
62601433
62598388
62599985
62598606
62599783
62599904
62600090
62599188
62598409
62598849
62600029
62598841
62630432
62600217
62598683
62600025
62599411
62630747
62599563
62600195
62600404
62630429
62599958
62599081
62600786
62600376
62600466
62598427
62600129
62599321
62600553
62600626
62600406
62599343
62600719
62600768
62631147
62599615
62600677
62601095
62631176
62631284
62601167
62631467
62600011
62601185
62601408
62631486
62601079
62600126
62601402
62601437
62631932
62600292
62601415
62601621
62599428
62599861
62600418
62601827
62601747
62599807
62632284
62601240
62601984
62600751
62601456
62600653
62632484
62601015
62601900
62602296
62600332
62601438
62602045
62602428
62602313
62602359
62602391
62601620
62600584
62601144
62602334
62601235
62600688
62601169
62602613
62601625
62633212
62601588
62602674
62602781
62632954
62602652
62601714
62602953
62601600
62633525
62602225
62603454
62603229
62601135
62601541
62602074
62602591
62602999
62601779
62602080
62603428
62603594
62633643
62603391
62603551
62603757
62601762
62602198
62602560
62603029
62603838
62634103
62603987
62602429
62603849
62604090
62603985
62603347
62602355
62602864
62604068
62602804
62634736
62603268
62604180
62604410
62634473
62604296
62602296
62604536
62634708
62603656
62604543
62604825
62602786
62603003
62603652
62604789
62605092
62635501
62603993
62605143
62604577
62604973
62603984
62605359
62605487
62635834
62605328
62604177
62605539
62605718
62635900
62605679
62605524
62605757
62635982
62605844
62605673
62635952
62636076
62605501
62604364
62605880
62605109
62604186
62604732
62605851
62606023
62606038
62636063
62606125
62606001
62606182
62636273
62604498
62636220
62605376
62606049
62606145
62605322
62636463
62606377
62606124
62606281
62605486
62636801
62605075
62606198
62606475
62605576
62636770
62606263
62605325
62606478
62606668
62637077
62605381
62606780
62606778
62606823
62605273
62606782
62606776
62606829
62606954
62607112
62606288
62607101
62637266
62607294
62607054
62607239
62606454
62605646
62606179
62607445
62607319
62637673
62606244
62607254
62607477
62606740
62637849
62606332
62607353
62607575
62637808
62607465
62607456
62607610
62607827
62638056
62607932
62638123
62606118
62606651
62607866
62606577
62638374
62607352
62607925
62608169
62638426
62608352
62608061
62608321
62638621
62608411
62608216
62608473
62606277
62606659
62607243
62608396
62607645
62606739
62607299
62607847
62608556
62638773
62607550
62607952
62608838
62606874
62607082
62608520
62639371
62607192
62607800
62609117
62608995
62639370
62609226
62609037
62609181
62639727
62608052
62609205
62607814
62639628
62609375
62609145
62609406
62607237
62607629
62608213
62609318
62609273
62608060
62609346
62609488
62639637
62639991
62608927
62639969
62608625
62609612
62609769
62608957
62640310
62608635
62609925
62607948
62608292
62608821
62610193
62608700
62640698
62609506
62610213
62610285
62608298
62608594
62609226
62610314
62608916
62608756
62609316
62610595
62641150
62610769
62610601
62610899
62641084
62611061
62610756
62610904
62610204
62641417
62610084
62610919
62611053
62609014
62610753
62609836
62611010
62609571
62641523
62610084
62611132
62611331
62641586
62610461
62611112
62611428
62641474
62610958
62610099
62611440
62611404
62611415
62610039
62611271
62611253
62611461
62609858
62641941
62610488
62612067
62611649
62609695
62610029
62610599
62611164
62611959
62612247
62612071
62611309
62642368
62612090
62611898
62612032
62610143
62642572
62612203
62612103
62612192
62610931
62642576
62610955
62611035
62612339
62612515
62642622
62611105
62611099
62612536
62610597
62642686
62612830
62612570
62612755
62610672
62612545
62612619
62612794
62643234
62613110
62611611
62613137
62612277
62611358
62611760
62613136
62612423
62611245
62612237
62613665
62613303
62643438
62613200
62643863
62613581
62612105
62613594
62611483
62613206
62613530
62613754
62611835
62644006
62612462
62613636
62613719
62612931
62611939
62612454
62613737
62613968
62644028
62614042
62613874
62614185
62644485
62613571
62614277
62614245
62644549
62614051
62613171
62614389
62614497
62644586
62614669
62614405
62614614
62645082
62613533
62612900
62614073
62645141
62614672
62613550
62614805
62613452
62645363
62613715
62614844
62613432
62645429
62614231
62615036
62615098
62615065
62615365
62615115
62614319
62613335
62613970
62615123
62615251
62615130
62615431
62645608
62615064
62614321
62614865
62615550
62613511
62615363
62615499
62615613
62613485
62615342
62615577
62615714
62613689
62615452
62614596
62615844
62615986
62613838
62614206
62614749
62616132
62614614
62646331
62615078
62616041
62616123
62614616
62646674
62615490
62616136
62616393
62646631
62615680
62616194
62616281
62615360
62615327
62616871
62616584
62646770
62616346
62615514
62616667
62615358
62647160
62616722
62615448
62617111
62647082
62616296
62617036
62617260
62647413
62616472
62617096
62617412
62615877
62617398
62647591
62617184
62616044
62617475
62617646
62647933
62616388
62616255
62647925
62648049
62648446
62616777
62617798
62616882
62615907
62648549
62617460
62618269
62618181
62617423
62618091
62618247
62618456
62616451
62618409
62617341
62618682
62617347
62649128
62618730
62617965
62617369
62618823
62617987
62616992
62617507
62618855
62618737
62649037
62618571
62617712
62618970
62616942
62617303
62617743
62619088
62617588
62649426
62618111
62619209
62619234
62620880
62619082
62618185
62619281
62619514
62649659
62649928
62649840
62617887
62618468
62619738
62619811
62617841
62618185
62618643
62619894
62618781
62650387
62618828
62618837
62620079
62618801
62650598
62620376
62620084
62620211
62650492
62620284
62620171
62620493
62618511
62620204
62618735
62650623
62620253
62619229
62620376
62620523
62619725
62650957
62619815
62619927
62620731
62619895
62618951
62619600
62620753
62620929
62651160
62620968
62620718
62620879
62618830
62620679
62619587
62620935
62621172
62651366
62621147
62620968
62621225
62619046
62619339
62619858
62621100
62621228
62621393
62621353
62651546
62621499
62621259
62621543
62619829
62621597
62621687
62619488
62621337
62621044
62621524
62620678
62621869
62622093
62652186
62621629
62620735
62622001
62622040
62652431
62622154
62622075
62622270
62620395
62622245
62622278
62622473
62620414
62622215
62621133
62622659
62621932
62620913
62621473
62622031
62622754
62653150
62622534
62621465
62622968
62622067
62653278
62621844
62622928
62621595
62653400
62622167
62623070
62623338
62621790
62621558
62622399
62623193
62623485
62653755
62621642
62622220
62623647
62623604
62622203
62653912
62623457
62622313
62623743
62623759
62623981
62622481
62654406
62623338
62623970
62624162
62622518
62654406
62624298
62623980
62624216
62623118
62622460
62623020
62654221
62654286
62623792
62623151
62624174
62624439
62654667
62624574
62624348
62624547
62622560
62623983
62624664
62624762
62655025
62624576
62623545
62624944
62625035
62655623
62624184
62625050
62625214
62623789
62655519
62625409
62623937
62625265
62624090
62655687
62624674
62625362
62625412
62625546
62624870
62623827
62624685
62625492
62625699
62656033
62626033
62625752
62625974
62624258
62625645
62624885
62625012
62624846
62626167
62624814
62624647
62625138
62626459
62626731
62656701
62626585
62626427
62626722
62625937
62625048
62625554
62626717
62626845
62656945
62656967
62626520
62625650
62627019
62626945
62626184
62657268
62627203
62625677
62626995
62627171
62626975
62627109
62627127
62625166
62625521
62625981
62627343
62627444
62657802
62627182
62626251
62627428
62627593
62657789
62627427
62626273
62627717
62627028
62658361
62626757
62628060
62628202
62626027
62627763
62626787
62626034
62626529
62627628
62628195
62628241
62628289
62628410
62658522
62626722
62627248
62628566
62628553
62658628
62627164
62627213
62628445
62627318
62658816
62627316
62627290
62628779
62627447
62658984
62628905
62628679
62628793
62627536
62659135
62626807
62627117
62627732
62627147
62629071
62659382
62628905
62627795
62629116
62628448
62659611
62629048
62628182
62629321
62628283
62629241
62628193
62629514
62628873
62627932
62628417
62629549
62629691
62659860
62629874
62628491
62629802
62630026
62660254
62628634
62628570
62630145
62629312
62660453
62629230
62660562
62660365
62660397
62628422
62629904
62628829
62630224
62629202
62660663
62629066
62630165
62629055
62630050
62629581
62629294
62630656
62660803
62630708
62630475
62630660
62629454
62661190
62629968
62630614
62629511
62631022
62629424
62630899
62630141
62661199
62631066
62630864
62631022
62628976
62630958
62629873
62631146
62630019
62661309
62631344
62631200
62631436
62629295
62631003
62629890
62631280
62631363
62661730
62629747
62630811
62631478
62630117
62661885
62631843
62631566
62631847
62662187
62661795
62631940
62631131
62662197
62662102
62630216
62630749
62630819
62632099
62632165
62630371
62632167
62631013
62632608
62632379
62662635
62631182
62632240
62632408
62662687
62632488
62632395
62632549
62630438
62630844
62631452
62632642
62631193
62662963
62632047
62632901
62632789
62662928
62633085
62631418
62632852
62631478
62663235
62633077
62631691
62632947
62632230
62632817
62631892
62631896
62633118
62633187
62632402
62663727
62663247
62633216
62633406
62632101
62633295
62633388
62633455
62663977
62632384
62633684
62633794
62663796
62633581
62664268
62634034
62632453
62633805
62633946
62664019
62632677
62633780
62663943
62632188
62632734
62633255
62634029
62664167
62634181
62632733
62634129
62634356
62664498
62634364
62632772
62634219
62633623
62632771
62633188
62634495
62632443
62632876
62633423
62633971
62634803
62665038
62633748
62665098
62664921
62634640
62634732
62635016
62632933
62665365
62635221
62635005
62635128
62633744
62633803
62665653
62635464
62635275
62635347
62633544
62633533
62634117
62634703
62635460
62637185
62634570
62633990
62635359
62633670
62633948
62666066
62635510
62634575
62635948
62634106
62634771
62635833
62635881
62635999
62666295
62635344
62636017
62636281
62666227
62635937
62634708
62636138
62634816
62634584
62635069
62636369
62635605
62666989
62636567
62635198
62636457
62635046
62667142
62635989
62636621
62636724
62666865
62636517
62635630
62636975
62636713
62635977
62637013
62637090
62635936
62637065
62637244
62667541
62637330
62635794
62637005
62635806
62637152
62637141
62637520
62667687
62637598
62636040
62637562
62637646
62667731
62636511
62637746
62637720
62637900
62636148
62637674
62637866
62636766
62668331
62638204
62636760
62638279
62636275
62668624
62638132
62637046
62638292
62638502
62668740
62638240
62637082
62638379
62636961
62668878
62638533
62638616
62638675
62638605
62636484
62636899
62637436
62638565
62638707
62668997
62669026
62638916
62636758
62638518
62637596
62638859
62638066
62637174
62638124
62638910
62639175
62637102
62637902
62637763
62639289
62639407
62637358
62639152
62639298
62639422
62638212
62669939
62638238
62639377
62639765
62637583
62639220
62639463
62639579
62639142
62639800
62669953
62639793
62639886
62639983
62670204
62639964
62638537
62639933
62640075
62670391
62640135
62639871
62640151
62638006
62638593
62639061
62640238
62640424
62670676
62640046
62639268
62640343
62670711
62640366
62639277
62640536
62639375
62670967
62639439
62639080
62640655
62640831
62671049
62640071
62641199
62640974
62638842
62639146
62640057
62640798
62640983
62639585
62671393
62641177
62641002
62641187
62639039
62639431
62640052
62641270
62641508
62671476
62640125
62639188
62639476
62671980
62641244
62641194
62640458
62639993
62641594
62640273
62641498
62641602
62639505
62671818
62640453
62641576
62641857
62672111
62641945
62641654
62641873
62639786
62640267
62640803
62641929
62639986
62672675
62641270
62642108
62640985
62672871
62642422
62641046
62642327
62640421
62673096
62641387
62672918
62641930
62673167
62642074
62642672
62642954
62643047
62643093
62642913
62642903
62643049
62641603
62642952
62643144
62643269
62642395
62673418
62643189
62642949
62641832
62642292
62642977
62643360
62642500
62641457
62641924
62643722
62643207
62643563
62642221
62673717
62643282
62642296
62641567
62674017
62643855
62643615
62643923
62641826
62643524
62642620
62643924
62643242
62674392
62644297
62642777
62644156
62643032
62674543
62644296
62644131
62644354
62642438
62642765
62643298
62644372
62644572
62642662
62642935
62643417
62644604
62644763
62643930
62675146
62643241
62643910
62675125
62644010
62645128
62643648
62644161
62644868
62645104
62675216
62644802
62644025
62645199
62645429
62675479
62644897
62644577
62644025
62644569
62645600
62643719
62645322
62643753
62644449
62645610
62676135
62645441
62643577
62644449
62645770
62643961
62645717
62676161
62645686
62645126
62644748
62646000
62645655
62645968
62676313
62645975
62645364
62644900
62646221
62644820
62646291
62676759
62646102
62676507
62646174
62644326
62645198
62646447
62646475
62646511
62644774
62646530
62676824
62646435
62645875
62645411
62646660
62646715
62646700
62677195
62646603
62644739
62645539
62646860
62647086
62646999
62645262
62646967
62677320
62646923
62646363
62645923
62647172
62645411
62647051
62677506
62645843
62647380
62647510
62647444
62647064
62647326
62677730
62647333
62646773
62646459
62647558
62647336
62647550
62677965
62647533
62646973
62646533
62647782
62647560
62646870
62647878
62647533
62647846
62678365
62647904
62646056
62646856
62648177
62648256
62648292
62678693
62648624
62678444
62646946
62647248
62647690
62648598
62648130
62648494
62678890
62648450
62647941
62647450
62648822
62648850
62648886
62679258
62648717
62646904
62647527
62648848
62678877
62647408
62648729
62679283
62647627
62648876
62679219
62647987
62648972
62679457
62648981
62647103
62647852
62649245
62648972
62649288
62679676
62649148
62648588
62648199
62649520
62649490
62649526
62647803
62649494
62679911
62649501
62648941
62648501
62649750
62649477
62649793
62680267
62649739
62649179
62648739
62649844
62648912
62650001
62648353
62650007
62680451
62650027
62649416
62648976
62650297
62650376
62650289
62648552
62649785
62680688
62650302
62649742
62649329
62650650
62650715
62650628
62648867
62650623
62680925
62649993
62650850
62649065
62649433
62650970
62649096
62650952
62681141
62650822
62650262
62649822
62651143
62650374
62651108
62649021
62650942
62651126
62651260
62681595
62651470
62651287
62650598
62651097
62650073
62651487
62651193
62650874
62681717
62650233
62651842
62651835
62651871
62682243
62651702
62682080
62650518
62650595
62651035
62652020
62651747
62652063
62682600
62652481
62650137
62651009
62652330
62650929
62652349
62682801
62652681
62650337
62651137
62652314
62651273
62652498
62650761
62651834
62650523
62651505
62652583
62652289
62652602
62682984
62652595
62652035
62651585
62652957
62652561
62652826
62683329
62653260
62650916
62651737
62653058
62653041
62653098
62651426
62653008
62683396
62653015
62652455
62652056
62653240
62653104
62653355
62683922
62653272
62651343
62652331
62653515
62652504
62653528
62651856
62653089
62683721
62652288
62652423
62652592
62653803
62684373
62654224
62683923
62652536
62654008
62654087
62654123
62652253
62653486
62714999
62683605
62684998
62685077
62685134
62715386
62684973
62684341
62684004
62685157
62683444
62685149
62687096
62683547
62685195
62683899
62684734
62685591
62683782
62684855
62715656
62684139
62685706
62685697
62685733
62716228
62685622
62683707
62684579
62685879
62685504
62685769
62716243
62685752
62685243
62684803
62686052
62686278
62686191
62716619
62686078
62685518
62685064
62686364
62686317
62686302
62716742
62686213
62684293
62685213
62686513
62686117
62686481
62716834
62686437
62685877
62685413
62686662
62686792
62686798
62717272
62686629
62684765
62685637
62686958
62685125
62686881
62717336
62685622
62687210
62687238
62687253
62717590
62687113
62686502
62686062
62687383
62687100
62687344
62717749
62687252
62686692
62686252
62687501
62687570
62687459
62717812
62686172
62686372
62686490
62687787
62718210
62687618
62685754
62686626
62687875
62686505
62687853
62718268
62687836
62687276
62687177
62688157
62687764
62688077
62718494
62686804
62686623
62687135
62688381
62718761
62688220
62687660
62687248
62688497
62688511
62688547
62719037
62688393
62687761
62687833
62688690
62688273
62688586
62719287
62688631
62688071
62687631
62688931
62687855
62689088
62719511
62689343
62688295
62687855
62689155
62688745
62689109
62719577
62689065
62688505
62688545
62689314
62688969
62689282
62719608
62688074
62688260
62688364
62689538
62687996
62689543
62719896
62688270
62688398
62688639
62689922
62688062
62689135
62719960
62688559
62690031
62690110
62690074
62688426
62689434
62720368
62688742
62688870
62689046
62690343
62688534
62690239
62720632
62690222
62689713
62689184
62690433
62690526
62690511
62720811
62689156
62689342
62689641
62690743
62721166
62690639
62688710
62689674
62690909
62689796
62690994
62689199
62690890
62721214
62690774
62688840
62689747
62691047
62690774
62690964
62721432
62690971
62690411
62690101
62691422
62690162
62691438
62689752
62691457
62721853
62691413
62690853
62690413
62691662
62691368
62691630
62722149
62690408
62690536
62690637
62691964
62690176
62691249
62722157
62690608
62690016
62691366
62692100
62690414
62692068
62722587
62692126
62691515
62691467
62692324
62690587
62692292
62722632
62691019
62692556
62692604
62692524
62722981
62692869
62691837
62691798
62692813
62690480
62691561
62692663
62722992
62691702
62692933
62691145
62692799
62723371
62692946
62692335
62691858
62693209
62693237
62693273
62723717
62693111
62691247
62692119
62693368
62693522
62693456
62723895
62693367
62692807
62692559
62693616
62724097
62693985
62692953
62692513
62693762
62693380
62693744
62724148
62692485
62694022
62694050
62694086
62724530
62694397
62693365
62692874
62694123
62693778
62694142
62724596
62694098
62693538
62693098
62694347
62692610
62694366
62724756
62693042
62694579
62694672
62694585
62725152
62694496
62693936
62693973
62694758
62693203
62694183
62724989
62693491
62693742
62693809
62695085
62693246
62695002
62725617
62695505
62693246
62693982
62695282
62694958
62695274
62725646
62695257
62694646
62694182
62695482
62695062
62695426
62725741
62694129
62693897
62694382
62695709
62693986
62694957
62725819
62694316
62694567
62694620
62695896
62695596
62695888
62726291
62695881
62695321
62695124
62696202
62694393
62695517
62726342
62694825
62695025
62695129
62696405
62694692
62695714
62726699
62695289
62696610
62694801
62696657
62726781
62695182
62696698
62696339
62696652
62727032
62696683
62696123
62696156
62696946
62695199
62696955
62727243
62696911
62696351
62695846
62697146
62697188
62697245
62727668
62697127
62695249
62696084
62697384
62697060
62697427
62727836
62697373
62695627
62696383
62697755
62697872
62697785
62728150
62697609
62695731
62696552
62697852
62697514
62697779
62728456
62698272
62697240
62696800
62698100
62696819
62698065
62728480
62698099
62696200
62697123
62698321
62698048
62698340
62697008
62698496
62698460
62729078
62698734
62728971
62698531
62697971
62697531
62698903
62697454
62698772
62729224
62698683
62698123
62697683
62697667
62698262
62699068
62698624
62698937
62729346
62698957
62698397
62697957
62699206
62699285
62699342
62697533
62699340
62729641
62699245
62697458
62698221
62699470
62699573
62699609
62699237
62699652
62729967
62699608
62698312
62699421
62699102
62729927
62698461
62698589
62699191
62700048
62698383
62699995
62730347
62700002
62699391
62698900
62700200
62698463
62700319
62699551
62699452
62700432
62700234
62700376
62698720
62700614
62700582
62698430
62699838
62700623
62698814
62700519
62730872
62700577
62699966
62699591
62698834
62700146
62700952
62699194
62700427
62731330
62700879
62700023
62699879
62701128
62700831
62701096
62731687
62701044
62731537
62701191
62701060
62711816
62700231
62701724
62702683
62701031
62702838
62733167
62701671
62703208
62703403
62703439
62701695
62702768
62733676
62702178
62702429
62702653
62703836
62703467
62703831
62734120
62702788
62704037
62703706
62704121
62734493
62704104
62703544
62703019
62704388
62703998
62704362
62734715
62704420
62703911
62703536
62704857
62704584
62704900
62735136
62704787
62704227
62703879
62705200
62703391
62705096
62735489
62705130
62704519
62704116
62705365
62705041
62705306
62735702
62705289
62704729
62704289
62705589
62705265
62705530
62735902
62705513
62704953
62704489
62705810
62705551
62705744
62736076
62705727
62703930
62704730
62706051
62736102
62704878
62706127
62704390
62706038
62706223
62736675
62705070
62706442
62736651
62705719
62706418
62704489
62706639
62706730
62705377
62706362
62706567
62706687
62737182
62705455
62706855
62737069
62705695
62706951
62737179
62706055
62706903
62705086
62705767
62706975
62707175
62705431
62707130
62707322
62737691
62706015
62707343
62737400
62706647
62707295
62706654
62707068
62707324
62707509
62737833
62706734
62707570
62737706
62706294
62707882
62706382
62707730
62738321
62707678
62705814
62706614
62708007
62708151
62708122
62706327
62707953
62707350
62707350
62708135
62707958
62707546
62738530
62706840
62707019
62707584
62708420
62706683
62707691
62738794
62708368
62707808
62707368
62708617
62708409
62708660
62739292
62708635
62706771
62707547
62708940
62708947
62708932
62707260
62708965
62739408
62708982
62708371
62707931
62709231
62709037
62709353
62739660
62709220
62708660
62708220
62709541
62709268
62709461
62739793
62709444
62708884
62708444
62709765
62709557
62709808
62740017
62709733
62707820
62708757
62709941
62709805
62709974
62740305
62708722
62710166
62710290
62710275
62708657
62710260
62740548
62710267
62709642
62709473
62710465
62708779
62710484
62740791
62710467
62709842
62709467
62710651
62710443
62710694
62740983
62710718
62710042
62709667
62710902
62711033
62711025
62741424
62710897
62708954
62709956
62711212
62710953
62711132
62741391
62710978
62710418
62710019
62711254
62710930
62711114
62711299
62711040
62711305
62741677
62711288
62710728
62710264
62711513
62711592
62711577
62741837
62711488
62710928
62710488
62711809
62742013
62710344
62711881
62711946
62711859
62742376
62712242
62711261
62710821
62712070
62711797
62712062
62742542
62712110
62710190
62711069
62712318
62712110
62712375
62742642
62712358
62711049
62711317
62712566
62711494
62712719
62710982
62712687
62742994
62712605
62712045
62711646
62712895
62712974
62712959
62711181
62712254
62743161
62712893
62712333
62711893
62713193
62713344
62713257
62743728
62713136
62711272
62712072
62713393
62713192
62713385
62743749
62713368
62711397
62712269
62713566
62711973
62713469
62743737
62712357
62713750
62712749
62713838
62712064
62713704
62744137
62713697
62711849
62712772
62714021
62713274
62713267
62714103
62744368
62712943
62714408
62713998
62714290
62744720
62714307
62713675
62713771
62714679
62712740
62714496
62744908
62714490
62712693
62713555
62714876
62714071
62713785
62714821
62745412
62714828
62714196
62714282
62715139
62713330
62714403
62745214
62713762
62715299
62715378
62715291
62713530
62715170
62713306
62714219
62715468
62715468
62715453
62713716
62715364
62714732
62714828
62715685
62746108
62715516
62713631
62714589
62715838
62715910
62715823
62746257
62715716
62713801
62714687
62715936
62716028
62716064
62714276
62716032
62746398
62716039
62714303
62714988
62716237
62716292
62716400
62714540
62716296
62746641
62716303
62714404
62715290
62716539
62714535
62715421
62716670
62746916
62716567
62714719
62715519
62716912
62716905
62716890
62715177
62716882
62747278
62716889
62716329
62715889
62717138
62716865
62717130
62747707
62717166
62715251
62716137
62717458
62747881
62717769
62716737
62716283
62717604
62715857
62717490
62747872
62717483
62715686
62716449
62717842
62716465
62717834
62748272
62718187
62717171
62716731
62717980
62717721
62717986
62748350
62717969
62717409
62716870
62718290
62718041
62718234
62748598
62718217
62717657
62717217
62718466
62718169
62718434
62748766
62718417
62717857
62717417
62718666
62718355
62718620
62748960
62718579
62718019
62717586
62718835
62718562
62718827
62749418
62718812
62716876
62717810
62719131
62717819
62719137
62749381
62718035
62719284
62717547
62719252
62749699
62719259
62718699
62718259
62719508
62719587
62719572
62750050
62719437
62717573
62718421
62719670
62719814
62719748
62718011
62719716
62750163
62719723
62719163
62718709
62719958
62719743
62720008
62750397
62719947
62719387
62718923
62720172
62720302
62720236
62718550
62720255
62750586
62720262
62719702
62719214
62720562
62718801
62720455
62750837
62720462
62718563
62719435
62720684
62720838
62720823
62719110
62720764
62751146
62720771
62720211
62719771
62721020
62719372
62721091
62719069
62719955
62721276
62719936
62721233
62751776
62721133
62719269
62720069
62721462
62721226
62721358
62751754
62721365
62720805
62720533
62721662
62720113
62721544
62751940
62721565
62721750
62720013
62721661
62719789
62720634
62721883
62721747
62721947
62752477
62721936
62721325
62720871
62722120
62722322
62722170
62720563
62722138
62752531
62722135
62721575
62721135
62722384
62722490
62722482
62720673
62722378
62752760
62722385
62721825
62721361
62722610
62722337
62722578
62752931
62721449
62722842
62722490
62722738
62753083
62722745
62722185
62721694
62722943
62722807
62723079
62753567
62723140
62753457
62722996
62722436
62722047
62723296
62723023
62723288
62753855
62723791
62721687
62722749
62723585
62721834
62722907
62753804
62722242
62722493
62722986
62723771
62722034
62723107
62753950
62722415
62722306
62723159
62724016
62723074
62723638
62723937
62723385
62724281
62724173
62754510
62724245
62723685
62723194
62724494
62724191
62724435
62754767
62724418
62723909
62723882
62724718
62755031
62724605
62723973
62724018
62724926
62724458
62724822
62755167
62724778
62722930
62723802
62725102
62723746
62725217
62755297
62724916
62723068
62723954
62725254
62724834
62725198
62755570
62725195
62724635
62724195
62725567
62725646
62725559
62756024
62725958
62724910
62724419
62725791
62724363
62725711
62756251
62725659
62723795
62724595
62726039
62726067
62726052
62756451
62725910
62723995
62724894
62726317
62726063
62726279
62724535
62726226
62756541
62726182
62725622
62725107
62726509
62724684
62726806
62725635
62725707
62726666
62724830
62726586
62757171
62726987
62756821
62725337
62725033
62726081
62726989
62726521
62726885
62757192
62726817
62726257
62725817
62727189
62726355
62727191
62725431
62726664
62757347
62725863
62726063
62726607
62727464
62725813
62727576
62757713
62727330
62726770
62726381
62727630
62727685
62727742
62758165
62727573
62725709
62726509
62727902
62727198
62728055
62727741
62728006
62758525
62727998
62726120
62726869
62728262
62727469
62728326
62726582
62728294
62727670
62728477
62728390
62758754
62728328
62727717
62727277
62728649
62727211
62728580
62759082
62728418
62726605
62727470
62728863
62728853
62728838
62726978
62728683
62759137
62728690
62728130
62727755
62729055
62728693
62728958
62759501
62728974
62727161
62727873
62729317
62727926
62729346
62759682
62729597
62727218
62728155
62729527
62729606
62729642
62729318
62729487
62759615
62728163
62727931
62728416
62729764
62729515
62729780
62760123
62729691
62727955
62728691
62729940
62730019
62730076
62728291
62729415
62760175
62728723
62728974
62729443
62730372
62728491
62730145
62760578
62730203
62729643
62729203
62730452
62729451
62730612
62728779
62730484
62760823
62730542
62728680
62729491
62730842
62730833
62730927
62729057
62730799
62761130
62730755
62728968
62729755
62731004
62730796
62731061
62761483
62731448
62730432
62730006
62731255
62731245
62731230
62729469
62730542
62761594
62731321
62733028
62729530
62731178
62729882
62731579
62731492
62761880
62731533
62729797
62730420
62731789
62731530
62731795
62762248
62732243
62729899
62730610
62731952
62730612
62731981
62762405
62731819
62729941
62730806
62732148
62732265
62732250
62762673
62732081
62730131
62731089
62732410
62732092
62732306
62762852
62732268
62731657
62731708
62732514
62730705
62732410
62762905
62732441
62731881
62731492
62732690
62732745
62732802
62763201
62732660
62762942
62731425
62731676
62732206
62732991
62732790
62732983
62763493
62733438
62731382
62733206
62733119
62763320
62731836
62733373
62733452
62733416
62731703
62733408
62763753
62733415
62732804
62732364
62733613
62732812
62733722
62731937
62733642
62764075
62733714
62764167
62733727
62731991
62732727
62733976
62734055
62734040
62764535
62734087
62732079
62732858
62732935
62733025
62734346
62733577
62734434
62734068
62734405
62764865
62734874
62732530
62733272
62733328
62733920
62734705
62734432
62734769
62765157
62735152
62732794
62733536
62735001
62733904
62734993
62733256
62734961
62732960
62734024
62735225
62733453
62735107
62765479
62735141
62734530
62734090
62735390
62735514
62735499
62733690
62735395
62765684
62734122
62734322
62734829
62735686
62735392
62735657
62766248
62735728
62765946
62735728
62733992
62734677
62735926
62735776
62736092
62766479
62735930
62766220
62736002
62734116
62734858
62734698
62735530
62736387
62735034
62736403
62766663
62736314
62734578
62735314
62736635
62735538
62736627
62734952
62736585
62767002
62736592
62766866
62735400
62735600
62736144
62736929
62767424
62736840
62736280
62735792
62737089
62736816
62737081
62767413
62737064
62735328
62736101
62737350
62736008
62737449
62735640
62737345
62767762
62737352
62735480
62736352
62737601
62737752
62737665
62735928
62737633
62768248
62737872
62768010
62737728
62737168
62736728
62737977
62736672
62738041
62736379
62738033
62768437
62738091
62736376
62737026
62738326
62738368
62738353
62736578
62738385
62768686
62738341
62736554
62737290
62736842
62737832
62738689
62736918
62738623
62768962
62737350
62738887
62736533
62738926
62738743
62769149
62737480
62739017
62739161
62739074
62738702
62739039
62769408
62739059
62769415
62739147
62738587
62738184
62739433
62739223
62739539
62769983
62739586
62737455
62738385
62739634
62739409
62739674
62770126
62739548
62739039
62738599
62739848
62739855
62739840
62770356
62740223
62739191
62738700
62740123
62740257
62740163
62738433
62740124
62770476
62740182
62739210
62739402
62740315
62738657
62739825
62770586
62739024
62738720
62739729
62740553
62738881
62740521
62770746
62739464
62740785
62740440
62740705
62771077
62740664
62740104
62739664
62739216
62740192
62740977
62739240
62740945
62771341
62740952
62740392
62739952
62741201
62741000
62741316
62771703
62741154
62771398
62741226
62740666
62740226
62741547
62740290
62741515
62741266
62741531
62771860
62740234
62740434
62740978
62741763
62741490
62741827
62772322
62741802
62772070
62741802
62741242
62740816
62742065
62742069
62742054
62772525
62742214
62772242
62742056
62740320
62741070
62742319
62741217
62742370
62740726
62742540
62740446
62741281
62742530
62742380
62742645
62740932
62742637
62773033
62742644
62740772
62741572
62742944
62742948
62743056
62742626
62743014
62773359
62743367
62740951
62741874
62741981
62742423
62743310
62743434
62743398
62741559
62743417
62774083
62743389
62741460
62742178
62743529
62742424
62742387
62742437
62743758
62742511
62743736
62743466
62743803
62742081
62742866
62743974
62774166
62742427
62742819
62743363
62744220
62742476
62744116
62774569
62744544
62742251
62742993
62744437
62744113
62744480
62774833
62743156
62744744
62743511
62744736
62744302
62744615
62774997
62744622
62742886
62743547
62744868
62744537
62744802
62775299
62745259
62743035
62743785
62745106
62744313
62745098
62744897
62745162
62743425
62745154
62775601
62745129
62743251
62744065
62745386
62745588
62745522
62745046
62745383
62775977
62745536
62775757
62745360
62775872
62745568
62775682
62745496
62775828
62745546
62775804
62745600
62743642
62744521
62744512
62744664
62745985
62746129
62746100
62745632
62746092
62776479
62745981
62744066
62744873
62744980
62745081
62744417
62745094
62745511
62745110
62746407
62745222
62745654
62745019
62776632
62745890
62744830
62746703
62745302
62776746
62746641
62746864
62744672
62746751
62744685
62746765
62745219
62747143
62746964
62745380
62747304
62747097
62745513
62747314
62747193
62745558
62747410
62747303
62747111
62746703
62747456
62746367
62778100
62747720
62747527
62747335
62746999
62747738
62746539
62778272
62747834
62747705
62747658
62747185
62747941
62746945
62778109
62748130
62746887
62747319
62747991
62746407
62748331
62748073
62778718
62748338
62748366
62747014
62748654
62746490
62746929
62746265
62748402
62778965
62748534
62747874
62747394
62748548
62779139
62748837
62747580
62778926
62748875
62747755
62779447
62749067
62747135
62748936
62747730
62779560
62749186
62747857
62779542
62749333
62747953
62779807
62747657
62749290
62748177
62779875
62749444
62749323
62749275
62747469
62749637
62749502
62748508
62779928
62748435
62749694
62749172
62749581
62748628
62749924
62748075
62780404
62748059
62749954
62749959
62750073
62749859
62748697
62748883
62749004
62750197
62749805
62749861
62748501
62748547
62748579
62748525
62749973
62748270
62750660
62750548
62750556
62750588
62750661
62750632
62750664
62750761
62750793
62750774
62750857
62750865
62750873
62750433
62750489
62750936
62750968
62750973
62751056
62751023
62751106
62751087
62751119
62751151
62751210
62751215
62751223
62751255
62751287
62751335
62751343
62751426
62751496
62751699
62751707
62751691
62750855
62781793
62782067
62750139
62752066
62750858
62751002
62750809
62751905
62751376
62752208
62752230
62751445
62782287
62782731
62751923
62751644
62752197
62752296
62752428
62750477
62750652
62751578
62782457
62782928
62752192
62751472
62751344
62752440
62752529
62752633
62752665
62752054
62782992
62751094
62751651
62752723
62752980
62752123
62751217
62751609
62752978
62751817
62751447
62751799
62753120
62783474
62752111
62753367
62751482
62751607
62753269
62753454
62751693
62753331
62751445
62752365
62753700
62751905
62753661
62784001
62753692
62753081
62754018
62753756
62752270
62753738
62753842
62784024
62752723
62753972
62784665
62752750
62754119
62784483
62752883
62754132
62784226
62753331
62754290
62784236
62753000
62754311
62784442
62754487
62754182
62754439
62784691
62753303
62754415
62753702
62752768
62753170
62754563
62752524
62754394
62754482
62754667
62754428
62753501
62753451
62754823
62784901
62753657
62754957
62785452
62754868
62754236
62753950
62755117
62785725
62755083
62753262
62755412
62755250
62753321
62754708
62755507
62785803
62754364
62755613
62785756
62754666
62755627
62753647
62754680
62755881
62755560
62755787
62786038
62754706
62756092
62756120
62756019
62786559
62755940
62755394
62754892
62756285
62754380
62756085
62786502
62756092
62754169
62754948
62754294
62755080
62755612
62755244
62755015
62755411
62755306
62755191
62756304
62754425
62755188
62756560
62755767
62756552
62756605
62756483
62756676
62757043
62755664
62756768
62754970
62787100
62756058
62756972
62757004
62757060
62755639
62787522
62787345
62756306
62757080
62757053
62757030
62757309
62787505
62756074
62757278
62757406
62787882
62756226
62757526
62787732
62756308
62757680
62757287
62756968
62787915
62756303
62756503
62756995
62757766
62757021
62757878
62756621
62757111
62757759
62757739
62788200
62757961
62788353
62758213
62788702
62758178
62757854
62758386
62758414
62758450
62757193
62756371
62758297
62788722
62758517
62758553
62758157
62758740
62758443
62758841
62758897
62758892
62757539
62756775
62758722
62789199
62758963
62759042
62757453
62758879
62789629
62759195
62758003
62789252
62759147
62759363
62757250
62758808
62789841
62759395
62759044
62759453
62759356
62757772
62759573
62759442
62759370
62758469
62759835
62759770
62757725
62759876
62758441
62758151
62759125
62759905
62758806
62790466
62760032
62759475
62759298
62790097
62760136
62758793
62790618
62760173
62760007
62760223
62758076
62760144
62760039
62758607
62760161
62758993
62759083
62760257
62760399
62759152
62760569
62759168
62758476
62760446
62790974
62760517
62760429
62760694
62759437
62790868
62760667
62760818
62760031
62760736
62760924
62760006
62760708
62760733
62759933
62760918
62791089
62760929
62760000
62759052
62760960
62760321
62791061
62761113
62759795
62759494
62760879
62791392
62761191
62760477
62791539
62761346
62760127
62791855
62761480
62760079
62759802
62759943
62761522
62760529
62791926
62761836
62761517
62761563
62791818
62761780
62762117
62760586
62792274
62759837
62761926
62760501
62761733
62792199
62762108
62761412
62760853
62760449
62760387
62762231
62762096
62761037
62792739
62761491
62762415
62761135
62760255
62762553
62761176
62762031
62760420
62762595
62762440
62762744
62760675
62762121
62762854
62792914
62762871
62762742
62761598
62761078
62760809
62762925
62762756
62762161
62793090
62763097
62763404
62761886
62793545
62761844
62763127
62762052
62761508
62762526
62763365
62763188
62762215
62763231
62793926
62762786
62763597
62763417
62762379
62763264
62793862
62762861
62763772
62763762
62762934
62763609
62763892
62794231
62762634
62763808
62762469
62763598
62794062
62764038
62763923
62763987
62763052
62763766
62794518
62794314
62762244
62764405
62764402
62764452
62764272
62763086
62763447
62794761
62764728
62764541
62763359
62764919
62795078
62763475
62764920
62764166
62763572
62764653
62795330
62765196
62765067
62764997
62763952
62765344
62763327
62795615
62795314
62763193
62764082
62765451
62765318
62765422
62765454
62765500
62765549
62765495
62765513
62765696
62764000
62765746
62765668
62765854
62765662
62764558
62765112
62765654
62764136
62764284
62796575
62796162
62765328
62764429
62766048
62766019
62766139
62766229
62796190
62763956
62766284
62766051
62764947
62765126
62765974
62796870
62764286
62765298
62766530
62766538
62766409
62765190
62765366
62766785
62766345
62764985
62765068
62765025
62765057
62765044
62765076
62765057
62765113
62765131
62765112
62765158
62766657
62766665
62765257
62766705
62766686
62766694
62766870
62766982
62767361
62767407
62766155
62765994
62767279
62766199
62765803
62767524
62767462
62766241
62766418
62767000
62767808
62767415
62766069
62766101
62766084
62798348
62798431
62798487
62798241
62798535
62798508
62766261
62768016
62766691
62767481
62768399
62768007
62768018
62766607
62766663
62766682
62798801
62798593
62766503
62766447
62798638
62798651
62798678
62799065
62799009
62799041
62799115
62767004
62766985
62766993
62768417
62768456
62768539
62768984
62767814
62767757
62767888
62768251
62767805
62767765
62767838
62767764
62769025
62799550
62799273
62767414
62767323
62769412
62769331
62767796
62799750
62767636
62768542
62768166
62767786
62799758
62767967
62769723
62769686
62768381
62769914
62800311
62767815
62769939
62770008
62769240
62770333
62768562
62768909
62770192
62769748
62769855
62769829
62768455
62768494
62769897
62769995
62770078
62770431
62770063
62770167
62770538
62770707
62769409
62770566
62770642
62770701
62770805
62769460
62769836
62769380
62769282
62769293
62770629
62770869
62770774
62770878
62770999
62771103
62771084
62771136
62769848
62769894
62769302
62771166
62771069
62771077
62771199
62801647
62801679
62801484
62801481
62801537
62801673
62771203
62770407
62771532
62771140
62771247
62771255
62769871
62769944
62769925
62769957
62770249
62770099
62770196
62771723
62772049
62771346
62770798
62770686
62772001
62771540
62772184
62772322
62772245
62771049
62770156
62802677
62772143
62771229
62771189
62772371
62772446
62772502
62771833
62771500
62772631
62772912
62772779
62772825
62773001
62772909
62772989
62772105
62770852
62803281
62803436
62771198
62773193
62772278
62771760
62772622
62803167
62803263
62773184
62773267
62773152
62773211
62773219
62773443
62773403
62773541
62772178
62772620
62803684
62803795
62771836
62772276
62804108
62773502
62804001
62773574
62772932
62773951
62773727
62804188
62772567
62773960
62772724
62772780
62772849
62772858
62772832
62772696
62774531
62774083
62774262
62773043
62804372
62804811
62774082
62773645
62773093
62774323
62773977
62774526
62774507
62772434
62805000
62774312
62773322
62774418
62774599
62773152
62805117
62772944
62774440
62774886
62773633
62773384
62774723
62774799
62774903
62775041
62774950
62774940
62775120
62775152
62775184
62775165
62774438
62805335
62805704
62774915
62774557
62773981
62775211
62775211
62775424
62775435
62774623
62805647
62805607
62805930
62773785
62775565
62774323
62775559
62775138
62775701
62775819
62773773
62805871
62774166
62775949
62774786
62774482
62776331
62775907
62776011
62775257
62777686
62774805
62774711
62774678
62775969
62775928
62775488
62776204
62776308
62774523
62806426
62774454
62775502
62775070
62776258
62776542
62775111
62806758
62776087
62775395
62776534
62806867
62776513
62776634
62776741
62776722
62776826
62776909
62776890
62776146
62774938
62807447
62776620
62777148
62775909
62776926
62777005
62777157
62775910
62775136
62807304
62807652
62775870
62776363
62777155
62777388
62777441
62807669
62775705
62776296
62777258
62777477
62777574
62807631
62775788
62776386
62777714
62777739
62776392
62807884
62776082
62776696
62776434
62777099
62777910
62777963
62808239
62777602
62776794
62808210
62808171
62808550
62778138
62776868
62777978
62778067
62778267
62778425
62778344
62777870
62808606
62777097
62778343
62778389
62776724
62778028
62777304
62777278
62778804
62778915
62778923
62778285
62809250
62777237
62777893
62778941
62779149
62779181
62809174
62777357
62777965
62779037
62779342
62777429
62777616
62778269
62779283
62779468
62779537
62809679
62777846
62778829
62779475
62779660
62778139
62810115
62778491
62779563
62779697
62778443
62810048
62779895
62779737
62779922
62777897
62810355
62780113
62779849
62780034
62779987
62777938
62778295
62780122
62780054
62780230
62778660
62810494
62778481
62779137
62779179
62779166
62779040
62780715
62780421
62780474
62778449
62778913
62779367
62780613
62780761
62778623
62780424
62779544
62780704
62780846
62811066
62780673
62779625
62780977
62779288
62811280
62781034
62779528
62780220
62779928
62779816
62780043
62779976
62781123
62781185
62781361
62811461
62780990
62780182
62781462
62781439
62779489
62779713
62779759
62780391
62781477
62781662
62780419
62812216
62780555
62781678
62781863
62780260
62812168
62781483
62780675
62781784
62781830
62812189
62781763
62780825
62782180
62782157
62782165
62782183
62781436
62812794
62782115
62781173
62782813
62782526
62782568
62780495
62780815
62781591
62812673
62780514
62812918
62782313
62781905
62780748
62813424
62782767
62781866
62783509
62782296
62781996
62782483
62813287
62813584
62783101
62782098
62783166
62783299
62782070
62813735
62783159
62782156
62783394
62783426
62813685
62783510
62782062
62783024
62783661
62813629
62783136
62782277
62782924
62783776
62813816
62783300
62782417
62783672
62782535
62814123
62783781
62782562
62784130
62783959
62782243
62814189
62782146
62814485
62783800
62782763
62784122
62784109
62782039
62782387
62782868
62782146
62814012
62782415
62783013
62784275
62784417
62783494
62814431
62783975
62782975
62782843
62782429
62784641
62784539
62784047
62783578
62784739
62784879
62784970
62815122
62783245
62783894
62785054
62785175
62784387
62783419
62784017
62785348
62783739
62784038
62785678
62785463
62784158
62815723
62785131
62784155
62785359
62785498
62815844
62785623
62785318
62785551
62815664
62785665
62786082
62785771
62785786
62783754
62816231
62784514
62784618
62785579
62785485
62784701
62785821
62786078
62785249
62816381
62786221
62786046
62786217
62785367
62816737
62785041
62786461
62786373
62816483
62785028
62785022
62786309
62784812
62817056
62785718
62786326
62785106
62786231
62785368
62786576
62786748
62785464
62816863
62786371
62785600
62786767
62786833
62785923
62785598
62786916
62787020
62785182
62817550
62786496
62787128
62787385
62785264
62817773
62786724
62787448
62786069
62786025
62787121
62787296
62787386
62817401
62787107
62786234
62787411
62785605
62787266
62817967
62787344
62787800
62786362
62787782
62787859
62818217
62788021
62786580
62787874
62786513
62818344
62788112
62786664
62788239
62786142
62787885
62786786
62788069
62788344
62818438
62788102
62787975
62788095
62787361
62818622
62787210
62788151
62788279
62818565
62788527
62788222
62788393
62787594
62786420
62787005
62786807
62818523
62788071
62787188
62788543
62788622
62818828
62788682
62788463
62788720
62819013
62788858
62788519
62788717
62786743
62786951
62787439
62788602
62787344
62787212
62787478
62788943
62786870
62788770
62789226
62788165
62789141
62789237
62788510
62787542
62787992
62789405
62789507
62789183
62788101
62789638
62819759
62789418
62789588
62789749
62819877
62788606
62789080
62788626
62789559
62789788
62819995
62789923
62789858
62789954
62789118
62788379
62788847
62789986
62788547
62820501
62789387
62790062
62790204
62820504
62790370
62790153
62790191
62790442
62820498
62790150
62790300
62790461
62789748
62788728
62789251
62790390
62788848
62788794
62790415
62790586
62820964
62789334
62790692
62788625
62790406
62790617
62790778
62789942
62788785
62789043
62789692
62790804
62790953
62790835
62790839
62790960
62789343
62821295
62791092
62790951
62791136
62788995
62790779
62789748
62791278
62790544
62789638
62790126
62791573
62790713
62791110
62790086
62791647
62789553
62791710
62791593
62791850
62821837
62791534
62791683
62791916
62789870
62791668
62791815
62792007
62822286
62790833
62792522
62792227
62790442
62790756
62792149
62822353
62791535
62792149
62791556
62791956
62790231
62822510
62790929
62792076
62792306
62822400
62791329
62792353
62791284
62822921
62823103
62791479
62792567
62792658
62790633
62792382
62791396
62792816
62791631
62791289
62791562
62793006
62791005
62793193
62793078
62791612
62791637
62792012
62792044
62793434
62792680
62791818
62792128
62793593
62823618
62792721
62793912
62793676
62823897
62792578
62793006
62791644
62791978
62792541
62793937
62793573
62793759
62793952
62824172
62793191
62793401
62792587
62793762
62792738
62794291
62824310
62794440
62794199
62794335
62794788
62794501
62824696
62794622
62794447
62794581
62824881
62793868
62794633
62794637
62793129
62825121
62793516
62794693
62793966
62792985
62793401
62794849
62792800
62794539
62794771
62793379
62793332
62793659
62795124
62825421
62794373
62795062
62794397
62794965
62795549
62794822
62795021
62793829
62825483
62794030
62795255
62794497
62793556
62793897
62795338
62794577
62793585
62793963
62795442
62793417
62795601
62795867
62795556
62826075
62794478
62795843
62793794
62795633
62795817
62796039
62794248
62794956
62826319
62794736
62795999
62795337
62794509
62794839
62796051
62795396
62795889
62796086
62796384
62796242
62794649
62794588
62796314
62796462
62826849
62795326
62795795
62794484
62794753
62795244
62796609
62826725
62795835
62795943
62795150
62794840
62795259
62796724
62826815
62795679
62796693
62796913
62827357
62795664
62796910
62826986
62795709
62796862
62794957
62796813
62796935
62795815
62795984
62795776
62796004
62797413
62796054
62797375
62796675
62795735
62796134
62797578
62795464
62795835
62796224
62797603
62827954
62796450
62797750
62827836
62796522
62797850
62795811
62797961
62797795
62796020
62797739
62797851
62797995
62798194
62796386
62796717
62798233
62828316
62797104
62798339
62828444
62797303
62798315
62796338
62798546
62798339
62796447
62798655
62797963
62828759
62797683
62798723
62798540
62798744
62796660
62798731
62798644
62797955
62798499
62798689
62797345
62798523
62798779
62798988
62797203
62798841
62797394
62798695
62799002
62799259
62798385
62797355
62797723
62799188
62829309
62798107
62799397
62829532
62798650
62799387
62829689
62798460
62799517
62829710
62798275
62799647
62829888
62798411
62799732
62829775
62798971
62799660
62797819
62799768
62799961
62798928
62800022
62799077
62799498
62799795
62799980
62830400
62798803
62800175
62830213
62799039
62800247
62830266
62799458
62800300
62799697
62798723
62800643
62800454
62800571
62830818
62799311
62800697
62798621
62800918
62800731
62798754
62799671
62800270
62800138
62799674
62801022
62799093
62800280
62800993
62799012
62800376
62801102
62799187
62800561
62801301
62799297
62800343
62801322
62800001
62801210
62801357
62831561
62800771
62799729
62801628
62801511
62801696
62832293
62801668
62801853
62801648
62802077
62800422
62800168
62801918
62800376
62800315
62801963
62800289
62801217
62832299
62802330
62802157
62800861
62800677
62801117
62802619
62801813
62800818
62801337
62802628
62802759
62832784
62801670
62802865
62800785
62802446
62802766
62802927
62801129
62802818
62802914
62801136
62802835
62801419
62802836
62803063
62801610
62802799
62802980
62801927
62802998
62803109
62802324
62803145
62803034
62801119
62801466
62802980
62803200
62801493
62801810
62803289
62802864
62803148
62803348
62833614
62803117
62802130
62803437
62833854
62803241
62802036
62803528
62801479
62803311
62803450
62803584
62801898
62803495
62801825
62803437
62803661
62801804
62803485
62803755
62803875
62803695
62834150
62802697
62802585
62804291
62804023
62834388
62802832
62804153
62834210
62802853
62804102
62834385
62802692
62804259
62834842
62802927
62804539
62834901
62803037
62804454
62835000
62804341
62803796
62804304
62804443
62802616
62803853
62804470
62834714
62803653
62804638
62834615
62803365
62804853
62804293
62804757
62802701
62803546
62804685
62803613
62805046
62804193
62804184
62804886
62805154
62835181
62803926
62805322
62835542
62804111
62805333
62835753
62805183
62804103
62805037
62805894
62804763
62805351
62805562
62803667
62803820
62804530
62805102
62805168
62804926
62805871
62836095
62804623
62805995
62804262
62805961
62804905
62804800
62806022
62836266
62805030
62806330
62804644
62806678
62806396
62805900
62806474
62805551
62806519
62806366
62836489
62804755
62836477
62806512
62806291
62805192
62804645
62806395
62804913
62806225
62806815
62804708
62805724
62806941
62837120
62806726
62805337
62807045
62806339
62804889
62806048
62807099
62805290
62806989
62806011
62806901
62807203
62805209
62806301
62807307
62837650
62807320
62806613
62806283
62807398
62807652
62805963
62807499
62807756
62806026
62807996
62806833
62806580
62807809
62806431
62807788
62807120
62807596
62807885
62806007
62808133
62807811
62808047
62806008
62808206
62808084
62838206
62838365
62838341
62808270
62808214
62807558
62843057
62842314
62841017
62842353
62843151
62873321
62842002
62843302
62873719
62841845
62843259
62843016
62843226
62842038
62841947
62843436
62873640
62842344
62843665
62873829
62842221
62843767
62874197
62843517
62842787
62842535
62843685
62874204
62844242
62842058
62842839
62843984
62844112
62874505
62844037
62844208
62842471
62844119
62842662
62844417
62844220
62874357
62843126
62844375
62874846
62844299
62843606
62844515
62844275
62874767
62843213
62844558
62844015
62844511
62842419
62843838
62874625
62844686
62844585
62875042
62843589
62844910
62844565
62844820
62875017
62843735
62845070
62844661
62845011
62875362
62843872
62845172
62843487
62845335
62875563
62844083
62845332
62843321
62844667
62845425
62875703
62844543
62845672
62876191
62845549
62843934
62845803
62845746
62844130
62845554
62845764
62845953
62876109
62844763
62846084
62876400
62844664
62846231
62844343
62846024
62844095
62845435
62846268
62876753
62846206
62844187
62845257
62846367
62876841
62846230
62844769
62846169
62846382
62845683
62846637
62844751
62877005
62845459
62846575
62844608
62846754
62846698
62845834
62844965
62846613
62844703
62846897
62846738
62876925
62845592
62846971
62846667
62846918
62877400
62845940
62847124
62845397
62845279
62846624
62847286
62845755
62847640
62847522
62877723
62846430
62847714
62845942
62847582
62846944
62847881
62846597
62847897
62878103
62846536
62846146
62847728
62847883
62878347
62846771
62846539
62847919
62848150
62846166
62847052
62848410
62847997
62847773
62878432
62847164
62848485
62848267
62848357
62878608
62847156
62848429
62846692
62848332
62846543
62847556
62848664
62847168
62848401
62848672
62879248
62847340
62848795
62878916
62848533
62848340
62846934
62848260
62849133
62879382
62847597
62849140
62847445
62849091
62879422
62847956
62849400
62848119
62848896
62879593
62848215
62847890
62849557
62849419
62847606
62849021
62848510
62849838
62880160
62848630
62849941
62849596
62850060
62847942
62849227
62849940
62880245
62848835
62850084
62847451
62848518
62848032
62880382
62849032
62850312
62880512
62848895
62849037
62849154
62850386
62880816
62850225
62848377
62849249
62850471
62848850
62850942
62880672
62849412
62850620
62850474
62850629
62881105
62849383
62850797
62881210
62850626
62850004
62849674
62850923
62849186
62851042
62848910
62849810
62851131
62850793
62851229
62849084
62849908
62851229
62881600
62851030
62850398
62850030
62851204
62850986
62851278
62881433
62850763
62851456
62881780
62850341
62851662
62849918
62851110
62881783
62850473
62850104
62851928
62851769
62882013
62850667
62851919
62850041
62851241
62852104
62882668
62851985
62851058
62849943
62882152
62851131
62852260
62850331
62851681
62852459
62882801
62853021
62850628
62852962
62852789
62882811
62851575
62852824
62851036
62853231
62851895
62852689
62852977
62851332
62852980
62852318
62852315
62853093
62883484
62851809
62853309
62852964
62853202
62883574
62851868
62853429
62853193
62853498
62883951
62851801
62853630
62852947
62853812
62853034
62851867
62852486
62852040
62852188
62853674
62884199
62853615
62852535
62853466
62853679
62883895
62852553
62853994
62853625
62853866
62853813
62854057
62884405
62852829
62854180
62852344
62853679
62884496
62852971
62852544
62854433
62854185
62853245
62854301
62884594
62853127
62854414
62852677
62854824
62853734
62854606
62854460
62884704
62853283
62853037
62854813
62854726
62884969
62853343
62853618
62854860
62854749
62885092
62853661
62854982
62854664
62853294
62855352
62852960
62885408
62853875
62855090
62885620
62853687
62855275
62854817
62854325
62885491
62854137
62855523
62853724
62855837
62853936
62854246
62855597
62854192
62854829
62853586
62855124
62855772
62885894
62854588
62855861
62853916
62855593
62853494
62854632
62855867
62855659
62855975
62886297
62855948
62886381
62854654
62855895
62856080
62886507
62855974
62854078
62855848
62855457
62886378
62854895
62856345
62855871
62886693
62856492
62856337
62855706
62856599
62856518
62886900
62856375
62854554
62855375
62856798
62855565
62856892
62856029
62857021
62856787
62887132
62855607
62856992
62856794
62856967
62854956
62855842
62857067
62856866
62856998
62887295
62855618
62856224
62857166
62887343
62855924
62857245
62856900
62857364
62887451
62855975
62857389
62857447
62857442
62855585
62857290
62855514
62856301
62857625
62857424
62857569
62888205
62857539
62855878
62857065
62857856
62888025
62856501
62856296
62856708
62858005
62857607
62857878
62888185
62856506
62856325
62856745
62858018
62857697
62858091
62888256
62856753
62856967
62858336
62856830
62856810
62858316
62888546
62858126
62857824
62888811
62858395
62857790
62857415
62858804
62856841
62858666
62856845
62857493
62858879
62858383
62858761
62888975
62857759
62858957
62858691
62858949
62889357
62857614
62857505
62858068
62859235
62889700
62859109
62858535
62858263
62859371
62859495
62859374
62859124
62859557
62890059
62859338
62858829
62858802
62859696
62859325
62889827
62858469
62859759
62857995
62859737
62859161
62858694
62859830
62857750
62858071
62858795
62859907
62890306
62859890
62858581
62860344
62858309
62859777
62860120
62858569
62890537
62858852
62858620
62859244
62860288
62890630
62859119
62860440
62858682
62860436
62890585
62859242
62860590
62860197
62860534
62890873
62860643
62891217
62860884
62860828
62858697
62859832
62860954
62859197
62860874
62859047
62859807
62861104
62860783
62860973
62891441
62860980
62859122
62859939
62859570
62860611
62861423
62860156
62861316
62891873
62861220
62891718
62861343
62859631
62860343
62859868
62861743
62861844
62859967
62861525
62892140
62861541
62891945
62860295
62860042
62861063
62861797
62859588
62892447
62862094
62861803
62862111
62861678
62862007
62862070
62862161
62892701
62860843
62861067
62862145
62861944
62892575
62861229
62862564
62862212
62862436
62892647
62861235
62862679
62862502
62862596
62892887
62861299
62862815
62862440
62862732
62893128
62862712
62862189
62861769
62863028
62863083
62863106
62861448
62863016
62893433
62861729
62861165
62862212
62863392
62863013
62863521
62893951
62863395
62862821
62862849
62861862
62863510
62862097
62863784
62863758
62894079
62862461
62863840
62894034
62863514
62863981
62862714
62863194
62863085
62864088
62894613
62864088
62862240
62863088
62862787
62864505
62864404
62894668
62864360
62894794
62864509
62894732
62863338
62864003
62863645
62864819
62864539
62864828
62895201
62864804
62863000
62863784
62864985
62863632
62864994
62895622
62864987
62863952
62864132
62863172
62863993
62865358
62863532
62865555
62863324
62864371
62865583
62865186
62865499
62895908
62865431
62864973
62864871
62865605
62865427
62865788
62896014
62864416
62863848
62864692
62865852
62896375
62865855
62896137
62864661
62866081
62896308
62864671
62866112
62865901
62866073
62896391
62864701
62866194
62865497
62866333
62866046
62866301
62864403
62866368
62868002
62898455
62866858
62867075
62868460
62868250
62898863
62868389
62866653
62867416
62867173
62867667
62868933
62868692
62868987
62899627
62869139
62899308
62867805
62867240
62868098
62869296
62899754
62869146
62868616
62868224
62869658
62869227
62869591
62900176
62869581
62868946
62868970
62869905
62869567
62869764
62900278
62869794
62900164
62869906
62868495
62869969
62868397
62869677
62870192
62900397
62868861
62870110
62869946
62870064
62900538
62870098
62900423
62868858
62869058
62869298
62870291
62869602
62900794
62869730
62870354
62870598
62901050
62870730
62870490
62869882
62869538
62870859
62868985
62870892
62900971
62869403
62869603
62870198
62870836
62901540
62870237
62901316
62870927
62869004
62869876
62871101
62870331
62870267
62870725
62871189
62901384
62869939
62870067
62870161
62869785
62870198
62869924
62870767
62871675
62871754
62871691
62869964
62871717
62902278
62871686
62871065
62870754
62870660
62871228
62872013
62871668
62871934
62902415
62870790
62871411
62871125
62872268
62871899
62872086
62902512
62872048
62872086
62902506
62871077
62872278
62870661
62872502
62872415
62872379
62871009
62870827
62872410
62870599
62871728
62872779
62871402
62872712
62903060
62871419
62870851
62871709
62871387
62872260
62873117
62871271
62872973
62903497
62873489
62871111
62871836
62872415
62872098
62871808
62872360
62873476
62873203
62873444
62903720
62873503
62871733
62872294
62873722
62872625
62873901
62873752
62871877
62872524
62872288
62872732
62873820
62904243
62873720
62904149
62872615
62871995
62872877
62874139
62873842
62873362
62904407
62874201
62874004
62904462
62872763
62872225
62873192
62874257
62872585
62873855
62872718
62904678
62873183
62872820
62873492
62874557
62905052
62874766
62904646
62873078
62873777
62873419
62873899
62873596
62873206
62874020
62874957
62874223
62875032
62874015
62875158
62875261
62875246
62873474
62874567
62875775
62874642
62874673
62875577
62873854
62874920
62905783
62874242
62874096
62906181
62875556
62873624
62874424
62875803
62874532
62875798
62875942
62875965
62875736
62875913
62874185
62875897
62906351
62875853
62874018
62875296
62874959
62874617
62875204
62876176
62906517
62876634
62875637
62875146
62874794
62875289
62876469
62876497
62876605
62876175
62876612
62907029
62876392
62875760
62875552
62875070
62876060
62876896
62875122
62876827
62907337
62876340
62876707
62876905
62876420
62876055
62877304
62876908
62877197
62875592
62876561
62876394
62877404
62907755
62877329
62875368
62876148
62875988
62876394
62876032
62876950
62877793
62876696
62877813
62876597
62877925
62877806
62878140
62876331
62878087
62908678
62878147
62908541
62876850
62878243
62876255
62877131
62877214
62877350
62878503
62878654
62878567
62878260
62878693
62877021
62878661
62909105
62878626
62876782
62877500
62877346
62878843
62909245
62877556
62877433
62878078
62879218
62878876
62879146
62878052
62878596
62879518
62879050
62879390
62909810
62879349
62877439
62878174
62877956
62878413
62879573
62878357
62879699
62879302
62879653
62877878
62879658
62878350
62877696
62878630
62878638
62879758
62879960
62910549
62880378
62910193
62880059
62879434
62879073
62878632
62880613
62880331
62910418
62878863
62880359
62910645
62879191
62878908
62879952
62880717
62880400
62880761
62878959
62880705
62911280
62881191
62878760
62879615
62880943
62880167
62880945
62881134
62881170
62880678
62880991
62911435
62879650
62880298
62879557
62880868
62881235
62911692
62881317
62879404
62880125
62879834
62880724
62881632
62881575
62881707
62881738
62881757
62881378
62881640
62879988
62881785
62880103
62881730
62912291
62881728
62911962
62881800
62880030
62880765
62881344
62880925
62880501
62882186
62880226
62881986
62882217
62912621
62881043
62882491
62880411
62881208
62882529
62882088
62882387
62880890
62882543
62912966
62882526
62912872
62882566
62880670
62881443
62882473
62881521
62882920
62882575
62882816
62913313
62882812
62880940
62881791
62881922
62882002
62881674
62882482
62883267
62881455
62883184
62913652
62883120
62881285
62882150
62881918
62882221
62883416
62882650
62882120
62882745
62883441
62881762
62881815
62883490
62882197
62882528
62883739
62883480
62883581
62914127
62882771
62914119
62883583
62913943
62883660
62881839
62882410
62883195
62882608
62883932
62914395
62884353
62914265
62883945
62882114
62884009
62882188
62882803
62883523
62883059
62882734
62883459
62884396
62883259
62884631
62884624
62884647
62884368
62884585
62882755
62882517
62883512
62884812
62885031
62885074
62915460
62884895
62915084
62883551
62883229
62884976
62882930
62883247
62883896
62884933
62884197
62884767
62884061
62884480
62885291
62915682
62883874
62885339
62915687
62884018
62883789
62884202
62885448
62883639
62885344
62915879
62885583
62915773
62885333
62915809
62885513
62885022
62885738
62885964
62884393
62884212
62885239
62885963
62885720
62885954
62916324
62886121
62916262
62885950
62884129
62884734
62884145
62884894
62884240
62884947
62885072
62885179
62885656
62885000
62884487
62885078
62885777
62885382
62884975
62885422
62886794
62886887
62886821
62885060
62886717
62917281
62886652
62916990
62886606
62917118
62886902
62916969
62885940
62886569
62887009
62917292
62886905
62917335
62886964
62917455
62887052
62917355
62887140
62917681
62887204
62917491
62887268
62917652
62887346
62885460
62886257
62887619
62886330
62887617
62886832
62886584
62887880
62887556
62887944
62887548
62887957
62886155
62887898
62918516
62888154
62918292
62887959
62918342
62887958
62885990
62886742
62887393
62886895
62886565
62887776
62886217
62888188
62888159
62886398
62888280
62886545
62918461
62888144
62887732
62918543
62887163
62887790
62887542
62888708
62888275
62888626
62919258
62888765
62919276
62888716
62918952
62887519
62886944
62887546
62888122
62887829
62887813
62888408
62889375
62889382
62889244
62888899
62889250
62919875
62889303
62919799
62889287
62888655
62887728
62889354
62887476
62888242
62888818
62888474
62889630
62888950
62889793
62889603
62887660
62888535
62889907
62888786
62889963
62889530
62889918
62920420
62889944
62888378
62890005
62888303
62890082
62888547
62890126
62920569
62890642
62920290
62890043
62920416
62890134
62920507
62890160
62920461
62890224
62920608
62890237
62888573
62889566
62890578
62890498
62888778
62890367
62921007
62890661
62921037
62890604
62920848
62890676
62888725
62889501
62889520
62889692
62890924
62889715
62888958
62889985
62888920
62890331
62890945
62921144
62890813
62890907
62921442
62890941
62921215
62891043
62889171
62889923
62889194
62890200
62889728
62890632
62891503
62891496
62891532
62891146
62891483
62889353
62922007
62890301
62890501
62891086
62891905
62891926
62891887
62890150
62891855
62922518
62891905
62922163
62890718
62891294
62890926
62890910
62891055
62892390
62891078
62892361
62891944
62892425
62890544
62892365
62890697
62892594
62892167
62892662
62890275
62890773
62891477
62892657
62890920
62892625
62923349
62892976
62923165
62892832
62892248
62891702
62892343
62923315
62892931
62923269
62891701
62892325
62891988
62891234
62892048
62892998
62893313
62891576
62893281
62923830
62893345
62923905
62893447
62923902
62893635
62923871
62893753
62923959
62893708
62924041
62893837
62924073
62893901
62924364
62894512
62924428
62894638
62924371
62894093
62924542
62893019
62893765
62924513
62893094
62893256
62893439
62894599
62924885
62894551
62924754
62894550
62924818
62894593
62924957
62895119
62925045
62895153
62924876
62894737
62925031
62894728
62925124
62894830
62893138
62895338
62893434
62893994
62895062
62893877
62895153
62894432
62895326
62895344
62895253
62894546
62895355
62894170
62895545
62894306
62895462
62894332
62895348
62895353
62926023
62894667
62926010
62896177
62893887
62894564
62894332
62894861
62894104
62894737
62894340
62894866
62894476
62894865
62895321
62894881
62895371
62895068
62894833
62895153
62894633
62895008
62894536
62895034
62896008
62896391
62896162
62896386
62926883
62896361
62926704
62895105
62894639
62896548
62926985
62896580
62927021
62896638
62927152
62896704
62894782
62897076
62896879
62895180
62897029
62895734
62897226
62897367
62897362
62897366
62897272
62895981
62897422
62895284
62927429
62896078
62895846
62896457
62897774
62896476
62896932
62896489
62897759
62895854
62897610
62896068
62897712
62928301
62897803
62928285
62897877
62928440
62898370
62928295
62897962
62928439
62897584
62896415
62898216
62897775
62898221
62897931
62898128
62896569
62898117
62896503
62898232
62896632
62898392
62897241
62898494
62897203
62898654
62897803
62898246
62897143
62898536
62897646
62898693
62898341
62897303
62897489
62898098
62898842
62897592
62898978
62898705
62899042
62899063
62899062
62899164
62899108
62897789
62899185
62897349
62899027
62929667
62899210
62898934
62899291
62898960
62899274
62898529
62897363
62897988
62897410
62899360
62929807
62899906
62929749
62899416
62929893
62899446
62929960
62899137
62898307
62899621
62930074
62899500
62930138
62900067
62930224
62899840
62930166
62899829
62898229
62900030
62898286
62900001
62899721
62900065
62898318
62900184
62898525
62900268
62900271
62900328
62899211
62900621
62931000
62899078
62900519
62900393
62900647
62931105
62900007
62930956
62900520
62930894
62900639
62931049
62900668
62931194
62900175
62931407
62900083
62900606
62900229
62931252
62900892
62931530
62900966
62931420
62901095
62931489
62899917
62899298
62901272
62899876
62901503
62899992
62901605
62899967
62901668
62900027
62902249
62900385
62901651
62901666
62900059
62901552
62901787
62901948
62901237
62900716
62900759
62900455
62900949
62900933
62900962
62902320
62901503
62902360
62902402
62902264
62901946
62932535
62901151
62902414
62932719
62901243
62900606
62901595
62902724
62901955
62902740
62902518
62902927
62901234
62902933
62901312
62902976
62901390
62903054
62901526
62903145
62933749
62903198
62901510
62903225
62901574
62903340
62903054
62903596
62902460
62902309
62902195
62902778
62902245
62933861
62903636
62934208
62904004
62934328
62903262
62934522
62902946
62903834
62903103
62902197
62903902
62934528
62904058
62934345
62904064
62934359
62904053
62934340
62904065
62934366
62904078
62902257
62903057
62902732
62903220
62903252
62903295
62902981
62903215
62902934
62903766
62903135
62903319
62902957
62903461
62902479
62905062
62935094
62904749
62903135
62904775
62903086
62904859
62935326
62904907
62935366
62904884
62903413
62904908
62903863
62903478
62903890
62903565
62904960
62935295
62903683
62903142
62903958
62903726
62904101
62903307
62904230
62904176
62904256
62904217
62904311
62905632
62903823
62905528
62903925
62905654
62903921
62905650
62936239
62905728
62904073
62905778
62905662
62905986
62904876
62906101
62905301
62904622
62905041
62905473
62904848
62904280
62904898
62905641
62905150
62905682
62905108
62905625
62936643
62905349
62906313
62936935
62905959
62936952
62905924
62936985
62905964
62937144
62906749
62905057
62906944
62906914
62906971
62937222
62906750
62937136
62906995
62937343
62906949
62905270
62907033
62906784
62907179
62906862
62907250
62907012
62907304
62906922
62907382
62906949
62907177
62907399
62905624
62907380
62937906
62906747
62938121
62907687
62937843
62937420
62906119
62905743
62906350
62906124
62906626
62906116
62906552
62905809
62907745
62938243
62907788
62938204
62908061
62938225
62907944
62938435
62907995
62938456
62908062
62938352
62908543
62938358
62908121
62938498
62908208
62938727
62908422
62908204
62908639
62908565
62907000
62907389
62906992
62907457
62907824
62907398
62907953
62907585
62907993
62907698
62906936
62908720
62939109
62908685
62939248
62909221
62939352
62908840
62907875
62907409
62908737
62909036
62907474
62908064
62909275
62909317
62909240
62909456
62909383
62908372
62907469
62908149
62908851
62907507
62909196
62907896
62908495
62909603
62908600
62909794
62908482
62909181
62940333
62909957
62940479
62909248
62940457
62909509
62940617
62910042
62908425
62910202
62909857
62910218
62909859
62910292
62910583
62910438
62909209
62909685
62909187
62908738
62909213
62909796
62909411
62909802
62909482
62910803
62909570
62910002
62909713
62909618
62909777
62909298
62910874
62941471
62910812
62941272
62910862
62911019
62909296
62910987
62909271
62911160
62910997
62911348
62911454
62911388
62910342
62909755
62911286
62941784
62911856
62941655
62911372
62941890
62911073
62942136
62911609
62942176
62910993
62942353
62911071
62910109
62911859
62911692
62912043
62910196
62911836
62942373
62911284
62942450
62912117
62942530
62910300
62910603
62909984
62910921
62910582
62910971
62911403
62911100
62912356
62911553
62912533
62912444
62912429
62912204
62912551
62911414
62910774
62911365
62911879
62912281
62913095
62911103
62911679
62912867
62912068
62911820
62912692
62943084
62911306
62912320
62911808
62914754
62910982
62912694
62913058
62943593
62913273
62943569
62913121
62943649
62943840
62912384
62913441
62913240
62913529
62912368
62913740
62912538
62911628
62913443
62912484
62913928
62914079
62913995
62912841
62912811
62912816
62912697
62912952
62913319
62913016
62913000
62914204
62914144
62944350
62913145
62914003
62912248
62914385
62914209
62944755
62914218
62944566
62944605
62913337
62914524
62913731
62914581
62913949
62914720
62913975
62914784
62913609
62914837
62913057
62914864
62945469
62914942
62913325
62915195
62915229
62915190
62914050
62913410
62914035
62913398
62914024
62914456
62913683
62915389
62913411
62914321
62914825
62914364
62914988
62914476
62914980
62914588
62913975
62914758
62913899
62914692
62915189
62914797
62913999
62915949
62946280
62916318
62946554
62916172
62914419
62916271
62914664
62916396
62914622
62916372
62946557
62916391
62947041
62916520
62914841
62916691
62916663
62915081
62915490
62915922
62915533
62915993
62914768
62915493
62916725
62916396
62916847
62916085
62915639
62915023
62915679
62916244
62915732
62915788
62915906
62915057
62917058
62947495
62917066
62947578
62917359
62947770
62917178
62947743
62917378
62947730
62917339
62947971
62917564
62915739
62917444
62917243
62917703
62917745
62915601
62916449
62916409
62916578
62916897
62916439
62947939
62917625
62915891
62947925
62917479
62948151
62917689
62916010
62918060
62916038
62917734
62917888
62948253
62918002
62948544
62918151
62948698
62917559
62948599
62918155
62918019
62918401
62918668
62918605
62917406
62917157
62918283
62918698
62918360
62918762
62918431
62918816
62918830
62918931
62918593
62918903
62917923
62917047
62917854
62918372
62917777
62949681
62919035
62949564
62918580
62917673
62949198
62918945
62919265
62949662
62919293
62949561
62919343
62949871
62919911
62949791
62919587
62949997
62919647
62950049
62919680
62918090
62919819
62919546
62919990
62920048
62920071
62918937
62919376
62918778
62918179
62920088
62918206
62920156
62950698
62920222
62918708
62920567
62920574
62920579
62920586
62920585
62920288
62920601
62920704
62919479
62919142
62920596
62951131
62920603
62950936
62920718
62951019
62920782
62951262
62920233
62951507
62921052
62920707
62921137
62921206
62921119
62920867
62921242
62920448
62919584
62920038
62920008
62920102
62920510
62920128
62920574
62920072
62919357
62920054
62919397
62921398
62951685
62921434
62951924
62921541
62952050
62921565
62951794
62921536
62952160
62920631
62921599
62951907
62921670
62952350
62921880
62920314
62922125
62921876
62922190
62921989
62922377
62922408
62922465
62921696
62921189
62921320
62921824
62922368
62922462
62920543
62921405
62921056
62921469
62922048
62922621
62952945
62922699
62953240
62922806
62953443
62922956
62921315
62923030
62922938
62923217
62921559
62923096
62922991
62923270
62921081
62953790
62923387
62953638
62922130
62921511
62923474
62953767
62923780
62954068
62923772
62954073
62923601
62954217
62923703
62954214
62923767
62954100
62924255
62954338
62923839
62954323
62924091
62954476
62924031
62922353
62924154
62923905
62924317
62924116
62924381
62924282
62924445
62924582
62924492
62923501
62924576
62954855
62923402
62922427
62923828
62924558
62924375
62922525
62923280
62922640
62923347
62923944
62923678
62923120
62923756
62923665
62923759
62924205
62923748
62924345
62923833
62924409
62923897
62955440
62925172
62955454
62925195
62955617
62925297
62955813
62924952
62955935
62924846
62923885
62925635
62923884
62925846
62925401
62925924
62925318
62925799
62925892
62925644
62956100
62925883
62924764
62926062
62926237
62926127
62924455
62925975
62924307
62926053
62924491
62926247
62924428
62926345
62926321
62926378
62925149
62926388
62928082
62924275
62925216
62924394
62925280
62925027
62925555
62926781
62925456
62924685
62925492
62925582
62925614
62924727
62925691
62925154
62926048
62925667
62925658
62926042
62925468
62957259
62926804
62957308
62926270
62957476
62926877
62926652
62925494
62925790
62925006
62927065
62957617
62926738
62957862
62927226
62925650
62927386
62926990
62927334
62926406
62927127
62927694
62957541
62927416
62957684
62927415
62957889
62927914
62957761
62927622
62957906
62928043
62958016
62927722
62926043
62927916
62927612
62927949
62926212
62927860
62925974
62926644
62927268
62926821
62927274
62926762
62926043
62927979
62958454
62928289
62958808
62928346
62958810
62928211
62958713
62927554
62958715
62928164
62958769
62927121
62927443
62928197
62958678
62928086
62958927
62927720
62958962
62928460
62958985
62928538
62959164
62928130
62959193
62928666
62927039
62928744
62928420
62928880
62927565
62927323
62927800
62927152
62928914
62959493
62928573
62959650
62929147
62928874
62929235
62928890
62929299
62929364
62929311
62929062
62929447
62929512
62927824
62929248
62929309
62927488
62959570
62928122
62929477
62928411
62929861
62928942
62929703
62928931
62929743
62928985
62929893
62929100
62928188
62928676
62927991
62928740
62928724
62928743
62929941
62930206
62930332
62930245
62930219
62930255
62929158
62930312
62929055
62930328
62929183
62930221
62929578
62928813
62929188
62929671
62929057
62960631
62930335
62960885
62930505
62928813
62930724
62930741
62930665
62929793
62931005
62929595
62930150
62929484
62928919
62930841
62961302
62931326
62961321
62931031
62961653
62931081
62961733
62931112
62931114
62931211
62929450
62931216
62929523
62931352
62931089
62931512
62930329
62931483
62930336
62930785
62930225
62929647
62931573
62962063
62931796
62930104
62931816
62931533
62931976
62931105
62931986
62930729
62931182
62930611
62962347
62962321
62930868
62930801
62930960
62930570
62930931
62931424
62931009
62932418
62962625
62930932
62932295
62962748
62931128
62932318
62962880
62932496
62962842
62931841
62962952
62932476
62930760
62932598
62932216
62932625
62932482
62932932
62932956
62932869
62932920
62932884
62963018
62931659
62931441
62931939
62932292
62931681
62931003
62933028
62963246
62933578
62931605
62931094
62931901
62931271
62933142
62963603
62933353
62963865
62933488
62932483
62931998
62932452
62963856
62933675
62931907
62933831
62932748
62933871
62932666
62933056
62932397
62964002
62933816
62964168
62933853
62964470
62933954
62964451
62933720
62932486
62934069
62964477
62934082
62964621
62934642
62964647
62934229
62964893
62934409
62932224
62964581
62933169
62933694
62933326
62932857
62933458
62932966
62933434
62933917
62934437
62934668
62965060
62934793
62965206
62934754
62933092
62934815
62934542
62935002
62934729
62935031
62933846
62933830
62933910
62933579
62933998
62933190
62935126
62965427
62935643
62965718
62935219
62965899
62935372
62933731
62935604
62935208
62935545
62935344
62935681
62934167
62935447
62935661
62933975
62935872
62935954
62935135
62935944
62966388
62935888
62934373
62936092
62934478
62936132
62934518
62936268
62934586
62936346
62936158
62936567
62936185
62936597
62935385
62935889
62936489
62967185
62936682
62936385
62936226
62934718
62935497
62934857
62936793
62967254
62936863
62967519
62937057
62936846
62936820
62937181
62967795
62937333
62967881
62936466
62967937
62937438
62935752
62937502
62937632
62936875
62935726
62937636
62937991
62967871
62937551
62968216
62937755
62937808
62968070
62936724
62937143
62936839
62936477
62936917
62937298
62936831
62936098
62938106
62968623
62937557
62968700
62938280
62936602
62938294
62936540
62938494
62938293
62938572
62938774
62938759
62937437
62936656
62938511
62969127
62938573
62938829
62937008
62938873
62969225
62939104
62939578
62939355
62939336
62939474
62939061
62937945
62939601
62938280
62939446
62969760
62939542
62969843
62939927
62938108
62940011
62940056
62940058
62938798
62938384
62938752
62970370
62940496
62970643
62940128
62970595
62940400
62970797
62940303
62938662
62940522
62940067
62940548
62940627
62938950
62939318
62939873
62939289
62938515
62940509
62970989
62940671
62939044
62940855
62940582
62940810
62940703
62940399
62940845
62940633
62940991
62941094
62941093
62940372
62940511
62939780
62939215
62941100
62940533
62941429
62941500
62941507
62941465
62940806
62941591
62940611
62941013
62940422
62941856
62940170
62941906
62941626
62942042
62942114
62941961
62940766
62940033
62941932
62972658
62942118
62941807
62942213
62941919
62942191
62942041
62942292
62942236
62972859
62942389
62940748
62942572
62942176
62942585
62973036
62942407
62972906
62941971
62940935
62942736
62942487
62942872
62942927
62942912
62941751
62942901
62941754
62942979
62972957
62941342
62943071
62941403
62943183
62941545
62943367
62941475
62943276
62942917
62943449
62942021
62942487
62943357
62973582
62942105
62942783
62942401
62942833
62942294
62943810
62942001
62943679
62942014
62943839
62942126
62944026
62942964
62944139
62942933
62943386
62944061
62974447
62944196
62942490
62944240
62943823
62944379
62943108
62942759
62943199
62943631
62942935
62942422
62943013
62974764
62944466
62975002
62944489
62942974
62945145
62974904
62943012
62944850
62944797
62943087
62944765
62943004
62945030
62944678
62945036
62944999
62945121
62943888
62943151
62945026
62975508
62945223
62975772
62944606
62975786
62944684
62975842
62945329
62945171
62943364
62944133
62943629
62944156
62945586
62945217
62945434
62943963
62945672
62945471
62945801
62944085
62945899
62976078
62944726
62946047
62976521
62944606
62944908
62944835
62945414
62944899
62945427
62944894
62944315
62946129
62944644
62944990
62945205
62976718
62946575
62977016
62946468
62977131
62946799
62976993
62946825
62977238
62946892
62945858
62945890
62945737
62946973
62946180
62945388
62945622
62944910
62946911
62977207
62946981
62977572
62947083
62945418
62947219
62947083
62947208
62946525
62947235
62946235
62946238
62946216
62945520
62947269
62945959
62947095
62947497
62945928
62947753
62947846
62947834
62947004
62946623
62946494
62946723
62947996
62947906
62947134
62945913
62946822
62947707
62947916
62948135
62948106
62948118
62978486
62948165
62978494
62948270
62978748
62948313
62948112
62948353
62947659
62948492
62947300
62947657
62947097
62946392
62948444
62978842
62948994
62978837
62948976
62978941
62948849
62979136
62948730
62979348
62948733
62947449
62948131
62947858
62948174
62947542
62979058
62948864
62979464
62948323
62947338
62949190
62949293
62949339
62948127
62949352
62947540
62949351
62949526
62949562
62949577
62949578
62948448
62947990
62948430
62948958
62949634
62948135
62949984
62949201
62950058
62949076
62948881
62950130
62950185
62948497
62948800
62980237
62950065
62980526
62950601
62980759
62950278
62948572
62950486
62949192
62949696
62949128
62948621
62949141
62948474
62950448
62980952
62950162
62981211
62950722
62949071
62950920
62949687
62949287
62949655
62948919
62950831
62981311
62949896
62949527
62949775
62949087
62951519
62981575
62951182
62951164
62981418
62951160
62951427
62950409
62951519
62950323
62950297
62950329
62949579
62951566
62981754
62951531
62982096
62951597
62982349
62951774
62951501
62951838
62951589
62951998
62952149
62950509
62950675
62982232
62951963
62982533
62952013
62982511
62952180
62950567
62952491
62951025
62950735
62951261
62950599
62952423
62982903
62952482
62950273
62950353
62951259
62951606
62951066
62950453
62952376
62982749
62952624
62982994
62952602
62952377
62952837
62951625
62951173
62951579
62952021
62951495
62952010
62951354
62950762
62952749
62983315
62951978
62953036
62951889
62952430
62951867
62952480
62951889
62951232
62953134
62983595
62953204
62983752
62953343
62953149
62953493
62952823
62952442
62953668
62952889
62953776
62952430
62952900
62952292
62951600
62953601
62984011
62953846
62984358
62953127
62984133
62953152
62954009
62952766
62951968
62953890
62984404
62954021
62952469
62954195
62952458
62954372
62952642
62954474
62953794
62954514
62953394
62952572
62955056
62953000
62953104
62953544
62952859
62954785
62985107
62954876
62953111
62985034
62953608
62952954
62953730
62954979
62953317
62954550
62985520
62955080
62985349
62955331
62953584
62955385
62955515
62955459
62954363
62953514
62985784
62954258
62953618
62954325
62953760
62955659
62986112
62955729
62955576
62955985
62954742
62955222
62955921
62986324
62956087
62986488
62955501
62954516
62956235
62954621
62956494
62956286
62956486
62955816
62955285
62955197
62954413
62956339
62986829
62955804
62987027
62956500
62954749
62956632
62955928
62954619
62955326
62987003
62956662
62954877
62987265
62956827
62955172
62957045
62956837
62957102
62987570
62956958
62955100
62957022
62987528
62956535
62955540
62957389
62956197
62957429
62957101
62957538
62957046
62957455
62956345
62957604
62987670
62956584
62957820
62956604
62957556
62956610
62956625
62957232
62957828
62988267
62957330
62956185
62958010
62957760
62958155
62958234
62958133
62957082
62956548
62956820
62988361
62958146
62988694
62958189
62957950
62958492
62957184
62956366
62958316
62988820
62958447
62956806
62958665
62958706
62958633
62957400
62956691
62958562
62957002
62958861
62957641
62989150
62958837
62957052
62989004
62957960
62959017
62959161
62959191
62957958
62958369
62957885
62957156
62959194
62989663
62959404
62957879
62959489
62958373
62958675
62989836
62958480
62959756
62959452
62959752
62958748
62957834
62958439
62990095
62960330
62990423
62960027
62958348
62960143
62959026
62958231
62960093
62958499
62960262
62959928
62960265
62959571
62959539
62960170
62958671
62960496
62960619
62960546
62959862
62958491
62959235
62990728
62960607
62959452
62959641
62958789
62961018
62991370
62960873
62960563
62991007
62959600
62960928
62991341
62960996
62991434
62961007
62991556
62961101
62960890
62961299
62959947
62961357
62960083
62960443
62959965
62991679
62961374
62992001
62961519
62961260
62961706
62960924
62960471
62960342
62991897
62961706
62992156
62961735
62960032
62961819
62961608
62961935
62960678
62959832
62962244
62992248
62961916
62960224
62962053
62962136
62962317
62962203
62961482
62961488
62960914
62960277
62962661
62992743
62962386
62961682
62961253
62961120
62992901
62962522
62962441
62962682
62961521
62992910
62963159
62993155
62962723
62962994
62961778
62961921
62962981
62961315
62963202
62961931
62961493
62961933
62993397
62963152
62993785
62963354
62962571
62961696
62962150
62993656
62993567
62963451
62993714
62963648
62961893
62963742
62962901
62962941
62963586
62994258
62963741
62962104
62963809
62994304
62963712
62962047
62963848
62963626
62964072
62962778
62963217
62963827
62994471
62964013
62963792
62964303
62963545
62962609
62963035
62962336
62964779
62994680
62964287
62962609
62964530
62963737
62964522
62963388
62962716
62972236
62963640
62964937
62966279
62996766
62966341
62964761
62966411
62997011
62965245
62965280
62966883
62967013
62997110
62965730
62997474
62966462
62965487
62967215
62965468
62967364
62966066
62965866
62967410
62965059
62967043
62997560
62967283
62965550
62967365
62967041
62967515
62966156
62965399
62967499
62965789
62967566
62967761
62966056
62966537
62966925
62967614
62998220
62967684
62966063
62967796
62966573
62965779
62967804
62998438
62967935
62967662
62968092
62968232
62968350
62967052
62967412
62966893
62998495
62968295
62966455
62967552
62968162
62967643
62968040
62968369
62998858
62968382
62966662
62968528
62968156
62968526
62998724
62968524
62998815
62968395
62966791
62968715
62968767
62967555
62968723
62999149
62968817
62968589
62969114
62967798
62999314
62968936
62968848
62969171
62968426
62967205
62967845
62999581
62969225
62967803
62969433
62969037
62969620
62968312
62968867
62969209
62968391
62969841
62968468
62967834
62968570
62969153
62968497
62967740
62969666
63000111
62969801
62968071
62969944
62968673
62968297
62968569
62967884
62969943
62968443
62970205
62970305
62970146
62969860
62970467
62969402
62969591
62970287
63000907
62970657
62968547
62970506
62970559
62970487
62970917
62969653
63001049
62970896
62970596
62970978
62970080
62969410
63001559
62970943
63001522
62971524
63001572
62971213
63001780
62970665
63001717
62971286
62969594
62971368
62969737
62971343
63001697
62970132
63001938
62970371
62970289
62970256
62971817
62970275
62970013
62970525
62971852
63002352
62971746
63002494
62971857
63002251
62971908
62970267
62970062
62970752
62970214
62972038
63002534
62971103
62971138
62971181
62971715
62971248
62971656
62971209
62970535
62972433
63002950
62972513
62970899
62972751
62972222
62972645
62971456
62972897
62972104
62971178
62971629
62972667
62970887
62972735
63003106
62972312
62971190
62973128
62972767
62971373
62971459
62973195
63003445
62973070
62971378
62973264
62973020
62973345
62972072
62971427
62973200
63003828
62973396
62971693
62973637
62972800
62972320
62973674
62973683
62972833
62972839
62973624
63004100
62973833
62973488
62973983
62972637
62971969
62973867
63004336
62972833
62973374
62972862
63004395
62974317
62972687
62974474
62973129
62972372
62973521
62973307
62974457
62974594
62974705
62973421
62972759
62974583
63005056
62974783
62974548
62974943
62973744
62972974
62974859
63005373
62974939
62974680
62975202
62973942
62975167
62973799
62974257
62973665
62973947
62973187
62975123
63005830
62975418
62975518
62975458
62974099
63005797
62975558
62973691
62975615
62974822
62974777
62974343
62973795
63006056
62975017
62975874
62974566
62973996
62974574
62974063
62975889
63006593
62976018
62975721
62976144
62976258
62976222
62975013
62976283
62975071
62974647
62976140
63006500
62975168
62975038
62975208
62974410
62976274
63006754
62976549
62976236
62976573
62975531
63007079
62976675
62974945
62976760
62976774
62976810
62975615
62976081
62975360
62976498
62977008
62976194
62974820
62976882
63007428
62977027
62976754
62977198
62976026
62977323
62975882
63007445
62977227
63007775
62977240
62977015
62977547
62976164
63007618
62977411
62977162
62976058
62976303
63007836
62977674
63008329
62977703
62977406
62976241
62976438
63008171
62977876
63008245
62977728
62977315
62978004
62978081
63008381
63008443
62976028
62977898
62976816
62976872
62976983
62977517
62977112
62977120
62976614
62978475
62977618
62977101
62977472
62977110
62978350
62977307
62978237
62978435
62976635
62977797
62978623
62978723
62978701
62977540
62978899
62978020
62978863
62977534
62978031
62977889
62977551
62978818
63009228
62978963
62978838
62977536
62978303
62979174
62977505
62979037
62978535
62978061
62979289
62977545
62979449
62979222
62977660
62979286
63009914
62979387
62977770
62979506
63009833
62979591
63009702
62979984
63009951
62979525
63009827
62979419
62979100
63010202
62978691
62980084
62978265
62979981
62979295
62978968
62980162
62978950
62979419
62979014
62978243
62980142
63010721
62980502
63010956
62980350
62978593
62980408
62980049
62980509
62980602
62978540
62979289
62978474
62979418
62978760
62980608
62978671
62980858
62980952
62980870
62980855
62979104
62980806
63011510
62980955
62979397
62979755
62981113
62981087
62981126
62979303
62981008
63011437
62981142
62979256
62979933
62980560
62980169
62980778
62980311
62980332
62980286
62979437
62981465
63012055
62981853
62979959
62981811
62981217
62980010
62980701
62981205
62981720
63012210
62981939
62980131
62982171
62980990
62980804
62980979
62980781
62980844
63012371
62982121
62980392
62982281
63012366
62980920
62981489
62980988
62980279
62982317
63012756
62982475
62982199
62982731
62982772
62982685
62981497
62981857
62982614
63013091
62982711
62981070
62982783
62981482
62982960
62982218
62982805
62981168
62983078
62983195
62981720
62981769
62981019
62982978
63013566
62983142
62982920
62983445
62982219
62981397
62983231
62981730
62982866
62983767
62982981
62982127
62982516
62982999
62982435
62981624
62983560
63014273
62983952
62983735
62982034
62982567
63014213
62983992
62983969
62984125
62982981
62982210
62984227
63014503
62984173
63014642
62984318
62982691
62984440
62984208
63023616
63022284
63021639
63023465
63054068
63023645
63023841
63022143
63022442
63054161
63023741
63023709
63023900
63023906
63022870
63023973
63022948
63023965
63022851
63022067
63023968
63054486
63023506
63022576
63024326
63023220
63022217
63023116
63022308
63024220
63054708
63023682
63022710
63024613
63023561
63024701
63023479
63026445
63024343
63024827
63023717
63022844
63024786
63055264
63025024
63025247
63023954
63025146
63055856
63025359
63025007
63025475
63024232
63023424
63025374
63056105
63025618
63025410
63025703
63025047
63024974
63025708
63056190
63025829
63024252
63025979
63024907
63025274
63026035
63056575
63026105
63025026
63024218
63026284
63024224
63026293
63028181
63026102
63026525
63026166
63026548
63025878
63025770
63026504
63057086
63026601
63024909
63026798
63026101
63026141
63026741
63057277
63026861
63057461
63027041
63025250
63027078
63027328
63027176
63026176
63025951
63025890
63057631
63027391
63057751
63027465
63027168
63027618
63026658
63027494
63026333
63026786
63027485
63058181
63027657
63026194
63026532
63026126
63026494
63027086
63027621
63058320
63027711
63026084
63027902
63027007
63027952
63026719
63026170
63027772
63058217
63027917
63027658
63028043
63025912
63027999
63058548
63028185
63058734
63028282
63027982
63028442
63027670
63027662
63028358
63058946
63028479
63028367
63028687
63027382
63058915
63028629
63028438
63028915
63027641
63059030
63029052
63027274
63029106
63027928
63027222
63029531
63059488
63029156
63027464
63029364
63029347
63029329
63028065
63028583
63029309
63059752
63029420
63029367
63060019
63029349
63059933
63029580
63060016
63029665
63029860
63028641
63028472
63059936
63029784
63028040
63029817
63028248
63028893
63030002
63060523
63029485
63060452
63028883
63028623
63028998
63028128
63030164
63060674
63030391
63028626
63030550
63029280
63028917
63029076
63060732
63030741
63061116
63030811
63030508
63030947
63029543
63028684
63030776
63030551
63031032
63029703
63030963
63060886
63030555
63030943
63029918
63029440
63029599
63061252
63030307
63029312
63031126
63029914
63029709
63029810
63061604
63031351
63061791
63031339
63029586
63031387
63031490
63031489
63030355
63061803
63031718
63029940
63031580
63030531
63031620
63030435
63029739
63031604
63062252
63031773
63031565
63031684
63062017
63031949
63030171
63031958
63061948
63031222
63032116
63031648
63032132
63032166
63032151
63030868
63030023
63032444
63030463
63032462
63030925
63030182
63032057
63062547
63032215
63032003
63032382
63031005
63062866
63032484
63032290
63032555
63031592
63030634
63031362
63030626
63033093
63030937
63032864
63063265
63032442
63033327
63063343
63032320
63031290
63033163
63033119
63033104
63031919
63032402
63033098
63031521
63033298
63032495
63032521
63033268
63063860
63033311
63033476
63033536
63032276
63031444
63032367
63033605
63033582
63033618
63032505
63032132
63032336
63032317
63033782
63032938
63032570
63032407
63031863
63033724
63064468
63033995
63033620
63034104
63033332
63032594
63034122
63064714
63034144
63033916
63032672
63032831
63064742
63034212
63034028
63034421
63033253
63032791
63033189
63064754
63034529
63034181
63034689
63033381
63032587
63034625
63065115
63034681
63034418
63034827
63033979
63034070
63034923
63033611
63035004
63033782
63065208
63034876
63065563
63035185
63034735
63035240
63034048
63033240
63035736
63065749
63035352
63065906
63035436
63033795
63035657
63034622
63035636
63034427
63033544
63035531
63033971
63035772
63034494
63035863
63034825
63034566
63036092
63036107
63035297
63034406
63034897
63035439
63034906
63066364
63036133
63034005
63034705
63035465
63036424
63035188
63035743
63034961
63066617
63036307
63066966
63036477
63034826
63036702
63035930
63036096
63036735
63067147
63036911
63036751
63036951
63035783
63035124
63036911
63067286
63036926
63067552
63035745
63035444
63037474
63037277
63067449
63036275
63067670
63067782
63067750
63036094
63036691
63036170
63035492
63037442
63067882
63037121
63036278
63035696
63037561
63067944
63037552
63068217
63037797
63037665
63037879
63036697
63037201
63037825
63068343
63038014
63037051
63036800
63036732
63068451
63038044
63038005
63068568
63038263
63068813
63038249
63036720
63038456
63037425
63037268
63037184
63068537
63038223
63068906
63038505
63038325
63038778
63037460
63068881
63038655
63069089
63038692
63038474
63037145
63037390
63068971
63038261
63038527
63039124
63037891
63037501
63038927
63069547
63039032
63039340
63039074
63039404
63038277
63037795
63037985
63037587
63039523
63037677
63037952
63038136
63037386
63039314
63070042
63039518
63039707
63037974
63038476
63037613
63039518
63069973
63039622
63039373
63039854
63038597
63037728
63039793
63070294
63039914
63039563
63040023
63039363
63038163
63038782
63038080
63039988
63070709
63040315
63039106
63038757
63039102
63070455
63039741
63040090
63040484
63039413
63070731
63040385
63070920
63040491
63038822
63040688
63039649
63039487
63040643
63071321
63040851
63040589
63040854
63038805
63040799
63071359
63040357
63040371
63041251
63040349
63039186
63039925
63039189
63041101
63071605
63041137
63039639
63041447
63040340
63040065
63041335
63071798
63041401
63040284
63041551
63040311
63071891
63041616
63041353
63041773
63040683
63040958
63041733
63040310
63041923
63040826
63040004
63040777
63042016
63072583
63042042
63040387
63042304
63041078
63072430
63042355
63042129
63072404
63042244
63072675
63042365
63042065
63042576
63041350
63040654
63043063
63073212
63042658
63042313
63041049
63041348
63041986
63041642
63041156
63042804
63073067
63042836
63073540
63042917
63042695
63043142
63041995
63073469
63043101
63041404
63041153
63042114
63042642
63043293
63073871
63043448
63043124
63043584
63042376
63042438
63043504
63041944
63042011
63043614
63074257
63043978
63044136
63043960
63043961
63074301
63043882
63074414
63044068
63043339
63042878
63044493
63043206
63042370
63044313
63042686
63044487
63043158
63044551
63043366
63042660
63044489
63042913
63044735
63043980
63043191
63043401
63075152
63044317
63043148
63044949
63043890
63045063
63044777
63045114
63043947
63044187
63044893
63043459
63045230
63044113
63043455
63045748
63075890
63045517
63045647
63045618
63045171
63045459
63045180
63075609
63044752
63045159
63045531
63044796
63044367
63044354
63075928
63045266
63045475
63045805
63044685
63043914
63045813
63076322
63045947
63044208
63046146
63044899
63044513
63044744
63044108
63046068
63076592
63046154
63046398
63045046
63044975
63076769
63046201
63046116
63046337
63046539
63046452
63045198
63046639
63045427
63045667
63045634
63045296
63046600
63044949
63046515
63044694
63046579
63077083
63046800
63077291
63046778
63046621
63046914
63046006
63046072
63045552
63044690
63046779
63046872
63077478
63047008
63077577
63047100
63045561
63047454
63046600
63046592
63047302
63077817
63047385
63045772
63047652
63047348
63047575
63046366
63077959
63047619
63047412
63047807
63046475
63078090
63047866
63047603
63048022
63048214
63078425
63048524
63078554
63048305
63048180
63047556
63046935
63078652
63048288
63078989
63048561
63048120
63048717
63046768
63048859
63047431
63048859
63047417
63048843
63079246
63048702
63047061
63048873
63047888
63048889
63047755
63079355
63049066
63047422
63049137
63047953
63047950
63047698
63079495
63049156
63048846
63049327
63048303
63048382
63047849
63079341
63049199
63047558
63049232
63048078
63048575
63049244
63079836
63049300
63079788
63049362
63047442
63048373
63049649
63047922
63049590
63080195
63049723
63048031
63049804
63048537
63049906
63048796
63048784
63048682
63080216
63050420
63080595
63050157
63049980
63050259
63049566
63048229
63050202
63080784
63050289
63080626
63049361
63050587
63050717
63050500
63049664
63048548
63048875
63049823
63050731
63049546
63050115
63049579
63048914
63049434
63081015
63050886
63050709
63050899
63049840
63050293
63050917
63081369
63050912
63049298
63051177
63051277
63051262
63049807
63049036
63051490
63081703
63051141
63051316
63051328
63050945
63051252
63051382
63051490
63050725
63050268
63050236
63049397
63051969
63082094
63051700
63049916
63049821
63051459
63081928
63051573
63051466
63051839
63051919
63051733
63050764
63050528
63050423
63082169
63052231
63051169
63050671
63049928
63051922
63082486
63052039
63051742
63052349
63051219
63051408
63052224
63082812
63052287
63052548
63052461
63051241
63082656
63052451
63051485
63052796
63051402
63050652
63052639
63083103
63052760
63052569
63053015
63052222
63052149
63051579
63052898
63051575
63051707
63052500
63053036
63083648
63053246
63052938
63053347
63052203
63083789
63053337
63053139
63053497
63052790
63052310
63052236
63083892
63053565
63051896
63053683
63052962
63051690
63053677
63084106
63053710
63052045
63053856
63054014
63053819
63084349
63054025
63053848
63054284
63052976
63084317
63054137
63053919
63054273
63052067
63084777
63054304
63052663
63054345
63085024
63054556
63054600
63054575
63053390
63084955
63054586
63054583
63054671
63053811
63052739
63053402
63085048
63054782
63053299
63055065
63054889
63054579
63055036
63085549
63054973
63053308
63055232
63054381
63054472
63053837
63085501
63055108
63085823
63055452
63053671
63055574
63054779
63054811
63055507
63086035
63055540
63053940
63055748
63054539
63054248
63054325
63085852
63055110
63053999
63055910
63054875
63055061
63055767
63086507
63056039
63056242
63056155
63054956
63054062
63086421
63056279
63056407
63086612
63056270
63056048
63056457
63055163
63086629
63056744
63054836
63056637
63056867
63055488
63055393
63087107
63056147
63056489
63056997
63055761
63055065
63056930
63087513
63057082
63057198
63055716
63057011
63087645
63057375
63056302
63055358
63055888
63087747
63056773
63055805
63057599
63056490
63056018
63056242
63055742
63087992
63057624
63088152
63057675
63088138
63057239
63056069
63057870
63056794
63055901
63057851
63088448
63058065
63057174
63056096
63058439
63088666
63058255
63057866
63058275
63088634
63058186
63088834
63058283
63056706
63058521
63057323
63057840
63057219
63056459
63058559
63089129
63058814
63058380
63058700
63057525
63056768
63059190
63089342
63089011
63057298
63089067
63058852
63057181
63058985
63059099
63058991
63057755
63056926
63059070
63089668
63059042
63058892
63059164
63058494
63058486
63057851
63089593
63059317
63059308
63059570
63058358
63057499
63059500
63089907
63059488
63059201
63059610
63058793
63057668
63059539
63090054
63059684
63059425
63059906
63058632
63057759
63059746
63058489
63059645
63059838
63058905
63059967
63058942
63058478
63058637
63090400
63059966
63060302
63058573
63058763
63090569
63060205
63060110
63060385
63059032
63090603
63060382
63059145
63060528
63059356
63059111
63058759
63060675
63059216
63060595
63059657
63058579
63060497
63091162
63060745
63060759
63060806
63059535
63058631
63060645
63091352
63061074
63060195
63091117
63060235
63059277
63061136
63059992
63059901
63059813
63059149
63061136
63091779
63061442
63060995
63061417
63060621
63060141
63060128
63091647
63061579
63060343
63061559
63091982
63061755
63060114
63061929
63061057
63059959
63062322
63092389
63061928
63061669
63062064
63061247
63060832
63060533
63092406
63062130
63062380
63062372
63062336
63062429
63062444
63061760
63062668
63061299
63092674
63061899
63062319
63062704
63061468
63060609
63062572
63092992
63062706
63062878
63062049
63062708
63093153
63062764
63062563
63063023
63061715
63093307
63063023
63061763
63061651
63061861
63093573
63063169
63061960
63062453
63063180
63063017
63063296
63062398
63062782
63063433
63094057
63063602
63093731
63063462
63093945
63064087
63061521
63063529
63094214
63063762
63063534
63063946
63062659
63062843
63063763
63094462
63063980
63063320
63063411
63063909
63094557
63064126
63063184
63063349
63064045
63094669
63064214
63063077
63094544
63063114
63094829
63064353
63064348
63062669
63064521
63063336
63063693
63064365
63095013
63064654
63063912
63064718
63063485
63062813
63064664
63095408
63095077
63063765
63063168
63064941
63095413
63065038
63064789
63065270
63064456
63063494
63065208
63063608
63065358
63064344
63064697
63065583
63065503
63064543
63063966
63064067
63063403
63065411
63064042
63065690
63064454
63096067
63065792
63065506
63065857
63064603
63096177
63066073
63064332
63066082
63064948
63096497
63066198
63066493
63066382
63064083
63065042
63064833
63065180
63064318
63066377
63096987
63066570
63066697
63065057
63065206
63096784
63066586
63066337
63066781
63065538
63097137
63066771
63066997
63066835
63066572
63067032
63065833
63097439
63067005
63066842
63067264
63065938
63097369
63067168
63066868
63067379
63066078
63097577
63067338
63097779
63067291
63097787
63067487
63067386
63066848
63066510
63065756
63067638
63098142
63067910
63066118
63067868
63066600
63098127
63067297
63066768
63066707
63068016
63098567
63068185
63068360
63067155
63067112
63098786
63068352
63099043
63068471
63066974
63068754
63067975
63068637
63067407
63098811
63068654
63068491
63068763
63067670
63066718
63069134
63067070
63068922
63068064
63067502
63069093
63068403
63069078
63067870
63067164
63069079
63067490
63069342
63068662
63068616
63069822
63067831
63069643
63068901
63068753
63068412
63069658
63068930
63099993
63069634
63069347
63069807
63069072
63067773
63069752
63068101
63069998
63068645
63100168
63070091
63069989
63070189
63069069
63068124
63070699
63100660
63070356
63070579
63069152
63070353
63068256
63068977
63100778
63070439
63070176
63070609
63070453
63100949
63070630
63069091
63070865
63070107
63069589
63069539
63101181
63070841
63070554
63071065
63069778
63101351
63071199
63071241
63071058
63069849
63069222
63071304
63071055
63071529
63070183
63101592
63071402
63071313
63071422
63070107
63069480
63071592
63071666
63070440
63069632
63069367
63071481
63101998
63071691
63071903
63071847
63070815
63069840
63072238
63070233
63071983
63071337
63070281
63070707
63102384
63072186
63072016
63072333
63071172
63102486
63072432
63072269
63072623
63071157
63102869
63072537
63072418
63072785
63071471
63102986
63072855
63071063
63073011
63071823
63070946
63072823
63103479
63073099
63072245
63071836
63073150
63103666
63073184
63072183
63073323
63072101
63072605
63073253
63103877
63073487
63073552
63071723
63072184
63103968
63073513
63071488
63072216
63103944
63072510
63072969
63072334
63103960
63073786
63073558
63073844
63072710
63104302
63073895
63074094
63074055
63072846
63104428
63074031
63073823
63074245
63072924
63104369
63073453
63073886
63104624
63074186
63074047
63074456
63073219
63073696
63074347
63104712
63074355
63074178
63074587
63073323
63104949
63074515
63074324
63074712
63073565
63072610
63075155
63105252
63074958
63073899
63073624
63075047
63074651
63074930
63073891
63074919
63073638
63105157
63074960
63074851
63075229
63073962
63073044
63073893
63075227
63074975
63075342
63074191
63073839
63074026
63105494
63075311
63073714
63075624
63074327
63075624
63074171
63105757
63075476
63075162
63075694
63074901
63074082
63074271
63105866
63075621
63106261
63075921
63075877
63074344
63075888
63075714
63075921
63075200
63074030
63075939
63106448
63076148
63075807
63076236
63075014
63106617
63076278
63074534
63076458
63076414
63076283
63106495
63076606
63074801
63076667
63076753
63076652
63075433
63074597
63076598
63074916
63106983
63076715
63107150
63076767
63077005
63076942
63075219
63076081
63076825
63077367
63076080
63075803
63075856
63107589
63077308
63077053
63077339
63076184
63107522
63077458
63076184
63077590
63076494
63075696
63077636
63107880
63077870
63076129
63077889
63076595
63108114
63077736
63077428
63077888
63076744
63108311
63078042
63077975
63078210
63078133
63078365
63078313
63077199
63108562
63078077
63078126
63078251
63077567
63077631
63078204
63108769
63078400
63078592
63078649
63077340
63076590
63078605
63076898
63078750
63078554
63078886
63077407
63109242
63078838
63077235
63078899
63078858
63079121
63077895
63078501
63079149
63109669
63079198
63077533
63079529
63078613
63078721
63079366
63109990
63109617
63078279
63078735
63078127
63109759
63079616
63079446
63079715
63110072
63079638
63079338
63079863
63079912
63079822
63078496
63110056
63080017
63078239
63080098
63079281
63079198
63079996
63110716
63080148
63080217
63078745
63078836
63110529
63080093
63078626
63080362
63079476
63078998
63078988
63110524
63080293
63080183
63080452
63079284
63079411
63080251
63110786
63080394
63080443
63079148
63080520
63079734
63080570
63080772
63080706
63078911
63080565
63080815
63080690
63079073
63080850
63081011
63081047
63079667
63078982
63081337
63111505
63081272
63080363
63080372
63080961
63080556
63111353
63081610
63079635
63081559
63081587
63081596
63080301
63111869
63081486
63081316
63081725
63080609
63079609
63081606
63111941
63081682
63080753
63080289
63080441
63112156
63081866
63081604
63082173
63080865
63112322
63081568
63081791
63082224
63080919
63112479
63082272
63080631
63082569
63081738
63081630
63081096
63112752
63112596
63082614
63082571
63113149
63081343
63082042
63081348
63113066
63082630
63082404
63082990
63081717
63080960
63083104
63082653
63083097
63081867
63113352
63083001
63113558
63083140
63082147
63113464
63083202
63082902
63083413
63083241
63081685
63083537
63082325
63083659
63082265
63113849
63083546
63083267
63083785
63082353
63114062
63083918
63081467
63082095
63083725
63082101
63083874
63083686
63083988
63082816
63081882
63084022
63114525
63084070
63084245
63083672
63084044
63114613
63083612
63082603
63084527
63084528
63084516
63082803
63084635
63084652
63084589
63083397
63082661
63085063
63083051
63084845
63083639
63115174
63084872
63085119
63083716
63083580
63115244
63084933
63083278
63085055
63084067
63085228
63085035
63083475
63085327
63084091
63083259
63085358
63083573
63085374
63084629
63083360
63083894
63084542
63085592
63084342
63085690
63084190
63116025
63085591
63085790
63084538
63085951
63085558
63086063
63084779
63086178
63084744
63083966
63085872
63116646
63086215
63086380
63085079
63086792
63116895
63086443
63086571
63085246
63085478
63086418
63084815
63086616
63086743
63086714
63084709
63085988
63086794
63086028
63085548
63085460
63116996
63086714
63086954
63085437
63085589
63117252
63086358
63085418
63087147
63086207
63086074
63086959
63085386
63087211
63085968
63117488
63087252
63087044
63087364
63087228
63087551
63086758
63086699
63087432
63117957
63087710
63086324
63085581
63088091
63118165
63087734
63087389
63087897
63087628
63118104
63087655
63118390
63087865
63086241
63088025
63088029
63087979
63086771
63118296
63087989
63087761
63088084
63086841
63088073
63086428
63088192
63088357
63086717
63086893
63118427
63088396
63088066
63088403
63087167
63118754
63118841
63087266
63086789
63088538
63119218
63088758
63088461
63088993
63087514
63119271
63087756
63087098
63088912
63119587
63089091
63089160
63087578
63087802
63119311
63089196
63088961
63089394
63088000
63089322
63087892
63088263
63088866
63089439
63120197
63089687
63089377
63089909
63088550
63087830
63089795
63088154
63089979
63088818
63087904
63089912
63120491
63090108
63089825
63090271
63088946
63088240
63090200
63088589
63090390
63089618
63089024
63089002
63120751
63090465
63089259
63090676
63089443
63088584
63090520
63120973
63089623
63090680
63090637
63090199
63090676
63088970
63090873
63089610
63090958
63089664
63088907
63090720
63121317
63090886
63089646
63091001
63089932
63088871
63091401
63121293
63090942
63091084
63090732
63091343
63091248
63091284
63090136
63089256
63091213
63121717
63091310
63091157
63091446
63090426
63089436
63091327
63089829
63091627
63090431
63091793
63090341
63089765
63091650
63122108
63091822
63091953
63091968
63090760
63089917
63091874
63091344
63090734
63122521
63092189
63090620
63092356
63091267
63091558
63090622
63092316
63090588
63091542
63091336
63090264
63090941
63122629
63092273
63090581
63092409
63091289
63090378
63092287
63090716
63090909
63092559
63122989
63092808
63091156
63092790
63092941
63092926
63091525
63123400
63092851
63091162
63093127
63091843
63092993
63091643
63123224
63092860
63093110
63091854
63093110
63123752
63093249
63093377
63093440
63093220
63123748
63093378
63093273
63093463
63092807
63093715
63092311
63123710
63092447
63091838
63093878
63092454
63092763
63092254
63092976
63093812
63092747
63091768
63093747
63091992
63092632
63091947
63093875
63124553
63093977
63093797
63094140
63092883
63124403
63093433
63093802
63094235
63093002
63124490
63094361
63094181
63094357
63093629
63093755
63094318
63124831
63094415
63092921
63094615
63094626
63093085
63093165
63125010
63094600
63125253
63093885
63093019
63094895
63094682
63125106
63094304
63093200
63094885
63094018
63094293
63094882
63093371
63095107
63094437
63093182
63095145
63093620
63095421
63094700
63094668
63095303
63125927
63095619
63095647
63095659
63094402
63093471
63095474
63093463
63094455
63095010
63096106
63094023
63095947
63094663
63094993
63095740
63126230
63095783
63095670
63096007
63126403
63094339
63096140
63095837
63096218
63094910
63126601
63096232
63096069
63096420
63095235
63126803
63096369
63096253
63096641
63095405
63126746
63095903
63096183
63096643
63095641
63095860
63096436
63127200
63096803
63095969
63095273
63095316
63127159
63096819
63096577
63096729
63095510
63096846
63095896
63095911
63127524
63097059
63095417
63097221
63096023
63127278
63096494
63095550
63097453
63096088
63097415
63095671
63097639
63096379
63099266
63127913
63096249
63127942
63097739
63128200
63097557
63127869
63098139
63128232
63097852
63097716
63098053
63096694
63128155
63097968
63097832
63098169
63097008
63096090
63098076
63128732
63098250
63097028
63128430
63097608
63096636
63098447
63098538
63097274
63098616
63097510
63096486
63099098
63096947
63098813
63097711
63096847
63098637
63129384
63098867
63098960
63097467
63097595
63129253
63098907
63098618
63099006
63097784
63096962
63098925
63129610
63099227
63097892
63098388
63099519
63097199
63099295
63129855
63099226
63097626
63099338
63099670
63099590
63098275
63129609
63099378
63097932
63099640
63098414
63097497
63099598
63099790
63099190
63098534
63130171
63099850
63100083
63100068
63098595
63130460
63100116
63100267
63098699
63100347
63130717
63100358
63099153
63098273
63100513
63098758
63100508
63099374
63098566
63100443
63098829
63100644
63099909
63098589
63100699
63099942
63101052
63100432
63102528
63133018
63102694
63133249
63103006
63101787
63103207
63101878
63133600
63103255
63103406
63101889
63101818
63103588
63102393
63133926
63103687
63103619
63104021
63102712
63101869
63104347
63134445
63104056
63102960
63102827
63102733
63134333
63104171
63104073
63104345
63103215
63134501
63104335
63104360
63134811
63103220
63104589
63104295
63104543
63134801
63103408
63104876
63103441
63102698
63103621
63102864
63103801
63103007
63105466
63135511
63105188
63104200
63104595
63105075
63135665
63105298
63105139
63103928
63103906
63135570
63105382
63105119
63105638
63104172
63135898
63105686
63105714
63105945
63104442
63135865
63104626
63105926
63104474
63136024
63105830
63105585
63106063
63105147
63105152
63105773
63136383
63105596
63106076
63104425
63106250
63105157
63105469
63106069
63136547
63106272
63105135
63105615
63106202
63136857
63106286
63106437
63105630
63104997
63136615
63106524
63105883
63106456
63104913
63106625
63105371
63136783
63106690
63106527
63106922
63105436
63136974
63106827
63106650
63106863
63105627
63137181
63106989
63107024
63105758
63106990
63106970
63105106
63105770
63137584
63107266
63106235
63106092
63107455
63105895
63107492
63137773
63107388
63105832
63107694
63106444
63105650
63107722
63107459
63107905
63106660
63105814
63108287
63138439
63108032
63107077
63105991
63107991
63106391
63108315
63107058
63106315
63108350
63106609
63108345
63107601
63107172
63107108
63138731
63108478
63108596
63138912
63108455
63108278
63108615
63107430
63138944
63108667
63108401
63108837
63107528
63106689
63108836
63106956
63108924
63107739
63139135
63108227
63108624
63109108
63107923
63108382
63107809
63139422
63109186
63108022
63107394
63109194
63139647
63108156
63109449
63108800
63107421
63109201
63139871
63109607
63108332
63139924
63109513
63108455
63109701
63140147
63109676
63110008
63109986
63108595
63140254
63109965
63110185
63108935
63110042
63108533
63110379
63109160
63108287
63110407
63108615
63110416
63109436
63108474
63110402
63108850
63110723
63110757
63110838
63109465
63108694
63110801
63109101
63110861
63109474
63141136
63110950
63141237
63110881
63109319
63110966
63109856
63110605
63111137
63109472
63111221
63111372
63111285
63109902
63141531
63111333
63111522
63110159
63141860
63111619
63111308
63111768
63110975
63109604
63111871
63110028
63111880
63110576
63110068
63111796
63142430
63111517
63111783
63142121
63111955
63111734
63112228
63110934
63110931
63110672
63142442
63112213
63112063
63112376
63111140
63110287
63112193
63142849
63112440
63112489
63112511
63111073
63142790
63111869
63112214
63112613
63111332
63142931
63143020
63112619
63111002
63112752
63112133
63112101
63113341
63143362
63112889
63143464
63113099
63143611
63113245
63112244
63112013
63111925
63143472
63113367
63111675
63113417
63112814
63112165
63111385
63113865
63144150
63113596
63112547
63112804
63113529
63111969
63113907
63112571
63111753
63113681
63112129
63113981
63112799
63144350
63113991
63113774
63112143
63112734
63111967
63114428
63112370
63114171
63113826
63114259
63112522
63114213
63144623
63114704
63112242
63114177
63114435
63112698
63114499
63113778
63113820
63114465
63145038
63114658
63114611
63114705
63113181
63144786
63114500
63114309
63112627
63114614
63145324
63114893
63114138
63114140
63114843
63145370
63115009
63113919
63115107
63113271
63115123
63114040
63114228
63114484
63114058
63113359
63115483
63113766
63115492
63114317
63113362
63115384
63113875
63115699
63114367
63113559
63115473
63113989
63115814
63114578
63145900
63115892
63115849
63115970
63115574
63115830
63114099
63114268
63116055
63114839
63116276
63114992
63115205
63116181
63115433
63114321
63116284
63146831
63116400
63116479
63116536
63115063
63146658
63116553
63115049
63116727
63115755
63114819
63116721
63147392
63116974
63116750
63117104
63116318
63116224
63116906
63147575
63117157
63115074
63115751
63147559
63117190
63115562
63117425
63116264
63116379
63116102
63116124
63147716
63117483
63117142
63117567
63116256
63147704
63117543
63116478
63115619
63117814
63115947
63117820
63116976
63116995
63117691
63116172
63117908
63116723
63148235
63117983
63118179
63116560
63117872
63148592
63118161
63117419
63116232
63118504
63116475
63118297
63117555
63117472
63118219
63148939
63118385
63148716
63118541
63118437
63117692
63117711
63118311
63148967
63118593
63117633
63117854
63118550
63149193
63118767
63118569
63117683
63118959
63149112
63119366
63149404
63119080
63118766
63119199
63117812
63119133
63119007
63119365
63118327
63117279
63119495
63119017
63119535
63119421
63117786
63119512
63118357
63149946
63119587
63119786
63119771
63119602
63150074
63119723
63119450
63119824
63118626
63150009
63119824
63119610
63120022
63118642
63150354
63120019
63118827
63118921
63120208
63118971
63120412
63119142
63118644
63150777
63120316
63150853
63120553
63119559
63120655
63119254
63150808
63120569
63120320
63120852
63119510
63151003
63120866
63151248
63120804
63151572
63121213
63120485
63120488
63121098
63119682
63121377
63120185
63151466
63121295
63121515
63120265
63121409
63119777
63121578
63120417
63151786
63121626
63121346
63121669
63120690
63121002
63152154
63121835
63121799
63121218
63121258
63121896
63120425
63122209
63120880
63152474
63122319
63122470
63121778
63122252
63120589
63122431
63121260
63120366
63122366
63120841
63122601
63121235
63122557
63122588
63120923
63122913
63122222
63122097
63122799
63121260
63122966
63122794
63121261
63123010
63121853
63123071
63122640
63123049
63122328
63121243
63123094
63153739
63123308
63122027
63121267
63123438
63123117
63122168
63122032
63154015
63123659
63122842
63122796
63123492
63154033
63123702
63123050
63123090
63123946
63123635
63123993
63123136
63123721
63124106
63122886
63123951
63122872
63121999
63124143
63122303
63124104
63123462
63122275
63124140
63154707
63124244
63124460
63123515
63124276
63122692
63124493
63123298
63126222
63154603
63124610
63123010
63124794
63123537
63154865
63124206
63124463
63124958
63123629
63154943
63125041
63122810
63124911
63155424
63125014
63123887
63123871
63123749
63155458
63125078
63125301
63123133
63125184
63123663
63125357
63124187
63155583
63125385
63125287
63125654
63124230
63123473
63125960
63156071
63125688
63124585
63124863
63124201
63125395
63155842
63124943
63125340
63125827
63125013
63125044
63125684
63124228
63126059
63124700
63123834
63125981
63156579
63126111
63124950
63124142
63126135
63126417
63156821
63126241
63126406
63126329
63124983
63156434
63126278
63126029
63126561
63125133
63156829
63126733
63125903
63124767
63126535
63124959
63126760
63125575
63156902
63126759
63126979
63125613
63126860
63125102
63126903
63125889
63124961
63127331
63125248
63127127
63125955
63157236
63127037
63127234
63127219
63125866
63157538
63125941
63127078
63157526
63127268
63157528
63127450
63158038
63127565
63127836
63125678
63127553
63126058
63127845
63126633
63158043
63127842
63127792
63127968
63126639
63158297
63127944
63126127
63128069
63128242
63128485
63126972
63128065
63158713
63128303
63127046
63158424
63128399
63126686
63128422
63127251
63158677
63128545
63128696
63128746
63127267
63159008
63128692
63128959
63128828
63128681
63128905
63127706
63159322
63129018
63127442
63129178
63128467
63128435
63128943
63159586
63129218
63128150
63127047
63128022
63129343
63159609
63129279
63159854
63129136
63159630
63129308
63128038
63129502
63127992
63159797
63129505
63128501
63128712
63129394
63160018
63129601
63128440
63127608
63129550
63129427
63129836
63128641
63160006
63129129
63129475
63129748
63129116
63128552
63160173
63129898
63128792
63129118
63129814
63128230
63130082
63128818
63160215
63130095
63130301
63128963
63160651
63128907
63160469
63130305
63130565
63128925
63129091
63160896
63130519
63130834
63130884
63129511
63160969
63130720
63130492
63130931
63129644
63161049
63130733
63129723
63130179
63129509
63129397
63129590
63161295
63131001
63130711
63131185
63129695
63161377
63131017
63129757
63131013
63129773
63161406
63131061
63131212
63129644
63161672
63130235
63131396
63130640
63131418
63131211
63131613
63130260
63161835
63131541
63131778
63130210
63130239
63161958
63131677
63131514
63131838
63130471
63162076
63131865
63131838
63132073
63130795
63162213
63132001
63131896
63132349
63131078
63130170
63132141
63162733
63132372
63131139
63131643
63132259
63130724
63132562
63131302
63130405
63130667
63131330
63131789
63132448
63130763
63132702
63132847
63131419
63163087
63132683
63132506
63132928
63131884
63130764
63133185
63131218
63133115
63131756
63163203
63133080
63132801
63133165
63131929
63163275
63133063
63132886
63133274
63131870
63163406
63132683
63131623
63133424
63132164
63163575
63133578
63133326
63132147
63132173
63164101
63132409
63133634
63132329
63133831
63132513
63164057
63133722
63133914
63133690
63133815
63164463
63134206
63133260
63131916
63133946
63134080
63134082
63132774
63164293
63133966
63134151
63134273
63134077
63164696
63134206
63134463
63133192
63132435
63134452
63134138
63134574
63133352
63132472
63134459
63134754
63134003
63134624
63133105
63134899
63132762
63133620
63134896
63133574
63165310
63135008
63134678
63135138
63133741
63165388
63135080
63133782
63133735
63134982
63165620
63135247
63134441
63133292
63135385
63135050
63135435
63135025
63135212
63165692
63134267
63134056
63135551
63135454
63135335
63135765
63134436
63165859
63135061
63135382
63135753
63134568
63133760
63135650
63134074
63134542
63135839
63166539
63136084
63136112
63136134
63134309
63136188
63135130
63134266
63136145
63166677
63136280
63135135
63135717
63136282
63134658
63136517
63135110
63166700
63136384
63136313
63136571
63135359
63167002
63136643
63135263
63136755
63135272
63167186
63136929
63136010
63134755
63136905
63136828
63136685
63135472
63136952
63135266
63137220
63135984
63167381
63137303
63137454
63135718
63137481
63137472
63135969
63167999
63137592
63136305
63167841
63137565
63137439
63137790
63136465
63168156
63137790
63137866
63136226
63137631
63135605
63135787
63136594
63135975
63136295
63138141
63137007
63135990
63138397
63137932
63138443
63136207
63137165
63136473
63138358
63168953
63138647
63138681
63138666
63137430
63136724
63139132
63137076
63139000
63137706
63169116
63138942
63137709
63139136
63138930
63169517
63139188
63138406
63137137
63139428
63137599
63139325
63139080
63137709
63139366
63138341
63139502
63138053
63169666
63139352
63139387
63139638
63138446
63170066
63139809
63138508
63139135
63139831
63170372
63140188
63140086
63140194
63138646
63170379
63140149
63140273
63139616
63140161
63140250
63139912
63140341
63139016
63170608
63140317
63140024
63140487
63139104
63170535
63140439
63140635
63138995
63140414
63171113
63140880
63139521
63171062
63140856
63140481
63139529
63142751
63171261
63140804
63141120
63139884
63139705
63139555
63171173
63140388
63139314
63141166
63139906
63171404
63141268
63141331
63139885
63139840
63171637
63141415
63141566
63139447
63141514
63140544
63140816
63141527
63172124
63141672
63140048
63141882
63141958
63141885
63141150
63140372
63141780
63141975
63141179
63142015
63140728
63141932
63140342
63172302
63141869
63172568
63142325
63140900
63142341
63140934
63172676
63142317
63141337
63141572
63142282
63140749
63142550
63141365
63172971
63142670
63141509
63141917
63142627
63140896
63142796
63141381
63173128
63142820
63141659
63142053
63142763
63142595
63143055
63141760
63173282
63143017
63142470
63142408
63142532
63143276
63173748
63143285
63142588
63173634
63143422
63143331
63141944
63143465
63141830
63143682
63142360
63173995
63143654
63143498
63143900
63142348
63174159
63143937
63142677
63174090
63143889
63143901
63143751
63144116
63142961
63174267
63144119
63144359
63143000
63142878
63174597
63144238
63143340
63142296
63144232
63174819
63144439
63174484
63142861
63144917
63175125
63144745
63143458
63143280
63144538
63142954
63144967
63143416
63175368
63144974
63144216
63143182
63145115
63144616
63143660
63145441
63145154
63145254
63145218
63145294
63145285
63145262
63145284
63144902
63145311
63145295
63143606
63145581
63145545
63145584
63145364
63143794
63145554
63144297
63176137
63145762
63144441
63144886
63145531
63176003
63144273
63176311
63145818
63145563
63145972
63144615
63145786
63145116
63144557
63176390
63146074
63145774
63146207
63144878
63176515
63146248
63146406
63146428
63146310
63144726
63146578
63145291
63176674
63146499
63146607
63177148
63146664
63146371
63146824
63145588
63144831
63146971
63145098
63147073
63145680
63144827
63147122
63145344
63147046
63177623
63147099
63146932
63147146
63145988
63177343
63147265
63146005
63146075
63147230
63145670
63147587
63146300
63177761
63147163
63147412
63178033
63147776
63146390
63147060
63146385
63147973
63147505
63148088
63147196
63145999
63147889
63146211
63148114
63146868
63178233
63147421
63147855
63148264
63146977
63146206
63148076
63178706
63148492
63147388
63146629
63147183
63178860
63148603
63148717
63146871
63148540
63147021
63148805
63147562
63178835
63148808
63147562
63147242
63148849
63147265
63149103
63147918
63148970
63147387
63147774
63179352
63148522
63149001
63149522
63149292
63179865
63149485
63148527
63147567
63149751
63147965
63149532
63149670
63149634
63148268
63179702
63149573
63149431
63149607
63180177
63149773
63149910
63148572
63150226
63148125
63150028
63148597
63180204
63149851
63148987
63149324
63150228
63150307
63149550
63150595
63148590
63148841
63149566
63150458
63150110
63150519
63149283
63148481
63150393
63150233
63150816
63149299
63180983
63150850
63150824
63149115
63150994
63149560
63180962
63150823
63150653
63150932
63149617
63181455
63151144
63150114
63151267
63149794
63149167
63151101
63181886
63151498
63150436
63150694
63151331
63151684
63150885
63151493
63182241
63151810
63150700
63150985
63150692
63151917
63149489
63150910
63151038
63151632
63150100
63151973
63150668
63182091
63151952
63151710
63152084
63150776
63182579
63152218
63150982
63151390
63152106
63150368
63152292
63151059
63182400
63152169
63151169
63150483
63152745
63150661
63152578
63151212
63150393
63151843
63152333
63152402
63152490
63152233
63150711
63152559
63151207
63151384
63152267
63152653
63183338
63153030
63152302
63151291
63152209
63153061
63152902
63151837
63152825
63151078
63153205
63152212
63151298
63153305
63153542
63152648
63153293
63153515
63152289
63152908
63153618
63151922
63153713
63153006
63151696
63153891
63153375
63153812
63152469
63184188
63153983
63154134
63152796
63152609
63184322
63154071
63152982
63153251
63154572
63153881
63152915
63154362
63152993
63184499
63154325
63154497
63153644
63154576
63154248
63153296
63154668
63153497
63152603
63154710
63153041
63154965
63153582
63184984
63154780
63154918
63154954
63154861
63153235
63155200
63153639
63185478
63155307
63153872
63185424
63155108
63155286
63153616
63155089
63153566
63155439
63154155
63185733
63185439
63154278
63154724
63155420
63153836
63155586
63154415
63185872
63155661
63155468
63155763
63154383
63185938
63155773
63155724
63154442
63155737
63154708
63154761
63155895
63154287
63156160
63154759
63186535
63156197
63155377
63154180
63156224
63156287
63154791
63156123
63154553
63156405
63154977
63186703
63156418
63156641
63155049
63154735
63155319
63156582
63156346
63156820
63155512
63186973
63156782
63157019
63155653
63157286
63155179
63156980
63155771
63187390
63156956
63156044
63156251
63156974
63155380
63157328
63155993
63157290
63157334
63155862
63157171
63155648
63157425
63156069
63187597
63157398
63157344
63157732
63156328
63187741
63157695
63157938
63156993
63157652
63157635
63157921
63156664
63188205
63157897
63158187
63156842
63157949
63188597
63158217
63156933
63157508
63158724
63156583
63158459
63158427
63156792
63158555
63157240
63188684
63158617
63158430
63158794
63158609
63157141
63159014
63157469
63189246
63158901
63157819
63158271
63158918
63157370
63159294
63157921
63189342
63159291
63158529
63160887
63189477
63159374
63157737
63159544
63157838
63159609
63158379
63189834
63159529
63159236
63159710
63158398
63189915
63159583
63159710
63158193
63159509
63158027
63159828
63158561
63190136
63158454
63189932
63159806
63159599
63160001
63159832
63158197
63160121
63158573
63190363
63160159
63158974
63190491
63160402
63159520
63159574
63160235
63160205
63190648
63160662
63158775
63160555
63160468
63191127
63160764
63160043
63190852
63160702
63160836
63159535
63160649
63159144
63161017
63159726
63191026
63160911
63160796
63161109
63159852
63191290
63160969
63161362
63161368
63159875
63191510
63161132
63161430
63161326
63161144
63191894
63161439
63160131
63191891
63161678
63160405
63163125
63191890
63161434
63159937
63161834
63160419
63192104
63161782
63162084
63161180
63161862
63160227
63161977
63160785
63192252
63162106
63160976
63161521
63162165
63161981
63162236
63161003
63162353
63161344
63160357
63162416
63160484
63162350
63161519
63161631
63162269
63160702
63162612
63161188
63192886
63162626
63161905
63160561
63162575
63162591
63162297
63162597
63162043
63161848
63161612
63162095
63162842
63161296
63163169
63161810
63193267
63163107
63163316
63162514
63163136
63161640
63162200
63163242
63161685
63163558
63162141
63193538
63162810
63163207
63163718
63193655
63163554
63193766
63163624
63163426
63163958
63162698
63194126
63164020
63162944
63163318
63163912
63162393
63164266
63162910
63194515
63162926
63162276
63164471
63162679
63164566
63163176
63194786
63164470
63164290
63163355
63164930
63162874
63164812
63163333
63195037
63164837
63195097
63164663
63195063
63164845
63163670
63163005
63164829
63195435
63165055
63163744
63164188
63164862
63163333
63165055
63163801
63195476
63165189
63163590
63164357
63164650
63165667
63163703
63165511
63164059
63195706
63165470
63164674
63163497
63165729
63165165
63164223
63165460
63163862
63165762
63164331
63195802
63165577
63164368
63164259
63165579
63164121
63165930
63164577
63165949
63165228
63165941
63165822
63164846
63165915
63164433
63166255
63164779
63196518
63166333
63165636
63168059
63165562
63165410
63165492
63166708
63196873
63166507
63165247
63164268
63166316
63165962
63166278
63165021
63196925
63166582
63165861
63165829
63166474
63197265
63166746
63166066
63166017
63166633
63165094
63165780
63165566
63166259
63165678
63166500
63165958
63165777
63166070
63165844
63167225
63165706
63167589
63167318
63165823
63167596
63197744
63166826
63167692
63167392
63167852
63166589
63198143
63167958
63198282
63167885
63168043
63167935
63167880
63166347
63168244
63168051
63166416
63166790
63168120
63166536
63168313
63166898
63198843
63168490
63167296
63198648
63168589
63168734
63167946
63169012
63166946
63168811
63167418
63199305
63168976
63167377
63199110
63168826
63168092
63168666
63166845
63169167
63167197
63169077
63199321
63168101
63169193
63167831
63199409
63169193
63199706
63169401
63168199
63167320
63169197
63169078
63169497
63168182
63199877
63169483
63168496
63168744
63170002
63168013
63169820
63168403
63199872
63170075
63169043
63169592
63167957
63169860
63168446
63200432
63170103
63169208
63167891
63170072
63170083
63168450
63169998
63168414
63170273
63170145
63200706
63170120
63169994
63170321
63169057
63200867
63170438
63169710
63168263
63170544
63168766
63170690
63169368
63200816
63170696
63170540
63170812
63169388
63201114
63170820
63169805
63201100
63170864
63171087
63168871
63170885
63171053
63169255
63170880
63201490
63171131
63169864
63201389
63171169
63170260
63170467
63171176
63169185
63201571
63171353
63171101
63169796
63170027
63171499
63170204
63201796
63171553
63171578
63170784
63171494
63169951
63171824
63170344
63201949
63171673
63172074
63170643
63170637
63202288
63172042
63170946
63171354
63172573
63170466
63172355
63172021
63172467
63172196
63170527
63172304
63171750
63171725
63172247
63202960
63172574
63171077
63172294
63172694
63171376
63202751
63172499
63172688
63170794
63172876
63171681
63173122
63172929
63171386
63173122
63171604
63203553
63173293
63172333
63172636
63173225
63171714
63173491
63172135
63203695
63173427
63171902
63173570
63203864
63173582
63171948
63173708
63172622
63173078
63173688
63204308
63173905
63173249
63171813
63174032
63172216
63204250
63174046
63172356
63174253
63172945
63204544
63174311
63173259
63173055
63172899
63204638
63174338
63174489
63174508
63174353
63204987
63174556
63173845
63172562
63174690
63174810
63173906
63174720
63174560
63174990
63173431
63205170
63174965
63174281
63172835
63173928
63173296
63175110
63173751
63205412
63175090
63174444
63205267
63173407
63173991
63174474
63174038
63205496
63175175
63174523
63174318
63174587
63173955
63174224
63173611
63175379
63173795
63175633
63174130
63206106
63175718
63174469
63174863
63176079
63173975
63175885
63175641
63174081
63176019
63175751
63175621
63175103
63175949
63206502
63176173
63174934
63174564
63174758
63206606
63176333
63175575
63174231
63176347
63175306
63175752
63176813
63176112
63176521
63176359
63207066
63176442
63207060
63176647
63206822
63175336
63175871
63175202
63206796
63176565
63176429
63176875
63175409
63207067
63176981
63176673
63176798
63207208
63176927
63176603
63176988
63176053
63207471
63175730
63207415
63177233
63175970
63207495
63177377
63176554
63207588
63175553
63176095
63207786
63177379
63177165
63177553
63176224
63207829
63177577
63177728
63175769
63177769
63176169
63176434
63177832
63176255
63176554
63177993
63177791
63176293
63178661
63176546
63178361
63178161
63176532
63178432
63177124
63208424
63178268
63177230
63177724
63178427
63176418
63178576
63176804
63178629
63177372
63209049
63208876
63177417
63177657
63177443
63209292
63179131
63179156
63177588
63178910
63177401
63179216
63178546
63179437
63177484
63179165
63179035
63209742
63179276
63178043
63209662
63179440
63178204
63209779
63179550
63178931
63177744
63179365
63177851
63179468
63209769
63179705
63177989
63179865
63178643
63209917
63179967
63179695
63180036
63179816
63178372
63180218
63178868
63210473
63180200
63179503
63178132
63180402
63179128
63180569
63179161
63211143
63224558
63223175
63254930
63224614
63223429
63255013
63224823
63223518
63255308
63224847
63223809
63222987
63225210
63224841
63223726
63224974
63255565
63225250
63224141
63223055
63225342
63223997
63225192
63223557
63225409
63224067
63255781
63225625
63224341
63255981
63225724
63224979
63223584
63225700
63224744
63223827
63223816
63225110
63224495
63224480
63256264
63226449
63224352
63226161
63224846
63256334
63226154
63226404
63224833
63226244
63226011
63226378
63226350
63226254
63225089
63226398
63226169
63226650
63226481
63224897
63226749
63225297
63257105
63226917
63226073
63224739
63226945
63225153
63226930
63225772
63257086
63226892
63226243
63257392
63227063
63226957
63257769
63227389
63226396
63227418
63227532
63225955
63227467
63226688
63226656
63227389
63225805
63227787
63226342
63258070
63227818
63227060
63225887
63228211
63226092
63228016
63226722
63258073
63228013
63226964
63227287
63228479
63226440
63228227
63226984
63258543
63228388
63227589
63226258
63228416
63228024
63228628
63227313
63258792
63228460
63228622
63226954
63228423
63259020
63228712
63228601
63226603
63229046
63226952
63228688
63227338
63259266
63228859
63228066
63226722
63229003
63228531
63228889
63227437
63259315
63229084
63227960
63226957
63227706
63229099
63229229
63229265
63229365
63228128
63229170
63259767
63229438
63228693
63228631
63229271
63227644
63229547
63228260
63259860
63229547
63229620
63227599
63229562
63227950
63228967
63228383
63260197
63229712
63229637
63230121
63228827
63260154
63230002
63230112
63228897
63229904
63228422
63230295
63228936
63260340
63230121
63228949
63230345
63228986
63260455
63230377
63229707
63228438
63230540
63230894
63229860
63230726
63230813
63229965
63229380
63261153
63230853
63230792
63231054
63230919
63229400
63231136
63229975
63231128
63230992
63231227
63230093
63261383
63231134
63231374
63230056
63231125
63229568
63231390
63231183
63229613
63231458
63229910
63261824
63231420
63230184
63261752
63231382
63231684
63229662
63231430
63231387
63230195
63231555
63229934
63231919
63231715
63230837
63231130
63230481
63262487
63232011
63231188
63231272
63231828
63230309
63232059
63230874
63230882
63262577
63232227
63230909
63262199
63232121
63232255
63231026
63232109
63230627
63232428
63230925
63262618
63232620
63231261
63262823
63232596
63231391
63232688
63231540
63232782
63231925
63230717
63232704
63231077
63232915
63231508
63263156
63231106
63232913
63232473
63233019
63231790
63263168
63233218
63232071
63232407
63233079
63263778
63233347
63232354
63231060
63233419
63233115
63233285
63231935
63263655
63233510
63232363
63231483
63233585
63233822
63232969
63233460
63231955
63233831
63232314
63264039
63233941
63232654
63264210
63234044
63232811
63264322
63234006
63232962
63234266
63234004
63232867
63264259
63234103
63233454
63232206
63233581
63234388
63234400
63232852
63264652
63234196
63232303
63234334
63234167
63233256
63234493
63232960
63234696
63233429
63265103
63234864
63234160
63234200
63235307
63233268
63235004
63233675
63265360
63235072
63233877
63265186
63235014
63265439
63235320
63233951
63265347
63235160
63235537
63265529
63235291
63235613
63233908
63235340
63233756
63235629
63234337
63265905
63235714
63234406
63265968
63235748
63234536
63266089
63235864
63236111
63234178
63236012
63234357
63236182
63236085
63234464
63236340
63234888
63266729
63236501
63235275
63235755
63236320
63236173
63236551
63266799
63236007
63236425
63235093
63236552
63236665
63266965
63236712
63236531
63237067
63235625
63267003
63236790
63237002
63237124
63236805
63267405
63237097
63236011
63235059
63236923
63237221
63236252
63236962
63267675
63237391
63237643
63237075
63237398
63237315
63235680
63237556
63236162
63267888
63237645
63236522
63267842
63237874
63237167
63235744
63237823
63237132
63237241
63237611
63236861
63236213
63237890
63235775
63268451
63238211
63236505
63236900
63238260
63236611
63238535
63236945
63237624
63237757
63268921
63237359
63268768
63238545
63269330
63238950
63237834
63269154
63238392
63238752
63237752
63238838
63237268
63239267
63237836
63269500
63239288
63238271
63237591
63237765
63239604
63238786
63237549
63239491
63239591
63238745
63239470
63238010
63239746
63239547
63238028
63239764
63239595
63238062
63239719
63238360
63239733
63269967
63239842
63239497
63238716
63239846
63238262
63240053
63238710
63270443
63240173
63239466
63238221
63240163
63239576
63270557
63240492
63270737
63239261
63238371
63240652
63240215
63240740
63239411
63270841
63240750
63239596
63240004
63240765
63239167
63240968
63239567
63239366
63241146
63239663
63239369
63242189
63240505
63242717
63273231
63243043
63242329
63243120
63241639
63243314
63242261
63273709
63243548
63242304
63243926
63243771
63242262
63244018
63243836
63242275
63244025
63243904
63242371
63242619
63244537
63274873
63244405
63242939
63274651
63244480
63243626
63243063
63274769
63244569
63244747
63243467
63244560
63242925
63244879
63243414
63244631
63274936
63244762
63243556
63243372
63245225
63243169
63244970
63243689
63275417
63245079
63243870
63275320
63245137
63244243
63243185
63245250
63245025
63243997
63245269
63243685
63245483
63243958
63275974
63245457
63243741
63245365
63244835
63244256
63243952
63245799
63245602
63243989
63245725
63244513
63276067
63245745
63245681
63245858
63245788
63244812
63244467
63245929
63244294
63246081
63244725
63276536
63246375
63245091
63276432
63246368
63245402
63245074
63246281
63244758
63245043
63246907
63244837
63246812
63245467
63277147
63246895
63245686
63246009
63247112
63245107
63246956
63246691
63245042
63246994
63246773
63245282
63247179
63245827
63277360
63247122
63246070
63277649
63247221
63277754
63247446
63246148
63277504
63247344
63246241
63247504
63246465
63245909
63247733
63247941
63245885
63247795
63246271
63278237
63247778
63246593
63277958
63247901
63247684
63246420
63247866
63246244
63248147
63246685
63278557
63248206
63248245
63278531
63248111
63247934
63248319
63248201
63246613
63248461
63247225
63278903
63248434
63248599
63246602
63248544
63248743
63247456
63248665
63279313
63248831
63247838
63246752
63248872
63249023
63248125
63248863
63247269
63249029
63248983
63247389
63249053
63247710
63279379
63249091
63249290
63248225
63248907
63247511
63249339
63249317
63247504
63249168
63247595
63249382
63248081
63279914
63249571
63248304
63280026
63249646
63248252
63279827
63249642
63248355
63279923
63249687
63248980
63279840
63249981
63249826
63248218
63250135
63249237
63248026
63248764
63249215
63249485
63250130
63248495
63250405
63249097
63280655
63250422
63249650
63248313
63250364
63248665
63250503
63250430
63248757
63250667
63249243
63248534
63250607
63281190
63250722
63249626
63280979
63250927
63249906
63249200
63251085
63249365
63251262
63249824
63281485
63251249
63250616
63249211
63250264
63251439
63251331
63249179
63251726
63251594
63251270
63251665
63250487
63249597
63251606
63251734
63251777
63282146
63250640
63251715
63251852
63251741
63250635
63282051
63251871
63251715
63252140
63251869
63282544
63252185
63251355
63250161
63252052
63251933
63250970
63252138
63250694
63252554
63252426
63250740
63252619
63251383
63282697
63252670
63251359
63251277
63252631
63251010
63252971
63251434
63251264
63251100
63252843
63252136
63251075
63252806
63250979
63252118
63253271
63252461
63252566
63253233
63251596
63253673
63283744
63253399
63253499
63252017
63253428
63251817
63253655
63253558
63251950
63252785
63253690
63253579
63253957
63253874
63252341
63254176
63253180
63252111
63254039
63252463
63254271
63253014
63254365
63254129
63284818
63254322
63253225
63284457
63254379
63254452
63254652
63253214
63285037
63254622
63253317
63284871
63254670
63253725
63254191
63255201
63253180
63254978
63254812
63254668
63255128
63253718
63285294
63255128
63253820
63253115
63255078
63253502
63255399
63254244
63285576
63255364
63255272
63255181
63255641
63253808
63255537
63253872
63255601
63253971
63255781
63286318
63255164
63255850
63254641
63255043
63255632
63286284
63255949
63254641
63285987
63255901
63255856
63253940
63256142
63254422
63256256
63254839
63286521
63256390
63255683
63286580
63256414
63255438
63255781
63256711
63254945
63256078
63256032
63256575
63287232
63256771
63255644
63254812
63256890
63256139
63254744
63256952
63257001
63256418
63257277
63257172
63255397
63257111
63255483
63257407
63255877
63287845
63257492
63256154
63287773
63257500
63256820
63257516
63255456
63256603
63257748
63257304
63257706
63255654
63257836
63288305
63257896
63258143
63258223
63257979
63256205
63258063
63257742
63258086
63256864
63288215
63258151
63258053
63258281
63258153
63288784
63258383
63257432
63256192
63258195
63256489
63258478
63257050
63288662
63258352
63257225
63257772
63258337
63256686
63258610
63257353
63288972
63258634
63258836
63257932
63258577
63289249
63258971
63257983
63256876
63258869
63257112
63259002
63258788
63257212
63258999
63257787
63258195
63258956
63258826
63259430
63257978
63258136
63258629
63257947
63259293
63290057
63259626
63259579
63258466
63259419
63257800
63259697
63259672
63259415
63258302
63259703
63258040
63259964
63258515
63290366
63260108
63290080
63259782
63260201
63258993
63290478
63260188
63260049
63258548
63260268
63290916
63260495
63259273
63290662
63260749
63259591
63258690
63260684
63260907
63259353
63260981
63259653
63291221
63260767
63291359
63261151
63261165
63261252
63259732
63291471
63261212
63261339
63261563
63259923
63291648
63261624
63260184
63291695
63261502
63260355
63261631
63261270
63261644
63260568
63260942
63262083
63292160
63261821
63260620
63260173
63261678
63261727
63260732
63261825
63261446
63261920
63261809
63260188
63260190
63260767
63260570
63261969
63260966
63262344
63261043
63292539
63262327
63262417
63261513
63262201
63260731
63262474
63262380
63260773
63262666
63261293
63292905
63262646
63261915
63260598
63262701
63262976
63262034
63262716
63261132
63262919
63261974
63263017
63262131
63261120
63261811
63262280
63262898
63293532
63263152
63263214
63261622
63263033
63261398
63263387
63261476
63263328
63262092
63293419
63263284
63262601
63262726
63261958
63263404
63261909
63263645
63262487
63293838
63263658
63263553
63263674
63263697
63262188
63263938
63262609
63294497
63263962
63262335
63264108
63264025
63262441
63264365
63262841
63294758
63264341
63263170
63294673
63264365
63263740
63263633
63264305
63262717
63264583
63264411
63262779
63264556
63263220
63295021
63263343
63264817
63264493
63264857
63263535
63295022
63264733
63264932
63263132
63264711
63263127
63262943
63265295
63263250
63265000
63263815
63265115
63264319
63263255
63264983
63295617
63265213
63264001
63295526
63265333
63264148
63264628
63265244
63265105
63263703
63265396
63265228
63265763
63264236
63295897
63265859
63264964
63263668
63265677
63265638
63296203
63265921
63265632
63265927
63264472
63296266
63265979
63264890
63263890
63265982
63266140
63266080
63264772
63296463
63266189
63266251
63265449
63266094
63264422
63266325
63264887
63296866
63266523
63265031
63296784
63266446
63265210
63296668
63266539
63265621
63264512
63266576
63266765
63264960
63266704
63266852
63265643
63266705
63264891
63266200
63266262
63266987
63265331
63265665
63267397
63266669
63266658
63267246
63265725
63267461
63266153
63297562
63267461
63267783
63266150
63267534
63265926
63267864
63266621
63298059
63267888
63266809
63267094
63268246
63267550
63268147
63266308
63267979
63298634
63268223
63267503
63266220
63268234
63267258
63266313
63267614
63268119
63268514
63267099
63298781
63268582
63268566
63267337
63268481
63266925
63268849
63267383
63266885
63267087
63268946
63267933
63266782
63268888
63268711
63269380
63299462
63269146
63268030
63267060
63268934
63268857
63299091
63268976
63267465
63269485
63267975
63299622
63269461
63269663
63269576
63268138
63299782
63269525
63269762
63268129
63269489
63267915
63269716
63268442
63299949
63269679
63269139
63267802
63269973
63268130
63269928
63268530
63300134
63269883
63270171
63269226
63269938
63268389
63270197
63268861
63268097
63268839
63300558
63270301
63270106
63300570
63270367
63270201
63270599
63269089
63301025
63270760
63269902
63268681
63270634
63269037
63270910
63270615
63300916
63269601
63268707
63270913
63270499
63270952
63269630
63301067
63271092
63271127
63269525
63270933
63269312
63271120
63270992
63269418
63271219
63269962
63301573
63271270
63270480
63270610
63271230
63269677
63270093
63271346
63269756
63271694
63270605
63269568
63271482
63270166
63271867
63270501
63302141
63271860
63271734
63272027
63270575
63302368
63272038
63272267
63271274
63271871
63270345
63271965
63270701
63302524
63272187
63270965
63302306
63272126
63272482
63270958
63272155
63270738
63272495
63272517
63272692
63272714
63270899
63272700
63271720
63271313
63272732
63271185
63273058
63271459
63303459
63273044
63271757
63303162
63273071
63273134
63270976
63273339
63303297
63273197
63271838
63303374
63273109
63303518
63273237
63273382
63271326
63273272
63303869
63273435
63272157
63303570
63273058
63272099
63271435
63273811
63273535
63271969
63273635
63272102
63273975
63272523
63304475
63274037
63274164
63272473
63273942
63272349
63274085
63274114
63272544
63274403
63272893
63304554
63274355
63273522
63272253
63274308
63274473
63272401
63274350
63274447
63273118
63304517
63274463
63273394
63273869
63274454
63272833
63273156
63275009
63273372
63273954
63274578
63273077
63274973
63273521
63305160
63275048
63274004
63305103
63274966
63273881
63272987
63274071
63274940
63273687
63275629
63273624
63275388
63275421
63273786
63274130
63275492
63273967
63275624
63305766
63274286
63305912
63275739
63275890
63275051
63276171
63274166
63276049
63275846
63274299
63276100
63274864
63306154
63276159
63274933
63275355
63276027
63274573
63276346
63275044
63306619
63276332
63275707
63276629
63274769
63275086
63306735
63276585
63275582
63274623
63276637
63276782
63275929
63276676
63275027
63276981
63275657
63278516
63274645
63276602
63275161
63277013
63275664
63307080
63276965
63277117
63276234
63277429
63276741
63277150
63275810
63277029
63275517
63277181
63277374
63276538
63277685
63275623
63277561
63276202
63277638
63277167
63277528
63307796
63277364
63276732
63277366
63276070
63277382
63308089
63277592
63277488
63276891
63276588
63275759
63278222
63276183
63278052
63277832
63276326
63278024
63276788
63308369
63278010
63277385
63308235
63278181
63277116
63277398
63278145
63276414
63278389
63277030
63308395
63278341
63277313
63276399
63277292
63278691
63277065
63308679
63278743
63277869
63276634
63278590
63277621
63276867
63278977
63278687
63277107
63278957
63277721
63309332
63279141
63277872
63276937
63279094
63279328
63278485
63279157
63277703
63279374
63277922
63279561
63279223
63279590
63279442
63277769
63279672
63278289
63309569
63279518
63278375
63277492
63279624
63278852
63278869
63279579
63310176
63279847
63278523
63309868
63279796
63279944
63277824
63279919
63278939
63279297
63277696
63278493
63278377
63280127
63278969
63278147
63280099
63280008
63280324
63310664
63280275
63280105
63280544
63279140
63310972
63280562
63279759
63278609
63280692
63280423
63280913
63280628
63279058
63280917
63280748
63279041
63280992
63279547
63311269
63281098
63280261
63311111
63281057
63281280
63281200
63279676
63311673
63281347
63311493
63279997
63279918
63281265
63311999
63281611
63280864
63280890
63281636
63280032
63281792
63280351
63312007
63281768
63281584
63282030
63280558
63312297
63282010
63280921
63279945
63281986
63281844
63280854
63282547
63312566
63282191
63280979
63312336
63282290
63280238
63282680
63280624
63282476
63281254
63280309
63281768
63281102
63282483
63281751
63281942
63282536
63313160
63282743
63281595
63312960
63282882
63281687
63283114
63282935
63283148
63313529
63283133
63282007
63282439
63283287
63282854
63283256
63281796
63313605
63283430
63282238
63282632
63283175
63281809
63283545
63283346
63283396
63283573
63283490
63283489
63283717
63283933
63282964
63283609
63314329
63283979
63282692
63314305
63283960
63283230
63283207
63283903
63281928
63283839
63284306
63282926
63314576
63284244
63314536
63284389
63284110
63283308
63284340
63282851
63284775
63284504
63282930
63284796
63284648
63283102
63285026
63283499
63315211
63284954
63285126
63284324
63284896
63284688
63285148
63283666
63315442
63285206
63283943
63284474
63285162
63284841
63285301
63283609
63285222
63315667
63284811
63285591
63283570
63285353
63283871
63285642
63284220
63315865
63285757
63284545
63285004
63285663
63284058
63285824
63285596
63284692
63285850
63284382
63286063
63284667
63316179
63285978
63286252
63285148
63285993
63284409
63286285
63285056
63286318
63285994
63285278
63286867
63284709
63286708
63286427
63284880
63286209
63286806
63285962
63286104
63286602
63285134
63286993
63285647
63317164
63286914
63285729
63317230
63287003
63287035
63286810
63287126
63286802
63287378
63286835
63287271
63285678
63287212
63285773
63287027
63317501
63287104
63317774
63287490
63286131
63317523
63287418
63286264
63317757
63287671
63286288
63317602
63287556
63286542
63317963
63287669
63286641
63286957
63287638
63286048
63286358
63286524
63318257
63288096
63287201
63287306
63286657
63288122
63286865
63318286
63288265
63287538
63286266
63288389
63288140
63288374
63286898
63288675
63318605
63288226
63318700
63288511
63288697
63287756
63288951
63286895
63288720
63287422
63319075
63288908
63288889
63288613
63288286
63288772
63288258
63288906
63287322
63289150
63287719
63319455
63289291
63287983
63319380
63289243
63288290
63287223
63289339
63289280
63289561
63289559
63287896
63289663
63288276
63320009
63289728
63288852
63319934
63289722
63288681
63287763
63289903
63289899
63320427
63290109
63289860
63290242
63288700
63290422
63289183
63288368
63290362
63320959
63290555
63289260
63320782
63290558
63289442
63288637
63291061
63288989
63290760
63289311
63321116
63290749
63290999
63290181
63290695
63289146
63291108
63290915
63289324
63291046
63290986
63289204
63291083
63289775
63321364
63291083
63290018
63289726
63291054
63290227
63290369
63291400
63289395
63291217
63291038
63289416
63291289
63290004
63321744
63291433
63290104
63321686
63291471
63290275
63321790
63291642
63290700
63321880
63291580
63291475
63289710
63291576
63291368
63292104
63322347
63291879
63290646
63321960
63291737
63322289
63291991
63292128
63289936
63292025
63290806
63290550
63292276
63290518
63292284
63291058
63322620
63292278
63292477
63291125
63292362
63290764
63292565
63292519
63290846
63292770
63291297
63290942
63292857
63291322
63323068
63292736
63291879
63290709
63292788
63292963
63292969
63291568
63323386
63292955
63291722
63292273
63292970
63292881
63293348
63291865
63323774
63293283
63292016
63323661
63291318
63293296
63323901
63293462
63292438
63292852
63293446
63324094
63293502
63323862
63293668
63293891
63291757
63293764
63292610
63294027
63293770
63292223
63292670
63293900
63292344
63294159
63292785
63294308
63292808
63324552
63294428
63293672
63294129
63292275
63294303
63292778
63294675
63293360
63324746
63294798
63295004
63293703
63294673
63293253
63295061
63293619
63325499
63295140
63293821
63325418
63295372
63294205
63325656
63295424
63294167
63325772
63295489
63325909
63295543
63294454
63294776
63295407
63293874
63295689
63294275
63326110
63295800
63295154
63295157
63295767
63293522
63296038
63296013
63326604
63296125
63326291
63294784
63294157
63296586
63294618
63296368
63295076
63326402
63296285
63295291
63295614
63296340
63294689
63296541
63295356
63326845
63296654
63295675
63294609
63296637
63296532
63296811
63295578
63294746
63296817
63297078
63294872
63296886
63296986
63296178
63296860
63295276
63297077
63295676
63327628
63297285
63295950
63327483
63297361
63297373
63297377
63297464
63295991
63327960
63297457
63296221
63327738
63297451
63296434
63327689
63297690
63296403
63296934
63297507
63295899
63297730
63328139
63297842
63296616
63327930
63297777
63297149
63295791
63297972
63297830
63297314
63298446
63296390
63298140
63296978
63328554
63298283
63297105
63297571
63298410
63298103
63298628
63296206
63298385
63296893
63298568
63297212
63297220
63298436
63296954
63298680
63297228
63329087
63298790
63297591
63329102
63298996
63298003
63329077
63298934
63299197
63297434
63298989
63297478
63299166
63297881
63329480
63299295
63299351
63297234
63299350
63297638
63298573
63299831
63329812
63299504
63298185
63298093
63299618
63330043
63298604
63298083
63299957
63299705
63298115
63299746
63298241
63297920
63300330
63299753
63298437
63299962
63298378
63300230
63298833
63330404
63300059
63300388
63298080
63300145
63299185
63298183
63300282
63299582
63298187
63300457
63299703
63298331
63300409
63300670
63299624
63298275
63300895
63298914
63300626
63300533
63298934
63300721
63299406
63331091
63300927
63299547
63331169
63301088
63299564
63299181
63299683
63300268
63299698
63331430
63301122
63300010
63300541
63301315
63300936
63299363
63301291
63301090
63299311
63300218
63299375
63300343
63299799
63301549
63301761
63300892
63301638
63301913
63300885
63301631
63301447
63300991
63301874
63301147
63332079
63301927
63300766
63332296
63302135
63300872
63332288
63302108
63302256
63301389
63300426
63302050
63332604
63302256
63301559
63300460
63302209
63300676
63302426
63301241
63332701
63302532
63301347
63333032
63302727
63301467
63332717
63302631
63301587
63301238
63302660
63301118
63301978
63302845
63302726
63302542
63302937
63302905
63301349
63303112
63301728
63333687
63303205
63301434
63303198
63301577
63303254
63303429
63302634
63303240
63301613
63303441
63302061
63333735
63303448
63302727
63301407
63303383
63303251
63303660
63302331
63333922
63303738
63302457
63334279
63303872
63303788
63302153
63303940
63302539
63334462
63304087
63302813
63334254
63304186
63303142
63334424
63304310
63303524
63302231
63304296
63334476
63303635
63303716
63304391
63334931
63304666
63303341
63334848
63334787
63303464
63304005
63305142
63303049
63304799
63303508
63335076
63304902
63305098
63304259
63305392
63303371
63305121
63335565
63305134
63303815
63304442
63305288
63303507
63305308
63304239
63335883
63305476
63304287
63335818
63305452
63305681
63303795
63305538
63305694
63304001
63305874
63304883
63303638
63305661
63304024
63305753
63305656
63304130
63304416
63306327
63305598
63306167
63305947
63304288
63306126
63306019
63304421
63306222
63304818
63336385
63306273
63305997
63306306
63304954
63336545
63306259
63305245
63305725
63306819
63306719
63306347
63306684
63305427
63336960
63306855
63305694
63337173
63306862
63306206
63337245
63307009
63306160
63305469
63306944
63337549
63307220
63307385
63305741
63307215
63337849
63307316
63306182
63337894
63307514
63306185
63337846
63307733
63306384
63306878
63307545
63306085
63307856
63305859
63306501
63305881
63307823
63338465
63307915
63308186
63306597
63307978
63306418
63308294
63308146
63306627
63308479
63308334
63306685
63308609
63308430
63306795
63308572
63308406
63306863
63308620
63307363
63338893
63308678
63307359
63339146
63308766
63307530
63306701
63308134
63308853
63308144
63308900
63308973
63308243
63308843
63307990
63307231
63308851
63306934
63307861
63309268
63308865
63309062
63308476
63309300
63309445
63307376
63307912
63339573
63309278
63309368
63309374
63309167
63307658
63309459
63309338
63307665
63309589
63308188
63339793
63309586
63308305
63339889
63309709
63308319
63339717
63309744
63308484
63308892
63310159
63308120
63309870
63308630
63340243
63309928
63308959
63340345
63310072
63309365
63308072
63310072
63310449
63309466
63310649
63310108
63340626
63310141
63309991
63308333
63310255
63308671
63310493
63310338
63308764
63310688
63310285
63310817
63309522
63341141
63310875
63341197
63310939
63309682
63341178
63310891
63309730
63340971
63310805
63310994
63309484
63310820
63309184
63311122
63309814
63341622
63311191
63309934
63341499
63311242
63310376
63309218
63311283
63311309
63309514
63311315
63310570
63310610
63311213
63311152
63311575
63311406
63309822
63311537
63310174
63341899
63311743
63310486
63342054
63311767
63311046
63309688
63311753
63311928
63310534
63311843
63310259
63312074
63310745
63342302
63312095
63310927
63342300
63312280
63311263
63342524
63312259
63311634
63310239
63312304
63312551
63311203
63312465
63311325
63311637
63312349
63312240
63312649
63312528
63310920
63312782
63311330
63343065
63312888
63311700
63312057
63312677
63312451
63312897
63312749
63311127
63313044
63312108
63313065
63311873
63343294
63313068
63313281
63311736
63313024
63312919
63311833
63313244
63311646
63313423
63313302
63311732
63313389
63312050
63315350
63311520
63312451
63311931
63313551
63312056
63313792
63312621
63344068
63313902
63312888
63344271
63314025
63313029
63311943
63314224
63314207
63312917
63314112
63312518
63314414
63314170
63312535
63314384
63313127
63344863
63314483
63313202
63344733
63314746
63313686
63313955
63313801
63314878
63314598
63314733
63314678
63314698
63313143
63314863
63313330
63315182
63314159
63315230
63313925
63345458
63315308
63314304
63313448
63314673
63315470
63313565
63315299
63315231
63314259
63315939
63315402
63313580
63315927
63315263
63315744
63315589
63313981
63314386
63315695
63314001
63315874
63315657
63315696
63346099
63316021
63316005
63315261
63316131
63315752
63314665
63316155
63315841
63314769
63316115
63314545
63316322
63314921
63346691
63316468
63315168
63346904
63316548
63315134
63346867
63316669
63316524
63316376
63315971
63316905
63316862
63314783
63316752
63316924
63316888
63315774
63316220
63316484
63316975
63315451
63347403
63316633
63316897
63347567
63317347
63315909
63347384
63317177
63316558
63347309
63317306
63316685
63347419
63317474
63316702
63347667
63317547
63316297
63348070
63317690
63316410
63348081
63317746
63318115
63317443
63316963
63317692
63316617
63315750
63317210
63316164
63318030
63317757
63318117
63316323
63318007
63316431
63318263
63316859
63318085
63318393
63317099
63348440
63318356
63317686
63348611
63318622
63317922
63316499
63318694
63317584
63318081
63318701
63318924
63349088
63318815
63318892
63318701
63318993
63319062
63317097
63318831
63318806
63317820
63318891
63317589
63319304
63319033
63317449
63319322
63317845
63349731
63319356
63318185
63317662
63317817
63319328
63317874
63319733
63319541
63318008
63319628
63319613
63319486
63319944
63320247
63319620
63318448
63320400
63318337
63318884
63319993
63350707
63318887
63319188
63350719
63320234
63318607
63320373
63320266
63318617
63318981
63320879
63320228
63320702
63320458
63318874
63320726
63320554
63318984
63320857
63320674
63319039
63320929
63320757
63320565
63320072
63320312
63321525
63319287
63321139
63320953
63320761
63321221
63321270
63320010
63320634
63320218
63321651
63319480
63321428
63321600
63321422
63321716
63320319
63351716
63321665
63320432
63352010
63321774
63320504
63352256
63321918
63320798
63352322
63322137
63320973
63352360
63322172
63320980
63352416
63322333
63320973
63352518
63322408
63321121
63352449
63322358
63322581
63321691
63322365
63322311
63321339
63322379
63322202
63320656
63321932
63322650
63320571
63322711
63322716
63321161
63322948
63321725
63353432
63322999
63353560
63323118
63322139
63353233
63323029
63322404
63353480
63323231
63321998
63353595
63323454
63322770
63321610
63323351
63323129
63323576
63322452
63353969
63323805
63322466
63354055
63323857
63322637
63354137
63323901
63322764
63353930
63324013
63322801
63354211
63324119
63323289
63322611
63324342
63322485
63324225
63324063
63322479
63324284
63323057
63355015
63324598
63323160
63354749
63324425
63323216
63354811
63324589
63323329
63354956
63324603
63323851
63322535
63324606
63323555
63322607
63324688
63325028
63324839
63355146
63324844
63323765
63323379
63324834
63324773
63324872
63325187
63324329
63323131
63325197
63324231
63323276
63325334
63325530
63324725
63325495
63324495
63323526
63325540
63324567
63323612
63325653
63325951
63323780
63325787
63324620
63356188
63325959
63324681
63356123
63326075
63324790
63356379
63326122
63324951
63356427
63326263
63324992
63356362
63326314
63325068
63356547
63326253
63326083
63325858
63326267
63325010
63356626
63326339
63325315
63356537
63326602
63325507
63356767
63326364
63324831
63325137
63326497
63356961
63325306
63356948
63326563
63325630
63325303
63326467
63325587
63324717
63326961
63325611
63325499
63326859
63326718
63325619
63326979
63325371
63327237
63325878
63357589
63327302
63326052
63357496
63327353
63327593
63326820
63327576
63327786
63325805
63327081
63327909
63325761
63327717
63327991
63327138
63328037
63326124
63327850
63326514
63358445
63328000
63326692
63357982
63327973
63327099
63326251
63328073
63327331
63327422
63327985
63326428
63328301
63326798
63358662
63328349
63326918
63326733
63328534
63328403
63358812
63326701
63328465
63326868
63328785
63328056
63326754
63328747
63328861
63328897
63327421
63359357
63328955
63328085
63326941
63329057
63328354
63327037
63329102
63327777
63329283
63327546
63359725
63359448
63329219
63359884
63329465
63328427
63359827
63329591
63328536
63327529
63329731
63329424
63329768
63329497
63359743
63329665
63328638
63329006
63327682
63329120
63327653
63329758
63329472
63329929
63328579
63360234
63329983
63330155
63329251
63330384
63329704
63330191
63329968
63329902
63328830
63330142
63328483
63330263
63360707
63330276
63329146
63328269
63330160
63329979
63328640
63330232
63330144
63329027
63330322
63328789
63330662
63330442
63329015
63328910
63330694
63330958
63332533
63329977
63330711
63361533
63330928
63329616
63361568
63331188
63330968
63329476
63331263
63331142
63331111
63329289
63331915
63331149
63330595
63361912
63331907
63329803
63331580
63330251
63329937
63331789
63331617
63330098
63330479
63331751
63331545
63332274
63331098
63332218
63330357
63332086
63331777
63331674
63330530
63332013
63331845
63330961
63330969
63330809
63330903
63362775
63332414
63331229
63362621
63332462
63331727
63330445
63332438
63331685
63362796
63332630
63331974
63362930
63332678
63332542
63332886
63331574
63363365
63332934
63331598
63331273
63331731
63332902
63331253
63332935
63333069
63331863
63363553
63333216
63331993
63363324
63333195
63332168
63363773
63333462
63332704
63331380
63333462
63332500
63363711
63333576
63332466
63363969
63333819
63332497
63364151
63333932
63332631
63364106
63334087
63332826
63364237
63334288
63333465
63332077
63334025
63333465
63334219
63334278
63332833
63334207
63332595
63333176
63334473
63334637
63334680
63333235
63364896
63334537
63333485
63332820
63334721
63334985
63332639
63334704
63333588
63365177
63335036
63334264
63365392
63335081
63334411
63365285
63335180
63334170
63365306
63335201
63334644
63333211
63335225
63334716
63333283
63334825
63335540
63334657
63335410
63335226
63333715
63335506
63335264
63334224
63334670
63334302
63333436
63335617
63334913
63365910
63335730
63335009
63337586
63335908
63334672
63333819
63335728
63335431
63337283
63368385
63336664
63368544
63338276
63337121
63368681
63338648
63337439
63368812
63338696
63337838
63336740
63338723
63338898
63338066
63338744
63338728
63338175
63338838
63337305
63339178
63339176
63337541
63339488
63339217
63337647
63339571
63337958
63369920
63339584
63338297
63369930
63339643
63338650
63337506
63339004
63339515
63339386
63339825
63338493
63339633
63370166
63339762
63339961
63338420
63339954
63338319
63339973
63338572
63370380
63340031
63338874
63370271
63340295
63339458
63370353
63340179
63339455
63338299
63340245
63370828
63340462
63339253
63370663
63340462
63340736
63338733
63340504
63338975
63340660
63339132
63371303
63340855
63339598
63371006
63340865
63339718
63338872
63340455
63340800
63339291
63341041
63339825
63371376
63341103
63340072
63371318
63341181
63340505
63339147
63340716
63341459
63339266
63341372
63341605
63340715
63340296
63371915
63341618
63340934
63339539
63341604
63341953
63341063
63341649
63341527
63339868
63341745
63341633
63340660
63341839
63340320
63342107
63342010
63340351
63342275
63372411
63342205
63342298
63340585
63342407
63341229
63372598
63342482
63341567
63341008
63342436
63341332
63372956
63342692
63340962
63342667
63340951
63342718
63373191
63342663
63342007
63342706
63373289
63342895
63341912
63340837
63342881
63341867
63341243
63343035
63342865
63341659
63343134
63342899
63341779
63343160
63341528
63343452
63342000
63373640
63343404
63342673
63373735
63343613
63342824
63373739
63343709
63343867
63343438
63343703
63343786
63341983
63343717
63343167
63374031
63343912
63373898
63344038
63344098
63342646
63343294
63344041
63342230
63344180
63342531
63343183
63344244
63344132
63343255
63344797
63344676
63343895
63344604
63344420
63343868
63344748
63344512
63344763
63344029
63343549
63344758
63343068
63343172
63344799
63343164
63343463
63344909
63344680
63343559
63344997
63344786
63343240
63345562
63344772
63344018
63344477
63345149
63345067
63343635
63345566
63345259
63344734
63345881
63343707
63345545
63344213
63375824
63345610
63344463
63376007
63345795
63344508
63375985
63345902
63344566
63376063
63345926
63344436
63344033
63344287
63345927
63345173
63344573
63376285
63345974
63344765
63376387
63346100
63344840
63376367
63346094
63345373
63347837
63345796
63346307
63345245
63345589
63346232
63345946
63346508
63346261
63344714
63344767
63346771
63346237
63345189
63346258
63344739
63346505
63346347
63344698
63344888
63346864
63346282
63345066
63346484
63345006
63346691
63346583
63345013
63346814
63346618
63345490
63346018
63346936
63347025
63346162
63346864
63347121
63346320
63345308
63347045
63345461
63347262
63345946
63377719
63347398
63345610
63347609
63346222
63346120
63346337
63377659
63347595
63346410
63377868
63347718
63346540
63378043
63347780
63346660
63377946
63347886
63346766
63378149
63347975
63346848
63346142
63347612
63348324
63347478
63348382
63347952
63346334
63348207
63348027
63346876
63348305
63346101
63346736
63348398
63378784
63348639
63347365
63378847
63348817
63347523
63379091
63348832
63347633
63379290
63349020
63347677
63379296
63349009
63347759
63379376
63349092
63347921
63379537
63349226
63348055
63379623
63349394
63348531
63379474
63349397
63348697
63347438
63349394
63349654
63348764
63349503
63349240
63348360
63349467
63348773
63348371
63348905
63349513
63347956
63347704
63349599
63347946
63349696
63349611
63349529
63348364
63349796
63349516
63349155
63350017
63349731
63347997
63349925
63349871
63348144
63350560
63380663
63350389
63348471
63350583
63348950
63380822
63350549
63349740
63350590
63350489
63350284
63349530
63350534
63350352
63350737
63350643
63349912
63350569
63350834
63350038
63380925
63350848
63351187
63350341
63350920
63350729
63351103
63351098
63351051
63351282
63349765
63381401
63351224
63350432
63349146
63351304
63349570
63351224
63351103
63349460
63351350
63351280
63349775
63351423
63351560
63351487
63351251
63351581
63381835
63351489
63381942
63351651
63351410
63351674
63351549
63349886
63350164
63351552
63351364
63351882
63351961
63350335
63351702
63350155
63352086
63352037
63350866
63382276
63352187
63351020
63382412
63352482
63351686
63350311
63352457
63351628
63350458
63351891
63352227
63350826
63352527
63352473
63350959
63353020
63350879
63351130
63352634
63352538
63352947
63352730
63351122
63351151
63352680
63351133
63353036
63352864
63351256
63353071
63353015
63352830
63351583
63353460
63350897
63383467
63353292
63352080
63353107
63351273
63352121
63351838
63352223
63353373
63352359
63351499
63352785
63352133
63351431
63351652
63352407
63351605
63353711
63353621
63352185
63384113
63353682
63353561
63351939
63352499
63354115
63353584
63352642
63353725
63352131
63353916
63353196
63352588
63384460
63354099
63352900
63384375
63354160
63353218
63352304
63354335
63353710
63352837
63353901
63354539
63352904
63354807
63353232
63352952
63354790
63353324
63385317
63354872
63354711
63353048
63354958
63353520
63385329
63355013
63353612
63385465
63355136
63353561
63385475
63355197
63353729
63385529
63355256
63353804
63385537
63355250
63354556
63353284
63354645
63355107
63355327
63355454
63353964
63355294
63353761
63355562
63353507
63354358
63385951
63355656
63354495
63355054
63355698
63355412
63354384
63355932
63355675
63355165
63355904
63355710
63356228
63356073
63354554
63356225
63354896
63386746
63356382
63355949
63356344
63355022
63386815
63356518
63355124
63386937
63356658
63355134
63387033
63356621
63355299
63386867
63356658
63355347
63386966
63356693
63356818
63387022
63356680
63356876
63386998
63356883
63356189
63354968
63356865
63355879
63354937
63356349
63357156
63356300
63357039
63387574
63357046
63387729
63357393
63356532
63355376
63356451
63357103
63356596
63356741
63357196
63355908
63357479
63357264
63355955
63357459
63355875
63357676
63357555
63355947
63357748
63357627
63356149
63356813
63356282
63356424
63388309
63357972
63388414
63356888
63356080
63358199
63358320
63357518
63358155
63356528
63358496
63357058
63388935
63358616
63358496
63358441
63358850
63358592
63358482
63357218
63358789
63358605
63358990
63358869
63358636
63357465
63358903
63357268
63357570
63358972
63357402
63359254
63357867
63389350
63358058
63357164
63359410
63358922
63357931
63359261
63361098
63389531
63359688
63359615
63358481
63389832
63359666
63359510
63358303
63357846
63390266
63359782
63358689
63358079
63360358
63358353
63360130
63358894
63360071
63358121
63360238
63358525
63360377
63359147
63358601
63391008
63360641
63359611
63358597
63360625
63360355
63360778
63359500
63391102
63360837
63359631
63391010
63360970
63360283
63358922
63361131
63360868
63361161
63360883
63359285
63361123
63359773
63391724
63361472
63360164
63359328
63391583
63361520
63391669
63360851
63360175
63359709
63361348
63359852
63361616
63360215
63392167
63361709
63360380
63392166
63361767
63360561
63392112
63361753
63361976
63361137
63361884
63360163
63361978
63360659
63360134
63360360
63362168
63360873
63392390
63362219
63361048
63360356
63362275
63362005
63360381
63362245
63360651
63360878
63362878
63360822
63362623
63361181
63392971
63362750
63361507
63393113
63362963
63361716
63363064
63361807
63393129
63363019
63363191
63361047
63363215
63362877
63363214
63363117
63361612
63363348
63361861
63362612
63361668
63362287
63363529
63362221
63393716
63363478
63362576
63362787
63363557
63363277
63363751
63362350
63394222
63363871
63362446
63394392
63363994
63362833
63394345
63364114
63363032
63394442
63364217
63363118
63363625
63364283
63364054
63362766
63364335
63362802
63364538
63364417
63364263
63364593
63364458
63362874
63364562
63363161
63395089
63363133
63364799
63363717
63363612
63364756
63363158
63363273
63364828
63363258
63365042
63363631
63395359
63365056
63363918
63395264
63365090
63364076
63363169
63364530
63395457
63365240
63365088
63365491
63365346
63364305
63363401
63364877
63365186
63364244
63365337
63365330
63364337
63365481
63363886
63365636
63364235
63396187
63365756
63364465
63396163
63365910
63364687
63396228
63366115
63364858
63364029
63365986
63364378
63366179
63366031
63364447
63366344
63366175
63364591
63366464
63365207
63396785
63366549
63366676
63365215
63366451
63396878
63366559
63365484
63365943
63366559
63366389
63365519
63366642
63366612
63366060
63366770
63365302
63367072
63365671
63397318
63367010
63366057
63367232
63397700
63367125
63367127
63367333
63365836
63397574
63367271
63366124
63366580
63366666
63367358
63367085
63367545
63366312
63397815
63366308
63367503
63398100
63367792
63366484
63397881
63367963
63366645
63398200
63367919
63366683
63398158
63367906
63368143
63367355
63368043
63367907
63366560
63368048
63366515
63366231
63368224
63367938
63366824
63368161
63366642
63366855
63368247
63368181
63368641
63367141
63398745
63368737
63367494
63398962
63368655
63367611
63366611
63367992
63368783
63368623
63369083
63367553
63399489
63368025
63368316
63368960
63369153
63367358
63369087
63399585
63369188
63369435
63368582
63369203
63367708
63369430
63368115
63399827
63369519
63369633
63367993
63369507
63367940
63368486
63369459
63367875
63369662
63368312
63400226
63369819
63368603
63400117
63369940
63368556
63400211
63369964
63370164
63400437
63370125
63370314
63368201
63370245
63369040
63369585
63370377
63368727
63370463
63369073
63400777
63370498
63369327
63400905
63370683
63369474
63401258
63370731
63369546
63401057
63370752
63370072
63400946
63370882
63368788
63371248
63401438
63371130
63369600
63401339
63371124
63369881
63401342
63371103
63370413
63369220
63370086
63369878
63401440
63371252
63371387
63370561
63371705
63371082
63370161
63371305
63371113
63369948
63371452
63369803
63371618
63370179
63402105
63371738
63370433
63401958
63371765
63370791
63371053
63371725
63370202
63372075
63371889
63370240
63372062
63371855
63371738
63370536
63372172
63372484
63372308
63371099
63402623
63372366
63402396
63402842
63372366
63372275
63370497
63372498
63370900
63372677
63372659
63403069
63372687
63403244
63372895
63371638
63403163
63372786
63372788
63372166
63372854
63372670
63371526
63372958
63371401
63373223
63371750
63403558
63373151
63371736
63403648
63373288
63372010
63403839
63371821
63373301
63371703
63373504
63372127
63403861
63373614
63373513
63373274
63373704
63372447
63403880
63373656
63373592
63372181
63373722
63373455
63372239
63373794
63373551
63374032
63373839
63372231
63372554
63374109
63373904
63372925
63374069
63372475
63374372
63374295
63372660
63374355
63374288
63372704
63374498
63373271
63374510
63372753
63374591
63373372
63404642
63374615
63373619
63372708
63405230
63374847
63373164
63374886
63373550
63405357
63375016
63373810
63405453
63375229
63373958
63405354
63375167
63375404
63374548
63375404
63375076
63375485
63374348
63373406
63375279
63374692
63405620
63375433
63374423
63373676
63375598
63375266
63374434
63375643
63374179
63375785
63374442
63406363
63375939
63374682
63406199
63375963
63375992
63406185
63375135
63375677
63376072
63374657
63406492
63376117
63374932
63406612
63376223
63375061
63406578
63376610
63376302
63374596
63376417
63374828
63375887
63374912
63376450
63406738
63376743
63375906
63374848
63376715
63376962
63376058
63377100
63375081
63375185
63376700
63375181
63376931
63375588
63407325
63377150
63375794
63407653
63407706
63376099
63375250
63377169
63375585
63377342
63377237
63375568
63375744
63377991
63375862
63376051
63377985
63375941
63376089
63377660
63377340
63377725
63377601
63376017
63377883
63377711
63376103
63377880
63376595
63408371
63378150
63377183
63376169
63378441
63376334
63378230
63376720
63376152
63377144
63377507
63378500
63378432
63378220
63378521
63377251
63408583
63378658
63377862
63376590
63378634
63377806
63376734
63378146
63379039
63378237
63378915
63377223
63379212
63378964
63378759
63377543
63378900
63377367
63379093
63377692
63409550
63379261
63377788
63409788
63379387
63378086
63409699
63379435
63378708
63377487
63379466
63379689
63378857
63379481
63379481
63379484
63379806
63378381
63409913
63379863
63379105
63377884
63380004
63379553
63379962
63379879
63378309
63380110
63378853
63410514
63380250
63379909
63380290
63379997
63380559
63380219
63378676
63380477
63379063
63410710
63380590
63379341
63379886
63380451
63378861
63380676
63379395
63410977
63380843
63379474
63411215
63380789
63379744
63382682
63410939
63380746
63381064
63379835
63380942
63379358
63379513
63381139
63381164
63379232
63381288
63381452
63379640
63381825
63379616
63381417
63381347
63379674
63379942
63381417
63381258
63380534
63380293
63380184
63380285
63411980
63381836
63380681
63381069
63381716
63381929
63380816
63381844
63380325
63382020
63380523
63380322
63381962
63381818
63382242
63380883
63380006
63382129
63380416
63382268
63380957
63412533
63382354
63380985
63412409
63382262
63381306
63381643
63382315
63380731
63382532
63381227
63413105
63382584
63382335
63382867
63381058
63382763
63413313
63382874
63413385
63382925
63382745
63383163
63381681
63413414
63383034
63382923
63382441
63383078
63381451
63383405
63382501
63381842
63381511
63383486
63382034
63413746
63383510
63382301
63413834
63383548
63382271
63413864
63383740
63382446
63414112
63383795
63382603
63413903
63383723
63383987
63383988
63382991
63383133
63384309
63382218
63383995
63382714
63414375
63384193
63382981
63383410
63384166
63382464
63384027
63383627
63382944
63414701
63384612
63383355
63414655
63384564
63383536
63383856
63384472
63414769
63385067
63382960
63384785
63384619
63382956
63383232
63384650
63383189
63384867
63382702
63383632
63415540
63385139
63384469
63383146
63384521
63385140
63383729
63385352
63383748
63383873
63385770
63383844
63385642
63385486
63383865
63385789
63384344
63415984
63385827
63384498
63415839
63385669
63384645
63384293
63385149
63384669
63384605
63416081
63386357
63384279
63386045
63384785
63416470
63386145
63384974
63416491
63416488
63386222
63385208
63384426
63386232
63386127
63386154
63385542
63386303
63384620
63386472
63385024
63416770
63386548
63385523
63385822
63386453
63416893
63386609
63386526
63385007
63385097
63386673
63385226
63385217
63386809
63386666
63387010
63385609
63417481
63387106
63386375
63385103
63387223
63385938
63387379
63387210
63385612
63387450
63386293
63417753
63387488
63386788
63385539
63386295
63387497
63418002
63387054
63417979
63387518
63386453
63387541
63387439
63386151
63387634
63386050
63387923
63386399
63418451
63387998
63386687
63418247
63388091
63386951
63385937
63388097
63388221
63387389
63388002
63387869
63386725
63388122
63387901
63386695
63388315
63386680
63388553
63387310
63418661
63388505
63388677
63387896
63388646
63388572
63419108
63388677
63387465
63388149
63388621
63388796
63387926
63388628
63388342
63388853
63388630
63387097
63387369
63388801
63388558
63388225
63388810
63388650
63389196
63387709
63419461
63389219
63388194
63389187
63389011
63389457
63389229
63389131
63387771
63389347
63387763
63387952
63389429
63387794
63389646
63389498
63387965
63388464
63389914
63388569
63420305
63390048
63388449
63420356
63390003
63388606
63420169
63390075
63388788
63420314
63389966
63389317
63388096
63389297
63390162
63389330
63390018
63388418
63390383
63388859
63388630
63388473
63390840
63388870
63389409
63390516
63390021
63390637
63390423
63389172
63390690
63390447
63390918
63390749
63390533
63389742
63390807
63391105
63390150
63391369
63390794
63391254
63390681
63391213
63389767
63421348
63391435
63421888
63391218
63390242
63389249
63390076
63421559
63391361
63390286
63389378
63391467
63390821
63389498
63391607
63390375
63389618
63391726
63390695
63391076
63392158
63422064
63391719
63391084
63389812
63391753
63391990
63389908
63392072
63391875
63422596
63392261
63390809
63422558
63392226
63391110
63391576
63392696
63392124
63391166
63392347
63390726
63390932
63392508
63390948
63392684
63391181
63423109
63392855
63392735
63390990
63390823
63393207
63392594
63393051
63392742
63392161
63391526
63423371
63393156
63391872
63423373
63393276
63393083
63391540
63391593
63392898
63393302
63391522
63393374
63392138
63423554
63393559
63392295
63423861
63393740
63392264
63424192
63393917
63392613
63391802
63393731
63392994
63393500
63394035
63392583
63424511
63394080
63392861
63424244
63394340
63393152
63392275
63394319
63394450
63393648
63394307
63392672
63394575
63393106
63424972
63394890
63393243
63425013
63394890
63393507
63425072
63394938
63394091
63392908
63394371
63394008
63425253
63395213
63425292
63393887
63395310
63393954
63395422
63394090
63425631
63395483
63395271
63393738
63393893
63395445
63393728
63393968
63395435
63393902
63395754
63395606
63395387
63394494
63395600
63394053
63395926
63395682
63394098
63394634
63395778
63394245
63396022
63394714
63426169
63396022
63395411
63426279
63396105
63395259
63426404
63396334
63426454
63396449
63394737
63396292
63394773
63396632
63396337
63394763
63394932
63396457
63396326
63395419
63396535
63396430
63395601
63396731
63395959
63395670
63396922
63395576
63427018
63397072
63396885
63397136
63396964
63396965
63427614
63397138
63395518
63397210
63396017
63427448
63397233
63397381
63396528
63397432
63395705
63397557
63396191
63428042
63397691
63397594
63397351
63397862
63396373
63428325
63398068
63397759
63396342
63396525
63398405
63396264
63396368
63397417
63397008
63396128
63397697
63398078
63397550
63398224
63398160
63396800
63398371
63398336
63428727
63398417
63398363
63397298
63398558
63398388
63397497
63399062
63398514
63397230
63398662
63397194
63398851
63397464
63429350
63399033
63397625
63429226
63397566
63429267
63399019
63399396
63397544
63399034
63397378
63399128
63399123
63397720
63397742
63399297
63399105
63397875
63399393
63397648
63397416
63399342
63397744
63399305
63399693
63398552
63430144
63399820
63398686
63430161
63399974
63398820
63430323
63400173
63399012
63398121
63400063
63400259
63399516
63399542
63399133
63430725
63400428
63399294
63430811
63400610
63399916
63400735
63400491
63400556
63398713
63400692
63400573
63399244
63400820
63399366
63399528
63400844
63399208
63401030
63399571
63400671
63430901
63399665
63400148
63401075
63400238
63399257
63401130
63399708
63431752
63401284
63400027
63431690
63401324
63400139
63431656
63401420
63400699
63399440
63400293
63401504
63401282
63400331
63401532
63401427
63399995
63401557
63400038
63400270
63401978
63401947
63400321
63401838
63400415
63402093
63400668
63432316
63402065
63400729
63400435
63402284
63402081
63400497
63400696
63402149
63400541
63400617
63402142
63402076
63402361
63400895
63400656
63402594
63402429
63400896
63401117
63401820
63401199
63432913
63402805
63401504
63402927
63401554
63432970
63402951
63402120
63433026
63402889
63401831
63433139
63402957
63403132
63401159
63403050
63401999
63402557
63403149
63401896
63402448
63403403
63403089
63401859
63403283
63403099
63403477
63433938
63403558
63402072
63434051
63403630
63403519
63403327
63403736
63403653
63403678
63401927
63403705
63403951
63403091
63403852
63402203
63404041
63403920
63403756
63402570
63404255
63453254
63453765
63453521
63451872
63453724
63452310
63484275
63453946
63452515
63484272
63453950
63452707
63484313
63454149
63452303
63454165
63452929
63484289
63454230
63453937
63454485
63454166
63452596
63452809
63452997
63454246
63452656
63454545
63453272
63484627
63454662
63453658
63454090
63454655
63454355
63453177
63455153
63454489
63453372
63455276
63453227
63455109
63454886
63454804
63455250
63454979
63453395
63455226
63454952
63453419
63455278
63453805
63485552
63455241
63454214
63453337
63455343
63455478
63454611
63455728
63453672
63453971
63455508
63455877
63453886
63455673
63454249
63486185
63455869
63454540
63486105
63455920
63455207
63454774
63453966
63455292
63454640
63454851
63455006
63456048
63454617
63456323
63454966
63486658
63456470
63456345
63456126
63454947
63456467
63456167
63455324
63456321
63454802
63456589
63455113
63487062
63456645
63455237
63487200
63456820
63456627
63455084
63456834
63456675
63455142
63456994
63455614
63487184
63457005
63456036
63455630
63457167
63455838
63457183
63456917
63457250
63457310
63487788
63457235
63456230
63456282
63487951
63457686
63457909
63457128
63456902
63457605
63456413
63488116
63456686
63488072
63458032
63458094
63458007
63457806
63456878
63457922
63458034
63488658
63456684
63458660
63457996
63457075
63458750
63456700
63456978
63458431
63456700
63458515
63457090
63488847
63458659
63457354
63488847
63458662
63457402
63488868
63458785
63457433
63489169
63458752
63457530
63489247
63458896
63457481
63457229
63459067
63458895
63457297
63459149
63459042
63458850
63457178
63459257
63457874
63458300
63458684
63458680
63457558
63459742
63459368
63458824
63459761
63458627
63489935
63459788
63458659
63458588
63459984
63458813
63490287
63460063
63490167
63459529
63459889
63458882
63460652
63459909
63459104
63460183
63460159
63459276
63460369
63460307
63458765
63460443
63460187
63459789
63460535
63459473
63460842
63460721
63459174
63459439
63460820
63459250
63461058
63459763
63491146
63460986
63460313
63459106
63461164
63460539
63491525
63461294
63461374
63461122
63460143
63461338
63459826
63459919
63461487
63461382
63460857
63461443
63461355
63461842
63461621
63460000
63461975
63460400
63492239
63461889
63460578
63492311
63461718
63461884
63461201
63461319
63461935
63492294
63461854
63460345
63462122
63462052
63461785
63460650
63462100
63460609
63462368
63462097
63460513
63460692
63462284
63462100
63460905
63462402
63462210
63460829
63462549
63462330
63460627
63463113
63461972
63462733
63461149
63461229
63462928
63463011
63460857
63462809
63462703
63461810
63493223
63461901
63462405
63463487
63462315
63463105
63463377
63461973
63493634
63463449
63462219
63493584
63463530
63462363
63462870
63463537
63461910
63462041
63462160
63463506
63494152
63463666
63462634
63494202
63463997
63462740
63465576
63494207
63463232
63463972
63494384
63462737
63494301
63464032
63462484
63464298
63463041
63494596
63464367
63463028
63494689
63464518
63463264
63494764
63464638
63463237
63495050
63464720
63463453
63494946
63464659
63463474
63495231
63464755
63463491
63495112
63464755
63463584
63495096
63464858
63464260
63462916
63464967
63463916
63463070
63462781
63464881
63464734
63463820
63465111
63464837
63463484
63465241
63465008
63465366
63465221
63463600
63464806
63464964
63465683
63464800
63465032
63465693
63464912
63465761
63464367
63463717
63465643
63496141
63465822
63465174
63465702
63464118
63466021
63464655
63496428
63466175
63464692
63496540
63466237
63464908
63496459
63466186
63465015
63496548
63466269
63466172
63465994
63465189
63466894
63466261
63465360
63466504
63464934
63465082
63466586
63465067
63466810
63466617
63465067
63467033
63465509
63497281
63465117
63466269
63465325
63467112
63465964
63497378
63467111
63467334
63465101
63466999
63465487
63467278
63467020
63466889
63465673
63467105
63465470
63467322
63465993
63497806
63467418
63466172
63497633
63467525
63466254
63497587
63467463
63467686
63465521
63467583
63466910
63497907
63467901
63466593
63498096
63467846
63466675
63497983
63498091
63466501
63498141
63468138
63467015
63498323
63468124
63467133
63466021
63468056
63467834
63468147
63468019
63466864
63466227
63468090
63467992
63466704
63468194
63468016
63468388
63467230
63467713
63468358
63466784
63468636
63467592
63467993
63468674
63468475
63499044
63468838
63467949
63468120
63469186
63468546
63467343
63468983
63468690
63468234
63468936
63468852
63467159
63469095
63467606
63469312
63469091
63468862
63467785
63469696
63469046
63468227
63467633
63469570
63499807
63469481
63468570
63468985
63469638
63469598
63468361
63470387
63468172
63468450
63470362
63468408
63470167
63470098
63468388
63468492
63470540
63469890
63468215
63470143
63468697
63468709
63470261
63501032
63470573
63470404
63468927
63470662
63470105
63468944
63470448
63468836
63469012
63470502
63468932
63469142
63470775
63470657
63469081
63470868
63469622
63501176
63470978
63469728
63501272
63471108
63469879
63501584
63471104
63470932
63470833
63469898
63471083
63469564
63469740
63471244
63469725
63469668
63471774
63471534
63469486
63471530
63470363
63469531
63471524
63470438
63469722
63471674
63471949
63471093
63471925
63502269
63471995
63470855
63471705
63470555
63470718
63502351
63472222
63471069
63502314
63472158
63471096
63470219
63472383
63471243
63470473
63471345
63470588
63472506
63472739
63471825
63472729
63472343
63471192
63472710
63471191
63471255
63472915
63471795
63503160
63472980
63473203
63471069
63473004
63472004
63471107
63472642
63473422
63471251
63473360
63472749
63471487
63473456
63472340
63503588
63473532
63472790
63503698
63473655
63472336
63504192
63473788
63473639
63473492
63472951
63473615
63473503
63471783
63473739
63473699
63473109
63474003
63474123
63471979
63474002
63474161
63472983
63504435
63474220
63473065
63472447
63473013
63474368
63473022
63504570
63473288
63504634
63474692
63473322
63505077
63474737
63474517
63472998
63472755
63475271
63474513
63473259
63474851
63474650
63474051
63474729
63474545
63474715
63475030
63473951
63505430
63475222
63474085
63475509
63475526
63474629
63475325
63473727
63475781
63475574
63473925
63474029
63475686
63475526
63474909
63475040
63475881
63473822
63475258
63475902
63473720
63475737
63475102
63506011
63475881
63474747
63506264
63476079
63474785
63506336
63476244
63475021
63506463
63476364
63475107
Peak: 63507261
Average: 62313244.07162689
