# Episodes, Rewards
0.0,-1.227179487179487
1.0,-1.139193548387097
2.0,-1.1260294117647058
3.0,-0.9512676056338029
4.0,-1.0893150684931505
5.0,-1.0696703296703296
6.0,-0.960744680851064
7.0,-0.97828125
8.0,-1.0399999999999998
9.0,-0.7722222222222221
10.0,-0.22125000000000003
11.0,-0.0888372093023256
12.0,-0.05250000000000003
13.0,0.3876595744680851
14.0,0.4581132075471698
15.0,0.49684210526315786
16.0,0.49584905660377343
17.0,0.5244230769230769
18.0,0.5335849056603774
19.0,0.6171428571428571
20.0,0.5628846153846153
21.0,0.6164814814814815
22.0,0.6236363636363638
23.0,0.3271428571428571
24.0,0.635
25.0,0.37864406779661003
26.0,0.461086956521739
27.0,0.3188235294117647
28.0,0.5822222222222222
29.0,0.42499999999999993
30.0,0.5153191489361701
31.0,0.7756249999999999
32.0,0.5872727272727272
33.0,0.6963636363636364
34.0,0.49770491803278694
35.0,0.7557142857142856
36.0,0.49846153846153846
37.0,0.38765957446808513
38.0,0.5355102040816325
39.0,0.5713207547169812
40.0,0.4649999999999999
41.0,0.632549019607843
42.0,0.5335849056603773
43.0,0.39425925925925925
44.0,0.4538775510204081
45.0,0.5763265306122448
46.0,0.43647058823529417
47.0,0.5149019607843137
48.0,0.4475
49.0,0.632549019607843
50.0,0.5948214285714286
51.0,0.6845283018867925
52.0,0.6288524590163934
53.0,0.7327272727272726
54.0,0.6781034482758619
55.0,0.6535185185185186
56.0,0.665
57.0,0.7376785714285715
58.0,0.7515254237288136
59.0,0.5401724137931034
60.0,0.5872727272727272
61.0,0.6236363636363634
62.0,0.6013461538461538
63.0,0.46833333333333327
64.0,0.5713207547169811
65.0,0.4756862745098039
66.0,0.6236363636363635
67.0,0.5233928571428571
68.0,0.632549019607843
69.0,0.66625
70.0,0.6722807017543858
71.0,0.6467924528301887
72.0,0.6091379310344827
73.0,0.6164814814814815
74.0,0.5713207547169811
75.0,0.5794444444444443
76.0,0.4958490566037736
77.0,0.6164814814814813
78.0,0.2769491525423729
79.0,0.48596153846153844
80.0,0.5948214285714285
81.0,0.5628846153846154
82.0,0.6236363636363638
83.0,0.6963636363636363
84.0,0.6159322033898306
85.0,0.6467924528301886
86.0,0.6467924528301887
87.0,0.2891666666666667
88.0,0.5049999999999999
89.0,0.5541176470588234
90.0,0.4090384615384615
91.0,0.6658490566037736
92.0,0.6549122807017543
93.0,0.7327272727272728
94.0,0.7176271186440677
95.0,0.7952631578947367
96.0,0.5435820895522387
97.0,0.2863157894736842
98.0,0.5158139534883721
99.0,0.5672916666666666
100.0,0.4617543859649123
101.0,0.48596153846153844
102.0,0.5049999999999999
103.0,0.7501960784313724
104.0,0.5820338983050847
105.0,0.4266666666666667
106.0,0.5049999999999999
107.0,0.5628846153846154
108.0,0.5244230769230769
109.0,0.5149019607843136
110.0,0.45196428571428565
111.0,0.43129629629629623
112.0,0.5713207547169811
113.0,0.5153191489361701
114.0,0.6535185185185185
115.0,0.6485714285714286
116.0,0.769090909090909
117.0,0.7317741935483871
118.0,0.7272131147540986
119.0,0.6592307692307693
120.0,0.5509090909090909
121.0,0.3705769230769231
122.0,0.35803921568627445
123.0,0.4422916666666666
124.0,0.5850000000000001
125.0,0.66
126.0,0.7092592592592593
127.0,0.6436206896551723
128.0,0.632549019607843
129.0,0.7646296296296297
130.0,0.7361904761904762
131.0,0.5960655737704916
132.0,0.44181818181818183
133.0,0.5377777777777777
134.0,0.6467924528301886
135.0,0.7775438596491228
136.0,0.3849999999999999
137.0,0.5672916666666666
138.0,0.5149019607843137
139.0,0.47568627450980383
140.0,0.6090566037735848
141.0,0.6845283018867925
142.0,0.45583333333333326
143.0,0.4429268292682926
144.0,0.30499999999999994
145.0,0.3906818181818182
146.0,0.7280851063829787
147.0,0.4803389830508474
148.0,0.6579591836734693
149.0,0.6236363636363635
150.0,0.5319298245614035
151.0,0.5628846153846153
152.0,0.48767857142857135
153.0,0.6579591836734693
154.0,0.5872727272727274
155.0,0.6845283018867926
156.0,0.66625
157.0,0.7222641509433964
158.0,0.3552380952380953
159.0,0.5822222222222221
160.0,0.5056896551724137
161.0,0.5053703703703704
162.0,0.38499999999999984
163.0,0.6987755102040816
164.0,0.7275925925925926
165.0,0.7558333333333332
166.0,0.6726984126984126
167.0,0.6436206896551723
168.0,0.6845283018867926
169.0,0.585
170.0,0.6159322033898306
171.0,0.36775862068965515
172.0,0.5651999999999999
173.0,0.6013461538461539
174.0,0.6091379310344829
175.0,0.6013461538461538
176.0,0.6782692307692307
177.0,0.4091935483870967
178.0,0.35803921568627456
179.0,0.5541176470588236
180.0,0.561111111111111
181.0,0.6164814814814813
182.0,0.5872727272727272
183.0,0.5591071428571428
184.0,0.632549019607843
185.0,0.6781034482758619
186.0,0.5713207547169811
187.0,0.7646296296296297
188.0,0.6891666666666667
189.0,0.7393333333333332
190.0,0.24790322580645158
191.0,0.2733928571428571
192.0,0.27960784313725484
193.0,0.6922916666666666
194.0,0.7222641509433962
195.0,0.6891666666666667
196.0,0.6159322033898305
197.0,0.7733928571428572
198.0,0.6837288135593221
199.0,0.7224999999999999
200.0,0.6905555555555557
201.0,0.769090909090909
202.0,0.6944262295081967
203.0,0.5820338983050847
204.0,0.6236363636363635
205.0,0.6305357142857141
206.0,0.39157894736842097
207.0,0.3805357142857143
208.0,0.3972549019607843
209.0,0.5424074074074073
210.0,0.45811320754716983
211.0,0.6089583333333333
212.0,0.6782692307692305
213.0,0.7470689655172413
214.0,0.6436206896551724
215.0,0.678103448275862
216.0,0.5056896551724137
217.0,0.4617543859649123
218.0,0.1891666666666666
219.0,0.6429787234042553
220.0,0.5670175438596491
221.0,0.5558333333333335
222.0,0.7219565217391303
223.0,0.6090566037735848
224.0,0.66625
225.0,0.513968253968254
226.0,0.6013461538461538
227.0,0.6467924528301887
228.0,0.5794444444444444
229.0,0.7222641509433962
230.0,0.5632786885245901
231.0,0.49684210526315786
232.0,0.6922916666666667
233.0,0.7327272727272727
234.0,0.6225
235.0,0.8016666666666667
236.0,0.5907692307692306
237.0,0.6325490196078433
238.0,0.66
239.0,0.4974576271186441
240.0,0.44181818181818183
241.0,0.6976923076923077
242.0,0.66625
243.0,0.403015873015873
244.0,0.5149019607843137
245.0,0.5763265306122448
246.0,0.6915686274509804
247.0,0.7167307692307693
248.0,0.7515254237288136
249.0,0.6225
250.0,0.632549019607843
251.0,0.7125862068965517
252.0,0.6837288135593222
253.0,0.6498305084745762
254.0,0.6159322033898306
255.0,0.6305357142857143
256.0,0.6963636363636363
257.0,0.7376785714285715
258.0,0.7558333333333334
259.0,0.44560606060606056
260.0,0.6782692307692305
261.0,0.6905555555555556
262.0,0.3447457627118644
263.0,0.35803921568627445
264.0,0.6013461538461538
265.0,0.6599999999999999
266.0,0.742456140350877
267.0,0.6159322033898307
268.0,0.5670175438596491
269.0,0.7395918367346938
270.0,0.5920689655172413
271.0,0.5771428571428571
272.0,0.5438461538461538
273.0,0.6845283018867925
274.0,0.7275925925925926
275.0,0.7515254237288136
276.0,0.8091071428571429
277.0,0.39432835820895523
278.0,0.5541176470588235
279.0,0.7275925925925926
280.0,0.5948214285714286
281.0,0.7646296296296297
282.0,0.5704838709677418
283.0,0.7199999999999999
284.0,0.6021052631578946
285.0,0.5145454545454545
286.0,0.34482142857142856
287.0,0.43647058823529405
288.0,0.5149019607843137
289.0,0.7280851063829785
290.0,0.7147272727272727
291.0,0.7225
292.0,0.6837288135593221
293.0,0.7347457627118643
294.0,0.5872727272727272
295.0,0.6963636363636363
296.0,0.6963636363636364
297.0,0.6955172413793103
298.0,0.5632786885245902
299.0,0.7275925925925926
300.0,0.7424561403508771
301.0,0.6891666666666668
302.0,0.6722807017543859
303.0,0.5948214285714286
304.0,0.6845283018867925
305.0,0.6963636363636363
306.0,0.6558333333333333
307.0,0.5424074074074073
308.0,0.5424074074074073
309.0,0.46833333333333327
310.0,0.5849999999999999
311.0,0.5628846153846154
312.0,0.5746551724137929
313.0,0.6535185185185186
314.0,0.7019642857142857
315.0,0.4977049180327868
316.0,0.6171428571428572
317.0,0.4958490566037736
318.0,0.7327272727272729
319.0,0.7601754385964912
320.0,0.6891666666666666
321.0,0.6091379310344828
322.0,0.6535185185185186
323.0,0.5891666666666665
324.0,0.5628846153846154
325.0,0.5948214285714286
326.0,0.6021052631578947
327.0,0.6091379310344828
328.0,0.7019642857142856
329.0,0.6722807017543859
330.0,0.6498305084745762
331.0,0.7327272727272727
332.0,0.5704838709677418
333.0,0.40545454545454546
334.0,0.5541176470588235
335.0,0.5763265306122448
336.0,0.8016666666666666
337.0,0.7272131147540983
338.0,0.767936507936508
339.0,0.7927868852459017
340.0,0.74046875
341.0,0.3831884057971014
342.0,0.3448214285714285
343.0,0.7219565217391303
344.0,0.7977358490566039
345.0,0.6672580645161291
346.0,0.7176271186440677
347.0,0.678103448275862
348.0,0.7470689655172413
349.0,0.6159322033898305
350.0,0.5820338983050846
351.0,0.6616393442622951
352.0,0.005283018867924523
353.0,0.2011764705882353
354.0,0.5308333333333333
355.0,0.4610869565217391
356.0,0.4422916666666666
357.0,0.6987755102040816
358.0,0.6498305084745762
359.0,0.6236363636363635
360.0,0.7073684210526315
361.0,0.4558333333333333
362.0,0.6579591836734693
363.0,0.7775438596491226
364.0,0.8193220338983052
365.0,0.7446153846153846
366.0,0.7044444444444445
367.0,0.5233928571428571
368.0,0.4266666666666666
369.0,0.5424074074074073
370.0,0.6398076923076924
371.0,0.7250877192982456
372.0,0.5948214285714286
373.0,0.7125862068965517
374.0,0.6963636363636363
375.0,0.6467924528301886
376.0,0.7376785714285715
377.0,0.6164814814814816
378.0,0.6498305084745762
379.0,0.6498305084745761
380.0,0.7073684210526315
381.0,0.7515254237288136
382.0,0.688030303030303
383.0,0.7815517241379308
384.0,0.58421875
385.0,0.574655172413793
386.0,0.6535185185185185
387.0,0.7790566037735849
388.0,0.678103448275862
389.0,0.7073684210526315
390.0,0.7599999999999999
391.0,0.67796875
392.0,0.6963636363636363
393.0,0.61546875
394.0,0.6398076923076922
395.0,0.7019642857142856
396.0,0.8054545454545455
397.0,0.736190476190476
398.0,0.76
399.0,0.640952380952381
400.0,0.69
401.0,0.7327272727272728
402.0,0.6498305084745762
403.0,0.34467741935483864
404.0,0.6249999999999999
405.0,0.6782692307692308
406.0,0.7690909090909092
407.0,0.76
408.0,0.55296875
409.0,0.7470689655172413
410.0,0.7815517241379312
411.0,0.6215384615384615
412.0,0.7019642857142857
413.0,0.6371929824561402
414.0,0.769090909090909
415.0,0.6944262295081967
416.0,0.6349999999999999
417.0,0.58421875
418.0,0.6722807017543859
419.0,0.6305357142857142
420.0,0.819322033898305
421.0,0.7962903225806451
422.0,0.597121212121212
423.0,0.7733928571428571
424.0,0.7854237288135593
425.0,0.8314285714285715
426.0,0.8395454545454546
427.0,0.7123529411764705
428.0,0.7107042253521128
429.0,0.66625
430.0,0.635
431.0,0.742456140350877
432.0,0.7640322580645161
433.0,0.566818181818182
434.0,0.30716981132075466
435.0,0.4727659574468085
436.0,0.6266666666666667
437.0,0.7690909090909093
438.0,0.6891666666666666
439.0,0.6159322033898303
440.0,0.6159322033898303
441.0,0.6305357142857142
442.0,0.678103448275862
443.0,0.567017543859649
444.0,0.4519642857142857
445.0,0.5233928571428571
446.0,0.4781818181818182
447.0,0.6599999999999997
448.0,0.6722807017543859
449.0,0.667258064516129
450.0,0.7470689655172414
451.0,0.7640322580645164
452.0,0.8448387096774194
453.0,0.7753846153846153
454.0,0.80296875
455.0,0.7563235294117648
456.0,0.58421875
457.0,0.7733928571428572
458.0,0.7891666666666666
459.0,0.77171875
460.0,0.58421875
461.0,0.625
462.0,0.6592307692307693
463.0,0.5225
464.0,0.5424074074074073
465.0,0.4519642857142857
466.0,0.6782692307692307
467.0,0.6891666666666666
468.0,0.7225
469.0,0.6944262295081967
470.0,0.6090566037735848
471.0,0.6091379310344828
472.0,0.5401724137931033
473.0,0.7733928571428572
474.0,0.7470689655172414
475.0,0.7962903225806452
476.0,0.7183333333333333
477.0,0.6672580645161289
478.0,0.7989655172413792
479.0,0.7558333333333332
480.0,0.6995161290322581
481.0,0.7272131147540983
482.0,0.667258064516129
483.0,0.6236363636363634
484.0,0.7125862068965517
485.0,0.6558333333333333
486.0,0.7225
487.0,0.635
488.0,0.7600000000000001
489.0,0.7927868852459015
490.0,0.6523076923076923
491.0,0.6944262295081965
492.0,0.731774193548387
493.0,0.5304918032786885
494.0,0.7470689655172413
495.0,0.7470689655172413
496.0,0.6726984126984127
497.0,0.741320754716981
498.0,0.7393333333333334
499.0,0.8193220338983052
500.0,0.725
501.0,0.7753846153846153
502.0,0.6215384615384615
503.0,0.7854237288135593
504.0,0.5599999999999999
505.0,0.6021052631578947
506.0,0.7275925925925926
507.0,0.6225000000000002
508.0,0.7224999999999999
509.0,0.7815517241379311
510.0,0.83421875
511.0,0.8179710144927536
512.0,0.38318840579710145
513.0,0.6600000000000003
514.0,0.44145161290322577
515.0,0.22499999999999992
516.0,0.5763265306122448
517.0,0.6398076923076922
518.0,0.5599999999999999
519.0,0.7470689655172412
520.0,0.6498305084745762
521.0,0.6091379310344828
522.0,0.7815517241379311
523.0,0.7640322580645161
524.0,0.8160344827586206
525.0,0.7679365079365078
526.0,0.8092424242424242
527.0,0.7753846153846153
528.0,0.5907692307692307
529.0,0.6558333333333333
530.0,0.7125862068965517
531.0,0.7272131147540982
532.0,0.6349999999999997
533.0,0.7775438596491226
534.0,0.7891666666666665
535.0,0.8342187499999999
536.0,0.7525373134328358
537.0,0.85
538.0,0.7107042253521126
539.0,0.7446153846153846
540.0,0.70921875
541.0,0.7225
542.0,0.7183333333333333
543.0,0.6599999999999999
544.0,0.6288524590163934
545.0,0.5891666666666666
546.0,0.6558333333333334
547.0,0.6159322033898306
548.0,0.6616393442622951
549.0,0.6091379310344828
550.0,0.5948214285714286
551.0,0.6091379310344828
552.0,0.6891666666666666
553.0,0.7775438596491228
554.0,0.7962903225806452
555.0,0.7361904761904764
556.0,0.7138461538461537
557.0,0.6995161290322581
558.0,0.7927868852459018
559.0,0.8314285714285714
560.0,0.8122388059701492
561.0,0.7183333333333334
562.0,0.7138461538461538
563.0,0.5401724137931034
564.0,0.8167924528301886
565.0,0.6944262295081967
566.0,0.7558333333333331
567.0,0.70921875
568.0,0.6436206896551725
569.0,0.5142372881355932
570.0,0.7275925925925926
571.0,0.574655172413793
572.0,0.6436206896551723
573.0,0.7327272727272728
574.0,0.5948214285714286
575.0,0.49846153846153846
576.0,0.7275925925925926
577.0,0.8421311475409837
578.0,0.7183333333333332
579.0,0.5064285714285712
580.0,0.4712068965517241
581.0,0.48767857142857135
582.0,0.6963636363636363
583.0,0.5960655737704917
584.0,0.6722807017543859
585.0,0.6891666666666666
586.0,0.7361904761904762
587.0,0.7891666666666667
588.0,0.767936507936508
589.0,0.8314285714285713
590.0,0.7753846153846152
591.0,0.74046875
592.0,0.683076923076923
593.0,0.5375
594.0,0.6021052631578947
595.0,0.777543859649123
596.0,0.7891666666666667
597.0,0.8255737704918034
598.0,0.8395454545454545
599.0,0.8245454545454545
600.0,0.7486363636363635
601.0,0.7563235294117646
602.0,0.6730434782608694
603.0,0.667258064516129
604.0,0.5907692307692307
605.0,0.7646296296296297
606.0,0.7470689655172413
607.0,0.6274242424242423
608.0,0.7854237288135595
609.0,0.7726666666666667
610.0,0.5599999999999999
611.0,0.42249999999999993
612.0,0.7599999999999999
613.0,0.7225
614.0,0.7775438596491226
615.0,0.63125
616.0,0.6781034482758619
617.0,0.6891666666666666
618.0,0.7470689655172413
619.0,0.7361904761904762
620.0,0.6995161290322581
621.0,0.8421311475409837
622.0,0.8122388059701492
623.0,0.8122388059701492
624.0,0.83
625.0,0.7823880597014926
626.0,0.7854237288135594
627.0,0.80296875
628.0,0.77171875
629.0,0.7789393939393939
630.0,0.688030303030303
631.0,0.505967741935484
632.0,0.4061538461538462
633.0,0.6305357142857143
634.0,0.819322033898305
635.0,0.731774193548387
636.0,0.7640322580645162
637.0,0.7361904761904762
638.0,0.7753846153846154
639.0,0.6629850746268656
640.0,0.6092063492063491
641.0,0.602741935483871
642.0,0.4822222222222221
643.0,0.7515254237288134
644.0,0.7044444444444445
645.0,0.769090909090909
646.0,0.7891666666666665
647.0,0.7996825396825398
648.0,0.7563235294117646
649.0,0.5774603174603173
650.0,0.7646296296296297
651.0,0.7891666666666666
652.0,0.7138461538461538
653.0,0.7361904761904762
654.0,0.7996825396825398
655.0,0.7226865671641789
656.0,0.7640322580645161
657.0,0.8061538461538461
658.0,0.7525373134328359
659.0,0.7891666666666666
660.0,0.6830769230769229
661.0,0.8059999999999999
662.0,0.77171875
663.0,0.7486363636363634
664.0,0.5365151515151514
665.0,0.3552380952380952
666.0,0.5401724137931033
667.0,0.6305357142857143
668.0,0.570483870967742
669.0,0.8160344827586207
670.0,0.7927868852459017
671.0,0.7753846153846154
672.0,0.7679365079365079
673.0,0.6331343283582089
674.0,0.58421875
675.0,0.7424561403508771
676.0,0.8225
677.0,0.7044444444444443
678.0,0.7996825396825398
679.0,0.7753846153846153
680.0,0.6092647058823528
681.0,0.5064705882352941
682.0,0.5142372881355932
683.0,0.6845283018867924
684.0,0.7515254237288135
685.0,0.6837288135593221
686.0,0.7044444444444445
687.0,0.7839682539682539
688.0,0.80296875
689.0,0.6830769230769229
690.0,0.783968253968254
691.0,0.6726984126984127
692.0,0.7823880597014925
693.0,0.80296875
694.0,0.8061538461538461
695.0,0.6386764705882352
696.0,0.8255737704918031
697.0,0.778939393939394
698.0,0.8061538461538461
699.0,0.842089552238806
700.0,0.7812676056338027
701.0,0.8151470588235294
702.0,0.7293846153846153
703.0,0.8061538461538461
704.0,0.7563235294117647
705.0,0.7789393939393939
706.0,0.7889855072463768
707.0,0.7183333333333333
708.0,0.5668181818181818
709.0,0.6837288135593221
710.0,0.7640322580645161
711.0,0.7927868852459017
712.0,0.80296875
713.0,0.8395454545454546
714.0,0.785735294117647
715.0,0.64671875
716.0,0.09437499999999997
717.0,0.29174603174603175
718.0,0.6579591836734694
719.0,0.671764705882353
720.0,0.819322033898305
721.0,0.8285483870967743
722.0,0.8314285714285715
723.0,0.8420895522388059
724.0,0.8445588235294118
725.0,0.8207142857142855
726.0,0.7426388888888888
727.0,0.7456521739130435
728.0,0.6680882352941175
729.0,0.6779687499999999
730.0,0.7600000000000001
731.0,0.7891666666666666
732.0,0.7996825396825397
733.0,0.8122388059701493
734.0,0.7996825396825397
735.0,0.7996825396825398
736.0,0.7823880597014925
737.0,0.7310144927536233
738.0,0.6778571428571428
739.0,0.6995161290322579
740.0,0.7854237288135594
741.0,0.7361904761904763
742.0,0.8285483870967743
743.0,0.8369230769230769
744.0,0.8445588235294118
745.0,0.8179710144927536
746.0,0.7921428571428569
747.0,0.7166666666666665
748.0,0.7823880597014926
749.0,0.7857352941176471
750.0,0.8369230769230768
751.0,0.735
752.0,0.7317741935483871
753.0,0.77171875
754.0,0.83421875
755.0,0.8151470588235294
756.0,0.8445588235294117
757.0,0.8469565217391304
758.0,0.8233802816901407
759.0,0.8469565217391305
760.0,0.4625316455696202
761.0,0.5133333333333333
762.0,0.7317741935483871
763.0,0.7927868852459017
764.0,0.6928358208955222
765.0,0.7361904761904763
766.0,0.8245454545454545
767.0,0.7020289855072462
768.0,0.70921875
769.0,0.778939393939394
770.0,0.7823880597014926
771.0,0.8092424242424242
772.0,0.8151470588235294
773.0,0.7857352941176471
774.0,0.7563235294117646
775.0,0.80296875
776.0,0.8151470588235293
777.0,0.785735294117647
778.0,0.8151470588235293
779.0,0.707910447761194
780.0,0.6928358208955224
781.0,0.6887301587301586
782.0,0.7486363636363634
783.0,0.7962903225806452
784.0,0.8395454545454545
785.0,0.8395454545454545
786.0,0.8122388059701492
787.0,0.20407894736842105
788.0,0.40338235294117647
789.0,0.66625
790.0,0.7646296296296298
791.0,0.7317741935483871
792.0,0.7996825396825398
793.0,0.83421875
794.0,0.8092424242424243
795.0,0.8151470588235294
796.0,0.8179710144927534
797.0,0.76
798.0,0.8122388059701492
799.0,0.7599999999999999
800.0,0.7525373134328358
801.0,0.6409523809523808
802.0,0.49846153846153846
803.0,0.7225
804.0,0.7640322580645162
805.0,0.7640322580645161
806.0,0.7839682539682538
807.0,0.7525373134328357
808.0,0.7823880597014926
809.0,0.7525373134328359
810.0,0.81875
811.0,0.6629850746268656
812.0,0.731774193548387
813.0,0.8285483870967741
814.0,0.6880303030303031
815.0,0.699516129032258
816.0,0.6944262295081969
817.0,0.7272131147540984
818.0,0.7361904761904762
819.0,0.8285483870967743
820.0,0.8420895522388059
821.0,0.7107042253521125
822.0,0.8395454545454545
823.0,0.8179710144927536
824.0,0.7563235294117648
825.0,0.736190476190476
826.0,0.6092063492063491
827.0,0.6409523809523809
828.0,0.7176271186440678
829.0,0.7962903225806451
830.0,0.8061538461538461
831.0,0.4571830985915492
832.0,0.46491803278688526
833.0,0.6498305084745761
834.0,0.8193220338983052
835.0,0.8314285714285715
836.0,0.8122388059701494
837.0,0.8420895522388061
838.0,0.7426388888888888
839.0,0.6207142857142857
840.0,0.6880303030303031
841.0,0.7404687499999999
842.0,0.7996825396825398
843.0,0.6331343283582088
844.0,0.7317741935483871
845.0,0.74046875
846.0,0.7361904761904762
847.0,0.7753846153846153
848.0,0.7789393939393939
849.0,0.7183333333333334
850.0,0.77171875
851.0,0.8092424242424242
852.0,0.785735294117647
853.0,0.7138461538461539
854.0,0.8421311475409837
855.0,0.7563235294117646
856.0,0.8151470588235293
857.0,0.8395454545454545
858.0,0.8207142857142857
859.0,0.8179710144927533
860.0,0.6093150684931508
861.0,0.7269117647058824
862.0,0.80296875
863.0,0.7446153846153846
864.0,0.7942424242424244
865.0,0.8395454545454545
866.0,0.7889855072463768
867.0,0.8179710144927536
868.0,0.6825352112676055
869.0,0.6629850746268657
870.0,0.731774193548387
871.0,0.7753846153846154
872.0,0.7996825396825398
873.0,0.7789393939393939
874.0,0.8179710144927538
875.0,0.7269117647058823
876.0,0.74046875
877.0,0.7679365079365081
878.0,0.6928358208955223
879.0,0.7717187499999999
880.0,0.7996825396825398
881.0,0.77171875
882.0,0.83421875
883.0,0.8151470588235296
884.0,0.8445588235294118
885.0,0.8445588235294118
886.0,0.85375
887.0,0.8259722222222222
888.0,0.8259722222222222
889.0,0.23701149425287363
890.0,0.5336486486486486
891.0,0.77171875
892.0,0.783968253968254
893.0,0.8029687499999999
894.0,0.8061538461538462
895.0,0.8092424242424243
896.0,0.8445588235294118
897.0,0.8179710144927534
898.0,0.8326086956521739
899.0,0.8179710144927534
900.0,0.8469565217391304
901.0,0.7426388888888888
902.0,0.742638888888889
903.0,0.785735294117647
904.0,0.8092424242424242
905.0,0.7854237288135594
906.0,0.7361904761904763
907.0,0.7996825396825398
908.0,0.5635714285714286
909.0,0.7962903225806451
910.0,0.842089552238806
911.0,0.8469565217391303
912.0,0.8469565217391304
913.0,0.8492857142857143
914.0,0.8122222222222223
915.0,0.8492857142857141
916.0,0.8515492957746477
917.0,0.8259722222222222
918.0,0.8284931506849315
919.0,0.8233802816901407
920.0,0.8207142857142856
921.0,0.7981944444444444
922.0,0.8515492957746478
923.0,0.80296875
924.0,0.836923076923077
925.0,0.8492857142857142
926.0,0.8515492957746477
927.0,0.8515492957746476
928.0,0.8558904109589042
929.0,0.85375
930.0,0.8010958904109589
931.0,0.8010958904109589
932.0,0.801095890410959
933.0,0.8233802816901407
934.0,0.8515492957746478
935.0,0.8233802816901409
936.0,0.8284931506849316
937.0,0.8657746478873238
938.0,0.8233802816901408
939.0,0.8122222222222223
940.0,0.6958108108108109
941.0,0.7952112676056338
942.0,0.7426388888888888
943.0,0.8469565217391304
944.0,0.7704166666666666
945.0,0.8515492957746478
946.0,0.85375
947.0,0.8515492957746477
948.0,0.8259722222222223
949.0,0.8284931506849316
950.0,0.5133333333333333
951.0,0.7107042253521126
952.0,0.7226865671641789
953.0,0.7789393939393939
954.0,0.842089552238806
955.0,0.8445588235294117
956.0,0.8515492957746478
957.0,0.83421875
958.0,0.8369230769230768
959.0,0.7889855072463767
960.0,0.7981944444444444
961.0,0.8492857142857142
962.0,0.8492857142857142
963.0,0.8515492957746478
964.0,0.85375
965.0,0.8010958904109589
966.0,0.8558904109589042
967.0,0.6093150684931508
968.0,0.6417567567567568
969.0,0.8122388059701493
970.0,0.7310144927536232
971.0,0.7310144927536232
972.0,0.7635714285714285
973.0,0.6593055555555556
974.0,0.7599999999999998
975.0,0.8122388059701493
976.0,0.8492857142857142
977.0,0.788985507246377
978.0,0.8469565217391304
979.0,0.85375
980.0,0.8259722222222222
981.0,0.8259722222222222
982.0,0.803918918918919
983.0,0.8233802816901408
984.0,0.7107042253521125
985.0,0.7670422535211265
986.0,0.735
987.0,0.8420895522388061
988.0,0.8515492957746477
989.0,0.8537500000000001
990.0,0.8284931506849316
991.0,0.7426388888888888
992.0,0.695810810810811
993.0,0.7670422535211266
994.0,0.8445588235294117
995.0,0.8469565217391303
996.0,0.7981944444444444
997.0,0.4372151898734176
998.0,0.6492857142857144
999.0,0.8255737704918032
1000.0,0.8445588235294118
1001.0,0.8179710144927536
1002.0,0.8151470588235294
1003.0,0.6637142857142855
1004.0,0.80296875
1005.0,0.803623188405797
1006.0,0.24437499999999995
1007.0,0.6409523809523808
1008.0,0.7891666666666668
1009.0,0.8255737704918032
1010.0,0.8061538461538461
1011.0,0.38000000000000006
1012.0,0.49913043478260866
1013.0,0.6535185185185186
1014.0,0.76
1015.0,0.8500000000000001
1016.0,0.8151470588235294
1017.0,0.8420895522388059
1018.0,0.8445588235294118
1019.0,0.7981944444444444
1020.0,0.8207142857142856
1021.0,0.8151470588235294
1022.0,0.8445588235294118
1023.0,0.8515492957746478
1024.0,0.7981944444444444
1025.0,0.7889855072463766
1026.0,0.8421311475409836
1027.0,0.8369230769230769
1028.0,0.8492857142857141
1029.0,0.8233802816901405
1030.0,0.8233802816901408
1031.0,0.8259722222222222
1032.0,0.801095890410959
1033.0,0.7823880597014926
1034.0,0.8445588235294117
1035.0,0.8233802816901407
1036.0,0.8233802816901407
1037.0,0.8492857142857142
1038.0,0.8515492957746477
1039.0,0.85375
1040.0,0.8284931506849315
1041.0,0.8179710144927534
1042.0,0.8492857142857142
1043.0,0.8284931506849315
1044.0,0.8233802816901407
1045.0,0.8259722222222222
1046.0,0.8515492957746478
1047.0,0.8515492957746477
1048.0,0.8558904109589041
1049.0,0.8284931506849315
1050.0,0.85375
1051.0,0.8558904109589041
1052.0,0.8558904109589042
1053.0,0.8558904109589042
1054.0,0.8010958904109589
1055.0,0.8558904109589042
1056.0,0.8558904109589041
1057.0,0.8309459459459458
1058.0,0.8558904109589041
1059.0,0.8558904109589041
1060.0,0.8558904109589042
1061.0,0.8677777777777779
1062.0,0.8558904109589042
1063.0,0.8579729729729729
1064.0,0.85375
1065.0,0.801095890410959
1066.0,0.8284931506849315
1067.0,0.803918918918919
1068.0,0.8010958904109589
1069.0,0.85375
1070.0,0.7266666666666666
1071.0,0.8039189189189189
1072.0,0.8558904109589042
1073.0,0.8259722222222222
1074.0,0.74046875
1075.0,0.8369230769230769
1076.0,0.8445588235294117
1077.0,0.85375
1078.0,0.8309459459459458
1079.0,0.8309459459459458
1080.0,0.2223655913978495
1081.0,0.3760714285714286
1082.0,0.7563235294117647
1083.0,0.7921428571428569
1084.0,0.7635714285714285
1085.0,0.8445588235294118
1086.0,0.8492857142857141
1087.0,0.8207142857142857
1088.0,0.8233802816901408
1089.0,0.7736986301369864
1090.0,0.8469565217391304
1091.0,0.8492857142857142
1092.0,0.85375
1093.0,0.85375
1094.0,0.8558904109589041
1095.0,0.8284931506849316
1096.0,0.8284931506849315
1097.0,0.8515492957746477
1098.0,0.8492857142857141
1099.0,0.6915068493150686
1100.0,0.7064285714285713
1101.0,0.8469565217391304
1102.0,0.8515492957746478
1103.0,0.8558904109589042
1104.0,0.7981944444444444
1105.0,0.8259722222222222
1106.0,0.8207142857142857
1107.0,0.8515492957746478
1108.0,0.85375
1109.0,0.8558904109589042
1110.0,0.85375
1111.0,0.8284931506849316
1112.0,0.7905405405405406
1113.0,0.7768918918918919
1114.0,0.7768918918918919
1115.0,0.8284931506849316
1116.0,0.8233802816901407
1117.0,0.85375
1118.0,0.85375
1119.0,0.8010958904109589
1120.0,0.85375
1121.0,0.85375
1122.0,0.8284931506849316
1123.0,0.8558904109589041
1124.0,0.8284931506849315
1125.0,0.8558904109589042
1126.0,0.7799999999999999
1127.0,0.8309459459459458
1128.0,0.8065714285714284
1129.0,0.8376056338028167
1130.0,0.8285483870967741
1131.0,0.8445588235294117
1132.0,0.8207142857142855
1133.0,0.8039189189189189
1134.0,0.7
1135.0,0.7228378378378378
1136.0,0.823380281690141
1137.0,0.8515492957746478
1138.0,0.8677777777777779
1139.0,0.8558904109589041
1140.0,0.8558904109589042
1141.0,0.8558904109589041
1142.0,0.8697260273972603
1143.0,0.857972972972973
1144.0,0.7533333333333332
1145.0,0.7303947368421052
1146.0,0.8309459459459458
1147.0,0.8558904109589041
1148.0,0.8558904109589042
1149.0,0.8558904109589042
1150.0,0.8558904109589042
1151.0,0.8558904109589042
1152.0,0.830945945945946
1153.0,0.8558904109589041
1154.0,0.8558904109589042
1155.0,0.8284931506849315
1156.0,0.8697260273972603
1157.0,0.8558904109589041
1158.0,0.8558904109589042
1159.0,0.7799999999999999
1160.0,0.803918918918919
1161.0,0.803918918918919
1162.0,0.8492857142857141
1163.0,0.85375
1164.0,0.8558904109589042
1165.0,0.8558904109589042
1166.0,0.8558904109589041
1167.0,0.830945945945946
1168.0,0.8558904109589041
1169.0,0.8579729729729729
1170.0,0.85375
1171.0,0.857972972972973
1172.0,0.8697260273972603
1173.0,0.8697260273972603
1174.0,0.8558904109589042
1175.0,0.8697260273972603
1176.0,0.8309459459459458
1177.0,0.8558904109589042
1178.0,0.8558904109589042
1179.0,0.857972972972973
1180.0,0.830945945945946
1181.0,0.8558904109589042
1182.0,0.8697260273972603
1183.0,0.8558904109589041
1184.0,0.8558904109589042
1185.0,0.8558904109589042
1186.0,0.830945945945946
1187.0,0.7567105263157895
1188.0,0.7799999999999999
1189.0,0.8579729729729729
1190.0,0.7670422535211265
1191.0,0.85375
1192.0,0.85375
1193.0,0.8558904109589042
1194.0,0.8558904109589041
1195.0,0.8309459459459458
1196.0,0.8558904109589042
1197.0,0.8284931506849315
1198.0,0.803918918918919
1199.0,0.8558904109589041
1200.0,0.8309459459459458
1201.0,0.8558904109589042
1202.0,0.8558904109589041
1203.0,0.8697260273972603
1204.0,0.8579729729729729
1205.0,0.8697260273972603
1206.0,0.8515492957746479
1207.0,0.8284931506849315
1208.0,0.7533333333333332
1209.0,0.8066666666666665
1210.0,0.7704166666666666
1211.0,0.7704166666666666
1212.0,0.8492857142857141
1213.0,0.8233802816901409
1214.0,0.8558904109589042
1215.0,0.8615942028985507
1216.0,0.8259722222222222
1217.0,0.7981944444444444
1218.0,0.8558904109589042
1219.0,0.8558904109589041
1220.0,0.8558904109589042
1221.0,0.7799999999999999
1222.0,0.8558904109589041
1223.0,0.8558904109589042
1224.0,0.8492857142857142
1225.0,0.8515492957746478
1226.0,0.4825609756097561
1227.0,0.6777631578947368
1228.0,0.8657746478873237
1229.0,0.85375
1230.0,0.8558904109589042
1231.0,0.8284931506849315
1232.0,0.4825609756097561
1233.0,0.6777631578947367
1234.0,0.8469565217391304
1235.0,0.8515492957746477
1236.0,0.8284931506849315
1237.0,0.8193220338983049
1238.0,0.8395454545454544
1239.0,0.8515492957746478
1240.0,0.85375
1241.0,0.8284931506849316
1242.0,0.8558904109589042
1243.0,0.8558904109589041
1244.0,0.8259722222222223
1245.0,0.85375
1246.0,0.8284931506849315
1247.0,0.85375
1248.0,0.8309459459459458
1249.0,0.85375
1250.0,0.85375
1251.0,0.8558904109589041
1252.0,0.8558904109589042
1253.0,0.6144303797468352
1254.0,0.6862820512820511
1255.0,0.8558904109589042
1256.0,0.7498648648648648
1257.0,0.801095890410959
1258.0,0.8369230769230769
1259.0,0.8351428571428571
1260.0,0.8492857142857143
1261.0,0.8515492957746477
1262.0,0.8558904109589041
1263.0,0.8259722222222223
1264.0,0.85375
1265.0,0.8677777777777779
1266.0,0.8558904109589042
1267.0,0.8558904109589042
1268.0,0.8558904109589042
1269.0,0.8558904109589041
1270.0,0.8558904109589042
1271.0,0.8039189189189189
1272.0,0.8309459459459458
1273.0,0.7533333333333333
1274.0,0.7498648648648648
1275.0,0.8515492957746478
1276.0,0.8515492957746479
1277.0,0.7981944444444444
1278.0,0.8233802816901408
1279.0,0.8259722222222222
1280.0,0.8233802816901407
1281.0,0.8515492957746477
1282.0,0.85375
1283.0,0.85375
1284.0,0.8558904109589042
1285.0,0.8558904109589041
1286.0,0.830945945945946
1287.0,0.8697260273972603
1288.0,0.14202247191011236
1289.0,0.4753164556962025
1290.0,0.7228378378378377
1291.0,0.8259722222222222
1292.0,0.8400000000000001
1293.0,0.8259722222222222
1294.0,0.85375
1295.0,0.85375
1296.0,0.7857352941176469
1297.0,0.8151470588235294
1298.0,0.8515492957746478
1299.0,0.8558904109589042
1300.0,0.8677777777777779
1301.0,0.8558904109589041
1302.0,0.8558904109589042
1303.0,0.8558904109589041
1304.0,0.830945945945946
1305.0,0.8558904109589041
1306.0,0.8558904109589041
1307.0,0.8558904109589041
1308.0,0.8423287671232876
1309.0,0.8558904109589041
1310.0,-0.19923913043478259
1311.0,0.22385542168674702
1312.0,0.3772839506172839
1313.0,0.7670422535211266
1314.0,0.8515492957746477
1315.0,0.8558904109589042
1316.0,0.8492857142857142
1317.0,0.8558904109589042
1318.0,0.8558904109589042
1319.0,0.830945945945946
1320.0,0.7952112676056337
1321.0,0.8515492957746479
1322.0,0.8558904109589042
1323.0,0.8558904109589042
1324.0,0.8558904109589042
1325.0,0.857972972972973
1326.0,0.8558904109589042
1327.0,0.830945945945946
1328.0,0.8558904109589042
1329.0,0.8309459459459458
1330.0,0.8284931506849316
1331.0,0.8259722222222222
1332.0,0.8284931506849316
1333.0,0.8284931506849316
1334.0,0.8423287671232877
1335.0,0.8558904109589041
1336.0,0.8309459459459458
1337.0,0.8579729729729729
1338.0,0.85375
1339.0,0.8558904109589041
1340.0,0.8558904109589042
1341.0,0.8697260273972603
1342.0,0.8558904109589042
1343.0,0.7799999999999999
1344.0,0.8558904109589041
1345.0,0.85375
1346.0,0.8558904109589041
1347.0,0.8697260273972603
1348.0,0.857972972972973
1349.0,0.8697260273972603
1350.0,0.803918918918919
1351.0,0.8423287671232877
1352.0,0.8697260273972603
1353.0,-0.04147058823529411
1354.0,0.3772839506172839
1355.0,0.62
1356.0,0.85375
1357.0,0.5007407407407408
1358.0,0.5637974683544302
1359.0,0.85375
1360.0,0.8420895522388061
1361.0,0.8233802816901407
1362.0,0.8445588235294118
1363.0,0.8637142857142857
1364.0,0.8492857142857142
1365.0,0.85375
1366.0,0.8558904109589042
1367.0,0.85375
1368.0,0.8284931506849317
1369.0,0.8537500000000001
1370.0,0.8284931506849315
1371.0,0.7736986301369864
1372.0,0.7736986301369863
1373.0,0.8515492957746476
1374.0,0.8284931506849316
1375.0,0.8259722222222222
1376.0,0.85375
1377.0,0.8558904109589041
1378.0,0.8558904109589042
1379.0,0.7446153846153846
1380.0,0.8207142857142855
1381.0,0.85375
1382.0,0.8558904109589041
1383.0,0.8558904109589042
1384.0,0.8537500000000001
1385.0,0.85375
1386.0,0.8558904109589041
1387.0,0.8697260273972603
1388.0,0.830945945945946
1389.0,0.8558904109589042
1390.0,0.8558904109589041
1391.0,0.830945945945946
1392.0,0.7768918918918918
1393.0,0.803918918918919
1394.0,0.8558904109589041
1395.0,0.8697260273972603
1396.0,0.8558904109589042
1397.0,0.8558904109589041
1398.0,0.8558904109589042
1399.0,0.8558904109589041
1400.0,0.8558904109589041
1401.0,0.8697260273972603
1402.0,0.8558904109589042
1403.0,0.830945945945946
1404.0,0.830945945945946
1405.0,0.8558904109589041
1406.0,0.8558904109589042
1407.0,0.8309459459459458
1408.0,0.8309459459459458
1409.0,0.830945945945946
1410.0,0.7226865671641791
1411.0,0.7889855072463767
1412.0,0.8492857142857141
1413.0,0.8515492957746478
1414.0,0.8558904109589041
1415.0,0.8558904109589041
1416.0,0.830945945945946
1417.0,0.8309459459459458
1418.0,0.8284931506849316
1419.0,0.8537500000000001
1420.0,0.8558904109589041
1421.0,0.803918918918919
1422.0,0.8558904109589042
1423.0,0.7962903225806451
1424.0,0.8474603174603172
1425.0,0.8492857142857142
1426.0,0.85375
1427.0,0.8558904109589042
1428.0,0.8697260273972603
1429.0,0.8558904109589041
1430.0,0.734025974025974
1431.0,0.7340259740259739
1432.0,0.8492857142857142
1433.0,0.8515492957746478
1434.0,0.8537500000000001
1435.0,0.830945945945946
1436.0,0.830945945945946
1437.0,0.8175675675675675
1438.0,0.8558904109589042
1439.0,0.8558904109589041
1440.0,0.8697260273972603
1441.0,0.803918918918919
1442.0,0.803918918918919
1443.0,0.8558904109589041
1444.0,0.8558904109589042
1445.0,0.8423287671232877
1446.0,0.8309459459459458
1447.0,0.803918918918919
1448.0,0.857972972972973
1449.0,0.8492857142857142
1450.0,0.8492857142857141
1451.0,0.8284931506849315
1452.0,0.85375
1453.0,0.8558904109589042
1454.0,0.5384810126582278
1455.0,0.704078947368421
1456.0,0.7905405405405406
1457.0,0.7736986301369863
1458.0,0.85375
1459.0,0.8039189189189189
1460.0,0.85375
1461.0,0.7040789473684209
1462.0,0.7080519480519479
1463.0,0.85375
1464.0,0.8558904109589041
1465.0,0.7981944444444444
1466.0,0.8233802816901407
1467.0,0.8537500000000001
1468.0,0.8558904109589041
1469.0,0.830945945945946
1470.0,0.830945945945946
1471.0,0.8558904109589041
1472.0,0.8309459459459458
1473.0,0.8039189189189189
1474.0,0.8309459459459458
1475.0,0.7667999999999999
1476.0,0.7040789473684209
1477.0,0.85375
1478.0,0.85375
1479.0,0.8284931506849315
1480.0,0.85375
1481.0,0.7654347826086955
1482.0,0.8054545454545455
1483.0,0.8314285714285715
1484.0,0.7921428571428571
1485.0,0.85375
1486.0,0.85375
1487.0,0.8558904109589042
1488.0,0.8558904109589042
1489.0,0.8558904109589041
1490.0,0.830945945945946
1491.0,0.8558904109589041
1492.0,0.8558904109589041
1493.0,0.8558904109589042
1494.0,0.830945945945946
1495.0,0.8558904109589042
1496.0,0.7768918918918918
1497.0,0.8039189189189189
1498.0,0.7799999999999999
1499.0,0.8309459459459458
1500.0,0.8558904109589042
1501.0,0.8558904109589041
1502.0,0.803918918918919
1503.0,0.8284931506849316
1504.0,0.8284931506849315
1505.0,0.8677777777777779
1506.0,0.8558904109589042
1507.0,0.85375
1508.0,0.8284931506849316
1509.0,0.8558904109589041
1510.0,0.803918918918919
1511.0,0.8558904109589041
1512.0,0.7706382978723404
1513.0,0.8255737704918034
1514.0,0.8285483870967741
1515.0,0.7857352941176471
1516.0,0.8326086956521738
1517.0,0.8515492957746479
1518.0,0.8284931506849315
1519.0,0.85375
1520.0,0.85375
1521.0,0.8558904109589042
1522.0,0.8284931506849315
1523.0,0.7768918918918919
1524.0,0.801095890410959
1525.0,0.8284931506849315
1526.0,0.830945945945946
1527.0,0.8309459459459458
1528.0,0.8259722222222222
1529.0,0.8284931506849315
1530.0,0.8558904109589042
1531.0,0.8233802816901407
1532.0,0.8233802816901409
1533.0,0.85375
1534.0,0.8558904109589041
1535.0,0.8558904109589042
1536.0,0.8558904109589042
1537.0,0.8697260273972603
1538.0,0.8558904109589041
1539.0,0.8697260273972603
1540.0,0.8558904109589041
1541.0,0.830945945945946
1542.0,0.8558904109589041
1543.0,0.8558904109589042
1544.0,0.8579729729729729
1545.0,0.857972972972973
1546.0,0.8284931506849315
1547.0,0.8558904109589042
1548.0,0.830945945945946
1549.0,0.8558904109589041
1550.0,0.8309459459459458
1551.0,0.830945945945946
1552.0,0.8558904109589042
1553.0,0.8558904109589042
1554.0,0.656103896103896
1555.0,0.8066666666666665
1556.0,0.8558904109589041
1557.0,0.8558904109589041
1558.0,0.8558904109589042
1559.0,0.8579729729729729
1560.0,0.8558904109589042
1561.0,0.8492857142857142
1562.0,0.8492857142857141
1563.0,0.85375
1564.0,0.857972972972973
1565.0,0.8697260273972603
1566.0,0.830945945945946
1567.0,0.7567105263157895
1568.0,0.7340259740259739
1569.0,0.8558904109589042
1570.0,0.8579729729729729
1571.0,0.8558904109589041
1572.0,0.8697260273972603
1573.0,0.8558904109589042
1574.0,0.857972972972973
1575.0,0.830945945945946
1576.0,0.8558904109589041
1577.0,0.0992857142857143
1578.0,0.1196938775510204
1579.0,0.3443023255813954
1580.0,0.7635714285714285
1581.0,0.8284931506849316
1582.0,0.8697260273972603
1583.0,0.76
1584.0,0.8255737704918034
1585.0,0.8061538461538461
1586.0,0.8420895522388058
1587.0,0.8207142857142856
1588.0,0.85375
1589.0,0.8515492957746477
1590.0,0.85375
1591.0,0.85375
1592.0,0.8259722222222222
1593.0,0.8284931506849316
1594.0,0.8259722222222222
1595.0,0.8558904109589041
1596.0,0.8558904109589041
1597.0,0.8558904109589042
1598.0,0.6922857142857143
1599.0,0.7426388888888888
1600.0,0.8469565217391303
1601.0,0.8420895522388059
1602.0,0.8492857142857141
1603.0,0.85375
1604.0,0.85375
1605.0,0.8558904109589041
1606.0,0.803918918918919
1607.0,0.8558904109589042
1608.0,0.8039189189189189
1609.0,0.8284931506849316
1610.0,0.8558904109589042
1611.0,0.8558904109589042
1612.0,0.8558904109589041
1613.0,0.8558904109589041
1614.0,0.8259722222222222
1615.0,0.8284931506849316
1616.0,0.8558904109589041
1617.0,0.8558904109589042
1618.0,0.85375
1619.0,0.8558904109589041
1620.0,0.8309459459459458
1621.0,0.85375
1622.0,0.8558904109589042
1623.0,0.8697260273972603
1624.0,0.8558904109589042
1625.0,0.8579729729729729
1626.0,0.857972972972973
1627.0,0.8558904109589041
1628.0,0.8558904109589042
1629.0,0.8558904109589041
1630.0,0.8579729729729729
1631.0,0.8697260273972603
1632.0,0.8233802816901408
1633.0,0.8637142857142854
1634.0,0.85375
1635.0,0.8558904109589041
1636.0,0.8558904109589041
1637.0,0.8579729729729729
1638.0,0.8579729729729729
1639.0,0.8558904109589042
1640.0,0.8558904109589042
1641.0,0.8579729729729729
1642.0,0.8697260273972603
1643.0,0.7768918918918919
1644.0,0.8309459459459458
1645.0,0.8579729729729729
1646.0,0.857972972972973
1647.0,0.8558904109589041
1648.0,0.8558904109589041
1649.0,0.8579729729729729
1650.0,0.857972972972973
1651.0,0.8697260273972603
1652.0,0.8066666666666665
1653.0,0.8697260273972603
1654.0,0.6093589743589742
1655.0,0.6958108108108108
1656.0,0.8423287671232877
1657.0,0.8697260273972603
1658.0,0.830945945945946
1659.0,0.8697260273972603
1660.0,0.8558904109589042
1661.0,0.8579729729729729
1662.0,0.8309459459459458
1663.0,0.8558904109589042
1664.0,0.5748148148148148
1665.0,0.695194805194805
1666.0,0.830945945945946
1667.0,0.8579729729729729
1668.0,0.85375
1669.0,0.7224999999999999
1670.0,0.8151470588235294
1671.0,0.8469565217391302
1672.0,0.8558904109589041
1673.0,0.8558904109589042
1674.0,0.857972972972973
1675.0,0.8558904109589041
1676.0,0.8697260273972603
1677.0,0.8579729729729729
1678.0,0.8558904109589041
1679.0,0.8579729729729729
1680.0,0.8558904109589041
1681.0,0.8579729729729729
1682.0,0.8579729729729729
1683.0,0.85375
1684.0,0.8558904109589041
1685.0,0.8579729729729729
1686.0,0.8579729729729729
1687.0,0.8697260273972603
1688.0,0.8697260273972603
1689.0,0.8284931506849316
1690.0,0.8039189189189189
1691.0,0.8309459459459458
1692.0,0.8579729729729729
1693.0,0.6945238095238095
1694.0,0.8126315789473683
1695.0,0.8421311475409836
1696.0,0.7226865671641791
1697.0,0.8151470588235293
1698.0,0.8179710144927537
1699.0,0.8207142857142856
1700.0,0.85375
1701.0,0.8010958904109589
1702.0,0.801095890410959
1703.0,0.8677777777777779
1704.0,0.8558904109589042
1705.0,0.8558904109589042
1706.0,0.8558904109589042
1707.0,0.8697260273972603
1708.0,0.8469565217391304
1709.0,0.8515492957746476
1710.0,0.8309459459459458
1711.0,0.8558904109589042
1712.0,0.830945945945946
1713.0,0.8677777777777779
1714.0,0.8558904109589042
1715.0,0.803918918918919
1716.0,0.8558904109589042
1717.0,0.8697260273972603
1718.0,0.7567105263157895
1719.0,0.7303947368421051
1720.0,0.8558904109589042
1721.0,0.8558904109589042
1722.0,0.8558904109589041
1723.0,0.8558904109589042
1724.0,0.85375
1725.0,0.8558904109589041
1726.0,0.8558904109589042
1727.0,0.857972972972973
1728.0,0.8558904109589041
1729.0,0.857972972972973
1730.0,0.49161764705882355
1731.0,0.7388732394366195
1732.0,0.8259722222222222
1733.0,0.85375
1734.0,0.8558904109589041
1735.0,0.8066666666666666
1736.0,0.8558904109589041
1737.0,0.8579729729729729
1738.0,0.8558904109589042
1739.0,0.8284931506849316
1740.0,0.8558904109589041
1741.0,0.8558904109589041
1742.0,0.8558904109589041
1743.0,0.8558904109589041
1744.0,0.8579729729729729
1745.0,0.8558904109589042
1746.0,0.857972972972973
1747.0,0.78
1748.0,0.803918918918919
1749.0,0.8697260273972603
1750.0,0.8697260273972603
1751.0,0.8697260273972603
1752.0,0.8579729729729729
1753.0,0.857972972972973
1754.0,0.857972972972973
1755.0,0.8579729729729729
1756.0,0.7
1757.0,0.7266666666666667
1758.0,0.8558904109589042
1759.0,0.8579729729729729
1760.0,0.857972972972973
1761.0,0.7981944444444444
1762.0,0.7228378378378378
1763.0,0.8233802816901408
1764.0,0.8284931506849316
1765.0,0.85375
1766.0,0.8284931506849316
1767.0,0.85375
1768.0,0.7799999999999999
1769.0,0.85375
1770.0,0.85375
1771.0,0.8558904109589042
1772.0,0.830945945945946
1773.0,0.8558904109589042
1774.0,0.85375
1775.0,0.8558904109589041
1776.0,0.8515492957746476
1777.0,0.8558904109589041
1778.0,0.8558904109589042
1779.0,0.8558904109589041
1780.0,0.8558904109589042
1781.0,0.8697260273972603
1782.0,0.857972972972973
1783.0,0.6862820512820512
1784.0,0.7303947368421051
1785.0,0.8677777777777779
1786.0,0.8558904109589042
1787.0,0.8558904109589041
1788.0,0.857972972972973
1789.0,0.7889855072463767
1790.0,0.85375
1791.0,0.8697260273972603
1792.0,0.8400000000000001
1793.0,0.7799999999999999
1794.0,0.803918918918919
1795.0,0.8010958904109589
1796.0,0.8284931506849316
1797.0,0.8558904109589041
1798.0,0.8558904109589042
1799.0,0.8558904109589041
1800.0,0.8284931506849316
1801.0,0.8284931506849315
1802.0,0.8558904109589042
1803.0,0.7733928571428571
1804.0,0.8314285714285714
1805.0,0.8420895522388058
1806.0,0.8558904109589041
1807.0,0.85375
1808.0,0.8010958904109589
1809.0,0.8558904109589041
1810.0,0.8558904109589041
1811.0,0.8558904109589041
1812.0,0.8697260273972603
1813.0,0.8697260273972603
1814.0,0.8558904109589042
1815.0,0.8558904109589041
1816.0,0.8039189189189189
1817.0,0.8309459459459458
1818.0,0.8558904109589041
1819.0,0.8558904109589041
1820.0,0.8558904109589041
1821.0,0.8558904109589042
1822.0,0.8697260273972603
1823.0,0.8579729729729729
1824.0,0.857972972972973
1825.0,0.8558904109589042
1826.0,0.8558904109589041
1827.0,0.8558904109589041
1828.0,0.8697260273972603
1829.0,0.8558904109589042
1830.0,0.857972972972973
1831.0,0.7567105263157895
1832.0,0.8039189189189189
1833.0,0.85375
1834.0,0.8579729729729729
1835.0,0.8579729729729729
1836.0,0.857972972972973
1837.0,0.8309459459459458
1838.0,0.8579729729729729
1839.0,0.8309459459459458
1840.0,0.8697260273972603
1841.0,0.8066666666666665
1842.0,0.8579729729729729
1843.0,0.830945945945946
1844.0,0.8284931506849315
1845.0,0.8309459459459458
1846.0,0.8558904109589042
1847.0,0.8558904109589042
1848.0,0.8558904109589042
1849.0,0.8579729729729729
1850.0,0.4599999999999998
1851.0,0.4935526315789474
1852.0,0.8492857142857141
1853.0,0.85375
1854.0,0.85375
1855.0,0.857972972972973
1856.0,0.801095890410959
1857.0,0.8284931506849316
1858.0,0.85375
1859.0,0.8558904109589041
1860.0,0.857972972972973
1861.0,0.8579729729729729
1862.0,0.8579729729729729
1863.0,0.8558904109589041
1864.0,0.8309459459459458
1865.0,0.8558904109589041
1866.0,0.8558904109589041
1867.0,0.8579729729729729
1868.0,0.8558904109589042
1869.0,0.8259722222222222
1870.0,0.6777631578947367
1871.0,0.7303947368421052
1872.0,0.8445588235294119
1873.0,0.8492857142857141
1874.0,0.8558904109589042
1875.0,0.8558904109589041
1876.0,0.8558904109589041
1877.0,0.830945945945946
1878.0,0.8309459459459458
1879.0,0.6301298701298702
1880.0,0.803918918918919
1881.0,0.8492857142857142
1882.0,0.8537500000000001
1883.0,0.8558904109589041
1884.0,0.8558904109589042
1885.0,0.85375
1886.0,0.8558904109589042
1887.0,0.8697260273972603
1888.0,0.857972972972973
1889.0,0.8309459459459458
1890.0,0.8579729729729729
1891.0,0.803918918918919
1892.0,0.78
1893.0,0.8558904109589042
1894.0,0.8558904109589042
1895.0,0.8558904109589042
1896.0,0.8445588235294119
1897.0,0.849285714285714
1898.0,0.8697260273972603
1899.0,0.857972972972973
1900.0,0.8309459459459458
1901.0,0.857972972972973
1902.0,0.5501234567901235
1903.0,0.594375
1904.0,0.8558904109589041
1905.0,0.8558904109589041
1906.0,0.8697260273972603
1907.0,0.8558904109589041
1908.0,0.857972972972973
1909.0,0.8314285714285714
1910.0,0.8469565217391304
1911.0,0.8515492957746477
1912.0,0.8558904109589041
1913.0,0.8579729729729729
1914.0,0.8697260273972603
1915.0,0.8579729729729729
1916.0,0.8697260273972603
1917.0,0.8579729729729729
1918.0,0.857972972972973
1919.0,0.8558904109589041
1920.0,0.857972972972973
1921.0,0.5625925925925926
1922.0,0.513012048192771
1923.0,0.830945945945946
1924.0,0.806153846153846
1925.0,0.8420895522388062
1926.0,0.8615942028985506
1927.0,0.801095890410959
1928.0,0.85375
1929.0,0.8284931506849316
1930.0,0.8558904109589041
1931.0,0.8284931506849315
1932.0,0.6862820512820511
1933.0,0.7768918918918918
1934.0,0.8677777777777779
1935.0,0.8558904109589041
1936.0,0.8515492957746477
1937.0,0.801095890410959
1938.0,0.8010958904109589
1939.0,0.801095890410959
1940.0,0.8558904109589042
1941.0,0.85375
1942.0,0.8558904109589041
1943.0,0.8558904109589041
1944.0,0.8558904109589041
1945.0,0.857972972972973
1946.0,0.857972972972973
1947.0,0.8558904109589042
1948.0,0.857972972972973
1949.0,0.857972972972973
1950.0,0.8066666666666665
1951.0,0.7799999999999999
1952.0,0.8579729729729729
1953.0,0.8697260273972603
1954.0,0.8558904109589041
1955.0,0.8579729729729729
1956.0,0.8558904109589042
1957.0,0.8579729729729729
1958.0,0.85375
1959.0,0.8558904109589041
1960.0,0.857972972972973
1961.0,0.8558904109589042
1962.0,0.857972972972973
1963.0,0.8558904109589041
1964.0,0.8558904109589042
1965.0,0.8579729729729729
1966.0,0.8558904109589041
1967.0,0.8579729729729729
1968.0,0.8579729729729729
1969.0,0.594375
1970.0,0.6397468354430377
1971.0,0.8558904109589041
1972.0,0.8579729729729729
1973.0,0.8697260273972603
1974.0,0.8558904109589041
1975.0,0.8010958904109589
1976.0,0.8558904109589042
1977.0,0.8395454545454545
1978.0,0.85375
1979.0,0.85375
1980.0,0.8697260273972603
1981.0,0.8558904109589041
1982.0,0.8558904109589042
1983.0,0.85375
1984.0,0.8558904109589041
1985.0,0.857972972972973
1986.0,0.8558904109589041
1987.0,0.8309459459459458
1988.0,0.803918918918919
1989.0,0.85375
1990.0,0.7768918918918918
1991.0,0.8558904109589042
1992.0,0.8558904109589042
1993.0,0.8558904109589041
1994.0,0.8558904109589042
1995.0,0.842089552238806
1996.0,0.85375
1997.0,0.857972972972973
1998.0,0.8515492957746477
1999.0,0.8537500000000001
2000.0,0.8579729729729729
2001.0,0.8697260273972603
2002.0,0.857972972972973
2003.0,0.857972972972973
2004.0,0.857972972972973
2005.0,0.8697260273972603
2006.0,0.8579729729729729
2007.0,0.8558904109589042
2008.0,0.8558904109589042
2009.0,0.8558904109589042
2010.0,0.830945945945946
2011.0,0.857972972972973
2012.0,0.7567105263157895
2013.0,0.78
2014.0,0.8309459459459458
2015.0,0.8579729729729729
2016.0,0.830945945945946
2017.0,0.8579729729729729
2018.0,0.8558904109589041
2019.0,0.8558904109589042
2020.0,0.8697260273972603
2021.0,-0.9668674698795181
2022.0,0.8558904109589042
2023.0,0.8558904109589041
2024.0,0.8697260273972603
2025.0,0.8558904109589042
2026.0,0.7799999999999999
2027.0,0.85375
2028.0,0.8677777777777779
2029.0,0.8002941176470586
2030.0,0.830945945945946
2031.0,0.8579729729729729
2032.0,0.8579729729729729
2033.0,0.006913580246913549
2034.0,0.352948717948718
2035.0,0.5461842105263157
2036.0,0.7768918918918918
2037.0,0.803918918918919
2038.0,0.8558904109589042
2039.0,0.8579729729729729
2040.0,0.8558904109589041
2041.0,0.8579729729729729
2042.0,0.8558904109589041
2043.0,0.8697260273972603
2044.0,0.8579729729729729
2045.0,0.8697260273972603
2046.0,0.8697260273972603
2047.0,0.857972972972973
2048.0,0.8697260273972603
2049.0,0.8697260273972603
2050.0,0.857972972972973
2051.0,0.8558904109589041
2052.0,0.857972972972973
2053.0,0.857972972972973
2054.0,0.8579729729729729
2055.0,0.8579729729729729
2056.0,0.8697260273972603
2057.0,0.8579729729729729
2058.0,0.8579729729729729
2059.0,0.8558904109589042
2060.0,0.8558904109589042
2061.0,0.8579729729729729
2062.0,0.857972972972973
2063.0,0.8677777777777779
2064.0,0.8558904109589041
2065.0,0.8558904109589042
2066.0,0.8558904109589041
2067.0,0.8558904109589042
2068.0,0.8697260273972603
2069.0,0.8558904109589041
2070.0,0.8697260273972603
2071.0,0.857972972972973
2072.0,0.8558904109589042
2073.0,0.857972972972973
2074.0,0.8579729729729729
2075.0,0.8579729729729729
2076.0,0.8558904109589041
2077.0,0.8579729729729729
2078.0,0.857972972972973
2079.0,0.8579729729729729
2080.0,0.8579729729729729
2081.0,0.8579729729729729
2082.0,0.830945945945946
2083.0,-0.003020833333333343
2084.0,0.8092424242424242
2085.0,0.8122388059701493
2086.0,0.8492857142857142
2087.0,-0.21552447552447548
2088.0,0.8492857142857142
2089.0,0.8420895522388059
2090.0,0.8469565217391303
2091.0,0.8309459459459458
2092.0,-1.002945638432364
2093.0,0.0189285714285714
2094.0,0.30320987654320986
2095.0,0.6934374999999999
2096.0,0.7635714285714285
2097.0,0.8207142857142855
2098.0,0.7981944444444444
2099.0,-0.7699999999999998
2100.0,0.6147297297297297
2101.0,0.7670422535211269
2102.0,0.8233802816901408
2103.0,0.8637142857142857
2104.0,0.85375
2105.0,0.4483116883116883
2106.0,0.6466666666666666
2107.0,0.7736986301369863
2108.0,0.26852272727272725
2109.0,0.3364705882352942
2110.0,0.8122388059701493
2111.0,0.8469565217391304
2112.0,0.7952112676056337
2113.0,0.7952112676056337
2114.0,0.8515492957746479
2115.0,0.03108433734939758
2116.0,0.5933333333333333
2117.0,0.6251315789473684
2118.0,0.6417567567567568
2119.0,0.8492857142857141
2120.0,-1.0711403508771928
2121.0,0.8537500000000001
2122.0,0.7
2123.0,0.8010958904109589
2124.0,0.7889855072463768
2125.0,0.8005882352941177
2126.0,0.7889855072463767
2127.0,0.8469565217391303
2128.0,0.8207142857142856
2129.0,0.8233802816901408
2130.0,0.8515492957746478
2131.0,0.8537500000000001
2132.0,0.85375
2133.0,0.8558904109589042
2134.0,0.8558904109589042
2135.0,0.8558904109589042
2136.0,0.8284931506849316
2137.0,0.8207142857142856
2138.0,0.8515492957746477
2139.0,0.8558904109589042
2140.0,0.8066666666666665
2141.0,0.8697260273972603
2142.0,0.857972972972973
2143.0,0.8579729729729729
2144.0,0.830945945945946
2145.0,0.857972972972973
2146.0,0.857972972972973
2147.0,0.7768918918918919
2148.0,0.8697260273972603
2149.0,0.7533333333333333
2150.0,0.8579729729729729
2151.0,0.6514473684210526
2152.0,0.8039189189189189
2153.0,0.8039189189189189
2154.0,0.857972972972973
2155.0,0.857972972972973
2156.0,0.7768918918918919
2157.0,0.7768918918918919
2158.0,0.8066666666666665
2159.0,-1.071858407079646
2160.0,0.8558904109589041
2161.0,0.23554347826086958
2162.0,-1.0834343434343432
2163.0,0.5069512195121952
2164.0,0.4760493827160493
2165.0,0.8010958904109589
2166.0,0.8284931506849315
2167.0,0.7768918918918918
2168.0,-1.0070664206642066
2169.0,0.7498648648648648
2170.0,0.830945945945946
2171.0,0.803918918918919
2172.0,0.8558904109589041
2173.0,0.7266666666666666
2174.0,0.801095890410959
2175.0,0.7768918918918918
2176.0,0.8242424242424241
2177.0,0.8677777777777779
2178.0,0.6687837837837838
2179.0,0.8492857142857142
2180.0,-0.8218713450292399
2181.0,0.8558904109589041
2182.0,0.7498648648648648
2183.0,0.8284931506849315
2184.0,-0.9872014925373134
2185.0,0.8558904109589041
2186.0,0.6251315789473684
2187.0,0.7857352941176471
2188.0,0.7463013698630138
2189.0,0.704078947368421
2190.0,0.7981944444444444
2191.0,0.5988157894736842
2192.0,0.8515492957746478
2193.0,0.803918918918919
2194.0,-1.0520805369127517
2195.0,0.8558904109589041
2196.0,-1.0254406130268199
2197.0,-0.15273584905660376
2198.0,-0.0030526315789473745
2199.0,-0.6653260869565217
2200.0,0.32236842105263164
2201.0,0.664109589041096
2202.0,-0.3973275862068965
2203.0,0.7020289855072465
2204.0,0.6315277777777778
2205.0,-0.6427149321266968
2206.0,-0.34372340425531916
2207.0,0.8151470588235293
2208.0,0.767042253521127
2209.0,0.8492857142857143
2210.0,0.8010958904109589
2211.0,0.7981944444444444
2212.0,-0.40388888888888896
2213.0,0.6251315789473684
2214.0,0.8492857142857143
2215.0,0.7736986301369864
2216.0,0.8558904109589041
2217.0,0.8558904109589042
2218.0,0.8309459459459458
2219.0,0.8558904109589042
2220.0,0.8039189189189189
2221.0,-1.1070886075949369
2222.0,0.8179710144927534
2223.0,0.85375
2224.0,0.85375
2225.0,-1.0318552036199096
2226.0,0.7768918918918919
2227.0,0.7799999999999999
2228.0,0.8558904109589042
2229.0,-0.5560714285714285
2230.0,0.6349999999999998
2231.0,0.6777631578947367
2232.0,0.8259722222222222
2233.0,0.8492857142857141
2234.0,0.8400000000000001
2235.0,0.8010958904109589
2236.0,0.8233802816901408
2237.0,0.8207142857142857
2238.0,0.08499999999999998
2239.0,0.49972602739726024
2240.0,0.7789393939393938
2241.0,0.7107042253521126
2242.0,0.8492857142857142
2243.0,0.8259722222222222
2244.0,-1.0376804123711338
2245.0,-1.0129596412556052
2246.0,0.7857352941176471
2247.0,0.7704166666666666
2248.0,0.85375
2249.0,0.4866666666666667
2250.0,0.7736986301369863
2251.0,0.7183333333333333
2252.0,0.7417647058823529
2253.0,0.8179710144927537
2254.0,0.7426388888888888
2255.0,0.8233802816901408
2256.0,0.8537500000000001
2257.0,0.8537500000000001
2258.0,0.8284931506849316
2259.0,0.8515492957746479
2260.0,0.8515492957746478
2261.0,0.8010958904109589
2262.0,0.8515492957746478
2263.0,-1.04475935828877
2264.0,0.8284931506849315
2265.0,0.7799999999999999
2266.0,0.8558904109589042
2267.0,0.8558904109589042
2268.0,0.8558904109589041
2269.0,0.7266666666666667
2270.0,0.7768918918918918
2271.0,0.803918918918919
2272.0,0.8259722222222223
2273.0,0.8515492957746477
2274.0,-0.7826666666666667
2275.0,-1.071858407079646
2276.0,0.682077922077922
2277.0,0.8423287671232877
2278.0,0.8284931506849316
2279.0,0.857972972972973
2280.0,0.8039189189189189
2281.0,-1.0140259740259738
2282.0,0.8558904109589042
2283.0,-1.0339393939393942
2284.0,0.8284931506849316
2285.0,0.6466666666666666
2286.0,0.8149315068493151
2287.0,0.8284931506849316
2288.0,0.8423287671232877
2289.0,0.7768918918918918
2290.0,0.8558904109589041
2291.0,0.8284931506849315
2292.0,0.8259722222222222
2293.0,0.8284931506849315
2294.0,0.7736986301369863
2295.0,-1.0780952380952382
2296.0,-1.0733333333333333
2297.0,0.54
2298.0,0.7854237288135593
2299.0,0.7996825396825397
2300.0,0.8469565217391304
2301.0,0.7736986301369864
2302.0,-1.0333898305084743
2303.0,0.8395454545454545
2304.0,0.7426388888888888
2305.0,0.8233802816901407
2306.0,0.8558904109589042
2307.0,0.8284931506849315
2308.0,-1.0179456193353473
2309.0,0.8151470588235294
2310.0,-0.14972222222222223
2311.0,0.8492857142857141
2312.0,0.8558904109589041
2313.0,0.8445588235294117
2314.0,0.8061538461538461
2315.0,0.80296875
2316.0,0.8420895522388061
2317.0,-1.050924369747899
2318.0,0.7563235294117646
2319.0,0.7952112676056337
2320.0,0.85375
2321.0,0.7498648648648648
2322.0,0.8284931506849315
2323.0,0.801095890410959
2324.0,0.8284931506849315
2325.0,0.801095890410959
2326.0,0.8558904109589041
2327.0,-0.45710526315789474
2328.0,-0.5473333333333332
2329.0,-1.0011425462459194
2330.0,-1.0237953795379537
2331.0,0.5210294117647059
2332.0,0.7377611940298507
2333.0,0.8151470588235292
2334.0,0.4223376623376623
2335.0,0.6593055555555556
2336.0,0.8207142857142855
2337.0,0.5277464788732393
2338.0,0.8094366197183097
2339.0,0.8657746478873238
2340.0,0.8445588235294118
2341.0,-0.44921052631578945
2342.0,0.7463013698630137
2343.0,0.8061538461538462
2344.0,-1.1148780487804875
2345.0,0.6613157894736842
2346.0,0.7599999999999999
2347.0,0.8126315789473683
2348.0,-1.052925170068027
2349.0,-1.0988235294117643
2350.0,0.7599999999999999
2351.0,0.7849999999999997
2352.0,-0.7883673469387755
2353.0,-0.8351557093425606
2354.0,0.8091071428571429
2355.0,0.819322033898305
2356.0,-0.6262179487179487
2357.0,0.8255737704918031
2358.0,0.7183333333333333
2359.0,0.80296875
2360.0,0.8420895522388059
2361.0,0.8492857142857142
2362.0,0.7736986301369864
2363.0,-1.0095793499043977
2364.0,0.7310144927536232
2365.0,0.8207142857142857
2366.0,0.8469565217391303
2367.0,0.09434782608695652
2368.0,0.7266666666666666
2369.0,0.6824324324324325
2370.0,0.6915068493150686
2371.0,0.7600000000000001
2372.0,0.4811538461538461
2373.0,0.8179710144927536
2374.0,0.7711764705882354
2375.0,0.7446153846153846
2376.0,-1.0431609195402298
2377.0,-0.3076691729323308
2378.0,0.8151470588235294
2379.0,0.801095890410959
2380.0,0.7189041095890412
2381.0,0.7952112676056338
2382.0,-1.0003305785123968
2383.0,0.8637142857142855
2384.0,0.8492857142857142
2385.0,-0.8846945337620579
2386.0,0.8092424242424241
2387.0,-0.9908988764044946
2388.0,0.8207142857142855
2389.0,0.8515492957746478
2390.0,0.6417567567567567
2391.0,0.7498648648648649
2392.0,0.07318681318681318
2393.0,0.8259722222222223
2394.0,-0.9181115879828325
2395.0,0.8469565217391305
2396.0,0.4811538461538461
2397.0,0.8314285714285715
2398.0,0.5204166666666666
2399.0,-0.907870036101083
2400.0,0.7310144927536232
2401.0,0.8005882352941176
2402.0,0.8179710144927534
2403.0,0.8515492957746478
2404.0,0.801095890410959
2405.0,0.8492857142857141
2406.0,0.6041558441558441
2407.0,0.8207142857142855
2408.0,0.8300000000000001
2409.0,-1.0690598290598292
2410.0,0.7670422535211268
2411.0,0.7981944444444444
2412.0,0.8259722222222222
2413.0,0.8515492957746478
2414.0,0.5461842105263157
2415.0,0.5251807228915661
2416.0,0.6251315789473683
2417.0,0.7768918918918918
2418.0,0.7981944444444444
2419.0,0.7981944444444444
2420.0,-0.8479545454545454
2421.0,0.6251315789473684
2422.0,0.7779999999999998
2423.0,-1.0053508771929827
2424.0,0.7426388888888888
2425.0,0.8179710144927534
2426.0,0.8233802816901408
2427.0,0.7704166666666667
2428.0,0.7981944444444444
2429.0,-1.0067525773195876
2430.0,0.8233802816901409
2431.0,0.8515492957746477
2432.0,-0.3816666666666667
2433.0,-0.29517241379310344
2434.0,-1.056546762589928
2435.0,0.6777631578947368
2436.0,-1.116712328767123
2437.0,0.8151470588235292
2438.0,0.6466666666666667
2439.0,0.7064285714285713
2440.0,0.7704166666666666
2441.0,-1.0233935018050542
2442.0,0.8395454545454546
2443.0,0.6593055555555556
2444.0,0.6825352112676055
2445.0,0.8469565217391304
2446.0,0.7189041095890412
2447.0,0.8515492957746478
2448.0,-0.9805498281786938
2449.0,-1.1101298701298703
2450.0,-1.1184722222222223
2451.0,0.83421875
2452.0,0.7388732394366196
2453.0,0.7269117647058823
2454.0,0.5435820895522389
2455.0,0.7889855072463767
2456.0,-0.37043478260869567
2457.0,0.7064285714285713
2458.0,0.8259722222222222
2459.0,-1.0525757575757575
2460.0,-1.077264150943396
2461.0,-0.9166386554621848
2462.0,0.7733928571428572
2463.0,-1.0074485596707818
2464.0,0.7470689655172414
2465.0,0.8061538461538462
2466.0,-1.0669924812030074
2467.0,0.7148611111111111
2468.0,0.20881355932203385
2469.0,0.7921428571428573
2470.0,0.8469565217391304
2471.0,-0.9640000000000001
2472.0,-0.13434782608695678
2473.0,0.76
2474.0,0.6543661971830985
2475.0,0.7426388888888888
2476.0,0.24263888888888888
2477.0,-0.9672727272727273
2478.0,0.5860869565217391
2479.0,-1.0209364548494984
2480.0,-1.0132142857142856
2481.0,-0.8893362831858406
2482.0,0.4759090909090909
2483.0,0.67796875
2484.0,0.7138461538461539
2485.0,0.6315277777777778
2486.0,-1.11012987012987
2487.0,0.67796875
2488.0,0.7310144927536233
2489.0,0.8122388059701494
2490.0,-1.0718584070796462
2491.0,0.7889855072463768
2492.0,-0.8890963855421689
2493.0,-0.5996153846153848
2494.0,0.6367123287671234
2495.0,0.7670422535211266
2496.0,-0.8319811320754715
2497.0,-1.0645967741935485
2498.0,0.7952112676056338
2499.0,0.792142857142857
2500.0,0.8492857142857141
2501.0,-0.9828571428571429
2502.0,0.8515492957746478
2503.0,0.7736986301369864
2504.0,-0.3292857142857144
2505.0,0.8255737704918031
2506.0,0.731774193548387
2507.0,0.8126315789473683
2508.0,-0.6789534883720929
2509.0,0.6251315789473684
2510.0,-0.8912027491408934
2511.0,-1.115
2512.0,-1.0076767676767675
2513.0,0.7679365079365079
2514.0,-1.1070886075949367
2515.0,0.48596153846153844
2516.0,0.6672580645161291
2517.0,-1.1221428571428569
2518.0,-1.0434682080924855
2519.0,0.8303508771929824
2520.0,0.6782692307692308
2521.0,0.7483720930232558
2522.0,0.7690909090909092
2523.0,-1.0916483516483515
2524.0,0.006987951807228892
2525.0,0.6995161290322581
2526.0,0.80296875
2527.0,0.6440579710144927
2528.0,0.8395454545454547
2529.0,-1.016218487394958
2530.0,0.7563235294117647
2531.0,0.6778571428571427
2532.0,-0.24416666666666667
2533.0,0.2205882352941176
2534.0,-1.0733333333333333
2535.0,0.6147297297297296
2536.0,0.792142857142857
2537.0,0.792142857142857
2538.0,-0.9502425876010783
2539.0,0.8233802816901407
2540.0,0.8207142857142856
2541.0,0.8515492957746478
2542.0,0.7981944444444444
2543.0,0.85375
2544.0,0.8537500000000001
2545.0,-0.8871571906354515
2546.0,-0.9214516129032259
2547.0,0.85375
2548.0,0.85375
2549.0,-0.13722222222222225
2550.0,0.4008450704225351
2551.0,0.8284931506849316
2552.0,-1.0988235294117645
2553.0,0.8233802816901407
2554.0,-0.27716216216216216
2555.0,0.6334666666666666
2556.0,-1.0180748663101604
2557.0,0.8054545454545454
2558.0,-1.0628346456692916
2559.0,-0.7327884615384614
2560.0,0.6231506849315068
2561.0,-1.059078947368421
2562.0,0.7377611940298506
2563.0,0.8207142857142856
2564.0,-0.9587500000000001
2565.0,0.8469565217391305
2566.0,0.8469565217391304
2567.0,0.8515492957746479
2568.0,-0.6324418604651163
2569.0,-1.004880952380952
2570.0,0.8515492957746476
2571.0,0.8259722222222222
2572.0,0.8515492957746479
2573.0,0.8515492957746477
2574.0,0.8376056338028168
2575.0,0.8207142857142855
2576.0,0.8492857142857143
2577.0,-0.3797849462365591
2578.0,-1.0359192825112107
2579.0,-1.0434682080924855
2580.0,0.85375
2581.0,-0.985664739884393
2582.0,-0.5954216867469879
2583.0,0.8657746478873238
2584.0,-0.8981196581196581
2585.0,0.85375
2586.0,0.8492857142857142
2587.0,-0.6047058823529412
2588.0,0.8284931506849316
2589.0,-1.050855263157895
2590.0,-0.8079347826086957
2591.0,-1.0499173553719008
2592.0,-1.1494827586206897
2593.0,-0.9763861386138614
2594.0,-0.6767088607594935
2595.0,-0.07673469387755104
2596.0,-0.33635416666666673
2597.0,-0.24948717948717958
2598.0,0.2334848484848485
2599.0,-1.1280597014925373
2600.0,0.85375
2601.0,0.329767441860465
2602.0,0.6777631578947368
2603.0,-0.40528925619834716
2604.0,-0.8427397260273973
2605.0,-1.0824999999999998
2606.0,0.8149315068493151
2607.0,-1.085360824742268
2608.0,0.5067948717948716
2609.0,-0.805934065934066
2610.0,-0.10607142857142866
2611.0,0.25382716049382714
2612.0,0.5001333333333332
2613.0,-1.1713725490196076
2614.0,-0.9483333333333335
2615.0,0.6093150684931508
2616.0,0.7563235294117645
2617.0,0.7857352941176471
2618.0,0.5892682926829268
2619.0,0.7670422535211266
2620.0,-1.1001190476190477
2621.0,0.8233802816901408
2622.0,-1.029473684210526
2623.0,-0.7876190476190476
2624.0,-0.9633146067415729
2625.0,-0.04803571428571431
2626.0,-1.0107006369426752
2627.0,0.37693548387096776
2628.0,0.8233802816901407
2629.0,-0.01922077922077924
2630.0,0.7148611111111111
2631.0,-1.1184722222222223
2632.0,0.4418181818181817
2633.0,-1.0748623853211008
2634.0,-1.0789423076923077
2635.0,0.2011764705882353
2636.0,0.8420895522388059
2637.0,0.7952112676056338
2638.0,0.8515492957746479
2639.0,-0.8166129032258064
2640.0,-1.0841558441558443
2641.0,0.801095890410959
2642.0,0.8259722222222222
2643.0,-1.0670833333333332
2644.0,0.8284931506849316
2645.0,0.8400000000000001
2646.0,-0.3908620689655174
2647.0,-0.47626373626373636
2648.0,0.6207692307692306
2649.0,0.8284931506849316
2650.0,0.85375
2651.0,0.85375
2652.0,0.09189655172413788
2653.0,-0.7064285714285715
2654.0,-0.36307692307692313
2655.0,-0.19608108108108105
2656.0,-0.756260162601626
2657.0,-1.0212499999999998
2658.0,0.7551923076923075
2659.0,0.8515492957746477
2660.0,0.6955172413793103
2661.0,-1.161296296296296
2662.0,-1.0195454545454548
2663.0,-1.01359693877551
2664.0,-0.5202857142857144
2665.0,0.8492857142857141
2666.0,-0.9211594202898551
2667.0,-1.246
2668.0,-1.1101298701298703
2669.0,-1.1713725490196079
2670.0,-0.8297887323943662
2671.0,0.6398076923076922
2672.0,-1.0873684210526313
2673.0,-1.0884042553191489
2674.0,0.7670422535211266
2675.0,0.8537500000000001
2676.0,0.7936538461538463
2677.0,-0.49235849056603787
2678.0,0.8126315789473683
2679.0,-0.36135922330097087
2680.0,-0.8617391304347825
2681.0,-0.035698924731182816
2682.0,-1.0795061728395063
2683.0,0.29246753246753243
2684.0,-0.21083333333333337
2685.0,0.5217187499999999
2686.0,-0.23333333333333334
2687.0,-1.1149999999999998
2688.0,0.3225
2689.0,-0.6695774647887324
2690.0,0.6577272727272726
2691.0,0.735
2692.0,0.8314285714285715
2693.0,0.842089552238806
2694.0,0.8054545454545454
2695.0,-0.4723943661971831
2696.0,-1.1416393442622954
2697.0,0.8420895522388058
2698.0,0.7310144927536231
2699.0,0.7891666666666667
2700.0,0.5270454545454545
2701.0,0.7020289855072464
2702.0,-0.6454330708661417
2703.0,0.32790123456790127
2704.0,0.7463013698630138
2705.0,-1.13453125
2706.0,-0.3294736842105263
2707.0,-1.0485443037974684
2708.0,-0.8286075949367088
2709.0,0.7125862068965517
2710.0,-1.0255555555555556
2711.0,-1.1240579710144927
2712.0,-0.1943269230769231
2713.0,0.5133333333333333
2714.0,0.6687837837837837
2715.0,-0.3223863636363637
2716.0,-1.0585185185185189
2717.0,0.6224999999999999
2718.0,0.7189041095890409
2719.0,0.7775438596491228
2720.0,-0.45562500000000006
2721.0,-1.0756
2722.0,0.35420289855072457
2723.0,-1.0474534161490685
2724.0,0.3635714285714285
2725.0,-1.0301568627450979
2726.0,-1.1240579710144927
2727.0,0.7107042253521126
2728.0,-0.9808536585365852
2729.0,-0.7745945945945946
2730.0,0.8469565217391305
2731.0,-1.0924
2732.0,-1.0166544117647058
2733.0,0.07818181818181821
2734.0,-1.056546762589928
2735.0,0.74046875
2736.0,-0.8639316239316238
2737.0,0.5666666666666667
2738.0,-1.0583870967741933
2739.0,-1.1218181818181818
2740.0,0.7779999999999999
2741.0,-0.9426582278481013
2742.0,-0.7761818181818182
2743.0,-0.9058653846153847
2744.0,-1.0488505747126435
2745.0,-0.672377049180328
2746.0,0.7894117647058824
2747.0,-0.5859302325581396
2748.0,0.7011111111111111
2749.0,0.7921428571428571
2750.0,0.8233802816901408
2751.0,0.8285483870967741
2752.0,0.10810126582278477
2753.0,0.7981944444444444
2754.0,-1.0453892215568863
2755.0,0.7981944444444444
2756.0,0.04716216216216214
2757.0,-1.0634126984126986
2758.0,-0.9147058823529413
2759.0,-0.05250000000000005
2760.0,-1.1184722222222223
2761.0,-1.037101449275362
2762.0,-1.1827083333333335
2763.0,-1.2002272727272727
2764.0,-1.0305701754385963
2765.0,0.7421428571428571
2766.0,0.8122388059701492
2767.0,0.6868292682926829
2768.0,-0.13453125000000005
2769.0,0.8515492957746478
2770.0,-1.0135969387755102
2771.0,-0.75953125
2772.0,-0.9314893617021277
2773.0,-0.9542857142857143
2774.0,-0.9795833333333334
2775.0,-1.0258260869565217
2776.0,-1.2315384615384617
2777.0,-1.1240579710144931
2778.0,-0.36500000000000005
2779.0,-0.895
2780.0,-0.5485106382978723
2781.0,-1.1391935483870967
2782.0,-1.0704347826086955
2783.0,-1.0221782178217824
2784.0,-0.8129166666666667
2785.0,-0.2622222222222223
2786.0,-0.9699999999999999
2787.0,0.8054545454545453
2788.0,-0.9770689655172414
2789.0,-1.0725806451612905
2790.0,0.45196428571428565
2791.0,-0.02947368421052631
2792.0,-0.12983050847457633
2793.0,-0.6922727272727274
2794.0,-1.0207308970099669
2795.0,0.4822222222222223
2796.0,-0.3923809523809524
2797.0,0.044374999999999984
2798.0,0.37038961038961044
2799.0,-1.0364285714285715
2800.0,-1.033918918918919
2801.0,0.04928571428571427
2802.0,0.6367123287671232
2803.0,0.7269117647058824
2804.0,0.8469565217391304
2805.0,-1.049294871794872
2806.0,0.8151470588235296
2807.0,0.8160344827586208
2808.0,0.7981944444444444
2809.0,-0.9146031746031748
2810.0,-0.11500000000000002
2811.0,-1.0551408450704227
2812.0,-0.9670833333333332
2813.0,-1.0746774193548387
2814.0,0.2649999999999999
2815.0,-1.0328282828282829
2816.0,0.6261971830985915
2817.0,-0.9253642384105958
2818.0,-1.098936170212766
2819.0,0.7654347826086957
2820.0,0.17203703703703702
2821.0,0.8179710144927534
2822.0,0.8016666666666667
2823.0,0.7670422535211265
2824.0,-1.0640000000000003
2825.0,-1.0916483516483517
2826.0,-1.1581818181818182
2827.0,-1.0772641509433964
2828.0,-1.1678846153846152
2829.0,0.5614705882352939
2830.0,-1.1476086956521738
2831.0,-0.6908928571428571
2832.0,0.6266666666666666
2833.0,-1.0866037735849057
2834.0,-0.4327083333333334
2835.0,0.602
2836.0,-0.83375
2837.0,0.8179710144927534
2838.0,-0.08375
2839.0,-1.105079365079365
2840.0,-0.549278350515464
2841.0,-1.0174666666666667
2842.0,0.3224999999999999
2843.0,-0.22701298701298706
2844.0,-1.1108333333333331
2845.0,0.793653846153846
2846.0,-1.0798058252427185
2847.0,-0.7277450980392157
2848.0,-0.8061764705882354
2849.0,-1.0595488721804514
2850.0,-0.06720588235294121
2851.0,-1.0424193548387093
2852.0,-0.9153640776699029
2853.0,0.8515492957746478
2854.0,-1.0580147058823528
2855.0,0.8445588235294118
2856.0,-1.0834343434343434
2857.0,0.7044444444444443
2858.0,0.8314285714285715
2859.0,-0.8612121212121213
2860.0,-1.0542361111111112
2861.0,0.8160344827586207
2862.0,0.38053571428571425
2863.0,0.7654347826086957
2864.0,0.6711111111111111
2865.0,0.10374999999999997
2866.0,0.6577272727272726
2867.0,-1.0288655462184872
2868.0,-1.070629921259843
2869.0,-1.0037265415549597
2870.0,-0.8271212121212121
2871.0,0.385
2872.0,0.12923076923076918
2873.0,0.7176271186440677
2874.0,-1.0296995708154506
2875.0,0.8342187499999999
2876.0,-0.9879452054794521
2877.0,-0.6073493975903614
2878.0,-1.0210650887573964
2879.0,0.06937499999999995
2880.0,0.7789393939393939
2881.0,-0.7636486486486487
2882.0,-0.23537037037037042
2883.0,0.8126315789473683
2884.0,-1.0412000000000001
2885.0,0.7952112676056338
2886.0,-0.9299736147757255
2887.0,0.8151470588235294
2888.0,0.842089552238806
2889.0,0.8420895522388059
2890.0,0.8207142857142857
2891.0,-1.0460606060606061
2892.0,0.8515492957746477
2893.0,-0.744595588235294
2894.0,0.8284931506849316
2895.0,0.8207142857142855
2896.0,-1.0815841584158414
2897.0,0.8179710144927538
2898.0,0.6492857142857144
2899.0,-1.0450595238095237
2900.0,-1.1323076923076922
2901.0,-1.0784146341463414
2902.0,-1.0125136612021859
2903.0,0.3876595744680851
2904.0,-0.9190566037735848
2905.0,0.2881690140845071
2906.0,-0.43480519480519475
2907.0,0.8255737704918031
2908.0,-0.7170833333333334
2909.0,0.8445588235294118
2910.0,0.07927710843373492
2911.0,0.8492857142857143
2912.0,-0.7202083333333333
2913.0,-0.28872881355932206
2914.0,0.8285483870967745
2915.0,0.8092424242424241
2916.0,-1.0611538461538461
2917.0,-1.047098765432099
2918.0,0.6963636363636362
2919.0,-1.0114617169373548
2920.0,-1.0397311827956988
2921.0,-1.0279098360655738
2922.0,0.8061538461538461
2923.0,-1.2051162790697674
2924.0,0.5404878048780488
2925.0,0.5560526315789472
2926.0,-1.0853608247422681
2927.0,-0.40000000000000013
2928.0,-1.1323076923076922
2929.0,-1.1552
2930.0,-1.0622222222222222
2931.0,-1.044123711340206
2932.0,0.7753846153846153
2933.0,-1.0369543147208122
2934.0,-1.215609756097561
2935.0,-1.1101298701298703
2936.0,-1.0055555555555558
2937.0,-1.1678846153846154
2938.0,-1.227179487179487
2939.0,-1.1416393442622952
2940.0,0.10166666666666654
2941.0,-1.038846153846154
2942.0,-1.1111111111111112
2943.0,-1.082857142857143
2944.0,0.67875
2945.0,-1.0707692307692307
2946.0,-0.19089285714285711
2947.0,-1.1242592592592593
2948.0,-1.2227272727272727
2949.0,-1.0068918918918919
2950.0,-0.8123684210526316
2951.0,0.20117647058823526
2952.0,-1.1060714285714288
2953.0,-0.6517647058823531
2954.0,0.55296875
2955.0,-1.0640000000000003
2956.0,0.5355102040816326
2957.0,-0.9546596858638745
2958.0,-1.0480357142857142
2959.0,0.7501960784313725
2960.0,0.7996825396825397
2961.0,-0.06820895522388057
2962.0,0.45921875
2963.0,0.8061538461538461
2964.0,-1.122987012987013
2965.0,-1.078095238095238
2966.0,-1.0746774193548387
2967.0,-1.15
2968.0,-1.3204545454545455
2969.0,-1.0042045454545454
2970.0,-1.3011764705882358
2971.0,-1.2850000000000004
2972.0,-1.1301515151515151
2973.0,0.8255737704918032
2974.0,-0.12095238095238099
2975.0,0.5135211267605634
2976.0,-0.48657534246575335
2977.0,-1.0460344827586208
2978.0,-0.5064444444444446
2979.0,0.77171875
2980.0,-1.0658196721311475
2981.0,-1.004840182648402
2982.0,0.5763265306122448
2983.0,-1.1586046511627908
2984.0,0.5142372881355932
2985.0,-1.007605633802817
2986.0,-0.9866814159292036
2987.0,-1.079805825242718
2988.0,-1.022178217821782
2989.0,-1.1167123287671235
2990.0,-1.130151515151515
2991.0,-1.1827083333333333
2992.0,0.38916666666666655
2993.0,-0.5733333333333334
2994.0,0.15622641509433954
2995.0,-1.1416393442622945
2996.0,-0.9986821705426357
2997.0,-0.8485526315789474
2998.0,-0.32173076923076915
2999.0,-1.1696491228070174
3000.0,-0.57203125
3001.0,-0.8114285714285713
3002.0,-1.1421428571428573
3003.0,-1.1128813559322033
3004.0,0.04999999999999998
3005.0,0.5377777777777778
3006.0,-0.7760824742268041
3007.0,-0.5713253012048193
3008.0,-1.031139240506329
3009.0,-1.105625
3010.0,-1.1301515151515151
3011.0,0.17203703703703702
3012.0,-0.6682407407407408
3013.0,-1.1280597014925375
3014.0,-0.8837500000000001
3015.0,-0.7400000000000001
3016.0,-1.0016062176165803
3017.0,0.6963636363636363
3018.0,0.01986842105263153
3019.0,0.27453488372093027
3020.0,-0.9828571428571429
3021.0,0.6672580645161288
3022.0,-1.0963218390804599
3023.0,0.699516129032258
3024.0,0.8126315789473684
3025.0,-0.730625
3026.0,-0.5750000000000001
3027.0,0.12470588235294115
3028.0,0.567017543859649
3029.0,-0.9697849462365591
3030.0,-0.9051785714285714
3031.0,0.7272131147540982
3032.0,-0.47437500000000005
3033.0,-0.48657534246575346
3034.0,-1.1085897435897434
3035.0,0.7525373134328358
3036.0,0.77171875
3037.0,-1.0109677419354839
3038.0,-0.4122972972972973
3039.0,0.7044444444444442
3040.0,0.7138461538461538
3041.0,-1.0504166666666668
3042.0,-0.2752112676056339
3043.0,-1.0664462809917354
3044.0,-0.9327710843373495
3045.0,-0.9570175438596492
3046.0,-1.1678846153846154
3047.0,0.7640322580645161
3048.0,0.6558333333333335
3049.0,0.7525373134328357
3050.0,-0.21272727272727274
3051.0,-0.7622222222222222
3052.0,0.8233802816901408
3053.0,0.07985294117647064
3054.0,0.52171875
3055.0,-1.045263157894737
3056.0,-0.45264367816091955
3057.0,-0.9007142857142858
3058.0,0.8092424242424242
3059.0,0.7889855072463768
3060.0,-1.0817721518987344
3061.0,0.57875
3062.0,-1.1280597014925373
3063.0,0.8395454545454545
3064.0,0.8395454545454545
3065.0,0.8445588235294116
3066.0,0.11416666666666664
3067.0,0.34441558441558434
3068.0,-0.4696511627906977
3069.0,-0.9066666666666665
3070.0,-1.0404807692307692
3071.0,-1.0389417989417988
3072.0,0.10926470588235294
3073.0,0.6730303030303031
3074.0,-0.7928846153846154
3075.0,0.5820338983050847
3076.0,-1.097558139534884
3077.0,-0.639390243902439
3078.0,-0.8916853932584268
3079.0,-0.3613592233009709
3080.0,0.7996825396825397
3081.0,-0.7185470085470085
3082.0,0.5781818181818182
3083.0,-1.050235294117647
3084.0,0.8492857142857142
3085.0,0.46491803278688526
3086.0,-0.8030630630630629
3087.0,-1.0975581395348835
3088.0,0.7717187499999999
3089.0,-0.5846969696969696
3090.0,0.8445588235294117
3091.0,-1.0639795918367347
3092.0,-0.14406976744186056
3093.0,0.18727272727272729
3094.0,0.5504411764705882
3095.0,0.44750000000000006
3096.0,0.8369230769230769
3097.0,0.8445588235294117
3098.0,-0.4645370370370372
3099.0,-1.0230188679245285
3100.0,-0.11390243902439025
3101.0,0.35259259259259257
3102.0,-1.0789423076923077
3103.0,-1.035566502463054
3104.0,-0.29042553191489356
3105.0,-1.0265612648221345
3106.0,-1.0252542372881355
3107.0,-1.1149999999999998
3108.0,-0.8557894736842103
3109.0,-1.0419662921348316
3110.0,-1.0384293193717278
3111.0,-0.5990425531914895
3112.0,0.6092063492063493
3113.0,0.08916666666666667
3114.0,0.8369230769230769
3115.0,0.7891666666666666
3116.0,-0.7052777777777778
3117.0,-0.7825274725274725
3118.0,-0.9806249999999999
3119.0,0.7361904761904762
3120.0,-0.1515853658536586
3121.0,-1.088404255319149
3122.0,-0.8104225352112676
3123.0,-0.03513888888888887
3124.0,-0.1643421052631579
3125.0,-0.6405681818181819
3126.0,-0.4364285714285714
3127.0,0.8395454545454545
3128.0,-0.24574712643678168
3129.0,-0.7478740157480318
3130.0,0.23826086956521741
3131.0,0.7525373134328358
3132.0,-0.4635576923076924
3133.0,-0.7782653061224489
3134.0,0.7753846153846153
3135.0,-0.03642857142857137
3136.0,0.47232876712328764
3137.0,0.2538271604938272
3138.0,-1.1167123287671232
3139.0,-0.72
3140.0,-0.972258064516129
3141.0,-1.0609459459459458
3142.0,-1.0916483516483517
3143.0,-0.06911392405063295
3144.0,-1.1832075471698114
3145.0,-1.074090909090909
3146.0,-1.0307303370786518
3147.0,0.5672916666666666
3148.0,-0.22360655737704915
3149.0,-1.062265625
3150.0,0.19023255813953482
3151.0,0.769090909090909
3152.0,0.7854237288135593
3153.0,-0.7514942528735632
3154.0,0.7225000000000001
3155.0,-0.5744594594594594
3156.0,-1.122142857142857
3157.0,-0.9851612903225807
3158.0,-1.0772641509433964
3159.0,-0.7923809523809524
3160.0,-1.1070886075949369
3161.0,0.7193877551020408
3162.0,-0.9794366197183098
3163.0,0.38264150943396213
3164.0,0.8369230769230769
3165.0,0.04947368421052629
3166.0,0.66625
3167.0,-1.1028048780487805
3168.0,-1.1032812499999998
3169.0,0.8469565217391304
3170.0,-0.16718446601941744
3171.0,-0.6066666666666667
3172.0,0.6577272727272727
3173.0,-1.0345217391304349
3174.0,-0.07238636363636367
3175.0,-1.1638888888888888
3176.0,-1.024132841328413
3177.0,-1.0583962264150943
3178.0,-1.1416393442622952
3179.0,-0.37513513513513524
3180.0,0.7446153846153846
3181.0,-0.31471264367816093
3182.0,-1.1001190476190477
3183.0,-1.0496774193548386
3184.0,-0.6600000000000001
3185.0,-1.0083823529411762
3186.0,-0.5194736842105263
3187.0,-0.5257142857142857
3188.0,-1.0446875
3189.0,-0.6014864864864864
3190.0,0.3906818181818182
3191.0,0.21614035087719294
3192.0,-0.9633009708737864
3193.0,-1.1318918918918919
3194.0,-1.1088524590163935
3195.0,-1.3457692307692308
3196.0,0.7215384615384615
3197.0,-0.745464480874317
3198.0,-1.1581818181818182
3199.0,0.8314285714285714
3200.0,-0.981176470588235
3201.0,-0.3933333333333333
3202.0,0.6680882352941176
3203.0,-0.3780208333333334
3204.0,-0.08797297297297299
3205.0,0.28016129032258064
3206.0,0.8395454545454546
3207.0,-0.6960439560439561
3208.0,0.48535211267605627
3209.0,-1.115
3210.0,-0.66
3211.0,0.07034482758620678
3212.0,0.39988095238095245
3213.0,-0.8104225352112677
3214.0,0.8515492957746477
3215.0,0.003589743589743548
3216.0,0.04716216216216214
3217.0,0.8469565217391305
3218.0,0.2760256410256411
3219.0,-1.0210650887573964
3220.0,-0.05057142857142859
3221.0,0.7226865671641789
3222.0,-0.2750877192982456
3223.0,0.8151470588235294
3224.0,-0.9652252252252251
3225.0,0.842089552238806
3226.0,-0.23999999999999994
3227.0,-0.12666666666666668
3228.0,-0.4214285714285715
3229.0,0.029736842105263086
3230.0,0.7288888888888889
3231.0,-1.0489171974522293
3232.0,-0.8095652173913044
3233.0,-0.40285714285714286
3234.0,0.3546969696969697
3235.0,-0.05720430107526886
3236.0,0.8179710144927534
3237.0,-0.8374264705882353
3238.0,0.8492857142857141
3239.0,-1.139193548387097
3240.0,0.7226865671641791
3241.0,0.385
3242.0,-1.0695454545454544
3243.0,-1.0927777777777776
3244.0,0.8151470588235294
3245.0,-0.8978124999999999
3246.0,-1.0162039660056656
3247.0,0.8515492957746479
3248.0,0.44145161290322577
3249.0,0.6862820512820512
3250.0,-0.3885148514851487
3251.0,-0.3869298245614035
3252.0,-1.064596774193548
3253.0,0.6207142857142857
3254.0,-1.0423456790123453
3255.0,0.5504411764705881
3256.0,-0.3582432432432432
3257.0,-0.7698507462686567
3258.0,-0.5220512820512822
3259.0,0.26
3260.0,0.8395454545454545
3261.0,-1.1467796610169494
3262.0,-0.29376344086021505
3263.0,-1.0707692307692307
3264.0,-0.8756589147286822
3265.0,-0.541829268292683
3266.0,0.6593055555555556
3267.0,-1.0424999999999998
3268.0,-0.6044067796610169
3269.0,-1.0386111111111112
3270.0,-0.5129629629629631
3271.0,-1.0905434782608694
3272.0,-0.48137931034482767
3273.0,0.828548387096774
3274.0,-1.118472222222222
3275.0,0.17525423728813552
3276.0,-0.9645370370370371
3277.0,-1.2002272727272727
3278.0,-0.8495238095238096
3279.0,-0.5501265822784811
3280.0,-1.0546853146853146
3281.0,-0.9291891891891894
3282.0,0.43021276595744673
3283.0,-0.19794392523364485
3284.0,-1.0988235294117645
3285.0,0.8369230769230769
3286.0,-1.0916483516483515
3287.0,-1.115
3288.0,0.03692307692307689
3289.0,0.7486363636363635
3290.0,-0.08615384615384614
3291.0,-0.9853416149068323
3292.0,-0.42125
3293.0,-1.036474358974359
3294.0,0.7515254237288136
3295.0,-1.071140350877193
3296.0,-0.20808510638297875
3297.0,0.4778571428571428
3298.0,-1.038075117370892
3299.0,0.7894117647058821
3300.0,-1.0935714285714284
3301.0,0.785735294117647
3302.0,-0.57203125
3303.0,0.38690140845070425
3304.0,0.5447692307692308
3305.0,-0.7520967741935485
3306.0,-0.7399999999999999
3307.0,-1.0595488721804511
3308.0,-0.40898148148148156
3309.0,-1.0333333333333334
3310.0,0.7224999999999999
3311.0,0.8369230769230769
3312.0,0.83421875
3313.0,0.1315277777777778
3314.0,0.8420895522388059
3315.0,-0.16434210526315793
3316.0,0.83421875
3317.0,0.6492857142857144
3318.0,0.06
3319.0,0.6680882352941175
3320.0,0.742638888888889
3321.0,0.7530985915492957
3322.0,-1.0145762711864408
3323.0,0.8515492957746478
3324.0,-1.0438947368421052
3325.0,-1.0305027932960895
3326.0,-1.1787755102040816
3327.0,-1.1866666666666668
3328.0,-1.11012987012987
3329.0,-1.0040449438202248
3330.0,-1.1041304347826086
3331.0,-1.0352586206896552
3332.0,0.6722807017543858
3333.0,0.7189041095890412
3334.0,0.003243243243243173
3335.0,-0.7494339622641509
3336.0,0.8016666666666666
3337.0,-0.05907894736842106
3338.0,0.4672368421052631
3339.0,-0.9415306122448978
3340.0,-0.6896124031007752
3341.0,-1.0748623853211012
3342.0,0.17553846153846153
3343.0,-0.2996590909090909
3344.0,-1.0605555555555557
3345.0,0.44928571428571423
3346.0,-0.9058653846153847
3347.0,0.8122388059701492
3348.0,0.596938775510204
3349.0,0.38698412698412693
3350.0,-1.0592436974789914
3351.0,-1.1476086956521738
3352.0,0.6928358208955223
3353.0,-1.1494827586206897
3354.0,0.2334848484848485
3355.0,-0.34309278350515465
3356.0,-1.0658196721311473
3357.0,0.8548484848484847
3358.0,0.7600000000000001
3359.0,-1.0285638297872342
3360.0,0.0757894736842105
3361.0,-0.8030630630630632
3362.0,0.7020289855072464
3363.0,-1.1056249999999999
3364.0,0.8395454545454545
3365.0,0.8515492957746478
3366.0,0.8420895522388058
3367.0,-1.0165957446808511
3368.0,-1.0384705882352943
3369.0,-0.2673972602739726
3370.0,-1.0905434782608696
3371.0,0.5153191489361701
3372.0,-1.0466406250000002
3373.0,0.8122388059701492
3374.0,-1.0344915254237288
3375.0,-1.128059701492537
3376.0,-1.1391935483870967
3377.0,0.09333333333333332
3378.0,-1.0280434782608696
3379.0,0.5960655737704917
3380.0,0.04353658536585364
3381.0,0.7889855072463768
3382.0,-1.0681679389312977
3383.0,-0.9731288343558282
3384.0,-0.42181818181818187
3385.0,0.8285483870967741
3386.0,-1.241904761904762
3387.0,-0.8225892857142858
3388.0,-0.8771681415929206
3389.0,-0.46453703703703697
3390.0,0.8420895522388059
3391.0,0.6288524590163934
3392.0,-1.0186885245901638
3393.0,0.8469565217391304
3394.0,-1.0679569892473117
3395.0,-0.7696052631578946
3396.0,-1.241904761904762
3397.0,0.2778571428571429
3398.0,0.83421875
3399.0,-0.8650000000000001
3400.0,0.842089552238806
3401.0,-0.7458823529411763
3402.0,-1.2051162790697674
3403.0,0.2868
3404.0,0.5481355932203389
3405.0,-0.8441666666666664
3406.0,-0.23019607843137257
3407.0,-0.9564634146341463
3408.0,0.1728787878787878
3409.0,0.8122388059701493
3410.0,0.5504411764705882
3411.0,-0.6802985074626865
3412.0,-1.2542857142857144
3413.0,-0.8330851063829787
3414.0,0.3016666666666667
3415.0,-0.9792857142857142
3416.0,-1.0161538461538464
3417.0,0.6944262295081969
3418.0,-0.9027272727272726
3419.0,-0.6983333333333333
3420.0,-1.122142857142857
3421.0,-1.0273333333333334
3422.0,-0.98
3423.0,-0.984485294117647
3424.0,-0.1380263157894737
3425.0,-1.037297297297297
3426.0,-0.0892063492063492
3427.0,-1.0136781609195402
3428.0,0.7347457627118644
3429.0,-0.9014583333333334
3430.0,0.22874999999999993
3431.0,-1.0927777777777776
3432.0,-1.0748623853211008
3433.0,-0.7955555555555556
3434.0,-0.7572413793103449
3435.0,0.19902439024390237
3436.0,0.04649999999999974
3437.0,0.4564285714285713
3438.0,-0.14123456790123456
3439.0,-0.9158241758241759
3440.0,0.8420895522388059
3441.0,0.8061538461538461
3442.0,-0.7980357142857145
3443.0,-1.233421052631579
3444.0,-0.8741463414634145
3445.0,-0.8184313725490197
3446.0,-1.0916483516483515
3447.0,0.09846153846153846
3448.0,-0.6825287356321837
3449.0,-1.0546853146853146
3450.0,0.5872727272727274
3451.0,-1.0640000000000003
3452.0,-1.2165625
3453.0,0.24039215686274507
3454.0,-0.13583333333333342
3455.0,0.29061224489795917
3456.0,0.7921428571428571
3457.0,0.4464406779661017
3458.0,0.8420895522388059
3459.0,0.4752777777777777
3460.0,0.8515492957746479
3461.0,-1.0690598290598292
3462.0,-0.30493506493506495
3463.0,0.00666666666666668
3464.0,0.8492857142857141
3465.0,-0.98
3466.0,-1.0355974842767297
3467.0,-1.0683898305084745
3468.0,-0.33036144578313253
3469.0,-1.003157894736842
3470.0,0.11849056603773583
3471.0,-0.9249315068493152
3472.0,-1.0345205479452053
3473.0,0.4298717948717949
3474.0,-1.0806194690265487
3475.0,-1.2703030303030303
3476.0,-1.2156097560975612
3477.0,0.5198684210526315
3478.0,0.76
3479.0,0.04197674418604651
3480.0,-0.7205194805194803
3481.0,0.5774603174603173
3482.0,0.8594117647058823
3483.0,-0.04379746835443039
3484.0,0.7515254237288137
3485.0,-1.0168895348837208
3486.0,0.24200000000000002
3487.0,-0.9625
3488.0,-1.0467484662576687
3489.0,0.5522077922077921
3490.0,-1.0453892215568865
3491.0,0.793653846153846
3492.0,0.7746376811594202
3493.0,0.8193220338983052
3494.0,-0.6477380952380951
3495.0,0.6928358208955224
3496.0,-0.9087898089171975
3497.0,-1.0988235294117645
3498.0,0.3266666666666667
3499.0,-0.1246153846153846
3500.0,0.8314285714285715
3501.0,0.4811538461538461
3502.0,-0.8917857142857144
3503.0,-0.8671428571428572
3504.0,-0.7458823529411766
3505.0,0.7272131147540984
3506.0,0.38152777777777774
3507.0,-0.7738983050847457
3508.0,0.8369230769230769
3509.0,-1.0315999999999999
3510.0,0.15144736842105258
3511.0,-1.1494827586206897
3512.0,0.8515492957746477
3513.0,0.7446153846153846
3514.0,0.8233802816901407
3515.0,-0.8465853658536582
3516.0,-0.537794117647059
3517.0,0.8395454545454546
3518.0,0.8594117647058822
3519.0,0.8039189189189191
3520.0,0.47232876712328764
3521.0,-0.9925531914893617
3522.0,-0.5413698630136986
3523.0,0.3259722222222222
3524.0,0.7228378378378378
3525.0,0.7224999999999999
3526.0,-1.0863541666666667
3527.0,-1.0381651376146788
3528.0,-0.6085858585858587
3529.0,-0.8684722222222222
3530.0,0.7148611111111111
3531.0,-0.2866666666666667
3532.0,-0.5507142857142856
3533.0,0.7914285714285713
3534.0,-1.0658196721311477
3535.0,-0.3133333333333333
3536.0,-1.3204
3537.0,0.8420895522388059
3538.0,0.764032258064516
3539.0,0.8179710144927534
3540.0,-1.0863541666666665
3541.0,0.6944262295081967
3542.0,-1.0704347826086957
3543.0,-0.7905063291139239
3544.0,0.6730434782608695
3545.0,0.7889855072463767
3546.0,0.6215384615384615
3547.0,0.8284931506849316
3548.0,0.8515492957746477
3549.0,0.8492857142857141
3550.0,-0.9820212765957446
3551.0,-0.907682926829268
3552.0,0.8395454545454546
3553.0,-0.09185185185185185
3554.0,-0.0035869565217391446
3555.0,0.2567105263157895
3556.0,-0.06499999999999999
3557.0,0.5303488372093024
3558.0,-1.0186377708978327
3559.0,-0.03166666666666666
3560.0,-0.5088172043010752
3561.0,0.35333333333333333
3562.0,-0.6036363636363636
3563.0,-1.043779069767442
3564.0,-0.20875000000000002
3565.0,-1.0533561643835616
3566.0,-1.0415873015873014
3567.0,0.18307692307692308
3568.0,-0.2752112676056338
3569.0,-0.8585567010309278
3570.0,-0.17750000000000002
3571.0,0.8151470588235293
3572.0,0.8151470588235294
3573.0,-1.0336746987951808
3574.0,0.8151470588235294
3575.0,-0.9166169154228854
3576.0,-1.1117105263157896
3577.0,0.7635714285714285
3578.0,0.836923076923077
3579.0,0.346206896551724
3580.0,-1.059047619047619
3581.0,-0.4405208333333334
3582.0,-0.7875352112676057
3583.0,-1.0333684210526315
3584.0,-1.0921126760563382
3585.0,-1.0760655737704916
3586.0,-1.0271794871794873
3587.0,0.19910256410256408
3588.0,-0.66578125
3589.0,0.06978260869565213
3590.0,-1.1585714285714286
3591.0,-0.6333333333333333
3592.0,-0.6220224719101124
3593.0,-1.1678846153846154
3594.0,-0.9547435897435895
3595.0,-0.5035869565217392
3596.0,-0.7312280701754387
3597.0,0.5571014492753622
3598.0,0.20927536231884059
3599.0,-1.0542361111111112
3600.0,-0.8291472868217055
3601.0,0.7823880597014925
3602.0,-1.0784146341463416
3603.0,0.683728813559322
3604.0,0.8061538461538461
3605.0,0.38152777777777774
3606.0,0.020416666666666656
3607.0,-0.8522448979591837
3608.0,0.505967741935484
3609.0,0.7226865671641791
3610.0,-0.1041304347826087
3611.0,0.8445588235294118
3612.0,0.8092424242424242
3613.0,-0.21272727272727268
3614.0,0.1513043478260869
3615.0,0.85375
3616.0,-0.9973099415204679
3617.0,0.8259722222222222
3618.0,0.7768918918918918
3619.0,-0.818512396694215
3620.0,-0.07055555555555558
3621.0,-0.8740725806451612
3622.0,0.12746987951807226
3623.0,-0.3748684210526315
3624.0,0.8395454545454546
3625.0,-0.05343283582089545
3626.0,0.54
3627.0,-0.9189473684210527
3628.0,-1.22125
3629.0,0.6915068493150685
3630.0,0.4223376623376623
3631.0,0.8515492957746479
3632.0,-0.08615384615384614
3633.0,-0.5020192307692308
3634.0,-0.16707317073170738
3635.0,0.344375
3636.0,0.7269117647058824
3637.0,-1.0485443037974682
3638.0,0.8637142857142857
3639.0,-0.4488607594936708
3640.0,0.6835483870967741
3641.0,0.7148611111111111
3642.0,-0.8108661417322837
3643.0,-1.0804347826086955
3644.0,-0.08062500000000003
3645.0,-1.049659090909091
3646.0,0.05585365853658537
3647.0,-1.0873684210526315
3648.0,0.424179104477612
3649.0,0.7463013698630137
3650.0,0.49263888888888885
3651.0,0.285735294117647
3652.0,-1.054375
3653.0,0.7962903225806452
3654.0,-1.0634126984126988
3655.0,-0.2282352941176471
3656.0,0.3955555555555556
3657.0,-1.115
3658.0,-1.0585185185185184
3659.0,0.3831884057971014
3660.0,0.7981944444444444
3661.0,0.7148611111111111
3662.0,-1.1167123287671235
3663.0,0.6577272727272728
3664.0,0.7515254237288135
3665.0,0.8005882352941175
3666.0,0.3355555555555555
3667.0,0.4373255813953488
3668.0,0.8515492957746477
3669.0,0.8259722222222222
3670.0,0.3882894736842106
3671.0,0.1666666666666667
3672.0,-0.9043859649122806
3673.0,0.048194444444444505
3674.0,0.8233802816901407
3675.0,0.5698591549295774
3676.0,-1.1586046511627908
3677.0,0.7775438596491228
3678.0,-1.0929411764705883
3679.0,0.5509090909090908
3680.0,0.85375
3681.0,0.8515492957746478
3682.0,0.849285714285714
3683.0,-0.5564893617021277
3684.0,0.801095890410959
3685.0,-0.7542857142857143
3686.0,0.4625316455696202
3687.0,0.85375
3688.0,-0.9455921052631581
3689.0,0.7952112676056338
3690.0,-1.0863541666666667
3691.0,0.7020289855072464
3692.0,-0.3097115384615385
3693.0,0.40666666666666673
3694.0,0.7020289855072464
3695.0,-0.36345679012345683
3696.0,-0.2580722891566265
3697.0,0.8492857142857142
3698.0,0.8420895522388059
3699.0,-0.27535353535353535
3700.0,0.7533333333333332
3701.0,-0.9512676056338027
3702.0,0.7857352941176471
3703.0,-0.068804347826087
3704.0,0.7498648648648648
3705.0,0.8515492957746479
3706.0,0.7
3707.0,-1.0975510204081633
3708.0,-1.2051162790697674
3709.0,0.7704166666666666
3710.0,0.7189041095890413
3711.0,0.85375
3712.0,0.8010958904109589
3713.0,-0.5286904761904763
3714.0,0.5131645569620251
3715.0,-1.0162499999999999
3716.0,0.7768918918918918
3717.0,0.7494285714285714
3718.0,-0.9016161616161615
3719.0,-0.6557608695652174
3720.0,-0.41688679245283017
3721.0,0.7138461538461538
3722.0,-0.12719512195121951
3723.0,0.09231707317073168
3724.0,0.7426388888888888
3725.0,-1.1522807017543861
3726.0,-1.11012987012987
3727.0,0.60375
3728.0,-0.9275000000000001
3729.0,-1.2304545454545455
3730.0,-1.1260294117647058
3731.0,0.6577272727272727
3732.0,0.8515492957746478
3733.0,0.8445588235294118
3734.0,-1.2102380952380951
3735.0,-0.5853947368421052
3736.0,0.5198684210526315
3737.0,-1.3388888888888895
3738.0,0.8259722222222222
3739.0,0.5842187499999999
3740.0,-0.23147727272727273
3741.0,-0.5906493506493506
3742.0,-0.9263207547169812
3743.0,-1.1050000000000002
3744.0,-0.7996590909090909
3745.0,-1.0183333333333338
3746.0,-0.6544736842105263
3747.0,-0.9564634146341463
3748.0,-0.13453125
3749.0,0.8558904109589041
3750.0,0.8255737704918035
3751.0,0.718904109589041
3752.0,-0.3097115384615385
3753.0,0.8548484848484847
3754.0,0.842089552238806
3755.0,-0.9717073170731708
3756.0,-1.0073611111111112
3757.0,0.7388732394366196
3758.0,-1.0240495867768593
3759.0,-0.8144047619047619
3760.0,0.13704918032786878
3761.0,-1.1678846153846154
3762.0,-1.0408241758241759
3763.0,0.23540983606557375
3764.0,-0.7594444444444444
3765.0,-1.1008333333333338
3766.0,-1.233421052631579
3767.0,-1.029245283018868
3768.0,0.8285483870967741
3769.0,0.7310144927536232
3770.0,-1.0590298507462688
3771.0,-1.0217869415807561
3772.0,0.8395454545454545
3773.0,-0.15313559322033896
3774.0,-1.0220121951219514
3775.0,-1.230769230769231
3776.0,0.8492857142857143
3777.0,0.85375
3778.0,0.5725
3779.0,0.85375
3780.0,0.4625316455696202
3781.0,0.8558904109589041
3782.0,0.020416666666666652
3783.0,-1.0089830508474578
3784.0,-1.025
3785.0,0.8395454545454545
3786.0,0.8395454545454546
3787.0,-0.7980357142857143
3788.0,0.7635714285714285
3789.0,0.5384810126582277
3790.0,-0.8400000000000002
3791.0,-1.0963218390804594
3792.0,-0.6100000000000004
3793.0,0.7889855072463767
3794.0,0.6417567567567568
3795.0,0.14
3796.0,0.8284931506849316
3797.0,-0.5372222222222223
3798.0,0.8259722222222222
3799.0,-0.6628723404255319
3800.0,0.7269117647058824
3801.0,-0.9011570247933886
3802.0,0.1734615384615385
3803.0,0.6951724137931035
3804.0,-0.006533333333333318
3805.0,-0.615
3806.0,0.8558904109589042
3807.0,-1.0723863636363637
3808.0,0.6903797468354429
3809.0,-0.42604651162790697
3810.0,-0.5507142857142858
3811.0,0.8284931506849315
3812.0,-1.0355974842767302
3813.0,0.7952112676056338
3814.0,-0.8747656250000002
3815.0,0.3552380952380953
3816.0,0.7
3817.0,-1.0122457627118644
3818.0,0.5133766233766233
3819.0,-1.0789830508474576
3820.0,0.7498648648648649
3821.0,0.44092105263157894
3822.0,0.6007246376811595
3823.0,-1.0246441947565543
3824.0,-0.6433018867924529
3825.0,-0.9188617886178865
3826.0,0.6349999999999998
3827.0,0.8445588235294117
3828.0,0.7463013698630138
3829.0,0.5933333333333334
3830.0,-0.43230769230769234
3831.0,-0.837674418604651
3832.0,-0.7609473684210527
3833.0,0.7921428571428571
3834.0,-0.9784615384615384
3835.0,0.022931034482758635
3836.0,-1.1457142857142857
3837.0,0.7670422535211268
3838.0,0.8657746478873237
3839.0,-0.5995505617977529
3840.0,-1.0560714285714288
3841.0,-1.003586956521739
3842.0,-0.7999200000000001
3843.0,-0.9512676056338027
3844.0,0.4175342465753425
3845.0,0.7952112676056337
3846.0,-0.9302173913043478
3847.0,0.17176470588235287
3848.0,0.6207142857142856
3849.0,0.7789393939393939
3850.0,-0.017777777777777806
3851.0,0.8122388059701493
3852.0,0.6492857142857144
3853.0,0.7889855072463767
3854.0,0.07249999999999998
3855.0,-0.5733333333333334
3856.0,0.41753424657534244
3857.0,0.5545205479452054
3858.0,0.5335849056603774
3859.0,-1.0772641509433962
3860.0,-1.084387755102041
3861.0,0.792142857142857
3862.0,-1.320526315789474
3863.0,-0.13950980392156867
3864.0,-0.08051724137931032
3865.0,-0.5161627906976745
3866.0,0.7952112676056338
3867.0,0.8259722222222222
3868.0,-1.1540625000000002
3869.0,0.6367123287671232
3870.0,0.8515492957746477
3871.0,-0.974
3872.0,0.3594117647058823
3873.0,0.742638888888889
3874.0,0.16548780487804876
3875.0,0.7812676056338028
3876.0,-0.3613592233009709
3877.0,0.7
3878.0,0.7020289855072465
3879.0,0.7361904761904763
3880.0,-0.02358208955223881
3881.0,-0.5299159663865547
3882.0,0.3865822784810126
3883.0,-0.7399999999999999
3884.0,-1.0600757575757576
3885.0,0.36546875
3886.0,0.6730434782608694
3887.0,0.6680882352941176
3888.0,0.7704166666666667
3889.0,0.4876785714285714
3890.0,0.8492857142857143
3891.0,-0.8777245508982039
3892.0,0.8537500000000001
3893.0,0.8207142857142855
3894.0,0.8515492957746477
3895.0,-0.3384615384615385
3896.0,-1.0072872340425534
3897.0,0.424179104477612
3898.0,-1.028381742738589
3899.0,-0.4557894736842105
3900.0,0.5692727272727273
3901.0,0.47705882352941176
3902.0,0.1593055555555556
3903.0,-0.37855421686746993
3904.0,0.7269117647058823
3905.0,-0.1605607476635514
3906.0,0.7635714285714286
3907.0,0.5734328358208954
3908.0,-1.031139240506329
3909.0,0.8259722222222222
3910.0,0.00444444444444438
3911.0,0.7952112676056338
3912.0,-0.2108029197080292
3913.0,0.8284931506849315
3914.0,-0.15544117647058822
3915.0,-0.2210126582278481
3916.0,0.8515492957746478
3917.0,-0.004534883720930212
3918.0,-1.0425568181818183
3919.0,0.06937499999999996
3920.0,0.8259722222222222
3921.0,0.8179710144927534
3922.0,0.19214285714285714
3923.0,-1.1551785714285714
3924.0,0.16666666666666669
3925.0,-0.44666666666666677
3926.0,-1.227179487179487
3927.0,0.5666666666666665
3928.0,0.8515492957746477
3929.0,-0.9066666666666668
3930.0,0.85375
3931.0,-0.5266666666666666
3932.0,0.6007246376811594
3933.0,0.6922916666666667
3934.0,0.527123287671233
3935.0,0.8284931506849316
3936.0,0.85375
3937.0,-1.0183333333333338
3938.0,0.7889855072463768
3939.0,-0.03569892473118279
3940.0,0.8233802816901407
3941.0,0.6680882352941174
3942.0,0.7891666666666667
3943.0,-1.0065816326530612
3944.0,-1.0435714285714286
3945.0,-1.0066666666666668
3946.0,0.6915068493150685
3947.0,-0.39263157894736844
3948.0,0.3627397260273973
3949.0,-1.0414705882352944
3950.0,0.7486363636363637
3951.0,-0.429516129032258
3952.0,0.8224999999999999
3953.0,0.7952112676056337
3954.0,0.4370833333333334
3955.0,-0.5327927927927928
3956.0,-1.1028048780487805
3957.0,0.006666666666666628
3958.0,-0.7692553191489362
3959.0,0.8061538461538461
3960.0,-1.0164227642276422
3961.0,0.7952112676056338
3962.0,0.7310144927536232
3963.0,0.8259722222222223
3964.0,0.1366233766233766
3965.0,0.8558904109589042
3966.0,0.5324358974358974
3967.0,0.8469565217391304
3968.0,0.7566666666666667
3969.0,-1.0688043478260867
3970.0,0.5794444444444443
3971.0,0.030114942528735617
3972.0,-0.880625
3973.0,-1.0617821782178216
3974.0,0.8151470588235293
3975.0,0.6641095890410958
3976.0,0.8314285714285714
3977.0,-0.18210526315789477
3978.0,0.2503846153846154
3979.0,0.6207692307692306
3980.0,0.80296875
3981.0,0.6593055555555556
3982.0,0.683076923076923
3983.0,0.7981944444444444
3984.0,0.778939393939394
3985.0,0.8515492957746477
3986.0,-0.7475384615384615
3987.0,-0.9696296296296298
3988.0,0.8469565217391303
3989.0,0.8515492957746477
3990.0,-0.9131999999999999
3991.0,0.36546875
3992.0,0.8179710144927536
3993.0,-0.9027272727272727
3994.0,-0.09897435897435902
3995.0,-0.2678947368421055
3996.0,-1.1540625
3997.0,0.6207142857142856
3998.0,0.4803389830508475
3999.0,-0.5872222222222223
4000.0,-0.7822535211267607
4001.0,-1.0725892857142856
4002.0,0.8515492957746478
4003.0,-0.8988541666666666
4004.0,0.5637974683544302
4005.0,0.8469565217391304
4006.0,0.4255405405405405
4007.0,-0.8291836734693878
4008.0,0.3356578947368421
4009.0,-0.872936507936508
4010.0,-0.8201234567901233
4011.0,-0.05907894736842104
4012.0,-0.4290756302521009
4013.0,0.70921875
4014.0,-1.0245394736842104
4015.0,0.8395454545454545
4016.0,-0.8427397260273972
4017.0,0.3805357142857142
4018.0,0.8445588235294117
4019.0,0.06000000000000003
4020.0,-0.5995505617977528
4021.0,0.4042307692307693
4022.0,0.2732978723404256
4023.0,-0.0356989247311828
4024.0,0.46
4025.0,-0.851111111111111
4026.0,-1.0500649350649354
4027.0,0.19214285714285717
4028.0,-0.24
4029.0,0.7640322580645162
4030.0,0.8395454545454545
4031.0,-1.0560714285714288
4032.0,-0.7978048780487805
4033.0,0.7768918918918919
4034.0,0.6467924528301888
4035.0,0.29040540540540544
4036.0,0.7463013698630138
4037.0,-0.5430303030303032
4038.0,0.8515492957746477
4039.0,0.85375
4040.0,-1.057307692307692
4041.0,0.7601538461538462
4042.0,0.38152777777777774
4043.0,-1.24
4044.0,0.7704166666666667
4045.0,0.6600000000000003
4046.0,0.34430232558139534
4047.0,0.8151470588235294
4048.0,0.7310144927536232
4049.0,0.7768918918918919
4050.0,-0.29223880597014923
4051.0,0.8558904109589042
4052.0,-1.3060869565217395
4053.0,-1.1167123287671232
4054.0,0.5860869565217391
4055.0,0.6778571428571428
4056.0,0.36126582278481023
4057.0,-1.1101298701298699
4058.0,0.8492857142857142
4059.0,0.8558904109589042
4060.0,-0.6689215686274513
4061.0,0.85375
4062.0,-1.1441666666666668
4063.0,0.8259722222222222
4064.0,0.7426388888888888
4065.0,0.5324358974358974
4066.0,0.7388732394366195
4067.0,-0.4265714285714287
4068.0,0.1717647058823529
4069.0,0.8284931506849316
4070.0,-1.0905434782608692
4071.0,-1.0432786885245902
4072.0,0.7
4073.0,0.8558904109589042
4074.0,-0.9556250000000001
4075.0,0.803918918918919
4076.0,0.46723684210526306
4077.0,-1.032824074074074
4078.0,-1.0154854368932038
4079.0,-0.23679487179487177
4080.0,-1.049659090909091
4081.0,0.7189041095890412
4082.0,0.735
4083.0,-0.08917808219178082
4084.0,-0.37010204081632647
4085.0,0.513731343283582
4086.0,0.8284931506849316
4087.0,0.5007407407407408
4088.0,0.6199999999999999
4089.0,0.05044117647058827
4090.0,-0.3582795698924731
4091.0,0.20318181818181816
4092.0,0.778939393939394
4093.0,-0.2716455696202531
4094.0,-0.9993750000000001
4095.0,0.244375
4096.0,-1.2316666666666667
4097.0,0.5007407407407408
4098.0,-1.1787755102040816
4099.0,0.11483870967741935
4100.0,-0.797471264367816
4101.0,0.30255319148936166
4102.0,-0.1271951219512195
4103.0,0.6331343283582088
4104.0,-0.29357142857142854
4105.0,0.7927868852459015
4106.0,0.801095890410959
4107.0,0.7228378378378377
4108.0,-1.1494827586206895
4109.0,-1.227777777777778
4110.0,-0.9834210526315791
4111.0,0.6093150684931506
4112.0,0.8537500000000001
4113.0,0.6512903225806452
4114.0,-0.5287323943661971
4115.0,-0.5608000000000001
4116.0,0.2778571428571428
4117.0,0.7768918918918918
4118.0,-0.03062500000000003
4119.0,0.8558904109589041
4120.0,0.7952112676056337
4121.0,0.85375
4122.0,-0.9046825396825399
4123.0,0.12746987951807226
4124.0,-0.46453703703703714
4125.0,0.7119230769230769
4126.0,-0.9690076335877862
4127.0,-0.5985858585858588
4128.0,-0.5059574468085106
4129.0,0.85375
4130.0,0.43333333333333324
4131.0,-1.0679569892473117
4132.0,0.803918918918919
4133.0,0.8284931506849316
4134.0,0.4266666666666667
4135.0,0.6845283018867924
4136.0,-0.9811764705882353
4137.0,0.13499999999999998
4138.0,-0.1750649350649351
4139.0,0.4056666666666667
4140.0,0.836923076923077
4141.0,0.25038461538461537
4142.0,0.5541176470588234
4143.0,-1.0927777777777774
4144.0,0.031604938271604946
4145.0,-0.9389247311827955
4146.0,0.3155555555555555
4147.0,-0.3852702702702703
4148.0,-0.7302912621359223
4149.0,0.15873417721518981
4150.0,0.8066666666666666
4151.0,0.801095890410959
4152.0,0.49355263157894735
4153.0,-0.4393243243243242
4154.0,0.08031250000000001
4155.0,-0.5457446808510638
4156.0,0.792142857142857
4157.0,0.7927868852459017
4158.0,-0.006025641025641045
4159.0,0.5416901408450704
4160.0,-0.36250000000000004
4161.0,0.7768918918918918
4162.0,-1.0975581395348835
4163.0,-1.1832075471698111
4164.0,0.39934426229508196
4165.0,0.7148611111111111
4166.0,0.6543661971830986
4167.0,0.028817204301075282
4168.0,0.4369230769230769
4169.0,0.019374999999999958
4170.0,-1.3204000000000005
4171.0,0.5504411764705883
4172.0,-0.7969565217391303
4173.0,0.6092647058823529
4174.0,-0.8382142857142857
4175.0,-1.1050793650793649
4176.0,0.8558904109589041
4177.0,-1.1678846153846154
4178.0,-0.8279629629629629
4179.0,0.34450704225352113
4180.0,0.8421311475409837
4181.0,-1.035566502463054
4182.0,0.7823880597014925
4183.0,0.7952112676056338
4184.0,-1.186808510638298
4185.0,0.849285714285714
4186.0,0.5254320987654322
4187.0,-0.04249999999999999
4188.0,-1.2703030303030305
4189.0,0.7736986301369863
4190.0,0.35294871794871796
4191.0,0.8492857142857142
4192.0,-0.2707692307692308
4193.0,-0.9026712328767122
4194.0,-1.1240579710144927
4195.0,-1.1326666666666667
4196.0,0.7189041095890412
4197.0,-0.2893827160493827
4198.0,-0.5444871794871796
4199.0,-1.092941176470588
4200.0,0.7183333333333334
4201.0,-0.0460344827586207
4202.0,-0.7730882352941177
4203.0,-0.5794495412844036
4204.0,0.2871739130434782
4205.0,0.8369230769230769
4206.0,0.4008450704225352
4207.0,-0.8806249999999998
4208.0,0.8445588235294117
4209.0,0.8284931506849315
4210.0,0.8061538461538461
4211.0,0.6687837837837838
4212.0,0.8558904109589041
4213.0,0.8010958904109587
4214.0,0.8558904109589042
4215.0,0.6523076923076923
4216.0,-0.9126618705035973
4217.0,0.8515492957746477
4218.0,0.8309459459459461
4219.0,0.22575342465753426
4220.0,-0.966293103448276
4221.0,0.7189041095890412
4222.0,0.7844444444444445
4223.0,-1.0364824120603016
4224.0,0.8284931506849316
4225.0,0.8558904109589041
4226.0,0.7736986301369864
4227.0,0.7981944444444444
4228.0,-1.1014457831325297
4229.0,0.8309459459459458
4230.0,0.718904109589041
4231.0,-1.0205232558139534
4232.0,-1.1260294117647058
4233.0,-0.5042045454545455
4234.0,0.6687837837837838
4235.0,-0.11990196078431374
4236.0,0.8558904109589042
4237.0,0.47428571428571425
4238.0,0.6579591836734693
4239.0,0.4042307692307692
4240.0,0.7525373134328357
4241.0,-1.2754545454545458
4242.0,0.7670422535211266
4243.0,-1.0399999999999998
4244.0,-1.0894623655913978
4245.0,0.43333333333333335
4246.0,0.8010204081632653
4247.0,-0.2836046511627907
4248.0,0.8558904109589042
4249.0,0.8558904109589041
4250.0,-1.044468085106383
4251.0,0.7339583333333334
4252.0,0.85375
4253.0,0.7303947368421051
4254.0,0.8233802816901408
4255.0,0.8420895522388059
4256.0,-1.0351101321585903
4257.0,0.7952112676056338
4258.0,0.7064285714285714
4259.0,-1.0585185185185186
4260.0,-1.2469444444444446
4261.0,-0.40866666666666673
4262.0,-0.9806249999999999
4263.0,-0.6593548387096776
4264.0,-0.7400000000000001
4265.0,0.85375
4266.0,0.5457142857142856
4267.0,-0.3661682242990655
4268.0,-0.8447297297297297
4269.0,-1.1350000000000002
4270.0,0.8179710144927536
4271.0,-0.36499999999999994
4272.0,0.6147297297297296
4273.0,-0.5042045454545455
4274.0,-0.9452980132450329
4275.0,0.8515492957746477
4276.0,0.8469565217391304
4277.0,-0.1950561797752809
4278.0,0.8448387096774194
4279.0,0.803918918918919
4280.0,0.8558904109589042
4281.0,0.6251315789473684
4282.0,-0.7169736842105262
4283.0,0.0652325581395349
4284.0,0.21999999999999995
4285.0,-1.1093181818181816
4286.0,-0.460108695652174
4287.0,0.0067567567567568005
4288.0,0.7704166666666666
4289.0,-0.7687162162162162
4290.0,0.5271232876712328
4291.0,-1.1555000000000004
4292.0,0.49263888888888885
4293.0,0.3522619047619048
4294.0,0.7996825396825399
4295.0,-0.7903472222222222
4296.0,-1.0389417989417988
4297.0,-0.9110958904109587
4298.0,-1.1441666666666668
4299.0,0.17346153846153842
4300.0,-0.7692553191489362
4301.0,-0.36784090909090916
4302.0,0.7981944444444444
4303.0,-0.08057971014492751
4304.0,0.4313698630136986
4305.0,-1.1280597014925375
4306.0,0.3446153846153846
4307.0,-1.171372549019608
4308.0,-1.0470175438596492
4309.0,-1.215609756097561
4310.0,0.7327272727272728
4311.0,-1.0060891089108912
4312.0,-1.1202816901408452
4313.0,-1.0564556962025318
4314.0,0.3259722222222222
4315.0,0.8179710144927534
4316.0,0.6147297297297298
4317.0,-0.974463276836158
4318.0,0.85375
4319.0,0.3522619047619048
4320.0,0.25382716049382714
4321.0,0.85375
4322.0,0.85375
4323.0,-1.013049645390071
4324.0,0.513731343283582
4325.0,-1.053673469387755
4326.0,-0.8375609756097564
4327.0,0.7463013698630138
4328.0,0.8492857142857142
4329.0,0.5131645569620252
4330.0,0.2288888888888889
4331.0,0.29437499999999994
4332.0,-1.0336320754716979
4333.0,0.31875
4334.0,0.8179710144927534
4335.0,0.42901408450704226
4336.0,-0.8735403726708074
4337.0,0.8225
4338.0,0.043181818181817974
4339.0,-1.0399999999999998
4340.0,0.8179710144927536
4341.0,-0.6362264150943394
4342.0,-1.05651376146789
4343.0,0.7020289855072464
4344.0,0.6225
4345.0,-0.055384615384615386
4346.0,0.4298717948717948
4347.0,-0.27716216216216216
4348.0,0.85375
4349.0,-0.5064473684210526
4350.0,-0.7857317073170732
4351.0,-0.5127272727272727
4352.0,0.6543661971830984
4353.0,-1.0478124999999998
4354.0,0.4298717948717949
4355.0,-0.9354022988505747
4356.0,-1.3341666666666667
4357.0,0.742456140350877
4358.0,-1.1085897435897436
4359.0,0.6215384615384615
4360.0,-0.4691666666666668
4361.0,-0.9390740740740742
4362.0,-1.2496428571428575
4363.0,0.18727272727272726
4364.0,-1.0682352941176472
4365.0,0.7599999999999999
4366.0,-1.0253260869565215
4367.0,-1.0458510638297873
4368.0,-0.19918367346938776
4369.0,-0.12719512195121954
4370.0,0.8259722222222222
4371.0,0.8284931506849316
4372.0,-0.5866981132075473
4373.0,-0.640390625
4374.0,0.15156626506024093
4375.0,-0.2068367346938776
4376.0,0.7768918918918919
4377.0,0.6315277777777778
4378.0,-0.4296551724137932
4379.0,-0.9820212765957447
4380.0,-0.14506329113924057
4381.0,0.44145161290322577
4382.0,-1.1001333333333334
4383.0,0.8207142857142856
4384.0,0.8160344827586207
4385.0,0.8233802816901408
4386.0,0.3901369863013699
4387.0,0.8515492957746477
4388.0,-1.071140350877193
4389.0,0.85375
4390.0,0.3356578947368421
4391.0,0.4019753086419752
4392.0,0.8207142857142856
4393.0,0.8558904109589041
4394.0,-0.25562500000000005
4395.0,-1.008465909090909
4396.0,0.8558904109589042
4397.0,-0.15158536585365848
4398.0,0.7498648648648648
4399.0,0.8558904109589042
4400.0,-0.9734337349397593
4401.0,0.6207142857142856
4402.0,-1.0286029411764708
4403.0,0.5416901408450704
4404.0,0.8010958904109589
4405.0,0.801095890410959
4406.0,0.7498648648648648
4407.0,0.7981944444444444
4408.0,0.5637974683544302
4409.0,-0.24614754098360658
4410.0,0.8558904109589042
4411.0,0.6687837837837838
4412.0,-1.1581818181818182
4413.0,0.26
4414.0,-1.2971428571428576
4415.0,0.830945945945946
4416.0,-1.0670833333333334
4417.0,-1.1265333333333332
4418.0,0.0718181818181818
4419.0,0.46491803278688526
4420.0,-0.7594444444444444
4421.0,-0.9169801980198018
4422.0,-0.7369512195121951
4423.0,0.6417567567567568
4424.0,-0.8289423076923078
4425.0,-0.9803296703296704
4426.0,0.8558904109589042
4427.0,0.26537634408602156
4428.0,0.3327272727272728
4429.0,0.5399999999999999
4430.0,0.8010958904109589
4431.0,-1.0652032520325203
4432.0,-0.3547540983606557
4433.0,0.7480645161290321
4434.0,-0.375
4435.0,0.8515492957746478
4436.0,-1.0789423076923077
4437.0,0.2853164556962025
4438.0,0.8259722222222222
4439.0,-0.5047058823529412
4440.0,0.6159322033898303
4441.0,-1.0606106870229008
4442.0,-0.6726923076923075
4443.0,-1.2271794871794872
4444.0,0.5336486486486487
4445.0,0.7395918367346938
4446.0,0.7551923076923075
4447.0,0.7486363636363635
4448.0,-1.075294117647059
4449.0,0.8010958904109589
4450.0,0.85375
4451.0,0.8469565217391304
4452.0,-0.7432894736842105
4453.0,0.7952112676056338
4454.0,0.4759090909090909
4455.0,0.8010958904109591
4456.0,0.8259722222222222
4457.0,-1.0237591240875912
4458.0,0.49913043478260855
4459.0,0.4166265060240963
4460.0,0.8515492957746479
4461.0,0.22913580246913579
4462.0,0.8558904109589042
4463.0,0.5877027027027028
4464.0,-0.8659055118110236
4465.0,-0.15011235955056176
4466.0,0.5399999999999999
4467.0,0.8558904109589042
4468.0,0.830945945945946
4469.0,-1.1184722222222223
4470.0,0.7563235294117647
4471.0,0.801095890410959
4472.0,0.7875000000000001
4473.0,0.29437499999999994
4474.0,0.061369863013698636
4475.0,0.8558904109589042
4476.0,-1.2050000000000003
4477.0,-0.09755813953488375
4478.0,0.8637142857142854
4479.0,0.4321311475409836
4480.0,-1.092112676056338
4481.0,0.8225000000000001
4482.0,0.5478787878787879
4483.0,-1.0211447811447811
4484.0,0.7736986301369863
4485.0,0.4370833333333333
4486.0,0.8207142857142855
4487.0,0.005614035087719288
4488.0,0.6561038961038961
4489.0,-0.059078947368421064
4490.0,-0.0763551401869159
4491.0,0.76
4492.0,-1.124057971014493
4493.0,-0.12250000000000001
4494.0,-1.067058823529412
4495.0,0.8259722222222222
4496.0,-1.1117105263157894
4497.0,0.3542028985507247
4498.0,-0.5435714285714286
4499.0,-0.15333333333333338
4500.0,-0.2771621621621622
4501.0,-1.0657142857142856
4502.0,0.8259722222222222
4503.0,0.85375
4504.0,0.7107042253521126
4505.0,0.8558904109589042
4506.0,0.7736986301369864
4507.0,0.25671052631578956
4508.0,-0.9291025641025641
4509.0,0.8558904109589042
4510.0,-0.4336274509803921
4511.0,-1.0504575163398693
4512.0,0.6862820512820512
4513.0,0.6367123287671234
4514.0,-0.7427173913043478
4515.0,-0.2529870129870128
4516.0,0.8259722222222222
4517.0,0.5324358974358974
4518.0,0.8376056338028168
4519.0,0.5725
4520.0,0.469375
4521.0,-0.10666666666666666
4522.0,-0.58375
4523.0,-1.093932584269663
4524.0,-0.958543046357616
4525.0,0.20921874999999995
4526.0,0.8395454545454546
4527.0,0.2332142857142857
4528.0,0.8558904109589041
4529.0,0.29819444444444443
4530.0,-0.3816666666666666
4531.0,0.39851351351351355
4532.0,0.5668181818181819
4533.0,0.44831168831168816
4534.0,0.21486111111111109
4535.0,-0.35428571428571426
4536.0,0.8092424242424242
4537.0,0.7704166666666666
4538.0,0.6680882352941175
4539.0,-1.0187610619469025
4540.0,-0.6589189189189191
4541.0,-0.3581818181818183
4542.0,-1.0643859649122807
4543.0,-0.0697413793103448
4544.0,0.8420895522388059
4545.0,0.8537500000000001
4546.0,-1.1713725490196079
4547.0,-1.0291566265060241
4548.0,-0.12317757009345796
4549.0,0.7635135135135134
4550.0,0.8515492957746478
4551.0,-1.1467796610169494
4552.0,-0.05578947368421056
4553.0,0.3234177215189874
4554.0,-0.4495588235294118
4555.0,0.5606756756756757
4556.0,-0.582857142857143
4557.0,0.03692307692307691
4558.0,0.7921428571428571
4559.0,0.8369230769230769
4560.0,0.5781818181818181
4561.0,0.5704838709677419
4562.0,0.8061538461538462
4563.0,0.6315277777777778
4564.0,0.7426388888888888
4565.0,0.7525373134328358
4566.0,-0.6895412844036698
4567.0,-0.03166666666666674
4568.0,-1.0733333333333335
4569.0,-0.3120000000000001
4570.0,0.8492857142857142
4571.0,-1.289047619047619
4572.0,-0.09245901639344264
4573.0,-0.3606896551724138
4574.0,0.615072463768116
4575.0,0.7756249999999999
4576.0,0.5801219512195122
4577.0,-0.7892227979274611
4578.0,-0.851111111111111
4579.0,0.8637142857142855
4580.0,0.8284931506849316
4581.0,-1.0
4582.0,-0.9669325153374234
4583.0,-0.8334579439252335
4584.0,0.7599999999999999
4585.0,-0.8625
4586.0,0.8395454545454546
4587.0,0.7909230769230768
4588.0,-1.0356521739130435
4589.0,0.40666666666666673
4590.0,-0.018481012658227863
4591.0,0.5710256410256408
4592.0,0.8122388059701492
4593.0,0.6349999999999998
4594.0,0.85375
4595.0,0.8558904109589042
4596.0,-0.933452380952381
4597.0,0.5069512195121951
4598.0,0.7799999999999999
4599.0,-0.7350657894736843
4600.0,0.18819148936170213
4601.0,-0.889532710280374
4602.0,-0.034736842105263184
4603.0,0.7148611111111111
4604.0,-0.003888888888888898
4605.0,-0.103013698630137
4606.0,0.5481944444444444
4607.0,0.4298717948717948
4608.0,0.2423529411764706
4609.0,0.5066216216216215
4610.0,-0.3463829787234043
4611.0,-0.7613414634146342
4612.0,0.6778571428571427
4613.0,0.85375
4614.0,-0.9538157894736843
4615.0,0.722686567164179
4616.0,0.8039189189189189
4617.0,0.6820779220779221
4618.0,0.23973684210526305
4619.0,0.05032258064516128
4620.0,-0.7658064516129033
4621.0,-0.7083870967741936
4622.0,-0.14131578947368423
4623.0,0.85375
4624.0,-0.8465573770491804
4625.0,0.3516666666666666
4626.0,0.6870833333333333
4627.0,-1.0291791044776117
4628.0,0.5966666666666666
4629.0,0.7563235294117647
4630.0,0.836923076923077
4631.0,-0.8155555555555558
4632.0,0.8284931506849316
4633.0,0.7736986301369864
4634.0,-1.207872340425532
4635.0,-1.127916666666667
4636.0,0.6466666666666666
4637.0,0.3785897435897436
4638.0,-1.018726708074534
4639.0,-0.9755769230769231
4640.0,0.7799999999999999
4641.0,0.6577272727272727
4642.0,0.8245454545454545
4643.0,0.801095890410959
4644.0,0.8309459459459458
4645.0,-0.3795348837209303
4646.0,-1.0617054263565893
4647.0,-0.14000000000000004
4648.0,0.8537500000000001
4649.0,-0.10562500000000001
4650.0,-1.0135507246376811
4651.0,0.7064285714285713
4652.0,0.7952112676056338
4653.0,0.3446774193548388
4654.0,0.8558904109589042
4655.0,0.8558904109589041
4656.0,0.7533333333333333
4657.0,0.8010958904109589
4658.0,0.8284931506849315
4659.0,0.23894736842105269
4660.0,0.734025974025974
4661.0,-0.9850980392156865
4662.0,0.8492857142857143
4663.0,-1.0565467625899279
4664.0,0.11714285714285708
4665.0,0.21937499999999996
4666.0,-1.1070886075949364
4667.0,-1.0763095238095235
4668.0,0.8558904109589042
4669.0,0.8259722222222222
4670.0,0.7927868852459015
4671.0,-0.3766279069767442
4672.0,0.18857142857142853
4673.0,0.8233802816901407
4674.0,-0.05424242424242422
4675.0,-0.9525984251968502
4676.0,-1.080686274509804
4677.0,0.7981944444444444
4678.0,-0.4066666666666667
4679.0,-0.12172043010752692
4680.0,0.4625316455696202
4681.0,-0.8782575757575756
4682.0,-1.0516666666666667
4683.0,-1.0632323232323235
4684.0,0.36126582278481023
4685.0,0.7208571428571429
4686.0,-1.0452631578947373
4687.0,0.801095890410959
4688.0,0.8259722222222222
4689.0,0.7736986301369863
4690.0,0.213157894736842
4691.0,0.7189041095890412
4692.0,-0.9812790697674418
4693.0,0.7981944444444444
4694.0,0.5504411764705882
4695.0,-0.6966326530612246
4696.0,0.3785897435897437
4697.0,-0.04603448275862068
4698.0,0.7044444444444443
4699.0,0.7064285714285714
4700.0,0.7426388888888888
4701.0,0.7269117647058824
4702.0,-0.5638636363636363
4703.0,-0.30626506024096384
4704.0,0.8615942028985508
4705.0,-0.6951724137931036
4706.0,0.6068
4707.0,0.8558904109589041
4708.0,-1.0963218390804597
4709.0,-0.8544274809160306
4710.0,-0.33090909090909093
4711.0,0.13797619047619042
4712.0,-1.0274493927125505
4713.0,-1.0360199004975124
4714.0,0.09516483516483516
4715.0,0.6870833333333334
4716.0,0.39414634146341454
4717.0,-1.0047058823529413
4718.0,0.6824324324324325
4719.0,0.4853521126760563
4720.0,-1.0725892857142856
4721.0,0.7486363636363637
4722.0,0.7138461538461538
4723.0,-0.6590476190476192
4724.0,-0.8363541666666667
4725.0,0.2036619718309859
4726.0,-0.9591011235955055
4727.0,0.8445588235294119
4728.0,0.25038461538461537
4729.0,0.842089552238806
4730.0,0.5164102564102563
4731.0,-0.5733333333333334
4732.0,-0.5577083333333334
4733.0,-1.0480281690140847
4734.0,0.7228378378378377
4735.0,0.8469565217391303
4736.0,0.8259722222222222
4737.0,0.27171875
4738.0,0.8309459459459458
4739.0,0.8284931506849316
4740.0,0.745
4741.0,-1.032824074074074
4742.0,-0.3485526315789474
4743.0,0.5921428571428571
4744.0,0.6288524590163934
4745.0,0.7996825396825397
4746.0,0.5933333333333333
4747.0,0.5002597402597403
4748.0,-0.20190476190476192
4749.0,0.8515492957746478
4750.0,0.8175675675675675
4751.0,0.1518269230769231
4752.0,-0.21383720930232555
4753.0,-0.6163440860215054
4754.0,-0.7578571428571428
4755.0,-1.1032812499999998
4756.0,-0.9091729323308271
4757.0,0.76
4758.0,-0.9835897435897435
4759.0,0.8149315068493151
4760.0,-0.9699270072992701
4761.0,0.801095890410959
4762.0,-1.1014457831325302
4763.0,0.5877027027027028
4764.0,0.385
4765.0,0.5310169491525424
4766.0,-0.9251851851851852
4767.0,0.5698591549295775
4768.0,-0.9358333333333338
4769.0,-0.5533333333333333
4770.0,0.8558904109589042
4771.0,-1.0364285714285715
4772.0,-0.932073170731707
4773.0,-0.6127272727272727
4774.0,0.6687837837837837
4775.0,0.7404687499999999
4776.0,0.44092105263157894
4777.0,-0.380625
4778.0,0.4118987341772152
4779.0,0.0639772727272727
4780.0,-1.0872222222222223
4781.0,0.7272131147540984
4782.0,-1.0112418300653594
4783.0,-0.4453424657534246
4784.0,-0.9512676056338027
4785.0,0.5867741935483871
4786.0,-0.45717171717171723
4787.0,0.2071764705882353
4788.0,0.08384615384615383
4789.0,0.7952112676056338
4790.0,-0.5048809523809525
4791.0,-0.8279120879120878
4792.0,0.8284931506849315
4793.0,0.801095890410959
4794.0,-1.0287700534759356
4795.0,-0.8938461538461541
4796.0,0.8420895522388059
4797.0,0.8558904109589041
4798.0,-1.0843877551020409
4799.0,0.6288524590163935
4800.0,0.44437499999999996
4801.0,0.2257534246575343
4802.0,-0.7573611111111112
4803.0,-0.994280821917808
4804.0,-1.0360526315789473
4805.0,0.8677777777777779
4806.0,-1.013011235955056
4807.0,0.3445070422535212
4808.0,0.85375
4809.0,0.8558904109589041
4810.0,-1.0583962264150941
4811.0,0.67796875
4812.0,0.24263888888888893
4813.0,0.5822222222222223
4814.0,0.481153846153846
4815.0,0.6349999999999999
4816.0,0.04437499999999998
4817.0,-0.9394680851063831
4818.0,-0.15987179487179487
4819.0,-0.43318181818181806
4820.0,-0.46352941176470586
4821.0,-1.4247368421052635
4822.0,-0.5906944444444444
4823.0,0.8469565217391305
4824.0,0.5365151515151516
4825.0,-0.6380263157894738
4826.0,0.436470588235294
4827.0,0.6147297297297296
4828.0,0.8469565217391305
4829.0,0.718904109589041
4830.0,-0.9857142857142858
4831.0,0.8492857142857143
4832.0,0.731774193548387
4833.0,0.6726984126984129
4834.0,0.4811538461538461
4835.0,0.85375
4836.0,-0.1312037037037037
4837.0,0.8445588235294118
4838.0,-1.0460606060606061
4839.0,-0.16418032786885248
4840.0,0.41937499999999994
4841.0,0.06434782608695651
4842.0,0.6492857142857144
4843.0,-1.0072872340425532
4844.0,-1.0142857142857147
4845.0,-0.7926666666666667
4846.0,-0.8385915492957745
4847.0,0.8233802816901409
4848.0,0.8233802816901408
4849.0,0.17935483870967742
4850.0,-0.5581818181818181
4851.0,0.8469565217391303
4852.0,0.3465384615384614
4853.0,0.8151470588235294
4854.0,0.3579381443298969
4855.0,0.8445588235294118
4856.0,0.664109589041096
4857.0,0.803918918918919
4858.0,-1.2038235294117647
4859.0,-1.045769230769231
4860.0,0.8151470588235294
4861.0,0.8558904109589042
4862.0,0.7823880597014926
4863.0,0.8515492957746479
4864.0,0.5698591549295774
4865.0,0.5725000000000001
4866.0,0.5384810126582277
4867.0,-1.0829487179487176
4868.0,-1.191935483870968
4869.0,-0.4347368421052632
4870.0,-0.9223899371069184
4871.0,0.8558904109589041
4872.0,0.49355263157894735
4873.0,0.7567105263157895
4874.0,0.842089552238806
4875.0,0.8284931506849316
4876.0,0.6417567567567567
4877.0,0.38152777777777774
4878.0,-0.7636220472440945
4879.0,0.8558904109589042
4880.0,0.7566666666666667
4881.0,0.20927536231884056
4882.0,0.80296875
4883.0,-1.1133734939759032
4884.0,0.17176470588235293
4885.0,-1.0645967741935485
4886.0,0.8233802816901409
4887.0,0.8537500000000001
4888.0,0.830945945945946
4889.0,0.8558904109589042
4890.0,-1.0772641509433962
4891.0,-0.1450632911392405
4892.0,-0.5878915662650602
4893.0,0.8697260273972603
4894.0,0.8309459459459458
4895.0,-0.37109756097560975
4896.0,0.8284931506849315
4897.0,-1.0535964912280702
4898.0,0.4866666666666667
4899.0,0.04353658536585362
4900.0,0.4019753086419752
4901.0,-0.9302654867256639
4902.0,0.4015789473684211
4903.0,-0.5806250000000001
4904.0,-0.2255072463768117
4905.0,0.664109589041096
4906.0,0.3040540540540541
4907.0,0.803918918918919
4908.0,-0.11083333333333337
4909.0,0.5666666666666665
4910.0,0.6777631578947368
4911.0,0.8515492957746478
4912.0,-0.8821100917431192
4913.0,0.7566666666666666
4914.0,-1.0642342342342344
4915.0,-1.0208823529411766
4916.0,0.7020289855072462
4917.0,0.85375
4918.0,-1.080625
4919.0,-0.7644565217391304
4920.0,0.14135593220338982
4921.0,-0.4701587301587301
4922.0,-0.6705555555555556
4923.0,0.8284931506849315
4924.0,0.5135211267605633
4925.0,0.5149019607843137
4926.0,0.7044444444444445
4927.0,-0.9657653061224489
4928.0,0.6944262295081965
4929.0,0.14356164383561645
4930.0,0.8309459459459458
4931.0,-1.0927777777777778
4932.0,-1.1350000000000002
4933.0,0.8558904109589042
4934.0,-0.405625
4935.0,0.8558904109589042
4936.0,0.8558904109589041
4937.0,-0.07055555555555557
4938.0,0.7107042253521126
4939.0,0.7266666666666666
4940.0,-0.29592105263157903
4941.0,0.7388732394366196
4942.0,0.7736986301369864
4943.0,0.5857894736842104
4944.0,0.5271232876712328
4945.0,0.6561038961038961
4946.0,-0.5007758620689656
4947.0,0.83421875
4948.0,0.6000000000000001
4949.0,-0.9680000000000001
4950.0,0.8284931506849316
4951.0,0.8677777777777779
4952.0,-0.036703296703296744
4953.0,0.8558904109589041
4954.0,0.7388732394366196
4955.0,-0.9533333333333334
4956.0,0.7775438596491228
4957.0,0.7226865671641791
4958.0,-1.0478125
4959.0,-0.9471078431372548
4960.0,-0.12172043010752694
4961.0,0.5748148148148149
4962.0,-1.080625
4963.0,0.8066666666666666
4964.0,-1.0585185185185189
4965.0,0.8697260273972603
4966.0,-0.5190697674418605
4967.0,0.8259722222222222
4968.0,-0.871578947368421
4969.0,0.7704166666666666
4970.0,0.8284931506849316
4971.0,-0.3926315789473684
4972.0,-0.9960386473429953
4973.0,-1.1108333333333333
4974.0,0.5522077922077919
4975.0,0.8558904109589042
4976.0,0.0933333333333333
4977.0,0.8092424242424242
4978.0,-0.6790243902439025
4979.0,0.85375
4980.0,0.44092105263157894
4981.0,0.8284931506849315
4982.0,0.7768918918918919
4983.0,-1.0815841584158417
4984.0,0.35941176470588243
4985.0,-0.9341176470588236
4986.0,0.2814893617021277
4987.0,0.7952112676056338
4988.0,0.8558904109589042
4989.0,0.5142622950819672
4990.0,0.7981944444444445
4991.0,0.7981944444444444
4992.0,-1.0269318181818183
4993.0,0.8558904109589042
4994.0,0.8558904109589042
4995.0,0.39636363636363636
4996.0,-0.6452631578947368
4997.0,0.830945945945946
4998.0,0.8061538461538461
4999.0,0.8558904109589041
5000.0,-1.0617241379310345
5001.0,-0.053432835820895586
5002.0,0.6397468354430378
5003.0,0.37864406779661014
5004.0,0.6093150684931506
5005.0,0.7875342465753425
5006.0,-0.9353538461538462
5007.0,0.8233802816901407
5008.0,0.85375
5009.0,-0.6848529411764707
5010.0,0.8149315068493151
5011.0,-0.5090677966101695
5012.0,-0.7087500000000001
5013.0,0.4811538461538461
5014.0,-0.37037037037037046
5015.0,0.13341772151898734
5016.0,0.46253164556962006
5017.0,0.19103448275862067
5018.0,0.8558904109589042
5019.0,-1.1070886075949362
5020.0,-0.14123456790123456
5021.0,0.6315277777777778
5022.0,-0.14250000000000002
5023.0,0.7670422535211268
5024.0,0.0069879518072288776
5025.0,-0.052500000000000005
5026.0,0.8122388059701493
5027.0,0.366595744680851
5028.0,0.830945945945946
5029.0,-1.0893150684931507
5030.0,0.85375
5031.0,-0.814090909090909
5032.0,0.3174324324324324
5033.0,0.5798360655737704
5034.0,-0.38285714285714284
5035.0,0.718904109589041
5036.0,0.8284931506849316
5037.0,0.49511904761904757
5038.0,0.0207142857142857
5039.0,0.67796875
5040.0,-1.2542857142857142
5041.0,0.7736986301369863
5042.0,0.5725000000000001
5043.0,0.7463013698630137
5044.0,0.4255405405405406
5045.0,-0.8257843137254902
5046.0,-0.5067567567567568
5047.0,0.8558904109589042
5048.0,0.8259722222222223
5049.0,-0.2771621621621621
5050.0,-0.4749397590361446
5051.0,0.8515492957746476
5052.0,-0.7119101123595506
5053.0,0.21564516129032252
5054.0,0.05833333333333322
5055.0,0.441159420289855
5056.0,-0.9302777777777778
5057.0,-1.0313385826771657
5058.0,0.85375
5059.0,0.46769230769230763
5060.0,0.49584905660377354
5061.0,0.8395454545454545
5062.0,0.8065714285714284
5063.0,0.85375
5064.0,-0.9731288343558282
5065.0,0.3564912280701755
5066.0,-0.1784615384615385
5067.0,-1.076923076923077
5068.0,-0.8309090909090909
5069.0,0.20262295081967213
5070.0,0.85375
5071.0,0.8492857142857142
5072.0,0.85375
5073.0,0.6492857142857144
5074.0,0.5002597402597401
5075.0,0.7736986301369863
5076.0,0.3627397260273973
5077.0,-0.21697368421052624
5078.0,0.8558904109589041
5079.0,0.85375
5080.0,0.8309459459459458
5081.0,0.8558904109589042
5082.0,-1.2073684210526316
5083.0,0.7635714285714283
5084.0,0.85375
5085.0,0.5198684210526315
5086.0,0.8558904109589042
5087.0,0.78
5088.0,-1.1411428571428572
5089.0,0.8515492957746476
5090.0,0.4475
5091.0,0.8039189189189189
5092.0,0.7768918918918919
5093.0,0.6207142857142856
5094.0,-0.10718750000000003
5095.0,0.8515492957746478
5096.0,0.7020289855072462
5097.0,-0.8662135922330096
5098.0,-0.8569354838709675
5099.0,0.2733928571428571
5100.0,0.6417567567567568
5101.0,0.792142857142857
5102.0,0.8039189189189189
5103.0,-0.02316326530612242
5104.0,0.4712068965517241
5105.0,-0.8210810810810814
5106.0,0.5313414634146341
5107.0,0.8537500000000001
5108.0,0.7768918918918919
5109.0,-0.9011842105263156
5110.0,0.6915068493150686
5111.0,0.7981944444444444
5112.0,0.8677777777777779
5113.0,0.22
5114.0,-0.7768098159509201
5115.0,-0.28734848484848485
5116.0,0.07617647058823529
5117.0,0.8537500000000001
5118.0,-0.2969620253164556
5119.0,-1.0316666666666667
5120.0,0.5960655737704917
5121.0,-1.048467741935484
5122.0,0.4321311475409836
5123.0,0.7266666666666667
5124.0,0.6629850746268657
5125.0,-0.5842622950819673
5126.0,0.7753846153846153
5127.0,0.8558904109589042
5128.0,0.7498648648648648
5129.0,0.5262337662337662
5130.0,-0.033918918918918926
5131.0,-0.715793103448276
5132.0,0.8376056338028169
5133.0,0.7981944444444445
5134.0,-0.9930588235294122
5135.0,-0.7077419354838709
5136.0,0.8558904109589041
5137.0,0.32315789473684214
5138.0,0.8558904109589042
5139.0,-1.139047619047619
5140.0,0.5304918032786885
5141.0,0.6466666666666666
5142.0,0.7704166666666666
5143.0,0.7533333333333334
5144.0,-1.0963218390804597
5145.0,0.7952112676056337
5146.0,0.85375
5147.0,0.4327941176470588
5148.0,-0.12764044943820227
5149.0,0.5142372881355932
5150.0,0.5891139240506328
5151.0,-1.037680412371134
5152.0,0.5912987012987012
5153.0,0.1855952380952381
5154.0,0.8207142857142856
5155.0,0.7
5156.0,-0.5082119205298014
5157.0,0.8259722222222222
5158.0,0.6717647058823527
5159.0,-1.0035658914728682
5160.0,0.830945945945946
5161.0,0.49437499999999995
5162.0,-0.484140625
5163.0,0.36060975609756096
5164.0,-1.0064473684210526
5165.0,0.7463013698630138
5166.0,0.7558333333333334
5167.0,0.8126315789473684
5168.0,-1.1041975308641976
5169.0,0.6702564102564103
5170.0,0.02966292134831461
5171.0,0.8558904109589042
5172.0,0.85375
5173.0,0.7272131147540983
5174.0,0.7736986301369864
5175.0,-0.15273584905660378
5176.0,-0.975294117647059
5177.0,-0.5608955223880597
5178.0,0.801095890410959
5179.0,0.35294871794871796
5180.0,0.4091935483870968
5181.0,-1.2058620689655175
5182.0,0.7635714285714286
5183.0,0.8515492957746478
5184.0,0.4095402298850574
5185.0,0.8558904109589042
5186.0,0.8151470588235294
5187.0,0.8677777777777779
5188.0,0.7640322580645161
5189.0,0.574655172413793
5190.0,0.85375
5191.0,-0.0525
5192.0,-0.21656250000000007
5193.0,-0.1085897435897436
5194.0,-1.295925925925926
5195.0,-1.074302325581395
5196.0,0.8558904109589041
5197.0,-0.5484677419354839
5198.0,-0.9740425531914894
5199.0,0.8122388059701492
5200.0,0.8558904109589041
5201.0,0.40948051948051956
5202.0,0.47999999999999987
5203.0,0.683076923076923
5204.0,-1.0577083333333335
5205.0,0.85375
5206.0,0.7670422535211265
5207.0,0.6371929824561403
5208.0,0.4070588235294117
5209.0,0.5748148148148148
5210.0,-0.3679069767441861
5211.0,0.06277777777777777
5212.0,0.842089552238806
5213.0,0.85375
5214.0,0.8284931506849316
5215.0,0.7844444444444445
5216.0,0.7704166666666666
5217.0,0.40197530864197534
5218.0,0.28016129032258064
5219.0,-0.7033333333333334
5220.0,0.8284931506849315
5221.0,0.11454545454545456
5222.0,-1.0772641509433962
5223.0,0.558076923076923
5224.0,0.49355263157894735
5225.0,-1.0731250000000003
5226.0,0.7823880597014925
5227.0,0.6777631578947368
5228.0,0.8284931506849316
5229.0,-0.09357142857142854
5230.0,-1.0658823529411767
5231.0,0.7799999999999999
5232.0,0.4888571428571427
5233.0,0.8122388059701493
5234.0,-0.24271739130434786
5235.0,0.7266666666666666
5236.0,0.5877027027027026
5237.0,-1.1955555555555555
5238.0,0.8558904109589042
5239.0,-0.12863636363636366
5240.0,0.8558904109589041
5241.0,-1.1001190476190477
5242.0,-0.048333333333333346
5243.0,0.8515492957746477
5244.0,0.8309459459459458
5245.0,0.8594117647058823
5246.0,0.8284931506849316
5247.0,0.8558904109589041
5248.0,0.5988157894736841
5249.0,-0.8780000000000001
5250.0,0.830945945945946
5251.0,0.7388732394366196
5252.0,0.7768918918918919
5253.0,0.8558904109589042
5254.0,0.4825609756097561
5255.0,0.7768918918918918
5256.0,0.3925301204819276
5257.0,-1.043703703703704
5258.0,-1.3204545454545455
5259.0,0.26337837837837846
5260.0,0.06769230769230768
5261.0,0.0039024390243902027
5262.0,0.2881690140845071
5263.0,0.85375
5264.0,0.8395454545454545
5265.0,0.8092424242424242
5266.0,0.08989690721649485
5267.0,0.8515492957746477
5268.0,0.7952112676056338
5269.0,0.8284931506849316
5270.0,0.5210294117647057
5271.0,0.7189041095890412
5272.0,-0.7915151515151516
5273.0,0.8445588235294119
5274.0,-0.38159292035398235
5275.0,0.6199999999999999
5276.0,-0.9425000000000001
5277.0,0.49437500000000006
5278.0,0.830945945945946
5279.0,0.6687837837837837
5280.0,0.39636363636363636
5281.0,0.85375
5282.0,0.8309459459459461
5283.0,-1.1088524590163935
5284.0,-0.8535204081632652
5285.0,0.8309459459459458
5286.0,0.7228378378378377
5287.0,0.14888888888888885
5288.0,0.5837179487179486
5289.0,0.7981944444444444
5290.0,0.3675581395348838
5291.0,0.6958108108108108
5292.0,0.7736986301369863
5293.0,0.8537500000000001
5294.0,0.8657746478873238
5295.0,-0.8458940397350992
5296.0,-1.0470866141732282
5297.0,-0.4735766423357664
5298.0,-0.15916666666666668
5299.0,0.1717647058823529
5300.0,0.830945945945946
5301.0,0.8309459459459458
5302.0,0.23701149425287363
5303.0,0.6466666666666666
5304.0,0.5724999999999999
5305.0,0.8697260273972603
5306.0,0.7736986301369864
5307.0,-0.748403361344538
5308.0,-1.0111864406779663
5309.0,-1.3203571428571428
5310.0,0.1334177215189873
5311.0,-0.8014035087719298
5312.0,0.8284931506849316
5313.0,0.8039189189189189
5314.0,-1.097558139534884
5315.0,0.7228378378378377
5316.0,-1.0296341463414633
5317.0,-0.8063716814159293
5318.0,0.803918918918919
5319.0,-0.052500000000000054
5320.0,0.7266666666666667
5321.0,-0.6344954128440367
5322.0,0.85375
5323.0,-1.045851063829787
5324.0,-1.2429411764705887
5325.0,0.8314285714285713
5326.0,0.8122388059701492
5327.0,0.7635714285714285
5328.0,0.836923076923077
5329.0,0.8515492957746477
5330.0,0.6523076923076923
5331.0,-0.19121951219512193
5332.0,0.6928358208955223
5333.0,-0.9693233082706768
5334.0,0.7736986301369864
5335.0,-1.0269897959183674
5336.0,0.8369230769230769
5337.0,0.8537500000000001
5338.0,0.8515492957746478
5339.0,0.85375
5340.0,-1.0951136363636365
5341.0,0.5988157894736841
5342.0,0.2548453608247423
5343.0,0.7092187499999999
5344.0,0.5401724137931034
5345.0,-1.0264173228346456
5346.0,0.6862820512820513
5347.0,-0.5906944444444444
5348.0,-0.7996153846153846
5349.0,0.6915068493150685
5350.0,0.8233802816901405
5351.0,-0.2687356321839081
5352.0,0.8558904109589042
5353.0,0.8284931506849316
5354.0,-1.0396575342465755
5355.0,0.8515492957746478
5356.0,-0.44955882352941184
5357.0,-0.5333673469387755
5358.0,0.7303947368421051
5359.0,-0.9440000000000003
5360.0,0.1728787878787878
5361.0,0.5382258064516129
5362.0,0.6928358208955223
5363.0,-1.244615384615385
5364.0,-0.8766666666666668
5365.0,0.8395454545454546
5366.0,0.7533333333333333
5367.0,-0.22611111111111118
5368.0,0.17095890410958908
5369.0,0.7463013698630137
5370.0,0.8233802816901407
5371.0,0.8284931506849316
5372.0,0.803918918918919
5373.0,0.7189041095890412
5374.0,0.32179775280898876
5375.0,-0.18000000000000005
5376.0,0.803918918918919
5377.0,0.8558904109589041
5378.0,-1.0073611111111112
5379.0,-0.582857142857143
5380.0,0.7736986301369864
5381.0,0.7736986301369864
5382.0,0.7981944444444444
5383.0,0.28054794520547943
5384.0,0.3619736842105263
5385.0,0.8558904109589042
5386.0,-0.9836974789915965
5387.0,-0.05590909090909092
5388.0,-1.1522807017543861
5389.0,0.8558904109589042
5390.0,-1.1581818181818182
5391.0,-0.6649999999999999
5392.0,-0.13473684210526313
5393.0,0.801095890410959
5394.0,-0.8218750000000004
5395.0,0.85375
5396.0,0.8558904109589041
5397.0,0.13512820512820506
5398.0,0.8515492957746477
5399.0,0.469375
5400.0,0.5067948717948718
5401.0,-0.007857142857142847
5402.0,0.5204166666666666
5403.0,0.699516129032258
5404.0,0.6987755102040816
5405.0,-0.17351063829787236
5406.0,-0.8188690476190478
5407.0,0.8515492957746478
5408.0,-1.0683898305084745
5409.0,0.38000000000000006
5410.0,-0.7024999999999999
5411.0,0.2386585365853659
5412.0,0.37038961038961044
5413.0,0.85375
5414.0,0.8284931506849316
5415.0,-0.9358333333333336
5416.0,0.4468
5417.0,0.26649350649350656
5418.0,0.8537500000000001
5419.0,-0.447241379310345
5420.0,0.8558904109589042
5421.0,0.7889855072463767
5422.0,0.8273134328358209
5423.0,-1.2684210526315791
5424.0,-0.7436764705882353
5425.0,-0.39347826086956533
5426.0,0.8558904109589042
5427.0,0.8558904109589042
5428.0,0.8469565217391303
5429.0,0.8515492957746478
5430.0,0.5349999999999999
5431.0,0.8558904109589042
5432.0,0.20262295081967216
5433.0,-0.19569620253164563
5434.0,0.36060975609756096
5435.0,-0.47737373737373734
5436.0,0.018735632183908082
5437.0,-0.03775280898876401
5438.0,0.08499999999999998
5439.0,0.6207142857142856
5440.0,0.8615942028985506
5441.0,-0.7669607843137254
5442.0,0.8558904109589041
5443.0,0.24235294117647066
5444.0,0.5966666666666666
5445.0,-0.8684722222222222
5446.0,0.26649350649350645
5447.0,-1.2182608695652175
5448.0,0.85375
5449.0,0.8423287671232877
5450.0,0.5135616438356164
5451.0,-1.0434682080924855
5452.0,0.23346666666666663
5453.0,0.8179710144927537
5454.0,0.830945945945946
5455.0,0.8039189189189189
5456.0,0.7952112676056338
5457.0,0.6629850746268655
5458.0,0.8010958904109589
5459.0,0.8259722222222222
5460.0,0.857972972972973
5461.0,0.44092105263157894
5462.0,-0.07630952380952383
5463.0,0.4370833333333333
5464.0,-0.8319117647058822
5465.0,0.8558904109589042
5466.0,0.8558904109589043
5467.0,0.7040789473684209
5468.0,0.8558904109589042
5469.0,0.540958904109589
5470.0,0.8039189189189189
5471.0,0.5781818181818181
5472.0,0.3925301204819277
5473.0,0.5571014492753623
5474.0,0.552207792207792
5475.0,0.558076923076923
5476.0,0.7704166666666666
5477.0,-0.9468181818181819
5478.0,0.6251315789473684
5479.0,0.8558904109589041
5480.0,-0.42965517241379314
5481.0,0.85375
5482.0,0.830945945945946
5483.0,0.8558904109589042
5484.0,-0.45844660194174763
5485.0,-0.9109090909090912
5486.0,0.8469565217391304
5487.0,-0.5660869565217392
5488.0,-0.8701369863013698
5489.0,0.4672368421052631
5490.0,0.07482758620689653
5491.0,-0.7948351648351648
5492.0,0.6397468354430378
5493.0,-1.0405464480874316
5494.0,0.469375
5495.0,-0.36784090909090916
5496.0,0.7670422535211266
5497.0,0.6466666666666667
5498.0,0.8558904109589042
5499.0,-0.237093023255814
5500.0,0.8094366197183099
5501.0,0.8284931506849315
5502.0,0.8284931506849316
5503.0,-0.4275000000000001
5504.0,0.47232876712328764
5505.0,0.8558904109589043
5506.0,0.6820779220779221
5507.0,-0.9685294117647059
5508.0,0.8094366197183096
5509.0,-0.8379381443298971
5510.0,-1.1014457831325304
5511.0,0.8558904109589041
5512.0,0.8309459459459458
5513.0,0.830945945945946
5514.0,-0.20491228070175438
5515.0,-0.781284403669725
5516.0,-1.0525
5517.0,0.05166666666666666
5518.0,-1.1494827586206897
5519.0,0.3064285714285715
5520.0,0.8445588235294117
5521.0,0.8122388059701492
5522.0,0.8558904109589042
5523.0,0.8558904109589042
5524.0,0.8284931506849316
5525.0,-0.2836046511627907
5526.0,0.8492857142857142
5527.0,0.8515492957746479
5528.0,0.7981944444444444
5529.0,0.3279661016949152
5530.0,-1.0690598290598292
5531.0,0.2567105263157895
5532.0,0.8469565217391303
5533.0,-1.2271794871794872
5534.0,-0.9840944881889764
5535.0,0.7981944444444444
5536.0,0.7670422535211265
5537.0,0.6967605633802816
5538.0,0.7704166666666666
5539.0,-0.38717741935483874
5540.0,-0.6488541666666666
5541.0,-0.9446456692913385
5542.0,0.8284931506849316
5543.0,-0.1056249999999999
5544.0,0.06277777777777778
5545.0,0.6466666666666666
5546.0,0.4648611111111111
5547.0,0.85375
5548.0,0.7269117647058823
5549.0,-0.8529032258064517
5550.0,0.7463013698630137
5551.0,0.7854237288135594
5552.0,0.16259740259740266
5553.0,0.022500000000000006
5554.0,0.08278481012658227
5555.0,0.8309459459459458
5556.0,0.8233802816901407
5557.0,0.5536046511627906
5558.0,-1.1091803278688523
5559.0,-0.19121951219512198
5560.0,0.85375
5561.0,0.4600000000000001
5562.0,0.6915068493150685
5563.0,-0.8598979591836736
5564.0,-1.175
5565.0,0.7952112676056338
5566.0,0.8207142857142855
5567.0,0.8515492957746477
5568.0,-0.30930693069306936
5569.0,0.8657746478873236
5570.0,0.8515492957746477
5571.0,0.8515492957746477
5572.0,0.6349999999999999
5573.0,-1.0450595238095237
5574.0,-0.11750000000000005
5575.0,0.4878481012658226
5576.0,0.801095890410959
5577.0,0.842089552238806
5578.0,0.803918918918919
5579.0,0.3525925925925926
5580.0,0.7426388888888888
5581.0,0.7736986301369863
5582.0,0.8469565217391304
5583.0,0.83421875
5584.0,0.3815277777777778
5585.0,-1.0389864864864866
5586.0,0.8395454545454546
5587.0,0.664109589041096
5588.0,0.7533333333333332
5589.0,-1.0658196721311475
5590.0,0.18708333333333338
5591.0,0.8010958904109589
5592.0,-0.719779411764706
5593.0,0.8558904109589042
5594.0,0.4121739130434784
5595.0,0.7156962025316453
5596.0,0.5612048192771084
5597.0,0.2924675324675325
5598.0,0.8395454545454546
5599.0,-0.14659340659340664
5600.0,0.7336363636363635
5601.0,0.7830263157894735
5602.0,0.3897530864197531
5603.0,0.803918918918919
5604.0,-0.37499999999999994
5605.0,-0.33742647058823527
5606.0,0.8233802816901409
5607.0,-1.0010921501706487
5608.0,0.29624999999999996
5609.0,0.8558904109589042
5610.0,0.0746067415730337
5611.0,-0.5260169491525426
5612.0,0.8284931506849316
5613.0,-0.843448275862069
5614.0,0.32666666666666666
5615.0,-0.2504166666666667
5616.0,-0.3606896551724138
5617.0,0.03333333333333339
5618.0,0.8423287671232877
5619.0,-0.7369512195121951
5620.0,-0.8938461538461538
5621.0,-0.09789473684210527
5622.0,-0.15158536585365856
5623.0,-0.33821428571428575
5624.0,-0.06173913043478258
5625.0,0.77171875
5626.0,0.49437500000000006
5627.0,0.8558904109589042
5628.0,0.76
5629.0,0.8284931506849316
5630.0,0.38152777777777774
5631.0,-0.19081967213114756
5632.0,-1.076736842105263
5633.0,0.8284931506849316
5634.0,0.8558904109589042
5635.0,-0.041707317073170734
5636.0,0.7107042253521126
5637.0,0.8558904109589042
5638.0,0.7704166666666667
5639.0,0.7736986301369863
5640.0,-0.590378787878788
5641.0,0.7228378378378378
5642.0,-0.47626373626373636
5643.0,0.18987804878048778
5644.0,0.8284931506849316
5645.0,0.7830263157894736
5646.0,0.7599999999999999
5647.0,0.8558904109589042
5648.0,-1.0068918918918919
5649.0,0.699230769230769
5650.0,0.6915068493150685
5651.0,0.7830263157894737
5652.0,0.7
5653.0,0.5933333333333333
5654.0,-0.2771621621621621
5655.0,0.801095890410959
5656.0,0.46
5657.0,-0.9037777777777778
5658.0,0.8245454545454545
5659.0,-0.3157575757575758
5660.0,-0.6866666666666666
5661.0,-0.06529411764705917
5662.0,0.5774603174603173
5663.0,0.8637142857142857
5664.0,-1.1441666666666668
5665.0,0.8558904109589041
5666.0,-0.6195180722891567
5667.0,0.8179710144927534
5668.0,0.8285483870967743
5669.0,0.7952112676056337
5670.0,0.6629850746268658
5671.0,0.8259722222222222
5672.0,0.8515492957746478
5673.0,0.8558904109589041
5674.0,0.4223376623376624
5675.0,0.2152238805970149
5676.0,0.830945945945946
5677.0,0.8558904109589042
5678.0,0.7676119402985074
5679.0,0.718904109589041
5680.0,0.7905405405405406
5681.0,0.8558904109589041
5682.0,0.10121621621621621
5683.0,0.6289024390243901
5684.0,0.8233802816901407
5685.0,-1.0961016949152542
5686.0,-0.11083333333333337
5687.0,0.3891666666666667
5688.0,0.7266666666666668
5689.0,0.6577272727272727
5690.0,0.8284931506849316
5691.0,-1.0020000000000002
5692.0,-1.0916483516483515
5693.0,0.8309459459459458
5694.0,0.3529487179487179
5695.0,0.3
5696.0,-1.0595488721804514
5697.0,-0.8495238095238096
5698.0,0.35259259259259257
5699.0,-1.0740909090909092
5700.0,0.7927868852459014
5701.0,0.5137313432835822
5702.0,0.8537500000000001
5703.0,-1.0416000000000003
5704.0,0.7768918918918918
5705.0,0.8469565217391304
5706.0,0.830945945945946
5707.0,-0.41441860465116287
5708.0,0.830945945945946
5709.0,0.8259722222222222
5710.0,0.12746987951807223
5711.0,0.8039189189189189
5712.0,0.8558904109589041
5713.0,-0.754388489208633
5714.0,0.8066666666666666
5715.0,0.08499999999999998
5716.0,0.17566265060240963
5717.0,0.8558904109589041
5718.0,0.418780487804878
5719.0,-1.2959259259259264
5720.0,0.801095890410959
5721.0,0.03058823529411764
5722.0,-0.9007142857142857
5723.0,0.7599999999999999
5724.0,0.8558904109589041
5725.0,-0.5486956521739131
5726.0,0.8066666666666665
5727.0,0.8697260273972603
5728.0,0.7599999999999999
5729.0,-0.08269662921348318
5730.0,0.3703896103896103
5731.0,0.62
5732.0,0.8233802816901408
5733.0,0.85375
5734.0,-1.320357142857143
5735.0,0.021363636363636362
5736.0,0.803918918918919
5737.0,0.85375
5738.0,0.85375
5739.0,0.8558904109589042
5740.0,0.8558904109589042
5741.0,-0.25750000000000034
5742.0,0.803918918918919
5743.0,-0.57206106870229
5744.0,0.49355263157894724
5745.0,0.4066666666666667
5746.0,0.3129411764705883
5747.0,0.8558904109589041
5748.0,-1.0944897959183673
5749.0,-1.0806862745098038
5750.0,0.6777631578947368
5751.0,0.8039189189189189
5752.0,0.8558904109589042
5753.0,0.7417647058823529
5754.0,0.8309459459459458
5755.0,0.24928571428571433
5756.0,0.5324358974358973
5757.0,0.8066666666666666
5758.0,-0.14885416666666668
5759.0,0.8558904109589042
5760.0,0.8558904109589041
5761.0,0.830945945945946
5762.0,-1.1910869565217388
5763.0,0.8697260273972603
5764.0,0.7567105263157894
5765.0,0.8677777777777779
5766.0,0.8558904109589042
5767.0,0.8558904109589042
5768.0,0.8122222222222223
5769.0,-1.0830909090909089
5770.0,0.11305882352941171
5771.0,0.842089552238806
5772.0,0.5133333333333333
5773.0,0.830945945945946
5774.0,0.32024096385542167
5775.0,-0.37291139240506327
5776.0,0.7349999999999999
5777.0,-1.2132432432432432
5778.0,0.2830769230769231
5779.0,-0.935
5780.0,0.7799999999999999
5781.0,0.6777631578947368
5782.0,-0.9196874999999999
5783.0,-0.8184883720930233
5784.0,0.2339583333333333
5785.0,-0.01604651162790696
5786.0,-0.20103896103896102
5787.0,0.6641095890410958
5788.0,0.4175342465753425
5789.0,0.6417567567567568
5790.0,0.8558904109589042
5791.0,0.8579729729729729
5792.0,-0.7885436893203887
5793.0,-0.9245238095238095
5794.0,0.6733333333333332
5795.0,0.8558904109589042
5796.0,-1.2406896551724136
5797.0,0.8309459459459458
5798.0,0.7704166666666666
5799.0,-0.12719512195121954
5800.0,0.7463013698630138
5801.0,-1.0097368421052633
5802.0,-0.05428571428571435
5803.0,0.03536231884057971
5804.0,-0.7285057471264368
5805.0,0.7228378378378378
5806.0,0.6687837837837837
5807.0,-1.080686274509804
5808.0,0.7599999999999999
5809.0,-0.47238095238095246
5810.0,0.4555128205128203
5811.0,0.8309459459459458
5812.0,0.8284931506849315
5813.0,0.604155844155844
5814.0,-1.13453125
5815.0,0.8558904109589041
5816.0,-1.0677310924369747
5817.0,0.803918918918919
5818.0,0.43378048780487805
5819.0,0.7
5820.0,0.6693749999999999
5821.0,0.6037500000000001
5822.0,-0.8365909090909089
5823.0,-0.3582795698924731
5824.0,0.7601369863013699
5825.0,0.7670422535211268
5826.0,0.5933333333333334
5827.0,0.6207142857142858
5828.0,0.7189041095890412
5829.0,0.7768918918918919
5830.0,0.803918918918919
5831.0,0.5011764705882351
5832.0,0.18130434782608693
5833.0,0.6301298701298702
5834.0,-1.0502352941176472
5835.0,0.2142682926829268
5836.0,0.22703296703296705
5837.0,-0.8140740740740742
5838.0,-0.12802083333333333
5839.0,0.5988157894736841
5840.0,0.8558904109589042
5841.0,0.3714864864864865
5842.0,0.78
5843.0,0.8039189189189189
5844.0,0.8558904109589041
5845.0,-1.2200000000000002
5846.0,-0.365
5847.0,0.8558904109589042
5848.0,-0.0042045454545454755
5849.0,-0.5908771929824561
5850.0,0.6200000000000001
5851.0,0.3367045454545455
5852.0,0.5062121212121211
5853.0,0.7670422535211269
5854.0,0.004897959183673456
5855.0,0.8558904109589042
5856.0,0.6091379310344827
5857.0,0.8558904109589041
5858.0,0.6224999999999999
5859.0,-1.139193548387097
5860.0,0.8558904109589042
5861.0,0.7533333333333333
5862.0,0.7768918918918919
5863.0,0.6593055555555556
5864.0,0.8039189189189189
5865.0,0.7635135135135135
5866.0,-1.01235807860262
5867.0,-0.416056338028169
5868.0,0.6650632911392403
5869.0,0.569375
5870.0,0.27041666666666664
5871.0,0.8579729729729729
5872.0,0.7768918918918919
5873.0,0.6093975903614458
5874.0,0.007663551401869133
5875.0,0.47232876712328764
5876.0,0.8558904109589041
5877.0,0.6466666666666666
5878.0,-0.004204545454545456
5879.0,-1.0545000000000004
5880.0,0.8558904109589041
5881.0,-0.5936585365853657
5882.0,0.8558904109589041
5883.0,0.801095890410959
5884.0,0.8558904109589042
5885.0,0.7266666666666666
5886.0,-0.8987804878048781
5887.0,0.63012987012987
5888.0,0.7977358490566038
5889.0,0.7736986301369863
5890.0,0.11333333333333336
5891.0,0.8515492957746478
5892.0,-0.19108695652173918
5893.0,0.1997590361445783
5894.0,0.8233802816901409
5895.0,-0.5738805970149254
5896.0,0.801095890410959
5897.0,-0.6135632183908046
5898.0,0.830945945945946
5899.0,0.8010958904109589
5900.0,0.6436206896551724
5901.0,0.8492857142857142
5902.0,0.8284931506849316
5903.0,-0.8800862068965517
5904.0,0.61546875
5905.0,-0.6149462365591397
5906.0,0.6915068493150685
5907.0,-0.6657425742574257
5908.0,0.7463013698630138
5909.0,-1.1069354838709677
5910.0,-0.79078125
5911.0,0.857972972972973
5912.0,0.6261971830985914
5913.0,0.8558904109589042
5914.0,0.006031746031746045
5915.0,0.8697260273972603
5916.0,0.6733333333333333
5917.0,-0.15944444444444447
5918.0,0.3835294117647059
5919.0,0.8445945945945946
5920.0,0.682941176470588
5921.0,0.01852272727272728
5922.0,0.857972972972973
5923.0,-1.0393023255813953
5924.0,0.5277464788732394
5925.0,0.7228378378378377
5926.0,0.78
5927.0,-0.733150684931507
5928.0,0.8558904109589042
5929.0,0.8558904109589042
5930.0,0.857972972972973
5931.0,0.6523076923076924
5932.0,0.842089552238806
5933.0,0.7266666666666667
5934.0,-1.241904761904762
5935.0,0.7799999999999999
5936.0,0.7303947368421051
5937.0,0.3714864864864865
5938.0,-0.5327631578947368
5939.0,0.7525373134328356
5940.0,0.830945945945946
5941.0,0.09333333333333332
5942.0,0.801095890410959
5943.0,-1.116712328767123
5944.0,-0.0351388888888889
5945.0,0.8558904109589041
5946.0,0.5384810126582277
5947.0,-0.9309090909090915
5948.0,0.5933333333333334
5949.0,0.32944444444444443
5950.0,0.7704166666666666
5951.0,-0.5385611510791367
5952.0,0.7119230769230769
5953.0,-0.8032911392405063
5954.0,0.8284931506849316
5955.0,0.8039189189189189
5956.0,0.15622641509433957
5957.0,0.7736986301369864
5958.0,0.5801219512195122
5959.0,0.8376056338028169
5960.0,0.78
5961.0,0.8492857142857141
5962.0,0.5002597402597401
5963.0,0.7768918918918918
5964.0,0.7768918918918919
5965.0,0.7635714285714285
5966.0,-0.8993625498007967
5967.0,0.8558904109589041
5968.0,-0.4013636363636364
5969.0,0.8515492957746478
5970.0,0.7875342465753425
5971.0,0.7768918918918919
5972.0,-1.0212499999999998
5973.0,0.5522077922077921
5974.0,0.6606410256410254
5975.0,0.1274698795180723
5976.0,0.8579729729729729
5977.0,-0.5905154639175257
5978.0,0.8558904109589042
5979.0,-0.9426666666666671
5980.0,0.7799999999999999
5981.0,0.5461842105263157
5982.0,-0.4195454545454546
5983.0,0.44437499999999996
5984.0,0.7533333333333333
5985.0,-0.9638095238095238
5986.0,-0.6557608695652176
5987.0,0.7799999999999999
5988.0,-0.021862745098039232
5989.0,0.8066666666666666
5990.0,0.8615942028985507
5991.0,0.5637974683544302
5992.0,-1.033632075471698
5993.0,0.6825352112676055
5994.0,0.39013698630136984
5995.0,0.5131645569620251
5996.0,0.37038961038961044
5997.0,0.5002597402597402
5998.0,-0.15752577319587624
5999.0,0.7463013698630138
6000.0,0.7768918918918919
6001.0,0.007058823529411776
6002.0,-0.20822784810126582
6003.0,0.369375
6004.0,-0.7712500000000001
6005.0,0.31937499999999996
6006.0,0.7768918918918918
6007.0,0.0508695652173913
6008.0,0.29437499999999994
6009.0,0.8558904109589041
6010.0,0.513012048192771
6011.0,0.5637974683544303
6012.0,0.8233802816901408
6013.0,0.7080519480519479
6014.0,0.5891139240506328
6015.0,0.8558904109589042
6016.0,-0.23333333333333328
6017.0,0.8579729729729729
6018.0,-0.006103896103896148
6019.0,0.3963636363636364
6020.0,0.85375
6021.0,-0.64
6022.0,0.7981944444444444
6023.0,0.8558904109589042
6024.0,0.8558904109589041
6025.0,0.7567105263157893
6026.0,0.017978723404255312
6027.0,0.4483116883116883
6028.0,0.6777631578947367
6029.0,0.7266666666666665
6030.0,-0.5948387096774195
6031.0,-1.0591489361702129
6032.0,0.8515492957746477
6033.0,-1.1684615384615387
6034.0,-0.7775
6035.0,0.8273134328358209
6036.0,0.5819178082191779
6037.0,0.8558904109589041
6038.0,0.8558904109589042
6039.0,0.49846153846153846
6040.0,0.6862820512820512
6041.0,0.8469565217391304
6042.0,0.35650602409638554
6043.0,-0.94
6044.0,0.6093589743589742
6045.0,-0.9225
6046.0,0.8039189189189189
6047.0,0.5877027027027026
6048.0,0.857972972972973
6049.0,-0.046666666666666676
6050.0,0.8259722222222223
6051.0,0.704078947368421
6052.0,0.5698591549295776
6053.0,0.8558904109589041
6054.0,0.8558904109589042
6055.0,0.7567105263157895
6056.0,-1.24
6057.0,0.26724637681159424
6058.0,0.8309459459459458
6059.0,0.8284931506849316
6060.0,0.7533333333333332
6061.0,0.8558904109589041
6062.0,-0.7050349650349652
6063.0,0.7266666666666666
6064.0,0.6466666666666666
6065.0,-1.0817721518987344
6066.0,0.8558904109589041
6067.0,-1.1149999999999998
6068.0,0.5516666666666666
6069.0,0.85375
6070.0,0.5145454545454545
6071.0,0.6687837837837837
6072.0,0.8259722222222223
6073.0,0.85375
6074.0,0.5725
6075.0,-0.6722033898305084
6076.0,0.5877027027027028
6077.0,0.39636363636363636
6078.0,0.7704166666666666
6079.0,-0.4046031746031746
6080.0,0.4625316455696202
6081.0,0.8010958904109589
6082.0,0.830945945945946
6083.0,-1.0457228915662649
6084.0,0.7107042253521126
6085.0,0.4525675675675676
6086.0,0.7020289855072462
6087.0,0.7401333333333333
6088.0,0.8284931506849316
6089.0,-1.0466406250000002
6090.0,0.830945945945946
6091.0,0.3287499999999999
6092.0,0.7670422535211266
6093.0,0.7799999999999999
6094.0,0.8515492957746479
6095.0,0.7736986301369864
6096.0,-0.7295833333333334
6097.0,-1.080686274509804
6098.0,-0.8119047619047621
6099.0,-0.34069444444444447
6100.0,0.5666666666666667
6101.0,0.8492857142857142
6102.0,0.8284931506849316
6103.0,0.47000000000000003
6104.0,0.6687837837837837
6105.0,0.44072289156626493
6106.0,0.4811538461538461
6107.0,-0.25648351648351647
6108.0,0.735
6109.0,0.469375
6110.0,0.5064285714285712
6111.0,0.5891139240506327
6112.0,0.6974999999999999
6113.0,0.8558904109589042
6114.0,0.8309459459459458
6115.0,-1.1028048780487805
6116.0,0.7894117647058821
6117.0,0.22703296703296705
6118.0,0.8207142857142856
6119.0,-0.024574468085106382
6120.0,-0.38062500000000005
6121.0,-1.0951136363636362
6122.0,-0.6711926605504589
6123.0,-0.429655172413793
6124.0,-1.1796296296296296
6125.0,0.7498648648648649
6126.0,-1.0590298507462688
6127.0,0.5504411764705882
6128.0,0.5988157894736841
6129.0,0.8369230769230769
6130.0,0.7543181818181818
6131.0,-1.0013043478260872
6132.0,0.17776315789473682
6133.0,0.8677777777777779
6134.0,-0.9140890688259108
6135.0,0.5668181818181818
6136.0,-0.5859302325581395
6137.0,0.1311340206185567
6138.0,0.3805357142857142
6139.0,0.6915068493150686
6140.0,0.8558904109589041
6141.0,0.7228378378378378
6142.0,0.25038461538461537
6143.0,0.7936538461538463
6144.0,0.29614457831325297
6145.0,0.8558904109589042
6146.0,-0.5662195121951219
6147.0,-0.3015384615384615
6148.0,-1.0907692307692312
6149.0,0.5606756756756756
6150.0,0.734025974025974
6151.0,-0.7744444444444446
6152.0,0.7107042253521126
6153.0,0.7670422535211268
6154.0,0.8010958904109589
6155.0,0.29819444444444443
6156.0,-0.7362121212121213
6157.0,0.7
6158.0,-0.9591011235955056
6159.0,0.8284931506849316
6160.0,-0.7667857142857144
6161.0,0.6207142857142858
6162.0,0.8657746478873238
6163.0,0.7670422535211266
6164.0,0.7498648648648649
6165.0,0.7768918918918919
6166.0,0.8492857142857142
6167.0,0.394375
6168.0,0.7981944444444444
6169.0,0.7875342465753424
6170.0,0.7228378378378377
6171.0,-0.7262385321100917
6172.0,0.6041558441558441
6173.0,0.801095890410959
6174.0,0.7
6175.0,-0.42749999999999994
6176.0,-1.0635714285714286
6177.0,0.7436842105263156
6178.0,0.7768918918918919
6179.0,-0.6122826086956522
6180.0,0.8284931506849316
6181.0,0.2874390243902439
6182.0,-0.082948717948718
6183.0,0.6820779220779221
6184.0,0.5545205479452056
6185.0,-0.5231858407079646
6186.0,0.801095890410959
6187.0,-1.0893150684931507
6188.0,0.8515492957746478
6189.0,-0.025326086956521717
6190.0,0.7148611111111111
6191.0,0.7981944444444444
6192.0,-0.9155555555555556
6193.0,0.8558904109589041
6194.0,0.8400000000000001
6195.0,-0.9211594202898549
6196.0,0.63012987012987
6197.0,-1.0965
6198.0,0.7981944444444444
6199.0,-0.786875
6200.0,0.8309459459459458
6201.0,0.682077922077922
6202.0,0.8558904109589042
6203.0,0.8066666666666666
6204.0,0.3675581395348838
6205.0,0.830945945945946
6206.0,-0.8126495726495725
6207.0,0.544375
6208.0,-0.5825
6209.0,0.6436206896551723
6210.0,0.8284931506849315
6211.0,0.7768918918918918
6212.0,0.8175675675675675
6213.0,0.17176470588235287
6214.0,0.8558904109589042
6215.0,-1.0704347826086955
6216.0,-0.4246153846153846
6217.0,0.4581707317073171
6218.0,0.776891891891892
6219.0,-1.0480357142857144
6220.0,0.6315277777777778
6221.0,-0.5638636363636365
6222.0,0.8284931506849316
6223.0,0.8558904109589042
6224.0,0.8284931506849316
6225.0,-0.2939568345323741
6226.0,-1.069268292682927
6227.0,0.8558904109589042
6228.0,0.8558904109589042
6229.0,0.29819444444444443
6230.0,0.85375
6231.0,0.78
6232.0,0.8558904109589042
6233.0,-0.6246153846153848
6234.0,0.734025974025974
6235.0,0.7533333333333333
6236.0,0.5384810126582277
6237.0,0.830945945945946
6238.0,0.369375
6239.0,-0.7487209302325581
6240.0,0.8558904109589041
6241.0,0.8558904109589042
6242.0,0.7266666666666666
6243.0,0.8558904109589043
6244.0,0.336219512195122
6245.0,0.7789393939393939
6246.0,0.8558904109589041
6247.0,0.8558904109589041
6248.0,0.6777631578947368
6249.0,0.09035714285714283
6250.0,-1.1645283018867925
6251.0,0.44560606060606067
6252.0,0.85375
6253.0,0.7498648648648649
6254.0,0.578181818181818
6255.0,-0.6092307692307691
6256.0,0.8558904109589042
6257.0,0.85375
6258.0,0.7148611111111111
6259.0,0.32349206349206355
6260.0,0.8284931506849316
6261.0,0.8039189189189189
6262.0,0.8558904109589042
6263.0,0.55126582278481
6264.0,0.8558904109589041
6265.0,-0.2025
6266.0,-0.09964912280701757
6267.0,0.8558904109589041
6268.0,0.8558904109589041
6269.0,0.8558904109589041
6270.0,0.8697260273972603
6271.0,-0.5540495867768594
6272.0,-1.0176543209876538
6273.0,-0.6703571428571428
6274.0,0.8558904109589042
6275.0,0.8558904109589042
6276.0,-1.0431609195402298
6277.0,0.8558904109589041
6278.0,0.6870833333333333
6279.0,0.8284931506849316
6280.0,0.8039189189189189
6281.0,0.16548780487804876
6282.0,-1.1008333333333338
6283.0,0.857972972972973
6284.0,0.6367123287671234
6285.0,0.8558904109589042
6286.0,0.5683561643835616
6287.0,0.8537500000000001
6288.0,0.6251315789473684
6289.0,0.8558904109589041
6290.0,0.8697260273972603
6291.0,0.8284931506849316
6292.0,-0.688170731707317
6293.0,-0.13802631578947375
6294.0,0.8558904109589041
6295.0,0.6903797468354429
6296.0,0.10426229508196716
6297.0,0.7736986301369863
6298.0,0.22
6299.0,0.8615942028985507
6300.0,0.8558904109589041
6301.0,-0.14773809523809525
6302.0,-0.7445871559633026
6303.0,0.8558904109589042
6304.0,0.8697260273972603
6305.0,-0.9394736842105263
6306.0,0.4977049180327868
6307.0,-0.49227272727272736
6308.0,0.8558904109589042
6309.0,0.7981944444444444
6310.0,0.6367123287671232
6311.0,-1.055909090909091
6312.0,0.13341772151898731
6313.0,0.6417567567567567
6314.0,0.41217391304347833
6315.0,0.8558904109589042
6316.0,0.8558904109589042
6317.0,0.12470588235294117
6318.0,0.8309459459459458
6319.0,0.8284931506849316
6320.0,-0.4038888888888889
6321.0,0.8558904109589042
6322.0,-0.9854819277108432
6323.0,0.7736986301369863
6324.0,0.5336486486486488
6325.0,0.8309459459459458
6326.0,0.5580769230769229
6327.0,0.7799999999999999
6328.0,0.8558904109589042
6329.0,-0.24765306122448985
6330.0,0.16691489361702125
6331.0,0.857972972972973
6332.0,0.7189041095890412
6333.0,0.7981944444444444
6334.0,-1.069741379310345
6335.0,0.5371084337349398
6336.0,0.6199999999999999
6337.0,-0.10011904761904766
6338.0,-1.1909756097560973
6339.0,-1.128059701492537
6340.0,0.803918918918919
6341.0,0.8579729729729729
6342.0,0.025217391304347834
6343.0,0.8558904109589041
6344.0,0.8697260273972603
6345.0,-0.26901785714285714
6346.0,0.5449999999999999
6347.0,-0.15089108910891091
6348.0,0.7799999999999999
6349.0,0.3769354838709677
6350.0,-0.055625000000000036
6351.0,0.6315277777777778
6352.0,0.6730434782608696
6353.0,0.6466666666666666
6354.0,0.04431372549019604
6355.0,0.14888888888888885
6356.0,0.32179775280898876
6357.0,0.7148611111111111
6358.0,0.7704166666666666
6359.0,-0.5961643835616439
6360.0,0.8469565217391304
6361.0,0.803918918918919
6362.0,0.8558904109589041
6363.0,0.37413043478260866
6364.0,-0.9275000000000002
6365.0,0.803918918918919
6366.0,-0.4653333333333335
6367.0,0.4118987341772153
6368.0,0.7768918918918919
6369.0,0.619375
6370.0,0.21564516129032257
6371.0,-1.1028048780487802
6372.0,0.7768918918918918
6373.0,0.85375
6374.0,0.8697260273972603
6375.0,0.7768918918918919
6376.0,-0.82203125
6377.0,0.785735294117647
6378.0,-0.8846280991735538
6379.0,0.15421052631578921
6380.0,0.857972972972973
6381.0,0.3226315789473684
6382.0,0.8445588235294118
6383.0,0.06277777777777778
6384.0,0.6514473684210526
6385.0,0.8558904109589042
6386.0,0.78
6387.0,0.07089743589743597
6388.0,-0.8572839506172838
6389.0,0.8179710144927536
6390.0,0.8558904109589041
6391.0,-1.0590298507462688
6392.0,-0.32244680851063834
6393.0,0.830945945945946
6394.0,0.3184415584415584
6395.0,0.8558904109589042
6396.0,-1.2399999999999998
6397.0,0.7857352941176471
6398.0,0.8697260273972603
6399.0,0.8579729729729729
6400.0,0.8558904109589042
6401.0,0.8558904109589042
6402.0,0.5443749999999999
6403.0,0.8309459459459458
6404.0,0.721168831168831
6405.0,0.8284931506849315
6406.0,0.8558904109589042
6407.0,0.8558904109589041
6408.0,0.803918918918919
6409.0,0.8558904109589042
6410.0,0.8309459459459458
6411.0,-0.19758928571428575
6412.0,-0.5216091954022989
6413.0,0.8558904109589041
6414.0,0.2720481927710844
6415.0,0.8309459459459458
6416.0,-0.13411764705882348
6417.0,-0.6762244897959184
6418.0,0.8284931506849315
6419.0,0.830945945945946
6420.0,0.8309459459459458
6421.0,-0.10479591836734697
6422.0,-0.4227956989247313
6423.0,-1.0597115384615385
6424.0,0.8558904109589041
6425.0,0.7119230769230769
6426.0,0.45135802469135805
6427.0,0.803918918918919
6428.0,0.5637974683544302
6429.0,0.7426388888888888
6430.0,0.801095890410959
6431.0,0.7119230769230768
6432.0,0.830945945945946
6433.0,0.803918918918919
6434.0,0.7799999999999999
6435.0,-0.7831818181818182
6436.0,0.2520212765957447
6437.0,0.7567105263157895
6438.0,0.8284931506849316
6439.0,0.803918918918919
6440.0,0.8309459459459458
6441.0,0.7768918918918918
6442.0,0.8558904109589042
6443.0,0.8309459459459458
6444.0,0.8558904109589041
6445.0,-0.8094444444444445
6446.0,0.7905405405405406
6447.0,-0.11058823529411767
6448.0,-1.0606106870229008
6449.0,0.7
6450.0,0.7768918918918918
6451.0,0.4290140845070423
6452.0,0.4555128205128203
6453.0,0.830945945945946
6454.0,-1.0200925925925926
6455.0,0.7768918918918918
6456.0,0.8697260273972603
6457.0,0.8309459459459458
6458.0,0.8309459459459458
6459.0,0.5606756756756757
6460.0,0.4298717948717949
6461.0,0.8558904109589041
6462.0,0.7040789473684209
6463.0,0.8207142857142855
6464.0,0.8558904109589042
6465.0,-1.073333333333333
6466.0,-0.37333333333333335
6467.0,0.5606756756756757
6468.0,0.7599999999999999
6469.0,0.8558904109589042
6470.0,0.8558904109589041
6471.0,-1.1678846153846154
6472.0,0.8284931506849315
6473.0,0.8537500000000001
6474.0,0.7981944444444444
6475.0,0.857972972972973
6476.0,0.8175675675675675
6477.0,0.7094594594594594
6478.0,0.5336486486486486
6479.0,0.7446153846153846
6480.0,0.7768918918918919
6481.0,0.6867999999999999
6482.0,0.8677777777777779
6483.0,0.803918918918919
6484.0,0.857972972972973
6485.0,0.8697260273972603
6486.0,0.8558904109589042
6487.0,-1.058181818181818
6488.0,-1.0232733812949641
6489.0,0.4625316455696202
6490.0,0.8309459459459458
6491.0,0.8515492957746477
6492.0,0.23701149425287357
6493.0,-1.1104705882352939
6494.0,0.8284931506849315
6495.0,-0.9383173076923078
6496.0,0.8697260273972603
6497.0,-1.146779661016949
6498.0,-1.0218627450980393
6499.0,0.6870833333333334
6500.0,0.7303947368421051
6501.0,0.5877027027027026
6502.0,0.8697260273972603
6503.0,0.7498648648648648
6504.0,-0.6755445544554456
6505.0,0.6432467532467532
6506.0,0.8558904109589042
6507.0,0.704078947368421
6508.0,-1.0002459016393446
6509.0,0.60375
6510.0,-0.08539473684210522
6511.0,-0.912413793103448
6512.0,0.46058139534883696
6513.0,-0.7792857142857144
6514.0,0.8558904109589042
6515.0,-1.0988235294117645
6516.0,0.40948051948051944
6517.0,0.4885185185185185
6518.0,0.569375
6519.0,-0.8286075949367088
6520.0,0.8558904109589042
6521.0,-1.2106666666666672
6522.0,0.6122535211267603
6523.0,0.8537500000000001
6524.0,-0.9216666666666665
6525.0,0.60375
6526.0,0.8558904109589041
6527.0,0.8558904109589042
6528.0,0.5007407407407407
6529.0,-0.901011235955056
6530.0,0.85375
6531.0,-1.2564516129032257
6532.0,0.6558333333333334
6533.0,0.6147297297297297
6534.0,0.8558904109589042
6535.0,0.830945945945946
6536.0,0.8558904109589041
6537.0,0.169375
6538.0,-1.0427835051546392
6539.0,0.7020289855072464
6540.0,0.8558904109589042
6541.0,0.8066666666666666
6542.0,0.8558904109589041
6543.0,-0.6615686274509804
6544.0,-0.046666666666666703
6545.0,0.47590909090909084
6546.0,0.21486111111111114
6547.0,-1.1684615384615389
6548.0,0.8558904109589042
6549.0,0.8284931506849315
6550.0,0.8558904109589042
6551.0,-0.7653906250000002
6552.0,0.830945945945946
6553.0,0.4555128205128203
6554.0,0.6301298701298701
6555.0,0.7463013698630138
6556.0,0.7266666666666666
6557.0,0.85375
6558.0,-0.9917518248175187
6559.0,0.8558904109589041
6560.0,0.857972972972973
6561.0,0.8469565217391304
6562.0,-0.7787096774193548
6563.0,0.7799999999999999
6564.0,0.8558904109589042
6565.0,0.8309459459459458
6566.0,0.44928571428571434
6567.0,0.8066666666666666
6568.0,0.8469565217391304
6569.0,0.3703896103896104
6570.0,0.8284931506849316
6571.0,0.830945945945946
6572.0,0.8558904109589042
6573.0,0.7303947368421052
6574.0,-0.9358333333333336
6575.0,0.8558904109589041
6576.0,0.8284931506849315
6577.0,0.8558904109589041
6578.0,0.857972972972973
6579.0,0.7679365079365078
6580.0,-0.6825000000000001
6581.0,0.5988157894736841
6582.0,-0.12025641025641026
6583.0,0.7
6584.0,-0.7251485148514852
6585.0,-1.3076923076923077
6586.0,0.5748148148148149
6587.0,0.5254320987654322
6588.0,0.857972972972973
6589.0,0.8579729729729729
6590.0,-0.8539240506329113
6591.0,0.0066666666666666385
6592.0,0.6958108108108108
6593.0,0.8697260273972603
6594.0,0.6466666666666666
6595.0,0.029230769230769227
6596.0,0.8558904109589042
6597.0,0.78
6598.0,0.5420930232558139
6599.0,0.5666666666666664
6600.0,-1.0850000000000002
6601.0,0.019146341463414613
6602.0,0.8284931506849316
6603.0,0.8284931506849316
6604.0,0.8284931506849316
6605.0,-1.0013636363636362
6606.0,-0.08328358208955225
6607.0,0.5131645569620251
6608.0,-0.07238636363636367
6609.0,-0.6208823529411764
6610.0,-0.5033333333333333
6611.0,0.16536842105263155
6612.0,0.6777631578947367
6613.0,0.78
6614.0,0.803918918918919
6615.0,0.7699999999999999
6616.0,-0.12666666666666668
6617.0,0.43333333333333335
6618.0,0.11670731707317071
6619.0,0.8515492957746477
6620.0,0.5606756756756756
6621.0,0.8558904109589041
6622.0,-0.9332773109243695
6623.0,-0.5345736434108527
6624.0,-1.210666666666667
6625.0,-0.6410152284263958
6626.0,-0.335959595959596
6627.0,0.8697260273972603
6628.0,-0.3515107913669065
6629.0,-0.37829787234042556
6630.0,0.21833333333333335
6631.0,-1.0529251700680273
6632.0,0.7789393939393939
6633.0,0.7266666666666667
6634.0,-0.6691338582677168
6635.0,0.8558904109589041
6636.0,-1.077837837837838
6637.0,-1.1684615384615389
6638.0,0.7981944444444444
6639.0,0.8558904109589042
6640.0,-0.9685714285714285
6641.0,-0.24833333333333332
6642.0,0.8207142857142857
6643.0,-1.0655208333333333
6644.0,-0.8547540983606559
6645.0,0.8537500000000001
6646.0,0.8179710144927534
6647.0,-1.1827083333333333
6648.0,-1.3325925925925928
6649.0,-0.550344827586207
6650.0,0.6958108108108109
6651.0,-1.0983333333333334
6652.0,0.85375
6653.0,0.6199999999999999
6654.0,0.8558904109589042
6655.0,0.8039189189189189
6656.0,0.6199999999999999
6657.0,0.8697260273972603
6658.0,0.10337349397590359
6659.0,0.61546875
6660.0,-0.29900000000000015
6661.0,0.8515492957746478
6662.0,0.7498648648648649
6663.0,0.8558904109589041
6664.0,-0.5698969072164949
6665.0,0.7567105263157895
6666.0,0.5271232876712328
6667.0,-0.167536231884058
6668.0,0.8558904109589041
6669.0,0.8558904109589042
6670.0,0.7486363636363635
6671.0,0.5069512195121951
6672.0,0.8092424242424242
6673.0,0.8066666666666666
6674.0,0.8558904109589042
6675.0,0.830945945945946
6676.0,0.47130952380952384
6677.0,0.8309459459459458
6678.0,0.857972972972973
6679.0,-1.349130434782609
6680.0,0.830945945945946
6681.0,0.857972972972973
6682.0,0.8558904109589042
6683.0,0.5443749999999999
6684.0,0.4968421052631579
6685.0,-1.11012987012987
6686.0,0.8309459459459458
6687.0,0.7340259740259739
6688.0,-1.0671276595744679
6689.0,-0.6083035714285714
6690.0,0.7340259740259739
6691.0,0.8259722222222223
6692.0,0.8558904109589041
6693.0,0.8558904109589042
6694.0,0.3979310344827585
6695.0,0.8558904109589042
6696.0,0.8579729729729729
6697.0,0.8579729729729729
6698.0,0.8558904109589042
6699.0,0.8558904109589041
6700.0,-0.013684210526315802
6701.0,0.8309459459459458
6702.0,0.8558904109589042
6703.0,0.8558904109589041
6704.0,-0.48139534883720936
6705.0,-1.061917808219178
6706.0,0.552207792207792
6707.0,0.35294871794871796
6708.0,0.06808080808080809
6709.0,-1.0773493975903612
6710.0,0.11959999999999983
6711.0,0.12513157894736845
6712.0,0.8558904109589042
6713.0,0.7340259740259739
6714.0,0.8309459459459458
6715.0,-0.2644565217391305
6716.0,-1.0603883495145632
6717.0,-0.6085064935064933
6718.0,0.4391358024691357
6719.0,-1.0733333333333333
6720.0,0.76
6721.0,0.6315277777777778
6722.0,0.735
6723.0,-1.2329411764705882
6724.0,0.7463013698630137
6725.0,0.6251315789473683
6726.0,0.830945945945946
6727.0,0.8579729729729729
6728.0,0.8558904109589042
6729.0,0.857972972972973
6730.0,0.27204819277108433
6731.0,0.8066666666666665
6732.0,0.6514473684210526
6733.0,-0.951065573770492
6734.0,0.6593055555555556
6735.0,0.7533333333333333
6736.0,0.8423287671232877
6737.0,-0.8538211382113823
6738.0,0.8309459459459458
6739.0,0.5820338983050848
6740.0,0.8697260273972603
6741.0,0.7498648648648649
6742.0,0.682077922077922
6743.0,0.7905405405405406
6744.0,-0.30250000000000005
6745.0,0.801095890410959
6746.0,-0.17999999999999994
6747.0,0.8039189189189189
6748.0,-1.2132432432432434
6749.0,-0.2969620253164558
6750.0,0.30000000000000004
6751.0,-0.26469135802469135
6752.0,0.28573529411764703
6753.0,0.6514473684210526
6754.0,-1.0313385826771655
6755.0,0.8558904109589041
6756.0,0.722837837837838
6757.0,0.8284931506849316
6758.0,0.7080519480519479
6759.0,0.8558904109589042
6760.0,0.8558904109589042
6761.0,0.8309459459459458
6762.0,-0.8226612903225807
6763.0,-0.24833333333333332
6764.0,0.7635714285714285
6765.0,-0.74
6766.0,0.7875342465753425
6767.0,0.6733333333333332
6768.0,0.33712765957446805
6769.0,0.6777631578947367
6770.0,-0.7946874999999999
6771.0,0.09231707317073168
6772.0,0.7736986301369864
6773.0,-0.10011904761904762
6774.0,0.8697260273972603
6775.0,0.17032608695652174
6776.0,0.8579729729729729
6777.0,-0.41310344827586226
6778.0,0.8010958904109589
6779.0,0.830945945945946
6780.0,0.7600000000000001
6781.0,0.5416901408450704
6782.0,0.8066666666666666
6783.0,0.6680882352941175
6784.0,-0.594591836734694
6785.0,0.13662337662337662
6786.0,0.8697260273972603
6787.0,0.801095890410959
6788.0,0.8558904109589041
6789.0,0.803918918918919
6790.0,0.8309459459459458
6791.0,0.2479518072289157
6792.0,0.8558904109589042
6793.0,-1.0884615384615386
6794.0,-0.119746835443038
6795.0,0.7927868852459017
6796.0,0.8515492957746477
6797.0,0.8579729729729729
6798.0,0.7148611111111111
6799.0,-0.7040740740740743
6800.0,0.1485869565217391
6801.0,0.857972972972973
6802.0,-0.9620588235294119
6803.0,0.7463013698630137
6804.0,0.5271232876712328
6805.0,-0.684148936170213
6806.0,0.8259722222222223
6807.0,0.8558904109589042
6808.0,0.5324358974358973
6809.0,0.8515492957746479
6810.0,-1.0821052631578947
6811.0,0.8697260273972603
6812.0,-0.6906578947368421
6813.0,0.8207142857142857
6814.0,0.6733333333333333
6815.0,0.7704166666666666
6816.0,-0.7655474452554745
6817.0,0.8697260273972603
6818.0,0.830945945945946
6819.0,0.5988157894736842
6820.0,-0.7416891891891892
6821.0,-0.8895327102803737
6822.0,0.7799999999999999
6823.0,0.6915068493150683
6824.0,0.8558904109589042
6825.0,0.2760256410256411
6826.0,0.8558904109589042
6827.0,0.8558904109589042
6828.0,0.8558904109589042
6829.0,0.830945945945946
6830.0,0.8579729729729729
6831.0,0.8558904109589041
6832.0,0.2503846153846154
6833.0,0.8175675675675675
6834.0,-1.0652941176470587
6835.0,0.8233802816901408
6836.0,-0.8935714285714287
6837.0,0.3367045454545455
6838.0,0.8579729729729729
6839.0,-0.31526881720430106
6840.0,0.28718750000000004
6841.0,0.8558904109589041
6842.0,0.830945945945946
6843.0,0.8309459459459461
6844.0,-1.0923076923076924
6845.0,-0.4162820512820512
6846.0,0.7768918918918918
6847.0,-1.151111111111111
6848.0,0.5853012048192772
6849.0,-1.1041975308641976
6850.0,0.8558904109589041
6851.0,0.44493150684931504
6852.0,0.85375
6853.0,0.8193220338983053
6854.0,0.830945945945946
6855.0,-1.0975581395348835
6856.0,0.13662337662337656
6857.0,0.8492857142857142
6858.0,-1.0683582089552235
6859.0,0.8558904109589041
6860.0,0.85375
6861.0,0.8558904109589042
6862.0,0.8579729729729729
6863.0,-0.8441666666666665
6864.0,0.830945945945946
6865.0,0.8309459459459458
6866.0,-1.0051296829971181
6867.0,-0.9093037974683545
6868.0,-0.9605387205387205
6869.0,0.8579729729729729
6870.0,-1.0071232876712326
6871.0,0.7426388888888888
6872.0,0.8558904109589041
6873.0,0.6777631578947367
6874.0,0.8558904109589042
6875.0,0.8039189189189189
6876.0,0.6593055555555556
6877.0,-0.12429752066115701
6878.0,0.7064285714285715
6879.0,-0.348173076923077
6880.0,0.8558904109589043
6881.0,0.10772727272727271
6882.0,-0.9036363636363636
6883.0,0.6417567567567568
6884.0,0.8558904109589042
6885.0,0.25438202247191005
6886.0,0.8515492957746479
6887.0,0.8558904109589041
6888.0,-1.2419047619047618
6889.0,0.6584374999999999
6890.0,0.8039189189189189
6891.0,0.6733333333333332
6892.0,0.7388732394366198
6893.0,0.857972972972973
6894.0,0.8039189189189189
6895.0,0.7768918918918918
6896.0,0.830945945945946
6897.0,0.45551282051282044
6898.0,0.8558904109589042
6899.0,0.8284931506849316
6900.0,-0.8780000000000004
6901.0,0.7768918918918919
6902.0,0.830945945945946
6903.0,0.8492857142857142
6904.0,0.8233802816901407
6905.0,-0.01232142857142863
6906.0,0.7138461538461538
6907.0,-0.14322580645161295
6908.0,0.8558904109589042
6909.0,0.801095890410959
6910.0,0.7704166666666666
6911.0,0.3533333333333334
6912.0,0.803918918918919
6913.0,-0.5828205128205127
6914.0,0.7020289855072464
6915.0,0.7635714285714285
6916.0,0.7228378378378378
6917.0,0.7107042253521125
6918.0,0.8579729729729729
6919.0,0.8579729729729729
6920.0,0.6514473684210526
6921.0,0.3188235294117647
6922.0,-0.3766279069767441
6923.0,-0.879344262295082
6924.0,0.18405063291139237
6925.0,0.7996825396825397
6926.0,-0.2227586206896552
6927.0,0.8558904109589041
6928.0,0.8558904109589041
6929.0,0.8697260273972603
6930.0,-0.280625
6931.0,0.8558904109589041
6932.0,0.8558904109589041
6933.0,0.5606756756756757
6934.0,0.8558904109589042
6935.0,0.6514473684210526
6936.0,0.40666666666666673
6937.0,-1.2754545454545456
6938.0,0.8445945945945946
6939.0,0.857972972972973
6940.0,0.8309459459459458
6941.0,0.8558904109589041
6942.0,0.7463013698630138
6943.0,0.8558904109589041
6944.0,0.801095890410959
6945.0,0.8558904109589041
6946.0,0.8558904109589041
6947.0,0.24055555555555558
6948.0,-0.3062650602409639
6949.0,0.8515492957746478
6950.0,-0.423139534883721
6951.0,0.01765306122448978
6952.0,-0.9240277777777778
6953.0,-0.668921568627451
6954.0,0.8309459459459458
6955.0,0.3149450549450549
6956.0,0.4649180327868853
6957.0,0.8697260273972603
6958.0,0.857972972972973
6959.0,0.8579729729729729
6960.0,0.6910526315789474
6961.0,0.8284931506849316
6962.0,-0.38566929133858274
6963.0,0.5934920634920635
6964.0,0.656103896103896
6965.0,0.704078947368421
6966.0,0.857972972972973
6967.0,0.29629629629629617
6968.0,0.8066666666666665
6969.0,-1.03625
6970.0,0.7266666666666667
6971.0,0.44831168831168816
6972.0,0.67796875
6973.0,0.8697260273972603
6974.0,0.8492857142857142
6975.0,-1.2564516129032262
6976.0,0.7736986301369864
6977.0,0.857972972972973
6978.0,-0.6509848484848485
6979.0,0.4298717948717947
6980.0,0.2538271604938272
6981.0,0.6251315789473684
6982.0,-0.06911392405063294
6983.0,0.8558904109589042
6984.0,0.8579729729729729
6985.0,0.8579729729729729
6986.0,0.1282432432432432
6987.0,0.05999999999999996
6988.0,0.527123287671233
6989.0,0.8697260273972603
6990.0,-1.0311392405063293
6991.0,0.5666666666666665
6992.0,0.08196969696969697
6993.0,0.7981944444444444
6994.0,0.8579729729729729
6995.0,0.425813953488372
6996.0,-0.33677419354838717
6997.0,0.32845238095238094
6998.0,0.6687837837837837
6999.0,0.8309459459459458
7000.0,-0.38627659574468093
7001.0,0.7226865671641791
7002.0,-0.8420338983050848
7003.0,0.7498648648648649
7004.0,0.8558904109589042
7005.0,0.8558904109589041
7006.0,-1.00453488372093
7007.0,-0.05450000000000026
7008.0,-0.2153086419753087
7009.0,0.8558904109589041
7010.0,-1.0182258064516128
7011.0,0.3533333333333334
7012.0,0.7080519480519479
7013.0,-1.244615384615385
7014.0,0.18857142857142858
7015.0,0.8259722222222222
7016.0,0.8558904109589042
7017.0,0.26
7018.0,0.5837179487179486
7019.0,0.8697260273972603
7020.0,0.4866666666666667
7021.0,0.6514473684210526
7022.0,0.5995061728395062
7023.0,-1.0894623655913978
7024.0,0.830945945945946
7025.0,0.735
7026.0,0.35722222222222216
7027.0,-1.175
7028.0,0.8558904109589042
7029.0,0.8579729729729729
7030.0,0.8309459459459458
7031.0,0.830945945945946
7032.0,0.85375
7033.0,0.857972972972973
7034.0,0.8558904109589042
7035.0,0.8697260273972603
7036.0,0.8558904109589041
7037.0,0.8697260273972603
7038.0,-0.5482706766917294
7039.0,-0.9961576354679802
7040.0,0.7040789473684209
7041.0,-0.06552083333333332
7042.0,0.7799999999999999
7043.0,0.8558904109589042
7044.0,-0.14250000000000007
7045.0,0.857972972972973
7046.0,0.4525675675675675
7047.0,0.5443749999999999
7048.0,0.8558904109589042
7049.0,0.7599999999999999
7050.0,0.8697260273972603
7051.0,0.3184415584415584
7052.0,0.8558904109589042
7053.0,0.8039189189189189
7054.0,0.8066666666666665
7055.0,0.8558904109589041
7056.0,-0.423453237410072
7057.0,0.8579729729729729
7058.0,0.857972972972973
7059.0,0.8284931506849316
7060.0,0.6777631578947367
7061.0,0.8579729729729729
7062.0,0.7599999999999999
7063.0,0.3800000000000001
7064.0,0.8579729729729729
7065.0,0.7670422535211266
7066.0,0.830945945945946
7067.0,0.7303947368421052
7068.0,0.8558904109589042
7069.0,0.8515492957746478
7070.0,-0.41368421052631593
7071.0,0.7699999999999999
7072.0,0.7830263157894737
7073.0,0.5254320987654322
7074.0,0.8697260273972603
7075.0,0.5382258064516129
7076.0,-0.5417857142857142
7077.0,0.3129411764705883
7078.0,0.67796875
7079.0,0.5071428571428571
7080.0,0.5262337662337662
7081.0,0.7498648648648648
7082.0,0.8066666666666665
7083.0,0.8579729729729729
7084.0,-0.28494382022471915
7085.0,-0.8756589147286823
7086.0,0.6041558441558442
7087.0,-0.5160952380952382
7088.0,-1.0866666666666664
7089.0,0.1694444444444444
7090.0,0.669220779220779
7091.0,-1.0450595238095237
7092.0,-0.9360227272727273
7093.0,0.8579729729729729
7094.0,-0.2856862745098039
7095.0,0.8558904109589041
7096.0,0.8284931506849316
7097.0,0.08278481012658226
7098.0,0.7533333333333332
7099.0,0.857972972972973
7100.0,0.8558904109589042
7101.0,0.7533333333333333
7102.0,0.11333333333333336
7103.0,0.7601369863013699
7104.0,0.8558904109589041
7105.0,0.7736986301369863
7106.0,0.3835294117647059
7107.0,0.41624999999999995
7108.0,0.85375
7109.0,-1.1014457831325302
7110.0,0.24055555555555558
7111.0,0.390813953488372
7112.0,-0.8158293838862558
7113.0,-0.7700000000000001
7114.0,-0.1904504504504504
7115.0,0.803918918918919
7116.0,0.7303947368421052
7117.0,0.6730434782608695
7118.0,0.8558904109589041
7119.0,0.3572222222222222
7120.0,-0.22828124999999996
7121.0,0.857972972972973
7122.0,0.8010958904109589
7123.0,0.6315277777777778
7124.0,0.7768918918918919
7125.0,0.7
7126.0,0.830945945945946
7127.0,0.8697260273972603
7128.0,0.828548387096774
7129.0,0.8697260273972603
7130.0,0.8697260273972603
7131.0,0.7533333333333332
7132.0,0.857972972972973
7133.0,0.8558904109589041
7134.0,0.8579729729729729
7135.0,-0.569741379310345
7136.0,0.6466666666666666
7137.0,-0.02611111111111114
7138.0,0.8697260273972603
7139.0,-0.6715476190476191
7140.0,-1.1551785714285714
7141.0,0.8579729729729729
7142.0,0.8558904109589042
7143.0,0.01657894736842108
7144.0,-1.687538997430238e-16
7145.0,0.8558904109589041
7146.0,0.8558904109589042
7147.0,0.857972972972973
7148.0,0.8284931506849315
7149.0,-0.7108737864077669
7150.0,0.8697260273972603
7151.0,-1.0100000000000002
7152.0,0.803918918918919
7153.0,0.8309459459459458
7154.0,0.6093589743589742
7155.0,0.6910526315789474
7156.0,-1.0023809523809526
7157.0,0.6397468354430379
7158.0,0.469375
7159.0,0.8558904109589041
7160.0,0.3558333333333333
7161.0,0.857972972972973
7162.0,0.8697260273972603
7163.0,0.78
7164.0,0.29631578947368425
7165.0,-1.210416666666667
7166.0,0.5384810126582278
7167.0,-1.1581818181818182
7168.0,0.8309459459459458
7169.0,0.857972972972973
7170.0,-0.3281147540983607
7171.0,0.5070930232558137
7172.0,0.85375
7173.0,0.8558904109589041
7174.0,0.8558904109589042
7175.0,0.8558904109589041
7176.0,0.7567105263157895
7177.0,0.2868817204301075
7178.0,0.8309459459459458
7179.0,0.8309459459459458
7180.0,-0.6409890109890111
7181.0,0.5443749999999999
7182.0,-0.9761111111111112
7183.0,-0.9627722772277227
7184.0,0.8579729729729729
7185.0,0.352948717948718
7186.0,0.857972972972973
7187.0,-0.12172043010752692
7188.0,-0.11654320987654321
7189.0,0.8579729729729729
7190.0,0.8558904109589042
7191.0,0.8558904109589041
7192.0,0.8579729729729729
7193.0,0.42369047619047623
7194.0,0.6199999999999999
7195.0,0.8697260273972603
7196.0,-0.7605223880597015
7197.0,-0.3771428571428571
7198.0,0.8558904109589041
7199.0,0.8558904109589041
7200.0,-0.8137704918032788
7201.0,0.5580769230769231
7202.0,0.6733333333333333
7203.0,-1.2142857142857146
7204.0,0.1514473684210526
7205.0,-0.8251449275362319
7206.0,0.830945945945946
7207.0,0.803918918918919
7208.0,0.8697260273972603
7209.0,0.7768918918918919
7210.0,-1.005243902439024
7211.0,0.85375
7212.0,0.8558904109589041
7213.0,0.8175675675675674
7214.0,-0.6137864077669903
7215.0,-1.1458490566037736
7216.0,-0.5623684210526317
7217.0,0.7768918918918918
7218.0,0.8558904109589041
7219.0,-0.3725757575757575
7220.0,0.6251315789473683
7221.0,0.7857352941176471
7222.0,0.7156962025316453
7223.0,-0.7851388888888889
7224.0,-1.105625
7225.0,0.8445945945945946
7226.0,0.03925531914893618
7227.0,-0.3534259259259259
7228.0,0.36597826086956514
7229.0,0.36357142857142855
7230.0,-0.8935714285714287
7231.0,0.857972972972973
7232.0,0.7803225806451614
7233.0,-0.29882352941176465
7234.0,0.8558904109589041
7235.0,0.6041558441558441
7236.0,0.857972972972973
7237.0,-0.2476530612244898
7238.0,0.8579729729729729
7239.0,0.7303947368421051
7240.0,0.8284931506849316
7241.0,-0.16129629629629635
7242.0,0.8558904109589042
7243.0,0.8697260273972603
7244.0,-0.4668041237113402
7245.0,0.6466666666666666
7246.0,0.19749999999999995
7247.0,0.10943181818181817
7248.0,0.4483116883116883
7249.0,0.8284931506849315
7250.0,0.7498648648648648
7251.0,0.8579729729729729
7252.0,0.830945945945946
7253.0,0.85375
7254.0,0.6561038961038961
7255.0,0.8309459459459458
7256.0,0.85375
7257.0,0.17975308641975307
7258.0,0.8039189189189189
7259.0,0.6579591836734693
7260.0,0.8284931506849315
7261.0,0.803918918918919
7262.0,0.7830263157894736
7263.0,-1.0183333333333338
7264.0,-1.0639436619718308
7265.0,0.7327397260273973
7266.0,0.8515492957746477
7267.0,0.5837179487179487
7268.0,0.85375
7269.0,-0.3414150943396227
7270.0,-0.7285057471264368
7271.0,-0.23709302325581397
7272.0,0.8309459459459458
7273.0,0.8039189189189189
7274.0,0.8697260273972603
7275.0,0.04618421052631577
7276.0,0.8558904109589041
7277.0,-1.119620253164557
7278.0,-0.2057575757575758
7279.0,0.7736986301369863
7280.0,0.8284931506849316
7281.0,0.85375
7282.0,0.34571428571428564
7283.0,0.803918918918919
7284.0,0.8284931506849316
7285.0,0.5128735632183907
7286.0,0.830945945945946
7287.0,0.8697260273972603
7288.0,0.8558904109589041
7289.0,0.8697260273972603
7290.0,0.14596491228070174
7291.0,-0.6632954545454545
7292.0,0.8066666666666666
7293.0,-0.14561224489795924
7294.0,0.664109589041096
7295.0,0.3259722222222223
7296.0,0.857972972972973
7297.0,0.8558904109589041
7298.0,0.8558904109589042
7299.0,-0.7353211009174311
7300.0,0.7040789473684209
7301.0,0.830945945945946
7302.0,-0.7091358024691358
7303.0,0.7704166666666666
7304.0,0.8697260273972603
7305.0,0.830945945945946
7306.0,0.857972972972973
7307.0,0.8558904109589042
7308.0,-1.0664462809917357
7309.0,0.76
7310.0,0.857972972972973
7311.0,-0.10263736263736266
7312.0,0.8175675675675675
7313.0,0.857972972972973
7314.0,0.8579729729729729
7315.0,-1.061078431372549
7316.0,-0.5042045454545455
7317.0,0.7228378378378377
7318.0,0.635142857142857
7319.0,0.597121212121212
7320.0,0.8579729729729729
7321.0,0.1395238095238093
7322.0,0.5189285714285714
7323.0,0.857972972972973
7324.0,-1.0971428571428572
7325.0,0.8558904109589041
7326.0,0.7498648648648649
7327.0,-0.8342028985507246
7328.0,0.857972972972973
7329.0,0.46723684210526306
7330.0,0.7303947368421051
7331.0,0.801095890410959
7332.0,0.8039189189189189
7333.0,0.857972972972973
7334.0,0.3963636363636364
7335.0,0.8697260273972603
7336.0,0.8558904109589041
7337.0,0.7830263157894737
7338.0,-1.136825396825397
7339.0,0.597121212121212
7340.0,0.8558904109589042
7341.0,-0.6685714285714285
7342.0,0.830945945945946
7343.0,0.10615384615384614
7344.0,0.8233802816901407
7345.0,0.857972972972973
7346.0,0.857972972972973
7347.0,0.8309459459459458
7348.0,0.44831168831168816
7349.0,0.857972972972973
7350.0,0.8284931506849316
7351.0,0.3627397260273973
7352.0,0.44092105263157894
7353.0,0.5193749999999999
7354.0,0.8558904109589042
7355.0,0.5781818181818181
7356.0,0.7934666666666665
7357.0,0.29457446808510646
7358.0,0.6093589743589742
7359.0,0.09333333333333332
7360.0,0.718904109589041
7361.0,0.8558904109589041
7362.0,0.8423287671232877
7363.0,0.8284931506849316
7364.0,0.8558904109589042
7365.0,-0.48731182795698924
7366.0,-0.047065217391304336
7367.0,0.8579729729729729
7368.0,0.8066666666666666
7369.0,0.8558904109589042
7370.0,0.8558904109589041
7371.0,0.7905405405405406
7372.0,-0.9576870748299322
7373.0,0.7303947368421052
7374.0,0.8309459459459458
7375.0,-1.0975581395348835
7376.0,0.4255405405405405
7377.0,-1.2417647058823533
7378.0,-0.3988541666666667
7379.0,-1.2516666666666667
7380.0,0.8697260273972603
7381.0,-0.9358333333333335
7382.0,0.8558904109589041
7383.0,0.8579729729729729
7384.0,0.8579729729729729
7385.0,0.8309459459459458
7386.0,0.8558904109589041
7387.0,0.8309459459459458
7388.0,-0.1698245614035088
7389.0,0.830945945945946
7390.0,0.857972972972973
7391.0,0.8395454545454545
7392.0,0.8558904109589042
7393.0,0.830945945945946
7394.0,0.7498648648648648
7395.0,-1.1008333333333338
7396.0,0.830945945945946
7397.0,0.8284931506849315
7398.0,0.857972972972973
7399.0,0.3865822784810126
7400.0,-0.048035714285714314
7401.0,0.38658227848101273
7402.0,0.8558904109589042
7403.0,-0.3393589743589745
7404.0,0.857972972972973
7405.0,0.8309459459459458
7406.0,-0.6798148148148145
7407.0,0.857972972972973
7408.0,-0.255909090909091
7409.0,0.8579729729729729
7410.0,0.8558904109589042
7411.0,0.3443373493975903
7412.0,0.8579729729729729
7413.0,0.8233802816901407
7414.0,0.2871739130434782
7415.0,-0.15586538461538463
7416.0,0.019868421052631622
7417.0,0.44092105263157894
7418.0,0.8558904109589041
7419.0,-1.0590298507462688
7420.0,0.785735294117647
7421.0,0.8558904109589041
7422.0,-0.1848529411764706
7423.0,0.8697260273972603
7424.0,0.5416901408450704
7425.0,-0.16329545454545458
7426.0,0.8697260273972603
7427.0,0.8697260273972603
7428.0,0.7921428571428569
7429.0,0.8558904109589041
7430.0,0.830945945945946
7431.0,0.8558904109589041
7432.0,0.8558904109589042
7433.0,0.8558904109589042
7434.0,0.830945945945946
7435.0,0.578181818181818
7436.0,0.857972972972973
7437.0,0.8558904109589041
7438.0,0.7310144927536231
7439.0,0.8558904109589041
7440.0,-1.1612962962962963
7441.0,0.8558904109589042
7442.0,0.42554054054054063
7443.0,-0.06456140350877199
7444.0,0.830945945945946
7445.0,0.7327397260273973
7446.0,0.7815517241379311
7447.0,0.8284931506849316
7448.0,0.8309459459459458
7449.0,-1.056455696202531
7450.0,0.857972972972973
7451.0,0.803918918918919
7452.0,0.8558904109589041
7453.0,0.7768918918918919
7454.0,0.5198684210526315
7455.0,-0.40755319148936187
7456.0,-0.5436448598130843
7457.0,0.552207792207792
7458.0,0.803918918918919
7459.0,0.8579729729729729
7460.0,-0.6785593220338983
7461.0,0.46833333333333327
7462.0,-1.22125
7463.0,0.8579729729729729
7464.0,0.6301298701298701
7465.0,0.8558904109589042
7466.0,0.45402985074626867
7467.0,-0.6556249999999999
7468.0,0.803918918918919
7469.0,0.8066666666666666
7470.0,0.4042307692307692
7471.0,0.8558904109589041
7472.0,-0.9578571428571427
7473.0,-0.19045045045045056
7474.0,-0.8740909090909091
7475.0,0.8579729729729729
7476.0,0.7768918918918919
7477.0,0.7981944444444444
7478.0,0.803918918918919
7479.0,0.8579729729729729
7480.0,0.803918918918919
7481.0,0.8066666666666666
7482.0,0.8309459459459458
7483.0,0.7498648648648648
7484.0,0.8579729729729729
7485.0,0.7567105263157895
7486.0,0.8697260273972603
7487.0,0.8122222222222223
7488.0,0.8309459459459458
7489.0,-0.6767088607594935
7490.0,0.8066666666666666
7491.0,0.8579729729729729
7492.0,0.8579729729729729
7493.0,0.5204166666666666
7494.0,0.567017543859649
7495.0,0.85375
7496.0,0.8579729729729729
7497.0,0.1644943820224719
7498.0,-0.5346428571428573
7499.0,-1.122987012987013
7500.0,0.8558904109589041
7501.0,0.8697260273972603
7502.0,0.8697260273972603
7503.0,0.8233802816901407
7504.0,0.1391208791208791
7505.0,0.8558904109589042
7506.0,-0.36637362637362647
7507.0,-0.19089285714285714
7508.0,0.8697260273972603
7509.0,0.8697260273972603
7510.0,0.8122222222222223
7511.0,0.8558904109589042
7512.0,0.3202409638554217
7513.0,0.8558904109589041
7514.0,-0.7300793650793651
7515.0,0.857972972972973
7516.0,0.803918918918919
7517.0,0.7533333333333333
7518.0,-0.5299159663865547
7519.0,0.8558904109589042
7520.0,0.8039189189189189
7521.0,0.857972972972973
7522.0,0.8558904109589041
7523.0,0.78
7524.0,0.5145454545454544
7525.0,0.8309459459459458
7526.0,0.6144303797468353
7527.0,0.8579729729729729
7528.0,-0.6501709401709402
7529.0,0.8579729729729729
7530.0,0.20034090909090907
7531.0,-1.0045348837209298
7532.0,0.8579729729729729
7533.0,0.5198684210526315
7534.0,0.8697260273972603
7535.0,0.8579729729729729
7536.0,0.7498648648648648
7537.0,0.7736986301369864
7538.0,0.8697260273972603
7539.0,0.857972972972973
7540.0,0.6778571428571428
7541.0,0.78
7542.0,0.8697260273972603
7543.0,0.6093975903614457
7544.0,0.8284931506849316
7545.0,0.8066666666666665
7546.0,-1.0998484848484849
7547.0,0.8579729729729729
7548.0,-0.46772277227722775
7549.0,0.830945945945946
7550.0,-1.191086956521739
7551.0,0.8558904109589041
7552.0,0.857972972972973
7553.0,0.2924675324675325
7554.0,0.604155844155844
7555.0,-0.47437500000000005
7556.0,-0.8153424657534246
7557.0,0.8558904109589041
7558.0,-0.33574468085106385
7559.0,0.704078947368421
7560.0,-0.23166666666666677
7561.0,0.857972972972973
7562.0,0.8309459459459458
7563.0,0.4483116883116883
7564.0,0.8010958904109589
7565.0,-0.6671523178807948
7566.0,-0.3976190476190477
7567.0,0.6093150684931508
7568.0,0.8579729729729729
7569.0,-0.6864285714285714
7570.0,-0.4393243243243243
7571.0,0.5002597402597401
7572.0,-0.6955084745762714
7573.0,0.8558904109589042
7574.0,-0.39853658536585357
7575.0,0.734025974025974
7576.0,-0.26739726027397254
7577.0,0.8579729729729729
7578.0,0.8697260273972603
7579.0,0.8697260273972603
7580.0,0.6777631578947368
7581.0,0.8579729729729729
7582.0,0.6466666666666666
7583.0,-0.3387903225806452
7584.0,0.682077922077922
7585.0,0.6870833333333333
7586.0,0.8697260273972603
7587.0,0.8579729729729729
7588.0,0.3259722222222222
7589.0,-0.018481012658227835
7590.0,0.6951948051948051
7591.0,0.8579729729729729
7592.0,0.857972972972973
7593.0,-0.43473684210526325
7594.0,0.6147297297297296
7595.0,0.558076923076923
7596.0,0.38152777777777774
7597.0,-0.5443478260869565
7598.0,0.7040789473684209
7599.0,0.6862820512820512
7600.0,0.6274242424242423
7601.0,0.31844155844155847
7602.0,0.5324358974358974
7603.0,0.8579729729729729
7604.0,-1.1167123287671232
7605.0,0.8697260273972603
7606.0,0.8579729729729729
7607.0,0.857972972972973
7608.0,0.803918918918919
7609.0,0.857972972972973
7610.0,0.8697260273972603
7611.0,0.35294871794871796
7612.0,0.6315277777777778
7613.0,0.6958108108108108
7614.0,-0.9373140495867767
7615.0,0.803918918918919
7616.0,0.8558904109589042
7617.0,0.45135802469135805
7618.0,0.830945945945946
7619.0,0.8579729729729729
7620.0,0.28016129032258064
7621.0,0.8697260273972603
7622.0,-0.03952830188679244
7623.0,0.8558904109589042
7624.0,0.8579729729729729
7625.0,0.8066666666666665
7626.0,0.6349999999999999
7627.0,0.8558904109589042
7628.0,-1.1025274725274723
7629.0,0.5443749999999999
7630.0,0.8010958904109589
7631.0,0.8558904109589041
7632.0,0.7303947368421051
7633.0,0.8697260273972603
7634.0,0.8558904109589042
7635.0,0.8558904109589042
7636.0,0.8697260273972603
7637.0,0.8558904109589041
7638.0,0.8492857142857141
7639.0,0.6535294117647057
7640.0,0.8579729729729729
7641.0,-1.1085897435897436
7642.0,-1.14948275862069
7643.0,0.8558904109589042
7644.0,0.8579729729729729
7645.0,0.7533333333333332
7646.0,0.801095890410959
7647.0,-0.09148514851485154
7648.0,0.8309459459459458
7649.0,0.8259722222222222
7650.0,-0.4536752136752137
7651.0,0.8284931506849316
7652.0,0.803918918918919
7653.0,0.6915068493150686
7654.0,0.8697260273972603
7655.0,-0.0451948051948052
7656.0,0.8558904109589041
7657.0,0.8284931506849316
7658.0,0.8309459459459458
7659.0,0.6417567567567568
7660.0,0.6561038961038959
7661.0,0.8579729729729729
7662.0,0.28897435897435897
7663.0,0.8066666666666665
7664.0,0.8579729729729729
7665.0,0.857972972972973
7666.0,0.8309459459459458
7667.0,-1.0185087719298245
7668.0,-0.25420454545454546
7669.0,-1.1467796610169492
7670.0,0.8697260273972603
7671.0,0.7080519480519479
7672.0,0.8697260273972603
7673.0,0.8558904109589042
7674.0,0.8579729729729729
7675.0,-0.9309090909090915
7676.0,0.0068354430379746955
7677.0,0.8558904109589041
7678.0,0.8697260273972603
7679.0,0.8579729729729729
7680.0,0.8558904109589042
7681.0,-0.9004761904761907
7682.0,0.8558904109589042
7683.0,0.801095890410959
7684.0,0.15527027027027032
7685.0,0.8579729729729729
7686.0,-0.7594117647058826
7687.0,0.7533333333333332
7688.0,0.8558904109589041
7689.0,-0.7760000000000001
7690.0,0.7768918918918919
7691.0,-0.9697297297297298
7692.0,0.830945945945946
7693.0,0.8558904109589041
7694.0,0.8579729729729729
7695.0,0.8579729729729729
7696.0,0.8558904109589041
7697.0,0.8284931506849315
7698.0,0.38318840579710134
7699.0,0.8579729729729729
7700.0,0.8558904109589041
7701.0,0.3532558139534884
7702.0,0.8558904109589041
7703.0,0.8697260273972603
7704.0,0.857972972972973
7705.0,0.5637974683544302
7706.0,0.830945945945946
7707.0,0.5666666666666665
7708.0,0.8697260273972603
7709.0,0.49437499999999995
7710.0,0.8558904109589041
7711.0,0.7266666666666667
7712.0,-1.0547321428571428
7713.0,0.7533333333333333
7714.0,0.0071910112359550625
7715.0,0.857972972972973
7716.0,0.8558904109589041
7717.0,0.39432835820895523
7718.0,-1.0396575342465755
7719.0,0.7921428571428571
7720.0,0.3289655172413794
7721.0,-0.18370786516853935
7722.0,0.8423287671232877
7723.0,0.8558904109589042
7724.0,0.8579729729729729
7725.0,0.7303947368421052
7726.0,0.8558904109589041
7727.0,0.8066666666666666
7728.0,0.8066666666666666
7729.0,0.8558904109589041
7730.0,0.8579729729729729
7731.0,-1.1008333333333338
7732.0,-0.37291139240506316
7733.0,0.801095890410959
7734.0,-0.9716666666666667
7735.0,0.8309459459459458
7736.0,-0.9139130434782611
7737.0,0.2053125
7738.0,0.8697260273972603
7739.0,0.857972972972973
7740.0,0.8309459459459458
7741.0,0.803918918918919
7742.0,0.8066666666666666
7743.0,-0.3561616161616163
7744.0,0.8579729729729729
7745.0,0.8579729729729729
7746.0,-0.20933962264150946
7747.0,-1.1738888888888892
7748.0,0.7736986301369864
7749.0,0.7533333333333333
7750.0,0.30794520547945203
7751.0,-0.8008974358974359
7752.0,0.8579729729729729
7753.0,0.8558904109589042
7754.0,0.8284931506849316
7755.0,0.8558904109589042
7756.0,0.6397468354430378
7757.0,0.830945945945946
7758.0,0.8558904109589041
7759.0,0.8579729729729729
7760.0,0.8579729729729729
7761.0,0.8579729729729729
7762.0,0.32140350877192975
7763.0,0.830945945945946
7764.0,0.857972972972973
7765.0,0.8579729729729729
7766.0,0.857972972972973
7767.0,0.5891666666666665
7768.0,-0.971164383561644
7769.0,0.830945945945946
7770.0,0.8579729729729729
7771.0,0.619375
7772.0,0.830945945945946
7773.0,0.857972972972973
7774.0,0.8284931506849316
7775.0,0.8558904109589042
7776.0,0.5666666666666665
7777.0,-0.05402439024390239
7778.0,0.8284931506849316
7779.0,-1.0988235294117643
7780.0,0.857972972972973
7781.0,0.8579729729729729
7782.0,0.8558904109589041
7783.0,0.8558904109589041
7784.0,0.8579729729729729
7785.0,-1.0815841584158414
7786.0,0.8558904109589041
7787.0,0.8579729729729729
7788.0,0.8515492957746477
7789.0,0.8537500000000001
7790.0,0.8066666666666666
7791.0,0.36000000000000004
7792.0,-0.665
7793.0,0.8558904109589042
7794.0,0.8579729729729729
7795.0,0.8309459459459458
7796.0,0.07182795698924734
7797.0,0.8066666666666665
7798.0,0.269375
7799.0,0.3118292682926829
7800.0,0.8579729729729729
7801.0,0.32730769230769236
7802.0,0.830945945945946
7803.0,0.49437499999999995
7804.0,-0.5794495412844037
7805.0,-1.0098412698412698
7806.0,0.8039189189189191
7807.0,0.8558904109589041
7808.0,0.36060975609756096
7809.0,0.8579729729729729
7810.0,0.344375
7811.0,0.15583333333333327
7812.0,-0.08057971014492751
7813.0,0.8309459459459458
7814.0,0.6037500000000001
7815.0,0.830945945945946
7816.0,-0.9182786885245904
7817.0,0.5399999999999999
7818.0,-0.40451612903225803
7819.0,0.5002597402597402
7820.0,-1.1645283018867925
7821.0,0.8558904109589041
7822.0,0.8579729729729729
7823.0,0.8309459459459458
7824.0,0.8309459459459458
7825.0,0.2785185185185185
7826.0,0.8697260273972603
7827.0,0.8579729729729729
7828.0,0.8445945945945946
7829.0,-0.01382978723404257
7830.0,0.830945945945946
7831.0,0.857972972972973
7832.0,0.5837179487179486
7833.0,0.8423287671232877
7834.0,0.1822972972972973
7835.0,0.11714285714285712
7836.0,-1.049917355371901
7837.0,0.8579729729729729
7838.0,0.8066666666666666
7839.0,0.7799999999999999
7840.0,0.8579729729729729
7841.0,0.4255405405405406
7842.0,0.3684337349397591
7843.0,0.8309459459459458
7844.0,0.8579729729729729
7845.0,0.23865853658536584
7846.0,-0.4749397590361446
7847.0,0.718904109589041
7848.0,0.857972972972973
7849.0,0.8284931506849315
7850.0,0.8697260273972603
7851.0,0.8579729729729729
7852.0,0.8579729729729729
7853.0,-0.8572839506172838
7854.0,-1.0025000000000004
7855.0,0.8284931506849316
7856.0,0.4977049180327868
7857.0,0.8558904109589042
7858.0,0.7228378378378377
7859.0,0.8309459459459458
7860.0,0.8579729729729729
7861.0,0.336219512195122
7862.0,0.7498648648648648
7863.0,0.8579729729729729
7864.0,-0.5300943396226415
7865.0,0.8558904109589041
7866.0,0.830945945945946
7867.0,0.8010958904109589
7868.0,0.8697260273972603
7869.0,-0.8873134328358208
7870.0,0.8284931506849317
7871.0,0.42071428571428576
7872.0,0.8579729729729729
7873.0,0.830945945945946
7874.0,0.5933333333333334
7875.0,-1.161296296296296
7876.0,0.3979310344827585
7877.0,-0.14625
7878.0,0.830945945945946
7879.0,0.7064285714285715
7880.0,-0.028690476190476207
7881.0,0.830945945945946
7882.0,0.7498648648648649
7883.0,0.8579729729729729
7884.0,0.8697260273972603
7885.0,0.857972972972973
7886.0,0.8309459459459458
7887.0,0.8558904109589041
7888.0,0.8179710144927536
7889.0,0.8558904109589042
7890.0,0.5461842105263157
7891.0,0.830945945945946
7892.0,0.7317741935483869
7893.0,0.7533333333333332
7894.0,0.8697260273972603
7895.0,0.3665573770491804
7896.0,0.22249999999999995
7897.0,0.6315277777777778
7898.0,0.8579729729729729
7899.0,-0.39263157894736844
7900.0,0.8697260273972603
7901.0,-0.7113541666666666
7902.0,-1.0850000000000004
7903.0,0.8515492957746478
7904.0,0.803918918918919
7905.0,-1.2653333333333334
7906.0,0.6514473684210527
7907.0,0.8066666666666665
7908.0,0.803918918918919
7909.0,-0.24370370370370364
7910.0,-0.7760824742268041
7911.0,0.49684210526315786
7912.0,0.7830263157894736
7913.0,0.5988157894736842
7914.0,0.857972972972973
7915.0,0.8579729729729729
7916.0,-0.8863414634146345
7917.0,-1.019647435897436
7918.0,0.2830263157894737
7919.0,0.8558904109589041
7920.0,-0.5611111111111113
7921.0,-0.18396551724137933
7922.0,-0.3663736263736264
7923.0,0.857972972972973
7924.0,0.5781818181818181
7925.0,0.830945945945946
7926.0,0.8066666666666665
7927.0,0.6150724637681159
7928.0,0.7768918918918918
7929.0,0.31173913043478263
7930.0,0.857972972972973
7931.0,0.803918918918919
7932.0,0.830945945945946
7933.0,0.19103448275862067
7934.0,0.7921428571428569
7935.0,-1.0415873015873016
7936.0,0.8558904109589041
7937.0,0.85375
7938.0,0.05310344827586207
7939.0,0.8039189189189189
7940.0,0.857972972972973
7941.0,0.830945945945946
7942.0,0.6641095890410958
7943.0,-0.47767605633802823
7944.0,0.8579729729729729
7945.0,0.8423287671232877
7946.0,0.8558904109589041
7947.0,0.5748148148148148
7948.0,0.6733333333333332
7949.0,0.33712765957446816
7950.0,0.7303947368421052
7951.0,0.7533333333333334
7952.0,0.8579729729729729
7953.0,0.17935483870967744
7954.0,-1.1586046511627908
7955.0,-1.0732520325203252
7956.0,0.5988157894736841
7957.0,0.8558904109589042
7958.0,0.8579729729729729
7959.0,0.8039189189189189
7960.0,0.8558904109589042
7961.0,0.8697260273972603
7962.0,0.8558904109589042
7963.0,0.32439393939393935
7964.0,0.7799999999999999
7965.0,0.7768918918918919
7966.0,0.8579729729729729
7967.0,0.6722807017543859
7968.0,0.5067948717948716
7969.0,0.8122222222222223
7970.0,0.8697260273972603
7971.0,0.26
7972.0,-0.5271287128712872
7973.0,0.8039189189189189
7974.0,0.8579729729729729
7975.0,0.7736986301369863
7976.0,0.8039189189189189
7977.0,-0.84989010989011
7978.0,0.7768918918918919
7979.0,0.4409210526315788
7980.0,0.8309459459459458
7981.0,-0.12911290322580646
7982.0,0.5891139240506328
7983.0,0.8697260273972603
7984.0,0.6543661971830985
7985.0,0.8558904109589041
7986.0,0.857972972972973
7987.0,0.857972972972973
7988.0,0.8284931506849316
7989.0,0.8558904109589041
7990.0,0.8579729729729729
7991.0,0.8039189189189189
7992.0,0.8697260273972603
7993.0,0.85375
7994.0,0.830945945945946
7995.0,0.8309459459459458
7996.0,0.6443749999999999
7997.0,0.4483116883116883
7998.0,0.830945945945946
7999.0,0.6041558441558441
