# Episodes, Rewards
0.0,-9.4
1.0,-5.4
2.0,-5.6
3.0,-5.3
4.0,-5.6
5.0,-6.1
6.0,-7.300000000000001
7.0,-5.4
8.0,-6.5
9.0,-7.700000000000001
10.0,-6.800000000000001
11.0,-5.7
12.0,-6.7
13.0,-6.5
14.0,-5.2
15.0,-5.2
16.0,-6.7
17.0,-7.4
18.0,-6.800000000000001
19.0,-8.500000000000002
20.0,-6.2
21.0,-9.99999999999998
22.0,-5.2
23.0,-10.199999999999998
24.0,-6.6000000000000005
25.0,-9.99999999999998
26.0,-11.799999999999992
27.0,-9.000000000000002
28.0,-6.6000000000000005
29.0,-5.4
30.0,-9.99999999999998
31.0,-12.799999999999988
32.0,-6.0
33.0,-5.8
34.0,-6.1
35.0,-6.1
36.0,-5.2
37.0,-6.0
38.0,-5.5
39.0,-8.3
40.0,-5.5
41.0,-12.799999999999988
42.0,-7.4
43.0,-6.3
44.0,-5.5
45.0,-6.9
46.0,-5.3
47.0,-11.099999999999994
48.0,-9.5
49.0,-5.7
50.0,-9.99999999999998
51.0,-6.2
52.0,-5.5
53.0,-5.2
54.0,-11.599999999999993
55.0,-5.4
56.0,-6.7
57.0,-6.1
58.0,-5.4
59.0,-5.7
60.0,-6.3
61.0,-6.3
62.0,-5.8
63.0,-5.3
64.0,-5.3
65.0,-9.99999999999998
66.0,-5.8
67.0,-6.7
68.0,-5.7
69.0,-6.800000000000001
70.0,-5.5
71.0,-6.4
72.0,-7.500000000000001
73.0,-5.4
74.0,-6.9
75.0,-10.599999999999996
76.0,-6.5
77.0,-6.0
78.0,-6.800000000000001
79.0,-5.7
80.0,-7.700000000000001
81.0,-5.5
82.0,-8.000000000000002
83.0,-5.7
84.0,-5.2
85.0,-5.8
86.0,-5.9
87.0,-8.000000000000002
88.0,-8.200000000000001
89.0,-9.5
90.0,-7.800000000000001
91.0,-8.500000000000002
92.0,-6.6000000000000005
93.0,-8.500000000000002
94.0,-5.4
95.0,-5.8
96.0,-5.6
97.0,-5.7
98.0,-9.4
99.0,-14.099999999999984
100.0,-11.999999999999991
101.0,-5.7
102.0,-5.9
103.0,-5.9
104.0,-6.800000000000001
105.0,-7.600000000000001
106.0,-5.8
107.0,-10.699999999999996
108.0,-5.2
109.0,-7.200000000000001
110.0,-5.9
111.0,-5.9
112.0,-5.7
113.0,-9.899999999999999
114.0,-5.5
115.0,-5.5
116.0,-6.2
117.0,-7.600000000000001
118.0,-8.900000000000002
119.0,-5.8
120.0,-5.6
121.0,-7.700000000000001
122.0,-12.999999999999988
123.0,-6.0
124.0,-6.9
125.0,-6.2
126.0,-6.3
127.0,-6.1
128.0,-5.2
129.0,-14.099999999999984
130.0,-8.500000000000002
131.0,-8.100000000000001
132.0,-6.7
133.0,-9.99999999999998
134.0,-8.800000000000002
135.0,-10.899999999999995
136.0,-5.2
137.0,-5.9
138.0,-6.800000000000001
139.0,-5.9
140.0,-5.3
141.0,-10.399999999999997
142.0,-5.3
143.0,-10.399999999999997
144.0,-5.8
145.0,-5.5
146.0,-8.3
147.0,-10.499999999999996
148.0,-13.999999999999984
149.0,-6.1
150.0,-5.5
151.0,-7.900000000000001
152.0,-8.700000000000003
153.0,-6.0
154.0,-13.199999999999987
155.0,-11.899999999999991
156.0,-6.2
157.0,-6.4
158.0,-5.5
159.0,-5.6
160.0,-5.4
161.0,-9.99999999999998
162.0,-13.699999999999985
163.0,-9.5
164.0,-5.3
165.0,-6.2
166.0,-8.500000000000002
167.0,-5.8
168.0,-8.800000000000002
169.0,-5.8
170.0,-6.7
171.0,-8.000000000000002
172.0,-7.500000000000001
173.0,-13.199999999999987
174.0,-5.2
175.0,-14.399999999999983
176.0,-11.199999999999994
177.0,-10.999999999999995
178.0,-9.3
179.0,-5.9
180.0,-8.200000000000001
181.0,-9.99999999999998
182.0,-8.600000000000001
183.0,-5.8
184.0,-12.29999999999999
185.0,-6.0
186.0,-5.4
187.0,-5.2
188.0,-13.599999999999985
189.0,-11.399999999999993
190.0,-6.800000000000001
191.0,-5.3
192.0,-5.4
193.0,-5.8
194.0,-7.700000000000001
195.0,-10.099999999999998
196.0,-6.800000000000001
197.0,-11.599999999999993
198.0,-6.4
199.0,-7.700000000000001
200.0,-9.799999999999999
201.0,-9.000000000000002
202.0,-9.799999999999999
203.0,-5.8
204.0,-7.800000000000001
205.0,-8.200000000000001
206.0,-10.799999999999995
207.0,-5.7
208.0,-8.800000000000002
209.0,-5.3
210.0,-5.4
211.0,-12.29999999999999
212.0,-5.5
213.0,-7.200000000000001
214.0,-5.9
215.0,-5.5
216.0,-5.8
217.0,-6.800000000000001
218.0,-6.6000000000000005
219.0,-5.8
220.0,-9.99999999999998
221.0,-5.4
222.0,-7.300000000000001
223.0,-5.2
224.0,-13.899999999999984
225.0,-9.899999999999999
226.0,-6.5
227.0,-8.000000000000002
228.0,-6.800000000000001
229.0,-7.200000000000001
230.0,-8.200000000000001
231.0,-8.600000000000001
232.0,-7.200000000000001
233.0,-6.5
234.0,-5.2
235.0,-8.700000000000003
236.0,-11.899999999999991
237.0,-5.6
238.0,-5.8
239.0,-5.9
240.0,-12.899999999999988
241.0,-6.9
242.0,-5.4
243.0,-5.3
244.0,-5.7
245.0,-6.4
246.0,-5.7
247.0,-8.000000000000002
248.0,-5.3
249.0,-6.7
250.0,-6.1
251.0,-6.1
252.0,-6.3
253.0,-7.0
254.0,-7.800000000000001
255.0,-9.999999999999998
256.0,-5.3
257.0,-6.6000000000000005
258.0,-10.299999999999997
259.0,-9.7
260.0,-9.100000000000001
261.0,-5.8
262.0,-6.1
263.0,-7.900000000000001
264.0,-9.5
265.0,-9.99999999999998
266.0,-5.4
267.0,-5.4
268.0,-6.1
269.0,-6.3
270.0,-7.1000000000000005
271.0,-5.6
272.0,-9.99999999999998
273.0,-14.499999999999982
274.0,-7.200000000000001
275.0,-6.3
276.0,-5.4
277.0,-5.5
278.0,-9.999999999999998
279.0,-9.99999999999998
280.0,-9.99999999999998
281.0,-8.600000000000001
282.0,-12.599999999999989
283.0,-6.1
284.0,-13.899999999999984
285.0,-5.2
286.0,-6.6000000000000005
287.0,-14.099999999999984
288.0,-6.800000000000001
289.0,-5.5
290.0,-9.5
291.0,-6.5
292.0,-6.5
293.0,-6.0
294.0,-5.8
295.0,-11.599999999999993
296.0,-5.5
297.0,-7.900000000000001
298.0,-5.8
299.0,-5.3
300.0,-7.500000000000001
301.0,-6.3
302.0,-9.99999999999998
303.0,-6.7
304.0,-9.99999999999998
305.0,-9.99999999999998
306.0,-5.4
307.0,-7.300000000000001
308.0,-5.7
309.0,-5.6
310.0,-6.0
311.0,-9.4
312.0,-5.2
313.0,-10.999999999999995
314.0,-9.5
315.0,-5.4
316.0,-11.799999999999992
317.0,-5.2
318.0,-12.49999999999999
319.0,-6.4
320.0,-6.1
321.0,-9.200000000000001
322.0,-9.4
323.0,-13.499999999999986
324.0,-6.1
325.0,-5.5
326.0,-11.599999999999993
327.0,-9.4
328.0,-10.999999999999995
329.0,-6.1
330.0,-5.8
331.0,-6.5
332.0,-8.500000000000002
333.0,-13.399999999999986
334.0,-9.200000000000001
335.0,-5.7
336.0,-14.299999999999983
337.0,-9.99999999999998
338.0,-5.4
339.0,-7.0
340.0,-9.99999999999998
341.0,-6.9
342.0,-6.6000000000000005
343.0,-13.899999999999984
344.0,-5.5
345.0,-6.2
346.0,-9.100000000000001
347.0,-11.099999999999994
348.0,-9.899999999999999
349.0,-6.4
350.0,-9.999999999999998
351.0,-6.9
352.0,-12.29999999999999
353.0,-8.600000000000001
354.0,-8.3
355.0,-5.6
356.0,-8.900000000000002
357.0,-5.4
358.0,-13.499999999999986
359.0,-6.4
360.0,-5.7
361.0,-6.0
362.0,-6.6000000000000005
363.0,-5.2
364.0,-5.4
365.0,-11.099999999999994
366.0,-5.7
367.0,-9.99999999999998
368.0,-7.700000000000001
369.0,-9.99999999999998
370.0,-9.6
371.0,-8.900000000000002
372.0,-9.799999999999999
373.0,-7.0
374.0,-5.4
375.0,-9.799999999999999
376.0,-5.4
377.0,-9.99999999999998
378.0,-7.700000000000001
379.0,-7.200000000000001
380.0,-5.2
381.0,-10.699999999999996
382.0,-5.6
383.0,-14.499999999999982
384.0,-10.699999999999996
385.0,-11.099999999999994
386.0,-5.6
387.0,-9.899999999999999
388.0,-12.699999999999989
389.0,-11.399999999999993
390.0,-9.4
391.0,-10.099999999999998
392.0,-9.100000000000001
393.0,-8.500000000000002
394.0,-6.6000000000000005
395.0,-5.4
396.0,-12.49999999999999
397.0,-9.999999999999998
398.0,-9.799999999999999
399.0,-9.99999999999998
400.0,-9.4
401.0,-11.299999999999994
402.0,-5.5
403.0,-13.199999999999987
404.0,-9.99999999999998
405.0,-6.4
406.0,-5.7
407.0,-7.900000000000001
408.0,-10.599999999999996
409.0,-9.99999999999998
410.0,-9.999999999999998
411.0,-9.799999999999999
412.0,-9.99999999999998
413.0,-10.499999999999996
414.0,-5.7
415.0,-11.599999999999993
416.0,-9.200000000000001
417.0,-8.600000000000001
418.0,-7.0
419.0,-9.5
420.0,-12.39999999999999
421.0,-5.3
422.0,-6.0
423.0,-6.7
424.0,-9.000000000000002
425.0,-9.99999999999998
426.0,-9.99999999999998
427.0,-7.900000000000001
428.0,-7.0
429.0,-8.200000000000001
430.0,-5.5
431.0,-6.4
432.0,-5.8
433.0,-9.100000000000001
434.0,-6.1
435.0,-8.500000000000002
436.0,-5.6
437.0,-6.3
438.0,-8.900000000000002
439.0,-11.099999999999994
440.0,-7.500000000000001
441.0,-11.399999999999993
442.0,-5.6
443.0,-6.7
444.0,-10.099999999999998
445.0,-13.499999999999986
446.0,-11.699999999999992
447.0,-13.199999999999987
448.0,-7.600000000000001
449.0,-6.2
450.0,-5.6
451.0,-5.9
452.0,-9.000000000000002
453.0,-7.4
454.0,-6.0
455.0,-13.999999999999984
456.0,-7.600000000000001
457.0,-5.9
458.0,-7.800000000000001
459.0,-6.3
460.0,-10.599999999999996
461.0,-12.29999999999999
462.0,-9.999999999999998
463.0,-7.300000000000001
464.0,-7.4
465.0,-9.99999999999998
466.0,-5.8
467.0,-6.3
468.0,-8.3
469.0,-7.800000000000001
470.0,-6.4
471.0,-9.5
472.0,-5.6
473.0,-5.3
474.0,-7.0
475.0,-5.4
476.0,-5.5
477.0,-8.400000000000002
478.0,-5.9
479.0,-11.299999999999994
480.0,-12.19999999999999
481.0,-8.3
482.0,-9.5
483.0,-5.5
484.0,-7.1000000000000005
485.0,-5.5
486.0,-10.499999999999996
487.0,-6.0
488.0,-10.399999999999997
489.0,-6.800000000000001
490.0,-7.500000000000001
491.0,-9.799999999999999
492.0,-10.099999999999998
493.0,-7.1000000000000005
494.0,-10.299999999999997
495.0,-5.3
496.0,-8.100000000000001
497.0,-6.9
498.0,-7.4
499.0,-12.09999999999999
500.0,-7.300000000000001
501.0,-5.5
502.0,-12.999999999999988
503.0,-5.4
504.0,-5.5
505.0,-6.0
506.0,-7.900000000000001
507.0,-9.5
508.0,-11.599999999999993
509.0,-10.599999999999996
510.0,-9.99999999999998
511.0,-10.899999999999995
512.0,-7.300000000000001
513.0,-9.99999999999998
514.0,-8.800000000000002
515.0,-6.4
516.0,-5.3
517.0,-8.800000000000002
518.0,-12.599999999999989
519.0,-5.6
520.0,-11.399999999999993
521.0,-10.599999999999996
522.0,-6.3
523.0,-7.4
524.0,-13.899999999999984
525.0,-9.3
526.0,-11.099999999999994
527.0,-6.4
528.0,-6.1
529.0,-6.1
530.0,-5.4
531.0,-14.299999999999983
532.0,-9.999999999999998
533.0,-12.999999999999988
534.0,-9.100000000000001
535.0,-10.699999999999996
536.0,-9.200000000000001
537.0,-6.2
538.0,-12.899999999999988
539.0,-9.6
540.0,-5.2
541.0,-10.299999999999997
542.0,-9.6
543.0,-8.700000000000003
544.0,-9.999999999999998
545.0,-9.7
546.0,-5.9
547.0,-6.2
548.0,-5.8
549.0,-6.2
550.0,-12.29999999999999
551.0,-7.900000000000001
552.0,-11.699999999999992
553.0,-7.4
554.0,-7.600000000000001
555.0,-8.3
556.0,-6.3
557.0,-6.6000000000000005
558.0,-10.099999999999998
559.0,-6.3
560.0,-7.1000000000000005
561.0,-5.2
562.0,-6.0
563.0,-10.799999999999995
564.0,-9.999999999999998
565.0,-9.4
566.0,-9.799999999999999
567.0,-7.4
568.0,-9.200000000000001
569.0,-9.100000000000001
570.0,-9.99999999999998
571.0,-5.7
572.0,-9.99999999999998
573.0,-5.2
574.0,-9.999999999999998
575.0,-8.700000000000003
576.0,-5.4
577.0,-6.1
578.0,-9.99999999999998
579.0,-7.700000000000001
580.0,-5.9
581.0,-9.99999999999998
582.0,-11.799999999999992
583.0,-9.99999999999998
584.0,-6.2
585.0,-9.99999999999998
586.0,-10.299999999999997
587.0,-9.99999999999998
588.0,-14.599999999999982
589.0,-12.09999999999999
590.0,-6.6000000000000005
591.0,-13.499999999999986
592.0,-8.600000000000001
593.0,-5.3
594.0,-5.3
595.0,-11.999999999999991
596.0,-10.199999999999998
597.0,-5.2
598.0,-12.599999999999989
599.0,-11.199999999999994
600.0,-5.7
601.0,-5.9
602.0,-8.100000000000001
603.0,-9.6
604.0,-8.000000000000002
605.0,-6.2
606.0,-11.899999999999991
607.0,-7.500000000000001
608.0,-9.99999999999998
609.0,-6.7
610.0,-5.6
611.0,-5.6
612.0,-10.399999999999997
613.0,-8.900000000000002
614.0,-13.599999999999985
615.0,-6.800000000000001
616.0,-9.4
617.0,-11.699999999999992
618.0,-9.200000000000001
619.0,-5.2
620.0,-5.2
621.0,-9.7
622.0,-10.499999999999996
623.0,-12.799999999999988
624.0,-9.000000000000002
625.0,-5.2
626.0,-5.9
627.0,-10.199999999999998
628.0,-12.999999999999988
629.0,-11.999999999999991
630.0,-5.6
631.0,-11.099999999999994
632.0,-6.800000000000001
633.0,-7.700000000000001
634.0,-11.099999999999994
635.0,-12.899999999999988
636.0,-9.200000000000001
637.0,-11.299999999999994
638.0,-10.199999999999998
639.0,-9.799999999999999
640.0,-6.2
641.0,-8.900000000000002
642.0,-8.400000000000002
643.0,-10.599999999999996
644.0,-5.4
645.0,-6.3
646.0,-8.600000000000001
647.0,-6.1
648.0,-8.800000000000002
649.0,-5.9
650.0,-5.3
651.0,-7.200000000000001
652.0,-7.4
653.0,-6.0
654.0,-5.4
655.0,-5.2
656.0,-10.999999999999995
657.0,-5.4
658.0,-9.99999999999998
659.0,-6.1
660.0,-9.799999999999999
661.0,-12.39999999999999
662.0,-14.599999999999982
663.0,-10.999999999999995
664.0,-5.6
665.0,-9.99999999999998
666.0,-6.4
667.0,-5.5
668.0,-7.700000000000001
669.0,-8.100000000000001
670.0,-10.099999999999998
671.0,-9.99999999999998
672.0,-5.9
673.0,-5.7
674.0,-9.799999999999999
675.0,-13.099999999999987
676.0,-12.799999999999988
677.0,-5.6
678.0,-6.1
679.0,-7.500000000000001
680.0,-14.499999999999982
681.0,-6.0
682.0,-5.8
683.0,-9.899999999999999
684.0,-11.299999999999994
685.0,-6.0
686.0,-5.4
687.0,-9.5
688.0,-9.200000000000001
689.0,-5.7
690.0,-7.500000000000001
691.0,-6.800000000000001
692.0,-8.400000000000002
693.0,-6.5
694.0,-9.799999999999999
695.0,-5.7
696.0,-12.29999999999999
697.0,-7.0
698.0,-11.299999999999994
699.0,-9.100000000000001
700.0,-12.599999999999989
701.0,-6.0
702.0,-8.200000000000001
703.0,-5.2
704.0,-13.599999999999985
705.0,-8.000000000000002
706.0,-7.700000000000001
707.0,-12.19999999999999
708.0,-5.7
709.0,-10.499999999999996
710.0,-9.99999999999998
711.0,-14.89999999999998
712.0,-5.8
713.0,-6.3
714.0,-13.899999999999984
715.0,-5.3
716.0,-7.700000000000001
717.0,-9.99999999999998
718.0,-13.399999999999986
719.0,-8.700000000000003
720.0,-6.4
721.0,-8.400000000000002
722.0,-10.399999999999997
723.0,-8.000000000000002
724.0,-5.8
725.0,-9.3
726.0,-11.799999999999992
727.0,-8.400000000000002
728.0,-9.99999999999998
729.0,-7.700000000000001
730.0,-11.799999999999992
731.0,-8.900000000000002
732.0,-9.99999999999998
733.0,-10.299999999999997
734.0,-5.4
735.0,-6.800000000000001
736.0,-7.200000000000001
737.0,-12.899999999999988
738.0,-5.6
739.0,-10.099999999999998
740.0,-8.3
741.0,-5.7
742.0,-12.599999999999989
743.0,-9.7
744.0,-9.6
745.0,-6.800000000000001
746.0,-5.5
747.0,-11.999999999999991
748.0,-11.999999999999991
749.0,-10.099999999999998
750.0,-5.5
751.0,-14.499999999999982
752.0,-9.000000000000002
753.0,-6.7
754.0,-9.99999999999998
755.0,-5.2
756.0,-11.899999999999991
757.0,-5.2
758.0,-11.999999999999991
759.0,-5.7
760.0,-10.199999999999998
761.0,-14.499999999999982
762.0,-5.2
763.0,-11.099999999999994
764.0,-7.800000000000001
765.0,-9.99999999999998
766.0,-5.6
767.0,-12.599999999999989
768.0,-5.2
769.0,-9.6
770.0,-9.99999999999998
771.0,-5.2
772.0,-9.99999999999998
773.0,-13.399999999999986
774.0,-5.8
775.0,-10.099999999999998
776.0,-9.000000000000002
777.0,-14.099999999999984
778.0,-12.29999999999999
779.0,-8.600000000000001
780.0,-7.200000000000001
781.0,-5.5
782.0,-9.5
783.0,-11.999999999999991
784.0,-10.299999999999997
785.0,-9.99999999999998
786.0,-5.5
787.0,-7.900000000000001
788.0,-13.099999999999987
789.0,-8.3
790.0,-9.99999999999998
791.0,-6.5
792.0,-7.300000000000001
793.0,-5.4
794.0,-5.6
795.0,-5.5
796.0,-12.699999999999989
797.0,-12.799999999999988
798.0,-8.000000000000002
799.0,-9.99999999999998
800.0,-9.000000000000002
801.0,-9.99999999999998
802.0,-5.7
803.0,-7.200000000000001
804.0,-13.999999999999984
805.0,-8.500000000000002
806.0,-9.99999999999998
807.0,-9.99999999999998
808.0,-5.2
809.0,-13.999999999999984
810.0,-11.399999999999993
811.0,-5.2
812.0,-13.099999999999987
813.0,-6.2
814.0,-10.799999999999995
815.0,-8.400000000000002
816.0,-7.500000000000001
817.0,-9.899999999999999
818.0,-6.6000000000000005
819.0,-5.8
820.0,-10.599999999999996
821.0,-9.99999999999998
822.0,-5.3
823.0,-11.899999999999991
824.0,-12.19999999999999
825.0,-14.599999999999982
826.0,-9.5
827.0,-8.400000000000002
828.0,-7.600000000000001
829.0,-11.399999999999993
830.0,-7.500000000000001
831.0,-14.199999999999983
832.0,-8.800000000000002
833.0,-9.5
834.0,-12.49999999999999
835.0,-14.199999999999983
836.0,-9.99999999999998
837.0,-9.99999999999998
838.0,-8.800000000000002
839.0,-8.700000000000003
840.0,-9.99999999999998
841.0,-9.7
842.0,-9.99999999999998
843.0,-8.3
844.0,-13.799999999999985
845.0,-6.9
846.0,-9.99999999999998
847.0,-5.5
848.0,-7.300000000000001
849.0,-9.99999999999998
850.0,-11.299999999999994
851.0,-9.6
852.0,-10.399999999999997
853.0,-5.2
854.0,-9.99999999999998
855.0,-7.700000000000001
856.0,-6.5
857.0,-6.4
858.0,-12.09999999999999
859.0,-8.900000000000002
860.0,-10.299999999999997
861.0,-9.7
862.0,-10.699999999999996
863.0,-8.400000000000002
864.0,-7.0
865.0,-9.99999999999998
866.0,-10.599999999999996
867.0,-6.1
868.0,-5.2
869.0,-11.199999999999994
870.0,-9.99999999999998
871.0,-14.799999999999981
872.0,-5.9
873.0,-10.099999999999998
874.0,-9.99999999999998
875.0,-6.9
876.0,-8.500000000000002
877.0,-5.8
878.0,-12.49999999999999
879.0,-9.000000000000002
880.0,-12.39999999999999
881.0,-6.5
882.0,-12.29999999999999
883.0,-8.3
884.0,-9.99999999999998
885.0,-6.6000000000000005
886.0,-7.500000000000001
887.0,-7.800000000000001
888.0,-10.499999999999996
889.0,-8.500000000000002
890.0,-6.9
891.0,-9.99999999999998
892.0,-5.7
893.0,-9.99999999999998
894.0,-10.799999999999995
895.0,-9.99999999999998
896.0,-7.1000000000000005
897.0,-5.9
898.0,-7.800000000000001
899.0,-8.100000000000001
900.0,-11.299999999999994
901.0,-6.6000000000000005
902.0,-10.499999999999996
903.0,-9.5
904.0,-9.99999999999998
905.0,-5.8
906.0,-6.4
907.0,-10.499999999999996
908.0,-9.100000000000001
909.0,-6.7
910.0,-9.6
911.0,-9.99999999999998
912.0,-11.099999999999994
913.0,-11.899999999999991
914.0,-12.09999999999999
915.0,-9.99999999999998
916.0,-13.899999999999984
917.0,-13.199999999999987
918.0,-13.699999999999985
919.0,-9.4
920.0,-10.199999999999998
921.0,-5.6
922.0,-10.499999999999996
923.0,-5.4
924.0,-12.19999999999999
925.0,-11.099999999999994
926.0,-5.2
927.0,-9.999999999999998
928.0,-5.2
929.0,-9.99999999999998
930.0,-12.49999999999999
931.0,-11.899999999999991
932.0,-9.99999999999998
933.0,-9.99999999999998
934.0,-9.799999999999999
935.0,-5.8
936.0,-8.900000000000002
937.0,-5.7
938.0,-7.300000000000001
939.0,-9.99999999999998
940.0,-12.49999999999999
941.0,-8.600000000000001
942.0,-5.6
943.0,-10.799999999999995
944.0,-8.800000000000002
945.0,-9.3
946.0,-12.39999999999999
947.0,-9.99999999999998
948.0,-10.099999999999998
949.0,-6.4
950.0,-9.99999999999998
951.0,-8.900000000000002
952.0,-9.000000000000002
953.0,-12.09999999999999
954.0,-7.600000000000001
955.0,-5.7
956.0,-5.6
957.0,-8.800000000000002
958.0,-8.500000000000002
959.0,-8.100000000000001
960.0,-12.49999999999999
961.0,-9.99999999999998
962.0,-8.3
963.0,-12.799999999999988
964.0,-9.99999999999998
965.0,-9.99999999999998
966.0,-7.600000000000001
967.0,-6.9
968.0,-11.999999999999991
969.0,-12.999999999999988
970.0,-7.0
971.0,-8.3
972.0,-13.099999999999987
973.0,-5.5
974.0,-5.2
975.0,-12.599999999999989
976.0,-12.699999999999989
977.0,-9.99999999999998
978.0,-12.19999999999999
979.0,-6.3
980.0,-10.799999999999995
981.0,-11.699999999999992
982.0,-7.600000000000001
983.0,-9.99999999999998
984.0,-9.99999999999998
985.0,-9.799999999999999
986.0,-6.2
987.0,-9.3
988.0,-13.899999999999984
989.0,-9.000000000000002
990.0,-6.3
991.0,-5.4
992.0,-8.800000000000002
993.0,-14.699999999999982
994.0,-10.099999999999998
995.0,-14.799999999999981
996.0,-6.0
997.0,-14.299999999999983
998.0,-10.199999999999998
999.0,-7.1000000000000005
1000.0,-10.399999999999997
1001.0,-9.99999999999998
1002.0,-12.799999999999988
1003.0,-9.99999999999998
1004.0,-8.600000000000001
1005.0,-5.9
1006.0,-5.3
1007.0,-7.4
1008.0,-10.199999999999998
1009.0,-10.799999999999995
1010.0,-6.6000000000000005
1011.0,-9.3
1012.0,-8.100000000000001
1013.0,-5.6
1014.0,-6.2
1015.0,-9.99999999999998
1016.0,-8.800000000000002
1017.0,-5.6
1018.0,-9.999999999999998
1019.0,-11.099999999999994
1020.0,-11.999999999999991
1021.0,-8.600000000000001
1022.0,-6.9
1023.0,-10.599999999999996
1024.0,-7.900000000000001
1025.0,-9.99999999999998
1026.0,-5.9
1027.0,-13.899999999999984
1028.0,-13.099999999999987
1029.0,-5.3
1030.0,-9.99999999999998
1031.0,-10.499999999999996
1032.0,-6.1
1033.0,-6.4
1034.0,-10.899999999999995
1035.0,-10.399999999999997
1036.0,-14.699999999999982
1037.0,-6.4
1038.0,-14.199999999999983
1039.0,-9.99999999999998
1040.0,-7.200000000000001
1041.0,-9.99999999999998
1042.0,-10.999999999999995
1043.0,-7.900000000000001
1044.0,-8.200000000000001
1045.0,-11.699999999999992
1046.0,-12.29999999999999
1047.0,-13.199999999999987
1048.0,-9.5
1049.0,-9.5
1050.0,-9.99999999999998
1051.0,-9.4
1052.0,-9.99999999999998
1053.0,-9.99999999999998
1054.0,-9.799999999999999
1055.0,-10.499999999999996
1056.0,-11.199999999999994
1057.0,-5.2
1058.0,-9.99999999999998
1059.0,-9.100000000000001
1060.0,-12.799999999999988
1061.0,-6.2
1062.0,-7.800000000000001
1063.0,-5.7
1064.0,-5.8
1065.0,-9.6
1066.0,-6.3
1067.0,-9.99999999999998
1068.0,-13.599999999999985
1069.0,-14.199999999999983
1070.0,-10.799999999999995
1071.0,-12.999999999999988
1072.0,-9.99999999999998
1073.0,-9.99999999999998
1074.0,-5.4
1075.0,-13.599999999999985
1076.0,-9.99999999999998
1077.0,-9.100000000000001
1078.0,-9.99999999999998
1079.0,-9.99999999999998
1080.0,-11.399999999999993
1081.0,-5.9
1082.0,-13.999999999999984
1083.0,-10.499999999999996
1084.0,-9.99999999999998
1085.0,-9.4
1086.0,-5.8
1087.0,-13.999999999999984
1088.0,-12.29999999999999
1089.0,-9.99999999999998
1090.0,-9.99999999999998
1091.0,-12.999999999999988
1092.0,-9.999999999999998
1093.0,-7.800000000000001
1094.0,-7.200000000000001
1095.0,-8.800000000000002
1096.0,-10.199999999999998
1097.0,-7.0
1098.0,-11.999999999999991
1099.0,-9.99999999999998
1100.0,-12.699999999999989
1101.0,-5.2
1102.0,-7.800000000000001
1103.0,-6.800000000000001
1104.0,-12.39999999999999
1105.0,-9.3
1106.0,-8.200000000000001
1107.0,-6.7
1108.0,-6.1
1109.0,-9.99999999999998
1110.0,-9.99999999999998
1111.0,-10.699999999999996
1112.0,-9.4
1113.0,-11.599999999999993
1114.0,-7.1000000000000005
1115.0,-9.99999999999998
1116.0,-5.2
1117.0,-11.799999999999992
1118.0,-11.299999999999994
1119.0,-9.999999999999998
1120.0,-8.600000000000001
1121.0,-10.099999999999998
1122.0,-8.200000000000001
1123.0,-5.5
1124.0,-9.99999999999998
1125.0,-9.100000000000001
1126.0,-8.600000000000001
1127.0,-14.399999999999983
1128.0,-5.4
1129.0,-12.29999999999999
1130.0,-7.500000000000001
1131.0,-7.900000000000001
1132.0,-9.5
1133.0,-6.9
1134.0,-5.4
1135.0,-5.6
1136.0,-5.3
1137.0,-7.4
1138.0,-5.9
1139.0,-10.099999999999998
1140.0,-7.4
1141.0,-9.4
1142.0,-10.099999999999998
1143.0,-9.99999999999998
1144.0,-7.4
1145.0,-11.799999999999992
1146.0,-9.99999999999998
1147.0,-9.99999999999998
1148.0,-9.99999999999998
1149.0,-5.2
1150.0,-8.000000000000002
1151.0,-14.599999999999982
1152.0,-10.099999999999998
1153.0,-13.599999999999985
1154.0,-6.5
1155.0,-6.4
1156.0,-6.7
1157.0,-11.299999999999994
1158.0,-9.99999999999998
1159.0,-7.800000000000001
1160.0,-9.99999999999998
1161.0,-6.2
1162.0,-9.99999999999998
1163.0,-8.3
1164.0,-10.899999999999995
1165.0,-9.99999999999998
1166.0,-9.99999999999998
1167.0,-9.899999999999999
1168.0,-9.100000000000001
1169.0,-8.3
1170.0,-9.200000000000001
1171.0,-5.8
1172.0,-10.399999999999997
1173.0,-14.89999999999998
1174.0,-8.700000000000003
1175.0,-9.3
1176.0,-10.299999999999997
1177.0,-11.199999999999994
1178.0,-9.4
1179.0,-5.6
1180.0,-12.599999999999989
1181.0,-9.99999999999998
1182.0,-13.899999999999984
1183.0,-9.7
1184.0,-13.099999999999987
1185.0,-14.099999999999984
1186.0,-11.999999999999991
1187.0,-11.299999999999994
1188.0,-9.99999999999998
1189.0,-5.2
1190.0,-11.699999999999992
1191.0,-9.99999999999998
1192.0,-13.699999999999985
1193.0,-12.599999999999989
1194.0,-10.399999999999997
1195.0,-6.1
1196.0,-8.100000000000001
1197.0,-8.200000000000001
1198.0,-10.099999999999998
1199.0,-9.99999999999998
1200.0,-14.299999999999983
1201.0,-9.99999999999998
1202.0,-5.4
1203.0,-9.5
1204.0,-14.699999999999982
1205.0,-8.3
1206.0,-9.99999999999998
1207.0,-13.099999999999987
1208.0,-9.7
1209.0,-9.99999999999998
1210.0,-11.999999999999991
1211.0,-10.999999999999995
1212.0,-10.499999999999996
1213.0,-11.899999999999991
1214.0,-6.2
1215.0,-6.1
1216.0,-9.200000000000001
1217.0,-9.99999999999998
1218.0,-8.000000000000002
1219.0,-5.3
1220.0,-9.4
1221.0,-9.99999999999998
1222.0,-9.100000000000001
1223.0,-14.499999999999982
1224.0,-5.6
1225.0,-6.0
1226.0,-13.999999999999984
1227.0,-8.600000000000001
1228.0,-9.99999999999998
1229.0,-6.800000000000001
1230.0,-8.900000000000002
1231.0,-12.799999999999988
1232.0,-12.29999999999999
1233.0,-14.399999999999983
1234.0,-9.99999999999998
1235.0,-11.499999999999993
1236.0,-8.500000000000002
1237.0,-10.099999999999998
1238.0,-11.399999999999993
1239.0,-9.99999999999998
1240.0,-12.29999999999999
1241.0,-6.6000000000000005
1242.0,-7.300000000000001
1243.0,-9.99999999999998
1244.0,-11.499999999999993
1245.0,-10.099999999999998
1246.0,-9.99999999999998
1247.0,-12.899999999999988
1248.0,-11.199999999999994
1249.0,-10.399999999999997
1250.0,-6.2
1251.0,-8.500000000000002
1252.0,-10.199999999999998
1253.0,-9.3
1254.0,-11.799999999999992
1255.0,-8.900000000000002
1256.0,-7.700000000000001
1257.0,-7.4
1258.0,-9.5
1259.0,-9.899999999999999
1260.0,-11.199999999999994
1261.0,-9.99999999999998
1262.0,-9.200000000000001
1263.0,-9.99999999999998
1264.0,-9.99999999999998
1265.0,-9.99999999999998
1266.0,-12.19999999999999
1267.0,-10.099999999999998
1268.0,-9.99999999999998
1269.0,-9.5
1270.0,-9.799999999999999
1271.0,-8.3
1272.0,-8.400000000000002
1273.0,-5.6
1274.0,-10.799999999999995
1275.0,-9.99999999999998
1276.0,-8.200000000000001
1277.0,-13.499999999999986
1278.0,-12.49999999999999
1279.0,-12.49999999999999
1280.0,-10.899999999999995
1281.0,-7.4
1282.0,-7.800000000000001
1283.0,-6.3
1284.0,-9.100000000000001
1285.0,-11.099999999999994
1286.0,-8.600000000000001
1287.0,-9.99999999999998
1288.0,-8.500000000000002
1289.0,-10.099999999999998
1290.0,-10.199999999999998
1291.0,-5.8
1292.0,-9.99999999999998
1293.0,-14.299999999999983
1294.0,-9.000000000000002
1295.0,-10.299999999999997
1296.0,-11.599999999999993
1297.0,-5.4
1298.0,-10.999999999999995
1299.0,-12.599999999999989
1300.0,-10.199999999999998
1301.0,-9.99999999999998
1302.0,-5.2
1303.0,-9.3
1304.0,-11.999999999999991
1305.0,-11.599999999999993
1306.0,-7.800000000000001
1307.0,-10.099999999999998
1308.0,-11.999999999999991
1309.0,-5.3
1310.0,-7.800000000000001
1311.0,-11.499999999999993
1312.0,-12.999999999999988
1313.0,-10.199999999999998
1314.0,-13.699999999999985
1315.0,-7.200000000000001
1316.0,-5.3
1317.0,-9.99999999999998
1318.0,-9.99999999999998
1319.0,-9.99999999999998
1320.0,-7.200000000000001
1321.0,-7.600000000000001
1322.0,-8.900000000000002
1323.0,-7.4
1324.0,-8.100000000000001
1325.0,-5.4
1326.0,-11.699999999999992
1327.0,-5.6
1328.0,-8.800000000000002
1329.0,-6.9
1330.0,-11.599999999999993
1331.0,-8.400000000000002
1332.0,-11.399999999999993
1333.0,-7.900000000000001
1334.0,-10.099999999999998
1335.0,-6.4
1336.0,-10.899999999999995
1337.0,-9.99999999999998
1338.0,-9.100000000000001
1339.0,-10.999999999999995
1340.0,-7.300000000000001
1341.0,-9.99999999999998
1342.0,-7.0
1343.0,-8.700000000000003
1344.0,-9.99999999999998
1345.0,-14.499999999999982
1346.0,-13.599999999999985
1347.0,-8.3
1348.0,-9.899999999999999
1349.0,-10.299999999999997
1350.0,-13.999999999999984
1351.0,-11.699999999999992
1352.0,-11.999999999999991
1353.0,-7.900000000000001
1354.0,-13.299999999999986
1355.0,-5.2
1356.0,-12.799999999999988
1357.0,-11.999999999999991
1358.0,-9.99999999999998
1359.0,-8.3
1360.0,-12.09999999999999
1361.0,-9.99999999999998
1362.0,-13.699999999999985
1363.0,-7.900000000000001
1364.0,-9.99999999999998
1365.0,-9.999999999999998
1366.0,-9.99999999999998
1367.0,-9.99999999999998
1368.0,-9.99999999999998
1369.0,-12.699999999999989
1370.0,-9.99999999999998
1371.0,-9.3
1372.0,-11.599999999999993
1373.0,-9.799999999999999
1374.0,-10.299999999999997
1375.0,-14.299999999999983
1376.0,-8.800000000000002
1377.0,-10.199999999999998
1378.0,-8.000000000000002
1379.0,-14.199999999999983
1380.0,-9.99999999999998
1381.0,-8.400000000000002
1382.0,-8.200000000000001
1383.0,-9.99999999999998
1384.0,-9.7
1385.0,-5.2
1386.0,-9.000000000000002
1387.0,-10.099999999999998
1388.0,-9.99999999999998
1389.0,-9.200000000000001
1390.0,-14.499999999999982
1391.0,-9.99999999999998
1392.0,-9.5
1393.0,-5.2
1394.0,-11.099999999999994
1395.0,-7.900000000000001
1396.0,-9.99999999999998
1397.0,-14.599999999999982
1398.0,-9.99999999999998
1399.0,-11.199999999999994
1400.0,-9.4
1401.0,-9.99999999999998
1402.0,-8.000000000000002
1403.0,-14.599999999999982
1404.0,-12.49999999999999
1405.0,-12.19999999999999
1406.0,-13.399999999999986
1407.0,-9.99999999999998
1408.0,-9.99999999999998
1409.0,-12.999999999999988
1410.0,-7.800000000000001
1411.0,-9.99999999999998
1412.0,-8.200000000000001
1413.0,-11.399999999999993
1414.0,-14.199999999999983
1415.0,-9.100000000000001
1416.0,-14.199999999999983
1417.0,-8.700000000000003
1418.0,-10.199999999999998
1419.0,-9.99999999999998
1420.0,-5.5
1421.0,-5.7
1422.0,-8.100000000000001
1423.0,-12.19999999999999
1424.0,-8.000000000000002
1425.0,-9.99999999999998
1426.0,-7.4
1427.0,-8.500000000000002
1428.0,-8.200000000000001
1429.0,-9.899999999999999
1430.0,-9.4
1431.0,-7.4
1432.0,-7.900000000000001
1433.0,-12.699999999999989
1434.0,-7.700000000000001
1435.0,-9.4
1436.0,-11.399999999999993
1437.0,-8.000000000000002
1438.0,-7.900000000000001
1439.0,-6.7
1440.0,-13.299999999999986
1441.0,-8.000000000000002
1442.0,-9.999999999999998
1443.0,-9.899999999999999
1444.0,-9.99999999999998
1445.0,-9.99999999999998
1446.0,-9.799999999999999
1447.0,-10.699999999999996
1448.0,-9.799999999999999
1449.0,-9.99999999999998
1450.0,-8.700000000000003
1451.0,-13.099999999999987
1452.0,-12.999999999999988
1453.0,-8.000000000000002
1454.0,-9.99999999999998
1455.0,-7.500000000000001
1456.0,-10.599999999999996
1457.0,-9.99999999999998
1458.0,-10.299999999999997
1459.0,-7.500000000000001
1460.0,-8.000000000000002
1461.0,-7.600000000000001
1462.0,-9.99999999999998
1463.0,-13.799999999999985
1464.0,-9.99999999999998
1465.0,-10.299999999999997
1466.0,-7.900000000000001
1467.0,-13.699999999999985
1468.0,-13.699999999999985
1469.0,-14.299999999999983
1470.0,-12.599999999999989
1471.0,-9.7
1472.0,-6.0
1473.0,-7.500000000000001
1474.0,-14.499999999999982
1475.0,-9.99999999999998
1476.0,-10.799999999999995
1477.0,-5.8
1478.0,-7.900000000000001
1479.0,-13.699999999999985
1480.0,-5.5
1481.0,-11.999999999999991
1482.0,-14.699999999999982
1483.0,-13.899999999999984
1484.0,-9.99999999999998
1485.0,-13.999999999999984
1486.0,-9.5
1487.0,-11.799999999999992
1488.0,-12.19999999999999
1489.0,-14.299999999999983
1490.0,-10.199999999999998
1491.0,-10.599999999999996
1492.0,-12.49999999999999
1493.0,-7.200000000000001
1494.0,-9.99999999999998
1495.0,-10.199999999999998
1496.0,-12.29999999999999
1497.0,-7.4
1498.0,-9.200000000000001
1499.0,-9.99999999999998
1500.0,-9.99999999999998
1501.0,-9.99999999999998
1502.0,-5.2
1503.0,-6.4
1504.0,-10.999999999999995
1505.0,-9.6
1506.0,-13.299999999999986
1507.0,-9.99999999999998
1508.0,-9.100000000000001
1509.0,-7.4
1510.0,-9.200000000000001
1511.0,-5.2
1512.0,-9.99999999999998
1513.0,-10.099999999999998
1514.0,-11.399999999999993
1515.0,-9.200000000000001
1516.0,-9.99999999999998
1517.0,-11.299999999999994
1518.0,-5.9
1519.0,-9.99999999999998
1520.0,-9.99999999999998
1521.0,-5.9
1522.0,-8.700000000000003
1523.0,-9.3
1524.0,-9.000000000000002
1525.0,-6.1
1526.0,-9.99999999999998
1527.0,-9.99999999999998
1528.0,-11.199999999999994
1529.0,-9.99999999999998
1530.0,-13.199999999999987
1531.0,-12.599999999999989
1532.0,-9.99999999999998
1533.0,-14.699999999999982
1534.0,-8.100000000000001
1535.0,-7.1000000000000005
1536.0,-9.99999999999998
1537.0,-8.200000000000001
1538.0,-12.799999999999988
1539.0,-5.8
1540.0,-9.99999999999998
1541.0,-8.600000000000001
1542.0,-14.199999999999983
1543.0,-9.999999999999998
1544.0,-5.4
1545.0,-10.299999999999997
1546.0,-10.499999999999996
1547.0,-9.99999999999998
1548.0,-11.399999999999993
1549.0,-8.200000000000001
1550.0,-9.99999999999998
1551.0,-9.99999999999998
1552.0,-9.99999999999998
1553.0,-10.299999999999997
1554.0,-9.99999999999998
1555.0,-6.1
1556.0,-9.99999999999998
1557.0,-9.99999999999998
1558.0,-12.899999999999988
1559.0,-9.99999999999998
1560.0,-14.699999999999982
1561.0,-9.99999999999998
1562.0,-10.999999999999995
1563.0,-9.99999999999998
1564.0,-14.499999999999982
1565.0,-9.99999999999998
1566.0,-8.500000000000002
1567.0,-11.799999999999992
1568.0,-11.199999999999994
1569.0,-9.99999999999998
1570.0,-10.599999999999996
1571.0,-8.900000000000002
1572.0,-9.99999999999998
1573.0,-13.199999999999987
1574.0,-9.100000000000001
1575.0,-7.4
1576.0,-5.2
1577.0,-10.399999999999997
1578.0,-13.699999999999985
1579.0,-7.200000000000001
1580.0,-9.99999999999998
1581.0,-13.099999999999987
1582.0,-9.99999999999998
1583.0,-9.99999999999998
1584.0,-9.99999999999998
1585.0,-12.39999999999999
1586.0,-7.700000000000001
1587.0,-9.000000000000002
1588.0,-14.89999999999998
1589.0,-9.99999999999998
1590.0,-9.99999999999998
1591.0,-9.99999999999998
1592.0,-5.7
1593.0,-10.799999999999995
1594.0,-12.09999999999999
1595.0,-9.99999999999998
1596.0,-11.099999999999994
1597.0,-12.19999999999999
1598.0,-11.199999999999994
1599.0,-7.200000000000001
1600.0,-11.499999999999993
1601.0,-10.999999999999995
1602.0,-9.99999999999998
1603.0,-9.99999999999998
1604.0,-9.99999999999998
1605.0,-9.99999999999998
1606.0,-11.199999999999994
1607.0,-9.99999999999998
1608.0,-6.4
1609.0,-12.799999999999988
1610.0,-11.599999999999993
1611.0,-7.900000000000001
1612.0,-10.899999999999995
1613.0,-10.699999999999996
1614.0,-9.999999999999998
1615.0,-11.999999999999991
1616.0,-9.799999999999999
1617.0,-6.2
1618.0,-13.599999999999985
1619.0,-8.800000000000002
1620.0,-9.899999999999999
1621.0,-14.599999999999982
1622.0,-12.39999999999999
1623.0,-10.099999999999998
1624.0,-9.99999999999998
1625.0,-9.99999999999998
1626.0,-13.599999999999985
1627.0,-6.5
1628.0,-14.699999999999982
1629.0,-12.09999999999999
1630.0,-9.99999999999998
1631.0,-9.99999999999998
1632.0,-8.200000000000001
1633.0,-11.099999999999994
1634.0,-14.699999999999982
1635.0,-13.999999999999984
1636.0,-9.7
1637.0,-11.799999999999992
1638.0,-10.499999999999996
1639.0,-10.899999999999995
1640.0,-8.800000000000002
1641.0,-9.99999999999998
1642.0,-9.99999999999998
1643.0,-9.99999999999998
1644.0,-12.09999999999999
1645.0,-9.99999999999998
1646.0,-9.99999999999998
1647.0,-8.000000000000002
1648.0,-9.99999999999998
1649.0,-14.499999999999982
1650.0,-12.899999999999988
1651.0,-9.899999999999999
1652.0,-9.99999999999998
1653.0,-6.2
1654.0,-9.99999999999998
1655.0,-8.700000000000003
1656.0,-9.99999999999998
1657.0,-5.5
1658.0,-13.199999999999987
1659.0,-13.699999999999985
1660.0,-14.799999999999981
1661.0,-14.199999999999983
1662.0,-11.199999999999994
1663.0,-9.999999999999998
1664.0,-9.99999999999998
1665.0,-6.2
1666.0,-5.4
1667.0,-11.899999999999991
1668.0,-10.499999999999996
1669.0,-7.900000000000001
1670.0,-10.899999999999995
1671.0,-7.600000000000001
1672.0,-5.8
1673.0,-12.599999999999989
1674.0,-7.600000000000001
1675.0,-11.799999999999992
1676.0,-8.600000000000001
1677.0,-9.99999999999998
1678.0,-5.2
1679.0,-9.99999999999998
1680.0,-8.600000000000001
1681.0,-9.000000000000002
1682.0,-10.599999999999996
1683.0,-5.4
1684.0,-9.99999999999998
1685.0,-9.999999999999998
1686.0,-14.699999999999982
1687.0,-9.99999999999998
1688.0,-9.99999999999998
1689.0,-14.499999999999982
1690.0,-13.099999999999987
1691.0,-11.999999999999991
1692.0,-9.99999999999998
1693.0,-5.4
1694.0,-12.49999999999999
1695.0,-11.299999999999994
1696.0,-10.699999999999996
1697.0,-9.99999999999998
1698.0,-12.699999999999989
1699.0,-10.699999999999996
1700.0,-7.700000000000001
1701.0,-9.99999999999998
1702.0,-12.699999999999989
1703.0,-7.1000000000000005
1704.0,-14.89999999999998
1705.0,-7.1000000000000005
1706.0,-9.99999999999998
1707.0,-9.99999999999998
1708.0,-9.99999999999998
1709.0,-14.099999999999984
1710.0,-9.99999999999998
1711.0,-13.999999999999984
1712.0,-9.99999999999998
1713.0,-8.3
1714.0,-9.99999999999998
1715.0,-6.800000000000001
1716.0,-12.899999999999988
1717.0,-9.99999999999998
1718.0,-10.899999999999995
1719.0,-8.800000000000002
1720.0,-9.99999999999998
1721.0,-10.299999999999997
1722.0,-9.99999999999998
1723.0,-12.799999999999988
1724.0,-13.499999999999986
1725.0,-10.099999999999998
1726.0,-11.099999999999994
1727.0,-11.399999999999993
1728.0,-14.099999999999984
1729.0,-7.800000000000001
1730.0,-9.99999999999998
1731.0,-5.8
1732.0,-7.900000000000001
1733.0,-9.3
1734.0,-13.399999999999986
1735.0,-5.2
1736.0,-11.399999999999993
1737.0,-13.799999999999985
1738.0,-7.800000000000001
1739.0,-6.2
1740.0,-9.99999999999998
1741.0,-9.99999999999998
1742.0,-14.399999999999983
1743.0,-12.29999999999999
1744.0,-9.7
1745.0,-6.5
1746.0,-9.000000000000002
1747.0,-10.899999999999995
1748.0,-9.99999999999998
1749.0,-8.200000000000001
1750.0,-9.000000000000002
1751.0,-7.800000000000001
1752.0,-9.99999999999998
1753.0,-8.900000000000002
1754.0,-7.0
1755.0,-10.999999999999995
1756.0,-9.799999999999999
1757.0,-9.99999999999998
1758.0,-14.599999999999982
1759.0,-9.99999999999998
1760.0,-10.699999999999996
1761.0,-14.599999999999982
1762.0,-7.900000000000001
1763.0,-9.99999999999998
1764.0,-8.499999999999982
1765.0,-5.9
1766.0,-5.9
1767.0,-9.99999999999998
1768.0,-9.99999999999998
1769.0,-13.299999999999986
1770.0,-12.699999999999989
1771.0,-11.199999999999994
1772.0,-7.900000000000001
1773.0,-9.99999999999998
1774.0,-5.6
1775.0,-9.100000000000001
1776.0,-11.299999999999994
1777.0,-11.799999999999992
1778.0,-8.000000000000002
1779.0,-11.799999999999992
1780.0,-5.6
1781.0,-7.0
1782.0,-9.99999999999998
1783.0,-9.4
1784.0,-7.900000000000001
1785.0,-9.99999999999998
1786.0,-10.899999999999995
1787.0,-11.599999999999993
1788.0,-8.200000000000001
1789.0,-5.9
1790.0,-12.699999999999989
1791.0,-9.99999999999998
1792.0,-8.3
1793.0,-7.500000000000001
1794.0,-10.699999999999996
1795.0,-5.2
1796.0,-10.699999999999996
1797.0,-12.09999999999999
1798.0,-10.899999999999995
1799.0,-9.99999999999998
1800.0,-9.5
1801.0,-9.99999999999998
1802.0,-8.299999999999983
1803.0,-14.299999999999983
1804.0,-9.99999999999998
1805.0,-9.100000000000001
1806.0,-8.400000000000002
1807.0,-10.199999999999998
1808.0,-7.800000000000001
1809.0,-10.299999999999997
1810.0,-8.500000000000002
1811.0,-13.799999999999985
1812.0,-8.200000000000001
1813.0,-8.200000000000001
1814.0,-13.399999999999986
1815.0,-14.599999999999982
1816.0,-14.199999999999983
1817.0,-9.99999999999998
1818.0,-13.899999999999984
1819.0,-13.999999999999984
1820.0,-9.99999999999998
1821.0,-9.99999999999998
1822.0,-9.99999999999998
1823.0,-8.3
1824.0,-13.999999999999984
1825.0,-9.99999999999998
1826.0,-7.200000000000001
1827.0,-8.400000000000002
1828.0,-7.0
1829.0,-9.99999999999998
1830.0,-9.99999999999998
1831.0,-11.699999999999992
1832.0,-12.899999999999988
1833.0,-9.99999999999998
1834.0,-6.3
1835.0,-9.999999999999998
1836.0,-6.800000000000001
1837.0,-11.999999999999991
1838.0,-7.4
1839.0,-10.899999999999995
1840.0,-13.499999999999986
1841.0,-8.800000000000002
1842.0,-9.99999999999998
1843.0,-9.99999999999998
1844.0,-6.800000000000001
1845.0,-9.99999999999998
1846.0,-9.99999999999998
1847.0,-10.499999999999996
1848.0,-13.199999999999987
1849.0,-14.89999999999998
1850.0,-8.3
1851.0,-9.99999999999998
1852.0,-14.89999999999998
1853.0,-11.399999999999993
1854.0,-5.7
1855.0,-9.99999999999998
1856.0,-9.99999999999998
1857.0,-12.799999999999988
1858.0,-5.2
1859.0,-9.5
1860.0,-14.89999999999998
1861.0,-9.99999999999998
1862.0,-9.99999999999998
1863.0,-6.9
1864.0,-9.899999999999999
1865.0,-7.600000000000001
1866.0,-10.899999999999995
1867.0,-9.99999999999998
1868.0,-10.299999999999997
1869.0,-13.399999999999986
1870.0,-7.1000000000000005
1871.0,-9.99999999999998
1872.0,-5.6
1873.0,-13.099999999999987
1874.0,-13.399999999999986
1875.0,-10.399999999999997
1876.0,-9.99999999999998
1877.0,-14.099999999999984
1878.0,-14.699999999999982
1879.0,-9.99999999999998
1880.0,-8.100000000000001
1881.0,-10.699999999999996
1882.0,-11.499999999999993
1883.0,-7.4
1884.0,-13.599999999999985
1885.0,-9.99999999999998
1886.0,-8.700000000000003
1887.0,-12.19999999999999
1888.0,-11.099999999999994
1889.0,-9.99999999999998
1890.0,-12.39999999999999
1891.0,-9.99999999999998
1892.0,-10.699999999999996
1893.0,-6.1
1894.0,-9.99999999999998
1895.0,-9.99999999999998
1896.0,-5.3
1897.0,-11.599999999999993
1898.0,-12.799999999999988
1899.0,-9.99999999999998
1900.0,-9.5
1901.0,-9.99999999999998
1902.0,-9.99999999999998
1903.0,-5.2
1904.0,-7.600000000000001
1905.0,-9.99999999999998
1906.0,-14.199999999999983
1907.0,-7.200000000000001
1908.0,-9.99999999999998
1909.0,-9.99999999999998
1910.0,-14.699999999999982
1911.0,-9.99999999999998
1912.0,-9.99999999999998
1913.0,-5.7
1914.0,-9.99999999999998
1915.0,-9.99999999999998
1916.0,-7.600000000000001
1917.0,-9.99999999999998
1918.0,-9.99999999999998
1919.0,-10.199999999999998
1920.0,-6.800000000000001
1921.0,-9.99999999999998
1922.0,-9.99999999999998
1923.0,-9.99999999999998
1924.0,-14.799999999999981
1925.0,-9.99999999999998
1926.0,-8.3
1927.0,-13.999999999999984
1928.0,-9.99999999999998
1929.0,-8.3
1930.0,-12.999999999999988
1931.0,-9.99999999999998
1932.0,-9.99999999999998
1933.0,-6.800000000000001
1934.0,-9.99999999999998
1935.0,-9.99999999999998
1936.0,-13.599999999999985
1937.0,-13.599999999999985
1938.0,-13.299999999999986
1939.0,-13.999999999999984
1940.0,-11.399999999999993
1941.0,-9.799999999999999
1942.0,-12.29999999999999
1943.0,-14.399999999999983
1944.0,-6.1
1945.0,-8.400000000000002
1946.0,-11.399999999999993
1947.0,-7.300000000000001
1948.0,-9.799999999999999
1949.0,-7.4
1950.0,-9.99999999999998
1951.0,-9.99999999999998
1952.0,-9.000000000000002
1953.0,-7.0
1954.0,-8.100000000000001
1955.0,-12.799999999999988
1956.0,-9.99999999999998
1957.0,-13.099999999999987
1958.0,-8.700000000000003
1959.0,-10.999999999999995
1960.0,-14.099999999999984
1961.0,-9.99999999999998
1962.0,-9.99999999999998
1963.0,-10.799999999999995
1964.0,-13.099999999999987
1965.0,-10.199999999999998
1966.0,-9.6
1967.0,-12.09999999999999
1968.0,-9.99999999999998
1969.0,-9.99999999999998
1970.0,-9.99999999999998
1971.0,-9.99999999999998
1972.0,-8.600000000000001
1973.0,-9.99999999999998
1974.0,-12.29999999999999
1975.0,-9.99999999999998
1976.0,-9.99999999999998
1977.0,-9.99999999999998
1978.0,-9.200000000000001
1979.0,-5.5999999999999925
1980.0,-13.099999999999987
1981.0,-10.599999999999996
1982.0,-7.0
1983.0,-14.699999999999982
1984.0,-9.99999999999998
1985.0,-14.599999999999982
1986.0,-9.99999999999998
1987.0,-9.99999999999998
1988.0,-9.99999999999998
1989.0,-12.39999999999999
1990.0,-3.8999999999999986
1991.0,-9.6
1992.0,-6.9
1993.0,-9.799999999999999
1994.0,-11.099999999999994
1995.0,-9.99999999999998
1996.0,-9.000000000000002
1997.0,-9.99999999999998
1998.0,-8.3
1999.0,-9.99999999999998
2000.0,-9.99999999999998
2001.0,-9.99999999999998
2002.0,-11.899999999999991
2003.0,-10.099999999999998
2004.0,-9.4
2005.0,-9.99999999999998
2006.0,-11.299999999999994
2007.0,-8.099999999999984
2008.0,-12.599999999999989
2009.0,-10.099999999999998
2010.0,-13.599999999999985
2011.0,-8.299999999999983
2012.0,-13.399999999999986
2013.0,-12.39999999999999
2014.0,-7.800000000000001
2015.0,-9.99999999999998
2016.0,-9.99999999999998
2017.0,-10.399999999999997
2018.0,-9.99999999999998
2019.0,-14.89999999999998
2020.0,-8.400000000000002
2021.0,-9.999999999999998
2022.0,-8.500000000000002
2023.0,-7.800000000000001
2024.0,-6.4
2025.0,-9.99999999999998
2026.0,-8.500000000000002
2027.0,-9.99999999999998
2028.0,-9.99999999999998
2029.0,-8.000000000000002
2030.0,-9.99999999999998
2031.0,-10.499999999999996
2032.0,-9.99999999999998
2033.0,-9.99999999999998
2034.0,-7.800000000000001
2035.0,-10.899999999999995
2036.0,-11.699999999999992
2037.0,-14.599999999999982
2038.0,-9.99999999999998
2039.0,-9.99999999999998
2040.0,-6.5
2041.0,-9.99999999999998
2042.0,-8.200000000000001
2043.0,-7.500000000000001
2044.0,-13.099999999999987
2045.0,-9.000000000000002
2046.0,-9.899999999999999
2047.0,-12.29999999999999
2048.0,-7.0
2049.0,-9.99999999999998
2050.0,-9.4
2051.0,-7.0
2052.0,-7.200000000000001
2053.0,-9.99999999999998
2054.0,-12.29999999999999
2055.0,-14.399999999999983
2056.0,-13.799999999999985
2057.0,-13.699999999999985
2058.0,-9.99999999999998
2059.0,-9.200000000000001
2060.0,-9.99999999999998
2061.0,-13.399999999999986
2062.0,-9.99999999999998
2063.0,-11.899999999999991
2064.0,-9.99999999999998
2065.0,-10.099999999999998
2066.0,-9.99999999999998
2067.0,-12.39999999999999
2068.0,-11.099999999999994
2069.0,-5.799999999999992
2070.0,-10.599999999999996
2071.0,-10.599999999999996
2072.0,-9.99999999999998
2073.0,-10.199999999999998
2074.0,-7.300000000000001
2075.0,-13.699999999999985
2076.0,-10.799999999999995
2077.0,-10.199999999999998
2078.0,-11.399999999999993
2079.0,-9.3
2080.0,-7.4
2081.0,-11.099999999999994
2082.0,-10.799999999999995
2083.0,-9.99999999999998
2084.0,-10.499999999999996
2085.0,-9.99999999999998
2086.0,-9.99999999999998
2087.0,-9.99999999999998
2088.0,-12.599999999999989
2089.0,-10.999999999999995
2090.0,-7.200000000000001
2091.0,-10.999999999999995
2092.0,-8.700000000000003
2093.0,-11.099999999999994
2094.0,-8.100000000000001
2095.0,-10.299999999999997
2096.0,-14.399999999999983
2097.0,-9.4
2098.0,-9.99999999999998
2099.0,-9.99999999999998
2100.0,-6.7
2101.0,-9.99999999999998
2102.0,-9.799999999999999
2103.0,-8.000000000000002
2104.0,-7.200000000000001
2105.0,-12.699999999999989
2106.0,-6.800000000000001
2107.0,-8.100000000000001
2108.0,-8.700000000000003
2109.0,-11.099999999999994
2110.0,-12.29999999999999
2111.0,-10.099999999999998
2112.0,-9.5
2113.0,-9.99999999999998
2114.0,-14.099999999999984
2115.0,-7.0
2116.0,-7.700000000000001
2117.0,-7.200000000000001
2118.0,-11.499999999999993
2119.0,-13.699999999999985
2120.0,-8.800000000000002
2121.0,-5.4
2122.0,-10.099999999999998
2123.0,-9.3
2124.0,-10.599999999999996
2125.0,-9.99999999999998
2126.0,-13.099999999999987
2127.0,-10.799999999999995
2128.0,-9.3
2129.0,-10.699999999999996
2130.0,-9.99999999999998
2131.0,-9.99999999999998
2132.0,-9.100000000000001
2133.0,-10.999999999999995
2134.0,-8.900000000000002
2135.0,-8.100000000000001
2136.0,-12.799999999999988
2137.0,-9.99999999999998
2138.0,-8.500000000000002
2139.0,-9.6
2140.0,-11.499999999999993
2141.0,-9.99999999999998
2142.0,-10.799999999999995
2143.0,-5.6
2144.0,-10.799999999999995
2145.0,-9.99999999999998
2146.0,-13.899999999999984
2147.0,-9.99999999999998
2148.0,-9.99999999999998
2149.0,-12.29999999999999
2150.0,-9.99999999999998
2151.0,-9.99999999999998
2152.0,-13.199999999999987
2153.0,-8.900000000000002
2154.0,-9.100000000000001
2155.0,-9.4
2156.0,-9.000000000000002
2157.0,-12.999999999999988
2158.0,-7.800000000000001
2159.0,-9.99999999999998
2160.0,-9.99999999999998
2161.0,-8.500000000000002
2162.0,-10.799999999999995
2163.0,-9.99999999999998
2164.0,-10.199999999999998
2165.0,-12.699999999999989
2166.0,-11.199999999999994
2167.0,-7.0
2168.0,-12.49999999999999
2169.0,-7.600000000000001
2170.0,-7.0
2171.0,-10.399999999999997
2172.0,-9.99999999999998
2173.0,-11.499999999999993
2174.0,-7.800000000000001
2175.0,-9.99999999999998
2176.0,-9.99999999999998
2177.0,-5.8
2178.0,-9.99999999999998
2179.0,-9.000000000000002
2180.0,-13.699999999999985
2181.0,-11.899999999999991
2182.0,-6.6000000000000005
2183.0,-7.4
2184.0,-8.400000000000002
2185.0,-11.599999999999993
2186.0,-13.999999999999984
2187.0,-9.799999999999999
2188.0,-9.99999999999998
2189.0,-7.999999999999984
2190.0,-14.799999999999981
2191.0,-13.799999999999985
2192.0,-10.199999999999998
2193.0,-9.99999999999998
2194.0,-6.800000000000001
2195.0,-5.5
2196.0,-10.499999999999996
2197.0,-9.99999999999998
2198.0,-5.4
2199.0,-10.099999999999998
2200.0,-9.99999999999998
2201.0,-6.9
2202.0,-9.99999999999998
2203.0,-13.299999999999986
2204.0,-11.299999999999994
2205.0,-9.99999999999998
2206.0,-11.899999999999991
2207.0,-8.600000000000001
2208.0,-9.99999999999998
2209.0,-8.700000000000003
2210.0,-9.99999999999998
2211.0,-9.99999999999998
2212.0,-9.99999999999998
2213.0,-8.600000000000001
2214.0,-9.999999999999998
2215.0,-13.999999999999984
2216.0,-11.299999999999994
2217.0,-9.99999999999998
2218.0,-12.29999999999999
2219.0,-9.99999999999998
2220.0,-7.0
2221.0,-12.19999999999999
2222.0,-14.299999999999983
2223.0,-9.99999999999998
2224.0,-14.499999999999982
2225.0,-5.8
2226.0,-12.799999999999988
2227.0,-9.6
2228.0,-7.200000000000001
2229.0,-7.200000000000001
2230.0,-5.6
2231.0,-6.799999999999988
2232.0,-12.49999999999999
2233.0,-9.99999999999998
2234.0,-9.5
2235.0,-11.699999999999992
2236.0,-6.699999999999989
2237.0,-6.0
2238.0,-8.600000000000001
2239.0,-14.599999999999982
2240.0,-9.000000000000002
2241.0,-11.499999999999993
2242.0,-11.199999999999994
2243.0,-11.299999999999994
2244.0,-6.1
2245.0,-9.100000000000001
2246.0,-10.999999999999995
2247.0,-14.499999999999982
2248.0,-12.699999999999989
2249.0,-7.800000000000001
2250.0,-9.000000000000002
2251.0,-7.0
2252.0,-9.99999999999998
2253.0,-7.0
2254.0,-9.99999999999998
2255.0,-9.000000000000002
2256.0,-11.099999999999994
2257.0,-8.400000000000002
2258.0,-10.599999999999996
2259.0,-6.599999999999989
2260.0,-9.99999999999998
2261.0,-9.99999999999998
2262.0,-9.99999999999998
2263.0,-9.000000000000002
2264.0,-8.400000000000002
2265.0,-9.99999999999998
2266.0,-9.99999999999998
2267.0,-5.7
2268.0,-14.799999999999981
2269.0,-9.899999999999999
2270.0,-9.99999999999998
2271.0,-9.99999999999998
2272.0,-9.99999999999998
2273.0,-9.99999999999998
2274.0,-9.999999999999998
2275.0,-14.799999999999981
2276.0,-9.799999999999999
2277.0,-9.99999999999998
2278.0,-14.399999999999983
2279.0,-12.39999999999999
2280.0,-11.499999999999993
2281.0,-13.599999999999985
2282.0,-7.600000000000001
2283.0,-9.99999999999998
2284.0,-12.599999999999989
2285.0,-5.2
2286.0,-11.999999999999991
2287.0,-7.600000000000001
2288.0,-9.000000000000002
2289.0,-7.099999999999987
2290.0,-9.99999999999998
2291.0,-10.899999999999995
2292.0,-7.4
2293.0,-9.4
2294.0,-8.600000000000001
2295.0,-10.399999999999997
2296.0,-6.799999999999988
2297.0,-11.099999999999994
2298.0,-9.99999999999998
2299.0,-9.99999999999998
2300.0,-7.300000000000001
2301.0,-9.99999999999998
2302.0,-9.5
2303.0,-9.100000000000001
2304.0,-7.600000000000001
2305.0,-13.699999999999985
2306.0,-8.200000000000001
2307.0,-9.899999999999999
2308.0,-13.199999999999987
2309.0,-9.5
2310.0,-9.99999999999998
2311.0,-9.99999999999998
2312.0,-12.599999999999989
2313.0,-9.999999999999998
2314.0,-6.2
2315.0,-8.000000000000002
2316.0,-14.199999999999983
2317.0,-9.99999999999998
2318.0,-9.6
2319.0,-8.700000000000003
2320.0,-9.3
2321.0,-13.199999999999987
2322.0,-5.6
2323.0,-12.49999999999999
2324.0,-6.800000000000001
2325.0,-9.99999999999998
2326.0,-7.800000000000001
2327.0,-6.800000000000001
2328.0,-10.399999999999997
2329.0,-8.200000000000001
2330.0,-8.200000000000001
2331.0,-7.700000000000001
2332.0,-13.199999999999987
2333.0,-12.19999999999999
2334.0,-9.99999999999998
2335.0,-9.99999999999998
2336.0,-9.99999999999998
2337.0,-9.99999999999998
2338.0,-9.99999999999998
2339.0,-7.0
2340.0,-6.6000000000000005
2341.0,-9.99999999999998
2342.0,-9.99999999999998
2343.0,-11.099999999999994
2344.0,-8.89999999999998
2345.0,-9.99999999999998
2346.0,-9.99999999999998
2347.0,-9.99999999999998
2348.0,-5.299999999999994
2349.0,-9.99999999999998
2350.0,-9.99999999999998
2351.0,-9.99999999999998
2352.0,-7.800000000000001
2353.0,-13.399999999999986
2354.0,-10.499999999999996
2355.0,-13.299999999999986
2356.0,-9.99999999999998
2357.0,-11.099999999999994
2358.0,-5.2
2359.0,-9.000000000000002
2360.0,-9.99999999999998
2361.0,-7.399999999999986
2362.0,-12.29999999999999
2363.0,-11.699999999999992
2364.0,-9.99999999999998
2365.0,-9.5
2366.0,-10.899999999999995
2367.0,-9.99999999999998
2368.0,-11.399999999999993
2369.0,-4.799999999999995
2370.0,-9.99999999999998
2371.0,-8.200000000000001
2372.0,-9.99999999999998
2373.0,-10.299999999999997
2374.0,-14.499999999999982
2375.0,-7.1000000000000005
2376.0,-13.399999999999986
2377.0,-7.4
2378.0,-6.2
2379.0,-9.6
2380.0,-9.7
2381.0,-8.900000000000002
2382.0,-10.299999999999997
2383.0,-9.99999999999998
2384.0,-9.99999999999998
2385.0,-10.299999999999997
2386.0,-10.799999999999995
2387.0,-8.400000000000002
2388.0,-9.5
2389.0,-9.799999999999999
2390.0,-11.799999999999992
2391.0,-12.999999999999988
2392.0,-11.299999999999994
2393.0,-9.99999999999998
2394.0,-9.99999999999998
2395.0,-14.399999999999983
2396.0,-9.99999999999998
2397.0,-9.99999999999998
2398.0,-9.99999999999998
2399.0,-8.600000000000001
2400.0,-11.999999999999991
2401.0,-10.199999999999998
2402.0,-14.399999999999983
2403.0,-13.299999999999986
2404.0,-9.99999999999998
2405.0,-12.599999999999989
2406.0,-9.99999999999998
2407.0,-9.99999999999998
2408.0,-6.6000000000000005
2409.0,-9.7
2410.0,-9.99999999999998
2411.0,-8.000000000000002
2412.0,-9.5
2413.0,-9.99999999999998
2414.0,-11.399999999999993
2415.0,-14.299999999999983
2416.0,-13.499999999999986
2417.0,-10.199999999999998
2418.0,-14.499999999999982
2419.0,-5.4
2420.0,-9.99999999999998
2421.0,-7.600000000000001
2422.0,-9.3
2423.0,-5.6
2424.0,-9.99999999999998
2425.0,-14.299999999999983
2426.0,-6.699999999999989
2427.0,-12.999999999999988
2428.0,-11.399999999999993
2429.0,-9.99999999999998
2430.0,-10.799999999999995
2431.0,-9.99999999999998
2432.0,-12.699999999999989
2433.0,-7.0
2434.0,-13.699999999999985
2435.0,-11.599999999999993
2436.0,-9.99999999999998
2437.0,-9.6
2438.0,-7.300000000000001
2439.0,-10.199999999999998
2440.0,-9.99999999999998
2441.0,-9.99999999999998
2442.0,-10.099999999999998
2443.0,-9.99999999999998
2444.0,-12.29999999999999
2445.0,-12.799999999999988
2446.0,-10.399999999999997
2447.0,-11.499999999999993
2448.0,-12.799999999999988
2449.0,-9.99999999999998
2450.0,-10.499999999999996
2451.0,-9.3
2452.0,-12.49999999999999
2453.0,-10.799999999999995
2454.0,-8.700000000000003
2455.0,-8.099999999999984
2456.0,-10.499999999999996
2457.0,-10.399999999999997
2458.0,-9.99999999999998
2459.0,-7.600000000000001
2460.0,-9.99999999999998
2461.0,-7.200000000000001
2462.0,-8.3
2463.0,-7.700000000000001
2464.0,-12.599999999999989
2465.0,-9.99999999999998
2466.0,-8.299999999999983
2467.0,-14.599999999999982
2468.0,-9.99999999999998
2469.0,-11.999999999999991
2470.0,-12.999999999999988
2471.0,-12.799999999999988
2472.0,-9.99999999999998
2473.0,-14.699999999999982
2474.0,-10.299999999999997
2475.0,-5.999999999999991
2476.0,-11.999999999999991
2477.0,-9.99999999999998
2478.0,-8.3
2479.0,-13.899999999999984
2480.0,-8.900000000000002
2481.0,-6.4
2482.0,-9.99999999999998
2483.0,-7.500000000000001
2484.0,-9.99999999999998
2485.0,-9.99999999999998
2486.0,-9.000000000000002
2487.0,-7.800000000000001
2488.0,-9.5
2489.0,-7.500000000000001
2490.0,-7.900000000000001
2491.0,-5.4
2492.0,-9.100000000000001
2493.0,-14.199999999999983
2494.0,-13.799999999999985
2495.0,-9.99999999999998
2496.0,-6.099999999999991
2497.0,-7.500000000000001
2498.0,-9.99999999999998
2499.0,-5.5
2500.0,-7.300000000000001
2501.0,-11.799999999999992
2502.0,-9.99999999999998
2503.0,-9.99999999999998
2504.0,-12.599999999999989
2505.0,-8.400000000000002
2506.0,-9.99999999999998
2507.0,-9.99999999999998
2508.0,-9.99999999999998
2509.0,-11.999999999999991
2510.0,-7.500000000000001
2511.0,-10.799999999999995
2512.0,-9.99999999999998
2513.0,-14.399999999999983
2514.0,-9.99999999999998
2515.0,-9.4
2516.0,-8.500000000000002
2517.0,-6.9
2518.0,-9.99999999999998
2519.0,-10.299999999999997
2520.0,-12.799999999999988
2521.0,-14.799999999999981
2522.0,-12.799999999999988
2523.0,-7.099999999999987
2524.0,-10.899999999999995
2525.0,-9.99999999999998
2526.0,-9.99999999999998
2527.0,-9.99999999999998
2528.0,-7.0
2529.0,-10.099999999999998
2530.0,-11.499999999999993
2531.0,-8.400000000000002
2532.0,-6.599999999999989
2533.0,-7.800000000000001
2534.0,-9.99999999999998
2535.0,-10.299999999999997
2536.0,-9.99999999999998
2537.0,-6.099999999999991
2538.0,-6.7
2539.0,-6.6000000000000005
2540.0,-9.6
2541.0,-9.99999999999998
2542.0,-14.699999999999982
2543.0,-11.999999999999991
2544.0,-12.29999999999999
2545.0,-7.1000000000000005
2546.0,-10.899999999999995
2547.0,-9.99999999999998
2548.0,-9.899999999999999
2549.0,-14.499999999999982
2550.0,-6.39999999999999
2551.0,-10.099999999999998
2552.0,-9.3
2553.0,-13.899999999999984
2554.0,-10.199999999999998
2555.0,-9.99999999999998
2556.0,-8.699999999999982
2557.0,-4.999999999999995
2558.0,-12.799999999999988
2559.0,-12.799999999999988
2560.0,-8.400000000000002
2561.0,-7.0
2562.0,-9.000000000000002
2563.0,-11.699999999999992
2564.0,-6.800000000000001
2565.0,-7.0
2566.0,-9.99999999999998
2567.0,-8.3
2568.0,-9.99999999999998
2569.0,-9.99999999999998
2570.0,-9.99999999999998
2571.0,-13.299999999999986
2572.0,-9.3
2573.0,-14.099999999999984
2574.0,-7.200000000000001
2575.0,-10.599999999999996
2576.0,-9.99999999999998
2577.0,-9.99999999999998
2578.0,-11.499999999999993
2579.0,-14.399999999999983
2580.0,-8.800000000000002
2581.0,-7.1000000000000005
2582.0,-9.99999999999998
2583.0,-8.600000000000001
2584.0,-8.800000000000002
2585.0,-8.699999999999982
2586.0,-8.3
2587.0,-9.99999999999998
2588.0,-14.799999999999981
2589.0,-9.99999999999998
2590.0,-8.900000000000002
2591.0,-12.19999999999999
2592.0,-13.999999999999984
2593.0,-9.5
2594.0,-14.299999999999983
2595.0,-13.899999999999984
2596.0,-9.99999999999998
2597.0,-9.99999999999998
2598.0,-9.99999999999998
2599.0,-11.999999999999991
2600.0,-9.99999999999998
2601.0,-11.999999999999991
2602.0,-9.99999999999998
2603.0,-9.99999999999998
2604.0,-9.99999999999998
2605.0,-11.899999999999991
2606.0,-6.6000000000000005
2607.0,-14.399999999999983
2608.0,-6.1
2609.0,-9.99999999999998
2610.0,-5.4
2611.0,-8.900000000000002
2612.0,-13.199999999999987
2613.0,-8.800000000000002
2614.0,-9.100000000000001
2615.0,-9.6
2616.0,-9.99999999999998
2617.0,-9.99999999999998
2618.0,-5.5999999999999925
2619.0,-5.199999999999994
2620.0,-13.599999999999985
2621.0,-6.800000000000001
2622.0,-7.099999999999987
2623.0,-9.99999999999998
2624.0,-11.499999999999993
2625.0,-10.799999999999995
2626.0,-12.39999999999999
2627.0,-9.200000000000001
2628.0,-12.29999999999999
2629.0,-9.99999999999998
2630.0,-13.399999999999986
2631.0,-11.999999999999991
2632.0,-9.99999999999998
2633.0,-5.3
2634.0,-9.99999999999998
2635.0,-9.99999999999998
2636.0,-6.799999999999988
2637.0,-9.99999999999998
2638.0,-11.099999999999994
2639.0,-8.700000000000003
2640.0,-11.299999999999994
2641.0,-9.99999999999998
2642.0,-9.99999999999998
2643.0,-12.699999999999989
2644.0,-7.200000000000001
2645.0,-11.799999999999992
2646.0,-9.99999999999998
2647.0,-11.299999999999994
2648.0,-8.100000000000001
2649.0,-8.500000000000002
2650.0,-13.699999999999985
2651.0,-6.6000000000000005
2652.0,-10.499999999999996
2653.0,-4.299999999999997
2654.0,-6.19999999999999
2655.0,-14.799999999999981
2656.0,-6.999999999999988
2657.0,-9.99999999999998
2658.0,-12.09999999999999
2659.0,-14.199999999999983
2660.0,-9.99999999999998
2661.0,-7.1000000000000005
2662.0,-6.0
2663.0,-6.2
2664.0,-8.3
2665.0,-10.199999999999998
2666.0,-12.19999999999999
2667.0,-6.499999999999989
2668.0,-9.899999999999999
2669.0,-9.99999999999998
2670.0,-11.599999999999993
2671.0,-14.89999999999998
2672.0,-9.99999999999998
2673.0,-12.19999999999999
2674.0,-14.499999999999982
2675.0,-9.99999999999998
2676.0,-7.900000000000001
2677.0,-9.99999999999998
2678.0,-7.900000000000001
2679.0,-9.200000000000001
2680.0,-10.699999999999996
2681.0,-9.99999999999998
2682.0,-7.099999999999987
2683.0,-8.800000000000002
2684.0,-9.99999999999998
2685.0,-9.99999999999998
2686.0,-9.99999999999998
2687.0,-9.99999999999998
2688.0,-7.800000000000001
2689.0,-11.099999999999994
2690.0,-9.99999999999998
2691.0,-9.99999999999998
2692.0,-9.200000000000001
2693.0,-9.99999999999998
2694.0,-8.900000000000002
2695.0,-7.199999999999987
2696.0,-9.99999999999998
2697.0,-13.599999999999985
2698.0,-9.200000000000001
2699.0,-9.000000000000002
2700.0,-7.300000000000001
2701.0,-7.4
2702.0,-7.900000000000001
2703.0,-7.500000000000001
2704.0,-9.7
2705.0,-6.099999999999991
2706.0,-13.999999999999984
2707.0,-8.900000000000002
2708.0,-4.799999999999995
2709.0,-7.4
2710.0,-7.099999999999987
2711.0,-9.99999999999998
2712.0,-9.99999999999998
2713.0,-7.1000000000000005
2714.0,-7.699999999999985
2715.0,-9.7
2716.0,-9.7
2717.0,-7.600000000000001
2718.0,-9.99999999999998
2719.0,-10.199999999999998
2720.0,-5.499999999999993
2721.0,-9.99999999999998
2722.0,-11.099999999999994
2723.0,-6.29999999999999
2724.0,-7.700000000000001
2725.0,-8.500000000000002
2726.0,-5.299999999999994
2727.0,-9.99999999999998
2728.0,-9.000000000000002
2729.0,-6.499999999999989
2730.0,-7.700000000000001
2731.0,-13.499999999999986
2732.0,-8.89999999999998
2733.0,-9.99999999999998
2734.0,-10.799999999999995
2735.0,-4.699999999999996
2736.0,-11.499999999999993
2737.0,-8.099999999999984
2738.0,-5.499999999999993
2739.0,-8.099999999999984
2740.0,-12.09999999999999
2741.0,-11.599999999999993
2742.0,-4.299999999999997
2743.0,-13.999999999999984
2744.0,-5.8
2745.0,-11.999999999999991
2746.0,-8.900000000000002
2747.0,-4.999999999999995
2748.0,-9.99999999999998
2749.0,-7.500000000000001
2750.0,-12.599999999999989
2751.0,-7.099999999999987
2752.0,-14.89999999999998
2753.0,-8.100000000000001
2754.0,-7.499999999999986
2755.0,-4.399999999999997
2756.0,-9.899999999999999
2757.0,-13.799999999999985
2758.0,-9.99999999999998
2759.0,-10.599999999999996
2760.0,-9.99999999999998
2761.0,-9.99999999999998
2762.0,-9.99999999999998
2763.0,-5.299999999999994
2764.0,-9.99999999999998
2765.0,-9.99999999999998
2766.0,-5.299999999999994
2767.0,-6.0
2768.0,-10.599999999999996
2769.0,-10.099999999999998
2770.0,-9.99999999999998
2771.0,-7.300000000000001
2772.0,-9.000000000000002
2773.0,-9.99999999999998
2774.0,-9.99999999999998
2775.0,-10.799999999999995
2776.0,-6.999999999999988
2777.0,-9.7
2778.0,-8.299999999999983
2779.0,-13.099999999999987
2780.0,-11.999999999999991
2781.0,-8.800000000000002
2782.0,-9.7
2783.0,-4.699999999999996
2784.0,-11.199999999999994
2785.0,-9.99999999999998
2786.0,-9.99999999999998
2787.0,-7.300000000000001
2788.0,-9.99999999999998
2789.0,-8.100000000000001
2790.0,-5.8999999999999915
2791.0,-5.799999999999992
2792.0,-4.299999999999997
2793.0,-8.89999999999998
2794.0,-9.99999999999998
2795.0,-9.799999999999999
2796.0,-9.000000000000002
2797.0,-9.5
2798.0,-9.5
2799.0,-11.999999999999991
2800.0,-11.999999999999991
2801.0,-9.99999999999998
2802.0,-8.600000000000001
2803.0,-9.5
2804.0,-9.99999999999998
2805.0,-9.99999999999998
2806.0,-9.99999999999998
2807.0,-8.3
2808.0,-4.699999999999996
2809.0,-4.099999999999998
2810.0,-9.99999999999998
2811.0,-9.3
2812.0,-5.6
2813.0,-14.799999999999981
2814.0,-5.8999999999999915
2815.0,-9.99999999999998
2816.0,-7.800000000000001
2817.0,-5.8999999999999915
2818.0,-10.399999999999997
2819.0,-8.400000000000002
2820.0,-13.499999999999986
2821.0,-9.200000000000001
2822.0,-9.99999999999998
2823.0,-9.99999999999998
2824.0,-7.099999999999987
2825.0,-5.099999999999994
2826.0,-9.99999999999998
2827.0,-10.499999999999996
2828.0,-11.999999999999991
2829.0,-6.4
2830.0,-11.699999999999992
2831.0,-7.500000000000001
2832.0,-10.199999999999998
2833.0,-9.6
2834.0,-13.799999999999985
2835.0,-9.99999999999998
2836.0,-9.99999999999998
2837.0,-5.699999999999992
2838.0,-9.000000000000002
2839.0,-9.99999999999998
2840.0,-5.8999999999999915
2841.0,-8.500000000000002
2842.0,-11.399999999999993
2843.0,-10.499999999999996
2844.0,-12.49999999999999
2845.0,-9.99999999999998
2846.0,-9.99999999999998
2847.0,-11.099999999999994
2848.0,-6.3
2849.0,-7.4
2850.0,-9.99999999999998
2851.0,-5.9
2852.0,-8.000000000000002
2853.0,-8.3
2854.0,-6.499999999999989
2855.0,-8.099999999999984
2856.0,-5.699999999999992
2857.0,-4.099999999999998
2858.0,-9.99999999999998
2859.0,-5.8999999999999915
2860.0,-9.100000000000001
2861.0,-7.999999999999984
2862.0,-9.99999999999998
2863.0,-8.200000000000001
2864.0,-9.99999999999998
2865.0,-11.099999999999994
2866.0,-11.299999999999994
2867.0,-12.899999999999988
2868.0,-9.99999999999998
2869.0,-4.4999999999999964
2870.0,-9.99999999999998
2871.0,-13.399999999999986
2872.0,-9.99999999999998
2873.0,-6.799999999999988
2874.0,-11.899999999999991
2875.0,-9.799999999999999
2876.0,-11.999999999999991
2877.0,-4.099999999999998
2878.0,-9.799999999999999
2879.0,-8.900000000000002
2880.0,-8.399999999999983
2881.0,-14.199999999999983
2882.0,-10.399999999999997
2883.0,-8.600000000000001
2884.0,-10.299999999999997
2885.0,-8.500000000000002
2886.0,-9.99999999999998
2887.0,-5.999999999999991
2888.0,-8.400000000000002
2889.0,-9.99999999999998
2890.0,-10.099999999999998
2891.0,-9.99999999999998
2892.0,-12.29999999999999
2893.0,-7.499999999999986
2894.0,-13.499999999999986
2895.0,-9.7
2896.0,-10.799999999999995
2897.0,-6.499999999999989
2898.0,-8.600000000000001
2899.0,-9.99999999999998
2900.0,-9.99999999999998
2901.0,-10.499999999999996
2902.0,-4.099999999999998
2903.0,-6.800000000000001
2904.0,-7.600000000000001
2905.0,-8.500000000000002
2906.0,-7.599999999999985
2907.0,-9.99999999999998
2908.0,-7.699999999999985
2909.0,-11.399999999999993
2910.0,-8.199999999999983
2911.0,-9.99999999999998
2912.0,-9.99999999999998
2913.0,-7.200000000000001
2914.0,-9.799999999999999
2915.0,-7.999999999999984
2916.0,-10.999999999999995
2917.0,-11.699999999999992
2918.0,-11.199999999999994
2919.0,-9.99999999999998
2920.0,-8.499999999999982
2921.0,-9.99999999999998
2922.0,-7.800000000000001
2923.0,-9.99999999999998
2924.0,-10.999999999999995
2925.0,-4.699999999999996
2926.0,-5.299999999999994
2927.0,-9.99999999999998
2928.0,-7.899999999999984
2929.0,-11.699999999999992
2930.0,-10.999999999999995
2931.0,-9.100000000000001
2932.0,-9.000000000000002
2933.0,-9.99999999999998
2934.0,-10.299999999999997
2935.0,-6.6000000000000005
2936.0,-9.99999999999998
2937.0,-9.99999999999998
2938.0,-7.899999999999984
2939.0,-13.199999999999987
2940.0,-11.899999999999991
2941.0,-12.899999999999988
2942.0,-6.6000000000000005
2943.0,-7.900000000000001
2944.0,-7.4
2945.0,-9.99999999999998
2946.0,-7.0
2947.0,-8.699999999999982
2948.0,-9.99999999999998
2949.0,-8.900000000000002
2950.0,-8.900000000000002
2951.0,-5.799999999999992
2952.0,-6.1
2953.0,-9.99999999999998
2954.0,-7.4
2955.0,-9.100000000000001
2956.0,-11.099999999999994
2957.0,-7.099999999999987
2958.0,-9.3
2959.0,-6.800000000000001
2960.0,-4.799999999999995
2961.0,-9.5
2962.0,-12.19999999999999
2963.0,-9.100000000000001
2964.0,-5.999999999999991
2965.0,-6.6000000000000005
2966.0,-11.899999999999991
2967.0,-5.499999999999993
2968.0,-9.99999999999998
2969.0,-9.000000000000002
2970.0,-8.400000000000002
2971.0,-5.2
2972.0,-9.7
2973.0,-11.499999999999993
2974.0,-9.99999999999998
2975.0,-4.999999999999995
2976.0,-4.899999999999995
2977.0,-9.99999999999998
2978.0,-9.3
2979.0,-9.100000000000001
2980.0,-5.299999999999994
2981.0,-9.999999999999998
2982.0,-8.599999999999982
2983.0,-11.999999999999991
2984.0,-7.900000000000001
2985.0,-9.99999999999998
2986.0,-9.99999999999998
2987.0,-7.0
2988.0,-6.29999999999999
2989.0,-6.29999999999999
2990.0,-9.99999999999998
2991.0,-7.0
2992.0,-12.999999999999988
2993.0,-11.299999999999994
2994.0,-10.199999999999998
2995.0,-6.899999999999988
2996.0,-6.29999999999999
2997.0,-6.19999999999999
2998.0,-10.199999999999998
2999.0,-7.099999999999987
3000.0,-7.4
3001.0,-5.099999999999994
3002.0,-8.900000000000002
3003.0,-12.49999999999999
3004.0,-9.99999999999998
3005.0,-6.19999999999999
3006.0,-9.99999999999998
3007.0,-8.000000000000002
3008.0,-6.699999999999989
3009.0,-9.99999999999998
3010.0,-8.000000000000002
3011.0,-5.199999999999994
3012.0,-9.6
3013.0,-9.99999999999998
3014.0,-9.3
3015.0,-9.99999999999998
3016.0,-3.799999999999999
3017.0,-6.699999999999989
3018.0,-9.7
3019.0,-9.999999999999998
3020.0,-9.3
3021.0,-8.900000000000002
3022.0,-6.6000000000000005
3023.0,-10.699999999999996
3024.0,-5.999999999999991
3025.0,-3.8999999999999986
3026.0,-9.200000000000001
3027.0,-14.699999999999982
3028.0,-9.99999999999998
3029.0,-10.399999999999997
3030.0,-6.899999999999988
3031.0,-6.6000000000000005
3032.0,-5.5999999999999925
3033.0,-5.2
3034.0,-7.800000000000001
3035.0,-9.000000000000002
3036.0,-12.19999999999999
3037.0,-8.3
3038.0,-14.199999999999983
3039.0,-10.899999999999995
3040.0,-12.09999999999999
3041.0,-3.4000000000000004
3042.0,-6.29999999999999
3043.0,-10.299999999999997
3044.0,-9.99999999999998
3045.0,-10.999999999999995
3046.0,-11.099999999999994
3047.0,-10.099999999999998
3048.0,-8.700000000000003
3049.0,-6.699999999999989
3050.0,-5.299999999999994
3051.0,-10.099999999999998
3052.0,-9.99999999999998
3053.0,-6.39999999999999
3054.0,-5.099999999999994
3055.0,-9.899999999999999
3056.0,-7.800000000000001
3057.0,-10.799999999999995
3058.0,-10.599999999999996
3059.0,-6.099999999999991
3060.0,-9.4
3061.0,-3.1000000000000014
3062.0,-7.699999999999985
3063.0,-6.699999999999989
3064.0,-5.699999999999992
3065.0,-10.999999999999995
3066.0,-3.1000000000000014
3067.0,-7.599999999999985
3068.0,-12.09999999999999
3069.0,-7.800000000000001
3070.0,-12.29999999999999
3071.0,-4.699999999999996
3072.0,-11.899999999999991
3073.0,-5.699999999999992
3074.0,-9.5
3075.0,-9.4
3076.0,-7.4
3077.0,-12.39999999999999
3078.0,-9.99999999999998
3079.0,-8.89999999999998
3080.0,-9.99999999999998
3081.0,-6.39999999999999
3082.0,-11.999999999999991
3083.0,-8.299999999999983
3084.0,-6.29999999999999
3085.0,-9.99999999999998
3086.0,-9.99999999999998
3087.0,-6.599999999999989
3088.0,-9.99999999999998
3089.0,-11.599999999999993
3090.0,-13.099999999999987
3091.0,-9.99999999999998
3092.0,-5.3
3093.0,-9.799999999999999
3094.0,-9.99999999999998
3095.0,-4.4999999999999964
3096.0,-10.699999999999996
3097.0,-6.7
3098.0,-11.599999999999993
3099.0,-10.099999999999998
3100.0,-7.599999999999985
3101.0,-4.799999999999995
3102.0,-12.19999999999999
3103.0,-7.900000000000001
3104.0,-9.99999999999998
3105.0,-10.199999999999998
3106.0,-11.699999999999992
3107.0,-5.099999999999994
3108.0,-9.899999999999999
3109.0,-9.7
3110.0,-9.99999999999998
3111.0,-7.600000000000001
3112.0,-8.000000000000002
3113.0,-11.299999999999994
3114.0,-9.99999999999998
3115.0,-14.099999999999984
3116.0,-13.599999999999985
3117.0,-7.2999999999999865
3118.0,-9.5
3119.0,-9.200000000000001
3120.0,-7.4
3121.0,-7.300000000000001
3122.0,-9.3
3123.0,-9.99999999999998
3124.0,-9.000000000000002
3125.0,-9.000000000000002
3126.0,-8.3
3127.0,-9.999999999999998
3128.0,-9.5
3129.0,-10.699999999999996
3130.0,-7.800000000000001
3131.0,-9.99999999999998
3132.0,-9.3
3133.0,-8.400000000000002
3134.0,-5.5
3135.0,-9.99999999999998
3136.0,-9.799999999999999
3137.0,-7.800000000000001
3138.0,-7.699999999999985
3139.0,-9.7
3140.0,-10.099999999999998
3141.0,-11.099999999999994
3142.0,-5.799999999999992
3143.0,-9.99999999999998
3144.0,-7.600000000000001
3145.0,-11.699999999999992
3146.0,-10.299999999999997
3147.0,-11.899999999999991
3148.0,-10.699999999999996
3149.0,-9.99999999999998
3150.0,-9.000000000000002
3151.0,-7.0
3152.0,-9.99999999999998
3153.0,-5.499999999999993
3154.0,-8.3
3155.0,-5.099999999999994
3156.0,-6.6000000000000005
3157.0,-7.800000000000001
3158.0,-9.99999999999998
3159.0,-8.299999999999983
3160.0,-4.4999999999999964
3161.0,-9.000000000000002
3162.0,-6.6000000000000005
3163.0,-7.500000000000001
3164.0,-8.400000000000002
3165.0,-7.200000000000001
3166.0,-11.399999999999993
3167.0,-11.099999999999994
3168.0,-7.499999999999986
3169.0,-6.3
3170.0,-13.499999999999986
3171.0,-9.99999999999998
3172.0,-11.499999999999993
3173.0,-9.99999999999998
3174.0,-14.299999999999983
3175.0,-5.699999999999992
3176.0,-9.99999999999998
3177.0,-6.3
3178.0,-10.699999999999996
3179.0,-12.29999999999999
3180.0,-9.99999999999998
3181.0,-7.0
3182.0,-9.000000000000002
3183.0,-9.4
3184.0,-10.599999999999996
3185.0,-5.5
3186.0,-6.2
3187.0,-9.99999999999998
3188.0,-8.799999999999981
3189.0,-4.399999999999997
3190.0,-9.799999999999999
3191.0,-9.99999999999998
3192.0,-5.699999999999992
3193.0,-3.5
3194.0,-8.099999999999984
3195.0,-6.4
3196.0,-5.6
3197.0,-13.099999999999987
3198.0,-6.6000000000000005
3199.0,-5.799999999999992
3200.0,-9.799999999999999
3201.0,-13.499999999999986
3202.0,-6.29999999999999
3203.0,-7.0
3204.0,-10.099999999999998
3205.0,-7.399999999999986
3206.0,-8.500000000000002
3207.0,-14.299999999999983
3208.0,-9.99999999999998
3209.0,-9.99999999999998
3210.0,-9.99999999999998
3211.0,-12.39999999999999
3212.0,-9.99999999999998
3213.0,-9.99999999999998
3214.0,-8.600000000000001
3215.0,-9.99999999999998
3216.0,-10.199999999999998
3217.0,-10.599999999999996
3218.0,-9.99999999999998
3219.0,-11.099999999999994
3220.0,-7.500000000000001
3221.0,-8.400000000000002
3222.0,-11.599999999999993
3223.0,-7.300000000000001
3224.0,-10.099999999999998
3225.0,-9.99999999999998
3226.0,-11.699999999999992
3227.0,-9.99999999999998
3228.0,-8.499999999999982
3229.0,-6.4
3230.0,-10.999999999999995
3231.0,-8.200000000000001
3232.0,-6.999999999999988
3233.0,-11.099999999999994
3234.0,-8.599999999999982
3235.0,-9.99999999999998
3236.0,-6.499999999999989
3237.0,-9.99999999999998
3238.0,-9.99999999999998
3239.0,-8.199999999999983
3240.0,-6.39999999999999
3241.0,-4.699999999999996
3242.0,-9.99999999999998
3243.0,-5.8999999999999915
3244.0,-6.599999999999989
3245.0,-7.0
3246.0,-9.99999999999998
3247.0,-7.0
3248.0,-9.99999999999998
3249.0,-9.99999999999998
3250.0,-6.29999999999999
3251.0,-7.700000000000001
3252.0,-6.800000000000001
3253.0,-11.399999999999993
3254.0,-3.8999999999999986
3255.0,-11.699999999999992
3256.0,-8.900000000000002
3257.0,-9.99999999999998
3258.0,-6.1
3259.0,-9.99999999999998
3260.0,-10.199999999999998
3261.0,-6.29999999999999
3262.0,-4.699999999999996
3263.0,-9.99999999999998
3264.0,-8.100000000000001
3265.0,-9.3
3266.0,-3.799999999999999
3267.0,-4.799999999999995
3268.0,-8.200000000000001
3269.0,-3.3000000000000007
3270.0,-6.800000000000001
3271.0,-4.799999999999995
3272.0,-6.800000000000001
3273.0,-9.99999999999998
3274.0,-9.99999999999998
3275.0,-8.800000000000002
3276.0,-9.200000000000001
3277.0,-5.099999999999994
3278.0,-7.200000000000001
3279.0,-4.999999999999995
3280.0,-6.800000000000001
3281.0,-7.199999999999987
3282.0,-7.1000000000000005
3283.0,-11.999999999999991
3284.0,-9.100000000000001
3285.0,-10.699999999999996
3286.0,-3.6999999999999993
3287.0,-12.799999999999988
3288.0,-7.1000000000000005
3289.0,-7.500000000000001
3290.0,-12.19999999999999
3291.0,-13.999999999999984
3292.0,-4.699999999999996
3293.0,-4.4999999999999964
3294.0,-8.400000000000002
3295.0,-5.7
3296.0,-7.700000000000001
3297.0,-12.09999999999999
3298.0,-10.099999999999998
3299.0,-9.99999999999998
3300.0,-10.799999999999995
3301.0,-5.4
3302.0,-8.100000000000001
3303.0,-9.000000000000002
3304.0,-7.200000000000001
3305.0,-14.399999999999983
3306.0,-9.99999999999998
3307.0,-5.5999999999999925
3308.0,-9.99999999999998
3309.0,-9.7
3310.0,-10.299999999999997
3311.0,-12.699999999999989
3312.0,-10.499999999999996
3313.0,-7.700000000000001
3314.0,-4.099999999999998
3315.0,-12.49999999999999
3316.0,-6.2
3317.0,-10.999999999999995
3318.0,-4.399999999999997
3319.0,-9.99999999999998
3320.0,-4.4999999999999964
3321.0,-5.099999999999994
3322.0,-4.299999999999997
3323.0,-11.299999999999994
3324.0,-10.499999999999996
3325.0,-6.9
3326.0,-7.300000000000001
3327.0,-4.599999999999996
3328.0,-9.200000000000001
3329.0,-9.99999999999998
3330.0,-8.400000000000002
3331.0,-9.99999999999998
3332.0,-8.000000000000002
3333.0,-8.799999999999981
3334.0,-9.7
3335.0,-10.999999999999995
3336.0,-5.499999999999993
3337.0,-13.899999999999984
3338.0,-5.5999999999999925
3339.0,-9.99999999999998
3340.0,-6.0
3341.0,-13.499999999999986
3342.0,-13.999999999999984
3343.0,-8.700000000000003
3344.0,-7.900000000000001
3345.0,-5.399999999999993
3346.0,-3.3000000000000007
3347.0,-5.399999999999993
3348.0,-9.99999999999998
3349.0,-9.99999999999998
3350.0,-9.5
3351.0,-8.499999999999982
3352.0,-9.99999999999998
3353.0,-10.799999999999995
3354.0,-7.1000000000000005
3355.0,-4.4999999999999964
3356.0,-6.099999999999991
3357.0,-6.699999999999989
3358.0,-13.399999999999986
3359.0,-5.299999999999994
3360.0,-3.5
3361.0,-10.499999999999996
3362.0,-4.099999999999998
3363.0,-4.4999999999999964
3364.0,-7.200000000000001
3365.0,-9.99999999999998
3366.0,-9.99999999999998
3367.0,-9.99999999999998
3368.0,-7.399999999999986
3369.0,-5.499999999999993
3370.0,-7.399999999999986
3371.0,-4.599999999999996
3372.0,-13.699999999999985
3373.0,-9.99999999999998
3374.0,-9.99999999999998
3375.0,-9.99999999999998
3376.0,-3.9999999999999982
3377.0,-9.99999999999998
3378.0,-13.399999999999986
3379.0,-8.299999999999983
3380.0,-6.29999999999999
3381.0,-9.99999999999998
3382.0,-11.199999999999994
3383.0,-5.699999999999992
3384.0,-10.899999999999995
3385.0,-4.899999999999995
3386.0,-7.4
3387.0,-9.6
3388.0,-7.099999999999987
3389.0,-8.500000000000002
3390.0,-9.899999999999999
3391.0,-10.099999999999998
3392.0,-6.29999999999999
3393.0,-6.099999999999991
3394.0,-9.99999999999998
3395.0,-11.799999999999992
3396.0,-4.299999999999997
3397.0,-11.699999999999992
3398.0,-6.39999999999999
3399.0,-4.799999999999995
3400.0,-7.799999999999985
3401.0,-9.99999999999998
3402.0,-3.5
3403.0,-9.99999999999998
3404.0,-5.299999999999994
3405.0,-8.499999999999982
3406.0,-7.099999999999987
3407.0,-9.99999999999998
3408.0,-9.99999999999998
3409.0,-9.99999999999998
3410.0,-7.099999999999987
3411.0,-6.29999999999999
3412.0,-7.200000000000001
3413.0,-8.900000000000002
3414.0,-3.1000000000000014
3415.0,-8.499999999999982
3416.0,-5.099999999999994
3417.0,-9.99999999999998
3418.0,-13.899999999999984
3419.0,-7.800000000000001
3420.0,-12.899999999999988
3421.0,-13.399999999999986
3422.0,-5.999999999999991
3423.0,-6.5
3424.0,-11.899999999999991
3425.0,-7.800000000000001
3426.0,-5.4
3427.0,-9.99999999999998
3428.0,-8.399999999999983
3429.0,-12.999999999999988
3430.0,-7.699999999999985
3431.0,-9.99999999999998
3432.0,-7.900000000000001
3433.0,-6.6000000000000005
3434.0,-9.4
3435.0,-7.200000000000001
3436.0,-4.899999999999995
3437.0,-6.29999999999999
3438.0,-9.99999999999998
3439.0,-8.800000000000002
3440.0,-6.499999999999989
3441.0,-9.99999999999998
3442.0,-6.29999999999999
3443.0,-5.199999999999994
3444.0,-6.19999999999999
3445.0,-9.5
3446.0,-12.09999999999999
3447.0,-6.499999999999989
3448.0,-9.99999999999998
3449.0,-9.99999999999998
3450.0,-9.3
3451.0,-8.800000000000002
3452.0,-9.99999999999998
3453.0,-4.4999999999999964
3454.0,-5.199999999999994
3455.0,-4.099999999999998
3456.0,-9.99999999999998
3457.0,-5.8999999999999915
3458.0,-6.099999999999991
3459.0,-12.799999999999988
3460.0,-7.499999999999986
3461.0,-9.99999999999998
3462.0,-6.2
3463.0,-11.699999999999992
3464.0,-11.499999999999993
3465.0,-8.900000000000002
3466.0,-4.699999999999996
3467.0,-12.999999999999988
3468.0,-3.1000000000000014
3469.0,-8.799999999999981
3470.0,-9.99999999999998
3471.0,-3.200000000000001
3472.0,-12.29999999999999
3473.0,-4.299999999999997
3474.0,-10.599999999999996
3475.0,-3.5999999999999996
3476.0,-4.4999999999999964
3477.0,-9.99999999999998
3478.0,-5.299999999999994
3479.0,-5.699999999999992
3480.0,-9.99999999999998
3481.0,-5.8999999999999915
3482.0,-6.800000000000001
3483.0,-9.99999999999998
3484.0,-11.099999999999994
3485.0,-3.3000000000000007
3486.0,-6.19999999999999
3487.0,-3.799999999999999
3488.0,-5.399999999999993
3489.0,-11.399999999999993
3490.0,-5.699999999999992
3491.0,-6.39999999999999
3492.0,-6.099999999999991
3493.0,-3.6999999999999993
3494.0,-11.499999999999993
3495.0,-6.099999999999991
3496.0,-8.600000000000001
3497.0,-5.5999999999999925
3498.0,-6.999999999999988
3499.0,-5.299999999999994
3500.0,-4.299999999999997
3501.0,-9.4
3502.0,-5.5999999999999925
3503.0,-4.999999999999995
3504.0,-3.8999999999999986
3505.0,-11.499999999999993
3506.0,-4.699999999999996
3507.0,-3.3000000000000007
3508.0,-5.099999999999994
3509.0,-10.499999999999996
3510.0,-6.699999999999989
3511.0,-9.99999999999998
3512.0,-11.199999999999994
3513.0,-7.1000000000000005
3514.0,-9.99999999999998
3515.0,-7.300000000000001
3516.0,-9.3
3517.0,-4.099999999999998
3518.0,-10.599999999999996
3519.0,-9.99999999999998
3520.0,-12.899999999999988
3521.0,-10.499999999999996
3522.0,-7.800000000000001
3523.0,-9.99999999999998
3524.0,-8.900000000000002
3525.0,-4.399999999999997
3526.0,-9.99999999999998
3527.0,-9.99999999999998
3528.0,-6.19999999999999
3529.0,-9.99999999999998
3530.0,-9.99999999999998
3531.0,-7.799999999999985
3532.0,-8.499999999999982
3533.0,-7.699999999999985
3534.0,-6.499999999999989
3535.0,-10.699999999999996
3536.0,-11.699999999999992
3537.0,-7.099999999999987
3538.0,-7.499999999999986
3539.0,-2.700000000000002
3540.0,-9.6
3541.0,-6.099999999999991
3542.0,-10.199999999999998
3543.0,-5.699999999999992
3544.0,-4.899999999999995
3545.0,-6.800000000000001
3546.0,-11.399999999999993
3547.0,-9.7
3548.0,-9.99999999999998
3549.0,-7.800000000000001
3550.0,-11.099999999999994
3551.0,-9.200000000000001
3552.0,-5.099999999999994
3553.0,-4.399999999999997
3554.0,-7.0
3555.0,-5.299999999999994
3556.0,-7.500000000000001
3557.0,-8.400000000000002
3558.0,-4.599999999999996
3559.0,-9.99999999999998
3560.0,-4.099999999999998
3561.0,-8.599999999999982
3562.0,-7.199999999999987
3563.0,-4.699999999999996
3564.0,-4.699999999999996
3565.0,-6.29999999999999
3566.0,-12.09999999999999
3567.0,-7.599999999999985
3568.0,-9.4
3569.0,-4.599999999999996
3570.0,-9.99999999999998
3571.0,-4.999999999999995
3572.0,-5.8999999999999915
3573.0,-9.99999999999998
3574.0,-9.99999999999998
3575.0,-8.100000000000001
3576.0,-10.899999999999995
3577.0,-14.099999999999984
3578.0,-9.5
3579.0,-7.499999999999986
3580.0,-7.599999999999985
3581.0,-9.4
3582.0,-6.4
3583.0,-10.799999999999995
3584.0,-6.799999999999988
3585.0,-6.800000000000001
3586.0,-8.000000000000002
3587.0,-8.500000000000002
3588.0,-9.99999999999998
3589.0,-4.399999999999997
3590.0,-5.499999999999993
3591.0,-7.699999999999985
3592.0,-8.600000000000001
3593.0,-4.699999999999996
3594.0,-6.799999999999988
3595.0,-9.99999999999998
3596.0,-7.4
3597.0,-5.299999999999994
3598.0,-7.1000000000000005
3599.0,-4.899999999999995
3600.0,-10.299999999999997
3601.0,-8.600000000000001
3602.0,-9.3
3603.0,-3.8999999999999986
3604.0,-4.999999999999995
3605.0,-9.99999999999998
3606.0,-7.999999999999984
3607.0,-9.99999999999998
3608.0,-10.599999999999996
3609.0,-5.9
3610.0,-9.000000000000002
3611.0,-7.700000000000001
3612.0,-11.699999999999992
3613.0,-3.8999999999999986
3614.0,-9.99999999999998
3615.0,-10.799999999999995
3616.0,-11.299999999999994
3617.0,-4.299999999999997
3618.0,-10.299999999999997
3619.0,-6.099999999999991
3620.0,-9.899999999999999
3621.0,-5.299999999999994
3622.0,-4.299999999999997
3623.0,-7.4
3624.0,-4.399999999999997
3625.0,-9.4
3626.0,-9.99999999999998
3627.0,-10.699999999999996
3628.0,-4.799999999999995
3629.0,-7.699999999999985
3630.0,-7.699999999999985
3631.0,-8.499999999999982
3632.0,-3.8999999999999986
3633.0,-4.099999999999998
3634.0,-8.900000000000002
3635.0,-9.000000000000002
3636.0,-11.199999999999994
3637.0,-9.99999999999998
3638.0,-13.099999999999987
3639.0,-4.4999999999999964
3640.0,-9.99999999999998
3641.0,-12.09999999999999
3642.0,-4.299999999999997
3643.0,-14.399999999999983
3644.0,-10.299999999999997
3645.0,-12.699999999999989
3646.0,-14.099999999999984
3647.0,-4.099999999999998
3648.0,-10.899999999999995
3649.0,-6.39999999999999
3650.0,-5.299999999999994
3651.0,-4.699999999999996
3652.0,-4.299999999999997
3653.0,-10.299999999999997
3654.0,-9.5
3655.0,-3.8999999999999986
3656.0,-5.699999999999992
3657.0,-4.699999999999996
3658.0,-5.499999999999993
3659.0,-3.3000000000000007
3660.0,-5.699999999999992
3661.0,-10.399999999999997
3662.0,-3.8999999999999986
3663.0,-9.99999999999998
3664.0,-5.099999999999994
3665.0,-14.399999999999983
3666.0,-9.99999999999998
3667.0,-4.399999999999997
3668.0,-5.499999999999993
3669.0,-7.099999999999987
3670.0,-7.499999999999986
3671.0,-4.4999999999999964
3672.0,-9.99999999999998
3673.0,-4.299999999999997
3674.0,-6.0
3675.0,-5.099999999999994
3676.0,-5.099999999999994
3677.0,-11.099999999999994
3678.0,-12.09999999999999
3679.0,-3.200000000000001
3680.0,-9.100000000000001
3681.0,-4.899999999999995
3682.0,-11.199999999999994
3683.0,-9.7
3684.0,-4.699999999999996
3685.0,-8.399999999999983
3686.0,-6.1
3687.0,-9.99999999999998
3688.0,-7.099999999999987
3689.0,-9.99999999999998
3690.0,-3.6999999999999993
3691.0,-14.499999999999982
3692.0,-4.099999999999998
3693.0,-9.99999999999998
3694.0,-10.699999999999996
3695.0,-3.5
3696.0,-4.4999999999999964
3697.0,-5.8999999999999915
3698.0,-9.99999999999998
3699.0,-3.8999999999999986
3700.0,-9.6
3701.0,-9.3
3702.0,-7.800000000000001
3703.0,-9.99999999999998
3704.0,-4.599999999999996
3705.0,-4.899999999999995
3706.0,-4.099999999999998
3707.0,-7.600000000000001
3708.0,-13.099999999999987
3709.0,-10.699999999999996
3710.0,-5.799999999999992
3711.0,-7.500000000000001
3712.0,-6.800000000000001
3713.0,-9.99999999999998
3714.0,-4.4999999999999964
3715.0,-7.900000000000001
3716.0,-4.299999999999997
3717.0,-3.8999999999999986
3718.0,-11.899999999999991
3719.0,-8.100000000000001
3720.0,-9.99999999999998
3721.0,-5.799999999999992
3722.0,-3.5
3723.0,-9.99999999999998
3724.0,-9.000000000000002
3725.0,-9.200000000000001
3726.0,-4.699999999999996
3727.0,-9.99999999999998
3728.0,-9.6
3729.0,-8.000000000000002
3730.0,-3.799999999999999
3731.0,-9.000000000000002
3732.0,-3.5999999999999996
3733.0,-9.000000000000002
3734.0,-5.299999999999994
3735.0,-9.799999999999999
3736.0,-6.1
3737.0,-6.799999999999988
3738.0,-3.9999999999999982
3739.0,-5.5999999999999925
3740.0,-3.8999999999999986
3741.0,-4.699999999999996
3742.0,-3.799999999999999
3743.0,-13.899999999999984
3744.0,-8.399999999999983
3745.0,-5.299999999999994
3746.0,-6.499999999999989
3747.0,-12.699999999999989
3748.0,-9.200000000000001
3749.0,-4.399999999999997
3750.0,-9.200000000000001
3751.0,-11.999999999999991
3752.0,-9.999999999999998
3753.0,-5.9
3754.0,-4.799999999999995
3755.0,-5.799999999999992
3756.0,-5.4
3757.0,-6.899999999999988
3758.0,-8.500000000000002
3759.0,-9.99999999999998
3760.0,-7.800000000000001
3761.0,-8.299999999999983
3762.0,-4.899999999999995
3763.0,-9.899999999999999
3764.0,-5.499999999999993
3765.0,-9.4
3766.0,-11.999999999999991
3767.0,-6.499999999999989
3768.0,-3.6999999999999993
3769.0,-11.599999999999993
3770.0,-7.399999999999986
3771.0,-5.799999999999992
3772.0,-3.6999999999999993
3773.0,-6.7
3774.0,-6.4
3775.0,-4.399999999999997
3776.0,-7.200000000000001
3777.0,-4.299999999999997
3778.0,-8.89999999999998
3779.0,-6.4
3780.0,-4.1999999999999975
3781.0,-3.3000000000000007
3782.0,-3.6999999999999993
3783.0,-3.6999999999999993
3784.0,-3.8999999999999986
3785.0,-6.19999999999999
3786.0,-6.800000000000001
3787.0,-4.699999999999996
3788.0,-9.7
3789.0,-9.000000000000002
3790.0,-4.699999999999996
3791.0,-7.600000000000001
3792.0,-4.899999999999995
3793.0,-5.699999999999992
3794.0,-3.8999999999999986
3795.0,-8.400000000000002
3796.0,-11.599999999999993
3797.0,-13.899999999999984
3798.0,-10.099999999999998
3799.0,-9.99999999999998
3800.0,-4.299999999999997
3801.0,-3.200000000000001
3802.0,-6.39999999999999
3803.0,-9.99999999999998
3804.0,-6.29999999999999
3805.0,-3.5
3806.0,-5.5
3807.0,-3.5
3808.0,-11.199999999999994
3809.0,-4.299999999999997
3810.0,-6.800000000000001
3811.0,-7.800000000000001
3812.0,-6.39999999999999
3813.0,-13.099999999999987
3814.0,-3.4000000000000004
3815.0,-7.499999999999986
3816.0,-9.799999999999999
3817.0,-6.699999999999989
3818.0,-8.600000000000001
3819.0,-13.099999999999987
3820.0,-9.799999999999999
3821.0,-7.499999999999986
3822.0,-3.1000000000000014
3823.0,-4.599999999999996
3824.0,-3.1000000000000014
3825.0,-11.299999999999994
3826.0,-3.4000000000000004
3827.0,-7.800000000000001
3828.0,-5.5
3829.0,-3.6999999999999993
3830.0,-13.099999999999987
3831.0,-7.0
3832.0,-4.299999999999997
3833.0,-7.0
3834.0,-6.099999999999991
3835.0,-7.0
3836.0,-3.5999999999999996
3837.0,-7.0
3838.0,-3.5999999999999996
3839.0,-7.600000000000001
3840.0,-8.099999999999984
3841.0,-4.099999999999998
3842.0,-4.4999999999999964
3843.0,-10.999999999999995
3844.0,-13.899999999999984
3845.0,-9.99999999999998
3846.0,-6.499999999999989
3847.0,-9.99999999999998
3848.0,-6.099999999999991
3849.0,-6.799999999999988
3850.0,-7.499999999999986
3851.0,-9.6
3852.0,-9.99999999999998
3853.0,-3.6999999999999993
3854.0,-8.100000000000001
3855.0,-4.899999999999995
3856.0,-3.6999999999999993
3857.0,-6.29999999999999
3858.0,-7.099999999999987
3859.0,-6.29999999999999
3860.0,-5.499999999999993
3861.0,-3.6999999999999993
3862.0,-3.200000000000001
3863.0,-8.700000000000003
3864.0,-4.1999999999999975
3865.0,-7.200000000000001
3866.0,-3.6999999999999993
3867.0,-8.399999999999983
3868.0,-9.99999999999998
3869.0,-3.8999999999999986
3870.0,-9.99999999999998
3871.0,-9.99999999999998
3872.0,-5.299999999999994
3873.0,-3.9999999999999982
3874.0,-8.000000000000002
3875.0,-4.299999999999997
3876.0,-9.99999999999998
3877.0,-5.199999999999994
3878.0,-3.5
3879.0,-6.4
3880.0,-9.799999999999999
3881.0,-5.099999999999994
3882.0,-9.99999999999998
3883.0,-4.299999999999997
3884.0,-8.100000000000001
3885.0,-8.600000000000001
3886.0,-4.099999999999998
3887.0,-9.99999999999998
3888.0,-4.999999999999995
3889.0,-5.8999999999999915
3890.0,-12.09999999999999
3891.0,-9.99999999999998
3892.0,-4.299999999999997
3893.0,-9.99999999999998
3894.0,-6.899999999999988
3895.0,-4.599999999999996
3896.0,-5.199999999999994
3897.0,-3.6999999999999993
3898.0,-7.600000000000001
3899.0,-4.099999999999998
3900.0,-4.299999999999997
3901.0,-8.400000000000002
3902.0,-4.1999999999999975
3903.0,-7.099999999999987
3904.0,-2.900000000000002
3905.0,-9.99999999999998
3906.0,-7.800000000000001
3907.0,-8.699999999999982
3908.0,-6.2
3909.0,-3.3000000000000007
3910.0,-3.6999999999999993
3911.0,-6.799999999999988
3912.0,-3.6999999999999993
3913.0,-9.99999999999998
3914.0,-7.199999999999987
3915.0,-7.799999999999985
3916.0,-8.399999999999983
3917.0,-7.900000000000001
3918.0,-9.99999999999998
3919.0,-8.099999999999984
3920.0,-2.700000000000002
3921.0,-4.299999999999997
3922.0,-3.6999999999999993
3923.0,-7.199999999999987
3924.0,-11.299999999999994
3925.0,-10.399999999999997
3926.0,-4.1999999999999975
3927.0,-4.099999999999998
3928.0,-3.6999999999999993
3929.0,-5.699999999999992
3930.0,-9.99999999999998
3931.0,-2.900000000000002
3932.0,-5.299999999999994
3933.0,-4.099999999999998
3934.0,-4.4999999999999964
3935.0,-3.3000000000000007
3936.0,-5.2
3937.0,-4.4999999999999964
3938.0,-7.4
3939.0,-8.299999999999983
3940.0,-4.999999999999995
3941.0,-8.100000000000001
3942.0,-9.99999999999998
3943.0,-8.799999999999981
3944.0,-9.999999999999998
3945.0,-9.99999999999998
3946.0,-3.5
3947.0,-9.99999999999998
3948.0,-3.5
3949.0,-3.3000000000000007
3950.0,-3.799999999999999
3951.0,-3.3000000000000007
3952.0,-3.6999999999999993
3953.0,-6.19999999999999
3954.0,-5.699999999999992
3955.0,-9.99999999999998
3956.0,-8.099999999999984
3957.0,-9.99999999999998
3958.0,-9.99999999999998
3959.0,-7.099999999999987
3960.0,-9.99999999999998
3961.0,-3.3000000000000007
3962.0,-4.599999999999996
3963.0,-6.099999999999991
3964.0,-4.099999999999998
3965.0,-7.4
3966.0,-4.799999999999995
3967.0,-9.99999999999998
3968.0,-6.6000000000000005
3969.0,-8.000000000000002
3970.0,-13.699999999999985
3971.0,-8.3
3972.0,-4.799999999999995
3973.0,-8.199999999999983
3974.0,-5.799999999999992
3975.0,-4.399999999999997
3976.0,-9.99999999999998
3977.0,-4.299999999999997
3978.0,-8.199999999999983
3979.0,-3.5
3980.0,-12.19999999999999
3981.0,-10.799999999999995
3982.0,-9.99999999999998
3983.0,-12.699999999999989
3984.0,-5.099999999999994
3985.0,-4.299999999999997
3986.0,-4.1999999999999975
3987.0,-3.6999999999999993
3988.0,-3.5
3989.0,-7.399999999999986
3990.0,-10.999999999999995
3991.0,-4.799999999999995
3992.0,-9.99999999999998
3993.0,-9.99999999999998
3994.0,-4.4999999999999964
3995.0,-5.699999999999992
3996.0,-3.5
3997.0,-8.100000000000001
3998.0,-4.999999999999995
3999.0,-10.799999999999995
4000.0,-7.799999999999985
4001.0,-12.19999999999999
4002.0,-12.39999999999999
4003.0,-7.899999999999984
4004.0,-9.200000000000001
4005.0,-5.4
4006.0,-3.8999999999999986
4007.0,-9.000000000000002
4008.0,-6.099999999999991
4009.0,-8.400000000000002
4010.0,-10.999999999999995
4011.0,-10.899999999999995
4012.0,-9.99999999999998
4013.0,-4.799999999999995
4014.0,-4.099999999999998
4015.0,-9.99999999999998
4016.0,-3.1000000000000014
4017.0,-9.99999999999998
4018.0,-8.700000000000003
4019.0,-3.5
4020.0,-3.3000000000000007
4021.0,-6.599999999999989
4022.0,-3.5
4023.0,-6.9
4024.0,-9.799999999999999
4025.0,-5.499999999999993
4026.0,-3.5999999999999996
4027.0,-9.99999999999998
4028.0,-2.700000000000002
4029.0,-6.9
4030.0,-9.200000000000001
4031.0,-7.399999999999986
4032.0,-9.100000000000001
4033.0,-7.4
4034.0,-10.699999999999996
4035.0,-8.299999999999983
4036.0,-3.5999999999999996
4037.0,-12.39999999999999
4038.0,-4.299999999999997
4039.0,-11.999999999999991
4040.0,-4.699999999999996
4041.0,-7.4
4042.0,-9.99999999999998
4043.0,-2.900000000000002
4044.0,-4.999999999999995
4045.0,-7.900000000000001
4046.0,-3.8999999999999986
4047.0,-4.4999999999999964
4048.0,-9.7
4049.0,-5.499999999999993
4050.0,-4.4999999999999964
4051.0,-10.199999999999998
4052.0,-5.8999999999999915
4053.0,-9.99999999999998
4054.0,-11.599999999999993
4055.0,-9.000000000000002
4056.0,-9.000000000000002
4057.0,-3.3000000000000007
4058.0,-3.1000000000000014
4059.0,-9.99999999999998
4060.0,-2.900000000000002
4061.0,-3.6999999999999993
4062.0,-13.599999999999985
4063.0,-3.6999999999999993
4064.0,-3.3000000000000007
4065.0,-6.19999999999999
4066.0,-5.499999999999993
4067.0,-5.099999999999994
4068.0,-3.5
4069.0,-4.1999999999999975
4070.0,-9.99999999999998
4071.0,-3.8999999999999986
4072.0,-8.100000000000001
4073.0,-6.899999999999988
4074.0,-5.299999999999994
4075.0,-6.4
4076.0,-7.499999999999986
4077.0,-9.99999999999998
4078.0,-7.600000000000001
4079.0,-5.299999999999994
4080.0,-7.099999999999987
4081.0,-3.3000000000000007
4082.0,-3.1000000000000014
4083.0,-4.299999999999997
4084.0,-7.0
4085.0,-8.099999999999984
4086.0,-7.800000000000001
4087.0,-4.899999999999995
4088.0,-9.7
4089.0,-7.699999999999985
4090.0,-9.899999999999999
4091.0,-4.999999999999995
4092.0,-7.200000000000001
4093.0,-8.099999999999984
4094.0,-9.99999999999998
4095.0,-7.099999999999987
4096.0,-9.99999999999998
4097.0,-3.1000000000000014
4098.0,-9.99999999999998
4099.0,-9.4
4100.0,-4.099999999999998
4101.0,-3.6999999999999993
4102.0,-3.200000000000001
4103.0,-5.999999999999991
4104.0,-3.3000000000000007
4105.0,-5.099999999999994
4106.0,-6.9
4107.0,-9.6
4108.0,-14.399999999999983
4109.0,-11.699999999999992
4110.0,-4.099999999999998
4111.0,-6.1
4112.0,-3.9999999999999982
4113.0,-3.5999999999999996
4114.0,-14.199999999999983
4115.0,-10.599999999999996
4116.0,-9.99999999999998
4117.0,-11.399999999999993
4118.0,-3.8999999999999986
4119.0,-9.99999999999998
4120.0,-7.300000000000001
4121.0,-10.799999999999995
4122.0,-9.999999999999998
4123.0,-3.1000000000000014
4124.0,-4.099999999999998
4125.0,-6.599999999999989
4126.0,-11.199999999999994
4127.0,-5.299999999999994
4128.0,-3.8999999999999986
4129.0,-3.9999999999999982
4130.0,-6.39999999999999
4131.0,-4.699999999999996
4132.0,-4.099999999999998
4133.0,-9.99999999999998
4134.0,-3.3000000000000007
4135.0,-7.899999999999984
4136.0,-7.2999999999999865
4137.0,-2.700000000000002
4138.0,-7.200000000000001
4139.0,-14.599999999999982
4140.0,-4.599999999999996
4141.0,-9.000000000000002
4142.0,-9.99999999999998
4143.0,-10.699999999999996
4144.0,-3.3000000000000007
4145.0,-6.499999999999989
4146.0,-9.99999999999998
4147.0,-9.99999999999998
4148.0,-3.5
4149.0,-3.3000000000000007
4150.0,-4.699999999999996
4151.0,-5.999999999999991
4152.0,-5.099999999999994
4153.0,-11.499999999999993
4154.0,-9.000000000000002
4155.0,-5.9
4156.0,-5.399999999999993
4157.0,-4.299999999999997
4158.0,-8.399999999999983
4159.0,-5.8999999999999915
4160.0,-3.8999999999999986
4161.0,-7.600000000000001
4162.0,-7.499999999999986
4163.0,-3.9999999999999982
4164.0,-5.5999999999999925
4165.0,-7.0
4166.0,-8.700000000000003
4167.0,-8.800000000000002
4168.0,-10.199999999999998
4169.0,-8.400000000000002
4170.0,-3.5
4171.0,-9.99999999999998
4172.0,-2.900000000000002
4173.0,-4.4999999999999964
4174.0,-3.1000000000000014
4175.0,-8.3
4176.0,-3.8999999999999986
4177.0,-5.099999999999994
4178.0,-9.99999999999998
4179.0,-3.4000000000000004
4180.0,-3.6999999999999993
4181.0,-6.599999999999989
4182.0,-7.900000000000001
4183.0,-3.3000000000000007
4184.0,-3.1000000000000014
4185.0,-6.29999999999999
4186.0,-14.599999999999982
4187.0,-5.8999999999999915
4188.0,-4.699999999999996
4189.0,-5.7
4190.0,-3.3000000000000007
4191.0,-3.200000000000001
4192.0,-10.099999999999998
4193.0,-8.499999999999982
4194.0,-4.1999999999999975
4195.0,-6.099999999999991
4196.0,-4.099999999999998
4197.0,-5.2
4198.0,-3.8999999999999986
4199.0,-3.6999999999999993
4200.0,-4.699999999999996
4201.0,-6.3
4202.0,-8.499999999999982
4203.0,-4.099999999999998
4204.0,-5.2
4205.0,-5.299999999999994
4206.0,-3.0000000000000018
4207.0,-3.6999999999999993
4208.0,-4.1999999999999975
4209.0,-4.399999999999997
4210.0,-10.099999999999998
4211.0,-4.699999999999996
4212.0,-4.099999999999998
4213.0,-5.199999999999994
4214.0,-3.8999999999999986
4215.0,-3.6999999999999993
4216.0,-2.900000000000002
4217.0,-9.5
4218.0,-8.599999999999982
4219.0,-5.299999999999994
4220.0,-2.900000000000002
4221.0,-5.099999999999994
4222.0,-3.5
4223.0,-5.099999999999994
4224.0,-4.999999999999995
4225.0,-9.5
4226.0,-4.699999999999996
4227.0,-9.99999999999998
4228.0,-9.899999999999999
4229.0,-7.600000000000001
4230.0,-4.899999999999995
4231.0,-4.4999999999999964
4232.0,-8.3
4233.0,-3.6999999999999993
4234.0,-8.699999999999982
4235.0,-3.5
4236.0,-6.899999999999988
4237.0,-10.399999999999997
4238.0,-3.3000000000000007
4239.0,-8.200000000000001
4240.0,-4.699999999999996
4241.0,-9.999999999999998
4242.0,-6.099999999999991
4243.0,-7.2999999999999865
4244.0,-3.5
4245.0,-9.99999999999998
4246.0,-5.299999999999994
4247.0,-5.099999999999994
4248.0,-3.1000000000000014
4249.0,-2.900000000000002
4250.0,-8.700000000000003
4251.0,-4.099999999999998
4252.0,-4.699999999999996
4253.0,-4.699999999999996
4254.0,-3.1000000000000014
4255.0,-5.299999999999994
4256.0,-5.099999999999994
4257.0,-2.900000000000002
4258.0,-3.3000000000000007
4259.0,-3.6999999999999993
4260.0,-3.5
4261.0,-3.5
4262.0,-5.8
4263.0,-4.4999999999999964
4264.0,-3.8999999999999986
4265.0,-4.4999999999999964
4266.0,-7.900000000000001
4267.0,-4.4999999999999964
4268.0,-4.1999999999999975
4269.0,-4.999999999999995
4270.0,-3.6999999999999993
4271.0,-5.8999999999999915
4272.0,-3.9999999999999982
4273.0,-3.1000000000000014
4274.0,-9.99999999999998
4275.0,-5.299999999999994
4276.0,-7.099999999999987
4277.0,-5.4
4278.0,-3.3000000000000007
4279.0,-5.299999999999994
4280.0,-8.699999999999982
4281.0,-3.8999999999999986
4282.0,-3.5
4283.0,-3.1000000000000014
4284.0,-3.5
4285.0,-13.599999999999985
4286.0,-5.999999999999991
4287.0,-9.200000000000001
4288.0,-4.299999999999997
4289.0,-3.3000000000000007
4290.0,-6.099999999999991
4291.0,-4.4999999999999964
4292.0,-3.3000000000000007
4293.0,-4.099999999999998
4294.0,-8.500000000000002
4295.0,-5.499999999999993
4296.0,-4.299999999999997
4297.0,-4.099999999999998
4298.0,-3.1000000000000014
4299.0,-5.099999999999994
4300.0,-6.39999999999999
4301.0,-13.899999999999984
4302.0,-3.6999999999999993
4303.0,-3.3000000000000007
4304.0,-9.99999999999998
4305.0,-4.899999999999995
4306.0,-3.8999999999999986
4307.0,-8.399999999999983
4308.0,-6.2
4309.0,-9.99999999999998
4310.0,-6.499999999999989
4311.0,-7.600000000000001
4312.0,-11.999999999999991
4313.0,-3.8999999999999986
4314.0,-3.1000000000000014
4315.0,-3.3000000000000007
4316.0,-5.099999999999994
4317.0,-3.5999999999999996
4318.0,-4.099999999999998
4319.0,-5.5
4320.0,-5.999999999999991
4321.0,-3.5
4322.0,-4.699999999999996
4323.0,-9.899999999999999
4324.0,-9.99999999999998
4325.0,-3.9999999999999982
4326.0,-4.699999999999996
4327.0,-6.899999999999988
4328.0,-2.900000000000002
4329.0,-4.4999999999999964
4330.0,-3.1000000000000014
4331.0,-4.699999999999996
4332.0,-7.499999999999986
4333.0,-3.5
4334.0,-5.399999999999993
4335.0,-4.299999999999997
4336.0,-3.6999999999999993
4337.0,-4.099999999999998
4338.0,-3.5
4339.0,-3.200000000000001
4340.0,-4.899999999999995
4341.0,-3.3000000000000007
4342.0,-9.99999999999998
4343.0,-3.1000000000000014
4344.0,-9.99999999999998
4345.0,-3.4000000000000004
4346.0,-5.099999999999994
4347.0,-4.099999999999998
4348.0,-3.5
4349.0,-10.999999999999995
4350.0,-4.299999999999997
4351.0,-10.999999999999995
4352.0,-6.899999999999988
4353.0,-4.099999999999998
4354.0,-6.19999999999999
4355.0,-3.1000000000000014
4356.0,-8.3
4357.0,-2.900000000000002
4358.0,-3.8999999999999986
4359.0,-7.2999999999999865
4360.0,-4.299999999999997
4361.0,-3.3000000000000007
4362.0,-3.5
4363.0,-3.5
4364.0,-3.3000000000000007
4365.0,-8.500000000000002
4366.0,-4.299999999999997
4367.0,-6.099999999999991
4368.0,-3.1000000000000014
4369.0,-4.299999999999997
4370.0,-3.4000000000000004
4371.0,-6.099999999999991
4372.0,-3.8999999999999986
4373.0,-5.399999999999993
4374.0,-3.1000000000000014
4375.0,-7.4
4376.0,-8.700000000000003
4377.0,-3.5
4378.0,-8.399999999999983
4379.0,-2.900000000000002
4380.0,-2.900000000000002
4381.0,-12.09999999999999
4382.0,-3.8999999999999986
4383.0,-4.099999999999998
4384.0,-7.399999999999986
4385.0,-3.6999999999999993
4386.0,-10.599999999999996
4387.0,-6.9
4388.0,-6.4
4389.0,-10.999999999999995
4390.0,-5.199999999999994
4391.0,-3.5
4392.0,-8.700000000000003
4393.0,-4.099999999999998
4394.0,-5.399999999999993
4395.0,-3.5999999999999996
4396.0,-3.200000000000001
4397.0,-3.5
4398.0,-5.499999999999993
4399.0,-3.6999999999999993
4400.0,-6.099999999999991
4401.0,-2.800000000000002
4402.0,-6.599999999999989
4403.0,-3.3000000000000007
4404.0,-3.0000000000000018
4405.0,-3.8999999999999986
4406.0,-4.699999999999996
4407.0,-4.299999999999997
4408.0,-5.799999999999992
4409.0,-9.99999999999998
4410.0,-7.1000000000000005
4411.0,-5.5999999999999925
4412.0,-6.800000000000001
4413.0,-10.999999999999995
4414.0,-13.799999999999985
4415.0,-3.8999999999999986
4416.0,-9.99999999999998
4417.0,-7.999999999999984
4418.0,-3.8999999999999986
4419.0,-3.5
4420.0,-4.099999999999998
4421.0,-4.899999999999995
4422.0,-4.4999999999999964
4423.0,-10.399999999999997
4424.0,-3.6999999999999993
4425.0,-5.399999999999993
4426.0,-5.099999999999994
4427.0,-10.099999999999998
4428.0,-5.099999999999994
4429.0,-3.3000000000000007
4430.0,-5.399999999999993
4431.0,-3.5
4432.0,-7.099999999999987
4433.0,-5.4
4434.0,-2.900000000000002
4435.0,-9.99999999999998
4436.0,-4.699999999999996
4437.0,-2.900000000000002
4438.0,-3.6999999999999993
4439.0,-3.8999999999999986
4440.0,-4.899999999999995
4441.0,-2.700000000000002
4442.0,-8.89999999999998
4443.0,-3.8999999999999986
4444.0,-3.3000000000000007
4445.0,-4.4999999999999964
4446.0,-3.5
4447.0,-6.3
4448.0,-5.7
4449.0,-3.8999999999999986
4450.0,-8.100000000000001
4451.0,-4.4999999999999964
4452.0,-3.8999999999999986
4453.0,-3.3000000000000007
4454.0,-4.799999999999995
4455.0,-2.900000000000002
4456.0,-9.99999999999998
4457.0,-2.900000000000002
4458.0,-5.5999999999999925
4459.0,-5.099999999999994
4460.0,-3.0000000000000018
4461.0,-12.09999999999999
4462.0,-3.8999999999999986
4463.0,-3.5
4464.0,-5.499999999999993
4465.0,-8.700000000000003
4466.0,-2.900000000000002
4467.0,-2.800000000000002
4468.0,-4.4999999999999964
4469.0,-7.900000000000001
4470.0,-3.5999999999999996
4471.0,-3.6999999999999993
4472.0,-3.3000000000000007
4473.0,-3.8999999999999986
4474.0,-6.599999999999989
4475.0,-3.1000000000000014
4476.0,-3.5
4477.0,-3.5
4478.0,-3.9999999999999982
4479.0,-4.099999999999998
4480.0,-5.699999999999992
4481.0,-3.1000000000000014
4482.0,-10.599999999999996
4483.0,-5.499999999999993
4484.0,-6.39999999999999
4485.0,-6.39999999999999
4486.0,-4.099999999999998
4487.0,-8.89999999999998
4488.0,-3.3000000000000007
4489.0,-4.299999999999997
4490.0,-3.200000000000001
4491.0,-9.100000000000001
4492.0,-5.9
4493.0,-2.900000000000002
4494.0,-4.099999999999998
4495.0,-3.4000000000000004
4496.0,-4.1999999999999975
4497.0,-3.1000000000000014
4498.0,-3.6999999999999993
4499.0,-4.099999999999998
4500.0,-3.5
4501.0,-4.4999999999999964
4502.0,-3.8999999999999986
4503.0,-3.3000000000000007
4504.0,-3.6999999999999993
4505.0,-2.900000000000002
4506.0,-3.8999999999999986
4507.0,-5.299999999999994
4508.0,-4.4999999999999964
4509.0,-3.8999999999999986
4510.0,-4.099999999999998
4511.0,-6.099999999999991
4512.0,-3.8999999999999986
4513.0,-4.599999999999996
4514.0,-4.099999999999998
4515.0,-4.4999999999999964
4516.0,-3.5
4517.0,-4.699999999999996
4518.0,-3.5999999999999996
4519.0,-8.099999999999984
4520.0,-9.100000000000001
4521.0,-8.100000000000001
4522.0,-3.3000000000000007
4523.0,-3.6999999999999993
4524.0,-9.100000000000001
4525.0,-9.99999999999998
4526.0,-3.4000000000000004
4527.0,-3.3000000000000007
4528.0,-3.1000000000000014
4529.0,-2.900000000000002
4530.0,-5.499999999999993
4531.0,-4.4999999999999964
4532.0,-3.8999999999999986
4533.0,-6.799999999999988
4534.0,-3.3000000000000007
4535.0,-4.099999999999998
4536.0,-3.6999999999999993
4537.0,-12.999999999999988
4538.0,-3.6999999999999993
4539.0,-3.9999999999999982
4540.0,-3.3000000000000007
4541.0,-8.400000000000002
4542.0,-3.1000000000000014
4543.0,-5.499999999999993
4544.0,-4.999999999999995
4545.0,-7.900000000000001
4546.0,-3.8999999999999986
4547.0,-2.900000000000002
4548.0,-2.900000000000002
4549.0,-3.6999999999999993
4550.0,-3.5999999999999996
4551.0,-3.3000000000000007
4552.0,-3.6999999999999993
4553.0,-3.1000000000000014
4554.0,-3.8999999999999986
4555.0,-3.799999999999999
4556.0,-4.4999999999999964
4557.0,-3.8999999999999986
4558.0,-6.699999999999989
4559.0,-6.499999999999989
4560.0,-3.3000000000000007
4561.0,-3.3000000000000007
4562.0,-3.200000000000001
4563.0,-3.8999999999999986
4564.0,-2.900000000000002
4565.0,-9.99999999999998
4566.0,-3.6999999999999993
4567.0,-3.6999999999999993
4568.0,-3.3000000000000007
4569.0,-2.900000000000002
4570.0,-6.099999999999991
4571.0,-3.3000000000000007
4572.0,-7.200000000000001
4573.0,-3.6999999999999993
4574.0,-6.499999999999989
4575.0,-7.2999999999999865
4576.0,-6.899999999999988
4577.0,-3.8999999999999986
4578.0,-4.4999999999999964
4579.0,-5.4
4580.0,-5.7
4581.0,-6.099999999999991
4582.0,-3.3000000000000007
4583.0,-4.099999999999998
4584.0,-6.6000000000000005
4585.0,-9.100000000000001
4586.0,-5.999999999999991
4587.0,-3.6999999999999993
4588.0,-4.4999999999999964
4589.0,-7.199999999999987
4590.0,-4.299999999999997
4591.0,-4.399999999999997
4592.0,-6.699999999999989
4593.0,-2.900000000000002
4594.0,-6.499999999999989
4595.0,-3.1000000000000014
4596.0,-7.900000000000001
4597.0,-6.499999999999989
4598.0,-2.900000000000002
4599.0,-4.1999999999999975
4600.0,-4.099999999999998
4601.0,-3.1000000000000014
4602.0,-4.299999999999997
4603.0,-3.3000000000000007
4604.0,-2.900000000000002
4605.0,-2.900000000000002
4606.0,-3.3000000000000007
4607.0,-3.6999999999999993
4608.0,-11.699999999999992
4609.0,-3.1000000000000014
4610.0,-4.4999999999999964
4611.0,-3.1000000000000014
4612.0,-2.900000000000002
4613.0,-7.600000000000001
4614.0,-6.29999999999999
4615.0,-4.299999999999997
4616.0,-6.0
4617.0,-3.5999999999999996
4618.0,-3.5
4619.0,-3.6999999999999993
4620.0,-3.1000000000000014
4621.0,-2.700000000000002
4622.0,-3.3000000000000007
4623.0,-8.400000000000002
4624.0,-3.3000000000000007
4625.0,-3.1000000000000014
4626.0,-3.5
4627.0,-4.099999999999998
4628.0,-3.8999999999999986
4629.0,-3.200000000000001
4630.0,-9.99999999999998
4631.0,-3.3000000000000007
4632.0,-3.5
4633.0,-8.500000000000002
4634.0,-3.5
4635.0,-3.5
4636.0,-11.599999999999993
4637.0,-4.299999999999997
4638.0,-3.5
4639.0,-5.799999999999992
4640.0,-3.8999999999999986
4641.0,-6.899999999999988
4642.0,-5.5999999999999925
4643.0,-4.4999999999999964
4644.0,-2.700000000000002
4645.0,-4.899999999999995
4646.0,-3.6999999999999993
4647.0,-4.399999999999997
4648.0,-3.1000000000000014
4649.0,-4.999999999999995
4650.0,-9.99999999999998
4651.0,-5.6
4652.0,-3.1000000000000014
4653.0,-4.299999999999997
4654.0,-6.4
4655.0,-3.5
4656.0,-3.6999999999999993
4657.0,-4.399999999999997
4658.0,-2.900000000000002
4659.0,-3.5
4660.0,-3.5
4661.0,-9.99999999999998
4662.0,-2.900000000000002
4663.0,-3.6999999999999993
4664.0,-6.2
4665.0,-3.200000000000001
4666.0,-3.5
4667.0,-3.8999999999999986
4668.0,-3.1000000000000014
4669.0,-6.799999999999988
4670.0,-3.1000000000000014
4671.0,-3.200000000000001
4672.0,-3.5999999999999996
4673.0,-3.6999999999999993
4674.0,-3.5999999999999996
4675.0,-9.000000000000002
4676.0,-3.5
4677.0,-3.6999999999999993
4678.0,-9.200000000000001
4679.0,-3.6999999999999993
4680.0,-5.099999999999994
4681.0,-3.9999999999999982
4682.0,-6.4
4683.0,-3.0000000000000018
4684.0,-3.3000000000000007
4685.0,-3.1000000000000014
4686.0,-3.1000000000000014
4687.0,-4.099999999999998
4688.0,-4.099999999999998
4689.0,-3.4000000000000004
4690.0,-3.5
4691.0,-5.299999999999994
4692.0,-2.800000000000002
4693.0,-3.3000000000000007
4694.0,-3.6999999999999993
4695.0,-3.5
4696.0,-3.6999999999999993
4697.0,-3.3000000000000007
4698.0,-4.4999999999999964
4699.0,-4.299999999999997
4700.0,-2.900000000000002
4701.0,-3.0000000000000018
4702.0,-3.6999999999999993
4703.0,-3.3000000000000007
4704.0,-3.6999999999999993
4705.0,-3.6999999999999993
4706.0,-3.6999999999999993
4707.0,-2.900000000000002
4708.0,-2.900000000000002
4709.0,-3.6999999999999993
4710.0,-3.3000000000000007
4711.0,-3.3000000000000007
4712.0,-3.5
4713.0,-3.5
4714.0,-3.799999999999999
4715.0,-6.800000000000001
4716.0,-3.1000000000000014
4717.0,-3.1000000000000014
4718.0,-2.700000000000002
4719.0,-3.6999999999999993
4720.0,-2.800000000000002
4721.0,-7.4
4722.0,-2.900000000000002
4723.0,-3.3000000000000007
4724.0,-2.900000000000002
4725.0,-3.3000000000000007
4726.0,-3.8999999999999986
4727.0,-3.5
4728.0,-4.599999999999996
4729.0,-3.0000000000000018
4730.0,-2.900000000000002
4731.0,-3.6999999999999993
4732.0,-3.5
4733.0,-3.1000000000000014
4734.0,-2.800000000000002
4735.0,-3.8999999999999986
4736.0,-3.0000000000000018
4737.0,-6.6000000000000005
4738.0,-3.5
4739.0,-4.099999999999998
4740.0,-4.699999999999996
4741.0,-3.5
4742.0,-2.900000000000002
4743.0,-3.200000000000001
4744.0,-3.1000000000000014
4745.0,-3.5999999999999996
4746.0,-3.5
4747.0,-3.9999999999999982
4748.0,-3.9999999999999982
4749.0,-3.1000000000000014
4750.0,-6.699999999999989
4751.0,-3.5
4752.0,-3.9999999999999982
4753.0,-3.3000000000000007
4754.0,-3.3000000000000007
4755.0,-4.699999999999996
4756.0,-3.6999999999999993
4757.0,-3.1000000000000014
4758.0,-3.3000000000000007
4759.0,-4.399999999999997
4760.0,-3.9999999999999982
4761.0,-4.299999999999997
4762.0,-14.499999999999982
4763.0,-4.699999999999996
4764.0,-3.6999999999999993
4765.0,-2.900000000000002
4766.0,-3.1000000000000014
4767.0,-3.1000000000000014
4768.0,-3.5
4769.0,-3.3000000000000007
4770.0,-3.4000000000000004
4771.0,-8.100000000000001
4772.0,-3.1000000000000014
4773.0,-5.199999999999994
4774.0,-3.3000000000000007
4775.0,-2.900000000000002
4776.0,-6.499999999999989
4777.0,-2.800000000000002
4778.0,-3.1000000000000014
4779.0,-4.299999999999997
4780.0,-4.299999999999997
4781.0,-4.099999999999998
4782.0,-3.1000000000000014
4783.0,-3.1000000000000014
4784.0,-3.6999999999999993
4785.0,-3.6999999999999993
4786.0,-4.599999999999996
4787.0,-3.0000000000000018
4788.0,-3.5
4789.0,-3.3000000000000007
4790.0,-3.5
4791.0,-3.5999999999999996
4792.0,-3.0000000000000018
4793.0,-3.6999999999999993
4794.0,-5.099999999999994
4795.0,-4.099999999999998
4796.0,-2.900000000000002
4797.0,-3.1000000000000014
4798.0,-3.1000000000000014
4799.0,-3.6999999999999993
4800.0,-3.5
4801.0,-5.9
4802.0,-3.3000000000000007
4803.0,-3.6999999999999993
4804.0,-3.1000000000000014
4805.0,-3.0000000000000018
4806.0,-3.5
4807.0,-3.9999999999999982
4808.0,-3.8999999999999986
4809.0,-4.899999999999995
4810.0,-3.5
4811.0,-10.199999999999998
4812.0,-9.5
4813.0,-4.299999999999997
4814.0,-3.1000000000000014
4815.0,-2.900000000000002
4816.0,-10.399999999999997
4817.0,-3.3000000000000007
4818.0,-2.900000000000002
4819.0,-2.800000000000002
4820.0,-5.699999999999992
4821.0,-8.900000000000002
4822.0,-3.4000000000000004
4823.0,-3.8999999999999986
4824.0,-3.9999999999999982
4825.0,-3.799999999999999
4826.0,-3.1000000000000014
4827.0,-5.7
4828.0,-6.1
4829.0,-2.900000000000002
4830.0,-3.1000000000000014
4831.0,-3.1000000000000014
4832.0,-2.900000000000002
4833.0,-3.6999999999999993
4834.0,-3.6999999999999993
4835.0,-2.900000000000002
4836.0,-3.200000000000001
4837.0,-3.200000000000001
4838.0,-3.1000000000000014
4839.0,-3.4000000000000004
4840.0,-3.1000000000000014
4841.0,-3.3000000000000007
4842.0,-3.8999999999999986
4843.0,-3.6999999999999993
4844.0,-2.900000000000002
4845.0,-4.1999999999999975
4846.0,-3.5
4847.0,-3.0000000000000018
4848.0,-3.5
4849.0,-7.800000000000001
4850.0,-3.3000000000000007
4851.0,-3.6999999999999993
4852.0,-3.6999999999999993
4853.0,-3.8999999999999986
4854.0,-3.200000000000001
4855.0,-3.3000000000000007
4856.0,-3.3000000000000007
4857.0,-3.5
4858.0,-2.900000000000002
4859.0,-3.5
4860.0,-3.200000000000001
4861.0,-2.900000000000002
4862.0,-3.3000000000000007
4863.0,-3.6999999999999993
4864.0,-3.5
4865.0,-3.1000000000000014
4866.0,-3.3000000000000007
4867.0,-3.799999999999999
4868.0,-3.1000000000000014
4869.0,-3.3000000000000007
4870.0,-3.5
4871.0,-3.3000000000000007
4872.0,-4.099999999999998
4873.0,-3.1000000000000014
4874.0,-3.5
4875.0,-3.3000000000000007
4876.0,-3.1000000000000014
4877.0,-3.5999999999999996
4878.0,-3.8999999999999986
4879.0,-4.4999999999999964
4880.0,-8.900000000000002
4881.0,-6.699999999999989
4882.0,-3.1000000000000014
4883.0,-3.3000000000000007
4884.0,-2.900000000000002
4885.0,-2.700000000000002
4886.0,-8.400000000000002
4887.0,-4.099999999999998
4888.0,-3.1000000000000014
4889.0,-3.1000000000000014
4890.0,-4.099999999999998
4891.0,-3.3000000000000007
4892.0,-3.5
4893.0,-3.0000000000000018
4894.0,-8.600000000000001
4895.0,-3.4000000000000004
4896.0,-3.5
4897.0,-2.900000000000002
4898.0,-3.5
4899.0,-3.5
4900.0,-4.1999999999999975
4901.0,-3.3000000000000007
4902.0,-3.8999999999999986
4903.0,-3.8999999999999986
4904.0,-3.5
4905.0,-2.700000000000002
4906.0,-3.5
4907.0,-3.3000000000000007
4908.0,-3.0000000000000018
4909.0,-3.5
4910.0,-4.4999999999999964
4911.0,-3.5
4912.0,-3.6999999999999993
4913.0,-7.300000000000001
4914.0,-3.5
4915.0,-3.6999999999999993
4916.0,-9.99999999999998
4917.0,-3.0000000000000018
4918.0,-3.6999999999999993
4919.0,-3.799999999999999
4920.0,-3.1000000000000014
4921.0,-3.3000000000000007
4922.0,-3.1000000000000014
4923.0,-2.700000000000002
4924.0,-3.200000000000001
4925.0,-3.3000000000000007
4926.0,-3.3000000000000007
4927.0,-2.700000000000002
4928.0,-3.3000000000000007
4929.0,-3.3000000000000007
4930.0,-3.5
4931.0,-3.1000000000000014
4932.0,-3.5
4933.0,-3.1000000000000014
4934.0,-3.200000000000001
4935.0,-4.299999999999997
4936.0,-3.9999999999999982
4937.0,-3.4000000000000004
4938.0,-2.900000000000002
4939.0,-2.900000000000002
4940.0,-3.3000000000000007
4941.0,-3.3000000000000007
4942.0,-5.399999999999993
4943.0,-3.3000000000000007
4944.0,-10.999999999999995
4945.0,-3.4000000000000004
4946.0,-3.1000000000000014
4947.0,-2.900000000000002
4948.0,-3.1000000000000014
4949.0,-3.200000000000001
4950.0,-3.200000000000001
4951.0,-3.1000000000000014
4952.0,-3.6999999999999993
4953.0,-3.1000000000000014
4954.0,-2.900000000000002
4955.0,-3.6999999999999993
4956.0,-3.1000000000000014
4957.0,-3.5
4958.0,-3.1000000000000014
4959.0,-2.900000000000002
4960.0,-2.900000000000002
4961.0,-3.5999999999999996
4962.0,-3.8999999999999986
4963.0,-3.5
4964.0,-4.699999999999996
4965.0,-3.3000000000000007
4966.0,-3.1000000000000014
4967.0,-3.5
4968.0,-4.699999999999996
4969.0,-3.3000000000000007
4970.0,-3.1000000000000014
4971.0,-3.200000000000001
4972.0,-2.900000000000002
4973.0,-2.900000000000002
4974.0,-2.800000000000002
4975.0,-3.3000000000000007
4976.0,-4.299999999999997
4977.0,-3.1000000000000014
4978.0,-3.200000000000001
4979.0,-3.3000000000000007
4980.0,-3.3000000000000007
4981.0,-4.099999999999998
4982.0,-3.5999999999999996
4983.0,-3.3000000000000007
4984.0,-3.5
4985.0,-3.3000000000000007
4986.0,-2.900000000000002
4987.0,-3.3000000000000007
4988.0,-3.0000000000000018
4989.0,-3.1000000000000014
4990.0,-3.5
4991.0,-3.8999999999999986
4992.0,-3.3000000000000007
4993.0,-2.900000000000002
4994.0,-3.0000000000000018
4995.0,-4.099999999999998
4996.0,-3.1000000000000014
4997.0,-3.1000000000000014
4998.0,-3.6999999999999993
4999.0,-4.4999999999999964
