0
217003
531663
979759
1528487
1752162
2491905
2901918
3130251
3715384
3999270
4645932
5387292
5528723
5870868
6330555
6791774
7261209
7498923
7907481
8464470
8881332
9160331
9485603
9687395
10126754
10807285
11257879
11837048
12555532
12836131
13149080
13644909
14210513
14699315
15245937
15778071
16121884
16436804
16662309
16794367
16859235
17203657
17368026
17656403
18044900
18198174
18419113
18557543
19225132
19550998
19767516
19825637
19829309
20104629
20266372
20488203
20860335
21267892
21498417
22095912
22572341
23299749
23541826
23934607
24243454
24556173
24675946
24827190
25009514
25218576
25365735
25631870
25997469
26388014
26778464
27158052
27753238
28441939
29248708
29880793
30061344
30065552
30068592
30083046
30087054
30114409
30515172
31106818
31535123
31731964
32021323
32201448
32456736
32499122
32628725
32639306
32747234
32930497
33087302
33537395
34465311
33995770
34486146
34605411
34781176
34826936
34798288
34880768
35188938
35295021
35917109
36017190
36416318
36764208
36893243
36964388
37219492
37671244
38015427
38519725
38519708
38519807
38519776
38370071
38806148
38892623
39144163
39274232
39352676
43296838
43333253
43605981
43715800
44255521
44264889
44303871
44388825
44444206
44499876
44560031
44610713
44665351
44705461
44762046
44767770
45004237
45215823
45302471
45745518
45951060
46206526
46745061
46944057
46978768
47163322
47234739
47302924
47505039
47592234
47711219
47768231
48086139
48222447
48464842
48667677
48757583
48900417
49343320
49548207
49553354
49556854
49558364
49561910
49563989
49566375
49566401
49568248
49571180
49573677
49576172
49578681
49580452
49583997
49586486
49588057
49591600
49593628
49595151
49599023
49518987
49603957
49737135
49844157
50030020
50275039
50372082
50459074
50482722
50496738
50529682
50572666
50636452
50619045
50839991
50898622
50981068
51194025
51415296
51540849
51782414
52028401
52333555
52591229
52851231
53039538
53490200
53875484
54465885
54621784
54668596
54718892
54806802
54837568
54980703
55086762
55162286
55216843
55658719
55952776
56212285
56643541
57066508
57099907
57093362
57501604
57604915
57794703
58000483
58097049
58265301
58330218
58332175
58582708
58606721
58690730
59072695
59814081
59975153
60067969
60141449
60203577
60388549
60444716
60492768
61495617
61018945
61049968
60842555
60847608
60848445
60852875
60853596
60857660
60858833
60862291
60863091
60866230
60866720
60869537
60871107
60871566
60873047
60872996
60877768
60878873
60879290
60881296
60881052
60882548
60884145
60884578
60886276
60886210
60888200
60888848
60887486
60888704
60889979
60892140
60895361
60895387
60896918
60896336
60898566
60898201
60898813
60900970
60901634
60901921
60902742
60901266
60903967
60904638
60905281
60908438
60907500
60909656
60910612
60910113
60912360
60911378
60912030
60913553
60914209
60913408
60915765
60915706
60914830
60916655
60916951
60920079
60920560
60921762
60921227
60921028
60922443
60922889
60923377
60922817
60924278
60923500
60925211
60925730
60926167
60925153
60928102
60928690
60929407
60931204
60930475
60933036
60930485
60930790
60934840
60933620
60933052
60934532
60935107
60933936
60936090
60936427
60936874
60940444
60938697
60943124
60940128
60942360
60941396
60941661
60943400
60943830
60944385
60944836
60945303
60943950
60944679
60945775
60946307
60949903
60950493
60950051
60950511
60950470
60951752
60952174
60952577
60953380
60953566
60954027
60954443
60953271
60953372
60958491
60958942
60962279
60959479
60960370
60959935
60959771
60960238
60961700
60962420
60962176
60963050
60963127
60961846
60962299
60962767
60968230
60963586
60967861
60968277
60968730
60969183
60969701
60969841
60971472
60972112
60972405
60976265
60976713
60973390
60974332
60973422
60975236
60975146
60975794
60978843
60979553
60979932
60979244
60980822
60981207
60981644
60981051
60981669
60986864
60983385
60984195
60984697
60984043
60983890
60984495
60987700
60988417
60995345
60993185
60990808
60996996
60991100
60991886
60992641
60993252
60994365
61000875
61001226
60997075
60996077
60996791
60997292
61000597
61000934
61001380
61001796
61002407
61002874
61010831
61005177
61004918
61012453
61012863
61013411
61013810
61014326
61014981
61015182
61011199
61011717
61013051
61014096
61014498
61015395
61014584
61015086
61015980
61017594
61018110
61018670
61018966
61019540
61020100
61020459
61022230
61022760
61023399
61031614
61032047
61032645
61025712
61025715
61034074
61034456
61034926
61035251
61035671
61036206
61036511
61037144
61029197
61033079
61034760
61035169
61041533
61035652
61034470
61036490
61036906
61037452
61037984
61038277
61038655
61039136
61038387
61039627
61039961
61043548
61043543
61042655
61043297
61045083
61045832
61044849
61054048
61054583
61054871
61048183
61047262
61048799
61049314
61056642
61049782
61049127
61052241
61052722
61053124
61053591
61054821
61054088
61054802
61056574
61056552
61056968
61056057
61065917
61066451
61066734
61067103
61057796
61062899
61061618
61063865
61064137
61064581
61064901
61065331
61065775
61065719
61066526
61066993
61066259
61066810
61076403
61067036
61069483
61068274
61071569
61073316
61072189
61072793
61074563
61074431
61073520
61084248
61084711
61076082
61074979
61085689
61076287
61075722
61078308
61078809
61079130
61082099
61083036
61083073
61082343
61083739
61084443
61084786
61085007
61084393
61085540
61085385
61096532
61096900
61086171
61086858
61089057
61092027
61092450
61092814
61093179
61093529
61093902
61094411
61094841
61095243
61094465
61094946
61106036
61095341
61097001
61107318
61107761
61096339
61099694
61101779
61102281
61102529
61103373
61103303
61102425
61103136
61104132
61105184
61105460
61106268
61106226
61105443
61106386
61107811
61110364
61109353
61121969
61111551
61110159
61111120
61111499
61113642
61114028
61113699
61114625
61115171
61114242
61114883
61115421
61127748
61117570
61118974
61120786
61120750
61132547
61132767
61120626
61122618
61122992
61123247
61123582
61135280
61122998
61125003
61123623
61137252
61125699
61137948
61127413
61128302
61130408
61130817
61131100
61130158
61130947
61132415
61133696
61132296
61146070
61136258
61133404
61147404
61133941
61134600
61139446
61138114
61140203
61140625
61140984
61140410
61140868
61141229
61142577
61141485
61156159
61156238
61142366
61144959
61143743
61145849
61146128
61149612
61148290
61148871
61149602
61150519
61164039
61164286
61150567
61151312
61150178
61151196
61165960
61151681
61152789
61154621
61155006
61155314
61157357
61159109
61157613
61172925
61157989
61158868
61160902
61161253
61159581
61160384
61162381
61162766
61163540
61162535
61162995
61163838
61167629
61167621
61166092
61168385
61182544
61168277
61169958
61170367
61170782
61169773
61170391
61171688
61186324
61172205
61172666
61171817
61173851
61176883
61175894
61176959
61178011
61176947
61193016
61177409
61177790
61177989
61180469
61180857
61181386
61181635
61181148
61181920
61183217
61198477
61185386
61185837
61186596
61187887
61203526
61187018
61187777
61188070
61190166
61190349
61189788
61191444
61190109
61207049
61191274
61192927
61193247
61196283
61195569
61196201
61195868
61213188
61196298
61197454
61199214
61199623
61200458
61215727
61199586
61201498
61217121
61200042
61202533
61200476
61205648
61206095
61205405
61207222
61205773
61223562
61206938
61206922
61209109
61209635
61208409
61210367
61209011
61226853
61210139
61211857
61214803
61215055
61214383
61215024
61232918
61232809
61215705
61216220
61217156
61218057
61216534
61218371
61235871
61218569
61220185
61220749
61219800
61223385
61241171
61222714
61225337
61225524
61225911
61225300
61226595
61244118
61244430
61226204
61228556
61228760
61229133
61228427
61228962
61228816
61250601
61232594
61234258
61234670
61233584
61234373
61235660
61253782
61236642
61236770
61237418
61237629
61239022
61239881
61238804
61238984
61258379
61241715
61244089
61244525
61244949
61244301
61263023
61263703
61246349
61246590
61245857
61246594
61265991
61246329
61248922
61249170
61249529
61248809
61251845
61251801
61252246
61252007
61254551
61254850
61273585
61254098
61256283
61257018
61255976
61256300
61276445
61256114
61257126
61259102
61259624
61261192
61261944
61260703
61262677
61262248
61264288
61264726
61263948
61264705
61264497
61285400
61265635
61265064
61268013
61266893
61268645
61287793
61270226
61272318
61291354
61272753
61273435
61273947
61273261
61272884
61294146
61274389
61275579
61275878
61276381
61275538
61277348
61275883
61297474
61279790
61281543
61281675
61280898
61282677
61281493
61303109
61282178
61282768
61284407
61283489
61283215
61285575
61285000
61286601
61307159
61285206
61290357
61289973
61289718
61291679
61292025
61290404
61290467
61293039
61293394
61292825
61292791
61294870
61293751
61295343
61315978
61295909
61296360
61295740
61298299
61320827
61300660
61302083
61302442
61301901
61303363
61324754
61303000
61304615
61305371
61304286
61305966
61327480
61304573
61307080
61306768
61309161
61309766
61309800
61309245
61311868
61312219
61311585
61311322
61334699
61314038
61312810
61314292
61314665
61314385
61313935
61315589
61314554
61317617
61319778
61320057
61322173
61342553
61321270
61320448
61321848
61344408
61320867
61323340
61323603
61322904
61324714
61347005
61324044
61325586
61348060
61329187
61329459
61328426
61329073
61352897
61329329
61331302
61329501
61331717
61330346
61331279
61333292
61333527
61332883
61332292
61357482
61335153
61338055
61337384
61337680
61362201
61339846
61340074
61340510
61339257
61341066
61340535
61365268
61341250
61342873
61343208
61342588
61342455
61342336
61344857
61347876
61347205
61348591
61349041
61373073
61349859
61350179
61349528
61374511
61351318
61350643
61375893
61350641
61352590
61353116
61353004
61352441
61356568
61355684
61357844
61357097
61358374
61382842
61359359
61359747
61358977
61360116
61384951
61361256
61361104
61360898
61362240
61361405
61387187
61364620
61365864
61365791
61367139
61392199
61368136
61368480
61366771
61369207
61368634
61395975
61370203
61372121
61396735
61373016
61372091
61373535
61401649
61375553
61377563
61376632
61376763
61376566
61379152
61379189
61378422
61378583
61405477
61381064
61380836
61407085
61380799
61382655
61382465
61383364
61385921
61386727
61387601
61386365
61387621
61413711
61388734
61389321
61388400
61389605
61415847
61390718
61390552
61390189
61391476
61417935
61391008
61395280
61394704
61422240
61395446
61397120
61397469
61396756
61398149
61424780
61397119
61399520
61399804
61399392
61399071
61427287
61401648
61401920
61403629
61403777
61432208
61406279
61406397
61405887
61407215
61407775
61408655
61434582
61408455
61408054
61409598
61408667
61410621
61437514
61411375
61411347
61413049
61415031
61442349
61415634
61416242
61415509
61444185
61416352
61417129
61418120
61416461
61418492
61417817
61419201
61417857
61420427
61420543
61422586
61423241
61422194
61423241
61425081
61424197
61425684
61424580
61425357
61427045
61426234
61426424
61455812
61426933
61428990
61428031
61428902
61428661
61460997
61432145
61432122
61434027
61434761
61434874
61463431
61435281
61435904
61436277
61465097
61437246
61437566
61436754
61437245
61467170
61439257
61442594
61441474
61441379
61471852
61441864
61444193
61443320
61444674
61443386
61445612
61445925
61444925
61446858
61444975
61446114
61448903
61478500
61448460
61452600
61452432
61452272
61452191
61454798
61483913
61454201
61454181
61454195
61456635
61456921
61457273
61457329
61487245
61458458
61457499
61459467
61491752
61461120
61462497
61462278
61463643
61493908
61464770
61465299
61464396
61464209
61464193
61466800
61466991
61466408
61467650
61498162
61468763
61470312
61470685
61472205
61502840
61471542
61473630
61472912
61474138
61472996
61475284
61473652
61474579
61506406
61476551
61476800
61476732
61508253
61478989
61479709
61480578
61480326
61480109
61480404
61510911
61479103
61480616
61479215
61480799
61478706
61480792
61480626
61480831
61511202
61479202
61480715
61479278
61511026
61480043
61479637
61479175
61478813
61479376
61480814
61479718
61480698
61479635
61481031
61481159
61480849
61480146
61481224
61480046
61481012
61479398
61479646
61481210
61480148
61479604
61479402
61481574
61481497
61480703
61512046
61481650
61481967
61481019
61512202
61480479
61512216
61480482
61512216
61481869
61482322
61480760
61512457
61482270
61482525
61482237
61512267
61482042
61480396
61481692
61481852
61481732
61480093
61482083
61480823
61481920
61481458
61482139
61480759
61481991
61480175
61482312
61482095
61481179
61512634
61482296
61482229
61481262
61512586
61482382
61482135
61481748
61512672
61482490
61481421
61482161
61482401
61512662
61482561
61482440
61482414
61481273
61512900
61482584
61481443
61482449
61480602
61482941
61483087
61482963
61512984
61484253
61484226
61483642
61514796
61482789
61484474
61483354
61482765
61482533
61484547
61483122
61514993
61483186
61482984
61482615
61484578
61483980
61484270
61484877
61483044
61483292
61484883
61483599
61483127
61482874
61483535
61482792
61483756
61515642
61507220
61499528
61498765
61500630
61500099
61531711
61500163
61500258
61501713
61501623
61500213
61502172
61501007
61502161
61532601
61502485
61501077
61502093
61500571
61502513
61501120
61501261
61532725
61502590
61501293
61500838
61500558
61502551
61501513
61501044
61500839
61502760
61501787
61501056
61501320
61503244
61503094
61502121
61533614
61501909
61501924
61533669
61503482
61503316
61502372
61501815
61503746
61534210
61503635
61502522
61502002
61502579
61503424
61502858
61502470
61502714
61503882
61503738
61502076
61534611
61503100
61534735
61504456
61504339
61504506
61534625
61504558
61503317
61504570
61535167
61505106
61503589
61504547
61503506
61504965
61505262
61535363
61505242
61503868
61504935
61503383
61504450
61504112
61505479
61505687
61503639
61505683
61504635
61504092
61503860
61505874
61504781
61536620
61506110
61505966
61506226
61536415
61506383
61506313
61505756
61504715
61506698
61505289
61536731
61536683
61505314
61505174
61506464
61506074
61506424
61506497
61506727
61536916
61506747
61505446
61504984
61505232
61506837
61505646
61537320
61506985
61506757
61505526
61537034
61506885
61505659
61505197
61504965
61506962
61506026
61505534
61507315
61507481
61507430
61507252
61505899
61507381
61506432
61537920
61507689
61507424
61507625
61537974
61507700
61507523
61507927
61537815
61507705
61507511
61507801
61506244
61507324
61509474
61539713
61509090
61507946
61509548
61508837
61539988
61509678
61510077
61509837
61540062
61509863
61509619
61540003
61509762
61509758
61507925
61510055
61508812
61540344
61507957
61509950
61508861
61508392
61510159
61510048
61508664
61510162
61510115
61508937
61510006
61510235
61508850
61510030
61510202
61508160
61510225
61509139
61508742
61509596
61510594
61509427
61508958
61509484
61510863
61509692
61541027
61509841
61509628
61541153
61511008
61510815
61511119
61541178
61511057
61509656
61509328
61509216
61510361
61509945
61509425
61509217
61511248
61510111
61541772
61511464
61511509
61510153
61541865
61509421
61510266
61510482
61542068
61510426
61510042
61541763
61511546
61510415
61510045
61510314
61511714
61510662
61513461
61510149
61511537
61511745
61541897
61511803
61510668
61542407
61511966
61511971
61511914
61510243
61512181
61512004
61512292
61542348
61512203
61510816
61511927
61510780
61512262
61511064
61512187
61542719
61512374
61511072
61542931
61512548
61512347
61512635
61542939
61512662
61512534
61511475
61543019
61511107
61512654
61511729
61543258
61512808
61512738
61511815
61543231
61513008
61511905
61512880
61512727
61510887
61512952
61511083
61512548
61513019
61511282
61543289
61513282
61543368
61511842
61511301
61513602
61512785
61543927
61512179
61513617
61512449
61544170
61513772
61513729
61513886
61544017
61512525
61513804
61513053
61544269
61513798
61513868
61514093
61544381
61512525
61513909
61513037
61544389
61513624
61514318
61513697
61512063
61514175
61544453
61512829
61544397
61514106
61512839
61512384
61512395
61514176
61513024
61544576
61514230
61514139
61514443
61544712
61514422
61514280
61514539
61544813
61514430
61513149
61514093
61513859
61513598
61514423
61512839
61514442
61514665
61544697
61514750
61513260
61512939
61512570
61514676
61514143
61545154
61516668
61516615
61515922
61547151
61516888
61516774
61517003
61547286
61517187
61515615
61516638
61514983
61517218
61515976
61516654
61547059
61516872
61515896
61547350
61515603
61515924
61516972
61515364
61515824
61515054
61515223
61517234
61517517
61519103
61547831
61516261
61547805
61517494
61516158
61515881
61516366
61517146
61516478
61516671
61516326
61517709
61516074
61515777
61517701
61516561
61516092
61516289
61517829
61516778
61516368
61516901
61517951
61517109
61548374
61518061
61517009
61548670
61516854
61516413
61518309
61548582
61518442
61517656
61517200
61518456
61517257
61516905
61516670
61518834
61517567
61548819
61518711
61517451
61548928
61517573
61518383
61548918
61518564
61518497
61518578
61518502
61518815
61518598
61518953
61549185
61517441
61518916
61519095
61518215
61518950
61517759
61517276
61517071
61519064
61518340
61549378
61519048
61517674
61518786
61517090
61519110
61518063
61519319
61549863
61518812
61518277
61549752
61519496
61518335
61518402
61549993
61519937
61518656
61550339
61518244
61519855
61519659
61518532
61519970
61550503
61520219
61518593
61518447
61520234
61520137
61519948
61519105
61519688
61519309
61518238
61520234
61520114
61518842
61519254
61520489
61519040
61520091
61518467
61520446
61519357
61551045
61519438
61518898
61519410
61551138
61519340
61520829
61520060
61551135
61520918
61519503
61519175
61518915
61520874
61519771
61551483
61521031
61551231
61519845
61521110
61520995
61521197
61519125
61520438
61519995
61520154
61521454
61520176
61519591
61519287
61521352
61520304
61551927
61521677
61521949
61521730
61519562
61521555
61552116
61551893
61521626
61520865
61551815
61521695
61521663
61520017
61519662
61521047
61520782
61552069
61521847
61521726
61520488
61521653
61552347
61521914
61522062
61521982
61520704
61552365
61521722
61521429
61520106
61522174
61521010
61522304
61521149
61522242
61522617
61521570
61522213
61522590
61520487
61520739
61522392
61520908
61522699
61522553
61521566
61552887
61522981
61520651
61522682
61522766
61553191
61521480
61521303
61553159
61524923
61523618
61555130
61524967
61524846
61524774
61523169
61525091
61524039
61523468
61523915
61555422
61525519
61523565
61524217
61525402
61555459
61524365
61525604
61524248
61523984
61525734
61525640
61525620
61555810
61525461
61523834
61525608
61525552
61525633
61523800
61525858
61524629
61524174
61524669
61526065
61526277
61524000
61525921
61525176
61525277
61524290
61525917
61526163
61526030
61524137
61524882
61524622
61524798
61526863
61525218
61524298
61526383
61525829
61556977
61526688
61526396
61526348
61524631
61526696
61525409
61557223
61525065
61526753
61525963
61526847
61525590
61557017
61526819
61525604
61557300
61526310
61525943
61526938
61524824
61526814
61526189
61557117
61527105
61526813
61526816
61557280
61527134
61525349
61526982
61526261
61525850
61525015
61527245
61527264
61525283
61525886
61557550
61557295
61526934
61525782
61527178
61527060
61526937
61557543
61527152
61526135
61557685
61525253
61527489
61526648
61557694
61527472
61526085
61527259
61525515
61527642
61526553
61558250
61526264
61526294
61527486
61558129
61526334
61527665
61526549
61526025
61526410
61528006
61527239
61558006
61527813
61526530
61527853
61526504
61526527
61528047
61527499
61526403
61558255
61526812
61558548
61526619
61527414
61527079
61558445
61527318
61528175
61527929
61528170
61527884
61526356
61528150
61528476
61526236
61528352
61527188
61526654
61526916
61527973
61528396
61528161
61526564
61528955
61528824
61558904
61528871
61527628
61527230
61527574
61528971
61529187
61559350
61527716
61529157
61528143
61527623
61529239
61529156
61529135
61527391
61527239
61528914
61528746
61527578
61529320
61529204
61559284
61529286
61527936
61527509
61528390
61529202
61528980
61527833
61528623
61527876
61529236
61529367
61559742
61529308
61529555
61559782
61528802
61528410
61559849
61529632
61560097
61529604
61529369
61529658
61529703
61529748
61527663
61529759
61529778
61529539
61529855
61528811
61560246
61529609
61529843
61528202
61530054
61528636
61528376
61528600
61529884
61528935
61560474
61530120
61529185
61560575
61530308
61529058
61528706
61530558
61530539
61529326
61528624
61530705
61529494
61561036
61530669
61529196
61561004
61530638
61529159
61530440
61561023
61530766
61530774
61529088
61529387
61531165
61530573
61529040
61530924
61529781
61561152
61531017
61532016
61563704
61531792
61533134
61533311
61533161
61533439
61563592
61563682
61532243
61563643
61533599
61532267
61563835
61533524
61532171
61533136
61533259
61533506
61532887
61531690
61533492
61532658
61564002
61533794
61532417
61533649
61533907
61533155
61531811
61533951
61534182
61564213
61532697
61564137
61532226
61533874
61531858
61533267
61533301
61564274
61534145
61533092
61532348
61534098
61532889
61564452
61534296
61532786
61533949
61533500
61534208
61533078
61532609
61533172
61534233
61564590
61533705
61534439
61534470
61532398
61534391
61533817
61564865
61534463
61564806
61534622
61533933
61533217
61534669
61534669
61533354
61534994
61534260
61565147
61534940
61534253
61565480
61535158
61534032
61565553
61535262
61534152
61565485
61533052
61534016
61565611
61535204
61535403
61533530
61535337
61534589
61565599
61535426
61534293
61565733
61535532
61534077
61533184
61565676
61535467
61535419
61533739
61535568
61534895
61535659
61535767
61534681
61566049
61535818
61534571
61566203
61535780
61534451
61534065
61533723
61535163
61535143
61566290
61536025
61535876
61536146
61536423
61535409
61535041
61536590
61534733
61534916
61536361
61536152
61534370
61536469
61566826
61536814
61536664
61566850
61536715
61535506
61534972
61535371
61536340
61535915
61567274
61535475
61537032
61536294
61536687
61535669
61535999
61567447
61537187
61535995
61567538
61537112
61535803
61535564
61537225
61537080
61537008
61535168
61537212
61536886
61567356
61536949
61536023
61567439
61537130
61536020
61567348
61537085
61536839
61535578
61535964
61567551
61537392
61567329
61536966
61536804
61537601
61535535
61537416
61536716
61567804
61537440
61567990
61537490
61537142
61535494
61538084
61537686
61567869
61537467
61536811
61567778
61537676
61536542
61567909
61537734
61537616
61537944
61536828
61537903
61536667
61537136
61537979
61536743
61535952
61537623
61536740
61537271
61537887
61538127
61537394
61537994
61537973
61568434
61538198
61537301
61568752
61538462
61536938
61536726
61536923
61537123
61568915
61537032
61538639
61538300
61536655
61538682
61537017
61538685
61538908
61536719
61538760
61538459
61536805
61539103
61538511
61536740
61538761
61537524
61538958
61538490
61538212
61538711
61537838
61539427
61537755
61536930
61538431
61537947
61569541
61539279
61537755
61537331
61538803
61538939
61569296
61539135
61537779
61569539
61539084
61539055
61538932
61538373
61539179
61537757
61569677
61539171
61537818
61537435
61539277
61539180
61539149
61537388
61538331
61539273
61539161
61539399
61539213
61539254
61538329
61539302
61539230
61537325
61539711
61538516
61572511
61542416
61540984
61540533
61541004
61542191
61541205
61540284
61542393
61541438
61572896
61542701
61542505
61542367
61542797
61542233
61543408
61574151
61543972
61542985
61544139
61574446
61544338
61544245
61543098
61544434
61544731
61574842
61544491
61543498
61574946
61544758
61543306
61542981
61542674
61544137
61543997
61574906
61544763
61544707
61544956
61544876
61543780
61544793
61545091
61544618
61543242
61575539
61545414
61543897
61545198
61545612
61575711
61545544
61545830
61575999
61545790
61575947
61544076
61545716
61545871
61576253
61545816
61545573
61576132
61544615
61576567
61546246
61544749
61544612
61545148
61546244
61546049
61546410
61546455
61546491
61545306
61576963
61545162
61546572
61576991
61545407
61546425
61576922
61546580
61546807
61576887
61546834
61545420
61544948
61545426
61546706
61546957
61546952
61546773
61546735
61544932
61544749
61545837
61546266
61546981
61546831
61545461
61547461
61547309
61577506
61547158
61546151
61577510
61547274
61545990
61577753
61547387
61545946
61577788
61547459
61547362
61547167
61547486
61547451
61545755
61546051
61547677
61546618
61578026
61547776
61546581
61578240
61547971
61546529
61546259
61546795
61548476
61546520
61546802
61578225
61547938
61546689
61578219
61548037
61546222
61547927
61547006
61578224
61548002
61546886
61547433
61547689
61578358
61547970
61546638
61578422
61548141
61547897
61548078
61578398
61548297
61546986
61578749
61548492
61548176
61546949
61578560
61548500
61547213
61578808
61548627
61547055
61546689
61548493
61547089
61546713
61548490
61546318
61548659
61547115
61546822
61548786
61548628
61547220
61579047
61548699
61547514
61578978
61546765
61548912
61547621
61579114
61548875
61547621
61579189
61548899
61547735
61548966
61547730
61579298
61549011
61547754
61579485
61549182
61547850
61579546
61547605
61548978
61548624
61579607
61549181
61547996
61579514
61549291
61549173
61547867
61548231
61549446
61548247
61547344
61549463
61548347
61549719
61579957
61549572
61549490
61548497
61549692
61549449
61549960
61549836
61550031
61580125
61550116
61548918
61580547
61550072
61549420
61550150
61548499
61550187
61550047
61549215
61550081
61550520
61549068
61580780
61550455
61549054
61548835
61550575
61550440
61548794
61548552
61550733
61550533
61550728
61550865
61581169
61550690
61549601
61581415
61551005
61550788
61550521
61548948
61549009
61550816
61550164
61548892
61550885
61549823
61581092
61551104
61549796
61551066
61550673
61551112
61581282
61550995
61550958
61551271
61550063
61549265
61551398
61551534
61550417
61549585
61551567
61550567
61582287
61551889
61550495
61550075
61550409
61551765
61550976
61582314
61552052
61550888
61552309
61582161
61550957
61551935
61550794
61582368
61552348
61552027
61552278
61552150
61552030
61550259
61552362
61550132
61551007
61582519
61550930
61582663
61552376
61551191
61552502
61552440
61552809
61551528
61582863
61552162
61552595
61551362
61585965
61555788
61555660
61555331
61554311
61555741
61555407
61555853
61586282
61556004
61554304
61556207
61586495
61556517
61554403
61556252
61555040
61554273
61556393
61555467
61586805
61556588
61555365
61554712
61555231
61554467
61556634
61556769
61556522
61586831
61556670
61555598
61554701
61556937
61556531
61555024
61555761
61554830
61556864
61555871
61554854
61555154
61556927
61555814
61587114
61556883
61555647
61587482
61556993
61555835
61557163
61555944
61555115
61555795
61587558
61557274
61557316
61555679
61557103
61556960
61556487
61557326
61556086
61555333
61557302
61556264
61588028
61557497
61555939
61556764
61555461
61556707
61556444
61555677
61557913
61556581
61587860
61557742
61556578
61588146
61557831
61556687
61556651
61557927
61558153
61555910
61558081
61557702
61556462
61558236
61557416
61556264
61558039
61558208
61588656
61558363
61557178
61588808
61558545
61557264
61588800
61558548
61556692
61557300
61556591
61558669
61558034
61556666
61558899
61558807
61557630
61558810
61589326
61557692
61558992
61559364
61559074
61558308
61556886
61558889
61559196
61589233
61559207
61557731
61589724
61559344
61559376
61558996
61557993
61559708
61559140
61558089
61559403
61559370
61589790
61559825
61559110
61557455
61559322
61559617
61589769
61559685
61558562
61559572
61558379
61558041
61558638
61557857
61559964
61559721
61560010
61559766
61558065
61560092
61559536
61559964
61558145
61560189
61560337
61558244
61559574
61560453
61559552
61560672
61559933
61559524
61590644
61559357
61559751
61560419
61591004
61558766
61560300
61560472
61559823
61560353
61590763
61559459
61559083
61560508
61560381
61559497
61558957
61560835
61560772
61559758
61591224
61561067
61591114
61559904
61560882
61560291
61591275
61561077
61560493
61559057
61561214
61561020
61591549
61561176
61591791
61559522
61561491
61561294
61559701
61561773
61561095
61561429
61561332
61559727
61560277
61560319
61560700
61561348
61559651
61561452
61561358
61561214
61559518
61561364
61560841
61591643
61561538
61560251
61592035
61561631
61560275
61592043
61561744
61559963
61561884
61592378
61561985
61560176
61561919
61560827
61592147
61561522
61560878
61560019
61561445
61562279
61560711
61560750
61562044
61561675
61560140
61560714
61592652
61562259
61561094
61562453
61561209
61592693
61562456
61562059
61560686
61560726
61562393
61561589
61560370
61562363
61562463
61560343
61562425
61561541
61562523
61560909
61562635
61561330
61593042
61562748
61561655
61593350
61563059
61562839
61562701
61563011
61562893
61561732
61561812
61593403
61563093
61562052
61593355
61562054
61561338
61563301
61563147
61563467
61562073
61561377
61563234
61563498
61561289
61562715
61562418
61561474
61563737
61562378
61593693
61563751
61563647
61562428
61593883
61562314
61593868
61562363
61594109
61563809
61562573
61561779
61563782
61562888
61594384
61564097
61562861
61594445
61564070
61562840
61594632
61564244
61562981
61594541
61564358
61564165
61564421
61564301
61562693
61564422
61563824
61594698
61564473
61563429
61563704
61564419
61564160
61564658
61564513
61562806
61564516
61594988
61565152
61564480
61563648
61564744
61563373
61565328
61564986
61562852
61564850
61563242
61565135
61564977
61563438
61563788
61565184
61564785
61565156
61565124
61565342
61563171
61564532
61563982
61569032
61599018
61568533
61567482
61598802
61568588
61598866
61568643
61568462
61568847
61568626
61567117
61569014
61567380
61567288
61567718
61568341
61569343
61568668
61569066
61567809
61599363
61568905
61568286
61599296
61569076
61567987
61570884
61568505
61569290
61567566
61569350
61569026
61569377
61568075
61567648
61569401
61567928
61569516
61599898
61568299
61567597
61568558
61600032
61569849
61568123
61569116
61568777
61567969
61570091
61569146
61568216
61570277
61568430
61570008
61569280
61600415
61570193
61568984
61600453
61570285
61569110
61600832
61569003
61568699
61570281
61570110
61568479
61569952
61569222
61600638
61570523
61569594
61568599
61570619
61569892
61600827
61570575
61570822
61568654
61570684
61570620
61570682
61569149
61569658
61570805
61570664
61571094
61569830
61601301
61571025
61571286
61569053
61571046
61570111
61601511
61571272
61570527
61601615
61571200
61571219
61570088
61571275
61569713
61571463
61570305
61601857
61571511
61570326
61571527
61571029
61569381
61571334
61571169
61570330
61601986
61571802
61571201
61602184
61572086
61571461
61602232
61572049
61570038
61572022
61602406
61572310
61570735
61602625
61572146
61602542
61572261
61572143
61572449
61571031
61602830
61572391
61571182
61602670
61571243
61571329
61571265
61602969
61572659
61570491
61571397
61572609
61572467
61572635
61572454
61572615
61572800
61571608
61603243
61572916
61573180
61573028
61572758
61573116
61573249
61573149
61571909
61603458
61573142
61572063
61571074
61573341
61573464
61571324
61573272
61571237
61573738
61603573
61573304
61573069
61571349
61573360
61571725
61573526
61604016
61573509
61571589
61572266
61572965
61572504
61604125
61573734
61573184
61604061
61572781
61574102
61572746
61604274
61573985
61572818
61604312
61574071
61573502
61574136
61604741
61574302
61572387
61573300
61574521
61572802
61574678
61573510
61604965
61574664
61574090
61604982
61574815
61605194
61573378
61605357
61574714
61573189
61574980
61575131
61573882
61573506
61575779
61605760
61574126
61573376
61574664
61573893
61574680
61575479
61574195
61605587
61575342
61573715
61575632
61575636
61574305
61574409
61573625
61575465
61573918
61575692
61574947
61574949
61574696
61575710
61575509
61575691
61575415
61575854
61575788
61574750
61575954
61606283
61574918
61575948
61575675
61575916
61575766
61574931
61576234
61574267
61576376
61576354
61606665
61576347
61606587
61575211
61575147
61576342
61606882
61576648
61576283
61576524
61575537
61606900
61576619
61575919
61574623
61576517
61575489
61574616
61576531
61576631
61575439
61574682
61575338
61607196
61576790
61576903
61575565
61576674
61576772
61575590
61607071
61577083
61576752
61607391
61577097
61607578
61576009
61575890
61576945
61577280
61577190
61577239
61576979
61576946
61577474
61577482
61607720
61607696
61576911
61577726
61576333
61576080
61576037
61575467
61608111
61608116
61576420
61577658
61575860
61577871
61608095
61578000
61608284
61578016
61608293
61578070
61578070
61576133
61577190
61576204
61577028
61608548
61578517
61608604
61578952
61578716
61576804
61578985
61577984
61578940
61576768
61578473
61577480
61578862
61578202
61579994
61578897
61580191
61580226
61580625
61580559
61578516
61579528
61579312
61580765
61580072
61580455
61580816
61581217
61579984
61581113
61580839
61581185
61579709
61579672
61580085
61611370
61581448
61580068
61579356
61579487
61581603
61581375
61581564
61612018
61581918
61581619
61612323
61580606
61581872
61580656
61581977
61581721
61581456
61612478
61582043
61580131
61580719
61582276
61581531
61582422
61581903
61582336
61580488
61580764
61612449
61612536
61581060
61582411
61612652
61581812
61612596
61582448
61612735
61581143
61612903
61582552
61612964
61582588
61616778
61586500
61584859
61586540
61586315
61586457
61584867
61586515
61617040
61587164
61617057
61586011
61586743
61617289
61586762
61617337
61586810
61586858
61586049
61586231
61586817
61586941
61586012
61585982
61587147
61586805
61587357
61586459
61586085
61587143
61587551
61617845
61587375
61617605
61587382
61587567
61587677
61587437
61587810
61618173
61587945
61586590
61586406
61586630
61587906
61587959
61587682
61587817
61618125
61587919
61618205
61587881
61618149
61587863
61618312
61585695
61585781
61587189
61587974
61588012
61588055
61588227
61618737
61588643
61588747
61586677
61618937
61588017
61588631
61588770
61588739
61588673
61588732
61588494
61588601
61618949
61588384
61587480
61588879
61618915
61588633
61588886
61586649
61588666
61619042
61588120
61588857
61587471
61588672
61588892
61619613
61589014
61589264
61589504
61587327
61589042
61588783
61589175
61588150
61589174
61587890
61586986
61589007
61619575
61589156
61589030
61589292
61587709
61589359
61588143
61587904
61589452
61587451
61589588
61588375
61619950
61589660
61589689
61587870
61589525
61619956
61588446
61589904
61588211
61589910
61620119
61589896
61620305
61589898
61620313
61588679
61589782
61590322
61590197
61590239
61620332
61589031
61590229
61620612
61620714
61590436
61589054
61589017
61590338
61620782
61589612
61590650
61590161
61590474
61620985
61589844
61590605
61590770
61590659
61589671
61589899
61589738
61590771
61589901
61590725
61589942
61590765
61590841
61590918
61589123
61590788
61588861
61589788
61590234
61591052
61591221
61589974
61589070
61591078
61621520
61591137
61589850
61589247
61590006
61590517
61590251
61590225
61590329
61589572
61589451
61591802
61591489
61589841
61591545
61591561
61621892
61621937
61590255
61591798
61589647
61590720
61591632
61591933
61622329
61591114
61591947
61589850
61590245
61590174
61589935
61591749
61591808
61590437
61592118
61622169
61591973
61622672
61592172
61592467
61592384
61590780
61591126
61590383
61592391
61622999
61591175
61622791
61592661
61622940
61592478
61592480
61592696
61592756
61591523
61590619
61592576
61623232
61592967
61591185
61592914
61591201
61593006
61591958
61592270
61591689
61623405
61593186
61591452
61593339
61592560
61593451
61592047
61623586
61593835
61623751
61593522
61623887
61591646
61593416
61623887
61593394
61591383
61591703
61592263
61593488
61592447
61593552
61592414
61591507
61592160
61623920
61593557
61593732
61592432
61593630
61592431
61591650
61593678
61624285
61593806
61593646
61593867
61592747
61591778
61593738
61624418
61594068
61592324
61593079
61593785
61593532
61593839
61593108
61593941
61592248
61592496
61594047
61592412
61593879
61593246
61594194
61594073
61624433
61592865
61593420
61593169
61594253
61594028
61594041
61592159
61594129
61592042
61593026
61594357
61592661
61594246
61592245
61593083
61594339
61624868
61593014
61594356
61592670
61593062
61594548
61594484
61592534
61593519
61624887
61594613
61594549
61594686
61594650
61594723
61594593
61594914
61593585
61592886
61625034
61594901
61594901
61625359
61593653
61595434
61595109
61595150
61595006
61625502
61625403
61625502
61593970
61594098
61595360
61595020
61593084
61593987
61595277
61593948
61595108
61593559
61595296
61594999
61595431
61625666
61594138
61594638
61594092
61625624
61594203
61595617
61593836
61594296
61593416
61594096
61625728
61594379
61593805
61595253
61595641
61594565
61595817
61593571
61594467
61593683
61594606
61596070
61596026
61595850
61595457
61594636
61596131
61594925
61596290
61595432
61596217
61595121
61596230
61596235
61626766
61596735
61626651
61596279
61626574
61595073
61594399
61595298
61596643
61596670
61596463
61627057
61596633
61626779
61595179
61596661
61595723
61596365
61596825
61627118
61596106
61595162
61597097
61596772
61595551
61596886
61595118
61596742
61594846
61596585
61596850
61627506
61595690
61595650
61596186
61595642
61596317
61597350
61597078
61596834
61597105
61627462
61595982
61597149
61595379
61595465
61597457
61597112
61597446
61595712
61596058
61597246
61595285
61597636
61597535
61595514
61597239
61597750
61595751
61597701
61596978
61627989
61596368
61597891
61597546
61597662
61596452
61596781
61596489
61597844
61596392
61602064
61602022
61602204
61632311
61600921
61602436
61602302
61632716
61601197
61601060
61602501
61602129
61601197
61602474
61602642
61601273
61602594
61602581
61601170
61602799
61602650
61602532
61602929
61602817
61602097
61602593
61602226
61633150
61603289
61602549
61602734
61602987
61602900
61602179
61602895
61601731
61601434
61633034
61601525
61602989
61602854
61601768
61633333
61602806
61601124
61601900
61602933
61601751
61602084
61601583
61601837
61602915
61601709
61602118
61603090
61603177
61601915
61603222
61603217
61603249
61633624
61603100
61602265
61602184
61602000
61601984
61633720
61603530
61603365
61603538
61603402
61601446
61602445
61603448
61603602
61603480
61603592
61603672
61603701
61634042
61603094
61603793
61634205
61602384
61603985
61602495
61603636
61601924
61603188
61602414
61603954
61603962
61634330
61602963
61604089
61634235
61603843
61604072
61604233
61634632
61602936
61604500
61634785
61603532
61604407
61634747
61603032
61604476
61604432
61604417
61602433
61603278
61604640
61603718
61603165
61604599
61603828
61635143
61634990
61604870
61603556
61604938
61603791
61603840
61602953
61603447
61605080
61604898
61635368
61605017
61635294
61603818
61605011
61635431
61605190
61603607
61604632
61603620
61605451
61605491
61603712
61605510
61604256
61605574
61605596
61604415
61605831
61603758
61604822
61604518
61605791
61604766
61605831
61604745
61605895
61606016
61605908
61636292
61605779
61605919
61604136
61636423
61604951
61606340
61604800
61604688
61604912
61636723
61605054
61606303
61606095
61606295
61604294
61604775
61605270
61606546
61604901
61606706
61637266
61606702
61637134
61637259
61605422
61606887
61605184
61606862
61605265
61606492
61605717
61605485
61604876
61637259
61607069
61637278
61605343
61606496
61605832
61607279
61637455
61607428
61606423
61607353
61607107
61607267
61607183
61607269
61607424
61605687
61607236
61637699
61606603
61637958
61607520
61605855
61607646
61607424
61607809
61607163
61607757
61606452
61605668
61607631
61638252
61607824
61607928
61607610
61607126
61607911
61606600
61606182
61607911
61606321
61607667
61608172
61607366
61606998
61608271
61608354
61638557
61606633
61608332
61606272
61607041
61608389
61606569
61607397
61607836
61607142
61638683
61608520
61639085
61608857
61639101
61608563
61638922
61607361
61608689
61639146
61639106
61639034
61608605
61606949
61607698
61608806
61606987
61608843
61639180
61608665
61608860
61608881
61608247
61609004
61608865
61608154
61639374
61609111
61607374
61607406
61609022
61639750
61607935
61607685
61608679
61608170
61639879
61608234
61609442
61611154
61607926
61608339
61609806
61610143
61609861
61607747
61608926
61610060
61640218
61609841
61607859
61608649
61607824
61609878
61640026
61608715
61608628
61609350
61640544
61608949
61610188
61610277
61610225
61610233
61609850
61609647
61640737
61609041
61610314
61609273
61610419
61608360
61609136
61609230
61609276
61608982
61610665
61610653
61609440
61610529
61610304
61608752
61610519
61610212
61610648
61610344
61609836
61610550
61608901
61611178
61610944
61610114
61609859
61611016
61609896
61609036
61609754
61641401
61610937
61612709
61610862
61611035
61641545
61610012
61611189
61609178
61610428
61611258
61611350
61610060
61610044
61610223
61611523
61611554
61611567
61611263
61611549
61642242
61611766
61610129
61611178
61642272
61611697
61611378
61609543
61610494
61611719
61611822
61611683
61610083
61611781
61642158
61610175
61610584
61611852
61609761
61610718
61612066
61642112
61642136
61610640
61611940
61610830
61612051
61642406
61611986
61610274
61611027
61612259
61642449
61612125
61610130
61611026
61612230
61612259
61610892
61612186
61642301
61610930
61610794
61611288
61612346
61612001
61610821
61612367
61612252
61611156
61612343
61612364
61612428
61610803
61612611
61643065
61611233
61612560
61612760
61611524
61612851
61612133
61612843
61611964
61613105
61611637
61611480
61611701
61612061
61611525
61612918
61613137
61612670
61613142
61613090
61612667
61611046
61611468
61612025
61613175
61611180
61613382
61612897
61611952
61613054
61613145
61611000
61611444
61613650
61611325
61612381
61613182
61612704
61613318
61613511
61613832
61611571
61613217
61612025
61613212
61644129
61643838
61612502
61613905
61613396
61644124
61612473
61613842
61613836
61614053
61613920
61613928
61613879
61613914
61613662
61613673
61613860
61613696
61644271
61612964
61612551
61612991
61614048
61612938
61614214
61644446
61614149
61644636
61614434
61614289
61644739
61614462
61612691
61614540
61612827
61614433
61645078
61614555
61614655
61613200
61614634
61614834
61613769
61614853
61613825
61613532
61645064
61614606
61616354
61645027
61613459
61645252
61615076
61645478
61615095
61619762
61619397
61619812
61650273
61619587
61650067
61619595
61650212
61619772
61650209
61620113
61619855
61618674
61619977
61650356
61619846
61617770
61618412
61619955
61618102
61650357
61650377
61618869
61620077
61618374
61620521
61618654
61650585
61619953
61619203
61620571
61650576
61619062
61620362
61619979
61619585
61650574
61620118
61618249
61619238
61619380
61619185
61620440
61618508
61619332
61620581
61620624
61620840
61620774
61651234
61620690
61651103
61619551
61620827
61618679
61620935
61619709
61619399
61620762
61620944
61620527
61621073
61618915
61620648
61621023
61619622
61651396
61619940
61620983
61619708
61651481
61619851
61621121
61621242
61651617
61621256
61622054
61622703
61621341
61622753
61621573
61623375
61622125
61623392
61623651
61622592
61623972
61624069
61654472
61623897
61654515
61623234
61622785
61654703
61623007
61654828
61623125
61624648
61624183
61624599
61624419
61654969
61623037
61624731
61623398
61623914
61654679
61623740
61624319
61623725
61655406
61624972
61655353
61625072
61624837
61625270
61624549
61625255
61623583
61623999
61624055
61624996
61625401
61655756
61623998
61623238
61624261
61625499
61655820
61624268
61623436
61624409
61623651
61625411
61624768
61625539
61625612
61656134
61624927
61627135
61655743
61624451
61625634
61623915
61625590
61624053
61625781
61624187
61625940
61656372
61624827
61624061
61626310
61626198
61626422
61624843
61656884
61625068
61624342
61656588
61625274
61626417
61625410
61626943
61657264
61626920
61657011
61625648
61657215
61626981
61626322
61625984
61627329
61626322
61627475
61657717
61627579
61657802
61626215
61627035
61627387
61627171
61627406
61627687
61625889
61627553
61625861
61627464
61625517
61626440
61627758
61626941
61627774
61658149
61627736
61627846
61626150
61627981
61658486
61626870
61628119
61627846
61628165
61627776
61628206
61626524
61628280
61628463
61628267
61658650
61628603
61628498
61628263
61628546
61659134
61628596
61626756
61627703
61628914
61659203
61627716
61628965
61627684
61629210
61659246
61629263
61629155
61627463
61627966
61629102
61627385
61629230
61628926
61627026
61627922
61627894
61628166
61628208
61628390
61628740
61629320
61629463
61659584
61628720
61629355
61659856
61629456
61629114
61629448
61627450
61659721
61627936
61629618
61629902
61660226
61628676
61629973
61628198
61630485
61630048
61629870
61630000
61628745
61630098
61660601
61630023
61630324
61630116
61629020
61630567
61660966
61629030
61628865
61629101
61630470
61630292
61630584
61628760
61628880
61630656
61629149
61630812
61629391
61629905
61629530
61628921
61629318
61661254
61630689
61661025
61629596
61629457
61629821
61630783
61629258
61631048
61661385
61629793
61631090
61630820
61631119
61661407
61631050
61661578
61629930
61631299
61631474
61631369
61661674
61631325
61629330
61631389
61661741
61631252
61631423
61661817
61631447
61661833
61630170
61630982
61630398
61661842
61661747
61631193
61632010
61631641
61631978
61630217
61632113
61631373
61631218
61631269
61632030
61632136
61631998
61630177
61662204
61632102
61662349
61630790
61662581
61632436
61632490
61632319
61630744
61631280
61630372
61632399
61662756
61632998
61631352
61632545
61630788
61632414
61630427
61630908
61631920
61630688
61631399
61632901
61631514
61663116
61632615
61663025
61632893
61663390
61632981
61632736
61632954
61633033
61632949
61663163
61632811
61633208
61633268
61663590
61632020
61633331
61631560
61663448
61631614
61631766
61631976
61631130
61633104
61663590
61633282
61631518
61633676
61663742
61633353
61633439
61633070
61633589
61663830
61633462
61663768
61633475
61663762
61632122
61663860
61632500
61633815
61633419
61633675
61664085
61632654
61633927
61631615
61632633
61633718
61633886
61633864
61633550
61633848
61664256
61633846
61664304
61632873
61634197
61634249
61634282
61634361
61634503
61664624
61634351
61664952
61634289
61632634
61633758
61664814
61634694
61664904
61634479
61664968
61634516
61632755
61633203
61634428
61633393
61634632
61633450
61634723
61633511
61634685
61633616
61634793
61634934
61634850
61635025
61634781
61633116
61634941
61633180
61635117
61634895
61634238
61635129
61634016
61635073
61633874
61635051
61633876
61665514
61634052
61633911
61635088
61665525
61634525
61635072
61635239
61665642
61634093
61635369
61635110
61635228
61633525
61635432
61633239
61634111
61635405
61635508
61635677
61665922
61634226
61634243
61635570
61666190
61635714
61635489
61635931
61634119
61635899
61634207
61636004
61666496
61635972
61635648
61635985
61636064
61636049
61635880
61636164
61634328
61636132
61634416
61634736
61636400
61636000
61666564
61636220
61666841
61636392
61636443
61634366
61636527
61667081
61636634
61634800
61635435
61636701
61636934
61636957
61636015
61634967
61635791
61636319
61635927
61635694
61637069
61635449
61636983
61635342
61637095
61635474
61637001
61667629
61635850
61635172
61637132
61667598
61637689
61635322
61635384
61637116
61667515
61635835
61637083
61667896
61637379
61636128
61636355
61637655
61667983
61636173
61636058
61637738
61637503
61667947
61636337
61636391
61637692
61635955
61637714
61639494
61635711
61636698
61638227
61636429
61638086
61636424
61638225
61638427
61638402
61637149
61638459
61637656
61638465
61638182
61638478
61668884
61638480
61669084
61638544
61674120
61643679
61674180
61643715
61643876
61643888
61642103
61642567
61642475
61643229
61643575
61643628
61643714
61673874
61643668
61643409
61643489
61644199
61643762
61673961
61674405
61643920
61643677
61644038
61674301
61643680
61642872
61644048
61644357
61642079
61674418
61644022
61642714
61644257
61674354
61643242
61644244
61644331
61642320
61675020
61643866
61643728
61642563
61644329
61642468
61643429
61644491
61674805
61643250
61642675
61643633
61644676
61644001
61643852
61644954
61643217
61644844
61645091
61644790
61644117
61675275
61643751
61645339
61644103
61645287
61645103
61645270
61643718
61645393
61675685
61645703
61645704
61676043
61645454
61643534
61675465
61643967
61643963
61644330
61643666
61644322
61644306
61645746
61645557
61675895
61644242
61644842
61644423
61643594
61644394
61644915
61645948
61645916
61646111
61645935
61676262
61644101
61646358
61676331
61646138
61676548
61676504
61645980
61644465
61646157
61676669
61646078
61676681
61646466
61646177
61646546
61645081
61646577
61676996
61646976
61646370
61644429
61645415
61646777
61646805
61646783
61677428
61646786
61677073
61645605
61645733
61647166
61645792
61646982
61646917
61646529
61645532
61677229
61645725
61677611
61647342
61647323
61677731
61647408
61645700
61646562
61647790
61647107
61647899
61647267
61648021
61647204
61648013
61646818
61646082
61647445
61646794
61647008
61648404
61646612
61648334
61648092
61648429
61648429
61648661
61648388
61678321
61647553
61648239
61647931
61647663
61678839
61648349
61678810
61648421
61678934
61648470
61678904
61648520
61679010
61648607
61647938
61648328
61648722
61648676
61650262
61648553
61678995
61646933
61647253
61648732
61679157
61647640
61648848
61648689
61679207
61647751
61648982
61679405
61647658
61647282
61649253
61649091
61648984
61679453
61648019
61649487
61649228
61649475
61680036
61649635
61647909
61680068
61649062
61680149
61648992
61649798
61648393
61649680
61648001
61649826
61648167
61649889
61680285
61680136
61648642
61650107
61649242
61649979
61680440
61680523
61650002
61648012
61648788
61650112
61680371
61648781
61650095
61680364
61649724
61648844
61650559
61650242
61650461
61650267
61650374
61648271
61649119
61649175
61650457
61650469
61650175
61650518
61648775
61650357
61650211
61650651
61681074
61650564
61650747
61650782
61650599
61651196
61650391
61650674
61650869
61650293
61650739
61650647
61650598
61650678
61649400
61649051
61650920
61650836
61650940
61681299
61649691
61651097
61649326
61649886
61651158
61681553
61651073
61650515
61651310
61651401
61649503
61651423
61649802
61649958
61651748
61649317
61650158
61649422
61650092
61681869
61651549
61682242
61651048
61651536
61650065
61651307
61652092
61650406
61652227
61651811
61652091
61652000
61650811
61650017
61652165
61651048
61652447
61651334
61652445
61651377
61650302
61651030
61650966
61682980
61652637
61650716
61652595
61652343
61652656
61652729
61682943
61652595
61682959
61652466
61650231
61682894
61652537
61652626
61682814
61651326
61651458
61652740
61651048
61683133
61652803
61683280
61651851
61650992
61652155
61653119
61652839
61653258
61654916
61683790
61653821
61653342
61683702
61653355
61653185
61653450
61653342
61651841
61653635
61651936
61653552
61683935
61654163
61683986
61653677
61684106
61653764
61684273
61684263
61653885
61684000
61653748
61684193
61653852
61684036
61653784
61684254
61653478
61653890
61653415
61653717
61651987
61653091
61652130
61653760
61653535
61653906
61653756
61653952
61653717
61654246
61653453
61654166
61654317
61654257
61654333
61654329
61653171
61653018
61653355
61652410
61653032
61684761
61654468
61685013
61654527
61654453
61654060
61654633
61652725
61654560
61654605
61653423
61654840
61653593
61654121
61653643
61652787
61653611
61652974
61654859
61685449
61654663
61655113
61654768
61655108
61653511
61655337
61653576
61655380
61655142
61653937
61653869
61654179
61685750
61655487
61686071
61656015
61686068
61655656
61655785
61655716
61655796
61655376
61655627
61655501
61655749
61655055
61653797
61655740
61686431
61655785
61655574
61655924
61656160
61656084
61655025
61656226
61655495
61656321
61655325
61656382
61655221
61686613
61656329
61687162
61656792
61656468
61655094
61656518
61656313
61656656
61655945
61655390
61655842
61655422
61687005
61656861
61656812
61656521
61656930
61656585
61656970
61655233
61656890
61656665
61657152
61655769
61657138
61655977
61655097
61656878
61657395
61655727
61657504
61657097
61657544
61656881
61657618
61656508
61657805
61687872
61657531
61688064
61657756
61688065
61656866
61657753
61657880
61657889
61656843
61656622
61656791
61656792
61656882
61656012
61656743
61656079
61658186
61688711
61658194
61658154
61658426
61658242
61658466
61657593
61657282
61656522
61658434
61689154
61658606
61689098
61658780
61657308
61657508
61656703
61657431
61656743
61658771
61689457
61659156
61689500
61658854
61658935
61658617
61658909
61658633
61658787
61689546
61657706
61689579
61659088
61659157
61659212
61659320
61689554
61659744
61689771
61659264
61689792
61659457
61659421
61658365
61659420
61659075
61659573
61658548
61659592
61690261
61659963
61690338
61659825
61659624
61660057
61659088
61660056
61658823
61660024
61658846
61658062
61658835
61690321
61660045
61690549
61660292
61690709
61660172
61660019
61658679
61659945
61659824
61659995
61658690
61660083
61659182
61660434
61690568
61660239
61691013
61660551
61658910
61660615
61658844
61660806
61659378
61660860
61660778
61660873
61659691
61691180
61661057
61691374
61661470
61691429
61660883
61691247
61661023
61691388
61660847
61659223
61661010
61660720
61661143
61660702
61661097
61660778
61660084
61661019
61659895
61659238
61661129
61691711
61661189
61691780
61661335
61659412
61659409
61661155
61659701
61660789
61659887
61661482
61661604
61661325
61661585
61660775
61661788
61691780
61661393
61691721
61661433
61691812
61661524
61692044
61661693
61660028
61661709
61692327
61661916
61661808
61662083
61660946
61662147
61661453
61668134
61667437
61666851
61667017
61666315
61666961
61698507
61668365
61698775
61668618
61668330
61668419
61668418
61667697
61668374
61698884
61668406
61698780
61667272
61666529
61667151
61698953
61668522
61699201
61668592
61666941
61668961
61667502
61668847
61668591
61668900
61667222
61668985
61668660
61668987
61668252
61667786
61667852
61667194
61668860
61699478
61669004
61668731
61670108
61669408
61670017
61669921
61701443
61669932
61669349
61671384
61701712
61671618
61702203
61671730
61702248
61672016
61670224
61670498
61671788
61671091
61672040
61672020
61671885
61670611
61671836
61670764
61672023
61670947
61670677
61670847
61702246
61672241
61702705
61670842
61672556
61671964
61672157
61670420
61672286
61669950
61670855
61670119
61670960
61702455
61672760
61702728
61672480
61702891
61672639
61672373
61672055
61672368
61672122
61672606
61671339
61672708
61671715
61672030
61671539
61670878
61672814
61703363
61673000
61672792
61672965
61672658
61673142
61671721
61673018
61672835
61673109
61671859
61672142
61703388
61673026
61672507
61671423
61673179
61672951
61673315
61671595
61673307
61671573
61673227
61673477
61673414
61671629
61673379
61671058
61672063
61671333
61671914
61703546
61671978
61672838
61704160
61673435
61673157
61672890
61673442
61673456
61673653
61673568
61673535
61673091
61672175
61671598
61672501
61673084
61673749
61704256
61674048
61704301
61673931
61671960
61673872
61704508
61674010
61704628
61674026
61673794
61674234
61674330
61674298
61674042
61674314
61674417
61674539
61674276
61674387
61674654
61674448
61672188
61673114
61704932
61674468
61704935
61674500
61704972
61674604
61674684
61674387
61674769
61675029
61674935
61674987
61674999
61672760
61673529
61672824
61673576
61672744
61674816
61674943
61675172
61675037
61674740
61675125
61675132
61675240
61674148
61673223
61673972
61673208
61673837
61674485
61673925
61673189
61675173
61673328
61675209
61675269
61675348
61675398
61675155
61675448
61674631
61675508
61674787
61674026
61674789
61675571
61674874
61675683
61676025
61675771
61674610
61673826
61674653
61674586
61674642
61675571
61706200
61675786
61675670
61675914
61674150
61675810
61674172
61675286
61674250
61674780
61676043
61676210
61676120
61676124
61675989
61675836
61676275
61675530
61675531
61675141
61675597
61675085
61675493
61675053
61674453
61676369
61706629
61676245
61706697
61674748
61676623
61674883
61676550
61674824
61675989
61674905
61676596
61707170
61677086
61707176
61676628
61674902
61676583
61674866
61676523
61674858
61676641
61676266
61676675
61676296
61676801
61676859
61676895
61676314
61677072
61676320
61675590
61706999
61675652
61674981
61675750
61707566
61677325
61677270
61677137
61677446
61677179
61677629
61677356
61677736
61676068
61677746
61676095
61677789
61708167
61676358
61677849
61676794
61676006
61676663
61679702
61676437
61678176
61676600
61678267
61676494
61677040
61676181
61677011
61708742
61678488
61678695
61677393
61678776
61678855
61678802
61678604
61678896
61677344
61677558
61677378
61678339
61678760
61709341
61679032
61709480
61679137
61709513
61679276
61709696
61679377
61709726
61679369
61709793
61679503
61710075
61679564
61679401
61679714
61679417
61679802
61678603
61679640
61710279
61679865
61710319
61679711
61709964
61679580
61679721
61678066
61679922
61710283
61678939
61679877
61679693
61678682
61679353
61679281
61678908
61679682
61680378
61679657
61680418
61679697
61680420
61710395
61679182
61679665
61678715
61680605
61680349
61680799
61680560
61680901
61680336
61680694
61678933
61679244
61678905
61679507
61678609
61679677
61679596
61679676
61680809
61711294
61679550
61711358
61681378
61679546
61681234
61680985
61681274
61681049
61681386
61679249
61680024
61681547
61680482
61680236
61680329
61680022
61680321
61680765
61680662
61681190
61680702
61679904
61680817
61679886
61681996
61712342
61681985
61682079
61680338
61681971
61680389
61682028
61680288
61681945
61680393
61682050
61680426
61682131
61680442
61681691
61682117
61681799
61682313
61680508
61682295
61682222
61681197
61682382
61681613
61682422
61681216
61680326
61681150
61681952
61681461
61681989
61713220
61682723
61681243
61683047
61682716
61683101
61681097
61683119
61713585
61683239
61683450
61682514
61683736
61683347
61683639
61714145
61683710
61683549
61682524
61683688
61683418
61683731
61713876
61682318
61681726
61682399
61682999
61682432
61714165
61683878
61714257
61683603
61683817
61683526
61683935
61683813
61684201
61684068
61684029
61714216
61683932
61714504
61684365
61714612
61684375
61682631
61684459
61682732
61684358
61714877
61683472
61684745
61715229
61684775
61715275
61685125
61715451
61684792
61715414
61685133
61715430
61685007
61715248
61685488
61715588
61685805
61715844
61685584
61685268
61715753
61685455
61683507
61685047
61685465
61683851
61685823
61685290
61685750
61684548
61685814
61685842
61685889
61685848
61684344
61683693
61684514
61683729
61684505
61685153
61684740
61685237
61684660
61683938
61684591
61716273
61686437
61716399
61685927
61716351
61685986
61716439
61685945
61716473
61686100
61716571
61685894
61686207
61716657
61686199
61716833
61685975
61686120
61686028
61686320
61686020
61686525
61686108
61686664
61686626
61686768
61686782
61686719
61686843
61686732
61686883
61686799
61686574
61686959
61687185
61686772
61684975
61685823
61685120
61685773
61686411
61685707
61686193
61685456
61687318
61717724
61687320
61687300
61685806
61685949
61686098
61686674
61686138
61686642
61686253
61686873
61686320
61685491
61686254
61685432
61687454
61718126
61687083
61717974
61687602
61718199
61687685
61686034
61687766
61687466
61687290
61686254
61688103
61718441
61687929
61718418
61688099
61687810
61685898
61685879
61686942
61686072
61687098
61688443
61687258
61688424
61688602
61688416
61688085
61688408
61689936
61688436
61687957
61688288
61718834
61687363
61686813
61688461
61686541
61687560
61688678
61719051
61688923
61687568
61688803
61686853
61718796
61689044
61689209
61719644
61689154
61689090
61689320
61687799
61719618
61719583
61688186
61689384
61688106
61689550
61689181
61689542
61689204
61689640
61687904
61689609
61689295
61689742
61689965
61689891
61688843
61689839
61687446
61720302
61689823
61689630
61689961
61689969
61690056
61688361
61689402
61688853
61688100
61720575
61689142
61688346
61689742
61690028
61690190
61690115
61720719
61690193
61690217
61690321
61720578
61690422
61690249
61690425
61690361
61720650
61689002
61690228
61688884
61688652
61690086
61689235
61690568
61689818
61689909
61721121
61690919
61690784
61690408
61690701
61690811
61692366
61690959
61688766
61689895
61689852
61691176
61721263
61689368
61690964
61691258
61721492
61690607
61690216
61691537
61689350
61698118
61696697
61697718
61728575
61697102
61697481
61696792
61698179
61696283
61696377
61698466
61697674
61696469
61697802
61697425
61728834
61697174
61697161
61698866
61697509
61697458
61698878
61698955
61729303
61697465
61729101
61697816
61698500
61697596
61697652
61698792
61697681
61699019
61699034
61699042
61729286
61698329
61699063
61729705
61698854
61698028
61699236
61697475
61699750
61729716
61699279
61697757
61729825
61698424
61699574
61729878
61698324
61697839
61699455
61697865
61699591
61697854
61698366
61699546
61729838
61698970
61699503
61697593
61698895
61699680
61730027
61698342
61699714
61729865
61698492
61699751
61699500
61697841
61699689
61699530
61699648
61697650
61698435
61699236
61700021
61699327
61698652
61698927
61699916
61698628
61700156
61699328
61730436
61699796
61699600
61730266
61699943
61698299
61700124
61700227
61700222
61700340
61699326
61700557
61730502
61699131
61700452
61700227
61700444
61700054
61700268
61698678
61700448
61700304
61698860
61700551
61698975
61700584
61698857
61700529
61699122
61700734
61699573
61700917
61699639
61700861
61700522
61700925
61700669
61699765
61701021
61700700
61701126
61731676
61701160
61731633
61701221
61731508
61701264
61731844
61701557
61731770
61701439
61699802
61701698
61701282
61701643
61701497
61701731
61701566
61732149
61701684
61700162
61701826
61701502
61701887
61700075
61701958
61701706
61702046
61701872
61702161
61700400
61702225
61700505
61701581
61700521
61701040
61702320
61701650
61702630
61701816
61702499
61701474
61702515
61700593
61702438
61700141
61701423
61702583
61732852
61701365
61700931
61701622
61702997
61733308
61703098
61733628
61701764
61702474
61702113
61701154
61702016
61702434
61702094
61702608
61702096
61702031
61702613
61703507
61702239
61703366
61702645
61703406
61702207
61703531
61703500
61703396
61702043
61701980
61701151
61702026
61701290
61702165
61702717
61702301
61702045
61702317
61702749
61702309
61702097
61702380
61702908
61702410
61703827
61703858
61703795
61702068
61702754
61734144
61703722
61702893
61733989
61701827
61703771
61734262
61702577
61703822
61703505
61703982
61734504
61703410
61702353
61704147
61734658
61704519
61702676
61704326
61702610
61704335
61734837
61704334
61702703
61704607
61701927
61734560
61703835
61702787
61704333
61702830
61734871
61704230
61704695
61704277
61734687
61704352
61702381
61703253
61704475
61703594
61704042
61703285
61704342
61704446
61705966
61734590
61702599
61703039
61704584
61704589
61702849
61704283
61703211
61704508
61704543
61704435
61704084
61704818
61702936
61735407
61703744
61703309
61704007
61735218
61703712
61704961
61735183
61703736
61704913
61703464
61704953
61704937
61705003
61735453
61704707
61705150
61703578
61735263
61704912
61704984
61705030
61703801
61703689
61705171
61705206
61735460
61704179
61705376
61735511
61704919
61703960
61703426
61705538
61705457
61705310
61735560
61704022
61705436
61703801
61705708
61703454
61705662
61704310
61705559
61736040
61704275
61705668
61703907
61736063
61705578
61705856
61705893
61705969
61704630
61704988
61706004
61736400
61704848
61706073
61704404
61706078
61704715
61705581
61706301
61704468
61706200
61704124
61705092
61706440
61704696
61706279
61706491
61704819
61705191
61705118
61706292
61706420
61706239
61706436
61704849
61704446
61706396
61704765
61705827
61706669
61737094
61706254
61706510
61706719
61706751
61705398
61705183
61706874
61705007
61706914
61706970
61707190
61707129
61705801
61707296
61705946
61737131
61705555
61706621
61737735
61706154
61705514
61706485
61707724
61738014
61706431
61706518
61706748
61707799
61738352
61707719
61707477
61706895
61707798
61708090
61705736
61707491
61707513
61707633
61707509
61706346
61707804
61707734
61706204
61737946
61706744
61707664
61707863
61706078
61706501
61707842
61738278
61707075
61707822
61738213
61706713
61708013
61707862
61707721
61707996
61706145
61706966
61707073
61706128
61707086
61708431
61708585
61708351
61738894
61708347
61738761
61707094
61707745
61739024
61738870
61708644
61708503
61708568
61707828
61708748
61708620
61739055
61708950
61708804
61739008
61738886
61739192
61707589
61708889
61708541
61717295
61741036
61710884
61710618
61711173
61711240
61711517
61710312
61711585
61711172
61711508
61741820
61710087
61710466
61711735
61741945
61711179
61712111
61710302
61712081
61742407
61742172
61710393
61712242
61710070
61711093
61712537
61742701
61711161
61712427
61712431
61712422
61742681
61712630
61711370
61711432
61712498
61711342
61712735
61712863
61743278
61711450
61743130
61711198
61713067
61712845
61713011
61712103
61743299
61711180
61711555
61712954
61713175
61711176
61712237
61711793
61713087
61713269
61711373
61713639
61713497
61743797
61744071
61712674
61713765
61713372
61713634
61744172
61714004
61711796
61713135
61713937
61714120
61744430
61713455
61714363
61713560
61744607
61713976
61744855
61713008
61714353
61713761
61713049
61714241
61713305
61744537
61714344
61714477
61713055
61744575
61714380
61713239
61714697
61744951
61713349
61714817
61744932
61713229
61714745
61745143
61713448
61713384
61713680
61714905
61713168
61714928
61745290
61714733
61745061
61713664
61715054
61713315
61715122
61745378
61713747
61713947
61713499
61713915
61715236
61713563
61714905
61713091
61713521
61713817
61713753
61715173
61713844
61714523
61714971
61714084
61715142
61715392
61713648
61715493
61745732
61715370
61713447
61714319
61714155
61715787
61714432
61715681
61715785
61715727
61715814
61715665
61715841
61715873
61715683
61715923
61715175
61714251
61715705
61715815
61715378
61714392
61715743
61715875
61713679
61715039
61715661
61715921
61715641
61715883
61716143
61714348
61746110
61714828
61716131
61746444
61714948
61716152
61746519
61714968
61716179
61746492
61715033
61716125
61716153
61746439
61714945
61716188
61714227
61716100
61715055
61716356
61746587
61715151
61715153
61716248
61715089
61714881
61716481
61716509
61746922
61716420
61716629
61716580
61746856
61716733
61715979
61714706
61716968
61716877
61714736
61715680
61717165
61715332
61717007
61717240
61716984
61717266
61715135
61716121
61717025
61747457
61716618
61717164
61717319
61715171
61747603
61716563
61717396
61715683
61716054
61717765
61717249
61716930
61716122
61717484
61717539
61717599
61715978
61717737
61717514
61715869
61717949
61719282
61717354
61718324
61717748
61718049
61718037
61748311
61718470
61717298
61748367
61716787
61718169
61718284
61716235
61717011
61718386
61748771
61718372
61748876
61718651
61716636
61717412
61717390
61716583
61717656
61718649
61717110
61718605
61718970
61749430
61719020
61719098
61749574
61719204
61717908
61717628
61719367
61718740
61719188
61719456
61719557
61749688
61718281
61719420
61718105
61719836
61719647
61750057
61718080
61750239
61720064
61719819
61717886
61719715
61720248
61719988
61718349
61718446
61719185
61720068
61719799
61718244
61720045
61719955
61750644
61720050
61717972
61719380
61720233
61750475
61718827
61718139
61719083
61720369
61720110
61720525
61718884
61720703
61750916
61719426
61720627
61718852
61720571
61751058
61720434
61718624
61719588
61720765
61720564
61720654
61718972
61720677
61722188
61750955
61720464
61718445
61719413
61720676
61751004
61720706
61751146
61719621
61720771
61719460
61720705
61751128
61719312
61719573
61720066
61720923
61751202
61719475
61720181
61720958
61720809
61719164
61720958
61751573
61721002
61751410
61719851
61722736
61751390
61719554
61720938
61719144
61719934
61721398
61721375
61721339
61721059
61721653
61751924
61721675
61727060
61727894
61728384
61728384
61727734
61729058
61759522
61728974
61759394
61727930
61729179
61729378
61729300
61759586
61727898
61728972
61759481
61727989
61728035
61728152
61729281
61759672
61729120
61727125
61728461
61729420
61728685
61729569
61759875
61729340
61759930
61728230
61729527
61729377
61729747
61760199
61729543
61728990
61728550
61729823
61729406
61729951
61760118
61729684
61729605
61760043
61729573
61759952
61728456
61728584
61728800
61729769
61760202
61729864
61760274
61729993
61760393
61729146
61730389
61730041
61730354
61760641
61730799
61729313
61729305
61730408
61760871
61729696
61730224
61760829
61730269
61760645
61729077
61728450
61729422
61729262
61729510
61730711
61730155
61730837
61729100
61730969
61761407
61730983
61761435
61729753
61730240
61729896
61729784
61729984
61731260
61731315
61731273
61729284
61731135
61731403
61761813
61731347
61761949
61731548
61729507
61730990
61731207
61761719
61731204
61761638
61731284
61761769
61730136
61731236
61729517
61730915
61731604
61731256
61731668
61729965
61731862
61762011
61730243
61729603
61730763
61731874
61732049
61731915
61731800
61731554
61732023
61762228
61732101
61762541
61732041
61762482
61731113
61730302
61731099
61730301
61731125
61731136
61730175
61731648
61732372
61731924
61732264
61762812
61732249
61762678
61732198
61762619
61731087
61731143
61731800
61732650
61732302
61732546
61763096
61732539
61762942
61731217
61730567
61731624
61732835
61732935
61732919
61732557
61732849
61731037
61732827
61732573
61763068
61732671
61763150
61732561
61763038
61731294
61730636
61731580
61731611
61731520
61732799
61731056
61732911
61763371
61731683
61732879
61763164
61763598
61733118
61763680
61733347
61763717
61732358
61733675
61732487
61731952
61732196
61731844
61733614
61732048
61733640
61763980
61733572
61764036
61732588
61732716
61734132
61733970
61732161
61733865
61764185
61732459
61732018
61733010
61734190
61734197
61734158
61732472
61733518
61732261
61734211
61734152
61733916
61734458
61764744
61734539
61764795
61734394
61732406
61733230
61734452
61734603
61734728
61734420
61734589
61734289
61734731
61732985
61734666
61733025
61734760
61765308
61735256
61732837
61733613
61733576
61733965
61735073
61764714
61734126
61735041
61734576
61734298
61765291
61733547
61733863
61734237
61735280
61735223
61735440
61735266
61735569
61733901
61735667
61766132
61735642
61765928
61735992
61735203
61735093
61735396
61765795
61735026
61735495
61765992
61735390
61733449
61734215
61734445
61734546
61735757
61734527
61735926
61766421
61736435
61733907
61734714
61736028
61734867
61736047
61734252
61735882
61766481
61735954
61734584
61734913
61736210
61735441
61736130
61735905
61736170
61733544
61735536
61736044
61734396
61736244
61734579
61736298
61766888
61736295
61766700
61736335
61766626
61735263
61736523
61735187
61736543
61766914
61736347
61734376
61735271
61735083
61735205
61736519
61766196
61735083
61735012
61735714
61736499
61734910
61736519
61736470
61736199
61736614
61766957
61736552
61734649
61735446
61736657
61734343
61735687
61736698
61735012
61736160
61767236
61736823
61767292
61736959
61767388
61736972
61767383
61736013
61736949
61736276
61736603
61737327
61735662
61737281
61767862
61737537
61767731
61737325
61767816
61737368
61735475
61736344
61736270
61736776
61737685
61736034
61737629
61768305
61737588
61735620
61736653
61737710
61736268
61737976
61768492
61737965
61768299
61768106
61738265
61768348
61737890
61735857
61736818
61736463
61738218
61737987
61768613
61738175
61736019
61736942
61738311
61738291
61737592
61768297
61737044
61738320
61738092
61738353
61738056
61738489
61738216
61738659
61736973
61738664
61768874
61737282
61738054
61768709
61738347
61736603
61737975
61738492
61768688
61737339
61737744
61737802
61738601
61769067
61769006
61738449
61736776
61737315
61738786
61769275
61738745
61769273
61738922
61769324
61737580
61738214
61737795
61739119
61738798
61739628
61740881
61769741
61737402
61738040
61769448
61738482
61738119
61739587
61739642
61739627
61769946
61739541
61738885
61739880
61739748
61739741
61739549
61739985
61770421
61739915
61738478
61738824
61740121
61738291
61738755
61740172
61740110
61740053
61738124
61738234
61739789
61738658
61739629
61740088
61770646
61739966
61770306
61738771
61740140
61740123
61740330
61739814
61740380
61770593
61739015
61738333
61739151
61740472
61738810
61740256
61740939
61739975
61740943
61740972
61739575
61739212
61740826
61740949
61741094
61740811
61741257
61741238
61739590
61741190
61741187
61771862
61740198
61741526
61741496
61739162
61739573
61739989
61741334
61739597
61741323
61771589
61739957
61741412
61740391
61741527
61771795
61739731
61741487
61772045
61740587
61741835
61741634
61741929
61741779
61772164
61741597
61772010
61740594
61741945
61742041
61742084
61740045
61742291
61742324
61742053
61772361
61741043
61742453
61742081
61741492
61742799
61742543
61742078
61742373
61740743
61741720
61772979
61742550
61772704
61741222
61742584
61773207
61742564
61772988
61742618
61772942
61772993
61741132
61741548
61743006
61773388
61741805
61743184
61740781
61742910
61743065
61773683
61743126
61773451
61741993
61743441
61773838
61742072
61743502
61773954
61741913
61743483
61743668
61774091
61742580
61743911
61743487
61743793
61774213
61742394
61743013
61742776
61742252
61743714
61743461
61743784
61774193
61743780
61774239
61743851
61741835
61742748
61743218
61742877
61744198
61744202
61744193
61774476
61742745
61742129
61743462
61744319
61774807
61742964
61744335
61744590
61743676
61742874
61744295
61744968
61742624
61743592
61743276
61743452
61744710
61744841
61775127
61744647
61744719
61775137
61744869
61743690
61742787
61745227
61745173
61745165
61775787
61743813
61745353
61743983
61775634
61743382
61744855
61745766
61776120
61744479
61745806
61744059
61745720
61745007
61745527
61745717
61745034
61745602
61745747
61776397
61745754
61743896
61745694
61745996
61744414
61746252
61776445
61744842
61746245
61776692
61746604
61745572
61746461
61746414
61776759
61744350
61746640
61746336
61776730
61746202
61746483
61746541
61745139
61746308
61746597
61746228
61776949
61745206
61746028
61744988
61746809
61777017
61745821
61747028
61777249
61746755
61746831
61744932
61745804
61746802
61747065
61746720
61747041
61777523
61746235
61747287
61747335
61746663
61747074
61747268
61745849
61746052
61747496
61777842
61747396
61745401
61746434
61746151
61747064
61747771
61747361
61747712
61747463
61747930
61778177
61747844
61778216
61746872
61748104
61747969
61778288
61747800
61746755
61746883
61748162
61748143
61748148
61748114
61747283
61748022
61748136
61746659
61748159
61747049
61748178
61748324
61778478
61747112
61748310
61746600
61747576
61748260
61746442
61778819
61748624
61779000
61748617
61778792
61746864
61747400
61748623
61747204
61748809
61748814
61779319
61748857
61748654
61779385
61747158
61748806
61748939
61749457
61748972
61749049
61779523
61748387
61749652
61749282
61779620
61779395
61779771
61748658
61748763
61747476
61780012
61748469
61749746
61779949
61748445
61749773
61780250
61748763
61749951
61749347
61749830
61780251
61748428
61749917
61748231
61748821
61750200
61748138
61780741
61749059
61750236
61750415
61748627
61750350
61750535
61748325
61750181
61749075
61750543
61748449
61749516
61749965
61749868
61750330
61750562
61749389
61750474
61750808
61750843
61749538
61749717
61749018
61750595
61749303
61750775
61751064
61751331
61751719
61751324
61750333
61750458
61781831
61751526
61749450
61782016
61750402
61750314
61751600
61750464
61751387
61751843
61782152
61782093
61751419
61751875
61750904
61750422
61751624
61751730
61750545
61750574
61750671
61782228
61750650
61751555
61751838
61750496
61750065
61782421
61750955
61782245
61751849
61751937
61752020
61751887
61752114
61752211
61782641
61782946
61751191
61751107
61752398
61751088
61751822
61752306
61750202
61750850
61782778
61750825
61751474
61752819
61783081
61751508
61752860
61751401
61752679
61783170
61751412
61752647
61783178
61751937
61753124
61751068
61752922
61783670
61751864
61752457
61751027
61783670
61752443
61753228
61753423
61783883
61752331
61753604
61751769
61783809
61752391
61753688
61751728
61753006
61753825
61751892
61753206
61753856
61754025
61753995
61753192
61754045
61754099
61784382
61752679
61752083
61784392
61753051
61754494
61754328
61754015
61754394
61784793
61754481
61752607
61753428
61752558
61754742
61754805
61754508
61754988
61785436
61755033
61794002
61762297
61763707
61793993
61763401
61762425
61763794
61762506
61762507
61763678
61763778
61794118
61794209
61794095
61762741
61763932
61794080
61763359
61764133
61762121
61762441
61763049
61763266
61763015
61764205
61764380
61764436
61762965
61764330
61764539
61795034
61763383
61764748
61764107
61764856
61763713
61764986
61763015
61763359
61763738
61765045
61795216
61764736
61763760
61765149
61764246
61765057
61764228
61795495
61764022
61765128
61765559
61795729
61765470
61764552
61764491
61764426
61765480
61795796
61764357
61765702
61765467
61765612
61764019
61765851
61796168
61764520
61765841
61796192
61764667
61765868
61766019
61765983
61796419
61765867
61764131
61796547
61764734
61766271
61796574
61766110
61766432
61766042
61765771
61765958
61796363
61764910
61766156
61766362
61766035
61766327
61796678
61764687
61766183
61766391
61766344
61764528
61765595
61766652
61764717
61766600
61764438
61765433
61765081
61765230
61765622
61766898
61797286
61766758
61766821
61764901
61767222
61767052
61766887
61766911
61767275
61797470
61765430
61767153
61767311
61797860
61766055
61766751
61766376
61767659
61798836
61768444
61768579
61769469
61769062
61768233
61769529
61768717
61767814
61769672
61770102
61769692
61769837
61800124
61768826
61769878
61769950
61800272
61770123
61769919
61767795
61768955
61770012
61769299
61769740
61770006
61768611
61769034
61770190
61800593
61800184
61800367
61768951
61769547
61800612
61769173
61770497
61770077
61800896
61768694
61769189
61770242
61770589
61770382
61769621
61770520
61770457
61800533
61769280
61770460
61800773
61769126
61770670
61770725
61770706
61801013
61769519
61770830
61801173
61770894
61770854
61771178
61770840
61769709
61770988
61771031
61801368
61769851
61771140
61801568
61770258
61771214
61771183
61771287
61769979
61769716
61770084
61770595
61769603
61770163
61771379
61771942
61771671
61771727
61802272
61770489
61771813
61802209
61771661
61771286
61771598
61772044
61770914
61772080
61772287
61802816
61771585
61771967
61770653
61772325
61770538
61772141
61772947
61772534
61770793
61772355
61772508
61772683
61770755
61770773
61772534
61771214
61770920
61803235
61803042
61772863
61772857
61770884
61772906
61773193
61771756
61773073
61771223
61773066
61773054
61772054
61773505
61773750
61773390
61773532
61773567
61773612
61773682
61773633
61773647
61773775
61772422
61803958
61804217
61772072
61773836
61774142
61773794
61773952
61773236
61804445
61774130
61773992
61774126
61774144
61774142
61804589
61773058
61773582
61774291
61804981
61773433
61774620
61773732
61774563
61774629
61804931
61773395
61774695
61772934
61775020
61773228
61774785
61774633
61774580
61804889
61773988
61774154
61774909
61772959
61773300
61774883
61775105
61773355
61775027
61775260
61774843
61805860
61774682
61775484
61805652
61774348
61775789
61773665
61806057
61774593
61775937
61774338
61775707
61806139
61774640
61775913
61806267
61776027
61775787
61775152
61774811
61776097
61775691
61775974
61776029
61776116
61806685
61806613
61775051
61776437
61774676
61776416
61806621
61775263
61776618
61776297
61776572
61776675
61806921
61775639
61776905
61775117
61777208
61774749
61775974
61776983
61807286
61775806
61777106
61775304
61776866
61775388
61775626
61775720
61777041
61778611
61777142
61777280
61776420
61775476
61776945
61777604
61776640
61777469
61775174
61807464
61807891
61776546
61776193
61777424
61777477
61775431
61777304
61776810
61777598
61807852
61776404
61777728
61775980
61777631
61776410
61776954
61777588
61777767
61808151
61776436
61777976
61777919
61777138
61778061
61777813
61776494
61776550
61808158
61776847
61778082
61776393
61778092
61776772
61777946
61778286
61808742
61777253
61778444
61776748
61778954
61777815
61777863
61778672
61808938
61777266
61778717
61778310
61777904
61778593
61809078
61808716
61777397
61778411
61776556
61778316
61778637
61777591
61779008
61778975
61778836
61777885
61778970
61779176
61779040
61779400
61778192
61779564
61809946
61779352
61777696
61778232
61779673
61777535
61778633
61779738
61810044
61778222
61779728
61779452
61779696
61810408
61778598
61779871
61778325
61780004
61810096
61778874
61780154
61779054
61779999
61779990
61810533
61779898
61778907
61778103
61780054
61779669
61780280
61810572
61780322
61780152
61778175
61779291
61780351
61778563
61780302
61779052
61780113
61780467
61810824
61779296
61780849
61778825
61780524
61779766
61810737
61779608
61780726
61811204
61780685
61779290
61780901
61780824
61811152
61780865
61780233
61780736
61780977
61811392
61781011
61780424
61780200
61781305
61779441
61780976
61779032
61780315
61781276
61779563
61781456
61779239
61780170
61781515
61781297
61781489
61781410
61781496
61781127
61781666
61780891
61781712
61781727
61811938
61781525
61779595
61780955
61781740
61779677
61780659
61781809
61812328
61781795
61780616
61780905
61780650
61781851
61779802
61780375
61781971
61812298
61781034
61782231
61812562
61782198
61812516
61782220
61780248
61781660
61782417
61782384
61812698
61781788
61782648
61780675
61782326
61781680
61782487
61782406
61812764
61781113
61782434
61780697
61782857
61780384
61781270
61781234
61781847
61812750
61781278
61782708
61782883
61782785
61782849
61780872
61781854
61782261
61783145
61813435
61781910
61781805
61783273
61813675
61782195
61783433
61781635
61783235
61781915
61783403
61782776
61813676
61782060
61782143
61783679
61783523
61813812
61782484
61783704
61814076
61783585
61781751
61783970
61783285
61814412
61782874
61784092
61784080
61814572
61784094
61782099
61783585
61784449
61782603
61784332
61814659
61783295
61784489
61784668
61784686
61815129
61783393
61783404
61785087
61784844
61783997
61783365
61785100
61784853
61782980
61784316
61785153
61815411
61783829
61785280
61815597
61783764
61785256
61783396
61785045
61784532
61784184
61785396
61815701
61785320
61815807
61784173
61783786
61785741
61785646
61816213
61785531
61784760
61783414
61785274
61784773
61815704
61784433
61785555
61784835
61784433
61785664
61816022
61784450
61785897
61785498
61785779
61816170
61784736
61785934
61784129
61786110
61783856
61785244
61784665
61786020
61783913
61785004
61784755
61786085
61816430
61784686
61786175
61785950
61786342
61816614
61784990
61786605
61786062
61786464
61785837
61785533
61786539
61817039
61786502
61784585
61785478
61786556
61817246
61786662
61784567
61785614
61786969
61786487
61786168
61817151
61785767
61787077
61787051
61817383
61785912
61787120
61817394
61786990
61786512
61786916
61785950
61787216
61817615
61785998
61787278
61785503
61787485
61785231
61786343
61787389
61787370
61785633
61787481
61787442
61817834
61787267
61785313
61786642
61787461
61785649
61787504
61785513
61787299
61817845
61787312
61786181
61786783
61787547
61787223
61787642
61785439
61786335
61818036
61786526
61787850
61787577
61787948
61818100
61786648
61786371
61787744
61787807
61818175
61786791
61788088
61787991
61788206
61818327
61786759
61788312
61787937
61788267
61818663
61786871
61788219
61788015
61788304
61818874
61787127
61788375
61788380
61786119
61818471
61787547
61788511
61788091
61788755
61786495
61787381
61788709
61787408
61788551
61819062
61789038
61787924
61787558
61788828
61819333
61788707
61786965
61787859
61788957
61787175
61789027
61787002
61788114
61789147
61787369
61789200
61819673
61789060
61819689
61788149
61789309
61787479
61789723
61819440
61788055
61789486
61789165
61789381
61819814
61789361
61787366
61788791
61789552
61788644
61788740
61789549
61789214
61790044
61789514
61820007
61788416
61789758
61789957
61789825
61820194
61789092
61789100
61789864
61820269
61789888
61789900
61790102
61820492
61788987
61790185
61790240
61790170
61820648
61789044
61790386
61790161
61790340
61820709
61789033
61790546
61820677
61789368
61790228
61789108
61790614
61788805
61790452
61788533
61789893
61790825
61789057
61790718
61788724
61790159
61790804
61821288
61790811
61790316
61790170
61791234
61789466
61791244
61821471
61790101
61791357
61789664
61791312
61821436
61790038
61791557
61790928
61790011
61790162
61791311
61790623
61790671
61791456
61789760
61791424
61821705
61789880
61791503
61790865
61790785
61791760
61790102
61791702
61822203
61790634
61791938
61791913
61789970
61791228
61792029
61822428
61791006
61792303
61790977
61792123
61822500
61791028
61792328
61792134
61792457
61822543
61792313
61791702
61791063
61792528
61790925
61791084
61792456
61822937
61792521
61790587
61791388
61792571
61822872
61792510
61823056
61791417
61792841
61793133
61793094
61791394
61793247
61791508
61791711
61793261
61823776
61793117
61791197
61792422
61793465
61792739
61793628
61824128
61793685
61791687
61792055
61792653
61793847
61791714
61793744
61824242
61793562
61793809
61791705
61793561
61792657
61793936
61824046
61792396
61792800
61792762
61793843
61823970
61793702
61793091
61792889
61794050
61792289
61793177
61794135
61794078
61791975
61793254
61792515
61794139
61793008
61794172
61794204
61824558
61794135
61793899
61794448
61792334
61793230
61794133
61793236
61794611
61825037
61794509
61793011
61794733
61825084
61793412
61794928
61794974
61794938
61793105
61795279
61794189
61794350
61795162
61793459
61795075
61825490
61794234
61795209
61825625
61795308
61793358
61795542
61795503
61793392
61794360
61795732
61826053
61826235
61795600
61794448
61795529
61794933
61826133
61794686
61795911
61794174
61795189
61826258
61794702
61796116
61795692
61796056
61826372
61794866
61796139
61794933
61826522
61795299
61796380
61795963
61795722
61794323
61795635
61796471
61794638
61796289
61794486
61795321
61796645
61796923
61806343
61836695
61806172
61805489
61805585
61806295
61804623
61806544
61836860
61836955
61805836
61805695
61806615
61836859
61805329
61805608
61805503
61806879
61804720
61805664
61806919
61837383
61806724
61804988
61805789
61805187
61806734
61807050
61837411
61806999
61805102
61805940
61807357
61807484
61807427
61837812
61805980
61805940
61807568
61807557
61805789
61807655
61837884
61806139
61805979
61806646
61806373
61806920
61807677
61806407
61807479
61806871
61807271
61807659
61837865
61806321
61807867
61807773
61807931
61807885
61805881
61805892
61808049
61808085
61806454
61807896
61806934
61808070
61806275
61807980
61805965
61838475
61808182
61806260
61808372
61838692
61807111
61808394
61808217
61808348
61838725
61808335
61807967
61807977
61808786
61839060
61808675
61806575
61807636
61808854
61839398
61807577
61809090
61809214
61809076
61839732
61807807
61809446
61809029
61809130
61839291
61809125
61839497
61808010
61809293
61807446
61809603
61839456
61808131
61809380
61807670
61809286
61839561
61808212
61809464
61807727
61809552
61839779
61808293
61809521
61807740
61809380
61839638
61808337
61809562
61809300
61809533
61840156
61809564
61808881
61839699
61809629
61840183
61808318
61809817
61808263
61810118
61809309
61840549
61808753
61808905
61809822
61810039
61840585
61808855
61808691
61808765
61809918
61840267
61808816
61810161
61808536
61810162
61808291
61809381
61810289
61808319
61809494
61840471
61808713
61809155
61808356
61810028
61809420
61810197
61808484
61810111
61809492
61808460
61840535
61809274
61810307
61840802
61808907
61810334
61810472
61810511
61841051
61810347
61809688
61809272
61810476
61840776
61809128
61809592
61810595
61810609
61809040
61810680
61808819
61811089
61810981
61841489
61810961
61811098
61809145
61810058
61811495
61811027
61811838
61809281
61809773
61810739
61810080
61811404
61841879
61811435
61841930
61810411
61811646
61811445
61811717
61842075
61810451
61810387
61811171
61811956
61842347
61810659
61811956
61810171
61812291
61811235
61811824
61810295
61811805
61812084
61811288
61811100
61811288
61812249
61811977
61842248
61810824
61812169
61810528
61812489
61811493
61811431
61811870
61811014
61812454
61810642
61812408
61810442
61811365
61812563
61812297
61812723
61842779
61811299
61812798
61811126
61812598
61812825
61811678
61812914
61812987
61843369
61812829
61811022
61812100
61813277
61813141
61843247
61811511
61811368
61811355
61813272
61811059
61812003
61811918
61813147
61813161
61812623
61812238
61813391
61811603
61813387
61843587
61812155
61813524
61813227
61813570
61843771
61812124
61813766
61812050
61813840
61811778
61812941
61813851
61811870
61814051
61813222
61844282
61812605
61814114
61813694
61814062
61812197
61813462
61814182
61814500
61814424
61812450
61813377
61814506
61813160
61814590
61844832
61813174
61814484
61813046
61813103
61814520
61812783
61814434
61813816
61813608
61814837
61815036
61814871
61813551
61815111
61814996
61813328
61815003
61813059
61813904
61815201
61814808
61815199
61845496
61813961
61815258
61813799
61815750
61815385
61815416
61815517
61845880
61815288
61814807
61815655
61815547
61845887
61815431
61813538
61814130
61813480
61815616
61815505
61845901
61814400
61815601
61815549
61815734
61845965
61814990
61815758
61846246
61846033
61814766
61815879
61814231
61816110
61846386
61814793
61816029
61814415
61815440
61814908
61816280
61846398
61817396
61817653
61817281
61818139
61818047
61818226
61818477
61848841
61818651
61848788
61817392
61818716
61818385
61818988
61816837
61818249
61819061
61849219
61817681
61819084
61818640
61818857
61817761
61817793
61818943
61819069
61819227
61819239
61819421
61849653
61819199
61818612
61818199
61819287
61818968
61819283
61849572
61818092
61819378
61819174
61818106
61819142
61819353
61817610
61818666
61819734
61817730
61819042
61819923
61850306
61819752
61817873
61818868
61820165
61819793
61819996
61850281
61818867
61820154
61819954
61818340
61850581
61818994
61820329
61850704
61819038
61820599
61820216
61820460
61819761
61819294
61820505
61850944
61820467
61818509
61819354
61820679
61818962
61851034
61820853
61820736
61819563
61819763
61820940
61819776
61821076
61820880
61821089
61819359
61821021
61819022
61821064
61821120
61820768
61821081
61851360
61819993
61821371
61821278
61821436
61851693
61820235
61821532
61821462
61820382
61819777
61822017
61851674
61820360
61821355
61820485
61821833
61820126
61821597
61820483
61821021
61852273
61820726
61822012
61852131
61852307
61821210
61822171
61852502
61820929
61822178
61821833
61822574
61821464
61821252
61822197
61852446
61820973
61852795
61821318
61822492
61852925
61821023
61822488
61822177
61822377
61821753
61822679
61822565
61852986
61821769
61853036
61821637
61822907
61822631
61823053
61821862
61822929
61821322
61823096
61853642
61821748
61821814
61823243
61823036
61853300
61821948
61823183
61853405
61823097
61821098
61821943
61853455
61821915
61823253
61853581
61821961
61823453
61821644
61823534
61821303
61822268
61823493
61822607
61823369
61822248
61853723
61822381
61823599
61823580
61821630
61822667
61823874
61854150
61822701
61823997
61822168
61824289
61854268
61822786
61824230
61822373
61824100
61825933
61824108
61854620
61823116
61824389
61822648
61824272
61823565
61823204
61822327
61824156
61824492
61854415
61822983
61824386
61824127
61824549
61822295
61823727
61824505
61854975
61823180
61824731
61823327
61824675
61854943
61822689
61823225
61824812
61824378
61824922
61825190
61855687
61823839
61825280
61823519
61825170
61823315
61824576
61825443
61825420
61855514
61824099
61855812
61823924
61825416
61824999
61825231
61824585
61825495
61825531
61823746
61825475
61855750
61824254
61825715
61824649
61825868
61856092
61825636
61825934
61825554
61825901
61856190
61825710
61824852
61826029
61856397
61825033
61826258
61856685
61824817
61824249
61826635
61856920
61825267
61826482
61856896
61826345
61824449
61825481
61826417
61825845
61826729
61826594
61826653
61826829
61857070
61825972
61825802
61857136
61826811
61824995
61826502
61826679
61824697
61826170
61826979
61857426
61825325
61825731
61827244
61826909
61827184
61827183
61827140
61827326
61827348
61827445
61825653
61827287
61826662
61857645
61825592
61827318
61827558
61857876
61826204
61827744
61827485
61828079
61825711
61826580
61827928
61826160
61827732
61858079
61826661
61826693
61826818
61827865
61825922
61826808
61828094
61826259
61828505
61826164
61828406
61828261
61858568
61828241
61827544
61828512
61828559
61826777
61826484
61826818
61828541
61826580
61828654
61828570
61859068
61827307
61828566
61826925
61828822
61826646
61827883
61827235
61828724
61858947
61859054
61827223
61827433
61829096
61828662
61829026
61859288
61827979
61829314
61828843
61829309
61859678
61828150
61829385
61829016
61829380
61859624
61828128
61829596
61829673
61829660
61827635
61829778
61829646
61829723
61827554
61829041
61829909
61860312
61828481
61829967
61829612
61829843
61860236
61828642
61829949
61828249
61830067
61829947
61830289
61860377
61829078
61830355
61830048
61830184
61830754
61829239
61830467
61860626
61829301
61830564
61861182
61830526
61829819
61829568
61830841
61861149
61861395
61829277
61830965
61829043
61829925
61831239
61829452
61831319
61829555
61831438
61861614
61830121
61831442
61831275
61831543
61861846
61829563
61831320
61831552
61829742
61830666
61832024
61830270
61831880
61862288
61830894
61832201
61830393
61832055
61830121
61831069
61832437
61830529
61832363
61832026
61832274
61832419
61831985
61832537
61862644
61831196
61832459
61832172
61832440
61832565
61832716
61830507
61831468
61832840
61863274
61831337
61830694
61832926
61833034
61831198
61833449
61831025
61863500
61831147
61833304
61833091
61833228
61863696
61833179
61832992
61832119
61833351
61832313
61833671
61833720
61864229
61834270
61831800
61833300
61834048
61864374
61833918
61832162
61833093
61834407
61832653
61834488
61836045
61832996
61834618
61865046
61834543
61834024
61834021
61834782
61865126
61833516
61834741
61834447
61834965
61833411
61834579
61833118
61834371
61834786
61832768
61834370
61833593
61834773
61833653
61833253
61834751
61833674
61833542
61835157
61834795
61834851
61834278
61835260
61835036
61865301
61833821
61835361
61835318
61865693
61834045
61833729
61834212
61835485
61833748
61835871
61833503
61834396
61835603
61865786
61834485
61835659
61835899
61835914
61833859
61834820
61836120
61835868
61836187
61866556
61834901
61836325
61834924
61836299
61866756
61836289
61834414
61835768
61836515
61866793
61834125
61866541
61834933
61836281
61835912
61836225
61834361
61835192
61836540
61866995
61834736
61835227
61836583
61834825
61835750
61836433
61836534
61836907
61836067
61836031
61836831
61836761
61867167
61835612
61836953
61835086
61836737
61867227
61867310
61835804
61837046
61867274
61835955
61837255
61835515
61837473
61836579
61836235
61836086
61836663
61837478
61839197
61837366
61836710
61837633
61837676
61835545
61836585
61837741
61868209
61835595
61836011
61836406
61836427
61837857
61837824
61868231
61836473
61838109
61836756
61838155
61868273
61836914
61838235
61837818
61838144
61868532
61837087
61838443
61838074
61838294
61868674
61838379
61868708
61837312
61838677
61836892
61838909
61836579
61837678
61838772
61869026
61837400
61838865
61869394
61838446
61837703
61838910
61839080
61839084
61869309
61837589
61839033
61837361
61838946
61869469
61837968
61839142
61839615
61839116
61839126
61837516
61839464
61837463
61838424
61839628
61837977
61839358
61838315
61838368
61839630
61870239
61839578
61839818
61839615
61839900
61837775
61838671
61839916
61870230
61838651
61839937
61839764
61840105
61870457
61838938
61840187
61839883
61840168
61840208
61840011
61838010
61839235
61840319
61838558
61839668
61870821
61839034
61838597
61839307
61840532
61870960
61839088
61840529
61839859
61840617
61840745
61871048
61839390
61840851
61839004
61840860
61871105
61839457
61840952
61839058
61840682
61842597
61840868
61871372
61839513
61840954
61839285
61841351
61839339
61839956
61840898
61871167
61839704
61841090
61839305
61841099
61871515
61839953
61839914
61841227
61841341
61839628
61841303
61839353
61840314
61841816
61871925
61841508
61840140
61841574
61841685
61871797
61840179
61841545
61839880
61841859
61839392
61840860
61841821
61841539
61841676
61872243
61841666
61841034
61841667
61840992
61840254
61839950
61841676
61841792
61841808
61840040
61841739
61840550
61840839
61842287
61842126
61840654
61841993
61842103
61840808
61841975
61872569
61840959
61842167
61840454
61842054
61841398
61841126
61842487
61841400
61872473
61842316
61841675
61842048
61842184
61841593
61842588
61842367
61872803
61841190
61842597
61842662
61842596
61841085
61842640
61841530
61841493
61843256
61842077
61841849
61853573
61883861
61853516
61851582
61853055
61853798
61883982
61852639
61853861
61853472
61852427
61853772
61884051
61852448
61852456
61853328
61853945
61884143
61884218
61853103
61853996
61852764
61853992
61884340
61854026
61853268
61853836
61854018
61853268
61853023
61852854
61852910
61854375
61884780
61854070
61853414
61853558
61854490
61884686
61854209
61852889
61854200
61854430
61884733
61853179
61854657
61854644
61854797
61885244
61855132
61853398
61854866
61885108
61855050
61855017
61885282
61853834
61855120
61854697
61855072
61885738
61855219
61885513
61854264
61855298
61854194
61854383
61855486
61885852
61854165
61855599
61855515
61855595
61853805
61855747
61885991
61854543
61854613
61856060
61854231
61855960
61855299
61855043
61856155
61856085
61856161
61886303
61856147
61855509
61856223
61856289
61855945
61855415
61856553
61886946
61855178
61856619
61856161
61856702
61858571
61855321
61856957
61887322
61856751
61854770
61855738
61855588
61856775
61856944
61887188
61855740
61857198
61856757
61857221
61855388
61887738
61855863
61857125
61857344
61855684
61857174
61857604
61887725
61856420
61857709
61857238
61857636
61855601
61857009
61856760
61856613
61857267
61888140
61856706
61858030
61856293
61857255
61857922
61857386
61857069
61888726
61888532
61857182
61858341
61856612
61888859
61889086
61857366
61858615
61889059
61858553
61856595
61857427
61858778
61857024
61858532
61856591
61857620
61856536
61889015
61858785
61858810
61858740
61857137
61857049
61858785
61858895
61857587
61859004
61857196
61857734
61857039
61858762
61858352
61857225
61858551
61859346
61889489
61858131
61859606
61857797
61860099
61857447
61858812
61859371
61859607
61857723
61859733
61890012
61858597
61859856
61859511
61859694
61890172
61858452
61857897
61858241
61860011
61858058
61859090
61860169
61860132
61859760
61860193
61858202
61860386
61860326
61858971
61860377
61890741
61859029
61859006
61860511
61859876
61859618
61860538
61860516
61890847
61859264
61860855
61858759
61860505
61858517
61859629
61860809
61858949
61891115
61858712
61860465
61860697
61859668
61860961
61860877
61891235
61859649
61860915
61860861
61861027
61891241
61860893
61859522
61859698
61861063
61861154
61859572
61891428
61860429
61861320
61860111
61861462
61891759
61859991
61860191
61860124
61861359
61861432
61860641
61861554
61860305
61861721
61860441
61860380
61861875
61860108
61861116
61892248
61861278
61862087
61860278
61860080
61892511
61861455
61862250
61892639
61862226
61860244
61861278
61862451
61892750
61861109
61861066
61862657
61861459
61862748
61862562
61892913
61861409
61862265
61861271
61862752
61861005
61862584
61860730
61861677
61862926
61893415
61861376
61863084
61861296
61893304
61863105
61863167
61861177
61862097
61863411
61893793
61861946
61861388
61862649
61863533
61893897
61863458
61862172
61863185
61863385
61893849
61862228
61863546
61865229
61863412
61862645
61862528
61862046
61863799
61894133
61863782
61863070
61862830
61863918
61894509
61862737
61864137
61863710
61863914
61863194
61863988
61864133
61894452
61864184
61895471
61863815
61865772
61866177
61896647
61864965
61866443
61864962
61864543
61897047
61865811
61866503
61896945
61865497
61866883
61897250
61865514
61866924
61897404
61865866
61867142
61866381
61866013
61897264
61897272
61866243
61867403
61865296
61866656
61867417
61897600
61866140
61867605
61866601
61867594
61897925
61866277
61867799
61866038
61866250
61867898
61868046
61898391
61867935
61866519
61867806
61867889
61898285
61866787
61868012
61898531
61868073
61866867
61868217
61868434
61898854
61868793
61866833
61868484
61868543
61866816
61867225
61868652
61868372
61868671
61867510
61867655
61868825
61899168
61867600
61867577
61868737
61869015
61899146
61867610
61868958
61867074
61868762
61868069
61868665
61868871
61899355
61867680
61869100
61868844
61869281
61867177
61868328
61866821
61868814
61869460
61867105
61867524
61869205
61899507
61868151
61869390
61899857
61868538
61868207
61867338
61869498
61869517
61899559
61868316
61868167
61869706
61869657
61900028
61869701
61900050
61868633
61869981
61869708
61869911
61871691
61870080
61868022
61870131
61869910
61870140
61900608
61900661
61869519
61868455
61870286
61869748
61869346
61870519
61900963
61870406
61901029
61870701
61870714
61868589
61869530
61900943
61869983
61870902
61901194
61869721
61871076
61870632
61870798
61868910
61869693
61871011
61901653
61871640
61901605
61869922
61871366
61869653
61871303
61901848
61870465
61871707
61871373
61871572
61870455
61871498
61871655
61870531
61871674
61871006
61871902
61871019
61902193
61870761
61872207
61871263
61870785
61872000
61902137
61870518
61872010
61871765
61871948
61902275
61870795
61872074
61902498
61872008
61902280
61870649
61872063
61871871
61872205
61870207
61871240
61872393
61902490
61871162
61872565
61872535
61872904
61870461
61871631
61872729
61871067
61873211
61870894
61872275
61873026
61903254
61871770
61873241
61903545
61872900
61871847
61873010
61873203
61872824
61873042
61871626
61873163
61903410
61872161
61873089
61873301
61903593
61871991
61873370
61871561
61873471
61871391
61872548
61873622
61903952
61872189
61873654
61871418
61873506
61871478
61872876
61872619
61872654
61873822
61872628
61874232
61874097
61904507
61872955
61874371
61872453
61874130
61873445
61874351
61874274
61904575
61872905
61874496
61873438
61874130
61872331
61874184
61874493
61873859
61873578
61874523
61904969
61874516
61872743
61873492
61874693
61873076
61875323
61872907
61873824
61875227
61905643
61875015
61874409
61874988
61875161
61905467
61874323
61873338
61874999
61873806
61873776
61875011
61873075
61873879
61874018
61874876
61875090
61874420
61875265
61875198
61905566
61873990
61875263
61905830
61873894
61875458
61875173
61875395
61875064
61875483
61905749
61874545
61875815
61874081
61875668
61873845
61875071
61875934
61906402
61875834
61874052
61876308
61876111
61906574
61875047
61876333
61874521
61876138
61874619
61875852
61876257
61906533
61875330
61876501
61906969
61876525
61875842
61876373
61876422
61874558
61875399
61876767
61875682
61874426
61875280
61876262
61876595
61876358
61874400
61876775
61876699
61906929
61875594
61876939
61875130
61876832
61907024
61874706
61876004
61876940
61877197
61876865
61875409
61875342
61875672
61907592
61907683
61907536
61907616
61877169
61876388
61877514
61907765
61876460
61876427
61876148
61877281
61876609
61876035
61877338
61907707
61876083
61877428
61875643
61877318
61876659
61877507
61907584
61908035
61876168
61877513
61908032
61877451
61875531
61876864
61877628
61907997
61876325
61877742
61877705
61877744
61876514
61876827
61876958
61876894
61877572
61878418
61908525
61876933
61876728
61878525
61877699
61908631
61877250
61878615
61876827
61879086
61877918
61878616
61878710
61909205
61878870
61909228
61877686
61878959
61909382
61878718
61879411
61878294
61878025
61878970
61877085
61878053
61879121
61909685
61879227
61878763
61877907
61878493
61878494
61878171
61879340
61909760
61879203
61878062
61879382
61879356
61909514
61878104
61879500
61909803
61879373
61877613
61878175
61879598
61877861
61879429
61877592
61878779
61879788
61878041
61909924
61878023
61879884
61879886
61877920
61879059
61879992
61878039
61879300
61880187
61910361
61910633
61878637
61879088
61879189
61880373
61880241
61878380
61879299
61880268
61910794
61879273
61880597
61910879
61879361
61880583
61880366
61880658
61878914
61880511
61879864
61880898
61880862
61911282
61880633
61878740
61880812
61878828
61880188
61880966
61911320
61879516
61880940
61880547
61880782
61878729
61879711
61880963
61911337
61879522
61881046
61911452
61880984
61879537
61879964
61881133
61881633
61881355
61880745
61880831
61881595
61911785
61880855
61881729
61881655
61879801
61880718
61881837
61881681
61881722
61879780
61880666
61882007
61880861
61881923
61881952
61882086
61880789
61880697
61882166
61880791
61882085
61882562
61880150
61881036
61882449
61882250
61881077
61882603
61882084
61882316
61881146
61881448
61882581
61913025
61881206
61881104
61882336
61881951
61912885
61882590
61882546
61880980
61882968
61881291
61882133
61881024
61881587
61882956
61882127
61883013
61882361
61913307
61881779
61883100
61881383
61883072
61883017
61882785
61883026
61913504
61882191
61880888
61913430
61881339
61883467
61882102
61883347
61883239
61913657
61882154
61883410
61881687
61883882
61913831
61882147
61913674
61882403
61883843
61882199
61883890
61881807
61882902
61884095
61914440
61883924
61882117
61883010
61883708
61882704
61883998
61882867
61884373
61884558
61915051
61883285
61884555
61884282
61884925
61883827
61882934
61884544
61883365
61883632
61884552
61884901
61884457
61884780
61883479
61883558
61885122
61915392
61884835
61884367
61884764
61884868
61884223
61883989
61885206
61915428
61915283
61915073
61884223
61883839
61885054
61883512
61883647
61884612
61915647
61884054
61885433
61885078
61885377
61915765
61883506
61883719
61884770
61885531
61915751
61884491
61885798
61916093
61885637
61884065
61886213
61886064
61916265
61884959
61886311
61884482
61886057
61884200
61885233
61886477
61916675
61884982
61886461
61886544
61886326
61886588
61884460
61885933
61886926
61917065
61885920
61916681
61885170
61886470
61884641
61886289
61885311
61886669
61886544
61916809
61885388
61886712
61917050
61886476
61885892
61885527
61884593
61917140
61886836
61885511
61886828
61916922
61885538
61886886
61885119
61886671
61884826
61886959
61886755
61916970
61885637
61886934
61885809
61886636
61884710
61916865
61886175
61917121
61886723
61887095
61885127
61886536
61887336
61917577
61886116
61887547
61887143
61887242
61885486
61886092
61887183
61886111
61886300
61887419
61918016
61886290
61887758
61918109
61887539
61885731
61886692
61887962
61887597
61887855
61918441
61886631
61887124
61887601
61887897
61887225
61888292
61888191
61886160
61888364
61888218
61886252
61887961
61887514
61918508
61888320
61888699
61886890
61886994
61888709
61918518
61887114
61888459
61918745
61888202
61887690
61886969
61888560
61887710
61888562
61888478
61918922
61887370
61888475
61919055
61887469
61888810
61887022
61888694
61888181
61888930
61888986
61919170
61887522
61918927
61888892
61888753
61888060
61888519
61888295
61886872
61887768
61889215
61887304
61888914
61886919
61919164
61886819
61888105
61889253
61919622
61888118
61887228
61889132
61889297
61887409
61888301
61919496
61888527
61889861
61920150
61888735
61889853
61889691
61888001
61889542
61890087
61889148
61888459
61889858
61920055
61888774
61889924
61888732
61888818
61890304
61890216
61890255
61889587
61890510
61889837
61888315
61890598
61890440
61920812
61889311
61890608
61888808
61889273
61921214
61890644
61890063
61890733
61890875
61921268
61890011
61921428
61889841
61889590
61890880
61890624
61890990
61890998
61921455
61890826
61890879
61891114
61889839
61890993
61891186
61921657
61890156
61891651
61889791
61891442
61890855
61891648
61891616
61921771
61890610
61891904
61891987
61922315
61890639
61891943
61891598
61891942
61891621
61891877
61890526
61891635
61892393
61890134
61890870
61891931
61922378
61891055
61892010
61892059
61891945
61890100
61891232
61892228
61890148
61890986
61892314
61922749
61891030
61891134
61892595
61891944
61922850
61892675
61890592
61892403
61892659
61891175
61891447
61892358
61923058
61891547
61892961
61893195
61892721
61893071
61892358
61892734
61892917
61922997
61891720
61892900
61923337
61892120
61893051
61923361
61891874
61893246
61891512
61893101
61892627
61893344
61893191
61893273
61893146
61893201
61893370
61923668
61892055
61893373
61891650
61893437
61892754
61893524
61893542
61923737
61892185
61893539
61923732
61891406
61923806
61892660
61893545
61891343
61893578
61893419
61923915
61892269
61893710
61893409
61893602
61891622
61893074
61893797
61924140
61894008
61893814
61893711
61893845
61893928
61894034
61893749
61891854
61893055
61894078
61924479
61892692
61894232
61924631
61893972
61894342
61893792
61893973
61892234
61893593
61894451
61924743
61893391
61924432
61924539
61893039
61894392
61894566
61892795
61894457
61892698
61893502
61894703
61925211
61905263
61906882
61906435
61906611
61906190
61906794
61905954
61906895
61906745
61904652
61905781
61906886
61907113
61905365
61907346
61906242
61906775
61905193
61905059
61906940
61907157
61937679
61906168
61907567
61905700
61907939
61905315
61906177
61907607
61905782
61907593
61905506
61907632
61906905
61937846
61907616
61907647
61905924
61907495
61905643
61938229
61906577
61907901
61907769
61907993
61906856
61906696
61908247
61938536
61907025
61908236
61938838
61907124
61908541
61938787
61906940
61907140
61908362
61908295
61908025
61938900
61908171
61908655
61908817
61907987
61908566
61908874
61908189
61908083
61908895
61939005
61907694
61909090
61907203
61907407
61939267
61907546
61907626
61908861
61909386
61907362
61908759
61909346
61907602
61908765
61909082
61907023
61907120
61939317
61908449
61908739
61908565
61909350
61939690
61908355
61909589
61940006
61908292
61909572
61940016
61908145
61909589
61909270
61909456
61908202
61909741
61940310
61908694
61910083
61908281
61909321
61909865
61908785
61909767
61909451
61908004
61908831
61910330
61908127
61910434
61910275
61909610
61908369
61910321
61910312
61940522
61909237
61940927
61909349
61910591
61908827
61910475
61909107
61910715
61909876
61909942
61910462
61910707
61911958
61942659
61911346
61912721
61912451
61913267
61912037
61912950
61912787
61910920
61912321
61913044
61911307
61912971
61911110
61912521
61943429
61943736
61912163
61913460
61943859
61913251
61911580
61912831
61913646
61944162
61913602
61911631
61913839
61913704
61944151
61913943
61944198
61913118
61914103
61912581
61914501
61944795
61913345
61914605
61912919
61914586
61912661
61945141
61913901
61914961
61945092
61913517
61914961
61914727
61914742
61912744
61914949
61914803
61945213
61913712
61915074
61945473
61913544
61915108
61914688
61915001
61914350
61914046
61915042
61945384
61913725
61915019
61945266
61914258
61914998
61915027
61945373
61914069
61915167
61914964
61913949
61915088
61913087
61914444
61915417
61945895
61915379
61915475
61915178
61915412
61945719
61914040
61915566
61915476
61915593
61914912
61915399
61915705
61913738
61914870
61915828
61946202
61914514
61915972
61915670
61915781
61916014
61916046
61946373
61914845
61916046
61946517
61914848
61916217
61946498
61916022
61916306
61916126
61916178
61916320
61946719
61916145
61914239
61915295
61916428
61946617
61915337
61916637
61916378
61916531
61914597
61916234
61916623
61914734
61916097
61916804
61947227
61915641
61916986
61915293
61914863
61947346
61915883
61916950
61914997
61915794
61917166
61915282
61917432
61914938
61916221
61917292
61947554
61915868
61917449
61917304
61917458
61915783
61915664
61915767
61947853
61916225
61948397
61916678
61918054
61918182
61948595
61917135
61918459
61916770
61918612
61948675
61917838
61918685
61917577
61949066
61917807
61918632
61948803
61917480
61918807
61949095
61917366
61917412
61919109
61918926
61949227
61917972
61919412
61917608
61919177
61917045
61917914
61949513
61918150
61919423
61949726
61918198
61919475
61950005
61918318
61919790
61950093
61919604
61917646
61917528
61917799
61950132
61918539
61919713
61950042
61950130
61949999
61919109
61918488
61919857
61919940
61919930
61919757
61919082
61919949
61918465
61919588
61919772
61920032
61919220
61919510
61920340
61917849
61919257
61919863
61950091
61918782
61919956
61950371
61918021
61918341
61918672
61920270
61920001
61920344
61918292
61919566
61920303
61950582
61918944
61920323
61918576
61920241
61920378
61920366
61920425
61950769
61920165
61919533
61920515
61919730
61950720
61919055
61920451
61918666
61920483
61918472
61950765
61918503
61918864
61920638
61919294
61920581
61920852
61918639
61919767
61920999
61921028
61951328
61919752
61921090
61919775
61920955
61951250
61920080
61921082
61919383
61921095
61921151
61921477
61919647
61921167
61921099
61921675
61921404
61919667
61921889
61920806
61920711
61921666
61952044
61920400
61921875
61921905
61919873
61952473
61920729
61922128
61920367
61922005
61920606
61920902
61922429
61920208
61921122
61921137
61922433
61922418
61920386
61921808
61922641
61953015
61921354
61922576
61920863
61922487
61920581
61921562
61920988
61921215
61921429
61921633
61922851
61922866
61922122
61922755
61922985
61953486
61921924
61923317
61921508
61923739
61921301
61923582
61921458
61923263
61923391
61923653
61922272
61923408
61923690
61922765
61923685
61923707
61954035
61922671
61923845
61921792
61953848
61922009
61922418
61923872
61923647
61923831
61921975
61924098
61924062
61922991
61924020
61954445
61922805
61924345
61922638
61924201
61923532
61954992
61923306
61924592
61924335
61924519
61924640
61922787
61924960
61922504
61923673
61924912
61955174
61923763
61924700
61955123
61923612
61924984
61924612
61924860
61923703
61923930
61925350
61924540
61924469
61925161
61955421
61923936
61925452
61924991
61925589
61923443
61923623
61924234
61922979
61923439
61925251
61923979
61925118
61925299
61924054
61925129
61925435
61955844
61924268
61925637
61925220
61925735
61923655
61925516
61955855
61925438
61925595
61924299
61925387
61925902
61927347
61925829
61924408
61924169
61925793
61923842
61925807
61926035
61923972
61925291
61926096
61956374
61924892
61926131
61925942
61926151
61956518
61926079
61925433
61926267
61926194
61956486
61925038
61926397
61956793
61956591
61956631
61925242
61925616
61956671
61924999
61926344
61924682
61926371
61924979
61926204
61925773
61926696
61926627
61926706
61924729
61925833
61926871
61925065
61926196
61957260
61925647
61927187
61925467
61927087
61925110
61927155
61927166
61957485
61926429
61927238
61957704
61925821
61927166
61925384
61927591
61926762
61926920
61927176
61925229
61927061
61927370
61957982
61927398
61925499
61927748
61927691
61927440
61927708
61927702
61957916
61926439
61927681
61958152
61926521
61927719
61958045
61927606
61926365
61926213
61927753
61958200
61926336
61927948
61926088
61927865
61925894
61926702
61927820
61958110
61926338
61926696
61928209
61927051
61928324
61958520
61927261
61928447
61958457
61928374
61928297
61958711
61927264
61928479
61926694
61927021
61959034
61928895
61927764
61928746
61927968
61926606
61927935
61928782
61959191
61928685
61927999
61928909
61928791
61958942
61928001
61958981
61927802
61928756
61959177
61927703
61927569
61929057
61928997
61959297
61927910
61929149
61959591
61927879
61929368
61928986
61929312
61929735
61929552
61929446
61929536
61927816
61929488
61927602
61928450
61929795
61960253
61929589
61928325
61929522
61960161
61928500
61928439
61928780
61930043
61960394
61928869
61930005
61960480
61929971
61928106
61929235
61930340
61928630
61930400
61929263
61930321
61930533
61930130
61930457
61928443
61929816
61930635
61960889
61929321
61929093
61929258
61930798
61928996
61930620
61929942
61930484
61930890
61928834
61930021
61931078
61961392
61930866
61960939
61929812
61930756
61928758
61929850
61931051
61929324
61930961
61930336
61929896
61931097
61961255
61929855
61931128
61929490
61931202
61929255
61930650
61931387
61961789
61930278
61930091
61931532
61930430
61930092
61931413
61961672
61930863
61931731
61931140
61931919
61929499
61930945
61931760
61962156
61930419
61930492
61930113
61962257
61962409
61930836
61932061
61962426
61931056
61932014
61962533
61932116
61932236
61930523
61932395
61931693
61962594
61931773
61932609
61931752
61932632
61962987
61931455
61932796
61963163
61931499
61932940
61931107
61933213
61932020
61931676
61932805
61963188
61931727
61932928
61931004
61931399
61932963
61931370
61933164
61930896
61932021
61933140
61963555
61933143
61933191
61931916
61933001
61933157
61933425
61931943
61933216
61933264
61933290
61933325
61933333
61931167
61933426
61933380
61931467
61932330
61932929
61931731
61932600
61933777
61964149
61932624
61933986
61964317
61932593
61932858
61934151
61934064
61964455
61932983
61964450
61934407
61933361
61932517
61933035
61934494
61933981
61934192
61932272
61933292
61934373
61964864
61933326
61934510
61964634
61964704
61932337
61934389
61934652
61965040
61933592
61934871
61933135
61934731
61965160
61933650
61935131
61933234
61934950
61934298
61934786
61934446
61934625
61933229
61935390
61935142
61965485
61934126
61934028
61935547
61935196
61935684
61934748
61934346
61935821
61935996
61935762
61933614
61934849
61935947
61966192
61935174
61935964
61966211
61934780
61935950
61934261
61935977
61935680
61936062
61934139
61934867
61936140
61966587
61934953
61936301
61936603
61936471
61966691
61935387
61936615
61934971
61935470
61967302
61936742
61935016
61937064
61936980
61967376
61935947
61936980
61967702
61937175
61934958
61936046
61937240
61935435
61936994
61936444
61935442
61967682
61936024
61937146
61936054
61937169
61936058
61937731
61937537
61967711
61936570
61937675
61937479
61937530
61936239
61937368
61937801
61968073
61936633
61937794
61936108
61937756
61936667
61938227
61937155
61938123
61938001
61968293
61936910
61938132
61937787
61938045
61937411
61937599
61938316
61938047
61938593
61936383
61937856
61968823
61938225
61938535
61936633
61937508
61938688
61969191
61937974
61939021
61938965
61937628
61938928
61938995
61937014
61939182
61939273
61969528
61937917
61939197
61969465
61969721
61938974
61937635
61939555
61970091
61939854
61939505
61937660
61938791
61939845
61970187
61938473
61939118
61938726
61940026
61970318
61938695
61940013
61970672
61939841
61938690
61939650
61939865
61970030
61938588
61939978
61970476
61940029
61939418
61940342
61940285
61970747
61939286
61940579
61938681
61938258
61970693
61939179
61940431
61970686
61940222
61938405
61940127
61940392
61970622
61939410
61940584
61970990
61940471
61939890
61940735
61940463
61938841
61940723
61939003
61941249
61938946
61939893
61940957
61971158
61939753
61939692
61941010
61939177
61941040
61939728
61940878
61941009
61939200
61941158
61939027
61939899
61941151
61971691
61941161
61940057
61940923
61941441
61940096
61941141
61941473
61941173
61941270
61971912
61940264
61940331
61940349
61941741
61941794
61971952
61940640
61940491
61941630
61939766
61941571
61941830
61941978
61972569
61942158
61940102
61942095
61941129
61942122
61942111
61972615
61942383
61972767
61942290
61972615
61942327
61972631
61942319
61972647
61942026
61940720
61942980
61972800
61942407
61972846
61942570
61942393
61942808
61973276
61942687
61940915
61942885
61973222
61941783
61942981
61942660
61973254
61941949
61943239
61943121
61941130
61941834
61973661
61943325
61973749
61942113
61973824
61942266
61941551
61942337
61941591
61942918
61943828
61941896
61974135
61942632
61943782
61974205
61943895
61974259
61942505
61943211
61942901
61944098
61944150
61944245
61941909
61944336
61942513
61944188
61944360
61944300
61974672
61944269
61974725
61944309
61974839
61944349
61974643
61944430
61974889
61944518
61974757
61944531
61975022
61944598
61975061
61944652
61943106
61944845
61945038
61975328
61944939
61945076
61975352
61945010
61944290
61943894
61944290
61945306
61943338
61944467
61945425
61945039
61945393
61945392
61975591
61944242
61945419
61943911
61945435
61943893
61945667
61976117
61945539
61976199
61945532
61975884
61943905
61944895
61945594
61944973
61944581
61945994
61945998
61945918
61944229
61946412
61976505
61946082
61946086
61946000
61944066
61945317
61946190
61945921
61946234
61945810
61946243
61944478
61946159
61976721
61946179
61976498
61946310
61945576
61946254
61946249
61944796
61946679
61946794
61946683
61946399
61945601
61945557
61946242
61947133
61946087
61947050
61946694
61946922
61945332
61946910
61944725
61947029
61977406
61947085
61977573
61945917
61945267
61946733
61947590
61947436
61947469
61945564
61946021
61977669
61946157
61945400
61946570
61978073
61947703
61947520
61946480
61946429
61946355
61947166
61948026
61947743
61947922
61978585
61948052
61948091
61946954
61948203
61946949
61948267
61946592
61948399
61946687
61948109
61950087
61948745
61949534
61950742
61949860
61949082
61950338
61949858
61950765
61951029
61949104
61950091
61951405
61950931
61951408
61981806
61950114
61950088
61951464
61951714
61981958
61950307
61950003
61950816
61951911
61950675
61951019
61952220
61951984
61982094
61951749
61952056
61982358
61952160
61952243
61950506
61952109
61982468
61951024
61951473
61952038
61952231
61950233
61951369
61952426
61950679
61952332
61982906
61952592
61950870
61952135
61952900
61951036
61952816
61951136
61951797
61952929
61983349
61952765
61950821
61951881
61951598
61953206
61953146
61951982
61951939
61953137
61953418
61952889
61952335
61983491
61952027
61953366
61953445
61953460
61951628
61953432
61953489
61953548
61952915
61953419
61953834
61984018
61952370
61953892
61952389
61953737
61984130
61953566
61951562
61983962
61953632
61951760
61952697
61953973
61953762
61953907
61984428
61953900
61984335
61952917
61952854
61984491
61953904
61952097
61953160
61954392
61952618
61954387
61984718
61953080
61953242
61953462
61954445
61954266
61954550
61954202
61954528
61984984
61954542
61952724
61953722
61955019
61953231
61955089
61952857
61953252
61955016
61954847
61955079
61955279
61955140
61985579
61953123
61953155
61954587
61955474
61953850
61955565
61985819
61954211
61954106
61955300
61955671
61985721
61954795
61954492
61954716
61955845
61986167
61955786
61955202
61955604
61955640
61954190
61956192
61955155
61955786
61956337
61986469
61956155
61955472
61955582
61956428
61956022
61955914
61986945
61956697
61987036
61955225
61954698
61955669
61955666
61955226
61956743
61987211
61955830
61957120
61956713
61957074
61987557
61955780
61957040
61957338
61957357
61957338
61956988
61955873
61957638
61956109
61956817
61957390
61955846
61957608
61987764
61956547
61957885
61957492
61971348
61969272
61970250
61971509
61970427
61971512
61969768
61971497
61973205
61971209
61969245
61970745
61971629
62002052
61971444
61969439
61970605
61971608
61969939
61971795
62001823
61969566
62002070
61970224
61970386
61972170
61970451
61971966
61972005
62002302
61970630
61971965
61970687
61972048
62002251
61971977
61973889
61971979
61969882
61971096
61972321
61972407
61972347
62002630
61970910
61972306
61970316
62002608
61970689
61972119
61971878
62002831
61971152
61971023
61972730
61972643
61971895
61972167
61973202
61973100
61970829
61971869
61973148
62003461
61972906
61972400
61973272
61973038
62003560
61973120
62003619
61972185
62003602
61973112
61973319
61973462
61973240
61973607
62003818
61972437
61973809
61971952
61973589
61971530
62003885
62004193
61973567
61972498
61973983
61974029
61973775
61974011
61973312
61973350
61974333
61972384
61973385
62004642
61973573
61974507
62004937
61974469
61973735
61973442
61974667
62005041
61974768
61974701
61972619
61973618
62005028
61973036
61974599
61974128
61973695
61974988
61973173
61975041
62005345
61975035
61974359
61974303
61975141
61974766
61975079
61974898
61975262
61973231
61975425
61975533
61973636
61975337
61974836
61974774
61975569
62005984
61975535
61974902
61974460
61975565
62005957
61975558
62005965
61974520
61975649
62006106
61975546
61974669
61974563
61975849
61975793
61974590
62006141
61975940
61975975
62006390
61974510
61974737
61975767
61975957
62006407
61975943
61975426
61976160
61976110
61976235
61976365
61975871
61975103
61974895
61975663
61975463
61976458
61974721
61976505
62006901
61975448
61976766
61976445
61976102
62007236
61976669
61975620
61977026
61976737
61976219
62007312
61976003
61976001
61977178
61976853
61977618
61975152
61976380
61977423
62007829
61977337
61976664
61976262
61977610
62008088
61975398
62007675
61976120
61977540
61977646
61977706
62008182
61977569
62008009
61976518
61977986
61978011
61977941
62008323
61976614
61976635
61977597
62008194
62008234
61977182
61978113
61976301
61978156
61978284
61976571
61978331
61976890
61976981
61977933
61977272
61977347
61978534
61978162
61978516
62008633
61976729
62008889
61977406
61978933
61977124
61979233
61976851
61977863
61978935
61979117
61979043
62009401
61978944
61977426
61977163
61979121
61978278
61978442
61979121
61977408
61979314
62009892
61979243
61978673
61978311
61979550
61979451
61979624
62009942
61979606
62009936
61978630
61979931
61979774
61979345
62010209
61978714
61979991
61979790
61977711
61980100
61980119
62010546
61980276
61978501
61980486
61980306
61978093
62010621
61980081
61980212
61980155
61978459
61980188
62010422
61979172
61980370
61979988
61980400
62010682
61979316
61980572
61978260
61978418
62010863
61979346
61980732
61980322
61980888
62011143
61979498
61980901
61980386
61980726
62010951
61979463
61979180
62011413
61979847
61981267
62011497
61981058
61979927
61981268
61981218
61979663
62011241
61981178
61981333
61979086
61980481
61981200
61981570
62011759
61980352
61981478
61979871
61981603
61980843
61981483
62011961
61980261
61981049
61981993
61981858
62012366
61980333
61982009
61980691
61981710
61982023
61981389
61982350
61981272
61980386
61982123
61980224
61982532
62012485
61981225
61982638
61982143
61981960
62013173
61982657
61981995
61981920
61982780
61982486
61982851
61984451
61982568
61982013
61982891
61982691
62013234
61981710
61983007
61981246
61982964
61981036
61982464
61983294
61982761
61983026
61981049
61982068
61983300
61981481
61982095
61983375
62013730
61983685
61981250
61982245
61983566
62013751
62013760
61981294
61982691
61983610
61983422
61983674
61981588
61982720
61983780
61983819
62013956
61982447
61983894
61983560
61983763
61982184
61982768
61983993
62014407
61983784
61983162
61982767
61984029
62014508
61982575
61984101
61982435
61984001
62014520
61984080
61983448
61984293
61984414
61982088
61984006
61984226
62014841
61983196
61984039
61983614
61984842
62015000
61983500
61983659
61984849
61984792
62015047
61984604
61982817
62015025
61983941
61984359
61984702
62015107
61983531
61983769
61985028
61984992
62015236
61983643
61982863
62015425
61984865
61984445
61985437
61984622
62015546
61983945
61985317
61983244
61984249
61985638
61985338
61985681
62015826
61985759
62015787
61984545
61985554
62015659
61985503
61984967
61985005
61985895
62016167
61985642
61984845
61985797
61985662
61984118
61985928
61985874
61985253
61984896
61986049
62016444
61984919
61985033
61986429
61986304
61984921
61986467
61986285
61984386
61985464
61986658
62017170
61984545
61986771
62017180
61986596
61986066
61985709
61986978
62017115
61985873
61985673
61986841
61986999
62017398
61985811
61987060
61986900
61987182
62017385
61985895
61985985
61987282
61987461
61987494
61985970
62017575
61986389
61987385
62017791
61986160
61987727
61987448
61987658
62018233
61987706
61987554
61987270
61987025
61986783
61987845
62018262
61987963
61987256
61987277
61988045
62018468
61987833
61986832
61987798
61988058
61987758
61988163
61987392
61987021
61988256
61986540
61988183
61986193
61986835
61986171
61987396
61988415
62018931
61987063
61988388
61988327
61988431
62018915
61988339
61986470
62018765
61987622
61988500
61988583
62018873
61987546
61988827
61988492
61988709
62019224
61987593
61988983
61989186
62019325
61987409
61989046
61988408
61988902
61987771
61989215
61987376
61989006
62019360
61987808
61987956
61987940
61989251
62019864
61987944
61988226
62019986
61988389
61989665
62019844
61988282
61989689
61989392
61989835
61987789
61988573
61989825
61988085
61990202
61989727
62020249
61989996
61989765
62020246
61989737
62020282
61989767
61989309
61989309
61990241
62020760
61988609
61990266
61990574
61990384
62020481
61989197
61990542
61990358
61990220
61990542
61990091
61990573
61988314
61989715
61990524
62020872
61990119
61989259
61989849
61990286
61990779
61989753
61989552
61990470
62020898
61989252
61990682
61990519
61990927
61988605
61989846
61990681
61990622
61990785
61988737
61990209
61990970
62021331
61991004
62021371
61990049
61991199
61989438
62021287
61990853
61991157
61991339
61990977
61991330
62021664
61989883
61990065
61991676
61991562
62021707
61990238
62021754
61990329
61990505
61991665
61989778
61991402
61989745
61990874
61991976
61990181
61992239
61991060
61991865
61992013
61991262
61992028
61991893
62022452
61990719
61992088
61992232
61992037
61992187
62022353
61991178
61992421
61990601
61992340
61990281
61991716
61992026
61991170
61992453
62023007
61992478
61990620
61992465
61992857
62023102
61991508
61991738
61992895
61992808
61991589
61992656
62023319
61992824
61991501
61991834
61993097
61992677
61993003
62023326
61991692
61991124
61993260
61991381
61993183
61993395
61991182
61992173
61993453
61991822
61993764
61991373
61992354
61993746
61992397
61993774
62024005
61992336
61993818
61993578
61994100
62024111
61992751
61992745
61994192
61994290
62024528
61991846
62024295
61992680
61994372
61993687
61992630
61994270
61993718
61994587
61994431
62024665
61993131
61994434
61994394
61994531
61992469
61994438
61995148
61994027
61993869
61993511
61994640
62024884
61993610
61994787
61993023
61994941
62025147
61993873
61995143
61995205
61994992
61993765
61994381
61995268
61995047
61995815
61994716
61994794
61995456
62025936
61995442
61994930
61994466
61995678
62025844
61994250
61995426
61995351
61995534
61995560
61994490
61994855
61995970
62026516
61994491
61996120
61993835
61994309
61995740
62026348
61995465
61996188
61994880
61997039
61997835
62028603
61997118
61998658
61996914
61998810
61997916
61997537
61998824
62029113
61997421
61998852
61996588
61998755
62029178
61998567
61996807
61999043
61998689
62029379
61998897
61997656
61999224
61997060
61997143
61998829
61999048
61997400
61999608
61997090
61998229
61999453
62029924
61999340
62029740
61998531
61999753
61999323
61999591
61997750
61999608
61999653
62029801
61998458
61999724
62030168
61999608
61998515
61998714
61999956
62030485
61999127
62000376
62030611
62000178
62000264
62000419
62030526
61999181
62000577
62030983
62000355
61998486
61999430
62000714
61998829
62000479
61999462
62031099
61999296
62000822
62000646
62000774
61999363
62000747
62000779
62000961
61999247
62000975
62000246
62001162
62001078
62031322
61999942
62001116
62000713
61999833
62001232
62031537
62001020
61999124
62000809
62001265
62000276
62001655
62031838
62000453
62000322
62000893
62001534
61999554
62000477
62001709
61999989
62001094
61999820
62001279
62002122
62032479
62000671
62002136
62000553
62002303
62002379
62001208
62001134
62002527
62002172
62002395
62001129
62002375
62002557
62000741
62002672
62000524
62001891
62002676
62032914
62001409
62002751
62002303
62002100
62033101
62001552
62002880
62033030
62001612
62002909
62001209
62002924
62001176
62003060
62002879
62033045
62001699
62002999
62002714
62002838
62001163
62002731
62000805
62001739
62002827
62002989
62001317
62003067
62003160
62003256
62001945
62033313
62002046
62003015
62002412
62002071
62003231
62033712
62002064
62003460
62003050
62003237
62002663
62003497
62002087
62003541
62002130
62003447
62003360
62033612
62002255
62003494
62003224
62003766
62002790
62003560
62003790
62034058
62002250
62003701
62003404
62003626
62002494
62003404
62003703
62002956
62003883
62034044
62002727
62003019
62033847
62002492
62003762
62034226
62003666
62002342
62003646
62004044
62034214
62002672
62003993
62034596
62002884
62004130
62003912
62004634
62003563
62034563
62004551
62034854
62003418
62003341
62003520
62004847
62003656
62004734
62003243
62004948
62002749
62003693
62004846
62035348
62003525
62003560
62002780
62005115
62004918
62035114
62003755
62003694
62004451
62005403
62004938
62005221
62004562
62005202
62004899
62003370
62004410
62005330
62035866
62004882
62004082
62036038
62005770
62005786
62035865
62004605
62005898
62003902
62005601
62003845
62004368
62005887
62036328
62006085
62003913
62005049
62006140
62036543
62005083
62006356
62004489
62006164
62004268
62005479
62006506
62036917
62006369
62004473
62005489
62005691
62006290
62006443
62004598
62006707
62006671
62037048
62005508
62007096
62005140
62006815
62005207
62005599
62005196
62006895
62006929
62006852
62007003
62037136
62005577
62006997
62037339
62005481
62006946
62006679
62006927
62005753
62005864
62004885
62005805
62007081
62037405
62005880
62007143
62005526
62007628
62005073
62006116
62007365
62007325
62007498
62006168
62007656
62006892
62037714
62006344
62007566
62037893
62007258
62005379
62006944
62038118
62005937
62038152
62005624
62007138
62007998
62006275
62008486
62006411
62006930
62008089
62038207
62006855
62006890
62008275
62008107
62006958
62006960
62008274
62039121
62038620
62008116
62008590
62009064
62007026
62008405
62008779
62006577
62007975
62008893
62008600
62009076
62006777
62007537
62008827
62039363
62008745
62006876
62007932
62008979
62039331
62007796
62009155
62007748
62009079
62039358
62007717
62009257
62007499
62009174
62007666
62009267
62008500
62009164
62009029
62007922
62007913
62009107
62039423
62008012
62009326
62039649
62007943
62009494
62009656
62009400
62008561
62008217
62009270
62039688
62008220
62009431
62039992
62008216
62009610
62010018
62009650
62040038
62008278
62009749
62008461
62008528
62009917
62040287
62008545
62008653
62009651
62009923
62007799
62009275
62009995
62040389
62008815
62010030
62008423
62010197
62009940
62010240
62009582
62008662
62010309
62008297
62009384
62010496
62010306
62010496
62040991
62009284
62010694
62008971
62011021
62009901
62010900
62010656
62008944
62010672
62041078
62008937
62009927
62010089
62010802
62041096
62009607
62011023
62041573
62009887
62011229
62010918
62011238
62013134
62011300
62011242
62010550
62010625
62011359
62041399
62010257
62011393
62041977
62011434
62011610
62010089
62009833
62011927
62010233
62009908
62011674
62010975
62011775
62011869
62013536
62011698
62010358
62011785
62042119
62010841
62012278
62042295
62042313
62010822
62010984
62012089
62011339
62011814
62012127
62042513
62010954
62012312
62010527
62012205
62042621
62011275
62012562
62010801
62013077
62010542
62012645
62042906
62012124
62012823
62043294
62011694
62013056
62043380
62012819
62011094
62013118
62012887
62043280
62011940
62013165
62043446
62013103
62013131
62011384
62013143
62043282
62011449
62011769
62012970
62013101
62013359
62011595
62013689
62012676
62012315
62013591
62043688
62013430
62013606
62044149
62013616
62015432
62013713
62011634
62012585
62013909
62012169
62013716
62014139
62044483
62013023
62014324
62012645
62014727
62012205
62014102
62013800
62012679
62014412
62012849
62014348
62014366
62012375
62013329
62014582
62044992
62013480
62014674
62012927
62014537
62012613
62014893
62015004
62012737
62014145
62014810
62014892
62014799
62014888
62013202
62014700
62014939
62013086
62015249
62013359
62014701
62015082
62013544
62014907
62015239
62015285
62045500
62013975
62015333
62045496
62015008
62013955
62015262
62015342
62015218
62014256
62015614
62045856
62014328
62015682
62046107
62014259
62015778
62013966
62015633
62015147
62015209
62015991
62046151
62046240
62015878
62046391
62015046
62016090
62014418
62015955
62014745
62016196
62016174
62046597
62014442
62046482
62015253
62016409
62046728
62015246
62016361
62046415
62015102
62016402
62046781
62046505
62046469
62015362
62016374
62046680
62015348
62016611
62046825
62015904
62016523
62016191
62047075
62014907
62047046
62015990
62016888
62047271
62015372
62016824
62015138
62016838
62016332
62015636
62017039
62018726
62016963
62017131
62047367
62015971
62017230
62047571
62016176
62017487
62017255
62017431
62047947
62016334
62017679
62017783
62017376
62016745
62017026
62017821
62048285
62016346
62017804
62017599
62017789
62017243
62017267
62047947
62048282
62016929
62018100
62016312
62018076
62016729
62018012
62018252
62048402
62017096
62018345
62048698
62016866
62017542
62016742
62018311
62016388
62017407
62018727
62018732
62016560
62018693
62016358
62049074
62017378
62018651
62016989
62018559
62016738
62017425
62018968
62049528
62018770
62018904
62017235
62049411
62018231
62017226
62019069
62018423
62019104
62019324
62049688
62018195
62019369
62017608
62049598
62017151
62017512
62017979
62019348
62017676
62019095
62018634
62019558
62019532
62021192
62018311
62019549
62049778
62018339
62017764
62018114
62019600
62019262
62019504
62017608
62017853
62019644
62017967
62019488
62019746
62019744
62019862
62050093
62019248
62020012
62017830
62019898
62050451
62019403
62020439
62022072
62018869
62050642
62050544
62018708
62020421
62020547
62050981
62019326
62020879
62050934
62019576
62020811
62051050
62050753
62019329
62019764
62018460
62019702
62020098
62018614
62019452
62020629
62051065
62019516
62020813
62020856
62051063
62020194
62020910
62018793
62020580
62019631
62021102
62019136
62021176
62021445
62020974
62021263
62051440
62020014
62021297
62019002
62020261
62021383
62019235
62020336
62021513
62019735
62021485
62020751
62021285
62021917
62020255
62021692
62051909
62021510
62021673
62019787
62020833
62021245
62019856
62022136
62022079
62052169
62021125
62020743
62021928
62022157
62020373
62020683
62022161
62052512
62021176
62022370
62020253
62021661
62022452
62021049
62022701
62022707
62021142
62022528
62022690
62052779
62022063
62022579
62021334
62022470
62022794
62023051
62021177
62022788
62023049
62021241
62053364
62021778
62038151
62038211
62036744
62038286
62037113
62038102
62038775
62037199
62038553
62038342
62037291
62038561
62068787
62037888
62038563
62068858
62037475
62038614
62038630
62069200
62037505
62038921
62068956
62069036
62038359
62037497
62038715
62038826
62037911
62036980
62038604
62038617
62038734
62038657
62069039
62069167
62038677
62038840
62039015
62037704
62038956
62036993
62038401
62039100
62069368
62038132
62039408
62069924
62037974
62039484
62037688
62039264
62039307
62039423
62069887
62038390
62039666
62070097
62038339
62039636
62070047
62038417
62039834
62039438
62039990
62038456
62038495
62039607
62038884
62039938
62038009
62040067
62070253
62070567
62039021
62040147
62038890
62039981
62040247
62039560
62040047
62040381
62040464
62038751
62071036
62039298
62040670
62039733
62038890
62040664
62038957
62040806
62040715
62040894
62038770
62040749
62039862
62040990
62071156
62041094
62040411
62041185
62041104
62039781
62041318
62041470
62071519
62040676
62039636
62039630
62041487
62071721
62041691
62039546
62072029
62041341
62072090
62040733
62041755
62040981
62041415
62042122
62040228
62041844
62071971
62041110
62041170
62041185
62042065
62042162
62042129
62040304
62040743
62042229
62072659
62041028
62042298
62042180
62040090
62042110
62042259
62041176
62042024
62042406
62041583
62042493
62042361
62072781
62041741
62042443
62040340
62041775
62042617
62044336
62073029
62041661
62042602
62041218
62041010
62041330
62042932
62042936
62043013
62042112
62041850
62043058
62044834
62040935
62041443
62041784
62043447
62074014
62042078
62043505
62073760
62043473
62043451
62042067
62043179
62043625
62043348
62043598
62073722
62042534
62043730
62041487
62042974
62043704
62074029
62042523
62043797
62074395
62043464
62042708
62043964
62042412
62043985
62043812
62042534
62044204
62043703
62042782
62044411
62074569
62044403
62043748
62043782
62044587
62042556
62043512
62044556
62076119
62044935
62046228
62076588
62045405
62046746
62077124
62045866
62046923
62077301
62045940
62045823
62046422
62044975
62045024
62046974
62047285
62046184
62047728
62045652
62047767
62047861
62046423
62047439
62047674
62046279
62047487
62047741
62046967
62046126
62078086
62046749
62048111
62078215
62047002
62047864
62045836
62048030
62047915
62046069
62046482
62046233
62046622
62048192
62078368
62046738
62048065
62078496
62048442
62046577
62046993
62048009
62047984
62046658
62047904
62048753
62047641
62046810
62048283
62046908
62046556
62048279
62048488
62046770
62078730
62047306
62048606
62078916
62047375
62048777
62048514
62048719
62048887
62047180
62048830
62048832
62048974
62079224
62049321
62049097
62047158
62048710
62049436
62079644
62048246
62049508
62079680
62047392
62049241
62049338
62079843
62048002
62049532
62047703
62049353
62048394
62049591
62048245
62049704
62047535
62079911
62049073
62047809
62080124
62049858
62049893
62049108
62050032
62049223
62049306
62050101
62048543
62048687
62080460
62048652
62050110
62080477
62049200
62049102
62049618
62048888
62050086
62080365
62049053
62050065
62080234
62048909
62050243
62080814
62049166
62050463
62080771
62049265
62050487
62080958
62049118
62050607
62050166
62051069
62050624
62050303
62050059
62048574
62080933
62050053
62048626
62050985
62050966
62081362
62049693
62051216
62081420
62050032
62050994
62049744
62049035
62050795
62051153
62049220
62051479
62051542
62050709
62051326
62051519
62050750
62052018
62050903
62051646
62051778
62051936
62051872
62050588
62082352
62052102
62052134
62052203
62050926
62052024
62051000
62082547
62082624
62051492
62082736
62082528
62050300
62052342
62052387
62082548
62051913
62052121
62050609
62050508
62052156
62050188
62051770
62052518
62082842
62051440
62082954
62050959
62051307
62052775
62083292
62051584
62052525
62052805
62052158
62051119
62052681
62051177
62052900
62051810
62052679
62051655
62053171
62083697
62051846
62053140
62083416
62053156
62052856
62053115
62053382
62053138
62053162
62053355
62083648
62083562
62052134
62053237
62053462
62051407
62053592
62052852
62084023
62053332
62053639
62053838
62084323
62052530
62053968
62084439
62053780
62051973
62053716
62051907
62054097
62054140
62052036
62053732
62084275
62053334
62053961
62051933
62053392
62054084
62084504
62052990
62054239
62084518
62053011
62054129
62053420
62053868
62054134
62053453
62054427
62052279
62054111
62054389
62052477
62053555
62054516
62084650
62053762
62054591
62084915
62053267
62054721
62053526
62054809
62084917
62053616
62054951
62085179
62053699
62052826
62054733
62054965
62055126
62053505
62053900
62055413
62053625
62055413
62055360
62054444
62055645
62055745
62055761
62055721
62085869
62055042
62055779
62055036
62054671
62055776
62086001
62054692
62055917
62086211
62053770
62054138
62054831
62056168
62054987
62056425
62086817
62055254
62056524
62086624
62055248
62056452
62086776
62055282
62056471
62055161
62056404
62086552
62055305
62056325
62054246
62056498
62055854
62054772
62055313
62056607
62055568
62056612
62055406
62055143
62056838
62057027
62087332
62055990
62057233
62087439
62055885
62057233
62087637
62087490
62057130
62056909
62057174
62055263
62056897
62055707
62055413
62055963
62057280
62057618
62057197
62055380
62056860
62056007
62057325
62087652
62056612
62057520
62056021
62087736
62056678
62057049
62057128
62056526
62057558
62055421
62057687
62058014
62057697
62055757
62057560
62055613
62057462
62056534
62057770
62056488
62056897
62056833
62056834
62057306
62058224
62055960
62058243
62058087
62057828
62057191
62058217
62058011
62058234
62057435
62056508
62057238
62058174
62057973
62058239
62057520
62088547
62057956
62056870
62058308
62088475
62057347
62058504
62056407
62058594
62058473
62058614
62088917
62057262
62058652
62058677
62057245
62058230
62058639
62058784
62057040
62058749
62057279
62058463
62058746
62057375
62058679
62058615
62057858
62059073
62089198
62058292
62059121
62057253
62089528
62058881
62059058
62059335
62089824
62089526
62058969
62057962
62059338
62059418
62089488
62058361
62059448
62089702
62058705
62059585
62059508
62058864
62089829
62057894
62059552
62059641
62057969
62059593
62059918
62058637
62059626
62059871
62060402
62060064
62090522
62059042
62060222
62090527
62058994
62060291
62090834
62058895
62060558
62058818
62060462
62060596
62060543
62090811
62059438
62060660
62060722
62059359
62060413
62060655
62060936
62091383
62059810
62060402
62061053
62091120
62060002
62059781
62059848
62060966
62061132
62091531
62061192
62061139
62061435
62091663
62060579
62061405
62059403
62059798
62060307
62061139
62060275
62061487
62060165
62091809
62061575
62060302
62061606
62059821
62091903
62091703
62059978
62061653
62059781
62061975
62061824
62060453
62061832
62061878
62060898
62060375
62062214
62060771
62059961
62092533
62061361
62061741
62061582
62062085
62062264
62060376
62062485
62062462
62092711
62061707
62062846
62093194
62061142
62062686
62062873
62062681
62062146
62062702
62062958
62061633
62061686
62062819
62062392
62062894
62063479
62062999
62063273
62063247
62061205
62093699
62061762
62062332
62063863
62063415
62093659
62062699
62063500
62063399
62063476
62061403
62063214
62063511
62063744
62094015
62062952
62063761
62063096
62063568
62063779
62063892
62094336
62062616
62063841
62061693
62064000
62062794
62062564
62063878
62061706
62064030
62064004
62064115
62062180
62063814
62064173
62062262
62062746
62064232
62064304
62062174
62064347
62064236
62063684
62062668
62063039
62064371
62094513
62063682
62064379
62063117
62064351
62064573
62062302
62062697
62063096
62064427
62064617
62062424
62064345
62063273
62064625
62095006
62063571
62062948
62063477
62063389
62064977
62062792
62064555
62064913
62065010
62095366
62095337
62063292
62064651
62065084
62065047
62065100
62065204
62065113
62063862
62064996
62065252
62065209
62065292
62064549
62063968
62095644
62063546
62064229
62065489
62065572
62095861
62064213
62063405
62064191
62065407
62065640
62065570
62065584
62095907
62065449
62065616
62065962
62096345
62064614
62065914
62063739
62064539
62065863
62063983
62064765
62064242
62064706
62066164
62064125
62065814
62064478
62064582
62096787
62066113
62066242
62066332
62066473
62068232
62066598
62066699
62097071
62065460
62066501
62064917
62096956
62064693
62067063
62066838
62097207
62065545
62066559
62066702
62066024
62064858
62065661
62066584
62065365
62066734
62064826
62065002
62065637
62067197
62066755
62066749
62066961
62097256
62066586
62065723
62067060
62066234
62067056
62066340
62065324
62065866
62066948
62067152
62097241
62067180
62065732
62065843
62067260
62065174
62067334
62067703
62067539
62097775
62067280
62065939
62065782
62066150
62066521
62068070
62067782
62067869
62065974
62098201
62066213
62066612
62067861
62067210
62067610
62067815
62067922
62066575
62068041
62098501
62067150
62068287
62066180
62068132
62068606
62068288
62098732
62067220
62068518
62098652
62067665
62068196
62068420
62068698
62068312
62066901
62068009
62067414
62067655
62067615
62067407
62068743
62067708
62069002
62069024
62066913
62099195
62068016
62067969
62069122
62069106
62069361
62099502
62099857
62069422
62067593
62069172
62068178
62070032
62069480
62068003
62099808
62067961
62100250
62069947
62069806
62069840
62068439
62100460
62070278
62070089
62070301
62069366
62070106
62068873
62068452
62068985
62068519
62070323
62069500
62070121
62070324
62069419
62068135
62068099
62100737
62069493
62070277
62070459
62069694
62100746
62069496
62069243
62069511
62069529
62069595
62101024
62068968
62070017
62070872
62069852
62070828
62070958
62070970
62071223
62071122
62101232
62070901
62070595
62070675
62070813
62070046
62071134
62071334
62101462
62101387
62071432
62071233
62071410
62071387
62069980
62069737
62071650
62070391
62070396
62069277
62070813
62070810
62101684
62071663
62071415
62069801
62071281
62070314
62071769
62102168
62071152
62072331
62071992
62069879
62069863
62102296
62071720
62072111
62070855
62070808
62070983
62071378
62072390
62072227
62072034
62102498
62102813
62071535
62072289
62071110
62072284
62102926
62072600
62103022
62072360
62071758
62072051
62072502
62072762
62102981
62072001
62072701
62072863
62070844
62071195
62071268
62072954
62072082
62073047
62073166
62073484
62071759
62071650
62071980
62073304
62072513
62073505
62073282
62072226
62073105
62073916
62071588
62071617
62071961
62073614
62072165
62073093
62073820
62074012
62074000
62071989
62072459
62072858
62073965
62074167
62073347
62073406
62073904
62104477
62074179
62072985
62073462
62074416
62104781
62074453
62074632
62073820
62104980
62072918
62073478
62074631
62074687
62105190
62073753
62074643
62073097
62105083
62105031
62105193
62075234
62075045
62075192
62074397
62105514
62074154
62075443
62075315
62075275
62075395
62073748
62105916
62073829
62074488
62075686
62074901
62106076
62074431
62075662
62074796
62075607
62075902
62106057
62075111
62076293
62074159
62074119
62075794
62074375
62075508
62075815
62074136
62106323
62074780
62075933
62074021
62075941
62075964
62074116
62076190
62076205
62076347
62106570
62074828
62106689
62076548
62106552
62076676
62076501
62076686
62074664
62076469
62075541
62075552
62075488
62075109
62076605
62075485
62076899
62107186
62075674
62076484
62075062
62076859
62076216
62074960
62107168
62077223
62077184
62107442
62076295
62077410
62107678
62076628
62076973
62075655
62077494
62077458
62079173
62077574
62075488
62076913
62077531
62077692
62108076
62076491
62077727
62076982
62108227
62076572
62077858
62076639
62076537
62077876
62108154
62076784
62077947
62075943
62076287
62076695
62078157
62108714
62077072
62078126
62076451
62108554
62077416
62078196
62078455
62078626
62077530
62078450
62077437
62078922
62109155
62077296
62078995
62077645
62077269
62077685
62079129
62080649
62078934
62077475
62077013
62109452
62077934
62078988
62079159
62078491
62109329
62078817
62077817
62079327
62109392
62079411
62109594
62079494
62078214
62079651
62077510
62079390
62079570
62077736
62078005
62079666
62110439
62111456
62080026
62081737
62080319
62080258
62080524
62082077
62112273
62080815
62082211
62112474
62112026
62080360
62080806
62082100
62112643
62080830
62082076
62080726
62080457
62082190
62082267
62082493
62082453
62082677
62081943
62082394
62081514
62082841
62112911
62082050
62080631
62113234
62081699
62082568
62081478
62082919
62080860
62113373
62083072
62082955
62081817
62081417
62081857
62083106
62081668
62083163
62081094
62082177
62083269
62082556
62113967
62082723
62082046
62083788
62114115
62082560
62083942
62083579
62083938
62082180
62082473
62082776
62084042
62084307
62114624
62083215
62084328
62083676
62084001
62083169
62083341
62083611
62083821
62082776
62083230
62084410
62082519
62114966
62083702
62084638
62083534
62084613
62084733
62115097
62084485
62084644
62084850
62084975
62085004
62115338
62083923
62085121
62085245
62115353
62084133
62085300
62084962
62083887
62085307
62115624
62083558
62085284
62083930
62085200
62084746
62085392
62084339
62085622
62085603
62083832
62084710
62084691
62085646
62085769
62115962
62084040
62084525
62085699
62116165
62085195
62084898
62085083
62086366
62116683
62086276
62085430
62086419
62085832
62086277
62086857
62086551
62084628
62086888
62116838
62117009
62085790
62086414
62086710
62117187
62085710
62086833
62084633
62086448
62086990
62085494
62086962
62084797
62085169
62085099
62085698
62085699
62087102
62117274
62085792
62087189
62087350
62085325
62117716
62086297
62085428
62086053
62087227
62087573
62086542
62087145
62086445
62085556
62086089
62087191
62087802
62087416
62086371
62117909
62117738
62117906
62087271
62087527
62118185
62087877
62086874
62118154
62118199
62118167
62117921
62118492
62086775
62088192
62086337
62088026
62088169
62088077
62088265
62088434
62088334
62118948
62088445
62087383
62087429
62086950
62088653
62088712
62088713
62088906
62089013
62088631
62089001
62087087
62088460
62119295
62119253
62119355
62087042
62087811
62088117
62088290
62088246
62089604
62089447
62088672
62088677
62089312
62089494
62119749
62088211
62089549
62089622
62120076
62088885
62087795
62088423
62089504
62089365
62120044
62087951
62087911
62089400
62088592
62089755
62089049
62089903
62089907
62120303
62120214
62089927
62090111
62090231
62120669
62089177
62090402
62090390
62090367
62088719
62090367
62090702
62089490
62120497
62089359
62090450
62088371
62088879
62088575
62088919
62088564
62090800
62090650
62090823
62090047
62090716
62090997
62120957
62090941
62090949
62090332
62091006
62091442
62091088
62121393
62090007
62091413
62089834
62089575
62089912
62121768
62091056
62091144
62091353
62121509
62090279
62091268
62091485
62121805
62090621
62090733
62089751
62090170
62091611
62121959
62090874
62091518
62089415
62090338
62091624
62089535
62091760
62089810
62091348
62091707
62091841
62122253
62090715
62091913
62089765
62091986
62091858
62090426
62091576
62122284
62122408
62091048
62092536
62092353
62122798
62091221
62092607
62122682
62091118
62091081
62092591
62090494
62092437
62092544
62122928
62092371
62092637
62092846
62123026
62092096
62092758
62093025
62123453
62092271
62093021
62093290
62093195
62091901
62093143
62091658
62092892
62093062
62093346
62091575
62091977
62093319
62091661
62093380
62123880
62092251
62093545
62123769
62092569
62093894
62093597
62091894
62093682
62093789
62093982
62093829
62124204
62092878
62094017
62092112
62094252
62094078
62094320
62092449
62093036
62093232
62094064
62094149
62124966
62093385
62094340
62094711
62124912
62093430
62094673
62124725
62094709
62094628
62125099
62094515
62092538
62092885
62094470
62094613
62094750
62094659
62094790
62094182
62094790
62095136
62125189
62094113
62094169
62093818
62093010
62094189
62095384
62093877
62093488
62095249
62094248
62095364
62095731
62125843
62094377
62095677
62093563
62095664
62095421
62095620
62126110
62093644
62095790
62094937
62094054
62094542
62096007
62126472
62094782
62096130
62126539
62096145
62094547
62096169
62126517
62094776
62096169
62094408
62095317
62095899
62096138
62096230
62094586
62096224
62096283
62096584
62126578
62095734
62096269
62094555
62094698
62096461
62096517
62096552
62095740
62094745
62095239
62096629
62094570
62096477
62095408
62096900
62095336
62096933
62096798
62095106
62095214
62095047
62096681
62095423
62095222
62095823
62097123
62127526
62096303
62097298
62095924
62095606
62127480
62127522
62097464
62097480
62097491
62097143
62097375
62097587
62095901
62097597
62097683
62095994
62096468
62097974
62128130
62097778
62095801
62128353
62096711
62097967
62128385
62096787
62098060
62128184
62096845
62097349
62128568
62097102
62098440
62096350
62097799
62098690
62097402
62098179
62098506
62097413
62099009
62098657
62096697
62096945
62097501
62098880
62128951
62097751
62098234
62098137
62098876
62098946
62129373
62097933
62099213
62129434
62098019
62099145
62129495
62098194
62099244
62099412
62097991
62099398
62129715
62098702
62099428
62097407
62099652
62098953
62129968
62098542
62099764
62130019
62129914
62097577
62098020
62098460
62099860
62130088
62098700
62099692
62099906
62130473
62098893
62130402
62099077
62098993
62100191
62100360
62130642
62099217
62100558
62098458
62099162
62100531
62100641
62098795
62130778
62099288
62100646
62100535
62148229
62116478
62116085
62115856
62115738
62116096
62116354
62116794
62118043
62115799
62118144
62118405
62118133
62117869
62118022
62116675
62117835
62148518
62117482
62118420
62116167
62118337
62118278
62117851
62118420
62116279
62118555
62118363
62117006
62118474
62149031
62117970
62118560
62148848
62117595
62118817
62149168
62117763
62119012
62149232
62118026
62119218
62149740
62117996
62119245
62149449
62117938
62119159
62149467
62118030
62119389
62119349
62149621
62118589
62149434
62117605
62118192
62119523
62117279
62149549
62118440
62119350
62121009
62118679
62118092
62119683
62118782
62119251
62119438
62119760
62150132
62118463
62119784
62119860
62119749
62119798
62150166
62118768
62120023
62117978
62118894
62119306
62118196
62119838
62120503
62118774
62120013
62118431
62118726
62120140
62150632
62120099
62120284
62150841
62119135
62120384
62118222
62119228
62120579
62150754
62119794
62119612
62119774
62118970
62121035
62120775
62151126
62120555
62120707
62119480
62119169
62119448
62119556
62120767
62151262
62119871
62121096
62151179
62119987
62120918
62119819
62151411
62120398
62120453
62121048
62119725
62119623
62119998
62121541
62151828
62120867
62121577
62119559
62121756
62121775
62119775
62121740
62152014
62120731
62121668
62152115
62120796
62121745
62120627
62120902
62121858
62120994
62120854
62122250
62122176
62121405
62152565
62121923
62121115
62122380
62122498
62121043
62152874
62121610
62120741
62121232
62122574
62120478
62122539
62121515
62122105
62122769
62120648
62120512
62152960
62122827
62122710
62122868
62153411
62121945
62123022
62123061
62153233
62121281
62122248
62120920
62121401
62122522
62153642
62122056
62122437
62123405
62121767
62121845
62123652
62123694
62122214
62123812
62122100
62122981
62123823
62121651
62123479
62123735
62123917
62154028
62122655
62122234
62122780
62123978
62154507
62122855
62122349
62121967
62154431
62124190
62124219
62124412
62124337
62123509
62122698
62122730
62154847
62124539
62122730
62124483
62124697
62123453
62155005
62155283
62124750
62124847
62123925
62123169
62124894
62124923
62124127
62123897
62125092
62125199
62123102
62155542
62124362
62125248
62123196
62125103
62125338
62125523
62125048
62125824
62124162
62124331
62125642
62123661
62125890
62124589
62124714
62125837
62123812
62126245
62126005
62126125
62156316
62124952
62126177
62126065
62126159
62126301
62156686
62125154
62126242
62126469
62128197
62126461
62126508
62126444
62125231
62126412
62124663
62125801
62126573
62126837
62157146
62125327
62126659
62125402
62126539
62126826
62157006
62125862
62126954
62125065
62126778
62126968
62127051
62157714
62126972
62125676
62125485
62125283
62157573
62125133
62127454
62125282
62127108
62127205
62127425
62157403
62127556
62127739
62126305
62127892
62127825
62125674
62126124
62126530
62127858
62158232
62126575
62127967
62158054
62126815
62128054
62125909
62128005
62128126
62127218
62127734
62128017
62128329
62158561
62128296
62127566
62128302
62127128
62128085
62128519
62128575
62158981
62158776
62126471
62126815
62127108
62128573
62158776
62127430
62128583
62158888
62128154
62128799
62126750
62128657
62128425
62159242
62128705
62129079
62129014
62129096
62127410
62127799
62129246
62159522
62128134
62129318
62159546
62129191
62129312
62159456
62128073
62129233
62127150
62129399
62129463
62128000
62127576
62127944
62159824
62127686
62129385
62129594
62127895
62128273
62129799
62159846
62128677
62128099
62129557
62128461
62129977
62160043
62160150
62160342
62128854
62129976
62127883
62130091
62129822
62129988
62129132
62130230
62130759
62129111
62130333
62128479
62129522
62130413
62130639
62161196
62129551
62130872
62161184
62130031
62130954
62129180
62131022
62130111
62130771
62131304
62129864
62161358
62129685
62131201
62161254
62131257
62131214
62161460
62130233
62161383
62130985
62131238
62129779
62131025
62131448
62131517
62161771
62130470
62131654
62162007
62130590
62130506
62130637
62131626
62129625
62130476
62131664
62131726
62162357
62130443
62131894
62131198
62162200
62132150
62131985
62130710
62132100
62129982
62130364
62130756
62132224
62162308
62131340
62132196
62130110
62132259
62132439
62131920
62131576
62131786
62131682
62130776
62132400
62132657
62130763
62130990
62132623
62131950
62132674
62132784
62163038
62132136
62132904
62163019
62132191
62132863
62131380
62132682
62132908
62163379
62131748
62133000
62130907
62133324
62133035
62132311
62132602
62131300
62132298
62163617
62132361
62133217
62131234
62132037
62133221
62132522
62133076
62133280
62133489
62133120
62163460
62163492
62133168
62133104
62132224
62133490
62163833
62132241
62133585
62132027
62133314
62133609
62131338
62131771
62133470
62133686
62131928
62132221
62133631
62163966
62132529
62141763
62133637
62135317
62165667
62134394
62135705
62166021
62134619
62136195
62166423
62134864
62134262
62135744
62134634
62136270
62166527
62135007
62136246
62166394
62135581
62136341
62135625
62136094
62136544
62166796
62166996
62135488
62136665
62134685
62136667
62136666
62136875
62167459
62135694
62137183
62135868
62136986
62136205
62136594
62136197
62137210
62136787
62137588
62136051
62168349
62137787
62137813
62168271
62136516
62137810
62168017
62137796
62137865
62135826
62137852
62138377
62137790
62168119
62136914
62137814
62135858
62138206
62136988
62138034
62138284
62136940
62136983
62138222
62137073
62168912
62137583
62138794
62137317
62136935
62138542
62137472
62137538
62138470
62138819
62136986
62137522
62138624
62136695
62138728
62139124
62138772
62137546
62138611
62138861
62169051
62137636
62138933
62169139
62137810
62139008
62169521
62137687
62139176
62137782
62137749
62139197
62139447
62169678
62138123
62139423
62137323
62139211
62139355
62138647
62139417
62139749
62169901
62138531
62139732
62137666
62139504
62139675
62138372
62139662
62140313
62138437
62139307
62139999
62139882
62140118
62138279
62140016
62138744
62138450
62138845
62140259
62170880
62140184
62138131
62170919
62139154
62140447
62139769
62140132
62140439
62140645
62138846
62139412
62170846
62139271
62140576
62140611
62138874
62139279
62140765
62171080
62139409
62140809
62170930
62140797
62138837
62139297
62140605
62140579
62139982
62139929
62139910
62141295
62141215
62140379
62140981
62141093
62141176
62171671
62139834
62141340
62140117
62141411
62141658
62171821
62140419
62141545
62141622
62139563
62139951
62141585
62141597
62140482
62141872
62172182
62140935
62142074
62140567
62140239
62141863
62140639
62140126
62141271
62172227
62141994
62142093
62142329
62172652
62140930
62142319
62172812
62141156
62141171
62141330
62142725
62141910
62142420
62142566
62142802
62173050
62141601
62142758
62173301
62141560
62143052
62142692
62143186
62142797
62142934
62140933
62142477
62142198
62142951
62143114
62141288
62141070
62141259
62141473
62141855
62142045
62142893
62142133
62143136
62142029
62143093
62143233
62143528
62141835
62142151
62143712
62174054
62142685
62141576
62142002
62143711
62143921
62143454
62143710
62143830
62174287
62142549
62144048
62174519
62142861
62143586
62143318
62174349
62143401
62144012
62174376
62144291
62144108
62142206
62144435
62144745
62142302
62143980
62142651
62142272
62144340
62143145
62144541
62142486
62143361
62144703
62144007
62175137
62142896
62174971
62175124
62144357
62144630
62143204
62143077
62143613
62145013
62175158
62143771
62144924
62142834
62144892
62144921
62175226
62144184
62144941
62144177
62144639
62144905
62145200
62175524
62143800
62143438
62144008
62145243
62142999
62144598
62144992
62144643
62145132
62145835
62145425
62143986
62144001
62175990
62144924
62145945
62146090
62145810
62146301
62146344
62144826
62176661
62145353
62146246
62144259
62144222
62146240
62144218
62146563
62146499
62146559
62144822
62146452
62146586
62144774
62145166
62145489
62146591
62148319
62145685
62146999
62145145
62144886
62145278
62146743
62144540
62146687
62146856
62177135
62146123
62146928
62144876
62146790
62146909
62146933
62177380
62145882
62147258
62146883
62147011
62144890
62146811
62146885
62145562
62145282
62145687
62147125
62177542
62146071
62147457
62146692
62147330
62146571
62145594
62145948
62147365
62177799
62147473
62147379
62146689
62145849
62147562
62147230
62146422
62147705
62146999
62147324
62147521
62147692
62178030
62146748
62147905
62147502
62146708
62148025
62147384
62148144
62178550
62147011
62148223
62178395
62147503
62147473
62147833
62147059
62148287
62147602
62148026
62148463
62148761
62146744
62147163
62148751
62146891
62147228
62148060
62179054
62148185
62146835
62147501
62148695
62146786
62148834
62149093
62148662
62179175
62147804
62146449
62146793
62147349
62148769
62179062
62147657
62148855
62179003
62148166
62148957
62146864
62149164
62179354
62147334
62147822
62149191
62179632
62148430
62148436
62147040
62148045
62149324
62147405
62149029
62148566
62179444
62148168
62148200
62149305
62149484
62179684
62148166
62149435
62148073
62149501
62149912
62180027
62149900
62149550
62149786
62180065
62148592
62149820
62147669
62149850
62148484
62180192
62149922
62149906
62148677
62148311
62148658
62150061
62147883
62149729
62150494
62150180
62180370
62150001
62148477
62180373
62149374
62150084
62149398
62150230
62150222
62148762
62148489
62150137
62148436
62148633
62149093
62150565
62149434
62150875
62148700
62150662
62150736
62150743
62181230
62149545
62150887
62181131
62150198
62150914
62148787
62150859
62150785
62149989
62181016
62181153
62150556
62150812
62150997
62181380
62150257
62150974
62148983
62151192
62151042
62150401
62149262
62150883
62151146
62181414
62150597
62151351
62149173
62151528
62151331
62150390
62150848
62151295
62151538
62181777
62150245
62151370
62150444
62151653
62151922
62150223
62150492
62151540
62150244
62150053
62150702
62151916
62151224
62151641
62151999
62150339
62152409
62151988
62150021
62150243
62150614
62152144
62150207
62151828
62152063
62152248
62152271
62152647
62150496
62152245
62152402
62152462
62152671
62182955
62151948
62152904
62151311
62151168
62151694
62152946
62152434
62152490
62151589
62152948
62183213
62151811
62152271
62152115
62152267
62152313
62153049
62183285
62152103
62151783
62152599
62183866
62152173
62153460
62183898
62152168
62153626
62183722
62152974
62153756
62183890
62152729
62153972
62184405
62152688
62154173
62184463
62152857
62154062
62154086
62154118
62151998
62153129
62154293
62154369
62152656
62153391
62154308
62184834
62153371
62154356
62153643
62153995
62154442
62154638
62185078
62184939
62153318
62153306
62154518
62153363
62152877
62153395
62154767
62152572
62153730
62154829
62153250
62153532
62154805
62152985
62154654
62154766
62155074
62185408
62154275
62155163
62155048
62155158
62154325
62185582
62154048
62155222
62153135
62155063
62155175
62155384
62185735
62153230
62153235
62153657
62154025
62155586
62185745
62155574
62155358
62155673
62157575
62154829
62155547
62155773
62153632
62155436
62154319
62155712
62154349
62186173
62155982
62155899
62155982
62153981
62155648
62155979
62154591
62154404
62156025
62154983
62156098
62186424
62155519
62155617
62154923
62156018
62156250
62186827
62186642
62155097
62156455
62156610
62154846
62155286
62156826
62187195
62155588
62156775
62158496
62157357
62156735
62156923
62156955
62154903
62156697
62156881
62157090
62187398
62156026
62157179
62187500
62155999
62157115
62157024
62157415
62155528
62156098
62157309
62156186
62155728
62156106
62157499
62156724
62155773
62156090
62157699
62155900
62156432
62157459
62157050
62188065
62156813
62157885
62157897
62188291
62156787
62158054
62188251
62157854
62157879
62158169
62158368
62156515
62188432
62156181
62156542
62157064
62158392
62156271
62158281
62158460
62158701
62158257
62158513
62157826
62157281
62158385
62158082
62189241
62157761
62158746
62156745
62158625
62159407
62159045
62189465
62189277
62158977
62156901
62158904
62159132
62159126
62189592
62158120
62159400
62189595
62158326
62159407
62157187
62158346
62159815
62159627
62190040
62158484
62159661
62190009
62158604
62159792
62157692
62158663
62159596
62159837
62190038
62158880
62159995
62190346
62159098
62160070
62159405
62159918
62160347
62190582
62160186
62160074
62160411
62160470
62159603
62160051
62160242
62160502
62191018
62159250
62160683
62190889
62159520
62160759
62158988
62159561
62160718
62158769
62161127
62161030
62159780
62160697
62161069
62159883
62159339
62161011
62161247
62191499
62191417
62161179
62191547
62160258
62161693
62160059
62191616
62160021
62161314
62160577
62159677
62161325
62159697
62159677
62160364
62161366
62160612
62192023
62160142
62161603
62191966
62160310
62161681
62161645
62161701
62160222
62161717
62160940
62160126
62160645
62162065
62192252
62192447
62161702
62160921
62192283
62192166
62162158
62162057
62162124
62160452
62162100
62162285
62192842
62160978
62162261
62162460
62161391
62161205
62162645
62160753
62162278
62161254
62162743
62193299
62161487
62162880
62193145
62162222
62162781
62163022
62193378
62161883
62163015
62160987
62161766
62163053
62163218
62161728
62161846
62161779
62162946
62163118
62193496
62161893
62163156
62162443
62162819
62163283
62163277
62163117
62162722
62163381
62163542
62193818
62162402
62163440
62163683
62194151
62162421
62163721
62163825
62193974
62163529
62162591
62163588
62163896
62161974
62162366
62163909
62194030
62163244
62163557
62194165
62164144
62163880
62164161
62162301
62162857
62164161
62162200
62162449
62163757
62162037
62162378
62162746
62164262
62162501
62162917
62164355
62194685
62163120
62164464
62162358
62163709
62164516
62163184
62164107
62164568
62164586
62162924
62164521
62164757
62195097
62163580
62164980
62163086
62163837
62164952
62162914
62163806
62165059
62165145
62163333
62163896
62165211
62163042
62165292
62165105
62165188
62195387
62195475
62164033
62165288
62163602
62195623
62165587
62195668
62164785
62164968
62163857
62163988
62165558
62165654
62196147
62164596
62165719
62196025
62165698
62164077
62165190
62165835
62165983
62196193
62166118
62166065
62164726
62164275
62164752
62166056
62166130
62196604
62164764
62166229
62164153
62166501
62166291
62164242
62165262
62166380
62165308
62164761
62164684
62166135
62197055
62165348
62166648
62164449
62164779
62165349
62166691
62164410
62164756
62166746
62165400
62197063
62166130
62166973
62165456
62166643
62197601
62165932
62166942
62165300
62165823
62165738
62167059
62197156
62167160
62167172
62165309
62166101
62167373
62166620
62167618
62167426
62167533
62166053
62167395
62197714
62166569
62167519
62167766
62197972
62166605
62167759
62166475
62166544
62167825
62198056
62166869
62167860
62167918
62198010
62168053
62168376
62168175
62198496
62168041
62167133
62166315
62167987
62168121
62198173
62167107
62167930
62168149
62198404
62166852
62168142
62166090
62167290
62168258
62198379
62166914
62168140
62168304
62168419
62167730
62166464
62166561
62168345
62169068
62168663
62168418
62168480
62167941
62166775
62167143
62168550
62168001
62166886
62168582
62168839
62168592
62169120
62168819
62199282
62167881
62169061
62168270
62167278
62168960
62169210
62167432
62169097
62169392
62177357
62170679
62170348
62171008
62170068
62171469
62171588
62171627
62171683
62171633
62201724
62170985
62171711
62171087
62171725
62171771
62171979
62202028
62171151
62172252
62171351
62170952
62172133
62171037
62170565
62171848
62171935
62172326
62172148
62171050
62172142
62171685
62171166
62172618
62202635
62172602
62172427
62172649
62172404
62171308
62172848
62203089
62171791
62172830
62171427
62171585
62172736
62172976
62171705
62173053
62172385
62172761
62173068
62172012
62173052
62173318
62173524
62203927
62172205
62203982
62173302
62172353
62173674
62171526
62173330
62174039
62172568
62204332
62172015
62172407
62172624
62204184
62172763
62173868
62171789
62174219
62173921
62174113
62204533
62172857
62174349
62204737
62172631
62174476
62204495
62173312
62174404
62172584
62174297
62174493
62173490
62173406
62173555
62174752
62174104
62173253
62173542
62175168
62205303
62173679
62175054
62176728
62174941
62174276
62173421
62173772
62175254
62205648
62174006
62175324
62174572
62174966
62175208
62175581
62173306
62175433
62174771
62173817
62175540
62175674
62205888
62174397
62175661
62205850
62175912
62176136
62175846
62175673
62175873
62206035
62175916
62175771
62176001
62206271
62174632
62175881
62206005
62174728
62176052
62173880
62176180
62175864
62175200
62174854
62176148
62174072
62175880
62175868
62176128
62174367
62206744
62175024
62176420
62176233
62176193
62176304
62174639
62176404
62176664
62207241
62175364
62176657
62206995
62176715
62176761
62207120
62175632
62175788
62176801
62176952
62207420
62175730
62176976
62207038
62176839
62175680
62176902
62174973
62176514
62177162
62175120
62175937
62176595
62176792
62175324
62177518
62177719
62177453
62175671
62177343
62177610
62175945
62177593
62176488
62175965
62176378
62177716
62175766
62177866
62177922
62177314
62177858
62178066
62178224
62176466
62208570
62178238
62208341
62178229
62176493
62177063
62178312
62208460
62177575
62178279
62178464
62176655
62177382
62178344
62208818
62177819
62178634
62176531
62178411
62178574
62178708
62208729
62177713
62178677
62177926
62176948
62177381
62178699
62178007
62178533
62178741
62178095
62178468
62179000
62179128
62209297
62178316
62179032
62176908
62179167
62179069
62179232
62177410
62177805
62178033
62209717
62178677
62179952
62178058
62179400
62179474
62179435
62178410
62178493
62210037
62179869
62179723
62178411
62178258
62178626
62179992
62180000
62210233
62179759
62179890
62178647
62210142
62210382
62180138
62180026
62179426
62180090
62180218
62210531
62179143
62180354
62179542
62180445
62178870
62178289
62180268
62180407
62180575
62211057
62179302
62180506
62178403
62180542
62180454
62179307
62179329
62180893
62180782
62180971
62178813
62181137
62180996
62181154
62211724
62179809
62181253
62211617
62180025
62181223
62211518
62180663
62179947
62179694
62181273
62181302
62211744
62180176
62181353
62211707
62180474
62181652
62179445
62181680
62181679
62180480
62179905
62181635
62181779
62181958
62212552
62180658
62182095
62212288
62182067
62182318
62180119
62182183
62182580
62182234
62212848
62181002
62182302
62212704
62181562
62180228
62212914
62181334
62182371
62180350
62181225
62182875
62181833
62182288
62182530
62181437
62180996
62182646
62181519
62181115
62181442
62182993
62213183
62181696
62182996
62181187
62181463
62182408
62182906
62183026
62213288
62181770
62183173
62213668
62181753
62183447
62213802
62182195
62182978
62183400
62183538
62181915
62183503
62213740
62182394
62183753
62213860
62182604
62181631
62181503
62213922
62182365
62183642
62182131
62183459
62183739
62184074
62184333
62184101
62184174
62182365
62184309
62184331
62182382
62183854
62184723
62184371
62184270
62184309
62183209
62214966
62183273
62184611
62214540
62183338
62184440
62183286
62184091
62184763
62214866
62183541
62184694
62182728
62184553
62185235
62184884
62183161
62184791
62184826
62215331
62183419
62184890
62183418
62184117
62183310
62183263
62184815
62185024
62215488
62183823
62185246
62215481
62184042
62184867
62184452
62215829
62185320
62184439
62215821
62215589
62185501
62185253
62184689
62185289
62185494
62185764
62216195
62184526
62185781
62216068
62185065
62183972
62183915
62184478
62185652
62185588
62184900
62185861
62185258
62186041
62186273
62184604
62185835
62186013
62184597
62184485
62186109
62205780
62205299
62205531
62205812
62236166
62205338
62205004
62204637
62205821
62203789
62206014
62206023
62206212
62236588
62204748
62206329
62236653
62205142
62206278
62236501
62205378
62206312
62206286
62206442
62206760
62206738
62205929
62237072
62206833
62206732
62206877
62206899
62237074
62205784
62207081
62206789
62206297
62207156
62205159
62206886
62207167
62237405
62206017
62207297
62237576
62206512
62206617
62205721
62206065
62207581
62237898
62206555
62207646
62205802
62207447
62207612
62207819
62238266
62238240
62207043
62238441
62206649
62207942
62238336
62207156
62208117
62209982
62206947
62208316
62207483
62208027
62208632
62208348
62238778
62206935
62208232
62209980
62208399
62238558
62207440
62208587
62208534
62239056
62207141
62208623
62238923
62208187
62208452
62208782
62208646
62208046
62208734
62208071
62208558
62208763
62209037
62207204
62208838
62207827
62207921
62209046
62239599
62207976
62209399
62239656
62208659
62209474
62208659
62207457
62209410
62240063
62208137
62209701
62239961
62208913
62209756
62207707
62208507
62209788
62209996
62240331
62207785
62207769
62209577
62209833
62210045
62240654
62208817
62210145
62240491
62208913
62210258
62208504
62210171
62209392
62240595
62208973
62210195
62208482
62210127
62210339
62240759
62209083
62210596
62210365
62210343
62210600
62240922
62209426
62211005
62210534
62210654
62241029
62209542
62210804
62241077
62210926
62209049
62209311
62211061
62211291
62241553
62209795
62211167
62241510
62209963
62211239
62211594
62211242
62209741
62209677
62209946
62211339
62241693
62210268
62211568
62241811
62210780
62211846
62241995
62210556
62211781
62242046
62210683
62211746
62210982
62209955
62210639
62211831
62211999
62211912
62211859
62212031
62242430
62210710
62211887
62211198
62210343
62210622
62212087
62212103
62212607
62212416
62242640
62210944
62212288
62210134
62211348
62212318
62212369
62211769
62212539
62212908
62212528
62211272
62212559
62210684
62212437
62212535
62212772
62243318
62211584
62213035
62212708
62212683
62212957
62243288
62211794
62213170
62243617
62211935
62213074
62212412
62211393
62211713
62243446
62212061
62213560
62213370
62243725
62212073
62213267
62243423
62212175
62213410
62212489
62212817
62213049
62212912
62211960
62213281
62211307
62213228
62213555
62213734
62212062
62212413
62213779
62244020
62212615
62213111
62213184
62212749
62213205
62213189
62213723
62212627
62214143
62244357
62212956
62213172
62213310
62214500
62214261
62214338
62212217
62213514
62213836
62213080
62212722
62212699
62244550
62214555
62214363
62214846
62214837
62244968
62213588
62214786
62245222
62213629
62213634
62213004
62213595
62214902
62245122
62213725
62214936
62245046
62213732
62215018
62245510
62213848
62213489
62215286
62214057
62215333
62213377
62214966
62214079
62215356
62245531
62214643
62245903
62215363
62214312
62215684
62215036
62215385
62215822
62215774
62214157
62214450
62216018
62246472
62214745
62216210
62215273
62214772
62216069
62213993
62216276
62216281
62214624
62216116
62246553
62215173
62216209
62215249
62215910
62215167
62216532
62246776
62215441
62216775
62246736
62215806
62216594
62214504
62216412
62216567
62216634
62214530
62215750
62217079
62216813
62247129
62215564
62216738
62247371
62215708
62217196
62216975
62215187
62215503
62217105
62247157
62216310
62217149
62215087
62216441
62216966
62217151
62247430
62216248
62216345
62216448
62216971
62217329
62216629
62215873
62215196
62247449
62247489
62247778
62217579
62217307
62216289
62215787
62216275
62217610
62215663
62216114
62216400
62216452
62217868
62247977
62216664
62218033
62248223
62216733
62217920
62215813
62216466
62217739
62217940
62218176
62218232
62215985
62218193
62218025
62218210
62216360
62218110
62218326
62216384
62218032
62217103
62217431
62218178
62218395
62216535
62217016
62218508
62248784
62217320
62218491
62217227
62217461
62218635
62248961
62218567
62218912
62217361
62218449
62218886
62218896
62218853
62218899
62218210
62219127
62219367
62219072
62217424
62219062
62217814
62218919
62219181
62219264
62217554
62219202
62218497
62219282
62217281
62219531
62219436
62219677
62250097
62218466
62219876
62217618
62219536
62220069
62219801
62250124
62218508
62219610
62250038
62220176
62219922
62250167
62218677
62219956
62250362
62218896
62220206
62250282
62219146
62218571
62219995
62218971
62220477
62219839
62250969
62219359
62220776
62251083
62219459
62220833
62219539
62219249
62220961
62220798
62220998
62251421
62219728
62221025
62251455
62220092
62221087
62218946
62220635
62219860
62221246
62219337
62220889
62221213
62220009
62219576
62219947
62220666
62221880
62219203
62251651
62220440
62221452
62220664
62221160
62221518
62221724
62251935
62220886
62252009
62220313
62251822
62221734
62221688
62220040
62252287
62220635
62252189
62220744
62221835
62220523
62221625
62222013
62220680
62220472
62222093
62222251
62252718
62221954
62252524
62222565
62222450
62220504
62222131
62222404
62222623
62253070
62221204
62222696
62222502
62222491
62222823
62253029
62221595
62222737
62253104
62221752
62222963
62253403
62222039
62223261
62221062
62221862
62223227
62223259
62253510
62253475
62222462
62223253
62221136
62223454
62223255
62223529
62253973
62223463
62223324
62221947
62253923
62253985
62222245
62223545
62253693
62222832
62223494
62221589
62222485
62223050
62222918
62223073
62223713
62223875
62222447
62222167
62222562
62224000
62254199
62222871
62224000
62224046
62254149
62223781
62223934
62224020
62254395
62222867
62224129
62254379
62224367
62224259
62225958
62256722
62225789
62225975
62228629
62226761
62227072
62257356
62225844
62227199
62227299
62257597
62226139
62227227
62257575
62226122
62226642
62257759
62257952
62226309
62227609
62225341
62227204
62226256
62227782
62257826
62227021
62258271
62258098
62226847
62228066
62226490
62227661
62226740
62228068
62258624
62228269
62228550
62226714
62228488
62228738
62228419
62228526
62228762
62259165
62227462
62229012
62259202
62227712
62229108
62259285
62227873
62228210
62227358
62227873
62229300
62259405
62229387
62229269
62228132
62229090
62228117
62229531
62229351
62229389
62228622
62229118
62228084
62228146
62229450
62227498
62229624
62229456
62229692
62260146
62229137
62260106
62229205
62228652
62229214
62228654
62229732
62230077
62228856
62229749
62230083
62230245
62228440
62228122
62228226
62228522
62230194
62230475
62228735
62229202
62230605
62260929
62229569
62230794
62260951
62230457
62230481
62230768
62261304
62229652
62231018
62228849
62231084
62229236
62261053
62229619
62229620
62231136
62261323
62229939
62231301
62261563
62230264
62231561
62230202
62231563
62231909
62231700
62262131
62230475
62231772
62261999
62230584
62231713
62230964
62230053
62230572
62231701
62230964
62231583
62262316
62231213
62231905
62262183
62230831
62232104
62231240
62230790
62232057
62232293
62230502
62232201
62231541
62262604
62231533
62232414
62231136
62230664
62231107
62232548
62230771
62231022
62232391
62231808
62232639
62232658
62232923
62263296
62231681
62232930
62263288
62263448
62263099
62232945
62263107
62232284
62233130
62231088
62233320
62233012
62233401
62263454
62232054
62233484
62232334
62233200
62233396
62263554
62232611
62233364
62232645
62231759
62232182
62233459
62233371
62233339
62233521
62263624
62232320
62232304
62232401
62233660
62263832
62232726
62232625
62232698
62232846
62234050
62233355
62233820
62234127
62233047
62234046
62234230
62234473
62234032
62234271
62234456
62234371
62234629
62232317
62233261
62234722
62233758
62233804
62234412
62234563
62264963
62233585
62234600
62264841
62233714
62235191
62234852
62265151
62234943
62234076
62265310
62233709
62235102
62265178
62233850
62235051
62265461
62234304
62235065
62235008
62234944
62234005
62235319
62233270
62235191
62235354
62234148
62234269
62234872
62233994
62233577
62234037
62234138
62234894
62233597
62234541
62235418
62234109
62233874
62233676
62233677
62234103
62234457
62234479
62235858
62235159
62235741
62235911
62236161
62234489
62266384
62236168
62234221
62235899
62236275
62236279
62266647
62235092
62236389
62266516
62266879
62235637
62266714
62235250
62236556
62235480
62236296
62236445
62235810
62236443
62236760
62235509
62236786
62236931
62234830
62236737
62237051
62237082
62267443
62235977
62237089
62236523
62236899
62235399
62267635
62237587
62237260
62237532
62235771
62236088
62237577
62235739
62267839
62237583
62237439
62236335
62236511
62237616
62268160
62237800
62238013
62236246
62236686
62238116
62268392
62237137
62237511
62237417
62237923
62238260
62236136
62238320
62238180
62238365
62236669
62238327
62238550
62269021
62237273
62238714
62269089
62237434
62238587
62237747
62237356
62238605
62268973
62237524
62238906
62238142
62238641
62238924
62239175
62237222
62269002
62269196
62238238
62238913
62236970
62237941
62238951
62239216
62239128
62237494
62237910
62238486
62237439
62239060
62239317
62269619
62238140
62238004
62239220
62239477
62269611
62239496
62238311
62237867
62239484
62238352
62237870
62239542
62239802
62270305
62238598
62239926
62239082
62239620
62239875
62270170
62238739
62239919
62270349
62238746
62240043
62270442
62239682
62238394
62239378
62240206
62240299
62240044
62238924
62238901
62240205
62240398
62270749
62239361
62240600
62270830
62239932
62271235
62239055
62239396
62240973
62238685
62239772
62240833
62271467
62239909
62240987
62271523
62240023
62241367
62271471
62240475
62241476
62240784
62241209
62241121
62241355
62241459
62271841
62239600
62271721
62240394
62241410
62240896
62239880
62241579
62241675
62240000
62240371
62241737
62271946
62241726
62241908
62240147
62240515
62242076
62272284
62240913
62242087
62240048
62242133
62242032
62241281
62242061
62241981
62239887
62241180
62240287
62240679
62242311
62272488
62241049
62242271
62240246
62241149
62242320
62242529
62272856
62241280
62242522
62240497
62242743
62242574
62241097
62242254
62240589
62272932
62242805
62242789
62242685
62272956
62241679
62242691
62240823
62242571
62273264
62242902
62242938
62273113
62242987
62242886
62241059
62242782
62242942
62243127
62273435
62243286
62241386
62242435
62241450
62241883
62243348
62273705
62242614
62243265
62241264
62243537
62243972
62243451
62243171
62243492
62274007
62273787
62243217
62242214
62243744
62274081
62242615
62243915
62274174
62242824
62244008
62242470
62242701
62244357
62244201
62274772
62243028
62244393
62274541
62244545
62244353
62244514
62274993
62244482
62244363
62243640
62244136
62244361
62244744
62242898
62244549
62244758
62275122
62242461
62244687
62244687
62244826
62275056
62244099
62244815
62243571
62243182
62243440
62244956
62244862
62244104
62244772
62244727
62244902
62275290
62243851
62245202
62242839
62245122
62245583
62245317
62245058
62245179
62244559
62245082
62245266
62243946
62245236
62243917
62245598
62275703
62244923
62245800
62244437
62245436
62245835
62244999
62245543
62246179
62245892
62244333
62244636
62246060
62276464
62244845
62246094
62276522
62245026
62245496
62246095
62244968
62246631
62276719
62245383
62246666
62277086
62245400
62246400
62246473
62246737
62277088
62245683
62246932
62276832
62244967
62245458
62246800
62277072
62245708
62247008
62244905
62246207
62247049
62245465
62246648
62246827
62277504
62245883
62247132
62245008
62245904
62247136
62247284
62245400
62247075
62247311
62277656
62246633
62247520
62247764
62277979
62246819
62247655
62246891
62247291
62247605
62278065
62246919
62247003
62245812
62245804
62247441
62247575
62247319
62247602
62246967
62248133
62246778
62247973
62246859
62278506
62246902
62248168
62246191
62247989
62248132
62246884
62248424
62246276
62246823
62248209
62247496
62248064
62248195
62247110
62278911
62247287
62248610
62248387
62247345
62248498
62246518
62247564
62248492
62247060
62246917
62248565
62248773
62279155
62248646
62248725
62279140
62247600
62248798
62279045
62248297
62248798
62246886
62248865
62248926
62279406
62249303
62249039
62249320
62279479
62248439
62249128
62248511
62248976
62249232
62247960
62249120
62248743
62248826
62280121
62248401
62249722
62280106
62249970
62249862
62248059
62249584
62248598
62249967
62280328
62248968
62249871
62249250
62249282
62280207
62249390
62250178
62249448
62248432
62280407
62280464
62250460
62250217
62249010
62250108
62250483
62250566
62280996
62250576
62249106
62248908
62280884
62249944
62248853
62249392
62250713
62280999
62249519
62250806
62281349
62249622
62249764
62251166
62251022
62249805
62250770
62249972
62249401
62251138
62251234
62249604
62251312
62251543
62281927
62250273
62251546
62249377
62250266
62251598
62251818
62282203
62250531
62251681
62249560
62251523
62251708
62282104
62250751
62251646
62250280
62282197
62250576
62251764
62251619
62251879
62251806
62250572
62252026
62251320
62250315
62250977
62252195
62250133
62251202
62252157
62252302
62251990
62250879
62252296
62251511
62251860
62250788
62252365
62282614
62251209
62252482
62282838
62251865
62282934
62250958
62251566
62252904
62283096
62251833
62253061
62283467
62252052
62253496
62251180
62253252
62253316
62253440
62283705
62252332
62253299
62251748
62251690
62253376
62252053
62251797
62283851
62283937
62284180
62252498
62253784
62251712
62252529
62253745
62254053
62284360
62284142
62251904
62284312
62253713
62252984
62254083
62254333
62284400
62253166
62254343
62254296
62253559
62252787
62252939
62254226
62253684
62252706
62254357
62254635
62284766
62253560
62254467
62252394
62254377
62254484
62254626
62284955
62253575
62254858
62252614
62254873
62254732
62254938
62254919
62254827
62254931
62254222
62254622
62253598
62255104
62254316
62253402
62255029
62254215
62254818
62285700
62285289
62285345
62285497
62254461
62253117
62255239
62255519
62253679
62253499
62253939
62285648
62253684
62254189
62255569
62255711
62256192
62255703
62255824
62285992
62255967
62256023
62253984
62256264
62256024
62256383
62286560
62255609
62256397
62254904
62254593
62256131
62256443
62254425
62254854
62255455
62256567
62254587
62256986
62256978
62256958
62287265
62256776
62257085
62255259
62256931
62255707
62287546
62255953
62257031
62255006
62257337
62257305
62255633
62255391
62257063
62257248
62287372
62257407
62257666
62257352
62287805
62256339
62256897
62257425
62255250
62257804
62257498
62257879
62288028
62256562
62256774
62256280
62288239
62256669
62257846
62257988
62257811
62255677
62288174
62256820
62257964
62256727
62288395
62256836
62258115
62256084
62258271
62257999
62288727
62257141
62258674
62258436
62288536
62257016
62256965
62258591
62288928
62257806
62257261
62288756
62257717
62258532
62257200
62288820
62257541
62258492
62258720
62257116
62257385
62258836
62257900
62258594
62258881
62289202
62257907
62259094
62259020
62289525
62257634
62259352
62256995
62259278
62259263
62259405
62289705
62258744
62259573
62259045
62259442
62259602
62259722
62290011
62290028
62258296
62290135
62257671
62290276
62258776
62259974
62259326
62258269
62259927
62260112
62290339
62290343
62260266
62259358
62259946
62259090
62260677
62290621
62259377
62260664
62258588
62259559
62260585
62258458
62260427
62260426
62260686
62290919
62260298
62259466
62260418
62260839
62291152
62259776
62260730
62259391
62261264
62260183
62260815
62260976
62291392
62260495
62261211
62259211
62260985
62261230
62260000
62291581
62261413
62261122
62261358
62291596
62260318
62261259
62262026
62263325
62293989
62263091
62263795
62263922
62261890
62294286
62262814
62264146
62264379
62264039
62263481
62264113
62264370
62294828
62263172
62264349
62294584
62264672
62264855
62264504
62295088
62263659
62262434
62294926
62263793
62264712
62263482
62295311
62263663
62264792
62266626
62264857
62265012
62264288
62264811
62265043
62265180
62295582
62264157
62265406
62263175
62265305
62265180
62265327
62263254
62263687
62264223
62264696
62264140
62263719
62264087
62265429
62295808
62265759
62265519
62265601
62295932
62265791
62265790
62264594
62265562
62264436
62296169
62296045
62264168
62296197
62296659
62264843
62266071
62265307
62263819
62266030
62265253
62266287
62265676
62266090
62266346
62265142
62264886
62265305
62266791
62296906
62297035
62265403
62266655
62264538
62264956
62265399
62266864
62297272
62265694
62266898
62268510
62266711
62266367
62266991
62267232
62297802
62266096
62267324
62266683
62265667
62267100
62266160
62267234
62267541
62267740
62265802
62267581
62267794
62267892
62298069
62267046
62267749
62266341
62266030
62266449
62267887
62298288
62267282
62267979
62266681
62268034
62268287
62268224
62266103
62267887
62268176
62268321
62298622
62267175
62268403
62266526
62267509
62268403
62266286
62268302
62267251
62268579
62298917
62267870
62268580
62266637
62267320
62268026
62268772
62299459
62267835
62268796
62268965
62267207
62267647
62269016
62299217
62268195
62268920
62269083
62299525
62267810
62269155
62299487
62269066
62269117
62269396
62299598
62268362
62269317
62267999
62300005
62268306
62269450
62269622
62299900
62269326
62269643
62269791
62300045
62268682
62269658
62269935
62300133
62268680
62269701
62267880
62300199
62300392
62269086
62270531
62270306
62300520
62269009
62270070
62268199
62270183
62270190
62300798
62300919
62269397
62270431
62269352
62268869
62269491
62270828
62270013
62269062
62269608
62269030
62269038
62301251
62270094
62270797
62269458
62301454
62269819
62270965
62270239
62271044
62271069
62301217
62271081
62270908
62271139
62301445
62270168
62270473
62269217
62270075
62271273
62271496
62301782
62270343
62271565
62270903
62269976
62270330
62271809
62302287
62271009
62271947
62302168
62270534
62271974
62271077
62302358
62302270
62272006
62271895
62272101
62302350
62271862
62272085
62272175
62270287
62271349
62272103
62271465
62270419
62271030
62272261
62271617
62272096
62273066
62271199
62271133
62271306
62272558
62302963
62272728
62271465
62272819
62272692
62272949
62303358
62303051
62273000
62273052
62303527
62271807
62272960
62271058
62271351
62273050
62273229
62271512
62273139
62273472
62303789
62272257
62273485
62271617
62273238
62273530
62272766
62303760
62273565
62273737
62271616
62273438
62272479
62273865
62271737
62271770
62304274
62272985
62273835
62273897
62274178
62272411
62272286
62304518
62273824
62272920
62274377
62274327
62272512
62274286
62272528
62272813
62273041
62273162
62304743
62272784
62273248
62274651
62304855
62273351
62274627
62304813
62273621
62274840
62273552
62273488
62274836
62274021
62273053
62273558
62274851
62274128
62273259
62273654
62275068
62273951
62275009
62275123
62305706
62274138
62275384
62275648
62305736
62274283
62275662
62305956
62274922
62305741
62305918
62274537
62275673
62305976
62274950
62275550
62275770
62275706
62274113
62274135
62274452
62275845
62306336
62275838
62276146
62276037
62274705
62274278
62274704
62276226
62306382
62274886
62275926
62275907
62276342
62276501
62276372
62306614
62275134
62276273
62276432
62306841
62275347
62275249
62275237
62275276
62276463
62274718
62276691
62276603
62274596
62275046
62275441
62276933
62275560
62276843
62276985
62307405
62275671
62277016
62307260
62276228
62276968
62275128
62277199
62275676
62275379
62276403
62277547
62277346
62307677
62276029
62277263
62275174
62277543
62277267
62277181
62277205
62277575
62277373
62277438
62307881
62276620
62277653
62276838
62275983
62276423
62277853
62277892
62277931
62277967
62308374
62276704
62277847
62277172
62277822
62278457
62278211
62276073
62278200
62276268
62276492
62277103
62278181
62277410
62278073
62278302
62278487
62276747
62278419
62278594
62278804
62278685
62278020
62277045
62278703
62277194
62277226
62277580
62279144
62309203
62308960
62278906
62278162
62276871
62278980
62279225
62278976
62309212
62278093
62279082
62309378
62278135
62279223
62277699
62278876
62278532
62278089
62279110
62279469
62309913
62277974
62279504
62309738
62278468
62280155
62278662
62278625
62279587
62279759
62310261
62278503
62279689
62277545
62277450
62279717
62279856
62277982
62279780
62280030
62310295
62278850
62280027
62310327
62279304
62310216
62278485
62280167
62280318
62310539
62279145
62280178
62279465
62278545
62278991
62280429
62279033
62280312
62280474
62278587
62279147
62280516
62278412
62279127
62280955
62279496
62279528
62280787
62279944
62279065
62279392
62280980
62311475
62279906
62280905
62281221
62279963
62279533
62281273
62281276
62280044
62281248
62280631
62280980
62281314
62281469
62311836
62280552
62279888
62279941
62280309
62281839
62279694
62281902
62281662
62281895
62312304
62280628
62282021
62283640
62281880
62281988
62282040
62281925
62281260
62281828
62281988
62282251
62312468
62280982
62282180
62312331
62282408
62282300
62280289
62282100
62282359
62282517
62312964
62281241
62282678
62312916
62281521
62282520
62281756
62283009
62281273
62282758
62313096
62282006
62282943
62282257
62281211
62282770
62282896
62283089
62282886
62281717
62282956
62281689
62313607
62282003
62283207
62282484
62281755
62283201
62283379
62281437
62283221
62281463
62313524
62282492
62283739
62283377
62313561
62282293
62283428
62281174
62283626
62283634
62313794
62283386
62283498
62283788
62314010
62282742
62283697
62283032
62282146
62283021
62281669
62283545
62282524
62283914
62314292
62282812
62283983
62314529
62282881
62283555
62314276
62283974
62283898
62283967
62314166
62284105
62284409
62282692
62282525
62282965
62284307
62314672
62283301
62283237
62284295
62284450
62314846
62283286
62284652
62282763
62284743
62282383
62282518
62284593
62282657
62283334
62284819
62282736
62283782
62284934
62285053
62315511
62283866
62284920
62284812
62285047
62285208
62283299
62285405
62285165
62285422
62315606
62284142
62285353
62315807
62285047
62284321
62285409
62284744
62316042
62284483
62285834
62315955
62285864
62285958
62284389
62284147
62285941
62284505
62316358
62284761
62285877
62316194
62284792
62286168
62316392
62284939
62286322
62316649
62286308
62338536
62338416
62308190
62308063
62308299
62338538
62307525
62308214
62306407
62308004
62308167
62307139
62307037
62308308
62308448
62306563
62308642
62308655
62308898
62307089
62308775
62308997
62308701
62307803
62309035
62308264
62307358
62307997
62309112
62308358
62307339
62309127
62307132
62307366
62309096
62308183
62339683
62308348
62309220
62308582
62307675
62309272
62309560
62340082
62308479
62309765
62308382
62308312
62309482
62309496
62309638
62307466
62309811
62309692
62309882
62340162
62308510
62309882
62340117
62309159
62309762
62307706
62309928
62309722
62309966
62308140
62308484
62309159
62309940
62340187
62308589
62310073
62309414
62310394
62310244
62308398
62309954
62310152
62309438
62310083
62310282
62340826
62309171
62310300
62309632
62309953
62309052
62310523
62308570
62340933
62310263
62310386
62309363
62310677
62310423
62310710
62340935
62309506
62310836
62308730
62310514
62310650
62310814
62309227
62309544
62309776
62310207
62310917
62311239
62309427
62309901
62311099
62341271
62310210
62311120
62341559
62311592
62310633
62309713
62310300
62311610
62310846
62309803
62310205
62311676
62309535
62311722
62311355
62342158
62310558
62311739
62310464
62311926
62342301
62311029
62312168
62309935
62309867
62312080
62312238
62311072
62310390
62310860
62312209
62310286
62312125
62312278
62312603
62312635
62312828
62311140
62312567
62311173
62310804
62311186
62312774
62342964
62311405
62311389
62310904
62311864
62342943
62312595
62312702
62312839
62343231
62311639
62313068
62343290
62311912
62312157
62311014
62313290
62313071
62313256
62343583
62312250
62313187
62312621
62311540
62313218
62313318
62312602
62311712
62313360
62313494
62344041
62312395
62312567
62312044
62312913
62313001
62312350
62313784
62311701
62313943
62313804
62312315
62312083
62312622
62312685
62312686
62312599
62313892
62311898
62313829
62313853
62314089
62312342
62312812
62314390
62312540
62313545
62312514
62312698
62314271
62314630
62344847
62312319
62313755
62344805
62314721
62315047
62314755
62345209
62313318
62314666
62312610
62314114
62314013
62314691
62345049
62313586
62314243
62313290
62313222
62313512
62315079
62345440
62315065
62314988
62345339
62313924
62315241
62317075
62315309
62315266
62314556
62314588
62314680
62314087
62313790
62314295
62315777
62345926
62314702
62315660
62315648
62315782
62314604
62346354
62314696
62316013
62313937
62314788
62316020
62316199
62315952
62314755
62316148
62315483
62315949
62316088
62316263
62314389
62314808
62316225
62318052
62316067
62316116
62314763
62315950
62316206
62316340
62346603
62315531
62316233
62318231
62316465
62316384
62314410
62316163
62314986
62316465
62314538
62316357
62316510
62316654
62316560
62316622
62315542
62347176
62315569
62316647
62314759
62316622
62316840
62317035
62347407
62314991
62315239
62315278
62347411
62316095
62317074
62317216
62347923
62316104
62317281
62347573
62316551
62317233
62316137
62316179
62317308
62316691
62317190
62317534
62317583
62348113
62316426
62317758
62348075
62317853
62317854
62348266
62316803
62318001
62317254
62316234
62316779
62318091
62348460
62316863
62317835
62348274
62348405
62317951
62317008
62318375
62348846
62317263
62318341
62317717
62318158
62318356
62318365
62317120
62317224
62317345
62317425
62318690
62316600
62317974
62318872
62319016
62350327
62351140
62351328
62319198
62351481
62319925
62321219
62351404
62319996
62321132
62320443
62319598
62320172
62321520
62320916
62321561
62321562
62319825
62320244
62321804
62352027
62321882
62321879
62320519
62321879
62321299
62322008
62352339
62320755
62322024
62321263
62320319
62321256
62320490
62352400
62320934
62322074
62321433
62320431
62320826
62322356
62321489
62322172
62322196
62322371
62352615
62321270
62322600
62321850
62321783
62321086
62353127
62321380
62322766
62320720
62322016
62322909
62321892
62322862
62323023
62353425
62323247
62321943
62323154
62323193
62353544
62322235
62322417
62353722
62323437
62323401
62323591
62353585
62323756
62323929
62323626
62353979
62323595
62321690
62323652
62322853
62323424
62322379
62323793
62321696
62322663
62323926
62324198
62354308
62322460
62354295
62322175
62322875
62324237
62354571
62323207
62324288
62323524
62324106
62324296
62324392
62354958
62323297
62323199
62324184
62323424
62324556
62322685
62322923
62323264
62324756
62322567
62324429
62324610
62324897
62323456
62324852
62324255
62324669
62325041
62325397
62325132
62325198
62355346
62355348
62324378
62323626
62323977
62325397
62355677
62325593
62325251
62325522
62323679
62325327
62324222
62325401
62325589
62325632
62325770
62325795
62324353
62324234
62324509
62325974
62356212
62325127
62325865
62324334
62325693
62325661
62325918
62356101
62326104
62326438
62326100
62356325
62324902
62325953
62356371
62326338
62324208
62324603
62325327
62326453
62356632
62326759
62326446
62326772
62356832
62325518
62326479
62325964
62325380
62326869
62324929
62326655
62327005
62326813
62326899
62324898
62326078
62325271
62326758
62327097
62357403
62325995
62326941
62326883
62357528
62325873
62326948
62325844
62326198
62326831
62326700
62326960
62325936
62327562
62357491
62327179
62327693
62327504
62327434
62327449
62327604
62357888
62327055
62327686
62325617
62326002
62326442
62327835
62327939
62327977
62326295
62358189
62327216
62327966
62328120
62328058
62326944
62326400
62327189
62328349
62326403
62328536
62328368
62328628
62359039
62327599
62328577
62326812
62328618
62328728
62327221
62327037
62328709
62328990
62359275
62359283
62328812
62329023
62329146
62359587
62327867
62329188
62359353
62329184
62329267
62329515
62329168
62329404
62359680
62328268
62329472
62327369
62329153
62329395
62329529
62327966
62328464
62329539
62327842
62329380
62328311
62329766
62360148
62328749
62329841
62328512
62328585
62329795
62329959
62327910
62329622
62328841
62328788
62329908
62330192
62329906
62330413
62330694
62330399
62360678
62329482
62330470
62329802
62330137
62329974
62329614
62360723
62329158
62330349
62329687
62328757
62330415
62330737
62360992
62330704
62330451
62330574
62330722
62360908
62330837
62330648
62330833
62361143
62330233
62330946
62332763
62329735
62331008
62330244
62330733
62329634
62331246
62361278
62331073
62331148
62331442
62361841
62329316
62331333
62361371
62330982
62329938
62331403
62329415
62331647
62331421
62331733
62330772
62330500
62331411
62330291
62329925
62330378
62331812
62329760
62331561
62331847
62331721
62331914
62331778
62330511
62330159
62330599
62332057
62331412
62330403
62330918
62332027
62362231
62332006
62332137
62362341
62331254
62331960
62332101
62332393
62362759
62331116
62332242
62330241
62331537
62330963
62362787
62331459
62332481
62331690
62330811
62331114
62332606
62330744
62330853
62332404
62332536
62332772
62362964
62331664
62332821
62331574
62331321
62331733
62333075
62332835
62332995
62331204
62331084
62363624
62332211
62333097
62331083
62332990
62333123
62333359
62363573
62332429
62363688
62333056
62332275
62333353
62332722
62333368
62333685
62333754
62363857
62333718
62334097
62363978
62333513
62332588
62333909
62364338
62334161
62333999
62334120
62334244
62332290
62334003
62334217
62331987
62333843
62332870
62334318
62332214
62334035
62333018
62334288
62334181
62333613
62334248
62334396
62364654
62334362
62334418
62334589
62365180
62333585
62334674
62332686
62334691
62334749
62333414
62333014
62334703
62334898
62365056
62334951
62334759
62335105
62365463
62335135
62334090
62333119
62333750
62335187
62333111
62333458
62335130
62335366
62365847
62334165
62333097
62365559
62334592
62335538
62334078
62365959
62334325
62335451
62334741
62365801
62334018
62335427
62334229
62335601
62335630
62365974
62334480
62336087
62335816
62365972
62334765
62335792
62336132
62335771
62333821
62335605
62334492
62336002
62334035
62334913
62334675
62336212
62334060
62336098
62366232
62335098
62336085
62336195
62366415
62335407
62336226
62335588
62336313
62366631
62335656
62336423
62335632
62334695
62335183
62336630
62334455
62336420
62336751
62335504
62336736
62336092
62335011
62336652
62336909
62367252
62335924
62336915
62337105
62335173
62367220
62337186
62336867
62337117
62335041
62337002
62337220
62337091
62367493
62335030
62367630
62336265
62337436
62335346
62337345
62337481
62337666
62367720
62336404
62337704
62337480
62337659
62367774
62336523
62337798
62336340
62336060
62336544
62337758
62337021
62336592
62368261
62336889
62338055
62338122
62368566
62336846
62338249
62368613
62368499
62336522
62336982
62338290
62336179
62338025
62337210
62337717
62337199
62368850
62337561
62338276
62338463
62338542
62338656
62369216
62337595
62338266
62338887
62369305
62337703
62338192
62337397
62338937
62338289
62337246
62337662
62339055
62369346
62338793
62337752
62338348
62339031
62339226
62369591
62338411
62339168
62337842
62337600
62338132
62339337
62337367
62338553
62337931
62338207
62338461
62339488
62339630
62338328
62370027
62339637
62338558
62339776
62339642
62339782
62339093
62339479
62338629
62339848
62339258
62339754
62339887
62340140
62370567
62370286
62339876
62338849
62340194
62370366
62340305
62340212
62340452
62370827
62339323
62339352
62340420
62340578
62371025
62339480
62340934
62340184
62340635
62339611
62341025
62371516
62371443
62341240
62341493
62341209
62371444
62339920
62340970
62341136
62371586
62340132
62340083
62339913
62341309
62339448
62339871
62340297
62341779
62371725
62341839
62342020
62341610
62340311
62341619
62341768
62371976
62340555
62341542
62341721
62372207
62340619
62341823
62340762
62342090
62342101
62372253
62342206
62342085
62342195
62342029
62340645
62372384
62341484
62342283
62342325
62372598
62341132
62342428
62341010
62340689
62341557
62342067
62341131
62342719
62372754
62342755
62342563
62342734
62372922
62342763
62341451
62341645
62342717
62342916
62373071
62343126
62342926
62341730
62373516
62341962
62342893
62342888
62343087
62342213
62373604
62341956
62343211
62341169
62341565
62341841
62342378
62343357
62341254
62342921
62342041
62343437
62341399
62341866
62342306
62342411
62343619
62343688
62373876
62343375
62342269
62343590
62342955
62341933
62342568
62343841
62374076
62341787
62342407
62342824
62343932
62342007
62343914
62344047
62344208
62344196
62343079
62374723
62343126
62344344
62342943
62342865
62343261
62344585
62342458
62344700
62343132
62344590
62344715
62375069
62345035
62345113
62343372
62344775
62344756
62374931
62343865
62343802
62345071
62342941
62344882
62344046
62345484
62345108
62345185
62375519
62345467
62345308
62345385
62344723
62343759
62344380
62345598
62344231
62344555
62345700
62345497
62375676
62345116
62344071
62345519
62344214
62376101
62344391
62345752
62345823
62345800
62345781
62376368
62344840
62345948
62344825
62376609
62344934
62346275
62376441
62344073
62344417
62345066
62346243
62345626
62344634
62345197
62346511
62345778
62344789
62345489
62345928
62346511
62347156
62346746
62344759
62345260
62346087
62346991
62347155
62345652
62377571
62346055
62347089
62347110
62347077
62345895
62345433
62345911
62347228
62346419
62377680
62346008
62347319
62377731
62346721
62346911
62346055
62347331
62345927
62345746
62346347
62347647
62346928
62345902
62346465
62346644
62347563
62347792
62347120
62378298
62346985
62347846
62348017
62346169
62346305
62345728
62346278
62346608
62348087
62378249
62347987
62348188
62348421
62378560
62347233
62348616
62348371
62346610
62378400
62346592
62346850
62348267
62347540
62378873
62347682
62348453
62348670
62346872
62378864
62348762
62347307
62348724
62378823
62348697
62348558
62348714
62378851
62346666
62379162
62347594
62348723
62347521
62347079
62347663
62348921
62347747
62347299
62347883
62349060
62348997
62349211
62379388
62348002
62349074
62349512
62347165
62349035
62349219
62349353
62349505
62379641
62349261
62349349
62349657
62379987
62348657
62349456
62349713
62380006
62347870
62348207
62348757
62350006
62349341
62350200
62380143
62350257
62349993
62348813
62380725
62349392
62350380
62350413
62380713
62349468
62349084
62350843
62350641
62348528
62348848
62349483
62350595
62349868
62350487
62350924
62351006
62350120
62350896
62348827
62349328
62349874
62350334
62351094
62381482
62349954
62351131
62351232
62349985
62351129
62351379
62381236
62351415
62351165
62351487
62381787
62350791
62351460
62381880
62350270
62351485
62351691
62381964
62351788
62352023
62351754
62382043
62350837
62351077
62350418
62349532
62351864
62351161
62382309
62351166
62351680
62351897
62382317
62350648
62351862
62351850
62351890
62352140
62350064
62351944
62352131
62352265
62382592
62351515
62382438
62351657
62352271
62353805
62354024
62352401
62354571
62354454
62354727
62385071
62355075
62354880
62355130
62385329
62385256
62354469
62353426
62354126
62355477
62353364
62355041
62354038
62355335
62354547
62355084
62355572
62385686
62354531
62355439
62354298
62385935
62355869
62355629
62355814
62386264
62354760
62354926
62354293
62386416
62354782
62386463
62354993
62356092
62386381
62356452
62355076
62355997
62356601
62356786
62356818
62387002
62356557
62356693
62356929
62387137
62355674
62356974
62354921
62355540
62387131
62355737
62356632
62355644
62356186
62356114
62355260
62355820
62357079
62355651
62387654
62356020
62354993
62387328
62357004
62357212
62357387
62387875
62356696
62357606
62356314
62356000
62357385
62357576
62355552
62388053
62356391
62357644
62356095
62356007
62356279
62357867
62387916
62357951
62357776
62356970
62356067
62356558
62357975
62355762
62357611
62357874
62358182
62388540
62388380
62358092
62358206
62388375
62358263
62358088
62358171
62388560
62357553
62358314
62356947
62388831
62358178
62358183
62358247
62356636
62358293
62357245
62358579
62357842
62356980
62357280
62358689
62356596
62358435
62358697
62357742
62358690
62358649
62357347
62389307
62357692
62358938
62357355
62357250
62357697
62358840
62358923
62357841
62359216
62359293
62389795
62359079
62358244
62359224
62357358
62389681
62358374
62359446
62359427
62357967
62389906
62358501
62359383
62359381
62357928
62358341
62359686
62358457
62359617
62358668
62359989
62357848
62359216
62360018
62360182
62359421
62390689
62359522
62360211
62360472
62358599
62359066
62360298
62360306
62390746
62360773
62360454
62360543
62360716
62360727
62359829
62391004
62360556
62359676
62361078
62360337
62360196
62360953
62361227
62391458
62360237
62361187
62361389
62391683
62360246
62359264
62391683
62361011
62361291
62361414
62391682
62361463
62361800
62361624
62391731
62361770
62361624
62359814
62359923
62360486
62361636
62361070
62360143
62360517
62361880
62359814
62361982
62361887
62361991
62392221
62360930
62361951
62362170
62392545
62361342
62392413
62361819
62362099
62362270
62392426
62361933
62361025
62361662
62362270
62360930
62362260
62361227
62362476
62392699
62362324
62392846
62362460
62361343
62362852
62361461
62393359
62362019
62362762
62360754
62360977
62363142
62363051
62393289
62361990
62363027
62361677
62393639
62362080
62363359
62362606
62363010
62363433
62363621
62361939
62362496
62363543
62361432
62363441
62362308
62363859
62394028
62362859
62361789
62363929
62361815
62362207
62362845
62363992
62362399
62362287
62362655
62364202
62394429
62363484
62364141
62364354
62364454
62394898
62363377
62364761
62364483
62364536
62363628
62362752
62363323
62364575
62394799
62363572
62364457
62364615
62395017
62363822
62364219
62363570
62364648
62363747
62365113
62395381
62365099
62365213
62363089
62363583
62363893
62365224
62363311
62365024
62364033
62365345
62363197
62363742
62364080
62365503
62364760
62365565
62365432
62365584
62395875
62364657
62365505
62364189
62396310
62365674
62365910
62396014
62365782
62365808
62365888
62364340
62395963
62365799
62395883
62365076
62365611
62365927
62396323
62364675
62364116
62366192
62364812
62364429
62364862
62396477
62365818
62364722
62366330
62365566
62366278
62365021
62366548
62366668
62396927
62365409
62366022
62364722
62366485
62366690
62366631
62365423
62366549
62366930
62397199
62365496
62365580
62366066
62365476
62366882
62397166
62367034
62366982
62366976
62397546
62365847
62367287
62365455
62366288
62367325
62397561
62366602
62367346
62365743
62367173
62366047
62367788
62398171
62366560
62367638
62365841
62367497
62367772
62398113
62367001
62367492
62368026
62398176
62367276
62367435
62367236
62367889
62366563
62367983
62367861
62368027
62398247
62366935
62367996
62398389
62368334
62368705
62368456
62398488
62367249
62368569
62367952
62366974
62367414
62368770
62366724
62368584
62368711
62368785
62399013
62367942
62368778
62368089
62368575
62367667
62369139
62367800
62368214
62368897
62368942
62399255
62368267
62368367
62399776
62369536
62369286
62369529
62399771
62368676
62369351
62368676
62369237
62369325
62369486
62367777
62368004
62369387
62399771
62368589
62370151
62369853
62400200
62368570
62369870
62400060
62369085
62367803
62400229
62369609
62370013
62369961
62370239
62368064
62370118
62370155
62370391
62400584
62369757
62370353
62368373
62370133
62370326
62370297
62368186
62370411
62369757
62369685
62400969
62369248
62370476
62368451
62370177
62370689
62370800
62368895
62401062
62369535
62370623
62368697
62371056
62371318
62370977
62401362
62370908
62370868
62369607
62369368
62371105
62371314
62401686
62371487
62371137
62371381
62401812
62370098
62371204
62371392
62369604
62369769
62370295
62371602
62369488
62371525
62372040
62370636
62370229
62401879
62401911
62371943
62371975
62371721
62371971
62402346
62371279
62372197
62372243
62371805
62402677
62371208
62372298
62370863
62402548
62371023
62372176
62371001
62402816
62402753
62371580
62402783
62371455
62372763
62372026
62370990
62371351
62372863
62370774
62371936
62372949
62372815
62373335
62372916
62371085
62372719
62371634
62373232
62370961
62373032
62373158
62373374
62403886
62372132
62373360
62373091
62372649
62373405
62373457
62403832
62372843
62372652
62372152
62371923
62372291
62372563
62372040
62372624
62373732
62372992
62404181
62371693
62372061
62372501
62373945
62372345
62374201
62374312
62372606
62372971
62374408
62373722
62404924
62373263
62374443
62373204
62374480
62374649
62374674
62404892
62373934
62374558
62373530
62374546
62373508
62374891
62374219
62374755
62375107
62374374
62373376
62373863
62375277
62373235
62374240
62375408
62375044
62374492
62375593
62375255
62374470
62373680
62374253
62375352
62373351
62375241
62405760
62375569
62375450
62374415
62374177
62375714
62405995
62375999
62375802
62375848
62406261
62375970
62375743
62374882
62374736
62375756
62375722
62374794
62376152
62375757
62374993
62376016
62376363
62406655
62375739
62376312
62376422
62407163
62375451
62376491
62376956
62375636
62375620
62407228
62376097
62376916
62376791
62377041
62377084
62377113
62377196
62377177
62407376
62407278
62377187
62377233
62407439
62375820
62375834
62377276
62376600
62375635
62376184
62375518
62407689
62377176
62377305
62377582
62407850
62377782
62377515
62377724
62407967
62377883
62378043
62408308
62376677
62377824
62378156
62408319
62377320
62377941
62378062
62378190
62376374
62408542
62377218
62378188
62408461
62377173
62378336
62376709
62408849
62377290
62378491
62377823
62376735
62377175
62378582
62378362
62378394
62378730
62408944
62377897
62378057
62377065
62378737
62379021
62409314
62378298
62378730
62377751
62379211
62377167
62378340
62379236
62379313
62409579
62378565
62378504
62379649
62409790
62378823
62379474
62378805
62409896
62378531
62379918
62379542
62409876
62379615
62379614
62379676
62377881
62379545
62379816
62377603
62380023
62379652
62379982
62410464
62378832
62379982
62379365
62378363
62378337
62379417
62410422
62410446
62380486
62380144
62380363
62378170
62380026
62380159
62380446
62380464
62380636
62380812
62378500
62379351
62380618
62380752
62410932
62380621
62380760
62381017
62411028
62379765
62380874
62379064
62379210
62379835
62380886
62381218
62411354
62381032
62379820
62381343
62411368
62381116
62381046
62378987
62380808
62380968
62381201
62380416
62379465
62380100
62381130
62380963
62380056
62380577
62379691
62379549
62380187
62381436
62379405
62381189
62381417
62380310
62380811
62381154
62381847
62412353
62412270
62381763
62380630
62380823
62381716
62382162
62381384
62412594
62381495
62382235
62382288
62412552
62382498
62382730
62381543
62412564
62382438
62382160
62382380
62412635
62381155
62382707
62382590
62380686
62381105
62382546
62380623
62382260
62382519
62382694
62413124
62381373
62382790
62380816
62382707
62382859
62380919
62382724
62382938
62383021
62413372
62382346
62383011
62382942
62383048
62382922
62383238
62413545
62382318
62383345
62381913
62413895
62382261
62383424
62381410
62383564
62383493
62383662
62413916
62382276
62383278
62382289
62383507
62381873
62414041
62382224
62383611
62382853
62383223
62383493
62383633
62381567
62383365
62383675
62383857
62414160
62382986
62384168
62381897
62382313
62382876
62384269
62414242
62383953
62382922
62384366
62382365
62382712
62383122
62383489
62414890
62383331
62384425
62383723
62382947
62383106
62384544
62414880
62383599
62384369
62414986
62384320
62383001
62383417
62385005
62415073
62383866
62385026
62385133
62415628
62383861
62384254
62383033
62415550
62384425
62385114
62385204
62415458
62385476
62383644
62384259
62384588
62384620
62415984
62384165
62385606
62415679
62385628
62385525
62385733
62415859
62384738
62385706
62384364
62385049
62385927
62386119
62416246
62386182
62386027
62386229
62384530
62384898
62385429
62384582
62385183
62386326
62385124
62416959
62385167
62386395
62385611
62384777
62384593
62385990
62416843
62385460
62386442
62385767
62384744
62385307
62386617
62384565
62386331
62386574
62386759
62385809
62386800
62386985
62417226
62385975
62386984
62385607
62385361
62385852
62387201
62387449
62385904
62387134
62387329
62387423
62386682
62417929
62386415
62387914
62387771
62385883
62387773
62388252
62389258
62389596
62419877
62388425
62389665
62389965
62420442
62388966
62390159
62390076
62389081
62390378
62389382
62390381
62390612
62388522
62390446
62389631
62390757
62390037
62390623
62390521
62390786
62421008
62389599
62390779
62389461
62389184
62389764
62391157
62390348
62390971
62389790
62390967
62389225
62389371
62389964
62391183
62393079
62391337
62391396
62391459
62390171
62390371
62391687
62391791
62390268
62390444
62391597
62391811
62391818
62422025
62391964
62391601
62390518
62391996
62390483
62391776
62391278
62390293
62390904
62392122
62391529
62390551
62391021
62392449
62392142
62390943
62392401
62422937
62391839
62392652
62392642
62423137
62391554
62392631
62391364
62391314
62392865
62423043
62392557
62392562
62392784
62423041
62391982
62392722
62392618
62393022
62392900
62391561
62391295
62391698
62393244
62392459
62391474
62392137
62393211
62391391
62393279
62393331
62391636
62423964
62392371
62393582
62391544
62393355
62392314
62393765
62393769
62393901
62392367
62392468
62393505
62393742
62424093
62393819
62392559
62393726
62392424
62424362
62393880
62394015
62393882
62424223
62392836
62394037
62394031
62424252
62392973
62393850
62392579
62394208
62392866
62393705
62392738
62392674
62393114
62394582
62424730
62394731
62394614
62394796
62424923
62394835
62395094
62424938
62394845
62393733
62393316
62394823
62394906
62394866
62395124
62393212
62393439
62394125
62393339
62425627
62395264
62395526
62395288
62425622
62394358
62395298
62394561
62395164
62395382
62395519
62395551
62395279
62395362
62395650
62426090
62395050
62395866
62395959
62426125
62396091
62395891
62396180
62394340
62395922
62394648
62426267
62395367
62396026
62396170
62426465
62395571
62396130
62395055
62395101
62396127
62396313
62426825
62395242
62396470
62395904
62394810
62395400
62396533
62394597
62395835
62396827
62394897
62396477
62396784
62397000
62427265
62395340
62427682
62396257
62397006
62395031
62395447
62395904
62395080
62427531
62396223
62397271
62397408
62427703
62396415
62397839
62397611
62427722
62397657
62427885
62397606
62396347
62428286
62396676
62398096
62396715
62396360
62396660
62397909
62399586
62397994
62398249
62396128
62397936
62396918
62398301
62397537
62428811
62397163
62398384
62397692
62396934
62398025
62398356
62428348
62397155
62398227
62398439
62428630
62398219
62398208
62428653
62396769
62397353
62398622
62397834
62398405
62398634
62398819
62429178
62399042
62398527
62429159
62399080
62397598
62399104
62429262
62399061
62399119
62399352
62429470
62399138
62399113
62399298
62429577
62398049
62399278
62397154
62429222
62398335
62429647
62397989
62399244
62399249
62429969
62398147
62399249
62398560
62399365
62399287
62399658
62397489
62422433
62422873
62424040
62423375
62422469
62423008
62424209
62423419
62422900
62423018
62424482
62423157
62424502
62423269
62454874
62423811
62424407
62424600
62422938
62423464
62424980
62423391
62455432
62424227
62424900
62425027
62455402
62425196
62423727
62425152
62427040
62424005
62423866
62425101
62424480
62425013
62424052
62424217
62425657
62427163
62425374
62425535
62424924
62423932
62424516
62425604
62425852
62425928
62423585
62426137
62424431
62426029
62423939
62426044
62426064
62426297
62424156
62426026
62424988
62426223
62425972
62424872
62424928
62426071
62425392
62424718
62425281
62426455
62425123
62456938
62425382
62426522
62425734
62424813
62425107
62426369
62424848
62457033
62425478
62426580
62425850
62426661
62425370
62426777
62426856
62457166
62426767
62427004
62427271
62457359
62427020
62425821
62427280
62426457
62426974
62427209
62427438
62426939
62426224
62427411
62425458
62425727
62427502
62427649
62457805
62426920
62458004
62457723
62427525
62427893
62427483
62427590
62457948
62427325
62426352
62427622
62425912
62426064
62426576
62425728
62427940
62427972
62458251
62428069
62427805
62428062
62425897
62426614
62427027
62426785
62428325
62428384
62458561
62428075
62426948
62428173
62427036
62426639
62428229
62428579
62427794
62426969
62427337
62428734
62458804
62428698
62428738
62428882
62426785
62428633
62427385
62428846
62428974
62459530
62427827
62428977
62428387
62427265
62427938
62428691
62427128
62459576
62428111
62429213
62429142
62429205
62429360
62459792
62428218
62428177
62429625
62459802
62429319
62429321
62429687
62460173
62428985
62429585
62429945
62460129
62430026
62428609
62429096
62427881
62460224
62428996
62430377
62430186
62460568
62429257
62430094
62430092
62460209
62430174
62429162
62430257
62430488
62460598
62429050
62429079
62430355
62428548
62430234
62430435
62428961
62460840
62429689
62461080
62429391
62430637
62430777
62460871
62430840
62429139
62430871
62429628
62461118
62430481
62429717
62431010
62429771
62461356
62429695
62430974
62429927
62430858
62430978
62461286
62430829
62429908
62431127
62429238
62461442
62429739
62431006
62431242
62430382
62429513
62429806
62431319
62461649
62431417
62431370
62429606
62461969
62430239
62431600
62430008
62430006
62430463
62431784
62429663
62431570
62431698
62431984
62430648
62430251
62430572
62431803
62431024
62462451
62430885
62432079
62430129
62462449
62431871
62430898
62432264
62430140
62432047
62432155
62432559
62462717
62432574
62432365
62432550
62462853
62432176
62431402
62432558
62430506
62431014
62431519
62431743
62431398
62432791
62431314
62431638
62432924
62431627
62432982
62433007
62463083
62432670
62431622
62432820
62430867
62431354
62431633
62432302
62432385
62463502
62431971
62433617
62433351
62433260
62431128
62432055
62432145
62433710
62431966
62464007
62433655
62432388
62433360
62433580
62432075
62432584
62433792
62433153
62464415
62432846
62433681
62432345
62431808
62464336
62432832
62433779
62434044
62464388
62432884
62433986
62432674
62464636
62434011
62434189
62433425
62432467
62433030
62434255
62434308
62434340
62434324
62434578
62434264
62433523
62464819
62464814
62434046
62433121
62434343
62432492
62464733
62433440
62434479
62434575
62464751
62433267
62434602
62434053
62465249
62433779
62434860
62435149
62465422
62433670
62433569
62432874
62465062
62434800
62433769
62435087
62433830
62433498
62433914
62435242
62434567
62465756
62465483
62435412
62434144
62465847
62434256
62435368
62434771
62433725
62434360
62435472
62435614
62434364
62435783
62434421
62435144
62435976
62466007
62434781
62435717
62435847
62466270
62435206
62466457
62435886
62434252
62435638
62434830
62434913
62435543
62435333
62434543
62435014
62436444
62436199
62466323
62435859
62434859
62436327
62434227
62466729
62435096
62436233
62436504
62435169
62466710
62435287
62436375
62435758
62434667
62435329
62436558
62435831
62435062
62436747
62436003
62435035
62435543
62436829
62435350
62435121
62435472
62437019
62436159
62436864
62436923
62435772
62467436
62435866
62437033
62435961
62435537
62436014
62437284
62436017
62437394
62437353
62437577
62467613
62437493
62437400
62437469
62467751
62437668
62435963
62436691
62437775
62436536
62436712
62436573
62437717
62437878
62437206
62468390
62437252
62437979
62438199
62436404
62437426
62438107
62436816
62436511
62436781
62437999
62436804
62437919
62438250
62438435
62438400
62437381
62438515
62438703
62468784
62438360
62438537
62438824
62468953
62437702
62469166
62468908
62468940
62438554
62437458
62438872
62469093
62439011
62437463
62469466
62438231
62469365
62439297
62439214
62437096
62437491
62437938
62439067
62439000
62469566
62438534
62437156
62437836
62469604
62439083
62439212
62439520
62469710
62438285
62439394
62438276
62439861
62439407
62437348
62438196
62438512
62439958
62439687
62470120
62439609
62438548
62439848
62439163
62438219
62438587
62470256
62439332
62470521
62439116
62438500
62439409
62470505
62440302
62440035
62440220
62470304
62439869
62438890
62440481
62442158
62440754
62440502
62438944
62470744
62440659
62440384
62439058
62438867
62439208
62440751
62439905
62439493
62440589
62440702
62438677
62440676
62440597
62440983
62471049
62440995
62440868
62441090
62440229
62439793
62440995
62441246
62471353
62439984
62440535
62441377
62441247
62441559
62439318
62439802
62440225
62441392
62439545
62441367
62440490
62441623
62440322
62440031
62440697
62441977
62440559
62440540
62442021
62440566
62442031
62472234
62441787
62440674
62442091
62440672
62442148
62441000
62442102
62442432
62441657
62442221
62441109
62441567
62441462
62441986
62441154
62440158
62440190
62440558
62441118
62442373
62442450
62472801
62442510
62441113
62442482
62442661
62442947
62441035
62442644
62440568
62442403
62441609
62442762
62442962
62473418
62441812
62473107
62473162
62440925
62440861
62442850
62441953
62443143
62441892
62473803
62442388
62442745
62473677
62443242
62443361
62443536
62473675
62443695
62443462
62443773
62474056
62443918
62443736
62443768
62443824
62474144
62443976
62443736
62443962
62474077
62443044
62444145
62444162
62443976
62442995
62444142
62444255
62443446
62444044
62442990
62444397
62442966
62474726
62443085
62444181
62444420
62474517
62444456
62444776
62444575
62475173
62443576
62474585
62475083
62443474
62444574
62444759
62474931
62443800
62444750
62444726
62444862
62475555
62475256
62445172
62445314
62443631
62444161
62445578
62445580
62476027
62444409
62445576
62444412
62444421
62446101
62445835
62475849
62445724
62445648
62445768
62476039
62445445
62444558
62444944
62444241
62445611
62444707
62445265
62444835
62476270
62445346
62445895
62446061
62476405
62445264
62446037
62444869
62476760
62445156
62446460
62446410
62476768
62445768
62446821
62446722
62476789
62446344
62445241
62444879
62476867
62446681
62446564
62446845
62476850
62444965
62445651
62446726
62445568
62478587
62478629
62448118
62478846
62448233
62447485
62448953
62449159
62479680
62448493
62449434
62447225
62479986
62448382
62449497
62448155
62447929
62448564
62449717
62449052
62449812
62448425
62449770
62448684
62480420
62448772
62449949
62449236
62448330
62448325
62480632
62480792
62449522
62450132
62448906
62480920
62449309
62450541
62448691
62449062
62480773
62450652
62449402
62450983
62450844
62481181
62450999
62450824
62450896
62481253
62481134
62481314
62451233
62481471
62451433
62451142
62451402
62449302
62451448
62451208
62451506
62449927
62451135
62450712
62450208
62451821
62451548
62481803
62451163
62450211
62451532
62449939
62451853
62449831
62450165
62450845
62450757
62450624
62451936
62451903
62451893
62450626
62450356
62452318
62451383
62450477
62451033
62452450
62450936
62482940
62451449
62452345
62452599
62451804
62451867
62452932
62452492
62451976
62452685
62450711
62482902
62451022
62451998
62451566
62452695
62452700
62483146
62483533
62453042
62452095
62453218
62453387
62453395
62452115
62452105
62483540
62452087
62452705
62483643
62483795
62451818
62483950
62483881
62451541
62483943
62453726
62453170
62483778
62484125
62452601
62453545
62453738
62484049
62452738
62453855
62454111
62452694
62452791
62454252
62452725
62453950
62452546
62484226
62454039
62452803
62454025
62452054
62484414
62452904
62454078
62454229
62453400
62484777
62453246
62454241
62452326
62454124
62453339
62454362
62454726
62484795
62454676
62454406
62454744
62453836
62454360
62454087
62454701
62484988
62453852
62454850
62454747
62484940
62454742
62454625
62455022
62453162
62454860
62454913
62485272
62452869
62453182
62453742
62454922
62454243
62485384
62453997
62455314
62485455
62455317
62455434
62455381
62485556
62455622
62455368
62455553
62453501
62455213
62454237
62486117
62453629
62454014
62454488
62455717
62454689
62486240
62454883
62455940
62454518
62456327
62454737
62455799
62456169
62486297
62454824
62456067
62456273
62486638
62456470
62456376
62454896
62486851
62455310
62456453
62456629
62487141
62455486
62455970
62455286
62454972
62456667
62456788
62454664
62455597
62455441
62456957
62456193
62487161
62455092
62487315
62487315
62456964
62456282
62455787
62487411
62456377
62457114
62457235
62487640
62456195
62457304
62455838
62456089
62457240
62457360
62487633
62456052
62455985
62457309
62456140
62487740
62456628
62457769
62487909
62487749
62457248
62456101
62457658
62487992
62456600
62457992
62456123
62487962
62457668
62457676
62457903
62488144
62456737
62457845
62456396
62488328
62456851
62456122
62456281
62488424
62457720
62457890
62458167
62456132
62457975
62458036
62458439
62488583
62457533
62458749
62458393
62456968
62488789
62457453
62458398
62457333
62458558
62456629
62489107
62458698
62458781
62457257
62489202
62457667
62458078
62457404
62457214
62457764
62459081
62458988
62459217
62489564
62459096
62457730
62459051
62457640
62489609
62458101
62459405
62459468
62489595
62459292
62458052
62459626
62458724
62457740
62458737
62459552
62459629
62489939
62458473
62458340
62459716
62459775
62461677
62459671
62459320
62459841
62460085
62490356
62460296
62460121
62460258
62490495
62460472
62459964
62458172
62490620
62459028
62460373
62458495
62458815
62459211
62459315
62460360
62460559
62459216
62460405
62461013
62460622
62458672
62458917
62459552
62460144
62459493
62491173
62459632
62459147
62460499
62459698
62461008
62460244
62491550
62460334
62461044
62461291
62491632
62461464
62459735
62460010
62491560
62461034
62460089
62461372
62461511
62491549
62461246
62459725
62460709
62492031
62460356
62461560
62460015
62492096
62460603
62461703
62462065
62492111
62460807
62461960
62492245
62461275
62462001
62460580
62492512
62461296
62461983
62462093
62460739
62460446
62462084
62462443
62461573
62462196
62461548
62460453
62460996
62462344
62461682
62460749
62462485
62461628
62460773
62461309
62462687
62462908
62492989
62461536
62462730
62462711
62460686
62461260
62462909
62461475
62461092
62493142
62461221
62461829
62463009
62462269
62493574
62461885
62461036
62493646
62461998
62463196
62493419
62462972
62462140
62463358
62462170
62493565
62462243
62463527
62461379
62463324
62463525
62463734
62461709
62463589
62462421
62463988
62463036
62462225
62462758
62461820
62494567
62462885
62464404
62464231
62494526
62464455
62463103
62463179
62464555
62464553
62464102
62463188
62464293
62463669
62462721
62463356
62464485
62463276
62494809
62463866
62464264
62464200
62464400
62463373
62464604
62464657
62494791
62464744
62464600
62464857
62495106
62495194
62464888
62464031
62495199
62463736
62464808
62464993
62495368
62465244
62465610
62465374
62464267
62463896
62465203
62463223
62464935
62465232
62465492
62495799
62464195
62464145
62464516
62496163
62465841
62465515
62465676
62495875
62465360
62465544
62465753
62496254
62465977
62465585
62465803
62465867
62464718
62465006
62465942
62466236
62463992
62465943
62466117
62466302
62465442
62464608
62466306
62466489
62464248
62466480
62466428
62466664
62496696
62466745
62466468
62466790
62466725
62465325
62466735
62496968
62466405
62465583
62466839
62465349
62497456
62467277
62467186
62467211
62467151
62467275
62465826
62465834
62467419
62497822
62466205
62467303
62466142
62466178
62467491
62467698
62497864
62466727
62467732
62466482
62466734
62467897
62468063
62498437
62468160
62466589
62468177
62467183
62498735
62467207
62467019
62467100
62468102
62468004
62467247
62468287
62466770
62468669
62467351
62498879
62468703
62468555
62468833
62466678
62468390
62467373
62468858
62467591
62468101
62467429
62468757
62468109
62499094
62467697
62468898
62467830
62467793
62468929
62467634
62499627
62468471
62469626
62469339
62499605
62499319
62467214
62468052
62469335
62469271
62469399
62499588
62469110
62468134
62469338
62467989
62469417
62468409
62469548
62469639
62499998
62469477
62468446
62469903
62467725
62468045
62469990
62468568
62469835
62468512
62500458
62468299
62469648
62468754
62470055
62468091
62468346
62470116
62470114
62469500
62500735
62469253
62470229
62470537
62468382
62470508
62470424
62470590
62500820
62469434
62470547
62470872
62468724
62469092
62469535
62470805
62470487
62470143
62471228
62471008
62501429
62471160
62469760
62471423
62501619
62471001
62470004
62470853
62501443
62469381
62469955
62471118
62470442
62469536
62470171
62471321
62470485
62469178
62471328
62471469
62501799
62470729
62471599
62470955
62471430
62470488
62471782
62470997
62472020
62471395
62472009
62471565
62472138
62470337
62502535
62471481
62471973
62472325
62472069
62502373
62471726
62470900
62472224
62470193
62502827
62471111
62472132
62472286
62470587
62502785
62472573
62471053
62472569
62502708
62472178
62471332
62472434
62471362
62502946
62472564
62472620
62472515
62472526
62503319
62470876
62503479
62471923
62472946
62470969
62472753
62471801
62473122
62471179
62472199
62471538
62473458
62473095
62473294
62471245
62473045
62472165
62473377
62472288
62472704
62472523
62473550
62472172
62472012
62472291
62473780
62473719
62473861
62472381
62473820
62472675
62473847
62474018
62504441
62473787
62472828
62474238
62472162
62473997
62474130
62474342
62473116
62473155
62474241
62474450
62473296
62504823
62474316
62473477
62473872
62473301
62505156
62474648
62474680
62504819
62474476
62473285
62474657
62473476
62505203
62473807
62474891
62473047
62472779
62473771
62474969
62475206
62505382
62475378
62473951
62475152
62475403
62505631
62474343
62475219
62475323
62505682
62474760
62475392
62475604
62474768
62506094
62506132
62475985
62475643
62475790
62475076
62476038
62474587
62474745
62474822
62475972
62475307
62506793
62475139
62476066
62474866
62506675
62506603
62474791
62506613
62475246
62476423
62476588
62506716
62476610
62476384
62476593
62478444
62476665
62476785
62476065
62475237
62475794
62476869
62475546
62507295
62477128
62475721
62475243
62507466
62476501
62477190
62477342
62507572
62477142
62476046
62477439
62476736
62507901
62476489
62477410
62476604
62507778
62476797
62477637
62477717
62508048
62477701
62476239
62477800
62476901
62477694
62477879
62477094
62476126
62476785
62477391
62477988
62477913
62475861
62477706
62476757
62478099
62477322
62478426
62476906
62478364
62477627
62476594
62477031
62478547
62476471
62509056
62477993
62478560
62478847
62476799
62477146
62477781
62477077
62478792
62476930
62477104
62477828
62478954
62478388
62509449
62479241
62478190
62479423
62478298
62478177
62479453
62478747
62509683
62479276
62477827
62479700
62479092
62478008
62478533
62479714
62479155
62510337
62478946
62479374
62480110
62510609
62479983
62479844
62477966
62510381
62478835
62480012
62477957
62510653
62480341
62480439
62479056
62510719
62510805
62479435
62480183
62480461
62479070
62511031
62479463
62481031
62480809
62478599
62478501
62480662
62480759
62511012
62480449
62479566
62480784
62479712
62479768
62479574
62480991
62479017
62479248
62479736
62481012
62479512
62511302
62481190
62481305
62479245
62480957
62480070
62481483
62479373
62511976
62480335
62481169
62481616
62480493
62480320
62481582
62480968
62479997
62480519
62481822
62481875
62512136
62480801
62480597
62512165
62481942
62481811
62482085
62512385
62480976
62481888
62480924
62482481
62482229
62483433
62483952
62482842
62514420
62484374
62482977
62484452
62482441
62482587
62484110
62484460
62484602
62484856
62484775
62515266
62483765
62484837
62485087
62483130
62483440
62484024
62485228
62483958
62515688
62485357
62484015
62485333
62485605
62515848
62515737
62485636
62483433
62483931
62484224
62485746
62484913
62516195
62484619
62486249
62485831
62516208
62485176
62516368
62516165
62485737
62484902
62485967
62486552
62486503
62486549
62486163
62484734
62484555
62486232
62486494
62484311
62485699
62484340
62486066
62485138
62486486
62485298
62516890
62485502
62485701
62485625
62486941
62485380
62486752
62486856
62517004
62486615
62485857
62487031
62486145
62485667
62486327
62487134
62487247
62486411
62485655
62486088
62487556
62485357
62487568
62487516
62487729
62485403
62486957
62486022
62487559
62485455
62487492
62487631
62487884
62517985
62487975
62486163
62486093
62487493
62487176
62487742
62487156
62518505
62486974
62488113
62486637
62486474
62488196
62488228
62486816
62518609
62488377
62486929
62488390
62518765
62486750
62518893
62486403
62488462
62487088
62519115
62487508
62488470
62487805
62487001
62487585
62488687
62487292
62488715
62487467
62488884
62486968
62487217
62487804
62488957
62489178
62519445
62487891
62487234
62487317
62519753
62488084
62489213
62487387
62519817
62488731
62489837
62489620
62487701
62489457
62488158
62520109
62488958
62490141
62489799
62488734
62489614
62489799
62519943
62488447
62488513
62489879
62489104
62488352
62488861
62490116
62489451
62489848
62490148
62488471
62520624
62489092
62490272
62488710
62488149
62520565
62488617
62520781
62490515
62488421
62488857
62489441
62490632
62489447
62521126
62489999
62491187
62489454
62489171
62489731
62490912
62489459
62490662
62490694
62490807
62490015
62489109
62489693
62490798
62489496
62521434
62491137
62491001
62490288
62489272
62489835
62521544
62491133
62490893
62491306
62521536
62490827
62490549
62491408
62491289
62489165
62489741
62490247
62491424
62489423
62491228
62491412
62491696
62491550
62490679
62491690
62491824
62490037
62491525
62490600
62492044
62522260
62492200
62522443
62489982
62522264
62522333
62491840
62490723
62492158
62490177
62522774
62491105
62492232
62492451
62490279
62492286
62492396
62491731
62490685
62491310
62492565
62491185
62523086
62491462
62492615
62491478
62523064
62492735
62492832
62491975
62491031
62491536
62492792
62491903
62491204
62491716
62492934
62491632
62523456
62492080
62523292
62523388
62492845
62491989
62493255
62491830
62523587
62493384
62493240
62493497
62493362
62493394
62493579
62491554
62492028
62492636
62493748
62492176
62524185
62492682
62493819
62523973
62492240
62493948
62493980
62492850
62494003
62492088
62524423
62494297
62494463
62493824
62493754
62493131
62493066
62494271
62494149
62524500
62492437
62493072
62494109
62492838
62524824
62493719
62494758
62524746
62524898
62493250
62494382
62494743
62524830
62494601
62493440
62494699
62493226
62494657
62494581
62494817
62492857
62525364
62494095
62494870
62493510
62525380
62494233
62493636
62525172
62494695
62493640
62495156
62493217
62525507
62493953
62495208
62495306
62493940
62495728
62495412
62525533
62495657
62494113
62495318
62495655
62495646
62526114
62494466
62494977
62495969
62495491
62494659
62496001
62494490
62526298
62495706
62494754
62495965
62494626
62496098
62495409
62496220
62526399
62496410
62496170
62496403
62526587
62495123
62496416
62494693
62496542
62494418
62496434
62495462
62495925
62495289
62527086
62495652
62496815
62496813
62496626
62496139
62496899
62496189
62527443
62495980
62496970
62497206
62527465
62496125
62496109
62527702
62497175
62496075
62497544
62497542
62497707
62527928
62496967
62497599
62497784
62497532
62496426
62497494
62497481
62497643
62497706
62528104
62496666
62497905
62496387
62496851
62497944
62498115
62528466
62498191
62498047
62498171
62528421
62497950
62497142
62498244
62498212
62497012
62498169
62498464
62497686
62528810
62497100
62498316
62498501
62528713
62497245
62498507
62498611
62528789
62498691
62498414
62497172
62496896
62497408
62498684
62498504
62499011
62498757
62498952
62496876
62497138
62497722
62498926
62497450
62497403
62499024
62499062
62497174
62498934
62499279
62497948
62529702
62498778
62498729
62499595
62499651
62497677
62499886
62498438
62499700
62497655
62530256
62498785
62499753
62500072
62530256
62500057
62500083
62500115
62530075
62499980
62499853
62500215
62499779
62498919
62499932
62500241
62530550
62499460
62500538
62500404
62530508
62500043
62499135
62500387
62498959
62500513
62500534
62498801
62499914
62500662
62500820
62498815
62498954
62499617
62500770
62499403
62499219
62499879
62499588
62500783
62499358
62531197
62500971
62500731
62500916
62498901
62500179
62501077
62501243
62499283
62501043
62500170
62501446
62501312
62501493
62499465
62501300
62500735
62501632
62531801
62532004
62531750
62531951
62532015
62532098
62531878
62500676
62501677
62501985
62500640
62500833
62502335
62500835
62532530
62501339
62502036
62502170
62501457
62500424
62501073
62502212
62501522
62502067
62501273
62502310
62502540
62532751
62501681
62503051
62502689
62532855
62502396
62501485
62502813
62501556
62533272
62501695
62502904
62502033
62501202
62501748
62502282
62503213
62501313
62502881
62503169
62501028
62502777
62501688
62503095
62502396
62501390
62502804
62501992
62502537
62501544
62533806
62502278
62502818
62503620
62533566
62503191
62502341
62503580
62501806
62533926
62533967
62503359
62502588
62503882
62501984
62534079
62502682
62503770
62502966
62502867
62502694
62502486
62503906
62503244
62534505
62503126
62503987
62503991
62504428
62504196
62503776
62502881
62534800
62503079
62504290
62503604
62502547
62503083
62504222
62534491
62502723
62503627
62504388
62503069
62534860
62503926
62504748
62504603
62534834
62503409
62504785
62504841
62502867
62535429
62503938
62503737
62503841
62505155
62503795
62535560
62505452
62503494
62503303
62503507
62504517
62505155
62505351
62535675
62504402
62505287
62505571
62503382
62505121
62505500
62505583
62505831
62536018
62505936
62505727
62504424
62536294
62504937
62505967
62505240
62504554
62505895
62504467
62536459
62505189
62506051
62504763
62536812
62505671
62506230
62504849
62506206
62506279
62506347
62536458
62506500
62504987
62506380
62504536
62536951
62505716
62506631
62536852
62504487
62536710
62506382
62505419
62506679
62506683
62537165
62506001
62537232
62506787
62506683
62507002
62537059
62505961
62506846
62507082
62504845
62506636
62505677
62507124
62505964
62506116
62507003
62507304
62505409
62507080
62506450
62506885
62507850
62538021
62506793
62507375
62507896
62507907
62506675
62507172
62506420
62538252
62507191
62507980
62508275
62538526
62506547
62507243
62538468
62507075
62508263
62506875
62538727
62508175
62508374
62508699
62508342
62508115
62508324
62506299
62508514
62507189
62508483
62508662
62538797
62508564
62508495
62538955
62538886
62508528
62507525
62509013
62507476
62509266
62508917
62539055
62508615
62508190
62509039
62506870
62508780
62507777
62509074
62509202
62539617
62507902
62508405
62508437
62508197
62509101
62509351
62539761
62509640
62508096
62509564
62508800
62508086
62509369
62509627
62539838
62508399
62509522
62509560
62509037
62508314
62509844
62507942
62508068
62509617
62510006
62507756
62509657
62508464
62510056
62508447
62540495
62509376
62510222
62510113
62509936
62510559
62510295
62510432
62540777
62510240
62510325
62508515
62540778
62509385
62510573
62510679
62541175
62541066
62510518
62509624
62510641
62509545
62541314
62511085
62509456
62510862
62541031
62509110
62509461
62510891
62510106
62541229
62510306
62510992
62511205
62509050
62509411
62509916
62511195
62510850
62511026
62510060
62511179
62509404
62541778
62510307
62511320
62510628
62541909
62510275
62511414
62510869
62509898
62510287
62511146
62542151
62511839
62511548
62511763
62541956
62511850
62511743
62511942
62542090
62511128
62511936
62511882
62511248
62510228
62511849
62512010
62542375
62510895
62511967
62512162
62510840
62511009
62511124
62511125
62512701
62512457
62510367
62510752
62511374
62512601
62512281
62542835
62542886
62511284
62512561
62512695
62542918
62512529
62511382
62512847
62512687
62543230
62511448
62512032
62513665
62513320
62543471
62513219
62512102
62513403
62512010
62511779
62543648
62513603
62513315
62513572
62512766
62544022
62513024
62513591
62543804
62512765
62544005
62543683
62513696
62513584
62513592
62543912
62513628
62512532
62513713
62513882
62544175
62513792
62514198
62514092
62512732
62544297
62512622
62512801
62512747
62513278
62512630
62514047
62512046
62513014
62514447
62512975
62514368
62513590
62512612
62513223
62514400
62513639
62514810
62513279
62514583
62514700
62512600
62545063
62513480
62514633
62513896
62512976
62514873
62514857
62512832
62513203
62513832
62515040
62515089
62545313
62513898
62514970
62545313
62513442
62514077
62515206
62513781
62545593
62514181
62515202
62515345
62513197
62515382
62515537
62513478
62513876
62514409
62514906
62515071
62515667
62545791
62515850
62513863
62515744
62513835
62546070
62514695
62514754
62514159
62514678
62515882
62514457
62514819
62515670
62514937
62516012
62515275
62514420
62515261
62516208
62516466
62546559
62516235
62515304
62516567
62516602
62515153
62546824
62516745
62515194
62516492
62514593
62516575
62516636
62516701
62547272
62514801
62516096
62516152
62516219
62515371
62515866
62517019
62515584
62515448
62515888
62516984
62517261
62547375
62516842
62515797
62517351
62516057
62547748
62516657
62515717
62547607
62517256
62516136
62517700
62515559
62515913
62516497
62517647
62517874
62548204
62516701
62518317
62518833
62520006
62518688
62519995
62518437
62550391
62520267
62518744
62520182
62518953
62519084
62520425
62520682
62518622
62518795
62519532
62520634
62520745
62551226
62520769
62521124
62521177
62551526
62519948
62520530
62521397
62551505
62520284
62551709
62521415
62521447
62551586
62521537
62521246
62521359
62519958
62551717
62521673
62519886
62521471
62520413
62552108
62520741
62521688
62521830
62552188
62521941
62521824
62522009
62520823
62521193
62552233
62522055
62522087
62521415
62520385
62552596
62522201
62522380
62552581
62552914
62521713
62522437
62522595
62552843
62521442
62522514
62522699
62553022
62522653
62522575
62522635
62552745
62522881
62522913
62553154
62522993
62521661
62522965
62523110
62522817
62522002
62523045
62521644
62553318
62522898
62521895
62523096
62521832
62522971
62522081
62523190
62523359
62522529
62553817
62522361
62523407
62523368
62525024
62523237
62523296
62523372
62553438
62523473
62521974
62523336
62522636
62553983
62523654
62523505
62521480
62523168
62523427
62523612
62553748
62523415
62522610
62522365
62553869
62521847
62522972
62554263
62522625
62523829
62523943
62554507
62523181
62524020
62522939
62524277
62522037
62554591
62523504
62524012
62524181
62554489
62524227
62522857
62524202
62554766
62522494
62523521
62524001
62523070
62523939
62523116
62522839
62523232
62524652
62554872
62524332
62523517
62524489
62523776
62555088
62523529
62524692
62523542
62523200
62523619
62524605
62524747
62523969
62525071
62523786
62525248
62525447
62525647
62555768
62525662
62525384
62525583
62524870
62555867
62556258
62525673
62525773
62525672
62525872
62524899
62556156
62524703
62526401
62526138
62524099
62526086
62526015
62525346
62556580
62525453
62526523
62526270
62524101
62525909
62524960
62526251
62525541
62556775
62525486
62526448
62526476
62556607
62526560
62526320
62553905
62552593
62553172
62554356
62554054
62584140
62552757
62553836
62554123
62584457
62553038
62554099
62554298
62584714
62554523
62554283
62554570
62584690
62553745
62554369
62554535
62584727
62554657
62553961
62554785
62554777
62552783
62553219
62553776
62554938
62555124
62585233
62552933
62556899
62554763
62553883
62555036
62555068
62585389
62555197
62555083
62555190
62585477
62554228
62555331
62555376
62554973
62554731
62555280
62555521
62585812
62554941
62555327
62555581
62553559
62555521
62554634
62553775
62586065
62555980
62554583
62555997
62555212
62554316
62554900
62555674
62556301
62586461
62556252
62556394
62555507
62586658
62555065
62556262
62556318
62586562
62556279
62556452
62556842
62586823
62556731
62555265
62556583
62556848
62555368
62555346
62556381
62556518
62586660
62556632
62556515
62556505
62556653
62556583
62586814
62556407
62587290
62554675
62587279
62556073
62556923
62557051
62587190
62557049
62556802
62557011
62554918
62555231
62555842
62556418
62557113
62587398
62556958
62557118
62557303
62587580
62556335
62556899
62556108
62556615
62556251
62556447
62556383
62557557
62556499
62588067
62556827
62557618
62557803
62588045
62557617
62556737
62558041
62558093
62558074
62555926
62556311
62556922
62558099
62556938
62556538
62558188
62558425
62588696
62557664
62558704
62558420
62588731
62558548
62557237
62558949
62558536
62588931
62558332
62557626
62558895
62557519
62589084
62558044
62558662
62558847
62558185
62558806
62557418
62558831
62558986
62556879
62589668
62558426
62558992
62559341
62557066
62558320
62557997
62559182
62558065
62589697
62558143
62559341
62559475
62558683
62557691
62558391
62559723
62590026
62589908
62558485
62559435
62559627
62589920
62559772
62559604
62559796
62590032
62559982
62559923
62560180
62557844
62558287
62558853
62559941
62560083
62559083
62559885
62560142
62590379
62558444
62559028
62560269
62560230
62558996
62590483
62560251
62559260
62560146
62590746
62559034
62560146
62560411
62590855
62590895
62559703
62559750
62560578
62558508
62591014
62559976
62561050
62560704
62558730
62559152
62559524
62591408
62560997
62560260
62559254
62559852
62560526
62561091
62591368
62560889
62560032
62591758
62591727
62559964
62561197
62561546
62559483
62559796
62560189
62561342
62559942
62561407
62561874
62561649
62561578
62561559
62561734
62561691
62561699
62561834
62561609
62561754
62561981
62591852
62561894
62561828
62561736
62592000
62592157
62561681
62592416
62562064
62592123
62561631
62560835
62561959
62560654
62592531
62561198
62562572
62562352
62562373
62561597
62562229
62561143
62592978
62561743
62562904
62562485
62561751
62560838
62562567
62562664
62593127
62561532
62563189
62562953
62592982
62562661
62561695
62563005
62561291
62563038
62563195
62562040
62563336
62563141
62563435
62593474
62563126
62562139
62563518
62561865
62593779
62562831
62563557
62594136
62563716
62563338
62562533
62563943
62563062
62594323
62562644
62563797
62562012
62563236
62562707
62563891
62563832
62564068
62561965
62562503
62563002
62563462
62562894
62562543
62564234
62564499
62562402
62562773
62563459
62564636
62563992
62562891
62563489
62564693
62562689
62563897
62564773
62562683
62564604
62563463
62564877
62562732
62563127
62563725
62564878
62563686
62563975
62563692
62565112
62564348
62595615
62564093
62564563
62565186
62595674
62565311
62565157
62565369
62564583
62564615
62564111
62565432
62563695
62595740
62565636
62565369
62565616
62567344
62565680
62565626
62565781
62596119
62564653
62565841
62564555
62565788
62565198
62565900
62565946
62566152
62566061
62596284
62565943
62564834
62566251
62565305
62596607
62564935
62564613
62566167
62565475
62565429
62566777
62596902
62566558
62566593
62566700
62596994
62566668
62566775
62596949
62565688
62566372
62566907
62567035
62597369
62565991
62567038
62567094
62566283
62565317
62566365
62567661
62567374
62597588
62567334
62567145
62567423
62565223
62567261
62567154
62567278
62566493
62565535
62566149
62567398
62566685
62565693
62566219
62565418
62597802
62565852
62566392
62567911
62566521
62567794
62566454
62598170
62566680
62567766
62598157
62567586
62566586
62568166
62567395
62598447
62567198
62568069
62568523
62566170
62566668
62567567
62568474
62598637
62567390
62567705
62568393
62598741
62568463
62568417
62567341
62599166
62568768
62568477
62568676
62566562
62568455
62567312
62568639
62567427
62599168
62568774
62568901
62566999
62599509
62568330
62568995
62569212
62599247
62568937
62567913
62599395
62599433
62569027
62568068
62569389
62567617
62567729
62568364
62569568
62569621
62568207
62569631
62569659
62569705
62568869
62567874
62568602
62569734
62567846
62569627
62569010
62569790
62600220
62600196
62569674
62568626
62570187
62570161
62600426
62569082
62570288
62570292
62600546
62570464
62570320
62570604
62600752
62570665
62600791
62569738
62570392
62570568
62570702
62569880
62569179
62569441
62570933
62569385
62572703
62570790
62570873
62570136
62570560
62569509
62571141
62569051
62570914
62569962
62571136
62569451
62570045
62571059
62571340
62601461
62571081
62569968
62571343
62570107
62601888
62571450
62571714
62570214
62571652
62569521
62570060
62570500
62570956
62571665
62573478
62571807
62570503
62572002
62571928
62602340
62570805
62571754
62571929
62602274
62572159
62572154
62572114
62571357
62602641
62571109
62572211
62570725
62602766
62571279
62572387
62570637
62602896
62572316
62571292
62572517
62571801
62571086
62571512
62572635
62571973
62571396
62571991
62571445
62572968
62572221
62571304
62572004
62572969
62571514
62603528
62571660
62573087
62573116
62571129
62571463
62572101
62573203
62573184
62603516
62572529
62573348
62573169
62572460
62573461
62571920
62603885
62573772
62573535
62573744
62571719
62572039
62572487
62573865
62572763
62574080
62572306
62574005
62574010
62604401
62574069
62573857
62574144
62604450
62573920
62573084
62574278
62574509
62573266
62574447
62574271
62574648
62604884
62574728
62573331
62574673
62572682
62605183
62573651
62574032
62604956
62574515
62573621
62574662
62574814
62574159
62573369
62573809
62575178
62574645
62575224
62573975
62575163
62575054
62605253
62574950
62575076
62573729
62573031
62574115
62575419
62575355
62575589
62575583
62574336
62605836
62574531
62575582
62575743
62574407
62574457
62574663
62574370
62575725
62574225
62606347
62575147
62575887
62574548
62575669
62574688
62575841
62575166
62575819
62574846
62576281
62575400
62606640
62575496
62576323
62574383
62574594
62606728
62575303
62576469
62576635
62606817
62575724
62576477
62606894
62606926
62607020
62575389
62576498
62575144
62607089
62576517
62575432
62576701
62576743
62574664
62576544
62575708
62576837
62577091
62574892
62575137
62575762
62576993
62576845
62607082
62576488
62574956
62607452
62577264
62575802
62577048
62577203
62575607
62575121
62607337
62607446
62607513
62575554
62577474
62576677
62607721
62575644
62576064
62577538
62576234
62577323
62577573
62576989
62575946
62576506
62577707
62576597
62577319
62576511
62577859
62576647
62608306
62576823
62578231
62576436
62608228
62577813
62577798
62577965
62576777
62608283
62576913
62576441
62578026
62576865
62608558
62578095
62578070
62578132
62576734
62608446
62578019
62576974
62578340
62577606
62576772
62578487
62578454
62578719
62608867
62576582
62578489
62577390
62578636
62578952
62609231
62579063
62579004
62577297
62609139
62577015
Peak: 62609965
Average: 61763942.137308456
