0
260049
495157
815423
1547274
2129016
2557427
3029204
3571094
3854776
4339980
5242850
5384339
5731253
6195550
6706796
7117854
7363155
7768136
8328607
8741280
9023536
9345031
9587537
9910989
10666775
11117803
11696470
12449189
12725134
13058179
13531659
14067695
14556613
15160565
15646884
15978144
16289243
16512572
16642006
16705425
17050621
17217988
17507031
17894875
18046345
18277221
19569147
19391413
19570039
19677909
19680301
19916723
20107573
20254062
20424153
20800444
21222786
21395503
21950403
22457171
23153333
23393514
23786514
24095490
24402003
24527359
24689437
24889724
25106639
25417162
25816174
26121160
26618790
26994551
27599737
28288130
29134314
29726041
29908185
29913361
29916737
29931400
29939849
29960641
30535433
31203602
31468824
31786631
31942620
32181868
32313061
32425471
32464370
32513404
32628764
32828006
33201875
33657821
33938600
33969452
34331688
34545204
34627601
34673523
34644674
34727175
35035420
35190784
35763271
35865332
36262588
36739207
36810454
37066417
37755248
37942093
38366116
38366136
38366009
38366003
38228851
38680130
38880544
39063426
39123101
43118642
43181502
43480102
43476770
44064677
44126046
44193036
44267225
44326743
44351281
44428574
44461156
44517332
44581999
44647722
44655708
44892155
45086025
45190035
45633294
45838768
46094250
46685248
46837584
46877264
47070730
47171988
47230773
47452563
47537324
47659223
47981156
48109291
48351656
48560314
48786805
49429787
49381983
49519523
49642552
49730165
49916136
50160605
50258634
50344626
50369266
50384650
50418882
50480085
50523431
50599253
50731025
50808622
50865418
51078258
51404978
51544156
51846656
52175034
52482486
52638530
52947093
53232187
53702436
54319112
54533341
54552032
54619140
54693896
54724825
54868474
55007171
55051247
55196234
55103931
55570072
55840256
56111519
56529493
56951391
56984492
56978105
57395714
57486721
57678893
57885055
58021313
58194175
58213988
58236415
58568921
58677873
58449540
58552283
58678271
58984969
59761165
59886109
59997885
60081533
60271589
60328620
60376013
61378216
60912660
60933176
60726002
60729722
60733081
60735845
60739434
60739426
60743851
60745683
60747404
60749531
60749660
60751764
60753612
60754375
60756722
60759457
60762164
60761064
60764396
60764858
60765719
60766809
60768464
60769032
60767846
60770270
60770259
60772161
60770923
60773645
60775802
60778194
60776948
60779174
60778872
60780921
60779543
60782799
60783158
60783924
60784315
60783715
60785506
60786112
60786892
60786293
60790375
60791331
60792037
60791431
60792808
60792169
60793915
60794478
60793861
60795971
60795733
60796588
60797032
60800000
60799220
60801679
60805139
60806425
60806463
60805805
60807779
60808338
60807357
60808533
60810952
60811541
60810327
60813643
60812708
60812693
60814635
60818439
60819187
60820885
60820014
60820091
60819885
60820143
60821779
60822201
60822764
60821775
60822866
60824199
60824566
60824599
60825613
60827570
60829062
60829285
60829848
60828231
60829860
60830791
60833693
60833898
60834718
60832752
60832082
60833715
60834256
60834816
60835225
60834547
60837636
60839487
60838592
60838774
60840411
60841074
60839640
60844272
60840749
60845419
60841903
60842640
60844070
60844629
60844597
60844426
60848734
60849002
60849663
60850223
60850633
60849849
60854385
60850389
60851121
60852165
60851964
60854169
60854338
60855093
60854121
60859377
60857649
60858454
60858952
60859416
60861352
60861738
60862146
60861030
60862938
60864001
60867579
60864351
60864822
60865065
60864350
60864961
60865312
60869738
60870211
60870837
60871207
60869548
60870183
60876902
60871793
60874030
60873363
60874695
60874684
60874970
60876515
60877025
60877514
60878873
60878967
60885815
60886322
60882591
60881194
60882728
60883092
60883785
60884136
60884511
60884832
60884061
60885793
60886095
60886907
60890018
60889020
60889384
60889786
60891331
60891918
60892309
60891598
60891929
60891641
60892722
60899658
60900299
60893689
60895836
60896284
60898439
60897565
60899064
60900788
60900901
60900404
60900794
60901107
60901427
60903211
60903614
60904075
60904750
60904332
60905353
60905738
60906256
60909456
60916088
60908267
60908898
60909180
60917529
60918273
60910955
60912756
60913480
60912745
60913017
60913224
60913544
60915352
60921991
60916062
60917778
60917765
60918399
60920242
60920870
60920524
60920349
60920765
60929069
60929461
60923511
60930362
60930519
60931119
60924952
60931927
60932375
60935565
60936090
60936531
60937174
60928884
60930625
60931120
60931652
60932235
60931489
60939972
60933034
60933501
60933869
60934237
60934953
60937937
60938356
60946072
60939209
60939707
60940017
60940484
60940900
60941214
60941725
60942028
60942393
60950456
60943126
60943641
60944677
60943382
60946675
60946467
60946736
60957272
60951352
60948572
60958849
60950720
60950072
60950437
60950853
60951269
60951712
60952005
60952328
60953973
60957072
60957952
60958096
60958512
60958726
60959442
60959677
60960015
60960626
60959518
60961108
60960091
60960765
60960821
60961501
60961686
60963868
60966866
60965485
60967427
60967819
60968270
60968635
60969253
60969720
60978967
60970374
60970759
60969863
60971502
60971775
60971754
60972751
60972357
60976274
60976664
60977196
60977917
60977875
60978342
60978711
60978964
60989013
60979917
60980398
60980763
60981235
60981609
60982146
60981329
60982240
60984851
60984969
60987113
60985740
60986924
60987395
60987652
60988231
60999860
60988294
60988659
60989017
60989433
60989825
60990255
60990680
60991045
61006688
61007072
60994970
60995386
60997176
60996252
60997375
61009890
60997558
61010303
61000170
61000747
60999223
61001408
61001840
61002226
61005268
61005749
61006114
61006574
61007111
61007469
61018717
61008126
61006852
61007333
61007461
61009607
61021433
61021842
61008943
61009352
61009847
61012961
61013226
61013721
61014158
61014560
61016247
61016228
61016202
61018555
61017459
61018893
61019293
61019672
61020037
61020660
61020365
61022560
61036601
61037021
61037377
61037959
61024721
61024317
61024990
61025831
61027546
61027924
61028302
61028673
61028508
61029121
61029435
61030425
61034083
61033894
61034826
61047886
61035836
61036293
61034950
61049591
61035261
61035626
61036039
61037223
61039078
61039371
61039889
61040203
61041583
61043791
61044040
61044579
61044872
61044125
61045507
61059242
61046563
61046979
61047460
61047906
61048196
61048588
61048980
61049396
61052452
61052970
61066918
61052838
61054096
61053288
61052672
61053526
61054309
61069877
61056328
61056699
61057166
61056977
61058379
61058309
61057343
61059240
61061174
61061330
61061289
61077553
61061748
61062215
61062529
61063740
61065523
61064665
61066280
61066484
61066965
61067804
61066361
61067034
61070052
61070578
61071426
61071805
61072221
61072623
61088206
61073141
61073114
61073363
61073728
61090660
61091044
61091622
61091832
61092261
61092778
61079278
61079100
61081482
61079850
61082486
61082128
61084234
61083385
61100398
61083302
61083804
61086092
61085291
61085793
61086260
61086676
61087474
61090138
61090503
61091086
61091465
61093234
61093028
61091963
61094242
61094338
61094011
61094175
61095456
61095581
61095348
61096636
61097140
61097452
61099480
61099494
61117847
61100128
61101895
61118851
61119188
61119675
61101889
61103021
61102467
61105211
61105613
61105872
61106316
61104452
61106347
61110136
61108827
61110829
61110260
61111770
61110949
61111505
61113270
61113115
61112153
61131312
61116374
61113792
61132198
61114426
61116195
61114921
61119578
61120045
61120247
61119715
61121453
61138559
61120614
61139392
61121528
61122890
61141261
61141349
61141635
61122819
61123075
61123540
61124241
61127845
61129489
61129658
61148091
61130877
61131029
61130132
61130815
61131286
61131750
61133135
61132056
61132421
61132874
61133239
61153430
61136919
61136669
61137620
61139565
61140921
61141108
61141726
61141909
61142235
61141204
61142313
61143270
61142687
61144006
61144520
61163486
61143329
61145724
61148694
61149110
61149373
61150023
61148643
61149110
61170066
61170311
61150558
61150236
61152634
61152826
61172497
61172691
61152583
61154580
61157701
61158001
61177501
61158292
61159123
61158451
61158816
61159624
61160683
61161057
61160197
61181780
61182146
61182591
61182777
61183308
61162108
61165983
61165988
61168098
61168595
61168834
61169148
61169564
61168625
61169516
61169714
61191155
61170371
61171416
61192438
61171579
61173540
61173597
61175244
61197637
61198026
61176066
61177698
61178921
61177637
61179845
61178387
61180667
61181118
61181319
61180585
61180801
61181885
61182775
61185652
61184683
61185076
61208167
61187003
61186677
61187186
61188859
61187877
61210382
61189791
61189615
61190646
61189510
61212942
61213188
61213645
61193556
61194680
61196365
61196836
61196935
61197556
61196650
61198170
61197211
61197893
61198815
61199723
61200125
61222551
61222731
61223984
61239123
61220867
61221408
61220401
61223176
61245336
61224661
61223887
61224823
61223805
61247867
61248222
61226493
61224885
61227460
61227919
61228179
61227308
61230563
61231443
61232421
61232163
61233762
61233437
61234089
61234511
61233711
61234445
61234881
61236179
61235131
61237062
61228527
61229108
61230715
61232560
61233861
61257437
61232992
61235266
61235824
61236297
61235418
61235971
61236411
61237666
61236908
61261984
61262565
61238776
61263400
61240558
61266828
61244086
61243039
61245048
61243743
61269275
61244075
61245173
61245605
61246248
61247932
61248149
61247218
61248365
61249205
61250212
61249852
61276964
61252319
61251895
61254398
61254729
61255326
61279349
61253725
61256318
61256734
61257177
61257527
61257957
61258178
61258606
61258023
61258537
61284445
61260981
61262135
61263987
61263923
61263276
61262753
61265476
61265645
61265980
61265257
61266855
61267305
61292396
61266002
61268457
61268700
61267977
61271454
61297567
61270932
61273357
61273779
61274090
61273381
61274196
61275125
61300884
61301028
61275228
61275170
61277513
61277771
61278058
61277362
61281458
61280170
61307671
61280577
61281185
61309007
61285180
61283996
61285994
61284533
61288325
61312740
61286100
61287709
61288020
61287348
61288242
61291862
61290916
61318750
61292362
61293547
61293867
61294253
61293533
61295333
61321717
61293835
61296335
61295380
61296780
61323773
61297041
61298289
61299056
61301590
61300638
61301755
61302611
61330098
61330145
61302903
61302849
61304254
61303918
61304509
61305799
61333074
61304753
61307237
61307567
61311025
61309857
61311586
61311582
61310659
61339482
61312641
61312124
61313770
61314156
61313436
61314678
61314039
61342822
61314501
61316388
61316822
61318654
61320003
61348146
61319082
61321531
61321957
61322237
61321647
61322033
61323740
61351886
61324415
61324627
61323955
61324367
61323543
61354077
61329263
61329648
61329955
61330673
61330874
61331222
61330437
61330986
61330928
61360950
61331172
61332047
61334013
61334572
61332504
61333664
61335595
61366966
61336986
61339497
61338814
61340016
61340424
61339528
61340617
61339510
61342082
61341069
61341835
61343138
61342314
61343953
61342353
61343537
61347947
61347577
61347726
61348963
61348755
61348285
61349076
61379669
61351183
61351452
61351823
61350830
61352281
61382342
61352914
61382715
61353985
61354257
61357203
61356463
61358314
61356856
61388366
61357174
61359687
61360044
61360683
61360656
61359195
61360907
61359879
61363585
61363373
61364339
61394866
61397715
61367083
61368805
61369139
61368136
61368785
61368666
61400837
61368973
61369581
61370687
61372418
61372557
61371893
61372469
61404510
61407147
61375696
61377044
61376929
61375648
61375698
61377261
61407710
61375512
61377211
61376636
61407765
61407456
61376042
61377315
61375233
61377261
61377159
61375715
61407770
61377449
61377398
61377568
61377324
61376848
61375840
61407916
61377453
61377753
61378131
61377029
61377263
61377489
61408223
61377736
61377723
61377766
61376182
61376667
61377844
61408095
61376527
61376604
61408356
61375995
61377958
61377894
61378426
61376871
61376494
61376908
61376076
61378192
61378053
61376186
61378267
61378528
61408738
61376375
61376866
61378523
61378925
61377397
61377183
61409128
61380277
61409227
61378812
61378649
61379123
61378049
61378371
61408869
61377489
61378574
61378596
61377387
61378474
61409193
61376684
61409111
61378808
61378567
61378728
61377739
61409294
61380624
61377658
61378845
61377506
61377857
61378898
61377475
61378964
61378888
61377979
61378601
61409347
61376992
61378503
61409484
61377610
61377231
61379108
61377751
61378204
61379378
61378056
61409682
61379491
61377561
61379078
61379039
61377999
61378837
61409630
61377272
61377554
61379180
61379137
61378030
61378875
61409515
61377547
61377555
61377951
61379230
61378042
61378890
61409568
61379334
61379171
61379173
61378066
61377597
61409544
61377586
61379342
61379197
61378090
61380877
61380841
61379554
61380027
61379632
61381133
61380937
61380270
61380759
61411117
61381221
61380983
61380869
61381297
61380330
61380752
61411394
61381271
61411731
61381203
61380307
61381386
61381359
61380030
61380779
61379774
61411616
61379575
61381561
61381402
61381359
61380372
61411817
61379473
61381562
61380784
61380218
61381436
61379981
61380166
61379798
61381846
61381824
61380481
61381179
61381508
61412087
61412223
61382077
61381955
61382009
61380977
61380535
61412298
61382191
61382237
61382116
61381070
61381976
61412659
61382383
61412887
61382365
61381128
61380522
61380811
61381744
61382757
61381408
61382820
61413178
61381333
61382687
61381307
61382135
61380634
61381640
61382954
61382795
61381550
61383022
61382997
61382020
61382929
61413464
61382235
61383125
61381413
61381949
61381384
61381835
61383196
61382952
61381910
61381716
61381120
61383243
61382580
61383112
61382859
61413366
61383239
61383239
61382036
61383319
61381587
61383227
61382674
61383479
61382157
61382474
61383240
61381472
61383674
61383599
61383564
61382429
61383711
61414295
61382841
61382347
61383585
61383560
61382477
61383824
61382118
61414124
61383890
61383778
61383626
61382666
61383541
61382038
61383550
61381830
61383912
61383834
61382684
61383799
61382590
61383937
61383778
61414092
61383808
61383621
61383599
61382468
61383812
61382130
61414068
61383939
61382418
61383877
61383963
61383934
61384075
61383231
61414653
61381994
61384166
61414290
61384531
61383440
61382537
61384083
61384102
61382974
61383901
61414432
61414600
61384260
61384160
61383101
61384051
61414664
61383032
61384514
61384307
61383224
61383068
61416602
61384578
61386139
61386090
61385375
61384490
61416311
61386299
61386289
61386114
61385031
61386399
61384696
61384331
61386417
61385823
61385096
61385177
61416916
61386389
61385180
61386664
61416876
61386517
61385005
61386769
61386525
61386784
61385343
61417199
61386816
61386927
61385516
61386555
61417063
61386832
61417464
61386803
61386517
61417128
61384859
61387023
61386081
61385367
61385444
61386586
61385511
61417143
61387080
61386788
61385756
61386604
61386861
61384916
61385857
61387283
61387111
61385671
61385964
61387513
61417824
61387414
61386629
61387550
61387470
61386466
61386858
61417977
61386351
61387706
61387446
61386385
61387479
61418139
61386341
61387775
61387112
61385751
61387823
61387760
61387972
61387235
61385898
61386811
61418430
61387158
61386583
61388207
61388007
61387544
61386445
61388190
61386759
61387728
61386837
61388425
61418657
61388246
61388182
61386904
61388313
61387132
61386314
61388318
61388384
61388477
61418774
61386985
61388649
61388319
61419022
61387478
61418825
61386509
61388464
61388405
61387464
61386839
61387297
61388477
61387186
61388456
61387134
61418880
61388620
61388580
61387350
61388414
61419043
61387031
61388935
61388763
61388157
61387251
61386821
61388948
61388987
61419546
61388992
61387834
61388733
61419266
61387899
61387373
61389283
61388967
61388089
61389678
61391275
61391208
61390213
61421919
61390237
61391462
61390221
61391333
61421900
61391640
61392149
61391577
61390584
61421984
61391775
61391711
61390424
61391515
61389781
61391757
61391663
61391869
61390312
61392062
61391585
61390618
61390695
61390322
61422565
61392284
61392010
61422332
61391178
61422599
61392179
61392056
61422699
61392353
61392809
61391179
61422851
61392057
61391798
61391402
61422735
61392677
61392431
61392720
61392278
61390409
61392624
61391316
61392828
61422812
61392728
61390910
61393434
61425116
61394848
61394831
61393500
61394327
61392693
61393746
61394825
61394585
61392790
61425179
61394941
61393651
61393182
61392950
61395045
61393590
61394729
61425334
61395091
61395004
61393864
61393419
61425435
61395300
61395243
61394168
61425796
61395455
61395223
61393939
61395054
61425507
61395474
61395390
61394294
61395139
61425886
61394009
61395666
61394235
61395278
61393636
61395647
61395481
61425863
61395318
61394886
61395543
61395646
61395658
61394398
61426188
61394781
61394590
61396061
61426104
61394327
61395945
61394685
61395608
61426184
61396145
61396473
61394933
61426411
61394867
61396020
61395899
61395256
61394296
61394752
61393988
61396434
61396042
61394159
61395824
61395389
61396247
61394803
61395942
61426758
61396362
61394917
61396538
61426461
61396398
61396221
61395203
61426723
61396508
61426801
61395115
61426710
61394523
61395070
61394721
61426764
61396436
61395165
61396266
61395349
61396694
61395488
61396381
61394712
61396472
61396809
61395672
61396948
61395715
61395339
61395632
61395358
61396778
61395690
61427364
61397053
61397092
61395757
61396008
61395066
61397080
61395864
61396866
61395293
61397111
61396067
61397095
61427807
61397390
61397149
61395854
61396181
61427845
61397424
61397295
61397586
61427792
61397545
61397646
61396369
61395875
61395496
61397572
61396147
61397386
61428117
61397772
61397576
61397811
61428074
61397958
61428008
61397287
61397281
61428487
61398050
61397747
61397193
61397908
61398117
61397961
61428168
61396771
61396288
61397197
61398052
61397376
61396464
61398214
61398069
61397058
61428418
61398102
61428405
61398118
61396892
61398264
61396602
61428730
61398028
61398330
61397169
61396676
61396369
61398458
61397078
61398145
61396350
61398442
61398321
61397678
61428902
61396366
61398530
61397850
61429047
61398619
61398555
61397346
61396853
61397762
61398710
61398650
61397287
61398296
61428858
61397077
61398803
61398961
61397530
61397160
61396733
61398774
61398704
61398085
61398469
61397055
61429378
61398973
61398772
61397697
61398641
61429321
61399229
61399124
61401081
61400972
61401264
61401316
61399996
61399575
61401170
61400044
61401307
61399809
61400243
61401492
61400304
61401169
61399606
61401644
61401362
61400791
61432080
61399710
61401463
61400202
61401373
61400879
61401696
61400347
61401425
61432152
61401776
61401915
61400309
61401431
61431997
61401886
61401772
61401217
61400230
61401668
61400802
61401558
61400818
61400325
61401220
61402011
61400778
61401821
61400592
61400908
61400450
61401474
61401090
61432874
61432486
61402495
61433022
61402825
61402633
61432736
61402659
61401915
61432970
61402565
61401295
61400351
61402186
61402633
61401352
61432956
61402571
61402456
61432961
61402519
61400590
61402744
61401436
61400987
61401068
61403012
61403024
61402860
61402983
61403215
61433535
61403109
61402538
61401941
61402961
61402890
61403121
61402438
61433421
61401884
61402236
61402054
61401438
61433424
61403196
61401757
61401884
61433507
61403247
61403088
61403173
61401525
61402020
61403604
61402033
61433690
61401466
61403308
61403347
61402389
61401989
61433659
61403249
61401995
61402570
61433903
61403619
61402164
61434194
61403562
61403490
61401973
61434014
61403692
61402192
61402536
61434299
61402480
61403657
61402544
61403779
61401945
61404106
61402432
61402905
61402832
61404234
61402748
61403836
61434511
61402128
61404064
61403995
61404257
61403003
61434542
61402913
61404189
61402977
61402748
61402273
61404338
61404292
61403185
61402881
61402622
61434907
61403304
61435252
61404549
61435048
61404721
61403440
61405051
61435185
61405005
61403670
61405207
61435821
61405120
61405023
61404114
61405070
61435371
61405167
61403924
61404035
61435528
61403904
61435711
61404132
61405333
61404271
61403652
61404561
61405389
61404153
61405148
61435958
61405554
61404390
61405496
61435885
61405847
61404430
61405685
61404134
61405732
61406028
61404873
61404268
61405235
61406012
61404676
61405859
61404741
61405958
61406188
61436427
61406068
61405607
61404915
61404422
61404043
61406297
61405132
61436731
61404243
61406281
61404687
61405277
61406261
61405162
61404689
61404334
61406426
61406425
61404896
61404439
61406542
61436829
61437096
61404985
61406755
61405945
61436998
61406834
61406414
61406518
61406783
61405619
61407080
61405030
61407082
61405911
61407300
61407449
61407225
61406142
61437943
61406493
61406091
61405684
61407251
61409924
61409817
61408552
61440327
61410107
61408580
61409665
61408003
61410058
61410062
61410197
61408104
61408579
61410138
61409949
61408116
61410362
61410187
61408345
61440539
61410258
61409166
61440793
61409322
61410120
61410013
61408310
61410533
61408944
61408242
61410129
61410237
61410152
61412198
61410668
61409058
61408804
61412236
61408937
61410516
61409494
61441091
61409342
61441133
61410702
61410858
61409600
61441223
61410073
61410938
61410309
61409662
61411027
61409942
61409640
61409196
61411301
61441431
61409854
61409848
61441618
61409660
61411256
61410964
61411295
61409899
61409107
61411124
61409970
61411009
61409313
61410626
61410002
61410925
61411590
61411267
61410706
61441692
61411537
61411392
61410309
61411388
61411638
61411407
61410511
61441684
61410017
61410382
61442113
61410422
61411753
61442289
61410284
61411749
61410462
61411382
61409809
61411778
61410350
61411964
61442225
61411995
61410776
61412161
61410243
61410374
61411894
61410921
61442390
61442504
61410963
61442355
61412178
61411982
61411414
61410414
61442566
61411385
61411470
61412072
61410428
61412446
61442646
61442801
61411195
61411206
61412425
61411806
61442795
61412548
61412484
61411715
61411160
61411855
61411272
61410827
61411315
61411866
61411232
61410790
61410600
61412165
61412553
61412734
61410539
61412610
61411251
61412488
61442963
61412660
61411472
61443163
61414768
61413174
61414937
61413632
61413464
61415125
61414997
61414802
61413832
61414992
61445490
61414418
61413453
61414007
61415607
61415635
61445923
61415583
61414484
61414144
61413755
61415684
61414643
61414021
61446279
61415125
61414669
61446357
61415857
61415723
61416065
61416073
61416085
61414996
61416279
61415227
61416035
61415401
61415063
61416339
61446673
61416134
61446850
61416309
61446579
61416373
61414750
61416411
61416331
61416574
61416151
61416566
61416602
61415823
61416686
61416538
61414492
61446938
61416742
61415724
61415041
61415076
61416659
61416491
61417091
61417072
61415825
61416425
61416559
61415730
61447439
61417015
61416219
61417348
61415884
61417583
61417499
61447960
61417642
61416914
61415927
61416122
61417674
61416210
61416647
61417861
61416855
61448086
61418169
61416622
61416225
61416343
61418096
61418285
61448447
61416584
61418602
61418167
61416353
61418213
61418134
61418549
61418339
61418130
61417715
61417088
61418211
61448763
61418308
61417659
61417576
61418308
61418439
61448819
61417980
61418671
61448823
61418606
61417493
61416959
61416583
61418600
61417460
61416910
61449241
61418930
61418924
61449036
61418862
61449192
61418821
61418656
61417458
61449601
61418681
61417226
61420453
61420790
61421874
61452283
61420440
61452270
61421663
61420488
61452268
61422009
61421923
61420536
61421941
61420547
61421171
61420990
61421940
61452493
61421941
61421709
61420867
61422215
61422145
61452577
61422556
61422179
61420660
61421217
61420924
61422515
61422478
61420666
61422549
61422464
61420402
61421106
61420946
61422631
61422561
61420994
61420817
61423150
61422975
61453062
61422407
61421530
61453119
61421910
61423316
61453207
61423055
61421781
61423087
61422318
61420882
61422342
61421683
61422836
61423023
61423239
61425033
61421460
61422050
61453619
61423229
61422947
61423220
61453476
61423487
61423177
61453804
61423456
61422151
61453846
61421680
61422767
61453807
61423469
61422356
61421782
61421748
61423429
61421896
61423578
61423605
61423737
61423361
61423828
61423813
61423529
61421662
61423761
61423074
61453937
61422377
61423844
61454159
61423043
61424046
61454385
61424031
61423027
61423323
61454324
61422769
61422056
61423468
61422923
61454713
61422496
61424205
61422580
61424013
61422504
61422176
61424196
61423005
61423641
61422571
61454639
61423556
61422887
61424338
61424246
61422466
61423458
61424550
61454920
61424757
61423775
61455220
61425034
61423551
61424700
61424292
61425099
61423884
61423205
61455322
61425030
61423115
61424789
61425279
61425352
61455677
61425458
61424078
61423804
61423500
61455658
61424192
61455989
61425641
61424230
61424083
61424441
61425759
61425668
61423823
61425361
61425153
61427464
61424171
61425848
61425600
61425266
61426177
61426182
61424568
61426290
61426244
61456742
61426205
61456697
61426879
61424282
61456861
61426749
61426410
61424338
61426573
61425406
61457145
61425207
61426716
61426491
61424661
61426681
61425579
61456979
61426671
61425339
61426307
61424737
61425411
61425086
61427099
61426798
61457132
61426749
61426628
61426785
61457009
61426727
61426691
61425151
61426734
61426640
61426578
61424786
61456930
61425482
61457181
61426817
61425578
61457515
61426958
61425482
61426725
61424884
61426957
61427160
61457437
61426944
61427125
61428878
61457878
61427277
61457718
61427388
61425691
61426764
61427185
61427557
61427711
61425761
61427501
61457836
61426381
61427660
61427414
61426613
61427182
61426763
61458571
61426564
61426732
61427314
61425970
61428128
61428140
61458450
61428309
61427156
61458499
61428282
61458426
61426996
61428276
61427176
61426755
61427213
61428472
61428866
61427856
61428592
61428241
61426857
61428446
61427096
61459144
61428672
61428855
61459306
61428748
61428721
61428080
61428826
61429115
61428138
61428970
61429066
61428861
61427547
61427885
61459648
61429408
61429834
61429164
61429254
61427585
61429184
61427924
61428890
61427614
61427307
61429071
61428098
61459415
61429225
61427951
61428854
61429485
61429085
61428164
61429214
61429481
61427409
61429276
61428770
61459718
61429570
61429343
61429382
61459982
61429647
61429655
61460107
61429743
61428301
61460187
61429558
61428277
61429635
61463108
61432635
61432522
61430566
61432613
61431487
61463105
61432771
61432684
61432346
61432785
61431378
61463216
61432847
61432668
61431403
61430763
61432533
61433017
61463608
61433078
61432341
61432984
61431501
61433287
61463786
61432695
61432538
61431256
61433372
61432023
61463937
61433587
61433846
61433343
61432924
61432745
61433176
61431816
61433398
61432596
61463760
61433736
61432401
61431997
61464042
61433506
61433218
61433579
61433499
61432678
61463938
61433799
61433654
61433937
61431865
61433906
61432772
61432324
61432734
61431974
61432894
61432884
61434631
61432873
61433524
61434548
61432685
61432617
61433548
61434323
61433091
61464379
61434296
61433495
61432227
61434148
61433476
61434037
61432141
61464813
61464998
61433241
61465079
61433919
61434632
61433228
61434196
61433221
61434866
61432592
61434400
61434737
61465248
61434697
61435003
61435291
61465338
61435212
61433996
61433524
61433176
61435049
61465366
61434765
61435194
61433571
61434710
61433079
61434574
61434103
61433363
61435206
61465633
61435485
61435394
61434162
61433912
61435733
61435550
61435452
61435923
61435545
61435788
61466291
61435557
61435339
61433725
61466478
61434643
61433859
61435323
61435334
61466470
61436081
61434842
61466346
61466399
61435887
61436165
61433970
61436035
61436249
61434450
61436720
61466405
61436253
61435065
61436633
61434896
61434973
61466802
61434787
61436248
61435753
61466968
61436579
61435010
61436122
61435293
61435824
61436440
61466949
61436083
61435394
61466872
61436692
61435047
61436736
61435527
61435103
61435132
61436797
61436762
61467187
61436946
61436731
61435807
61437563
61436507
61437136
61437110
61435370
61437325
61436404
61467777
61437411
61438007
61439375
61438189
61439610
61439430
61439272
61438024
61439612
61439682
61439286
61439731
61438588
61438286
61439764
61438479
61439770
61437914
61439826
61440103
61438815
61470519
61470290
61438672
61470346
61440151
61438733
61439309
61470618
61439328
61439897
61438063
61439988
61439801
61438135
61439581
61439486
61470598
61440354
61439121
61438689
61438790
61440300
61470781
61440073
61438812
61438724
61439401
61439199
61440377
61439311
61439740
61440853
61439657
61439247
61471455
61440865
61439212
61441016
61439717
61439663
61439098
61441118
61440019
61471504
61439971
61441434
61439598
61441324
61441411
61441087
61441420
61439995
61439718
61439462
61441641
61440240
61441218
61439720
61440947
61440810
61441727
61439551
61439703
61440650
61441738
61472312
61441888
61440635
61472187
61440236
61442122
61440440
61472502
61442038
61442024
61441401
61442383
61442383
61441711
61442435
61472669
61441581
61442688
61441473
61473169
61442764
61441308
61442671
61472985
61442641
61442370
61440684
61441570
61473195
61443115
61442792
61442727
61440921
61442945
61442197
61473269
61443089
61473270
61441231
61442957
61441744
61441274
61441313
61441831
61473314
61442654
61443171
61443039
61443579
61441021
61442901
61443091
61441896
61442799
61443163
61442425
61473452
61443286
61442272
61473795
61441610
61443248
61473842
61443635
61442156
61474052
61442206
61443887
61473835
61442477
61443664
61442458
61443376
61442975
61443739
61442073
61443635
61442078
61443728
61442293
61443357
61442412
61442923
61442633
61474066
61443894
61442623
61442114
61442221
61443321
61442325
61443186
61447253
61445591
61447164
61477676
61447460
61446766
61447467
61447570
61446703
61477922
61447656
61447085
61478156
61445726
61446789
61478213
61447957
61478334
61447798
61447819
61445976
61447887
61447348
61478496
61446416
61447998
61447875
61449857
61446037
61446727
61478594
61478709
61448573
61446477
61446591
61447004
61447060
61478580
61448344
61447575
61478482
61448200
61447090
61447119
61448440
61448261
61447137
61446853
61446985
61448292
61478807
61448448
61447383
61478850
61448645
61447382
61446975
61448484
61448776
61448425
61447164
61449167
61448801
61448556
61448869
61447561
61479055
61448821
61447663
61447143
61447199
61446745
61447665
61479236
61446964
61447737
61447673
61447756
61446921
61448777
61449007
61448380
61447775
61449588
61479460
61449151
61449010
61448725
61449520
61448792
61449488
61447627
61448386
61449807
61480178
61449813
61449621
61449039
61449918
61448175
61480228
61449872
61449968
61449599
61450035
61448580
61448132
61449909
61449839
61448183
61450056
61447983
61449815
61450070
61450338
61449362
61450560
61448922
61448237
61450227
61449255
61449680
61450290
61480665
61450253
61450491
61450714
61450244
61450632
61449516
61449930
61450597
61451055
61481066
61450765
61448775
61449122
61448812
61449807
61450885
61449400
61450976
61451043
61451218
61449101
61450544
61450191
61449191
61449496
61450204
61449369
61451297
61450969
61451610
61451468
61451586
61451265
61451715
61450359
61451618
61449777
61450379
61481885
61451626
61450293
61450412
61451736
61450332
61482121
61451759
61451799
61450103
61451907
61450767
61482114
61451452
61451792
61482437
61451952
61450644
61482255
61452089
61450849
61450880
61450789
61451923
61451888
61450374
61452312
61451959
61450275
61452112
61451998
61451105
61450992
61452056
61452355
61482685
61451168
61452356
61452372
61452017
61451680
61451255
61450851
61452499
61452372
61450598
61452708
61452175
61483046
61452824
61483334
61452508
61452871
61452052
61483100
61452800
61451649
61483099
61452753
61453173
61483290
61453076
61452405
61450884
61452314
61450826
61483542
61453180
61452807
61453041
61483310
61451727
61453086
61451877
61451109
61453061
61452101
61483272
61453007
61453023
61451437
61453139
61451230
61453086
61453249
61483846
61453370
61451939
61451689
61453391
61453195
61453057
61452522
61453522
61451295
61453103
61452301
61451908
61483763
61484030
61452309
61452121
61453502
61451531
61483910
61453608
61484056
61453828
61452397
61483917
61484147
61452448
61484425
61453927
61453200
61484283
61454071
61453285
61484261
61454030
61453306
61452336
61451916
61452606
61452888
61454089
61453472
61484622
61454318
61454095
61454573
61454264
61454099
61454511
61453008
61454637
61454529
61453293
61453298
61453069
61454274
61454740
61453501
61454541
61454935
61453928
61455092
61454995
61454734
61455017
61453784
61455197
61455167
61455339
61454261
61455059
61485659
61455129
61453947
61455346
61453634
61453701
61455427
61486051
61455626
61455799
61486110
61455710
61454209
61486411
61454763
61486203
61456047
61456188
61455311
61455951
61456140
61454143
61456136
61455337
61486489
61456250
61456360
61486930
61456328
61486600
61454845
61456472
61456593
61486724
61455973
61455458
61454863
61456506
61456271
61455986
61456524
61455241
61456824
61455605
61486987
61456818
61465756
61458761
61458835
61489610
61459171
61458055
61458043
61459124
61459323
61458812
61459187
61489584
61458828
61459577
61459600
61459207
61459753
61458424
61459287
61459678
61459323
61457716
61459616
61459415
61458133
61458036
61458791
61459800
61459031
61457847
61459054
61458444
61459918
61457746
61458570
61489948
61459837
61459951
61457950
61490358
61459595
61459351
61460158
61460122
61460196
61490365
61460270
61460184
61463136
61463742
61463424
61494389
61463869
61463626
61464113
61464016
61462261
61462836
61462877
61462093
61464185
61464363
61462915
61464257
61464077
61462274
61464251
61462712
61463032
61494688
61464396
61463073
61494826
61464381
61494940
61463589
61464176
61463317
61464483
61462955
61464735
61464601
61464443
61462923
61462677
61463394
61495119
61464819
61464602
61464821
61462704
61464745
61463632
61463137
61462723
61463622
61495310
61464879
61464169
61495172
61464944
61464898
61495341
61464983
61463410
61465105
61463488
61463400
61495616
61464421
61463890
61465147
61463590
61465316
61465136
61465012
61464312
61465021
61495715
61465370
61465629
61495832
61465446
61464712
61495825
61465659
61464463
61463875
61465672
61464569
61465801
61465649
61464110
61465101
61465920
61463771
61464788
61465004
61465680
61465653
61464605
61465800
61465752
61496243
61464630
61496372
61466056
61464944
61464912
61466100
61466203
61465059
61466206
61464630
61466533
61464995
61496861
61466448
61465372
61466410
61464898
61465310
61464917
61464630
61465365
61497236
61465571
61467029
61466979
61466007
61467242
61465999
61467211
61465903
61466048
61467226
61465638
61465769
61467276
61465645
61467422
61466212
61465739
61467451
61466307
61466295
61467571
61465816
61467487
61467481
61497861
61467578
61497840
61467456
61497970
61467720
61466652
61466348
61467915
61466703
61498175
61468014
61466959
61467258
61468008
61466247
61466831
61468282
61498289
61468015
61466479
61466956
61466985
61466849
61468047
61467855
61498446
61468095
61498716
61468186
61498526
61498759
61468354
61468074
61468414
61468320
61468077
61466785
61468956
61498915
61467244
61498912
61468433
61468598
61466913
61468318
61466686
61468490
61468434
61468198
61467351
61498909
61499011
61467467
61468522
61467666
61468389
61466805
61467551
61467352
61467962
61467498
61468705
61468599
61467081
61467511
61468670
61468349
61468812
61467699
61499192
61468737
61467744
61467053
61468765
61499288
61468702
61467538
61499128
61468798
61468949
61466808
61468696
61467054
61468790
61468730
61467190
61468926
61467330
61468577
61468845
61468073
61466794
61468808
61468885
61469064
61467879
61467026
61469281
61469341
61468389
61469244
61469243
61499875
61469194
61468921
61467873
61468058
61469116
61469333
61468323
61499896
61469410
61500146
61468189
61468815
61468306
61469541
61468612
61467977
61469791
61469810
61469482
61467892
61468781
61500284
61470105
61469307
61500570
61470209
61468832
61500447
61468386
61469154
61470160
61470203
61470256
61500539
61469965
61470228
61468451
61470168
61469675
61470388
61470088
61468680
61469704
61469101
61469270
61500792
61500965
61469670
61469912
61470696
61501059
61470772
61469632
61501003
61470912
61470959
61468961
61470991
61469289
61471117
61471084
61470343
61471145
61470811
61471295
61470305
61471351
61471165
61501701
61471270
61471383
61471409
61471338
61469529
61471423
61501705
61471534
61470443
61471425
61469539
61471224
61471640
61471794
61471568
61471835
61471508
61471862
61470355
61470004
61471524
61470557
61502134
61471207
61471542
61470247
61471658
61470894
61472194
61470865
61502636
61472438
61471277
61502850
61472666
61472692
61502945
61472394
61471773
61502831
61472504
61471817
61502803
61471115
61473015
61472337
61471155
61471318
61472605
61471460
61471622
61502812
61472632
61471990
61502989
61472748
61471265
61503177
61472729
61472222
61470994
61471709
61503183
61471681
61471863
61472863
61472973
61473026
61473115
61503369
61472003
61473122
61471172
61471924
61503860
61503646
61472209
61503577
61473461
61473483
61473189
61472043
61473534
61471877
61472005
61471772
61473379
61473258
61473338
61503962
61473582
61473754
61472850
61473498
61471917
61472099
61473997
61473384
61473886
61472557
61504443
61504253
61472704
61504267
61473404
61473784
61472598
61473931
61473640
61472934
61473767
61472941
61474313
61473083
61504627
61474364
61473056
61504507
61473717
61473107
61472203
61474347
61473926
61474026
61474187
61472831
61474125
61472205
61474155
61472622
61474399
61473139
61504779
61474734
61474548
61504951
61474735
61472947
61473222
61474756
61473025
61473636
61474735
61474533
61473298
61472822
61474510
61474970
61473710
61509588
61477419
61478985
61509390
61479085
61479257
61478877
61477614
61477877
61509568
61479359
61478243
61509659
61479455
61477595
61477213
61509370
61479306
61479297
61477917
61479392
61477387
61478648
61477859
61479481
61478235
61478777
61479407
61477697
61479618
61478367
61509575
61479608
61479469
61509854
61479516
61509657
61478383
61509868
61479694
61478977
61477537
61479599
61479347
61478145
61479725
61479735
61479734
61478549
61510103
61479652
61479499
61477703
61479863
61479115
61477743
61478000
61478862
61478537
61478915
61510593
61479434
61480289
61478032
61479676
61480344
61478104
61480067
61477855
61477962
61478920
61510336
61480180
61478944
61478104
61480261
61479429
61510620
61480282
61479292
61478439
61480370
61480094
61478326
61480313
61478131
61510900
61480324
61510780
61480418
61479212
61510794
61510551
61479268
61510692
61479325
61479007
61479354
61510994
61480697
61479488
61510853
61480790
61480911
61480020
61480886
61480506
61478735
61479418
61479101
61481015
61478651
61480548
61480310
61511077
61480853
61479218
61481091
61479697
61511489
61481042
61479803
61478998
61481156
61480671
61480960
61479637
61511453
61480990
61479757
61511394
61481179
61480352
61511480
61481110
61511227
61479710
61481417
61480212
61479884
61480018
61511831
61481467
61480087
61511668
61481464
61481517
61479681
61481236
61479289
61481303
61480985
61479847
61481228
61479593
61480084
61480609
61481236
61479577
61479777
61479980
61511724
61481357
61480561
61479402
61481545
61480303
61479515
61481539
61480224
61481504
61481403
61481071
61479831
61480678
61481366
61481327
61480111
61511620
61481432
61481525
61480597
61481784
61481590
61479518
61481401
61481142
61480169
61481224
61479592
61481410
61480225
61511552
61481423
61480597
61479215
61481300
61481421
61479460
61511819
61479822
61511684
61481298
61480526
61479281
61481325
61479788
61480546
61481627
61481557
61511876
61481654
61511973
61480351
61481771
61479746
61512124
61480695
61480415
61480701
61512186
61481896
61480862
61512338
61482122
61481002
61512673
61482245
61482033
61481769
61482280
61480887
61512524
61482168
61480986
61512540
61482225
61481040
61512405
61482225
61482333
61512775
61481896
61482520
61481185
61483445
61483667
61484748
61484963
61483162
61485101
61485101
61482920
61484943
61483977
61515169
61483501
61484885
61485284
61483122
61485091
61485291
61515446
61485284
61484037
61516030
61485473
61485847
61483655
61483879
61485354
61484703
61483755
61516064
61485550
61483627
61484414
61515768
61485537
61484427
61516087
61485670
61486092
61485775
61516246
61485815
61484636
61516083
61485852
61484450
61516209
61485788
61484386
61484668
61516294
61485918
61484856
61484357
61484783
61485905
61486251
61516495
61486175
61484750
61485835
61484886
61486211
61516420
61484423
61486243
61486313
61486277
61484078
61516679
61484916
61484721
61484908
61486322
61486500
61486297
61486633
61485404
61485586
61486862
61486141
61517100
61487067
61485639
61517444
61486681
61486976
61485161
61485799
61487113
61486981
61486857
61487089
61517516
61487130
61485873
61487143
61485295
61487306
61486974
61485319
61518066
61486247
61485388
61487435
61517761
61486306
61487558
61485503
61485949
61487576
61486493
61517938
61487624
61487359
61517983
61486482
61487680
61486488
61518160
61487638
61486327
61487794
61487755
61486549
61518085
61486160
61487661
61486128
61486706
61487962
61487610
61486832
61488201
61518624
61488193
61487938
61487088
61486229
61488184
61488024
61486181
61487954
61487181
61487144
61488513
61487277
61488304
61488767
61486444
61488660
61488041
61486959
61488895
61488065
61487102
61488494
61486405
61487243
61488598
61488507
61486629
61487555
61488855
61487472
61518942
61518925
61487565
61488742
61488080
61486779
61488828
61487156
61519604
61488897
61488750
61487238
61488999
61487958
61489278
61489249
61487814
61519572
61489112
61487961
61519520
61489108
61489370
61488263
61487970
61489357
61489476
61487469
61519587
61488155
61489380
61487979
61488257
61488166
61489251
61489629
61519903
61489593
61488398
61487662
61489805
61487962
61488766
61488650
61488518
61488252
61488956
61490280
61489163
61488239
61490251
61490695
61520796
61490357
61488395
61488345
61489248
61488378
61490498
61490260
61488481
61490464
61490833
61521005
61490529
61489595
61520965
61490697
61489464
61521082
61490704
61490549
61490343
61489794
61520900
61490669
61521336
61490804
61489691
61489128
61521326
61490938
61490770
61489705
61490815
61490984
61489462
61491475
61489993
61521507
61491168
61490079
61491308
61521685
61489893
61490161
61489820
61490281
61491219
61490431
61521926
61491661
61521982
61490539
61491689
61522103
61491427
61491723
61522450
61491992
61491871
61497170
61495525
61495458
61496832
61495781
61497002
61496945
61496594
61496066
61496788
61496874
61495904
61496976
61496268
61494921
61496896
61497068
61495945
61497034
61496246
61495442
61497195
61496396
61495154
61497246
61497351
61527716
61497384
61497143
61495511
61495897
61527676
61496303
61496906
61496079
61496207
61527775
61497694
61497327
61497087
61495866
61495810
61497768
61497239
61497845
61497843
61495980
61497784
61495896
61496863
61496540
61496479
61496124
61497117
61497188
61497708
61497973
61498032
61496295
61497164
61496740
61528363
61496358
61498111
61496977
61528689
61498330
61498174
61498075
61496238
61498285
61498104
61496163
61497279
61497203
61528608
61498225
61496968
61528752
61498300
61528627
61497219
61497624
61498165
61498475
61496531
61498416
61528960
61496552
61498456
61498728
61498304
61497139
61498772
61498862
61496704
61498705
61499128
61496943
61499014
61497823
61529549
61497575
61499136
61498668
61498236
61498971
61497636
61498998
61499204
61497502
61499310
61497960
61499139
61497168
61497930
61529800
61497895
61499196
61498360
61499746
61529997
61499778
61498586
61530060
61499884
61499581
61499915
61500018
61498324
61499940
61499468
61500143
61499896
61499752
61498505
61500220
61499237
61499987
61500210
61499045
61499519
61500317
61500375
61498391
61500360
61499323
61498550
61500252
61499149
61530387
61500255
61498943
61499160
61498893
61499213
61530898
61530851
61500462
61500195
61500679
61499354
61500370
61500662
61499531
61530882
61499804
61500674
61498964
61500768
61501167
61499540
61499233
61499652
61531199
61501043
61499765
61531453
61500845
61531637
61501196
61500093
61531372
61499084
61500076
61531783
61501296
61499202
61501339
61499184
61499295
61500133
61531749
61500125
61501452
61531621
61501475
61501141
61500195
61500179
61501360
61500168
61501927
61501524
61500456
61501702
61501480
61499766
61532190
61501942
61501690
61502047
61500609
61500195
61502051
61501957
61501179
61500828
61502144
61500367
61502109
61502077
61500861
61500173
61501837
61502311
61502025
61502529
61501002
61532682
61502505
61501001
61500700
61502280
61501254
61502270
61502648
61501329
61502575
61502539
61532991
61502586
61533023
61502646
61501307
61533098
61502708
61533033
61501539
61500768
61502796
61502601
61502121
61533272
61501498
61501778
61502684
61503150
61533314
61502893
61502591
61501999
61503083
61502660
61503041
61501931
61533498
61503140
61503077
61533627
61503234
61503030
61533429
61503110
61502311
61533491
61503076
61501952
61503059
61503234
61502086
61533678
61503323
61502049
61533689
61503076
61503212
61503227
61502103
61533674
61502191
61533686
61503681
61503158
61502357
61503643
61501800
61503356
61501627
61534002
61502207
61501495
61501770
61502710
61534112
61503838
61503938
61534206
61502651
61534050
61502575
61503650
61501706
61502529
61534241
61503861
61504065
61534349
61504052
61502546
61502752
61503821
61505475
61505753
61536544
61506295
61504764
61536669
61506420
61506340
61506430
61504959
61506579
61504903
61506418
61506630
61505575
61536930
61506736
61537145
61507015
61506915
61505613
61505353
61505488
61506896
61505741
61505206
61507707
61507053
61507256
61506106
61506521
61505402
61507527
61537805
61537893
61507864
61507762
61507815
61538106
61507676
61506601
61505769
61507953
61506660
61507116
61507547
61507905
61538459
61508092
61506835
61538315
61506728
61507610
61506468
61506837
61508224
61508422
61507617
61508212
61508449
61506538
61538490
61506973
61539000
61507448
61507261
61508456
61508323
61507617
61508692
61508700
61508035
61507406
61539271
61508783
61507433
61507723
61539313
61509027
61508276
61539283
61509168
61507798
61539286
61507985
61509302
61507230
61509082
61508961
61509191
61539438
61508979
61508982
61508519
61509042
61509451
61507472
61508107
61508569
61509070
61507099
61508302
61509609
61509586
61508648
61509455
61508083
61508668
61509405
61509509
61539963
61508916
61508193
61539789
61509860
61509663
61507720
61509792
61509738
61508190
61509909
61508425
61508162
61509946
61510283
61509855
61508115
61509351
61509475
61508626
61509689
61509902
61508493
61509772
61507957
61508496
61508178
61510023
61509939
61509815
61509987
61540302
61509832
61509756
61508366
61510486
61540681
61508987
61510280
61510018
61510530
61510384
61510699
61510609
61509393
61508564
61511068
61510640
61508588
61510582
61508885
61510628
61540977
61510703
61508808
61510000
61510850
61509655
61541307
61511048
61509144
61509762
61508978
61511447
61509419
61509955
61511187
61509759
61509177
61511588
61510043
61511299
61509939
61510348
61510294
61511359
61511061
61509389
61511447
61511490
61511155
61511492
61511476
61510452
61511667
61511357
61511984
61511713
61511085
61542109
61511813
61510246
61510652
61512181
61512069
61510130
61542345
61510686
61510625
61510739
61542408
61511182
61511973
61510281
61511932
61510869
61512169
61512181
61510553
61512391
61511581
61542410
61511516
61511220
61542617
61542817
61512284
61510625
61511013
61512632
61511915
61511185
61512717
61511211
61511397
61512656
61511543
61543341
61512765
61511488
61512825
61512810
61511526
61511188
61543663
61512884
61543396
61513125
61511838
61511853
61511689
61511742
61512065
61511998
61513241
61513100
61512055
61513455
61513480
61511521
61511965
61513193
61519053
61549222
61517345
61518777
61519030
61516961
61517741
61518374
61518301
61519294
61519298
61549628
61518100
61519664
61518157
61550044
61519493
61519420
61519527
61517975
61519710
61518574
61550025
61518130
61519780
61519528
61517805
61520089
61520000
61518775
61519330
61519175
61518106
61520088
61519723
61518351
61518135
61518791
61518623
61520393
61518338
61519349
61520360
61550869
61520546
61519825
61550726
61520522
61519337
61550814
61550974
61520518
61551364
61520211
61520713
61551225
61520936
61521041
61551341
61521018
61519851
61521018
61521087
61519981
61551686
61521180
61519926
61519475
61519318
61521227
61519362
61519919
61551897
61551773
61521517
61521114
61521578
61521481
61519876
61552119
61521027
61520603
61521771
61552171
61521903
61552596
61521936
61521198
61552377
61522200
61522007
61521962
61520030
61552518
61520708
61552605
61521282
61522391
61521199
61520809
61520587
61522546
61521522
61520878
61521487
61522658
61522874
61522796
61522636
61522829
61522797
61521189
61521136
61553206
61522809
61522716
61521839
61522798
61521846
61521062
61523011
61522935
61521209
61523113
61521921
61521270
61523118
61521739
61523485
61521648
61553709
61522141
61523339
61521841
61523563
61523554
61521544
61553798
61522372
61521975
61523541
61522069
61522191
61523702
61554219
61523861
61522714
61522180
61554116
61523894
61523983
61521839
61523935
61522972
61523715
61524154
61523076
61554737
61524435
61523100
61524386
61554680
61523221
61524406
61554855
61524666
61523577
61524648
61523555
61523378
61555243
61524892
61523443
61523064
61524642
61525036
61523763
61555386
61525204
61525029
61523850
61523103
61525322
61525341
61555833
61525352
61524191
61523257
61524057
61525429
61523957
61523306
61524845
61524368
61524803
61523982
61525888
61525797
61523725
61525920
61525850
61556052
61525958
61526109
61556336
61526105
61556416
61556596
61526007
61524396
61526173
61526127
61526380
61556671
61526406
61524825
61526463
61526200
61526600
61526180
61524902
61526040
61526506
61557158
61526698
61526533
61527041
61526977
61527187
61557212
61557656
61527246
61527299
61525713
61526524
61557687
61527473
61526480
61526376
61527591
61526378
61557870
61527282
61527446
61557844
61527543
61526932
61527754
61525993
61527739
61557971
61527539
61526876
61527569
61527458
61527795
61526627
61527982
61526759
61526297
61527924
61526540
61526236
61527832
61527620
61526853
61525949
61527858
61527670
61527661
61527964
61526237
61526511
61528491
61527711
61526817
61528487
61528477
61528442
61526891
61527256
61527582
61528735
61558935
61528775
61528841
61528725
61530611
61530936
61528973
61530764
61529965
61529181
61531252
61529636
61561496
61561722
61531319
61531774
61531700
61531729
61529697
61529695
61531981
61531169
61532046
61530356
61530063
61531178
61532225
61531778
61530754
61531989
61531778
61530949
61530049
61530993
61531449
61532534
61531027
61562727
61532636
61532406
61532252
61532713
61531758
61531479
61531335
61531323
61530978
61563077
61532600
61530927
61532361
61532988
61563305
61531542
61532626
61531022
61532871
61533125
61531357
61533244
61531864
61533062
61531177
61532117
61563435
61533203
61532169
61533287
61533104
61532431
61531502
61532194
61532199
61532111
61563702
61533769
61533075
61532767
61533417
61533546
61531443
61533624
61532916
61532297
61533696
61531494
61532348
61532510
61532113
61533398
61533888
61533753
61533994
61532164
61533989
61532571
61564319
61533948
61532550
61564198
61533978
61534028
61532171
61534041
61532859
61532867
61534023
61532838
61533280
61534266
61564179
61533859
61534057
61533358
61533014
61533043
61534268
61533227
61564595
61534295
61534395
61532275
61564806
61534417
61564694
61534316
61533302
61534425
61533835
61533320
61532951
61564710
61533255
61534101
61564972
61533747
61533513
61534906
61533721
61533673
61565352
61534287
61535034
61534946
61532942
61535075
61533387
61534846
61534699
61533027
61533443
61535158
61565886
61535431
61534057
61565619
61534016
61535364
61535001
61534262
61535541
61535115
61534187
61535703
61535358
61534577
61535748
61535372
61535011
61535984
61535591
61534588
61566302
61534624
61566102
61535936
61535978
61566102
61534919
61535967
61533854
61535059
61536104
61533697
61535813
61566182
61535299
61536003
61534066
61535843
61534853
61536004
61566717
61535797
61566607
61535755
61536537
61534532
61535548
61534565
61536552
61534842
61536614
61536603
61534503
61536034
61534874
61567375
61535388
61566969
61536660
61534641
61536959
61535825
61535152
61567373
61535682
61567181
61536798
61534815
61536247
61536912
61535703
61536782
61536991
61535734
61534940
61536987
61536287
61567410
61537005
61535820
61535436
61567468
61537092
61535443
61537223
61567563
61536411
61537247
61536593
61536548
61537528
61537543
61535991
61536185
61537302
61537575
61567905
61537835
61568245
61537413
61538267
61568361
61536353
61538034
61536812
61568207
61536708
61538111
61537944
61538390
61568583
61538661
61538054
61536685
61538363
61536612
61538588
61537015
61568685
61536383
61537334
61537526
61538759
61538507
61568885
61537169
61536739
61536530
61536940
61537493
61538686
61536823
61538586
61537299
61537802
61538590
61537497
61569048
61538556
61538511
61538312
61537011
61538654
61538490
61537515
61537395
61538778
61537329
61538805
61537784
61539156
61538984
61537423
61537853
61539004
61537371
61538946
61539146
61537236
61539083
61537397
61539310
61539052
61538798
61538533
61539210
61538619
61538014
61569813
61538887
61569610
61539202
61538959
61538575
61539349
61539501
61569590
61539488
61538561
61537801
61539308
61539561
61569874
61539554
61538639
61537564
61539708
61539729
61569862
61537974
61539248
61538205
61538933
61539994
61538922
61538172
61540036
61537980
61570679
61540282
61540396
61570610
61540296
61539323
61570919
61540584
61540979
61538944
61539082
61539035
61539236
61571074
61538940
61540820
61571186
61540781
61539476
61570876
61539905
61540761
61571098
61539492
61571455
61541013
61540885
61546979
61577399
61546901
61577105
61546807
61577260
61546398
61545924
61546873
61546378
61547202
61547163
61545687
61546598
61577476
61547200
61577797
61547499
61545876
61546916
61546351
61547504
61546370
61547552
61577832
61546336
61577949
61547703
61546703
61547716
61547562
61547943
61546608
61545865
61547413
61577908
61546630
61547818
61547258
61546000
61548030
61547282
61546908
61548082
61547289
61546017
61548071
61548124
61578670
61548112
61546958
61546112
61548119
61548230
61578458
61548158
61546557
61548516
61546984
61578859
61548557
61548305
61547916
61548797
61578959
61548525
61548899
61547909
61548440
61548865
61546492
61547579
61579160
61548901
61547668
61546976
61579324
61547545
61548004
61548783
61548894
61546808
61548479
61548117
61548998
61547816
61579157
61548968
61546902
61547999
61549145
61548746
61547863
61549386
61549333
61549039
61549506
61549455
61548632
61548306
61549322
61549638
61549854
61547846
61549686
61548488
61549713
61548439
61579903
61549627
61548565
61549069
61549741
61548112
61547843
61549806
61548768
61550209
61548846
61580465
61550079
61548846
61548076
61548948
61548761
61550143
61549829
61549574
61550351
61548690
61550235
61580696
61549735
61551296
61554194
61583071
61551426
61551858
61552574
61550891
61552719
61551486
61583220
61552877
61551667
61583415
61551936
61553166
61583321
61553027
61551958
61551003
61552962
61552262
61583513
61553151
61552068
61583708
61553606
61553150
61583729
61553469
61552359
61583860
61553024
61552864
61551934
61583863
61553594
61553569
61552972
61553785
61552487
61551823
61553720
61553488
61552677
61554011
61584355
61553969
61553203
61552713
61553979
61584337
61553834
61584517
61553689
61553873
61584329
61554093
61553457
61552950
61554083
61553075
61552079
61554260
61552510
61554424
61554162
61552928
61554160
61552899
61552417
61584691
61554204
61552736
61554432
61553189
61584836
61554484
61554581
61552936
61554743
61554480
61552857
61553355
61584881
61554726
61554015
61585204
61554869
61553547
61552971
61554295
61554225
61553006
61554900
61555181
61553308
61553838
61553986
61553860
61555321
61585758
61553948
61585833
61554150
61555532
61554207
61555466
61586047
61554874
61555697
61554477
61585783
61555200
61554522
61555777
61555680
61554912
61555891
61554798
61553850
61555703
61555525
61554545
61555890
61554208
61556033
61554906
61553978
61586417
61554841
61554554
61554908
61586393
61556172
61554881
61554961
61556138
61555793
61555273
61556172
61556375
61586574
61554742
61556474
61555836
61555812
61555404
61555121
61554970
61556744
61556959
61555607
61557249
61555587
61557550
61556304
61557737
61557824
61556751
61555783
61558448
61556858
61558107
61588749
61556667
61558104
61558542
61558753
61560752
61557678
61557895
61589631
61559015
61558052
61558370
61559066
61559143
61557274
61559406
61559416
61589823
61558990
61559733
61558951
61559832
61559887
61557961
61559298
61560006
61559252
61559870
61557899
61590404
61560505
61590444
61560631
61558425
61559036
61560279
61558671
61560397
61558369
61559340
61560691
61559092
61558849
61560383
61561093
61558776
61560324
61560818
61559966
61559447
61559994
61559965
61560899
61560899
61560806
61560862
61591253
61560048
61561242
61560057
61559699
61591387
61559667
61591313
61560064
61560458
61561666
61561137
61591612
61561533
61591796
61561269
61560218
61560201
61591828
61561592
61560889
61561347
61561633
61560888
61559588
61561265
61561831
61559738
61592023
61560286
61591807
61561994
61561246
61561685
61561735
61561708
61560455
61560295
61591910
61592078
61560364
61560101
61561755
61562037
61561583
61562057
61560923
61592371
61562046
61562140
61592207
61560473
61562202
61592473
61562307
61561535
61560143
61561029
61562195
61592678
61562757
61592594
61560694
61562863
61593055
61561206
61562472
61560821
61562526
61560909
61562734
61562027
61562836
61562542
61561254
61562901
61561795
61561079
61563337
61560925
61593516
61561776
61593380
61563225
61561886
61563148
61563102
61563190
61562086
61563294
61561598
61563580
61562740
61562994
61561655
61563110
61563607
61563605
61563735
61561537
61563367
61561820
61562432
61562399
61593762
61563087
61562276
61562298
61563691
61594235
61563799
61562453
61563675
61562537
61593879
61594144
61562609
61593944
61564041
61561998
61563481
61563689
61594105
61563219
61564047
61563033
61594314
61562217
61562701
61594255
61563899
61563961
61563959
61562665
61561939
61564074
61594267
61564230
61564039
61594438
61564028
61563108
61563398
61564046
61562486
61564287
61564193
61594642
61564316
61564352
61563274
61564346
61594989
61595056
61563917
61563688
61564533
61564712
61564975
61563589
61563171
61564696
61563064
61564109
61564168
61563502
61563627
61595219
61564890
61563696
61563078
61565034
61595328
61563683
61562902
61564847
61563728
61565014
61565204
61564750
61565258
61563892
61595508
61565317
61564063
61563316
61564150
61565229
61565186
61563428
61565318
61564583
61563551
61595528
61564956
61565464
61563864
61563773
61565557
61564743
61595746
61565549
61563778
61563715
61564288
61595933
61564300
61565683
61564313
61565846
61564733
61565638
61565898
61565004
61596353
61565922
61566121
61564001
61566100
61564391
61566352
61564969
61565218
61566546
61564458
61596407
61564879
61596658
61566283
61566287
61564585
61566341
61566513
61564383
61566386
61566168
61565271
61566582
61597058
61566717
61565461
61564595
61566673
61566338
61566819
61564973
61596989
61597240
61566005
61566717
61597189
61564802
61567010
61564944
61597410
61565283
61567060
61597317
61566310
61566124
61597457
61567345
61566062
61565665
61567429
61566134
61565302
61565656
61566264
61565336
61567130
61567443
61566189
61566386
61567611
61566405
61597860
61567767
61566241
61567442
61567908
61567523
61567956
61566593
61598593
61568011
61567252
61598266
61568106
61568251
61598569
61566462
61568150
61568073
61567974
61568355
61567286
61598722
61566548
61567812
61568519
61567714
61598914
61568085
61566651
61579284
61568481
61570264
61569304
61568431
61570496
61568776
61568822
61569474
61568621
61570448
61600996
61570649
61569996
61570675
61570275
61570810
61569698
61569185
61570883
61568663
61569404
61568569
61570577
61570633
61570869
61569122
61570913
61571074
61570238
61569782
61570973
61569716
61572760
61569766
61570744
61571139
61570735
61571079
61569088
61601275
61571127
61569512
61571395
61570255
61571288
61570103
61569356
61569327
61571296
61571606
61570399
61571515
61601887
61571797
61571579
61569884
61571712
61602138
61571027
61571521
61571960
61572039
61571823
61602151
61571097
61602466
61571912
61602708
61572343
61571600
61572527
61570759
61572594
61571433
61571355
61571528
61570600
61572777
61571064
61572775
61571113
61572863
61579449
61577918
61578478
61577934
61578209
61577593
61579658
61578610
61579578
61578094
61579782
61579643
61579846
61580011
61610161
61578725
61578574
61578720
61610342
61579404
61578367
61579043
61579969
61580154
61579990
61580204
61580169
61610715
61580409
61580585
61579400
61579432
61580162
61580745
61579299
61579067
61580792
61579748
61580905
61579936
61581122
61579838
61580816
61581016
61611391
61580939
61580965
61581086
61579965
61611315
61579742
61580215
61579703
61579537
61581012
61611538
61580888
61580434
61581123
61581168
61581143
61581113
61611446
61581181
61579806
61581334
61579600
61581350
61581228
61579354
61580109
61611667
61581390
61581292
61581498
61581092
61581562
61580288
61581489
61581501
61581608
61579922
61581627
61579740
61581589
61580225
61580901
61580519
61579799
61581711
61612228
61581105
61580017
61581807
61581534
61582141
61581306
61580328
61581686
61581869
61612203
61582390
61580375
61582135
61581366
61582202
61581127
61580594
61580928
61581014
61581067
61580571
61612615
61612605
61582353
61580637
61582472
61581273
61581319
61583078
61612826
61580918
61581320
61582741
61581532
61582712
61581466
61580930
61582494
61581705
61582813
61581047
61582195
61581864
61582661
61581599
61581803
61583003
61613309
61582973
61613319
61582235
61581851
61583117
61583182
61582558
61582016
61583360
61583175
61613559
61583350
61614060
61583496
61583501
61581592
61583369
61583454
61613821
61583681
61583477
61583694
61582601
61582483
61582614
61582475
61583799
61614195
61583743
61582054
61583861
61583802
61583957
61584132
61583261
61582640
61581983
61582728
61581975
61584126
61582029
61582811
61582120
61582701
61614344
61583965
61614723
61583738
61583434
61584219
61584159
61584170
61582686
61584371
61584107
61584312
61584419
61583135
61583583
61583175
61614756
61582810
61584533
61615181
61584534
61584162
61584642
61583359
61584683
61583423
61614935
61615113
61584435
61584816
61584498
61584835
61582810
61584800
61615098
61584741
61615464
61585091
61584283
61584304
61583824
61615280
61584962
61615616
61583650
61584045
61583325
61583920
61615600
61585403
61615816
61585536
61585184
61585542
61615914
61583960
61586035
61585466
61585551
61585730
61584206
61584464
61584445
61584477
61583631
61585812
61616061
61585563
61615955
61585540
61584026
61583681
61585946
61585788
61585518
61584649
61584609
61585086
61584836
61583963
61585848
61584360
61586239
61585518
61584885
61584944
61585819
61585808
61586288
61586389
61584679
61586679
61584764
61586268
61584348
61586087
61586469
61586739
61586745
61586780
61586890
61585828
61586815
61586070
61585474
61585557
61585297
61585624
61584926
61617363
61617417
61587041
61585364
61586958
61585303
61587101
61586017
61585817
61587276
61617534
61587280
61586950
61587263
61586150
61586014
61586210
61585739
61585431
61587653
61587422
61587176
61586074
61587317
61587454
61585501
61585434
61586138
61586850
61587576
61617886
61587718
61587459
61587677
61586694
61587717
61587842
61587064
61586699
61587135
61618166
61618229
61586656
61586304
61587608
61587907
61587702
61586405
61587023
61588238
61587232
61589881
61588361
61586651
61588281
61586606
61588331
61587391
61618467
61587009
61586283
61587116
61587688
61588438
61618675
61588387
61618804
61588804
61618786
61586743
61588301
61588552
61588299
61588660
61588679
61588882
61588848
61588703
61587593
61588657
61588742
61586781
61619357
61588638
61588978
61589110
61589069
61587936
61587968
61589190
61588797
61589209
61589250
61589208
61589161
61589276
61588272
61589371
61589370
61587498
61589321
61589454
61589605
61589512
61588777
61589606
61588325
61588367
61589564
61619891
61589865
61619777
61589257
61589340
61589434
61587779
61589679
61589115
61589599
61589531
61619998
61588570
61589816
61589679
61589629
61589416
61589659
61619799
61589483
61589255
61589585
61619877
61587516
61589782
61589651
61588678
61587665
61588684
61588318
61588542
61588251
61589823
61587688
61588673
61589935
61588857
61588440
61590308
61590303
61589717
61591714
61590195
61592068
61589807
61592060
61591800
61592031
61591905
61592174
61622370
61622509
61591094
61592391
61590506
61622509
61591423
61592686
61591524
61592475
61591707
61623096
61592473
61622760
61593124
61623336
61591139
61592299
61593095
61591841
61592270
61593006
61623449
61593203
61593065
61593229
61623613
61592027
61623680
61591650
61591648
61593543
61593311
61593755
61593670
61593682
61593666
61593031
61593436
61593821
61593913
61624118
61592583
61592543
61592599
61624081
61593727
61624236
61594253
61593801
61594034
61592284
61592487
61592684
61592279
61593289
61592297
61594121
61593767
61594292
61594085
61594230
61592822
61593576
61593123
61593541
61593241
61594582
61594546
61594293
61594726
61593568
61592685
61594552
61625015
61594031
61594660
61594861
61593268
61594781
61594625
61594104
61593797
61594085
61593460
61594570
61595007
61594317
61593658
61593937
61593167
61594950
61625308
61595535
61593795
61595360
61593543
61595374
61593760
61595531
61594473
61595091
61595550
61595541
61595720
61593842
61594615
61594650
61594484
61593727
61595071
61596090
61596033
61595986
61596001
61626221
61595285
61596087
61595828
61596189
61594690
61594817
61594599
61595129
61595585
61595411
61598203
61596474
61596180
61596575
61596234
61595398
61595440
61596614
61595494
61595926
61627310
61595151
61596740
61595051
61596804
61596555
61627379
61595762
61595427
61595788
61596316
61594933
61627464
61597094
61627808
61596010
61596120
61595727
61596023
61596482
61596015
61596105
61597517
61627705
61597174
61627839
61597327
61595428
61627951
61596383
61596439
61596444
61596838
61596572
61596803
61597948
61628444
61597339
61596180
61597968
61628391
61598192
61598010
61596104
61597779
61598164
61598004
61598372
61598451
61596642
61597096
61596861
61597331
61596797
61598815
61629080
61598457
61598370
61598765
61596624
61596786
61597596
61597556
61597650
61596889
61597450
61597249
61598855
61629418
61598648
61597161
61598852
61597561
61597782
61598965
61599083
61597452
61599099
61598846
61599180
61598959
61599186
61599108
61599093
61598768
61597346
61597919
61598179
61598058
61597716
61598051
61597184
61599737
61597650
61599532
61599109
61599555
61598431
61597637
61598276
61630076
61599642
61598077
61598466
61598159
61599864
61629991
61599754
61630351
61599698
61598553
61599866
61630386
61599957
61598378
61600254
61599427
61630591
61600128
61630364
61600147
61598251
61599389
61598614
61600496
61598756
61600686
61599293
61599892
61599339
61631116
61600617
61631076
61600628
61631137
61600754
61600481
61600869
61600731
61630981
61599389
61598936
61599416
61599496
61601039
61600622
61601079
61600957
61631334
61601422
61599288
61601116
61599245
61601121
61600920
61601205
61599784
61600374
61599985
61599675
61600124
61600177
61601412
61601067
61601500
61600072
61600182
61600942
61599571
61601732
61632179
61600360
61631931
61601729
61600213
61600611
61600736
61600692
61600622
61599865
61600477
61599942
61632416
61601899
61602105
61601468
61632817
61601795
61600102
61601046
61600241
61601062
61600540
61601153
61632623
61602158
61602225
61602529
61633023
61602467
61632892
61602736
61600928
61602643
61600927
61602560
61600871
61602672
61602474
61601567
61603251
61600805
61602669
61633082
61602926
61602581
61602846
61601229
61602979
61633487
61601538
61633194
61603103
61602933
61602931
61602631
61602981
61602996
61603154
61603121
61603235
61603234
61601137
61603536
61603265
61603156
61603544
61603148
61633916
61601681
61602549
61633973
61602518
61602306
61603415
61608994
61610954
61641607
61611142
61610856
61609041
61641599
61611210
61610231
61610057
61610181
61610237
61610655
61611388
61610627
61610675
61611524
61610806
61613405
61611521
61642056
61641925
61610898
61611861
61611091
61610751
61610807
61610033
61611664
61611768
61612066
61610255
61612043
61611379
61611493
61612597
61642453
61611828
61612131
61612179
61642554
61611150
61610363
61611150
61611110
61612585
61610334
61611021
61610678
61642618
61611207
61611663
61611247
61611853
61612689
61612674
61642955
61612704
61643107
61612672
61611996
61611365
61643248
61612158
61612223
61613008
61613071
61611945
61612409
61611120
61612469
61612902
61613414
61643675
61613632
61643639
61613582
61613634
61613443
61612053
61613428
61612957
61613390
61613282
61643762
61613526
61613274
61613484
61611846
61613620
61612390
61613007
61612543
61611636
61612658
61613914
61613776
61643855
61644129
61613732
61613847
61612159
61613998
61613735
61614072
61613836
61614074
61613458
61612557
61614295
61612423
61614278
61644842
61614243
61614218
61612346
61613074
61612348
61614386
61612868
61644972
61613316
61613276
61613102
61612649
61613193
61612412
61613678
61614297
61614634
61614289
61614554
61614529
61613401
61614691
61614778
61613425
61612638
61613558
61613407
61613847
61614949
61612996
61645452
61614841
61645118
61614881
61613485
61645441
61615225
61615117
61614273
61615235
61613999
61613743
61613772
61645380
61645524
61613745
61614041
61615221
61614938
61614566
61616469
61616399
61616037
61615376
61617513
61617096
61616725
61616293
61616112
61618021
61648091
61617911
61615964
61616692
61617084
61618222
61648726
61618252
61648887
61616393
61616764
61618520
61648895
61616699
61616786
61618121
61648968
61618610
61617530
61618547
61618849
61618898
61618953
61618893
61617639
61618957
61618220
61617831
61617799
61619163
61619233
61618120
61618156
61619360
61619314
61617394
61618089
61619287
61619733
61619747
61619653
61619567
61619813
61650108
61619649
61650087
61619756
61650131
61619681
61650330
61619843
61619232
61620055
61620100
61620224
61618724
61620213
61619396
61620085
61620250
61620207
61618954
61620299
61650623
61618834
61618932
61620288
61618207
61619024
61618210
61650916
61618356
61650863
61619845
61619920
61620612
61619878
61620618
61619816
61620801
61620191
61651353
61620781
61619031
61619436
61651193
61618942
61619354
61621008
61619333
61621140
61619434
61620350
61619351
61620991
61621188
61621363
61621022
61620893
61621318
61619338
61619621
61651743
61620582
61621523
61621175
61621577
61621688
61651777
61620148
61651887
61621458
61651907
61621662
61621477
61621903
61652086
61621102
61621808
61622310
61621219
61620721
61621277
61620837
61621293
61620798
61620477
61622298
61652593
61621644
61620686
61622293
61621788
61621252
61622451
61622615
61653172
61622566
61621418
61622682
61621900
61621637
61621571
61622926
61653308
61621588
61620978
61621656
61621283
61622894
61653352
61622975
61621940
61623127
61621310
61653524
61623070
61653790
61623263
61653871
61622327
61622046
61622170
61623344
61622696
61622331
61623389
61622178
61621508
61622356
61622028
61622492
61622239
61622199
61622049
61622932
61623810
61622512
61623570
61623679
61654130
61623594
61654128
61654205
61622684
61622465
61622617
61623941
61622790
61623981
61624061
61623180
61622788
61624064
61624164
61624032
61654514
61623928
61623549
61624334
61622501
61624398
61654562
61622744
61624285
61624656
61622525
61623184
61622565
61624426
61654757
61624732
61623043
61624840
61623124
61624794
61624929
61623182
61624992
61625093
61623227
61623739
61624734
61623875
61625039
61623833
61655484
61625100
61623647
61625430
61623676
61624617
61624702
61625439
61625518
61625380
61624742
61624011
61624310
61625511
61625641
61625562
61625405
61625523
61624963
61625761
61623990
61625606
61623993
61625752
61625740
61624264
61624625
61625812
61625816
61624104
61624407
61624983
61624655
61625673
61624476
61626037
61624177
61625762
61625914
61625273
61625833
61626128
61624450
61626083
61627993
61626292
61624973
61626253
61626111
61626290
61624444
61625052
61625863
61626611
61657130
61626757
61625191
61626037
61626808
61626812
61626872
61625447
61626875
61625711
61626771
61625555
61624928
61625276
61626690
61627078
61657621
61627057
61627217
61625296
61626134
61626552
61626287
61626154
61626235
61657610
61626138
61625532
61626150
61657772
61627450
61657740
61625654
61625902
61627700
61658150
61627825
61658164
61627016
61658333
61627674
61658280
61627436
61658429
61626042
61658456
61627938
61658317
61628179
61625999
61626782
61626556
61627202
61627942
61626073
61627225
61628335
61627997
61628255
61628338
61627604
61628190
61627114
61626474
61627178
61628500
61628555
61659118
61659195
61628005
61628838
61627015
61628747
61629223
61628641
61628098
61627555
61626696
61627667
61627760
61628993
61628545
61628841
61627152
61659512
61627897
61628440
61627784
61627099
61628822
61627438
61629119
61629295
61627447
61628070
61627457
61629396
61627456
61628218
61627595
61628227
61628139
61629044
61660158
61628424
61628082
61659964
61628930
61628658
61630006
61628259
61629827
61660389
61630093
61628397
61627980
61630236
61630173
61628565
61628996
61629540
61628940
61630285
61629148
61630421
61630367
61629753
61629630
61630544
61630621
61628809
61630433
61628489
61661113
61628910
61630772
61629139
61630949
61628908
61630685
61629108
61630762
61629663
61631083
61630954
61630891
61629750
61629425
61630963
61661403
61631424
61661363
61631095
61661342
61631028
61629487
61629457
61630211
61631204
61630838
61631247
61631276
61630060
61630164
61631461
61631246
61631429
61631368
61631507
61629880
61630798
61631411
61631655
61629970
61631634
61630082
61631602
61631823
61631844
61630158
61630115
61631688
61630254
61631912
61662042
61630573
61630002
61630648
61631696
61630423
61630119
61632240
61662106
61630442
61629826
61631221
61662234
61630686
61631180
61630907
61631349
61630732
61630736
61630981
61631426
61632207
61662603
61632293
61662684
61631622
61632511
61632519
61630779
61631807
61662986
61631579
61632320
61634045
61633816
61634129
61633791
61664672
61634459
61634345
61632864
61634463
61664856
61634582
61664853
61634005
61632942
61634637
61633521
61634878
61633871
61635185
61633454
61634511
61635576
61635582
61634965
61633874
61635634
61633871
61635657
61634505
61635864
61634157
61635945
61635652
61635975
61635116
61635931
61635836
61635957
61635745
61666655
61635419
61636231
61635026
61636336
61636063
61636222
61666760
61636454
61636383
61636286
61666655
61636347
61666487
61636393
61666842
61636328
61666513
61634654
61636184
61636503
61635270
61636523
61636770
61634912
61636583
61636395
61636865
61636840
61636589
61667420
61634947
61636085
61637297
61635354
61637175
61635483
61637213
61667609
61637247
61637083
61637219
61635645
61637293
61637478
61637123
61637583
61637585
61635590
61636448
61636944
61668081
61637584
61637124
61667984
61636309
61637086
61637973
61668455
61637411
61668503
61636421
61668640
61636917
61637483
61637036
61637967
61638423
61638415
61637659
61668766
61637628
61638726
61637565
61637264
61668849
61669344
61638184
61639071
61639158
61639269
61669696
61639360
61637627
61639420
61669786
61638586
61637747
61639414
61637875
61639599
61669981
61639535
61670038
61639508
61639833
61639746
61637982
61639882
61638094
61638387
61638532
61640064
61639936
61640122
61640219
61638431
61640310
61638447
61638140
61638193
61638645
61640538
61640478
61639658
61640636
61638738
61640511
61640181
61640722
61639784
61640643
61639324
61639734
61640879
61640005
61640718
61640052
61639140
61639682
61639639
61640919
61641016
61639217
61640973
61639672
61641047
61671353
61641010
61640801
61641073
61638952
61639803
61639925
61639915
61639800
61640051
61641365
61640300
61641436
61640664
61671958
61640506
61640452
61640577
61640411
61641630
61641052
61640588
61639969
61672072
61641077
61641621
61641754
61639885
61640531
61639932
61641946
61672244
61642031
61672257
61641948
61672815
61642291
61640400
61641305
61640784
61642379
61672757
61642337
61672498
61642435
61672726
61641175
61641108
61642661
61672874
61642416
61672906
61642521
61640985
61642601
61640555
61641328
61673096
61641608
61641595
61641966
61641323
61642812
61642975
61643105
61643005
61642164
61642990
61643101
61642319
61642295
61673598
61643140
61641104
61643105
61673406
61641995
61643128
61643379
61641899
61643138
61643187
61643508
61643843
61673886
61643709
61643581
61643668
61642985
61642692
61650788
61682481
61651888
61651011
61651560
61651219
61650336
61682790
61682874
61651121
61650525
61651249
61651343
61652555
61651760
61651391
61651837
61683135
61683036
61652484
61682956
61652623
61683052
61652679
61683212
61651564
61651039
61683316
61652975
61653012
61653115
61653196
61653258
61683737
61652997
61653355
61651756
61652161
61653559
61653484
61653163
61653589
61651769
61683655
61652566
61653723
61653870
61653951
61653710
61653814
61652625
61653973
61654087
61654081
61652176
61653000
61654017
61652307
61654002
61654212
61653445
61684500
61654035
61652963
61654211
61684489
61654726
61684474
61654079
61684527
61654392
61684640
61653126
61653627
61653331
61684734
61653347
61654637
61653544
61654835
61653913
61685127
61654633
61654785
61685263
61654921
61654882
61655245
61685493
61654908
61655081
61654976
61654927
61654380
61653021
61685592
61655194
61653637
61685540
61685724
61686030
61685923
61654783
61655599
61654858
61685840
61654276
61653531
61654396
61654945
61654423
61654067
61654689
61656239
61686020
61654894
61655906
61655830
61686363
61655915
61654227
61654682
61655623
61655877
61686502
61656129
61686344
61686133
61656048
61655937
61655616
61656049
61655731
61656115
61654461
61656145
61655159
61656342
61656066
61656478
61655887
61656353
61656409
61655248
61654348
61686789
61656467
61686909
61656510
61686996
61656602
61656628
61655239
61655233
61657337
61687341
61656849
61656815
61656933
61655172
61656918
61655314
61687543
61656442
61657187
61657146
61657212
61657227
61687313
61655975
61657054
61657582
61657281
61687557
61656997
61656023
61657230
61687506
61657117
61655119
61657256
61655282
61656106
61656039
61657510
61655763
61657312
61657389
61657680
61657477
61687973
61687912
61688042
61656482
61655965
61657870
61655987
61657139
61657935
61657154
61658046
61657701
61657744
61656214
61658054
61656419
61657396
61688308
61658402
61657884
61658222
61657943
61658217
61688812
61658709
61688626
61688754
61657621
61658457
61656818
61657724
61688829
61688554
61657226
61657045
61657182
61657451
61688818
61657272
61657202
61657682
61688794
61657890
61657474
61658801
61657414
61658431
61657639
61658656
61689311
61658723
61662734
61659373
61659745
61660164
61660317
61661123
61661074
61659018
61660518
61661299
61661638
61661650
61661411
61661696
61661735
61661648
61692034
61692261
61661687
61662023
61692519
61660997
61661291
61662475
61662209
61662481
61662532
61662767
61662371
61662786
61661087
61663324
61693169
61693297
61663307
61661801
61662062
61662459
61663367
61663413
61661896
61663644
61663608
61661443
61663894
61693913
61662129
61663753
61694287
61662259
61663871
61663115
61663074
61662225
61663640
61664459
61663831
61663720
61662280
61663200
61664629
61662688
61664318
61664131
61664379
61694787
61664358
61662850
61664323
61663210
61663293
61664487
61694830
61664371
61662900
61663027
61663738
61663533
61663726
61663035
61663941
61665012
61665103
61663815
61665186
61665133
61664743
61664786
61695500
61663995
61663949
61665107
61664147
61664080
61663231
61664201
61665597
61665502
61665212
61664831
61665629
61665110
61665512
61695914
61665450
61695865
61664536
61664739
61665775
61665158
61664852
61665348
61665599
61695916
61696008
61665434
61665849
61696007
61664466
61664221
61665784
61696096
61696265
61665748
61666047
61663923
61664891
61664518
61665092
61666464
61664659
61664410
61664452
61665379
61665377
61665825
61666733
61666723
61666605
61697255
61666720
61697012
61665852
61697169
61666603
61665496
61666810
61665574
61666823
61665229
61666125
61697406
61666924
61667145
61665668
61665566
61666322
61667121
61667091
61667044
61667048
61667261
61666943
61667117
61697707
61666176
61665965
61667179
61667525
61665611
61665739
61666787
61667462
61698013
61667458
61665439
61667519
61666764
61666508
61667723
61667354
61697932
61666588
61667851
61665940
61667696
61666785
61667839
61698121
61667754
61665820
61666689
61667806
61668450
61667332
61666895
61667005
61668296
61666244
61667380
61668368
61667598
61698665
61667561
61668547
61667065
61667773
61668289
61666921
61668243
61668554
61666355
61666567
61668185
61668514
61699282
61668770
61699121
61668499
61698763
61698816
61699112
61667553
61668898
61668550
61668890
61668844
61699142
61667783
61669104
61666956
61668706
61669056
61669208
61669390
61699722
61669197
61699486
61669444
61668625
61669462
61669447
61669215
61669579
61699871
61668498
61669586
61699876
61669487
61668189
61668008
61669599
61668315
61669803
61667779
61669664
61668497
61669467
61668215
61668883
61669719
61669686
61669841
61668029
61669788
61670060
61669326
61700293
61668378
61668724
61668648
61700555
61669361
61669961
61700437
61669872
61700259
61668646
61668681
61700454
61668104
61669031
61670242
61669942
61670117
61670217
61670273
61700641
61670239
61670349
61670280
61670496
61669561
61669680
61670322
61669966
61670122
61670038
61670454
61700604
61669012
61669585
61669164
61700800
61669342
61670519
61670451
61668989
61669900
61669403
61669507
61670871
61670913
61670730
61670937
61670877
61701276
61670729
61669205
61670982
61701303
61669640
61669850
61670350
61668924
61669826
61671250
61701268
61669818
61701315
61670573
61671293
61701731
61671751
61669356
61671428
61669379
61670336
61671521
61671463
61701822
61670184
61671676
61671527
61669691
61669356
61701994
61671413
61670052
61701767
61670308
61671622
61671623
61670993
61671866
61669810
61671098
61671999
61671183
61671998
61702568
61672206
61702413
61672028
61672291
61672334
61702475
61670982
61670222
61671500
61672196
61672512
61702625
61671058
61671578
61672393
61702824
61672229
61672103
61703082
61672466
61702733
61672561
61702811
61703078
61703143
61671526
61672796
61672667
61672983
61671751
61673027
61673154
61672957
61703509
61672954
61672178
61673008
61672420
61672059
61673174
61672973
61703739
61672440
61673476
61671662
61703953
61673571
61673490
61673482
61673486
61673580
61703731
61673518
61704037
61673711
61672015
61673840
61704218
61672412
61672324
61704347
61673202
61674198
61674154
61704882
61673218
61673693
61674210
61704504
61674665
61672126
61673501
61672167
61673554
61674468
61672827
61674262
61674207
61674566
61674478
61674848
61674658
61673938
61673190
61704798
61673034
61673420
61674894
61674626
61673297
61674550
61674821
61705327
61674947
61705290
61674282
61675158
61672881
61675186
61705609
61675218
61705455
61673938
61675475
61674631
61675409
61673967
61675775
61675467
61673860
61674633
61675532
61675612
61673920
61675635
61675984
61675745
61674799
61674530
61675922
61675998
61676041
61706449
61676011
61675140
61674785
61676103
61674426
61674493
61675217
61676159
61675069
61675303
61706687
61674809
61675597
61675215
61676395
61675184
61675006
61676520
61674597
61675391
61676507
61674835
61676526
61674998
61676584
61706933
61676562
61706888
61677726
61678406
61708914
61678515
61678669
61678585
61709154
61677498
61678146
61709126
61678821
61678357
61679335
61709715
61679693
61679405
61678058
61679180
61679572
61709830
61678071
61677513
61679541
61679555
61709937
61679480
61678493
61679016
61679719
61679748
61677778
61679666
61678274
61679920
61679771
61678538
61678686
61680058
61678390
61680143
61678438
61680180
61710627
61680045
61678044
61680349
61710462
61679519
61678795
61679040
61678232
61679694
61680332
61710707
61679052
61680271
61678571
61680256
61710910
61680341
61679795
61679628
61679297
61711247
61680604
61679945
61678637
61680747
61680504
61678794
61711260
61679783
61679332
61681146
61681075
61681008
61680615
61681030
61679304
61681114
61711541
61681128
61679109
61679906
61679639
61681357
61679311
61681157
61679674
61679859
61680173
61680128
61681808
61681643
61681604
61681629
61680614
61681995
61681839
61680546
61681604
61681732
61680604
61682041
61680194
61681227
61712600
61680784
61682432
61681875
61680241
61712762
61680959
61682483
61682035
61681698
61681380
61682794
61682576
61682492
61713112
61713208
61681059
61681707
61682095
61713205
61682836
61713262
61681209
61682954
61683298
61683158
61713345
61713336
61682014
61682097
61682099
61683354
61682546
61682748
61683319
61683588
61681436
61683720
61683854
61682495
61683897
61682058
61683776
61714133
61714306
61683357
61683853
61682208
61682477
61684723
61682259
61683217
61684473
61683789
61684556
61714856
61683430
61684806
61683553
61683749
61684624
61685429
61683454
61683878
61685596
61685648
61683977
61684985
61716191
61685681
61715993
61716000
61716121
61685938
61685929
61716256
61685891
61684700
61685898
61685215
61716588
61716540
61685194
61684770
61685525
61686582
61686587
61717080
61686696
61716984
61685710
61686692
61717187
61685245
61717152
61685627
61686852
61686734
61685462
61686851
61687085
61717269
61687140
61685008
61686468
61687349
61686894
61687244
61687667
61687586
61686541
61686322
61687213
61717825
61687444
61717623
61686281
61687642
61687072
61687481
61685368
61717735
61686073
61687585
61687593
61686150
61685915
61687544
61717802
61686440
61718047
61686210
61687654
61687856
61687697
61687678
61687830
61687509
61687313
61686308
61686843
61686278
61687031
61688348
61687904
61687038
61688204
61718549
61688238
61688036
61688347
61718647
61688306
61687667
61686767
61687904
61687472
61688761
61688365
61719035
61688386
61688641
61686586
61687513
61687809
61687228
61688700
61688475
61688842
61688820
61688876
61688456
61688052
61687899
61688292
61719111
61687474
61687701
61687754
61689050
61687369
61689084
61719462
61687948
61687412
61687903
61689070
61687443
61689094
61719333
61687902
61688515
61688144
61687285
61688273
61689341
61719833
61698783
61697734
61698909
61698060
61698564
61698877
61698910
61697676
61699055
61697013
61698057
61699199
61698127
61699266
61729441
61699057
61698414
61698329
61729451
61697514
61699191
61699186
61729659
61699172
61698987
61698083
61699356
61699021
61699351
61699285
61699374
61697387
61698297
61699522
61697761
61699716
61697907
61699585
61729979
61698387
61699017
61698718
61699885
61730208
61698505
61697769
61700100
61699968
61730278
61698548
61698892
61699085
61700200
61700303
61700294
61730765
61700253
61698108
61699635
61698634
61699283
61700265
61730814
61700323
61699219
61700441
61730850
61730997
61699752
61731172
61700580
61731012
61699433
61699204
61699818
61700931
61700874
61700810
61700387
61700446
61731142
61700180
61731471
61700952
61698913
61731263
61700319
61700644
61701319
61731623
61701360
61699263
61701533
61701360
61699808
61701373
61699403
61700258
61701544
61701502
61700456
61699923
61701804
61731915
61732055
61732079
61700747
61700446
61701295
61701991
61700268
61701953
61732200
61700827
61700550
61699905
61702147
61700461
61702077
61732239
61700461
61702204
61701386
61701147
61702446
61702452
61702679
61733085
61702444
61702461
61702625
61701393
61702549
61701244
61702586
61702707
61702488
61702839
61733162
61702658
61701377
61701460
61703057
61701766
61703183
61733622
61733752
61733284
61702057
61733845
61702745
61703503
61733985
61703427
61701258
61702698
61703735
61701871
61703713
61702454
61703545
61703751
61703612
61703673
61701945
61701683
61734451
61702621
61703768
61703697
61703980
61702171
61704059
61701724
61703926
61704085
61703695
61704097
61734366
61734398
61702047
61703004
61704382
61734870
61704145
61702967
61704287
61704565
61702601
61704030
61703762
61734902
61712608
61704004
61704805
61704051
61704862
61704537
61704999
61706328
61706163
61706766
61706488
61706703
61736901
61705684
61706981
61706019
61705307
61705301
61706934
61737258
61705603
61705845
61706752
61707101
61706531
61705781
61706623
61705740
61706879
61737300
61707029
61737530
61706135
61707337
61706917
61705118
61706027
61706760
61737745
61706065
61706097
61707466
61705304
61707700
61707607
61705823
61738142
61707452
61708169
61705633
61707887
61738190
61707967
61706392
61738364
61707588
61707743
61706349
61708072
61705998
61707031
61708318
61706530
61706877
61707255
61708540
61738649
61738926
61738809
61707280
61708765
61706854
61708733
61738734
61706764
61707048
61708554
61708715
61739117
61739150
61739262
61707635
61709074
61707629
61709210
61708973
61709264
61739413
61709080
61708458
61709228
61707352
61709564
61709525
61739883
61709508
61740061
61709467
61708554
61708556
61740024
61708682
61709815
61708438
61709800
61740319
61708548
61709486
61709142
61710060
61740626
61709950
61710207
61709312
61710196
61708082
61709432
61710330
61708151
61710401
61740924
61709028
61709676
61740741
61709716
61710398
61710540
61741076
61709308
61710495
61740852
61710876
61710834
61709990
61710829
61741276
61708734
61710470
61709569
61710935
61710521
61710625
61709680
61708879
61711386
61711099
61710754
61710995
61709464
61711200
61709521
61710502
61711256
61710911
61709406
61710230
61709789
61710349
61711564
61711435
61711614
61709949
61711597
61741895
61710439
61711797
61710465
61711908
61709924
61710871
61710087
61710533
61710902
61710427
61711025
61711624
61742390
61712221
61710370
61711222
61712402
61712064
61742846
61711145
61712595
61711670
61712755
61743122
61712573
61710650
61712644
61711044
61712806
61712770
61710982
61712751
61712635
61711462
61712099
61711940
61713141
61743278
61712970
61714923
61713178
61712396
61712837
61713177
61712369
61712691
61743650
61712033
61712117
61713409
61711344
61712336
61712425
61713368
61712781
61744120
61713566
61711718
61712501
61744213
61713176
61712651
61713948
61712276
61711863
61744403
61713227
61712675
61714116
61712814
61714405
61712723
61714240
61744697
61713665
61714311
61714570
61745079
61715038
61713026
61713329
61714794
61714470
61714744
61714628
61714289
61712992
61713851
61713448
61713238
61714080
61715397
61713486
61715344
61714188
61715522
61715297
61715558
61746017
61715504
61715193
61715754
61746058
61715543
61714501
61714297
61715594
61714007
61715824
61714380
61714193
61715859
61715713
61746066
61714759
61714413
61716158
61715616
61715736
61715960
61746469
61716172
61714133
61716410
61715539
61716562
61716539
61714714
61715038
61746940
61716777
61716590
61746924
61716832
61746841
61715631
61714960
61714654
61715408
61717027
61716987
61715391
61716487
61714999
61715930
61717093
61717056
61716942
61747498
61716985
61716991
61717240
61747612
61717247
61747738
61717638
61747700
61716352
61717632
61747918
61747947
61717687
61748151
61717434
61716931
61717117
61717567
61715801
61716571
61716201
61717780
61718017
61748207
61717985
61716147
61717326
61748434
61717015
61716723
61718217
61716468
61716974
61718240
61716533
61718188
61748855
61717995
61717118
61718322
61718347
61748618
61748799
61748862
61717318
61718502
61718182
61718692
61718109
61718695
61716747
61717311
61717518
61718637
61749162
61718570
61716978
61718867
61749408
61718751
61749041
61717645
61718213
61718864
61719371
61717777
61717860
61719140
61717509
61719282
61749359
61717818
61718841
61718211
61719299
61749831
61719336
61717723
61719768
61717521
61719705
61719651
61717917
61719727
61717996
61718720
61718016
61719756
61749991
61718434
61718583
61718583
61720109
61750151
61718867
61750516
61718410
61720044
61720262
61718371
61720218
61720403
61750639
61720215
61718543
61720384
61719178
61720353
61718636
61718764
61719949
61720966
61722729
61719787
61721022
61751437
61721271
61751327
61719929
61721123
61719488
61719353
61751396
61719948
61720340
61719964
61721333
61720600
61720723
61721601
61719846
61721479
61752146
61719528
61720848
61720595
61721609
61752091
61720222
61719775
61721025
61721823
61720086
61721214
61752310
61720703
61720721
61721219
61722122
61719998
61720795
61722235
61721952
61722049
61752629
61721997
61720815
61720922
61722380
61722448
61720599
61752870
61722435
61722423
61721819
61754742
61722961
61722909
61723917
61724810
61724454
61724689
61755190
61755228
61755185
61723903
61725152
61725081
61725234
61755885
61724237
61725387
61755877
61724131
61725675
61723806
61725603
61756215
61725746
61724859
61724529
61725778
61724023
61725783
61755897
61756104
61725049
61725613
61725796
61756207
61724492
61725164
61724820
61726192
61726097
61756321
61724512
61724740
61726529
61756394
61724891
61726326
61756660
61726233
61724289
61725311
61726557
61726442
61725280
61726492
61726653
61757081
61726796
61726742
61757164
61726646
61724931
61726952
61725188
61726496
61726795
61757169
61726144
61757059
61725748
61726948
61726789
61726968
61725774
61726578
61757412
61725722
61725884
61726428
61727203
61727126
61726050
61727107
61727348
61757593
61727269
61727158
61726905
61725424
61726310
61727531
61725534
61725429
61726503
61727714
61725943
61727569
61757973
61725832
61758295
61727811
61725915
61726750
61758245
61758166
61726586
61727955
61726824
61727964
61727880
61728021
61758374
61758601
61726972
61726486
61726797
61728131
61758596
61727980
61726486
61728101
61758401
61726993
61726977
61727829
61726927
61727346
61728438
61758860
61728519
61758841
61727636
61728635
61728602
61728614
61728770
61728713
61759413
61728630
61726945
61759125
61759280
61727077
61728878
61726832
61727790
61729110
61728132
61727924
61727983
61729393
61729201
61727761
61729054
61729258
61759941
61727426
61729347
61729065
61759870
61728336
61729736
61728938
61760050
61728529
61729946
61728205
61730264
61760488
61728686
61730024
61729239
61730064
61730010
61760411
61729873
61728066
61728989
61728103
61729994
61730019
61760533
61730152
61728466
61730202
61760561
61729086
61730362
61730305
61730258
61760520
61729136
61730433
61730304
61730869
61728338
61729824
61730397
61730405
61730471
61760911
61729547
61730738
61730034
61730792
61761317
61730695
61729473
61730157
61730870
61761122
61731164
61761422
61729603
61731119
61729238
61730499
61729737
61729885
61731299
61731053
61731543
61730137
61731304
61730710
61730339
61730123
61730761
61731539
61761847
61729953
61730406
61730501
61730659
61732013
61731576
61731991
61762312
61762237
61762328
61732037
61730643
61732036
61730252
61730023
61762699
61730955
61732279
61731176
61732466
61732409
61732377
61762870
61732383
61762731
61762596
61763176
61731428
61732424
61762922
61732530
61731181
61732440
61732657
61763016
61732933
61731266
61731483
61732834
61732683
61732670
61730720
61731705
61732862
61733285
61733001
61731412
61730919
61732108
61763316
61731283
61733026
61763315
61731708
61733300
61731817
61733347
61731548
61732491
61731667
61733009
61733165
61763350
61732063
61733285
61733418
61732166
61733130
61733386
61732717
61732352
61733550
61734053
61733539
61763979
61732232
61732521
61733866
61731790
61733881
61733887
61733915
61732439
61733866
61733881
61764234
61732470
61764445
61764533
61764721
61733594
61734393
61732691
61732963
61734520
61734498
61764739
61733259
61734658
61734400
61733294
61734615
61733072
61733923
61765184
61733508
61734784
61765205
61733562
61732675
61733068
61734749
61734780
61732814
61733929
61765331
61735025
61733239
61735160
61735041
61733634
61733666
61735107
61735058
61735201
61765541
61734008
61735195
61733235
61735396
61765986
61735416
61765911
61734549
61735531
61765871
61735661
61734914
61735898
61735121
61737488
61735836
61735039
61734736
61735889
61734163
61735950
61766258
61734592
61766247
61734919
61734543
61736298
61736256
61766743
61735464
61766958
61734975
61734794
61735741
61736467
61734862
61736357
61734536
61736557
61734950
61736308
61736573
61736518
61736511
61767004
61735481
61735628
61736870
61736772
61736795
61737149
61734730
61767288
61735726
61735371
61767267
61736338
61736714
61736561
61735429
61737129
61737277
61735499
61737016
61735080
61736143
61767536
61767632
61736171
61737441
61737195
61736627
61735398
61736813
61737694
61737972
61737723
61768288
61737535
61736975
61736999
61737670
61737727
61737044
61736540
61737871
61737639
61737842
61768149
61736614
61737163
61737672
61738180
61736059
61736880
61738169
61737588
61736304
61736336
61736707
61738114
61737710
61737906
61768147
61737310
61738112
61768331
61736678
61736560
61738038
61738228
61736860
61768763
61736582
61736584
61737595
61736836
61738238
61737606
61736419
61736934
61738405
61738848
61736665
61737448
61737952
61738569
61738735
61737546
61738931
61738458
61737163
61738872
61737669
61739052
61739104
61737319
61739199
61769466
61737395
61769607
61737980
61739397
61738040
61737199
61769874
61739280
61737432
61738341
61769941
61738893
61739609
61770054
61738480
61770253
61738643
61739940
61738083
61739764
61738018
61739966
61770120
61750669
61750571
61780815
61750803
61750709
61781306
61750736
61751850
61753201
61783547
61783881
61752116
61751684
61752174
61754011
61784682
61752999
61754464
61752367
61784810
61784698
61754562
61754210
61754539
61785125
61754618
61754588
61754503
61754586
61784907
61754470
61784918
61753485
61753242
61754228
61754901
61753802
61754815
61753002
61755028
61754756
61753879
61755150
61753686
61755017
61755333
61754715
61755504
61753961
61754504
61755568
61757161
61755431
61753600
61754452
61754083
61755477
61755656
61753963
61755610
61754343
61754934
61753956
61756007
61786081
61755644
61755904
61755269
61754291
61756092
61786463
61754890
61756201
61756362
61755406
61756391
61756154
61786584
61755097
61755174
61754349
61755560
61755123
61756160
61755347
61756696
61787197
61757099
61755441
61756813
61758623
61756948
61787311
61755734
61755334
61756192
61757071
61787620
61755705
61755881
61756135
61754942
61756910
61757172
61787512
61755920
61787690
61756466
61757449
61755596
61757733
61755776
61757453
61755737
61757515
61756729
61756697
61756756
61757901
61757616
61788194
61755582
61788220
61756497
61757688
61756064
61757851
61788400
61757565
61757732
61755996
61756886
61755868
61758120
61757588
61788544
61756859
61788468
61757067
61758176
61756569
61756687
61788794
61756885
61756810
61757187
61758559
61788911
61758915
61757476
61758660
61758584
61758653
61758918
61758929
61788954
61758693
61760506
61758872
61758234
61758819
61759025
61757844
61759048
61789519
61757802
61758016
61759303
61789595
61757955
61758107
61759398
61759467
61789786
61758430
61759700
61759561
61759791
61758043
61759204
61758822
61759024
61758110
61759758
61757971
61758782
61758187
61760100
61758817
61759993
61759855
61760065
61790441
61758956
61760181
61760414
61760099
61758161
61759375
61790744
61758638
61760211
61759630
61759579
61790752
61760184
61760699
61759718
61759705
61790785
61758794
61760493
61760746
61759295
61760480
61759551
61759520
61760822
61760945
61760670
61791178
61759393
61791229
61760372
61760849
61791362
61760910
61758915
61760017
61759229
61759296
61761414
61759192
61759078
61761242
61759556
61761332
61759164
61760211
61760739
61760900
61761514
61791768
61760244
61759886
61760401
61760900
61761613
61792098
61762088
61759642
61760565
61761787
61760396
61761912
61760189
61761414
61792132
61761681
61759690
61760760
61792257
61760794
61761906
61762050
61761888
61762118
61762113
61792442
61762047
61760331
61762183
61760491
61760142
61792775
61762373
61760460
61762362
61762568
61762787
61762656
61793175
61762986
61762733
61761254
61762705
61762672
61762677
61792959
61761462
61761251
61762754
61762923
61761206
61762146
61793444
61763041
61760979
61761868
61760930
61761888
61763151
61761558
61762678
61763122
61763144
61762040
61761307
61762656
61793540
61793709
61762195
61763390
61761369
61763411
61763371
61761702
61763482
61793984
61762353
61761984
61763555
61763009
61763767
61794347
61794226
61762165
61762615
61764011
61762291
61764058
61794390
61763951
61761918
61794445
61794210
61763315
61764253
61762393
61763972
61794411
61764013
61762429
61764237
61794408
61763008
61794505
61762847
61762608
61764353
61764587
61764397
61763656
61763197
61764558
61764168
61763924
61762892
61762962
61764454
61764661
61794996
61762889
61795128
61763315
61762699
61763615
61795162
61763733
61764809
61764963
61763263
61764115
61763256
61764838
61764292
61763544
61795556
61763865
61765114
61795599
61795268
61764742
61764963
61763886
61764580
61765239
61764099
61765327
61763733
61765271
61795834
61764446
61796012
61764185
61765605
61764684
61765584
61795788
61763924
61764151
61795822
61795959
61764496
61763702
61764509
61765737
61764351
61765900
61764013
61765701
61764609
61765796
61764183
61796110
61764586
61765895
61765852
61764055
61796548
61765332
61766132
61765491
61796687
61766058
61767960
61765524
61796420
61765658
61765130
61766331
61766282
61766330
61764668
61796606
61764777
61766449
61765895
61765599
61766475
61766134
61766871
61797382
61765451
61767107
61765677
61766953
61766563
61766801
61765619
61766950
61797333
61765677
61766995
61766473
61767083
61765346
61767037
61797428
61765147
61797664
61765976
61766046
61766441
61766179
61767278
61766133
61767504
61767489
61767103
61797816
61767403
61768140
61767006
61767081
61767271
61767029
61767653
61798145
61766230
61766094
61766345
61767868
61766202
61767736
61766178
61767900
61767959
61767249
61767718
61798326
61767707
61768088
61766122
61766929
61766834
61768081
61766172
61767484
61768368
61766501
61769013
61770172
61800710
61770257
61768761
61770653
61801221
61770792
61768859
61801470
61801438
61771145
61771433
61770893
61771266
61771140
61770959
61771248
61801709
61770807
61801830
61771013
61771733
61770267
61802028
61771907
61771680
61802290
61771639
61770061
61771894
61771906
61770196
61772316
61771709
61771784
61769906
61770741
61772062
61772046
61771295
61772272
61772281
61770496
61772150
61772207
61772762
61771066
61802768
61772441
61772449
61802899
61772431
61771666
61772664
61772706
61772386
61772565
61802970
61771418
61771049
61771738
61772693
61802942
61771524
61803212
61773016
61772669
61803199
61771594
61772669
61771813
61772997
61772864
61773194
61803717
61773152
61771162
61773272
61773386
61771621
61773566
61803782
61772081
61772377
61772457
61773511
61804033
61773644
61772030
61773700
61771784
61772629
61773964
61773756
61772363
61804585
61772591
61772842
61773386
61774205
61774216
61774084
61804596
61772994
61804547
61774404
61773223
61774472
61774610
61774498
61772970
61774240
61773849
61773256
61773336
61774585
61772865
61774693
61774565
61774036
61772602
61773525
61774815
61774878
61773997
61774633
61774559
61773183
61805321
61773399
61775112
61805291
61773835
61774155
61775083
61775225
61774135
61775497
61805893
61774666
61805858
61774220
61775527
61805847
61774247
61805572
61774369
61775502
61773768
61775802
61773869
61775962
61773567
61774394
61775568
61774615
61774562
61805940
61774485
61774007
61774457
61775730
61806172
61774135
61806113
61806513
61774646
61775847
61774558
61776095
61774334
61775923
61774450
61776237
61806566
61774731
61774931
61776348
61775631
61775727
61776388
61806859
61775997
61775957
61776315
61775653
61775237
61774758
61775571
61774997
61775389
61774872
61775261
61776705
61774954
61776861
61776421
61776578
61775946
61775749
61775733
61775724
61776901
61807394
61776839
61776029
61775880
61777150
61775533
61777192
61776835
61776505
61777242
61807942
61777255
61775328
61777380
61776650
61776220
61777568
61775773
61777416
61777863
61776551
61777530
61776437
61776376
61777625
61776687
61777744
61808408
61777911
61777214
61776624
61808237
61776949
61778033
61776272
61777977
61776885
61778206
61776335
61778068
61776924
61777095
61777216
61777050
61778281
61776981
61777607
61778403
61808740
61777205
61777773
61776993
61778590
61777015
61778693
61776776
61777504
61778466
61809549
61777867
61779116
61778914
61777299
61809318
61778532
61779280
61777628
61778588
61778015
61778860
61777345
61778238
61778168
61778130
61779636
61777868
61779840
61777521
61778729
61779796
61778492
61777711
61778460
61779805
61810300
61779716
61779060
61778061
61778106
61810213
61778816
61780027
61778301
61778017
61777977
61779417
61780221
61810567
61779091
61780293
61779081
61780405
61780040
61779067
61779185
61778912
61780741
61780629
61778651
61779722
61780807
61811265
61780796
61779368
61780809
61780769
61780086
61778878
61781293
61781006
61811621
61779685
61781068
61780413
61779146
61781030
61781171
61780247
61780627
61811663
61780226
61781424
61779810
61781426
61811972
61780508
61780122
61781109
61782390
61781935
61812339
61780707
61779969
61780268
61781885
61779849
61781026
61812474
61812441
61780929
61782140
61781771
61780045
61780142
61781130
61782269
61812771
61781469
61781487
61782485
61782353
61812655
61781125
61782494
61780744
61782326
61780342
61781303
61782573
61781879
61782541
61782209
61780722
61780490
61782694
61782423
61812873
61812995
61812851
61781635
61782597
61813179
61780902
61813086
61781610
61782781
61781064
61781244
61782009
61782488
61782675
61780838
61781799
61782877
61781212
61782809
61781716
61813191
61782763
61813738
61782001
61783206
61781575
61813517
61781759
61783224
61781233
61783312
61782414
61783362
61783124
61781407
61783687
61783483
61813855
61781802
61781964
61783557
61781602
61782423
61783771
61783068
61782224
61783346
61783697
61783148
61783847
61781887
61783725
61784052
61781900
61784065
61782013
61782947
61784072
61814487
61783378
61782132
61783841
61784097
61784163
61784238
61782639
61782294
61814909
61783219
61784444
61784783
61784494
61782771
61784507
61782869
61784597
61815027
61783270
61783460
61784496
61783781
61782727
61783050
61815239
61783960
61785014
61815213
61783717
61783818
61785074
61783505
61784873
61785584
61785395
61785039
61783170
61784248
61785216
61815660
61785201
61815599
61784103
61785376
61785405
61783901
61785345
61785486
61783520
61815725
61815706
61784405
61785654
61783995
61815796
61816189
61784451
61785865
Peak: 62170225
Average: 61019401.832474224
