# Episodes, Rewards
0.0,-1.332592592592593
1.0,-1.307692307692308
2.0,-1.292916666666667
3.0,-1.3205263157894738
4.0,-1.2429411764705887
5.0,-1.1833333333333338
6.0,-1.0209090909090914
7.0,-1.0161538461538464
8.0,-1.0183333333333338
9.0,-1.1446666666666667
10.0,-1.0183333333333338
11.0,-1.0183333333333338
12.0,-1.1109090909090915
13.0,-1.0142857142857145
14.0,-1.1008333333333338
15.0,-1.155714285714286
16.0,-1.210666666666667
17.0,-1.3483333333333336
18.0,-1.1557142857142861
19.0,-1.0183333333333338
20.0,-1.2838888888888893
21.0,-1.155714285714286
22.0,-1.1008333333333338
23.0,-1.2587500000000005
24.0,-1.3388888888888895
25.0,-1.3594117647058828
26.0,-1.2971428571428574
27.0,-1.4086666666666667
28.0,-1.276666666666667
29.0,-1.3361904761904764
30.0,-1.3833333333333333
31.0,-1.2971428571428576
32.0,-1.2684210526315791
33.0,-1.2264285714285719
34.0,-1.304
35.0,-1.2481250000000002
36.0,-1.3204545454545455
37.0,-1.2929166666666667
38.0,-1.0495454545454548
39.0,-1.2429411764705887
40.0,-1.1555000000000002
41.0,-1.1060000000000003
42.0,-1.0142857142857145
43.0,-1.0183333333333338
44.0,-1.0866666666666667
45.0,-1.0923076923076924
46.0,-1.118888888888889
47.0,-1.1264705882352946
48.0,-1.0126666666666668
49.0,-1.1350000000000002
50.0,-1.144666666666667
51.0,-1.0923076923076924
52.0,-1.2304545454545457
53.0,-1.1350000000000002
54.0,-1.1252941176470592
55.0,-1.0514285714285716
56.0,-0.5535000000000002
57.0,-0.6695238095238097
58.0,-0.24047619047619068
59.0,0.10166666666666657
60.0,0.371111111111111
61.0,0.6885714285714285
62.0,0.20886363636363636
63.0,0.67
64.0,0.2997727272727272
65.0,0.5676923076923075
66.0,0.7139473684210526
67.0,0.6179545454545454
68.0,0.4507894736842105
69.0,0.32875
70.0,0.4752777777777777
71.0,0.37875
72.0,0.5171428571428571
73.0,0.5164102564102562
74.0,0.6086842105263157
75.0,0.5287499999999999
76.0,0.29977272727272725
77.0,0.3787499999999999
78.0,0.48972972972972967
79.0,0.5978378378378378
80.0,0.47874999999999995
81.0,0.5560526315789475
82.0,0.6702564102564103
83.0,0.7215384615384614
84.0,0.5992857142857143
85.0,0.5270454545454545
86.0,0.36416666666666664
87.0,0.5742857142857143
88.0,0.705945945945946
89.0,0.5892682926829268
90.0,0.646904761904762
91.0,0.44888888888888895
92.0,0.5588888888888888
93.0,0.41384615384615375
94.0,0.39414634146341465
95.0,0.42874999999999996
96.0,0.6314285714285713
97.0,0.6287499999999999
98.0,0.5892682926829268
99.0,0.5992857142857142
100.0,0.57875
101.0,0.705945945945946
102.0,0.5623255813953487
103.0,0.4917073170731707
104.0,0.41384615384615375
105.0,0.39414634146341465
106.0,0.41972222222222216
107.0,0.41384615384615386
108.0,0.6518918918918919
109.0,0.4564285714285714
110.0,0.7139473684210526
111.0,0.504047619047619
112.0,0.27351351351351344
113.0,0.3683333333333333
114.0,0.5742857142857142
115.0,0.4197222222222222
116.0,0.47527777777777774
117.0,0.5287499999999999
118.0,0.5516666666666666
119.0,0.57875
120.0,0.48047619047619045
121.0,0.7139473684210527
122.0,0.6179545454545453
123.0,0.39414634146341465
124.0,0.6314285714285713
125.0,0.7139473684210527
126.0,0.6088372093023255
127.0,0.39068181818181813
128.0,0.4897297297297298
129.0,0.6518918918918917
130.0,0.6380487804878049
131.0,0.67875
132.0,0.6233333333333333
133.0,0.5676923076923076
134.0,0.6380487804878048
135.0,0.5404878048780487
136.0,0.6518918918918919
137.0,0.6380487804878048
138.0,0.6088372093023255
139.0,0.5287499999999999
140.0,0.6086842105263157
141.0,0.57875
142.0,0.6613157894736843
143.0,0.504047619047619
144.0,0.37875
145.0,0.5171428571428571
146.0,0.6518918918918918
147.0,0.5516666666666666
148.0,0.39815789473684204
149.0,0.42874999999999996
150.0,0.586388888888889
151.0,0.6613157894736842
152.0,0.5892682926829268
153.0,0.6613157894736841
154.0,0.5158139534883721
155.0,0.48972972972972967
156.0,0.561470588235294
157.0,0.5676923076923076
158.0,0.39414634146341454
159.0,0.4507894736842105
160.0,0.5437837837837838
161.0,0.5404878048780488
162.0,0.6791176470588235
163.0,0.618974358974359
164.0,0.6287499999999999
165.0,0.5164102564102563
166.0,0.67875
167.0,0.6380487804878049
168.0,0.701860465116279
169.0,0.5892682926829268
170.0,0.6702564102564101
171.0,0.48972972972972956
172.0,0.7255555555555556
173.0,0.6287499999999999
174.0,0.5539999999999999
175.0,0.47874999999999995
176.0,0.67875
177.0,0.5287499999999999
178.0,0.6086842105263156
179.0,0.5164102564102563
180.0,0.34536585365853656
181.0,0.6419444444444444
182.0,0.5560526315789475
183.0,0.7215384615384616
184.0,0.6088372093023255
185.0,0.6945238095238095
186.0,0.5724999999999999
187.0,0.5516666666666666
188.0,0.6791176470588234
189.0,0.618974358974359
190.0,0.5892682926829267
191.0,0.503421052631579
192.0,0.5892682926829268
193.0,0.4429268292682927
194.0,0.586388888888889
195.0,0.5560526315789474
196.0,0.6702564102564101
197.0,0.504047619047619
198.0,0.6613157894736842
199.0,0.6380487804878049
200.0,0.72875
201.0,0.5724999999999999
202.0,0.6702564102564104
203.0,0.6380487804878048
204.0,0.618974358974359
205.0,0.6088372093023255
206.0,0.4693023255813953
207.0,0.49170731707317067
208.0,0.48972972972972967
209.0,0.5164102564102563
210.0,0.5287499999999999
211.0,0.618974358974359
212.0,0.735609756097561
213.0,0.6380487804878048
214.0,0.6179545454545454
215.0,0.686829268292683
216.0,0.5724999999999999
217.0,0.47874999999999995
218.0,0.39414634146341454
219.0,0.4897297297297298
220.0,0.6086842105263157
221.0,0.67875
222.0,0.5992857142857142
223.0,0.3816216216216215
224.0,0.34571428571428564
225.0,0.586388888888889
226.0,0.5978378378378377
227.0,0.6518918918918918
228.0,0.7139473684210526
229.0,0.6945238095238094
230.0,0.6266666666666666
231.0,0.6613157894736842
232.0,0.4429268292682927
233.0,0.6613157894736843
234.0,0.57875
235.0,0.4429268292682926
236.0,0.5978378378378377
237.0,0.6885714285714286
238.0,0.6088372093023255
239.0,0.39414634146341465
240.0,0.6287499999999999
241.0,0.4564285714285714
242.0,0.6885714285714286
243.0,0.7139473684210526
244.0,0.67875
245.0,0.686829268292683
246.0,0.7356097560975609
247.0,0.5724999999999999
248.0,0.6868292682926829
249.0,0.742142857142857
250.0,0.6634090909090908
251.0,0.6179545454545453
252.0,0.6539999999999999
253.0,0.7215384615384615
254.0,0.686829268292683
255.0,0.6634090909090908
256.0,0.735609756097561
257.0,0.6469047619047619
258.0,0.5480434782608695
259.0,0.6419444444444443
260.0,0.6702564102564101
261.0,0.5404878048780488
262.0,0.5404878048780487
263.0,0.72875
264.0,0.6380487804878047
265.0,0.5158139534883721
266.0,0.6613157894736842
267.0,0.7405263157894737
268.0,0.5158139534883721
269.0,0.42874999999999996
270.0,0.5560526315789472
271.0,0.5034210526315789
272.0,0.6086842105263157
273.0,0.5863888888888887
274.0,0.618974358974359
275.0,0.6868292682926829
276.0,0.7421428571428571
277.0,0.5480434782608695
278.0,0.6518918918918918
279.0,0.5892682926829268
280.0,0.5892682926829268
281.0,0.6287499999999999
282.0,0.6868292682926829
283.0,0.6945238095238095
284.0,0.4488888888888889
285.0,0.4429268292682926
286.0,0.5863888888888888
287.0,0.618974358974359
288.0,0.504047619047619
289.0,0.5437837837837837
290.0,0.491025641025641
291.0,0.618974358974359
292.0,0.6086842105263158
293.0,0.6702564102564101
294.0,0.6868292682926829
295.0,0.6179545454545455
296.0,0.4693023255813953
297.0,0.6613157894736842
298.0,0.7215384615384615
299.0,0.4933333333333332
300.0,0.6613157894736842
301.0,0.515813953488372
302.0,0.6287499999999999
303.0,0.5404878048780487
304.0,0.6189743589743588
305.0,0.5676923076923075
306.0,0.7255555555555556
307.0,0.67875
308.0,0.6945238095238095
309.0,0.6088372093023255
310.0,0.5516666666666665
311.0,0.5863888888888888
312.0,0.5287499999999999
313.0,0.5676923076923077
314.0,0.6287499999999999
315.0,0.5992857142857142
316.0,0.6945238095238094
317.0,0.6287499999999999
318.0,0.7139473684210526
319.0,0.48159090909090896
320.0,0.6380487804878049
321.0,0.5992857142857142
322.0,0.5560526315789472
323.0,0.6613157894736842
324.0,0.6287499999999999
325.0,0.7059459459459458
326.0,0.6380487804878048
327.0,0.6179545454545454
328.0,0.5892682926829268
329.0,0.5892682926829268
330.0,0.6868292682926829
331.0,0.6189743589743589
332.0,0.735609756097561
333.0,0.6553488372093024
334.0,0.7088636363636364
335.0,0.5822222222222222
336.0,0.67875
337.0,0.7356097560975609
338.0,0.6179545454545454
339.0,0.5935897435897436
340.0,0.6791891891891891
341.0,0.5516666666666665
342.0,0.6945238095238094
343.0,0.686829268292683
344.0,0.5992857142857142
345.0,0.6088372093023255
346.0,0.7215384615384616
347.0,0.7088636363636364
348.0,0.4727659574468085
349.0,0.2997727272727272
350.0,0.5026470588235296
351.0,0.6314285714285713
352.0,0.6287499999999999
353.0,0.6613157894736843
354.0,0.67875
355.0,0.646904761904762
356.0,0.5377777777777778
357.0,0.5034210526315789
358.0,0.6419444444444445
359.0,0.6613157894736843
360.0,0.6088372093023254
361.0,0.6539999999999999
362.0,0.5164102564102564
363.0,0.57875
364.0,0.618974358974359
365.0,0.686829268292683
366.0,0.6945238095238094
367.0,0.7483720930232557
368.0,0.7483720930232557
369.0,0.6349999999999999
370.0,0.6945238095238094
371.0,0.771860465116279
372.0,0.7543181818181818
373.0,0.7543181818181818
374.0,0.6089583333333333
375.0,0.6784782608695652
376.0,0.6613157894736842
377.0,0.7215384615384617
378.0,0.7018604651162791
379.0,0.39725490196078433
380.0,0.06499999999999995
381.0,0.19548387096774184
382.0,0.18763157894736837
383.0,0.4651282051282051
384.0,0.6419444444444443
385.0,0.686829268292683
386.0,0.6287499999999999
387.0,0.6287499999999999
388.0,0.6868292682926829
389.0,0.6945238095238095
390.0,0.7421428571428571
391.0,0.7018604651162789
392.0,0.701860465116279
393.0,0.7483720930232558
394.0,0.7483720930232558
395.0,0.7219565217391303
396.0,0.6179545454545454
397.0,0.6868292682926829
398.0,0.5992857142857142
399.0,0.5164102564102564
400.0,0.6287499999999999
401.0,0.7114634146341464
402.0,0.6553488372093024
403.0,0.5822222222222222
404.0,0.5863888888888887
405.0,0.4564285714285714
406.0,0.7139473684210527
407.0,0.7421428571428571
408.0,0.5480434782608696
409.0,0.5164102564102564
410.0,0.618974358974359
411.0,0.39414634146341454
412.0,0.6702564102564101
413.0,0.686829268292683
414.0,0.7356097560975609
415.0,0.6349999999999999
416.0,0.7215384615384615
417.0,0.67875
418.0,0.7088636363636363
419.0,0.6553488372093024
420.0,0.6088372093023255
421.0,0.6179545454545455
422.0,0.6868292682926829
423.0,0.67875
424.0,0.701860465116279
425.0,0.7483720930232558
426.0,0.6266666666666666
427.0,0.6553488372093023
428.0,0.6469047619047618
429.0,0.5308333333333333
430.0,0.57875
431.0,0.7421428571428572
432.0,0.7088636363636363
433.0,0.735609756097561
434.0,0.7088636363636363
435.0,0.7483720930232558
436.0,0.6004255319148936
437.0,0.7356097560975609
438.0,0.7356097560975609
439.0,0.7155555555555555
440.0,0.5578723404255318
441.0,0.6518918918918919
442.0,0.4610869565217391
443.0,0.37875
444.0,0.5308333333333333
445.0,0.5516666666666666
446.0,0.72875
447.0,0.72875
448.0,0.6945238095238095
449.0,0.7483720930232558
450.0,0.42499999999999993
451.0,0.6702564102564101
452.0,0.6945238095238094
453.0,0.6088372093023255
454.0,0.5992857142857143
455.0,0.57875
456.0,0.5158139534883721
457.0,0.7356097560975609
458.0,0.6553488372093023
459.0,0.6553488372093024
460.0,0.5158139534883721
461.0,0.6287499999999999
462.0,0.72875
463.0,0.6088372093023255
464.0,0.6088372093023255
465.0,0.5725
466.0,0.7139473684210526
467.0,0.72875
468.0,0.671111111111111
469.0,0.57875
470.0,0.6613157894736841
471.0,0.6469047619047619
472.0,0.5623255813953489
473.0,0.5892682926829268
474.0,0.6518918918918919
475.0,0.67875
476.0,0.72875
477.0,0.6553488372093024
478.0,0.748372093023256
479.0,0.6491111111111111
480.0,0.6287499999999999
481.0,0.686829268292683
482.0,0.6945238095238094
483.0,0.6553488372093023
484.0,0.6553488372093023
485.0,0.7215384615384616
486.0,0.7088636363636364
487.0,0.5480434782608695
488.0,0.57875
489.0,0.7215384615384616
490.0,0.701860465116279
491.0,0.5915217391304346
492.0,0.4507894736842105
493.0,0.5164102564102564
494.0,0.6539999999999999
495.0,0.504047619047619
496.0,0.6626829268292682
497.0,0.5992857142857142
498.0,0.46512820512820513
499.0,0.5040476190476191
500.0,0.5978378378378378
501.0,0.7139473684210526
502.0,0.6179545454545454
503.0,0.72875
504.0,0.742142857142857
505.0,0.6429787234042552
506.0,0.646904761904762
507.0,0.701860465116279
508.0,0.7088636363636364
509.0,0.7661904761904762
510.0,0.7155555555555555
511.0,0.7155555555555555
512.0,0.7088636363636363
513.0,0.7543181818181818
514.0,-0.13015151515151527
515.0,0.13777777777777775
516.0,0.42874999999999996
517.0,0.6086842105263157
518.0,0.6518918918918917
519.0,0.5516666666666667
520.0,0.67875
521.0,0.72875
522.0,0.701860465116279
523.0,0.7483720930232558
524.0,0.7483720930232558
525.0,0.7155555555555555
526.0,0.7155555555555555
527.0,0.7599999999999999
528.0,0.5623255813953487
529.0,0.735609756097561
530.0,0.6266666666666666
531.0,0.7483720930232558
532.0,0.6784782608695652
533.0,0.7088636363636364
534.0,0.671111111111111
535.0,0.7543181818181818
536.0,0.7483720930232558
537.0,0.671111111111111
538.0,0.7543181818181818
539.0,0.7543181818181819
540.0,0.6349999999999999
541.0,0.6784782608695652
542.0,0.6266666666666667
543.0,0.6945238095238094
544.0,0.7483720930232557
545.0,0.7155555555555555
546.0,0.5672916666666666
547.0,0.6553488372093024
548.0,0.5623255813953487
549.0,0.6088372093023255
550.0,0.686829268292683
551.0,0.4727659574468083
552.0,0.6287499999999999
553.0,0.7356097560975609
554.0,0.7018604651162791
555.0,0.4488888888888889
556.0,0.35999999999999993
557.0,0.5978378378378377
558.0,0.67875
559.0,0.5614705882352942
560.0,0.5171428571428572
561.0,0.5978378378378377
562.0,0.6086842105263159
563.0,0.7215384615384615
564.0,0.5270454545454544
565.0,0.4693023255813953
566.0,0.4088095238095238
567.0,0.6086842105263157
568.0,0.5270454545454546
569.0,0.6287499999999999
570.0,0.5892682926829268
571.0,0.5516666666666666
572.0,0.6086842105263157
573.0,0.7139473684210526
574.0,0.7356097560975609
575.0,0.6634090909090907
576.0,0.4488888888888888
577.0,0.5992857142857142
578.0,0.6868292682926829
579.0,0.6469047619047619
580.0,0.7018604651162791
581.0,0.7088636363636363
582.0,0.7018604651162791
583.0,0.7088636363636364
584.0,0.6945238095238094
585.0,0.671111111111111
586.0,0.6711111111111111
587.0,0.49333333333333323
588.0,0.6287499999999999
589.0,0.7356097560975609
590.0,0.7483720930232558
591.0,0.7543181818181818
592.0,0.76
593.0,0.7219565217391303
594.0,0.11087719298245609
595.0,-0.1108333333333334
596.0,0.504047619047619
597.0,0.67875
598.0,0.72875
599.0,0.6266666666666665
600.0,0.3451063829787233
601.0,0.5676923076923075
602.0,0.6518918918918918
603.0,0.6287499999999999
604.0,0.6380487804878048
605.0,0.701860465116279
606.0,0.5992857142857143
607.0,0.5623255813953487
608.0,0.6469047619047619
609.0,0.5404878048780487
610.0,0.7139473684210524
611.0,0.686829268292683
612.0,0.6553488372093023
613.0,0.5724999999999999
614.0,0.6469047619047619
615.0,0.7421428571428571
616.0,0.7543181818181816
617.0,0.5672916666666666
618.0,0.387659574468085
619.0,0.5287499999999999
620.0,0.7215384615384614
621.0,0.7421428571428571
622.0,0.7543181818181819
623.0,0.4538775510204081
624.0,0.6266666666666667
625.0,0.6380487804878048
626.0,0.72875
627.0,0.701860465116279
628.0,0.7018604651162791
629.0,0.6266666666666667
630.0,0.1922916666666666
631.0,0.39414634146341454
632.0,0.6885714285714284
633.0,0.5892682926829268
634.0,0.72875
635.0,0.7356097560975609
636.0,0.6349999999999999
637.0,0.701860465116279
638.0,0.7155555555555556
639.0,0.7155555555555556
640.0,0.7088636363636364
641.0,0.7155555555555555
642.0,0.7543181818181816
643.0,0.7599999999999999
644.0,0.7219565217391303
645.0,0.7483720930232557
646.0,0.7599999999999999
647.0,0.7219565217391305
648.0,0.7599999999999999
649.0,0.7219565217391303
650.0,0.7599999999999999
651.0,0.7654347826086957
652.0,0.6579591836734694
653.0,0.5915217391304348
654.0,0.4649999999999999
655.0,0.5992857142857142
656.0,0.6469047619047619
657.0,0.6469047619047618
658.0,0.7483720930232557
659.0,0.6634090909090908
660.0,0.6004255319148936
661.0,0.6702564102564103
662.0,0.618974358974359
663.0,0.6945238095238094
664.0,0.7088636363636361
665.0,0.7088636363636364
666.0,0.48395833333333327
667.0,0.67875
668.0,0.6518918918918918
669.0,0.72875
670.0,0.7155555555555556
671.0,0.6469047619047618
672.0,0.6380487804878048
673.0,0.7421428571428571
674.0,0.6266666666666666
675.0,0.6179545454545454
676.0,0.7139473684210526
677.0,0.6553488372093023
678.0,0.7483720930232558
679.0,0.7599999999999999
680.0,0.7599999999999999
681.0,0.7219565217391303
682.0,0.7155555555555556
683.0,0.6266666666666667
684.0,0.6711111111111111
685.0,0.7483720930232557
686.0,0.76
687.0,0.76
688.0,0.7654347826086957
689.0,0.685531914893617
690.0,0.7155555555555555
691.0,0.7155555555555556
692.0,0.7543181818181818
693.0,0.7219565217391303
694.0,0.76
695.0,0.5449999999999999
696.0,0.19074074074074063
697.0,0.57875
698.0,0.6702564102564103
699.0,0.6945238095238094
700.0,0.6088372093023255
701.0,0.6945238095238094
702.0,0.7483720930232558
703.0,0.7219565217391303
704.0,0.5045652173913043
705.0,0.742142857142857
706.0,0.7421428571428571
707.0,0.6711111111111111
708.0,0.5915217391304347
709.0,0.6553488372093021
710.0,0.742142857142857
711.0,0.7543181818181818
712.0,0.6004255319148936
713.0,0.7155555555555556
714.0,0.671111111111111
715.0,0.7318181818181817
716.0,0.7155555555555556
717.0,0.5915217391304346
718.0,0.5480434782608695
719.0,0.742142857142857
720.0,0.6711111111111111
721.0,0.7155555555555555
722.0,0.4249999999999999
723.0,0.6469047619047619
724.0,0.6868292682926829
725.0,0.6634090909090908
726.0,0.6088372093023255
727.0,0.7421428571428572
728.0,0.7483720930232558
729.0,0.6784782608695652
730.0,0.16196078431372546
731.0,0.4227906976744186
732.0,0.7215384615384615
733.0,0.748372093023256
734.0,0.6711111111111111
735.0,0.7483720930232557
736.0,0.76
737.0,0.7543181818181818
738.0,0.6784782608695651
739.0,0.685531914893617
740.0,0.7356097560975609
741.0,0.5480434782608695
742.0,0.7483720930232558
743.0,0.701860465116279
744.0,0.7483720930232558
745.0,0.7543181818181818
746.0,0.24611111111111103
747.0,0.6266666666666666
748.0,0.7421428571428571
749.0,0.7483720930232558
750.0,0.43647058823529405
751.0,0.4727659574468083
752.0,0.701860465116279
753.0,0.6469047619047619
754.0,0.6634090909090908
755.0,0.671111111111111
756.0,0.686829268292683
757.0,0.7421428571428571
758.0,0.7483720930232558
759.0,0.7772727272727273
760.0,0.76
761.0,0.7654347826086955
762.0,0.6855319148936169
763.0,0.76
764.0,0.5355102040816326
765.0,0.6784782608695652
766.0,0.4051999999999999
767.0,0.3876595744680851
768.0,0.6702564102564103
769.0,0.6868292682926829
770.0,0.7543181818181818
771.0,0.43647058823529405
772.0,0.51531914893617
773.0,0.6553488372093024
774.0,0.7421428571428571
775.0,0.7155555555555555
776.0,0.5822222222222222
777.0,0.7421428571428571
778.0,0.7088636363636364
779.0,0.7543181818181819
780.0,0.76
781.0,0.76
782.0,0.7599999999999999
783.0,0.7654347826086955
784.0,0.5149019607843137
785.0,0.6855319148936169
786.0,0.7483720930232557
787.0,0.7543181818181816
788.0,0.7280851063829785
789.0,0.7219565217391303
790.0,0.7018604651162791
791.0,0.7155555555555555
792.0,0.76
793.0,0.7654347826086955
794.0,0.5672916666666666
795.0,0.7483720930232557
796.0,0.6266666666666667
797.0,0.6349999999999999
798.0,0.663409090909091
799.0,0.671111111111111
800.0,0.7088636363636364
801.0,0.76
802.0,0.7155555555555555
803.0,0.6349999999999999
804.0,0.4933333333333333
805.0,0.67875
806.0,0.7483720930232557
807.0,0.5578723404255318
808.0,0.5153191489361701
809.0,0.5892682926829268
810.0,0.72875
811.0,0.7088636363636364
812.0,0.7543181818181818
813.0,0.7004347826086957
814.0,0.7772727272727273
815.0,0.685531914893617
816.0,0.6644680851063829
817.0,0.7088636363636364
818.0,0.5480434782608694
819.0,0.651891891891892
820.0,0.6702564102564101
821.0,0.754
822.0,0.7483720930232557
823.0,0.76
824.0,0.7280851063829787
825.0,0.5915217391304347
826.0,0.34510638297872337
827.0,0.6448717948717949
828.0,0.6553488372093024
829.0,0.5724999999999999
830.0,0.7602439024390244
831.0,0.701860465116279
832.0,0.7018604651162791
833.0,0.7155555555555555
834.0,0.7018604651162791
835.0,0.7018604651162791
836.0,0.7155555555555556
837.0,0.5822222222222222
838.0,0.5045652173913042
839.0,0.6380487804878048
840.0,0.6634090909090908
841.0,0.5516666666666666
842.0,0.46930232558139534
843.0,0.5404878048780488
844.0,0.6380487804878048
845.0,0.6553488372093023
846.0,0.6179545454545455
847.0,0.12274509803921567
848.0,0.2543181818181818
849.0,0.46512820512820513
850.0,0.5560526315789475
851.0,0.5676923076923077
852.0,0.5992857142857142
853.0,0.6702564102564101
854.0,0.6380487804878049
855.0,0.6868292682926829
856.0,0.7356097560975609
857.0,0.6945238095238094
858.0,0.5915217391304347
859.0,0.6945238095238094
860.0,0.7421428571428571
861.0,0.7483720930232558
862.0,0.76
863.0,0.7219565217391305
864.0,0.6711111111111112
865.0,0.7155555555555555
866.0,0.6004255319148935
867.0,0.7018604651162791
868.0,0.7088636363636363
869.0,0.7155555555555555
870.0,0.18428571428571422
871.0,0.2543181818181818
872.0,0.5404878048780487
873.0,0.7139473684210526
874.0,0.7215384615384615
875.0,0.4488888888888889
876.0,0.6868292682926829
877.0,0.67875
878.0,0.72875
879.0,0.5822222222222221
880.0,0.6711111111111111
881.0,0.7088636363636364
882.0,0.7088636363636363
883.0,0.5915217391304348
884.0,0.6134782608695651
885.0,0.7543181818181818
886.0,0.6711111111111111
887.0,0.671111111111111
888.0,0.6784782608695652
889.0,0.771860465116279
890.0,0.76
891.0,0.7219565217391303
892.0,0.7599999999999999
893.0,0.7155555555555556
894.0,0.6349999999999999
895.0,0.7219565217391303
896.0,0.7155555555555555
897.0,0.7543181818181818
898.0,0.7219565217391305
899.0,0.6553488372093023
900.0,0.5915217391304347
901.0,0.6469047619047619
902.0,0.7543181818181818
903.0,0.7155555555555556
904.0,0.7219565217391303
905.0,0.6784782608695652
906.0,0.4538775510204081
907.0,0.5045652173913043
908.0,0.6469047619047619
909.0,0.7421428571428571
910.0,0.7599999999999999
911.0,0.76
912.0,0.6855319148936169
913.0,0.7543181818181818
914.0,0.7654347826086955
915.0,0.7654347826086955
916.0,0.6429787234042552
917.0,0.7219565217391303
918.0,0.7219565217391305
919.0,0.7155555555555556
920.0,0.7219565217391305
921.0,0.6179545454545454
922.0,0.7088636363636364
923.0,0.7543181818181818
924.0,0.7654347826086955
925.0,0.6855319148936169
926.0,0.7654347826086955
927.0,0.7543181818181818
928.0,0.7155555555555553
929.0,0.6429787234042553
930.0,0.6429787234042552
931.0,0.7219565217391305
932.0,0.7155555555555556
933.0,0.7483720930232558
934.0,0.76
935.0,0.7280851063829787
936.0,0.7654347826086957
937.0,0.02209677419354834
938.0,0.5915217391304346
939.0,0.6945238095238094
940.0,0.7088636363636364
941.0,0.7219565217391305
942.0,0.7155555555555556
943.0,0.7155555555555555
944.0,0.7654347826086955
945.0,0.5672916666666666
946.0,0.6784782608695651
947.0,0.6784782608695652
948.0,0.7599999999999999
949.0,0.7654347826086957
950.0,0.7219565217391305
951.0,0.6506249999999999
952.0,0.7155555555555555
953.0,0.7654347826086955
954.0,0.6855319148936169
955.0,0.6634090909090908
956.0,0.7543181818181818
957.0,0.7599999999999999
958.0,0.7654347826086955
959.0,0.7654347826086955
960.0,0.7280851063829787
961.0,0.7654347826086957
962.0,0.7706382978723403
963.0,0.6089583333333334
964.0,0.32018518518518513
965.0,0.4946938775510204
966.0,0.5822222222222222
967.0,0.7543181818181818
968.0,0.7219565217391305
969.0,0.7280851063829785
970.0,0.6004255319148937
971.0,0.7219565217391305
972.0,0.76
973.0,0.7654347826086955
974.0,0.7654347826086955
975.0,0.7280851063829787
976.0,0.7654347826086955
977.0,0.7654347826086955
978.0,0.7654347826086957
979.0,0.7280851063829785
980.0,0.7155555555555556
981.0,0.7654347826086955
982.0,0.7280851063829787
983.0,0.7599999999999999
984.0,0.7654347826086955
985.0,0.7280851063829787
986.0,0.7280851063829785
987.0,0.7654347826086955
988.0,0.6922916666666666
989.0,0.7543181818181816
990.0,0.7483720930232558
991.0,0.7280851063829787
992.0,0.7654347826086955
993.0,0.7654347826086955
994.0,0.7706382978723403
995.0,0.7706382978723403
996.0,0.6922916666666666
997.0,0.5149019607843137
998.0,0.6004255319148936
999.0,0.7219565217391303
1000.0,0.7654347826086957
1001.0,0.7654347826086957
1002.0,0.7219565217391303
1003.0,0.7599999999999998
1004.0,0.7599999999999999
1005.0,0.7654347826086955
1006.0,0.7280851063829785
1007.0,0.42037735849056607
1008.0,0.685531914893617
1009.0,0.7421428571428571
1010.0,0.7155555555555553
1011.0,0.7219565217391303
1012.0,0.7439130434782607
1013.0,0.76
1014.0,0.7219565217391303
1015.0,0.76
1016.0,0.7706382978723403
1017.0,0.7654347826086957
1018.0,0.7706382978723403
1019.0,0.7706382978723403
1020.0,0.6634090909090907
1021.0,0.7543181818181819
1022.0,0.7654347826086955
1023.0,0.7706382978723404
1024.0,0.7280851063829787
1025.0,0.6855319148936169
1026.0,0.585
1027.0,0.6429787234042552
1028.0,0.7654347826086955
1029.0,0.7280851063829787
1030.0,0.5157777777777778
1031.0,0.6945238095238094
1032.0,0.7356097560975609
1033.0,0.6711111111111112
1034.0,0.5672916666666666
1035.0,0.72875
1036.0,0.6553488372093024
1037.0,0.6349999999999999
1038.0,0.7088636363636364
1039.0,0.6711111111111112
1040.0,0.7219565217391303
1041.0,0.6323255813953487
1042.0,0.5822222222222221
1043.0,0.6179545454545455
1044.0,0.6945238095238094
1045.0,0.6634090909090907
1046.0,0.7155555555555555
1047.0,0.6711111111111111
1048.0,0.6634090909090908
1049.0,0.7185714285714285
1050.0,0.7155555555555556
1051.0,0.671111111111111
1052.0,0.6179545454545454
1053.0,0.5915217391304347
1054.0,0.6868292682926829
1055.0,0.7483720930232558
1056.0,0.6784782608695652
1057.0,0.6266666666666666
1058.0,0.7088636363636364
1059.0,0.7088636363636364
1060.0,0.45387755102040805
1061.0,0.10399999999999995
1062.0,0.43285714285714283
1063.0,0.7139473684210526
1064.0,0.6868292682926829
1065.0,0.6469047619047619
1066.0,0.7421428571428571
1067.0,0.6349999999999999
1068.0,0.7599999999999999
1069.0,0.7543181818181816
1070.0,0.7654347826086957
1071.0,0.7654347826086955
1072.0,0.76
1073.0,0.7219565217391305
1074.0,0.7654347826086955
1075.0,0.7654347826086958
1076.0,0.7654347826086957
1077.0,0.7706382978723403
1078.0,0.23767857142857135
1079.0,0.38499999999999995
1080.0,0.7018604651162791
1081.0,0.7356097560975609
1082.0,0.7155555555555555
1083.0,0.7599999999999999
1084.0,0.39285714285714285
1085.0,0.6784782608695651
1086.0,0.67875
1087.0,0.7421428571428571
1088.0,0.7155555555555555
1089.0,0.7772727272727273
1090.0,0.7824444444444445
1091.0,0.7280851063829789
1092.0,0.6922916666666667
1093.0,0.7654347826086955
1094.0,0.7654347826086955
1095.0,0.7654347826086955
1096.0,0.6579591836734692
1097.0,0.7070212765957444
1098.0,0.7654347826086955
1099.0,0.7654347826086957
1100.0,0.7706382978723403
1101.0,0.7873913043478259
1102.0,0.7706382978723403
1103.0,0.7339583333333333
1104.0,0.6922916666666666
1105.0,0.07355932203389821
1106.0,0.3449999999999999
1107.0,0.6266666666666666
1108.0,0.7543181818181819
1109.0,0.7543181818181818
1110.0,0.7219565217391303
1111.0,0.685531914893617
1112.0,0.72875
1113.0,0.7483720930232557
1114.0,0.7654347826086958
1115.0,0.7339583333333333
1116.0,0.7654347826086957
1117.0,0.4946938775510203
1118.0,0.5915217391304346
1119.0,0.671111111111111
1120.0,0.7824444444444445
1121.0,0.7219565217391305
1122.0,0.7654347826086958
1123.0,0.7599999999999999
1124.0,0.7280851063829785
1125.0,0.7155555555555555
1126.0,0.7483720930232558
1127.0,0.7654347826086955
1128.0,0.7654347826086957
1129.0,0.585
1130.0,0.63
1131.0,0.7018604651162791
1132.0,0.7483720930232558
1133.0,0.6219148936170211
1134.0,0.7004347826086956
1135.0,0.7155555555555555
1136.0,0.7654347826086957
1137.0,0.7654347826086955
1138.0,0.7706382978723403
1139.0,0.7706382978723403
1140.0,0.7706382978723403
1141.0,0.7706382978723403
1142.0,0.7706382978723404
1143.0,0.7339583333333332
1144.0,0.585
1145.0,0.47568627450980383
1146.0,0.6506249999999999
1147.0,0.7654347826086955
1148.0,0.6171428571428571
1149.0,0.5256249999999999
1150.0,0.7219565217391305
1151.0,0.685531914893617
1152.0,0.7654347826086955
1153.0,0.461086956521739
1154.0,0.5480434782608696
1155.0,0.7483720930232558
1156.0,0.7543181818181818
1157.0,0.7654347826086955
1158.0,0.7873913043478259
1159.0,0.7706382978723404
1160.0,0.7654347826086955
1161.0,0.7706382978723404
1162.0,0.7280851063829787
1163.0,0.585
1164.0,0.7280851063829785
1165.0,0.7706382978723404
1166.0,0.7706382978723404
1167.0,0.7706382978723403
1168.0,0.6922916666666666
1169.0,0.7706382978723403
1170.0,0.6171428571428571
1171.0,0.6089583333333333
1172.0,0.370576923076923
1173.0,0.505
1174.0,0.7088636363636363
1175.0,0.76
1176.0,0.6506249999999999
1177.0,0.7654347826086957
1178.0,0.7599999999999999
1179.0,0.7654347826086957
1180.0,0.7706382978723403
1181.0,0.7706382978723404
1182.0,0.7706382978723403
1183.0,0.7706382978723403
1184.0,0.7495744680851062
1185.0,0.7654347826086955
1186.0,0.617142857142857
1187.0,0.6171428571428572
1188.0,0.76
1189.0,0.76
1190.0,0.7654347826086957
1191.0,0.7706382978723404
1192.0,0.7654347826086955
1193.0,0.6784782608695652
1194.0,0.7219565217391303
1195.0,0.6506249999999999
1196.0,0.5763265306122448
1197.0,0.6784782608695652
1198.0,0.7654347826086955
1199.0,0.7706382978723404
1200.0,0.6506249999999999
1201.0,0.685531914893617
1202.0,0.7654347826086955
1203.0,0.7706382978723404
1204.0,0.7706382978723403
1205.0,0.7280851063829787
1206.0,0.7339583333333333
1207.0,0.7706382978723403
1208.0,0.7280851063829787
1209.0,0.7280851063829787
1210.0,0.7280851063829787
1211.0,0.685531914893617
1212.0,0.6004255319148937
1213.0,0.7219565217391306
1214.0,0.76
1215.0,0.7219565217391305
1216.0,0.47568627450980383
1217.0,0.45387755102040805
1218.0,0.6975
1219.0,0.72875
1220.0,0.7219565217391306
1221.0,0.5049999999999999
1222.0,0.5256249999999999
1223.0,0.7543181818181818
1224.0,0.7155555555555555
1225.0,0.7599999999999999
1226.0,0.7654347826086957
1227.0,0.7280851063829785
1228.0,0.5763265306122448
1229.0,0.6784782608695651
1230.0,0.7599999999999999
1231.0,0.7280851063829787
1232.0,0.7253488372093023
1233.0,0.7318181818181817
1234.0,0.76
1235.0,0.7654347826086957
1236.0,0.7873913043478261
1237.0,0.7654347826086957
1238.0,0.7280851063829787
1239.0,0.7654347826086957
1240.0,0.7654347826086955
1241.0,0.7654347826086957
1242.0,0.6506249999999999
1243.0,0.6922916666666666
1244.0,0.6429787234042551
1245.0,0.7599999999999999
1246.0,0.76
1247.0,0.7654347826086955
1248.0,0.7706382978723403
1249.0,0.7706382978723403
1250.0,0.7706382978723403
1251.0,0.5849999999999999
1252.0,0.585
1253.0,0.7654347826086957
1254.0,0.7280851063829785
1255.0,0.7654347826086955
1256.0,0.7280851063829785
1257.0,0.7280851063829787
1258.0,0.7599999999999999
1259.0,0.6922916666666666
1260.0,0.7219565217391305
1261.0,0.76
1262.0,0.7280851063829787
1263.0,0.7654347826086955
1264.0,0.685531914893617
1265.0,0.7873913043478259
1266.0,0.7654347826086955
1267.0,0.7280851063829785
1268.0,0.7706382978723403
1269.0,0.6855319148936169
1270.0,0.6506249999999999
1271.0,0.7219565217391303
1272.0,0.7654347826086957
1273.0,0.7654347826086955
1274.0,0.6922916666666664
1275.0,0.6089583333333333
1276.0,0.6784782608695651
1277.0,0.7219565217391305
1278.0,0.7599999999999999
1279.0,0.7654347826086955
1280.0,0.6506249999999999
1281.0,0.7706382978723404
1282.0,0.7654347826086957
1283.0,0.6922916666666666
1284.0,0.7706382978723405
1285.0,0.5449999999999999
1286.0,0.685531914893617
1287.0,0.7654347826086955
1288.0,0.4756862745098039
1289.0,0.6784782608695651
1290.0,0.7654347826086957
1291.0,0.7280851063829785
1292.0,0.7654347826086957
1293.0,0.7654347826086957
1294.0,0.7654347826086957
1295.0,0.6922916666666664
1296.0,0.6171428571428571
1297.0,0.7219565217391305
1298.0,0.5449999999999999
1299.0,0.48395833333333327
1300.0,0.7088636363636361
1301.0,0.7155555555555556
1302.0,0.7599999999999999
1303.0,0.7599999999999999
1304.0,0.7654347826086957
1305.0,0.7280851063829785
1306.0,0.7280851063829787
1307.0,0.7654347826086957
1308.0,0.7706382978723403
1309.0,0.7706382978723403
1310.0,0.7706382978723403
1311.0,0.7280851063829785
1312.0,0.7280851063829787
1313.0,0.7654347826086955
1314.0,0.7706382978723403
1315.0,0.7706382978723403
1316.0,0.7706382978723404
1317.0,0.7706382978723404
1318.0,0.7706382978723403
1319.0,0.6922916666666666
1320.0,0.7339583333333333
1321.0,0.7280851063829785
1322.0,0.7706382978723403
1323.0,0.21614035087719294
1324.0,0.3705769230769231
1325.0,0.6349999999999999
1326.0,0.7654347826086955
1327.0,0.6855319148936169
1328.0,0.650625
1329.0,0.7654347826086957
1330.0,0.6506249999999999
1331.0,0.7219565217391303
1332.0,0.7280851063829785
1333.0,0.7654347826086957
1334.0,0.5449999999999998
1335.0,0.5355102040816326
1336.0,0.7600000000000002
1337.0,0.76
1338.0,0.7599999999999999
1339.0,0.7654347826086957
1340.0,0.5763265306122448
1341.0,0.6922916666666666
1342.0,0.7280851063829785
1343.0,0.7873913043478261
1344.0,0.7280851063829785
1345.0,0.7280851063829787
1346.0,0.7280851063829789
1347.0,0.6922916666666666
1348.0,0.7219565217391305
1349.0,0.7873913043478262
1350.0,0.7654347826086957
1351.0,0.7706382978723404
1352.0,0.7495744680851062
1353.0,0.7654347826086955
1354.0,0.7654347826086955
1355.0,0.7654347826086955
1356.0,0.6922916666666666
1357.0,0.7280851063829787
1358.0,0.7654347826086957
1359.0,0.7280851063829787
1360.0,0.6922916666666666
1361.0,0.2512280701754385
1362.0,0.6506249999999999
1363.0,0.685531914893617
1364.0,0.7599999999999999
1365.0,0.7219565217391303
1366.0,0.6088372093023255
1367.0,0.7543181818181819
1368.0,0.7219565217391305
1369.0,0.7004347826086956
1370.0,0.7599999999999999
1371.0,0.7654347826086955
1372.0,0.7654347826086957
1373.0,0.7706382978723404
1374.0,0.7706382978723403
1375.0,0.7873913043478259
1376.0,0.6922916666666666
1377.0,0.6922916666666666
1378.0,0.5449999999999999
1379.0,0.6429787234042553
1380.0,0.7654347826086955
1381.0,0.7654347826086957
1382.0,0.7280851063829787
1383.0,0.7280851063829787
1384.0,0.7280851063829785
1385.0,0.7654347826086957
1386.0,0.7706382978723404
1387.0,0.7706382978723403
1388.0,0.38499999999999995
1389.0,0.6429787234042552
1390.0,0.76
1391.0,0.7654347826086957
1392.0,0.7280851063829787
1393.0,0.7654347826086955
1394.0,0.7706382978723403
1395.0,0.7706382978723403
1396.0,0.7339583333333333
1397.0,0.7280851063829785
1398.0,0.7706382978723403
1399.0,0.7280851063829787
1400.0,0.7070212765957447
1401.0,0.6922916666666666
1402.0,0.7070212765957447
1403.0,0.7280851063829787
1404.0,0.7654347826086955
1405.0,0.6922916666666666
1406.0,0.585
1407.0,0.7824444444444445
1408.0,0.7280851063829787
1409.0,0.7654347826086955
1410.0,0.7654347826086957
1411.0,0.6506249999999999
1412.0,0.7600000000000002
1413.0,0.7599999999999999
1414.0,0.7873913043478259
1415.0,0.6922916666666666
1416.0,0.7706382978723403
1417.0,0.7706382978723404
1418.0,0.7706382978723404
1419.0,0.7706382978723404
1420.0,0.7706382978723403
1421.0,0.6922916666666666
1422.0,0.7654347826086957
1423.0,0.5449999999999999
1424.0,0.5763265306122448
1425.0,0.6506249999999999
1426.0,0.7599999999999999
1427.0,0.7654347826086955
1428.0,0.7706382978723403
1429.0,0.7070212765957444
1430.0,0.6506249999999999
1431.0,0.7018604651162789
1432.0,0.7543181818181819
1433.0,0.7280851063829785
1434.0,0.685531914893617
1435.0,0.7543181818181818
1436.0,0.7543181818181818
1437.0,0.7654347826086957
1438.0,0.7654347826086955
1439.0,0.7706382978723403
1440.0,0.7654347826086957
1441.0,0.7339583333333333
1442.0,0.7495744680851063
1443.0,0.7654347826086955
1444.0,0.76
1445.0,0.76
1446.0,0.7219565217391303
1447.0,0.7873913043478259
1448.0,0.6922916666666666
1449.0,0.7706382978723404
1450.0,0.7706382978723403
1451.0,0.7706382978723404
1452.0,0.7654347826086958
1453.0,0.7654347826086957
1454.0,0.7280851063829785
1455.0,0.7654347826086955
1456.0,0.7706382978723403
1457.0,0.7495744680851062
1458.0,0.7280851063829785
1459.0,0.6922916666666666
1460.0,0.685531914893617
1461.0,0.7654347826086957
1462.0,0.7873913043478259
1463.0,0.6506249999999999
1464.0,0.5149019607843136
1465.0,0.7155555555555555
1466.0,0.7654347826086957
1467.0,0.7280851063829785
1468.0,0.7654347826086955
1469.0,0.7280851063829785
1470.0,0.7280851063829785
1471.0,0.5049999999999999
1472.0,0.7219565217391305
1473.0,0.7219565217391303
1474.0,0.7706382978723405
1475.0,0.7706382978723403
1476.0,0.7654347826086955
1477.0,0.7654347826086957
1478.0,0.7706382978723403
1479.0,0.7706382978723403
1480.0,0.7280851063829785
1481.0,0.7280851063829787
1482.0,0.7706382978723404
1483.0,0.7654347826086957
1484.0,0.7706382978723403
1485.0,0.7706382978723403
1486.0,0.7339583333333332
1487.0,0.7706382978723403
1488.0,0.5244230769230768
1489.0,0.617142857142857
1490.0,0.7706382978723403
1491.0,0.7706382978723403
1492.0,0.7706382978723403
1493.0,0.7706382978723403
1494.0,0.7706382978723404
1495.0,0.7339583333333332
1496.0,0.6922916666666666
1497.0,0.7280851063829789
1498.0,0.7706382978723403
1499.0,0.6855319148936169
1500.0,0.6429787234042552
1501.0,0.7654347826086957
1502.0,0.7654347826086957
1503.0,0.7706382978723404
1504.0,0.7280851063829785
1505.0,0.7706382978723403
1506.0,0.7873913043478261
1507.0,0.7706382978723404
1508.0,0.7280851063829785
1509.0,0.7706382978723404
1510.0,0.7706382978723403
1511.0,0.7706382978723403
1512.0,0.7706382978723403
1513.0,0.7706382978723403
1514.0,0.3942592592592592
1515.0,0.5449999999999999
1516.0,0.7219565217391303
1517.0,0.7654347826086955
1518.0,0.2512280701754385
1519.0,0.505
1520.0,0.7543181818181818
1521.0,0.7824444444444443
1522.0,0.7654347826086957
1523.0,0.7654347826086957
1524.0,0.7706382978723403
1525.0,0.7706382978723404
1526.0,0.7706382978723403
1527.0,0.6922916666666666
1528.0,0.7706382978723403
1529.0,0.7706382978723403
1530.0,0.7706382978723403
1531.0,0.617142857142857
1532.0,0.7543181818181819
1533.0,0.7824444444444445
1534.0,0.7654347826086957
1535.0,0.7280851063829787
1536.0,0.7280851063829785
1537.0,0.7280851063829787
1538.0,0.7070212765957447
1539.0,0.6506249999999999
1540.0,0.7599999999999999
1541.0,0.7219565217391305
1542.0,0.6299999999999999
1543.0,0.6579591836734693
1544.0,0.4422916666666666
1545.0,0.6784782608695651
1546.0,0.6784782608695652
1547.0,0.7280851063829787
1548.0,0.7280851063829787
1549.0,0.7421428571428572
1550.0,0.7543181818181818
1551.0,0.6506249999999999
1552.0,0.6266666666666666
1553.0,0.7543181818181818
1554.0,0.7599999999999999
1555.0,0.7654347826086955
1556.0,0.6716666666666665
1557.0,0.7280851063829787
1558.0,0.7654347826086955
1559.0,0.7706382978723403
1560.0,0.7706382978723403
1561.0,0.7706382978723403
1562.0,0.7339583333333333
1563.0,0.7706382978723403
1564.0,0.7339583333333332
1565.0,0.7706382978723403
1566.0,0.7495744680851063
1567.0,0.7339583333333333
1568.0,0.6922916666666664
1569.0,0.7543181818181818
1570.0,0.76
1571.0,0.7706382978723403
1572.0,0.7706382978723403
1573.0,0.7706382978723403
1574.0,0.7706382978723403
1575.0,0.6922916666666666
1576.0,0.7280851063829785
1577.0,0.7280851063829785
1578.0,0.7654347826086957
1579.0,0.7706382978723403
1580.0,0.6299999999999999
1581.0,0.7706382978723403
1582.0,0.76
1583.0,0.7280851063829787
1584.0,0.6171428571428571
1585.0,0.7654347826086955
1586.0,0.7654347826086957
1587.0,0.022096774193548347
1588.0,0.5449999999999999
1589.0,0.6266666666666667
1590.0,0.7543181818181818
1591.0,0.7599999999999999
1592.0,0.7654347826086957
1593.0,0.7654347826086957
1594.0,0.6855319148936169
1595.0,0.14135593220338977
1596.0,0.34490566037735837
1597.0,0.7280851063829785
1598.0,0.7280851063829787
1599.0,0.6922916666666667
1600.0,0.7706382978723403
1601.0,0.7706382978723404
1602.0,0.7706382978723404
1603.0,0.7706382978723403
1604.0,0.6506249999999999
1605.0,0.7654347826086957
1606.0,0.7155555555555556
1607.0,0.6349999999999999
1608.0,0.7654347826086957
1609.0,0.7706382978723403
1610.0,0.6855319148936169
1611.0,0.7706382978723403
1612.0,0.7070212765957447
1613.0,0.7280851063829787
1614.0,0.7654347826086957
1615.0,0.7706382978723404
1616.0,0.7280851063829785
1617.0,0.7706382978723404
1618.0,0.76
1619.0,0.7280851063829787
1620.0,0.7439130434782608
1621.0,0.6855319148936169
1622.0,0.7654347826086955
1623.0,0.7280851063829787
1624.0,0.7706382978723403
1625.0,0.7599999999999999
1626.0,0.6579591836734693
1627.0,0.7280851063829787
1628.0,0.6855319148936169
1629.0,0.7654347826086955
1630.0,0.7654347826086955
1631.0,0.7280851063829785
1632.0,0.7155555555555556
1633.0,0.6784782608695651
1634.0,0.7219565217391303
1635.0,0.7280851063829787
1636.0,0.7280851063829787
1637.0,0.7280851063829785
1638.0,0.7280851063829787
1639.0,0.7280851063829785
1640.0,0.7654347826086955
1641.0,0.7706382978723404
1642.0,0.7873913043478261
1643.0,0.7280851063829787
1644.0,0.7280851063829785
1645.0,0.76
1646.0,0.7280851063829785
1647.0,0.7706382978723404
1648.0,0.7706382978723403
1649.0,0.7654347826086955
1650.0,0.7706382978723403
1651.0,0.7706382978723403
1652.0,0.6579591836734694
1653.0,0.7706382978723403
1654.0,0.7356097560975609
1655.0,0.7483720930232558
1656.0,0.7654347826086957
1657.0,0.7706382978723403
1658.0,0.7280851063829785
1659.0,0.7706382978723403
1660.0,0.7706382978723403
1661.0,0.7339583333333333
1662.0,0.6579591836734693
1663.0,0.7543181818181818
1664.0,0.76
1665.0,0.7599999999999998
1666.0,0.7706382978723403
1667.0,0.6716666666666665
1668.0,0.6922916666666666
1669.0,0.7706382978723403
1670.0,0.7706382978723404
1671.0,0.6922916666666666
1672.0,0.7280851063829785
1673.0,0.7706382978723403
1674.0,0.5763265306122448
1675.0,0.7280851063829785
1676.0,0.7706382978723404
1677.0,0.7706382978723403
1678.0,0.7706382978723404
1679.0,0.7706382978723403
1680.0,0.7706382978723404
1681.0,0.7706382978723404
1682.0,0.7706382978723403
1683.0,0.7706382978723404
1684.0,0.7706382978723403
1685.0,0.5541176470588234
1686.0,0.6922916666666666
1687.0,0.7706382978723403
1688.0,0.7706382978723404
1689.0,0.7706382978723404
1690.0,0.7706382978723404
1691.0,0.7706382978723403
1692.0,0.7706382978723404
1693.0,0.7706382978723404
1694.0,0.7706382978723403
1695.0,0.7706382978723403
1696.0,0.7706382978723403
1697.0,0.7706382978723404
1698.0,0.7706382978723403
1699.0,0.7706382978723403
1700.0,0.7339583333333333
1701.0,0.6922916666666666
1702.0,0.7706382978723403
1703.0,0.7280851063829787
1704.0,0.7654347826086957
1705.0,0.7706382978723404
1706.0,0.7706382978723403
1707.0,0.7706382978723403
1708.0,0.7280851063829785
1709.0,0.7280851063829785
1710.0,0.7706382978723404
1711.0,0.7706382978723404
1712.0,0.7706382978723403
1713.0,0.7706382978723403
1714.0,0.7339583333333333
1715.0,0.7706382978723403
1716.0,0.7706382978723404
1717.0,0.7706382978723403
1718.0,0.7706382978723404
1719.0,0.7706382978723404
1720.0,0.6922916666666666
1721.0,0.7706382978723403
1722.0,0.7706382978723401
1723.0,0.7339583333333333
1724.0,0.7706382978723403
1725.0,0.30910714285714275
1726.0,0.42037735849056584
1727.0,0.7088636363636364
1728.0,0.6784782608695652
1729.0,0.7280851063829787
1730.0,0.7706382978723404
1731.0,-0.282857142857143
1732.0,0.5676923076923076
1733.0,0.7483720930232558
1734.0,0.7543181818181819
1735.0,0.7155555555555555
1736.0,0.7219565217391305
1737.0,0.76
1738.0,0.7219565217391303
1739.0,0.7654347826086957
1740.0,0.72875
1741.0,0.7421428571428571
1742.0,0.7599999999999999
1743.0,0.7543181818181818
1744.0,0.7155555555555555
1745.0,0.7654347826086957
1746.0,0.7654347826086955
1747.0,0.7706382978723403
1748.0,0.7706382978723404
1749.0,0.42037735849056584
1750.0,0.4581132075471696
1751.0,0.7654347826086955
1752.0,0.7706382978723404
1753.0,0.7654347826086955
1754.0,0.5149019607843135
1755.0,0.5763265306122448
1756.0,0.7421428571428571
1757.0,0.7219565217391305
1758.0,0.7654347826086955
1759.0,0.7280851063829785
1760.0,0.7654347826086955
1761.0,0.7873913043478259
1762.0,0.7599999999999999
1763.0,0.7654347826086955
1764.0,0.6922916666666666
1765.0,0.72875
1766.0,0.7483720930232558
1767.0,0.7599999999999999
1768.0,0.7654347826086957
1769.0,0.617142857142857
1770.0,0.6922916666666666
1771.0,0.6784782608695652
1772.0,0.7599999999999999
1773.0,0.7219565217391303
1774.0,0.7280851063829787
1775.0,0.7706382978723404
1776.0,0.7706382978723403
1777.0,0.7339583333333332
1778.0,0.7706382978723403
1779.0,0.7706382978723403
1780.0,0.7706382978723404
1781.0,0.7706382978723403
1782.0,0.7706382978723403
1783.0,0.6922916666666666
1784.0,0.7654347826086955
1785.0,0.7706382978723403
1786.0,0.7706382978723403
1787.0,0.7706382978723403
1788.0,0.7706382978723404
1789.0,0.7339583333333333
1790.0,0.6171428571428571
1791.0,0.6922916666666666
1792.0,0.7706382978723404
1793.0,0.7654347826086958
1794.0,0.7280851063829787
1795.0,0.7654347826086955
1796.0,0.7706382978723404
1797.0,0.7706382978723403
1798.0,0.7280851063829785
1799.0,0.7706382978723404
1800.0,0.7706382978723403
1801.0,0.7706382978723403
1802.0,0.7706382978723404
1803.0,0.7706382978723404
1804.0,0.7706382978723403
1805.0,0.7706382978723403
1806.0,0.7654347826086955
1807.0,0.6922916666666666
1808.0,0.7339583333333332
1809.0,0.7070212765957447
1810.0,0.685531914893617
1811.0,0.7654347826086957
1812.0,0.7706382978723404
1813.0,0.6922916666666666
1814.0,0.7706382978723404
1815.0,0.7873913043478261
1816.0,0.7706382978723403
1817.0,0.7280851063829785
1818.0,0.6506249999999999
1819.0,0.7280851063829787
1820.0,0.7706382978723403
1821.0,0.6429787234042553
1822.0,0.7219565217391305
1823.0,0.7654347826086958
1824.0,0.7339583333333332
1825.0,0.6644680851063829
1826.0,0.6089583333333333
1827.0,0.7706382978723403
1828.0,0.6922916666666666
1829.0,0.685531914893617
1830.0,0.7599999999999999
1831.0,0.6922916666666666
1832.0,0.771860465116279
1833.0,0.22363636363636355
1834.0,0.3972549019607842
1835.0,0.646904761904762
1836.0,0.7543181818181818
1837.0,0.7219565217391305
1838.0,0.7599999999999999
1839.0,0.7706382978723403
1840.0,0.6784782608695651
1841.0,0.685531914893617
1842.0,0.7654347826086955
1843.0,0.7219565217391305
1844.0,0.7654347826086955
1845.0,0.7706382978723404
1846.0,0.7280851063829785
1847.0,0.7706382978723403
1848.0,0.7706382978723404
1849.0,0.7219565217391305
1850.0,0.7280851063829787
1851.0,0.7654347826086955
1852.0,0.7219565217391303
1853.0,0.7654347826086957
1854.0,0.7706382978723404
1855.0,0.7706382978723404
1856.0,0.6579591836734693
1857.0,0.7706382978723403
1858.0,0.7280851063829787
1859.0,0.7654347826086957
1860.0,0.7706382978723403
1861.0,0.7706382978723403
1862.0,0.7706382978723404
1863.0,0.7339583333333333
1864.0,0.7280851063829785
1865.0,0.6922916666666666
1866.0,0.7706382978723403
1867.0,0.6506249999999999
1868.0,0.6784782608695652
1869.0,0.7155555555555555
1870.0,0.7654347826086957
1871.0,0.6974999999999999
1872.0,0.742142857142857
1873.0,0.7543181818181818
1874.0,0.7654347826086955
1875.0,0.7280851063829787
1876.0,0.7280851063829785
1877.0,0.6506249999999999
1878.0,0.685531914893617
1879.0,0.7280851063829787
1880.0,0.7654347826086957
1881.0,0.7280851063829787
1882.0,0.545
1883.0,0.685531914893617
1884.0,0.7654347826086957
1885.0,0.38264150943396213
1886.0,0.5763265306122448
1887.0,0.6784782608695652
1888.0,0.7654347826086957
1889.0,0.7654347826086957
1890.0,0.7654347826086955
1891.0,0.7706382978723403
1892.0,0.7706382978723403
1893.0,0.6922916666666666
1894.0,0.7706382978723403
1895.0,0.7339583333333333
1896.0,0.7706382978723403
1897.0,0.7706382978723403
1898.0,0.7706382978723403
1899.0,0.7706382978723404
1900.0,0.7706382978723404
1901.0,0.7706382978723403
1902.0,0.7339583333333332
1903.0,0.6922916666666666
1904.0,0.7339583333333332
1905.0,0.7706382978723403
1906.0,0.7706382978723403
1907.0,0.7706382978723404
1908.0,0.7654347826086957
1909.0,0.7706382978723403
1910.0,0.7219565217391305
1911.0,0.6922916666666666
1912.0,0.6506249999999999
1913.0,0.7599999999999999
1914.0,0.7219565217391305
1915.0,0.7873913043478259
1916.0,0.7873913043478261
1917.0,0.7495744680851062
1918.0,0.7706382978723403
1919.0,0.7706382978723404
1920.0,0.7706382978723403
1921.0,0.05435483870967736
1922.0,0.3572222222222222
1923.0,0.6506249999999999
1924.0,0.7280851063829785
1925.0,0.7654347826086955
1926.0,0.7654347826086957
1927.0,0.7706382978723403
1928.0,0.7706382978723404
1929.0,0.7339583333333332
1930.0,0.7280851063829789
1931.0,0.7706382978723404
1932.0,0.7339583333333333
1933.0,0.7280851063829785
1934.0,0.6579591836734693
1935.0,0.7654347826086955
1936.0,0.7706382978723403
1937.0,0.7495744680851063
1938.0,0.7280851063829785
1939.0,0.7280851063829785
1940.0,0.7280851063829787
1941.0,0.7706382978723403
1942.0,0.7706382978723404
1943.0,0.7339583333333333
1944.0,0.5449999999999999
1945.0,0.6922916666666666
1946.0,0.7654347826086955
1947.0,0.7280851063829785
1948.0,0.7654347826086955
1949.0,0.7654347826086955
1950.0,0.7873913043478261
1951.0,0.7706382978723403
1952.0,0.7280851063829785
1953.0,0.4756862745098039
1954.0,0.5149019607843136
1955.0,0.7280851063829787
1956.0,0.7706382978723401
1957.0,0.7280851063829785
1958.0,0.7706382978723403
1959.0,0.7280851063829785
1960.0,0.7654347826086957
1961.0,0.7706382978723403
1962.0,0.7706382978723403
1963.0,0.7706382978723404
1964.0,0.7280851063829785
1965.0,0.7339583333333333
1966.0,0.7706382978723404
1967.0,0.7280851063829785
1968.0,0.7339583333333333
1969.0,0.6922916666666666
1970.0,0.7280851063829787
1971.0,0.7280851063829785
1972.0,0.7495744680851063
1973.0,0.7706382978723403
1974.0,0.7706382978723404
1975.0,0.6922916666666664
1976.0,0.7706382978723403
1977.0,0.7706382978723403
1978.0,0.7155555555555555
1979.0,0.7280851063829787
1980.0,0.7654347826086957
1981.0,0.7654347826086955
1982.0,0.7280851063829787
1983.0,0.617142857142857
1984.0,0.7654347826086955
1985.0,0.7280851063829785
1986.0,0.7280851063829787
1987.0,0.7280851063829787
1988.0,0.6579591836734693
1989.0,0.7654347826086958
1990.0,0.685531914893617
1991.0,0.7706382978723403
1992.0,0.7706382978723403
1993.0,0.7280851063829785
1994.0,0.7654347826086955
1995.0,0.7483720930232558
1996.0,0.7654347826086957
1997.0,0.46499999999999986
1998.0,0.4946938775510203
1999.0,0.7654347826086957
2000.0,0.7706382978723404
2001.0,0.7280851063829785
2002.0,0.7706382978723404
2003.0,0.7654347826086957
2004.0,0.7654347826086955
2005.0,0.7706382978723403
2006.0,0.7706382978723403
2007.0,0.4203773584905659
2008.0,0.6506249999999999
2009.0,0.7339583333333333
2010.0,0.7706382978723403
2011.0,0.7706382978723403
2012.0,0.7706382978723403
2013.0,0.6922916666666664
2014.0,0.6922916666666666
2015.0,0.6579591836734693
2016.0,0.6579591836734693
2017.0,0.5969387755102039
2018.0,0.7280851063829787
2019.0,0.7873913043478261
2020.0,0.7280851063829787
2021.0,0.7280851063829785
2022.0,0.6922916666666666
2023.0,0.7280851063829785
2024.0,0.7654347826086955
2025.0,0.7706382978723404
2026.0,0.7280851063829785
2027.0,0.7495744680851062
2028.0,0.7706382978723404
2029.0,0.7706382978723403
2030.0,0.7706382978723403
2031.0,0.7706382978723403
2032.0,0.7706382978723404
2033.0,0.7706382978723403
2034.0,0.7706382978723404
2035.0,0.7280851063829787
2036.0,0.7706382978723403
2037.0,0.7706382978723403
2038.0,0.7706382978723403
2039.0,0.7706382978723403
2040.0,0.7706382978723404
2041.0,0.7706382978723403
2042.0,0.7706382978723403
2043.0,0.7706382978723404
2044.0,0.7339583333333333
2045.0,0.6922916666666666
2046.0,0.7339583333333333
2047.0,0.585
2048.0,0.7706382978723403
2049.0,0.7654347826086955
2050.0,0.7706382978723403
2051.0,0.7706382978723403
2052.0,0.6922916666666664
2053.0,0.7706382978723403
2054.0,0.7495744680851062
2055.0,0.7706382978723404
2056.0,0.7706382978723403
2057.0,0.7706382978723403
2058.0,0.7706382978723404
2059.0,0.7339583333333332
2060.0,0.7280851063829785
2061.0,0.7873913043478259
2062.0,0.7706382978723403
2063.0,0.7706382978723403
2064.0,0.7706382978723403
2065.0,0.7706382978723404
2066.0,0.7280851063829787
2067.0,0.7706382978723403
2068.0,0.7706382978723403
2069.0,0.7706382978723403
2070.0,0.7706382978723403
2071.0,0.7654347826086957
2072.0,0.7706382978723403
2073.0,0.7706382978723404
2074.0,0.7706382978723403
2075.0,0.7339583333333332
2076.0,0.7280851063829785
2077.0,0.7706382978723404
2078.0,0.7706382978723403
2079.0,0.7654347826086955
2080.0,0.7654347826086957
2081.0,0.7706382978723404
2082.0,0.7706382978723404
2083.0,0.7706382978723404
2084.0,0.7706382978723404
2085.0,0.7706382978723404
2086.0,0.7706382978723403
2087.0,0.7706382978723403
2088.0,0.7706382978723404
2089.0,0.7706382978723404
2090.0,0.7706382978723403
2091.0,0.7706382978723403
2092.0,0.7706382978723403
2093.0,0.7706382978723404
2094.0,0.7706382978723404
2095.0,0.7339583333333333
2096.0,0.7706382978723403
2097.0,0.7706382978723404
2098.0,0.7706382978723404
2099.0,0.7706382978723403
2100.0,0.7706382978723404
2101.0,-0.5248101265822787
2102.0,0.7339583333333332
2103.0,0.585
2104.0,0.7339583333333332
2105.0,0.7280851063829787
2106.0,0.7339583333333333
2107.0,0.6922916666666664
2108.0,0.7706382978723403
2109.0,0.7706382978723403
2110.0,0.7706382978723404
2111.0,-0.33191176470588235
2112.0,0.7280851063829785
2113.0,0.6922916666666664
2114.0,0.7280851063829787
2115.0,0.7706382978723404
2116.0,0.7280851063829785
2117.0,0.7706382978723403
2118.0,0.7280851063829785
2119.0,0.7280851063829787
2120.0,0.7654347826086955
2121.0,0.7706382978723403
2122.0,0.7706382978723403
2123.0,0.7706382978723404
2124.0,0.7706382978723403
2125.0,0.7873913043478261
2126.0,0.7706382978723403
2127.0,0.7706382978723403
2128.0,0.7706382978723404
2129.0,-1.0014678899082567
2130.0,0.7706382978723404
2131.0,0.7706382978723403
2132.0,0.7706382978723403
2133.0,0.7706382978723404
2134.0,0.7706382978723403
2135.0,0.7654347826086957
2136.0,0.7706382978723403
2137.0,0.7280851063829785
2138.0,0.7706382978723403
2139.0,0.7706382978723404
2140.0,0.7706382978723403
2141.0,0.7706382978723404
2142.0,0.7706382978723403
2143.0,0.7706382978723403
2144.0,0.6922916666666666
2145.0,0.7339583333333333
2146.0,0.7706382978723403
2147.0,0.7339583333333333
2148.0,0.7280851063829785
2149.0,0.7495744680851063
2150.0,0.7706382978723404
2151.0,0.7495744680851062
2152.0,0.7706382978723404
2153.0,0.7339583333333332
2154.0,0.7280851063829787
2155.0,-0.9650000000000001
2156.0,0.7706382978723404
2157.0,0.7706382978723404
2158.0,-0.9792857142857142
2159.0,0.7706382978723403
2160.0,0.6922916666666666
2161.0,0.617142857142857
2162.0,0.7706382978723403
2163.0,0.7280851063829787
2164.0,0.7706382978723404
2165.0,0.7280851063829785
2166.0,0.7706382978723403
2167.0,0.7706382978723403
2168.0,0.7706382978723403
2169.0,0.7706382978723404
2170.0,0.7706382978723403
2171.0,0.7339583333333333
2172.0,0.7706382978723403
2173.0,0.7495744680851063
2174.0,0.7706382978723403
2175.0,0.7706382978723404
2176.0,0.6922916666666666
2177.0,0.7706382978723403
2178.0,0.7339583333333332
2179.0,0.6579591836734693
2180.0,0.7280851063829787
2181.0,0.7654347826086955
2182.0,0.7706382978723404
2183.0,0.7706382978723404
2184.0,0.5763265306122448
2185.0,0.6922916666666666
2186.0,0.6922916666666666
2187.0,0.7706382978723404
2188.0,0.7706382978723403
2189.0,0.7706382978723404
2190.0,0.7706382978723403
2191.0,0.7706382978723403
2192.0,0.7706382978723403
2193.0,0.7339583333333332
2194.0,0.7706382978723404
2195.0,0.7706382978723404
2196.0,0.7706382978723404
2197.0,0.7706382978723404
2198.0,0.7706382978723403
2199.0,0.7706382978723404
2200.0,0.7706382978723403
2201.0,0.7706382978723404
2202.0,0.7706382978723404
2203.0,0.7706382978723403
2204.0,0.7706382978723404
2205.0,0.7339583333333333
2206.0,0.7706382978723404
2207.0,0.7706382978723404
2208.0,0.7706382978723404
2209.0,0.7706382978723403
2210.0,0.7339583333333332
2211.0,-1.067731092436975
2212.0,0.7706382978723404
2213.0,0.5849999999999999
2214.0,0.6922916666666666
2215.0,0.7706382978723403
2216.0,0.7706382978723404
2217.0,0.7339583333333333
2218.0,-1.028
2219.0,0.7280851063829787
2220.0,-1.0433870967741936
2221.0,0.7280851063829785
2222.0,0.6922916666666666
2223.0,0.7280851063829787
2224.0,-1.0560645161290323
2225.0,0.7280851063829785
2226.0,0.7654347826086955
2227.0,0.7706382978723404
2228.0,0.7706382978723404
2229.0,0.7339583333333333
2230.0,-1.3030000000000004
2231.0,0.5969387755102039
2232.0,0.7280851063829785
2233.0,0.7706382978723403
2234.0,0.6579591836734693
2235.0,0.6579591836734693
2236.0,0.7280851063829787
2237.0,0.7280851063829787
2238.0,0.7280851063829787
2239.0,0.7280851063829787
2240.0,0.617142857142857
2241.0,0.7339583333333332
2242.0,-1.049855072463768
2243.0,0.7219565217391303
2244.0,0.7280851063829787
2245.0,0.7706382978723403
2246.0,0.7706382978723403
2247.0,0.7280851063829785
2248.0,0.7280851063829785
2249.0,0.7706382978723403
2250.0,0.6922916666666666
2251.0,-1.0825
2252.0,0.6922916666666666
2253.0,0.7654347826086955
2254.0,0.7706382978723403
2255.0,0.7706382978723403
2256.0,0.7706382978723403
2257.0,-1.1968750000000004
2258.0,0.7339583333333332
2259.0,0.7280851063829785
2260.0,0.6922916666666666
2261.0,-1.0772641509433964
2262.0,0.7706382978723403
2263.0,0.7706382978723403
2264.0,-1.088404255319149
2265.0,0.6922916666666666
2266.0,0.7706382978723403
2267.0,-1.0512582781456954
2268.0,0.7706382978723404
2269.0,0.6579591836734693
2270.0,0.7706382978723403
2271.0,0.7339583333333332
2272.0,-1.0756481481481481
2273.0,0.7706382978723405
2274.0,0.7706382978723403
2275.0,0.6922916666666666
2276.0,-1.0195555555555558
2277.0,0.6579591836734693
2278.0,0.5449999999999999
2279.0,0.6922916666666666
2280.0,0.7280851063829785
2281.0,0.617142857142857
2282.0,0.6089583333333333
2283.0,-1.1713725490196079
2284.0,0.7219565217391303
2285.0,0.6922916666666666
2286.0,-1.0622033898305083
2287.0,0.5541176470588235
2288.0,0.6922916666666666
2289.0,0.7706382978723403
2290.0,-0.9970833333333333
2291.0,0.7280851063829785
2292.0,-1.0772641509433962
2293.0,0.7706382978723403
2294.0,0.6506249999999999
2295.0,0.7706382978723403
2296.0,0.7706382978723403
2297.0,0.6922916666666666
2298.0,0.7706382978723404
2299.0,0.7706382978723404
2300.0,-1.076309523809524
2301.0,0.7706382978723403
2302.0,0.7706382978723403
2303.0,0.7706382978723404
2304.0,0.7706382978723403
2305.0,0.7706382978723403
2306.0,0.7280851063829785
2307.0,-0.9309090909090915
2308.0,0.7706382978723404
2309.0,0.7706382978723403
2310.0,0.7706382978723403
2311.0,0.7280851063829787
2312.0,0.7280851063829785
2313.0,0.5541176470588235
2314.0,0.617142857142857
2315.0,0.7219565217391305
2316.0,0.7706382978723404
2317.0,0.7706382978723403
2318.0,0.7339583333333332
2319.0,-1.0206291390728475
2320.0,0.7706382978723404
2321.0,0.7706382978723404
2322.0,0.7706382978723403
2323.0,0.6922916666666666
2324.0,0.7706382978723403
2325.0,0.7706382978723403
2326.0,0.7339583333333333
2327.0,0.7280851063829787
2328.0,0.7706382978723404
2329.0,0.7706382978723403
2330.0,0.7706382978723404
2331.0,0.7706382978723403
2332.0,0.7339583333333332
2333.0,-0.8612121212121214
2334.0,0.7706382978723403
2335.0,0.7706382978723403
2336.0,0.7339583333333333
2337.0,0.6922916666666666
2338.0,0.7495744680851062
2339.0,0.7280851063829785
2340.0,0.7706382978723404
2341.0,0.7706382978723403
2342.0,-1.0775903614457831
2343.0,0.7706382978723403
2344.0,0.7706382978723403
2345.0,0.7706382978723404
2346.0,0.7706382978723403
2347.0,0.7706382978723403
2348.0,-1.0364824120603016
2349.0,-0.8617391304347827
2350.0,0.617142857142857
2351.0,-0.349375
2352.0,0.7706382978723403
2353.0,0.7280851063829787
2354.0,0.6922916666666666
2355.0,0.7280851063829785
2356.0,0.7706382978723404
2357.0,-1.027041420118343
2358.0,-1.115
2359.0,0.7706382978723403
2360.0,0.7706382978723403
2361.0,0.7706382978723403
2362.0,0.7706382978723403
2363.0,0.7706382978723404
2364.0,0.7706382978723403
2365.0,0.7706382978723403
2366.0,0.7706382978723404
2367.0,0.7280851063829785
2368.0,0.7706382978723403
2369.0,-1.0228125
2370.0,0.7280851063829785
2371.0,0.7706382978723403
2372.0,-1.0575182481751824
2373.0,0.7339583333333333
2374.0,-1.2585185185185186
2375.0,0.4203773584905659
2376.0,0.7280851063829787
2377.0,-1.0756481481481481
2378.0,0.6579591836734694
2379.0,0.7280851063829787
2380.0,-1.0303030303030305
2381.0,0.7280851063829787
2382.0,-0.9224705882352944
2383.0,0.5244230769230769
2384.0,0.7654347826086957
2385.0,0.7706382978723403
2386.0,0.7706382978723403
2387.0,0.7706382978723403
2388.0,0.7339583333333333
2389.0,-1.0467484662576687
2390.0,0.6089583333333333
2391.0,0.7654347826086955
2392.0,-1.0392021276595744
2393.0,-0.9591011235955058
2394.0,-1.0731250000000003
2395.0,0.7706382978723403
2396.0,0.7706382978723403
2397.0,0.7280851063829785
2398.0,0.7706382978723403
2399.0,0.7706382978723403
2400.0,0.7280851063829785
2401.0,0.7706382978723403
2402.0,-1.1001190476190479
2403.0,0.7706382978723403
2404.0,0.7280851063829785
2405.0,0.7706382978723403
2406.0,0.7280851063829785
2407.0,0.6922916666666666
2408.0,-1.0966666666666667
2409.0,0.7339583333333332
2410.0,0.7706382978723403
2411.0,0.7706382978723403
2412.0,0.7706382978723403
2413.0,0.7339583333333332
2414.0,0.7706382978723403
2415.0,0.7706382978723404
2416.0,0.7706382978723403
2417.0,-1.074302325581395
2418.0,0.7280851063829787
2419.0,0.7706382978723403
2420.0,0.7706382978723404
2421.0,0.7706382978723404
2422.0,0.7706382978723403
2423.0,-1.029006211180124
2424.0,0.7706382978723403
2425.0,0.7706382978723404
2426.0,-1.0734343434343434
2427.0,0.7339583333333332
2428.0,0.7706382978723403
2429.0,0.7706382978723403
2430.0,-1.2790625
2431.0,-1.0260563380281689
2432.0,-1.0988235294117645
2433.0,0.7706382978723403
2434.0,0.6922916666666666
2435.0,-1.0760000000000003
2436.0,-1.191086956521739
2437.0,0.7339583333333333
2438.0,0.7706382978723403
2439.0,0.7339583333333333
2440.0,0.7339583333333332
2441.0,0.7280851063829785
2442.0,0.7706382978723404
2443.0,0.7706382978723403
2444.0,0.7339583333333333
2445.0,0.7706382978723403
2446.0,0.7339583333333333
2447.0,-1.1735555555555557
2448.0,-1.087222222222222
2449.0,-1.1202816901408452
2450.0,0.6922916666666666
2451.0,-0.9774999999999999
2452.0,0.6922916666666666
2453.0,0.7280851063829785
2454.0,0.7280851063829785
2455.0,-1.1416393442622954
2456.0,0.7356097560975609
2457.0,0.7185714285714285
2458.0,-1.2156097560975607
2459.0,0.7155555555555555
2460.0,-1.233421052631579
2461.0,-1.0187267080745341
2462.0,0.5355102040816326
2463.0,0.6855319148936169
2464.0,0.7706382978723403
2465.0,0.7706382978723403
2466.0,0.7339583333333333
2467.0,0.7706382978723404
2468.0,0.7706382978723403
2469.0,0.7339583333333333
2470.0,0.7706382978723404
2471.0,-1.1833333333333338
2472.0,0.7339583333333332
2473.0,0.7706382978723403
2474.0,0.7706382978723403
2475.0,-1.1167123287671232
2476.0,-1.0542361111111112
2477.0,0.7339583333333332
2478.0,0.7339583333333333
2479.0,0.6922916666666664
2480.0,0.6579591836734694
2481.0,0.7706382978723403
2482.0,0.7706382978723403
2483.0,0.7706382978723404
2484.0,-1.111470588235294
2485.0,0.7339583333333332
2486.0,0.7706382978723403
2487.0,0.7280851063829787
2488.0,-1.0696703296703296
2489.0,0.7495744680851062
2490.0,-1.0434682080924855
2491.0,-1.1695652173913047
2492.0,-1.4247368421052635
2493.0,0.7706382978723403
2494.0,0.7706382978723404
2495.0,0.7706382978723403
2496.0,-1.1735555555555557
2497.0,0.7706382978723403
2498.0,0.7339583333333332
2499.0,0.7706382978723404
2500.0,0.7706382978723404
2501.0,-1.304
2502.0,0.7706382978723403
2503.0,-1.1280597014925375
2504.0,0.7495744680851063
2505.0,-1.1581818181818182
2506.0,0.7706382978723403
2507.0,-1.152280701754386
2508.0,0.7706382978723404
2509.0,-1.0882608695652174
2510.0,-0.7081372549019607
2511.0,-0.5948387096774195
2512.0,0.2298275862068965
2513.0,0.6171428571428571
2514.0,-1.22125
2515.0,0.7706382978723404
2516.0,0.585
2517.0,0.545
2518.0,0.7280851063829785
2519.0,-1.0165042979942693
2520.0,0.5672916666666666
2521.0,0.5049999999999999
2522.0,0.6089583333333333
2523.0,-1.0384293193717276
2524.0,0.6922916666666664
2525.0,0.6506249999999999
2526.0,0.7654347826086955
2527.0,0.7706382978723404
2528.0,0.7280851063829787
2529.0,0.7654347826086955
2530.0,0.7280851063829787
2531.0,0.7280851063829787
2532.0,0.7280851063829785
2533.0,-1.2959259259259257
2534.0,-1.0224561403508772
2535.0,-1.0625
2536.0,0.2831481481481481
2537.0,0.27339285714285705
2538.0,0.6922916666666664
2539.0,0.7543181818181818
2540.0,0.7543181818181816
2541.0,-1.4176470588235297
2542.0,0.7654347826086955
2543.0,0.7706382978723403
2544.0,0.7280851063829785
2545.0,0.7654347826086957
2546.0,-1.0825
2547.0,0.7706382978723403
2548.0,0.7706382978723403
2549.0,0.7706382978723403
2550.0,0.7280851063829787
2551.0,0.7706382978723403
2552.0,0.7706382978723404
2553.0,0.7280851063829787
2554.0,0.7706382978723403
2555.0,0.7706382978723403
2556.0,0.7706382978723403
2557.0,0.7706382978723403
2558.0,-1.0756481481481481
2559.0,-1.0173308270676693
2560.0,0.7706382978723404
2561.0,0.7706382978723403
2562.0,-1.1281578947368422
2563.0,0.7339583333333332
2564.0,-1.2329411764705882
2565.0,0.7339583333333333
2566.0,0.7706382978723403
2567.0,0.7706382978723404
2568.0,0.7706382978723404
2569.0,0.6922916666666666
2570.0,-1.2142857142857142
2571.0,0.6579591836734694
2572.0,-1.2983333333333336
2573.0,0.7706382978723403
2574.0,0.7706382978723404
2575.0,0.7706382978723404
2576.0,0.7706382978723404
2577.0,0.7706382978723403
2578.0,0.7706382978723404
2579.0,-1.0130099502487562
2580.0,-1.102142857142857
2581.0,0.7706382978723404
2582.0,0.7706382978723404
2583.0,-0.9975757575757573
2584.0,-1.1612962962962963
2585.0,-1.3361904761904764
2586.0,0.7339583333333333
2587.0,-1.0790434782608695
2588.0,0.7706382978723404
2589.0,0.7280851063829785
2590.0,-1.0102450980392155
2591.0,0.6922916666666666
2592.0,0.7706382978723403
2593.0,0.7706382978723404
2594.0,0.7706382978723404
2595.0,0.7706382978723403
2596.0,0.7706382978723403
2597.0,0.7706382978723403
2598.0,0.7706382978723403
2599.0,-1.2890476190476192
2600.0,-1.0209090909090917
2601.0,0.7706382978723403
2602.0,0.7280851063829785
2603.0,0.7706382978723404
2604.0,0.7706382978723404
2605.0,0.7706382978723404
2606.0,-1.080686274509804
2607.0,0.7706382978723404
2608.0,-1.2051162790697674
2609.0,0.6579591836734693
2610.0,-1.050344827586207
2611.0,0.7706382978723403
2612.0,0.7706382978723404
2613.0,0.7706382978723403
2614.0,0.7706382978723404
2615.0,0.7706382978723403
2616.0,0.7706382978723404
2617.0,0.7706382978723403
2618.0,0.7706382978723403
2619.0,-1.308965517241379
2620.0,0.7706382978723403
2621.0,0.7706382978723404
2622.0,0.7706382978723404
2623.0,-1.0570289855072463
2624.0,-1.0733333333333333
2625.0,0.7706382978723404
2626.0,0.7706382978723403
2627.0,0.7706382978723404
2628.0,0.7706382978723404
2629.0,0.7339583333333333
2630.0,0.7706382978723404
2631.0,-1.09632183908046
2632.0,0.7339583333333332
2633.0,0.7706382978723404
2634.0,-1.3194736842105264
2635.0,-1.0921126760563382
2636.0,0.6922916666666666
2637.0,0.7706382978723404
2638.0,-0.9114285714285716
2639.0,0.7280851063829787
2640.0,0.7706382978723404
2641.0,0.7339583333333333
2642.0,0.7706382978723404
2643.0,-1.2653333333333336
2644.0,-1.0295299145299146
2645.0,0.7706382978723403
2646.0,0.585
2647.0,0.6922916666666666
2648.0,0.7706382978723403
2649.0,-1.1965
2650.0,0.7706382978723403
2651.0,-1.2017948717948717
2652.0,-1.2587500000000003
2653.0,0.7706382978723404
2654.0,0.7654347826086955
2655.0,-1.240689655172414
2656.0,-1.0589473684210529
2657.0,-1.0905434782608696
2658.0,0.16086206896551716
2659.0,-1.1117105263157894
2660.0,0.21614035087719294
2661.0,-1.1345312499999998
2662.0,0.617142857142857
2663.0,0.7706382978723404
2664.0,0.7706382978723403
2665.0,0.7706382978723403
2666.0,0.7706382978723404
2667.0,0.7706382978723403
2668.0,0.7706382978723404
2669.0,-1.1337500000000005
2670.0,0.7706382978723404
2671.0,-1.0040715502555366
2672.0,0.7706382978723404
2673.0,0.7706382978723404
2674.0,0.7706382978723403
2675.0,0.7706382978723404
2676.0,-1.282777777777778
2677.0,0.7706382978723404
2678.0,0.7706382978723404
2679.0,0.7706382978723403
2680.0,-1.1056249999999999
2681.0,0.7706382978723403
2682.0,0.7706382978723404
2683.0,0.7706382978723404
2684.0,-1.0082806324110671
2685.0,0.7706382978723404
2686.0,0.7706382978723403
2687.0,-1.1968750000000004
2688.0,-1.1515555555555557
2689.0,0.7706382978723404
2690.0,0.7706382978723403
2691.0,0.7706382978723403
2692.0,0.7706382978723403
2693.0,-1.02714859437751
2694.0,0.7706382978723403
2695.0,-1.2002272727272727
2696.0,0.7706382978723404
2697.0,0.7706382978723404
2698.0,0.7706382978723404
2699.0,-1.1620833333333334
2700.0,0.7706382978723404
2701.0,0.7706382978723403
2702.0,0.7706382978723403
2703.0,0.7706382978723404
2704.0,0.7706382978723403
2705.0,0.7706382978723404
2706.0,0.7706382978723404
2707.0,0.7706382978723403
2708.0,0.7706382978723404
2709.0,0.7706382978723404
2710.0,-1.0578947368421054
2711.0,0.7706382978723404
2712.0,0.7706382978723404
2713.0,0.7706382978723404
2714.0,0.7706382978723404
2715.0,0.7706382978723403
2716.0,-1.36
2717.0,-1.0733333333333333
2718.0,-1.1149999999999998
2719.0,0.7706382978723403
2720.0,-1.0072681281618887
2721.0,0.7706382978723404
2722.0,0.7706382978723404
2723.0,-1.0521367521367522
2724.0,-1.0478124999999998
2725.0,0.7706382978723403
2726.0,0.7706382978723404
2727.0,0.7706382978723403
2728.0,0.7706382978723404
2729.0,-1.0677310924369747
2730.0,0.7706382978723403
2731.0,0.7706382978723404
2732.0,0.7706382978723403
2733.0,0.7706382978723404
2734.0,0.7706382978723404
2735.0,0.7706382978723404
2736.0,0.7706382978723404
2737.0,-1.0725892857142858
2738.0,0.7706382978723403
2739.0,0.7339583333333332
2740.0,0.7706382978723404
2741.0,0.7706382978723404
2742.0,0.7706382978723404
2743.0,0.7706382978723404
2744.0,0.7706382978723404
2745.0,-1.2542857142857144
2746.0,0.7706382978723404
2747.0,-1.0241328413284132
2748.0,-1.2194444444444446
2749.0,0.7706382978723403
2750.0,0.7706382978723404
2751.0,0.7706382978723403
2752.0,0.7706382978723403
2753.0,0.7339583333333333
2754.0,-1.1221428571428573
2755.0,0.7339583333333333
2756.0,0.7706382978723404
2757.0,-1.0616083916083916
2758.0,0.7706382978723403
2759.0,0.7706382978723403
2760.0,0.6579591836734693
2761.0,0.7706382978723403
2762.0,-1.0247222222222223
2763.0,-1.0230357142857145
2764.0,-1.022842105263158
2765.0,0.7339583333333332
2766.0,0.7706382978723403
2767.0,-1.0044405594405594
2768.0,-1.24
2769.0,0.7706382978723404
2770.0,0.7339583333333332
2771.0,0.6922916666666666
2772.0,-1.105625
2773.0,0.7706382978723403
2774.0,-1.1429629629629625
2775.0,-0.9641379310344826
2776.0,-1.2959259259259257
2777.0,-0.9806250000000001
2778.0,-1.1041818181818182
2779.0,0.7706382978723403
2780.0,0.7339583333333332
2781.0,0.7339583333333332
2782.0,0.7706382978723403
2783.0,0.7706382978723404
2784.0,-1.27030303030303
2785.0,-1.1470000000000002
2786.0,0.7280851063829787
2787.0,0.7706382978723404
2788.0,-1.1955555555555557
2789.0,-1.141142857142857
2790.0,0.6922916666666666
2791.0,-0.8876190476190476
2792.0,0.7339583333333332
2793.0,-1.014025974025974
2794.0,-1.003101983002833
2795.0,-1.24
2796.0,-1.2673684210526321
2797.0,-1.070434782608696
2798.0,0.7339583333333333
2799.0,-0.3206451612903226
2800.0,-0.931699604743083
2801.0,0.7706382978723404
2802.0,0.7280851063829785
2803.0,-1.1070886075949364
2804.0,0.7706382978723403
2805.0,-1.2102380952380951
2806.0,-1.1379591836734693
2807.0,-1.1515555555555557
2808.0,0.7706382978723403
2809.0,-0.7997014925373135
2810.0,0.7706382978723403
2811.0,0.7706382978723404
2812.0,0.7706382978723404
2813.0,0.7706382978723403
2814.0,0.7706382978723404
2815.0,0.7339583333333333
2816.0,-0.7538888888888887
2817.0,0.7706382978723404
2818.0,0.7339583333333333
2819.0,0.7706382978723404
2820.0,-1.0825000000000002
2821.0,0.7706382978723403
2822.0,0.7706382978723404
2823.0,0.7280851063829787
2824.0,0.7706382978723403
2825.0,-1.0723863636363637
2826.0,0.6171428571428572
2827.0,-0.30478260869565227
2828.0,-1.1184722222222223
2829.0,0.617142857142857
2830.0,-1.0636690647482012
2831.0,-1.2002272727272727
2832.0,-1.1291111111111112
2833.0,0.617142857142857
2834.0,-0.7187234042553192
2835.0,0.7280851063829789
2836.0,0.6922916666666664
2837.0,0.7280851063829785
2838.0,0.6922916666666666
2839.0,0.7706382978723404
2840.0,0.7706382978723404
2841.0,-1.1167123287671232
2842.0,-1.0327631578947367
2843.0,0.7280851063829785
2844.0,-1.0929508196721311
2845.0,0.7706382978723404
2846.0,0.7706382978723404
2847.0,0.7706382978723404
2848.0,0.7706382978723403
2849.0,-1.1167123287671232
2850.0,0.7706382978723403
2851.0,0.7706382978723403
2852.0,0.7706382978723403
2853.0,0.7706382978723403
2854.0,0.7706382978723404
2855.0,0.7706382978723403
2856.0,0.7706382978723403
2857.0,0.7706382978723403
2858.0,0.7706382978723404
2859.0,0.7706382978723404
2860.0,-0.9398666666666666
2861.0,-1.0078571428571428
2862.0,0.7339583333333332
2863.0,0.7706382978723404
2864.0,0.7706382978723404
2865.0,-1.0188636363636365
2866.0,-1.0402717391304348
2867.0,-1.0159856630824373
2868.0,0.7706382978723403
2869.0,0.7706382978723403
2870.0,-1.0546853146853146
2871.0,-0.9959090909090911
2872.0,-0.7854545454545456
2873.0,-1.1267924528301887
2874.0,-1.0893150684931507
2875.0,0.7706382978723404
2876.0,-0.5971428571428573
2877.0,0.7706382978723403
2878.0,-1.135
2879.0,0.7706382978723404
2880.0,-1.116712328767123
2881.0,-1.0177777777777777
2882.0,-0.9777049180327868
2883.0,-1.0210402684563757
2884.0,-1.1678846153846154
2885.0,-1.0707317073170732
2886.0,-1.1827083333333335
2887.0,0.7706382978723403
2888.0,0.7706382978723403
2889.0,0.7706382978723403
2890.0,-1.113333333333333
2891.0,0.7706382978723404
2892.0,0.7706382978723403
2893.0,0.7706382978723403
2894.0,-1.0172847682119204
2895.0,0.7706382978723403
2896.0,-1.1955555555555557
2897.0,-1.0639795918367347
2898.0,-1.1184722222222223
2899.0,0.7706382978723404
2900.0,0.7706382978723403
2901.0,-1.2102380952380951
2902.0,-1.0013636363636365
2903.0,0.7706382978723404
2904.0,-0.8867391304347826
2905.0,0.7706382978723403
2906.0,0.7706382978723403
2907.0,-1.2156097560975612
2908.0,0.7706382978723404
2909.0,-1.0338388625592416
2910.0,0.7706382978723403
2911.0,-0.724848484848485
2912.0,-1.0072100840336133
2913.0,0.7706382978723404
2914.0,0.7706382978723404
2915.0,-0.5831372549019608
2916.0,0.7706382978723404
2917.0,-1.0855882352941177
2918.0,-0.935
2919.0,0.7706382978723404
2920.0,-0.88453125
2921.0,0.7654347826086955
2922.0,0.685531914893617
2923.0,0.7339583333333333
2924.0,0.7706382978723403
2925.0,0.6922916666666666
2926.0,0.7280851063829787
2927.0,-1.007996108949416
2928.0,0.5849999999999999
2929.0,-1.1321568627450982
2930.0,0.7706382978723403
2931.0,0.7339583333333333
2932.0,0.7339583333333333
2933.0,-0.9366292134831461
2934.0,0.7706382978723404
2935.0,-1.0435064935064935
2936.0,-1.0982089552238807
2937.0,0.7280851063829787
2938.0,-1.1713725490196079
2939.0,-1.1787755102040818
2940.0,0.7706382978723404
2941.0,-1.0246441947565543
2942.0,0.7706382978723404
2943.0,-1.0357746478873238
2944.0,-1.0360199004975126
2945.0,0.7706382978723403
2946.0,-1.1645283018867925
2947.0,-1.0802777777777777
2948.0,0.7706382978723404
2949.0,-1.1859459459459463
2950.0,-1.0061514195583594
2951.0,-1.0231391585760516
2952.0,0.7706382978723403
2953.0,0.7706382978723404
2954.0,0.7339583333333333
2955.0,-1.124057971014493
2956.0,0.7706382978723403
2957.0,0.7706382978723403
2958.0,-0.9679411764705881
2959.0,-0.9011842105263159
2960.0,-1.0307303370786516
2961.0,-1.0232733812949641
2962.0,-1.2002272727272725
2963.0,-1.0489887640449438
2964.0,0.7133333333333333
2965.0,0.7706382978723404
2966.0,0.7706382978723403
2967.0,0.7706382978723404
2968.0,0.7706382978723404
2969.0,0.7706382978723404
2970.0,0.7706382978723403
2971.0,0.7706382978723404
2972.0,-1.1202816901408452
2973.0,0.7706382978723403
2974.0,0.7706382978723404
2975.0,0.6922916666666666
2976.0,-1.2096969696969697
2977.0,0.7706382978723404
2978.0,0.7706382978723404
2979.0,0.7706382978723404
2980.0,0.7706382978723403
2981.0,-1.22125
2982.0,-1.065227272727273
2983.0,-1.0524242424242425
2984.0,-1.2051162790697674
2985.0,0.7706382978723404
2986.0,0.7706382978723403
2987.0,-1.0975581395348837
2988.0,-1.2152631578947373
2989.0,0.7706382978723403
2990.0,0.7706382978723404
2991.0,-1.0664462809917354
2992.0,-1.0733333333333333
2993.0,-1.028381742738589
2994.0,-1.2744444444444445
2995.0,-1.1322222222222222
2996.0,0.7706382978723403
2997.0,0.7706382978723404
2998.0,0.7706382978723404
2999.0,-1.1545000000000003
3000.0,-0.7494339622641509
3001.0,-1.042857142857143
3002.0,-1.0383720930232556
3003.0,0.7706382978723404
3004.0,-1.1069354838709677
3005.0,-0.9460185185185187
3006.0,0.7706382978723403
3007.0,0.7339583333333333
3008.0,-1.0156183745583038
3009.0,-1.0277906976744189
3010.0,0.7706382978723403
3011.0,-1.04078125
3012.0,-0.8882558139534884
3013.0,0.6922916666666666
3014.0,0.7706382978723403
3015.0,-1.10144578313253
3016.0,0.7706382978723404
3017.0,0.7654347826086955
3018.0,0.7339583333333333
3019.0,0.7706382978723403
3020.0,-1.1301515151515151
3021.0,-1.0923076923076926
3022.0,-1.089056603773585
3023.0,-1.295925925925926
3024.0,-1.038429319371728
3025.0,0.6922916666666666
3026.0,-1.0760655737704918
3027.0,-1.0971428571428572
3028.0,-0.9525531914893616
3029.0,-1.1111428571428572
3030.0,-1.0164951768488746
3031.0,-1.1971428571428573
3032.0,-1.1130232558139534
3033.0,-1.0603883495145632
3034.0,-1.1712500000000001
3035.0,0.7706382978723403
3036.0,-1.144666666666667
3037.0,-1.0546853146853146
3038.0,-1.1910869565217392
3039.0,0.7706382978723404
3040.0,0.7339583333333332
3041.0,0.7706382978723403
3042.0,0.7706382978723404
3043.0,-1.130151515151515
3044.0,-1.2404000000000002
3045.0,0.7280851063829787
3046.0,0.7706382978723404
3047.0,0.7706382978723403
3048.0,0.7280851063829785
3049.0,-0.9947272727272728
3050.0,-1.0906944444444444
3051.0,-1.0935714285714286
3052.0,-1.074090909090909
3053.0,0.7706382978723403
3054.0,0.7706382978723403
3055.0,-1.0755263157894739
3056.0,-1.1001190476190477
3057.0,-1.1017021276595742
3058.0,0.7280851063829787
3059.0,0.7706382978723404
3060.0,0.7706382978723403
3061.0,-1.2212500000000002
3062.0,-0.9923423423423423
3063.0,0.7706382978723403
3064.0,0.7706382978723403
3065.0,-1.2469444444444444
3066.0,0.7706382978723403
3067.0,0.7706382978723404
3068.0,-0.7650000000000002
3069.0,-1.0872222222222223
3070.0,0.7706382978723404
3071.0,0.6922916666666664
3072.0,-1.1775000000000002
3073.0,-0.8382142857142857
3074.0,0.7706382978723403
3075.0,0.7706382978723404
3076.0,-1.0894174757281552
3077.0,0.7706382978723403
3078.0,0.7706382978723403
3079.0,0.7706382978723403
3080.0,-1.0151937984496124
3081.0,0.7706382978723404
3082.0,0.7706382978723403
3083.0,0.7706382978723403
3084.0,0.7706382978723403
3085.0,-0.9662931034482758
3086.0,-1.0553153153153154
3087.0,0.7706382978723403
3088.0,0.7706382978723404
3089.0,0.7706382978723404
3090.0,-1.074090909090909
3091.0,-1.1522807017543861
3092.0,-1.0146153846153851
3093.0,0.7706382978723403
3094.0,-0.5984905660377359
3095.0,0.7706382978723403
3096.0,-1.1108333333333333
3097.0,-1.0733333333333333
3098.0,0.7339583333333333
3099.0,-0.05428571428571433
3100.0,-1.0711403508771933
3101.0,0.30910714285714286
3102.0,-1.018532608695652
3103.0,0.7706382978723403
3104.0,-1.2156097560975612
3105.0,0.7339583333333333
3106.0,-1.0595488721804514
3107.0,-1.0119298245614037
3108.0,-1.0971428571428572
3109.0,0.7706382978723403
3110.0,-1.1117105263157896
3111.0,0.7706382978723404
3112.0,0.7280851063829785
3113.0,-1.0064473684210526
3114.0,0.6922916666666664
3115.0,-0.8451136363636365
3116.0,0.6922916666666666
3117.0,0.7706382978723403
3118.0,-0.32125000000000004
3119.0,0.7706382978723403
3120.0,0.7706382978723403
3121.0,0.7706382978723403
3122.0,-1.0834343434343434
3123.0,-1.0025294117647057
3124.0,-1.1294230769230769
3125.0,-1.1910869565217392
3126.0,-1.0617054263565893
3127.0,0.7706382978723404
3128.0,-1.0692682926829267
3129.0,0.6922916666666666
3130.0,-0.9390740740740742
3131.0,-0.9660869565217393
3132.0,-1.0371938775510203
3133.0,-0.7248484848484847
3134.0,0.6579591836734693
3135.0,-1.0395283018867925
3136.0,0.7280851063829787
3137.0,-1.0551408450704227
3138.0,0.7280851063829785
3139.0,-0.7876190476190477
3140.0,-0.9622222222222225
3141.0,-1.0254406130268199
3142.0,-1.2469444444444444
3143.0,0.7706382978723403
3144.0,-0.9969832402234635
3145.0,0.6922916666666664
3146.0,0.7706382978723403
3147.0,-1.0294736842105265
3148.0,0.76
3149.0,-0.9772881355932203
3150.0,-1.0394652406417113
3151.0,-1.1398181818181816
3152.0,-1.0658196721311475
3153.0,-1.0234328358208955
3154.0,0.7421428571428572
3155.0,-1.115
3156.0,-1.0841666666666667
3157.0,-1.0466406249999998
3158.0,-1.2469444444444442
3159.0,-0.9360784313725489
3160.0,0.7155555555555556
3161.0,-1.163888888888889
3162.0,-1.1015384615384611
3163.0,0.7543181818181818
3164.0,-0.9091176470588236
3165.0,-0.9675943396226415
3166.0,-0.8488709677419354
3167.0,-1.2883870967741935
3168.0,-0.8273333333333335
3169.0,-1.050526315789474
3170.0,-1.0756481481481481
3171.0,-1.0281578947368422
3172.0,0.701860465116279
3173.0,0.76
3174.0,0.7219565217391303
3175.0,-1.0532530120481929
3176.0,-1.0119298245614035
3177.0,-1.1476086956521738
3178.0,0.7654347826086957
3179.0,0.7654347826086955
3180.0,-1.0798058252427185
3181.0,-0.9156756756756758
3182.0,-0.0380769230769232
3183.0,-1.1133333333333333
3184.0,-0.514193548387097
3185.0,0.7280851063829785
3186.0,-1.1542105263157894
3187.0,-1.2469444444444444
3188.0,0.7599999999999999
3189.0,-1.0697413793103447
3190.0,-1.0164227642276424
3191.0,0.6855319148936169
3192.0,0.7654347826086955
3193.0,-1.095
3194.0,0.7219565217391305
3195.0,-0.6025490196078431
3196.0,-0.7352380952380952
3197.0,-1.0131481481481481
3198.0,0.7654347826086955
3199.0,-1.1202816901408448
3200.0,-1.1093181818181816
3201.0,0.4203773584905659
3202.0,0.6644680851063829
3203.0,-0.9651838235294117
3204.0,0.6784782608695651
3205.0,0.10166666666666654
3206.0,0.7654347826086957
3207.0,0.7155555555555556
3208.0,0.7219565217391303
3209.0,0.7219565217391305
3210.0,-1.0338388625592416
3211.0,-0.7326470588235295
3212.0,0.7706382978723403
3213.0,-1.0419662921348314
3214.0,0.7654347826086957
3215.0,-1.0879729729729728
3216.0,-1.0288655462184875
3217.0,-1.0467484662576687
3218.0,0.7706382978723403
3219.0,0.7706382978723403
3220.0,0.7706382978723403
3221.0,0.7706382978723403
3222.0,-1.233421052631579
3223.0,-1.060112359550562
3224.0,-0.815
3225.0,0.7654347826086957
3226.0,0.7706382978723403
3227.0,-0.9314893617021278
3228.0,-1.023854166666667
3229.0,0.7706382978723404
3230.0,0.7654347826086957
3231.0,-1.0906944444444444
3232.0,-1.0173170731707317
3233.0,-1.0789830508474576
3234.0,-1.0127272727272727
3235.0,0.7706382978723403
3236.0,-1.1267924528301887
3237.0,-1.0169473684210526
3238.0,0.76
3239.0,-1.0834343434343434
3240.0,0.7654347826086955
3241.0,0.7706382978723404
3242.0,-1.0524999999999998
3243.0,-0.9371153846153846
3244.0,-1.175
3245.0,0.7706382978723404
3246.0,-1.1167123287671235
3247.0,0.7654347826086955
3248.0,0.7654347826086955
3249.0,-1.1273333333333333
3250.0,0.7654347826086955
3251.0,-1.0403846153846155
3252.0,-0.9266666666666666
3253.0,0.7654347826086955
3254.0,0.585
3255.0,0.6922916666666666
3256.0,0.7706382978723403
3257.0,0.7280851063829787
3258.0,-1.2271794871794874
3259.0,0.7280851063829787
3260.0,-0.9721428571428571
3261.0,0.7280851063829787
3262.0,0.7654347826086957
3263.0,0.7654347826086955
3264.0,-1.0834343434343434
3265.0,-1.0441666666666667
3266.0,-1.1240579710144927
3267.0,0.7654347826086957
3268.0,-0.9779032258064516
3269.0,0.7706382978723404
3270.0,-1.0311392405063293
3271.0,0.7706382978723404
3272.0,-1.0577083333333335
3273.0,-1.2102380952380951
3274.0,-1.2542857142857144
3275.0,-1.122142857142857
3276.0,-0.9036363636363637
3277.0,0.7706382978723404
3278.0,-1.1581818181818178
3279.0,-1.0798058252427185
3280.0,-0.8754166666666668
3281.0,-0.8516666666666671
3282.0,-1.24
3283.0,0.7706382978723403
3284.0,-1.0360199004975124
3285.0,0.7706382978723403
3286.0,0.7706382978723403
3287.0,-1.0216593886462881
3288.0,-1.0597115384615383
3289.0,-1.227179487179487
3290.0,-1.0505917159763314
3291.0,0.7706382978723404
3292.0,-1.3361904761904764
3293.0,-1.0104918032786887
3294.0,-1.2838888888888893
3295.0,-1.3205263157894738
3296.0,0.7706382978723403
3297.0,-1.2850000000000004
3298.0,-1.332592592592593
3299.0,-1.1511111111111114
3300.0,0.7599999999999999
3301.0,-1.0577083333333335
3302.0,-1.2002272727272727
3303.0,0.7706382978723405
3304.0,-1.2911764705882354
3305.0,0.6579591836734692
3306.0,-1.1070886075949364
3307.0,-0.8095348837209301
3308.0,-1.0351388888888888
3309.0,-0.8576470588235294
3310.0,0.7280851063829787
3311.0,0.7706382978723403
3312.0,-1.0663157894736843
3313.0,0.7706382978723403
3314.0,-1.0411049723756907
3315.0,-1.1551785714285714
3316.0,-1.2399999999999998
3317.0,-1.0577083333333333
3318.0,0.685531914893617
3319.0,-1.1612962962962963
3320.0,-1.0606106870229008
3321.0,-1.0719200000000002
3322.0,0.7706382978723404
3323.0,-1.2316666666666667
3324.0,-1.1782142857142859
3325.0,-1.2277777777777779
3326.0,-1.115
3327.0,-1.034471153846154
3328.0,-1.062834645669291
3329.0,0.7706382978723403
3330.0,-1.0817721518987342
3331.0,-1.082857142857143
3332.0,-1.0704347826086955
3333.0,0.7706382978723403
3334.0,0.7706382978723403
3335.0,0.7873913043478259
3336.0,-1.2033333333333334
3337.0,0.7654347826086957
3338.0,-1.0873684210526313
3339.0,0.7706382978723404
3340.0,0.7706382978723403
3341.0,-1.1070886075949364
3342.0,0.7706382978723403
3343.0,-1.2156097560975612
3344.0,-1.2592592592592593
3345.0,-1.0951136363636365
3346.0,0.7706382978723404
3347.0,-1.0988235294117648
3348.0,0.7706382978723403
3349.0,-1.0752941176470587
3350.0,-1.0053293413173652
3351.0,0.7339583333333332
3352.0,-1.3825000000000003
3353.0,0.7706382978723403
3354.0,0.7706382978723403
3355.0,-0.7087500000000002
3356.0,0.7654347826086957
3357.0,-1.0408241758241759
3358.0,0.7873913043478259
3359.0,-1.2277777777777783
3360.0,0.7706382978723403
3361.0,-1.0129596412556052
3362.0,-1.099375
3363.0,0.7706382978723404
3364.0,-1.246
3365.0,-1.1133333333333335
3366.0,0.7654347826086957
3367.0,-1.198666666666667
3368.0,0.7654347826086957
3369.0,0.7706382978723404
3370.0,-1.1088524590163935
3371.0,0.7706382978723404
3372.0,-1.1581818181818182
3373.0,0.7706382978723404
3374.0,0.7706382978723403
3375.0,-0.7395652173913045
3376.0,-1.1441666666666666
3377.0,0.7706382978723404
3378.0,-1.233421052631579
3379.0,-0.5030000000000002
3380.0,-1.0629166666666667
3381.0,-0.8769047619047619
3382.0,-1.1955555555555557
3383.0,0.7280851063829785
3384.0,-1.065
3385.0,-0.8685714285714284
3386.0,-1.0815841584158414
3387.0,-1.1488461538461539
3388.0,-1.0330252100840336
3389.0,-0.4983333333333334
3390.0,0.4649999999999999
3391.0,0.6429787234042552
3392.0,-1.2040000000000002
3393.0,-1.1581818181818184
3394.0,-0.8166129032258064
3395.0,-1.13453125
3396.0,-1.136825396825397
3397.0,-1.01364896073903
3398.0,-1.0988235294117648
3399.0,-1.066315789473684
3400.0,0.6711111111111111
3401.0,-1.2245161290322581
3402.0,0.7654347826086955
3403.0,-1.219130434782609
3404.0,-1.1167123287671232
3405.0,0.7654347826086955
3406.0,-1.1775000000000002
3407.0,-1.0528220858895707
3408.0,-0.9169230769230771
3409.0,0.7654347826086955
3410.0,-1.3011764705882356
3411.0,-1.1280597014925378
3412.0,0.7654347826086955
3413.0,-0.9341666666666674
3414.0,-1.1368253968253967
3415.0,-1.0525
3416.0,-1.0650000000000002
3417.0,0.7706382978723403
3418.0,-1.0093110647181627
3419.0,-1.0516666666666667
3420.0,-1.042919708029197
3421.0,-1.2703030303030303
3422.0,0.7706382978723403
3423.0,-1.1645283018867922
3424.0,0.7543181818181818
3425.0,-1.0443478260869568
3426.0,-1.2102380952380951
3427.0,-0.9449180327868852
3428.0,-1.3206250000000004
3429.0,-1.0580147058823528
3430.0,0.748372093023256
3431.0,-1.082105263157895
3432.0,-1.1375000000000002
3433.0,-1.1184722222222223
3434.0,0.6089583333333333
3435.0,-1.0520805369127517
3436.0,-1.1358333333333335
3437.0,0.46499999999999986
3438.0,-0.47809523809523824
3439.0,-1.215609756097561
3440.0,-1.1551785714285716
3441.0,-1.2696153846153848
3442.0,0.685531914893617
3443.0,0.6506249999999999
3444.0,-1.0098072805139187
3445.0,-1.2808000000000002
3446.0,-1.1955555555555557
3447.0,-1.24
3448.0,0.30910714285714286
3449.0,-0.8218750000000004
3450.0,-0.22148148148148158
3451.0,-1.0873684210526318
3452.0,-1.1088524590163937
3453.0,-1.0552307692307692
3454.0,-0.9989285714285714
3455.0,0.5149019607843136
3456.0,-1.0422448979591836
3457.0,0.6506249999999999
3458.0,-1.0203278688524589
3459.0,0.7280851063829785
3460.0,0.7280851063829787
3461.0,-1.2295454545454547
3462.0,-0.6935714285714285
3463.0,-1.0267063492063493
3464.0,0.6579591836734694
3465.0,-1.1202816901408452
3466.0,-0.871578947368421
3467.0,0.6711111111111111
3468.0,-0.9758490566037735
3469.0,-1.2542857142857142
3470.0,-1.1085897435897436
3471.0,0.6088372093023255
3472.0,-1.1612962962962963
3473.0,-0.9811764705882353
3474.0,-0.6660655737704918
3475.0,-1.0280434782608696
3476.0,-1.2002272727272727
3477.0,-1.1477777777777778
3478.0,-0.968515625
3479.0,-1.0951136363636365
3480.0,0.34510638297872337
3481.0,-1.2093333333333336
3482.0,-1.0005042016806722
3483.0,-0.9030000000000002
3484.0,0.04301886792452826
3485.0,-1.3726315789473684
3486.0,-0.7612765957446808
3487.0,0.17826923076923074
3488.0,-1.197142857142857
3489.0,-0.10792452830188683
3490.0,-1.0692682926829267
3491.0,0.3172916666666666
3492.0,-1.3726315789473686
3493.0,0.08075471698113201
3494.0,0.40062499999999995
3495.0,-0.9313580246913582
3496.0,-1.2040000000000002
3497.0,-0.7155555555555556
3498.0,0.6349999999999999
3499.0,-1.132156862745098
3500.0,0.6429787234042553
3501.0,-1.0474534161490683
3502.0,-1.2508333333333335
3503.0,0.6171428571428571
3504.0,0.7654347826086957
3505.0,-1.0935714285714286
3506.0,0.7654347826086957
3507.0,-1.2334210526315792
3508.0,0.6171428571428571
3509.0,-1.099375
3510.0,0.7654347826086957
3511.0,-0.54078125
3512.0,0.7706382978723403
3513.0,-1.0906944444444444
3514.0,-1.0083823529411766
3515.0,0.6922916666666664
3516.0,-1.152280701754386
3517.0,-1.0546853146853146
3518.0,0.7706382978723403
3519.0,-0.7002272727272728
3520.0,-1.1847058823529417
3521.0,-1.3938888888888892
3522.0,-1.1467796610169492
3523.0,-1.1241176470588237
3524.0,-1.093932584269663
3525.0,-1.055909090909091
3526.0,-1.0923076923076929
3527.0,-1.1410416666666665
3528.0,-1.1070886075949367
3529.0,-1.0166666666666673
3530.0,0.7654347826086955
3531.0,0.7654347826086955
3532.0,0.7706382978723404
3533.0,-1.141639344262295
3534.0,-1.2754545454545456
3535.0,-1.1758974358974363
3536.0,-1.274827586206897
3537.0,-1.2051162790697674
3538.0,0.7706382978723404
3539.0,-1.2002272727272727
3540.0,-1.1088524590163933
3541.0,-1.1267924528301887
3542.0,-1.2620588235294117
3543.0,-0.8831428571428572
3544.0,-1.2790625000000002
3545.0,-1.00408547008547
3546.0,-1.0351219512195122
3547.0,0.7873913043478259
3548.0,-1.2260000000000002
3549.0,0.7706382978723403
3550.0,-1.0467484662576687
3551.0,-0.7540845070422537
3552.0,-1.210666666666667
3553.0,-0.583684210526316
3554.0,-1.0072897196261679
3555.0,-1.0409708737864078
3556.0,-1.0882608695652174
3557.0,-1.2703030303030303
3558.0,0.7706382978723404
3559.0,-1.0527777777777778
3560.0,-1.0183333333333338
3561.0,-1.1845454545454546
3562.0,-1.3204545454545455
3563.0,-1.1008333333333338
3564.0,-1.0437790697674418
3565.0,-1.1955555555555553
3566.0,-1.10328125
3567.0,-1.256451612903226
3568.0,-1.2748275862068967
3569.0,-1.0121782178217824
3570.0,-1.0237837837837838
3571.0,-1.1522807017543861
3572.0,-1.044093567251462
3573.0,-1.2911764705882351
3574.0,-0.9468750000000004
3575.0,-0.9358333333333338
3576.0,-1.2703030303030303
3577.0,-1.1835294117647062
3578.0,-1.0021359223300972
3579.0,-1.1117105263157896
3580.0,0.7706382978723403
3581.0,0.7654347826086957
3582.0,-1.0422598870056496
3583.0,-0.8503896103896105
3584.0,-0.88453125
3585.0,0.7654347826086957
3586.0,-1.012795698924731
3587.0,-1.2790625
3588.0,-1.0789830508474576
3589.0,-1.1194642857142858
3590.0,-1.0789830508474576
3591.0,-0.226923076923077
3592.0,0.6855319148936169
3593.0,-0.9798648648648648
3594.0,-1.0553153153153154
3595.0,-1.0850000000000002
3596.0,-0.8867391304347826
3597.0,-0.9666949152542375
3598.0,0.7824444444444445
3599.0,-1.1684615384615389
3600.0,0.7654347826086955
3601.0,0.7706382978723403
3602.0,-1.233421052631579
3603.0,-0.9721428571428573
3604.0,0.7706382978723404
3605.0,-0.8262068965517243
3606.0,0.7706382978723403
3607.0,-1.0927777777777776
3608.0,-0.9952966101694914
3609.0,0.6922916666666666
3610.0,-1.424736842105263
3611.0,-1.0755263157894739
3612.0,-1.0725892857142858
3613.0,-1.0855882352941177
3614.0,-1.0264583333333333
3615.0,-1.055625
3616.0,-1.0322077922077924
3617.0,-0.7822535211267605
3618.0,-1.119620253164557
3619.0,-1.0733333333333337
3620.0,-1.1391935483870967
3621.0,-1.0657142857142858
3622.0,-1.233421052631579
3623.0,0.7706382978723403
3624.0,-0.9334523809523809
3625.0,-0.8014035087719298
3626.0,-0.8052173913043478
3627.0,-1.0939325842696628
3628.0,-1.1612962962962965
3629.0,0.7706382978723403
3630.0,-1.2002272727272727
3631.0,-0.3851612903225806
3632.0,-1.0306250000000001
3633.0,-0.9468181818181818
3634.0,0.7706382978723404
3635.0,-0.8692134831460674
3636.0,-1.0672058823529411
3637.0,-0.7526582278481014
3638.0,0.7706382978723403
3639.0,-1.349130434782609
3640.0,-1.2469444444444446
3641.0,0.7495744680851063
3642.0,-1.0600757575757576
3643.0,-1.030625
3644.0,-0.9275000000000001
3645.0,0.7706382978723403
3646.0,-1.3040000000000003
3647.0,-1.2095833333333335
3648.0,-0.03166666666666675
3649.0,-1.0704347826086955
3650.0,-1.1088524590163933
3651.0,-1.0135849056603774
3652.0,0.6922916666666666
3653.0,0.7706382978723403
3654.0,-1.1267924528301887
3655.0,-1.3654545454545457
3656.0,0.7706382978723403
3657.0,-1.1056249999999999
3658.0,-1.0283211678832116
3659.0,-1.0591489361702129
3660.0,-1.0422598870056496
3661.0,-1.053793103448276
3662.0,-0.9676422764227642
3663.0,-0.8769047619047621
3664.0,0.7280851063829787
3665.0,-1.1678846153846152
3666.0,-1.090769230769231
3667.0,-1.0927777777777776
3668.0,-1.191086956521739
3669.0,-1.3938888888888892
3670.0,0.585
3671.0,-1.2983333333333333
3672.0,0.7706382978723403
3673.0,-1.1050793650793649
3674.0,-1.1476086956521738
3675.0,-0.9408928571428571
3676.0,-0.9274999999999999
3677.0,-0.9775000000000001
3678.0,-1.0975581395348835
3679.0,-1.070769230769231
3680.0,-1.0760655737704918
3681.0,-1.0673809523809525
3682.0,-0.9725581395348839
3683.0,-1.0316666666666665
3684.0,0.6716666666666665
3685.0,-1.0316666666666665
3686.0,-1.3361904761904764
3687.0,-1.0619178082191778
3688.0,-1.0497183098591547
3689.0,0.7706382978723404
3690.0,0.6922916666666666
3691.0,0.5449999999999999
3692.0,-1.0707142857142857
3693.0,-0.8672727272727273
3694.0,-0.9770689655172413
3695.0,-1.070769230769231
3696.0,-1.0020192307692308
3697.0,-1.0581818181818181
3698.0,-1.1028048780487805
3699.0,-1.0332242990654203
3700.0,-0.8341666666666668
3701.0,-0.8576470588235295
3702.0,-1.0924
3703.0,-1.0529251700680273
3704.0,-1.1955555555555555
3705.0,-0.8144047619047619
3706.0,-0.8203571428571429
3707.0,0.4946938775510204
3708.0,-0.52125
3709.0,0.6089583333333333
3710.0,0.7599999999999999
3711.0,0.7219565217391305
3712.0,-1.1540625
3713.0,0.7280851063829785
3714.0,-1.0804347826086957
3715.0,-1.0220121951219514
3716.0,-1.0250413223140495
3717.0,-1.051046511627907
3718.0,-0.7066666666666667
3719.0,-1.0857009345794393
3720.0,-1.130151515151515
3721.0,-0.7007843137254903
3722.0,-0.6036363636363637
3723.0,-1.1056249999999999
3724.0,-1.0218965517241378
3725.0,0.7654347826086955
3726.0,-0.47125000000000006
3727.0,-0.9945126353790614
3728.0,-1.349130434782609
3729.0,-0.9471078431372548
3730.0,-1.0114285714285718
3731.0,-1.0274999999999999
3732.0,0.7654347826086957
3733.0,-1.1581818181818182
3734.0,-1.0170833333333331
3735.0,-1.0821052631578947
3736.0,0.7654347826086955
3737.0,-0.8905681818181819
3738.0,-1.10328125
3739.0,-1.1128813559322033
3740.0,-1.0060256410256412
3741.0,-0.9204979253112033
3742.0,-1.124259259259259
3743.0,-1.028690476190476
3744.0,-0.9766071428571428
3745.0,-0.9707692307692304
3746.0,-0.8755932203389831
3747.0,-0.6802985074626865
3748.0,-1.0311392405063293
3749.0,-0.9115116279069766
3750.0,-0.48444444444444446
3751.0,-1.1410416666666665
3752.0,-1.0311392405063289
3753.0,-1.0261328124999998
3754.0,-1.0236538461538462
3755.0,-1.0180794701986755
3756.0,-1.0634126984126984
3757.0,-0.8123684210526317
3758.0,-1.0012612612612612
3759.0,-1.1678846153846152
3760.0,-1.0707692307692307
3761.0,-0.9850980392156865
3762.0,-1.035774647887324
3763.0,-1.0683898305084745
3764.0,0.6922916666666666
3765.0,-0.9777049180327869
3766.0,-1.0038888888888888
3767.0,-0.9827184466019419
3768.0,-1.025576923076923
3769.0,-1.0815841584158414
3770.0,0.7280851063829785
3771.0,-1.0028000000000001
3772.0,-1.1586046511627908
3773.0,0.7280851063829787
3774.0,-0.9016161616161615
3775.0,-1.0433088235294117
3776.0,-1.0975581395348837
3777.0,-1.016173285198556
3778.0,-1.0935714285714289
3779.0,-1.0037362637362637
3780.0,-1.1218181818181818
3781.0,-1.0197619047619046
3782.0,-1.0013636363636362
3783.0,0.7654347826086957
3784.0,0.7706382978723403
3785.0,-1.2271794871794872
3786.0,-1.1391935483870972
3787.0,-1.0843877551020409
3788.0,-0.41789473684210526
3789.0,-0.6632954545454545
3790.0,-0.8077083333333333
3791.0,-0.8736206896551725
3792.0,-1.0657142857142856
3793.0,-1.4746666666666675
3794.0,-0.9683464566929133
3795.0,-0.9157812500000001
3796.0,-1.0333333333333334
3797.0,-0.7259154929577465
3798.0,-1.1612962962962963
3799.0,-1.0606206896551724
3800.0,-1.0934343434343434
3801.0,-1.0105696202531644
3802.0,-1.1547727272727273
3803.0,-0.41755555555555546
3804.0,-1.152280701754386
3805.0,-0.8488709677419355
3806.0,-0.895
3807.0,-1.145714285714286
3808.0,-1.080686274509804
3809.0,-1.00255980861244
3810.0,-0.6889655172413793
3811.0,-1.0269718309859155
3812.0,-1.04078125
3813.0,-1.0130496453900708
3814.0,-1.124057971014493
3815.0,-1.0622222222222224
3816.0,-0.3820454545454545
3817.0,-1.071140350877193
3818.0,-1.0415873015873016
3819.0,-1.0817647058823532
3820.0,-1.065
3821.0,-1.0083823529411766
3822.0,-0.9023376623376624
3823.0,-1.1827083333333335
3824.0,-1.064742268041237
3825.0,-1.3204545454545455
3826.0,-1.1218181818181818
3827.0,-0.9371153846153847
3828.0,-1.0163819095477387
3829.0,-1.0905434782608694
3830.0,-1.2790625
3831.0,-1.018409090909091
3832.0,-0.29660377358490575
3833.0,-1.0577083333333335
3834.0,-0.6935714285714287
3835.0,0.09593749999999993
3836.0,-0.9375268817204301
3837.0,-1.1405882352941177
3838.0,-1.2250000000000003
3839.0,-1.2156097560975612
3840.0,-1.2469444444444446
3841.0,-1.186923076923077
3842.0,-1.0672058823529413
3843.0,-1.0366666666666668
3844.0,-1.0047058823529411
3845.0,-1.17125
3846.0,-1.146779661016949
3847.0,0.16816326530612247
3848.0,-1.084814814814815
3849.0,-0.9472072072072072
3850.0,-1.1246153846153848
3851.0,-1.0291566265060241
3852.0,-0.9275000000000001
3853.0,-1.056326530612245
3854.0,-0.5480357142857143
3855.0,-0.9912227074235807
3856.0,-0.40981132075471705
3857.0,-0.7191666666666667
3858.0,-0.9752941176470588
3859.0,-0.9420202020202021
3860.0,-1.0296341463414636
3861.0,-1.0226086956521738
3862.0,-0.9501449275362319
3863.0,-1.080625
3864.0,-0.9827184466019417
3865.0,0.29124999999999984
3866.0,0.5208695652173913
3867.0,-1.0733333333333333
3868.0,-1.0112418300653594
3869.0,-0.8951724137931037
3870.0,-0.06386363636363641
3871.0,-1.0192792792792793
3872.0,-0.9376047904191618
3873.0,-1.175897435897436
3874.0,-0.7689256198347107
3875.0,-0.1424390243902439
3876.0,-0.218448275862069
3877.0,-1.0559090909090911
3878.0,-1.0171739130434783
3879.0,-1.02893536121673
3880.0,-1.0733333333333335
3881.0,-1.1027586206896551
3882.0,-0.8656830601092897
3883.0,-0.9784615384615384
3884.0,-1.0010619469026547
3885.0,-0.628235294117647
3886.0,-0.28545454545454546
3887.0,-0.94
3888.0,-1.0275647668393781
3889.0,-0.9417543859649121
3890.0,-1.0606521739130435
3891.0,-0.8539240506329111
3892.0,-1.0236363636363637
3893.0,-0.900377358490566
3894.0,-0.9489552238805969
3895.0,-0.900377358490566
3896.0,-1.0780952380952382
3897.0,-1.2469444444444446
3898.0,-1.0217869415807561
3899.0,-1.0737037037037038
3900.0,-1.0948387096774193
3901.0,-1.3060869565217395
3902.0,-1.1590697674418606
3903.0,-1.1171929824561404
3904.0,-0.6544736842105263
3905.0,-1.0046396396396395
3906.0,-1.186808510638298
3907.0,0.4579166666666665
3908.0,-0.8620238095238096
3909.0,-0.9378021978021976
3910.0,-1.2959259259259264
3911.0,-1.1626190476190477
3912.0,-0.9752941176470588
3913.0,-1.1267924528301887
3914.0,-1.046574585635359
3915.0,-1.298333333333334
3916.0,-1.0638636363636362
3917.0,-1.124057971014493
3918.0,-0.8844444444444444
3919.0,-0.893
3920.0,-0.8309090909090908
3921.0,-0.27488372093023256
3922.0,-0.9818478260869565
3923.0,-1.084712643678161
3924.0,-1.1913888888888888
3925.0,-1.0905434782608696
3926.0,-1.0725892857142858
3927.0,-1.066315789473684
3928.0,-1.0215533980582525
3929.0,-0.9066666666666666
3930.0,-1.0591489361702127
3931.0,-1.126029411764706
3932.0,-0.7464935064935065
3933.0,-1.186923076923077
3934.0,-0.7507142857142858
3935.0,-1.0419662921348314
3936.0,-1.1441666666666668
3937.0,-1.0348
3938.0,-0.9425
3939.0,-1.003586956521739
3940.0,-1.1056249999999999
3941.0,-1.120281690140845
3942.0,-1.0707692307692305
3943.0,-0.9685714285714287
3944.0,-1.2585185185185184
3945.0,-1.0817721518987338
3946.0,-1.0675757575757576
3947.0,-1.042857142857143
3948.0,-1.1085897435897434
3949.0,-0.9384615384615388
3950.0,-1.125416666666667
3951.0,-1.105625
3952.0,-1.1202816901408448
3953.0,-0.9953879310344828
3954.0,-1.035031055900621
3955.0,-0.6117948717948718
3956.0,-1.0364601769911506
3957.0,-1.1678846153846156
3958.0,-1.0140384615384614
3959.0,-1.3457692307692308
3960.0,-1.1128813559322033
3961.0,-0.9794366197183098
3962.0,-0.926046511627907
3963.0,-1.1283783783783783
3964.0,-0.9417543859649121
3965.0,-1.0441666666666665
3966.0,-1.0866666666666667
3967.0,0.1082142857142856
3968.0,-1.0399999999999996
3969.0,-1.0326829268292685
3970.0,-0.5913513513513513
3971.0,-0.601842105263158
3972.0,-1.0408000000000002
3973.0,-1.0371938775510205
3974.0,-1.02125
3975.0,-1.1101298701298703
3976.0,-1.0814285714285714
3977.0,-1.0540243902439026
3978.0,-1.0124358974358973
3979.0,-1.0265168539325842
3980.0,-1.0629166666666667
3981.0,-0.871578947368421
3982.0,-1.0119714964370545
3983.0,-1.006666666666667
3984.0,-1.057307692307692
3985.0,-0.9967567567567567
3986.0,-1.1260294117647063
3987.0,-1.17969696969697
3988.0,-1.0086567164179105
3989.0,-1.0863541666666665
3990.0,-1.1668292682926829
3991.0,-1.0695454545454548
3992.0,-1.0064473684210526
3993.0,-0.9561538461538461
3994.0,-1.0905434782608696
3995.0,-1.0025
3996.0,-0.9910619469026548
3997.0,-0.7774074074074074
3998.0,-1.1184722222222223
3999.0,-1.093
4000.0,-0.7150000000000001
4001.0,-0.9976470588235292
4002.0,-0.9697297297297298
4003.0,-1.0647422680412373
4004.0,-0.6127272727272726
4005.0,-0.9238235294117647
4006.0,-1.0606521739130435
4007.0,-1.053793103448276
4008.0,-1.2429411764705887
4009.0,-1.2890476190476197
4010.0,-1.0069392523364484
4011.0,-1.1913888888888888
4012.0,-1.0351388888888888
4013.0,-1.2165625
4014.0,-1.0500649350649351
4015.0,-1.063943661971831
4016.0,-1.082948717948718
4017.0,-0.6004651162790698
4018.0,-0.7816666666666666
4019.0,-1.092941176470588
4020.0,-0.47828125000000005
4021.0,-1.0282352941176471
4022.0,-1.0042045454545454
4023.0,-1.026111111111111
4024.0,-1.028690476190476
4025.0,0.032058823529411716
4026.0,-1.1028048780487805
4027.0,-1.0780952380952382
4028.0,-1.0951136363636365
4029.0,-1.034478527607362
4030.0,-1.0094307400379507
4031.0,-0.9953333333333332
4032.0,-1.1267924528301887
4033.0,-1.2409523809523808
4034.0,-0.9610365853658538
4035.0,-1.1581818181818182
4036.0,-1.0743023255813953
4037.0,-1.0070349907918967
4038.0,-1.099375
4039.0,-0.9194871794871795
4040.0,-0.8538211382113823
4041.0,-1.166551724137931
4042.0,-1.1294230769230769
4043.0,-0.9638095238095238
4044.0,-0.9245238095238095
4045.0,-0.9998834498834499
4046.0,-0.9702631578947368
4047.0,-0.6014864864864865
4048.0,-1.069741379310345
4049.0,-0.9194871794871796
4050.0,-0.7187234042553192
4051.0,-1.1859459459459458
4052.0,-1.0872222222222223
4053.0,-1.0434682080924855
4054.0,-1.0470987654320987
4055.0,-1.0364824120603016
4056.0,-1.0658196721311473
4057.0,-0.6678846153846154
4058.0,-1.049659090909091
4059.0,-1.0704347826086955
4060.0,-0.2528205128205129
4061.0,-0.4078571428571429
4062.0,-1.0772641509433962
4063.0,-1.0695454545454544
4064.0,-1.069059829059829
4065.0,-0.9205555555555555
4066.0,-1.0457228915662649
4067.0,-1.0119298245614037
4068.0,-1.124057971014493
4069.0,-1.080625
4070.0,-0.916923076923077
4071.0,-0.97828125
4072.0,-1.0988235294117648
4073.0,-0.8542857142857143
4074.0,-1.2703030303030303
4075.0,-0.42085106382978726
4076.0,-1.071140350877193
4077.0,-1.0564556962025315
4078.0,-1.0117475728155338
4079.0,-0.8309090909090908
4080.0,-1.0333333333333334
4081.0,-0.7507142857142857
4082.0,-1.0975581395348837
4083.0,-0.7832692307692307
4084.0,-1.1281578947368425
4085.0,-1.0257142857142856
4086.0,-1.0360199004975126
4087.0,-1.0232568807339448
4088.0,-1.0577570093457944
4089.0,-1.089056603773585
4090.0,-0.27125000000000005
4091.0,-1.007857142857143
4092.0,-1.0127272727272727
4093.0,-0.20551724137931046
4094.0,-1.0884042553191489
4095.0,-1.0021739130434786
4096.0,-0.8881481481481481
4097.0,-0.9275000000000001
4098.0,-0.8089473684210526
4099.0,-1.1678846153846156
4100.0,-0.9622222222222223
4101.0,-0.8584971098265897
4102.0,-0.8820454545454546
4103.0,-0.815
4104.0,-1.0638636363636365
4105.0,-1.0982089552238805
4106.0,-1.0725892857142856
4107.0,-1.069741379310345
4108.0,-1.027958115183246
4109.0,-1.2808000000000002
4110.0,-1.3089655172413797
4111.0,-1.1467796610169492
4112.0,-0.5733333333333336
4113.0,-1.1391935483870967
4114.0,-1.332592592592592
4115.0,-0.22125000000000003
4116.0,-1.087222222222222
4117.0,-0.9816666666666668
4118.0,-1.0424193548387095
4119.0,-1.191086956521739
4120.0,-0.7816666666666666
4121.0,-0.967906976744186
4122.0,-0.9960386473429951
4123.0,-1.1626190476190477
4124.0,-1.0939325842696628
4125.0,-1.0045348837209305
4126.0,-1.2156097560975612
4127.0,-1.1827083333333335
4128.0,-0.49657894736842106
4129.0,-1.066086956521739
4130.0,-1.1713725490196079
4131.0,-1.0916483516483517
4132.0,-1.136825396825397
4133.0,-1.019591836734694
4134.0,-1.0894623655913978
4135.0,-1.0875238095238093
4136.0,-1.3594117647058828
4137.0,-1.0704347826086957
4138.0,-1.1678846153846154
4139.0,-1.2152631578947373
4140.0,-1.0858139534883722
4141.0,-1.2850000000000001
4142.0,-1.3089655172413794
4143.0,-1.2929166666666667
4144.0,-1.186808510638298
4145.0,-1.0590298507462685
4146.0,-1.1467796610169492
4147.0,-1.1171929824561404
4148.0,-0.5013636363636365
4149.0,-1.120281690140845
4150.0,-1.1313043478260874
4151.0,-1.2271794871794872
4152.0,-0.9338775510204081
4153.0,-1.144666666666667
4154.0,-0.9136111111111112
4155.0,-1.0863541666666667
4156.0,-1.2132432432432432
4157.0,-1.2165625
4158.0,-1.2405882352941178
4159.0,-1.0740909090909092
4160.0,-1.1913888888888888
4161.0,-0.4780952380952383
4162.0,-1.1014457831325304
4163.0,-1.089462365591398
4164.0,-1.1845454545454546
4165.0,-1.1085897435897434
4166.0,-1.026764705882353
4167.0,-1.0081159420289854
4168.0,-0.7165625000000001
4169.0,-1.0554000000000001
4170.0,-0.9792857142857141
4171.0,-1.1179999999999999
4172.0,-1.0590789473684212
4173.0,-0.9314893617021275
4174.0,-1.175
4175.0,-1.095
4176.0,-1.099375
4177.0,-0.19138888888888894
4178.0,-1.0140384615384614
4179.0,-1.2102380952380953
4180.0,-1.3060869565217395
4181.0,-0.7623214285714285
4182.0,-1.175
4183.0,-1.0517647058823527
4184.0,-1.10144578313253
4185.0,-0.976363636363636
4186.0,-1.124057971014493
4187.0,-1.227179487179487
4188.0,-1.4030000000000002
4189.0,-1.067956989247312
4190.0,-0.8522448979591837
4191.0,-1.0548148148148149
4192.0,-1.0772641509433962
4193.0,-0.9947999999999999
4194.0,-1.0789830508474576
4195.0,-1.1128813559322035
4196.0,-1.1184722222222223
4197.0,-1.017777777777778
4198.0,-0.8983333333333333
4199.0,-0.879240506329114
4200.0,-0.9229268292682927
4201.0,-1.115
4202.0,-1.1713725490196076
4203.0,-1.1391935483870967
4204.0,-1.2316666666666667
4205.0,-1.0540243902439024
4206.0,-1.0789423076923077
4207.0,-1.002755102040816
4208.0,-0.9169230769230768
4209.0,-1.1150000000000002
4210.0,-1.1001190476190477
4211.0,-1.0277697841726618
4212.0,-1.043030303030303
4213.0,-1.0123214285714286
4214.0,-1.080686274509804
4215.0,-1.0235051546391754
4216.0,-1.0798058252427185
4217.0,-1.2073684210526316
4218.0,-1.2316666666666667
4219.0,-1.08375
4220.0,-1.1581818181818182
4221.0,-1.375416666666667
4222.0,-1.27030303030303
4223.0,-1.2684210526315791
4224.0,-1.0866037735849057
4225.0,-1.0634126984126981
4226.0,-1.1868085106382977
4227.0,-1.0346859903381644
4228.0,-0.9672727272727274
4229.0,-0.22148148148148164
4230.0,-1.0951136363636365
4231.0,-0.9525000000000002
4232.0,-1.0468181818181819
4233.0,-1.1775000000000002
4234.0,-1.2745454545454546
4235.0,-1.036774193548387
4236.0,-1.0051351351351354
4237.0,-1.028690476190476
4238.0,-1.228636363636364
4239.0,-1.0364285714285715
4240.0,-1.1088524590163935
4241.0,-1.0411049723756904
4242.0,-0.9433898305084744
4243.0,-1.0305701754385963
4244.0,-1.0494262295081966
4245.0,-0.9020370370370371
4246.0,-1.0210402684563757
4247.0,-1.0489887640449438
4248.0,-1.182093023255814
4249.0,-1.2703030303030303
4250.0,-1.0570289855072463
4251.0,-1.2032352941176472
4252.0,-0.6544736842105263
4253.0,-1.0687692307692307
4254.0,-0.7971428571428573
4255.0,-1.2508333333333335
4256.0,-1.0638636363636367
4257.0,-0.4954347826086956
4258.0,-1.17125
4259.0,-1.1221428571428573
4260.0,-1.0293617021276595
4261.0,-0.7007843137254901
4262.0,-1.0060256410256412
4263.0,-0.88453125
4264.0,-1.1960000000000002
4265.0,-1.0169281045751632
4266.0,-1.0040449438202248
4267.0,-1.0267132867132867
4268.0,-1.2808000000000002
4269.0,-1.1467796610169494
4270.0,-0.24694444444444447
4271.0,-1.0257142857142856
4272.0,-1.0696703296703296
4273.0,-0.9784615384615384
4274.0,-0.8416949152542372
4275.0,-0.9642990654205605
4276.0,-0.6481632653061224
4277.0,-1.027298387096774
4278.0,-0.9822680412371135
4279.0,-1.051320754716981
4280.0,-0.9730952380952382
4281.0,-1.0442105263157895
4282.0,-1.03625
4283.0,-1.1522807017543861
4284.0,-0.5913513513513515
4285.0,-1.0347530864197532
4286.0,-1.0683898305084745
4287.0,-1.0650000000000002
4288.0,-1.0553153153153152
4289.0,-1.1242592592592593
4290.0,-1.033918918918919
4291.0,-1.3030000000000004
4292.0,-1.0273333333333334
4293.0,-0.8114285714285714
4294.0,-0.8025
4295.0,-0.4609302325581395
4296.0,-1.1150000000000002
4297.0,-0.7507142857142857
4298.0,-1.3076923076923077
4299.0,-1.1761818181818182
4300.0,-1.0464516129032257
4301.0,-1.0756481481481481
4302.0,-1.0425568181818183
4303.0,-1.1713725490196076
4304.0,-1.001061946902655
4305.0,-0.9585714285714285
4306.0,-1.0085507246376813
4307.0,-0.6934883720930234
4308.0,-1.1845454545454546
4309.0,-1.0789423076923077
4310.0,-0.26205882352941184
4311.0,-1.0030522088353413
4312.0,-0.553953488372093
4313.0,-1.051764705882353
4314.0,-0.8095348837209303
4315.0,-1.0247222222222225
4316.0,-1.0496590909090908
4317.0,-0.46340425531914897
4318.0,-1.0195454545454545
4319.0,-0.9988028169014084
4320.0,-1.0296995708154506
4321.0,-0.43491525423728805
4322.0,-0.9441666666666666
4323.0,-1.1416393442622954
4324.0,-1.017310924369748
4325.0,-1.2399999999999998
4326.0,-1.2051162790697678
4327.0,-0.4844444444444444
4328.0,-0.9463492063492065
4329.0,-0.9425862068965516
4330.0,-1.0834343434343434
4331.0,-0.16658536585365857
4332.0,-0.7066666666666666
4333.0,-1.0571296296296298
4334.0,-0.7469444444444445
4335.0,-0.880625
4336.0,-0.6223529411764706
4337.0,-1.0422598870056499
4338.0,-1.0264173228346456
4339.0,-1.1070886075949369
4340.0,-1.3203571428571432
4341.0,-0.8715789473684211
4342.0,-1.0160416666666665
4343.0,-0.7964285714285718
4344.0,-1.0296341463414636
4345.0,-1.2096969696969697
4346.0,-1.0135507246376811
4347.0,0.001935483870967644
4348.0,-1.2271794871794872
4349.0,-1.120281690140845
4350.0,-0.910909090909091
4351.0,-1.0253103448275862
4352.0,-0.21023809523809525
4353.0,-1.0251890034364262
4354.0,-0.8345121951219513
4355.0,-0.7071052631578948
4356.0,-1.03375
4357.0,-1.0445112781954888
4358.0,-1.139193548387097
4359.0,-1.0927777777777776
4360.0,-1.0349029126213591
4361.0,-0.6117948717948719
4362.0,-0.9658064516129033
4363.0,-1.00453488372093
4364.0,-0.9792857142857146
4365.0,-1.0483333333333331
4366.0,-1.1713725490196076
4367.0,-1.197142857142857
4368.0,-0.9991911764705881
4369.0,-0.7905319148936172
4370.0,-1.025576923076923
4371.0,-1.2000000000000002
4372.0,-0.3863414634146342
4373.0,-0.13583333333333336
4374.0,-1.0597115384615383
4375.0,-0.4475471698113208
4376.0,-0.8463829787234043
4377.0,-1.1645283018867922
4378.0,-1.1150000000000002
4379.0,-1.1184722222222223
4380.0,-0.9853416149068323
4381.0,-1.2051162790697674
4382.0,-1.0733333333333333
4383.0,-0.8795348837209302
4384.0,-1.1581818181818182
4385.0,-1.1167123287671232
4386.0,-1.1525396825396825
4387.0,-1.0617821782178218
4388.0,-1.1827083333333335
4389.0,-1.128157894736842
4390.0,-1.246
4391.0,-1.0457228915662649
4392.0,-1.0013043478260872
4393.0,-0.9036363636363636
4394.0,-1.0795061728395063
4395.0,-1.0322374429223742
4396.0,-1.0409708737864078
4397.0,-1.0524999999999998
4398.0,-1.0884042553191489
4399.0,-1.3388888888888895
4400.0,-0.47125000000000006
4401.0,-1.375416666666667
4402.0,-1.2971428571428574
4403.0,-1.2271794871794872
4404.0,-1.0212500000000002
4405.0,-1.1856250000000002
4406.0,-1.0825
4407.0,-1.076
4408.0,-0.8917857142857144
4409.0,-0.8769047619047617
4410.0,-1.0346428571428572
4411.0,-1.4525000000000001
4412.0,-1.0723863636363637
4413.0,-1.1070886075949367
4414.0,-0.8704347826086958
4415.0,-0.8951724137931036
4416.0,-1.2260000000000002
4417.0,-1.2496428571428573
4418.0,-1.191290322580645
4419.0,-0.9470588235294121
4420.0,-1.2264285714285719
4421.0,-0.9381132075471701
4422.0,-0.9691666666666668
4423.0,-1.2156097560975612
4424.0,-1.105625
4425.0,-0.9733333333333334
4426.0,-1.1070886075949367
4427.0,-1.191086956521739
4428.0,-0.9051785714285714
4429.0,-1.1218181818181818
4430.0,-1.2429411764705887
4431.0,-1.2883870967741935
4432.0,-1.3192307692307697
4433.0,-1.1444117647058825
4434.0,-1.0778378378378377
4435.0,-1.200227272727273
4436.0,-1.049090909090909
4437.0,-1.0695454545454546
4438.0,-1.0059482758620688
4439.0,-1.0606106870229008
4440.0,-1.1083333333333334
4441.0,-1.0165957446808511
4442.0,-1.0570289855072463
4443.0,-1.2156097560975612
4444.0,-1.2983333333333333
4445.0,-1.0187267080745341
4446.0,-1.228888888888889
4447.0,-0.8184883720930233
4448.0,-1.0497101449275363
4449.0,-1.0875
4450.0,-1.1787755102040816
4451.0,-0.8114285714285715
4452.0,-1.115
4453.0,-1.1283783783783783
4454.0,-0.8316666666666667
4455.0,-0.9045569620253165
4456.0,-1.1441666666666666
4457.0,-1.1913888888888888
4458.0,-1.1015384615384616
4459.0,-0.2186956521739133
4460.0,-1.1859459459459458
4461.0,-0.9341176470588236
4462.0,-1.2271794871794874
4463.0,-0.9712500000000001
4464.0,-0.8844444444444446
4465.0,-1.1555000000000002
4466.0,-1.0127272727272727
4467.0,-0.9327710843373492
4468.0,-1.0748623853211008
4469.0,-1.0695454545454546
4470.0,-0.25785714285714284
4471.0,-1.0351388888888888
4472.0,-0.9040625
4473.0,-0.9616129032258063
4474.0,-1.026764705882353
4475.0,-1.0233689839572193
4476.0,-0.9702631578947369
4477.0,-1.0480357142857142
4478.0,-1.2400000000000002
4479.0,-1.0971428571428572
4480.0,-1.0595488721804511
4481.0,-1.132156862745098
4482.0,-1.0237591240875912
4483.0,-1.0177777777777777
4484.0,-0.981573033707865
4485.0,-0.9114285714285715
4486.0,-1.0854545454545454
4487.0,-1.050855263157895
4488.0,-1.015709219858156
4489.0,-1.115
4490.0,-1.0236842105263155
4491.0,-0.4832432432432433
4492.0,-0.24000000000000005
4493.0,-0.5557894736842105
4494.0,-1.1441666666666668
4495.0,-1.059830508474576
4496.0,-1.2790625000000002
4497.0,-1.1301515151515151
4498.0,-1.1612962962962963
4499.0,-1.0425568181818183
4500.0,-1.1202816901408452
4501.0,-0.8968627450980392
4502.0,-0.9702631578947369
4503.0,-0.37970588235294117
4504.0,-0.9754294478527608
4505.0,-1.1522807017543861
4506.0,-1.0316666666666665
4507.0,-0.7002272727272728
4508.0,-1.1603999999999999
4509.0,-0.872
4510.0,-0.9564634146341463
4511.0,-1.1441666666666668
4512.0,-1.2883870967741937
4513.0,-0.8844444444444446
4514.0,-0.7706122448979591
4515.0,-1.1379591836734693
4516.0,-1.0784146341463414
4517.0,-1.1827083333333333
4518.0,-1.0085123966942147
4519.0,-0.9251724137931034
4520.0,-1.1017021276595742
4521.0,-1.0971428571428572
4522.0,-0.7629411764705883
4523.0,-0.3530952380952381
4524.0,-0.9583908045977012
4525.0,-1.0333333333333334
4526.0,-1.0485443037974684
4527.0,-1.0905434782608696
4528.0,-1.0748623853211008
4529.0,-1.0821052631578947
4530.0,-1.166829268292683
4531.0,-1.0261111111111112
4532.0,-1.1971428571428568
4533.0,-1.2334210526315788
4534.0,-1.1184722222222223
4535.0,-1.0570289855072463
4536.0,-1.0206291390728477
4537.0,-1.1395454545454546
4538.0,-1.1551785714285714
4539.0,-0.9338775510204081
4540.0,-1.1323076923076922
4541.0,-1.1171929824561404
4542.0,-1.215609756097561
4543.0,-1.1494827586206897
4544.0,-1.0384293193717276
4545.0,-1.2850000000000001
4546.0,-1.0673809523809525
4547.0,0.05487179487179487
4548.0,-1.0948387096774193
4549.0,-1.2002272727272727
4550.0,-1.240588235294118
4551.0,-0.729795918367347
4552.0,-0.9456451612903225
4553.0,-1.087972972972973
4554.0,-1.113333333333333
4555.0,-1.1782142857142859
4556.0,-1.1133333333333333
4557.0,-1.1522807017543861
4558.0,-1.124057971014493
4559.0,-1.1971428571428575
4560.0,-1.3325925925925928
4561.0,-1.2469444444444444
4562.0,-1.2883870967741937
4563.0,-1.1368253968253965
4564.0,-1.1194642857142856
4565.0,-1.1551785714285714
4566.0,-1.1404545454545454
4567.0,-1.200227272727273
4568.0,-1.0664462809917357
4569.0,-0.9761111111111108
4570.0,-1.229545454545455
4571.0,-1.1645283018867922
4572.0,-0.816923076923077
4573.0,-1.0916483516483515
4574.0,-1.1546875
4575.0,-1.0333884297520661
4576.0,-0.3530952380952381
4577.0,-0.9400000000000001
4578.0,-1.068358208955224
4579.0,-1.2703030303030303
4580.0,-0.9763636363636364
4581.0,-0.7938461538461539
4582.0,-0.9752941176470585
4583.0,-0.7212500000000001
4584.0,-1.1678846153846154
4585.0,-1.026764705882353
4586.0,-0.9594444444444442
4587.0,-1.1088524590163935
4588.0,-0.9547435897435897
4589.0,-1.0114583333333333
4590.0,-1.0480357142857142
4591.0,-0.8888095238095237
4592.0,-0.6802985074626865
4593.0,-0.890735294117647
4594.0,-1.0585185185185186
4595.0,-1.089462365591398
4596.0,-1.1581818181818182
4597.0,-1.2400000000000002
4598.0,-1.0642028985507246
4599.0,-0.7481967213114753
4600.0,-1.0604273504273505
4601.0,-1.2688461538461542
4602.0,-1.1925806451612904
4603.0,-1.2135714285714285
4604.0,-1.276666666666667
4605.0,-0.8539240506329113
4606.0,-0.787945205479452
4607.0,-0.924931506849315
4608.0,-0.8265384615384616
4609.0,-0.8580555555555558
4610.0,-1.0683582089552237
4611.0,-1.1345312499999998
4612.0,-1.1070886075949369
4613.0,-0.9784615384615385
4614.0,-1.1861904761904765
4615.0,-1.2748275862068963
4616.0,-1.0277906976744184
4617.0,-1.0725892857142858
4618.0,-1.105625
4619.0,-0.7701724137931033
4620.0,-0.9807407407407407
4621.0,-1.0200925925925926
4622.0,-0.7698507462686566
4623.0,-0.6194642857142857
4624.0,-1.089056603773585
4625.0,-0.8930612244897959
4626.0,-1.0480000000000003
4627.0,-1.105079365079365
4628.0,-1.041418439716312
4629.0,-1.0111864406779663
4630.0,-1.2102380952380956
4631.0,-1.1401818181818182
4632.0,-1.0577570093457944
4633.0,-1.0316666666666665
4634.0,-1.2621739130434784
4635.0,-0.8466666666666668
4636.0,0.40285714285714286
4637.0,-0.9736956521739129
4638.0,-1.065
4639.0,-1.3204000000000002
4640.0,-1.0647422680412373
4641.0,-1.1345312499999998
4642.0,-1.03004329004329
4643.0,-1.320769230769231
4644.0,-1.067058823529412
4645.0,-1.1494827586206897
4646.0,-0.9797260273972604
4647.0,-0.607857142857143
4648.0,-1.1241176470588239
4649.0,-0.4973529411764708
4650.0,-1.0905434782608694
4651.0,-1.2132432432432432
4652.0,-1.1294230769230769
4653.0,-0.9688461538461538
4654.0,-1.0333333333333334
4655.0,-1.1968750000000004
4656.0,-1.135
4657.0,-1.050064935064935
4658.0,-1.2051162790697674
4659.0,-0.6001190476190477
4660.0,-1.008939393939394
4661.0,-1.0476923076923077
4662.0,-0.7496428571428574
4663.0,-1.130151515151515
4664.0,-0.9746938775510203
4665.0,-0.7775000000000001
4666.0,-1.0772641509433962
4667.0,-1.2403030303030305
4668.0,-0.9560493827160493
4669.0,-1.1907843137254903
4670.0,-1.1014457831325302
4671.0,-0.9658064516129032
4672.0,-1.1713725490196079
4673.0,-1.0547321428571428
4674.0,0.12874999999999998
4675.0,-1.041980198019802
4676.0,-1.2545000000000004
4677.0,-1.0609459459459458
4678.0,-1.3483333333333338
4679.0,-1.070769230769231
4680.0,-1.0441666666666667
4681.0,-1.3938888888888892
4682.0,-0.9702631578947372
4683.0,-0.7630769230769231
4684.0,-0.5750000000000001
4685.0,-1.0873684210526313
4686.0,-1.268846153846154
4687.0,-0.7489285714285715
4688.0,-0.16658536585365852
4689.0,-1.1926923076923077
4690.0,-1.1612962962962965
4691.0,-1.0687692307692307
4692.0,-1.0204878048780488
4693.0,-1.0923076923076926
4694.0,-1.0553153153153152
4695.0,-1.130151515151515
4696.0,-1.0595488721804514
4697.0,-1.1947619047619047
4698.0,0.050697674418604656
4699.0,-1.3089655172413797
4700.0,-0.2397297297297297
4701.0,-1.186808510638298
4702.0,-0.9221428571428572
4703.0,-1.105625
4704.0,-1.028235294117647
4705.0,-1.1323076923076922
4706.0,-1.0083823529411764
4707.0,-0.7154098360655737
4708.0,-1.154736842105263
4709.0,-1.2535000000000003
4710.0,-1.117777777777778
4711.0,-1.503888888888889
4712.0,-1.2542857142857142
4713.0,-0.7514942528735632
4714.0,-1.0081159420289854
4715.0,-1.276666666666667
4716.0,-1.240689655172414
4717.0,-1.0417073170731705
4718.0,-1.3060869565217395
4719.0,-0.05500000000000003
4720.0,-1.0537254901960784
4721.0,-1.1398181818181818
4722.0,-1.2412
4723.0,-1.1276666666666668
4724.0,-1.0345205479452055
4725.0,-0.9066666666666667
4726.0,-1.0123214285714286
4727.0,-1.0923076923076929
4728.0,-0.9758490566037735
4729.0,-1.0645967741935487
4730.0,-0.37124999999999997
4731.0,-1.046451612903226
4732.0,-1.200227272727273
4733.0,-1.126029411764706
4734.0,-0.8114285714285714
4735.0,-1.0884615384615384
4736.0,0.050697674418604614
4737.0,-1.128059701492537
4738.0,0.0308333333333333
4739.0,-1.2481250000000004
4740.0,-0.7792156862745099
4741.0,-1.0263120567375885
4742.0,-1.0625
4743.0,-0.9777049180327869
4744.0,-1.061917808219178
4745.0,-1.032763157894737
4746.0,-1.0834343434343434
4747.0,-1.122142857142857
4748.0,-1.0537254901960784
4749.0,-1.3076923076923082
4750.0,-1.0123214285714286
4751.0,-0.6358333333333334
4752.0,-1.166829268292683
4753.0,-1.1844444444444444
4754.0,-0.6381818181818184
4755.0,-1.3060869565217392
4756.0,-1.0564556962025318
4757.0,-1.0384293193717276
4758.0,-0.1685714285714286
4759.0,-1.2051162790697676
4760.0,-1.0963218390804597
4761.0,-0.7278048780487806
4762.0,-0.9096428571428571
4763.0,-1.2703030303030303
4764.0,-0.9703141361256541
4765.0,-1.2406896551724143
4766.0,-1.0006837606837606
4767.0,-1.0278787878787878
4768.0,-0.9733333333333332
4769.0,-0.9030000000000002
4770.0,-1.046640625
4771.0,-1.1108333333333333
4772.0,-1.0345205479452053
4773.0,-0.6892753623188405
4774.0,-1.0309604519774012
4775.0,-0.9718556701030927
4776.0,-1.106935483870968
4777.0,-0.9985034013605443
4778.0,-0.5430303030303031
4779.0,-1.015
4780.0,-1.0664462809917354
4781.0,-0.9996899224806202
4782.0,-0.9125663716814159
4783.0,-0.9777049180327869
4784.0,-1.1760869565217396
4785.0,-0.7857317073170731
4786.0,-1.0755263157894737
4787.0,-0.7775
4788.0,-0.04000000000000001
4789.0,-1.0282352941176474
4790.0,-0.9780952380952381
4791.0,-1.071076923076923
4792.0,-1.2225925925925927
4793.0,-1.2051162790697676
4794.0,-0.7436764705882353
4795.0,-0.9737740384615384
4796.0,-1.0050602409638556
4797.0,-1.0634126984126984
4798.0,-0.5858974358974358
4799.0,-1.144255319148936
4800.0,-0.5092307692307693
4801.0,-0.9338775510204083
4802.0,-1.3600000000000003
4803.0,-1.112093023255814
4804.0,-1.1032812499999998
4805.0,-1.2017948717948719
4806.0,-0.9848630136986303
4807.0,-1.1218181818181816
4808.0,-0.926046511627907
4809.0,-0.7437499999999999
4810.0,-1.1032812499999998
4811.0,-1.1713725490196076
4812.0,-0.9746938775510205
4813.0,-1.114848484848485
4814.0,-1.061078431372549
4815.0,-1.0257142857142856
4816.0,-0.12541666666666684
4817.0,-1.0916483516483515
4818.0,-1.288387096774194
4819.0,-0.9779032258064516
4820.0,-1.1678846153846152
4821.0,-1.2542857142857142
4822.0,-1.1467796610169492
4823.0,-0.9245238095238095
4824.0,-1.023273381294964
4825.0,-1.1038181818181818
4826.0,-1.0489473684210526
4827.0,-1.062265625
4828.0,-1.1028048780487805
4829.0,-0.7366216216216215
4830.0,-1.0066666666666666
4831.0,-0.8731521739130436
4832.0,-1.0184090909090908
4833.0,-1.1787755102040816
4834.0,-0.8129166666666667
4835.0,-1.0645967741935483
4836.0,-1.0357746478873242
4837.0,-1.080277777777778
4838.0,-0.9613541666666666
4839.0,-0.8365909090909089
4840.0,-0.6761702127659576
4841.0,-1.1578688524590162
4842.0,-1.2334210526315792
4843.0,-1.1390476190476189
4844.0,-0.44
4845.0,-1.0258527131782944
4846.0,-1.1391935483870967
4847.0,-1.0034297520661157
4848.0,-1.14948275862069
4849.0,-0.535
4850.0,-1.0311392405063289
4851.0,-0.8532812500000001
4852.0,-1.1280597014925373
4853.0,-1.227179487179487
4854.0,-0.7866666666666667
4855.0,-1.22125
4856.0,-0.952
4857.0,-0.8649999999999999
4858.0,-1.089056603773585
4859.0,-1.1735555555555557
4860.0,-1.1586046511627908
4861.0,-0.9188079470198676
4862.0,-1.175
4863.0,-0.7881927710843374
4864.0,-1.191086956521739
4865.0,-1.122142857142857
4866.0,-1.175
4867.0,-1.0371014492753625
4868.0,-1.068358208955224
4869.0,-1.0975581395348837
4870.0,-1.0362962962962965
4871.0,-1.007123287671233
4872.0,-1.0464024390243902
4873.0,-0.9417543859649125
4874.0,-1.2102380952380951
4875.0,-1.017777777777778
4876.0,-1.3203571428571428
4877.0,-1.0457228915662653
4878.0,-0.33756097560975623
4879.0,-1.0512582781456954
4880.0,-1.0305027932960895
4881.0,-1.073333333333333
4882.0,-0.5290625000000001
4883.0,-0.9433898305084745
4884.0,0.0013793103448274926
4885.0,-1.0905434782608696
4886.0,-0.97828125
4887.0,-1.1267924528301887
4888.0,-1.1581818181818182
4889.0,-1.048176100628931
4890.0,-1.0921875
4891.0,-1.1267924528301887
4892.0,-0.8820454545454546
4893.0,-1.1586486486486485
4894.0,-0.6127272727272727
4895.0,-0.45739130434782604
4896.0,-1.1069354838709677
4897.0,-0.9786363636363635
4898.0,-1.0351219512195122
4899.0,-1.1301515151515151
4900.0,-1.089056603773585
4901.0,-1.0419801980198018
4902.0,-1.2983333333333331
4903.0,-0.5294736842105265
4904.0,-1.0597115384615385
4905.0,-1.191086956521739
4906.0,-1.0496774193548386
4907.0,-1.025063829787234
4908.0,-1.012727272727273
4909.0,-0.7854545454545454
4910.0,-1.105625
4911.0,-1.1321739130434785
4912.0,-1.10144578313253
4913.0,-1.0733333333333337
4914.0,-1.0765306122448979
4915.0,-0.5326829268292683
4916.0,-1.1323076923076922
4917.0,-1.1218181818181818
4918.0,-1.0890697674418606
4919.0,-1.0854545454545454
4920.0,-0.5557894736842105
4921.0,-1.03078431372549
4922.0,-0.9369230769230772
4923.0,-1.1713725490196079
4924.0,-1.3491304347826085
4925.0,-1.240952380952381
4926.0,-1.0879729729729728
4927.0,-1.0089830508474575
4928.0,-1.0165957446808511
4929.0,-1.0135849056603774
4930.0,-1.186808510638298
4931.0,-1.0144360902255638
4932.0,-1.1345312500000002
4933.0,-1.0092307692307692
4934.0,-1.0417857142857145
4935.0,-1.0591489361702129
4936.0,-1.0351219512195122
4937.0,-1.210666666666667
4938.0,-1.051764705882353
4939.0,-0.9795833333333334
4940.0,-1.2271794871794874
4941.0,-0.8949295774647886
4942.0,-1.1028048780487805
4943.0,-1.0177777777777777
4944.0,-1.1028048780487805
4945.0,-1.2748275862068965
4946.0,-0.9919047619047618
4947.0,-1.1375
4948.0,-0.8589024390243903
4949.0,-1.0083823529411764
4950.0,-0.6336170212765957
4951.0,-1.0597115384615385
4952.0,-1.1444117647058827
4953.0,-1.1454716981132074
4954.0,-1.071140350877193
4955.0,-1.0179922779922779
4956.0,-1.0108333333333333
4957.0,-1.128157894736842
4958.0,-0.8741463414634145
4959.0,-1.0927777777777778
4960.0,-1.082105263157895
4961.0,-0.9460185185185184
4962.0,-1.1184722222222223
4963.0,-0.9779032258064516
4964.0,-1.1635593220338984
4965.0,-1.1128813559322033
4966.0,-0.9768421052631578
4967.0,-1.0269718309859155
4968.0,-1.3206250000000004
4969.0,-1.050855263157895
4970.0,-0.40326530612244893
4971.0,0.12363636363636356
4972.0,-0.9766071428571428
4973.0,-1.1323076923076922
4974.0,-1.0291566265060244
4975.0,-1.093932584269663
4976.0,-0.6212500000000001
4977.0,-1.1787755102040816
4978.0,-1.262058823529412
4979.0,-1.2058620689655173
4980.0,-0.9133870967741934
4981.0,-0.8712500000000001
4982.0,-1.1291111111111114
4983.0,-1.1117105263157894
4984.0,-1.1280597014925375
4985.0,-1.0884042553191489
4986.0,-1.0821052631578947
4987.0,-1.1149999999999998
4988.0,-1.05651376146789
4989.0,-1.2032352941176472
4990.0,0.03499999999999988
4991.0,-1.0935714285714284
4992.0,-1.0371938775510203
4993.0,-1.1787755102040816
4994.0,-1.22125
4995.0,-1.0617821782178218
4996.0,0.5412499999999998
4997.0,-1.281666666666667
4998.0,-0.39555555555555555
4999.0,-1.28
5000.0,-1.10144578313253
5001.0,-0.9189473684210524
5002.0,-1.036774193548387
5003.0,-1.1345614035087719
5004.0,-1.082105263157895
5005.0,-1.1971428571428573
5006.0,-1.0266161616161615
5007.0,-0.566530612244898
5008.0,-1.2102380952380951
5009.0,-1.375416666666667
5010.0,-1.2260000000000002
5011.0,-1.2002272727272727
5012.0,-1.0817721518987342
5013.0,-1.0246889952153109
5014.0,-1.1913888888888893
5015.0,-1.2883870967741937
5016.0,-1.3325925925925928
5017.0,-0.40287878787878795
5018.0,-1.0219999999999998
5019.0,-1.307692307692308
5020.0,-0.8626415094339623
5021.0,0.5773076923076922
5022.0,-1.0599999999999998
5023.0,-1.0975581395348837
5024.0,-0.9733333333333334
5025.0,-1.1913888888888888
5026.0,-0.6212500000000001
5027.0,-1.0154726368159201
5028.0,-1.027
5029.0,-1.2489285714285714
5030.0,-1.0028865979381443
5031.0,-1.071140350877193
5032.0,-1.045389221556886
5033.0,-0.9801315789473686
5034.0,-1.0971428571428572
5035.0,-1.1612962962962963
5036.0,-1.166829268292683
5037.0,-1.1827083333333335
5038.0,-1.0671276595744679
5039.0,-0.6739622641509434
5040.0,-1.2051162790697674
5041.0,-1.0081159420289854
5042.0,-0.9518055555555556
5043.0,0.366060606060606
5044.0,-1.0982089552238805
5045.0,-1.1323076923076925
5046.0,-1.191086956521739
5047.0,-0.22125000000000009
5048.0,-1.2508333333333335
5049.0,-1.2096969696969697
5050.0,-0.6551785714285714
5051.0,-1.1032812500000002
5052.0,-1.0873684210526315
5053.0,-1.2334210526315792
5054.0,-1.0704347826086957
5055.0,-1.1868085106382977
5056.0,-1.1416393442622954
5057.0,-1.0177777777777781
5058.0,-0.8108333333333333
5059.0,-1.055909090909091
5060.0,-1.1494827586206897
5061.0,-0.7945454545454546
5062.0,-1.0485142857142857
5063.0,-1.1218181818181816
5064.0,-1.059047619047619
5065.0,-1.1955555555555555
5066.0,-1.0782758620689656
5067.0,-0.9542857142857146
5068.0,-1.2469444444444442
5069.0,-0.5290625
5070.0,-1.2489285714285714
5071.0,-1.089462365591398
5072.0,-1.0935714285714286
5073.0,-0.9665625000000001
5074.0,-1.2212500000000002
5075.0,-1.0778378378378377
5076.0,-1.2489285714285712
5077.0,-0.77125
5078.0,-1.2132432432432432
5079.0,-1.017089947089947
5080.0,-1.2808000000000002
5081.0,-0.9608000000000001
5082.0,-1.135
5083.0,-1.1302739726027398
5084.0,-0.8400000000000001
5085.0,-1.0540243902439026
5086.0,-1.0460606060606061
5087.0,-1.22125
5088.0,-1.2102380952380953
5089.0,-1.3060869565217395
5090.0,-1.0100000000000005
5091.0,-1.1077011494252873
5092.0,-1.2399999999999998
5093.0,-1.1522807017543861
5094.0,-1.3313333333333333
5095.0,-1.092941176470588
5096.0,-0.9472072072072072
5097.0,-0.9410869565217391
5098.0,-1.0501851851851853
5099.0,-0.3612121212121212
5100.0,-1.1551785714285716
5101.0,-0.6388095238095238
5102.0,-1.2542857142857142
5103.0,-1.276666666666667
5104.0,-0.9468181818181818
5105.0,-1.0528220858895703
5106.0,-0.8014035087719297
5107.0,-1.089277108433735
5108.0,-1.1713725490196076
5109.0,-1.1128813559322033
5110.0,-0.8672727272727272
5111.0,-1.1167123287671235
5112.0,-1.1807894736842106
5113.0,-1.2102380952380951
5114.0,-1.0287700534759359
5115.0,-1.0756481481481481
5116.0,-1.025576923076923
5117.0,-1.0178846153846153
5118.0,-1.2238709677419353
5119.0,-1.3726315789473686
5120.0,-1.1914634146341463
5121.0,-1.2703030303030303
5122.0,-0.9033663366336633
5123.0,-1.0101923076923076
5124.0,-0.8717567567567568
5125.0,-1.017542372881356
5126.0,-0.8775000000000001
5127.0,-1.1847058823529415
5128.0,-1.0083823529411766
5129.0,-1.0789423076923077
5130.0,-1.2329411764705882
5131.0,-1.0772641509433962
5132.0,-0.888148148148148
5133.0,-0.9833628318584071
5134.0,-1.2911764705882351
5135.0,-0.5931818181818183
5136.0,-1.1194642857142858
5137.0,-0.9133870967741936
5138.0,-1.0723863636363635
5139.0,-1.0715384615384613
5140.0,-0.9647706422018348
5141.0,-0.9786363636363635
5142.0,-1.0893150684931507
5143.0,-0.6481632653061224
5144.0,-1.292916666666667
5145.0,-1.04
5146.0,-1.1384057971014494
5147.0,-1.067380952380952
5148.0,-1.042158273381295
5149.0,-0.8820454545454546
5150.0,-1.1626190476190477
5151.0,-0.8850000000000002
5152.0,-1.0435714285714284
5153.0,-1.1859459459459463
5154.0,-0.553953488372093
5155.0,-0.9835344827586209
5156.0,-0.9647706422018348
5157.0,-1.2103030303030302
5158.0,-0.6214285714285717
5159.0,-1.2745454545454546
5160.0,-1.033103448275862
5161.0,-1.1807894736842102
5162.0,0.22093749999999995
5163.0,-1.1467796610169492
5164.0,-0.9258108108108108
5165.0,-1.12125
5166.0,-1.1552
5167.0,-1.1665517241379306
5168.0,-1.256451612903226
5169.0,-1.1864864864864864
5170.0,-1.132156862745098
5171.0,-1.1108333333333331
5172.0,-0.9801315789473686
5173.0,-0.9538157894736843
5174.0,-0.575
5175.0,-1.1013043478260869
5176.0,-1.17125
5177.0,-1.0222085889570554
5178.0,-1.1827083333333335
5179.0,-1.1240579710144931
5180.0,-1.0798058252427183
5181.0,-1.064
5182.0,-1.0817721518987342
5183.0,-1.1350000000000005
5184.0,-1.059659863945578
5185.0,-1.3089655172413794
5186.0,-1.1787755102040818
5187.0,-0.8944444444444447
5188.0,-0.9641379310344831
5189.0,-1.0927777777777778
5190.0,-1.080686274509804
5191.0,-1.0670833333333334
5192.0,-1.3204545454545458
5193.0,-0.8910416666666666
5194.0,-1.0209090909090914
5195.0,-1.1128813559322033
5196.0,-1.1190909090909094
5197.0,-0.9573043478260869
5198.0,-1.2200000000000002
5199.0,-1.163888888888889
5200.0,-1.1442553191489362
5201.0,-0.9766071428571428
5202.0,-0.6325000000000003
5203.0,-0.7469444444444445
5204.0,-0.9822680412371134
5205.0,-1.1207936507936505
5206.0,-0.8169230769230769
5207.0,-1.0966176470588234
5208.0,-1.0245744680851063
5209.0,-0.9632142857142857
5210.0,-0.8820454545454545
5211.0,-1.2542857142857147
5212.0,-1.1494827586206897
5213.0,-1.2400000000000002
5214.0,-1.059047619047619
5215.0,-1.0971428571428572
5216.0,-1.0982089552238805
5217.0,-1.3726315789473686
5218.0,-1.0267647058823532
5219.0,-1.0457228915662653
5220.0,-1.0843877551020409
5221.0,-1.1242592592592595
5222.0,-1.0342583732057415
5223.0,-1.0733333333333337
5224.0,-1.1522807017543861
5225.0,-1.0789423076923077
5226.0,-0.882857142857143
5227.0,-0.8463829787234044
5228.0,-1.2748275862068965
5229.0,-1.1416393442622952
5230.0,-1.0504761904761906
5231.0,-1.0948387096774197
5232.0,-1.288387096774194
5233.0,-1.0733333333333335
5234.0,-1.1184722222222223
5235.0,-0.7909259259259258
5236.0,-1.093932584269663
5237.0,-1.044733727810651
5238.0,-1.175
5239.0,-1.2748275862068967
5240.0,-0.8616216216216217
5241.0,-1.0143230403800474
5242.0,-1.0441666666666667
5243.0,-1.1400000000000001
5244.0,-0.8077966101694914
5245.0,-1.1581818181818182
5246.0,0.105
5247.0,-0.8249056603773586
5248.0,-0.9327083333333334
5249.0,-1.135
5250.0,-1.106056338028169
5251.0,-0.8861538461538462
5252.0,-1.1827083333333333
5253.0,-0.8077083333333333
5254.0,-1.1741176470588235
5255.0,-1.2754545454545456
5256.0,-1.2329411764705882
5257.0,-1.1260294117647058
5258.0,-1.1028048780487802
5259.0,-1.2403030303030305
5260.0,-0.9815730337078652
5261.0,-0.8123684210526317
5262.0,-1.2489285714285716
5263.0,-1.11012987012987
5264.0,-1.2790625
5265.0,-1.0660869565217395
5266.0,-1.065
5267.0,-0.9697297297297298
5268.0,-0.9604301075268818
5269.0,-1.0309604519774012
5270.0,-0.03464285714285724
5271.0,-1.0406993006993008
5272.0,-0.9843181818181819
5273.0,-0.9515789473684215
5274.0,-0.7066666666666666
5275.0,-1.0128873239436618
5276.0,-0.9768421052631578
5277.0,-1.0512582781456954
5278.0,-1.1085897435897434
5279.0,-0.6994594594594594
5280.0,0.047499999999999785
5281.0,-1.00953125
5282.0,-1.2703030303030303
5283.0,-0.5984905660377359
5284.0,-1.161296296296296
5285.0,-0.6194642857142857
5286.0,-1.145
5287.0,-0.591063829787234
5288.0,-1.1070886075949367
5289.0,-0.8432608695652174
5290.0,-1.22125
5291.0,-1.0541592920353982
5292.0,-0.9691666666666668
5293.0,-0.6934883720930233
5294.0,-0.36790697674418615
5295.0,-0.9221428571428572
5296.0,-0.6490909090909092
5297.0,-1.0939325842696628
5298.0,-1.009808743169399
5299.0,-1.144166666666667
5300.0,-1.08375
5301.0,-1.0311392405063293
5302.0,-1.1581818181818182
5303.0,-0.5372972972972972
5304.0,-1.3204545454545455
5305.0,-0.9758490566037735
5306.0,-1.2399999999999998
5307.0,-1.080277777777778
5308.0,-1.0645967741935483
5309.0,-1.0508552631578947
5310.0,-1.1260294117647058
5311.0,-0.9717073170731708
5312.0,-0.9777049180327869
5313.0,-1.0269318181818181
5314.0,-1.095
5315.0,-1.0590789473684208
5316.0,-1.1868085106382975
5317.0,-1.1827083333333333
5318.0,-0.8877272727272727
5319.0,-1.1021052631578947
5320.0,-1.0927777777777776
5321.0,-1.3203571428571432
5322.0,-1.0111864406779658
5323.0,-0.949051724137931
5324.0,-1.055
5325.0,-1.0670833333333332
5326.0,-1.1069354838709675
5327.0,-0.9327083333333333
5328.0,-1.02643216080402
5329.0,-0.9003773584905661
5330.0,-0.6892753623188405
5331.0,-1.0494262295081966
5332.0,-1.0629166666666667
5333.0,-1.0660869565217392
5334.0,-1.0855882352941177
5335.0,-0.6827083333333333
5336.0,-0.9180303030303031
5337.0,-1.1044444444444443
5338.0,-0.535
5339.0,-1.0135849056603772
5340.0,-1.1246153846153844
5341.0,-1.0684761904761904
5342.0,-0.8986538461538462
5343.0,-1.2051162790697674
5344.0,-1.0658196721311477
5345.0,-1.090392156862745
5346.0,-1.2688461538461542
5347.0,-1.0963218390804599
5348.0,-1.0460344827586208
5349.0,-1.0795061728395061
5350.0,-1.1713725490196079
5351.0,-1.1913888888888888
5352.0,-1.0432786885245902
5353.0,-1.063943661971831
5354.0,-0.8363541666666667
5355.0,-1.175
5356.0,-1.1955555555555555
5357.0,-0.7572413793103449
5358.0,-1.1280597014925373
5359.0,-1.0600757575757576
5360.0,-1.0853947368421053
5361.0,-0.8075675675675675
5362.0,-1.2399999999999998
5363.0,-0.9685185185185186
5364.0,-0.7955555555555555
5365.0,-1.1540625000000002
5366.0,-1.059659863945578
5367.0,-0.9807407407407407
5368.0,-1.103150684931507
5369.0,-1.0305027932960893
5370.0,-1.062265625
5371.0,-1.0696703296703296
5372.0,-1.1581818181818184
5373.0,-1.0756481481481481
5374.0,-1.144166666666667
5375.0,-1.1522807017543861
5376.0,-1.233421052631579
5377.0,-1.3726315789473686
5378.0,-1.3089655172413797
5379.0,-1.2469444444444444
5380.0,-1.067731092436975
5381.0,-0.8712500000000001
5382.0,-1.1441666666666666
5383.0,-1.130151515151515
5384.0,-0.17750000000000016
5385.0,-0.5480357142857143
5386.0,-1.288387096774194
5387.0,-1.1612962962962963
5388.0,-1.2175555555555555
5389.0,-1.0176119402985073
5390.0,0.23999999999999985
5391.0,-1.034871794871795
5392.0,-0.58375
5393.0,-1.1796296296296296
5394.0,-1.1971428571428573
5395.0,-1.2002272727272727
5396.0,-1.2271794871794874
5397.0,-0.03464285714285725
5398.0,-1.2156097560975612
5399.0,-1.0498830409356725
5400.0,-1.2307692307692308
5401.0,-0.5841666666666668
5402.0,-1.1301515151515151
5403.0,-1.0513207547169812
5404.0,-1.24
5405.0,-1.1358333333333335
5406.0,-1.1775000000000002
5407.0,-1.0183333333333338
5408.0,-0.8576470588235294
5409.0,-0.786875
5410.0,-1.1586046511627908
5411.0,-1.0345205479452053
5412.0,-1.0269318181818183
5413.0,-1.1551785714285714
5414.0,-1.041056338028169
5415.0,-1.1441666666666668
5416.0,-1.1787755102040816
5417.0,-0.9148251748251748
5418.0,-1.0440935672514622
5419.0,-1.03004329004329
5420.0,-1.0927777777777778
5421.0,-1.0966176470588236
5422.0,-1.22125
5423.0,-1.4247368421052633
5424.0,0.29124999999999984
5425.0,-1.044733727810651
5426.0,-1.0228947368421053
5427.0,-1.0638636363636365
5428.0,-1.1001075268817202
5429.0,-1.0432786885245902
5430.0,-0.88453125
5431.0,-1.22125
5432.0,-1.136825396825397
5433.0,-0.16857142857142862
5434.0,-1.2971428571428574
5435.0,-0.8590476190476192
5436.0,-0.1444117647058824
5437.0,-1.0988235294117645
5438.0,-1.1844444444444444
5439.0,-0.4852830188679246
5440.0,-0.8792405063291139
5441.0,-1.0499173553719008
5442.0,-0.9805063291139241
5443.0,-0.9011570247933883
5444.0,-0.7205194805194806
5445.0,-1.0707692307692307
5446.0,-0.9115116279069764
5447.0,-1.048176100628931
5448.0,-1.2051162790697676
5449.0,0.07692307692307677
5450.0,-1.0798058252427185
5451.0,-1.0364824120603016
5452.0,-1.175
5453.0,-1.0135849056603774
5454.0,-1.0600757575757576
5455.0,-1.0208333333333333
5456.0,-1.075294117647059
5457.0,-1.191086956521739
5458.0,-1.4525000000000003
5459.0,-1.2156097560975612
5460.0,-1.0733333333333333
5461.0,-0.7656410256410258
5462.0,-1.0712500000000003
5463.0,-0.45794871794871794
5464.0,-1.0873684210526313
5465.0,-0.9928235294117647
5466.0,-1.2883870967741935
5467.0,-1.1001190476190477
5468.0,-0.8694642857142857
5469.0,-1.295925925925926
5470.0,-1.2051162790697674
5471.0,-1.090392156862745
5472.0,-1.185945945945946
5473.0,-1.3011764705882358
5474.0,-0.6678846153846152
5475.0,-1.1066666666666667
5476.0,-0.8984210526315791
5477.0,-1.080686274509804
5478.0,-1.0322077922077924
5479.0,-0.7997826086956523
5480.0,-1.3341666666666672
5481.0,-1.0817647058823527
5482.0,-1.1149999999999998
5483.0,-1.233421052631579
5484.0,-1.1267924528301887
5485.0,-1.1056249999999999
5486.0,-1.4768421052631582
5487.0,-1.1101298701298696
5488.0,-1.1835294117647064
5489.0,-1.2909090909090915
5490.0,-0.9992857142857146
5491.0,-1.2227272727272727
5492.0,-1.0316666666666667
5493.0,-1.0372972972972974
5494.0,-1.2316666666666667
5495.0,-1.1540625000000002
5496.0,-1.141639344262295
5497.0,-1.011713615023474
5498.0,-1.233421052631579
5499.0,-1.1522807017543861
5500.0,-1.1221428571428573
5501.0,-1.2545000000000002
5502.0,-1.1150000000000002
5503.0,-1.4385714285714288
5504.0,-0.19138888888888894
5505.0,-1.14
5506.0,-0.9417543859649121
5507.0,-0.9650000000000002
5508.0,-1.248125
5509.0,-1.1612962962962963
5510.0,-1.12225
5511.0,-1.2271794871794872
5512.0,-1.1713725490196076
5513.0,-1.056326530612245
5514.0,-1.2051162790697676
5515.0,-1.0530434782608697
5516.0,-1.0590298507462688
5517.0,-1.055909090909091
5518.0,-1.36
5519.0,-0.32064516129032256
5520.0,-1.254285714285714
5521.0,-1.1727777777777781
5522.0,-1.1494827586206895
5523.0,-0.3751351351351352
5524.0,-1.035258620689655
5525.0,-1.0778378378378377
5526.0,-1.3457692307692308
5527.0,-0.97828125
5528.0,-1.0296341463414636
5529.0,-1.0748717948717947
5530.0,-1.0590789473684212
5531.0,-1.0077595628415301
5532.0,-1.1678846153846154
5533.0,-1.2002272727272727
5534.0,-1.0884848484848486
5535.0,-1.534117647058824
5536.0,-1.1511111111111112
5537.0,-1.1645283018867922
5538.0,-1.1171929824561404
5539.0,-1.186808510638298
5540.0,-1.0909615384615383
5541.0,-1.3678571428571435
5542.0,-1.0606106870229008
5543.0,-1.1581818181818184
5544.0,-1.1827083333333335
5545.0,-1.0111187214611872
5546.0,-1.1063636363636364
5547.0,-1.268846153846154
5548.0,-0.8522222222222224
5549.0,-1.030748898678414
5550.0,-1.1833333333333338
5551.0,-0.6060714285714287
5552.0,-1.0052439024390243
5553.0,-0.7400000000000002
5554.0,-1.1028048780487805
5555.0,-1.1868085106382977
5556.0,-1.0530434782608697
5557.0,-1.1184722222222223
5558.0,-1.2542857142857142
5559.0,-1.135
5560.0,-1.093932584269663
5561.0,-0.6212500000000001
5562.0,-1.2808
5563.0,-1.1221428571428569
5564.0,-1.1318918918918919
5565.0,-1.1833333333333338
5566.0,-1.3953846153846157
5567.0,-1.0855882352941177
5568.0,-1.0190697674418607
5569.0,-1.0163819095477387
5570.0,-1.1868085106382977
5571.0,-1.1844444444444444
5572.0,-1.0681679389312977
5573.0,-1.0520805369127517
5574.0,-1.24
5575.0,-1.118048780487805
5576.0,-1.0988235294117645
5577.0,-0.655
5578.0,-1.0505917159763314
5579.0,-1.1028048780487805
5580.0,-1.2102380952380953
5581.0,-0.8828571428571429
5582.0,-1.320357142857143
5583.0,-1.1678846153846154
5584.0,-1.22125
5585.0,-1.268846153846154
5586.0,-1.1441666666666668
5587.0,-1.062903225806452
5588.0,-1.4768421052631582
5589.0,-1.1108333333333331
5590.0,-1.122142857142857
5591.0,-1.1847058823529415
5592.0,-1.0658196721311477
5593.0,-0.5435714285714286
5594.0,-0.5092307692307693
5595.0,-1.1947619047619051
5596.0,-1.0233935018050542
5597.0,-1.011523178807947
5598.0,-1.1321568627450982
5599.0,-0.6212500000000001
5600.0,0.32249999999999984
5601.0,-0.5539534883720931
5602.0,-1.1669230769230774
5603.0,-1.1194642857142856
5604.0,-1.0939325842696628
5605.0,-0.9823469387755103
5606.0,-0.4144186046511628
5607.0,-0.9314893617021278
5608.0,-1.060610687022901
5609.0,-1.0392424242424243
5610.0,-0.7063461538461536
5611.0,-1.2400000000000002
5612.0,-0.8385915492957747
5613.0,-1.1787755102040816
5614.0,-1.1712500000000001
5615.0,-1.0392021276595744
5616.0,-1.13453125
5617.0,-1.0570289855072463
5618.0,-1.0733333333333333
5619.0,-0.7984415584415585
5620.0,-0.9604301075268818
5621.0,-1.2238709677419353
5622.0,-0.9782812500000001
5623.0,-1.0409708737864078
5624.0,-1.0988235294117645
5625.0,-0.46093023255813953
5626.0,-1.116666666666667
5627.0,-1.2271794871794872
5628.0,-0.939074074074074
5629.0,-1.15
5630.0,-1.1194642857142858
5631.0,-1.0441798941798943
5632.0,-1.0131481481481484
5633.0,-1.0971428571428572
5634.0,-1.1551785714285714
5635.0,-1.2400000000000004
5636.0,-0.9712500000000001
5637.0,-1.2016
5638.0,0.29124999999999984
5639.0,-1.0632323232323233
5640.0,-1.0235051546391754
5641.0,-1.0863541666666665
5642.0,-1.2684210526315796
5643.0,0.24374999999999966
5644.0,-1.1108333333333331
5645.0,-1.0483333333333336
5646.0,-1.1101298701298703
5647.0,-1.0296995708154506
5648.0,-1.1787755102040816
5649.0,-0.9594444444444444
5650.0,-1.138636363636364
5651.0,-1.0854545454545454
5652.0,-1.0983333333333334
5653.0,-1.1001190476190474
5654.0,-1.0440935672514622
5655.0,-0.895
5656.0,-0.9806250000000001
5657.0,-1.233421052631579
5658.0,-1.1511111111111114
5659.0,-1.0513207547169812
5660.0,0.0007407407407406397
5661.0,-1.215609756097561
5662.0,-0.9283116883116885
5663.0,-0.9996899224806199
5664.0,-1.2542857142857142
5665.0,-1.047692307692308
5666.0,-0.2506382978723405
5667.0,-0.978095238095238
5668.0,-0.9702631578947368
5669.0,-1.0221782178217826
5670.0,-1.065
5671.0,-1.074090909090909
5672.0,-1.1294230769230769
5673.0,-1.0476223776223779
5674.0,-1.0119298245614035
5675.0,-1.000038240917782
5676.0,-1.1240579710144927
5677.0,-1.349130434782609
5678.0,0.34620689655172404
5679.0,-1.056326530612245
5680.0,-1.1467796610169492
5681.0,-0.8682051282051282
5682.0,-0.0008695652173914837
5683.0,-0.9679411764705883
5684.0,-1.124057971014493
5685.0,-1.2469444444444442
5686.0,-1.1807894736842106
5687.0,-0.8755932203389831
5688.0,-1.078095238095238
5689.0,-0.9180303030303031
5690.0,-0.3357446808510639
5691.0,-1.0764485981308411
5692.0,-0.8635294117647058
5693.0,-1.1128813559322033
5694.0,-1.046451612903226
5695.0,-1.2983333333333336
5696.0,-1.3921739130434785
5697.0,-0.6117948717948719
5698.0,-1.3204545454545455
5699.0,-1.0998484848484846
5700.0,-1.2102380952380951
5701.0,-1.0165957446808511
5702.0,-1.0460344827586208
5703.0,-0.6615686274509803
5704.0,-0.9356250000000002
5705.0,-0.8129166666666667
5706.0,-0.9697297297297298
5707.0,-1.1712500000000001
5708.0,-0.682857142857143
5709.0,-0.6194642857142857
5710.0,0.28857142857142853
5711.0,-0.9463492063492063
5712.0,-1.233421052631579
5713.0,-1.082948717948718
5714.0,-1.175
5715.0,-1.0707692307692307
5716.0,-0.6223529411764706
5717.0,-1.115
5718.0,-1.2156097560975612
5719.0,-0.9813793103448275
5720.0,-1.0038888888888888
5721.0,-0.984360902255639
5722.0,-1.11012987012987
5723.0,-1.0854545454545454
5724.0,-1.0975581395348835
5725.0,-1.3195454545454546
5726.0,-1.1678846153846154
5727.0,-1.1485185185185187
5728.0,-1.0971428571428572
5729.0,-0.18078947368421056
5730.0,0.5180645161290321
5731.0,-0.6036363636363636
5732.0,-1.147777777777778
5733.0,-1.2983333333333336
5734.0,-1.1914634146341463
5735.0,-1.2790625000000002
5736.0,-1.1519607843137254
5737.0,-1.018409090909091
5738.0,-0.9260465116279072
5739.0,-1.2542857142857142
5740.0,-0.9846428571428573
5741.0,-1.0460606060606061
5742.0,-1.0060256410256407
5743.0,-1.1735555555555555
5744.0,-1.1410416666666665
5745.0,-1.2096969696969697
5746.0,-0.9797260273972604
5747.0,-0.46727272727272734
5748.0,-0.9791304347826087
5749.0,-0.20808510638297878
5750.0,-0.8432608695652172
5751.0,-0.9306249999999998
5752.0,-0.8983333333333335
5753.0,-0.860769230769231
5754.0,-1.041418439716312
5755.0,-0.8075675675675678
5756.0,-0.8292857142857144
5757.0,-1.1511111111111112
5758.0,-0.9784615384615385
5759.0,-1.0652941176470587
5760.0,-0.9274999999999999
5761.0,-0.978095238095238
5762.0,-1.1645283018867925
5763.0,-1.403
5764.0,-1.1242592592592593
5765.0,-0.5420833333333336
5766.0,-1.10328125
5767.0,-1.1207936507936505
5768.0,-1.0116121495327102
5769.0,-0.7792857142857142
5770.0,-1.0789830508474576
5771.0,0.3030434782608694
5772.0,-0.9685714285714287
5773.0,-1.24
5774.0,-1.105625
5775.0,-1.021569965870307
5776.0,-1.1050793650793653
5777.0,-1.0866666666666667
5778.0,-0.7243749999999999
5779.0,-0.6410416666666666
5780.0,-1.3011764705882358
5781.0,-0.9274999999999999
5782.0,-1.191086956521739
5783.0,-1.0352586206896552
5784.0,-0.5525
5785.0,-0.26205882352941184
5786.0,-1.0951136363636365
5787.0,-1.0909615384615385
5788.0,-1.095072463768116
5789.0,-1.1971428571428573
5790.0,-1.2102380952380953
5791.0,0.5026470588235293
5792.0,-0.17478260869565238
5793.0,-1.1379591836734693
5794.0,0.3086111111111111
5795.0,-1.0184090909090908
5796.0,-1.0101612903225805
5797.0,-0.9819354838709676
5798.0,-0.6362264150943396
5799.0,-0.83375
5800.0,-0.12888888888888891
5801.0,-1.1171929824561404
5802.0,-0.6913888888888889
5803.0,-0.5321538461538462
5804.0,-1.017379679144385
5805.0,-0.9778318584070796
5806.0,0.3457142857142857
5807.0,-1.0483333333333333
5808.0,-0.5911904761904762
5809.0,-1.1056249999999999
5810.0,-0.6678846153846154
5811.0,-1.097558139534884
5812.0,-1.1128813559322033
5813.0,-0.7520967741935485
5814.0,-1.0998484848484846
5815.0,-1.152280701754386
5816.0,-1.071140350877193
5817.0,-1.118048780487805
5818.0,-1.032824074074074
5819.0,-0.2660416666666667
5820.0,-0.2283720930232558
5821.0,-0.8155208333333334
5822.0,-1.087972972972973
5823.0,-1.016
5824.0,-1.05
5825.0,-1.1645283018867925
5826.0,-1.0655813953488371
5827.0,-1.1441666666666668
5828.0,-1.028496240601504
5829.0,-1.0408241758241756
5830.0,-0.9630392156862746
5831.0,-1.1391935483870965
5832.0,-1.2102380952380951
5833.0,-1.0174480712166172
5834.0,-0.9948979591836735
5835.0,-1.0476923076923075
5836.0,-0.8364912280701754
5837.0,-1.001467889908257
5838.0,-1.1626190476190477
5839.0,-1.1148780487804877
5840.0,-1.1909756097560975
5841.0,-0.8463157894736845
5842.0,-1.056326530612245
5843.0,-0.9564634146341464
5844.0,-1.2409523809523813
5845.0,-0.9245238095238095
5846.0,-1.0386577181208052
5847.0,-0.9559090909090912
5848.0,-1.019279279279279
5849.0,-1.0652941176470587
5850.0,-1.095072463768116
5851.0,-0.9245238095238093
5852.0,-0.805934065934066
5853.0,-0.7968181818181819
5854.0,-1.1056249999999999
5855.0,-1.4030000000000002
5856.0,-1.1467796610169492
5857.0,-1.0228947368421053
5858.0,-1.2696153846153848
5859.0,-0.8253658536585365
5860.0,-0.5650000000000001
5861.0,-1.349130434782609
5862.0,-1.0204878048780488
5863.0,-1.1710344827586208
5864.0,-1.009281914893617
5865.0,-1.2271794871794872
5866.0,-1.1612962962962965
5867.0,-1.2165625000000002
5868.0,-1.017179487179487
5869.0,-1.2271794871794874
5870.0,-1.099375
5871.0,-1.0435714285714286
5872.0,-1.0966176470588236
5873.0,-1.2051162790697674
5874.0,-0.9483333333333333
5875.0,-0.9390740740740738
5876.0,-0.9811764705882353
5877.0,-0.6622222222222222
5878.0,-1.0634126984126986
5879.0,-1.0503448275862068
5880.0,-1.2489285714285716
5881.0,-0.495
5882.0,-1.1678846153846154
5883.0,-0.570714285714286
5884.0,-0.5485106382978724
5885.0,-1.3654545454545457
5886.0,-1.0073611111111112
5887.0,-1.052925170068027
5888.0,-1.191086956521739
5889.0,-0.921159420289855
5890.0,-1.0395283018867925
5891.0,-1.0478124999999998
5892.0,-1.0948387096774193
5893.0,-1.2102380952380951
5894.0,-1.1133734939759037
5895.0,-0.9405208333333336
5896.0,-1.0764485981308411
5897.0,-1.4247368421052633
5898.0,-1.0733333333333333
5899.0,-1.081772151898734
5900.0,-1.4768421052631582
5901.0,-1.1093181818181816
5902.0,-1.1133333333333333
5903.0,-0.0008695652173914825
5904.0,-1.2271794871794874
5905.0,-1.0951136363636365
5906.0,-1.053793103448276
5907.0,-1.0255392156862746
5908.0,-1.0617821782178216
5909.0,-0.8549999999999999
5910.0,-0.8755932203389831
5911.0,-1.0681679389312977
5912.0,-1.0385074626865674
5913.0,-1.2542857142857142
5914.0,-0.9501449275362319
5915.0,-1.24
5916.0,-1.1626190476190477
5917.0,-1.0312946428571428
5918.0,-0.7469444444444444
5919.0,-0.8365909090909092
5920.0,-0.8607692307692312
5921.0,-0.9230985915492956
5922.0,-1.044733727810651
5923.0,-1.1410416666666667
5924.0,-0.9456451612903226
5925.0,-1.2703030303030305
5926.0,-1.0697413793103447
5927.0,-1.017777777777778
5928.0,-1.3052173913043479
5929.0,-1.262058823529412
5930.0,-1.0853608247422681
5931.0,-1.090952380952381
5932.0,-1.3325925925925928
5933.0,-1.1109090909090913
5934.0,-1.1827083333333335
5935.0,0.41517241379310343
5936.0,-1.0875238095238096
5937.0,-1.0483333333333333
5938.0,-1.1167692307692307
5939.0,-0.855
5940.0,-1.3207692307692311
5941.0,-1.1400000000000001
5942.0,-1.0161538461538464
5943.0,-0.9157812500000001
5944.0,-1.2400000000000002
5945.0,-1.144666666666667
5946.0,-1.3203571428571432
5947.0,-1.1410416666666665
5948.0,-1.1490909090909092
5949.0,-1.2002272727272727
5950.0,-1.1323076923076922
5951.0,-0.7955555555555555
5952.0,-1.4247368421052635
5953.0,-1.2808000000000002
5954.0,-1.1149999999999998
5955.0,-1.0655813953488371
5956.0,-0.5426666666666671
5957.0,-1.2469444444444444
5958.0,-1.1551785714285714
5959.0,-1.2271794871794868
5960.0,0.5599999999999999
5961.0,-1.0873684210526318
5962.0,-1.1645283018867925
5963.0,0.22590909090909073
5964.0,-0.5485106382978724
5965.0,-0.8038297872340425
5966.0,-1.0346859903381642
5967.0,-1.1832075471698116
5968.0,-1.223870967741936
5969.0,-0.7015384615384616
5970.0,-1.1093181818181816
5971.0,-1.3040000000000003
5972.0,-0.643225806451613
5973.0,-1.0963218390804597
5974.0,-0.9752941176470589
5975.0,-1.2790625000000002
5976.0,-1.1678846153846154
5977.0,-1.122142857142857
5978.0,-1.27030303030303
5979.0,-1.12
5980.0,-1.1522807017543861
5981.0,-1.4104545454545458
5982.0,-1.1108333333333331
5983.0,-1.0879729729729728
5984.0,-0.3181250000000004
5985.0,0.21777777777777751
5986.0,-0.6994594594594594
5987.0,-1.089056603773585
5988.0,-0.9258108108108108
5989.0,-1.4104545454545456
5990.0,-1.077264150943396
5991.0,-0.7871698113207547
5992.0,-1.240689655172414
5993.0,-1.0909615384615383
5994.0,-1.0098412698412698
5995.0,-0.7212500000000001
5996.0,-1.4304761904761907
5997.0,-1.067241379310345
5998.0,0.5959374999999999
5999.0,-1.043030303030303
6000.0,-0.6854545454545454
6001.0,-0.9338775510204083
6002.0,-1.0764485981308411
6003.0,-0.815
6004.0,-0.7871698113207546
6005.0,-1.0126548672566373
6006.0,-1.1358333333333333
6007.0,-1.3204000000000005
6008.0,-0.7481967213114754
6009.0,-1.3457692307692306
6010.0,-1.1167123287671232
6011.0,-1.03096
6012.0,-0.6864285714285715
6013.0,-0.19918367346938776
6014.0,-1.093932584269663
6015.0,-1.0904878048780489
6016.0,-1.0546853146853146
6017.0,-1.1557142857142861
6018.0,-1.0670833333333334
6019.0,-0.9799999999999998
6020.0,-1.0182608695652176
6021.0,-0.7792156862745097
6022.0,-0.7816666666666668
6023.0,-0.933452380952381
6024.0,-1.5681250000000002
6025.0,-1.2883870967741935
6026.0,-1.2429411764705887
6027.0,-0.5036363636363637
6028.0,-1.1519607843137258
6029.0,-1.0386842105263157
6030.0,-1.0590789473684212
6031.0,-1.105625
6032.0,-1.332592592592593
6033.0,-0.9405208333333333
6034.0,-1.0228947368421053
6035.0,-1.0943333333333336
6036.0,-0.42125
6037.0,-0.6908928571428571
6038.0,-1.2920833333333335
6039.0,-1.0529251700680273
6040.0,-0.978805970149254
6041.0,-1.0409708737864078
6042.0,-1.141639344262295
6043.0,-1.2983333333333331
6044.0,-0.9104545454545456
6045.0,-1.22125
6046.0,-1.0075000000000003
6047.0,-1.10328125
6048.0,-1.0357746478873238
6049.0,-1.2620588235294117
6050.0,-1.1955555555555557
6051.0,-1.1758974358974361
6052.0,-1.0733333333333335
6053.0,-1.320357142857143
6054.0,-0.9743749999999999
6055.0,-1.085700934579439
6056.0,-1.1612962962962965
6057.0,-1.2703030303030303
6058.0,-1.0848148148148147
6059.0,-1.2329411764705882
6060.0,-1.0595488721804514
6061.0,-1.24
6062.0,-1.3204
6063.0,-1.2542857142857144
6064.0,-1.0805172413793103
6065.0,-1.041980198019802
6066.0,-1.1117105263157896
6067.0,-1.0640000000000003
6068.0,-1.0177777777777777
6069.0,-1.033103448275862
6070.0,-0.7822535211267605
6071.0,-1.2469444444444444
6072.0,-0.7582352941176471
6073.0,-0.3375609756097562
6074.0,-1.1645283018867925
6075.0,-1.0061904761904765
6076.0,-0.8803061224489797
6077.0,-1.1522807017543861
6078.0,-1.2696153846153848
6079.0,-1.0092307692307692
6080.0,-1.1368253968253965
6081.0,-1.1859459459459463
6082.0,-0.6127272727272728
6083.0,-0.6667241379310344
6084.0,-1.3203571428571432
6085.0,-1.2051162790697674
6086.0,-1.1787755102040818
6087.0,-1.2051162790697674
6088.0,-1.1108333333333331
6089.0,-0.5074418604651163
6090.0,-1.105079365079365
6091.0,-1.182093023255814
6092.0,-1.0590789473684212
6093.0,-1.080277777777778
6094.0,-1.1696491228070176
6095.0,-0.8077966101694916
6096.0,-1.0221782178217822
6097.0,-1.0677310924369747
6098.0,-1.1014457831325302
6099.0,-1.2002272727272727
6100.0,-1.2808000000000002
6101.0,-1.1441666666666668
6102.0,-1.080625
6103.0,-1.0153424657534247
6104.0,-1.013049645390071
6105.0,-1.1041975308641976
6106.0,-1.1678846153846154
6107.0,-1.0951136363636365
6108.0,-1.2194444444444446
6109.0,-1.0908695652173914
6110.0,-1.1318918918918919
6111.0,-0.4104545454545457
6112.0,-1.0351388888888888
6113.0,-0.9327083333333334
6114.0,-1.1971428571428573
6115.0,-0.9425862068965516
6116.0,-1.2102380952380953
6117.0,-1.0760655737704918
6118.0,-0.30547619047619046
6119.0,-1.3833333333333335
6120.0,-1.0929411764705883
6121.0,-0.6410416666666666
6122.0,-0.9815730337078652
6123.0,-1.1028048780487805
6124.0,-1.0635714285714284
6125.0,-1.2102380952380951
6126.0,-1.099375
6127.0,-0.4150000000000001
6128.0,-0.7790625
6129.0,-1.1070886075949367
6130.0,-0.6358333333333337
6131.0,-1.0137179487179486
6132.0,-1.0725892857142856
6133.0,-1.0748623853211008
6134.0,-1.2620588235294117
6135.0,-1.4104545454545454
6136.0,-1.2429411764705889
6137.0,-1.0606250000000002
6138.0,-1.2592592592592595
6139.0,-1.191388888888889
6140.0,-1.0277551020408164
6141.0,-1.308965517241379
6142.0,-1.1955555555555557
6143.0,-1.1551999999999998
6144.0,-0.9360784313725491
6145.0,-1.1645283018867925
6146.0,-1.0440935672514622
6147.0,-0.9798648648648648
6148.0,-1.0545714285714287
6149.0,-1.1691666666666667
6150.0,-1.1581818181818182
6151.0,-1.0344915254237288
6152.0,-1.1735294117647062
6153.0,-1.0923076923076929
6154.0,-0.32163265306122446
6155.0,-1.0752941176470587
6156.0,-1.069741379310345
6157.0,-1.1551785714285714
6158.0,-1.087972972972973
6159.0,-1.0975000000000001
6160.0,-1.0854545454545452
6161.0,-1.3060869565217395
6162.0,-0.98
6163.0,-1.1827083333333333
6164.0,-0.8700000000000003
6165.0,-1.1494827586206895
6166.0,-0.9822680412371134
6167.0,-0.6073469387755102
6168.0,-1.126029411764706
6169.0,-1.1713725490196079
6170.0,-1.1368253968253972
6171.0,-1.0698484848484846
6172.0,-1.1416393442622952
6173.0,-1.2194444444444446
6174.0,-1.0420833333333335
6175.0,-1.088404255319149
6176.0,-0.7071052631578948
6177.0,-0.7692307692307694
6178.0,-1.1165384615384617
6179.0,-1.068358208955224
6180.0,-0.4400000000000001
6181.0,-0.9143478260869567
6182.0,-0.6177777777777779
6183.0,-1.2542857142857142
6184.0,-1.2696153846153848
6185.0,-1.1833333333333338
6186.0,-1.0485443037974684
6187.0,-1.0780952380952382
6188.0,-1.0351388888888888
6189.0,-1.248125
6190.0,-1.1350000000000005
6191.0,-1.0200925925925926
6192.0,-1.031111111111111
6193.0,-1.1280597014925373
6194.0,-1.046818181818182
6195.0,-1.2983333333333333
6196.0,-1.248125
6197.0,-1.2542857142857142
6198.0,-1.087972972972973
6199.0,-1.5062500000000003
6200.0,-0.6388095238095238
6201.0,-1.0492948717948718
6202.0,-1.0905434782608696
6203.0,-1.1014457831325302
6204.0,-0.5733333333333333
6205.0,-1.262058823529412
6206.0,-0.3208823529411765
6207.0,-1.0945569620253166
6208.0,-0.029062500000000074
6209.0,-0.9679411764705883
6210.0,-1.1070886075949369
6211.0,-1.111470588235294
6212.0,-1.122142857142857
6213.0,-1.3654545454545457
6214.0,-0.28761904761904783
6215.0,-0.9622222222222224
6216.0,-0.8511111111111112
6217.0,-1.1323076923076922
6218.0,-1.1649999999999998
6219.0,-0.7526582278481013
6220.0,-0.6223529411764707
6221.0,-1.2002272727272727
6222.0,-1.2051162790697674
6223.0,-1.191086956521739
6224.0,-1.1551785714285714
6225.0,-1.095072463768116
6226.0,-0.7087500000000002
6227.0,-0.8867391304347825
6228.0,-1.1020689655172413
6229.0,-0.94703125
6230.0,-1.215609756097561
6231.0,-0.8590476190476192
6232.0,-1.033918918918919
6233.0,-1.0257142857142858
6234.0,-0.7660416666666666
6235.0,-0.9045569620253163
6236.0,-1.1864864864864868
6237.0,-0.8222368421052633
6238.0,-1.1108333333333331
6239.0,-1.0467484662576687
6240.0,-1.2033333333333334
6241.0,-1.0756481481481481
6242.0,-1.1657446808510639
6243.0,-1.2542857142857142
6244.0,-0.9504166666666667
6245.0,-1.3204545454545455
6246.0,-0.8325806451612904
6247.0,-1.0165957446808511
6248.0,-1.126029411764706
6249.0,-1.186808510638298
6250.0,-1.0311392405063293
6251.0,-1.1218181818181818
6252.0,-0.4832432432432432
6253.0,-1.1827083333333335
6254.0,-1.0789423076923077
6255.0,0.6220689655172413
6256.0,-1.091648351648352
6257.0,-1.0834343434343434
6258.0,-0.984
6259.0,-0.8246153846153845
6260.0,-0.7871698113207546
6261.0,-1.0408000000000002
6262.0,-1.2696153846153848
6263.0,-1.0516216216216214
6264.0,-1.0979591836734695
6265.0,-1.2542857142857144
6266.0,-0.6546808510638297
6267.0,-0.09833333333333344
6268.0,-0.40666666666666673
6269.0,-1.1180487804878048
6270.0,-1.24
6271.0,-1.121818181818182
6272.0,-0.8820454545454546
6273.0,-0.9811764705882355
6274.0,-0.928888888888889
6275.0,-1.3089655172413797
6276.0,-1.02125
6277.0,-0.9091176470588236
6278.0,-0.9740425531914896
6279.0,-0.19121951219512204
6280.0,-1.11012987012987
6281.0,-1.1955555555555557
6282.0,-1.0404807692307694
6283.0,-0.7836842105263159
6284.0,-1.128157894736842
6285.0,-1.071858407079646
6286.0,-1.2469444444444444
6287.0,-1.186808510638298
6288.0,-1.001061946902655
6289.0,-1.1467796610169494
6290.0,-0.5092307692307693
6291.0,-0.894929577464789
6292.0,-1.0544025157232704
6293.0,-1.0843877551020409
6294.0,-1.0528846153846154
6295.0,-1.126029411764706
6296.0,-0.6454054054054056
6297.0,-1.1807894736842106
6298.0,-0.5915625000000001
6299.0,-1.0773333333333335
6300.0,-1.2790625
6301.0,-1.0989361702127658
6302.0,-1.1678846153846154
6303.0,-0.67125
6304.0,-1.038611111111111
6305.0,-1.1001190476190477
6306.0,-1.0546853146853146
6307.0,-1.165
6308.0,-1.248125
6309.0,-1.0577083333333335
6310.0,-1.0655813953488371
6311.0,-1.0894623655913975
6312.0,-1.1001190476190477
6313.0,-0.8883783783783783
6314.0,-0.3820454545454544
6315.0,-0.9381132075471699
6316.0,-1.1368253968253965
6317.0,-0.8910416666666667
6318.0,-1.13453125
6319.0,-1.1379591836734695
6320.0,-1.089056603773585
6321.0,-1.14
6322.0,-1.118048780487805
6323.0,-1.014025974025974
6324.0,-0.9425862068965516
6325.0,-0.8075675675675678
6326.0,-1.3003030303030305
6327.0,-1.1301515151515151
6328.0,-0.9854545454545456
6329.0,-1.0893150684931507
6330.0,-1.0224561403508772
6331.0,-0.7356896551724137
6332.0,-1.0026262626262628
6333.0,-0.6302439024390245
6334.0,-1.1203030303030306
6335.0,-0.9812790697674418
6336.0,-1.1014457831325302
6337.0,-1.1421428571428573
6338.0,-1.2238709677419355
6339.0,-1.22125
6340.0,-1.1511111111111112
6341.0,-0.7911363636363639
6342.0,-1.0182191780821919
6343.0,-0.6400000000000001
6344.0,-0.4729545454545454
6345.0,-0.9360227272727273
6346.0,-1.1914634146341463
6347.0,-1.0143230403800474
6348.0,-1.1787755102040816
6349.0,-1.10328125
6350.0,-1.2017948717948717
6351.0,-1.027298387096774
6352.0,-1.1586046511627905
6353.0,-1.2790625000000002
6354.0,-1.1117105263157894
6355.0,-1.1017021276595744
6356.0,-0.457948717948718
6357.0,-1.1713725490196079
6358.0,-1.0055623100303952
6359.0,-1.019935275080906
6360.0,-0.9779032258064514
6361.0,-1.1844444444444446
6362.0,-0.9943750000000001
6363.0,-1.0645967741935483
6364.0,-0.2980357142857143
6365.0,-1.1581818181818182
6366.0,-1.0696703296703296
6367.0,-1.0215533980582525
6368.0,-1.0577083333333333
6369.0,-1.0950724637681157
6370.0,-0.6223529411764704
6371.0,-1.2002272727272727
6372.0,-1.042919708029197
6373.0,-1.0795061728395061
6374.0,-0.24694444444444447
6375.0,-0.37513513513513513
6376.0,-1.1645283018867925
6377.0,-1.015
6378.0,-1.0853608247422681
6379.0,-1.060945945945946
6380.0,-0.7563043478260871
6381.0,-1.0402717391304348
6382.0,-1.1631578947368426
6383.0,-1.0450595238095237
6384.0,-1.0966176470588231
6385.0,-1.3205263157894738
6386.0,-1.2542857142857142
6387.0,-0.9688461538461538
6388.0,-0.9275000000000001
6389.0,-1.2399999999999998
6390.0,-1.0909615384615385
6391.0,0.0748148148148147
6392.0,-1.1133333333333337
6393.0,-1.24
6394.0,-1.1323076923076922
6395.0,-1.2983333333333333
6396.0,-0.7007843137254902
6397.0,-1.0670833333333334
6398.0,-1.262058823529412
6399.0,0.23499999999999993
6400.0,-1.185945945945946
6401.0,-0.8295522388059702
6402.0,-1.1416393442622952
6403.0,-1.2838888888888893
6404.0,-1.175
6405.0,-0.9821875000000001
6406.0,-1.1001190476190477
6407.0,-1.1649999999999998
6408.0,-0.3870588235294118
6409.0,-1.0560645161290323
6410.0,-0.12709677419354845
6411.0,-1.124615384615385
6412.0,-1.1551785714285714
6413.0,-1.0081159420289854
6414.0,-0.9658904109589042
6415.0,-1.0673809523809523
6416.0,-1.4488888888888891
6417.0,-1.0135849056603774
6418.0,-1.1280597014925373
6419.0,-1.0798058252427187
6420.0,-0.9768421052631577
6421.0,-0.9743749999999999
6422.0,-1.2002272727272727
6423.0,-0.3213953488372093
6424.0,-1.1947619047619051
6425.0,-1.035774647887324
6426.0,-1.175897435897436
6427.0,-0.7212500000000001
6428.0,-1.1511111111111112
6429.0,-1.0155102040816328
6430.0,-1.1015384615384616
6431.0,-1.320454545454546
6432.0,-1.3600000000000003
6433.0,-0.6108333333333335
6434.0,-0.3993617021276595
6435.0,-1.2032352941176472
6436.0,-0.7218181818181817
6437.0,-1.1069354838709675
6438.0,-1.085394736842105
6439.0,-1.2406896551724136
6440.0,-0.9512676056338029
6441.0,-0.6060714285714288
6442.0,-0.8295522388059702
6443.0,-0.9777049180327868
6444.0,-1.0108333333333333
6445.0,-0.9142105263157895
6446.0,-0.12709677419354848
6447.0,-1.1678846153846154
6448.0,-1.0425
6449.0,-1.018409090909091
6450.0,-1.1028048780487802
6451.0,-1.1400000000000001
6452.0,-1.0923076923076926
6453.0,-0.2620588235294119
6454.0,-1.2481250000000002
6455.0,-1.07203125
6456.0,-1.1551785714285714
6457.0,-1.115
6458.0,0.18424242424242418
6459.0,-1.3921739130434785
6460.0,-1.1379591836734693
6461.0,-1.0291566265060241
6462.0,-0.5913513513513514
6463.0,-1.1787755102040816
6464.0,-1.1458490566037738
6465.0,-1.0457692307692308
6466.0,-0.9512676056338023
6467.0,-1.18625
6468.0,-1.0433333333333334
6469.0,-1.375416666666667
6470.0,-1.0215699658703072
6471.0,-0.6854545454545455
6472.0,-1.1515686274509804
6473.0,-1.1955555555555557
6474.0,-0.8502941176470589
6475.0,-1.02125
6476.0,-1.233421052631579
6477.0,-1.3938888888888892
6478.0,-1.1416393442622952
6479.0,0.1245833333333332
6480.0,-1.0733333333333333
6481.0,-1.268846153846154
6482.0,-1.2334210526315792
6483.0,-0.9309090909090915
6484.0,-1.043030303030303
6485.0,-1.1540625
6486.0,-1.1955555555555555
6487.0,-0.7914705882352941
6488.0,-0.9932432432432432
6489.0,-0.7128260869565216
6490.0,-1.0460344827586208
6491.0,-1.0135849056603774
6492.0,-1.3205263157894738
6493.0,-1.0963218390804597
6494.0,-1.1180487804878048
6495.0,-1.097142857142857
6496.0,-0.8511111111111113
6497.0,-1.1490909090909092
6498.0,-0.9170886075949366
6499.0,-1.1761818181818182
6500.0,-1.2469444444444442
6501.0,-1.0743023255813955
6502.0,-1.0746774193548387
6503.0,-1.1919230769230769
6504.0,-1.0258910891089108
6505.0,-1.2334210526315792
6506.0,-1.2696153846153848
6507.0,-1.2516666666666667
6508.0,-1.2959259259259264
6509.0,-1.13453125
6510.0,-0.9801433691756272
6511.0,-1.2658333333333338
6512.0,-1.1008333333333338
6513.0,-1.210666666666667
6514.0,-0.9632142857142857
6515.0,-1.1260294117647058
6516.0,-1.2102380952380953
6517.0,-0.24000000000000007
6518.0,-1.020487804878049
6519.0,-1.2542857142857147
6520.0,-1.3938888888888892
6521.0,-0.6004651162790697
6522.0,-1.1404545454545458
6523.0,-0.9983870967741937
6524.0,-1.1355813953488374
6525.0,-1.28
6526.0,-1.219444444444444
6527.0,-0.7563043478260871
6528.0,-0.14566037735849058
6529.0,-0.8938461538461538
6530.0,-0.29319148936170214
6531.0,-1.4488888888888891
6532.0,-1.0188844621513944
6533.0,-0.7116981132075472
6534.0,-0.8811290322580647
6535.0,-1.232941176470588
6536.0,-1.0645967741935483
6537.0,-1.11012987012987
6538.0,-1.068358208955224
6539.0,-1.0905434782608694
6540.0,-1.2542857142857144
6541.0,-1.1724137931034486
6542.0,-0.9797260273972602
6543.0,-1.0884042553191489
6544.0,-1.0241328413284132
6545.0,-0.9672727272727274
6546.0,-1.2446153846153851
6547.0,-0.7489285714285716
6548.0,-1.1645283018867922
6549.0,-0.9725581395348836
6550.0,-1.4758823529411769
6551.0,-0.9121311475409836
6552.0,-1.0773493975903614
6553.0,-1.0261290322580645
6554.0,-1.1121052631578952
6555.0,-1.1713725490196076
6556.0,-1.0083823529411766
6557.0,-1.262058823529412
6558.0,-1.2971428571428576
6559.0,-1.0159999999999998
6560.0,-0.896666666666667
6561.0,-1.0696703296703296
6562.0,-1.049090909090909
6563.0,-1.0411049723756907
6564.0,-1.0516666666666667
6565.0,-0.8626415094339621
6566.0,-1.3076923076923077
6567.0,-1.10144578313253
6568.0,-1.0168895348837208
6569.0,-1.10328125
6570.0,-1.0287700534759359
6571.0,0.5367857142857142
6572.0,-0.5184090909090909
6573.0,-1.1416393442622952
6574.0,-0.02289473684210527
6575.0,-0.8604819277108432
6576.0,-1.1212499999999999
6577.0,-1.1416393442622952
6578.0,-1.0998484848484846
6579.0,-1.2838888888888893
6580.0,-1.3089655172413794
6581.0,-1.1955555555555555
6582.0,-0.9961904761904761
6583.0,-1.0629166666666667
6584.0,-0.8316326530612245
6585.0,-1.0424193548387095
6586.0,-1.3921739130434785
6587.0,-1.2032352941176472
6588.0,-1.2808000000000002
6589.0,-1.1630952380952384
6590.0,-1.3089655172413794
6591.0,-1.0163529411764705
6592.0,-0.9463492063492064
6593.0,-1.2329411764705884
6594.0,-0.7612765957446812
6595.0,-0.4535000000000003
6596.0,-0.5503448275862071
6597.0,-1.282777777777778
6598.0,-1.1085897435897436
6599.0,-1.3921739130434787
6600.0,-1.0460344827586208
6601.0,-0.058181818181818265
6602.0,-1.1859459459459458
6603.0,-1.2271794871794874
6604.0,-0.9507142857142856
6605.0,-0.8741463414634147
6606.0,-1.1111111111111112
6607.0,-0.40981132075471705
6608.0,-1.2182608695652175
6609.0,-1.4304761904761907
6610.0,-1.1300000000000001
6611.0,-1.166829268292683
6612.0,-1.4304761904761907
6613.0,-1.1612962962962963
6614.0,-0.9489552238805969
6615.0,-1.1391935483870967
6616.0,-0.8944444444444447
6617.0,-0.9788059701492537
6618.0,-0.8123684210526315
6619.0,-1.2983333333333333
6620.0,-0.8811290322580646
6621.0,-0.9314893617021274
6622.0,-0.16857142857142862
6623.0,-1.0789830508474576
6624.0,-1.1542857142857146
6625.0,-1.0355665024630543
6626.0,-1.3204545454545458
6627.0,-1.2587500000000005
6628.0,-1.2288888888888891
6629.0,-1.2890476190476192
6630.0,-1.0763095238095237
6631.0,-1.2051162790697674
6632.0,-0.6831818181818184
6633.0,-0.7581818181818178
6634.0,-0.9807407407407407
6635.0,-0.7792156862745097
6636.0,-1.0499173553719008
6637.0,-0.928888888888889
6638.0,-1.1291111111111114
6639.0,-1.534117647058824
6640.0,-1.1349999999999998
6641.0,-1.024514925373134
6642.0,-1.1358333333333333
6643.0,-1.0950000000000002
6644.0,-1.0519658119658122
6645.0,-1.1133333333333333
6646.0,-1.1325000000000003
6647.0,-1.2271794871794872
6648.0,-1.3040000000000003
6649.0,-1.307692307692308
6650.0,-1.2163157894736845
6651.0,-1.0222085889570554
6652.0,-1.1678846153846154
6653.0,-1.1735555555555557
6654.0,-1.063979591836735
6655.0,-0.9146031746031745
6656.0,-1.2508333333333332
6657.0,-1.3039999999999998
6658.0,-0.9372222222222223
6659.0,-1.1084905660377358
6660.0,0.22590909090909078
6661.0,-0.48489795918367345
6662.0,-1.1859459459459463
6663.0,-1.0573076923076923
6664.0,-1.0927777777777778
6665.0,-1.1914634146341463
6666.0,-1.3825000000000003
6667.0,-0.5059574468085104
6668.0,-1.130151515151515
6669.0,-1.1645283018867925
6670.0,-1.0504575163398695
6671.0,-1.2542857142857144
6672.0,-1.2808000000000002
6673.0,-0.629423076923077
6674.0,-1.121818181818182
6675.0,-0.13772727272727292
6676.0,-1.1375
6677.0,-0.3400000000000001
6678.0,-1.231666666666667
6679.0,-0.35538461538461547
6680.0,-1.1349999999999998
6681.0,0.02630434782608694
6682.0,-1.0359192825112107
6683.0,-1.2920833333333335
6684.0,-1.166829268292683
6685.0,-1.2883870967741937
6686.0,-0.8576470588235293
6687.0,-0.5492105263157895
6688.0,-0.12125000000000001
6689.0,-1.2106666666666672
6690.0,-0.8441666666666666
6691.0,-1.1551785714285714
6692.0,-0.9538157894736843
6693.0,-0.3365909090909091
6694.0,-1.0866666666666667
6695.0,-0.9449180327868854
6696.0,-1.0707692307692307
6697.0,-1.0683582089552237
6698.0,-1.175897435897436
6699.0,-0.9786363636363636
6700.0,-1.166829268292683
6701.0,-1.1441666666666666
6702.0,-1.141142857142857
6703.0,-0.9766071428571428
6704.0,-0.5707142857142858
6705.0,-0.8769047619047619
6706.0,-1.2703030303030303
6707.0,-1.1368253968253965
6708.0,-1.1913888888888888
6709.0,-1.5092857142857146
6710.0,-0.926046511627907
6711.0,-1.1426829268292684
6712.0,-0.06738095238095243
6713.0,-1.2399999999999998
6714.0,-1.0606521739130435
6715.0,-0.5430303030303031
6716.0,-0.5184090909090909
6717.0,-1.053793103448276
6718.0,-0.5823913043478263
6719.0,-1.0195454545454545
6720.0,-1.2542857142857142
6721.0,-1.0982089552238805
6722.0,-0.9554901960784312
6723.0,-1.4304761904761907
6724.0,-0.5525000000000001
6725.0,-1.1467796610169492
6726.0,-0.9956521739130437
6727.0,-0.9559090909090913
6728.0,-1.152280701754386
6729.0,-1.0554954954954954
6730.0,-0.7719767441860469
6731.0,-1.2051162790697674
6732.0,-0.9528378378378377
6733.0,-1.0622222222222224
6734.0,-1.0841558441558443
6735.0,-1.186808510638298
6736.0,-0.24000000000000005
6737.0,-1.191086956521739
6738.0,-0.7701724137931033
6739.0,-1.130151515151515
6740.0,-1.2096969696969695
6741.0,-0.438529411764706
6742.0,-1.0789423076923077
6743.0,-0.8564285714285715
6744.0,-1.1638888888888888
6745.0,-0.6994594594594596
6746.0,-1.1041975308641976
6747.0,-1.1320000000000003
6748.0,-0.0983333333333334
6749.0,-0.67125
6750.0,-0.95
6751.0,-0.7660416666666667
6752.0,-1.3089655172413794
6753.0,-0.268846153846154
6754.0,0.3067441860465116
6755.0,-1.118048780487805
6756.0,-1.1827083333333333
6757.0,-1.0273333333333334
6758.0,-1.2102380952380953
6759.0,-1.113220338983051
6760.0,-1.015
6761.0,-1.2545000000000004
6762.0,-1.1494827586206895
6763.0,-0.7448076923076923
6764.0,-1.131891891891892
6765.0,-1.011538461538462
6766.0,-1.0371938775510203
6767.0,-1.0629166666666667
6768.0,-0.67125
6769.0,-1.3204000000000002
6770.0,-1.292916666666667
6771.0,-1.1816279069767441
6772.0,-1.1218181818181818
6773.0,-1.0795652173913044
6774.0,-1.041980198019802
6775.0,-1.3204545454545455
6776.0,-1.185945945945946
6777.0,-1.1041975308641976
6778.0,-1.1416393442622945
6779.0,-0.7143589743589744
6780.0,-0.8917857142857144
6781.0,-1.1971428571428573
6782.0,-1.0606106870229008
6783.0,-1.2329411764705884
6784.0,-1.027
6785.0,-1.1519607843137256
6786.0,-1.0743023255813953
6787.0,-1.2245161290322584
6788.0,-1.285
6789.0,-1.0728571428571432
6790.0,-1.070769230769231
6791.0,-0.24892857142857155
6792.0,-1.2058620689655173
6793.0,-1.2073684210526314
6794.0,-1.1177777777777782
6795.0,-1.0464516129032255
6796.0,-1.2329411764705882
6797.0,-1.2703030303030305
6798.0,-1.2194444444444443
6799.0,-1.3825000000000003
6800.0,-1.1612962962962965
6801.0,-1.262058823529412
6802.0,-0.39714285714285724
6803.0,-1.2000000000000002
6804.0,-1.0720312499999998
6805.0,-1.147
6806.0,0.24780487804878046
6807.0,-1.2545000000000002
6808.0,-0.8736206896551725
6809.0,-1.241904761904762
6810.0,-1.0733333333333333
6811.0,-0.893061224489796
6812.0,-0.9156756756756758
6813.0,-1.0532692307692308
6814.0,-1.3206250000000002
6815.0,-1.1410416666666665
6816.0,-1.2790625000000002
6817.0,-1.210416666666667
6818.0,-0.9702631578947369
6819.0,0.25999999999999984
6820.0,-1.1287096774193548
6821.0,-1.1133333333333333
6822.0,-1.0879729729729728
6823.0,-1.0636690647482014
6824.0,-0.9795833333333334
6825.0,-1.1416393442622952
6826.0,-0.9638095238095238
6827.0,-1.1260294117647058
6828.0,-1.4443750000000004
6829.0,0.15843749999999995
6830.0,-1.2542857142857142
6831.0,-1.1787755102040816
6832.0,-1.1586046511627905
6833.0,-0.475576923076923
6834.0,0.05933333333333293
6835.0,-0.6388095238095237
6836.0,-1.3060869565217392
6837.0,-0.8870588235294115
6838.0,-0.8778160919540225
6839.0,-1.015
6840.0,-1.0513207547169812
6841.0,-1.016268115942029
6842.0,-1.0208823529411764
6843.0,-1.0988235294117645
6844.0,-0.8861538461538463
6845.0,-1.1111764705882354
6846.0,-1.2403030303030302
6847.0,-1.1242592592592595
6848.0,-1.0101612903225807
6849.0,-1.120281690140845
6850.0,-0.9347674418604651
6851.0,-1.0513207547169812
6852.0,-1.2033333333333334
6853.0,-0.9030000000000002
6854.0,-1.1368253968253972
6855.0,-1.0677310924369747
6856.0,-1.1678846153846154
6857.0,-1.0673809523809525
6858.0,-1.4176470588235297
6859.0,-1.430476190476191
6860.0,-1.1500000000000001
6861.0,-0.9957777777777779
6862.0,-0.8704347826086959
6863.0,-1.2412
6864.0,-1.1350000000000005
6865.0,-1.0733333333333333
6866.0,-1.055
6867.0,-1.0135849056603774
6868.0,-1.3204000000000002
6869.0,-1.0814285714285714
6870.0,-1.1294230769230769
6871.0,-1.0560714285714288
6872.0,-0.5742857142857145
6873.0,-0.9094915254237288
6874.0,-1.3483333333333338
6875.0,-0.69703125
6876.0,-1.0866666666666667
6877.0,-1.1070886075949369
6878.0,-1.026764705882353
6879.0,-1.1391935483870967
6880.0,-1.2587500000000003
6881.0,-1.24
6882.0,-0.5990140845070423
6883.0,-1.1581818181818182
6884.0,-0.796
6885.0,-1.2095833333333335
6886.0,-1.1678846153846154
6887.0,-1.0037362637362637
6888.0,-0.7749999999999999
6889.0,-1.0062337662337664
6890.0,-1.3089655172413797
6891.0,-1.0140384615384614
6892.0,-0.9381132075471699
6893.0,-1.0243624161073825
6894.0,-1.0714606741573034
6895.0,-1.0821052631578947
6896.0,-1.1678846153846154
6897.0,0.001935483870967639
6898.0,-1.2329411764705882
6899.0,-1.045084745762712
6900.0,-1.1358333333333335
6901.0,-1.1294230769230769
6902.0,-1.3726315789473686
6903.0,-0.975576923076923
6904.0,-0.8038297872340427
6905.0,-0.12709677419354845
6906.0,-1.1467796610169492
6907.0,-1.150512820512821
6908.0,-1.2399999999999998
6909.0,-0.855
6910.0,-0.6381818181818183
6911.0,-0.9309090909090915
6912.0,-1.251666666666667
6913.0,-0.2694117647058824
6914.0,-1.0436363636363637
6915.0,-1.233421052631579
6916.0,-1.2316666666666667
6917.0,-0.9314893617021275
6918.0,-0.5763636363636363
6919.0,-1.0982758620689654
6920.0,-0.46321428571428586
6921.0,-1.0983333333333334
6922.0,-1.050185185185185
6923.0,-1.0916483516483517
6924.0,-1.2403030303030307
6925.0,-1.2620588235294117
6926.0,-1.109318181818182
6927.0,-1.2790625000000002
6928.0,0.3068749999999997
6929.0,-1.0733333333333337
6930.0,-1.0638636363636365
6931.0,-0.2993220338983051
6932.0,-1.1109090909090913
6933.0,-0.7604000000000001
6934.0,-1.3040000000000003
6935.0,-1.0830909090909089
6936.0,-0.9358333333333338
6937.0,-0.7871698113207547
6938.0,-1.2323333333333335
6939.0,0.03205882352941171
6940.0,-1.0055555555555558
6941.0,-1.0988235294117645
6942.0,-0.804655172413793
6943.0,-1.1919444444444443
6944.0,-0.943170731707317
6945.0,-1.0392021276595744
6946.0,-1.1476086956521738
6947.0,-1.08375
6948.0,-1.2971428571428574
6949.0,-1.169166666666667
6950.0,-1.292916666666667
6951.0,-1.092941176470588
6952.0,-0.02289473684210529
6953.0,0.1954838709677419
6954.0,-1.0045348837209305
6955.0,-1.1796969696969697
6956.0,-0.9792857142857142
6957.0,-1.04078125
6958.0,-0.9441666666666665
6959.0,-0.7971428571428572
6960.0,-0.42542857142857143
6961.0,-0.9400000000000002
6962.0,-1.3692592592592594
6963.0,-0.031666666666666746
6964.0,-0.7636486486486487
6965.0,-1.056326530612245
6966.0,-1.2703030303030305
6967.0,-1.1212500000000003
6968.0,-1.050064935064935
6969.0,-1.1041304347826086
6970.0,-1.375416666666667
6971.0,-1.05359649122807
6972.0,-1.175
6973.0,-0.7980357142857144
6974.0,-1.2038235294117647
6975.0,-0.4084782608695652
6976.0,-1.2288888888888891
6977.0,-1.13453125
6978.0,-1.3678571428571433
6979.0,-1.032139917695473
6980.0,-1.2051162790697674
6981.0,-0.8842307692307693
6982.0,-1.1045945945945943
6983.0,-1.1590697674418606
6984.0,-0.6357894736842108
6985.0,-1.089462365591398
6986.0,-1.0712499999999998
6987.0,-1.2658333333333338
6988.0,-1.2592592592592593
6989.0,-1.1391935483870967
6990.0,-0.7404347826086959
6991.0,-1.1836363636363638
6992.0,-1.2983333333333333
6993.0,-1.0873684210526313
6994.0,-1.2156097560975612
6995.0,-0.5915625000000001
6996.0,-1.0290625
6997.0,-1.0723863636363635
6998.0,-1.2315384615384617
6999.0,-1.2481250000000002
7000.0,-1.1150000000000002
7001.0,-1.0095312499999998
7002.0,-1.345769230769231
7003.0,-1.3040000000000005
7004.0,-1.292916666666667
7005.0,-1.1758974358974361
7006.0,-0.8210714285714288
7007.0,-1.3361904761904764
7008.0,-1.1149999999999998
7009.0,-0.05428571428571434
7010.0,-1.1955555555555555
7011.0,-1.0988235294117645
7012.0,-1.4443750000000004
7013.0,-1.2316666666666667
7014.0,-1.0834343434343434
7015.0,-1.0855882352941177
7016.0,-0.44967741935483874
7017.0,-1.210666666666667
7018.0,-1.288387096774194
7019.0,-1.124259259259259
7020.0,-0.7706122448979591
7021.0,-1.3361904761904762
7022.0,0.6349999999999999
7023.0,-1.3341666666666667
7024.0,-1.0560714285714285
7025.0,-0.9495588235294117
7026.0,-1.029617486338798
7027.0,-1.3076923076923077
7028.0,-0.543030303030303
7029.0,-1.087222222222222
7030.0,-1.004
7031.0,-1.1323076923076922
7032.0,-1.2315384615384617
7033.0,0.001935483870967655
7034.0,-1.2587500000000003
7035.0,-1.438571428571429
7036.0,-0.9066666666666667
7037.0,-1.1678846153846152
7038.0,-1.2163157894736845
7039.0,-0.6693478260869566
7040.0,-0.9160869565217393
7041.0,-1.1281578947368425
7042.0,-1.3491304347826087
7043.0,-1.2102380952380951
7044.0,-0.6693478260869565
7045.0,-1.051320754716981
7046.0,-0.021250000000000036
7047.0,-1.233421052631579
7048.0,-0.8649999999999999
7049.0,-0.2911363636363636
7050.0,-1.2754545454545456
7051.0,-1.1294230769230769
7052.0,-0.2127272727272727
7053.0,-1.2334210526315788
7054.0,-1.2808000000000002
7055.0,0.13428571428571387
7056.0,-0.9638095238095237
7057.0,-1.0261111111111112
7058.0,-1.2156097560975612
7059.0,-1.1593548387096777
7060.0,-0.9825742574257427
7061.0,-1.085700934579439
7062.0,-0.9309090909090915
7063.0,-1.0171739130434785
7064.0,-0.8365909090909093
7065.0,-0.5420833333333335
7066.0,-1.1410416666666665
7067.0,-0.977704918032787
7068.0,-1.2051162790697674
7069.0,-1.2403030303030305
7070.0,-1.0935714285714286
7071.0,-1.2165625000000002
7072.0,-1.0203738317757012
7073.0,0.2259090909090907
7074.0,-1.089056603773585
7075.0,-1.0457692307692308
7076.0,-1.1551785714285714
7077.0,-1.2399999999999998
7078.0,-1.1416393442622954
7079.0,-1.3089655172413794
7080.0,-1.342666666666667
7081.0,-0.85328125
7082.0,-1.22125
7083.0,-1.320357142857143
7084.0,-1.1787755102040816
7085.0,0.1082142857142856
7086.0,-1.1547368421052633
7087.0,-1.4030000000000002
7088.0,-0.13655172413793112
7089.0,-1.1167123287671232
7090.0,-0.6889795918367346
7091.0,-0.9358333333333335
7092.0,-1.161296296296296
7093.0,-1.1368253968253972
7094.0,-1.122142857142857
7095.0,-0.7854545454545455
7096.0,-0.8391379310344826
7097.0,-1.0460606060606061
7098.0,-0.7165625
7099.0,-1.1752173913043482
7100.0,-1.2002272727272727
7101.0,-0.9518055555555556
7102.0,-1.3060869565217395
7103.0,-1.2073684210526316
7104.0,-1.1416393442622945
7105.0,-1.2800000000000002
7106.0,-1.2587500000000003
7107.0,-1.003216374269006
7108.0,-1.112093023255814
7109.0,-1.1002083333333335
7110.0,0.09333333333333312
7111.0,-0.92125
7112.0,-0.8557894736842105
7113.0,-1.4104545454545454
7114.0,-0.9691666666666668
7115.0,-1.144166666666667
7116.0,-1.022079646017699
7117.0,-0.9314893617021278
7118.0,-1.2271794871794874
7119.0,-1.0342583732057415
7120.0,-0.5092307692307694
7121.0,-0.42750000000000005
7122.0,-1.2703030303030303
7123.0,-1.2002272727272727
7124.0,-1.1696491228070176
7125.0,-1.3076923076923077
7126.0,-0.6004651162790697
7127.0,-1.5038888888888893
7128.0,-1.0385882352941176
7129.0,-1.1202816901408448
7130.0,-1.1581818181818182
7131.0,-1.1323076923076922
7132.0,-1.2102380952380951
7133.0,-1.1948
7134.0,-1.2808000000000004
7135.0,-1.0854545454545454
7136.0,-1.0740909090909092
7137.0,-1.1955555555555557
7138.0,-1.1358333333333333
7139.0,-1.274137931034483
7140.0,-1.064
7141.0,-1.087972972972973
7142.0,-0.6889795918367346
7143.0,-1.0939325842696628
7144.0,-1.1294230769230769
7145.0,-1.1103703703703705
7146.0,-1.0740909090909092
7147.0,-1.033103448275862
7148.0,-1.1447619047619046
7149.0,-0.895
7150.0,-1.1735555555555557
7151.0,-1.0884848484848488
7152.0,-1.1807894736842104
7153.0,-1.2983333333333333
7154.0,-0.7971428571428572
7155.0,0.2229629629629628
7156.0,-1.1626190476190477
7157.0,-1.0104918032786885
7158.0,-0.40326530612244893
7159.0,-1.2238709677419355
7160.0,-1.071140350877193
7161.0,-1.210416666666667
7162.0,-0.5160416666666666
7163.0,0.04124999999999982
7164.0,-0.7945454545454546
7165.0,-1.1787755102040816
7166.0,-1.191086956521739
7167.0,-1.0377941176470586
7168.0,-1.124057971014493
7169.0,-1.2399999999999998
7170.0,-1.139193548387097
7171.0,-1.2703030303030303
7172.0,-1.062222222222222
7173.0,-1.2132432432432432
7174.0,-0.8405555555555559
7175.0,-1.068987341772152
7176.0,-0.8268965517241379
7177.0,-0.8631884057971014
7178.0,-1.0748623853211008
7179.0,-1.00984126984127
7180.0,0.17428571428571427
7181.0,-0.9849324324324323
7182.0,-1.115
7183.0,-1.0553153153153154
7184.0,-0.939074074074074
7185.0,-1.1712500000000001
7186.0,-1.0581818181818183
7187.0,-1.017173913043478
7188.0,-0.7400000000000002
7189.0,-1.1612962962962965
7190.0,-1.4086666666666672
7191.0,-1.2404000000000002
7192.0,-1.0314798206278026
7193.0,-0.9743749999999999
7194.0,-1.1593548387096775
7195.0,-1.0923076923076929
7196.0,-1.1955555555555557
7197.0,-0.9314893617021277
7198.0,-1.1093181818181819
7199.0,-1.2594736842105263
7200.0,-0.8391379310344826
7201.0,-1.3491304347826087
7202.0,-1.1626190476190477
7203.0,-0.5257142857142857
7204.0,-1.0975581395348832
7205.0,-1.3205263157894738
7206.0,-1.0112500000000004
7207.0,-1.2983333333333333
7208.0,-1.1323076923076922
7209.0,-1.0872222222222223
7210.0,-0.9758490566037734
7211.0,-0.7573611111111112
7212.0,-0.5814634146341464
7213.0,-1.129423076923077
7214.0,-0.96972972972973
7215.0,-1.0884042553191489
7216.0,-1.2002272727272727
7217.0,-1.1955555555555557
7218.0,-1.1836363636363636
7219.0,-1.3089655172413797
7220.0,-0.17500000000000004
7221.0,0.2696153846153845
7222.0,-1.2469444444444444
7223.0,-1.182093023255814
7224.0,-1.1691304347826088
7225.0,-1.0854545454545452
7226.0,-1.0494736842105266
7227.0,-1.0415873015873016
7228.0,-1.128059701492537
7229.0,-0.9525531914893619
7230.0,-1.165
7231.0,-1.1425925925925926
7232.0,-1.1642105263157898
7233.0,-1.071858407079646
7234.0,-1.2264285714285719
7235.0,-0.8701369863013699
7236.0,-1.05651376146789
7237.0,-1.0161538461538464
7238.0,-1.233421052631579
7239.0,-1.2808000000000002
7240.0,-1.0929411764705883
7241.0,-1.1684615384615387
7242.0,-1.1522807017543861
7243.0,-1.0237591240875912
7244.0,-1.2245161290322584
7245.0,-1.0950000000000002
7246.0,-1.1854545454545455
7247.0,-1.0817777777777775
7248.0,-1.3205263157894738
7249.0,-1.2002272727272727
7250.0,-1.113333333333333
7251.0,-0.2790625000000001
7252.0,-1.018333333333334
7253.0,-1.050185185185185
7254.0,-1.1515555555555557
7255.0,-1.2703030303030303
7256.0,-0.8910416666666667
7257.0,-1.0850000000000002
7258.0,-1.031666666666667
7259.0,0.417894736842105
7260.0,-1.0245744680851065
7261.0,-1.0360199004975121
7262.0,-1.0855882352941177
7263.0,-1.0645967741935487
7264.0,-1.0485443037974684
7265.0,-1.1710344827586208
7266.0,-1.2653333333333334
7267.0,-1.0916483516483515
7268.0,-1.1390476190476193
7269.0,-1.3011764705882356
7270.0,-1.3207692307692311
7271.0,-0.9223076923076923
7272.0,-1.0075000000000003
7273.0,-0.6371232876712329
7274.0,-1.3525000000000005
7275.0,-1.1494827586206895
7276.0,-1.057878787878788
7277.0,-1.2304545454545457
7278.0,-1.1441666666666668
7279.0,-1.1476086956521738
7280.0,-1.2102380952380951
7281.0,-1.2703030303030303
7282.0,-1.2542857142857142
7283.0,0.5208695652173914
7284.0,-1.2469444444444444
7285.0,-1.0815841584158414
7286.0,-1.022538860103627
7287.0,-1.1429629629629632
7288.0,-1.2542857142857144
7289.0,-0.9528378378378377
7290.0,-1.0372972972972971
7291.0,-1.2850000000000001
7292.0,-1.1399999999999997
7293.0,-1.206551724137931
7294.0,-1.0934146341463415
7295.0,-0.615
7296.0,-1.0183333333333338
7297.0,-1.2929166666666667
7298.0,-1.1060714285714286
7299.0,-1.1041975308641976
7300.0,0.2229629629629629
7301.0,-1.2630434782608695
7302.0,-1.1109090909090913
7303.0,-1.3206250000000004
7304.0,-0.3206451612903227
7305.0,-1.3594117647058828
7306.0,-1.1221428571428573
7307.0,-1.056546762589928
7308.0,-1.36
7309.0,-0.8741463414634147
7310.0,-0.9622222222222222
7311.0,-1.0988235294117648
7312.0,-0.735
7313.0,-1.2334210526315794
7314.0,-1.0416759776536313
7315.0,-1.24
7316.0,-1.0183333333333335
7317.0,-1.3921739130434785
7318.0,-1.0190697674418607
7319.0,-0.14740740740740751
7320.0,-0.6057407407407408
7321.0,-1.0362962962962963
7322.0,-1.042536231884058
7323.0,-1.1032812499999998
7324.0,-0.29208333333333353
7325.0,0.2510714285714285
7326.0,-1.2096969696969697
7327.0,-0.4170588235294121
7328.0,-0.7792156862745099
7329.0,-1.118048780487805
7330.0,-1.18625
7331.0,-1.0460344827586208
7332.0,0.03499999999999991
7333.0,0.003243243243243166
7334.0,-1.3060869565217392
7335.0,-1.22125
7336.0,-0.9288888888888889
7337.0,-0.8754166666666668
7338.0,-1.095072463768116
7339.0,-1.14948275862069
7340.0,-1.1069354838709675
7341.0,-1.4385714285714288
7342.0,-1.0894623655913978
7343.0,-1.1032812499999998
7344.0,-0.9176315789473684
7345.0,-1.2766666666666668
7346.0,-0.9224999999999999
7347.0,-1.3388888888888892
7348.0,-1.3457692307692308
7349.0,-1.4525000000000003
7350.0,-0.3400000000000001
7351.0,-1.1109090909090915
7352.0,-0.48000000000000015
7353.0,-1.0798058252427185
7354.0,-1.2545000000000004
7355.0,-0.9691666666666668
7356.0,0.0948214285714285
7357.0,-1.1184722222222223
7358.0,-1.0161538461538464
7359.0,-1.0692682926829267
7360.0,-0.010000000000000425
7361.0,-1.2542857142857144
7362.0,-1.0884042553191489
7363.0,-1.0789830508474576
7364.0,-0.7738983050847458
7365.0,-1.0848148148148147
7366.0,-1.1379591836734693
7367.0,-1.0440935672514622
7368.0,-1.3491304347826087
7369.0,-1.0105696202531647
7370.0,-1.191086956521739
7371.0,-1.050476190476191
7372.0,-0.9441666666666665
7373.0,-1.0670833333333334
7374.0,-1.2271794871794874
7375.0,-1.3204545454545455
7376.0,-1.1264705882352946
7377.0,-1.118
7378.0,-0.7909259259259259
7379.0,-1.4758823529411766
7380.0,0.1497058823529411
7381.0,-1.132156862745098
7382.0,-1.1015384615384616
7383.0,-1.1008333333333338
7384.0,-1.1050793650793647
7385.0,-1.3204545454545455
7386.0,-1.1264705882352946
7387.0,-1.1716666666666669
7388.0,-1.097558139534884
7389.0,-1.1955555555555555
7390.0,-1.3426666666666671
7391.0,-1.3600000000000003
7392.0,-1.22125
7393.0,-1.2288888888888894
7394.0,0.6086842105263157
7395.0,-1.3457692307692308
7396.0,-1.1128813559322033
7397.0,-1.2983333333333331
7398.0,-1.1008333333333338
7399.0,-1.0673809523809523
7400.0,-1.24
7401.0,-1.24
7402.0,-1.038846153846154
7403.0,-0.9573913043478264
7404.0,-1.2959259259259264
7405.0,-0.6193103448275865
7406.0,-1.276666666666667
7407.0,-1.1494827586206895
7408.0,-1.155714285714286
7409.0,-1.077837837837838
7410.0,-1.1827083333333333
7411.0,-0.6751612903225808
7412.0,-1.2132432432432432
7413.0,-1.233421052631579
7414.0,-1.2429411764705887
7415.0,-0.9229268292682926
7416.0,0.34823529411764675
7417.0,-1.2403030303030302
7418.0,-1.0988235294117645
7419.0,0.17874999999999996
7420.0,-1.2850000000000004
7421.0,-1.0900000000000003
7422.0,-1.0541592920353982
7423.0,-1.2850000000000001
7424.0,-1.2983333333333331
7425.0,-1.2883870967741937
7426.0,-0.9573913043478263
7427.0,-1.0755263157894739
7428.0,-0.8415625
7429.0,-1.2883870967741935
7430.0,-1.0890566037735847
7431.0,-1.2171875
7432.0,-1.2883870967741935
7433.0,-0.9803846153846152
7434.0,-1.3205263157894742
7435.0,-0.7945454545454546
7436.0,-0.4780952380952383
7437.0,-1.1488461538461539
7438.0,-0.4144186046511628
7439.0,-0.12942307692307697
7440.0,-0.25612903225806455
7441.0,-1.0634126984126986
7442.0,-1.3457692307692308
7443.0,-1.0590476190476192
7444.0,-1.3313333333333335
7445.0,-1.4730769230769232
7446.0,-0.29319148936170214
7447.0,-1.1120930232558137
7448.0,-1.2653333333333334
7449.0,-1.1069354838709682
7450.0,-1.2323529411764707
7451.0,-1.1612962962962963
7452.0,-1.0391304347826085
7453.0,-1.0135849056603772
7454.0,-0.8616216216216216
7455.0,-1.5038888888888893
7456.0,-1.0834343434343434
7457.0,-1.0285981308411216
7458.0,-1.233421052631579
7459.0,-1.2545000000000004
7460.0,-1.0748623853211008
7461.0,-1.0155102040816326
7462.0,-0.520701754385965
7463.0,-1.050457516339869
7464.0,-1.012108843537415
7465.0,-0.4136111111111111
7466.0,-1.2564516129032257
7467.0,-1.126029411764706
7468.0,-1.172857142857143
7469.0,-0.4045454545454545
7470.0,-1.172857142857143
7471.0,-1.115
7472.0,-1.3341666666666667
7473.0,-1.1301515151515151
7474.0,-1.3207692307692311
7475.0,-1.1668292682926829
7476.0,-0.7997826086956522
7477.0,-1.349130434782609
7478.0,-1.3557142857142856
7479.0,-1.1555000000000004
7480.0,-0.530526315789474
7481.0,-1.1066666666666667
7482.0,-0.9050485436893205
7483.0,-0.9456451612903223
7484.0,-0.8968627450980392
7485.0,-1.192692307692308
7486.0,-1.2790625
7487.0,-0.9156756756756755
7488.0,-1.233421052631579
7489.0,-1.0405464480874318
7490.0,-1.2078723404255318
7491.0,-1.018409090909091
7492.0,-1.0983333333333334
7493.0,-1.2808000000000002
7494.0,-1.003736263736264
7495.0,-1.1117105263157894
7496.0,-1.2271794871794874
7497.0,-1.1620833333333334
7498.0,-1.304
7499.0,-0.6854545454545455
7500.0,-0.9245238095238096
7501.0,-1.1551785714285714
7502.0,-1.2883870967741937
7503.0,-1.1557142857142861
7504.0,-1.2575000000000003
7505.0,-1.0399999999999998
7506.0,-1.152280701754386
7507.0,-1.0923076923076926
7508.0,-0.7920833333333336
7509.0,-1.233421052631579
7510.0,-0.8741463414634147
7511.0,-1.1128813559322033
7512.0,-1.041470588235294
7513.0,-1.0571296296296298
7514.0,-0.9942857142857143
7515.0,-1.2238709677419355
7516.0,-1.5341176470588236
7517.0,-1.04
7518.0,-0.9245238095238095
7519.0,-1.288387096774194
7520.0,-1.0692682926829267
7521.0,-0.9729545454545455
7522.0,-1.2051162790697674
7523.0,-0.75953125
7524.0,-1.191086956521739
7525.0,-0.7511111111111111
7526.0,-0.5288888888888889
7527.0,-0.9358333333333338
7528.0,-1.4176470588235297
7529.0,-1.2469444444444442
7530.0,-0.19121951219512198
7531.0,-0.9768421052631578
7532.0,-0.7854545454545456
7533.0,-0.9309090909090915
7534.0,-1.2102380952380953
7535.0,-1.003157894736842
7536.0,-1.0546853146853146
7537.0,-1.3325925925925928
7538.0,-1.3205263157894738
7539.0,-1.1807894736842106
7540.0,-0.4308333333333339
7541.0,0.0007692307692306161
7542.0,-0.9309090909090915
7543.0,-0.8736206896551726
7544.0,-0.7945454545454543
7545.0,-1.1014457831325304
7546.0,-1.2051162790697674
7547.0,-1.2838888888888893
7548.0,-0.9992857142857143
7549.0,-0.3835185185185185
7550.0,-0.29555555555555574
7551.0,-1.2620588235294117
7552.0,-0.9143478260869569
7553.0,-1.074862385321101
7554.0,-1.0525000000000002
7555.0,-0.8693548387096777
7556.0,-0.7266071428571428
7557.0,-0.8910416666666667
7558.0,-1.063943661971831
7559.0,-1.2850000000000001
7560.0,-1.2260000000000002
7561.0,-1.0733333333333333
7562.0,-1.3204545454545458
7563.0,-1.1262500000000002
7564.0,-1.078095238095238
7565.0,-1.2073684210526319
7566.0,-1.0392424242424243
7567.0,-1.1777272727272727
7568.0,-1.1041304347826089
7569.0,-1.2051162790697674
7570.0,-1.41764705882353
7571.0,0.1502439024390244
7572.0,-1.3938888888888892
7573.0,-1.2620588235294121
7574.0,-1.4304761904761907
7575.0,-1.320357142857143
7576.0,-1.2827777777777782
7577.0,-1.1188888888888893
7578.0,-1.191086956521739
7579.0,-0.8123684210526315
7580.0,-0.6057407407407408
7581.0,-0.8140740740740742
7582.0,-0.9245238095238096
7583.0,-1.1934615384615386
7584.0,-0.52125
7585.0,-1.0190084985835695
7586.0,-1.0577570093457944
7587.0,-1.1002083333333335
7588.0,-0.967878787878788
7589.0,-0.6153846153846155
7590.0,-1.1475384615384616
7591.0,-0.9306249999999998
7592.0,0.0933333333333333
7593.0,-1.1827083333333333
7594.0,-1.0221782178217822
7595.0,-1.105079365079365
7596.0,-1.1551785714285714
7597.0,-1.2983333333333336
7598.0,-1.0923076923076926
7599.0,-0.8951724137931035
7600.0,-1.1612962962962963
7601.0,-1.1626190476190477
7602.0,-0.5013636363636365
7603.0,-0.5114285714285713
7604.0,-1.2400000000000002
7605.0,-1.1318918918918919
7606.0,-0.1923809523809526
7607.0,-1.0764485981308414
7608.0,-0.9516000000000001
7609.0,-1.0638636363636367
7610.0,-1.0834343434343434
7611.0,0.5308333333333333
7612.0,-1.0877272727272729
7613.0,-1.305217391304348
7614.0,-1.2929166666666667
7615.0,-1.0551408450704227
7616.0,-1.3206250000000004
7617.0,-0.8736206896551725
7618.0,-0.6149999999999999
7619.0,-0.601842105263158
7620.0,-1.1620000000000001
7621.0,-1.0591489361702129
7622.0,0.07481481481481468
7623.0,-1.0495348837209302
7624.0,-1.1232258064516134
7625.0,-1.115
7626.0,-0.6889795918367346
7627.0,-0.9645370370370371
7628.0,-1.1519607843137256
7629.0,-0.9763636363636363
7630.0,-1.1267924528301887
7631.0,-1.2051162790697674
7632.0,-1.1678846153846154
7633.0,-1.3833333333333333
7634.0,-1.3341666666666667
7635.0,-1.1323076923076922
7636.0,-1.082808988764045
7637.0,-1.3011764705882358
7638.0,-1.122142857142857
7639.0,-1.2315384615384617
7640.0,-0.9275000000000001
7641.0,-1.1581818181818182
7642.0,-1.144255319148936
7643.0,-1.1267924528301887
7644.0,-1.2753333333333337
7645.0,-1.2050000000000003
7646.0,-1.2334210526315788
7647.0,-1.2096969696969697
7648.0,-1.1041975308641976
7649.0,-1.233421052631579
7650.0,-1.173888888888889
7651.0,-1.166829268292683
7652.0,-0.4959523809523809
7653.0,-1.0718750000000004
7654.0,-1.0963218390804597
7655.0,-1.214285714285714
7656.0,-1.0520805369127517
7657.0,-1.24
7658.0,-1.3938888888888894
7659.0,-1.067731092436975
7660.0,-1.0834285714285714
7661.0,-1.0795061728395061
7662.0,-0.735
7663.0,-0.67125
7664.0,-0.9309090909090915
7665.0,-1.1416393442622952
7666.0,-0.5485106382978724
7667.0,-0.3851612903225807
7668.0,-1.0303225806451612
7669.0,-1.2033333333333334
7670.0,-1.0275
7671.0,-1.12125
7672.0,-1.3654545454545455
7673.0,-1.2017948717948719
7674.0,-0.9622222222222225
7675.0,-1.2753333333333337
7676.0,-0.7545000000000002
7677.0,-0.9327083333333333
7678.0,-1.0905434782608696
7679.0,-1.2171875
7680.0,-1.152280701754386
7681.0,-1.073529411764706
7682.0,-1.11012987012987
7683.0,-1.268846153846154
7684.0,-1.0828571428571427
7685.0,-1.013063063063063
7686.0,-0.04769230769230775
7687.0,-1.1323076923076922
7688.0,-0.7057534246575342
7689.0,-0.926046511627907
7690.0,-0.9795833333333334
7691.0,-1.1803030303030302
7692.0,-1.1494827586206897
7693.0,-1.152280701754386
7694.0,-1.1511111111111112
7695.0,-1.345769230769231
7696.0,-1.2403030303030305
7697.0,-0.7955555555555557
7698.0,-1.18625
7699.0,-1.1167123287671235
7700.0,-1.3325925925925928
7701.0,-1.3203571428571428
7702.0,-1.132156862745098
7703.0,-1.041675977653631
7704.0,-1.2399999999999998
7705.0,-1.0923076923076926
7706.0,-1.1171929824561404
7707.0,-1.03625
7708.0,-0.9255555555555555
7709.0,-1.1194642857142856
7710.0,-0.5787096774193549
7711.0,-0.9176315789473684
7712.0,-1.185625
7713.0,-1.0923076923076924
7714.0,-1.3089655172413794
7715.0,-0.5271428571428574
7716.0,-1.4488888888888891
7717.0,-1.1085897435897436
7718.0,-1.1350000000000002
7719.0,0.07999999999999985
7720.0,-0.8140740740740742
7721.0,-1.1919444444444445
7722.0,-1.276666666666667
7723.0,-1.2225925925925927
7724.0,-1.3825000000000003
7725.0,-1.2225925925925927
7726.0,-1.0923076923076926
7727.0,-1.0655813953488373
7728.0,-1.210666666666667
7729.0,-1.2329411764705882
7730.0,-0.6790243902439025
7731.0,-1.22125
7732.0,-0.8649999999999999
7733.0,-1.103150684931507
7734.0,-1.3040000000000003
7735.0,-1.1090697674418604
7736.0,0.10821428571428562
7737.0,-1.1028048780487805
7738.0,-1.2002272727272727
7739.0,-1.0591489361702127
7740.0,-1.4104545454545458
7741.0,-0.5485106382978723
7742.0,-1.3203571428571428
7743.0,-1.1713725490196079
7744.0,-1.1854545454545455
7745.0,-0.5802777777777778
7746.0,-1.129423076923077
7747.0,-1.1490909090909092
7748.0,-1.1150000000000002
7749.0,-1.126029411764706
7750.0,0.16833333333333317
7751.0,-1.1180487804878048
7752.0,-1.22125
7753.0,-1.2017948717948717
7754.0,0.4349999999999999
7755.0,-1.191086956521739
7756.0,-1.3582352941176472
7757.0,-1.1910869565217392
7758.0,-1.0154545454545456
7759.0,-0.597142857142857
7760.0,-1.10144578313253
7761.0,-1.0183333333333338
7762.0,-1.1827083333333333
7763.0,-0.9309090909090915
7764.0,-1.2446153846153851
7765.0,-1.045389221556886
7766.0,-1.191086956521739
7767.0,-1.2127027027027029
7768.0,-1.1612962962962963
7769.0,-1.3833333333333335
7770.0,-1.2703030303030303
7771.0,-1.3361904761904764
7772.0,-0.8463157894736845
7773.0,-1.0916483516483515
7774.0,-1.1919444444444447
7775.0,-1.0235648148148146
7776.0,-1.118888888888889
7777.0,-0.6882758620689656
7778.0,-0.8279629629629631
7779.0,-1.175
7780.0,-1.1612962962962963
7781.0,-0.9309090909090915
7782.0,-1.4086666666666667
7783.0,-1.0655813953488373
7784.0,-1.1171929824561404
7785.0,-1.2696153846153848
7786.0,-1.0826086956521739
7787.0,-1.2594736842105265
7788.0,-0.1615789473684213
7789.0,-1.1028048780487805
7790.0,-1.0971428571428572
7791.0,-0.550344827586207
7792.0,-1.00953125
7793.0,-1.124057971014493
7794.0,-1.08375
7795.0,-1.0098412698412698
7796.0,-1.022051282051282
7797.0,-1.4304761904761907
7798.0,0.5287499999999999
7799.0,-1.1910869565217395
7800.0,-0.7397872340425534
7801.0,0.3939285714285713
7802.0,-1.1004761904761908
7803.0,-1.22125
7804.0,-1.2469444444444446
7805.0,-0.9702631578947369
7806.0,-1.10328125
7807.0,-0.855
7808.0,-1.2163157894736845
7809.0,-1.1645283018867925
7810.0,-0.893061224489796
7811.0,-1.6253846153846156
7812.0,-1.2790625000000002
7813.0,-1.0954545454545457
7814.0,-1.0909615384615383
7815.0,0.41384615384615386
7816.0,-0.6804000000000001
7817.0,-0.5915625000000001
7818.0,-0.5971428571428571
7819.0,-1.0340476190476189
7820.0,-1.2271794871794872
7821.0,-0.935
7822.0,-1.0577083333333333
7823.0,-1.2096969696969697
7824.0,-1.2653333333333334
7825.0,-0.8046551724137931
7826.0,-0.2931914893617021
7827.0,-0.2177777777777778
7828.0,-1.0890566037735847
7829.0,-1.0740909090909092
7830.0,-1.1586046511627908
7831.0,-1.0155102040816326
7832.0,-1.3089655172413794
7833.0,-1.1041975308641976
7834.0,-1.0972727272727274
7835.0,-0.8574242424242424
7836.0,-1.0638636363636362
7837.0,-0.6808602150537635
7838.0,-0.5160416666666667
7839.0,-1.045084745762712
7840.0,-1.1236170212765957
7841.0,-1.0772641509433964
7842.0,-0.21000000000000046
7843.0,-1.1177551020408163
7844.0,-1.2163157894736842
7845.0,-0.7945454545454543
7846.0,-1.1678846153846156
7847.0,-0.11878787878787889
7848.0,-1.146779661016949
7849.0,-0.8867391304347827
7850.0,-0.8030000000000003
7851.0,-0.6336170212765958
7852.0,-1.2419047619047623
7853.0,-1.0020192307692308
7854.0,-1.1528571428571432
7855.0,-1.262058823529412
7856.0,-1.2051162790697674
7857.0,-0.6057407407407406
7858.0,-0.9729545454545453
7859.0,-1.074090909090909
7860.0,-1.038941798941799
7861.0,-1.2790625000000002
7862.0,-1.1787755102040816
7863.0,-1.144255319148936
7864.0,-1.0725892857142858
7865.0,-0.9774999999999999
7866.0,-0.6336170212765956
7867.0,-0.3580555555555557
7868.0,-1.0357142857142856
7869.0,-0.9212499999999999
7870.0,-0.6259649122807017
7871.0,-0.7547999999999999
7872.0,-0.9746938775510203
7873.0,-1.28
7874.0,-1.3921739130434785
7875.0,-1.3011764705882356
7876.0,-1.248125
7877.0,-1.2106666666666672
7878.0,-1.0655813953488371
7879.0,-0.8077083333333334
7880.0,-1.070629921259843
7881.0,-1.132272727272727
7882.0,-1.2000000000000002
7883.0,-0.9736956521739131
7884.0,-0.7002272727272727
7885.0,-0.82203125
7886.0,-1.055
7887.0,-0.9702631578947368
7888.0,-1.215609756097561
7889.0,-1.221851851851852
7890.0,-0.5823913043478262
7891.0,-0.655
7892.0,-1.2102380952380953
7893.0,-1.2890476190476192
7894.0,-0.8631884057971015
7895.0,-0.8712499999999999
7896.0,-1.0142537313432836
7897.0,-0.8391379310344828
7898.0,-1.0786666666666669
7899.0,-1.308965517241379
7900.0,-1.251666666666667
7901.0,-1.0673333333333335
7902.0,-1.0524999999999998
7903.0,-1.1133333333333333
7904.0,-1.262058823529412
7905.0,-0.9051785714285714
7906.0,-0.9729545454545455
7907.0,-1.2271794871794872
7908.0,-1.375416666666667
7909.0,-1.2156097560975612
7910.0,-1.3361904761904764
7911.0,-1.0746774193548387
7912.0,-1.1645283018867927
7913.0,-1.0873684210526313
7914.0,-1.175897435897436
7915.0,-1.2304545454545457
7916.0,-0.5961643835616439
7917.0,-0.827121212121212
7918.0,-0.7730882352941176
7919.0,-0.9358333333333338
7920.0,-1.295925925925926
7921.0,-0.5910638297872342
7922.0,-0.5561764705882353
7923.0,-1.1001190476190477
7924.0,-0.8511111111111113
7925.0,-1.0905434782608696
7926.0,-1.121111111111111
7927.0,-1.105925925925926
7928.0,-1.0399999999999998
7929.0,-0.9932876712328765
7930.0,-1.1868085106382977
7931.0,-1.1612962962962963
7932.0,-1.0123214285714286
7933.0,0.16833333333333325
7934.0,-1.1132835820895521
7935.0,-0.3025000000000001
7936.0,-1.175
7937.0,-1.2883870967741937
7938.0,-1.2630434782608695
7939.0,-0.9712499999999998
7940.0,-0.9320000000000003
7941.0,-1.1713725490196079
7942.0,0.445185185185185
7943.0,-1.0331034482758623
7944.0,-1.1807894736842106
7945.0,-0.8460000000000001
7946.0,-1.3207692307692311
7947.0,-0.5841666666666668
7948.0,-1.0971428571428572
7949.0,-1.1612962962962963
7950.0,-1.3204
7951.0,-0.9270370370370372
7952.0,0.3086111111111111
7953.0,-1.1477777777777778
7954.0,-1.2684210526315791
7955.0,-1.200227272727273
7956.0,-1.2156097560975612
7957.0,-0.17125000000000004
7958.0,-1.2238709677419357
7959.0,-1.0958974358974356
7960.0,-1.0775
7961.0,-0.1041304347826087
7962.0,-0.514193548387097
7963.0,-1.3678571428571433
7964.0,-1.1264705882352946
7965.0,0.4197222222222222
7966.0,-1.1015384615384614
7967.0,-1.130151515151515
7968.0,-1.0655813953488371
7969.0,-1.0323387096774195
7970.0,0.3906818181818181
7971.0,-1.2304545454545457
7972.0,-1.0237837837837838
7973.0,-0.8480508474576273
7974.0,-0.921159420289855
7975.0,-1.1856250000000002
7976.0,-1.115
7977.0,0.034999999999999906
7978.0,-1.0995238095238098
7979.0,-0.13772727272727295
7980.0,-1.2271794871794872
7981.0,-0.5366101694915254
7982.0,-0.88453125
7983.0,-0.9136111111111112
7984.0,-1.503888888888889
7985.0,-1.0951136363636365
7986.0,-1.1490909090909092
7987.0,-1.1109090909090913
7988.0,-1.2542857142857142
7989.0,-0.8803061224489797
7990.0,-1.2469444444444446
7991.0,-0.8452631578947369
7992.0,-1.1001190476190474
7993.0,-0.2724074074074075
7994.0,-0.7843548387096776
7995.0,-1.2142105263157899
7996.0,-1.262058823529412
7997.0,-1.1441666666666663
7998.0,-0.9975757575757573
7999.0,-1.2653333333333339
