# Episodes, Rewards
0.0,-1.1851851851851851
1.0,-1.2446153846153851
2.0,-1.155714285714286
3.0,-1.359411764705883
4.0,-1.1446666666666667
5.0,-1.342666666666667
6.0,-1.4086666666666674
7.0,-1.3938888888888892
8.0,-1.1557142857142861
9.0,-1.1446666666666667
10.0,-1.342666666666667
11.0,-1.2315384615384617
12.0,-1.2766666666666668
13.0,-1.2971428571428574
14.0,-1.292916666666667
15.0,-1.3204545454545455
16.0,-1.2658333333333338
17.0,-1.1684615384615389
18.0,-1.3206250000000004
19.0,-1.3207692307692311
20.0,-1.3206250000000004
21.0,-1.1446666666666667
22.0,-1.2766666666666668
23.0,-1.3388888888888892
24.0,-1.3654545454545455
25.0,-1.3205263157894742
26.0,-1.3594117647058825
27.0,-1.1642105263157896
28.0,-1.2703030303030303
29.0,-1.2545000000000002
30.0,-1.3205263157894738
31.0,-1.2587500000000005
32.0,-1.2429411764705887
33.0,-1.3203571428571428
34.0,-1.1833333333333338
35.0,-1.2838888888888893
36.0,-1.3361904761904764
37.0,-1.2592592592592593
38.0,-1.2653333333333334
39.0,-1.3726315789473684
40.0,-1.251666666666667
41.0,-1.2304545454545457
42.0,-1.1557142857142861
43.0,-1.2838888888888893
44.0,-1.251666666666667
45.0,-1.4443750000000004
46.0,-1.349130434782609
47.0,-1.3040000000000003
48.0,-1.2516666666666667
49.0,-1.2754545454545456
50.0,-1.2850000000000001
51.0,-1.3325925925925928
52.0,-1.3204545454545458
53.0,-1.3833333333333335
54.0,-1.320526315789474
55.0,-1.3726315789473686
56.0,-1.2983333333333331
57.0,-1.1993333333333331
58.0,-1.2684210526315791
59.0,-1.3361904761904764
60.0,-1.2808000000000002
61.0,-1.2194444444444446
62.0,-1.248125
63.0,-1.241904761904762
64.0,-1.2959259259259264
65.0,-1.2412
66.0,-1.3833333333333333
67.0,-1.2419047619047618
68.0,-1.2971428571428574
69.0,-1.2890476190476192
70.0,-1.2106666666666672
71.0,-0.9309090909090915
72.0,-1.3535000000000001
73.0,-1.342666666666667
74.0,-1.2073684210526319
75.0,-1.1925806451612906
76.0,-1.2171875
77.0,-1.3388888888888892
78.0,-1.2959259259259257
79.0,-1.3341666666666667
80.0,-1.2696153846153848
81.0,-1.2403030303030305
82.0,-1.3833333333333333
83.0,-1.1934615384615386
84.0,-1.3204000000000002
85.0,-1.248125
86.0,-1.1864864864864866
87.0,-1.2323333333333333
88.0,-1.2959259259259264
89.0,-1.2260000000000002
90.0,-1.28
91.0,-1.2542857142857144
92.0,-1.115294117647059
93.0,-1.155263157894737
94.0,-1.2808000000000002
95.0,-1.206551724137931
96.0,-1.1741176470588237
97.0,-1.1741176470588237
98.0,-1.1862500000000002
99.0,-1.254285714285714
100.0,-1.1324324324324329
101.0,-1.1925806451612906
102.0,-1.1796969696969697
103.0,-1.1071111111111112
104.0,-1.0928125
105.0,-1.1977142857142855
106.0,-1.0643181818181817
107.0,-1.0413636363636365
108.0,-1.0451219512195122
109.0,-1.099824561403509
110.0,-1.0262857142857142
111.0,-1.0733333333333335
112.0,-0.9679411764705883
113.0,-0.9204000000000002
114.0,-0.9721428571428571
115.0,-0.8867391304347826
116.0,-0.9966666666666668
117.0,-0.6889795918367346
118.0,-0.22125000000000003
119.0,-0.47557692307692306
120.0,-0.07552631578947377
121.0,0.32617647058823523
122.0,0.5026470588235294
123.0,0.42874999999999996
124.0,0.5710810810810809
125.0,0.3611904761904761
126.0,0.3981578947368421
127.0,0.41384615384615386
128.0,0.5164102564102563
129.0,0.4917073170731707
130.0,0.47527777777777785
131.0,0.5034210526315789
132.0,0.5676923076923075
133.0,0.5676923076923077
134.0,0.5676923076923075
135.0,0.5676923076923078
136.0,0.5757142857142857
137.0,0.47874999999999995
138.0,0.5863888888888887
139.0,0.5676923076923076
140.0,0.6086842105263157
141.0,0.5892682926829268
142.0,0.57875
143.0,0.4361363636363636
144.0,0.5863888888888888
145.0,0.5287499999999999
146.0,0.6518918918918919
147.0,0.5892682926829268
148.0,0.6613157894736843
149.0,0.6380487804878048
150.0,0.6945238095238094
151.0,0.6469047619047619
152.0,0.5892682926829268
153.0,0.6380487804878049
154.0,0.5287499999999999
155.0,0.37627906976744185
156.0,0.5171428571428572
157.0,0.5676923076923076
158.0,0.5978378378378378
159.0,0.6287499999999999
160.0,0.6287499999999999
161.0,0.504047619047619
162.0,0.39815789473684204
163.0,0.4356756756756755
164.0,0.46512820512820513
165.0,0.5560526315789472
166.0,0.5404878048780488
167.0,0.4088095238095238
168.0,0.41972222222222216
169.0,0.37875
170.0,0.47527777777777774
171.0,0.57875
172.0,0.6086842105263158
173.0,0.5892682926829268
174.0,0.6702564102564103
175.0,0.5516666666666666
176.0,0.4088095238095238
177.0,0.3086111111111111
178.0,0.5334374999999999
179.0,0.4197222222222221
180.0,0.6518918918918918
181.0,0.7059459459459461
182.0,0.4933333333333332
183.0,0.57875
184.0,0.6088372093023255
185.0,0.5308333333333334
186.0,0.67875
187.0,0.6380487804878049
188.0,0.6469047619047619
189.0,0.6469047619047618
190.0,0.3681818181818182
191.0,0.4197222222222222
192.0,0.47527777777777774
193.0,0.46512820512820496
194.0,0.3787499999999999
195.0,0.5308333333333333
196.0,0.46512820512820513
197.0,0.5287499999999999
198.0,0.47874999999999995
199.0,0.6975
200.0,0.6189743589743588
201.0,0.5623255813953488
202.0,0.47874999999999995
203.0,0.5034210526315789
204.0,0.3611904761904762
205.0,0.5308333333333333
206.0,0.5560526315789474
207.0,0.5560526315789472
208.0,0.57875
209.0,0.6086842105263157
210.0,0.6868292682926829
211.0,0.5516666666666667
212.0,0.57875
213.0,0.57875
214.0,0.4361363636363635
215.0,0.5287499999999999
216.0,0.42874999999999996
217.0,0.5437837837837838
218.0,0.7059459459459458
219.0,0.6553488372093023
220.0,0.5623255813953488
221.0,0.7215384615384614
222.0,0.6945238095238094
223.0,0.5724999999999999
224.0,0.7356097560975609
225.0,0.5822222222222221
226.0,0.5892682926829268
227.0,0.6448717948717948
228.0,0.6088372093023255
229.0,0.5992857142857142
230.0,0.67875
231.0,0.6945238095238094
232.0,0.5393023255813953
233.0,0.5164102564102564
234.0,0.5437837837837837
235.0,0.49102564102564106
236.0,0.6287499999999999
237.0,0.5676923076923075
238.0,0.39414634146341465
239.0,0.41384615384615375
240.0,0.4507894736842105
241.0,0.5676923076923077
242.0,0.5404878048780487
243.0,0.5623255813953488
244.0,0.6419444444444444
245.0,0.6287499999999999
246.0,0.46930232558139534
247.0,0.6613157894736843
248.0,0.6380487804878048
249.0,0.6086842105263158
250.0,0.67875
251.0,0.72875
252.0,0.5954545454545455
253.0,0.5560526315789474
254.0,0.5676923076923077
255.0,0.7139473684210526
256.0,0.7018604651162791
257.0,0.6945238095238094
258.0,0.686829268292683
259.0,0.5377777777777778
260.0,0.5171428571428572
261.0,0.5742857142857142
262.0,0.3297674418604651
263.0,0.3762790697674418
264.0,0.6144444444444443
265.0,0.5623255813953488
266.0,0.6287499999999999
267.0,0.57875
268.0,0.21833333333333324
269.0,0.42874999999999996
270.0,0.5437837837837837
271.0,0.5560526315789472
272.0,0.618974358974359
273.0,0.6287499999999999
274.0,0.6961538461538459
275.0,0.6868292682926829
276.0,0.5516666666666666
277.0,0.5892682926829268
278.0,0.6702564102564101
279.0,0.6287499999999999
280.0,0.704
281.0,0.5725
282.0,0.6518918918918918
283.0,0.67875
284.0,0.6945238095238094
285.0,0.6088372093023255
286.0,0.6088372093023255
287.0,0.7139473684210526
288.0,0.6380487804878049
289.0,0.67875
290.0,0.5377777777777777
291.0,0.6791176470588235
292.0,0.47874999999999995
293.0,0.618974358974359
294.0,0.6945238095238094
295.0,0.6945238095238094
296.0,0.7602439024390244
297.0,0.6784782608695652
298.0,0.5992857142857143
299.0,0.4088095238095238
300.0,0.6613157894736841
301.0,0.7474358974358973
302.0,0.6945238095238094
303.0,0.6088372093023255
304.0,0.5270454545454545
305.0,0.6702564102564101
306.0,0.5623255813953487
307.0,0.5404878048780488
308.0,0.6613157894736842
309.0,0.6868292682926829
310.0,0.6945238095238094
311.0,0.33065217391304336
312.0,0.17071428571428565
313.0,0.5308333333333334
314.0,0.7139473684210526
315.0,0.6945238095238094
316.0,0.6179545454545455
317.0,0.33065217391304336
318.0,0.41384615384615386
319.0,0.6613157894736841
320.0,0.5892682926829268
321.0,0.6287499999999999
322.0,0.6088372093023255
323.0,0.6469047619047619
324.0,0.5892682926829268
325.0,0.6469047619047619
326.0,0.6380487804878049
327.0,0.6088372093023254
328.0,0.618974358974359
329.0,0.5892682926829268
330.0,0.72875
331.0,0.6088372093023255
332.0,0.5045652173913043
333.0,0.5308333333333333
334.0,0.7139473684210526
335.0,0.7139473684210526
336.0,0.7356097560975609
337.0,0.7253488372093023
338.0,0.663409090909091
339.0,0.5725
340.0,0.7139473684210526
341.0,0.7421428571428571
342.0,0.6634090909090907
343.0,0.671111111111111
344.0,0.6469047619047619
345.0,0.6380487804878048
346.0,0.5516666666666666
347.0,0.5676923076923077
348.0,0.7215384615384615
349.0,0.6469047619047618
350.0,0.686829268292683
351.0,0.5623255813953487
352.0,0.5992857142857142
353.0,0.6179545454545454
354.0,0.6702564102564101
355.0,0.6189743589743589
356.0,0.6469047619047619
357.0,0.46108695652173914
358.0,0.7139473684210526
359.0,0.46930232558139545
360.0,0.7139473684210526
361.0,0.6287499999999999
362.0,0.7215384615384614
363.0,0.6179545454545453
364.0,0.6179545454545454
365.0,0.7421428571428571
366.0,0.7088636363636364
367.0,0.7088636363636363
368.0,0.7155555555555555
369.0,0.6469047619047619
370.0,0.7185714285714285
371.0,0.7543181818181818
372.0,0.7543181818181816
373.0,0.6089583333333333
374.0,0.7421428571428571
375.0,0.7483720930232558
376.0,0.7599999999999999
377.0,0.5672916666666666
378.0,0.6868292682926829
379.0,0.6553488372093023
380.0,0.7483720930232558
381.0,0.7088636363636363
382.0,0.7155555555555555
383.0,0.6868292682926829
384.0,0.6266666666666665
385.0,0.6702564102564103
386.0,0.7421428571428571
387.0,0.6634090909090908
388.0,0.6553488372093024
389.0,0.7287499999999999
390.0,0.7088636363636363
391.0,0.5153191489361701
392.0,0.4088095238095238
393.0,0.39815789473684204
394.0,0.6518918918918919
395.0,0.67875
396.0,0.6553488372093021
397.0,0.6613157894736842
398.0,0.6380487804878049
399.0,0.5892682926829268
400.0,0.6868292682926829
401.0,0.5270454545454544
402.0,0.6380487804878049
403.0,0.7215384615384615
404.0,0.742142857142857
405.0,0.671111111111111
406.0,0.5724999999999999
407.0,0.6518918918918917
408.0,0.72875
409.0,0.6553488372093021
410.0,0.6945238095238094
411.0,0.7483720930232558
412.0,0.7088636363636364
413.0,0.7543181818181819
414.0,0.7599999999999999
415.0,0.6784782608695652
416.0,0.7155555555555555
417.0,0.7543181818181818
418.0,0.6219148936170212
419.0,0.059107142857142796
420.0,0.24780487804878046
421.0,0.48727272727272725
422.0,0.5676923076923076
423.0,0.6086842105263157
424.0,0.6469047619047619
425.0,0.481590909090909
426.0,0.6702564102564104
427.0,0.72875
428.0,0.7483720930232558
429.0,0.7219565217391305
430.0,0.6266666666666667
431.0,0.5287499999999999
432.0,0.5892682926829268
433.0,0.6613157894736843
434.0,0.6380487804878049
435.0,0.6088372093023255
436.0,0.735609756097561
437.0,0.72875
438.0,0.701860465116279
439.0,0.6429787234042552
440.0,0.6945238095238094
441.0,0.701860465116279
442.0,0.7421428571428571
443.0,0.7483720930232558
444.0,0.7543181818181819
445.0,0.6784782608695652
446.0,0.76
447.0,0.76
448.0,0.7654347826086955
449.0,0.7654347826086957
450.0,0.7654347826086955
451.0,0.7280851063829785
452.0,0.7599999999999999
453.0,0.7219565217391303
454.0,0.6784782608695651
455.0,0.6784782608695652
456.0,0.6266666666666667
457.0,0.6266666666666666
458.0,0.6469047619047619
459.0,0.7356097560975609
460.0,0.7483720930232558
461.0,0.7088636363636364
462.0,0.7421428571428572
463.0,0.7155555555555555
464.0,0.7483720930232558
465.0,0.7599999999999999
466.0,0.7599999999999999
467.0,0.6089583333333333
468.0,0.7088636363636364
469.0,0.7483720930232557
470.0,0.7543181818181818
471.0,0.7599999999999999
472.0,0.7543181818181818
473.0,0.7155555555555556
474.0,0.7155555555555555
475.0,0.7155555555555555
476.0,0.685531914893617
477.0,0.6711111111111111
478.0,0.7421428571428571
479.0,0.6711111111111111
480.0,0.735609756097561
481.0,0.7543181818181819
482.0,0.6784782608695652
483.0,0.7543181818181818
484.0,0.7599999999999999
485.0,0.6349999999999999
486.0,0.663409090909091
487.0,0.6945238095238094
488.0,0.7543181818181818
489.0,0.7155555555555555
490.0,0.7543181818181818
491.0,0.6349999999999999
492.0,0.742142857142857
493.0,0.7088636363636364
494.0,0.7543181818181818
495.0,0.7599999999999999
496.0,0.76
497.0,0.7654347826086955
498.0,0.6089583333333333
499.0,0.7599999999999999
500.0,0.7654347826086957
501.0,0.5672916666666666
502.0,0.6711111111111112
503.0,0.7483720930232558
504.0,0.7155555555555556
505.0,0.48395833333333327
506.0,0.3297674418604651
507.0,0.6613157894736843
508.0,0.6702564102564103
509.0,0.6868292682926829
510.0,0.6469047619047618
511.0,0.6469047619047619
512.0,0.6179545454545454
513.0,0.72875
514.0,0.701860465116279
515.0,0.7543181818181818
516.0,0.6134782608695651
517.0,0.7421428571428571
518.0,0.5822222222222221
519.0,0.6179545454545453
520.0,0.686829268292683
521.0,0.6380487804878048
522.0,0.7356097560975609
523.0,0.6788372093023255
524.0,0.40062499999999995
525.0,0.4328571428571428
526.0,0.6787499999999999
527.0,0.6287499999999999
528.0,0.735609756097561
529.0,0.6634090909090908
530.0,0.671111111111111
531.0,0.7088636363636364
532.0,0.6945238095238095
533.0,0.7088636363636364
534.0,0.7018604651162791
535.0,0.671111111111111
536.0,0.7483720930232558
537.0,0.671111111111111
538.0,0.7088636363636364
539.0,0.7421428571428571
540.0,0.6784782608695651
541.0,0.7155555555555555
542.0,0.72875
543.0,0.5724999999999999
544.0,0.6945238095238094
545.0,0.6553488372093024
546.0,0.701860465116279
547.0,0.36
548.0,0.32875
549.0,0.57875
550.0,0.67875
551.0,0.6868292682926829
552.0,0.701860465116279
553.0,0.7421428571428571
554.0,0.7483720930232558
555.0,0.7155555555555556
556.0,0.5256249999999999
557.0,0.6179545454545454
558.0,0.5478787878787879
559.0,0.6419444444444444
560.0,0.618974358974359
561.0,0.6961538461538462
562.0,0.6380487804878048
563.0,0.6626829268292683
564.0,0.6868292682926828
565.0,0.6945238095238094
566.0,0.7088636363636363
567.0,0.7018604651162791
568.0,0.7543181818181818
569.0,0.7599999999999999
570.0,0.76
571.0,0.76
572.0,0.7654347826086955
573.0,0.7654347826086955
574.0,0.7654347826086957
575.0,0.6506249999999999
576.0,0.5449999999999998
577.0,0.6179545454545454
578.0,0.7421428571428571
579.0,0.7543181818181818
580.0,0.7280851063829785
581.0,0.5915217391304348
582.0,0.5822222222222223
583.0,0.7088636363636364
584.0,0.7543181818181818
585.0,0.6711111111111111
586.0,0.6634090909090908
587.0,0.7318181818181817
588.0,0.7018604651162791
589.0,0.7483720930232558
590.0,0.7599999999999999
591.0,0.6784782608695652
592.0,0.771860465116279
593.0,0.7543181818181818
594.0,0.7155555555555556
595.0,0.7599999999999999
596.0,0.7599999999999999
597.0,0.76
598.0,0.7219565217391303
599.0,0.7219565217391305
600.0,0.7824444444444443
601.0,0.7280851063829787
602.0,0.6784782608695652
603.0,0.7219565217391303
604.0,0.7543181818181818
605.0,0.7599999999999999
606.0,0.7280851063829789
607.0,0.7654347826086955
608.0,0.6855319148936169
609.0,0.76
610.0,0.7219565217391303
611.0,0.7543181818181818
612.0,0.7599999999999998
613.0,0.7654347826086955
614.0,0.6506249999999999
615.0,0.6784782608695652
616.0,0.72875
617.0,0.7483720930232558
618.0,0.7599999999999999
619.0,0.7280851063829785
620.0,0.7280851063829787
621.0,0.6711111111111111
622.0,0.701860465116279
623.0,0.7543181818181819
624.0,0.6784782608695652
625.0,0.742142857142857
626.0,0.7543181818181818
627.0,0.7654347826086957
628.0,0.7654347826086957
629.0,0.685531914893617
630.0,0.7543181818181818
631.0,0.7599999999999999
632.0,0.7439130434782608
633.0,0.6945238095238094
634.0,0.686829268292683
635.0,0.7155555555555555
636.0,0.76
637.0,0.76
638.0,0.7219565217391305
639.0,0.76
640.0,0.7654347826086955
641.0,0.7280851063829787
642.0,0.7280851063829785
643.0,0.7155555555555555
644.0,0.6784782608695652
645.0,0.7018604651162792
646.0,0.671111111111111
647.0,0.7483720930232558
648.0,0.7155555555555555
649.0,0.7155555555555556
650.0,0.7155555555555555
651.0,0.7543181818181819
652.0,0.6004255319148936
653.0,0.6553488372093024
654.0,0.5915217391304347
655.0,0.6945238095238094
656.0,0.6469047619047619
657.0,0.701860465116279
658.0,0.7155555555555555
659.0,0.7018604651162792
660.0,0.748372093023256
661.0,0.7088636363636364
662.0,0.7088636363636364
663.0,0.5915217391304348
664.0,0.7543181818181819
665.0,0.7088636363636364
666.0,0.7543181818181816
667.0,0.7543181818181818
668.0,0.7219565217391305
669.0,0.7155555555555555
670.0,0.7155555555555556
671.0,0.6004255319148936
672.0,0.5270454545454545
673.0,0.504047619047619
674.0,0.6287499999999999
675.0,0.5822222222222221
676.0,0.6469047619047619
677.0,0.6088372093023255
678.0,0.7543181818181818
679.0,0.701860465116279
680.0,0.7088636363636364
681.0,0.7543181818181818
682.0,0.7599999999999999
683.0,0.7599999999999999
684.0,0.685531914893617
685.0,0.6089583333333333
686.0,0.5153191489361701
687.0,0.6709523809523811
688.0,0.6702564102564103
689.0,0.5992857142857141
690.0,0.6868292682926829
691.0,0.6945238095238094
692.0,0.6266666666666666
693.0,0.6469047619047619
694.0,0.671111111111111
695.0,0.7215384615384616
696.0,0.6945238095238094
697.0,0.7483720930232558
698.0,0.7088636363636364
699.0,0.6634090909090908
700.0,0.7088636363636363
701.0,0.5256249999999999
702.0,0.6868292682926829
703.0,0.7421428571428571
704.0,0.7543181818181818
705.0,0.6429787234042553
706.0,0.5672916666666666
707.0,0.7155555555555556
708.0,0.5480434782608695
709.0,0.6634090909090907
710.0,0.6945238095238094
711.0,0.7421428571428571
712.0,0.38499999999999984
713.0,0.45387755102040805
714.0,0.7215384615384614
715.0,0.6868292682926829
716.0,0.67875
717.0,0.7356097560975609
718.0,0.7421428571428571
719.0,0.7421428571428571
720.0,0.7543181818181818
721.0,0.7219565217391305
722.0,0.7599999999999999
723.0,0.7654347826086957
724.0,0.7654347826086955
725.0,0.76
726.0,0.7654347826086957
727.0,0.7706382978723405
728.0,0.7219565217391305
729.0,0.6855319148936169
730.0,0.7654347826086955
731.0,0.7280851063829787
732.0,0.7280851063829785
733.0,0.7599999999999999
734.0,0.6784782608695651
735.0,0.7219565217391305
736.0,0.6299999999999999
737.0,0.6553488372093024
738.0,0.7543181818181818
739.0,0.7543181818181818
740.0,0.7824444444444443
741.0,0.7280851063829787
742.0,0.7280851063829787
743.0,0.6089583333333333
744.0,0.7155555555555555
745.0,0.76
746.0,0.7599999999999999
747.0,0.76
748.0,0.7654347826086955
749.0,0.6506249999999999
750.0,0.7219565217391305
751.0,0.7824444444444443
752.0,0.7654347826086957
753.0,0.7654347826086955
754.0,0.7280851063829787
755.0,0.6922916666666667
756.0,0.7543181818181819
757.0,0.7824444444444445
758.0,0.685531914893617
759.0,0.76
760.0,0.7219565217391305
761.0,0.7155555555555556
762.0,0.635
763.0,0.6784782608695652
764.0,0.7483720930232558
765.0,0.7155555555555555
766.0,0.7599999999999999
767.0,0.7599999999999999
768.0,0.738
769.0,0.7219565217391303
770.0,0.7379999999999999
771.0,0.76
772.0,0.7599999999999999
773.0,0.7824444444444443
774.0,0.7439130434782608
775.0,0.7219565217391305
776.0,0.7088636363636363
777.0,0.685531914893617
778.0,0.7483720930232557
779.0,0.671111111111111
780.0,0.7543181818181819
781.0,0.7599999999999999
782.0,0.7654347826086957
783.0,0.7280851063829787
784.0,0.7280851063829789
785.0,0.7219565217391305
786.0,0.7599999999999999
787.0,0.7824444444444445
788.0,0.7219565217391303
789.0,0.7654347826086957
790.0,0.7654347826086957
791.0,0.7219565217391305
792.0,0.7280851063829785
793.0,0.48395833333333327
794.0,0.39414634146341465
795.0,0.72875
796.0,0.7421428571428572
797.0,0.7483720930232558
798.0,0.7155555555555555
799.0,0.7483720930232558
800.0,0.7088636363636364
801.0,0.7543181818181819
802.0,0.76
803.0,0.76
804.0,0.7654347826086957
805.0,0.7706382978723404
806.0,0.6088372093023255
807.0,0.771860465116279
808.0,0.7155555555555556
809.0,0.76
810.0,0.7599999999999998
811.0,0.7219565217391305
812.0,0.7599999999999999
813.0,0.7654347826086955
814.0,0.7280851063829787
815.0,0.7654347826086955
816.0,0.7599999999999999
817.0,0.7654347826086955
818.0,0.7706382978723403
819.0,0.7280851063829785
820.0,0.7280851063829787
821.0,0.685531914893617
822.0,0.7421428571428571
823.0,0.7599999999999999
824.0,0.7654347826086957
825.0,0.7219565217391305
826.0,0.7654347826086955
827.0,0.7654347826086957
828.0,0.7654347826086955
829.0,0.7873913043478261
830.0,0.7280851063829787
831.0,0.7654347826086957
832.0,0.6171428571428571
833.0,0.6922916666666666
834.0,0.7654347826086955
835.0,0.7654347826086957
836.0,0.6429787234042552
837.0,0.6855319148936169
838.0,0.7155555555555555
839.0,0.7543181818181818
840.0,0.7219565217391305
841.0,0.7155555555555555
842.0,0.7088636363636364
843.0,0.6711111111111112
844.0,0.6784782608695652
845.0,0.7543181818181818
846.0,0.76
847.0,0.7654347826086957
848.0,0.6716666666666665
849.0,0.5915217391304347
850.0,0.5270454545454545
851.0,0.67875
852.0,0.735609756097561
853.0,0.7543181818181816
854.0,0.7543181818181818
855.0,0.7599999999999999
856.0,0.7219565217391305
857.0,0.6702564102564103
858.0,0.72875
859.0,0.771860465116279
860.0,0.6429787234042552
861.0,0.7543181818181818
862.0,0.7219565217391305
863.0,0.6945238095238094
864.0,0.6553488372093024
865.0,0.67875
866.0,0.6323255813953489
867.0,0.742142857142857
868.0,0.7599999999999999
869.0,0.7219565217391303
870.0,0.7088636363636363
871.0,0.7654347826086955
872.0,0.7599999999999999
873.0,0.6784782608695651
874.0,0.7654347826086958
875.0,0.685531914893617
876.0,0.6784782608695652
877.0,0.7654347826086955
878.0,0.7219565217391306
879.0,0.7599999999999999
880.0,0.6855319148936169
881.0,0.76
882.0,0.7599999999999998
883.0,0.7219565217391305
884.0,0.7599999999999998
885.0,0.7543181818181818
886.0,0.7599999999999999
887.0,0.76
888.0,0.7654347826086955
889.0,0.7706382978723403
890.0,0.7706382978723404
891.0,0.6922916666666666
892.0,0.7070212765957447
893.0,0.6922916666666666
894.0,0.7155555555555556
895.0,0.7483720930232558
896.0,0.7824444444444443
897.0,0.7654347826086957
898.0,0.7654347826086957
899.0,0.7706382978723403
900.0,0.7495744680851062
901.0,0.7280851063829787
902.0,0.7654347826086955
903.0,0.685531914893617
904.0,0.6634090909090907
905.0,0.7543181818181818
906.0,0.76
907.0,0.7280851063829785
908.0,0.7654347826086955
909.0,0.6089583333333333
910.0,0.7155555555555556
911.0,0.7483720930232558
912.0,0.7654347826086955
913.0,0.6506249999999999
914.0,0.7543181818181816
915.0,0.7155555555555555
916.0,0.6784782608695652
917.0,0.7543181818181819
918.0,0.7280851063829787
919.0,0.7219565217391305
920.0,0.7018604651162791
921.0,0.7280851063829787
922.0,0.7654347826086957
923.0,0.6004255319148936
924.0,0.5480434782608696
925.0,0.6784782608695651
926.0,0.7018604651162789
927.0,0.7543181818181816
928.0,0.76
929.0,0.6089583333333333
930.0,0.6784782608695652
931.0,0.6469047619047619
932.0,0.6088372093023255
933.0,0.6266666666666666
934.0,0.7543181818181818
935.0,0.6491111111111111
936.0,0.635
937.0,0.701860465116279
938.0,0.701860465116279
939.0,0.742142857142857
940.0,0.7772727272727272
941.0,0.6784782608695652
942.0,0.685531914893617
943.0,0.7543181818181818
944.0,0.7599999999999999
945.0,0.7654347826086955
946.0,0.7654347826086957
947.0,0.7004347826086956
948.0,0.7280851063829787
949.0,0.7280851063829785
950.0,0.7543181818181818
951.0,0.6855319148936172
952.0,0.6429787234042551
953.0,0.685531914893617
954.0,0.7155555555555555
955.0,0.76
956.0,0.7654347826086955
957.0,0.7654347826086958
958.0,0.7280851063829787
959.0,0.48395833333333327
960.0,0.6004255319148936
961.0,0.7421428571428572
962.0,0.7599999999999999
963.0,0.7654347826086957
964.0,0.5763265306122448
965.0,0.7654347826086957
966.0,0.7219565217391303
967.0,0.76
968.0,0.7654347826086955
969.0,0.685531914893617
970.0,0.7654347826086958
971.0,0.7654347826086955
972.0,0.7654347826086957
973.0,0.7706382978723403
974.0,0.7706382978723403
975.0,0.7706382978723404
976.0,0.7280851063829785
977.0,0.6506249999999999
978.0,0.5672916666666666
979.0,0.7219565217391303
980.0,0.7654347826086957
981.0,0.7654347826086957
982.0,0.7654347826086957
983.0,0.7654347826086957
984.0,0.7654347826086955
985.0,0.7280851063829787
986.0,0.6922916666666666
987.0,0.7219565217391303
988.0,0.6784782608695652
989.0,0.6855319148936169
990.0,0.701860465116279
991.0,0.7088636363636364
992.0,0.7004347826086955
993.0,0.7654347826086955
994.0,0.7599999999999999
995.0,0.7654347826086957
996.0,0.7219565217391303
997.0,0.7219565217391305
998.0,0.7654347826086957
999.0,0.7439130434782607
1000.0,0.7088636363636363
1001.0,0.7543181818181818
1002.0,0.7219565217391303
1003.0,0.6855319148936169
1004.0,0.76
1005.0,0.7654347826086957
1006.0,0.685531914893617
1007.0,0.7070212765957447
1008.0,0.7599999999999999
1009.0,0.7219565217391305
1010.0,0.7219565217391303
1011.0,0.7219565217391305
1012.0,0.6855319148936169
1013.0,0.7599999999999999
1014.0,0.6855319148936169
1015.0,0.7088636363636363
1016.0,0.7543181818181818
1017.0,0.6349999999999999
1018.0,0.7543181818181819
1019.0,0.7599999999999999
1020.0,0.7654347826086955
1021.0,0.7654347826086957
1022.0,0.7654347826086955
1023.0,0.7280851063829785
1024.0,0.7219565217391305
1025.0,0.7654347826086957
1026.0,0.7706382978723403
1027.0,0.7654347826086957
1028.0,0.7873913043478261
1029.0,0.7706382978723403
1030.0,0.7706382978723404
1031.0,0.7706382978723403
1032.0,0.6716666666666665
1033.0,0.6506249999999999
1034.0,0.7654347826086955
1035.0,0.7654347826086955
1036.0,0.7280851063829785
1037.0,0.6579591836734693
1038.0,0.32018518518518524
1039.0,0.4946938775510203
1040.0,0.671111111111111
1041.0,0.5480434782608695
1042.0,0.5623255813953487
1043.0,0.6945238095238094
1044.0,0.6266666666666667
1045.0,0.6711111111111111
1046.0,0.701860465116279
1047.0,0.7088636363636364
1048.0,0.7318181818181817
1049.0,0.7543181818181818
1050.0,0.7654347826086955
1051.0,0.7654347826086955
1052.0,0.7280851063829785
1053.0,0.6855319148936169
1054.0,0.7824444444444443
1055.0,0.7280851063829787
1056.0,0.7155555555555555
1057.0,0.6266666666666666
1058.0,0.7219565217391303
1059.0,0.7543181818181818
1060.0,0.7654347826086957
1061.0,0.7654347826086955
1062.0,0.7654347826086957
1063.0,0.7339583333333333
1064.0,0.7706382978723403
1065.0,0.7706382978723403
1066.0,0.7706382978723403
1067.0,0.7139473684210526
1068.0,0.6945238095238095
1069.0,0.7599999999999999
1070.0,0.7654347826086957
1071.0,0.7706382978723403
1072.0,0.7219565217391303
1073.0,0.7873913043478261
1074.0,0.7706382978723404
1075.0,0.7706382978723403
1076.0,0.7706382978723403
1077.0,0.7654347826086955
1078.0,0.7706382978723403
1079.0,0.7280851063829785
1080.0,0.6922916666666666
1081.0,0.685531914893617
1082.0,0.7155555555555555
1083.0,0.7599999999999999
1084.0,0.7654347826086957
1085.0,0.7654347826086957
1086.0,0.6506249999999999
1087.0,0.7004347826086956
1088.0,0.685531914893617
1089.0,0.7543181818181818
1090.0,0.76
1091.0,0.7654347826086955
1092.0,0.7654347826086955
1093.0,0.7706382978723403
1094.0,0.7654347826086957
1095.0,0.7706382978723403
1096.0,0.7339583333333333
1097.0,0.7706382978723404
1098.0,0.7654347826086955
1099.0,0.7706382978723403
1100.0,0.7706382978723403
1101.0,0.7706382978723403
1102.0,0.7088636363636364
1103.0,0.7599999999999999
1104.0,0.7599999999999999
1105.0,0.7219565217391303
1106.0,0.6506249999999999
1107.0,0.7280851063829785
1108.0,0.7280851063829787
1109.0,0.7215384615384617
1110.0,0.6711111111111111
1111.0,0.7088636363636363
1112.0,0.76
1113.0,0.7280851063829789
1114.0,0.7219565217391305
1115.0,0.7599999999999999
1116.0,0.7600000000000002
1117.0,0.7873913043478259
1118.0,0.6855319148936169
1119.0,0.7219565217391303
1120.0,0.7654347826086957
1121.0,0.7706382978723403
1122.0,0.7654347826086955
1123.0,0.7706382978723404
1124.0,0.7339583333333332
1125.0,0.6922916666666666
1126.0,0.7599999999999999
1127.0,0.76
1128.0,0.7824444444444445
1129.0,0.7654347826086955
1130.0,0.7706382978723403
1131.0,0.6922916666666666
1132.0,0.7280851063829785
1133.0,0.6922916666666666
1134.0,0.7654347826086957
1135.0,0.76
1136.0,0.7654347826086955
1137.0,0.7280851063829785
1138.0,0.7654347826086957
1139.0,0.7654347826086957
1140.0,0.7280851063829785
1141.0,0.4859615384615384
1142.0,0.6506249999999999
1143.0,0.7155555555555555
1144.0,0.5672916666666666
1145.0,0.5377777777777778
1146.0,0.7253488372093023
1147.0,0.7088636363636364
1148.0,0.7483720930232558
1149.0,0.7599999999999999
1150.0,0.7280851063829787
1151.0,0.7654347826086957
1152.0,0.7654347826086955
1153.0,0.7824444444444445
1154.0,0.7280851063829787
1155.0,0.685531914893617
1156.0,0.7824444444444445
1157.0,0.7654347826086955
1158.0,0.7706382978723403
1159.0,0.7706382978723404
1160.0,0.7654347826086955
1161.0,0.7654347826086957
1162.0,0.7280851063829787
1163.0,0.7654347826086955
1164.0,0.7706382978723404
1165.0,0.7654347826086955
1166.0,0.7706382978723403
1167.0,0.7706382978723403
1168.0,0.7280851063829785
1169.0,0.6922916666666666
1170.0,0.7654347826086957
1171.0,0.7873913043478259
1172.0,0.7706382978723404
1173.0,0.7706382978723404
1174.0,0.7654347826086955
1175.0,0.7706382978723404
1176.0,0.7706382978723403
1177.0,0.6922916666666666
1178.0,0.7706382978723404
1179.0,0.7706382978723403
1180.0,0.6922916666666666
1181.0,0.7495744680851063
1182.0,0.7219565217391305
1183.0,0.7654347826086955
1184.0,0.7280851063829787
1185.0,0.6922916666666666
1186.0,0.7706382978723404
1187.0,0.7543181818181818
1188.0,0.7654347826086955
1189.0,0.7706382978723403
1190.0,0.7280851063829785
1191.0,0.6922916666666666
1192.0,0.7706382978723403
1193.0,0.7280851063829785
1194.0,0.7706382978723404
1195.0,0.7654347826086955
1196.0,0.7280851063829787
1197.0,0.7706382978723404
1198.0,0.7706382978723403
1199.0,0.7706382978723404
1200.0,0.7339583333333333
1201.0,0.7280851063829785
1202.0,0.7654347826086955
1203.0,0.7280851063829787
1204.0,0.7280851063829787
1205.0,0.6429787234042552
1206.0,0.6711111111111111
1207.0,0.7155555555555555
1208.0,0.6004255319148936
1209.0,0.7219565217391305
1210.0,0.7654347826086957
1211.0,0.7219565217391305
1212.0,0.7654347826086955
1213.0,0.7280851063829787
1214.0,0.7280851063829787
1215.0,0.7654347826086955
1216.0,0.7219565217391303
1217.0,0.7280851063829785
1218.0,0.7654347826086955
1219.0,0.7654347826086955
1220.0,0.7706382978723403
1221.0,0.7706382978723404
1222.0,0.7706382978723403
1223.0,0.6579591836734693
1224.0,0.7280851063829787
1225.0,0.7280851063829787
1226.0,0.7219565217391303
1227.0,0.6429787234042553
1228.0,0.6089583333333333
1229.0,0.7379999999999999
1230.0,0.7155555555555555
1231.0,0.6004255319148936
1232.0,0.5153191489361703
1233.0,0.7155555555555555
1234.0,0.701860465116279
1235.0,0.7088636363636363
1236.0,0.7155555555555555
1237.0,0.6784782608695652
1238.0,0.7318181818181817
1239.0,0.7088636363636364
1240.0,0.6784782608695651
1241.0,0.6349999999999999
1242.0,0.7155555555555556
1243.0,0.7543181818181818
1244.0,0.7599999999999999
1245.0,0.6506249999999999
1246.0,0.7654347826086955
1247.0,0.7654347826086955
1248.0,0.7654347826086955
1249.0,0.7280851063829787
1250.0,0.7706382978723403
1251.0,0.7654347826086955
1252.0,0.685531914893617
1253.0,0.738
1254.0,0.7654347826086957
1255.0,0.7654347826086957
1256.0,0.33272727272727265
1257.0,0.5149019607843136
1258.0,0.7280851063829785
1259.0,0.7280851063829787
1260.0,0.7654347826086957
1261.0,0.7654347826086957
1262.0,0.7873913043478259
1263.0,0.7339583333333333
1264.0,0.7706382978723403
1265.0,0.7654347826086955
1266.0,0.7706382978723403
1267.0,0.7706382978723403
1268.0,0.7706382978723403
1269.0,0.7706382978723403
1270.0,0.7706382978723403
1271.0,0.7339583333333333
1272.0,0.7654347826086955
1273.0,0.7706382978723403
1274.0,0.7706382978723404
1275.0,0.7706382978723404
1276.0,0.7706382978723404
1277.0,0.7706382978723404
1278.0,0.7706382978723404
1279.0,0.7706382978723403
1280.0,0.7706382978723403
1281.0,0.7280851063829785
1282.0,0.7706382978723404
1283.0,0.7706382978723403
1284.0,0.7706382978723403
1285.0,0.7339583333333333
1286.0,0.7706382978723403
1287.0,0.7706382978723403
1288.0,0.7654347826086957
1289.0,0.7654347826086955
1290.0,0.7706382978723403
1291.0,0.7706382978723403
1292.0,0.7706382978723403
1293.0,0.7280851063829785
1294.0,0.7706382978723404
1295.0,0.7706382978723403
1296.0,0.7873913043478261
1297.0,0.7873913043478259
1298.0,0.7706382978723403
1299.0,0.7706382978723403
1300.0,0.7706382978723404
1301.0,0.7706382978723403
1302.0,0.7654347826086955
1303.0,0.7706382978723405
1304.0,0.7706382978723403
1305.0,0.7706382978723403
1306.0,0.7706382978723403
1307.0,0.7706382978723404
1308.0,0.7706382978723403
1309.0,0.7280851063829787
1310.0,0.7706382978723403
1311.0,0.7706382978723404
1312.0,0.7706382978723403
1313.0,0.7706382978723403
1314.0,0.7706382978723404
1315.0,0.7280851063829785
1316.0,0.7706382978723403
1317.0,0.7706382978723403
1318.0,0.7280851063829785
1319.0,0.7280851063829785
1320.0,0.7654347826086955
1321.0,0.7706382978723403
1322.0,0.7706382978723403
1323.0,0.7706382978723403
1324.0,0.7495744680851062
1325.0,0.7543181818181818
1326.0,0.7654347826086957
1327.0,0.7706382978723404
1328.0,0.7339583333333333
1329.0,0.7706382978723404
1330.0,0.6855319148936169
1331.0,0.7495744680851063
1332.0,0.5763265306122448
1333.0,0.7706382978723403
1334.0,0.7280851063829787
1335.0,0.7706382978723403
1336.0,0.7280851063829785
1337.0,0.7654347826086955
1338.0,0.7706382978723403
1339.0,0.7654347826086957
1340.0,0.7706382978723404
1341.0,0.7339583333333332
1342.0,0.7706382978723403
1343.0,0.6922916666666666
1344.0,0.7706382978723403
1345.0,0.7280851063829785
1346.0,0.7706382978723403
1347.0,0.7706382978723404
1348.0,0.7706382978723403
1349.0,0.7706382978723403
1350.0,0.7706382978723403
1351.0,0.7706382978723403
1352.0,0.7706382978723404
1353.0,0.7706382978723404
1354.0,0.7706382978723403
1355.0,0.7706382978723403
1356.0,0.7706382978723404
1357.0,0.7706382978723403
1358.0,0.7706382978723403
1359.0,0.7706382978723403
1360.0,0.7706382978723404
1361.0,0.7280851063829785
1362.0,0.7706382978723403
1363.0,0.7706382978723403
1364.0,0.7706382978723403
1365.0,0.7706382978723404
1366.0,0.7339583333333333
1367.0,0.7706382978723403
1368.0,0.7706382978723403
1369.0,0.7706382978723403
1370.0,0.7706382978723403
1371.0,0.7706382978723404
1372.0,0.7706382978723404
1373.0,0.7706382978723403
1374.0,0.7706382978723403
1375.0,0.7706382978723404
1376.0,0.7706382978723403
1377.0,0.7706382978723404
1378.0,0.7706382978723403
1379.0,0.7706382978723403
1380.0,0.6922916666666666
1381.0,0.7706382978723403
1382.0,0.7706382978723403
1383.0,0.7706382978723403
1384.0,0.7280851063829787
1385.0,0.7706382978723404
1386.0,0.7706382978723404
1387.0,0.7706382978723404
1388.0,0.7706382978723403
1389.0,0.7706382978723403
1390.0,0.7706382978723404
1391.0,0.7706382978723403
1392.0,0.7706382978723403
1393.0,0.7654347826086957
1394.0,0.7706382978723403
1395.0,0.7706382978723403
1396.0,0.7706382978723404
1397.0,0.7706382978723404
1398.0,0.32140350877192975
1399.0,0.7280851063829787
1400.0,0.6506249999999999
1401.0,0.7280851063829787
1402.0,0.7654347826086957
1403.0,0.7706382978723403
1404.0,0.7706382978723403
1405.0,0.7339583333333332
1406.0,0.7339583333333333
1407.0,0.7706382978723403
1408.0,0.685531914893617
1409.0,0.7654347826086955
1410.0,0.742142857142857
1411.0,0.7155555555555555
1412.0,0.7599999999999999
1413.0,0.6922916666666666
1414.0,0.7280851063829785
1415.0,0.7706382978723403
1416.0,0.7706382978723403
1417.0,0.7706382978723403
1418.0,0.7706382978723403
1419.0,0.7706382978723403
1420.0,0.7824444444444445
1421.0,0.7654347826086958
1422.0,0.7706382978723403
1423.0,0.7706382978723403
1424.0,0.7706382978723403
1425.0,0.7706382978723403
1426.0,0.7706382978723403
1427.0,0.7706382978723403
1428.0,0.7706382978723404
1429.0,0.7706382978723403
1430.0,0.7706382978723403
1431.0,0.7280851063829787
1432.0,0.7155555555555555
1433.0,0.7280851063829787
1434.0,0.7280851063829785
1435.0,0.7706382978723404
1436.0,0.7706382978723403
1437.0,0.7654347826086955
1438.0,0.7654347826086957
1439.0,0.7706382978723403
1440.0,0.7706382978723403
1441.0,0.7133333333333333
1442.0,0.7706382978723404
1443.0,0.7706382978723403
1444.0,0.7706382978723403
1445.0,0.7495744680851062
1446.0,0.7280851063829787
1447.0,0.7706382978723403
1448.0,0.7088636363636364
1449.0,0.76
1450.0,0.7706382978723404
1451.0,0.7706382978723403
1452.0,0.7706382978723403
1453.0,0.7706382978723404
1454.0,0.7706382978723403
1455.0,0.7706382978723403
1456.0,0.7706382978723403
1457.0,0.7706382978723403
1458.0,0.7706382978723403
1459.0,0.7706382978723403
1460.0,0.7706382978723403
1461.0,0.7706382978723404
1462.0,0.7339583333333332
1463.0,0.7706382978723404
1464.0,0.7706382978723403
1465.0,0.7706382978723403
1466.0,0.7706382978723403
1467.0,0.7706382978723403
1468.0,0.7706382978723404
1469.0,0.7706382978723403
1470.0,0.7706382978723403
1471.0,0.7706382978723404
1472.0,0.7706382978723403
1473.0,0.7706382978723403
1474.0,0.7706382978723403
1475.0,0.7543181818181818
1476.0,0.7654347826086957
1477.0,0.7706382978723403
1478.0,0.7706382978723404
1479.0,0.7706382978723403
1480.0,0.7706382978723404
1481.0,0.7706382978723403
1482.0,0.7706382978723403
1483.0,0.7706382978723404
1484.0,0.7706382978723403
1485.0,0.7280851063829785
1486.0,0.7706382978723404
1487.0,0.7339583333333333
1488.0,0.7706382978723403
1489.0,0.7219565217391305
1490.0,0.7706382978723403
1491.0,0.7706382978723403
1492.0,0.7280851063829785
1493.0,0.7706382978723403
1494.0,0.7706382978723403
1495.0,0.7706382978723403
1496.0,0.7706382978723403
1497.0,0.7706382978723403
1498.0,0.7706382978723403
1499.0,0.7706382978723403
1500.0,0.7339583333333333
1501.0,0.7706382978723403
1502.0,0.7706382978723404
1503.0,0.7706382978723403
1504.0,0.7706382978723404
1505.0,0.7339583333333332
1506.0,0.7706382978723403
1507.0,0.7706382978723403
1508.0,0.7706382978723403
1509.0,0.7706382978723403
1510.0,0.7280851063829785
1511.0,0.7706382978723404
1512.0,0.7421428571428571
1513.0,0.7543181818181818
1514.0,0.7654347826086955
1515.0,0.7706382978723403
1516.0,0.7706382978723403
1517.0,0.7280851063829787
1518.0,0.7280851063829785
1519.0,0.7706382978723403
1520.0,0.7706382978723404
1521.0,0.7280851063829785
1522.0,0.7706382978723404
1523.0,0.7654347826086957
1524.0,0.7706382978723403
1525.0,0.7706382978723403
1526.0,0.7706382978723403
1527.0,0.6922916666666666
1528.0,0.7339583333333333
1529.0,0.7654347826086957
1530.0,0.7706382978723403
1531.0,0.7280851063829787
1532.0,0.7706382978723403
1533.0,0.7706382978723403
1534.0,0.7706382978723403
1535.0,0.7706382978723404
1536.0,0.6922916666666666
1537.0,0.7706382978723403
1538.0,0.7706382978723403
1539.0,0.7706382978723403
1540.0,0.7706382978723404
1541.0,0.7706382978723403
1542.0,0.7706382978723403
1543.0,0.7280851063829787
1544.0,0.7706382978723404
1545.0,0.7706382978723403
1546.0,0.7706382978723404
1547.0,0.7706382978723403
1548.0,0.7339583333333333
1549.0,0.7706382978723403
1550.0,0.7706382978723403
1551.0,0.7706382978723403
1552.0,0.7280851063829789
1553.0,0.7706382978723403
1554.0,0.6922916666666664
1555.0,0.7706382978723404
1556.0,0.7543181818181818
1557.0,0.7543181818181818
1558.0,0.76
1559.0,0.7706382978723404
1560.0,0.7706382978723403
1561.0,0.7706382978723403
1562.0,0.7706382978723403
1563.0,0.7706382978723403
1564.0,0.7280851063829785
1565.0,0.7706382978723404
1566.0,0.7339583333333333
1567.0,0.6922916666666666
1568.0,0.7495744680851063
1569.0,0.7280851063829785
1570.0,0.7706382978723403
1571.0,0.7706382978723404
1572.0,0.7706382978723404
1573.0,0.7339583333333332
1574.0,0.7706382978723403
1575.0,0.7706382978723403
1576.0,0.7706382978723404
1577.0,0.7706382978723404
1578.0,0.7706382978723403
1579.0,0.7706382978723403
1580.0,0.7339583333333333
1581.0,0.7706382978723404
1582.0,0.7706382978723404
1583.0,0.7706382978723404
1584.0,0.7339583333333332
1585.0,0.7706382978723404
1586.0,0.7706382978723404
1587.0,0.7706382978723403
1588.0,0.7706382978723404
1589.0,0.7706382978723404
1590.0,0.7706382978723404
1591.0,0.7495744680851063
1592.0,0.7706382978723403
1593.0,0.7339583333333333
1594.0,0.7706382978723403
1595.0,0.7280851063829787
1596.0,0.7706382978723404
1597.0,0.6506249999999999
1598.0,0.7439130434782607
1599.0,0.7280851063829785
1600.0,0.6922916666666666
1601.0,0.7654347826086955
1602.0,0.7706382978723403
1603.0,0.7280851063829787
1604.0,0.7706382978723403
1605.0,0.7706382978723403
1606.0,0.7706382978723403
1607.0,0.7706382978723403
1608.0,0.7706382978723404
1609.0,0.7706382978723403
1610.0,0.7706382978723403
1611.0,0.7706382978723403
1612.0,0.7706382978723403
1613.0,0.7706382978723404
1614.0,0.7706382978723404
1615.0,0.7706382978723403
1616.0,0.7706382978723403
1617.0,0.7654347826086955
1618.0,0.7706382978723404
1619.0,0.7706382978723404
1620.0,0.7706382978723404
1621.0,0.7706382978723404
1622.0,0.7706382978723403
1623.0,0.7706382978723404
1624.0,0.7706382978723404
1625.0,0.7706382978723403
1626.0,0.7706382978723404
1627.0,0.7706382978723404
1628.0,0.7706382978723403
1629.0,0.7339583333333333
1630.0,0.7706382978723404
1631.0,0.7706382978723404
1632.0,0.7706382978723403
1633.0,0.7706382978723404
1634.0,0.7706382978723404
1635.0,0.7706382978723403
1636.0,0.7706382978723403
1637.0,0.7706382978723403
1638.0,0.7706382978723404
1639.0,0.7706382978723403
1640.0,0.7706382978723404
1641.0,0.7339583333333333
1642.0,0.7280851063829785
1643.0,0.7339583333333333
1644.0,0.7706382978723403
1645.0,0.6922916666666666
1646.0,0.7706382978723404
1647.0,0.7706382978723403
1648.0,0.7706382978723404
1649.0,0.7339583333333332
1650.0,0.7706382978723404
1651.0,0.7706382978723403
1652.0,0.617142857142857
1653.0,0.7706382978723403
1654.0,0.7219565217391305
1655.0,0.7439130434782607
1656.0,0.7706382978723403
1657.0,0.7706382978723403
1658.0,0.7706382978723403
1659.0,0.7706382978723403
1660.0,0.7706382978723404
1661.0,0.7706382978723403
1662.0,0.7706382978723403
1663.0,0.7706382978723403
1664.0,0.7706382978723403
1665.0,0.7339583333333333
1666.0,0.7706382978723403
1667.0,0.7339583333333332
1668.0,0.7706382978723403
1669.0,0.7280851063829787
1670.0,0.7280851063829787
1671.0,0.7654347826086955
1672.0,0.7219565217391303
1673.0,0.7599999999999999
1674.0,0.7654347826086957
1675.0,0.7654347826086957
1676.0,0.7706382978723403
1677.0,0.7280851063829787
1678.0,0.7706382978723404
1679.0,0.7706382978723404
1680.0,0.617142857142857
1681.0,0.7706382978723404
1682.0,0.7706382978723403
1683.0,0.7280851063829785
1684.0,0.7706382978723404
1685.0,0.6922916666666666
1686.0,0.7706382978723403
1687.0,0.6922916666666666
1688.0,0.7654347826086955
1689.0,0.30716981132075466
1690.0,0.6506249999999999
1691.0,0.6855319148936172
1692.0,0.6506249999999999
1693.0,0.7654347826086955
1694.0,0.7873913043478259
1695.0,0.7706382978723403
1696.0,0.7706382978723404
1697.0,0.7706382978723403
1698.0,0.7706382978723404
1699.0,0.7706382978723404
1700.0,0.7706382978723403
1701.0,0.7339583333333332
1702.0,0.7873913043478259
1703.0,0.7706382978723403
1704.0,0.7706382978723403
1705.0,0.7706382978723404
1706.0,0.7706382978723404
1707.0,0.7706382978723403
1708.0,0.7706382978723403
1709.0,0.7706382978723404
1710.0,0.7706382978723404
1711.0,0.7706382978723404
1712.0,0.7706382978723404
1713.0,0.7706382978723404
1714.0,0.7654347826086955
1715.0,0.7495744680851062
1716.0,0.7706382978723403
1717.0,0.7706382978723403
1718.0,0.7706382978723404
1719.0,0.7706382978723403
1720.0,0.7706382978723404
1721.0,0.7706382978723403
1722.0,0.7706382978723403
1723.0,0.7706382978723404
1724.0,0.7706382978723403
1725.0,0.7654347826086955
1726.0,0.7706382978723403
1727.0,0.7280851063829787
1728.0,0.7280851063829785
1729.0,0.7280851063829787
1730.0,0.7706382978723403
1731.0,0.7706382978723403
1732.0,0.7280851063829785
1733.0,0.7280851063829785
1734.0,0.7706382978723403
1735.0,0.7654347826086955
1736.0,0.7654347826086955
1737.0,0.7706382978723403
1738.0,0.7280851063829787
1739.0,0.7339583333333332
1740.0,0.7706382978723403
1741.0,0.7706382978723403
1742.0,0.7706382978723404
1743.0,0.7706382978723403
1744.0,0.7706382978723403
1745.0,0.7706382978723403
1746.0,0.7706382978723403
1747.0,0.7339583333333332
1748.0,0.6922916666666666
1749.0,0.7706382978723403
1750.0,0.7280851063829787
1751.0,0.7706382978723403
1752.0,0.7706382978723403
1753.0,0.7706382978723403
1754.0,0.7706382978723404
1755.0,0.4203773584905659
1756.0,0.6429787234042553
1757.0,0.7280851063829785
1758.0,0.7280851063829785
1759.0,0.7654347826086957
1760.0,0.7280851063829787
1761.0,0.7280851063829787
1762.0,0.7654347826086957
1763.0,0.7654347826086955
1764.0,0.7706382978723403
1765.0,0.7280851063829785
1766.0,0.6922916666666666
1767.0,0.7706382978723403
1768.0,0.7706382978723403
1769.0,0.7706382978723404
1770.0,0.7706382978723403
1771.0,0.7339583333333332
1772.0,0.7706382978723403
1773.0,0.701860465116279
1774.0,0.771860465116279
1775.0,0.7824444444444445
1776.0,0.7280851063829785
1777.0,0.7706382978723404
1778.0,0.7706382978723404
1779.0,0.7706382978723404
1780.0,0.7706382978723403
1781.0,0.7706382978723403
1782.0,0.7339583333333332
1783.0,0.7706382978723403
1784.0,0.7706382978723404
1785.0,0.7706382978723404
1786.0,0.7706382978723404
1787.0,0.7706382978723403
1788.0,0.7873913043478259
1789.0,0.7706382978723403
1790.0,0.7706382978723403
1791.0,0.7706382978723404
1792.0,0.7706382978723403
1793.0,0.7706382978723403
1794.0,0.7706382978723403
1795.0,0.7706382978723403
1796.0,0.7706382978723403
1797.0,0.7706382978723404
1798.0,0.7339583333333333
1799.0,0.7706382978723403
1800.0,0.7706382978723403
1801.0,0.7706382978723404
1802.0,0.7706382978723404
1803.0,0.7706382978723403
1804.0,0.7706382978723404
1805.0,0.7706382978723403
1806.0,0.7706382978723404
1807.0,0.6377551020408162
1808.0,0.7280851063829785
1809.0,0.7495744680851062
1810.0,0.7706382978723403
1811.0,0.7706382978723403
1812.0,0.7706382978723403
1813.0,0.6922916666666664
1814.0,0.7706382978723403
1815.0,0.7339583333333333
1816.0,0.7706382978723403
1817.0,0.7654347826086955
1818.0,0.7280851063829787
1819.0,0.7706382978723404
1820.0,0.7280851063829785
1821.0,0.7706382978723403
1822.0,0.7706382978723403
1823.0,0.7706382978723403
1824.0,0.7706382978723403
1825.0,0.7706382978723403
1826.0,0.7706382978723403
1827.0,0.7706382978723404
1828.0,0.7706382978723404
1829.0,0.7706382978723403
1830.0,0.7873913043478261
1831.0,0.7280851063829787
1832.0,0.7280851063829785
1833.0,0.7280851063829785
1834.0,0.7706382978723404
1835.0,0.7706382978723403
1836.0,0.6922916666666666
1837.0,0.7339583333333332
1838.0,0.7706382978723403
1839.0,0.7706382978723403
1840.0,0.7706382978723403
1841.0,0.7339583333333333
1842.0,0.7706382978723403
1843.0,0.7706382978723403
1844.0,0.7339583333333332
1845.0,0.7706382978723403
1846.0,0.7706382978723403
1847.0,0.7706382978723403
1848.0,0.7706382978723403
1849.0,0.7339583333333333
1850.0,0.7339583333333333
1851.0,0.7339583333333332
1852.0,0.7543181818181819
1853.0,0.7654347826086957
1854.0,0.7706382978723404
1855.0,0.7706382978723403
1856.0,0.7339583333333333
1857.0,0.7706382978723403
1858.0,0.7339583333333333
1859.0,0.6922916666666666
1860.0,0.7706382978723403
1861.0,0.7706382978723403
1862.0,0.7706382978723403
1863.0,0.7706382978723404
1864.0,0.7706382978723403
1865.0,0.7706382978723403
1866.0,0.7706382978723403
1867.0,0.7280851063829785
1868.0,0.7706382978723403
1869.0,0.7339583333333333
1870.0,0.7706382978723403
1871.0,0.7706382978723404
1872.0,0.7706382978723403
1873.0,0.7706382978723403
1874.0,0.7706382978723403
1875.0,0.7339583333333332
1876.0,0.7706382978723403
1877.0,0.7706382978723404
1878.0,0.26431034482758614
1879.0,0.7280851063829785
1880.0,0.7706382978723403
1881.0,0.7706382978723404
1882.0,0.7654347826086955
1883.0,0.7280851063829785
1884.0,0.7706382978723404
1885.0,0.7706382978723403
1886.0,0.7706382978723403
1887.0,0.7339583333333333
1888.0,0.7706382978723404
1889.0,0.7706382978723403
1890.0,0.7339583333333333
1891.0,0.7339583333333333
1892.0,0.7280851063829785
1893.0,0.7706382978723403
1894.0,0.7706382978723403
1895.0,0.7706382978723403
1896.0,0.7706382978723403
1897.0,0.7706382978723404
1898.0,0.7339583333333333
1899.0,0.7706382978723403
1900.0,0.7654347826086955
1901.0,0.7495744680851063
1902.0,0.7706382978723404
1903.0,0.7654347826086955
1904.0,0.7706382978723403
1905.0,0.7280851063829785
1906.0,0.7706382978723403
1907.0,0.7706382978723403
1908.0,0.7280851063829787
1909.0,0.7706382978723403
1910.0,0.7706382978723403
1911.0,0.7706382978723404
1912.0,0.7706382978723403
1913.0,0.7706382978723403
1914.0,0.7339583333333332
1915.0,0.7706382978723404
1916.0,0.6855319148936169
1917.0,0.7706382978723403
1918.0,0.7706382978723403
1919.0,0.7706382978723403
1920.0,0.7280851063829785
1921.0,0.7706382978723403
1922.0,0.7706382978723403
1923.0,0.7706382978723403
1924.0,0.7706382978723403
1925.0,0.7706382978723404
1926.0,0.7706382978723403
1927.0,0.7706382978723403
1928.0,0.7706382978723404
1929.0,0.7706382978723403
1930.0,0.7706382978723403
1931.0,0.7280851063829787
1932.0,0.7654347826086957
1933.0,0.7706382978723403
1934.0,0.7706382978723403
1935.0,0.7339583333333333
1936.0,0.7706382978723403
1937.0,0.7706382978723404
1938.0,0.7706382978723404
1939.0,0.7706382978723403
1940.0,0.7706382978723403
1941.0,0.7706382978723404
1942.0,0.7706382978723403
1943.0,0.7706382978723403
1944.0,0.7706382978723403
1945.0,0.7339583333333333
1946.0,0.6922916666666666
1947.0,0.7706382978723403
1948.0,0.7706382978723403
1949.0,0.7654347826086955
1950.0,0.7706382978723403
1951.0,0.7706382978723403
1952.0,0.7706382978723403
1953.0,0.7706382978723404
1954.0,0.7873913043478259
1955.0,0.7706382978723404
1956.0,0.7706382978723403
1957.0,0.7706382978723403
1958.0,0.7706382978723403
1959.0,0.7706382978723403
1960.0,0.7706382978723403
1961.0,0.7706382978723404
1962.0,0.7339583333333332
1963.0,0.7706382978723403
1964.0,0.7706382978723404
1965.0,0.7706382978723403
1966.0,0.7706382978723404
1967.0,0.7706382978723403
1968.0,0.7706382978723404
1969.0,0.7706382978723404
1970.0,0.7706382978723403
1971.0,0.7706382978723404
1972.0,0.7706382978723403
1973.0,0.7706382978723403
1974.0,0.7339583333333333
1975.0,0.7706382978723403
1976.0,0.7706382978723403
1977.0,0.7339583333333333
1978.0,0.7706382978723403
1979.0,0.7654347826086955
1980.0,0.7706382978723403
1981.0,0.7706382978723404
1982.0,0.7706382978723404
1983.0,0.7706382978723403
1984.0,0.7706382978723404
1985.0,0.7706382978723403
1986.0,0.7706382978723404
1987.0,0.7706382978723403
1988.0,0.7706382978723404
1989.0,0.7706382978723403
1990.0,0.7706382978723403
1991.0,0.7706382978723403
1992.0,0.7706382978723403
1993.0,0.7706382978723404
1994.0,0.7706382978723404
1995.0,0.7706382978723404
1996.0,0.7706382978723404
1997.0,0.7706382978723403
1998.0,0.7706382978723404
1999.0,0.7706382978723404
2000.0,0.7706382978723403
2001.0,0.7706382978723403
2002.0,0.7706382978723404
2003.0,0.7339583333333332
2004.0,0.7706382978723404
2005.0,0.6922916666666666
2006.0,0.7280851063829785
2007.0,0.7706382978723403
2008.0,0.7339583333333333
2009.0,0.7339583333333333
2010.0,0.7339583333333333
2011.0,0.7706382978723404
2012.0,0.7706382978723404
2013.0,0.7339583333333332
2014.0,0.7706382978723403
2015.0,0.7706382978723404
2016.0,0.7706382978723403
2017.0,0.7706382978723403
2018.0,0.7706382978723404
2019.0,0.7706382978723404
2020.0,0.7706382978723403
2021.0,0.7706382978723403
2022.0,0.7706382978723404
2023.0,0.7706382978723403
2024.0,0.7706382978723403
2025.0,0.7706382978723403
2026.0,0.7339583333333332
2027.0,0.7706382978723404
2028.0,0.7706382978723403
2029.0,0.7339583333333333
2030.0,0.6922916666666666
2031.0,-1.007857142857143
2032.0,0.7654347826086957
2033.0,0.7280851063829787
2034.0,0.5149019607843136
2035.0,0.585
2036.0,0.7339583333333333
2037.0,0.6922916666666666
2038.0,-1.026111111111111
2039.0,0.7706382978723403
2040.0,0.03777777777777773
2041.0,0.10426229508196716
2042.0,0.7654347826086955
2043.0,0.7280851063829785
2044.0,0.6922916666666664
2045.0,0.7280851063829785
2046.0,0.6579591836734694
2047.0,0.7280851063829787
2048.0,0.7706382978723404
2049.0,0.7280851063829787
2050.0,0.7706382978723403
2051.0,0.7706382978723404
2052.0,0.6579591836734693
2053.0,0.7706382978723403
2054.0,0.7706382978723404
2055.0,0.7654347826086955
2056.0,0.7706382978723403
2057.0,0.7706382978723403
2058.0,0.7873913043478259
2059.0,0.7706382978723403
2060.0,0.7706382978723403
2061.0,0.6922916666666666
2062.0,0.7706382978723404
2063.0,0.7706382978723404
2064.0,0.7706382978723403
2065.0,0.7706382978723403
2066.0,0.7706382978723403
2067.0,0.7706382978723403
2068.0,0.7706382978723403
2069.0,0.7706382978723403
2070.0,0.7706382978723403
2071.0,0.7706382978723404
2072.0,0.7339583333333332
2073.0,0.7706382978723403
2074.0,0.7706382978723404
2075.0,0.7706382978723404
2076.0,0.7706382978723403
2077.0,0.7706382978723404
2078.0,0.7706382978723403
2079.0,0.7706382978723404
2080.0,0.7339583333333332
2081.0,0.7706382978723403
2082.0,0.7706382978723403
2083.0,0.7706382978723403
2084.0,0.7706382978723404
2085.0,0.7654347826086958
2086.0,0.7706382978723404
2087.0,0.7706382978723403
2088.0,0.7706382978723403
2089.0,0.7706382978723404
2090.0,0.7706382978723404
2091.0,0.7339583333333333
2092.0,0.7706382978723403
2093.0,0.7706382978723403
2094.0,0.7706382978723404
2095.0,0.7706382978723404
2096.0,0.7706382978723403
2097.0,0.7706382978723404
2098.0,0.7706382978723404
2099.0,0.7706382978723404
2100.0,0.7706382978723404
2101.0,0.7706382978723403
2102.0,0.7706382978723404
2103.0,0.7706382978723403
2104.0,0.7706382978723403
2105.0,0.7706382978723404
2106.0,0.7706382978723404
2107.0,0.7706382978723403
2108.0,0.7706382978723404
2109.0,0.7706382978723404
2110.0,0.7706382978723403
2111.0,0.7706382978723404
2112.0,0.7706382978723403
2113.0,0.7706382978723403
2114.0,0.7706382978723404
2115.0,0.7706382978723403
2116.0,0.7706382978723403
2117.0,0.7706382978723404
2118.0,0.7706382978723404
2119.0,-1.0357920792079205
2120.0,0.7706382978723403
2121.0,0.7706382978723404
2122.0,0.7706382978723404
2123.0,0.7706382978723404
2124.0,0.7706382978723404
2125.0,-0.5113793103448276
2126.0,0.7654347826086957
2127.0,0.7824444444444445
2128.0,0.7654347826086955
2129.0,0.7219565217391305
2130.0,0.7219565217391303
2131.0,0.7543181818181818
2132.0,0.76
2133.0,0.7706382978723404
2134.0,0.7280851063829785
2135.0,0.6922916666666666
2136.0,0.6506249999999999
2137.0,0.7280851063829789
2138.0,0.7280851063829787
2139.0,0.7706382978723404
2140.0,0.7280851063829785
2141.0,0.7654347826086957
2142.0,0.7706382978723403
2143.0,0.7706382978723403
2144.0,0.7706382978723403
2145.0,0.7706382978723404
2146.0,0.7706382978723404
2147.0,0.7706382978723403
2148.0,0.7706382978723404
2149.0,0.7339583333333333
2150.0,0.7339583333333333
2151.0,0.7280851063829785
2152.0,0.7706382978723403
2153.0,0.7706382978723403
2154.0,0.7706382978723404
2155.0,0.7339583333333332
2156.0,0.7706382978723403
2157.0,0.7706382978723404
2158.0,0.7706382978723403
2159.0,0.7706382978723403
2160.0,0.7706382978723404
2161.0,0.7706382978723404
2162.0,-1.0236326530612243
2163.0,0.7706382978723403
2164.0,0.7495744680851062
2165.0,-1.041388888888889
2166.0,0.7280851063829787
2167.0,0.685531914893617
2168.0,0.6922916666666666
2169.0,0.6377551020408163
2170.0,0.6579591836734693
2171.0,0.6506249999999999
2172.0,0.6579591836734694
2173.0,0.7654347826086957
2174.0,0.650625
2175.0,-1.0664462809917354
2176.0,0.685531914893617
2177.0,0.650625
2178.0,0.4475
2179.0,0.617142857142857
2180.0,0.6922916666666666
2181.0,-1.033427230046948
2182.0,0.7706382978723403
2183.0,0.6579591836734693
2184.0,0.7706382978723403
2185.0,0.7339583333333332
2186.0,0.6506249999999999
2187.0,0.7706382978723404
2188.0,0.7706382978723403
2189.0,0.7280851063829787
2190.0,0.7654347826086955
2191.0,0.7706382978723404
2192.0,0.7706382978723403
2193.0,0.7339583333333332
2194.0,0.7706382978723403
2195.0,0.7339583333333333
2196.0,0.7339583333333333
2197.0,0.7339583333333333
2198.0,0.7339583333333332
2199.0,0.6922916666666666
2200.0,0.7706382978723404
2201.0,0.7280851063829787
2202.0,0.7706382978723403
2203.0,0.7706382978723404
2204.0,-0.912696629213483
2205.0,0.7706382978723403
2206.0,0.7339583333333332
2207.0,0.7706382978723403
2208.0,0.7339583333333333
2209.0,0.7706382978723403
2210.0,0.7280851063829787
2211.0,0.7280851063829787
2212.0,0.7280851063829789
2213.0,0.7706382978723404
2214.0,0.7706382978723403
2215.0,0.7706382978723403
2216.0,0.7706382978723403
2217.0,0.7495744680851062
2218.0,0.7339583333333333
2219.0,0.6579591836734693
2220.0,0.7339583333333332
2221.0,0.7339583333333332
2222.0,0.7706382978723403
2223.0,0.6922916666666666
2224.0,0.7706382978723403
2225.0,0.7706382978723403
2226.0,0.7706382978723403
2227.0,0.7706382978723404
2228.0,0.7706382978723403
2229.0,0.7706382978723404
2230.0,0.7339583333333332
2231.0,0.7706382978723403
2232.0,0.7706382978723403
2233.0,0.7706382978723404
2234.0,0.7706382978723404
2235.0,0.7339583333333332
2236.0,0.7706382978723403
2237.0,0.7706382978723403
2238.0,0.7706382978723403
2239.0,0.7339583333333332
2240.0,0.7706382978723403
2241.0,0.7706382978723403
2242.0,-1.0079199999999997
2243.0,0.7706382978723404
2244.0,0.7706382978723403
2245.0,0.7706382978723403
2246.0,0.7706382978723404
2247.0,0.7706382978723404
2248.0,0.7706382978723404
2249.0,0.7654347826086955
2250.0,0.7280851063829785
2251.0,0.7706382978723403
2252.0,0.7280851063829785
2253.0,0.7654347826086955
2254.0,0.7706382978723403
2255.0,0.7280851063829787
2256.0,0.7706382978723403
2257.0,0.7706382978723404
2258.0,0.7706382978723403
2259.0,0.7706382978723404
2260.0,0.7706382978723404
2261.0,0.7339583333333332
2262.0,0.7339583333333333
2263.0,0.7706382978723403
2264.0,0.7706382978723404
2265.0,0.7339583333333333
2266.0,0.7339583333333333
2267.0,0.7706382978723404
2268.0,0.7495744680851062
2269.0,0.7706382978723403
2270.0,0.7280851063829787
2271.0,0.7706382978723403
2272.0,0.7706382978723403
2273.0,0.7706382978723404
2274.0,0.7706382978723403
2275.0,0.7706382978723404
2276.0,0.7280851063829787
2277.0,0.7339583333333333
2278.0,0.7706382978723403
2279.0,0.7706382978723404
2280.0,0.7706382978723403
2281.0,-1.0173109243697478
2282.0,0.7706382978723404
2283.0,0.7706382978723404
2284.0,0.7706382978723404
2285.0,0.7706382978723404
2286.0,0.7706382978723403
2287.0,0.7706382978723404
2288.0,-1.0780952380952378
2289.0,0.7706382978723403
2290.0,0.6922916666666666
2291.0,0.6922916666666666
2292.0,0.5763265306122448
2293.0,-0.1294230769230769
2294.0,0.7280851063829785
2295.0,0.7706382978723403
2296.0,0.7339583333333333
2297.0,0.7706382978723404
2298.0,0.585
2299.0,0.7706382978723403
2300.0,0.7654347826086955
2301.0,0.6219148936170211
2302.0,0.6855319148936169
2303.0,0.7654347826086955
2304.0,0.6922916666666666
2305.0,0.7280851063829785
2306.0,0.7706382978723403
2307.0,0.7339583333333333
2308.0,0.7706382978723403
2309.0,0.7706382978723403
2310.0,0.7706382978723403
2311.0,0.6922916666666666
2312.0,0.7706382978723403
2313.0,0.7280851063829787
2314.0,0.7706382978723403
2315.0,0.7280851063829785
2316.0,0.7706382978723403
2317.0,0.7706382978723403
2318.0,-0.9935511363636365
2319.0,0.7706382978723403
2320.0,0.7280851063829785
2321.0,0.7280851063829785
2322.0,0.7706382978723403
2323.0,0.6506249999999999
2324.0,0.7706382978723404
2325.0,0.7706382978723404
2326.0,0.7339583333333333
2327.0,0.7706382978723404
2328.0,0.7706382978723403
2329.0,-0.42032786885245904
2330.0,0.6922916666666666
2331.0,0.7706382978723404
2332.0,0.6579591836734693
2333.0,-1.025326086956522
2334.0,0.6171428571428572
2335.0,0.6922916666666664
2336.0,0.7280851063829787
2337.0,0.7706382978723403
2338.0,0.7706382978723404
2339.0,0.7339583333333333
2340.0,-1.0155102040816326
2341.0,0.585
2342.0,0.5149019607843136
2343.0,0.22982758620689653
2344.0,0.5763265306122448
2345.0,0.7280851063829785
2346.0,0.7706382978723403
2347.0,0.7280851063829785
2348.0,0.7280851063829785
2349.0,0.7706382978723403
2350.0,0.7706382978723404
2351.0,0.7339583333333332
2352.0,0.7706382978723403
2353.0,0.7706382978723403
2354.0,-0.8978947368421053
2355.0,0.617142857142857
2356.0,0.685531914893617
2357.0,0.7706382978723403
2358.0,0.7706382978723403
2359.0,0.7706382978723403
2360.0,0.7339583333333332
2361.0,0.7339583333333332
2362.0,0.7706382978723404
2363.0,0.7706382978723403
2364.0,0.7280851063829785
2365.0,0.7599999999999999
2366.0,-1.0467484662576692
2367.0,0.7219565217391303
2368.0,0.6922916666666666
2369.0,0.585
2370.0,0.7706382978723404
2371.0,0.6171428571428571
2372.0,0.2551923076923076
2373.0,0.7706382978723403
2374.0,0.7706382978723404
2375.0,0.7706382978723404
2376.0,-0.5974561403508772
2377.0,0.6922916666666664
2378.0,0.6579591836734694
2379.0,0.7706382978723403
2380.0,0.7706382978723403
2381.0,0.6922916666666666
2382.0,-1.0101612903225807
2383.0,0.7706382978723403
2384.0,0.7706382978723403
2385.0,0.5244230769230768
2386.0,-0.8800862068965519
2387.0,0.7339583333333333
2388.0,0.7706382978723403
2389.0,0.7280851063829785
2390.0,0.7339583333333332
2391.0,0.6922916666666666
2392.0,0.7706382978723404
2393.0,-1.0671276595744679
2394.0,-0.9674850299401198
2395.0,0.7706382978723404
2396.0,0.7280851063829785
2397.0,0.4090384615384615
2398.0,0.6922916666666666
2399.0,0.617142857142857
2400.0,0.5763265306122448
2401.0,0.7873913043478259
2402.0,0.7280851063829785
2403.0,-1.049659090909091
2404.0,0.7280851063829787
2405.0,0.7280851063829785
2406.0,0.7495744680851062
2407.0,-1.0166544117647058
2408.0,0.7280851063829785
2409.0,0.5763265306122448
2410.0,0.6922916666666664
2411.0,0.585
2412.0,0.7339583333333333
2413.0,0.7280851063829787
2414.0,-1.0457228915662653
2415.0,0.30716981132075466
2416.0,0.617142857142857
2417.0,-1.1221428571428569
2418.0,0.44749999999999984
2419.0,0.7280851063829787
2420.0,0.585
2421.0,-0.7202631578947368
2422.0,0.6171428571428571
2423.0,0.7280851063829785
2424.0,0.7280851063829787
2425.0,-0.9740116279069766
2426.0,0.685531914893617
2427.0,0.685531914893617
2428.0,-0.9740116279069766
2429.0,0.504047619047619
2430.0,0.6506249999999999
2431.0,0.6922916666666666
2432.0,0.617142857142857
2433.0,0.7654347826086957
2434.0,0.7280851063829785
2435.0,0.6922916666666666
2436.0,0.7654347826086955
2437.0,0.6506249999999999
2438.0,0.7280851063829785
2439.0,0.6922916666666664
2440.0,0.6922916666666666
2441.0,-0.5514754098360655
2442.0,-1.0496774193548386
2443.0,0.7654347826086957
2444.0,0.650625
2445.0,0.7219565217391303
2446.0,0.7280851063829787
2447.0,0.7280851063829787
2448.0,0.7706382978723404
2449.0,0.5822222222222222
2450.0,0.7599999999999999
2451.0,0.6429787234042552
2452.0,0.7654347826086955
2453.0,0.6922916666666666
2454.0,0.7706382978723403
2455.0,0.7280851063829785
2456.0,-1.0394652406417113
2457.0,0.6922916666666666
2458.0,0.6579591836734693
2459.0,0.685531914893617
2460.0,-0.9086746987951807
2461.0,0.7495744680851063
2462.0,-0.9790000000000001
2463.0,0.6506249999999999
2464.0,-1.005243902439024
2465.0,-1.0277697841726618
2466.0,0.7280851063829787
2467.0,0.6171428571428572
2468.0,0.7280851063829785
2469.0,0.6922916666666666
2470.0,0.7280851063829787
2471.0,0.7873913043478259
2472.0,0.6266666666666665
2473.0,0.7654347826086957
2474.0,0.7654347826086957
2475.0,0.7280851063829787
2476.0,0.6922916666666666
2477.0,-1.069059829059829
2478.0,0.7280851063829785
2479.0,0.6922916666666666
2480.0,0.7706382978723404
2481.0,0.7280851063829785
2482.0,0.7280851063829787
2483.0,0.7280851063829787
2484.0,0.7280851063829785
2485.0,0.7280851063829785
2486.0,0.7280851063829785
2487.0,-1.0417857142857145
2488.0,0.6922916666666666
2489.0,-1.00775956284153
2490.0,-0.8919230769230768
2491.0,0.6784782608695652
2492.0,-0.8038888888888889
2493.0,-0.9572413793103449
2494.0,0.7280851063829787
2495.0,0.6506249999999999
2496.0,-0.6425
2497.0,0.6089583333333333
2498.0,0.7654347826086955
2499.0,0.6784782608695652
2500.0,0.7543181818181818
2501.0,-1.0431609195402298
2502.0,0.7654347826086957
2503.0,0.6579591836734693
2504.0,0.7280851063829785
2505.0,0.7280851063829785
2506.0,0.7280851063829787
2507.0,0.7339583333333332
2508.0,0.7280851063829785
2509.0,0.7706382978723403
2510.0,0.7280851063829787
2511.0,0.7280851063829785
2512.0,0.7706382978723403
2513.0,0.7654347826086955
2514.0,0.7280851063829787
2515.0,0.6922916666666666
2516.0,-0.9580232558139532
2517.0,0.7706382978723403
2518.0,-1.0369724770642201
2519.0,0.4474999999999999
2520.0,0.6249999999999999
2521.0,0.6716666666666665
2522.0,0.7280851063829785
2523.0,-1.0571296296296298
2524.0,0.7654347826086957
2525.0,0.617142857142857
2526.0,0.7706382978723403
2527.0,-1.0093333333333334
2528.0,0.7706382978723404
2529.0,0.7706382978723404
2530.0,0.7280851063829787
2531.0,0.7280851063829785
2532.0,-0.9977160493827161
2533.0,0.4581132075471698
2534.0,0.6249999999999999
2535.0,0.7495744680851062
2536.0,-0.9670833333333334
2537.0,0.7280851063829785
2538.0,0.7706382978723403
2539.0,-0.9843225806451612
2540.0,0.685531914893617
2541.0,0.7219565217391305
2542.0,-0.9394680851063828
2543.0,0.7280851063829785
2544.0,0.7339583333333333
2545.0,-1.019433962264151
2546.0,-0.5047058823529411
2547.0,0.6922916666666666
2548.0,0.7280851063829785
2549.0,0.7280851063829785
2550.0,0.6922916666666666
2551.0,0.7280851063829785
2552.0,0.7280851063829787
2553.0,0.7219565217391305
2554.0,0.7706382978723403
2555.0,0.7706382978723403
2556.0,0.7706382978723403
2557.0,0.7706382978723404
2558.0,0.7706382978723404
2559.0,0.7706382978723403
2560.0,0.7706382978723403
2561.0,0.7706382978723403
2562.0,0.7706382978723403
2563.0,-1.0395283018867925
2564.0,0.7706382978723404
2565.0,0.7706382978723403
2566.0,0.7339583333333332
2567.0,0.6579591836734693
2568.0,0.7339583333333332
2569.0,-0.9055555555555554
2570.0,0.30910714285714275
2571.0,0.7339583333333332
2572.0,0.7706382978723404
2573.0,0.7706382978723403
2574.0,-1.0496774193548388
2575.0,-0.8534259259259259
2576.0,0.7280851063829787
2577.0,-0.7904807692307693
2578.0,0.7280851063829785
2579.0,0.6579591836734693
2580.0,0.5672916666666666
2581.0,0.6922916666666664
2582.0,0.7706382978723403
2583.0,0.7706382978723403
2584.0,0.7339583333333333
2585.0,0.7706382978723403
2586.0,0.7339583333333333
2587.0,0.7706382978723403
2588.0,0.7706382978723404
2589.0,0.7706382978723404
2590.0,0.7706382978723403
2591.0,0.7706382978723403
2592.0,0.7706382978723403
2593.0,0.7280851063829785
2594.0,0.7706382978723404
2595.0,0.7706382978723404
2596.0,-0.17636363636363642
2597.0,-1.0288655462184872
2598.0,0.6711111111111111
2599.0,0.685531914893617
2600.0,-1.0725892857142856
2601.0,-0.9927586206896553
2602.0,0.6506249999999999
2603.0,0.7706382978723404
2604.0,0.7706382978723403
2605.0,-1.0276016260162602
2606.0,0.7706382978723404
2607.0,0.7339583333333333
2608.0,-0.8112987012987013
2609.0,0.6922916666666666
2610.0,0.7706382978723403
2611.0,0.7706382978723403
2612.0,0.7339583333333332
2613.0,-1.0269318181818181
2614.0,0.7706382978723404
2615.0,-0.6752941176470588
2616.0,0.7706382978723403
2617.0,0.7070212765957447
2618.0,0.6579591836734692
2619.0,0.7706382978723403
2620.0,0.7339583333333333
2621.0,0.7706382978723403
2622.0,0.7280851063829785
2623.0,0.6922916666666666
2624.0,0.7280851063829785
2625.0,0.7280851063829785
2626.0,-1.0076271186440677
2627.0,0.7706382978723403
2628.0,0.7280851063829785
2629.0,0.7339583333333332
2630.0,-0.33191176470588235
2631.0,-0.9588940092165897
2632.0,0.7280851063829785
2633.0,0.7339583333333333
2634.0,0.6922916666666664
2635.0,-1.0247682119205295
2636.0,0.10426229508196716
2637.0,0.545
2638.0,0.5541176470588234
2639.0,0.5449999999999999
2640.0,0.7654347826086955
2641.0,0.6506249999999999
2642.0,0.7280851063829787
2643.0,0.7706382978723404
2644.0,-0.4197752808988765
2645.0,0.7654347826086955
2646.0,0.617142857142857
2647.0,0.7706382978723405
2648.0,0.585
2649.0,0.7706382978723403
2650.0,0.6506249999999999
2651.0,0.7280851063829787
2652.0,-0.9857865168539324
2653.0,0.7706382978723403
2654.0,0.7706382978723403
2655.0,0.7654347826086955
2656.0,0.7219565217391305
2657.0,0.7706382978723403
2658.0,0.7280851063829787
2659.0,-0.9855621301775148
2660.0,-1.0516666666666667
2661.0,-0.9983892617449668
2662.0,-0.6195180722891565
2663.0,0.3327272727272726
2664.0,0.48596153846153833
2665.0,0.5541176470588235
2666.0,0.7706382978723403
2667.0,0.6429787234042552
2668.0,0.617142857142857
2669.0,-0.7168518518518517
2670.0,-0.7558730158730157
2671.0,-0.8129166666666667
2672.0,0.6506249999999999
2673.0,0.6922916666666666
2674.0,0.7280851063829785
2675.0,0.7280851063829785
2676.0,0.7654347826086955
2677.0,0.7280851063829787
2678.0,-0.518846153846154
2679.0,0.6922916666666666
2680.0,0.7339583333333333
2681.0,0.6922916666666667
2682.0,-0.953903743315508
2683.0,0.5541176470588235
2684.0,0.7219565217391303
2685.0,0.7280851063829785
2686.0,0.7706382978723403
2687.0,-0.8313978494623655
2688.0,0.7706382978723404
2689.0,-1.026239316239316
2690.0,0.7706382978723403
2691.0,-0.9710344827586208
2692.0,0.7706382978723404
2693.0,0.7495744680851063
2694.0,0.7495744680851063
2695.0,0.6922916666666666
2696.0,0.7654347826086958
2697.0,0.7706382978723403
2698.0,0.6579591836734693
2699.0,0.7706382978723403
2700.0,0.7706382978723403
2701.0,0.7706382978723403
2702.0,0.7280851063829785
2703.0,-0.9597452229299364
2704.0,0.7706382978723404
2705.0,-0.9740116279069769
2706.0,0.7339583333333332
2707.0,0.7706382978723403
2708.0,0.7706382978723403
2709.0,0.7706382978723403
2710.0,0.7339583333333333
2711.0,0.7706382978723403
2712.0,0.6922916666666666
2713.0,0.7706382978723403
2714.0,0.7706382978723404
2715.0,0.7706382978723403
2716.0,0.7706382978723403
2717.0,0.7706382978723404
2718.0,0.7339583333333332
2719.0,0.7706382978723404
2720.0,0.7706382978723404
2721.0,0.7706382978723403
2722.0,0.7339583333333333
2723.0,0.7339583333333332
2724.0,0.7706382978723403
2725.0,0.7706382978723404
2726.0,0.7339583333333332
2727.0,-1.0400000000000003
2728.0,0.7339583333333332
2729.0,-0.9999693251533742
2730.0,0.7706382978723403
2731.0,-1.0626241134751775
2732.0,0.7706382978723403
2733.0,0.7706382978723403
2734.0,0.7706382978723404
2735.0,0.7706382978723404
2736.0,-0.5083823529411765
2737.0,0.7706382978723403
2738.0,0.7706382978723404
2739.0,0.7280851063829787
2740.0,-0.9824242424242423
2741.0,0.7280851063829785
2742.0,0.6922916666666666
2743.0,0.7495744680851063
2744.0,0.7706382978723403
2745.0,0.7280851063829785
2746.0,-0.7359199999999998
2747.0,-1.0873684210526315
2748.0,0.7706382978723403
2749.0,0.7706382978723404
2750.0,0.7706382978723403
2751.0,0.7706382978723404
2752.0,0.7706382978723404
2753.0,-1.0402717391304346
2754.0,0.5049999999999999
2755.0,0.6506249999999999
2756.0,0.7706382978723403
2757.0,0.7280851063829787
2758.0,0.7706382978723403
2759.0,-1.0119594594594594
2760.0,0.7706382978723404
2761.0,0.051666666666666666
2762.0,0.7339583333333333
2763.0,-1.0157286432160804
2764.0,-0.9741040462427748
2765.0,0.7339583333333332
2766.0,-0.4364285714285714
2767.0,0.7706382978723405
2768.0,0.7706382978723403
2769.0,-0.26333333333333336
2770.0,-0.28095890410958907
2771.0,0.7280851063829787
2772.0,0.7339583333333333
2773.0,0.7339583333333333
2774.0,0.6922916666666666
2775.0,0.5541176470588235
2776.0,-1.0520805369127517
2777.0,-0.9648134328358211
2778.0,-0.9097247706422016
2779.0,0.13704918032786878
2780.0,-1.0595488721804514
2781.0,0.11887096774193544
2782.0,-0.9920168067226889
2783.0,-1.024198113207547
2784.0,0.44749999999999984
2785.0,0.7706382978723403
2786.0,0.7706382978723403
2787.0,0.7706382978723403
2788.0,0.7706382978723404
2789.0,-0.8147663551401868
2790.0,-0.8304761904761905
2791.0,0.7706382978723404
2792.0,-0.9910300429184548
2793.0,0.7339583333333332
2794.0,-0.0959322033898305
2795.0,0.7280851063829787
2796.0,0.685531914893617
2797.0,0.7070212765957444
2798.0,0.7706382978723403
2799.0,-1.0172489082969434
2800.0,0.7706382978723403
2801.0,-1.025024154589372
2802.0,0.7280851063829787
2803.0,-0.581726618705036
2804.0,0.6922916666666666
2805.0,0.7654347826086957
2806.0,0.7706382978723403
2807.0,0.5049999999999999
2808.0,0.23767857142857138
2809.0,-1.0409708737864076
2810.0,0.5763265306122448
2811.0,0.6922916666666666
2812.0,0.7339583333333333
2813.0,0.6922916666666666
2814.0,0.7280851063829787
2815.0,0.7339583333333332
2816.0,0.7706382978723404
2817.0,0.7280851063829787
2818.0,0.7280851063829785
2819.0,-0.8926717557251909
2820.0,0.7654347826086955
2821.0,-0.7968181818181819
2822.0,0.7280851063829787
2823.0,0.7706382978723403
2824.0,0.7706382978723403
2825.0,0.7706382978723404
2826.0,0.7706382978723403
2827.0,0.7706382978723403
2828.0,0.7654347826086955
2829.0,0.7706382978723403
2830.0,0.7706382978723404
2831.0,0.7280851063829787
2832.0,0.7706382978723403
2833.0,0.7280851063829785
2834.0,-0.8694642857142857
2835.0,0.6922916666666666
2836.0,-0.8447297297297295
2837.0,0.585
2838.0,0.7339583333333332
2839.0,0.7706382978723403
2840.0,-1.0829487179487178
2841.0,-1.006233766233766
2842.0,0.7706382978723404
2843.0,-0.35328125
2844.0,0.7706382978723403
2845.0,-0.9720261437908495
2846.0,0.5449999999999999
2847.0,-1.0256302521008402
2848.0,0.7654347826086955
2849.0,-0.6722033898305084
2850.0,0.7706382978723403
2851.0,0.38499999999999995
2852.0,0.6171428571428571
2853.0,0.7706382978723403
2854.0,0.7706382978723404
2855.0,0.7339583333333333
2856.0,0.6579591836734693
2857.0,-1.0590298507462683
2858.0,0.5149019607843136
2859.0,0.6249999999999999
2860.0,0.6922916666666666
2861.0,0.6922916666666666
2862.0,0.7495744680851062
2863.0,0.4474999999999999
2864.0,0.7280851063829785
2865.0,-1.0257142857142854
2866.0,-1.0326829268292683
2867.0,0.6855319148936169
2868.0,-0.39801886792452834
2869.0,0.7280851063829785
2870.0,0.7280851063829787
2871.0,0.7654347826086957
2872.0,0.7654347826086957
2873.0,0.7654347826086957
2874.0,0.7280851063829787
2875.0,0.7280851063829787
2876.0,0.7706382978723403
2877.0,0.7706382978723404
2878.0,0.7280851063829785
2879.0,-1.0248557692307692
2880.0,-1.0658196721311475
2881.0,-0.26243589743589757
2882.0,0.7280851063829787
2883.0,0.6922916666666666
2884.0,-1.0492948717948718
2885.0,0.7654347826086955
2886.0,-0.9240277777777778
2887.0,0.7706382978723404
2888.0,0.07597222222222219
2889.0,0.7339583333333332
2890.0,0.7706382978723403
2891.0,0.7339583333333333
2892.0,0.7339583333333333
2893.0,0.7706382978723403
2894.0,0.7280851063829785
2895.0,-0.9461688311688312
2896.0,0.369090909090909
2897.0,0.7280851063829785
2898.0,0.7654347826086958
2899.0,0.7706382978723403
2900.0,-0.9545522388059702
2901.0,0.7706382978723404
2902.0,0.7706382978723403
2903.0,0.7654347826086955
2904.0,0.7706382978723403
2905.0,0.7706382978723404
2906.0,-1.0256302521008405
2907.0,-0.8684722222222221
2908.0,0.6249999999999999
2909.0,0.6922916666666666
2910.0,0.7706382978723404
2911.0,0.7706382978723403
2912.0,0.6922916666666666
2913.0,0.7339583333333333
2914.0,0.7339583333333333
2915.0,0.7706382978723403
2916.0,-1.0652032520325205
2917.0,0.7706382978723403
2918.0,0.7706382978723404
2919.0,0.7654347826086957
2920.0,0.7654347826086958
2921.0,0.7706382978723404
2922.0,0.7706382978723403
2923.0,0.7706382978723403
2924.0,0.7706382978723403
2925.0,0.7339583333333332
2926.0,0.6922916666666666
2927.0,0.7339583333333333
2928.0,0.7706382978723403
2929.0,0.7706382978723404
2930.0,0.7706382978723403
2931.0,0.7706382978723403
2932.0,0.7339583333333333
2933.0,0.7706382978723404
2934.0,0.7706382978723404
2935.0,0.7706382978723404
2936.0,0.7706382978723404
2937.0,0.7706382978723404
2938.0,-0.8129166666666667
2939.0,-1.0478125000000003
2940.0,-0.5783838383838383
2941.0,-0.6498360655737704
2942.0,0.7706382978723404
2943.0,0.7706382978723404
2944.0,-0.8543617021276597
2945.0,0.7706382978723404
2946.0,-0.9181914893617021
2947.0,-1.0525000000000002
2948.0,-1.044733727810651
2949.0,0.7706382978723403
2950.0,-0.8987837837837837
2951.0,0.7706382978723404
2952.0,-0.9121311475409833
2953.0,0.7280851063829785
2954.0,0.7706382978723403
2955.0,0.7339583333333332
2956.0,0.7706382978723403
2957.0,-1.0919753086419755
2958.0,-1.0336320754716983
2959.0,-0.924931506849315
2960.0,0.7706382978723403
2961.0,-1.0551408450704227
2962.0,0.5449999999999998
2963.0,0.6922916666666664
2964.0,0.6922916666666666
2965.0,0.7280851063829785
2966.0,0.7654347826086957
2967.0,-1.0259922178988328
2968.0,0.5045652173913043
2969.0,-0.07467741935483874
2970.0,0.7280851063829787
2971.0,0.7706382978723404
2972.0,0.7706382978723403
2973.0,0.7706382978723403
2974.0,0.7706382978723404
2975.0,0.7706382978723403
2976.0,-1.0444117647058824
2977.0,0.7706382978723404
2978.0,0.7495744680851063
2979.0,0.7280851063829785
2980.0,-0.5472289156626506
2981.0,0.6922916666666666
2982.0,0.7706382978723403
2983.0,0.6922916666666667
2984.0,0.7706382978723403
2985.0,0.7706382978723403
2986.0,0.7706382978723403
2987.0,-0.8453921568627452
2988.0,-0.5749514563106798
2989.0,0.7706382978723404
2990.0,0.7339583333333333
2991.0,0.7280851063829787
2992.0,0.7599999999999999
2993.0,-0.9692941176470586
2994.0,0.7654347826086955
2995.0,0.7706382978723403
2996.0,0.7706382978723404
2997.0,0.7706382978723404
2998.0,0.7706382978723404
2999.0,0.7706382978723403
3000.0,0.7706382978723403
3001.0,0.7706382978723404
3002.0,0.7706382978723403
3003.0,0.6922916666666664
3004.0,-1.1070886075949364
3005.0,0.7706382978723404
3006.0,0.7706382978723403
3007.0,-1.0180547945205478
3008.0,0.7706382978723403
3009.0,0.7280851063829787
3010.0,0.6922916666666666
3011.0,-1.115
3012.0,-1.0251941747572815
3013.0,-0.8717567567567568
3014.0,0.30716981132075466
3015.0,0.617142857142857
3016.0,0.6922916666666664
3017.0,0.7706382978723403
3018.0,0.7706382978723404
3019.0,0.7706382978723403
3020.0,-0.8035245901639344
3021.0,0.7706382978723404
3022.0,0.7706382978723403
3023.0,0.7654347826086955
3024.0,0.7654347826086957
3025.0,0.7706382978723403
3026.0,0.6922916666666666
3027.0,-1.011551724137931
3028.0,0.7706382978723404
3029.0,0.7280851063829785
3030.0,0.7495744680851063
3031.0,0.7706382978723403
3032.0,0.7706382978723404
3033.0,0.7339583333333333
3034.0,-1.0257142857142858
3035.0,0.7280851063829787
3036.0,0.6716666666666665
3037.0,0.7654347826086955
3038.0,0.7280851063829787
3039.0,0.7339583333333333
3040.0,0.6922916666666666
3041.0,0.7706382978723403
3042.0,0.7706382978723404
3043.0,0.6922916666666666
3044.0,-0.17749999999999996
3045.0,-0.961938775510204
3046.0,0.7706382978723403
3047.0,-0.8751351351351352
3048.0,0.6922916666666666
3049.0,0.7706382978723404
3050.0,-0.14416666666666664
3051.0,0.6089583333333333
3052.0,-1.0150677506775065
3053.0,0.0613698630136986
3054.0,-1.0433088235294117
3055.0,0.7339583333333332
3056.0,0.7280851063829785
3057.0,-0.7904807692307693
3058.0,0.7706382978723403
3059.0,0.7706382978723403
3060.0,0.7280851063829785
3061.0,-0.9438834951456311
3062.0,0.7706382978723403
3063.0,0.7706382978723403
3064.0,-0.5653968253968256
3065.0,-1.004442231075697
3066.0,0.7339583333333332
3067.0,-0.9864454976303317
3068.0,0.7339583333333332
3069.0,0.7339583333333333
3070.0,0.7706382978723403
3071.0,-0.6726923076923076
3072.0,-0.7314772727272728
3073.0,0.6922916666666666
3074.0,0.7280851063829785
3075.0,-0.8136842105263156
3076.0,-1.062834645669291
3077.0,-0.7792857142857142
3078.0,-1.020373831775701
3079.0,0.7706382978723403
3080.0,0.46499999999999986
3081.0,-1.0285638297872342
3082.0,-1.0158379888268154
3083.0,0.5149019607843136
3084.0,0.6171428571428571
3085.0,-0.9736309523809523
3086.0,0.585
3087.0,0.6249999999999999
3088.0,0.7706382978723404
3089.0,0.7339583333333333
3090.0,0.7280851063829787
3091.0,0.6922916666666666
3092.0,0.7280851063829785
3093.0,0.7706382978723403
3094.0,-0.9597452229299361
3095.0,-1.0012
3096.0,0.7439130434782608
3097.0,0.7219565217391303
3098.0,-1.045263157894737
3099.0,0.7654347826086955
3100.0,0.7280851063829785
3101.0,0.6922916666666666
3102.0,0.6922916666666666
3103.0,0.7280851063829787
3104.0,-0.5108333333333334
3105.0,0.7706382978723403
3106.0,0.7280851063829787
3107.0,-0.7996590909090909
3108.0,0.7654347826086957
3109.0,0.3705769230769229
3110.0,0.7654347826086955
3111.0,-0.9306249999999998
3112.0,-1.0154854368932038
3113.0,0.7280851063829785
3114.0,-0.3129166666666667
3115.0,0.617142857142857
3116.0,-1.0309292035398228
3117.0,0.6299999999999999
3118.0,0.7280851063829787
3119.0,-0.788951048951049
3120.0,-1.0404807692307694
3121.0,-1.0395283018867925
3122.0,0.7280851063829787
3123.0,0.7706382978723403
3124.0,0.6579591836734694
3125.0,0.7706382978723403
3126.0,0.7706382978723405
3127.0,0.7706382978723403
3128.0,0.7706382978723404
3129.0,0.7280851063829787
3130.0,0.7706382978723403
3131.0,0.7706382978723404
3132.0,-0.02947368421052631
3133.0,-1.0300763358778626
3134.0,-1.0
3135.0,0.6922916666666666
3136.0,-1.014418604651163
3137.0,-0.8441666666666666
3138.0,0.6922916666666664
3139.0,-0.7487209302325583
3140.0,0.7280851063829785
3141.0,-1.0475280898876407
3142.0,0.35895833333333327
3143.0,0.7706382978723404
3144.0,0.7706382978723403
3145.0,0.7706382978723404
3146.0,-0.8417441860465119
3147.0,-1.0670833333333334
3148.0,0.7873913043478261
3149.0,0.7706382978723403
3150.0,0.7339583333333332
3151.0,-1.0500649350649351
3152.0,0.7706382978723403
3153.0,0.7706382978723404
3154.0,-1.027769784172662
3155.0,-1.073934426229508
3156.0,0.6922916666666667
3157.0,0.6922916666666666
3158.0,0.7280851063829785
3159.0,0.7706382978723404
3160.0,-0.8225892857142859
3161.0,-1.008166089965398
3162.0,0.3805357142857142
3163.0,0.7706382978723404
3164.0,0.7280851063829787
3165.0,0.7495744680851062
3166.0,-1.0529251700680273
3167.0,0.7706382978723403
3168.0,-1.05359649122807
3169.0,-1.0963218390804597
3170.0,0.7706382978723404
3171.0,-0.9196875000000001
3172.0,-0.5413698630136987
3173.0,0.7339583333333332
3174.0,0.7706382978723403
3175.0,0.7706382978723403
3176.0,-1.0062539682539682
3177.0,-0.755625
3178.0,0.7059459459459458
3179.0,0.6784782608695652
3180.0,0.6429787234042553
3181.0,0.7280851063829787
3182.0,0.6506249999999999
3183.0,0.7339583333333333
3184.0,0.7706382978723403
3185.0,-1.021896551724138
3186.0,-0.8617391304347827
3187.0,-1.04225988700565
3188.0,-0.8678409090909092
3189.0,0.35722222222222216
3190.0,0.6922916666666666
3191.0,0.7706382978723403
3192.0,-0.934767441860465
3193.0,0.6922916666666666
3194.0,0.7706382978723404
3195.0,-0.985398773006135
3196.0,0.7706382978723403
3197.0,-0.9981454545454546
3198.0,0.7706382978723404
3199.0,0.7706382978723404
3200.0,0.72875
3201.0,0.7543181818181818
3202.0,-1.056326530612245
3203.0,0.7599999999999999
3204.0,0.7599999999999999
3205.0,0.76
3206.0,0.7654347826086957
3207.0,-0.6882758620689656
3208.0,0.7654347826086955
3209.0,0.05910714285714285
3210.0,-0.6149999999999999
3211.0,0.7706382978723403
3212.0,0.7706382978723403
3213.0,-1.013963730569948
3214.0,0.6922916666666664
3215.0,0.7706382978723403
3216.0,-0.48615384615384616
3217.0,0.7706382978723404
3218.0,-0.8195454545454544
3219.0,0.7706382978723403
3220.0,0.7339583333333332
3221.0,0.7280851063829785
3222.0,0.7706382978723404
3223.0,0.76
3224.0,0.7654347826086955
3225.0,-1.0049082568807337
3226.0,0.6089583333333333
3227.0,-1.0124137931034483
3228.0,-1.0331547619047619
3229.0,0.7654347826086957
3230.0,0.7654347826086957
3231.0,-1.0334131736526946
3232.0,0.7654347826086957
3233.0,-0.88453125
3234.0,0.7599999999999999
3235.0,0.7543181818181818
3236.0,-0.6595402298850576
3237.0,-1.034471153846154
3238.0,0.7280851063829787
3239.0,0.7339583333333332
3240.0,0.7706382978723404
3241.0,-0.9997014925373133
3242.0,0.7706382978723404
3243.0,-0.9846808510638296
3244.0,0.7706382978723404
3245.0,0.7706382978723403
3246.0,-1.0321511627906979
3247.0,0.7339583333333332
3248.0,0.7706382978723403
3249.0,-1.007605633802817
3250.0,0.7706382978723404
3251.0,0.7706382978723404
3252.0,-0.8886742424242424
3253.0,0.7339583333333332
3254.0,0.7706382978723404
3255.0,-0.9656637168141594
3256.0,0.7654347826086955
3257.0,-0.4066666666666667
3258.0,0.7654347826086957
3259.0,-1.146779661016949
3260.0,0.6974999999999999
3261.0,-0.9256060606060602
3262.0,0.6470967741935484
3263.0,-1.0795652173913044
3264.0,0.4149999999999998
3265.0,-1.0160000000000002
3266.0,-0.6988235294117647
3267.0,-1.1426829268292684
3268.0,0.7139473684210527
3269.0,0.7155555555555555
3270.0,-1.0084659090909092
3271.0,-1.175897435897436
3272.0,-0.46499999999999997
3273.0,-1.0187610619469025
3274.0,0.5049999999999999
3275.0,-1.0165000000000002
3276.0,-0.8279629629629629
3277.0,0.7280851063829787
3278.0,0.7654347826086957
3279.0,-0.4972815533980582
3280.0,0.6922916666666664
3281.0,-1.0330344827586206
3282.0,0.7706382978723403
3283.0,0.7339583333333333
3284.0,-0.7218181818181817
3285.0,0.7706382978723404
3286.0,0.6922916666666664
3287.0,-1.0052439024390243
3288.0,0.5541176470588235
3289.0,-1.0748623853211008
3290.0,0.585
3291.0,0.6922916666666666
3292.0,0.7706382978723403
3293.0,0.7495744680851063
3294.0,0.7706382978723403
3295.0,-0.9920168067226891
3296.0,0.6922916666666666
3297.0,-0.14259259259259258
3298.0,-0.9998784194528875
3299.0,0.7339583333333332
3300.0,0.7706382978723404
3301.0,-0.48637681159420293
3302.0,0.7706382978723403
3303.0,0.7706382978723404
3304.0,0.7219565217391303
3305.0,0.7219565217391303
3306.0,-1.051965811965812
3307.0,-0.9095321637426901
3308.0,0.5149019607843137
3309.0,-0.9699270072992701
3310.0,0.6922916666666664
3311.0,-1.0069354838709674
3312.0,0.7706382978723403
3313.0,0.5763265306122448
3314.0,0.6922916666666666
3315.0,0.6579591836734693
3316.0,-1.1301515151515151
3317.0,-0.9523287671232874
3318.0,-1.0034408602150537
3319.0,0.6922916666666664
3320.0,0.7706382978723403
3321.0,0.7339583333333332
3322.0,-1.04078125
3323.0,0.7706382978723403
3324.0,0.7706382978723403
3325.0,0.7339583333333333
3326.0,0.7706382978723403
3327.0,0.7706382978723403
3328.0,0.7339583333333332
3329.0,-0.7920000000000001
3330.0,-1.0133257403189064
3331.0,-0.24416666666666664
3332.0,0.7706382978723403
3333.0,0.7706382978723404
3334.0,-0.7337500000000001
3335.0,-0.4405208333333333
3336.0,0.6171428571428571
3337.0,0.7280851063829787
3338.0,-1.122142857142857
3339.0,-0.9860106382978724
3340.0,-0.7436764705882352
3341.0,0.7339583333333332
3342.0,-0.04416666666666667
3343.0,0.7706382978723403
3344.0,0.7706382978723404
3345.0,-0.9818478260869565
3346.0,0.7706382978723403
3347.0,0.7706382978723403
3348.0,-0.2859999999999999
3349.0,-1.040480769230769
3350.0,0.6922916666666664
3351.0,-0.23253731343283585
3352.0,-0.63453125
3353.0,0.7706382978723404
3354.0,0.7219565217391306
3355.0,0.7654347826086957
3356.0,0.7706382978723403
3357.0,0.7706382978723403
3358.0,0.7339583333333333
3359.0,-0.7980357142857143
3360.0,0.20117647058823532
3361.0,-1.1301515151515151
3362.0,0.7280851063829787
3363.0,0.7280851063829785
3364.0,0.7706382978723403
3365.0,-0.7573913043478261
3366.0,-0.9073076923076924
3367.0,0.7706382978723403
3368.0,-0.38754098360655737
3369.0,0.7654347826086957
3370.0,0.7706382978723404
3371.0,0.7706382978723403
3372.0,0.7654347826086955
3373.0,-0.9572330097087378
3374.0,0.7654347826086955
3375.0,-0.815
3376.0,-0.857063492063492
3377.0,-0.8286075949367088
3378.0,0.7706382978723403
3379.0,0.7654347826086958
3380.0,-0.5577083333333334
3381.0,0.7654347826086955
3382.0,-1.010197238658777
3383.0,-1.1133333333333333
3384.0,0.7654347826086955
3385.0,-0.9688461538461539
3386.0,0.7706382978723403
3387.0,0.7495744680851063
3388.0,0.6922916666666666
3389.0,0.7706382978723404
3390.0,-1.048467741935484
3391.0,0.7706382978723403
3392.0,0.6506249999999999
3393.0,0.7706382978723403
3394.0,-1.0318552036199096
3395.0,-0.6383050847457625
3396.0,0.6506249999999999
3397.0,-0.9125663716814159
3398.0,0.6922916666666666
3399.0,0.6171428571428571
3400.0,-0.19089285714285717
3401.0,0.6506249999999999
3402.0,0.685531914893617
3403.0,-0.9011842105263157
3404.0,0.7280851063829785
3405.0,0.7070212765957447
3406.0,0.7280851063829785
3407.0,0.7706382978723403
3408.0,-0.9831818181818183
3409.0,-1.0048305084745763
3410.0,-1.0415873015873016
3411.0,-0.7602020202020204
3412.0,0.7706382978723403
3413.0,0.7706382978723403
3414.0,-1.0172861356932155
3415.0,0.7706382978723403
3416.0,-1.152280701754386
3417.0,-0.8225892857142859
3418.0,-0.5221428571428572
3419.0,0.7706382978723404
3420.0,-0.8304761904761905
3421.0,0.7339583333333332
3422.0,0.6922916666666666
3423.0,0.6922916666666664
3424.0,0.7706382978723404
3425.0,-0.9847916666666667
3426.0,-0.9443269230769231
3427.0,-0.9576404494382021
3428.0,-1.0512582781456956
3429.0,-0.8241584158415842
3430.0,0.7339583333333332
3431.0,-1.0295299145299144
3432.0,0.7706382978723403
3433.0,-0.9082242990654208
3434.0,-0.945188679245283
3435.0,-1.0148091603053437
3436.0,0.6506249999999999
3437.0,-1.0385074626865671
3438.0,-0.8271212121212121
3439.0,0.585
3440.0,0.7495744680851062
3441.0,-0.4926595744680852
3442.0,0.6922916666666666
3443.0,0.7706382978723403
3444.0,0.0472340425531915
3445.0,-0.9864285714285713
3446.0,-0.9142105263157895
3447.0,-0.5533333333333332
3448.0,-1.0616521739130436
3449.0,0.7654347826086955
3450.0,-0.9991911764705881
3451.0,-0.9096428571428571
3452.0,-0.8748684210526315
3453.0,0.7706382978723403
3454.0,0.7280851063829785
3455.0,0.7706382978723403
3456.0,0.7706382978723404
3457.0,0.6922916666666666
3458.0,-0.6667241379310345
3459.0,-1.0434682080924855
3460.0,0.5049999999999999
3461.0,-1.0829487179487176
3462.0,-0.5394186046511628
3463.0,0.4946938775510204
3464.0,-1.0525000000000002
3465.0,-1.0417857142857145
3466.0,-0.8850537634408603
3467.0,-1.0532530120481929
3468.0,0.685531914893617
3469.0,0.6089583333333333
3470.0,-1.0407317073170734
3471.0,-0.8819491525423728
3472.0,0.7280851063829785
3473.0,-1.0512582781456954
3474.0,0.7280851063829785
3475.0,-0.09499999999999999
3476.0,0.617142857142857
3477.0,-1.1041975308641971
3478.0,-0.9205555555555555
3479.0,-0.8468376068376067
3480.0,-1.0360526315789473
3481.0,0.7706382978723403
3482.0,-1.1551785714285714
3483.0,-0.7573611111111112
3484.0,0.7219565217391305
3485.0,0.650625
3486.0,-0.3581818181818182
3487.0,0.7706382978723403
3488.0,-0.7996590909090909
3489.0,-0.667710843373494
3490.0,0.6350000000000001
3491.0,-0.8056249999999998
3492.0,0.6004255319148936
3493.0,0.6429787234042553
3494.0,0.6266666666666667
3495.0,-0.8650000000000001
3496.0,0.1833870967741935
3497.0,0.6469047619047619
3498.0,-1.0342583732057415
3499.0,-0.9737278106508875
3500.0,-1.023878504672897
3501.0,0.5377777777777776
3502.0,0.7599999999999998
3503.0,0.6004255319148936
3504.0,0.6506249999999999
3505.0,-0.4688135593220339
3506.0,-0.9865596330275228
3507.0,0.7706382978723404
3508.0,0.7706382978723404
3509.0,-1.0330232558139536
3510.0,0.505
3511.0,-0.8249056603773585
3512.0,0.4946938775510204
3513.0,-1.045084745762712
3514.0,-0.11083333333333334
3515.0,-1.1167123287671232
3516.0,0.5256249999999999
3517.0,0.685531914893617
3518.0,-0.9082242990654206
3519.0,-1.0280434782608696
3520.0,-1.0542361111111112
3521.0,0.6922916666666666
3522.0,-0.5321348314606742
3523.0,0.7654347826086957
3524.0,0.7654347826086957
3525.0,-0.7652100840336135
3526.0,-0.6722033898305085
3527.0,0.7483720930232558
3528.0,0.7280851063829785
3529.0,-1.041980198019802
3530.0,0.7654347826086957
3531.0,0.6922916666666666
3532.0,0.7706382978723403
3533.0,0.7706382978723403
3534.0,0.7706382978723403
3535.0,-0.13919354838709683
3536.0,-1.0424999999999998
3537.0,-0.5846969696969697
3538.0,0.7706382978723404
3539.0,0.7339583333333333
3540.0,-1.0489887640449438
3541.0,0.7706382978723403
3542.0,-0.49357142857142855
3543.0,0.7706382978723403
3544.0,0.7706382978723403
3545.0,0.7654347826086955
3546.0,0.7706382978723403
3547.0,0.7339583333333333
3548.0,-0.9998425196850393
3549.0,-0.15269841269841275
3550.0,0.6784782608695651
3551.0,0.7706382978723403
3552.0,-1.021786941580756
3553.0,0.7706382978723404
3554.0,-1.1280597014925375
3555.0,-0.8756589147286821
3556.0,0.7706382978723403
3557.0,-1.0542361111111112
3558.0,-0.7636486486486488
3559.0,-1.0690598290598292
3560.0,0.7706382978723403
3561.0,-1.0529251700680273
3562.0,-0.9840944881889766
3563.0,0.7706382978723404
3564.0,-0.9560493827160493
3565.0,0.7654347826086955
3566.0,-1.0525
3567.0,0.685531914893617
3568.0,-0.9776923076923075
3569.0,-1.0107399103139012
3570.0,0.6089583333333333
3571.0,-1.0124358974358973
3572.0,0.7018604651162792
3573.0,0.671111111111111
3574.0,-0.5434693877551021
3575.0,-1.0863541666666667
3576.0,-0.89625
3577.0,-0.2436764705882354
3578.0,0.76
3579.0,0.025624999999999985
3580.0,-1.053793103448276
3581.0,-1.0360526315789473
3582.0,-0.7846268656716416
3583.0,0.7219565217391303
3584.0,0.7706382978723403
3585.0,0.12734693877551018
3586.0,-1.1128813559322033
3587.0,0.7280851063829787
3588.0,0.6855319148936169
3589.0,-0.9011842105263157
3590.0,0.7654347826086957
3591.0,-1.0963218390804597
3592.0,-0.8744086021505375
3593.0,-1.0055859969558598
3594.0,-0.4810714285714286
3595.0,0.7706382978723403
3596.0,-0.9845255474452554
3597.0,-1.0504166666666666
3598.0,0.7219565217391303
3599.0,0.685531914893617
3600.0,0.7654347826086955
3601.0,-0.6333333333333333
3602.0,-0.7432894736842105
3603.0,-1.0485443037974684
3604.0,0.6429787234042552
3605.0,-0.7015384615384616
3606.0,-1.0071232876712326
3607.0,-1.0267025089605735
3608.0,-1.0909615384615388
3609.0,0.5153191489361701
3610.0,0.7280851063829785
3611.0,-0.9121311475409836
3612.0,0.7654347826086957
3613.0,-1.0016822429906542
3614.0,0.7706382978723403
3615.0,0.7706382978723403
3616.0,0.06288461538461536
3617.0,0.7654347826086954
3618.0,-0.8508490566037735
3619.0,-0.8882558139534882
3620.0,-0.9191044776119403
3621.0,-0.5971428571428573
3622.0,0.7706382978723403
3623.0,-0.99158940397351
3624.0,0.7654347826086955
3625.0,-1.069059829059829
3626.0,-1.074862385321101
3627.0,0.6784782608695652
3628.0,-1.089462365591398
3629.0,0.7599999999999999
3630.0,0.6299999999999999
3631.0,-0.7059090909090907
3632.0,-0.8626993865030675
3633.0,-0.8246153846153846
3634.0,-1.006025641025641
3635.0,0.465
3636.0,-1.0789423076923077
3637.0,-0.5123214285714285
3638.0,0.6089583333333333
3639.0,0.6579591836734693
3640.0,0.7873913043478259
3641.0,-1.0364601769911506
3642.0,0.7706382978723404
3643.0,-0.9691021671826625
3644.0,-1.0184090909090908
3645.0,0.7706382978723404
3646.0,0.7543181818181818
3647.0,-1.0611538461538461
3648.0,-1.036954314720812
3649.0,0.6429787234042552
3650.0,-1.0440935672514622
3651.0,-1.0906944444444444
3652.0,-1.1494827586206897
3653.0,0.7280851063829787
3654.0,0.7706382978723404
3655.0,-1.1260294117647058
3656.0,0.7873913043478259
3657.0,0.6922916666666666
3658.0,-0.5775000000000002
3659.0,0.76
3660.0,0.7280851063829787
3661.0,-1.0207017543859649
3662.0,0.7654347826086957
3663.0,0.7654347826086957
3664.0,0.7280851063829787
3665.0,-1.191086956521739
3666.0,-1.1989795918367345
3667.0,-1.139193548387097
3668.0,-1.0756481481481481
3669.0,-1.0230357142857143
3670.0,-1.055
3671.0,-1.0884615384615386
3672.0,0.7280851063829785
3673.0,0.7654347826086957
3674.0,-1.0470175438596492
3675.0,-1.0161194029850746
3676.0,-1.1442553191489364
3677.0,-1.089056603773585
3678.0,-0.5336507936507938
3679.0,0.505
3680.0,-1.0489430894308946
3681.0,0.6089583333333333
3682.0,0.6922916666666666
3683.0,-1.035258620689655
3684.0,0.7599999999999999
3685.0,0.7706382978723403
3686.0,0.7280851063829785
3687.0,-1.0067525773195876
3688.0,0.6922916666666667
3689.0,-0.8385915492957746
3690.0,0.7280851063829785
3691.0,-0.4768965517241379
3692.0,-1.0492948717948718
3693.0,0.7088636363636364
3694.0,-1.0340476190476189
3695.0,-0.6092307692307692
3696.0,-0.9338775510204081
3697.0,-0.7012068965517242
3698.0,-0.9812790697674421
3699.0,-0.5073611111111113
3700.0,0.7219565217391303
3701.0,-0.968
3702.0,0.7654347826086955
3703.0,0.6922916666666664
3704.0,-0.933452380952381
3705.0,0.7280851063829785
3706.0,-1.0743023255813953
3707.0,-1.191086956521739
3708.0,-0.9338775510204083
3709.0,0.7599999999999999
3710.0,0.7654347826086955
3711.0,-1.0119298245614035
3712.0,-1.0525
3713.0,-0.9743750000000001
3714.0,0.7280851063829785
3715.0,0.7706382978723405
3716.0,-1.0866666666666667
3717.0,0.7339583333333333
3718.0,-0.7701724137931035
3719.0,-0.9786363636363636
3720.0,0.6506249999999999
3721.0,-1.0497101449275363
3722.0,0.7280851063829785
3723.0,-0.6854545454545455
3724.0,0.617142857142857
3725.0,-0.5230188679245283
3726.0,0.6855319148936169
3727.0,0.6922916666666666
3728.0,-1.0513207547169812
3729.0,0.685531914893617
3730.0,0.7706382978723403
3731.0,-0.13534883720930233
3732.0,-1.0470175438596492
3733.0,-1.141639344262295
3734.0,0.7339583333333333
3735.0,0.7280851063829785
3736.0,0.7706382978723403
3737.0,0.7706382978723403
3738.0,0.7280851063829785
3739.0,0.24369565217391304
3740.0,-0.9051785714285714
3741.0,0.7543181818181818
3742.0,-0.12297872340425531
3743.0,0.7706382978723403
3744.0,-0.6180000000000001
3745.0,0.7280851063829787
3746.0,-0.7669607843137254
3747.0,0.735609756097561
3748.0,0.7483720930232558
3749.0,0.76
3750.0,0.7654347826086957
3751.0,-1.0772641509433962
3752.0,0.7339583333333333
3753.0,-1.2002272727272725
3754.0,-1.120281690140845
3755.0,-1.0257142857142856
3756.0,-1.1678846153846152
3757.0,-1.0257142857142858
3758.0,0.6584374999999999
3759.0,-1.227179487179487
3760.0,0.7706382978723403
3761.0,0.7706382978723403
3762.0,0.7706382978723403
3763.0,-1.1301515151515151
3764.0,0.7706382978723403
3765.0,-1.11012987012987
3766.0,0.4756862745098039
3767.0,0.7339583333333333
3768.0,0.6922916666666666
3769.0,-0.9909999999999999
3770.0,-0.7059090909090908
3771.0,-0.9808536585365852
3772.0,0.7339583333333333
3773.0,0.7495744680851062
3774.0,0.7706382978723403
3775.0,0.6429787234042552
3776.0,0.7219565217391303
3777.0,0.7155555555555556
3778.0,-1.147608695652174
3779.0,-0.9060156249999999
3780.0,-0.8166129032258065
3781.0,-1.185945945945946
3782.0,-1.071858407079646
3783.0,-1.132156862745098
3784.0,0.7706382978723404
3785.0,-1.051764705882353
3786.0,-1.0083823529411764
3787.0,-1.1171929824561404
3788.0,0.7654347826086955
3789.0,-0.3066666666666667
3790.0,-0.24480769230769228
3791.0,0.7280851063829787
3792.0,0.7654347826086957
3793.0,-1.0950724637681157
3794.0,-0.9730246913580247
3795.0,-1.1522807017543861
3796.0,-0.6722033898305084
3797.0,0.7706382978723404
3798.0,0.7654347826086957
3799.0,0.7599999999999999
3800.0,-0.9051785714285714
3801.0,0.7421428571428571
3802.0,-1.0131481481481481
3803.0,-1.0296341463414636
3804.0,0.7155555555555556
3805.0,-1.0251890034364262
3806.0,-0.8108333333333333
3807.0,0.7483720930232558
3808.0,-0.13583333333333336
3809.0,-1.0551408450704227
3810.0,0.7155555555555555
3811.0,-1.0570289855072463
3812.0,-0.012321428571428625
3813.0,-1.056326530612245
3814.0,-0.21619047619047624
3815.0,-1.122142857142857
3816.0,0.10499999999999994
3817.0,-1.0467484662576687
3818.0,0.4927906976744186
3819.0,-1.0505917159763312
3820.0,0.4302127659574468
3821.0,0.38499999999999995
3822.0,0.5773076923076922
3823.0,-1.0611538461538461
3824.0,0.7155555555555556
3825.0,-1.056326530612245
3826.0,-1.1787755102040816
3827.0,0.6855319148936169
3828.0,0.7654347826086957
3829.0,-1.139193548387097
3830.0,-0.42085106382978726
3831.0,-1.0935714285714286
3832.0,-1.087972972972973
3833.0,0.7654347826086955
3834.0,0.7706382978723403
3835.0,-1.1955555555555555
3836.0,0.7219565217391303
3837.0,-1.1551785714285714
3838.0,0.7654347826086955
3839.0,-1.085360824742268
3840.0,0.7654347826086957
3841.0,-0.4943103448275862
3842.0,-0.40071428571428575
3843.0,0.1787499999999999
3844.0,-0.23456521739130434
3845.0,0.7706382978723403
3846.0,-0.9007142857142857
3847.0,-1.0194585987261147
3848.0,0.7280851063829785
3849.0,-1.047017543859649
3850.0,0.7280851063829785
3851.0,-1.0988235294117645
3852.0,-1.015
3853.0,-1.0309604519774012
3854.0,0.6089583333333333
3855.0,0.1707142857142857
3856.0,-0.9751973684210526
3857.0,0.14372093023255808
3858.0,0.6171428571428571
3859.0,0.7654347826086958
3860.0,0.72875
3861.0,0.7543181818181816
3862.0,0.6349999999999999
3863.0,-1.152280701754386
3864.0,-1.0265168539325842
3865.0,0.7654347826086955
3866.0,-1.0498830409356728
3867.0,0.0044444444444444444
3868.0,-1.0622656250000002
3869.0,-1.105625
3870.0,0.7654347826086957
3871.0,-1.0302777777777778
3872.0,-1.069741379310345
3873.0,0.7599999999999999
3874.0,-1.0432786885245902
3875.0,-1.1351162790697675
3876.0,0.6429787234042552
3877.0,-0.3553846153846154
3878.0,-1.1184722222222223
3879.0,0.6089583333333333
3880.0,0.7706382978723403
3881.0,-1.0286029411764706
3882.0,0.7873913043478259
3883.0,0.7706382978723403
3884.0,0.7280851063829785
3885.0,-1.0404807692307694
3886.0,-0.4519565217391305
3887.0,0.7706382978723404
3888.0,0.7280851063829785
3889.0,0.7654347826086955
3890.0,0.7654347826086955
3891.0,-0.014038461538461526
3892.0,-0.035918367346938755
3893.0,0.7600000000000002
3894.0,-1.0032978723404256
3895.0,0.7599999999999999
3896.0,0.7088636363636363
3897.0,0.7155555555555555
3898.0,0.2510714285714285
3899.0,0.635
3900.0,-1.0640000000000005
3901.0,-1.0975581395348837
3902.0,-1.0843877551020409
3903.0,0.6922916666666666
3904.0,-0.773898305084746
3905.0,0.7280851063829787
3906.0,-1.0537931034482757
3907.0,-1.0927777777777776
3908.0,-0.8889361702127662
3909.0,0.7280851063829787
3910.0,0.7706382978723403
3911.0,-0.37928571428571434
3912.0,-0.3025
3913.0,-1.2397560975609756
3914.0,0.7706382978723404
3915.0,-1.0773493975903612
3916.0,0.31357142857142856
3917.0,-1.0825000000000002
3918.0,0.7706382978723403
3919.0,-0.7464935064935064
3920.0,-1.098936170212766
3921.0,-1.0307692307692307
3922.0,-1.023393501805054
3923.0,-1.0265168539325844
3924.0,-0.9076829268292683
3925.0,-0.7909259259259259
3926.0,-0.7441666666666666
3927.0,0.7654347826086955
3928.0,-0.9738532110091741
3929.0,-1.0789423076923077
3930.0,-1.2542857142857144
3931.0,-1.0452631578947364
3932.0,-0.4729545454545454
3933.0,0.7219565217391303
3934.0,0.7599999999999999
3935.0,-0.6667241379310345
3936.0,0.7155555555555555
3937.0,-0.9547435897435897
3938.0,-1.0221212121212118
3939.0,-0.8503896103896105
3940.0,-1.1017021276595744
3941.0,0.47276595744680855
3942.0,-1.0346859903381644
3943.0,-1.1301515151515151
3944.0,0.7219565217391303
3945.0,-1.0446875
3946.0,0.6711111111111111
3947.0,0.6711111111111111
3948.0,-1.0987179487179488
3949.0,-1.0655208333333333
3950.0,0.465
3951.0,-0.9245238095238095
3952.0,-1.1827083333333333
3953.0,0.5049999999999999
3954.0,-1.1085897435897436
3955.0,0.7543181818181819
3956.0,-0.22837209302325587
3957.0,-1.0983333333333336
3958.0,-1.0247682119205301
3959.0,-0.9036363636363638
3960.0,-1.0332242990654206
3961.0,0.7219565217391303
3962.0,-1.115
3963.0,-1.0591489361702129
3964.0,-1.080686274509804
3965.0,-0.7968181818181818
3966.0,0.6506249999999999
3967.0,-0.871578947368421
3968.0,-0.7278313253012049
3969.0,-1.0184090909090908
3970.0,-1.1551785714285714
3971.0,0.7280851063829787
3972.0,-1.1221428571428573
3973.0,-1.1368253968253972
3974.0,0.7654347826086955
3975.0,-1.0533561643835618
3976.0,-1.0841558441558443
3977.0,-1.067380952380952
3978.0,0.7706382978723403
3979.0,0.7706382978723404
3980.0,0.7706382978723403
3981.0,0.7706382978723403
3982.0,0.2832558139534883
3983.0,0.7706382978723404
3984.0,0.7706382978723404
3985.0,0.7280851063829785
3986.0,-1.0379274611398963
3987.0,-0.24830508474576277
3988.0,-0.8612121212121211
3989.0,-0.8253658536585365
3990.0,-1.0988235294117645
3991.0,-0.3218181818181818
3992.0,-0.9772881355932203
3993.0,-1.092112676056338
3994.0,-0.9390740740740741
3995.0,-1.115
3996.0,-1.069741379310345
3997.0,-1.004880952380952
3998.0,-1.0642342342342346
3999.0,0.7155555555555556
4000.0,-1.1713725490196076
4001.0,-0.9211594202898552
4002.0,-0.5399999999999999
4003.0,-1.1749999999999998
4004.0,-0.966216216216216
4005.0,0.7219565217391305
4006.0,-1.1645283018867925
4007.0,-0.7278048780487805
4008.0,-1.1267924528301885
4009.0,-1.1167123287671235
4010.0,0.7280851063829787
4011.0,-1.0854545454545454
4012.0,-1.0446875
4013.0,0.7543181818181819
4014.0,-0.8488709677419355
4015.0,0.742142857142857
4016.0,0.6690909090909092
4017.0,-1.139193548387097
4018.0,0.701860465116279
4019.0,0.7088636363636364
4020.0,-1.0269318181818183
4021.0,-1.152280701754386
4022.0,-1.0012612612612612
4023.0,-1.1547727272727273
4024.0,-0.72546511627907
4025.0,0.7543181818181818
4026.0,-0.1441666666666667
4027.0,-1.1070886075949367
4028.0,-1.121818181818182
4029.0,-0.9749999999999999
4030.0,0.7654347826086957
4031.0,-1.0405464480874318
4032.0,0.7654347826086957
4033.0,-1.136825396825397
4034.0,-0.7816666666666668
4035.0,-1.0677310924369745
4036.0,-1.069741379310345
4037.0,-1.115
4038.0,-0.707741935483871
4039.0,0.7483720930232558
4040.0,-1.1500000000000001
4041.0,0.7219565217391303
4042.0,-0.5911904761904763
4043.0,-1.1247368421052633
4044.0,-0.9108333333333332
4045.0,0.5822222222222222
4046.0,-1.0884042553191489
4047.0,-0.7267567567567569
4048.0,-1.1787755102040816
4049.0,-1.4304761904761907
4050.0,-1.2200000000000002
4051.0,0.6711111111111111
4052.0,0.7155555555555555
4053.0,0.7219565217391305
4054.0,-1.1515686274509802
4055.0,-1.1240579710144927
4056.0,0.7280851063829787
4057.0,-1.0951136363636365
4058.0,-0.7871698113207547
4059.0,0.2229629629629628
4060.0,-1.1221428571428573
4061.0,-1.1167123287671235
4062.0,0.7654347826086955
4063.0,-1.1167123287671235
4064.0,0.7654347826086958
4065.0,-0.7400000000000001
4066.0,-0.66578125
4067.0,-1.0474534161490685
4068.0,-1.22125
4069.0,0.7706382978723404
4070.0,0.7706382978723403
4071.0,-1.0675757575757576
4072.0,0.7654347826086957
4073.0,0.06729166666666665
4074.0,-1.1260294117647056
4075.0,0.7654347826086955
4076.0,0.7706382978723403
4077.0,-1.0904878048780486
4078.0,-1.0772641509433962
4079.0,0.7706382978723403
4080.0,0.7495744680851062
4081.0,0.7706382978723404
4082.0,-0.7663157894736841
4083.0,-1.191086956521739
4084.0,-1.1088524590163935
4085.0,-1.1827083333333335
4086.0,-0.8761607142857143
4087.0,-1.1184722222222223
4088.0,0.04723404255319146
4089.0,-0.3820454545454546
4090.0,-1.2469444444444444
4091.0,-0.959155844155844
4092.0,0.6922916666666666
4093.0,0.7873913043478259
4094.0,-1.215609756097561
4095.0,-1.135
4096.0,0.7483720930232557
4097.0,-1.0460344827586208
4098.0,-1.0966176470588234
4099.0,-1.0295299145299144
4100.0,-0.6259649122807016
4101.0,0.5449999999999999
4102.0,-1.1586046511627905
4103.0,-0.7481967213114753
4104.0,0.7219565217391303
4105.0,0.7280851063829785
4106.0,-1.1149999999999998
4107.0,-1.1749999999999998
4108.0,0.7706382978723404
4109.0,0.7706382978723403
4110.0,-0.9489552238805968
4111.0,-0.9441666666666665
4112.0,-1.002254901960784
4113.0,-1.0951136363636365
4114.0,-0.979130434782609
4115.0,-1.1323076923076922
4116.0,-1.0404807692307694
4117.0,-0.7738983050847457
4118.0,-1.0075855513307985
4119.0,0.7339583333333332
4120.0,0.7706382978723403
4121.0,-1.0843877551020409
4122.0,0.7280851063829787
4123.0,0.7339583333333333
4124.0,-1.139193548387097
4125.0,0.7339583333333332
4126.0,-1.0882608695652174
4127.0,-0.8212500000000003
4128.0,-1.0884042553191489
4129.0,-0.9749572649572646
4130.0,-1.0916483516483515
4131.0,0.6429787234042552
4132.0,-0.8193650793650793
4133.0,-1.023246753246753
4134.0,0.6089583333333333
4135.0,-1.1041975308641976
4136.0,-0.17928571428571435
4137.0,0.6349999999999999
4138.0,0.7654347826086955
4139.0,-0.36019230769230764
4140.0,0.7280851063829785
4141.0,-1.055909090909091
4142.0,-1.0772641509433962
4143.0,-1.0934146341463413
4144.0,-0.9212000000000002
4145.0,-0.022894736842105298
4146.0,-1.113333333333333
4147.0,0.7356097560975609
4148.0,-0.8529032258064517
4149.0,0.7155555555555555
4150.0,-1.1128813559322033
4151.0,0.7654347826086955
4152.0,0.7706382978723403
4153.0,-0.5413698630136987
4154.0,0.7706382978723403
4155.0,0.7706382978723403
4156.0,-0.7845544554455445
4157.0,-1.0296995708154506
4158.0,0.7706382978723403
4159.0,-1.2051162790697671
4160.0,0.686829268292683
4161.0,-1.0546853146853146
4162.0,-0.6465333333333333
4163.0,0.72875
4164.0,-1.089056603773585
4165.0,-1.0058227848101264
4166.0,-0.8906896551724138
4167.0,0.7155555555555556
4168.0,-1.0404807692307694
4169.0,0.7543181818181818
4170.0,0.7219565217391303
4171.0,0.6506249999999999
4172.0,0.7706382978723404
4173.0,-1.0551408450704225
4174.0,0.7280851063829785
4175.0,-0.9036363636363636
4176.0,-0.9743750000000001
4177.0,-1.056546762589928
4178.0,-1.0406993006993006
4179.0,-0.8432608695652172
4180.0,0.7706382978723404
4181.0,-0.7955555555555555
4182.0,-1.10144578313253
4183.0,-1.0247222222222225
4184.0,-1.1246153846153846
4185.0,0.7706382978723404
4186.0,-0.9811764705882353
4187.0,-0.7730882352941176
4188.0,-0.9786363636363635
4189.0,-1.00984126984127
4190.0,-1.0155102040816324
4191.0,-0.908103448275862
4192.0,-0.5372222222222224
4193.0,-0.30060606060606065
4194.0,-0.5733333333333335
4195.0,-0.9551898734177212
4196.0,0.2512280701754385
4197.0,-0.8807407407407407
4198.0,-0.7511111111111111
4199.0,-1.0658196721311475
4200.0,0.545
4201.0,0.7280851063829787
4202.0,-0.9360784313725489
4203.0,0.685531914893617
4204.0,-0.682857142857143
4205.0,-1.0916483516483513
4206.0,-1.03471615720524
4207.0,0.7280851063829787
4208.0,0.7654347826086955
4209.0,0.7706382978723404
4210.0,-1.0342583732057418
4211.0,-1.070629921259843
4212.0,-1.0670833333333332
4213.0,-0.9743750000000001
4214.0,0.617142857142857
4215.0,-0.8542857142857143
4216.0,-1.049677419354839
4217.0,0.6506249999999999
4218.0,-1.1551612903225807
4219.0,-0.8744086021505374
4220.0,-1.1441666666666668
4221.0,-0.8881481481481482
4222.0,-1.0629166666666667
4223.0,0.650625
4224.0,-0.4040625000000001
4225.0,-0.968409090909091
4226.0,-1.0131481481481481
4227.0,-0.7722222222222224
4228.0,-1.0512582781456954
4229.0,0.7654347826086957
4230.0,-0.82203125
4231.0,-0.496578947368421
4232.0,-0.8895327102803737
4233.0,-1.0664462809917357
4234.0,-1.0316666666666665
4235.0,-1.120281690140845
4236.0,-1.1606666666666667
4237.0,-0.9799999999999998
4238.0,-0.604406779661017
4239.0,-1.04475935828877
4240.0,-0.6615686274509803
4241.0,-0.3452631578947369
4242.0,0.7706382978723404
4243.0,0.7654347826086957
4244.0,-1.0625
4245.0,-1.0177777777777777
4246.0,0.7280851063829785
4247.0,-1.0540243902439024
4248.0,-1.0916483516483515
4249.0,-1.08375
4250.0,-1.0419662921348316
4251.0,0.5561224489795918
4252.0,0.7280851063829787
4253.0,0.25305555555555553
4254.0,-1.1101298701298703
4255.0,-0.7871311475409836
4256.0,-0.5316666666666667
4257.0,-1.1085897435897434
4258.0,-0.8935714285714286
4259.0,-1.0756481481481484
4260.0,-1.0135849056603774
4261.0,-1.0863541666666665
4262.0,-0.8137704918032787
4263.0,-0.9040625
4264.0,0.7706382978723404
4265.0,-0.8626415094339622
4266.0,-1.0123214285714286
4267.0,-1.1167123287671232
4268.0,-0.9169230769230771
4269.0,-0.8694642857142857
4270.0,-1.05651376146789
4271.0,-0.8488709677419354
4272.0,-0.7706122448979591
4273.0,-1.186808510638298
4274.0,-1.1522807017543861
4275.0,0.7706382978723403
4276.0,-0.9053543307086614
4277.0,-0.9066666666666665
4278.0,-1.1267924528301887
4279.0,-1.0369543147208122
4280.0,0.7280851063829787
4281.0,0.287142857142857
4282.0,-0.9212499999999999
4283.0,-1.0525
4284.0,-1.0581818181818183
4285.0,0.7824444444444445
4286.0,-1.0144708994708995
4287.0,-1.115
4288.0,-0.7087500000000002
4289.0,0.7339583333333333
4290.0,-0.8672727272727273
4291.0,-1.2156097560975612
4292.0,-1.0795061728395061
4293.0,-0.9795833333333334
4294.0,-1.0392424242424243
4295.0,0.7280851063829785
4296.0,-1.048988764044944
4297.0,-1.0966176470588234
4298.0,-1.056546762589928
4299.0,0.7599999999999999
4300.0,-0.45428571428571435
4301.0,0.6004255319148936
4302.0,-1.035566502463054
4303.0,-1.1490909090909092
4304.0,-0.5059574468085106
4305.0,-0.978095238095238
4306.0,0.3745833333333332
4307.0,-1.0825
4308.0,-1.0590789473684212
4309.0,-1.0834343434343434
4310.0,-1.092112676056338
4311.0,0.5149019607843136
4312.0,-0.9766071428571428
4313.0,-0.9260465116279069
4314.0,0.617142857142857
4315.0,0.7654347826086957
4316.0,0.6922916666666666
4317.0,-0.3086274509803921
4318.0,0.7654347826086957
4319.0,-0.5435714285714286
4320.0,0.7599999999999998
4321.0,0.76
4322.0,-1.0537254901960784
4323.0,-0.8304761904761905
4324.0,-0.7061016949152543
4325.0,-1.0639795918367347
4326.0,-0.94
4327.0,-0.8892537313432836
4328.0,-1.0982089552238805
4329.0,-0.601842105263158
4330.0,-0.7397872340425533
4331.0,-1.0519548872180449
4332.0,-1.0916483516483517
4333.0,-1.1218181818181818
4334.0,-0.855
4335.0,0.7155555555555555
4336.0,-1.018354430379747
4337.0,0.7155555555555556
4338.0,-1.0190697674418603
4339.0,-1.0424193548387097
4340.0,0.7654347826086957
4341.0,-1.0231632653061224
4342.0,-1.2051162790697676
4343.0,0.6506249999999999
4344.0,-0.3375609756097561
4345.0,-1.1551785714285714
4346.0,-1.1511111111111112
4347.0,-1.136825396825397
4348.0,-1.1014457831325302
4349.0,-1.0540243902439026
4350.0,-0.2911363636363637
4351.0,-1.0221782178217822
4352.0,-1.050185185185185
4353.0,0.5355102040816326
4354.0,0.6506249999999999
4355.0,-0.5687037037037036
4356.0,0.5355102040816326
4357.0,-0.7494339622641508
4358.0,-0.9146031746031744
4359.0,-0.9761111111111112
4360.0,-0.9803846153846154
4361.0,0.19074074074074068
4362.0,0.29977272727272725
4363.0,0.51531914893617
4364.0,-0.5608955223880597
4365.0,0.685531914893617
4366.0,-0.7851388888888889
4367.0,0.7219565217391305
4368.0,0.7088636363636364
4369.0,-0.7822535211267606
4370.0,-1.0083566433566433
4371.0,0.11326086956521735
4372.0,-0.9786363636363635
4373.0,-1.1128813559322033
4374.0,-1.0658196721311475
4375.0,-0.8077966101694914
4376.0,-1.0606106870229008
4377.0,-0.9275000000000001
4378.0,-0.8292857142857143
4379.0,-1.0392424242424245
4380.0,-0.9390740740740742
4381.0,-0.4439473684210526
4382.0,-1.0501851851851853
4383.0,-0.4954347826086957
4384.0,-1.1041975308641976
4385.0,-0.11500000000000014
4386.0,0.11849056603773576
4387.0,-1.0672058823529411
4388.0,-0.8077083333333333
4389.0,-1.0408241758241759
4390.0,-0.7128260869565217
4391.0,-1.0834343434343434
4392.0,-0.9201470588235292
4393.0,0.19769230769230764
4394.0,-1.0453435114503817
4395.0,-1.2469444444444444
4396.0,-0.9772881355932204
4397.0,-1.0316666666666667
4398.0,-0.8432608695652174
4399.0,-1.1441666666666668
4400.0,-0.6908928571428572
4401.0,-0.8304761904761906
4402.0,-0.38788732394366204
4403.0,-0.9011842105263157
4404.0,-1.1056249999999999
4405.0,-1.0673809523809525
4406.0,-1.0606521739130435
4407.0,-1.0540243902439024
4408.0,-1.0743023255813955
4409.0,0.45999999999999985
4410.0,-1.0101923076923076
4411.0,-1.099375
4412.0,-0.6324418604651164
4413.0,-1.017777777777778
4414.0,-1.07203125
4415.0,-1.099375
4416.0,-1.105625
4417.0,-1.1202816901408452
4418.0,-1.0863541666666667
4419.0,-0.5915625000000001
4420.0,-0.8616216216216217
4421.0,-0.9441666666666666
4422.0,-0.20153846153846158
4423.0,-0.9873958333333334
4424.0,0.022096774193548323
4425.0,0.10894736842105264
4426.0,-0.9556249999999998
4427.0,-0.78
4428.0,-1.0152613240418118
4429.0,-0.7400000000000001
4430.0,-1.061078431372549
4431.0,-0.5638636363636362
4432.0,-0.9449180327868852
4433.0,-1.0916483516483517
4434.0,-1.1028048780487805
4435.0,0.7219565217391303
4436.0,0.6855319148936169
4437.0,-0.6775000000000001
4438.0,-1.007361111111111
4439.0,-1.2703030303030303
4440.0,-1.0457228915662649
4441.0,-1.0432786885245902
4442.0,0.10166666666666657
4443.0,-0.9424324324324324
4444.0,0.7654347826086957
4445.0,-1.0749484536082474
4446.0,-0.6057407407407405
4447.0,-0.4729545454545454
4448.0,-0.9456451612903226
4449.0,-1.0710389610389608
4450.0,-1.1280597014925373
4451.0,0.7280851063829787
4452.0,-1.0872222222222223
4453.0,0.6922916666666666
4454.0,-1.1301515151515151
4455.0,0.7706382978723403
4456.0,-0.7187234042553192
4457.0,-1.0474534161490685
4458.0,-1.04078125
4459.0,-0.9136111111111112
4460.0,0.45999999999999985
4461.0,-1.1668292682926829
4462.0,0.7543181818181816
4463.0,-1.0145098039215685
4464.0,-0.02289473684210528
4465.0,-0.495
4466.0,-0.8877272727272727
4467.0,-1.1379591836734693
4468.0,0.2599999999999999
4469.0,-1.0145098039215688
4470.0,-0.83375
4471.0,0.650625
4472.0,-0.6889795918367346
4473.0,-0.9763636363636364
4474.0,-0.9780952380952381
4475.0,-1.0237837837837838
4476.0,0.7654347826086955
4477.0,-0.9943636363636363
4478.0,-1.1085897435897436
4479.0,-0.9489552238805969
4480.0,-1.1416393442622952
4481.0,-1.175
4482.0,-0.8983333333333335
4483.0,0.76
4484.0,-1.152280701754386
4485.0,-1.175
4486.0,-1.1581818181818184
4487.0,-1.2790625
4488.0,-0.84
4489.0,-1.1645283018867925
4490.0,-0.6606349206349206
4491.0,-1.0257142857142856
4492.0,-0.5114285714285713
4493.0,-0.9740425531914892
4494.0,-1.158181818181818
4495.0,-1.1184722222222223
4496.0,0.33211538461538453
4497.0,-0.8910416666666666
4498.0,0.7280851063829785
4499.0,-0.4755769230769232
4500.0,-0.8542857142857144
4501.0,-0.36500000000000016
4502.0,-1.0988235294117648
4503.0,-1.1678846153846154
4504.0,-1.0798058252427185
4505.0,-0.27871794871794886
4506.0,0.7543181818181818
4507.0,0.76
4508.0,-0.20551724137931043
4509.0,-0.8463829787234043
4510.0,-1.1184722222222223
4511.0,-1.1056249999999999
4512.0,-1.0815841584158417
4513.0,-1.04
4514.0,-1.0287029288702927
4515.0,-1.0748623853211008
4516.0,0.7483720930232558
4517.0,-1.125416666666667
4518.0,-1.2096969696969697
4519.0,-0.6257142857142856
4520.0,-1.1171929824561404
4521.0,0.7654347826086957
4522.0,-0.8330232558139533
4523.0,-1.1807894736842104
4524.0,-1.0775213675213675
4525.0,0.6579591836734693
4526.0,-0.8341780821917808
4527.0,-1.1070886075949369
4528.0,-0.47737373737373734
4529.0,-1.0998484848484846
4530.0,-1.0525
4531.0,-1.0789423076923077
4532.0,-0.7790625000000001
4533.0,-0.8149999999999998
4534.0,-1.135
4535.0,-0.7871698113207547
4536.0,-0.6358333333333333
4537.0,-1.1056249999999999
4538.0,-1.056326530612245
4539.0,-1.11012987012987
4540.0,-1.054
4541.0,-1.114878048780488
4542.0,-0.2828571428571429
4543.0,-0.9763636363636364
4544.0,-0.9176315789473681
4545.0,-0.6410416666666666
4546.0,-1.017777777777778
4547.0,-1.0411049723756907
4548.0,-1.0236507936507937
4549.0,-0.801219512195122
4550.0,-0.46321428571428575
4551.0,0.7654347826086955
4552.0,0.7706382978723404
4553.0,-1.1180487804878048
4554.0,-1.0187179487179487
4555.0,-1.0784146341463414
4556.0,-0.91578125
4557.0,-1.0160416666666665
4558.0,-1.0866666666666667
4559.0,-1.044733727810651
4560.0,-0.8316666666666669
4561.0,-1.171372549019608
4562.0,-1.0327631578947365
4563.0,-1.0988235294117645
4564.0,-0.6642424242424244
4565.0,0.6089583333333333
4566.0,-0.9066666666666668
4567.0,-0.6547727272727272
4568.0,0.032058823529411716
4569.0,-1.028235294117647
4570.0,-0.9508888888888889
4571.0,-1.2002272727272727
4572.0,-1.0921126760563382
4573.0,-0.46549019607843134
4574.0,-0.6149999999999999
4575.0,-0.6547727272727272
4576.0,-1.1910869565217392
4577.0,-1.0772641509433962
4578.0,-0.9717073170731706
4579.0,-0.347843137254902
4580.0,-0.8108333333333334
4581.0,-1.1167123287671232
4582.0,-1.0450847457627117
4583.0,-1.1037777777777777
4584.0,0.685531914893617
4585.0,-1.0853947368421053
4586.0,-1.2102380952380951
4587.0,-1.0893150684931507
4588.0,-0.9245238095238095
4589.0,0.7280851063829787
4590.0,-1.097142857142857
4591.0,-1.1280597014925378
4592.0,-0.7854545454545455
4593.0,-0.3210810810810811
4594.0,-1.22125
4595.0,-0.39131578947368423
4596.0,-1.1280597014925373
4597.0,0.7654347826086955
4598.0,-1.1645283018867925
4599.0,0.7654347826086957
4600.0,-1.1167123287671232
4601.0,-1.13453125
4602.0,-1.097012987012987
4603.0,0.7280851063829785
4604.0,-0.22148148148148156
4605.0,-1.2002272727272727
4606.0,-0.7946874999999999
4607.0,-1.0437790697674418
4608.0,0.76
4609.0,0.5334374999999999
4610.0,-1.0872222222222223
4611.0,-1.2271794871794872
4612.0,-1.099375
4613.0,0.5978378378378377
4614.0,0.7654347826086957
4615.0,-1.062265625
4616.0,-0.9772881355932201
4617.0,-1.0332242990654203
4618.0,-1.0298706896551724
4619.0,-1.1088524590163935
4620.0,-1.0971428571428572
4621.0,-1.095072463768116
4622.0,-1.2542857142857144
4623.0,0.76
4624.0,-1.1787755102040818
4625.0,-0.8976086956521739
4626.0,-0.5823913043478263
4627.0,-1.1551785714285714
4628.0,-0.3797058823529412
4629.0,-0.5501265822784811
4630.0,0.76
4631.0,-1.07203125
4632.0,-0.8694642857142857
4633.0,-1.07078431372549
4634.0,-1.0513207547169812
4635.0,-0.8137704918032785
4636.0,-1.0707692307692307
4637.0,-1.095
4638.0,-1.1581818181818182
4639.0,-1.0705555555555555
4640.0,-0.8253658536585367
4641.0,-1.0905434782608696
4642.0,-1.0963218390804597
4643.0,-1.0760655737704918
4644.0,-1.0408641975308641
4645.0,-1.0658196721311475
4646.0,-1.256451612903226
4647.0,-1.0748623853211008
4648.0,-0.9298734177215189
4649.0,0.6469047619047619
4650.0,-1.0906944444444444
4651.0,-1.2542857142857142
4652.0,-0.9642990654205608
4653.0,-1.0071232876712328
4654.0,-0.6949999999999998
4655.0,-0.45926829268292685
4656.0,-0.44955882352941184
4657.0,-0.12297872340425535
4658.0,-1.034478527607362
4659.0,-1.118048780487805
4660.0,-0.7980357142857143
4661.0,-0.2456818181818182
4662.0,-0.7400000000000003
4663.0,-0.9133870967741934
4664.0,0.3455263157894736
4665.0,-0.9835897435897436
4666.0,-1.0625581395348838
4667.0,-1.093932584269663
4668.0,-0.9916783216783217
4669.0,-1.0798058252427183
4670.0,-0.9338775510204083
4671.0,-1.0275
4672.0,-1.049090909090909
4673.0,-1.0271485943775098
4674.0,-0.9230985915492959
4675.0,-0.9229268292682926
4676.0,-1.07203125
4677.0,-1.0177777777777777
4678.0,-1.071140350877193
4679.0,-1.074302325581395
4680.0,-1.1581818181818182
4681.0,-1.1913888888888888
4682.0,-0.8585567010309278
4683.0,-0.5074418604651163
4684.0,-1.2096969696969697
4685.0,-1.0784146341463414
4686.0,-0.05249999999999999
4687.0,-1.062112676056338
4688.0,-0.5646753246753248
4689.0,-1.0834343434343434
4690.0,-1.0905434782608696
4691.0,-1.0617821782178218
4692.0,-1.0927777777777778
4693.0,-1.24
4694.0,-1.1120930232558137
4695.0,-0.3357446808510637
4696.0,-0.8108333333333334
4697.0,-1.1581818181818182
4698.0,-1.0428571428571427
4699.0,-1.1441666666666666
4700.0,-1.0160416666666665
4701.0,0.585
4702.0,-1.0772641509433962
4703.0,0.0035897435897435112
4704.0,-1.0670833333333334
4705.0,-0.7876190476190474
4706.0,-1.0453435114503817
4707.0,0.6922916666666666
4708.0,-1.130151515151515
4709.0,-0.9490697674418606
4710.0,-0.8682051282051282
4711.0,-1.1301515151515151
4712.0,-1.0496774193548388
4713.0,0.6506249999999999
4714.0,-1.0714606741573036
4715.0,-1.079506172839506
4716.0,-1.0525
4717.0,-0.9750000000000001
4718.0,-0.6828571428571429
4719.0,-1.0414999999999999
4720.0,-1.0873684210526318
4721.0,-1.0577083333333333
4722.0,-1.158181818181818
4723.0,-0.9733333333333332
4724.0,-0.8038297872340423
4725.0,-1.1202816901408452
4726.0,-1.1467796610169492
4727.0,-1.1989795918367347
4728.0,-0.6678846153846154
4729.0,-1.1202816901408452
4730.0,-1.0906944444444444
4731.0,0.10166666666666657
4732.0,-0.13473684210526318
4733.0,-1.0108333333333333
4734.0,-1.0290295358649788
4735.0,-1.0622222222222222
4736.0,-1.0855882352941175
4737.0,-0.5372972972972972
4738.0,-1.085394736842105
4739.0,-1.2156097560975612
4740.0,0.3071698113207546
4741.0,0.135
4742.0,-0.7832692307692307
4743.0,-1.021569965870307
4744.0,-0.582391304347826
4745.0,-1.0905434782608696
4746.0,-0.5607547169811321
4747.0,-0.8046551724137931
4748.0,-1.0756481481481481
4749.0,-0.7143589743589746
4750.0,-1.1301515151515151
4751.0,0.6429787234042551
4752.0,-1.0798058252427183
4753.0,-1.2102380952380951
4754.0,-0.9180303030303031
4755.0,0.5560526315789474
4756.0,-1.152280701754386
4757.0,-1.191086956521739
4758.0,-0.5733333333333335
4759.0,-0.8108333333333333
4760.0,-0.9583908045977012
4761.0,-1.1578688524590164
4762.0,-1.068358208955224
4763.0,-0.9327083333333333
4764.0,-1.0927777777777776
4765.0,-0.9314893617021275
4766.0,-1.0854545454545452
4767.0,-0.8771681415929202
4768.0,0.22363636363636352
4769.0,0.4727659574468085
4770.0,-0.37124999999999997
4771.0,-1.0142801556420231
4772.0,-1.1323076923076925
4773.0,-1.24
4774.0,-1.124259259259259
4775.0,-1.0081159420289858
4776.0,-1.0853947368421053
4777.0,-1.1832075471698111
4778.0,-1.1410416666666667
4779.0,0.20631578947368398
4780.0,0.5334375
4781.0,-1.0775
4782.0,-0.7775000000000001
4783.0,-1.2271794871794872
4784.0,-1.2165625
4785.0,-1.0198542274052478
4786.0,-1.1832075471698111
4787.0,-1.069059829059829
4788.0,-0.9260465116279072
4789.0,-1.1221428571428569
4790.0,-1.0220512820512822
4791.0,-1.0077162629757785
4792.0,-1.0275454545454543
4793.0,-0.9712500000000001
4794.0,-1.1301515151515151
4795.0,-1.131891891891892
4796.0,-1.0119298245614035
4797.0,-0.7940000000000002
4798.0,-1.3325925925925928
4799.0,-0.11755102040816331
4800.0,-0.30060606060606065
4801.0,-1.112093023255814
4802.0,-0.8114285714285714
4803.0,-0.6212500000000001
4804.0,-1.0599999999999998
4805.0,-1.0720312499999998
4806.0,-1.0516666666666667
4807.0,-1.084155844155844
4808.0,-1.0683582089552242
4809.0,-1.1133333333333335
4810.0,-0.25612903225806455
4811.0,0.2772413793103448
4812.0,-1.0496774193548386
4813.0,-1.1612962962962963
4814.0,-1.0190697674418605
4815.0,-0.07125000000000005
4816.0,-1.1164197530864197
4817.0,-1.1242592592592593
4818.0,0.09593749999999993
4819.0,-0.3210810810810811
4820.0,-1.1028048780487805
4821.0,-0.9729545454545455
4822.0,-0.5492105263157895
4823.0,-0.2660416666666666
4824.0,-0.9770689655172413
4825.0,0.7018604651162789
4826.0,-1.0714606741573034
4827.0,-1.1221428571428576
4828.0,-1.105079365079365
4829.0,-0.09937500000000003
4830.0,-0.4859016393442622
4831.0,0.7654347826086955
4832.0,-1.121282051282051
4833.0,-1.0360526315789476
4834.0,-0.6170491803278688
4835.0,-0.7448076923076923
4836.0,-1.1196202531645567
4837.0,-1.1547727272727273
4838.0,-1.2227272727272724
4839.0,-1.1117105263157891
4840.0,-0.6775
4841.0,0.5614705882352942
4842.0,-1.0775
4843.0,-1.141639344262295
4844.0,-1.051320754716981
4845.0,0.1939622641509433
4846.0,-1.0712500000000003
4847.0,-1.022685512367491
4848.0,-0.696140350877193
4849.0,-1.0104402515723272
4850.0,-0.9146031746031745
4851.0,-1.0628346456692914
4852.0,0.6506249999999999
4853.0,-0.6322413793103447
4854.0,-1.3052173913043479
4855.0,-0.601842105263158
4856.0,-1.0634126984126988
4857.0,-0.8488709677419354
4858.0,-1.0825
4859.0,-1.175897435897436
4860.0,-0.5911904761904763
4861.0,-0.7297959183673469
4862.0,-1.0256794425087108
4863.0,0.6171428571428571
4864.0,-0.9795833333333334
4865.0,-1.1775
4866.0,-0.9338775510204081
4867.0,-0.4832432432432433
4868.0,-1.0027551020408163
4869.0,-1.0998484848484849
4870.0,-1.089056603773585
4871.0,-0.5665306122448979
4872.0,0.29977272727272725
4873.0,-1.0119298245614035
4874.0,-1.0056249999999998
4875.0,-0.4946296296296296
4876.0,-1.1184722222222223
4877.0,0.646904761904762
4878.0,-1.1551785714285714
4879.0,-1.0546853146853146
4880.0,-1.0419662921348314
4881.0,-1.006025641025641
4882.0,-1.0355974842767295
4883.0,-0.9086746987951806
4884.0,-1.2400000000000002
4885.0,-1.0127272727272725
4886.0,-1.0177777777777777
4887.0,-1.0265168539325842
4888.0,0.7280851063829785
4889.0,-1.0704347826086955
4890.0,-0.8975342465753424
4891.0,-0.916923076923077
4892.0,-1.152280701754386
4893.0,-0.4208510638297872
4894.0,0.09333333333333332
4895.0,0.515813953488372
4896.0,0.0933333333333333
4897.0,-1.1955555555555555
4898.0,-0.9360227272727273
4899.0,-0.8279629629629629
4900.0,-1.0988235294117645
4901.0,-1.0963218390804597
4902.0,-1.0922950819672133
4903.0,-1.1260294117647058
4904.0,-1.1294230769230769
4905.0,-1.2102380952380951
4906.0,-1.2102380952380951
4907.0,-1.2002272727272727
4908.0,-1.1090697674418606
4909.0,-1.244615384615385
4910.0,-1.1103703703703705
4911.0,-1.3388888888888892
4912.0,-0.6161111111111114
4913.0,-0.3754166666666668
4914.0,-1.2658333333333338
4915.0,-1.1713725490196076
4916.0,-0.2508333333333335
4917.0,-1.092727272727273
4918.0,-0.6513924050632911
4919.0,-0.2165625000000001
4920.0,0.003589743589743567
4921.0,-1.2748275862068965
4922.0,-1.0658196721311475
4923.0,-1.4758823529411769
4924.0,-1.233421052631579
4925.0,-1.2156097560975612
4926.0,-1.0909615384615383
4927.0,-1.149090909090909
4928.0,0.14194444444444437
4929.0,0.47874999999999995
4930.0,-1.0963218390804597
4931.0,-1.1391935483870967
4932.0,-0.8763636363636362
4933.0,-1.0894174757281554
4934.0,-1.1787755102040818
4935.0,-1.191086956521739
4936.0,-1.1547727272727273
4937.0,-1.3206250000000004
4938.0,-1.1503030303030304
4939.0,-1.2587500000000005
4940.0,-1.375416666666667
4941.0,-1.1645283018867925
4942.0,-1.105625
4943.0,-1.27030303030303
4944.0,-1.345769230769231
4945.0,-1.320769230769231
4946.0,-1.2446153846153851
4947.0,-1.0112500000000004
4948.0,-1.0564705882352943
4949.0,-1.345769230769231
4950.0,-1.2983333333333336
4951.0,0.6220689655172412
4952.0,-1.2165625000000002
4953.0,-1.2016
4954.0,-1.1612962962962963
4955.0,-1.0823529411764707
4956.0,-0.5160416666666667
4957.0,-0.6117948717948719
4958.0,-0.6908928571428571
4959.0,-0.7472463768115942
4960.0,-1.175
4961.0,-1.04078125
4962.0,-1.118472222222222
4963.0,-0.865
4964.0,-1.320357142857143
4965.0,-0.024722222222222284
4966.0,-1.0496774193548386
4967.0,-0.8861538461538461
4968.0,-1.0704347826086955
4969.0,-0.7168518518518519
4970.0,-0.9108333333333334
4971.0,-0.19121951219512198
4972.0,-0.7012068965517242
4973.0,-0.14104166666666668
4974.0,-1.2051162790697674
4975.0,-1.089462365591398
4976.0,-1.0119607843137257
4977.0,-0.9456451612903225
4978.0,-1.0127272727272727
4979.0,-1.0739344262295085
4980.0,-1.0746280991735537
4981.0,-1.3060869565217392
4982.0,-1.1148484848484848
4983.0,-0.5290625
4984.0,-1.0078571428571428
4985.0,-1.4308333333333338
4986.0,-1.3388888888888892
4987.0,-1.0863541666666665
4988.0,-1.1965
4989.0,-1.4488888888888891
4990.0,-1.228636363636364
4991.0,-1.1678846153846154
4992.0,-1.0963218390804599
4993.0,-0.17939393939393947
4994.0,-1.1323076923076925
4995.0,-1.0714606741573034
4996.0,0.6584374999999999
4997.0,-1.020373831775701
4998.0,-0.7241269841269841
4999.0,0.19548387096774186
5000.0,-1.152539682539682
5001.0,-1.1368253968253967
5002.0,-1.1281578947368418
5003.0,-1.02125
5004.0,-1.0773493975903612
5005.0,-1.1085897435897434
5006.0,-1.1955555555555557
5007.0,0.43499999999999994
5008.0,-1.2929166666666667
5009.0,-1.2703030303030305
5010.0,-1.3089655172413794
5011.0,-0.7030000000000002
5012.0,0.5683333333333331
5013.0,-1.2790625000000002
5014.0,-1.053793103448276
5015.0,-1.0988235294117648
5016.0,-1.1593548387096775
5017.0,-1.0780952380952382
5018.0,-1.2316666666666667
5019.0,-1.175
5020.0,-1.0492948717948718
5021.0,-1.1593548387096777
5022.0,-1.1008333333333338
5023.0,-1.0790434782608695
5024.0,-1.0237837837837838
5025.0,-1.0951136363636362
5026.0,-1.1117105263157894
5027.0,-1.1955555555555557
5028.0,-1.22125
5029.0,-1.155714285714286
5030.0,-1.11012987012987
5031.0,-1.0605555555555557
5032.0,-0.9309090909090915
5033.0,-0.20875000000000013
5034.0,-1.24
5035.0,-0.2668421052631582
5036.0,-0.13583333333333336
5037.0,-1.2744444444444445
5038.0,-1.0108333333333333
5039.0,-1.1713725490196079
5040.0,-1.1133333333333333
5041.0,-1.2469444444444446
5042.0,-1.2399999999999998
5043.0,-1.0639795918367347
5044.0,-0.037872340425531975
5045.0,-1.038941798941799
5046.0,-1.1620833333333334
5047.0,0.6470967741935483
5048.0,-1.3600000000000003
5049.0,-1.0155281690140845
5050.0,-0.9858100558659216
5051.0,-1.1868085106382977
5052.0,-1.2983333333333336
5053.0,-1.2911764705882354
5054.0,-0.08027777777777782
5055.0,-0.9133870967741936
5056.0,-1.1242592592592595
5057.0,-0.3731111111111111
5058.0,-0.9258108108108108
5059.0,-1.0542361111111112
5060.0,-0.8594029850746268
5061.0,-0.6642424242424243
5062.0,-1.0756481481481484
5063.0,-1.1713725490196079
5064.0,-1.0278787878787878
5065.0,-0.900377358490566
5066.0,-1.2102380952380953
5067.0,-1.048176100628931
5068.0,-1.0407812500000002
5069.0,-0.24568181818181822
5070.0,-1.2156097560975612
5071.0,-0.45794871794871783
5072.0,-1.0127272727272727
5073.0,-0.8464705882352941
5074.0,-0.20808510638297875
5075.0,-0.8867391304347827
5076.0,-1.22125
5077.0,-1.056326530612245
5078.0,-0.775
5079.0,-1.3040000000000003
5080.0,-1.1101298701298703
5081.0,-1.0866666666666667
5082.0,-1.22125
5083.0,-0.9463492063492063
5084.0,-1.0489171974522293
5085.0,-1.136825396825397
5086.0,-1.191086956521739
5087.0,-1.0639436619718308
5088.0,-1.0083823529411766
5089.0,-1.1645283018867922
5090.0,-1.13453125
5091.0,-1.1787755102040818
5092.0,-1.3203571428571428
5093.0,-1.2983333333333333
5094.0,-1.0407812499999998
5095.0,-1.2620588235294117
5096.0,-1.186808510638298
5097.0,-0.9309090909090915
5098.0,-1.1847058823529415
5099.0,-0.9309090909090915
5100.0,-0.9309090909090915
5101.0,-1.191086956521739
5102.0,-1.2171875
5103.0,-1.2535000000000003
5104.0,-1.0182874617737003
5105.0,-1.2212500000000002
5106.0,-1.1184722222222223
5107.0,-0.9358333333333338
5108.0,-0.9358333333333336
5109.0,-1.0161538461538464
5110.0,-1.2002272727272727
5111.0,-1.2329411764705884
5112.0,0.3939285714285713
5113.0,-1.158181818181818
5114.0,-1.2790625
5115.0,-0.08782608695652191
5116.0,-0.6073469387755102
5117.0,-1.2334210526315792
5118.0,-1.1827083333333333
5119.0,-1.1713725490196076
5120.0,0.22093749999999993
5121.0,-1.0652032520325203
5122.0,-1.1522807017543861
5123.0,-0.9413333333333337
5124.0,-1.0682352941176474
5125.0,-0.9309090909090915
5126.0,-1.1827083333333333
5127.0,-1.2850000000000001
5128.0,-0.19192307692307706
5129.0,-0.72125
5130.0,-0.296
5131.0,-1.078666666666667
5132.0,-1.0183333333333338
5133.0,-1.233421052631579
5134.0,-0.9309090909090915
5135.0,-1.2545000000000002
5136.0,-1.0265168539325842
5137.0,-1.3203571428571428
5138.0,-1.2288888888888891
5139.0,-1.0908695652173916
5140.0,-1.2017948717948717
5141.0,-1.1271698113207547
5142.0,-1.1008333333333338
5143.0,0.34593749999999995
5144.0,-0.6292307692307697
5145.0,-0.9309090909090915
5146.0,-1.1391935483870967
5147.0,-0.8858333333333336
5148.0,-1.3204545454545455
5149.0,-1.070769230769231
5150.0,-1.090731707317073
5151.0,-1.1713725490196079
5152.0,-1.0489171974522293
5153.0,-1.175
5154.0,-1.1678846153846154
5155.0,-1.2412
5156.0,-1.2002272727272727
5157.0,-1.080625
5158.0,-1.233421052631579
5159.0,-1.295925925925926
5160.0,-1.082808988764045
5161.0,-1.2264285714285716
5162.0,-1.1833333333333338
5163.0,-1.1522807017543861
5164.0,-1.1467796610169492
5165.0,-1.2481250000000002
5166.0,0.4579166666666665
5167.0,-1.2264285714285716
5168.0,-1.1581818181818182
5169.0,-1.1678846153846154
5170.0,-1.295925925925926
5171.0,-1.071858407079646
5172.0,-1.1854545454545455
5173.0,-0.9717073170731706
5174.0,-1.0951136363636365
5175.0,-1.3726315789473686
5176.0,-1.1008333333333338
5177.0,-1.2102380952380951
5178.0,0.2970370370370369
5179.0,-1.3825000000000003
5180.0,-0.6410416666666667
5181.0,-1.1684615384615389
5182.0,-1.1645283018867925
5183.0,-1.2481250000000002
5184.0,-1.3457692307692308
5185.0,-1.030967741935484
5186.0,-1.1551785714285714
5187.0,-1.22125
5188.0,-1.1017857142857144
5189.0,-1.1465
5190.0,-1.292916666666667
5191.0,-1.1416393442622952
5192.0,-1.0331034482758623
5193.0,-1.2399999999999998
5194.0,-1.1955555555555555
5195.0,-1.2032352941176474
5196.0,-0.5763636363636362
5197.0,-0.3971428571428572
5198.0,-1.1612962962962963
5199.0,-1.0282352941176471
5200.0,-1.2542857142857142
5201.0,-1.1133333333333333
5202.0,-1.1965
5203.0,-1.1125925925925928
5204.0,0.6690909090909091
5205.0,-1.1221428571428573
5206.0,-1.1050793650793647
5207.0,-1.2102380952380951
5208.0,0.2530555555555555
5209.0,-1.200227272727273
5210.0,-1.1428571428571428
5211.0,-1.0697413793103445
5212.0,-0.821730769230769
5213.0,-1.13453125
5214.0,-0.46093023255813964
5215.0,-1.0950000000000002
5216.0,-1.112093023255814
5217.0,-1.233421052631579
5218.0,-1.0474534161490683
5219.0,-1.152280701754386
5220.0,0.5208695652173911
5221.0,-1.345769230769231
5222.0,-0.10486486486486486
5223.0,-1.3726315789473686
5224.0,-1.0638636363636365
5225.0,-1.050064935064935
5226.0,-1.1977142857142855
5227.0,-0.31954545454545474
5228.0,-0.9433898305084745
5229.0,-1.0971428571428572
5230.0,0.7139473684210526
5231.0,-1.1368253968253967
5232.0,-1.1391935483870967
5233.0,-1.3921739130434785
5234.0,-0.8610344827586208
5235.0,-1.2132432432432432
5236.0,-1.3921739130434785
5237.0,-1.3341666666666667
5238.0,-1.1551785714285714
5239.0,-0.7400000000000001
5240.0,-0.9309090909090915
5241.0,-1.0545714285714285
5242.0,-1.1919444444444443
5243.0,-1.1626190476190477
5244.0,-1.17175
5245.0,-0.6678846153846153
5246.0,0.15743589743589737
5247.0,-1.1028048780487805
5248.0,-1.082857142857143
5249.0,-1.2002272727272727
5250.0,-0.9390740740740741
5251.0,-1.2429411764705884
5252.0,-1.0577083333333333
5253.0,-1.320357142857143
5254.0,-1.1368253968253972
5255.0,-1.1088524590163935
5256.0,-1.0733333333333333
5257.0,-0.9664516129032259
5258.0,-0.37125
5259.0,-1.2315384615384617
5260.0,-1.1606451612903226
5261.0,-1.1379591836734693
5262.0,-1.068358208955224
5263.0,-1.1684615384615389
5264.0,-1.0764485981308411
5265.0,-1.128059701492537
5266.0,-1.17125
5267.0,-1.0151937984496122
5268.0,-0.7656410256410258
5269.0,-0.9996296296296299
5270.0,-0.0673809523809524
5271.0,-1.0951136363636365
5272.0,-1.0183333333333338
5273.0,-1.1833333333333338
5274.0,-1.0525
5275.0,-1.035566502463054
5276.0,0.17875000000000002
5277.0,-1.1645283018867925
5278.0,-1.069268292682927
5279.0,-1.018333333333334
5280.0,-1.10144578313253
5281.0,-1.233809523809524
5282.0,-1.0503448275862068
5283.0,-1.1635593220338982
5284.0,-1.1085897435897434
5285.0,-1.4768421052631584
5286.0,0.45999999999999996
5287.0,-1.2002272727272727
5288.0,-1.3341666666666667
5289.0,-1.1494827586206897
5290.0,-1.1668292682926829
5291.0,-1.171372549019608
5292.0,-1.4385714285714288
5293.0,-1.26304347826087
5294.0,-1.1787755102040816
5295.0,-1.3207692307692311
5296.0,-1.3011764705882356
5297.0,-1.1069354838709682
5298.0,-1.1410416666666665
5299.0,-1.2030000000000003
5300.0,-0.7278048780487805
5301.0,-0.6722222222222225
5302.0,-1.0638636363636362
5303.0,-1.1494827586206895
5304.0,-1.186808510638298
5305.0,-1.1678846153846154
5306.0,-1.349130434782609
5307.0,-1.2009090909090914
5308.0,-1.068358208955224
5309.0,-0.5605128205128206
5310.0,-0.9707692307692306
5311.0,-1.006025641025641
5312.0,-0.7597368421052634
5313.0,-0.3580555555555556
5314.0,0.18424242424242418
5315.0,-1.1001190476190477
5316.0,-1.0913861386138612
5317.0,-1.022201257861635
5318.0,-1.3089655172413797
5319.0,0.4077272727272725
5320.0,-1.233421052631579
5321.0,0.2087179487179487
5322.0,-1.2002272727272727
5323.0,-1.1467796610169492
5324.0,-0.6827083333333334
5325.0,-1.0634126984126984
5326.0,-1.1441666666666666
5327.0,-1.1008333333333338
5328.0,-1.1485185185185185
5329.0,-1.3812500000000005
5330.0,-1.3204545454545455
5331.0,-1.0228947368421053
5332.0,0.14047619047619028
5333.0,-1.0540243902439024
5334.0,-0.7266071428571428
5335.0,-0.9456451612903226
5336.0,-1.1260294117647058
5337.0,-0.7656410256410257
5338.0,-0.6400000000000001
5339.0,-0.9433898305084745
5340.0,-1.2653333333333334
5341.0,-1.1910869565217392
5342.0,-1.2002272727272727
5343.0,-1.0778378378378375
5344.0,-0.46093023255813953
5345.0,-1.1678846153846154
5346.0,-1.1747058823529413
5347.0,-1.1835294117647062
5348.0,-1.071140350877193
5349.0,-1.0775000000000001
5350.0,-1.3206250000000004
5351.0,-1.2399999999999998
5352.0,-1.0815841584158417
5353.0,-1.0909615384615383
5354.0,-1.2264285714285719
5355.0,-1.1833333333333338
5356.0,-1.2684210526315793
5357.0,-1.1467796610169494
5358.0,-1.0825
5359.0,-1.27030303030303
5360.0,-1.307692307692308
5361.0,-1.0278787878787876
5362.0,-1.1678846153846154
5363.0,-1.3203571428571428
5364.0,-0.33756097560975606
5365.0,-0.543921568627451
5366.0,-1.2446153846153851
5367.0,-0.40326530612244893
5368.0,-0.5939999999999999
5369.0,-1.1194642857142856
5370.0,-0.9595833333333333
5371.0,-1.1283783783783785
5372.0,-1.0834343434343434
5373.0,-1.132307692307692
5374.0,-1.4488888888888891
5375.0,-1.24
5376.0,-1.3206250000000004
5377.0,-1.1128813559322033
5378.0,-1.2271794871794872
5379.0,-1.3325925925925926
5380.0,-1.1847058823529415
5381.0,-0.8951724137931036
5382.0,-0.3200000000000001
5383.0,-1.04078125
5384.0,-1.173888888888889
5385.0,-1.0235144927536233
5386.0,-0.44833333333333336
5387.0,-1.256451612903226
5388.0,-1.0119298245614035
5389.0,-1.2106666666666668
5390.0,-1.2171875
5391.0,-1.308965517241379
5392.0,-1.375416666666667
5393.0,-0.3851612903225806
5394.0,0.05268292682926828
5395.0,-1.0795061728395061
5396.0,0.705945945945946
5397.0,-0.5140384615384614
5398.0,-1.2808000000000002
5399.0,-0.04487804878048784
5400.0,-1.2469444444444442
5401.0,-1.128157894736842
5402.0,-1.1943750000000004
5403.0,0.16833333333333328
5404.0,-0.6057407407407406
5405.0,-1.2880952380952382
5406.0,-1.2800000000000002
5407.0,-1.0935714285714286
5408.0,-0.787945205479452
5409.0,-1.0211447811447811
5410.0,-1.1626190476190479
5411.0,-1.0581250000000002
5412.0,-0.30666666666666664
5413.0,-1.2102380952380953
5414.0,-0.1548
5415.0,-0.9545000000000003
5416.0,-1.1645283018867925
5417.0,-1.1184722222222223
5418.0,-1.1993333333333334
5419.0,-1.1645283018867922
5420.0,-0.8769047619047617
5421.0,-1.121818181818182
5422.0,-1.2156097560975612
5423.0,-1.2271794871794874
5424.0,-0.4519565217391306
5425.0,-1.1522807017543861
5426.0,-1.210416666666667
5427.0,-1.1111428571428574
5428.0,-0.12297872340425536
5429.0,-0.7031707317073171
5430.0,-0.8574242424242424
5431.0,-0.8867391304347825
5432.0,-0.9505555555555559
5433.0,-1.053793103448276
5434.0,-1.22125
5435.0,-1.0756481481481484
5436.0,-1.3833333333333335
5437.0,-1.092941176470588
5438.0,-1.1358333333333333
5439.0,-1.262058823529412
5440.0,-0.82125
5441.0,0.20871794871794874
5442.0,-1.0951136363636365
5443.0,-0.804655172413793
5444.0,-1.206551724137931
5445.0,-0.67125
5446.0,-1.1260294117647058
5447.0,-1.1645283018867925
5448.0,-1.1965
5449.0,-1.3207692307692311
5450.0,-1.1955555555555557
5451.0,0.38499999999999995
5452.0,-1.2073684210526314
5453.0,-1.2040000000000002
5454.0,-0.16261904761904764
5455.0,-0.19192307692307706
5456.0,-1.18625
5457.0,-0.365
5458.0,-1.1416393442622952
5459.0,-1.0228947368421053
5460.0,-1.22125
5461.0,-1.13453125
5462.0,-0.6036363636363636
5463.0,-0.5733333333333334
5464.0,-1.0453892215568863
5465.0,-1.0977894736842104
5466.0,-0.7507142857142858
5467.0,-1.4308333333333338
5468.0,-1.3039999999999998
5469.0,-0.4672727272727273
5470.0,-1.093932584269663
5471.0,-0.5650000000000001
5472.0,0.2965853658536585
5473.0,-0.6469767441860464
5474.0,-1.0453892215568863
5475.0,-1.2200000000000002
5476.0,-1.3089655172413794
5477.0,-1.0532530120481927
5478.0,-1.0739215686274513
5479.0,-0.8999999999999998
5480.0,-1.2271794871794874
5481.0,-1.3011764705882356
5482.0,-1.061917808219178
5483.0,-1.3204545454545458
5484.0,-1.1260294117647058
5485.0,0.34649999999999975
5486.0,-0.5975000000000005
5487.0,-1.1955555555555553
5488.0,-1.26304347826087
5489.0,-1.3204545454545455
5490.0,-1.1581818181818182
5491.0,0.4507894736842106
5492.0,-1.3341666666666672
5493.0,-0.2283720930232558
5494.0,0.10134615384615381
5495.0,-0.9512676056338031
5496.0,-1.1267924528301887
5497.0,0.5516666666666666
5498.0,-1.066315789473684
5499.0,-1.1761818181818182
5500.0,-1.105079365079365
5501.0,0.6791176470588235
5502.0,-1.0733333333333333
5503.0,-1.0062337662337664
5504.0,-1.0622656250000002
5505.0,-1.3457692307692308
5506.0,-0.6802985074626866
5507.0,-0.3826530612244898
5508.0,-0.2748837209302325
5509.0,-1.1827083333333335
5510.0,-0.4856140350877193
5511.0,-0.7665151515151515
5512.0,-1.0155102040816328
5513.0,-1.0145098039215688
5514.0,-1.0873684210526315
5515.0,-0.37210526315789505
5516.0,-1.320357142857143
5517.0,-0.8217307692307693
5518.0,-0.8502941176470589
5519.0,-1.0491907514450869
5520.0,-1.2630434782608697
5521.0,-0.9309090909090915
5522.0,-1.0410843373493976
5523.0,-0.5991666666666672
5524.0,-0.8930612244897959
5525.0,-0.9449180327868851
5526.0,-1.1280597014925373
5527.0,-1.115
5528.0,-1.1149999999999998
5529.0,-1.0670833333333334
5530.0,-0.8733333333333333
5531.0,-0.2828571428571429
5532.0,-1.10144578313253
5533.0,-0.9136111111111114
5534.0,-1.1827083333333333
5535.0,-1.1184722222222223
5536.0,-0.9801315789473686
5537.0,-1.3205263157894738
5538.0,-1.135
5539.0,-1.4086666666666672
5540.0,-1.1606666666666667
5541.0,-1.0197619047619046
5542.0,-1.2264285714285719
5543.0,-1.1827083333333335
5544.0,-0.8364912280701755
5545.0,-1.158181818181818
5546.0,-1.1859259259259263
5547.0,-1.244615384615385
5548.0,-1.1612962962962963
5549.0,-0.6828571428571429
5550.0,-0.6827083333333333
5551.0,-1.4176470588235297
5552.0,-1.0975581395348835
5553.0,-0.8867391304347825
5554.0,-1.1925806451612906
5555.0,-1.320769230769231
5556.0,-0.04681818181818201
5557.0,-1.241904761904762
5558.0,-1.074628099173554
5559.0,-0.9963131313131313
5560.0,-0.5966176470588235
5561.0,-0.9416666666666669
5562.0,-0.7879452054794521
5563.0,-1.0834343434343434
5564.0,-1.0035869565217388
5565.0,-1.0591489361702129
5566.0,0.002424242424242343
5567.0,-1.1221428571428569
5568.0,-0.9691666666666665
5569.0,-1.003586956521739
5570.0,-1.1581818181818182
5571.0,-1.1551785714285714
5572.0,-0.5184090909090909
5573.0,-0.3343396226415094
5574.0,-1.1202816901408454
5575.0,-1.2032352941176472
5576.0,-1.1586046511627908
5577.0,-1.022051282051282
5578.0,-1.0496774193548386
5579.0,-0.4832432432432432
5580.0,-1.1218181818181818
5581.0,-1.0909615384615383
5582.0,-0.5911904761904763
5583.0,-1.0154
5584.0,-0.8550000000000001
5585.0,-1.1001190476190477
5586.0,-0.21777777777777776
5587.0,-1.0998484848484846
5588.0,-1.2002272727272727
5589.0,-1.0649999999999997
5590.0,0.19548387096774184
5591.0,0.3641666666666666
5592.0,-0.9952000000000001
5593.0,-0.57125
5594.0,-0.7816666666666666
5595.0,-1.2002272727272727
5596.0,-1.0939024390243903
5597.0,-0.49961538461538474
5598.0,0.3112820512820513
5599.0,-1.1001190476190474
5600.0,-0.19866666666666674
5601.0,-1.0704347826086955
5602.0,-1.1494827586206897
5603.0,-1.0237837837837838
5604.0,-1.0854545454545454
5605.0,-0.32125000000000004
5606.0,-1.0863541666666665
5607.0,0.19269230769230755
5608.0,-1.1218181818181816
5609.0,-0.4549999999999999
5610.0,-1.0371014492753623
5611.0,-0.018409090909090955
5612.0,-0.0755263157894737
5613.0,-1.175
5614.0,-1.0798058252427185
5615.0,-1.0326829268292685
5616.0,-1.0171260997067448
5617.0,0.5164102564102563
5618.0,-1.0575182481751824
5619.0,-1.0927777777777776
5620.0,0.39392857142857124
5621.0,-1.0458510638297873
5622.0,-0.19918367346938778
5623.0,-0.5288888888888889
5624.0,-1.197142857142857
5625.0,-0.420588235294118
5626.0,-0.5650000000000001
5627.0,-1.1240579710144927
5628.0,-1.0184090909090908
5629.0,-0.3054761904761905
5630.0,-0.9746938775510203
5631.0,-0.935
5632.0,-1.0204878048780488
5633.0,-1.24
5634.0,-1.037680412371134
5635.0,-1.0645967741935483
5636.0,-1.2399999999999998
5637.0,-1.1581818181818182
5638.0,-1.1133333333333333
5639.0,-0.39555555555555544
5640.0,-0.9371153846153847
5641.0,-1.1645283018867925
5642.0,-1.0929411764705883
5643.0,-1.0853947368421053
5644.0,-1.179090909090909
5645.0,-1.1041975308641976
5646.0,-1.3003030303030305
5647.0,-1.0671276595744683
5648.0,-1.2587500000000005
5649.0,-1.232941176470588
5650.0,-1.2316666666666667
5651.0,-0.57125
5652.0,-1.2156097560975612
5653.0,-1.2102380952380953
5654.0,-1.0853608247422681
5655.0,-0.8309090909090909
5656.0,-1.233421052631579
5657.0,-1.2271794871794874
5658.0,-1.1056250000000003
5659.0,-1.342666666666667
5660.0,-0.24000000000000007
5661.0,-0.7489285714285715
5662.0,-1.0843877551020407
5663.0,-1.041785714285714
5664.0,-1.2790625
5665.0,-0.7749999999999999
5666.0,-0.8038297872340427
5667.0,-1.4746666666666672
5668.0,-1.04316091954023
5669.0,-1.1435714285714287
5670.0,0.08638888888888883
5671.0,-0.6302439024390244
5672.0,-0.7945454545454548
5673.0,-1.0916483516483515
5674.0,-1.2703030303030303
5675.0,0.5676923076923076
5676.0,0.07250000000000004
5677.0,-0.8365909090909089
5678.0,-1.0316666666666667
5679.0,-1.017542372881356
5680.0,-0.6257142857142857
5681.0,-1.1148780487804877
5682.0,-1.0209090909090914
5683.0,-0.6864285714285715
5684.0,-0.7266071428571428
5685.0,0.5516666666666665
5686.0,-1.0322374429223744
5687.0,-1.1041975308641976
5688.0,-1.0353097345132745
5689.0,-1.1827083333333333
5690.0,0.504047619047619
5691.0,-1.093932584269663
5692.0,-1.151111111111111
5693.0,-0.8746341463414632
5694.0,-1.1085897435897436
5695.0,-1.0696703296703296
5696.0,-1.2620588235294117
5697.0,-0.6864285714285714
5698.0,-1.1041975308641976
5699.0,-1.011551724137931
5700.0,-0.9768421052631578
5701.0,0.15743589743589742
5702.0,-1.0825
5703.0,-1.0904878048780486
5704.0,-1.1441666666666668
5705.0,-0.5802777777777778
5706.0,-1.2684210526315793
5707.0,-1.2959259259259264
5708.0,-1.213571428571429
5709.0,-1.0670833333333334
5710.0,-1.0533561643835616
5711.0,-1.3938888888888892
5712.0,-1.375416666666667
5713.0,-1.1323076923076925
5714.0,-1.15
5715.0,-1.2496428571428573
5716.0,-1.2429411764705887
5717.0,-1.3833333333333335
5718.0,-0.6544736842105264
5719.0,-1.136825396825397
5720.0,-1.1008333333333338
5721.0,-1.3207692307692311
5722.0,-1.08375
5723.0,-1.3341666666666667
5724.0,-1.3388888888888892
5725.0,-1.2496428571428575
5726.0,-1.1713725490196076
5727.0,-1.2264285714285719
5728.0,-1.1117142857142859
5729.0,-1.2316666666666665
5730.0,-1.3594117647058828
5731.0,-1.0764485981308411
5732.0,-1.3921739130434785
5733.0,-1.1758974358974361
5734.0,-1.3089655172413794
5735.0,-1.1547727272727273
5736.0,-0.6775
5737.0,-1.112093023255814
5738.0,-1.289047619047619
5739.0,-1.233421052631579
5740.0,-0.718723404255319
5741.0,-1.1164197530864197
5742.0,-1.0374358974358975
5743.0,-1.0905434782608696
5744.0,-0.27448275862068977
5745.0,-0.03787234042553196
5746.0,0.06978260869565217
5747.0,-1.0951136363636365
5748.0,0.17489361702127662
5749.0,-1.332592592592593
5750.0,-0.8694642857142857
5751.0,-0.8721739130434784
5752.0,-0.6678846153846153
5753.0,-0.23537037037037042
5754.0,-0.5074418604651163
5755.0,-1.088404255319149
5756.0,-1.375416666666667
5757.0,-1.0274493927125505
5758.0,-1.0963218390804599
5759.0,-1.1546153846153848
5760.0,-0.6738235294117647
5761.0,-1.074862385321101
5762.0,-1.1294230769230766
5763.0,-1.1001190476190477
5764.0,-1.0247222222222225
5765.0,-1.067731092436975
5766.0,-0.4859016393442623
5767.0,-0.6695774647887324
5768.0,-0.8820454545454546
5769.0,-1.2469444444444442
5770.0,-1.0919753086419752
5771.0,-1.0806862745098038
5772.0,-1.1194642857142858
5773.0,-0.4729545454545455
5774.0,-1.1028048780487805
5775.0,-1.1713725490196079
5776.0,0.6885714285714286
5777.0,-0.15477272727272726
5778.0,-0.9691666666666667
5779.0,-0.9066666666666667
5780.0,-1.1281578947368425
5781.0,-1.3325925925925928
5782.0,-1.1001075268817202
5783.0,-1.2703030303030303
5784.0,-1.2323333333333335
5785.0,-1.0257142857142856
5786.0,-1.0081159420289854
5787.0,-0.82125
5788.0,0.32249999999999984
5789.0,-1.22125
5790.0,-1.1400000000000001
5791.0,0.6584375
5792.0,-1.0385074626865671
5793.0,-1.0725892857142858
5794.0,-1.2225925925925927
5795.0,-1.1421951219512196
5796.0,-1.206551724137931
5797.0,-1.1229870129870128
5798.0,-1.4104545454545456
5799.0,-1.1492592592592592
5800.0,-1.0629166666666667
5801.0,-1.1028048780487805
5802.0,-0.8881481481481482
5803.0,-1.0161538461538464
5804.0,-1.0773493975903614
5805.0,-1.0403846153846155
5806.0,-1.1184722222222223
5807.0,-0.9843609022556392
5808.0,-0.6454054054054055
5809.0,-1.0756481481481481
5810.0,-1.0645967741935483
5811.0,-1.1093181818181816
5812.0,-1.2754545454545456
5813.0,-1.0209090909090912
5814.0,-0.49462962962962975
5815.0,-1.0500649350649351
5816.0,-1.1028048780487805
5817.0,-1.27030303030303
5818.0,-0.27448275862068977
5819.0,-1.0505825242718447
5820.0,-1.1913888888888888
5821.0,-1.0655208333333333
5822.0,-1.0540243902439026
5823.0,-1.0609459459459458
5824.0,-1.1246153846153846
5825.0,-0.67125
5826.0,-1.026764705882353
5827.0,-1.198666666666667
5828.0,-0.8724242424242424
5829.0,-0.7212500000000001
5830.0,-0.3782978723404255
5831.0,-1.0548148148148146
5832.0,0.1323404255319149
5833.0,-1.0923076923076926
5834.0,-1.0894623655913978
5835.0,-1.0394652406417113
5836.0,-1.0764485981308411
5837.0,-0.5638636363636363
5838.0,-1.201794871794872
5839.0,-0.900377358490566
5840.0,-0.027575757575757608
5841.0,-0.6908928571428571
5842.0,-1.097558139534884
5843.0,-1.1807894736842106
5844.0,-1.0184615384615385
5845.0,-0.74
5846.0,-0.7665151515151516
5847.0,-1.22125
5848.0,-0.44
5849.0,-1.1442553191489364
5850.0,-0.7762318840579708
5851.0,-1.1318918918918919
5852.0,-1.10144578313253
5853.0,-0.72828125
5854.0,-1.173111111111111
5855.0,-1.2790625000000002
5856.0,-1.0929411764705885
5857.0,-1.1494827586206895
5858.0,-1.0253260869565217
5859.0,-1.0927272727272728
5860.0,-1.215609756097561
5861.0,-1.22125
5862.0,-1.0541592920353984
5863.0,-1.226666666666667
5864.0,-1.1675000000000002
5865.0,-1.1490909090909092
5866.0,0.03205882352941171
5867.0,-0.8330232558139533
5868.0,-1.0695454545454546
5869.0,-1.3204545454545455
5870.0,-1.0712698412698411
5871.0,0.17964285714285702
5872.0,-1.045217391304348
5873.0,-1.069059829059829
5874.0,-0.9194871794871796
5875.0,-0.655
5876.0,-1.0733333333333333
5877.0,-1.1758974358974357
5878.0,-1.0798058252427185
5879.0,-0.48000000000000015
5880.0,-1.165
5881.0,-1.0553153153153154
5882.0,-1.1148
5883.0,-1.1868085106382977
5884.0,-1.0525
5885.0,-1.132156862745098
5886.0,-0.9685714285714287
5887.0,-0.8931531531531532
5888.0,-1.1494827586206895
5889.0,-1.1103703703703705
5890.0,0.6584375
5891.0,-1.2329411764705882
5892.0,-0.46093023255813953
5893.0,-0.8921739130434782
5894.0,0.02562499999999997
5895.0,-0.20491228070175438
5896.0,-1.0173066666666666
5897.0,-0.5908064516129031
5898.0,-1.0863541666666665
5899.0,-1.0655813953488373
5900.0,-1.1149999999999998
5901.0,-0.7071052631578948
5902.0,-0.8415625
5903.0,-1.2334210526315788
5904.0,-0.9314893617021277
5905.0,-1.0119298245614037
5906.0,-0.7143589743589742
5907.0,-0.47437499999999994
5908.0,-0.4205555555555555
5909.0,-0.803888888888889
5910.0,-1.2469444444444442
5911.0,0.6975
5912.0,-1.045851063829787
5913.0,-1.0988235294117648
5914.0,-1.1645283018867925
5915.0,-1.0682352941176474
5916.0,-1.0577570093457944
5917.0,0.57875
5918.0,-1.0998484848484849
5919.0,0.7139473684210526
5920.0,-1.0575182481751824
5921.0,-1.126029411764706
5922.0,-0.553953488372093
5923.0,0.07547619047619045
5924.0,-1.0379274611398963
5925.0,-1.1467796610169494
5926.0,-1.105079365079365
5927.0,-1.1695652173913047
5928.0,-1.0890566037735852
5929.0,-1.1713725490196076
5930.0,-0.8415625
5931.0,0.4579166666666665
5932.0,-1.285
5933.0,-1.1626190476190477
5934.0,-1.5341176470588238
5935.0,-1.1713725490196079
5936.0,-0.4542857142857144
5937.0,-1.0209090909090912
5938.0,-1.3040000000000003
5939.0,-1.0237837837837842
5940.0,-1.4247368421052635
5941.0,-1.4758823529411769
5942.0,-1.1066666666666667
5943.0,0.10821428571428561
5944.0,-0.6889473684210529
5945.0,-1.144166666666667
5946.0,-1.2271794871794874
5947.0,-1.1645283018867925
5948.0,-1.1787755102040818
5949.0,-0.8367741935483871
5950.0,-1.2400000000000002
5951.0,-1.1321568627450982
5952.0,-1.1645283018867925
5953.0,-1.0683898305084747
5954.0,-0.365
5955.0,-1.3457692307692308
5956.0,-1.2032352941176472
5957.0,-1.0520805369127517
5958.0,-1.2545000000000004
5959.0,-0.5693750000000003
5960.0,-1.4488888888888891
5961.0,-1.2620588235294117
5962.0,-1.08375
5963.0,-1.0220512820512822
5964.0,-1.2093333333333336
5965.0,-1.0720312500000002
5966.0,-0.6254166666666668
5967.0,-1.3594117647058828
5968.0,-1.0530434782608693
5969.0,-1.2334210526315792
5970.0,-1.2132432432432432
5971.0,-1.12125
5972.0,-1.2587500000000005
5973.0,-0.980963855421687
5974.0,-1.1368253968253965
5975.0,-1.349130434782609
5976.0,0.34593749999999995
5977.0,-0.8253658536585365
5978.0,-1.0873684210526313
5979.0,-1.1551785714285714
5980.0,-0.6223529411764707
5981.0,-1.2542857142857144
5982.0,-0.7911363636363636
5983.0,-1.2469444444444446
5984.0,-1.0740909090909092
5985.0,0.04888888888888887
5986.0,-1.1001190476190477
5987.0,0.29703703703703693
5988.0,-1.1494827586206897
5989.0,-1.2227272727272727
5990.0,-1.2271794871794874
5991.0,0.6084848484848483
5992.0,-1.0478125
5993.0,-1.1405882352941177
5994.0,-1.0744444444444445
5995.0,-0.9779032258064516
5996.0,-1.1101298701298699
5997.0,-1.132156862745098
5998.0,-1.059078947368421
5999.0,-0.4996153846153847
6000.0,-1.1200000000000003
6001.0,-1.3377777777777782
6002.0,-1.186808510638298
6003.0,-1.1522807017543861
6004.0,-1.320526315789474
6005.0,-1.0780952380952382
6006.0,-1.1551785714285714
6007.0,-0.8075675675675674
6008.0,-1.0008333333333335
6009.0,-0.6153846153846155
6010.0,-1.349130434782609
6011.0,-1.0908695652173919
6012.0,-0.9740425531914894
6013.0,-1.0927777777777776
6014.0,-1.064
6015.0,-1.0890566037735847
6016.0,-1.3052173913043483
6017.0,-1.2002272727272727
6018.0,-1.1260294117647058
6019.0,-0.9788059701492537
6020.0,-1.1085897435897436
6021.0,-1.0512582781456954
6022.0,-1.1551785714285714
6023.0,-0.05250000000000021
6024.0,-1.115555555555556
6025.0,-0.6553225806451615
6026.0,-0.5742857142857145
6027.0,-0.9752941176470589
6028.0,-1.191388888888889
6029.0,-1.248125
6030.0,-1.1070886075949367
6031.0,-1.1612962962962963
6032.0,0.5933333333333332
6033.0,-0.9795833333333334
6034.0,-1.0671276595744679
6035.0,-1.2212500000000002
6036.0,-1.1050000000000004
6037.0,-1.0460344827586205
6038.0,-1.1117105263157896
6039.0,-1.0135849056603772
6040.0,-0.5140384615384616
6041.0,-1.2238709677419357
6042.0,-1.201794871794872
6043.0,-1.1758974358974357
6044.0,-0.7116981132075472
6045.0,-1.126029411764706
6046.0,-1.1108333333333331
6047.0,-0.8917857142857144
6048.0,-0.23166666666666677
6049.0,-0.9656637168141593
6050.0,-1.0509243697478992
6051.0,-1.1070886075949367
6052.0,-0.3797058823529413
6053.0,-1.2621739130434784
6054.0,-0.9807407407407409
6055.0,-1.2096969696969697
6056.0,-1.1350000000000002
6057.0,-0.652352941176471
6058.0,-1.0295299145299144
6059.0,-0.9136111111111112
6060.0,-1.017173913043478
6061.0,-1.2399999999999998
6062.0,-1.1014457831325302
6063.0,-0.8316666666666667
6064.0,-0.9610526315789475
6065.0,-0.5733333333333334
6066.0,-1.055
6067.0,-0.8986538461538462
6068.0,-1.161296296296296
6069.0,-1.2051162790697674
6070.0,-0.33374999999999994
6071.0,-1.1441666666666666
6072.0,-0.9025581395348837
6073.0,-0.4475471698113208
6074.0,-1.1184722222222223
6075.0,-1.0756481481481484
6076.0,-0.9707692307692307
6077.0,-1.060945945945946
6078.0,-1.1416393442622952
6079.0,-1.042093023255814
6080.0,-0.5247222222222221
6081.0,-0.6828571428571428
6082.0,-0.9668907563025209
6083.0,-1.4304761904761907
6084.0,-0.8845783132530123
6085.0,-1.295925925925926
6086.0,-1.0780952380952382
6087.0,-0.36121212121212126
6088.0,-1.2703030303030303
6089.0,-1.4443750000000004
6090.0,-1.186808510638298
6091.0,-1.1749999999999998
6092.0,-1.0384293193717276
6093.0,-0.4632142857142858
6094.0,-1.3361904761904764
6095.0,-1.0380769230769233
6096.0,-1.4758823529411769
6097.0,0.06303030303030296
6098.0,-1.2542857142857144
6099.0,-1.175
6100.0,-1.0690598290598292
6101.0,-1.0916483516483517
6102.0,-1.1442553191489362
6103.0,-1.2542857142857142
6104.0,-1.04
6105.0,-1.052060606060606
6106.0,-1.0480357142857142
6107.0,-1.049090909090909
6108.0,-1.120281690140845
6109.0,-0.6060714285714288
6110.0,0.34653846153846146
6111.0,-1.1551785714285714
6112.0,-1.2002272727272727
6113.0,-0.34156250000000005
6114.0,-0.9691666666666668
6115.0,-1.0610784313725488
6116.0,-1.2983333333333336
6117.0,0.6975
6118.0,-1.0190697674418607
6119.0,-1.1379591836734695
6120.0,-1.1184722222222223
6121.0,-1.124057971014493
6122.0,-1.126029411764706
6123.0,-1.0529251700680273
6124.0,-0.5685714285714286
6125.0,-1.2399999999999998
6126.0,-1.1301515151515151
6127.0,-1.080686274509804
6128.0,0.14888888888888877
6129.0,-1.130151515151515
6130.0,-1.2542857142857142
6131.0,-1.1612962962962963
6132.0,-0.9204000000000002
6133.0,-1.2102380952380953
6134.0,-0.4275
6135.0,-1.1133333333333333
6136.0,-1.2880952380952384
6137.0,-1.2316666666666667
6138.0,-1.1713725490196076
6139.0,-1.1955555555555557
6140.0,-1.4176470588235297
6141.0,-1.1827083333333335
6142.0,-1.1103703703703707
6143.0,-1.2002272727272727
6144.0,-1.122987012987013
6145.0,-1.1056249999999999
6146.0,-0.21777777777777776
6147.0,-1.130151515151515
6148.0,-0.6018421052631581
6149.0,0.5016666666666665
6150.0,-1.1827083333333335
6151.0,-0.2345652173913043
6152.0,-1.4443750000000004
6153.0,-1.2051162790697674
6154.0,-1.1301515151515154
6155.0,-1.0772641509433962
6156.0,-0.8432608695652174
6157.0,-1.13453125
6158.0,-1.136825396825397
6159.0,-1.2496428571428573
6160.0,-1.0683898305084745
6161.0,-0.06758620689655183
6162.0,-0.6388095238095238
6163.0,-0.6212500000000001
6164.0,0.05999999999999995
6165.0,-1.0683898305084745
6166.0,-1.0692682926829267
6167.0,-1.1221428571428569
6168.0,-1.1827083333333333
6169.0,0.5478787878787879
6170.0,-1.2808000000000002
6171.0,-1.0073611111111112
6172.0,-1.053793103448276
6173.0,-1.1008333333333338
6174.0,-1.0628346456692912
6175.0,-0.9194871794871795
6176.0,-1.126029411764706
6177.0,-1.233421052631579
6178.0,-1.1323076923076922
6179.0,-0.2911363636363636
6180.0,-1.3089655172413794
6181.0,-0.5687037037037037
6182.0,-1.1645283018867925
6183.0,-1.1150000000000002
6184.0,-1.1467796610169492
6185.0,-1.012727272727273
6186.0,-1.22125
6187.0,-1.2790625
6188.0,-1.0670833333333334
6189.0,-1.2399999999999998
6190.0,-1.0209090909090914
6191.0,-1.2983333333333333
6192.0,-1.0209090909090912
6193.0,-0.39178571428571435
6194.0,-1.20875
6195.0,-1.2315384615384617
6196.0,-0.9309090909090915
6197.0,0.6349999999999999
6198.0,-0.14441176470588238
6199.0,-1.2703030303030303
6200.0,-1.2983333333333333
6201.0,-1.1280597014925375
6202.0,-1.1194642857142856
6203.0,-1.0485443037974684
6204.0,-0.591851851851852
6205.0,-1.1391935483870965
6206.0,0.6686666666666666
6207.0,-1.1494827586206897
6208.0,-1.0314574898785425
6209.0,-1.375416666666667
6210.0,-0.9073333333333334
6211.0,-0.9371153846153845
6212.0,-0.32125000000000004
6213.0,-1.1302739726027398
6214.0,0.0028571428571428047
6215.0,-1.2156097560975612
6216.0,-1.2403030303030302
6217.0,-0.13954545454545472
6218.0,-1.043779069767442
6219.0,-1.012666666666667
6220.0,-1.1050793650793649
6221.0,-1.0535964912280702
6222.0,-1.1108333333333333
6223.0,-0.9752941176470589
6224.0,-1.320357142857143
6225.0,-1.2983333333333333
6226.0,-1.2403030303030302
6227.0,-0.2266666666666669
6228.0,-1.07125
6229.0,-1.2620588235294117
6230.0,-1.0522222222222224
6231.0,-1.0767796610169489
6232.0,-1.092941176470588
6233.0,-1.1735555555555557
6234.0,-1.175
6235.0,-1.2163157894736845
6236.0,-1.1678846153846154
6237.0,-1.1928571428571433
6238.0,-0.9752941176470588
6239.0,-1.1167123287671235
6240.0,-1.088404255319149
6241.0,-0.663076923076923
6242.0,-0.05428571428571431
6243.0,-1.093932584269663
6244.0,-1.3203225806451615
6245.0,-1.3654545454545457
6246.0,-0.975576923076923
6247.0,-0.9755769230769231
6248.0,-1.295925925925926
6249.0,-0.8025
6250.0,-0.34156250000000005
6251.0,-1.0013043478260872
6252.0,-1.191086956521739
6253.0,-1.1551785714285714
6254.0,-1.2429411764705887
6255.0,-1.1028048780487805
6256.0,-0.9100000000000004
6257.0,-1.1008333333333338
6258.0,0.2599999999999999
6259.0,-1.0322077922077924
6260.0,-1.1612962962962963
6261.0,-1.186808510638298
6262.0,-0.7405714285714287
6263.0,-1.191388888888889
6264.0,-0.11500000000000013
6265.0,-1.4443750000000004
6266.0,-1.2983333333333336
6267.0,-1.2073684210526316
6268.0,0.18424242424242412
6269.0,-1.0764485981308411
6270.0,-1.251666666666667
6271.0,-0.77125
6272.0,-1.155714285714286
6273.0,-1.3594117647058828
6274.0,-0.9758490566037733
6275.0,-1.0622656250000002
6276.0,-1.4104545454545456
6277.0,-1.1551785714285714
6278.0,-1.0760000000000005
6279.0,-0.7792156862745097
6280.0,-1.1070886075949367
6281.0,0.5016666666666666
6282.0,-0.34576923076923094
6283.0,-1.1056249999999999
6284.0,-0.9040625
6285.0,-1.022051282051282
6286.0,-1.0081564245810055
6287.0,-0.7823404255319149
6288.0,-1.0923076923076929
6289.0,-0.9568181818181821
6290.0,-1.065
6291.0,-0.22571428571428573
6292.0,-1.1522807017543861
6293.0,-1.0345205479452055
6294.0,0.1393103448275861
6295.0,-1.1741176470588235
6296.0,0.5034210526315789
6297.0,-0.35309523809523813
6298.0,-1.0048809523809523
6299.0,-1.3535000000000001
6300.0,0.6791176470588235
6301.0,-1.1955555555555557
6302.0,0.686829268292683
6303.0,-1.0197619047619049
6304.0,-1.2051162790697674
6305.0,0.11795454545454542
6306.0,-1.069059829059829
6307.0,-1.2065517241379309
6308.0,-1.175
6309.0,-0.8682051282051284
6310.0,0.7483720930232558
6311.0,-1.014169884169884
6312.0,-1.215609756097561
6313.0,-1.0639436619718312
6314.0,-1.0863541666666665
6315.0,-0.7085714285714284
6316.0,-0.8968627450980392
6317.0,-1.0416759776536313
6318.0,-1.2808000000000002
6319.0,-1.0829487179487178
6320.0,-0.9789705882352943
6321.0,-1.0692682926829267
6322.0,-0.7165625
6323.0,-1.1321739130434783
6324.0,-1.1008333333333338
6325.0,0.41517241379310343
6326.0,-0.9433898305084745
6327.0,-0.30410256410256414
6328.0,-1.1008333333333338
6329.0,-1.375416666666667
6330.0,-1.0606521739130432
6331.0,-1.0935714285714286
6332.0,-1.2238709677419357
6333.0,-1.320357142857143
6334.0,-1.0384293193717276
6335.0,-0.17333333333333334
6336.0,-0.23456521739130434
6337.0,0.5560526315789472
6338.0,-0.9622222222222221
6339.0,-1.124057971014493
6340.0,-1.0639436619718308
6341.0,0.4028571428571428
6342.0,-0.8521794871794872
6343.0,-0.8025000000000001
6344.0,-1.0909615384615388
6345.0,-1.06
6346.0,-0.3679069767441861
6347.0,-1.2051162790697674
6348.0,-0.8114285714285714
6349.0,-1.1294230769230766
6350.0,-1.185945945945946
6351.0,-0.5539534883720929
6352.0,-1.1350000000000002
6353.0,-0.8078571428571427
6354.0,-0.3086274509803922
6355.0,-1.14
6356.0,-1.1368253968253967
6357.0,-1.012857142857143
6358.0,-0.320357142857143
6359.0,-1.1494827586206895
6360.0,-1.1358333333333333
6361.0,-0.4351219512195123
6362.0,-0.46656250000000005
6363.0,-1.066046511627907
6364.0,-1.210416666666667
6365.0,-1.13453125
6366.0,-0.81
6367.0,-1.0664462809917357
6368.0,-0.64
6369.0,-1.0183333333333335
6370.0,-1.102127659574468
6371.0,-1.124259259259259
6372.0,-0.83375
6373.0,-1.1581818181818184
6374.0,-0.35805555555555557
6375.0,0.669090909090909
6376.0,-1.0658196721311477
6377.0,-0.39555555555555555
6378.0,-0.9746938775510203
6379.0,-1.1041975308641976
6380.0,-1.07
6381.0,0.06978260869565216
6382.0,-1.2307692307692308
6383.0,-1.1657446808510639
6384.0,-1.2315384615384617
6385.0,-1.037101449275362
6386.0,-1.0240909090909092
6387.0,-1.1281578947368422
6388.0,-0.7012068965517242
6389.0,-1.4176470588235297
6390.0,-1.1467796610169492
6391.0,-1.403
6392.0,-1.1547368421052635
6393.0,-1.005103244837758
6394.0,-1.061078431372549
6395.0,-1.4247368421052633
6396.0,-0.7909259259259258
6397.0,-0.8404
6398.0,-1.0291566265060241
6399.0,-0.9983870967741937
6400.0,-1.1934615384615386
6401.0,-1.0241328413284132
6402.0,-0.6004651162790697
6403.0,-0.8374193548387098
6404.0,-1.1827083333333333
6405.0,-0.8279629629629627
6406.0,-0.5514754098360656
6407.0,-0.09365853658536591
6408.0,-1.105056179775281
6409.0,-1.0344711538461537
6410.0,-1.22125
6411.0,-0.9849324324324327
6412.0,-1.093932584269663
6413.0,-1.0283520599250935
6414.0,-1.0603883495145632
6415.0,-0.975576923076923
6416.0,-1.0863541666666665
6417.0,-0.966842105263158
6418.0,-0.6773684210526315
6419.0,-0.8000000000000002
6420.0,-1.1467796610169492
6421.0,-1.1149999999999998
6422.0,-0.6965217391304349
6423.0,-1.0873684210526315
6424.0,-0.9025581395348836
6425.0,-1.2983333333333336
6426.0,-0.6994594594594594
6427.0,-1.115
6428.0,-1.016595744680851
6429.0,-1.0135849056603774
6430.0,-1.006860465116279
6431.0,-1.1986666666666668
6432.0,-0.8626415094339621
6433.0,0.39392857142857124
6434.0,-1.0905434782608696
6435.0,0.0041860465116278665
6436.0,-1.3325925925925926
6437.0,-1.0190880503144655
6438.0,-0.9812790697674422
6439.0,-1.3325925925925928
6440.0,-0.9012903225806452
6441.0,-1.0866666666666664
6442.0,-1.2227272727272729
6443.0,-0.19161290322580654
6444.0,-0.158918918918919
6445.0,-1.093932584269663
6446.0,0.5334375
6447.0,-1.0634126984126988
6448.0,-1.0775000000000001
6449.0,-0.8493749999999999
6450.0,-1.1467796610169492
6451.0,-1.0853947368421053
6452.0,-1.2102380952380953
6453.0,-1.0795061728395061
6454.0,-1.16
6455.0,-1.2838888888888893
6456.0,-1.1149999999999998
6457.0,-0.735
6458.0,-1.0100000000000002
6459.0,-1.2469444444444444
6460.0,-0.8968627450980391
6461.0,-1.05
6462.0,-1.175
6463.0,-1.4443750000000004
6464.0,-1.0834343434343434
6465.0,-1.0825
6466.0,-1.112093023255814
6467.0,-1.2288888888888891
6468.0,-1.145714285714286
6469.0,-0.7854545454545455
6470.0,-1.1008333333333336
6471.0,-0.4753846153846159
6472.0,-1.0209090909090912
6473.0,-1.1684615384615389
6474.0,-1.1989795918367347
6475.0,-1.0184090909090908
6476.0,-1.3535000000000004
6477.0,-0.5346428571428572
6478.0,-1.1008333333333336
6479.0,0.0748148148148147
6480.0,-1.2983333333333336
6481.0,-1.0890566037735847
6482.0,-0.5047058823529411
6483.0,-1.1441666666666668
6484.0,-0.8672727272727272
6485.0,-1.1827083333333333
6486.0,-1.3341666666666665
6487.0,-1.1014457831325297
6488.0,-1.4247368421052633
6489.0,-0.03807692307692322
6490.0,-0.9229268292682927
6491.0,-1.0617821782178216
6492.0,-1.24
6493.0,-1.1761818181818182
6494.0,-0.655
6495.0,-1.224516129032258
6496.0,-1.1101298701298703
6497.0,-1.0012000000000003
6498.0,0.5978378378378378
6499.0,-1.0740909090909092
6500.0,-1.1775
6501.0,-1.1202816901408452
6502.0,-1.2850000000000001
6503.0,-1.0470652173913044
6504.0,0.32249999999999995
6505.0,-1.215609756097561
6506.0,-0.5290625
6507.0,-0.3357446808510638
6508.0,0.3016666666666666
6509.0,-1.1318918918918919
6510.0,-0.7700000000000005
6511.0,-0.30666666666666664
6512.0,-1.1324137931034481
6513.0,-1.1494827586206895
6514.0,0.10666666666666637
6515.0,-0.16553191489361702
6516.0,-1.2983333333333333
6517.0,-0.5013636363636366
6518.0,-1.2163157894736845
6519.0,-1.3921739130434785
6520.0,-1.0220796460176989
6521.0,-1.1374999999999997
6522.0,-0.9561904761904766
6523.0,-1.1083333333333334
6524.0,-1.0585185185185186
6525.0,-1.153846153846154
6526.0,-1.0723863636363637
6527.0,-1.0127272727272727
6528.0,-0.9055629139072846
6529.0,-1.2334210526315788
6530.0,-0.6723809523809526
6531.0,-0.6693478260869565
6532.0,-1.1441666666666663
6533.0,-0.7266071428571428
6534.0,-1.3654545454545457
6535.0,-0.9616129032258064
6536.0,-1.2703030303030305
6537.0,-1.1787755102040818
6538.0,-1.1910869565217392
6539.0,-1.262058823529412
6540.0,0.3112820512820513
6541.0,-1.154772727272727
6542.0,-1.1451515151515148
6543.0,-1.0963218390804597
6544.0,-0.7658333333333339
6545.0,-0.6908928571428571
6546.0,-1.2200000000000004
6547.0,-1.1441666666666666
6548.0,-0.6060714285714285
6549.0,-0.7303846153846154
6550.0,-1.1391935483870972
6551.0,-1.3361904761904764
6552.0,-1.0552229299363058
6553.0,-1.1678846153846154
6554.0,0.4653571428571427
6555.0,-1.1968750000000004
6556.0,-1.1480434782608697
6557.0,-1.0645967741935483
6558.0,-1.1391935483870965
6559.0,-0.3782978723404256
6560.0,-1.1612962962962963
6561.0,-1.1522807017543861
6562.0,-1.0504575163398693
6563.0,0.7059459459459457
6564.0,-1.2929166666666667
6565.0,-0.7511111111111112
6566.0,-0.8460606060606061
6567.0,-0.837843137254902
6568.0,-0.7792156862745097
6569.0,-1.1581818181818182
6570.0,-1.1410416666666667
6571.0,-1.3341666666666672
6572.0,0.6349999999999997
6573.0,0.12874999999999998
6574.0,-0.9421428571428574
6575.0,-1.0450847457627117
6576.0,-0.9726190476190478
6577.0,-1.07125
6578.0,-0.8835643564356437
6579.0,-1.0470987654320987
6580.0,-1.2271794871794874
6581.0,-1.093932584269663
6582.0,-0.8605769230769231
6583.0,-1.1085897435897438
6584.0,-0.8150000000000002
6585.0,-1.0408241758241759
6586.0,-1.1301515151515151
6587.0,-1.1184722222222223
6588.0,-1.0183333333333338
6589.0,-0.02124999999999999
6590.0,-1.185925925925926
6591.0,-1.292916666666667
6592.0,-1.0963218390804597
6593.0,-1.0100000000000002
6594.0,-1.1008333333333338
6595.0,-1.2748275862068967
6596.0,-1.0906944444444444
6597.0,-1.1358333333333333
6598.0,0.39414634146341454
6599.0,-1.0033333333333336
6600.0,-1.1202816901408448
6601.0,-1.3654545454545455
6602.0,-1.3388888888888895
6603.0,0.6584375
6604.0,-1.1816666666666673
6605.0,0.705945945945946
6606.0,-1.0071232876712326
6607.0,-1.132156862745098
6608.0,-1.0457228915662649
6609.0,-1.24
6610.0,-1.1868085106382977
6611.0,-1.3388888888888892
6612.0,0.6470967741935483
6613.0,-1.2535000000000003
6614.0,-1.0927777777777778
6615.0,-1.0967741935483872
6616.0,-1.3207692307692314
6617.0,0.6584375
6618.0,-1.1070886075949369
6619.0,-1.2542857142857144
6620.0,-1.3833333333333337
6621.0,-1.2073684210526316
6622.0,-1.3678571428571433
6623.0,-0.8712500000000001
6624.0,-1.0640000000000003
6625.0,0.038846153846153704
6626.0,-1.3654545454545455
6627.0,0.5978378378378377
6628.0,-1.0951136363636365
6629.0,-0.21023809523809525
6630.0,-1.1441666666666668
6631.0,-1.2594736842105263
6632.0,-1.0183333333333338
6633.0,-1.0231632653061224
6634.0,-1.2051162790697674
6635.0,-1.115
6636.0,-0.7612765957446809
6637.0,0.07481481481481472
6638.0,-1.078095238095238
6639.0,-1.1713725490196079
6640.0,-1.2264285714285719
6641.0,-0.9545000000000003
6642.0,-1.2429411764705884
6643.0,-1.3938888888888892
6644.0,-1.1713725490196079
6645.0,-0.8193750000000004
6646.0,-1.3325925925925926
6647.0,-1.186808510638298
6648.0,-1.2271794871794874
6649.0,-0.6383050847457626
6650.0,-1.1090697674418601
6651.0,0.46512820512820513
6652.0,-1.3011764705882358
6653.0,-1.0815841584158417
6654.0,0.2602857142857143
6655.0,-1.2399999999999998
6656.0,-1.11012987012987
6657.0,0.7474358974358973
6658.0,-1.152280701754386
6659.0,-1.2542857142857142
6660.0,-1.0424193548387095
6661.0,-0.8416949152542373
6662.0,-1.1264705882352946
6663.0,-0.9309090909090915
6664.0,-1.038507462686567
6665.0,-1.0355665024630543
6666.0,0.3625641025641026
6667.0,-1.2469444444444444
6668.0,0.145
6669.0,-1.182093023255814
6670.0,-1.0634117647058823
6671.0,-1.0683898305084745
6672.0,-0.28870967741935494
6673.0,-0.5802777777777779
6674.0,-1.050185185185185
6675.0,-1.503888888888889
6676.0,-1.0575182481751824
6677.0,-0.7399999999999998
6678.0,-1.191086956521739
6679.0,-0.34576923076923094
6680.0,-1.0282352941176467
6681.0,0.06729166666666668
6682.0,-0.9533333333333334
6683.0,-1.1764102564102565
6684.0,-0.3386842105263157
6685.0,-1.2399999999999998
6686.0,-0.9568674698795181
6687.0,-1.1787755102040816
6688.0,0.6975000000000001
6689.0,-0.23342105263157903
6690.0,-1.3535000000000004
6691.0,-1.1712500000000001
6692.0,0.5026470588235294
6693.0,-1.1323076923076922
6694.0,-1.1913888888888888
6695.0,-1.1349999999999998
6696.0,-0.932
6697.0,-1.069059829059829
6698.0,-1.2009090909090914
6699.0,-1.1522807017543861
6700.0,-1.0760504201680672
6701.0,-1.1551785714285714
6702.0,-0.5952941176470591
6703.0,-1.0677310924369747
6704.0,-1.31
6705.0,-1.1910869565217392
6706.0,-1.0640000000000003
6707.0,-1.276666666666667
6708.0,-1.2051162790697674
6709.0,-1.2658333333333338
6710.0,-0.5121428571428576
6711.0,-1.1109090909090915
6712.0,-0.6544736842105263
6713.0,-1.1678846153846152
6714.0,-1.342666666666667
6715.0,-1.2469444444444446
6716.0,0.6690909090909091
6717.0,-1.0514406779661019
6718.0,-0.6994594594594593
6719.0,-1.191086956521739
6720.0,-1.1494827586206897
6721.0,-1.3969230769230772
6722.0,-0.6544736842105262
6723.0,-1.152280701754386
6724.0,-0.9247014925373135
6725.0,-1.1606666666666667
6726.0,0.5560526315789474
6727.0,-1.142835820895522
6728.0,-1.2403030303030305
6729.0,-0.46093023255813964
6730.0,-1.3089655172413794
6731.0,-1.1173076923076926
6732.0,-1.1761818181818182
6733.0,-1.0631428571428572
6734.0,-0.9729545454545453
6735.0,-1.1085897435897436
6736.0,-1.2883870967741935
6737.0,-1.1180487804878048
6738.0,-1.308965517241379
6739.0,-1.0863541666666665
6740.0,-1.3203571428571432
6741.0,-0.6918072289156628
6742.0,-1.063888888888889
6743.0,-1.2971428571428574
6744.0,-1.3325925925925928
6745.0,-0.9040625
6746.0,-1.0209090909090912
6747.0,-1.1041975308641976
6748.0,-0.9962814070351759
6749.0,-0.6357894736842108
6750.0,-0.4729545454545454
6751.0,-1.1494827586206897
6752.0,0.5676923076923077
6753.0,-1.22125
6754.0,-1.0209090909090912
6755.0,-1.1349122807017542
6756.0,-1.1441666666666668
6757.0,0.5437837837837838
6758.0,-1.1441666666666668
6759.0,-1.0752941176470587
6760.0,-1.285
6761.0,-0.598173076923077
6762.0,-1.175
6763.0,-1.0292337164750958
6764.0,-1.22125
6765.0,0.2448484848484848
6766.0,-0.05770833333333334
6767.0,0.7059459459459457
6768.0,-1.0687692307692307
6769.0,-0.4723943661971831
6770.0,-1.22125
6771.0,-0.0915625000000001
6772.0,-1.1280597014925369
6773.0,-1.1133333333333333
6774.0,-1.2073684210526314
6775.0,0.6690909090909091
6776.0,-1.0078571428571428
6777.0,-0.8852727272727271
6778.0,0.6518918918918919
6779.0,-1.064596774193548
6780.0,-1.2106666666666672
6781.0,-1.320357142857143
6782.0,-1.246
6783.0,-1.0402717391304348
6784.0,-1.228139534883721
6785.0,-1.0197427652733118
6786.0,-1.1713725490196076
6787.0,-1.0183333333333338
6788.0,-1.5681250000000002
6789.0,-1.144666666666667
6790.0,-1.3361904761904764
6791.0,-1.1070886075949367
6792.0,-1.36
6793.0,-0.18339622641509434
6794.0,-1.0160563380281689
6795.0,-0.9309090909090915
6796.0,-1.1989795918367347
6797.0,-1.3011764705882356
6798.0,0.5992857142857142
6799.0,-1.175
6800.0,-1.078666666666667
6801.0,-0.11500000000000002
6802.0,0.651891891891892
6803.0,0.72875
6804.0,-1.039242424242424
6805.0,-1.0344711538461537
6806.0,-1.1171929824561404
6807.0,-1.262058823529412
6808.0,-1.0392424242424243
6809.0,-1.2271794871794874
6810.0,-1.244615384615385
6811.0,-1.0733333333333335
6812.0,-1.0114285714285718
6813.0,-1.0023809523809526
6814.0,-1.0923076923076926
6815.0,-0.050000000000000204
6816.0,-1.10144578313253
6817.0,-0.31937500000000035
6818.0,-0.6116814159292034
6819.0,-0.2102380952380952
6820.0,-1.2102380952380951
6821.0,-1.0696703296703296
6822.0,-1.139193548387097
6823.0,0.3297674418604651
6824.0,-1.1645283018867922
6825.0,-1.0975581395348837
6826.0,0.03343749999999994
6827.0,-0.8867391304347826
6828.0,0.417894736842105
6829.0,0.7356097560975609
6830.0,-1.120281690140845
6831.0,-0.7612765957446805
6832.0,-1.1323076923076922
6833.0,-1.1008333333333338
6834.0,-1.2334210526315792
6835.0,-0.4483333333333333
6836.0,-1.0595488721804514
6837.0,-1.077264150943396
6838.0,-1.0432786885245902
6839.0,0.5404878048780488
6840.0,-1.228888888888889
6841.0,0.6470967741935484
6842.0,-1.037680412371134
6843.0,-0.6602898550724638
6844.0,-1.2850000000000001
6845.0,-0.6307692307692313
6846.0,-1.375416666666667
6847.0,-1.1467796610169494
6848.0,0.37875
6849.0,-1.1171929824561404
6850.0,-0.918191489361702
6851.0,-1.3535000000000001
6852.0,0.13931034482758609
6853.0,-0.7876470588235294
6854.0,0.67875
6855.0,0.67875
6856.0,0.10895833333333331
6857.0,-0.5906944444444444
6858.0,-1.1211111111111107
6859.0,-1.2766666666666668
6860.0,-1.2050000000000003
6861.0,0.6584374999999999
6862.0,0.3455263157894737
6863.0,-0.72125
6864.0,-0.9258108108108108
6865.0,-0.3720754716981133
6866.0,-1.0843877551020409
6867.0,-1.2227272727272729
6868.0,-1.1350000000000002
6869.0,-1.1968750000000004
6870.0,0.09720930232558136
6871.0,-1.2271794871794874
6872.0,-0.5931818181818184
6873.0,-1.288387096774194
6874.0,-1.0460344827586205
6875.0,-0.9468750000000004
6876.0,-1.2587500000000003
6877.0,-1.1551785714285714
6878.0,-1.186808510638298
6879.0,-1.3654545454545455
6880.0,-1.0551408450704225
6881.0,-1.3203571428571432
6882.0,-1.1416393442622952
6883.0,-0.8594029850746266
6884.0,-1.3203571428571428
6885.0,0.17304347826086938
6886.0,-1.210666666666667
6887.0,-1.1103703703703705
6888.0,0.11749999999999966
6889.0,-1.2469444444444446
6890.0,0.5742857142857142
6891.0,0.7139473684210526
6892.0,0.47527777777777774
6893.0,-1.2281395348837207
6894.0,-0.550126582278481
6895.0,-1.0556028368794328
6896.0,-1.0780952380952382
6897.0,0.4429268292682927
6898.0,-1.0360199004975126
6899.0,-1.3654545454545457
6900.0,-0.9805063291139241
6901.0,0.5825806451612902
6902.0,-0.5160416666666667
6903.0,0.7483720930232558
6904.0,-1.1696491228070174
6905.0,-1.0884042553191489
6906.0,-1.0581818181818183
6907.0,-1.0076056338028168
6908.0,-1.1221428571428569
6909.0,0.4872727272727273
6910.0,-0.9358333333333335
6911.0,-0.3213953488372093
6912.0,-1.345769230769231
6913.0,-1.2334210526315792
6914.0,0.669090909090909
6915.0,-1.4030000000000005
6916.0,-1.0183333333333338
6917.0,0.7421428571428571
6918.0,-1.2102380952380953
6919.0,-0.8129166666666666
6920.0,-1.283888888888889
6921.0,0.34649999999999975
6922.0,-1.2009090909090914
6923.0,-1.227179487179487
6924.0,-1.200227272727273
6925.0,-1.093932584269663
6926.0,-1.0963218390804597
6927.0,-1.2469444444444444
6928.0,-1.095
6929.0,0.6082142857142855
6930.0,-1.307692307692308
6931.0,-1.1133333333333333
6932.0,-1.233421052631579
6933.0,0.16583333333333317
6934.0,-1.1149999999999998
6935.0,-1.1948
6936.0,-1.4176470588235297
6937.0,-1.1202816901408452
6938.0,-0.9309090909090915
6939.0,-1.042536231884058
6940.0,-1.1323076923076922
6941.0,-1.2399999999999998
6942.0,-1.1056249999999999
6943.0,0.7059459459459457
6944.0,-1.258518518518519
6945.0,0.67875
6946.0,-0.7650000000000001
6947.0,-0.9679411764705883
6948.0,-1.2156097560975607
6949.0,-0.3157142857142857
6950.0,-1.146779661016949
6951.0,-1.0632323232323235
6952.0,-0.5480357142857143
6953.0,0.7421428571428571
6954.0,-0.12425925925925929
6955.0,-1.22125
6956.0,-1.1441666666666666
6957.0,-1.073333333333333
6958.0,-1.106935483870968
6959.0,-1.1167123287671232
6960.0,-1.1522807017543863
6961.0,-0.8955555555555558
6962.0,-1.0474534161490685
6963.0,-1.1085897435897436
6964.0,0.46512820512820513
6965.0,-0.9627722772277227
6966.0,-1.018030303030303
6967.0,0.635
6968.0,-1.1109090909090915
6969.0,-1.0951136363636362
6970.0,-1.3825000000000003
6971.0,-1.0209090909090914
6972.0,-1.09820895522388
6973.0,-0.8678409090909092
6974.0,-1.2688461538461542
6975.0,-1.089462365591398
6976.0,0.742142857142857
6977.0,-1.4086666666666672
6978.0,-0.7667857142857144
6979.0,-1.02
6980.0,-1.2790625000000002
6981.0,-1.0183333333333338
6982.0,-1.0884042553191489
6983.0,-1.0963218390804599
6984.0,-1.2446153846153851
6985.0,-1.1117105263157891
6986.0,-1.0873684210526318
6987.0,-0.7154098360655735
6988.0,-1.244615384615385
6989.0,-1.4176470588235297
6990.0,-0.9309090909090915
6991.0,0.34620689655172404
6992.0,-1.0140384615384617
6993.0,0.7059459459459458
6994.0,-1.3076923076923077
6995.0,-1.186808510638298
6996.0,-1.4104545454545456
6997.0,-1.0123214285714286
6998.0,0.39068181818181813
6999.0,-0.20022727272727278
7000.0,-1.1260294117647058
7001.0,-1.0453892215568865
7002.0,-1.069059829059829
7003.0,-0.6342424242424244
7004.0,0.37875
7005.0,-1.0655208333333333
7006.0,-1.4730769230769236
7007.0,0.4933333333333334
7008.0,-1.0873684210526318
7009.0,-1.0249462365591397
7010.0,-1.0327631578947367
7011.0,-1.2238709677419357
7012.0,0.28857142857142853
7013.0,-1.0367171717171717
7014.0,-1.13453125
7015.0,-1.0269506726457398
7016.0,-0.946168831168831
7017.0,-0.6739622641509435
7018.0,-1.2653333333333334
7019.0,-0.5485106382978724
7020.0,-1.3089655172413797
7021.0,-1.1547727272727273
7022.0,-1.0636690647482017
7023.0,0.6791176470588234
7024.0,-0.9309090909090915
7025.0,-0.33868421052631587
7026.0,0.7139473684210527
7027.0,-1.3089655172413794
7028.0,-1.1001190476190477
7029.0,-1.1913888888888886
7030.0,-0.928888888888889
7031.0,-1.1645283018867922
7032.0,-1.3457692307692308
7033.0,-0.24000000000000002
7034.0,-1.1302739726027398
7035.0,-1.1455882352941176
7036.0,-1.1859459459459463
7037.0,-1.1684615384615389
7038.0,-0.8564285714285714
7039.0,-1.2663157894736843
7040.0,-1.320357142857143
7041.0,-1.0312946428571428
7042.0,0.5516666666666667
7043.0,-1.1581818181818182
7044.0,-1.1008333333333338
7045.0,0.37111111111111095
7046.0,-0.9362499999999997
7047.0,-1.0357920792079207
7048.0,-1.191904761904762
7049.0,-1.090392156862745
7050.0,-1.139193548387097
7051.0,0.08236842105263159
7052.0,-1.011551724137931
7053.0,-1.2508333333333335
7054.0,-1.194761904761905
7055.0,-0.6036363636363636
7056.0,-0.7832692307692308
7057.0,-0.34344827586206905
7058.0,-0.9686036036036035
7059.0,-1.3726315789473689
7060.0,-1.3060869565217395
7061.0,0.474285714285714
7062.0,-0.12297872340425532
7063.0,-1.044733727810651
7064.0,-1.1280597014925373
7065.0,-1.256451612903226
7066.0,-1.029156626506024
7067.0,-1.3204545454545455
7068.0,-0.9822680412371135
7069.0,-1.289047619047619
7070.0,-1.215609756097561
7071.0,0.5959374999999999
7072.0,-1.1519607843137254
7073.0,0.4266666666666666
7074.0,-1.1001190476190477
7075.0,0.5623255813953487
7076.0,-1.074090909090909
7077.0,0.6702564102564103
7078.0,-0.4351219512195122
7079.0,-1.3969230769230772
7080.0,-0.12297872340425532
7081.0,-1.1735555555555555
7082.0,-1.0834343434343434
7083.0,-1.0279581151832462
7084.0,-1.015098039215686
7085.0,-1.2542857142857147
7086.0,-1.139193548387097
7087.0,-1.0489171974522296
7088.0,-1.1088524590163935
7089.0,-0.023513513513513523
7090.0,-1.0546853146853146
7091.0,-1.1202816901408448
7092.0,-1.2883870967741937
7093.0,-0.7740909090909095
7094.0,-1.2264285714285716
7095.0,-1.17125
7096.0,-1.2238709677419353
7097.0,-1.3205263157894738
7098.0,-1.1684615384615387
7099.0,0.6975000000000001
7100.0,-1.215609756097561
7101.0,-1.1712500000000001
7102.0,0.2183333333333333
7103.0,-1.1458490566037736
7104.0,-1.1280597014925373
7105.0,-0.8811290322580645
7106.0,-0.9309090909090915
7107.0,-1.1368253968253967
7108.0,-0.9818478260869566
7109.0,-0.8919819819819819
7110.0,-0.7865116279069767
7111.0,-1.054732142857143
7112.0,-1.1955555555555553
7113.0,-0.4852830188679246
7114.0,0.7215384615384615
7115.0,0.005098039215686252
7116.0,0.6975
7117.0,-1.0294736842105265
7118.0,-1.055230769230769
7119.0,-1.1551785714285714
7120.0,-1.0764485981308411
7121.0,-1.1612962962962963
7122.0,-1.1713725490196079
7123.0,-1.1645283018867927
7124.0,-1.0257142857142856
7125.0,-1.04
7126.0,-1.3726315789473684
7127.0,-1.0875
7128.0,-1.056546762589928
7129.0,-1.1379591836734693
7130.0,-0.7833333333333337
7131.0,-1.0542361111111112
7132.0,-0.6544736842105263
7133.0,-1.0950724637681157
7134.0,0.7215384615384616
7135.0,-0.6170491803278688
7136.0,-1.044733727810651
7137.0,-0.6212500000000001
7138.0,-1.1070886075949364
7139.0,-1.115
7140.0,-1.1184722222222223
7141.0,-1.0595488721804514
7142.0,-1.0183333333333338
7143.0,-0.5915625000000001
7144.0,-1.0248648648648648
7145.0,-1.0119298245614035
7146.0,0.1681632653061224
7147.0,-1.1435714285714287
7148.0,-1.0306349206349208
7149.0,-0.4780952380952384
7150.0,-0.9707692307692307
7151.0,-0.9476923076923076
7152.0,-1.191086956521739
7153.0,-0.3913157894736843
7154.0,-1.0590298507462688
7155.0,-0.5787096774193549
7156.0,-1.0824999999999998
7157.0,-1.0872222222222223
7158.0,-1.1678846153846154
7159.0,-1.0346428571428572
7160.0,-1.0873684210526313
7161.0,-1.2790625000000002
7162.0,-0.591851851851852
7163.0,-1.2032352941176472
7164.0,-0.29660377358490564
7165.0,-1.1104705882352943
7166.0,-0.024722222222222267
7167.0,-1.0173109243697476
7168.0,0.57875
7169.0,-1.0095312499999998
7170.0,-1.1358333333333333
7171.0,-1.36
7172.0,-0.9808536585365852
7173.0,-1.320357142857143
7174.0,-1.1645283018867925
7175.0,-1.4443750000000004
7176.0,-1.158181818181818
7177.0,0.5367857142857141
7178.0,-0.850294117647059
7179.0,-1.186808510638298
7180.0,-1.063943661971831
7181.0,-0.415
7182.0,-0.5831372549019608
7183.0,-1.1581818181818182
7184.0,-1.4385714285714288
7185.0,-1.1713725490196076
7186.0,-1.2002272727272727
7187.0,-1.1955555555555557
7188.0,-0.44888888888888917
7189.0,-1.1260294117647058
7190.0,-1.067956989247312
7191.0,-1.1117105263157894
7192.0,-1.1166666666666667
7193.0,-1.2658333333333338
7194.0,-1.2002272727272727
7195.0,-1.0853608247422681
7196.0,-1.1542857142857146
7197.0,-1.0825
7198.0,-1.2790625
7199.0,-1.1041379310344828
7200.0,0.705945945945946
7201.0,-1.1955555555555557
7202.0,-1.4104545454545458
7203.0,-0.5650000000000001
7204.0,-1.233421052631579
7205.0,-0.9702631578947369
7206.0,-1.0145098039215685
7207.0,-0.9993283582089554
7208.0,-0.0606521739130435
7209.0,-1.2850000000000004
7210.0,-1.052925170068027
7211.0,0.5863888888888888
7212.0,-1.0705555555555557
7213.0,-1.1246153846153848
7214.0,-1.089462365591398
7215.0,-1.1032812500000002
7216.0,-1.1070886075949367
7217.0,-0.2575000000000003
7218.0,-1.2971428571428576
7219.0,-0.6223529411764706
7220.0,-1.076448598130841
7221.0,-1.2403030303030305
7222.0,-1.0705555555555557
7223.0,-1.1280597014925373
7224.0,-1.1735555555555557
7225.0,-0.5672058823529412
7226.0,-1.191086956521739
7227.0,-1.1710344827586208
7228.0,-1.0723863636363635
7229.0,-0.3375609756097561
7230.0,-1.0533561643835618
7231.0,-1.186808510638298
7232.0,-1.2264285714285719
7233.0,-1.0652032520325203
7234.0,-1.0546853146853148
7235.0,-1.0269718309859155
7236.0,-1.197714285714286
7237.0,-0.9795833333333334
7238.0,-1.0854545454545454
7239.0,-1.320357142857143
7240.0,-0.36019230769230764
7241.0,-1.020952380952381
7242.0,-1.0622656250000002
7243.0,-1.152280701754386
7244.0,-0.94703125
7245.0,-0.24909090909090906
7246.0,-1.1070886075949367
7247.0,-0.6441666666666668
7248.0,-1.1301515151515151
7249.0,-0.9486956521739132
7250.0,0.4507894736842105
7251.0,0.7356097560975609
7252.0,-1.2002272727272725
7253.0,-1.1859459459459463
7254.0,-1.2542857142857144
7255.0,-1.060388349514563
7256.0,-0.8415625000000001
7257.0,-0.91578125
7258.0,-1.1678846153846154
7259.0,-1.1391935483870963
7260.0,-1.1184722222222223
7261.0,-1.1787755102040816
7262.0,-1.3206250000000002
7263.0,-1.0068918918918919
7264.0,-1.1713725490196079
7265.0,-1.227179487179487
7266.0,-0.6908928571428571
7267.0,-0.11755102040816326
7268.0,-1.0723863636363637
7269.0,-0.9518055555555556
7270.0,-1.0190697674418605
7271.0,0.701860465116279
7272.0,-1.1553846153846157
7273.0,-1.2542857142857144
7274.0,-1.1712500000000001
7275.0,-1.078095238095238
7276.0,-1.2040000000000002
7277.0,-1.191923076923077
7278.0,-1.1955555555555553
7279.0,-1.1416393442622952
7280.0,0.3745833333333332
7281.0,0.6975000000000001
7282.0,-0.724126984126984
7283.0,-0.48390243902439023
7284.0,0.00444444444444442
7285.0,-0.9176315789473686
7286.0,-0.14948275862068972
7287.0,-1.1441666666666668
7288.0,-0.30060606060606065
7289.0,-1.1369444444444445
7290.0,-1.1260294117647058
7291.0,-1.2883870967741935
7292.0,-1.0825
7293.0,-1.1133734939759037
7294.0,-1.1586046511627908
7295.0,-1.349130434782609
7296.0,-1.375416666666667
7297.0,-1.3833333333333333
7298.0,-1.5341176470588236
7299.0,-1.1833333333333338
7300.0,-1.144255319148936
7301.0,-1.2971428571428574
7302.0,-0.3200000000000001
7303.0,0.47999999999999987
7304.0,-1.0165957446808511
7305.0,-1.3204000000000002
7306.0,-0.6336170212765958
7307.0,-1.1713725490196076
7308.0,-0.8316666666666668
7309.0,-1.2096969696969697
7310.0,-1.0130769230769237
7311.0,-1.0652032520325203
7312.0,-1.206551724137931
7313.0,-0.9806249999999999
7314.0,-1.3483333333333336
7315.0,-1.1827083333333333
7316.0,-1.2165625
7317.0,-1.2920833333333335
7318.0,-1.14948275862069
7319.0,-0.6550000000000004
7320.0,0.34593749999999995
7321.0,-1.045263157894737
7322.0,-1.2790625
7323.0,-1.1318918918918919
7324.0,-1.0062500000000005
7325.0,0.028749999999999987
7326.0,-0.734047619047619
7327.0,-1.0772641509433962
7328.0,-1.11012987012987
7329.0,-1.0245945945945945
7330.0,-1.0542361111111112
7331.0,-0.8550000000000001
7332.0,-0.41987804878048773
7333.0,-1.0950000000000002
7334.0,-0.8273913043478265
7335.0,-1.1001190476190477
7336.0,-1.0617054263565893
7337.0,-0.2750877192982456
7338.0,-1.2171875
7339.0,-1.0475396825396823
7340.0,-0.7774999999999999
7341.0,-1.004367816091954
7342.0,-0.6441666666666668
7343.0,-1.0424193548387097
7344.0,-0.918030303030303
7345.0,-0.24568181818181814
7346.0,-0.6036363636363636
7347.0,-0.9808536585365856
7348.0,-1.11012987012987
7349.0,-1.283888888888889
7350.0,-1.1167123287671232
7351.0,-0.19346153846153857
7352.0,-1.0257142857142858
7353.0,-1.0414705882352944
7354.0,-0.3720754716981133
7355.0,-1.1184722222222223
7356.0,0.25305555555555553
7357.0,-1.375416666666667
7358.0,-1.248125
7359.0,-0.46093023255813953
7360.0,-1.089462365591398
7361.0,-1.19078431372549
7362.0,0.10166666666666657
7363.0,-0.7865116279069766
7364.0,0.646904761904762
7365.0,-0.32125000000000004
7366.0,-1.0843877551020409
7367.0,-1.1645283018867925
7368.0,-1.240689655172414
7369.0,-0.9960465116279069
7370.0,-1.1458490566037736
7371.0,-1.0237837837837838
7372.0,-1.144166666666667
7373.0,-1.1827083333333335
7374.0,-1.1909756097560977
7375.0,-1.089462365591398
7376.0,-1.0470987654320987
7377.0,-1.22125
7378.0,-0.5247222222222222
7379.0,-1.0400000000000003
7380.0,-1.0905434782608696
7381.0,-0.9996153846153848
7382.0,-0.5915625000000001
7383.0,0.29658536585365847
7384.0,-1.1955555555555553
7385.0,-1.093932584269663
7386.0,-0.7665151515151514
7387.0,-1.10144578313253
7388.0,-0.5184090909090909
7389.0,-0.12888888888888897
7390.0,-1.1442553191489362
7391.0,-1.1088524590163937
7392.0,-1.122142857142857
7393.0,-0.9780952380952381
7394.0,-1.1678846153846154
7395.0,-1.288387096774194
7396.0,0.14970588235294113
7397.0,-0.9741350210970462
7398.0,-1.175897435897436
7399.0,-1.3325925925925926
7400.0,-1.3089655172413794
7401.0,-1.2959259259259264
7402.0,-1.197142857142857
7403.0,-1.2002272727272727
7404.0,-0.9424324324324324
7405.0,-1.1085897435897436
7406.0,-1.186808510638298
7407.0,-1.039465240641711
7408.0,-0.975
7409.0,-0.9309090909090915
7410.0,-1.116712328767123
7411.0,-1.115
7412.0,-1.1467796610169494
7413.0,-1.0740909090909092
7414.0,-1.0126548672566371
7415.0,-1.11012987012987
7416.0,-1.2446153846153851
7417.0,-1.147608695652174
7418.0,-1.2959259259259264
7419.0,-0.25612903225806466
7420.0,-0.8211764705882354
7421.0,-1.1606666666666667
7422.0,-1.1149999999999998
7423.0,-1.0916483516483515
7424.0,-1.2696153846153846
7425.0,-1.175
7426.0,-1.113333333333333
7427.0,-0.24694444444444452
7428.0,-1.0590789473684208
7429.0,-1.166829268292683
7430.0,-1.191086956521739
7431.0,-1.0789423076923075
7432.0,-1.0806862745098038
7433.0,-0.9050485436893204
7434.0,-1.1488461538461539
7435.0,-1.0705555555555557
7436.0,0.4227906976744186
7437.0,-1.14948275862069
7438.0,-0.8576470588235294
7439.0,-1.0982089552238805
7440.0,-1.105079365079365
7441.0,-1.0705555555555557
7442.0,-0.37125
7443.0,-0.8425
7444.0,-1.0764485981308411
7445.0,0.7018604651162789
7446.0,-1.1868085106382975
7447.0,0.15843749999999993
7448.0,-1.2212500000000002
7449.0,-1.1738888888888892
7450.0,-1.064
7451.0,-1.0755263157894734
7452.0,0.22666666666666666
7453.0,-1.1133333333333335
7454.0,-1.1081132075471698
7455.0,-1.0853608247422681
7456.0,-1.0142857142857145
7457.0,0.6945238095238095
7458.0,-1.1085897435897434
7459.0,-1.0413888888888891
7460.0,-1.0189968652037615
7461.0,-1.0109276018099547
7462.0,-0.9051785714285714
7463.0,-1.0606106870229008
7464.0,-0.9253333333333335
7465.0,-0.9314893617021275
7466.0,-1.0875238095238096
7467.0,-0.7436764705882354
7468.0,-1.131891891891892
7469.0,0.04723404255319148
7470.0,-1.0673809523809523
7471.0,-0.19098039215686274
7472.0,0.1748936170212765
7473.0,-1.197142857142857
7474.0,-0.84
7475.0,-0.9338775510204081
7476.0,-1.1240579710144925
7477.0,0.28325581395348837
7478.0,-0.47660714285714284
7479.0,-0.3034545454545455
7480.0,-0.08375000000000003
7481.0,-1.0228947368421053
7482.0,0.02499999999999997
7483.0,-1.0135849056603772
7484.0,-1.1149999999999998
7485.0,-0.9114285714285715
7486.0,-1.0963218390804597
7487.0,0.20021739130434774
7488.0,-1.0780952380952382
7489.0,0.5158139534883721
7490.0,-0.6622222222222223
7491.0,0.3112820512820513
7492.0,-1.2592592592592595
7493.0,-0.6258695652173913
7494.0,-1.1070886075949369
7495.0,-1.1581818181818182
7496.0,-0.8114285714285715
7497.0,-1.1260294117647056
7498.0,-1.1581818181818184
7499.0,-1.0733333333333335
7500.0,-0.8330232558139536
7501.0,0.771860465116279
7502.0,-1.0210650887573962
7503.0,-1.1350000000000002
7504.0,-1.1796296296296294
7505.0,-0.6889795918367346
7506.0,-1.0514285714285716
7507.0,0.7421428571428571
7508.0,-1.0733333333333335
7509.0,-1.0342583732057415
7510.0,-1.197142857142857
7511.0,0.07874999999999997
7512.0,-1.1383673469387756
7513.0,-1.1955555555555557
7514.0,-1.139193548387097
7515.0,0.3457142857142857
7516.0,-0.3601923076923077
7517.0,-0.9390740740740741
7518.0,-1.0677310924369747
7519.0,-0.82125
7520.0,0.07999999999999984
7521.0,-1.1080000000000003
7522.0,-0.21023809523809525
7523.0,-1.0127272727272727
7524.0,-1.0789423076923077
7525.0,-0.11500000000000005
7526.0,-1.2744444444444443
7527.0,-1.0399999999999998
7528.0,-1.2002272727272727
7529.0,-1.0373913043478262
7530.0,-0.3564285714285716
7531.0,-1.1056249999999999
7532.0,-0.5632758620689655
7533.0,-1.11012987012987
7534.0,-1.152280701754386
7535.0,-1.0052439024390243
7536.0,-0.5013636363636365
7537.0,-1.113333333333333
7538.0,0.6189743589743587
7539.0,-1.1103703703703705
7540.0,-0.9717073170731708
7541.0,-1.4525000000000001
7542.0,-0.42627450980392156
7543.0,-1.186808510638298
7544.0,-0.32173076923076926
7545.0,-1.1416393442622954
7546.0,-0.9212499999999999
7547.0,-1.1593548387096775
7548.0,0.6380487804878048
7549.0,-1.0853947368421053
7550.0,-1.2748275862068967
7551.0,-1.0165957446808511
7552.0,-1.1362857142857141
7553.0,0.5978378378378377
7554.0,-1.0834343434343434
7555.0,-1.2496428571428573
7556.0,-1.233421052631579
7557.0,-1.2404000000000002
7558.0,-1.1451515151515148
7559.0,0.2659523809523809
7560.0,-1.1713725490196076
7561.0,-0.9665625000000001
7562.0,-1.1180487804878048
7563.0,-0.9740425531914892
7564.0,-1.1202816901408448
7565.0,-0.448909090909091
7566.0,-1.1276666666666664
7567.0,-0.9156756756756758
7568.0,0.6349999999999999
7569.0,-1.0450595238095237
7570.0,-1.2469444444444444
7571.0,-1.0664462809917357
7572.0,-0.5733333333333336
7573.0,-1.1827083333333333
7574.0,-0.6889655172413793
7575.0,-1.0927777777777776
7576.0,-1.2469444444444444
7577.0,-1.1368253968253972
7578.0,-0.6060714285714287
7579.0,0.27277777777777756
7580.0,-1.2102380952380951
7581.0,-1.0377272727272728
7582.0,-1.3206250000000006
7583.0,-1.1645283018867925
7584.0,-1.0906944444444444
7585.0,-1.2983333333333331
7586.0,0.13931034482758609
7587.0,-1.2983333333333331
7588.0,-1.1510256410256412
7589.0,-1.1645283018867922
7590.0,-1.0303030303030303
7591.0,-1.0495454545454546
7592.0,-1.126774193548387
7593.0,-1.1133333333333333
7594.0,-1.3352380952380953
7595.0,-1.0494262295081969
7596.0,-1.3089655172413794
7597.0,-0.9749999999999999
7598.0,-1.0098412698412698
7599.0,-1.0236842105263158
7600.0,-1.1645283018867922
7601.0,0.7483720930232557
7602.0,-0.6848529411764706
7603.0,-1.1910869565217395
7604.0,-1.2983333333333331
7605.0,-0.9051785714285714
7606.0,-0.42534482758620684
7607.0,-1.122142857142857
7608.0,-1.2399999999999998
7609.0,-1.191086956521739
7610.0,-0.8877272727272727
7611.0,0.686829268292683
7612.0,-0.6177777777777778
7613.0,-1.123225806451613
7614.0,-1.115
7615.0,-1.1410416666666667
7616.0,-1.085700934579439
7617.0,-1.1441666666666666
7618.0,-1.030748898678414
7619.0,-1.3726315789473684
7620.0,-0.8367741935483872
7621.0,-0.7077419354838711
7622.0,-1.0170833333333333
7623.0,-0.7540845070422535
7624.0,-0.6108333333333335
7625.0,-1.1749999999999998
7626.0,-0.7863157894736843
7627.0,-0.8295522388059701
7628.0,-1.1260294117647058
7629.0,-0.5114285714285715
7630.0,-1.1416393442622952
7631.0,-1.1318918918918919
7632.0,-1.2653333333333334
7633.0,-0.8762500000000002
7634.0,-1.3325925925925928
7635.0,-1.1803030303030304
7636.0,-1.3204000000000002
7637.0,0.12363636363636359
7638.0,-0.08042553191489363
7639.0,-0.5908064516129033
7640.0,-1.17175
7641.0,0.7215384615384616
7642.0,0.28857142857142853
7643.0,-1.0151736111111112
7644.0,-0.9794366197183095
7645.0,-1.1167123287671232
7646.0,0.005283018867924552
7647.0,-0.5986666666666667
7648.0,-0.8613235294117646
7649.0,-1.3203571428571428
7650.0,-1.1724137931034486
7651.0,-1.2334210526315788
7652.0,-1.246
7653.0,-1.0533561643835618
7654.0,-1.3203571428571428
7655.0,-1.1202816901408452
7656.0,-1.113333333333333
7657.0,-1.1295555555555556
7658.0,-0.9839024390243901
7659.0,0.7356097560975609
7660.0,-0.6554411764705883
7661.0,-1.147
7662.0,-0.38705882352941173
7663.0,-0.8404
7664.0,-0.42785714285714294
7665.0,-0.8867391304347823
7666.0,-1.1955555555555555
7667.0,-1.3089655172413797
7668.0,-1.2323333333333337
7669.0,0.669090909090909
7670.0,-1.2016
7671.0,-1.0843877551020409
7672.0,-1.1851851851851851
7673.0,-1.0021739130434784
7674.0,-0.4150000000000001
7675.0,0.41972222222222216
7676.0,0.0748148148148147
7677.0,-1.177727272727273
7678.0,-0.8043564356435643
7679.0,-0.9400000000000003
7680.0,-1.2002272727272727
7681.0,-0.9494017094017095
7682.0,-0.20022727272727273
7683.0,-0.4598275862068965
7684.0,-0.9476923076923076
7685.0,-1.1077011494252873
7686.0,-1.0044444444444447
7687.0,-0.8319117647058826
7688.0,-1.0399999999999998
7689.0,-0.655
7690.0,-1.345769230769231
7691.0,-1.3457692307692308
7692.0,-1.0690598290598292
7693.0,-1.1787755102040818
7694.0,-1.1171929824561404
7695.0,-1.1444117647058825
7696.0,-1.0130769230769234
7697.0,-1.0672058823529413
7698.0,-1.2790625000000002
7699.0,-1.0821052631578947
7700.0,-0.11555555555555583
7701.0,-1.3388888888888892
7702.0,-0.9036363636363637
7703.0,-0.7400000000000001
7704.0,-1.2703030303030303
7705.0,-1.0683582089552242
7706.0,0.34653846153846135
7707.0,-1.1395454545454546
7708.0,-1.0162096774193548
7709.0,-0.5721052631578948
7710.0,-1.3594117647058828
7711.0,-1.1441666666666668
7712.0,-1.22125
7713.0,-0.8910416666666666
7714.0,-1.124259259259259
7715.0,-0.8382142857142857
7716.0,-0.8093333333333338
7717.0,-1.0772641509433962
7718.0,-1.136825396825397
7719.0,-1.0935714285714286
7720.0,-1.0625000000000002
7721.0,0.41517241379310343
7722.0,-1.058014705882353
7723.0,-1.0392021276595744
7724.0,-0.7481967213114754
7725.0,-1.0853608247422681
7726.0,-1.0153465346534654
7727.0,-1.1368253968253972
7728.0,-1.0825000000000002
7729.0,-1.0966666666666667
7730.0,0.5334374999999999
7731.0,-1.0237837837837838
7732.0,-1.2051162790697674
7733.0,-0.16261904761904764
7734.0,-1.2469444444444446
7735.0,-1.1001190476190477
7736.0,-1.1108333333333336
7737.0,-0.9020370370370367
7738.0,-1.1270833333333334
7739.0,-1.1965
7740.0,-1.2017948717948717
7741.0,-0.4262745098039216
7742.0,-1.175
7743.0,-1.1002083333333335
7744.0,-1.1125925925925928
7745.0,-1.0652032520325203
7746.0,-0.77125
7747.0,-1.0112500000000004
7748.0,-0.8866346153846153
7749.0,-0.8493749999999999
7750.0,-0.048035714285714314
7751.0,-1.375416666666667
7752.0,-1.0492948717948718
7753.0,-0.7581818181818181
7754.0,-1.0951136363636365
7755.0,-0.1547727272727273
7756.0,-0.8447297297297298
7757.0,-1.104130434782609
7758.0,-0.23999999999999996
7759.0,-1.10328125
7760.0,-1.3341666666666672
7761.0,-1.1833333333333338
7762.0,-0.9421276595744681
7763.0,-1.20969696969697
7764.0,0.4651282051282051
7765.0,-0.8828571428571427
7766.0,0.24026315789473682
7767.0,-1.1075000000000002
7768.0,-1.0176119402985073
7769.0,-1.0740909090909092
7770.0,-0.9811764705882352
7771.0,-0.928888888888889
7772.0,-1.0792307692307694
7773.0,-0.2832692307692307
7774.0,-1.1221428571428573
7775.0,-1.1391935483870967
7776.0,-0.4832432432432433
7777.0,0.4178947368421051
7778.0,-1.132156862745098
7779.0,-0.543921568627451
7780.0,-0.06738095238095242
7781.0,-0.23342105263157903
7782.0,-1.1400000000000001
7783.0,-1.0834343434343434
7784.0,-1.2525641025641026
7785.0,-1.152280701754386
7786.0,-0.9470312499999999
7787.0,-1.0050602409638554
7788.0,-1.0706250000000004
7789.0,-1.0389417989417988
7790.0,-1.0062337662337664
7791.0,-0.6994594594594595
7792.0,-1.0303225806451615
7793.0,-1.132156862745098
7794.0,-1.1441666666666668
7795.0,-0.8268965517241379
7796.0,-1.4086666666666672
7797.0,0.18424242424242415
7798.0,-0.6257142857142859
7799.0,-1.1551785714285714
7800.0,-0.9394117647058823
7801.0,-0.980506329113924
7802.0,-0.2929166666666669
7803.0,-1.0392424242424243
7804.0,-0.655
7805.0,0.4088095238095238
7806.0,-1.2397560975609756
7807.0,-1.0988235294117645
7808.0,-0.5326829268292683
7809.0,-0.375
7810.0,0.12309523809523808
7811.0,-0.19098039215686274
7812.0,-1.0988235294117648
7813.0,-1.375416666666667
7814.0,-1.2983333333333331
7815.0,0.6553488372093024
7816.0,-0.713571428571429
7817.0,-1.0772641509433962
7818.0,-1.2002272727272727
7819.0,-1.084155844155844
7820.0,0.3981578947368421
7821.0,-0.9262962962962964
7822.0,-1.0089393939393938
7823.0,-1.1581818181818182
7824.0,-1.0145098039215685
7825.0,-0.19121951219512198
7826.0,-0.4856140350877193
7827.0,-1.1490909090909094
7828.0,-0.870081300813008
7829.0,-0.2345652173913043
7830.0,-1.1914634146341463
7831.0,0.004444444444444407
7832.0,-1.146779661016949
7833.0,-1.1133734939759037
7834.0,-0.7331506849315069
7835.0,-1.0556249999999998
7836.0,-1.0591489361702129
7837.0,-1.3060869565217392
7838.0,-1.0873684210526318
7839.0,-0.2283720930232558
7840.0,-0.5629166666666667
7841.0,0.20196428571428565
7842.0,0.6380487804878049
7843.0,-1.0725892857142858
7844.0,0.1822222222222222
7845.0,-1.2329411764705882
7846.0,0.23674418604651165
7847.0,-0.9136363636363639
7848.0,0.7474358974358974
7849.0,0.027857142857142844
7850.0,-1.210666666666667
7851.0,-1.1827083333333333
7852.0,-1.03675799086758
7853.0,-0.75953125
7854.0,-0.75
7855.0,-1.095072463768116
7856.0,-1.1014457831325302
7857.0,-1.1441666666666666
7858.0,-1.3204000000000002
7859.0,-1.1787755102040816
7860.0,-1.132156862745098
7861.0,-0.27804347826086956
7862.0,-1.0908695652173916
7863.0,-1.0695454545454546
7864.0,-1.136825396825397
7865.0,-1.1221428571428569
7866.0,-1.074862385321101
7867.0,-1.1684615384615389
7868.0,-1.0185087719298247
7869.0,-1.3361904761904764
7870.0,-0.8184313725490197
7871.0,-1.1626190476190477
7872.0,-1.3654545454545455
7873.0,-0.6504477611940299
7874.0,0.25999999999999995
7875.0,-1.0425925925925925
7876.0,-0.22571428571428578
7877.0,-0.5372972972972974
7878.0,-1.1410416666666665
7879.0,-1.0909615384615385
7880.0,-1.1260294117647058
7881.0,-1.2397560975609758
7882.0,-1.049090909090909
7883.0,-1.2238709677419355
7884.0,-0.729795918367347
7885.0,-0.3971428571428572
7886.0,-1.1149999999999998
7887.0,-0.8122891566265062
7888.0,-1.011186440677966
7889.0,-0.25063829787234043
7890.0,-1.2653333333333334
7891.0,-1.0185493827160494
7892.0,-0.8077966101694914
7893.0,-1.1056249999999999
7894.0,-0.9568674698795181
7895.0,-1.3654545454545455
7896.0,-1.085360824742268
7897.0,-0.030645161290322687
7898.0,0.4693023255813953
7899.0,-1.1041975308641976
7900.0,-0.33374999999999994
7901.0,-1.001061946902655
7902.0,-1.1056249999999999
7903.0,-0.3820454545454546
7904.0,0.13096774193548374
7905.0,-1.1761818181818182
7906.0,-1.1121052631578952
7907.0,-0.6802985074626865
7908.0,-0.3077083333333333
7909.0,-0.8077083333333333
7910.0,-0.7066666666666667
7911.0,-1.0190410958904113
7912.0,-0.9980128205128205
7913.0,-1.0547321428571428
7914.0,-1.2194444444444446
7915.0,-0.23456521739130437
7916.0,-0.1626190476190476
7917.0,-1.3203571428571428
7918.0,0.04723404255319146
7919.0,0.7483720930232557
7920.0,-1.0639795918367347
7921.0,-0.9091729323308271
7922.0,-1.1581818181818182
7923.0,-1.1827083333333333
7924.0,-1.049659090909091
7925.0,-1.320357142857143
7926.0,-0.8295522388059702
7927.0,-1.152280701754386
7928.0,0.6086842105263157
7929.0,-1.092112676056338
7930.0,-1.0457228915662653
7931.0,-1.2051162790697674
7932.0,-1.08051724137931
7933.0,-0.9792857142857142
7934.0,-1.0037362637362637
7935.0,-0.8888888888888892
7936.0,0.06303030303030296
7937.0,-1.175
7938.0,-1.0743023255813953
7939.0,-0.6410416666666666
7940.0,-1.1551785714285714
7941.0,-1.1612962962962963
7942.0,-1.0906944444444444
7943.0,-1.3726315789473684
7944.0,-0.20153846153846153
7945.0,0.6791176470588234
7946.0,-1.1167123287671232
7947.0,-1.0550000000000002
7948.0,0.26735294117647046
7949.0,0.5959374999999999
7950.0,-1.0391304347826085
7951.0,-0.7297959183673469
7952.0,-1.10144578313253
7953.0,-0.21656250000000007
7954.0,-1.1796969696969697
7955.0,-1.1017021276595744
7956.0,0.0024242424242422894
7957.0,0.49170731707317067
7958.0,-1.078666666666667
7959.0,-0.7750000000000001
7960.0,-1.1620000000000001
7961.0,-1.0786666666666669
7962.0,0.5676923076923077
7963.0,-0.135
7964.0,-1.233421052631579
7965.0,-0.9517903930131003
7966.0,-1.1167123287671232
7967.0,-1.0943333333333336
7968.0,0.735609756097561
7969.0,0.3451063829787233
7970.0,0.7483720930232558
7971.0,-0.8576470588235293
7972.0,-0.9792857142857141
7973.0,-0.7963157894736844
7974.0,-1.292916666666667
7975.0,0.6266666666666666
7976.0,-1.0345205479452053
7977.0,-1.0217869415807561
7978.0,-1.11012987012987
7979.0,-1.0595488721804514
7980.0,-1.0145098039215688
7981.0,0.3459374999999999
7982.0,-0.15517857142857147
7983.0,-0.7266071428571428
7984.0,-1.3203571428571428
7985.0,-1.240689655172414
7986.0,-0.761276595744681
7987.0,-0.9702631578947369
7988.0,-1.1008333333333338
7989.0,-1.1221428571428569
7990.0,0.07547619047619049
7991.0,-1.145151515151515
7992.0,0.065
7993.0,0.6791176470588235
7994.0,-0.5140384615384614
7995.0,-1.1787755102040816
7996.0,-1.1027586206896551
7997.0,0.1602222222222222
7998.0,0.5270454545454545
7999.0,-0.5733333333333334
8000.0,-1.262058823529412
8001.0,0.7215384615384617
8002.0,0.07481481481481467
8003.0,-1.0923076923076926
8004.0,-1.1421428571428573
8005.0,-1.0998484848484849
8006.0,-1.0564556962025318
8007.0,-1.0156944444444445
8008.0,-0.5545000000000002
8009.0,-1.1391935483870967
8010.0,-1.163888888888889
8011.0,-1.1088524590163935
8012.0,0.31555555555555553
8013.0,0.3787499999999999
8014.0,-1.2051162790697674
8015.0,-1.062903225806452
8016.0,-1.092941176470588
8017.0,-1.1070886075949369
8018.0,-0.4973529411764706
8019.0,-1.1041304347826089
8020.0,-1.042919708029197
8021.0,-1.1379591836734693
8022.0,-1.1070886075949367
8023.0,-0.582391304347826
8024.0,-0.4729545454545455
8025.0,-0.9750000000000001
8026.0,0.5724999999999999
8027.0,-1.3921739130434787
8028.0,-1.185925925925926
8029.0,-1.0810144927536232
8030.0,0.701860465116279
8031.0,-1.124057971014493
8032.0,-1.0815841584158414
8033.0,-1.0950724637681157
8034.0,-0.3910416666666667
8035.0,-0.8580555555555556
8036.0,-1.320357142857143
8037.0,0.6975000000000001
8038.0,-1.0443478260869565
8039.0,-1.1965
8040.0,-1.089056603773585
8041.0,-1.126029411764706
8042.0,-1.10144578313253
8043.0,-1.28
8044.0,0.20852941176470582
8045.0,-1.1111111111111114
8046.0,-1.2264285714285716
8047.0,-0.6983333333333335
8048.0,-1.0525
8049.0,-1.0341176470588234
8050.0,-1.0123214285714286
8051.0,-1.3076923076923077
8052.0,0.67875
8053.0,-1.0165957446808507
8054.0,-1.0884042553191489
8055.0,-1.0570289855072463
8056.0,-0.6722033898305085
8057.0,-1.2073684210526316
8058.0,-1.4104545454545456
8059.0,-0.5687037037037037
8060.0,-1.22125
8061.0,0.7139473684210526
8062.0,0.4610869565217391
8063.0,0.03205882352941172
8064.0,0.3474999999999998
8065.0,0.04181818181818177
8066.0,-1.1050793650793649
8067.0,-1.0577570093457944
8068.0,-0.9298734177215192
8069.0,0.6086842105263156
8070.0,-1.0733333333333335
8071.0,-1.1713725490196076
8072.0,-0.3431746031746032
8073.0,0.07874999999999996
8074.0,-1.1678846153846156
8075.0,-1.132972972972973
8076.0,-1.2212500000000002
8077.0,-1.0131481481481484
8078.0,0.7215384615384616
8079.0,0.3297674418604651
8080.0,-1.0551408450704225
8081.0,-1.147608695652174
8082.0,-1.0490909090909093
8083.0,0.5599999999999998
8084.0,0.6084848484848484
8085.0,-1.1362857142857141
8086.0,-1.3457692307692308
8087.0,-0.24694444444444452
8088.0,-0.8667605633802818
8089.0,-1.0850000000000004
8090.0,-1.0520805369127517
8091.0,-1.0798058252427185
8092.0,-1.0478260869565221
8093.0,-1.2658333333333338
8094.0,-1.2658333333333338
8095.0,-1.1968750000000004
8096.0,-0.4208510638297873
8097.0,0.6791176470588234
8098.0,-1.0673809523809523
8099.0,-1.069741379310345
8100.0,-1.0541592920353984
8101.0,-1.3600000000000003
8102.0,-1.3011764705882356
8103.0,-0.7481967213114754
8104.0,-1.1581818181818182
8105.0,-0.6307692307692314
8106.0,-0.6649999999999999
8107.0,-1.11969696969697
8108.0,-0.8580555555555557
8109.0,-0.15250000000000025
8110.0,-0.7243749999999999
8111.0,-0.07605263157894747
8112.0,-0.9733333333333333
8113.0,-1.22125
8114.0,-0.9426666666666671
8115.0,0.08459459459459455
8116.0,-1.1369444444444445
8117.0,-1.0411049723756907
8118.0,-1.1194642857142856
8119.0,-1.0346859903381642
8120.0,-1.137142857142857
8121.0,-1.1813157894736843
8122.0,0.5992857142857142
8123.0,0.705945945945946
8124.0,-0.11142857142857146
8125.0,0.6189743589743589
8126.0,-1.1020689655172415
8127.0,-0.44
8128.0,-1.012666666666667
8129.0,-1.124057971014493
8130.0,-1.0853608247422681
8131.0,-1.0385074626865674
8132.0,-1.130151515151515
8133.0,-0.958403361344538
8134.0,-1.2156097560975612
8135.0,-0.5608000000000002
8136.0,-0.9481250000000003
8137.0,-1.22125
8138.0,-1.1149999999999998
8139.0,-1.0183333333333338
8140.0,-1.2911764705882354
8141.0,-0.3386842105263158
8142.0,-1.0316666666666667
8143.0,-1.2983333333333331
8144.0,-0.2920833333333335
8145.0,0.6518918918918917
8146.0,-0.6108333333333331
8147.0,-1.1184722222222223
8148.0,0.032058823529411716
8149.0,-1.0815841584158414
8150.0,-0.4440816326530613
8151.0,-1.0320454545454545
8152.0,-1.0464024390243902
8153.0,0.4088095238095238
8154.0,0.72875
8155.0,-0.7843548387096774
8156.0,-0.9149999999999999
8157.0,-0.4327083333333333
8158.0,-1.2403030303030305
8159.0,-1.1645283018867925
8160.0,-1.215609756097561
8161.0,-1.0894623655913978
8162.0,-0.9733333333333333
8163.0,-1.197142857142857
8164.0,-1.0772641509433962
8165.0,0.004444444444444455
8166.0,-1.0171739130434783
8167.0,0.5614705882352942
8168.0,-1.0805172413793103
8169.0,-1.129423076923077
8170.0,0.5959374999999999
8171.0,-1.0664462809917357
8172.0,0.2871739130434782
8173.0,-1.0177777777777777
8174.0,-1.060945945945946
8175.0,0.735609756097561
8176.0,0.12274509803921563
8177.0,-1.0939325842696628
8178.0,-1.0237837837837842
8179.0,-0.7182608695652173
8180.0,-1.0642028985507248
8181.0,-0.3604000000000001
8182.0,-1.0444117647058824
8183.0,0.4088095238095238
8184.0,0.67875
8185.0,-1.0780952380952382
8186.0,-1.0165957446808511
8187.0,-1.081772151898734
8188.0,0.7139473684210526
8189.0,0.46153846153846145
8190.0,-1.0695454545454546
8191.0,-1.1538461538461537
8192.0,-1.1955555555555557
8193.0,-0.31017543859649127
8194.0,0.6885714285714285
8195.0,-0.926046511627907
8196.0,-0.175
8197.0,-0.9766071428571428
8198.0,-1.017173913043478
8199.0,-1.3726315789473684
8200.0,-1.116712328767123
8201.0,-1.099375
8202.0,-1.1028048780487802
8203.0,-1.1242592592592593
8204.0,-1.2002272727272727
8205.0,-1.1345312499999998
8206.0,-1.1787755102040816
8207.0,-1.2073684210526314
8208.0,-1.0975581395348837
8209.0,-1.1971428571428573
8210.0,-1.1847058823529417
8211.0,-0.6150000000000001
8212.0,-1.057826086956522
8213.0,-1.1669230769230774
8214.0,-1.3089655172413797
8215.0,-1.136825396825397
8216.0,-1.0474534161490685
8217.0,-1.0992307692307695
8218.0,0.5192592592592592
8219.0,-1.078095238095238
8220.0,-1.256451612903226
8221.0,-0.9453846153846153
8222.0,-1.1094202898550725
8223.0,-1.3060869565217395
8224.0,-1.1986666666666668
8225.0,-0.6193103448275865
8226.0,-1.2983333333333336
8227.0,-1.292916666666667
8228.0,-0.24117647058823558
8229.0,-1.1247368421052633
8230.0,-1.2808000000000002
8231.0,-1.2051162790697674
8232.0,-1.0617054263565893
8233.0,-1.4488888888888891
8234.0,-1.0786666666666667
8235.0,-1.1001190476190477
8236.0,0.15843749999999995
8237.0,-1.0287577639751553
8238.0,-1.1070886075949369
8239.0,0.11714285714285708
8240.0,-0.550344827586207
8241.0,-1.295925925925926
8242.0,-0.9812790697674418
8243.0,0.0641176470588235
8244.0,0.7059459459459458
8245.0,-1.3833333333333335
8246.0,-1.0622656250000002
8247.0,-1.0416759776536313
8248.0,-0.7865116279069769
8249.0,-1.1542105263157898
8250.0,-0.5733333333333335
8251.0,-1.1713725490196076
8252.0,-1.0530434782608697
8253.0,-1.0386842105263157
8254.0,-1.2883870967741937
8255.0,-0.9523287671232876
8256.0,-0.9780952380952381
8257.0,-1.1645283018867922
8258.0,-1.0679569892473117
8259.0,-1.1868085106382977
8260.0,-1.0692682926829267
8261.0,-0.8861538461538462
8262.0,-1.1382758620689655
8263.0,-0.4316666666666667
8264.0,-1.27030303030303
8265.0,-1.1109090909090913
8266.0,-1.0893150684931507
8267.0,-1.0704347826086955
8268.0,-1.080686274509804
8269.0,0.3068749999999997
8270.0,-1.3060869565217395
8271.0,-1.0424193548387097
8272.0,-1.1264705882352943
8273.0,-0.5765384615384617
8274.0,0.002352941176470545
8275.0,-0.517777777777778
8276.0,-1.1167123287671232
8277.0,-0.7660416666666666
8278.0,-1.064
8279.0,-1.0855882352941175
8280.0,-1.166551724137931
8281.0,-0.9725581395348836
8282.0,-1.027049180327869
8283.0,-0.9803846153846155
8284.0,-0.496578947368421
8285.0,-1.1264705882352946
8286.0,-1.22125
8287.0,-1.1041818181818182
8288.0,-0.9146031746031746
8289.0,-1.1948
8290.0,-1.1041975308641976
8291.0,-1.0570289855072463
8292.0,-1.1612962962962965
8293.0,-0.9953061224489795
8294.0,-1.0664462809917354
8295.0,-1.0855882352941175
8296.0,0.4077272727272725
8297.0,-1.3206250000000004
8298.0,-1.1868085106382977
8299.0,-1.1581818181818184
8300.0,-1.182093023255814
8301.0,-1.0873684210526318
8302.0,-0.7765853658536586
8303.0,-1.1833333333333338
8304.0,-1.1008333333333336
8305.0,-1.244615384615385
8306.0,-1.0951136363636365
8307.0,0.31681818181818167
8308.0,0.0032432432432432045
8309.0,0.5959375
8310.0,-1.1103703703703705
8311.0,-1.0853608247422681
8312.0,-1.3388888888888892
8313.0,-1.069268292682927
8314.0,-1.2983333333333331
8315.0,-1.375416666666667
8316.0,-1.1913888888888888
8317.0,-0.9721428571428573
8318.0,-0.2828571428571429
8319.0,-1.22125
8320.0,-1.130151515151515
8321.0,-0.4040625000000001
8322.0,-0.8502941176470589
8323.0,-1.1301515151515151
8324.0,0.7059459459459458
8325.0,-0.7481967213114754
8326.0,-0.347843137254902
8327.0,0.14194444444444443
8328.0,0.48185185185185164
8329.0,0.21945945945945944
8330.0,-1.1678846153846152
8331.0,-1.0508552631578947
8332.0,-1.22125
8333.0,-0.7128260869565217
8334.0,-1.0617054263565893
8335.0,-1.0606521739130437
8336.0,-1.006025641025641
8337.0,-0.66578125
8338.0,-0.7538888888888887
8339.0,-0.9576470588235295
8340.0,-1.1787755102040816
8341.0,-1.0203738317757007
8342.0,-1.3825000000000003
8343.0,-1.012727272727273
8344.0,-1.082105263157895
8345.0,-1.3060869565217395
8346.0,-1.4768421052631582
8347.0,-1.197142857142857
8348.0,-1.0652032520325205
8349.0,-1.1410416666666665
8350.0,-0.41361111111111115
8351.0,0.30255319148936166
8352.0,0.19023255813953488
8353.0,-0.6864285714285715
8354.0,-1.2271794871794872
8355.0,-0.8611180124223602
8356.0,-0.37207547169811317
8357.0,-1.0453020134228188
8358.0,-1.0133870967741936
8359.0,-1.1221428571428573
8360.0,0.3297674418604651
8361.0,-0.5480357142857143
8362.0,-0.9238235294117646
8363.0,-0.1242592592592593
8364.0,-0.2588679245283019
8365.0,-0.7738983050847458
8366.0,-1.1581818181818182
8367.0,-0.05770833333333338
8368.0,-1.2051162790697674
8369.0,-1.0094610778443116
8370.0,0.15743589743589742
8371.0,0.5676923076923075
8372.0,-1.182093023255814
8373.0,-1.0525
8374.0,0.6702564102564101
8375.0,0.7215384615384615
8376.0,-1.0629166666666667
8377.0,-1.0058227848101264
8378.0,-1.031139240506329
8379.0,-0.365
8380.0,-1.0291566265060241
8381.0,-1.1041975308641976
8382.0,0.5208695652173911
8383.0,-0.2911363636363636
8384.0,0.42874999999999996
8385.0,-0.7792857142857144
8386.0,0.3465384615384614
8387.0,0.6613157894736841
8388.0,-1.2271794871794872
8389.0,-1.1056249999999999
8390.0,-1.1260294117647058
8391.0,-1.0307968127490041
8392.0,0.4651282051282051
8393.0,-1.3203571428571432
8394.0,-0.7612765957446809
8395.0,-0.3500000000000001
8396.0,-1.051320754716981
8397.0,-1.2399999999999998
8398.0,-0.7980357142857143
8399.0,-0.2528205128205129
8400.0,-1.1236170212765957
8401.0,-0.3213953488372093
8402.0,-1.2983333333333333
8403.0,0.6690909090909091
8404.0,-0.6667241379310344
8405.0,-0.7909259259259258
8406.0,-1.1128813559322033
8407.0,-0.8795348837209304
8408.0,-0.1444117647058824
8409.0,-1.0998484848484849
8410.0,-1.1384057971014494
8411.0,-0.026764705882352992
8412.0,-0.34784313725490196
8413.0,0.30499999999999994
8414.0,-1.082105263157895
8415.0,0.1309677419354838
8416.0,-1.0524999999999998
8417.0,-0.6239285714285715
8418.0,-0.9133870967741936
8419.0,0.7215384615384616
8420.0,-1.1581818181818184
8421.0,-0.7934285714285715
8422.0,-1.0431609195402298
8423.0,-0.9913407821229051
8424.0,-0.5687037037037038
8425.0,-0.22437500000000002
8426.0,-0.88453125
8427.0,-1.1117105263157896
8428.0,-1.0346859903381642
8429.0,0.6287499999999999
8430.0,-1.1088524590163933
8431.0,-0.8341666666666668
8432.0,0.742142857142857
8433.0,-0.6433333333333333
8434.0,-1.016595744680851
8435.0,-1.1391935483870967
8436.0,-0.015000000000000008
8437.0,-1.0611538461538461
8438.0,-1.210416666666667
8439.0,-1.3833333333333333
8440.0,-1.115
8441.0,-1.151111111111111
8442.0,-1.1787755102040816
8443.0,-0.8694642857142857
8444.0,-1.2748275862068965
8445.0,-1.0863541666666665
8446.0,-1.0152043596730245
8447.0,-1.3011764705882356
8448.0,-1.0595488721804514
8449.0,-1.141639344262295
8450.0,-0.6316666666666669
8451.0,-1.1028048780487805
8452.0,-1.3204000000000002
8453.0,-1.1128813559322033
8454.0,0.72875
8455.0,-1.0360199004975126
8456.0,-1.1148780487804877
8457.0,-0.268846153846154
8458.0,-0.19138888888888894
8459.0,-1.099375
8460.0,-1.1037777777777777
8461.0,-1.0306349206349208
8462.0,-0.679814814814815
8463.0,-1.3341666666666667
8464.0,0.7421428571428571
8465.0,-0.4316666666666668
8466.0,-1.1231250000000002
8467.0,-1.11012987012987
8468.0,-1.1494827586206897
8469.0,-1.0975581395348835
8470.0,-1.105625
8471.0,-1.0316666666666667
8472.0,-1.0411049723756907
8473.0,0.5724999999999999
8474.0,-1.085700934579439
8475.0,-1.2883870967741937
8476.0,-1.2403030303030302
8477.0,0.686829268292683
8478.0,-1.0379274611398963
8479.0,-1.015412087912088
8480.0,-0.7481967213114754
8481.0,-1.3011764705882358
8482.0,-0.5913513513513515
8483.0,-1.069741379310345
8484.0,-0.7879452054794521
8485.0,-1.1212499999999999
8486.0,-1.1713725490196076
8487.0,-1.2542857142857144
8488.0,-1.1441666666666668
8489.0,-1.0155102040816324
8490.0,-1.2288888888888891
8491.0,-1.1467796610169496
8492.0,-0.8078571428571428
8493.0,-0.6004651162790697
8494.0,-1.2838888888888893
8495.0,0.6885714285714285
8496.0,-1.0245744680851063
8497.0,-1.2766666666666673
8498.0,0.7059459459459458
8499.0,-1.24
8500.0,-0.9066666666666667
8501.0,-1.2171875
8502.0,-1.2790625000000002
8503.0,-1.1323076923076925
8504.0,-1.24
8505.0,-1.0290625
8506.0,0.6885714285714285
8507.0,-1.175
8508.0,-0.18363636363636388
8509.0,0.67875
8510.0,-1.244615384615385
8511.0,-1.3204
8512.0,-1.1581818181818184
8513.0,-1.0282231404958677
8514.0,-1.0081159420289854
8515.0,-1.1488461538461539
8516.0,-1.5038888888888893
8517.0,-0.9772881355932205
8518.0,-0.6547727272727273
8519.0,-1.1642105263157898
8520.0,-1.2545000000000004
8521.0,-1.1955555555555555
8522.0,-1.1085897435897436
8523.0,-1.0535820895522388
8524.0,-0.45350000000000035
8525.0,-1.069741379310345
8526.0,-1.1540625000000002
8527.0,-0.9381132075471698
8528.0,-0.5141935483870969
8529.0,-0.9244660194174759
8530.0,-1.3833333333333335
8531.0,-1.0570289855072463
8532.0,-0.6642424242424244
8533.0,-1.0551408450704227
8534.0,0.7483720930232558
8535.0,-1.0564935064935064
8536.0,-1.3594117647058828
8537.0,0.7421428571428571
8538.0,-0.9512676056338027
8539.0,-0.9507142857142856
8540.0,0.4787499999999999
8541.0,-0.7792156862745099
8542.0,-0.32125
8543.0,-1.186808510638298
8544.0,0.76
8545.0,-0.5248101265822784
8546.0,0.7483720930232558
8547.0,-0.7738983050847457
8548.0,-1.1833333333333338
8549.0,-0.43655737704918035
8550.0,-0.5492105263157895
8551.0,-1.0815841584158414
8552.0,0.31729166666666664
8553.0,-0.3219672131147541
8554.0,-1.0357746478873238
8555.0,-0.31954545454545474
8556.0,0.7543181818181818
8557.0,0.7543181818181818
8558.0,0.6784782608695652
8559.0,-1.0011607142857142
8560.0,-1.1787755102040816
8561.0,-1.105625
8562.0,-1.2271794871794872
8563.0,-1.2703030303030303
8564.0,-1.161296296296296
8565.0,-1.0756481481481481
8566.0,-1.080686274509804
8567.0,-1.5406666666666669
8568.0,-1.0951136363636365
8569.0,0.5178787878787878
8570.0,-1.1713725490196076
8571.0,0.7215384615384616
8572.0,-0.4859016393442623
8573.0,-1.10144578313253
8574.0,-1.152280701754386
8575.0,-1.2406896551724136
8576.0,-1.035511111111111
8577.0,0.72875
8578.0,-1.295925925925926
8579.0,-0.9625000000000001
8580.0,-1.0585185185185184
8581.0,-1.2051162790697674
8582.0,-1.0111864406779658
8583.0,-1.2260000000000002
8584.0,0.766190476190476
8585.0,-0.655
8586.0,-1.403
8587.0,-0.10363636363636364
8588.0,-1.1184722222222223
8589.0,-0.44437500000000035
8590.0,-1.1021052631578947
8591.0,-0.13534883720930233
8592.0,-0.8141525423728814
8593.0,-0.7843548387096775
8594.0,-1.1542857142857146
8595.0,0.72875
8596.0,-1.2496428571428573
8597.0,-0.7857894736842105
8598.0,-1.0909615384615383
8599.0,-1.1032812499999998
8600.0,-1.2102380952380951
8601.0,-1.1167123287671232
8602.0,-1.3726315789473686
8603.0,-1.4304761904761907
8604.0,-1.154772727272727
8605.0,-0.1615789473684213
8606.0,-0.050185185185185215
8607.0,-0.9206451612903225
8608.0,0.028749999999999977
8609.0,-1.1645283018867922
8610.0,0.42874999999999996
8611.0,-0.5240909090909093
8612.0,-1.0431609195402298
8613.0,0.3890322580645161
8614.0,-1.22125
8615.0,-1.0547321428571428
8616.0,-1.1015384615384614
8617.0,-1.4758823529411766
8618.0,-1.1173076923076926
8619.0,-0.8778205128205127
8620.0,0.6349999999999999
8621.0,-1.0806862745098038
8622.0,0.5153191489361701
8623.0,-0.7906756756756758
8624.0,-0.1288888888888889
8625.0,-1.1910869565217392
8626.0,-1.1391935483870965
8627.0,-1.0542361111111112
8628.0,-1.1712500000000001
8629.0,-1.155714285714286
8630.0,-1.1153448275862068
8631.0,0.05399999999999999
8632.0,-0.3797058823529412
8633.0,-0.7198387096774193
8634.0,-1.04
8635.0,0.7356097560975609
8636.0,-0.6259649122807017
8637.0,-0.570508474576271
8638.0,-0.8430701754385965
8639.0,-1.0743023255813953
8640.0,-0.34344827586206905
8641.0,-1.2585185185185186
8642.0,-1.0600757575757576
8643.0,-1.0884042553191489
8644.0,-1.049659090909091
8645.0,-1.2850000000000004
8646.0,0.76
8647.0,0.5506451612903226
8648.0,-1.191086956521739
8649.0,0.7543181818181818
8650.0,-0.9986805555555556
8651.0,-0.8806249999999999
8652.0,-0.9983333333333333
8653.0,-1.2489285714285714
8654.0,-1.0628346456692916
8655.0,-1.1551785714285714
8656.0,-1.0905434782608694
8657.0,-1.1522807017543861
8658.0,-1.0988235294117645
8659.0,0.30545454545454537
8660.0,-1.0975581395348837
8661.0,-1.2102380952380951
8662.0,0.515813953488372
8663.0,-1.2264285714285716
8664.0,-1.288387096774194
8665.0,-1.0733333333333335
8666.0,-1.1089473684210531
8667.0,-1.3388888888888892
8668.0,-1.0850000000000002
8669.0,-0.27125000000000005
8670.0,-1.3089655172413797
8671.0,-1.2469444444444444
8672.0,-0.863529411764706
8673.0,-1.0683898305084745
8674.0,0.7356097560975609
8675.0,-1.2542857142857142
8676.0,0.5404878048780487
8677.0,0.5412499999999998
8678.0,0.7661904761904762
8679.0,-1.1551785714285714
8680.0,-1.0772641509433962
8681.0,-1.2156097560975612
8682.0,-1.2225925925925927
8683.0,-1.1827083333333333
8684.0,-1.2542857142857144
8685.0,0.561470588235294
8686.0,-0.9066666666666667
8687.0,-1.2096969696969697
8688.0,-1.2002272727272727
8689.0,0.7543181818181818
8690.0,-0.6498360655737705
8691.0,0.735609756097561
8692.0,-1.1382758620689657
8693.0,0.145
8694.0,-0.9707692307692306
8695.0,-1.1047222222222224
8696.0,-0.5996969696969696
8697.0,-1.2002272727272727
8698.0,0.6518918918918919
8699.0,0.36416666666666664
8700.0,-1.191086956521739
8701.0,0.7483720930232558
8702.0,0.40062499999999995
8703.0,0.7483720930232558
8704.0,-0.8533846153846154
8705.0,-0.44890909090909087
8706.0,-0.5399999999999999
8707.0,0.30255319148936166
8708.0,-1.0752941176470587
8709.0,0.5287499999999999
8710.0,-0.9463492063492064
8711.0,-0.9441666666666667
8712.0,-0.9807407407407407
8713.0,-1.0784146341463414
8714.0,-1.0955670103092783
8715.0,-1.0287029288702927
8716.0,-0.17333333333333334
8717.0,-0.7101492537313433
8718.0,0.15062499999999998
8719.0,-0.9016161616161616
8720.0,-0.1583673469387755
8721.0,-1.0873684210526315
8722.0,-0.44394736842105265
8723.0,-1.1914634146341463
8724.0,-1.054732142857143
8725.0,0.7139473684210527
8726.0,-1.0195953757225433
8727.0,-1.2002272727272727
8728.0,-0.8249056603773585
8729.0,0.6553488372093023
8730.0,-1.11012987012987
8731.0,0.16196078431372546
8732.0,0.05729729729729727
8733.0,-1.0273529411764708
8734.0,0.7088636363636363
8735.0,-1.0731250000000003
8736.0,-0.4832432432432432
8737.0,-0.9926262626262629
8738.0,-0.8694642857142857
8739.0,-1.1069354838709677
8740.0,-1.0505882352941176
8741.0,-0.5604347826086956
8742.0,-1.1749999999999998
8743.0,0.00444444444444443
8744.0,0.7543181818181818
8745.0,-1.1218181818181818
8746.0,-1.0988235294117648
8747.0,-1.1919444444444443
8748.0,-1.1612962962962963
8749.0,-1.0353431372549018
8750.0,-0.6889795918367349
8751.0,-1.3938888888888892
8752.0,-1.1374999999999997
8753.0,-1.0927777777777778
8754.0,0.6935555555555556
8755.0,0.34571428571428564
8756.0,-1.119620253164557
8757.0,-1.1833333333333338
8758.0,-1.0725892857142856
8759.0,-0.12297872340425536
8760.0,0.3112820512820513
8761.0,-1.0879729729729728
8762.0,-1.0683898305084745
8763.0,-1.071858407079646
8764.0,0.4438235294117647
8765.0,-1.0494262295081966
8766.0,-1.41764705882353
8767.0,-1.36
8768.0,-1.3325925925925928
8769.0,0.1995999999999999
8770.0,-0.4295161290322581
8771.0,-1.2102380952380953
8772.0,0.7718604651162788
8773.0,-1.22125
8774.0,-1.0825
8775.0,0.7421428571428571
8776.0,-0.9954347826086956
8777.0,0.7543181818181819
8778.0,0.7483720930232558
8779.0,-0.9309090909090915
8780.0,-1.059659863945578
8781.0,0.76
8782.0,0.7543181818181816
8783.0,-1.038941798941799
8784.0,-1.2399999999999998
8785.0,-1.2102380952380951
8786.0,0.2871739130434783
8787.0,-1.0296995708154506
8788.0,0.748372093023256
8789.0,-1.1713725490196079
8790.0,-1.0253260869565217
8791.0,-1.241904761904762
8792.0,-0.74
8793.0,0.7483720930232558
8794.0,-1.0932499999999998
8795.0,-1.064736842105263
8796.0,0.7599999999999999
8797.0,-1.22125
8798.0,-1.105625
8799.0,-1.1441666666666668
8800.0,-0.9707692307692309
8801.0,-1.3833333333333337
8802.0,-0.9697297297297296
8803.0,0.7654347826086955
8804.0,-1.2051162790697674
8805.0,-1.1612962962962963
8806.0,0.22874999999999995
8807.0,0.76
8808.0,-0.8597520661157027
8809.0,-1.0854545454545454
8810.0,-1.030625
8811.0,-0.8447297297297298
8812.0,-1.0963218390804597
8813.0,-0.9792857142857144
8814.0,0.7599999999999999
8815.0,-1.1581818181818182
8816.0,-0.8717567567567567
8817.0,-1.1056249999999999
8818.0,-0.30300000000000016
8819.0,0.7599999999999999
8820.0,0.67875
8821.0,-1.069741379310345
8822.0,-1.3089655172413794
8823.0,-0.9864622641509434
8824.0,-1.1678846153846154
8825.0,-0.6380263157894737
8826.0,-1.1070886075949364
8827.0,-1.0963218390804597
8828.0,-1.0756481481481481
8829.0,-0.9433898305084745
8830.0,-1.105625
8831.0,-1.0639436619718308
8832.0,-0.19437500000000035
8833.0,-1.3457692307692308
8834.0,-0.9309090909090915
8835.0,-1.2909090909090915
8836.0,-1.1280597014925373
8837.0,-0.24000000000000013
8838.0,-0.39615384615384663
8839.0,0.3025531914893617
8840.0,-1.0923076923076929
8841.0,-1.262058823529412
8842.0,-1.1769565217391307
8843.0,-0.8861538461538461
8844.0,-0.8416949152542371
8845.0,-0.575
8846.0,-1.0392021276595744
8847.0,0.2087179487179487
8848.0,-1.126029411764706
8849.0,-1.2703030303030303
8850.0,-1.122142857142857
8851.0,-1.1416393442622952
8852.0,0.16540540540540535
8853.0,-0.9622222222222222
8854.0,-0.9326666666666668
8855.0,-1.141142857142857
8856.0,-1.0472067039106145
8857.0,-1.2009090909090914
8858.0,-1.3060869565217395
8859.0,-1.2102380952380953
8860.0,-1.3204545454545455
8861.0,-0.295921052631579
8862.0,-1.1551785714285714
8863.0,-1.0843877551020409
8864.0,0.67875
8865.0,-0.8488709677419355
8866.0,0.6945238095238094
8867.0,-0.34344827586206905
8868.0,-1.1383673469387754
8869.0,-1.1212820512820512
8870.0,-1.1467796610169492
8871.0,0.4709374999999999
8872.0,-1.0631428571428574
8873.0,-1.0772641509433962
8874.0,-1.1295555555555556
8875.0,0.72875
8876.0,-1.1465
8877.0,-0.9051785714285714
8878.0,0.7088636363636363
8879.0,0.2599999999999999
8880.0,-0.7952325581395349
8881.0,-0.7356896551724138
8882.0,-1.1014457831325302
8883.0,-0.7169736842105263
8884.0,-1.0512582781456954
8885.0,-1.0982089552238805
8886.0,-0.4149999999999999
8887.0,-1.1586046511627908
8888.0,-1.0842222222222222
8889.0,-0.92125
8890.0,-1.0611538461538463
8891.0,-1.0672058823529411
8892.0,0.5935897435897435
8893.0,0.37413043478260855
8894.0,-1.0863541666666667
8895.0,-1.029425837320574
8896.0,-1.3325925925925926
8897.0,-1.1827083333333333
8898.0,-0.5123214285714285
8899.0,0.7356097560975609
8900.0,-1.320357142857143
8901.0,-1.0733333333333333
8902.0,-0.7040000000000002
8903.0,0.5287499999999999
8904.0,0.7483720930232558
8905.0,-1.115
8906.0,-0.026764705882353006
8907.0,-0.851111111111111
8908.0,-1.241904761904762
8909.0,-0.9108333333333333
8910.0,-1.0548101265822787
8911.0,-1.191086956521739
8912.0,0.024999999999999963
8913.0,-1.342666666666667
8914.0,0.72875
8915.0,0.6553488372093024
8916.0,-1.2983333333333333
8917.0,-1.0670833333333334
8918.0,-1.0617054263565893
8919.0,-0.8650000000000001
8920.0,0.3155555555555555
8921.0,-0.27124999999999994
8922.0,0.45999999999999985
8923.0,-1.0349029126213591
8924.0,0.6469047619047619
8925.0,-0.7665151515151515
8926.0,-1.22125
8927.0,-0.8441666666666665
8928.0,-1.3491304347826087
8929.0,-1.0157092198581559
8930.0,-1.1494827586206897
8931.0,0.6266666666666667
8932.0,-1.227179487179487
8933.0,-1.0277551020408162
8934.0,-1.1391935483870965
8935.0,-1.3325925925925928
8936.0,0.27874999999999994
8937.0,-0.8613043478260869
8938.0,0.31999999999999984
8939.0,-0.4208510638297873
8940.0,-0.5153623188405797
8941.0,-0.7876190476190473
8942.0,-1.2002272727272727
8943.0,-1.0209090909090912
8944.0,-1.1111666666666666
8945.0,-1.2983333333333333
8946.0,-1.0693798449612404
8947.0,-0.8156302521008405
8948.0,-1.182093023255814
8949.0,-1.1435714285714287
8950.0,-1.1221428571428569
8951.0,-1.0209090909090912
8952.0,-1.0944897959183673
8953.0,-1.1103703703703707
8954.0,-1.1066666666666667
8955.0,-1.393888888888889
8956.0,0.13931034482758609
8957.0,-1.2971428571428576
8958.0,-1.375416666666667
8959.0,-0.47125000000000006
8960.0,-0.6127272727272728
8961.0,-1.0209090909090914
8962.0,-0.22837209302325578
8963.0,-1.080625
8964.0,-1.0628346456692912
8965.0,-1.118048780487805
8966.0,-1.2212500000000002
8967.0,-1.0815841584158419
8968.0,-1.185945945945946
8969.0,-1.093932584269663
8970.0,-1.3431034482758621
8971.0,0.4709374999999999
8972.0,-1.0786666666666669
8973.0,-0.7738983050847457
8974.0,-1.02125
8975.0,-1.0533561643835618
8976.0,0.36606060606060603
8977.0,0.6791176470588235
8978.0,-1.2399999999999998
8979.0,-1.1260294117647058
8980.0,-1.1859459459459458
8981.0,-1.2658333333333338
8982.0,0.6518918918918919
8983.0,-0.7792857142857142
8984.0,-1.0824999999999998
8985.0,0.5180645161290323
8986.0,-1.1955555555555553
8987.0,-0.9479775280898877
8988.0,-1.0789423076923077
8989.0,-0.35637931034482767
8990.0,-0.9176315789473686
8991.0,-1.2542857142857142
8992.0,-0.8342028985507248
8993.0,-1.0273563218390804
8994.0,-0.7142647058823529
8995.0,0.6349999999999999
8996.0,-1.1318918918918919
8997.0,-1.2883870967741933
8998.0,0.387659574468085
8999.0,-1.0746774193548387
9000.0,-0.9136111111111114
9001.0,-1.0590298507462685
9002.0,-1.070434782608696
9003.0,-1.0789423076923077
9004.0,-1.0560714285714285
9005.0,-1.2051162790697674
9006.0,-1.1120930232558142
9007.0,-1.3206250000000002
9008.0,-1.1014457831325304
9009.0,-1.0733333333333335
9010.0,-1.1109090909090915
9011.0,-1.3205263157894738
9012.0,0.735609756097561
9013.0,-1.130151515151515
9014.0,-1.2542857142857142
9015.0,0.7215384615384615
9016.0,-0.7243749999999999
9017.0,-1.0529251700680273
9018.0,-1.2271794871794874
9019.0,-1.11012987012987
9020.0,-1.4443750000000004
9021.0,-1.0873684210526315
9022.0,-1.1968750000000004
9023.0,-1.2271794871794872
9024.0,-1.0786666666666669
9025.0,-1.3361904761904766
9026.0,-1.0422598870056496
9027.0,-1.1581818181818182
9028.0,-1.0345205479452055
9029.0,-1.0470987654320987
9030.0,-1.0064705882352942
9031.0,-1.36
9032.0,-1.1645283018867925
9033.0,0.026304347826086965
9034.0,-1.342666666666667
9035.0,-0.8626415094339622
9036.0,0.686829268292683
9037.0,-1.3325925925925928
9038.0,-0.6761702127659576
9039.0,0.7318181818181817
9040.0,-1.0843877551020407
9041.0,-0.175
9042.0,-1.0631428571428572
9043.0,-1.0595488721804514
9044.0,-1.0683898305084747
9045.0,-1.2271794871794872
9046.0,-1.0311392405063289
9047.0,-1.2102380952380953
9048.0,0.6470967741935484
9049.0,0.7421428571428571
9050.0,0.6553488372093023
9051.0,-1.3654545454545457
9052.0,-1.1001190476190477
9053.0,-1.186808510638298
9054.0,-1.0988235294117645
9055.0,-0.7843478260869567
9056.0,-1.1787755102040816
9057.0,-1.3600000000000003
9058.0,-1.2587500000000005
9059.0,-1.0371938775510203
9060.0,-0.9786363636363635
9061.0,-0.2670270270270271
9062.0,-0.9309090909090915
9063.0,-1.0392021276595744
9064.0,-1.0679310344827586
9065.0,-1.186808510638298
9066.0,-1.1451515151515148
9067.0,-1.534117647058824
9068.0,-0.6523529411764709
9069.0,-1.1787755102040816
9070.0,-0.268846153846154
9071.0,-1.1008333333333338
9072.0,-1.1350000000000002
9073.0,-1.1612962962962963
9074.0,-1.3089655172413794
9075.0,-0.20022727272727273
9076.0,-0.7059090909090907
9077.0,-1.3388888888888895
9078.0,-1.22125
9079.0,-1.1796296296296296
9080.0,-1.0369543147208122
9081.0,0.2906122448979591
9082.0,-1.244615384615385
9083.0,-1.1441666666666666
9084.0,0.7139473684210526
9085.0,-1.038532110091743
9086.0,-1.0591891891891896
9087.0,-1.27030303030303
9088.0,-0.4542857142857143
9089.0,-1.0453513513513513
9090.0,-0.917966101694915
9091.0,-0.894
9092.0,-1.0209090909090914
9093.0,-1.1833333333333338
9094.0,-1.2009090909090914
9095.0,-0.8169230769230769
9096.0,-1.0277906976744184
9097.0,-0.07125000000000004
9098.0,-0.9146031746031745
9099.0,-1.0467484662576687
9100.0,0.3333333333333332
9101.0,-1.4086666666666672
9102.0,-1.233421052631579
9103.0,-1.0853608247422681
9104.0,-1.2446153846153851
9105.0,-1.1710344827586205
9106.0,0.4271428571428571
9107.0,-1.3325925925925928
9108.0,-1.3206250000000004
9109.0,-1.007857142857143
9110.0,0.27874999999999994
9111.0,0.7215384615384614
9112.0,-1.152280701754386
9113.0,-1.262058823529412
9114.0,-0.37207547169811317
9115.0,-1.042857142857143
9116.0,-0.05250000000000002
9117.0,-0.7273417721518988
9118.0,0.7483720930232557
9119.0,-0.879344262295082
9120.0,0.5308333333333333
9121.0,-1.2790625
9122.0,-1.0209523809523808
9123.0,-0.25612903225806455
9124.0,-1.3325925925925928
9125.0,0.5192592592592591
9126.0,-1.144666666666667
9127.0,-1.0780952380952382
9128.0,0.7421428571428571
9129.0,-1.288387096774194
9130.0,0.7421428571428572
9131.0,-1.2329411764705882
9132.0,0.6352631578947369
9133.0,0.7018604651162791
9134.0,-0.8410101010101009
9135.0,-0.5608955223880597
9136.0,-1.030625
9137.0,-1.1467796610169492
9138.0,0.08352941176470588
9139.0,-1.3388888888888895
9140.0,-1.3388888888888892
9141.0,-0.2860526315789474
9142.0,-1.0683898305084745
9143.0,-1.1363888888888891
9144.0,-1.045722891566265
9145.0,-1.2703030303030305
9146.0,-1.1612962962962963
9147.0,0.6287499999999999
9148.0,-1.1673170731707316
9149.0,0.48972972972972967
9150.0,-0.40981132075471693
9151.0,-1.1321568627450982
9152.0,-1.1184722222222223
9153.0,0.7483720930232558
9154.0,-1.0927777777777776
9155.0,-1.0780952380952382
9156.0,0.02499999999999998
9157.0,-1.0909615384615383
9158.0,-1.0951136363636365
9159.0,0.5437837837837838
9160.0,-1.004367816091954
9161.0,-0.04681818181818202
9162.0,-1.3457692307692308
9163.0,0.7483720930232558
9164.0,-1.0209090909090912
9165.0,-1.1109090909090915
9166.0,0.7483720930232558
9167.0,-1.0007758620689657
9168.0,-1.1551785714285714
9169.0,-1.233421052631579
9170.0,-1.0334131736526946
9171.0,-1.1280597014925373
9172.0,0.40444444444444433
9173.0,-0.9358333333333338
9174.0,-1.079506172839506
9175.0,-1.3204000000000002
9176.0,0.76
9177.0,-1.0743023255813953
9178.0,-1.0894623655913978
9179.0,-0.8184313725490197
9180.0,-1.4776190476190476
9181.0,-1.1280597014925373
9182.0,-1.0683898305084747
9183.0,-1.1612962962962963
9184.0,-1.0126666666666668
9185.0,-1.2016
9186.0,0.7654347826086955
9187.0,0.7654347826086957
9188.0,-0.9132954545454546
9189.0,-1.0894623655913978
9190.0,-1.105625
9191.0,0.6287499999999999
9192.0,-1.0683898305084747
9193.0,-1.11012987012987
9194.0,-1.2542857142857142
9195.0,-1.2542857142857144
9196.0,-1.197714285714286
9197.0,-1.0695454545454548
9198.0,-1.0490909090909089
9199.0,0.27874999999999994
9200.0,0.6791176470588235
9201.0,0.047234042553191476
9202.0,-1.071858407079646
9203.0,-1.1551785714285714
9204.0,-0.7752564102564106
9205.0,-1.1551785714285714
9206.0,0.7599999999999999
9207.0,0.6784782608695652
9208.0,0.7654347826086957
9209.0,0.7873913043478259
9210.0,-1.1014457831325297
9211.0,-1.0593548387096774
9212.0,-0.4043835616438356
9213.0,0.76
9214.0,0.7654347826086955
9215.0,-1.1117105263157894
9216.0,0.76
9217.0,-1.0951136363636365
9218.0,-1.076779661016949
9219.0,0.7018604651162791
9220.0,-0.6722033898305083
9221.0,-1.0209090909090912
9222.0,-1.1324137931034481
9223.0,0.7139473684210527
9224.0,-1.4104545454545456
9225.0,-1.1551612903225807
9226.0,-1.0853608247422681
9227.0,-1.227179487179487
9228.0,0.65
9229.0,-1.1678846153846154
9230.0,0.7215384615384614
9231.0,-0.8427397260273972
9232.0,-1.1202816901408452
9233.0,-1.1130232558139534
9234.0,-1.1833333333333338
9235.0,-1.0663157894736843
9236.0,-0.8828571428571427
9237.0,-1.1593548387096775
9238.0,-1.099375
9239.0,-1.1017021276595744
9240.0,0.6082142857142855
9241.0,-1.2911764705882354
9242.0,0.7421428571428571
9243.0,-1.2971428571428576
9244.0,-0.030000000000000034
9245.0,-1.0916483516483517
9246.0,-1.067731092436975
9247.0,0.7059459459459458
9248.0,-0.23166666666666677
9249.0,-1.2403030303030305
9250.0,0.45642857142857146
9251.0,-0.2080851063829787
9252.0,-1.062265625
9253.0,-1.0351219512195122
9254.0,-1.1467796610169492
9255.0,-1.1713725490196079
9256.0,-0.4519565217391305
9257.0,-1.0658196721311475
9258.0,-0.08883720930232558
9259.0,-1.152280701754386
9260.0,-1.118472222222222
9261.0,-1.0622656250000002
9262.0,-1.2542857142857144
9263.0,-1.2225925925925927
9264.0,-0.7724675324675324
9265.0,-1.0923076923076924
9266.0,-1.3535
9267.0,-1.1117105263157891
9268.0,-1.375416666666667
9269.0,-1.1955555555555555
9270.0,-0.4617741935483871
9271.0,-1.2329411764705882
9272.0,-0.6534615384615385
9273.0,-0.9327710843373495
9274.0,-0.44166666666666676
9275.0,-1.320769230769231
9276.0,-1.13453125
9277.0,-1.0183333333333338
9278.0,-1.4176470588235295
9279.0,-1.2667567567567566
9280.0,-1.1117105263157894
9281.0,0.67875
9282.0,-1.0600757575757576
9283.0,-1.1630952380952382
9284.0,-0.9746938775510203
9285.0,-0.8184313725490195
9286.0,0.6974999999999999
9287.0,-1.2429411764705884
9288.0,-0.9358333333333336
9289.0,-1.3204545454545453
9290.0,0.06645161290322575
9291.0,-0.32035714285714295
9292.0,-1.0652032520325205
9293.0,-0.9979617834394903
9294.0,-1.1678846153846154
9295.0,-0.9309090909090915
9296.0,0.3188235294117647
9297.0,-1.0998484848484844
9298.0,-1.1070886075949367
9299.0,0.6380487804878048
9300.0,-1.3203571428571428
9301.0,-1.1645283018867925
9302.0,-0.6683673469387755
9303.0,-1.4758823529411769
9304.0,-0.9309090909090915
9305.0,-1.186808510638298
9306.0,-1.3089655172413797
9307.0,-1.3011764705882356
9308.0,-0.560754716981132
9309.0,0.025510204081632636
9310.0,-1.0628346456692914
9311.0,-1.332592592592593
9312.0,-0.8460606060606061
9313.0,0.7421428571428571
9314.0,-0.9309090909090915
9315.0,-0.046818181818182
9316.0,0.5676923076923077
9317.0,-1.1832075471698111
9318.0,-1.01
9319.0,-1.0828089887640449
9320.0,0.7483720930232558
9321.0,-1.3457692307692308
9322.0,-1.118472222222222
9323.0,-1.1368253968253972
9324.0,-1.3204545454545455
9325.0,-1.1184722222222223
9326.0,0.03343749999999997
9327.0,-1.113333333333333
9328.0,0.72875
9329.0,-1.1827083333333333
9330.0,-0.9425862068965517
9331.0,-0.9556249999999998
9332.0,-1.130151515151515
9333.0,-1.0228205128205126
9334.0,0.72875
9335.0,0.15843749999999995
9336.0,-1.2245161290322584
9337.0,-0.08416666666666683
9338.0,-1.019552715654952
9339.0,-1.22125
9340.0,0.6179545454545455
9341.0,0.4422916666666666
9342.0,-1.1441666666666666
9343.0,-1.175
9344.0,-1.069059829059829
9345.0,-1.1008333333333338
9346.0,-1.054685314685315
9347.0,-1.244615384615385
9348.0,-0.9600000000000002
9349.0,-0.5680000000000001
9350.0,-0.7563043478260869
9351.0,0.6868292682926829
9352.0,-1.1787755102040816
9353.0,-1.1551785714285714
9354.0,-1.0660714285714286
9355.0,-0.828855421686747
9356.0,-0.7087500000000002
9357.0,-1.1555000000000002
9358.0,-1.2156097560975612
9359.0,-1.1280597014925375
9360.0,-0.9309090909090915
9361.0,-1.210666666666667
9362.0,-1.0564556962025318
9363.0,-1.1787755102040816
9364.0,-1.332592592592593
9365.0,0.5404878048780488
9366.0,-1.186808510638298
9367.0,0.7356097560975609
9368.0,-1.089462365591398
9369.0,0.14194444444444435
9370.0,-1.0873684210526313
9371.0,0.72875
9372.0,-1.0161538461538464
9373.0,-1.0857009345794393
9374.0,-0.7670833333333332
9375.0,0.5412499999999999
9376.0,0.7483720930232557
9377.0,0.7483720930232557
9378.0,-1.0309604519774012
9379.0,-1.051046511627907
9380.0,0.7599999999999999
9381.0,-1.025171102661597
9382.0,-1.115
9383.0,-0.23456521739130445
9384.0,0.735609756097561
9385.0,-1.124057971014493
9386.0,-1.113333333333333
9387.0,0.5404878048780488
9388.0,-1.124057971014493
9389.0,-1.1678846153846154
9390.0,-1.1117105263157894
9391.0,-0.9813793103448275
9392.0,-0.9798648648648649
9393.0,0.6945238095238094
9394.0,0.4044444444444445
9395.0,0.72875
9396.0,-0.82125
9397.0,0.7483720930232558
9398.0,-0.3725757575757576
9399.0,-1.3921739130434785
9400.0,-1.074090909090909
9401.0,0.24780487804878049
9402.0,-1.2412
9403.0,0.7543181818181818
9404.0,-0.8910416666666666
9405.0,-0.7456818181818181
9406.0,0.7599999999999999
9407.0,-0.33433962264150957
9408.0,-1.1955555555555557
9409.0,0.14499999999999996
9410.0,-0.8136842105263158
9411.0,-1.2264285714285719
9412.0,-0.30493506493506495
9413.0,0.7654347826086957
9414.0,-1.0183333333333338
9415.0,-1.1001190476190477
9416.0,-0.8240000000000001
9417.0,-1.2983333333333333
9418.0,-1.1041975308641976
9419.0,0.5355102040816325
9420.0,0.08978723404255315
9421.0,0.29124999999999984
9422.0,-1.0150000000000001
9423.0,-1.0595488721804514
9424.0,-1.0806862745098038
9425.0,0.03678571428571419
9426.0,0.24979591836734688
9427.0,-1.0894623655913975
9428.0,-1.0905434782608694
9429.0,-0.5685714285714287
9430.0,-1.0512582781456954
9431.0,-1.0528220858895707
9432.0,-1.0386111111111112
9433.0,-1.0780952380952382
9434.0,-1.1117105263157894
9435.0,0.07418604651162794
9436.0,-1.2620588235294117
9437.0,-1.0789423076923077
9438.0,-1.0057185628742513
9439.0,-1.0828571428571427
9440.0,-1.1280597014925373
9441.0,-1.3654545454545455
9442.0,0.7356097560975609
9443.0,-1.0682352941176472
9444.0,0.6314285714285713
9445.0,0.6634090909090908
9446.0,-0.3375609756097561
9447.0,-1.0237591240875912
9448.0,0.24026315789473676
9449.0,-0.23019607843137255
9450.0,-1.2790625
9451.0,0.39414634146341465
9452.0,0.29977272727272725
9453.0,-1.0782758620689654
9454.0,-0.4713829787234043
9455.0,-1.0377941176470589
9456.0,0.7543181818181818
9457.0,-1.2850000000000001
9458.0,-1.1368253968253972
9459.0,-1.0748623853211008
9460.0,-1.1581818181818182
9461.0,-1.074090909090909
9462.0,0.6004255319148937
9463.0,-0.322089552238806
9464.0,0.47874999999999995
9465.0,-1.1749999999999998
9466.0,-1.1955555555555553
9467.0,0.7483720930232557
9468.0,-0.8877272727272728
9469.0,-1.0357920792079205
9470.0,-1.006025641025641
9471.0,-1.0748623853211008
9472.0,-1.175
9473.0,-0.6994594594594594
9474.0,-1.158181818181818
9475.0,-1.067380952380952
9476.0,-1.2542857142857144
9477.0,-1.262058823529412
9478.0,0.6885714285714285
9479.0,0.7421428571428571
9480.0,-1.0492948717948718
9481.0,-1.026764705882353
9482.0,-1.0672058823529413
9483.0,0.7543181818181819
9484.0,-0.5326829268292683
9485.0,-1.0905434782608692
9486.0,-1.4488888888888893
9487.0,-1.141639344262295
9488.0,-1.2883870967741935
9489.0,0.7483720930232557
9490.0,-1.173888888888889
9491.0,-1.1008333333333336
9492.0,-1.1955555555555557
9493.0,-1.0183333333333338
9494.0,-1.1833333333333338
9495.0,-1.2016000000000002
9496.0,-1.2808000000000002
9497.0,-1.3654545454545455
9498.0,-1.0972727272727274
9499.0,-1.4304761904761907
9500.0,-1.36
9501.0,-1.1827083333333333
9502.0,-1.0209090909090914
9503.0,-1.078095238095238
9504.0,-1.1345312500000002
9505.0,-1.054571428571429
9506.0,-0.3483333333333339
9507.0,-1.2748275862068967
9508.0,-1.1713725490196079
9509.0,0.6390909090909089
9510.0,0.24780487804878049
9511.0,0.7483720930232558
9512.0,-1.2585185185185186
9513.0,-1.2073684210526314
9514.0,-0.4404000000000001
9515.0,-1.1041975308641976
9516.0,-1.2051162790697676
9517.0,-1.165
9518.0,-1.1578688524590162
9519.0,0.742142857142857
9520.0,-0.7087500000000001
9521.0,-1.1028048780487805
9522.0,-1.0789830508474574
9523.0,-1.3491304347826087
9524.0,0.7599999999999999
9525.0,-1.11012987012987
9526.0,-1.2002272727272727
9527.0,-1.0160416666666665
9528.0,0.76
9529.0,-1.092112676056338
9530.0,-0.66578125
9531.0,0.7539999999999999
9532.0,-1.0440935672514622
9533.0,-1.07203125
9534.0,-1.0784146341463414
9535.0,-1.1645283018867922
9536.0,-1.1318918918918919
9537.0,0.09720930232558139
9538.0,-1.0338388625592416
9539.0,-0.9743750000000001
9540.0,0.7599999999999999
9541.0,-1.1301515151515151
9542.0,-0.34648148148148145
9543.0,-1.191086956521739
9544.0,0.76
9545.0,0.6702564102564101
9546.0,0.6855319148936169
9547.0,-1.0247744360902258
9548.0,0.7654347826086957
9549.0,0.7654347826086955
9550.0,-0.8635294117647058
9551.0,-1.1240579710144927
9552.0,-1.2102380952380951
9553.0,0.4302127659574468
9554.0,0.7654347826086957
9555.0,-0.8960509554140128
9556.0,-1.1467796610169492
9557.0,-1.0541592920353984
9558.0,-0.15406250000000002
9559.0,0.2339583333333333
9560.0,-0.4852830188679245
9561.0,-0.8720422535211265
9562.0,-0.6534615384615386
9563.0,0.24039215686274512
9564.0,-1.0795061728395063
9565.0,-1.1240579710144927
9566.0,-1.1280597014925375
9567.0,-1.0223426573426573
9568.0,-1.262058823529412
9569.0,0.7599999999999999
9570.0,-1.026206896551724
9571.0,-1.1581818181818182
9572.0,-1.0293617021276598
9573.0,-0.9795833333333331
9574.0,0.5377777777777777
9575.0,-1.069741379310345
9576.0,-0.7326470588235294
9577.0,-1.3825000000000003
9578.0,-1.1155555555555559
9579.0,-1.4176470588235297
9580.0,0.047499999999999785
9581.0,-1.0704347826086955
9582.0,-0.2127272727272728
9583.0,-1.13453125
9584.0,-1.0733333333333335
9585.0,-1.1104705882352943
9586.0,-1.1056250000000003
9587.0,-1.2412
9588.0,-0.9721428571428571
9589.0,0.7543181818181818
9590.0,0.6266666666666667
9591.0,0.6518918918918918
9592.0,-1.047017543859649
9593.0,-1.2073684210526319
9594.0,0.5003846153846152
9595.0,-1.0478124999999998
9596.0,0.7483720930232558
9597.0,-1.0477272727272728
9598.0,-1.023018867924528
9599.0,-1.0863541666666667
9600.0,-1.139193548387097
9601.0,-1.1125925925925928
9602.0,-0.8406944444444444
9603.0,0.6791176470588235
9604.0,-1.1968750000000004
9605.0,-1.0453892215568863
9606.0,-1.1910869565217392
9607.0,-1.2102380952380951
9608.0,-0.7238709677419356
9609.0,-1.0975581395348837
9610.0,-0.9608
9611.0,-1.1684615384615389
9612.0,-1.1713725490196079
9613.0,-1.1833333333333338
9614.0,-1.0314814814814814
9615.0,-1.0921875
9616.0,0.72875
9617.0,-1.285
9618.0,-1.0496774193548386
9619.0,-0.8140740740740741
9620.0,-1.320357142857143
9621.0,-0.9145689655172414
9622.0,0.7543181818181819
9623.0,-1.3341666666666667
9624.0,-1.1008333333333338
9625.0,-1.226428571428572
9626.0,-1.320357142857143
9627.0,-1.240689655172414
9628.0,-1.3483333333333336
9629.0,-0.964765100671141
9630.0,0.11576923076923065
9631.0,0.2696153846153845
9632.0,-0.46077922077922084
9633.0,0.2711111111111111
9634.0,0.6974999999999999
9635.0,0.20039999999999988
9636.0,-0.042325581395348866
9637.0,-1.342666666666667
9638.0,-1.144666666666667
9639.0,-1.0628346456692916
9640.0,-1.36
9641.0,-1.0200293255131965
9642.0,0.4742857142857141
9643.0,-1.124057971014493
9644.0,-1.0496774193548386
9645.0,-1.2397560975609756
9646.0,-1.203235294117647
9647.0,-1.1827083333333333
9648.0,-0.8279629629629631
9649.0,-1.0045348837209305
9650.0,0.7543181818181818
9651.0,-0.9309090909090915
9652.0,-0.43270833333333325
9653.0,-1.3325925925925928
9654.0,-0.9729545454545452
9655.0,-1.1833333333333338
9656.0,0.504047619047619
9657.0,0.14970588235294113
9658.0,-0.8620238095238095
9659.0,0.37413043478260877
9660.0,-0.9587500000000002
9661.0,-0.893061224489796
9662.0,-1.0228947368421053
9663.0,-1.1691666666666667
9664.0,-0.2670270270270271
9665.0,-1.1117105263157894
9666.0,-0.2080851063829787
9667.0,-1.130151515151515
9668.0,0.7155555555555555
9669.0,0.4538775510204081
9670.0,-1.115
9671.0,-1.0622656250000002
9672.0,-1.0725892857142856
9673.0,-1.0905434782608696
9674.0,-1.3388888888888892
9675.0,-1.3325925925925926
9676.0,-1.105
9677.0,-0.5073611111111113
9678.0,-1.0923076923076924
9679.0,-0.58
9680.0,-0.0625806451612904
9681.0,-0.631304347826087
9682.0,-0.6108333333333333
9683.0,-1.0873684210526315
9684.0,0.7543181818181818
9685.0,-1.029156626506024
9686.0,-0.6906578947368421
9687.0,0.7599999999999999
9688.0,-1.3833333333333335
9689.0,0.7654347826086957
9690.0,0.7654347826086954
9691.0,-1.024514925373134
9692.0,-1.045609756097561
9693.0,-1.1041975308641976
9694.0,-1.320526315789474
9695.0,-0.14
9696.0,-1.0247222222222223
9697.0,-1.152280701754386
9698.0,-1.0690598290598292
9699.0,-1.200227272727273
9700.0,-1.0951136363636365
9701.0,-1.067205882352941
9702.0,0.72875
9703.0,-1.3921739130434785
9704.0,0.7421428571428571
9705.0,-1.0727500000000003
9706.0,-0.20491228070175438
9707.0,-1.1180487804878048
9708.0,-1.1150000000000002
9709.0,-1.2489285714285716
9710.0,0.4197222222222222
9711.0,-0.4325000000000006
9712.0,0.7421428571428571
9713.0,-1.1642105263157898
9714.0,0.5959374999999999
9715.0,-1.24
9716.0,0.7483720930232557
9717.0,-1.307692307692308
9718.0,-0.37207547169811317
9719.0,-1.0585185185185186
9720.0,-0.01717391304347829
9721.0,-1.2058620689655173
9722.0,-1.0681679389312977
9723.0,0.21945945945945938
9724.0,-1.0108333333333333
9725.0,-1.4176470588235297
9726.0,-1.2051162790697674
9727.0,-1.0590298507462685
9728.0,-1.139193548387097
9729.0,-1.0590298507462688
9730.0,-1.0437790697674418
9731.0,-1.2002272727272727
9732.0,-1.093932584269663
9733.0,-1.251666666666667
9734.0,-1.3457692307692308
9735.0,-1.0209090909090914
9736.0,-1.2397560975609756
9737.0,0.6470967741935484
9738.0,-0.3650000000000001
9739.0,-1.342666666666667
9740.0,0.6791176470588234
9741.0,0.7543181818181818
9742.0,-1.0645967741935485
9743.0,-1.2264285714285719
9744.0,-1.2703030303030303
9745.0,-1.3582352941176472
9746.0,-0.2971428571428576
9747.0,-1.2883870967741937
9748.0,-1.1441666666666668
9749.0,-1.349130434782609
9750.0,-0.9441666666666667
9751.0,-1.1684615384615389
9752.0,-0.8969148936170211
9753.0,-1.2016000000000002
9754.0,-1.0057894736842108
9755.0,-1.0316666666666665
9756.0,-1.1280597014925375
9757.0,-1.1496969696969697
9758.0,-1.030748898678414
9759.0,-0.36636363636363656
9760.0,0.7543181818181818
9761.0,-1.1041304347826089
9762.0,-1.0573076923076927
9763.0,0.7018604651162791
9764.0,-1.2658333333333338
9765.0,-1.1133734939759037
9766.0,-0.7187234042553192
9767.0,-0.33374999999999994
9768.0,-0.8811290322580646
9769.0,-1.1265333333333332
9770.0,-1.0772641509433962
9771.0,-0.7362121212121213
9772.0,-1.0733333333333333
9773.0,-1.3325925925925928
9774.0,-0.7535135135135133
9775.0,0.7059459459459458
9776.0,-1.1109090909090915
9777.0,-0.9635576923076923
9778.0,-1.05651376146789
9779.0,-1.1405882352941177
9780.0,-1.0383333333333333
9781.0,-1.1847058823529417
9782.0,-1.375416666666667
9783.0,-1.1129850746268655
9784.0,-1.345769230769231
9785.0,-1.042919708029197
9786.0,-1.3833333333333337
9787.0,-1.1492592592592594
9788.0,-1.0389417989417988
9789.0,-0.9658064516129032
9790.0,0.6349999999999999
9791.0,-1.3938888888888892
9792.0,-1.115
9793.0,-1.0148091603053435
9794.0,-1.0988235294117645
9795.0,-0.9809638554216867
9796.0,-1.1727777777777781
9797.0,0.4266666666666666
9798.0,-1.0560714285714285
9799.0,-0.8184313725490197
9800.0,-0.9844852941176472
9801.0,-1.2703030303030303
9802.0,0.7059459459459458
9803.0,0.7155555555555556
9804.0,-1.139193548387097
9805.0,0.46930232558139534
9806.0,0.46930232558139534
9807.0,-0.9666949152542372
9808.0,-1.007605633802817
9809.0,-0.026764705882352992
9810.0,-1.0140384615384617
9811.0,-0.6481632653061224
9812.0,-1.262058823529412
9813.0,-1.0725892857142858
9814.0,-1.113333333333333
9815.0,-0.553953488372093
9816.0,-1.1184722222222223
9817.0,-1.1581818181818182
9818.0,-0.9610385756676558
9819.0,-1.2983333333333333
9820.0,-1.0575182481751824
9821.0,-1.1467796610169492
9822.0,-1.5492307692307696
9823.0,-1.2469444444444444
9824.0,-0.3581818181818182
9825.0,-1.2271794871794874
9826.0,-1.0475396825396825
9827.0,0.6287499999999999
9828.0,-1.1868085106382977
9829.0,-1.2051162790697674
9830.0,-1.3207692307692311
9831.0,0.6419444444444444
9832.0,-1.1650000000000003
9833.0,-1.3325925925925928
9834.0,-1.2238709677419357
9835.0,-1.307692307692308
9836.0,-1.2102380952380953
9837.0,-1.0966176470588236
9838.0,-1.1017857142857141
9839.0,-1.2051162790697674
9840.0,0.7599999999999999
9841.0,-1.0695454545454544
9842.0,0.7654347826086957
9843.0,-1.24
9844.0,0.5578723404255318
9845.0,-0.9746938775510203
9846.0,-1.2017948717948717
9847.0,-1.1441666666666666
9848.0,-1.2051162790697674
9849.0,-1.14
9850.0,-0.6798148148148149
9851.0,0.31729166666666664
9852.0,-0.01155172413793108
9853.0,-1.2469444444444446
9854.0,-1.0058227848101269
9855.0,-1.3325925925925926
9856.0,-1.1260294117647058
9857.0,-1.081772151898734
9858.0,-1.403
9859.0,-1.0007692307692309
9860.0,-1.0371938775510203
9861.0,-1.1678846153846152
9862.0,-1.0815841584158414
9863.0,-1.2156097560975612
9864.0,-1.2264285714285719
9865.0,-0.14740740740740746
9866.0,-0.9170833333333331
9867.0,0.7155555555555556
9868.0,-0.44754716981132076
9869.0,0.6314285714285713
9870.0,-1.1323076923076922
9871.0,-1.0581818181818183
9872.0,0.7483720930232557
9873.0,0.7543181818181818
9874.0,-1.262058823529412
9875.0,0.029736842105263103
9876.0,0.7088636363636364
9877.0,0.7543181818181818
9878.0,0.7088636363636364
9879.0,-1.1545000000000003
9880.0,-1.1221428571428569
9881.0,-1.2658333333333338
9882.0,-1.0683898305084742
9883.0,-1.1368253968253967
9884.0,-1.155714285714286
9885.0,0.7483720930232558
9886.0,-0.9733333333333333
9887.0,-1.233421052631579
9888.0,0.6634090909090907
9889.0,-1.1041975308641976
9890.0,-1.0798058252427185
9891.0,0.7421428571428571
9892.0,0.02499999999999997
9893.0,0.7543181818181818
9894.0,-1.24
9895.0,-1.2766666666666668
9896.0,-1.1803030303030304
9897.0,-1.2288888888888891
9898.0,-1.056546762589928
9899.0,-1.1522807017543861
9900.0,-1.1864864864864866
9901.0,0.6220689655172412
9902.0,-1.0183333333333338
9903.0,-1.41764705882353
9904.0,-1.1612962962962958
9905.0,-1.0242105263157892
9906.0,-1.0476923076923077
9907.0,-1.186808510638298
9908.0,-1.1109090909090913
9909.0,-1.0664462809917354
9910.0,-1.2277777777777779
9911.0,-1.0140384615384617
9912.0,0.7599999999999999
9913.0,-1.2008
9914.0,-0.9094915254237288
9915.0,-1.069059829059829
9916.0,0.5404878048780487
9917.0,-1.2469444444444444
9918.0,-1.240588235294118
9919.0,-1.069741379310345
9920.0,-1.1117105263157891
9921.0,-0.8626415094339623
9922.0,-1.3388888888888892
9923.0,-0.9611538461538464
9924.0,-1.128059701492537
9925.0,-0.9338709677419358
9926.0,-1.122142857142857
9927.0,0.76
9928.0,-0.9181914893617021
9929.0,-1.053793103448276
9930.0,-1.1079999999999997
9931.0,-1.2142857142857146
9932.0,-1.2469444444444446
9933.0,0.6219148936170212
9934.0,-1.0906944444444444
9935.0,-1.2051162790697674
9936.0,0.7405263157894737
9937.0,-1.0313385826771657
9938.0,-1.0021359223300974
9939.0,-1.2271794871794872
9940.0,0.7543181818181819
9941.0,-1.1028048780487805
9942.0,0.7654347826086957
9943.0,-1.22125
9944.0,-1.1153448275862068
9945.0,-1.2429411764705884
9946.0,-0.18270833333333336
9947.0,-1.0795833333333336
9948.0,-0.13655172413793107
9949.0,0.7155555555555555
9950.0,-0.7647619047619049
9951.0,-1.2002272727272727
9952.0,-1.0040449438202248
9953.0,-0.6864285714285715
9954.0,0.7356097560975609
9955.0,-1.030748898678414
9956.0,-1.1056249999999999
9957.0,-1.0825000000000002
9958.0,-1.067731092436975
9959.0,-0.8616216216216217
9960.0,-1.1149999999999998
9961.0,-1.136825396825397
9962.0,0.5614705882352942
9963.0,-1.2696153846153848
9964.0,-1.2430769230769234
9965.0,-0.842820512820513
9966.0,-1.0975581395348837
9967.0,-1.117076923076923
9968.0,-0.6739622641509434
9969.0,0.7483720930232558
9970.0,-1.0611538461538461
9971.0,-1.0998484848484846
9972.0,0.40444444444444444
9973.0,-0.9071428571428574
9974.0,-1.0806862745098038
9975.0,-0.3323076923076923
9976.0,0.7543181818181818
9977.0,0.7543181818181818
9978.0,-0.978095238095238
9979.0,-0.34648148148148145
9980.0,-1.0204276315789471
9981.0,-1.0560714285714285
9982.0,-1.0387356321839079
9983.0,-0.9325000000000004
9984.0,-1.1108333333333331
9985.0,-0.43166666666666675
9986.0,-0.6826229508196722
9987.0,-1.1368253968253972
9988.0,-0.37125
9989.0,-1.086666666666667
9990.0,-1.1149999999999998
9991.0,0.6974999999999999
9992.0,0.3745833333333331
9993.0,-1.2542857142857144
9994.0,-0.691388888888889
9995.0,0.7421428571428571
9996.0,0.6220689655172412
9997.0,-0.8744086021505378
9998.0,-1.392777777777778
9999.0,-1.0760655737704918
10000.0,-0.19098039215686274
10001.0,-1.0655208333333333
10002.0,0.7139473684210526
10003.0,0.24780487804878046
10004.0,-1.0789423076923077
10005.0,-1.0815841584158417
10006.0,0.49863636363636343
10007.0,0.7421428571428571
10008.0,-0.784347826086957
10009.0,0.5892682926829268
10010.0,0.76
10011.0,0.7599999999999999
10012.0,-1.124057971014493
10013.0,-0.7054255319148937
10014.0,-0.4965789473684212
10015.0,-1.0380769230769231
10016.0,0.7599999999999999
10017.0,-1.0677358490566038
10018.0,-0.3025000000000001
10019.0,-1.22125
10020.0,-1.210416666666667
10021.0,-0.7356896551724137
10022.0,-0.5685714285714286
10023.0,-0.8305882352941181
10024.0,-1.041675977653631
10025.0,-1.2271794871794872
10026.0,-1.105625
10027.0,-1.1713725490196079
10028.0,-0.06065217391304348
10029.0,-1.503888888888889
10030.0,0.7543181818181818
10031.0,0.67875
10032.0,0.76
10033.0,-1.161296296296296
10034.0,-1.1133333333333333
10035.0,-1.0547321428571428
10036.0,-1.0040449438202248
10037.0,-0.8316666666666667
10038.0,-1.0098412698412698
10039.0,-1.2156097560975612
10040.0,-0.5906944444444444
10041.0,0.2448484848484848
10042.0,-0.8736206896551724
10043.0,-0.663076923076923
10044.0,-1.1416393442622952
10045.0,-1.2754545454545456
10046.0,-1.1120930232558142
10047.0,-1.3089655172413797
10048.0,-0.7700000000000004
10049.0,-1.1416393442622952
10050.0,0.6380487804878049
10051.0,0.6179545454545454
10052.0,0.76
10053.0,-1.1117105263157894
10054.0,-0.5027118644067796
10055.0,-1.0834343434343432
10056.0,-1.113333333333333
10057.0,-0.9076829268292683
10058.0,0.6702564102564101
10059.0,0.36416666666666664
10060.0,-1.0432786885245902
10061.0,-1.0192792792792797
10062.0,-1.1323076923076925
10063.0,-1.383846153846154
10064.0,0.48727272727272714
10065.0,-0.19833333333333336
10066.0,-1.0619178082191778
10067.0,-0.3694642857142857
10068.0,0.08236842105263154
10069.0,-0.815
10070.0,-1.11012987012987
10071.0,-1.0318552036199096
10072.0,-0.9258108108108107
10073.0,-1.2790625000000002
10074.0,-0.7326470588235295
10075.0,-1.1581818181818182
10076.0,0.76
10077.0,-1.320357142857143
10078.0,0.6287499999999999
10079.0,-0.7007843137254901
10080.0,-1.2102380952380953
10081.0,-0.12709677419354848
10082.0,-0.8148888888888889
10083.0,0.7543181818181818
10084.0,-1.0634126984126988
10085.0,-1.0935714285714286
10086.0,-1.0470175438596492
10087.0,-1.0863541666666667
10088.0,-0.9274999999999999
10089.0,-1.2156097560975612
10090.0,-1.158181818181818
10091.0,-1.2883870967741935
10092.0,0.5016666666666666
10093.0,-1.262058823529412
10094.0,-0.5372972972972975
10095.0,-1.126029411764706
10096.0,-0.06258064516129037
10097.0,0.389032258064516
10098.0,-1.0135849056603772
10099.0,-0.8712500000000001
10100.0,-1.0520805369127517
10101.0,-1.0664462809917354
10102.0,-1.171034482758621
10103.0,-1.0909615384615385
10104.0,-0.9338775510204081
10105.0,-1.0389417989417988
10106.0,0.7654347826086955
10107.0,-1.1713725490196079
10108.0,-1.124057971014493
10109.0,-1.088404255319149
10110.0,-1.1441666666666663
10111.0,-1.1712500000000001
10112.0,-0.6410416666666667
10113.0,-0.3766666666666667
10114.0,-1.1551785714285714
10115.0,-1.1442553191489362
10116.0,0.6702564102564101
10117.0,-1.0682352941176474
10118.0,-1.0760655737704916
10119.0,-1.1796296296296296
10120.0,-1.1125925925925928
10121.0,-0.9725581395348837
10122.0,-1.0853608247422681
10123.0,-0.09897435897435902
10124.0,-1.0863541666666665
10125.0,-0.9729545454545453
10126.0,0.0506976744186046
10127.0,-1.0432786885245902
10128.0,-0.5561764705882354
10129.0,0.7543181818181818
10130.0,-1.0362962962962965
10131.0,0.5404878048780488
10132.0,0.23674418604651162
10133.0,-0.8712499999999999
10134.0,-1.1696491228070178
10135.0,-0.40326530612244893
10136.0,0.6584374999999998
10137.0,-1.2658333333333338
10138.0,-1.1678846153846154
10139.0,0.7318181818181817
10140.0,0.5287499999999999
10141.0,-1.1377272727272727
10142.0,-1.0672058823529413
10143.0,-1.0597115384615385
10144.0,-1.1379591836734693
10145.0,-1.035792079207921
10146.0,-0.9181914893617018
10147.0,-1.058014705882353
10148.0,-1.0824999999999998
10149.0,-1.1280597014925373
10150.0,-1.1280597014925373
10151.0,-1.1108333333333331
10152.0,0.6885714285714286
10153.0,-1.0755263157894737
10154.0,-1.074090909090909
10155.0,-1.36
10156.0,-1.20969696969697
10157.0,-0.8294117647058825
10158.0,-0.7865116279069767
10159.0,-1.2171875
10160.0,-1.2621739130434784
10161.0,0.7421428571428571
10162.0,0.24484848484848484
10163.0,0.4429268292682926
10164.0,-0.6498360655737706
10165.0,0.742142857142857
10166.0,-1.1260294117647058
10167.0,-0.12125000000000005
10168.0,-0.45982758620689657
10169.0,-1.3203225806451615
10170.0,-0.8807042253521126
10171.0,-1.128059701492537
10172.0,-0.83258064516129
10173.0,-0.5911904761904762
10174.0,-1.0696703296703296
10175.0,-1.050855263157895
10176.0,-1.1128813559322035
10177.0,0.49170731707317067
10178.0,-1.1240579710144927
10179.0,-0.06758620689655184
10180.0,-1.0484677419354838
10181.0,0.23142857142857143
10182.0,-1.3594117647058828
10183.0,-0.9066666666666667
10184.0,-0.8694642857142857
10185.0,-0.32035714285714295
10186.0,-0.682857142857143
10187.0,-0.8038297872340424
10188.0,-1.0873684210526313
10189.0,-1.13453125
10190.0,-1.2790625
10191.0,0.7483720930232558
10192.0,-1.1868085106382977
10193.0,-1.0854545454545454
10194.0,-1.071038961038961
10195.0,0.28325581395348837
10196.0,-0.7656410256410257
10197.0,-0.288780487804878
10198.0,-1.0773493975903612
10199.0,-1.0023106060606062
10200.0,0.7543181818181816
10201.0,-0.9347674418604653
10202.0,-0.9725581395348836
10203.0,-1.0622656250000002
10204.0,0.7543181818181818
10205.0,0.7287499999999999
10206.0,-0.1410416666666667
10207.0,-0.9218181818181815
10208.0,-1.1221428571428573
10209.0,-0.9835897435897436
10210.0,-0.7955555555555555
10211.0,-1.2542857142857144
10212.0,0.6584375
10213.0,0.5724999999999999
10214.0,-0.8845312500000001
10215.0,-1.1085897435897438
10216.0,-1.0843877551020409
10217.0,-0.43166666666666675
10218.0,-1.0161299435028246
10219.0,-1.0548148148148149
10220.0,0.7599999999999999
10221.0,-1.1060714285714286
10222.0,-0.02289473684210529
10223.0,0.385
10224.0,-1.08375
10225.0,-0.6275510204081632
10226.0,-0.6875806451612902
10227.0,0.7421428571428571
10228.0,0.7654347826086957
10229.0,-0.29833333333333345
10230.0,0.7219565217391303
10231.0,0.11849056603773582
10232.0,0.7654347826086957
10233.0,-1.22125
10234.0,-0.28918032786885245
10235.0,-1.0905434782608696
10236.0,-1.0155102040816326
10237.0,0.32888888888888856
10238.0,-0.5389130434782607
10239.0,-0.643225806451613
10240.0,-0.5389130434782609
10241.0,0.42666666666666664
10242.0,-1.0434682080924855
10243.0,0.42499999999999993
10244.0,-1.0998484848484846
10245.0,-1.2002272727272727
10246.0,0.21614035087719294
10247.0,0.7654347826086957
10248.0,-1.032139917695473
10249.0,0.7654347826086955
10250.0,0.7706382978723403
10251.0,-1.1494827586206897
10252.0,-1.053793103448276
10253.0,-0.17125000000000004
10254.0,-1.2703030303030303
10255.0,-0.03411764705882352
10256.0,-1.0600757575757576
10257.0,0.7654347826086955
10258.0,-1.2051162790697674
10259.0,-1.0590298507462685
10260.0,-1.0453892215568865
10261.0,-0.9972222222222223
10262.0,-0.6982608695652175
10263.0,0.7280851063829787
10264.0,-0.8820454545454545
10265.0,-1.033103448275862
10266.0,-1.0062337662337666
10267.0,-1.1645283018867922
10268.0,-1.0913861386138615
10269.0,-1.3204000000000005
10270.0,-0.9074528301886792
10271.0,-1.087972972972973
10272.0,-1.0303030303030305
10273.0,-1.248125
10274.0,-1.1045945945945945
10275.0,-1.0611538461538461
10276.0,-1.403
10277.0,-1.0512582781456954
10278.0,0.7654347826086955
10279.0,0.7654347826086955
10280.0,-1.3011764705882358
10281.0,-0.556764705882353
10282.0,-0.7711764705882357
10283.0,-1.2264285714285719
10284.0,-1.0485443037974684
10285.0,0.5822222222222221
10286.0,-1.345769230769231
10287.0,-1.1612962962962963
10288.0,0.48972972972972956
10289.0,-1.4746666666666668
10290.0,0.7004347826086956
10291.0,0.7824444444444445
10292.0,-1.22125
10293.0,0.21673076923076914
10294.0,-1.1180487804878048
10295.0,-1.1441666666666668
10296.0,-0.12297872340425528
10297.0,-1.0982089552238805
10298.0,-1.1323076923076922
10299.0,-0.12297872340425527
10300.0,-1.13453125
10301.0,-1.375416666666667
10302.0,-1.0480357142857144
10303.0,-1.1593548387096777
10304.0,0.7543181818181819
10305.0,-1.2703030303030303
10306.0,-0.9600000000000002
10307.0,-1.22125
10308.0,-1.2748275862068965
10309.0,-1.1657446808510639
10310.0,-1.3483333333333338
10311.0,-1.2264285714285719
10312.0,-0.38285714285714306
10313.0,-1.1467796610169492
10314.0,-1.115
10315.0,-1.1494827586206897
10316.0,-1.0927777777777778
10317.0,0.6088372093023255
10318.0,-0.343448275862069
10319.0,0.22296296296296284
10320.0,0.748372093023256
10321.0,-0.9935294117647056
10322.0,-1.1678846153846154
10323.0,-1.307692307692308
10324.0,0.76
10325.0,0.11326086956521737
10326.0,-1.1555000000000002
10327.0,-1.0893150684931507
10328.0,-1.0923999999999998
10329.0,-1.2827777777777782
10330.0,0.7654347826086957
10331.0,-0.47015873015873016
10332.0,-1.0853608247422681
10333.0,-1.1041304347826084
10334.0,-1.0655208333333333
10335.0,-1.320357142857143
10336.0,-1.069268292682927
10337.0,-1.3457692307692308
10338.0,-1.0824999999999998
10339.0,-0.415
10340.0,-1.2983333333333333
10341.0,-1.3594117647058825
10342.0,-1.1056249999999999
10343.0,0.6935555555555554
10344.0,-1.2225925925925927
10345.0,-1.3325925925925928
10346.0,-0.5908771929824561
10347.0,0.7219565217391305
10348.0,-1.0752941176470587
10349.0,-1.0320454545454545
10350.0,-1.113333333333333
10351.0,-1.1280597014925373
10352.0,-1.12125
10353.0,-0.8741463414634147
10354.0,-1.2156097560975612
10355.0,-1.0420833333333335
10356.0,-0.2055172413793104
10357.0,-1.0664462809917354
10358.0,-1.1416393442622954
10359.0,-1.1323076923076922
10360.0,-1.0683898305084747
10361.0,-1.1749999999999998
10362.0,-1.4086666666666672
10363.0,-1.3726315789473686
10364.0,0.6868292682926829
10365.0,0.5180645161290323
10366.0,-1.2542857142857144
10367.0,-1.2406896551724136
10368.0,-0.8294117647058827
10369.0,-1.186808510638298
10370.0,-1.141639344262295
10371.0,-1.1775
10372.0,-1.191086956521739
10373.0,-1.3207692307692311
10374.0,-1.1171929824561404
10375.0,-1.0756481481481481
10376.0,-0.9746938775510203
10377.0,0.7483720930232558
10378.0,0.7356097560975609
10379.0,-1.1645283018867925
10380.0,0.47428571428571414
10381.0,-1.115
10382.0,-0.3976923076923082
10383.0,-0.8367741935483872
10384.0,-1.2658333333333338
10385.0,0.7356097560975609
10386.0,0.16666666666666652
10387.0,-1.1684615384615387
10388.0,-0.8704347826086957
10389.0,-1.2850000000000001
10390.0,0.76
10391.0,-0.6441666666666668
10392.0,-1.1441666666666666
10393.0,-1.3040000000000005
10394.0,-1.0061691542288556
10395.0,-1.0927777777777776
10396.0,-1.0470175438596492
10397.0,-1.0595488721804514
10398.0,-1.0975581395348835
10399.0,-1.0525
10400.0,-1.0622222222222222
10401.0,-0.8712500000000001
10402.0,0.7543181818181818
10403.0,-1.0971428571428572
10404.0,-1.1017021276595744
10405.0,0.29289473684210526
10406.0,0.7543181818181818
10407.0,-0.9441666666666665
10408.0,-1.0405464480874318
10409.0,-0.15891891891891896
10410.0,-0.723974358974359
10411.0,-1.0935714285714286
10412.0,0.7599999999999999
10413.0,-0.94
10414.0,-0.6831818181818182
10415.0,0.46
10416.0,-0.5909615384615383
10417.0,-0.36790697674418615
10418.0,-1.1041975308641976
10419.0,-0.7154098360655735
10420.0,-1.124057971014493
10421.0,-1.018201219512195
10422.0,0.3778431372549019
10423.0,-1.1668292682926829
10424.0,-1.0411049723756907
10425.0,-0.3357446808510638
10426.0,-1.2542857142857142
10427.0,-0.7906756756756755
10428.0,0.67875
10429.0,-1.256451612903226
10430.0,-1.0733333333333333
10431.0,-1.1551785714285714
10432.0,-1.1085897435897436
10433.0,-1.032626728110599
10434.0,0.7543181818181818
10435.0,-1.0963218390804597
10436.0,-1.0147641509433962
10437.0,-1.0950000000000002
10438.0,-1.1477777777777778
10439.0,-0.6738235294117647
10440.0,-0.9040625000000001
10441.0,-1.0231632653061224
10442.0,-1.1158823529411765
10443.0,-1.200227272727273
10444.0,-1.14
10445.0,-1.1735555555555557
10446.0,-0.57203125
10447.0,-0.24000000000000002
10448.0,-1.1260294117647058
10449.0,-1.066315789473684
10450.0,-1.0764485981308411
10451.0,-1.113333333333333
10452.0,-0.7538888888888887
10453.0,0.7483720930232558
10454.0,-1.2316666666666667
10455.0,-0.9729545454545455
10456.0,-0.3530952380952381
10457.0,-0.6965217391304349
10458.0,-1.0673809523809525
10459.0,0.5672916666666666
10460.0,0.76
10461.0,-1.115
10462.0,-0.9707692307692307
10463.0,-1.2703030303030305
10464.0,-1.0664462809917357
10465.0,-0.8079012345679012
10466.0,0.7873913043478261
10467.0,-0.2127272727272728
10468.0,-1.3491304347826085
10469.0,-0.6630769230769231
10470.0,0.685531914893617
10471.0,-1.0873684210526313
10472.0,0.15090909090909083
10473.0,-1.1827083333333333
10474.0,-1.2058620689655173
10475.0,-0.4654901960784313
10476.0,-1.0253260869565217
10477.0,-1.0369543147208122
10478.0,-0.91578125
10479.0,-0.3025
10480.0,0.6429787234042553
10481.0,0.07249999999999998
10482.0,-1.476842105263158
10483.0,-1.0491907514450867
10484.0,-0.8610000000000002
10485.0,-1.1827083333333333
10486.0,-0.5952941176470591
10487.0,0.7654347826086957
10488.0,-0.9736956521739131
10489.0,-1.0780952380952382
10490.0,0.7706382978723403
10491.0,-0.9721428571428571
10492.0,-0.8195652173913043
10493.0,0.6349999999999999
10494.0,-0.6547727272727273
10495.0,-1.003950953678474
10496.0,-1.0440935672514622
10497.0,-0.9245238095238093
10498.0,-0.5911904761904762
10499.0,-1.0171739130434783
10500.0,0.7599999999999999
10501.0,-1.0155284552845527
10502.0,-1.130151515151515
10503.0,0.5892682926829268
10504.0,0.29124999999999984
10505.0,-0.6258695652173912
10506.0,-1.077837837837838
10507.0,0.671111111111111
10508.0,-1.200227272727273
10509.0,-1.3060869565217392
10510.0,0.4356756756756756
10511.0,0.39815789473684193
10512.0,-1.1480434782608697
10513.0,-1.0441666666666665
10514.0,-1.2073684210526314
10515.0,-0.1410416666666667
10516.0,-0.8399999999999999
10517.0,-0.9721428571428571
10518.0,0.02704545454545452
10519.0,-1.0415873015873016
10520.0,-1.221111111111111
10521.0,-0.9770689655172413
10522.0,0.4488888888888888
10523.0,-0.8892537313432836
10524.0,-1.0345205479452055
10525.0,-1.0249462365591397
10526.0,-1.0805172413793103
10527.0,0.7543181818181818
10528.0,0.7219565217391305
10529.0,-1.0489171974522293
10530.0,0.7599999999999999
10531.0,0.7654347826086957
10532.0,0.7654347826086955
10533.0,-0.8364912280701754
10534.0,0.7654347826086957
10535.0,-1.040970873786408
10536.0,-1.1368253968253967
10537.0,0.5578723404255318
10538.0,-0.30102040816326525
10539.0,-1.085394736842105
10540.0,-0.42750000000000005
10541.0,0.3449999999999999
10542.0,0.7654347826086957
10543.0,-1.1441666666666668
10544.0,-1.175
10545.0,-1.3726315789473686
10546.0,0.742142857142857
10547.0,0.7654347826086958
10548.0,0.0664516129032257
10549.0,-0.2707692307692309
10550.0,-1.0143809523809524
10551.0,-1.1368253968253967
10552.0,-0.4408928571428571
10553.0,0.7654347826086957
10554.0,-1.0853608247422681
10555.0,-0.3094444444444444
10556.0,-1.0905434782608696
10557.0,-0.975576923076923
10558.0,-1.2883870967741935
10559.0,-1.2883870967741937
10560.0,-1.2542857142857142
10561.0,-1.1827083333333335
10562.0,-1.2883870967741937
10563.0,0.387659574468085
10564.0,-0.8600000000000003
10565.0,-1.2106666666666672
10566.0,0.72875
10567.0,-0.7273417721518988
10568.0,0.7483720930232558
10569.0,-1.210416666666667
10570.0,-1.1323076923076925
10571.0,0.3016666666666666
10572.0,-1.1294230769230769
10573.0,-1.0496774193548386
10574.0,-1.0894623655913978
10575.0,-1.061705426356589
10576.0,-1.080686274509804
10577.0,-1.186808510638298
10578.0,-1.1955555555555557
10579.0,-1.2194444444444443
10580.0,-1.2334210526315788
10581.0,-0.9762264150943395
10582.0,0.7654347826086955
10583.0,-1.1184722222222223
10584.0,-0.9440000000000003
10585.0,-1.233421052631579
10586.0,-1.0078571428571428
10587.0,-1.1391935483870967
10588.0,-1.1323076923076925
10589.0,-0.07018867924528303
10590.0,-1.0804000000000002
10591.0,-0.2931914893617021
10592.0,-1.1416393442622952
10593.0,-1.2254285714285715
10594.0,-1.0548148148148149
10595.0,-0.0501851851851852
10596.0,-0.32163265306122446
10597.0,0.7654347826086957
10598.0,-0.3208823529411765
10599.0,-0.9542857142857143
10600.0,0.48395833333333327
10601.0,-1.2790625
10602.0,0.7654347826086955
10603.0,-0.8177027027027026
10604.0,-1.2790625000000002
10605.0,-1.191086956521739
10606.0,-1.1749999999999998
10607.0,0.15843749999999995
10608.0,-0.9121311475409836
10609.0,-1.014615384615385
10610.0,-0.5430303030303032
10611.0,-1.1184722222222223
10612.0,-0.19192307692307703
10613.0,-1.130151515151515
10614.0,-1.1167123287671232
10615.0,-1.0733333333333333
10616.0,-1.136825396825397
10617.0,-1.0963218390804597
10618.0,-1.509285714285715
10619.0,-1.1041975308641976
10620.0,-1.1001190476190477
10621.0,-1.130151515151515
10622.0,-0.9369230769230773
10623.0,-1.19078431372549
10624.0,-1.191086956521739
10625.0,-1.227179487179487
10626.0,-1.2481250000000002
10627.0,-1.2264285714285716
10628.0,-1.2587500000000005
10629.0,-1.295925925925926
10630.0,-0.5226086956521739
10631.0,0.5270454545454545
10632.0,-1.3076923076923077
10633.0,-1.0209090909090914
10634.0,0.5933333333333332
10635.0,0.7543181818181819
10636.0,-0.23000000000000012
10637.0,-0.8212500000000003
10638.0,-1.1844444444444446
10639.0,-1.24
10640.0,0.7219565217391305
10641.0,0.7873913043478261
10642.0,-0.6117948717948719
10643.0,-1.0690598290598292
10644.0,-1.0496590909090908
10645.0,-1.3726315789473689
10646.0,0.7654347826086957
10647.0,0.346206896551724
10648.0,-0.9597802197802198
10649.0,-1.31
10650.0,-1.0915625000000002
10651.0,0.7654347826086957
10652.0,-1.0780952380952382
10653.0,-1.4304761904761907
10654.0,0.5049999999999999
10655.0,-1.3341666666666667
10656.0,0.5208695652173911
10657.0,-1.1847058823529415
10658.0,0.5208695652173911
10659.0,-1.2156097560975612
10660.0,-0.7752564102564103
10661.0,-1.3833333333333333
10662.0,0.28857142857142853
10663.0,-1.0349029126213591
10664.0,0.7824444444444445
10665.0,0.7654347826086955
10666.0,-1.430476190476191
10667.0,-0.8169230769230769
10668.0,-1.1167123287671232
10669.0,-1.0875238095238096
10670.0,-1.0634126984126988
10671.0,0.6855319148936169
10672.0,-0.928888888888889
10673.0,0.7654347826086955
10674.0,-1.1441666666666668
10675.0,-1.098936170212766
10676.0,-1.1184722222222223
10677.0,-1.2542857142857144
10678.0,-0.3797058823529413
10679.0,-0.8917857142857145
10680.0,-1.118048780487805
10681.0,-0.7116981132075472
10682.0,-1.120281690140845
10683.0,-1.1910869565217392
10684.0,-1.288387096774194
10685.0,-1.2175555555555555
10686.0,-1.2096969696969697
10687.0,-0.26884615384615396
10688.0,-1.2096969696969697
10689.0,-1.022051282051282
10690.0,0.7654347826086957
10691.0,-0.7399999999999999
10692.0,-1.0533561643835614
10693.0,0.7654347826086957
10694.0,0.7654347826086955
10695.0,-0.9665625
10696.0,-0.7997826086956522
10697.0,0.059333333333332954
10698.0,-0.6913888888888889
10699.0,0.7654347826086955
10700.0,-1.2051162790697674
10701.0,-0.9051785714285714
10702.0,-0.9825000000000002
10703.0,-1.0763095238095235
10704.0,-1.2271794871794874
10705.0,-1.3594117647058825
10706.0,0.3459374999999999
10707.0,-1.4086666666666672
10708.0,-1.016595744680851
10709.0,-0.19108695652173918
10710.0,0.7280851063829785
10711.0,-0.11946428571428573
10712.0,-1.0470866141732285
10713.0,-1.1441666666666668
10714.0,-0.2030000000000002
10715.0,-1.008939393939394
10716.0,-1.0725892857142858
10717.0,-0.4856140350877193
10718.0,-1.1184722222222223
10719.0,0.7599999999999999
10720.0,-0.06411764705882386
10721.0,-1.1041975308641976
10722.0,-1.105079365079365
10723.0,0.7654347826086957
10724.0,0.28325581395348826
10725.0,-0.7154098360655738
10726.0,0.22874999999999995
10727.0,0.7219565217391305
10728.0,0.6855319148936169
10729.0,-1.0963218390804597
10730.0,-0.34317460317460324
10731.0,-0.11142857142857145
10732.0,-0.6722033898305084
10733.0,-0.47125000000000006
10734.0,-1.070769230769231
10735.0,0.15090909090909083
10736.0,-1.1167123287671235
10737.0,-0.40981132075471693
10738.0,-0.9417543859649125
10739.0,-1.058014705882353
10740.0,-0.9794366197183098
10741.0,-1.0073611111111112
10742.0,-1.0927777777777776
10743.0,-1.0467484662576687
10744.0,-1.233421052631579
10745.0,-0.4959523809523809
10746.0,0.3455263157894736
10747.0,-1.2103030303030304
10748.0,-0.9717073170731708
10749.0,0.5480434782608696
10750.0,-1.0415873015873016
10751.0,0.25107142857142845
10752.0,-1.1368253968253967
10753.0,-0.14760869565217388
10754.0,0.6086842105263157
10755.0,0.7654347826086957
10756.0,-1.0575182481751824
10757.0,-0.4609302325581395
10758.0,-1.0904878048780489
10759.0,0.05268292682926826
10760.0,-0.553953488372093
10761.0,-1.07203125
10762.0,-1.3600000000000003
10763.0,0.5676923076923077
10764.0,0.67875
10765.0,0.6855319148936172
10766.0,-1.071858407079646
10767.0,-1.032962962962963
10768.0,-0.5169230769230769
10769.0,-0.8852727272727272
10770.0,-1.233421052631579
10771.0,0.7219565217391306
10772.0,-0.8249056603773585
10773.0,0.76
10774.0,-1.1391935483870967
10775.0,0.32756756756756755
10776.0,0.22874999999999995
10777.0,0.7654347826086955
10778.0,-1.0449242424242424
10779.0,-0.22148148148148164
10780.0,-0.2660416666666667
10781.0,-0.5316666666666667
10782.0,-1.1713725490196079
10783.0,0.7543181818181818
10784.0,-0.9774999999999998
10785.0,0.030833333333333275
10786.0,-0.7719767441860467
10787.0,0.671111111111111
10788.0,-1.0725892857142856
10789.0,-1.1267924528301885
10790.0,-0.4519565217391305
10791.0,-0.6509589041095891
10792.0,-1.1184722222222223
10793.0,-1.1866666666666668
10794.0,-0.6322413793103449
10795.0,0.7543181818181818
10796.0,0.7654347826086957
10797.0,-1.0415873015873016
10798.0,-1.1202816901408448
10799.0,-0.9820212765957449
10800.0,-1.0556028368794328
10801.0,0.6702564102564101
10802.0,-1.1441666666666666
10803.0,-1.1769565217391307
10804.0,0.7483720930232558
10805.0,-0.13583333333333336
10806.0,-1.0664462809917357
10807.0,0.7543181818181818
10808.0,-1.122142857142857
10809.0,0.7483720930232557
10810.0,-1.152280701754386
10811.0,-1.0622222222222222
10812.0,-1.3089655172413794
10813.0,0.3172916666666667
10814.0,-0.8432608695652174
10815.0,-1.0677310924369747
10816.0,-1.1586046511627908
10817.0,-1.2790625000000002
10818.0,-1.1103703703703705
10819.0,0.39414634146341465
10820.0,-0.9194871794871796
10821.0,-1.003586956521739
10822.0,-1.1391935483870967
10823.0,-1.0606521739130435
10824.0,-0.8292857142857141
10825.0,-1.1555000000000002
10826.0,-1.082105263157895
10827.0,-1.062265625
10828.0,-1.1093181818181816
10829.0,-1.3377777777777782
10830.0,-1.0690598290598292
10831.0,-1.1604
10832.0,-1.0022549019607843
10833.0,-0.8951724137931033
10834.0,0.13499999999999995
10835.0,0.76
10836.0,0.7654347826086957
10837.0,0.06632653061224487
10838.0,-1.046888888888889
10839.0,-1.175
10840.0,-1.1827083333333333
10841.0,-0.8279629629629627
10842.0,-1.268846153846154
10843.0,-1.1001075268817204
10844.0,-0.7959210526315788
10845.0,-0.32173076923076926
10846.0,-1.2703030303030305
10847.0,-1.0086666666666673
10848.0,-0.9012903225806452
10849.0,-0.9729545454545455
10850.0,0.5725
10851.0,-0.5993750000000001
10852.0,-1.027298387096774
10853.0,-1.0821052631578947
10854.0,-1.1066666666666667
10855.0,-1.0894623655913978
10856.0,-1.0265714285714285
10857.0,0.7543181818181818
10858.0,-0.34784313725490196
10859.0,-1.1028048780487805
10860.0,-0.9156756756756755
10861.0,-0.29833333333333345
10862.0,-0.13583333333333333
10863.0,0.1393103448275861
10864.0,-1.039242424242424
10865.0,-0.9463492063492063
10866.0,-1.144255319148936
10867.0,-0.6302439024390244
10868.0,0.389032258064516
10869.0,-0.5430303030303031
10870.0,-1.1260294117647056
10871.0,-1.128059701492537
10872.0,0.7599999999999999
10873.0,-1.1066666666666667
10874.0,-0.7200000000000002
10875.0,-1.0733333333333333
10876.0,-0.9691666666666667
10877.0,-1.1294230769230769
10878.0,0.5599999999999999
10879.0,-0.5915625
10880.0,-1.0415873015873014
10881.0,0.76
10882.0,-1.0704347826086957
10883.0,-0.06411764705882382
10884.0,-0.20153846153846158
10885.0,-1.0170833333333333
10886.0,-0.8498901098901098
10887.0,-0.9533333333333331
10888.0,-0.570508474576271
10889.0,0.6314285714285715
10890.0,0.671111111111111
10891.0,-0.9518055555555556
10892.0,-0.49657894736842106
10893.0,-1.0697413793103447
10894.0,-0.25499999999999995
10895.0,0.7599999999999999
10896.0,0.76
10897.0,-0.4672727272727272
10898.0,0.7706382978723403
10899.0,0.2599999999999998
10900.0,-0.6949999999999998
10901.0,0.503421052631579
10902.0,-1.0873684210526318
10903.0,0.6974999999999999
10904.0,-1.1240579710144927
10905.0,0.27874999999999994
10906.0,0.7654347826086957
10907.0,-1.0140384615384614
10908.0,-1.2911764705882351
10909.0,0.45999999999999996
10910.0,0.7706382978723404
10911.0,-1.1133333333333333
10912.0,-1.056326530612245
10913.0,-1.0853608247422681
10914.0,-1.0431609195402298
10915.0,-1.1280597014925373
10916.0,-0.986287128712871
10917.0,-1.1066666666666667
10918.0,-0.9066666666666666
10919.0,-1.1467796610169492
10920.0,-0.9004761904761904
10921.0,0.7654347826086955
10922.0,0.48972972972972967
10923.0,-1.0570289855072463
10924.0,0.19699999999999976
10925.0,-1.1014457831325302
10926.0,-0.9278612716763006
10927.0,-1.0446875
10928.0,0.5933333333333332
10929.0,-1.054375
10930.0,0.7654347826086957
10931.0,0.7543181818181818
10932.0,-1.1547727272727275
10933.0,0.7706382978723403
10934.0,-1.1063636363636362
10935.0,0.32249999999999984
10936.0,-1.113333333333333
10937.0,-0.10607142857142868
10938.0,-0.8910416666666666
10939.0,-0.22148148148148156
10940.0,0.46
10941.0,0.11135135135135131
10942.0,-0.7248484848484849
10943.0,0.6202941176470587
10944.0,0.635
10945.0,-1.1345312499999998
10946.0,-1.0464516129032257
10947.0,-0.6693478260869565
10948.0,-1.0516666666666667
10949.0,-0.14760869565217388
10950.0,-1.0182608695652176
10951.0,-1.1301515151515151
10952.0,0.7706382978723404
10953.0,0.7543181818181818
10954.0,0.17875
10955.0,-0.8763636363636362
10956.0,-1.0638636363636365
10957.0,-0.9604301075268816
10958.0,-1.0795061728395063
10959.0,-0.5977586206896552
10960.0,-1.0145098039215683
10961.0,0.7654347826086955
10962.0,-1.1713725490196076
10963.0,-1.0322077922077924
10964.0,0.7873913043478261
10965.0,0.02388888888888888
10966.0,0.7654347826086955
10967.0,-1.1752173913043478
10968.0,-1.0740909090909092
10969.0,-1.175
10970.0,-1.0351388888888888
10971.0,-1.1678846153846154
10972.0,-0.375
10973.0,-0.8754166666666668
10974.0,-0.9176315789473686
10975.0,-1.2748275862068965
10976.0,-1.0825
10977.0,-1.1713725490196079
10978.0,-0.8820454545454542
10979.0,-1.1286666666666665
10980.0,-1.2838888888888893
10981.0,-0.05967213114754103
10982.0,-1.0537254901960784
10983.0,0.06499999999999996
10984.0,-1.3076923076923077
10985.0,-0.42125
10986.0,0.7654347826086955
10987.0,-1.0226086956521738
10988.0,-1.0533561643835618
10989.0,-1.0863541666666665
10990.0,-1.1318918918918919
10991.0,-1.1515686274509804
10992.0,-1.1586046511627905
10993.0,-0.8682051282051282
10994.0,-1.0966176470588236
10995.0,0.5742857142857142
10996.0,-1.0573684210526317
10997.0,-1.0551408450704227
10998.0,-1.2156097560975612
10999.0,-0.4632142857142859
11000.0,-1.14
11001.0,-1.0316666666666665
11002.0,0.47105263157894717
11003.0,-1.1358333333333333
11004.0,0.24026315789473682
11005.0,0.76
11006.0,0.6885714285714284
11007.0,-1.0634126984126988
11008.0,-1.1678846153846154
11009.0,-1.0963218390804597
11010.0,0.7706382978723403
11011.0,-1.0485443037974684
11012.0,-1.186923076923077
11013.0,0.7706382978723403
11014.0,-1.2002272727272727
11015.0,-0.9749572649572651
11016.0,-1.0342583732057415
11017.0,-1.1551785714285714
11018.0,-0.92125
11019.0,0.7654347826086957
11020.0,-1.1246153846153844
11021.0,-1.0879729729729728
11022.0,-1.14948275862069
11023.0,-1.14948275862069
11024.0,-0.6193103448275864
11025.0,-1.0951136363636365
11026.0,-0.58375
11027.0,-0.7400000000000001
11028.0,-1.0825000000000002
11029.0,-1.3921739130434785
11030.0,-1.0628346456692914
11031.0,-1.0545714285714285
11032.0,0.4090384615384614
11033.0,-1.1149999999999998
11034.0,-0.9421428571428575
11035.0,-0.9012903225806452
11036.0,-1.0218012422360248
11037.0,0.7654347826086957
11038.0,-0.6775000000000002
11039.0,-1.3594117647058825
11040.0,-0.30060606060606065
11041.0,-1.2883870967741935
11042.0,-0.7765853658536586
11043.0,-1.124259259259259
11044.0,-1.2403030303030302
11045.0,-1.3833333333333333
11046.0,-1.0725892857142858
11047.0,-1.061705426356589
11048.0,0.0972093023255814
11049.0,0.6885714285714285
11050.0,0.7356097560975609
11051.0,-0.8390909090909098
11052.0,-1.052439024390244
11053.0,-1.0791428571428572
11054.0,-1.1067857142857143
11055.0,-0.8917857142857144
11056.0,-1.3726315789473686
11057.0,-0.8351999999999999
11058.0,0.11222222222222211
11059.0,-1.1001190476190477
11060.0,-1.0294736842105265
11061.0,-0.9040625
11062.0,-1.186808510638298
11063.0,-1.1260294117647063
11064.0,-1.0489430894308944
11065.0,-1.0909615384615383
11066.0,-0.2920833333333335
11067.0,-0.21777777777777776
11068.0,-1.0432786885245902
11069.0,0.7215384615384614
11070.0,-0.9782812500000002
11071.0,0.7654347826086957
11072.0,0.504047619047619
11073.0,0.7654347826086955
11074.0,-1.061917808219178
11075.0,-0.6288888888888887
11076.0,0.15421052631578921
11077.0,0.5265217391304347
11078.0,0.7706382978723403
11079.0,-1.0480357142857142
11080.0,-1.1280597014925375
11081.0,-0.5907462686567165
11082.0,0.76
11083.0,-0.815
11084.0,-0.7400000000000001
11085.0,0.7654347826086955
11086.0,-1.0533561643835618
11087.0,-1.0190697674418605
11088.0,-1.1294230769230766
11089.0,0.04431372549019605
11090.0,0.76
11091.0,-1.0414705882352941
11092.0,-1.0332242990654206
11093.0,-1.0841558441558443
11094.0,-1.1088524590163935
11095.0,-1.2271794871794874
11096.0,0.7483720930232558
11097.0,-1.00984126984127
11098.0,-0.32064516129032267
11099.0,-1.082857142857143
11100.0,0.7219565217391305
11101.0,-0.7340476190476191
11102.0,-0.47437499999999994
11103.0,-1.030625
11104.0,-0.39865384615384614
11105.0,0.6220689655172413
11106.0,-1.1416393442622954
11107.0,-0.9114285714285714
11108.0,0.7706382978723404
11109.0,-0.999920634920635
11110.0,-1.0247744360902253
11111.0,-1.0834343434343434
11112.0,-1.0763095238095237
11113.0,-1.0247222222222225
11114.0,-0.8416949152542372
11115.0,0.7654347826086955
11116.0,0.5863888888888888
11117.0,0.4438235294117646
11118.0,-0.9449180327868852
11119.0,0.7654347826086955
11120.0,-1.0817721518987342
11121.0,-0.32173076923076926
11122.0,-1.0733333333333333
11123.0,-1.1015384615384616
11124.0,-1.0079649122807017
11125.0,0.5355102040816326
11126.0,-0.9749999999999999
11127.0,0.20199999999999993
11128.0,-1.05712962962963
11129.0,-1.130151515151515
11130.0,0.7654347826086955
11131.0,0.4028571428571428
11132.0,-0.035918367346938804
11133.0,-1.046201550387597
11134.0,0.76
11135.0,-0.8650000000000002
11136.0,-1.1093181818181816
11137.0,0.17875
11138.0,-1.262058823529412
11139.0,0.7654347826086955
11140.0,-1.0441666666666665
11141.0,-1.0504166666666668
11142.0,-1.2469444444444446
11143.0,-0.7066666666666666
11144.0,-1.047098765432099
11145.0,-1.1581818181818182
11146.0,-0.6606349206349206
11147.0,-1.1001190476190477
11148.0,-0.9779032258064515
11149.0,-0.6454054054054055
11150.0,-1.115
11151.0,-1.1133333333333333
11152.0,-1.038165137614679
11153.0,-1.0843877551020409
11154.0,0.671111111111111
11155.0,-0.6257142857142858
11156.0,-0.6534782608695654
11157.0,-0.3025
11158.0,-0.1650000000000001
11159.0,-1.0843877551020409
11160.0,-0.815
11161.0,-0.52125
11162.0,-0.74
11163.0,-1.0247744360902256
11164.0,-1.2469444444444442
11165.0,0.4130612244897959
11166.0,-1.0145098039215685
11167.0,-1.1267924528301887
11168.0,-1.2156097560975612
11169.0,-1.1552
11170.0,0.14047619047619025
11171.0,0.7654347826086955
11172.0,-0.8038297872340427
11173.0,0.6266666666666667
11174.0,0.4302127659574468
11175.0,-1.1088524590163933
11176.0,-0.8325925925925926
11177.0,-0.4824242424242425
11178.0,-1.1668292682926829
11179.0,-1.0399999999999998
11180.0,-0.8793442622950819
11181.0,-1.071858407079646
11182.0,0.7654347826086957
11183.0,-1.1827083333333333
11184.0,-0.255
11185.0,-1.3692592592592594
11186.0,-1.0442608695652174
11187.0,-0.7911363636363636
11188.0,0.10146341463414632
11189.0,-1.0780952380952382
11190.0,-0.06386363636363636
11191.0,-1.1070886075949369
11192.0,-1.0873684210526315
11193.0,-0.7644565217391304
11194.0,0.7654347826086957
11195.0,-0.14566037735849055
11196.0,-1.0177777777777774
11197.0,-1.154772727272727
11198.0,-1.036875
11199.0,0.7706382978723403
11200.0,-1.0688043478260867
11201.0,-0.5240909090909093
11202.0,-0.8014035087719297
11203.0,0.7654347826086957
11204.0,-1.1955555555555557
11205.0,-0.9291025641025641
11206.0,-0.8672727272727272
11207.0,-1.1368253968253967
11208.0,-1.3726315789473686
11209.0,-1.2051162790697674
11210.0,-1.2983333333333333
11211.0,-1.0189062500000001
11212.0,-0.6541379310344828
11213.0,-1.144666666666667
11214.0,-1.191086956521739
11215.0,-1.126029411764706
11216.0,-0.9712765957446806
11217.0,-1.1645283018867925
11218.0,-1.069741379310345
11219.0,-0.9533333333333334
11220.0,-0.9587500000000002
11221.0,-1.1368253968253965
11222.0,-0.7909259259259259
11223.0,-1.2002272727272725
11224.0,-1.0853947368421053
11225.0,-1.1787755102040818
11226.0,-0.20875000000000013
11227.0,-0.12709677419354848
11228.0,-1.1313043478260874
11229.0,-1.0815841584158419
11230.0,-0.9229268292682927
11231.0,-1.113333333333333
11232.0,-1.215609756097561
11233.0,-0.7261111111111114
11234.0,-1.0725806451612903
11235.0,-1.1645283018867925
11236.0,-0.20300000000000024
11237.0,-0.9702631578947368
11238.0,-0.2670270270270271
11239.0,-1.2051162790697676
11240.0,0.7873913043478261
11241.0,0.7654347826086958
11242.0,-0.7765853658536587
11243.0,-1.1301515151515151
11244.0,-0.8820454545454546
11245.0,0.5978378378378378
11246.0,-1.0013636363636365
11247.0,-1.095072463768116
11248.0,-0.29319148936170214
11249.0,0.6690909090909091
11250.0,-1.2002272727272727
11251.0,-0.5036363636363637
11252.0,-1.0696703296703296
11253.0,-0.3913157894736842
11254.0,-1.0921126760563382
11255.0,0.76
11256.0,-0.3913157894736843
11257.0,-0.9665625
11258.0,-0.7489285714285716
11259.0,-1.0805172413793105
11260.0,0.7706382978723403
11261.0,-0.82203125
11262.0,0.7654347826086955
11263.0,0.0983870967741935
11264.0,-0.6802985074626865
11265.0,-0.7623214285714285
11266.0,-1.1070886075949369
11267.0,-1.2051162790697674
11268.0,-1.2959259259259264
11269.0,-1.0571296296296298
11270.0,-0.9768421052631578
11271.0,0.3455263157894737
11272.0,-0.8144047619047621
11273.0,-0.9194871794871796
11274.0,-1.1032812499999998
11275.0,-1.1758974358974361
11276.0,0.05729729729729727
11277.0,-1.1947999999999999
11278.0,0.3172916666666666
11279.0,-1.0525
11280.0,-1.0873684210526313
11281.0,-1.1827083333333333
11282.0,0.3054545454545454
11283.0,-1.1149999999999995
11284.0,-0.3357446808510638
11285.0,-1.298333333333333
11286.0,0.5045652173913043
11287.0,-0.397258064516129
11288.0,0.7599999999999999
11289.0,-1.22125
11290.0,-1.2850000000000001
11291.0,-1.0470175438596492
11292.0,-1.0040449438202248
11293.0,-0.9573913043478264
11294.0,-1.0909615384615383
11295.0,-1.233421052631579
11296.0,-1.2983333333333333
11297.0,-1.2883870967741935
11298.0,-1.2073684210526316
11299.0,0.7543181818181819
11300.0,-1.2000000000000002
11301.0,-1.2271794871794872
11302.0,-1.3361904761904764
11303.0,-0.45052631578947366
11304.0,-0.24142857142857166
11305.0,-1.1301515151515151
11306.0,0.7599999999999999
11307.0,-1.0682352941176472
11308.0,-1.0863541666666667
11309.0,-1.141639344262295
11310.0,0.7219565217391305
11311.0,0.76
11312.0,-0.8712500000000002
11313.0,0.27959999999999985
11314.0,-1.0217027863777088
11315.0,-1.152280701754386
11316.0,-1.295925925925926
11317.0,-0.7656410256410258
11318.0,-1.0238541666666665
11319.0,-1.0364285714285717
11320.0,0.7219565217391305
11321.0,-1.11012987012987
11322.0,0.4349999999999999
11323.0,-1.215609756097561
11324.0,-1.154736842105263
11325.0,-0.7340476190476191
11326.0,-1.0798058252427185
11327.0,-1.0916483516483517
11328.0,-1.2403030303030305
11329.0,-1.093932584269663
11330.0,-1.1467796610169492
11331.0,-1.0443298969072166
11332.0,-1.0512582781456952
11333.0,0.13234042553191488
11334.0,-1.367857142857143
11335.0,-1.089056603773585
11336.0,0.7599999999999999
11337.0,0.7599999999999999
11338.0,0.7654347826086957
11339.0,-0.2832692307692307
11340.0,-1.0390654205607477
11341.0,-0.8416949152542372
11342.0,0.7873913043478261
11343.0,-1.24
11344.0,-1.2983333333333331
11345.0,-1.152280701754386
11346.0,-1.0330327868852462
11347.0,-0.8649999999999999
11348.0,-1.2102380952380951
11349.0,-1.0909615384615383
11350.0,-1.1212499999999999
11351.0,-0.9736956521739129
11352.0,-0.8330232558139535
11353.0,-0.9729545454545453
11354.0,-1.0988235294117648
11355.0,-1.3089655172413797
11356.0,-0.29833333333333345
11357.0,-1.0894623655913975
11358.0,-1.1056249999999999
11359.0,-0.7273417721518989
11360.0,-1.0238541666666667
11361.0,-1.0303225806451612
11362.0,0.76
11363.0,-1.1476086956521738
11364.0,0.5863888888888887
11365.0,-0.5733333333333335
11366.0,-0.1079245283018868
11367.0,-0.9528378378378377
11368.0,-1.0857009345794393
11369.0,-1.0834343434343434
11370.0,-1.080686274509804
11371.0,-1.2132432432432436
11372.0,-1.1008333333333338
11373.0,-0.5802777777777776
11374.0,-1.0560714285714285
11375.0,0.4488888888888889
11376.0,-1.262058823529412
11377.0,-0.7660416666666666
11378.0,-0.9066666666666667
11379.0,-0.60328125
11380.0,-0.6400000000000001
11381.0,-1.1117105263157894
11382.0,0.5599999999999998
11383.0,-1.0950724637681155
11384.0,0.76
11385.0,-1.0927777777777776
11386.0,-1.233421052631579
11387.0,-1.0436125654450263
11388.0,-1.1494827586206893
11389.0,-0.8580555555555556
11390.0,-0.9096428571428571
11391.0,-1.175
11392.0,-1.2703030303030303
11393.0,-0.9861139896373057
11394.0,-1.0906944444444444
11395.0,-1.2102380952380951
11396.0,-1.227179487179487
11397.0,-0.7790625
11398.0,-1.3600000000000003
11399.0,-1.0939325842696628
11400.0,-1.0306349206349206
11401.0,-1.1540625000000002
11402.0,0.7543181818181818
11403.0,-1.3325925925925928
11404.0,-0.9591228070175437
11405.0,-1.1063380281690138
11406.0,-1.0834343434343434
11407.0,-1.0344711538461537
11408.0,-0.7816666666666668
11409.0,-1.0058227848101267
11410.0,-0.9559090909090915
11411.0,0.7543181818181818
11412.0,-1.274827586206897
11413.0,-1.3003030303030307
11414.0,-0.9792857142857142
11415.0,-1.342666666666667
11416.0,-1.126029411764706
11417.0,0.7483720930232558
11418.0,-1.36
11419.0,-1.2983333333333331
11420.0,-1.2266666666666668
11421.0,-1.2983333333333333
11422.0,0.37904761904761886
11423.0,-0.0008695652173914861
11424.0,-1.1968750000000004
11425.0,-1.0525
11426.0,-0.9622222222222224
11427.0,-0.10792452830188683
11428.0,-1.0863541666666667
11429.0,0.31999999999999984
11430.0,-1.1713725490196079
11431.0,0.35803921568627445
11432.0,0.7654347826086955
11433.0,-0.8667605633802816
11434.0,0.48727272727272725
11435.0,-0.9560493827160496
11436.0,-0.17750000000000007
11437.0,-1.0520805369127517
11438.0,0.7139473684210526
11439.0,-0.8861111111111112
11440.0,-0.3553846153846154
11441.0,-1.1441666666666666
11442.0,-1.2883870967741937
11443.0,-1.3089655172413794
11444.0,-1.121111111111111
11445.0,0.7599999999999999
11446.0,-1.2620588235294117
11447.0,-1.254285714285714
11448.0,-1.2748275862068965
11449.0,-1.191086956521739
11450.0,-0.9302173913043478
11451.0,-1.093932584269663
11452.0,-1.1910869565217392
11453.0,-1.0190697674418605
11454.0,-1.4758823529411766
11455.0,-0.6150000000000001
11456.0,0.5560526315789474
11457.0,-1.2883870967741935
11458.0,0.15999999999999984
11459.0,-1.0411049723756907
11460.0,-0.615
11461.0,0.38499999999999995
11462.0,-1.2703030303030303
11463.0,0.24749999999999975
11464.0,0.1273469387755102
11465.0,-1.0470175438596492
11466.0,-1.0488505747126435
11467.0,-1.0923076923076926
11468.0,-0.7278048780487806
11469.0,-1.079805825242718
11470.0,-1.1551785714285714
11471.0,-1.2838888888888893
11472.0,-1.2073684210526316
11473.0,0.72875
11474.0,-0.9512676056338031
11475.0,-1.262058823529412
11476.0,-1.0966666666666667
11477.0,-1.3325925925925926
11478.0,-0.8867391304347827
11479.0,-1.3491304347826087
11480.0,0.20021739130434776
11481.0,-1.1280597014925375
11482.0,-1.0533561643835618
11483.0,0.7654347826086957
11484.0,-0.6678846153846153
11485.0,-1.1101298701298699
11486.0,-0.7612765957446809
11487.0,-1.320357142857143
11488.0,-1.0611538461538461
11489.0,0.4266666666666666
11490.0,-1.2271794871794874
11491.0,-1.22125
11492.0,0.7654347826086957
11493.0,-1.240952380952381
11494.0,0.7654347826086957
11495.0,-1.2399999999999998
11496.0,-1.022006920415225
11497.0,-1.0282352941176474
11498.0,-0.9996899224806202
11499.0,-1.0316666666666667
11500.0,-1.077659574468085
11501.0,-1.0894623655913978
11502.0,-1.233421052631579
11503.0,-1.053793103448276
11504.0,-1.2051162790697674
11505.0,-1.1645283018867925
11506.0,0.7654347826086955
11507.0,0.6266666666666667
11508.0,-1.105625
11509.0,-1.3938888888888892
11510.0,-1.0681679389312977
11511.0,-0.2717021276595745
11512.0,-0.6934883720930232
11513.0,-0.3547999999999999
11514.0,0.7654347826086955
11515.0,-0.5384615384615385
11516.0,-1.1041975308641974
11517.0,-1.345769230769231
11518.0,-1.342666666666667
11519.0,0.00390243902439021
11520.0,-1.0351388888888888
11521.0,-0.4848979591836735
11522.0,0.3465384615384614
11523.0,-1.1037777777777777
11524.0,0.7483720930232558
11525.0,-1.1088524590163935
11526.0,-1.118048780487805
11527.0,-1.0156232686980609
11528.0,0.7543181818181816
11529.0,-1.0532098765432099
11530.0,-1.22125
11531.0,0.35999999999999993
11532.0,-1.0704347826086955
11533.0,-1.047098765432099
11534.0,-1.2653333333333339
11535.0,-1.3457692307692308
11536.0,-0.05631578947368446
11537.0,-0.9114285714285715
11538.0,-0.6983333333333333
11539.0,-1.033632075471698
11540.0,-1.2156097560975612
11541.0,0.76
11542.0,-0.3094444444444444
11543.0,-1.1678846153846154
11544.0,0.09088235294117644
11545.0,0.7654347826086955
11546.0,-0.8682051282051282
11547.0,-1.152280701754386
11548.0,-0.9169230769230768
11549.0,-1.064
11550.0,-1.097142857142857
11551.0,-1.056546762589928
11552.0,-1.2983333333333333
11553.0,-0.791470588235294
11554.0,0.7654347826086957
11555.0,-1.0815841584158417
11556.0,-1.1955555555555555
11557.0,-0.7722580645161292
11558.0,-0.4408928571428571
11559.0,-1.3089655172413794
11560.0,-0.49462962962962964
11561.0,-1.1955555555555557
11562.0,-1.1467796610169492
11563.0,-1.055909090909091
11564.0,-1.0997916666666667
11565.0,-1.1934615384615386
11566.0,0.7654347826086955
11567.0,-0.42750000000000005
11568.0,-1.1635593220338984
11569.0,-0.20153846153846158
11570.0,0.3469565217391303
11571.0,-0.7830769230769236
11572.0,-0.45875000000000016
11573.0,0.17875000000000002
11574.0,-1.0269318181818181
11575.0,-1.0670833333333334
11576.0,0.5623255813953488
11577.0,-0.6212500000000001
11578.0,-0.8184313725490195
11579.0,-1.0140384615384614
11580.0,-0.0888372093023256
11581.0,-0.6302439024390244
11582.0,-0.05500000000000003
11583.0,-1.070769230769231
11584.0,0.7654347826086957
11585.0,0.2711111111111111
11586.0,0.7219565217391305
11587.0,-1.1581818181818182
11588.0,-1.1749999999999998
11589.0,-0.8917857142857145
11590.0,-1.0181155015197567
11591.0,0.12734693877551018
11592.0,-0.495952380952381
11593.0,0.17428571428571427
11594.0,-1.132
11595.0,-0.06258064516129039
11596.0,0.0591071428571428
11597.0,-1.2469444444444449
11598.0,-0.8271212121212123
11599.0,0.10499999999999998
11600.0,-0.9733333333333333
11601.0,-1.2271794871794872
11602.0,-0.8485526315789473
11603.0,-0.591851851851852
11604.0,-1.2271794871794872
11605.0,0.09720930232558136
11606.0,-0.10792452830188684
11607.0,-1.1240579710144927
11608.0,-0.6436144578313253
11609.0,-0.44416666666666665
11610.0,-1.0138297872340423
11611.0,-0.3671186440677966
11612.0,-0.9989928057553957
11613.0,-0.9816666666666666
11614.0,0.4028571428571428
11615.0,-1.116712328767123
11616.0,-0.8365909090909092
11617.0,0.6506249999999999
11618.0,-0.58375
11619.0,0.3741304347826085
11620.0,-1.2002272727272727
11621.0,-1.1375
11622.0,-1.36
11623.0,-0.7792156862745097
11624.0,0.7654347826086955
11625.0,-1.10144578313253
11626.0,0.5683333333333331
11627.0,0.7599999999999999
11628.0,-1.1866666666666668
11629.0,0.135
11630.0,-1.200227272727273
11631.0,-1.0532098765432096
11632.0,0.5308333333333333
11633.0,-1.1032812499999998
11634.0,0.7599999999999999
11635.0,0.33065217391304347
11636.0,-1.1645283018867927
11637.0,-0.976111111111111
11638.0,0.76
11639.0,-0.04681818181818201
11640.0,0.5822222222222222
11641.0,0.10166666666666659
11642.0,-1.1280597014925373
11643.0,-1.2102380952380951
11644.0,-1.1221428571428569
11645.0,-0.9829245283018869
11646.0,-0.282857142857143
11647.0,0.7654347826086955
11648.0,-0.22113207547169814
11649.0,0.5672916666666666
11650.0,-1.031139240506329
11651.0,-1.13453125
11652.0,-0.6223529411764706
11653.0,-1.1626190476190477
11654.0,-1.2684210526315791
11655.0,-1.095
11656.0,0.7599999999999999
11657.0,-0.8498901098901099
11658.0,-0.9338775510204081
11659.0,-0.8330232558139535
11660.0,-0.2283720930232558
11661.0,0.03083333333333331
11662.0,-1.2469444444444444
11663.0,0.7654347826086955
11664.0,0.11795454545454544
11665.0,-1.1684615384615389
11666.0,-0.6908928571428571
11667.0,0.7654347826086955
11668.0,-0.8364912280701753
11669.0,-1.0606106870229008
11670.0,-1.0622656249999998
11671.0,-0.9971022727272726
11672.0,-0.0775000000000001
11673.0,-0.9114285714285714
11674.0,-1.0411049723756907
11675.0,0.7654347826086957
11676.0,-1.1416393442622952
11677.0,-0.27448275862068977
11678.0,0.34522727272727277
11679.0,-1.3457692307692308
11680.0,-1.1240579710144927
11681.0,0.7706382978723403
11682.0,-1.128157894736842
11683.0,-0.33374999999999994
11684.0,0.2885714285714285
11685.0,-1.1494827586206897
11686.0,-1.1218181818181818
11687.0,-0.36790697674418604
11688.0,-0.7567796610169494
11689.0,-0.9258108108108107
11690.0,-0.16553191489361704
11691.0,-1.0611538461538461
11692.0,-1.2587500000000005
11693.0,0.3086111111111111
11694.0,-0.8820454545454546
11695.0,-1.262058823529412
11696.0,-1.2620588235294117
11697.0,-1.2653333333333334
11698.0,-0.7909259259259259
11699.0,0.5683333333333332
11700.0,-0.06902439024390244
11701.0,-0.08027777777777782
11702.0,0.0024242424242423622
11703.0,-1.241904761904762
11704.0,-1.1593548387096775
11705.0,-1.1350000000000002
11706.0,-0.9763636363636365
11707.0,-1.0535964912280702
11708.0,-1.088404255319149
11709.0,-1.41764705882353
11710.0,-1.22125
11711.0,-1.197142857142857
11712.0,-0.9665625
11713.0,0.7654347826086957
11714.0,0.445185185185185
11715.0,-1.0884042553191489
11716.0,-1.07078431372549
11717.0,-1.24
11718.0,0.7654347826086955
11719.0,-1.1167123287671232
11720.0,-0.7651898734177216
11721.0,-1.1368253968253965
11722.0,-1.0183333333333338
11723.0,-1.1426829268292684
11724.0,-1.3089655172413797
11725.0,-1.1735555555555557
11726.0,-1.2051162790697676
11727.0,-1.2983333333333333
11728.0,-0.024722222222222267
11729.0,-1.1494827586206897
11730.0,-0.6358333333333335
11731.0,-1.1494827586206895
11732.0,-0.5984905660377359
11733.0,-1.1108333333333331
11734.0,-1.1551785714285714
11735.0,-1.132156862745098
11736.0,-0.6866666666666668
11737.0,-1.3341666666666667
11738.0,-1.0407812499999998
11739.0,-1.0218627450980393
11740.0,-0.7865116279069766
11741.0,0.7706382978723403
11742.0,-1.0489171974522293
11743.0,0.76
11744.0,-0.9729545454545453
11745.0,-1.1581818181818184
11746.0,-1.2051162790697674
11747.0,-0.9463492063492065
11748.0,-0.3006060606060607
11749.0,-1.2594736842105263
11750.0,0.4579166666666665
11751.0,-0.3386842105263158
11752.0,-1.1318918918918919
11753.0,-1.158181818181818
11754.0,-1.2790625
11755.0,0.6429787234042553
11756.0,-0.93
11757.0,0.7654347826086957
11758.0,-1.2658333333333338
11759.0,-0.34784313725490196
11760.0,-1.175
11761.0,-1.10328125
11762.0,-0.10693548387096781
11763.0,-0.6004651162790697
11764.0,-1.2653333333333334
11765.0,0.03343749999999995
11766.0,0.5180645161290321
11767.0,-1.1713725490196079
11768.0,-0.6214285714285717
11769.0,-0.8694642857142857
11770.0,0.1990243902439024
11771.0,-0.9650000000000001
11772.0,-0.9495588235294119
11773.0,0.7873913043478261
11774.0,-1.2469444444444446
11775.0,0.6974999999999999
11776.0,-1.125294117647059
11777.0,-1.0145098039215688
11778.0,-0.4665625000000001
11779.0,-1.1522807017543861
11780.0,-1.04
11781.0,-1.175
11782.0,-1.069741379310345
11783.0,-0.7481967213114755
11784.0,-1.1088524590163933
11785.0,-1.1323076923076925
11786.0,-0.9791304347826087
11787.0,0.7654347826086955
11788.0,-1.0906944444444444
11789.0,-0.7809836065573771
11790.0,-1.1645283018867925
11791.0,0.7654347826086955
11792.0,-1.2051162790697674
11793.0,-1.059078947368421
11794.0,-1.0853947368421053
11795.0,-1.0775000000000001
11796.0,-1.2412
11797.0,-1.0843877551020409
11798.0,-1.0988235294117645
11799.0,-1.268846153846154
11800.0,-0.2622222222222222
11801.0,0.5180645161290323
11802.0,-0.8713043478260871
11803.0,-1.0399999999999998
11804.0,-1.2002272727272727
11805.0,-1.0966176470588234
11806.0,-1.2271794871794872
11807.0,-0.8077966101694914
11808.0,-1.1323076923076922
11809.0,0.21833333333333332
11810.0,-1.0247222222222223
11811.0,0.7873913043478259
11812.0,0.7654347826086955
11813.0,-0.63453125
11814.0,-1.0939325842696628
11815.0,-1.1955555555555555
11816.0,-0.7015384615384614
11817.0,0.417894736842105
11818.0,-1.1056249999999999
11819.0,-1.0748623853211008
11820.0,-1.0664462809917354
11821.0,-0.5823913043478263
11822.0,-1.1117105263157894
11823.0,0.7654347826086957
11824.0,0.001935483870967673
11825.0,-1.0634126984126988
11826.0,-0.4066666666666667
11827.0,-1.24
11828.0,-1.3089655172413794
11829.0,0.646904761904762
11830.0,-1.1494827586206897
11831.0,-0.5336507936507935
11832.0,-1.049090909090909
11833.0,-1.2542857142857142
11834.0,0.7654347826086957
11835.0,0.34522727272727266
11836.0,-1.1787755102040816
11837.0,-1.0929411764705883
11838.0,-0.268225806451613
11839.0,-0.655
11840.0,0.6429787234042553
11841.0,-1.0480357142857142
11842.0,-1.2142857142857146
11843.0,-1.155714285714286
11844.0,-0.4609302325581395
11845.0,-1.1227659574468085
11846.0,-0.9801315789473681
11847.0,0.5308333333333333
11848.0,-1.2790625
11849.0,-0.31142857142857144
11850.0,-1.0509243697478992
11851.0,-1.1910869565217392
11852.0,-0.37207547169811334
11853.0,-1.1097101449275362
11854.0,-1.186808510638298
11855.0,0.5561224489795917
11856.0,0.06303030303030298
11857.0,-1.2156097560975612
11858.0,-1.0690598290598292
11859.0,0.2965853658536585
11860.0,-1.0893150684931507
11861.0,-1.0854545454545454
11862.0,-1.0706250000000004
11863.0,-1.2329411764705884
11864.0,0.2673529411764705
11865.0,0.7421428571428572
11866.0,-0.5184090909090908
11867.0,-1.1063636363636362
11868.0,0.7873913043478259
11869.0,-1.0645967741935485
11870.0,0.209074074074074
11871.0,0.5437837837837839
11872.0,-0.06258064516129039
11873.0,-1.1551785714285714
11874.0,0.7599999999999999
11875.0,-1.1749999999999998
11876.0,-1.2469444444444446
11877.0,-1.3812500000000003
11878.0,0.7654347826086955
11879.0,-1.026764705882353
11880.0,-1.3377777777777782
11881.0,-0.9483333333333334
11882.0,0.47276595744680844
11883.0,-1.144255319148936
11884.0,-1.1971428571428575
11885.0,-1.1488461538461539
11886.0,-1.1827083333333333
11887.0,-1.1301515151515151
11888.0,-0.9512676056338027
11889.0,-1.0595488721804514
11890.0,0.76
11891.0,-1.1184722222222223
11892.0,-1.2271794871794874
11893.0,-1.0975581395348837
11894.0,-1.233809523809524
11895.0,0.6974999999999998
11896.0,-1.0756481481481481
11897.0,-1.068358208955224
11898.0,0.742142857142857
11899.0,-1.3457692307692308
11900.0,-1.1041975308641976
11901.0,-1.1678846153846154
11902.0,-1.2983333333333336
11903.0,0.7543181818181819
11904.0,-0.6790243902439024
11905.0,0.08909090909090892
11906.0,-1.2227272727272727
11907.0,-1.165
11908.0,-0.6553225806451615
11909.0,-1.122142857142857
11910.0,0.6791176470588235
11911.0,-0.9702631578947369
11912.0,-1.056326530612245
11913.0,-1.0843877551020409
11914.0,-0.8800000000000001
11915.0,-1.0610784313725494
11916.0,-1.0658196721311477
11917.0,-0.9811764705882352
11918.0,-0.36500000000000005
11919.0,-1.041388888888889
11920.0,0.47527777777777774
11921.0,-1.0963218390804599
11922.0,-0.5685714285714286
11923.0,-1.1645283018867925
11924.0,-1.1645283018867925
11925.0,-1.3491304347826087
11926.0,-1.0324311926605505
11927.0,-0.3812500000000003
11928.0,-1.2403030303030305
11929.0,0.7483720930232558
11930.0,-1.1301515151515151
11931.0,-1.308965517241379
11932.0,-1.136825396825397
11933.0,-1.2883870967741933
11934.0,-1.050185185185185
11935.0,-1.0963218390804597
11936.0,-1.1117105263157894
11937.0,-1.0884042553191489
11938.0,-1.2002272727272727
11939.0,-1.2703030303030305
11940.0,-0.7698507462686567
11941.0,-1.0291949152542372
11942.0,-0.7259154929577465
11943.0,-1.2260000000000002
11944.0,-0.9665625000000001
11945.0,-0.9390740740740741
11946.0,-1.2929166666666667
11947.0,-1.2542857142857142
11948.0,0.7483720930232558
11949.0,-0.4609302325581395
11950.0,-0.9743749999999999
11951.0,-1.0183333333333338
11952.0,-1.4104545454545456
11953.0,-0.4385294117647059
11954.0,-0.15406250000000007
11955.0,-1.191086956521739
11956.0,-1.0457228915662653
11957.0,-0.5561764705882353
11958.0,-1.1323076923076922
11959.0,-1.0835714285714289
11960.0,-0.060652173913043554
11961.0,-0.3910416666666667
11962.0,-1.165744680851064
11963.0,-0.9672727272727271
11964.0,-1.1345312500000002
11965.0,-1.0825
11966.0,-1.36
11967.0,0.6584375
11968.0,-0.5922727272727274
11969.0,0.6518918918918918
11970.0,-0.8828571428571428
11971.0,-0.879344262295082
11972.0,-1.0131481481481481
11973.0,-0.5160416666666666
11974.0,-1.1645283018867925
11975.0,-0.47437499999999994
11976.0,0.7654347826086958
11977.0,-0.5750000000000002
11978.0,-1.3600000000000003
11979.0,-1.0068918918918919
11980.0,0.34620689655172404
11981.0,-1.0539999999999998
11982.0,-1.175
11983.0,-1.0250413223140498
11984.0,-0.8265384615384616
11985.0,0.7661904761904762
11986.0,0.7219565217391305
11987.0,0.5026470588235293
11988.0,-1.3535000000000001
11989.0,0.7318181818181817
11990.0,0.7873913043478261
11991.0,-1.0806249999999997
11992.0,-0.7933333333333333
11993.0,-1.308965517241379
11994.0,0.16540540540540535
11995.0,-1.1093181818181819
11996.0,-1.041675977653631
11997.0,-1.2696153846153848
11998.0,-1.1085897435897436
11999.0,-1.0939325842696628
12000.0,-0.5019047619047621
12001.0,-0.0888372093023256
12002.0,0.7654347826086955
12003.0,0.7706382978723403
12004.0,-0.8217307692307693
12005.0,-1.1368253968253967
12006.0,-1.226428571428572
12007.0,-1.1416393442622952
12008.0,-0.780983606557377
12009.0,0.7654347826086955
12010.0,0.7654347826086957
12011.0,-0.4549999999999999
12012.0,-1.1551785714285714
12013.0,-1.0834343434343434
12014.0,-1.1735555555555561
12015.0,0.44518518518518513
12016.0,-0.07333333333333342
12017.0,0.3112820512820513
12018.0,-1.1467796610169494
12019.0,-0.9382352941176473
12020.0,-1.2766666666666673
12021.0,-1.0546853146853148
12022.0,0.6349999999999999
12023.0,-0.30060606060606077
12024.0,0.5164102564102563
12025.0,-1.0866666666666667
12026.0,-0.9051785714285714
12027.0,0.6702564102564101
12028.0,-1.0652032520325203
12029.0,0.7654347826086957
12030.0,0.7018604651162791
12031.0,-1.3457692307692308
12032.0,-1.2002272727272725
12033.0,0.7706382978723403
12034.0,0.7873913043478261
12035.0,0.7654347826086955
12036.0,-1.1955555555555557
12037.0,-1.2
12038.0,-0.775
12039.0,-1.1041975308641976
12040.0,-1.1368253968253972
12041.0,0.7654347826086955
12042.0,-1.151111111111111
12043.0,-0.05249999999999999
12044.0,0.06092592592592587
12045.0,0.7706382978723403
12046.0,0.6429787234042553
12047.0,0.686829268292683
12048.0,-1.1056249999999999
12049.0,-1.0629203539823011
12050.0,-1.1132835820895526
12051.0,-1.0843877551020409
12052.0,-1.069741379310345
12053.0,0.4507894736842105
12054.0,-1.149090909090909
12055.0,-1.136825396825397
12056.0,-1.1410416666666667
12057.0,-0.566530612244898
12058.0,-1.22125
12059.0,-1.0733333333333333
12060.0,-1.0628346456692914
12061.0,-1.031666666666667
12062.0,-1.2684210526315793
12063.0,-1.2587500000000005
12064.0,-1.0055555555555558
12065.0,-1.1108333333333331
12066.0,-1.0332242990654206
12067.0,-1.320357142857143
12068.0,-0.8390909090909098
12069.0,-0.9977419354838709
12070.0,0.7356097560975609
12071.0,0.7654347826086957
12072.0,-0.4275
12073.0,0.45999999999999996
12074.0,0.4227906976744186
12075.0,-1.0672058823529411
12076.0,-1.2002272727272727
12077.0,-1.2102380952380951
12078.0,-0.8889361702127655
12079.0,-0.8292857142857144
12080.0,0.7543181818181818
12081.0,0.7483720930232558
12082.0,-1.1713725490196076
12083.0,-1.0428571428571427
12084.0,0.06303030303030299
12085.0,-1.2545000000000002
12086.0,0.7654347826086957
12087.0,-1.1547727272727275
12088.0,-1.1441666666666668
12089.0,-1.1416393442622952
12090.0,-1.2983333333333333
12091.0,-1.1167123287671235
12092.0,0.001379310344827486
12093.0,-1.227179487179487
12094.0,-0.8046551724137929
12095.0,-0.9309090909090915
12096.0,-1.3938888888888892
12097.0,0.7654347826086957
12098.0,-0.9194871794871796
12099.0,-1.0560714285714288
12100.0,-1.2658333333333338
12101.0,-0.9204000000000002
12102.0,-1.0711403508771928
12103.0,-1.0381770833333333
12104.0,-1.089462365591398
12105.0,-0.024722222222222243
12106.0,-1.161296296296296
12107.0,-1.0843877551020409
12108.0,-1.1684615384615387
12109.0,-1.1934615384615386
12110.0,-0.7572413793103449
12111.0,-1.22
12112.0,-1.3825000000000003
12113.0,-1.1551785714285714
12114.0,-0.7257142857142861
12115.0,0.6380487804878048
12116.0,0.76
12117.0,0.7599999999999999
12118.0,-0.6889795918367349
12119.0,0.20827586206896542
12120.0,0.7654347826086955
12121.0,-1.1008333333333338
12122.0,-1.0415873015873014
12123.0,0.6791176470588234
12124.0,-0.08444444444444445
12125.0,-0.23456521739130434
12126.0,-1.2096969696969695
12127.0,-1.061917808219178
12128.0,-1.0160416666666665
12129.0,-1.0673809523809523
12130.0,0.7654347826086955
12131.0,-1.146779661016949
12132.0,-1.2051162790697674
12133.0,-1.3341666666666667
12134.0,-1.158181818181818
12135.0,0.13096774193548386
12136.0,-0.9176315789473684
12137.0,-0.37207547169811317
12138.0,0.7219565217391305
12139.0,-1.3426666666666671
12140.0,0.22499999999999998
12141.0,-1.2790625000000002
12142.0,-1.1167123287671232
12143.0,-0.7572413793103451
12144.0,0.7356097560975609
12145.0,-1.0140825688073394
12146.0,-0.6833333333333339
12147.0,-1.1494827586206897
12148.0,0.2088636363636363
12149.0,0.7654347826086957
12150.0,0.5672916666666666
12151.0,-1.0261290322580645
12152.0,-1.0524999999999998
12153.0,0.40062499999999995
12154.0,0.6711111111111111
12155.0,-0.34784313725490185
12156.0,-1.0520805369127517
12157.0,-1.2838888888888895
12158.0,-1.1391935483870972
12159.0,-0.9956561085972851
12160.0,-1.256451612903226
12161.0,-0.8077966101694914
12162.0,-0.7879452054794521
12163.0,-1.233421052631579
12164.0,0.7873913043478261
12165.0,-1.191086956521739
12166.0,0.7706382978723403
12167.0,-0.7012068965517241
12168.0,-1.0183333333333338
12169.0,-1.0873684210526315
12170.0,-1.0332242990654206
12171.0,-1.2429411764705887
12172.0,0.5742857142857142
12173.0,-1.342666666666667
12174.0,-1.1551785714285714
12175.0,-1.1041975308641976
12176.0,-0.5313333333333334
12177.0,-1.2621739130434784
12178.0,0.5478787878787879
12179.0,-1.0975581395348837
12180.0,-1.1041975308641976
12181.0,-1.1088524590163935
12182.0,0.735609756097561
12183.0,-0.6146153846153847
12184.0,-0.9691666666666667
12185.0,-1.2156097560975612
12186.0,-0.6498360655737706
12187.0,-1.268846153846154
12188.0,-1.001818181818182
12189.0,-1.4304761904761905
12190.0,-1.0773493975903614
12191.0,0.7219565217391305
12192.0,-1.3325925925925928
12193.0,-1.0975581395348837
12194.0,0.7654347826086957
12195.0,-1.3825000000000003
12196.0,-1.0755263157894739
12197.0,-1.0155102040816326
12198.0,-1.2406896551724136
12199.0,-0.3006060606060607
12200.0,-1.1391935483870967
12201.0,-1.206551724137931
12202.0,0.561470588235294
12203.0,-0.43491525423728805
12204.0,0.5256249999999999
12205.0,-1.251666666666667
12206.0,-1.0546853146853146
12207.0,-1.0677310924369747
12208.0,-1.0492948717948718
12209.0,-0.8889361702127658
12210.0,-1.1620833333333334
12211.0,-1.074862385321101
12212.0,-1.181315789473684
12213.0,-1.0647445255474453
12214.0,-1.2703030303030303
12215.0,-0.9802597402597403
12216.0,0.7543181818181818
12217.0,-1.227179487179487
12218.0,0.7215384615384616
12219.0,-1.132307692307692
12220.0,-1.13453125
12221.0,-1.2838888888888893
12222.0,0.7654347826086955
12223.0,-1.126029411764706
12224.0,-0.7340476190476191
12225.0,0.7654347826086957
12226.0,-1.129661016949152
12227.0,-1.1345312499999998
12228.0,-1.092112676056338
12229.0,-0.08722222222222221
12230.0,0.7873913043478261
12231.0,0.7654347826086955
12232.0,0.003684210526315781
12233.0,-1.1070886075949369
12234.0,-1.0725892857142856
12235.0,-0.6712499999999999
12236.0,-1.043308823529412
12237.0,-1.0414184397163122
12238.0,-1.1260294117647058
12239.0,-0.8701369863013698
12240.0,-1.114848484848485
12241.0,-0.7612765957446809
12242.0,0.6179545454545455
12243.0,-1.079805825242718
12244.0,-1.1350000000000002
12245.0,-1.233421052631579
12246.0,-1.0647445255474453
12247.0,-1.3341666666666667
12248.0,-0.9166304347826086
12249.0,-0.9823469387755102
12250.0,0.7654347826086955
12251.0,0.7654347826086955
12252.0,-1.0470175438596492
12253.0,0.7706382978723403
12254.0,-0.9791304347826087
12255.0,0.7483720930232558
12256.0,-1.085360824742268
12257.0,0.7654347826086955
12258.0,-1.1070886075949367
12259.0,-0.02472222222222225
12260.0,0.7873913043478261
12261.0,-1.1626190476190477
12262.0,-0.4832432432432433
12263.0,-1.1761818181818182
12264.0,0.7706382978723404
12265.0,0.6702564102564101
12266.0,-0.367906976744186
12267.0,-1.0645967741935485
12268.0,-1.27030303030303
12269.0,-1.0119594594594594
12270.0,-1.0906944444444444
12271.0,-1.0048809523809525
12272.0,-1.135
12273.0,0.6089583333333333
12274.0,-1.0806862745098038
12275.0,-0.9274999999999999
12276.0,-1.2825714285714287
12277.0,-1.1260294117647058
12278.0,-1.0038888888888886
12279.0,-1.00953125
12280.0,-0.04487804878048783
12281.0,0.7654347826086955
12282.0,0.1654054054054054
12283.0,-1.141639344262295
12284.0,-0.5153623188405798
12285.0,0.7280851063829785
12286.0,0.7280851063829785
12287.0,0.6380487804878049
12288.0,0.19396226415094328
12289.0,-0.3066666666666667
12290.0,-1.2002272727272727
12291.0,-0.7399999999999998
12292.0,0.6189743589743589
12293.0,-0.7116981132075471
12294.0,-1.141639344262295
12295.0,-1.0025
12296.0,-1.0407812499999998
12297.0,-1.0772641509433962
12298.0,-0.8819753086419753
12299.0,-0.8341666666666668
12300.0,0.11795454545454542
12301.0,-1.0649090909090908
12302.0,-1.0556249999999998
12303.0,-0.39104166666666673
12304.0,-1.2102380952380951
12305.0,-0.4959523809523809
12306.0,-0.3851612903225806
12307.0,0.7654347826086957
12308.0,0.6974999999999999
12309.0,-1.0723863636363635
12310.0,-1.0312946428571428
12311.0,-1.0590298507462688
12312.0,0.7654347826086955
12313.0,-1.305217391304348
12314.0,-0.8364912280701754
12315.0,-0.8292857142857143
12316.0,0.7088636363636363
12317.0,0.7654347826086957
12318.0,-0.5763636363636363
12319.0,-1.2271794871794872
12320.0,-1.0209523809523808
12321.0,-1.2620588235294117
12322.0,-1.054732142857143
12323.0,-1.04
12324.0,-0.582391304347826
12325.0,0.6613157894736841
12326.0,0.3112820512820513
12327.0,-1.1088524590163935
12328.0,-1.1542857142857148
12329.0,0.76
12330.0,-0.20323529411764715
12331.0,0.7654347826086957
12332.0,0.6922916666666664
12333.0,-1.0064473684210526
12334.0,-0.895
12335.0,-0.9808536585365851
12336.0,0.7654347826086957
12337.0,-1.028690476190476
12338.0,-0.6547727272727273
12339.0,0.027045454545454563
12340.0,-1.1713725490196079
12341.0,-0.32125000000000004
12342.0,-0.9449180327868854
12343.0,-0.4795833333333335
12344.0,-1.0441666666666667
12345.0,-0.8077966101694914
12346.0,-0.9740425531914892
12347.0,-1.2194444444444443
12348.0,0.735609756097561
12349.0,-0.8601923076923076
12350.0,0.5892682926829268
12351.0,0.6380487804878049
12352.0,-0.5638636363636362
12353.0,-1.0307303370786516
12354.0,-1.0725892857142858
12355.0,-0.9791304347826085
12356.0,-1.1494827586206895
12357.0,-0.6864285714285714
12358.0,0.27874999999999994
12359.0,0.5672916666666666
12360.0,-1.0145098039215683
12361.0,0.005901639344262255
12362.0,0.6429787234042553
12363.0,0.16540540540540535
12364.0,-1.0603883495145632
12365.0,0.4507894736842104
12366.0,-0.46177419354838706
12367.0,-1.1854545454545458
12368.0,-1.1379591836734693
12369.0,-1.071269841269841
12370.0,-0.8330232558139533
12371.0,-0.06758620689655181
12372.0,-0.5922727272727276
12373.0,-1.0600757575757576
12374.0,-1.0315894039735098
12375.0,-1.191086956521739
12376.0,-1.1678846153846154
12377.0,-1.1868085106382977
12378.0,-1.1467796610169492
12379.0,-1.0525
12380.0,0.7654347826086955
12381.0,-1.3388888888888895
12382.0,-0.9740425531914892
12383.0,0.7599999999999999
12384.0,-1.099375
12385.0,-1.2093333333333338
12386.0,0.7654347826086957
12387.0,-0.7978571428571433
12388.0,-1.1868085106382977
12389.0,-1.3060869565217395
12390.0,0.22666666666666666
12391.0,0.5992857142857142
12392.0,-0.7071052631578949
12393.0,0.6506249999999999
12394.0,-0.3851612903225807
12395.0,-1.069059829059829
12396.0,-1.0884042553191489
12397.0,-1.011816037735849
12398.0,0.2965853658536585
12399.0,-1.1379591836734693
12400.0,-0.1916129032258066
12401.0,-1.22125
12402.0,0.6855319148936169
12403.0,-1.049659090909091
12404.0,0.7654347826086955
12405.0,-1.120281690140845
12406.0,0.5599999999999999
12407.0,-1.1017021276595744
12408.0,-1.0546853146853146
12409.0,-1.0753333333333335
12410.0,0.7483720930232558
12411.0,-0.4201470588235295
12412.0,-0.9309090909090915
12413.0,0.2649999999999999
12414.0,-1.0478531073446329
12415.0,-0.4351219512195122
12416.0,-0.7257142857142861
12417.0,-1.0892771084337347
12418.0,-0.7143589743589743
12419.0,-1.0957627118644069
12420.0,-1.2191304347826086
12421.0,-1.1241176470588239
12422.0,-1.0712499999999998
12423.0,-1.288387096774194
12424.0,-1.0923943661971829
12425.0,0.6202941176470587
12426.0,-1.1276666666666666
12427.0,0.7543181818181818
12428.0,0.45999999999999996
12429.0,0.7654347826086955
12430.0,-1.0492948717948718
12431.0,-1.1823529411764708
12432.0,-0.6410416666666666
12433.0,-1.0529251700680273
12434.0,-1.1014457831325302
12435.0,-1.1713725490196076
12436.0,-1.0609090909090908
12437.0,0.029736842105263128
12438.0,-1.0975581395348835
12439.0,0.1309677419354838
12440.0,-0.855
12441.0,-1.0725892857142856
12442.0,0.24039215686274504
12443.0,-0.7218181818181819
12444.0,-0.827962962962963
12445.0,-1.2002272727272727
12446.0,0.11714285714285713
12447.0,0.3711111111111111
12448.0,-1.3011764705882358
12449.0,0.3224999999999999
12450.0,0.686829268292683
12451.0,-1.0975581395348835
12452.0,-1.0705555555555557
12453.0,0.7185714285714285
12454.0,-1.0789830508474576
12455.0,-1.0603883495145632
12456.0,-0.9788059701492537
12457.0,-1.1410416666666665
12458.0,0.517142857142857
12459.0,0.5308333333333333
12460.0,0.6945238095238094
12461.0,0.23999999999999988
12462.0,0.7654347826086955
12463.0,-1.070434782608696
12464.0,-1.2051162790697674
12465.0,0.7873913043478259
12466.0,-1.1246153846153846
12467.0,-0.9020370370370371
12468.0,-0.042325581395348824
12469.0,-0.6427777777777778
12470.0,-1.0529251700680273
12471.0,-0.8910416666666666
12472.0,0.6349999999999999
12473.0,-1.0655813953488371
12474.0,-0.43711538461538463
12475.0,-1.132307692307692
12476.0,-0.9327083333333333
12477.0,-0.9290909090909096
12478.0,-1.0432786885245902
12479.0,-1.0540000000000003
12480.0,-0.6036363636363637
12481.0,-1.191086956521739
12482.0,-1.1827083333333333
12483.0,-0.6693478260869565
12484.0,-1.1859459459459458
12485.0,-0.47134328358208955
12486.0,-1.2002272727272727
12487.0,-1.1612962962962963
12488.0,-1.248125
12489.0,-1.075294117647059
12490.0,-1.0131481481481481
12491.0,-1.1028048780487805
12492.0,-0.6844444444444445
12493.0,-1.067127659574468
12494.0,-1.1787755102040816
12495.0,-0.8694642857142857
12496.0,-0.9986666666666669
12497.0,-1.1117105263157894
12498.0,-0.5074418604651164
12499.0,-1.0241908713692944
12500.0,-1.0815841584158417
12501.0,-1.0600757575757576
12502.0,-1.0645967741935483
12503.0,-1.1441666666666666
12504.0,-1.1827083333333333
12505.0,-1.0825
12506.0,-1.0334131736526946
12507.0,-1.0237837837837838
12508.0,-1.1280597014925375
12509.0,-1.0525
12510.0,-1.1410416666666665
12511.0,-1.1428358208955223
12512.0,0.6314285714285713
12513.0,-0.22148148148148158
12514.0,-1.1586046511627908
12515.0,-1.2102380952380953
12516.0,-1.1441666666666668
12517.0,-1.088404255319149
12518.0,0.4538775510204081
12519.0,0.2871739130434782
12520.0,0.25431818181818183
12521.0,0.7654347826086957
12522.0,-0.3553846153846154
12523.0,-1.3207692307692311
12524.0,-1.026111111111111
12525.0,-1.062265625
12526.0,-1.0600757575757573
12527.0,-1.194761904761905
12528.0,-1.0161538461538464
12529.0,0.76
12530.0,0.6004255319148936
12531.0,0.7654347826086955
12532.0,-0.9979113924050634
12533.0,-1.2142105263157896
12534.0,-1.2102380952380953
12535.0,-0.07673469387755102
12536.0,0.7654347826086957
12537.0,-0.7030000000000003
12538.0,-1.028064516129032
12539.0,0.7599999999999998
12540.0,-1.0825
12541.0,0.7654347826086955
12542.0,-1.0935714285714289
12543.0,0.7599999999999999
12544.0,-1.0798058252427185
12545.0,-1.0725892857142858
12546.0,-0.575
12547.0,-1.0850000000000004
12548.0,-0.9729545454545456
12549.0,-0.5515384615384621
12550.0,-1.0628346456692919
12551.0,-1.22125
12552.0,-0.8522448979591837
12553.0,0.7706382978723403
12554.0,-1.3361904761904764
12555.0,-0.12709677419354845
12556.0,-1.1167123287671235
12557.0,-1.175
12558.0,-1.1442553191489362
12559.0,-0.9560493827160493
12560.0,-0.6223529411764704
12561.0,-1.232941176470588
12562.0,0.050697674418604635
12563.0,-1.124057971014493
12564.0,-0.2080851063829787
12565.0,-1.0403225806451613
12566.0,-0.56
12567.0,-1.22125
12568.0,0.11087719298245607
12569.0,0.3016666666666666
12570.0,0.7280851063829785
12571.0,-1.0441666666666667
12572.0,-1.0185493827160492
12573.0,-1.1955555555555555
12574.0,-1.0714606741573036
12575.0,-0.6790243902439024
12576.0,0.5614705882352942
12577.0,-1.0773493975903612
12578.0,-0.8910416666666666
12579.0,-1.0160416666666665
12580.0,-1.0634126984126984
12581.0,-1.3089655172413794
12582.0,-1.173888888888889
12583.0,0.5449999999999999
12584.0,-1.077837837837838
12585.0,0.6039999999999999
12586.0,0.5578723404255319
12587.0,-0.94703125
12588.0,-0.9314893617021275
12589.0,0.07547619047619043
12590.0,-1.0083823529411766
12591.0,-1.1612962962962963
12592.0,-1.124736842105263
12593.0,0.7018604651162791
12594.0,-0.6657812499999999
12595.0,-0.8532812499999999
12596.0,-1.3204000000000002
12597.0,-1.1645283018867922
12598.0,-1.0425568181818183
12599.0,-1.0007692307692309
12600.0,0.0883333333333333
12601.0,-1.2983333333333333
12602.0,-1.063232323232323
12603.0,-1.2156097560975612
12604.0,-1.158181818181818
12605.0,-0.24694444444444447
12606.0,-1.0480357142857142
12607.0,0.10615384615384607
12608.0,-1.2163157894736845
12609.0,0.5959375
12610.0,0.4507894736842104
12611.0,-1.1787755102040818
12612.0,-1.1678846153846154
12613.0,-1.2002272727272727
12614.0,-0.40071428571428575
12615.0,-0.6150000000000003
12616.0,-0.6292307692307697
12617.0,-0.1281578947368421
12618.0,-1.2271794871794874
12619.0,-1.0452631578947371
12620.0,-1.0916483516483515
12621.0,-1.2429411764705887
12622.0,-0.9819354838709676
12623.0,0.22874999999999995
12624.0,-1.2271794871794872
12625.0,-1.1833333333333338
12626.0,-1.3089655172413797
12627.0,-1.1993333333333334
12628.0,-1.2766666666666668
12629.0,-1.0334615384615384
12630.0,-0.08722222222222224
12631.0,0.1393103448275861
12632.0,-1.2469444444444442
12633.0,-0.871868131868132
12634.0,-1.22125
12635.0,-0.8000000000000002
12636.0,0.7654347826086957
12637.0,-1.2790625000000002
12638.0,-0.6615686274509804
12639.0,-1.154772727272727
12640.0,-1.0863541666666667
12641.0,-1.0921126760563382
12642.0,0.7654347826086957
12643.0,0.7155555555555555
12644.0,-0.052499999999999984
12645.0,-1.1426829268292684
12646.0,0.7654347826086958
12647.0,0.7873913043478261
12648.0,0.6791176470588234
12649.0,0.7654347826086957
12650.0,-0.8626415094339622
12651.0,-0.048035714285714355
12652.0,0.7706382978723404
12653.0,-1.175
12654.0,-0.8861538461538461
12655.0,0.7654347826086955
12656.0,-1.320357142857143
12657.0,-1.3325925925925928
12658.0,-1.0259922178988328
12659.0,0.7654347826086955
12660.0,-1.308965517241379
12661.0,-1.0632323232323233
12662.0,0.5992857142857143
12663.0,0.7706382978723403
12664.0,-1.0528220858895707
12665.0,0.7018604651162791
12666.0,0.0041860465116278466
12667.0,0.5404878048780487
12668.0,-1.1410416666666665
12669.0,-0.7420000000000005
12670.0,-1.2002272727272727
12671.0,0.7706382978723404
12672.0,0.7280851063829789
12673.0,-0.46093023255813964
12674.0,0.7280851063829785
12675.0,0.5256249999999999
12676.0,-0.773898305084746
12677.0,0.7706382978723403
12678.0,0.7654347826086955
12679.0,-1.0012
12680.0,0.7706382978723403
12681.0,-0.10792452830188683
12682.0,-0.365
12683.0,-1.0913861386138612
12684.0,-1.0425
12685.0,-0.03090909090909092
12686.0,-1.3204545454545455
12687.0,-0.6453030303030303
12688.0,-0.9624999999999999
12689.0,-1.320357142857143
12690.0,-1.2620588235294117
12691.0,0.6089583333333333
12692.0,-0.8795348837209302
12693.0,-0.5543939393939394
12694.0,-1.2051162790697674
12695.0,-0.8500000000000005
12696.0,-1.1028048780487805
12697.0,-0.9381132075471699
12698.0,-1.2808000000000002
12699.0,-1.1339130434782612
12700.0,-0.8905681818181819
12701.0,-0.5366101694915254
12702.0,0.6089583333333333
12703.0,-1.1645283018867922
12704.0,0.24979591836734688
12705.0,-1.1246153846153846
12706.0,-1.1131372549019607
12707.0,0.685531914893617
12708.0,0.4266666666666666
12709.0,0.25999999999999995
12710.0,0.7599999999999999
12711.0,-1.1612962962962963
12712.0,-1.1522807017543861
12713.0,-1.2323333333333335
12714.0,-1.0748623853211012
12715.0,0.12274509803921563
12716.0,-1.298333333333334
12717.0,-0.49499999999999994
12718.0,-1.1041975308641976
12719.0,-1.3089655172413794
12720.0,-0.3694642857142857
12721.0,-0.582391304347826
12722.0,-1.016595744680851
12723.0,-1.2400000000000002
12724.0,-1.5038888888888893
12725.0,0.76
12726.0,-1.0399999999999998
12727.0,-1.0647422680412373
12728.0,0.7654347826086955
12729.0,-1.2050000000000003
12730.0,-1.054732142857143
12731.0,-0.7830769230769236
12732.0,-1.17969696969697
12733.0,-0.08027777777777782
12734.0,-1.0160416666666667
12735.0,-1.2156097560975612
12736.0,-0.7971428571428572
12737.0,0.7215384615384615
12738.0,-1.0695454545454548
12739.0,-0.6699999999999999
12740.0,-1.1416393442622952
12741.0,-0.939074074074074
12742.0,-0.3452631578947368
12743.0,-1.2051162790697676
12744.0,0.5672916666666666
12745.0,-0.6875806451612904
12746.0,-1.0190697674418603
12747.0,-1.1620000000000004
12748.0,0.7654347826086955
12749.0,-1.320357142857143
12750.0,0.34593749999999995
12751.0,0.72875
12752.0,-1.2271794871794872
12753.0,-0.7340476190476191
12754.0,-1.035258620689655
12755.0,0.13234042553191486
12756.0,-1.1240579710144927
12757.0,-1.118048780487805
12758.0,-1.063232323232323
12759.0,0.3155555555555555
12760.0,-0.9245238095238095
12761.0,-0.4226923076923078
12762.0,-1.0798058252427183
12763.0,-1.2983333333333331
12764.0,-1.135
12765.0,0.7280851063829787
12766.0,0.7654347826086955
12767.0,-1.177727272727273
12768.0,-0.06055555555555584
12769.0,0.7599999999999999
12770.0,-1.1551785714285714
12771.0,-0.2682258064516129
12772.0,-1.1494827586206895
12773.0,-1.2002272727272727
12774.0,-1.0326666666666666
12775.0,0.685531914893617
12776.0,-1.1796969696969697
12777.0,-0.8441666666666664
12778.0,-1.1384057971014494
12779.0,-1.0863541666666665
12780.0,-1.1202816901408448
12781.0,0.7219565217391303
12782.0,-1.2983333333333333
12783.0,-1.1827083333333333
12784.0,-1.1684615384615387
12785.0,-1.1128813559322033
12786.0,0.7706382978723403
12787.0,-1.099824561403509
12788.0,-0.8649999999999999
12789.0,-0.8417441860465117
12790.0,-1.1056249999999999
12791.0,-1.115
12792.0,-1.0345205479452053
12793.0,0.7155555555555555
12794.0,0.3455263157894737
12795.0,0.11795454545454544
12796.0,-1.0723863636363637
12797.0,-0.9786363636363636
12798.0,0.7483720930232557
12799.0,-0.8014035087719297
12800.0,-0.4051785714285714
12801.0,0.6088372093023255
12802.0,-1.051965811965812
12803.0,-1.2156097560975612
12804.0,-1.0921126760563378
12805.0,-1.0790434782608698
12806.0,-1.22125
12807.0,-0.08374999999999999
12808.0,-0.6302439024390244
12809.0,0.7280851063829787
12810.0,-1.1379591836734693
12811.0,-1.0127272727272725
12812.0,0.7654347826086955
12813.0,-1.0377941176470589
12814.0,-1.1066666666666667
12815.0,0.7155555555555555
12816.0,-1.0221003134796236
12817.0,-1.0857009345794395
12818.0,-0.3010204081632653
12819.0,0.7706382978723403
12820.0,0.67875
12821.0,-1.0664462809917357
12822.0,-1.320357142857143
12823.0,0.0035897435897435446
12824.0,-1.0585185185185184
12825.0,-1.061705426356589
12826.0,0.7706382978723404
12827.0,0.7654347826086955
12828.0,-1.0658196721311475
12829.0,-1.0737037037037038
12830.0,-0.9449180327868851
12831.0,-0.6212500000000001
12832.0,-0.052500000000000054
12833.0,-0.387887323943662
12834.0,0.7706382978723403
12835.0,-1.0437790697674418
12836.0,-0.6739622641509436
12837.0,-1.22125
12838.0,-1.0556028368794323
12839.0,-0.7911363636363635
12840.0,-1.1391935483870965
12841.0,0.7654347826086955
12842.0,0.7155555555555555
12843.0,0.7654347826086955
12844.0,-1.095072463768116
12845.0,-0.566521739130435
12846.0,0.11326086956521737
12847.0,-1.087972972972973
12848.0,0.004444444444444398
12849.0,-1.233421052631579
12850.0,-1.1787755102040816
12851.0,0.3611904761904762
12852.0,-1.295925925925926
12853.0,-1.262058823529412
12854.0,0.7873913043478259
12855.0,-1.2703030303030303
12856.0,-1.233421052631579
12857.0,-0.2995652173913043
12858.0,0.7654347826086957
12859.0,-1.22125
12860.0,-1.1713725490196076
12861.0,-0.8465573770491802
12862.0,-1.1807894736842104
12863.0,-0.8983333333333334
12864.0,-1.308965517241379
12865.0,-1.0670833333333334
12866.0,-1.1551785714285714
12867.0,0.7654347826086955
12868.0,0.346206896551724
12869.0,-0.260204081632653
12870.0,0.08653061224489793
12871.0,-1.0446875
12872.0,-1.2058620689655175
12873.0,-1.4104545454545458
12874.0,-1.1910869565217392
12875.0,-1.1327272727272726
12876.0,-1.2564516129032257
12877.0,-0.865
12878.0,-0.0804255319148936
12879.0,-1.0802777777777777
12880.0,0.37875000000000003
12881.0,-1.1184722222222223
12882.0,-1.3833333333333337
12883.0,-0.20808510638297878
12884.0,-1.233421052631579
12885.0,0.67875
12886.0,-0.15406250000000007
12887.0,-1.2703030303030305
12888.0,-1.1494827586206895
12889.0,-0.4040625000000001
12890.0,-0.82125
12891.0,-0.7168518518518519
12892.0,-1.2542857142857142
12893.0,-1.1267924528301887
12894.0,0.7706382978723403
12895.0,0.39414634146341465
12896.0,-1.0690598290598292
12897.0,-0.7834782608695654
12898.0,-0.7448076923076921
12899.0,-1.1041975308641976
12900.0,-0.375
12901.0,-1.28
12902.0,-1.24
12903.0,-0.1983333333333334
12904.0,-1.0634126984126988
12905.0,-1.2983333333333331
12906.0,-1.2790625000000002
12907.0,-1.0755294117647058
12908.0,0.6634090909090907
12909.0,-0.9408928571428571
12910.0,-0.8983333333333334
12911.0,0.7706382978723404
12912.0,0.5978378378378377
12913.0,-0.8733333333333333
12914.0,-0.5906493506493506
12915.0,0.10499999999999997
12916.0,-0.9066666666666668
12917.0,0.13053571428571428
12918.0,-0.9094915254237289
12919.0,-1.1713725490196076
12920.0,-0.22113207547169814
12921.0,0.03054054054054053
12922.0,0.209074074074074
12923.0,-1.166551724137931
12924.0,-0.8609523809523812
12925.0,-0.8193103448275862
12926.0,-0.518846153846154
12927.0,0.1954838709677419
12928.0,-1.0525
12929.0,0.7706382978723403
12930.0,0.7706382978723403
12931.0,-1.1678846153846154
12932.0,0.4946938775510204
12933.0,-0.7297959183673469
12934.0,-1.1645283018867925
12935.0,-1.0020192307692308
12936.0,-0.2622222222222222
12937.0,-0.5705084745762711
12938.0,-0.41361111111111115
12939.0,-1.1678846153846154
12940.0,0.7654347826086957
12941.0,-0.4954347826086956
12942.0,-0.5019047619047619
12943.0,-1.0296341463414633
12944.0,-0.8989285714285715
12945.0,0.7654347826086957
12946.0,-0.643225806451613
12947.0,-1.1069354838709675
12948.0,-1.1668292682926829
12949.0,-1.186808510638298
12950.0,-1.0383333333333333
12951.0,-1.050185185185185
12952.0,0.7654347826086955
12953.0,-1.020373831775701
12954.0,0.0308333333333333
12955.0,0.34571428571428564
12956.0,-1.0457228915662649
12957.0,-0.8844444444444443
12958.0,-1.3204545454545455
12959.0,-1.1910869565217388
12960.0,-1.055
12961.0,-1.1758974358974361
12962.0,-1.186808510638298
12963.0,0.7018604651162791
12964.0,-1.1117105263157891
12965.0,-1.2102380952380951
12966.0,0.05562499999999965
12967.0,0.07034482758620679
12968.0,-1.0247222222222223
12969.0,-1.126086956521739
12970.0,0.3611904761904762
12971.0,-1.015
12972.0,0.7654347826086955
12973.0,-1.1301515151515151
12974.0,-0.915824175824176
12975.0,-1.2469444444444444
12976.0,-0.89625
12977.0,-1.1494827586206895
12978.0,-1.0746280991735537
12979.0,0.7599999999999999
12980.0,-1.122987012987013
12981.0,-1.268846153846154
12982.0,-1.175
12983.0,0.47276595744680844
12984.0,-1.122142857142857
12985.0,-1.0950000000000002
12986.0,0.7873913043478261
12987.0,-0.9768421052631577
12988.0,0.5825806451612903
12989.0,-1.0863541666666665
12990.0,0.6690909090909091
12991.0,-0.9066666666666668
12992.0,-1.2469444444444442
12993.0,-1.259473684210526
12994.0,-0.374920634920635
12995.0,-0.4440816326530613
12996.0,0.7654347826086957
12997.0,0.46512820512820524
12998.0,-1.071140350877193
12999.0,0.30545454545454537
13000.0,-1.1835294117647064
13001.0,-1.1844444444444444
13002.0,-1.1467796610169494
13003.0,-0.8684722222222222
13004.0,-1.115
13005.0,-1.1184722222222223
13006.0,-1.4104545454545456
13007.0,-0.7400000000000001
13008.0,0.7706382978723403
13009.0,0.76
13010.0,-1.1833333333333336
13011.0,-1.1787755102040816
13012.0,-0.05428571428571434
13013.0,-1.1678846153846154
13014.0,-0.8038297872340425
13015.0,-1.0916483516483515
13016.0,-1.0825
13017.0,0.7280851063829785
13018.0,-0.5257142857142858
13019.0,0.76
13020.0,-1.2496428571428575
13021.0,0.7599999999999999
13022.0,-0.9149999999999999
13023.0,-1.2545000000000002
13024.0,-1.0789423076923077
13025.0,-1.0775000000000001
13026.0,-0.9826470588235294
13027.0,-1.22125
13028.0,-1.2051162790697676
13029.0,0.6287499999999999
13030.0,-0.9770689655172413
13031.0,0.6690909090909091
13032.0,0.5992857142857142
13033.0,0.7706382978723403
13034.0,0.7706382978723404
13035.0,0.09333333333333332
13036.0,0.7706382978723403
13037.0,-1.069741379310345
13038.0,-1.0117475728155338
13039.0,-1.115
13040.0,-1.2032352941176472
13041.0,0.08978723404255316
13042.0,0.057297297297297274
13043.0,-1.1955555555555555
13044.0,-0.6337500000000003
13045.0,0.685531914893617
13046.0,-1.0609459459459456
13047.0,0.043181818181817995
13048.0,-1.2271794871794872
13049.0,-0.39454545454545464
13050.0,-0.8052173913043478
13051.0,-0.93
13052.0,0.7356097560975609
13053.0,0.7706382978723403
13054.0,-1.175
13055.0,0.7706382978723403
13056.0,-1.3361904761904764
13057.0,-1.0693103448275862
13058.0,-1.0789423076923077
13059.0,-1.0798058252427187
13060.0,-0.4859016393442622
13061.0,-1.093932584269663
13062.0,-0.9402857142857144
13063.0,-1.0303225806451612
13064.0,-1.1441666666666663
13065.0,-1.3341666666666672
13066.0,-1.262058823529412
13067.0,-1.1280597014925375
13068.0,-1.0853947368421053
13069.0,0.7706382978723403
13070.0,0.44888888888888895
13071.0,-0.0980952380952383
13072.0,-0.8485526315789473
13073.0,0.7483720930232557
13074.0,0.4917073170731707
13075.0,-1.0853608247422681
13076.0,-0.4325000000000005
13077.0,-1.0655813953488371
13078.0,-1.0414572864321607
13079.0,-1.0537254901960784
13080.0,-1.24
13081.0,0.3972549019607843
13082.0,-0.5911904761904763
13083.0,-1.1442553191489362
13084.0,-1.1606666666666667
13085.0,-1.2002272727272727
13086.0,-1.2315384615384617
13087.0,-1.128059701492537
13088.0,-1.0746774193548387
13089.0,-1.2051162790697674
13090.0,-0.12815789473684217
13091.0,-1.262058823529412
13092.0,0.6975
13093.0,-1.1267924528301887
13094.0,-0.9572619047619048
13095.0,-0.6637804878048781
13096.0,0.617142857142857
13097.0,-1.1090697674418604
13098.0,-1.0834343434343434
13099.0,0.7706382978723403
13100.0,-1.0905434782608696
13101.0,-1.0145098039215688
13102.0,-1.2171875
13103.0,0.4084374999999999
13104.0,-0.4356521739130438
13105.0,-0.9611475409836063
13106.0,-0.9133870967741935
13107.0,-1.233421052631579
13108.0,-0.2911363636363637
13109.0,0.6855319148936169
13110.0,-1.1713725490196079
13111.0,-1.0756481481481484
13112.0,0.7654347826086955
13113.0,-1.0663157894736843
13114.0,-1.121818181818182
13115.0,0.6089583333333333
13116.0,-1.1041975308641976
13117.0,-0.915675675675676
13118.0,-0.3343396226415094
13119.0,-1.1645283018867925
13120.0,-1.175
13121.0,-1.24
13122.0,-0.16129629629629635
13123.0,-1.1907843137254903
13124.0,-0.9685714285714285
13125.0,0.7706382978723403
13126.0,-1.080686274509804
13127.0,-0.7128260869565216
13128.0,-0.6008333333333339
13129.0,-0.9576870748299322
13130.0,-1.338888888888889
13131.0,-1.2194444444444446
13132.0,-0.6230645161290325
13133.0,0.19023255813953482
13134.0,-1.320769230769231
13135.0,0.4727659574468085
13136.0,-0.8949999999999999
13137.0,-1.0950724637681157
13138.0,0.7706382978723403
13139.0,-1.3206250000000004
13140.0,-1.011551724137931
13141.0,-1.0692682926829267
13142.0,-1.1968750000000004
13143.0,-0.05250000000000007
13144.0,-1.1833333333333338
13145.0,-1.1008333333333338
13146.0,-1.124259259259259
13147.0,-0.5247222222222222
13148.0,0.45999999999999996
13149.0,-1.1324137931034481
13150.0,-0.8073076923076925
13151.0,0.7706382978723403
13152.0,-1.0444117647058824
13153.0,-1.1827083333333333
13154.0,0.21673076923076914
13155.0,0.6419444444444444
13156.0,0.3199999999999999
13157.0,-0.9211224489795918
13158.0,-1.0551408450704227
13159.0,-0.007058823529412083
13160.0,0.2649999999999999
13161.0,-0.6983333333333335
13162.0,-1.2132432432432434
13163.0,-1.1218181818181818
13164.0,-1.0073611111111112
13165.0,-1.0622222222222224
13166.0,-1.155714285714286
13167.0,0.7706382978723404
13168.0,-1.0145098039215688
13169.0,-0.8712500000000001
13170.0,-1.08375
13171.0,0.4234615384615382
13172.0,0.7543181818181816
13173.0,-1.0692682926829267
13174.0,0.7706382978723404
13175.0,-1.2106666666666668
13176.0,-1.1337500000000003
13177.0,-1.061917808219178
13178.0,-0.3357142857142859
13179.0,0.6506249999999999
13180.0,-1.4488888888888891
13181.0,0.7356097560975609
13182.0,-1.1551785714285714
13183.0,-0.9772881355932204
13184.0,-1.2051162790697674
13185.0,-0.028135593220339036
13186.0,-1.0092307692307692
13187.0,-1.22125
13188.0,-1.0380769230769233
13189.0,-0.9309090909090915
13190.0,-0.2842857142857143
13191.0,-1.064596774193548
13192.0,-0.6977464788732395
13193.0,-0.6882758620689655
13194.0,-1.3833333333333337
13195.0,0.5034210526315789
13196.0,-1.0062337662337661
13197.0,-1.1280597014925375
13198.0,0.561470588235294
13199.0,0.6419444444444443
13200.0,-0.7980357142857143
13201.0,0.6349999999999999
13202.0,-0.6294230769230769
13203.0,-1.0129596412556052
13204.0,-1.0155102040816326
13205.0,0.7654347826086955
13206.0,-0.4691666666666667
13207.0,-1.0430303030303032
13208.0,-0.6534615384615386
13209.0,0.11795454545454546
13210.0,0.027857142857142813
13211.0,-1.2620588235294117
13212.0,-1.2040000000000002
13213.0,-0.8570634920634922
13214.0,-1.2399999999999998
13215.0,-1.0998484848484846
13216.0,-1.0216780821917806
13217.0,0.7772727272727272
13218.0,0.6202941176470588
13219.0,0.43647058823529405
13220.0,-0.30250000000000005
13221.0,-1.375416666666667
13222.0,-1.0963218390804597
13223.0,-0.9981168831168832
13224.0,-0.5207017543859649
13225.0,0.735609756097561
13226.0,0.7706382978723403
13227.0,-1.200227272727273
13228.0,-1.244615384615385
13229.0,-1.112881355932203
13230.0,-1.2800000000000002
13231.0,-0.9746938775510203
13232.0,0.6429787234042551
13233.0,-1.1551785714285714
13234.0,0.7654347826086957
13235.0,-1.018409090909091
13236.0,0.7654347826086955
13237.0,-0.43270833333333325
13238.0,0.6031428571428571
13239.0,0.7543181818181818
13240.0,-0.7259154929577465
13241.0,-0.8337500000000001
13242.0,0.6349999999999999
13243.0,-1.0532530120481927
13244.0,0.2599999999999999
13245.0,-0.66
13246.0,-0.9547435897435894
13247.0,-0.879344262295082
13248.0,0.022931034482758565
13249.0,-0.214264705882353
13250.0,0.4234615384615384
13251.0,-1.1070886075949369
13252.0,-1.069059829059829
13253.0,-0.902037037037037
13254.0,-1.10328125
13255.0,0.37224489795918364
13256.0,-1.1008333333333338
13257.0,-0.8400000000000001
13258.0,0.38162162162162167
13259.0,0.7356097560975609
13260.0,-1.1749999999999998
13261.0,0.7599999999999999
13262.0,0.7543181818181816
13263.0,0.7706382978723403
13264.0,-1.1581818181818182
13265.0,0.6088372093023255
13266.0,0.742142857142857
13267.0,-1.2102380952380953
13268.0,0.7543181818181818
13269.0,0.7706382978723403
13270.0,0.2965853658536585
13271.0,0.6613157894736841
13272.0,-1.065
13273.0,-1.0546853146853146
13274.0,-1.1868085106382977
13275.0,0.7543181818181818
13276.0,-0.999920634920635
13277.0,-1.3204545454545455
13278.0,-0.805625
13279.0,-0.9309090909090915
13280.0,-1.251666666666667
13281.0,-0.5150000000000006
13282.0,-1.0923076923076929
13283.0,-1.115
13284.0,-1.099375
13285.0,-1.2002272727272727
13286.0,-1.0247222222222225
13287.0,-1.2469444444444444
13288.0,-0.8580555555555556
13289.0,-1.0645967741935487
13290.0,-0.7540540540540542
13291.0,0.7421428571428571
13292.0,-0.23019607843137257
13293.0,0.7706382978723403
13294.0,-1.063888888888889
13295.0,0.07547619047619045
13296.0,-1.1833333333333338
13297.0,-0.48000000000000015
13298.0,-0.9779032258064515
13299.0,-0.9763636363636363
13300.0,-0.8792405063291139
13301.0,-0.8795348837209302
13302.0,0.7654347826086955
13303.0,-1.1993333333333334
13304.0,0.7654347826086955
13305.0,-1.066086956521739
13306.0,0.76
13307.0,0.6613157894736843
13308.0,-0.3678571428571433
13309.0,-1.1758974358974357
13310.0,0.7280851063829789
13311.0,0.4917073170731707
13312.0,-1.051320754716981
13313.0,-1.0966176470588234
13314.0,-0.36500000000000005
13315.0,-1.0540243902439022
13316.0,0.38499999999999995
13317.0,-1.1202816901408454
13318.0,-0.8813207547169811
13319.0,-0.8986538461538461
13320.0,0.7421428571428571
13321.0,0.4302127659574468
13322.0,-0.24568181818181822
13323.0,-1.20875
13324.0,0.32451612903225796
13325.0,0.06645161290322571
13326.0,-0.5336507936507935
13327.0,-1.1758974358974361
13328.0,-0.83375
13329.0,-0.19081967213114764
13330.0,-1.0927777777777776
13331.0,0.24026315789473682
13332.0,-1.166551724137931
13333.0,-1.1120930232558142
13334.0,-1.0752941176470585
13335.0,-1.1358333333333333
13336.0,0.40444444444444433
13337.0,-1.071140350877193
13338.0,0.4933333333333333
13339.0,-1.1358333333333335
13340.0,0.6868292682926829
13341.0,-0.8025000000000001
13342.0,-0.5247222222222221
13343.0,-1.248125
13344.0,-1.0203738317757012
13345.0,0.7654347826086957
13346.0,-0.3101754385964912
13347.0,-0.9758490566037735
13348.0,-1.024574468085106
13349.0,-0.6036363636363636
13350.0,0.20907407407407394
13351.0,-0.2660416666666667
13352.0,-1.0083823529411764
13353.0,-1.186923076923077
13354.0,-1.066315789473684
13355.0,-1.0927777777777776
13356.0,-0.978095238095238
13357.0,-1.173888888888889
13358.0,-1.0789423076923077
13359.0,-1.2078723404255318
13360.0,-0.954285714285714
13361.0,-1.0228947368421053
13362.0,-0.43999999999999995
13363.0,0.515813953488372
13364.0,-0.6534615384615386
13365.0,-1.061705426356589
13366.0,-1.262058823529412
13367.0,0.4249999999999999
13368.0,-0.6775000000000001
13369.0,-0.19192307692307706
13370.0,-1.151111111111111
13371.0,-1.1017021276595746
13372.0,0.6314285714285712
13373.0,-0.7448076923076925
13374.0,0.6863636363636364
13375.0,-1.1581818181818182
13376.0,-1.2156097560975612
13377.0,0.028749999999999977
13378.0,-0.6336170212765958
13379.0,-1.1955555555555557
13380.0,-1.1866666666666668
13381.0,-1.1318918918918919
13382.0,-0.9306521739130436
13383.0,-0.7605479452054794
13384.0,-1.233421052631579
13385.0,-0.8025000000000001
13386.0,-1.0711403508771928
13387.0,-0.9114285714285715
13388.0,-1.22125
13389.0,0.6469047619047619
13390.0,0.7654347826086957
13391.0,-1.4304761904761907
13392.0,-0.44833333333333336
13393.0,-1.1955555555555553
13394.0,0.5287499999999999
13395.0,0.6613157894736842
13396.0,-1.0866037735849057
13397.0,0.72875
13398.0,-1.032626728110599
13399.0,0.5992857142857142
13400.0,-1.1735555555555557
13401.0,-0.040000000000000015
13402.0,-1.0815841584158414
13403.0,0.7706382978723403
13404.0,-1.194761904761905
13405.0,-1.118048780487805
13406.0,0.7706382978723403
13407.0,-1.0155102040816326
13408.0,-1.1467796610169494
13409.0,0.7706382978723404
13410.0,0.7654347826086955
13411.0,-0.38516129032258073
13412.0,-1.0773493975903616
13413.0,-1.1260294117647058
13414.0,-1.1441666666666668
13415.0,-1.0108333333333333
13416.0,0.7599999999999999
13417.0,0.249795918367347
13418.0,-1.1301515151515151
13419.0,0.6702564102564103
13420.0,0.05741379310344823
13421.0,-1.093932584269663
13422.0,0.3611904761904762
13423.0,-1.0831343283582089
13424.0,0.005614035087719308
13425.0,-0.8574242424242424
13426.0,0.7706382978723403
13427.0,0.2266666666666666
13428.0,0.4946938775510203
13429.0,0.7654347826086957
13430.0,0.5822222222222223
13431.0,-1.0403472222222223
13432.0,-0.9156756756756758
13433.0,-0.79078125
13434.0,-0.4519565217391303
13435.0,-1.0806862745098038
13436.0,0.7706382978723404
13437.0,-1.1391935483870967
13438.0,-1.0316666666666667
13439.0,-0.9740425531914896
13440.0,0.7483720930232557
13441.0,-0.7436764705882353
13442.0,-0.34000000000000014
13443.0,0.7088636363636364
13444.0,0.7706382978723404
13445.0,-0.57203125
13446.0,0.39068181818181813
13447.0,-1.1028048780487805
13448.0,0.6266666666666666
13449.0,-0.41361111111111115
13450.0,-1.1014457831325304
13451.0,-0.9275000000000001
13452.0,-0.9211594202898551
13453.0,-0.5629166666666666
13454.0,-0.8916853932584268
13455.0,-0.8108333333333333
13456.0,0.5822222222222221
13457.0,0.7706382978723403
13458.0,-1.139193548387097
13459.0,0.3453658536585365
13460.0,-1.0560714285714285
13461.0,-1.1066666666666667
13462.0,-1.1323076923076922
13463.0,-1.007123287671233
13464.0,-1.051782178217822
13465.0,-0.7116981132075472
13466.0,-0.9512676056338029
13467.0,0.7706382978723403
13468.0,-0.2707692307692308
13469.0,-1.0111864406779658
13470.0,-1.0611538461538461
13471.0,-1.0433333333333334
13472.0,-0.7456818181818181
13473.0,-0.7508333333333335
13474.0,0.7155555555555555
13475.0,-1.200227272727273
13476.0,-1.065
13477.0,0.553103448275862
13478.0,-1.1827083333333335
13479.0,0.7706382978723403
13480.0,-1.1410416666666665
13481.0,-1.1167123287671235
13482.0,0.7706382978723404
13483.0,0.6634090909090908
13484.0,-0.3386842105263158
13485.0,0.4302127659574468
13486.0,-0.7187234042553192
13487.0,-1.0894623655913978
13488.0,-0.5823913043478262
13489.0,-0.6760000000000003
13490.0,-1.0976190476190477
13491.0,-1.0725892857142858
13492.0,-0.7636486486486487
13493.0,-0.16553191489361704
13494.0,-0.8014035087719297
13495.0,-0.22828125000000007
13496.0,-1.2334210526315792
13497.0,-1.1180487804878048
13498.0,0.6089583333333333
13499.0,0.6287499999999999
13500.0,-0.9607446808510639
13501.0,-1.0190697674418603
13502.0,-0.7701724137931033
13503.0,-0.6302439024390244
13504.0,0.003243243243243217
13505.0,-1.289047619047619
13506.0,-0.9556249999999998
13507.0,-0.9066666666666666
13508.0,0.7873913043478259
13509.0,0.3625641025641025
13510.0,-0.8123684210526315
13511.0,0.7654347826086955
13512.0,0.76
13513.0,-1.0963218390804599
13514.0,-1.1202816901408446
13515.0,0.7706382978723403
13516.0,0.7543181818181818
13517.0,-1.0988235294117648
13518.0,-0.8522448979591837
13519.0,0.617142857142857
13520.0,-0.6760000000000004
13521.0,-1.1612962962962963
13522.0,-1.0489171974522293
13523.0,0.705945945945946
13524.0,-1.090392156862745
13525.0,-0.8580555555555556
13526.0,-1.191935483870968
13527.0,0.3625641025641026
13528.0,-1.118048780487805
13529.0,-0.9826470588235293
13530.0,-1.1868085106382977
13531.0,0.7280851063829787
13532.0,-1.0714606741573036
13533.0,-1.1385714285714283
13534.0,0.7280851063829787
13535.0,0.6469047619047619
13536.0,-1.130151515151515
13537.0,-0.20153846153846156
13538.0,-1.2002272727272725
13539.0,-0.34784313725490196
13540.0,-0.9169230769230771
13541.0,-1.0288655462184875
13542.0,-1.2929166666666667
13543.0,-0.16788461538461538
13544.0,0.7018604651162789
13545.0,-1.0975581395348837
13546.0,0.07481481481481472
13547.0,0.17874999999999996
13548.0,-0.191219512195122
13549.0,-1.115
13550.0,0.57875
13551.0,-1.1645283018867925
13552.0,-1.05651376146789
13553.0,-1.0081159420289856
13554.0,-1.1645283018867922
13555.0,-1.215609756097561
13556.0,-0.18270833333333333
13557.0,-0.9115116279069767
13558.0,-0.4030000000000002
13559.0,-1.0760655737704918
13560.0,-1.2983333333333331
13561.0,-1.0177777777777777
13562.0,0.461086956521739
13563.0,-1.1001190476190477
13564.0,-1.3040000000000003
13565.0,-1.2419047619047623
13566.0,0.7543181818181818
13567.0,-1.025576923076923
13568.0,-1.1133333333333333
13569.0,0.1619607843137255
13570.0,-1.1467796610169494
13571.0,0.44111111111111084
13572.0,0.7088636363636363
13573.0,-0.4275
13574.0,-1.2594736842105263
13575.0,-1.0802777777777777
13576.0,-0.01500000000000003
13577.0,-1.084155844155844
13578.0,-1.2542857142857142
13579.0,-1.3060869565217395
13580.0,-1.1467796610169492
13581.0,-0.9613541666666667
13582.0,-1.2469444444444444
13583.0,-1.1391935483870965
13584.0,-1.1645283018867925
13585.0,0.7654347826086955
13586.0,0.76
13587.0,-1.2266666666666668
13588.0,-0.8441666666666666
13589.0,-1.1494827586206897
13590.0,-1.2516666666666667
13591.0,-1.2002272727272727
13592.0,-1.0355913978494622
13593.0,-0.4665625000000001
13594.0,0.76
13595.0,-0.1288888888888889
13596.0,0.45354838709677414
13597.0,0.7706382978723404
13598.0,-1.292916666666667
13599.0,-0.9183333333333334
13600.0,-1.115294117647059
13601.0,-1.2983333333333336
13602.0,-1.175
13603.0,-1.0322077922077924
13604.0,-1.0516666666666667
13605.0,-0.7816666666666668
13606.0,-0.8316666666666668
13607.0,0.2543181818181818
13608.0,-1.3457692307692308
13609.0,0.172037037037037
13610.0,-1.0316666666666665
13611.0,-0.0040000000000002135
13612.0,-1.1240579710144927
13613.0,-1.136825396825397
13614.0,-0.3910416666666667
13615.0,-1.027
13616.0,0.08608695652173902
13617.0,-0.1358333333333334
13618.0,0.3787499999999999
13619.0,0.7654347826086958
13620.0,-0.9372222222222223
13621.0,-1.3726315789473686
13622.0,-0.8184313725490198
13623.0,-1.0564556962025318
13624.0,-0.24694444444444447
13625.0,-0.5492105263157894
13626.0,-0.4774999999999999
13627.0,-0.5059574468085106
13628.0,0.7543181818181816
13629.0,0.238235294117647
13630.0,0.76
13631.0,0.37875000000000003
13632.0,0.132051282051282
13633.0,0.5377777777777778
13634.0,-1.0763095238095235
13635.0,-1.2102380952380951
13636.0,0.7483720930232558
13637.0,0.650625
13638.0,0.42499999999999993
13639.0,-1.3921739130434785
13640.0,-1.2271794871794874
13641.0,-0.6023188405797103
13642.0,-0.311969696969697
13643.0,-1.233421052631579
13644.0,-0.7997826086956523
13645.0,-0.30153846153846153
13646.0,-1.0895890410958904
13647.0,-1.0625000000000002
13648.0,0.3016666666666666
13649.0,0.15024390243902427
13650.0,-1.113333333333333
13651.0,0.36
13652.0,-1.0233858267716536
13653.0,0.3297674418604651
13654.0,-1.047086614173229
13655.0,-1.055625
13656.0,-1.0362962962962963
13657.0,-1.0746774193548387
13658.0,0.1171428571428571
13659.0,-0.7168518518518519
13660.0,-1.1749999999999998
13661.0,-1.069059829059829
13662.0,0.4077272727272726
13663.0,-0.5814634146341463
13664.0,-0.4800000000000003
13665.0,0.57875
13666.0,-1.0916483516483517
13667.0,-0.48444444444444457
13668.0,-0.6388095238095237
13669.0,-0.11142857142857146
13670.0,-1.0590298507462688
13671.0,0.7599999999999999
13672.0,-1.0755263157894739
13673.0,-1.0652032520325203
13674.0,-1.1014457831325302
13675.0,-0.26384615384615384
13676.0,-1.3969230769230772
13677.0,-1.019166666666667
13678.0,-0.21260869565217394
13679.0,-0.27170212765957447
13680.0,-0.9712500000000001
13681.0,0.7706382978723403
13682.0,-1.3052173913043483
13683.0,-1.1645283018867925
13684.0,0.19229166666666667
13685.0,0.33065217391304347
13686.0,-0.7843548387096774
13687.0,-0.63453125
13688.0,-0.7456818181818181
13689.0,-1.0798058252427187
13690.0,0.7356097560975609
13691.0,0.4897297297297298
13692.0,0.7654347826086955
13693.0,-1.1117105263157894
13694.0,-0.530526315789474
13695.0,0.67875
13696.0,-1.0640000000000005
13697.0,-0.8755932203389831
13698.0,0.7280851063829785
13699.0,0.7706382978723403
13700.0,-1.1713725490196076
13701.0,-0.9924
13702.0,-1.2002272727272727
13703.0,-0.8549999999999999
13704.0,0.7706382978723404
13705.0,-1.2288888888888891
13706.0,-1.0007758620689657
13707.0,0.7706382978723403
13708.0,0.6086842105263157
13709.0,0.6380487804878049
13710.0,0.7706382978723403
13711.0,-1.0038888888888888
13712.0,-0.639032258064516
13713.0,-1.0634126984126986
13714.0,-1.1368253968253967
13715.0,-0.859402985074627
13716.0,0.10615384615384613
13717.0,-1.1362857142857143
13718.0,-1.1379591836734693
13719.0,-0.3547999999999999
13720.0,-0.29500000000000004
13721.0,0.57875
13722.0,0.45387755102040805
13723.0,-1.1060714285714286
13724.0,-1.186808510638298
13725.0,-1.1947999999999999
13726.0,-1.0866666666666662
13727.0,0.76
13728.0,-1.1085897435897434
13729.0,0.7088636363636364
13730.0,0.7706382978723403
13731.0,0.7706382978723404
13732.0,-1.2883870967741935
13733.0,-0.9655555555555555
13734.0,0.7654347826086955
13735.0,0.22777777777777766
13736.0,0.6179545454545454
13737.0,-0.9476923076923075
13738.0,0.5049999999999999
13739.0,-0.9838524590163936
13740.0,0.7706382978723404
13741.0,0.7706382978723403
13742.0,-1.2102380952380951
13743.0,-0.15477272727272726
13744.0,0.0048979591836734535
13745.0,0.7706382978723403
13746.0,0.6613157894736843
13747.0,0.371111111111111
13748.0,0.31555555555555553
13749.0,-1.349130434782609
13750.0,-1.071858407079646
13751.0,-1.062265625
13752.0,0.5614705882352942
13753.0,0.3641666666666667
13754.0,0.7654347826086955
13755.0,-1.0564556962025315
13756.0,-0.8249056603773584
13757.0,0.07874999999999999
13758.0,-1.0384293193717278
13759.0,-1.1021052631578947
13760.0,0.7706382978723403
13761.0,0.7706382978723404
13762.0,0.5892682926829268
13763.0,-1.0636690647482014
13764.0,-0.9685714285714285
13765.0,-0.5389130434782607
13766.0,0.7706382978723403
13767.0,-1.0924
13768.0,0.5256249999999999
13769.0,-1.2400000000000002
13770.0,-1.24
13771.0,-1.0606521739130437
13772.0,-1.0721052631578947
13773.0,-1.092112676056338
13774.0,-0.5441666666666667
13775.0,-1.1167123287671235
13776.0,-0.6388095238095239
13777.0,-0.6693478260869565
13778.0,-1.1749999999999998
13779.0,-1.2516666666666667
13780.0,-1.191086956521739
13781.0,0.7599999999999999
13782.0,-0.641764705882353
13783.0,0.3172916666666666
13784.0,-1.089462365591398
13785.0,-0.40703703703703703
13786.0,0.7706382978723404
13787.0,0.16196078431372546
13788.0,-1.158181818181818
13789.0,0.7654347826086957
13790.0,0.7599999999999999
13791.0,-0.7526582278481013
13792.0,0.06303030303030299
13793.0,-0.11499999999999998
13794.0,-0.7218181818181819
13795.0,-0.6414084507042256
13796.0,-0.07533333333333372
13797.0,-1.1149999999999998
13798.0,0.04571428571428572
13799.0,-1.0927777777777776
13800.0,-1.24
13801.0,-0.9809638554216866
13802.0,-0.2622222222222223
13803.0,-0.24909090909090909
13804.0,0.7706382978723403
13805.0,-1.1117105263157896
13806.0,-1.0478125
13807.0,0.41384615384615375
13808.0,0.3981578947368421
13809.0,-1.0696703296703298
13810.0,-1.1020689655172418
13811.0,-0.2617391304347828
13812.0,0.4130612244897958
13813.0,-1.0802777777777781
13814.0,0.7654347826086955
13815.0,0.7772727272727272
13816.0,-1.070769230769231
13817.0,-1.0481818181818183
13818.0,-0.7790625000000001
13819.0,0.5478787878787879
13820.0,-0.5141935483870969
13821.0,-1.0853608247422681
13822.0,0.6885714285714285
13823.0,0.7654347826086957
13824.0,0.02704545454545453
13825.0,-1.1731111111111114
13826.0,-1.1001190476190477
13827.0,-0.6693478260869564
13828.0,0.7421428571428571
13829.0,-1.1955555555555557
13830.0,-1.1467796610169494
13831.0,-1.1323076923076922
13832.0,0.4227906976744186
13833.0,0.41384615384615386
13834.0,-1.1267924528301887
13835.0,0.7654347826086957
13836.0,-1.2281395348837207
13837.0,0.7654347826086957
13838.0,-1.0386842105263157
13839.0,0.6553488372093024
13840.0,-1.0982089552238805
13841.0,-1.1323076923076922
13842.0,-0.15477272727272728
13843.0,0.7654347826086957
13844.0,0.11285714285714284
13845.0,-1.2032352941176472
13846.0,0.6086842105263157
13847.0,-1.2790625
13848.0,0.7706382978723403
13849.0,0.4151724137931034
13850.0,-1.1301515151515151
13851.0,-0.3357446808510638
13852.0,-0.97828125
13853.0,-1.22125
13854.0,-1.1752173913043482
13855.0,-1.2002272727272727
13856.0,-1.073333333333333
13857.0,-0.4824242424242424
13858.0,-1.0664179104477611
13859.0,0.7661904761904762
13860.0,0.12875
13861.0,-0.9349999999999998
13862.0,0.7706382978723403
13863.0,-0.7061016949152542
13864.0,0.7706382978723404
13865.0,-1.3921739130434785
13866.0,-1.0399999999999998
13867.0,-0.9166304347826085
13868.0,0.6088372093023255
13869.0,-0.7612765957446808
13870.0,0.027674418604651155
13871.0,-0.8774999999999997
13872.0,-0.9194871794871795
13873.0,-1.2102380952380953
13874.0,-0.7143589743589744
13875.0,-0.8225
13876.0,-1.126029411764706
13877.0,-0.5733333333333333
13878.0,-1.1441666666666666
13879.0,0.002857142857142801
13880.0,-0.5984905660377359
13881.0,-1.0640000000000003
13882.0,0.0007407407407406196
13883.0,-1.3060869565217395
13884.0,0.7706382978723403
13885.0,-1.1476086956521738
13886.0,-1.0963218390804597
13887.0,-1.0480357142857142
13888.0,0.5599999999999998
13889.0,-1.1738888888888892
13890.0,0.6089583333333333
13891.0,0.47874999999999995
13892.0,0.7599999999999999
13893.0,-0.6170491803278688
13894.0,-1.0569918699186993
13895.0,-0.08883720930232557
13896.0,-1.0098412698412698
13897.0,0.5404878048780488
13898.0,-0.03464285714285728
13899.0,-1.0550000000000002
13900.0,-1.1391935483870965
13901.0,-1.2481250000000002
13902.0,0.3721052631578948
13903.0,-1.0278787878787878
13904.0,-0.6615686274509803
13905.0,0.6314285714285713
13906.0,-1.0017886178861788
13907.0,0.3449056603773584
13908.0,-1.0585185185185184
13909.0,-1.0873684210526318
13910.0,0.72875
13911.0,-1.2983333333333333
13912.0,-1.0748623853211008
13913.0,0.31681818181818167
13914.0,0.618974358974359
13915.0,-1.0490909090909089
13916.0,0.72875
13917.0,0.3876595744680851
13918.0,0.7706382978723403
13919.0,0.06499999999999999
13920.0,-0.5607547169811321
13921.0,-0.6602898550724637
13922.0,-0.9400000000000001
13923.0,-0.27804347826086956
13924.0,-1.0655208333333333
13925.0,-0.7241269841269842
13926.0,-1.1280597014925373
13927.0,-1.2542857142857142
13928.0,-0.3797058823529412
13929.0,-1.115
13930.0,0.5915217391304347
13931.0,0.6089583333333333
13932.0,0.7421428571428572
13933.0,-0.6610526315789473
13934.0,-1.0939325842696626
13935.0,-1.061917808219178
13936.0,0.5725
13937.0,0.38499999999999995
13938.0,-1.0564556962025318
13939.0,-0.6775000000000001
13940.0,0.36256410256410254
13941.0,-1.038941798941799
13942.0,-0.3650000000000001
13943.0,-0.9741441441441442
13944.0,-0.20153846153846167
13945.0,-1.0098412698412698
13946.0,0.7706382978723403
13947.0,-1.1645283018867922
13948.0,0.004680851063829779
13949.0,-1.017173913043478
13950.0,0.7280851063829785
13951.0,0.12309523809523805
13952.0,0.7356097560975609
13953.0,-1.0476923076923077
13954.0,0.004186046511627831
13955.0,-0.2469444444444444
13956.0,-1.1379591836734695
13957.0,-1.1713725490196076
13958.0,-1.3325925925925928
13959.0,-0.6882758620689655
13960.0,0.4917073170731707
13961.0,-1.2754545454545456
13962.0,0.05487179487179484
13963.0,0.7706382978723403
13964.0,-1.2271794871794874
13965.0,-0.0980952380952383
13966.0,-1.1117105263157894
13967.0,-1.0496774193548388
13968.0,-1.1645283018867925
13969.0,-1.3204000000000002
13970.0,-1.1645283018867925
13971.0,-0.9148000000000001
13972.0,-0.9955309734513275
13973.0,-1.0595488721804514
13974.0,-1.1586046511627908
13975.0,-1.1240579710144927
13976.0,0.7706382978723403
13977.0,-1.0629166666666665
13978.0,0.5933333333333332
13979.0,0.7654347826086957
13980.0,-0.5657142857142857
13981.0,-0.17939393939393952
13982.0,0.7059459459459458
13983.0,0.5045652173913043
13984.0,-1.143333333333334
13985.0,-1.055
13986.0,-1.04078125
13987.0,0.7421428571428571
13988.0,-0.12040000000000013
13989.0,-0.9245238095238095
13990.0,-1.1787755102040816
13991.0,-1.1167123287671232
13992.0,-1.032626728110599
13993.0,-1.155714285714286
13994.0,-0.9146031746031748
13995.0,-1.124057971014493
13996.0,-0.15406250000000007
13997.0,-1.2959259259259264
13998.0,-1.0772641509433962
13999.0,-1.078666666666667
14000.0,-1.148846153846154
14001.0,0.10166666666666657
14002.0,-1.3203571428571428
14003.0,-1.367857142857143
14004.0,-1.320526315789474
14005.0,-1.1323076923076922
14006.0,-1.0400000000000003
14007.0,-1.4030000000000002
14008.0,-0.08027777777777781
14009.0,0.4077272727272725
14010.0,-1.1586046511627905
14011.0,-1.175
14012.0,-1.059047619047619
14013.0,-1.0432786885245902
14014.0,0.7706382978723403
14015.0,-1.0152216748768472
14016.0,0.7706382978723403
14017.0,-0.4500000000000003
14018.0,0.4088095238095238
14019.0,-1.375416666666667
14020.0,0.35803921568627445
14021.0,-1.1813157894736845
14022.0,0.4176086956521738
14023.0,-0.4844444444444443
14024.0,-0.8364285714285714
14025.0,-1.3030000000000002
14026.0,-0.7722580645161293
14027.0,0.57875
14028.0,-1.276666666666667
14029.0,-1.2156097560975612
14030.0,-1.1859459459459458
14031.0,-1.2404000000000002
14032.0,-1.1060000000000003
14033.0,-1.1787755102040816
14034.0,-0.9468750000000004
14035.0,-1.4247368421052633
14036.0,-1.306086956521739
14037.0,-0.22660714285714287
14038.0,0.7706382978723403
14039.0,-1.22125
14040.0,-0.6798148148148146
14041.0,0.5045652173913044
14042.0,-1.1612962962962963
14043.0,-0.9707692307692306
14044.0,-1.1971428571428573
14045.0,0.39815789473684204
14046.0,-0.7188888888888888
14047.0,0.5437837837837838
14048.0,-1.1586046511627908
14049.0,-1.06520325203252
14050.0,0.7706382978723403
14051.0,0.6702564102564103
14052.0,-0.9081034482758621
14053.0,0.7706382978723403
14054.0,-1.1522807017543861
14055.0,-1.2002272727272727
14056.0,-1.0349029126213591
14057.0,-0.6036363636363637
14058.0,-1.152280701754386
14059.0,0.1014634146341463
14060.0,-1.403
14061.0,0.7215384615384615
14062.0,-0.5842857142857147
14063.0,-0.21023809523809525
14064.0,-1.1184722222222223
14065.0,-1.129423076923077
14066.0,0.7706382978723403
14067.0,0.7873913043478259
14068.0,-0.8292857142857144
14069.0,-1.0640000000000003
14070.0,0.7661904761904762
14071.0,0.16833333333333325
14072.0,0.4649999999999999
14073.0,-1.175
14074.0,-1.2883870967741937
14075.0,-1.262058823529412
14076.0,-1.262058823529412
14077.0,0.771860465116279
14078.0,0.69
14079.0,-0.8832926829268295
14080.0,-1.2260000000000002
14081.0,-1.0183333333333338
14082.0,-1.0606106870229008
14083.0,-1.0462637362637364
14084.0,-1.0582644628099174
14085.0,-1.0112500000000004
14086.0,-1.0755263157894737
14087.0,-0.019761904761904776
14088.0,0.027045454545454525
14089.0,-1.2238709677419355
14090.0,0.3076923076923076
14091.0,-0.20370967741935492
14092.0,-1.0311392405063289
14093.0,-1.2238709677419357
14094.0,-1.0725892857142858
14095.0,0.5578723404255319
14096.0,-1.0855882352941175
14097.0,-1.1149999999999998
14098.0,0.47999999999999987
14099.0,-1.2890476190476194
14100.0,-1.0190909090909097
14101.0,-1.046451612903226
14102.0,-1.0725892857142856
14103.0,-0.6358333333333335
14104.0,0.30861111111111117
14105.0,-1.1581818181818182
14106.0,-0.0878260869565219
14107.0,-0.1910869565217391
14108.0,-1.0677310924369747
14109.0,-1.1678846153846154
14110.0,-1.0767796610169493
14111.0,-1.0617054263565893
14112.0,0.7654347826086957
14113.0,0.12874999999999998
14114.0,0.7706382978723403
14115.0,-0.9249315068493152
14116.0,-1.1910869565217392
14117.0,-0.8286075949367088
14118.0,-1.0209090909090914
14119.0,0.1634090909090909
14120.0,-1.0540243902439024
14121.0,-1.191086956521739
14122.0,0.7654347826086955
14123.0,-1.0815841584158414
14124.0,0.2543181818181818
14125.0,-1.2620588235294121
14126.0,-1.0133812949640286
14127.0,-0.12942307692307692
14128.0,-1.320357142857143
14129.0,-1.1368253968253967
14130.0,-1.1015384615384614
14131.0,-1.1645283018867925
14132.0,-0.3204545454545457
14133.0,-0.24000000000000005
14134.0,-0.4575925925925926
14135.0,-0.3283333333333333
14136.0,0.7873913043478261
14137.0,-1.246
14138.0,0.34522727272727277
14139.0,-1.175
14140.0,-0.7581818181818182
14141.0,-1.1787755102040818
14142.0,-0.6994594594594595
14143.0,-1.0142857142857147
14144.0,0.7654347826086955
14145.0,-1.0760655737704916
14146.0,0.7706382978723404
14147.0,-1.295925925925926
14148.0,-1.1323076923076925
14149.0,-0.9040625
14150.0,-0.3581818181818181
14151.0,-1.2156097560975612
14152.0,-1.0476923076923077
14153.0,-1.2890476190476192
14154.0,-1.0815841584158414
14155.0,0.76
14156.0,-1.2002272727272727
14157.0,0.7215384615384616
14158.0,-1.137727272727273
14159.0,0.08236842105263156
14160.0,-1.2334210526315792
14161.0,-1.2096969696969697
14162.0,-1.1441666666666666
14163.0,-1.2399999999999998
14164.0,-1.2983333333333331
14165.0,-1.1001190476190477
14166.0,0.7706382978723403
14167.0,-1.136388888888889
14168.0,-1.151111111111111
14169.0,-1.20969696969697
14170.0,0.34522727272727266
14171.0,-0.44
14172.0,-0.5114285714285713
14173.0,-1.067731092436975
14174.0,-1.2002272727272731
14175.0,-1.1578688524590164
14176.0,0.7599999999999999
14177.0,-1.2525641025641026
14178.0,-1.0988235294117648
14179.0,-1.1782142857142859
14180.0,0.7706382978723403
14181.0,-1.0784146341463414
14182.0,-0.9175000000000001
14183.0,-1.0183333333333338
14184.0,0.7706382978723403
14185.0,-0.8987837837837839
14186.0,-1.210666666666667
14187.0,0.6287499999999999
14188.0,0.445185185185185
14189.0,-0.9538157894736842
14190.0,-1.1645283018867925
14191.0,-1.0583962264150941
14192.0,-1.0155102040816328
14193.0,-1.003586956521739
14194.0,-0.7272222222222225
14195.0,-1.1032812499999998
14196.0,-1.0073611111111112
14197.0,0.28343749999999995
14198.0,-0.4553846153846154
14199.0,-1.2132432432432434
14200.0,0.7483720930232558
14201.0,0.6855319148936169
14202.0,0.6553488372093024
14203.0,-1.0760655737704918
14204.0,0.6314285714285713
14205.0,-0.6469767441860466
14206.0,-1.2971428571428574
14207.0,-1.1758974358974357
14208.0,-1.0529251700680273
14209.0,-1.1416393442622952
14210.0,-0.3086274509803921
14211.0,-1.1684615384615389
14212.0,-0.5402857142857144
14213.0,0.004897959183673436
14214.0,-1.0606521739130435
14215.0,-1.0913861386138615
14216.0,-1.0457228915662649
14217.0,-0.946781609195402
14218.0,0.3155555555555555
14219.0,0.35803921568627445
14220.0,-0.47295454545454535
14221.0,-1.0155102040816328
14222.0,-1.0625
14223.0,-1.11012987012987
14224.0,-1.295925925925926
14225.0,-0.6469767441860466
14226.0,-0.9245238095238096
14227.0,0.7654347826086957
14228.0,-0.383809523809524
14229.0,-0.9743749999999999
14230.0,-1.1056249999999999
14231.0,0.7873913043478259
14232.0,-0.7650000000000003
14233.0,0.7706382978723403
14234.0,-1.0660869565217392
14235.0,-1.086354166666667
14236.0,-1.0543298969072163
14237.0,-0.655
14238.0,-1.145151515151515
14239.0,-0.8712500000000001
14240.0,0.07355932203389823
14241.0,-0.9011842105263157
14242.0,-1.120281690140845
14243.0,0.7706382978723404
14244.0,-0.15477272727272728
14245.0,-0.6469767441860464
14246.0,-1.0855882352941177
14247.0,-1.2703030303030303
14248.0,-1.0462015503875968
14249.0,-1.12175
14250.0,-0.40326530612244893
14251.0,-1.074090909090909
14252.0,0.7280851063829785
14253.0,0.7599999999999999
14254.0,0.7654347826086955
14255.0,-0.6695238095238099
14256.0,-1.1684615384615387
14257.0,-1.055
14258.0,0.05235294117647028
14259.0,-0.8574242424242424
14260.0,0.72875
14261.0,-1.0806194690265487
14262.0,-1.1581818181818182
14263.0,0.7280851063829787
14264.0,0.481590909090909
14265.0,-0.7558730158730158
14266.0,0.7706382978723404
14267.0,0.7706382978723403
14268.0,0.7543181818181818
14269.0,-1.2630434782608697
14270.0,-1.1149999999999998
14271.0,-1.3325925925925928
14272.0,-1.22125
14273.0,0.5404878048780487
14274.0,-1.0906944444444444
14275.0,-1.0585185185185186
14276.0,-1.1416393442622952
14277.0,-1.0733333333333335
14278.0,-0.66578125
14279.0,-0.7911363636363639
14280.0,0.4475
14281.0,-0.7554639175257732
14282.0,-0.15025641025641026
14283.0,-1.210666666666667
14284.0,0.7706382978723403
14285.0,0.7654347826086955
14286.0,-1.2790625
14287.0,-1.07258064516129
14288.0,-1.138636363636364
14289.0,-0.4124137931034484
14290.0,-1.262058823529412
14291.0,0.6506249999999999
14292.0,-1.2002272727272727
14293.0,-1.1379591836734693
14294.0,0.5180645161290323
14295.0,0.685531914893617
14296.0,-0.7248484848484847
14297.0,-1.1642105263157898
14298.0,-1.267368421052632
14299.0,-0.23166666666666674
14300.0,0.5153191489361701
14301.0,-1.1325000000000003
14302.0,-1.136825396825397
14303.0,-1.161296296296296
14304.0,-1.0606521739130432
14305.0,0.5822222222222222
14306.0,-1.22125
14307.0,-0.8184313725490195
14308.0,-1.050855263157895
14309.0,-1.0530434782608697
14310.0,-0.5047058823529412
14311.0,0.7654347826086955
14312.0,-1.0028865979381443
14313.0,-1.0923076923076924
14314.0,0.6086842105263157
14315.0,-1.0843877551020409
14316.0,-1.1345312499999998
14317.0,0.7706382978723403
14318.0,-1.2469444444444444
14319.0,0.29977272727272725
14320.0,-1.2620588235294117
14321.0,-1.2264285714285716
14322.0,-0.750879120879121
14323.0,-0.9717073170731708
14324.0,-1.0789423076923077
14325.0,-0.47015873015873
14326.0,0.7706382978723403
14327.0,0.7654347826086955
14328.0,-0.7605479452054795
14329.0,-1.126029411764706
14330.0,-1.2271794871794872
14331.0,-1.1626190476190477
14332.0,-1.1028048780487805
14333.0,-1.1070886075949369
14334.0,-1.1149999999999998
14335.0,-1.0385074626865671
14336.0,-0.2102380952380952
14337.0,0.7706382978723403
14338.0,-0.10363636363636365
14339.0,-1.1827083333333335
14340.0,0.15999999999999984
14341.0,-0.04232558139534881
14342.0,0.02388888888888884
14343.0,-0.8682467532467532
14344.0,-0.4316666666666668
14345.0,0.7706382978723404
14346.0,-0.8432608695652175
14347.0,-0.9226923076923077
14348.0,-1.2002272727272727
14349.0,-1.1494827586206895
14350.0,-1.307692307692308
14351.0,-0.17939393939393944
14352.0,-1.295925925925926
14353.0,-0.13655172413793112
14354.0,-1.4104545454545454
14355.0,0.7706382978723403
14356.0,-0.77125
14357.0,-1.1167123287671232
14358.0,-0.8986538461538462
14359.0,-0.8078571428571428
14360.0,-0.9763636363636362
14361.0,-1.2271794871794872
14362.0,-1.1807894736842104
14363.0,-1.375416666666667
14364.0,0.1634090909090909
14365.0,-0.6358333333333333
14366.0,-1.112093023255814
14367.0,0.7483720930232558
14368.0,-0.42627450980392156
14369.0,-1.0645967741935485
14370.0,-1.185
14371.0,-0.7348453608247422
14372.0,-1.082857142857143
14373.0,-1.3535
14374.0,-0.7015384615384616
14375.0,-0.052500000000000026
14376.0,-0.7165625
14377.0,0.7706382978723404
14378.0,-0.8770833333333335
14379.0,-0.7876190476190476
14380.0,-1.135
14381.0,-0.5186885245901639
14382.0,0.6553488372093023
14383.0,-0.6726923076923078
14384.0,-0.3820454545454545
14385.0,-0.9381132075471698
14386.0,-0.4676470588235295
14387.0,-0.7323076923076922
14388.0,0.15461538461538446
14389.0,-1.2194444444444443
14390.0,-1.1410416666666665
14391.0,-1.1379591836734693
14392.0,-0.018409090909090906
14393.0,-1.0349122807017543
14394.0,0.27562499999999995
14395.0,-1.0598360655737704
14396.0,-0.8309090909090909
14397.0,-1.144255319148936
14398.0,0.7706382978723403
14399.0,-0.20808510638297875
14400.0,-0.9364827586206897
14401.0,-1.1085897435897436
14402.0,-1.0789423076923077
14403.0,-1.3060869565217392
14404.0,-1.095
14405.0,0.7280851063829787
14406.0,-0.3945454545454545
14407.0,-1.1910869565217392
14408.0,-1.1085897435897434
14409.0,-1.24
14410.0,-1.1551785714285714
14411.0,0.26943396226415084
14412.0,0.7706382978723403
14413.0,-1.1032812499999998
14414.0,-1.158181818181818
14415.0,-1.129423076923077
14416.0,-0.32035714285714295
14417.0,0.3981578947368421
14418.0,0.7706382978723403
14419.0,-0.24892857142857155
14420.0,0.7706382978723404
14421.0,-1.2703030303030305
14422.0,0.7318181818181819
14423.0,0.5287499999999999
14424.0,0.6506249999999999
14425.0,-1.2264285714285716
14426.0,-1.2545000000000002
14427.0,-1.2429411764705887
14428.0,-0.9358333333333336
14429.0,-1.3457692307692308
14430.0,-1.191388888888889
14431.0,0.5192592592592592
14432.0,0.7654347826086955
14433.0,0.45354838709677414
14434.0,-1.1194642857142856
14435.0,-1.200227272727273
14436.0,0.7706382978723403
14437.0,-1.0853608247422681
14438.0,-0.9740425531914892
14439.0,-1.1041304347826086
14440.0,-1.2469444444444444
14441.0,0.6855319148936169
14442.0,-0.8330232558139535
14443.0,-0.8502941176470589
14444.0,-1.1787755102040818
14445.0,0.6266666666666667
14446.0,-1.375416666666667
14447.0,0.7599999999999999
14448.0,-1.1280597014925375
14449.0,0.6855319148936172
14450.0,0.6702564102564101
14451.0,0.7706382978723403
14452.0,-1.1350000000000005
14453.0,-0.34317460317460324
14454.0,-1.0512582781456954
14455.0,0.32756756756756755
14456.0,-1.095
14457.0,-0.5114285714285716
14458.0,-1.4166666666666667
14459.0,-0.35250000000000015
14460.0,-1.0296341463414636
14461.0,-1.095072463768116
14462.0,-1.1787755102040818
14463.0,-0.4824242424242425
14464.0,0.735609756097561
14465.0,0.7706382978723404
14466.0,-1.191086956521739
14467.0,0.31999999999999984
14468.0,0.6518918918918919
14469.0,-0.6388095238095239
14470.0,-1.1787755102040816
14471.0,-0.9275000000000002
14472.0,-1.1085897435897434
14473.0,-0.9105882352941179
14474.0,-0.5638636363636363
14475.0,0.76
14476.0,-1.2696153846153848
14477.0,-1.2630434782608697
14478.0,-1.0467484662576687
14479.0,-1.3654545454545457
14480.0,-1.3089655172413794
14481.0,-1.1368253968253967
14482.0,0.5499999999999999
14483.0,-0.7793258426966292
14484.0,0.7706382978723404
14485.0,-1.0755263157894737
14486.0,-0.4617741935483871
14487.0,0.7599999999999999
14488.0,-1.0843877551020409
14489.0,0.6429787234042552
14490.0,-1.1612962962962963
14491.0,0.7654347826086955
14492.0,-1.3076923076923077
14493.0,-1.2587500000000003
14494.0,-1.403
14495.0,-1.0983333333333332
14496.0,0.7706382978723404
14497.0,-0.7349999999999999
14498.0,-1.0073611111111112
14499.0,0.6690909090909091
14500.0,-0.6453030303030304
14501.0,-1.0622222222222222
14502.0,-0.9766071428571428
14503.0,0.7706382978723403
14504.0,-0.3851612903225808
14505.0,-1.0908695652173914
14506.0,0.6350000000000001
14507.0,-1.060555555555556
14508.0,0.7706382978723404
14509.0,-0.1626190476190476
14510.0,0.7706382978723404
14511.0,-0.4946296296296297
14512.0,-1.1492592592592592
14513.0,-1.018333333333334
14514.0,-1.023076923076923
14515.0,-1.092112676056338
14516.0,-1.1713725490196076
14517.0,-0.09897435897435902
14518.0,-0.813809523809524
14519.0,-0.495
14520.0,-1.2286363636363637
14521.0,0.3762790697674418
14522.0,-1.2469444444444444
14523.0,-1.055
14524.0,0.7654347826086957
14525.0,-0.19703125000000007
14526.0,-1.0140384615384617
14527.0,-1.4525000000000001
14528.0,-0.9221428571428572
14529.0,-1.203235294117647
14530.0,0.7599999999999999
14531.0,-1.3825000000000003
14532.0,-1.0798058252427183
14533.0,-1.215609756097561
14534.0,0.25999999999999995
14535.0,-1.0381651376146788
14536.0,-0.9758490566037735
14537.0,-0.8672727272727272
14538.0,-1.079824561403509
14539.0,-0.08416666666666688
14540.0,-1.0186377708978327
14541.0,0.6518918918918918
14542.0,-1.2406896551724136
14543.0,-1.0763095238095237
14544.0,-1.203235294117647
14545.0,-1.0733333333333337
14546.0,-1.1787755102040816
14547.0,-0.3375609756097561
14548.0,-1.342666666666667
14549.0,-1.0434682080924857
14550.0,0.4564285714285714
14551.0,-1.24
14552.0,-0.2694117647058823
14553.0,-1.0853608247422681
14554.0,-1.1494827586206895
14555.0,-1.2051162790697674
14556.0,-1.0622656250000002
14557.0,0.7706382978723403
14558.0,0.3453658536585366
14559.0,-1.0725892857142856
14560.0,-1.1133333333333333
14561.0,0.6613157894736841
14562.0,0.6189743589743589
14563.0,-0.977704918032787
14564.0,0.6784782608695651
14565.0,-1.375416666666667
14566.0,0.6266666666666667
14567.0,0.1574358974358974
14568.0,-0.631304347826087
14569.0,-1.015
14570.0,0.6868292682926829
14571.0,-1.231666666666667
14572.0,0.7280851063829787
14573.0,-1.233421052631579
14574.0,0.7280851063829785
14575.0,0.10146341463414632
14576.0,-1.0457692307692308
14577.0,-1.1868085106382977
14578.0,0.7706382978723403
14579.0,-1.210666666666667
14580.0,0.7654347826086955
14581.0,0.7706382978723403
14582.0,-1.210666666666667
14583.0,-1.0470175438596492
14584.0,-0.9146031746031746
14585.0,-1.2790625000000002
14586.0,0.6613157894736843
14587.0,-1.1184722222222223
14588.0,-1.4758823529411766
14589.0,-1.2745454545454549
14590.0,-0.9685294117647061
14591.0,0.29289473684210526
14592.0,0.7706382978723403
14593.0,-1.1645283018867922
14594.0,-0.7397872340425531
14595.0,-0.9309090909090915
14596.0,-1.233421052631579
14597.0,0.6784782608695652
14598.0,-0.32125
14599.0,-1.262058823529412
14600.0,-1.0441237113402062
14601.0,0.6796774193548386
14602.0,-0.6365517241379312
14603.0,0.7706382978723403
14604.0,0.6419444444444444
14605.0,0.37627906976744185
14606.0,0.7706382978723403
14607.0,-1.2983333333333333
14608.0,0.5045652173913043
14609.0,0.2088636363636363
14610.0,0.7706382978723403
14611.0,0.7706382978723403
14612.0,0.7706382978723404
14613.0,0.72875
14614.0,0.7155555555555556
14615.0,-0.2911363636363637
14616.0,-0.7830769230769234
14617.0,0.0019354838709676532
14618.0,-1.2469444444444444
14619.0,-0.24000000000000005
14620.0,-1.0636690647482019
14621.0,-1.1108333333333331
14622.0,-0.9991240875912408
14623.0,-0.5336507936507936
14624.0,0.6004255319148936
14625.0,-1.02125
14626.0,0.7706382978723403
14627.0,-0.6827083333333333
14628.0,-1.0183333333333338
14629.0,-1.1525396825396823
14630.0,-0.15891891891891893
14631.0,-1.0834343434343434
14632.0,-0.9963131313131313
14633.0,0.7139473684210526
14634.0,-0.46177419354838706
14635.0,0.3906818181818182
14636.0,-0.4010169491525423
14637.0,-0.255
14638.0,-0.7427272727272729
14639.0,-1.1184722222222223
14640.0,-1.0478531073446327
14641.0,0.7543181818181818
14642.0,-0.9853703703703703
14643.0,0.1184905660377358
14644.0,0.7706382978723403
14645.0,0.7155555555555555
14646.0,0.67875
14647.0,-1.1246153846153846
14648.0,0.7356097560975609
14649.0,-0.24892857142857155
14650.0,-0.9795833333333334
14651.0,-1.11
14652.0,0.7706382978723404
14653.0,-0.45794871794871783
14654.0,-0.5543939393939393
14655.0,0.7155555555555555
14656.0,-0.9733333333333333
14657.0,-1.0988235294117645
14658.0,-1.0638636363636365
14659.0,-0.9076829268292683
14660.0,0.7706382978723403
14661.0,-1.0161538461538464
14662.0,-0.2578571428571429
14663.0,0.7599999999999999
14664.0,0.7706382978723404
14665.0,-1.1712500000000001
14666.0,-0.7675000000000006
14667.0,-1.1713725490196079
14668.0,0.6429787234042553
14669.0,0.7706382978723403
14670.0,-1.3000000000000003
14671.0,0.7706382978723403
14672.0,-1.014615384615385
14673.0,0.41972222222222216
14674.0,0.5153191489361701
14675.0,-1.2790625000000002
14676.0,-1.2102380952380951
14677.0,-1.173888888888889
14678.0,-1.1391935483870967
14679.0,-1.0921126760563378
14680.0,-0.3212500000000001
14681.0,-1.083571428571429
14682.0,-1.0590298507462688
14683.0,-0.4440816326530613
14684.0,-0.5705084745762711
14685.0,-1.349130434782609
14686.0,-1.0512582781456954
14687.0,-1.1323076923076925
14688.0,-0.7218181818181817
14689.0,-0.599375
14690.0,-1.0740909090909092
14691.0,0.7139473684210526
14692.0,0.7654347826086955
14693.0,0.7219565217391303
14694.0,0.6314285714285713
14695.0,-1.175
14696.0,-1.24
14697.0,0.41384615384615386
14698.0,-0.8889473684210527
14699.0,-1.0951136363636365
14700.0,-1.0905434782608694
14701.0,-0.30862745098039224
14702.0,0.15062499999999998
14703.0,0.4507894736842105
14704.0,-1.1787755102040816
14705.0,-1.0927777777777776
14706.0,0.7706382978723404
14707.0,0.4422916666666667
14708.0,-0.7071052631578946
14709.0,0.11849056603773583
14710.0,-0.9094915254237287
14711.0,-0.9761111111111112
14712.0,-1.2469444444444444
14713.0,0.7706382978723403
14714.0,-0.3025
14715.0,-0.20808510638297867
14716.0,-1.2929166666666667
14717.0,0.47999999999999976
14718.0,-0.6481632653061224
14719.0,-1.0375
14720.0,0.7654347826086955
14721.0,-0.9996899224806202
14722.0,0.7155555555555555
14723.0,-1.233421052631579
14724.0,-1.22125
14725.0,0.48413793103448277
14726.0,-1.0086567164179103
14727.0,-1.1246153846153848
14728.0,-1.0570289855072463
14729.0,0.7654347826086957
14730.0,-1.0312946428571428
14731.0,-1.3361904761904764
14732.0,-1.1678846153846154
14733.0,0.6380487804878048
14734.0,-1.2200000000000002
14735.0,0.25999999999999995
14736.0,-0.9725581395348839
14737.0,-0.9309090909090915
14738.0,-1.1787755102040818
14739.0,0.7706382978723403
14740.0,0.6945238095238094
14741.0,0.40444444444444433
14742.0,0.7706382978723404
14743.0,-1.1070886075949364
14744.0,0.7599999999999999
14745.0,0.27874999999999994
14746.0,-0.5083823529411764
14747.0,0.7280851063829787
14748.0,-1.2696153846153848
14749.0,-1.1267924528301885
14750.0,-0.9176315789473681
14751.0,0.5153191489361701
14752.0,-1.0963218390804599
14753.0,-0.56
14754.0,-1.1612962962962965
14755.0,-1.0695454545454544
14756.0,-1.1441666666666666
14757.0,-1.070434782608696
14758.0,-1.2171875
14759.0,0.5992857142857142
14760.0,-0.7516666666666669
14761.0,-1.0307488986784141
14762.0,-1.1001190476190477
14763.0,-0.7656410256410257
14764.0,-0.570508474576271
14765.0,0.2448484848484848
14766.0,-1.1551785714285714
14767.0,-1.1267924528301887
14768.0,0.7600000000000002
14769.0,-1.2032352941176472
14770.0,-0.6108333333333333
14771.0,-1.1713725490196076
14772.0,0.7706382978723403
14773.0,-1.0873684210526318
14774.0,0.7599999999999999
14775.0,0.7654347826086955
14776.0,-0.5816666666666667
14777.0,-1.0789423076923077
14778.0,0.7706382978723403
14779.0,0.5480434782608695
14780.0,-1.3654545454545455
14781.0,-1.26304347826087
14782.0,-1.0645967741935487
14783.0,-1.1085897435897438
14784.0,0.7706382978723403
14785.0,0.3465384615384614
14786.0,-0.4084782608695652
14787.0,-0.255
14788.0,-1.2271794871794874
14789.0,0.47874999999999995
14790.0,-1.158181818181818
14791.0,-1.1868085106382977
14792.0,-1.0780952380952382
14793.0,-1.1015384615384614
14794.0,-1.1280597014925378
14795.0,-1.1626190476190477
14796.0,-1.1787755102040816
14797.0,0.7706382978723403
14798.0,0.1574358974358974
14799.0,0.4507894736842105
14800.0,-0.45052631578947366
14801.0,-0.8986538461538462
14802.0,-1.1391935483870965
14803.0,-0.7055172413793105
14804.0,0.7706382978723404
14805.0,0.5334374999999999
14806.0,-1.0695454545454544
14807.0,0.17071428571428568
14808.0,0.7706382978723404
14809.0,-0.4122972972972973
14810.0,-1.3089655172413797
14811.0,-1.1120930232558137
14812.0,0.5757142857142857
14813.0,-1.2542857142857144
14814.0,-0.015000000000000006
14815.0,0.7706382978723403
14816.0,-1.1713725490196076
14817.0,0.7706382978723403
14818.0,-1.2051162790697674
14819.0,-1.0780952380952382
14820.0,-1.403
14821.0,-0.5765384615384617
14822.0,-1.089462365591398
14823.0,0.6711111111111111
14824.0,0.7088636363636363
14825.0,-0.804655172413793
14826.0,0.7706382978723403
14827.0,-1.2163157894736845
14828.0,-1.0921126760563382
14829.0,-1.2745454545454546
14830.0,0.7706382978723403
14831.0,-1.233421052631579
14832.0,-1.0731250000000003
14833.0,0.3625641025641026
14834.0,-1.3089655172413797
14835.0,-1.0183333333333338
14836.0,-1.2102380952380951
14837.0,0.7706382978723404
14838.0,0.7706382978723403
14839.0,-0.37500000000000006
14840.0,0.34536585365853656
14841.0,-1.0746774193548387
14842.0,0.7706382978723403
14843.0,-1.0287700534759356
14844.0,0.6179545454545453
14845.0,-1.0577570093457942
14846.0,-0.6994117647058824
14847.0,0.7706382978723403
14848.0,-1.1827083333333333
14849.0,-1.1955555555555555
14850.0,-0.4790476190476192
14851.0,-0.5629166666666667
14852.0,0.7654347826086955
14853.0,-0.9576470588235293
14854.0,-1.3491304347826087
14855.0,-1.203235294117647
14856.0,0.7706382978723404
14857.0,-1.1678846153846154
14858.0,-1.3825000000000003
14859.0,-0.963809523809524
14860.0,0.5158139534883721
14861.0,-1.1581818181818182
14862.0,0.6004255319148936
14863.0,-1.0834343434343434
14864.0,-0.7920833333333336
14865.0,0.7654347826086955
14866.0,-0.5372972972972972
14867.0,-0.4349152542372882
14868.0,0.7706382978723403
14869.0,0.7706382978723403
14870.0,-0.349375
14871.0,-0.8674468085106383
14872.0,-1.4443750000000004
14873.0,0.36606060606060603
14874.0,-0.1833962264150943
14875.0,0.5623255813953488
14876.0,-1.118048780487805
14877.0,-0.9114285714285714
14878.0,0.618974358974359
14879.0,-1.175
14880.0,0.7219565217391305
14881.0,-1.2592592592592595
14882.0,-1.1323076923076922
14883.0,-1.1069354838709677
14884.0,0.7139473684210523
14885.0,-0.19081967213114756
14886.0,-0.2748
14887.0,-1.1368253968253967
14888.0,-0.5247222222222222
14889.0,0.7421428571428571
14890.0,0.7706382978723403
14891.0,0.2543181818181818
14892.0,-0.8736206896551721
14893.0,0.76
14894.0,0.7654347826086955
14895.0,0.7706382978723404
14896.0,-1.175
14897.0,-1.2754545454545456
14898.0,-0.9121311475409836
14899.0,-0.9743750000000001
14900.0,0.5742857142857142
14901.0,0.7155555555555555
14902.0,-1.3011764705882358
14903.0,0.2087179487179487
14904.0,-0.9290909090909096
14905.0,0.6784782608695651
14906.0,-1.0704347826086957
14907.0,-1.3535000000000001
14908.0,0.5742857142857142
14909.0,0.6974999999999999
14910.0,-0.4144186046511628
14911.0,-1.0457692307692308
14912.0,0.46930232558139534
14913.0,0.7155555555555555
14914.0,0.345
14915.0,0.3086111111111111
14916.0,-0.9619387755102042
14917.0,0.002424242424242346
14918.0,-1.1645283018867925
14919.0,0.5892682926829268
14920.0,0.6429787234042552
14921.0,-1.2754545454545454
14922.0,-1.1827083333333333
14923.0,0.7706382978723404
14924.0,0.5992857142857142
14925.0,0.7543181818181818
14926.0,-1.0553153153153154
14927.0,0.2543181818181818
14928.0,0.27874999999999994
14929.0,-1.1301515151515151
14930.0,-1.3325925925925928
14931.0,-0.9923529411764704
14932.0,0.7280851063829785
14933.0,-1.186808510638298
14934.0,-0.9736956521739132
14935.0,-0.47295454545454535
14936.0,-1.2163157894736845
14937.0,-1.2102380952380951
14938.0,0.7706382978723404
14939.0,-1.2156097560975612
14940.0,-0.27517241379310353
14941.0,0.004285714285714289
14942.0,0.7706382978723403
14943.0,-0.45759259259259266
14944.0,0.6314285714285715
14945.0,-0.3797058823529412
14946.0,-0.6036363636363636
14947.0,0.76
14948.0,0.7706382978723403
14949.0,-0.06065217391304348
14950.0,0.6179545454545454
14951.0,-1.1827083333333333
14952.0,-1.0622222222222224
14953.0,0.7706382978723403
14954.0,-1.0441666666666665
14955.0,-0.8217307692307692
14956.0,0.20117647058823526
14957.0,0.461086956521739
14958.0,-1.0677310924369747
14959.0,-1.1148484848484848
14960.0,-1.1421428571428571
14961.0,-1.2051162790697674
14962.0,-0.8292857142857144
14963.0,-1.24
14964.0,0.7706382978723403
14965.0,0.685531914893617
14966.0,0.7706382978723403
14967.0,-1.0073031026252983
14968.0,-1.3969230769230774
14969.0,-1.1400000000000001
14970.0,-1.2754545454545456
14971.0,-1.3726315789473686
14972.0,-1.0140860215053764
14973.0,-0.8078571428571429
14974.0,-0.415
14975.0,-1.0916483516483517
14976.0,-1.1167123287671232
14977.0,0.3890322580645161
14978.0,-0.9721428571428573
14979.0,0.6189743589743588
14980.0,-1.158181818181818
14981.0,-1.1645283018867925
14982.0,0.35959999999999986
14983.0,-1.2271794871794874
14984.0,-0.40287878787878795
14985.0,0.7706382978723403
14986.0,-1.1612962962962963
14987.0,-1.2288888888888891
14988.0,-0.9685714285714287
14989.0,0.7706382978723404
14990.0,0.6974999999999999
14991.0,-1.0183333333333338
14992.0,0.701860465116279
14993.0,0.7654347826086957
14994.0,0.5437837837837837
14995.0,-1.2508333333333335
14996.0,-1.3040000000000005
14997.0,-1.126029411764706
14998.0,-1.1955555555555557
14999.0,-0.9505555555555559
