0
142036
424270
877438
1204708
1665061
2403936
2814076
3105263
3627624
3911506
4396674
5263961
5440932
5787335
6246594
6731243
7174875
7407867
7821408
8380406
8798175
9074758
9396008
9639991
9961784
10730757
11168301
11747241
12464686
12776704
13121388
13633087
14410015
14804682
15455951
15835186
16346350
16572485
16703175
16942455
17112015
17277234
17564987
17952949
18103335
18326612
19624748
19448507
19631036
19731884
19736300
19975102
20172644
20307280
20475760
20876767
21401980
21786563
22197888
22679951
23283012
23547909
24020876
24314428
24475390
24640604
24811216
25026835
25150818
25462237
25867559
26172142
26671232
27047695
27653120
28341332
29187727
29779345
29961034
29966182
29969334
29983878
29994772
30146859
30587213
31256651
31521129
31841595
32014043
32320904
32411288
32485104
32519409
32629986
32746654
33140102
33255471
33811122
33875300
34390984
34566705
34685766
34731627
34703070
34785410
35093561
35252917
35811457
36016108
36344355
36797063
36853003
37033031
37152720
37812190
38028070
38422647
38422431
38422710
38422822
38286186
38737737
38938851
39145125
39207266
43186590
43217531
43520472
43620023
44160925
44195915
44275503
44327228
44399071
44462213
44520359
44576338
44614428
44694803
44726495
44953045
45144803
45468647
45688001
45895153
46456773
46847691
46931577
47023321
47175621
47262020
47443746
47535979
47632023
47722809
48038585
48165226
48407519
48616556
48844061
49122651
49437620
49574654
49678414
49820386
49982173
50234421
50313385
50400810
50426218
50442274
50477138
50557203
50556858
50759754
50839087
50921033
51133842
51463056
51599079
51901627
52159136
52539748
52734280
52993809
53430389
53897952
54406096
54563450
54615560
54699191
54745415
54778617
54921061
55059793
55087805
55157003
55623258
55996756
56031945
56158904
56582353
57005131
57038894
57032176
57442882
57530400
58055266
57939067
58043282
58204226
58292380
58629467
58504969
58607837
58733492
59124340
59822622
59958726
60051174
60122414
60161416
60348535
60385524
60963141
61888882
60951976
60994098
60786732
60790585
60792025
60794852
60798391
60798993
60801682
60804230
60806935
60807352
60811149
60812072
60814399
60813670
60816316
60820112
60819397
60823051
60823326
60825643
60825392
60826566
60827962
60829729
60831104
60830567
60831695
60832708
60834470
60836219
60839502
60839200
60841429
60842648
60843786
60843282
60844605
60844966
60847965
60848293
60850783
60851602
60852659
60853248
60854617
60857991
60859192
60858550
60860617
60861379
60862397
60861345
60862148
60863971
60864662
60865845
60865779
60865385
60866829
60865307
60868185
60871768
60870842
60874491
60874597
60873972
60874563
60876738
60876926
60875591
60879193
60878410
60878615
60878272
60880211
60880667
60883947
60885505
60884542
60883297
60884319
60888149
60887322
60886820
60887358
60888937
60889914
60889623
60890052
60891597
60892216
60892689
60895943
60896607
60898921
60899726
60898011
60897771
60897864
60897848
60902632
60901049
60901721
60901278
60902869
60903377
60904170
60904639
60906687
60907119
60909418
60909588
60910207
60910776
60911519
60909914
60915151
60911408
60913444
60913418
60913470
60914999
60915859
60918802
60919774
60919044
60920955
60921538
60921875
60922277
60921500
60921188
60923275
60923907
60923836
60923706
60925147
60926089
60925793
60928552
60928738
60930489
60931280
60931517
60932001
60930910
60930788
60936725
60937328
60932516
60934166
60935129
60934659
60934626
60934992
60939188
60939958
60939302
60940325
60940463
60941231
60941079
60941441
60946058
60940793
60942400
60941541
60948101
60948891
60949447
60949953
60953241
60948159
60949786
60950513
60948966
60949479
60949552
60956392
60957131
60957539
60958324
60958715
60952700
60954392
60953532
60955426
60958957
60958436
60958504
60964423
60964843
60965522
60966128
60966651
60967151
60967676
60968166
60961628
60963559
60964163
60964627
60965333
60972630
60965968
60966432
60967742
60967468
60967785
60968288
60970678
60971363
60971779
60972209
60972676
60971841
60971352
60979512
60980163
60983339
60983800
60984240
60976971
60978895
60976819
60979709
60979972
60980439
60981359
60981412
60982409
60982978
60983316
60983927
60984336
60987348
60987880
60987560
60987101
60987554
60988065
60988627
60988957
60990639
60991083
60991973
60992389
60992345
60999303
60999779
61000343
61003474
61004198
60996118
60996657
60998180
60998791
60999241
60999720
61000075
61000663
61000877
61001405
61001784
61002214
61002765
61003106
61003657
61006640
61006924
61005976
61006528
61007018
61007485
61007938
61008382
61008733
61010569
61011145
61011670
61012086
61011130
61011523
61011925
61015111
61015510
61025767
61025978
61026330
61026912
61027372
61027650
61028721
61019672
61029862
61029935
61020249
61020730
61021146
61021562
61026569
61035298
61035517
61026211
61026650
61027167
61028133
61028132
61028786
61030341
61030720
61031238
61031747
61032039
61032065
61032368
61032360
61035055
61036789
61035765
61037269
61037367
61047118
61047288
61038160
61039427
61039952
61040310
61039458
61040848
61039994
61039925
61051556
61052006
61055042
61055512
61055828
61046891
61047262
61047570
61046977
61048680
61058735
61047185
61049743
61050049
61050408
61049876
61051412
61061769
61064705
61065046
61065544
61066035
61066252
61054427
61067030
61055091
61056061
61056525
61058559
61056856
61057055
61059565
61060635
61060541
61061380
61064415
61063439
61076112
61076516
61076827
61077147
61065580
61067126
61078637
61068514
61067305
61069346
61067115
61068076
61070267
61070611
61070880
61073522
61074454
61074762
61075294
61075659
61076126
61076750
61077050
61077517
61077756
61078083
61078629
61077792
61078454
61077993
61078874
61082971
61081872
61095758
61096089
61082838
61083590
61085775
61084719
61084810
61087125
61087376
61087848
61088301
61086948
61089205
61089621
61090936
61092956
61093420
61093785
61094201
61094579
61107161
61096599
61107948
61095987
61096767
61095295
61109830
61110177
61110371
61096564
61096977
61102039
61102452
61102991
61103290
61103600
61104067
61104511
61104941
61105156
61105651
61106002
61107173
61107538
61106722
61107347
61107814
61111546
61110404
61125651
61126108
61111494
61112550
61114454
61112128
61114190
61114021
61114774
61115310
61115783
61117548
61115871
61131643
61131822
61119469
61120142
61119820
61122603
61123074
61123490
61123882
61123911
61123174
61125045
61125006
61123648
61124259
61139979
61124645
61125817
61125868
61130083
61129943
61145465
61131834
61132424
61132905
61131624
61133758
61131502
61134084
61134753
61134989
61133518
61135047
61133760
61151110
61135811
61135751
61140380
61140840
61141190
61141185
61141978
61141100
61141022
61142840
61142229
61142696
61144160
61143003
61143703
61143899
61160713
61144220
61147944
61149848
61150336
61150737
61150592
61150972
61149821
61150360
61152524
61153114
61153515
61153959
61154253
61153454
61153898
61155343
61157012
61159688
61175970
61176113
61176463
61161054
61159803
61160177
61162335
61161674
61178782
61161505
61179693
61164285
61164731
61165066
61164496
61165325
61169181
61167897
61186292
61168865
61169209
61171043
61171561
61171263
61172240
61171376
61172008
61172939
61172822
61172806
61191304
61191632
61173547
61178831
61177687
61179793
61179417
61180055
61180420
61179505
61180253
61180778
61181911
61199570
61199796
61200203
61183590
61184080
61184337
61184511
61186837
61188135
61186950
61206525
61187377
61188659
61207572
61190822
61191128
61191644
61190627
61191235
61191863
61192958
61211366
61211656
61195073
61196233
61196766
61196633
61196888
61197084
61217140
61198463
61200144
61200607
61201068
61200382
61201064
61200870
61220961
61220998
61201393
61206581
61224406
61206755
61207478
61225899
61206229
61207034
61208815
61209284
61209866
61208973
61210031
61210811
61229602
61212764
61213128
61213973
61215363
61216210
61217640
61217646
61237313
61237445
61217896
61219502
61219873
61220173
61220727
61219870
61220495
61220921
61222290
61222319
61220830
61225933
61225835
61225488
61246746
61227268
61226034
61228569
61229050
61229530
61228969
61249731
61228972
61231315
61231587
61232095
61231123
61231440
61235747
61255760
61234258
61236807
61237309
61237721
61237355
61237973
61237418
61238111
61239278
61260199
61260242
61240650
61241141
61241513
61241891
61243802
61245082
61244610
61244957
61267092
61267252
61246204
61245800
61248396
61246683
61249132
61248370
61249686
61250021
61250942
61250800
61272109
61253245
61254954
61255465
61255834
61255424
61254994
61256358
61277966
61255403
61258091
61258465
61258808
61259639
61258412
61258907
61260775
61282246
61263793
61263555
61264577
61264931
61265204
61264583
61265074
61266429
61288733
61266806
61267440
61267797
61267006
61267768
61268296
61269449
61292065
61294773
61271448
61273639
61274143
61273361
61274133
61273908
61299015
61275616
61275960
61278068
61278752
61277724
61300830
61278481
61278475
61278558
61282999
61283644
61283977
61283397
61284421
61285401
61308338
61284299
61286820
61287338
61287614
61287563
61286892
61287997
61288847
61312248
61287810
61293022
61293524
61293854
61294109
61293336
61294891
61293701
61295222
61295567
61295535
61296605
61296985
61320860
61296037
61298616
61298411
61298804
61300826
61302585
61301205
61301485
61301677
61304136
61304602
61304900
61304180
61305693
61329884
61329920
61306924
61305324
61307351
61306733
61307310
61309752
61335626
61310138
61311024
61313167
61313412
61312481
61313164
61312994
61338787
61339151
61315588
61315892
61315374
61314894
61317480
61317890
61319578
61321119
61322887
61319503
61322001
61321974
61321443
61348005
61322577
61323893
61324636
61323252
61349685
61325664
61325903
61326318
61325642
61352215
61330540
61329578
61331221
61329909
61356664
61332237
61357344
61331380
61331971
61332015
61359052
61334543
61334866
61335215
61334581
61335222
61335000
61364976
61338216
61338943
61340889
61341325
61341238
61340723
61340722
61368355
61342594
61341805
61343882
61344213
61343582
61344848
61372430
61344878
61350053
61350536
61350719
61349900
61351205
61350595
61378521
61353051
61353848
61352554
61353755
61352836
61380726
61355067
61354847
61354674
61355367
61357796
61358267
61358033
61360668
61360776
61360115
61360805
61388805
61362545
61361830
61389894
61361646
61364239
61362647
61364516
61364143
61392508
61366498
61368958
61369536
61368624
61370265
61397884
61368971
61371529
61371986
61372052
61399782
61371370
61373448
61373822
61372916
61373461
61373051
61405074
61376858
61378670
61378984
61378321
61379950
61407910
61408094
61379488
61381419
61381674
61380959
61382711
61381290
61410998
61382516
61384183
61387359
61386171
61387884
61416500
61386678
61386699
61389137
61388562
61389704
61389982
61388550
61391316
61391106
61392199
61391384
61393136
61391166
61424576
61396632
61395752
61397291
61426621
61396855
61398998
61398744
61399540
61398943
61400305
61400091
61429492
61401357
61399888
61401987
61401326
61404645
61404447
61435200
61406328
61404812
61407500
61407944
61407950
61408310
61437985
61409596
61409247
61409879
61409474
61440184
61409461
61411880
61441142
61414928
61414329
61414741
61446103
61414746
61417318
61417638
61417997
61417298
61417659
61449179
61417648
61420161
61420406
61420881
61419017
61420012
61422762
61454726
61423542
61424128
61426135
61426782
61428380
61458696
61429137
61429570
61428727
61430103
61460830
61429358
61431450
61431755
61431042
61434941
61465369
61433689
61435167
61435028
61433915
61434835
61465427
61433740
61435448
61434312
61433838
61433016
61435173
61435103
61434006
61434854
61465553
61435322
61435449
61435233
61434177
61435524
61435434
61435417
61478965
61447678
61447675
61450480
61450614
61449776
61450675
61449129
61481554
61450131
61449857
61451484
61450401
61451915
61482349
61449912
61451678
61452210
61452176
61450861
61451624
61450814
61482728
61452486
61450786
61450438
61452729
61452677
61451673
61452739
61483350
61451060
61453109
61452443
61451849
61452920
61452882
61483205
61451492
61452981
61452932
61483416
61453197
61483733
61453320
61451632
61453280
61452244
61451904
61483880
61452378
61453812
61452600
61453820
61452057
61454303
61454402
61454202
61453142
61454072
61484724
61452911
61453279
61484620
61452911
61454568
61454498
61453415
61453327
61485076
61453439
61484852
61453206
61484852
61453177
61454546
61454825
61453372
61454292
61485071
61453210
61453170
61454704
61454431
61454747
61453596
61454691
61485553
61452907
61455163
61455018
61454985
61485488
61455303
61455181
61453852
61453664
61453422
61455552
61485707
61456203
61454852
61486382
61454414
61455902
61455825
61454923
61455771
61486534
61454477
61456054
61455095
61454600
61486605
61456481
61455866
61455218
61456658
61487157
61456525
61456608
61455458
61456477
61456557
61458450
61458362
61457365
61458162
61488751
61458592
61458474
61457433
61458391
61489230
61456850
61458775
61458827
61457549
61458425
61489014
61458944
61458969
61457908
61457545
61459158
61457703
61459379
61489741
61459230
61458505
61459203
61457940
61458905
61489388
61457059
61459275
61458869
61458080
61459125
61489585
61459305
61458283
61489785
61457966
61459104
61459241
61489589
61458816
61459516
61459324
61489952
61457395
61489523
61459414
61458761
61457712
61489702
61459586
61459495
61459401
61458363
61459160
61490011
61459847
61489919
61459528
61458453
61458110
61457666
61459854
61459704
61459604
61459912
61460063
61490434
61457981
61459950
61458717
61459005
61460053
61460078
61458951
61459059
61490589
61460254
61460241
61460216
61459270
61458742
61490720
61490589
61460484
61460240
61459355
61460005
61490653
61460401
61460098
61460585
61459263
61458794
61490711
61460678
61461196
61459590
61459073
61462502
61491005
61460942
61460741
61459186
61461038
61461297
61491529
61459991
61461288
61461159
61460111
61461356
61491831
61461352
61459318
61461416
61461265
61460219
61460889
61491972
61460830
61461637
61460215
61461316
61492103
61460492
61461819
61461719
61460585
61461624
61460716
61461757
61461632
61461825
61461704
61459992
61461811
61460554
61461994
61461653
61462301
61462108
61461127
61462165
61492747
61462554
61462517
61461607
61461665
61492895
61460527
61462565
61462297
61461340
61462137
61492865
61461480
61461905
61462565
61461664
61493143
61461437
61462894
61462828
61462599
61460975
61463091
61463089
61461849
61462820
61493575
61461979
61463354
61463268
61493775
61463451
61465293
61463992
61465590
61495461
61465312
61465299
61464108
61465571
61495898
61464682
61465462
61465341
61464364
61463820
61495761
61465493
61465466
61464107
61465688
61465420
61463926
61463782
61465849
61465736
61465555
61464472
61464018
61465739
61465858
61465344
61496573
61464546
61466073
61465910
61464984
61464395
61496395
61466228
61464312
61465304
61496485
61464755
61466137
61464856
61466422
61464877
61464614
61466097
61464994
61466364
61496665
61466484
61466296
61464903
61466101
61465569
61465146
61464409
61466461
61466285
61465223
61466454
61497036
61465230
61466650
61466489
61465437
61466367
61496988
61466561
61466497
61465206
61466892
61464957
61496841
61466667
61466630
61496953
61466875
61466697
61465669
61497126
61466929
61466454
61465792
61466654
61497165
61465323
61466570
61466885
61465973
61464853
61467285
61465099
61467332
61467043
61466376
61466811
61465333
61465378
61465876
61467152
61467205
61466224
61466984
61497602
61467028
61467437
61465988
61467157
61465641
61467659
61465641
61467538
61466367
61466389
61498023
61467803
61467234
61467810
61467742
61498257
61466465
61468179
61466799
61468281
61467678
61466968
61468271
61467237
61468130
61466249
61468536
61468815
61467362
61468248
61468544
61467078
61467450
61499042
61467013
61468311
61468743
61468521
61466699
61467527
61468817
61468147
61467054
61468170
61468783
61467759
61468676
61499207
61468911
61469015
61499447
61469216
61469095
61468114
61469007
61499519
61467724
61469411
61469164
61468207
61469151
61499735
61468252
61469566
61468463
61500017
61467594
61469782
61469364
61468232
61469680
61500066
61469823
61469681
61469632
61500078
61468789
61500360
61470047
61469832
61468975
61469714
61500477
61470233
61470029
61468765
61468914
61500556
61468951
61470248
61468898
61470359
61500467
61470437
61470076
61470143
61470430
61468340
61470686
61472286
61470753
61470412
61472658
61472325
61471197
61502855
61470437
61472646
61472097
61472397
61472971
61502918
61472875
61472983
61471809
61473372
61471697
61503355
61473207
61473238
61471842
61472936
61503410
61473251
61473204
61472067
61472860
61503390
61473211
61473187
61471742
61472935
61503554
61473433
61473085
61471876
61472882
61503600
61503537
61472881
61471924
61503714
61473229
61471732
61471871
61503707
61473230
61471561
61471844
61471055
61473338
61472030
61473073
61503590
61473281
61472192
61471693
61473563
61472889
61504109
61473630
61472786
61473572
61472407
61473402
61504017
61472156
61473023
61503933
61472540
61472057
61503909
61473873
61473686
61472494
61472550
61504607
61471969
61472423
61474131
61474034
61473493
61472458
61504629
61472928
61474327
61474148
61473095
61472551
61504551
61504747
61474419
61473033
61474244
61504954
61474739
61473797
61473196
61473351
61505191
61473408
61474807
61473376
61475082
61505260
61473522
61474987
61474836
61474861
61474140
61505124
61475008
61474900
61473831
61505399
61475181
61473941
61474789
61505568
61473677
61475268
61505765
61475540
61505715
61475431
61475213
61474387
61473642
61473762
61475638
61475574
61474287
61475464
61505968
61475788
61475748
61474467
61475832
61506230
61475972
61475911
61474681
61474035
61506227
61475991
61474440
61475935
61475640
61475896
61474572
61473822
61475966
61475749
61474768
61506256
61474763
61475958
61474683
61475672
61506403
61474488
61475878
61474758
61476112
61475984
61475985
61475957
61474709
61474381
61506653
61476197
61475647
61476312
61475960
61476447
61476068
61476012
61476290
61475318
61506876
61476572
61476487
61475127
61476562
61475503
61507095
61476736
61474551
61476809
61475962
61475369
61475099
61477164
61477224
61476219
61507411
61475112
61477099
61475732
61477036
61507382
61477158
61475799
61475943
61507682
61477334
61477315
61476147
61477142
61507871
61476128
61507966
61476593
61476152
61508022
61477906
61477866
61476499
61478072
61508282
61478024
61477925
61476801
61477852
61508487
61476545
61480023
61510338
61479846
61510382
61480226
61480212
61480125
61478930
61480389
61479248
61478755
61478385
61480710
61480591
61479443
61479032
61511003
61480793
61479440
61478687
61480875
61480703
61480996
61511218
61479429
61480907
61479524
61480543
61479124
61480683
61479720
61478451
61511459
61480961
61479763
61480734
61479585
61481100
61480832
61481112
61511347
61479555
61480265
61480910
61479363
61478919
61481059
61479709
61479663
61511552
61479133
61481027
61479866
61479322
61479083
61480984
61479863
61479951
61511375
61481235
61481487
61480048
61480855
61511496
61481511
61481393
61479608
61479958
61481342
61480331
61511896
61479384
61481575
61481279
61481669
61511901
61479965
61481604
61480317
61480366
61511917
61481783
61479367
61480289
61479978
61480267
61480780
61480496
61481368
61481298
61480191
61482202
61481894
61480582
61512118
61481983
61482283
61481338
61480470
61512336
61480764
61482137
61480880
61482019
61512619
61482388
61482304
61481280
61480862
61480582
61482743
61482448
61482428
61481046
61481531
61482705
61481530
61513160
61482866
61481657
61482704
61513428
61481749
61483378
61481923
61513584
61482077
61513905
61481794
61482838
61482293
61513872
61483584
61483408
61482260
61482193
61513939
61483703
61483696
61481835
61483321
61513646
61483491
61483237
61482269
61513766
61483605
61483188
61483448
61483599
61481444
61483536
61483405
61482424
61514106
61482176
61483569
61482415
61483855
61514098
61482288
61483060
61482579
61483664
61513984
61483909
61483882
61482762
61481688
61514504
61484084
61483942
61484096
61482884
61482716
61484028
61483099
61514693
61483118
61484295
61483085
61484265
61515204
61484131
61516037
61484663
61516236
61486192
61484952
61516633
61486211
61486539
61485790
61516762
61486433
61486465
61486739
61516901
61516905
61487117
61486963
61516858
61486815
61486578
61486920
61517264
61485250
61486835
61485776
61486618
61517232
61487148
61485774
61486889
61485097
61487121
61485493
61487359
61487136
61487430
61517469
61486872
61486011
61517482
61487370
61487123
61486969
61485453
61487292
61486114
61485659
61485403
61487393
61486372
61485722
61487601
61487637
61486837
61517735
61487647
61487475
61487765
61517839
61487734
61487500
61517976
61487448
61487345
61485584
61487553
61486440
61487557
61486261
61487081
61487973
61486710
61488854
61520791
61489051
61488750
61520332
61489082
61520685
61490010
61490374
61490071
61488330
61490272
61489021
61489362
61521006
61490711
61490798
61489606
61521213
61490743
61489294
61491230
61521290
61491062
61489720
61489302
61490235
61490967
61489800
61489521
61521361
61491161
61489877
61489384
61489920
61491070
61489957
61489270
61489407
61491157
61491087
61491244
61521492
61491261
61489987
61490043
61521857
61491241
61491182
61521768
61491300
61490273
61491611
61521731
61491357
61490342
61491486
61522193
61491583
61522297
61491626
61490411
61489969
61491709
61491451
61490416
61522161
61491611
61491804
61490691
61522251
61492023
61491929
61491775
61489939
61492106
61490795
61490326
61490595
61491776
61492280
61490690
61491007
61492359
61492535
61491592
61494196
61523055
61492635
61492899
61492479
61491922
61492635
61490445
61522974
61492559
61491754
61491063
61492675
61492947
61492976
61491944
61523176
61493173
61492504
61523519
61493157
61492914
61493419
61493307
61492129
61491674
61491493
61523716
61493245
61492620
61523781
61493484
61493448
61493678
61491605
61492935
61492492
61492576
61493890
61492398
61492690
61493861
61493784
61493681
61494145
61494024
61493873
61492075
61494191
61493068
61524808
61494342
61494343
61494108
61493686
61494493
61494379
61492795
61494521
61493225
61524769
61494475
61492934
61492773
61494455
61494247
61493711
61492451
61524718
61494749
61492669
61494025
61494753
61492841
61493435
61494141
61493749
61494209
61494843
61493795
61493515
61494397
61525369
61495092
61493862
61493339
61495187
61493785
61494764
61494525
61494761
61495092
61493005
61494947
61493964
61525491
61495132
61495100
61495404
61525571
61495332
61495115
61494687
61525864
61495401
61495246
61494159
61525677
61495337
61494790
61493365
61495253
61525909
61494073
61495314
61525794
61495213
61494124
61525390
61495186
61493878
61525665
61495282
61493761
61494027
61525773
61495512
61495371
61525889
61495585
61494499
61525938
61495654
61495447
61494241
61495736
61495427
61495238
61493542
61493642
61494545
61495809
61495026
61495703
61526139
61495750
61495558
61494855
61495931
61495367
61526547
61496167
61494636
61495283
61495408
61496188
61495413
61494872
61494585
61495928
61496126
61526653
61496848
61496283
61494491
61496512
61495433
61527275
61495256
61496679
61495784
61496645
61495504
61527033
61494873
61496533
61494946
61496784
61496574
61496805
61494812
61496895
61495675
61495265
61494968
61497040
61495822
61527670
61497215
61497061
61497341
61527582
61497209
61495616
61495530
61496042
61497292
61495963
61527263
61495930
61495248
61496651
61499508
61497940
61498421
61499582
61499438
61530073
61497792
61498718
61530262
61500026
61498652
61499617
61498805
61499809
61500082
61497996
61499955
61498883
61530427
61500089
61500046
61500227
61530454
61500268
61500072
61498596
61499659
61500447
61498899
61498649
61499038
61499914
61499171
61530942
61500605
61500329
61500467
61530873
61500535
61500886
61499518
61531025
61500564
61500491
61500651
61530950
61500746
61500639
61500724
61498614
61500610
61499470
61500434
61530924
61500439
61500540
61498864
61500716
61531096
61500780
61499523
61530978
61500681
61499064
61499514
61500855
61499399
61499538
61500872
61498745
61530998
61500609
61500928
61501031
61500809
61531530
61500979
61500746
61499050
61501279
61500019
61499475
61499678
61531655
61500163
61531780
61499666
61501268
61531883
61501574
61501497
61501016
61532131
61501809
61501668
61500776
61532233
61501954
61501853
61502114
61532354
61502124
61500658
61500333
61500804
61502056
61500953
61532678
61500585
61502135
61500944
61500554
61500492
61502179
61501182
61502212
61532654
61502142
61501168
61502165
61532426
61501240
61501643
61502353
61532746
61532600
61502774
61502698
61533074
61502461
61502259
61502753
61502653
61501529
61501034
61533033
61502734
61502699
61500907
61503102
61501790
61501294
61502329
61503130
61502419
61533554
61503110
61502038
61502431
61502553
61502754
61533665
61533352
61502444
61501780
61503289
61502114
61533918
61503463
61502442
61533974
61503503
61502108
61533899
61503530
61502362
61503180
61503582
61502266
61502563
61534120
61503990
61502586
61503841
61503681
61503876
61502286
61504210
61502763
61503476
61534768
61504306
61503024
61504090
61534691
61504440
61504646
61502532
61504773
61503998
61535162
61504889
61504703
61504556
61534974
61504905
61503579
61502870
61502630
61504689
61504620
61502975
61505151
61503751
61503432
61505182
61505081
61505252
61503159
61502970
61503769
61535633
61505276
61503284
61504021
61505201
61505090
61505496
61503266
61505331
61505279
61535694
61504567
61504390
61503631
61505492
61504280
61505211
61505561
61504537
61536101
61505781
61505477
61503832
61505597
61505019
61504432
61504677
61504229
61505752
61505082
61504511
61506120
61504218
61506094
61536364
61505978
61505690
61506177
61506096
61505587
61536683
61506329
61506184
61505125
61505895
61506259
61505077
61504680
61504658
61506856
61505394
61537201
61506558
61506545
61506485
61536997
61505909
61505877
61506708
61505571
61505051
61505118
61506666
61506912
61537139
61506788
61506789
61537098
61504947
61506927
61506555
61505654
61506771
61507071
61505115
61507060
61507065
61537608
61507050
61506374
61537601
61507365
61507094
61507087
61505233
61507144
61507255
61506482
61537798
61507409
61507424
61505930
61506401
61508212
61507467
61506915
61506529
61538135
61507868
61507743
61537980
61507749
61508003
61538244
61507983
61506886
61538662
61506623
61507311
61538560
61508219
61506941
61506782
61511248
61510871
61509919
61510913
61510851
61511186
61511130
61510945
61509333
61511436
61510186
61541930
61511709
61511366
61511509
61541739
61511615
61510943
61542063
61510158
61511022
61511073
61541822
61512018
61542229
61511964
61541595
61542112
61511483
61511508
61509586
61510587
61511412
61511596
61542239
61512143
61511780
61542590
61512098
61511084
61512093
61510544
61510758
61512714
61512086
61512332
61511546
61542743
61512534
61542427
61512502
61512641
61511322
61510976
61512757
61512672
61511805
61543113
61513027
61511613
61543367
61510832
61512789
61543485
61512907
61511671
61512481
61543330
61511493
61543181
61512945
61512017
61543099
61512863
61511582
61511205
61510680
61511600
61543336
61513031
61512345
61512417
61512597
61512020
61512094
61543564
61513217
61543633
61512997
61513535
61521663
61512700
61513567
61515086
61513805
61514376
61515084
61514142
61514348
61515305
61513729
61515659
61515306
61513478
61515547
61515673
61514375
61516012
61515242
61514189
61515666
61515694
61515757
61514332
61514481
61513796
61515775
61515991
61513919
61515813
61514775
61546370
61516271
61514354
61514961
61514057
61516176
61515329
61546343
61516088
61514810
61514461
61516184
61516184
61515031
61546573
61516264
61515007
61546639
61516111
61546682
61516495
61515016
61515000
61516402
61516147
61515769
61516855
61515430
61516505
61546872
61515253
61547147
61516633
61546964
61516375
61516688
61516746
61516772
61516568
61516835
61514865
61517097
61516060
61515098
61517043
61516050
61547669
61517307
61517205
61517319
61547498
61517192
61516052
61547783
61517456
61517117
61547435
61517354
61516299
61516547
61516872
61516337
61515508
61517645
61517330
61515837
61518213
61516273
61516575
61517880
61548533
61517904
61516667
61516284
61517739
61518089
61516427
61516480
61517933
61517693
61517914
61518161
61548552
61518343
61516837
61548510
61518324
61548310
61548929
61518475
61516285
61517700
61548666
61548647
61517185
61548796
61518407
61517243
61517640
61516554
61517235
61518470
61517100
61549018
61548698
61518502
61518326
61516901
61518031
61516502
61518492
61517352
61516855
61517295
61518083
61517854
61518666
61516966
61518794
61517476
61549380
61517883
61517617
61516788
61518697
61517191
61517483
61519250
61518976
61517618
61518072
61549722
61519332
61518697
61549904
61519593
61518342
61550079
61519669
61519523
61519705
61519000
61518739
61519003
61549838
61519584
61549759
61518245
61519757
61519015
61519665
61519520
61550004
61519310
61517813
61519949
61518819
61518449
61520257
61519967
61520097
61518086
61520130
61518846
61550617
61520325
61520050
61550351
61550410
61520104
61519821
61519043
61520344
61520220
61518194
61519165
61550746
61520572
61519189
61550858
61520459
61519195
61519151
61518899
61520092
61520624
61518704
61520704
61520801
61518783
61519538
61551421
61521065
61520770
61520650
61519525
61521019
61520692
61519506
61521123
61521078
61551701
61521355
61520026
61551821
61521591
61521510
61519749
61521723
61551808
61519740
61520896
61521801
61551784
61521416
61522045
61519626
61521589
61521394
61521926
61521701
61521541
61551943
61520543
61552227
61521847
61519485
61552150
61520743
61552534
61522055
61522057
61520524
61522199
61520959
61520760
61522466
61522304
61521203
61521871
61522109
61552664
61522398
61524584
61524629
61525673
61524397
61525863
61525694
61556349
61525942
61525659
61526150
61524301
61526391
61525286
61526463
61525327
61526031
61526476
61525045
61556679
61526661
61525579
61557543
61526986
61525955
61524917
61525865
61525053
61526570
61525967
61557448
61557044
61525793
61557551
61527135
61527048
61526757
61527303
61557325
61527259
61527274
61526331
61557612
61527211
61525576
61527363
61527239
61527263
61525604
61527539
61526460
61526181
61527656
61526925
61525612
61527828
61526660
61525876
61527056
61527124
61558299
61527988
61526792
61558494
61526264
61527785
61525586
61558238
61527695
61527449
61525995
61525997
61527897
61527977
61558386
61527437
61528145
61528014
61527390
61527700
61528137
61528241
61526610
61528332
61528153
61526603
61527204
61528429
61527414
61526492
61528448
61527754
61558789
61528600
61527401
61558977
61528646
61527386
61559103
61526980
61528457
61528703
61526763
61528678
61528810
61528524
61528526
61559130
61528322
61527555
61526757
61528648
61528952
61559136
61528853
61528797
61528776
61527008
61529062
61528406
61530741
61527551
61528667
61529074
61529520
61527857
61529430
61528073
61529654
61559985
61560322
61530220
61529767
61528698
61560584
61530173
61529496
61560567
61530433
61528977
61560230
61530138
61529045
61560229
61529017
61528212
61530124
61530192
61528963
61527890
61529369
61530240
61530302
61530100
61529257
61530459
61529061
61528271
61530188
61530538
61532052
61528392
61529151
61560676
61530536
61529441
61560682
61530574
61529194
61561115
61530574
61529815
61530573
61530329
61561138
61530627
61530380
61530301
61561009
61530401
61528604
61530133
61529399
61529492
61530739
61530482
61528899
61530977
61529884
61529862
61531023
61530838
61531202
61531084
61530985
61529502
61531121
61531361
61530491
61531296
61530995
61530159
61531207
61561655
61530231
61529324
61531311
61529628
61561663
61530105
61531432
61531080
61531400
61530672
61530224
61531331
61561894
61531494
61529788
61531743
61530277
61531300
61530283
61531379
61531214
61530019
61531430
61529928
61531575
61531454
61531259
61530406
61531518
61531433
61530881
61531502
61530813
61529900
61530240
61530096
61531788
61530243
61529990
61531716
61531664
61531400
61531809
61532331
61531995
61530875
61531281
61530978
61562240
61532108
61530814
61562320
61531958
61530824
61562341
61532054
61532097
61531919
61532222
61532233
61562456
61532416
61530680
61562675
61531313
61532343
61532487
61562937
61532425
61562734
61531364
61562760
61532474
61531433
61562838
61532717
61532438
61532267
61530893
61531042
61562705
61532566
61531210
61530579
61562851
61532771
61532736
61531326
61562719
61531548
61530774
61532883
61531763
61530866
61532886
61532865
61532561
61533117
61532873
61532681
61531903
61533535
61532825
61531975
61532972
61533086
61563490
61533379
61532945
61531654
61563631
61532003
61533231
61533033
61533391
61533322
61531895
61531831
61533281
61533553
61533704
61531635
61533058
61533738
61531567
61533611
61532900
61563777
61533803
61533685
61533965
61532736
61533770
61533610
61533253
61533872
61533610
61533995
61533935
61532191
61534115
61532714
61532440
61534262
61532738
61532536
61534160
61534093
61534207
61564670
61534407
61533113
61564567
61534445
61533291
61564974
61534698
61534581
61565106
61533285
61535006
61565193
61534925
61533695
61565215
61533471
61532831
61534828
61534572
61533134
61534830
61565382
61535077
61534905
61533225
61535026
61534935
61565528
61534260
61533367
61535391
61534956
61535362
61535172
61535111
61533305
61535261
61565473
61533803
61535371
61535669
61537166
61535615
61535484
61535768
61535712
61535595
61533780
61534696
61566079
61536058
61534965
61533973
61536055
61535884
61534022
61535533
61536056
61536103
61539749
61570003
61539828
61539299
61537945
61539832
61538235
61538363
61539966
61539921
61538742
61540318
61539034
61538199
61539822
61539628
61538305
61539707
61540456
61541953
61540391
61540248
61538501
61540819
61539788
61538731
61539127
61540041
61540309
61538743
61540270
61540075
61538728
61540245
61538420
61540476
61540772
61539724
61538741
61540762
61539232
61539726
61541026
61539793
61571209
61571641
61539896
61539677
61541058
61540893
61541285
61541700
61540910
61539385
61541381
61571774
61539263
61540339
61541420
61539731
61541295
61541489
61572200
61541643
61540389
61571957
61541646
61540475
61572214
61540233
61541638
61541539
61541014
61541603
61541491
61540158
61541819
61540699
61572404
61541932
61540771
61572147
61542100
61540894
61572422
61542226
61540873
61540821
61542244
61572531
61542074
61541798
61540132
61542249
61540454
61542244
61540795
61572537
61542073
61540963
61540701
61540952
61540929
61572880
61540763
61572561
61542493
61542443
61541234
61573054
61542692
61541237
61544245
61572775
61541590
61540880
61543099
61542594
61542058
61540898
61541533
61540851
61542827
61542889
61543178
61542910
61541608
61541570
61541726
61573614
61543250
61543040
61573250
61543048
61542703
61541079
61543028
61542892
61541868
61543076
61542772
61541199
61542830
61542025
61543301
61541750
61543597
61543475
61541803
61543494
61543710
61543216
61543605
61543212
61543388
61543487
61543423
61542117
61542327
61574095
61543731
61542576
61543829
61574310
61543847
61574512
61544081
61543946
61543754
61542034
61543965
61543811
61574358
61543983
61543423
61574636
61544222
61543072
61543621
61544646
61576038
61546011
61545018
61576503
61546305
61546358
61546354
61546554
61546436
61546190
61576847
61545868
61545602
61577172
61546948
61546833
61547028
61545058
61577471
61545580
61577260
61546604
61545973
61545804
61546498
61546058
61546640
61577700
61547234
61546982
61545797
61547347
61546407
61577661
61547429
61547346
61546246
61545390
61545998
61545786
61546312
61547349
61547264
61546787
61547555
61547416
61545535
61547036
61547599
61545615
61547612
61547875
61545848
61547827
61546703
61547768
61546462
61546696
61546320
61546551
61548051
61546948
61546041
61548029
61578334
61546205
61548040
61547002
61578387
61546493
61548366
61546694
61546774
61546638
61578329
61548021
61546952
61578414
61548086
61546904
61578608
61548202
61548030
61548115
61547693
61546589
61547264
61547813
61547669
61548135
61546263
61546524
61547738
61546735
61548306
61546394
61548410
61548289
61547540
61546400
61548396
61547205
61548284
61546991
61547239
61578909
61548742
61546495
61547852
61546562
61547944
61548155
61550466
61546622
61548705
61548585
61548279
61548936
61547772
61579495
61548858
61547501
61579354
61547577
61548897
61547358
61548917
61547735
61547341
61549067
61548963
61548843
61548650
61548835
61548219
61547130
61579740
61548146
61549583
61548790
61580188
61548102
61548938
61548495
61580193
61547963
61549569
61548571
61547534
61549417
61549727
61549681
61549465
61547691
61549708
61548588
61580276
61547774
61549771
61548715
61547835
61549692
61548880
61580455
61547599
61548988
61580273
61549963
61549076
61580418
61550247
61548052
61549070
61548772
61550242
61550245
61548810
61550690
61550587
61580626
61580399
61549180
61548225
61550533
61550568
61548421
61550537
61550524
61550197
61549429
61550648
61550437
61550278
61550833
61549656
61548913
61550916
61549776
61581256
61551063
61549635
61549334
61549363
61551209
61551132
61549480
61551134
61551384
61551345
61549628
61551408
61549440
61550464
61550089
61551166
61550025
61581469
61551327
61581625
61550721
61551437
61551277
61550797
61551890
61551486
61551567
61550798
61581889
61551642
61550423
61582045
61551708
61549454
61550766
61551629
61550748
61550898
61550157
61551627
61551662
61581942
61551606
61551887
61551007
61551209
61551744
61551495
61551808
61551221
61582264
61552020
61550921
61582337
61550001
61551946
61552121
61582209
61551850
61550435
61550861
61552072
61550791
61550367
61552195
61550116
61550851
61582363
61551690
61582459
61550582
61551380
61552478
61552199
61552632
61553026
61551287
61551156
61552620
61550849
61552605
61551345
61582985
61552650
61551321
61555020
61556635
61556924
61555265
61557042
61555371
61556179
61554924
61556890
61557165
61556724
61557181
61587581
61587590
61556950
61554941
61587493
61557022
61555581
61557317
61557121
61556970
61555254
61557376
61557307
61587983
61557487
61556182
61555884
61556297
61557481
61556692
61588004
61587947
61556427
61588014
61555829
61556653
61588009
61557967
61556961
61588334
61558071
61557861
61558124
61556329
61557819
61558135
61557889
61556826
61558200
61558263
61588663
61558456
61558551
61556895
61558717
61557436
61589199
61558867
61557388
61558476
61558099
61558920
61557790
61589287
61589252
61559045
61558802
61557637
61559273
61559190
61558917
61559360
61558055
61557556
61557783
61559368
61558324
61589967
61559536
61559815
61589702
61559217
61559524
61589771
61559292
61558265
61559784
61558919
61557748
61557855
61559077
61559708
61558332
61557497
61558280
61557550
61559540
61559718
61590003
61558062
61559572
61558105
61559907
61590319
61560165
61559141
61590362
61560182
61558946
61558501
61559482
61560674
61560131
61558469
61559634
61560086
61590639
61560386
61558772
61560495
61558572
61560445
61560631
61560690
61558960
61558924
61560704
61559527
61591148
61560723
61559247
61591229
61560455
61559564
61559512
61560819
61558763
61559625
61591287
61560960
61559964
61561056
61591471
61561324
61560553
61591576
61559529
61559883
61591640
61561407
61560273
61591793
61561531
61560278
61560058
61559791
61560100
61559824
61561597
61560413
61561676
61561783
61560046
61561895
61560473
61561201
61592107
61560464
61560423
61562132
61561878
61560324
61560322
61561736
61560724
61559910
61561924
61561856
61592376
61562163
61562156
61561276
61560750
61559904
61562120
61562172
61592362
61560253
61562030
61561978
61562298
61560866
61561001
61562322
61592771
61560974
61562503
61561332
61593102
61593042
61562362
61562283
61561084
61562461
61562300
61561383
61562713
61561011
61562945
61562755
61561021
61560768
61562812
61562096
61593172
61562266
61562981
61562976
61562756
61561230
61561670
61593441
61561380
61563088
61562829
61563214
61561683
61562730
61561133
61563099
61562013
61561106
61563218
61562154
61593429
61563270
61562184
61593405
61563174
61562037
61562960
61593686
61563102
61593507
61563459
61562497
61593459
61563466
61563504
61561418
61562215
61563651
61593690
61563528
61562411
61593947
61594125
61563536
61563517
61561879
61563300
61563640
61593935
61563492
61563709
61562137
61562583
61594411
61564134
61563890
61563599
61562781
61564012
61562296
61564073
61563891
61564154
61562037
61562974
61564288
61562747
61594403
61562825
61594700
61564137
61562764
61594623
61564404
61563700
61594692
61563004
61562403
61563872
61562589
61564413
61595008
61564537
61564655
61595301
61564882
61564193
61595199
61564390
61564721
61595185
61564686
61562948
61563147
61563519
61595239
61564968
61564172
61595429
61565266
61563910
61595640
61565198
61565200
61565412
61565341
61565353
61564305
61595662
61565466
61565387
61595800
61565635
61564535
61596284
61595934
61564542
61596117
61565984
61596216
61564200
61565396
61565629
61596297
61564630
61565886
61565647
61563924
61565812
61565791
61564002
61566067
61564862
61564002
61596389
61564784
61564119
61566052
61565059
61596434
61566241
61565124
61596715
61566452
61566453
61564710
61566580
61565113
61597126
61565837
61566482
61596990
61566788
61565387
61597232
61565053
61566878
61565250
61566929
61565661
61565457
61567114
61566907
61567229
61565119
61567182
61565863
61567375
61565648
61566748
61567240
61566426
61565408
61597615
61566475
61567488
61565956
61567664
61565717
61566444
61566139
61567513
61575858
61599452
61569797
61569157
61569933
61600047
61569680
61569675
61569225
61567774
61569965
61569837
61570219
61570036
61569847
61569055
61570083
61569867
61568205
61600655
61570070
61600485
61570174
61569050
61568863
61568210
61569144
61600712
61570339
61569106
61568661
61570301
61570117
61570598
61569320
61601075
61568976
61571112
61601093
61570790
61569050
61570690
61568804
61569415
61569036
61570789
61569474
61601408
61569280
61570733
61570592
61568941
61571026
61570261
61601272
61571009
61570336
61601432
61571153
61569869
61570397
61569891
61569421
61601519
61569889
61601753
61571341
61570321
61601508
61571361
61570170
61601816
61571478
61570125
61601984
61571502
61570101
61569914
61571547
61571223
61570377
61571725
61570369
61571618
61571372
61570156
61570284
61571869
61602148
61571855
61571639
61571306
61572005
61572082
61570512
61571585
61571995
61571563
61570589
61572736
61602597
61572015
61571512
61602936
61572625
61572603
61570920
61570880
61572579
61572384
61571880
61572622
61572360
61571360
61572507
61572216
61572697
61572555
61570920
61572416
61572148
61603042
61576282
61607698
61607692
61576354
61579306
61607796
61576231
61607986
61577806
61576306
61577714
61575821
61578112
61578157
61575914
61578054
61576941
61578058
61608386
61578098
61608791
61578411
61578529
61576778
61576522
61578653
61608768
61576949
61578780
61578985
61577986
61578613
61578890
61576749
61579288
61577495
61577002
61578872
61578001
61577562
61578455
61609514
61579097
61577929
61609434
61579217
61577744
61577440
61577628
61609409
61578191
61609460
61579588
61578229
61609799
61579499
61578194
61609658
61578166
61577564
61579830
61578063
61580026
61579772
61577679
61579010
61580318
61578304
61579965
61579878
61610187
61579899
61580078
61610492
61580097
61579865
61579121
61580377
61580103
61578941
61580363
61578621
61579121
61580406
61580204
61579185
61580510
61580291
61579239
61580632
61580454
61578628
61580071
61580946
61579936
61580956
61580629
61611084
61580874
61580929
61578894
61580877
61579834
61579522
61579361
61580210
61578760
61580859
61581055
61578983
61581202
61580009
61579082
61578910
61579899
61581318
61580236
61581502
61581260
61579751
61579305
61580603
61579746
61581712
61580435
61580437
61581898
61580664
61612241
61612083
61581765
61581497
61580277
61581757
61581723
61580616
61581446
61582254
61580554
61580458
61580944
61612635
61582219
61582316
61612807
61582448
61582087
61582099
61582042
61582054
61581335
61582253
61582085
61580910
61582318
61582232
61580587
61580225
61580359
61582820
61582679
61612774
61582106
61582418
61581760
61613021
61582817
61581409
61613120
61582796
61581604
61581125
61582953
61582750
61582671
61580865
61581690
61581481
61581746
61613523
61583091
61581945
61613752
61583319
61582017
61613799
61581821
61613296
61581998
61583362
61581882
61613570
61583243
61581965
61581746
61583087
61583265
61613355
61583357
61582234
61581282
61583336
61583201
61581220
61581968
61613550
61583303
61583356
61581136
61581888
61581512
61583337
61581973
61583273
61583422
61582213
61581408
61613829
61583146
61583531
61582421
61613861
61583613
61583384
61585489
61614141
61582661
61583144
61583316
61583175
61583530
61582530
61581821
61583811
61583210
61581914
61582423
61582362
61582658
61583330
61584267
61584163
61582576
61584230
61583120
61582432
61584326
61583285
61584698
61584714
61615243
61584990
61583736
61583576
61585261
61615644
61585383
61615927
61585367
61583872
61585676
61585349
61583211
61585011
61585123
61615803
61615686
61585335
61583497
61584974
61585864
61587388
61585673
61585294
61584338
61586346
61585811
61584814
61586061
61585111
61587658
61616216
61585017
61584456
61586134
61585740
61584130
61586018
61586083
61584407
61586404
61585462
61584352
61586427
61586052
61585128
61584302
61586320
61584282
61585870
61586367
61585107
61616803
61586501
61585060
61616860
61586610
61586458
61586118
61585258
61586826
61586142
61585720
61586381
61586104
61584298
61586343
61585437
61616874
61586659
61584825
61585045
61586344
61584715
61586431
61585030
61584944
61584684
61586195
61586192
61585112
61586569
61586291
61585513
61585977
61586944
61616966
61586748
61616787
61585398
61585369
61585395
61617065
61586768
61585511
61585365
61586799
61585033
61586835
61585485
61585043
61586383
61586040
61585630
61585813
61586806
61584852
61585662
61586983
61617491
61587074
61617429
61585977
61587223
61587251
61586028
61587342
61587589
61585580
61585349
61586167
61617813
61617792
61587399
61617913
61587410
61586187
61587871
61587791
61587987
61618130
61587932
61587099
61588122
61586848
61618528
61588327
61586940
61618419
61588266
61586955
61618305
61618310
61586835
61618363
61588239
61587433
61618690
61586309
61588113
61588418
61587762
61587020
61586476
61588339
61588744
61587555
61618955
61588905
61587707
61587560
61588715
61588489
61587776
61588781
61587223
61588897
61587125
61588868
61589092
61589029
61587716
61587422
61587770
61589474
61589060
61588327
61589107
61588090
61619319
61618921
61587677
61619282
61587988
61587516
61586776
61588267
61587721
61587176
61589124
61589176
61587773
61587602
61587223
61589000
61587554
61587175
61587495
61588858
61587161
61587484
61588841
61588817
61587148
61587753
61589125
61587409
61589210
61587857
61587529
61587804
61589185
61619606
61619836
61588457
61587532
61588794
61589714
61619953
61588421
61619981
61619994
61588346
61587637
61589705
61589851
61589981
61589945
61620371
61589952
61620630
61590148
61588912
61620675
61588640
61590139
61589139
61592054
61620653
61589106
61620976
61590483
61590611
61621195
61590749
61589606
61588937
61590784
61590405
61589165
61590709
61590429
61588880
61590669
61589043
61589976
61590986
61591062
61590302
61591422
61590929
61589116
61591065
61591168
61621619
61591229
61590314
61621628
61591253
61621174
61589882
61591144
61590417
61589172
61591217
61590196
61621578
61591319
61591426
61589343
61591309
61590407
61590727
61591483
61590328
61621700
61589886
61591368
61591423
61589726
61590017
61590801
61589651
61591799
61591779
61589669
61591799
61590889
61622357
61591301
61591621
61621925
61591845
61591356
61591780
61622181
61591822
61591495
61591751
61590506
61590829
61622201
61590489
61592183
61591012
61591099
61592353
61592367
61592439
61590364
61592333
61591432
61591792
61592600
61591911
61592947
61592720
61591951
61590593
61592156
61592668
61590936
61593083
61593061
61628845
61597677
61598525
61597566
61597208
61628802
61597846
61596796
61597068
61597828
61628807
61598152
61598468
61598784
61597500
61628975
61598688
61597657
61628806
61598616
61597929
61628990
61598657
61597616
61596520
61598698
61597448
61629052
61598534
61599241
61629281
61598863
61597945
61596993
61598902
61598299
61598436
61597828
61629420
61599273
61598091
61629656
61599207
61598459
61598116
61599328
61597869
61629589
61599393
61597924
61599334
61598035
61597755
61598380
61599926
61599230
61599615
61599575
61597906
61598253
61599616
61599356
61598876
61600085
61599397
61598181
61599514
61599397
61599561
61599701
61598626
61599768
61597784
61598485
61630400
61599811
61598554
61597599
61598676
61630167
61599280
61599590
61599919
61598614
61599887
61598510
61630361
61599863
61598630
61630337
61599986
61598582
61630513
61600082
61598510
61630393
61600034
61598702
61630326
61600082
61598575
61598298
61598697
61599765
61630296
61600020
61599317
61598429
61598152
61598973
61630786
61600336
61630616
61630983
61600276
61600128
61598968
61600555
61600207
61600804
61600608
61600389
61600775
61600765
61599151
61600979
61599602
61599301
61601174
61599904
61599123
61599995
61600376
61599761
61631513
61601117
61599977
61631505
61601432
61599881
61631925
61601378
61600073
61632029
61601566
61600368
61599950
61601782
61601541
61601490
61600340
61601544
61601363
61601865
61600473
61632042
61601683
61600392
61632114
61601796
61600162
61632040
61601577
61600289
61631840
61601789
61600186
61600088
61600343
61601558
61600325
61601480
61600885
61601005
61599932
61601421
61600397
61632104
61601897
61600469
61600549
61601760
61601662
61600734
61602411
61600229
61600713
61601875
61634223
61602468
61601902
61602297
61604129
61602216
61604143
61602646
61634724
61604307
61603923
61603683
61604204
61604032
61603803
61602662
61602883
61634547
61604278
61634854
61603819
61604609
61603770
61604377
61604212
61604611
61604527
61602793
61604316
61604653
61603207
61605018
61603559
61603248
61603472
61602863
61605334
61605224
61603983
61603600
61603855
61605228
61603919
61603319
61603999
61635682
61605424
61604485
61635856
61603408
61604711
61605523
61604666
61604159
61605537
61603910
61605684
61604211
61635894
61605508
61604341
61604112
61605672
61605678
61604325
61636057
61605620
61604548
61635797
61605654
61604606
61636465
61604409
61605718
61604185
61605962
61604702
61636436
61605959
61636278
61605421
61606059
61636504
61606120
61604563
61604808
61606120
61605829
61606337
61606144
61604536
61605021
61604292
61605194
61605236
61605076
61636922
61606576
61605436
61604668
61606796
61606457
61605099
61605103
61605402
61636818
61606704
61605959
61637101
61606584
61606759
61636973
61606755
61605495
61637290
61606683
61607202
61637183
61606926
61605683
61607038
61605318
61605628
61605825
61637513
61607414
61606041
61637915
61607411
61606106
61638057
61607527
61606123
61637979
61607623
61607430
61605815
61607715
61606394
61638034
61607613
61606380
61638162
61607431
61607636
61638317
61607856
61606699
61638496
61608096
61606877
61638530
61608213
61608208
61638596
61608227
61607124
61606222
61608407
61606639
61608395
61607159
61638802
61608361
61608533
61607738
61608285
61608498
61607632
61608229
61608023
61606570
61608215
61606723
61606903
61608242
61608550
61608983
61606801
61608712
61607056
61606486
61608404
61608771
61607549
61639160
61607058
61608644
61639213
61608967
61607926
61608095
61608746
61607087
61608953
61607565
61639188
61608808
61607716
61606826
61609210
61607045
61608884
61607575
61639151
61608256
61608373
61607280
61608592
61606998
61608853
61607449
61639048
61608833
61608557
61639090
61608661
61608495
61639196
61607377
61639415
61609048
61607901
61639275
61608945
61608030
61607267
61608802
61607918
61607761
61609111
61607476
61609341
61607889
61607318
61639556
61608867
61609460
61609376
61608983
61609245
61609023
61609443
61608172
61608355
61639753
61608719
61609222
61609559
61609329
61607847
61608052
61639934
61608561
61640023
61609903
61609956
61609893
61608550
61640231
61609852
61608691
61609037
61610130
61609654
61608408
61609905
61608234
61610039
61609891
61609723
61610094
61608847
61640312
61609980
61610254
61610047
61609740
61610128
61609860
61640515
61610125
61609903
61610189
61610159
61640345
61610267
61610412
61609535
61610713
61608572
61610424
61609098
61640868
61610513
61610637
61609096
61610443
61640981
61610661
61609272
61610494
61610392
61610729
61609349
61641251
61609388
61610707
61609150
61610835
61609629
61608944
61641040
61609619
61641242
61610244
61610914
61610133
61610829
61641491
61609657
61611014
61641665
61611207
61609516
61609454
61611118
61610952
61609640
61609813
61641202
61611165
61611286
61609053
61611422
61610169
61641462
61611333
61610169
61641801
61609873
61610066
61641801
61611498
61611380
61611408
61610674
61641783
61611583
61611289
61611722
61610551
61642225
61611975
61610047
61612046
61610635
61642236
61611006
61610238
61611796
61611430
61611839
61610530
61642180
61611841
61610746
61610542
61610341
61610630
61610542
61611900
61642513
61612170
61642369
61611711
61642552
61611936
61610355
61612156
61610830
61642560
61612105
61612478
61612306
61611032
61642579
61612097
61612033
61611234
61612265
61611718
61611546
61612293
61610651
61612435
61611136
61642738
61612345
61611759
61610233
61612359
61612138
61612598
61611338
61642944
61612600
61611930
61611492
61612864
61611481
61642876
61612721
61612872
61612785
61611535
61643151
61612063
61612950
61611484
61643234
61612896
61611851
61643386
61612509
61612854
61643313
61613276
61611742
61613240
61612083
61643438
61613121
61612937
61613284
61613381
61611617
61613462
61612226
61611510
61613483
61613162
61612330
61613552
61611807
61613629
61612228
61643911
61613765
61613482
61613723
61613602
61612018
61613816
61613770
61612131
61613929
61613846
61613770
61614066
61613945
61612152
61614100
61613798
61612460
61614196
61613424
61612268
61613395
61614433
61612943
61612938
61618396
61620208
61650846
61620200
61620288
61619016
61618379
61620414
61618372
61620765
61619873
61619369
61619137
61650993
61620695
61620313
61620698
61619393
61618561
61620500
61618930
61620693
61619347
61651033
61620782
61620410
61619290
61620671
61619087
61620881
61619702
61651058
61620820
61620598
61621010
61619828
61651428
61620996
61620812
61619884
61621638
61619523
61621396
61619173
61620950
61621335
61620263
61651660
61621554
61651799
61621409
61620781
61619437
61621410
61621194
61621672
61620319
61620826
61621952
61620647
61652206
61621973
61620754
61652225
61619770
61652385
61620793
61652412
61622135
61621204
61652575
61622392
61622701
61621328
61622520
61620936
61622737
61621662
61620708
61652850
61622868
61622978
61620595
61622815
61622624
61621459
61622744
61621239
61623023
61621776
61624383
61621422
61622535
61622965
61622871
61653222
61622862
61622918
61623091
61621810
61623227
61621946
61653289
61623140
61621454
61623262
61621837
61624792
61622967
61653521
61623182
61621990
61622330
61622906
61653554
61623150
61621866
61621350
61621542
61622106
61622487
61623165
61622850
61623041
61653615
61623367
61623446
61623359
61621972
61653676
61622880
61622452
61653897
61623198
61623435
61623207
61623520
61622750
61623577
61623715
61622287
61653807
61623544
61623794
61622863
61623626
61623487
61622223
61623880
61622122
61623164
61622663
61624017
61622658
61622522
61622530
61654458
61623928
61622890
61654311
61624051
61622907
61623226
61622669
61654470
61654523
61623870
61624271
61622720
61622539
61622876
61622953
61654774
61624330
61624481
61623306
61624396
61622877
61624589
61624842
61623247
61624580
61623480
61623987
61624440
61622910
61624687
61623557
61655029
61623340
61624904
61624060
61624040
61623615
61655007
61624780
61623595
61623456
61623776
61624974
61655491
61625280
61625301
61623796
61624974
61623478
61625228
61623992
61655806
61625399
61625722
61625197
61624259
61624893
61625380
61625431
61625757
61624155
61656309
61625802
61625095
61625162
61625769
61625967
61623847
61623909
61624600
61656096
61625916
61624223
61625997
61624761
61656227
61625925
61626206
61624922
61626012
61656293
61626009
61625932
61626183
61624793
61626183
61624041
61626618
61625956
61624922
61625173
61624821
61624767
61626354
61624400
61656759
61626319
61626816
61625433
61626332
61626848
61625983
61624824
61627163
61625033
61626824
61626017
61625937
61626609
61625137
61626928
61625840
61624754
61627049
61626676
61627171
61625853
61657440
61627198
61626064
61626131
61626095
61657457
61626598
61626937
61627434
61626105
61627490
61627372
61626214
61625382
61626244
61625213
61627223
61657590
61625915
61627049
61657460
61627403
61627445
61625813
61627553
61627688
61627985
61627708
61626561
61627065
61627882
61627872
61628029
61626919
61627375
61627847
61628243
61627501
61626730
61626786
61658490
61628214
61627234
61626276
61628167
61627965
61626725
61628181
61627316
61628477
61627246
61626998
61626811
61658718
61627726
61627126
61627223
61627101
61658995
61627319
61628547
61626807
61627493
61627864
61628495
61627143
61628722
61628775
61626726
61628737
61627078
61628975
61627550
61628816
61629163
61627858
61659315
61628407
61628698
61629083
61628362
61628477
61628940
61627383
61629256
61627461
61659800
61628545
61628973
61629323
61627864
61659696
61629265
61628992
61628064
61629269
61629582
61628441
61659813
61629564
61629613
61629601
61628269
61659960
61629577
61629803
61628872
61628192
61660024
61629620
61628624
61628294
61629717
61628004
61629880
61628860
61627815
61629799
61628215
61630037
61660137
61660271
61628717
61628752
61660516
61630181
61630389
61630197
61628796
61660823
61630416
61628940
61660812
61630467
61629364
61629290
61630407
61660855
61630607
61629410
61630609
61630429
61630742
61629925
61629941
61630568
61628909
61630836
61629600
61661208
61630823
61631019
61631055
61629958
61661229
61629934
61631146
61630308
61631032
61629727
61661644
61631186
61629994
61629162
61630755
61631388
61629977
61630137
61661636
61630792
61631231
61630114
61631463
61662090
61631482
61630321
61661897
61631656
61630885
61630893
61630244
61631524
61631666
61630580
61661893
61631225
61630508
61630516
61631643
61662157
61630317
61631633
61632120
61631772
61630678
61631804
61630663
61662236
61631875
61631339
61631205
61631802
61662415
61631997
61631920
61632069
61630846
61662448
61632335
61632333
61630850
61632070
61662401
61631022
61632384
61631007
61662703
61632387
61632204
61632664
61631287
61632416
61632380
61632483
61630719
61632215
61631151
61632403
61631074
61630293
61632253
61662810
61632364
61632467
61662733
61632358
61663002
61663203
61632714
61663151
61632832
61632682
61632892
61632010
61631365
61633149
61632353
61631914
61633087
61631419
61633213
61632468
61631131
61633275
61631384
61633260
61632075
61663499
61633308
61633579
61632108
61633378
61631666
61632440
61633778
61633742
61632519
61664135
61633752
61633736
61633960
61632751
61633911
61664455
61634022
61632660
61634056
61632772
61664312
61634046
61632861
61664472
61632743
61633036
61632228
61634164
61634493
61632420
61633274
61664612
61633827
61634111
61634640
61633772
61632626
61632994
61634469
61634926
61634130
61632909
61634834
61633258
61635014
61634738
61633549
61633698
61665413
61634934
61635013
61633462
61634870
61665566
61633579
61633923
61634385
61634931
61665315
61634487
61634131
61633083
61634171
61635327
61634139
61633094
61635129
61633437
61635334
61635117
61634533
61633973
61665856
61635443
61634024
61634310
61633659
61635841
61635585
61636025
61634720
61666214
61635594
61636451
61666507
61636464
61666764
61636298
61635250
61634353
61636316
61634821
61666818
61635147
61636179
61636901
61638135
61637537
61636466
61638545
61669193
61638577
61638893
61637324
61637511
61669057
61638320
61669522
61639282
61639406
61637265
61639163
61638425
61639227
61669514
61639175
61669661
61638748
61639032
61639444
61638112
61669755
61639502
61637632
61639502
61638427
61669763
61639998
61670043
61639647
61639248
61638056
61638379
61639676
61639485
61640119
61639848
61670409
61639936
61639789
61638580
61638732
61670339
61640070
61670729
61640268
61640224
61640257
61670543
61670626
61640230
61670886
61640338
61640650
61639209
61639149
61670654
61640010
61638926
61640717
61639663
61640829
61640538
61640940
61639584
61671183
61640854
61639128
61640905
61639429
61638925
61640735
61671191
61640910
61640354
61640896
61639272
61641048
61641067
61641120
61638962
61639658
61639954
61671344
61641358
61640931
61641460
61640107
61639510
61641334
61639668
61641609
61640411
61641725
61641533
61641834
61641540
61672216
61640572
61672410
61642072
61642244
61642321
61641095
61672552
61642397
61641997
61642505
61648365
61647192
61649144
61679824
61649297
61647697
61649525
61649400
61647742
61649570
61648331
61648116
61648316
61679956
61649642
61648024
61649921
61649094
61649082
61648324
61680028
61649782
61649917
61648763
61649839
61649689
61650230
61648507
61650294
61649027
61648058
61650117
61648496
61648778
61649043
61649935
61650359
61649191
61650368
61649350
61680770
61649811
61648723
61650374
61680703
61648865
61650449
61650734
61650537
61680966
61651221
61650473
61649243
61650923
61650818
61651011
61650927
61649454
61681518
61650942
61649406
61651248
61650351
61649217
61649891
61681654
61651548
61681913
61651260
61651124
61651587
61650204
61649372
61651437
61681858
61651712
61649896
61651472
61651133
61651587
61650282
61649474
61651317
61649655
61651507
61681552
61681725
61650225
61681958
61651082
61651278
61651690
61651862
61650420
61651164
61682240
61651973
61650373
61652219
61650928
61650986
61651242
61650864
61652095
61650505
61650747
61650937
61650252
61652150
61682914
61652366
61652587
61650926
61652427
61650805
61652534
61652866
61683025
61652522
61683029
61652598
61652400
61652854
61651986
61650816
61651442
61683098
61652338
61651240
61653089
61651832
61683365
61652946
61683565
61683296
61652603
61652520
61653281
61683914
61653539
61653383
61652095
61652415
61651569
61653488
61653539
61653684
61651944
61653731
61653861
61653993
61652160
61653889
61684510
61653324
61653525
61684241
61653783
61652309
61653998
61653072
61654062
61684524
61654025
61652488
61654215
61653080
61653560
61654146
61684893
61654103
61654194
61652993
61653579
61653122
61653233
61652887
61653003
61652349
61654285
61684905
61652161
61652968
61654487
61653643
61653570
61653086
61652473
61654399
61684953
61654560
61653363
61654742
61653083
61653044
61653511
61654108
61653479
61685255
61654982
61654754
61655112
61654243
61652974
61654945
61685682
61655131
61655351
61653999
61654082
61685513
61653937
61685510
61654695
61654163
61655463
61685808
61655667
61686005
61654846
61653823
61656045
61654840
61655562
61686153
61655656
61653940
61655717
61655869
61686220
61654500
61654905
61655932
61654308
61656061
61654708
61656080
61655759
61656007
61654630
61686606
61656311
61656173
61655087
61655074
61654986
61655525
61656139
61686870
61656632
61656398
61656465
61686942
61656631
61656403
61687089
61687250
61656335
61687446
61656693
61656945
61656966
61687606
61657200
61656884
61657347
61687796
61657335
61655677
61657461
61656545
61656585
61656076
61687585
61657310
61655641
61657072
61657400
61688118
61657542
61688112
61657837
61657849
61657080
61659541
61688055
61656870
61656134
61658097
61688710
61658161
61658059
61656915
61657149
61688824
61657641
61657197
61688774
61658875
61658863
61656830
61657456
61689139
61658851
61689273
61659085
61657057
61658981
61658038
61658057
61657524
61657748
61657440
61689184
61659324
61689411
61659103
61658984
61658996
61657838
61689486
61659044
61657420
61659170
61658372
61659255
61657487
61659274
61658817
61659335
61658054
61689695
61659759
61689911
61659450
61659139
61658583
61658154
61657466
61658098
61659563
61659293
61659685
61658479
61658241
61659613
61659333
61659817
61658515
61659037
61658144
61659993
61690321
61659890
61659716
61660152
61660252
61658145
61658887
61690537
61660232
61659977
61660218
61659054
61659465
61660188
61690806
61660255
61660508
61660391
61659230
61690592
61660459
61660455
61659412
61660566
61659600
61659676
61659119
61660328
61660794
61691229
61660167
61660407
61658899
61659686
61659032
61660934
61691493
61661174
61659329
61661106
61660181
61659805
61660060
61660495
61659860
61691478
61661272
61659736
61661527
61692026
61660192
61661571
61660786
61659612
61661657
61659968
61661605
61660454
61660441
61660449
61692006
61661003
61692081
61661617
61662305
61661224
61692254
61661687
61692483
61661936
61662046
61662106
61661603
61662060
61661182
61660444
61661884
61660423
61662210
61661424
61660241
61662252
61661070
61661297
61661230
61661350
61661036
61661838
61662626
61662709
61661233
61662065
61662494
61663392
61661309
61663368
61662240
61661344
61663111
61662763
61663161
61663251
61661665
61661917
61661798
61662159
61661327
61662175
61663520
61661878
61663632
61662413
61662047
61663458
61694018
61663535
61694060
61662975
61664176
61694095
61663674
61694116
61663554
61694088
61663659
61663738
61662160
61662716
61693930
61663587
61662148
61663880
61663846
61663648
61663952
61662239
61663261
61694463
61664145
61662083
61661995
61662921
61662003
61662799
61694467
61694764
61664420
61664309
61663687
61663714
61663123
61694899
61664844
61663285
61664812
61695069
61664525
61695263
61664764
61663013
61664715
61664732
61664208
61695383
61664931
61664686
61665091
61664029
61663969
61664036
61695377
61663361
61665004
61664298
61695898
61664291
61665645
61665873
61696224
61666373
61696237
61665710
61695839
61665132
61665242
61664562
61664803
61664161
61664244
61666500
61666282
61666351
61665914
61666446
61664442
61666384
61665486
61666149
61696575
61666154
61696793
61666057
61696596
61666076
61665923
61666308
61665440
61666273
61665228
61666545
61666335
61666223
61664839
61665132
61696513
61666263
61664730
61664988
61665291
61664582
61666460
61664900
61666567
61666750
61697042
61666677
61697315
61666771
61666498
61666931
61664663
61666871
61665615
61666132
61665672
61666801
61665235
61666913
61666828
61667309
61667323
61665635
61665907
61665171
61667182
61697835
61666568
61666887
61666633
61666672
61665755
61667474
61667239
61667768
61666975
61666522
61666970
61666552
61667910
61667823
61666110
61668071
61667152
61665979
61667830
61698500
61667533
61698545
61666006
61666500
61668205
61668089
61668277
61668090
61668550
61667095
61666434
61699026
61667730
61668453
61667756
61668565
61667745
61667357
61667300
61667236
61668632
61699250
61668771
61668461
61668835
61667249
61667998
61667698
61668929
61699368
61668334
61668714
61667090
61667965
61667293
61667714
61667149
61699337
61667066
61668075
61699566
61669270
61667694
61669642
61668289
61669317
61668740
61699796
61669391
61667812
61669586
61669209
61667967
61668317
61699965
61669790
61669415
61669786
61668372
61669902
61668837
61700131
61669708
61700246
61669740
61700290
61669969
61669607
61670166
61668892
61667971
61670055
61700570
61670240
61669975
61670449
61669076
61670315
61669328
61669678
61669070
61700709
61670376
61670313
61670631
61701048
61670256
61670617
61670371
61670832
61670213
61669508
61670745
61669337
61669746
61669310
61669802
61669151
61669917
61701556
61670779
61671076
61669891
61670105
61701900
61670864
61671343
61671693
61669320
61671603
61671730
61670141
61670430
61701870
61671737
61702263
61671765
61671974
61671945
61670736
61669989
61671822
61702326
61672224
61670841
61671932
61702334
61671221
61670899
61671031
61702518
61672371
61702802
61672557
61672275
61672618
61671478
61672778
61671521
61670728
61672203
61672577
61671055
61672641
61702990
61670891
61670505
61672799
61672822
61672477
61672550
61670888
61672785
61671539
61672019
61671510
61703105
61673842
61674243
61673680
61674576
61674744
61674620
61705065
61673342
61674646
61674541
61674837
61705184
61674742
61705416
61675197
61705016
61674844
61676663
61675002
61673604
61674726
61675216
61675169
61675277
61673508
61673801
61674964
61675341
61705790
61675190
61675321
61675401
61705937
61675695
61673502
61674398
61674498
61674557
61673722
61674416
61673752
61674384
61673843
61674520
61706152
61676366
61674715
61674376
61676113
61674379
61676108
61674443
61676250
61675824
61676239
61675864
61676324
61683840
61681765
61684000
61683927
61714682
61683567
61714838
61684332
61684062
61684444
61714971
61684603
61715058
61682909
61684706
61682922
61684600
61682650
61683475
61683143
61715126
61684592
61685034
61715424
61684948
61715546
61685173
61715346
61684358
61683400
61685239
61684806
61683082
61684568
61685428
61685501
61685441
61684997
61685415
61685013
61685586
61684600
61684327
61684434
61716171
61684259
61683698
61684563
61685771
61684522
61685969
61684187
61685946
61716281
61686405
61716405
61685977
61716295
61716500
61716250
61684888
61686006
61685013
61686276
61686051
61686419
61685882
61686366
61685568
61686396
61686205
61686518
61686221
61684810
61685425
61686695
61685536
61686714
61686622
61686682
61686731
61686685
61685366
61686762
61685585
61686834
61686061
61685463
61686761
61684862
61686274
61687018
61686969
61686241
61685797
61684941
61685929
61685350
61687358
61717778
61687381
61717839
61687380
61718002
61687603
61687447
61687709
61687587
61687680
61686304
61685938
61687037
61687587
61685705
61686984
61718075
61686781
61686690
61687851
61686068
61686922
61718603
61686720
61686659
61686914
61686840
61687104
61687530
61686946
61686469
61687085
61687490
61686906
61686897
61688461
61718858
61688279
61718960
61688407
61719011
61688451
61718803
61687160
61686704
61719173
61686813
61687535
61686877
61687544
61687016
61687533
61687640
61688177
61687320
61687592
61687621
61689034
61719594
61689046
61687357
61689090
61689282
61689332
61689276
61719561
61689281
61689269
61719642
61688178
61688069
61688008
61688514
61689403
61688733
61689590
61689170
61689459
61687770
61719903
61689445
61689573
61720188
61689294
61720200
61689693
61720004
61689898
61689044
61689928
61689905
61690037
61689769
61720292
61689924
61720511
61690444
61688796
61690033
61720289
61689801
61689929
61690173
61720748
61690071
61720775
61690428
61720655
61690191
61688172
61690093
61690337
61690044
61689752
61688620
61690325
61720892
61690491
61688823
61690443
61720950
61690493
61688892
61690803
61720872
61690539
61720885
61689248
61690563
61720771
61690672
61688704
61689597
61690080
61689637
61688907
61691034
61691035
61690999
61688906
61690434
61690516
61691318
61690242
61690221
61690064
61691481
61690835
61691258
61690282
61690906
61690538
61691015
61690653
61691061
61721979
61722171
61690664
61691360
61692008
61722344
61692024
61722486
61692129
61722729
61692284
61690558
61692383
61692564
61692328
61691897
61692494
61692488
61692155
61691459
61692660
61692760
61692772
61692424
61692850
61691229
61693043
61692736
61693094
61693269
61693035
61692849
61693051
61723267
61692951
61692990
61692358
61692052
61691947
61692167
61692793
61693361
61691625
61692702
61691813
61693427
61724150
61693623
61724001
61693972
61723849
61693503
61724154
61692407
61692251
61692324
61693761
61692549
61693816
61692532
61693709
61691876
61693632
61693678
61692355
61724240
61692128
61692705
61692838
61693224
61692867
61694218
61724385
61693041
61692644
61693051
61692616
61692967
61692180
61694167
61724448
61694169
61693181
61694553
61693309
61693228
61693359
61694522
61693577
61693432
61694360
61724749
61694234
61694574
61692882
61725109
61694368
61694501
61724987
61694667
61725120
61694656
61725400
61694928
61693235
61695042
61693275
61695049
61695074
61695017
61725300
61695184
61725415
61694804
61725276
61694843
61693263
61725377
61694911
61695145
61693504
61695158
61725709
61695277
61725867
61694595
61693586
61695390
61693929
61695503
61725871
61695437
61725951
61696011
61725989
61695589
61725944
61695394
61693860
61695672
61694000
61695585
61694019
61695598
61726173
61695618
61695623
61695565
61694003
61695616
61694961
61694136
61694611
61696069
61695782
61696047
61694286
61695011
61694278
61695375
61726457
61694096
61694077
61695096
61695104
61695171
61696208
61695523
61694976
61695419
61695427
61696909
61696866
61696979
61696943
61696260
61695499
61695764
61696257
61695967
61695578
61697050
61697093
61696885
61697328
61696980
61697235
61696184
61697373
61695521
61697448
61695776
61697484
61727750
61697286
61695760
61727868
61696323
61697589
61697624
61695541
61696423
61697037
61696562
61695689
61697703
61695827
61696689
61695950
61697937
61698030
61699611
61696061
61696840
61696770
61696874
61698263
61697231
61698368
61698335
61696726
61698530
61698487
61698005
61698527
61698297
61698567
61696891
61698716
61696910
61698666
61697210
61698908
61698557
61698836
61697591
61698864
61697890
61697577
61698847
61729249
61697752
61729583
61699106
61698187
61699395
61699111
61699397
61699468
61697756
61698447
61699614
61699486
61699758
61730267
61699818
61730291
61699694
61730088
61699792
61730358
61699860
61730319
61730463
61699248
61700135
61699766
61700052
61699782
61698902
61698481
61699209
61698305
61698412
61698729
61700585
61731080
61700403
61699004
61699926
61700220
61700680
61700356
61700730
61700444
61699833
61699325
61700742
61699608
61699280
61699723
61699536
61699568
61699505
61699595
61700902
61699690
61700956
61701186
61701136
61700212
61701084
61699337
61700933
61731578
61701113
61699530
61731486
61700477
61701364
61701259
61701343
61700906
61701256
61699468
61701200
61699555
61699324
61700175
61701421
61700249
61700363
61701533
61732189
61701706
61699936
61701606
61701728
61701054
61700114
61700698
61701964
61701527
61701874
61701700
61702133
61702018
61702272
61732545
61701998
61732414
61701875
61700438
61700693
61701078
61700294
61701169
61701228
61701257
61702533
61701177
61701161
61701172
61701276
61701068
61702360
61701115
61701411
61700579
61701571
61701079
61702359
61702603
61733197
61701984
61733202
61702973
61701447
61702449
61733236
61702761
61733333
61702845
61733130
61702813
61702852
61703013
61733481
61703061
61701999
61703183
61703391
61703291
61702556
61701518
61703282
61733590
61703346
61703435
61733729
61703842
61734064
61703505
61733673
61703340
61703989
61703598
61701735
61703682
61701724
61703651
61703286
61703578
61702958
61703041
61703042
61703997
61702887
61704133
61702801
61704077
61703039
61704179
61703769
61704208
61704098
61704215
61703918
61704186
61702497
61704315
61734750
61704204
61734710
61704341
61734815
61704354
61704515
61704715
61704158
61704587
61734852
61704895
61734946
61704364
61703901
61704608
61735274
61704712
61735399
61704155
61703274
61704876
61704965
61704875
61704444
61704942
61704113
61705070
61703630
61705187
61703871
61704293
61703952
61704952
61737127
61705887
61707261
61707368
61707479
61707411
61705979
61706357
61707548
61706254
61705950
61706372
61707704
61706618
61706561
61706658
61705990
61706461
61738168
61707904
61705970
61706955
61706672
61706947
61706670
61707526
61708260
61706468
61707711
61707901
61706976
61708361
61708408
61708389
61708639
61706699
61707851
61739202
61707581
61708892
61708578
61707968
61708864
61708763
61707087
61708734
61739414
61708268
61739539
61708230
61739322
61708919
61739231
61708928
61739194
61708912
61739401
61708918
61708200
61707488
61709020
61707035
61707914
61707545
61708001
61707743
61709482
61709261
61709373
61709382
61709585
61709471
61707767
61709671
61708287
61709656
61708619
61709858
61707987
61709743
61708051
61709654
61740121
61709825
61740334
61710565
61740278
61709921
61709627
61709334
61740547
61709963
61740523
61708817
61708726
61708854
61708948
61710196
61708397
61710132
61740590
61710598
61708483
61708386
61708223
61709143
61712273
61710493
61708807
61710451
61708875
61708745
61710953
61710791
61710446
61710820
61741235
61710740
61709517
61712654
61710936
61709986
61710877
61741289
61710815
61741201
61710971
61710233
61709919
61709801
61709758
61711137
61741621
61711142
61709423
61711234
61741910
61711251
61711042
61711839
61709625
61711677
61741944
61711501
61741791
61711629
61741914
61711570
61741980
61711586
61711495
61711625
61741892
61710575
61711944
61710923
61712175
61742574
61712030
61711336
61742332
61710536
61710025
61710873
61710408
61712218
61712213
61711868
61712106
61710140
61712113
61709969
61742345
61710938
61710483
61710789
61712041
61742377
61711390
61742422
61712197
61711945
61710454
61742266
61711816
61712163
61710089
61711040
61710559
61710998
61712312
61711599
61711327
61711143
61711060
61712418
61710732
61712002
61710918
61712535
61743195
61713174
61742954
61711517
61712504
61712563
61712748
61713032
61711029
61711483
61711254
61711581
61712983
61712950
61711368
61711811
61712937
61712267
61713001
61712301
61713171
61710907
61711916
61712388
61713248
61712578
61712126
61721708
61723800
61722000
61720342
61721807
61721427
61720503
61722239
61752734
61720915
61722076
61720330
61720870
61721569
61721201
61722515
61722326
61722422
61752824
61722289
61752673
61722496
61752841
61722468
61752948
61722549
61721308
61721302
61722910
61721565
61722971
61723074
61722983
61753505
61723055
61753526
61723078
61753454
61721951
61722202
61722115
61723487
61722732
61723589
61721742
61723498
61753843
61723468
61754033
61723542
61721929
61722607
61723856
61723946
61724033
61722197
61723851
61754209
61723755
61754227
61724010
61723327
61722918
61724164
61723887
61724149
61754507
61723054
61724354
61724013
61724377
61754847
61724333
61723722
61723323
61724695
61724634
61724619
61722649
61722709
61724306
61724542
61722805
61724459
61754898
61724466
61723957
61723466
61724766
61724872
61724878
61755301
61724853
61722845
61723645
61723752
61724189
61724979
61724225
61724803
61725161
61724132
61724270
61725359
61755803
61725313
61723275
61724246
61725546
61725243
61725508
61755875
61725867
61723550
61724275
61725647
61724914
61725362
61726069
61723626
61724834
61725870
61724133
61725889
61756157
61724754
61726054
61725802
61726118
61756538
61725997
61756477
61726144
61756469
61724901
61724309
61725109
61726460
61726533
61726497
61724685
61726492
61756861
61726499
61725888
61725424
61726694
61725925
61726710
61725000
61726654
61757320
61726698
61757173
61726776
61726267
61726342
61727025
61725302
61726375
61757374
61726990
61725254
61726017
61727266
61726054
61727330
61725644
61727298
61757889
61727297
61757753
61727369
61725507
61726307
61727700
61726959
61727744
61725962
61727718
61758189
61726439
61727832
61727935
61728094
61726261
61727915
61758311
61727922
61727066
61726922
61728171
61728199
61728307
61726498
61728254
61758650
61728261
61726595
61727603
61728445
61758851
61727094
61727345
61727374
61728599
61726886
61728591
61759021
61728574
61726675
61727612
61728984
61728164
61728970
61728615
61729003
61727239
61728312
61759257
61727729
61729122
61728876
61729117
61759521
61727916
61729309
61729498
61729534
61727660
61729365
61759788
61729362
61727626
61728427
61729748
61729769
61729709
61760190
61729689
61731512
61760022
61728591
61729942
61728232
61729835
61760356
61729791
61729231
61729159
61730067
61728279
61730137
61760881
61730301
61760618
61730273
61728486
61729239
61730536
61729440
61730665
61730365
61730732
61761299
61730677
61761037
61730704
61761216
61730717
61728855
61729720
61731041
61731045
61731081
61729330
61730984
61761407
61731018
61761375
61729583
61729975
61730556
61731341
61731441
61731456
61729682
61731387
61761759
61731333
61729597
61730309
61731558
61729848
61731704
61729624
61730523
61731793
61731373
61731638
61762242
61731527
61761873
61730319
61730498
61730674
61731923
61730814
61732025
61730278
61731969
61762416
61731990
61762398
61730747
61730998
61731037
61732337
61732553
61732422
61762896
61732534
61730440
61731281
61732537
61732681
61732673
61730717
61732549
61732325
61762678
61731244
61732565
61732413
61732557
61730875
61732617
61763026
61732651
61763099
61731449
61731635
61732254
61732827
61763130
61731667
61731781
61732236
61733021
61763680
61732987
61731893
61732212
61733308
61763768
61733343
61763771
61733337
61732712
61732221
61733521
61733269
61733585
61763923
61733472
61731624
61732424
61733796
61733896
61733758
61732058
61733814
61764186
61733746
61764346
61733783
61732170
61732810
61734131
61734159
61734246
61732512
61734115
61764511
61734173
61732458
61733087
61734357
61733513
61734400
61734076
61734413
61764884
61734399
61732428
61733242
61733061
61733842
61734699
61734221
61734558
61765005
61734541
61732856
61733541
61734790
61733039
61734946
61733074
61733700
61734949
61734977
61735064
61733313
61735069
61765465
61734974
61734414
61733950
61735199
61732959
61734740
61735621
61733781
61735499
61735361
61765755
61735272
61734712
61734262
61735634
61735689
61735602
61735257
61735570
61765966
61735526
61733606
61734646
61735898
61734065
61735138
61766343
61735828
61735217
61734763
61736186
61735838
61736175
61734390
61736044
61766635
61735971
61766387
61736132
61735521
61735108
61736378
61735117
61736486
61766989
61736346
61735714
61735356
61736581
61767071
61736543
61734609
61735478
61736727
61736454
61736893
61767185
61736702
61735017
61735753
61737053
61737095
61737131
61767482
61737439
61735095
61735922
61737294
61737394
61737328
61735519
61737224
61767834
61737727
61735519
61736231
61737480
61737631
61737718
61735844
61737549
61767996
61737505
61735769
61736556
61737877
61737881
61737917
61736057
61737813
61768260
61737769
61768121
61736604
61736732
61737324
61738181
61737223
61736687
61738056
61768530
61737946
61737335
61737359
61738246
61768530
61736939
61738404
61738538
61738451
61736765
61738419
61768917
61738426
61736690
61737426
61738675
61738330
61738694
61769176
61738677
61738066
61737653
61738953
61739053
61739068
61737171
61738951
61738768
61769159
61737516
61739032
61739060
61738973
61769540
61738927
61769370
61737770
61737919
61737972
61739293
61738524
61739411
61737623
61739379
61769802
61739260
61769612
61738095
61737719
61738314
61739734
61770093
61739110
61739844
61738097
61739809
61770035
61738467
61738595
61738795
61740020
61770315
61738702
61738851
61739460
61740245
61739951
61740237
61770863
61740727
61770692
61740322
61738474
61739264
61740657
61739522
61740662
61739093
61740603
61770884
61739330
61739530
61740050
61740958
61739135
61740891
61771212
61740837
61771245
61739659
61739787
61739963
61741263
61741305
61741362
61740959
61741296
61771959
61741360
61739496
61740361
61740129
61740937
61741620
61740013
61741625
61772184
61742162
61772004
61740508
61741952
61741700
61742016
61772284
61741852
61772255
61740780
61742152
61740405
61742059
61772554
61742104
61740269
61741059
61742380
61742470
61742383
61740793
61742375
61772822
61742396
61772748
61741180
61741380
61741900
61742685
61742367
61742755
61773076
61743135
61773098
61742792
61741005
61741703
61743075
61741767
61743013
61743044
61743029
61741292
61743048
61773593
61743486
61773462
61743092
61741356
61742106
61743355
61742685
61743470
61743136
61743575
61741889
61743492
61774016
61743481
61773899
61743478
61741770
61743191
61743447
61742151
61743332
61743624
61774079
61742659
61743860
61743392
61743729
61774179
61743678
61774099
61743729
61741993
61742729
61744101
61744224
61744332
61742598
61744150
61774773
61744224
61774768
61744269
61774869
61744371
61774755
61744435
61775011
61744513
61742576
61743318
61744834
61745029
61744963
61744584
61744921
61743263
61743220
61744860
61742982
61743891
61745161
61744443
61745249
61745342
61745204
61743597
61745288
61775646
61745220
61743334
61744148
61745469
61745606
61745570
61743874
61745514
61775984
61745470
61744889
61744470
61744217
61744483
61745834
61744440
61745741
61745841
61744032
61745680
61745988
61744203
61745800
61746057
61776466
61744588
61746197
61776366
61744876
61746197
61776534
61745164
61746221
61776558
61745170
61746440
61776754
61746266
61745655
61745201
61746501
61745364
61746691
61745136
61746748
61777117
61746629
61745997
61745708
61745332
61745758
61747130
61746248
61747105
61747208
61747121
61746920
61747185
61746840
61747300
61777757
61747156
61777843
61747230
61777590
61746252
61747501
61745819
61747473
61777831
61747405
61745570
61746298
61745634
61746458
61747851
61777920
61747097
61747984
61778486
61746513
61746065
61747298
61748104
61748211
61748247
61748329
61748351
61748416
61748299
61747015
61747549
61747027
61778642
61748394
61748210
61748691
61748474
61746890
61748763
61748546
61748326
61747918
61748633
61747912
61778973
61748801
61748545
61748847
61779100
61748747
61747147
61746840
61748854
61747415
61748698
61779477
61748278
61749178
61749005
61747741
61746947
61749098
61748803
61749107
61779640
61747797
61749295
61748976
61749437
61779580
61748028
61749486
61749511
61749288
61748744
61747875
61780133
61779773
61747568
61749749
61749730
61749614
61748347
61748646
61749132
61749940
61749582
61748126
61749574
61748646
61748706
61748717
61749885
61749458
61750071
61749963
61750098
61750247
61748622
61780646
61748553
61749208
61749035
61749078
61749212
61750257
61750397
61750450
61750495
61749289
61748478
61781057
61748857
61750777
61749408
61750504
61750593
61750646
61749885
61781052
61750423
61749440
61750894
61748767
61750588
61749417
61750868
61781229
61750230
61750919
61749041
61750125
61750969
61751253
61749180
61749555
61750078
61749602
61751208
61750126
61751434
61751681
61781889
61750435
61751475
61749532
61751709
61751517
61751811
61782154
61750627
61751640
61751860
61782039
61750182
61750800
61750583
61750542
61752231
61751762
61751743
61750160
61782084
61751152
61752052
61752037
61752097
61752116
61752178
61752382
61752353
61751085
61782594
61752010
61751215
61751712
61751084
61750850
61752294
61750905
61751421
61752581
61782892
61752468
61750647
61751324
61751886
61752571
61751032
61752785
61751665
61752948
61753013
61753113
61753077
61751916
61752318
61751703
61783298
61753067
61783628
61753240
61752127
61752339
61753078
61752935
61751246
61753382
61752618
61783631
61752717
61753206
61751774
61753444
61753326
61752801
61753759
61753494
61753211
61753620
61753547
61753509
61751714
61753758
61753146
61751748
61753939
61752583
61784146
61753915
61753725
61753866
61784018
61753958
61753337
61752778
61753650
61784514
61753424
61754273
61754587
61753179
61753573
61753068
61784683
61754490
61753800
61753357
61752813
61753068
61753264
61754439
61752968
61754742
61754737
61754587
61754145
61754874
61763476
61794852
61764600
61764420
61763359
61764450
61795253
61794925
61764673
61764849
61764717
61763531
61763728
61765000
61764904
61765181
61795352
61762956
61763807
61765241
61765129
61765250
61765215
61764183
61765366
61765408
61765016
61763700
61795645
61795637
61795527
61795463
61795519
61763804
61764998
61795684
61763313
61764486
61765287
61765346
61765351
61765440
61765418
61765463
61765581
61764820
61763516
61796087
61765586
61765462
61764406
61764016
61796128
61763957
61765857
61765742
61765978
61764146
61765277
61765901
61765971
61765945
61765946
61766023
61766055
61766050
61766284
61766091
61765529
61766145
61766232
61765221
61764643
61765988
61766396
61766452
61765172
61765143
61765034
61766346
61766397
61766518
61766510
61766620
61764554
61797151
61766520
61765466
61766664
61766729
61766674
61765597
61765222
61766666
61766918
61765653
61797039
61765142
61765723
61765810
61766906
61767121
61767318
61766437
61797466
61766910
61766102
61766596
61767414
61765934
61766216
61766101
61766256
61766288
61766139
61767426
61767666
61767739
61767717
61797801
61765970
61767801
61766278
61767585
61767850
61767783
61766720
61766644
61766559
61768319
61767987
61768017
61766770
61798522
61767817
61767561
61766835
61768145
61768263
61768383
61766259
61766609
61768367
61768300
61768397
61766303
61766835
61768557
61768661
61767845
61767258
61768592
61768672
61767751
61799063
61767510
61767292
61768057
61766980
61767036
61768597
61767902
61768957
61769009
61769198
61799315
61767367
61768452
61767825
61769416
61768084
61768095
61769126
61768801
61799435
61799699
61767580
61768188
61768076
61769260
61769562
61768182
61799763
61768219
61769383
61769527
61799661
61769652
61769610
61769628
61767904
61769695
61768003
61799950
61769503
61769994
61770074
61769176
61800395
61769051
61770134
61769465
61800744
61769990
61769045
61769710
61770511
61800702
61770516
61770252
61770536
61768491
61770207
61770422
61770637
61769555
61769467
61770686
61770871
61768507
61768639
61771015
61769611
61768960
61769219
61770199
61770820
61771133
61771240
61801343
61771054
61769910
61771190
61770610
61801833
61770357
61801635
61769627
61770188
61771117
61771589
61801947
61770432
61771451
61771558
61801777
61770508
61770176
61801963
61801846
61802201
61771656
61771488
61771745
61769621
61771312
61770281
61771619
61770177
61769886
61770275
61771599
61770126
61771593
61771712
61771826
61802133
61770704
61770072
61770072
61802473
61771921
61772658
61772411
61802583
61772471
61772221
61772392
61802818
61771263
61772416
61771296
61770779
61772619
61772466
61803196
61771388
61771465
61772465
61772677
61771012
61772850
61772804
61771475
61803251
61773032
61772741
61773076
61803365
61771759
61773182
61803191
61771834
61772855
61772855
61771954
61773576
61773310
61803389
61772549
61773364
61803707
61772765
61773584
61771624
61771995
61772312
61773790
61803815
61772490
61773646
61803911
61773847
61772351
61804228
61772761
61773740
61774008
61772366
61772636
61774182
61804135
61772872
61774285
61804657
61772937
61773772
61772817
61774409
61774238
61804644
61772849
61774176
61804433
61772921
61774149
61774253
61804623
61804839
61773596
61773680
61772959
61772651
61774388
61772452
61774229
61773280
61774745
61804965
61773527
61774177
61774069
61774613
61774773
61774907
61773098
61773212
61773015
61773668
61774776
61773028
61774484
61774900
61773741
61773599
61775287
61773714
61774768
61775163
61773080
61805247
61805293
61775280
61774700
61773171
61774136
61775432
61805879
61775284
61774268
61775318
61805589
61805687
61806056
61775302
61774380
61775797
61806198
61774657
61775831
61806326
61774387
61775855
61775387
61775751
61775900
61775070
61775515
61775814
61775634
61775167
61776303
61776038
61774277
61775949
61774893
61774373
61776000
61774869
61775957
61775596
61778022
61774717
61806739
61775378
61776257
61806576
61775228
61776532
61774921
61776622
61775896
61775706
61776789
61774910
61775667
61776830
61776717
61776907
61807292
61775798
61777149
61807507
61775784
61777060
61777259
61807683
61775798
61777236
61775399
61777033
61775289
61776339
61807622
61775935
61777307
61776890
61776421
61807707
61776668
61777371
61807697
61776717
61777406
61776789
61775916
61778060
61775750
61776995
61777807
61776675
61776473
61777332
61777594
61776969
61777781
61777243
61777038
61778068
61808438
61776953
61778376
61777939
61778268
61808447
61777050
61776688
61777207
61778507
61808848
61777791
61778093
61778108
61776209
61777082
61778262
61808718
61777284
61778546
61808994
61778423
61777836
61778660
61778556
61778711
61778603
61808823
61777327
61777392
61777462
61778144
61809183
61777754
61779068
61777318
61778911
61776909
61778309
61779200
61778931
61777898
61778816
61779236
61778748
61779327
61779172
61809364
61777967
61779243
61777612
61779304
61809435
61778134
61779490
61778661
61779435
61777834
61779903
61777579
61778427
61779751
61779511
61779703
61777516
61779775
61779736
61810046
61778391
61779910
61779466
61779269
61810337
61779792
61777944
61778741
61780028
61779601
61780030
61810565
61779928
61779272
61779112
61810417
61779934
61779939
61778030
61778803
61780165
61779673
61780157
61810542
61780054
61778185
61780007
61780470
61782097
61779181
61780118
61780482
61810848
61779302
61780602
61778971
61780520
61780520
61810981
61779504
61780842
61788959
61782531
61782527
61782464
61813646
61783022
61781054
61781857
61781265
61782143
61782582
61782303
61783586
61783011
61783621
61783372
61783900
61782020
61781970
61783642
61783119
61782781
61782477
61782835
61784071
61782282
61783939
61814653
61783959
61782223
61814390
61783124
61784015
61782119
61782988
61782337
61783318
61784471
61784160
61784405
61815018
61784415
61782655
61783432
61783128
61784509
61784694
61784459
61784826
61815232
61784669
61815021
61783731
61783889
61785008
61785208
61815540
61784198
61785358
61783515
61785304
61783602
61785369
61783612
61785515
61783686
61785452
61815592
61785942
61816025
61784110
61784785
61815890
61784792
61785291
61785782
61815928
61785515
61815899
61785688
61816157
61785787
61783891
61784882
61786268
61786197
61816352
61786002
61816378
61786066
61786231
61786253
61816765
61786266
61816663
61785047
61784578
61785760
61786596
61785848
61785090
61784985
61786498
61786650
61816822
61785305
61786719
61786795
61784999
61817236
61786093
61786677
61786879
61787070
61786038
61786017
61786692
61785534
61786992
61787028
61785315
61817415
61786552
61787187
61785539
61787425
61817810
61787274
61817632
61787213
61817703
61787277
61817651
61787302
61817889
61787390
61817643
61787875
61818017
61787537
61787352
61785402
61786363
61786945
61786369
61787551
61788005
61787593
61787941
61787565
61787878
61786339
61787988
61785937
61788071
61818445
61788367
61818566
61786146
61787848
61788236
61818647
61788653
61788063
61788422
61786524
61787672
61818666
61788295
61786426
61787243
61786579
61788353
61788655
61790155
61788569
61786757
61788575
61786880
61787864
61788726
61788462
61788625
61789001
61788653
61788898
61786961
61787980
61789144
61819640
61788014
61789188
61788050
61787136
61787874
61787210
61789105
61819614
61789291
61787777
61789499
61787779
61789491
61789290
61789661
61789237
61789514
61787780
61789393
61789681
61819951
61788244
61788063
61788802
61788181
61787661
61789500
61789919
61788174
61790013
61789617
61790130
61790229
61788597
61788725
61820346
61790088
61820544
61790206
61789978
61790191
61790098
61789062
61789036
61790098
61788331
61788895
61788367
61789079
61788295
61789106
61788493
61788988
61820727
61790393
61790334
61788764
61789251
61789929
61789819
61790628
61790297
61790699
61789014
61790712
61789542
61790927
61790087
61789260
61789574
61788859
61790785
61790689
61791064
61789180
61790935
61789178
61791112
61791058
61791115
61791120
61821488
61790527
61791438
61791015
61791547
61790300
61791497
61790127
61821867
61791395
61821840
61791536
61791278
61789386
61791336
61821712
61821962
61791430
61791751
61791935
61822183
61790618
61792044
61791546
61791910
61790122
61791923
61791568
61792066
61822474
61790809
61791353
61791960
61792268
61790524
61792345
61792151
61792539
61791409
61791246
61791442
61790459
61793018
61790881
61792377
61792844
61823137
61792700
61823215
61792207
61792618
61793041
61791736
61793221
61791940
61791222
61791264
61793205
61791434
61793190
61792742
61793188
61791188
61791459
61793177
61791856
61793334
61791961
61793250
61791908
61792398
61793162
61823551
61792972
61793480
61791719
61793622
61793175
61792164
61793691
61791876
61792282
61791522
61793700
61824148
61793661
61793133
61824145
61793839
61824287
61793868
61793783
61793146
61794040
61794065
61793344
61794238
61792903
61792170
61792713
61824393
61794067
61824825
61794252
61794120
61794565
61794467
61793911
61794200
61792661
61794510
61793226
61792442
61794231
61824968
61794468
61792273
61825013
61794477
61825054
61795096
61825177
61794583
61792956
61794839
61793517
61825155
61794736
61825192
61794841
61794816
61825106
61794826
61825114
61794848
61825218
61794700
61793976
61793990
61793728
61825496
61795181
61794757
61795193
61793909
61793485
61795071
61825727
61795355
61795117
61795430
61795068
61795258
61794603
61795323
61794653
61795486
61825833
61795392
61795639
61793913
61795741
61795834
61795795
61794627
61826275
61795392
61795686
61796116
61794924
61794038
61796107
61796063
61826443
61796515
61826475
61796086
61826363
61796145
61794559
61796346
61796538
61796427
61795371
61794885
61796455
61795294
61795791
61795234
61826940
61796549
61796280
61796768
61795425
61795867
61796652
61827077
61796924
61796703
61826992
61796566
61826990
61796855
61795203
61796894
61795835
61796948
61795742
61827350
61795293
61797142
61797433
61795773
61795922
61827573
61797524
61795760
61797479
61796748
61796774
61797299
61827960
61797440
61797170
61797239
61828194
61797579
61797439
61797896
61796516
61828202
61797592
61797959
61798011
61798153
61828351
61798245
61797753
61798271
61797052
61796369
61798132
61828879
61798496
61797226
61797778
61798435
61796917
61798728
61797222
61828895
61798797
61798466
61798817
61797813
61796729
61797504
61798995
61797688
61829281
61799081
61799117
61797630
61829180
61798285
61797602
61797840
61829483
61799323
61797640
61799486
61799554
61797435
61799347
61797752
61799659
61798913
61798867
61797767
61799441
61799349
61798198
61798405
61830031
61799658
61799833
61798265
61799632
61830310
61799892
61829834
61799657
61830463
61799840
61798120
61800119
61798777
61799165
61799905
61830440
61800156
61798947
61798054
61800110
61800159
61799001
61800240
61800142
61800704
61800485
61799146
61800640
61799691
61831065
61800106
61799138
61800857
61799569
61798956
61799385
61800982
61799698
61831059
61800907
61799193
61801045
61799892
61800186
61800556
61811720
61810048
61811753
61811368
61811753
61810558
61842137
61811066
61811558
61811535
61842104
61811703
61811523
61811839
61810551
61842361
61812031
61811166
61842268
61811996
61842129
61811941
61811774
61810664
61810785
61842829
61812330
61811512
61810414
61812595
61810531
61810702
61842690
61812259
61811648
61812358
61812226
61810938
61812486
61810912
61812465
61811028
61812883
61811530
61843224
61812887
61813161
61812257
61812905
61843532
61813141
61810957
61813003
61813141
61811775
61812748
61811266
61811415
61812919
61843471
61813160
61812929
61813191
61812132
61812444
61811775
61843387
61813102
61813326
61812459
61813258
61843940
61813503
61812690
61811383
61813072
61812010
61813360
61844200
61812183
61843775
61813539
61813538
61813856
61812568
61844082
61813839
61812668
61844050
61813285
61812289
61812321
61811930
61813791
61812401
61814288
61812734
61844606
61814346
61813110
61844451
61814305
61813394
61814131
61844630
61814224
61813166
61844464
61814233
61813117
61813437
61814758
61812702
61814318
61813463
61814272
61844854
61814632
61814684
61813242
61814575
61813154
61814830
61813672
61812967
61814889
61813370
61813735
61845005
61814940
61814781
61813561
61814894
61813165
61813723
61845509
61815264
61814069
61845989
61815459
61814400
61845773
61815674
61813875
61815721
61815298
61815707
61814471
61813708
61815615
61846133
61815046
61814536
61814663
61816030
61814538
61816346
61816116
61816054
61816501
61816445
61816291
61816611
61816431
61816280
61816376
61814908
61816644
61815383
61816535
61815576
61846904
61816836
61816919
61815680
61815179
61817040
61815776
61847485
61817176
61816125
61815008
61817014
61816982
61816391
61817216
61816960
61817138
61815666
61817443
61816231
61847764
61816648
61816619
61817216
61816032
61816287
61847711
61817427
61817595
61816260
61817444
61817390
61817549
61816223
61817535
61816466
61847857
61817517
61816967
61815616
61816242
61847914
61817734
61817664
61815751
61816900
61816505
61817632
61816147
61817879
61817467
61817985
61816704
61848031
61817950
61816724
61848417
61818043
61818021
61817907
61816256
61818272
61817497
61816303
61817067
61848658
61818441
61817283
61816559
61818481
61816748
61818482
61849037
61818627
61818853
61817915
61818780
61817753
61849328
61819069
61817665
61849254
61819158
61817798
61849468
61819256
61849338
61818904
61818819
61818319
61819017
61819277
61817922
61819066
61817584
61819324
61818050
61849683
61819373
61819341
61819238
61817439
61818814
61818801
61849863
61819647
61820112
61818585
61817878
61819931
61818595
61849912
61819684
61818784
61850140
61819814
61818684
61850212
61819879
61818810
61818162
61818468
61850377
61820097
61818752
61850154
61819394
61818357
61818968
61820079
61819929
61818816
61820487
61820371
61819333
61821023
61818382
61820461
61820228
61820627
61819188
61850921
61820750
61819517
61850996
61820935
61819674
61819032
61820786
61819212
61821064
61819626
61851605
61820939
61851646
61821241
61819833
61851504
61821244
61820011
61851739
61821447
61821136
61819586
61820498
61820039
61819978
61821155
61821381
61820064
61821504
61821029
61821503
61821280
61821597
61819576
61821489
61819908
61821760
61820325
61821647
61820581
61820059
61820519
61852120
61821944
61820248
61821950
61820498
61852398
61822163
61821019
61852457
61822286
61820974
61852465
61822280
61822152
61820225
61822492
61822062
61821537
61822733
61822241
61820445
61822540
61821383
61852960
61822708
61821685
61852936
61821417
61853223
61822824
61822031
61852988
61822859
61821444
61821266
61823091
61822854
61822604
61821867
61821657
61821623
61822931
61822787
61821589
61823276
61823324
61822044
61823180
61823017
61822721
61823526
61823273
61821454
61823409
61854019
61823604
61822350
61854113
61823679
61822391
61854345
61823866
61823772
61823133
61854044
61824124
61822714
61824011
61822908
61854500
61824336
61823079
61822798
61822858
61825578
61824355
61824167
61826121
61826483
61825904
61824338
61826283
61825417
61856574
61826403
61825379
61856817
61826646
61826426
61825387
61826537
61826780
61825551
61826940
61825800
61857258
61826981
61825940
61857212
61825857
61857332
61827059
61857708
61827373
61826123
61857902
61827494
61826309
61857947
61827741
61828071
61827453
61826938
61827106
61826560
61825813
61827526
61826347
61827774
61827226
61827865
61827678
61826736
61827767
61827290
61828566
61827886
61858833
61828566
61827344
61859117
61828635
61828531
61828399
61826513
61828632
61827447
61828710
61827621
61859114
61828800
61828590
61828474
61828872
61828838
61828376
61827843
61828804
61828409
61828369
61828081
61827586
61829424
61827976
61829394
61828044
61829224
61829923
61829613
61829470
61827903
61829633
61828674
61860145
61829745
61827813
61829771
61829824
61829859
61827691
61829852
61828726
61860157
61829893
61828618
61860269
61829992
61828129
61829957
61829809
61829351
61830071
61860418
61830384
61830293
61830409
61860578
61830453
61829292
61860689
61830562
61828983
61860914
61829150
61860883
61830719
61829098
61830893
61829534
61830676
61829797
61830998
61829928
61861314
61831112
61830939
61830730
61830411
61831102
61830506
61861656
61831093
61829485
61829698
61831259
61861508
61831443
61830183
61862038
61831332
61831116
61830047
61831686
61831926
61831799
61831913
61829855
61831936
61830813
61832090
61831863
61832225
61831418
61832041
61831576
61862583
61832407
61832269
61830723
61831361
61832689
61831422
61832301
61831690
61862859
61832600
61832605
61832868
61862872
61832846
61831459
61832588
61832115
61832001
61832820
61830813
61831580
61863032
61832913
61831768
61863305
61831383
61832336
61832025
61830968
61833049
61831786
61863557
61832989
61831405
61833182
61833207
61831916
61863442
61833286
61833011
61832891
61832445
61833164
61833330
61831922
61863777
61831742
61833402
61833092
61832222
61833591
61832303
61863565
61833601
61832443
61833532
61832418
61863996
61833621
61832059
61833809
61832425
61864147
61834018
61832730
61864399
61834000
61864358
61832327
61834124
61833269
61834195
61832791
61864592
61832869
61833989
61834023
61832676
61834399
61833669
61834305
61833527
61833926
61834547
61865099
61834586
61834305
61834813
61833552
61865062
61833199
61865168
61834839
61834467
61834979
61834726
61833730
61865209
61835127
61835406
61833693
61865325
61835070
61834986
61834924
61835148
61834858
61833882
61834533
61834489
61865489
61835504
61835454
61835206
61834192
61835506
61834922
61865693
61834139
61865703
61835776
61835587
61834081
61834392
61835654
61834503
61866307
61835927
61835584
61835778
61833658
61834209
61865895
61835784
61834350
61835555
61835168
61835934
61834862
61866692
61836173
61836287
61835197
61836282
61836050
61836467
61834226
61835993
61834450
61834972
61835633
61836263
61866860
61834891
61836771
61835404
61867104
61836736
61866939
61836585
61835382
61836536
61835467
61866960
61836659
61836391
61836732
61866826
61836790
61835437
61835075
61834716
61836771
61835733
61836911
61835722
61867434
61835426
61836854
61835717
61835374
61835592
61837177
61835869
61867237
61837198
61835841
61835932
61837096
61836976
61867555
61837393
61837299
61837138
61835469
61837609
61837413
61837594
61835453
61837491
61836498
61867983
61836435
61867976
61837723
61837632
61837622
61835950
61837785
61836686
61836289
61836411
61837883
61836646
61836356
61837874
61838232
61836058
61838273
61836955
61836579
61836224
61838343
61836888
61836635
61838242
61838488
61868677
61838560
61836826
61837325
61838180
61838030
61869117
61837250
61838793
61838985
61836981
61839002
61837684
61837154
61837406
61869409
61837710
61838935
61869550
61839416
61838391
61837228
61839375
61838286
61837712
61837813
61839390
61838745
61869613
61839449
61837729
61837937
61838583
61838791
61869830
61839744
61838148
61839506
61837622
61839734
61838433
61839405
61838969
61838945
61869966
61839711
61838460
61870289
61839821
61839859
61839808
61837777
61840003
61839899
61839937
61837930
61840129
61838773
61840122
61840150
61839818
61838231
61840351
61838888
61840045
61839554
61840334
61839074
61840077
61838616
61840548
61838398
61839167
61871008
61840688
61840710
61841117
61871224
61840922
61839599
61840588
61839514
61871067
61840969
61871235
61840964
61839816
61871407
61841097
61839686
61840850
61839432
61839518
61841394
61841240
61841024
61839417
61841509
61840174
61872029
61841523
61839643
61841167
61841244
61871815
61841656
61841446
61841240
61871864
61841660
61841614
61840555
61872115
61841764
61840652
61839663
61872492
61842075
61841065
61842492
61840141
61842234
61841060
61840595
61840540
61842519
61841369
61873157
61842626
61842349
61842346
61842262
61841833
61842610
61841541
61873170
61841293
61842704
61841797
61873291
61842991
61841612
61873165
61842941
61842275
61841744
61841012
61841224
61843136
61841670
61842692
61841180
61841769
61843240
61842047
61841449
61842436
61843165
61842025
61873642
61843281
61843186
61843396
61873607
61841716
61843538
61842164
61841716
61842163
61842840
61843646
61843357
61841523
61843489
61843529
61843310
61841569
61843829
61843760
61843125
61842286
61841952
61844119
61842530
61842898
61874452
61842499
61843919
61842820
61874471
61842391
61841909
61843961
61843806
61843313
61844200
61843152
61842580
61842555
61844352
61844563
61843196
61844710
61844476
61843785
61874764
61844690
61844644
61844958
61874901
61844704
61843546
61843194
61844371
61844737
61844392
61843447
61844764
61844129
61875157
61844888
61844657
61843570
61842742
61844905
61875203
61843550
61875503
61845146
61844922
61845000
61875307
61845027
61844917
61844124
61875449
61845272
61845397
61844690
61875783
61845494
61845403
61845639
61875785
61845515
61845315
61845609
61843863
61875509
61845301
61845136
61845050
61843281
61845441
61845310
61844289
61875745
61843759
61845533
61845412
61843804
61845664
61844554
61844164
61843744
61845750
61844706
61844138
61844719
61845885
61844872
61876433
61844480
61846202
61845086
61844617
61844320
61846467
61846769
61845668
61876978
61846543
61846429
61845237
61846359
61845527
61876697
61846647
61846730
61845525
61877230
61847022
61847231
61847107
61877440
61847281
61845684
61846807
61845289
61846648
61845966
61846931
61845921
61845503
61846573
61847370
61846127
61845661
61845326
61847398
61846206
61845643
61846366
61847301
61846099
61845602
61846645
61847264
61846089
61847282
61877733
61847687
61846352
61877974
61845925
61847480
61846267
61877935
61847201
61846262
61847242
61846403
61878242
61846199
61847716
61847122
61878236
61847980
61847852
61846857
61878298
61846696
61878125
61848103
61846599
61847844
61846718
61848015
61846803
61847801
61847276
61848006
61847207
61878660
61848383
61848271
61847223
61848136
61847966
61878953
61848948
61848180
61847671
61879458
61848860
61846651
61848774
61847506
61848704
61846910
61849098
61848919
61849103
61879633
61847916
61847983
61849060
61848556
61847260
61848053
61847691
61847710
61848533
61848700
61879754
61849461
61879702
61849371
61848736
61879483
61847973
61849551
61849344
61849792
61879670
61849798
61847914
61849640
61848424
61880025
61848215
61849875
61848813
61880371
61849249
61848737
61850006
61849947
61849482
61848977
61850130
61849436
61848496
61849364
61850045
61848894
61850133
61880577
61850245
61850130
61880571
61850128
61849545
61850226
61849124
61850282
61850309
61849733
61850541
61849349
61850279
61880866
61850912
61850596
61850982
61849150
61849508
61850754
61851269
61849468
61849551
61851203
61851724
61850274
61881685
61849992
61881722
61851510
61850466
61882154
61851778
61851520
61850320
61851380
61881812
61851663
61850738
61851771
61850471
61850129
61851024
61851740
61850363
61852022
61851162
61852037
61851787
61851157
61882504
61850437
61851899
61851823
61850890
61852218
61851902
61851393
61852203
61850886
61882727
61851008
61852227
61850895
61852009
61882479
61851066
61852567
61851088
61852135
61850425
61852579
61852359
61851467
61883123
61851013
61852739
61851212
61852858
61851451
61850855
61852808
61853088
61883264
61853149
61852808
61851873
61851288
61852902
61883430
61853191
61853027
61850931
61853098
61853025
61851863
61851035
61853223
61853054
61853471
61863595
61864528
61865524
61865386
61865618
61895983
61864002
61865598
61864331
61865566
61863871
61896166
61865778
61864200
61865828
61863718
61865797
61865574
61865962
61896083
61865839
61863860
61866024
61866106
61896293
61865999
61865908
61864805
61864373
61864090
61866189
61866554
61864231
61866191
61896615
61866336
61866714
61865248
61865053
61865298
61864904
61864570
61866737
61866683
61865581
61865086
61865584
61865742
61866290
61865755
61866809
61897424
61867349
61867136
61867519
61897592
61867405
61867334
61875431
61867323
61868752
61869260
61867831
61868560
61868275
61869072
61867716
61867364
61868348
61869149
61868542
61868436
61899664
61869371
61869267
61869571
61899784
61868027
61869543
61868255
61869751
61868757
61900040
61869980
61869803
61900245
61868952
61900499
61869443
61869426
61900639
61870256
61870087
61870285
61900403
61869245
61870310
61869685
61870449
61870532
61900727
61870635
61870598
61870120
61901386
61869584
61871001
61870750
61871115
61901141
61869796
61871051
61869752
61871183
61901493
61871159
61871204
61870029
61901649
61871327
61871678
61870260
61901732
61871554
61871267
61870291
61869781
61901818
61871659
61870314
61871426
61870584
61901984
61871737
61871004
61870379
61871296
61901931
61870026
61871710
61902291
61871608
61871919
61902243
61870334
61871902
61871836
61870821
61902453
61872126
61871880
61870582
61871157
61902156
61871998
61871243
61871050
61872059
61870840
61870330
61871263
61870915
61872113
61871893
61871376
61902517
61871390
61872362
61872119
61871207
61902880
61871216
61872431
61871284
61872710
61871499
61903171
61871648
61872899
61871437
61872443
61903240
61872983
61873115
61872278
61903320
61873120
61872099
61903610
61873499
61873754
61872004
61871121
61873076
61872024
61873505
61903648
61872605
61873568
61873446
61872357
61871792
61873355
61903907
61873524
61873437
61872419
61873342
61904013
61873804
61873590
61872528
61873480
61904065
61873790
61873673
61903963
61873880
61873763
61872864
61904361
61872414
61872000
61875813
61873841
61872810
61874144
61904560
61872934
61874343
61874443
61904752
61874597
61874609
61873833
61905072
61872637
61874914
61875238
61873594
61874649
61905330
61875027
61874848
61874293
61905458
61874865
61905372
61875249
61875110
61874338
61873416
61905745
61874954
61875455
61875500
61905573
61873977
61875343
61874199
61875397
61906005
61874113
61875677
61874554
61873973
61906048
61875026
61874484
61875142
61906060
61876000
61875769
61876128
61906319
61876137
61874912
61873926
61876158
61876160
61875960
61876219
61906574
61876325
61876210
61875937
61875774
61876324
61876419
61906528
61876439
61876259
61875324
61907074
61876402
61874467
61875818
61875648
61876397
61874660
61876796
61876562
61875602
61875068
61874696
61877034
61874746
61876623
61876805
61876779
61876582
61875712
61876875
61875662
61877089
61907481
61877170
61877130
61875942
61876918
61876771
61877259
61877103
61907382
61876407
61877452
61876682
61876644
61877616
61877449
61907696
61877538
61877801
61876265
61908011
61877641
61877346
61875992
61876192
61907737
61876647
61877475
61876482
61907730
61907908
61877852
61876692
61877735
61877303
61878097
61876734
61878185
61908503
61878229
61878208
61876960
61878042
61908597
61878204
61877194
61877998
61876285
61878592
61878241
61877227
61876884
61908972
61878667
61878612
61877536
61909203
61876712
61878978
61878678
61877421
61878602
61909075
61878994
61876552
61877478
61909187
61876640
61878568
61877215
61878803
61878654
61877765
61909608
61877953
61909443
61878858
61877268
61877536
61879145
61909335
61879287
61878906
61878389
61909613
61879335
61879259
61878487
61877972
61878991
61909396
61879309
61879078
61878295
61877686
61909700
61879485
61879308
61878308
61877788
61909764
61879614
61879701
61878489
61878044
61877915
61910381
61879868
61879288
61878698
61878127
61910299
61910321
61879989
61879905
61879248
61878251
61877991
61880223
61879972
61878772
61910559
61878171
61880168
61878962
61879903
61910463
61879345
61879514
61879102
61878623
61879642
61880637
61879210
61880263
61910877
61880780
61880733
61880626
61880726
61880837
61880504
61879655
61879551
61878846
61880904
61879610
61880964
61911317
61879667
61881108
61879855
61880137
61879220
61881106
61880879
61879926
61879343
61911445
61879589
61881338
61881091
61880233
61879955
61880528
61881298
61881310
61880691
61911726
61880287
61912129
61880834
61881827
61881651
61880664
61879917
61911845
61881523
61880499
61881375
61911951
61880314
61881868
61881781
61880713
61880268
61912145
61881967
61882280
61881969
61912287
61882188
61882177
61881263
61912576
61880902
61882476
61882153
61881107
61880740
61884039
61912505
61882195
61880946
61881967
61882066
61912609
61882527
61882211
61881244
61880751
61912664
61882717
61882711
61882671
61881353
61882824
61913155
61882865
61882568
61882672
61881289
61913049
61881801
61882632
61881362
61882430
61913110
61881613
61882910
61882734
61881623
61881908
61881382
61881340
61881847
61883298
61881966
61881566
61883377
61883265
61882035
61883154
61883051
61882610
61883405
61882199
61883167
61913654
61883560
61882464
61882816
61881730
61882084
61913810
61883560
61883329
61882256
61883149
61913685
61881982
61883382
61883684
61883661
61881677
61883571
61882281
61883630
61883691
61914213
61884162
61882703
61884150
61914231
61884112
61883630
61882996
61883663
61881991
61884182
61883503
61883009
61881876
61883910
61882653
61884070
61882889
61884418
61884658
61882603
61884730
61884580
61883533
61884463
61914981
61884522
61883088
61882631
61884685
61883332
61884882
61915377
61884994
61884715
61883677
61883102
61884619
61915172
61883611
61884983
61884794
61883898
61915242
61883910
61884982
61883841
61885248
61883844
61884818
61915527
61884042
61884887
61883153
61885348
61885219
61884144
61883575
61883268
61885504
61885522
61885349
61915885
61885716
61885594
61884487
61885582
61915925
61885818
61886007
61884658
61885708
61916350
61885991
61885828
61885793
61884771
61884141
61916066
61885950
61885951
61916400
61884839
61916708
61884132
61886197
61885990
61885177
61886001
61884254
61885106
61886269
61885015
61884610
61884369
61886390
61886388
61885853
61886500
61886259
61885426
61916925
61888337
61884646
61886516
61885465
61886412
61885732
61887107
61887168
61885968
61887269
61886460
61885954
61885345
61917574
61885182
61917271
61886390
61886424
61885528
61885447
61885331
61887375
61886194
61887029
61917748
61887479
61886398
61886169
61887350
61885297
61887344
61887490
61886655
61917628
61886509
61887579
61886243
61887321
61917822
61887981
61887805
61918324
61886481
61886135
61918139
61888156
61887893
61887296
61886326
61918345
61888183
61888471
61888217
61885986
61887739
61887351
61888234
61888102
61886879
61887895
61887366
61886812
61887633
61888585
61888454
61888334
61886549
61888740
61888022
61888490
61918858
61888743
61888542
61887288
61887365
61919062
61888793
61888939
61887548
61886792
61888662
61887501
61888955
61887544
61888989
61887968
61889428
61919857
61887474
61889478
61889536
61889520
61888613
61919656
61889130
61889676
61888201
61919843
61889690
61889487
61888979
61919980
61889922
61888796
61889615
61888703
61888162
61919891
61888511
61889671
61889636
61888772
61888371
61920218
61888587
61889082
61890053
61889919
61889096
61920395
61890199
61890244
61889138
61890065
61920729
61889012
61889416
61890257
61920639
61890363
61890381
61889155
61888834
61888471
61890672
61888713
61890439
61890603
61920990
61890911
61889948
61889644
61890376
61921066
61889558
61890670
61890720
61889613
61889933
61888938
61889258
61890897
61891253
61889744
61890763
61921370
61890188
61891099
61890901
61889778
61890764
61889892
61889026
61891279
61891120
61890228
61891579
61921695
61890631
61891443
61890675
61891391
61890230
61889676
61893204
61891354
61890819
61891667
61891597
61890668
61922044
61890454
61891720
61890295
61891662
61891928
61921933
61891868
61890945
61922390
61891317
61892289
61892032
61892183
61890844
61890722
61892190
61890994
61892431
61922751
61891172
61892442
61892297
61892304
61890686
61890379
61892468
61892438
61891524
61890884
61890563
61892590
61892625
61892665
61891681
61891216
61891115
61891692
61890898
61893080
61893006
61892009
61891571
61891223
61893354
61893133
61892433
61891704
61923649
61891569
61893472
61893368
61891998
61893055
61891696
61892100
61923927
61892071
61893525
61891888
61893404
61924028
61893756
61893250
61893752
61892587
61924303
61893680
61892447
61892149
61891794
61893913
61893922
61893892
61892117
61892389
61893126
61892618
61893565
61891818
61893924
61893840
61892840
61892557
61892136
61893985
61893912
61894193
61893012
61892765
61892305
61894384
61894310
61893169
61894082
61924779
61893299
61924798
61894690
61894506
61893279
61894665
61924876
61894672
61894505
61893597
61894610
61924984
61894544
61894142
61894898
61893782
61925069
61895077
61895030
61893636
61895186
61925468
61893626
61893957
61893715
61895207
61893954
61895606
61925787
61894327
61895184
61925804
61895473
61903729
61897347
61927642
61897500
61897408
61896616
61928344
61896250
61898242
61928323
61897404
61897787
61897567
61898187
61898732
61897270
61896699
61896317
61897670
61898533
61898360
61897499
61896910
61896617
61898805
61898017
61897467
61898459
61897031
61898581
61896746
61899248
61899117
61898566
61929617
61897641
61899407
61899142
61898066
61899192
61929703
61898876
61898010
61899222
61899340
61899554
61898385
61897982
61897767
61898302
61899729
61898411
61899724
61930116
61898223
61929857
61899726
61899005
61929830
61899952
61899867
61898816
61899702
61899685
61897789
61899967
61900317
61899178
61898436
61930312
61900362
61900175
61899017
61898613
61901950
61900498
61930722
61900641
61900584
61899485
61899006
61899618
61900719
61899629
61900337
61930916
61898941
61900763
61900087
61899774
61900657
61931196
61900302
61901167
61900975
61899929
61900692
61931310
61899490
61900391
61900299
61899590
61899288
61898971
61901197
61901109
61901641
61900999
61901366
61931557
61899942
61901401
61901447
61900739
61931870
61901412
61900158
61901299
61899966
61900968
61931496
61901463
61901399
61900105
61901621
61901552
61901456
61932082
61901848
61901787
61900510
61900978
61932580
61900092
61902393
61902181
61902119
61902068
61900876
61901503
61900978
61900160
61900888
61932614
61902298
61902177
61932309
61902245
61902522
61932747
61900511
61901838
61901292
61902113
61932665
61902704
61902605
61901273
61902488
61902256
61900546
61902795
61902549
61901471
61902419
61900706
61902921
61902867
61902845
61933000
61902481
61900867
61902997
61903399
61903132
61902276
61903029
61903055
61901913
61933238
61902394
61933419
61903553
61902292
61933809
61901345
61903475
61903276
61903631
61933756
61903624
61903426
61901950
61902386
61933954
61901545
61903613
61902452
61903479
61934196
61903902
61903801
61904009
61934500
61904038
61902740
61934256
61902550
61904128
61902779
61904067
61934643
61903108
61904511
61903021
61902947
61934800
61904598
61902903
61904707
61904600
61904343
61904489
61902943
61902862
61904906
61904720
61904227
61904934
61904220
61935341
61904968
61935346
61904987
61903267
61905140
61904950
61904437
61935620
61903719
61905439
61904484
61905554
61904161
61935728
61904709
61905588
61905378
61904411
61903812
61936001
61904338
61905604
61905655
61904372
61904033
61903639
61905848
61905828
61904444
61905108
61936472
61905149
61936227
61905641
61905796
61936293
61904554
61905766
61904502
61905676
61905879
61936567
61904812
61906105
61906442
61904904
61904661
61905529
61906304
61906256
61906089
61905613
61906486
61906341
61905285
61906342
61936748
61905151
61906694
61905154
61906619
61904786
61905767
61906404
61905573
61937021
61905805
61906705
61906639
61905699
61904946
61905380
61936932
61906776
61906599
61905574
61904951
61904620
61906760
61906143
61937282
61906728
61906782
61937339
61907203
61907104
61906390
61937267
61907060
61937415
61905837
61937637
61905821
61907128
61906918
61905900
61906926
61937377
61907322
61937478
61907492
61907324
61906803
61906114
61905710
61906605
61907368
61907377
61907685
61937906
61937868
61907651
61907597
61906309
61907856
61938205
61905874
61906859
61907818
61906435
61907573
61907978
61906656
61906290
61938434
61906546
61908187
61908145
61907990
61908002
61907601
61908305
61908657
61907152
61908104
61907870
61906204
61908420
61908336
61907280
61908197
61938553
61906566
61908586
61908523
61907406
61908679
61906789
61907339
61939158
61907840
61908782
61908641
61908137
61939409
61908147
61909106
61909021
61907878
61908611
61909238
61906994
61909145
61909163
61908046
61907458
61939492
61907758
61909370
61909646
61908347
61939930
61908070
61908115
61908650
61908018
61909547
61939930
61907973
61909540
61908229
61907482
61909598
61939726
61908762
61939777
61908312
61908165
61909578
61908502
61909502
61908090
61907972
61909804
61908454
61910133
61940214
61910024
61909974
61909963
61908886
61909769
61908759
61909421
61910335
61910261
61909696
61908698
61940706
61909136
61910388
61910305
61909382
61910362
61910417
61940590
61909144
61910235
61908995
61909427
61908894
61940925
61910710
61910660
61941032
61910789
61909601
61909024
61941046
61909619
61910830
61910706
61910131
61909270
61911096
61941312
61909591
61911227
61910973
61911205
61911220
61911085
61911434
61941549
61911323
61941795
61910755
61941954
61910669
61911497
61911433
61911302
61910331
61911336
61911529
61909583
61911826
61911919
61912254
61911823
61910897
61942255
61912055
61911321
61910867
61910310
61942269
61911890
61910900
61912152
61910892
61912075
61942463
61912369
61912332
61912269
61911237
61912283
61911332
61956381
61926241
61926191
61924848
61926049
61956439
61926299
61926211
61956590
61926207
61925241
61926185
61924311
61926496
61926353
61926304
61925272
61926103
61956824
61926258
61924481
61926628
61926037
61957014
61926026
61926827
61927027
61925640
61926396
61957271
61925763
61927066
61927219
61926869
61925786
61957737
61926109
61927554
61927376
61927404
61926857
61958221
61925576
61926307
61927875
61926142
61926287
61925960
61926971
61927765
61927697
61926241
61927859
61926239
61958225
61926790
61928043
61927943
61958200
61928118
61926115
61925882
61928009
61928044
61926647
61958369
61926090
61928171
61928040
61927032
61928254
61926504
61927019
61928412
61927076
61928574
61958866
61927678
61928479
61926861
61927057
61928084
61958613
61928603
61928692
61928527
61927520
61928323
61958936
61927300
61928290
61928811
61928803
61928564
61928063
61929076
61928832
61927889
61928796
61959614
61927862
61927102
61929217
61929640
61928592
61959736
61927321
61929458
61928761
61929256
61928726
61927793
61959641
61929578
61929517
61928089
61929761
61959996
61927523
61929636
61929205
61928485
61929521
61960134
61929973
61929871
61928457
61929687
61929868
61960020
61929936
61929944
61929820
61929279
61960616
61928087
61930323
61930211
61930084
61930365
61929234
61961110
61929088
61930546
61929173
61930309
61960891
61929762
61930587
61928573
61930574
61929733
61929568
61928801
61930837
61929778
61930303
61931166
61961619
61931429
61931519
61931433
61930496
61961873
61931592
61929589
61931530
61930433
61929923
61961850
61931719
61961822
61931813
61930344
61930703
61962254
61931141
61932054
61930157
61932245
61930756
61931737
61962486
61932127
61932110
61930791
61930466
61930251
61930684
61931169
61932538
61932849
61931266
61932240
61962861
61931440
61932689
61962894
61932751
61932616
61931659
61932497
61963019
61931412
61932997
61933270
61931611
61932768
61932707
61963398
61931295
61933067
61932974
61933521
61963755
61933548
61933474
61932111
61932159
61963773
61932809
61933569
61933297
61933670
61933479
61964011
61932792
61933592
61932928
61932255
61932400
61932479
61964088
61932118
61933642
61933575
61932372
61933377
61931986
61963917
61932671
61933954
61931729
61933749
61932553
61933641
61964233
61932717
61934131
61934119
61933077
61934267
61933031
61964657
61932186
61934589
61934590
61933248
61933542
61934482
61965169
61934995
61964905
61934038
61934626
61965034
61933538
61934965
61935059
61933843
61933120
61935156
61933152
61934587
61933879
61934728
61965671
61933229
61935390
61935244
61934148
61934373
61933922
61965923
61934870
61935644
61935593
61935518
61965898
61935564
61934871
61965991
61934917
61935826
61935981
61934947
61966449
61937522
61934992
61966183
61934276
61936122
61936277
61934860
61936026
61966515
61935028
61936230
61934017
61936235
61936654
61966532
61936271
61935267
61966560
61935539
61936388
61936393
61935287
61936279
61966902
61934417
61936690
61936024
61936491
61936386
61935814
61934919
61934547
61936564
61936610
61966765
61936673
61936188
61967381
61935769
61936897
61936789
61935634
61936681
61967153
61934927
61937043
61967206
61936844
61935744
61936688
61967563
61936312
61937089
61937001
61937055
61936228
61937159
61967927
61935509
61935906
61967610
61937495
61937454
61967785
61937475
61936847
61937706
61937248
61936179
61968141
61936524
61937749
61936166
61937861
61937465
61968314
61936233
61938064
61938092
61937989
61936967
61937911
61968357
61936966
61938206
61936559
61938247
61938277
61938479
61938266
61937694
61936902
61938274
61937741
61936787
61968620
61936810
61937541
61937848
61938594
61938476
61937752
61938394
61969413
61938090
61938894
61938714
61938542
61937613
61937251
61969178
61939108
61938999
61937660
61937997
61937269
61938408
61969587
61937531
61939222
61939015
61938008
61938680
61939307
61969947
61938398
61969754
61939525
61939219
61938262
61939458
61969775
61937486
61939579
61939445
61937823
61939754
61938597
61937980
61937621
61939689
61939560
61938680
61940040
61970539
61940637
61970476
61939986
61939963
61941156
61939943
61940320
61940927
61941877
61972451
61940748
61972589
61941189
61942560
61942373
61941457
61942530
61941195
61942732
61942606
61942977
61943049
61973264
61941667
61943105
61942997
61941939
61942839
61942564
61941222
61943236
61941410
61943336
61942474
61973965
61941493
61943694
61943706
61942227
61942558
61942150
61974205
61942019
61944036
61944047
61943207
61942993
61943999
61942474
61944323
61944116
61943125
61942591
61974735
61942535
61944498
61944434
61943444
61944796
61944454
61975159
61944328
61944648
61944388
61943206
61944643
61944579
61943295
61943351
61975206
61943920
61944868
61944944
61944787
61943983
61975326
61943671
61944999
61944925
61943968
61944895
61975438
61944006
61945378
61944966
61945354
61945130
61944084
61944996
61975668
61944149
61945446
61945339
61945503
61945331
61944292
61945670
61944991
61976274
61945114
61945816
61945728
61944553
61976049
61945732
61945223
61976542
61943880
61946143
61946089
61944839
61945958
61945995
61946317
61976404
61944918
61944556
61946546
61976986
61945039
61946837
61946674
61946638
61946983
61946882
61946182
61946628
61945378
61946869
61977018
61944750
61946877
61947029
61946853
61945848
61945760
61977444
61945030
61946718
61977370
61946868
61946882
61946936
61945918
61946828
61977353
61946257
61947181
61947069
61947680
61977734
61947102
61947423
61945670
61977694
61946669
61947641
61947395
61946269
61946966
61945907
61977909
61945632
61947742
61947506
61947915
61947746
61947113
61946091
61978372
61946738
61947973
61948389
61946913
61946876
61946436
61948085
61978715
61946808
61948413
61948268
61947190
61948336
61948625
61948453
61947370
61948527
61948712
61978957
61947298
61948805
61949108
61947539
61946971
61978968
61947241
61947417
61947474
61948835
61947561
61947910
61947397
61979294
61947863
61949242
61949520
61947822
61949152
61979753
61947383
61948028
61947436
61979654
61947311
61949304
61948202
61947644
61947567
61948031
61947813
61979743
61947966
61949674
61949702
61948195
61948375
61949511
61948333
61948779
61949593
61949723
61949911
61949767
61948814
61949693
61980437
61948181
61950148
61949961
61949923
61949322
61949988
61949001
61948155
61950202
61950117
61950144
61949164
61950582
61948274
61950431
61949417
61948452
61950426
61950340
61981212
61949022
61950709
61981132
61950756
61950574
61949984
61949052
61981001
61949311
61950906
61951346
61949935
61951310
61949499
61949208
61981231
61949396
61951118
61981528
61951323
61951305
61950724
61981900
61949398
61951449
61951374
61951311
61981452
61950020
61949672
61949392
61951549
61951656
61951430
61950555
61951317
61950003
61949418
61951688
61951395
61950694
61949916
61981984
61949901
61951702
61982042
61950829
61951329
61981779
61950154
61951825
61951653
61950648
61950851
61951896
61950793
61982525
61949975
61951978
61951864
61950952
61950380
61950110
61952261
61952138
61950570
61951989
61950867
61951911
61982519
61951702
61952616
61952666
61951368
61952804
61951288
61950870
61950460
61951129
61952916
61952703
61952888
61951727
61951162
61950855
61952981
61952852
61952741
61951658
61952910
61983484
61983244
61951868
61953354
61953153
61951530
61951919
61983776
61953378
61953182
61952610
61953104
61955109
61952256
61984070
61953612
61953416
61952724
61951886
61983774
61953730
61951788
61951964
61953490
61953502
61984126
61954199
61953058
61984183
61953234
61954107
61953958
61953837
61952880
61953813
61984447
61951961
61954166
61954103
61953978
61953349
61952426
61984372
61953069
61954294
61954135
61953103
61954455
61953033
61954508
61984804
61953780
61954629
61954517
61954916
61953292
61954824
61984972
61952654
61954625
61954553
61954845
61954754
61954619
61953601
61953122
61955046
61955277
61953749
61985169
61954965
61955215
61985612
61954326
61953866
61954789
61985599
61954324
61955173
61955235
61955070
61954062
61955078
61985783
61954243
61953575
61955589
61955560
61954600
61955287
61986063
61954976
61955787
61955692
61954332
61955633
61954428
61986251
61953830
61956083
61955951
61954571
61956196
61986355
61955283
61956329
61954175
61955669
61954963
61955907
61986638
61954270
61956359
61956217
61956546
61955327
61986789
61955437
61956660
61955865
61955264
61956776
61987177
61955579
61954960
61954605
61956649
61956541
61955462
61956932
61955070
61987014
61956757
61987334
61957063
61957121
61987644
61955078
61957320
61957202
61957244
61956090
61956265
61987730
61956569
61957442
61957429
61955500
61956105
61957590
61987982
61955601
61956515
61987951
61957868
61957787
61957793
61956737
61956285
61988062
61956737
61958129
61956701
61957961
61956587
61958107
61958082
61957159
61957925
61988680
61956991
61958477
61958430
61958357
61957349
61958379
61957427
61989198
61957956
61958805
61958735
61957614
61957056
61989038
61957690
61958955
61957713
61958914
61957571
61957894
61957395
61989428
61959269
61957967
61959345
61989564
61958398
61989451
61959495
61957834
61959168
61989799
61957415
61959545
61959653
61958246
61958610
61959398
61958653
61958959
61959804
61959738
61958596
61959444
61989941
61959957
61959797
61957670
61959957
61959131
61959755
61958668
61960173
61990683
61959586
61960400
61960316
61959185
61960625
61990864
61990820
61959733
61990766
61960297
61960186
61959213
61960557
61990965
61958534
61960681
61960661
61959328
61960445
61991127
61960556
61958809
61958553
61960720
61960746
61960709
61960657
61959642
61991337
61961036
61960873
61961344
61959915
61960886
61991617
61960438
61959553
61961393
61961374
61959753
61960682
61961541
61961542
61960202
61961762
61992221
61959918
61960839
61991884
61960900
61961714
61961763
61961714
61960676
61961808
61992491
61961415
61962278
61960322
61962157
61961858
61960836
61960823
61992588
61960167
61962136
61962048
61962050
61961429
61962179
61961301
61992887
61961738
61962615
61962568
61962509
61961621
61960387
61962374
61961609
61993058
61960688
61962903
61962687
61962119
61961073
61964365
61992954
61962590
61961460
61962260
61992982
61962838
61962993
61962953
61962863
61962976
61962827
61963124
61993356
61962978
61993698
61962351
61963227
61963095
61962352
61962842
61993591
61961215
61961920
61961201
61963454
61963428
61962328
61962610
61994124
61961660
61962196
61963644
61963684
61962611
61963789
61962402
61962650
61994447
61963124
61963901
61963742
61962909
61963750
61963424
61963735
61962223
61964111
61964061
61962807
61964174
61994609
61962908
61963166
61994680
61963219
61964516
61964312
61963737
61962821
61994979
61963992
61964739
61964840
61963555
61963792
61995394
61995279
61963632
61965138
61964846
61963255
61995178
61965190
61965174
61965046
61964261
61964621
61965630
61995773
61963806
61965511
61965331
61964348
61965059
61995810
61964845
61965696
61965575
61964116
61965788
61963932
61996022
61963585
61965749
61965901
61964493
61965167
61964285
61966058
61995990
61965939
61965824
61965713
61965024
61964372
61996348
61964791
61966101
61964536
61966012
61965176
61966182
61996690
61966645
61965753
61965282
61966694
61964936
61996575
61964763
61966734
61966653
61965356
61966981
61997352
61965538
61966886
61966597
61964898
61966868
61966897
61965465
61965640
61997198
61966741
61997318
61966989
61966901
61967567
61965920
61967332
61965620
61967073
61965574
61997667
61965587
61967559
61967425
61966468
61998114
61967790
61967811
61967687
61966696
61966871
61998033
61967866
61967686
61967634
61966856
61998416
61965971
61966626
61998453
61968137
61966945
61967742
61998507
61966983
61968355
61968352
61968204
61998803
61968419
61999315
61967866
61968677
61968664
61967448
61968047
61966888
61998878
61966847
61967002
61968549
61968538
61967756
61968783
61967372
61967705
61967212
61999318
61967728
61969148
61968103
61969298
61967989
61968677
61999358
61967081
61999299
61969412
61969557
61968163
61968243
61999850
61968710
61969457
61969434
61969381
61968066
61969356
62000218
61969017
61969876
61969685
61968514
61969281
61967669
61969809
61969735
61969686
61969721
61969061
62000415
61968101
61970102
61970110
61968761
61969459
61968673
62000504
61969167
61970227
61970037
61969029
61970021
62000705
61970442
61970351
61970240
61969194
61969130
62000759
61969180
61970494
61969250
61969874
61970732
61968571
61970801
61970713
61970708
61970030
61971011
62000922
61970982
61970860
61969891
61970776
62001538
61969194
61971280
61971219
62001486
61970353
62001471
61969600
61971161
61971044
61970062
61971016
62001590
61969191
61969655
61971439
61971402
61971392
61970038
61971398
61970632
62001888
61969995
61971668
61971349
61970382
61969862
62001952
61970413
61970921
61971869
61971884
61970863
61972320
62002652
61970166
61972129
61972131
61970991
61971467
62002914
61974007
61971437
61972152
61970901
61971965
61972309
61971031
61972094
61970619
62002536
61971762
61972704
61970881
61972572
61972001
61970928
61970644
61972709
61972761
61971528
61972715
62003178
61971625
61971001
61972930
61972958
61971547
61972669
62003349
61970967
61973108
61973126
61971718
61972997
62004497
61974548
61973805
62005263
61974128
61975004
61974947
61974342
61973495
61975159
61974062
62005537
61975298
61974038
61974073
62005493
61974047
61975420
61975749
61975004
62006196
61975017
61975842
61975682
61974631
61975927
62006199
61974751
61976000
61976375
61974133
61976243
61975970
61974950
61975931
62006528
61974124
61974903
61974199
61976312
61976191
62006767
61976360
61976237
61974540
61975337
61976610
61976495
61975406
61975438
62007011
61976641
61976652
61976603
61975656
61975027
62007070
61976142
61976895
61975206
61977312
61977249
62007625
61976227
61977052
61977053
61976987
61975907
61975452
62007431
61976013
61977259
61977342
61977331
61976171
61977518
61976333
61977242
62008018
61976459
61977797
61977704
61976624
61977619
61976638
61976337
62008458
61976142
61978182
61977058
62008606
62008651
61978422
61978331
61976920
61977615
61977036
62008696
61976709
61978373
61978467
61977319
61978800
62009267
61978893
62008932
61978727
61978800
62008876
61978533
61978399
61977573
61978938
61978817
61977778
61978561
61977161
62009105
61978978
61978997
61978026
61978064
62009825
61978531
61979335
61979218
61979094
62009729
61977938
61979340
61978165
61978997
61978284
61979177
62009729
61978074
61979700
61979687
62009996
61979506
61978489
61978058
62010030
61978392
61980029
61978845
61979048
61980029
61979558
61980145
61979021
61979396
61978832
61978437
61979398
61980514
61980889
61979296
61980398
62011192
61980158
62010866
61978806
61980438
61980182
61980092
61979108
61979277
61980406
62011088
61978594
61980888
61980896
62010956
61980755
61980749
61979591
61980230
62010985
61978676
61980744
61980762
61979481
61980744
61979642
61980989
61979387
62011252
61981175
61981169
61980979
61979729
61979706
61981112
61980109
61979424
61982942
62011356
61981344
61981362
61981364
61980521
61981180
62011814
61981010
61979525
61981556
61981455
62011894
61981636
61980527
61981775
61980308
61983566
61981721
61981244
61982092
61981414
61980899
61981932
61980434
62012323
61982249
61982034
62012228
61981884
61982382
62012413
61980573
61982223
61981514
61980717
61981555
61982087
61982111
62012521
61981085
61982457
61982292
61981452
61980870
62012819
61981197
62013067
61982761
61981415
62013085
61982819
61982509
61982166
61982950
61982949
61982374
61980727
62013232
61982998
61982264
61981783
61996435
62028387
61997455
61998457
61998295
61996915
61998081
62028785
61996252
61998309
61997622
62029021
62000235
61997224
61996498
61998638
61998725
61997362
61998392
62029305
61998024
61997516
61997524
61998875
61998724
61997620
61997788
61997179
62029278
61997641
61998049
61998935
61999481
62029460
61999074
61999272
62029453
61998349
61999379
61999281
61999300
61998245
61999589
61998343
61998993
62029671
61999646
61999599
61999492
61998439
62029913
61997916
61998209
61999732
61999993
61999701
61998747
62000173
62030425
61998017
61998604
62030419
61999969
61999898
61998661
62000190
61998481
62030389
62000194
61999024
62000225
61998667
62030782
61999238
62000443
62000375
61999347
61999308
61998945
62030743
61999153
62000693
62000085
62000620
62000475
61999791
61998971
61998503
62000783
62000453
61998499
61999451
62031185
61999480
62000743
62000646
62000749
62001041
61999654
62000577
62031159
61999297
62001012
62000880
62001132
61999834
62001288
62031550
61999142
62001196
62001334
62001104
62000212
62001132
61999758
62000667
62032182
62000380
62001701
62001715
62000359
62000731
62032233
62001141
62002020
62032233
62001909
62001592
62032048
62001813
62032584
62000021
62002161
62002094
62001077
62002281
62000592
62032863
62000412
62002542
62001248
62001553
62002748
62001439
62000966
62032994
62001917
62002810
62002760
62001051
62001053
62001411
62033241
62002009
62002871
62003074
62001783
62002638
62033287
62002849
62033403
62001558
62003105
62003004
62002989
62003099
62001791
62003258
62033592
62002335
62003314
62003452
62002164
62003715
62003509
62033778
62002651
62002276
62001979
62003530
62003661
62002477
62003321
62033822
62002120
62003770
62003078
62002700
62003714
62034451
62003929
62003992
62002762
62002778
62002388
62034601
62004415
62003582
62002940
62003969
62034515
62004157
62034863
62004476
62003117
62004336
62034931
62002656
62003155
62004715
62004664
62035221
62004439
62003639
62035347
62004668
62035185
62004833
62004427
62003587
62005154
62035432
62003100
62005200
62005178
62003890
62003598
62003835
62003468
62003263
62005246
62005237
62005068
62004036
62005161
62004093
62035779
62004204
62005552
62005427
62004488
62005168
62035987
62004015
62004134
62005461
62005752
62003328
62003680
62005604
62005509
62004327
62005226
62035991
62005704
62005736
62006131
62004826
62005672
62005457
62003815
62005907
62005296
62004593
62005927
62036467
62005973
62005607
62003914
62004388
62006001
62006084
62006120
62004761
62006345
62036674
62004319
62006421
62006347
62004569
62006339
62005045
62006209
62036755
62005140
62006711
62006712
62005420
62006487
62004902
62005547
62037034
62006773
62006723
62006713
62005903
62006642
62037255
62007013
62007052
62037355
62007048
62007139
62006387
62006876
62005084
62006701
62006112
62006113
62037949
62006630
62037824
62007407
62007456
62007458
62006917
62006022
62037956
62006230
62007671
62037747
62006990
62006571
62007621
62038164
62006081
62008077
62007935
62006866
62006068
62007897
62007884
62006041
62008212
62008158
62008207
62008182
62007246
62007984
62010170
62007027
62038623
62008421
62007637
62007422
62008634
62009097
62039305
62009164
62039186
62007414
62008923
62007687
62008076
62039628
62007169
62007571
62039197
62008880
62007800
62007955
62039568
62039355
62007605
62009190
62008098
62007543
62039532
62009553
62008595
62009423
62009179
62008099
62009395
62039881
62007393
62008148
62008273
62008855
62008254
62009493
62040320
62007733
62009900
62009713
62009712
62008899
62009603
62040311
62008807
62008009
62010074
62009929
62008921
62010176
62040434
62009242
62010180
62010089
62008941
62008240
62009706
62040621
62008443
62010570
62010294
62009201
62010186
62040779
62010636
62010739
62010702
62010957
62009721
62041562
62008985
62009682
62011216
62011007
62009709
62009983
62041455
62041230
62011173
62009889
62009993
62009343
62010418
62009715
62011348
62011278
62010312
62011232
62009703
62041953
62010084
62011498
62011510
62010697
62009978
62041899
62011805
62011734
62010392
62010976
62011939
62011972
62012155
62010898
62012434
62042683
62011631
62012459
62012259
62012170
62010731
62010959
62012065
62011980
62042491
62011004
62012555
62012377
62011130
62011241
62012673
62010589
62011104
62011887
62042724
62010373
62012537
62012449
62012346
62011392
62012305
62012545
62012324
62010604
62012744
62012184
62011413
62012500
62011873
62012814
62011554
62010992
62043080
62012005
62013022
62012841
62012829
62011798
62012742
62043561
62011051
62011810
62013029
62013128
62043675
62011825
62011551
62011285
62011947
62013573
62013364
62012435
62012539
62013439
62044234
62011698
62013712
62013764
62013819
62012801
62014199
62015758
62044478
62011863
62014014
62014121
62013872
62012875
62014276
62044529
62014133
62012417
62012969
62014447
62014252
62013172
62013324
62012780
62044857
62013376
62044862
62014642
62014605
62014683
62013552
62014475
62045023
62013452
62014064
62014765
62045249
62012693
62015021
62015104
62014176
62015501
62014041
62045796
62014489
62015300
62015183
62013158
62015424
62015456
62015146
62014579
62045987
62013260
62015445
62015360
62015464
62014732
62045957
62014284
62013963
62015500
62015378
62045768
62014537
62046287
62045983
62014418
62016089
62015998
62014983
62015876
62046439
62014777
62014270
62014594
62016063
62016065
62014897
62015929
62046289
62015088
62016236
62016124
62046664
62016161
62015631
62014633
62046719
62015072
62015116
62016502
62016557
62015212
62016218
62047037
62015794
62016633
62016692
62016662
62015422
62016452
62047300
62014778
62016964
62016776
62015577
62047150
62016197
62017061
62016922
62016907
62025367
62017000
62017023
62019265
62018575
62017933
62018587
62018992
62049805
62018171
62019430
62018080
62019409
62018442
62050184
62017607
62019870
62019816
62020130
62018683
62019727
62050223
62019877
62018647
62050060
62018495
62019984
62019907
62020001
62019387
62020062
62020400
62018613
62050783
62018994
62020585
62020410
62019402
62020647
62051082
62018905
62019181
62050662
62020551
62020562
62020588
62019652
62020616
62051118
62019897
62020210
62021059
62020962
62019470
62019163
62021327
62021150
62020006
62021043
62021213
62051934
62020664
62021612
62020844
62020069
62021741
62021154
62051852
62021318
62020269
62021611
62020320
62020413
62051986
62020959
62021859
62021734
62019812
62021224
62020722
62021516
62052052
62020479
62022067
62022058
62022053
62021051
62021896
62020536
62021189
62052704
62021211
62022463
62021214
62022381
62053142
62022064
62022718
62022476
62022861
62021703
62023015
62022272
62053576
62023426
62023416
62023189
62022207
62023438
62021565
62053572
62022010
62053416
62023383
62022546
62021596
62053748
62022088
62023710
62022100
62023736
62022524
62023663
62054297
62021791
62024003
62023826
62023842
62022889
62023208
62022881
62054582
62021948
62024225
62024161
62024160
62023117
62023989
62054587
62023100
62024373
62023994
62024358
62024315
62023747
62054930
62054588
62023109
62024875
62024744
62023298
62024741
62023417
62054934
62023854
62024671
62024518
62023497
62024366
62055022
62024940
62054875
62023155
62024729
62024702
62023627
62023365
62055348
62026626
62024809
62023150
62022898
62023831
62023366
62055349
62023174
62023871
62025568
62025597
62024254
62025550
62056049
62027321
62025116
62023393
62025509
62025496
62025573
62024388
62025404
62056089
62023616
62025756
62055919
62025857
62025701
62025727
62024620
62025547
62056174
62025909
62026102
62026367
62026228
62026140
62024818
62025752
62056435
62024883
62026166
62025464
62024777
62026048
62025928
62056423
62026416
62026208
62026156
62026525
62026438
62026344
62056608
62026419
62025285
62056821
62024653
62026837
62026058
62026652
62025620
62026974
62026897
62056926
62026855
62026854
62025785
62026640
62057197
62027194
62027082
62025739
62027310
62027158
62026346
62027188
62057758
62025544
62027452
62027610
62027428
62026354
62027556
62026220
62025779
62025406
62027604
62027502
62028203
62026518
62028042
62027576
62026469
62058084
62027025
62027936
62027145
62026708
62027984
62058281
62026035
62028104
62058411
62027857
62027897
62027421
62026526
62058462
62026828
62026997
62028362
62027119
62027387
62026916
62058572
62026592
62028315
62028611
62028529
62027228
62028325
62028586
62027385
62028332
62058823
62028817
62028750
62028802
62028492
62028801
62027654
62029060
62059479
62028591
62059442
62029179
62029053
62028980
62028123
62029122
62059822
62027370
62029596
62028910
62059969
62029930
62029630
62060074
62029005
62029614
62028663
62028177
62059963
62029845
62059954
62029739
62028390
62029303
62060235
62028432
62029837
62029787
62028492
62029190
62029601
62028917
62060368
62028919
62030280
62030135
62029104
62030085
62060822
62028416
62030495
62028231
62030500
62029222
62030361
62060982
62030692
62030463
62028948
62030623
62030618
62029183
62060955
62030467
62030858
62061154
62029445
62030965
62030868
62029895
62029132
62061326
62029731
62030258
62031107
62031022
62030935
62030279
62029387
62061267
62029850
62031222
62061649
62031272
62030019
62031012
62061653
62031583
62031443
62031367
62030358
62029437
62030299
62061894
62030853
62031807
62031480
62030126
62031795
62030166
62062115
62032010
62030463
62062027
62032356
62062204
62030613
62031623
62062340
62030490
62032047
62031950
62031344
62030411
62062527
62030940
62031475
62032163
62031383
62062425
62031157
62031576
62031699
62031205
62062758
62031169
62032531
62032912
62031269
62032168
62030801
62032639
62032766
62033200
62031799
62032780
62063361
62032210
62033124
62033179
62033071
62031818
62032690
62063404
62031187
62033331
62033113
62033160
62032388
62033220
62033442
62063596
62032758
62033490
62033341
62032286
62033891
62031889
62032370
62063832
62033846
62033732
62032870
62031762
62033919
62032631
62033747
62032583
62032128
62064086
62032686
62034147
62034035
62033935
62032941
62064436
62033170
62064292
62034159
62033009
62034240
62064733
62064374
62032804
62034451
62064548
62034279
62033180
62032803
62064602
62033613
62034504
62034389
62034346
62033437
62033719
62034078
62064829
62033316
62064699
62034579
62034580
62034480
62033485
62034473
62065098
62033826
62033287
62032712
62034853
62035180
62033871
62034729
62065271
62033685
62035146
62035142
62033618
62034986
62033695
62034325
62033532
62033739
62033747
62035534
62035474
62034337
62035250
62065897
62034388
62035521
62035389
62034306
62035620
62035743
62033380
62035992
62034366
62066228
62034905
62035798
62035519
62034178
62035952
62034579
62035598
62066291
62033824
62036009
62036023
62035923
62034878
62035894
62036211
62035207
62034519
62066361
62036290
62036295
62036136
62035698
62036267
62066730
62035217
62034341
62036403
62035574
62036330
62035308
62036696
62034964
62034722
62036976
62036957
62036894
62035927
62035824
62036636
62067096
62035784
62037132
62037429
62036096
62036945
62067648
62037325
62035808
62037370
62035941
62037470
62067911
62035385
62037474
62037568
62037233
62037468
62036237
62036899
62036209
62036596
62035950
62068129
62036569
62037852
62035725
62037876
62037823
62036723
62038122
62068449
62036068
62036730
62038312
62037643
62036905
62068421
62038044
62037626
62038082
62068856
62038561
62036954
62037822
62038670
62038637
62037788
62037955
62068991
62037787
62038615
62038674
62038577
62037360
62038687
62038785
62038634
62069150
62036787
62038838
62038798
62038783
62037727
62038773
62069452
62040923
62038750
62038372
62039302
62039144
62038009
62038895
62069557
62037986
62038360
62037610
62038698
62038343
62039311
62069761
62038394
62039527
62039854
62069731
62039272
62039264
62069615
62039770
62039685
62039619
62038703
62037773
62039753
62038182
62037817
62040094
62039948
62038671
62039056
62038595
62038648
62038084
62040410
62040233
62040157
62039167
62040183
62071143
62071114
62040754
62040338
62040630
62040444
62039414
62039783
62071120
62039356
62040653
62040649
62039720
62040833
62039801
62040594
62071048
62039410
62041064
62040989
62041515
62039902
62040915
62041403
62071603
62039656
62040739
62039244
62040813
62040999
62039351
62041353
62040735
62041286
62041623
62040879
62040269
62041832
62040132
62071872
62041512
62040640
62040491
62041887
62041795
62041723
62040705
62041765
62072584
62040761
62072466
62042104
62041934
62041909
62041103
62040477
62072592
62042310
62040080
62042494
62042679
62042443
62041513
62042536
62073079
62040772
62041409
62040665
62042836
62043097
62041428
62042383
62072953
62040739
62041379
62042581
62042656
62042696
62041688
62041553
62073381
62040818
62041470
62043069
62042182
62043078
62042826
62040839
62043129
62042550
62042028
62043431
62041892
62073310
62043258
62043289
62043186
62042113
62042432
62041875
62041516
62042609
62043547
62043486
62043400
62042295
62043622
62041725
62073809
62042182
62043730
62073790
62043792
62042306
62043424
62074063
62043024
62043962
62043855
62042621
62042903
62042497
62074072
62044128
62043972
62043834
62042839
62043769
62042310
62074504
62043468
62042595
62044598
62044562
62043236
62044316
62074897
62074781
62044494
62044112
62044407
62043297
62044317
62074877
62042482
62044555
62044950
62075139
62042602
62043542
62044685
62044577
62044147
62044422
62075112
62044035
62044870
62044922
62044870
62043913
62045022
62043762
62075406
62044315
62045236
62045267
62045169
62044192
62044445
62045477
62045238
62043460
62043680
62045801
62045826
62045737
62044999
62045580
62045704
62044621
62043864
62044635
62046210
62045965
62045005
62046222
62076759
62044663
62044020
62046245
62046229
62046098
62045127
62045938
62076786
62045588
62046416
62046324
62046323
62045216
62046527
62046134
62044387
62046518
62045411
62046311
62076761
62046773
62046770
62044968
62046673
62045508
62046808
62077026
62045235
62046946
62046876
62047285
62047002
62045741
62045300
62048739
62077209
62047196
62046602
62045903
62047445
62077786
62046529
62047473
62047409
62046279
62046318
62077848
62045809
62047601
62047021
62047601
62046750
62047745
62046132
62078113
62046569
62078221
62047890
62046755
62047310
62047838
62078325
62048134
62048317
62048358
62056789
62048934
62080905
62048430
62050580
62050799
62050812
62049847
62050972
62081738
62049934
62081336
62051081
62051437
62081560
62050000
62051615
62051579
62050322
62050734
62051183
62049354
62050259
62051831
62051681
62050612
62051974
62082386
62053630
62050285
62052070
62050364
62052097
62052024
62050827
62050440
62082373
62050826
62052232
62052072
62052134
62052150
62050863
62052047
62082563
62050262
62052307
62052297
62052428
62052283
62051741
62052289
62082999
62050525
62051129
62052697
62051855
62052112
62051737
62051941
62051576
62083010
62051722
62052364
62053401
62051479
62053201
62052009
62053336
62083770
62052743
62053578
62053288
62083579
62052050
62053392
62084161
62053937
62053795
62084297
62052600
62054301
62054159
62052902
62053759
62053420
62052616
62052172
62054470
62054453
62054516
62054474
62053422
62054454
62054260
62084948
62052484
62054761
62054464
62054504
62053370
62054850
62052970
62084993
62053360
62053478
62085487
62055043
62054972
62054984
62053822
62054821
62085356
62053681
62055194
62055005
62054808
62054189
62053378
62085406
62053135
62053633
62055306
62054620
62053438
62055156
62054002
62053962
62085693
62054535
62055360
62055217
62055300
62054217
62055439
62055625
62086087
62054206
62054409
62055418
62086081
62053590
62055382
62055856
62055980
62054747
62056132
62086480
62054005
62056111
62056040
62054709
62056191
62056348
62055193
62056288
62087057
62054445
62056506
62056469
62055031
62056404
62055720
62056292
62087097
62055984
62056847
62056918
62087061
62055450
62056589
62055202
62056977
62054988
62057207
62056979
62056962
62087465
62055079
62057246
62056772
62057133
62055732
62056004
62057076
62055990
62055256
62057334
62057295
62057376
62056492
62057105
62088087
62056473
62056568
62057620
62056181
62088025
62056118
62057582
62057551
62056467
62058161
62057847
62088440
62058285
62058165
62057899
62056731
62058257
62088733
62056932
62088427
62058285
62058292
62058160
62057193
62058056
62088794
62057717
62058566
62058612
62056924
62058580
62057326
62058414
62088844
62057785
62058534
62057851
62058441
62058698
62058246
62089166
62058930
62058863
62058758
62057470
62058954
62057212
62089221
62058771
62057737
62059205
62059040
62058390
62058733
62057279
62057399
62057146
62059208
62059157
62059145
62057939
62057920
62089702
62057753
62059213
62089654
62059290
62058423
62090020
62058785
62059489
62058793
62059414
62058358
62059332
62057877
62058358
62058047
62059760
62059439
62090077
62059948
62059680
62058449
62060207
62058314
62090207
62060236
62058352
62059288
62060174
62060018
62060030
62059008
62059900
62090283
62059538
62060387
62060323
62059594
62060561
62060330
62059079
62059378
62058783
62090751
62060694
62060568
62060465
62059471
62090703
62060544
62059536
62091203
62090967
62059624
62060942
62060800
62059731
62061168
62059857
62060904
62061268
62060657
62059252
62060833
62059898
62060524
62059793
62091874
62060112
62061758
62059962
62061659
62060420
62061785
62092175
62059707
62062089
62061970
62059583
62061717
62060566
62062037
62092347
62059860
62061908
62062015
62061886
62061950
62060839
62061986
62062230
62092311
62062244
62079252
62078063
62078791
62077759
62109723
62078763
62077685
62079681
62079640
62078501
62078740
62110336
62077838
62078240
62079750
62079747
62079684
62078758
62078677
62079469
62110032
62079160
62079961
62080177
62078670
62110544
62078577
62079412
62110476
62078162
62080402
62110429
62080030
62080320
62078430
62110495
62078919
62080586
62080573
62110898
62079336
62078881
62110843
62079030
62080680
62080615
62079612
62079889
62079455
62080412
62111103
62078868
62081087
62081017
62080990
62079671
62079844
62079186
62079721
62079387
62081188
62079798
62081025
62079902
62081238
62080227
62080934
62111674
62079440
62079851
62081460
62080671
62080158
62081633
62079807
62111656
62079999
62081505
62079995
62081532
62081883
62080419
62081391
62079884
62112042
62081136
62081896
62112099
62080637
62080250
62112064
62080001
62082251
62082043
62081930
62081350
62080541
62112306
62081667
62080523
62082063
62082181
62081132
62080635
62112337
62080837
62112465
62082345
62082771
62081291
62082437
62112957
62112842
62081437
62082710
62082673
62081557
62082573
62081313
62082657
62081267
62082553
62113037
62082922
62081686
62083044
62081179
62113103
62081483
62082917
62081537
62082953
62081719
62083231
62113588
62082403
62083258
62083208
62083600
62081973
62083185
62082792
62113344
62083281
62083271
62081891
62113574
62082161
62083420
62083086
62083544
62083357
62082417
62083269
62113831
62082858
62082298
62083700
62083637
62082254
62082516
62082098
62081781
62084068
62083875
62084039
62114308
62083124
62084173
62084041
62083009
62082845
62114763
62083549
62084323
62084627
62114643
62084235
62084114
62083627
62082722
62114582
62082358
62084556
62082655
62084528
62084287
62083306
62084373
62114831
62082503
62084674
62084484
62083792
62084586
62083686
62115180
62114919
62083196
62084856
62085207
62083861
62085195
62115447
62083259
62083880
62085252
62083967
62115387
62083876
62085245
62085136
62085025
62085252
62083457
62083879
62085368
62085274
62084188
62085101
62115737
62083431
62084409
62084040
62085459
62084632
62084891
62086068
62085047
62085871
62085719
62084677
62085960
62116364
62085129
62085902
62085889
62085768
62084886
62083770
62084626
62084613
62116181
62084525
62086120
62086289
62085992
62084896
62085198
62085958
62088005
62085138
62116943
62084930
62086614
62086386
62085400
62086395
62117035
62084690
62086820
62086606
62084598
62086782
62085920
62086064
62086895
62086761
62085630
62086550
62085231
62117244
62087083
62117335
62087086
62087066
62085577
62086368
62086916
62117382
62086403
62087340
62087454
62087206
62087697
62086114
62087684
62117989
62085534
62087698
62087623
62087547
62086867
62087445
62087424
62118120
62085865
62087753
62087832
62086236
62086587
62118326
62086111
62087091
62118197
62086408
62088099
62087857
62086768
62087160
62087861
62118591
62087474
62118748
62088255
62088254
62088370
62087244
62088403
62118910
62087791
62088425
62118979
62088438
62087340
62087841
62087398
62087008
62119163
62088048
62088774
62088775
62087361
62088655
62087459
62089013
62087204
62119100
62087034
62089150
62088329
62088976
62087982
62087424
62119443
62089408
62089457
62088744
62088130
62089546
62091065
62089184
62088912
62089648
62089529
62088121
62088557
62087887
62120034
62087787
62119778
62089809
62089551
62088751
62089512
62120115
62088519
62090104
62090137
62090162
62089025
62120532
62089168
62090092
62090314
62088815
62089598
62091608
62120338
62090003
62089868
62089022
62088338
62090292
62090172
62089219
62088645
62090441
62088458
62090749
62090476
62090540
62089721
62121145
62089948
62120761
62090696
62090574
62089439
62089409
62121011
62089178
62090919
62090182
62121091
62090808
62090979
62121267
62089364
62091069
62090895
62091427
62089882
62090176
62089517
62090867
62089154
62091499
62091292
62090182
62121661
62090557
62091508
62091444
62090112
62091445
62090993
62090023
62121890
62090238
62091915
62091738
62090694
62090729
62091850
62122259
62092131
62092092
62090827
62092237
62122852
62090381
62092374
62122377
62092432
62122473
62092370
62092210
62090895
62092427
62122919
62090593
62122537
62092511
62092540
62091416
62091365
62123045
62091949
62092723
62092761
62092641
62091978
62123044
62092805
62092699
62092613
62091595
62091599
62123143
62091798
62123205
62090871
62091843
62092312
62093161
62092940
62091946
62093077
62123480
62092109
62093283
62091070
62093214
62092043
62093683
62124016
62092866
62093729
62093634
62092500
62092666
62092356
62091863
62123835
62092486
62093943
62093135
62093793
62092719
62093708
62095549
62093341
62092361
62094020
62092699
62094064
62124564
62093449
62094465
62094353
62094290
62094076
62094071
62093030
62124685
62093595
62094429
62093128
62124723
62093035
62092172
62094453
62094570
62093302
62094305
62092849
62124776
62093262
62093347
62094707
62094463
62094452
62126320
62096231
62096028
62095158
62096895
62095063
62095066
62095744
62127199
62095351
62096968
62097449
62095945
62096974
62127740
62095708
62097581
62097565
62097676
62097483
62096370
62097892
62095919
62128076
62097233
62098208
62098113
62096925
62128369
62098226
62097044
62097952
62098064
62096717
62097777
62128440
62096665
62096856
62097394
62098229
62098311
62096904
62098215
62096638
62128650
62096400
62098561
62098497
62096570
62098438
62097133
62098806
62097066
62128965
62098707
62098716
62098595
62097576
62098723
62097925
62129323
62096995
62099121
62099242
62099226
62099163
62098155
62099338
62129810
62129567
62098116
62129635
62099558
62099511
62099581
62099379
62098394
62099709
62098524
62099419
62130181
62100000
62099840
62099741
62130235
62098415
62099449
62099669
62098823
62098642
62099833
62099794
62098905
62099839
62099383
62099667
62130155
62100149
62100044
62100039
62099399
62099841
62130493
62098472
62099089
62130582
62098323
62100412
62100495
62100323
62099417
62099524
62098792
62130733
62099257
62100870
62130934
62100870
62100851
62099836
62100808
62131473
62131505
62100429
62101425
62101238
62100867
62101221
62099974
62100638
62099773
62131483
62100186
62101497
62101422
62100217
62101418
62100244
62099902
62132003
62101643
62101760
62102066
62100541
62101705
62100981
62099798
62101810
62101762
62100795
62102221
62100512
62132460
62101936
62132357
62101214
62102217
62101735
62102141
62101026
62102494
62100713
62104167
62102033
62100446
62102713
62102536
62102524
62101386
62101408
62101208
62101694
62133311
62102141
62102969
62103025
62102067
62101748
62102651
62133321
62101775
62103416
62101783
62103159
62103069
62102061
62102165
62101672
62133554
62101863
62103376
62103376
62103273
62102316
62103463
62102248
62103216
62133910
62102771
62103612
62103877
62103591
62103555
62102890
62103606
62102100
62102365
62103868
62103695
62102421
62104032
62134205
62102059
62103853
62134576
62102112
62104140
62104090
62104143
62103149
62104349
62102640
62134695
62106203
62103271
62134612
62104593
62104469
62104471
62103418
62103576
62103074
62134991
62103058
62104155
62105054
62104283
62104993
62103906
62104617
62135417
62103048
62103621
62105144
62135215
62105041
62103979
62104735
62135434
62135364
62104404
62105253
62105206
62105133
62135607
62105248
62104186
62105058
62135847
62104258
62105541
62105494
62135759
62105589
62105670
62104525
62105896
62104023
62135991
62103981
62104490
62136060
62106062
62104778
62136292
62104522
62106131
62105435
62104944
62104137
62106197
62105921
62104338
62106434
62106247
62106246
62105418
62106462
62136806
62105364
62136865
62106546
62105758
62105201
62106618
62106617
62105575
62106909
62137308
62104796
62106862
62106600
62106988
62106944
62105852
62107104
62105330
62137509
62105747
62107339
62107326
62137544
62107226
62107215
62106199
62107136
62137745
62107515
62107520
62107569
62107479
62137809
62107593
62106200
62106455
62138013
62105538
62106228
62107765
62108276
62106940
62107744
62108155
62108208
62106893
62106095
62106730
62108390
62108446
62107110
62107128
62138775
62106541
62108547
62108531
62108426
62108268
62107769
62106761
62138635
62108567
62108454
62107200
62138985
62108779
62107650
62139277
62106856
62108966
62108858
62108911
62107749
62108996
62107357
62108779
62139282
62107791
62109079
62109001
62139487
62108953
62109396
62107708
62139420
62109450
62109469
62109511
62109500
62108499
62107520
62108296
62109678
62109571
62108470
62109957
62140326
62109169
62110020
62108814
62109931
62108661
62140598
62108420
62110243
62109615
62109077
62110223
62140799
62108656
62110632
62110476
62110210
62111026
62110750
62109768
62110530
62109007
62109730
62109214
62141241
62109692
62111212
62111026
62109974
62111451
62109792
62141689
62109811
62111442
62111159
62110062
62110957
62141505
62109941
62141522
62109423
62111734
62111639
62110551
62111782
62142058
62109779
62111734
62111543
62111367
62110096
62111012
62141684
62110002
62111614
62111591
62111546
62111057
62110492
62111487
62142217
62110988
62111899
62111893
62111974
62111272
62111904
62111552
62111909
62111828
62111361
62111820
62142599
62111605
62112481
62110324
62110818
62112173
62112206
62111160
62110845
62142724
62112791
62112772
62112777
62111428
62112799
62143356
62111968
62111391
62142795
62112822
62112663
62111680
62111160
62143142
62113018
62112355
62112945
62113108
62111868
62111845
62143463
62143348
62111989
62113090
62113123
62111842
62113480
62143527
62111397
62113246
62113298
62112195
62113297
62111807
62111458
62143374
62111976
62113457
62113276
62112450
62112871
62113409
62143643
62113604
62113372
62112443
62143832
62113673
62112597
62111737
62111860
62113588
62112578
62113594
62144290
62111720
62113932
62113127
62111995
62113710
62112638
62112952
62112473
62144427
62112804
62114354
62114478
62144429
62114345
62114231
62113727
62112734
62144651
62112499
62114646
62114524
62144917
62114486
62113307
62113298
62145163
62112778
62114945
62114249
62114778
62114995
62114845
62113663
62114997
62145365
62114296
62115151
62115063
62113369
62115119
62113711
62114908
62145436
62113070
62115193
62115311
62113968
62145874
62114349
62145454
62115250
62113915
62115331
62145821
62114681
62115303
62113205
62115295
62114690
62145923
62113445
62115633
62115579
62115101
62114180
62114178
62115801
62146332
62115782
62114567
62146084
62114655
62116123
62116264
62114866
62114201
62114838
62114540
62146457
62114885
62116375
62116449
62115174
62115391
62116223
62115340
62114930
62146965
62114888
62116890
62116753
62116653
62116619
62115613
62147036
62116632
62116562
62116302
62146857
62115159
62116808
62116874
62116940
62116775
62115709
62116417
62147439
62117217
62116928
62115965
62116676
62147289
62117311
62117083
62116254
62116430
62115828
62116814
62147384
62116441
62117246
62117295
62117246
62116617
62117320
62117484
62147891
62116635
62117285
62117301
62116586
62115752
62116315
62115618
62147792
62115619
62117732
62117244
62116456
62117205
62117576
62148309
62117175
62116510
62115841
62117941
62117809
62116710
62116324
62148240
62116467
62118140
62117188
62117878
62117806
62118139
62116779
62117750
62148232
62118218
62118148
62148688
62118292
62117094
62118646
62116674
62116936
62118422
62117881
62116883
62116847
62117441
62116883
62116627
62118723
62118638
62118521
62117447
62118692
62118510
62116919
62118142
62118882
62118829
62118804
62117825
62118920
62118849
62149518
62119261
62119095
62118160
62119192
62119215
62119451
62118540
62119501
62119314
62119210
62118469
62117866
62149783
62119210
62118782
62119603
62119544
62118512
62119455
62150125
62117809
62150339
62119777
62119716
62118763
62119508
62150128
62118430
62119915
62119808
62118543
62119331
62118730
62118786
62150352
62150399
62120315
62119038
62119896
62120213
62119840
62118055
62120373
62120213
62118894
62120471
62150722
62119634
62119256
62118537
62120523
62120565
62120511
62119463
62120855
62151079
62119977
62120833
62151062
62119359
62120895
62120687
62119628
62119057
62119644
62120876
62119123
62120958
62119865
62151486
62120397
62121236
62121145
62119836
62120098
62120812
62151451
62121269
62121230
62121099
62120043
62121138
62151635
62120563
62121455
62119565
62121326
62121149
62120084
62121134
62151554
62119604
62121488
62151972
62121439
62121399
62121336
62151870
62120525
62120957
62121717
62121778
62120972
62120274
62152334
62122167
62122140
62119890
62122123
62121943
62121183
62121700
62152408
62120485
62122145
62122033
62122115
62152744
62122109
62122429
62152661
62121482
62122423
62122386
62121180
62122634
62121245
62121650
62122588
62122508
62121643
62122536
62152782
62121853
62122646
62122753
62121852
62122725
62121591
62153212
62121145
62122995
62122931
62121569
62122547
62122556
62120828
62122996
62122415
62122709
62121933
62122849
62153683
62121160
62123246
62123015
62122819
62122678
62153529
62121833
62123202
62123073
62122131
62153620
62122579
62122372
62122020
62122541
62153898
62122794
62123704
62123668
62122387
62131827
62124013
62124287
62125664
62125634
62124776
62124156
62156206
62124371
62156448
62126117
62124887
62125244
62125966
62156673
62124407
62126531
62126471
62125282
62124993
62125063
62126561
62156997
62124561
62125187
62125129
62125223
62126907
62124722
62126913
62125714
62126324
62125600
62157413
62125613
62127177
62157624
62127279
62127198
62125856
62127491
62125988
62127501
62126202
62126351
62127613
62126399
62157977
62126055
62127698
62127641
62126469
62127937
62158587
62129763
62127604
62125921
62128003
62127227
62127830
62126825
62127632
62129758
62158467
62126515
62128274
62127461
62126765
62128111
62127457
62126575
62158537
62126839
62128452
62127895
62126959
62128531
62128607
62127243
62128115
62158970
62127808
62128750
62128679
62128692
62127544
62127617
62127137
62127962
62127407
62128832
62127636
62127341
62159143
62128327
62129210
62129159
62129052
62129237
62127737
62129293
62129182
62127874
62129317
62159709
62128596
62129438
62129234
62128546
62129399
62129768
62128029
62160132
62128254
62129863
62129119
62128555
62127656
62129722
62129742
62160134
62128349
62130064
62130130
62129954
62128938
62130061
62128729
62129611
62128377
62160257
62128154
62130352
62130588
62129076
62130382
62160578
62128980
62128532
62129632
62130468
62130647
62130547
62129552
62130396
62129012
62129586
62161051
62129410
62130944
62130937
62129804
62130892
62129371
62161216
62130107
62161476
62130386
62131166
62131079
62130946
62129031
62130132
62131272
62130699
62131411
62130700
62131088
62161998
62161946
62131883
62131661
62162127
62131619
62131045
62130037
62161975
62131795
62131792
62131620
62130537
62131786
62131985
62162319
62130716
62131996
62130969
62131137
62132037
62131857
62131305
62130865
62130533
62162366
62131406
62132289
62132352
62130992
62131608
62131695
62162668
62132855
62132743
62132578
62132074
62131004
62163148
62132417
62130625
62132851
62132742
62131437
62133137
62131342
62163008
62131225
62132961
62133048
62131780
62163464
62132272
62133121
62133085
62131677
62133193
62132138
62133103
62163910
62131422
62133583
62133567
62133421
62132455
62133571
62132482
62163897
62132888
62133751
62133673
62132525
62132694
62133671
62132598
62164144
62133047
62134026
62134010
62131851
62133902
62133853
62132736
62134271
62164545
62133397
62134188
62134261
62132123
62134092
62133620
62132705
62164458
62132858
62134495
62134452
62134362
62134616
62134393
62133538
62134394
62133112
62164971
62133087
62134839
62134703
62134664
62133635
62134915
62133356
62164940
62134842
62135059
62133638
62135071
62133191
62165065
62134949
62135101
62133779
62134709
62165423
62134108
62165481
62135275
62135127
62134071
62134189
62165884
62133249
62135488
62134214
62135439
62134832
62134166
62134553
62166156
62133542
62135682
62134982
62135883
62135960
62134096
62135743
62134701
62136001
62134440
62135334
62166559
62134084
62136450
62136424
62136286
62135207
62134272
62136212
62135105
62134742
62166762
62134848
62136569
62136540
62135337
62136260
62134937
62135397
62166698
62135462
62136971
62136069
62135212
62167150
62136306
62136980
62167236
62135550
62136947
62136847
62135880
62136790
62167173
62135688
62137417
62135255
62137410
62137157
62136146
62137155
62167899
62136742
62137670
62137643
62137570
62135439
62136234
62137134
62167826
62136357
62137915
62137837
62137863
62136832
62138015
62137832
62136233
62136052
62138210
62138396
62138696
62137332
62137069
62168781
62136423
62136798
62168652
62138355
62137118
62168735
62136942
62138564
62138611
62137408
62138544
62137424
62138816
62169202
62136875
62138844
62138885
62169185
62137431
62139139
62138228
62136809
62138990
62137784
62139180
62169371
62138496
62139094
62139085
62139096
62138021
62138316
62169940
62138258
62169741
62138182
62139656
62139296
62138273
62139706
62137860
62138386
62137945
62169916
62138516
62139963
62139668
62138609
62138521
62170130
62138072
62138601
62170328
62139086
62140068
62139888
62138723
62139839
62138319
62139022
62170559
62138692
62140256
62140079
62140152
62138997
62139177
62140341
62139428
62138815
62170791
62139314
62140686
62140618
62140556
62139575
62140564
62139870
62140224
62170882
62138782
62141150
62139992
62139008
62139493
62139168
62171223
62138838
62139572
62141106
62140993
62141081
62140045
62140119
62138970
62140045
62171777
62139900
62141556
62141485
62141504
62140458
62141478
62141388
62139433
62141696
62140877
62141470
62140301
62141535
62172055
62143470
62172174
62140182
62141839
62172200
62142067
62141938
62141841
62140860
62142396
62140526
62172875
62172458
62141153
62172611
62140944
62142498
62142448
62142338
62141247
62142659
62142586
62141893
62140895
62140564
62142992
62142965
62142843
62141745
62173214
62141605
62143242
62173171
62143071
62142791
62141962
62143072
62173709
62173291
62142325
62143225
62143329
62141188
62143232
62143173
62142207
62143189
62173730
62141425
62141958
62143710
62173779
62143624
62143527
62142574
62143714
62143523
62143897
62142897
62141825
62144038
62144040
62142865
62174427
62142744
62143538
62144097
62143010
62144073
62142474
62174733
62144335
62144261
62144280
62143220
62144075
62174784
62146191
62174492
62144357
62144320
62144319
62143277
62143296
62174919
62146280
62144639
62174965
62144611
62143665
62143217
62144741
62144725
62143498
62144939
62143566
62143032
62174853
62143518
62144877
62144690
62144682
62143259
62143487
62145156
62143488
62175721
62175526
62143659
62145347
62144753
62144457
62145432
62145339
62144321
62145371
62175914
62144957
62144062
62145733
62145751
62143525
62144345
62145905
62176316
62145975
62144359
62143997
62145589
62144561
62144096
62145505
62176125
62144361
62145970
62145871
62144773
62145723
62176263
62147795
62176189
62146111
62145452
62144615
62145453
62144357
62144492
62144962
62145875
62176490
62176445
62146213
62146467
62145043
62146503
62176931
62144589
62146395
62144264
62146562
62146436
62145412
62146787
62177155
62144709
62145350
62146870
62144908
62146689
62145346
62147062
62177256
62144883
62146937
62146784
62145811
62144885
62147043
62146073
62147038
62177789
62145273
62147389
62147314
62147243
62145479
62147232
62146263
62177656
62146385
62147164
62147272
62146214
62147675
62178157
62146858
62147563
62146870
62147412
62147525
62146603
62146054
62178427
62178239
62146468
62148104
62147622
62178244
62146647
62148307
62148233
62146559
62148141
62146959
62147827
62178369
62147331
62148152
62148239
62147063
62146109
62146830
62146656
62178505
62148352
62148479
62148276
62147708
62146735
62147486
62146990
62178739
62167929
62167977
62167821
62166746
62167666
62198255
62166736
62198558
62167171
62168061
62167873
62166951
62168121
62198586
62166026
62168142
62168103
62168066
62167395
62168322
62167082
62166953
62198777
62167598
62168471
62167986
62167204
62167422
62168408
62167677
62199021
62167851
62168625
62198801
62168741
62167666
62199223
62168172
62169137
62168441
62167724
62167779
62199330
62169276
62199424
62166847
62169120
62168971
62168946
62167955
62169111
62169286
62199656
62167109
62169249
62169250
62168086
62199782
62169086
62168158
62169520
62169296
62168377
62167665
62199755
62167843
62169503
62167499
62169513
62168547
62167989
62199892
62168854
62169863
62169676
62169448
62169747
62169136
62168128
62200053
62169937
62170050
62169766
62200224
62169909
62169931
62200435
62170391
62170314
62170193
62169239
62169501
62169174
62169497
62170555
62169397
62200924
62169840
62170668
62170471
62200864
62170478
62169539
62201329
62169937
62170622
62169864
62169153
62170056
62169165
62201111
62201187
62168795
62170908
62169933
62170849
62168900
62171150
62171186
62170318
62171036
62170620
62201851
62170603
62171517
62171340
62171202
62170238
62171422
62170618
62201852
62169238
62169839
62171397
62171398
62171349
62170470
62170304
62202074
62202740
62173810
62172770
62203872
62172834
62173850
62173861
62173740
62172759
62172972
62171853
62172338
62172235
62172971
62174549
62204915
62174645
62174451
62174504
62173376
62174812
62205146
62173129
62174506
62174112
62175088
62175027
62175003
62173940
62175523
62205748
62174610
62205690
62175481
62175794
62175258
62174216
62175629
62205923
62173656
62175795
62175728
62173566
62175556
62174203
62174906
62173979
62206112
62174502
62176104
62175975
62174941
62175823
62175938
62174847
62175839
62175058
62174500
62206420
62175054
62176453
62176296
62175323
62176582
62206985
62175252
62174797
62174411
62176650
62175923
62175287
62175958
62174944
62176830
62206859
62176791
62175325
62176516
62207276
62175034
62176932
62176843
62176822
62175790
62177158
62175566
62177129
62207422
62176304
62177228
62176990
62176017
62177112
62177278
62176752
62207820
62207710
62176138
62177952
62177057
62176391
62177944
62208139
62176237
62175793
62207708
62177701
62177566
62177604
62177640
62176420
62177822
62177527
62176457
62208031
62178001
62176656
62177771
62208384
62177279
62178397
62177087
62178090
62176775
62178781
62176877
62208869
62176952
62178709
62178824
62177528
62176904
62177624
62208889
62177368
62178953
62178401
62178902
62177898
62178818
62209771
62179383
62177187
62209216
62177007
62179242
62179120
62179095
62178522
62179211
62178049
62178935
62209765
62178760
62178022
62179632
62179533
62178372
62179594
62178409
62178060
62177680
62179766
62179695
62178390
62178827
62178060
62210063
62179933
62179879
62179792
62178723
62179526
62210240
62179201
62180063
62210061
62179881
62178844
62210277
62177870
62180137
62180255
62180047
62179015
62180274
62178681
62179115
62179702
62180541
62179307
62210814
62180585
62179855
62179216
62180467
62179307
62210925
62179392
62180665
62180414
62179351
62179947
62180396
62211337
62179456
62178628
62180925
62180868
62180781
62179852
62180096
62211750
62181289
62179994
62181112
62181536
62180360
62181130
62181648
62180082
62180978
62211616
62180643
62181430
62181518
62180035
62181598
62179831
62211701
62179453
62181630
62181549
62180012
62181882
62180761
62181500
62212157
62181149
62182141
62182053
62182028
62182125
62181283
62180419
62212186
62181322
62182089
62182265
62180963
62180683
62182094
62180479
62182031
62181526
62181614
62181803
62212745
62181293
62182484
62182829
62181360
62182406
62180916
62181524
62212976
62181156
62182899
62182651
62181496
62181761
62213544
62180956
62182197
62213592
62181628
62183186
62183068
62181623
62183323
62183161
62182259
62183600
62183359
62183634
62213810
62182026
62183593
62182230
62182512
62183371
62181816
62182970
62214061
62183773
62183808
62183585
62182594
62184140
62182048
62182407
62182969
62183965
62183726
62182668
62184050
62182204
62214081
62181982
62182313
62184142
62182971
62214446
62182689
62184274
62184122
62183196
62184292
62184150
62183289
62214915
62182253
62182459
62184404
62184289
62182295
62183858
62184438
62183443
62184754
62215133
62184142
62184843
62184690
62185123
62183530
62184146
62183220
62184622
62182722
62184883
62184812
62183596
62185171
62183408
62215391
62184496
62215657
62185343
62185259
62184538
62183990
62215958
62183742
62186010
62185920
62185336
62184646
62185828
62184922
62184040
62215974
62184543
62185905
62185790
62185820
62184750
62185948
62185074
62216688
62184580
62186461
62185636
62216919
62184631
62186412
62186461
62186412
62185425
62186425
62184826
62184570
62186709
62186594
62186562
62185605
62185544
62186689
62217027
62186899
62186996
62186957
62185815
62186821
62217470
62185566
62186900
62186785
62185802
62186760
62217412
62185133
62187307
62186850
62187162
62185868
62187492
62217905
62185301
62186053
62187535
62186271
62185941
62185363
62187664
62187620
62187496
62186454
62187486
62218080
62185892
62217818
62186363
62187887
62188039
62186631
62188020
62218409
62186346
62187855
62187868
62187891
62186914
62188313
62186864
62218552
62187623
62188455
62188456
62189040
62187282
62188615
62186948
62218989
62187729
62219006
62186539
62187096
62188804
62188922
62188674
62187553
62188525
62219097
62186935
62187675
62219543
62188989
62187557
62187785
62189155
62219569
62186981
62189098
62189208
62189200
62189139
62189165
62187972
62189278
62187536
62219531
62188645
62189695
62188265
62187477
62189789
62189646
62190037
62188718
62189329
62220122
62189064
62220054
62189764
62188304
62189005
62220195
62190027
62190073
62188689
62189353
62189775
62189987
62189930
62189421
62190157
62189505
62188853
62189240
62220713
62220449
62189028
62189673
62190501
62190568
62189071
62189518
62190311
62220809
62190838
62190064
62189528
62189806
62191101
62190667
62221209
62189888
62191126
62191076
62190017
62191470
62221826
62190451
62189065
62191413
62191146
62190042
62189991
62221847
62190726
62221963
62191594
62191574
62191471
62190425
62191441
62221895
62190828
62191670
62190250
62191823
62191938
62190520
62190857
62190316
62191168
62190508
62192019
62222323
62189952
62191323
62192081
62192064
62191462
62190441
62222337
62192339
62192323
62192396
62191170
62192321
62190826
62192981
62190853
62222914
62191445
62192728
62192266
62192663
62191672
62192019
62191284
62190893
62193047
62192856
62192919
62191911
62193214
62191433
62223509
62193262
62191694
62193176
62191926
62193212
62223667
62191172
62193577
62191262
62193226
62192849
62191930
62223923
62192840
62193682
62193628
62193709
62193646
62192694
62224345
62191772
62193912
62194040
62193978
62193906
62193738
62193257
62193274
62194106
62224692
62192943
62194325
62194096
62194094
62193048
62194366
62193091
62192729
62224729
62192533
62194539
62194454
62194327
62193364
62194555
62193254
62194712
62225200
62192614
62193485
62194775
62194701
62194717
62194807
62193475
62194600
62225149
62194190
62195178
62195049
62195417
62193899
62194980
62193795
62194112
62225628
62225341
62194039
62195285
62195166
62193982
62195324
62195358
62194264
62195224
62225781
62193427
62193945
62195581
62194895
62193828
62195796
62195613
62194630
62194607
62226368
62194613
62194698
62195704
62194205
62226639
62194645
62196267
62194112
62196389
62196175
62196205
62195112
62196510
62194744
62226619
62196446
62196023
62196555
62196492
62195306
62196694
62227067
62194538
62195091
62196792
62196667
62226774
62196870
62195541
62196615
62227054
62195568
62197109
62196945
62194932
62197063
62196383
62195388
62227277
62195839
62196959
62195974
62227324
62195864
62195429
62227515
62196435
62197438
62197339
62197355
62196286
62197473
62195696
62197008
62196801
62197438
62197600
62197682
62196664
62196655
62198089
62195764
62197811
62197850
62196908
62196288
62228161
62196767
62198101
62196306
62195913
62198002
62197882
62197884
62197081
62228268
62198115
62196823
62228503
62198132
62196470
62198196
62198297
62197050
62197459
62228980
62196556
62198659
62228727
62198461
62198404
62197321
62198608
62197680
62228880
62196718
62198783
62198894
62198715
62197632
62198520
62197343
62197271
62229243
62197924
62229344
62199253
62199036
62197755
62198342
62229752
62197264
62199438
62199436
62197943
62199270
62199268
62198209
62199225
62199674
62199384
62198295
62199317
62199542
62199188
62197577
62199694
62199682
62199674
62198772
62198800
62199848
62199937
62230110
62198767
62200037
62199304
62198689
62200081
62199099
62200184
62200273
62199119
62200545
62231232
62198696
62200659
62200722
62200557
62200524
62199345
62200484
62198495
62200019
62231315
62199107
62201262
62201146
62200932
62199951
62201060
62231668
62200314
62231242
62201230
62201283
62201209
62200129
62201476
62199706
62231734
62200645
62231722
62201398
62201266
62200349
62201337
62199620
62202230
62231899
62201858
62200978
62200428
62200662
62232282
62232037
62200440
62201977
62201963
62201825
62200834
62201939
62202146
62232513
62200207
62202034
62200128
62202261
62202235
62202326
62201301
62201784
62202192
62232964
62201354
Peak: 62233593
Average: 61489246.2897053
