# Episodes, Rewards
0.0,-5.04
1.0,-5.11
2.0,-5.02
3.0,-5.02
4.0,-5.3
5.0,-5.06
6.0,-5.1
7.0,-5.1
8.0,-5.01
9.0,-5.14
10.0,-5.11
11.0,-5.06
12.0,-5.46
13.0,-5.03
14.0,-5.2700000000000005
15.0,-5.36
16.0,-5.720000000000001
17.0,-5.09
18.0,-5.03
19.0,-5.07
20.0,-5.02
21.0,-5.18
22.0,-5.02
23.0,-5.33
24.0,-5.02
25.0,-5.08
26.0,-5.98
27.0,-5.08
28.0,-5.02
29.0,-5.32
30.0,-5.08
31.0,-5.19
32.0,-5.07
33.0,-5.18
34.0,-5.01
35.0,-5.44
36.0,-5.2700000000000005
37.0,-1.0000000000000007
38.0,-5.49
39.0,-5.1
40.0,-5.3500000000000005
41.0,-5.02
42.0,-5.12
43.0,-5.03
44.0,-5.21
45.0,-5.430000000000001
46.0,-5.26
47.0,-5.26
48.0,-5.41
49.0,-5.02
50.0,-5.15
51.0,-5.02
52.0,-5.17
53.0,-5.5200000000000005
54.0,-5.01
55.0,-5.01
56.0,-5.07
57.0,-5.04
58.0,-5.04
59.0,-5.42
60.0,-5.06
61.0,-5.01
62.0,-5.54
63.0,-5.08
64.0,-5.14
65.0,-5.03
66.0,-5.01
67.0,-5.6000000000000005
68.0,-5.08
69.0,-5.08
70.0,-5.01
71.0,-5.09
72.0,-5.3500000000000005
73.0,-5.08
74.0,-5.21
75.0,-5.03
76.0,-5.23
77.0,-5.03
78.0,-5.3100000000000005
79.0,-5.02
80.0,-5.16
81.0,-5.19
82.0,-5.04
83.0,-5.720000000000001
84.0,-5.05
85.0,-5.32
86.0,-5.06
87.0,-5.04
88.0,-5.07
89.0,-5.07
90.0,-5.14
91.0,-5.15
92.0,-5.03
93.0,-5.18
94.0,-5.11
95.0,-5.15
96.0,-5.08
97.0,-5.23
98.0,-5.15
99.0,-5.13
100.0,-5.2
101.0,-5.16
102.0,-5.17
103.0,-5.09
104.0,-5.15
105.0,-5.11
106.0,-5.09
107.0,-5.18
108.0,-5.1
109.0,-5.02
110.0,-5.28
111.0,-5.08
112.0,-5.07
113.0,-5.19
114.0,-5.07
115.0,-5.11
116.0,-5.07
117.0,-5.03
118.0,-5.03
119.0,-1.0000000000000007
120.0,-5.02
121.0,-5.03
122.0,-5.880000000000001
123.0,-5.04
124.0,-5.41
125.0,-5.13
126.0,-5.01
127.0,-5.03
128.0,-5.04
129.0,-5.91
130.0,-5.04
131.0,-5.37
132.0,-5.1
133.0,-5.870000000000001
134.0,-5.23
135.0,-5.02
136.0,-5.21
137.0,-5.06
138.0,-5.07
139.0,-5.16
140.0,-5.54
141.0,-5.05
142.0,-5.920000000000001
143.0,-5.04
144.0,-5.08
145.0,-5.02
146.0,-5.07
147.0,-5.07
148.0,-5.09
149.0,-5.13
150.0,-5.14
151.0,-5.38
152.0,-5.470000000000001
153.0,-5.73
154.0,-5.18
155.0,-1.0000000000000007
156.0,-5.08
157.0,-5.02
158.0,-5.36
159.0,-5.01
160.0,-5.59
161.0,-5.65
162.0,-5.3500000000000005
163.0,-5.22
164.0,-1.0000000000000007
165.0,-5.550000000000001
166.0,-5.09
167.0,-5.04
168.0,-5.51
169.0,-5.07
170.0,-5.05
171.0,-5.14
172.0,-5.21
173.0,-5.36
174.0,-5.04
175.0,-5.02
176.0,-5.08
177.0,-5.53
178.0,-5.03
179.0,-5.03
180.0,-5.24
181.0,-5.02
182.0,-5.03
183.0,-5.03
184.0,-5.54
185.0,-5.32
186.0,-5.07
187.0,-5.38
188.0,-5.06
189.0,-5.04
190.0,-5.06
191.0,-5.3
192.0,-5.21
193.0,-5.4
194.0,-5.12
195.0,-5.38
196.0,-5.4
197.0,-5.01
198.0,-5.04
199.0,-5.26
200.0,-5.05
201.0,-5.05
202.0,-5.4
203.0,-5.02
204.0,-5.4
205.0,-5.05
206.0,-5.08
207.0,-1.0000000000000007
208.0,-5.01
209.0,-5.34
210.0,-5.390000000000001
211.0,-5.11
212.0,-5.03
213.0,-5.01
214.0,-5.16
215.0,-5.03
216.0,-5.21
217.0,-5.11
218.0,-5.06
219.0,-5.03
220.0,-5.08
221.0,-5.04
222.0,-5.720000000000001
223.0,-5.12
224.0,-5.930000000000001
225.0,-5.11
226.0,-5.04
227.0,-5.17
228.0,-5.06
229.0,-5.03
230.0,-5.07
231.0,-5.86
232.0,-5.01
233.0,-5.29
234.0,-1.0000000000000007
235.0,-5.05
236.0,-5.11
237.0,-5.03
238.0,-5.11
239.0,-5.05
240.0,-5.01
241.0,-5.03
242.0,-5.06
243.0,-5.03
244.0,-5.21
245.0,-5.42
246.0,-5.04
247.0,-5.05
248.0,-5.12
249.0,-5.16
250.0,-5.01
251.0,-5.01
252.0,-5.07
253.0,-5.05
254.0,-5.02
255.0,-5.04
256.0,-5.16
257.0,-5.07
258.0,-5.02
259.0,-5.3
260.0,-5.01
261.0,-5.16
262.0,-5.18
263.0,-5.03
264.0,-5.19
265.0,-5.07
266.0,-1.0000000000000007
267.0,-5.28
268.0,-5.04
269.0,-5.03
270.0,-5.1
271.0,-5.01
272.0,-5.09
273.0,-5.06
274.0,-5.04
275.0,-5.08
276.0,-5.12
277.0,-5.17
278.0,-5.05
279.0,-5.06
280.0,-5.02
281.0,-5.19
282.0,-5.2700000000000005
283.0,-5.62
284.0,-5.18
285.0,-5.32
286.0,-5.3100000000000005
287.0,-5.75
288.0,-5.32
289.0,-5.18
290.0,-5.02
291.0,-5.01
292.0,-5.2700000000000005
293.0,-5.23
294.0,-5.75
295.0,-5.94
296.0,-5.62
297.0,-5.19
298.0,-5.07
299.0,-5.09
300.0,-5.17
301.0,-5.2
302.0,-5.54
303.0,-5.01
304.0,-5.17
305.0,-5.12
306.0,-5.26
307.0,-5.12
308.0,-5.06
309.0,-5.41
310.0,-5.01
311.0,-5.05
312.0,-5.12
313.0,-5.28
314.0,-5.3
315.0,-5.02
316.0,-5.1
317.0,-5.01
318.0,-5.06
319.0,-5.03
320.0,-5.05
321.0,-5.53
322.0,-5.01
323.0,-5.08
324.0,-5.07
325.0,-5.02
326.0,-5.12
327.0,-5.32
328.0,-5.05
329.0,-5.53
330.0,-5.07
331.0,-5.49
332.0,-5.03
333.0,-5.09
334.0,-5.03
335.0,-5.02
336.0,-5.430000000000001
337.0,-5.08
338.0,-5.98
339.0,-5.16
340.0,-5.1
341.0,-5.13
342.0,-5.08
343.0,-5.18
344.0,-5.1
345.0,-5.22
346.0,-5.01
347.0,-5.01
348.0,-5.06
349.0,-5.17
350.0,-5.03
351.0,-5.04
352.0,-5.02
353.0,-5.04
354.0,-5.19
355.0,-5.05
356.0,-5.38
357.0,-5.12
358.0,-5.05
359.0,-5.680000000000001
360.0,-5.14
361.0,-5.04
362.0,-5.02
363.0,-5.7
364.0,-5.12
365.0,-5.02
366.0,-5.03
367.0,-5.08
368.0,-5.13
369.0,-5.06
370.0,-5.06
371.0,-5.25
372.0,-5.17
373.0,-5.08
374.0,-5.03
375.0,-5.01
376.0,-5.57
377.0,-5.1
378.0,-5.15
379.0,-5.02
380.0,-5.33
381.0,-5.04
382.0,-5.03
383.0,-5.12
384.0,-5.29
385.0,-5.07
386.0,-5.15
387.0,-5.04
388.0,-5.03
389.0,-5.02
390.0,-5.5200000000000005
391.0,-5.37
392.0,-5.08
393.0,-5.02
394.0,-5.840000000000001
395.0,-5.03
396.0,-5.04
397.0,-5.15
398.0,-5.03
399.0,-5.26
400.0,-5.06
401.0,-5.09
402.0,-5.07
403.0,-5.42
404.0,-5.3
405.0,-5.08
406.0,-5.11
407.0,-5.03
408.0,-5.01
409.0,-5.02
410.0,-5.22
411.0,-5.09
412.0,-5.2700000000000005
413.0,-5.03
414.0,-5.04
415.0,-5.12
416.0,-5.05
417.0,-1.0000000000000007
418.0,-5.03
419.0,-5.390000000000001
420.0,-5.01
421.0,-5.19
422.0,-5.42
423.0,-5.03
424.0,-5.24
425.0,-5.02
426.0,-5.3
427.0,-5.66
428.0,-5.390000000000001
429.0,-5.06
430.0,-5.24
431.0,-5.29
432.0,-5.41
433.0,-5.05
434.0,-5.12
435.0,-5.18
436.0,-5.21
437.0,-5.06
438.0,-5.08
439.0,-5.22
440.0,-5.18
441.0,-5.11
442.0,-5.06
443.0,-5.11
444.0,-5.13
445.0,-5.03
446.0,-5.2
447.0,-5.09
448.0,-5.09
449.0,-5.78
450.0,-5.1
451.0,-5.1
452.0,-5.02
453.0,-5.04
454.0,-5.01
455.0,-5.01
456.0,-5.06
457.0,-5.02
458.0,-5.06
459.0,-5.03
460.0,-5.16
461.0,-5.03
462.0,-5.15
463.0,-5.07
464.0,-5.05
465.0,-5.04
466.0,-5.8100000000000005
467.0,-5.720000000000001
468.0,-5.02
469.0,-5.08
470.0,-5.03
471.0,-1.0000000000000007
472.0,-5.37
473.0,-5.06
474.0,-5.09
475.0,-5.430000000000001
476.0,-5.11
477.0,-5.11
478.0,-5.18
479.0,-5.13
480.0,-5.1
481.0,-5.09
482.0,-5.06
483.0,-5.26
484.0,-5.23
485.0,-5.36
486.0,-5.03
487.0,-5.03
488.0,-5.06
489.0,-5.24
490.0,-5.01
491.0,-5.12
492.0,-5.640000000000001
493.0,-5.02
494.0,-5.02
495.0,-5.38
496.0,-5.07
497.0,-5.15
498.0,-5.470000000000001
499.0,-5.07
500.0,-5.07
501.0,-5.02
502.0,-5.390000000000001
503.0,-5.01
504.0,-5.12
505.0,-5.53
506.0,-5.25
507.0,-5.05
508.0,-5.12
509.0,-5.01
510.0,-5.14
511.0,-5.09
512.0,-5.16
513.0,-5.03
514.0,-5.2
515.0,-5.07
516.0,-5.06
517.0,-5.5
518.0,-5.06
519.0,-5.29
520.0,-5.45
521.0,-5.02
522.0,-5.65
523.0,-5.1
524.0,-5.05
525.0,-5.46
526.0,-5.04
527.0,-5.03
528.0,-5.14
529.0,-5.17
530.0,-5.1
531.0,-5.06
532.0,-5.8100000000000005
533.0,-5.01
534.0,-5.03
535.0,-5.46
536.0,-5.02
537.0,-5.65
538.0,-5.01
539.0,-5.09
540.0,-5.3500000000000005
541.0,-5.34
542.0,-5.51
543.0,-5.02
544.0,-5.01
545.0,-5.5600000000000005
546.0,-5.16
547.0,-5.01
548.0,-5.19
549.0,-5.5200000000000005
550.0,-5.13
551.0,-5.07
552.0,-5.15
553.0,-5.8500000000000005
554.0,-5.06
555.0,-5.08
556.0,-5.06
557.0,-5.08
558.0,-5.25
559.0,-5.21
560.0,-5.06
561.0,-5.05
562.0,-5.07
563.0,-5.02
564.0,-5.14
565.0,-5.11
566.0,-5.08
567.0,-5.36
568.0,-5.06
569.0,-5.02
570.0,-5.12
571.0,-5.29
572.0,-5.18
573.0,-5.06
574.0,-5.03
575.0,-5.01
576.0,-5.01
577.0,-5.13
578.0,-5.06
579.0,-5.26
580.0,-5.08
581.0,-5.03
582.0,-5.2700000000000005
583.0,-5.2700000000000005
584.0,-5.02
585.0,-1.0000000000000007
586.0,-5.18
587.0,-5.13
588.0,-5.01
589.0,-5.13
590.0,-5.09
591.0,-5.04
592.0,-5.02
593.0,-5.17
594.0,-5.03
595.0,-5.07
596.0,-5.26
597.0,-5.01
598.0,-5.03
599.0,-5.06
600.0,-5.23
601.0,-5.19
602.0,-5.46
603.0,-5.09
604.0,-5.02
605.0,-5.24
606.0,-5.12
607.0,-5.28
608.0,-5.15
609.0,-5.11
610.0,-5.02
611.0,-5.11
612.0,-5.21
613.0,-5.01
614.0,-5.51
615.0,-5.3500000000000005
616.0,-5.11
617.0,-5.09
618.0,-5.760000000000001
619.0,-5.2
620.0,-5.16
621.0,-5.2
622.0,-5.03
623.0,-5.05
624.0,-5.41
625.0,-5.1
626.0,-5.01
627.0,-5.02
628.0,-5.22
629.0,-5.04
630.0,-5.11
631.0,-5.920000000000001
632.0,-5.5600000000000005
633.0,-5.12
634.0,-5.04
635.0,-5.28
636.0,-5.05
637.0,-5.07
638.0,-5.05
639.0,-5.41
640.0,-5.08
641.0,-5.06
642.0,-5.01
643.0,-5.08
644.0,-5.08
645.0,-5.09
646.0,-5.04
647.0,-5.16
648.0,-5.08
649.0,-5.1
650.0,-5.16
651.0,-5.1
652.0,-5.02
653.0,-5.09
654.0,-5.22
655.0,-5.05
656.0,-5.25
657.0,-5.05
658.0,-5.04
659.0,-5.1
660.0,-5.03
661.0,-5.11
662.0,-5.01
663.0,-5.02
664.0,-5.02
665.0,-5.06
666.0,-5.05
667.0,-5.69
668.0,-5.16
669.0,-5.02
670.0,-5.69
671.0,-5.25
672.0,-5.2
673.0,-5.04
674.0,-5.08
675.0,-5.01
676.0,-5.75
677.0,-5.05
678.0,-5.04
679.0,-5.32
680.0,-5.21
681.0,-1.0000000000000007
682.0,-5.06
683.0,-5.03
684.0,-5.04
685.0,-5.12
686.0,-5.22
687.0,-5.1
688.0,-5.21
689.0,-5.38
690.0,-5.06
691.0,-5.49
692.0,-5.14
693.0,-5.13
694.0,-5.2700000000000005
695.0,-5.29
696.0,-5.38
697.0,-5.49
698.0,-5.02
699.0,-5.12
700.0,-5.09
701.0,-5.02
702.0,-5.02
703.0,-5.5200000000000005
704.0,-5.05
705.0,-5.1
706.0,-5.11
707.0,-5.5
708.0,-5.02
709.0,-5.61
710.0,-5.23
711.0,-5.04
712.0,-5.970000000000001
713.0,-5.9
714.0,-5.25
715.0,-5.06
716.0,-5.05
717.0,-5.05
718.0,-5.05
719.0,-5.07
720.0,-5.09
721.0,-5.4
722.0,-5.06
723.0,-5.05
724.0,-5.1
725.0,-5.06
726.0,-5.03
727.0,-5.46
728.0,-5.08
729.0,-5.06
730.0,-5.01
731.0,-5.15
732.0,-5.1
733.0,-5.07
734.0,-5.01
735.0,-5.05
736.0,-1.0000000000000007
737.0,-5.19
738.0,-5.03
739.0,-5.03
740.0,-5.04
741.0,-5.1
742.0,-5.07
743.0,-5.550000000000001
744.0,-5.03
745.0,-5.11
746.0,-5.930000000000001
747.0,-5.13
748.0,-5.18
749.0,-5.16
750.0,-5.08
751.0,-5.03
752.0,-5.06
753.0,-5.09
754.0,-5.03
755.0,-5.08
756.0,-5.37
757.0,-5.34
758.0,-5.46
759.0,-5.02
760.0,-5.16
761.0,-5.01
762.0,-5.11
763.0,-5.17
764.0,-5.04
765.0,-5.15
766.0,-5.05
767.0,-5.04
768.0,-5.01
769.0,-5.17
770.0,-5.03
771.0,-5.29
772.0,-5.02
773.0,-5.28
774.0,-5.01
775.0,-5.06
776.0,-5.02
777.0,-5.34
778.0,-5.3
779.0,-5.04
780.0,-5.45
781.0,-5.03
782.0,-5.02
783.0,-1.0000000000000007
784.0,-5.02
785.0,-5.03
786.0,-5.48
787.0,-5.03
788.0,-5.03
789.0,-5.05
790.0,-5.18
791.0,-5.1
792.0,-5.03
793.0,-5.03
794.0,-5.07
795.0,-5.19
796.0,-1.0000000000000007
797.0,-5.13
798.0,-5.18
799.0,-5.13
800.0,-5.13
801.0,-5.02
802.0,-5.08
803.0,-5.16
804.0,-5.2
805.0,-5.04
806.0,-5.680000000000001
807.0,-5.04
808.0,-5.790000000000001
809.0,-5.760000000000001
810.0,-5.13
811.0,-5.01
812.0,-5.2
813.0,-5.790000000000001
814.0,-5.09
815.0,-5.01
816.0,-5.03
817.0,-5.04
818.0,-5.2
819.0,-5.14
820.0,-5.03
821.0,-5.5200000000000005
822.0,-5.04
823.0,-5.36
824.0,-5.04
825.0,-5.15
826.0,-5.11
827.0,-5.01
828.0,-5.07
829.0,-5.07
830.0,-5.01
831.0,-5.06
832.0,-5.09
833.0,-5.04
834.0,-1.0000000000000007
835.0,-5.09
836.0,-5.02
837.0,-5.06
838.0,-5.05
839.0,-5.13
840.0,-5.11
841.0,-5.22
842.0,-5.04
843.0,-5.2700000000000005
844.0,-5.01
845.0,-5.26
846.0,-5.01
847.0,-5.02
848.0,-5.28
849.0,-5.06
850.0,-5.03
851.0,-5.02
852.0,-5.05
853.0,-5.18
854.0,-5.29
855.0,-5.58
856.0,-5.04
857.0,-5.05
858.0,-5.19
859.0,-1.0000000000000007
860.0,-5.2
861.0,-5.01
862.0,-5.07
863.0,-5.18
864.0,-5.04
865.0,-5.22
866.0,-5.09
867.0,-5.07
868.0,-5.03
869.0,-5.07
870.0,-5.2
871.0,-5.22
872.0,-5.1
873.0,-5.05
874.0,-5.08
875.0,-5.04
876.0,-5.01
877.0,-5.05
878.0,-5.18
879.0,-5.73
880.0,-5.29
881.0,-5.11
882.0,-5.05
883.0,-5.01
884.0,-5.32
885.0,-5.86
886.0,-5.430000000000001
887.0,-5.15
888.0,-5.1
889.0,-5.03
890.0,-5.06
891.0,-5.41
892.0,-5.430000000000001
893.0,-5.14
894.0,-5.930000000000001
895.0,-5.14
896.0,-5.82
897.0,-5.02
898.0,-5.3
899.0,-5.51
900.0,-5.06
901.0,-5.09
902.0,-5.3100000000000005
903.0,-5.02
904.0,-5.01
905.0,-5.08
906.0,-5.29
907.0,-5.11
908.0,-5.790000000000001
909.0,-5.04
910.0,-5.06
911.0,-5.02
912.0,-5.06
913.0,-5.04
914.0,-5.04
915.0,-5.16
916.0,-5.59
917.0,-5.8100000000000005
918.0,-5.28
919.0,-5.05
920.0,-5.04
921.0,-5.14
922.0,-5.02
923.0,-5.24
924.0,-5.760000000000001
925.0,-5.09
926.0,-5.870000000000001
927.0,-5.07
928.0,-5.33
929.0,-5.03
930.0,-5.29
931.0,-5.07
932.0,-5.2700000000000005
933.0,-5.12
934.0,-5.09
935.0,-5.2
936.0,-5.5
937.0,-5.06
938.0,-5.15
939.0,-5.06
940.0,-5.05
941.0,-5.23
942.0,-5.07
943.0,-5.4
944.0,-5.17
945.0,-5.430000000000001
946.0,-5.18
947.0,-5.21
948.0,-5.13
949.0,-5.26
950.0,-5.03
951.0,-5.11
952.0,-1.0000000000000007
953.0,-5.11
954.0,-5.970000000000001
955.0,-5.390000000000001
956.0,-5.11
957.0,-5.08
958.0,-5.03
959.0,-5.05
960.0,-5.04
961.0,-5.26
962.0,-5.15
963.0,-5.14
964.0,-5.5600000000000005
965.0,-5.18
966.0,-5.11
967.0,-5.14
968.0,-5.34
969.0,-5.09
970.0,-5.3100000000000005
971.0,-5.04
972.0,-5.14
973.0,-5.02
974.0,-5.4
975.0,-5.4
976.0,-5.06
977.0,-5.1
978.0,-5.1
979.0,-5.03
980.0,-5.16
981.0,-5.13
982.0,-5.08
983.0,-5.11
984.0,-5.02
985.0,-5.2700000000000005
986.0,-5.470000000000001
987.0,-5.550000000000001
988.0,-5.02
989.0,-5.22
990.0,-5.05
991.0,-5.06
992.0,-5.21
993.0,-5.07
994.0,-5.03
995.0,-5.22
996.0,-5.01
997.0,-5.07
998.0,-5.09
999.0,-5.51
1000.0,-5.11
1001.0,-5.19
1002.0,-5.1
1003.0,-1.0000000000000007
1004.0,-5.06
1005.0,-5.06
1006.0,-5.13
1007.0,-5.32
1008.0,-5.17
1009.0,-5.03
1010.0,-1.0000000000000007
1011.0,-5.91
1012.0,-5.12
1013.0,-5.2
1014.0,-5.09
1015.0,-5.04
1016.0,-5.02
1017.0,-5.37
1018.0,-5.01
1019.0,-5.05
1020.0,-5.9
1021.0,-5.02
1022.0,-5.08
1023.0,-5.05
1024.0,-5.12
1025.0,-5.05
1026.0,-5.1
1027.0,-5.04
1028.0,-5.03
1029.0,-5.04
1030.0,-5.18
1031.0,-5.03
1032.0,-5.5
1033.0,-5.11
1034.0,-5.25
1035.0,-5.03
1036.0,-5.430000000000001
1037.0,-5.02
1038.0,-5.04
1039.0,-5.3100000000000005
1040.0,-5.880000000000001
1041.0,-5.2700000000000005
1042.0,-5.04
1043.0,-5.760000000000001
1044.0,-5.24
1045.0,-5.03
1046.0,-5.18
1047.0,-5.890000000000001
1048.0,-5.22
1049.0,-5.09
1050.0,-5.01
1051.0,-5.17
1052.0,-5.05
1053.0,-5.02
1054.0,-5.03
1055.0,-5.38
1056.0,-5.03
1057.0,-5.22
1058.0,-5.44
1059.0,-5.38
1060.0,-5.760000000000001
1061.0,-5.09
1062.0,-5.01
1063.0,-5.12
1064.0,-5.03
1065.0,-5.07
1066.0,-5.02
1067.0,-5.08
1068.0,-5.14
1069.0,-5.23
1070.0,-1.0000000000000007
1071.0,-5.09
1072.0,-5.06
1073.0,-5.17
1074.0,-5.13
1075.0,-5.02
1076.0,-5.01
1077.0,-5.01
1078.0,-5.840000000000001
1079.0,-5.03
1080.0,-5.03
1081.0,-5.09
1082.0,-5.19
1083.0,-5.14
1084.0,-5.06
1085.0,-5.02
1086.0,-5.720000000000001
1087.0,-5.06
1088.0,-5.15
1089.0,-5.01
1090.0,-5.09
1091.0,-5.46
1092.0,-5.05
1093.0,-5.61
1094.0,-5.17
1095.0,-5.05
1096.0,-5.03
1097.0,-5.01
1098.0,-5.05
1099.0,-5.1
1100.0,-5.19
1101.0,-5.02
1102.0,-5.02
1103.0,-5.09
1104.0,-5.01
1105.0,-5.02
1106.0,-5.06
1107.0,-5.04
1108.0,-5.8500000000000005
1109.0,-5.1
1110.0,-5.01
1111.0,-5.01
1112.0,-5.04
1113.0,-5.12
1114.0,-5.02
1115.0,-5.2
1116.0,-5.01
1117.0,-5.15
1118.0,-5.42
1119.0,-5.12
1120.0,-5.03
1121.0,-5.3
1122.0,-5.08
1123.0,-5.03
1124.0,-5.05
1125.0,-5.07
1126.0,-5.06
1127.0,-5.45
1128.0,-5.24
1129.0,-5.760000000000001
1130.0,-5.57
1131.0,-5.05
1132.0,-5.23
1133.0,-5.04
1134.0,-5.03
1135.0,-5.02
1136.0,-5.2
1137.0,-5.07
1138.0,-5.02
1139.0,-5.06
1140.0,-5.02
1141.0,-5.32
1142.0,-5.3100000000000005
1143.0,-5.04
1144.0,-5.2
1145.0,-5.5600000000000005
1146.0,-5.02
1147.0,-5.03
1148.0,-5.22
1149.0,-5.19
1150.0,-5.86
1151.0,-5.02
1152.0,-5.04
1153.0,-5.06
1154.0,-5.02
1155.0,-5.1
1156.0,-5.13
1157.0,-5.02
1158.0,-5.03
1159.0,-5.01
1160.0,-1.0000000000000007
1161.0,-5.03
1162.0,-5.4
1163.0,-5.02
1164.0,-5.04
1165.0,-5.05
1166.0,-5.06
1167.0,-5.25
1168.0,-5.03
1169.0,-5.13
1170.0,-5.08
1171.0,-5.41
1172.0,-5.13
1173.0,-5.05
1174.0,-5.13
1175.0,-5.05
1176.0,-5.02
1177.0,-5.05
1178.0,-5.03
1179.0,-5.760000000000001
1180.0,-5.1
1181.0,-5.14
1182.0,-5.08
1183.0,-5.37
1184.0,-5.04
1185.0,-5.16
1186.0,-5.04
1187.0,-5.02
1188.0,-5.05
1189.0,-5.06
1190.0,-5.04
1191.0,-1.0000000000000007
1192.0,-5.05
1193.0,-5.07
1194.0,-5.22
1195.0,-5.26
1196.0,-5.06
1197.0,-5.03
1198.0,-5.02
1199.0,-5.08
1200.0,-5.17
1201.0,-5.02
1202.0,-5.19
1203.0,-5.15
1204.0,-5.57
1205.0,-5.3500000000000005
1206.0,-5.45
1207.0,-5.06
1208.0,-5.15
1209.0,-5.06
1210.0,-5.09
1211.0,-5.1
1212.0,-1.0000000000000007
1213.0,-5.04
1214.0,-5.08
1215.0,-5.33
1216.0,-5.17
1217.0,-5.38
1218.0,-5.02
1219.0,-5.15
1220.0,-5.32
1221.0,-5.24
1222.0,-5.880000000000001
1223.0,-5.01
1224.0,-5.12
1225.0,-5.29
1226.0,-5.15
1227.0,-5.14
1228.0,-5.46
1229.0,-5.42
1230.0,-5.16
1231.0,-5.15
1232.0,-5.24
1233.0,-5.430000000000001
1234.0,-5.390000000000001
1235.0,-5.08
1236.0,-5.32
1237.0,-5.38
1238.0,-5.03
1239.0,-5.12
1240.0,-5.11
1241.0,-5.58
1242.0,-5.62
1243.0,-1.0000000000000007
1244.0,-5.05
1245.0,-5.15
1246.0,-5.29
1247.0,-5.06
1248.0,-5.04
1249.0,-5.680000000000001
1250.0,-5.14
1251.0,-5.32
1252.0,-5.720000000000001
1253.0,-5.03
1254.0,-5.06
1255.0,-5.06
1256.0,-5.28
1257.0,-5.37
1258.0,-5.02
1259.0,-5.05
1260.0,-5.53
1261.0,-5.59
1262.0,-5.01
1263.0,-5.05
1264.0,-5.08
1265.0,-5.06
1266.0,-5.2700000000000005
1267.0,-5.74
1268.0,-5.24
1269.0,-5.840000000000001
1270.0,-5.82
1271.0,-1.0000000000000007
1272.0,-5.25
1273.0,-5.54
1274.0,-5.06
1275.0,-5.74
1276.0,-5.24
1277.0,-5.25
1278.0,-5.11
1279.0,-5.2
1280.0,-5.32
1281.0,-5.1
1282.0,-5.890000000000001
1283.0,-5.04
1284.0,-5.32
1285.0,-5.02
1286.0,-5.38
1287.0,-5.07
1288.0,-5.24
1289.0,-5.2
1290.0,-5.03
1291.0,-5.05
1292.0,-5.28
1293.0,-5.03
1294.0,-5.05
1295.0,-5.29
1296.0,-5.430000000000001
1297.0,-5.05
1298.0,-5.2
1299.0,-5.07
1300.0,-5.01
1301.0,-5.3
1302.0,-5.28
1303.0,-5.04
1304.0,-5.14
1305.0,-5.01
1306.0,-5.870000000000001
1307.0,-5.09
1308.0,-5.21
1309.0,-5.23
1310.0,-5.08
1311.0,-5.6000000000000005
1312.0,-5.23
1313.0,-5.2
1314.0,-5.19
1315.0,-5.02
1316.0,-5.07
1317.0,-5.09
1318.0,-5.01
1319.0,-5.51
1320.0,-5.5200000000000005
1321.0,-5.11
1322.0,-5.06
1323.0,-5.16
1324.0,-5.23
1325.0,-5.1
1326.0,-5.03
1327.0,-5.03
1328.0,-5.19
1329.0,-5.45
1330.0,-5.09
1331.0,-5.02
1332.0,-5.02
1333.0,-5.08
1334.0,-5.5200000000000005
1335.0,-5.02
1336.0,-5.44
1337.0,-5.1
1338.0,-5.17
1339.0,-5.04
1340.0,-5.44
1341.0,-5.3
1342.0,-5.29
1343.0,-5.26
1344.0,-5.14
1345.0,-5.01
1346.0,-5.02
1347.0,-5.57
1348.0,-5.840000000000001
1349.0,-5.37
1350.0,-5.07
1351.0,-5.11
1352.0,-5.29
1353.0,-5.09
1354.0,-5.02
1355.0,-5.06
1356.0,-5.34
1357.0,-5.07
1358.0,-5.45
1359.0,-5.18
1360.0,-5.7700000000000005
1361.0,-5.08
1362.0,-5.24
1363.0,-5.01
1364.0,-5.03
1365.0,-5.1
1366.0,-5.33
1367.0,-5.470000000000001
1368.0,-5.630000000000001
1369.0,-5.03
1370.0,-5.4
1371.0,-5.42
1372.0,-5.04
1373.0,-5.06
1374.0,-1.0000000000000007
1375.0,-5.42
1376.0,-5.550000000000001
1377.0,-5.07
1378.0,-5.11
1379.0,-5.1
1380.0,-5.04
1381.0,-5.19
1382.0,-5.05
1383.0,-5.03
1384.0,-5.28
1385.0,-5.01
1386.0,-5.15
1387.0,-5.04
1388.0,-5.04
1389.0,-5.12
1390.0,-5.23
1391.0,-5.01
1392.0,-5.6000000000000005
1393.0,-5.03
1394.0,-5.09
1395.0,-5.470000000000001
1396.0,-5.09
1397.0,-5.1
1398.0,-5.19
1399.0,-5.53
1400.0,-5.08
1401.0,-5.01
1402.0,-5.44
1403.0,-5.06
1404.0,-1.0000000000000007
1405.0,-5.04
1406.0,-5.2700000000000005
1407.0,-5.23
1408.0,-5.720000000000001
1409.0,-5.08
1410.0,-5.05
1411.0,-5.36
1412.0,-5.4
1413.0,-5.11
1414.0,-5.02
1415.0,-5.07
1416.0,-5.02
1417.0,-5.05
1418.0,-5.04
1419.0,-5.02
1420.0,-5.74
1421.0,-5.08
1422.0,-1.0000000000000007
1423.0,-5.44
1424.0,-5.03
1425.0,-5.03
1426.0,-5.880000000000001
1427.0,-5.3
1428.0,-5.45
1429.0,-5.23
1430.0,-5.08
1431.0,-5.08
1432.0,-5.5200000000000005
1433.0,-5.22
1434.0,-5.48
1435.0,-5.2700000000000005
1436.0,-5.3100000000000005
1437.0,-5.06
1438.0,-5.06
1439.0,-5.02
1440.0,-5.3
1441.0,-5.03
1442.0,-5.02
1443.0,-5.12
1444.0,-5.390000000000001
1445.0,-5.19
1446.0,-5.44
1447.0,-5.04
1448.0,-5.21
1449.0,-5.19
1450.0,-5.86
1451.0,-5.07
1452.0,-5.36
1453.0,-5.04
1454.0,-5.630000000000001
1455.0,-5.51
1456.0,-5.24
1457.0,-5.02
1458.0,-5.04
1459.0,-5.03
1460.0,-5.18
1461.0,-5.05
1462.0,-5.15
1463.0,-5.22
1464.0,-5.17
1465.0,-5.23
1466.0,-5.34
1467.0,-5.08
1468.0,-5.48
1469.0,-5.15
1470.0,-5.05
1471.0,-5.62
1472.0,-5.03
1473.0,-5.3100000000000005
1474.0,-5.04
1475.0,-5.15
1476.0,-5.05
1477.0,-5.09
1478.0,-1.0000000000000007
1479.0,-5.01
1480.0,-5.07
1481.0,-5.07
1482.0,-5.21
1483.0,-5.11
1484.0,-5.32
1485.0,-5.13
1486.0,-5.06
1487.0,-5.08
1488.0,-5.05
1489.0,-5.25
1490.0,-5.01
1491.0,-5.09
1492.0,-5.08
1493.0,-5.01
1494.0,-5.04
1495.0,-5.02
1496.0,-5.760000000000001
1497.0,-5.22
1498.0,-1.0000000000000007
1499.0,-5.08
1500.0,-5.3100000000000005
1501.0,-5.550000000000001
1502.0,-5.03
1503.0,-5.18
1504.0,-5.65
1505.0,-5.01
1506.0,-5.82
1507.0,-5.29
1508.0,-5.06
1509.0,-5.1
1510.0,-5.23
1511.0,-5.24
1512.0,-5.09
1513.0,-5.48
1514.0,-5.36
1515.0,-5.02
1516.0,-5.04
1517.0,-5.67
1518.0,-5.19
1519.0,-1.0000000000000007
1520.0,-5.02
1521.0,-5.08
1522.0,-5.14
1523.0,-5.07
1524.0,-5.09
1525.0,-5.18
1526.0,-5.25
1527.0,-1.0000000000000007
1528.0,-5.2700000000000005
1529.0,-5.04
1530.0,-5.48
1531.0,-5.870000000000001
1532.0,-5.04
1533.0,-5.3500000000000005
1534.0,-5.17
1535.0,-5.54
1536.0,-5.19
1537.0,-5.06
1538.0,-5.16
1539.0,-5.3100000000000005
1540.0,-5.15
1541.0,-5.17
1542.0,-5.02
1543.0,-5.18
1544.0,-5.3
1545.0,-5.03
1546.0,-5.49
1547.0,-5.04
1548.0,-5.05
1549.0,-5.01
1550.0,-5.02
1551.0,-5.02
1552.0,-5.08
1553.0,-5.13
1554.0,-5.08
1555.0,-5.26
1556.0,-5.02
1557.0,-1.0000000000000007
1558.0,-5.06
1559.0,-5.26
1560.0,-5.8500000000000005
1561.0,-5.06
1562.0,-5.03
1563.0,-5.08
1564.0,-5.06
1565.0,-5.12
1566.0,-5.15
1567.0,-5.45
1568.0,-5.23
1569.0,-5.02
1570.0,-5.18
1571.0,-5.28
1572.0,-5.03
1573.0,-5.37
1574.0,-5.08
1575.0,-5.05
1576.0,-5.04
1577.0,-5.02
1578.0,-5.05
1579.0,-5.13
1580.0,-5.1
1581.0,-5.19
1582.0,-5.05
1583.0,-5.62
1584.0,-5.01
1585.0,-5.05
1586.0,-5.19
1587.0,-5.03
1588.0,-5.06
1589.0,-5.07
1590.0,-5.390000000000001
1591.0,-5.470000000000001
1592.0,-5.710000000000001
1593.0,-5.05
1594.0,-5.04
1595.0,-5.24
1596.0,-5.04
1597.0,-5.53
1598.0,-5.3100000000000005
1599.0,-5.34
1600.0,-5.2700000000000005
1601.0,-5.18
1602.0,-5.19
1603.0,-5.02
1604.0,-5.07
1605.0,-5.1
1606.0,-5.02
1607.0,-5.07
1608.0,-5.02
1609.0,-5.08
1610.0,-5.05
1611.0,-5.02
1612.0,-5.06
1613.0,-5.12
1614.0,-5.07
1615.0,-5.06
1616.0,-5.05
1617.0,-5.26
1618.0,-5.54
1619.0,-5.880000000000001
1620.0,-5.05
1621.0,-5.03
1622.0,-5.45
1623.0,-5.5
1624.0,-5.32
1625.0,-5.22
1626.0,-5.24
1627.0,-5.23
1628.0,-5.09
1629.0,-5.06
1630.0,-5.49
1631.0,-5.06
1632.0,-5.08
1633.0,-5.04
1634.0,-5.74
1635.0,-5.94
1636.0,-5.01
1637.0,-5.23
1638.0,-5.06
1639.0,-5.12
1640.0,-5.2
1641.0,-5.01
1642.0,-5.45
1643.0,-5.390000000000001
1644.0,-5.02
1645.0,-5.22
1646.0,-5.02
1647.0,-5.12
1648.0,-5.1
1649.0,-5.86
1650.0,-5.02
1651.0,-5.3100000000000005
1652.0,-5.02
1653.0,-5.04
1654.0,-5.22
1655.0,-5.32
1656.0,-5.09
1657.0,-5.2
1658.0,-5.15
1659.0,-5.15
1660.0,-5.33
1661.0,-5.04
1662.0,-5.12
1663.0,-5.23
1664.0,-5.09
1665.0,-5.04
1666.0,-5.19
1667.0,-5.13
1668.0,-5.640000000000001
1669.0,-5.01
1670.0,-5.67
1671.0,-5.07
1672.0,-5.13
1673.0,-5.03
1674.0,-5.01
1675.0,-5.25
1676.0,-5.03
1677.0,-5.14
1678.0,-5.04
1679.0,-5.3100000000000005
1680.0,-5.03
1681.0,-5.08
1682.0,-5.41
1683.0,-5.04
1684.0,-5.02
1685.0,-1.0000000000000007
1686.0,-5.05
1687.0,-5.04
1688.0,-5.54
1689.0,-5.970000000000001
1690.0,-5.15
1691.0,-5.02
1692.0,-5.05
1693.0,-5.07
1694.0,-5.2700000000000005
1695.0,-5.930000000000001
1696.0,-5.34
1697.0,-5.07
1698.0,-5.09
1699.0,-5.03
1700.0,-5.24
1701.0,-5.4
1702.0,-5.25
1703.0,-5.02
1704.0,-5.02
1705.0,-5.15
1706.0,-5.5
1707.0,-5.3
1708.0,-5.04
1709.0,-5.04
1710.0,-5.05
1711.0,-5.06
1712.0,-5.06
1713.0,-5.4
1714.0,-5.07
1715.0,-5.24
1716.0,-5.23
1717.0,-5.3100000000000005
1718.0,-5.11
1719.0,-5.34
1720.0,-5.08
1721.0,-5.02
1722.0,-5.62
1723.0,-5.11
1724.0,-5.03
1725.0,-5.1
1726.0,-5.02
1727.0,-5.02
1728.0,-5.04
1729.0,-5.62
1730.0,-5.26
1731.0,-5.42
1732.0,-5.790000000000001
1733.0,-5.02
1734.0,-5.05
1735.0,-5.62
1736.0,-5.06
1737.0,-5.17
1738.0,-5.7700000000000005
1739.0,-5.03
1740.0,-5.02
1741.0,-5.23
1742.0,-5.15
1743.0,-5.02
1744.0,-5.08
1745.0,-5.04
1746.0,-5.05
1747.0,-5.09
1748.0,-5.07
1749.0,-5.66
1750.0,-5.14
1751.0,-5.48
1752.0,-5.32
1753.0,-5.06
1754.0,-5.390000000000001
1755.0,-5.04
1756.0,-5.07
1757.0,-5.2
1758.0,-5.05
1759.0,-1.0000000000000007
1760.0,-5.15
1761.0,-5.03
1762.0,-5.62
1763.0,-5.91
1764.0,-5.15
1765.0,-5.12
1766.0,-5.05
1767.0,-5.17
1768.0,-5.42
1769.0,-5.7700000000000005
1770.0,-5.01
1771.0,-5.04
1772.0,-5.08
1773.0,-5.09
1774.0,-5.19
1775.0,-5.3
1776.0,-5.840000000000001
1777.0,-5.03
1778.0,-5.08
1779.0,-5.74
1780.0,-5.1
1781.0,-5.07
1782.0,-5.11
1783.0,-5.33
1784.0,-5.48
1785.0,-5.3
1786.0,-5.37
1787.0,-5.06
1788.0,-5.06
1789.0,-5.16
1790.0,-5.05
1791.0,-5.19
1792.0,-5.02
1793.0,-5.06
1794.0,-5.1
1795.0,-5.02
1796.0,-5.2
1797.0,-5.16
1798.0,-5.710000000000001
1799.0,-5.2700000000000005
1800.0,-5.07
1801.0,-5.16
1802.0,-5.07
1803.0,-5.04
1804.0,-5.48
1805.0,-5.06
1806.0,-5.42
1807.0,-5.06
1808.0,-5.62
1809.0,-5.07
1810.0,-5.1
1811.0,-5.3
1812.0,-5.11
1813.0,-5.11
1814.0,-5.24
1815.0,-5.11
1816.0,-5.18
1817.0,-5.01
1818.0,-5.05
1819.0,-5.45
1820.0,-5.26
1821.0,-5.05
1822.0,-5.11
1823.0,-5.12
1824.0,-5.2
1825.0,-5.02
1826.0,-5.09
1827.0,-5.550000000000001
1828.0,-5.5600000000000005
1829.0,-5.05
1830.0,-5.07
1831.0,-5.01
1832.0,-5.46
1833.0,-5.17
1834.0,-5.36
1835.0,-5.16
1836.0,-5.05
1837.0,-5.26
1838.0,-5.09
1839.0,-5.23
1840.0,-5.16
1841.0,-5.49
1842.0,-5.04
1843.0,-5.02
1844.0,-5.02
1845.0,-5.23
1846.0,-5.3
1847.0,-5.09
1848.0,-5.790000000000001
1849.0,-5.24
1850.0,-5.36
1851.0,-5.16
1852.0,-5.02
1853.0,-5.07
1854.0,-5.11
1855.0,-5.03
1856.0,-5.05
1857.0,-5.23
1858.0,-5.2
1859.0,-5.04
1860.0,-5.03
1861.0,-5.08
1862.0,-5.06
1863.0,-5.01
1864.0,-5.8100000000000005
1865.0,-5.11
1866.0,-5.12
1867.0,-5.37
1868.0,-5.26
1869.0,-5.05
1870.0,-5.06
1871.0,-5.24
1872.0,-5.29
1873.0,-5.2
1874.0,-5.14
1875.0,-5.1
1876.0,-5.02
1877.0,-5.34
1878.0,-5.01
1879.0,-5.01
1880.0,-5.46
1881.0,-5.14
1882.0,-5.880000000000001
1883.0,-5.25
1884.0,-5.680000000000001
1885.0,-5.03
1886.0,-5.08
1887.0,-5.23
1888.0,-5.24
1889.0,-5.04
1890.0,-5.12
1891.0,-5.13
1892.0,-5.1
1893.0,-5.03
1894.0,-5.37
1895.0,-5.06
1896.0,-5.1
1897.0,-5.26
1898.0,-5.09
1899.0,-5.02
1900.0,-5.550000000000001
1901.0,-5.18
1902.0,-5.19
1903.0,-5.24
1904.0,-5.03
1905.0,-5.32
1906.0,-5.08
1907.0,-5.02
1908.0,-5.02
1909.0,-5.04
1910.0,-5.05
1911.0,-5.42
1912.0,-5.11
1913.0,-5.390000000000001
1914.0,-5.04
1915.0,-5.57
1916.0,-5.630000000000001
1917.0,-5.46
1918.0,-1.0000000000000007
1919.0,-5.36
1920.0,-5.24
1921.0,-5.37
1922.0,-5.03
1923.0,-5.01
1924.0,-5.04
1925.0,-5.24
1926.0,-5.08
1927.0,-5.07
1928.0,-5.38
1929.0,-5.01
1930.0,-5.12
1931.0,-5.23
1932.0,-5.01
1933.0,-5.05
1934.0,-5.16
1935.0,-5.08
1936.0,-5.11
1937.0,-5.390000000000001
1938.0,-5.16
1939.0,-5.75
1940.0,-5.05
1941.0,-5.17
1942.0,-5.67
1943.0,-5.550000000000001
1944.0,-5.17
1945.0,-5.09
1946.0,-5.06
1947.0,-5.3
1948.0,-5.08
1949.0,-5.18
1950.0,-5.04
1951.0,-5.06
1952.0,-5.02
1953.0,-5.11
1954.0,-5.1
1955.0,-5.01
1956.0,-5.04
1957.0,-5.32
1958.0,-1.0000000000000007
1959.0,-5.06
1960.0,-5.22
1961.0,-5.14
1962.0,-5.13
1963.0,-5.13
1964.0,-5.18
1965.0,-5.21
1966.0,-5.36
1967.0,-5.08
1968.0,-5.02
1969.0,-5.17
1970.0,-5.44
1971.0,-5.4
1972.0,-5.17
1973.0,-5.15
1974.0,-5.91
1975.0,-5.12
1976.0,-5.01
1977.0,-5.08
1978.0,-5.05
1979.0,-5.01
1980.0,-5.5600000000000005
1981.0,-5.42
1982.0,-5.02
1983.0,-5.2
1984.0,-5.24
1985.0,-5.01
1986.0,-5.07
1987.0,-5.02
1988.0,-5.03
1989.0,-5.02
1990.0,-5.06
1991.0,-1.0000000000000007
1992.0,-1.0000000000000007
1993.0,-5.24
1994.0,-5.05
1995.0,-5.02
1996.0,-5.51
1997.0,-5.34
1998.0,-5.6000000000000005
1999.0,-5.02
2000.0,-5.83
2001.0,-5.17
2002.0,-5.01
2003.0,-5.16
2004.0,-5.02
2005.0,-5.11
2006.0,-5.06
2007.0,-5.15
2008.0,-5.16
2009.0,-5.02
2010.0,-5.06
2011.0,-5.37
2012.0,-5.36
2013.0,-5.37
2014.0,-5.4
2015.0,-5.26
2016.0,-5.3100000000000005
2017.0,-5.3
2018.0,-5.01
2019.0,-5.91
2020.0,-5.08
2021.0,-5.04
2022.0,-5.19
2023.0,-5.1
2024.0,-5.790000000000001
2025.0,-5.04
2026.0,-5.7
2027.0,-5.880000000000001
2028.0,-5.2
2029.0,-5.25
2030.0,-5.09
2031.0,-5.53
2032.0,-5.26
2033.0,-5.390000000000001
2034.0,-5.3500000000000005
2035.0,-5.46
2036.0,-5.11
2037.0,-5.37
2038.0,-5.44
2039.0,-5.34
2040.0,-5.06
2041.0,-5.880000000000001
2042.0,-5.12
2043.0,-5.12
2044.0,-1.0000000000000007
2045.0,-5.24
2046.0,-5.1
2047.0,-5.13
2048.0,-5.03
2049.0,-5.08
2050.0,-5.46
2051.0,-5.3
2052.0,-5.13
2053.0,-1.0000000000000007
2054.0,-5.03
2055.0,-5.22
2056.0,-5.2
2057.0,-5.8100000000000005
2058.0,-5.05
2059.0,-5.07
2060.0,-5.34
2061.0,-5.01
2062.0,-5.66
2063.0,-5.05
2064.0,-5.08
2065.0,-5.23
2066.0,-5.12
2067.0,-5.07
2068.0,-5.3500000000000005
2069.0,-5.2
2070.0,-5.05
2071.0,-5.46
2072.0,-5.42
2073.0,-5.19
2074.0,-5.5200000000000005
2075.0,-5.54
2076.0,-5.06
2077.0,-5.04
2078.0,-5.12
2079.0,-5.08
2080.0,-5.760000000000001
2081.0,-5.13
2082.0,-5.05
2083.0,-5.04
2084.0,-5.14
2085.0,-5.09
2086.0,-5.74
2087.0,-5.01
2088.0,-5.550000000000001
2089.0,-5.12
2090.0,-5.17
2091.0,-5.04
2092.0,-5.06
2093.0,-5.06
2094.0,-5.5
2095.0,-5.07
2096.0,-5.720000000000001
2097.0,-5.03
2098.0,-5.550000000000001
2099.0,-5.04
2100.0,-5.03
2101.0,-5.01
2102.0,-5.04
2103.0,-5.58
2104.0,-5.03
2105.0,-5.11
2106.0,-5.18
2107.0,-5.02
2108.0,-5.8100000000000005
2109.0,-5.26
2110.0,-5.08
2111.0,-5.23
2112.0,-5.03
2113.0,-5.51
2114.0,-5.2700000000000005
2115.0,-5.3
2116.0,-5.05
2117.0,-5.2700000000000005
2118.0,-5.49
2119.0,-5.2
2120.0,-5.04
2121.0,-5.42
2122.0,-5.02
2123.0,-5.26
2124.0,-5.49
2125.0,-5.19
2126.0,-5.02
2127.0,-5.06
2128.0,-5.12
2129.0,-5.3
2130.0,-5.12
2131.0,-5.08
2132.0,-5.07
2133.0,-5.06
2134.0,-5.3500000000000005
2135.0,-5.4
2136.0,-5.18
2137.0,-5.34
2138.0,-5.08
2139.0,-5.02
2140.0,-5.49
2141.0,-5.05
2142.0,-5.5600000000000005
2143.0,-5.3100000000000005
2144.0,-5.13
2145.0,-5.06
2146.0,-5.1
2147.0,-5.09
2148.0,-5.01
2149.0,-5.15
2150.0,-5.5
2151.0,-5.14
2152.0,-5.36
2153.0,-5.07
2154.0,-5.18
2155.0,-5.17
2156.0,-5.08
2157.0,-5.01
2158.0,-5.3100000000000005
2159.0,-5.41
2160.0,-5.08
2161.0,-5.12
2162.0,-5.2
2163.0,-5.57
2164.0,-5.16
2165.0,-5.12
2166.0,-5.74
2167.0,-5.36
2168.0,-5.02
2169.0,-5.15
2170.0,-5.34
2171.0,-5.05
2172.0,-5.01
2173.0,-5.01
2174.0,-5.05
2175.0,-5.1
2176.0,-5.07
2177.0,-5.51
2178.0,-5.18
2179.0,-5.48
2180.0,-5.07
2181.0,-5.12
2182.0,-5.02
2183.0,-5.19
2184.0,-5.08
2185.0,-5.07
2186.0,-5.46
2187.0,-5.01
2188.0,-5.01
2189.0,-5.03
2190.0,-5.02
2191.0,-5.13
2192.0,-5.08
2193.0,-5.17
2194.0,-5.08
2195.0,-5.19
2196.0,-5.02
2197.0,-5.1
2198.0,-5.16
2199.0,-5.02
2200.0,-5.12
2201.0,-5.6000000000000005
2202.0,-5.07
2203.0,-5.17
2204.0,-5.880000000000001
2205.0,-5.390000000000001
2206.0,-5.3100000000000005
2207.0,-5.18
2208.0,-5.45
2209.0,-5.75
2210.0,-5.65
2211.0,-5.11
2212.0,-5.04
2213.0,-5.44
2214.0,-5.1
2215.0,-5.44
2216.0,-5.26
2217.0,-5.02
2218.0,-5.03
2219.0,-5.960000000000001
2220.0,-5.1
2221.0,-5.38
2222.0,-5.25
2223.0,-5.13
2224.0,-5.28
2225.0,-5.1
2226.0,-5.13
2227.0,-5.69
2228.0,-5.08
2229.0,-5.13
2230.0,-5.09
2231.0,-5.02
2232.0,-5.04
2233.0,-5.02
2234.0,-5.03
2235.0,-5.710000000000001
2236.0,-5.58
2237.0,-5.12
2238.0,-5.14
2239.0,-5.25
2240.0,-5.08
2241.0,-5.22
2242.0,-5.08
2243.0,-5.54
2244.0,-5.2700000000000005
2245.0,-5.28
2246.0,-5.05
2247.0,-5.46
2248.0,-5.06
2249.0,-5.02
2250.0,-5.02
2251.0,-5.17
2252.0,-5.01
2253.0,-5.05
2254.0,-5.03
2255.0,-5.44
2256.0,-5.16
2257.0,-1.0000000000000007
2258.0,-5.12
2259.0,-5.22
2260.0,-5.04
2261.0,-5.2
2262.0,-5.430000000000001
2263.0,-5.13
2264.0,-5.03
2265.0,-5.08
2266.0,-5.49
2267.0,-5.09
2268.0,-5.01
2269.0,-5.6000000000000005
2270.0,-5.1
2271.0,-5.36
2272.0,-5.03
2273.0,-5.8500000000000005
2274.0,-5.06
2275.0,-5.45
2276.0,-5.1
2277.0,-5.02
2278.0,-5.01
2279.0,-5.7
2280.0,-5.08
2281.0,-5.32
2282.0,-5.26
2283.0,-5.03
2284.0,-5.23
2285.0,-5.29
2286.0,-5.1
2287.0,-5.05
2288.0,-5.1
2289.0,-5.04
2290.0,-5.05
2291.0,-5.01
2292.0,-5.08
2293.0,-5.01
2294.0,-5.1
2295.0,-1.0000000000000007
2296.0,-5.17
2297.0,-5.09
2298.0,-5.06
2299.0,-5.430000000000001
2300.0,-5.3
2301.0,-5.04
2302.0,-5.4
2303.0,-5.28
2304.0,-5.09
2305.0,-5.02
2306.0,-5.01
2307.0,-5.21
2308.0,-5.16
2309.0,-5.09
2310.0,-5.42
2311.0,-5.680000000000001
2312.0,-5.3500000000000005
2313.0,-5.3
2314.0,-5.04
2315.0,-5.1
2316.0,-5.04
2317.0,-5.19
2318.0,-5.3500000000000005
2319.0,-5.46
2320.0,-5.58
2321.0,-5.37
2322.0,-5.66
2323.0,-5.18
2324.0,-5.57
2325.0,-5.03
2326.0,-5.07
2327.0,-5.05
2328.0,-5.04
2329.0,-5.42
2330.0,-5.73
2331.0,-5.06
2332.0,-5.02
2333.0,-5.09
2334.0,-1.0000000000000007
2335.0,-5.14
2336.0,-5.08
2337.0,-5.5200000000000005
2338.0,-5.01
2339.0,-5.01
2340.0,-5.22
2341.0,-5.3
2342.0,-5.15
2343.0,-5.6000000000000005
2344.0,-5.42
2345.0,-1.0000000000000007
2346.0,-5.02
2347.0,-5.03
2348.0,-5.07
2349.0,-5.2700000000000005
2350.0,-5.05
2351.0,-5.08
2352.0,-5.02
2353.0,-5.05
2354.0,-5.2
2355.0,-5.3
2356.0,-5.25
2357.0,-5.08
2358.0,-5.04
2359.0,-5.48
2360.0,-5.03
2361.0,-5.04
2362.0,-5.04
2363.0,-5.04
2364.0,-5.14
2365.0,-5.42
2366.0,-5.05
2367.0,-5.11
2368.0,-5.16
2369.0,-5.04
2370.0,-5.07
2371.0,-5.1
2372.0,-5.15
2373.0,-5.57
2374.0,-5.17
2375.0,-5.390000000000001
2376.0,-5.1
2377.0,-5.04
2378.0,-5.02
2379.0,-5.02
2380.0,-5.53
2381.0,-5.24
2382.0,-5.07
2383.0,-5.07
2384.0,-5.06
2385.0,-5.33
2386.0,-5.02
2387.0,-5.960000000000001
2388.0,-5.22
2389.0,-5.28
2390.0,-5.3100000000000005
2391.0,-5.05
2392.0,-5.04
2393.0,-5.26
2394.0,-5.24
2395.0,-5.2
2396.0,-5.06
2397.0,-5.09
2398.0,-5.08
2399.0,-5.3100000000000005
2400.0,-5.22
2401.0,-5.550000000000001
2402.0,-5.29
2403.0,-5.09
2404.0,-5.25
2405.0,-5.02
2406.0,-5.33
2407.0,-5.05
2408.0,-5.01
2409.0,-5.11
2410.0,-5.06
2411.0,-5.430000000000001
2412.0,-5.06
2413.0,-5.02
2414.0,-5.57
2415.0,-5.01
2416.0,-5.3100000000000005
2417.0,-5.05
2418.0,-5.41
2419.0,-5.07
2420.0,-5.2700000000000005
2421.0,-5.45
2422.0,-5.3100000000000005
2423.0,-5.28
2424.0,-5.09
2425.0,-5.57
2426.0,-5.38
2427.0,-5.1
2428.0,-5.5
2429.0,-5.34
2430.0,-5.04
2431.0,-5.62
2432.0,-5.02
2433.0,-5.01
2434.0,-5.15
2435.0,-5.3100000000000005
2436.0,-5.23
2437.0,-5.3500000000000005
2438.0,-5.12
2439.0,-5.430000000000001
2440.0,-5.14
2441.0,-5.28
2442.0,-5.08
2443.0,-5.65
2444.0,-5.2
2445.0,-1.0000000000000007
2446.0,-5.2700000000000005
2447.0,-5.32
2448.0,-5.05
2449.0,-5.53
2450.0,-5.38
2451.0,-5.45
2452.0,-5.54
2453.0,-5.7
2454.0,-5.6000000000000005
2455.0,-5.02
2456.0,-5.28
2457.0,-5.04
2458.0,-5.01
2459.0,-5.21
2460.0,-5.09
2461.0,-5.58
2462.0,-5.23
2463.0,-5.06
2464.0,-5.04
2465.0,-5.01
2466.0,-5.04
2467.0,-5.07
2468.0,-5.24
2469.0,-5.1
2470.0,-5.3500000000000005
2471.0,-5.07
2472.0,-5.17
2473.0,-5.550000000000001
2474.0,-5.21
2475.0,-5.12
2476.0,-5.08
2477.0,-5.15
2478.0,-5.51
2479.0,-5.74
2480.0,-5.09
2481.0,-5.18
2482.0,-5.02
2483.0,-5.98
2484.0,-5.25
2485.0,-5.22
2486.0,-5.04
2487.0,-5.02
2488.0,-5.03
2489.0,-5.24
2490.0,-5.05
2491.0,-5.15
2492.0,-5.65
2493.0,-5.19
2494.0,-5.61
2495.0,-5.640000000000001
2496.0,-5.07
2497.0,-5.22
2498.0,-5.05
2499.0,-5.08
2500.0,-5.07
2501.0,-5.04
2502.0,-5.5200000000000005
2503.0,-5.1
2504.0,-5.02
2505.0,-5.21
2506.0,-5.07
2507.0,-5.02
2508.0,-5.2
2509.0,-5.75
2510.0,-5.37
2511.0,-5.91
2512.0,-5.17
2513.0,-5.11
2514.0,-5.21
2515.0,-5.15
2516.0,-5.11
2517.0,-5.7
2518.0,-5.02
2519.0,-5.62
2520.0,-5.08
2521.0,-5.57
2522.0,-5.36
2523.0,-5.13
2524.0,-5.1
2525.0,-5.2
2526.0,-5.09
2527.0,-5.07
2528.0,-1.0000000000000007
2529.0,-5.550000000000001
2530.0,-5.12
2531.0,-5.07
2532.0,-5.4
2533.0,-5.7
2534.0,-5.02
2535.0,-5.32
2536.0,-5.05
2537.0,-5.01
2538.0,-5.2700000000000005
2539.0,-5.57
2540.0,-5.49
2541.0,-5.05
2542.0,-5.25
2543.0,-5.01
2544.0,-5.05
2545.0,-1.0000000000000007
2546.0,-5.14
2547.0,-5.05
2548.0,-5.01
2549.0,-5.37
2550.0,-5.390000000000001
2551.0,-5.11
2552.0,-5.02
2553.0,-5.73
2554.0,-5.2700000000000005
2555.0,-5.14
2556.0,-5.02
2557.0,-5.02
2558.0,-5.01
2559.0,-5.08
2560.0,-5.17
2561.0,-5.14
2562.0,-5.02
2563.0,-5.53
2564.0,-5.11
2565.0,-5.22
2566.0,-5.91
2567.0,-5.04
2568.0,-5.04
2569.0,-5.02
2570.0,-5.03
2571.0,-5.41
2572.0,-5.17
2573.0,-5.04
2574.0,-5.01
2575.0,-5.04
2576.0,-5.870000000000001
2577.0,-5.02
2578.0,-5.06
2579.0,-5.430000000000001
2580.0,-5.7
2581.0,-5.48
2582.0,-5.61
2583.0,-5.06
2584.0,-5.5200000000000005
2585.0,-5.49
2586.0,-5.53
2587.0,-5.14
2588.0,-5.67
2589.0,-5.02
2590.0,-5.45
2591.0,-5.07
2592.0,-5.04
2593.0,-5.03
2594.0,-5.32
2595.0,-5.920000000000001
2596.0,-5.13
2597.0,-5.49
2598.0,-5.7700000000000005
2599.0,-5.59
2600.0,-5.01
2601.0,-5.09
2602.0,-5.04
2603.0,-5.01
2604.0,-5.08
2605.0,-5.09
2606.0,-5.5
2607.0,-5.32
2608.0,-5.6000000000000005
2609.0,-5.03
2610.0,-5.38
2611.0,-5.26
2612.0,-5.91
2613.0,-5.19
2614.0,-5.23
2615.0,-1.0000000000000007
2616.0,-1.0000000000000007
2617.0,-5.54
2618.0,-5.14
2619.0,-5.19
2620.0,-5.26
2621.0,-5.54
2622.0,-5.09
2623.0,-5.98
2624.0,-5.09
2625.0,-5.01
2626.0,-5.02
2627.0,-5.01
2628.0,-5.09
2629.0,-5.1
2630.0,-5.12
2631.0,-1.0000000000000007
2632.0,-5.09
2633.0,-5.07
2634.0,-5.02
2635.0,-5.07
2636.0,-5.08
2637.0,-5.04
2638.0,-5.18
2639.0,-5.05
2640.0,-5.12
2641.0,-5.8100000000000005
2642.0,-5.09
2643.0,-5.09
2644.0,-5.12
2645.0,-5.16
2646.0,-5.03
2647.0,-5.44
2648.0,-5.02
2649.0,-5.48
2650.0,-5.3
2651.0,-5.03
2652.0,-5.36
2653.0,-5.26
2654.0,-5.1
2655.0,-5.04
2656.0,-5.02
2657.0,-5.62
2658.0,-5.02
2659.0,-5.05
2660.0,-5.26
2661.0,-5.11
2662.0,-5.05
2663.0,-5.07
2664.0,-5.11
2665.0,-5.08
2666.0,-5.640000000000001
2667.0,-5.01
2668.0,-5.6000000000000005
2669.0,-5.44
2670.0,-5.02
2671.0,-5.86
2672.0,-5.390000000000001
2673.0,-5.06
2674.0,-5.49
2675.0,-5.58
2676.0,-5.82
2677.0,-5.13
2678.0,-5.13
2679.0,-5.25
2680.0,-1.0000000000000007
2681.0,-5.42
2682.0,-5.01
2683.0,-5.550000000000001
2684.0,-5.02
2685.0,-5.49
2686.0,-5.59
2687.0,-5.05
2688.0,-5.470000000000001
2689.0,-5.22
2690.0,-5.78
2691.0,-5.14
2692.0,-5.22
2693.0,-5.41
2694.0,-5.12
2695.0,-5.04
2696.0,-5.07
2697.0,-5.14
2698.0,-5.14
2699.0,-5.73
2700.0,-5.970000000000001
2701.0,-5.14
2702.0,-5.05
2703.0,-5.54
2704.0,-5.03
2705.0,-5.15
2706.0,-5.09
2707.0,-5.06
2708.0,-5.02
2709.0,-5.5
2710.0,-5.01
2711.0,-5.15
2712.0,-5.01
2713.0,-5.07
2714.0,-5.3100000000000005
2715.0,-5.41
2716.0,-5.19
2717.0,-5.04
2718.0,-5.01
2719.0,-5.58
2720.0,-5.04
2721.0,-5.34
2722.0,-5.09
2723.0,-5.14
2724.0,-5.8100000000000005
2725.0,-5.03
2726.0,-5.23
2727.0,-5.04
2728.0,-5.51
2729.0,-5.03
2730.0,-5.04
2731.0,-5.02
2732.0,-5.07
2733.0,-5.06
2734.0,-5.37
2735.0,-5.01
2736.0,-5.3500000000000005
2737.0,-5.02
2738.0,-5.430000000000001
2739.0,-5.5200000000000005
2740.0,-5.37
2741.0,-5.03
2742.0,-5.13
2743.0,-5.05
2744.0,-5.62
2745.0,-5.01
2746.0,-5.05
2747.0,-5.13
2748.0,-5.48
2749.0,-5.29
2750.0,-5.16
2751.0,-5.07
2752.0,-5.1
2753.0,-5.06
2754.0,-5.59
2755.0,-5.23
2756.0,-5.5600000000000005
2757.0,-5.05
2758.0,-5.09
2759.0,-5.15
2760.0,-5.550000000000001
2761.0,-5.26
2762.0,-5.19
2763.0,-5.01
2764.0,-5.12
2765.0,-5.54
2766.0,-5.08
2767.0,-5.08
2768.0,-5.05
2769.0,-5.53
2770.0,-5.48
2771.0,-5.59
2772.0,-5.22
2773.0,-5.26
2774.0,-5.53
2775.0,-5.21
2776.0,-5.21
2777.0,-5.17
2778.0,-5.630000000000001
2779.0,-5.09
2780.0,-5.05
2781.0,-5.38
2782.0,-5.62
2783.0,-5.13
2784.0,-5.04
2785.0,-5.22
2786.0,-5.12
2787.0,-5.02
2788.0,-5.470000000000001
2789.0,-5.08
2790.0,-1.0000000000000007
2791.0,-5.02
2792.0,-5.04
2793.0,-5.29
2794.0,-5.03
2795.0,-5.09
2796.0,-5.32
2797.0,-5.13
2798.0,-5.09
2799.0,-5.02
2800.0,-5.04
2801.0,-5.02
2802.0,-5.07
2803.0,-5.07
2804.0,-5.08
2805.0,-5.8100000000000005
2806.0,-5.06
2807.0,-5.3
2808.0,-5.08
2809.0,-5.720000000000001
2810.0,-5.08
2811.0,-5.38
2812.0,-5.34
2813.0,-5.06
2814.0,-5.51
2815.0,-5.14
2816.0,-5.15
2817.0,-5.29
2818.0,-5.09
2819.0,-5.29
2820.0,-5.01
2821.0,-5.16
2822.0,-5.44
2823.0,-5.19
2824.0,-5.06
2825.0,-5.02
2826.0,-5.08
2827.0,-5.3
2828.0,-5.06
2829.0,-5.1
2830.0,-5.18
2831.0,-5.01
2832.0,-5.5600000000000005
2833.0,-5.04
2834.0,-5.05
2835.0,-5.36
2836.0,-5.33
2837.0,-5.02
2838.0,-5.02
2839.0,-5.02
2840.0,-5.22
2841.0,-5.06
2842.0,-5.08
2843.0,-5.07
2844.0,-5.04
2845.0,-5.24
2846.0,-5.08
2847.0,-5.34
2848.0,-5.11
2849.0,-5.01
2850.0,-5.03
2851.0,-5.04
2852.0,-5.08
2853.0,-5.1
2854.0,-5.18
2855.0,-5.08
2856.0,-5.470000000000001
2857.0,-5.870000000000001
2858.0,-5.13
2859.0,-5.02
2860.0,-5.430000000000001
2861.0,-5.08
2862.0,-5.21
2863.0,-5.05
2864.0,-5.970000000000001
2865.0,-5.04
2866.0,-5.01
2867.0,-5.1
2868.0,-5.06
2869.0,-5.05
2870.0,-5.04
2871.0,-5.23
2872.0,-5.24
2873.0,-5.03
2874.0,-5.54
2875.0,-5.03
2876.0,-5.06
2877.0,-5.11
2878.0,-5.02
2879.0,-5.44
2880.0,-5.42
2881.0,-5.66
2882.0,-5.05
2883.0,-5.03
2884.0,-5.03
2885.0,-5.18
2886.0,-5.07
2887.0,-5.94
2888.0,-5.04
2889.0,-5.24
2890.0,-5.03
2891.0,-5.42
2892.0,-5.12
2893.0,-5.05
2894.0,-5.69
2895.0,-5.1
2896.0,-5.28
2897.0,-5.13
2898.0,-5.19
2899.0,-5.07
2900.0,-5.03
2901.0,-5.1
2902.0,-5.08
2903.0,-5.01
2904.0,-5.07
2905.0,-5.02
2906.0,-5.73
2907.0,-5.07
2908.0,-5.6000000000000005
2909.0,-5.14
2910.0,-5.12
2911.0,-5.06
2912.0,-5.74
2913.0,-5.3500000000000005
2914.0,-5.02
2915.0,-5.01
2916.0,-5.99
2917.0,-5.03
2918.0,-5.11
2919.0,-5.08
2920.0,-5.3100000000000005
2921.0,-5.16
2922.0,-5.14
2923.0,-5.2
2924.0,-5.07
2925.0,-5.02
2926.0,-5.24
2927.0,-5.09
2928.0,-5.05
2929.0,-5.2
2930.0,-5.01
2931.0,-5.03
2932.0,-5.08
2933.0,-5.48
2934.0,-5.4
2935.0,-5.3100000000000005
2936.0,-5.23
2937.0,-5.15
2938.0,-5.14
2939.0,-5.04
2940.0,-5.760000000000001
2941.0,-5.69
2942.0,-5.9
2943.0,-5.36
2944.0,-5.42
2945.0,-5.33
2946.0,-1.0000000000000007
2947.0,-5.14
2948.0,-5.13
2949.0,-5.16
2950.0,-5.01
2951.0,-5.630000000000001
2952.0,-5.11
2953.0,-5.760000000000001
2954.0,-5.630000000000001
2955.0,-5.14
2956.0,-5.51
2957.0,-5.41
2958.0,-5.3500000000000005
2959.0,-5.03
2960.0,-5.22
2961.0,-5.3100000000000005
2962.0,-5.33
2963.0,-5.21
2964.0,-5.550000000000001
2965.0,-5.33
2966.0,-5.18
2967.0,-5.03
2968.0,-5.37
2969.0,-5.03
2970.0,-5.2
2971.0,-5.870000000000001
2972.0,-5.34
2973.0,-5.02
2974.0,-5.2
2975.0,-5.430000000000001
2976.0,-5.01
2977.0,-5.720000000000001
2978.0,-5.3
2979.0,-5.390000000000001
2980.0,-5.03
2981.0,-5.02
2982.0,-5.44
2983.0,-5.1
2984.0,-5.04
2985.0,-5.2700000000000005
2986.0,-5.03
2987.0,-5.05
2988.0,-5.03
2989.0,-5.05
2990.0,-5.01
2991.0,-5.1
2992.0,-5.07
2993.0,-5.05
2994.0,-5.5
2995.0,-5.04
2996.0,-5.11
2997.0,-5.32
2998.0,-5.02
2999.0,-5.16
3000.0,-5.14
3001.0,-5.2
3002.0,-5.02
3003.0,-5.2700000000000005
3004.0,-5.05
3005.0,-5.790000000000001
3006.0,-5.11
3007.0,-5.2700000000000005
3008.0,-5.04
3009.0,-5.23
3010.0,-5.02
3011.0,-5.02
3012.0,-5.11
3013.0,-5.17
3014.0,-5.02
3015.0,-5.36
3016.0,-5.38
3017.0,-5.24
3018.0,-1.0000000000000007
3019.0,-5.09
3020.0,-5.02
3021.0,-5.04
3022.0,-5.4
3023.0,-5.3100000000000005
3024.0,-5.06
3025.0,-5.33
3026.0,-5.06
3027.0,-5.04
3028.0,-5.04
3029.0,-5.34
3030.0,-5.6000000000000005
3031.0,-5.48
3032.0,-5.23
3033.0,-5.24
3034.0,-5.86
3035.0,-5.08
3036.0,-5.930000000000001
3037.0,-5.5
3038.0,-5.24
3039.0,-5.1
3040.0,-5.05
3041.0,-5.19
3042.0,-5.4
3043.0,-5.01
3044.0,-5.24
3045.0,-5.58
3046.0,-5.21
3047.0,-5.94
3048.0,-5.02
3049.0,-5.36
3050.0,-5.14
3051.0,-5.15
3052.0,-5.16
3053.0,-5.08
3054.0,-5.04
3055.0,-1.0000000000000007
3056.0,-5.01
3057.0,-5.05
3058.0,-5.09
3059.0,-5.05
3060.0,-5.83
3061.0,-5.13
3062.0,-5.3100000000000005
3063.0,-1.0000000000000007
3064.0,-5.09
3065.0,-5.69
3066.0,-5.04
3067.0,-5.03
3068.0,-5.14
3069.0,-5.29
3070.0,-5.5600000000000005
3071.0,-5.05
3072.0,-5.24
3073.0,-5.950000000000001
3074.0,-5.29
3075.0,-5.390000000000001
3076.0,-5.09
3077.0,-5.17
3078.0,-5.02
3079.0,-5.08
3080.0,-5.09
3081.0,-5.12
3082.0,-5.01
3083.0,-5.13
3084.0,-5.44
3085.0,-5.04
3086.0,-5.58
3087.0,-5.03
3088.0,-5.07
3089.0,-5.18
3090.0,-5.22
3091.0,-5.09
3092.0,-5.02
3093.0,-5.46
3094.0,-5.05
3095.0,-5.02
3096.0,-5.05
3097.0,-5.21
3098.0,-5.1
3099.0,-5.04
3100.0,-5.08
3101.0,-5.22
3102.0,-5.36
3103.0,-5.09
3104.0,-5.5200000000000005
3105.0,-5.03
3106.0,-5.48
3107.0,-5.2
3108.0,-5.11
3109.0,-5.03
3110.0,-5.09
3111.0,-5.08
3112.0,-5.44
3113.0,-5.15
3114.0,-5.53
3115.0,-5.14
3116.0,-5.07
3117.0,-5.03
3118.0,-5.1
3119.0,-5.82
3120.0,-5.01
3121.0,-5.49
3122.0,-5.3100000000000005
3123.0,-5.01
3124.0,-5.02
3125.0,-5.04
3126.0,-5.19
3127.0,-5.49
3128.0,-5.12
3129.0,-5.07
3130.0,-5.02
3131.0,-5.48
3132.0,-5.07
3133.0,-5.02
3134.0,-5.69
3135.0,-5.05
3136.0,-5.390000000000001
3137.0,-5.46
3138.0,-5.25
3139.0,-5.51
3140.0,-5.02
3141.0,-5.21
3142.0,-5.06
3143.0,-5.470000000000001
3144.0,-5.14
3145.0,-5.02
3146.0,-5.2700000000000005
3147.0,-5.46
3148.0,-5.34
3149.0,-5.18
3150.0,-5.26
3151.0,-5.86
3152.0,-5.05
3153.0,-5.390000000000001
3154.0,-5.12
3155.0,-5.05
3156.0,-5.01
3157.0,-5.3100000000000005
3158.0,-5.29
3159.0,-5.02
3160.0,-5.69
3161.0,-5.08
3162.0,-5.17
3163.0,-5.13
3164.0,-5.38
3165.0,-5.19
3166.0,-5.01
3167.0,-5.15
3168.0,-5.37
3169.0,-5.61
3170.0,-5.28
3171.0,-5.01
3172.0,-5.54
3173.0,-5.11
3174.0,-5.04
3175.0,-5.03
3176.0,-5.34
3177.0,-5.02
3178.0,-5.7
3179.0,-5.19
3180.0,-5.11
3181.0,-5.03
3182.0,-5.02
3183.0,-5.41
3184.0,-5.14
3185.0,-5.06
3186.0,-5.07
3187.0,-5.01
3188.0,-5.15
3189.0,-5.470000000000001
3190.0,-5.21
3191.0,-5.8100000000000005
3192.0,-5.01
3193.0,-5.03
3194.0,-5.05
3195.0,-5.630000000000001
3196.0,-5.04
3197.0,-5.12
3198.0,-5.38
3199.0,-5.02
3200.0,-5.390000000000001
3201.0,-5.790000000000001
3202.0,-5.01
3203.0,-5.02
3204.0,-5.05
3205.0,-5.28
3206.0,-5.45
3207.0,-5.03
3208.0,-5.12
3209.0,-1.0000000000000007
3210.0,-5.25
3211.0,-5.18
3212.0,-5.03
3213.0,-5.09
3214.0,-5.23
3215.0,-5.01
3216.0,-5.34
3217.0,-5.02
3218.0,-5.01
3219.0,-1.0000000000000007
3220.0,-5.02
3221.0,-5.19
3222.0,-5.16
3223.0,-5.24
3224.0,-5.25
3225.0,-5.06
3226.0,-5.1
3227.0,-5.02
3228.0,-5.640000000000001
3229.0,-5.06
3230.0,-5.08
3231.0,-5.12
3232.0,-5.1
3233.0,-5.2700000000000005
3234.0,-5.02
3235.0,-5.05
3236.0,-5.83
3237.0,-5.01
3238.0,-5.26
3239.0,-5.02
3240.0,-5.54
3241.0,-5.03
3242.0,-5.02
3243.0,-5.02
3244.0,-5.02
3245.0,-5.1
3246.0,-5.720000000000001
3247.0,-5.03
3248.0,-5.16
3249.0,-5.45
3250.0,-5.26
3251.0,-5.58
3252.0,-5.14
3253.0,-5.08
3254.0,-5.03
3255.0,-1.0000000000000007
3256.0,-5.960000000000001
3257.0,-5.57
3258.0,-5.04
3259.0,-5.2
3260.0,-5.74
3261.0,-5.630000000000001
3262.0,-5.01
3263.0,-5.01
3264.0,-5.46
3265.0,-5.28
3266.0,-1.0000000000000007
3267.0,-5.19
3268.0,-5.2700000000000005
3269.0,-5.3
3270.0,-5.15
3271.0,-5.12
3272.0,-5.04
3273.0,-5.02
3274.0,-1.0000000000000007
3275.0,-5.37
3276.0,-5.49
3277.0,-5.73
3278.0,-5.18
3279.0,-5.05
3280.0,-5.4
3281.0,-5.45
3282.0,-5.02
3283.0,-5.1
3284.0,-1.0000000000000007
3285.0,-5.03
3286.0,-5.470000000000001
3287.0,-5.34
3288.0,-5.12
3289.0,-5.21
3290.0,-5.18
3291.0,-5.07
3292.0,-5.06
3293.0,-5.08
3294.0,-5.04
3295.0,-5.01
3296.0,-5.2700000000000005
3297.0,-5.3
3298.0,-1.0000000000000007
3299.0,-5.91
3300.0,-5.07
3301.0,-5.13
3302.0,-5.12
3303.0,-5.12
3304.0,-5.12
3305.0,-5.18
3306.0,-5.3100000000000005
3307.0,-5.11
3308.0,-1.0000000000000007
3309.0,-5.11
3310.0,-5.08
3311.0,-5.22
3312.0,-5.3100000000000005
3313.0,-5.06
3314.0,-5.21
3315.0,-5.2
3316.0,-5.01
3317.0,-5.710000000000001
3318.0,-5.06
3319.0,-5.23
3320.0,-5.06
3321.0,-5.09
3322.0,-5.16
3323.0,-5.2700000000000005
3324.0,-5.2
3325.0,-5.34
3326.0,-5.08
3327.0,-5.14
3328.0,-5.01
3329.0,-5.12
3330.0,-5.06
3331.0,-5.04
3332.0,-5.2
3333.0,-5.02
3334.0,-5.04
3335.0,-5.05
3336.0,-5.23
3337.0,-5.06
3338.0,-5.07
3339.0,-5.21
3340.0,-5.17
3341.0,-5.03
3342.0,-5.03
3343.0,-5.2
3344.0,-5.13
3345.0,-1.0000000000000007
3346.0,-5.19
3347.0,-5.11
3348.0,-5.54
3349.0,-1.0000000000000007
3350.0,-5.04
3351.0,-5.02
3352.0,-5.05
3353.0,-5.15
3354.0,-5.04
3355.0,-5.03
3356.0,-5.02
3357.0,-5.06
3358.0,-5.57
3359.0,-5.07
3360.0,-5.17
3361.0,-5.760000000000001
3362.0,-5.5
3363.0,-5.11
3364.0,-1.0000000000000007
3365.0,-5.01
3366.0,-5.14
3367.0,-5.430000000000001
3368.0,-5.06
3369.0,-5.3
3370.0,-5.17
3371.0,-5.38
3372.0,-5.12
3373.0,-5.42
3374.0,-5.02
3375.0,-5.28
3376.0,-5.8100000000000005
3377.0,-5.36
3378.0,-5.07
3379.0,-5.22
3380.0,-5.03
3381.0,-5.01
3382.0,-5.02
3383.0,-5.53
3384.0,-5.26
3385.0,-5.82
3386.0,-5.03
3387.0,-5.02
3388.0,-5.05
3389.0,-5.01
3390.0,-5.69
3391.0,-5.15
3392.0,-5.09
3393.0,-5.09
3394.0,-5.2700000000000005
3395.0,-5.22
3396.0,-5.03
3397.0,-5.21
3398.0,-5.32
3399.0,-5.13
3400.0,-5.06
3401.0,-5.16
3402.0,-5.05
3403.0,-5.430000000000001
3404.0,-5.02
3405.0,-5.74
3406.0,-5.04
3407.0,-5.7
3408.0,-5.58
3409.0,-5.02
3410.0,-5.06
3411.0,-5.2700000000000005
3412.0,-5.880000000000001
3413.0,-5.06
3414.0,-5.29
3415.0,-5.13
3416.0,-5.470000000000001
3417.0,-5.02
3418.0,-5.2
3419.0,-5.03
3420.0,-5.13
3421.0,-5.1
3422.0,-5.12
3423.0,-5.05
3424.0,-5.44
3425.0,-5.01
3426.0,-5.38
3427.0,-5.41
3428.0,-5.28
3429.0,-5.53
3430.0,-5.66
3431.0,-5.7
3432.0,-5.12
3433.0,-5.04
3434.0,-5.03
3435.0,-5.640000000000001
3436.0,-5.09
3437.0,-5.1
3438.0,-5.02
3439.0,-5.03
3440.0,-5.34
3441.0,-5.34
3442.0,-5.23
3443.0,-5.02
3444.0,-5.08
3445.0,-5.54
3446.0,-5.16
3447.0,-5.49
3448.0,-5.02
3449.0,-5.05
3450.0,-5.44
3451.0,-5.21
3452.0,-5.26
3453.0,-5.36
3454.0,-5.59
3455.0,-5.13
3456.0,-5.920000000000001
3457.0,-5.29
3458.0,-5.02
3459.0,-5.03
3460.0,-5.1
3461.0,-5.11
3462.0,-5.58
3463.0,-5.45
3464.0,-5.1
3465.0,-5.23
3466.0,-5.19
3467.0,-5.06
3468.0,-5.13
3469.0,-5.09
3470.0,-5.01
3471.0,-5.12
3472.0,-5.1
3473.0,-5.11
3474.0,-5.33
3475.0,-5.630000000000001
3476.0,-5.09
3477.0,-5.05
3478.0,-5.14
3479.0,-5.02
3480.0,-5.06
3481.0,-5.06
3482.0,-5.23
3483.0,-5.01
3484.0,-5.09
3485.0,-5.2700000000000005
3486.0,-5.23
3487.0,-5.17
3488.0,-5.06
3489.0,-5.03
3490.0,-5.09
3491.0,-5.54
3492.0,-5.630000000000001
3493.0,-5.66
3494.0,-5.06
3495.0,-5.49
3496.0,-5.17
3497.0,-5.83
3498.0,-5.05
3499.0,-5.840000000000001
3500.0,-5.04
3501.0,-5.8100000000000005
3502.0,-5.01
3503.0,-5.03
3504.0,-5.02
3505.0,-5.58
3506.0,-5.1
3507.0,-5.02
3508.0,-5.09
3509.0,-1.0000000000000007
3510.0,-1.0000000000000007
3511.0,-5.22
3512.0,-5.94
3513.0,-5.02
3514.0,-5.37
3515.0,-5.19
3516.0,-5.550000000000001
3517.0,-5.18
3518.0,-5.29
3519.0,-5.15
3520.0,-5.06
3521.0,-5.03
3522.0,-5.760000000000001
3523.0,-5.24
3524.0,-5.930000000000001
3525.0,-5.1
3526.0,-5.05
3527.0,-5.08
3528.0,-5.08
3529.0,-5.06
3530.0,-5.06
3531.0,-5.04
3532.0,-5.07
3533.0,-5.05
3534.0,-5.04
3535.0,-5.04
3536.0,-5.14
3537.0,-5.17
3538.0,-5.03
3539.0,-5.53
3540.0,-5.02
3541.0,-5.03
3542.0,-5.640000000000001
3543.0,-5.36
3544.0,-5.01
3545.0,-5.18
3546.0,-5.05
3547.0,-5.6000000000000005
3548.0,-5.09
3549.0,-5.05
3550.0,-5.11
3551.0,-5.03
3552.0,-5.33
3553.0,-5.2
3554.0,-5.34
3555.0,-5.23
3556.0,-5.65
3557.0,-5.3
3558.0,-5.01
3559.0,-5.49
3560.0,-5.01
3561.0,-5.32
3562.0,-5.630000000000001
3563.0,-5.26
3564.0,-5.05
3565.0,-5.05
3566.0,-5.22
3567.0,-5.01
3568.0,-5.03
3569.0,-5.14
3570.0,-5.18
3571.0,-5.01
3572.0,-5.01
3573.0,-5.02
3574.0,-5.19
3575.0,-5.05
3576.0,-5.01
3577.0,-5.07
3578.0,-1.0000000000000007
3579.0,-5.28
3580.0,-5.5600000000000005
3581.0,-5.02
3582.0,-5.01
3583.0,-5.08
3584.0,-5.06
3585.0,-5.04
3586.0,-5.17
3587.0,-5.03
3588.0,-5.05
3589.0,-5.01
3590.0,-5.67
3591.0,-5.37
3592.0,-5.07
3593.0,-5.03
3594.0,-5.17
3595.0,-5.03
3596.0,-5.21
3597.0,-5.42
3598.0,-5.04
3599.0,-5.05
3600.0,-5.02
3601.0,-5.02
3602.0,-5.57
3603.0,-5.2
3604.0,-5.09
3605.0,-5.34
3606.0,-5.16
3607.0,-5.18
3608.0,-5.12
3609.0,-5.01
3610.0,-5.03
3611.0,-5.02
3612.0,-5.25
3613.0,-5.33
3614.0,-5.1
3615.0,-5.09
3616.0,-5.07
3617.0,-5.33
3618.0,-5.91
3619.0,-5.09
3620.0,-5.09
3621.0,-5.41
3622.0,-5.16
3623.0,-5.01
3624.0,-5.06
3625.0,-5.680000000000001
3626.0,-5.23
3627.0,-5.73
3628.0,-5.09
3629.0,-5.09
3630.0,-5.04
3631.0,-5.5200000000000005
3632.0,-5.45
3633.0,-5.14
3634.0,-5.67
3635.0,-5.05
3636.0,-5.06
3637.0,-5.16
3638.0,-5.2
3639.0,-5.36
3640.0,-5.04
3641.0,-5.04
3642.0,-5.5600000000000005
3643.0,-5.33
3644.0,-5.04
3645.0,-5.13
3646.0,-5.06
3647.0,-5.550000000000001
3648.0,-5.09
3649.0,-5.28
3650.0,-5.13
3651.0,-5.15
3652.0,-5.05
3653.0,-5.02
3654.0,-5.07
3655.0,-5.04
3656.0,-5.24
3657.0,-5.03
3658.0,-5.05
3659.0,-5.03
3660.0,-5.2
3661.0,-5.09
3662.0,-5.02
3663.0,-5.15
3664.0,-5.3100000000000005
3665.0,-5.06
3666.0,-5.1
3667.0,-5.04
3668.0,-5.15
3669.0,-5.36
3670.0,-5.36
3671.0,-5.22
3672.0,-5.24
3673.0,-5.02
3674.0,-5.42
3675.0,-5.01
3676.0,-5.2
3677.0,-5.08
3678.0,-5.08
3679.0,-5.02
3680.0,-5.06
3681.0,-5.04
3682.0,-5.49
3683.0,-5.25
3684.0,-5.06
3685.0,-5.01
3686.0,-5.13
3687.0,-5.03
3688.0,-5.17
3689.0,-5.13
3690.0,-5.06
3691.0,-5.11
3692.0,-5.02
3693.0,-1.0000000000000007
3694.0,-5.03
3695.0,-5.02
3696.0,-5.03
3697.0,-5.5600000000000005
3698.0,-5.02
3699.0,-5.29
3700.0,-5.5
3701.0,-5.01
3702.0,-5.5200000000000005
3703.0,-5.06
3704.0,-5.34
3705.0,-5.08
3706.0,-5.03
3707.0,-5.15
3708.0,-5.04
3709.0,-1.0000000000000007
3710.0,-5.11
3711.0,-5.02
3712.0,-5.5600000000000005
3713.0,-5.69
3714.0,-5.23
3715.0,-5.32
3716.0,-5.14
3717.0,-5.470000000000001
3718.0,-5.29
3719.0,-5.07
3720.0,-5.54
3721.0,-5.21
3722.0,-5.07
3723.0,-5.7700000000000005
3724.0,-5.05
3725.0,-5.07
3726.0,-5.01
3727.0,-5.02
3728.0,-5.14
3729.0,-5.73
3730.0,-5.3
3731.0,-5.04
3732.0,-5.69
3733.0,-5.26
3734.0,-5.06
3735.0,-5.08
3736.0,-5.13
3737.0,-5.01
3738.0,-5.05
3739.0,-5.07
3740.0,-5.03
3741.0,-5.3
3742.0,-5.15
3743.0,-5.06
3744.0,-5.11
3745.0,-5.03
3746.0,-5.5600000000000005
3747.0,-5.37
3748.0,-5.07
3749.0,-5.03
3750.0,-5.48
3751.0,-5.01
3752.0,-5.03
3753.0,-5.04
3754.0,-5.12
3755.0,-5.03
3756.0,-5.05
3757.0,-5.86
3758.0,-5.6000000000000005
3759.0,-5.8100000000000005
3760.0,-5.38
3761.0,-5.02
3762.0,-5.02
3763.0,-5.34
3764.0,-5.14
3765.0,-5.14
3766.0,-5.05
3767.0,-5.08
3768.0,-5.04
3769.0,-5.33
3770.0,-5.82
3771.0,-5.34
3772.0,-5.38
3773.0,-5.03
3774.0,-5.22
3775.0,-5.02
3776.0,-5.06
3777.0,-5.5
3778.0,-5.07
3779.0,-5.44
3780.0,-5.1
3781.0,-5.12
3782.0,-5.08
3783.0,-5.44
3784.0,-5.74
3785.0,-5.03
3786.0,-5.57
3787.0,-5.05
3788.0,-5.33
3789.0,-5.28
3790.0,-5.04
3791.0,-5.28
3792.0,-5.06
3793.0,-5.23
3794.0,-5.5200000000000005
3795.0,-5.13
3796.0,-1.0000000000000007
3797.0,-5.07
3798.0,-5.65
3799.0,-5.03
3800.0,-5.04
3801.0,-5.04
3802.0,-5.4
3803.0,-5.03
3804.0,-5.05
3805.0,-5.06
3806.0,-5.75
3807.0,-5.05
3808.0,-5.01
3809.0,-5.01
3810.0,-5.05
3811.0,-5.54
3812.0,-5.07
3813.0,-5.05
3814.0,-5.03
3815.0,-5.22
3816.0,-5.04
3817.0,-5.5600000000000005
3818.0,-5.04
3819.0,-5.01
3820.0,-5.09
3821.0,-5.2700000000000005
3822.0,-5.03
3823.0,-5.02
3824.0,-5.3500000000000005
3825.0,-5.02
3826.0,-5.06
3827.0,-5.04
3828.0,-5.91
3829.0,-5.02
3830.0,-5.02
3831.0,-5.06
3832.0,-5.04
3833.0,-5.32
3834.0,-5.04
3835.0,-5.17
3836.0,-5.07
3837.0,-5.06
3838.0,-5.25
3839.0,-5.18
3840.0,-5.680000000000001
3841.0,-5.28
3842.0,-5.07
3843.0,-5.06
3844.0,-5.04
3845.0,-5.13
3846.0,-5.550000000000001
3847.0,-5.12
3848.0,-5.15
3849.0,-5.09
3850.0,-5.03
3851.0,-5.14
3852.0,-5.05
3853.0,-5.14
3854.0,-5.36
3855.0,-5.5
3856.0,-5.14
3857.0,-5.3
3858.0,-5.01
3859.0,-5.04
3860.0,-5.5
3861.0,-5.11
3862.0,-5.83
3863.0,-5.01
3864.0,-5.11
3865.0,-5.37
3866.0,-5.07
3867.0,-5.790000000000001
3868.0,-5.17
3869.0,-5.680000000000001
3870.0,-5.14
3871.0,-5.19
3872.0,-5.05
3873.0,-5.640000000000001
3874.0,-5.46
3875.0,-5.950000000000001
3876.0,-5.14
3877.0,-5.07
3878.0,-5.06
3879.0,-5.36
3880.0,-5.01
3881.0,-5.49
3882.0,-5.18
3883.0,-5.11
3884.0,-5.02
3885.0,-5.21
3886.0,-5.5200000000000005
3887.0,-5.08
3888.0,-5.22
3889.0,-5.13
3890.0,-5.26
3891.0,-5.23
3892.0,-5.21
3893.0,-5.06
3894.0,-5.3500000000000005
3895.0,-5.7700000000000005
3896.0,-5.14
3897.0,-5.19
3898.0,-5.42
3899.0,-5.01
3900.0,-5.26
3901.0,-5.17
3902.0,-5.05
3903.0,-5.36
3904.0,-5.13
3905.0,-5.13
3906.0,-1.0000000000000007
3907.0,-5.12
3908.0,-5.66
3909.0,-5.2700000000000005
3910.0,-5.25
3911.0,-5.13
3912.0,-5.06
3913.0,-5.2
3914.0,-5.07
3915.0,-1.0000000000000007
3916.0,-5.09
3917.0,-5.54
3918.0,-5.13
3919.0,-5.16
3920.0,-1.0000000000000007
3921.0,-5.24
3922.0,-5.03
3923.0,-5.17
3924.0,-5.02
3925.0,-5.04
3926.0,-5.49
3927.0,-5.18
3928.0,-5.03
3929.0,-5.3500000000000005
3930.0,-5.01
3931.0,-5.4
3932.0,-5.07
3933.0,-5.07
3934.0,-5.01
3935.0,-5.19
3936.0,-5.14
3937.0,-5.08
3938.0,-5.01
3939.0,-5.06
3940.0,-5.15
3941.0,-5.28
3942.0,-5.14
3943.0,-5.3
3944.0,-5.02
3945.0,-5.02
3946.0,-5.05
3947.0,-5.11
3948.0,-5.38
3949.0,-5.32
3950.0,-5.32
3951.0,-5.26
3952.0,-1.0000000000000007
3953.0,-5.13
3954.0,-5.17
3955.0,-5.1
3956.0,-5.08
3957.0,-5.1
3958.0,-5.04
3959.0,-5.790000000000001
3960.0,-5.05
3961.0,-5.01
3962.0,-5.03
3963.0,-5.2
3964.0,-5.03
3965.0,-5.470000000000001
3966.0,-5.21
3967.0,-5.01
3968.0,-5.42
3969.0,-5.710000000000001
3970.0,-5.05
3971.0,-5.02
3972.0,-5.65
3973.0,-5.08
3974.0,-5.61
3975.0,-5.13
3976.0,-5.3100000000000005
3977.0,-5.05
3978.0,-5.17
3979.0,-5.34
3980.0,-5.57
3981.0,-5.09
3982.0,-5.03
3983.0,-5.99
3984.0,-5.5600000000000005
3985.0,-5.11
3986.0,-5.02
3987.0,-5.04
3988.0,-5.08
3989.0,-5.02
3990.0,-5.26
3991.0,-5.04
3992.0,-5.03
3993.0,-5.09
3994.0,-5.42
3995.0,-5.38
3996.0,-5.33
3997.0,-5.04
3998.0,-5.2700000000000005
3999.0,-5.13
4000.0,-5.06
4001.0,-5.01
4002.0,-1.0000000000000007
4003.0,-5.09
4004.0,-5.05
4005.0,-5.04
4006.0,-5.07
4007.0,-5.1
4008.0,-5.03
4009.0,-5.29
4010.0,-5.45
4011.0,-5.1
4012.0,-5.46
4013.0,-5.23
4014.0,-5.1
4015.0,-5.07
4016.0,-5.01
4017.0,-5.15
4018.0,-5.37
4019.0,-5.04
4020.0,-5.58
4021.0,-5.05
4022.0,-5.02
4023.0,-5.3
4024.0,-5.14
4025.0,-5.2
4026.0,-5.04
4027.0,-5.19
4028.0,-5.2700000000000005
4029.0,-5.2700000000000005
4030.0,-5.02
4031.0,-5.06
4032.0,-5.02
4033.0,-5.3500000000000005
4034.0,-5.02
4035.0,-5.16
4036.0,-5.03
4037.0,-5.04
4038.0,-5.03
4039.0,-5.6000000000000005
4040.0,-5.07
4041.0,-5.11
4042.0,-5.02
4043.0,-5.05
4044.0,-5.15
4045.0,-5.03
4046.0,-5.02
4047.0,-5.67
4048.0,-5.01
4049.0,-5.5
4050.0,-5.14
4051.0,-5.46
4052.0,-5.03
4053.0,-5.02
4054.0,-5.42
4055.0,-5.06
4056.0,-5.880000000000001
4057.0,-5.880000000000001
4058.0,-5.03
4059.0,-5.36
4060.0,-5.17
4061.0,-5.01
4062.0,-5.28
4063.0,-5.12
4064.0,-5.66
4065.0,-5.45
4066.0,-5.02
4067.0,-5.36
4068.0,-5.02
4069.0,-5.920000000000001
4070.0,-5.790000000000001
4071.0,-5.29
4072.0,-5.44
4073.0,-5.04
4074.0,-5.17
4075.0,-5.05
4076.0,-5.69
4077.0,-5.69
4078.0,-5.06
4079.0,-5.05
4080.0,-5.08
4081.0,-5.17
4082.0,-5.02
4083.0,-5.3
4084.0,-5.16
4085.0,-5.18
4086.0,-5.05
4087.0,-5.16
4088.0,-5.710000000000001
4089.0,-5.46
4090.0,-1.0000000000000007
4091.0,-5.01
4092.0,-5.09
4093.0,-5.37
4094.0,-5.02
4095.0,-5.36
4096.0,-5.2
4097.0,-5.1
4098.0,-5.1
4099.0,-5.14
4100.0,-5.53
4101.0,-5.18
4102.0,-5.61
4103.0,-5.02
4104.0,-5.18
4105.0,-5.03
4106.0,-5.65
4107.0,-5.06
4108.0,-5.48
4109.0,-5.470000000000001
4110.0,-5.2700000000000005
4111.0,-5.14
4112.0,-5.59
4113.0,-5.29
4114.0,-5.02
4115.0,-5.11
4116.0,-5.32
4117.0,-5.18
4118.0,-5.02
4119.0,-5.49
4120.0,-5.15
4121.0,-5.49
4122.0,-5.12
4123.0,-5.03
4124.0,-5.18
4125.0,-5.41
4126.0,-5.29
4127.0,-5.07
4128.0,-5.08
4129.0,-5.02
4130.0,-5.73
4131.0,-5.05
4132.0,-5.99
4133.0,-5.3100000000000005
4134.0,-5.19
4135.0,-5.4
4136.0,-5.04
4137.0,-5.2700000000000005
4138.0,-5.390000000000001
4139.0,-5.66
4140.0,-5.08
4141.0,-5.25
4142.0,-5.02
4143.0,-5.08
4144.0,-5.06
4145.0,-5.16
4146.0,-5.49
4147.0,-5.21
4148.0,-5.03
4149.0,-5.02
4150.0,-5.4
4151.0,-5.58
4152.0,-5.19
4153.0,-5.06
4154.0,-5.02
4155.0,-5.57
4156.0,-5.06
4157.0,-5.01
4158.0,-5.11
4159.0,-5.01
4160.0,-5.53
4161.0,-5.22
4162.0,-5.34
4163.0,-5.02
4164.0,-5.05
4165.0,-5.38
4166.0,-5.550000000000001
4167.0,-5.75
4168.0,-5.06
4169.0,-5.01
4170.0,-5.13
4171.0,-5.01
4172.0,-5.550000000000001
4173.0,-5.29
4174.0,-5.03
4175.0,-5.2
4176.0,-5.09
4177.0,-5.3
4178.0,-5.17
4179.0,-5.34
4180.0,-5.5200000000000005
4181.0,-5.05
4182.0,-5.430000000000001
4183.0,-5.07
4184.0,-5.05
4185.0,-5.24
4186.0,-5.45
4187.0,-5.08
4188.0,-5.02
4189.0,-5.37
4190.0,-5.02
4191.0,-5.760000000000001
4192.0,-5.38
4193.0,-5.03
4194.0,-5.51
4195.0,-5.11
4196.0,-5.09
4197.0,-5.37
4198.0,-5.14
4199.0,-5.32
4200.0,-5.04
4201.0,-5.720000000000001
4202.0,-5.02
4203.0,-5.04
4204.0,-5.01
4205.0,-5.19
4206.0,-5.08
4207.0,-5.02
4208.0,-5.8500000000000005
4209.0,-5.05
4210.0,-5.03
4211.0,-5.13
4212.0,-5.04
4213.0,-5.12
4214.0,-5.18
4215.0,-5.430000000000001
4216.0,-5.760000000000001
4217.0,-5.65
4218.0,-5.5
4219.0,-5.54
4220.0,-5.02
4221.0,-5.04
4222.0,-5.51
4223.0,-5.05
4224.0,-5.1
4225.0,-5.02
4226.0,-5.02
4227.0,-5.02
4228.0,-5.3100000000000005
4229.0,-5.680000000000001
4230.0,-5.02
4231.0,-5.02
4232.0,-5.08
4233.0,-5.04
4234.0,-5.41
4235.0,-5.1
4236.0,-5.710000000000001
4237.0,-5.22
4238.0,-5.06
4239.0,-5.03
4240.0,-5.22
4241.0,-5.04
4242.0,-5.11
4243.0,-1.0000000000000007
4244.0,-5.09
4245.0,-5.08
4246.0,-5.01
4247.0,-5.42
4248.0,-5.33
4249.0,-5.42
4250.0,-5.06
4251.0,-5.03
4252.0,-5.15
4253.0,-5.09
4254.0,-5.19
4255.0,-5.37
4256.0,-5.06
4257.0,-5.05
4258.0,-5.13
4259.0,-5.51
4260.0,-5.78
4261.0,-5.02
4262.0,-5.08
4263.0,-5.1
4264.0,-5.34
4265.0,-5.02
4266.0,-5.01
4267.0,-5.11
4268.0,-5.01
4269.0,-5.15
4270.0,-5.470000000000001
4271.0,-5.430000000000001
4272.0,-5.04
4273.0,-5.1
4274.0,-5.07
4275.0,-5.04
4276.0,-5.14
4277.0,-5.29
4278.0,-5.14
4279.0,-5.03
4280.0,-5.2700000000000005
4281.0,-5.21
4282.0,-5.22
4283.0,-5.22
4284.0,-5.29
4285.0,-5.34
4286.0,-5.630000000000001
4287.0,-5.02
4288.0,-5.05
4289.0,-5.02
4290.0,-5.06
4291.0,-5.01
4292.0,-5.1
4293.0,-5.2
4294.0,-5.2700000000000005
4295.0,-5.25
4296.0,-5.04
4297.0,-5.13
4298.0,-5.4
4299.0,-5.02
4300.0,-5.09
4301.0,-1.0000000000000007
4302.0,-5.5200000000000005
4303.0,-5.03
4304.0,-1.0000000000000007
4305.0,-5.1
4306.0,-5.09
4307.0,-5.02
4308.0,-5.12
4309.0,-5.36
4310.0,-5.32
4311.0,-5.07
4312.0,-5.11
4313.0,-5.760000000000001
4314.0,-5.02
4315.0,-5.03
4316.0,-1.0000000000000007
4317.0,-5.21
4318.0,-1.0000000000000007
4319.0,-5.02
4320.0,-5.04
4321.0,-5.06
4322.0,-5.550000000000001
4323.0,-5.04
4324.0,-5.01
4325.0,-5.02
4326.0,-5.16
4327.0,-5.03
4328.0,-5.22
4329.0,-5.14
4330.0,-5.59
4331.0,-5.13
4332.0,-5.470000000000001
4333.0,-5.14
4334.0,-5.54
4335.0,-5.04
4336.0,-1.0000000000000007
4337.0,-5.12
4338.0,-1.0000000000000007
4339.0,-5.67
4340.0,-5.09
4341.0,-5.01
4342.0,-5.06
4343.0,-1.0000000000000007
4344.0,-5.430000000000001
4345.0,-5.950000000000001
4346.0,-5.06
4347.0,-5.16
4348.0,-5.26
4349.0,-5.3100000000000005
4350.0,-5.05
4351.0,-5.53
4352.0,-5.2700000000000005
4353.0,-5.04
4354.0,-5.07
4355.0,-5.78
4356.0,-5.04
4357.0,-5.960000000000001
4358.0,-5.06
4359.0,-5.930000000000001
4360.0,-5.02
4361.0,-5.02
4362.0,-5.58
4363.0,-5.06
4364.0,-5.16
4365.0,-5.01
4366.0,-5.12
4367.0,-5.08
4368.0,-1.0000000000000007
4369.0,-5.46
4370.0,-5.46
4371.0,-5.5200000000000005
4372.0,-5.17
4373.0,-5.08
4374.0,-5.24
4375.0,-5.28
4376.0,-5.75
4377.0,-5.02
4378.0,-5.550000000000001
4379.0,-5.03
4380.0,-5.07
4381.0,-5.08
4382.0,-5.550000000000001
4383.0,-5.5
4384.0,-5.3500000000000005
4385.0,-1.0000000000000007
4386.0,-5.07
4387.0,-5.01
4388.0,-5.07
4389.0,-5.11
4390.0,-5.3100000000000005
4391.0,-5.04
4392.0,-5.05
4393.0,-5.550000000000001
4394.0,-5.11
4395.0,-5.14
4396.0,-5.05
4397.0,-5.04
4398.0,-5.53
4399.0,-5.44
4400.0,-5.4
4401.0,-5.04
4402.0,-5.9
4403.0,-5.19
4404.0,-1.0000000000000007
4405.0,-5.06
4406.0,-5.1
4407.0,-5.07
4408.0,-5.550000000000001
4409.0,-5.02
4410.0,-5.01
4411.0,-5.29
4412.0,-5.14
4413.0,-5.18
4414.0,-5.16
4415.0,-5.02
4416.0,-5.34
4417.0,-5.5200000000000005
4418.0,-5.24
4419.0,-5.45
4420.0,-5.5200000000000005
4421.0,-5.62
4422.0,-5.32
4423.0,-5.3500000000000005
4424.0,-5.02
4425.0,-5.08
4426.0,-5.550000000000001
4427.0,-5.18
4428.0,-5.05
4429.0,-5.24
4430.0,-5.06
4431.0,-5.02
4432.0,-5.5
4433.0,-5.13
4434.0,-5.3100000000000005
4435.0,-5.12
4436.0,-5.22
4437.0,-5.03
4438.0,-5.83
4439.0,-5.05
4440.0,-5.2
4441.0,-5.15
4442.0,-5.09
4443.0,-5.12
4444.0,-5.65
4445.0,-5.91
4446.0,-5.5200000000000005
4447.0,-5.02
4448.0,-5.37
4449.0,-5.03
4450.0,-5.5
4451.0,-5.09
4452.0,-5.08
4453.0,-5.23
4454.0,-5.02
4455.0,-5.18
4456.0,-5.05
4457.0,-5.2
4458.0,-5.08
4459.0,-5.1
4460.0,-5.08
4461.0,-5.11
4462.0,-5.05
4463.0,-5.15
4464.0,-5.04
4465.0,-1.0000000000000007
4466.0,-1.0000000000000007
4467.0,-5.19
4468.0,-5.07
4469.0,-5.07
4470.0,-5.32
4471.0,-5.16
4472.0,-5.8500000000000005
4473.0,-5.12
4474.0,-5.01
4475.0,-5.08
4476.0,-5.1
4477.0,-5.680000000000001
4478.0,-5.33
4479.0,-5.390000000000001
4480.0,-5.11
4481.0,-5.2
4482.0,-5.02
4483.0,-5.53
4484.0,-5.04
4485.0,-5.03
4486.0,-5.33
4487.0,-5.18
4488.0,-5.13
4489.0,-5.41
4490.0,-5.02
4491.0,-5.1
4492.0,-5.390000000000001
4493.0,-5.06
4494.0,-5.34
4495.0,-5.14
4496.0,-5.53
4497.0,-5.4
4498.0,-5.23
4499.0,-5.5
4500.0,-5.4
4501.0,-5.54
4502.0,-5.53
4503.0,-5.48
4504.0,-5.06
4505.0,-5.07
4506.0,-5.83
4507.0,-5.18
4508.0,-5.7
4509.0,-5.2700000000000005
4510.0,-5.09
4511.0,-5.15
4512.0,-5.23
4513.0,-5.05
4514.0,-5.32
4515.0,-5.03
4516.0,-5.06
4517.0,-5.09
4518.0,-5.22
4519.0,-5.33
4520.0,-5.3500000000000005
4521.0,-5.19
4522.0,-5.07
4523.0,-5.03
4524.0,-5.06
4525.0,-5.06
4526.0,-5.06
4527.0,-5.17
4528.0,-5.51
4529.0,-5.06
4530.0,-5.04
4531.0,-5.1
4532.0,-5.44
4533.0,-5.680000000000001
4534.0,-5.24
4535.0,-5.03
4536.0,-1.0000000000000007
4537.0,-1.0000000000000007
4538.0,-5.38
4539.0,-5.33
4540.0,-5.5
4541.0,-5.01
4542.0,-5.32
4543.0,-5.04
4544.0,-5.08
4545.0,-5.74
4546.0,-5.15
4547.0,-5.42
4548.0,-5.630000000000001
4549.0,-5.02
4550.0,-5.11
4551.0,-5.24
4552.0,-5.03
4553.0,-5.12
4554.0,-5.03
4555.0,-5.11
4556.0,-5.07
4557.0,-5.01
4558.0,-5.01
4559.0,-5.19
4560.0,-5.09
4561.0,-5.3500000000000005
4562.0,-5.02
4563.0,-5.34
4564.0,-5.930000000000001
4565.0,-5.22
4566.0,-5.53
4567.0,-5.3500000000000005
4568.0,-5.03
4569.0,-5.13
4570.0,-5.29
4571.0,-5.41
4572.0,-5.07
4573.0,-5.03
4574.0,-5.02
4575.0,-5.01
4576.0,-5.8500000000000005
4577.0,-5.2700000000000005
4578.0,-5.1
4579.0,-5.03
4580.0,-5.03
4581.0,-5.26
4582.0,-5.03
4583.0,-5.02
4584.0,-5.08
4585.0,-5.09
4586.0,-5.01
4587.0,-5.29
4588.0,-5.86
4589.0,-5.3500000000000005
4590.0,-5.2
4591.0,-5.44
4592.0,-5.13
4593.0,-5.07
4594.0,-5.59
4595.0,-5.37
4596.0,-5.03
4597.0,-5.25
4598.0,-5.02
4599.0,-5.41
4600.0,-5.37
4601.0,-5.13
4602.0,-5.01
4603.0,-5.08
4604.0,-5.08
4605.0,-5.99
4606.0,-5.01
4607.0,-5.02
4608.0,-5.02
4609.0,-5.470000000000001
4610.0,-5.07
4611.0,-5.1
4612.0,-5.630000000000001
4613.0,-5.46
4614.0,-5.430000000000001
4615.0,-5.17
4616.0,-5.2700000000000005
4617.0,-5.02
4618.0,-5.17
4619.0,-5.13
4620.0,-5.03
4621.0,-5.03
4622.0,-5.02
4623.0,-5.51
4624.0,-5.16
4625.0,-5.4
4626.0,-5.8100000000000005
4627.0,-5.21
4628.0,-5.36
4629.0,-5.06
4630.0,-5.04
4631.0,-5.17
4632.0,-5.7700000000000005
4633.0,-5.18
4634.0,-5.7
4635.0,-5.03
4636.0,-5.12
4637.0,-5.16
4638.0,-5.03
4639.0,-5.59
4640.0,-5.02
4641.0,-5.12
4642.0,-5.18
4643.0,-5.25
4644.0,-5.19
4645.0,-5.03
4646.0,-5.32
4647.0,-5.06
4648.0,-5.49
4649.0,-5.26
4650.0,-5.05
4651.0,-5.3500000000000005
4652.0,-5.03
4653.0,-1.0000000000000007
4654.0,-5.03
4655.0,-5.02
4656.0,-5.32
4657.0,-5.03
4658.0,-5.630000000000001
4659.0,-5.01
4660.0,-5.18
4661.0,-5.2
4662.0,-5.46
4663.0,-5.69
4664.0,-5.22
4665.0,-5.04
4666.0,-5.05
4667.0,-5.12
4668.0,-5.09
4669.0,-5.1
4670.0,-5.33
4671.0,-5.13
4672.0,-5.45
4673.0,-5.02
4674.0,-5.02
4675.0,-5.430000000000001
4676.0,-5.2700000000000005
4677.0,-5.29
4678.0,-5.51
4679.0,-5.3100000000000005
4680.0,-5.01
4681.0,-5.03
4682.0,-5.16
4683.0,-5.19
4684.0,-5.54
4685.0,-5.09
4686.0,-5.09
4687.0,-5.1
4688.0,-5.800000000000001
4689.0,-5.02
4690.0,-5.02
4691.0,-5.34
4692.0,-5.01
4693.0,-5.02
4694.0,-5.5200000000000005
4695.0,-5.11
4696.0,-5.94
4697.0,-5.06
4698.0,-5.18
4699.0,-5.06
4700.0,-5.15
4701.0,-5.2700000000000005
4702.0,-5.5600000000000005
4703.0,-5.09
4704.0,-5.08
4705.0,-5.33
4706.0,-5.8500000000000005
4707.0,-5.82
4708.0,-5.02
4709.0,-5.06
4710.0,-5.65
4711.0,-5.13
4712.0,-5.790000000000001
4713.0,-5.45
4714.0,-5.02
4715.0,-5.1
4716.0,-5.12
4717.0,-5.36
4718.0,-5.8100000000000005
4719.0,-5.12
4720.0,-5.1
4721.0,-5.04
4722.0,-5.2
4723.0,-1.0000000000000007
4724.0,-5.32
4725.0,-5.09
4726.0,-5.09
4727.0,-5.49
4728.0,-5.49
4729.0,-5.09
4730.0,-1.0000000000000007
4731.0,-5.11
4732.0,-5.03
4733.0,-5.03
4734.0,-5.05
4735.0,-5.04
4736.0,-5.12
4737.0,-5.03
4738.0,-5.28
4739.0,-5.06
4740.0,-5.2700000000000005
4741.0,-5.11
4742.0,-5.2700000000000005
4743.0,-5.04
4744.0,-5.19
4745.0,-5.17
4746.0,-5.4
4747.0,-5.46
4748.0,-5.65
4749.0,-5.18
4750.0,-5.17
4751.0,-1.0000000000000007
4752.0,-5.02
4753.0,-5.05
4754.0,-5.05
4755.0,-5.11
4756.0,-5.48
4757.0,-5.44
4758.0,-5.05
4759.0,-5.07
4760.0,-5.23
4761.0,-5.08
4762.0,-5.26
4763.0,-5.06
4764.0,-5.48
4765.0,-5.04
4766.0,-5.13
4767.0,-5.04
4768.0,-5.22
4769.0,-5.14
4770.0,-5.04
4771.0,-5.630000000000001
4772.0,-5.51
4773.0,-5.430000000000001
4774.0,-5.57
4775.0,-5.23
4776.0,-5.03
4777.0,-5.06
4778.0,-5.24
4779.0,-5.36
4780.0,-5.470000000000001
4781.0,-5.06
4782.0,-5.12
4783.0,-5.11
4784.0,-5.69
4785.0,-5.01
4786.0,-5.3100000000000005
4787.0,-5.03
4788.0,-5.06
4789.0,-5.02
4790.0,-5.13
4791.0,-5.58
4792.0,-5.19
4793.0,-5.1
4794.0,-5.6000000000000005
4795.0,-5.390000000000001
4796.0,-5.15
4797.0,-5.03
4798.0,-1.0000000000000007
4799.0,-5.03
4800.0,-5.01
4801.0,-5.57
4802.0,-5.1
4803.0,-5.3100000000000005
4804.0,-5.3500000000000005
4805.0,-5.36
4806.0,-5.13
4807.0,-5.4
4808.0,-5.41
4809.0,-5.38
4810.0,-5.3500000000000005
4811.0,-5.6000000000000005
4812.0,-5.09
4813.0,-5.01
4814.0,-5.04
4815.0,-5.17
4816.0,-5.66
4817.0,-5.05
4818.0,-5.03
4819.0,-5.23
4820.0,-5.53
4821.0,-5.32
4822.0,-5.04
4823.0,-5.470000000000001
4824.0,-5.07
4825.0,-5.04
4826.0,-5.09
4827.0,-5.29
4828.0,-5.07
4829.0,-1.0000000000000007
4830.0,-5.1
4831.0,-5.02
4832.0,-5.51
4833.0,-5.11
4834.0,-5.36
4835.0,-5.05
4836.0,-5.17
4837.0,-5.01
4838.0,-5.890000000000001
4839.0,-5.02
4840.0,-5.04
4841.0,-5.01
4842.0,-5.44
4843.0,-5.07
4844.0,-5.02
4845.0,-5.390000000000001
4846.0,-5.01
4847.0,-5.04
4848.0,-5.44
4849.0,-5.720000000000001
4850.0,-5.02
4851.0,-5.07
4852.0,-5.51
4853.0,-5.28
4854.0,-5.870000000000001
4855.0,-5.02
4856.0,-5.04
4857.0,-5.1
4858.0,-5.04
4859.0,-5.03
4860.0,-5.03
4861.0,-5.05
4862.0,-5.390000000000001
4863.0,-5.38
4864.0,-5.07
4865.0,-5.09
4866.0,-5.06
4867.0,-5.430000000000001
4868.0,-5.02
4869.0,-5.05
4870.0,-5.03
4871.0,-5.02
4872.0,-5.29
4873.0,-5.34
4874.0,-5.08
4875.0,-5.36
4876.0,-5.05
4877.0,-5.11
4878.0,-5.06
4879.0,-5.75
4880.0,-5.02
4881.0,-5.14
4882.0,-5.11
4883.0,-5.08
4884.0,-5.07
4885.0,-5.32
4886.0,-5.02
4887.0,-5.640000000000001
4888.0,-5.02
4889.0,-5.6000000000000005
4890.0,-5.710000000000001
4891.0,-5.12
4892.0,-5.14
4893.0,-5.02
4894.0,-5.06
4895.0,-5.13
4896.0,-5.790000000000001
4897.0,-5.05
4898.0,-5.2
4899.0,-5.01
4900.0,-5.04
4901.0,-5.19
4902.0,-5.48
4903.0,-5.06
4904.0,-5.430000000000001
4905.0,-5.1
4906.0,-5.06
4907.0,-5.09
4908.0,-5.26
4909.0,-5.05
4910.0,-5.02
4911.0,-5.59
4912.0,-5.37
4913.0,-5.19
4914.0,-5.05
4915.0,-5.01
4916.0,-5.08
4917.0,-5.28
4918.0,-5.06
4919.0,-5.2
4920.0,-5.11
4921.0,-5.02
4922.0,-5.49
4923.0,-5.59
4924.0,-5.32
4925.0,-5.790000000000001
4926.0,-5.07
4927.0,-5.03
4928.0,-5.7700000000000005
4929.0,-5.73
4930.0,-5.28
4931.0,-5.06
4932.0,-5.3
4933.0,-5.07
4934.0,-5.03
4935.0,-5.36
4936.0,-5.23
4937.0,-5.01
4938.0,-5.01
4939.0,-5.02
4940.0,-5.05
4941.0,-5.18
4942.0,-5.01
4943.0,-5.01
4944.0,-5.15
4945.0,-5.12
4946.0,-5.82
4947.0,-5.01
4948.0,-5.04
4949.0,-5.24
4950.0,-5.28
4951.0,-5.01
4952.0,-5.04
4953.0,-5.02
4954.0,-5.09
4955.0,-5.13
4956.0,-5.11
4957.0,-5.19
4958.0,-5.8100000000000005
4959.0,-5.02
4960.0,-5.23
4961.0,-5.710000000000001
4962.0,-5.37
4963.0,-5.6000000000000005
4964.0,-5.12
4965.0,-5.19
4966.0,-5.41
4967.0,-5.28
4968.0,-5.21
4969.0,-5.04
4970.0,-5.32
4971.0,-5.03
4972.0,-5.38
4973.0,-5.04
4974.0,-5.05
4975.0,-5.03
4976.0,-5.07
4977.0,-5.17
4978.0,-5.11
4979.0,-5.45
4980.0,-5.25
4981.0,-5.41
4982.0,-5.04
4983.0,-5.04
4984.0,-5.01
4985.0,-5.23
4986.0,-5.26
4987.0,-5.3
4988.0,-5.42
4989.0,-5.06
4990.0,-5.38
4991.0,-5.13
4992.0,-5.06
4993.0,-5.36
4994.0,-5.75
4995.0,-5.04
4996.0,-5.21
4997.0,-5.25
4998.0,-5.06
4999.0,-5.3500000000000005
5000.0,-5.680000000000001
5001.0,-1.0000000000000007
5002.0,-5.33
5003.0,-5.65
5004.0,-5.54
5005.0,-5.2
5006.0,-5.02
5007.0,-5.4
5008.0,-5.02
5009.0,-5.18
5010.0,-5.17
5011.0,-5.07
5012.0,-5.04
5013.0,-5.05
5014.0,-5.4
5015.0,-5.03
5016.0,-5.9
5017.0,-5.12
5018.0,-5.03
5019.0,-5.73
5020.0,-5.02
5021.0,-5.45
5022.0,-5.26
5023.0,-5.06
5024.0,-5.01
5025.0,-5.37
5026.0,-5.2
5027.0,-5.11
5028.0,-5.03
5029.0,-5.45
5030.0,-5.01
5031.0,-5.09
5032.0,-5.08
5033.0,-5.18
5034.0,-5.02
5035.0,-5.3500000000000005
5036.0,-5.14
5037.0,-5.05
5038.0,-5.13
5039.0,-5.4
5040.0,-5.01
5041.0,-5.04
5042.0,-5.03
5043.0,-5.930000000000001
5044.0,-5.03
5045.0,-5.1
5046.0,-5.25
5047.0,-5.44
5048.0,-5.680000000000001
5049.0,-5.06
5050.0,-5.13
5051.0,-5.3
5052.0,-5.13
5053.0,-5.42
5054.0,-5.58
5055.0,-5.06
5056.0,-5.23
5057.0,-5.18
5058.0,-5.06
5059.0,-5.28
5060.0,-5.03
5061.0,-5.07
5062.0,-5.08
5063.0,-5.07
5064.0,-5.33
5065.0,-5.19
5066.0,-5.12
5067.0,-5.12
5068.0,-5.05
5069.0,-5.04
5070.0,-5.04
5071.0,-5.49
5072.0,-5.04
5073.0,-5.710000000000001
5074.0,-5.12
5075.0,-5.16
5076.0,-5.06
5077.0,-5.05
5078.0,-5.01
5079.0,-5.1
5080.0,-5.04
5081.0,-5.4
5082.0,-5.21
5083.0,-5.13
5084.0,-5.1
5085.0,-5.470000000000001
5086.0,-5.48
5087.0,-5.26
5088.0,-5.07
5089.0,-5.3100000000000005
5090.0,-5.46
5091.0,-5.11
5092.0,-5.04
5093.0,-5.45
5094.0,-5.1
5095.0,-5.21
5096.0,-5.03
5097.0,-5.02
5098.0,-5.3500000000000005
5099.0,-5.44
5100.0,-5.57
5101.0,-5.06
5102.0,-5.37
5103.0,-5.13
5104.0,-5.01
5105.0,-5.42
5106.0,-5.46
5107.0,-5.1
5108.0,-5.390000000000001
5109.0,-5.970000000000001
5110.0,-5.07
5111.0,-5.26
5112.0,-5.54
5113.0,-5.02
5114.0,-5.29
5115.0,-1.0000000000000007
5116.0,-5.17
5117.0,-5.04
5118.0,-5.33
5119.0,-5.870000000000001
5120.0,-5.17
5121.0,-5.01
5122.0,-5.05
5123.0,-5.03
5124.0,-5.2
5125.0,-5.11
5126.0,-5.32
5127.0,-5.03
5128.0,-5.32
5129.0,-5.01
5130.0,-5.08
5131.0,-5.22
5132.0,-5.09
5133.0,-5.12
5134.0,-5.02
5135.0,-5.710000000000001
5136.0,-5.13
5137.0,-5.05
5138.0,-5.15
5139.0,-5.06
5140.0,-5.12
5141.0,-5.04
5142.0,-5.02
5143.0,-5.03
5144.0,-5.1
5145.0,-5.49
5146.0,-5.11
5147.0,-5.36
5148.0,-5.11
5149.0,-5.02
5150.0,-5.04
5151.0,-5.08
5152.0,-5.02
5153.0,-5.08
5154.0,-5.07
5155.0,-5.04
5156.0,-5.21
5157.0,-5.07
5158.0,-5.25
5159.0,-5.02
5160.0,-5.04
5161.0,-5.02
5162.0,-5.06
5163.0,-5.41
5164.0,-5.01
5165.0,-5.03
5166.0,-5.08
5167.0,-5.470000000000001
5168.0,-5.01
5169.0,-5.02
5170.0,-5.25
5171.0,-5.04
5172.0,-5.02
5173.0,-5.14
5174.0,-5.15
5175.0,-5.09
5176.0,-5.05
5177.0,-5.2700000000000005
5178.0,-5.1
5179.0,-5.54
5180.0,-5.26
5181.0,-5.04
5182.0,-5.21
5183.0,-5.07
5184.0,-5.46
5185.0,-5.1
5186.0,-5.08
5187.0,-5.24
5188.0,-5.05
5189.0,-5.6000000000000005
5190.0,-5.06
5191.0,-5.2
5192.0,-5.38
5193.0,-5.13
5194.0,-5.45
5195.0,-5.07
5196.0,-5.48
5197.0,-5.02
5198.0,-5.01
5199.0,-5.07
5200.0,-5.01
5201.0,-5.04
5202.0,-5.7700000000000005
5203.0,-5.08
5204.0,-5.470000000000001
5205.0,-5.16
5206.0,-5.02
5207.0,-5.09
5208.0,-5.28
5209.0,-5.08
5210.0,-5.65
5211.0,-5.48
5212.0,-5.02
5213.0,-5.04
5214.0,-5.17
5215.0,-5.36
5216.0,-5.23
5217.0,-5.9
5218.0,-5.1
5219.0,-5.03
5220.0,-5.28
5221.0,-5.06
5222.0,-5.45
5223.0,-5.73
5224.0,-5.17
5225.0,-5.6000000000000005
5226.0,-5.03
5227.0,-5.390000000000001
5228.0,-5.12
5229.0,-5.3
5230.0,-5.33
5231.0,-5.07
5232.0,-5.24
5233.0,-5.08
5234.0,-5.08
5235.0,-5.2
5236.0,-5.22
5237.0,-5.5200000000000005
5238.0,-5.16
5239.0,-5.06
5240.0,-5.36
5241.0,-5.14
5242.0,-5.38
5243.0,-5.23
5244.0,-5.2700000000000005
5245.0,-5.02
5246.0,-5.06
5247.0,-5.5
5248.0,-5.02
5249.0,-5.53
5250.0,-5.720000000000001
5251.0,-5.04
5252.0,-1.0000000000000007
5253.0,-5.2
5254.0,-5.03
5255.0,-5.18
5256.0,-5.01
5257.0,-5.33
5258.0,-5.11
5259.0,-5.6000000000000005
5260.0,-5.430000000000001
5261.0,-5.07
5262.0,-5.01
5263.0,-5.29
5264.0,-5.03
5265.0,-5.550000000000001
5266.0,-5.09
5267.0,-5.04
5268.0,-1.0000000000000007
5269.0,-5.12
5270.0,-5.06
5271.0,-5.02
5272.0,-5.15
5273.0,-5.51
5274.0,-5.04
5275.0,-5.08
5276.0,-5.02
5277.0,-5.38
5278.0,-5.37
5279.0,-5.53
5280.0,-5.25
5281.0,-5.04
5282.0,-5.06
5283.0,-5.02
5284.0,-5.13
5285.0,-5.15
5286.0,-5.59
5287.0,-5.01
5288.0,-5.1
5289.0,-5.19
5290.0,-5.02
5291.0,-5.01
5292.0,-5.04
5293.0,-5.06
5294.0,-5.06
5295.0,-5.38
5296.0,-5.08
5297.0,-5.05
5298.0,-5.430000000000001
5299.0,-5.2700000000000005
5300.0,-5.18
5301.0,-5.11
5302.0,-5.11
5303.0,-5.38
5304.0,-5.03
5305.0,-5.36
5306.0,-5.02
5307.0,-5.1
5308.0,-5.02
5309.0,-5.550000000000001
5310.0,-5.33
5311.0,-5.05
5312.0,-5.12
5313.0,-5.16
5314.0,-5.09
5315.0,-5.02
5316.0,-5.54
5317.0,-5.08
5318.0,-5.14
5319.0,-5.58
5320.0,-5.34
5321.0,-5.390000000000001
5322.0,-5.28
5323.0,-5.03
5324.0,-5.11
5325.0,-1.0000000000000007
5326.0,-5.05
5327.0,-5.1
5328.0,-5.09
5329.0,-5.03
5330.0,-5.38
5331.0,-5.42
5332.0,-5.38
5333.0,-5.07
5334.0,-5.41
5335.0,-5.19
5336.0,-5.74
5337.0,-5.14
5338.0,-5.02
5339.0,-5.11
5340.0,-5.06
5341.0,-5.23
5342.0,-5.45
5343.0,-5.2700000000000005
5344.0,-5.07
5345.0,-5.59
5346.0,-5.12
5347.0,-5.14
5348.0,-5.1
5349.0,-5.02
5350.0,-5.3100000000000005
5351.0,-5.04
5352.0,-5.34
5353.0,-5.19
5354.0,-5.15
5355.0,-5.21
5356.0,-5.26
5357.0,-5.44
5358.0,-5.12
5359.0,-5.14
5360.0,-5.08
5361.0,-5.17
5362.0,-5.02
5363.0,-5.09
5364.0,-5.02
5365.0,-5.13
5366.0,-5.07
5367.0,-5.13
5368.0,-5.24
5369.0,-5.680000000000001
5370.0,-5.3
5371.0,-5.470000000000001
5372.0,-5.46
5373.0,-5.01
5374.0,-5.17
5375.0,-5.23
5376.0,-1.0000000000000007
5377.0,-5.640000000000001
5378.0,-5.59
5379.0,-5.04
5380.0,-5.12
5381.0,-5.03
5382.0,-5.21
5383.0,-5.07
5384.0,-5.09
5385.0,-5.870000000000001
5386.0,-5.12
5387.0,-5.08
5388.0,-5.03
5389.0,-5.17
5390.0,-5.41
5391.0,-5.03
5392.0,-5.05
5393.0,-5.17
5394.0,-5.4
5395.0,-5.03
5396.0,-5.24
5397.0,-5.12
5398.0,-5.01
5399.0,-1.0000000000000007
5400.0,-5.3
5401.0,-5.04
5402.0,-5.17
5403.0,-5.08
5404.0,-5.05
5405.0,-5.1
5406.0,-5.03
5407.0,-5.08
5408.0,-5.03
5409.0,-5.390000000000001
5410.0,-5.06
5411.0,-5.11
5412.0,-5.12
5413.0,-5.02
5414.0,-5.22
5415.0,-5.5200000000000005
5416.0,-5.08
5417.0,-5.07
5418.0,-5.23
5419.0,-5.05
5420.0,-5.07
5421.0,-5.07
5422.0,-5.02
5423.0,-5.34
5424.0,-5.640000000000001
5425.0,-5.36
5426.0,-5.03
5427.0,-5.04
5428.0,-5.14
5429.0,-5.04
5430.0,-5.12
5431.0,-5.3
5432.0,-5.1
5433.0,-5.03
5434.0,-5.01
5435.0,-5.01
5436.0,-5.41
5437.0,-5.26
5438.0,-5.01
5439.0,-5.33
5440.0,-5.37
5441.0,-5.04
5442.0,-5.22
5443.0,-5.870000000000001
5444.0,-5.62
5445.0,-5.01
5446.0,-5.05
5447.0,-5.03
5448.0,-5.38
5449.0,-5.02
5450.0,-5.06
5451.0,-5.04
5452.0,-5.29
5453.0,-5.2700000000000005
5454.0,-5.06
5455.0,-5.04
5456.0,-5.04
5457.0,-5.04
5458.0,-5.09
5459.0,-5.36
5460.0,-5.840000000000001
5461.0,-5.42
5462.0,-5.06
5463.0,-5.02
5464.0,-5.29
5465.0,-5.02
5466.0,-5.45
5467.0,-5.13
5468.0,-5.630000000000001
5469.0,-5.07
5470.0,-5.22
5471.0,-5.06
5472.0,-5.13
5473.0,-5.02
5474.0,-5.01
5475.0,-5.04
5476.0,-5.550000000000001
5477.0,-5.32
5478.0,-5.04
5479.0,-5.01
5480.0,-5.01
5481.0,-5.5200000000000005
5482.0,-5.02
5483.0,-5.08
5484.0,-5.67
5485.0,-5.02
5486.0,-5.24
5487.0,-5.69
5488.0,-5.37
5489.0,-5.12
5490.0,-1.0000000000000007
5491.0,-5.3
5492.0,-5.430000000000001
5493.0,-5.41
5494.0,-5.02
5495.0,-5.710000000000001
5496.0,-5.46
5497.0,-5.22
5498.0,-5.06
5499.0,-5.09
5500.0,-5.07
5501.0,-5.1
5502.0,-5.06
5503.0,-5.09
5504.0,-5.390000000000001
5505.0,-5.3100000000000005
5506.0,-1.0000000000000007
5507.0,-5.58
5508.0,-5.08
5509.0,-5.06
5510.0,-5.02
5511.0,-5.03
5512.0,-5.33
5513.0,-5.44
5514.0,-5.640000000000001
5515.0,-5.75
5516.0,-5.4
5517.0,-5.09
5518.0,-5.3
5519.0,-5.04
5520.0,-5.03
5521.0,-5.5
5522.0,-5.04
5523.0,-5.09
5524.0,-5.42
5525.0,-5.01
5526.0,-5.38
5527.0,-5.01
5528.0,-5.07
5529.0,-5.640000000000001
5530.0,-5.65
5531.0,-5.04
5532.0,-5.22
5533.0,-5.2700000000000005
5534.0,-5.59
5535.0,-5.07
5536.0,-5.01
5537.0,-5.04
5538.0,-5.08
5539.0,-5.58
5540.0,-5.06
5541.0,-5.74
5542.0,-5.1
5543.0,-5.06
5544.0,-5.18
5545.0,-5.44
5546.0,-5.07
5547.0,-5.44
5548.0,-5.880000000000001
5549.0,-5.32
5550.0,-5.02
5551.0,-5.37
5552.0,-5.11
5553.0,-5.46
5554.0,-5.04
5555.0,-5.03
5556.0,-5.02
5557.0,-5.66
5558.0,-5.05
5559.0,-5.06
5560.0,-5.09
5561.0,-5.720000000000001
5562.0,-5.05
5563.0,-5.04
5564.0,-5.13
5565.0,-5.06
5566.0,-5.04
5567.0,-5.09
5568.0,-5.14
5569.0,-5.02
5570.0,-5.01
5571.0,-5.28
5572.0,-5.01
5573.0,-5.48
5574.0,-5.3
5575.0,-5.12
5576.0,-5.1
5577.0,-5.32
5578.0,-5.46
5579.0,-5.390000000000001
5580.0,-5.03
5581.0,-5.7
5582.0,-5.890000000000001
5583.0,-5.54
5584.0,-5.22
5585.0,-5.02
5586.0,-5.01
5587.0,-5.34
5588.0,-5.54
5589.0,-5.02
5590.0,-5.33
5591.0,-1.0000000000000007
5592.0,-5.06
5593.0,-5.41
5594.0,-5.16
5595.0,-5.51
5596.0,-5.44
5597.0,-5.02
5598.0,-5.1
5599.0,-5.05
5600.0,-5.06
5601.0,-5.01
5602.0,-5.21
5603.0,-5.23
5604.0,-5.73
5605.0,-5.430000000000001
5606.0,-5.1
5607.0,-5.65
5608.0,-5.13
5609.0,-5.3100000000000005
5610.0,-5.61
5611.0,-5.04
5612.0,-5.06
5613.0,-5.33
5614.0,-5.11
5615.0,-5.17
5616.0,-5.18
5617.0,-5.05
5618.0,-5.15
5619.0,-5.22
5620.0,-5.12
5621.0,-5.26
5622.0,-5.08
5623.0,-5.36
5624.0,-5.12
5625.0,-5.3100000000000005
5626.0,-5.21
5627.0,-5.3100000000000005
5628.0,-5.21
5629.0,-5.430000000000001
5630.0,-5.04
5631.0,-5.19
5632.0,-5.44
5633.0,-5.02
5634.0,-5.01
5635.0,-5.03
5636.0,-5.09
5637.0,-5.42
5638.0,-5.5600000000000005
5639.0,-5.04
5640.0,-5.3500000000000005
5641.0,-5.6000000000000005
5642.0,-5.07
5643.0,-5.53
5644.0,-5.03
5645.0,-5.06
5646.0,-5.42
5647.0,-5.42
5648.0,-5.03
5649.0,-5.17
5650.0,-5.01
5651.0,-5.08
5652.0,-5.05
5653.0,-5.02
5654.0,-5.16
5655.0,-5.22
5656.0,-5.42
5657.0,-5.06
5658.0,-5.2
5659.0,-5.11
5660.0,-5.18
5661.0,-5.05
5662.0,-5.3500000000000005
5663.0,-5.1
5664.0,-5.61
5665.0,-5.32
5666.0,-5.22
5667.0,-5.04
5668.0,-5.25
5669.0,-5.04
5670.0,-5.2
5671.0,-1.0000000000000007
5672.0,-5.16
5673.0,-5.03
5674.0,-5.01
5675.0,-5.11
5676.0,-5.02
5677.0,-5.42
5678.0,-5.14
5679.0,-5.13
5680.0,-5.11
5681.0,-5.04
5682.0,-5.16
5683.0,-5.470000000000001
5684.0,-5.3100000000000005
5685.0,-5.28
5686.0,-5.06
5687.0,-5.02
5688.0,-5.62
5689.0,-5.24
5690.0,-5.03
5691.0,-5.16
5692.0,-5.4
5693.0,-5.13
5694.0,-5.59
5695.0,-5.02
5696.0,-5.1
5697.0,-5.05
5698.0,-5.04
5699.0,-5.430000000000001
5700.0,-5.9
5701.0,-5.69
5702.0,-5.02
5703.0,-5.03
5704.0,-5.04
5705.0,-5.25
5706.0,-5.04
5707.0,-5.14
5708.0,-5.09
5709.0,-5.74
5710.0,-5.17
5711.0,-5.680000000000001
5712.0,-5.05
5713.0,-5.09
5714.0,-5.06
5715.0,-1.0000000000000007
5716.0,-5.07
5717.0,-5.59
5718.0,-5.37
5719.0,-5.51
5720.0,-5.840000000000001
5721.0,-5.12
5722.0,-5.5200000000000005
5723.0,-5.01
5724.0,-5.57
5725.0,-5.02
5726.0,-5.42
5727.0,-5.04
5728.0,-5.3
5729.0,-5.06
5730.0,-5.3500000000000005
5731.0,-5.2
5732.0,-5.38
5733.0,-5.36
5734.0,-5.02
5735.0,-5.22
5736.0,-5.07
5737.0,-5.41
5738.0,-5.37
5739.0,-5.06
5740.0,-5.06
5741.0,-5.53
5742.0,-5.09
5743.0,-5.09
5744.0,-5.03
5745.0,-5.59
5746.0,-1.0000000000000007
5747.0,-5.33
5748.0,-5.38
5749.0,-5.08
5750.0,-5.3
5751.0,-5.48
5752.0,-5.08
5753.0,-5.1
5754.0,-5.07
5755.0,-5.3500000000000005
5756.0,-5.8100000000000005
5757.0,-5.18
5758.0,-5.48
5759.0,-5.08
5760.0,-5.17
5761.0,-5.04
5762.0,-5.06
5763.0,-5.03
5764.0,-5.04
5765.0,-5.02
5766.0,-5.03
5767.0,-5.11
5768.0,-5.04
5769.0,-5.06
5770.0,-5.36
5771.0,-5.11
5772.0,-5.06
5773.0,-5.13
5774.0,-5.07
5775.0,-5.680000000000001
5776.0,-5.01
5777.0,-5.12
5778.0,-5.32
5779.0,-5.04
5780.0,-5.12
5781.0,-5.32
5782.0,-5.01
5783.0,-5.23
5784.0,-5.37
5785.0,-5.74
5786.0,-5.08
5787.0,-5.5600000000000005
5788.0,-5.1
5789.0,-5.6000000000000005
5790.0,-5.14
5791.0,-5.24
5792.0,-5.12
5793.0,-5.2700000000000005
5794.0,-5.26
5795.0,-5.37
5796.0,-5.05
5797.0,-5.08
5798.0,-5.15
5799.0,-5.23
5800.0,-5.01
5801.0,-5.05
5802.0,-5.06
5803.0,-5.51
5804.0,-5.23
5805.0,-5.04
5806.0,-5.44
5807.0,-5.1
5808.0,-5.38
5809.0,-5.13
5810.0,-5.09
5811.0,-5.15
5812.0,-5.12
5813.0,-5.02
5814.0,-5.44
5815.0,-5.07
5816.0,-5.42
5817.0,-5.3
5818.0,-5.07
5819.0,-5.02
5820.0,-5.07
5821.0,-5.59
5822.0,-5.25
5823.0,-5.54
5824.0,-5.38
5825.0,-5.07
5826.0,-5.430000000000001
5827.0,-5.01
5828.0,-5.11
5829.0,-5.03
5830.0,-5.02
5831.0,-5.03
5832.0,-5.02
5833.0,-5.19
5834.0,-5.02
5835.0,-5.08
5836.0,-5.29
5837.0,-5.33
5838.0,-5.03
5839.0,-5.38
5840.0,-5.58
5841.0,-5.04
5842.0,-5.62
5843.0,-5.02
5844.0,-5.54
5845.0,-5.25
5846.0,-5.01
5847.0,-5.03
5848.0,-5.12
5849.0,-5.05
5850.0,-5.03
5851.0,-5.61
5852.0,-5.3
5853.0,-5.08
5854.0,-5.840000000000001
5855.0,-5.5600000000000005
5856.0,-5.09
5857.0,-5.880000000000001
5858.0,-5.06
5859.0,-5.57
5860.0,-5.07
5861.0,-5.03
5862.0,-5.42
5863.0,-5.25
5864.0,-5.26
5865.0,-5.08
5866.0,-5.34
5867.0,-5.04
5868.0,-5.03
5869.0,-5.21
5870.0,-5.760000000000001
5871.0,-5.08
5872.0,-5.42
5873.0,-5.45
5874.0,-5.04
5875.0,-5.16
5876.0,-5.53
5877.0,-5.36
5878.0,-5.07
5879.0,-5.01
5880.0,-5.04
5881.0,-5.34
5882.0,-5.2700000000000005
5883.0,-5.630000000000001
5884.0,-5.08
5885.0,-5.2
5886.0,-5.02
5887.0,-5.3
5888.0,-5.14
5889.0,-5.19
5890.0,-5.680000000000001
5891.0,-5.5600000000000005
5892.0,-5.970000000000001
5893.0,-5.3500000000000005
5894.0,-5.05
5895.0,-1.0000000000000007
5896.0,-5.470000000000001
5897.0,-1.0000000000000007
5898.0,-5.01
5899.0,-5.04
5900.0,-5.05
5901.0,-5.03
5902.0,-5.03
5903.0,-5.04
5904.0,-5.06
5905.0,-5.11
5906.0,-5.15
5907.0,-5.34
5908.0,-5.05
5909.0,-5.470000000000001
5910.0,-5.11
5911.0,-5.470000000000001
5912.0,-5.05
5913.0,-5.13
5914.0,-5.12
5915.0,-5.04
5916.0,-5.02
5917.0,-5.15
5918.0,-5.02
5919.0,-5.05
5920.0,-5.550000000000001
5921.0,-5.07
5922.0,-5.02
5923.0,-5.05
5924.0,-5.11
5925.0,-5.07
5926.0,-5.24
5927.0,-5.710000000000001
5928.0,-5.36
5929.0,-5.37
5930.0,-5.04
5931.0,-5.22
5932.0,-5.32
5933.0,-5.15
5934.0,-5.26
5935.0,-5.04
5936.0,-5.05
5937.0,-5.430000000000001
5938.0,-5.09
5939.0,-5.03
5940.0,-5.11
5941.0,-5.04
5942.0,-5.07
5943.0,-5.3500000000000005
5944.0,-5.01
5945.0,-5.06
5946.0,-5.430000000000001
5947.0,-5.18
5948.0,-5.4
5949.0,-5.25
5950.0,-5.04
5951.0,-5.07
5952.0,-5.6000000000000005
5953.0,-5.17
5954.0,-5.02
5955.0,-5.3100000000000005
5956.0,-5.06
5957.0,-5.09
5958.0,-5.75
5959.0,-5.04
5960.0,-5.14
5961.0,-5.38
5962.0,-5.42
5963.0,-5.17
5964.0,-5.42
5965.0,-5.02
5966.0,-5.34
5967.0,-5.630000000000001
5968.0,-5.04
5969.0,-5.5200000000000005
5970.0,-5.01
5971.0,-5.4
5972.0,-5.3500000000000005
5973.0,-5.38
5974.0,-5.3100000000000005
5975.0,-5.36
5976.0,-5.46
5977.0,-5.15
5978.0,-5.09
5979.0,-5.06
5980.0,-5.05
5981.0,-5.28
5982.0,-5.33
5983.0,-5.3
5984.0,-5.03
5985.0,-5.3
5986.0,-5.82
5987.0,-5.08
5988.0,-5.05
5989.0,-1.0000000000000007
5990.0,-5.06
5991.0,-5.01
5992.0,-5.1
5993.0,-5.04
5994.0,-5.02
5995.0,-5.41
5996.0,-5.06
5997.0,-5.59
5998.0,-5.46
5999.0,-5.83
6000.0,-5.08
6001.0,-5.02
6002.0,-5.02
6003.0,-5.5
6004.0,-5.54
6005.0,-5.790000000000001
6006.0,-5.02
6007.0,-5.59
6008.0,-5.06
6009.0,-5.18
6010.0,-5.01
6011.0,-1.0000000000000007
6012.0,-5.06
6013.0,-5.42
6014.0,-5.22
6015.0,-5.08
6016.0,-5.12
6017.0,-5.15
6018.0,-5.04
6019.0,-5.11
6020.0,-5.75
6021.0,-5.01
6022.0,-5.1
6023.0,-5.3
6024.0,-5.390000000000001
6025.0,-5.930000000000001
6026.0,-5.06
6027.0,-5.02
6028.0,-5.07
6029.0,-5.22
6030.0,-5.12
6031.0,-5.16
6032.0,-5.02
6033.0,-5.04
6034.0,-5.02
6035.0,-5.45
6036.0,-5.5
6037.0,-5.02
6038.0,-5.01
6039.0,-5.3500000000000005
6040.0,-5.14
6041.0,-5.2700000000000005
6042.0,-5.03
6043.0,-5.02
6044.0,-5.15
6045.0,-5.550000000000001
6046.0,-5.22
6047.0,-5.19
6048.0,-5.470000000000001
6049.0,-5.04
6050.0,-5.44
6051.0,-5.11
6052.0,-5.07
6053.0,-5.02
6054.0,-5.19
6055.0,-5.630000000000001
6056.0,-5.08
6057.0,-5.07
6058.0,-5.470000000000001
6059.0,-5.03
6060.0,-5.14
6061.0,-5.05
6062.0,-5.69
6063.0,-5.2700000000000005
6064.0,-5.720000000000001
6065.0,-5.550000000000001
6066.0,-5.02
6067.0,-5.36
6068.0,-5.67
6069.0,-5.66
6070.0,-5.38
6071.0,-5.62
6072.0,-5.32
6073.0,-5.46
6074.0,-5.13
6075.0,-5.04
6076.0,-5.02
6077.0,-5.13
6078.0,-5.02
6079.0,-5.3
6080.0,-5.06
6081.0,-5.04
6082.0,-5.62
6083.0,-5.13
6084.0,-5.36
6085.0,-5.05
6086.0,-5.1
6087.0,-5.17
6088.0,-5.07
6089.0,-5.06
6090.0,-5.760000000000001
6091.0,-5.22
6092.0,-5.04
6093.0,-5.48
6094.0,-5.38
6095.0,-5.04
6096.0,-5.37
6097.0,-5.03
6098.0,-5.04
6099.0,-5.05
6100.0,-5.26
6101.0,-5.17
6102.0,-5.19
6103.0,-5.16
6104.0,-5.08
6105.0,-5.2
6106.0,-5.01
6107.0,-5.09
6108.0,-5.05
6109.0,-5.04
6110.0,-5.09
6111.0,-5.06
6112.0,-5.23
6113.0,-5.53
6114.0,-5.53
6115.0,-5.4
6116.0,-5.23
6117.0,-5.19
6118.0,-5.01
6119.0,-5.1
6120.0,-5.02
6121.0,-1.0000000000000007
6122.0,-5.62
6123.0,-5.04
6124.0,-5.7
6125.0,-5.75
6126.0,-5.06
6127.0,-5.5
6128.0,-5.5600000000000005
6129.0,-5.08
6130.0,-5.1
6131.0,-5.58
6132.0,-5.24
6133.0,-5.01
6134.0,-5.17
6135.0,-5.3500000000000005
6136.0,-5.8100000000000005
6137.0,-5.04
6138.0,-5.5200000000000005
6139.0,-5.3500000000000005
6140.0,-5.37
6141.0,-5.04
6142.0,-5.14
6143.0,-5.58
6144.0,-5.12
6145.0,-5.38
6146.0,-5.13
6147.0,-5.34
6148.0,-5.17
6149.0,-5.58
6150.0,-1.0000000000000007
6151.0,-5.03
6152.0,-5.09
6153.0,-5.48
6154.0,-5.05
6155.0,-5.36
6156.0,-5.04
6157.0,-5.38
6158.0,-5.02
6159.0,-5.07
6160.0,-5.04
6161.0,-5.02
6162.0,-5.06
6163.0,-5.06
6164.0,-5.67
6165.0,-5.09
6166.0,-5.03
6167.0,-5.04
6168.0,-5.550000000000001
6169.0,-5.18
6170.0,-5.13
6171.0,-5.09
6172.0,-5.09
6173.0,-5.01
6174.0,-5.21
6175.0,-5.04
6176.0,-5.03
6177.0,-5.24
6178.0,-5.390000000000001
6179.0,-5.04
6180.0,-5.01
6181.0,-5.01
6182.0,-5.08
6183.0,-5.21
6184.0,-5.02
6185.0,-5.05
6186.0,-5.06
6187.0,-5.02
6188.0,-5.38
6189.0,-1.0000000000000007
6190.0,-5.38
6191.0,-5.73
6192.0,-5.630000000000001
6193.0,-5.970000000000001
6194.0,-5.14
6195.0,-5.13
6196.0,-5.07
6197.0,-5.01
6198.0,-5.22
6199.0,-5.01
6200.0,-5.04
6201.0,-5.640000000000001
6202.0,-5.22
6203.0,-5.07
6204.0,-5.83
6205.0,-5.7
6206.0,-5.3
6207.0,-5.26
6208.0,-5.930000000000001
6209.0,-5.34
6210.0,-5.06
6211.0,-5.11
6212.0,-5.1
6213.0,-5.1
6214.0,-5.42
6215.0,-5.1
6216.0,-5.470000000000001
6217.0,-5.23
6218.0,-5.14
6219.0,-5.23
6220.0,-5.6000000000000005
6221.0,-5.08
6222.0,-5.2
6223.0,-5.46
6224.0,-5.08
6225.0,-5.08
6226.0,-5.3100000000000005
6227.0,-5.37
6228.0,-5.03
6229.0,-5.12
6230.0,-5.02
6231.0,-5.09
6232.0,-5.03
6233.0,-5.03
6234.0,-5.22
6235.0,-5.12
6236.0,-5.32
6237.0,-5.03
6238.0,-5.3500000000000005
6239.0,-5.3100000000000005
6240.0,-5.550000000000001
6241.0,-5.07
6242.0,-5.06
6243.0,-5.07
6244.0,-5.5200000000000005
6245.0,-5.51
6246.0,-5.03
6247.0,-5.06
6248.0,-5.01
6249.0,-5.3
6250.0,-5.430000000000001
6251.0,-5.01
6252.0,-5.74
6253.0,-5.02
6254.0,-5.430000000000001
6255.0,-5.36
6256.0,-5.04
6257.0,-5.03
6258.0,-5.2700000000000005
6259.0,-5.05
6260.0,-5.17
6261.0,-5.02
6262.0,-5.01
6263.0,-5.550000000000001
6264.0,-5.03
6265.0,-5.5
6266.0,-5.22
6267.0,-5.17
6268.0,-5.05
6269.0,-5.18
6270.0,-5.04
6271.0,-5.16
6272.0,-5.02
6273.0,-5.02
6274.0,-5.26
6275.0,-5.11
6276.0,-5.37
6277.0,-5.37
6278.0,-5.41
6279.0,-5.48
6280.0,-5.3500000000000005
6281.0,-5.4
6282.0,-5.21
6283.0,-5.04
6284.0,-5.09
6285.0,-5.54
6286.0,-5.04
6287.0,-5.67
6288.0,-5.11
6289.0,-5.3100000000000005
6290.0,-5.48
6291.0,-5.21
6292.0,-5.3
6293.0,-5.03
6294.0,-5.46
6295.0,-5.36
6296.0,-5.12
6297.0,-5.02
6298.0,-5.05
6299.0,-5.04
6300.0,-5.04
6301.0,-5.02
6302.0,-5.51
6303.0,-5.03
6304.0,-5.06
6305.0,-5.3100000000000005
6306.0,-5.11
6307.0,-5.430000000000001
6308.0,-5.36
6309.0,-5.01
6310.0,-5.02
6311.0,-5.430000000000001
6312.0,-5.01
6313.0,-5.2
6314.0,-5.03
6315.0,-5.54
6316.0,-5.07
6317.0,-5.37
6318.0,-5.33
6319.0,-5.02
6320.0,-5.02
6321.0,-5.01
6322.0,-5.49
6323.0,-5.24
6324.0,-5.51
6325.0,-5.73
6326.0,-5.07
6327.0,-5.710000000000001
6328.0,-5.01
6329.0,-5.5
6330.0,-5.13
6331.0,-5.09
6332.0,-5.2700000000000005
6333.0,-5.34
6334.0,-5.01
6335.0,-5.02
6336.0,-5.06
6337.0,-5.25
6338.0,-5.03
6339.0,-5.58
6340.0,-5.25
6341.0,-5.710000000000001
6342.0,-5.04
6343.0,-5.06
6344.0,-5.19
6345.0,-5.15
6346.0,-5.05
6347.0,-5.19
6348.0,-5.05
6349.0,-5.01
6350.0,-5.26
6351.0,-5.67
6352.0,-5.15
6353.0,-5.720000000000001
6354.0,-5.02
6355.0,-5.03
6356.0,-5.49
6357.0,-5.26
6358.0,-5.34
6359.0,-5.04
6360.0,-5.04
6361.0,-5.05
6362.0,-5.5
6363.0,-5.02
6364.0,-5.02
6365.0,-5.11
6366.0,-5.2
6367.0,-5.09
6368.0,-5.04
6369.0,-5.28
6370.0,-5.03
6371.0,-5.06
6372.0,-5.65
6373.0,-5.37
6374.0,-5.57
6375.0,-5.36
6376.0,-5.02
6377.0,-5.66
6378.0,-5.01
6379.0,-5.51
6380.0,-5.13
6381.0,-5.7
6382.0,-5.03
6383.0,-5.04
6384.0,-5.06
6385.0,-5.430000000000001
6386.0,-5.16
6387.0,-5.3100000000000005
6388.0,-5.03
6389.0,-5.05
6390.0,-5.59
6391.0,-5.3
6392.0,-5.02
6393.0,-5.02
6394.0,-5.04
6395.0,-5.22
6396.0,-5.24
6397.0,-5.11
6398.0,-5.57
6399.0,-5.16
6400.0,-5.2700000000000005
6401.0,-5.57
6402.0,-5.02
6403.0,-5.36
6404.0,-5.880000000000001
6405.0,-5.04
6406.0,-5.390000000000001
6407.0,-5.62
6408.0,-5.04
6409.0,-5.33
6410.0,-5.03
6411.0,-5.04
6412.0,-5.23
6413.0,-5.09
6414.0,-5.15
6415.0,-5.06
6416.0,-5.05
6417.0,-5.13
6418.0,-5.02
6419.0,-5.14
6420.0,-5.15
6421.0,-5.3500000000000005
6422.0,-5.66
6423.0,-5.04
6424.0,-5.54
6425.0,-5.02
6426.0,-5.78
6427.0,-5.91
6428.0,-5.02
6429.0,-5.21
6430.0,-5.75
6431.0,-5.02
6432.0,-5.720000000000001
6433.0,-5.1
6434.0,-5.22
6435.0,-5.02
6436.0,-5.09
6437.0,-5.37
6438.0,-5.630000000000001
6439.0,-5.15
6440.0,-5.1
6441.0,-5.11
6442.0,-5.48
6443.0,-5.41
6444.0,-5.24
6445.0,-5.25
6446.0,-5.680000000000001
6447.0,-5.05
6448.0,-5.09
6449.0,-5.37
6450.0,-5.41
6451.0,-5.7
6452.0,-5.790000000000001
6453.0,-5.2
6454.0,-5.06
6455.0,-5.02
6456.0,-5.57
6457.0,-5.25
6458.0,-5.01
6459.0,-5.53
6460.0,-5.3100000000000005
6461.0,-5.26
6462.0,-5.02
6463.0,-5.44
6464.0,-5.05
6465.0,-5.38
6466.0,-5.04
6467.0,-5.3
6468.0,-5.04
6469.0,-5.36
6470.0,-5.62
6471.0,-5.02
6472.0,-5.6000000000000005
6473.0,-5.03
6474.0,-5.550000000000001
6475.0,-5.42
6476.0,-5.470000000000001
6477.0,-5.29
6478.0,-5.430000000000001
6479.0,-5.08
6480.0,-5.25
6481.0,-5.08
6482.0,-5.05
6483.0,-5.23
6484.0,-5.11
6485.0,-5.07
6486.0,-5.03
6487.0,-5.25
6488.0,-5.04
6489.0,-5.23
6490.0,-5.45
6491.0,-5.01
6492.0,-5.5
6493.0,-5.46
6494.0,-5.03
6495.0,-5.18
6496.0,-5.01
6497.0,-5.3
6498.0,-5.01
6499.0,-5.02
6500.0,-5.550000000000001
6501.0,-5.23
6502.0,-5.03
6503.0,-5.13
6504.0,-5.2700000000000005
6505.0,-5.24
6506.0,-5.53
6507.0,-5.02
6508.0,-5.01
6509.0,-5.42
6510.0,-5.57
6511.0,-5.23
6512.0,-5.02
6513.0,-5.5600000000000005
6514.0,-5.24
6515.0,-5.07
6516.0,-5.02
6517.0,-5.46
6518.0,-5.57
6519.0,-5.33
6520.0,-5.51
6521.0,-5.11
6522.0,-5.2700000000000005
6523.0,-5.02
6524.0,-5.08
6525.0,-5.05
6526.0,-5.01
6527.0,-5.61
6528.0,-5.640000000000001
6529.0,-5.25
6530.0,-5.7
6531.0,-5.3100000000000005
6532.0,-5.07
6533.0,-5.12
6534.0,-5.25
6535.0,-5.53
6536.0,-5.02
6537.0,-5.53
6538.0,-5.32
6539.0,-5.01
6540.0,-5.22
6541.0,-5.33
6542.0,-5.710000000000001
6543.0,-5.36
6544.0,-5.06
6545.0,-5.38
6546.0,-5.01
6547.0,-5.4
6548.0,-5.74
6549.0,-5.02
6550.0,-5.08
6551.0,-5.3
6552.0,-5.5600000000000005
6553.0,-5.02
6554.0,-5.3
6555.0,-5.21
6556.0,-5.02
6557.0,-5.06
6558.0,-5.5200000000000005
6559.0,-5.02
6560.0,-5.29
6561.0,-5.59
6562.0,-5.58
6563.0,-5.29
6564.0,-5.05
6565.0,-5.01
6566.0,-5.04
6567.0,-5.11
6568.0,-5.680000000000001
6569.0,-5.54
6570.0,-5.14
6571.0,-5.16
6572.0,-5.34
6573.0,-5.04
6574.0,-5.07
6575.0,-5.430000000000001
6576.0,-5.07
6577.0,-5.03
6578.0,-5.16
6579.0,-5.13
6580.0,-5.53
6581.0,-5.880000000000001
6582.0,-5.62
6583.0,-5.38
6584.0,-5.28
6585.0,-5.03
6586.0,-5.14
6587.0,-5.1
6588.0,-5.07
6589.0,-5.14
6590.0,-5.11
6591.0,-5.5200000000000005
6592.0,-5.470000000000001
6593.0,-5.710000000000001
6594.0,-5.49
6595.0,-5.02
6596.0,-5.02
6597.0,-5.44
6598.0,-5.08
6599.0,-5.3100000000000005
6600.0,-5.33
6601.0,-5.37
6602.0,-5.07
6603.0,-5.930000000000001
6604.0,-5.05
6605.0,-1.0000000000000007
6606.0,-5.02
6607.0,-5.14
6608.0,-5.09
6609.0,-5.53
6610.0,-5.2700000000000005
6611.0,-5.34
6612.0,-5.28
6613.0,-5.01
6614.0,-5.02
6615.0,-5.08
6616.0,-5.16
6617.0,-5.08
6618.0,-5.03
6619.0,-5.15
6620.0,-5.02
6621.0,-5.16
6622.0,-5.34
6623.0,-5.23
6624.0,-5.21
6625.0,-5.44
6626.0,-5.470000000000001
6627.0,-5.2700000000000005
6628.0,-5.02
6629.0,-5.02
6630.0,-5.45
6631.0,-5.49
6632.0,-5.54
6633.0,-5.03
6634.0,-5.01
6635.0,-5.73
6636.0,-5.65
6637.0,-5.02
6638.0,-5.17
6639.0,-5.03
6640.0,-5.08
6641.0,-5.01
6642.0,-5.28
6643.0,-5.44
6644.0,-5.12
6645.0,-5.34
6646.0,-5.3100000000000005
6647.0,-5.17
6648.0,-5.14
6649.0,-5.710000000000001
6650.0,-5.390000000000001
6651.0,-5.2
6652.0,-5.11
6653.0,-5.02
6654.0,-5.8500000000000005
6655.0,-5.67
6656.0,-5.3
6657.0,-5.2700000000000005
6658.0,-5.45
6659.0,-5.34
6660.0,-5.01
6661.0,-5.06
6662.0,-5.49
6663.0,-5.12
6664.0,-5.03
6665.0,-5.03
6666.0,-5.05
6667.0,-5.08
6668.0,-5.08
6669.0,-5.36
6670.0,-5.21
6671.0,-5.07
6672.0,-5.66
6673.0,-5.45
6674.0,-5.02
6675.0,-5.37
6676.0,-5.03
6677.0,-5.890000000000001
6678.0,-5.01
6679.0,-5.3100000000000005
6680.0,-5.03
6681.0,-5.720000000000001
6682.0,-5.28
6683.0,-5.41
6684.0,-5.01
6685.0,-5.04
6686.0,-5.06
6687.0,-5.390000000000001
6688.0,-5.06
6689.0,-5.29
6690.0,-5.33
6691.0,-5.33
6692.0,-5.54
6693.0,-5.02
6694.0,-5.24
6695.0,-5.04
6696.0,-5.5600000000000005
6697.0,-5.33
6698.0,-5.07
6699.0,-5.06
6700.0,-5.03
6701.0,-5.23
6702.0,-5.01
6703.0,-5.04
6704.0,-5.03
6705.0,-5.29
6706.0,-1.0000000000000007
6707.0,-5.11
6708.0,-5.44
6709.0,-5.37
6710.0,-5.17
6711.0,-5.640000000000001
6712.0,-5.430000000000001
6713.0,-5.4
6714.0,-5.550000000000001
6715.0,-5.28
6716.0,-5.06
6717.0,-5.04
6718.0,-5.22
6719.0,-5.04
6720.0,-5.870000000000001
6721.0,-5.08
6722.0,-5.24
6723.0,-5.01
6724.0,-5.09
6725.0,-5.06
6726.0,-5.12
6727.0,-5.03
6728.0,-5.04
6729.0,-5.01
6730.0,-5.08
6731.0,-5.15
6732.0,-5.24
6733.0,-5.02
6734.0,-5.44
6735.0,-5.05
6736.0,-5.07
6737.0,-5.06
6738.0,-5.2700000000000005
6739.0,-5.12
6740.0,-5.02
6741.0,-5.33
6742.0,-5.23
6743.0,-5.2700000000000005
6744.0,-5.15
6745.0,-5.29
6746.0,-5.06
6747.0,-5.04
6748.0,-5.02
6749.0,-5.28
6750.0,-5.44
6751.0,-5.02
6752.0,-5.01
6753.0,-5.69
6754.0,-5.5600000000000005
6755.0,-5.04
6756.0,-5.38
6757.0,-5.04
6758.0,-5.470000000000001
6759.0,-5.02
6760.0,-5.51
6761.0,-5.08
6762.0,-5.34
6763.0,-5.430000000000001
6764.0,-5.66
6765.0,-5.03
6766.0,-5.15
6767.0,-5.75
6768.0,-5.02
6769.0,-5.45
6770.0,-5.12
6771.0,-5.12
6772.0,-5.11
6773.0,-5.49
6774.0,-5.800000000000001
6775.0,-5.51
6776.0,-5.06
6777.0,-5.2
6778.0,-5.02
6779.0,-5.07
6780.0,-5.51
6781.0,-5.04
6782.0,-5.29
6783.0,-5.36
6784.0,-5.390000000000001
6785.0,-5.54
6786.0,-5.390000000000001
6787.0,-5.32
6788.0,-5.16
6789.0,-5.04
6790.0,-5.02
6791.0,-5.07
6792.0,-5.03
6793.0,-5.05
6794.0,-5.08
6795.0,-5.13
6796.0,-5.02
6797.0,-5.03
6798.0,-5.09
6799.0,-5.1
6800.0,-5.430000000000001
6801.0,-5.04
6802.0,-5.17
6803.0,-5.22
6804.0,-5.12
6805.0,-5.03
6806.0,-5.07
6807.0,-5.2700000000000005
6808.0,-5.02
6809.0,-5.58
6810.0,-5.22
6811.0,-5.3500000000000005
6812.0,-5.3
6813.0,-5.06
6814.0,-5.23
6815.0,-5.640000000000001
6816.0,-5.26
6817.0,-5.26
6818.0,-5.05
6819.0,-5.04
6820.0,-5.09
6821.0,-5.49
6822.0,-5.23
6823.0,-5.08
6824.0,-5.02
6825.0,-5.26
6826.0,-5.09
6827.0,-5.02
6828.0,-5.48
6829.0,-5.18
6830.0,-5.14
6831.0,-5.53
6832.0,-5.44
6833.0,-5.94
6834.0,-5.01
6835.0,-5.33
6836.0,-5.430000000000001
6837.0,-5.07
6838.0,-5.04
6839.0,-5.21
6840.0,-5.15
6841.0,-5.04
6842.0,-5.29
6843.0,-5.22
6844.0,-5.04
6845.0,-5.13
6846.0,-5.390000000000001
6847.0,-5.2700000000000005
6848.0,-5.790000000000001
6849.0,-5.42
6850.0,-5.04
6851.0,-5.25
6852.0,-1.0000000000000007
6853.0,-5.19
6854.0,-5.6000000000000005
6855.0,-5.41
6856.0,-5.02
6857.0,-5.23
6858.0,-5.03
6859.0,-5.19
6860.0,-5.74
6861.0,-5.11
6862.0,-5.32
6863.0,-5.23
6864.0,-5.61
6865.0,-5.2700000000000005
6866.0,-5.630000000000001
6867.0,-5.03
6868.0,-5.1
6869.0,-5.24
6870.0,-5.06
6871.0,-5.16
6872.0,-5.46
6873.0,-5.57
6874.0,-5.22
6875.0,-5.42
6876.0,-5.38
6877.0,-5.65
6878.0,-5.04
6879.0,-5.21
6880.0,-5.5200000000000005
6881.0,-5.710000000000001
6882.0,-5.29
6883.0,-5.01
6884.0,-5.01
6885.0,-5.48
6886.0,-5.1
6887.0,-5.53
6888.0,-5.38
6889.0,-5.21
6890.0,-5.550000000000001
6891.0,-5.51
6892.0,-5.2
6893.0,-5.05
6894.0,-5.17
6895.0,-5.65
6896.0,-5.710000000000001
6897.0,-5.680000000000001
6898.0,-5.12
6899.0,-5.33
6900.0,-5.09
6901.0,-5.26
6902.0,-5.14
6903.0,-5.05
6904.0,-5.630000000000001
6905.0,-5.73
6906.0,-5.02
6907.0,-5.14
6908.0,-5.550000000000001
6909.0,-5.49
6910.0,-5.26
6911.0,-5.15
6912.0,-5.33
6913.0,-5.75
6914.0,-5.36
6915.0,-5.06
6916.0,-5.49
6917.0,-5.02
6918.0,-5.18
6919.0,-5.04
6920.0,-5.5
6921.0,-5.02
6922.0,-5.390000000000001
6923.0,-5.03
6924.0,-5.2700000000000005
6925.0,-5.23
6926.0,-5.13
6927.0,-5.1
6928.0,-5.49
6929.0,-5.15
6930.0,-1.0000000000000007
6931.0,-5.34
6932.0,-5.01
6933.0,-5.29
6934.0,-5.33
6935.0,-5.11
6936.0,-5.4
6937.0,-5.11
6938.0,-5.58
6939.0,-5.16
6940.0,-5.33
6941.0,-5.74
6942.0,-5.870000000000001
6943.0,-5.33
6944.0,-5.06
6945.0,-5.3100000000000005
6946.0,-5.03
6947.0,-5.34
6948.0,-5.5200000000000005
6949.0,-5.3500000000000005
6950.0,-5.3
6951.0,-5.6000000000000005
6952.0,-5.01
6953.0,-5.5600000000000005
6954.0,-5.24
6955.0,-5.07
6956.0,-5.01
6957.0,-5.78
6958.0,-5.02
6959.0,-5.49
6960.0,-5.04
6961.0,-5.04
6962.0,-5.03
6963.0,-5.34
6964.0,-5.5200000000000005
6965.0,-5.02
6966.0,-5.02
6967.0,-5.29
6968.0,-5.28
6969.0,-5.54
6970.0,-5.05
6971.0,-5.09
6972.0,-5.04
6973.0,-5.11
6974.0,-5.32
6975.0,-5.800000000000001
6976.0,-5.58
6977.0,-5.13
6978.0,-5.22
6979.0,-5.5200000000000005
6980.0,-5.54
6981.0,-5.05
6982.0,-5.03
6983.0,-5.06
6984.0,-5.07
6985.0,-5.14
6986.0,-5.06
6987.0,-5.1
6988.0,-5.37
6989.0,-5.41
6990.0,-5.06
6991.0,-5.28
6992.0,-5.07
6993.0,-5.04
6994.0,-1.0000000000000007
6995.0,-5.22
6996.0,-5.07
6997.0,-5.09
6998.0,-5.02
6999.0,-5.05
7000.0,-5.4
7001.0,-5.12
7002.0,-5.24
7003.0,-5.710000000000001
7004.0,-5.1
7005.0,-5.01
7006.0,-5.54
7007.0,-5.05
7008.0,-5.3500000000000005
7009.0,-5.36
7010.0,-5.07
7011.0,-5.06
7012.0,-5.05
7013.0,-5.05
7014.0,-5.3
7015.0,-5.42
7016.0,-5.22
7017.0,-5.430000000000001
7018.0,-5.970000000000001
7019.0,-5.02
7020.0,-5.48
7021.0,-5.1
7022.0,-5.49
7023.0,-5.02
7024.0,-5.11
7025.0,-5.44
7026.0,-5.07
7027.0,-5.02
7028.0,-5.1
7029.0,-5.02
7030.0,-5.04
7031.0,-5.3
7032.0,-5.02
7033.0,-5.11
7034.0,-5.08
7035.0,-5.470000000000001
7036.0,-5.5200000000000005
7037.0,-5.04
7038.0,-5.48
7039.0,-5.24
7040.0,-5.58
7041.0,-5.58
7042.0,-5.13
7043.0,-5.06
7044.0,-5.48
7045.0,-5.5600000000000005
7046.0,-5.06
7047.0,-5.05
7048.0,-5.5200000000000005
7049.0,-5.26
7050.0,-5.46
7051.0,-5.12
7052.0,-5.37
7053.0,-5.54
7054.0,-5.16
7055.0,-5.8100000000000005
7056.0,-5.5
7057.0,-5.02
7058.0,-5.7
7059.0,-5.5200000000000005
7060.0,-5.3500000000000005
7061.0,-5.3
7062.0,-5.33
7063.0,-5.800000000000001
7064.0,-5.4
7065.0,-5.14
7066.0,-5.2700000000000005
7067.0,-5.12
7068.0,-5.1
7069.0,-5.02
7070.0,-5.840000000000001
7071.0,-5.26
7072.0,-5.13
7073.0,-5.3500000000000005
7074.0,-5.06
7075.0,-5.28
7076.0,-5.2700000000000005
7077.0,-5.04
7078.0,-5.74
7079.0,-5.48
7080.0,-5.04
7081.0,-5.04
7082.0,-5.12
7083.0,-5.29
7084.0,-5.03
7085.0,-5.23
7086.0,-5.630000000000001
7087.0,-5.1
7088.0,-5.01
7089.0,-5.09
7090.0,-5.17
7091.0,-5.04
7092.0,-5.05
7093.0,-5.09
7094.0,-5.33
7095.0,-5.08
7096.0,-5.04
7097.0,-5.41
7098.0,-5.09
7099.0,-5.06
7100.0,-5.17
7101.0,-5.05
7102.0,-5.01
7103.0,-5.07
7104.0,-5.09
7105.0,-5.21
7106.0,-5.01
7107.0,-5.19
7108.0,-5.02
7109.0,-5.1
7110.0,-5.5600000000000005
7111.0,-5.07
7112.0,-5.01
7113.0,-5.32
7114.0,-5.03
7115.0,-5.3
7116.0,-5.44
7117.0,-5.3
7118.0,-5.58
7119.0,-5.03
7120.0,-5.890000000000001
7121.0,-5.930000000000001
7122.0,-5.03
7123.0,-5.32
7124.0,-5.34
7125.0,-5.2700000000000005
7126.0,-5.22
7127.0,-5.05
7128.0,-5.36
7129.0,-5.22
7130.0,-5.550000000000001
7131.0,-5.29
7132.0,-5.06
7133.0,-5.5200000000000005
7134.0,-5.12
7135.0,-5.5200000000000005
7136.0,-5.41
7137.0,-5.36
7138.0,-5.17
7139.0,-5.12
7140.0,-5.11
7141.0,-5.3
7142.0,-5.25
7143.0,-5.01
7144.0,-5.07
7145.0,-5.36
7146.0,-5.44
7147.0,-5.7700000000000005
7148.0,-5.04
7149.0,-5.05
7150.0,-5.08
7151.0,-5.03
7152.0,-5.12
7153.0,-5.05
7154.0,-5.12
7155.0,-5.02
7156.0,-5.14
7157.0,-5.04
7158.0,-5.09
7159.0,-5.06
7160.0,-5.01
7161.0,-5.29
7162.0,-5.3100000000000005
7163.0,-5.07
7164.0,-5.6000000000000005
7165.0,-5.5600000000000005
7166.0,-5.06
7167.0,-5.07
7168.0,-5.02
7169.0,-5.53
7170.0,-5.03
7171.0,-5.470000000000001
7172.0,-5.3
7173.0,-5.02
7174.0,-5.9
7175.0,-5.01
7176.0,-5.01
7177.0,-5.07
7178.0,-5.01
7179.0,-5.05
7180.0,-5.02
7181.0,-5.13
7182.0,-5.02
7183.0,-5.29
7184.0,-5.630000000000001
7185.0,-5.46
7186.0,-5.02
7187.0,-5.11
7188.0,-5.34
7189.0,-5.3
7190.0,-5.5200000000000005
7191.0,-5.5
7192.0,-5.33
7193.0,-5.4
7194.0,-5.26
7195.0,-5.48
7196.0,-5.02
7197.0,-5.430000000000001
7198.0,-5.04
7199.0,-5.49
7200.0,-5.45
7201.0,-5.5600000000000005
7202.0,-5.38
7203.0,-5.3
7204.0,-5.03
7205.0,-5.83
7206.0,-5.06
7207.0,-5.09
7208.0,-5.03
7209.0,-5.74
7210.0,-5.08
7211.0,-5.04
7212.0,-5.19
7213.0,-5.06
7214.0,-5.02
7215.0,-5.14
7216.0,-5.04
7217.0,-5.3100000000000005
7218.0,-5.44
7219.0,-5.630000000000001
7220.0,-5.2700000000000005
7221.0,-5.74
7222.0,-5.26
7223.0,-5.36
7224.0,-5.36
7225.0,-5.66
7226.0,-5.33
7227.0,-5.04
7228.0,-5.18
7229.0,-5.44
7230.0,-5.2700000000000005
7231.0,-5.15
7232.0,-5.01
7233.0,-5.03
7234.0,-5.34
7235.0,-5.04
7236.0,-5.06
7237.0,-5.04
7238.0,-5.01
7239.0,-5.14
7240.0,-5.15
7241.0,-5.03
7242.0,-5.33
7243.0,-5.03
7244.0,-5.15
7245.0,-5.3500000000000005
7246.0,-5.08
7247.0,-1.0000000000000007
7248.0,-5.22
7249.0,-5.430000000000001
7250.0,-5.3500000000000005
7251.0,-5.2
7252.0,-5.07
7253.0,-5.07
7254.0,-5.02
7255.0,-5.51
7256.0,-5.640000000000001
7257.0,-5.41
7258.0,-5.02
7259.0,-5.34
7260.0,-5.25
7261.0,-5.13
7262.0,-5.29
7263.0,-5.08
7264.0,-5.05
7265.0,-5.86
7266.0,-5.950000000000001
7267.0,-5.05
7268.0,-5.57
7269.0,-5.06
7270.0,-5.09
7271.0,-5.5200000000000005
7272.0,-5.53
7273.0,-5.03
7274.0,-5.62
7275.0,-5.08
7276.0,-5.04
7277.0,-5.01
7278.0,-5.1
7279.0,-5.02
7280.0,-5.05
7281.0,-5.7
7282.0,-5.2700000000000005
7283.0,-5.36
7284.0,-5.15
7285.0,-5.04
7286.0,-5.02
7287.0,-5.3
7288.0,-5.48
7289.0,-5.03
7290.0,-5.6000000000000005
7291.0,-5.3500000000000005
7292.0,-5.04
7293.0,-5.12
7294.0,-5.26
7295.0,-5.1
7296.0,-5.11
7297.0,-5.26
7298.0,-5.78
7299.0,-5.03
7300.0,-5.29
7301.0,-5.42
7302.0,-5.01
7303.0,-5.04
7304.0,-5.02
7305.0,-5.3500000000000005
7306.0,-5.07
7307.0,-5.65
7308.0,-5.550000000000001
7309.0,-5.66
7310.0,-5.3100000000000005
7311.0,-5.32
7312.0,-5.04
7313.0,-5.16
7314.0,-5.26
7315.0,-5.25
7316.0,-5.06
7317.0,-5.07
7318.0,-5.67
7319.0,-5.4
7320.0,-5.800000000000001
7321.0,-5.02
7322.0,-5.24
7323.0,-5.01
7324.0,-5.12
7325.0,-5.03
7326.0,-5.5
7327.0,-5.28
7328.0,-5.21
7329.0,-5.25
7330.0,-5.05
7331.0,-5.37
7332.0,-5.02
7333.0,-5.53
7334.0,-5.42
7335.0,-5.07
7336.0,-5.01
7337.0,-5.3500000000000005
7338.0,-5.06
7339.0,-5.28
7340.0,-5.06
7341.0,-5.18
7342.0,-5.11
7343.0,-5.11
7344.0,-5.1
7345.0,-5.03
7346.0,-5.06
7347.0,-5.48
7348.0,-5.07
7349.0,-5.05
7350.0,-5.04
7351.0,-5.04
7352.0,-5.36
7353.0,-5.01
7354.0,-5.45
7355.0,-5.48
7356.0,-5.04
7357.0,-5.01
7358.0,-5.03
7359.0,-5.37
7360.0,-5.54
7361.0,-5.01
7362.0,-5.12
7363.0,-5.06
7364.0,-5.29
7365.0,-5.08
7366.0,-5.04
7367.0,-5.66
7368.0,-5.33
7369.0,-5.42
7370.0,-5.3100000000000005
7371.0,-5.04
7372.0,-5.44
7373.0,-5.03
7374.0,-5.4
7375.0,-5.03
7376.0,-5.28
7377.0,-5.640000000000001
7378.0,-5.07
7379.0,-5.5
7380.0,-5.01
7381.0,-5.38
7382.0,-5.24
7383.0,-5.28
7384.0,-5.08
7385.0,-5.32
7386.0,-5.06
7387.0,-5.25
7388.0,-5.03
7389.0,-5.66
7390.0,-5.01
7391.0,-5.04
7392.0,-5.08
7393.0,-5.18
7394.0,-5.69
7395.0,-5.02
7396.0,-5.37
7397.0,-5.16
7398.0,-5.14
7399.0,-5.22
7400.0,-5.720000000000001
7401.0,-5.05
7402.0,-5.14
7403.0,-5.51
7404.0,-5.03
7405.0,-5.390000000000001
7406.0,-5.49
7407.0,-5.02
7408.0,-5.11
7409.0,-5.03
7410.0,-5.18
7411.0,-5.06
7412.0,-5.44
7413.0,-5.17
7414.0,-5.04
7415.0,-5.46
7416.0,-5.26
7417.0,-5.65
7418.0,-5.09
7419.0,-5.15
7420.0,-5.390000000000001
7421.0,-5.2
7422.0,-5.06
7423.0,-5.75
7424.0,-5.37
7425.0,-5.18
7426.0,-5.09
7427.0,-5.640000000000001
7428.0,-5.06
7429.0,-1.0000000000000007
7430.0,-5.25
7431.0,-5.11
7432.0,-5.17
7433.0,-5.550000000000001
7434.0,-5.19
7435.0,-5.04
7436.0,-5.01
7437.0,-5.04
7438.0,-5.74
7439.0,-5.07
7440.0,-5.3
7441.0,-5.13
7442.0,-5.48
7443.0,-5.44
7444.0,-5.25
7445.0,-5.09
7446.0,-5.06
7447.0,-5.23
7448.0,-5.3100000000000005
7449.0,-5.06
7450.0,-5.2700000000000005
7451.0,-5.04
7452.0,-5.29
7453.0,-5.46
7454.0,-5.18
7455.0,-5.46
7456.0,-5.04
7457.0,-5.640000000000001
7458.0,-5.25
7459.0,-5.03
7460.0,-1.0000000000000007
7461.0,-5.1
7462.0,-5.07
7463.0,-5.05
7464.0,-5.01
7465.0,-5.22
7466.0,-5.08
7467.0,-5.13
7468.0,-5.53
7469.0,-5.5600000000000005
7470.0,-5.58
7471.0,-5.14
7472.0,-5.6000000000000005
7473.0,-5.01
7474.0,-5.13
7475.0,-5.02
7476.0,-5.22
7477.0,-5.03
7478.0,-5.06
7479.0,-5.18
7480.0,-5.01
7481.0,-1.0000000000000007
7482.0,-5.6000000000000005
7483.0,-5.550000000000001
7484.0,-5.23
7485.0,-5.01
7486.0,-5.3
7487.0,-5.06
7488.0,-5.04
7489.0,-5.22
7490.0,-5.2700000000000005
7491.0,-5.2700000000000005
7492.0,-5.3100000000000005
7493.0,-5.11
7494.0,-5.11
7495.0,-5.24
7496.0,-5.04
7497.0,-1.0000000000000007
7498.0,-5.04
7499.0,-5.06
7500.0,-5.05
7501.0,-5.05
7502.0,-5.2
7503.0,-5.28
7504.0,-5.04
7505.0,-5.03
7506.0,-5.01
7507.0,-5.06
7508.0,-5.73
7509.0,-5.03
7510.0,-5.04
7511.0,-5.57
7512.0,-5.42
7513.0,-5.06
7514.0,-5.920000000000001
7515.0,-5.07
7516.0,-5.6000000000000005
7517.0,-5.11
7518.0,-5.02
7519.0,-5.05
7520.0,-5.58
7521.0,-5.06
7522.0,-5.24
7523.0,-5.45
7524.0,-5.470000000000001
7525.0,-5.54
7526.0,-5.06
7527.0,-5.45
7528.0,-5.02
7529.0,-5.5
7530.0,-5.04
7531.0,-5.3
7532.0,-5.07
7533.0,-5.57
7534.0,-5.16
7535.0,-5.37
7536.0,-5.04
7537.0,-5.44
7538.0,-5.03
7539.0,-5.12
7540.0,-5.01
7541.0,-5.02
7542.0,-5.03
7543.0,-5.3100000000000005
7544.0,-5.06
7545.0,-5.57
7546.0,-5.02
7547.0,-5.23
7548.0,-5.15
7549.0,-5.630000000000001
7550.0,-5.17
7551.0,-5.3
7552.0,-5.32
7553.0,-5.07
7554.0,-5.05
7555.0,-5.05
7556.0,-5.06
7557.0,-5.25
7558.0,-5.01
7559.0,-5.14
7560.0,-5.28
7561.0,-5.28
7562.0,-5.29
7563.0,-5.550000000000001
7564.0,-5.03
7565.0,-5.23
7566.0,-5.26
7567.0,-5.05
7568.0,-5.07
7569.0,-5.25
7570.0,-5.29
7571.0,-5.3500000000000005
7572.0,-5.02
7573.0,-5.29
7574.0,-5.760000000000001
7575.0,-5.07
7576.0,-5.640000000000001
7577.0,-5.28
7578.0,-5.58
7579.0,-5.2700000000000005
7580.0,-5.430000000000001
7581.0,-5.430000000000001
7582.0,-5.05
7583.0,-5.06
7584.0,-5.18
7585.0,-5.62
7586.0,-5.06
7587.0,-5.3500000000000005
7588.0,-5.5600000000000005
7589.0,-5.51
7590.0,-5.37
7591.0,-5.03
7592.0,-5.840000000000001
7593.0,-5.51
7594.0,-5.54
7595.0,-5.26
7596.0,-5.03
7597.0,-5.02
7598.0,-5.2
7599.0,-5.2
7600.0,-5.15
7601.0,-5.57
7602.0,-5.1
7603.0,-5.3100000000000005
7604.0,-5.5600000000000005
7605.0,-5.11
7606.0,-5.48
7607.0,-5.08
7608.0,-5.44
7609.0,-5.06
7610.0,-5.17
7611.0,-5.02
7612.0,-5.59
7613.0,-5.05
7614.0,-5.29
7615.0,-5.49
7616.0,-5.2700000000000005
7617.0,-5.03
7618.0,-5.59
7619.0,-5.2700000000000005
7620.0,-5.02
7621.0,-5.08
7622.0,-5.02
7623.0,-5.04
7624.0,-5.08
7625.0,-5.51
7626.0,-5.04
7627.0,-5.59
7628.0,-5.04
7629.0,-5.08
7630.0,-5.390000000000001
7631.0,-5.16
7632.0,-5.19
7633.0,-5.01
7634.0,-5.02
7635.0,-5.58
7636.0,-5.02
7637.0,-5.09
7638.0,-5.430000000000001
7639.0,-5.5200000000000005
7640.0,-5.07
7641.0,-5.41
7642.0,-5.25
7643.0,-5.15
7644.0,-5.26
7645.0,-5.01
7646.0,-5.02
7647.0,-5.62
7648.0,-5.05
7649.0,-5.04
7650.0,-5.880000000000001
7651.0,-5.29
7652.0,-5.29
7653.0,-5.44
7654.0,-5.08
7655.0,-5.15
7656.0,-5.840000000000001
7657.0,-5.74
7658.0,-5.03
7659.0,-1.0000000000000007
7660.0,-5.6000000000000005
7661.0,-5.12
7662.0,-5.26
7663.0,-5.06
7664.0,-5.14
7665.0,-5.4
7666.0,-5.37
7667.0,-5.15
7668.0,-5.5200000000000005
7669.0,-5.26
7670.0,-5.15
7671.0,-5.03
7672.0,-5.26
7673.0,-5.25
7674.0,-5.08
7675.0,-5.22
7676.0,-5.04
7677.0,-5.12
7678.0,-5.680000000000001
7679.0,-5.58
7680.0,-5.09
7681.0,-5.01
7682.0,-5.29
7683.0,-5.15
7684.0,-5.53
7685.0,-5.02
7686.0,-5.46
7687.0,-5.4
7688.0,-5.04
7689.0,-5.13
7690.0,-5.14
7691.0,-5.16
7692.0,-5.3100000000000005
7693.0,-5.5600000000000005
7694.0,-5.37
7695.0,-5.22
7696.0,-5.3500000000000005
7697.0,-5.16
7698.0,-5.02
7699.0,-5.25
7700.0,-5.630000000000001
7701.0,-5.42
7702.0,-5.01
7703.0,-5.12
7704.0,-5.05
7705.0,-5.24
7706.0,-5.23
7707.0,-5.28
7708.0,-5.06
7709.0,-5.1
7710.0,-5.3
7711.0,-5.05
7712.0,-5.12
7713.0,-5.11
7714.0,-5.01
7715.0,-5.08
7716.0,-5.23
7717.0,-5.09
7718.0,-5.23
7719.0,-1.0000000000000007
7720.0,-5.01
7721.0,-5.08
7722.0,-5.33
7723.0,-5.12
7724.0,-5.01
7725.0,-5.17
7726.0,-5.23
7727.0,-5.3100000000000005
7728.0,-5.98
7729.0,-1.0000000000000007
7730.0,-5.02
7731.0,-5.15
7732.0,-5.06
7733.0,-5.3
7734.0,-5.03
7735.0,-5.14
7736.0,-5.83
7737.0,-5.38
7738.0,-5.11
7739.0,-5.07
7740.0,-5.01
7741.0,-5.07
7742.0,-5.26
7743.0,-5.49
7744.0,-5.51
7745.0,-5.02
7746.0,-5.02
7747.0,-5.22
7748.0,-5.04
7749.0,-5.04
7750.0,-5.680000000000001
7751.0,-5.01
7752.0,-5.07
7753.0,-5.34
7754.0,-5.08
7755.0,-5.11
7756.0,-5.12
7757.0,-5.3500000000000005
7758.0,-5.49
7759.0,-5.11
7760.0,-5.08
7761.0,-5.02
7762.0,-5.42
7763.0,-5.13
7764.0,-5.23
7765.0,-5.86
7766.0,-5.03
7767.0,-5.21
7768.0,-5.09
7769.0,-5.01
7770.0,-5.02
7771.0,-5.09
7772.0,-5.16
7773.0,-5.42
7774.0,-5.3100000000000005
7775.0,-5.3100000000000005
7776.0,-5.390000000000001
7777.0,-5.390000000000001
7778.0,-5.6000000000000005
7779.0,-5.11
7780.0,-5.38
7781.0,-5.18
7782.0,-5.08
7783.0,-5.1
7784.0,-5.3
7785.0,-5.1
7786.0,-5.18
7787.0,-5.08
7788.0,-5.02
7789.0,-5.14
7790.0,-5.07
7791.0,-5.4
7792.0,-5.07
7793.0,-5.04
7794.0,-5.49
7795.0,-5.09
7796.0,-5.37
7797.0,-5.390000000000001
7798.0,-5.09
7799.0,-5.03
7800.0,-5.7
7801.0,-5.14
7802.0,-5.25
7803.0,-5.06
7804.0,-5.04
7805.0,-5.46
7806.0,-5.17
7807.0,-5.16
7808.0,-5.01
7809.0,-5.02
7810.0,-5.45
7811.0,-5.54
7812.0,-5.59
7813.0,-5.630000000000001
7814.0,-5.01
7815.0,-5.08
7816.0,-5.49
7817.0,-5.46
7818.0,-5.21
7819.0,-5.11
7820.0,-5.42
7821.0,-5.01
7822.0,-5.03
7823.0,-5.42
7824.0,-5.5200000000000005
7825.0,-5.390000000000001
7826.0,-5.02
7827.0,-5.3100000000000005
7828.0,-5.38
7829.0,-5.02
7830.0,-5.24
7831.0,-5.720000000000001
7832.0,-5.04
7833.0,-5.08
7834.0,-5.430000000000001
7835.0,-5.09
7836.0,-5.14
7837.0,-5.02
7838.0,-5.18
7839.0,-5.4
7840.0,-5.22
7841.0,-5.21
7842.0,-5.61
7843.0,-5.06
7844.0,-5.09
7845.0,-5.430000000000001
7846.0,-5.02
7847.0,-5.22
7848.0,-5.02
7849.0,-5.01
7850.0,-5.38
7851.0,-5.22
7852.0,-5.09
7853.0,-5.640000000000001
7854.0,-5.07
7855.0,-5.03
7856.0,-5.02
7857.0,-1.0000000000000007
7858.0,-5.66
7859.0,-5.2
7860.0,-5.03
7861.0,-5.05
7862.0,-5.04
7863.0,-5.23
7864.0,-5.22
7865.0,-5.53
7866.0,-5.14
7867.0,-5.49
7868.0,-5.5600000000000005
7869.0,-5.15
7870.0,-5.08
7871.0,-5.48
7872.0,-5.05
7873.0,-5.5600000000000005
7874.0,-5.49
7875.0,-5.2
7876.0,-5.62
7877.0,-5.26
7878.0,-5.4
7879.0,-5.06
7880.0,-5.58
7881.0,-5.41
7882.0,-5.32
7883.0,-5.09
7884.0,-5.06
7885.0,-5.03
7886.0,-5.04
7887.0,-5.02
7888.0,-5.5200000000000005
7889.0,-5.46
7890.0,-5.65
7891.0,-5.41
7892.0,-5.640000000000001
7893.0,-5.02
7894.0,-5.01
7895.0,-5.65
7896.0,-5.08
7897.0,-5.07
7898.0,-5.41
7899.0,-5.44
7900.0,-1.0000000000000007
7901.0,-5.54
7902.0,-5.7
7903.0,-5.06
7904.0,-5.3100000000000005
7905.0,-5.02
7906.0,-5.37
7907.0,-5.800000000000001
7908.0,-5.04
7909.0,-5.02
7910.0,-5.23
7911.0,-5.05
7912.0,-5.03
7913.0,-5.470000000000001
7914.0,-5.04
7915.0,-5.24
7916.0,-5.23
7917.0,-5.390000000000001
7918.0,-5.12
7919.0,-5.57
7920.0,-5.11
7921.0,-5.67
7922.0,-5.07
7923.0,-5.69
7924.0,-5.630000000000001
7925.0,-5.36
7926.0,-5.3100000000000005
7927.0,-5.06
7928.0,-5.53
7929.0,-5.51
7930.0,-5.33
7931.0,-5.51
7932.0,-5.46
7933.0,-5.06
7934.0,-5.44
7935.0,-5.17
7936.0,-5.06
7937.0,-5.51
7938.0,-5.45
7939.0,-5.5200000000000005
7940.0,-5.09
7941.0,-5.930000000000001
7942.0,-5.03
7943.0,-5.23
7944.0,-5.41
7945.0,-5.57
7946.0,-5.41
7947.0,-5.7700000000000005
7948.0,-5.5600000000000005
7949.0,-1.0000000000000007
7950.0,-5.06
7951.0,-5.3100000000000005
7952.0,-5.550000000000001
7953.0,-5.03
7954.0,-5.32
7955.0,-5.32
7956.0,-5.25
7957.0,-5.54
7958.0,-5.11
7959.0,-5.41
7960.0,-5.26
7961.0,-5.05
7962.0,-5.11
7963.0,-5.02
7964.0,-5.880000000000001
7965.0,-5.29
7966.0,-5.34
7967.0,-5.04
7968.0,-5.3
7969.0,-5.05
7970.0,-5.05
7971.0,-5.36
7972.0,-5.14
7973.0,-5.25
7974.0,-5.62
7975.0,-5.01
7976.0,-5.04
7977.0,-5.48
7978.0,-5.11
7979.0,-5.09
7980.0,-5.03
7981.0,-5.550000000000001
7982.0,-5.04
7983.0,-5.2700000000000005
7984.0,-5.44
7985.0,-5.3
7986.0,-5.29
7987.0,-5.65
7988.0,-5.59
7989.0,-5.4
7990.0,-5.02
7991.0,-5.01
7992.0,-5.760000000000001
7993.0,-5.06
7994.0,-5.01
7995.0,-5.630000000000001
7996.0,-5.05
7997.0,-5.37
7998.0,-5.03
7999.0,-5.890000000000001
8000.0,-5.12
8001.0,-5.06
8002.0,-5.28
8003.0,-5.06
8004.0,-5.04
8005.0,-5.29
8006.0,-5.1
8007.0,-5.05
8008.0,-5.2
8009.0,-5.720000000000001
8010.0,-5.02
8011.0,-5.5200000000000005
8012.0,-5.02
8013.0,-5.640000000000001
8014.0,-5.14
8015.0,-5.12
8016.0,-5.01
8017.0,-5.09
8018.0,-5.08
8019.0,-5.83
8020.0,-5.29
8021.0,-5.02
8022.0,-5.61
8023.0,-5.02
8024.0,-5.08
8025.0,-5.02
8026.0,-5.07
8027.0,-5.02
8028.0,-5.760000000000001
8029.0,-5.34
8030.0,-5.07
8031.0,-5.08
8032.0,-5.06
8033.0,-5.390000000000001
8034.0,-5.19
8035.0,-1.0000000000000007
8036.0,-5.44
8037.0,-5.38
8038.0,-5.45
8039.0,-5.38
8040.0,-5.06
8041.0,-5.06
8042.0,-5.640000000000001
8043.0,-5.930000000000001
8044.0,-5.640000000000001
8045.0,-5.11
8046.0,-5.05
8047.0,-5.61
8048.0,-5.15
8049.0,-5.2700000000000005
8050.0,-5.09
8051.0,-5.680000000000001
8052.0,-5.3100000000000005
8053.0,-5.19
8054.0,-5.22
8055.0,-5.36
8056.0,-5.04
8057.0,-5.01
8058.0,-5.38
8059.0,-5.24
8060.0,-5.12
8061.0,-5.07
8062.0,-5.05
8063.0,-5.25
8064.0,-5.3
8065.0,-5.67
8066.0,-5.01
8067.0,-5.25
8068.0,-5.36
8069.0,-5.680000000000001
8070.0,-5.36
8071.0,-5.62
8072.0,-5.5200000000000005
8073.0,-5.11
8074.0,-5.640000000000001
8075.0,-5.5
8076.0,-5.13
8077.0,-5.07
8078.0,-5.02
8079.0,-5.4
8080.0,-5.58
8081.0,-5.04
8082.0,-5.03
8083.0,-5.74
8084.0,-5.01
8085.0,-5.02
8086.0,-5.25
8087.0,-5.23
8088.0,-5.03
8089.0,-5.3
8090.0,-5.29
8091.0,-5.390000000000001
8092.0,-5.25
8093.0,-5.390000000000001
8094.0,-5.34
8095.0,-5.54
8096.0,-5.06
8097.0,-5.04
8098.0,-5.15
8099.0,-5.02
8100.0,-5.3
8101.0,-5.49
8102.0,-5.42
8103.0,-5.04
8104.0,-5.03
8105.0,-5.38
8106.0,-5.03
8107.0,-5.33
8108.0,-5.17
8109.0,-5.16
8110.0,-5.04
8111.0,-5.08
8112.0,-5.06
8113.0,-5.03
8114.0,-5.1
8115.0,-5.3100000000000005
8116.0,-5.720000000000001
8117.0,-5.25
8118.0,-5.14
8119.0,-5.32
8120.0,-5.18
8121.0,-5.41
8122.0,-5.16
8123.0,-5.920000000000001
8124.0,-5.3
8125.0,-5.430000000000001
8126.0,-5.07
8127.0,-5.09
8128.0,-5.03
8129.0,-5.03
8130.0,-5.800000000000001
8131.0,-5.04
8132.0,-5.1
8133.0,-5.04
8134.0,-5.08
8135.0,-5.32
8136.0,-5.02
8137.0,-5.54
8138.0,-5.65
8139.0,-5.2
8140.0,-5.01
8141.0,-5.65
8142.0,-5.46
8143.0,-5.1
8144.0,-5.51
8145.0,-5.12
8146.0,-5.4
8147.0,-5.67
8148.0,-5.69
8149.0,-5.02
8150.0,-5.37
8151.0,-5.01
8152.0,-5.04
8153.0,-5.390000000000001
8154.0,-5.02
8155.0,-5.04
8156.0,-5.12
8157.0,-5.05
8158.0,-5.24
8159.0,-5.1
8160.0,-5.2
8161.0,-5.17
8162.0,-5.04
8163.0,-5.32
8164.0,-5.02
8165.0,-5.02
8166.0,-5.15
8167.0,-5.05
8168.0,-5.48
8169.0,-5.2
8170.0,-5.44
8171.0,-5.44
8172.0,-5.59
8173.0,-5.11
8174.0,-5.54
8175.0,-5.13
8176.0,-5.11
8177.0,-5.12
8178.0,-5.08
8179.0,-5.02
8180.0,-5.42
8181.0,-5.32
8182.0,-5.19
8183.0,-5.14
8184.0,-5.07
8185.0,-5.24
8186.0,-5.05
8187.0,-5.75
8188.0,-5.5200000000000005
8189.0,-5.53
8190.0,-5.54
8191.0,-5.01
8192.0,-5.32
8193.0,-5.02
8194.0,-5.33
8195.0,-5.07
8196.0,-5.19
8197.0,-5.24
8198.0,-5.06
8199.0,-5.02
8200.0,-5.06
8201.0,-5.41
8202.0,-5.46
8203.0,-5.16
8204.0,-5.65
8205.0,-5.02
8206.0,-5.05
8207.0,-5.710000000000001
8208.0,-5.03
8209.0,-5.12
8210.0,-5.18
8211.0,-5.1
8212.0,-5.24
8213.0,-5.5200000000000005
8214.0,-5.01
8215.0,-5.06
8216.0,-5.41
8217.0,-5.37
8218.0,-5.3500000000000005
8219.0,-5.14
8220.0,-5.680000000000001
8221.0,-5.03
8222.0,-5.83
8223.0,-5.07
8224.0,-5.5
8225.0,-5.29
8226.0,-5.6000000000000005
8227.0,-5.29
8228.0,-5.3500000000000005
8229.0,-5.2
8230.0,-5.16
8231.0,-5.16
8232.0,-5.03
8233.0,-5.3100000000000005
8234.0,-5.28
8235.0,-5.04
8236.0,-5.48
8237.0,-5.15
8238.0,-5.06
8239.0,-5.02
8240.0,-5.720000000000001
8241.0,-5.04
8242.0,-5.08
8243.0,-5.06
8244.0,-5.37
8245.0,-5.14
8246.0,-5.18
8247.0,-5.24
8248.0,-5.16
8249.0,-5.18
8250.0,-5.04
8251.0,-5.38
8252.0,-5.14
8253.0,-5.83
8254.0,-5.07
8255.0,-5.03
8256.0,-5.07
8257.0,-5.07
8258.0,-5.26
8259.0,-5.1
8260.0,-5.04
8261.0,-5.05
8262.0,-5.04
8263.0,-5.05
8264.0,-5.48
8265.0,-5.22
8266.0,-5.07
8267.0,-5.37
8268.0,-5.42
8269.0,-5.03
8270.0,-5.04
8271.0,-5.02
8272.0,-5.1
8273.0,-5.16
8274.0,-5.06
8275.0,-5.04
8276.0,-5.24
8277.0,-5.46
8278.0,-5.08
8279.0,-5.12
8280.0,-5.03
8281.0,-5.02
8282.0,-5.03
8283.0,-5.24
8284.0,-5.01
8285.0,-5.03
8286.0,-5.48
8287.0,-5.01
8288.0,-5.06
8289.0,-5.48
8290.0,-5.75
8291.0,-5.06
8292.0,-5.390000000000001
8293.0,-5.05
8294.0,-5.17
8295.0,-5.800000000000001
8296.0,-5.14
8297.0,-5.08
8298.0,-5.22
8299.0,-5.17
8300.0,-5.12
8301.0,-5.640000000000001
8302.0,-5.430000000000001
8303.0,-5.3
8304.0,-5.34
8305.0,-5.02
8306.0,-5.05
8307.0,-5.23
8308.0,-5.5600000000000005
8309.0,-5.07
8310.0,-5.870000000000001
8311.0,-5.01
8312.0,-5.02
8313.0,-5.07
8314.0,-5.07
8315.0,-5.430000000000001
8316.0,-5.38
8317.0,-5.13
8318.0,-5.04
8319.0,-5.06
8320.0,-5.25
8321.0,-5.03
8322.0,-5.53
8323.0,-5.03
8324.0,-5.02
8325.0,-5.06
8326.0,-5.67
8327.0,-5.01
8328.0,-5.48
8329.0,-5.59
8330.0,-5.1
8331.0,-5.23
8332.0,-5.07
8333.0,-5.45
8334.0,-5.36
8335.0,-5.06
8336.0,-5.23
8337.0,-5.22
8338.0,-5.01
8339.0,-5.05
8340.0,-5.18
8341.0,-5.12
8342.0,-5.3100000000000005
8343.0,-5.01
8344.0,-5.46
8345.0,-5.05
8346.0,-5.2700000000000005
8347.0,-5.710000000000001
8348.0,-5.03
8349.0,-5.26
8350.0,-5.08
8351.0,-5.33
8352.0,-5.05
8353.0,-5.04
8354.0,-5.02
8355.0,-5.06
8356.0,-5.2
8357.0,-5.04
8358.0,-5.51
8359.0,-5.16
8360.0,-5.11
8361.0,-5.02
8362.0,-5.22
8363.0,-5.470000000000001
8364.0,-5.21
8365.0,-5.12
8366.0,-5.1
8367.0,-5.05
8368.0,-5.640000000000001
8369.0,-5.06
8370.0,-5.37
8371.0,-5.28
8372.0,-5.17
8373.0,-5.25
8374.0,-5.07
8375.0,-5.09
8376.0,-5.11
8377.0,-5.29
8378.0,-5.21
8379.0,-5.03
8380.0,-5.710000000000001
8381.0,-5.390000000000001
8382.0,-5.45
8383.0,-5.16
8384.0,-5.04
8385.0,-5.3100000000000005
8386.0,-5.02
8387.0,-5.04
8388.0,-5.5600000000000005
8389.0,-5.19
8390.0,-5.06
8391.0,-5.4
8392.0,-5.44
8393.0,-5.08
8394.0,-5.05
8395.0,-5.550000000000001
8396.0,-5.37
8397.0,-5.03
8398.0,-5.04
8399.0,-5.06
8400.0,-5.26
8401.0,-5.430000000000001
8402.0,-5.3
8403.0,-5.42
8404.0,-5.28
8405.0,-5.66
8406.0,-5.04
8407.0,-5.430000000000001
8408.0,-5.03
8409.0,-5.06
8410.0,-5.4
8411.0,-5.640000000000001
8412.0,-5.5200000000000005
8413.0,-5.23
8414.0,-5.06
8415.0,-5.42
8416.0,-5.46
8417.0,-5.15
8418.0,-5.04
8419.0,-5.34
8420.0,-5.25
8421.0,-5.2700000000000005
8422.0,-5.2
8423.0,-5.03
8424.0,-5.33
8425.0,-5.04
8426.0,-5.02
8427.0,-5.05
8428.0,-5.13
8429.0,-5.3500000000000005
8430.0,-5.61
8431.0,-1.0000000000000007
8432.0,-5.02
8433.0,-5.38
8434.0,-5.3500000000000005
8435.0,-5.38
8436.0,-5.26
8437.0,-5.13
8438.0,-5.03
8439.0,-5.54
8440.0,-5.44
8441.0,-5.3100000000000005
8442.0,-5.32
8443.0,-5.07
8444.0,-5.07
8445.0,-5.03
8446.0,-5.02
8447.0,-5.790000000000001
8448.0,-5.26
8449.0,-5.32
8450.0,-5.09
8451.0,-5.28
8452.0,-5.08
8453.0,-5.3100000000000005
8454.0,-5.7700000000000005
8455.0,-5.33
8456.0,-5.37
8457.0,-5.12
8458.0,-5.08
8459.0,-5.430000000000001
8460.0,-5.14
8461.0,-5.01
8462.0,-5.44
8463.0,-5.49
8464.0,-5.01
8465.0,-5.41
8466.0,-5.28
8467.0,-5.11
8468.0,-5.02
8469.0,-5.04
8470.0,-5.03
8471.0,-5.51
8472.0,-5.01
8473.0,-5.07
8474.0,-5.550000000000001
8475.0,-5.390000000000001
8476.0,-5.07
8477.0,-5.42
8478.0,-5.470000000000001
8479.0,-5.13
8480.0,-5.23
8481.0,-5.03
8482.0,-5.74
8483.0,-5.23
8484.0,-5.550000000000001
8485.0,-5.21
8486.0,-5.38
8487.0,-1.0000000000000007
8488.0,-5.09
8489.0,-5.41
8490.0,-5.11
8491.0,-5.15
8492.0,-5.02
8493.0,-5.32
8494.0,-5.34
8495.0,-5.33
8496.0,-5.3500000000000005
8497.0,-5.32
8498.0,-5.07
8499.0,-5.430000000000001
8500.0,-5.890000000000001
8501.0,-5.06
8502.0,-5.5
8503.0,-5.05
8504.0,-5.02
8505.0,-5.5200000000000005
8506.0,-5.51
8507.0,-5.65
8508.0,-5.5200000000000005
8509.0,-5.01
8510.0,-5.1
8511.0,-5.2700000000000005
8512.0,-5.06
8513.0,-5.28
8514.0,-5.06
8515.0,-5.11
8516.0,-5.760000000000001
8517.0,-5.01
8518.0,-5.32
8519.0,-5.390000000000001
8520.0,-5.3100000000000005
8521.0,-5.24
8522.0,-5.62
8523.0,-5.37
8524.0,-5.07
8525.0,-5.4
8526.0,-5.48
8527.0,-5.04
8528.0,-5.48
8529.0,-5.4
8530.0,-5.470000000000001
8531.0,-5.640000000000001
8532.0,-5.48
8533.0,-5.01
8534.0,-5.08
8535.0,-5.04
8536.0,-5.08
8537.0,-5.46
8538.0,-5.33
8539.0,-5.02
8540.0,-5.17
8541.0,-5.22
8542.0,-5.02
8543.0,-5.03
8544.0,-5.62
8545.0,-5.19
8546.0,-5.05
8547.0,-5.49
8548.0,-5.17
8549.0,-5.24
8550.0,-5.03
8551.0,-5.29
8552.0,-5.02
8553.0,-5.3100000000000005
8554.0,-5.02
8555.0,-5.470000000000001
8556.0,-5.12
8557.0,-5.06
8558.0,-5.710000000000001
8559.0,-5.390000000000001
8560.0,-5.13
8561.0,-5.12
8562.0,-5.5600000000000005
8563.0,-5.5200000000000005
8564.0,-5.44
8565.0,-5.5
8566.0,-5.02
8567.0,-5.01
8568.0,-5.8100000000000005
8569.0,-5.48
8570.0,-5.16
8571.0,-5.13
8572.0,-5.14
8573.0,-5.2700000000000005
8574.0,-5.11
8575.0,-5.2700000000000005
8576.0,-5.03
8577.0,-5.51
8578.0,-5.41
8579.0,-5.04
8580.0,-5.03
8581.0,-5.36
8582.0,-5.04
8583.0,-5.42
8584.0,-5.3
8585.0,-5.36
8586.0,-5.58
8587.0,-5.03
8588.0,-5.01
8589.0,-5.7700000000000005
8590.0,-5.7
8591.0,-5.03
8592.0,-5.06
8593.0,-5.01
8594.0,-5.3100000000000005
8595.0,-5.02
8596.0,-5.09
8597.0,-5.09
8598.0,-5.59
8599.0,-5.23
8600.0,-5.01
8601.0,-5.11
8602.0,-5.390000000000001
8603.0,-5.07
8604.0,-5.4
8605.0,-5.01
8606.0,-5.06
8607.0,-5.06
8608.0,-5.45
8609.0,-5.51
8610.0,-5.06
8611.0,-5.710000000000001
8612.0,-5.82
8613.0,-5.16
8614.0,-5.21
8615.0,-5.05
8616.0,-5.3
8617.0,-5.41
8618.0,-5.36
8619.0,-5.48
8620.0,-5.51
8621.0,-5.08
8622.0,-5.25
8623.0,-5.61
8624.0,-5.03
8625.0,-5.42
8626.0,-5.03
8627.0,-5.17
8628.0,-5.06
8629.0,-5.02
8630.0,-5.28
8631.0,-5.41
8632.0,-5.25
8633.0,-5.14
8634.0,-5.430000000000001
8635.0,-5.05
8636.0,-5.01
8637.0,-5.13
8638.0,-5.430000000000001
8639.0,-5.03
8640.0,-5.06
8641.0,-5.48
8642.0,-5.06
8643.0,-5.06
8644.0,-5.08
8645.0,-5.21
8646.0,-5.06
8647.0,-5.390000000000001
8648.0,-5.11
8649.0,-5.66
8650.0,-5.18
8651.0,-5.26
8652.0,-5.02
8653.0,-5.07
8654.0,-5.08
8655.0,-5.07
8656.0,-5.38
8657.0,-5.16
8658.0,-5.41
8659.0,-5.02
8660.0,-5.5200000000000005
8661.0,-5.28
8662.0,-5.390000000000001
8663.0,-5.02
8664.0,-5.800000000000001
8665.0,-5.09
8666.0,-5.470000000000001
8667.0,-5.46
8668.0,-5.01
8669.0,-5.42
8670.0,-5.02
8671.0,-5.3500000000000005
8672.0,-5.07
8673.0,-5.08
8674.0,-5.33
8675.0,-5.21
8676.0,-5.02
8677.0,-5.3
8678.0,-5.3100000000000005
8679.0,-5.34
8680.0,-5.2700000000000005
8681.0,-5.36
8682.0,-5.02
8683.0,-5.06
8684.0,-5.36
8685.0,-5.19
8686.0,-5.05
8687.0,-5.36
8688.0,-5.09
8689.0,-5.69
8690.0,-5.49
8691.0,-5.65
8692.0,-5.840000000000001
8693.0,-5.07
8694.0,-5.4
8695.0,-5.45
8696.0,-5.06
8697.0,-5.29
8698.0,-5.25
8699.0,-5.32
8700.0,-5.02
8701.0,-5.18
8702.0,-5.2700000000000005
8703.0,-5.05
8704.0,-5.930000000000001
8705.0,-5.04
8706.0,-5.3100000000000005
8707.0,-5.21
8708.0,-5.42
8709.0,-5.21
8710.0,-5.3
8711.0,-5.09
8712.0,-5.05
8713.0,-5.04
8714.0,-5.36
8715.0,-5.46
8716.0,-5.08
8717.0,-5.1
8718.0,-5.12
8719.0,-5.37
8720.0,-5.5
8721.0,-5.08
8722.0,-5.3
8723.0,-5.630000000000001
8724.0,-5.08
8725.0,-5.28
8726.0,-5.09
8727.0,-5.5600000000000005
8728.0,-5.06
8729.0,-5.03
8730.0,-5.62
8731.0,-5.48
8732.0,-5.32
8733.0,-5.28
8734.0,-5.2700000000000005
8735.0,-5.12
8736.0,-5.24
8737.0,-5.53
8738.0,-5.05
8739.0,-5.36
8740.0,-5.1
8741.0,-5.51
8742.0,-5.02
8743.0,-5.36
8744.0,-1.0000000000000007
8745.0,-5.6000000000000005
8746.0,-5.01
8747.0,-5.07
8748.0,-5.36
8749.0,-5.57
8750.0,-5.5600000000000005
8751.0,-5.05
8752.0,-5.01
8753.0,-5.28
8754.0,-5.16
8755.0,-5.42
8756.0,-5.17
8757.0,-5.13
8758.0,-5.970000000000001
8759.0,-5.07
8760.0,-5.29
8761.0,-5.04
8762.0,-5.06
8763.0,-5.04
8764.0,-5.3500000000000005
8765.0,-5.07
8766.0,-5.98
8767.0,-5.33
8768.0,-5.01
8769.0,-5.67
8770.0,-5.3
8771.0,-5.5600000000000005
8772.0,-5.02
8773.0,-5.09
8774.0,-5.11
8775.0,-5.01
8776.0,-5.680000000000001
8777.0,-5.12
8778.0,-5.33
8779.0,-5.24
8780.0,-1.0000000000000007
8781.0,-5.5
8782.0,-5.1
8783.0,-5.33
8784.0,-5.07
8785.0,-5.36
8786.0,-5.25
8787.0,-5.390000000000001
8788.0,-5.3100000000000005
8789.0,-5.04
8790.0,-5.06
8791.0,-5.26
8792.0,-5.07
8793.0,-5.4
8794.0,-5.08
8795.0,-5.1
8796.0,-5.05
8797.0,-5.01
8798.0,-5.23
8799.0,-5.840000000000001
8800.0,-5.06
8801.0,-5.36
8802.0,-5.41
8803.0,-5.02
8804.0,-5.02
8805.0,-5.03
8806.0,-5.12
8807.0,-5.06
8808.0,-5.05
8809.0,-5.25
8810.0,-5.2
8811.0,-5.04
8812.0,-5.02
8813.0,-5.25
8814.0,-5.08
8815.0,-5.21
8816.0,-5.14
8817.0,-5.36
8818.0,-5.6000000000000005
8819.0,-5.470000000000001
8820.0,-5.26
8821.0,-5.06
8822.0,-5.25
8823.0,-5.3500000000000005
8824.0,-5.22
8825.0,-5.02
8826.0,-5.08
8827.0,-5.06
8828.0,-5.25
8829.0,-5.02
8830.0,-5.08
8831.0,-5.06
8832.0,-5.02
8833.0,-5.46
8834.0,-5.08
8835.0,-5.03
8836.0,-5.08
8837.0,-5.03
8838.0,-5.11
8839.0,-5.03
8840.0,-5.02
8841.0,-5.38
8842.0,-5.06
8843.0,-5.3100000000000005
8844.0,-5.630000000000001
8845.0,-5.4
8846.0,-5.2
8847.0,-5.07
8848.0,-5.94
8849.0,-5.34
8850.0,-5.08
8851.0,-5.02
8852.0,-5.06
8853.0,-5.4
8854.0,-5.06
8855.0,-5.5
8856.0,-5.04
8857.0,-5.36
8858.0,-5.16
8859.0,-5.01
8860.0,-5.05
8861.0,-5.01
8862.0,-5.08
8863.0,-5.05
8864.0,-5.06
8865.0,-5.01
8866.0,-5.03
8867.0,-5.24
8868.0,-5.05
8869.0,-5.06
8870.0,-5.18
8871.0,-5.37
8872.0,-5.06
8873.0,-5.720000000000001
8874.0,-5.02
8875.0,-5.24
8876.0,-5.04
8877.0,-5.14
8878.0,-5.24
8879.0,-5.07
8880.0,-5.3100000000000005
8881.0,-5.430000000000001
8882.0,-5.2
8883.0,-5.5600000000000005
8884.0,-5.32
8885.0,-5.12
8886.0,-1.0000000000000007
8887.0,-5.03
8888.0,-5.3
8889.0,-5.04
8890.0,-5.2700000000000005
8891.0,-5.54
8892.0,-5.25
8893.0,-5.05
8894.0,-5.98
8895.0,-5.7
8896.0,-5.61
8897.0,-5.21
8898.0,-5.32
8899.0,-5.08
8900.0,-5.13
8901.0,-5.34
8902.0,-5.02
8903.0,-5.6000000000000005
8904.0,-5.06
8905.0,-5.09
8906.0,-5.28
8907.0,-5.09
8908.0,-5.51
8909.0,-5.04
8910.0,-5.25
8911.0,-5.16
8912.0,-5.34
8913.0,-5.05
8914.0,-5.13
8915.0,-5.08
8916.0,-5.14
8917.0,-5.02
8918.0,-5.03
8919.0,-5.12
8920.0,-5.03
8921.0,-5.14
8922.0,-5.02
8923.0,-5.08
8924.0,-5.12
8925.0,-5.09
8926.0,-5.34
8927.0,-5.83
8928.0,-5.3500000000000005
8929.0,-5.08
8930.0,-5.23
8931.0,-5.23
8932.0,-5.23
8933.0,-5.04
8934.0,-5.3500000000000005
8935.0,-5.640000000000001
8936.0,-5.45
8937.0,-5.02
8938.0,-5.01
8939.0,-5.18
8940.0,-5.37
8941.0,-5.04
8942.0,-5.26
8943.0,-5.06
8944.0,-5.33
8945.0,-5.23
8946.0,-5.44
8947.0,-5.3
8948.0,-5.02
8949.0,-5.430000000000001
8950.0,-5.04
8951.0,-5.23
8952.0,-5.41
8953.0,-5.3
8954.0,-5.04
8955.0,-5.3500000000000005
8956.0,-5.430000000000001
8957.0,-5.62
8958.0,-5.01
8959.0,-5.02
8960.0,-5.09
8961.0,-5.24
8962.0,-5.06
8963.0,-5.44
8964.0,-5.09
8965.0,-5.45
8966.0,-5.5600000000000005
8967.0,-5.45
8968.0,-5.01
8969.0,-5.8500000000000005
8970.0,-5.53
8971.0,-5.3500000000000005
8972.0,-5.11
8973.0,-5.38
8974.0,-5.04
8975.0,-5.23
8976.0,-5.03
8977.0,-5.53
8978.0,-5.08
8979.0,-5.01
8980.0,-5.08
8981.0,-5.23
8982.0,-5.44
8983.0,-5.61
8984.0,-5.33
8985.0,-5.83
8986.0,-5.02
8987.0,-5.34
8988.0,-5.12
8989.0,-5.09
8990.0,-5.04
8991.0,-5.17
8992.0,-5.98
8993.0,-5.28
8994.0,-5.33
8995.0,-5.11
8996.0,-5.28
8997.0,-5.07
8998.0,-5.34
8999.0,-5.26
9000.0,-5.5200000000000005
9001.0,-5.02
9002.0,-5.19
9003.0,-5.33
9004.0,-5.24
9005.0,-5.41
9006.0,-5.09
9007.0,-5.28
9008.0,-5.1
9009.0,-5.07
9010.0,-5.17
9011.0,-5.2700000000000005
9012.0,-5.37
9013.0,-5.19
9014.0,-5.37
9015.0,-5.03
9016.0,-5.14
9017.0,-5.33
9018.0,-5.04
9019.0,-5.34
9020.0,-5.17
9021.0,-5.01
9022.0,-5.03
9023.0,-5.03
9024.0,-5.11
9025.0,-1.0000000000000007
9026.0,-5.23
9027.0,-5.12
9028.0,-5.01
9029.0,-5.09
9030.0,-5.550000000000001
9031.0,-5.13
9032.0,-5.53
9033.0,-5.49
9034.0,-5.11
9035.0,-5.11
9036.0,-5.22
9037.0,-5.3
9038.0,-5.23
9039.0,-5.07
9040.0,-5.04
9041.0,-5.2700000000000005
9042.0,-5.66
9043.0,-5.33
9044.0,-5.59
9045.0,-5.5200000000000005
9046.0,-5.29
9047.0,-5.4
9048.0,-5.08
9049.0,-5.48
9050.0,-5.41
9051.0,-5.06
9052.0,-5.69
9053.0,-5.26
9054.0,-5.54
9055.0,-5.05
9056.0,-5.02
9057.0,-5.01
9058.0,-5.38
9059.0,-5.05
9060.0,-5.44
9061.0,-5.3100000000000005
9062.0,-5.17
9063.0,-5.01
9064.0,-5.03
9065.0,-5.04
9066.0,-5.15
9067.0,-5.45
9068.0,-5.04
9069.0,-5.32
9070.0,-5.3
9071.0,-5.08
9072.0,-5.15
9073.0,-5.09
9074.0,-5.02
9075.0,-5.65
9076.0,-5.09
9077.0,-5.03
9078.0,-5.01
9079.0,-5.29
9080.0,-5.08
9081.0,-5.06
9082.0,-5.08
9083.0,-5.24
9084.0,-5.01
9085.0,-5.36
9086.0,-5.4
9087.0,-5.07
9088.0,-5.32
9089.0,-5.8100000000000005
9090.0,-5.23
9091.0,-5.37
9092.0,-5.08
9093.0,-5.2
9094.0,-5.06
9095.0,-5.03
9096.0,-5.07
9097.0,-5.17
9098.0,-5.16
9099.0,-5.26
9100.0,-5.01
9101.0,-5.34
9102.0,-5.12
9103.0,-5.13
9104.0,-5.470000000000001
9105.0,-5.02
9106.0,-5.5
9107.0,-5.04
9108.0,-5.13
9109.0,-5.36
9110.0,-5.08
9111.0,-5.57
9112.0,-5.630000000000001
9113.0,-5.05
9114.0,-5.42
9115.0,-5.05
9116.0,-5.03
9117.0,-5.02
9118.0,-5.08
9119.0,-5.23
9120.0,-5.02
9121.0,-5.550000000000001
9122.0,-5.28
9123.0,-5.11
9124.0,-5.02
9125.0,-5.54
9126.0,-5.02
9127.0,-5.02
9128.0,-5.74
9129.0,-5.13
9130.0,-5.12
9131.0,-5.01
9132.0,-5.04
9133.0,-5.02
9134.0,-5.710000000000001
9135.0,-5.18
9136.0,-5.14
9137.0,-5.23
9138.0,-5.25
9139.0,-5.05
9140.0,-5.3
9141.0,-5.34
9142.0,-5.19
9143.0,-5.01
9144.0,-5.37
9145.0,-5.470000000000001
9146.0,-5.2700000000000005
9147.0,-5.45
9148.0,-5.02
9149.0,-5.54
9150.0,-5.24
9151.0,-5.08
9152.0,-5.25
9153.0,-5.66
9154.0,-5.38
9155.0,-5.4
9156.0,-5.36
9157.0,-5.62
9158.0,-5.3
9159.0,-5.36
9160.0,-5.59
9161.0,-5.01
9162.0,-5.54
9163.0,-5.21
9164.0,-5.26
9165.0,-5.83
9166.0,-5.38
9167.0,-5.03
9168.0,-5.16
9169.0,-5.06
9170.0,-5.02
9171.0,-5.17
9172.0,-5.390000000000001
9173.0,-5.02
9174.0,-5.4
9175.0,-5.06
9176.0,-5.01
9177.0,-5.67
9178.0,-5.28
9179.0,-5.04
9180.0,-5.12
9181.0,-5.03
9182.0,-5.4
9183.0,-5.05
9184.0,-5.57
9185.0,-5.37
9186.0,-5.06
9187.0,-5.26
9188.0,-5.05
9189.0,-5.03
9190.0,-5.26
9191.0,-5.03
9192.0,-5.48
9193.0,-5.62
9194.0,-5.04
9195.0,-5.06
9196.0,-5.15
9197.0,-5.03
9198.0,-5.05
9199.0,-5.1
9200.0,-5.03
9201.0,-5.02
9202.0,-5.1
9203.0,-5.65
9204.0,-5.05
9205.0,-5.32
9206.0,-5.03
9207.0,-5.46
9208.0,-5.01
9209.0,-5.23
9210.0,-5.01
9211.0,-5.28
9212.0,-5.03
9213.0,-5.29
9214.0,-5.5600000000000005
9215.0,-5.23
9216.0,-5.32
9217.0,-5.3500000000000005
9218.0,-5.3
9219.0,-5.36
9220.0,-5.18
9221.0,-5.3100000000000005
9222.0,-5.25
9223.0,-5.430000000000001
9224.0,-5.430000000000001
9225.0,-5.15
9226.0,-5.07
9227.0,-5.06
9228.0,-5.24
9229.0,-5.58
9230.0,-5.04
9231.0,-5.04
9232.0,-5.15
9233.0,-5.3
9234.0,-5.390000000000001
9235.0,-5.46
9236.0,-5.04
9237.0,-5.05
9238.0,-5.5200000000000005
9239.0,-5.05
9240.0,-5.24
9241.0,-5.01
9242.0,-5.24
9243.0,-5.29
9244.0,-5.390000000000001
9245.0,-5.06
9246.0,-5.58
9247.0,-5.3500000000000005
9248.0,-5.13
9249.0,-5.61
9250.0,-5.45
9251.0,-5.04
9252.0,-5.01
9253.0,-5.11
9254.0,-5.04
9255.0,-5.3500000000000005
9256.0,-5.03
9257.0,-5.13
9258.0,-5.2
9259.0,-5.05
9260.0,-5.3100000000000005
9261.0,-5.05
9262.0,-5.03
9263.0,-5.16
9264.0,-5.3100000000000005
9265.0,-5.37
9266.0,-5.11
9267.0,-5.05
9268.0,-5.3500000000000005
9269.0,-5.680000000000001
9270.0,-5.29
9271.0,-5.04
9272.0,-5.01
9273.0,-5.29
9274.0,-5.06
9275.0,-5.13
9276.0,-5.3100000000000005
9277.0,-5.99
9278.0,-5.18
9279.0,-5.6000000000000005
9280.0,-5.57
9281.0,-5.760000000000001
9282.0,-1.0000000000000007
9283.0,-5.38
9284.0,-5.03
9285.0,-5.920000000000001
9286.0,-5.29
9287.0,-5.890000000000001
9288.0,-5.13
9289.0,-5.11
9290.0,-1.0000000000000007
9291.0,-5.5
9292.0,-5.1
9293.0,-5.2700000000000005
9294.0,-5.54
9295.0,-5.2700000000000005
9296.0,-5.22
9297.0,-5.4
9298.0,-5.01
9299.0,-5.470000000000001
9300.0,-5.28
9301.0,-5.01
9302.0,-5.02
9303.0,-5.48
9304.0,-5.1
9305.0,-5.13
9306.0,-5.21
9307.0,-5.11
9308.0,-5.08
9309.0,-5.3100000000000005
9310.0,-5.32
9311.0,-5.37
9312.0,-5.07
9313.0,-5.25
9314.0,-5.25
9315.0,-5.2700000000000005
9316.0,-1.0000000000000007
9317.0,-5.17
9318.0,-5.1
9319.0,-5.1
9320.0,-5.28
9321.0,-5.21
9322.0,-5.01
9323.0,-5.02
9324.0,-5.28
9325.0,-5.23
9326.0,-5.04
9327.0,-5.22
9328.0,-5.04
9329.0,-5.05
9330.0,-5.51
9331.0,-5.550000000000001
9332.0,-5.03
9333.0,-5.42
9334.0,-5.390000000000001
9335.0,-5.15
9336.0,-5.45
9337.0,-5.01
9338.0,-5.21
9339.0,-5.37
9340.0,-5.04
9341.0,-5.65
9342.0,-5.13
9343.0,-5.45
9344.0,-5.14
9345.0,-5.04
9346.0,-5.42
9347.0,-5.19
9348.0,-5.19
9349.0,-5.01
9350.0,-5.5200000000000005
9351.0,-5.01
9352.0,-5.04
9353.0,-5.22
9354.0,-5.06
9355.0,-5.01
9356.0,-5.04
9357.0,-5.29
9358.0,-5.38
9359.0,-5.470000000000001
9360.0,-5.1
9361.0,-5.86
9362.0,4.069999999999999
9363.0,-5.02
9364.0,-5.2700000000000005
9365.0,-5.17
9366.0,-5.3500000000000005
9367.0,-5.04
9368.0,-5.05
9369.0,-5.26
9370.0,-5.04
9371.0,-5.25
9372.0,-5.45
9373.0,-5.04
9374.0,-5.24
9375.0,-5.3
9376.0,-5.36
9377.0,-5.2
9378.0,-5.04
9379.0,-5.57
9380.0,-5.05
9381.0,-5.44
9382.0,-5.390000000000001
9383.0,-5.28
9384.0,-5.06
9385.0,-5.22
9386.0,-5.2
9387.0,-5.2700000000000005
9388.0,-5.44
9389.0,-5.07
9390.0,-5.05
9391.0,-5.23
9392.0,-5.45
9393.0,-5.06
9394.0,-5.11
9395.0,-5.18
9396.0,-5.04
9397.0,-5.66
9398.0,-1.0000000000000007
9399.0,-1.0000000000000007
9400.0,-5.01
9401.0,-5.15
9402.0,-5.13
9403.0,-5.36
9404.0,-5.4
9405.0,-5.23
9406.0,-5.48
9407.0,-5.53
9408.0,-5.26
9409.0,-5.03
9410.0,-5.12
9411.0,-5.74
9412.0,-5.02
9413.0,-5.21
9414.0,-5.3500000000000005
9415.0,-5.05
9416.0,-5.09
9417.0,-5.4
9418.0,-5.02
9419.0,-5.4
9420.0,-5.2
9421.0,-5.28
9422.0,-5.5200000000000005
9423.0,-5.26
9424.0,-5.03
9425.0,-5.23
9426.0,-5.41
9427.0,-5.45
9428.0,-5.48
9429.0,-5.02
9430.0,-5.18
9431.0,-5.28
9432.0,-5.24
9433.0,-5.04
9434.0,-5.13
9435.0,-5.11
9436.0,-5.03
9437.0,-5.3100000000000005
9438.0,-5.04
9439.0,-5.34
9440.0,-5.06
9441.0,-5.21
9442.0,-5.01
9443.0,-5.18
9444.0,-5.23
9445.0,-5.07
9446.0,-5.57
9447.0,-5.42
9448.0,-5.5
9449.0,-5.32
9450.0,-5.01
9451.0,-5.01
9452.0,-5.66
9453.0,-5.5600000000000005
9454.0,-5.08
9455.0,-5.5600000000000005
9456.0,-5.49
9457.0,-5.05
9458.0,-5.24
9459.0,-5.03
9460.0,-5.54
9461.0,-5.34
9462.0,-5.34
9463.0,-5.19
9464.0,-5.41
9465.0,-5.48
9466.0,-5.15
9467.0,-5.790000000000001
9468.0,-5.32
9469.0,-5.01
9470.0,-5.01
9471.0,-5.12
9472.0,-5.05
9473.0,-5.65
9474.0,-5.470000000000001
9475.0,-5.59
9476.0,-5.22
9477.0,-5.3
9478.0,-5.22
9479.0,-5.02
9480.0,-5.8500000000000005
9481.0,-5.22
9482.0,-5.890000000000001
9483.0,-5.09
9484.0,-5.18
9485.0,-5.840000000000001
9486.0,-5.21
9487.0,-5.26
9488.0,-5.3
9489.0,-5.11
9490.0,-5.69
9491.0,-5.23
9492.0,-5.07
9493.0,-5.1
9494.0,-5.29
9495.0,-5.42
9496.0,-5.45
9497.0,-5.01
9498.0,-5.02
9499.0,-5.08
9500.0,-5.760000000000001
9501.0,-5.29
9502.0,-5.5200000000000005
9503.0,-5.07
9504.0,-5.02
9505.0,-5.4
9506.0,-5.62
9507.0,-5.05
9508.0,-5.4
9509.0,-5.26
9510.0,-5.2
9511.0,-5.01
9512.0,-5.550000000000001
9513.0,-5.58
9514.0,-5.24
9515.0,-5.01
9516.0,-5.01
9517.0,-5.03
9518.0,-1.0000000000000007
9519.0,-5.28
9520.0,-5.01
9521.0,-5.02
9522.0,-5.4
9523.0,-5.4
9524.0,-5.03
9525.0,-5.04
9526.0,-5.2
9527.0,-5.02
9528.0,-5.550000000000001
9529.0,-5.12
9530.0,-5.05
9531.0,-5.02
9532.0,-5.02
9533.0,-5.45
9534.0,-5.03
9535.0,-5.38
9536.0,-5.1
9537.0,-5.04
9538.0,-5.2
9539.0,-5.3100000000000005
9540.0,-5.06
9541.0,-5.06
9542.0,-5.02
9543.0,-5.29
9544.0,-5.33
9545.0,-5.29
9546.0,-5.07
9547.0,-5.03
9548.0,-5.390000000000001
9549.0,-5.04
9550.0,-5.470000000000001
9551.0,-5.32
9552.0,-5.04
9553.0,-5.58
9554.0,-5.06
9555.0,-5.17
9556.0,-5.34
9557.0,-5.28
9558.0,-5.45
9559.0,-5.4
9560.0,-5.03
9561.0,-5.45
9562.0,-5.02
9563.0,-5.01
9564.0,-5.3100000000000005
9565.0,-5.58
9566.0,-5.26
9567.0,-5.41
9568.0,-5.12
9569.0,-5.29
9570.0,-5.08
9571.0,-5.34
9572.0,-5.04
9573.0,-5.930000000000001
9574.0,-5.05
9575.0,-5.48
9576.0,-5.33
9577.0,-5.390000000000001
9578.0,-5.04
9579.0,-5.32
9580.0,-5.03
9581.0,-5.11
9582.0,-5.720000000000001
9583.0,-5.18
9584.0,-5.3500000000000005
9585.0,-5.04
9586.0,-5.48
9587.0,-5.430000000000001
9588.0,-5.04
9589.0,-5.05
9590.0,-5.15
9591.0,-5.14
9592.0,-5.11
9593.0,-5.57
9594.0,-5.18
9595.0,-5.06
9596.0,-5.3500000000000005
9597.0,-5.05
9598.0,-5.05
9599.0,-5.51
9600.0,-1.0000000000000007
9601.0,-5.05
9602.0,-5.15
9603.0,-5.09
9604.0,-5.16
9605.0,-5.550000000000001
9606.0,-5.37
9607.0,-5.2700000000000005
9608.0,-5.08
9609.0,-5.3100000000000005
9610.0,-5.45
9611.0,-5.550000000000001
9612.0,-5.01
9613.0,-5.37
9614.0,-5.69
9615.0,-5.2
9616.0,-5.5600000000000005
9617.0,-5.02
9618.0,-5.12
9619.0,-5.02
9620.0,-5.36
9621.0,-5.44
9622.0,-5.01
9623.0,-5.06
9624.0,-5.11
9625.0,-5.14
9626.0,-5.04
9627.0,-5.4
9628.0,-5.6000000000000005
9629.0,-5.08
9630.0,-5.02
9631.0,-5.07
9632.0,-5.03
9633.0,-5.05
9634.0,-5.3100000000000005
9635.0,-5.06
9636.0,-5.06
9637.0,-5.29
9638.0,-5.02
9639.0,-5.49
9640.0,-5.03
9641.0,-5.65
9642.0,-5.390000000000001
9643.0,-5.08
9644.0,-5.12
9645.0,-5.01
9646.0,-5.53
9647.0,-5.54
9648.0,-5.36
9649.0,-5.11
9650.0,-5.11
9651.0,-5.960000000000001
9652.0,-5.3100000000000005
9653.0,-5.06
9654.0,-5.12
9655.0,-5.06
9656.0,-5.03
9657.0,-5.08
9658.0,-5.04
9659.0,-5.3
9660.0,-5.04
9661.0,-5.2700000000000005
9662.0,-5.37
9663.0,-5.03
9664.0,-5.08
9665.0,-5.14
9666.0,-5.62
9667.0,-5.5
9668.0,-5.32
9669.0,-5.09
9670.0,-5.07
9671.0,-5.23
9672.0,-5.3
9673.0,-5.04
9674.0,-5.04
9675.0,-5.41
9676.0,-5.03
9677.0,-5.01
9678.0,-5.01
9679.0,-5.6000000000000005
9680.0,-5.13
9681.0,-5.470000000000001
9682.0,-5.22
9683.0,-5.21
9684.0,-5.03
9685.0,-5.3100000000000005
9686.0,-5.29
9687.0,-5.390000000000001
9688.0,-5.01
9689.0,-5.46
9690.0,-5.38
9691.0,-5.640000000000001
9692.0,-5.11
9693.0,-5.38
9694.0,-5.6000000000000005
9695.0,-5.06
9696.0,-5.04
9697.0,-5.09
9698.0,-5.34
9699.0,-5.5
9700.0,-5.04
9701.0,-5.06
9702.0,-5.02
9703.0,-5.390000000000001
9704.0,-5.3100000000000005
9705.0,-5.04
9706.0,-5.28
9707.0,-5.03
9708.0,-5.02
9709.0,-5.07
9710.0,-5.22
9711.0,-5.710000000000001
9712.0,4.029999999999999
9713.0,-5.470000000000001
9714.0,-5.02
9715.0,-5.790000000000001
9716.0,-5.430000000000001
9717.0,-5.54
9718.0,-5.11
9719.0,-5.06
9720.0,-5.3100000000000005
9721.0,-5.46
9722.0,-5.03
9723.0,-5.13
9724.0,-5.23
9725.0,-5.03
9726.0,-5.14
9727.0,-5.02
9728.0,-5.19
9729.0,-5.02
9730.0,-5.04
9731.0,-5.49
9732.0,-5.22
9733.0,-5.07
9734.0,-5.06
9735.0,-5.45
9736.0,-5.17
9737.0,-5.14
9738.0,-5.630000000000001
9739.0,-5.4
9740.0,-5.41
9741.0,-5.48
9742.0,-5.38
9743.0,-5.3
9744.0,-5.02
9745.0,-5.62
9746.0,-5.13
9747.0,-5.3500000000000005
9748.0,-5.45
9749.0,-5.12
9750.0,-5.13
9751.0,-5.2
9752.0,-5.3100000000000005
9753.0,-5.04
9754.0,-5.15
9755.0,-5.870000000000001
9756.0,-5.680000000000001
9757.0,-5.2
9758.0,-5.550000000000001
9759.0,-5.05
9760.0,-5.1
9761.0,-5.09
9762.0,-5.02
9763.0,-5.45
9764.0,-5.920000000000001
9765.0,-5.91
9766.0,-5.02
9767.0,-5.41
9768.0,-5.94
9769.0,-5.02
9770.0,-5.37
9771.0,-5.82
9772.0,-5.29
9773.0,-5.05
9774.0,-5.36
9775.0,-5.49
9776.0,-5.2700000000000005
9777.0,-5.430000000000001
9778.0,-5.03
9779.0,-5.03
9780.0,-5.38
9781.0,-5.51
9782.0,-5.58
9783.0,-5.3100000000000005
9784.0,-5.04
9785.0,-5.03
9786.0,-5.24
9787.0,-5.29
9788.0,-5.3
9789.0,-5.62
9790.0,-5.3100000000000005
9791.0,-5.37
9792.0,-5.17
9793.0,-5.11
9794.0,-5.08
9795.0,-5.09
9796.0,-5.23
9797.0,-5.18
9798.0,-5.14
9799.0,-5.19
9800.0,-5.3100000000000005
9801.0,4.25
9802.0,-5.01
9803.0,-5.15
9804.0,-5.23
9805.0,-1.0000000000000007
9806.0,-5.470000000000001
9807.0,-5.08
9808.0,-5.34
9809.0,-5.49
9810.0,-5.18
9811.0,-5.24
9812.0,-5.08
9813.0,-5.54
9814.0,-5.3100000000000005
9815.0,-5.03
9816.0,-5.08
9817.0,-5.06
9818.0,-5.21
9819.0,-5.11
9820.0,-5.390000000000001
9821.0,-5.44
9822.0,-5.04
9823.0,-5.03
9824.0,-5.28
9825.0,-5.08
9826.0,-5.19
9827.0,-5.19
9828.0,-5.01
9829.0,-5.430000000000001
9830.0,-5.44
9831.0,-5.890000000000001
9832.0,-5.59
9833.0,-5.21
9834.0,-5.65
9835.0,-5.05
9836.0,-5.21
9837.0,-5.24
9838.0,-1.0000000000000007
9839.0,-5.01
9840.0,-5.06
9841.0,-5.3100000000000005
9842.0,-5.32
9843.0,-5.630000000000001
9844.0,-5.73
9845.0,-5.04
9846.0,-5.3500000000000005
9847.0,-5.3
9848.0,-5.61
9849.0,-5.5
9850.0,-5.41
9851.0,-5.45
9852.0,-5.28
9853.0,-5.06
9854.0,-5.57
9855.0,-5.44
9856.0,-5.13
9857.0,-5.25
9858.0,-5.5200000000000005
9859.0,-5.26
9860.0,-5.07
9861.0,-5.62
9862.0,-5.01
9863.0,-5.09
9864.0,-5.51
9865.0,-5.680000000000001
9866.0,-5.05
9867.0,-5.01
9868.0,-5.03
9869.0,-5.33
9870.0,-5.32
9871.0,-5.02
9872.0,-5.44
9873.0,-5.25
9874.0,-5.25
9875.0,-5.3100000000000005
9876.0,-5.13
9877.0,-5.21
9878.0,-5.06
9879.0,-5.03
9880.0,-5.28
9881.0,-5.2700000000000005
9882.0,-5.13
9883.0,-5.19
9884.0,-5.06
9885.0,-5.7700000000000005
9886.0,-5.3500000000000005
9887.0,-5.29
9888.0,-5.44
9889.0,-5.22
9890.0,-5.36
9891.0,-5.22
9892.0,-5.11
9893.0,-5.34
9894.0,-5.03
9895.0,-5.05
9896.0,-5.59
9897.0,-5.03
9898.0,-5.5600000000000005
9899.0,-5.18
9900.0,-5.2
9901.0,-5.01
9902.0,-5.29
9903.0,-5.59
9904.0,-5.01
9905.0,-5.04
9906.0,-5.49
9907.0,-5.13
9908.0,-5.26
9909.0,-5.12
9910.0,-5.02
9911.0,-5.21
9912.0,-5.22
9913.0,-5.3500000000000005
9914.0,-5.26
9915.0,-5.05
9916.0,-5.01
9917.0,-5.34
9918.0,-5.3
9919.0,-5.2
9920.0,-5.02
9921.0,-5.36
9922.0,-5.3500000000000005
9923.0,-5.21
9924.0,-5.05
9925.0,-5.2700000000000005
9926.0,-5.02
9927.0,-5.2700000000000005
9928.0,-5.04
9929.0,-5.14
9930.0,-5.1
9931.0,-5.05
9932.0,-5.02
9933.0,-5.01
9934.0,-5.23
9935.0,-5.470000000000001
9936.0,-1.0000000000000007
9937.0,-5.07
9938.0,-5.13
9939.0,-5.69
9940.0,-5.1
9941.0,-5.04
9942.0,-5.630000000000001
9943.0,-5.28
9944.0,-5.06
9945.0,-5.3500000000000005
9946.0,-5.22
9947.0,-5.12
9948.0,-5.29
9949.0,-5.01
9950.0,-5.17
9951.0,-5.06
9952.0,-5.01
9953.0,-5.03
9954.0,-5.01
9955.0,-5.07
9956.0,-5.37
9957.0,-5.04
9958.0,-5.11
9959.0,-5.03
9960.0,-5.02
9961.0,-5.01
9962.0,-5.3
9963.0,-5.03
9964.0,-5.19
9965.0,-5.07
9966.0,-5.26
9967.0,-5.28
9968.0,-5.38
9969.0,-5.38
9970.0,-5.34
9971.0,-5.42
9972.0,-5.42
9973.0,-5.32
9974.0,-5.03
9975.0,-5.430000000000001
9976.0,-5.03
9977.0,-5.21
9978.0,-5.2700000000000005
9979.0,-5.430000000000001
9980.0,-5.550000000000001
9981.0,-5.15
9982.0,-5.44
9983.0,-5.25
9984.0,-5.01
9985.0,-5.03
9986.0,-5.06
9987.0,-5.04
9988.0,-5.02
9989.0,-5.02
9990.0,-5.04
9991.0,-5.04
9992.0,-5.880000000000001
9993.0,-5.02
9994.0,-5.46
9995.0,-5.01
9996.0,-5.51
9997.0,-5.02
9998.0,-5.3100000000000005
9999.0,-5.04
10000.0,-5.26
10001.0,-5.61
10002.0,-5.15
10003.0,-5.03
10004.0,-5.28
10005.0,-5.53
10006.0,-5.48
10007.0,-5.2700000000000005
10008.0,-5.02
10009.0,-5.08
10010.0,-5.09
10011.0,-5.03
10012.0,-5.02
10013.0,-5.680000000000001
10014.0,-5.57
10015.0,-5.15
10016.0,-5.45
10017.0,-5.26
10018.0,-5.04
10019.0,-5.2
10020.0,-5.02
10021.0,-5.09
10022.0,-5.550000000000001
10023.0,-5.15
10024.0,-5.01
10025.0,-5.02
10026.0,-5.03
10027.0,-5.3500000000000005
10028.0,-5.32
10029.0,-5.23
10030.0,-5.05
10031.0,-5.08
10032.0,-5.07
10033.0,-5.1
10034.0,-5.67
10035.0,-5.07
10036.0,-5.01
10037.0,-5.870000000000001
10038.0,-5.02
10039.0,-5.01
10040.0,-5.01
10041.0,-5.51
10042.0,-5.33
10043.0,-5.02
10044.0,-5.05
10045.0,-5.57
10046.0,-5.21
10047.0,-5.42
10048.0,-5.32
10049.0,-5.42
10050.0,-5.18
10051.0,-5.06
10052.0,-5.44
10053.0,-5.07
10054.0,-5.91
10055.0,-5.3
10056.0,-5.2
10057.0,-5.02
10058.0,-5.16
10059.0,-5.430000000000001
10060.0,-5.06
10061.0,-5.38
10062.0,-5.840000000000001
10063.0,-5.37
10064.0,-5.17
10065.0,-5.13
10066.0,-5.04
10067.0,-5.430000000000001
10068.0,-5.45
10069.0,-5.29
10070.0,-5.03
10071.0,-5.41
10072.0,-5.02
10073.0,-5.32
10074.0,-5.45
10075.0,-5.470000000000001
10076.0,-5.06
10077.0,-5.01
10078.0,-5.26
10079.0,-5.42
10080.0,-5.2
10081.0,-5.34
10082.0,-5.33
10083.0,-5.22
10084.0,-5.470000000000001
10085.0,-5.4
10086.0,-5.04
10087.0,-5.44
10088.0,-5.09
10089.0,-5.4
10090.0,-5.15
10091.0,-5.2
10092.0,-5.34
10093.0,-5.37
10094.0,-5.4
10095.0,-5.02
10096.0,-5.05
10097.0,-5.6000000000000005
10098.0,-5.74
10099.0,-5.15
10100.0,-5.49
10101.0,-5.51
10102.0,-5.04
10103.0,-5.24
10104.0,-5.2700000000000005
10105.0,-5.14
10106.0,-5.04
10107.0,-5.01
10108.0,-5.74
10109.0,-5.23
10110.0,-5.33
10111.0,-5.3
10112.0,-5.29
10113.0,-5.06
10114.0,-5.03
10115.0,-5.11
10116.0,-5.890000000000001
10117.0,-5.4
10118.0,-5.550000000000001
10119.0,-5.03
10120.0,-1.0000000000000007
10121.0,-5.05
10122.0,-5.05
10123.0,-5.07
10124.0,-5.2700000000000005
10125.0,-5.02
10126.0,-1.0000000000000007
10127.0,-5.06
10128.0,-5.3
10129.0,-5.32
10130.0,-5.24
10131.0,-5.65
10132.0,-5.45
10133.0,-5.08
10134.0,-5.49
10135.0,-5.05
10136.0,-5.04
10137.0,-5.33
10138.0,-5.02
10139.0,-5.29
10140.0,-5.21
10141.0,-5.08
10142.0,-5.1
10143.0,-5.51
10144.0,-5.05
10145.0,-5.03
10146.0,-5.5600000000000005
10147.0,-5.25
10148.0,-5.4
10149.0,-5.02
10150.0,-5.29
10151.0,-5.11
10152.0,-5.07
10153.0,-5.550000000000001
10154.0,-5.06
10155.0,-5.11
10156.0,-5.1
10157.0,-5.07
10158.0,-5.51
10159.0,-5.470000000000001
10160.0,-5.02
10161.0,-5.04
10162.0,-5.07
10163.0,-5.66
10164.0,-5.05
10165.0,-5.11
10166.0,-5.22
10167.0,-5.04
10168.0,-5.02
10169.0,-5.02
10170.0,-5.1
10171.0,-5.37
10172.0,-5.33
10173.0,-5.11
10174.0,-5.44
10175.0,-5.17
10176.0,-5.42
10177.0,-5.07
10178.0,-5.390000000000001
10179.0,-5.28
10180.0,-5.06
10181.0,-5.38
10182.0,-5.02
10183.0,-5.29
10184.0,-5.37
10185.0,-5.710000000000001
10186.0,-1.0000000000000007
10187.0,-5.07
10188.0,-5.25
10189.0,-5.02
10190.0,-5.3500000000000005
10191.0,-5.69
10192.0,-5.05
10193.0,-5.73
10194.0,-5.67
10195.0,-5.01
10196.0,-5.65
10197.0,-5.08
10198.0,-5.01
10199.0,-5.37
10200.0,-5.08
10201.0,-5.3500000000000005
10202.0,-5.03
10203.0,-5.69
10204.0,-5.29
10205.0,-5.08
10206.0,-5.02
10207.0,-5.02
10208.0,-5.44
10209.0,-5.08
10210.0,-5.13
10211.0,-5.08
10212.0,-5.53
10213.0,-5.03
10214.0,-5.02
10215.0,-5.24
10216.0,-5.04
10217.0,-5.390000000000001
10218.0,-5.22
10219.0,-5.2700000000000005
10220.0,-5.05
10221.0,-5.550000000000001
10222.0,-5.29
10223.0,-5.04
10224.0,-5.2700000000000005
10225.0,-5.3
10226.0,-5.03
10227.0,-5.430000000000001
10228.0,-5.03
10229.0,-5.07
10230.0,-5.03
10231.0,-5.01
10232.0,-5.49
10233.0,-5.12
10234.0,-5.11
10235.0,-5.44
10236.0,-5.46
10237.0,-5.45
10238.0,-5.15
10239.0,-5.25
10240.0,-5.390000000000001
10241.0,-5.390000000000001
10242.0,-5.3500000000000005
10243.0,-5.53
10244.0,-5.1
10245.0,-5.45
10246.0,-5.02
10247.0,-5.01
10248.0,-5.390000000000001
10249.0,-5.03
10250.0,-5.06
10251.0,-5.36
10252.0,-5.03
10253.0,-1.0000000000000007
10254.0,-5.06
10255.0,-5.15
10256.0,-5.83
10257.0,-5.11
10258.0,-5.07
10259.0,-5.2700000000000005
10260.0,-5.11
10261.0,-5.26
10262.0,-5.32
10263.0,-5.890000000000001
10264.0,-5.3500000000000005
10265.0,-5.21
10266.0,-5.16
10267.0,-5.09
10268.0,-5.11
10269.0,-5.3
10270.0,-5.25
10271.0,-5.42
10272.0,-5.3500000000000005
10273.0,-5.02
10274.0,-5.01
10275.0,-5.1
10276.0,-5.65
10277.0,-5.48
10278.0,-5.38
10279.0,-5.02
10280.0,-5.33
10281.0,-5.02
10282.0,-5.02
10283.0,-5.04
10284.0,-5.06
10285.0,-5.25
10286.0,-5.4
10287.0,-5.4
10288.0,-5.12
10289.0,-5.04
10290.0,-5.9
10291.0,-5.06
10292.0,-5.04
10293.0,-5.28
10294.0,-5.18
10295.0,-5.04
10296.0,-5.36
10297.0,-5.920000000000001
10298.0,-5.02
10299.0,-5.44
10300.0,-5.3500000000000005
10301.0,-5.5200000000000005
10302.0,-5.11
10303.0,-5.920000000000001
10304.0,-5.62
10305.0,-5.05
10306.0,-5.02
10307.0,-5.03
10308.0,-5.05
10309.0,-5.8500000000000005
10310.0,-5.13
10311.0,-5.06
10312.0,-5.01
10313.0,-5.33
10314.0,-5.33
10315.0,-5.28
10316.0,-5.25
10317.0,-5.470000000000001
10318.0,-5.49
10319.0,-5.07
10320.0,-5.02
10321.0,-5.33
10322.0,-5.01
10323.0,-5.51
10324.0,-5.01
10325.0,-5.15
10326.0,-5.3100000000000005
10327.0,-5.3
10328.0,-5.4
10329.0,-5.03
10330.0,-5.65
10331.0,-5.14
10332.0,-5.28
10333.0,-5.33
10334.0,-5.34
10335.0,-5.05
10336.0,-5.21
10337.0,-5.6000000000000005
10338.0,-5.2700000000000005
10339.0,-5.01
10340.0,-5.950000000000001
10341.0,-5.09
10342.0,4.35
10343.0,-5.01
10344.0,-5.29
10345.0,-5.04
10346.0,-5.04
10347.0,-5.04
10348.0,-5.23
10349.0,-5.38
10350.0,-5.22
10351.0,-5.38
10352.0,-5.33
10353.0,-5.2
10354.0,-5.32
10355.0,-5.3100000000000005
10356.0,-5.17
10357.0,-5.37
10358.0,-5.630000000000001
10359.0,-5.04
10360.0,-5.07
10361.0,-5.06
10362.0,-5.3100000000000005
10363.0,-5.09
10364.0,-5.3500000000000005
10365.0,-5.53
10366.0,-5.73
10367.0,-5.02
10368.0,-5.14
10369.0,-5.62
10370.0,-5.18
10371.0,-5.54
10372.0,-5.41
10373.0,-5.430000000000001
10374.0,-5.29
10375.0,-5.710000000000001
10376.0,-5.01
10377.0,-5.2700000000000005
10378.0,-5.02
10379.0,-5.26
10380.0,-5.01
10381.0,-5.03
10382.0,-5.2700000000000005
10383.0,-5.28
10384.0,-5.66
10385.0,-5.33
10386.0,-5.2
10387.0,-5.15
10388.0,-5.3500000000000005
10389.0,-5.09
10390.0,-5.06
10391.0,-5.01
10392.0,4.369999999999999
10393.0,-5.23
10394.0,-5.5
10395.0,-5.04
10396.0,-5.16
10397.0,-5.05
10398.0,-1.0000000000000007
10399.0,-5.26
10400.0,-5.25
10401.0,-5.430000000000001
10402.0,-5.05
10403.0,-5.19
10404.0,-5.390000000000001
10405.0,-5.02
10406.0,-5.51
10407.0,-5.01
10408.0,-5.1
10409.0,-5.01
10410.0,-5.430000000000001
10411.0,-5.59
10412.0,-5.8500000000000005
10413.0,-5.06
10414.0,-5.58
10415.0,-5.09
10416.0,-5.11
10417.0,-5.24
10418.0,-5.2700000000000005
10419.0,-5.790000000000001
10420.0,-5.12
10421.0,-5.29
10422.0,-5.11
10423.0,-5.7
10424.0,-5.03
10425.0,-5.5600000000000005
10426.0,-5.09
10427.0,-5.03
10428.0,-5.07
10429.0,-5.12
10430.0,-5.02
10431.0,-5.04
10432.0,-5.3
10433.0,-5.37
10434.0,-5.19
10435.0,-5.550000000000001
10436.0,-5.37
10437.0,-5.34
10438.0,-5.390000000000001
10439.0,-5.1
10440.0,-5.33
10441.0,-5.3100000000000005
10442.0,-5.23
10443.0,-5.08
10444.0,-5.22
10445.0,-5.02
10446.0,-5.14
10447.0,-5.02
10448.0,-5.29
10449.0,-5.12
10450.0,-5.09
10451.0,-5.67
10452.0,-5.390000000000001
10453.0,-5.36
10454.0,-5.02
10455.0,-5.890000000000001
10456.0,-5.5600000000000005
10457.0,-5.390000000000001
10458.0,-5.14
10459.0,4.369999999999999
10460.0,-5.3500000000000005
10461.0,-5.44
10462.0,-5.07
10463.0,-5.32
10464.0,-5.720000000000001
10465.0,-5.09
10466.0,-5.36
10467.0,-5.04
10468.0,-5.680000000000001
10469.0,-5.470000000000001
10470.0,-5.06
10471.0,-5.04
10472.0,-5.14
10473.0,-5.390000000000001
10474.0,-5.61
10475.0,-5.630000000000001
10476.0,-5.22
10477.0,-5.17
10478.0,-5.44
10479.0,-5.3100000000000005
10480.0,-5.32
10481.0,-5.66
10482.0,-5.14
10483.0,-5.42
10484.0,-5.3100000000000005
10485.0,-5.26
10486.0,-5.37
10487.0,-5.07
10488.0,-5.3500000000000005
10489.0,-5.29
10490.0,-5.29
10491.0,-5.16
10492.0,-5.01
10493.0,-5.430000000000001
10494.0,-5.08
10495.0,-5.08
10496.0,-5.02
10497.0,-5.32
10498.0,-5.12
10499.0,-5.05
10500.0,-5.29
10501.0,-5.58
10502.0,-5.08
10503.0,-5.03
10504.0,-5.22
10505.0,-5.01
10506.0,-5.09
10507.0,-5.3
10508.0,-5.44
10509.0,-5.58
10510.0,-5.16
10511.0,-5.34
10512.0,-5.61
10513.0,-5.32
10514.0,-5.07
10515.0,-5.21
10516.0,-5.2
10517.0,-5.37
10518.0,-5.28
10519.0,-5.48
10520.0,-5.49
10521.0,-5.16
10522.0,-5.12
10523.0,-5.02
10524.0,-5.470000000000001
10525.0,-5.22
10526.0,-5.01
10527.0,-5.04
10528.0,-5.61
10529.0,4.029999999999999
10530.0,-5.28
10531.0,-5.12
10532.0,-5.6000000000000005
10533.0,-5.470000000000001
10534.0,-5.53
10535.0,-5.38
10536.0,-5.05
10537.0,-5.01
10538.0,-5.04
10539.0,-5.04
10540.0,-5.06
10541.0,-5.04
10542.0,-5.07
10543.0,-5.2
10544.0,-5.07
10545.0,-5.1
10546.0,-5.41
10547.0,-5.01
10548.0,4.289999999999999
10549.0,-5.11
10550.0,-5.21
10551.0,-5.01
10552.0,-5.23
10553.0,-5.29
10554.0,-5.29
10555.0,-5.34
10556.0,-5.07
10557.0,-5.21
10558.0,-5.36
10559.0,-5.25
10560.0,-5.04
10561.0,-5.29
10562.0,-5.15
10563.0,-5.2
10564.0,-5.23
10565.0,-5.44
10566.0,-5.2700000000000005
10567.0,-5.07
10568.0,-5.2
10569.0,-5.61
10570.0,-5.16
10571.0,-5.33
10572.0,-5.02
10573.0,-5.05
10574.0,-5.44
10575.0,-5.4
10576.0,4.029999999999999
10577.0,-5.02
10578.0,-5.53
10579.0,-5.01
10580.0,-5.390000000000001
10581.0,-5.430000000000001
10582.0,-5.03
10583.0,-5.33
10584.0,-5.36
10585.0,-5.02
10586.0,-5.57
10587.0,-5.32
10588.0,-5.05
10589.0,-5.04
10590.0,-5.08
10591.0,-5.3500000000000005
10592.0,-5.18
10593.0,-5.32
10594.0,-5.06
10595.0,-5.03
10596.0,-5.25
10597.0,-5.02
10598.0,-5.19
10599.0,-5.04
10600.0,-5.66
10601.0,-5.07
10602.0,-5.640000000000001
10603.0,-5.5
10604.0,-5.7700000000000005
10605.0,-5.29
10606.0,-5.19
10607.0,-5.23
10608.0,-5.59
10609.0,-5.19
10610.0,-5.29
10611.0,-5.07
10612.0,-5.33
10613.0,-1.0000000000000007
10614.0,-5.16
10615.0,-5.46
10616.0,-5.3
10617.0,-5.44
10618.0,-5.06
10619.0,-5.8100000000000005
10620.0,-5.26
10621.0,-5.51
10622.0,-5.18
10623.0,-5.36
10624.0,-5.33
10625.0,-5.42
10626.0,-5.33
10627.0,-5.18
10628.0,-5.710000000000001
10629.0,-5.15
10630.0,-5.3100000000000005
10631.0,-5.57
10632.0,-5.28
10633.0,-5.390000000000001
10634.0,-5.3500000000000005
10635.0,-5.46
10636.0,-5.24
10637.0,-5.33
10638.0,-5.06
10639.0,-5.01
10640.0,-5.04
10641.0,-5.07
10642.0,-5.38
10643.0,-5.16
10644.0,-5.25
10645.0,4.14
10646.0,-5.470000000000001
10647.0,-5.37
10648.0,-5.05
10649.0,-5.32
10650.0,-5.07
10651.0,-5.02
10652.0,-5.04
10653.0,-5.03
10654.0,-5.34
10655.0,-5.6000000000000005
10656.0,-5.17
10657.0,-5.14
10658.0,-5.11
10659.0,-5.04
10660.0,-5.5600000000000005
10661.0,-5.2700000000000005
10662.0,-5.03
10663.0,-5.59
10664.0,-5.38
10665.0,-5.06
10666.0,-5.09
10667.0,-5.07
10668.0,-5.16
10669.0,-5.390000000000001
10670.0,-5.29
10671.0,-5.2
10672.0,-5.25
10673.0,-5.07
10674.0,-5.02
10675.0,-5.57
10676.0,-5.26
10677.0,4.27
10678.0,-5.04
10679.0,-5.45
10680.0,-5.38
10681.0,-5.08
10682.0,-5.16
10683.0,-5.26
10684.0,-5.04
10685.0,-5.37
10686.0,-5.3100000000000005
10687.0,-5.28
10688.0,-5.37
10689.0,-5.06
10690.0,-5.3100000000000005
10691.0,-5.03
10692.0,-5.45
10693.0,-5.51
10694.0,-5.02
10695.0,-5.390000000000001
10696.0,-5.02
10697.0,-5.01
10698.0,-5.02
10699.0,-5.05
10700.0,-5.3500000000000005
10701.0,-5.550000000000001
10702.0,-5.02
10703.0,-5.7700000000000005
10704.0,-5.5200000000000005
10705.0,-5.2
10706.0,-5.1
10707.0,-5.12
10708.0,-5.3500000000000005
10709.0,-5.37
10710.0,-5.7
10711.0,-5.02
10712.0,-5.01
10713.0,-5.05
10714.0,-5.03
10715.0,-5.6000000000000005
10716.0,-5.05
10717.0,-5.02
10718.0,-1.0000000000000007
10719.0,-5.08
10720.0,-5.02
10721.0,-5.04
10722.0,-5.42
10723.0,-5.44
10724.0,-5.32
10725.0,-5.23
10726.0,-5.04
10727.0,-1.0000000000000007
10728.0,-5.02
10729.0,-5.48
10730.0,-5.02
10731.0,-5.3100000000000005
10732.0,-5.3100000000000005
10733.0,-5.51
10734.0,-5.41
10735.0,-5.51
10736.0,-5.3100000000000005
10737.0,-5.36
10738.0,-5.21
10739.0,-5.24
10740.0,-5.29
10741.0,-5.02
10742.0,-5.2700000000000005
10743.0,-5.36
10744.0,-5.950000000000001
10745.0,-5.2700000000000005
10746.0,-5.19
10747.0,-5.02
10748.0,-5.5200000000000005
10749.0,-5.02
10750.0,-5.02
10751.0,-5.12
10752.0,-5.07
10753.0,-5.23
10754.0,-5.22
10755.0,-5.18
10756.0,-5.03
10757.0,-5.09
10758.0,-5.51
10759.0,-5.49
10760.0,-5.430000000000001
10761.0,-5.4
10762.0,-5.17
10763.0,-5.390000000000001
10764.0,-5.03
10765.0,-5.07
10766.0,-5.02
10767.0,-5.08
10768.0,-5.32
10769.0,-5.26
10770.0,-5.18
10771.0,-5.04
10772.0,-5.3
10773.0,-5.01
10774.0,-5.1
10775.0,-5.3100000000000005
10776.0,-5.5
10777.0,-5.06
10778.0,-1.0000000000000007
10779.0,-5.49
10780.0,-5.16
10781.0,-5.5
10782.0,4.17
10783.0,-5.3100000000000005
10784.0,-5.06
10785.0,-5.09
10786.0,-5.16
10787.0,-5.680000000000001
10788.0,-5.5200000000000005
10789.0,4.1499999999999995
10790.0,-5.28
10791.0,-5.02
10792.0,-5.2700000000000005
10793.0,-5.04
10794.0,-5.02
10795.0,-5.37
10796.0,-5.41
10797.0,-5.14
10798.0,-5.74
10799.0,-5.09
10800.0,-5.34
10801.0,-5.21
10802.0,-5.5
10803.0,-5.53
10804.0,-5.04
10805.0,-5.57
10806.0,-5.28
10807.0,-5.29
10808.0,-5.3100000000000005
10809.0,-5.26
10810.0,-5.07
10811.0,-5.06
10812.0,-5.01
10813.0,-5.02
10814.0,-5.14
10815.0,-5.07
10816.0,-5.46
10817.0,-5.22
10818.0,-5.18
10819.0,-5.680000000000001
10820.0,-5.02
10821.0,-5.21
10822.0,-5.01
10823.0,-5.06
10824.0,-5.03
10825.0,-5.29
10826.0,-5.29
10827.0,-5.06
10828.0,-5.36
10829.0,-5.6000000000000005
10830.0,-5.07
10831.0,-5.14
10832.0,-5.390000000000001
10833.0,-5.02
10834.0,-5.29
10835.0,-5.680000000000001
10836.0,-5.02
10837.0,-5.06
10838.0,-5.13
10839.0,-5.06
10840.0,-5.3
10841.0,-5.25
10842.0,-1.0000000000000007
10843.0,-5.49
10844.0,-1.0000000000000007
10845.0,-5.86
10846.0,-5.11
10847.0,-5.470000000000001
10848.0,-5.05
10849.0,-5.02
10850.0,-5.34
10851.0,-5.02
10852.0,-5.1
10853.0,-5.01
10854.0,-5.06
10855.0,-5.07
10856.0,-5.05
10857.0,-5.2700000000000005
10858.0,-5.12
10859.0,-5.640000000000001
10860.0,-5.61
10861.0,-5.21
10862.0,-5.08
10863.0,-5.3100000000000005
10864.0,-5.1
10865.0,-5.02
10866.0,-5.34
10867.0,-5.2700000000000005
10868.0,-5.430000000000001
10869.0,-5.03
10870.0,-5.1
10871.0,-5.24
10872.0,-5.17
10873.0,-5.1
10874.0,-5.01
10875.0,-5.36
10876.0,-5.07
10877.0,-5.42
10878.0,-5.34
10879.0,-5.28
10880.0,-5.01
10881.0,-5.08
10882.0,-5.430000000000001
10883.0,-5.78
10884.0,-5.09
10885.0,-5.18
10886.0,-5.1
10887.0,-5.06
10888.0,-5.06
10889.0,-5.01
10890.0,-5.03
10891.0,-5.04
10892.0,-5.2700000000000005
10893.0,-5.14
10894.0,-5.1
10895.0,-5.890000000000001
10896.0,-5.2700000000000005
10897.0,-5.49
10898.0,-5.23
10899.0,-5.82
10900.0,-5.16
10901.0,-5.09
10902.0,-5.51
10903.0,-5.75
10904.0,-5.2700000000000005
10905.0,-5.2
10906.0,-5.4
10907.0,-5.34
10908.0,-5.06
10909.0,-5.38
10910.0,-5.04
10911.0,-5.6000000000000005
10912.0,-5.14
10913.0,-5.28
10914.0,-5.02
10915.0,-5.4
10916.0,-1.0000000000000007
10917.0,-5.42
10918.0,-5.23
10919.0,-5.15
10920.0,-5.03
10921.0,4.029999999999999
10922.0,-5.15
10923.0,-5.4
10924.0,-5.2
10925.0,-5.2700000000000005
10926.0,-5.22
10927.0,-5.3500000000000005
10928.0,-5.62
10929.0,-5.430000000000001
10930.0,-5.48
10931.0,-5.51
10932.0,-5.03
10933.0,-5.390000000000001
10934.0,-5.28
10935.0,-5.26
10936.0,-5.19
10937.0,-5.12
10938.0,-5.04
10939.0,4.06
10940.0,-5.02
10941.0,-5.23
10942.0,-5.37
10943.0,-5.26
10944.0,-5.02
10945.0,-5.38
10946.0,-5.75
10947.0,-5.01
10948.0,-1.0000000000000007
10949.0,-5.37
10950.0,-5.02
10951.0,-5.37
10952.0,-5.19
10953.0,-5.06
10954.0,-5.04
10955.0,-5.04
10956.0,-5.34
10957.0,-5.07
10958.0,-5.08
10959.0,-5.28
10960.0,-5.2
10961.0,-5.01
10962.0,-5.28
10963.0,-5.06
10964.0,4.209999999999999
10965.0,-5.05
10966.0,-5.07
10967.0,-5.3100000000000005
10968.0,-5.07
10969.0,-5.11
10970.0,-5.12
10971.0,-5.03
10972.0,-5.19
10973.0,-5.65
10974.0,-5.51
10975.0,-5.11
10976.0,-5.44
10977.0,-5.960000000000001
10978.0,-5.28
10979.0,-5.26
10980.0,-5.32
10981.0,-5.05
10982.0,-5.02
10983.0,-5.29
10984.0,-5.02
10985.0,-5.23
10986.0,-5.08
10987.0,-5.16
10988.0,-5.02
10989.0,-5.06
10990.0,-5.21
10991.0,-5.16
10992.0,-5.03
10993.0,-5.01
10994.0,-5.05
10995.0,-5.2700000000000005
10996.0,-5.21
10997.0,-5.5600000000000005
10998.0,-5.19
10999.0,-5.29
11000.0,-5.01
11001.0,-5.680000000000001
11002.0,-5.29
11003.0,-5.38
11004.0,-5.57
11005.0,-5.09
11006.0,-5.02
11007.0,-5.16
11008.0,-5.22
11009.0,4.01
11010.0,-5.29
11011.0,-5.390000000000001
11012.0,4.01
11013.0,-5.03
11014.0,-5.3500000000000005
11015.0,-5.59
11016.0,-5.01
11017.0,-5.33
11018.0,-5.09
11019.0,-5.05
11020.0,-5.06
11021.0,-5.14
11022.0,-5.19
11023.0,-5.09
11024.0,-1.0000000000000007
11025.0,-5.26
11026.0,-5.06
11027.0,-5.24
11028.0,-5.3100000000000005
11029.0,-5.2
11030.0,-5.04
11031.0,-5.23
11032.0,-5.02
11033.0,-5.16
11034.0,-5.01
11035.0,-5.01
11036.0,-5.02
11037.0,-5.03
11038.0,-5.04
11039.0,-5.1
11040.0,-5.04
11041.0,-5.03
11042.0,-5.26
11043.0,-5.5600000000000005
11044.0,-5.36
11045.0,-5.01
11046.0,-5.3
11047.0,-5.3
11048.0,-5.15
11049.0,-5.29
11050.0,-5.1
11051.0,4.069999999999999
11052.0,-5.02
11053.0,-5.28
11054.0,-5.28
11055.0,-5.18
11056.0,-5.03
11057.0,-5.02
11058.0,-5.48
11059.0,-5.33
11060.0,-5.1
11061.0,-5.16
11062.0,-5.18
11063.0,-5.4
11064.0,-5.49
11065.0,-5.02
11066.0,-5.38
11067.0,-5.18
11068.0,-5.09
11069.0,-5.26
11070.0,-5.3500000000000005
11071.0,-5.01
11072.0,-5.12
11073.0,-5.22
11074.0,-5.02
11075.0,-5.13
11076.0,-5.07
11077.0,-5.36
11078.0,-5.17
11079.0,4.41
11080.0,-5.3
11081.0,-5.1
11082.0,-5.01
11083.0,-5.37
11084.0,-5.08
11085.0,-5.2
11086.0,-5.32
11087.0,-5.06
11088.0,-5.2700000000000005
11089.0,-5.21
11090.0,-5.05
11091.0,-5.25
11092.0,-5.44
11093.0,-5.04
11094.0,-5.09
11095.0,-5.21
11096.0,-5.38
11097.0,-5.07
11098.0,-5.25
11099.0,-5.23
11100.0,-5.51
11101.0,-5.13
11102.0,-5.14
11103.0,-5.04
11104.0,-5.02
11105.0,-5.2700000000000005
11106.0,-5.3
11107.0,-5.18
11108.0,-5.06
11109.0,4.22
11110.0,-5.2
11111.0,-5.04
11112.0,-5.390000000000001
11113.0,-5.65
11114.0,-5.08
11115.0,-5.06
11116.0,-5.37
11117.0,-5.05
11118.0,-5.05
11119.0,-5.2
11120.0,-5.13
11121.0,-5.1
11122.0,-5.4
11123.0,4.33
11124.0,-5.14
11125.0,-5.74
11126.0,-5.32
11127.0,-5.22
11128.0,-5.44
11129.0,-5.07
11130.0,-5.38
11131.0,-5.25
11132.0,-5.02
11133.0,-5.01
11134.0,-1.0000000000000007
11135.0,-5.01
11136.0,-5.2
11137.0,-5.22
11138.0,-5.38
11139.0,-5.430000000000001
11140.0,-5.5
11141.0,-5.04
11142.0,-5.01
11143.0,-5.33
11144.0,-5.03
11145.0,-5.07
11146.0,-5.01
11147.0,-5.23
11148.0,-5.3
11149.0,-5.09
11150.0,-5.28
11151.0,-5.5
11152.0,-5.75
11153.0,-5.2
11154.0,-5.930000000000001
11155.0,-5.5
11156.0,4.159999999999999
11157.0,-5.08
11158.0,-5.6000000000000005
11159.0,-5.7
11160.0,-5.37
11161.0,-5.25
11162.0,-5.25
11163.0,-5.01
11164.0,-5.66
11165.0,4.129999999999999
11166.0,-5.25
11167.0,-5.34
11168.0,-5.430000000000001
11169.0,4.18
11170.0,-5.950000000000001
11171.0,-5.470000000000001
11172.0,-5.33
11173.0,-5.13
11174.0,-5.34
11175.0,-5.680000000000001
11176.0,-5.04
11177.0,-5.37
11178.0,4.26
11179.0,-5.32
11180.0,-5.46
11181.0,-5.06
11182.0,4.09
11183.0,-5.04
11184.0,-5.44
11185.0,-1.0000000000000007
11186.0,-5.1
11187.0,-5.05
11188.0,-5.01
11189.0,-5.01
11190.0,-5.22
11191.0,-5.04
11192.0,-5.69
11193.0,-5.33
11194.0,-1.0000000000000007
11195.0,-5.04
11196.0,4.33
11197.0,-5.03
11198.0,-5.01
11199.0,4.129999999999999
11200.0,-5.74
11201.0,-5.02
11202.0,-5.94
11203.0,-5.07
11204.0,-5.28
11205.0,-5.57
11206.0,-5.04
11207.0,4.1
11208.0,-5.5
11209.0,4.069999999999999
11210.0,-5.51
11211.0,-5.01
11212.0,-5.28
11213.0,-5.03
11214.0,-5.5
11215.0,4.3
11216.0,-5.03
11217.0,-5.19
11218.0,-5.2
11219.0,-5.01
11220.0,-5.470000000000001
11221.0,-5.02
11222.0,-5.28
11223.0,-5.03
11224.0,-5.04
11225.0,-5.49
11226.0,-1.0000000000000007
11227.0,-5.04
11228.0,-5.38
11229.0,-5.02
11230.0,4.239999999999999
11231.0,-5.14
11232.0,-5.03
11233.0,-5.01
11234.0,-5.18
11235.0,-5.2700000000000005
11236.0,-5.01
11237.0,-5.02
11238.0,-5.05
11239.0,4.09
11240.0,-5.01
11241.0,-5.42
11242.0,-5.98
11243.0,-5.12
11244.0,-5.630000000000001
11245.0,-1.0000000000000007
11246.0,-5.28
11247.0,-5.32
11248.0,-5.16
11249.0,-5.2
11250.0,-5.12
11251.0,-5.7
11252.0,4.1499999999999995
11253.0,-5.21
11254.0,-5.75
11255.0,-5.28
11256.0,4.079999999999999
11257.0,-5.04
11258.0,-5.38
11259.0,-5.1
11260.0,4.049999999999999
11261.0,-5.38
11262.0,-5.41
11263.0,4.199999999999999
11264.0,-5.24
11265.0,-5.2
11266.0,-5.48
11267.0,-5.01
11268.0,-5.7
11269.0,-5.01
11270.0,-5.58
11271.0,-5.37
11272.0,-5.01
11273.0,-5.1
11274.0,4.26
11275.0,-5.03
11276.0,-5.58
11277.0,-5.02
11278.0,-5.48
11279.0,-5.390000000000001
11280.0,-5.7
11281.0,-5.28
11282.0,-5.03
11283.0,-5.07
11284.0,-5.03
11285.0,-5.23
11286.0,-5.02
11287.0,-5.05
11288.0,-5.04
11289.0,-5.54
11290.0,-5.67
11291.0,-5.01
11292.0,-5.06
11293.0,-5.430000000000001
11294.0,-5.950000000000001
11295.0,4.319999999999999
11296.0,-5.06
11297.0,-5.83
11298.0,-5.24
11299.0,-5.2700000000000005
11300.0,-5.82
11301.0,-5.28
11302.0,-5.28
11303.0,-5.67
11304.0,-5.75
11305.0,-5.65
11306.0,-5.12
11307.0,-5.03
11308.0,-5.02
11309.0,-5.9
11310.0,-5.25
11311.0,-5.05
11312.0,-5.390000000000001
11313.0,-5.04
11314.0,-5.69
11315.0,-5.75
11316.0,-5.01
11317.0,-5.02
11318.0,-5.03
11319.0,-5.14
11320.0,-5.86
11321.0,-5.08
11322.0,-1.0000000000000007
11323.0,-5.37
11324.0,-5.36
11325.0,-5.07
11326.0,-5.51
11327.0,-5.41
11328.0,-5.02
11329.0,-5.02
11330.0,-5.04
11331.0,-5.02
11332.0,-5.790000000000001
11333.0,-5.1
11334.0,-5.25
11335.0,-5.04
11336.0,-5.02
11337.0,-5.01
11338.0,-5.61
11339.0,-5.3100000000000005
11340.0,4.22
11341.0,-5.03
11342.0,-5.4
11343.0,-5.02
11344.0,4.22
11345.0,-5.75
11346.0,-5.01
11347.0,-5.02
11348.0,-1.0000000000000007
11349.0,-5.49
11350.0,-5.28
11351.0,-5.630000000000001
11352.0,-5.32
11353.0,-5.01
11354.0,-5.4
11355.0,4.33
11356.0,-1.0000000000000007
11357.0,-5.1
11358.0,-5.49
11359.0,4.18
11360.0,-5.02
11361.0,-5.390000000000001
11362.0,-5.24
11363.0,-5.61
11364.0,-5.390000000000001
11365.0,-5.22
11366.0,4.42
11367.0,-5.01
11368.0,-1.0000000000000007
11369.0,-5.54
11370.0,-5.06
11371.0,-5.65
11372.0,-5.09
11373.0,-5.61
11374.0,-5.34
11375.0,-5.28
11376.0,-5.5
11377.0,-5.01
11378.0,-5.06
11379.0,-5.12
11380.0,-5.09
11381.0,-5.42
11382.0,-5.28
11383.0,-5.06
11384.0,-5.02
11385.0,-1.0000000000000007
11386.0,-5.01
11387.0,-5.04
11388.0,-5.640000000000001
11389.0,-5.49
11390.0,-5.01
11391.0,-5.01
11392.0,4.2299999999999995
11393.0,-5.01
11394.0,-5.04
11395.0,-5.02
11396.0,-5.51
11397.0,-5.05
11398.0,-5.07
11399.0,-5.29
11400.0,-5.28
11401.0,4.4799999999999995
11402.0,-5.01
11403.0,-5.05
11404.0,-5.13
11405.0,-5.03
11406.0,-5.08
11407.0,-5.8100000000000005
11408.0,-5.09
11409.0,-5.05
11410.0,-5.4
11411.0,-5.16
11412.0,-5.02
11413.0,4.289999999999999
11414.0,4.26
11415.0,-5.02
11416.0,-5.680000000000001
11417.0,-5.800000000000001
11418.0,-5.83
11419.0,-5.32
11420.0,-5.14
11421.0,-5.720000000000001
11422.0,-5.06
11423.0,-5.34
11424.0,-5.800000000000001
11425.0,-5.02
11426.0,-5.04
11427.0,-5.29
11428.0,-5.680000000000001
11429.0,-5.01
11430.0,-5.06
11431.0,4.06
11432.0,-5.32
11433.0,-5.02
11434.0,-5.09
11435.0,-5.83
11436.0,-5.04
11437.0,-5.04
11438.0,-5.03
11439.0,-5.06
11440.0,-5.38
11441.0,-5.73
11442.0,-5.24
11443.0,-5.16
11444.0,-5.42
11445.0,-5.02
11446.0,-5.05
11447.0,-5.04
11448.0,-5.48
11449.0,-5.75
11450.0,-5.2
11451.0,-5.8500000000000005
11452.0,4.289999999999999
11453.0,-5.83
11454.0,-5.34
11455.0,-5.13
11456.0,-5.18
11457.0,-5.42
11458.0,4.1499999999999995
11459.0,-5.6000000000000005
11460.0,-5.5
11461.0,-5.2
11462.0,-5.49
11463.0,-5.04
11464.0,-5.17
11465.0,4.18
11466.0,-5.3100000000000005
11467.0,-5.11
11468.0,-1.0000000000000007
11469.0,-5.01
11470.0,-5.12
11471.0,-5.01
11472.0,-5.3500000000000005
11473.0,-5.02
11474.0,-5.07
11475.0,-5.05
11476.0,-5.5
11477.0,-5.82
11478.0,-5.04
11479.0,-5.06
11480.0,-5.24
11481.0,-5.01
11482.0,-5.5200000000000005
11483.0,-5.53
11484.0,4.319999999999999
11485.0,-5.94
11486.0,-5.2700000000000005
11487.0,-5.33
11488.0,-5.720000000000001
11489.0,-5.37
11490.0,4.34
11491.0,-5.19
11492.0,-5.17
11493.0,4.069999999999999
11494.0,4.22
11495.0,-1.0000000000000007
11496.0,-5.11
11497.0,-5.630000000000001
11498.0,-5.630000000000001
11499.0,-5.12
11500.0,-5.23
11501.0,-5.28
11502.0,-5.78
11503.0,-5.01
11504.0,4.239999999999999
11505.0,4.369999999999999
11506.0,-5.2700000000000005
11507.0,-5.6000000000000005
11508.0,-5.7700000000000005
11509.0,4.209999999999999
11510.0,4.369999999999999
11511.0,-5.24
11512.0,-5.13
11513.0,-5.23
11514.0,-5.53
11515.0,4.26
11516.0,-5.01
11517.0,-5.05
11518.0,-5.82
11519.0,-5.3100000000000005
11520.0,-5.800000000000001
11521.0,-5.3100000000000005
11522.0,4.41
11523.0,4.029999999999999
11524.0,-5.13
11525.0,4.25
11526.0,-5.710000000000001
11527.0,-5.390000000000001
11528.0,-5.59
11529.0,4.079999999999999
11530.0,-5.73
11531.0,-5.41
11532.0,-5.57
11533.0,-5.12
11534.0,4.27
11535.0,-5.32
11536.0,4.1499999999999995
11537.0,-1.0000000000000007
11538.0,-5.04
11539.0,-5.65
11540.0,-5.65
11541.0,4.06
11542.0,4.43
11543.0,-5.44
11544.0,4.109999999999999
11545.0,4.27
11546.0,-5.46
11547.0,-5.48
11548.0,-5.19
11549.0,4.26
11550.0,-5.28
11551.0,-5.61
11552.0,-5.08
11553.0,-5.28
11554.0,-5.28
11555.0,-5.46
11556.0,-5.36
11557.0,-5.02
11558.0,-5.5200000000000005
11559.0,-5.7700000000000005
11560.0,-5.2
11561.0,-5.2
11562.0,-5.05
11563.0,-5.23
11564.0,4.38
11565.0,-5.14
11566.0,-5.07
11567.0,-5.970000000000001
11568.0,-5.960000000000001
11569.0,-5.05
11570.0,-5.48
11571.0,4.209999999999999
11572.0,4.319999999999999
11573.0,-5.02
11574.0,-5.3500000000000005
11575.0,-1.0000000000000007
11576.0,-5.03
11577.0,-5.02
11578.0,-5.04
11579.0,-5.19
11580.0,-5.51
11581.0,4.22
11582.0,4.38
11583.0,-5.26
11584.0,-5.33
11585.0,-5.5200000000000005
11586.0,-5.54
11587.0,-5.06
11588.0,-5.640000000000001
11589.0,-5.38
11590.0,-1.0000000000000007
11591.0,-5.86
11592.0,-5.06
11593.0,-5.02
11594.0,4.33
11595.0,-5.02
11596.0,4.3
11597.0,4.27
11598.0,-5.550000000000001
11599.0,-5.44
11600.0,-5.21
11601.0,-5.1
11602.0,-5.37
11603.0,-1.0000000000000007
11604.0,4.1499999999999995
11605.0,-5.04
11606.0,4.33
11607.0,-5.57
11608.0,4.049999999999999
11609.0,4.119999999999999
11610.0,4.279999999999999
11611.0,-5.960000000000001
11612.0,4.33
11613.0,-5.3100000000000005
11614.0,-5.29
11615.0,-5.2
11616.0,-5.91
11617.0,-5.390000000000001
11618.0,-5.08
11619.0,-5.24
11620.0,4.359999999999999
11621.0,-5.36
11622.0,4.199999999999999
11623.0,4.35
11624.0,4.3
11625.0,4.119999999999999
11626.0,4.1
11627.0,4.1499999999999995
11628.0,-5.5600000000000005
11629.0,-5.58
11630.0,-1.0000000000000007
11631.0,-1.0000000000000007
11632.0,-5.65
11633.0,-5.04
11634.0,-5.34
11635.0,-5.19
11636.0,-5.5
11637.0,-5.44
11638.0,-5.680000000000001
11639.0,4.369999999999999
11640.0,-5.04
11641.0,-5.760000000000001
11642.0,4.26
11643.0,4.35
11644.0,4.26
11645.0,-5.51
11646.0,4.27
11647.0,-5.4
11648.0,4.25
11649.0,-5.790000000000001
11650.0,-5.01
11651.0,-5.640000000000001
11652.0,-5.01
11653.0,-5.24
11654.0,-5.44
11655.0,-5.800000000000001
11656.0,4.33
11657.0,-5.02
11658.0,-5.01
11659.0,-5.2
11660.0,-5.58
11661.0,4.25
11662.0,4.279999999999999
11663.0,-5.83
11664.0,-5.3100000000000005
11665.0,-5.16
11666.0,4.129999999999999
11667.0,-5.01
11668.0,-5.06
11669.0,-5.02
11670.0,-5.51
11671.0,-5.41
11672.0,-1.0000000000000007
11673.0,4.129999999999999
11674.0,-5.640000000000001
11675.0,-5.02
11676.0,-5.7700000000000005
11677.0,-5.67
11678.0,-5.02
11679.0,4.239999999999999
11680.0,-5.13
11681.0,-5.45
11682.0,-5.45
11683.0,-5.01
11684.0,-5.25
11685.0,-5.01
11686.0,-5.05
11687.0,-5.3
11688.0,-5.05
11689.0,-5.720000000000001
11690.0,-5.01
11691.0,-5.2700000000000005
11692.0,-5.01
11693.0,-5.04
11694.0,-5.08
11695.0,-5.03
11696.0,-5.03
11697.0,-5.550000000000001
11698.0,-5.01
11699.0,-1.0000000000000007
11700.0,-5.2700000000000005
11701.0,-5.1
11702.0,-5.04
11703.0,4.1
11704.0,-5.48
11705.0,-5.07
11706.0,-5.06
11707.0,-5.550000000000001
11708.0,-5.62
11709.0,-5.65
11710.0,4.33
11711.0,-5.06
11712.0,4.27
11713.0,4.35
11714.0,-5.01
11715.0,-5.08
11716.0,-5.8500000000000005
11717.0,-5.11
11718.0,4.129999999999999
11719.0,-5.08
11720.0,-5.710000000000001
11721.0,-5.03
11722.0,-5.04
11723.0,-5.24
11724.0,-5.02
11725.0,-5.02
11726.0,-5.710000000000001
11727.0,-5.33
11728.0,-5.06
11729.0,-5.73
11730.0,-5.48
11731.0,4.1499999999999995
11732.0,-5.65
11733.0,-5.13
11734.0,-5.44
11735.0,4.1
11736.0,-5.03
11737.0,-5.04
11738.0,-5.5600000000000005
11739.0,4.33
11740.0,-5.57
11741.0,4.209999999999999
11742.0,-5.14
11743.0,-5.9
11744.0,-5.390000000000001
11745.0,-5.18
11746.0,-5.3100000000000005
11747.0,-5.06
11748.0,-5.12
11749.0,-5.6000000000000005
11750.0,-5.08
11751.0,-5.05
11752.0,4.26
11753.0,-5.5200000000000005
11754.0,-5.32
11755.0,-5.04
11756.0,-5.48
11757.0,-5.4
11758.0,-5.640000000000001
11759.0,-5.05
11760.0,-5.09
11761.0,-5.2
11762.0,-5.1
11763.0,-5.65
11764.0,4.25
11765.0,-5.880000000000001
11766.0,4.43
11767.0,-5.06
11768.0,-5.7
11769.0,4.34
11770.0,-5.17
11771.0,-5.07
11772.0,-5.12
11773.0,-5.57
11774.0,4.27
11775.0,-5.11
11776.0,-5.07
11777.0,-5.01
11778.0,-5.19
11779.0,-5.08
11780.0,-5.38
11781.0,-5.02
11782.0,-5.05
11783.0,-5.2
11784.0,-5.01
11785.0,-5.02
11786.0,-5.02
11787.0,-5.1
11788.0,-5.01
11789.0,-5.04
11790.0,-5.760000000000001
11791.0,-5.01
11792.0,-5.03
11793.0,-5.29
11794.0,-1.0000000000000007
11795.0,-5.54
11796.0,-5.630000000000001
11797.0,-5.04
11798.0,-5.04
11799.0,-5.05
11800.0,-5.65
11801.0,-5.04
11802.0,-5.3100000000000005
11803.0,-5.05
11804.0,4.2299999999999995
11805.0,4.3
11806.0,-5.3
11807.0,4.39
11808.0,-5.390000000000001
11809.0,-5.02
11810.0,-5.34
11811.0,-5.04
11812.0,4.17
11813.0,-5.04
11814.0,-1.0000000000000007
11815.0,-5.38
11816.0,-5.7700000000000005
11817.0,-5.7
11818.0,-5.01
11819.0,-5.21
11820.0,-5.06
11821.0,-5.67
11822.0,-5.02
11823.0,-5.51
11824.0,-5.3
11825.0,-5.1
11826.0,-5.05
11827.0,-5.2
11828.0,-5.02
11829.0,-5.06
11830.0,-5.390000000000001
11831.0,-5.02
11832.0,-5.01
11833.0,-5.02
11834.0,-5.34
11835.0,-5.18
11836.0,4.4799999999999995
11837.0,-5.02
11838.0,-5.29
11839.0,-5.02
11840.0,-5.01
11841.0,-5.14
11842.0,-5.02
11843.0,-5.53
11844.0,-5.02
11845.0,-5.2
11846.0,4.369999999999999
11847.0,-5.54
11848.0,-5.09
11849.0,-5.04
11850.0,-5.6000000000000005
11851.0,-5.59
11852.0,-5.02
11853.0,-5.83
11854.0,-5.01
11855.0,-5.04
11856.0,-5.790000000000001
11857.0,-5.07
11858.0,-5.04
11859.0,4.01
11860.0,-5.04
11861.0,4.069999999999999
11862.0,-5.640000000000001
11863.0,-5.02
11864.0,4.449999999999999
11865.0,4.33
11866.0,4.14
11867.0,-5.800000000000001
11868.0,-5.08
11869.0,-5.66
11870.0,-5.1
11871.0,-5.86
11872.0,-5.02
11873.0,-5.34
11874.0,-5.02
11875.0,-5.15
11876.0,-5.53
11877.0,-5.01
11878.0,-5.06
11879.0,-5.470000000000001
11880.0,-5.45
11881.0,-5.24
11882.0,-5.2
11883.0,-5.02
11884.0,-5.07
11885.0,4.2299999999999995
11886.0,-5.83
11887.0,-5.75
11888.0,-5.08
11889.0,4.1899999999999995
11890.0,-5.03
11891.0,-5.18
11892.0,-5.04
11893.0,-5.02
11894.0,-5.04
11895.0,4.43
11896.0,-5.21
11897.0,-5.26
11898.0,-5.06
11899.0,-5.5
11900.0,-5.02
11901.0,-5.19
11902.0,-5.04
11903.0,-5.01
11904.0,-5.01
11905.0,-5.04
11906.0,-5.03
11907.0,-5.05
11908.0,-5.29
11909.0,4.1499999999999995
11910.0,4.31
11911.0,-5.02
11912.0,-5.74
11913.0,-5.12
11914.0,-5.73
11915.0,-5.03
11916.0,4.159999999999999
11917.0,-5.23
11918.0,-5.01
11919.0,4.38
11920.0,-5.09
11921.0,-5.12
11922.0,-5.24
11923.0,-5.01
11924.0,-5.24
11925.0,-5.3
11926.0,-5.06
11927.0,4.27
11928.0,-5.24
11929.0,-5.5600000000000005
11930.0,-5.09
11931.0,-5.13
11932.0,-5.11
11933.0,4.289999999999999
11934.0,-5.74
11935.0,-5.03
11936.0,4.09
11937.0,4.199999999999999
11938.0,-5.06
11939.0,4.35
11940.0,-5.18
11941.0,-5.02
11942.0,-5.5
11943.0,-5.02
11944.0,-5.11
11945.0,-5.08
11946.0,-5.22
11947.0,4.18
11948.0,4.26
11949.0,-5.16
11950.0,-5.04
11951.0,4.3
11952.0,-5.02
11953.0,-5.04
11954.0,-5.66
11955.0,-5.06
11956.0,-5.67
11957.0,-5.08
11958.0,4.39
11959.0,-5.03
11960.0,4.449999999999999
11961.0,-1.0000000000000007
11962.0,-1.0000000000000007
11963.0,-5.16
11964.0,4.35
11965.0,-5.02
11966.0,-5.34
11967.0,4.26
11968.0,-5.02
11969.0,-5.02
11970.0,-5.02
11971.0,-5.01
11972.0,-5.2700000000000005
11973.0,-5.07
11974.0,-5.03
11975.0,4.1899999999999995
11976.0,-5.04
11977.0,-1.0000000000000007
11978.0,-5.800000000000001
11979.0,-5.11
11980.0,4.18
11981.0,-5.02
11982.0,-5.26
11983.0,-5.02
11984.0,-5.12
11985.0,-5.36
11986.0,4.449999999999999
11987.0,-5.06
11988.0,-5.21
11989.0,-5.22
11990.0,-5.02
11991.0,-5.46
11992.0,-5.01
11993.0,-5.710000000000001
11994.0,-5.11
11995.0,-5.04
11996.0,4.369999999999999
11997.0,-5.06
11998.0,-5.5200000000000005
11999.0,4.1
12000.0,4.43
12001.0,-5.62
12002.0,-5.790000000000001
12003.0,-5.01
12004.0,-5.05
12005.0,-5.12
12006.0,-5.02
12007.0,-5.19
12008.0,-5.02
12009.0,-5.5
12010.0,-5.02
12011.0,-5.26
12012.0,-5.09
12013.0,-5.02
12014.0,-5.01
12015.0,-5.54
12016.0,-5.790000000000001
12017.0,-5.05
12018.0,-5.01
12019.0,-5.630000000000001
12020.0,-5.18
12021.0,-1.0000000000000007
12022.0,4.279999999999999
12023.0,-5.02
12024.0,-5.37
12025.0,-5.09
12026.0,-5.66
12027.0,-5.73
12028.0,-5.02
12029.0,-5.48
12030.0,-5.04
12031.0,-5.22
12032.0,-5.23
12033.0,-1.0000000000000007
12034.0,4.239999999999999
12035.0,-5.04
12036.0,4.289999999999999
12037.0,-5.04
12038.0,-5.07
12039.0,-5.51
12040.0,-5.46
12041.0,-5.57
12042.0,-1.0000000000000007
12043.0,-5.3
12044.0,-5.02
12045.0,-5.08
12046.0,-5.04
12047.0,-5.01
12048.0,-5.11
12049.0,-5.4
12050.0,-5.5600000000000005
12051.0,-5.17
12052.0,-5.01
12053.0,-5.01
12054.0,-5.14
12055.0,-5.06
12056.0,-5.21
12057.0,-5.34
12058.0,-5.69
12059.0,-5.2700000000000005
12060.0,-5.05
12061.0,-5.07
12062.0,-5.09
12063.0,-5.04
12064.0,-5.630000000000001
12065.0,4.43
12066.0,-5.06
12067.0,4.18
12068.0,-5.21
12069.0,-5.19
12070.0,-5.06
12071.0,-5.01
12072.0,-5.07
12073.0,-5.01
12074.0,-5.640000000000001
12075.0,-5.04
12076.0,-5.04
12077.0,-5.33
12078.0,-5.18
12079.0,-5.29
12080.0,-5.01
12081.0,-5.06
12082.0,-5.01
12083.0,-5.01
12084.0,-5.26
12085.0,-5.01
12086.0,-5.53
12087.0,-5.03
12088.0,-5.5
12089.0,-5.640000000000001
12090.0,4.25
12091.0,-5.17
12092.0,-5.02
12093.0,-5.67
12094.0,-5.09
12095.0,-5.03
12096.0,-5.02
12097.0,-5.04
12098.0,-5.800000000000001
12099.0,-1.0000000000000007
12100.0,-5.02
12101.0,-5.02
12102.0,4.09
12103.0,-5.14
12104.0,-5.44
12105.0,4.25
12106.0,-1.0000000000000007
12107.0,-1.0000000000000007
12108.0,-5.03
12109.0,-5.04
12110.0,-5.74
12111.0,-5.1
12112.0,-5.32
12113.0,-5.02
12114.0,-5.03
12115.0,-5.49
12116.0,-5.04
12117.0,-5.03
12118.0,4.029999999999999
12119.0,-5.640000000000001
12120.0,-5.05
12121.0,-5.45
12122.0,-5.2700000000000005
12123.0,-5.02
12124.0,-5.3500000000000005
12125.0,-5.02
12126.0,-5.26
12127.0,-5.06
12128.0,4.41
12129.0,-5.800000000000001
12130.0,-5.6000000000000005
12131.0,-5.06
12132.0,-5.45
12133.0,-5.04
12134.0,-5.02
12135.0,-5.18
12136.0,4.209999999999999
12137.0,-5.02
12138.0,-5.09
12139.0,-5.01
12140.0,-5.03
12141.0,4.3
12142.0,-5.03
12143.0,-5.06
12144.0,-5.01
12145.0,-5.01
12146.0,4.42
12147.0,-5.890000000000001
12148.0,-5.04
12149.0,-5.11
12150.0,-5.06
12151.0,-5.46
12152.0,4.369999999999999
12153.0,-5.680000000000001
12154.0,-1.0000000000000007
12155.0,-5.08
12156.0,-5.01
12157.0,-5.04
12158.0,-5.18
12159.0,-5.3
12160.0,-5.470000000000001
12161.0,-5.34
12162.0,-5.04
12163.0,-5.07
12164.0,-5.01
12165.0,-5.38
12166.0,-5.38
12167.0,-5.51
12168.0,-5.28
12169.0,-5.03
12170.0,-5.08
12171.0,-5.5600000000000005
12172.0,-5.01
12173.0,-5.19
12174.0,-5.5600000000000005
12175.0,-5.54
12176.0,-1.0000000000000007
12177.0,-5.3500000000000005
12178.0,-5.01
12179.0,-5.22
12180.0,-5.02
12181.0,-5.18
12182.0,-5.23
12183.0,-5.03
12184.0,-5.3
12185.0,-5.05
12186.0,-5.36
12187.0,-5.5600000000000005
12188.0,-5.08
12189.0,-5.45
12190.0,-5.65
12191.0,-5.630000000000001
12192.0,-5.04
12193.0,-5.08
12194.0,-5.640000000000001
12195.0,-5.08
12196.0,-5.21
12197.0,4.289999999999999
12198.0,-5.01
12199.0,-5.710000000000001
12200.0,-5.33
12201.0,-5.08
12202.0,-5.03
12203.0,-5.02
12204.0,-5.62
12205.0,-5.16
12206.0,-5.01
12207.0,-5.18
12208.0,4.199999999999999
12209.0,-5.390000000000001
12210.0,-5.16
12211.0,-5.01
12212.0,-5.2700000000000005
12213.0,4.38
12214.0,-5.38
12215.0,-5.1
12216.0,4.17
12217.0,-5.48
12218.0,-5.02
12219.0,-5.07
12220.0,-5.03
12221.0,-5.22
12222.0,-5.23
12223.0,-5.29
12224.0,-5.02
12225.0,-5.640000000000001
12226.0,-5.02
12227.0,-5.9
12228.0,-5.54
12229.0,-5.01
12230.0,4.049999999999999
12231.0,-5.33
12232.0,-5.18
12233.0,-5.07
12234.0,-5.26
12235.0,-5.03
12236.0,-5.02
12237.0,4.14
12238.0,-5.05
12239.0,-5.5200000000000005
12240.0,-5.5
12241.0,-5.02
12242.0,-5.7
12243.0,-5.4
12244.0,-5.32
12245.0,-5.49
12246.0,-5.36
12247.0,-5.42
12248.0,-5.02
12249.0,-5.6000000000000005
12250.0,-5.58
12251.0,-5.09
12252.0,-5.15
12253.0,-5.2
12254.0,-5.33
12255.0,-5.13
12256.0,-5.69
12257.0,-5.03
12258.0,-5.17
12259.0,-5.01
12260.0,-5.02
12261.0,-5.03
12262.0,-5.04
12263.0,-5.03
12264.0,-5.17
12265.0,-5.83
12266.0,-5.05
12267.0,4.18
12268.0,-5.78
12269.0,-5.16
12270.0,-5.06
12271.0,-5.760000000000001
12272.0,-5.23
12273.0,-5.44
12274.0,-5.970000000000001
12275.0,-5.630000000000001
12276.0,-5.67
12277.0,-5.01
12278.0,-5.2
12279.0,-5.02
12280.0,-5.630000000000001
12281.0,-5.04
12282.0,-5.01
12283.0,-5.05
12284.0,-5.01
12285.0,-5.24
12286.0,-5.04
12287.0,-5.07
12288.0,-5.3500000000000005
12289.0,-5.03
12290.0,-5.04
12291.0,-5.06
12292.0,-5.11
12293.0,-5.8100000000000005
12294.0,-5.18
12295.0,-5.02
12296.0,-5.01
12297.0,-5.04
12298.0,-5.5200000000000005
12299.0,-5.24
12300.0,-5.03
12301.0,-5.1
12302.0,-5.07
12303.0,-5.1
12304.0,-5.02
12305.0,-5.24
12306.0,-5.22
12307.0,4.35
12308.0,-5.01
12309.0,-5.03
12310.0,-5.02
12311.0,-5.4
12312.0,-5.03
12313.0,-5.05
12314.0,-5.5200000000000005
12315.0,-5.34
12316.0,-5.04
12317.0,-5.14
12318.0,-5.65
12319.0,-5.2700000000000005
12320.0,-5.17
12321.0,-5.18
12322.0,4.27
12323.0,-5.02
12324.0,-5.04
12325.0,-5.05
12326.0,-5.75
12327.0,-5.49
12328.0,-5.33
12329.0,-5.02
12330.0,-5.06
12331.0,-5.36
12332.0,-5.65
12333.0,-5.11
12334.0,-5.02
12335.0,-5.04
12336.0,-5.02
12337.0,4.43
12338.0,-5.08
12339.0,-5.21
12340.0,-5.04
12341.0,-5.02
12342.0,-5.02
12343.0,-5.04
12344.0,-5.34
12345.0,-5.48
12346.0,-5.62
12347.0,-5.28
12348.0,-5.08
12349.0,-5.02
12350.0,-5.01
12351.0,-5.51
12352.0,-5.28
12353.0,-5.02
12354.0,-5.07
12355.0,-5.03
12356.0,4.51
12357.0,-5.720000000000001
12358.0,-5.5600000000000005
12359.0,-5.08
12360.0,4.289999999999999
12361.0,-5.44
12362.0,-5.03
12363.0,-5.04
12364.0,4.38
12365.0,-5.2700000000000005
12366.0,-5.36
12367.0,-5.14
12368.0,-5.06
12369.0,-5.390000000000001
12370.0,-5.36
12371.0,-5.3100000000000005
12372.0,4.47
12373.0,-5.04
12374.0,-5.01
12375.0,-5.51
12376.0,-5.65
12377.0,4.25
12378.0,-5.06
12379.0,-5.18
12380.0,-5.22
12381.0,-5.2
12382.0,-5.05
12383.0,-5.12
12384.0,-5.640000000000001
12385.0,-5.07
12386.0,4.319999999999999
12387.0,4.51
12388.0,-5.05
12389.0,4.18
12390.0,-5.08
12391.0,-5.37
12392.0,-5.5200000000000005
12393.0,-5.07
12394.0,-5.62
12395.0,-5.21
12396.0,-5.03
12397.0,-5.09
12398.0,-5.03
12399.0,4.369999999999999
12400.0,-5.1
12401.0,-5.430000000000001
12402.0,-5.48
12403.0,-5.65
12404.0,-5.01
12405.0,-5.01
12406.0,-5.26
12407.0,-5.05
12408.0,-5.08
12409.0,-5.36
12410.0,-5.24
12411.0,-5.07
12412.0,-5.19
12413.0,-5.11
12414.0,-5.53
12415.0,-5.22
12416.0,-5.02
12417.0,-5.22
12418.0,-5.04
12419.0,-5.19
12420.0,-5.12
12421.0,-5.59
12422.0,-5.720000000000001
12423.0,-5.06
12424.0,-5.07
12425.0,-5.18
12426.0,-5.630000000000001
12427.0,-5.44
12428.0,-5.32
12429.0,-5.01
12430.0,-5.02
12431.0,-5.01
12432.0,-5.29
12433.0,-1.0000000000000007
12434.0,-5.3
12435.0,-5.05
12436.0,-5.06
12437.0,-5.05
12438.0,-5.38
12439.0,4.47
12440.0,-5.02
12441.0,-5.04
12442.0,-5.640000000000001
12443.0,-5.2700000000000005
12444.0,-5.01
12445.0,-5.01
12446.0,-5.02
12447.0,-5.02
12448.0,-5.06
12449.0,-5.44
12450.0,-5.01
12451.0,4.1499999999999995
12452.0,-5.06
12453.0,-5.26
12454.0,-5.04
12455.0,-5.04
12456.0,-5.44
12457.0,-5.34
12458.0,-5.02
12459.0,-5.03
12460.0,-5.16
12461.0,-5.24
12462.0,-5.34
12463.0,-5.02
12464.0,4.209999999999999
12465.0,-5.06
12466.0,-5.05
12467.0,-5.12
12468.0,-5.05
12469.0,-5.5600000000000005
12470.0,-5.59
12471.0,4.38
12472.0,-5.01
12473.0,-5.01
12474.0,-5.08
12475.0,-5.04
12476.0,-5.04
12477.0,-5.04
12478.0,-5.04
12479.0,-5.05
12480.0,-5.4
12481.0,-5.07
12482.0,-5.28
12483.0,-5.41
12484.0,-5.41
12485.0,-5.3100000000000005
12486.0,-1.0000000000000007
12487.0,-5.08
12488.0,-5.24
12489.0,-5.470000000000001
12490.0,-5.14
12491.0,-5.02
12492.0,-5.28
12493.0,-5.09
12494.0,4.1899999999999995
12495.0,-5.51
12496.0,-5.05
12497.0,-5.01
12498.0,-5.54
12499.0,-5.04
12500.0,-5.02
12501.0,-5.04
12502.0,-5.06
12503.0,-5.48
12504.0,-5.36
12505.0,-5.02
12506.0,-5.21
12507.0,-5.7
12508.0,-5.880000000000001
12509.0,-5.02
12510.0,-5.07
12511.0,4.209999999999999
12512.0,-5.02
12513.0,4.02
12514.0,-5.06
12515.0,-5.38
12516.0,-5.06
12517.0,-5.680000000000001
12518.0,-5.01
12519.0,-5.04
12520.0,-5.02
12521.0,-5.07
12522.0,-5.36
12523.0,-5.01
12524.0,-5.38
12525.0,-5.7
12526.0,-5.07
12527.0,-5.24
12528.0,-5.14
12529.0,-5.3500000000000005
12530.0,-5.3500000000000005
12531.0,-5.34
12532.0,4.1
12533.0,-5.01
12534.0,-5.12
12535.0,-5.04
12536.0,-5.01
12537.0,-5.04
12538.0,-5.18
12539.0,-5.05
12540.0,-5.01
12541.0,-5.2
12542.0,-5.02
12543.0,-5.15
12544.0,-5.23
12545.0,-5.05
12546.0,-1.0000000000000007
12547.0,-5.02
12548.0,-5.790000000000001
12549.0,-5.11
12550.0,-5.04
12551.0,-5.14
12552.0,-5.06
12553.0,-5.03
12554.0,-5.49
12555.0,-5.61
12556.0,-5.01
12557.0,-5.06
12558.0,-5.01
12559.0,-5.04
12560.0,-5.02
12561.0,-5.03
12562.0,-5.06
12563.0,-5.02
12564.0,-5.14
12565.0,-5.07
12566.0,-5.67
12567.0,-5.26
12568.0,-5.11
12569.0,4.38
12570.0,-5.44
12571.0,-5.02
12572.0,-5.34
12573.0,-5.04
12574.0,-5.24
12575.0,-5.49
12576.0,-5.16
12577.0,-5.46
12578.0,-5.15
12579.0,-5.05
12580.0,-5.08
12581.0,-5.07
12582.0,-5.04
12583.0,-5.54
12584.0,-5.04
12585.0,-5.06
12586.0,-5.01
12587.0,-5.02
12588.0,-5.25
12589.0,-5.41
12590.0,-5.02
12591.0,-5.18
12592.0,-5.11
12593.0,-5.05
12594.0,-5.66
12595.0,-5.2
12596.0,-5.42
12597.0,-5.03
12598.0,-5.07
12599.0,-5.25
12600.0,-5.25
12601.0,-5.59
12602.0,-5.04
12603.0,-5.62
12604.0,-5.66
12605.0,4.3
12606.0,-5.960000000000001
12607.0,-5.29
12608.0,4.069999999999999
12609.0,-5.06
12610.0,-5.01
12611.0,-5.36
12612.0,-5.2
12613.0,-5.9
12614.0,-5.06
12615.0,-5.04
12616.0,-5.38
12617.0,-5.01
12618.0,-5.19
12619.0,4.079999999999999
12620.0,-5.02
12621.0,-5.02
12622.0,-5.53
12623.0,-5.18
12624.0,-5.24
12625.0,-5.430000000000001
12626.0,-5.09
12627.0,4.17
12628.0,-5.01
12629.0,-5.48
12630.0,-5.06
12631.0,-5.02
12632.0,-5.02
12633.0,-5.07
12634.0,-5.03
12635.0,-5.3
12636.0,-5.02
12637.0,-5.5200000000000005
12638.0,4.42
12639.0,-5.430000000000001
12640.0,-5.21
12641.0,-5.28
12642.0,-5.08
12643.0,-5.04
12644.0,4.02
12645.0,-5.2700000000000005
12646.0,-5.01
12647.0,-5.03
12648.0,4.4799999999999995
12649.0,-5.36
12650.0,-5.470000000000001
12651.0,-5.41
12652.0,-5.430000000000001
12653.0,-5.08
12654.0,-5.03
12655.0,-5.04
12656.0,-5.28
12657.0,-5.08
12658.0,-5.640000000000001
12659.0,-5.02
12660.0,-5.14
12661.0,-5.21
12662.0,4.209999999999999
12663.0,4.3999999999999995
12664.0,4.2299999999999995
12665.0,4.25
12666.0,-5.390000000000001
12667.0,-1.0000000000000007
12668.0,-5.07
12669.0,-5.5
12670.0,-5.02
12671.0,-5.26
12672.0,-5.2
12673.0,-5.08
12674.0,-5.19
12675.0,-5.02
12676.0,-5.02
12677.0,-5.05
12678.0,4.27
12679.0,-5.34
12680.0,-5.03
12681.0,-5.03
12682.0,-5.21
12683.0,-5.05
12684.0,-5.02
12685.0,-5.01
12686.0,-5.07
12687.0,-5.06
12688.0,-5.01
12689.0,-5.44
12690.0,-5.12
12691.0,-5.23
12692.0,-5.44
12693.0,-5.28
12694.0,4.2299999999999995
12695.0,-5.01
12696.0,-5.01
12697.0,-5.06
12698.0,-5.04
12699.0,-5.74
12700.0,-5.09
12701.0,-5.01
12702.0,-5.14
12703.0,-5.630000000000001
12704.0,-5.01
12705.0,-5.22
12706.0,-5.08
12707.0,-5.04
12708.0,-5.45
12709.0,-5.66
12710.0,-5.09
12711.0,-5.03
12712.0,-5.550000000000001
12713.0,-5.58
12714.0,-5.05
12715.0,-5.57
12716.0,4.18
12717.0,-5.04
12718.0,-5.05
12719.0,-5.02
12720.0,-5.430000000000001
12721.0,-5.28
12722.0,-5.01
12723.0,-5.02
12724.0,-5.22
12725.0,-5.57
12726.0,-5.66
12727.0,-5.04
12728.0,-5.680000000000001
12729.0,-5.51
12730.0,-5.46
12731.0,-5.9
12732.0,-5.37
12733.0,-5.06
12734.0,-5.48
12735.0,-5.04
12736.0,-5.02
12737.0,-5.06
12738.0,-5.04
12739.0,-5.37
12740.0,-5.07
12741.0,-5.06
12742.0,-5.800000000000001
12743.0,-5.03
12744.0,-5.1
12745.0,-5.16
12746.0,-5.14
12747.0,-5.28
12748.0,-5.02
12749.0,-5.22
12750.0,-5.05
12751.0,-5.32
12752.0,-5.8500000000000005
12753.0,-5.09
12754.0,-5.22
12755.0,-5.19
12756.0,-5.02
12757.0,-5.5600000000000005
12758.0,-5.03
12759.0,-5.760000000000001
12760.0,-5.38
12761.0,-5.5600000000000005
12762.0,-5.32
12763.0,-5.49
12764.0,-5.16
12765.0,-5.3100000000000005
12766.0,-5.34
12767.0,-5.26
12768.0,-5.02
12769.0,-5.01
12770.0,-5.06
12771.0,-5.28
12772.0,-5.17
12773.0,-5.2700000000000005
12774.0,-5.04
12775.0,-5.29
12776.0,-5.62
12777.0,-5.3
12778.0,-5.46
12779.0,-5.69
12780.0,-5.720000000000001
12781.0,-5.16
12782.0,-5.48
12783.0,4.09
12784.0,-5.2700000000000005
12785.0,-5.02
12786.0,-5.54
12787.0,-5.13
12788.0,-5.54
12789.0,-5.58
12790.0,-5.3
12791.0,-5.26
12792.0,-5.08
12793.0,4.4399999999999995
12794.0,-5.32
12795.0,-5.02
12796.0,-5.5
12797.0,-5.06
12798.0,-5.24
12799.0,-5.23
12800.0,-5.02
12801.0,-5.54
12802.0,-5.09
12803.0,-5.390000000000001
12804.0,-5.08
12805.0,-5.59
12806.0,-5.07
12807.0,-5.36
12808.0,-5.22
12809.0,-5.09
12810.0,-5.01
12811.0,-5.6000000000000005
12812.0,-5.25
12813.0,-5.3500000000000005
12814.0,-5.32
12815.0,-5.01
12816.0,-5.33
12817.0,-5.12
12818.0,-5.18
12819.0,-5.06
12820.0,4.39
12821.0,-5.01
12822.0,-5.01
12823.0,-5.26
12824.0,-5.5200000000000005
12825.0,4.39
12826.0,-5.86
12827.0,-5.09
12828.0,-5.870000000000001
12829.0,-5.26
12830.0,-5.02
12831.0,-5.18
12832.0,-5.01
12833.0,-5.02
12834.0,-5.05
12835.0,-5.680000000000001
12836.0,-5.74
12837.0,-5.06
12838.0,-5.02
12839.0,-5.02
12840.0,-5.21
12841.0,4.43
12842.0,-5.08
12843.0,-5.26
12844.0,-5.01
12845.0,-5.02
12846.0,-5.58
12847.0,-5.34
12848.0,4.129999999999999
12849.0,-5.18
12850.0,-5.01
12851.0,-5.18
12852.0,-5.920000000000001
12853.0,-5.06
12854.0,-5.46
12855.0,-5.18
12856.0,-5.01
12857.0,-5.01
12858.0,-5.04
12859.0,-5.06
12860.0,-5.42
12861.0,-5.01
12862.0,-5.24
12863.0,-5.06
12864.0,-5.01
12865.0,-5.75
12866.0,-5.3100000000000005
12867.0,-5.11
12868.0,4.01
12869.0,-5.3100000000000005
12870.0,4.369999999999999
12871.0,-5.3100000000000005
12872.0,-5.02
12873.0,-5.26
12874.0,-5.01
12875.0,-5.04
12876.0,-5.430000000000001
12877.0,-5.3
12878.0,-5.01
12879.0,-5.65
12880.0,-5.49
12881.0,-5.26
12882.0,-5.49
12883.0,-5.17
12884.0,-5.26
12885.0,-5.14
12886.0,-5.33
12887.0,-5.01
12888.0,-5.04
12889.0,-5.6000000000000005
12890.0,-5.46
12891.0,4.159999999999999
12892.0,-5.45
12893.0,-5.01
12894.0,-5.01
12895.0,-5.01
12896.0,-5.23
12897.0,-5.04
12898.0,-5.04
12899.0,-5.03
12900.0,-5.04
12901.0,-5.02
12902.0,-5.45
12903.0,-5.2
12904.0,-5.44
12905.0,4.279999999999999
12906.0,-5.5600000000000005
12907.0,-5.02
12908.0,-5.02
12909.0,-5.5600000000000005
12910.0,-5.630000000000001
12911.0,-5.07
12912.0,-5.3
12913.0,-5.42
12914.0,-5.34
12915.0,-5.5
12916.0,4.41
12917.0,-5.03
12918.0,4.4799999999999995
12919.0,-5.04
12920.0,-5.12
12921.0,4.209999999999999
12922.0,-5.3
12923.0,4.129999999999999
12924.0,-5.02
12925.0,-5.24
12926.0,-5.06
12927.0,-5.04
12928.0,-5.51
12929.0,-5.430000000000001
12930.0,-5.06
12931.0,-5.02
12932.0,-5.390000000000001
12933.0,-5.02
12934.0,-5.01
12935.0,-5.03
12936.0,-5.470000000000001
12937.0,-5.04
12938.0,-5.25
12939.0,-5.01
12940.0,-5.04
12941.0,-5.5200000000000005
12942.0,-5.13
12943.0,-5.09
12944.0,-5.49
12945.0,4.1
12946.0,-1.0000000000000007
12947.0,-5.01
12948.0,-5.09
12949.0,4.34
12950.0,-5.57
12951.0,-5.01
12952.0,-5.01
12953.0,-5.46
12954.0,-5.04
12955.0,-5.54
12956.0,-5.1
12957.0,-5.630000000000001
12958.0,-5.02
12959.0,-5.03
12960.0,-5.41
12961.0,-5.29
12962.0,-5.46
12963.0,-5.3500000000000005
12964.0,4.369999999999999
12965.0,-5.05
12966.0,-5.42
12967.0,-5.04
12968.0,-5.2
12969.0,-5.23
12970.0,-5.7700000000000005
12971.0,-5.5
12972.0,-5.82
12973.0,-5.08
12974.0,-5.32
12975.0,-5.630000000000001
12976.0,-5.41
12977.0,-5.29
12978.0,-5.920000000000001
12979.0,-5.33
12980.0,-5.03
12981.0,-5.800000000000001
12982.0,-5.7
12983.0,-5.45
12984.0,4.109999999999999
12985.0,-5.65
12986.0,-5.06
12987.0,-5.46
12988.0,-5.07
12989.0,-5.36
12990.0,-5.06
12991.0,4.31
12992.0,-5.04
12993.0,-5.02
12994.0,-5.49
12995.0,-5.06
12996.0,-5.05
12997.0,-5.05
12998.0,4.2299999999999995
12999.0,4.17
13000.0,4.38
13001.0,-5.550000000000001
13002.0,-5.02
13003.0,-5.470000000000001
13004.0,-5.32
13005.0,-5.51
13006.0,-5.04
13007.0,-5.48
13008.0,-5.02
13009.0,-5.01
13010.0,-5.58
13011.0,-5.430000000000001
13012.0,-5.07
13013.0,-5.720000000000001
13014.0,-5.36
13015.0,-5.34
13016.0,-5.4
13017.0,-5.08
13018.0,-5.07
13019.0,-5.06
13020.0,-5.23
13021.0,-5.51
13022.0,-5.04
13023.0,-5.390000000000001
13024.0,-5.01
13025.0,4.359999999999999
13026.0,4.22
13027.0,-5.08
13028.0,4.41
13029.0,-5.720000000000001
13030.0,-5.05
13031.0,4.35
13032.0,-5.02
13033.0,-5.04
13034.0,-5.05
13035.0,-5.680000000000001
13036.0,-5.08
13037.0,4.279999999999999
13038.0,-5.32
13039.0,-5.03
13040.0,-5.1
13041.0,-5.73
13042.0,-5.02
13043.0,-5.01
13044.0,4.35
13045.0,-5.04
13046.0,-5.09
13047.0,-5.01
13048.0,-5.04
13049.0,-5.01
13050.0,-5.26
13051.0,-5.02
13052.0,4.41
13053.0,-5.07
13054.0,-5.3500000000000005
13055.0,-5.02
13056.0,-5.02
13057.0,-5.01
13058.0,4.31
13059.0,-5.17
13060.0,-5.02
13061.0,-5.58
13062.0,-5.06
13063.0,-5.34
13064.0,-5.07
13065.0,-5.470000000000001
13066.0,4.1
13067.0,-5.03
13068.0,-5.06
13069.0,-5.02
13070.0,-5.680000000000001
13071.0,-5.01
13072.0,-5.45
13073.0,-5.5200000000000005
13074.0,-5.5
13075.0,-5.69
13076.0,-5.03
13077.0,-5.5
13078.0,-5.02
13079.0,-5.01
13080.0,-5.07
13081.0,-5.02
13082.0,-5.42
13083.0,4.2299999999999995
13084.0,4.2299999999999995
13085.0,-5.02
13086.0,-5.44
13087.0,-5.24
13088.0,-5.5
13089.0,-5.12
13090.0,4.3999999999999995
13091.0,-5.11
13092.0,-5.21
13093.0,-5.37
13094.0,-5.01
13095.0,4.289999999999999
13096.0,4.41
13097.0,4.279999999999999
13098.0,-5.11
13099.0,-5.5
13100.0,-5.08
13101.0,-1.0000000000000007
13102.0,-5.33
13103.0,-5.02
13104.0,-5.07
13105.0,-5.05
13106.0,4.3999999999999995
13107.0,-5.720000000000001
13108.0,-5.36
13109.0,4.5
13110.0,-5.02
13111.0,-5.02
13112.0,-5.5
13113.0,-5.02
13114.0,-5.04
13115.0,-5.09
13116.0,-5.21
13117.0,-5.08
13118.0,-5.66
13119.0,-5.12
13120.0,-5.04
13121.0,-5.01
13122.0,-5.41
13123.0,-5.04
13124.0,-5.58
13125.0,-5.04
13126.0,-5.57
13127.0,-5.14
13128.0,-5.03
13129.0,-5.24
13130.0,-5.02
13131.0,-5.12
13132.0,-5.45
13133.0,-5.26
13134.0,-5.02
13135.0,-5.05
13136.0,4.18
13137.0,-5.01
13138.0,-5.62
13139.0,-5.61
13140.0,-5.08
13141.0,-5.53
13142.0,-5.03
13143.0,-5.36
13144.0,-5.44
13145.0,-5.03
13146.0,-5.05
13147.0,-5.01
13148.0,-5.640000000000001
13149.0,-5.03
13150.0,-5.49
13151.0,-5.05
13152.0,-5.3100000000000005
13153.0,-5.14
13154.0,-5.37
13155.0,-5.08
13156.0,-5.5200000000000005
13157.0,-5.05
13158.0,-5.37
13159.0,4.369999999999999
13160.0,-5.24
13161.0,-5.06
13162.0,4.239999999999999
13163.0,-5.32
13164.0,-5.5200000000000005
13165.0,4.47
13166.0,-5.04
13167.0,-5.32
13168.0,-5.44
13169.0,-5.04
13170.0,4.17
13171.0,-5.4
13172.0,-5.630000000000001
13173.0,-5.01
13174.0,-5.06
13175.0,4.4399999999999995
13176.0,-5.82
13177.0,4.209999999999999
13178.0,-5.04
13179.0,-5.800000000000001
13180.0,4.18
13181.0,-5.390000000000001
13182.0,-5.57
13183.0,-5.05
13184.0,-5.01
13185.0,-5.01
13186.0,-5.710000000000001
13187.0,-5.01
13188.0,-5.45
13189.0,-5.46
13190.0,-5.45
13191.0,-5.03
13192.0,-5.18
13193.0,-5.870000000000001
13194.0,-5.07
13195.0,-5.09
13196.0,-5.02
13197.0,-5.08
13198.0,-5.01
13199.0,-5.14
13200.0,-5.470000000000001
13201.0,-5.04
13202.0,-5.02
13203.0,-5.05
13204.0,-5.29
13205.0,-5.2700000000000005
13206.0,-5.4
13207.0,-5.03
13208.0,-5.38
13209.0,-5.03
13210.0,-5.04
13211.0,-5.02
13212.0,-5.46
13213.0,-5.08
13214.0,4.3999999999999995
13215.0,-5.01
13216.0,-5.58
13217.0,-5.51
13218.0,-5.5600000000000005
13219.0,-5.02
13220.0,-5.14
13221.0,-5.02
13222.0,-5.6000000000000005
13223.0,-5.48
13224.0,-5.04
13225.0,-5.06
13226.0,-5.2700000000000005
13227.0,-5.37
13228.0,-5.58
13229.0,-5.470000000000001
13230.0,-5.3500000000000005
13231.0,-5.61
13232.0,-5.01
13233.0,-5.45
13234.0,-5.06
13235.0,-5.01
13236.0,-5.36
13237.0,-5.65
13238.0,-5.430000000000001
13239.0,-5.25
13240.0,-5.430000000000001
13241.0,-5.04
13242.0,-5.07
13243.0,-5.42
13244.0,-5.3100000000000005
13245.0,-5.5200000000000005
13246.0,-5.33
13247.0,-5.03
13248.0,-5.42
13249.0,-5.06
13250.0,-5.26
13251.0,-5.34
13252.0,-5.02
13253.0,4.209999999999999
13254.0,-5.08
13255.0,-5.01
13256.0,-5.02
13257.0,-5.49
13258.0,-5.03
13259.0,-5.01
13260.0,-5.01
13261.0,-5.02
13262.0,-5.48
13263.0,-5.2700000000000005
13264.0,-5.26
13265.0,-5.01
13266.0,-5.5600000000000005
13267.0,-5.41
13268.0,-5.06
13269.0,-5.62
13270.0,-5.32
13271.0,-5.03
13272.0,-5.04
13273.0,-5.12
13274.0,-5.550000000000001
13275.0,-5.61
13276.0,-5.470000000000001
13277.0,-5.08
13278.0,-5.3100000000000005
13279.0,-5.26
13280.0,-5.1
13281.0,-5.33
13282.0,-5.04
13283.0,-5.45
13284.0,-5.03
13285.0,-5.02
13286.0,4.33
13287.0,-5.01
13288.0,-5.11
13289.0,-5.14
13290.0,-5.37
13291.0,-5.640000000000001
13292.0,-5.1
13293.0,-5.01
13294.0,-5.48
13295.0,-5.02
13296.0,-5.2700000000000005
13297.0,-5.04
13298.0,-5.41
13299.0,-5.02
13300.0,-5.5
13301.0,-5.3500000000000005
13302.0,-5.57
13303.0,-5.680000000000001
13304.0,-5.03
13305.0,-5.5
13306.0,-5.05
13307.0,-5.28
13308.0,-5.01
13309.0,-5.18
13310.0,-5.05
13311.0,-5.02
13312.0,-5.01
13313.0,-5.36
13314.0,-5.4
13315.0,-5.02
13316.0,-5.06
13317.0,-5.02
13318.0,-5.32
13319.0,-5.06
13320.0,-5.01
13321.0,-5.5200000000000005
13322.0,-5.06
13323.0,-5.54
13324.0,4.25
13325.0,-5.04
13326.0,-5.01
13327.0,-5.03
13328.0,-5.2
13329.0,-5.5200000000000005
13330.0,-5.01
13331.0,-5.06
13332.0,-5.01
13333.0,-5.12
13334.0,-5.38
13335.0,-5.46
13336.0,-5.5
13337.0,-5.24
13338.0,-5.7
13339.0,4.079999999999999
13340.0,-5.46
13341.0,-5.13
13342.0,-5.01
13343.0,-5.04
13344.0,-5.57
13345.0,-5.3500000000000005
13346.0,4.35
13347.0,-5.01
13348.0,-5.41
13349.0,-5.04
13350.0,-5.5600000000000005
13351.0,-5.07
13352.0,-5.49
13353.0,-5.4
13354.0,4.26
13355.0,-5.32
13356.0,4.49
13357.0,-5.33
13358.0,-5.16
13359.0,-5.430000000000001
13360.0,-5.01
13361.0,-5.05
13362.0,-5.3
13363.0,-5.66
13364.0,-5.62
13365.0,-5.06
13366.0,-5.51
13367.0,-5.08
13368.0,-5.04
13369.0,-5.53
13370.0,-5.91
13371.0,-5.05
13372.0,-5.01
13373.0,-5.66
13374.0,-5.36
13375.0,4.369999999999999
13376.0,-5.04
13377.0,-5.04
13378.0,-5.1
13379.0,-5.45
13380.0,-5.02
13381.0,-5.48
13382.0,-5.08
13383.0,-5.02
13384.0,-5.04
13385.0,-5.45
13386.0,-5.4
13387.0,-5.02
13388.0,-5.34
13389.0,-5.640000000000001
13390.0,-5.41
13391.0,-5.41
13392.0,-5.01
13393.0,-5.05
13394.0,-5.03
13395.0,-5.430000000000001
13396.0,-5.01
13397.0,4.1
13398.0,-5.41
13399.0,-5.03
13400.0,-5.18
13401.0,-5.3500000000000005
13402.0,-5.3100000000000005
13403.0,-5.51
13404.0,-5.32
13405.0,-5.7
13406.0,-5.46
13407.0,-5.03
13408.0,-5.36
13409.0,-5.06
13410.0,-5.01
13411.0,-5.44
13412.0,-5.08
13413.0,-5.08
13414.0,-5.06
13415.0,-5.02
13416.0,4.319999999999999
13417.0,-5.640000000000001
13418.0,-5.4
13419.0,-5.42
13420.0,-5.02
13421.0,-5.38
13422.0,-5.74
13423.0,-5.32
13424.0,-5.08
13425.0,-5.3100000000000005
13426.0,-5.53
13427.0,-5.5
13428.0,-5.05
13429.0,-5.02
13430.0,-5.02
13431.0,-5.16
13432.0,-5.02
13433.0,-5.16
13434.0,-5.01
13435.0,4.54
13436.0,-5.02
13437.0,-5.36
13438.0,-5.69
13439.0,-5.5600000000000005
13440.0,-5.01
13441.0,-5.04
13442.0,-5.5
13443.0,-5.36
13444.0,-5.48
13445.0,-5.46
13446.0,-5.41
13447.0,-5.36
13448.0,-5.04
13449.0,-5.6000000000000005
13450.0,-5.05
13451.0,-5.3100000000000005
13452.0,-5.44
13453.0,-5.03
13454.0,-5.54
13455.0,-5.3100000000000005
13456.0,-5.42
13457.0,-5.02
13458.0,-5.02
13459.0,-5.51
13460.0,-5.19
13461.0,-5.5
13462.0,-5.38
13463.0,-5.04
13464.0,-5.48
13465.0,-5.28
13466.0,-5.640000000000001
13467.0,-5.09
13468.0,-5.05
13469.0,-5.06
13470.0,-5.01
13471.0,-5.32
13472.0,-5.34
13473.0,-5.37
13474.0,-5.04
13475.0,-5.03
13476.0,-5.3500000000000005
13477.0,-5.01
13478.0,-5.2700000000000005
13479.0,-5.12
13480.0,-5.28
13481.0,-5.3100000000000005
13482.0,-5.07
13483.0,-5.01
13484.0,-5.430000000000001
13485.0,-5.58
13486.0,-5.33
13487.0,-5.470000000000001
13488.0,-5.6000000000000005
13489.0,-5.02
13490.0,-5.630000000000001
13491.0,-5.5
13492.0,-5.02
13493.0,-5.06
13494.0,-5.08
13495.0,-5.49
13496.0,-5.470000000000001
13497.0,-5.05
13498.0,-5.48
13499.0,-5.2700000000000005
13500.0,-5.04
13501.0,-5.02
13502.0,-5.41
13503.0,-5.01
13504.0,-5.42
13505.0,-5.470000000000001
13506.0,-5.3100000000000005
13507.0,-5.22
13508.0,-5.54
13509.0,-5.04
13510.0,-5.1
13511.0,-5.01
13512.0,-5.49
13513.0,-5.23
13514.0,-5.08
13515.0,-5.28
13516.0,-5.42
13517.0,-5.33
13518.0,-5.19
13519.0,-5.06
13520.0,-5.44
13521.0,-5.02
13522.0,-5.07
13523.0,-5.01
13524.0,-5.03
13525.0,-5.01
13526.0,-5.29
13527.0,-5.03
13528.0,-5.06
13529.0,-5.02
13530.0,-5.05
13531.0,-5.01
13532.0,-5.33
13533.0,-5.02
13534.0,-5.07
13535.0,-5.25
13536.0,-5.08
13537.0,-5.41
13538.0,-5.34
13539.0,4.2299999999999995
13540.0,-5.14
13541.0,-5.4
13542.0,-5.02
13543.0,-5.04
13544.0,-5.08
13545.0,-5.06
13546.0,-5.32
13547.0,-5.03
13548.0,-5.02
13549.0,-5.44
13550.0,-5.02
13551.0,-5.06
13552.0,-5.11
13553.0,-5.65
13554.0,-5.1
13555.0,-5.02
13556.0,-5.01
13557.0,-5.01
13558.0,-5.38
13559.0,-5.41
13560.0,-5.02
13561.0,-5.01
13562.0,-5.51
13563.0,-5.44
13564.0,-5.46
13565.0,-5.4
13566.0,-5.01
13567.0,-5.720000000000001
13568.0,-5.45
13569.0,-5.12
13570.0,-5.13
13571.0,-5.05
13572.0,-5.49
13573.0,-5.02
13574.0,-5.46
13575.0,-5.03
13576.0,-5.1
13577.0,-5.01
13578.0,-5.34
13579.0,-5.3500000000000005
13580.0,-5.2700000000000005
13581.0,-5.4
13582.0,-5.17
13583.0,-5.28
13584.0,-5.38
13585.0,-5.66
13586.0,-5.37
13587.0,4.22
13588.0,-5.11
13589.0,-5.08
13590.0,-5.08
13591.0,-5.46
13592.0,-5.02
13593.0,-5.03
13594.0,-5.05
13595.0,-5.04
13596.0,-5.28
13597.0,-1.0000000000000007
13598.0,-5.01
13599.0,-5.01
13600.0,-5.26
13601.0,-5.33
13602.0,-5.07
13603.0,-5.74
13604.0,-5.5200000000000005
13605.0,-5.06
13606.0,-5.41
13607.0,-5.58
13608.0,-5.02
13609.0,-5.51
13610.0,-5.57
13611.0,-5.46
13612.0,-5.4
13613.0,-5.03
13614.0,-5.3100000000000005
13615.0,-5.02
13616.0,-5.49
13617.0,-5.28
13618.0,-5.34
13619.0,-5.01
13620.0,-5.06
13621.0,-5.09
13622.0,-5.02
13623.0,-5.14
13624.0,-5.01
13625.0,-5.16
13626.0,-5.01
13627.0,-5.33
13628.0,-5.28
13629.0,-5.1
13630.0,-5.640000000000001
13631.0,-5.3100000000000005
13632.0,-5.02
13633.0,-5.26
13634.0,-5.06
13635.0,-5.34
13636.0,-5.05
13637.0,4.39
13638.0,-5.02
13639.0,-5.12
13640.0,-5.09
13641.0,4.209999999999999
13642.0,-5.26
13643.0,-5.04
13644.0,-5.08
13645.0,-5.01
13646.0,-5.1
13647.0,-5.02
13648.0,-5.04
13649.0,-5.06
13650.0,-5.01
13651.0,4.35
13652.0,-5.37
13653.0,-5.5600000000000005
13654.0,-5.06
13655.0,-5.05
13656.0,-5.03
13657.0,-5.09
13658.0,-5.16
13659.0,-5.03
13660.0,-5.3
13661.0,-5.4
13662.0,-5.11
13663.0,-5.05
13664.0,-5.4
13665.0,-5.32
13666.0,-5.3
13667.0,-5.34
13668.0,-5.3100000000000005
13669.0,-5.04
13670.0,-5.29
13671.0,-5.05
13672.0,-5.02
13673.0,-5.02
13674.0,-5.390000000000001
13675.0,-5.5200000000000005
13676.0,-1.0000000000000007
13677.0,-5.08
13678.0,-5.01
13679.0,-5.58
13680.0,-5.550000000000001
13681.0,-5.54
13682.0,-5.12
13683.0,-5.4
13684.0,-5.29
13685.0,-5.29
13686.0,-5.470000000000001
13687.0,-5.33
13688.0,-5.36
13689.0,-5.3
13690.0,-5.03
13691.0,-5.04
13692.0,-5.41
13693.0,-5.02
13694.0,-5.22
13695.0,-5.04
13696.0,-5.57
13697.0,-5.03
13698.0,-5.05
13699.0,4.359999999999999
13700.0,-5.04
13701.0,-5.45
13702.0,-5.550000000000001
13703.0,-5.38
13704.0,-5.640000000000001
13705.0,-5.800000000000001
13706.0,-5.21
13707.0,-5.49
13708.0,-5.03
13709.0,-5.02
13710.0,-5.04
13711.0,-5.62
13712.0,-5.42
13713.0,-5.34
13714.0,-5.42
13715.0,-5.8100000000000005
13716.0,-5.02
13717.0,-5.5
13718.0,-5.550000000000001
13719.0,-5.42
13720.0,-5.34
13721.0,-5.02
13722.0,-5.3100000000000005
13723.0,-5.26
13724.0,-5.54
13725.0,-5.5200000000000005
13726.0,-5.3500000000000005
13727.0,-5.430000000000001
13728.0,4.31
13729.0,-5.08
13730.0,-5.02
13731.0,-5.5200000000000005
13732.0,-5.07
13733.0,-5.390000000000001
13734.0,-5.07
13735.0,-5.630000000000001
13736.0,-5.3
13737.0,-5.2
13738.0,-5.03
13739.0,-5.3
13740.0,-5.29
13741.0,-5.03
13742.0,-5.5
13743.0,4.49
13744.0,-5.430000000000001
13745.0,-5.03
13746.0,-5.01
13747.0,-5.01
13748.0,-5.06
13749.0,-5.04
13750.0,-1.0000000000000007
13751.0,-5.390000000000001
13752.0,-5.430000000000001
13753.0,-5.4
13754.0,-5.01
13755.0,-5.29
13756.0,-5.03
13757.0,-5.3
13758.0,-5.02
13759.0,-5.04
13760.0,-5.04
13761.0,-5.01
13762.0,-5.1
13763.0,-5.01
13764.0,-5.02
13765.0,-5.06
13766.0,-5.26
13767.0,-5.05
13768.0,-5.06
13769.0,-5.03
13770.0,-5.08
13771.0,-5.920000000000001
13772.0,-5.41
13773.0,-5.01
13774.0,-5.37
13775.0,-5.66
13776.0,-5.06
13777.0,-5.09
13778.0,-5.24
13779.0,-5.470000000000001
13780.0,-5.2700000000000005
13781.0,-5.02
13782.0,-5.06
13783.0,-5.24
13784.0,4.43
13785.0,-5.01
13786.0,-5.03
13787.0,-5.09
13788.0,-5.38
13789.0,-5.03
13790.0,-5.46
13791.0,-5.05
13792.0,-5.06
13793.0,-5.5600000000000005
13794.0,-1.0000000000000007
13795.0,-5.05
13796.0,-5.44
13797.0,-5.08
13798.0,-5.23
13799.0,-5.26
13800.0,-5.02
13801.0,-5.25
13802.0,-5.2700000000000005
13803.0,-5.34
13804.0,-5.16
13805.0,-5.34
13806.0,-5.24
13807.0,-5.430000000000001
13808.0,-5.04
13809.0,-5.5200000000000005
13810.0,-5.01
13811.0,-5.38
13812.0,-5.01
13813.0,-5.05
13814.0,-5.04
13815.0,-5.38
13816.0,-5.04
13817.0,-5.03
13818.0,-5.08
13819.0,-5.48
13820.0,-5.04
13821.0,-5.16
13822.0,-5.06
13823.0,-5.02
13824.0,-5.04
13825.0,-5.01
13826.0,-5.32
13827.0,-5.44
13828.0,-5.67
13829.0,-5.01
13830.0,-5.2700000000000005
13831.0,-5.09
13832.0,-5.34
13833.0,-5.24
13834.0,-5.53
13835.0,-5.02
13836.0,-5.03
13837.0,-5.48
13838.0,-5.06
13839.0,-5.08
13840.0,-5.29
13841.0,-5.02
13842.0,-5.1
13843.0,-5.04
13844.0,-5.22
13845.0,-5.36
13846.0,-5.45
13847.0,-5.2700000000000005
13848.0,-5.02
13849.0,4.31
13850.0,-5.04
13851.0,-5.1
13852.0,-5.74
13853.0,-5.03
13854.0,-5.01
13855.0,-5.23
13856.0,-5.58
13857.0,-5.01
13858.0,-5.1
13859.0,-5.53
13860.0,-5.23
13861.0,4.27
13862.0,-5.32
13863.0,-5.390000000000001
13864.0,-5.37
13865.0,-5.75
13866.0,-5.06
13867.0,-5.21
13868.0,-5.710000000000001
13869.0,-5.02
13870.0,-5.02
13871.0,-5.49
13872.0,-5.05
13873.0,-5.02
13874.0,-5.3500000000000005
13875.0,-5.36
13876.0,-5.59
13877.0,-5.01
13878.0,-5.36
13879.0,-5.45
13880.0,-5.09
13881.0,-5.42
13882.0,-5.08
13883.0,-5.01
13884.0,-5.4
13885.0,-5.5600000000000005
13886.0,-5.01
13887.0,-5.32
13888.0,-5.34
13889.0,-5.630000000000001
13890.0,-5.02
13891.0,-5.01
13892.0,-5.02
13893.0,-5.46
13894.0,-5.6000000000000005
13895.0,-5.01
13896.0,-5.29
13897.0,-5.01
13898.0,-5.44
13899.0,-5.3100000000000005
13900.0,-5.06
13901.0,-5.44
13902.0,-5.5200000000000005
13903.0,-5.2
13904.0,-5.5600000000000005
13905.0,-5.3500000000000005
13906.0,-5.390000000000001
13907.0,-5.42
13908.0,-5.49
13909.0,-5.04
13910.0,-5.04
13911.0,-5.41
13912.0,-5.01
13913.0,-5.22
13914.0,-5.38
13915.0,-5.07
13916.0,-5.26
13917.0,-5.01
13918.0,-5.02
13919.0,-5.44
13920.0,-5.54
13921.0,-5.03
13922.0,-5.18
13923.0,-5.01
13924.0,-5.04
13925.0,-5.02
13926.0,-5.01
13927.0,-5.07
13928.0,-5.37
13929.0,4.35
13930.0,-5.5200000000000005
13931.0,-5.23
13932.0,-5.04
13933.0,-5.04
13934.0,-5.08
13935.0,-5.26
13936.0,-5.04
13937.0,-5.2700000000000005
13938.0,-5.3
13939.0,-5.02
13940.0,-5.4
13941.0,-5.01
13942.0,-5.06
13943.0,-5.04
13944.0,-5.05
13945.0,-5.08
13946.0,-5.37
13947.0,-5.29
13948.0,-5.02
13949.0,-5.48
13950.0,-5.09
13951.0,-5.03
13952.0,-5.4
13953.0,-5.45
13954.0,-5.07
13955.0,-5.04
13956.0,-5.02
13957.0,-5.15
13958.0,-5.49
13959.0,-5.550000000000001
13960.0,4.47
13961.0,-5.11
13962.0,-5.04
13963.0,-1.0000000000000007
13964.0,-5.12
13965.0,-5.02
13966.0,-5.430000000000001
13967.0,-5.5200000000000005
13968.0,-5.53
13969.0,-5.34
13970.0,-5.03
13971.0,-5.08
13972.0,-5.07
13973.0,-5.3
13974.0,-5.32
13975.0,-5.24
13976.0,-5.28
13977.0,-5.26
13978.0,-5.36
13979.0,-5.03
13980.0,-5.08
13981.0,-5.33
13982.0,-5.01
13983.0,-5.01
13984.0,-5.26
13985.0,-5.03
13986.0,-5.04
13987.0,-5.04
13988.0,-5.38
13989.0,-5.3100000000000005
13990.0,-5.550000000000001
13991.0,-5.26
13992.0,-5.41
13993.0,4.33
13994.0,-5.04
13995.0,-5.390000000000001
13996.0,-5.32
13997.0,4.5
13998.0,-5.26
13999.0,-5.01
14000.0,-5.03
14001.0,-5.04
14002.0,-5.04
14003.0,-5.01
14004.0,-5.58
14005.0,-5.05
14006.0,-5.5200000000000005
14007.0,-5.24
14008.0,-5.01
14009.0,-5.44
14010.0,-5.06
14011.0,-5.09
14012.0,-5.04
14013.0,-5.02
14014.0,-5.04
14015.0,-5.01
14016.0,-5.3100000000000005
14017.0,-5.2
14018.0,-5.46
14019.0,-5.390000000000001
14020.0,-5.03
14021.0,-5.24
14022.0,-5.48
14023.0,-5.3100000000000005
14024.0,-5.48
14025.0,-5.03
14026.0,-5.23
14027.0,-5.5
14028.0,-5.01
14029.0,-5.06
14030.0,-5.09
14031.0,-5.19
14032.0,-5.03
14033.0,-5.01
14034.0,-5.65
14035.0,-5.5200000000000005
14036.0,-5.3500000000000005
14037.0,-5.07
14038.0,-5.06
14039.0,-5.09
14040.0,-5.18
14041.0,-5.49
14042.0,-5.710000000000001
14043.0,-5.25
14044.0,-5.02
14045.0,-5.44
14046.0,-5.32
14047.0,-5.33
14048.0,-5.74
14049.0,-5.03
14050.0,-5.04
14051.0,-5.08
14052.0,-5.38
14053.0,-5.09
14054.0,-5.01
14055.0,-5.44
14056.0,-5.28
14057.0,-5.22
14058.0,-5.430000000000001
14059.0,-5.24
14060.0,-5.51
14061.0,-5.26
14062.0,-5.07
14063.0,-5.26
14064.0,-5.01
14065.0,-5.07
14066.0,-5.14
14067.0,4.529999999999999
14068.0,-5.4
14069.0,-5.02
14070.0,-5.03
14071.0,-5.36
14072.0,-5.34
14073.0,-5.3
14074.0,-5.03
14075.0,-5.01
14076.0,-5.65
14077.0,-5.3
14078.0,-5.38
14079.0,-5.01
14080.0,-5.07
14081.0,-5.01
14082.0,-5.470000000000001
14083.0,-5.02
14084.0,-5.06
14085.0,-5.01
14086.0,-5.08
14087.0,-5.09
14088.0,-5.33
14089.0,-5.38
14090.0,-5.01
14091.0,-5.01
14092.0,-5.01
14093.0,-5.38
14094.0,-5.08
14095.0,-5.04
14096.0,-5.02
14097.0,-5.36
14098.0,-5.2
14099.0,-5.42
14100.0,-5.5600000000000005
14101.0,-5.53
14102.0,-5.45
14103.0,-5.34
14104.0,-5.38
14105.0,-5.3500000000000005
14106.0,-5.01
14107.0,-5.65
14108.0,-5.550000000000001
14109.0,-5.01
14110.0,-5.930000000000001
14111.0,-5.62
14112.0,-5.41
14113.0,-5.53
14114.0,-5.3
14115.0,-5.5
14116.0,-5.05
14117.0,-5.04
14118.0,-5.02
14119.0,-5.03
14120.0,-5.28
14121.0,-5.02
14122.0,-5.790000000000001
14123.0,-5.3
14124.0,-5.02
14125.0,-5.37
14126.0,-5.390000000000001
14127.0,-5.54
14128.0,-5.02
14129.0,-5.3
14130.0,-5.42
14131.0,-5.08
14132.0,-5.02
14133.0,-5.3
14134.0,-5.05
14135.0,-5.3500000000000005
14136.0,-5.28
14137.0,-5.15
14138.0,-5.06
14139.0,-5.02
14140.0,-5.01
14141.0,-5.41
14142.0,-5.19
14143.0,-5.57
14144.0,-5.02
14145.0,-5.01
14146.0,-5.41
14147.0,-5.430000000000001
14148.0,-5.13
14149.0,-5.01
14150.0,4.34
14151.0,-5.01
14152.0,-5.01
14153.0,-5.29
14154.0,-5.02
14155.0,-5.17
14156.0,4.47
14157.0,-5.23
14158.0,4.38
14159.0,-5.03
14160.0,-5.45
14161.0,-5.01
14162.0,-5.06
14163.0,-5.01
14164.0,-5.3500000000000005
14165.0,-5.1
14166.0,4.319999999999999
14167.0,-5.15
14168.0,-5.41
14169.0,-5.02
14170.0,-5.430000000000001
14171.0,-5.25
14172.0,-5.3100000000000005
14173.0,-5.2700000000000005
14174.0,-5.18
14175.0,-5.02
14176.0,-5.01
14177.0,-5.2700000000000005
14178.0,-5.13
14179.0,-5.34
14180.0,-5.03
14181.0,-5.12
14182.0,-5.3500000000000005
14183.0,-5.02
14184.0,-5.49
14185.0,-5.46
14186.0,-5.32
14187.0,-5.33
14188.0,-5.3
14189.0,-5.65
14190.0,-5.3500000000000005
14191.0,-5.28
14192.0,-5.36
14193.0,-5.4
14194.0,-5.02
14195.0,-5.25
14196.0,4.5
14197.0,-5.470000000000001
14198.0,-5.24
14199.0,-5.3100000000000005
14200.0,-5.37
14201.0,-5.01
14202.0,-5.01
14203.0,-5.57
14204.0,-5.34
14205.0,-5.430000000000001
14206.0,-5.48
14207.0,-5.08
14208.0,-5.04
14209.0,-5.4
14210.0,-5.24
14211.0,-5.02
14212.0,-5.02
14213.0,-5.3100000000000005
14214.0,-5.03
14215.0,-5.02
14216.0,-5.49
14217.0,-5.22
14218.0,4.25
14219.0,-5.06
14220.0,-5.390000000000001
14221.0,-5.02
14222.0,-5.5600000000000005
14223.0,-5.26
14224.0,-5.02
14225.0,-5.06
14226.0,-5.4
14227.0,-5.01
14228.0,-5.02
14229.0,-5.33
14230.0,4.33
14231.0,-5.01
14232.0,-5.34
14233.0,-5.1
14234.0,-5.5
14235.0,-5.25
14236.0,-5.4
14237.0,-5.7700000000000005
14238.0,-5.18
14239.0,-5.03
14240.0,-5.430000000000001
14241.0,-5.91
14242.0,-5.2
14243.0,-5.21
14244.0,-5.03
14245.0,-5.2
14246.0,-5.04
14247.0,-5.23
14248.0,-5.04
14249.0,-5.03
14250.0,-5.1
14251.0,-5.34
14252.0,-5.5
14253.0,4.289999999999999
14254.0,-5.5200000000000005
14255.0,-5.36
14256.0,-5.37
14257.0,-5.29
14258.0,-5.01
14259.0,-5.18
14260.0,-5.04
14261.0,-5.5600000000000005
14262.0,-5.38
14263.0,-5.36
14264.0,-5.05
14265.0,-5.04
14266.0,-5.41
14267.0,-5.34
14268.0,-5.09
14269.0,-5.5600000000000005
14270.0,-5.01
14271.0,-5.04
14272.0,-5.1
14273.0,-5.38
14274.0,-5.03
14275.0,-5.3500000000000005
14276.0,-5.5200000000000005
14277.0,-5.51
14278.0,-5.02
14279.0,-5.01
14280.0,-5.3100000000000005
14281.0,4.39
14282.0,-5.58
14283.0,-5.58
14284.0,-5.07
14285.0,-5.470000000000001
14286.0,-5.03
14287.0,-5.02
14288.0,-5.01
14289.0,4.369999999999999
14290.0,-5.62
14291.0,-5.5600000000000005
14292.0,-5.48
14293.0,-5.04
14294.0,-5.33
14295.0,-5.01
14296.0,-5.4
14297.0,-5.02
14298.0,-5.49
14299.0,-5.12
14300.0,-5.34
14301.0,-5.16
14302.0,-5.48
14303.0,-5.13
14304.0,-5.29
14305.0,-5.33
14306.0,-5.36
14307.0,-5.09
14308.0,-5.59
14309.0,-5.1
14310.0,-5.37
14311.0,-5.03
14312.0,-5.1
14313.0,-5.32
14314.0,-5.32
14315.0,-5.18
14316.0,-5.02
14317.0,-5.33
14318.0,-5.38
14319.0,-5.01
14320.0,-5.03
14321.0,-5.3
14322.0,-5.44
14323.0,-5.42
14324.0,-5.02
14325.0,-5.04
14326.0,-5.05
14327.0,-5.04
14328.0,-5.38
14329.0,-5.390000000000001
14330.0,-5.49
14331.0,-5.7
14332.0,-5.07
14333.0,-5.17
14334.0,-5.1
14335.0,-5.02
14336.0,-5.34
14337.0,-5.3100000000000005
14338.0,-5.11
14339.0,-5.02
14340.0,-5.58
14341.0,-5.24
14342.0,-5.05
14343.0,-5.06
14344.0,-5.3100000000000005
14345.0,-5.1
14346.0,-5.02
14347.0,4.1499999999999995
14348.0,-5.640000000000001
14349.0,-5.1
14350.0,-5.04
14351.0,-5.2
14352.0,4.3
14353.0,-5.430000000000001
14354.0,-5.04
14355.0,-5.870000000000001
14356.0,-5.38
14357.0,-5.01
14358.0,-5.390000000000001
14359.0,-5.44
14360.0,-5.41
14361.0,-5.03
14362.0,-5.38
14363.0,-5.26
14364.0,-5.430000000000001
14365.0,-5.33
14366.0,-5.53
14367.0,-5.01
14368.0,-5.32
14369.0,-5.2700000000000005
14370.0,-5.05
14371.0,-5.48
14372.0,-5.02
14373.0,-5.09
14374.0,-5.2700000000000005
14375.0,-5.02
14376.0,4.4399999999999995
14377.0,-5.02
14378.0,-5.640000000000001
14379.0,-5.26
14380.0,-5.02
14381.0,-5.06
14382.0,-5.23
14383.0,-5.07
14384.0,-5.2
14385.0,-5.02
14386.0,-5.2700000000000005
14387.0,-5.32
14388.0,-5.470000000000001
14389.0,-5.02
14390.0,-5.62
14391.0,-5.390000000000001
14392.0,-5.36
14393.0,-5.48
14394.0,-5.23
14395.0,-5.640000000000001
14396.0,-5.41
14397.0,-5.28
14398.0,-5.32
14399.0,-5.05
14400.0,-5.390000000000001
14401.0,-5.07
14402.0,-5.1
14403.0,-5.3500000000000005
14404.0,-5.58
14405.0,-5.08
14406.0,-5.34
14407.0,-5.06
14408.0,-5.11
14409.0,-5.01
14410.0,-5.07
14411.0,-5.02
14412.0,-5.46
14413.0,-5.03
14414.0,-5.03
14415.0,-5.33
14416.0,-5.470000000000001
14417.0,-5.24
14418.0,-5.3
14419.0,-5.04
14420.0,-5.02
14421.0,-5.53
14422.0,-5.06
14423.0,-5.06
14424.0,-5.01
14425.0,-5.02
14426.0,-5.06
14427.0,-5.430000000000001
14428.0,-5.04
14429.0,-5.02
14430.0,-5.1
14431.0,-5.51
14432.0,-5.34
14433.0,-5.01
14434.0,-5.3500000000000005
14435.0,-5.04
14436.0,-5.430000000000001
14437.0,-5.430000000000001
14438.0,-5.01
14439.0,4.22
14440.0,-5.3500000000000005
14441.0,-5.04
14442.0,-5.01
14443.0,-5.02
14444.0,-5.03
14445.0,-5.54
14446.0,-5.07
14447.0,-5.02
14448.0,4.279999999999999
14449.0,-5.03
14450.0,-5.19
14451.0,-5.680000000000001
14452.0,-5.24
14453.0,-5.22
14454.0,-5.3500000000000005
14455.0,-5.06
14456.0,-5.53
14457.0,-5.62
14458.0,-5.48
14459.0,-5.37
14460.0,-5.24
14461.0,-5.03
14462.0,-5.05
14463.0,-5.550000000000001
14464.0,-5.4
14465.0,-5.61
14466.0,-5.02
14467.0,-5.59
14468.0,-5.06
14469.0,-5.53
14470.0,-5.01
14471.0,-5.1
14472.0,-5.01
14473.0,-5.5
14474.0,-5.5600000000000005
14475.0,-5.01
14476.0,-5.42
14477.0,-5.01
14478.0,-5.02
14479.0,-5.73
14480.0,-5.32
14481.0,-5.430000000000001
14482.0,-5.04
14483.0,-5.01
14484.0,-5.05
14485.0,-5.26
14486.0,-5.24
14487.0,-5.02
14488.0,-5.02
14489.0,-5.25
14490.0,-5.03
14491.0,-5.01
14492.0,-5.28
14493.0,-5.36
14494.0,-5.15
14495.0,-5.02
14496.0,-5.01
14497.0,-5.01
14498.0,-5.13
14499.0,-5.470000000000001
14500.0,-5.24
14501.0,-5.26
14502.0,-5.42
14503.0,-5.390000000000001
14504.0,-5.42
14505.0,-5.02
14506.0,-5.02
14507.0,-5.03
14508.0,-5.32
14509.0,-5.05
14510.0,-5.06
14511.0,-5.45
14512.0,-5.01
14513.0,-5.05
14514.0,-5.5
14515.0,-5.3500000000000005
14516.0,-5.12
14517.0,-5.44
14518.0,-5.06
14519.0,-5.49
14520.0,-5.02
14521.0,-5.550000000000001
14522.0,-5.01
14523.0,-5.33
14524.0,-5.42
14525.0,-5.26
14526.0,-5.01
14527.0,-5.03
14528.0,-5.470000000000001
14529.0,-5.06
14530.0,-5.06
14531.0,-5.05
14532.0,-5.61
14533.0,-5.33
14534.0,-5.05
14535.0,-5.03
14536.0,-5.06
14537.0,-5.06
14538.0,-5.05
14539.0,-5.24
14540.0,-5.34
14541.0,-5.11
14542.0,-5.05
14543.0,-5.05
14544.0,-5.04
14545.0,-5.630000000000001
14546.0,-5.32
14547.0,-5.13
14548.0,-5.62
14549.0,-5.15
14550.0,-5.24
14551.0,-5.41
14552.0,-5.02
14553.0,-5.29
14554.0,-5.25
14555.0,-5.3
14556.0,-5.4
14557.0,-5.03
14558.0,-5.07
14559.0,-5.02
14560.0,-5.01
14561.0,-5.01
14562.0,-5.15
14563.0,-5.08
14564.0,-5.04
14565.0,-5.08
14566.0,-5.06
14567.0,-5.550000000000001
14568.0,-5.02
14569.0,-5.41
14570.0,-5.02
14571.0,-5.02
14572.0,-5.02
14573.0,-5.23
14574.0,-5.32
14575.0,-5.53
14576.0,4.54
14577.0,-5.36
14578.0,-5.37
14579.0,-5.37
14580.0,-5.26
14581.0,-5.840000000000001
14582.0,-5.01
14583.0,-5.04
14584.0,-5.42
14585.0,-5.01
14586.0,-5.2700000000000005
14587.0,-5.2
14588.0,4.289999999999999
14589.0,-5.3100000000000005
14590.0,-5.07
14591.0,4.449999999999999
14592.0,-5.02
14593.0,-5.01
14594.0,-5.18
14595.0,-5.03
14596.0,-5.430000000000001
14597.0,-5.3
14598.0,-5.03
14599.0,-5.06
14600.0,-5.06
14601.0,-5.02
14602.0,-5.03
14603.0,-5.01
14604.0,4.47
14605.0,-5.04
14606.0,-5.03
14607.0,-5.03
14608.0,-5.12
14609.0,-5.02
14610.0,-5.430000000000001
14611.0,-5.02
14612.0,-5.41
14613.0,-5.33
14614.0,-5.02
14615.0,-5.04
14616.0,-5.29
14617.0,-5.550000000000001
14618.0,-5.04
14619.0,4.51
14620.0,-5.61
14621.0,-5.01
14622.0,-5.04
14623.0,-5.2700000000000005
14624.0,-5.06
14625.0,-5.3100000000000005
14626.0,-5.32
14627.0,-5.430000000000001
14628.0,-5.23
14629.0,-5.29
14630.0,-5.42
14631.0,-5.42
14632.0,-5.28
14633.0,-5.04
14634.0,-5.710000000000001
14635.0,-5.01
14636.0,-5.01
14637.0,-5.34
14638.0,-5.38
14639.0,-5.38
14640.0,-5.09
14641.0,-5.04
14642.0,-5.42
14643.0,-5.01
14644.0,-5.42
14645.0,4.359999999999999
14646.0,-5.44
14647.0,-5.01
14648.0,-5.3500000000000005
14649.0,-5.34
14650.0,-5.05
14651.0,-5.67
14652.0,-5.02
14653.0,-5.01
14654.0,-5.2700000000000005
14655.0,-5.03
14656.0,-5.03
14657.0,-5.48
14658.0,-5.34
14659.0,-5.33
14660.0,-5.01
14661.0,-5.42
14662.0,-5.38
14663.0,-5.01
14664.0,-5.02
14665.0,-5.01
14666.0,-5.22
14667.0,-5.69
14668.0,-5.02
14669.0,-5.04
14670.0,-5.59
14671.0,-5.48
14672.0,-5.04
14673.0,-5.5200000000000005
14674.0,-5.01
14675.0,-5.04
14676.0,-5.26
14677.0,-5.02
14678.0,-5.3100000000000005
14679.0,-5.33
14680.0,-5.06
14681.0,-5.03
14682.0,-5.34
14683.0,-5.05
14684.0,-5.09
14685.0,-5.02
14686.0,-5.720000000000001
14687.0,-5.36
14688.0,-5.42
14689.0,-5.45
14690.0,-5.37
14691.0,-5.06
14692.0,-5.02
14693.0,-5.28
14694.0,-5.12
14695.0,-5.06
14696.0,-5.26
14697.0,-5.28
14698.0,4.449999999999999
14699.0,-5.430000000000001
14700.0,-5.08
14701.0,-5.29
14702.0,-5.18
14703.0,-5.29
14704.0,-5.2700000000000005
14705.0,-5.08
14706.0,-5.02
14707.0,-5.2700000000000005
14708.0,-5.49
14709.0,-5.06
14710.0,-5.25
14711.0,-5.03
14712.0,-5.33
14713.0,-5.01
14714.0,-5.720000000000001
14715.0,4.14
14716.0,-5.07
14717.0,-5.02
14718.0,-5.49
14719.0,-5.4
14720.0,-5.630000000000001
14721.0,-5.46
14722.0,-5.75
14723.0,-5.880000000000001
14724.0,-5.02
14725.0,-5.01
14726.0,-5.04
14727.0,-5.2700000000000005
14728.0,-5.3500000000000005
14729.0,-5.03
14730.0,-5.25
14731.0,-5.13
14732.0,-5.25
14733.0,-5.09
14734.0,-5.07
14735.0,-5.02
14736.0,-5.09
14737.0,-5.01
14738.0,-5.3500000000000005
14739.0,-5.57
14740.0,-5.54
14741.0,-5.02
14742.0,-5.01
14743.0,-5.03
14744.0,-5.02
14745.0,-5.13
14746.0,-5.32
14747.0,-5.3100000000000005
14748.0,-5.4
14749.0,-5.34
14750.0,-5.02
14751.0,-5.02
14752.0,-5.58
14753.0,-5.41
14754.0,-5.41
14755.0,-5.06
14756.0,-5.05
14757.0,4.33
14758.0,-5.41
14759.0,-5.02
14760.0,-5.58
14761.0,-5.45
14762.0,-5.4
14763.0,-5.01
14764.0,4.39
14765.0,-5.46
14766.0,-5.18
14767.0,-5.390000000000001
14768.0,-5.430000000000001
14769.0,-5.1
14770.0,-5.83
14771.0,-5.4
14772.0,-5.01
14773.0,-5.550000000000001
14774.0,-5.46
14775.0,-5.36
14776.0,-5.02
14777.0,-5.65
14778.0,-5.25
14779.0,-5.09
14780.0,-5.38
14781.0,-5.37
14782.0,-5.24
14783.0,-5.5200000000000005
14784.0,-5.03
14785.0,-5.3
14786.0,4.47
14787.0,-5.01
14788.0,-5.22
14789.0,-5.38
14790.0,-5.390000000000001
14791.0,4.43
14792.0,4.43
14793.0,-5.05
14794.0,-5.640000000000001
14795.0,-5.04
14796.0,4.1899999999999995
14797.0,-5.65
14798.0,-5.22
14799.0,-5.19
14800.0,-5.01
14801.0,-5.46
14802.0,-5.03
14803.0,-5.04
14804.0,-5.01
14805.0,-5.2700000000000005
14806.0,-5.28
14807.0,-5.37
14808.0,-5.14
14809.0,-5.49
14810.0,-5.2
14811.0,-5.3500000000000005
14812.0,-5.4
14813.0,-5.38
14814.0,-5.45
14815.0,-5.01
14816.0,-5.08
14817.0,-5.02
14818.0,-5.42
14819.0,-5.02
14820.0,-5.49
14821.0,-5.25
14822.0,4.3999999999999995
14823.0,-5.53
14824.0,-5.06
14825.0,-5.470000000000001
14826.0,-5.04
14827.0,-5.05
14828.0,-5.45
14829.0,-5.01
14830.0,-5.54
14831.0,-5.42
14832.0,-5.34
14833.0,-5.08
14834.0,-5.09
14835.0,-5.19
14836.0,-5.03
14837.0,-5.1
14838.0,-5.3500000000000005
14839.0,-5.09
14840.0,-5.57
14841.0,-5.22
14842.0,-5.02
14843.0,-5.04
14844.0,-5.2700000000000005
14845.0,-5.6000000000000005
14846.0,-5.23
14847.0,-5.22
14848.0,-5.34
14849.0,-5.470000000000001
14850.0,-5.02
14851.0,-5.03
14852.0,-5.04
14853.0,-5.06
14854.0,-5.18
14855.0,-5.65
14856.0,-5.01
14857.0,-5.430000000000001
14858.0,-5.34
14859.0,-5.08
14860.0,4.17
14861.0,-5.3100000000000005
14862.0,-5.03
14863.0,-5.4
14864.0,-5.36
14865.0,-5.4
14866.0,-5.48
14867.0,-5.2
14868.0,-5.46
14869.0,-5.06
14870.0,-5.41
14871.0,-5.01
14872.0,-5.430000000000001
14873.0,-5.34
14874.0,-5.42
14875.0,-5.49
14876.0,-5.12
14877.0,-5.41
14878.0,-5.04
14879.0,-5.07
14880.0,-5.5200000000000005
14881.0,-5.07
14882.0,-5.46
14883.0,-5.6000000000000005
14884.0,-5.28
14885.0,-5.59
14886.0,-5.03
14887.0,-5.08
14888.0,-5.04
14889.0,-5.23
14890.0,-5.33
14891.0,-5.34
14892.0,-5.4
14893.0,-5.08
14894.0,-5.04
14895.0,-5.49
14896.0,-5.430000000000001
14897.0,-5.57
14898.0,-5.03
14899.0,-5.38
14900.0,-5.430000000000001
14901.0,-5.51
14902.0,-5.46
14903.0,-5.02
14904.0,-5.12
14905.0,-5.26
14906.0,-5.42
14907.0,-5.880000000000001
14908.0,-5.2
14909.0,-5.01
14910.0,-5.06
14911.0,-5.23
14912.0,-5.38
14913.0,-5.02
14914.0,-5.51
14915.0,-5.03
14916.0,-5.02
14917.0,-5.42
14918.0,-5.38
14919.0,-5.02
14920.0,-5.01
14921.0,-5.53
14922.0,-5.32
14923.0,-5.02
14924.0,-5.06
14925.0,-5.3100000000000005
14926.0,-5.65
14927.0,-5.03
14928.0,-5.01
14929.0,-5.04
14930.0,-5.38
14931.0,-5.26
14932.0,-5.03
14933.0,-5.01
14934.0,-5.03
14935.0,4.43
14936.0,-5.34
14937.0,-5.430000000000001
14938.0,-5.3100000000000005
14939.0,-5.34
14940.0,-5.01
14941.0,-5.04
14942.0,-5.7
14943.0,-5.06
14944.0,-5.12
14945.0,-5.04
14946.0,4.26
14947.0,-5.3100000000000005
14948.0,-5.24
14949.0,-5.19
14950.0,-5.03
14951.0,-5.23
14952.0,-5.34
14953.0,-5.03
14954.0,-5.24
14955.0,-5.03
14956.0,-5.01
14957.0,-5.42
14958.0,-5.41
14959.0,-5.640000000000001
14960.0,-5.41
14961.0,-5.05
14962.0,-5.58
14963.0,-5.14
14964.0,-5.41
14965.0,-5.59
14966.0,-5.36
14967.0,-5.01
14968.0,-5.02
14969.0,-5.49
14970.0,-5.1
14971.0,-5.29
14972.0,-5.02
14973.0,-5.2700000000000005
14974.0,-5.94
14975.0,-5.37
14976.0,-5.37
14977.0,4.49
14978.0,4.27
14979.0,-5.01
14980.0,-5.21
14981.0,-5.04
14982.0,-5.21
14983.0,-5.32
14984.0,-5.01
14985.0,-5.6000000000000005
14986.0,-5.12
14987.0,-5.1
14988.0,-5.22
14989.0,-5.470000000000001
14990.0,-5.04
14991.0,-5.54
14992.0,-5.34
14993.0,-5.01
14994.0,-5.05
14995.0,-5.02
14996.0,-5.42
14997.0,-5.01
14998.0,-5.01
14999.0,4.199999999999999
