0
142926
435818
889176
1216366
1675806
2415299
2825509
3116696
3639057
3922939
4408028
5289258
5452022
5794301
6254225
6742958
7185523
7426161
7831400
8394010
8811453
9089024
9411344
9653806
9975874
10736711
11070629
11674267
12478601
12789983
13124410
13578125
14128769
14623362
15171128
15702198
16039801
16357135
16582807
16713957
16780196
17124210
17290523
17578474
17966495
18118017
18340001
19639367
19460317
19661868
19746674
19749742
19995963
20187685
20321151
20489622
20870767
21416638
21801617
22212524
22751566
23297103
23562783
24035414
24329999
24482570
24638082
24797608
24996478
25228486
25483316
25885419
26190379
26686371
27062377
27667722
28356367
29164481
29788961
29975629
29980637
29989853
29998115
30001631
30029266
30603986
31291085
31542227
31856691
32018252
32262975
32390800
32495097
32533768
32581341
32692256
32916532
33271016
33819765
33902598
34397806
34575064
34695242
34741154
34712619
34794653
35102947
35261779
35821255
36025891
36332132
36807212
36884727
37134387
37823151
38038598
38433116
38432958
38432939
38432968
38297126
38748578
38947190
39129880
39191327
43185275
43249821
43512598
43541947
44154787
44204909
44272796
44333375
44364261
44429516
44495357
44561674
44616789
44666326
44723265
44720017
44956088
45168406
45255318
45697923
45903108
46158519
46741206
46899634
46935000
47127067
47186965
47255541
47457545
47545134
47663917
47720781
48042971
48175401
48388958
48621581
48853494
49152424
49269191
49523482
49525553
49526861
49530056
49532336
49534620
49536889
49539156
49541574
49542726
49544843
49547922
49550123
49552493
49574066
49672784
49679797
49957454
50091753
50254783
50396242
50424851
50445819
50480987
50526772
50588616
50642318
50799286
50874150
50932429
51145526
51455752
51490985
51626350
51973601
52284093
52546687
52810297
52992460
53441370
53826538
54384253
54599829
54641375
54676958
54741535
54790239
54933808
55040375
55090190
55260440
55263491
55266572
55269527
55271647
55275737
55347043
55848085
55974973
56045732
56170975
56594887
56995870
57051630
57082536
57446229
57531035
58264867
57796681
58072496
58173538
58271478
58397792
58745397
58500100
58664520
58645990
59026279
59759948
59917740
60004060
60076252
60132652
60174338
60362604
60399266
60971316
61902732
60961236
61020998
60818834
60821409
60824142
60826796
60828648
60830191
60831479
60830478
60834651
60836331
60835855
60838501
60839547
60843107
60844072
60845044
60846461
60847011
60846101
60849217
60848276
60848892
60851759
60852546
60853447
60854664
60854052
60855140
60853856
60854398
60856979
60855740
60857683
60858988
60859593
60858075
60860793
60863684
60864800
60864292
60864143
60866780
60867187
60865712
60868338
60869051
60867131
60870203
60870947
60869322
60871875
60872464
60870264
60871965
60873420
60872701
60872615
60875045
60874351
60874040
60876170
60876245
60879871
60880196
60880558
60881973
60880420
60880728
60883107
60881947
60884269
60885163
60884618
60883934
60886545
60886829
60887975
60886604
60888951
60887707
60889843
60890213
60890753
60891148
60889534
60892483
60895108
60894364
60896114
60896312
60897902
60897770
60899493
60899086
60899551
60898551
60900374
60900363
60901891
60900475
60903051
60902980
60903219
60904048
60902776
60905832
60904485
60905363
60906203
60904790
60908006
60909962
60910212
60910709
60909512
60912259
60911755
60911762
60912625
60911291
60914325
60913828
60913828
60914786
60913438
60916745
60914807
60915796
60916640
60917019
60915573
60917922
60916616
60920070
60919183
60918149
60922919
60921216
60923520
60922073
60924530
60923743
60925200
60923855
60927956
60926497
60925615
60928174
60928348
60928868
60928180
60929755
60928744
60928747
60929063
60933468
60930736
60931532
60932623
60931960
60931611
60934607
60938790
60937301
60937067
60938012
60938404
60938843
60938559
60939500
60939978
60940287
60939133
60939973
60939420
60943649
60940038
60944423
60942506
60945846
60943546
60943326
60944486
60944760
60944961
60943613
60950613
60948525
60951932
60949564
60949235
60950453
60950549
60951327
60951675
60952283
60951499
60951021
60953047
60953711
60954059
60954605
60953719
60953739
60955896
60959310
60957014
60955026
60957865
60961743
60958930
60959970
60962631
60962569
60963536
60963802
60964183
60962949
60962842
60965050
60969194
60965946
60965889
60966858
60966965
60967601
60966524
60968221
60972143
60968919
60972596
60969488
60973587
60970453
60968903
60971390
60970224
60975026
60979090
60975608
60980026
60976457
60976291
60977459
60977314
60978010
60977063
60976952
60977224
60978254
60978095
60977917
60980153
60984637
60981102
60985379
60981886
60979851
60981033
60980824
60981406
60981454
60986418
60990789
60987293
60986961
60989313
60992974
60989237
60993887
60990682
60994964
60990763
60989104
60991563
60991228
60992186
60991187
60992839
60992380
60993677
60992300
60994308
60999302
60994780
60994550
60995731
60993984
60999013
61004422
61000046
60998420
61000652
61000412
61001477
61001343
61002250
61002280
61002906
61003006
61003496
61003946
61004262
61003664
61005063
61003678
61003506
61005779
61006377
61004547
61006857
61006617
61007695
61010129
61011128
61016255
61010066
61010045
61012216
61017800
61013137
61014149
61013796
61014714
61014235
61015308
61014258
61016088
61014281
61015806
61015390
61017351
61016045
61017998
61016801
61016394
61017516
61017307
61020220
61029131
61024305
61029942
61024349
61022768
61025054
61024698
61025680
61025970
61026541
61026671
61027147
61027335
61027848
61027975
61028502
61027806
61028971
61027816
61027515
61028435
61030529
61037137
61030827
61037331
61031518
61040798
61035062
61033056
61034237
61042490
61035031
61037281
61036403
61037753
61037465
61038249
61036678
61039111
61038785
61039850
61039522
61040601
61040490
61041367
61041578
61042075
61042416
61042790
61043003
61043363
61042386
61046613
61046924
61047263
61047649
61048025
61055282
61046659
61046912
61047453
61047590
61048138
61048124
61048572
61057732
61051214
61058624
61051904
61059245
61052588
61060161
61053283
61061057
61053956
61061481
61054633
61065059
61058163
61066453
61059712
61067351
61060331
61068084
61060804
61068809
61061468
61069324
61060602
61062723
61063020
61063489
61063640
61064037
61062448
61062967
61064972
61063213
61063965
61066079
61066294
61066647
61066760
61067263
61068038
61070420
61070043
61071083
61069560
61069967
61070345
61070953
61071301
61073330
61073788
61081897
61072891
61072935
61073620
61073220
61074898
61076442
61075670
61077215
61076610
61077777
61086122
61076485
61076255
61077416
61082054
61081493
61082790
61082146
61083347
61083644
61083963
61092402
61082935
61084988
61084529
61085679
61085371
61086415
61084488
61086972
61085230
61087554
61096747
61086667
61088630
61087684
61089301
61088080
61089817
61099267
61093158
61091499
61093983
61092228
61094524
61092929
61095188
61093467
61095777
61094080
61096441
61106846
61097846
61107137
61098403
61108024
61099030
61108572
61097958
61098078
61098735
61098704
61099498
61099549
61100055
61100148
61103572
61103618
61104315
61106391
61104958
61106969
61106986
61106079
61108032
61117580
61108486
61118590
61109259
61119489
61109886
61120172
61110666
61120475
61111213
61121656
61112074
61122503
61111005
61111272
61111936
61114056
61117034
61117375
61117155
61118097
61116464
61118634
61129085
61119302
61129701
61119846
61130366
61121193
61131106
61121007
61131765
61121773
61132042
61120551
61132874
61121215
61123671
61123260
61123188
61134542
61124660
61138158
61127964
61138927
61128568
61129280
61140149
61129917
61140496
61130355
61141515
61131056
61129515
61130228
61132362
61131241
61132954
61133142
61133567
61133959
61133695
61133676
61145563
61134886
61145968
61133827
61134046
61134673
61137327
61138135
61138304
61138929
61140841
61140266
61141542
61141262
61142979
61141224
61142337
61154747
61143869
61144198
61143941
61145138
61143328
61145638
61157191
61146028
61146718
61144976
61147225
61158754
61147759
61159486
61149550
61151561
61151834
61152256
61151976
61152879
61151117
61153440
61165041
61154772
61152364
61153007
61152957
61154506
61155902
61156083
61156392
61156114
61156936
61155276
61157637
61169865
61156497
61158669
61158929
61159381
61160173
61162459
61174750
61162825
61175212
61161993
61162023
61162773
61164733
61176924
61163740
61163902
61164678
61166333
61166103
61166890
61179598
61167441
61179636
61166380
61166403
61167167
61169199
61169479
61169729
61169414
61173002
61185567
61171893
61172134
61173167
61174654
61174930
61175276
61175091
61175961
61174086
61175484
61189435
61177662
61189656
61175902
61177335
61190805
61178069
61190933
61177048
61177243
61178160
61180185
61193436
61180554
61196415
61182242
61182337
61183135
61184883
61197962
61184096
61186152
61186432
61186792
61186507
61185723
61187871
61187563
61188360
61202991
61189743
61188212
61189687
61191035
61191116
61191442
61205161
61191972
61205484
61191055
61193152
61196058
61196480
61196058
61196976
61195279
61197667
61211794
61198095
61212084
61197263
61197439
61199729
61200024
61198330
61199547
61214495
61200927
61214977
61199903
61200992
61201634
61202866
61203074
61203485
61203177
61202478
61207048
61205245
61207619
61221770
61206613
61208566
61208788
61209271
61207492
61208798
61208021
61209103
61210744
61210415
61211384
61209591
61211928
61226754
61212431
61212384
61210685
61211908
61227198
61212701
61226899
61211163
61213116
61215563
61215823
61213598
61214954
61229756
61215588
61229950
61214015
61216044
61229941
61214029
61214091
61215088
61216158
61216003
61216236
61215766
61216132
61214126
61216065
61230435
61216054
61230366
61214694
61216479
61216402
61216447
61215775
61216429
61230719
61214592
61214123
61215638
61216561
61216163
61216588
61230588
61214652
61214814
61215732
61216665
61214498
61214866
61216736
61216660
61216804
61214617
61216731
61230654
61216389
61215728
61231016
61216549
61230623
61215141
61216902
61216781
61217000
61214812
61217411
61214744
61215244
61215019
61217899
61218204
61217374
61218000
61232350
61217930
61232218
61216509
61218171
61217901
61218423
61215273
61215956
61217734
61217678
61217983
61217427
61217927
61232214
61216368
61216273
61217198
61218173
61217556
61218264
61216200
61218283
61218363
61217749
61218306
61216385
61217111
61218546
61218528
61218624
61216560
61218657
61218768
61218226
61218763
61232730
61216916
61218893
61218252
61218837
61232961
61218494
61232661
61217213
61218731
61218856
61219082
61217096
61218989
61233303
61218837
61217070
61217603
61219313
61218600
61219185
61217128
61218286
61219346
61233643
61217379
61218257
61219393
61219458
61218875
61219361
61233735
61219268
61233453
61217853
61219402
61217525
61218048
61219641
61233680
61218058
61219894
61219701
61219811
61234122
61220360
61219849
61234031
61218479
61219888
61234298
61219859
61218041
61218835
61220089
61217410
61217871
61219663
61217571
61219572
61233635
61217949
61218169
61220002
61219989
61219396
61219919
61233833
61218161
61218873
61220028
61220117
61219459
61220137
61234722
61220067
61234393
61234418
61218743
61220456
61234955
61221136
61218482
61219379
61220577
61218414
61219668
61234564
61218994
61220755
61220527
61220832
61218695
61220741
61234963
61218771
61220919
61220668
61220863
61235061
61220513
61218643
61219153
61220903
61221562
61222133
61222186
61236559
61221345
61222361
61220232
61221322
61236557
61220678
61220549
61222431
61222534
61236605
61220859
61222606
61222157
61222536
61236895
61221046
61222755
61222607
61220861
61223053
61220724
61221536
61222923
61223099
61220847
61223666
61221897
61221025
61222848
61221921
61220302
61223332
61220767
61221222
61223013
61222895
61223165
61237603
61222962
61220872
61222282
61223312
61221230
61222062
61237563
61221635
61223478
61223347
61223624
61221471
61223568
61237334
61222465
61223663
61223043
61223693
61237485
61222001
61223899
61223327
61223942
61238164
61223625
61238121
61223428
61222763
61223866
61224186
61238452
61223253
61224227
61223439
61224144
61238466
61224023
61238145
61224287
61224284
61224610
61222387
61223638
61224561
61222436
61225029
61222448
61222841
61224602
61223769
61224535
61238918
61222723
61224700
61224552
61224514
61238617
61222890
61224808
61224674
61224849
61239235
61224659
61222813
61223776
61224913
61224125
61224830
61238895
61223000
61223272
61225027
61225123
61223025
61225112
61238936
61222261
61225180
61222624
61224969
61224715
61225339
61223167
61225055
61223266
61225213
61225302
61225355
61224813
61225379
61225218
61239785
61223857
61225683
61224799
61226216
61223882
61225504
61225679
61239832
61223698
61225678
61225492
61225704
61240063
61225412
61223580
61224809
61225813
61225835
61240002
61224317
61225979
61225320
61225851
61239944
61224132
61226133
61227106
61227496
61241782
61227441
61241668
61227637
61227364
61227568
61241772
61227741
61226044
61225572
61225926
61227701
61227714
61225658
61227797
61242146
61225868
61227992
61227820
61227888
61242240
61226162
61228105
61227936
61228097
61242418
61226264
61228223
61226043
61226469
61228254
61227654
61228277
61226074
61228052
61228243
61228518
61228386
61228445
61242698
61226639
61228603
61228509
61228578
61227744
61226386
61228200
61242321
61226582
61228490
61227849
61228458
61242814
61226848
61228647
61228218
61228656
61242543
61227118
61228917
61228372
61228963
61242964
61227031
61229162
61228466
61227261
61229190
61227150
61229265
61243349
61227514
61229361
61228528
61229161
61227946
61243217
61229272
61229419
61243359
61227319
61229354
61229264
61229305
61243562
61227373
61227977
61229581
61227890
61229579
61243615
61227616
61229695
61229161
61229650
61227609
61228067
61229756
61227620
61230243
61227621
61228965
61229820
61229124
61229702
61244102
61228168
61230031
61227690
61229640
61227770
61228736
61229921
61244173
61229680
61228883
61229936
61229960
61230208
61244108
61228889
61230122
61228031
61230785
61229084
61230176
61230244
61228180
61229342
61229891
61244225
61228249
61230047
61229372
61229929
61228045
61229132
61230178
61228090
61230191
61228194
61229023
61230400
61229817
61230371
61244710
61228717
61230389
61229243
61230382
61230567
61244468
61228975
61230688
61230091
61230697
61244408
61229777
61230765
61245110
61230749
61230605
61228685
61230879
61230899
61231027
61230376
61231033
61245186
61229402
61231091
61231195
61229090
61230951
61231240
61231143
61231400
61245570
61231895
61232970
61232209
61232729
61230911
61232121
61233106
61247145
61231314
61233120
61232458
61232807
61231050
61231882
61233290
61231065
61232929
61247041
61231627
61233402
61232617
61233352
61247432
61232576
61233653
61231398
61234192
61231850
61232890
61231794
61233921
61231594
61233530
61231752
61247869
61231094
61233214
61231406
61232481
61233693
61248069
61233456
61231699
61233771
61233799
61231745
61233582
61231422
61233825
61233812
61248030
61233025
61234106
61231967
61233882
61233031
61233972
61234023
61247854
61232416
61234231
61233419
61234766
61233207
61234254
61234391
61248596
61232534
61234391
61233630
61234284
61248581
61232619
61234524
61233859
61234348
61234561
61248696
61232903
61234688
61248975
61234378
61232546
61233306
61234645
61232570
61234570
61234652
61234813
61232647
61234521
61233721
61234737
61234754
61249089
61233171
61234946
61234246
61235475
61233131
61234876
61234852
61248851
61233331
61235020
61232908
61235587
61232923
61233683
61235084
61233057
61234877
61233086
61234245
61235220
61249423
61233243
61235316
61233139
61233981
61233437
61234954
61249045
61233137
61235213
61234767
61235396
61249806
61233854
61235519
61249623
61235230
61233446
61234470
61235621
61233543
61235438
61233974
61234942
61235414
61233695
61234441
61235777
61250208
61233790
61234626
61235625
61235594
61235859
61233693
61235872
61233852
61234259
61236023
61233795
61235947
61250083
61234913
61236101
61250553
61235867
61235923
61236297
61236002
61236067
61234211
61235372
61236423
61250683
61234419
61236444
61236299
61236460
61250884
61236253
61236628
61236534
61236585
61250624
61235744
61236705
61251088
61234865
61236852
61250936
61235184
61236969
61234768
61236683
61234825
61236486
61236865
61234810
61235659
61237053
61251014
61235282
61237009
61236262
61237624
61251168
61236059
61237141
61237190
61238587
61253106
61237133
61238702
61237080
61238438
61238951
61253189
61237389
61239064
61253416
61238826
61236967
61238321
61239217
61253565
61237394
61239323
61238664
61239037
61237734
61239431
61239490
61253302
61237515
61239348
61237311
61239224
61237453
61238715
61239649
61253800
61237789
61239745
61237492
61239408
61239711
61239628
61239669
61254110
61238120
61239847
61239948
61237818
61239042
61239914
61253841
61238129
61240058
61237898
61239748
61240023
61239868
61239940
61238046
61239043
61240231
61254631
61238206
61240279
61239556
61238316
61240413
61254310
61238676
61240389
61239679
61240148
61238564
61240095
61240443
61238415
61239268
61240525
61254534
61238753
61240631
61239812
61238915
61240621
61254798
61238956
61240707
61238554
61240666
61240010
61240482
61254442
61239840
61241004
61255058
61239130
61240915
61240130
61240663
61239863
61240879
61240944
61255180
61239372
61241136
61240375
61240813
61238732
61240947
61241084
61254917
61239511
61241200
61239163
61241048
61239178
61241288
61241270
61255448
61239708
61241469
61239374
61241207
61239399
61240330
61241584
61255700
61240351
61241622
61239582
61241456
61241523
61241788
61255811
61240037
61241901
61256027
61240280
61242007
61239817
61242752
61240189
61242037
61241102
61240932
61240919
61242085
61256002
61241383
61242711
61240112
61240886
61242246
61256584
61241995
61241113
61242348
61242362
61256332
61240484
61242629
61242423
61242488
61256353
61240943
61242618
61241857
61242428
61240292
61241380
61242829
61257116
61240828
61242552
61241459
61240542
61241383
61242648
61256861
61241150
61242849
61257122
61242713
61243112
61257477
61241457
61243218
61241003
61242904
61241007
61243134
61243110
61257534
61242920
61241099
61242333
61243270
61241271
61243005
61240845
61243091
61243231
61257049
61241789
61243475
61242703
61243148
61243410
61242260
61243225
61243506
61257841
61241505
61243636
61243381
61243542
61243756
61241963
61242979
61243461
61241925
61243133
61243581
61241469
61243297
61243738
61242103
61243352
61244477
61243846
61243462
61244656
61244333
61244697
61246102
61260080
61246205
61246150
61260406
61245422
61246280
61260440
61244567
61246328
61260286
61244533
61246462
61244330
61246177
61244458
61246372
61245396
61244382
61245528
61246489
61260669
61244851
61246588
61260587
61244100
61246061
61246358
61244666
61246615
61246776
61260823
61245877
61246632
61247041
61246523
61246797
61246030
61246475
61246899
61247164
61246547
61247108
61261469
61245678
61247326
61245557
61245181
61247079
61247310
61246659
61247405
61245595
61245819
61247176
61245375
61247423
61247636
61245509
61247581
61247598
61261881
61246035
61247762
61261675
61246077
61247862
61245643
61247242
61247904
61247767
61248080
61247716
61248119
61262269
61247306
61248349
61262308
61246887
61248178
61262550
61246601
61248311
61246243
61248080
61247198
61248296
61248286
61262189
61247493
61248406
61262693
61262355
61248249
61248140
61246703
61248366
61248496
61246503
61248636
61248551
61262842
61246910
61248599
61246490
61248313
61246750
61247855
61248498
61246860
61246737
61262435
61248312
61248270
61248586
61248174
61248698
61262526
61248859
61248671
61262710
61247522
61248951
61262597
61247827
61249060
61263374
61247137
61249210
61248747
61248372
61246955
61249212
61249253
61263596
61247729
61249517
61263369
61247609
61249671
61247447
61250215
61248130
61249543
61248109
61249791
61263958
61248851
61249921
61264025
61248019
61249499
61249901
61263645
61248873
61264297
61249056
61249990
61264335
61247989
61250065
61249397
61249969
61248031
61249251
61250215
61248074
61250088
61250078
61264054
61248753
61250322
61264409
61250343
61249135
61250217
61248335
61249930
61250293
61248757
61249018
61250464
61264402
61249699
61250646
61265114
61248628
61250677
61249940
61250501
61250729
61249944
61250704
61264762
61249114
61250888
61248646
61248838
61250278
61264763
61248691
61250599
61264971
61250279
61248681
61249834
61250350
61248913
61249202
61250747
61250864
61248867
61250912
61250843
61249786
61250850
61249364
61251749
61251273
61249158
61251005
61249517
61251259
61251324
61265543
61250080
61251282
61265234
61249689
61251498
61249382
61251099
61250203
61251394
61251490
61265497
61250652
61251487
61265536
61249911
61251610
61249430
61249726
61251377
61251834
61249523
61251449
61251885
61251080
61251809
61249593
61251395
61251860
61250855
61254219
61253302
61268254
61253461
61254555
61254601
61254558
61252535
61255241
61252574
61253873
61254759
61268631
61253478
61254903
61268865
61254739
61253160
61254855
61252715
61254705
61253715
61252674
61253847
61254835
61268975
61253194
61254931
61269026
61252158
61254210
61254475
61253967
61253437
61252796
61254995
61255173
61269051
61253457
61255293
61253116
61254977
61255242
61269258
61253602
61255315
61253138
61255115
61255194
61255470
61269391
61253781
61255508
61253444
61255356
61253772
61255151
61255589
61253562
61255672
61255887
61269923
61254184
61255860
61270219
61255643
61254795
61255968
61256006
61270183
61254420
61255166
61255990
61256159
61255473
61254559
61256850
61256304
61270625
61254673
61256386
61254271
61256132
61254623
61256290
61256066
61254509
61254525
61256528
61257262
61254586
61255418
61256514
61256851
61256951
61256837
61256049
61254970
61257103
61257045
61271366
61255486
61257247
61271606
61255441
61257408
61256524
61257937
61255284
61256092
61257442
61271825
61255859
61257572
61255443
61256810
61257172
61271247
61256608
61257405
61271716
61256179
61257646
61271668
61256705
61257690
61272062
61256090
61257905
61272250
61256073
61257978
61255767
61257641
61257954
61257842
61256929
61271918
61258001
61258117
61256124
61258148
61258237
61272510
61256664
61258426
61256225
61256380
61258326
61256186
61258602
61258558
61272824
61256899
61258588
61272429
61256998
61258746
61272756
61256735
61258637
61256521
61256766
61258771
61256611
61258485
61256294
61258136
61258683
61256946
61258240
61258718
61256886
61258772
61259143
61272875
61259116
61259071
61259254
61256851
61258590
61259886
61257262
61258772
61259131
61259382
61258318
61257237
61258065
61259521
61259598
61273511
61258543
61259752
61257887
61273741
61258475
61259760
61274143
61258098
61259784
61274081
61258869
61259378
61257412
61259484
61259504
61257439
61259545
61259559
61273318
61258569
61259846
61273554
61258061
61259822
61274397
61257979
61259980
61258002
61259664
61260063
61258017
61257907
61260019
61258067
61260092
61260292
61274308
61259690
61258553
61260043
61258477
61260464
61260554
61274593
61258793
61260591
61274957
61258837
61260588
61275073
61258971
61260742
61258531
61260398
61258893
61260504
61260628
61260742
61275053
61260462
61260619
61261004
61259115
61260127
61261575
61260984
61260199
61260685
61259399
61260367
61260767
61259967
61260901
61261014
61274903
61259818
61261072
61259231
61260951
61261264
61261296
61275402
61259223
61261283
61259733
61262117
61261516
61261620
61275518
61261096
61259976
61261408
61261721
61261825
61276088
61261144
61262760
61264531
61266169
61278560
61262471
61264352
61264336
61263497
61278720
61262955
61264689
61262590
61265255
61262970
61264267
61264859
61279132
61263729
61264989
61278865
61263129
61265058
61279396
61264858
61265216
61279359
61265151
61265096
61279448
61264062
61265449
61279616
61263788
61265501
61279904
61263798
61265545
61263392
61263664
61265593
61279592
61263712
61265637
61264972
61265420
61263516
61265126
61264102
61265569
61265810
61265224
61265861
61263645
61265741
61265779
61263734
61265998
61266087
61280069
61264621
61266022
61280029
61266032
61266094
61280381
61264429
61266292
61280497
61264655
61266228
61280316
61264474
61266300
61280540
61264697
61266386
61280841
61264714
61266564
61280827
61264563
61266660
61264435
61264748
61266588
61264675
61264477
61266389
61266606
61263844
61280240
61264804
61266116
61266657
61265968
61266416
61266691
61264633
61266606
61266771
61264436
61266826
61266819
61280807
61265511
61266829
61264812
61266997
61266901
61264740
61266946
61266035
61265954
61266898
61266826
61265314
61266573
61266994
61264775
61266548
61267007
61265175
61267192
61267370
61267491
61266854
61267329
61266437
61267141
61267387
61267625
61265530
61267326
61267454
61267811
61281532
61267450
61267797
61266675
61267212
61267715
61268172
61265824
61266606
61267781
61268166
61265996
61266042
61268193
61282473
61266511
61268200
61282390
61267280
61268269
61282309
61266556
61268317
61282754
61266470
61268389
61282772
61266796
61268410
61266348
61268444
61267498
61266447
61268508
61268611
61266567
61268710
61268727
61267595
61268217
61267886
61266302
61268408
61268485
61282995
61266878
61268742
61283100
61267244
61268967
61283148
61267394
61269032
61282802
61268933
61268974
61266943
61269128
61269070
61269270
61283389
61269181
61269239
61283149
61269267
61269428
61283184
61283539
61268779
61267416
61269441
61283322
61267656
61269564
61283472
61267858
61269649
61267418
61268338
61268714
61269466
61268053
61269018
61270595
61269779
61284090
61267994
61269974
61284394
61268223
61270032
61284197
61268405
61270104
61268037
61269987
61268536
61269812
61270134
61270461
61284301
61270406
61269285
61268798
61270057
61270358
61270568
61268542
61268619
61270702
61285040
61268980
61270888
61284942
61269065
61270737
61284730
61269384
61270761
61284828
61269868
61270561
61270905
61270978
61270190
61268926
61271142
61270935
61268604
61269862
61270283
61268699
61270057
61269799
61269551
61270700
61270755
61284733
61270933
61271012
61268950
61270249
61271118
61285318
61269347
61271252
61285587
61269364
61271372
61269315
61269371
61271516
61270744
61271237
61271574
61270888
61271357
61269944
61270640
61271040
61271560
61271883
61271307
61270081
61272082
61272175
61272081
61269979
61270227
61272204
61286123
61270179
61272159
61271419
61271915
61272204
61271457
61271939
61272204
61270112
61271963
61270526
61270733
61272282
61286233
61271636
61270628
61272725
61286916
61274676
61275613
61289345
61275582
61275732
61289464
61274792
61275828
61289774
61274787
61273931
61275970
61273817
61275729
61276079
61275353
61276044
61274031
61276151
61276004
61276344
61274180
61275138
61276149
61276387
61274371
61273880
61274049
61276136
61274150
61274226
61276275
61290716
61274651
61276436
61290785
61274737
61276375
61290782
61274494
61276656
61291056
61274799
61276800
61274664
61276586
61275700
61276730
61276891
61291093
61277045
61276973
61290941
61276849
61277193
61291072
61277114
61276970
61275520
61276886
61276549
61276318
61291343
61276805
61277314
61275165
61275413
61277301
61277552
61291526
61275905
61277656
61292029
61275991
61277738
61291791
61276025
61277810
61292261
61276169
61277896
61292289
61276087
61278050
61292313
61276183
61278026
61291975
61276375
61278136
61291833
61277175
61278136
61292090
61276557
61278294
61292353
61276591
61278266
61292226
61277367
61278208
61292307
61278273
61278314
61278342
61278446
61276368
61278229
61278566
61292685
61275432
61275755
61278079
61277469
61276023
61278380
61276377
61276741
61278766
61292767
61277716
61278578
61278846
61276720
61278605
61278829
61293127
61276839
61278939
61293178
61277106
61278963
61292916
61277335
61279011
61293034
61277370
61279073
61293548
61277558
61279182
61293619
61277592
61279394
61293770
61277414
61279466
61293416
61293629
61277878
61279700
61293894
61279550
61279484
61293466
61279625
61279896
61277639
61279711
61279704
61278620
61279260
61280308
61279808
61279071
61278527
61277835
61279974
61294035
61278333
61280022
61294237
61279222
61279991
61277922
61279946
61279168
61278352
61279327
61279847
61280181
61277767
61279586
61280040
61280288
61278190
61280041
61280382
61279741
61280202
61280587
61278268
61294544
61280128
61281013
61278796
61279953
61279704
61280096
61278297
61280269
61280501
61280571
61280019
61281278
61280660
61280008
61278779
61280766
61295101
61279111
61280920
61294986
61279208
61280921
61278845
61280715
61280866
61278873
61278889
61279428
61281175
61295124
61279499
61281233
61295242
61281154
61281106
61279113
61281161
61281068
61279535
61280798
61281483
61279346
61281529
61295470
61280602
61281533
61281705
61295800
61279958
61281770
61296166
61280078
61281890
61296129
61280184
61281976
61279568
61281764
61281901
61280103
61281761
61282076
61280444
61281676
61281956
61282245
61281559
61280346
61282279
61296463
61280580
61281964
61282294
61280165
61282036
61282376
61296224
61281347
61282298
61280349
61282308
61282233
61280394
61282507
61282442
61282536
61282640
61280513
61282588
61282417
61282826
61281818
61281984
61282411
61282797
61280623
61282511
61282811
61280722
61280905
61282933
61296750
61281093
61282796
61280724
61296967
61297167
61281219
61282908
61297107
61281390
61283028
61280881
61283076
61283066
61281076
61283097
61282346
61281220
61283258
61282476
61280947
61282645
61281409
61283578
61298015
61281865
61283588
61297530
61297931
61283083
61281844
61283714
61297711
61282011
61283724
61298038
61282532
61283796
61281779
61283768
61283813
61282266
61283550
61284717
61284123
61282018
61282290
61284342
61298619
61282629
61284401
61298763
61282763
61284356
61298208
61284404
61284332
61282686
61283675
61284219
61284546
61298946
61282857
61284546
61284530
61282249
61284475
61284369
61284607
61301806
61287800
61287910
61286192
61287966
61285874
61287942
61287936
61288208
61286500
61287275
61286104
61288036
61286015
61287615
61288045
61288406
61287546
61288039
61288379
61302479
61286840
61288604
61302860
61288617
61288672
61286611
61288245
61288504
61288968
61286695
61287063
61288858
61286721
61288673
61288601
61288976
61286839
61288663
61289062
61286861
61288760
61289131
61286892
61287263
61289168
61287988
61288082
61303674
61287759
61289486
61303507
61288358
61289462
61289494
61287200
61287393
61287662
61289638
61303600
61288770
61289717
61288588
61289002
61289634
61290070
61304409
61288780
61289917
61303738
61289879
61289941
61288088
61289428
61288047
61290291
61304585
61289161
61290301
61288900
61289521
61290065
61290474
61288321
61288377
61290450
61290314
61288606
61304619
61290462
61289476
61304104
61303932
61318466
61303821
61305233
61319604
61319153
61303728
61306320
61306096
61305663
61306100
61304726
61306386
61307059
61307525
61307119
61307498
61307886
61305794
61307655
61308002
61306828
61322277
61306577
61308184
61322491
61306947
61308246
61322142
61308284
61308233
61307193
61307762
61308090
61308504
61322634
61307296
61308406
61322231
61308491
61308433
61306440
61307363
61308653
61307089
61308792
61306740
61308813
61308823
61307071
61306808
61308679
61307372
61306900
61308798
61309087
61323302
61307381
61309169
61322877
61309145
61309135
61307118
61309101
61309200
61309318
61323619
61307753
61309592
61323732
61308688
61308021
61310381
61309899
61307798
61309686
61309961
61324264
61308258
61309992
61324050
61307847
61308372
61310061
61324122
61309165
61310110
61324447
61308780
61310109
61324300
61310263
61310287
61309978
61308050
61309665
61310209
61310412
61308304
61308614
61310608
61324251
61310529
61309522
61308713
61325214
61310670
61310608
61309589
61310235
61310573
61310784
61324767
61309602
61310917
61310812
61310978
61325130
61310181
61311139
61309002
61310951
61311736
61311184
61309069
61309269
61311472
61325484
61309807
61311469
61325560
61311437
61311513
61310411
61310979
61311382
61311620
61326023
61310078
61311531
61311622
61309886
61325711
61311202
61310343
61311538
61311896
61310055
61326031
61311343
61310511
61310121
61311711
61312048
61326174
61311070
61312031
61309996
61311887
61311717
61312108
61312036
61312442
61310271
61310465
61312469
61326276
61312305
61311602
61310649
61311878
61312254
61310769
61312035
61312435
61312823
61326688
61311214
61312810
61310683
61312745
61310772
61312731
61326729
61312596
61313126
61312735
61310534
61312460
61312886
61310862
61311051
61313100
61327009
61311720
61313193
61311049
61313220
61311887
61313352
61311283
61313136
61313075
61313439
61313655
61311556
61328008
61311995
61313848
61327855
61312533
61313012
61311733
61311765
61312009
61313993
61328427
61312376
61314226
61328407
61313405
61314168
61312202
61314315
61314219
61314409
61312232
61312583
61314454
61328805
61312703
61314467
61313263
61314025
61312389
61314534
61312446
61312773
61314633
61328717
61313451
61314701
61312177
61313006
61314342
61314730
61328895
61312681
61313518
61314553
61313126
61314362
61314700
61314962
61312846
61314735
61315092
61312901
61313451
61315260
61315271
61313158
61314638
61314691
61313454
61315452
61329619
61313835
61315644
61315024
61329373
61313670
61315506
61329768
61315553
61315519
61315767
61315960
61313773
61315671
61316008
61330425
61314401
61316237
61330332
61315396
61315987
61316215
61314188
61314473
61316423
61330326
61316185
61315733
61315489
61314500
61314670
61316684
61330405
61316458
61316488
61315041
61316102
61316774
61316555
61314419
61314691
61316531
61317008
61331135
61316310
61314967
61315164
61317189
61315069
61317178
61317096
61317385
61331363
61315445
61319574
61321314
61335393
61319739
61321359
61335270
61321164
61320263
61320107
61321287
61321164
61321649
61335594
61321314
61320098
61321831
61319742
61321650
61321594
61321832
61336140
61320174
61321863
61336078
61321690
61321976
61322207
61336604
61320604
61322317
61320282
61321626
61322016
61322431
61336691
61320698
61322411
61321897
61320313
61322330
61323234
61322605
61321981
61320741
61322940
61337374
61322047
61322861
61320890
61321596
61322417
61321215
61323263
61337334
61323075
61323140
61321348
61322667
61323315
61323222
61323430
61337607
61321679
61323542
61321354
61323429
61323285
61323626
61323087
61323419
61323804
61321634
61322015
61323797
61337660
61323756
61323537
61323850
61322028
61322075
61324298
61338373
61338627
61322549
61324313
61338166
61324290
61324064
61324380
61338688
61323580
61324363
61322708
61324647
61323446
61323914
61324359
61324757
61339030
61322917
61324572
61323569
61323928
61324472
61322974
61322619
61324671
61324992
61339299
61323241
61325087
61322878
61324358
61324669
61325081
61339120
61324096
61324832
61324733
61325073
61338858
61324960
61324532
61323205
61322969
61323646
61322738
61324837
61338676
61324813
61325412
61325019
61339481
61323570
61325317
61323231
61325197
61324777
61323678
61325562
61323302
61324950
61325209
61325546
61339413
61325523
61325543
61324360
61324859
61323763
61325750
61340036
61324180
61325842
61324627
61325038
61323846
61325823
61339692
61324545
61324945
61324728
61325176
61325573
61325851
61340111
61324291
61325977
61323837
61326001
61326737
61326119
61340145
61324390
61326103
61340263
61325720
61325169
61326231
61325153
61324172
61340531
61340819
61324867
61326604
61324395
61326467
61326374
61326783
61325992
61324656
61326780
61340913
61325766
61326972
61324910
61327009
61326722
61327062
61341496
61325949
61327158
61340929
61326825
61327037
61327248
61341658
61341735
61325725
61327291
61326237
61326891
61327254
61327693
61325461
61341815
61326594
61327636
61326630
61327225
61325793
61327992
61342324
61326794
61328016
61325644
61325968
61326182
61328042
61341803
61328029
61327973
61328184
61342140
61326804
61326317
61326748
61328494
61342607
61326696
61328498
61342364
61327620
61328557
61326495
61328386
61328375
61328825
61342554
61328572
61327589
61329343
61328752
61326698
61327135
61328834
61342750
61328858
61327879
61326913
61329077
61328844
61329106
61327168
61327242
61329328
61343258
61329387
61329261
61328156
61328799
61327569
61329591
61343826
61328344
61329622
61327461
61329366
61329673
61329654
61330039
61329343
61329860
61330224
61344210
61328792
61329244
61328376
61329526
61328248
61330246
61343978
61328691
61330003
61330388
61330232
61330535
61329207
61328276
61328531
61330525
61344675
61344449
61328429
61330214
61344095
61330230
61330233
61330450
61344863
61329097
61330474
61344254
61330337
61330262
61330551
61344886
61328961
61330725
61328406
61330027
61330574
61330764
61330988
61328902
61330854
61330727
61331081
61344922
61330941
61331118
61331219
61345649
61329445
61331380
61345346
61331199
61331148
61329527
61329336
61329666
61331461
61345254
61331358
61331214
61331503
61345886
61329835
61331524
61329541
61331055
61331421
61331757
61345730
61345844
61331560
61331409
61330127
61329600
61329978
61331877
61329651
61331193
61331555
61331868
61346107
61329801
61331814
61330243
61332154
61331025
61329982
61331955
61332255
61346733
61330624
61332511
61346144
61331871
61332050
61330424
61332545
61346541
61332504
61332326
61332605
61346551
61331289
61332611
61332633
61330676
61331604
61330466
61332703
61346497
61331257
61332569
61332855
61347100
61332072
61332886
61330958
61332603
61332794
61333155
61347074
61332430
61333258
61332204
61332795
61331457
61333238
61333236
61333576
61347682
61333528
61333436
61333506
61348018
61332709
61333482
61332326
61331423
61333318
61333760
61331696
61333757
61333843
61333661
61333715
61348087
61332863
61333570
61333900
61347968
61332173
61333803
61331725
61333277
61333626
61333953
61348040
61333091
61333269
61332290
61331911
61332327
61334156
61332979
61333492
61332170
61334117
61331956
61333986
61333873
61334135
61334157
61332042
61333589
61332709
61334473
61333221
61333645
61332487
61338621
61352881
61337511
61338721
61337027
61353160
61337965
61338763
61336821
61338319
61336767
61338928
61336791
61338538
61338775
61338269
61337702
61336773
61353114
61337642
61338707
61338934
61339079
61352974
61338542
61338863
61339087
61353497
61337854
61339114
61337162
61338769
61339066
61339399
61353361
61339066
61338567
61337833
61339539
61337863
61337435
61337793
61339899
61337633
61338351
61339561
61339922
61353884
61339853
61339736
61339971
61337852
61338217
61339988
61337933
61338072
61338129
61338254
61340323
61354084
61340358
61340165
61340478
61354780
61339058
61340389
61338518
61338265
61338705
61340517
61339426
61339928
61338733
61340662
61354527
61340621
61341357
61340664
61355023
61339840
61340640
61340846
61338846
61340336
61339230
61340903
61338919
61340578
61339231
61341160
61338894
61340846
61340849
61341162
61355548
61340174
61341066
61341239
61339068
61355390
61341110
61340980
61341269
61355590
61338740
61339456
61341227
61355093
61341281
61341418
61341614
61355687
61341576
61339751
61341840
61339406
61341560
61341515
61341777
61355697
61341767
61341808
61341981
61355855
61341997
61341932
61342091
61355919
61340893
61342160
61339999
61342149
61341940
61342328
61356807
61340769
61342386
61342562
61340327
61340606
61340834
61342512
61342616
61356824
61340446
61340643
61340923
61342773
61340574
61342721
61342601
61342900
61356794
61342257
61341089
61342946
61340847
61342190
61341022
61343037
61340934
61342654
61341287
61343230
61357170
61343028
61341505
61343272
61341136
61342715
61341430
61343342
61341157
61343130
61343034
61343337
61357307
61343405
61342385
61341688
61357810
61341885
61343399
61342452
61341497
61341886
61343695
61341544
61343775
61358206
61342244
61343889
61357549
61357397
61341884
61343648
61357415
61342401
61343436
61343704
61343784
61357711
61342595
61343975
61342945
61343315
61342225
61344199
61357986
61344008
61344766
61344218
61342494
61358643
61342640
61344479
61342416
61358788
61342600
61344313
61342340
61343793
61342406
61344482
61342406
61343856
61342606
61344586
61358267
61344542
61344542
61344615
61358554
61342326
61359045
61343061
61344966
61342843
61344381
61343147
61345156
61359115
61345016
61344902
61345147
61359437
61344210
61345099
61345155
61345280
61344178
61344629
61343527
61345360
61359636
61344413
61344633
61343539
61359928
61344998
61343827
61345841
61360002
61344864
61344688
61343787
61345205
61343962
61346017
61360277
61345874
61346763
61346169
61360285
61346183
61345268
61345003
61345410
61346131
61346369
61360649
61345620
61344927
61346153
61344142
61346330
61346156
61346670
61360930
61344903
61346739
61345664
61360730
61361130
61346754
61346693
61347156
61361224
61347097
61346982
61345387
61346451
61345331
61347335
61346206
61345094
61345339
61347217
61345155
61345147
61347307
61347355
61347503
61361678
61346270
61347428
61346347
61345477
61345397
61346488
61347595
61345482
61347058
61345677
61347791
61361921
61347580
61347785
61347817
61361905
61346614
61347765
61347928
61362273
61346438
61348164
61345959
61362078
61362478
61348167
61347910
61348336
61362548
61347044
61346518
61348406
61348527
61346619
61362607
61347858
61348458
61346955
61346576
61347652
61348598
61348637
61347525
61346598
61347045
61348683
61346618
61348748
61348635
61348897
61347747
61363328
61347712
61348723
61347087
61346670
61347025
61348960
61348348
61362910
61347960
61347196
61348590
61348612
61348911
61362627
61348815
61348911
61348909
61346920
61347086
61349110
61363108
61349070
61348092
61347380
61349261
61347199
61348631
61347429
61349379
61363051
61349245
61349187
61349476
61363584
61349544
61349421
61349713
61347622
61348069
61349846
61348627
61363906
61348538
61349632
61349993
61364109
61349832
61349976
61350063
61364264
61348539
61349967
61347974
61349547
61349851
61350212
61364161
61350253
61350061
61350285
61364606
61349055
61350185
61348406
61364559
61348699
61348341
61350181
61350586
61364640
61348349
61350378
61350262
61350629
61364765
61350540
61350280
61350607
61364849
61350654
61348569
61350731
61364777
61350693
61351289
61350832
61365149
61350705
61350588
61350901
61365093
61349631
61350912
61349194
61348853
61348616
61349577
61351008
61351033
61365327
61350009
61351146
61348958
61350427
61349191
61351178
61365330
61351208
61351139
61351405
61365451
61365775
61351457
61349385
61351691
61365881
61351537
61350236
61351842
61351030
61349934
61351774
61349688
61351291
61349832
61351830
61349511
61351139
61350127
61351885
61351893
61349780
61351978
61351858
61352171
61366319
61351092
61352140
61351025
61350098
61350521
61350193
61352266
61366583
61352426
61352368
61352711
61366729
61351532
61352503
61352576
61367013
61351666
61352606
61357280
61371430
61355404
61355175
61355464
61357297
61356192
61355302
61355712
61357551
61356310
61357046
61355542
61357546
61371537
61355998
61357412
61357872
61371525
61357448
61357502
61357870
61371759
61357778
61358449
61357896
61372156
61357882
61357660
61357997
61359611
61371932
61357828
61356672
61356353
61356028
61356054
61356490
61358279
61372246
61357996
61356851
61358492
61356672
61372822
61357649
61358325
61358706
61358892
61373063
61357111
61358854
61357120
61356741
61357140
61358877
61356829
61358271
61357010
61359018
61373446
61358168
61359179
61358180
61357178
61357460
61359365
61357340
61359036
61359091
61359541
61373452
61358253
61359298
61359734
61373685
61358801
61358714
61359866
61374016
61359637
61360358
61359860
61357741
61358106
61359905
61359947
61357663
61359235
61359632
61359972
61359943
61360135
61374368
61359325
61359805
61359784
61360169
61374293
61359015
61360329
61359073
61359679
61358467
61360396
61374101
61360369
61361062
61360559
61374552
61360610
61360264
61360703
61374885
61359416
61360457
61358760
61358497
61358875
61360711
61360212
61373993
61358697
61360108
61360431
61374817
61358790
61360602
61374558
61360462
61360156
61360549
61375079
61359239
61360976
61360861
61361061
61375689
61359471
61361345
61375036
61360698
61361058
61361501
61375531
61361227
61362009
61361444
61375731
61360534
61360372
61361322
61375679
61360359
61361471
61361559
61361698
61376001
61360617
61361605
61360582
61359566
61360068
61361795
61359757
61361702
61361812
61360012
61376247
61360836
61361847
61360177
61359798
61360235
61361975
61359951
61361862
61361916
61362103
61360885
61361044
61376417
61360642
61362215
61361175
61376490
61361989
61362226
61362529
61376696
61361500
61362491
61362582
61360542
61361156
61360819
61360728
61362917
61360675
61360833
61361206
61362970
61361769
61360828
61361340
61363128
61361959
61377468
61361468
61360913
61362944
61376704
61362916
61361372
61362896
61363196
61361059
61362597
61363021
61363412
61361490
61362888
61361778
61363758
61361618
61362996
61361742
61363788
61377932
61363665
61363606
61363826
61377531
61363334
61363515
61363876
61378286
61362259
61363852
61362254
61362926
61378217
61364197
61364026
61364462
61378543
61364164
61364257
61364405
61378657
61363544
61363611
61364698
61378814
61364609
61364328
61364630
61378760
61364620
61364360
61364636
61378691
61364608
61364539
61364965
61378930
61363963
61364883
61363792
61364199
61362945
61365001
61363848
61379416
61365019
61364998
61365260
61379160
61365120
61365000
61365289
61379255
61365224
61363683
61364927
61363590
61365495
61364390
61363527
61363745
61365684
61363571
61365017
61365540
61365836
61363885
61364038
61366042
61365412
61379832
61365672
61365627
61365889
61379894
61365154
61366084
61364219
61364066
61364619
61366339
61364950
61365494
61364346
61366193
61365118
61364123
61364395
61366324
61364531
61364196
61364646
61366441
61365360
61364497
61364851
61366595
61366627
61380778
61366702
61365501
61365745
61365787
61366857
61365680
61381067
61367015
61366809
61367020
61381395
61367051
61367030
61365443
61365166
61365654
61367325
61365625
61381761
61366553
61367300
61367554
61381841
61366191
61367219
61367535
61381411
61367436
61368155
61367652
61381622
61367578
61367509
61367693
61365714
61366175
61367905
61365982
61381976
61366485
61367828
61368078
61365963
61366239
61368134
61382003
61367040
61382707
61368280
61368256
61368425
61382626
61368346
61368240
61368451
61368544
61382745
61368506
61368444
61368716
61368127
61382499
61368181
61366685
61366367
61368611
61366453
61368077
61366597
61368656
61366636
61368553
61368563
61368945
61382725
61368712
61366996
61369059
61383527
61367788
61369107
61367362
61367048
61367485
61369273
61367184
61368571
61367393
61369418
61368153
61368662
61368886
61369452
61369267
61369754
61367542
61369169
61367782
61369711
61367598
61369455
61367674
61369710
61383589
61369324
61367693
61369756
61368627
61384113
61368175
61369764
61369943
61384028
61383790
61369961
61369835
61370148
61383871
61369997
61368114
61370334
61368039
61369550
61369781
61368455
61370237
61369197
61368181
61368570
61370355
61368341
61369749
61368602
61370591
61368437
61369990
61368787
61370641
61368528
61370097
61368685
61370758
61384840
61370806
61368779
61370852
61384645
61370342
61369041
61368380
61370541
61368297
61384972
61368478
61369653
61370411
61370772
61369625
61369678
61385421
61369692
61370970
61371149
61385515
61369820
61370459
61371277
61385280
61369988
61371324
61371429
61385385
61371538
61371384
61371694
61385604
61371157
61369776
61371616
61370415
61385935
61370711
61371514
61371704
61385414
61371156
61369899
61371770
61369718
61371410
61370967
61371169
61371782
61372047
61386027
61371900
61371917
61372278
61386517
61372254
61372168
61372478
61386272
61372495
61372235
61372613
61386488
61372155
61370798
61372823
61370563
61372077
61370779
61372927
61370574
61370724
61371123
61371193
61371933
61373037
61386659
61372414
61372704
61373116
61370969
61372497
61371110
61373186
61370913
61372434
61371321
61373202
61372025
61371088
61371565
61371223
61373262
61373339
61372247
61370590
61372284
61371479
61373263
61372089
61371220
61371565
61373308
61373686
61387860
61372520
61373288
61373502
61373585
61387629
61373598
61373376
61379109
61377023
61378356
61377367
61379199
61378081
61377051
61377406
61379300
61377582
61377268
61377469
61379414
61377594
61377382
61377904
61379539
61377770
61393981
61378382
61377869
61377877
61379887
61378704
61393808
61393829
61379193
61377950
61379865
61378776
61394219
61379023
61379750
61380053
61393928
61379368
61378384
61380225
61379105
61394451
61379254
61379102
61380145
61394023
61380179
61379885
61380297
61393984
61380112
61380016
61380374
61378315
61378259
61378672
61380409
61379232
61394803
61379528
61380427
61380593
61394637
61380381
61380364
61380824
61394991
61380756
61380588
61380928
61394846
61378852
61380414
61379328
61381177
61379306
61378967
61379000
61379383
61381027
61381157
61395284
61395124
61379887
61381783
61381280
61395073
61381157
61381037
61381350
61379186
61380909
61381138
61381499
61379378
61381075
61381472
61381274
61381601
61395515
61381176
61380128
61381995
61380049
61379759
61380270
61381911
61381940
61396462
61381225
61381977
61382218
61396326
61382222
61381992
61382254
61380048
61396504
61396664
61381808
61380774
61382412
61382625
61396971
61381740
61381612
61382716
61380621
61381685
61382975
61383127
61397189
61382016
61382840
61383132
61396810
61382907
61382787
61383151
61397051
61382648
61382485
61381560
61383273
61383380
61397184
61383233
61381387
61383484
61382317
61397763
61382198
61383462
61383525
61397750
61383491
61384093
61383646
61397557
61382279
61383608
61381938
61383892
61383951
61398166
61383872
61382350
61383477
61383790
61397414
61383064
61381776
61383900
61382699
61383223
61382244
61383861
61382266
61398549
61382776
61384057
61382240
61382099
61382635
61384320
61384833
61384338
61384377
61398462
61383266
61384182
61384522
61382460
61383974
61382680
61384307
61384654
61398514
61384000
61382856
61384679
61384831
61384938
61398541
61384606
61384582
61384892
61398637
61384752
61384580
61384992
61398907
61384465
61383187
61385071
61383367
61399317
61383877
61385233
61385290
61399559
61385234
61385173
61385483
61399575
61385490
61385298
61385574
61399669
61385125
61384924
61383581
61384910
61385850
61384742
61400143
61385746
61385575
61385974
61384119
61399983
61385903
61385687
61386041
61399981
61385480
61384288
61386128
61400119
61384106
61385421
61385358
61386438
61400401
61386261
61384490
61383912
61386227
61400228
61384508
61386330
61386472
61386318
61386754
61384518
61386186
61384849
61386957
61384799
61386417
61386673
61386986
61384798
61386226
61385144
61386884
61386271
61387185
61387162
61401324
61401446
61385117
61401043
61401437
61401654
61385273
61387426
61387169
61387511
61386457
61388217
61387661
61385647
61402104
61385802
61386949
61387554
61387945
61385781
61387100
61386234
61387851
61388051
61402245
61386708
61387865
61388144
61402033
61387956
61387908
61388293
61402161
61388214
61388145
61388493
61387278
61386323
61386845
61388448
61388443
61388526
61386539
61388525
61388752
61386839
61403160
61387963
61388770
61389041
61388971
61387866
61402946
61388801
61389131
61387423
61388906
61389219
61389428
61389393
61389455
61388176
61403771
61388114
61389226
61389482
61388281
61403828
61388404
61390116
61389074
61389360
61403790
61389312
61387603
61389586
61389731
61403778
61388525
61389570
61389835
61387797
61389154
61388199
61389987
61389968
61403971
61390019
61390672
61389886
61389915
61390228
61388149
61388127
61388728
61390334
61390572
61388542
61388352
61389248
61388821
61390332
61390594
61388559
61388425
61388899
61390615
61390750
61388606
61390186
61389038
61390737
61390845
61389620
61405318
61390798
61390627
61391074
61388731
61388830
61389389
61391033
61391161
61405226
61391027
61390928
61391180
61389989
61389144
61389629
61391417
61389525
61389310
61390625
61391315
61391458
61389551
61391614
61389701
61405957
61391581
61391351
61391698
61390545
61389529
61389996
61391685
61391711
61405913
61391738
61391662
61392020
61405827
61391507
61390315
61392034
61392063
61406320
61391943
61390008
61392168
61391121
61390305
61391048
61392128
61390052
61391497
61390455
61391309
61392314
61406073
61391753
61390345
61392472
61389953
61390375
61390836
61392306
61392485
61406601
61406743
61406332
61390353
61390865
61392557
61392637
61406849
61392548
61392452
61392816
61406794
61392183
61391194
61392811
61392990
61407489
61392997
61392791
61393241
61407405
61393015
61391183
61393256
61391980
61407671
61391894
61393065
61393354
61407202
61393001
61393070
61393407
61393391
61392361
61407994
61392589
61392591
61393708
61392654
61391992
61408220
61391780
61391959
61391904
61392987
61393742
61393983
61391856
61391913
61392264
61393929
61394057
61408481
61394152
61393821
61394284
61392062
61393576
61392541
61394172
61392406
61408748
61393456
61394478
61394497
61409054
61394528
61394336
61394724
61392587
61394283
61394664
61408734
61393114
61394323
61394657
61408491
61394195
61392763
61394856
61392871
61408890
61393472
61393350
61395186
61395317
61409457
61395054
61395009
61395343
61409054
61395137
61393329
61395546
61395266
61409601
61394118
61393684
61394562
61395653
61393444
61395094
61394027
61395630
61395638
61409664
61395325
61395538
61395886
61394627
61393972
61395059
61396482
61395929
61394752
61393911
61395913
61396226
61394388
61396098
61396424
61410254
61395880
61394620
61396573
61394803
61394390
61395654
61396502
61396722
61410913
61410841
61396685
61396428
61396824
61410559
61396280
61394965
61397020
61397018
61410872
61396450
61394981
61397272
61396054
61411434
61396762
61397671
61397206
61395978
61411477
61397149
61396984
61397222
61395068
61396668
61396375
61396660
61395762
61397277
61397333
61411381
61396103
61396857
61397035
61410953
61410987
61395260
61395940
61398181
61397520
61411514
61396740
61395911
61397627
61397693
61411804
61397707
61395875
61397849
61395733
61395800
61396312
61397963
61396355
61412253
61397536
61396458
61398102
61398220
61412219
61398224
61398060
61398469
61398501
61412593
61398500
61398233
61398471
61396358
61397917
61396838
61398527
61404596
61418403
61403952
61403044
61403742
61403520
61405256
61404764
61403298
61402759
61403481
61404638
61404992
61405018
61403105
61418950
61404342
61403513
61405127
61405156
61419085
61404652
61403454
61405212
61405275
61419163
61403077
61403413
61404046
61406148
61405503
61403465
61404873
61403883
61405826
61403988
61419668
61405481
61403755
61405554
61405709
61419928
61404328
61405435
61405779
61419586
61404982
61404078
61405773
61405861
61419805
61406110
61405542
61403442
61403732
61404189
61405939
61405988
61419880
61405944
61404140
61406106
61406111
61419829
61404140
61404790
61405947
61406332
61406251
61406570
61406537
61420221
61405368
61405867
61404420
61404525
61405085
61406565
61406795
61405567
61420979
61406875
61406567
61406904
61404658
61421298
61406850
61406607
61407040
61404855
61404940
61405428
61407055
61407279
61420863
61406502
61405409
61407226
61405147
61405238
61406326
61407302
61407533
61421799
61406924
61405609
61407600
61406495
61405554
61406794
61408263
61407787
61422009
61407681
61407732
61408106
61405932
61405961
61406302
61406468
61406600
61408042
61408331
61422434
61407708
61422465
61408206
61406412
61408499
61406730
61422913
61406475
61423053
61408588
61408358
61408671
61406647
61406680
61407604
61407901
61408944
61422612
61408432
61407524
61406770
61408555
61407416
61423137
61408601
61406807
61408883
61407111
61422788
61408791
61408783
61409096
61407034
61406975
61407552
61409132
61409236
61423227
61408541
61407674
61409291
61409200
61409170
61409511
61409663
61423485
61409624
61409316
61409680
61407591
61407570
61408006
61409722
61409864
61424089
61409686
61408852
61409967
61410010
61408830
61424118
61408747
61409741
61410228
61407747
61409387
61408507
61410183
61408455
61410188
61408507
61424739
61410182
61410134
61410464
61409263
61408448
61409192
61410166
61410505
61408457
61408500
61408937
61410650
61410863
61424911
61410810
61425370
61408836
61409660
61410756
61411005
61409852
61425444
61410185
61411315
61409267
61410808
61409667
61411542
61411413
61411794
61425982
61411801
61411950
61409905
61411193
61412560
61412012
61409782
61410004
61426006
61411646
61411608
61411921
61410969
61410070
61410592
61412257
61412460
61426269
61411656
61410844
61412345
61412620
61426541
61426293
61411851
61410906
61412523
61412774
61410421
61427192
61411808
61412539
61412753
61411662
61410731
61411131
61411796
61412889
61410892
61410891
61411997
61411982
61413038
61411882
61427381
61413067
61413715
61411466
61412084
61412954
61413304
61427057
61412839
61411455
61413463
61413444
61427533
61413342
61411434
61413565
61413553
61427813
61413430
61411636
61413760
61413887
61428072
61412497
61413631
61413845
61412777
61411757
61412218
61413883
61414063
61427829
61413377
61412371
61413145
61414065
61427836
61414003
61412531
61412272
61414283
61414417
61428441
61414374
61414199
61414433
61412371
61412363
61413904
61428864
61414536
61412742
61413054
61414124
61414748
61416468
61412244
61412328
61413306
61414443
61414759
61429094
61414677
61412776
61414849
61413648
61412714
61413240
61414782
61415039
61428812
61413389
61413301
61414071
61415080
61429107
61414361
61414212
61414854
61415253
61429123
61414829
61413559
61414411
61415505
61429076
61414815
61415122
61415408
61413332
61413249
61413785
61415416
61415616
61415648
61415731
61413619
61413655
61414116
61415818
61414780
61413879
61414337
61416044
61415724
61414583
61416194
61416274
61416292
61416276
61430282
61416340
61416081
61416370
61415241
61430726
61416177
61416353
61416591
61414580
61414470
61414982
61415807
61416727
61430603
61416022
61415258
61416872
61416997
61431150
61415704
61416760
61417111
61414984
61415116
61415587
61417286
61417270
61431461
61417144
61415452
61417255
61417363
61431247
61416634
61415606
61416347
61417205
61417254
61416675
61417612
61417737
61415576
61417165
61416770
61417055
61417907
61415865
61417297
61416301
61418089
61416464
61432337
61417726
61417953
61418204
61417000
61431985
61432658
61417690
61416669
61418427
61418541
61432483
61417935
61416925
61418522
61416962
61432759
61417566
61418537
61418864
61416761
61418258
61417341
61418982
61419209
61432887
61418421
61418141
61418949
61419224
61417050
61418471
61417074
61433546
61418708
61417705
61419397
61419546
61433761
61418940
61417710
61418805
61419647
61433787
61418228
61418017
61418692
61419858
61433576
61419826
61417351
61417684
61418924
61419580
61419890
61417756
61419137
61418161
61419998
61420221
61434069
61419708
61418609
61419383
61420354
61420298
61418157
61434733
61420285
61420120
61420358
61419328
61418285
61419563
61420458
61420627
61422224
61434456
61420212
61418476
61420818
61419569
61434852
61420768
61420583
61420845
61419791
61419699
61435318
61420057
61420713
61421088
61419777
61418946
61419557
61435357
61420896
61419705
61421292
61421327
61419964
61435681
61421315
61421174
61421446
61419115
61435728
61420784
61419923
61420697
61421573
61435526
61420857
61419953
61421594
61421725
61435692
61421363
61420230
61421950
61422000
61435791
61419872
61421033
61420302
61420005
61422061
61422138
61435894
61421512
61420450
61422080
61422287
61420123
61420115
61420729
61422295
61422393
61420002
61420186
61420783
61421762
61422536
61422255
61422554
61420340
61436735
61422474
61422405
61422769
61420602
61437248
61421669
61422605
61422840
61420762
61437034
61422888
61421026
61423027
61421282
61437336
61421856
61421128
61423163
61423209
61437259
61422067
61422477
61420737
61422926
61420939
61422351
61421793
61422913
61423427
61421164
61421132
61421884
61423127
61423400
61421238
61421278
61421763
61424110
61423682
61423741
61423917
61438262
61423876
61423725
61424025
61422184
61438395
61423996
61423930
61424264
61422399
61438617
61424097
61423964
61424266
61423134
61438722
61424196
61424345
61424491
61423198
61438882
61424455
61425129
61424600
61424708
61438683
61424561
61422811
61424675
61422947
61439049
61424868
61424597
61424940
61425093
61423769
61439128
61424458
61423276
61425085
61425213
61422617
61423034
61425176
61425154
61424111
61424991
61425390
61423191
61423323
61424461
61425944
61425441
61424410
61439409
61423361
61424161
61425308
61425659
61423924
61439865
61425537
61425421
61425772
61425818
61439834
61425133
61424149
61424948
61425892
61439624
61425330
61424758
61423990
61425658
61425807
61439672
61425328
61424184
61426047
61426188
61440144
61426065
61424288
61426361
61426447
61440510
61426334
61424574
61426548
61426532
61425427
61440662
61426475
61424739
61426599
61426676
61426780
61440571
61424713
61425675
61426643
61426949
61424398
61424788
61426052
61426251
61427192
61425034
61425023
61426287
61427012
61427328
61425191
61441278
61426803
61425450
61427457
61427537
61448149
61433664
61432403
61434099
61434206
61432144
61432037
61432498
61434214
61434393
61448492
61433688
61433141
61433129
61434406
61448573
61433875
61434373
61434501
61432730
61434550
61434705
61448914
61434086
61433011
61434662
61434817
61434870
61448661
61434323
61433224
61434813
61434989
61433802
61432851
61434091
61435651
61435036
61432909
61434279
61434002
61435033
61435215
61433044
61433125
61448894
61434579
61434326
61434642
61433140
61448949
61434762
61433097
61434975
61435042
61432915
61433010
61433971
61434824
61435113
61433126
61433043
61433651
61435176
61435410
61449471
61435010
61433805
61435561
61435560
61449416
61435276
61434158
61433736
61435764
61435879
61434739
61449995
61435883
61435725
61436052
61433952
61435515
61434514
61436066
61436215
61450482
61435801
61435334
61434590
61436354
61436359
61450526
61435592
61434736
61436510
61436556
61450633
61436515
61434841
61436851
61436802
61450969
61436122
61435122
61435838
61436857
61451048
61436447
61435214
61435869
61436963
61434812
61434955
61437036
61436919
61437266
61435966
61435097
61435965
61437041
61437279
61435326
61451779
61437475
61435928
61437661
61437833
61451602
61435490
61436754
61437482
61437761
61435675
61435650
61436388
61436574
61435696
61437614
61437708
61451488
61437246
61436171
61437715
61438031
61451897
61437932
61436319
61438217
61438246
61452379
61437565
61436685
61438302
61436629
61452635
61438218
61438197
61438431
61438528
61452880
61438607
61438439
61438735
61438671
61452937
61437177
61437020
61438703
61438885
61439061
61453177
61438350
61437439
61438994
61439088
61439288
61453636
61439359
61439191
61439453
61439485
61437318
61438444
61439492
61439538
61437452
61437417
61438045
61439658
61439909
61437738
61437768
61438304
61439884
61440012
61453754
61439368
61439088
61439896
61440250
61439083
61438037
61438689
61440194
61440387
61454524
61439775
61438785
61440398
61440369
61438334
61455006
61439627
61440468
61441203
61440732
61439541
61455283
61440795
61440579
61441021
61439201
61454908
61440470
61439239
61441042
61440354
61440806
61454651
61455180
61440463
61440210
61440890
61441179
61439561
61455477
61441163
61439554
61441342
61441446
61455389
61439442
61441523
61439681
61441596
61441676
61440499
61456186
61440630
61441430
61441753
61440662
61455873
61441409
61440204
61441906
61441908
61455626
61439814
61441180
61441846
61442057
61440870
61456588
61442188
61441870
61442255
61456028
61441639
61440762
61442325
61442405
61442204
61456707
61442331
61440550
61442308
61442440
61440388
61440333
61441496
61443071
61442490
61440387
61440379
61441494
61442398
61442621
61442793
61440541
61456850
61442187
61440929
61442799
61442777
61441549
61457045
61442693
61442453
61442916
61440704
61440669
61441219
61442675
61442978
61441849
61457009
61442890
61441397
61443110
61443214
61441077
61441042
61442116
61443122
61443429
61441151
61457943
61440916
61441113
61443225
61443070
61443455
61441563
61457819
61443374
61441614
61443546
61443769
61457438
61442979
61442013
61443630
61443843
61457992
61443693
61442176
61443961
61444065
61442949
61458064
61443874
61442282
61444053
61444171
61442991
61458408
61444032
61442560
61444002
61444346
61443148
61458495
61444282
61442453
61444389
61444596
61442404
61443952
61443123
61444689
61444742
61443654
61458958
61444186
61443946
61444701
61445021
61442522
61442927
61445109
61443342
61444174
61445128
61443979
61459601
61445235
61443030
61445281
61445371
61459330
61444635
61444394
61445125
61445421
61444148
61459685
61445261
61443408
61445307
61445537
61459354
61445472
61443682
61445456
61445574
61443386
61444821
61444594
61445503
61445651
61444471
61459943
61445420
61445282
61445616
61444394
61459743
61459511
61443607
61459096
61443348
61445521
61445203
61445642
61444400
61459875
61445643
61445488
61445737
61444621
61460264
61445816
61444008
61445940
61446017
61445984
61459791
61443993
61445155
61446187
61446246
61459961
61444084
61444959
61446079
61446341
61444303
61445735
61445709
61446400
61446659
61445533
61461090
61446875
61446584
61447122
61444705
61444961
61445761
61447665
61447143
61445945
61461411
61446532
61447245
61445355
61447194
61447220
61445093
61446566
61445784
61447334
61447540
61445352
61446835
61446555
61445610
61447539
61447592
61445506
61461887
61447528
61445943
61447698
61447788
61445763
61445769
61446226
61447709
61448012
61446612
61462451
61448075
61447883
61448257
61447026
61446075
61447177
61448098
61448367
61448354
61462259
61447536
61446649
61448314
61448534
61462641
61447946
61446976
61446522
61448667
61448000
61448435
61447346
61462691
61446983
61446919
61448525
61448739
61447497
61446621
61448631
61448541
61448875
61447378
61463293
61448773
61448653
61449154
61447911
61446879
61447717
61448813
61449140
61449172
61447147
61463318
61449128
61449008
61449321
61447552
61463589
61448953
61447744
61448494
61449469
61463510
61448825
61447894
61449235
61449605
61448418
61447515
61448690
61449346
61449327
61449773
61447356
61463642
61448106
61447682
61449629
61449788
61463760
61449038
61448594
61450483
61465047
61449666
61449265
61451419
61449221
61465642
61449459
61450406
61451601
61451976
61449866
61449956
61450615
61450127
61452055
61452307
61451137
61466612
61452233
61452105
61452524
61452533
61466778
61452375
61450577
61452585
61451360
61466744
61452227
61450840
61452799
61451628
61467016
61451976
61452731
61453020
61452749
61450693
61452057
61451782
61452657
61452925
61466780
61452501
61451138
61453155
61451298
61467341
61453064
61451526
61453250
61453330
61467569
61452885
61451694
61453393
61450949
61467408
61453364
61453270
61453580
61467264
61452025
61451752
61453574
61453675
61453755
61467531
61453060
61452730
61454293
61453812
61452581
61451606
61452155
61453925
61452126
61467918
61453927
61452078
61454250
61451803
61452129
61452569
61454060
61454250
61468260
61452197
61452984
61454152
61454489
61468559
61454019
61452869
61454462
61454627
61468791
61454183
61453004
61454693
61454650
61469221
61453434
61455357
61454919
61468758
61454358
61453292
61454992
61455240
61455176
61453063
61453028
61453971
61455190
61455243
61469485
61453725
61453610
61453792
61455313
61455524
61453490
61453431
61454900
61455657
61455329
61455007
61455429
61453202
61469425
61455005
61453916
61455515
61455900
61456058
61453481
61470226
61455563
61454533
61456160
61456377
61456471
61470520
61456439
61454556
61454571
61456548
61456652
61470856
61456498
61454666
61456595
61456771
61470506
61456261
61455114
61456782
61456880
61470985
61456188
61455237
61456983
61457169
61471261
61456981
61455050
61457171
61455330
61471047
61456994
61455525
61457139
61457267
61471020
61456613
61455541
61457319
61457597
61471655
61456162
61457942
61457493
61456327
61471836
61457549
61457343
61457554
61456449
61472003
61457613
61455795
61457398
61457701
61472039
61457797
61455855
61457993
61456196
61472043
61457894
61457723
61458012
61456897
61455854
61456403
61457969
61458073
61456917
61472536
61458061
61457971
61458305
61472472
61458270
61456497
61458474
61456695
61457929
61472440
61458252
61456376
61458148
61458286
61472494
61458156
61456601
61458287
61458630
61456578
61458130
61457045
61458700
61458866
61473008
61458710
61456950
61459377
61458853
61458933
61473244
61458796
61458611
61458928
61456968
61456923
61457421
61459117
61459204
61459356
61473264
61458583
61458190
61459272
61459294
61458257
61474020
61459589
61459298
61459700
61457587
61458920
61458142
61459574
61459812
61457658
61457715
61458832
61459052
61459935
61474287
61459415
61458247
61467547
61467634
61481835
61467597
61467398
61467844
61465833
61465692
61466605
61467759
61467873
61481805
61467781
61466024
61467892
61468122
61482115
61468020
61466157
61468151
61466527
61482611
61468243
61466325
61468343
61466250
61466321
61467575
61468595
61467504
61468350
61468663
61468818
61468946
61467446
61483306
61482474
61468553
61466772
61468664
61468942
61482959
61468487
61467230
61468882
61468986
61466845
61466963
61468195
61468757
61469111
61467073
61468553
61467526
61469194
61469175
61467215
61468614
61467641
61469295
61469386
61483244
61468978
61467708
61469480
61469731
61483915
61468230
61469629
61469682
61468042
61469522
61468838
61469822
61469909
61469859
61469949
61469919
61468743
61470006
61469070
61470153
61468475
61470038
61470364
61484477
61470128
61468413
61470321
61470425
61484219
61469693
61468837
61470601
61468832
61484515
61470517
61468627
61470697
61469123
61485190
61470817
61470699
61469440
61470625
61470989
61469788
61485110
61470953
61470812
61471101
61469969
61468970
61469492
61471095
61471206
61485424
61470792
61469293
61471362
61471340
61485708
61471305
61471236
61471621
61470348
61485814
61470468
61470443
61471620
61471523
61469093
61471646
61485693
61471673
61471678
61472029
61469851
61469867
61470722
61471821
61472273
61470072
61471713
61470624
61472354
61472404
61486543
61471231
61471314
61486602
61472411
61470651
61472559
61471494
61486988
61472834
61472969
61472819
61470733
61470687
61471162
61471895
61472671
61471977
61473095
61486874
61472971
61471355
61473079
61473255
61487384
61471952
61472922
61473314
61472196
61487695
61473292
61473100
61473361
61473259
61473497
61473556
61487309
61472728
61472852
61473042
61473598
61473443
61473715
61471578
61487595
61473090
61472917
61473714
61473948
61488313
61473584
61472144
61474072
61474108
61487814
61487996
61472134
61472052
61472745
61474195
61474337
61488109
61473622
61472238
61474259
61473192
61488790
61473137
61474469
61474555
61488630
61474418
61472580
61474656
61474142
61474284
61474381
61474447
61472501
61488665
61488888
61489212
61474716
61473124
61472991
61474872
61474952
61489212
61488954
61473946
61489015
61489266
61489108
61473139
61473524
61474448
61475488
61489459
61474943
61473817
61475434
61475514
61489393
61489967
61475054
61474490
61475500
61475697
61474616
61473627
61474012
61474939
61475794
61490084
61473740
61490209
61475857
61474097
61475951
61476031
61489812
61475384
61474357
61476011
61476311
61489930
61475633
61474507
61476137
61476153
61490251
61476153
61474503
61476263
61476412
61490410
61476343
61477010
61476464
61474338
61474354
61475592
61477160
61476614
61490494
61475838
61474995
61476561
61476900
61490584
61476265
61475028
61476906
61475852
61491348
61476838
61476745
61477056
61474884
61490944
61491283
61476401
61475623
61475197
61477180
61477209
61476791
61490695
61476274
61475620
61476740
61477029
61491268
61476988
61475159
61477338
61475569
61491380
61477469
61477263
61477648
61475487
61491967
61476756
61475900
61477527
61477631
61491880
61477333
61475888
61477775
61477855
61492132
61477900
61477708
61478281
61476906
61475941
61477082
61477251
61478157
61492636
61476978
61476274
61478347
61478173
61478397
61478501
61492387
61492415
61477511
61492578
61476736
61477792
61478628
61478818
61476735
61478861
61478986
61477809
61493161
61478857
61478875
61477125
61479143
61479223
61492990
61478512
61477444
61478187
61479192
61493055
61478593
61477743
61478408
61479386
61477273
61478756
61479377
61477606
61479607
61477214
61494022
61479609
61479393
61479655
61478536
61493988
61479564
61477879
61479805
61477866
61477804
61478761
61480588
61480170
61478897
61494252
61493800
61479660
61478058
61479795
61479977
61480039
61480442
61478247
61479802
61479286
61480416
61480520
61494817
61480013
61479047
61480640
61480808
61494716
61480279
61479029
61480629
61480845
61480823
61480872
61481178
61481094
61479968
61495392
61478576
61494987
61480532
61479676
61481293
61479356
61479509
61481488
61481709
61479387
61479454
61480708
61481426
61481702
61495458
61481011
61480233
61481802
61481903
61496214
61481763
61481667
61481956
61480310
61495995
61481481
61480214
61482167
61480990
61496534
61482104
61481963
61482334
61482243
61496509
61482222
61482138
61482516
61481435
61496981
61482646
61482499
61482785
61481659
61480749
61481861
61482892
61483068
61480808
61480773
61481885
61480899
61482187
61483699
61483204
61483308
61481446
61483255
61481606
61497245
61482688
61482488
61484081
61483588
61481985
61483171
61497328
61483157
61481377
61483384
61481752
61497514
61483101
61481803
61483564
61482497
61497768
61483708
61481732
61498222
61483437
61482206
61483895
61484122
61498163
61483483
61482349
61484072
61484108
61483982
61484364
61482254
61482171
61498725
61482371
61483584
61484264
61484612
61484781
61484755
61483626
61499043
61484763
61484633
61484922
61483677
61482722
61483921
61484851
61485591
61485637
61485033
61483251
61499008
61499192
61483058
61484698
61483974
61485146
61485333
61483244
61483147
61484067
61485166
61485613
61484343
61499498
61485436
61485391
61485653
61483396
61483695
61500106
61485676
61484039
61486013
61484839
61483868
61484431
61485270
61486327
61484104
61500491
61500253
61485552
61485240
61486069
61486331
61484664
61500407
61485960
61484805
61486422
61486574
61500415
61486440
61500870
61483892
61484324
61485395
61486546
61486605
61485500
61500982
61486681
61486540
61486986
61484801
61484819
61500823
61486650
61485465
61487082
61487159
61487140
61485650
61501548
61487206
61486939
61487248
61501226
61487261
61485495
61487557
61485665
61487474
61487650
61485530
61485597
61486747
61487699
61487865
61486616
61502040
61486584
61485829
61487635
61486016
61487041
61488142
61502339
61487717
61486303
61488085
61488284
61502114
61488130
61487972
61488357
61486162
61487594
61487293
61487402
61488328
61488186
61488598
61486269
61488587
61487482
61503033
61488609
61488417
61488706
61486593
61486609
61487849
61488601
61488825
61502615
61486660
61487508
61488909
61487387
61489059
61489046
61489068
61487275
61503500
61489083
61487042
61489217
61487418
61503676
61489191
61488676
61487799
61487708
61489400
61487943
61503705
61502767
61488637
61487685
61489415
61489615
61503860
61489586
61489510
61489131
61488680
61489611
61489825
61487763
61487793
61488931
61489946
61490146
61503743
61487991
61488123
61489712
61489527
61488993
61488089
61488105
61489420
61490127
61490402
61488654
61504494
61489722
61488458
61489490
61490351
61490613
61490645
61504489
61489991
61489097
61489711
61490842
61490929
61488884
61488776
61488894
61489832
61491023
61491100
61491015
61491226
61489621
61505139
61491299
61489251
61491314
61491319
61505198
61490743
61489370
61490808
61490588
61489576
61491444
61492409
61491810
61490646
61506016
61491886
61489845
61491983
61492042
61506206
61489972
61506124
61491983
61490250
61492097
61492150
61506201
61492016
61490338
61492222
61492275
61506266
61490444
61506883
61492322
61490613
61492529
61492561
61506526
61492462
61490660
61490168
61492349
61492130
61492577
61492636
61490318
61492673
61506669
61507081
61490690
61491442
61492497
61492892
61490694
61490737
61492130
61507288
61492957
61492758
61493078
61491870
61507475
61491749
61493581
61493100
61491150
61507429
61491136
61491115
61491688
61492427
61491762
61493451
61493651
61507832
61493627
61491963
61493978
61494007
61507813
61493870
61492199
61492282
61492527
61494144
61494323
61492132
61492188
61492204
61493319
61494459
61494536
61492293
61494488
61494619
61492492
61492419
61493697
61494507
61494783
61492680
61492710
61493709
61494548
61493077
61493376
61494966
61495008
61495054
61493924
61509444
61493770
61494825
61495189
61509020
61495100
61493422
61495423
61494335
61509493
61493569
61493455
61494707
61496301
61495784
61494607
61510079
61494930
61495853
61495923
61493810
61509914
61493906
61509478
61495255
61494039
61495913
61494061
61496116
61494227
61510358
61494777
61494590
61496399
61496486
61510233
61494392
61510803
61496489
61494921
61496655
61496881
61511069
61496211
61494923
61496705
61496887
61496881
61495438
61511201
61496569
61495377
61497161
61495341
61510952
61497046
61495523
61495507
61497883
61497276
61497366
61495607
61511701
61496901
61495835
61497347
61497437
61511263
61497075
61495863
61497531
61497645
61497787
61496798
61512178
61495693
61512306
61512312
61498001
61496275
61498242
61498506
61512517
61497878
61496542
61498299
61498553
61512370
61496394
61512730
61506234
61505378
61506882
61507089
61504672
61521552
61507056
61505152
61505622
61505555
61506599
61507465
61505978
61521498
61507466
61507281
61507543
61506414
61521800
61507451
61505745
61507535
61505694
61521531
61521957
61521921
61504633
61505317
61506515
61507401
61507628
61507780
61505653
61505720
61507856
61507715
61508015
61505837
61507986
61506960
61522318
61507655
61522646
61522836
61508265
61506563
61508543
61508496
61506383
61506584
61507004
61508672
61508773
61523060
61508329
61507785
61509409
61508930
61506892
61508440
61508293
61509783
61509216
61508060
61522954
61507103
61523472
61523254
61508742
61507660
61509376
61509429
61507302
61507310
61509610
61507847
61508345
61507297
61509690
61507931
61508504
61508710
61507608
61523863
61524134
61507832
61509869
61509023
61508978
61508335
61508151
61509826
61508677
61510162
61508933
61509953
61510317
61508473
61524438
61509785
61508689
61510193
61510447
61508750
61524504
61509624
61510341
61510424
61508853
61510552
61510639
61509510
61524656
61510619
61510523
61510812
61509668
61524685
61524482
61510862
61509148
61510404
61508288
61508627
61525062
61525235
61508734
61510401
61510980
61510944
61511055
61509754
61509267
61511077
61511205
61508985
61509265
61509949
61511066
61510007
61509857
61511553
61511537
61510360
61525544
61511459
61509846
61511320
61511595
61511593
61509480
61509472
61510296
61511388
61511738
61511733
61526154
61511685
61509935
61510084
61510817
61511671
61511909
61510242
61526074
61511654
61510427
61512089
61512340
61509988
61512327
61512338
61526255
61511839
61510757
61512323
61512553
61526673
61512410
61510602
61512459
61512635
61511451
61510423
61512840
61510678
61526853
61511156
61527159
61512874
61512823
61513160
61510671
61527076
61512824
61511340
61513251
61513181
61511133
61511200
61511234
61511373
61513509
61513368
61513624
61511490
61527868
61527965
61513476
61511852
61513644
61513639
61527696
61513032
61511608
61511349
61511430
61512687
61513418
61513833
61527631
61511661
61512850
61513629
61513932
61511781
61514054
61514209
61513018
61528206
61513670
61512516
61514068
61514124
61528183
61513446
61512153
61528561
61512239
61513438
61514344
61514431
61513230
61528550
61514374
61512761
61513087
61514507
61530265
61516182
61514538
61516377
61516566
61530545
61516767
61515001
61516735
61516880
61530818
61530825
61530798
61514748
61515284
61516928
61517107
61514892
61515050
61515063
61515989
61517208
61517497
61515994
61531762
61516278
61517293
61517678
61515837
61531685
61517710
61517504
61517868
61517948
61516247
61516895
61518249
61518165
61532199
61517593
61517045
61518141
61518325
61532268
61516624
61517502
61519038
61518597
61516255
61516514
61517461
61518369
61518682
61517454
61532926
61517313
61518420
61518843
61516695
61516687
61516515
61517078
61518719
61518868
61516758
61516798
61517194
61518814
61518867
61516778
61518261
61518049
61518888
61519051
61516859
61533479
61519011
61518622
61518538
61519143
61519603
61517387
61519650
61533525
61519623
61517750
61519730
61519834
61533998
61519311
61518352
61519917
61520107
61518893
61534031
61519060
61518194
61520204
61518337
61519478
61520326
61519146
61518270
61518978
61520063
61520397
61518412
61520527
61518809
61534941
61518588
61519227
61520256
61519603
61520900
61521168
61521047
61534703
61520424
61519524
61520897
61521149
61521120
61521289
61520143
61535711
61521191
61519420
61521346
61521392
61535199
61535848
61519351
61520151
61521257
61521676
61521663
61521644
61519521
61520489
61520025
61535656
61521079
61520751
61521751
61521968
61520223
61536194
61521549
61520381
61522073
61522249
61520064
61519568
61519802
61520365
61522037
61522123
61521113
61536112
61521970
61520336
61522043
61522171
61520085
61520162
61522311
61520359
61522316
61520622
61536666
61522489
61522406
61522387
61523277
61522849
61520936
61537072
61521585
61520891
61522919
61522924
61536721
61522291
61522118
61522859
61523097
61521256
61537101
61522649
61522741
61523371
61521790
61523318
61523460
61522283
61521671
61537793
61521519
61523532
61521697
61522638
61522814
61521645
61523728
61523821
61537800
61523281
61522092
61523829
61523991
61522814
61538358
61523948
61523793
61522316
61522159
61524136
61524213
61522141
61538526
61524081
61522376
61524271
61524255
61538286
61523738
61523391
61524068
61524456
61524614
61523162
61524590
61524724
61538731
61524029
61522927
61524616
61524816
61522637
61522527
61523351
61524624
61524856
61524758
61524814
61524263
61524767
61523100
61539088
61524436
61523428
61525096
61525320
61539303
61539735
61523882
61523692
61524357
61525416
61523290
61523320
61523787
61525613
61525690
61523577
61523569
61524682
61525564
61525545
61525882
61525890
61524863
61540021
61523790
61525507
61524036
61525818
61526099
61539620
61525231
61524207
61525858
61525935
61524616
61524472
61524963
61540438
61525771
61524586
61525265
61526222
61525103
61540403
61526291
61524578
61525223
61524834
61526413
61526388
61524339
61524267
61526519
61526313
61526589
61524922
61540623
61526611
61526349
61526829
61524898
61526971
61527003
61540710
61540705
61524718
61525593
61526611
61526924
61525795
61541420
61527017
61526825
61527210
61526108
61524932
61525570
61527085
61527234
61527218
61527322
61525123
61525190
61526147
61526339
61526491
61525432
61527508
61527540
61526883
61541443
61526697
61525871
61527552
61527578
61541844
61527588
61525938
61527801
61527888
61527643
61527983
61528029
61542244
61527410
61526910
61527811
61528097
61526747
61526153
61528238
61528060
61528456
61528094
61528383
61527202
61542320
61528339
61526863
61528450
61528527
61527350
61542979
61528292
61527104
61526968
61528691
61528915
61526658
61526745
61527453
61528559
61528968
61527740
61543236
61528525
61528365
61526896
61527819
61529787
61529167
61527942
61543299
61529164
61527463
61527989
61529389
61528096
61543283
61527190
61527383
61528444
61529324
61529586
61527803
61543779
61529713
61527710
61529783
61529815
61543533
61529133
61528246
61529901
61529713
61529965
61530114
61529011
61528006
61529182
61529927
61530366
61528117
61528109
61529156
61530248
61530219
61530347
61527928
61544768
61530508
61528416
61528335
61529971
61530000
61530289
61530177
61530463
61528425
61528529
61530579
61530336
61530686
61530767
61544727
61530018
61529240
61530741
61531517
61530668
61531022
61529065
61544882
61530428
61529411
61531048
61531173
61544903
61530599
61529540
61530379
61529522
61545178
61530768
61530258
61531162
61531461
61545543
61530846
61529839
61530749
61531639
61529519
61530958
61530806
61531332
61529799
61531593
61531849
61530590
61545941
61531733
61529993
61531967
61531999
61545786
61531808
61530243
61531963
61532241
61546275
61531444
61531264
61546371
61531410
61531439
61530599
61532271
61532344
61531079
61530196
61531399
61532607
61532406
61531331
61530340
61532281
61531882
61531331
61532355
61532798
61530991
61530776
61531336
61532851
61532907
61546786
61532178
61532126
61533688
61533098
61531322
61533179
61533310
61534866
61546994
61530971
61530915
61532233
61532913
61533014
61533046
61547339
61532549
61531525
61533128
61533307
61531184
61547562
61533189
61531251
61533259
61533516
61533480
61533635
61531938
61547896
61533305
61532086
61532897
61534002
61531448
61531363
61548027
61533148
61532039
61533707
61533890
61548099
61533172
61532908
61533788
61533999
61531835
61531892
61533193
61533924
61534108
61534177
61534209
61534279
61548120
61532198
61533435
61534101
61534462
61532199
61532259
61534330
61532392
61534424
61532031
61532411
61532638
61548539
61532611
61534733
61534592
61534680
61532948
61548759
61534739
61532866
61534782
61534913
61532725
61532792
61533616
61533003
61534141
61534872
61535206
61533933
61549435
61535035
61533536
61535317
61535456
61549285
61534614
61534732
61534815
61535371
61535379
61534012
61535711
61535641
61537299
61533269
61533224
61534494
61535157
61535620
61535505
61533382
61535658
61535714
61535644
61533582
61533523
61534787
61536451
61535807
61534641
61533700
61534964
61536500
61535882
61533625
61550287
61534770
61535934
61536145
61536255
61549855
61534049
61536185
61535880
61536295
61533974
61535148
61536440
61550433
61535814
61534694
61536468
61536541
61534470
61535881
61534881
61536683
61536795
61550603
61536042
61535090
61536762
61536947
61535695
61536861
61535759
61550801
61550899
61536257
61535233
61536901
61537026
61550690
61534856
61535629
61536773
61537100
61535981
61537156
61535987
61551243
61537168
61535392
61537176
61537239
61551166
61536702
61535831
61537452
61537597
61535340
61535383
61535525
61536810
61536279
61537348
61537647
61535854
61551625
61537641
61537531
61537981
61536089
61551745
61537080
61536608
61537369
61537150
61537678
61536172
61537843
61538070
61535628
61537303
61536817
61538244
61538239
61536051
61536088
61552560
61537650
61537710
61536614
61537439
61538400
61536213
61536039
61552717
61538027
61536783
61537655
61538728
61537138
61538749
61538802
61552993
61538729
61537062
61538775
61538879
61553169
61538147
61537267
61537323
61537460
61538907
61539305
61536699
61553679
61539218
61537561
61539274
61539450
61553611
61538961
61538617
61537537
61539565
61539707
61537522
61537528
61539544
61539472
61538279
61539934
61539945
61538877
61537885
61539098
61539778
61540193
61540051
61553830
61538018
61538716
61539836
61540173
61540205
61554185
61538124
61538214
61554694
61540294
61538558
61541062
61541097
61540554
61540463
61554443
61539809
61538953
61540676
61540722
61554570
61539993
61539865
61540545
61540631
61541540
61541045
61540706
61539628
61555291
61540805
61548661
61550457
61550520
61564511
61548563
61549762
61550808
61550851
61548820
61548925
61549735
61550970
61550896
61549235
61549281
61550991
61551290
61549149
61549165
61549959
61551058
61551443
61551403
61549188
61549292
61550583
61551127
61551590
61550287
61565498
61551004
61549863
61550528
61551731
61549474
61549541
61550805
61551434
61550600
61550208
61551616
61551980
61551988
61549800
61551133
61550805
61551709
61552076
61550845
61549773
61565982
61550020
61551502
61551561
61551758
61552070
61552198
61552326
61551090
61550958
61552295
61551619
61552150
61550894
61552161
61552450
61551198
61566649
61551915
61550699
61552425
61552492
61566675
61552160
61550800
61552650
61552422
61552762
61552888
61550764
61550845
61551295
61552008
61553102
61550989
61551097
61552296
61552182
61553334
61552242
61551737
61552630
61553039
61551892
61567188
61553025
61551107
61553159
61553263
61551126
61551056
61552269
61552987
61551653
61554043
61553582
61552231
61567676
61552018
61552005
61553772
61553774
61553641
61551642
61567483
61551720
61552660
61568235
61553373
61552493
61553970
61554166
61552938
61568098
61554259
61552370
61554394
61554002
61554114
61554495
61554517
61568401
61553877
61553319
61554295
61554649
61553458
61568676
61552560
61568904
61554276
61553506
61554527
61554888
61553060
61568971
61554782
61553016
61554879
61553302
61554789
61555129
61553678
61569056
61554734
61553521
61555223
61555386
61568998
61554726
61553267
61555326
61555143
61555562
61555573
61554348
61569892
61555465
61555273
61555688
61555645
61554526
61553579
61570045
61555662
61553820
61554603
61555709
61556097
61554903
61570320
61556108
61554277
61554194
61555989
61556192
61553784
61556269
61554565
61570574
61554402
61556589
61554607
61556563
61556592
61570481
61555924
61555863
61556503
61556765
61556811
61570510
61554713
61571206
61556296
61555858
61556632
61556969
61556970
61570696
61554863
61555649
61556097
61556712
61555235
61555304
61557745
61557183
61557311
61571279
61556701
61555561
61556301
61557381
61556262
61571539
61555255
61557090
61556848
61557578
61555459
61555779
61558037
61557562
61556457
61571675
61557426
61556029
61557626
61556549
61557624
61557982
61555640
61558118
61556955
61572373
61557842
61557018
61557775
61558136
61555671
61572252
61557517
61557300
61558082
61558220
61557430
61558545
61556518
61572434
61556453
61557689
61558355
61558596
61558598
61572597
61572723
61556525
61573122
61558660
61558517
61559041
61557245
61573172
61558557
61557402
61559033
61558541
61558945
61557169
61559070
61559205
61557905
61573329
61557017
61559204
61557382
61557964
61559343
61557226
61557327
61557460
61559561
61559470
61558989
61558438
61559554
61559857
61558520
61573717
61559650
61557780
61559880
61558242
61574091
61559765
61558464
61559333
61559154
61558190
61558236
61559379
61560378
61559273
61574406
61558742
61558770
61560368
61560356
61558873
61559483
61560563
61558487
61558452
61559781
61560447
61560586
61560704
61560739
61560864
61560950
61574756
61558693
61560870
61560753
61561022
61559834
61575012
61560854
61559378
61560076
61561104
61559310
61561204
61561411
61560169
61575491
61560759
61560460
61561343
61559689
61561437
61561514
61559414
61561615
61561797
61560582
61575918
61559687
61560460
61561539
61561852
61561932
61575941
61559800
61576109
61575955
61559958
61561195
61561810
61562225
61561179
61561572
61559687
61559703
61560503
61559863
61561891
61562019
61559829
61576144
61561531
61560361
61561288
61561318
61562008
61562446
61561253
61576620
61562307
61560651
61562525
61562701
61576647
61562232
61561572
61562544
61562690
61562794
61562737
61562902
61563057
61561911
61577503
61563072
61561480
61563142
61563430
61563441
61562169
61563438
61562055
61563440
61563623
61577412
61561501
61562185
61561587
61563670
61563876
61561603
61561633
61563697
61561665
61577833
61563256
61562283
61563886
61563977
61561771
61578011
61563667
61563051
61564037
61562517
61562498
61564239
61564333
61563285
61578751
61564269
61562721
61564177
61564453
61563351
61563246
61564723
61564715
61578576
61562737
61563546
61562986
61564723
61564790
61564935
61562771
61562879
61578980
61563045
61563099
61565170
61563109
61565147
61565200
61563547
61566948
61563824
61579165
61562993
61563804
61564979
61564408
61565139
61565435
61565408
61579188
61563239
61563975
61563423
61565475
61565501
61579692
61564882
61563538
61579647
61565042
61564951
61565658
61565818
61565826
61579993
61565189
61564217
61565861
61565997
61564367
61566019
61566219
61563826
61564074
61565263
61566035
61566369
61566301
61564197
61566488
61580829
61564466
61564447
61565497
61566404
61566690
61565528
61580702
61566713
61564921
61566943
61566910
61564714
61567084
61567239
61567171
61580921
61566415
61566301
61566916
61567157
61567093
61567283
61566109
61567299
61567359
61565283
61565299
61566600
61567256
61567532
61566314
61581700
61565426
61567599
61567519
61567634
61567436
61568345
61567949
61567930
61581724
61565775
61567039
61568728
61567957
61566418
61581969
61567489
61566763
61567542
61582448
61567637
61566613
61566947
61567729
61568267
61566263
61581673
61567358
61567110
61567906
61568233
61566692
61582531
61567297
61582494
61567969
61567743
61568449
61568663
61568832
61582585
61566687
61568772
61568553
61568941
61568119
61567108
61569050
61568986
61569122
61567503
61583084
61567203
61567874
61569147
61569321
61569312
61568175
61569587
61567837
61583501
61568840
61568021
61569605
61569750
61568477
61583811
61569638
61568636
61569791
61568922
61584035
61567954
61568785
61569744
61570077
61570095
61583824
61567813
61568875
61568069
61569220
61570124
61568892
61568201
61570246
61570285
61584143
61568331
61570416
61568594
61570215
61570576
61570488
61570544
61570693
61568559
61568681
61569785
61570376
61570675
61569498
61584818
61570160
61584722
61585292
61569337
61570925
61570892
61570839
61571050
61569497
61585171
61570442
61569782
61570946
61570402
61570779
61568645
61584980
61568986
61585173
61570635
61569820
61571139
61571493
61569683
61585403
61571384
61569936
61571392
61571579
61571539
61571674
61571849
61571830
61585516
61569828
61570652
61571860
61572157
61572117
61570106
61570146
61570076
61586682
61571847
61570649
61572317
61572384
61586284
61570314
61571578
61572258
61572557
61572610
61587852
61573485
61572679
61574231
61574509
61573260
61588882
61574434
61572928
61574486
61574969
61575087
61574803
61575766
61575124
61575126
61588989
61573464
61575549
61575602
61589205
61573385
61574223
61575302
61575615
61574483
61589859
61575555
61573771
61575775
61576026
61573729
61573901
61590060
61573892
61576007
61575805
61576118
61573701
61590079
61576051
61574304
61576318
61576385
61590146
61575801
61574835
61576577
61574944
61575604
61576376
61576669
61574951
61590711
61573649
61574359
61575609
61576354
61575429
61576530
61575098
61576581
61576918
61575087
61591079
61576498
61575080
61576985
61577113
61575861
61590904
61574984
61576017
61575077
61575144
61576408
61577256
61577497
61576245
61591384
61575912
61575779
61577438
61577638
61576461
61591563
61577137
61576579
61578294
61577700
61575467
61577959
61575470
61592097
61577153
61577897
61576095
61577898
61578125
61575916
61592420
61575593
61576041
61591953
61577566
61577217
61578148
61578410
61578492
61577291
61578532
61576341
61592862
61577372
61578750
61577594
61593127
61578666
61576920
61578766
61578843
61577680
61593203
61593273
61579050
61576909
61578653
61577536
61578917
61579192
61579139
61579243
61577154
61577156
61578436
61579828
61579413
61579424
61593248
61577224
61579489
61577771
61593565
61579113
61578024
61579480
61579691
61578637
61594174
61593708
61579536
61577749
61579717
61578461
61577944
61579867
61579950
61593658
61577846
61580149
61578338
61580099
61580339
61594199
61579717
61578584
61578259
61580323
61578601
61580368
61580394
61594249
61578386
61579592
61580295
61580704
61579377
61594825
61580247
61579572
61595031
61580412
61579244
61580912
61581118
61579588
61595212
61580999
61579908
61579409
61580841
61581325
61580240
61581311
61581496
61580244
61595767
61581244
61579436
61581392
61581418
61579479
61579485
61580885
61579607
61581518
61581278
61581663
61581746
61581778
61581714
61595566
61579682
61581767
61579978
61581853
61582002
61579817
61579898
61580919
61595875
61581486
61580486
61582086
61582255
61579817
61595973
61580132
61582268
61580467
61582372
61582243
61581791
61582406
61582732
61580987
61596706
61582049
61581080
61583368
61582822
61581183
61582453
61580386
61582619
61582600
61581532
61580591
61596670
61582379
61581821
61582705
61582874
61582978
61597166
61583045
61581954
61597467
61583105
61581558
61583065
61583375
61581255
61581285
61582549
61581404
61583381
61583468
61583332
61583778
61583775
61581662
61581846
61583794
61582068
61583740
61584101
61584061
61584052
61584279
61582928
61598386
61584133
61582356
61584291
61584477
61583198
61598543
61583788
61584268
61584044
61583614
61584444
61584621
61582231
61598806
61583989
61583861
61584490
61584851
61582618
61584928
61583142
61598951
61584594
61583698
61584780
61585692
61584868
61585269
61585271
61599130
61583064
61599512
61584251
61599648
61584731
61585451
61583691
61585349
61585566
61585625
61583761
61600115
61585664
61585552
61599979
61585350
61584134
61585590
61585927
61584753
61599958
61585795
61584131
61585892
61586194
61587763
61583713
61586006
61584323
61600240
61600061
61600547
61584091
61585536
61585835
61586294
61586398
61586358
61600915
61600902
61600739
61600798
61600320
61601054
61586155
61585616
61586358
61586759
61586863
61600509
61584605
61585429
61586161
61586193
61586916
61586278
61586057
61586737
61587050
61587178
61600913
61585060
61587124
61587169
61587280
61586287
61587086
61587499
61587633
61585421
61585386
61586663
61587394
61587643
61586562
61602082
61586526
61585692
61587707
61587825
61601996
61587335
61586414
61587925
61588104
61588171
61588240
61588286
61602117
61586117
61587395
61588075
61588374
61588406
61588438
61588542
61588406
61588630
61588638
61602649
61588081
61587514
61586792
61588426
61588762
61586893
61602786
61586693
61602849
61603430
61588907
61587096
61588943
61588951
61587312
61602899
61586899
61589011
61588806
61589185
61588962
61586965
61588876
61589004
61589138
61587342
61603337
61588661
61587500
61589839
61589296
61589349
61588089
61587435
61588417
61603542
61589127
61588038
61588689
61589920
61587735
61587977
61589894
61587993
61590015
61590167
61604269
61604349
61604120
61588188
61590238
61588756
61590212
61590443
61590431
61588362
61604938
61590096
61589729
61590330
61590619
61590346
61591263
61590838
61590877
61604701
61590093
61589213
61590052
61591044
61588718
61604939
61590543
61589385
61590878
61591116
61589013
61588995
61589914
61589133
61589074
61590307
61600022
61601670
61602024
61602028
61616174
61600010
61601195
61602075
61601843
61601125
61602056
61601979
61602251
61602252
61616387
61602102
61600633
61602322
61602522
61600694
61602342
61602665
61602820
61616734
61601856
61601288
61602408
61602769
61600280
61616656
61602568
61602080
61602136
61616358
61600552
61602790
61600889
61602118
61603154
61602028
61617131
61617240
61602077
61617116
61601219
61603355
61601517
61603309
61603382
61601589
61617234
61602664
61601589
61617180
61601405
61601876
61603506
61603744
61602485
61617687
61617695
61601527
61603779
61601792
61602783
61602914
61603594
61604033
61604608
61604108
61604150
61617951
61602104
61602840
61603939
61604273
61602531
61618640
61604195
61618701
61618623
61603775
61603135
61604306
61604568
61604607
61603488
61618543
61604085
61602975
61603837
61604969
61618917
61603273
61602698
61619285
61604957
61604717
61605024
61603531
61604847
61605174
61605206
61603093
61619699
61605173
61603477
61605392
61605397
61605566
61605547
61604212
61619599
61604730
61604380
61603527
61620052
61605505
61603947
61604342
61604113
61605443
61605684
61605839
61604611
61620092
61605070
61605225
61605606
61603448
61620092
61605751
61603936
61605958
61606062
61620034
61605387
61605310
61606197
61606048
61604552
61606268
61606495
61620713
61620499
61604409
61605298
61606340
61606564
61606756
61604469
61620970
61606525
61606557
61606031
61606877
61604659
61606821
61606994
61620603
61606398
61605285
61607621
61607040
61607192
61605994
61621190
61605113
61607174
61605438
61606942
61607317
61605486
61607086
61607426
61605297
61621299
61605337
61607425
61607063
61606668
61607338
61607586
61605497
61606414
61607901
61605665
61605579
61607715
61607574
61607952
61607802
61621817
61607276
61606252
61606913
61607947
61606211
61607231
61608124
61622168
61607371
61607324
61607940
61608236
61607038
61622333
61606126
61622112
61607682
61606637
61608305
61608286
61606445
61608449
61606776
61608649
61608699
61607567
61606701
61607614
61606960
61606868
61608598
61608764
61606688
61606694
61608524
61606919
61607932
61607268
61608816
61609208
61609202
61607075
61607040
61608304
61607296
61607582
61609807
61609090
61607376
61609305
61609484
61608256
61623731
61608942
61608552
61610281
61609933
61608246
61624080
61609243
61608720
61609651
61609975
61609945
61608744
61610180
61609010
61624506
61610161
61608168
61610223
61610385
61609120
61624176
61609863
61608737
61610179
61610454
61609277
61624508
61624623
61608228
61624965
61609051
61608898
61610621
61610643
61610675
61624533
61608680
61609539
61610587
61610900
61608586
61608531
61625206
61608832
61625408
61610963
61609213
61611032
61611150
61609980
61625107
61609110
61609177
61610009
61610934
61611424
61610200
61625545
61610755
61609267
61625797
61610435
61625859
61609566
61611815
61625654
61609704
61611005
61611754
61612019
61611986
61611719
61609482
61626072
61611948
61610363
61611840
61612057
61609589
61625968
61610027
61611121
61612770
61612256
61612288
61612251
61612106
61612490
61612447
61626395
61610305
61612297
61610900
61612548
61612525
61611273
61626401
61610961
61626912
61611277
61626663
61610767
61612825
61611075
61613188
61613316
61612013
61627269
61612909
61611194
61611682
61611255
61612936
61613246
61613302
61627193
61611167
61613228
61611468
61613229
61613365
61611773
61613191
61613606
61613550
61611358
61628029
61613510
61612058
61613565
61613752
61612554
61627580
61612242
61612178
61614415
61613872
61614105
61611767
61628496
61628313
61628105
61611875
61613953
61612220
61614074
61614178
61613097
61628497
61614271
61612535
61614317
61614496
61612810
61614242
61614628
61612729
61628517
61614013
61613725
61613133
61615435
61614943
61615033
61628995
61612136
61628962
61614654
61614829
61613782
61628690
61612821
61629281
61614887
61613362
61615124
61615214
61613036
61613182
61614013
61615112
61615174
61615259
61615540
61615572
61613803
61629597
61613521
61615569
61614079
61616232
61615667
61613615
61613645
61615062
61615857
61615838
61614369
61616503
61615984
61614880
61629898
61615989
61614404
61616082
61616186
61615074
61630308
61615636
61615429
61616922
61616368
61614677
61615288
61616526
61615500
61630639
61616134
61614980
61616589
61616813
61616887
61630623
61615983
61615559
61617397
61616789
61615663
61630751
61614730
61630962
61616861
61615341
61616938
61617083
61615786
61631347
61616334
61616182
61616889
61615470
61616305
61617057
61617381
61617276
61631002
61615145
61615979
61617099
61617504
61615486
61631432
61617112
61616395
61617216
61617433
61617441
61615277
61615347
61617095
61615950
61617702
61617806
61616615
61615626
61616450
61617621
61618095
61616120
61632144
61617904
61616405
61617046
61618177
61617123
61632189
61616177
61618190
61616245
61618335
61618302
61632493
61632792
61615983
61632372
61617792
61617568
61618269
61616541
61617777
61618646
61632453
61616498
61616621
61633078
61618486
61617232
61618924
61619046
61616816
61633461
61618921
61617408
61618097
61619204
61618127
61633170
61618802
61618249
61633718
61618768
61618296
61619995
61619417
61619528
61617429
61617418
61619516
61619303
61619588
61619692
61633715
61619059
61618162
61618430
61619473
61618713
61619635
61619999
61619884
61617771
61617753
61619817
61618190
61620612
61619929
61619998
61633850
61617864
61619141
61620664
61618399
61618431
61619980
61620211
61620317
61634022
61619193
61634542
61619862
61618731
61620133
61620401
61619953
61618427
61621051
61620310
61620263
61620326
61619149
61634771
61620589
61618847
61620693
61620685
61620921
61621037
61621045
61621135
61618998
61635385
61620852
61619339
61620246
61621187
61619989
61635615
61619077
61619167
61619734
61619698
61621185
61621358
61620157
61635509
61620705
61620024
61619333
61621358
61621396
61619190
61620299
61619456
61635950
61620336
61619934
61621678
61621706
61619964
61635923
61621150
61620794
61621873
61622056
61622023
61622041
61622148
61622228
61620006
61619950
61621014
61621870
61622255
61621105
61636697
61622164
61620685
61621494
61622451
61620276
61622577
61622688
61636472
61620457
61621195
61620641
61622556
61622687
61636974
61622132
61622271
61620876
61622137
61622803
61623014
61623070
61621157
61637402
61623149
61622920
61623353
61621043
61637299
61621106
61622125
61637429
61621151
61637177
61622913
61621156
61623034
61623363
61621243
61621300
61622594
61622972
61621444
61622318
61621830
61623492
61623548
61622371
61637720
61622813
61623547
61622990
61637710
61638006
61621698
61622870
61623601
61623886
61622610
61637854
61623494
61622162
61623981
61622154
61622402
61624094
61624133
61623021
61637967
61622000
61624187
61622523
61624779
61624265
61624260
61622091
61624423
61624455
61622458
61622399
61623086
61624182
61624508
61624540
61623346
61638448
61624155
61623052
61622778
61624654
61623158
61625395
61624849
61623059
61639123
61624196
61623938
61624720
61624972
61625025
61624985
61625089
61625223
61624067
61639307
61625067
61623440
61625113
61625364
61623152
61639656
61639475
61639576
61624339
61639504
61623329
61625532
61623502
61625479
61625730
61623657
61623585
61624890
61625454
61625890
61624204
61625673
61625935
61624731
61625955
61624685
61639983
61623890
61639892
61623897
61623905
61624894
61623932
61624842
61626292
61626345
61626233
61626337
61626362
61626421
61626504
61626543
61626503
61626583
61626687
61626575
61626583
61626454
61626763
61626788
61624310
61625476
61626895
61626769
61626887
61626991
61624857
61624822
61626964
61625270
61627034
61627125
61625349
61640892
61625066
61625136
61627251
61625615
61627157
61627285
61627433
61627414
61627264
61628171
61627440
61627734
61627721
61627746
61627778
61627752
61626828
61627429
61627488
61627678
61627833
61627766
61641592
61642223
61644067
61628789
61629248
61629593
61628474
61643862
61629775
61628227
61629638
61629917
61628083
61644536
61644283
61628097
61644225
61629825
61628674
61630134
61630443
61628349
61644163
61628227
61629191
61628372
61644934
61630360
61628940
61630714
61630736
61628428
61644996
61629967
61644741
61630132
61629481
61631278
61630141
61630738
61630007
61629663
61629319
61631011
61631139
61644892
61630455
61630508
61645570
61630616
61629136
61630264
61645302
61629341
61630592
61631258
61631585
61631665
61645918
61630949
61630807
61632418
61631350
61631152
61631845
61631677
61631976
61630272
61645988
61629911
61632149
61631944
61632257
61629813
61646463
61631817
61631245
61632088
61630782
61632482
61630962
61632337
61632605
61631363
61646989
61631396
61630894
61631914
61630883
61631741
61632573
61632938
61632949
61630726
61630868
61632967
61632748
61633061
61633093
61633039
61633092
61633182
61633049
61633202
61633429
61631451
61647546
61632733
61631760
61633223
61633440
61631743
61634105
61633529
61633694
61632538
61647997
61633603
61631837
61632782
61633730
61631729
61648195
61647891
61632707
61647845
61633416
61632879
61633738
61634223
61633824
61633976
61632894
61648376
61633960
61632275
61632094
61633683
61632634
61634060
61634191
61632364
61648377
61632191
61634290
61632482
61633433
61634316
61648526
61632457
61633295
61634415
61634800
61634685
61632507
61632626
61633460
61632826
61634777
61634884
61634844
61634883
61634845
61635652
61635075
61635035
61632922
61633092
61635102
61633275
61635137
61635278
61649258
61633197
61633240
61649771
61635240
61633718
61636057
61635453
61635471
61633358
61649948
61635548
61633884
61636270
61634542
61634212
61635654
61635817
61635958
61633677
61650304
61635419
61634765
61635526
61635976
61635895
61633870
61633760
61650054
61650411
61635392
61634552
61636007
61636266
61636203
61650010
61634171
61636242
61636239
61635920
61635555
61636300
61636671
61636652
61634495
61634562
61636633
61635006
61635916
61636529
61636842
61636905
61636927
61636388
61636868
61636989
61634927
61651369
61636993
61635716
61636905
61637279
61637824
61636516
61637406
61637366
61635280
61651746
61636895
61636255
61637967
61637482
61637514
61637559
61637471
61637349
61637566
61637735
61636695
61652040
61637213
61637006
61637645
61637972
61638031
61635549
61637811
61638056
61638256
61637055
61652391
61636709
61636645
61638101
61638390
61638494
61636212
61638414
61638590
61637392
61652690
61637938
61637810
61638490
61638875
61638708
61636735
61652876
61639016
61638853
61636774
61652966
61638265
61638883
61637205
61638723
61639170
61637969
61653246
61637088
61637178
61637751
61637636
61640009
61639439
61639563
61637286
61653804
61639366
61637973
61639292
61637708
61640236
61639727
61639796
61638605
61653719
61639256
61638882
61639613
61639998
61639873
61638538
61637782
61654049
61639222
61639846
61638326
61639719
61638199
61639668
61639971
61638810
61654420
61640167
61638273
61638398
61640025
61640441
61640531
61654426
61638478
61640498
61638481
61640520
61640682
61639385
61638495
61655026
61638607
61640241
61639634
61638892
61640882
61640990
61639834
61655477
61640492
61640124
61640943
61641168
61641214
61639965
61640168
61655000
61640512
61641372
61639564
61641397
61641576
61639252
61655550
61639358
61641494
61641574
61640734
61639674
61641662
61641759
61641746
61655737
61656110
61641361
61640854
61641625
61642585
61640994
61642060
61639694
61656331
61641534
61640843
61640337
61642235
61642342
61639823
61640025
61656429
61656739
61642380
61640846
61641709
61642629
61640730
61656431
61640530
61642698
61641074
61641685
61642637
61643001
61642972
61641709
61657048
61640821
61642789
61641125
61642674
61642709
61642046
61643300
61641600
61642883
61641931
61657256
61641022
61643056
61641271
61643104
61643157
61643312
61640895
61657382
61642609
61642178
61643181
61643518
61643427
61641440
61657855
61641686
61643621
61641957
61643629
61643859
61643963
61641778
61658309
61643571
61642976
61643814
61643744
61642884
61644263
61643185
61658241
61643761
61643318
61644056
61644497
61644457
61642330
61658391
61658952
61642551
61644683
61643431
61644359
61644873
61644731
61643663
61659036
61644628
61642772
61644908
61643049
61644893
61644035
61645088
61645171
61643058
61659586
61644810
61644343
61643263
61645288
61645443
61643354
61659674
61659650
61645147
61645128
61644566
61655791
61656969
61657859
61655674
61672154
61657567
61656124
61656351
61657732
61658192
61658050
61671854
61656160
61658194
61656506
61658034
61658323
61658390
61658326
61658379
61656303
61672637
61657894
61672333
61656671
61656998
61657936
61658228
61657075
61656311
61672846
61658487
61657357
61658487
61658790
61658822
61656607
61656763
61659038
61657026
61658698
61658736
61659104
61659397
61656857
61673157
61657144
61659382
61657379
61659380
61659474
61657230
61657482
61673668
61657328
61659443
61658221
61657609
61659613
61659666
61658547
61674043
61673913
61673985
61659249
61659028
61659718
61659771
61659988
61660092
61658877
61674285
61657894
61660030
61658294
61659263
61660306
61660273
61660363
61674208
61659987
61659585
61660204
61660544
61660627
61659447
61674489
61659988
61659737
61658952
61660391
61660663
61660863
61660758
61659653
61674792
61660755
61659307
61660156
61660953
61658693
61659890
61675194
61659067
61659963
61660932
61661266
61661202
61675033
61659231
61661343
61660091
61660267
61659569
61661560
61661835
61661895
61663764
61660378
61675730
61660896
61660452
61661274
61661563
61661732
61660520
61675808
61661161
61661809
61659964
61660362
61662054
61662168
61660028
61660109
61662180
61660265
61661849
61662384
61662392
61660255
61660229
61676383
61662145
61661550
61663265
61662722
61662826
61660576
61677080
61662102
61662206
61662833
61661176
61662683
61663061
61663079
61661950
61676994
61662451
61661681
61662900
61663175
61663228
61663297
61661443
61677167
61661270
61663297
61661280
61663359
61663422
61662282
61677792
61662469
61677645
61661595
61662368
61663539
61663811
61661991
61677599
61661811
61663889
61662053
61663766
61663887
61664002
61664136
61677873
61662090
61664124
61662158
61664269
61664278
61678095
61678665
61678615
61663709
61663192
61664356
61664629
61663548
61678807
61663976
61664713
61663172
61664865
61664928
61665032
61663855
61666694
61663312
61664818
61663625
61678727
61664352
61663975
61664711
61665068
61665093
61663109
61679562
61665023
61665286
61663990
61663510
61664586
61665578
61664264
61679687
61665094
61664512
61665320
61665568
61665613
61665608
61664482
61679831
61665092
61664916
61665641
61666033
61666000
61663911
61680354
61665602
61665280
61665893
61666206
61666129
61666311
61664433
61680039
61680739
61666264
61664572
61666347
61666502
61665259
61680512
61664347
61666459
61664753
61666453
61666502
61664589
61680362
61664362
61666425
61666502
61664680
61666465
61666593
61665392
61664955
61664578
61664659
61666774
61664822
61666772
61666852
61664776
61681044
61666416
61666043
61666684
61667586
61667059
61667115
61664783
61680966
61666350
61665775
61665234
61667136
61667291
61666039
61681388
61665230
61667352
61665593
61667265
61667461
61666277
61669247
61664996
61665220
61681528
61666653
61666027
61665410
61667489
61667590
61665480
61665431
61666774
61667352
61667737
61667769
61665686
61682248
61667349
61666747
61667657
61667724
61668029
61668116
61666864
61682053
61665966
61666892
61667961
61668499
61668282
61666145
61682198
61682736
61667888
61666727
61668234
61668523
61666791
61682780
61668237
61667735
61668487
61668872
61668862
61666749
61666714
61667523
61668752
61666930
61668930
61668956
61667765
61683048
61666867
61668363
61668098
61668857
61669205
61667388
61683092
61667142
61669254
61667446
61668487
61669458
61667587
61683432
61668584
61668456
61669136
61669521
61667854
61683884
61668862
61668689
61669294
61669634
61669690
61669794
61669850
61683617
61667667
61669817
61668222
61669619
61669983
61669964
61667841
61667922
61668667
61668387
61668080
61669824
61670164
61669660
61669815
61668789
61683975
61669546
61669274
61668146
61668473
61670884
61670341
61669215
61668225
61684791
61670221
61668687
61670280
61670432
61668663
61684919
61685009
61670014
61669814
61670494
61670807
61670852
61684741
61668755
61670754
61669090
61668883
61671069
61671142
61669208
61685153
61669012
61669822
61669195
61670686
61671351
61669531
61671478
61685220
61669316
61671438
61671270
61671634
61671687
61670438
61669513
61686007
61669486
61671636
61670205
61671688
61671878
61671968
61669906
61669871
61671135
61671815
61672111
61672157
61672223
61670953
61686075
61671721
61670604
61672841
61672312
61671142
61686689
61672337
61671555
61670697
61671636
61672556
61671365
61686930
61672502
61670931
61672387
61672676
61672671
61670974
61686847
61670749
61671433
61670886
61672756
61673021
61670911
61687326
61672598
61672961
61686681
61670919
61672207
61672915
61673060
61673290
61673466
61671107
61671304
61673453
61671420
61673362
61673411
61673611
61671944
61687399
61671460
61672284
61673302
61673680
61673760
61672518
61671572
61687986
61671856
61673992
61672091
61673884
61673974
61671912
61688464
61673896
61672397
61674661
61674155
61674171
61672994
61688322
61688460
61673882
61672673
61674143
61674467
61672252
61688422
61672374
61674469
61672747
61674333
61674694
61674691
61674881
61673602
61688720
61674287
61673143
61674561
61674778
61674882
61673726
61688744
61689294
61672938
61675023
61674752
61675079
61675148
61672949
61672951
61675138
61673416
61674211
61675414
61675388
61673127
61672931
61689897
61675299
61673563
61674692
61675524
61673755
61689587
61673524
61674484
61674517
61674213
61675659
61675910
61673946
61689934
61673770
61675906
61674098
61674622
61673951
61673831
61675829
61675943
61674887
61689677
61673972
61676057
61675814
61676127
61676210
61674033
61690386
61690722
61674770
61674757
61675555
61676431
61674662
61690237
61690377
61675948
61675741
61676510
61676758
61676889
61674354
61690895
61674688
61676988
61675324
61676759
61677048
61677019
61674933
61674949
61675735
61675356
61676956
61677275
61675404
61676028
61691113
61675204
61677391
61675727
61677167
61677528
61675348
61691577
61676811
61676669
61675901
61677419
61677660
61677678
61676464
61691629
61677184
61676289
61677687
61677815
61677943
61677945
61678137
61675836
61692316
61677994
61676474
61677783
61678096
61678193
61675954
61675986
61692205
61677737
61676919
61678087
61678486
61676634
61692184
61676273
61678337
61676680
61676496
61678325
61678638
61678691
61692471
61676526
61678699
61676819
61678703
61679174
61678696
61678779
61676525
61692626
61693178
61678227
61678971
61677040
61678129
61679103
61677106
61677030
61679166
61677286
61679215
61679319
61677308
61693713
61693954
61679386
61677866
61679220
61679509
61677167
61693791
61678973
61678824
61677618
61678881
61679887
61679919
61680044
61677964
61694284
61679874
61678124
61678807
61680054
61680086
61693719
Peak: 62242137
Average: 60932533.14379085
